#!ascii label  , from subject sub-v1s21x0050419_ses-1 vox2ras=TkReg
9209
107207  15.125  -89.927  27.505 0.6000000238
106769  14.981  -90.411  26.686 0.5000000000
153  16.548  -90.851  26.458 0.6999999881
272  15.924  -90.378  27.053 0.5000000000
159  15.199  -91.140  25.375 0.4000000060
160  14.261  -90.965  25.104 0.2000000030
158  16.222  -91.242  25.680 0.5000000000
598  16.077  -87.640  27.813 0.8999999762
397  15.572  -88.501  27.453 0.6999999881
608  16.161  -88.244  27.020 0.8000000119
267  15.858  -89.505  27.384 0.6999999881
404  16.810  -89.511  26.841 0.8000000119
119999  17.013  -91.216  25.869 0.6999999881
270  17.233  -90.170  26.494 0.6999999881
168  15.783  -91.471  24.807 0.4000000060
169  14.809  -91.247  24.520 0.3000000119
595  14.177  -87.007  28.201 0.6999999881
114956  18.172  -86.849  28.148 0.8999999762
121464  16.588  -87.332  28.307 0.8999999762
592  16.007  -87.310  28.385 0.8000000119
394  14.953  -88.003  27.718 0.6999999881
117051  14.330  -88.302  27.875 0.6999999881
115152  17.798  -86.997  26.368 0.8999999762
857  16.714  -87.576  27.558 0.8999999762
268  14.336  -89.371  27.716 0.5000000000
1769  19.993  -84.888  20.426 1.0000000000
1445  19.461  -85.300  21.118 1.0000000000
1761  19.019  -84.813  21.888 1.0000000000
1152  18.330  -86.161  24.480 0.8999999762
1144  17.879  -86.859  25.629 0.8999999762
866  16.574  -87.786  26.575 0.8999999762
1459  20.055  -85.872  20.377 0.8999999762
1446  19.084  -85.694  21.881 1.0000000000
1153  17.937  -86.784  24.794 0.8999999762
874  17.141  -87.384  25.917 0.8999999762
117161  16.641  -88.047  25.724 0.8999999762
117151  14.249  -90.324  26.271 0.2000000030
897  19.227  -87.193  20.936 0.8999999762
1184  18.925  -86.577  21.788 0.8999999762
119740  18.497  -86.925  22.406 0.8999999762
880  16.933  -88.029  24.856 0.8999999762
420  16.806  -88.874  25.421 0.8000000119
412  17.211  -89.705  26.167 0.8000000119
161  13.523  -90.450  24.819 0.2000000030
48  16.273  -91.729  24.175 0.5000000000
119978  15.795  -91.783  23.482 0.3000000119
90  21.484  -91.226  17.988 0.3000000119
96  21.025  -91.272  17.538 0.3000000119
211  21.051  -90.749  16.910 0.2000000030
107884  21.730  -90.452  16.789 0.3000000119
215  21.091  -90.563  16.142 0.2000000030
1398  14.915  -85.631  28.283 0.8000000119
1704  15.726  -83.885  27.612 1.0000000000
1404  14.587  -84.870  27.303 0.6999999881
1122  14.012  -86.428  28.499 0.8000000119
1128  13.385  -86.292  28.420 0.4000000060
1394  15.498  -86.153  28.817 0.8000000119
596  13.041  -86.628  28.121 0.5000000000
1123  12.384  -86.768  28.258 0.4000000060
1392  17.020  -85.649  29.474 1.0000000000
1393  16.206  -86.144  29.001 0.8000000119
110982  14.707  -86.535  28.598 0.6999999881
1118  17.336  -86.418  29.000 0.8999999762
1391  17.878  -85.661  29.526 1.0000000000
1119  16.390  -86.579  28.808 0.8000000119
850  15.062  -86.820  28.603 0.8000000119
594  14.773  -87.085  28.401 0.6999999881
395  13.677  -87.927  27.864 0.5000000000
1390  18.529  -85.763  29.316 1.0000000000
1131  18.805  -86.252  28.269 0.8999999762
1117  17.969  -86.226  29.074 1.0000000000
390  15.024  -87.495  28.164 0.6999999881
114466  22.755  -81.149  19.575 0.6999999881
120989  21.341  -81.314  20.307 0.6999999881
2518  20.669  -82.563  20.177 0.8000000119
1137  18.057  -86.916  27.180 0.8999999762
104676  22.103  -82.284  19.383 0.8000000119
2530  21.552  -83.040  19.410 1.0000000000
2519  20.052  -83.055  20.803 0.8000000119
105486  18.454  -86.340  26.377 0.8999999762
1402  19.333  -85.753  27.995 0.8999999762
2529  22.525  -82.909  19.273 0.8999999762
2153  21.275  -84.074  19.445 0.8999999762
1768  20.536  -84.466  19.769 1.0000000000
2132  19.437  -83.476  21.536 0.8000000119
1753  18.710  -84.351  22.687 1.0000000000
1416  18.536  -85.416  24.222 0.8999999762
108150  18.599  -85.620  24.949 0.8999999762
122711  20.867  -88.022  22.282 0.8999999762
1200  20.636  -86.491  19.787 1.0000000000
1458  20.582  -85.435  19.742 0.8999999762
1431  18.616  -86.045  22.681 1.0000000000
1423  18.362  -86.059  23.629 0.8999999762
645  20.905  -88.129  21.402 0.8999999762
118129  19.450  -88.446  20.386 0.8999999762
911  18.858  -88.206  20.778 0.8999999762
889  17.962  -87.738  22.580 0.8999999762
884  17.700  -87.528  23.555 0.8999999762
622  17.115  -88.912  24.303 0.8999999762
628  20.670  -88.550  23.549 0.8999999762
424  20.732  -89.342  23.315 0.8999999762
452  19.493  -89.526  20.596 0.8999999762
434  17.957  -89.711  22.435 0.8999999762
638  17.738  -88.769  22.473 0.8999999762
419  17.412  -89.812  25.208 0.8999999762
276  21.161  -90.224  25.348 0.8999999762
102834  20.965  -89.875  23.432 0.8999999762
289  20.618  -90.176  22.371 0.8999999762
302  19.272  -90.538  21.645 0.8999999762
299  18.346  -90.532  22.862 0.8999999762
165  18.309  -91.059  24.153 0.6999999881
166  17.804  -91.322  24.517 0.6999999881
163  22.109  -90.315  23.748 0.8000000119
178  21.883  -90.176  22.688 0.8000000119
121789  20.513  -90.866  21.960 0.6999999881
50  20.272  -91.250  21.744 0.6999999881
175  18.557  -91.315  22.949 0.5000000000
61  18.378  -92.105  22.402 0.5000000000
53  17.600  -91.807  23.741 0.6000000238
54  16.637  -92.016  23.469 0.5000000000
431  23.139  -89.582  22.708 0.6999999881
106697  21.791  -90.511  21.815 0.6999999881
185  21.436  -91.043  21.445 0.6000000238
59  20.050  -91.565  21.768 0.6000000238
70  18.789  -92.135  21.610 0.5000000000
108163  17.869  -92.209  21.277 0.4000000060
80  16.385  -91.834  20.768 0.3000000119
450  23.196  -89.123  20.283 0.6000000238
109514  23.002  -89.317  21.008 0.6000000238
305  22.528  -89.819  20.462 0.6000000238
189  22.011  -90.654  20.399 0.6000000238
190  21.572  -91.230  20.599 0.6000000238
109968  21.435  -91.713  19.675 0.6000000238
111471  18.993  -92.317  19.986 0.4000000060
674  24.600  -88.152  18.105 0.5000000000
675  23.845  -88.311  18.826 0.5000000000
456  23.150  -89.146  19.315 0.5000000000
122702  22.277  -90.371  19.910 0.6000000238
108889  22.174  -90.677  19.148 0.6000000238
84  21.264  -92.010  18.853 0.4000000060
92  20.605  -92.137  18.357 0.4000000060
109599  23.835  -88.385  17.924 0.5000000000
102956  22.638  -89.837  18.891 0.3000000119
201  21.915  -90.807  18.274 0.5000000000
110056  20.368  -90.903  17.463 0.2000000030
693  25.176  -89.014  16.545 0.5000000000
686  23.599  -88.687  17.364 0.3000000119
464  23.087  -89.217  17.138 0.3000000119
318  22.011  -90.370  17.618 0.2000000030
325  22.303  -90.214  15.963 0.2000000030
210  21.558  -90.488  16.274 0.2000000030
106107  20.688  -90.447  16.112 0.2000000030
694  23.867  -88.868  16.561 0.3000000119
113120  23.701  -89.396  15.868 0.2000000030
106347  22.346  -89.755  15.091 0.2000000030
113771  25.567  -89.363  16.102 0.3000000119
329  22.997  -89.722  15.461 0.2000000030
491  23.181  -89.562  14.699 0.2000000030
488  26.702  -88.807  14.526 0.2000000030
478  24.618  -89.332  15.663 0.2000000030
490  24.334  -89.250  14.743 0.2000000030
334  22.517  -89.440  14.315 0.2000000030
489  25.583  -88.885  14.544 0.2000000030
114291  25.415  -88.855  13.768 0.2000000030
498  24.607  -89.090  13.877 0.2000000030
721  24.048  -88.775  13.563 0.2000000030
1714  14.420  -83.586  26.912 0.8000000119
1400  12.935  -85.742  27.725 0.4000000060
1405  13.633  -84.734  26.825 0.4000000060
2075  13.638  -83.557  26.666 0.6000000238
1697  16.532  -84.807  29.356 1.0000000000
1396  16.443  -85.319  29.061 1.0000000000
1406  12.466  -85.183  26.765 0.4000000060
1411  12.856  -84.271  26.362 0.4000000060
110452  13.048  -83.806  26.390 0.6000000238
1689  16.919  -84.778  30.484 1.0000000000
602  12.294  -87.572  27.538 0.3000000119
1688  18.216  -84.523  30.752 1.0000000000
1389  17.653  -84.944  30.361 1.0000000000
1695  19.698  -84.577  29.177 1.0000000000
3344  23.820  -80.481  19.800 0.8000000119
3333  22.470  -79.952  19.844 0.6999999881
3334  21.695  -80.445  20.388 0.6999999881
1724  19.480  -84.716  26.039 1.0000000000
1408  19.772  -85.074  27.718 1.0000000000
2528  23.075  -82.637  19.518 0.8999999762
2920  22.767  -81.981  19.451 0.8999999762
2902  20.479  -81.521  21.592 0.8000000119
2509  19.786  -82.728  21.609 0.8000000119
1413  18.848  -85.520  25.757 0.8999999762
2152  22.235  -83.859  19.300 0.8999999762
1468  21.669  -85.301  19.738 1.0000000000
2495  19.431  -82.842  22.300 0.8000000119
1732  19.368  -84.082  24.785 0.8999999762
1733  19.007  -84.824  24.913 0.8999999762
1467  22.069  -85.064  20.035 0.8999999762
1457  21.758  -85.812  20.274 1.0000000000
119506  21.473  -86.105  19.848 1.0000000000
1744  18.949  -84.184  24.155 0.8999999762
110683  21.227  -87.352  24.951 0.8999999762
2110  18.939  -83.652  23.394 0.8000000119
105448  21.095  -88.093  25.425 0.8999999762
410  21.131  -89.468  26.169 0.8999999762
401  24.044  -88.301  26.822 0.8999999762
417  22.982  -89.502  25.268 0.8000000119
408  24.053  -88.981  25.855 0.8999999762
430  24.183  -89.080  22.597 0.6000000238
423  23.816  -89.291  23.545 0.6999999881
113418  24.535  -89.091  23.394 0.8000000119
449  23.671  -88.751  21.070 0.6000000238
114853  24.984  -89.052  22.956 0.6999999881
112313  26.263  -88.129  18.816 0.6999999881
668  25.592  -88.303  19.400 0.6000000238
658  25.009  -88.382  20.248 0.6000000238
437  25.182  -88.864  21.494 0.6000000238
436  26.098  -89.005  21.619 0.8000000119
672  25.980  -87.877  17.842 0.6000000238
673  25.490  -88.024  18.421 0.6000000238
684  25.419  -88.354  17.287 0.5000000000
471  25.962  -89.171  16.219 0.4000000060
469  27.598  -89.426  15.665 0.4000000060
487  27.465  -88.843  15.119 0.4000000060
495  27.347  -88.556  13.568 0.3000000119
502  26.780  -88.603  13.203 0.1000000015
503  25.825  -88.572  13.295 0.2000000030
733  25.419  -88.118  12.890 0.2000000030
105689  15.151  -83.868  27.160 1.0000000000
2064  13.948  -83.236  27.073 0.8999999762
2050  16.159  -84.011  28.410 1.0000000000
112298  12.494  -83.762  27.754 0.8000000119
1130  11.895  -86.749  28.031 0.3000000119
2066  11.881  -83.974  27.272 0.8000000119
104231  16.444  -84.152  31.074 1.0000000000
2037  16.265  -84.314  29.852 1.0000000000
1407  11.575  -85.823  26.801 0.3000000119
1715  12.250  -84.208  26.390 0.3000000119
2076  12.457  -83.916  26.543 0.6999999881
122824  11.114  -84.174  27.989 0.8000000119
867  10.890  -87.391  26.690 0.3000000119
2024  17.943  -83.806  31.175 1.0000000000
2023  18.774  -83.872  30.585 1.0000000000
2415  18.376  -83.224  30.781 1.0000000000
2428  19.044  -82.889  30.121 0.8999999762
2036  19.477  -83.815  29.787 1.0000000000
121777  19.523  -83.034  29.288 0.8000000119
2909  24.018  -80.901  20.129 0.8999999762
110499  22.120  -79.155  21.964 0.8000000119
3325  21.251  -80.364  21.596 0.8000000119
1712  20.097  -84.550  27.018 1.0000000000
2061  20.180  -83.510  27.912 1.0000000000
2445  20.215  -82.832  27.398 0.8000000119
2900  23.786  -81.691  20.471 0.8999999762
2910  23.546  -81.453  19.885 0.8999999762
123342  22.411  -78.848  22.389 0.8000000119
3771  21.579  -79.774  22.287 0.8000000119
3316  20.756  -80.889  21.880 0.8000000119
105085  20.343  -83.917  26.155 0.8000000119
2074  20.513  -83.747  27.138 0.8000000119
115063  23.420  -82.466  20.381 0.8000000119
2130  23.068  -83.003  20.748 0.8999999762
121582  20.774  -80.864  23.184 0.8000000119
105665  20.118  -81.861  23.040 0.8000000119
106261  19.666  -82.453  23.015 0.8000000119
2469  20.069  -82.905  24.556 0.8000000119
1444  21.573  -84.997  21.656 0.8999999762
115640  21.699  -85.664  21.065 0.8999999762
2097  19.436  -83.559  24.290 0.8000000119
1151  21.594  -86.654  25.114 0.8999999762
883  20.877  -86.860  24.177 1.0000000000
864  21.557  -88.125  26.240 1.0000000000
863  22.209  -88.018  26.667 1.0000000000
605  24.444  -87.593  26.700 0.8999999762
414  25.463  -88.912  24.735 0.8999999762
656  26.950  -88.769  20.452 0.8000000119
643  27.041  -88.816  21.315 0.8000000119
108472  25.730  -88.999  23.038 0.8000000119
110630  26.625  -88.537  19.628 0.6999999881
447  26.374  -88.874  20.889 0.6999999881
427  26.945  -88.725  22.224 0.8999999762
927  26.401  -87.771  17.410 0.6000000238
950  28.270  -88.644  15.963 0.5000000000
943  26.891  -88.706  16.243 0.5000000000
691  28.078  -89.279  16.126 0.6000000238
719  28.180  -87.925  14.190 0.5000000000
720  27.821  -88.224  13.803 0.4000000060
2062  15.538  -83.624  27.872 1.0000000000
2063  14.738  -83.417  27.497 1.0000000000
111303  15.769  -83.781  29.005 1.0000000000
115122  14.354  -83.634  29.181 1.0000000000
118849  15.880  -83.631  31.309 1.0000000000
1133  11.435  -86.652  27.403 0.3000000119
2042  11.858  -84.018  30.029 1.0000000000
2025  16.483  -83.484  31.405 1.0000000000
1139  10.865  -86.718  26.520 0.3000000119
1138  11.062  -85.813  26.295 0.3000000119
123213  17.262  -83.545  31.435 1.0000000000
2416  16.903  -82.923  31.434 1.0000000000
106089  11.001  -88.218  25.452 0.3000000119
116833  10.781  -87.688  25.697 0.3000000119
110775  10.640  -86.842  25.218 0.3000000119
1414  10.889  -85.147  25.852 0.3000000119
2077  11.430  -84.336  26.653 0.6000000238
116841  17.716  -83.051  31.180 1.0000000000
2087  9.901  -84.207  25.458 0.4000000060
111515  10.184  -84.248  26.829 0.6999999881
2816  18.771  -81.885  29.855 1.0000000000
2802  17.418  -82.267  30.675 1.0000000000
2427  19.297  -82.216  29.328 0.8000000119
4239  22.799  -78.525  21.709 0.6999999881
2436  19.764  -82.674  28.435 0.8000000119
3324  25.001  -80.140  21.067 0.8000000119
3751  22.388  -79.021  23.656 0.8000000119
2889  23.952  -81.424  21.624 0.8000000119
108394  21.458  -79.870  23.155 0.8000000119
2459  20.485  -82.851  25.461 0.8000000119
109058  20.584  -83.005  26.383 0.8000000119
2131  22.345  -83.520  21.385 0.8000000119
3299  20.920  -80.789  23.860 0.6999999881
2877  20.507  -81.390  23.479 0.8000000119
2468  20.661  -82.105  24.908 0.8000000119
2458  20.423  -81.957  25.903 0.8000000119
1430  21.022  -84.702  22.948 0.8999999762
2481  20.179  -82.161  23.856 0.8000000119
1162  21.935  -86.006  25.046 0.8999999762
1142  22.323  -86.834  25.632 0.8999999762
873  22.288  -87.478  26.230 0.8999999762
872  23.231  -87.399  26.264 0.8999999762
861  24.041  -87.631  26.926 0.8999999762
406  25.545  -88.456  25.900 0.8999999762
619  26.371  -88.561  25.029 0.8999999762
627  26.789  -88.559  24.102 0.8999999762
666  27.610  -88.298  19.907 0.8999999762
655  27.816  -88.472  20.900 1.0000000000
634  26.693  -88.662  23.198 0.8999999762
421  26.052  -88.863  23.930 0.8999999762
667  26.997  -88.286  19.135 0.8999999762
117453  26.912  -87.521  17.726 0.6999999881
934  27.498  -87.221  17.564 0.8000000119
1231  28.017  -86.459  15.205 0.5000000000
103096  27.506  -87.220  15.919 0.6999999881
949  28.243  -87.686  15.156 0.5000000000
959  28.296  -87.745  14.481 0.5000000000
108181  28.169  -87.615  12.958 0.5000000000
971  27.795  -87.858  12.632 0.4000000060
972  27.207  -87.700  12.485 0.2000000030
1245  28.094  -86.948  13.409 0.5000000000
743  27.019  -88.035  12.377 0.1000000015
1246  27.168  -86.424  13.068 0.5000000000
2027  14.201  -83.590  31.158 1.0000000000
2039  14.929  -83.788  30.108 1.0000000000
2043  10.847  -83.813  29.893 0.8999999762
2018  14.544  -83.112  31.499 1.0000000000
2019  13.628  -83.174  31.355 1.0000000000
2040  13.808  -83.993  30.333 1.0000000000
2044  9.935  -83.353  29.716 0.8999999762
111152  15.633  -82.398  30.995 1.0000000000
2017  15.514  -83.189  31.447 1.0000000000
2804  14.051  -82.156  30.839 1.0000000000
2056  9.464  -83.520  28.638 0.8000000119
115713  16.283  -81.427  29.871 1.0000000000
120252  16.435  -82.161  30.698 1.0000000000
115268  10.865  -88.177  25.044 0.3000000119
2068  9.298  -83.801  27.058 0.6999999881
3228  17.545  -80.984  29.356 0.8999999762
2818  17.069  -81.523  29.992 1.0000000000
1726  10.142  -84.609  24.897 0.4000000060
2078  9.597  -83.982  26.190 0.5000000000
2088  9.095  -83.640  25.424 0.5000000000
109328  9.020  -83.640  24.561 0.4000000060
2102  8.456  -83.118  24.830 0.6000000238
104941  19.444  -79.986  28.750 0.6999999881
117838  19.068  -81.498  29.323 0.8000000119
2473  7.882  -82.526  24.536 0.6000000238
2838  19.900  -80.993  27.763 0.6999999881
2829  19.510  -81.522  28.767 0.8000000119
4213  23.195  -78.601  23.730 0.6999999881
3743  21.980  -79.446  24.317 0.6999999881
2451  20.064  -81.912  26.919 0.8000000119
105769  19.821  -81.972  27.835 0.8000000119
2888  24.089  -81.243  22.609 0.8000000119
2506  23.332  -82.233  21.459 0.8000000119
3288  21.340  -80.025  24.023 0.6999999881
2854  20.522  -80.972  25.415 0.6999999881
2507  22.520  -82.831  21.959 0.8000000119
2119  21.918  -83.400  22.559 0.8000000119
3289  20.930  -80.523  24.708 0.6999999881
2865  20.702  -81.351  24.358 0.8000000119
1743  20.910  -84.433  23.905 0.8999999762
1150  23.141  -86.746  25.285 0.8999999762
871  24.342  -87.331  26.290 0.8999999762
106287  25.183  -87.291  26.960 0.8000000119
611  26.275  -88.037  26.324 0.8000000119
618  27.316  -88.328  24.717 0.8000000119
626  27.571  -88.355  23.890 0.8000000119
917  28.584  -87.905  19.667 0.8999999762
115044  28.579  -88.083  20.495 1.0000000000
642  28.015  -88.412  21.946 0.8999999762
918  27.695  -87.892  19.054 0.8999999762
925  28.592  -87.280  18.287 0.8999999762
1217  27.364  -86.975  16.714 0.8000000119
1223  27.882  -86.291  16.739 0.8000000119
1505  27.539  -84.786  15.339 0.8000000119
102409  27.734  -85.612  15.029 0.8000000119
1514  27.425  -85.338  14.664 0.5000000000
1240  28.025  -86.197  14.297 0.5000000000
1518  27.479  -85.921  13.855 0.5000000000
1830  26.929  -84.841  14.215 0.6000000238
1519  26.645  -85.319  13.374 0.5000000000
1528  26.176  -85.758  12.471 0.5000000000
1255  26.558  -86.937  12.511 0.5000000000
2244  25.770  -83.048  11.853 0.5000000000
1852  25.614  -83.868  12.029 0.5000000000
1851  26.002  -84.556  12.702 0.5000000000
1864  25.552  -83.651  11.107 0.5000000000
1879  25.292  -84.197  10.507 0.5000000000
1529  25.672  -84.918  12.008 0.5000000000
1545  25.694  -85.646  11.698 0.5000000000
117815  25.925  -82.811  9.718 0.5000000000
2256  25.488  -83.463  10.210 0.5000000000
110641  24.929  -84.100  9.730 0.5000000000
1890  24.639  -84.404  8.989 0.5000000000
2645  25.491  -82.833  8.963 0.5000000000
2264  24.827  -83.441  8.798 0.5000000000
1590  24.357  -84.765  7.776 0.4000000060
2282  24.900  -83.209  7.385 0.5000000000
110344  23.881  -85.831  7.131 0.4000000060
2041  12.835  -84.005  30.201 1.0000000000
106009  8.723  -83.012  28.342 1.0000000000
2020  12.709  -83.133  31.184 1.0000000000
2030  11.109  -82.851  31.202 1.0000000000
2031  10.440  -83.088  30.835 0.8999999762
110623  15.053  -81.427  29.806 1.0000000000
2803  14.905  -82.101  30.708 1.0000000000
2446  8.563  -83.113  27.332 0.6999999881
3247  16.051  -80.345  28.677 1.0000000000
3230  15.637  -81.001  29.305 1.0000000000
2452  8.270  -82.864  26.536 0.8999999762
3246  17.000  -80.353  28.760 0.8999999762
3695  16.475  -79.692  28.253 0.8000000119
3696  15.571  -79.693  28.210 0.8000000119
3248  15.145  -80.339  28.618 0.8000000119
2079  8.826  -83.443  26.399 0.6999999881
2089  8.346  -83.040  25.777 0.8000000119
104986  7.726  -82.295  26.082 0.8000000119
3245  17.978  -80.396  28.900 0.8999999762
3694  17.424  -79.688  28.371 0.8000000119
2460  7.981  -82.614  25.300 0.6999999881
2869  7.363  -81.837  24.515 0.8000000119
2500  7.522  -82.174  23.276 0.6999999881
3758  7.391  -80.064  24.227 0.8000000119
3244  19.665  -80.488  28.594 0.6999999881
2846  20.156  -80.976  26.500 0.6999999881
3261  20.458  -80.080  28.220 0.6999999881
104433  23.385  -81.841  22.802 0.8000000119
2492  22.826  -82.418  22.563 0.8000000119
3730  22.444  -79.523  25.092 0.6999999881
3278  21.440  -79.908  25.054 0.6999999881
3279  20.809  -80.234  25.477 0.6999999881
2109  21.899  -83.525  23.584 0.8000000119
1421  21.554  -85.003  24.477 0.8999999762
1149  24.553  -86.924  24.896 0.8999999762
877  25.845  -86.908  24.925 0.8999999762
870  25.510  -86.948  26.292 0.8999999762
1148  27.274  -86.643  25.525 0.8999999762
118954  28.080  -87.061  26.261 0.8000000119
624  29.345  -87.829  23.015 0.8999999762
868  28.345  -87.457  25.211 0.8000000119
617  28.216  -88.076  24.619 0.8000000119
117117  29.231  -87.742  20.226 1.0000000000
641  29.023  -88.046  22.116 1.0000000000
632  28.806  -88.101  22.779 1.0000000000
106556  29.401  -87.324  18.850 1.0000000000
1484  28.515  -86.093  17.029 0.8999999762
1829  27.296  -84.200  14.908 0.6999999881
1497  28.088  -85.552  16.396 0.8000000119
120911  8.531  -81.568  9.885 0.6000000238
3013  7.777  -81.209  9.309 0.6000000238
1818  27.875  -84.106  15.306 0.8000000119
1504  28.125  -84.594  15.857 0.8999999762
2221  26.107  -83.191  13.409 0.6000000238
114024  27.220  -83.274  14.464 0.6999999881
2205  27.899  -83.425  14.902 0.8999999762
2642  8.670  -82.242  9.151 0.6000000238
2235  25.925  -82.525  12.497 0.6000000238
2632  9.199  -82.318  9.982 0.5000000000
2629  25.938  -82.938  10.916 0.5000000000
2628  26.515  -82.746  10.407 0.5000000000
2280  26.420  -83.375  6.885 0.6000000238
2271  26.354  -82.848  7.716 0.5000000000
2627  27.025  -82.837  10.013 0.6999999881
2281  25.539  -82.998  7.128 0.5000000000
2295  24.955  -83.452  6.694 0.5000000000
1909  23.971  -84.458  6.418 0.5000000000
1921  25.148  -83.972  6.067 0.5000000000
1591  24.082  -84.876  7.142 0.4000000060
1922  24.493  -84.032  6.287 0.5000000000
1923  23.351  -84.726  5.965 0.4000000060
1602  23.443  -85.063  6.494 0.4000000060
2430  9.628  -82.593  30.545 0.8999999762
2438  8.141  -82.413  27.996 1.0000000000
2847  7.572  -81.493  26.744 1.0000000000
3280  7.265  -81.251  25.837 0.8999999762
2856  7.229  -81.413  25.071 0.8000000119
3293  7.037  -81.053  24.437 0.8000000119
3776  6.838  -79.952  23.249 0.6999999881
103892  20.577  -80.257  27.061 0.6999999881
106138  23.994  -81.528  23.587 0.8000000119
119119  22.890  -82.575  23.457 0.8000000119
3268  20.996  -79.956  26.041 0.6999999881
1742  21.572  -84.129  24.167 0.8000000119
114882  23.749  -86.369  24.219 0.8000000119
124085  25.066  -86.869  24.080 0.8000000119
106170  26.738  -86.794  24.203 0.8000000119
1140  28.364  -86.756  25.848 0.6999999881
875  29.466  -87.203  24.132 0.8999999762
887  29.826  -87.055  23.113 0.8999999762
654  29.363  -87.701  20.958 1.0000000000
631  29.533  -87.561  22.577 0.8999999762
916  29.530  -87.467  19.565 1.0000000000
1206  29.733  -86.850  18.436 1.0000000000
924  30.261  -87.067  19.156 0.8999999762
1483  29.477  -86.263  17.638 1.0000000000
1808  28.892  -84.984  16.371 1.0000000000
3944  8.138  -79.958  6.937 0.8000000119
120146  7.545  -81.170  8.729 0.8000000119
3465  7.251  -80.828  8.275 0.6999999881
2194  28.495  -83.763  15.365 0.8999999762
3032  8.341  -81.057  7.530 0.8000000119
3012  8.042  -81.652  8.874 0.6000000238
3466  7.190  -80.025  7.704 0.6999999881
2592  27.291  -82.148  13.396 0.8000000119
2575  27.861  -82.605  14.290 0.8999999762
2651  8.555  -81.944  8.331 0.8000000119
2593  26.420  -82.413  13.410 0.8000000119
107384  27.606  -82.163  12.554 1.0000000000
106761  28.345  -82.222  13.194 0.8999999762
2641  9.337  -82.781  9.346 0.5000000000
2650  9.162  -82.560  8.614 0.6000000238
2616  26.458  -82.540  11.443 0.6000000238
2615  27.180  -82.671  11.008 0.8000000119
2255  27.540  -83.140  10.437 0.8999999762
2243  27.860  -82.937  11.030 0.8999999762
2279  27.100  -83.486  7.518 0.6999999881
2270  27.063  -82.947  8.377 0.8000000119
1878  27.396  -83.286  9.698 0.8999999762
1877  27.952  -84.085  10.153 0.8000000119
1906  27.470  -84.444  7.386 0.6000000238
1895  27.481  -84.030  8.359 0.6999999881
1613  26.168  -85.214  5.797 0.6999999881
1920  26.320  -84.290  6.280 0.6999999881
1931  24.696  -84.630  5.585 0.5000000000
123600  24.526  -84.197  5.902 0.5000000000
2437  9.072  -82.672  29.442 1.0000000000
116947  8.434  -82.338  28.802 1.0000000000
3292  7.458  -80.409  25.152 0.8000000119
4230  7.644  -79.259  23.568 0.8000000119
3792  6.402  -79.284  21.387 0.4000000060
3320  6.684  -79.758  22.218 0.6000000238
113502  6.889  -79.037  22.909 0.8000000119
114133  21.439  -80.032  26.732 0.6999999881
4283  5.572  -78.257  20.587 0.3000000119
2457  23.384  -82.955  24.891 0.8000000119
2096  23.095  -83.510  24.548 0.8000000119
1730  23.079  -84.326  24.475 0.8000000119
1731  22.461  -83.937  24.295 0.8000000119
1420  23.992  -85.828  23.504 0.8000000119
1159  25.501  -86.754  23.427 0.8000000119
122805  26.346  -86.722  23.111 0.8000000119
1157  28.690  -86.587  23.995 0.6999999881
1147  28.140  -86.678  24.998 0.6999999881
110038  29.169  -86.542  23.297 0.8000000119
1156  29.668  -86.976  24.213 0.6999999881
1168  29.811  -86.854  23.104 0.8000000119
1192  30.226  -86.577  20.654 0.8999999762
894  30.026  -87.115  21.476 0.8999999762
905  30.659  -86.536  19.848 0.8999999762
895  29.809  -87.214  21.295 1.0000000000
914  30.920  -86.606  19.347 0.8999999762
1215  30.774  -86.519  18.187 0.8999999762
112215  30.436  -85.903  17.477 0.8999999762
4400  9.707  -79.002  8.871 1.0000000000
3932  9.391  -79.861  7.944 0.8999999762
4423  9.013  -78.981  7.353 0.8999999762
1807  30.150  -85.096  16.652 0.8999999762
3475  8.889  -80.581  7.432 0.8000000119
3945  7.781  -79.582  6.878 0.6999999881
3946  7.266  -79.093  7.238 0.6999999881
1817  29.352  -84.181  15.887 0.8999999762
107386  8.947  -81.235  7.501 0.8999999762
2591  29.191  -82.523  13.790 0.8000000119
3031  8.824  -81.670  7.673 0.8000000119
2607  29.206  -82.483  13.001 0.8999999762
2614  27.819  -82.582  11.690 1.0000000000
2278  9.717  -83.016  8.158 0.8999999762
2242  28.583  -83.368  11.435 0.8999999762
1328  26.359  -86.779  5.644 0.8000000119
107387  26.553  -85.905  5.824 0.6999999881
1600  27.701  -85.683  6.597 0.8000000119
1589  27.870  -85.360  7.110 0.6000000238
1578  27.705  -85.231  8.078 0.6000000238
1888  28.086  -84.835  9.622 0.6999999881
1601  26.929  -85.330  6.158 0.6999999881
1329  25.503  -86.338  5.311 0.6999999881
4307  5.391  -78.117  18.223 0.3000000119
4247  6.573  -78.705  22.155 0.6999999881
2864  23.945  -82.133  24.770 0.8000000119
4294  5.249  -78.075  19.156 0.3000000119
2456  23.801  -83.145  25.751 0.8000000119
2084  23.544  -83.778  25.349 0.8000000119
1429  24.063  -85.256  23.464 0.8000000119
1172  24.848  -86.233  22.657 0.8000000119
1169  29.077  -86.288  22.275 0.8000000119
1170  28.061  -86.299  22.743 0.8000000119
116960  29.357  -85.954  21.512 0.8999999762
1191  30.871  -86.214  19.844 0.8999999762
1437  29.992  -86.382  21.182 0.8999999762
1178  29.970  -86.811  21.557 0.8999999762
3922  10.479  -79.827  8.900 1.0000000000
4425  7.720  -78.454  6.140 0.6999999881
2192  30.210  -83.469  15.449 0.8000000119
2203  29.782  -82.964  14.683 0.8000000119
3474  10.070  -81.397  7.686 0.8999999762
113829  28.743  -88.075  6.662 0.8000000119
2220  30.013  -82.904  13.295 0.8000000119
3030  9.702  -81.893  7.360 0.8999999762
107793  9.285  -82.323  7.925 0.8000000119
784  27.282  -88.213  5.905 0.8999999762
1043  27.943  -87.672  6.399 0.6000000238
2241  29.274  -83.630  12.055 0.8000000119
1915  10.195  -83.465  7.798 0.8999999762
795  26.754  -88.571  5.310 0.8999999762
1044  27.199  -87.271  6.032 0.8999999762
1042  28.654  -87.128  6.850 0.5000000000
1588  28.210  -86.140  7.768 0.6000000238
1290  28.949  -86.672  9.333 0.5000000000
1559  29.623  -86.051  10.811 0.6000000238
1544  29.194  -85.225  11.115 0.6999999881
1893  10.441  -84.057  9.379 0.6000000238
1903  10.282  -83.686  8.495 0.8000000119
1053  26.475  -87.899  5.567 0.8999999762
1318  27.912  -86.642  6.514 0.5000000000
1577  28.257  -85.971  8.684 0.6000000238
1560  28.749  -85.195  10.284 0.6000000238
1863  28.624  -84.325  10.922 0.8000000119
1330  24.803  -86.693  4.914 0.6000000238
1340  23.492  -86.525  4.292 0.5000000000
1339  24.096  -85.888  4.613 0.6000000238
1629  23.253  -85.470  4.571 0.4000000060
115004  5.007  -77.387  17.635 0.3000000119
4764  4.778  -77.306  19.780 0.6999999881
4751  5.821  -77.711  21.021 0.6999999881
2083  23.894  -83.971  26.175 0.8000000119
1740  23.768  -84.833  23.897 0.8000000119
114626  25.653  -86.462  22.401 0.8000000119
1181  25.996  -86.116  21.664 0.8000000119
1180  27.036  -86.175  21.885 0.8000000119
1439  27.889  -85.828  21.730 0.8000000119
5444  11.747  -76.702  10.519 0.8999999762
5445  10.944  -76.784  10.618 1.0000000000
4866  9.737  -77.130  9.856 1.0000000000
102951  9.461  -77.471  9.190 1.0000000000
4385  10.885  -78.179  10.240 1.0000000000
4399  10.581  -78.829  9.622 1.0000000000
4894  9.361  -78.180  8.472 0.8999999762
4911  8.032  -77.844  5.903 0.6999999881
4426  7.229  -78.242  6.626 0.6000000238
2561  30.900  -83.122  15.122 0.8000000119
3921  11.115  -79.370  9.428 1.0000000000
2590  30.506  -82.849  14.020 0.8000000119
3453  11.409  -80.045  8.910 1.0000000000
3463  10.915  -80.793  8.526 0.8999999762
3029  10.921  -81.852  7.421 0.8999999762
2656  9.731  -82.233  7.424 0.8000000119
773  29.317  -88.729  7.006 0.6999999881
1849  31.494  -85.063  12.809 0.6999999881
2232  30.619  -83.834  12.997 0.8000000119
2289  9.929  -82.994  7.366 0.8000000119
552  26.937  -88.925  5.099 0.8999999762
1019  29.722  -87.328  8.139 0.6000000238
1527  30.198  -85.619  12.107 0.8000000119
2288  10.455  -83.671  7.137 0.8999999762
119025  29.820  -87.196  9.919 0.6000000238
118537  30.056  -87.030  10.633 0.6000000238
1526  31.176  -85.947  12.325 0.6000000238
1862  29.338  -84.698  11.739 0.8000000119
104482  11.165  -84.875  8.307 0.6000000238
1902  10.850  -84.473  8.795 0.6999999881
1610  10.966  -84.441  6.794 0.8000000119
808  24.335  -88.766  4.478 0.8000000119
1279  29.249  -86.365  10.085 0.6000000238
117639  24.189  -86.895  4.520 0.6000000238
1076  22.876  -87.658  3.985 0.6000000238
1341  22.637  -86.074  4.107 0.4000000060
1357  21.298  -86.511  3.537 0.4000000060
5373  5.070  -76.752  16.763 0.6000000238
1438  28.698  -85.683  21.265 0.8999999762
4879  11.606  -77.998  10.158 0.8999999762
5456  9.370  -76.730  9.004 1.0000000000
5468  9.260  -77.293  7.836 1.0000000000
4910  8.776  -78.044  6.819 0.8999999762
4397  11.813  -78.469  9.462 0.8999999762
5483  8.541  -76.933  6.179 0.6999999881
2218  32.810  -83.735  13.443 0.6000000238
2589  32.025  -83.108  13.997 0.6999999881
3473  12.084  -80.826  8.111 0.8999999762
818  25.994  -89.045  3.098 0.8999999762
816  27.662  -88.716  3.756 0.8000000119
114929  31.621  -84.141  13.164 0.8000000119
2219  31.102  -83.456  13.552 0.8000000119
3046  11.471  -81.556  7.073 0.8999999762
572  26.386  -89.232  3.773 0.8000000119
560  27.557  -89.214  4.554 0.8000000119
540  28.299  -89.021  6.120 0.8000000119
532  29.039  -89.082  6.615 0.6999999881
3048  10.311  -82.385  6.878 0.8999999762
2301  10.539  -83.353  6.566 0.8999999762
109329  10.720  -83.860  6.444 0.8999999762
827  25.552  -88.438  2.502 0.8999999762
113856  25.512  -89.342  3.650 0.8999999762
121515  25.618  -89.298  4.349 0.8999999762
368  26.638  -89.081  4.700 0.8000000119
531  30.028  -89.009  7.319 0.6999999881
1030  30.353  -88.073  7.945 0.6000000238
1018  30.458  -87.521  8.926 0.5000000000
1525  32.691  -86.004  12.254 0.6000000238
1540  33.992  -85.769  11.857 0.5000000000
581  24.123  -89.337  2.822 1.0000000000
110412  24.604  -89.428  3.581 0.8999999762
104568  24.884  -89.152  4.386 1.0000000000
530  30.753  -88.830  7.726 0.6999999881
1029  30.589  -87.857  8.163 0.5000000000
1002  30.535  -87.434  9.592 0.5000000000
993  30.625  -87.378  10.264 0.5000000000
115059  31.664  -86.494  11.811 0.6000000238
1567  10.828  -85.616  10.362 0.5000000000
1595  11.297  -84.949  7.522 0.8999999762
119385  24.641  -88.642  2.051 1.0000000000
819  24.315  -89.408  4.120 1.0000000000
1016  30.853  -87.462  9.020 0.5000000000
992  31.052  -87.355  10.421 0.5000000000
124201  31.176  -87.147  10.974 0.5000000000
107992  22.544  -89.157  2.536 1.0000000000
820  23.094  -89.191  3.437 1.0000000000
1065  23.770  -87.884  4.469 0.8000000119
821  22.360  -89.175  3.205 0.6999999881
1077  22.182  -88.210  3.446 0.6999999881
1356  22.040  -86.756  3.583 0.4000000060
829  21.824  -89.065  2.615 0.6999999881
102954  21.556  -87.372  3.192 0.6000000238
1342  20.928  -86.002  4.337 0.4000000060
1079  20.017  -87.906  2.983 0.4000000060
1371  20.981  -87.484  2.992 0.4000000060
5334  5.296  -76.376  19.794 0.8000000119
5319  5.364  -76.898  20.363 0.6999999881
5304  6.142  -76.990  20.922 0.6999999881
4718  6.964  -77.636  22.089 0.6999999881
5912  5.163  -75.476  17.372 0.8000000119
4752  5.354  -77.509  20.488 0.6000000238
5938  8.392  -75.381  15.378 0.1000000015
6020  11.343  -76.098  10.617 1.0000000000
5443  12.590  -76.404  10.350 0.8999999762
4863  12.067  -77.237  10.242 0.8999999762
6045  9.429  -75.785  8.672 1.0000000000
104435  9.200  -76.320  7.403 0.8000000119
113968  8.639  -75.942  6.067 0.8000000119
2230  34.685  -84.257  13.020 0.5000000000
4412  12.199  -79.073  8.619 1.0000000000
1075  27.314  -88.063  3.359 0.8999999762
2231  32.876  -84.734  12.823 0.4000000060
826  26.431  -88.045  2.768 0.8999999762
114513  28.217  -89.252  4.701 0.8000000119
539  29.490  -89.303  6.551 0.8000000119
1861  34.679  -85.344  11.473 0.4000000060
1848  34.109  -85.400  12.358 0.4000000060
3488  11.988  -80.938  7.413 1.0000000000
3063  10.852  -82.524  6.259 0.8999999762
1089  25.341  -87.697  2.010 0.8000000119
559  29.528  -89.252  5.224 0.8000000119
548  30.790  -89.130  6.275 0.6999999881
537  31.123  -88.400  7.163 0.6000000238
1015  11.262  -87.013  9.670 0.8000000119
2679  10.805  -82.967  5.836 0.8999999762
2314  10.811  -83.660  5.631 0.8999999762
1090  24.454  -87.308  1.574 0.8999999762
771  30.827  -88.528  8.068 0.5000000000
1265  31.648  -86.640  11.278 0.5000000000
990  11.495  -87.320  11.272 0.8000000119
999  11.409  -87.409  9.917 0.8999999762
121156  11.424  -86.250  8.977 0.6999999881
112871  11.658  -85.686  7.112 0.8000000119
108138  10.910  -84.295  5.977 0.8999999762
828  23.720  -89.118  2.143 1.0000000000
1289  31.133  -87.230  9.685 0.5000000000
1568  31.519  -86.693  10.415 0.5000000000
1558  32.480  -86.175  11.111 0.5000000000
1316  11.871  -86.229  7.659 0.8000000119
835  23.712  -88.366  1.583 1.0000000000
837  22.254  -88.889  2.030 0.8999999762
1096  22.787  -88.077  1.479 0.8999999762
830  21.237  -88.820  1.977 0.8000000119
1091  20.830  -89.021  2.743 0.6000000238
123734  20.088  -89.088  2.694 0.5000000000
1359  19.691  -86.933  3.685 0.4000000060
105587  5.973  -75.672  19.291 0.8000000119
5898  4.965  -76.189  18.781 0.8000000119
5927  4.903  -75.385  16.021 0.4000000060
6616  11.786  -75.444  10.592 0.8999999762
121793  11.368  -74.835  10.364 0.8999999762
6031  10.009  -75.298  9.658 1.0000000000
6632  9.844  -74.215  9.018 1.0000000000
122343  9.450  -74.910  8.506 1.0000000000
6057  9.144  -75.252  6.874 1.0000000000
6058  8.344  -75.182  5.421 0.8000000119
6664  8.688  -74.342  5.806 0.8999999762
6071  7.880  -75.211  5.264 0.8000000119
5467  12.389  -76.823  9.165 0.8999999762
4878  12.174  -77.670  9.801 0.8999999762
4893  12.172  -77.942  8.717 0.8999999762
106957  28.105  -87.958  3.709 0.6999999881
4422  12.286  -79.085  7.448 1.0000000000
3942  12.383  -80.141  7.690 1.0000000000
1368  25.922  -87.284  2.374 0.8000000119
807  28.933  -89.015  4.517 0.8000000119
806  29.992  -88.734  4.610 0.6999999881
793  31.406  -88.449  5.936 0.6999999881
3061  11.512  -81.019  6.572 0.8999999762
1369  25.217  -86.776  2.177 0.8000000119
538  31.340  -88.981  6.900 0.6000000238
1041  31.298  -87.572  6.961 0.4000000060
1557  33.686  -85.764  11.421 0.4000000060
104943  10.787  -82.152  5.248 0.8999999762
110512  10.731  -82.988  4.854 0.8999999762
1370  23.570  -86.253  1.805 0.8999999762
1311  31.032  -87.136  8.060 0.5000000000
1301  31.155  -86.755  8.615 0.5000000000
1886  31.872  -85.484  10.266 0.4000000060
741  11.974  -87.795  12.468 0.6000000238
1095  23.498  -87.356  1.420 1.0000000000
1569  31.314  -86.139  9.257 0.5000000000
1024  12.006  -87.204  8.665 0.8999999762
1040  12.024  -86.718  8.103 0.8000000119
1928  11.164  -85.114  5.785 0.8999999762
120615  22.355  -87.306  1.215 0.8999999762
1609  11.558  -85.895  6.104 0.8999999762
1097  21.283  -88.242  0.834 0.8000000119
1098  20.352  -88.697  1.315 0.5000000000
122881  19.585  -89.296  1.994 0.5000000000
1092  19.269  -88.972  2.544 0.5000000000
119421  18.417  -88.580  2.273 0.4000000060
1100  18.406  -88.358  1.004 0.6000000238
108514  17.845  -88.040  2.195 0.3000000119
4244  10.510  -77.087  22.955 1.0000000000
4245  9.519  -77.744  22.854 1.0000000000
5866  7.920  -75.776  20.022 0.8999999762
5303  7.294  -76.334  20.696 0.6999999881
4738  7.447  -76.858  21.431 0.8000000119
4717  8.372  -76.985  21.879 0.8000000119
102591  8.264  -77.609  22.389 0.8000000119
5882  6.509  -75.951  20.052 0.8000000119
6017  14.136  -75.296  10.366 0.8999999762
113567  13.238  -75.877  10.403 0.8999999762
6019  12.723  -75.525  10.611 0.8999999762
6615  12.167  -74.557  10.577 0.8999999762
6630  11.278  -74.118  10.037 1.0000000000
115297  10.595  -73.929  9.477 1.0000000000
6650  9.208  -74.211  7.581 1.0000000000
7231  9.046  -73.330  6.554 1.0000000000
6030  13.837  -75.877  9.912 0.8999999762
5454  13.307  -76.272  10.094 0.8999999762
7232  8.290  -73.557  5.214 0.8000000119
6665  7.592  -74.391  5.499 0.8000000119
6059  7.147  -75.209  5.974 0.6999999881
1876  33.158  -85.652  10.891 0.4000000060
6044  12.737  -75.846  8.888 0.8999999762
113400  12.142  -76.905  7.933 0.8999999762
6666  6.905  -74.417  6.769 0.6000000238
107525  6.601  -75.050  7.268 0.5000000000
1074  28.463  -87.298  3.712 0.6999999881
1887  31.135  -85.009  9.229 0.5000000000
105517  12.316  -75.954  8.062 0.8999999762
4909  12.177  -77.878  7.637 0.8999999762
3957  12.023  -79.547  6.950 1.0000000000
1355  25.801  -86.290  3.069 0.8000000119
813  30.294  -88.011  4.023 0.6999999881
792  31.579  -87.820  5.983 0.6000000238
3498  11.204  -80.253  6.027 1.0000000000
3499  10.932  -80.983  5.355 0.8999999762
111855  24.352  -86.049  2.273 0.8000000119
780  31.454  -87.791  6.321 0.5000000000
104187  31.068  -86.651  7.677 0.5000000000
1894  30.896  -85.613  8.374 0.5000000000
1657  23.826  -85.336  2.089 0.8999999762
989  11.851  -87.525  11.146 0.8999999762
2330  10.836  -83.788  4.585 0.8999999762
1937  10.908  -84.459  5.166 0.8999999762
1374  22.800  -86.642  1.442 0.8999999762
1664  22.945  -85.484  1.595 0.8999999762
998  11.903  -87.625  10.315 0.8000000119
1375  22.183  -86.153  1.317 0.8999999762
1669  21.629  -86.057  0.703 1.0000000000
1050  12.316  -86.787  7.053 0.8999999762
1326  11.936  -86.437  6.540 0.8999999762
1376  21.185  -87.242  0.347 0.8999999762
1670  20.982  -86.256  0.112 1.0000000000
1379  20.385  -86.646  0.141 1.0000000000
1105  18.986  -87.500  0.300 0.8999999762
1103  20.692  -87.844  0.493 0.6999999881
1099  19.286  -88.732  1.265 0.6000000238
1101  17.805  -88.108  0.980 0.5000000000
1102  17.171  -88.128  0.799 0.3000000119
102364  16.594  -88.439  1.548 0.4000000060
5287  10.258  -76.397  22.691 1.0000000000
5302  9.342  -75.670  21.258 1.0000000000
4716  9.697  -76.732  22.199 0.8999999762
5865  8.972  -75.470  20.269 1.0000000000
117239  8.599  -76.272  21.047 0.8999999762
4737  9.126  -76.309  21.541 1.0000000000
5896  6.980  -75.137  18.766 0.6999999881
106525  7.806  -75.361  19.360 0.8000000119
6016  14.752  -75.062  10.254 0.8000000119
6613  14.194  -74.682  10.625 0.8999999762
104290  14.876  -72.853  10.632 0.8000000119
6614  13.241  -74.660  10.706 0.8999999762
7187  13.727  -73.845  10.723 0.8999999762
7203  11.900  -73.495  10.098 0.8999999762
7204  10.168  -73.282  8.786 1.0000000000
122916  9.396  -73.495  8.199 1.0000000000
6041  14.991  -75.121  9.636 0.8000000119
7906  8.560  -72.719  5.419 1.0000000000
7907  7.923  -72.947  4.983 0.8000000119
1072  30.415  -87.282  3.537 0.6000000238
6043  13.565  -75.461  9.130 0.8999999762
6056  12.873  -75.208  8.010 0.8999999762
7222  7.139  -73.573  6.075 0.6999999881
1064  31.662  -87.553  4.361 0.6000000238
805  31.762  -87.740  5.320 0.6000000238
4437  11.827  -78.745  6.513 1.0000000000
110456  31.036  -88.276  4.712 0.6000000238
1026  31.423  -86.961  6.876 0.5000000000
1587  30.868  -85.865  7.796 0.5000000000
5499  12.100  -77.089  6.755 0.8999999762
3966  11.395  -79.393  6.063 1.0000000000
3510  10.852  -79.706  4.963 1.0000000000
1991  23.407  -84.606  0.858 0.8000000119
1656  24.501  -85.261  2.486 0.6999999881
3073  10.574  -81.354  4.184 0.8999999762
1668  21.982  -85.236  0.227 1.0000000000
1665  22.281  -85.281  1.167 0.8999999762
106213  20.633  -85.545  -1.174 0.8999999762
1936  11.181  -85.274  4.734 0.8999999762
1677  20.593  -85.912  -0.358 1.0000000000
1348  12.133  -86.622  4.588 0.8999999762
1623  11.490  -86.054  5.116 0.8999999762
1383  20.104  -86.155  -0.983 1.0000000000
1023  12.942  -87.044  8.134 0.8000000119
1386  19.394  -86.540  -1.256 1.0000000000
1108  19.086  -87.305  -0.843 1.0000000000
845  18.301  -88.562  -1.381 1.0000000000
1109  18.654  -88.303  -0.850 0.8000000119
1107  17.781  -88.171  0.411 0.6000000238
841  16.665  -89.067  0.176 0.4000000060
589  17.815  -89.540  -1.389 1.0000000000
101148  16.307  -87.956  0.894 0.5000000000
101149  15.483  -88.035  1.535 0.6000000238
102142  16.304  -88.919  -0.704 0.6999999881
107249  9.204  -75.035  21.431 1.0000000000
5832  8.820  -75.149  22.279 1.0000000000
5277  9.960  -75.906  22.974 1.0000000000
5854  9.363  -75.200  20.857 1.0000000000
5853  9.557  -74.905  20.327 1.0000000000
5288  9.623  -75.827  22.091 1.0000000000
5880  8.733  -75.272  19.595 1.0000000000
6488  9.216  -74.808  18.955 0.8999999762
7185  15.521  -73.537  10.696 0.8000000119
7855  15.672  -72.672  10.624 0.6999999881
6611  16.008  -74.241  10.428 0.6999999881
7184  16.333  -73.544  10.667 0.6999999881
7857  13.327  -73.112  10.449 0.8999999762
6627  17.294  -74.256  9.843 0.6000000238
7878  13.503  -72.445  9.953 0.8999999762
7895  12.299  -72.433  8.968 0.8999999762
110645  10.848  -72.629  8.792 1.0000000000
6628  16.411  -74.535  9.829 0.6999999881
8583  12.583  -72.179  8.035 0.8999999762
7896  11.657  -72.260  8.466 1.0000000000
7897  9.900  -72.344  8.160 1.0000000000
7898  9.311  -72.359  6.994 1.0000000000
6648  15.725  -74.776  9.490 0.6999999881
6649  14.494  -74.956  8.765 0.6000000238
8585  10.701  -71.875  7.956 1.0000000000
8586  9.764  -71.824  7.109 1.0000000000
8599  8.894  -71.975  5.456 1.0000000000
1317  31.516  -86.409  6.520 0.5000000000
1310  31.498  -86.506  7.027 0.5000000000
6661  14.196  -74.737  7.838 0.6999999881
6663  12.861  -74.910  7.130 0.8000000119
6677  12.737  -74.914  6.405 0.8000000119
8598  10.872  -71.479  6.538 1.0000000000
8600  7.917  -72.124  5.151 1.0000000000
7908  7.454  -72.698  5.661 0.6999999881
1071  32.105  -87.042  3.928 0.6000000238
1063  32.115  -87.179  4.832 0.5000000000
1052  31.777  -87.436  5.509 0.5000000000
108213  31.650  -86.612  5.883 0.5000000000
6070  12.396  -75.361  7.054 0.8999999762
5498  12.226  -76.045  6.307 0.8000000119
4940  11.879  -77.843  5.823 1.0000000000
105001  7.071  -72.092  6.742 0.6000000238
1051  31.548  -87.392  5.871 0.5000000000
4457  10.940  -78.875  5.200 1.0000000000
2274  20.325  -83.234  8.523 0.8000000119
120919  20.950  -82.742  9.888 0.8000000119
2265  20.514  -83.495  10.006 0.8999999762
3511  10.601  -80.359  4.086 0.8999999762
1674  22.937  -85.077  -1.453 0.8000000119
1686  21.391  -85.029  -2.189 0.6999999881
2746  20.771  -82.935  0.673 0.6000000238
2736  20.539  -82.832  1.631 0.5000000000
2284  19.381  -83.273  7.624 0.8000000119
2275  19.840  -83.659  8.261 0.8000000119
1891  19.847  -84.332  9.700 0.8999999762
1867  19.787  -83.901  11.197 0.8000000119
2707  11.118  -82.699  2.988 0.8000000119
2692  10.553  -82.222  4.090 0.8000000119
1681  21.369  -85.229  -1.696 0.8999999762
2009  19.844  -84.730  -2.013 0.8000000119
2385  20.311  -83.119  -1.085 0.8000000119
2369  18.875  -83.008  1.191 0.6000000238
2738  18.742  -82.903  2.085 0.6000000238
2285  18.611  -83.535  7.327 0.8000000119
1910  19.117  -84.023  7.965 0.8999999762
1898  19.496  -84.346  8.776 0.8999999762
1565  18.617  -85.785  10.827 0.8999999762
1274  18.032  -86.224  11.205 0.8999999762
1250  15.760  -86.844  13.140 0.8999999762
121773  14.919  -86.064  12.657 0.8999999762
2329  11.041  -83.983  3.824 0.8999999762
1951  11.035  -84.575  4.289 0.8000000119
110760  20.176  -85.717  -1.688 0.8999999762
2378  19.231  -83.267  0.258 0.6999999881
1592  17.955  -85.059  7.974 0.8000000119
1582  17.730  -85.839  8.228 0.8000000119
1574  18.603  -85.688  9.465 0.8999999762
1009  17.788  -87.136  9.904 0.8999999762
123484  17.328  -87.670  11.306 0.8000000119
969  14.606  -87.415  13.379 0.8999999762
1276  14.060  -87.053  10.931 0.8999999762
1298  13.827  -87.012  9.590 0.8999999762
1308  13.932  -86.568  8.683 0.8999999762
1362  12.401  -86.335  3.745 0.8999999762
118771  11.349  -85.253  3.971 0.8999999762
1683  19.546  -86.034  -1.531 0.8999999762
1912  17.420  -84.732  7.245 0.8000000119
122902  17.483  -85.490  7.663 0.8000000119
1297  17.572  -86.860  9.333 0.8999999762
1010  17.267  -87.500  9.665 0.8999999762
747  16.856  -88.282  11.054 0.8999999762
1324  12.968  -87.125  5.748 1.0000000000
1114  18.442  -87.718  -1.496 0.8999999762
846  18.062  -88.410  -1.576 1.0000000000
1115  17.658  -87.364  -1.458 0.8999999762
102010  14.647  -87.244  1.571 0.6999999881
101153  14.368  -87.823  2.067 0.6999999881
1094  13.550  -87.607  2.885 0.6999999881
1116  16.197  -87.740  -0.947 0.8000000119
1112  16.105  -87.268  -0.408 0.8000000119
102179  15.636  -87.251  0.848 0.6999999881
1085  13.268  -88.010  3.975 0.6999999881
811  12.899  -88.378  4.663 0.6999999881
791  13.121  -89.081  6.084 0.6000000238
1113  16.027  -87.614  -0.018 0.8999999762
6476  9.575  -73.984  20.550 1.0000000000
5879  9.535  -74.889  19.635 1.0000000000
6499  8.696  -74.570  18.434 0.8999999762
6515  6.920  -74.280  17.620 0.6999999881
7093  7.943  -73.764  17.634 0.6999999881
7106  5.281  -73.721  16.773 0.5000000000
7777  5.075  -72.993  16.651 0.6000000238
8542  21.152  -71.309  10.027 0.4000000060
8544  19.788  -71.534  10.341 0.4000000060
7851  19.389  -72.264  10.401 0.4000000060
7853  17.502  -72.532  10.664 0.5000000000
8547  16.925  -71.789  10.515 0.5000000000
7874  21.290  -72.492  9.233 0.4000000060
8543  20.467  -71.629  10.181 0.4000000060
7182  18.106  -73.322  10.500 0.4000000060
8548  16.030  -71.941  10.429 0.6999999881
8569  15.674  -71.748  9.384 0.6999999881
8570  14.870  -72.141  9.051 0.8999999762
8571  14.022  -72.403  8.714 0.8999999762
7875  20.566  -72.732  9.554 0.4000000060
7876  19.842  -72.906  9.988 0.4000000060
6626  18.082  -74.004  9.910 0.6000000238
7877  14.328  -72.238  10.109 0.8999999762
7894  13.072  -72.331  8.892 0.8999999762
8582  13.529  -72.133  7.861 0.8999999762
109051  12.777  -71.545  7.231 0.8999999762
7221  19.603  -73.663  8.731 0.4000000060
8597  11.933  -71.306  6.633 0.8999999762
8609  9.040  -71.135  5.023 1.0000000000
9356  9.625  -69.393  4.794 1.0000000000
1904  30.944  -85.085  7.173 0.4000000060
122568  17.495  -74.352  8.369 0.6000000238
6659  16.846  -74.497  8.119 0.6000000238
112694  15.434  -74.786  8.721 0.6000000238
8610  8.255  -71.369  4.817 1.0000000000
8611  7.856  -71.095  5.145 1.0000000000
1338  32.765  -86.191  4.735 0.5000000000
1597  31.666  -85.663  6.440 0.5000000000
6660  15.086  -74.719  7.624 0.6000000238
6675  14.185  -74.616  6.999 0.6000000238
6676  13.333  -74.687  6.638 0.6999999881
8601  7.439  -71.705  5.821 1.0000000000
5518  11.586  -76.506  4.460 0.8000000119
103454  11.480  -77.296  4.948 0.8000000119
6115  10.818  -75.346  2.952 0.6000000238
5530  10.467  -76.226  3.042 0.6000000238
4957  10.892  -77.225  3.987 0.6000000238
4958  10.096  -77.829  3.653 0.8000000119
3977  10.445  -79.455  3.859 0.8999999762
9334  7.501  -70.777  6.192 0.8000000119
4972  10.007  -76.791  3.016 0.5000000000
107955  9.796  -77.582  3.134 0.6999999881
4469  9.967  -78.661  3.282 0.6000000238
3988  10.266  -79.824  3.267 0.8000000119
2720  20.211  -82.628  2.521 0.5000000000
2676  19.524  -82.438  5.422 0.6000000238
2665  19.314  -82.610  6.345 0.8000000119
2296  18.978  -82.914  7.063 0.8000000119
2257  20.362  -83.424  11.006 0.8999999762
2246  18.088  -83.217  11.612 0.8999999762
2247  17.240  -83.348  11.532 0.8000000119
4486  10.002  -78.295  2.765 0.6000000238
4007  10.205  -79.304  2.840 0.6000000238
3087  10.467  -81.483  3.325 0.8000000119
2737  19.578  -82.856  1.851 0.5000000000
2297  18.507  -83.259  6.479 0.8000000119
114833  18.991  -83.036  11.609 0.8000000119
108609  17.777  -83.986  11.760 0.8000000119
1870  17.373  -85.251  11.930 0.8000000119
1535  16.147  -85.672  12.478 0.8999999762
1554  14.759  -85.289  11.371 1.0000000000
104612  14.370  -86.178  11.398 1.0000000000
2343  11.463  -83.777  3.025 0.8000000119
2379  18.311  -83.605  0.556 0.6999999881
2355  18.193  -83.151  2.466 0.6999999881
2340  17.779  -83.682  3.187 0.6999999881
2311  18.255  -83.474  5.603 0.8000000119
1924  17.840  -83.835  6.984 0.8000000119
1260  17.118  -86.542  12.175 0.8000000119
976  16.640  -87.244  12.622 0.8999999762
1575  14.167  -85.974  9.668 1.0000000000
1584  13.917  -85.383  8.259 1.0000000000
1963  11.436  -84.661  3.515 0.8999999762
2380  17.751  -84.254  0.348 0.8000000119
1985  17.487  -84.014  1.191 0.6999999881
2356  17.582  -83.652  2.186 0.6999999881
1933  17.448  -84.476  5.377 0.8000000119
1925  17.450  -84.369  6.333 0.8000000119
1036  16.323  -87.181  7.234 0.8999999762
1022  16.768  -87.499  8.479 0.8999999762
106092  16.303  -88.305  8.627 0.8999999762
748  16.983  -88.072  12.017 0.8999999762
739  16.376  -88.073  12.816 0.8000000119
103402  13.631  -86.441  7.825 0.8999999762
104480  13.593  -86.487  7.153 0.8999999762
1347  12.848  -86.854  4.222 0.8999999762
1660  12.484  -85.327  2.942 1.0000000000
1994  17.740  -84.790  -0.315 0.8000000119
1995  17.011  -84.839  0.541 0.6999999881
114524  16.259  -87.881  7.747 0.6999999881
527  15.720  -88.994  8.920 0.6999999881
1622  13.560  -86.531  5.493 0.8000000119
1388  17.625  -86.365  -1.167 0.8999999762
1680  16.723  -85.908  -0.415 0.8000000119
1377  14.921  -86.315  1.507 0.8000000119
102757  13.858  -86.985  2.405 0.8000000119
115727  13.675  -86.976  2.793 0.8000000119
123719  14.500  -88.625  7.060 0.6999999881
777  14.710  -88.903  7.708 0.6999999881
1384  16.841  -86.698  -1.037 0.8999999762
1385  15.858  -85.920  0.135 0.8000000119
1381  15.335  -86.087  0.663 0.8000000119
1068  13.911  -87.464  4.175 0.6999999881
1049  14.521  -87.955  5.692 0.6999999881
790  14.000  -88.643  6.335 0.6000000238
6487  10.011  -74.367  19.098 0.8999999762
7763  9.423  -73.224  17.990 0.8000000119
7765  7.391  -73.306  17.653 0.8000000119
115037  6.723  -72.947  17.738 0.6999999881
6548  6.248  -74.295  14.500 0.3000000119
7785  5.031  -72.806  15.251 0.5000000000
7125  5.705  -73.552  14.550 0.4000000060
10012  22.495  -69.475  10.252 0.3000000119
9289  22.383  -70.132  10.083 0.3000000119
109575  20.968  -70.410  10.293 0.3000000119
9291  20.325  -70.955  10.289 0.4000000060
8545  18.910  -71.426  10.412 0.2000000030
8546  17.895  -71.644  10.446 0.4000000060
8565  22.052  -71.409  9.633 0.4000000060
8568  16.522  -71.364  9.781 0.6000000238
8581  14.566  -71.962  7.823 0.8999999762
7219  20.912  -72.980  8.110 0.3000000119
7220  20.304  -73.367  8.417 0.4000000060
8595  13.727  -71.477  7.435 0.8999999762
6656  19.069  -73.988  8.080 0.4000000060
6657  18.502  -74.074  7.408 0.6000000238
6672  17.304  -74.254  6.626 0.5000000000
6687  17.103  -74.204  5.793 0.5000000000
118832  11.738  -70.414  6.017 1.0000000000
8608  10.148  -70.975  5.553 1.0000000000
6658  17.587  -74.298  7.530 0.6000000238
6673  16.559  -74.437  6.349 0.5000000000
116714  15.916  -74.525  6.113 0.5000000000
6690  14.696  -74.426  5.428 0.6999999881
8607  11.357  -70.857  5.855 1.0000000000
10048  8.561  -69.142  6.107 1.0000000000
115261  16.046  -74.685  7.878 0.6000000238
6674  15.911  -74.595  6.899 0.5000000000
111057  14.065  -74.589  6.046 0.6000000238
6692  12.690  -74.916  5.503 0.8000000119
10049  7.666  -69.935  6.791 1.0000000000
6706  12.480  -74.370  4.506 0.6000000238
6096  12.286  -75.125  4.793 0.8000000119
6719  10.945  -74.059  3.446 0.5000000000
6097  11.471  -75.353  3.967 0.6000000238
120417  19.475  -82.464  4.011 0.6000000238
114365  19.891  -82.193  5.917 0.6999999881
114849  17.557  -82.771  11.371 0.8999999762
2248  16.497  -83.598  11.380 0.8999999762
2339  18.497  -83.134  3.283 0.6999999881
2326  18.507  -83.150  4.793 0.6999999881
2249  15.815  -83.955  11.153 0.8999999762
1892  14.462  -84.888  9.737 1.0000000000
4006  10.783  -79.777  2.134 0.5000000000
2726  11.268  -82.235  2.375 0.6999999881
106461  18.226  -83.442  4.021 0.8000000119
2327  17.868  -83.808  4.863 0.8000000119
1607  14.251  -85.473  5.855 0.8000000119
2371  12.351  -83.262  2.193 0.6999999881
105959  12.191  -83.973  2.429 0.8000000119
1986  16.769  -84.673  1.275 0.6999999881
120772  17.144  -84.071  2.758 0.6999999881
1947  17.361  -84.503  4.512 0.8000000119
1344  16.019  -86.179  4.536 0.8000000119
1334  15.209  -86.714  4.726 0.8999999762
1335  13.079  -86.996  5.028 0.8999999762
1361  12.910  -86.245  3.467 0.8000000119
1037  15.753  -87.652  6.963 0.8000000119
1673  15.602  -85.629  0.595 0.8999999762
1672  16.190  -85.389  0.289 0.8000000119
1372  14.282  -86.622  2.276 0.6999999881
1084  13.510  -87.327  3.545 0.8000000119
1048  15.376  -87.563  6.254 0.8999999762
7058  10.367  -73.669  20.159 0.8999999762
7067  10.816  -73.510  19.472 0.8000000119
7078  10.649  -73.267  18.684 0.8999999762
6486  10.312  -73.893  18.699 0.8999999762
7745  10.664  -72.581  18.841 0.8999999762
7747  9.149  -72.789  18.169 0.6999999881
120393  7.910  -72.805  18.038 0.8000000119
107070  5.605  -72.650  17.472 0.8000000119
7778  4.801  -72.663  15.950 0.5000000000
110903  4.948  -72.203  16.613 0.5000000000
7122  8.769  -73.097  14.413 0.2000000030
7123  7.805  -73.365  14.327 0.2000000030
8495  5.568  -72.258  14.824 0.5000000000
7794  6.102  -72.796  14.444 0.4000000060
111380  21.773  -69.087  10.525 0.3000000119
9292  19.576  -70.813  10.295 0.2000000030
9293  18.296  -70.839  10.115 0.2000000030
9310  17.831  -70.513  9.116 0.3000000119
9311  17.038  -71.120  8.701 0.5000000000
8580  15.395  -71.462  7.640 0.8999999762
8594  14.657  -71.239  7.416 0.8999999762
9331  13.753  -70.863  7.362 0.8999999762
7873  22.065  -72.081  9.048 0.4000000060
7905  20.772  -72.755  7.409 0.3000000119
123891  19.851  -73.495  7.282 0.3000000119
9332  12.794  -70.832  6.918 0.8999999762
6686  17.823  -73.915  6.152 0.5000000000
8596  12.295  -70.951  6.539 0.8999999762
9339  12.172  -70.348  6.562 1.0000000000
9355  10.243  -69.128  5.035 1.0000000000
123006  9.960  -68.026  4.783 1.0000000000
7241  19.069  -73.092  6.103 0.3000000119
10056  9.215  -68.413  5.151 1.0000000000
6702  16.007  -74.078  4.881 0.6000000238
114707  13.888  -74.403  5.313 0.8000000119
10702  9.287  -68.388  6.182 1.0000000000
123654  15.662  -70.481  2.363 0.5000000000
108550  14.581  -70.489  2.765 0.5000000000
7972  13.300  -71.191  2.604 0.5000000000
10038  7.803  -69.186  7.609 0.8999999762
7286  11.240  -72.422  2.796 0.6000000238
7961  11.233  -72.022  3.089 0.5000000000
7256  11.465  -73.405  3.828 0.5000000000
7255  12.321  -73.164  4.057 0.6000000238
10040  6.334  -69.141  8.683 0.8999999762
6134  11.131  -75.126  2.507 0.6000000238
7276  10.776  -73.557  2.994 0.6000000238
2258  16.094  -83.278  10.121 1.0000000000
4992  10.694  -76.642  2.567 0.5000000000
112020  11.607  -78.961  1.588 0.5000000000
121651  11.929  -81.001  1.640 0.6000000238
3099  11.474  -81.647  1.878 0.6999999881
1972  16.607  -84.641  2.745 0.8000000119
1644  16.397  -85.209  3.522 0.8000000119
1633  16.039  -85.891  3.860 0.8000000119
1345  15.215  -86.407  3.708 0.6999999881
1950  13.550  -85.601  3.732 0.8000000119
1973  13.022  -84.880  2.605 0.6999999881
1666  15.886  -85.174  0.912 0.6999999881
1658  16.040  -85.341  2.568 0.8000000119
1067  14.376  -87.052  3.978 0.8999999762
1667  15.196  -85.723  1.048 0.8999999762
1083  14.082  -86.608  3.087 0.8000000119
1059  14.449  -87.335  4.865 0.8000000119
7047  11.709  -72.905  20.764 0.8000000119
7730  11.663  -72.718  19.908 0.8000000119
8427  11.276  -72.344  19.529 0.8000000119
8410  11.019  -71.675  19.920 0.8000000119
8429  9.278  -71.777  19.224 0.8000000119
7748  7.712  -72.469  18.640 0.8000000119
113956  6.605  -72.613  18.203 0.8000000119
7792  8.114  -72.502  14.400 0.2000000030
9232  5.298  -70.995  15.872 0.5000000000
8493  7.516  -71.791  14.499 0.4000000060
8482  5.829  -71.346  14.999 0.5000000000
10660  20.153  -68.719  10.493 0.2000000030
10016  18.986  -69.466  9.636 0.2000000030
10673  18.614  -68.755  9.268 0.2000000030
109965  17.986  -68.988  8.653 0.4000000060
10011  23.135  -69.160  10.037 0.2000000030
10015  19.731  -69.458  10.173 0.2000000030
9309  18.627  -70.194  9.668 0.2000000030
10027  17.656  -69.745  8.543 0.4000000060
9317  17.103  -70.482  8.320 0.4000000060
115550  23.358  -70.291  9.289 0.2000000030
9319  15.953  -71.150  7.556 0.8000000119
123995  14.275  -70.440  7.714 0.8999999762
8564  22.716  -71.432  9.120 0.3000000119
8592  22.565  -71.531  7.851 0.3000000119
7904  21.468  -72.503  7.833 0.3000000119
7913  19.782  -72.757  6.403 0.3000000119
10046  12.829  -70.264  7.283 0.8999999762
10699  10.991  -68.404  6.294 1.0000000000
10700  10.244  -67.937  6.110 1.0000000000
7242  18.302  -73.412  5.768 0.4000000060
7243  17.556  -73.717  5.391 0.5000000000
10701  9.822  -68.074  6.409 1.0000000000
7251  16.368  -73.394  4.457 0.5000000000
6703  15.132  -74.100  4.773 0.5000000000
10692  8.578  -68.564  7.478 1.0000000000
9394  15.381  -69.780  3.037 0.4000000060
108204  13.438  -70.646  3.072 0.5000000000
7958  14.022  -70.966  3.402 0.5000000000
6704  14.202  -74.042  4.731 0.6000000238
11429  7.490  -67.296  8.705 0.8999999762
10679  5.902  -68.530  9.247 0.6000000238
8653  12.044  -71.113  2.947 0.5000000000
7959  12.916  -71.070  3.287 0.5000000000
7273  12.454  -71.970  3.707 0.5000000000
7254  13.403  -73.173  4.151 0.5000000000
10694  6.708  -68.062  8.818 0.8999999762
3113  12.463  -81.638  1.656 0.6000000238
2358  12.769  -83.851  2.352 0.6999999881
7704  12.371  -72.491  21.364 0.8999999762
7703  12.545  -72.131  21.148 0.8999999762
9164  10.427  -71.024  20.540 0.8000000119
8411  9.867  -71.283  19.841 0.8000000119
8412  8.636  -71.354  19.979 0.8999999762
8413  7.362  -71.857  20.261 0.8000000119
7733  5.951  -72.385  19.050 0.6999999881
7766  5.143  -71.961  17.522 0.6999999881
9231  6.261  -70.558  15.353 0.4000000060
120688  24.133  -66.931  10.570 0.2000000030
11397  23.362  -67.660  10.564 0.2000000030
10657  22.643  -68.572  10.462 0.2000000030
10658  21.820  -68.386  10.764 0.2000000030
10659  21.044  -68.614  10.751 0.2000000030
11399  20.474  -68.046  10.869 0.2000000030
11410  23.575  -68.009  9.756 0.2000000030
10656  23.259  -68.444  10.155 0.2000000030
10032  16.920  -69.545  8.092 0.4000000060
9328  16.018  -70.585  7.474 0.6999999881
9330  14.763  -70.656  7.433 0.8999999762
10672  23.477  -68.775  9.583 0.2000000030
10043  23.570  -69.789  8.675 0.2000000030
9316  23.388  -70.574  8.548 0.3000000119
10035  13.759  -70.005  8.143 0.8999999762
10029  13.425  -69.180  9.063 0.8999999762
11426  10.483  -67.822  8.393 1.0000000000
9327  22.478  -70.796  7.285 0.3000000119
8593  21.902  -71.416  7.188 0.3000000119
7912  20.469  -72.430  6.733 0.3000000119
10036  12.618  -69.528  8.120 0.8999999762
10037  11.565  -68.915  7.838 0.8999999762
8606  20.685  -71.646  6.430 0.3000000119
7919  20.063  -71.996  6.057 0.3000000119
7920  19.413  -72.366  5.686 0.3000000119
109540  17.413  -69.835  2.153 0.4000000060
8623  19.835  -71.539  5.171 0.3000000119
7934  18.323  -72.284  4.579 0.4000000060
7250  17.212  -73.325  4.668 0.4000000060
8678  15.975  -70.025  2.488 0.4000000060
8650  14.718  -70.403  3.215 0.5000000000
7252  15.473  -73.359  4.318 0.5000000000
107652  6.094  -67.481  9.204 0.6000000238
8649  15.653  -70.355  3.407 0.4000000060
7272  13.647  -72.032  3.795 0.5000000000
12971  7.411  -64.887  8.895 1.0000000000
123424  6.534  -66.601  8.857 0.8000000119
12179  5.944  -65.626  8.788 0.6999999881
8384  12.826  -71.892  21.730 0.8999999762
9147  12.038  -71.300  21.654 0.8999999762
122481  10.380  -70.541  21.695 0.8000000119
9150  8.667  -70.552  21.345 0.8999999762
9166  8.107  -71.066  20.780 0.8999999762
9151  7.656  -70.854  21.556 0.8999999762
118907  7.219  -71.575  21.160 0.8999999762
8431  6.163  -72.185  19.905 0.8999999762
8432  5.227  -72.053  19.333 0.6000000238
8458  5.013  -71.232  17.448 0.6999999881
9186  4.963  -70.790  18.035 0.5000000000
119272  5.262  -70.791  16.661 0.4000000060
11398  22.287  -67.779  10.963 0.2000000030
11400  19.658  -67.770  10.585 0.2000000030
10685  17.299  -68.596  8.205 0.4000000060
10033  16.140  -69.785  7.605 0.6999999881
10045  15.423  -70.089  7.459 0.6999999881
10688  14.894  -69.269  8.073 0.6999999881
11414  10.203  -67.132  8.976 1.0000000000
12177  9.638  -66.229  9.292 1.0000000000
10684  23.500  -68.210  8.835 0.2000000030
10697  23.262  -69.073  8.126 0.2000000030
9325  23.294  -70.050  7.976 0.3000000119
10034  14.574  -69.975  7.937 0.8999999762
10028  14.181  -69.323  8.873 0.8999999762
10677  13.030  -68.499  9.723 0.8999999762
10689  11.312  -68.354  8.662 0.8999999762
7935  17.497  -72.452  4.287 0.5000000000
7936  16.653  -72.546  4.075 0.4000000060
7955  16.736  -71.472  3.731 0.4000000060
7956  15.997  -71.625  3.718 0.4000000060
9829  11.003  -69.701  24.488 0.8000000119
9845  9.403  -69.645  23.583 0.8999999762
102622  9.092  -70.291  21.911 0.8000000119
9133  7.216  -70.520  22.272 0.8999999762
9152  6.579  -71.313  21.718 0.8999999762
113347  5.523  -71.857  20.321 0.6999999881
8415  5.137  -71.363  20.584 0.6000000238
115311  4.994  -71.593  19.910 0.6000000238
117989  6.309  -69.864  16.554 0.4000000060
10674  18.124  -68.125  8.839 0.3000000119
10686  16.335  -68.891  7.698 0.4000000060
10698  15.436  -68.739  7.474 0.6999999881
10675  14.410  -68.579  9.224 0.8999999762
11413  11.030  -67.730  9.339 1.0000000000
10676  13.911  -68.624  9.681 0.8999999762
10663  13.655  -68.082  10.266 0.8999999762
11404  11.645  -67.574  10.188 0.8999999762
9830  9.910  -69.362  24.352 0.8000000119
9817  11.783  -69.443  25.295 0.8000000119
9844  10.471  -69.932  23.729 0.8000000119
9831  8.882  -69.052  24.250 0.8999999762
9132  8.212  -70.325  22.082 0.8999999762
9134  6.246  -70.626  22.411 0.8999999762
8397  5.688  -71.510  21.141 0.8999999762
9927  6.449  -69.559  17.217 0.3000000119
9928  5.411  -69.927  17.679 0.3000000119
9176  4.610  -71.227  19.127 0.6000000238
9926  7.617  -69.471  17.289 0.3000000119
11439  15.747  -68.283  7.060 0.6000000238
10687  15.738  -69.225  7.482 0.6999999881
11424  16.643  -67.958  7.508 0.4000000060
11441  15.102  -68.179  6.832 0.6999999881
11425  14.775  -68.318  8.248 0.8999999762
12209  16.069  -67.319  6.611 0.4000000060
11440  15.289  -67.733  6.292 0.6999999881
10662  14.224  -68.058  10.094 0.8999999762
10664  12.698  -67.906  10.288 0.8999999762
12163  11.300  -66.874  10.711 0.8999999762
12211  14.501  -67.383  6.162 0.6000000238
12191  13.689  -67.006  8.105 0.6999999881
11391  12.545  -67.212  10.919 0.8999999762
12152  11.950  -66.597  11.525 0.8999999762
13001  14.921  -65.928  5.833 0.3000000119
13016  12.539  -65.713  6.035 0.6000000238
12986  12.748  -66.233  7.791 0.6999999881
13015  12.735  -65.342  5.955 0.4000000060
13769  11.869  -64.757  8.144 0.6999999881
15421  12.486  -62.920  6.913 0.5000000000
14599  11.829  -63.683  7.250 0.5000000000
14592  11.837  -64.012  8.220 0.5000000000
15389  12.264  -62.890  7.255 0.4000000060
15366  12.300  -63.166  8.394 0.5000000000
14587  12.253  -63.831  9.494 0.6000000238
10467  11.095  -68.384  25.657 0.8000000119
11168  10.349  -67.440  26.465 0.8000000119
105678  10.119  -68.428  25.372 0.8000000119
105284  8.771  -68.339  24.911 0.8000000119
10480  9.577  -68.711  24.885 0.8000000119
122653  7.839  -69.114  23.880 0.8999999762
9846  8.361  -69.451  23.509 0.8999999762
10498  7.084  -68.930  24.082 0.8999999762
9847  7.402  -69.474  23.450 0.8999999762
9862  6.824  -70.020  22.933 0.8999999762
9135  5.561  -70.396  22.378 0.8999999762
8398  5.172  -71.032  21.229 0.8000000119
9168  4.899  -70.306  20.551 0.6000000238
9910  6.943  -69.032  17.812 0.3000000119
9911  5.824  -69.181  17.899 0.4000000060
9896  5.127  -69.265  19.265 0.4000000060
10566  5.621  -68.870  18.660 0.4000000060
12190  14.432  -67.786  7.483 0.8000000119
12175  14.272  -67.516  8.975 0.8000000119
12161  14.171  -67.117  10.086 0.8999999762
11390  13.688  -67.031  11.062 0.8999999762
115464  13.316  -66.269  8.887 0.6999999881
12931  13.660  -65.583  11.412 0.8999999762
12151  13.066  -66.543  11.620 0.8999999762
12952  13.526  -65.564  10.706 0.8999999762
12138  12.410  -66.142  12.349 0.8999999762
12139  11.245  -66.092  12.169 0.8999999762
13794  14.406  -64.851  6.283 0.3000000119
13765  12.179  -64.565  9.183 0.6000000238
12970  12.555  -65.463  8.784 0.6999999881
13754  13.219  -64.826  11.161 0.8999999762
12933  9.406  -65.367  11.717 1.0000000000
12154  9.629  -65.575  10.802 1.0000000000
14627  12.633  -63.515  6.615 0.3000000119
13755  12.468  -64.350  10.301 0.6999999881
12953  8.804  -65.001  10.542 1.0000000000
14626  13.595  -63.252  6.586 0.3000000119
15355  12.934  -63.148  9.923 0.6999999881
12934  8.211  -64.753  11.227 0.8999999762
12935  7.019  -64.343  10.577 0.8000000119
15420  13.038  -62.528  6.826 0.4000000060
15388  12.830  -62.292  7.136 0.4000000060
105184  13.354  -62.671  9.275 0.6999999881
15365  12.788  -62.342  7.944 0.4000000060
15364  13.939  -62.255  8.797 0.5000000000
9848  6.413  -69.549  23.581 1.0000000000
9863  5.899  -70.111  23.070 1.0000000000
9136  5.132  -70.032  22.129 0.8000000119
9875  4.935  -69.965  21.232 0.6999999881
9874  4.870  -69.334  21.410 0.6999999881
9897  4.990  -69.635  20.033 0.5000000000
10554  5.063  -68.930  20.002 0.6000000238
10564  7.413  -68.659  18.495 0.2000000030
10565  6.343  -68.623  18.399 0.2000000030
12150  13.769  -66.226  11.407 0.8999999762
103699  13.645  -65.478  11.906 0.8999999762
12137  13.311  -65.899  12.213 0.8999999762
12911  11.801  -65.741  13.064 0.8999999762
13724  13.277  -64.570  12.722 0.8999999762
13720  11.583  -64.716  13.701 0.8999999762
12897  11.206  -65.284  13.624 0.8000000119
11406  5.239  -66.835  10.174 0.4000000060
12167  5.293  -65.377  9.241 0.6000000238
108303  14.215  -63.994  6.503 0.3000000119
14577  12.392  -63.581  10.580 0.8000000119
14561  12.845  -63.928  12.707 0.8999999762
12913  9.694  -65.619  13.036 0.8999999762
12914  8.393  -65.084  12.672 0.8999999762
119451  5.111  -64.510  10.798 0.6000000238
15341  12.083  -63.089  11.192 0.8999999762
14562  12.453  -63.584  12.058 0.8999999762
12915  6.969  -64.356  12.377 0.8999999762
111438  5.986  -63.939  11.178 0.6999999881
15340  12.803  -62.590  10.615 0.8999999762
15354  13.727  -62.328  10.139 0.6999999881
10469  8.706  -67.785  25.556 0.8000000119
10470  7.955  -68.021  25.112 0.8999999762
105254  7.189  -68.293  24.706 0.8999999762
102589  6.796  -67.258  26.032 0.8000000119
117478  6.501  -68.497  24.451 1.0000000000
10499  6.068  -68.920  24.035 1.0000000000
9850  4.870  -69.064  23.183 0.8999999762
9865  4.894  -69.335  22.270 0.8999999762
10552  6.841  -68.028  18.869 0.2000000030
106238  5.045  -68.133  20.051 0.4000000060
11275  5.894  -67.920  18.942 0.2000000030
11380  4.933  -65.733  11.639 0.4000000060
11381  4.649  -67.262  12.136 0.2000000030
13718  12.707  -64.298  13.197 0.8999999762
13721  11.032  -64.148  13.866 0.8999999762
12885  9.583  -64.822  14.142 0.8000000119
108038  5.258  -64.500  11.617 0.6000000238
14547  11.261  -63.273  12.554 0.8999999762
13711  9.879  -64.158  14.186 0.8000000119
12899  9.062  -65.231  13.754 0.8999999762
12901  6.598  -64.192  12.945 0.8999999762
14563  11.683  -63.231  11.937 0.8999999762
14536  8.712  -63.845  14.248 0.8999999762
13712  8.067  -64.131  14.237 0.8999999762
107194  5.738  -64.042  12.129 0.6999999881
14625  14.753  -63.159  6.339 0.3000000119
122864  13.931  -62.368  9.557 0.6000000238
11172  5.923  -66.938  26.210 0.8000000119
11205  6.333  -68.048  24.957 0.8000000119
10481  5.733  -68.325  24.463 0.8999999762
10500  5.253  -68.655  23.866 0.8999999762
11220  4.660  -68.097  23.507 0.8999999762
10524  4.741  -68.625  21.606 0.8000000119
10537  4.826  -68.759  20.745 0.6999999881
104797  5.811  -67.125  19.460 0.2000000030
11276  5.360  -67.572  19.574 0.4000000060
12133  4.909  -65.130  12.492 0.6000000238
16141  14.438  -61.706  10.289 0.6000000238
16142  13.455  -61.721  10.504 0.8000000119
12902  5.279  -64.204  12.707 0.6999999881
16143  12.376  -61.909  10.775 0.8999999762
14542  10.438  -63.645  13.677 0.8999999762
14549  9.278  -62.876  12.615 0.8000000119
14537  7.592  -63.544  14.029 0.8999999762
13713  6.933  -63.689  13.646 0.8000000119
12888  6.349  -63.877  13.090 0.8000000119
15342  11.631  -62.337  10.953 0.8999999762
15316  9.798  -62.683  11.834 0.8999999762
14543  9.364  -63.410  13.690 0.8000000119
104691  8.255  -63.412  13.907 0.8999999762
12887  7.405  -64.361  13.901 0.8999999762
11951  6.000  -66.333  26.752 0.6999999881
11206  5.361  -67.719  25.002 0.8000000119
121328  4.808  -67.617  24.688 0.8999999762
11970  4.151  -66.460  25.188 0.8999999762
11231  4.483  -67.579  22.599 1.0000000000
11243  4.632  -67.815  21.678 0.6999999881
12053  5.163  -66.758  19.779 0.3000000119
113627  4.564  -67.320  20.825 0.6000000238
122248  13.961  -60.631  10.381 0.6000000238
17037  12.811  -60.925  10.404 0.8000000119
17036  12.772  -59.825  9.924 0.8000000119
107547  11.893  -61.071  10.376 0.8999999762
17053  15.021  -61.078  10.369 0.5000000000
16144  11.353  -61.578  10.570 0.8999999762
12903  4.605  -65.105  13.275 0.5000000000
15343  10.708  -62.194  10.843 0.8999999762
13714  5.260  -63.609  13.169 0.6000000238
12889  4.480  -64.494  13.545 0.6999999881
111365  9.998  -62.371  11.114 0.8999999762
121772  9.178  -62.582  11.867 0.6999999881
15306  8.344  -62.965  13.158 0.8999999762
14544  7.116  -62.975  13.349 0.8999999762
11952  5.300  -66.427  26.211 0.8000000119
12754  3.829  -65.813  24.966 0.8999999762
11986  4.078  -66.598  24.328 0.8999999762
12007  4.322  -67.161  23.432 0.8999999762
116831  4.292  -66.849  22.551 0.6999999881
12054  4.371  -66.257  19.960 0.3000000119
117494  4.376  -66.938  21.560 0.5000000000
115071  4.231  -66.583  20.434 0.5000000000
17927  14.491  -59.726  10.141 0.6000000238
115559  15.910  -59.741  10.249 0.5000000000
121407  14.731  -60.435  10.354 0.5000000000
17054  11.853  -60.130  10.074 0.6999999881
16145  10.262  -61.288  10.345 0.8999999762
15344  9.638  -61.729  10.577 0.8999999762
13715  4.318  -63.847  14.079 0.6000000238
123519  4.813  -62.921  13.828 0.6000000238
114039  6.158  -63.171  13.412 0.8000000119
15317  8.436  -62.465  12.015 0.8000000119
16762  9.599  -60.580  27.604 0.8000000119
13565  6.101  -64.473  26.214 0.8999999762
13611  4.008  -65.013  22.957 0.8999999762
104086  3.879  -64.675  23.997 0.8000000119
12800  3.356  -65.315  20.740 0.4000000060
123867  11.702  -59.513  10.043 0.8999999762
106325  11.032  -60.027  10.135 0.8999999762
17038  11.001  -60.725  10.194 0.8999999762
122189  8.994  -60.620  10.419 0.8999999762
17039  10.021  -60.529  10.375 0.8999999762
16146  9.233  -61.002  10.272 0.8000000119
15332  9.098  -62.250  11.143 0.8000000119
16132  8.703  -61.386  10.569 0.8000000119
15295  4.578  -62.414  14.724 0.4000000060
15333  8.145  -61.772  11.157 0.8000000119
15293  5.652  -62.406  13.313 0.6999999881
115323  7.631  -62.004  11.824 0.8999999762
15308  6.364  -62.094  12.852 0.8999999762
105356  10.303  -60.561  26.999 0.8000000119
16778  8.370  -60.592  26.554 0.8000000119
16803  8.159  -60.605  25.752 0.8000000119
15938  6.958  -60.965  25.755 0.8000000119
109446  6.681  -61.355  24.855 0.8999999762
14376  5.319  -62.906  25.024 0.8999999762
14353  4.691  -63.746  25.193 0.8999999762
119400  4.257  -64.457  25.253 0.8999999762
15154  5.353  -62.140  24.549 0.8999999762
14377  4.305  -62.925  24.566 0.8000000119
105516  3.849  -64.921  24.781 0.8000000119
109445  3.288  -63.864  20.450 0.6000000238
14401  3.841  -63.393  23.153 0.6999999881
12814  3.415  -64.993  19.970 0.4000000060
13622  3.365  -64.425  21.121 0.5000000000
13602  3.864  -64.063  22.363 0.6999999881
17928  11.304  -59.326  10.165 1.0000000000
18826  9.864  -59.207  10.884 1.0000000000
17912  8.130  -59.816  11.165 0.8000000119
17897  7.829  -59.215  12.229 0.8000000119
17930  9.371  -60.109  10.581 1.0000000000
17898  7.218  -59.651  12.757 0.8000000119
17926  15.227  -59.119  9.895 0.5000000000
17940  13.494  -59.342  9.670 0.6000000238
17025  8.017  -60.498  10.779 0.8999999762
17913  7.653  -60.118  11.556 0.8000000119
16147  8.481  -60.759  10.456 0.8000000119
17015  7.204  -60.506  12.227 0.8000000119
16133  7.940  -60.994  10.708 0.8000000119
16121  7.078  -61.025  12.164 0.8000000119
15334  7.543  -61.299  11.510 0.6999999881
15294  4.855  -61.930  14.062 0.4000000060
15309  5.534  -61.528  13.476 0.6999999881
15953  7.030  -60.783  24.848 0.8000000119
16832  6.470  -60.867  24.278 0.8999999762
15955  5.235  -61.567  24.030 0.8000000119
110931  8.879  -60.516  25.245 0.8000000119
118518  4.559  -62.180  24.216 0.8000000119
119080  3.841  -62.312  23.893 0.8000000119
15207  3.697  -62.548  21.735 0.6999999881
15182  3.633  -62.331  22.582 0.8000000119
19754  8.480  -57.631  12.580 0.8000000119
18778  7.315  -58.312  13.724 0.6000000238
17852  6.732  -58.712  14.187 0.5000000000
18825  10.712  -58.847  10.475 1.0000000000
120132  9.280  -58.272  11.634 1.0000000000
18814  8.422  -58.778  11.905 0.8999999762
17839  6.373  -59.218  14.650 0.5000000000
106366  12.802  -59.062  9.387 0.6999999881
17941  12.245  -59.278  9.741 0.8000000119
17879  6.522  -59.684  13.444 0.6999999881
111887  5.949  -59.893  13.848 0.6999999881
17939  14.229  -58.801  9.299 0.6000000238
16999  6.346  -60.320  13.355 0.6999999881
103300  5.472  -60.210  15.215 0.3000000119
16107  6.400  -61.310  12.937 0.6999999881
16108  5.823  -60.701  13.588 0.6000000238
16088  5.065  -60.885  14.516 0.5000000000
118489  17.473  -60.105  9.903 0.5000000000
15318  7.024  -61.665  12.321 0.8000000119
118946  7.231  -60.425  23.964 0.8999999762
16831  7.946  -60.511  24.799 0.8000000119
15969  5.314  -61.040  23.473 0.8000000119
15181  3.570  -61.844  23.117 0.6999999881
19741  8.133  -57.423  12.962 0.8000000119
18748  7.350  -58.675  14.311 0.5000000000
18813  10.161  -58.328  10.977 1.0000000000
18841  11.977  -58.886  9.777 0.8000000119
17925  16.472  -59.832  10.215 0.5000000000
18823  16.170  -59.186  10.067 0.5000000000
16855  8.227  -60.295  23.941 0.8000000119
115287  8.978  -60.152  23.342 0.8000000119
114390  7.909  -60.073  23.266 0.8999999762
103404  6.965  -59.982  23.080 0.8999999762
19753  9.119  -56.975  12.331 0.8000000119
16870  9.389  -59.911  22.508 0.8000000119
17755  7.935  -59.740  21.853 0.8000000119
17756  6.949  -59.914  22.018 0.8000000119
16926  6.072  -60.114  18.397 0.5000000000
16927  5.292  -60.228  18.757 0.5000000000
19752  10.015  -57.425  11.447 1.0000000000
19717  8.290  -57.304  13.038 0.8000000119
18840  12.602  -58.556  9.367 0.8000000119
18824  11.541  -58.413  10.111 0.8999999762
118800  15.719  -58.499  9.586 0.5000000000
17938  17.921  -59.584  9.885 0.5000000000
18822  17.043  -59.464  10.168 0.5000000000
18837  16.523  -58.485  9.824 0.5000000000
115617  10.310  -59.902  22.382 0.8000000119
17753  9.751  -59.660  21.756 0.8000000119
17754  8.857  -59.695  21.827 0.8999999762
17766  9.210  -59.396  21.082 0.8000000119
17768  7.321  -59.666  20.875 0.8000000119
16882  5.980  -60.115  21.667 0.8000000119
124158  6.778  -60.864  18.214 0.5000000000
17798  5.681  -59.848  19.279 0.6000000238
17770  5.373  -59.888  20.103 0.6000000238
16925  7.357  -59.877  17.794 0.5000000000
17805  6.758  -59.876  18.333 0.6000000238
19694  9.254  -57.027  13.410 0.4000000060
20633  9.502  -56.176  13.828 0.4000000060
19716  8.950  -56.523  13.286 0.6999999881
21537  9.402  -55.814  13.705 0.5000000000
20690  9.101  -56.071  12.823 0.8000000119
21581  9.409  -55.609  13.342 0.8000000119
18839  13.390  -58.353  8.844 0.6999999881
19780  12.224  -58.005  9.541 0.8999999762
111357  14.882  -58.126  8.860 0.6000000238
18838  14.071  -58.179  8.429 0.6000000238
105536  15.805  -57.697  9.055 0.5000000000
19777  15.039  -57.147  8.149 0.6000000238
17765  10.053  -59.198  20.988 0.6999999881
17778  9.418  -58.953  20.310 0.8000000119
17767  8.335  -59.492  21.035 0.8000000119
17779  7.926  -59.306  19.899 0.8000000119
16937  17.727  -59.649  16.585 0.4000000060
16916  16.635  -60.541  17.568 0.3000000119
16918  14.992  -60.567  17.594 0.4000000060
16907  14.286  -60.891  18.441 0.2000000030
16924  8.151  -60.245  17.648 0.5000000000
17796  7.327  -59.475  18.921 0.8000000119
114123  15.888  -60.245  16.964 0.4000000060
16940  14.534  -60.235  16.899 0.4000000060
103970  14.093  -60.542  17.442 0.3000000119
16047  12.093  -61.166  18.576 0.2000000030
16921  11.703  -60.657  17.748 0.4000000060
16049  9.895  -60.789  18.107 0.3000000119
16923  9.075  -60.191  17.509 0.6000000238
16955  15.840  -59.393  16.477 0.5000000000
108127  14.005  -60.112  16.725 0.4000000060
16942  12.217  -60.159  16.977 0.4000000060
16944  10.279  -59.787  17.008 0.4000000060
16947  7.994  -59.616  17.639 0.6000000238
16941  13.267  -60.273  16.974 0.5000000000
17819  11.756  -59.370  16.675 0.5000000000
20702  10.708  -56.808  11.009 1.0000000000
20689  9.807  -56.365  11.933 1.0000000000
20701  11.380  -56.355  10.657 1.0000000000
19778  13.386  -57.441  8.266 0.6999999881
110245  12.995  -57.012  8.561 0.8000000119
18855  13.782  -57.775  8.125 0.6999999881
18671  10.220  -58.469  20.201 0.8000000119
18672  9.435  -58.455  19.471 0.8000000119
17816  18.303  -59.070  16.308 0.6000000238
16922  10.712  -60.595  17.724 0.3000000119
18743  13.596  -59.098  16.500 0.5000000000
110599  9.834  -60.172  17.417 0.5000000000
17804  7.782  -59.451  18.051 0.6999999881
16956  15.028  -59.257  16.421 0.5000000000
21554  10.462  -55.249  13.917 0.5000000000
21595  9.837  -55.618  12.547 0.6999999881
21594  10.952  -55.276  12.220 0.8999999762
19762  12.472  -57.074  9.253 0.8999999762
19763  11.665  -57.244  10.154 0.8999999762
20688  10.655  -55.971  11.492 1.0000000000
21602  11.596  -55.725  10.922 0.8999999762
20700  12.153  -56.235  9.851 1.0000000000
20722  12.914  -56.391  8.893 0.8999999762
19794  14.308  -56.646  7.789 0.6000000238
116984  14.060  -56.028  7.982 0.8000000119
107113  14.786  -58.729  16.795 0.5000000000
122781  9.982  -58.012  19.384 0.8000000119
108019  9.530  -58.068  18.627 0.8000000119
18707  18.151  -58.290  17.983 0.8000000119
102396  17.016  -58.627  16.793 0.6999999881
18725  16.367  -58.960  16.495 0.6000000238
18712  13.378  -58.046  17.326 0.6999999881
19671  12.516  -57.728  17.547 0.6999999881
19672  11.744  -57.756  17.326 0.6999999881
17818  16.414  -59.088  16.361 0.5000000000
18741  15.220  -59.040  16.527 0.5000000000
18727  13.917  -58.619  16.826 0.5000000000
18728  13.038  -58.430  16.902 0.5000000000
18731  10.472  -58.098  17.239 0.6000000238
18732  9.662  -58.443  17.395 0.6999999881
17795  8.099  -58.972  18.738 0.8000000119
18742  14.474  -59.076  16.476 0.4000000060
18745  11.762  -58.615  16.822 0.6000000238
17833  10.999  -58.696  16.841 0.5000000000
18694  8.505  -58.874  17.933 0.6999999881
17830  18.249  -58.667  16.391 0.6000000238
16959  12.851  -59.553  16.530 0.5000000000
112447  9.984  -58.911  16.878 0.6000000238
18733  8.987  -58.904  17.322 0.6000000238
22385  11.846  -55.188  14.176 0.5000000000
21579  11.032  -54.983  13.368 0.6000000238
22432  11.764  -54.752  13.621 0.6999999881
22448  11.805  -54.755  12.724 0.8999999762
21617  12.823  -55.788  9.408 1.0000000000
21616  13.577  -55.781  8.708 0.8999999762
19658  13.749  -57.545  19.063 0.6999999881
18706  20.064  -57.629  17.432 0.8999999762
106142  18.967  -58.173  17.909 0.8999999762
18708  17.624  -58.346  17.326 0.6000000238
18709  16.075  -58.651  17.074 0.6000000238
19661  11.591  -57.403  18.136 0.6999999881
19649  10.682  -57.579  18.030 0.6999999881
18713  9.883  -57.926  17.901 0.8000000119
102512  22.538  -55.996  16.978 0.8999999762
117872  19.206  -57.834  16.886 0.8999999762
18722  20.017  -57.703  16.450 0.8000000119
18723  18.965  -58.201  16.509 0.8000000119
22406  13.079  -54.638  13.973 0.5000000000
21593  12.039  -55.040  11.427 0.8999999762
22447  12.761  -54.582  12.182 0.8999999762
22431  12.472  -54.513  13.419 0.6999999881
21601  12.407  -55.424  10.245 1.0000000000
19645  14.213  -57.217  19.995 0.8000000119
19659  13.200  -57.617  18.211 0.6999999881
106859  11.706  -57.172  19.172 0.8000000119
18664  20.093  -57.886  19.890 0.8000000119
18686  19.549  -58.107  18.942 0.8000000119
18688  17.512  -58.428  18.747 0.8000000119
103504  15.607  -58.352  18.318 0.8000000119
18690  14.686  -57.965  18.667 0.6999999881
19623  21.627  -57.051  20.065 0.8999999762
18685  20.617  -57.714  18.595 0.8000000119
18710  15.158  -58.499  17.357 0.6999999881
18711  14.115  -58.126  17.616 0.6999999881
20600  23.176  -56.178  20.083 0.8000000119
19622  22.939  -56.561  19.477 0.8999999762
19643  21.128  -57.523  19.466 0.8000000119
122975  24.019  -55.536  20.470 0.8999999762
21592  12.998  -54.821  10.838 1.0000000000
22446  13.587  -54.313  11.600 1.0000000000
22430  13.364  -54.238  13.159 1.0000000000
21600  13.321  -55.230  9.756 1.0000000000
21615  14.511  -55.411  8.431 0.8000000119
21614  15.191  -54.935  8.170 0.8000000119
20588  22.478  -55.997  20.895 0.8999999762
21505  23.315  -55.739  20.617 0.8999999762
22481  14.998  -54.282  9.016 1.0000000000
22461  14.528  -53.666  9.872 1.0000000000
21591  13.892  -54.597  10.368 1.0000000000
21599  14.212  -54.937  9.364 1.0000000000
22338  22.879  -54.803  21.714 0.6999999881
22337  23.670  -54.530  21.472 0.8000000119
25065  24.512  -51.357  21.074 0.6000000238
25974  24.099  -50.571  20.728 0.6000000238
22480  15.310  -53.867  8.731 0.8000000119
21477  22.081  -54.518  22.329 0.6999999881
121489  23.534  -53.724  21.920 0.4000000060
24112  23.526  -52.351  22.534 0.4000000060
24121  24.156  -52.488  21.862 0.5000000000
104825  23.858  -51.050  21.733 0.3000000119
26883  23.202  -49.896  21.030 0.1000000015
26884  22.303  -49.461  20.949 0.1000000015
27737  20.702  -49.477  20.906 0.2000000030
27749  21.199  -50.121  20.163 0.1000000015
26885  21.925  -50.079  20.027 0.2000000030
26886  20.054  -50.368  20.407 0.1000000015
26902  23.676  -50.382  19.790 0.5000000000
26903  22.769  -50.163  19.929 0.4000000060
26904  21.212  -51.231  19.126 0.2000000030
111797  20.443  -50.878  19.696 0.2000000030
25993  19.710  -51.209  19.862 0.2000000030
26020  19.599  -51.188  19.597 0.2000000030
25965  22.871  -50.340  22.924 0.2000000030
25056  23.493  -51.514  22.517 0.3000000119
25964  23.304  -50.738  22.364 0.2000000030
26871  23.010  -50.064  22.107 0.2000000030
27722  21.851  -49.047  21.852 0.1000000015
27736  21.534  -49.321  21.014 0.2000000030
110009  22.519  -49.517  21.909 0.1000000015
25991  24.963  -50.866  20.208 0.5000000000
27723  21.121  -48.747  21.789 0.1000000015
26901  24.451  -50.426  19.547 0.5000000000
106418  23.079  -50.876  18.948 0.4000000060
26925  22.159  -51.196  18.734 0.2000000030
102809  20.679  -51.379  18.902 0.2000000030
25992  20.050  -51.102  19.289 0.2000000030
26858  22.532  -49.722  23.512 0.1000000015
123292  22.594  -49.761  22.652 0.1000000015
27724  20.345  -48.678  21.837 0.1000000015
25990  25.776  -50.883  20.239 0.6999999881
26016  25.381  -50.385  20.080 0.6999999881
26017  24.890  -50.307  19.680 0.4000000060
26924  23.732  -50.527  18.735 0.3000000119
26019  22.054  -51.275  18.094 0.3000000119
26872  22.132  -49.273  22.739 0.1000000015
26873  21.489  -48.776  22.705 0.1000000015
25988  27.485  -50.564  20.343 0.8999999762
26899  26.482  -49.475  20.299 0.6000000238
26900  25.939  -49.434  20.142 0.5000000000
27762  24.924  -49.312  19.176 0.5000000000
120556  23.369  -49.486  18.098 0.4000000060
109217  20.736  -48.498  22.612 0.1000000015
26015  25.993  -50.069  20.203 0.6000000238
26922  25.301  -49.826  19.723 0.4000000060
26954  23.950  -50.222  18.465 0.4000000060
26955  23.280  -50.314  18.158 0.2000000030
27792  21.669  -49.883  17.790 0.1000000015
27767  20.383  -49.575  18.578 0.1000000015
26923  24.581  -50.188  18.896 0.5000000000
26957  21.836  -50.834  17.828 0.2000000030
105775  19.888  -50.003  18.881 0.1000000015
26926  21.326  -51.478  18.267 0.2000000030
26927  20.435  -50.945  18.615 0.2000000030
26928  19.673  -50.748  19.143 0.2000000030
25193  14.343  -49.530  11.298 0.8000000119
24278  14.083  -49.851  10.132 0.8000000119
24290  14.437  -50.356  9.314 0.8000000119
25211  14.761  -49.838  9.927 0.8000000119
24289  16.024  -51.053  10.099 0.6999999881
25074  29.472  -50.999  20.098 1.0000000000
25987  28.957  -50.391  20.273 1.0000000000
107079  28.168  -49.383  20.404 1.0000000000
27747  26.373  -48.845  20.253 0.6000000238
108131  24.476  -48.459  19.054 0.5000000000
118130  23.739  -48.608  18.589 0.1000000015
25986  29.818  -50.119  20.126 1.0000000000
107853  28.856  -49.024  20.412 1.0000000000
27765  22.036  -48.799  18.252 0.1000000015
27766  21.127  -49.082  18.307 0.1000000015
25100  30.863  -51.260  19.206 1.0000000000
26013  30.722  -50.314  19.421 1.0000000000
26111  14.623  -49.348  11.561 0.6999999881
26120  13.958  -49.147  10.638 0.8000000119
25210  16.339  -50.512  10.730 0.6000000238
28579  26.978  -47.987  20.325 0.6000000238
28594  25.275  -48.136  19.802 0.5000000000
115607  23.345  -47.828  18.966 0.1000000015
28597  22.530  -47.491  19.180 0.1000000015
26897  29.678  -49.108  20.261 1.0000000000
27746  28.332  -48.612  20.431 0.8000000119
111750  27.824  -48.140  20.417 0.6999999881
27764  22.946  -48.685  18.342 0.1000000015
28598  21.473  -47.762  19.118 0.1000000015
26042  31.719  -51.016  18.722 1.0000000000
26921  30.734  -49.492  19.403 1.0000000000
112668  33.023  -51.912  18.210 0.8999999762
26920  31.197  -50.429  18.875 1.0000000000
27028  14.959  -49.255  11.896 0.6000000238
27036  14.348  -48.757  11.024 0.6999999881
26132  14.945  -49.403  10.474 0.8000000119
26119  16.837  -49.987  11.248 0.6000000238
24277  17.504  -51.666  10.884 0.5000000000
29402  24.163  -46.641  19.599 0.3000000119
28596  23.396  -46.906  19.423 0.1000000015
28580  26.119  -47.343  20.246 0.6000000238
28595  24.663  -47.409  19.619 0.3000000119
27745  29.244  -48.388  20.387 0.6999999881
28577  28.677  -47.733  20.375 0.6000000238
28578  27.825  -47.375  20.402 0.6000000238
29389  27.103  -46.961  20.397 0.5000000000
119059  30.315  -48.895  19.991 0.8000000119
28576  29.682  -47.711  20.242 0.6999999881
27761  30.478  -48.435  19.821 0.8999999762
27790  31.287  -49.640  18.604 0.6999999881
28592  30.534  -47.868  19.542 0.6999999881
27881  15.227  -48.092  10.925 0.8000000119
27848  15.760  -48.421  12.596 0.6000000238
27868  14.527  -48.496  11.004 0.6999999881
27046  15.294  -49.010  10.819 0.6999999881
105813  14.986  -48.612  10.827 0.6999999881
27880  16.281  -48.236  11.254 0.6999999881
28698  15.309  -47.497  10.923 0.6999999881
109635  16.176  -47.682  11.112 0.6999999881
28697  16.618  -47.129  10.941 0.3000000119
29391  24.937  -46.481  19.878 0.3000000119
29390  25.748  -46.471  20.128 0.4000000060
30284  24.413  -45.768  19.734 0.4000000060
29403  23.570  -45.923  19.617 0.3000000119
29388  27.780  -46.681  20.270 0.6000000238
30275  27.195  -46.124  20.130 0.6000000238
30276  26.223  -45.871  20.100 0.4000000060
30277  25.326  -45.666  19.907 0.3000000119
28575  30.303  -47.815  20.035 0.6999999881
28593  30.031  -47.205  19.704 0.6000000238
29400  29.133  -46.553  19.610 0.6000000238
29401  28.128  -46.271  19.879 0.6000000238
29429  29.952  -46.594  19.098 0.6999999881
30280  28.456  -45.852  19.208 0.6999999881
118307  30.921  -48.635  18.142 0.6999999881
121990  30.432  -46.968  18.137 0.6999999881
28637  30.817  -48.313  17.437 0.6999999881
28656  24.312  -48.097  13.090 0.5000000000
28658  22.486  -47.947  13.111 0.4000000060
28672  22.217  -47.276  12.842 0.5000000000
110747  21.127  -47.463  13.039 0.6000000238
28660  20.472  -47.459  13.171 0.5000000000
28665  15.352  -47.642  12.443 0.8000000119
27858  14.458  -48.216  11.236 0.8000000119
30350  16.356  -45.998  12.742 0.4000000060
28676  14.615  -47.585  11.666 0.6999999881
29515  17.680  -46.633  9.893 0.3000000119
119125  25.960  -45.305  19.791 0.3000000119
111435  24.664  -45.071  19.653 0.3000000119
30281  27.568  -45.630  19.520 0.4000000060
30282  26.701  -45.408  19.709 0.4000000060
30283  25.402  -44.905  19.603 0.3000000119
29430  29.341  -46.061  18.730 0.5000000000
111783  30.135  -46.423  18.143 0.6999999881
29446  30.543  -47.042  16.575 0.6999999881
29442  30.501  -46.890  17.460 0.6000000238
28648  27.235  -47.356  14.700 0.6000000238
27828  26.170  -47.992  13.765 0.3000000119
109340  25.683  -47.459  13.389 0.5000000000
29467  24.887  -47.463  13.076 0.4000000060
28657  23.448  -47.978  13.013 0.4000000060
28671  23.052  -47.135  12.761 0.5000000000
29476  22.272  -46.573  12.451 0.4000000060
119901  21.587  -47.060  12.771 0.4000000060
28673  20.846  -46.942  12.732 0.5000000000
29480  19.159  -46.630  12.722 0.4000000060
28683  14.613  -47.661  11.276 0.6999999881
27869  14.723  -47.863  11.046 0.6000000238
30362  16.819  -45.456  12.442 0.5000000000
30363  15.165  -45.974  12.393 0.6000000238
112761  15.664  -45.210  12.265 0.5000000000
113892  14.570  -45.966  11.015 0.5000000000
29517  15.674  -46.519  10.677 0.5000000000
29533  17.192  -46.091  9.815 0.3000000119
107728  22.934  -45.261  19.515 0.2000000030
123945  24.290  -44.744  19.483 0.2000000030
108973  23.850  -45.070  19.565 0.2000000030
31181  23.963  -44.428  19.318 0.2000000030
32057  23.483  -44.018  19.062 0.1000000015
31178  27.005  -44.944  19.190 0.4000000060
111574  26.192  -44.804  19.423 0.4000000060
31180  24.727  -44.451  19.339 0.3000000119
32055  24.990  -43.908  18.922 0.2000000030
32077  23.804  -43.748  18.610 0.1000000015
30314  27.785  -45.295  18.764 0.5000000000
31208  27.245  -44.641  18.400 0.4000000060
31179  25.562  -44.334  19.184 0.4000000060
32076  24.467  -43.649  18.419 0.2000000030
29443  29.524  -45.720  17.712 0.6000000238
30313  28.639  -45.514  18.291 0.5000000000
31207  27.994  -45.049  17.874 0.5000000000
29447  30.150  -46.203  16.848 0.6999999881
30326  28.870  -45.203  17.403 0.6000000238
29453  30.099  -46.624  15.838 0.6999999881
106243  29.765  -45.731  15.876 0.6000000238
29454  29.551  -46.639  15.293 0.8000000119
29455  28.606  -46.599  15.135 0.6999999881
29460  27.631  -46.574  14.800 0.5000000000
121102  27.129  -46.928  14.375 0.6000000238
28649  26.706  -47.299  14.007 0.5000000000
109683  26.206  -46.841  13.464 0.4000000060
29466  25.418  -46.868  13.042 0.4000000060
29474  24.645  -46.751  12.752 0.5000000000
29475  23.809  -46.560  12.538 0.5000000000
117659  23.074  -46.393  12.390 0.6000000238
29477  21.368  -46.469  12.295 0.4000000060
29478  20.525  -46.369  12.198 0.4000000060
29494  21.045  -45.882  11.707 0.6000000238
29479  19.563  -46.110  12.075 0.5000000000
111172  18.571  -46.060  12.389 0.5000000000
30359  22.709  -45.920  11.964 0.5000000000
112753  21.885  -45.951  11.824 0.5000000000
30386  21.539  -45.240  11.217 0.5000000000
30387  20.615  -45.240  11.300 0.5000000000
30388  19.660  -45.218  11.424 0.5000000000
30360  18.755  -45.444  11.786 0.5000000000
31270  16.646  -44.706  11.827 0.4000000060
31269  17.951  -44.733  11.609 0.4000000060
31299  17.099  -43.866  11.168 0.4000000060
31300  15.657  -43.983  11.036 0.5000000000
30405  14.647  -45.093  10.938 0.5000000000
30415  16.540  -45.376  9.982 0.4000000060
121110  16.626  -44.402  9.764 0.4000000060
30414  17.372  -45.419  9.546 0.3000000119
31329  18.608  -44.945  9.033 0.2000000030
31182  23.193  -44.535  19.349 0.2000000030
32075  25.648  -43.942  18.705 0.2000000030
31209  26.374  -44.292  18.777 0.3000000119
32074  26.038  -43.742  18.179 0.3000000119
106383  25.258  -43.613  18.291 0.2000000030
32092  23.765  -43.509  17.793 0.2000000030
31227  26.805  -44.057  17.950 0.3000000119
32091  24.753  -43.389  17.680 0.2000000030
32111  23.282  -43.275  16.875 0.1000000015
30325  29.581  -45.414  16.722 0.6000000238
30330  29.114  -44.925  16.680 0.5000000000
31226  27.557  -44.434  17.547 0.4000000060
31233  29.474  -44.934  15.947 0.6000000238
121845  29.329  -46.073  14.949 0.5000000000
30341  27.766  -45.704  14.259 0.5000000000
29465  27.040  -46.469  13.913 0.5000000000
109039  26.525  -46.124  13.328 0.4000000060
30349  25.899  -46.259  12.904 0.5000000000
29473  25.204  -46.328  12.667 0.5000000000
30356  25.498  -45.717  12.406 0.4000000060
30357  24.535  -45.955  12.304 0.5000000000
30358  23.543  -45.872  12.114 0.5000000000
30383  24.065  -45.288  11.737 0.6000000238
30385  22.335  -45.474  11.430 0.5000000000
109641  20.930  -44.696  10.927 0.5000000000
31296  20.165  -44.529  10.994 0.5000000000
31268  18.827  -44.812  11.374 0.5000000000
31297  19.265  -44.317  11.077 0.5000000000
32165  16.434  -43.411  10.876 0.4000000060
31312  15.713  -44.032  10.781 0.4000000060
109638  15.921  -44.079  10.376 0.3000000119
123504  16.343  -43.931  9.913 0.3000000119
30413  18.074  -45.438  9.275 0.2000000030
31330  17.718  -44.704  9.286 0.2000000030
31354  17.280  -43.706  9.455 0.3000000119
115601  18.388  -43.940  9.016 0.2000000030
105308  19.510  -43.727  8.685 0.2000000030
32089  26.434  -43.499  17.504 0.3000000119
32090  25.620  -43.368  17.625 0.3000000119
32109  25.192  -43.048  17.030 0.2000000030
32110  24.257  -43.180  16.971 0.1000000015
32953  23.795  -42.709  16.315 0.1000000015
31225  28.372  -44.719  17.100 0.5000000000
31235  28.009  -44.128  16.767 0.3000000119
32107  26.871  -43.163  16.872 0.3000000119
32108  26.067  -42.998  17.038 0.2000000030
32952  24.760  -42.620  16.434 0.1000000015
31234  28.920  -44.406  16.308 0.5000000000
32105  28.560  -43.740  15.953 0.4000000060
32951  25.698  -42.576  16.474 0.2000000030
32964  25.310  -42.125  15.883 0.1000000015
30335  29.589  -44.964  15.135 0.5000000000
31240  29.306  -44.213  15.450 0.4000000060
30336  29.358  -45.373  14.802 0.4000000060
32120  28.986  -43.429  15.122 0.4000000060
30339  29.295  -44.663  14.621 0.4000000060
29459  28.581  -45.848  14.716 0.4000000060
30347  27.139  -45.571  13.550 0.5000000000
30348  26.424  -45.425  12.820 0.5000000000
30382  25.004  -45.202  11.816 0.6000000238
106021  23.706  -44.821  11.240 0.4000000060
31310  22.819  -44.117  10.735 0.4000000060
31311  22.147  -44.122  10.675 0.4000000060
32162  19.704  -43.707  10.769 0.4000000060
32164  17.686  -43.128  10.907 0.3000000119
120908  17.199  -43.103  10.877 0.3000000119
32176  16.409  -43.409  10.595 0.3000000119
32192  16.204  -43.453  10.169 0.3000000119
31355  16.494  -43.364  9.855 0.3000000119
33017  19.084  -42.851  10.631 0.3000000119
33018  18.082  -42.494  10.724 0.3000000119
33039  16.814  -41.792  10.184 0.3000000119
33059  16.567  -42.447  10.109 0.3000000119
32205  16.842  -42.828  9.676 0.3000000119
32203  18.674  -42.861  8.811 0.2000000030
32204  17.608  -42.852  9.301 0.2000000030
32106  27.655  -43.444  16.469 0.3000000119
32949  27.279  -42.890  16.269 0.3000000119
32950  26.559  -42.673  16.413 0.2000000030
32963  26.295  -42.176  15.865 0.2000000030
32965  24.321  -42.184  15.796 0.1000000015
32962  27.207  -42.435  15.747 0.4000000060
113355  27.938  -42.207  15.077 0.4000000060
33904  25.950  -41.606  15.350 0.2000000030
31243  29.303  -44.073  14.777 0.4000000060
31244  28.912  -44.077  14.182 0.5000000000
32124  28.904  -43.337  14.495 0.4000000060
112673  27.927  -44.840  13.874 0.5000000000
31254  27.249  -44.718  13.213 0.5000000000
31267  25.898  -44.947  12.069 0.5000000000
31290  26.191  -44.255  11.784 0.5000000000
31291  25.422  -44.353  11.423 0.5000000000
31292  24.456  -44.634  11.310 0.5000000000
31309  23.730  -44.119  10.878 0.4000000060
33036  21.834  -42.969  10.213 0.3000000119
33015  20.985  -43.037  10.348 0.3000000119
34910  17.472  -40.734  10.159 0.3000000119
33058  16.727  -41.692  9.974 0.3000000119
33072  16.574  -42.402  9.906 0.3000000119
33977  18.266  -41.280  10.369 0.3000000119
33070  17.718  -41.797  9.186 0.2000000030
32121  28.103  -42.931  15.637 0.4000000060
32974  28.549  -42.730  14.798 0.4000000060
33903  27.063  -41.823  15.135 0.2000000030
32986  28.528  -42.725  14.268 0.4000000060
33918  27.480  -41.512  14.399 0.4000000060
31253  27.975  -43.961  13.606 0.4000000060
32134  28.592  -43.179  13.903 0.4000000060
32135  27.844  -43.167  13.320 0.4000000060
32987  28.107  -42.333  13.708 0.4000000060
31265  27.394  -43.951  13.040 0.4000000060
32144  27.265  -43.427  12.570 0.4000000060
32145  26.696  -43.651  11.882 0.4000000060
31266  26.742  -44.390  12.456 0.5000000000
32158  26.065  -43.700  11.368 0.4000000060
32159  25.470  -43.609  11.022 0.4000000060
32160  24.727  -43.861  10.929 0.4000000060
32172  24.097  -43.199  10.658 0.3000000119
32173  23.189  -43.411  10.529 0.3000000119
33978  17.068  -41.123  10.016 0.3000000119
34943  17.680  -40.002  9.472 0.1000000015
33994  17.239  -41.002  9.720 0.1000000015
34006  17.818  -40.729  9.032 0.2000000030
33937  27.651  -41.443  13.676 0.2000000030
34846  27.124  -40.842  13.989 0.2000000030
110868  27.721  -41.743  13.160 0.3000000119
32996  27.621  -42.492  12.883 0.4000000060
111976  26.509  -43.156  11.474 0.4000000060
33014  25.991  -42.971  10.944 0.3000000119
32171  25.066  -43.044  10.703 0.3000000119
33033  24.501  -42.265  10.421 0.3000000119
34861  27.256  -40.650  13.267 0.3000000119
33012  27.456  -41.789  12.422 0.4000000060
33944  27.528  -41.094  12.871 0.2000000030
32997  27.134  -42.747  11.954 0.4000000060
33954  27.313  -40.980  12.002 0.3000000119
106765  27.016  -41.931  11.611 0.3000000119
33013  26.595  -42.600  11.384 0.3000000119
33955  26.730  -41.278  11.219 0.3000000119
33032  25.528  -42.234  10.640 0.3000000119
33971  26.056  -41.461  10.643 0.3000000119
33972  25.234  -41.521  10.359 0.3000000119
33031  26.346  -42.111  10.999 0.3000000119
34904  26.467  -40.566  10.822 0.2000000030
108211  25.801  -40.906  10.372 0.2000000030
33973  24.526  -41.506  10.074 0.2000000030
110525  12.565  -83.958  28.902 1.0000000000
4797  5.597  -77.476  16.840 0.4000000060
5371  6.455  -76.799  15.878 0.3000000119
5941  5.407  -75.585  15.500 0.5000000000
6538  5.769  -74.999  14.854 0.4000000060
6539  5.064  -74.821  15.379 0.4000000060
5897  5.546  -75.482  18.302 0.6999999881
7107  4.759  -73.450  15.750 0.4000000060
6500  7.704  -74.636  18.180 0.8000000119
7094  6.557  -73.807  17.396 0.6000000238
1580  18.958  -84.987  9.075 0.8999999762
1880  20.054  -83.982  10.515 0.8999999762
114487  19.617  -82.461  11.519 0.8000000119
1564  19.116  -85.378  10.451 0.8999999762
122646  18.950  -82.451  11.536 0.8000000119
1313  17.215  -86.204  7.719 0.8000000119
1306  17.297  -86.668  8.510 0.8999999762
1606  16.585  -85.995  6.474 0.8000000119
3006  17.263  -82.240  10.107 0.8999999762
1323  15.293  -87.122  5.583 0.8999999762
1687  21.025  -84.758  -2.372 0.6999999881
2386  19.574  -83.520  -0.721 0.8000000119
121982  19.924  -85.414  -1.897 0.8000000119
2015  21.615  -84.530  -2.245 0.6000000238
2384  21.031  -82.811  -1.375 0.6000000238
2387  18.817  -83.846  -0.407 0.8000000119
1684  18.777  -85.976  -1.413 0.8000000119
1678  18.232  -85.221  -1.078 0.8000000119
2400  21.250  -83.967  -2.410 0.6999999881
10691  9.345  -68.097  7.711 1.0000000000
11415  9.533  -66.748  8.753 1.0000000000
11416  5.674  -66.529  9.205 0.5000000000
12936  5.605  -64.234  9.790 0.8999999762
12955  7.028  -64.301  9.443 1.0000000000
12153  10.334  -65.893  11.427 0.8999999762
11405  10.631  -67.034  9.876 0.8999999762
105330  10.234  -66.240  10.462 1.0000000000
111363  10.999  -66.380  11.250 0.8999999762
16938  16.752  -59.683  16.567 0.5000000000
17817  17.328  -58.935  16.344 0.6000000238
117219  15.799  -88.144  27.326 0.8000000119
157  17.564  -91.114  25.484 0.6999999881
167  16.928  -91.483  25.049 0.8000000119
107037  17.539  -87.245  27.698 0.8999999762
2142  19.936  -83.945  20.537 0.8999999762
1760  19.404  -84.386  21.216 1.0000000000
108826  18.710  -85.180  22.485 1.0000000000
1164  18.035  -86.800  23.986 1.0000000000
1194  19.938  -86.857  20.335 0.8999999762
898  18.600  -87.481  21.685 0.8999999762
1174  18.191  -86.833  23.140 0.8999999762
119424  17.869  -90.466  24.961 0.8999999762
124228  16.568  -92.093  22.623 0.4000000060
7  19.981  -92.017  17.939 0.3000000119
100  20.751  -91.021  17.363 0.2000000030
324  22.885  -89.824  16.011 0.2000000030
112003  21.664  -90.213  15.549 0.2000000030
2911  20.756  -81.736  20.658 0.8000000119
1781  21.116  -84.967  19.522 1.0000000000
1745  18.676  -84.384  23.505 0.8999999762
1193  21.521  -86.643  20.228 1.0000000000
110607  21.133  -87.506  22.107 1.0000000000
908  21.255  -87.244  20.119 0.8999999762
635  20.843  -87.787  23.161 0.8999999762
909  20.702  -87.678  20.188 0.8999999762
646  20.544  -89.101  21.397 0.8999999762
637  18.237  -88.378  21.687 0.8999999762
453  18.840  -89.574  20.834 0.8999999762
629  17.457  -88.387  23.349 0.8999999762
425  17.477  -89.334  23.331 0.8999999762
621  20.798  -88.890  24.982 0.8999999762
418  20.740  -89.619  24.456 0.8999999762
432  20.616  -89.515  22.220 0.8999999762
117540  19.774  -90.299  21.276 0.8999999762
291  17.913  -90.204  23.482 0.8999999762
108671  17.632  -89.954  24.287 0.8999999762
282  22.220  -90.210  24.820 0.8000000119
283  21.088  -90.241  24.627 0.8999999762
164  21.362  -90.046  23.424 0.8000000119
113148  20.151  -90.825  21.985 0.6999999881
109877  20.831  -90.441  22.285 0.6999999881
174  19.774  -91.163  21.885 0.6999999881
290  18.430  -90.835  23.590 0.8999999762
176  18.199  -91.490  23.639 0.6000000238
288  22.440  -89.936  23.045 0.8000000119
179  21.333  -90.761  22.043 0.8000000119
180  20.706  -91.134  21.788 0.6999999881
51  19.336  -91.668  22.126 0.6000000238
52  18.606  -91.767  22.824 0.5000000000
110681  17.287  -92.103  23.005 0.5000000000
121667  22.821  -89.592  21.984 0.6999999881
439  23.344  -89.189  21.795 0.6000000238
281  22.948  -90.032  23.966 0.8000000119
300  22.508  -89.720  21.321 0.6999999881
306  22.130  -90.209  20.697 0.6000000238
67  21.032  -91.530  21.172 0.6999999881
69  19.620  -92.009  21.576 0.5000000000
68  20.377  -91.716  21.302 0.5000000000
76  19.791  -92.105  20.564 0.4000000060
72  17.035  -92.102  21.405 0.3000000119
669  24.444  -88.232  19.593 0.5000000000
85  20.544  -92.166  19.353 0.4000000060
120994  18.657  -92.274  19.262 0.3000000119
194  22.248  -90.327  18.601 0.5000000000
313  22.518  -89.783  17.858 0.4000000060
470  27.037  -89.364  16.039 0.5000000000
111533  23.141  -89.416  16.392 0.3000000119
1703  20.104  -84.381  28.030 1.0000000000
3801  22.101  -79.618  20.448 0.6999999881
2151  22.849  -83.416  19.546 0.8999999762
2516  23.418  -82.245  19.882 0.8999999762
2494  20.010  -82.127  22.200 0.8000000119
1758  22.044  -84.322  21.089 0.8999999762
1182  21.636  -86.388  21.043 1.0000000000
878  21.644  -87.383  25.660 1.0000000000
403  21.655  -88.636  26.438 0.8999999762
402  23.005  -88.713  26.394 0.8999999762
121832  24.909  -88.838  25.548 0.8999999762
416  23.668  -89.319  24.556 0.8000000119
422  25.217  -89.017  23.711 0.8999999762
644  24.584  -88.583  20.959 0.6000000238
448  25.545  -88.730  20.873 0.6999999881
683  26.141  -88.256  16.936 0.5000000000
2054  11.537  -84.078  28.645 0.8999999762
2067  9.786  -84.094  27.796 0.6999999881
2055  10.417  -84.012  28.639 0.8999999762
2899  24.354  -80.836  20.771 0.8000000119
3786  25.315  -79.380  20.527 0.6999999881
114826  21.249  -85.682  22.333 0.8999999762
1422  20.802  -85.164  23.790 0.8999999762
612  25.401  -87.741  26.994 0.8000000119
942  27.142  -87.905  16.363 0.5000000000
2021  11.832  -83.014  31.192 1.0000000000
1145  10.716  -86.125  25.684 0.3000000119
2100  9.583  -84.106  24.704 0.4000000060
3227  18.515  -81.116  29.360 0.8999999762
3314  24.577  -80.778  21.861 0.8000000119
1751  21.324  -83.991  23.148 0.8000000119
104096  8.634  -83.416  23.891 0.4000000060
859  26.801  -86.899  27.072 0.8000000119
609  27.703  -88.110  25.220 0.8000000119
1839  25.842  -83.509  12.871 0.5000000000
106100  25.473  -84.789  11.206 0.5000000000
1896  24.481  -84.118  8.217 0.5000000000
2272  25.329  -82.819  8.079 0.5000000000
1908  24.479  -83.962  7.203 0.5000000000
2881  7.154  -81.618  23.810 0.8000000119
2467  23.395  -82.299  24.005 0.8000000119
120143  22.910  -85.257  24.265 0.8000000119
3007  7.971  -80.770  10.112 0.5000000000
2636  26.619  -82.714  9.556 0.5000000000
1930  25.560  -84.614  5.778 0.5000000000
1741  22.546  -84.687  24.438 0.8000000119
1160  24.580  -86.519  23.634 0.8000000119
1158  27.467  -86.618  23.546 0.8000000119
915  30.364  -86.989  19.848 1.0000000000
1496  29.213  -85.644  16.929 0.8999999762
3943  8.384  -79.577  6.929 0.6999999881
3477  7.809  -80.512  7.417 0.6999999881
2574  28.690  -82.635  14.256 0.8999999762
118466  26.666  -81.926  12.776 0.8999999762
2234  28.687  -82.618  12.288 0.8999999762
1889  27.644  -84.102  9.308 0.8000000119
1428  24.797  -85.603  22.392 0.8000000119
4424  8.174  -78.713  6.374 0.8000000119
2233  29.704  -83.148  12.581 0.8000000119
1599  28.328  -86.219  6.944 0.6000000238
1571  27.791  -85.056  8.948 0.6999999881
5347  4.706  -76.905  18.337 0.6000000238
1465  30.133  -85.401  19.994 0.8999999762
1850  30.173  -84.528  12.459 0.8000000119
553  26.291  -88.904  4.797 0.8999999762
796  25.949  -88.487  5.010 0.8000000119
1031  28.808  -86.961  7.534 0.6000000238
1003  29.706  -87.238  9.125 0.6000000238
118451  30.721  -86.489  11.900 0.6000000238
1543  29.844  -85.890  11.620 0.6999999881
1054  25.536  -87.586  5.164 0.6999999881
6022  9.782  -76.305  9.769 1.0000000000
2302  10.364  -82.813  6.755 0.8999999762
377  27.892  -89.398  5.164 0.8000000119
1542  31.076  -86.992  11.461 0.5000000000
1585  11.228  -85.437  8.960 0.6999999881
5383  5.087  -76.207  16.054 0.5000000000
570  28.038  -89.058  4.185 0.8000000119
366  28.404  -89.375  5.612 0.8000000119
104895  30.516  -89.237  7.049 0.6999999881
573  23.743  -89.461  3.511 1.0000000000
6516  5.573  -74.751  17.363 0.6999999881
5913  4.948  -75.983  16.641 0.6000000238
5939  7.410  -75.552  15.187 0.2000000030
120742  8.695  -74.759  15.098 0.2000000030
5937  9.262  -75.169  15.497 0.1000000015
112354  27.770  -87.302  3.567 0.6999999881
1000  11.277  -87.120  10.598 0.6000000238
1013  11.886  -87.566  9.460 0.8999999762
6529  5.506  -74.339  16.980 0.6999999881
107036  4.796  -74.447  16.055 0.4000000060
6060  6.607  -75.763  7.028 0.6999999881
814  29.439  -88.300  4.104 0.6999999881
1039  12.601  -87.037  7.510 0.8999999762
1106  18.270  -87.883  0.312 0.6999999881
7188  12.819  -73.727  10.556 0.8999999762
7880  11.719  -72.799  9.324 0.8999999762
1073  29.706  -87.436  3.706 0.6000000238
1983  23.564  -84.829  1.595 0.8000000119
1336  12.602  -86.950  5.122 0.8999999762
5508  12.018  -76.787  5.565 0.8000000119
1992  22.642  -84.873  0.679 0.6999999881
1675  21.996  -85.100  -0.944 0.8999999762
101151  14.978  -88.542  2.272 0.4000000060
6610  16.798  -74.061  10.370 0.6999999881
7183  17.128  -73.401  10.661 0.6000000238
6609  17.500  -73.882  10.321 0.5000000000
6083  12.157  -75.876  5.149 0.8000000119
2283  20.030  -82.929  7.930 0.8000000119
1897  20.205  -83.745  9.024 0.8999999762
106075  23.236  -84.985  -0.138 0.6999999881
2008  20.473  -85.089  -2.172 0.8000000119
2376  20.885  -82.841  -0.377 0.6000000238
1573  19.283  -85.185  9.809 0.8999999762
1869  18.433  -84.509  11.628 0.8000000119
3100  10.834  -81.422  2.588 0.8000000119
2394  19.989  -83.877  -1.667 0.8000000119
2000  19.249  -84.243  -1.311 0.8000000119
108232  20.696  -83.479  -1.948 0.6999999881
2370  18.083  -83.192  1.562 0.6999999881
2722  18.756  -82.926  2.768 0.6999999881
1899  18.715  -84.716  8.318 0.8000000119
1286  18.793  -85.913  10.091 0.8999999762
1287  18.289  -86.442  10.465 0.8999999762
1551  18.129  -85.363  11.551 0.8999999762
968  15.208  -87.472  13.465 0.8999999762
111013  16.394  -86.368  12.657 0.8999999762
1537  14.735  -85.718  12.075 0.8999999762
1553  15.095  -85.179  11.930 1.0000000000
1305  17.873  -86.096  9.037 0.8999999762
997  17.448  -87.560  10.477 0.8000000119
114732  14.606  -87.906  13.659 0.6999999881
1288  14.140  -86.494  10.395 1.0000000000
116921  18.381  -86.443  -1.375 0.8999999762
1605  16.932  -85.124  6.566 0.8000000119
1314  16.653  -86.456  7.158 0.8000000119
1021  17.033  -87.210  9.073 0.8999999762
760  16.792  -88.095  10.040 0.8999999762
761  16.321  -88.625  9.448 0.8999999762
121388  16.638  -88.532  11.709 0.8999999762
508  16.103  -88.948  11.372 0.8999999762
803  12.844  -88.682  5.446 0.6000000238
6514  8.424  -74.217  17.950 0.8999999762
7852  18.480  -72.373  10.543 0.4000000060
7201  19.395  -73.458  9.649 0.4000000060
8567  17.393  -71.034  9.986 0.6000000238
8579  16.150  -71.485  8.234 0.8999999762
6645  18.738  -73.942  9.127 0.4000000060
9343  8.511  -70.372  4.875 1.0000000000
4502  10.760  -78.083  2.064 0.5000000000
2704  19.829  -82.442  3.314 0.6999999881
106307  19.166  -82.668  4.731 0.6000000238
1871  16.290  -84.352  11.782 0.8000000119
120276  17.143  -84.542  11.900 0.8000000119
3544  10.995  -80.775  1.964 0.6999999881
1857  16.640  -85.117  12.126 0.8999999762
1858  15.787  -85.060  12.066 1.0000000000
1882  15.304  -84.232  10.782 1.0000000000
1566  14.429  -85.556  10.557 1.0000000000
1960  17.094  -84.414  3.577 0.8000000119
2001  18.496  -84.491  -0.890 0.8000000119
1619  17.133  -84.958  5.831 0.6999999881
1934  17.039  -85.194  5.005 0.8000000119
1047  16.011  -86.871  6.484 0.8999999762
1621  13.972  -85.737  4.811 0.8000000119
7124  6.726  -73.493  14.349 0.2000000030
10014  20.777  -69.503  10.456 0.2000000030
7238  18.663  -73.717  6.601 0.4000000060
10055  11.451  -69.470  5.951 1.0000000000
6707  11.669  -74.449  4.077 0.6000000238
112261  20.252  -82.119  4.033 0.6000000238
2690  18.816  -82.885  4.017 0.6999999881
113859  15.606  -85.539  1.676 0.8000000119
1948  16.883  -84.974  4.213 0.8000000119
1333  16.084  -86.335  5.529 0.8999999762
1962  13.378  -84.804  3.113 0.8000000119
123562  15.448  -85.831  2.368 0.6999999881
8442  9.808  -72.310  18.598 0.8000000119
6546  8.518  -74.066  14.555 0.2000000030
7114  9.473  -73.574  14.703 0.2000000030
8494  6.498  -71.952  14.552 0.3000000119
10026  18.335  -69.623  9.067 0.3000000119
119544  16.533  -70.304  7.817 0.6000000238
9329  15.420  -70.896  7.397 0.8999999762
10047  11.888  -69.593  7.051 0.8999999762
10717  10.620  -68.607  5.596 1.0000000000
10693  7.690  -68.344  8.325 0.8999999762
8395  12.329  -71.751  20.979 0.8999999762
8430  8.120  -71.996  19.346 0.8000000119
10661  19.319  -68.669  9.950 0.2000000030
102401  10.689  -68.256  7.433 1.0000000000
108732  9.785  -67.430  8.292 1.0000000000
12193  8.182  -66.696  8.670 1.0000000000
112183  15.921  -69.528  3.240 0.4000000060
120093  7.325  -66.272  8.692 0.8999999762
9149  9.806  -70.524  21.320 0.8000000119
103930  12.300  -68.858  8.937 0.8999999762
12165  8.523  -65.449  9.105 1.0000000000
115255  7.831  -65.731  8.766 1.0000000000
9117  11.286  -70.512  23.081 0.8999999762
9131  9.849  -70.271  22.097 0.8000000119
9118  10.087  -70.138  22.902 0.8000000119
12164  9.139  -65.579  9.964 1.0000000000
12192  8.841  -66.218  8.802 1.0000000000
10678  11.979  -68.227  9.608 0.8999999762
9860  8.946  -70.004  22.710 0.8999999762
11389  13.990  -67.505  10.549 0.8999999762
115205  5.022  -69.891  18.526 0.4000000060
11412  14.366  -67.822  9.608 0.8999999762
12210  15.108  -67.074  5.825 0.4000000060
12230  13.283  -66.073  5.744 0.4000000060
12212  13.338  -66.647  6.027 0.6000000238
112624  13.155  -66.734  6.978 0.6999999881
13796  12.220  -64.450  6.269 0.5000000000
13003  11.796  -65.234  6.401 0.6999999881
12176  13.844  -66.716  9.552 0.8999999762
12162  13.846  -66.325  10.653 0.8999999762
11388  14.033  -66.925  10.723 0.8999999762
13764  12.818  -65.129  10.040 0.6999999881
12910  12.728  -65.553  12.927 0.8999999762
12912  10.778  -65.702  13.120 0.8999999762
107662  13.216  -64.225  12.041 0.8999999762
13738  12.527  -64.002  11.243 0.8999999762
14541  11.269  -63.587  13.313 0.8999999762
12155  4.970  -65.376  10.333 0.5000000000
11392  4.868  -66.784  11.150 0.3000000119
14546  12.108  -63.567  12.853 0.8999999762
12900  7.860  -64.759  13.552 0.8999999762
14564  10.754  -62.824  11.717 0.8999999762
118335  4.762  -65.726  26.100 0.8999999762
12771  3.923  -65.539  24.027 0.8999999762
12785  3.837  -65.697  21.926 0.5000000000
14400  3.710  -63.153  23.971 0.8000000119
17929  10.429  -59.762  10.424 1.0000000000
117964  6.324  -62.221  24.941 0.8999999762
14440  3.643  -63.487  21.484 0.6000000238
17911  8.892  -59.544  11.082 1.0000000000
18802  7.954  -58.151  12.776 0.8000000119
18777  7.866  -57.952  13.213 0.6999999881
17878  6.807  -58.877  13.592 0.6000000238
16966  5.886  -59.654  15.025 0.4000000060
16979  5.494  -60.068  14.401 0.5000000000
19740  8.563  -56.706  12.975 0.8000000119
106464  7.996  -57.928  13.379 0.6000000238
19764  10.796  -57.836  10.612 1.0000000000
17769  6.529  -59.863  21.153 0.8000000119
19695  8.522  -57.372  13.248 0.6999999881
17780  7.090  -59.587  19.791 0.6000000238
20632  10.057  -56.340  13.910 0.4000000060
19715  10.300  -57.335  13.169 0.4000000060
21580  10.086  -55.182  13.300 0.6000000238
17794  8.718  -58.864  19.581 0.8000000119
115232  17.348  -60.339  17.092 0.4000000060
17829  19.035  -58.557  16.265 0.6999999881
18724  17.949  -58.520  16.660 0.6000000238
18687  18.459  -58.379  19.264 0.8000000119
103634  16.643  -58.452  18.079 0.8000000119
105966  23.276  -55.504  16.073 0.8000000119
19668  22.156  -55.887  16.050 0.8000000119
19642  22.320  -56.893  18.766 0.8999999762
18684  21.587  -57.160  18.259 0.8999999762
19641  23.497  -56.346  18.107 0.8999999762
121227  21.766  -56.146  16.483 0.8999999762
19669  21.109  -56.737  16.324 0.8999999762
18705  21.243  -56.762  17.208 0.8999999762
20601  21.929  -56.466  20.669 0.8999999762
20609  23.927  -56.287  19.019 0.8000000119
106184  23.423  -55.260  21.147 0.8999999762
20599  24.292  -55.982  19.755 0.8000000119
22444  13.935  -52.123  9.824 1.0000000000
21490  22.460  -55.405  21.504 0.6999999881
22323  22.822  -54.067  22.186 0.3000000119
23218  23.878  -53.077  22.012 0.6999999881
24120  24.689  -52.222  21.241 0.6000000238
111940  23.463  -50.450  21.590 0.3000000119
23217  24.421  -53.746  21.356 0.6999999881
25066  24.091  -51.835  21.880 0.3000000119
106509  24.469  -52.929  21.553 0.6000000238
26018  22.653  -50.866  18.370 0.4000000060
115739  27.584  -49.818  20.386 0.6999999881
105332  28.208  -50.136  20.337 1.0000000000
27748  25.611  -48.978  19.909 0.5000000000
27763  24.129  -49.636  18.438 0.4000000060
27791  22.531  -49.905  17.790 0.2000000030
26956  22.428  -50.799  17.950 0.2000000030
26958  21.033  -50.512  17.934 0.1000000015
25201  14.142  -49.328  10.519 0.8000000119
26014  30.221  -50.865  19.818 1.0000000000
119258  27.324  -49.029  20.386 0.6999999881
114673  26.049  -48.252  20.175 0.6000000238
26896  30.308  -49.546  19.925 1.0000000000
120647  23.974  -47.624  19.193 0.1000000015
26012  31.167  -50.286  18.931 1.0000000000
26953  32.078  -51.009  18.431 1.0000000000
27760  30.767  -48.970  19.178 0.8000000119
27857  14.609  -48.687  11.542 0.6999999881
107043  16.400  -48.765  11.252 0.6999999881
28581  25.333  -47.150  19.972 0.4000000060
27744  30.064  -48.314  20.219 0.6999999881
124291  26.482  -46.515  20.269 0.5000000000
29386  29.247  -47.168  20.081 0.6000000238
28591  30.714  -48.274  18.769 0.6999999881
27867  17.729  -48.513  11.562 0.6999999881
29516  16.987  -46.532  10.402 0.5000000000
29387  28.503  -46.899  20.194 0.6000000238
28615  30.456  -47.167  18.846 0.6999999881
28627  30.637  -47.612  18.006 0.6999999881
28628  30.673  -47.473  17.196 0.6999999881
28638  30.723  -47.871  16.661 0.6999999881
29470  16.014  -46.852  12.817 0.6999999881
29496  14.400  -46.729  11.490 0.5000000000
121600  26.195  -47.390  13.638 0.4000000060
28670  24.040  -47.348  12.837 0.5000000000
28699  14.759  -47.159  11.093 0.6000000238
30361  17.771  -45.403  12.188 0.5000000000
30364  14.588  -45.248  11.810 0.6000000238
31271  15.322  -44.534  11.557 0.5000000000
31301  14.908  -44.680  11.174 0.5000000000
29534  16.449  -45.987  10.283 0.4000000060
29535  15.498  -45.417  10.552 0.4000000060
110374  29.707  -45.914  15.219 0.5000000000
30384  23.133  -45.311  11.413 0.6000000238
31298  18.307  -44.049  11.203 0.4000000060
107109  16.029  -44.037  11.235 0.5000000000
31313  15.235  -44.563  10.712 0.3000000119
31331  15.909  -44.733  10.271 0.3000000119
31353  19.300  -44.454  8.830 0.2000000030
30340  28.728  -45.030  14.393 0.5000000000
31293  23.153  -44.680  10.966 0.4000000060
31294  22.387  -44.814  10.945 0.4000000060
31295  21.562  -44.428  10.783 0.5000000000
32161  20.742  -43.887  10.682 0.5000000000
32163  18.711  -43.443  10.880 0.4000000060
33040  16.688  -42.618  10.388 0.3000000119
32088  27.215  -43.770  17.222 0.3000000119
32175  21.617  -43.674  10.528 0.4000000060
33019  17.125  -42.159  10.491 0.3000000119
33038  19.265  -42.157  10.369 0.3000000119
33957  17.625  -41.576  10.466 0.3000000119
33958  17.088  -41.365  10.228 0.3000000119
33071  16.878  -41.972  9.717 0.2000000030
32174  22.374  -43.530  10.474 0.3000000119
34929  17.752  -39.959  9.845 0.3000000119
121602  27.723  -41.871  14.727 0.2000000030
32975  28.084  -42.094  14.374 0.4000000060
33919  26.593  -41.208  14.680 0.2000000030
33034  23.512  -42.620  10.312 0.3000000119
33993  17.505  -40.518  9.838 0.3000000119
5381  6.921  -76.273  15.524 0.2000000030
2013  23.492  -84.309  -2.076 0.5000000000
11427  9.056  -67.093  8.485 1.0000000000
105362  15.136  -89.754  9.954 0.8000000119
122937  13.994  -89.338  8.022 0.5000000000
536  13.002  -89.727  6.902 0.3000000119
778  13.623  -89.182  7.176 0.5000000000
238  13.886  -91.607  8.144 0.1000000015
112534  13.257  -90.312  6.634 0.4000000060
753  16.257  -88.802  10.348 0.8000000119
509  15.244  -89.597  11.497 0.8000000119
101161  14.981  -89.798  12.615 0.4000000060
102037  14.018  -90.357  14.386 0.2000000030
101172  14.668  -90.174  13.817 0.4000000060
151  17.405  -91.695  6.310 0.2000000030
250  15.293  -91.392  6.402 0.1000000015
375  13.748  -90.504  5.974 0.5000000000
558  12.757  -89.164  5.343 0.5000000000
264  16.371  -90.660  5.427 0.3000000119
121699  16.114  -91.198  5.926 0.3000000119
260  14.588  -90.939  6.025 0.3000000119
577  14.910  -89.428  3.427 0.4000000060
389  14.494  -89.682  3.977 0.5000000000
259  15.460  -90.861  5.655 0.4000000060
386  13.622  -90.104  5.123 0.5000000000
568  12.999  -89.456  4.911 0.6000000238
110189  31.584  -86.325  18.610 0.8000000119
102553  15.706  -89.190  12.321 0.6999999881
101171  14.767  -89.250  13.794 0.4000000060
116931  13.426  -89.977  14.708 0.2000000030
101166  12.495  -90.704  14.794 0.3000000119
102156  12.589  -89.967  14.911 0.3000000119
101165  12.029  -90.834  15.479 0.3000000119
486  12.196  -90.006  15.289 0.3000000119
476  11.689  -90.130  16.719 0.2000000030
146  17.068  -92.330  6.692 0.1000000015
823  13.757  -88.454  3.042 0.5000000000
579  13.130  -89.086  4.243 0.6000000238
2108  25.602  -84.020  22.664 0.6999999881
1739  24.794  -84.481  23.659 0.6999999881
122355  24.736  -85.215  22.519 0.6999999881
2107  26.307  -83.542  23.052 0.6000000238
1442  25.082  -84.969  21.972 0.6999999881
2118  25.896  -83.741  21.847 0.6999999881
1757  25.578  -84.614  21.398 0.6999999881
119634  31.366  -86.456  19.089 0.8000000119
1495  31.332  -85.549  17.359 0.8000000119
1481  32.316  -85.773  17.895 0.8000000119
101176  15.738  -88.098  13.355 0.6999999881
726  14.983  -88.283  13.612 0.6000000238
103867  15.529  -88.761  13.319 0.6999999881
727  14.237  -88.595  14.145 0.6000000238
119854  12.321  -89.392  14.980 0.4000000060
709  11.620  -89.393  15.794 0.2000000030
699  11.143  -88.406  15.930 0.2000000030
710  11.441  -88.409  15.246 0.2000000030
106058  10.719  -87.516  16.179 0.2000000030
940  10.848  -88.266  17.811 0.1000000015
948  10.786  -87.399  17.220 0.1000000015
1728  25.124  -84.333  24.697 0.6999999881
2490  28.062  -82.825  22.986 0.5000000000
2095  26.792  -83.662  23.747 0.6000000238
1727  26.292  -84.140  24.674 0.6999999881
1738  25.814  -84.024  23.720 0.6999999881
1456  25.891  -84.942  20.920 0.6999999881
2127  26.903  -82.895  21.985 0.6000000238
2128  26.336  -83.195  21.355 0.6000000238
2137  26.281  -83.581  20.580 0.6999999881
1766  26.311  -84.391  20.415 0.6000000238
1455  26.553  -85.168  20.687 0.8000000119
2479  28.970  -82.780  22.940 0.4000000060
2105  28.650  -83.174  23.648 0.4000000060
117546  28.464  -82.553  22.383 0.4000000060
2491  27.655  -82.591  22.190 0.6000000238
2504  27.212  -82.539  21.197 0.6000000238
2527  26.845  -83.077  19.988 0.6000000238
1451  30.481  -86.048  20.455 0.8000000119
1204  31.643  -86.161  18.987 0.8000000119
1203  32.116  -85.724  18.298 0.8000000119
1214  33.131  -85.296  17.911 0.6999999881
107507  31.233  -84.921  16.713 0.8000000119
1494  32.221  -85.225  17.136 0.6999999881
1493  33.210  -85.317  17.540 0.6999999881
1816  30.689  -84.243  16.088 0.8000000119
1806  31.934  -84.377  16.325 0.6999999881
1805  33.177  -84.822  16.622 0.6999999881
1803  35.576  -84.800  16.560 0.5000000000
2179  34.527  -84.296  15.858 0.5000000000
728  13.253  -88.377  14.145 0.6000000238
740  12.687  -88.002  13.026 0.5000000000
101177  12.873  -89.055  14.625 0.3000000119
103283  11.448  -88.930  16.971 0.2000000030
110208  11.765  -87.623  13.113 0.4000000060
729  12.120  -88.065  13.979 0.5000000000
718  11.314  -87.925  14.526 0.3000000119
941  10.676  -87.484  18.181 0.1000000015
958  10.876  -87.775  15.216 0.2000000030
1237  10.195  -86.974  15.441 0.1000000015
1252  10.621  -86.774  13.558 0.3000000119
731  11.260  -87.426  13.701 0.3000000119
1729  23.940  -84.400  24.713 0.6999999881
2106  27.723  -83.332  23.713 0.4000000060
1719  25.687  -84.337  25.651 0.6999999881
1720  24.553  -84.329  25.721 0.6999999881
2091  30.209  -83.381  24.529 0.4000000060
2104  29.423  -83.060  23.506 0.4000000060
2094  27.381  -83.899  24.565 0.5000000000
115352  26.158  -84.390  26.435 0.6999999881
114094  27.861  -83.906  19.042 0.6000000238
1765  27.159  -84.623  20.080 0.6000000238
1453  28.315  -85.099  20.370 0.6999999881
2476  31.731  -82.878  23.689 0.3000000119
2477  30.851  -82.881  23.262 0.3000000119
2478  29.976  -82.736  22.883 0.4000000060
109936  27.921  -82.184  20.492 0.6000000238
2526  27.385  -82.669  19.400 0.5000000000
2150  27.111  -83.230  19.482 0.6000000238
1776  28.571  -84.357  19.136 0.6000000238
1466  29.009  -84.922  19.862 0.6999999881
1788  31.432  -85.628  19.148 0.6999999881
1787  32.876  -85.051  18.212 0.5000000000
2488  30.267  -82.504  21.995 0.4000000060
2489  29.323  -82.526  22.171 0.3000000119
2503  28.438  -82.318  21.499 0.4000000060
2525  27.893  -82.193  19.240 0.4000000060
2932  28.633  -81.918  18.504 0.4000000060
2162  28.948  -83.472  18.356 0.5000000000
2161  30.971  -83.962  18.091 0.4000000060
2160  32.275  -84.263  18.127 0.5000000000
1474  31.937  -85.657  18.546 0.6999999881
1473  33.016  -85.157  18.059 0.5000000000
2487  31.465  -82.508  22.782 0.3000000119
108538  30.777  -82.619  22.501 0.4000000060
2501  30.344  -82.199  21.502 0.3000000119
2898  28.998  -82.089  20.632 0.4000000060
2917  29.101  -81.333  19.240 0.3000000119
2918  28.444  -81.804  18.970 0.4000000060
1786  34.047  -84.719  18.197 0.5000000000
2895  31.381  -81.406  22.146 0.3000000119
2907  29.442  -81.558  20.075 0.3000000119
1472  34.061  -85.053  17.995 0.6000000238
1804  34.212  -85.116  17.068 0.6000000238
1815  37.142  -84.304  16.109 0.4000000060
2189  36.239  -84.045  15.343 0.6000000238
2560  32.079  -83.036  14.996 0.6999999881
2180  33.121  -83.750  15.670 0.6000000238
2573  31.274  -83.003  14.629 0.6999999881
2572  32.813  -83.021  14.380 0.6000000238
105310  32.842  -83.153  15.109 0.5000000000
113463  35.250  -83.430  14.961 0.6000000238
970  13.870  -87.883  13.481 0.8000000119
116780  10.323  -86.872  17.841 0.1000000015
1230  10.079  -86.684  16.846 0.1000000015
964  10.702  -87.280  14.452 0.2000000030
2876  24.888  -81.209  24.046 0.6999999881
105246  25.281  -84.262  26.477 0.6999999881
2073  24.581  -83.954  26.572 0.6999999881
2455  24.572  -82.782  26.067 0.6999999881
2093  28.386  -83.674  24.467 0.4000000060
2082  28.050  -84.139  25.352 0.5000000000
1709  26.026  -84.343  27.248 0.6999999881
117242  30.444  -84.996  19.232 0.6000000238
2547  30.215  -81.824  17.743 0.4000000060
2169  30.522  -82.770  17.716 0.4000000060
2168  31.629  -83.156  17.755 0.4000000060
2502  29.635  -82.256  21.429 0.3000000119
113010  29.095  -81.386  18.626 0.3000000119
2931  29.235  -81.742  18.060 0.3000000119
2545  32.507  -82.396  17.720 0.4000000060
2159  33.534  -84.228  18.209 0.5000000000
3331  29.848  -80.853  19.838 0.3000000119
1785  35.139  -84.521  18.089 0.4000000060
1794  36.120  -84.480  17.408 0.4000000060
2166  37.515  -83.441  17.187 0.4000000060
118196  37.394  -82.973  16.581 0.4000000060
2556  37.525  -83.754  15.652 0.4000000060
2558  35.044  -82.916  14.874 0.4000000060
2557  36.316  -83.512  15.279 0.4000000060
2588  33.474  -83.115  13.968 0.6000000238
2571  33.861  -82.747  14.064 0.5000000000
2190  34.239  -83.126  14.712 0.4000000060
106886  20.295  -82.131  11.410 0.6999999881
987  14.078  -87.155  11.789 0.8000000119
978  13.357  -87.688  12.317 0.6999999881
988  13.010  -87.510  11.059 0.8000000119
1480  10.791  -86.011  18.605 0.1000000015
980  11.200  -87.128  12.657 0.4000000060
115471  9.723  -86.350  15.212 0.1000000015
1221  9.959  -86.075  17.976 0.1000000015
1263  10.833  -86.685  12.039 0.5000000000
123844  10.260  -86.245  13.137 0.4000000060
1244  9.581  -85.946  14.638 0.1000000015
1238  9.750  -86.287  16.003 0.1000000015
1243  10.032  -86.644  14.476 0.2000000030
3313  25.310  -80.235  22.084 0.6999999881
3298  24.693  -80.827  22.942 0.6999999881
3287  25.880  -80.676  24.157 0.6999999881
2862  25.366  -81.258  24.721 0.6999999881
2930  29.976  -80.958  18.192 0.4000000060
2941  31.135  -81.095  17.783 0.4000000060
2546  31.324  -82.063  17.602 0.4000000060
115448  33.693  -82.983  18.054 0.4000000060
2158  35.045  -83.729  18.442 0.4000000060
2906  30.087  -81.118  20.676 0.2000000030
3358  30.416  -80.273  18.765 0.2000000030
118330  32.024  -80.324  18.000 0.4000000060
2940  32.545  -81.075  17.775 0.4000000060
111999  33.845  -81.633  17.883 0.4000000060
2543  35.960  -82.473  18.118 0.4000000060
103139  30.976  -79.613  18.759 0.3000000119
3368  31.134  -80.316  18.319 0.4000000060
3367  32.934  -79.977  18.112 0.4000000060
2939  33.938  -80.527  17.883 0.4000000060
2938  35.055  -81.190  17.950 0.4000000060
2951  35.570  -82.202  15.938 0.4000000060
120152  35.070  -81.003  16.697 0.4000000060
2952  34.474  -81.746  15.626 0.4000000060
112408  33.745  -82.535  14.676 0.4000000060
3393  33.025  -81.416  14.653 0.4000000060
2217  34.313  -83.306  13.614 0.5000000000
2587  34.190  -82.731  13.616 0.4000000060
2965  33.486  -82.327  13.899 0.4000000060
2586  34.358  -82.591  13.192 0.4000000060
2997  19.776  -81.683  11.422 0.8000000119
2630  20.848  -82.803  10.720 0.8000000119
3430  20.026  -80.984  11.256 0.6999999881
121364  13.685  -87.181  10.336 0.8000000119
1222  9.496  -85.704  16.893 0.1000000015
1513  9.415  -85.644  15.667 0.1000000015
1538  10.710  -86.069  11.735 0.4000000060
1253  9.897  -86.133  13.792 0.2000000030
103614  10.975  -86.574  10.354 0.5000000000
1539  10.479  -85.412  12.302 0.4000000060
1524  9.893  -85.553  13.126 0.2000000030
1555  10.750  -85.457  11.366 0.4000000060
2791  12.488  -82.228  30.998 0.8999999762
2420  9.998  -82.356  31.192 0.8999999762
2411  10.625  -82.319  31.333 0.8999999762
2808  9.076  -81.372  31.186 0.8999999762
109295  7.931  -81.237  29.827 0.8999999762
3356  32.768  -79.450  17.963 0.4000000060
3355  33.396  -79.685  17.726 0.4000000060
3366  34.120  -80.309  17.664 0.4000000060
3365  35.085  -80.975  17.599 0.4000000060
3372  33.930  -79.892  16.934 0.4000000060
2944  35.811  -81.444  17.166 0.4000000060
3379  34.124  -80.611  16.538 0.4000000060
102981  33.476  -81.176  15.497 0.4000000060
2976  33.535  -81.929  13.551 0.4000000060
2977  32.530  -81.160  13.292 0.4000000060
3403  32.751  -81.310  13.986 0.4000000060
2999  18.142  -81.828  11.173 0.8000000119
3443  20.215  -80.174  11.002 0.6000000238
123930  19.515  -80.576  11.009 0.6000000238
3004  18.436  -81.260  11.022 0.8000000119
2259  15.623  -83.778  10.443 0.8999999762
1883  14.849  -84.761  10.685 0.8999999762
104857  15.391  -83.603  9.719 0.8999999762
2267  14.703  -83.997  9.358 0.8999999762
1012  12.841  -87.530  9.916 0.8000000119
1828  8.668  -83.994  15.663 0.1000000015
104636  9.140  -85.058  16.458 0.1000000015
1844  9.467  -84.670  13.557 0.1000000015
1827  8.989  -84.835  15.645 0.1000000015
109224  9.933  -84.729  12.733 0.2000000030
1517  9.514  -85.356  14.064 0.1000000015
109154  6.710  -77.899  29.003 0.8999999762
4181  6.820  -78.626  28.390 0.8999999762
2790  13.273  -82.247  30.884 0.8999999762
2820  14.348  -81.504  29.932 0.8999999762
2821  13.531  -81.583  30.104 0.8999999762
2805  12.748  -81.651  30.352 0.8999999762
4196  6.996  -78.394  27.240 0.8999999762
3216  12.068  -81.659  30.743 0.8999999762
2410  11.360  -82.368  31.290 0.8999999762
2793  10.889  -81.688  31.454 0.8999999762
3667  9.907  -80.024  31.218 0.8999999762
2806  9.994  -81.605  31.414 0.8999999762
3235  7.726  -80.466  30.443 0.8999999762
2839  7.765  -81.629  27.672 0.8999999762
3845  31.718  -79.735  15.097 0.4000000060
3394  32.108  -80.549  14.516 0.4000000060
3404  31.742  -80.566  13.750 0.4000000060
3405  30.817  -79.887  13.337 0.3000000119
3444  19.318  -80.051  10.573 0.6000000238
3909  20.711  -79.463  10.708 0.5000000000
3005  17.853  -81.662  10.546 0.6000000238
3442  21.016  -80.100  10.927 0.6999999881
3011  16.834  -82.061  9.352 0.6999999881
2640  15.749  -82.974  9.367 0.8000000119
2649  15.259  -82.591  8.661 0.6999999881
2276  14.432  -82.974  8.406 0.8000000119
2286  13.919  -82.854  7.741 0.8000000119
2277  13.874  -83.555  8.204 0.8000000119
1900  14.138  -84.440  8.720 0.8999999762
1594  13.857  -85.342  7.503 0.8999999762
117489  8.501  -83.551  16.444 0.1000000015
1837  9.028  -84.551  14.586 0.1000000015
1845  9.109  -83.887  13.890 0.1000000015
1873  10.696  -84.763  10.848 0.3000000119
1556  10.605  -84.675  11.902 0.3000000119
1576  10.902  -85.092  9.566 0.4000000060
4639  8.494  -76.784  29.377 0.8000000119
5247  9.724  -75.396  27.390 0.8000000119
5238  8.915  -76.013  28.308 0.8000000119
4640  7.551  -77.268  29.607 0.8000000119
4146  7.452  -78.055  30.182 0.8999999762
115093  6.856  -77.021  28.974 0.8000000119
3231  14.706  -80.924  29.160 0.8999999762
4195  7.864  -78.870  26.233 0.8999999762
3232  13.845  -80.968  29.231 0.8999999762
104795  13.006  -81.029  29.484 0.8999999762
3233  12.218  -81.071  29.998 0.8999999762
3249  14.242  -80.340  28.601 0.8000000119
3250  13.358  -80.348  28.766 0.8000000119
3217  11.380  -81.123  30.912 0.8999999762
4204  9.201  -78.504  25.556 0.8999999762
3218  10.399  -80.881  31.443 0.8999999762
4203  10.331  -78.922  25.593 0.8999999762
3669  7.939  -79.731  31.022 0.8999999762
3720  9.104  -79.061  25.718 0.8999999762
4215  10.550  -78.995  24.660 0.8999999762
3756  9.727  -79.142  24.442 0.8000000119
4229  8.967  -78.666  23.639 0.8000000119
3733  7.576  -80.118  25.763 0.6999999881
2513  7.855  -81.985  21.565 0.4000000060
2894  7.040  -81.494  22.980 0.5000000000
111876  7.306  -81.372  22.058 0.5000000000
4395  20.771  -78.376  10.197 0.5000000000
3910  19.870  -79.433  10.489 0.5000000000
117700  18.842  -80.671  10.679 0.6000000238
3452  17.907  -80.465  9.366 0.6000000238
3010  17.489  -81.430  9.475 0.6000000238
3018  16.652  -81.498  8.607 0.6000000238
2648  16.115  -82.288  8.983 0.6000000238
3026  16.072  -81.174  7.981 0.5000000000
3019  15.695  -81.884  8.238 0.5000000000
1901  13.692  -84.312  7.986 0.8000000119
1927  14.028  -84.810  6.813 0.6999999881
1608  13.929  -86.044  6.596 0.8000000119
2555  8.529  -82.338  16.951 0.1000000015
2215  8.667  -83.605  14.791 0.1000000015
2949  8.350  -81.840  16.161 0.1000000015
1859  9.983  -83.985  12.238 0.3000000119
122978  8.847  -83.211  14.120 0.1000000015
3251  12.553  -80.388  29.235 0.8000000119
3680  11.488  -79.569  29.802 0.8999999762
3681  10.558  -79.358  30.362 0.8999999762
3682  7.406  -79.640  30.416 0.8999999762
3732  9.852  -79.283  25.578 0.8999999762
113537  8.632  -79.463  25.262 0.6999999881
106505  7.486  -80.102  28.720 0.8999999762
123811  7.619  -79.854  26.283 0.8999999762
115027  20.233  -78.402  9.890 0.5000000000
4384  19.646  -78.824  9.881 0.5000000000
3451  18.561  -80.188  10.010 0.5000000000
3940  17.168  -79.254  7.639 0.4000000060
3920  17.677  -79.824  8.699 0.5000000000
3471  17.162  -79.935  8.099 0.4000000060
3017  17.321  -80.685  8.648 0.6000000238
3044  16.480  -80.961  7.206 0.4000000060
3487  16.063  -81.197  6.395 0.4000000060
3027  15.569  -81.609  7.372 0.6000000238
114784  14.820  -82.048  7.153 0.6000000238
3045  15.231  -81.760  6.447 0.6000000238
2666  14.573  -82.452  6.510 0.6000000238
110292  14.289  -82.480  7.317 0.6999999881
3060  14.918  -81.971  5.582 0.6000000238
104786  14.372  -83.364  6.232 0.6999999881
1926  14.401  -84.365  6.079 0.6999999881
2313  14.492  -83.846  5.199 0.6999999881
1935  14.404  -84.863  5.283 0.6999999881
2603  8.735  -82.533  13.813 0.1000000015
2584  8.457  -82.782  14.753 0.1000000015
2962  8.137  -81.224  15.303 0.1000000015
1949  14.202  -84.784  4.461 0.6999999881
2238  9.637  -83.210  12.613 0.2000000030
2228  9.150  -83.230  13.416 0.1000000015
1885  10.413  -84.051  10.258 0.4000000060
1874  10.464  -83.951  11.255 0.3000000119
1884  10.679  -84.747  10.050 0.4000000060
5239  7.751  -76.407  28.851 0.8000000119
104734  10.717  -75.469  27.419 0.8000000119
104584  10.674  -74.551  27.200 0.6999999881
4214  10.832  -78.349  24.453 0.8999999762
4228  10.471  -78.250  23.708 0.8999999762
4133  9.482  -79.147  30.825 0.8999999762
3252  7.656  -80.725  29.339 0.8999999762
4409  19.001  -77.906  8.540 0.5000000000
121325  18.334  -78.309  8.418 0.4000000060
116668  18.834  -78.754  9.126 0.4000000060
4907  18.719  -77.162  7.346 0.3000000119
3929  17.972  -78.983  8.624 0.4000000060
4908  17.952  -77.603  7.222 0.3000000119
3941  17.111  -79.336  6.965 0.4000000060
3472  16.972  -80.118  7.193 0.4000000060
3956  16.911  -79.727  6.400 0.4000000060
3059  15.598  -81.352  5.514 0.6000000238
108349  14.620  -82.240  3.968 0.6000000238
117993  14.731  -82.256  4.855 0.6000000238
2691  14.491  -82.983  4.560 0.6999999881
2991  8.782  -81.446  12.491 0.1000000015
2604  8.357  -81.748  13.373 0.1000000015
2974  7.633  -81.018  14.231 0.1000000015
3390  8.147  -80.581  15.406 0.1000000015
2706  14.206  -83.037  3.652 0.6000000238
2328  14.257  -83.848  4.150 0.6999999881
2631  9.760  -82.608  10.758 0.3000000119
2623  9.628  -82.457  11.812 0.1000000015
2239  9.052  -82.374  12.835 0.1000000015
2342  13.237  -83.955  2.671 0.6000000238
2341  13.743  -83.887  3.354 0.6000000238
108024  9.786  -83.215  8.933 0.5000000000
2268  9.938  -83.386  9.700 0.4000000060
110005  10.091  -76.120  28.258 0.8000000119
4669  6.666  -77.606  26.989 0.8999999762
4679  6.973  -77.388  25.874 0.8999999762
4648  9.460  -76.601  29.007 0.8000000119
107769  8.224  -77.802  25.442 0.8999999762
5246  11.599  -75.706  27.167 0.6000000238
5237  11.108  -76.361  28.096 0.6999999881
4638  9.321  -77.303  29.657 0.8000000119
4678  10.476  -77.988  25.062 0.8999999762
105997  7.378  -79.566  28.075 0.8999999762
3702  6.960  -79.316  29.181 0.8999999762
108272  7.616  -79.933  27.095 0.8999999762
4134  8.391  -78.993  31.019 0.8999999762
4435  17.380  -78.111  6.965 0.4000000060
4927  17.655  -77.779  6.442 0.4000000060
4436  16.987  -78.637  6.431 0.4000000060
3486  16.685  -80.540  6.366 0.4000000060
3964  16.643  -80.046  5.693 0.4000000060
3497  16.264  -80.714  5.588 0.5000000000
3509  15.816  -80.753  4.615 0.6000000238
3072  15.158  -81.563  4.504 0.6000000238
3000  9.391  -81.681  10.932 0.3000000119
2982  7.726  -81.122  13.698 0.1000000015
3391  7.564  -80.623  15.003 0.1000000015
110323  14.207  -82.245  3.053 0.6000000238
3086  14.846  -81.456  3.267 0.6000000238
2723  13.691  -82.224  2.291 0.6000000238
2357  13.655  -83.050  2.856 0.6000000238
104923  13.220  -83.007  2.265 0.6000000238
4655  6.622  -77.572  28.102 0.8000000119
4689  9.543  -77.337  24.732 0.8999999762
120917  8.094  -78.317  30.575 0.8000000119
3683  6.884  -79.165  30.052 0.8999999762
4145  9.120  -78.186  30.406 0.8000000119
3700  12.050  -79.097  29.000 0.8000000119
4144  10.292  -78.508  30.046 0.8000000119
3670  7.515  -78.914  30.549 0.8999999762
4955  17.584  -77.350  4.514 0.3000000119
4444  16.508  -78.478  5.567 0.4000000060
4939  16.396  -77.877  5.119 0.3000000119
3975  16.192  -79.299  5.170 0.3000000119
3976  15.892  -79.914  4.398 0.5000000000
3432  8.837  -80.841  10.918 0.3000000119
3420  8.622  -80.642  11.945 0.2000000030
2983  7.341  -80.676  13.332 0.1000000015
118136  7.035  -80.337  14.745 0.1000000015
104813  6.687  -79.196  14.302 0.1000000015
3097  14.211  -81.562  2.408 0.6000000238
3525  15.480  -80.456  3.717 0.6000000238
3421  7.797  -80.244  12.431 0.1000000015
3422  6.970  -80.183  12.939 0.1000000015
3411  6.925  -80.435  13.607 0.1000000015
3434  7.295  -79.750  12.025 0.1000000015
4690  7.902  -77.067  24.841 0.8999999762
5264  10.889  -77.028  23.836 0.8999999762
4645  12.472  -77.579  27.957 0.6999999881
4161  10.987  -77.904  29.330 0.8000000119
123871  10.088  -77.760  29.743 0.8000000119
4160  11.875  -78.187  28.818 0.8000000119
117072  18.256  -77.170  3.902 0.4000000060
113252  16.690  -77.475  4.452 0.4000000060
4956  15.933  -77.736  4.465 0.4000000060
105371  15.578  -78.878  4.419 0.4000000060
122359  14.566  -78.430  3.382 0.5000000000
108999  15.006  -78.619  3.753 0.5000000000
3987  14.554  -79.244  3.054 0.6000000238
3986  15.317  -79.654  3.686 0.6000000238
3891  6.760  -79.451  12.714 0.1000000015
3542  14.240  -80.657  1.975 0.6000000238
109594  7.349  -80.337  10.133 0.2000000030
2724  13.377  -82.067  1.980 0.6000000238
3111  14.058  -81.150  1.944 0.6000000238
3454  7.248  -80.789  9.277 0.3000000119
2725  12.795  -82.809  2.053 0.6000000238
5266  9.104  -76.401  23.886 0.8999999762
4969  16.248  -77.362  3.883 0.4000000060
4970  15.501  -77.504  3.746 0.5000000000
3543  13.831  -80.105  1.661 0.5000000000
107789  7.212  -79.834  10.844 0.1000000015
3446  6.996  -80.200  9.835 0.2000000030
5278  8.368  -75.704  23.295 0.8999999762
5828  7.058  -75.679  23.833 0.8000000119
5267  7.501  -76.302  24.253 0.8999999762
5842  7.671  -74.413  22.336 0.8999999762
6453  8.328  -74.247  21.687 0.8999999762
4004  13.887  -79.248  2.148 0.6000000238
4386  6.552  -78.684  10.800 0.1000000015
3897  6.823  -79.217  11.600 0.1000000015
104947  13.374  -80.060  1.387 0.5000000000
6456  6.080  -74.031  23.159 0.8000000119
6446  5.755  -74.410  23.909 0.8000000119
7040  6.466  -73.419  22.690 0.8000000119
6455  6.724  -74.198  22.748 0.8000000119
5268  6.405  -75.898  24.658 0.8000000119
6454  7.259  -73.691  22.083 0.8000000119
115505  8.965  -74.231  21.034 0.8999999762
104008  6.128  -77.895  10.968 0.1000000015
3933  6.733  -79.436  8.244 0.4000000060
3923  6.736  -79.545  9.378 0.3000000119
7668  5.712  -72.832  24.560 0.8000000119
7681  6.273  -72.753  23.277 0.8000000119
6438  5.336  -74.509  24.883 0.8000000119
7693  7.329  -72.653  22.166 0.8000000119
121680  7.006  -72.531  23.044 0.8000000119
7692  8.595  -72.607  22.272 0.8000000119
7707  8.979  -72.934  21.435 0.8000000119
6463  7.985  -73.487  21.673 0.8000000119
7706  9.905  -72.869  21.129 0.8000000119
4401  6.474  -78.793  9.018 0.3000000119
102448  6.346  -78.292  9.971 0.2000000030
7666  6.762  -72.445  24.017 0.8000000119
7667  6.108  -72.579  24.155 0.8000000119
8340  5.871  -71.511  25.372 0.8000000119
7680  7.857  -72.440  22.912 0.8000000119
4913  6.951  -77.526  6.408 0.6000000238
4895  6.558  -77.649  7.387 0.4000000060
4881  6.211  -77.836  8.863 0.2000000030
8358  7.196  -71.933  24.800 0.6999999881
8359  6.368  -72.013  24.781 0.8000000119
9082  5.991  -70.835  25.774 0.6999999881
7645  9.038  -72.241  24.459 0.8000000119
7665  7.842  -72.364  23.999 0.8000000119
103613  8.889  -72.424  23.459 0.8000000119
7691  9.888  -72.738  21.873 0.8000000119
7048  10.661  -73.156  20.664 0.6999999881
108102  7.762  -76.975  5.628 0.6000000238
111311  5.937  -76.985  9.638 0.1000000015
8338  7.529  -71.382  25.628 0.6999999881
9072  6.222  -70.453  26.365 0.6999999881
8357  8.212  -71.941  24.978 0.6999999881
7679  10.102  -72.598  22.991 0.8000000119
5485  6.609  -76.756  6.907 0.4000000060
108041  5.978  -76.900  8.290 0.2000000030
9071  7.322  -70.709  26.460 0.6999999881
9057  6.609  -70.087  27.030 0.6999999881
7664  10.062  -72.535  24.043 0.8000000119
113071  11.895  -72.767  21.594 0.8000000119
5484  8.057  -76.062  5.411 0.6999999881
119457  7.424  -76.210  5.797 0.6000000238
5457  5.812  -76.166  9.222 0.1000000015
8337  8.579  -71.527  25.649 0.6999999881
115698  8.973  -70.394  27.281 0.6999999881
9794  7.695  -69.700  27.991 0.6999999881
7644  10.178  -72.303  24.999 0.6999999881
8336  9.552  -71.695  25.696 0.6999999881
8324  8.987  -71.200  26.269 0.6999999881
7678  11.478  -72.616  23.199 0.8000000119
123205  10.781  -72.581  23.677 0.6999999881
5469  5.912  -76.046  8.054 0.3000000119
8335  10.727  -71.878  25.760 0.6999999881
9054  9.754  -70.346  27.429 0.6999999881
9793  9.083  -69.988  27.814 0.6999999881
7677  12.525  -72.419  23.442 0.6999999881
7643  11.441  -72.331  25.199 0.6999999881
7688  12.876  -72.110  21.991 0.8000000119
7689  12.379  -72.530  22.355 0.6999999881
8323  10.002  -71.379  26.362 0.6999999881
9792  10.079  -69.696  28.127 0.6999999881
108731  9.856  -69.350  29.093 0.6999999881
8480  7.899  -71.056  14.728 0.3000000119
6633  5.842  -74.773  9.256 0.2000000030
9068  10.453  -70.935  26.974 0.6999999881
9053  10.926  -70.303  27.573 0.6999999881
9750  10.868  -69.280  29.268 0.6999999881
8334  12.118  -71.898  25.776 0.6999999881
8322  11.216  -71.456  26.419 0.6999999881
9052  12.303  -70.352  27.450 0.6999999881
7642  12.452  -72.322  24.931 0.6999999881
7641  13.013  -71.846  25.248 0.6999999881
9229  8.333  -70.569  15.249 0.3000000119
106415  6.745  -70.043  15.887 0.3000000119
9942  7.190  -69.753  16.585 0.3000000119
120077  6.298  -74.521  8.174 0.3000000119
104834  10.478  -69.408  29.927 0.6999999881
9791  11.656  -69.501  28.144 0.6999999881
9749  11.687  -69.349  29.870 0.6999999881
9051  13.191  -70.313  27.114 0.6999999881
8356  13.105  -71.778  24.629 0.6999999881
9080  13.165  -71.128  25.618 0.6999999881
9066  13.202  -70.670  26.539 0.6999999881
8372  13.082  -71.949  22.778 0.6999999881
112928  13.009  -71.657  23.906 0.6999999881
9726  12.505  -69.547  30.707 0.6999999881
114669  12.833  -68.752  28.198 0.6999999881
9050  13.372  -70.113  26.839 0.6999999881
9790  12.916  -69.588  27.593 0.6999999881
10430  12.940  -68.286  29.024 0.6999999881
9816  12.959  -70.346  25.455 0.6999999881
9808  13.308  -70.130  26.335 0.6999999881
10438  13.202  -68.077  28.217 0.6999999881
9116  12.520  -71.088  23.345 0.6999999881
9096  11.614  -70.360  23.911 0.6999999881
10456  13.159  -69.089  26.515 0.6999999881
11166  13.066  -68.183  26.931 0.6999999881
10465  12.859  -69.559  25.889 0.6999999881
122107  12.697  -68.473  26.466 0.6999999881
7899  6.998  -72.809  7.197 0.6000000238
7223  6.745  -73.640  7.972 0.4000000060
121399  12.621  -67.105  27.905 0.6999999881
11167  12.358  -67.450  27.226 0.6999999881
117362  10.971  -67.709  26.175 0.6999999881
11911  11.990  -66.520  29.188 0.6999999881
11926  11.245  -66.479  28.526 0.6999999881
8588  6.895  -71.966  8.360 0.4000000060
123463  9.844  -66.912  27.410 0.6999999881
11188  9.453  -67.587  26.085 0.6999999881
10468  9.459  -68.088  25.424 0.6999999881
9320  7.016  -70.415  7.530 0.6000000238
9321  6.323  -69.985  8.509 0.3000000119
8587  7.038  -71.299  7.157 0.5000000000
106870  6.628  -70.843  8.395 0.3000000119
119229  8.656  -67.488  26.151 0.6999999881
11941  6.615  -66.358  27.629 0.6000000238
11189  7.828  -67.468  25.879 0.6000000238
11170  8.159  -67.346  26.856 0.6999999881
106793  4.107  -64.785  14.515 0.4000000060
11171  7.281  -67.229  26.599 0.6000000238
11950  6.587  -66.851  26.791 0.6999999881
14462  3.649  -63.691  19.805 0.2000000030
13706  4.174  -64.207  15.176 0.4000000060
12715  6.262  -65.766  27.398 0.6999999881
15234  4.405  -62.351  19.390 0.3000000119
15235  3.836  -62.852  19.758 0.3000000119
15232  6.256  -62.448  19.174 0.2000000030
15233  5.289  -62.454  19.173 0.1000000015
123940  16.752  -57.884  20.700 0.6000000238
16053  5.913  -60.641  18.358 0.4000000060
16033  5.574  -61.576  18.685 0.3000000119
16011  3.788  -60.844  20.606 0.6000000238
18666  18.259  -58.195  20.533 0.6000000238
18667  17.534  -58.299  20.109 0.6000000238
18669  15.793  -57.616  20.582 0.6000000238
16965  6.741  -59.544  15.328 0.3000000119
14352  5.851  -63.806  25.599 0.8000000119
16856  6.215  -60.555  23.505 0.8000000119
16873  6.145  -60.258  22.598 0.6999999881
16874  5.130  -60.527  22.094 0.6999999881
16875  4.334  -60.605  21.284 0.6000000238
16012  3.641  -61.737  20.987 0.6000000238
19626  18.580  -57.739  21.293 0.5000000000
19627  17.421  -57.580  21.340 0.5000000000
117273  4.961  -59.988  19.375 0.6000000238
18665  19.125  -58.172  20.245 0.6999999881
18689  15.170  -57.842  19.679 0.6000000238
18668  16.711  -58.290  19.644 0.6999999881
18760  8.714  -58.179  13.397 0.5000000000
19644  14.670  -56.832  20.919 0.6000000238
19625  19.606  -57.698  21.028 0.6000000238
19606  17.810  -56.688  22.137 0.4000000060
19607  16.611  -56.164  22.433 0.4000000060
19628  16.166  -56.799  21.600 0.4000000060
19605  18.966  -57.069  21.947 0.6000000238
104002  13.274  -56.786  20.343 0.8000000119
19646  12.917  -57.122  19.448 0.6000000238
19624  20.567  -57.437  20.573 0.6999999881
19670  20.611  -57.287  15.991 0.5000000000
19591  18.130  -56.023  22.799 0.4000000060
19629  15.065  -56.239  21.849 0.5000000000
109182  14.161  -56.013  22.081 0.5000000000
20577  18.363  -55.361  23.599 0.3000000119
19590  19.216  -56.277  22.599 0.6000000238
19630  13.667  -56.409  21.283 0.6000000238
19648  10.977  -57.279  18.997 0.6999999881
19589  20.119  -56.151  22.467 0.5000000000
19604  20.089  -57.016  21.635 0.6000000238
120554  20.936  -56.454  21.588 0.6000000238
123759  20.983  -56.939  20.920 0.6999999881
21491  21.676  -55.934  21.547 0.6999999881
19679  21.577  -56.838  15.831 0.6999999881
19608  15.445  -55.859  22.770 0.4000000060
122464  14.614  -55.899  22.660 0.5000000000
108942  12.805  -56.547  21.456 0.6000000238
19631  12.140  -56.959  20.858 0.6999999881
19632  11.429  -57.237  20.021 0.6999999881
18670  11.048  -57.990  20.476 0.8000000119
19647  12.168  -56.975  19.837 0.6999999881
104308  25.211  -55.648  20.165 0.6000000238
117670  24.366  -56.503  19.120 0.6999999881
102657  24.342  -56.489  18.184 0.6999999881
20748  15.052  -56.294  7.848 0.5000000000
21631  14.758  -55.830  7.922 0.5000000000
22336  24.447  -54.570  20.989 0.6999999881
21502  25.688  -55.458  20.310 0.6999999881
21504  24.660  -55.559  20.201 0.8000000119
22349  26.457  -54.714  20.373 0.8000000119
106274  25.924  -53.970  20.535 0.8000000119
120150  25.095  -54.279  20.758 0.8000000119
20720  15.948  -56.575  8.379 0.5000000000
20747  15.490  -55.571  7.874 0.5000000000
23242  25.006  -53.006  21.113 0.6000000238
23239  27.410  -53.361  20.226 0.8000000119
23241  25.718  -53.114  20.707 0.8000000119
25989  26.640  -50.976  20.301 0.8000000119
106903  27.451  -51.409  20.301 0.8999999762
25076  25.978  -51.695  20.387 0.8000000119
25077  25.188  -51.598  20.588 0.8000000119
24160  27.833  -52.683  20.196 0.8999999762
24137  26.226  -52.470  20.473 0.8000000119
24138  25.446  -52.343  20.739 0.8000000119
101712  32.564  -54.835  17.047 0.6999999881
22460  14.693  -52.790  9.326 0.6999999881
25994  19.286  -51.426  19.867 0.1000000015
123487  26.303  -50.475  20.296 0.5000000000
25101  30.098  -51.643  19.780 0.8999999762
107629  28.378  -51.033  20.262 0.8999999762
116216  32.924  -53.549  15.902 0.6000000238
118963  33.476  -53.127  17.522 0.8000000119
22405  14.137  -54.335  13.953 0.5000000000
22429  14.280  -53.993  12.414 0.8000000119
22445  14.206  -53.689  10.791 0.8999999762
23328  14.463  -53.028  11.392 0.8999999762
120621  14.949  -52.786  9.043 0.6999999881
114559  13.942  -51.738  9.061 0.6999999881
109739  13.486  -51.023  9.512 0.6999999881
23373  14.810  -52.281  8.978 0.6999999881
23362  13.814  -51.028  9.090 0.6999999881
23361  15.093  -51.711  9.076 0.6000000238
26021  19.203  -51.143  19.545 0.1000000015
101733  33.790  -52.608  16.079 0.6999999881
115875  34.219  -51.886  16.967 0.8000000119
22428  15.005  -53.928  13.248 0.6000000238
23344  13.808  -51.343  10.383 0.8999999762
24279  13.595  -50.438  9.956 0.6999999881
119856  15.882  -51.615  9.557 0.6999999881
26040  33.663  -51.609  17.840 0.8000000119
26063  32.764  -52.446  15.878 0.8000000119
26980  32.870  -52.696  17.181 0.8999999762
26064  31.807  -51.048  15.816 0.8000000119
26982  30.862  -50.065  15.959 0.8000000119
26981  31.268  -51.496  17.079 0.6000000238
113747  28.504  -48.883  15.406 0.5000000000
26996  27.508  -49.545  14.887 0.5000000000
23327  15.302  -52.795  11.995 0.6999999881
114972  27.216  -48.802  14.625 0.4000000060
24243  15.529  -51.953  11.928 0.8000000119
26085  17.884  -50.168  13.396 0.3000000119
27813  30.724  -48.312  16.263 0.6000000238
27812  30.932  -49.074  16.882 0.6000000238
27821  29.377  -48.333  15.553 0.6000000238
114400  27.801  -48.860  15.182 0.5000000000
114717  26.590  -48.799  14.065 0.5000000000
25156  17.242  -50.762  13.122 0.4000000060
118067  16.787  -51.342  12.782 0.4000000060
114202  15.792  -51.263  12.144 0.6999999881
26103  17.056  -50.040  13.109 0.5000000000
25182  15.828  -50.468  12.303 0.5000000000
24260  13.872  -50.121  10.929 0.8000000119
27020  16.352  -49.500  12.820 0.6000000238
27846  18.343  -48.269  13.428 0.5000000000
28642  30.473  -47.516  16.051 0.5000000000
28643  29.930  -47.421  15.564 0.6999999881
27822  28.287  -48.143  15.327 0.6000000238
28644  28.942  -47.402  15.355 0.6000000238
28645  27.891  -47.298  15.230 0.4000000060
123886  16.673  -48.321  13.054 0.4000000060
28662  18.197  -47.593  13.303 0.4000000060
28663  17.411  -48.144  13.259 0.4000000060
27035  17.360  -49.328  11.496 0.6000000238
28674  19.971  -46.840  12.773 0.4000000060
28675  18.884  -47.127  13.158 0.4000000060
28664  16.442  -47.792  12.975 0.5000000000
120782  18.446  -46.568  12.833 0.5000000000
29469  17.041  -46.607  12.996 0.4000000060
33920  25.505  -41.072  14.832 0.1000000015
33905  24.878  -41.629  15.310 0.1000000015
33016  20.052  -43.032  10.456 0.2000000030
34847  26.171  -40.535  14.294 0.1000000015
34863  25.728  -39.908  13.844 0.1000000015
33035  22.648  -42.843  10.204 0.2000000030
33037  20.233  -42.242  10.150 0.2000000030
34873  27.237  -40.413  12.571 0.1000000015
112651  26.964  -40.029  12.996 0.1000000015
33974  23.772  -41.869  9.981 0.1000000015
33990  23.274  -41.641  9.280 0.2000000030
33056  22.955  -42.201  9.762 0.2000000030
33057  22.102  -42.283  9.779 0.2000000030
33976  19.234  -41.277  10.109 0.2000000030
115221  26.969  -40.545  11.468 0.1000000015
34889  27.161  -40.240  11.943 0.1000000015
111519  26.423  -39.775  10.746 0.1000000015
34905  26.051  -40.183  10.230 0.1000000015
33991  22.442  -41.597  9.222 0.1000000015
33992  21.436  -41.453  9.568 0.1000000015
34890  26.784  -39.815  11.436 0.1000000015
34906  25.204  -40.797  9.854 0.1000000015
33989  24.115  -41.157  9.320 0.1000000015
34925  23.047  -40.894  8.769 0.1000000015
109601  20.591  -39.698  9.192 0.1000000015
34907  20.414  -40.439  9.492 0.2000000030
34909  18.160  -40.310  10.115 0.2000000030
34927  19.116  -39.180  9.518 0.1000000015
34928  18.186  -39.459  9.739 0.1000000015
34022  17.851  -39.831  8.922 0.1000000015
34924  24.824  -40.242  9.041 0.1000000015
34926  21.749  -40.611  8.928 0.1000000015
34941  22.526  -40.017  8.548 0.1000000015
115019  23.902  -40.450  8.784 0.1000000015
3270  7.477  -80.608  26.516 0.8000000119
3713  7.616  -80.231  27.855 0.8999999762
2822  8.962  -81.986  30.543 0.8999999762
3455  6.920  -80.233  8.771 0.3000000119
3262  7.718  -80.859  28.247 0.8999999762
4414  6.654  -78.536  7.798 0.4000000060
2863  24.729  -81.708  24.915 0.6999999881
2191  31.582  -83.505  15.551 0.6999999881
1441  25.441  -85.431  21.549 0.6999999881
1454  27.506  -85.398  20.804 0.8000000119
546  12.949  -89.499  5.993 0.5000000000
2639  16.529  -82.674  9.768 0.8000000119
15221  3.625  -62.335  20.083 0.4000000060
15984  3.600  -61.675  22.174 0.6000000238
17838  7.072  -58.966  14.866 0.4000000060
16857  5.511  -60.656  22.932 0.6999999881
120776  4.248  -60.828  22.128 0.6000000238
18761  7.928  -58.424  14.007 0.5000000000
16035  4.320  -61.167  19.104 0.5000000000
104507  5.156  -60.186  21.036 0.6999999881
22479  15.686  -53.725  8.587 0.6000000238
104207  26.815  -50.049  20.356 0.6000000238
24157  30.915  -52.361  19.070 0.8000000119
26104  16.025  -49.982  12.547 0.5000000000
101939  33.954  -52.281  17.518 0.8000000119
26969  34.040  -51.501  17.520 0.8999999762
26971  31.626  -50.751  17.891 0.6999999881
26989  30.856  -49.504  16.309 0.6000000238
29481  17.593  -46.113  12.749 0.4000000060
27827  26.894  -48.036  14.377 0.5000000000
27823  27.461  -48.076  15.042 0.5000000000
33956  18.455  -42.059  10.549 0.2000000030
34942  17.906  -39.062  9.158 0.1000000015
34862  26.652  -40.223  13.581 0.1000000015
3433  8.122  -80.052  11.151 0.2000000030
21489  24.175  -55.118  20.820 0.8000000119
103640  17.202  -47.309  13.111 0.4000000060
251  14.046  -91.193  6.728 0.3000000119
384  15.632  -90.348  4.839 0.3000000119
717  11.994  -88.674  14.869 0.4000000060
1778  26.703  -83.740  19.898 0.6999999881
109152  29.819  -83.633  25.286 0.4000000060
1708  26.921  -84.508  26.886 0.5000000000
1789  29.216  -84.261  18.761 0.6000000238
2908  28.422  -81.898  19.700 0.4000000060
2538  28.034  -82.426  18.765 0.5000000000
1775  29.478  -84.763  19.379 0.6000000238
2537  28.796  -82.537  18.201 0.4000000060
2170  29.724  -83.227  17.976 0.4000000060
2896  30.606  -81.488  21.455 0.3000000119
2897  29.931  -81.936  20.900 0.3000000119
2559  33.450  -82.814  14.457 0.5000000000
2060  25.270  -83.912  27.185 0.6999999881
2544  34.914  -82.306  18.283 0.4000000060
3341  30.186  -80.103  19.468 0.2000000030
2937  36.042  -81.783  17.699 0.4000000060
3357  32.087  -79.690  18.216 0.4000000060
2655  14.735  -82.268  7.890 0.8000000119
2300  13.845  -83.756  6.919 0.6999999881
104038  8.266  -82.467  16.229 0.1000000015
3460  16.663  -80.612  8.019 0.4000000060
2569  8.310  -82.302  15.374 0.1000000015
4411  17.610  -78.363  7.824 0.4000000060
2678  14.603  -82.783  5.512 0.6000000238
2585  8.310  -81.798  14.296 0.1000000015
2250  9.977  -83.254  11.553 0.3000000119
2992  7.983  -81.047  12.917 0.1000000015
2975  7.087  -80.839  13.910 0.1000000015
4928  16.970  -77.922  5.877 0.3000000119
3526  14.967  -80.351  2.843 0.6000000238
7682  5.850  -73.080  23.682 0.8000000119
9081  6.697  -70.941  25.893 0.6999999881
123639  9.091  -71.920  25.154 0.8000000119
8325  8.162  -71.116  26.185 0.6999999881
9056  7.585  -70.182  27.237 0.6999999881
120633  8.486  -69.728  28.052 0.6999999881
9769  10.793  -69.367  28.684 0.6999999881
9067  11.731  -71.029  27.051 0.6999999881
117911  12.288  -71.383  26.467 0.6999999881
107912  13.226  -68.354  27.455 0.6999999881
11156  7.222  -67.027  27.388 0.6000000238
119361  3.912  -61.861  19.580 0.5000000000
19592  17.078  -55.702  23.026 0.4000000060
106814  19.326  -55.517  23.207 0.3000000119
20598  25.093  -56.025  19.848 0.6999999881
22350  25.689  -54.773  20.457 0.8000000119
21503  24.959  -55.004  20.414 0.6999999881
109427  26.910  -54.047  20.296 0.8000000119
23240  26.524  -53.256  20.430 0.8000000119
117039  25.222  -53.630  20.895 0.8000000119
104620  27.013  -52.617  20.317 0.8000000119
25075  26.772  -51.866  20.334 0.8000000119
25103  28.141  -51.949  20.211 0.8999999762
118462  27.424  -52.102  20.291 0.8999999762
101232  31.427  -55.248  17.232 0.6000000238
116467  33.304  -53.854  16.623 0.6000000238
25102  29.125  -51.819  20.039 0.8999999762
115876  32.225  -54.693  16.124 0.6000000238
24202  31.673  -53.319  15.680 0.6000000238
101934  34.076  -52.406  16.432 0.8000000119
25138  32.567  -52.300  15.683 0.6999999881
24261  13.983  -50.966  10.950 0.8999999762
108274  31.525  -51.411  15.847 0.8000000119
26992  28.180  -49.631  15.373 0.6000000238
26990  30.133  -49.109  15.826 0.6999999881
27820  30.422  -48.245  15.842 0.6999999881
26991  29.069  -49.314  15.591 0.6000000238
29468  17.930  -46.874  13.067 0.4000000060
110533  21.200  -42.267  9.983 0.2000000030
33975  20.322  -41.375  9.818 0.2000000030
34874  26.862  -39.681  12.336 0.1000000015
34908  19.164  -40.289  9.810 0.1000000015
34940  23.360  -40.101  8.599 0.1000000015
119551  20.097  -79.382  28.466 0.5000000000
123660  19.036  -79.465  28.470 0.5000000000
3693  18.475  -79.717  28.555 0.5000000000
3709  16.909  -79.037  27.776 0.6999999881
3708  17.832  -78.986  27.921 0.5000000000
120953  23.112  -79.632  19.719 0.6000000238
3641  15.240  -79.538  32.673 0.3000000119
4110  15.650  -79.048  32.119 0.3000000119
121502  16.701  -78.758  31.796 0.2000000030
3638  17.649  -79.602  33.047 0.2000000030
123470  17.767  -78.516  31.709 0.4000000060
4121  18.598  -78.309  31.579 0.4000000060
4606  20.187  -77.901  30.959 0.4000000060
3690  21.838  -79.399  28.716 0.5000000000
4632  21.893  -78.081  29.531 0.5000000000
112602  21.176  -77.539  29.460 0.5000000000
111263  19.824  -77.328  30.253 0.5000000000
3260  21.258  -80.020  27.796 0.6000000238
3692  20.256  -79.749  28.429 0.5000000000
4633  20.638  -77.244  28.779 0.5000000000
4634  20.325  -77.113  29.478 0.5000000000
107410  20.763  -79.128  28.563 0.5000000000
4171  20.182  -77.621  27.995 0.5000000000
4651  19.580  -77.476  27.386 0.5000000000
5243  18.978  -76.561  27.141 0.5000000000
3710  16.011  -79.068  27.756 0.6999999881
4172  20.081  -78.435  28.121 0.5000000000
4190  18.732  -77.490  26.882 0.6000000238
111994  17.108  -77.836  26.855 0.6999999881
3800  22.685  -79.227  20.083 0.6000000238
4173  18.698  -78.951  28.060 0.5000000000
4191  17.825  -77.726  26.833 0.6000000238
1267  25.826  -86.311  11.992 0.4000000060
1268  25.328  -86.048  11.077 0.3000000119
1303  24.990  -86.448  9.077 0.2000000030
1020  25.356  -87.345  8.693 0.1000000015
764  24.079  -89.141  8.679 0.1000000015
763  25.133  -89.284  8.851 0.1000000015
1006  23.071  -87.492  9.432 0.1000000015
3642  14.474  -79.855  32.976 0.2000000030
3639  16.733  -79.671  32.957 0.2000000030
3637  18.583  -79.523  33.002 0.2000000030
4107  18.144  -78.877  32.334 0.3000000119
115706  19.062  -78.797  32.343 0.4000000060
4608  18.539  -77.788  30.908 0.5000000000
113000  17.869  -78.046  31.117 0.5000000000
114059  17.055  -78.435  31.349 0.4000000060
108517  19.530  -79.481  32.872 0.3000000119
4624  18.917  -77.250  30.353 0.5000000000
4130  22.604  -78.863  30.543 0.5000000000
110353  21.454  -78.790  31.633 0.4000000060
3665  22.922  -79.361  29.990 0.5000000000
4142  22.421  -78.786  29.571 0.5000000000
4621  22.430  -78.440  30.045 0.4000000060
4275  23.997  -78.314  20.153 0.6000000238
4276  23.100  -78.566  20.536 0.6000000238
3719  22.757  -79.822  25.810 0.6000000238
3259  22.119  -80.253  27.354 0.6000000238
3243  21.855  -79.975  28.186 0.5000000000
3712  14.463  -79.099  27.825 0.6999999881
3742  22.757  -79.039  24.375 0.6000000238
3711  15.164  -79.099  27.795 0.6999999881
4238  23.551  -78.015  22.139 0.6000000238
4223  22.837  -78.606  22.831 0.6000000238
5252  18.505  -76.802  26.758 0.6000000238
113789  15.892  -77.863  26.912 0.6999999881
4260  23.700  -77.951  21.065 0.6000000238
4290  24.225  -79.010  19.758 0.6000000238
1561  25.166  -85.113  10.323 0.4000000060
1572  24.824  -85.237  9.488 0.3000000119
1304  25.136  -86.498  8.391 0.3000000119
1033  25.226  -87.142  8.087 0.1000000015
111836  22.268  -89.596  8.535 0.1000000015
104189  21.351  -88.285  9.206 0.1000000015
1032  25.512  -88.102  8.340 0.1000000015
521  26.160  -90.644  8.538 0.1000000015
232  23.375  -91.323  8.270 0.1000000015
352  23.110  -90.938  8.310 0.1000000015
3640  15.908  -79.621  32.823 0.2000000030
3622  15.315  -80.330  33.255 0.2000000030
4111  14.872  -79.052  32.147 0.4000000060
4122  16.186  -78.629  31.493 0.4000000060
4118  22.277  -78.946  31.163 0.4000000060
3654  22.700  -79.666  30.896 0.5000000000
3267  22.552  -80.064  26.508 0.6000000238
3678  22.544  -79.861  29.146 0.5000000000
3698  13.828  -79.527  28.180 0.6999999881
4212  23.562  -78.679  24.452 0.6000000238
3258  23.428  -80.549  27.247 0.5000000000
3225  23.356  -81.687  28.748 0.5000000000
5244  17.965  -76.193  26.907 0.6000000238
122770  18.317  -76.183  27.586 0.5000000000
4177  14.767  -78.513  27.424 0.6999999881
4222  23.718  -78.137  23.054 0.6000000238
4201  23.868  -78.909  25.126 0.6000000238
3707  24.407  -79.871  26.898 0.5000000000
5253  17.669  -76.631  26.638 0.6000000238
4192  16.550  -77.486  26.694 0.6999999881
4178  13.941  -78.598  27.580 0.6000000238
2828  23.881  -81.876  28.576 0.5000000000
4665  15.784  -77.014  26.559 0.6999999881
106500  25.119  -77.390  21.484 0.6000000238
121687  16.032  -76.215  26.604 0.6999999881
3343  24.257  -79.646  19.821 0.6000000238
102749  24.540  -86.898  7.563 0.1000000015
542  24.276  -90.254  6.677 0.1000000015
129  23.323  -91.354  7.839 0.1000000015
148  19.889  -90.573  6.894 0.1000000015
263  17.144  -90.414  5.520 0.2000000030
107761  19.015  -90.617  6.747 0.1000000015
2007  22.975  -84.823  -1.844 0.6000000238
110917  13.002  -77.768  37.450 0.1000000015
4554  13.301  -77.523  38.197 0.1000000015
5114  13.438  -77.273  38.647 0.1000000015
3190  13.085  -81.150  33.850 0.2000000030
3173  12.551  -80.961  34.480 0.2000000030
3157  12.509  -80.473  35.467 0.2000000030
106478  12.117  -79.210  37.211 0.1000000015
3189  13.981  -81.432  33.909 0.2000000030
3589  11.367  -79.597  36.863 0.1000000015
3624  12.820  -80.414  33.400 0.2000000030
3191  12.192  -80.825  33.833 0.2000000030
3174  11.708  -80.693  34.229 0.2000000030
3603  11.650  -80.074  36.010 0.1000000015
3621  16.164  -80.551  33.494 0.2000000030
3188  15.508  -81.358  33.905 0.2000000030
4112  14.052  -79.065  32.191 0.2000000030
3643  13.471  -79.701  32.897 0.2000000030
5205  18.380  -76.780  29.813 0.5000000000
4609  17.250  -77.733  30.634 0.5000000000
4610  16.447  -78.087  30.789 0.5000000000
104345  19.296  -76.502  28.653 0.5000000000
5206  17.478  -76.985  29.995 0.5000000000
3634  22.331  -80.362  31.665 0.5000000000
3215  22.881  -80.687  30.169 0.4000000060
3699  12.823  -79.562  28.610 0.6999999881
1045  22.952  -87.895  6.760 0.2000000030
1034  24.250  -87.845  7.176 0.2000000030
365  23.173  -90.142  6.434 0.1000000015
247  22.571  -90.609  6.907 0.1000000015
545  21.518  -89.235  5.875 0.2000000030
105317  20.865  -90.102  6.197 0.1000000015
556  19.305  -89.269  5.460 0.1000000015
103641  17.031  -89.701  4.705 0.1000000015
5127  13.969  -76.208  38.023 0.1000000015
5672  14.684  -75.838  38.500 0.1000000015
102797  13.227  -80.134  36.006 0.2000000030
3588  12.254  -79.466  36.618 0.1000000015
5113  14.172  -76.665  38.967 0.1000000015
3602  12.545  -79.977  36.177 0.1000000015
4058  11.355  -79.369  37.761 0.1000000015
4057  12.341  -78.911  38.068 0.1000000015
3156  13.333  -80.900  35.231 0.2000000030
119257  10.814  -80.233  35.423 0.2000000030
4551  12.969  -78.069  38.375 0.1000000015
4050  13.018  -77.428  38.663 0.1000000015
3620  17.111  -80.726  33.739 0.2000000030
3619  18.094  -80.507  33.653 0.2000000030
4123  15.334  -78.614  31.434 0.4000000060
3618  19.009  -80.449  33.523 0.3000000119
112981  15.765  -78.273  30.922 0.4000000060
106945  16.803  -76.564  29.377 0.5000000000
4626  16.621  -77.360  30.143 0.5000000000
103318  18.079  -76.184  28.368 0.5000000000
5781  16.793  -75.804  27.745 0.5000000000
5797  17.091  -75.798  27.000 0.6000000238
4194  14.386  -77.835  27.051 0.6000000238
4158  13.316  -78.887  28.100 0.6000000238
1320  22.900  -85.820  6.606 0.3000000119
788  22.249  -88.626  6.217 0.3000000119
1603  22.653  -85.154  5.903 0.3000000119
1331  20.826  -86.509  5.587 0.3000000119
114761  23.891  -84.976  5.060 0.3000000119
1631  21.575  -85.492  4.975 0.3000000119
1058  18.931  -87.489  4.910 0.3000000119
582  17.028  -88.710  2.717 0.2000000030
1343  20.187  -86.601  4.484 0.3000000119
833  17.670  -87.817  2.680 0.2000000030
2392  21.332  -83.268  -1.949 0.5000000000
5671  15.514  -75.628  38.817 0.1000000015
5128  13.342  -76.684  37.465 0.1000000015
5670  16.371  -75.517  39.027 0.1000000015
5658  16.724  -76.019  39.857 0.1000000015
4557  12.835  -77.535  36.504 0.1000000015
3590  10.584  -79.878  36.344 0.2000000030
5112  15.006  -76.210  39.437 0.1000000015
5659  15.874  -76.123  39.790 0.1000000015
5657  17.502  -76.056  40.029 0.1000000015
3625  12.051  -80.246  33.452 0.2000000030
3626  11.306  -80.341  33.790 0.2000000030
4124  14.523  -78.545  31.439 0.3000000119
4113  13.213  -78.873  32.246 0.3000000119
4627  15.833  -77.695  30.350 0.5000000000
4611  15.025  -77.992  30.710 0.4000000060
4612  14.133  -77.961  30.858 0.4000000060
4635  15.987  -77.015  29.676 0.5000000000
5234  16.452  -76.077  28.552 0.5000000000
5798  16.266  -75.659  27.119 0.5000000000
5255  15.290  -76.220  26.591 0.6000000238
4652  13.741  -77.826  27.215 0.6000000238
4143  11.279  -78.736  29.586 0.6999999881
1643  21.770  -85.838  4.167 0.3000000119
1093  18.261  -87.590  2.750 0.2000000030
2758  22.661  -82.655  -1.655 0.5000000000
6249  20.059  -74.421  38.242 0.1000000015
6250  19.310  -74.615  38.567 0.1000000015
6274  18.455  -74.249  38.104 0.1000000015
6252  16.950  -75.003  38.338 0.1000000015
6253  16.077  -75.059  38.130 0.1000000015
5669  17.210  -75.431  39.219 0.1000000015
110983  17.975  -75.426  39.476 0.1000000015
4055  11.343  -78.878  38.637 0.1000000015
5101  13.834  -76.687  39.015 0.1000000015
5100  14.601  -76.249  39.645 0.1000000015
5099  16.380  -76.321  40.503 0.1000000015
3587  10.754  -79.511  37.185 0.2000000030
4545  12.675  -77.290  39.135 0.1000000015
5084  15.779  -76.338  40.685 0.1000000015
4126  13.086  -78.209  31.705 0.3000000119
3613  10.915  -80.392  34.474 0.2000000030
4541  13.355  -76.677  39.363 0.1000000015
4052  11.633  -78.176  39.153 0.1000000015
5222  15.447  -76.498  29.317 0.5000000000
4636  15.209  -77.230  29.930 0.5000000000
5799  15.307  -75.508  27.320 0.6000000238
4159  12.648  -78.586  28.364 0.6000000238
2745  21.505  -82.652  0.298 0.4000000060
2752  21.632  -82.585  -0.663 0.4000000060
3604  10.114  -79.991  34.948 0.2000000030
3645  11.615  -79.778  33.276 0.2000000030
114362  9.906  -79.695  35.966 0.2000000030
4060  10.139  -79.357  36.897 0.2000000030
4056  10.634  -79.124  37.814 0.1000000015
120215  10.504  -78.367  38.419 0.1000000015
5223  14.608  -76.485  29.583 0.5000000000
4637  14.445  -77.317  30.256 0.4000000060
104816  15.366  -75.621  28.100 0.5000000000
5256  14.565  -76.304  26.582 0.6000000238
4653  13.207  -77.340  27.206 0.6000000238
105810  22.103  -82.083  1.471 0.3000000119
2734  22.088  -82.205  0.722 0.3000000119
3126  23.035  -81.695  -0.511 0.3000000119
2750  23.177  -81.926  -1.236 0.3000000119
4613  13.408  -77.747  31.135 0.4000000060
4597  12.325  -78.312  32.216 0.4000000060
4101  10.830  -79.591  33.413 0.2000000030
4114  11.533  -78.958  32.879 0.4000000060
4089  9.722  -79.487  34.222 0.2000000030
111294  9.723  -79.197  35.248 0.2000000030
5207  13.981  -76.776  30.018 0.5000000000
4614  12.674  -77.524  31.482 0.4000000060
4615  11.858  -77.280  31.837 0.4000000060
4115  10.636  -78.631  33.039 0.3000000119
4102  10.022  -79.259  33.594 0.2000000030
4061  9.659  -78.916  36.367 0.2000000030
4555  9.956  -78.422  37.456 0.2000000030
4090  9.491  -78.559  34.522 0.2000000030
4073  9.577  -78.118  35.543 0.2000000030
5191  12.288  -76.689  31.209 0.4000000060
4598  11.322  -77.926  32.488 0.3000000119
5819  14.749  -75.579  26.788 0.6000000238
4587  9.866  -78.292  33.294 0.2000000030
5820  13.967  -75.245  26.830 0.6000000238
4667  13.257  -76.386  26.796 0.6000000238
3319  6.834  -80.702  22.649 0.6000000238
109432  18.156  -76.041  40.199 0.1000000015
5098  17.044  -76.344  40.749 0.1000000015
103307  14.168  -76.194  39.871 0.1000000015
5236  15.021  -75.905  28.758 0.5000000000
4542  12.501  -76.883  39.750 0.1000000015
5224  13.804  -76.080  29.671 0.5000000000
4629  13.048  -76.953  30.897 0.5000000000
4552  10.215  -77.314  38.820 0.1000000015
4547  11.227  -77.560  39.538 0.1000000015
5783  14.680  -75.365  28.031 0.6000000238
5765  14.248  -75.632  28.926 0.5000000000
5753  13.090  -75.723  29.964 0.5000000000
4558  9.412  -77.613  36.665 0.2000000030
4556  9.470  -77.288  37.692 0.2000000030
123621  9.626  -76.959  38.339 0.1000000015
5800  14.298  -75.163  27.306 0.6000000238
5766  13.473  -75.302  29.216 0.5000000000
5209  12.688  -76.192  30.597 0.5000000000
4103  9.472  -78.709  33.815 0.2000000030
5784  13.776  -74.970  28.201 0.5000000000
5754  12.357  -75.443  30.270 0.5000000000
5192  11.497  -76.430  31.514 0.4000000060
5180  11.035  -76.995  32.175 0.4000000060
3339  7.269  -80.523  20.664 0.4000000060
5655  19.386  -75.269  39.396 0.1000000015
5643  19.510  -76.005  40.493 0.1000000015
5666  21.849  -75.456  39.177 0.1000000015
5086  13.623  -76.123  40.224 0.1000000015
4599  10.439  -77.663  32.718 0.3000000119
5156  9.019  -78.042  34.046 0.2000000030
109777  9.108  -77.396  35.791 0.2000000030
5755  11.620  -75.244  30.565 0.5000000000
4600  9.534  -77.394  32.925 0.3000000119
5767  12.735  -74.997  29.550 0.5000000000
112069  12.662  -76.806  27.229 0.6000000238
4646  11.507  -77.299  28.516 0.6000000238
5801  13.374  -74.852  27.232 0.6000000238
5193  10.592  -76.203  31.787 0.4000000060
5258  13.270  -75.493  26.781 0.6000000238
4654  11.977  -76.627  27.664 0.6000000238
2637  21.236  -81.976  10.366 0.6999999881
2654  19.598  -82.571  7.239 0.6999999881
5182  9.670  -76.493  32.315 0.4000000060
5741  11.209  -75.702  31.146 0.4000000060
6389  12.615  -74.428  28.339 0.6000000238
2995  21.118  -81.386  10.998 0.6999999881
6357  11.966  -74.748  29.853 0.5000000000
5802  12.557  -75.055  26.874 0.6000000238
4647  10.412  -77.053  28.988 0.6999999881
4670  6.402  -76.975  26.715 0.6999999881
5261  6.776  -76.650  25.173 0.6999999881
115046  6.630  -76.784  28.145 0.6999999881
5248  6.538  -76.199  27.713 0.6999999881
4656  6.479  -76.899  27.463 0.6999999881
4680  6.271  -76.611  26.087 0.6999999881
5786  8.024  -75.679  27.804 0.6999999881
5240  7.111  -76.232  28.213 0.6999999881
5821  5.724  -75.869  26.172 0.6999999881
6409  9.101  -74.564  27.145 0.6999999881
6411  7.435  -74.756  27.498 0.6999999881
5785  8.921  -75.335  27.306 0.6999999881
5807  7.244  -75.454  27.703 0.6999999881
106202  6.404  -75.543  27.539 0.6999999881
5808  5.774  -75.456  27.024 0.6999999881
6408  9.887  -74.603  27.116 0.6000000238
6412  6.153  -74.806  27.694 0.6999999881
5809  5.506  -74.731  27.204 0.6999999881
6425  5.344  -74.411  26.672 0.6999999881
5826  5.416  -75.200  25.561 0.6999999881
6432  5.231  -74.406  25.842 0.6999999881
112661  5.702  -75.211  24.683 0.6999999881
6984  8.803  -73.997  27.526 0.6000000238
6985  8.004  -74.090  27.653 0.6999999881
6392  7.092  -74.201  27.917 0.6999999881
118825  10.270  -74.043  27.493 0.6000000238
6378  7.037  -74.045  29.726 0.6000000238
6376  9.152  -73.853  29.851 0.6000000238
6361  8.566  -74.415  30.489 0.5000000000
6377  8.168  -73.890  29.810 0.6000000238
104262  6.979  -73.826  28.677 0.6999999881
6973  6.119  -74.044  28.379 0.6999999881
6974  5.428  -73.603  28.290 0.6999999881
6987  5.099  -73.032  27.672 0.6999999881
6971  9.254  -73.579  28.156 0.6000000238
6972  8.400  -73.635  28.129 0.6000000238
6393  5.629  -74.279  27.806 0.6999999881
6374  10.535  -73.756  29.006 0.6000000238
109147  5.231  -73.910  25.175 0.6999999881
6946  5.278  -73.083  30.292 0.6999999881
6945  5.336  -73.776  30.700 0.6000000238
6959  5.574  -73.549  29.743 0.6000000238
6944  5.969  -74.234  30.259 0.6000000238
106815  5.525  -73.237  29.049 0.6999999881
6362  7.524  -74.523  30.472 0.6000000238
6958  6.244  -73.834  29.310 0.6999999881
7611  5.051  -72.265  28.081 0.6999999881
7003  5.126  -72.796  26.705 0.6999999881
7018  5.173  -73.149  26.002 0.6999999881
7647  5.270  -72.439  25.936 0.6999999881
12709  6.388  -65.818  28.212 0.6000000238
14288  5.290  -63.885  29.912 0.6000000238
12698  5.758  -64.629  29.097 0.6000000238
15070  7.513  -62.651  30.095 0.6000000238
14287  5.841  -63.469  30.262 0.6000000238
122314  5.897  -63.928  28.924 0.6000000238
13534  6.329  -65.247  28.318 0.6000000238
15091  6.955  -62.240  29.326 0.6000000238
14306  5.791  -63.388  29.409 0.6000000238
113170  6.546  -65.055  27.671 0.6000000238
12716  5.520  -65.842  26.661 0.6000000238
15092  6.115  -62.700  29.029 0.6000000238
14316  6.012  -63.257  28.801 0.6000000238
15868  7.593  -61.618  28.937 0.6000000238
13545  6.217  -65.149  26.813 0.6000000238
15106  6.658  -61.900  28.505 0.6000000238
15107  6.489  -62.298  28.128 0.6000000238
13564  7.185  -64.250  26.467 0.6000000238
15904  6.764  -61.567  27.136 0.6999999881
14338  7.400  -63.689  26.163 0.6999999881
15890  7.195  -61.240  28.199 0.6999999881
16764  7.511  -60.707  27.063 0.6999999881
15922  6.898  -60.961  26.707 0.6999999881
15129  7.320  -62.540  25.991 0.6999999881
15128  7.336  -63.330  25.655 0.6999999881
15939  6.927  -61.727  25.459 0.6999999881
16779  7.388  -60.722  26.264 0.6999999881
16802  9.164  -60.580  25.989 0.6999999881
16776  10.915  -60.640  26.362 0.6999999881
104395  10.087  -60.554  26.206 0.6999999881
108775  10.882  -60.578  25.032 0.6999999881
16830  9.138  -60.376  24.366 0.6999999881
16829  10.264  -60.441  24.348 0.6999999881
108776  11.805  -60.600  24.905 0.6999999881
121565  11.846  -60.540  24.273 0.6000000238
16854  10.581  -60.372  23.588 0.6999999881
115289  11.309  -60.400  23.453 0.6999999881
16868  11.864  -60.221  22.915 0.6000000238
115288  9.983  -60.177  23.064 0.6999999881
17751  12.079  -59.544  22.090 0.6000000238
17750  12.782  -58.923  21.956 0.6000000238
17752  11.204  -59.824  22.283 0.6999999881
108480  10.634  -59.528  21.653 0.6999999881
17764  11.462  -59.239  21.549 0.6999999881
17762  12.615  -57.723  21.750 0.6000000238
17763  12.148  -58.648  21.541 0.6000000238
19610  13.429  -56.235  22.222 0.5000000000
19611  12.902  -56.801  22.132 0.5000000000
119614  11.675  -57.559  20.739 0.6000000238
18652  10.856  -58.848  20.991 0.6000000238
16044  26.339  -61.464  18.284 0.1000000015
15257  26.153  -62.110  16.137 0.1000000015
16901  25.821  -60.891  19.888 0.1000000015
16887  24.782  -60.422  20.935 0.1000000015
16060  26.296  -61.627  17.496 0.1000000015
16094  23.010  -61.086  13.552 0.1000000015
16954  26.680  -60.658  16.560 0.1000000015
16071  25.817  -61.386  15.038 0.1000000015
16079  25.117  -61.537  14.474 0.1000000015
107151  23.134  -59.290  20.531 0.1000000015
17775  24.000  -59.422  21.102 0.1000000015
18683  23.526  -58.468  19.093 0.2000000030
17791  23.017  -59.099  18.267 0.3000000119
110099  22.035  -59.772  17.704 0.4000000060
17814  20.114  -59.397  16.576 0.4000000060
17815  19.191  -59.230  16.370 0.4000000060
17774  24.701  -59.603  21.030 0.1000000015
120519  24.604  -58.865  20.833 0.2000000030
16885  26.111  -60.137  20.170 0.1000000015
17773  25.539  -59.644  20.702 0.1000000015
105770  25.296  -58.661  20.760 0.2000000030
16911  26.721  -60.726  18.633 0.1000000015
16899  27.059  -60.087  19.052 0.1000000015
16933  26.683  -60.870  17.591 0.1000000015
16932  27.102  -60.144  18.175 0.1000000015
17826  26.989  -59.926  16.261 0.1000000015
16963  26.196  -60.588  15.180 0.1000000015
16973  25.556  -60.728  14.501 0.1000000015
16974  24.724  -60.795  14.042 0.1000000015
16972  25.941  -59.882  14.661 0.1000000015
17849  25.175  -59.945  14.068 0.1000000015
17803  23.342  -58.721  16.827 0.3000000119
17813  22.146  -58.949  16.316 0.4000000060
111618  20.972  -58.693  16.093 0.4000000060
18663  24.133  -58.412  20.083 0.2000000030
18658  27.298  -58.259  19.824 0.1000000015
18659  26.896  -59.012  20.145 0.1000000015
119391  24.483  -57.600  19.529 0.2000000030
18682  24.410  -57.413  18.568 0.2000000030
17850  8.854  -59.153  14.012 0.3000000119
18680  27.405  -58.925  19.255 0.1000000015
17802  27.346  -59.523  18.675 0.1000000015
18702  27.646  -58.851  18.328 0.1000000015
17825  27.326  -59.332  16.850 0.1000000015
17836  27.202  -59.167  15.971 0.1000000015
17847  26.263  -59.043  14.815 0.1000000015
18759  25.835  -58.333  14.374 0.1000000015
17848  25.514  -59.108  14.270 0.1000000015
19618  27.181  -57.401  20.122 0.3000000119
114544  26.634  -58.133  20.382 0.2000000030
18660  25.894  -57.891  20.554 0.4000000060
18661  25.190  -57.424  20.233 0.4000000060
19639  28.213  -57.446  18.792 0.1000000015
19656  27.761  -58.241  18.935 0.2000000030
17877  9.691  -59.126  13.337 0.2000000030
18701  28.035  -58.047  17.942 0.1000000015
18720  27.666  -58.756  17.415 0.1000000015
18737  27.559  -58.597  16.551 0.1000000015
19666  27.868  -58.152  17.088 0.1000000015
19678  27.794  -57.810  16.405 0.1000000015
18758  26.593  -58.174  14.913 0.1000000015
19693  26.102  -57.678  14.374 0.1000000015
19619  26.322  -57.217  20.408 0.2000000030
20608  27.899  -57.101  19.586 0.3000000119
19620  25.540  -56.868  20.192 0.4000000060
19621  24.869  -56.513  19.682 0.5000000000
18681  24.685  -57.003  19.278 0.3000000119
20612  28.960  -56.377  17.928 0.3000000119
104356  28.566  -56.640  17.241 0.1000000015
112262  28.534  -56.068  16.613 0.2000000030
101227  28.514  -57.155  17.932 0.1000000015
20620  27.650  -56.512  15.520 0.1000000015
19691  27.179  -56.906  14.986 0.1000000015
110684  27.582  -54.875  14.666 0.2000000030
20627  26.681  -56.358  14.267 0.1000000015
21536  10.090  -55.723  14.076 0.3000000119
113295  27.223  -54.620  14.171 0.2000000030
22397  25.852  -53.601  13.319 0.2000000030
123109  27.048  -56.049  20.321 0.6000000238
107089  28.208  -56.413  19.616 0.6000000238
122402  28.501  -54.575  19.812 0.6999999881
101233  29.208  -56.027  18.448 0.5000000000
108151  29.685  -54.373  19.355 0.6999999881
113670  28.837  -54.162  19.726 0.6999999881
116854  29.459  -55.823  17.964 0.4000000060
21522  28.896  -55.501  16.697 0.2000000030
20619  28.090  -56.109  15.958 0.2000000030
21521  29.469  -55.229  16.963 0.3000000119
21525  28.471  -55.415  15.988 0.2000000030
22375  28.794  -54.643  15.837 0.2000000030
21534  11.917  -55.663  14.286 0.4000000060
22374  29.651  -54.648  16.372 0.2000000030
22379  28.347  -53.939  15.284 0.2000000030
22380  27.620  -54.048  14.558 0.2000000030
23284  27.250  -53.122  14.137 0.2000000030
23285  26.455  -52.952  13.583 0.2000000030
24213  26.918  -52.262  13.909 0.2000000030
24235  24.850  -52.489  12.760 0.2000000030
23258  29.461  -53.491  19.674 0.6999999881
101228  30.628  -54.788  18.172 0.5000000000
23275  30.753  -54.678  16.406 0.5000000000
23278  30.754  -53.906  15.866 0.4000000060
23280  29.624  -53.364  15.699 0.2000000030
23281  28.670  -53.181  15.397 0.3000000119
24210  28.120  -52.407  15.227 0.3000000119
24212  27.509  -52.391  14.589 0.3000000119
25146  27.697  -51.690  14.977 0.2000000030
109184  27.235  -51.716  14.336 0.2000000030
25151  26.642  -51.296  13.808 0.3000000119
24234  25.330  -51.921  12.905 0.2000000030
26073  27.715  -50.288  15.096 0.5000000000
26080  26.828  -50.336  14.030 0.4000000060
25176  25.747  -51.232  13.175 0.2000000030
25178  24.619  -51.816  12.766 0.2000000030
26997  26.996  -49.542  14.282 0.4000000060
26099  26.108  -50.433  13.479 0.3000000119
26100  25.273  -50.406  13.038 0.2000000030
25177  24.888  -51.181  12.809 0.2000000030
24158  29.833  -52.551  19.737 0.8000000119
24176  31.441  -53.496  18.443 0.6999999881
101229  31.696  -54.550  17.773 0.6999999881
25139  30.920  -51.866  15.781 0.5000000000
25144  29.445  -51.537  15.663 0.4000000060
25145  28.414  -51.669  15.404 0.4000000060
21531  14.651  -54.834  14.346 0.4000000060
22384  12.697  -55.204  14.232 0.4000000060
26065  30.271  -50.747  15.811 0.6999999881
26071  29.116  -50.599  15.667 0.6000000238
26072  28.331  -50.425  15.453 0.5000000000
117019  16.327  -54.865  14.200 0.2000000030
22404  15.054  -54.406  14.169 0.4000000060
111888  22.755  -51.250  13.130 0.1000000015
23326  16.653  -54.084  12.923 0.1000000015
22403  15.974  -54.216  13.806 0.3000000119
27838  25.878  -48.858  13.583 0.4000000060
27014  24.789  -49.603  13.139 0.2000000030
111143  23.896  -51.299  12.900 0.1000000015
23305  18.317  -53.147  12.628 0.1000000015
111755  25.197  -49.007  13.348 0.4000000060
108017  29.674  -49.923  15.766 0.5000000000
108746  24.319  -50.388  12.988 0.2000000030
108745  23.306  -50.366  13.179 0.1000000015
26101  22.314  -50.296  13.346 0.1000000015
26081  21.419  -50.177  13.440 0.1000000015
24239  20.227  -51.722  13.295 0.1000000015
24240  18.886  -52.452  12.881 0.1000000015
23306  17.443  -53.130  12.704 0.2000000030
27840  24.504  -48.836  13.216 0.3000000119
122128  23.331  -49.058  13.287 0.2000000030
23308  16.358  -53.337  12.759 0.4000000060
27016  22.830  -49.439  13.339 0.1000000015
26082  20.667  -49.909  13.488 0.1000000015
25153  19.790  -50.997  13.426 0.1000000015
24214  19.355  -51.734  13.213 0.1000000015
24241  18.004  -52.452  12.875 0.2000000030
23307  16.645  -52.740  12.702 0.2000000030
26998  20.590  -48.970  13.528 0.3000000119
26083  19.448  -50.310  13.498 0.2000000030
25154  18.893  -51.008  13.417 0.2000000030
25181  17.654  -51.665  13.103 0.2000000030
24242  17.104  -52.177  12.813 0.3000000119
26084  18.702  -50.236  13.493 0.2000000030
25155  18.128  -51.214  13.332 0.2000000030
4119  20.482  -78.461  31.707 0.4000000060
4607  19.271  -77.823  30.959 0.4000000060
5204  19.368  -76.759  29.498 0.5000000000
3635  21.757  -80.332  32.337 0.4000000060
3636  20.027  -80.549  33.348 0.4000000060
3133  23.926  -81.614  -1.646 0.3000000119
117750  13.402  -55.518  14.344 0.4000000060
121513  18.801  -80.473  28.977 0.6999999881
1579  24.745  -85.367  8.517 0.3000000119
1035  23.456  -86.808  7.043 0.2000000030
1312  24.678  -85.906  7.817 0.3000000119
3277  21.885  -79.918  25.804 0.6000000238
109949  23.044  -84.886  5.568 0.3000000119
1604  22.036  -85.804  6.126 0.3000000119
1615  23.095  -84.949  5.144 0.3000000119
1618  20.828  -85.975  5.011 0.3000000119
1080  19.083  -87.412  3.212 0.3000000119
113832  17.381  -88.548  2.230 0.2000000030
834  16.822  -88.705  2.241 0.2000000030
583  16.337  -89.078  2.796 0.3000000119
18776  9.837  -58.185  13.053 0.3000000119
22383  13.698  -54.921  14.308 0.4000000060
101234  32.276  -52.815  18.280 0.6999999881
584  15.439  -89.147  2.780 0.2000000030
18775  10.820  -58.182  12.575 0.2000000030
17828  19.942  -58.528  16.194 0.4000000060
150  18.273  -91.293  6.657 0.1000000015
257  17.679  -90.815  6.106 0.2000000030
387  16.077  -90.022  4.165 0.2000000030
23259  28.353  -53.415  19.994 0.8000000119
24159  28.781  -52.657  20.009 0.8000000119
101231  32.716  -54.074  17.587 0.6999999881
26079  27.289  -50.130  14.550 0.5000000000
115839  30.478  -55.160  17.735 0.4000000060
102227  30.297  -55.046  17.084 0.4000000060
113753  30.022  -54.141  15.959 0.2000000030
113549  28.800  -49.987  15.611 0.5000000000
4622  21.711  -77.871  30.117 0.4000000060
3689  22.267  -80.035  28.564 0.5000000000
4156  20.941  -78.231  28.588 0.6000000238
104150  21.388  -79.012  28.728 0.5000000000
5230  20.179  -77.085  27.986 0.5000000000
1280  24.838  -85.971  10.014 0.3000000119
523  23.180  -89.950  8.359 0.1000000015
765  22.847  -88.986  8.725 0.1000000015
111337  24.396  -90.275  8.497 0.1000000015
108210  24.998  -91.240  9.409 0.1000000015
762  25.450  -89.187  8.466 0.1000000015
3656  20.575  -79.307  32.508 0.4000000060
3664  22.869  -80.808  29.286 0.5000000000
3718  23.575  -79.831  26.262 0.5000000000
3242  22.644  -80.572  27.897 0.5000000000
112016  25.207  -87.968  7.752 0.1000000015
353  21.348  -90.769  8.287 0.1000000015
524  21.500  -89.821  8.603 0.1000000015
766  21.824  -88.962  8.822 0.1000000015
533  25.929  -90.063  7.998 0.1000000015
534  24.928  -89.932  7.437 0.1000000015
244  25.448  -91.022  7.431 0.1000000015
359  25.666  -90.563  7.544 0.1000000015
231  24.744  -92.000  8.923 0.1000000015
3241  23.468  -81.113  28.109 0.5000000000
5220  18.640  -76.395  29.001 0.5000000000
364  23.867  -90.472  6.520 0.1000000015
786  23.939  -88.850  6.663 0.2000000030
787  23.122  -89.051  6.290 0.2000000030
241  23.786  -91.216  7.424 0.1000000015
140  21.993  -91.027  7.390 0.1000000015
149  19.035  -91.186  7.245 0.1000000015
256  18.465  -90.390  6.248 0.1000000015
249  20.633  -90.754  7.297 0.1000000015
108965  20.732  -90.457  6.672 0.1000000015
382  17.293  -90.030  5.143 0.1000000015
383  16.647  -90.114  4.806 0.2000000030
3644  12.445  -79.487  32.890 0.3000000119
1046  21.836  -87.508  6.453 0.3000000119
252  23.028  -90.213  6.591 0.1000000015
554  21.798  -89.920  6.111 0.1000000015
372  21.569  -90.089  6.267 0.1000000015
254  21.368  -90.379  6.569 0.1000000015
798  20.713  -88.282  5.893 0.2000000030
106165  20.647  -89.257  5.690 0.1000000015
261  18.659  -89.842  5.788 0.1000000015
379  19.634  -89.631  5.678 0.1000000015
373  20.257  -89.756  5.897 0.1000000015
799  19.853  -88.522  5.622 0.2000000030
564  17.895  -88.891  4.944 0.1000000015
801  18.319  -88.053  4.877 0.3000000119
381  17.773  -89.703  5.158 0.1000000015
565  17.111  -88.953  4.336 0.1000000015
576  15.931  -89.496  3.530 0.2000000030
575  16.739  -89.041  3.462 0.2000000030
4054  12.284  -78.339  38.662 0.1000000015
1322  21.498  -86.544  6.150 0.3000000119
1056  21.017  -87.325  6.058 0.3000000119
109576  21.971  -85.425  5.543 0.3000000119
1617  21.406  -85.866  5.554 0.3000000119
1332  20.302  -86.611  5.164 0.3000000119
1082  17.946  -87.519  3.345 0.3000000119
1081  18.574  -87.428  3.457 0.3000000119
115314  19.454  -87.613  5.368 0.3000000119
1057  19.643  -87.018  5.018 0.3000000119
810  17.718  -88.003  4.197 0.2000000030
13533  7.248  -64.254  27.102 0.6000000238
16020  26.190  -61.240  19.142 0.1000000015
16070  26.319  -61.234  15.824 0.1000000015
16066  26.375  -61.437  16.748 0.1000000015
16886  25.451  -60.472  20.462 0.1000000015
16900  26.507  -60.493  19.454 0.1000000015
16953  27.011  -60.047  17.203 0.1000000015
16962  26.619  -60.446  15.818 0.1000000015
17760  23.354  -59.931  21.321 0.1000000015
104502  21.063  -59.697  16.919 0.4000000060
18662  24.755  -58.001  20.239 0.2000000030
17790  26.718  -59.796  19.785 0.1000000015
17772  26.295  -59.474  20.363 0.1000000015
112955  26.124  -58.813  20.611 0.1000000015
17789  27.147  -59.496  19.414 0.1000000015
17811  27.410  -59.468  17.778 0.1000000015
105150  26.640  -59.734  15.407 0.1000000015
104270  26.848  -58.906  15.355 0.1000000015
17812  23.021  -57.812  15.965 0.5000000000
19640  27.693  -57.718  19.484 0.1000000015
18747  27.307  -58.268  15.683 0.1000000015
19692  26.614  -57.292  14.609 0.1000000015
20596  26.729  -56.585  20.358 0.3000000119
19677  28.171  -57.469  17.163 0.1000000015
20615  28.089  -56.879  16.358 0.1000000015
19682  27.545  -57.357  15.682 0.1000000015
19683  27.080  -57.621  15.163 0.1000000015
20595  27.476  -56.576  20.054 0.5000000000
122551  28.421  -56.826  19.142 0.5000000000
110698  29.068  -55.823  17.361 0.2000000030
102140  29.848  -55.364  18.283 0.5000000000
21526  27.728  -55.604  15.247 0.2000000030
20626  27.279  -56.158  14.833 0.1000000015
107693  28.061  -54.743  15.283 0.2000000030
21529  27.160  -55.425  14.310 0.1000000015
21548  26.377  -55.479  13.812 0.1000000015
21530  26.758  -54.813  13.858 0.2000000030
105551  25.977  -54.609  13.507 0.2000000030
118317  26.376  -55.846  20.360 0.6000000238
21501  26.844  -55.410  20.336 0.6999999881
21500  27.706  -55.736  20.064 0.6999999881
21514  28.620  -55.715  19.552 0.5000000000
105894  28.202  -55.011  19.904 0.6000000238
21513  29.371  -55.653  18.976 0.6000000238
113882  28.825  -56.272  19.057 0.6000000238
20607  28.707  -56.697  18.533 0.3000000119
22361  29.887  -54.988  18.877 0.6000000238
22362  29.095  -54.977  19.498 0.6000000238
118125  29.830  -55.378  17.628 0.3000000119
120436  29.018  -55.054  16.418 0.3000000119
20630  12.007  -56.142  14.151 0.4000000060
22378  29.195  -53.987  15.711 0.3000000119
23282  27.863  -53.165  14.917 0.2000000030
22382  26.779  -53.957  13.818 0.2000000030
24233  26.129  -52.073  13.391 0.2000000030
101230  30.759  -54.080  18.627 0.6999999881
121798  30.279  -54.474  18.900 0.6000000238
23257  30.166  -53.949  19.235 0.6999999881
24208  30.169  -52.683  15.753 0.4000000060
24209  29.038  -52.432  15.541 0.4000000060
25150  27.344  -50.929  14.579 0.3000000119
113437  27.927  -51.007  15.271 0.5000000000
27012  26.365  -49.608  13.770 0.3000000119
27013  25.614  -49.637  13.365 0.2000000030
105197  30.457  -53.313  19.248 0.6999999881
112186  28.597  -51.036  15.512 0.5000000000
103010  15.602  -54.833  14.300 0.3000000119
27015  23.811  -49.484  13.197 0.2000000030
25152  20.720  -50.851  13.449 0.1000000015
24215  18.499  -51.772  13.163 0.2000000030
27841  23.002  -48.636  13.245 0.3000000119
108527  20.115  -50.343  13.485 0.1000000015
0  17.845  -92.269  20.181 0.2000000030
79  17.227  -91.927  20.559 0.2000000030
9  19.186  -91.614  18.439 0.2000000030
3206  31.454  -80.631  32.913 0.4000000060
3648  31.532  -80.720  31.899 0.3000000119
3649  30.679  -79.956  31.660 0.4000000060
3629  30.558  -80.219  32.882 0.3000000119
104044  29.962  -79.410  30.735 0.4000000060
3659  30.912  -80.260  30.898 0.4000000060
3673  30.479  -79.821  29.793 0.4000000060
3686  30.237  -79.693  28.692 0.4000000060
4150  30.017  -79.077  27.979 0.5000000000
3237  30.005  -80.395  28.684 0.4000000060
3254  30.013  -79.563  27.783 0.5000000000
3715  29.716  -79.186  26.678 0.5000000000
3265  28.729  -80.123  26.477 0.5000000000
3274  28.526  -79.636  25.707 0.5000000000
3726  28.855  -78.966  25.505 0.5000000000
3266  27.781  -80.547  26.067 0.6000000238
3285  27.542  -79.715  24.657 0.5000000000
3727  28.337  -79.244  24.940 0.5000000000
4259  25.948  -78.108  20.813 0.5000000000
3797  25.448  -78.615  20.368 0.5000000000
119625  26.982  -81.236  26.038 0.6000000238
2852  26.244  -81.500  25.746 0.6000000238
3276  27.050  -80.613  25.298 0.6000000238
3286  26.720  -80.248  24.432 0.5000000000
3769  26.076  -79.620  22.148 0.6000000238
112555  25.725  -79.555  21.304 0.5000000000
2853  25.270  -81.823  25.456 0.6000000238
111202  21.026  -80.328  32.875 0.3000000119
3211  31.245  -81.253  30.980 0.4000000060
3650  29.823  -79.561  31.731 0.3000000119
4129  29.402  -79.113  30.015 0.4000000060
3222  30.678  -80.807  30.357 0.4000000060
120048  29.659  -79.110  29.350 0.5000000000
3238  29.211  -80.830  28.393 0.4000000060
4166  29.686  -78.727  27.178 0.5000000000
2835  28.258  -81.305  28.136 0.5000000000
2843  27.240  -81.480  26.765 0.6000000238
3738  28.441  -78.516  24.834 0.5000000000
4237  26.959  -77.964  22.029 0.5000000000
4730  25.610  -77.653  21.082 0.5000000000
2844  26.412  -82.009  26.551 0.6000000238
3748  27.470  -78.741  23.431 0.5000000000
3767  27.280  -78.336  22.757 0.5000000000
4708  27.222  -77.600  22.804 0.5000000000
2444  25.747  -83.138  27.246 0.6000000238
1639  28.074  -85.916  4.093 0.5000000000
1353  27.496  -86.564  3.614 0.6000000238
1628  27.113  -85.738  3.961 0.5000000000
1655  25.043  -85.713  2.758 0.6999999881
1642  24.982  -84.870  2.817 0.6999999881
3185  18.585  -81.277  34.090 0.2000000030
3205  32.091  -80.859  32.687 0.2000000030
3194  31.877  -80.599  33.496 0.2000000030
3201  21.419  -81.231  32.890 0.3000000119
2786  31.964  -81.081  31.745 0.3000000119
118799  31.205  -80.617  33.955 0.3000000119
3223  30.182  -81.160  29.874 0.4000000060
2826  28.487  -81.841  29.243 0.5000000000
3661  29.125  -79.230  30.830 0.4000000060
4151  29.294  -78.645  27.930 0.4000000060
2434  28.095  -82.918  29.569 0.4000000060
4711  24.909  -77.243  22.280 0.5000000000
2442  26.971  -82.855  28.332 0.6000000238
4185  29.093  -78.420  26.464 0.5000000000
4198  28.763  -78.305  25.549 0.5000000000
4710  25.851  -77.184  21.998 0.5000000000
4709  26.660  -77.396  22.326 0.5000000000
4697  24.519  -77.556  23.147 0.5000000000
2837  26.665  -82.419  27.420 0.6000000238
4210  28.005  -77.913  24.226 0.5000000000
4694  27.285  -77.340  23.683 0.5000000000
2443  26.350  -83.325  27.952 0.6000000238
1366  29.941  -85.974  2.377 0.5000000000
1654  28.944  -86.204  3.567 0.5000000000
1088  29.153  -86.905  3.566 0.5000000000
1652  30.143  -85.584  2.304 0.5000000000
123579  27.520  -85.126  4.325 0.5000000000
1946  26.826  -84.813  4.166 0.5000000000
1958  26.226  -84.588  3.706 0.6000000238
2338  26.389  -83.984  3.486 0.6000000238
1971  24.397  -84.721  2.165 0.6999999881
1970  25.168  -84.465  2.471 0.6000000238
1982  24.193  -84.518  1.465 0.6999999881
1990  24.347  -84.622  0.534 0.5000000000
1997  24.764  -85.259  -0.541 0.5000000000
107209  24.453  -85.295  -1.212 0.3000000119
120751  8.707  -77.448  34.393 0.1000000015
5145  8.559  -76.963  35.319 0.2000000030
5167  8.683  -77.460  33.579 0.2000000030
107794  16.010  -81.512  34.628 0.1000000015
3187  16.411  -81.386  34.188 0.1000000015
3170  16.651  -81.438  34.942 0.1000000015
3186  17.757  -81.214  34.313 0.1000000015
2776  19.094  -81.475  34.359 0.1000000015
2782  19.697  -81.566  34.238 0.2000000030
2769  19.708  -81.214  35.179 0.2000000030
3175  31.383  -80.433  34.096 0.2000000030
2774  20.074  -81.549  34.584 0.3000000119
3176  30.616  -80.650  34.912 0.3000000119
3605  30.326  -80.444  35.396 0.3000000119
2781  20.405  -81.674  34.089 0.3000000119
2784  21.579  -82.024  33.109 0.3000000119
123143  21.182  -81.924  33.777 0.3000000119
112366  21.796  -82.287  33.372 0.3000000119
119313  32.365  -81.248  31.390 0.3000000119
2783  22.365  -82.468  32.617 0.3000000119
2801  23.011  -82.549  30.436 0.3000000119
2811  30.542  -81.806  30.385 0.4000000060
2022  29.839  -82.728  29.651 0.4000000060
3195  30.323  -80.661  34.145 0.3000000119
3631  28.539  -80.043  32.741 0.3000000119
2789  22.761  -82.486  31.556 0.3000000119
2797  30.179  -82.435  30.046 0.3000000119
3630  29.620  -80.004  32.825 0.3000000119
3652  27.861  -79.655  31.769 0.4000000060
2424  29.458  -82.751  29.778 0.4000000060
3675  28.456  -79.011  30.074 0.5000000000
4140  27.938  -78.825  29.306 0.5000000000
123138  24.023  -79.276  25.712 0.5000000000
4167  28.833  -78.350  27.283 0.5000000000
119688  28.399  -78.462  27.977 0.5000000000
4695  26.524  -76.983  23.443 0.5000000000
4696  25.555  -76.998  23.092 0.5000000000
4211  24.375  -78.255  24.655 0.5000000000
4658  28.484  -77.939  26.020 0.5000000000
4684  26.754  -77.159  24.354 0.5000000000
4686  24.884  -77.526  24.000 0.5000000000
4221  24.034  -78.132  23.854 0.5000000000
2048  26.751  -83.837  28.551 0.6000000238
4683  27.600  -77.513  24.725 0.5000000000
2059  25.992  -83.963  27.949 0.5000000000
1979  30.803  -85.206  1.814 0.4000000060
1373  30.562  -85.686  1.885 0.5000000000
115170  30.561  -86.205  2.210 0.5000000000
1087  29.973  -86.615  3.000 0.5000000000
1638  29.768  -85.344  3.319 0.4000000060
120783  27.972  -83.993  4.454 0.5000000000
2325  26.796  -83.973  4.113 0.5000000000
2337  27.096  -83.375  3.856 0.5000000000
2353  26.642  -83.632  2.981 0.5000000000
2368  25.451  -84.207  1.952 0.4000000060
1981  24.953  -84.387  1.232 0.5000000000
2006  23.854  -85.064  -1.701 0.3000000119
5140  8.465  -76.675  36.551 0.2000000030
5141  7.569  -76.045  36.819 0.2000000030
5157  8.160  -76.990  34.362 0.2000000030
105243  8.750  -76.897  32.784 0.2000000030
3155  14.371  -81.248  34.966 0.1000000015
4070  14.525  -79.346  35.796 0.1000000015
108516  14.754  -81.539  34.064 0.1000000015
3171  15.347  -81.428  34.742 0.1000000015
3600  14.890  -80.336  35.857 0.1000000015
3153  16.090  -81.079  35.396 0.1000000015
3598  16.571  -80.104  35.762 0.1000000015
3169  17.479  -81.266  35.010 0.1000000015
3152  16.935  -80.848  35.530 0.1000000015
3615  32.568  -80.148  33.655 0.2000000030
3193  32.634  -80.578  33.216 0.2000000030
3151  18.380  -80.745  35.368 0.1000000015
4091  32.362  -79.782  33.891 0.2000000030
110602  19.760  -79.667  35.774 0.2000000030
106932  19.768  -79.069  35.688 0.1000000015
3204  32.842  -80.993  32.234 0.2000000030
3617  31.041  -80.303  34.677 0.2000000030
2768  20.466  -81.153  35.272 0.2000000030
3594  20.408  -79.593  35.718 0.2000000030
2773  20.953  -81.676  34.561 0.2000000030
3606  29.661  -80.576  35.849 0.2000000030
102813  21.746  -82.127  34.062 0.3000000119
2412  31.341  -82.003  30.243 0.3000000119
3177  29.813  -80.856  35.134 0.3000000119
3161  28.492  -80.764  35.602 0.3000000119
2772  22.539  -82.060  34.291 0.3000000119
2404  23.004  -82.958  31.854 0.3000000119
3197  28.197  -80.521  33.789 0.3000000119
3179  27.831  -80.727  34.774 0.3000000119
114427  26.316  -80.616  35.172 0.2000000030
3163  25.250  -80.822  34.972 0.3000000119
104906  24.442  -82.454  31.972 0.3000000119
2406  23.509  -83.129  31.202 0.3000000119
2815  23.678  -82.499  29.212 0.4000000060
2032  29.565  -82.947  29.397 0.4000000060
3632  27.536  -80.118  32.701 0.3000000119
3198  27.312  -80.477  33.697 0.3000000119
3181  25.410  -80.980  34.205 0.3000000119
2799  24.212  -82.778  29.992 0.4000000060
2814  24.052  -82.538  29.205 0.4000000060
3257  23.902  -81.137  27.922 0.4000000060
3662  28.115  -79.326  30.871 0.5000000000
3663  27.223  -79.531  31.037 0.5000000000
3653  27.065  -79.793  31.871 0.4000000060
3688  24.580  -80.441  27.677 0.4000000060
2425  28.650  -83.321  29.610 0.4000000060
3706  25.186  -79.501  27.386 0.5000000000
2034  27.967  -83.782  29.347 0.4000000060
4186  28.237  -78.014  26.710 0.5000000000
4187  27.110  -78.037  26.864 0.5000000000
4188  26.113  -78.122  26.458 0.5000000000
4199  25.600  -77.991  25.682 0.5000000000
4200  24.691  -78.577  25.536 0.5000000000
1693  27.525  -84.372  28.632 0.4000000060
4674  27.502  -77.556  25.481 0.5000000000
4675  26.885  -77.375  25.228 0.5000000000
4676  26.099  -77.389  25.033 0.5000000000
4677  25.232  -77.733  24.879 0.5000000000
1707  27.751  -84.555  27.351 0.4000000060
1694  26.842  -84.284  28.391 0.4000000060
1965  36.319  -84.293  2.726 0.2000000030
1938  37.245  -84.057  4.099 0.1000000015
1939  36.809  -84.014  4.567 0.1000000015
2347  36.738  -83.714  2.315 0.1000000015
1952  36.572  -84.349  3.758 0.2000000030
1940  35.927  -84.408  4.115 0.2000000030
2362  35.595  -83.357  1.479 0.2000000030
120485  34.498  -84.098  1.404 0.3000000119
1977  34.759  -84.607  1.751 0.2000000030
1648  34.233  -85.350  2.556 0.2000000030
1635  34.431  -85.307  3.129 0.3000000119
2364  33.893  -83.791  1.348 0.2000000030
1661  32.587  -84.854  1.295 0.4000000060
1350  32.527  -86.574  3.340 0.4000000060
2350  32.566  -83.651  1.942 0.2000000030
1955  31.260  -84.481  2.281 0.3000000119
1626  29.260  -84.782  4.288 0.5000000000
1957  30.048  -84.532  3.999 0.3000000119
1944  28.660  -84.011  4.447 0.3000000119
3125  23.616  -81.246  -0.730 0.2000000030
2686  27.695  -83.124  4.125 0.4000000060
2399  23.123  -83.337  -2.078 0.4000000060
124336  26.685  -84.264  0.893 0.5000000000
105632  25.329  -85.265  -1.091 0.3000000119
2012  24.427  -84.422  -2.063 0.3000000119
2374  27.388  -84.343  0.245 0.3000000119
1996  26.232  -85.113  -0.899 0.3000000119
102412  12.496  -91.211  14.988 0.2000000030
2004  25.899  -84.919  -1.672 0.3000000119
101162  14.426  -90.203  11.741 0.4000000060
338  13.872  -91.026  11.789 0.3000000119
5130  8.182  -76.133  37.416 0.2000000030
5701  7.901  -75.590  37.201 0.2000000030
5146  7.714  -76.371  36.108 0.2000000030
5702  7.397  -75.472  36.733 0.2000000030
5168  8.002  -76.944  33.483 0.2000000030
5142  7.071  -75.808  36.149 0.2000000030
4071  13.764  -79.276  35.875 0.1000000015
4087  14.131  -78.461  35.325 0.1000000015
113987  15.355  -79.384  35.771 0.1000000015
4069  16.186  -79.313  35.715 0.1000000015
124195  15.731  -78.666  35.533 0.1000000015
4068  17.047  -79.138  35.710 0.1000000015
4562  16.500  -78.275  35.434 0.1000000015
3597  17.390  -79.812  35.754 0.1000000015
4561  17.524  -78.302  35.572 0.1000000015
3596  18.279  -79.666  35.794 0.1000000015
4067  17.916  -79.008  35.842 0.1000000015
4560  18.395  -78.331  35.603 0.1000000015
3595  19.123  -79.497  35.790 0.1000000015
4066  18.804  -78.966  35.795 0.1000000015
118915  18.719  -76.459  34.069 0.1000000015
4559  19.273  -78.399  35.453 0.2000000030
4569  19.637  -77.712  34.832 0.1000000015
4065  20.702  -79.073  35.571 0.2000000030
4085  20.206  -78.463  35.227 0.1000000015
4075  30.033  -79.866  35.605 0.2000000030
109643  21.635  -80.353  35.550 0.2000000030
4084  21.115  -78.541  35.099 0.2000000030
4096  28.330  -78.795  34.945 0.2000000030
3592  22.038  -79.668  35.516 0.2000000030
4064  21.569  -79.153  35.400 0.2000000030
4076  28.987  -79.944  35.872 0.2000000030
3144  28.016  -80.467  35.782 0.1000000015
4080  25.017  -79.377  35.266 0.2000000030
3612  23.688  -79.652  35.431 0.2000000030
3145  24.114  -80.302  35.418 0.2000000030
103571  26.032  -80.287  35.516 0.1000000015
118736  25.732  -80.004  35.666 0.1000000015
3164  24.318  -81.147  34.853 0.3000000119
3182  24.662  -81.437  34.051 0.3000000119
2777  24.786  -81.677  33.005 0.3000000119
106099  24.717  -82.053  30.554 0.4000000060
2798  24.631  -81.783  29.662 0.4000000060
108031  27.377  -79.186  30.096 0.5000000000
3208  25.878  -80.447  32.038 0.5000000000
106016  25.305  -80.803  29.801 0.5000000000
3239  25.195  -80.319  28.528 0.5000000000
122923  24.266  -81.848  28.842 0.4000000060
3676  26.496  -79.577  29.702 0.5000000000
3677  25.710  -80.201  29.364 0.5000000000
118055  25.447  -79.771  28.011 0.5000000000
2046  28.505  -83.691  28.878 0.4000000060
4153  27.543  -78.604  28.423 0.5000000000
4169  26.855  -78.496  27.746 0.5000000000
3705  26.010  -79.011  27.821 0.5000000000
2670  38.958  -82.134  5.101 0.1000000015
3052  37.742  -81.799  5.777 0.1000000015
2304  38.451  -82.488  5.022 0.1000000015
103540  37.131  -82.110  6.006 0.1000000015
2316  38.960  -82.411  4.491 0.1000000015
2317  38.161  -82.989  4.547 0.1000000015
2318  37.561  -83.581  4.619 0.1000000015
2306  37.159  -83.324  5.170 0.1000000015
2332  38.485  -82.851  3.920 0.1000000015
2346  37.436  -83.376  2.757 0.1000000015
115463  36.348  -83.453  5.087 0.2000000030
114599  34.208  -84.218  4.203 0.2000000030
1624  33.989  -85.133  3.789 0.4000000060
2363  34.752  -83.519  1.391 0.3000000119
1349  33.172  -86.259  3.785 0.4000000060
1625  33.315  -85.610  4.254 0.4000000060
2349  33.396  -83.339  1.665 0.2000000030
2351  31.914  -83.819  2.415 0.2000000030
2321  29.632  -83.132  4.244 0.3000000119
2684  29.127  -82.626  4.091 0.4000000060
3118  23.236  -81.229  0.146 0.2000000030
120111  28.616  -82.458  3.471 0.2000000030
2701  27.812  -82.888  3.727 0.2000000030
3110  22.696  -81.544  1.041 0.2000000030
2366  27.628  -83.403  1.844 0.2000000030
2352  27.412  -83.152  2.911 0.4000000060
110644  27.854  -83.851  1.023 0.4000000060
2764  24.351  -82.656  -2.329 0.3000000119
2373  28.334  -83.854  0.195 0.2000000030
113152  24.838  -83.488  -2.314 0.3000000119
2383  27.792  -84.379  -0.716 0.2000000030
2003  26.762  -84.811  -1.481 0.2000000030
122318  25.901  -84.379  -2.040 0.2000000030
339  13.742  -91.162  10.909 0.3000000119
6316  7.852  -74.458  35.711 0.2000000030
6298  8.034  -74.846  36.645 0.2000000030
6328  7.476  -74.073  35.061 0.3000000119
5724  6.775  -75.853  34.046 0.3000000119
5715  6.887  -75.778  35.141 0.2000000030
6329  6.733  -75.044  35.677 0.2000000030
5731  8.835  -76.137  32.064 0.3000000119
5733  6.463  -75.667  33.119 0.3000000119
5194  9.816  -75.741  31.682 0.3000000119
114007  9.209  -75.466  31.485 0.3000000119
5732  7.826  -76.121  32.129 0.4000000060
4573  15.544  -77.914  35.108 0.1000000015
5742  10.532  -75.414  31.231 0.3000000119
111008  11.029  -75.143  30.825 0.4000000060
6359  10.324  -74.499  30.392 0.4000000060
108906  16.182  -77.291  34.808 0.1000000015
5720  16.557  -75.944  33.675 0.1000000015
6372  12.341  -74.420  29.032 0.4000000060
5163  17.316  -76.287  34.082 0.1000000015
4571  17.991  -77.549  35.194 0.1000000015
115478  18.026  -76.344  34.065 0.1000000015
5718  18.541  -75.903  33.475 0.1000000015
5162  19.359  -76.300  33.700 0.1000000015
5147  20.004  -76.917  34.103 0.1000000015
4568  21.001  -77.842  34.509 0.2000000030
4566  22.624  -78.256  34.263 0.2000000030
4082  22.979  -78.855  34.899 0.2000000030
4083  22.057  -78.734  34.912 0.2000000030
4097  27.356  -78.690  34.862 0.1000000015
4100  24.527  -78.463  34.432 0.1000000015
4565  23.573  -78.374  34.326 0.2000000030
4077  27.856  -79.683  35.747 0.2000000030
4079  25.991  -79.484  35.432 0.1000000015
4099  25.485  -78.543  34.530 0.1000000015
105833  40.879  -78.777  4.391 0.1000000015
3970  41.629  -79.661  4.544 0.1000000015
3971  40.612  -79.567  4.512 0.1000000015
114430  42.527  -80.708  4.988 0.1000000015
3504  40.347  -80.552  4.731 0.1000000015
3505  39.241  -80.411  4.818 0.1000000015
3503  42.163  -81.587  5.194 0.1000000015
2667  41.141  -82.038  5.084 0.1000000015
3066  39.978  -81.331  4.969 0.1000000015
3489  38.910  -81.226  5.100 0.1000000015
3490  37.993  -81.246  5.474 0.1000000015
2669  39.770  -82.060  4.998 0.1000000015
3053  36.975  -81.400  6.196 0.1000000015
2681  40.574  -82.156  4.743 0.1000000015
2695  39.688  -82.273  3.722 0.1000000015
2657  36.251  -81.619  6.280 0.1000000015
2673  35.092  -82.138  5.754 0.1000000015
2711  38.589  -82.300  2.560 0.1000000015
2361  36.422  -83.216  1.675 0.1000000015
2672  36.634  -82.679  5.683 0.1000000015
2308  34.817  -82.784  5.141 0.2000000030
2712  37.731  -82.643  2.181 0.1000000015
2728  36.974  -82.548  1.723 0.1000000015
2309  33.424  -83.290  5.496 0.3000000119
2320  33.677  -83.724  4.962 0.4000000060
1942  33.252  -84.647  4.685 0.4000000060
1916  32.013  -84.686  5.962 0.4000000060
2730  35.068  -82.690  1.477 0.1000000015
124024  32.672  -84.767  5.331 0.4000000060
1596  31.847  -85.850  5.896 0.4000000060
116661  33.166  -81.825  3.182 0.1000000015
2699  30.805  -82.401  3.846 0.2000000030
2698  31.626  -82.350  3.596 0.1000000015
2683  29.952  -82.468  3.976 0.2000000030
3096  22.450  -81.727  2.110 0.3000000119
2702  21.850  -82.180  2.779 0.4000000060
3079  31.139  -81.643  3.617 0.1000000015
2716  28.525  -82.566  2.403 0.2000000030
112137  28.041  -82.744  3.026 0.2000000030
2732  29.181  -82.461  1.516 0.1000000015
2733  28.381  -83.215  1.419 0.2000000030
120054  25.118  -81.854  -2.411 0.2000000030
2743  28.974  -83.208  0.675 0.1000000015
106952  25.974  -82.574  -3.001 0.2000000030
108361  25.756  -83.572  -2.387 0.2000000030
2382  28.554  -84.065  -0.936 0.1000000015
2390  26.411  -84.305  -2.012 0.2000000030
512  15.581  -89.452  10.535 0.6000000238
341  14.710  -90.076  10.660 0.4000000060
2389  27.204  -84.137  -1.925 0.2000000030
342  13.897  -90.502  10.371 0.4000000060
343  13.644  -91.196  10.079 0.3000000119
356  13.467  -91.065  8.154 0.2000000030
6868  11.260  -73.494  37.660 0.3000000119
123133  9.027  -75.357  38.004 0.2000000030
6296  10.441  -74.255  36.702 0.2000000030
7495  11.075  -72.920  37.532 0.3000000119
119970  9.632  -74.826  37.490 0.2000000030
6902  10.329  -73.205  35.861 0.3000000119
112244  8.888  -76.720  37.337 0.1000000015
114331  9.787  -73.377  35.088 0.3000000119
6918  8.379  -73.166  34.180 0.3000000119
6330  5.995  -74.564  34.622 0.4000000060
6920  5.987  -73.819  34.398 0.4000000060
5746  6.423  -75.602  32.087 0.4000000060
6347  7.960  -75.049  31.059 0.4000000060
5745  7.409  -75.659  31.653 0.4000000060
6346  8.951  -74.953  31.056 0.4000000060
6358  11.129  -74.627  30.253 0.4000000060
6360  9.504  -74.431  30.477 0.5000000000
6373  11.417  -74.157  29.200 0.5000000000
5728  16.836  -75.361  32.867 0.1000000015
4586  20.750  -77.157  33.995 0.2000000030
4585  21.449  -77.404  33.839 0.2000000030
111304  23.222  -77.675  33.533 0.1000000015
4941  43.326  -78.057  4.083 0.1000000015
4942  42.320  -77.772  4.272 0.1000000015
3969  43.554  -80.208  4.839 0.1000000015
3973  38.451  -79.572  4.660 0.1000000015
3491  37.448  -80.563  5.564 0.1000000015
3064  41.860  -82.127  5.165 0.1000000015
2693  41.050  -82.091  3.826 0.1000000015
3033  36.175  -80.953  6.364 0.1000000015
2658  35.386  -81.536  6.245 0.1000000015
2216  35.125  -83.246  13.291 0.3000000119
2727  38.323  -82.046  1.946 0.1000000015
2659  34.617  -81.694  6.014 0.1000000015
2652  30.318  -82.718  7.523 0.3000000119
2263  30.782  -83.824  8.721 0.3000000119
2634  31.174  -82.847  9.224 0.3000000119
2674  34.162  -82.515  5.662 0.4000000060
2292  31.226  -83.604  6.444 0.3000000119
1918  30.821  -84.269  6.895 0.3000000119
111517  30.676  -85.081  7.825 0.4000000060
106654  30.665  -84.657  8.314 0.4000000060
2262  31.415  -84.130  9.717 0.3000000119
2729  36.037  -82.446  1.580 0.1000000015
2713  34.569  -82.004  1.972 0.1000000015
2661  32.736  -82.177  5.912 0.3000000119
2290  33.238  -82.845  5.716 0.4000000060
2291  32.269  -83.232  5.923 0.3000000119
109658  31.986  -84.047  6.037 0.4000000060
3093  33.948  -81.559  2.912 0.1000000015
2703  21.954  -81.859  3.737 0.3000000119
3078  32.418  -81.092  3.547 0.1000000015
3109  23.469  -80.952  1.028 0.3000000119
3557  23.629  -80.729  1.911 0.3000000119
3095  23.174  -81.236  2.537 0.3000000119
3084  22.663  -81.750  3.101 0.3000000119
3521  30.898  -81.097  3.374 0.1000000015
3080  30.335  -81.730  3.550 0.1000000015
3108  24.017  -80.744  0.148 0.2000000030
2687  21.019  -81.817  4.090 0.4000000060
108571  20.910  -82.321  3.265 0.5000000000
3107  29.777  -81.690  2.098 0.1000000015
3124  24.351  -81.014  -0.899 0.2000000030
3552  30.482  -81.204  1.662 0.1000000015
2741  30.452  -82.586  -0.026 0.1000000015
3116  29.984  -82.000  0.993 0.1000000015
2742  29.642  -82.857  0.411 0.1000000015
108620  27.821  -83.805  -2.055 0.2000000030
2388  28.489  -83.881  -1.835 0.1000000015
769  14.811  -89.172  8.483 0.5000000000
517  14.914  -89.481  9.278 0.5000000000
118552  13.605  -91.224  9.377 0.2000000030
518  13.732  -90.248  9.095 0.4000000060
7496  10.180  -72.549  37.517 0.3000000119
5688  8.539  -75.739  37.810 0.2000000030
5673  9.392  -75.751  38.571 0.2000000030
7516  9.915  -72.637  36.292 0.3000000119
7535  9.631  -72.820  35.137 0.3000000119
6930  7.813  -72.957  33.898 0.4000000060
7555  8.358  -72.735  34.056 0.3000000119
6933  5.215  -73.538  33.581 0.4000000060
7572  6.364  -72.438  33.846 0.4000000060
6350  5.148  -74.434  32.295 0.5000000000
6338  5.061  -74.217  33.280 0.5000000000
111353  6.010  -74.864  30.892 0.5000000000
6390  11.927  -74.254  28.237 0.5000000000
6391  10.975  -73.944  28.023 0.5000000000
110410  11.932  -74.861  26.944 0.5000000000
5245  12.448  -75.882  26.864 0.5000000000
3837  33.704  -79.747  17.400 0.3000000119
3972  39.506  -79.349  4.589 0.1000000015
3502  42.863  -81.094  5.058 0.1000000015
3088  41.382  -81.638  3.235 0.1000000015
3447  30.657  -81.092  9.380 0.3000000119
3008  30.578  -81.861  8.711 0.3000000119
2612  33.509  -82.484  11.237 0.3000000119
2606  34.046  -82.475  12.191 0.3000000119
3014  30.229  -81.876  7.910 0.3000000119
2643  30.457  -82.788  8.282 0.3000000119
2625  31.822  -82.485  10.222 0.3000000119
105218  33.006  -83.322  10.505 0.3000000119
104827  32.908  -82.672  10.706 0.3000000119
1860  35.436  -84.622  11.126 0.3000000119
2293  30.514  -83.556  7.137 0.3000000119
2633  31.837  -83.399  10.164 0.3000000119
2253  32.768  -84.461  10.465 0.3000000119
2252  34.461  -84.106  10.596 0.3000000119
1875  34.328  -85.196  10.949 0.3000000119
103836  35.151  -81.353  2.250 0.1000000015
3016  20.905  -81.828  8.222 0.6000000238
3556  24.208  -80.664  1.281 0.3000000119
2689  19.847  -82.218  4.709 0.5000000000
360  13.324  -90.485  7.526 0.3000000119
124020  10.067  -72.455  39.489 0.2000000030
7478  9.144  -72.103  39.721 0.2000000030
6279  11.410  -73.785  38.206 0.2000000030
7486  11.420  -73.088  38.464 0.3000000119
7487  10.817  -72.626  38.465 0.3000000119
7479  8.562  -71.758  39.390 0.2000000030
6281  9.860  -75.099  38.286 0.2000000030
119203  9.001  -72.235  38.171 0.3000000119
7498  7.859  -71.664  37.330 0.3000000119
8211  7.799  -72.116  34.230 0.4000000060
7517  8.709  -72.193  36.068 0.3000000119
7571  7.424  -72.417  33.900 0.4000000060
8227  6.898  -71.561  34.456 0.4000000060
114484  5.361  -71.906  33.356 0.4000000060
8254  5.849  -71.549  33.745 0.4000000060
119388  5.010  -73.002  31.944 0.5000000000
7573  5.138  -72.642  33.159 0.5000000000
115443  5.133  -72.317  30.670 0.6000000238
122070  5.255  -72.456  30.010 0.6000000238
3828  33.061  -79.268  17.527 0.3000000119
120117  32.203  -78.890  16.541 0.3000000119
3844  32.358  -79.556  16.032 0.3000000119
3380  33.194  -80.164  16.300 0.3000000119
2984  33.244  -81.753  12.860 0.3000000119
3002  31.370  -81.433  10.205 0.3000000119
2613  32.190  -81.964  10.902 0.3000000119
2993  32.533  -81.681  11.872 0.3000000119
2626  31.172  -81.857  9.493 0.3000000119
3057  21.355  -81.488  5.468 0.6000000238
8856  9.123  -71.009  40.346 0.2000000030
8150  9.693  -71.438  40.431 0.2000000030
104628  9.422  -71.808  40.246 0.1000000015
7477  10.097  -72.247  40.195 0.1000000015
8168  8.341  -71.377  39.358 0.2000000030
6255  10.952  -74.826  39.460 0.2000000030
8183  8.225  -71.621  38.799 0.2000000030
7518  7.383  -71.564  36.312 0.3000000119
7537  7.053  -71.555  35.329 0.4000000060
8229  5.810  -70.594  33.913 0.4000000060
7574  4.941  -71.564  32.942 0.6000000238
8255  5.304  -71.073  33.446 0.4000000060
8963  5.340  -70.278  33.448 0.5000000000
111611  4.869  -71.417  30.915 0.6000000238
8281  4.582  -70.647  31.619 0.6000000238
8986  4.609  -70.159  32.382 0.6000000238
9697  5.098  -69.616  32.206 0.5000000000
119588  5.190  -72.131  29.416 0.6000000238
6975  5.218  -72.769  28.687 0.6000000238
3414  31.584  -80.581  12.893 0.3000000119
3427  30.752  -80.302  11.472 0.3000000119
3426  31.514  -80.818  12.044 0.3000000119
2985  32.243  -81.163  12.590 0.3000000119
3439  30.690  -80.447  10.319 0.2000000030
2994  31.452  -81.128  11.140 0.3000000119
3003  21.397  -80.993  10.360 0.6000000238
8139  10.555  -71.375  40.644 0.1000000015
9585  9.483  -70.301  40.221 0.2000000030
7442  11.231  -71.823  40.669 0.1000000015
8865  8.788  -70.642  39.961 0.2000000030
6239  11.702  -74.002  40.197 0.1000000015
6833  12.354  -73.088  41.015 0.1000000015
5646  11.507  -75.116  40.336 0.1000000015
6850  11.554  -73.078  39.981 0.2000000030
7476  11.126  -72.667  39.470 0.2000000030
5102  10.252  -75.638  39.288 0.1000000015
8899  7.908  -70.795  37.979 0.2000000030
8883  8.047  -70.889  38.838 0.2000000030
8212  6.665  -70.856  35.418 0.3000000119
8915  7.002  -70.858  36.749 0.2000000030
8900  7.775  -71.172  38.046 0.2000000030
8939  6.647  -70.261  35.023 0.4000000060
8925  7.501  -70.109  35.637 0.3000000119
105209  6.108  -69.391  32.432 0.6000000238
9680  5.579  -69.724  33.126 0.4000000060
9712  4.775  -69.378  31.187 0.6000000238
9019  4.334  -69.698  30.850 0.6000000238
9040  4.192  -70.050  28.732 0.6000000238
8293  4.582  -70.505  30.479 0.6000000238
103221  4.614  -70.394  27.931 0.6000000238
7620  5.017  -72.055  27.329 0.6000000238
9074  4.947  -70.432  26.810 0.6000000238
8854  10.783  -70.710  40.707 0.2000000030
9595  9.307  -69.972  39.821 0.2000000030
105921  8.588  -70.311  38.559 0.2000000030
104526  8.776  -70.284  37.621 0.2000000030
8914  7.828  -70.646  37.020 0.2000000030
8913  9.204  -70.239  36.701 0.2000000030
109657  7.123  -69.614  34.220 0.3000000119
8961  7.940  -69.876  34.683 0.3000000119
8937  9.097  -70.107  35.098 0.3000000119
9711  6.821  -69.286  31.626 0.5000000000
9696  7.236  -69.419  32.449 0.5000000000
9731  6.445  -69.163  30.824 0.5000000000
9733  4.600  -69.228  30.216 0.6000000238
9732  5.354  -69.034  30.612 0.6000000238
9030  4.237  -69.652  29.676 0.6000000238
9754  4.448  -69.184  29.240 0.6000000238
113667  5.325  -69.209  28.630 0.6000000238
9774  4.117  -69.419  28.831 0.6000000238
9796  4.912  -69.682  27.738 0.6000000238
9073  5.385  -70.486  26.411 0.6000000238
9584  10.096  -69.475  40.102 0.2000000030
10303  10.790  -68.999  40.341 0.2000000030
9605  9.337  -69.795  39.117 0.2000000030
10313  10.792  -68.454  40.035 0.2000000030
9604  10.336  -69.192  38.627 0.2000000030
9620  9.606  -69.805  38.160 0.2000000030
8924  9.815  -70.219  35.857 0.2000000030
9695  8.387  -69.743  32.271 0.4000000060
9678  8.906  -69.905  33.004 0.3000000119
8960  9.295  -70.056  33.916 0.3000000119
114112  10.477  -70.291  35.075 0.3000000119
9710  7.504  -69.401  30.894 0.6000000238
114496  7.879  -69.555  31.601 0.6000000238
9694  9.655  -70.068  32.020 0.4000000060
8985  10.149  -70.235  32.910 0.4000000060
8959  10.614  -70.328  33.667 0.3000000119
108484  6.112  -69.051  30.112 0.6000000238
9730  8.288  -69.431  30.216 0.6000000238
9729  9.094  -69.657  30.760 0.6000000238
9771  8.202  -69.500  28.641 0.6000000238
109535  8.750  -69.372  29.313 0.6000000238
9752  6.512  -69.180  29.278 0.6000000238
9809  5.587  -69.955  26.963 0.6000000238
7285  12.035  -72.327  2.461 0.5000000000
7312  11.669  -73.399  2.269 0.5000000000
6156  11.430  -75.498  2.104 0.5000000000
10320  10.837  -68.462  39.099 0.2000000030
9619  10.691  -69.380  37.656 0.2000000030
107711  10.989  -69.690  37.009 0.2000000030
9654  11.973  -69.738  35.722 0.3000000119
8923  11.033  -70.230  35.788 0.3000000119
8958  11.694  -70.285  33.670 0.3000000119
9728  10.075  -69.759  30.648 0.6000000238
9708  10.616  -70.114  31.296 0.5000000000
9707  11.932  -70.076  31.365 0.5000000000
105024  9.401  -69.352  30.020 0.6000000238
9770  9.053  -69.539  28.463 0.6000000238
7992  13.063  -72.270  2.179 0.5000000000
7311  12.785  -73.524  1.827 0.5000000000
7310  13.920  -73.378  1.664 0.5000000000
10327  11.128  -68.623  37.933 0.2000000030
9636  12.049  -69.134  36.272 0.2000000030
9653  12.411  -69.121  35.526 0.2000000030
9665  12.369  -69.669  34.999 0.3000000119
122477  13.005  -69.187  32.567 0.4000000060
118134  12.419  -69.919  33.773 0.4000000060
9706  12.926  -69.466  31.516 0.6000000238
9768  11.902  -68.970  28.950 0.6000000238
10429  13.128  -68.161  29.707 0.6000000238
11143  13.109  -67.669  29.102 0.6000000238
8680  14.319  -71.154  2.403 0.5000000000
8679  15.287  -71.025  2.207 0.4000000060
7990  15.089  -72.208  1.749 0.5000000000
10362  12.378  -68.828  35.287 0.2000000030
10379  12.429  -68.717  34.696 0.2000000030
9664  12.674  -69.049  34.839 0.2000000030
11081  12.082  -68.193  33.041 0.3000000119
10389  12.447  -68.563  33.844 0.3000000119
11108  12.123  -67.451  31.166 0.4000000060
10402  12.818  -68.508  32.267 0.5000000000
11895  10.465  -66.499  30.082 0.5000000000
11894  11.597  -66.597  29.896 0.5000000000
112007  10.740  -67.812  33.087 0.3000000119
11912  10.868  -66.363  29.300 0.6000000238
11939  10.458  -66.667  27.891 0.6000000238
102755  11.285  -67.324  26.822 0.6000000238
11154  9.072  -67.113  27.268 0.6000000238
106567  8.853  -71.197  14.840 0.2000000030
9941  8.151  -69.809  16.670 0.2000000030
9925  9.464  -69.735  17.195 0.1000000015
9908  9.115  -69.299  18.086 0.1000000015
116930  9.859  -69.219  18.434 0.1000000015
10549  9.731  -68.479  19.496 0.1000000015
12824  4.947  -65.774  19.791 0.2000000030
12825  3.959  -65.372  19.814 0.2000000030
12052  5.743  -66.418  19.766 0.1000000015
13642  4.587  -64.779  19.684 0.2000000030
117358  4.473  -64.013  19.622 0.2000000030
113116  5.250  -64.131  19.689 0.2000000030
16742  12.223  -60.728  28.018 0.5000000000
15887  13.032  -60.904  28.482 0.3000000119
15900  14.512  -61.544  27.474 0.4000000060
106736  21.111  -58.993  29.278 0.1000000015
15897  19.228  -61.198  28.253 0.1000000015
16758  19.983  -60.657  27.980 0.1000000015
105923  19.492  -61.296  26.992 0.1000000015
102742  11.225  -60.619  27.237 0.6000000238
16759  13.014  -60.886  27.472 0.4000000060
15920  14.294  -61.173  26.696 0.4000000060
15921  13.835  -61.189  27.254 0.4000000060
16775  11.717  -60.699  26.446 0.6000000238
105962  16.226  -61.491  26.190 0.1000000015
16799  12.200  -60.700  25.741 0.4000000060
15125  18.107  -62.255  26.643 0.1000000015
15918  16.954  -61.685  26.100 0.1000000015
15916  18.632  -61.718  26.410 0.1000000015
16760  12.063  -60.730  27.219 0.6000000238
16798  13.110  -60.782  25.817 0.4000000060
16774  12.582  -60.798  26.537 0.5000000000
108436  13.591  -60.685  25.149 0.4000000060
108777  12.725  -60.645  25.032 0.4000000060
113257  20.188  -60.707  27.048 0.1000000015
15915  19.167  -61.143  25.934 0.1000000015
15933  18.298  -61.303  25.665 0.1000000015
15935  16.454  -61.058  25.611 0.2000000030
15936  15.543  -61.145  26.010 0.3000000119
15934  17.396  -61.235  25.587 0.1000000015
16825  14.200  -60.601  24.561 0.5000000000
16826  13.247  -60.585  24.347 0.5000000000
109125  14.815  -60.784  25.386 0.5000000000
16771  20.590  -60.319  26.510 0.1000000015
16792  19.538  -60.480  25.356 0.1000000015
16772  19.933  -60.765  26.236 0.1000000015
16824  15.135  -60.565  24.448 0.4000000060
16853  11.916  -60.475  23.748 0.5000000000
16821  18.253  -60.078  24.384 0.2000000030
16794  17.864  -60.743  25.029 0.1000000015
16823  15.959  -60.423  24.321 0.4000000060
17827  21.936  -57.664  15.802 0.3000000119
18740  19.867  -57.951  16.109 0.4000000060
18721  23.944  -57.258  16.375 0.4000000060
18738  22.940  -56.411  15.817 0.4000000060
17049  17.819  -60.214  9.312 0.3000000119
17066  17.325  -60.539  8.666 0.3000000119
16852  13.779  -60.425  23.650 0.5000000000
106264  14.627  -60.368  23.682 0.5000000000
16820  19.066  -59.954  24.491 0.2000000030
16822  16.930  -59.379  23.837 0.2000000030
16849  16.236  -59.649  23.642 0.3000000119
16850  15.476  -60.119  23.566 0.5000000000
19657  23.921  -55.937  16.919 0.6000000238
19667  23.925  -56.108  16.304 0.6000000238
17034  16.230  -60.403  10.210 0.4000000060
16157  16.061  -61.439  9.328 0.4000000060
16158  15.264  -61.776  9.713 0.4000000060
17953  17.847  -60.022  8.407 0.3000000119
17086  17.040  -60.027  7.623 0.4000000060
16867  12.766  -59.922  22.530 0.5000000000
17703  19.868  -59.758  24.687 0.2000000030
17723  19.210  -58.925  24.182 0.2000000030
16851  14.238  -60.099  23.037 0.5000000000
17725  17.682  -59.222  23.943 0.2000000030
17739  16.916  -58.141  23.907 0.3000000119
17740  16.198  -58.421  23.579 0.3000000119
17748  14.704  -58.229  22.890 0.4000000060
17749  14.111  -59.156  22.507 0.4000000060
121859  16.095  -61.373  8.701 0.4000000060
16166  15.422  -61.640  8.570 0.4000000060
117003  14.815  -62.060  9.061 0.4000000060
17969  17.411  -59.500  7.170 0.3000000119
16189  14.745  -60.828  7.294 0.4000000060
106639  18.373  -57.870  24.236 0.2000000030
18633  16.879  -56.783  24.048 0.3000000119
17738  17.648  -58.012  24.089 0.3000000119
19585  15.601  -56.121  23.463 0.3000000119
19594  14.721  -56.070  23.187 0.4000000060
111044  13.375  -59.345  22.304 0.5000000000
18634  16.098  -56.864  23.839 0.3000000119
18643  13.318  -57.996  22.215 0.4000000060
16167  14.337  -61.600  8.009 0.4000000060
17970  16.721  -59.666  6.798 0.4000000060
16188  15.911  -60.907  7.833 0.4000000060
18632  17.539  -56.729  24.285 0.3000000119
19574  18.235  -56.644  24.429 0.1000000015
19593  16.242  -55.795  23.305 0.3000000119
22363  27.922  -54.191  20.054 0.6000000238
121349  26.187  -55.247  20.389 0.6000000238
19775  17.859  -57.761  9.712 0.4000000060
19776  16.798  -57.592  9.431 0.4000000060
19575  17.577  -55.848  24.252 0.3000000119
19583  17.002  -55.973  24.134 0.3000000119
20552  18.224  -55.631  24.288 0.1000000015
20570  17.332  -55.607  24.000 0.2000000030
20568  18.481  -55.135  23.924 0.1000000015
20578  17.510  -55.515  23.639 0.3000000119
22348  27.331  -54.844  20.201 0.6999999881
21480  18.976  -54.841  23.913 0.2000000030
21479  19.961  -55.135  23.350 0.4000000060
123434  20.729  -54.896  23.069 0.2000000030
112103  16.475  -55.512  8.198 0.4000000060
21613  15.746  -54.661  8.049 0.4000000060
26999  19.954  -49.650  13.542 0.3000000119
27000  19.186  -49.572  13.545 0.3000000119
27842  22.234  -48.752  13.364 0.3000000119
27829  19.651  -48.833  13.563 0.4000000060
27831  17.920  -48.869  13.377 0.4000000060
26118  18.368  -50.111  11.575 0.4000000060
26117  19.581  -49.924  11.501 0.4000000060
25200  17.913  -50.967  11.356 0.5000000000
25199  19.231  -50.863  11.481 0.4000000060
28659  21.696  -47.684  13.087 0.4000000060
27844  21.032  -48.094  13.362 0.4000000060
109300  20.108  -48.100  13.478 0.4000000060
27845  19.130  -47.989  13.464 0.4000000060
27847  16.798  -48.856  13.091 0.4000000060
26116  20.423  -49.797  11.221 0.3000000119
27034  18.686  -49.257  11.594 0.4000000060
28661  19.687  -47.403  13.242 0.3000000119
27866  18.798  -48.575  11.419 0.3000000119
114923  19.109  -48.259  10.914 0.3000000119
3601  14.031  -80.306  35.862 0.1000000015
9228  9.345  -70.661  15.365 0.1000000015
9216  8.724  -70.190  16.046 0.2000000030
11258  7.932  -66.971  19.960 0.1000000015
12033  6.985  -66.888  19.807 0.1000000015
102567  10.049  -69.560  17.788 0.1000000015
10562  9.367  -68.877  18.871 0.1000000015
10561  10.187  -68.953  18.962 0.1000000015
10551  7.906  -68.218  19.119 0.1000000015
1847  35.213  -84.996  12.009 0.3000000119
103371  27.056  -87.253  3.161 0.6999999881
105641  26.656  -86.420  3.434 0.6000000238
1352  28.438  -86.661  3.685 0.5000000000
1640  26.307  -85.501  3.696 0.6000000238
1086  30.928  -86.917  2.943 0.5000000000
1070  32.630  -86.708  4.359 0.4000000060
1364  32.133  -86.260  2.346 0.5000000000
1611  32.644  -85.447  5.214 0.4000000060
2646  21.148  -82.186  9.178 0.6000000238
2735  21.457  -82.609  1.341 0.3000000119
1917  31.467  -84.558  6.484 0.4000000060
2718  21.820  -82.282  2.025 0.4000000060
9909  8.028  -69.160  17.987 0.1000000015
10563  8.450  -68.796  18.701 0.1000000015
12051  6.489  -67.363  19.295 0.1000000015
16936  18.619  -59.850  16.680 0.2000000030
27839  25.228  -48.227  13.366 0.3000000119
2391  22.040  -83.463  -2.103 0.4000000060
113038  18.776  -91.883  18.795 0.2000000030
2398  24.008  -83.478  -2.184 0.4000000060
3297  25.683  -80.317  23.127 0.6000000238
122960  35.691  -83.463  11.722 0.3000000119
117994  5.502  -70.987  25.891 0.6000000238
106879  6.652  -69.473  28.320 0.6000000238
9727  11.259  -69.818  30.611 0.5000000000
9748  12.790  -68.841  29.985 0.6000000238
9705  13.131  -68.706  31.416 0.6000000238
11144  12.998  -67.327  28.456 0.6000000238
11910  12.827  -66.956  29.158 0.6000000238
11940  9.438  -66.748  27.988 0.6000000238
20576  20.841  -55.702  22.365 0.3000000119
21478  21.487  -55.163  22.330 0.4000000060
18703  24.495  -56.701  17.139 0.4000000060
27019  17.445  -49.520  13.273 0.4000000060
27001  18.373  -49.547  13.473 0.4000000060
27830  18.809  -48.837  13.521 0.4000000060
21468  19.550  -54.580  23.908 0.2000000030
4273  25.385  -77.993  20.484 0.5000000000
3200  22.137  -81.611  32.221 0.3000000119
2757  23.418  -82.373  -1.848 0.3000000119
6375  10.023  -73.963  29.801 0.4000000060
6938  5.091  -73.789  31.668 0.5000000000
7590  4.936  -72.061  31.588 0.5000000000
6363  5.445  -74.483  31.212 0.4000000060
7601  5.053  -71.786  28.696 0.6000000238
7628  5.134  -71.767  26.533 0.6000000238
19609  14.066  -56.077  22.778 0.4000000060
19595  13.620  -56.691  22.554 0.4000000060
18704  24.159  -58.021  17.533 0.2000000030
109412  25.117  -82.540  -2.689 0.2000000030
10  18.514  -91.607  19.042 0.2000000030
3255  29.739  -80.069  27.591 0.5000000000
3264  29.493  -79.774  26.847 0.5000000000
3275  27.867  -79.939  25.314 0.5000000000
2842  28.039  -80.911  27.075 0.6000000238
3740  27.241  -79.454  23.875 0.5000000000
105410  26.304  -79.031  21.476 0.5000000000
3750  26.456  -79.609  22.802 0.5000000000
2812  29.795  -82.175  30.076 0.5000000000
106561  29.032  -85.677  3.975 0.5000000000
1989  25.471  -85.071  -0.005 0.4000000060
121455  18.758  -79.978  35.764 0.1000000015
2779  23.060  -82.433  33.634 0.3000000119
2414  23.502  -83.086  30.413 0.4000000060
4141  26.969  -78.965  29.160 0.5000000000
4685  25.839  -77.154  24.155 0.5000000000
1978  31.541  -84.944  1.268 0.3000000119
1969  32.026  -84.404  1.468 0.2000000030
1651  31.619  -85.729  1.672 0.4000000060
115183  27.035  -83.585  2.212 0.3000000119
5158  7.460  -76.430  34.302 0.2000000030
3593  21.190  -79.619  35.657 0.2000000030
3167  21.928  -81.394  34.996 0.2000000030
2778  23.885  -82.020  33.716 0.3000000119
3166  22.945  -81.221  35.087 0.2000000030
3165  23.678  -80.960  35.154 0.2000000030
2403  23.469  -82.918  32.108 0.3000000119
3180  26.595  -80.639  34.341 0.3000000119
3162  27.026  -80.330  35.705 0.2000000030
3611  24.391  -79.674  35.452 0.2000000030
2402  24.068  -82.541  32.660 0.3000000119
2787  25.116  -81.516  31.691 0.3000000119
3633  26.585  -80.287  32.714 0.4000000060
3199  25.673  -80.846  33.052 0.4000000060
118380  26.726  -79.635  30.487 0.5000000000
1954  34.919  -85.017  2.571 0.2000000030
1964  37.091  -84.047  3.273 0.1000000015
1966  35.558  -84.528  2.173 0.2000000030
1941  34.945  -84.796  3.509 0.2000000030
2319  34.536  -83.443  4.643 0.2000000030
1968  33.752  -84.567  1.506 0.3000000119
1649  33.491  -85.393  1.952 0.2000000030
1363  32.992  -86.079  2.649 0.3000000119
118116  32.100  -84.767  1.144 0.3000000119
1650  32.422  -85.566  1.707 0.4000000060
2714  32.957  -82.733  2.627 0.2000000030
2335  31.362  -83.384  3.460 0.2000000030
5184  7.257  -76.175  32.944 0.2000000030
4572  17.125  -77.481  35.047 0.1000000015
4570  18.816  -77.643  35.070 0.1000000015
3591  22.893  -79.681  35.428 0.2000000030
3608  27.422  -80.176  35.910 0.1000000015
124234  25.737  -80.518  31.213 0.4000000060
3212  26.004  -80.215  30.337 0.5000000000
3687  26.072  -79.469  28.740 0.5000000000
2671  37.825  -82.368  5.502 0.1000000015
103845  34.142  -83.133  5.306 0.2000000030
117334  33.750  -82.415  2.195 0.1000000015
2334  32.221  -83.058  3.088 0.2000000030
2715  29.163  -82.010  2.719 0.2000000030
2372  29.143  -83.518  -0.260 0.1000000015
6315  9.335  -74.103  35.524 0.2000000030
6903  8.924  -73.570  34.787 0.3000000119
119020  6.328  -75.243  34.846 0.2000000030
6919  6.996  -73.661  34.479 0.3000000119
5744  8.396  -75.565  31.561 0.4000000060
5716  5.858  -75.191  34.101 0.4000000060
4581  26.938  -77.842  33.901 0.1000000015
106788  41.457  -80.703  4.807 0.1000000015
2310  32.648  -83.742  5.666 0.4000000060
6280  10.868  -74.250  37.579 0.2000000030
6332  5.343  -74.343  34.057 0.4000000060
6349  5.751  -75.092  31.712 0.4000000060
6348  6.766  -75.195  31.116 0.4000000060
5734  5.482  -75.068  33.041 0.5000000000
111607  34.308  -81.372  6.155 0.1000000015
2269  30.404  -83.646  7.912 0.3000000119
3083  23.468  -81.275  3.482 0.3000000119
5089  10.777  -75.749  39.796 0.1000000015
2611  35.084  -83.084  11.369 0.3000000119
104228  8.230  -71.860  38.194 0.2000000030
8228  6.398  -70.816  34.441 0.3000000119
104250  4.800  -71.488  32.266 0.6000000238
7458  11.670  -72.354  40.589 0.1000000015
5647  11.217  -75.020  39.923 0.1000000015
8201  6.805  -71.037  36.320 0.2000000030
8962  5.906  -69.964  33.886 0.4000000060
9001  4.565  -69.819  31.661 0.6000000238
8202  6.841  -70.489  35.906 0.2000000030
8938  6.885  -69.875  35.084 0.4000000060
9666  6.513  -69.880  34.396 0.4000000060
103869  8.423  -70.307  36.125 0.3000000119
9679  6.511  -69.579  33.463 0.5000000000
116752  8.177  -69.768  33.818 0.3000000119
8898  9.984  -69.922  37.268 0.2000000030
9709  8.844  -69.781  31.468 0.6000000238
8922  11.551  -70.234  35.060 0.3000000119
9751  7.737  -69.374  29.379 0.6000000238
9693  11.064  -70.305  32.093 0.4000000060
118798  9.653  -69.920  31.231 0.6000000238
8984  11.424  -70.319  32.918 0.4000000060
9692  12.462  -69.935  33.103 0.5000000000
10388  12.962  -68.974  33.444 0.3000000119
110805  12.805  -68.793  33.021 0.4000000060
11134  13.013  -67.535  29.909 0.6000000238
11123  13.013  -67.889  30.818 0.5000000000
11094  11.733  -67.777  32.115 0.4000000060
11109  10.855  -67.266  31.439 0.4000000060
11125  11.266  -66.874  30.652 0.5000000000
11896  9.266  -66.559  30.312 0.6000000238
115246  9.698  -66.375  29.458 0.6000000238
9940  8.935  -69.890  16.720 0.2000000030
111157  8.566  -69.568  17.346 0.1000000015
11273  8.398  -67.679  19.660 0.1000000015
10550  8.865  -68.339  19.319 0.1000000015
12034  6.484  -66.206  20.096 0.1000000015
15937  14.768  -61.057  26.166 0.3000000119
122933  16.373  -60.656  24.911 0.1000000015
16793  18.710  -60.664  25.166 0.2000000030
114103  16.710  -60.249  24.281 0.3000000119
17742  14.869  -59.599  22.986 0.3000000119
17741  15.551  -58.944  23.175 0.3000000119
17690  21.774  -59.234  26.347 0.2000000030
17722  20.012  -58.749  24.349 0.2000000030
18635  15.178  -57.075  23.473 0.4000000060
108442  19.013  -56.502  24.544 0.1000000015
20569  17.791  -55.321  24.012 0.2000000030
11274  7.431  -67.526  19.426 0.1000000015
3765  32.378  -79.772  22.488 0.2000000030
4235  32.656  -78.879  22.291 0.2000000030
1701  27.010  -84.586  27.988 0.3000000119
113647  34.109  -80.955  22.549 0.1000000015
3764  33.223  -79.600  22.435 0.2000000030
3766  31.411  -79.540  22.129 0.2000000030
4255  32.889  -78.103  21.885 0.2000000030
3312  31.765  -80.517  22.391 0.2000000030
2071  29.191  -83.972  26.495 0.3000000119
1706  28.439  -84.345  27.599 0.3000000119
117602  28.540  -84.209  26.012 0.3000000119
119466  32.056  -81.354  22.495 0.2000000030
3236  33.588  -80.452  28.743 0.1000000015
2834  32.451  -81.647  27.678 0.1000000015
123029  32.829  -82.116  25.977 0.1000000015
2474  33.880  -82.465  23.538 0.1000000015
4234  33.743  -78.990  22.181 0.2000000030
1699  28.345  -84.095  28.338 0.3000000119
2090  30.642  -83.348  25.050 0.3000000119
4725  33.051  -77.287  21.450 0.2000000030
2466  30.868  -83.169  24.165 0.3000000119
4726  32.183  -77.426  21.606 0.2000000030
4256  31.982  -78.213  21.953 0.2000000030
2809  33.174  -81.207  29.238 0.2000000030
2833  33.001  -81.070  28.163 0.2000000030
2841  32.706  -81.716  26.605 0.1000000015
2860  34.285  -82.393  24.372 0.1000000015
2453  32.821  -82.438  25.288 0.1000000015
2884  34.589  -81.673  22.770 0.1000000015
117665  29.804  -83.600  27.137 0.3000000119
2081  30.239  -83.511  26.015 0.3000000119
5295  32.359  -76.734  21.177 0.2000000030
2885  32.657  -81.889  22.621 0.2000000030
5309  33.110  -76.147  20.400 0.2000000030
3672  34.525  -80.012  30.523 0.2000000030
3210  34.058  -80.908  30.938 0.2000000030
3671  35.012  -79.062  30.192 0.1000000015
3221  33.839  -80.650  29.836 0.2000000030
2810  32.626  -81.600  29.729 0.2000000030
2824  32.409  -81.745  28.836 0.2000000030
2439  31.878  -82.209  27.207 0.1000000015
2431  31.798  -82.187  28.283 0.2000000030
2447  32.177  -82.330  26.190 0.1000000015
107473  33.570  -81.579  22.626 0.1000000015
2463  33.259  -82.638  24.213 0.1000000015
2070  30.256  -83.207  27.689 0.3000000119
5293  34.001  -76.451  20.452 0.2000000030
2080  31.065  -83.089  25.664 0.2000000030
3311  32.614  -80.910  22.546 0.2000000030
119681  32.297  -81.545  30.560 0.2000000030
2422  31.143  -82.436  29.651 0.2000000030
2440  31.292  -82.531  27.978 0.1000000015
2454  31.873  -82.715  25.418 0.1000000015
2475  32.574  -82.728  23.719 0.1000000015
112729  31.430  -82.722  26.279 0.1000000015
2045  29.353  -83.361  28.858 0.3000000119
2465  31.436  -83.049  24.719 0.2000000030
4500  12.638  -78.515  1.360 0.4000000060
102207  14.250  -90.640  12.890 0.3000000119
3203  33.971  -80.863  31.963 0.2000000030
2785  33.167  -81.207  31.273 0.2000000030
2432  31.053  -82.697  28.926 0.2000000030
2441  30.620  -82.879  28.286 0.2000000030
2448  31.120  -82.725  27.237 0.1000000015
2058  29.276  -83.606  28.229 0.3000000119
4501  11.753  -77.873  1.508 0.4000000060
120108  12.873  -80.064  1.303 0.4000000060
4485  13.449  -78.145  2.226 0.5000000000
5003  13.248  -77.361  1.758 0.4000000060
4499  13.035  -78.160  1.459 0.4000000060
4484  14.090  -78.271  2.970 0.5000000000
3647  34.346  -80.018  32.311 0.2000000030
120641  14.625  -74.360  1.443 0.4000000060
5005  11.012  -77.164  1.942 0.4000000060
110470  13.448  -75.197  1.540 0.4000000060
123096  12.989  -74.556  1.632 0.4000000060
113743  11.867  -76.918  1.544 0.4000000060
6152  15.066  -75.248  1.350 0.3000000119
5561  14.635  -75.951  1.512 0.4000000060
4990  14.975  -77.141  2.974 0.4000000060
529  13.498  -90.377  8.367 0.3000000119
7988  17.131  -72.350  1.533 0.3000000119
7989  16.111  -72.284  1.586 0.4000000060
7309  14.900  -73.362  1.550 0.4000000060
7308  16.885  -73.550  1.211 0.3000000119
112588  15.815  -73.369  1.410 0.4000000060
6745  15.468  -74.363  1.356 0.4000000060
118792  16.164  -74.280  1.195 0.4000000060
535  13.526  -89.825  7.779 0.2000000030
8677  17.384  -71.527  1.745 0.3000000119
114099  15.260  -76.569  2.161 0.4000000060
102684  16.335  -71.183  1.892 0.3000000119
5528  15.942  -77.066  3.102 0.4000000060
10109  15.955  -69.301  3.042 0.3000000119
7987  18.120  -72.265  1.653 0.3000000119
10135  16.813  -69.079  2.683 0.3000000119
9421  18.277  -70.279  1.856 0.3000000119
8648  16.681  -70.110  3.484 0.3000000119
10767  16.862  -68.048  3.082 0.3000000119
9392  17.058  -69.274  3.413 0.3000000119
11504  18.346  -66.598  2.867 0.3000000119
112916  18.298  -67.513  2.640 0.3000000119
10784  17.576  -67.576  3.039 0.3000000119
10107  17.237  -68.454  3.343 0.3000000119
9391  18.191  -69.544  3.570 0.3000000119
10134  17.633  -69.116  2.270 0.3000000119
7954  17.694  -71.462  3.889 0.4000000060
11503  18.072  -67.161  2.896 0.3000000119
10765  18.282  -67.594  3.363 0.3000000119
9390  19.481  -69.869  3.720 0.3000000119
8646  19.074  -70.700  3.804 0.3000000119
8635  18.648  -71.496  4.132 0.3000000119
9375  20.510  -69.859  4.261 0.2000000030
8633  20.040  -70.851  4.072 0.3000000119
102818  20.505  -70.778  5.089 0.2000000030
9583  11.119  -69.717  40.567 0.1000000015
12188  17.610  -66.605  8.784 0.3000000119
11423  17.514  -67.586  8.324 0.3000000119
12189  17.047  -66.979  7.661 0.3000000119
11155  8.224  -66.949  27.889 0.5000000000
11897  7.994  -66.759  30.580 0.5000000000
121164  7.943  -66.740  28.522 0.5000000000
11928  7.108  -66.805  28.357 0.5000000000
11929  6.456  -66.183  28.719 0.5000000000
16191  13.504  -61.707  6.960 0.3000000119
13458  7.310  -64.986  32.447 0.4000000060
12647  6.136  -65.934  32.409 0.4000000060
11898  6.704  -66.787  30.864 0.5000000000
104337  7.679  -66.655  29.080 0.5000000000
14255  9.450  -63.402  31.559 0.3000000119
13480  9.000  -64.068  31.961 0.4000000060
13459  6.263  -65.243  32.249 0.4000000060
11899  5.547  -66.302  31.222 0.4000000060
11915  6.047  -66.426  30.179 0.5000000000
13455  10.240  -64.026  32.869 0.3000000119
13484  4.860  -64.991  31.259 0.5000000000
12672  5.010  -65.705  30.461 0.5000000000
107805  6.615  -66.567  29.277 0.5000000000
12685  5.801  -65.951  29.550 0.5000000000
14284  9.062  -63.023  30.940 0.4000000060
14256  8.564  -63.619  31.369 0.4000000060
15068  9.491  -62.337  30.611 0.5000000000
14286  6.958  -63.278  30.538 0.5000000000
16168  13.444  -61.795  7.470 0.3000000119
17089  14.684  -60.676  6.689 0.3000000119
17105  15.383  -60.449  6.362 0.3000000119
17088  15.298  -60.274  6.782 0.3000000119
15067  10.267  -61.965  30.961 0.4000000060
15848  9.894  -61.637  30.271 0.5000000000
15090  8.083  -62.052  29.680 0.5000000000
15867  8.646  -61.437  29.294 0.5000000000
15889  8.212  -61.071  28.575 0.5000000000
16220  16.679  -61.219  5.639 0.3000000119
105452  17.710  -60.680  5.587 0.3000000119
17995  16.510  -59.946  6.110 0.3000000119
17983  16.407  -59.836  6.436 0.3000000119
102861  17.354  -59.886  5.823 0.3000000119
17982  17.084  -59.538  6.304 0.3000000119
112039  10.248  -61.066  29.951 0.5000000000
15888  9.238  -60.942  28.903 0.5000000000
16745  9.837  -60.681  28.428 0.5000000000
16746  8.875  -60.724  28.154 0.5000000000
14460  4.881  -63.293  19.497 0.2000000030
16761  10.487  -60.560  27.858 0.5000000000
15229  9.088  -62.369  19.534 0.2000000030
112429  7.526  -61.650  18.644 0.2000000030
16050  9.078  -60.982  18.230 0.2000000030
110215  18.422  -59.730  9.191 0.3000000119
19793  19.401  -58.582  9.351 0.3000000119
18835  18.528  -58.882  9.710 0.3000000119
18853  19.587  -58.762  8.579 0.3000000119
19774  18.801  -57.847  9.645 0.3000000119
18836  17.527  -58.643  9.998 0.3000000119
109246  18.034  -56.957  9.493 0.3000000119
20719  17.105  -56.670  9.053 0.3000000119
20717  18.732  -56.710  9.512 0.3000000119
20718  17.523  -55.993  8.988 0.3000000119
21611  18.030  -55.668  9.241 0.3000000119
118544  16.342  -54.650  8.186 0.3000000119
20597  25.826  -56.243  20.276 0.5000000000
21612  17.113  -55.111  8.545 0.3000000119
22477  17.964  -54.797  9.237 0.3000000119
22478  16.688  -54.259  8.628 0.3000000119
23372  15.974  -53.143  8.996 0.4000000060
23371  17.345  -53.722  9.221 0.4000000060
23360  16.657  -52.682  9.466 0.4000000060
29404  22.685  -46.205  19.529 0.1000000015
30285  22.046  -45.447  19.441 0.1000000015
108512  22.357  -44.674  19.292 0.1000000015
122158  21.248  -70.278  6.039 0.2000000030
16051  8.298  -61.258  18.396 0.2000000030
13501  5.330  -64.247  30.745 0.5000000000
12673  4.730  -65.036  30.277 0.5000000000
1700  27.805  -84.514  28.292 0.4000000060
6155  11.875  -75.117  1.835 0.4000000060
11927  8.833  -66.531  28.762 0.5000000000
5004  12.572  -77.590  1.445 0.4000000060
106598  14.359  -76.582  2.271 0.5000000000
5562  13.879  -75.919  1.600 0.4000000060
5563  12.711  -76.678  1.522 0.4000000060
6153  14.254  -75.173  1.433 0.4000000060
10766  17.543  -67.746  3.183 0.3000000119
11914  7.251  -66.686  29.915 0.5000000000
13481  8.003  -64.302  31.832 0.4000000060
14258  6.313  -63.906  31.085 0.4000000060
396  12.947  -87.858  27.869 0.3000000119
120602  12.205  -89.044  26.191 0.2000000030
2484  8.020  -82.807  23.657 0.3000000119
2499  7.974  -82.748  22.693 0.3000000119
105522  11.288  -87.494  26.916 0.2000000030
405  11.630  -88.427  25.938 0.2000000030
106874  11.258  -89.036  24.621 0.2000000030
2086  10.456  -84.372  26.129 0.3000000119
1415  10.518  -85.240  25.189 0.2000000030
102527  10.490  -85.937  24.831 0.2000000030
111788  10.290  -85.186  24.566 0.2000000030
1748  9.431  -84.543  23.360 0.2000000030
2114  8.963  -84.021  23.175 0.2000000030
108946  9.511  -84.476  21.854 0.2000000030
2126  8.523  -83.198  21.952 0.2000000030
2512  8.442  -82.541  21.316 0.2000000030
2905  7.672  -81.253  21.222 0.3000000119
413  11.308  -88.443  25.329 0.2000000030
2147  9.615  -83.681  20.710 0.2000000030
2523  8.976  -82.422  20.778 0.2000000030
1756  9.402  -84.582  22.662 0.2000000030
885  10.828  -87.954  23.690 0.2000000030
105044  10.839  -88.458  23.046 0.2000000030
623  10.874  -89.109  23.978 0.2000000030
3330  6.760  -80.054  21.261 0.3000000119
101164  13.700  -91.235  13.702 0.2000000030
3009  21.464  -81.321  9.514 0.5000000000
3015  21.369  -81.467  8.736 0.5000000000
3042  21.298  -81.473  6.314 0.5000000000
2664  20.016  -82.111  6.649 0.5000000000
2653  20.315  -82.135  7.573 0.5000000000
3025  20.893  -81.654  7.535 0.5000000000
109136  21.816  -81.292  6.665 0.4000000060
3056  22.277  -81.623  5.266 0.4000000060
3040  22.923  -81.114  6.134 0.4000000060
3496  23.775  -80.907  5.753 0.2000000030
3907  21.626  -78.833  10.300 0.4000000060
4876  21.636  -77.591  9.744 0.3000000119
3441  21.437  -80.146  10.496 0.5000000000
4393  22.198  -78.417  9.982 0.4000000060
3449  21.936  -79.424  10.060 0.5000000000
3450  21.732  -80.421  9.721 0.5000000000
3458  22.175  -79.948  9.118 0.5000000000
3459  21.738  -80.780  8.823 0.5000000000
3470  22.083  -80.499  8.191 0.5000000000
117045  22.566  -80.468  7.696 0.5000000000
3023  22.023  -81.004  7.311 0.5000000000
3070  21.634  -81.669  4.644 0.4000000060
3484  23.579  -80.593  6.662 0.4000000060
3485  22.823  -80.822  7.007 0.5000000000
3068  23.409  -81.483  4.381 0.2000000030
3055  23.148  -81.491  5.238 0.2000000030
3054  24.030  -81.219  4.929 0.2000000030
119996  24.487  -80.668  4.638 0.1000000015
3508  24.601  -80.072  3.873 0.2000000030
3507  25.489  -79.505  4.078 0.1000000015
3522  25.078  -79.973  3.332 0.1000000015
3985  26.783  -79.358  3.611 0.1000000015
4467  27.245  -78.980  4.419 0.1000000015
11111  7.876  -67.239  32.393 0.4000000060
4890  20.966  -77.111  8.948 0.3000000119
4889  21.937  -77.117  9.058 0.3000000119
4875  22.382  -77.712  9.559 0.3000000119
3928  22.659  -79.079  9.439 0.5000000000
4408  22.887  -78.307  9.350 0.3000000119
3939  22.837  -79.765  8.426 0.5000000000
3469  23.283  -80.201  7.509 0.5000000000
3927  23.305  -78.877  8.772 0.4000000060
3938  23.674  -79.414  7.974 0.4000000060
4406  24.093  -77.896  8.233 0.3000000119
3954  24.864  -79.504  6.751 0.1000000015
3067  24.061  -80.975  4.147 0.2000000030
4443  26.048  -78.747  5.888 0.1000000015
3963  25.007  -79.954  5.724 0.1000000015
3541  24.371  -80.471  2.209 0.2000000030
3524  23.836  -80.675  2.757 0.2000000030
3523  24.490  -80.294  3.037 0.2000000030
4442  26.835  -78.388  5.563 0.1000000015
3962  25.693  -79.594  5.226 0.1000000015
3132  24.818  -81.509  -1.692 0.1000000015
3961  26.529  -79.181  4.842 0.1000000015
118751  26.501  -79.778  2.677 0.1000000015
4483  27.856  -79.109  3.093 0.1000000015
4466  27.879  -78.999  4.018 0.1000000015
2761  28.524  -82.658  -3.154 0.1000000015
2395  28.142  -83.356  -2.597 0.1000000015
2763  26.810  -82.547  -3.068 0.1000000015
4001  27.969  -79.110  2.155 0.1000000015
4482  28.594  -78.734  2.640 0.1000000015
4464  29.318  -78.302  3.142 0.1000000015
4964  29.261  -78.053  4.037 0.1000000015
4985  30.090  -77.966  2.757 0.1000000015
3136  28.102  -81.761  -3.527 0.1000000015
5480  20.033  -76.634  7.109 0.2000000030
4891  19.880  -77.370  8.572 0.4000000060
4923  21.757  -76.970  7.238 0.3000000119
4905  20.401  -76.882  7.933 0.3000000119
4903  23.145  -77.185  8.137 0.3000000119
3936  25.015  -78.837  7.392 0.1000000015
4418  24.666  -78.368  7.889 0.3000000119
3953  25.486  -78.806  6.819 0.1000000015
4901  24.797  -77.450  7.839 0.3000000119
4417  25.326  -78.185  7.495 0.2000000030
4433  26.463  -77.821  6.230 0.1000000015
3540  25.157  -80.268  2.605 0.1000000015
4003  25.827  -79.873  3.089 0.1000000015
4920  26.749  -77.077  6.439 0.1000000015
3565  24.795  -80.743  0.758 0.1000000015
3555  25.184  -80.549  1.623 0.1000000015
3539  25.942  -80.185  2.238 0.1000000015
4935  27.153  -77.482  5.956 0.1000000015
3123  25.300  -81.025  -1.014 0.1000000015
3117  24.988  -80.868  -0.058 0.1000000015
3571  25.890  -80.808  -0.176 0.1000000015
3563  26.427  -80.521  0.544 0.1000000015
3554  26.162  -80.394  1.383 0.1000000015
4016  27.484  -79.612  1.605 0.1000000015
4017  26.727  -79.953  1.932 0.1000000015
4950  28.386  -77.750  5.121 0.1000000015
4453  28.549  -78.328  4.406 0.1000000015
3138  26.350  -81.837  -2.929 0.1000000015
3131  25.703  -81.479  -2.024 0.1000000015
4025  27.761  -79.783  0.582 0.1000000015
4015  28.256  -79.204  1.316 0.1000000015
109809  28.631  -78.871  1.896 0.1000000015
4481  29.381  -78.494  2.147 0.1000000015
4963  29.959  -77.684  3.651 0.1000000015
3137  27.230  -81.872  -3.262 0.1000000015
4497  29.804  -78.434  1.318 0.1000000015
4480  30.103  -78.079  1.959 0.1000000015
4962  30.706  -77.236  3.206 0.1000000015
3142  28.770  -81.141  -3.801 0.1000000015
4984  30.694  -77.358  2.205 0.1000000015
5524  31.565  -76.091  2.564 0.1000000015
4892  19.052  -77.302  7.994 0.3000000119
113767  20.840  -76.866  7.428 0.2000000030
4904  22.292  -77.029  8.198 0.3000000119
4902  23.963  -77.194  8.037 0.3000000119
5478  24.404  -76.560  7.625 0.2000000030
4900  25.577  -77.303  7.387 0.2000000030
4934  28.043  -76.987  5.729 0.1000000015
3130  26.466  -81.238  -2.086 0.1000000015
3122  26.207  -80.967  -1.149 0.1000000015
3570  26.726  -80.637  -0.303 0.1000000015
4919  27.290  -76.559  6.271 0.1000000015
4949  29.154  -77.600  4.761 0.1000000015
3129  27.051  -81.275  -2.571 0.1000000015
3577  27.072  -80.789  -1.373 0.1000000015
3569  27.476  -80.289  -0.368 0.1000000015
4032  28.265  -79.775  -0.466 0.1000000015
4998  30.886  -76.931  1.296 0.1000000015
3576  27.553  -80.782  -2.146 0.1000000015
3575  28.131  -80.492  -2.442 0.1000000015
3568  27.854  -80.284  -1.358 0.1000000015
3582  27.700  -81.200  -3.074 0.1000000015
4031  28.677  -79.763  -1.673 0.1000000015
4954  18.624  -77.443  4.674 0.2000000030
15846  11.407  -61.009  30.690 0.4000000060
104571  19.525  -78.250  2.750 0.2000000030
5527  17.096  -77.187  3.472 0.3000000119
5542  17.267  -77.190  2.426 0.3000000119
4456  15.395  -78.089  4.187 0.3000000119
16722  12.181  -60.724  29.040 0.4000000060
15864  11.736  -60.758  29.974 0.3000000119
16723  11.137  -60.594  29.241 0.4000000060
15863  12.680  -61.020  29.908 0.3000000119
15087  14.233  -62.114  29.613 0.2000000030
110724  15.379  -76.023  1.300 0.3000000119
15114  14.939  -62.287  27.901 0.1000000015
15901  13.775  -61.202  28.036 0.2000000030
15113  15.838  -62.819  27.548 0.1000000015
104775  15.027  -61.401  26.704 0.2000000030
7882  6.724  -72.059  9.606 0.1000000015
7900  6.721  -72.836  8.483 0.2000000030
9270  6.110  -70.337  11.535 0.1000000015
10665  5.676  -67.777  9.771 0.3000000119
10006  5.175  -69.717  11.411 0.1000000015
9313  5.737  -69.499  9.185 0.1000000015
9278  5.547  -70.131  10.629 0.1000000015
8572  6.486  -71.119  9.281 0.1000000015
10639  4.973  -68.710  13.476 0.1000000015
11393  4.689  -67.816  11.608 0.1000000015
11376  4.595  -67.914  14.039 0.1000000015
12140  4.550  -66.715  12.832 0.2000000030
109327  6.056  -65.462  17.206 0.1000000015
12130  4.272  -65.751  15.243 0.1000000015
14487  7.036  -63.690  17.291 0.1000000015
13698  4.307  -64.528  15.983 0.1000000015
14508  4.300  -63.854  16.035 0.2000000030
16935  19.482  -60.011  16.955 0.2000000030
116906  5.040  -63.720  16.706 0.1000000015
14538  4.368  -63.231  15.060 0.3000000119
119285  6.103  -62.165  16.740 0.1000000015
15264  4.559  -63.118  16.168 0.2000000030
15262  7.076  -62.110  16.629 0.1000000015
15276  5.326  -61.797  16.344 0.1000000015
15277  4.629  -62.406  15.800 0.2000000030
16077  4.775  -61.626  15.279 0.2000000030
16074  8.191  -60.903  15.835 0.1000000015
16075  6.954  -60.912  16.417 0.1000000015
16964  8.303  -60.049  15.362 0.1000000015
16076  5.523  -60.814  16.021 0.1000000015
22294  20.553  -54.179  24.253 0.1000000015
22295  20.017  -54.314  24.029 0.2000000030
21467  20.192  -54.263  23.784 0.2000000030
16997  11.532  -60.216  13.322 0.1000000015
16998  10.611  -59.925  13.563 0.1000000015
16978  9.063  -59.951  14.645 0.2000000030
110640  11.192  -59.580  12.876 0.1000000015
119124  9.755  -59.839  14.017 0.1000000015
17851  8.047  -59.230  14.688 0.2000000030
23162  21.983  -53.428  24.392 0.1000000015
22309  20.546  -53.882  23.966 0.1000000015
22308  21.300  -53.509  23.821 0.1000000015
18801  12.057  -57.830  12.111 0.1000000015
20631  11.049  -56.061  14.188 0.2000000030
25026  23.528  -51.331  25.539 0.1000000015
115510  23.294  -50.765  25.435 0.1000000015
24068  24.157  -52.813  25.827 0.1000000015
24052  24.109  -51.907  26.030 0.1000000015
112131  23.345  -52.774  25.185 0.1000000015
110369  22.695  -52.850  24.631 0.1000000015
24070  23.130  -52.047  24.796 0.1000000015
109275  22.515  -52.647  24.252 0.1000000015
23163  21.088  -53.681  24.102 0.1000000015
23177  21.851  -53.188  24.023 0.1000000015
24101  22.561  -52.352  23.903 0.1000000015
23196  22.171  -53.053  23.605 0.1000000015
23195  22.928  -53.179  22.666 0.2000000030
20647  14.432  -56.095  13.487 0.1000000015
19712  14.028  -56.775  12.164 0.1000000015
20650  11.650  -56.578  13.397 0.2000000030
25935  23.049  -50.238  25.332 0.1000000015
24087  22.905  -51.803  24.291 0.1000000015
25036  22.943  -51.068  24.235 0.1000000015
25047  22.902  -51.489  23.816 0.1000000015
24100  23.101  -51.892  23.276 0.2000000030
20629  13.568  -56.093  14.068 0.3000000119
20649  12.689  -56.393  13.468 0.2000000030
21532  14.195  -55.514  14.308 0.2000000030
20646  15.453  -55.799  13.202 0.1000000015
21553  15.138  -55.455  14.188 0.1000000015
23359  18.114  -53.206  9.812 0.3000000119
24288  18.395  -52.502  10.543 0.3000000119
114168  17.191  -52.209  10.083 0.3000000119
24287  19.542  -52.363  10.722 0.3000000119
24276  18.794  -51.760  11.174 0.3000000119
25209  19.999  -51.509  11.240 0.3000000119
104327  17.285  -47.704  11.266 0.3000000119
113547  18.209  -50.708  13.416 0.2000000030
1716  11.203  -84.641  26.336 0.2000000030
1154  10.591  -86.521  24.296 0.2000000030
1419  10.280  -85.603  24.004 0.2000000030
1737  9.851  -84.740  24.055 0.3000000119
2101  9.242  -84.071  23.928 0.3000000119
10666  5.200  -68.247  10.454 0.1000000015
12890  4.210  -65.493  14.109 0.2000000030
103453  6.278  -60.121  15.790 0.2000000030
19714  11.337  -57.417  12.619 0.2000000030
113737  18.352  -77.714  6.095 0.2000000030
4938  17.813  -77.598  5.518 0.2000000030
5541  18.372  -77.575  2.900 0.3000000119
9312  5.964  -70.281  9.178 0.1000000015
104687  7.371  -60.094  15.859 0.2000000030
16913  19.815  -60.374  18.042 0.1000000015
27017  21.904  -49.491  13.429 0.1000000015
27018  21.207  -49.470  13.475 0.1000000015
27843  21.454  -48.828  13.446 0.2000000030
17875  11.357  -58.922  12.417 0.1000000015
2397  26.595  -83.426  -2.533 0.1000000015
3564  25.582  -80.681  0.704 0.1000000015
11126  10.049  -66.904  30.867 0.4000000060
109675  13.083  -61.031  29.261 0.2000000030
22325  21.129  -54.173  23.287 0.1000000015
114079  21.770  -48.253  13.299 0.2000000030
25198  20.343  -50.597  11.346 0.3000000119
11110  9.754  -67.281  31.603 0.4000000060
11880  8.743  -67.082  31.333 0.4000000060
1436  9.836  -85.228  22.133 0.2000000030
3043  20.712  -81.734  6.842 0.5000000000
3495  24.513  -80.623  5.338 0.2000000030
3483  24.313  -80.256  6.225 0.2000000030
3955  24.098  -79.934  7.186 0.2000000030
4465  28.579  -78.619  3.554 0.1000000015
4454  27.816  -78.512  4.726 0.1000000015
4434  25.904  -78.031  6.844 0.1000000015
10017  5.158  -69.282  10.535 0.1000000015
9296  5.525  -69.792  9.835 0.1000000015
9295  6.064  -70.542  9.913 0.1000000015
13696  5.528  -64.542  17.134 0.1000000015
13676  6.564  -64.483  17.315 0.1000000015
13697  4.724  -64.515  16.576 0.1000000015
12878  5.011  -65.344  16.914 0.1000000015
14488  6.001  -63.649  17.215 0.1000000015
103275  6.540  -62.863  17.029 0.1000000015
15275  8.054  -61.781  16.229 0.2000000030
16087  9.244  -60.831  15.196 0.1000000015
16996  12.312  -60.393  13.130 0.1000000015
107691  11.881  -59.661  12.616 0.1000000015
16976  11.179  -60.608  13.949 0.1000000015
124147  10.234  -60.218  14.109 0.1000000015
22324  21.979  -53.639  23.034 0.1000000015
19713  12.259  -57.144  12.403 0.2000000030
18799  13.805  -58.252  11.694 0.1000000015
25934  23.388  -50.507  26.032 0.1000000015
24069  23.665  -52.151  25.445 0.1000000015
25027  23.119  -51.051  24.855 0.1000000015
24113  22.818  -52.533  23.263 0.1000000015
19711  14.907  -56.501  11.967 0.1000000015
20648  13.556  -56.378  13.034 0.1000000015
117691  13.146  -56.943  12.241 0.2000000030
118468  19.141  -53.007  10.200 0.3000000119
108247  16.188  -92.079  21.716 0.2000000030
112765  15.184  -92.110  21.660 0.2000000030
55  15.076  -91.624  23.175 0.2000000030
101163  13.527  -91.900  11.591 0.1000000015
101160  13.470  -91.611  12.603 0.1000000015
101159  12.976  -91.683  14.403 0.1000000015
102765  13.174  -92.053  13.763 0.1000000015
101158  13.283  -92.110  13.178 0.1000000015
4584  22.253  -77.620  33.661 0.1000000015
5160  21.203  -76.742  33.387 0.1000000015
102118  11.856  -90.881  16.454 0.1000000015
117533  12.701  -91.052  14.285 0.1000000015
102138  12.870  -91.592  13.998 0.1000000015
115858  13.661  -92.537  13.359 0.1000000015
5725  22.100  -75.893  32.192 0.1000000015
5738  21.721  -75.298  31.691 0.1000000015
105755  21.629  -76.369  32.765 0.1000000015
5177  20.981  -76.249  33.015 0.1000000015
2916  8.081  -80.924  20.829 0.2000000030
120786  7.049  -80.114  19.935 0.2000000030
106813  6.478  -79.351  19.102 0.2000000030
4319  6.230  -78.644  18.050 0.2000000030
4318  6.588  -78.441  17.590 0.1000000015
11082  11.245  -68.036  33.951 0.2000000030
11869  6.948  -66.684  32.899 0.3000000119
123780  7.806  -66.497  33.717 0.2000000030
106341  9.008  -67.425  32.311 0.2000000030
111236  10.221  -67.575  32.253 0.2000000030
11071  8.509  -67.143  34.512 0.2000000030
11817  9.314  -66.880  35.559 0.2000000030
10380  10.511  -67.799  35.024 0.2000000030
117580  11.803  -68.239  34.614 0.2000000030
103890  7.331  -66.126  33.372 0.3000000119
11070  9.191  -67.352  34.982 0.2000000030
12645  7.726  -65.486  33.101 0.2000000030
11853  6.822  -66.253  32.918 0.3000000119
104918  6.368  -66.630  31.820 0.3000000119
13456  9.367  -64.414  32.677 0.2000000030
12589  9.553  -66.306  35.610 0.2000000030
12609  8.337  -66.565  34.390 0.2000000030
12608  9.019  -66.385  35.034 0.2000000030
13457  8.383  -64.727  32.555 0.3000000119
13440  10.579  -64.298  33.582 0.2000000030
12607  9.848  -65.615  34.953 0.2000000030
12627  10.110  -64.965  34.153 0.2000000030
12644  8.728  -65.177  33.296 0.2000000030
104707  9.046  -65.645  34.219 0.2000000030
15045  11.565  -61.777  32.000 0.2000000030
15032  11.248  -62.339  32.454 0.2000000030
14238  10.639  -63.098  32.500 0.2000000030
15828  11.966  -61.383  31.339 0.2000000030
15047  9.877  -62.747  31.240 0.3000000119
15845  12.290  -61.125  30.636 0.1000000015
17691  21.021  -59.787  25.884 0.1000000015
17702  20.659  -59.499  24.951 0.1000000015
18592  22.952  -58.133  26.877 0.1000000015
18622  19.968  -57.628  24.488 0.1000000015
12985  16.494  -64.702  7.963 0.2000000030
12968  17.014  -65.166  8.588 0.2000000030
12984  17.216  -66.068  8.342 0.2000000030
15363  17.714  -62.923  7.877 0.2000000030
14591  17.951  -63.149  8.914 0.2000000030
118194  16.657  -63.847  8.197 0.2000000030
13774  15.305  -64.708  6.548 0.2000000030
15352  18.999  -63.038  8.982 0.2000000030
123467  17.270  -63.350  8.425 0.2000000030
13763  16.945  -64.362  8.737 0.2000000030
13773  16.046  -64.278  7.297 0.2000000030
122780  17.898  -63.633  9.389 0.2000000030
13762  17.389  -64.631  9.346 0.2000000030
14585  18.508  -63.565  9.537 0.2000000030
13753  17.838  -64.906  9.875 0.2000000030
12967  17.557  -65.585  9.335 0.2000000030
14598  15.542  -63.902  6.606 0.2000000030
15361  19.531  -62.534  8.362 0.2000000030
15362  18.610  -62.693  8.149 0.2000000030
14584  19.405  -63.485  9.644 0.2000000030
16164  20.852  -61.651  8.131 0.2000000030
109771  20.314  -61.390  7.213 0.2000000030
16186  19.580  -61.780  6.812 0.2000000030
16205  19.239  -61.537  5.918 0.2000000030
17065  21.591  -60.981  8.119 0.2000000030
15384  19.184  -62.310  7.416 0.2000000030
15415  18.143  -62.499  6.016 0.2000000030
15416  17.257  -62.609  5.756 0.2000000030
15360  20.412  -62.386  8.570 0.2000000030
16165  19.990  -61.997  7.788 0.2000000030
15386  17.541  -62.871  6.656 0.2000000030
15387  16.639  -63.103  6.478 0.2000000030
15385  18.407  -62.671  6.961 0.2000000030
17084  21.477  -60.660  7.087 0.2000000030
17085  20.722  -60.885  6.553 0.2000000030
17952  22.763  -59.966  7.704 0.2000000030
17102  20.602  -60.936  5.250 0.2000000030
16207  17.882  -62.088  5.591 0.2000000030
16206  18.579  -61.873  5.755 0.2000000030
15431  15.616  -61.881  5.773 0.2000000030
16209  14.212  -61.181  6.681 0.2000000030
17083  22.064  -60.446  7.653 0.2000000030
17101  21.319  -60.507  5.871 0.2000000030
17103  19.873  -61.082  5.194 0.2000000030
16218  18.250  -61.343  5.528 0.2000000030
15429  17.234  -61.995  5.512 0.2000000030
17979  22.809  -59.557  5.620 0.2000000030
17113  21.188  -60.527  4.605 0.2000000030
17129  21.061  -60.116  3.938 0.2000000030
17130  20.312  -59.924  4.224 0.2000000030
17993  19.280  -59.395  4.875 0.2000000030
17978  23.597  -59.333  6.083 0.2000000030
17980  21.911  -59.936  5.193 0.2000000030
17114  20.553  -60.646  4.554 0.2000000030
17991  22.585  -59.341  4.452 0.2000000030
17992  21.652  -59.806  4.142 0.2000000030
18009  20.871  -59.361  3.713 0.2000000030
17981  17.886  -58.986  6.619 0.2000000030
18008  21.410  -59.468  3.807 0.2000000030
18010  20.140  -59.023  4.280 0.2000000030
18883  19.275  -58.018  6.003 0.2000000030
18872  18.890  -58.988  7.712 0.2000000030
111807  20.115  -58.471  4.540 0.2000000030
18895  20.120  -57.966  5.152 0.2000000030
18910  20.716  -58.479  4.038 0.2000000030
18871  19.407  -58.459  7.378 0.2000000030
19831  21.013  -57.700  4.750 0.2000000030
18882  20.052  -57.832  6.360 0.2000000030
18852  20.133  -58.327  8.258 0.2000000030
19830  22.031  -57.784  4.705 0.2000000030
19807  20.636  -57.826  7.655 0.2000000030
19792  20.100  -58.341  9.114 0.2000000030
19818  20.742  -57.551  6.177 0.2000000030
19791  20.779  -58.052  8.878 0.2000000030
19773  19.626  -57.787  9.512 0.2000000030
19806  21.331  -57.319  7.319 0.2000000030
19790  21.388  -57.557  8.542 0.2000000030
20746  20.417  -57.691  9.344 0.2000000030
19789  21.989  -57.049  8.078 0.2000000030
20745  21.193  -57.396  9.258 0.2000000030
20744  21.980  -57.041  9.012 0.2000000030
20716  19.745  -56.988  9.565 0.2000000030
20715  20.429  -56.715  9.553 0.2000000030
21629  22.372  -56.157  9.215 0.2000000030
21630  21.351  -56.333  9.493 0.2000000030
114656  21.014  -55.340  9.739 0.2000000030
114725  19.199  -55.864  9.488 0.2000000030
115231  19.253  -54.766  9.552 0.2000000030
117785  18.439  -54.053  9.497 0.2000000030
22474  22.131  -54.632  9.684 0.2000000030
22475  21.339  -54.595  9.895 0.2000000030
22476  20.327  -54.638  9.781 0.2000000030
23370  19.447  -53.778  9.867 0.2000000030
23369  20.776  -53.799  10.226 0.2000000030
23358  20.155  -52.987  10.377 0.2000000030
27045  20.267  -49.205  10.704 0.2000000030
107565  20.265  -48.963  8.947 0.2000000030
27878  19.279  -48.266  9.989 0.2000000030
27879  18.318  -47.935  11.174 0.2000000030
27089  20.702  -49.432  6.898 0.2000000030
27910  20.103  -48.359  8.958 0.2000000030
28713  19.161  -47.669  9.663 0.2000000030
28696  17.730  -47.219  10.492 0.2000000030
28742  20.955  -47.818  7.892 0.2000000030
28731  19.795  -47.681  9.144 0.2000000030
27088  21.117  -49.504  6.610 0.1000000015
105008  18.031  -46.162  9.497 0.2000000030
27926  20.964  -48.267  7.226 0.2000000030
110740  20.218  -46.986  8.839 0.2000000030
28729  20.976  -47.086  8.211 0.2000000030
29549  19.742  -46.138  9.008 0.1000000015
28741  21.275  -47.297  7.177 0.2000000030
30433  20.542  -45.439  8.552 0.1000000015
30412  18.791  -45.736  9.179 0.1000000015
30432  21.234  -45.714  8.157 0.1000000015
29560  21.527  -46.322  6.755 0.1000000015
31352  20.359  -44.405  8.535 0.1000000015
30466  22.226  -45.384  6.271 0.1000000015
31368  21.232  -44.235  8.017 0.1000000015
30465  22.980  -45.304  6.182 0.1000000015
31380  21.977  -44.724  6.360 0.1000000015
31367  21.433  -44.690  6.979 0.1000000015
32216  20.773  -43.589  8.273 0.1000000015
114405  21.756  -44.074  6.543 0.1000000015
32215  21.319  -43.623  7.251 0.1000000015
33084  20.935  -42.773  8.088 0.1000000015
31379  22.675  -44.625  6.142 0.1000000015
33069  18.883  -41.818  8.638 0.1000000015
32223  22.639  -43.002  5.948 0.1000000015
33085  20.131  -41.929  8.281 0.1000000015
34005  18.999  -40.689  8.460 0.1000000015
112710  20.912  -42.049  7.734 0.1000000015
106864  16.634  -66.002  7.327 0.2000000030
120254  15.792  -66.395  6.273 0.2000000030
110819  14.876  -64.134  6.418 0.2000000030
15418  14.798  -61.889  6.223 0.2000000030
12134  4.400  -66.340  13.735 0.2000000030
14624  15.529  -62.605  6.031 0.2000000030
28714  18.446  -47.028  9.726 0.2000000030
30434  19.561  -45.187  8.884 0.1000000015
32202  19.955  -42.925  8.476 0.1000000015
121184  20.194  -43.678  8.505 0.1000000015
11083  9.719  -67.761  34.100 0.2000000030
17968  18.373  -59.518  8.086 0.2000000030
27033  19.624  -49.041  11.290 0.2000000030
117896  19.669  -48.672  10.585 0.2000000030
28695  18.644  -47.722  10.256 0.2000000030
16208  14.937  -60.962  6.214 0.2000000030
17116  18.494  -60.301  5.415 0.2000000030
18897  18.917  -58.617  5.551 0.2000000030
18884  18.533  -58.451  6.256 0.2000000030
24286  20.630  -52.158  10.777 0.2000000030
5176  22.557  -76.574  32.620 0.1000000015
11851  7.920  -67.031  33.863 0.2000000030
113046  8.706  -67.471  33.922 0.2000000030
13000  15.915  -65.222  6.826 0.2000000030
14596  16.890  -63.230  7.605 0.2000000030
14597  16.222  -63.627  7.169 0.2000000030
16187  18.846  -62.168  6.403 0.2000000030
105435  23.010  -59.764  6.678 0.2000000030
17115  19.700  -60.595  4.837 0.2000000030
17100  22.216  -60.167  6.572 0.2000000030
18896  19.559  -58.523  4.985 0.2000000030
19817  21.577  -57.353  5.940 0.2000000030
20743  22.529  -56.452  8.516 0.2000000030
21610  20.254  -55.602  9.629 0.2000000030
21608  22.650  -55.226  9.321 0.2000000030
21609  21.821  -55.401  9.559 0.2000000030
22473  22.805  -54.228  9.401 0.2000000030
27894  19.892  -48.758  9.700 0.2000000030
27927  20.620  -48.649  8.099 0.2000000030
27895  19.608  -48.179  9.480 0.2000000030
27946  20.710  -48.990  7.212 0.1000000015
28730  20.449  -47.756  8.511 0.2000000030
29532  18.859  -46.438  9.334 0.2000000030
103879  19.347  -46.995  9.304 0.2000000030
29548  20.749  -46.286  8.487 0.1000000015
29547  21.370  -46.396  7.697 0.1000000015
30450  21.238  -44.983  8.080 0.1000000015
30449  21.379  -45.594  7.170 0.1000000015
30467  21.727  -45.503  6.577 0.1000000015
111769  22.376  -43.943  6.163 0.1000000015
32224  21.799  -43.339  6.376 0.1000000015
33083  21.282  -42.698  7.002 0.1000000015
103346  25.626  -86.852  12.000 0.1000000015
330  21.045  -90.205  15.368 0.1000000015
504  24.935  -88.543  13.432 0.1000000015
335  21.647  -89.624  14.739 0.1000000015
336  21.114  -89.825  14.915 0.1000000015
81  15.661  -91.728  20.164 0.1000000015
82  14.780  -92.150  19.876 0.1000000015
6  16.297  -91.004  20.073 0.1000000015
11  18.022  -91.100  19.242 0.1000000015
95  15.184  -91.144  19.632 0.1000000015
120505  15.278  -90.547  19.416 0.1000000015
15  19.263  -90.940  18.129 0.1000000015
214  18.882  -90.477  17.669 0.1000000015
209  17.193  -90.318  18.847 0.1000000015
316  16.650  -90.047  18.694 0.1000000015
462  16.630  -89.516  18.696 0.1000000015
458  15.491  -89.410  19.544 0.1000000015
106  19.340  -90.507  16.910 0.1000000015
461  17.420  -89.205  18.403 0.1000000015
332  19.823  -90.137  16.461 0.1000000015
678  16.743  -88.784  18.749 0.1000000015
481  20.631  -89.877  15.208 0.1000000015
103555  19.622  -89.929  16.306 0.1000000015
676  18.708  -88.236  17.862 0.1000000015
722  23.718  -88.374  13.498 0.1000000015
735  24.082  -87.648  12.983 0.1000000015
492  22.082  -89.418  14.250 0.1000000015
480  21.184  -89.613  14.686 0.1000000015
928  19.004  -87.568  17.778 0.1000000015
712  22.394  -89.040  13.900 0.1000000015
703  21.386  -88.673  14.955 0.1000000015
66  13.965  -91.978  22.149 0.1000000015
75  13.879  -92.025  21.168 0.1000000015
186  13.277  -91.492  20.652 0.1000000015
199  13.894  -91.725  19.282 0.1000000015
321  17.863  -90.032  17.968 0.1000000015
315  17.338  -89.849  18.257 0.1000000015
466  18.653  -89.470  17.570 0.1000000015
460  18.262  -88.897  18.129 0.1000000015
687  19.870  -88.799  16.748 0.1000000015
473  20.204  -89.387  15.924 0.1000000015
696  20.425  -88.396  16.240 0.1000000015
111121  23.774  -87.040  13.083 0.1000000015
702  22.142  -88.243  14.524 0.1000000015
4429  33.594  -78.666  6.400 0.1000000015
695  20.983  -88.006  15.749 0.1000000015
269  13.575  -89.437  27.129 0.2000000030
273  13.490  -90.007  26.313 0.1000000015
171  13.126  -90.566  24.051 0.1000000015
108118  12.824  -90.637  23.355 0.1000000015
57  13.587  -91.108  23.391 0.1000000015
177  12.226  -90.425  22.790 0.1000000015
181  13.264  -91.320  21.757 0.1000000015
192  12.679  -91.080  20.301 0.1000000015
309  13.183  -90.586  19.681 0.1000000015
308  13.968  -90.535  19.399 0.1000000015
118041  12.081  -89.902  20.815 0.1000000015
444  12.553  -89.346  20.974 0.1000000015
104141  13.605  -89.891  20.171 0.1000000015
443  13.453  -89.356  20.803 0.1000000015
688  19.394  -88.261  17.398 0.1000000015
115107  14.329  -89.678  20.168 0.1000000015
3952  30.821  -80.055  6.980 0.1000000015
104875  30.494  -81.041  7.051 0.2000000030
937  20.113  -87.868  16.971 0.1000000015
3950  32.299  -79.441  6.543 0.1000000015
105804  30.237  -81.099  7.634 0.2000000030
120873  22.725  -87.434  14.506 0.1000000015
952  22.362  -87.143  15.185 0.1000000015
1218  20.367  -86.999  17.086 0.1000000015
1247  23.658  -86.142  13.590 0.1000000015
951  23.042  -86.618  14.920 0.1000000015
4428  34.398  -78.484  6.141 0.1000000015
3782  30.704  -79.400  21.572 0.1000000015
399  12.765  -88.742  27.202 0.1000000015
3323  30.402  -80.258  21.236 0.1000000015
4257  31.132  -78.590  21.739 0.1000000015
4727  31.354  -77.673  21.509 0.1000000015
274  12.800  -89.604  25.930 0.1000000015
115742  30.150  -80.063  20.420 0.1000000015
122706  30.140  -79.133  20.471 0.1000000015
162  12.685  -90.048  24.659 0.1000000015
3809  30.224  -79.397  19.711 0.1000000015
117835  30.292  -77.947  20.144 0.1000000015
292  12.159  -90.128  23.762 0.1000000015
287  11.325  -89.555  23.836 0.1000000015
4289  30.187  -78.569  19.997 0.1000000015
183  11.720  -90.116  22.057 0.1000000015
113171  30.749  -78.808  18.931 0.1000000015
193  12.122  -90.623  20.818 0.1000000015
110210  11.723  -89.223  21.959 0.1000000015
3829  32.372  -78.933  17.810 0.2000000030
3839  32.476  -78.722  17.181 0.2000000030
106305  18.490  -87.742  18.098 0.1000000015
4330  31.484  -78.940  15.749 0.2000000030
944  21.326  -87.148  16.115 0.1000000015
3395  31.162  -79.894  14.282 0.2000000030
4339  30.275  -78.494  14.441 0.2000000030
1233  21.889  -86.863  15.735 0.1000000015
3859  30.425  -79.257  14.030 0.2000000030
1227  20.975  -86.653  16.658 0.1000000015
4931  36.503  -77.303  5.944 0.1000000015
106329  35.252  -78.291  5.830 0.1000000015
1225  22.477  -86.180  15.620 0.1000000015
108240  33.843  -78.013  21.657 0.1000000015
5362  37.978  -77.087  17.004 0.1000000015
4745  30.938  -77.211  20.966 0.1000000015
5327  30.832  -76.564  19.498 0.1000000015
294  10.960  -89.596  23.298 0.1000000015
103158  30.368  -77.962  19.458 0.1000000015
4768  30.611  -76.824  18.733 0.1000000015
304  11.624  -89.728  21.862 0.1000000015
653  11.367  -88.554  22.258 0.1000000015
3819  31.900  -79.229  18.285 0.2000000030
5352  30.775  -76.337  18.065 0.1000000015
4298  31.472  -78.587  18.153 0.2000000030
4776  30.665  -76.816  17.858 0.1000000015
445  11.726  -89.808  21.431 0.1000000015
4310  31.725  -78.278  17.470 0.2000000030
4323  31.457  -78.275  16.571 0.2000000030
3467  30.260  -80.332  7.504 0.2000000030
3456  30.184  -80.952  8.464 0.2000000030
3022  30.319  -81.874  7.171 0.2000000030
4340  30.034  -78.632  13.740 0.2000000030
3415  30.809  -80.118  12.394 0.2000000030
3882  30.312  -79.532  12.677 0.2000000030
3883  29.767  -79.007  12.469 0.2000000030
1232  23.328  -85.730  15.090 0.1000000015
5502  37.106  -76.968  5.905 0.1000000015
4724  33.948  -77.171  21.151 0.1000000015
5307  35.861  -76.806  19.762 0.1000000015
5308  35.029  -76.595  20.126 0.1000000015
5350  37.628  -76.771  17.463 0.1000000015
123409  36.711  -76.575  18.775 0.1000000015
5323  35.275  -76.248  19.326 0.1000000015
5324  34.397  -76.052  19.610 0.1000000015
5860  31.795  -76.038  20.216 0.1000000015
4798  37.908  -78.101  15.598 0.1000000015
4789  37.796  -77.353  16.358 0.1000000015
5351  36.983  -76.265  17.221 0.1000000015
5885  34.190  -75.199  18.221 0.1000000015
5870  33.851  -75.545  18.997 0.1000000015
5871  32.855  -75.331  19.116 0.1000000015
104237  38.397  -78.970  15.177 0.1000000015
5873  31.358  -75.982  19.461 0.1000000015
4337  38.114  -79.221  14.517 0.1000000015
4805  37.658  -78.532  14.748 0.1000000015
5888  31.499  -75.530  18.679 0.1000000015
903  11.502  -87.551  21.736 0.1000000015
114804  31.264  -75.415  17.084 0.1000000015
639  11.017  -88.979  22.576 0.1000000015
123165  31.206  -77.710  17.076 0.2000000030
5366  30.787  -76.284  17.096 0.2000000030
104151  30.478  -76.378  16.002 0.2000000030
115100  30.752  -77.116  17.194 0.2000000030
4324  30.682  -77.520  16.385 0.2000000030
4790  30.521  -76.868  16.412 0.2000000030
5378  30.472  -76.564  15.088 0.2000000030
4331  30.597  -78.203  15.481 0.2000000030
118767  30.211  -77.073  14.704 0.2000000030
5951  30.777  -76.025  14.462 0.2000000030
4809  30.178  -77.704  14.662 0.2000000030
5388  30.324  -76.610  14.158 0.2000000030
4810  29.881  -77.957  13.858 0.2000000030
5389  29.955  -77.186  13.968 0.2000000030
5395  29.862  -76.498  13.197 0.2000000030
3482  31.219  -80.892  6.544 0.2000000030
103068  29.405  -78.312  10.937 0.2000000030
3896  29.599  -78.858  11.567 0.2000000030
4348  29.667  -78.309  13.041 0.2000000030
4371  29.147  -77.926  11.635 0.2000000030
4360  29.361  -78.389  12.254 0.2000000030
4837  29.190  -77.646  12.442 0.2000000030
3949  33.432  -79.568  6.424 0.1000000015
109857  32.758  -80.164  6.372 0.2000000030
6074  38.685  -75.630  5.499 0.1000000015
5501  37.685  -76.648  5.461 0.1000000015
2663  30.602  -82.686  6.789 0.2000000030
5339  36.308  -76.162  18.303 0.1000000015
5340  35.563  -75.905  18.534 0.1000000015
5869  34.750  -75.671  18.796 0.1000000015
5364  36.800  -76.306  16.509 0.1000000015
5901  35.430  -75.191  17.115 0.1000000015
5884  35.087  -75.325  17.974 0.1000000015
110313  32.842  -74.996  18.305 0.1000000015
4800  36.766  -77.341  14.904 0.1000000015
5365  36.210  -76.029  16.200 0.1000000015
5916  35.644  -75.478  16.320 0.1000000015
5902  34.473  -74.950  17.354 0.1000000015
5903  33.428  -74.797  17.674 0.1000000015
5904  32.424  -74.792  17.701 0.1000000015
1190  10.938  -86.720  21.534 0.1000000015
4338  37.446  -79.038  13.958 0.1000000015
117184  37.312  -77.854  14.998 0.1000000015
4806  36.816  -78.173  14.244 0.1000000015
6505  31.906  -74.792  16.962 0.1000000015
904  10.989  -87.585  22.056 0.1000000015
3870  38.540  -80.169  13.152 0.1000000015
5933  31.282  -75.338  15.703 0.2000000030
102974  31.925  -75.312  15.009 0.1000000015
893  10.842  -87.520  22.818 0.1000000015
119252  30.757  -75.928  15.480 0.2000000030
5411  29.225  -76.752  12.496 0.2000000030
5377  35.784  -76.045  15.459 0.1000000015
118254  35.181  -75.465  15.719 0.1000000015
112194  33.818  -74.675  16.684 0.1000000015
6523  32.780  -74.559  16.818 0.1000000015
5931  33.771  -75.112  15.229 0.1000000015
6534  33.233  -74.687  15.940 0.1000000015
1450  10.450  -85.815  21.616 0.1000000015
1177  10.718  -86.671  22.188 0.1000000015
3948  34.302  -79.402  6.330 0.1000000015
3039  30.855  -81.772  6.619 0.2000000030
5930  34.546  -75.259  15.486 0.1000000015
1167  10.730  -87.046  23.620 0.1000000015
1197  10.924  -86.076  20.974 0.1000000015
1462  10.494  -85.272  20.834 0.1000000015
4427  35.025  -79.218  5.982 0.1000000015
2662  31.522  -82.547  6.241 0.2000000030
104098  10.430  -86.128  23.378 0.1000000015
1461  11.122  -85.371  20.542 0.1000000015
1773  10.583  -84.785  20.167 0.1000000015
1771  12.073  -84.601  20.384 0.1000000015
4932  36.121  -78.108  5.716 0.1000000015
107105  32.200  -80.810  6.234 0.2000000030
3481  33.253  -80.822  6.234 0.1000000015
4952  20.687  -77.877  4.602 0.1000000015
4925  19.974  -77.349  6.405 0.1000000015
5481  19.230  -76.897  6.919 0.1000000015
120716  21.661  -77.327  6.108 0.1000000015
4924  20.879  -77.138  6.658 0.1000000015
5497  22.555  -76.757  6.578 0.1000000015
1435  10.281  -85.951  22.505 0.1000000015
2533  10.675  -82.590  19.923 0.1000000015
1772  11.320  -84.752  20.113 0.1000000015
104890  11.523  -84.110  20.007 0.1000000015
2521  11.513  -82.775  20.567 0.1000000015
116720  36.957  -77.386  5.701 0.1000000015
3036  33.597  -81.430  6.072 0.2000000030
5540  20.629  -76.962  1.990 0.1000000015
4967  20.425  -78.384  3.117 0.1000000015
122705  20.376  -78.180  3.877 0.1000000015
104591  19.095  -77.601  6.209 0.1000000015
5517  21.952  -77.009  4.787 0.1000000015
122285  21.206  -77.878  4.083 0.1000000015
5507  22.179  -76.964  5.524 0.1000000015
6081  22.790  -75.526  5.068 0.1000000015
118304  23.319  -75.782  5.997 0.1000000015
5496  23.317  -76.141  6.501 0.1000000015
5495  24.049  -75.907  7.046 0.2000000030
6079  24.078  -74.801  5.922 0.1000000015
6054  24.892  -75.766  7.344 0.1000000015
111977  9.939  -85.011  21.276 0.1000000015
120531  10.386  -83.040  19.854 0.1000000015
4930  37.370  -77.442  5.244 0.1000000015
5009  20.881  -78.001  -0.731 0.1000000015
5010  20.251  -78.251  0.085 0.1000000015
5011  18.843  -78.923  0.274 0.2000000030
4988  18.977  -78.281  1.969 0.1000000015
3480  34.285  -80.836  6.392 0.1000000015
5557  21.009  -76.550  1.256 0.1000000015
5558  20.337  -77.424  1.016 0.1000000015
4999  20.042  -78.132  1.652 0.1000000015
4987  19.847  -78.279  2.266 0.1000000015
4968  19.401  -77.792  3.720 0.1000000015
6150  21.413  -75.953  1.820 0.1000000015
4965  21.223  -77.719  2.885 0.1000000015
6113  21.880  -75.557  3.572 0.1000000015
6094  22.401  -75.468  4.427 0.1000000015
6701  23.044  -74.896  4.754 0.1000000015
120053  23.523  -74.641  4.414 0.1000000015
6700  24.276  -74.495  4.590 0.1000000015
122405  24.612  -74.687  6.182 0.1000000015
1764  9.757  -84.280  21.038 0.1000000015
2157  9.754  -83.769  19.980 0.1000000015
2535  9.360  -82.555  20.120 0.1000000015
113174  9.538  -81.738  20.023 0.1000000015
2927  9.315  -80.872  20.501 0.1000000015
5595  20.069  -77.458  -2.276 0.2000000030
6198  19.598  -76.651  -1.581 0.2000000030
5607  21.038  -77.179  -2.418 0.2000000030
5596  19.176  -77.798  -2.021 0.2000000030
5022  17.874  -78.273  -0.852 0.2000000030
106758  34.386  -80.197  6.468 0.1000000015
122570  20.619  -78.440  -1.522 0.2000000030
4524  20.250  -78.441  -2.218 0.2000000030
4515  19.341  -78.837  -1.268 0.2000000030
4509  18.632  -78.874  -0.684 0.2000000030
5002  17.247  -78.048  0.485 0.2000000030
5573  22.063  -76.504  0.066 0.1000000015
5585  21.739  -77.385  -0.760 0.1000000015
6165  21.664  -76.104  0.941 0.1000000015
6132  22.095  -75.355  2.611 0.1000000015
6149  22.419  -75.635  1.493 0.1000000015
6730  23.007  -75.016  3.083 0.1000000015
2522  9.475  -83.145  20.404 0.1000000015
2915  8.758  -81.601  21.000 0.1000000015
3364  7.969  -79.893  19.700 0.1000000015
3825  7.714  -79.687  18.876 0.1000000015
6197  20.528  -76.329  -1.871 0.2000000030
6196  21.526  -75.984  -2.054 0.2000000030
6786  20.879  -75.266  -1.422 0.2000000030
5043  22.513  -77.360  -2.326 0.1000000015
108255  16.783  -77.282  1.332 0.2000000030
5020  23.133  -77.420  -1.745 0.1000000015
5584  22.685  -77.125  -0.864 0.1000000015
6164  22.418  -76.011  0.703 0.1000000015
3816  7.113  -79.874  19.321 0.1000000015
3826  6.837  -79.300  18.540 0.1000000015
3832  7.602  -79.193  18.181 0.1000000015
3833  6.883  -78.959  17.881 0.1000000015
8018  21.806  -73.151  -0.200 0.2000000030
7333  21.431  -73.781  -0.734 0.2000000030
7341  22.189  -73.474  -1.077 0.2000000030
6773  20.575  -74.693  -0.879 0.2000000030
6181  20.036  -75.415  -1.021 0.2000000030
6784  22.469  -74.228  -1.698 0.2000000030
6785  21.483  -74.975  -1.514 0.2000000030
6182  19.096  -75.874  -0.827 0.2000000030
119749  23.197  -75.855  -2.572 0.2000000030
5587  17.806  -77.470  -0.925 0.2000000030
5013  17.057  -78.142  -0.359 0.2000000030
5575  16.912  -77.436  -0.538 0.2000000030
5559  16.494  -77.385  0.196 0.2000000030
111503  16.278  -76.818  2.258 0.2000000030
8006  22.185  -72.492  0.309 0.2000000030
8007  21.367  -72.636  0.350 0.2000000030
6758  20.137  -74.499  -0.311 0.2000000030
6166  18.561  -75.267  -0.234 0.2000000030
6168  16.800  -76.275  -0.328 0.2000000030
5560  16.030  -76.425  0.686 0.2000000030
8691  22.504  -71.817  0.786 0.2000000030
106097  20.305  -73.738  0.191 0.2000000030
7324  19.544  -74.148  0.263 0.2000000030
104672  18.889  -74.581  0.214 0.2000000030
6760  18.020  -74.677  0.374 0.2000000030
7307  17.919  -73.834  1.125 0.2000000030
6743  17.298  -74.415  0.785 0.2000000030
8693  20.793  -71.842  0.731 0.2000000030
8008  20.526  -72.860  0.507 0.2000000030
7325  18.752  -73.918  0.687 0.2000000030
8673  21.847  -71.173  1.244 0.2000000030
8694  19.934  -72.097  0.959 0.2000000030
8009  19.551  -73.188  0.777 0.2000000030
8675  19.461  -71.558  1.462 0.2000000030
7986  19.091  -72.303  1.410 0.2000000030
9418  21.280  -70.401  1.702 0.2000000030
8674  21.107  -70.966  1.029 0.2000000030
9419  20.568  -70.259  1.590 0.2000000030
112917  20.175  -71.095  1.280 0.2000000030
10132  19.905  -69.369  1.875 0.2000000030
110914  19.266  -70.745  1.679 0.2000000030
10133  18.855  -69.475  1.876 0.2000000030
10750  19.619  -67.546  4.189 0.2000000030
10105  19.689  -69.066  3.814 0.2000000030
10075  20.226  -68.565  4.402 0.1000000015
11486  19.690  -66.782  4.259 0.1000000015
10736  20.247  -67.569  4.812 0.1000000015
9374  21.043  -69.237  5.062 0.1000000015
13070  21.743  -65.350  3.731 0.1000000015
13058  20.538  -65.412  3.638 0.2000000030
12238  20.645  -65.927  5.113 0.1000000015
11473  20.363  -66.664  4.974 0.1000000015
119268  20.778  -68.324  5.149 0.1000000015
104953  21.732  -70.636  6.560 0.2000000030
13038  22.088  -65.250  4.871 0.1000000015
13057  21.214  -65.218  4.043 0.1000000015
13039  21.179  -65.380  5.086 0.1000000015
13013  21.683  -65.295  5.869 0.1000000015
12228  21.219  -66.024  5.991 0.1000000015
11460  21.544  -66.687  6.840 0.1000000015
11461  21.172  -66.877  6.167 0.1000000015
10716  21.508  -67.702  6.546 0.1000000015
10074  21.342  -68.575  5.800 0.1000000015
10054  21.863  -68.817  6.660 0.2000000030
9338  22.280  -69.843  6.977 0.2000000030
14324  17.357  -63.165  27.642 0.1000000015
118731  16.015  -62.301  26.950 0.1000000015
11348  4.632  -67.373  15.054 0.1000000015
12129  4.366  -66.434  14.884 0.1000000015
18800  12.888  -57.880  11.822 0.1000000015
216  20.123  -90.305  16.584 0.1000000015
105  19.731  -90.676  17.124 0.1000000015
15088  13.643  -61.491  29.861 0.1000000015
15111  17.856  -62.681  27.153 0.1000000015
170  13.916  -91.044  24.287 0.1000000015
65  14.762  -91.999  22.419 0.1000000015
1  16.795  -91.369  20.286 0.1000000015
500  22.746  -89.259  13.917 0.1000000015
109696  23.338  -88.973  13.687 0.1000000015
734  24.504  -88.059  13.029 0.1000000015
3354  6.562  -79.577  19.760 0.1000000015
3846  30.854  -79.088  14.840 0.2000000030
3905  30.124  -79.643  10.987 0.2000000030
5296  31.633  -76.939  21.194 0.1000000015
6169  16.364  -75.818  0.255 0.2000000030
103442  17.776  -73.093  1.461 0.2000000030
8676  18.623  -71.423  1.703 0.2000000030
123089  15.763  -76.467  1.435 0.2000000030
9354  21.527  -69.670  6.052 0.2000000030
275  11.724  -88.988  25.322 0.1000000015
5479  23.419  -76.590  7.431 0.2000000030
4953  19.700  -77.770  4.656 0.1000000015
4989  17.826  -77.791  1.720 0.2000000030
111081  19.902  -77.787  5.536 0.1000000015
5001  18.374  -78.366  0.937 0.2000000030
118596  14.438  -92.097  21.675 0.1000000015
493  21.572  -89.590  14.558 0.1000000015
94  16.076  -90.707  19.811 0.1000000015
89  14.368  -92.082  19.306 0.1000000015
18  17.068  -90.508  19.236 0.1000000015
22  19.071  -91.146  17.522 0.1000000015
197  15.106  -90.917  19.483 0.1000000015
196  15.944  -90.365  19.330 0.1000000015
327  19.103  -90.235  16.940 0.1000000015
320  18.561  -89.958  17.482 0.1000000015
474  19.632  -89.735  16.468 0.1000000015
723  23.040  -88.738  13.669 0.1000000015
961  22.812  -88.173  13.861 0.1000000015
117985  13.645  -91.348  22.595 0.1000000015
960  23.287  -87.100  13.965 0.1000000015
187  12.452  -91.088  21.036 0.1000000015
3783  30.209  -79.299  21.027 0.1000000015
4728  30.618  -77.977  21.231 0.1000000015
4757  30.502  -77.305  19.689 0.1000000015
5326  31.193  -76.376  20.048 0.1000000015
4299  30.715  -77.957  18.617 0.1000000015
5322  36.030  -76.486  19.006 0.1000000015
5900  36.284  -75.684  16.961 0.1000000015
5887  32.147  -75.118  18.548 0.1000000015
5905  31.679  -75.150  17.828 0.1000000015
5920  30.853  -75.680  16.287 0.2000000030
4801  30.338  -77.191  15.549 0.2000000030
4851  28.899  -77.141  11.864 0.2000000030
5917  34.761  -75.039  16.374 0.1000000015
4966  21.052  -78.333  3.118 0.1000000015
4936  20.817  -77.702  5.728 0.1000000015
5506  22.854  -76.154  5.731 0.1000000015
5526  21.561  -76.938  3.494 0.1000000015
6095  21.887  -76.348  4.255 0.1000000015
6069  23.773  -75.474  6.289 0.1000000015
6684  24.659  -74.495  5.562 0.1000000015
6067  25.487  -75.090  7.067 0.1000000015
5574  21.146  -77.109  0.364 0.1000000015
5021  21.382  -78.137  -1.642 0.2000000030
102440  19.634  -78.552  0.701 0.1000000015
6133  21.352  -76.262  2.735 0.1000000015
5034  19.065  -78.428  -2.020 0.2000000030
4529  20.933  -78.201  -2.335 0.2000000030
108876  22.049  -76.923  -2.507 0.2000000030
6131  23.163  -75.377  2.217 0.1000000015
6772  21.128  -74.464  -1.080 0.2000000030
5030  24.029  -77.004  -2.224 0.1000000015
6183  18.221  -76.325  -0.647 0.2000000030
3627  33.836  -79.675  32.948 0.1000000015
4104  33.037  -79.493  33.434 0.1000000015
120705  32.650  -78.607  32.829 0.1000000015
119865  30.983  -78.200  33.262 0.1000000015
4094  30.217  -78.974  34.704 0.1000000015
5185  30.180  -76.796  31.825 0.1000000015
3646  34.662  -79.390  31.693 0.1000000015
4116  34.346  -78.959  32.117 0.1000000015
105368  34.316  -79.835  29.432 0.1000000015
4117  33.480  -78.790  32.599 0.1000000015
107051  34.911  -78.558  31.422 0.1000000015
9404  22.380  -70.194  2.810 0.1000000015
8672  22.718  -71.465  1.545 0.1000000015
7113  10.333  -73.257  14.877 0.1000000015
6536  7.880  -74.849  14.803 0.1000000015
9403  24.515  -70.449  2.624 0.1000000015
9388  23.498  -70.373  3.070 0.1000000015
8661  23.053  -71.097  2.425 0.1000000015
8660  23.975  -71.075  2.351 0.1000000015
8671  23.631  -71.469  1.687 0.1000000015
9416  24.660  -70.931  1.059 0.1000000015
8690  23.411  -71.764  0.773 0.1000000015
8005  22.942  -72.308  0.184 0.1000000015
8017  23.191  -72.525  -0.668 0.1000000015
6796  22.823  -75.066  -2.195 0.1000000015
7783  10.621  -72.263  14.764 0.1000000015
10102  23.540  -69.568  3.664 0.1000000015
10101  25.071  -69.428  3.500 0.1000000015
10119  21.831  -69.124  2.861 0.1000000015
9405  21.513  -69.755  2.346 0.1000000015
9402  25.073  -70.313  2.073 0.1000000015
10131  20.776  -69.442  2.002 0.1000000015
9429  25.158  -70.458  0.237 0.1000000015
9430  24.508  -71.141  0.263 0.1000000015
8707  23.634  -71.998  -0.143 0.1000000015
8706  24.309  -71.501  -0.536 0.1000000015
8720  23.883  -72.182  -1.028 0.1000000015
104333  22.934  -73.559  -1.574 0.1000000015
8719  24.566  -71.800  -1.407 0.1000000015
115436  24.266  -72.557  -1.760 0.1000000015
7340  23.531  -73.640  -1.981 0.1000000015
5606  23.116  -76.632  -2.535 0.1000000015
9904  12.681  -70.033  18.189 0.1000000015
9212  12.752  -70.562  16.543 0.1000000015
7791  8.841  -72.337  14.488 0.1000000015
8469  12.331  -70.739  15.863 0.1000000015
7112  11.266  -73.070  15.147 0.1000000015
10103  22.057  -68.423  3.374 0.1000000015
9389  22.635  -69.489  3.450 0.1000000015
10120  21.080  -68.529  2.314 0.1000000015
10093  24.301  -69.121  4.066 0.1000000015
7339  24.120  -73.338  -2.134 0.1000000015
6795  23.604  -75.193  -2.503 0.1000000015
115222  25.138  -74.929  -2.795 0.1000000015
6794  24.532  -75.541  -2.702 0.1000000015
8492  8.420  -71.747  14.565 0.1000000015
117915  9.886  -71.453  14.829 0.1000000015
8479  10.994  -71.390  14.958 0.1000000015
10748  23.829  -68.186  4.396 0.1000000015
11485  22.663  -66.597  3.853 0.1000000015
10749  23.040  -67.698  4.197 0.1000000015
10762  22.331  -67.496  3.627 0.1000000015
10763  21.568  -67.172  2.861 0.1000000015
10782  20.341  -67.427  2.316 0.1000000015
10783  19.271  -67.441  2.384 0.1000000015
9227  10.401  -70.686  15.368 0.1000000015
8470  11.401  -70.730  15.487 0.1000000015
12252  24.183  -66.531  4.837 0.1000000015
12254  22.187  -65.679  3.646 0.1000000015
11519  20.712  -66.418  2.450 0.1000000015
12284  18.982  -66.224  2.876 0.1000000015
11502  21.273  -66.024  2.760 0.1000000015
13071  21.012  -65.375  3.278 0.1000000015
15213  14.297  -62.578  20.760 0.1000000015
15199  15.552  -62.973  21.490 0.1000000015
14433  14.141  -63.272  22.312 0.1000000015
14415  11.660  -63.376  23.057 0.1000000015
14416  10.683  -63.390  23.252 0.1000000015
114642  10.156  -63.172  22.170 0.1000000015
15215  12.538  -62.724  20.680 0.1000000015
14435  12.279  -63.309  22.116 0.1000000015
15212  15.206  -62.496  20.841 0.1000000015
15201  13.787  -63.051  21.394 0.1000000015
16025  16.145  -61.336  19.693 0.1000000015
109742  15.703  -61.865  20.322 0.1000000015
15203  11.993  -63.131  21.335 0.1000000015
123087  11.175  -63.110  21.398 0.1000000015
16905  16.465  -60.943  18.811 0.1000000015
16915  18.085  -60.384  17.510 0.1000000015
14417  9.050  -63.458  22.970 0.1000000015
14438  8.073  -63.396  21.876 0.1000000015
113896  7.599  -63.686  21.551 0.1000000015
15214  13.402  -62.647  20.715 0.1000000015
16008  13.855  -61.989  20.195 0.1000000015
16906  15.087  -60.908  18.828 0.1000000015
16007  14.779  -61.896  20.260 0.1000000015
16917  15.815  -60.712  18.178 0.1000000015
15205  9.704  -62.983  21.061 0.1000000015
14451  7.982  -63.275  20.879 0.1000000015
14452  7.330  -63.575  20.711 0.1000000015
14439  7.129  -64.198  21.377 0.1000000015
15228  10.995  -62.565  20.141 0.1000000015
15204  10.669  -62.943  20.892 0.1000000015
16026  14.337  -61.360  19.466 0.1000000015
16027  13.370  -61.575  19.533 0.1000000015
16009  12.974  -62.129  20.145 0.1000000015
120279  13.693  -61.166  18.913 0.1000000015
14453  6.693  -63.900  20.345 0.1000000015
113409  6.077  -64.323  19.992 0.1000000015
12823  5.869  -65.643  19.932 0.1000000015
118117  12.247  -62.310  20.127 0.1000000015
15218  9.376  -62.711  20.193 0.1000000015
16046  12.949  -61.197  18.775 0.1000000015
15206  8.768  -63.066  21.006 0.1000000015
16920  12.617  -60.720  17.861 0.1000000015
15220  6.913  -63.177  19.839 0.1000000015
14459  5.937  -63.398  19.644 0.1000000015
16010  11.607  -62.203  19.772 0.1000000015
16028  12.398  -61.713  19.457 0.1000000015
7782  11.403  -72.100  14.915 0.1000000015
4092  31.538  -79.586  34.215 0.1000000015
4105  32.176  -78.939  33.509 0.1000000015
4578  29.537  -78.123  33.851 0.1000000015
10121  20.098  -68.410  2.132 0.1000000015
12256  19.393  -66.203  3.516 0.1000000015
13072  20.295  -65.538  3.048 0.1000000015
4603  30.944  -77.298  32.183 0.1000000015
106574  29.915  -77.627  33.080 0.1000000015
123906  30.307  -77.304  32.503 0.1000000015
3448  30.073  -80.274  9.281 0.1000000015
3440  29.960  -79.594  9.990 0.1000000015
3934  30.226  -79.461  7.441 0.1000000015
3457  29.814  -80.060  8.566 0.1000000015
3918  29.436  -79.575  9.155 0.1000000015
3906  29.629  -78.932  10.560 0.1000000015
4431  31.761  -78.740  6.767 0.1000000015
4899  29.421  -77.829  8.076 0.1000000015
4392  28.757  -78.232  9.323 0.1000000015
4897  31.113  -77.951  6.993 0.1000000015
4416  29.679  -78.301  7.829 0.1000000015
4886  28.952  -77.607  8.668 0.1000000015
4381  28.720  -77.681  9.973 0.1000000015
5441  28.769  -76.984  10.259 0.1000000015
5430  29.020  -76.338  11.724 0.1000000015
5963  30.446  -76.128  13.596 0.1000000015
4898  30.191  -77.620  7.582 0.1000000015
5475  29.603  -77.110  8.176 0.1000000015
4874  28.705  -77.267  9.437 0.1000000015
5453  28.916  -76.404  9.717 0.1000000015
5440  29.020  -76.114  10.705 0.1000000015
6008  29.386  -75.604  11.423 0.1000000015
5990  29.516  -75.950  12.301 0.1000000015
109463  31.230  -75.680  15.006 0.1000000015
5962  30.939  -75.660  13.517 0.1000000015
6007  29.977  -75.266  11.849 0.1000000015
5989  30.323  -75.684  12.760 0.1000000015
5988  31.203  -75.292  12.741 0.1000000015
9618  11.595  -68.488  36.964 0.1000000015
11022  11.056  -67.406  37.540 0.1000000015
123546  11.273  -65.907  37.852 0.1000000015
13373  12.532  -65.027  37.780 0.1000000015
11031  10.462  -67.120  36.664 0.1000000015
11049  10.500  -67.540  36.013 0.1000000015
13372  13.593  -64.773  37.603 0.1000000015
12561  11.542  -65.332  37.441 0.1000000015
12573  11.139  -65.245  36.371 0.1000000015
11032  9.824  -67.075  36.087 0.1000000015
102694  9.678  -67.314  35.654 0.1000000015
13371  14.589  -64.689  37.430 0.1000000015
12572  12.077  -64.834  36.762 0.1000000015
13387  13.969  -64.503  36.720 0.1000000015
121443  10.918  -65.211  35.655 0.1000000015
13402  14.417  -64.573  35.830 0.1000000015
13388  12.634  -64.603  36.150 0.1000000015
123912  12.045  -64.494  35.297 0.1000000015
12587  15.064  -64.823  35.280 0.1000000015
13403  12.671  -64.417  35.497 0.1000000015
13422  13.421  -64.262  34.957 0.1000000015
13423  12.494  -64.211  34.800 0.1000000015
124047  10.465  -65.040  34.569 0.1000000015
13437  13.884  -64.284  34.098 0.1000000015
13438  13.080  -63.978  34.136 0.1000000015
104404  10.993  -64.489  34.280 0.1000000015
106858  11.305  -63.925  33.747 0.1000000015
14219  13.590  -63.702  33.463 0.1000000015
14221  11.888  -63.340  33.503 0.1000000015
14222  10.981  -63.517  33.268 0.1000000015
14236  12.540  -62.721  33.063 0.1000000015
12159  23.586  -66.816  11.164 0.1000000015
12158  24.810  -66.505  10.746 0.1000000015
14237  11.527  -62.761  32.999 0.1000000015
15030  13.111  -62.308  32.451 0.1000000015
11401  18.781  -67.743  9.790 0.1000000015
12929  22.505  -65.560  11.463 0.1000000015
12146  22.059  -66.372  11.508 0.1000000015
10651  21.272  -67.773  11.092 0.1000000015
11387  19.714  -66.792  10.922 0.1000000015
12927  24.357  -65.574  11.460 0.1000000015
107342  23.912  -66.179  11.420 0.1000000015
11385  22.730  -67.077  11.320 0.1000000015
11386  20.406  -67.313  11.082 0.1000000015
12926  25.169  -65.579  11.350 0.1000000015
12144  24.706  -66.155  11.271 0.1000000015
12143  25.426  -66.101  10.948 0.1000000015
12157  25.373  -66.364  10.254 0.1000000015
12172  24.800  -66.768  9.818 0.1000000015
11420  24.423  -67.130  8.990 0.1000000015
102683  19.123  -67.039  10.472 0.1000000015
12173  18.563  -66.729  10.096 0.1000000015
12148  20.469  -66.483  11.212 0.1000000015
12949  19.407  -65.507  10.777 0.1000000015
116834  21.220  -66.276  11.394 0.1000000015
12928  23.457  -65.549  11.460 0.1000000015
12924  26.284  -64.608  11.140 0.1000000015
13761  27.078  -64.686  9.612 0.1000000015
12925  25.910  -65.457  11.064 0.1000000015
12947  26.062  -65.944  10.133 0.1000000015
12170  26.311  -66.082  9.094 0.1000000015
106422  25.104  -66.646  8.733 0.1000000015
12185  24.464  -66.574  8.303 0.1000000015
12186  23.586  -66.773  8.242 0.1000000015
11422  23.011  -67.231  8.243 0.1000000015
12174  18.029  -66.261  9.723 0.1000000015
12948  20.080  -65.201  10.924 0.1000000015
12951  18.121  -65.493  10.098 0.1000000015
13735  22.020  -64.901  11.194 0.1000000015
12930  20.679  -65.703  11.213 0.1000000015
13752  18.445  -64.772  10.258 0.1000000015
103508  24.973  -63.578  11.234 0.1000000015
13733  24.001  -64.802  11.305 0.1000000015
13747  23.340  -64.171  10.780 0.1000000015
15328  26.782  -62.844  11.433 0.1000000015
14559  25.901  -63.367  11.429 0.1000000015
13732  24.841  -64.367  11.336 0.1000000015
14558  26.710  -63.706  11.249 0.1000000015
13746  26.991  -64.280  10.677 0.1000000015
14569  27.426  -63.422  10.770 0.1000000015
14580  27.466  -63.728  9.734 0.1000000015
106835  26.924  -64.927  8.774 0.1000000015
12184  25.795  -66.146  8.430 0.1000000015
119378  22.530  -68.878  7.376 0.1000000015
106716  21.012  -64.313  10.525 0.1000000015
14575  19.795  -63.969  10.236 0.1000000015
14576  18.873  -64.062  10.133 0.1000000015
14560  24.178  -63.916  10.911 0.1000000015
14571  23.558  -63.397  10.447 0.1000000015
14573  21.436  -63.846  10.218 0.1000000015
109692  26.910  -61.987  11.561 0.1000000015
15330  25.099  -62.690  11.155 0.1000000015
118648  23.735  -62.721  10.294 0.1000000015
16129  27.733  -61.607  11.483 0.1000000015
14557  27.323  -63.041  11.202 0.1000000015
14574  20.663  -63.890  10.194 0.1000000015
14581  22.060  -63.280  9.870 0.1000000015
15350  20.790  -62.857  9.214 0.1000000015
16131  25.265  -61.654  11.029 0.1000000015
15337  24.305  -62.124  10.527 0.1000000015
15339  23.000  -62.841  9.965 0.1000000015
15348  22.334  -62.461  9.516 0.1000000015
17021  28.509  -61.127  11.293 0.1000000015
15338  23.500  -62.105  10.003 0.1000000015
15351  19.922  -62.936  9.097 0.1000000015
16130  26.236  -61.593  11.408 0.1000000015
16154  22.551  -61.737  9.261 0.1000000015
15349  21.581  -62.715  9.370 0.1000000015
15359  21.215  -62.255  8.814 0.1000000015
17022  27.848  -60.902  11.609 0.1000000015
122773  22.923  -62.138  9.631 0.1000000015
17024  25.913  -60.863  11.147 0.1000000015
16139  24.511  -61.264  10.497 0.1000000015
16163  22.140  -61.328  8.767 0.1000000015
120679  21.553  -61.659  8.599 0.1000000015
109019  28.313  -60.406  11.553 0.1000000015
17910  26.411  -60.176  11.179 0.1000000015
17922  25.583  -60.088  10.710 0.1000000015
16140  23.849  -61.333  10.081 0.1000000015
17048  22.812  -60.973  9.062 0.1000000015
17937  23.775  -59.824  8.958 0.1000000015
17063  23.112  -60.225  8.681 0.1000000015
17906  29.580  -59.070  11.817 0.1000000015
17908  28.083  -59.755  11.629 0.1000000015
17909  27.407  -60.129  11.536 0.1000000015
103189  25.385  -59.364  10.322 0.1000000015
17936  24.232  -59.923  9.630 0.1000000015
17907  28.843  -59.724  11.598 0.1000000015
18809  29.453  -58.263  12.106 0.1000000015
107878  28.272  -59.200  11.623 0.1000000015
18812  27.512  -59.095  11.354 0.1000000015
18821  26.041  -58.943  10.458 0.1000000015
104611  24.277  -59.426  9.126 0.1000000015
18786  31.382  -58.192  12.125 0.1000000015
18788  30.198  -58.447  12.173 0.1000000015
17951  23.484  -59.614  8.178 0.1000000015
121207  7.939  -62.442  19.410 0.1000000015
113996  9.770  -62.261  19.472 0.1000000015
19749  29.246  -57.399  12.138 0.1000000015
18811  28.148  -58.502  11.431 0.1000000015
18819  27.460  -58.133  10.961 0.1000000015
17935  24.754  -59.197  9.683 0.1000000015
17966  23.922  -59.251  7.722 0.1000000015
103859  25.011  -58.487  9.255 0.1000000015
18850  25.044  -57.984  8.335 0.1000000015
17967  23.495  -59.531  7.232 0.1000000015
18006  23.391  -59.033  3.946 0.1000000015
104939  23.046  -58.774  3.857 0.1000000015
19761  27.523  -57.382  10.730 0.1000000015
18820  26.750  -58.552  10.709 0.1000000015
18833  26.060  -58.111  10.121 0.1000000015
108266  26.813  -57.553  10.377 0.1000000015
19771  26.158  -57.180  9.556 0.1000000015
18868  24.449  -58.685  7.712 0.1000000015
18881  24.337  -58.874  5.507 0.1000000015
17990  23.769  -59.156  4.612 0.1000000015
20687  28.034  -56.824  10.852 0.1000000015
20685  29.051  -56.513  11.991 0.1000000015
20699  27.327  -56.756  10.361 0.1000000015
117492  25.007  -58.008  7.215 0.1000000015
18867  25.416  -57.730  6.127 0.1000000015
18880  25.071  -58.276  5.125 0.1000000015
18908  22.308  -58.643  3.794 0.1000000015
19843  21.584  -58.272  3.922 0.1000000015
18907  23.928  -58.711  3.824 0.1000000015
19829  22.842  -57.650  4.343 0.1000000015
19842  23.252  -58.284  3.755 0.1000000015
19828  23.715  -57.486  3.869 0.1000000015
18879  25.341  -58.211  4.135 0.1000000015
19816  22.389  -57.085  5.676 0.1000000015
20805  23.206  -56.971  4.865 0.1000000015
21449  20.999  -54.804  24.725 0.1000000015
19805  21.881  -56.968  6.906 0.1000000015
20767  23.085  -56.074  6.481 0.1000000015
20768  22.487  -56.525  7.155 0.1000000015
21451  19.543  -54.720  24.131 0.1000000015
103942  24.214  -52.985  12.758 0.1000000015
21641  23.024  -55.923  7.803 0.1000000015
21628  23.009  -55.707  8.829 0.1000000015
112209  23.234  -54.707  6.959 0.1000000015
21627  23.295  -55.072  8.139 0.1000000015
105134  22.036  -53.692  10.115 0.1000000015
23357  21.298  -52.862  10.471 0.1000000015
110915  24.041  -52.181  12.790 0.1000000015
22510  22.674  -54.030  6.407 0.1000000015
23381  23.095  -53.706  8.419 0.1000000015
22494  23.219  -54.320  8.728 0.1000000015
22524  22.707  -53.865  5.540 0.1000000015
23407  22.067  -53.436  5.740 0.1000000015
22472  23.050  -53.674  9.068 0.1000000015
23368  22.672  -53.198  9.584 0.1000000015
24298  22.261  -52.559  10.215 0.1000000015
22509  23.207  -54.270  7.781 0.1000000015
23382  22.721  -53.256  7.974 0.1000000015
24353  22.220  -52.972  5.446 0.1000000015
24320  21.866  -52.949  7.298 0.1000000015
24307  22.550  -52.703  8.408 0.1000000015
124012  22.206  -51.730  10.163 0.1000000015
118645  21.638  -51.150  10.476 0.1000000015
25238  21.044  -51.637  7.304 0.1000000015
26151  21.451  -50.616  9.082 0.1000000015
25207  21.507  -50.483  10.161 0.1000000015
27073  20.549  -49.635  7.455 0.1000000015
26139  20.917  -49.939  9.330 0.1000000015
26131  20.904  -49.824  10.547 0.1000000015
11411  18.121  -67.163  9.258 0.1000000015
23300  25.054  -53.287  12.859 0.1000000015
111586  11.216  -67.944  37.886 0.1000000015
11048  11.762  -68.268  35.473 0.1000000015
11030  11.405  -67.996  36.516 0.1000000015
25208  20.982  -51.292  11.075 0.1000000015
11808  10.037  -66.566  36.221 0.1000000015
14583  20.307  -63.423  9.690 0.1000000015
17064  22.387  -60.601  8.399 0.1000000015
18869  24.101  -59.075  6.803 0.1000000015
113196  20.500  -49.482  8.587 0.1000000015
27051  20.416  -49.383  9.618 0.1000000015
26183  20.601  -50.087  6.828 0.1000000015
24285  21.567  -51.931  10.551 0.1000000015
4432  30.903  -79.026  7.053 0.1000000015
116789  29.451  -79.332  8.544 0.1000000015
113910  28.967  -79.014  9.011 0.1000000015
11802  10.766  -66.393  37.136 0.1000000015
12562  10.948  -65.725  37.120 0.1000000015
113378  21.564  -65.572  11.382 0.1000000015
12950  18.769  -65.452  10.514 0.1000000015
13751  19.352  -64.749  10.575 0.1000000015
13749  21.663  -64.368  10.663 0.1000000015
13748  22.464  -64.324  10.737 0.1000000015
15329  26.031  -62.374  11.433 0.1000000015
17047  23.580  -60.603  9.486 0.1000000015
17033  24.275  -60.593  10.134 0.1000000015
17921  26.675  -59.412  11.005 0.1000000015
17923  24.796  -59.942  10.246 0.1000000015
18851  24.564  -58.837  8.799 0.1000000015
105970  31.291  -57.156  12.535 0.1000000015
19751  28.095  -57.659  11.159 0.1000000015
119869  24.237  -58.929  3.948 0.1000000015
20788  22.854  -56.550  5.919 0.1000000015
21640  23.256  -55.391  6.800 0.1000000015
22523  23.203  -54.630  5.792 0.1000000015
22293  21.362  -54.115  24.533 0.1000000015
23395  22.125  -53.491  6.783 0.1000000015
24336  21.694  -52.791  5.824 0.1000000015
24297  22.511  -52.200  9.404 0.1000000015
24308  21.876  -52.208  7.963 0.1000000015
106609  21.395  -52.419  6.694 0.1000000015
25224  21.796  -51.384  8.664 0.1000000015
25217  22.104  -51.187  9.809 0.1000000015
112355  21.137  -50.460  10.997 0.1000000015
25239  20.636  -50.971  6.800 0.1000000015
26152  20.710  -50.143  8.136 0.1000000015
26167  20.874  -50.862  7.754 0.1000000015
2  19.050  -92.070  18.637 0.3000000119
3  18.232  -92.123  19.393 0.2000000030
4  17.772  -91.694  19.779 0.2000000030
5  17.311  -91.079  19.792 0.1000000015
8  19.472  -91.685  18.238 0.2000000030
12  17.237  -90.675  19.460 0.1000000015
13  20.140  -91.465  17.938 0.2000000030
14  19.350  -90.995  18.191 0.2000000030
16  18.892  -90.614  18.167 0.1000000015
17  18.118  -90.536  18.866 0.1000000015
19  19.989  -90.975  17.924 0.2000000030
20  19.172  -90.519  17.813 0.1000000015
21  19.067  -90.766  17.664 0.1000000015
47  17.117  -91.729  24.232 0.8000000119
49  15.349  -91.552  23.962 0.4000000060
56  14.498  -91.331  23.693 0.1000000015
58  20.825  -91.316  21.627 0.6999999881
60  19.227  -91.920  22.216 0.5000000000
62  17.703  -92.140  22.596 0.5000000000
63  17.049  -92.155  22.228 0.5000000000
64  15.730  -92.026  22.658 0.2000000030
71  17.612  -92.199  22.006 0.5000000000
73  15.434  -92.090  20.740 0.1000000015
74  14.597  -92.158  20.808 0.1000000015
77  18.969  -92.171  20.766 0.4000000060
78  18.327  -92.256  20.751 0.4000000060
83  14.000  -92.132  19.944 0.1000000015
86  19.513  -92.256  19.456 0.4000000060
87  18.380  -92.381  19.977 0.2000000030
88  15.083  -91.736  19.552 0.1000000015
91  21.235  -91.762  18.089 0.4000000060
93  19.775  -92.219  18.571 0.3000000119
97  20.566  -91.662  17.645 0.2000000030
98  18.601  -90.656  18.077 0.1000000015
99  18.042  -90.252  18.433 0.1000000015
101  19.780  -90.426  17.271 0.1000000015
102  19.221  -90.258  17.345 0.1000000015
103  19.062  -90.595  17.664 0.1000000015
104  20.130  -90.524  17.017 0.1000000015
120  24.048  -91.587  8.249 0.1000000015
139  22.943  -91.008  7.331 0.1000000015
147  15.562  -92.096  6.889 0.1000000015
152  16.359  -91.838  6.366 0.1000000015
154  15.603  -90.895  26.259 0.5000000000
155  14.665  -90.719  25.879 0.4000000060
156  13.867  -90.413  25.602 0.2000000030
172  21.499  -90.227  22.695 0.8000000119
173  20.987  -90.666  22.232 0.6999999881
182  12.403  -90.742  21.900 0.1000000015
184  21.839  -90.636  21.064 0.6000000238
188  11.998  -90.560  21.323 0.1000000015
191  13.396  -91.473  19.885 0.1000000015
195  21.719  -91.306  18.818 0.4000000060
198  14.458  -91.594  19.024 0.1000000015
200  13.228  -91.083  19.670 0.1000000015
202  17.631  -90.153  18.206 0.1000000015
203  16.889  -90.302  18.797 0.1000000015
204  16.163  -90.481  19.448 0.1000000015
205  21.438  -90.790  17.497 0.3000000119
206  18.508  -90.119  17.592 0.1000000015
207  18.323  -90.368  17.933 0.1000000015
208  17.870  -90.256  18.324 0.1000000015
212  20.629  -90.675  16.826 0.2000000030
213  19.058  -90.317  17.231 0.1000000015
217  19.594  -90.343  16.683 0.1000000015
224  25.802  -91.223  8.309 0.1000000015
225  25.651  -91.484  9.224 0.1000000015
226  25.263  -91.576  9.389 0.1000000015
229  13.711  -91.469  8.787 0.2000000030
230  25.728  -91.233  8.249 0.1000000015
239  25.815  -91.135  7.904 0.1000000015
240  24.626  -91.454  7.881 0.1000000015
243  13.550  -91.093  7.470 0.4000000060
245  24.379  -90.898  6.954 0.1000000015
246  23.530  -90.680  6.771 0.1000000015
248  21.290  -90.704  7.108 0.1000000015
253  22.108  -90.236  6.583 0.1000000015
255  20.188  -90.051  6.275 0.1000000015
258  16.886  -91.104  5.944 0.2000000030
262  17.838  -90.152  5.650 0.2000000030
265  15.073  -88.953  27.693 0.6000000238
266  16.143  -88.966  27.147 0.8000000119
271  16.759  -90.115  27.041 0.6999999881
277  17.581  -90.458  25.678 0.8999999762
278  17.219  -90.755  26.268 0.6999999881
279  13.080  -90.072  25.444 0.1000000015
280  12.431  -89.445  25.297 0.1000000015
284  20.924  -89.874  24.309 0.8999999762
285  18.081  -90.877  24.948 0.8999999762
286  11.922  -89.464  24.548 0.1000000015
293  11.291  -90.036  23.035 0.1000000015
295  22.319  -89.916  22.126 0.8000000119
296  20.268  -89.971  21.410 0.8999999762
297  19.934  -90.616  21.811 0.6999999881
298  18.557  -90.287  21.981 0.8999999762
301  22.034  -90.211  21.385 0.6000000238
303  11.783  -90.137  21.292 0.1000000015
307  19.339  -90.032  21.001 0.8999999762
310  12.511  -90.544  20.385 0.1000000015
311  15.839  -89.888  19.204 0.1000000015
312  13.812  -91.174  19.166 0.1000000015
314  17.989  -89.685  17.957 0.1000000015
317  22.446  -89.927  16.771 0.2000000030
319  19.091  -89.967  16.890 0.1000000015
326  19.370  -90.363  16.793 0.1000000015
331  20.528  -90.150  15.755 0.1000000015
333  11.792  -90.380  15.939 0.1000000015
346  14.160  -89.997  9.716 0.4000000060
347  13.701  -90.587  9.616 0.2000000030
348  26.206  -91.122  8.536 0.1000000015
349  26.074  -91.236  9.084 0.1000000015
350  25.671  -91.094  9.412 0.1000000015
351  24.184  -91.309  8.759 0.1000000015
357  25.555  -91.097  7.820 0.1000000015
358  26.233  -90.718  7.820 0.1000000015
361  28.649  -89.268  6.103 0.8000000119
362  27.987  -89.268  5.691 0.8000000119
363  24.727  -90.627  7.014 0.1000000015
367  27.383  -89.133  5.201 0.8000000119
369  25.953  -89.165  4.480 0.8999999762
370  25.553  -89.086  4.531 1.0000000000
371  22.401  -90.037  6.412 0.1000000015
374  14.606  -90.492  5.379 0.3000000119
376  13.053  -89.852  5.665 0.5000000000
378  27.240  -89.197  4.858 0.8000000119
380  19.580  -89.645  5.836 0.1000000015
385  14.561  -90.131  4.589 0.5000000000
388  15.308  -89.992  4.008 0.4000000060
391  14.542  -87.506  28.036 0.6999999881
392  14.040  -87.509  27.939 0.6999999881
393  15.501  -87.700  27.866 0.6999999881
398  13.592  -88.789  27.877 0.5000000000
400  11.882  -88.062  26.878 0.3000000119
407  24.755  -88.319  26.507 0.8999999762
409  21.972  -89.607  25.826 0.8999999762
411  20.822  -90.068  25.097 0.8999999762
415  24.515  -89.090  24.438 0.8000000119
426  10.844  -89.164  23.177 0.1000000015
428  26.155  -88.999  22.432 0.8000000119
429  25.267  -89.046  22.240 0.6999999881
433  18.413  -89.613  21.504 0.8999999762
435  11.097  -89.653  22.563 0.1000000015
438  24.316  -88.821  21.707 0.6000000238
440  19.846  -89.908  20.895 0.8999999762
441  18.087  -89.094  21.763 0.8999999762
442  14.015  -89.415  20.789 0.1000000015
446  11.446  -89.420  22.169 0.1000000015
451  20.137  -89.417  20.728 0.8999999762
455  12.748  -89.959  20.356 0.1000000015
459  23.189  -88.984  18.170 0.5000000000
465  19.281  -89.222  17.162 0.1000000015
472  24.895  -89.330  16.183 0.3000000119
477  26.438  -89.286  15.909 0.4000000060
479  23.732  -89.460  15.270 0.2000000030
482  20.062  -90.158  15.933 0.1000000015
496  26.928  -88.826  13.845 0.1000000015
497  26.219  -88.871  13.831 0.1000000015
499  23.486  -89.368  13.942 0.2000000030
516  15.746  -89.268  9.717 0.6999999881
519  30.926  -88.691  7.914 0.6000000238
520  30.827  -88.712  7.975 0.6999999881
522  25.339  -90.338  8.724 0.1000000015
528  13.927  -89.666  8.748 0.3000000119
541  27.522  -88.868  5.654 0.8999999762
543  23.636  -89.869  6.431 0.1000000015
544  22.586  -89.719  6.198 0.2000000030
547  12.753  -88.982  5.592 0.6000000238
549  29.967  -89.391  6.062 0.8000000119
550  29.079  -89.427  5.802 0.8000000119
551  28.664  -89.400  5.147 0.8000000119
555  20.106  -89.656  5.650 0.1000000015
557  18.569  -88.855  5.252 0.3000000119
561  26.807  -89.208  4.366 0.8000000119
562  25.958  -89.345  4.252 0.8999999762
563  25.175  -89.387  4.158 0.8999999762
566  16.574  -89.599  4.122 0.2000000030
567  13.738  -89.605  4.389 0.5000000000
569  12.700  -88.857  4.749 0.6000000238
571  27.224  -89.125  3.951 0.8000000119
574  23.195  -89.318  2.786 1.0000000000
578  13.890  -89.123  3.584 0.5000000000
580  25.054  -89.189  2.927 1.0000000000
585  14.417  -88.889  2.846 0.4000000060
586  18.048  -89.739  -1.256 1.0000000000
587  17.824  -89.901  -0.629 1.0000000000
588  18.328  -89.599  -0.804 1.0000000000
590  16.890  -89.023  -1.167 0.6999999881
591  16.420  -88.816  -1.016 0.6999999881
593  15.350  -87.224  28.429 0.6999999881
597  12.562  -86.785  28.246 0.4000000060
599  13.487  -87.167  28.049 0.6999999881
600  12.413  -87.118  27.933 0.4000000060
601  11.772  -87.200  27.459 0.3000000119
603  27.500  -87.041  26.643 0.8000000119
604  26.123  -87.210  27.082 0.8000000119
606  23.595  -87.756  26.730 1.0000000000
607  22.556  -88.195  26.692 0.8999999762
610  27.607  -87.751  25.923 0.8000000119
613  20.867  -89.013  26.031 0.8999999762
614  20.759  -89.577  25.351 0.8999999762
615  16.551  -88.777  26.379 0.8000000119
616  10.964  -88.638  24.819 0.3000000119
620  20.792  -88.038  24.360 0.8999999762
625  28.559  -88.100  23.674 1.0000000000
630  10.779  -88.690  23.661 0.2000000030
633  27.761  -88.403  22.967 0.8999999762
636  20.716  -88.669  22.493 0.8999999762
640  29.474  -87.608  21.779 1.0000000000
647  18.437  -88.998  20.995 0.8999999762
657  26.049  -88.690  20.212 0.6999999881
659  24.024  -88.434  20.357 0.6000000238
660  21.048  -87.775  20.582 0.8999999762
661  20.475  -88.478  20.634 0.8999999762
662  19.772  -88.895  20.371 0.8999999762
663  19.019  -88.989  20.433 0.8999999762
670  23.672  -88.533  19.715 0.5000000000
685  24.362  -88.492  17.255 0.5000000000
689  18.865  -88.809  17.630 0.1000000015
692  26.107  -88.869  16.430 0.5000000000
700  28.186  -88.193  15.119 0.6000000238
701  28.224  -89.034  15.661 0.6000000238
704  20.719  -89.037  15.333 0.1000000015
711  27.931  -88.355  14.807 0.4000000060
713  21.780  -89.325  14.316 0.1000000015
715  14.232  -89.674  14.501 0.6000000238
716  12.411  -88.790  14.738 0.3000000119
730  11.742  -87.873  14.032 0.3000000119
732  26.373  -88.232  12.744 0.2000000030
742  11.554  -87.445  12.087 0.8000000119
749  11.741  -87.574  11.767 0.6000000238
768  15.627  -88.648  8.119 0.6999999881
770  31.036  -88.059  7.302 0.6000000238
772  29.916  -88.533  7.392 0.6000000238
774  25.527  -88.964  7.925 0.1000000015
775  24.845  -88.846  7.306 0.1000000015
776  15.399  -88.348  7.353 0.8000000119
779  31.392  -87.115  6.421 0.5000000000
781  31.428  -88.105  6.492 0.6000000238
782  28.695  -88.752  6.467 0.8000000119
783  28.038  -88.502  6.229 0.8000000119
785  24.351  -89.591  6.797 0.1000000015
789  15.007  -88.184  6.581 0.6999999881
794  30.511  -89.037  5.409 0.6999999881
797  25.122  -88.583  4.755 0.8000000119
800  18.967  -88.241  5.366 0.2000000030
802  13.360  -88.405  5.573 0.6000000238
804  12.687  -88.675  5.151 0.5000000000
809  23.503  -88.890  4.036 0.8000000119
812  30.975  -87.580  3.821 0.6000000238
815  28.542  -88.561  4.008 0.8000000119
817  26.843  -88.839  3.417 0.8999999762
822  17.317  -88.203  3.408 0.2000000030
824  13.405  -88.435  3.684 0.6000000238
825  12.969  -88.553  4.303 0.6999999881
831  20.250  -89.226  2.274 0.5000000000
832  18.819  -89.198  1.956 0.6000000238
836  23.019  -89.042  1.966 0.8999999762
838  18.098  -88.387  1.730 0.4000000060
839  17.425  -88.375  1.695 0.3000000119
840  17.673  -89.462  -0.015 0.4000000060
842  18.690  -87.544  -1.283 1.0000000000
843  18.268  -89.374  -1.188 1.0000000000
844  16.122  -88.097  -0.592 0.8999999762
847  16.966  -88.006  -1.298 0.8000000119
848  16.340  -88.455  -1.025 0.8000000119
849  15.799  -86.972  28.654 0.8000000119
851  14.416  -86.611  28.448 0.6999999881
852  13.670  -86.504  28.252 0.6999999881
853  13.023  -86.581  28.292 0.5000000000
854  12.070  -86.843  28.062 0.3000000119
855  11.505  -86.933  27.622 0.3000000119
856  17.306  -87.195  28.301 0.8999999762
858  11.240  -87.145  27.187 0.2000000030
860  26.222  -86.784  26.915 0.8000000119
862  23.035  -87.793  26.811 1.0000000000
865  17.258  -87.315  26.843 0.8999999762
869  26.641  -86.667  26.319 0.8999999762
876  29.078  -87.491  24.283 0.8999999762
879  17.364  -87.338  25.116 0.8999999762
881  10.816  -88.427  24.337 0.2000000030
882  29.654  -87.227  23.793 0.8999999762
886  29.870  -86.951  22.308 0.8999999762
888  21.101  -87.002  22.997 1.0000000000
896  21.451  -87.289  20.947 1.0000000000
906  30.180  -86.908  20.623 0.8999999762
907  29.809  -87.320  20.459 1.0000000000
910  20.043  -88.132  20.231 0.8999999762
919  20.860  -87.114  19.801 1.0000000000
920  20.364  -87.342  20.084 0.8999999762
926  26.750  -87.752  18.342 0.8999999762
933  10.915  -87.320  18.777 0.1000000015
935  26.851  -87.556  17.036 0.6999999881
936  26.570  -88.004  16.736 0.5000000000
938  19.701  -87.327  17.439 0.1000000015
945  20.692  -87.474  16.509 0.1000000015
953  21.675  -87.647  15.411 0.1000000015
965  28.260  -87.559  13.634 0.5000000000
967  15.963  -87.502  13.228 0.6999999881
977  14.281  -87.229  12.844 0.8999999762
979  12.348  -87.794  11.900 0.6000000238
981  26.316  -87.512  12.412 0.1000000015
986  17.747  -86.989  11.010 0.8000000119
991  11.244  -87.155  11.595 0.6999999881
996  17.920  -86.941  10.297 0.8999999762
1001  30.901  -87.507  9.742 0.5000000000
1011  16.739  -87.859  9.219 0.8999999762
1014  11.389  -87.206  9.277 0.8999999762
1017  30.786  -87.497  8.997 0.5000000000
1025  11.532  -86.884  8.859 0.8000000119
1027  31.124  -87.275  7.471 0.4000000060
1028  30.609  -87.692  8.276 0.5000000000
1038  12.781  -87.215  6.645 0.8999999762
1055  24.603  -87.830  4.785 0.8000000119
1060  13.652  -87.833  4.991 0.6999999881
1061  12.948  -88.267  5.049 0.6000000238
1062  32.163  -86.816  5.260 0.5000000000
1066  18.426  -87.532  4.157 0.3000000119
1069  13.266  -87.974  4.283 0.6999999881
1078  21.543  -88.675  3.099 0.6000000238
1104  19.817  -87.585  0.473 0.6999999881
1110  18.393  -89.061  -0.480 0.6000000238
1111  16.310  -87.098  -0.906 0.8999999762
1120  15.438  -86.628  28.746 0.8000000119
1121  14.731  -86.437  28.737 0.6999999881
1124  18.407  -86.317  28.747 1.0000000000
1125  17.692  -86.749  28.721 0.8999999762
1126  16.747  -87.005  28.659 0.8000000119
1127  14.125  -86.150  28.624 0.8000000119
1129  12.522  -86.530  28.214 0.4000000060
1132  12.063  -86.145  27.504 0.4000000060
1134  10.997  -87.004  27.209 0.3000000119
1135  27.077  -86.676  26.810 0.8000000119
1136  18.727  -86.309  27.509 0.8999999762
1141  27.818  -86.656  26.508 0.8000000119
1143  18.359  -86.229  25.327 0.8999999762
1146  28.975  -87.151  24.837 0.6999999881
1155  29.778  -87.107  23.766 0.8000000119
1161  22.704  -85.763  24.503 0.8000000119
1163  21.110  -85.832  24.506 0.8999999762
1171  26.696  -86.502  22.457 0.8000000119
1173  21.325  -86.706  22.115 1.0000000000
1179  29.798  -86.665  22.014 0.8999999762
1183  19.456  -86.238  21.052 0.8999999762
1188  11.750  -86.171  20.837 0.1000000015
1189  11.367  -86.728  21.174 0.1000000015
1198  31.205  -86.336  19.370 0.8000000119
1199  21.200  -86.643  19.745 1.0000000000
1205  30.949  -86.702  18.855 0.8999999762
1216  28.313  -86.662  17.517 0.8000000119
1224  27.587  -86.214  16.193 0.8000000119
1226  21.661  -86.350  16.228 0.1000000015
1239  28.271  -87.165  14.299 0.5000000000
1251  14.909  -86.688  13.146 0.8999999762
1254  27.693  -87.385  12.749 0.5000000000
1261  15.561  -86.159  12.848 0.8999999762
1262  14.553  -86.440  12.405 0.8999999762
1264  10.471  -86.069  12.517 0.4000000060
1266  30.383  -86.772  11.324 0.6000000238
1275  17.593  -86.606  11.607 0.8999999762
1277  10.937  -86.685  11.196 0.6000000238
1278  30.798  -87.240  10.903 0.5000000000
1296  18.252  -86.541  9.793 0.8999999762
1299  11.358  -86.831  9.169 0.8000000119
1300  11.150  -86.260  9.532 0.6999999881
1302  28.828  -86.806  8.459 0.5000000000
1307  16.810  -87.012  7.782 0.8999999762
1309  11.619  -86.427  8.651 0.6999999881
1315  13.159  -87.036  7.271 0.8999999762
1319  27.154  -86.259  6.094 0.8000000119
1321  22.354  -86.701  6.645 0.3000000119
1325  12.452  -86.844  6.060 0.8999999762
1327  32.253  -86.190  5.468 0.5000000000
1337  11.958  -86.615  5.530 0.8999999762
1346  13.323  -86.577  4.298 0.8000000119
1351  31.771  -86.789  3.007 0.6000000238
1354  26.462  -87.038  2.804 0.8000000119
1358  20.447  -86.660  3.576 0.4000000060
1360  14.913  -86.279  2.688 0.6999999881
1365  31.315  -86.324  2.227 0.5000000000
1367  29.411  -86.266  3.196 0.5000000000
1378  15.019  -86.628  1.165 0.6999999881
1380  19.616  -86.710  -0.225 1.0000000000
1382  15.689  -86.753  0.367 0.8000000119
1387  18.913  -86.881  -1.495 0.8999999762
1395  19.097  -85.834  28.778 1.0000000000
1397  15.948  -85.281  28.508 0.8000000119
1399  13.873  -85.596  27.990 0.4000000060
1401  19.651  -85.205  28.561 1.0000000000
1403  15.461  -84.459  27.526 1.0000000000
1409  19.253  -85.450  26.929 0.8999999762
1410  13.748  -83.883  26.406 0.6000000238
1412  11.757  -84.859  26.301 0.3000000119
1427  9.889  -85.258  23.114 0.2000000030
1440  26.787  -85.743  21.259 0.8000000119
1443  21.946  -85.096  20.571 0.8999999762
1452  29.564  -85.650  20.733 0.8999999762
1463  31.439  -86.051  19.354 0.6999999881
1464  31.000  -85.827  19.812 0.8000000119
1469  21.125  -85.850  19.598 1.0000000000
1482  31.574  -86.237  17.990 0.8000000119
1492  33.913  -85.227  17.743 0.6999999881
1498  27.635  -85.379  15.760 0.8000000119
1534  16.910  -85.822  12.249 0.8999999762
1536  15.324  -85.602  12.373 1.0000000000
1541  32.731  -86.180  11.647 0.5000000000
1550  18.913  -85.034  11.202 0.8000000119
1552  17.526  -85.960  11.792 0.8000000119
1570  28.514  -85.674  9.464 0.6000000238
1581  18.306  -85.393  8.670 0.8999999762
1583  14.165  -85.424  9.004 1.0000000000
1586  31.408  -85.884  7.156 0.5000000000
1593  16.959  -85.580  7.170 0.8000000119
1598  31.628  -85.291  6.581 0.4000000060
1612  32.162  -85.037  5.740 0.4000000060
1614  25.452  -85.365  5.507 0.6999999881
1616  22.413  -85.154  5.295 0.3000000119
1620  16.746  -85.592  5.752 0.6999999881
1627  28.279  -84.856  4.416 0.5000000000
1630  22.390  -85.341  4.726 0.3000000119
1632  16.515  -85.559  4.381 0.8000000119
1634  11.656  -85.960  4.187 0.8999999762
1636  33.817  -85.766  3.184 0.3000000119
1637  30.384  -84.912  2.709 0.4000000060
1641  25.584  -85.205  3.320 0.6999999881
1645  15.690  -85.825  3.137 0.6999999881
1646  12.615  -85.838  3.256 1.0000000000
1647  11.955  -85.539  3.390 1.0000000000
1653  29.538  -85.914  2.891 0.5000000000
1659  12.919  -85.506  2.919 0.8000000119
1662  31.814  -85.071  1.154 0.4000000060
1663  31.229  -85.353  1.561 0.3000000119
1671  17.026  -85.284  -0.091 0.8000000119
1676  21.160  -85.451  -0.312 0.8999999762
1679  18.074  -85.861  -1.179 0.8999999762
1682  20.866  -85.299  -2.088 0.8000000119
1685  22.142  -85.009  -1.966 0.6999999881
1690  19.090  -84.632  30.129 1.0000000000
1691  18.487  -85.175  30.057 1.0000000000
1692  27.899  -84.125  28.778 0.4000000060
1696  19.223  -85.291  29.450 1.0000000000
1698  16.135  -84.446  28.277 1.0000000000
1702  26.288  -84.264  27.877 0.5000000000
1705  14.583  -84.146  26.815 0.8000000119
1710  25.157  -84.087  26.931 0.6999999881
1711  24.430  -84.121  26.335 0.6999999881
1713  15.147  -83.644  27.372 1.0000000000
1717  27.793  -84.383  26.313 0.4000000060
1718  26.917  -84.315  25.683 0.6999999881
1721  23.873  -84.203  25.730 0.6999999881
1722  23.543  -84.114  25.007 0.8000000119
1723  19.612  -84.226  25.414 0.8999999762
1725  10.486  -84.647  25.618 0.2000000030
1749  25.495  -84.352  21.903 0.6999999881
1750  24.833  -84.824  22.772 0.6999999881
1752  19.022  -84.069  21.942 1.0000000000
1759  21.503  -84.373  22.214 0.8999999762
1767  22.407  -84.529  20.084 0.8999999762
1774  10.086  -84.645  20.476 0.1000000015
1777  27.303  -83.847  19.404 0.6000000238
1779  22.191  -84.586  19.717 0.8999999762
1780  21.703  -84.572  19.493 1.0000000000
1784  10.110  -84.290  19.917 0.1000000015
1790  28.310  -83.683  18.708 0.5000000000
1793  37.810  -83.922  16.733 0.4000000060
1795  34.823  -84.961  17.614 0.4000000060
1802  37.868  -84.013  16.296 0.4000000060
1838  26.294  -84.098  13.644 0.6000000238
1846  35.858  -84.247  11.776 0.3000000119
1868  19.172  -84.271  11.426 0.8000000119
1872  15.340  -84.616  11.447 1.0000000000
1881  19.542  -84.644  10.607 0.8999999762
1905  30.569  -84.368  7.526 0.3000000119
1907  27.049  -83.989  6.861 0.6999999881
1911  18.245  -84.305  7.641 0.8000000119
1913  13.724  -84.245  7.412 0.6999999881
1914  10.728  -84.167  7.850 0.8000000119
1919  27.317  -84.796  6.689 0.6999999881
1929  32.777  -84.185  5.464 0.4000000060
1932  23.861  -84.528  5.735 0.3000000119
1943  29.448  -83.908  4.360 0.3000000119
1945  27.428  -84.336  4.368 0.5000000000
1953  35.743  -84.649  3.192 0.2000000030
1956  30.668  -84.073  3.630 0.2000000030
1959  25.672  -84.476  3.130 0.6999999881
1961  13.837  -84.598  3.744 0.6999999881
1967  34.293  -85.088  1.961 0.2000000030
1974  12.663  -84.771  2.623 0.6999999881
1975  12.015  -84.745  2.847 1.0000000000
1976  35.226  -84.081  1.521 0.3000000119
1980  25.880  -84.347  1.032 0.5000000000
1984  22.879  -84.862  1.232 0.8999999762
1987  27.062  -84.812  -0.776 0.2000000030
1988  26.500  -84.768  0.021 0.3000000119
1993  18.217  -84.181  -0.156 0.8000000119
1998  23.597  -85.180  -1.061 0.3000000119
1999  22.705  -85.089  -0.480 0.6999999881
2002  27.370  -84.571  -1.309 0.2000000030
2005  24.902  -85.072  -1.689 0.3000000119
2010  19.151  -85.169  -1.518 0.8000000119
2011  25.324  -84.401  -2.069 0.3000000119
2014  22.435  -84.276  -2.105 0.6000000238
2016  16.019  -82.901  31.512 1.0000000000
2026  15.153  -83.546  31.234 1.0000000000
2028  13.235  -83.589  30.986 1.0000000000
2029  12.287  -83.539  30.855 1.0000000000
2033  29.048  -83.117  29.502 0.4000000060
2035  27.449  -84.143  28.855 0.4000000060
2038  15.762  -84.001  30.575 1.0000000000
2047  28.236  -83.616  29.228 0.4000000060
2049  19.889  -83.699  28.763 1.0000000000
2051  15.050  -83.442  28.416 1.0000000000
2052  14.230  -83.275  27.971 0.8999999762
2053  13.350  -83.456  27.763 0.8000000119
2057  29.941  -83.210  28.501 0.3000000119
2065  13.043  -83.535  26.871 0.6000000238
2069  30.667  -83.141  26.657 0.3000000119
2072  28.397  -84.343  26.746 0.4000000060
2085  19.971  -83.578  25.208 0.8000000119
2092  29.393  -83.473  24.340 0.4000000060
2103  30.132  -83.131  23.766 0.4000000060
2115  8.459  -83.401  22.957 0.3000000119
2116  27.100  -83.105  22.864 0.6000000238
2117  26.324  -83.344  22.286 0.6000000238
2120  21.726  -83.876  22.100 0.8000000119
2121  19.039  -83.530  22.467 1.0000000000
2125  8.958  -83.934  22.358 0.2000000030
2129  25.869  -83.911  21.284 0.6999999881
2136  9.230  -83.773  21.517 0.2000000030
2138  25.914  -84.250  20.892 0.6999999881
2139  23.269  -82.999  19.905 0.8999999762
2140  22.829  -83.772  20.186 0.8999999762
2141  20.594  -83.508  19.861 0.8999999762
2145  11.103  -83.280  19.950 0.1000000015
2146  10.782  -84.206  19.840 0.1000000015
2148  9.091  -83.106  21.134 0.2000000030
2149  27.567  -83.173  18.891 0.6000000238
2156  10.280  -83.677  19.792 0.1000000015
2167  32.665  -83.448  17.916 0.4000000060
2178  37.907  -83.875  16.399 0.4000000060
2186  37.880  -83.768  16.388 0.4000000060
2187  37.902  -84.039  15.761 0.4000000060
2188  37.323  -83.995  15.262 0.4000000060
2193  29.273  -83.417  15.260 0.8999999762
2204  28.667  -83.051  14.778 0.8999999762
2206  26.571  -83.236  13.955 0.6000000238
2222  25.773  -82.639  13.009 0.6000000238
2227  9.475  -83.984  13.104 0.3000000119
2229  35.844  -83.739  11.934 0.3000000119
2240  35.781  -83.794  11.391 0.3000000119
2245  19.813  -83.234  11.463 0.8000000119
2251  35.270  -83.739  10.867 0.3000000119
2254  28.107  -83.512  10.771 0.8000000119
2260  15.043  -84.199  10.108 0.8999999762
2261  10.065  -83.355  10.557 0.3000000119
2266  14.987  -83.294  9.049 0.8000000119
2273  24.723  -83.426  7.930 0.5000000000
2287  13.704  -83.541  7.575 0.6999999881
2294  25.657  -83.526  6.561 0.6000000238
2298  17.980  -83.794  6.239 0.8000000119
2299  13.852  -82.961  7.091 0.6999999881
2303  39.195  -82.231  4.880 0.1000000015
2305  37.795  -82.951  5.098 0.1000000015
2307  35.686  -82.770  5.437 0.1000000015
2312  17.798  -83.981  5.691 0.8000000119
2315  39.815  -82.269  4.349 0.1000000015
2322  28.861  -83.248  4.328 0.4000000060
2323  28.123  -83.395  4.335 0.4000000060
2324  27.455  -83.582  4.254 0.4000000060
2331  39.067  -82.487  3.909 0.1000000015
2333  37.784  -83.520  3.815 0.1000000015
2336  30.468  -83.188  4.066 0.3000000119
2344  10.822  -83.104  3.805 0.8000000119
2345  38.176  -82.927  3.066 0.1000000015
2348  36.041  -83.979  1.788 0.2000000030
2354  25.940  -84.119  2.712 0.5000000000
2359  11.732  -83.116  2.339 0.8000000119
2360  37.081  -83.143  1.977 0.1000000015
2365  32.846  -84.270  1.373 0.3000000119
2367  26.389  -83.977  1.904 0.3000000119
2375  27.182  -83.908  1.338 0.4000000060
2377  20.058  -82.994  -0.056 0.6999999881
2393  20.542  -84.339  -2.287 0.6999999881
2396  27.357  -83.344  -2.608 0.1000000015
2401  22.918  -82.702  32.738 0.3000000119
2405  23.966  -83.011  31.543 0.3000000119
2407  23.164  -83.025  31.051 0.3000000119
2408  13.028  -82.729  31.218 0.8999999762
2409  12.182  -82.601  31.183 0.8999999762
2413  23.904  -83.155  30.570 0.4000000060
2417  15.162  -82.815  31.431 1.0000000000
2418  14.482  -82.677  31.331 1.0000000000
2419  13.834  -82.754  31.398 0.8999999762
2421  31.898  -81.977  29.735 0.2000000030
2423  30.356  -82.711  29.489 0.2000000030
2426  23.835  -82.990  29.785 0.4000000060
2429  18.260  -82.442  30.482 1.0000000000
2433  30.164  -82.977  29.039 0.3000000119
2435  27.421  -83.406  29.079 0.4000000060
2449  24.955  -83.368  26.616 0.6999999881
2450  24.216  -83.594  26.321 0.6999999881
2464  32.290  -82.788  24.482 0.1000000015
2480  22.564  -83.223  23.908 0.8000000119
2485  7.557  -82.215  23.970 0.6999999881
2486  32.403  -82.422  23.034 0.2000000030
2493  22.291  -82.892  23.033 0.8000000119
2505  26.667  -82.942  20.599 0.6000000238
2508  20.235  -82.258  21.175 0.8000000119
2514  27.661  -82.250  19.740 0.4000000060
2515  27.181  -82.541  20.190 0.5000000000
2517  21.380  -82.037  19.841 0.8000000119
2524  8.352  -81.812  21.088 0.3000000119
2534  10.068  -82.397  19.872 0.1000000015
2536  9.122  -81.798  20.553 0.1000000015
2541  37.805  -83.678  16.793 0.4000000060
2542  36.924  -82.781  17.592 0.4000000060
2550  37.603  -83.212  17.083 0.4000000060
2570  8.186  -81.459  14.890 0.1000000015
2576  27.048  -82.647  13.962 0.8000000119
2594  26.086  -81.960  12.903 0.8000000119
2605  35.411  -83.176  12.359 0.3000000119
2608  26.313  -82.242  12.333 0.6000000238
2617  26.065  -82.632  11.877 0.6000000238
2618  20.871  -82.125  11.171 0.6999999881
2619  20.401  -82.738  11.318 0.6999999881
2620  18.296  -82.460  11.441 0.8000000119
2621  17.546  -82.201  11.087 0.8000000119
2622  16.788  -82.848  10.921 0.8999999762
2624  34.201  -83.186  10.741 0.3000000119
2635  27.028  -82.766  9.182 0.6999999881
2638  20.716  -83.060  9.144 0.8000000119
2644  26.321  -82.629  8.768 0.5000000000
2647  20.592  -82.557  8.401 0.6000000238
2660  33.817  -82.003  5.894 0.1000000015
2668  40.421  -82.061  4.991 0.1000000015
2675  20.078  -82.035  5.334 0.5000000000
2677  18.870  -82.922  5.556 0.6999999881
2680  41.344  -82.181  4.735 0.1000000015
2682  39.831  -82.160  4.754 0.1000000015
2685  28.322  -82.856  4.122 0.4000000060
2688  20.630  -81.663  4.848 0.5000000000
2694  40.517  -82.213  4.163 0.1000000015
2696  38.878  -82.467  3.386 0.1000000015
2697  32.384  -82.096  3.402 0.1000000015
2700  29.486  -82.071  3.577 0.1000000015
2705  19.102  -82.718  3.339 0.6999999881
2708  10.658  -82.239  3.418 0.8000000119
2717  27.992  -82.990  2.316 0.2000000030
2719  21.166  -82.576  2.294 0.4000000060
2721  19.328  -82.731  2.664 0.6999999881
2731  34.233  -82.945  1.519 0.2000000030
2739  12.887  -82.153  1.802 0.6000000238
2740  12.114  -82.476  1.913 0.6999999881
2744  22.078  -82.353  -0.042 0.4000000060
2747  19.832  -82.976  0.940 0.6000000238
2751  22.458  -82.292  -0.767 0.4000000060
2756  24.514  -81.974  -2.248 0.2000000030
2759  21.845  -82.818  -1.458 0.5000000000
2762  27.640  -82.580  -3.179 0.1000000015
2765  23.774  -82.760  -2.112 0.3000000119
2766  28.791  -81.946  -3.587 0.1000000015
2767  21.166  -81.059  35.334 0.2000000030
2770  18.997  -81.376  34.956 0.1000000015
2771  23.416  -81.706  34.467 0.2000000030
2775  19.468  -81.522  34.578 0.2000000030
2780  22.364  -82.457  33.451 0.3000000119
2788  24.340  -82.650  31.010 0.3000000119
2792  11.676  -81.975  31.230 0.8999999762
2794  33.239  -81.266  30.275 0.2000000030
2795  31.640  -81.424  30.892 0.3000000119
2796  30.883  -81.983  30.421 0.3000000119
2800  23.452  -82.776  29.819 0.4000000060
2807  9.468  -82.022  31.151 0.8999999762
2813  28.975  -82.531  29.732 0.4000000060
2817  17.990  -81.619  30.042 0.8999999762
2819  15.666  -81.710  30.226 1.0000000000
2823  8.388  -81.246  30.548 0.8999999762
2825  29.473  -81.458  29.465 0.4000000060
2827  27.664  -82.305  28.872 0.4000000060
2830  19.160  -80.872  29.038 0.6999999881
2831  8.416  -81.874  29.651 0.8999999762
2832  7.985  -81.614  28.775 1.0000000000
2836  27.433  -81.824  27.768 0.6000000238
2845  25.526  -82.408  26.287 0.6000000238
2851  33.466  -81.837  25.750 0.1000000015
2855  7.536  -82.021  25.231 0.8000000119
2861  26.071  -80.974  24.993 0.6000000238
2874  34.235  -82.191  23.031 0.1000000015
2875  33.325  -82.256  22.952 0.1000000015
2886  31.855  -82.042  22.460 0.3000000119
2887  31.039  -82.276  21.989 0.3000000119
2890  20.472  -81.280  22.574 0.8000000119
2901  20.961  -81.005  21.055 0.8000000119
2919  23.218  -81.965  19.635 0.8999999762
2921  22.054  -81.386  19.656 0.8000000119
2928  8.755  -80.858  20.849 0.1000000015
2929  7.576  -80.196  20.139 0.2000000030
2936  36.910  -82.448  17.256 0.4000000060
2950  36.774  -82.723  16.324 0.4000000060
2963  7.642  -80.807  14.678 0.1000000015
2964  7.161  -80.689  14.339 0.1000000015
2990  9.299  -81.803  11.983 0.1000000015
2996  20.542  -81.549  11.290 0.6999999881
2998  18.883  -81.859  11.410 0.8000000119
3001  9.100  -81.212  11.628 0.2000000030
3020  11.380  -81.309  8.152 0.8999999762
3021  7.893  -81.329  8.036 0.8000000119
3024  21.398  -81.173  7.951 0.5000000000
3028  11.669  -81.370  7.733 0.8999999762
3037  32.725  -81.374  6.067 0.2000000030
3038  31.804  -81.591  6.163 0.2000000030
3041  22.342  -81.145  6.629 0.5000000000
3047  10.956  -82.103  6.760 0.8999999762
3049  40.442  -81.891  5.076 0.1000000015
3050  39.483  -81.847  5.125 0.1000000015
3051  38.555  -81.780  5.330 0.1000000015
3058  20.548  -81.761  5.891 0.6999999881
3062  11.110  -81.772  6.258 0.8999999762
3065  41.256  -81.780  5.161 0.1000000015
3069  22.587  -81.688  4.536 0.2000000030
3071  15.434  -81.019  3.778 0.6000000238
3077  33.324  -80.951  3.417 0.1000000015
3082  24.093  -80.608  3.436 0.2000000030
3085  15.163  -80.837  3.132 0.6000000238
3092  34.548  -81.285  2.692 0.1000000015
3098  13.699  -81.397  1.886 0.6000000238
3105  35.342  -81.984  1.718 0.1000000015
3112  13.322  -81.506  1.723 0.6000000238
3119  22.619  -81.908  0.109 0.3000000119
3143  28.988  -80.680  35.892 0.3000000119
3146  23.348  -80.323  35.438 0.2000000030
3147  22.497  -80.396  35.467 0.2000000030
3148  20.848  -80.304  35.680 0.2000000030
3149  20.093  -80.359  35.670 0.2000000030
3150  19.258  -80.395  35.610 0.1000000015
3154  15.300  -80.952  35.451 0.1000000015
3158  11.683  -80.500  34.975 0.2000000030
3159  29.839  -80.722  35.612 0.2000000030
3160  29.334  -80.845  35.734 0.3000000119
3168  18.372  -81.333  34.573 0.1000000015
3172  13.451  -81.285  34.384 0.2000000030
3178  28.975  -80.842  34.828 0.3000000119
3183  20.008  -81.435  33.869 0.2000000030
3184  19.343  -81.367  33.924 0.2000000030
3192  33.578  -80.447  32.797 0.2000000030
3196  29.248  -80.582  33.956 0.3000000119
3202  20.772  -81.437  33.501 0.3000000119
3207  26.454  -79.933  31.389 0.5000000000
3209  22.729  -81.244  31.062 0.5000000000
3213  25.276  -81.129  30.535 0.5000000000
3214  23.065  -82.023  29.552 0.4000000060
3219  9.459  -80.707  31.343 0.8999999762
3220  8.513  -80.556  31.099 0.8999999762
3224  24.863  -80.948  29.107 0.5000000000
3226  22.853  -80.772  28.520 0.5000000000
3229  16.592  -80.932  29.266 1.0000000000
3234  11.787  -80.357  29.939 0.8999999762
3240  24.389  -81.151  28.364 0.4000000060
3256  28.989  -80.496  27.343 0.5000000000
3269  20.555  -80.356  26.113 0.6999999881
3296  26.508  -79.935  23.588 0.5000000000
3304  6.874  -80.834  23.585 0.8000000119
3310  33.313  -80.457  22.532 0.2000000030
3315  21.021  -80.480  22.595 0.8000000119
3322  30.980  -80.384  21.886 0.1000000015
3329  6.972  -80.681  21.641 0.4000000060
3332  24.548  -80.059  20.183 0.6999999881
3340  6.687  -79.827  20.527 0.3000000119
3342  29.696  -80.734  18.976 0.2000000030
3345  23.121  -80.400  19.632 0.6000000238
3346  22.409  -80.649  19.722 0.6999999881
3353  8.725  -80.124  20.179 0.1000000015
3371  34.570  -80.421  17.302 0.4000000060
3381  32.586  -80.448  15.345 0.3000000119
3399  6.877  -80.391  14.165 0.1000000015
3428  21.156  -80.698  10.849 0.6999999881
3429  20.755  -80.828  11.132 0.6999999881
3431  19.219  -81.138  11.218 0.6000000238
3445  18.235  -81.005  10.113 0.6000000238
3461  12.045  -80.549  8.319 1.0000000000
3462  11.741  -80.635  8.427 1.0000000000
3464  10.004  -80.623  8.118 0.8999999762
3468  29.889  -79.773  7.992 0.1000000015
3476  8.397  -80.633  7.338 0.8000000119
3494  25.033  -80.090  4.797 0.1000000015
3506  38.187  -80.512  4.916 0.1000000015
3515  42.309  -81.760  5.070 0.1000000015
3527  10.396  -80.728  3.416 0.8000000119
3536  34.832  -80.788  2.861 0.1000000015
3545  10.412  -80.483  2.816 0.6000000238
3553  26.976  -80.152  1.099 0.1000000015
3558  13.738  -80.819  1.662 0.6000000238
3559  12.900  -80.761  1.461 0.6000000238
3562  27.096  -80.311  0.354 0.1000000015
3586  29.355  -80.668  -4.115 0.1000000015
3599  15.745  -80.252  35.781 0.1000000015
3607  28.158  -80.176  35.956 0.1000000015
3609  26.530  -80.080  35.816 0.1000000015
3610  24.994  -80.266  35.413 0.2000000030
3614  10.287  -80.053  33.957 0.2000000030
3616  31.875  -80.192  34.034 0.2000000030
3623  13.729  -80.707  33.454 0.2000000030
3628  33.221  -80.129  33.349 0.2000000030
3651  28.865  -79.480  31.759 0.3000000119
3655  22.018  -79.507  31.687 0.4000000060
3658  34.511  -80.140  31.468 0.1000000015
3660  30.432  -79.677  30.559 0.4000000060
3666  10.894  -80.203  30.712 0.8999999762
3668  8.872  -79.863  31.200 0.8999999762
3674  30.057  -79.390  29.869 0.4000000060
3679  22.209  -79.270  29.099 0.5000000000
3691  21.188  -79.555  28.407 0.5000000000
3697  14.723  -79.674  28.185 0.8000000119
3701  7.216  -79.912  29.803 0.8999999762
3704  29.873  -79.476  27.156 0.5000000000
3716  29.165  -79.359  26.216 0.5000000000
3717  25.002  -79.181  26.807 0.4000000060
3721  7.784  -79.273  26.278 0.8999999762
3725  29.304  -78.861  26.151 0.5000000000
3728  24.508  -79.266  26.253 0.5000000000
3729  23.312  -79.444  25.491 0.6000000238
3731  10.576  -79.062  25.213 0.8999999762
3739  27.885  -78.790  24.165 0.5000000000
3741  23.181  -79.126  24.909 0.6000000238
3744  9.970  -79.412  25.165 0.8999999762
3745  8.625  -79.568  24.874 0.6999999881
3749  27.059  -79.169  23.046 0.5000000000
3757  8.411  -79.300  24.239 0.8000000119
3768  26.752  -78.833  22.162 0.5000000000
3770  22.016  -79.184  22.883 0.8000000119
3784  26.422  -78.348  21.394 0.5000000000
3785  25.985  -78.805  20.846 0.5000000000
3787  22.323  -79.029  20.975 0.6999999881
3788  21.758  -79.682  21.283 0.8000000119
3798  24.805  -79.173  20.034 0.5000000000
3799  23.489  -79.011  19.784 0.6000000238
3806  6.101  -79.061  20.568 0.4000000060
3810  23.724  -79.670  19.688 0.6000000238
3824  8.625  -79.379  18.597 0.1000000015
3838  33.160  -79.197  16.953 0.3000000119
3871  30.118  -79.120  13.235 0.2000000030
3895  30.135  -79.616  11.945 0.2000000030
3908  21.324  -79.444  10.525 0.5000000000
3911  19.030  -79.438  9.941 0.5000000000
3912  6.831  -79.452  10.409 0.1000000015
3919  18.308  -79.608  9.291 0.5000000000
3930  17.434  -79.228  8.221 0.4000000060
3931  12.158  -80.077  8.420 1.0000000000
3935  29.699  -78.996  7.904 0.1000000015
3937  24.441  -79.149  7.636 0.1000000015
3951  31.742  -80.120  6.526 0.2000000030
3965  16.257  -80.212  5.068 0.5000000000
4002  27.226  -79.502  2.516 0.1000000015
4005  13.318  -79.130  1.445 0.4000000060
4018  12.766  -79.455  1.300 0.4000000060
4019  10.584  -78.890  2.299 0.5000000000
4051  12.359  -77.866  39.031 0.1000000015
4053  10.898  -78.132  39.181 0.1000000015
4062  23.207  -79.309  35.244 0.2000000030
4063  22.452  -79.248  35.251 0.2000000030
4074  30.800  -79.803  35.059 0.2000000030
4078  26.890  -79.576  35.618 0.1000000015
4081  23.948  -79.057  35.153 0.2000000030
4086  14.965  -78.546  35.414 0.1000000015
4093  30.838  -78.973  34.294 0.1000000015
4095  29.324  -78.901  34.905 0.2000000030
4106  19.860  -78.786  32.272 0.4000000060
4108  17.203  -78.947  32.196 0.2000000030
4109  16.393  -79.071  32.214 0.2000000030
4120  19.577  -78.327  31.653 0.4000000060
4125  13.752  -78.441  31.552 0.3000000119
4131  21.978  -78.441  30.718 0.5000000000
4132  21.137  -78.090  30.913 0.4000000060
4137  30.060  -79.319  29.000 0.5000000000
4138  29.533  -78.919  28.688 0.5000000000
4139  28.959  -78.912  29.338 0.4000000060
4147  6.958  -78.493  30.093 0.8999999762
4152  28.595  -78.686  28.621 0.5000000000
4154  26.654  -78.845  28.414 0.5000000000
4155  21.838  -78.533  29.047 0.5000000000
4157  19.469  -79.102  28.305 0.5000000000
4162  6.755  -78.547  29.497 0.8999999762
4165  30.040  -79.070  27.161 0.5000000000
4168  27.797  -78.287  27.523 0.5000000000
4170  25.626  -78.777  27.041 0.5000000000
4174  17.389  -78.385  27.276 0.6999999881
4175  16.470  -78.337  27.199 0.6999999881
4176  15.563  -78.474  27.343 0.6999999881
4179  13.227  -78.158  27.725 0.6000000238
4180  7.430  -79.140  27.272 0.8999999762
4184  29.707  -78.851  26.676 0.5000000000
4189  25.254  -78.634  26.320 0.5000000000
4193  15.183  -77.822  26.953 0.6999999881
4202  10.770  -78.454  24.967 0.8999999762
4209  28.334  -77.883  24.897 0.5000000000
4220  27.651  -78.066  23.443 0.5000000000
4236  31.872  -78.926  22.255 0.2000000030
4246  7.944  -78.434  23.003 0.8000000119
4258  30.501  -78.679  21.296 0.1000000015
4265  6.121  -78.313  21.403 0.6999999881
4272  30.256  -78.425  20.754 0.1000000015
4274  24.820  -78.399  20.101 0.5000000000
4284  5.194  -77.992  19.987 0.6000000238
4293  5.850  -78.736  19.670 0.3000000119
4306  6.011  -78.719  18.737 0.2000000030
4311  30.968  -77.739  17.780 0.2000000030
4346  38.249  -79.804  13.921 0.1000000015
4380  29.055  -78.316  10.219 0.1000000015
4382  21.092  -78.830  10.481 0.5000000000
4383  20.397  -78.865  10.333 0.5000000000
4394  21.385  -78.245  10.190 0.4000000060
4396  19.688  -78.175  9.270 0.5000000000
4398  11.270  -78.714  9.824 1.0000000000
4405  29.167  -78.500  8.453 0.1000000015
4407  23.444  -78.175  8.692 0.4000000060
4410  18.373  -77.661  7.895 0.4000000060
4413  11.696  -79.314  9.160 1.0000000000
4415  30.261  -78.549  7.415 0.1000000015
4419  23.971  -78.636  8.232 0.3000000119
4420  17.233  -78.725  7.188 0.4000000060
4421  12.404  -78.734  8.056 0.8999999762
4441  27.563  -77.983  5.352 0.1000000015
4445  11.424  -78.579  5.670 1.0000000000
4448  41.747  -78.547  4.372 0.1000000015
4455  15.949  -78.324  4.858 0.4000000060
4458  10.615  -78.749  4.213 0.8999999762
4468  14.726  -77.853  3.478 0.5000000000
4498  29.047  -78.832  1.292 0.1000000015
4508  19.419  -78.963  -0.300 0.2000000030
4514  20.066  -78.674  -0.948 0.2000000030
4516  18.812  -78.587  -1.468 0.2000000030
4523  20.832  -78.453  -2.106 0.2000000030
4525  19.480  -78.676  -1.965 0.2000000030
4546  11.974  -77.528  39.440 0.1000000015
4564  9.284  -77.631  34.896 0.2000000030
4567  21.725  -78.084  34.390 0.2000000030
4577  30.271  -78.338  33.764 0.1000000015
4588  9.283  -77.990  33.590 0.2000000030
4604  29.565  -76.967  32.340 0.1000000015
4623  20.799  -77.537  30.208 0.5000000000
4625  18.065  -77.396  30.494 0.5000000000
4628  13.733  -77.238  30.543 0.4000000060
4641  6.915  -77.832  29.685 0.8999999762
4643  21.294  -77.777  28.906 0.5000000000
4644  20.636  -77.561  28.446 0.5000000000
4659  27.770  -77.731  26.085 0.5000000000
4660  26.926  -77.689  25.999 0.5000000000
4661  26.306  -77.684  25.700 0.5000000000
4662  19.191  -77.007  26.920 0.5000000000
4663  18.058  -77.123  26.597 0.6000000238
4664  17.346  -77.208  26.561 0.6000000238
4666  13.975  -76.983  26.755 0.6000000238
4668  7.579  -78.216  26.209 0.8999999762
4673  28.150  -77.750  25.423 0.5000000000
4687  10.890  -77.679  24.361 0.8999999762
4688  10.648  -77.247  24.303 0.8999999762
4703  10.897  -77.424  23.717 0.8999999762
4729  26.327  -77.749  21.523 0.5000000000
4731  24.730  -77.742  20.732 0.6000000238
4732  24.357  -77.586  21.655 0.5000000000
4739  6.414  -77.488  21.427 0.6999999881
4746  30.504  -77.609  20.538 0.1000000015
4773  4.762  -77.482  18.672 0.6999999881
4785  5.808  -78.056  17.510 0.1000000015
4799  37.263  -77.331  15.614 0.1000000015
4822  29.553  -77.350  13.201 0.2000000030
4862  29.096  -77.628  10.789 0.2000000030
4864  11.330  -77.414  10.470 0.8999999762
4865  10.482  -77.399  10.326 1.0000000000
4877  20.650  -77.794  9.657 0.3000000119
4880  9.939  -78.042  9.690 1.0000000000
4887  23.486  -77.638  8.389 0.3000000119
4888  22.836  -77.564  8.868 0.3000000119
4906  19.526  -76.918  7.562 0.3000000119
4912  7.431  -77.711  5.930 0.6000000238
4914  35.595  -77.428  5.997 0.1000000015
4921  26.216  -77.153  6.866 0.1000000015
4922  22.656  -76.902  7.560 0.1000000015
4926  18.428  -77.334  6.788 0.3000000119
4929  12.092  -78.183  6.934 1.0000000000
4937  18.927  -77.676  5.502 0.2000000030
4951  21.303  -77.947  3.479 0.1000000015
4971  9.985  -76.977  3.265 0.6999999881
4983  31.390  -76.575  2.113 0.1000000015
4986  20.601  -78.148  2.651 0.1000000015
4991  13.998  -77.375  2.701 0.5000000000
4993  10.185  -77.391  2.626 0.5000000000
5000  19.314  -78.498  1.291 0.1000000015
5012  17.910  -78.594  -0.144 0.2000000030
5031  23.306  -77.334  -2.159 0.1000000015
5032  21.704  -77.964  -2.211 0.2000000030
5033  19.721  -78.225  -2.272 0.2000000030
5035  18.526  -78.113  -1.511 0.2000000030
5042  23.426  -77.055  -2.371 0.1000000015
5044  21.442  -77.697  -2.382 0.2000000030
5045  20.551  -77.982  -2.449 0.2000000030
5148  19.174  -76.955  34.424 0.1000000015
5149  18.399  -76.951  34.581 0.1000000015
5150  17.612  -76.856  34.581 0.1000000015
5151  16.788  -76.679  34.429 0.1000000015
5159  21.932  -77.016  33.158 0.1000000015
5161  20.567  -76.545  33.495 0.2000000030
5169  7.470  -76.450  33.486 0.3000000119
5178  20.450  -76.050  32.974 0.1000000015
5181  10.287  -76.881  32.432 0.4000000060
5183  7.978  -76.593  32.724 0.2000000030
5186  29.348  -76.565  31.545 0.1000000015
5208  13.399  -76.488  30.293 0.5000000000
5210  11.950  -75.925  30.902 0.5000000000
5219  19.967  -76.778  28.688 0.5000000000
5221  17.775  -76.434  29.233 0.5000000000
5231  19.569  -76.635  27.893 0.5000000000
5232  18.843  -76.327  28.102 0.5000000000
5233  17.259  -76.101  28.515 0.5000000000
5235  15.733  -76.026  28.634 0.5000000000
5242  19.656  -76.977  27.307 0.5000000000
5249  6.192  -76.248  26.957 0.6999999881
5254  16.745  -76.584  26.533 0.6999999881
5257  13.965  -75.910  26.601 0.6000000238
5262  6.144  -76.191  25.496 0.6999999881
5265  10.403  -76.636  23.764 0.8999999762
5271  26.366  -76.990  22.735 0.5000000000
5276  10.550  -76.723  23.284 0.8999999762
5294  33.146  -76.609  20.931 0.2000000030
5310  32.442  -76.231  20.639 0.2000000030
5311  31.352  -76.609  20.629 0.1000000015
5312  30.791  -76.895  20.267 0.1000000015
5317  8.763  -75.867  20.678 1.0000000000
5318  6.082  -76.512  20.374 0.6999999881
5325  33.459  -75.840  19.805 0.2000000030
5335  4.633  -76.816  19.117 0.6999999881
5341  30.975  -76.136  18.726 0.1000000015
5359  4.884  -76.402  17.599 0.6000000238
5363  37.432  -76.686  16.779 0.1000000015
5372  5.603  -76.876  16.162 0.4000000060
5375  37.170  -76.855  16.189 0.1000000015
5376  36.617  -76.629  15.653 0.1000000015
5382  5.842  -76.305  15.611 0.3000000119
5442  13.760  -75.729  10.230 0.8999999762
5446  10.254  -76.753  10.290 1.0000000000
5455  12.674  -76.877  10.051 0.8999999762
5465  29.097  -76.743  8.883 0.1000000015
5466  13.188  -76.323  9.769 0.8999999762
5477  25.203  -76.539  7.518 0.2000000030
5482  12.141  -76.171  7.242 0.8999999762
5516  22.352  -76.279  4.980 0.1000000015
5529  10.868  -76.285  3.463 0.6000000238
5539  31.262  -76.715  2.715 0.1000000015
5543  13.603  -76.636  1.880 0.4000000060
5544  11.047  -75.887  2.569 0.5000000000
5545  10.583  -76.216  3.021 0.6000000238
5564  12.052  -75.941  1.652 0.4000000060
5565  11.301  -76.332  1.976 0.5000000000
5586  18.719  -77.061  -1.235 0.2000000030
5588  17.305  -76.700  -0.667 0.2000000030
5644  18.686  -76.239  40.829 0.1000000015
5737  22.597  -75.508  31.515 0.1000000015
5743  9.877  -74.999  31.075 0.4000000060
5756  10.592  -74.909  30.784 0.4000000060
5782  15.998  -75.727  27.880 0.5000000000
5803  11.237  -74.993  26.934 0.5000000000
5804  10.258  -74.990  26.937 0.6000000238
5805  9.391  -75.002  26.945 0.6999999881
5806  8.410  -75.025  27.146 0.6999999881
5816  17.209  -76.155  26.741 0.6000000238
5817  16.529  -75.936  26.759 0.6000000238
5818  15.711  -75.760  26.807 0.6000000238
5822  5.389  -75.096  26.441 0.6999999881
5825  5.804  -75.718  25.330 0.6999999881
5833  7.223  -75.046  23.084 0.8000000119
5834  6.316  -75.173  23.919 0.8000000119
5859  32.548  -75.744  19.990 0.2000000030
5872  31.974  -75.463  19.428 0.1000000015
5881  7.027  -75.572  19.530 0.8000000119
5883  35.896  -75.632  17.747 0.1000000015
5886  33.438  -75.155  18.460 0.1000000015
5895  8.244  -74.973  18.849 0.8999999762
5906  31.081  -75.734  17.926 0.1000000015
5918  34.066  -74.837  15.938 0.1000000015
5919  31.448  -75.105  16.393 0.2000000030
5940  6.310  -75.667  15.142 0.2000000030
6015  29.387  -75.376  10.672 0.1000000015
6018  13.578  -75.326  10.527 0.8999999762
6021  10.523  -76.094  10.372 1.0000000000
6029  14.347  -75.528  9.980 0.8999999762
6042  14.319  -75.443  9.615 0.8000000119
6055  13.698  -74.965  8.268 0.6999999881
6068  24.593  -75.108  6.699 0.1000000015
6073  39.311  -75.301  5.375 0.1000000015
6080  23.344  -75.196  5.540 0.1000000015
6082  12.446  -75.308  5.954 0.8000000119
6112  22.806  -74.888  3.892 0.1000000015
6114  10.808  -75.228  3.172 0.5000000000
6151  15.873  -75.327  1.090 0.2000000030
6154  12.594  -75.195  1.644 0.4000000060
6167  17.644  -75.680  -0.260 0.2000000030
6195  22.096  -75.058  -1.829 0.2000000030
6209  23.919  -76.121  -2.624 0.1000000015
6210  22.481  -75.962  -2.405 0.2000000030
6254  11.543  -73.667  39.142 0.2000000030
6256  10.172  -75.312  38.918 0.2000000030
6282  8.568  -75.144  37.420 0.2000000030
6297  9.439  -74.512  36.542 0.2000000030
6299  7.216  -75.113  36.325 0.2000000030
6314  10.254  -73.880  35.879 0.2000000030
6371  13.040  -74.693  28.763 0.5000000000
6388  13.108  -74.564  28.018 0.6000000238
6406  12.454  -74.578  27.494 0.6000000238
6407  11.533  -74.491  27.360 0.5000000000
6410  8.398  -74.510  27.316 0.6999999881
6445  6.348  -74.562  23.398 0.8000000119
6475  10.039  -74.349  19.774 1.0000000000
6498  9.505  -74.227  18.401 0.8999999762
6501  6.265  -74.817  17.954 0.6999999881
6517  5.017  -75.138  16.638 0.6999999881
6537  6.804  -75.005  14.633 0.2000000030
6547  7.350  -74.223  14.405 0.2000000030
6549  5.305  -74.233  14.814 0.4000000060
6602  29.799  -74.946  11.036 0.1000000015
6612  15.122  -74.414  10.516 0.8000000119
6617  10.935  -75.393  10.382 1.0000000000
6629  15.538  -74.790  10.073 0.8000000119
6631  10.657  -74.622  9.887 1.0000000000
6646  17.806  -74.218  9.077 0.6000000238
6647  17.001  -74.378  9.008 0.6000000238
6662  13.457  -74.750  7.484 0.8000000119
6669  26.105  -74.681  6.604 0.1000000015
6670  25.197  -74.628  6.423 0.1000000015
6671  17.987  -74.069  6.845 0.5000000000
6678  8.092  -74.387  4.964 0.8000000119
6685  23.769  -74.581  5.135 0.1000000015
6688  16.351  -74.330  5.587 0.5000000000
6689  15.565  -74.407  5.502 0.5000000000
6691  13.158  -74.603  5.616 0.8000000119
6705  13.266  -74.119  4.666 0.6000000238
6720  10.718  -74.430  3.012 0.6000000238
6731  10.935  -74.373  2.730 0.6000000238
6744  16.609  -74.756  0.851 0.2000000030
6746  13.726  -74.387  1.522 0.4000000060
6747  12.179  -74.387  1.827 0.4000000060
6748  11.410  -74.492  2.262 0.5000000000
6759  19.396  -74.917  -0.300 0.2000000030
6761  17.027  -75.214  0.138 0.2000000030
6783  23.202  -74.284  -2.095 0.1000000015
6844  11.960  -73.059  40.570 0.1000000015
6889  10.831  -73.557  36.771 0.3000000119
6917  9.172  -72.976  34.401 0.3000000119
6931  6.849  -73.063  33.975 0.4000000060
6932  5.674  -73.331  34.061 0.4000000060
6934  4.986  -73.482  32.727 0.5000000000
6939  5.127  -73.062  31.131 0.5000000000
6954  10.090  -73.654  28.144 0.6000000238
6955  9.683  -73.582  29.039 0.6000000238
6956  8.777  -73.544  29.032 0.6000000238
6957  7.839  -73.632  28.906 0.6000000238
6960  5.333  -72.920  29.542 0.6000000238
6983  9.593  -73.977  27.481 0.6000000238
6986  5.349  -73.914  27.337 0.6999999881
7002  5.234  -73.695  26.483 0.6999999881
7017  5.385  -73.148  25.275 0.6999999881
7025  5.491  -73.656  24.338 0.8000000119
7032  6.101  -73.072  23.011 0.8000000119
7033  5.897  -73.599  23.394 0.8000000119
7039  7.098  -73.018  21.951 0.8000000119
7049  8.774  -73.424  21.259 0.8000000119
7050  7.934  -72.947  21.687 0.8000000119
7057  11.162  -73.262  20.164 0.8000000119
7066  11.637  -73.039  20.037 0.8000000119
7079  9.959  -73.592  18.224 0.8000000119
7092  9.057  -73.715  17.957 0.8000000119
7095  6.027  -73.324  17.447 0.6999999881
7115  9.378  -74.396  15.098 0.2000000030
7116  5.009  -73.521  14.939 0.5000000000
7181  19.039  -73.043  10.341 0.4000000060
7186  14.593  -73.741  10.714 0.8999999762
7200  20.149  -73.267  9.251 0.4000000060
7202  18.724  -73.623  10.006 0.6000000238
7228  20.324  -73.281  7.653 0.4000000060
7229  19.780  -73.662  7.868 0.4000000060
7230  19.280  -73.786  7.300 0.4000000060
7236  20.180  -73.109  6.995 0.3000000119
7237  19.514  -73.389  6.762 0.3000000119
7239  7.834  -73.574  5.226 0.8000000119
7244  16.817  -73.977  5.059 0.5000000000
7249  17.979  -73.080  4.990 0.4000000060
7253  14.489  -73.273  4.223 0.5000000000
7270  15.763  -72.456  3.952 0.4000000060
7271  14.766  -72.227  3.846 0.5000000000
7274  11.522  -72.266  3.523 0.5000000000
7275  10.988  -72.856  3.294 0.6000000238
7287  11.056  -73.426  2.685 0.6000000238
7306  18.555  -73.148  1.315 0.2000000030
7323  21.057  -73.412  -0.021 0.2000000030
7334  20.773  -74.093  -0.472 0.2000000030
7342  21.762  -74.262  -1.358 0.2000000030
7347  24.843  -73.839  -2.648 0.1000000015
7348  24.091  -74.357  -2.491 0.1000000015
7459  8.772  -71.653  39.900 0.2000000030
7488  8.625  -72.029  38.936 0.2000000030
7489  7.894  -71.437  38.096 0.2000000030
7497  8.870  -72.227  37.275 0.3000000119
7515  10.627  -72.927  36.731 0.3000000119
7536  8.498  -72.323  34.728 0.4000000060
7583  4.942  -72.398  32.504 0.6000000238
7595  5.094  -71.630  30.145 0.6000000238
7646  5.612  -72.260  25.317 0.8000000119
7661  13.063  -72.063  23.753 0.6999999881
7662  12.665  -72.314  24.227 0.6999999881
7663  11.492  -72.536  24.264 0.6999999881
7676  12.981  -72.156  22.820 0.6999999881
7690  11.199  -72.740  22.248 0.8000000119
7694  6.606  -72.866  22.568 0.8000000119
7705  10.972  -72.917  21.365 0.8000000119
7719  12.033  -72.569  20.568 0.8000000119
7731  11.224  -72.917  19.294 0.8999999762
7732  6.964  -72.347  19.265 0.8000000119
7746  10.068  -72.914  18.230 0.8000000119
7749  5.521  -72.264  18.351 0.6999999881
7764  8.563  -73.231  17.834 0.6999999881
7784  9.615  -72.537  14.599 0.1000000015
7793  7.144  -72.649  14.361 0.2000000030
7795  5.378  -72.978  14.730 0.4000000060
7850  20.194  -72.240  10.135 0.4000000060
7854  16.487  -72.694  10.705 0.6000000238
7856  14.044  -72.983  10.601 0.8000000119
7879  12.607  -72.778  9.863 0.8999999762
7881  11.092  -73.382  9.447 1.0000000000
7891  22.062  -72.123  8.275 0.4000000060
7892  21.476  -72.574  8.583 0.3000000119
7893  20.852  -73.009  8.874 0.4000000060
7903  21.882  -71.960  7.668 0.3000000119
7911  21.234  -72.044  7.133 0.3000000119
7921  18.701  -72.736  5.359 0.4000000060
7933  19.087  -72.023  4.889 0.3000000119
7957  15.088  -71.220  3.579 0.4000000060
7960  11.890  -71.275  3.096 0.5000000000
7973  12.316  -71.302  2.774 0.5000000000
7974  11.656  -71.539  2.954 0.5000000000
7991  14.114  -72.234  1.955 0.5000000000
8026  23.503  -72.930  -1.487 0.1000000015
8151  8.620  -71.204  39.979 0.2000000030
8184  8.021  -71.287  38.731 0.2000000030
8191  7.331  -71.154  37.244 0.2000000030
8253  6.636  -71.751  33.960 0.4000000060
8268  4.724  -70.853  32.468 0.6000000238
8299  4.891  -70.932  29.390 0.6000000238
8307  4.946  -71.410  27.944 0.6000000238
8314  4.870  -70.957  27.114 0.6000000238
8321  12.976  -71.348  26.090 0.6999999881
8326  5.114  -70.974  26.387 0.6000000238
8339  6.563  -71.423  25.374 0.8000000119
8341  5.384  -71.589  25.881 0.6000000238
8360  5.943  -72.212  24.844 0.8000000119
8396  11.466  -71.504  20.552 0.8999999762
8399  4.991  -70.542  21.206 0.6999999881
8409  11.967  -72.166  20.318 0.8000000119
8414  6.404  -71.889  20.862 0.8999999762
8416  4.898  -70.933  20.778 0.6000000238
8428  10.448  -71.896  19.184 0.8000000119
8443  8.709  -72.331  18.642 0.8000000119
8444  5.032  -71.698  18.343 0.6999999881
8471  4.988  -71.453  16.739 0.5000000000
8481  6.891  -71.064  14.719 0.4000000060
8483  5.110  -71.950  15.644 0.5000000000
8491  9.148  -71.818  14.622 0.1000000015
8549  15.178  -72.073  10.265 0.6999999881
8563  23.195  -70.929  9.120 0.2000000030
8566  20.893  -72.107  9.806 0.4000000060
8577  23.041  -71.246  8.504 0.3000000119
8578  22.543  -71.705  8.560 0.3000000119
8584  11.839  -71.773  7.447 0.8999999762
8591  23.091  -70.807  7.857 0.3000000119
8605  21.309  -71.326  6.659 0.3000000119
8621  20.888  -70.813  6.062 0.3000000119
8622  20.353  -71.336  5.809 0.2000000030
8634  19.405  -71.413  4.353 0.3000000119
8647  17.933  -70.482  3.658 0.3000000119
8651  14.084  -70.548  3.046 0.5000000000
8652  12.681  -70.813  2.996 0.5000000000
8662  15.231  -70.056  2.803 0.5000000000
8663  13.783  -70.573  2.965 0.5000000000
8692  21.660  -71.782  0.720 0.2000000030
8855  9.945  -70.817  40.514 0.2000000030
8866  8.315  -70.941  39.498 0.2000000030
8882  8.621  -70.425  39.360 0.2000000030
8912  10.478  -70.073  36.507 0.2000000030
8934  12.026  -70.147  34.351 0.3000000119
8935  11.077  -70.381  34.352 0.3000000119
8936  10.119  -70.238  34.395 0.3000000119
9055  8.373  -70.118  27.526 0.6999999881
9058  4.943  -69.994  26.952 0.6000000238
9059  4.652  -70.080  27.366 0.6000000238
9069  9.389  -70.819  26.850 0.6999999881
9070  8.400  -70.649  26.824 0.6999999881
9094  13.087  -71.140  24.761 0.6999999881
9095  12.570  -70.849  24.104 0.6999999881
9129  12.327  -71.226  22.411 0.6999999881
9130  10.974  -70.658  22.156 0.8000000119
9137  5.017  -69.773  21.754 0.6999999881
9148  11.090  -70.964  21.235 0.8000000119
9153  5.702  -70.969  21.808 0.8999999762
9154  5.272  -70.522  21.711 0.8000000119
9155  5.090  -70.174  21.606 0.6999999881
9165  9.233  -70.828  20.591 0.8999999762
9167  4.828  -71.020  20.105 0.6000000238
9177  4.815  -70.213  19.603 0.4000000060
9197  12.581  -70.228  17.383 0.1000000015
9201  5.527  -70.311  17.123 0.4000000060
9217  7.762  -70.103  15.930 0.3000000119
9218  5.786  -70.263  16.153 0.4000000060
9230  7.320  -70.433  15.146 0.3000000119
9290  21.846  -70.661  10.083 0.3000000119
9308  22.706  -70.702  9.644 0.3000000119
9318  16.523  -70.984  7.853 0.6000000238
9326  22.863  -70.259  7.508 0.3000000119
9333  8.066  -70.104  5.425 1.0000000000
9340  11.062  -69.927  5.577 1.0000000000
9341  10.301  -70.104  5.320 1.0000000000
9342  9.360  -70.249  4.892 1.0000000000
9357  9.084  -69.439  4.764 1.0000000000
9387  24.386  -69.868  3.327 0.1000000015
9393  16.338  -69.116  3.217 0.3000000119
9395  14.619  -70.328  3.023 0.5000000000
9406  16.103  -69.268  2.872 0.4000000060
9407  15.658  -69.544  2.895 0.4000000060
9417  22.056  -70.775  2.094 0.1000000015
9420  19.819  -70.232  1.681 0.2000000030
9422  16.777  -69.918  2.371 0.4000000060
9594  10.105  -69.223  39.624 0.2000000030
9637  11.472  -69.702  36.403 0.2000000030
9676  12.845  -68.958  34.116 0.3000000119
9677  12.625  -69.508  34.269 0.4000000060
9725  13.172  -69.076  30.834 0.6999999881
9753  5.224  -68.957  29.701 0.6000000238
9767  13.229  -68.871  27.538 0.6999999881
9772  7.394  -69.443  28.719 0.6000000238
9773  4.466  -69.374  28.523 0.6000000238
9788  13.396  -69.622  26.833 0.6999999881
9789  13.356  -69.620  27.138 0.6999999881
9795  5.966  -69.638  27.691 0.6000000238
9797  4.309  -69.691  28.154 0.6000000238
9828  12.157  -70.281  24.666 0.6999999881
9849  5.547  -69.413  23.476 1.0000000000
9861  7.818  -69.912  22.788 0.8999999762
9864  5.252  -69.781  22.814 0.8000000119
9884  4.893  -69.498  20.679 0.6999999881
9907  10.566  -69.347  18.347 0.1000000015
10013  21.719  -69.893  10.340 0.3000000119
10024  23.417  -69.534  9.426 0.2000000030
10025  22.973  -69.892  9.823 0.2000000030
10039  6.968  -69.628  7.933 0.8999999762
10044  22.911  -69.639  7.555 0.3000000119
10076  10.678  -69.094  5.458 1.0000000000
10077  10.187  -68.294  4.955 1.0000000000
10078  9.573  -68.471  4.843 1.0000000000
10104  21.497  -68.160  2.709 0.1000000015
10106  18.455  -68.557  3.554 0.3000000119
10108  16.665  -68.646  3.213 0.3000000119
10118  25.222  -69.812  2.685 0.1000000015
10122  16.897  -68.141  2.873 0.3000000119
10123  16.438  -68.733  3.040 0.3000000119
10363  12.048  -68.720  35.958 0.2000000030
10420  13.136  -68.401  30.468 0.6000000238
10446  13.382  -68.931  27.044 0.6999999881
10457  11.980  -67.973  26.425 0.6999999881
10466  12.273  -68.785  25.992 0.6999999881
10479  10.512  -69.014  25.012 0.8000000119
10482  4.975  -68.027  24.344 0.8999999762
10497  8.019  -68.647  24.385 0.8999999762
10511  4.664  -68.474  22.554 0.8000000119
10553  5.395  -68.371  19.345 0.4000000060
10647  4.643  -68.494  12.406 0.1000000015
10680  5.418  -68.921  9.816 0.1000000015
10683  23.641  -69.093  8.922 0.2000000030
10690  10.032  -67.931  7.408 1.0000000000
10715  22.014  -68.092  7.211 0.2000000030
10718  10.225  -68.009  5.248 1.0000000000
10735  20.904  -67.490  5.601 0.1000000015
10737  9.749  -67.811  5.180 1.0000000000
10751  18.885  -67.030  3.578 0.3000000119
10761  23.002  -68.685  4.058 0.1000000015
10764  19.187  -68.052  3.803 0.3000000119
10781  21.074  -67.501  2.421 0.1000000015
10801  19.033  -68.362  2.136 0.1000000015
10802  17.934  -68.248  2.471 0.3000000119
11084  7.427  -67.042  33.121 0.3000000119
11095  9.384  -67.665  33.146 0.2000000030
11096  8.281  -67.382  33.194 0.2000000030
11112  6.971  -66.957  32.483 0.3000000119
11124  12.371  -67.120  30.378 0.6000000238
11135  12.470  -66.839  29.709 0.6000000238
11151  13.077  -67.724  27.715 0.6999999881
11152  11.584  -66.838  27.682 0.6999999881
11153  10.533  -67.011  27.159 0.6999999881
11169  9.012  -67.370  26.626 0.6999999881
11187  10.222  -67.878  25.820 0.8000000119
11190  7.066  -67.723  25.346 0.8999999762
11191  6.129  -67.443  25.529 0.8000000119
11192  5.269  -67.082  25.668 0.8000000119
11193  4.556  -67.167  25.063 0.8999999762
11207  4.510  -67.478  24.268 0.8999999762
11259  4.728  -67.990  20.803 0.6000000238
11396  24.046  -67.346  9.833 0.2000000030
11402  14.168  -67.452  10.264 0.8999999762
11403  13.372  -67.550  10.644 0.8999999762
11407  4.893  -67.712  10.950 0.3000000119
11421  23.878  -67.613  9.030 0.2000000030
11428  8.420  -67.721  8.364 1.0000000000
11472  20.830  -66.552  5.611 0.1000000015
11483  24.470  -67.653  4.591 0.1000000015
11484  23.518  -67.144  4.477 0.1000000015
11501  21.866  -66.300  3.261 0.1000000015
11520  19.618  -66.590  2.542 0.1000000015
11835  8.759  -66.895  34.943 0.2000000030
11852  7.355  -66.620  33.286 0.3000000119
11870  6.472  -66.377  32.460 0.3000000119
11881  7.363  -67.069  31.592 0.4000000060
11882  5.550  -66.104  32.052 0.4000000060
11883  4.919  -65.655  31.400 0.4000000060
11913  8.501  -66.471  29.680 0.5000000000
11925  12.338  -66.734  28.488 0.6999999881
11969  4.634  -66.505  25.695 0.8999999762
12118  4.542  -65.802  16.298 0.1000000015
12145  23.045  -66.276  11.497 0.1000000015
12147  21.120  -66.959  11.311 0.1000000015
12149  19.856  -65.964  11.056 0.1000000015
12160  19.077  -66.215  10.662 0.1000000015
12166  6.204  -64.772  8.893 0.6999999881
12171  25.666  -66.437  9.395 0.1000000015
12178  6.795  -65.500  8.653 0.6999999881
12227  21.752  -65.856  6.782 0.1000000015
12229  14.122  -66.601  5.609 0.6000000238
12255  20.054  -65.909  4.241 0.1000000015
12269  21.426  -65.611  3.175 0.1000000015
12270  20.802  -65.645  2.806 0.1000000015
12271  19.517  -65.874  2.958 0.1000000015
12272  18.791  -66.450  2.833 0.3000000119
12273  18.702  -66.404  3.045 0.1000000015
12283  19.990  -65.887  2.727 0.1000000015
12574  10.520  -65.936  36.598 0.1000000015
12588  10.326  -65.723  35.810 0.2000000030
12646  6.822  -65.733  32.843 0.3000000119
12665  5.393  -65.522  31.882 0.4000000060
12686  5.210  -65.217  29.712 0.5000000000
12697  5.980  -65.535  28.948 0.6000000238
12733  4.194  -65.971  25.591 0.8999999762
12786  3.665  -64.936  21.808 0.6999999881
12799  3.817  -66.175  20.981 0.5000000000
12813  3.667  -65.832  20.107 0.3000000119
12879  4.532  -65.080  16.341 0.1000000015
12881  4.277  -65.038  15.592 0.1000000015
12886  8.527  -64.700  14.130 0.8999999762
12895  12.883  -64.955  13.236 0.8999999762
12896  12.147  -65.188  13.429 0.8999999762
12898  10.184  -65.350  13.773 0.8999999762
12909  13.390  -65.246  12.566 0.8999999762
12932  10.336  -65.751  12.303 0.8999999762
12946  26.528  -65.110  10.409 0.1000000015
12954  8.150  -64.791  9.579 1.0000000000
12966  26.678  -65.465  9.358 0.1000000015
12969  13.418  -65.904  9.846 0.8999999762
12987  11.942  -65.427  7.410 0.6999999881
13002  12.390  -66.096  6.609 0.6999999881
13014  13.741  -65.723  5.743 0.3000000119
13040  20.675  -65.453  4.422 0.1000000015
13056  22.565  -65.433  4.308 0.1000000015
13389  11.991  -64.728  35.911 0.1000000015
13404  11.433  -64.860  35.490 0.1000000015
13405  10.823  -65.071  35.040 0.1000000015
13421  14.378  -64.642  34.836 0.1000000015
13424  11.652  -64.487  34.815 0.1000000015
13439  12.072  -63.992  34.086 0.1000000015
13441  9.712  -64.757  33.429 0.2000000030
13482  6.851  -64.467  31.760 0.4000000060
13483  5.694  -64.699  31.587 0.5000000000
13502  4.852  -64.694  30.419 0.5000000000
13514  5.063  -64.519  29.862 0.6000000238
13546  5.422  -65.194  26.370 0.8999999762
13566  4.957  -64.642  25.847 0.8999999762
13587  3.900  -63.927  24.610 0.8000000119
13601  3.901  -64.036  23.520 0.8000000119
13633  6.178  -64.979  20.311 0.1000000015
13634  3.228  -64.603  20.290 0.4000000060
13641  5.490  -64.935  19.832 0.1000000015
13643  3.822  -64.380  19.710 0.2000000030
13644  3.356  -64.197  19.954 0.2000000030
13710  10.603  -64.823  14.021 0.8999999762
13719  12.314  -64.650  13.455 0.8999999762
13731  25.542  -64.793  11.377 0.1000000015
13734  22.948  -64.879  11.254 0.1000000015
13736  21.029  -64.909  10.993 0.1000000015
13737  13.669  -64.910  12.020 0.8999999762
13750  20.307  -64.497  10.606 0.1000000015
13775  11.637  -64.538  7.202 0.5000000000
13795  13.300  -64.493  6.290 0.4000000060
13797  11.779  -64.410  6.464 0.5000000000
14220  12.832  -63.390  33.545 0.1000000015
14235  13.421  -62.939  32.971 0.1000000015
14239  9.841  -63.717  32.184 0.4000000060
14254  10.126  -63.108  31.807 0.3000000119
14257  7.501  -63.760  31.237 0.4000000060
14285  8.091  -63.175  30.734 0.4000000060
14317  5.607  -63.873  29.402 0.6000000238
14326  6.546  -63.173  27.988 0.6000000238
14339  6.974  -62.723  27.168 0.6999999881
14351  7.201  -63.851  25.846 0.6000000238
14419  7.630  -63.955  22.401 0.1000000015
14420  3.798  -63.104  22.429 0.8000000119
14436  11.342  -63.282  22.173 0.1000000015
14437  8.929  -63.178  22.018 0.1000000015
14454  3.452  -63.343  19.997 0.2000000030
14461  4.098  -63.452  19.629 0.2000000030
14540  12.012  -64.059  13.449 0.8999999762
14548  10.353  -63.163  12.838 0.8999999762
14570  24.311  -63.087  10.705 0.1000000015
14572  22.761  -63.643  10.326 0.1000000015
14582  21.160  -63.367  9.720 0.1000000015
14586  17.348  -63.793  9.084 0.2000000030
14628  12.124  -63.617  6.734 0.5000000000
15031  12.111  -62.188  32.549 0.1000000015
15046  10.652  -62.317  31.791 0.2000000030
15066  13.587  -61.771  30.834 0.1000000015
15069  8.584  -62.531  30.354 0.5000000000
15071  6.392  -62.846  29.798 0.6000000238
15089  9.078  -61.899  29.966 0.5000000000
15112  16.727  -62.842  27.055 0.1000000015
15138  6.816  -63.262  25.277 0.6999999881
15164  3.685  -62.632  23.273 0.8000000119
15202  12.878  -63.082  21.354 0.1000000015
15216  11.628  -62.765  20.590 0.1000000015
15230  8.529  -62.778  19.986 0.1000000015
15307  7.444  -62.452  12.592 0.8999999762
15327  27.531  -62.383  11.337 0.1000000015
15331  11.398  -62.731  11.331 0.8999999762
15336  27.883  -62.696  10.930 0.1000000015
15353  14.460  -62.128  9.687 0.6000000238
15417  16.278  -62.668  5.822 0.2000000030
15419  13.935  -62.154  6.655 0.2000000030
15430  16.507  -62.012  5.560 0.2000000030
15827  12.905  -61.543  31.195 0.2000000030
15829  11.032  -61.496  31.300 0.4000000060
15844  13.052  -61.369  30.516 0.1000000015
15847  10.620  -61.252  30.547 0.4000000060
15865  10.875  -60.763  29.990 0.5000000000
15866  9.575  -61.266  29.612 0.5000000000
15886  13.706  -61.301  28.900 0.2000000030
15891  6.664  -61.553  27.854 0.6000000238
15899  15.326  -61.954  27.193 0.4000000060
15902  7.798  -60.793  27.841 0.6999999881
15903  6.926  -61.035  27.476 0.6999999881
15917  17.801  -61.831  26.109 0.1000000015
15919  15.754  -61.696  26.595 0.2000000030
15923  6.925  -61.303  26.266 0.6999999881
15954  5.968  -61.494  24.474 0.8000000119
15968  5.821  -61.033  23.995 0.6999999881
15970  4.392  -61.599  23.459 0.8000000119
15982  4.676  -60.926  22.825 0.6000000238
15983  3.939  -61.262  22.585 0.6000000238
15998  3.696  -60.973  21.694 0.6000000238
16030  9.909  -61.588  18.795 0.1000000015
16031  9.132  -61.814  18.924 0.2000000030
16032  6.517  -61.600  18.579 0.4000000060
16034  4.858  -61.637  18.912 0.3000000119
16052  7.390  -60.579  17.995 0.5000000000
16054  5.027  -60.889  18.673 0.3000000119
16055  4.764  -60.611  18.852 0.5000000000
16067  6.170  -61.483  16.584 0.1000000015
16122  6.614  -60.782  12.862 0.6999999881
16153  23.202  -61.479  9.589 0.1000000015
16155  21.896  -62.025  9.077 0.1000000015
16156  16.670  -61.071  8.859 0.4000000060
16190  14.010  -61.097  7.053 0.3000000119
16204  19.984  -61.197  6.147 0.2000000030
16217  19.050  -61.200  5.409 0.2000000030
16219  17.490  -61.376  5.545 0.2000000030
16221  15.769  -61.042  5.822 0.2000000030
16724  10.231  -60.812  29.271 0.4000000060
16743  11.358  -60.584  28.245 0.5000000000
16744  10.600  -60.593  28.632 0.5000000000
16763  8.594  -60.608  27.356 0.8000000119
16773  13.493  -60.975  26.604 0.4000000060
16777  9.390  -60.552  26.790 0.6999999881
16791  20.305  -60.186  25.596 0.1000000015
16795  17.032  -60.699  25.004 0.1000000015
16796  15.718  -60.760  25.151 0.2000000030
16797  14.051  -60.855  25.884 0.4000000060
16800  11.364  -60.657  25.707 0.4000000060
16801  10.657  -60.605  25.723 0.6000000238
16804  7.361  -60.740  25.512 0.8000000119
16827  12.394  -60.563  24.291 0.6000000238
16828  11.236  -60.515  24.175 0.6000000238
16866  13.553  -60.079  22.832 0.5000000000
16869  10.882  -60.227  22.922 0.6999999881
16871  8.453  -59.885  22.586 0.8000000119
16872  7.642  -59.877  22.593 0.8999999762
16891  4.470  -60.284  20.117 0.6999999881
16908  4.566  -60.463  19.191 0.6000000238
16919  13.485  -60.824  18.101 0.1000000015
16934  20.245  -60.063  17.289 0.1000000015
16939  15.134  -59.917  16.678 0.5000000000
16943  11.227  -60.051  17.035 0.5000000000
16945  9.392  -59.518  17.165 0.5000000000
16946  8.587  -59.565  17.449 0.6000000238
16957  14.434  -59.653  16.496 0.4000000060
16958  13.755  -59.586  16.463 0.4000000060
16977  10.568  -60.604  14.286 0.1000000015
17023  26.925  -61.044  11.564 0.1000000015
17026  7.581  -60.704  11.333 0.8000000119
17032  25.014  -60.717  10.638 0.1000000015
17035  15.377  -60.248  10.323 0.5000000000
17040  8.538  -60.367  10.622 0.8999999762
17050  17.204  -60.592  9.454 0.5000000000
17051  16.574  -60.921  9.730 0.4000000060
17052  15.869  -61.141  10.123 0.5000000000
17067  16.675  -60.552  8.000 0.4000000060
17087  16.151  -59.971  7.024 0.4000000060
17104  15.888  -60.082  6.400 0.3000000119
17117  16.940  -60.515  5.766 0.3000000119
17118  16.061  -60.355  5.951 0.3000000119
17701  21.394  -59.144  25.243 0.1000000015
17724  18.442  -59.090  24.032 0.2000000030
17781  6.347  -59.739  20.165 0.6000000238
17797  6.500  -59.721  19.124 0.6000000238
17806  5.967  -59.913  18.680 0.6000000238
17820  10.824  -59.374  16.799 0.4000000060
17821  8.358  -59.270  17.651 0.6000000238
17831  15.789  -59.087  16.468 0.5000000000
17832  14.276  -59.271  16.390 0.4000000060
17837  7.533  -59.554  15.285 0.4000000060
17853  6.269  -59.233  14.000 0.6000000238
17876  10.557  -59.035  12.796 0.1000000015
17899  6.806  -60.273  12.925 0.6999999881
17924  16.881  -60.248  10.081 0.5000000000
17950  24.088  -59.292  8.438 0.1000000015
17994  18.114  -59.118  5.818 0.2000000030
18007  22.224  -59.114  3.891 0.1000000015
18623  19.146  -57.748  24.360 0.1000000015
18641  14.273  -56.727  23.095 0.4000000060
18642  14.003  -57.713  22.613 0.4000000060
18650  12.118  -57.657  21.257 0.6000000238
18651  11.558  -58.340  21.087 0.6000000238
18691  10.639  -57.699  19.658 0.8000000119
18692  10.252  -57.670  18.763 0.8000000119
18693  8.838  -58.525  18.624 0.8000000119
18714  9.171  -58.400  17.861 0.6999999881
18726  15.611  -58.878  16.653 0.5000000000
18729  12.150  -58.190  16.962 0.6000000238
18730  11.353  -58.085  17.012 0.6999999881
18739  20.773  -57.753  15.873 0.5000000000
18744  12.542  -58.901  16.676 0.5000000000
18803  7.442  -58.579  13.162 0.8000000119
18810  28.846  -58.837  11.802 0.1000000015
18834  25.422  -58.647  9.907 0.1000000015
18854  19.060  -59.275  8.982 0.3000000119
18870  19.899  -58.092  7.134 0.2000000030
18894  24.702  -58.757  4.245 0.1000000015
18909  21.491  -58.917  3.612 0.2000000030
19573  19.870  -56.444  24.692 0.1000000015
19584  16.374  -56.041  23.844 0.3000000119
19612  12.506  -56.995  21.571 0.6999999881
19660  12.384  -57.298  18.712 0.6999999881
19673  11.147  -57.714  17.451 0.6999999881
19730  30.889  -57.845  12.436 0.1000000015
19750  28.730  -57.984  11.725 0.1000000015
19772  25.544  -57.902  9.304 0.1000000015
19779  12.847  -57.736  8.902 0.6999999881
19795  14.269  -57.539  8.049 0.6999999881
20579  16.895  -55.765  23.711 0.3000000119
20651  10.822  -56.714  13.503 0.4000000060
20676  9.031  -56.044  13.261 0.8000000119
20686  28.613  -57.091  11.486 0.1000000015
20721  13.482  -56.601  8.064 0.8000000119
20749  13.807  -57.217  7.859 0.6999999881
21533  12.747  -55.891  14.263 0.3000000119
21535  11.095  -55.469  14.124 0.5000000000
21555  9.778  -55.450  13.784 0.5000000000
22407  12.183  -54.820  14.028 0.6999999881
22408  11.381  -55.046  13.982 0.5000000000
22495  23.189  -54.949  9.003 0.1000000015
23394  22.828  -53.781  7.520 0.1000000015
23396  21.657  -53.095  6.360 0.1000000015
24296  22.926  -53.087  8.931 0.1000000015
25120  31.716  -51.779  18.628 0.8000000119
26041  32.412  -51.279  18.370 1.0000000000
26052  34.158  -51.494  17.245 0.8999999762
26898  28.938  -49.688  20.348 1.0000000000
26951  34.055  -51.471  17.556 0.8999999762
26952  33.320  -51.585  17.976 0.8999999762
26970  32.578  -51.873  17.900 0.8999999762
27803  31.113  -49.640  17.664 0.6999999881
27849  14.753  -48.184  11.853 0.8000000119
29482  14.844  -46.784  12.208 0.6999999881
29495  20.294  -45.787  11.707 0.5000000000
30389  14.420  -45.316  11.300 0.5000000000
32056  24.238  -43.977  19.040 0.2000000030
101146  16.102  -88.162  0.280 0.5000000000
101147  17.398  -89.531  -1.267 1.0000000000
101150  16.329  -89.342  -0.182 0.6999999881
101152  14.020  -88.288  2.506 0.6999999881
101154  14.390  -86.799  1.895 0.8000000119
101167  12.518  -91.024  14.319 0.3000000119
101170  15.889  -88.915  12.854 0.6999999881
101173  14.501  -89.971  14.358 0.4000000060
101804  16.748  -89.661  -0.892 0.6999999881
102040  17.008  -89.791  -0.356 0.4000000060
102166  16.046  -88.572  -0.238 0.8999999762
102212  32.916  -52.610  16.122 0.8000000119
102223  16.000  -88.767  2.189 0.3000000119
102239  16.347  -88.674  12.337 0.8000000119
102282  17.490  -89.828  -1.166 1.0000000000
102354  18.048  -89.229  -1.483 1.0000000000
102442  16.137  -76.900  1.055 0.2000000030
102481  29.210  -78.971  9.691 0.1000000015
102615  17.268  -84.256  31.195 1.0000000000
102623  26.034  -64.145  11.367 0.1000000015
102731  7.234  -70.484  36.355 0.2000000030
102761  10.757  -87.548  24.592 0.3000000119
102762  16.240  -74.600  8.842 0.6000000238
102964  30.496  -77.441  18.993 0.1000000015
103003  15.354  -89.373  13.144 0.6999999881
103063  20.851  -86.113  23.451 0.8999999762
103313  12.627  -56.784  20.461 0.6999999881
103345  14.315  -61.714  28.392 0.1000000015
103375  11.022  -78.072  4.757 0.8000000119
103421  14.397  -80.154  2.196 0.6000000238
103513  26.914  -77.073  22.950 0.5000000000
103537  25.485  -64.057  11.374 0.1000000015
103579  22.783  -88.761  3.639 1.0000000000
103608  11.500  -69.167  37.022 0.2000000030
103629  29.518  -87.726  7.298 0.6000000238
103635  12.050  -89.312  21.486 0.1000000015
103744  14.278  -90.053  27.038 0.5000000000
103826  27.898  -84.215  -1.476 0.2000000030
103834  5.692  -69.228  31.507 0.6000000238
103948  10.669  -77.259  39.367 0.1000000015
103956  30.390  -80.314  29.446 0.4000000060
104084  24.735  -85.603  5.163 0.6000000238
104132  12.884  -87.262  9.032 0.8999999762
104161  3.714  -61.423  19.994 0.5000000000
104174  15.980  -58.253  19.317 0.8000000119
104188  18.659  -83.772  11.645 0.8000000119
104192  9.648  -82.900  10.013 0.4000000060
104273  17.714  -84.013  4.021 0.8000000119
104350  22.836  -81.634  3.868 0.3000000119
104392  36.780  -77.856  5.481 0.1000000015
104420  25.413  -79.325  6.039 0.1000000015
104515  18.292  -78.313  27.316 0.5000000000
104577  7.603  -76.399  35.257 0.2000000030
104590  31.881  -76.429  20.840 0.1000000015
104592  7.127  -69.352  30.118 0.6000000238
104673  14.844  -77.047  26.645 0.6000000238
104688  31.863  -85.111  18.517 0.5000000000
104740  12.937  -91.046  22.679 0.1000000015
104854  30.986  -89.070  7.509 0.6000000238
104874  19.193  -78.287  27.559 0.5000000000
104910  6.640  -60.183  18.062 0.5000000000
105014  12.340  -70.028  32.237 0.5000000000
105062  28.929  -87.753  3.828 0.6999999881
105256  10.735  -86.562  12.778 0.4000000060
105419  8.292  -83.092  15.825 0.1000000015
105438  9.595  -72.375  38.773 0.2000000030
105449  18.688  -84.771  24.026 0.8999999762
105579  37.377  -83.966  17.084 0.4000000060
105640  22.071  -63.885  10.348 0.1000000015
105679  17.620  -89.423  -1.376 1.0000000000
105779  16.333  -84.951  1.854 0.8000000119
105808  27.345  -83.279  8.968 0.8999999762
105819  31.677  -82.251  29.110 0.2000000030
105862  13.641  -77.011  38.412 0.1000000015
105880  21.355  -76.944  8.158 0.3000000119
105971  12.676  -78.416  37.141 0.1000000015
106019  18.514  -85.135  23.305 0.8999999762
106043  14.689  -80.901  2.424 0.6000000238
106115  12.476  -79.501  8.093 1.0000000000
106193  11.178  -72.424  40.361 0.2000000030
106224  26.087  -85.542  21.153 0.6999999881
106339  22.245  -77.676  -1.729 0.1000000015
106401  17.977  -64.156  9.785 0.2000000030
106503  15.086  -74.574  6.353 0.6000000238
106513  28.234  -82.331  13.823 0.8999999762
106563  5.549  -72.645  33.597 0.4000000060
106586  11.965  -75.219  26.865 0.5000000000
106625  21.485  -77.561  4.990 0.1000000015
106684  11.974  -80.111  1.541 0.6000000238
106824  3.565  -62.880  20.740 0.4000000060
106866  35.959  -82.158  6.074 0.1000000015
106889  6.995  -68.895  8.273 0.8999999762
106924  11.865  -80.261  6.835 1.0000000000
107063  18.398  -58.029  17.003 0.8999999762
107077  9.826  -83.158  19.876 0.1000000015
107117  16.813  -70.679  1.987 0.3000000119
107188  12.837  -69.358  33.538 0.4000000060
107229  24.710  -58.430  6.432 0.1000000015
107262  27.675  -87.580  18.290 0.8000000119
107280  23.226  -81.270  19.646 0.8000000119
107300  30.057  -80.440  7.990 0.2000000030
107348  19.355  -90.107  6.292 0.1000000015
107415  5.937  -59.608  14.379 0.6999999881
107442  17.605  -88.889  -1.412 1.0000000000
107472  27.014  -82.285  11.933 0.8999999762
107505  7.703  -69.589  33.223 0.3000000119
107538  4.192  -65.241  25.506 0.8999999762
107556  17.535  -87.421  24.368 0.8999999762
107660  24.792  -91.644  9.208 0.1000000015
107665  19.324  -70.109  10.038 0.2000000030
107726  4.848  -70.911  28.545 0.6000000238
107735  15.378  -71.865  8.204 0.8999999762
107799  18.155  -90.673  24.375 0.8999999762
107862  15.809  -63.241  6.269 0.2000000030
107897  7.586  -82.067  22.401 0.5000000000
107907  10.315  -69.972  40.433 0.2000000030
107934  27.455  -80.613  35.399 0.2000000030
107951  6.930  -69.824  27.651 0.6999999881
107993  14.480  -90.933  19.124 0.1000000015
107997  36.526  -76.008  17.640 0.1000000015
108000  17.967  -87.614  18.424 0.1000000015
108048  20.975  -89.859  5.873 0.1000000015
108128  9.703  -71.490  5.869 1.0000000000
108182  16.705  -74.460  7.219 0.5000000000
108466  21.354  -81.422  7.092 0.5000000000
108473  16.325  -86.434  -0.404 0.8000000119
108497  25.333  -91.498  8.497 0.1000000015
108503  37.369  -82.703  5.522 0.1000000015
108595  18.348  -87.047  -1.515 0.8999999762
108626  27.548  -88.253  12.876 0.3000000119
108774  9.898  -60.514  25.280 0.6999999881
108819  4.506  -67.896  13.015 0.1000000015
108853  13.499  -90.855  8.890 0.2000000030
108924  28.854  -83.297  29.300 0.3000000119
108940  10.102  -66.420  28.646 0.6000000238
108994  30.984  -87.692  7.422 0.4000000060
109005  26.856  -87.550  26.367 0.8000000119
109040  35.742  -83.934  12.526 0.3000000119
109052  9.711  -67.233  26.821 0.6999999881
109135  23.967  -85.009  -0.382 0.5000000000
109158  22.590  -84.055  19.708 0.8999999762
109384  33.699  -80.325  6.398 0.1000000015
109398  20.122  -70.190  10.252 0.2000000030
109439  20.814  -92.017  20.466 0.5000000000
109450  22.605  -89.874  19.734 0.5000000000
109484  5.214  -73.680  25.749 0.6999999881
109579  9.110  -83.595  27.858 0.6999999881
109606  24.637  -70.775  1.874 0.1000000015
109676  13.291  -86.852  6.465 0.8999999762
109712  21.840  -67.139  11.341 0.1000000015
109728  13.750  -67.303  6.733 0.6999999881
109751  10.765  -84.235  27.485 0.8000000119
109816  28.958  -83.933  25.303 0.3000000119
109930  19.537  -82.950  23.676 0.8000000119
110029  8.336  -81.913  15.665 0.1000000015
110043  6.468  -64.262  28.267 0.6000000238
110046  4.001  -60.850  19.650 0.6000000238
110252  17.523  -85.506  -0.721 0.8000000119
110306  21.592  -90.350  24.320 0.8000000119
110319  17.294  -88.056  24.058 0.8999999762
110329  26.535  -88.908  15.366 0.2000000030
110330  29.992  -84.159  18.409 0.4000000060
110523  5.797  -63.262  29.613 0.6000000238
110536  13.142  -85.504  3.059 0.8000000119
110539  9.618  -73.287  20.829 0.8000000119
110551  5.822  -73.551  28.954 0.6999999881
110560  18.223  -74.210  8.241 0.6000000238
110651  9.952  -77.705  38.175 0.1000000015
110691  26.023  -85.931  5.593 0.6999999881
110722  22.214  -90.416  8.296 0.1000000015
110849  10.978  -88.255  22.497 0.1000000015
110952  14.398  -83.644  8.758 0.8000000119
110958  8.305  -83.017  16.720 0.1000000015
111034  22.073  -81.364  6.017 0.4000000060
111037  8.052  -65.938  33.806 0.3000000119
111166  11.911  -72.476  15.208 0.1000000015
111219  14.605  -81.079  33.618 0.2000000030
111226  24.040  -71.617  0.296 0.1000000015
111255  6.583  -78.966  9.947 0.3000000119
111288  12.804  -70.957  26.850 0.6999999881
111332  16.000  -73.110  10.740 0.6999999881
111351  38.296  -82.146  5.364 0.1000000015
111356  12.050  -76.074  10.597 0.8999999762
111369  17.634  -70.811  1.871 0.3000000119
111437  18.071  -92.019  23.161 0.5000000000
111455  17.684  -80.481  35.558 0.1000000015
111463  8.025  -82.551  21.917 0.3000000119
111469  23.037  -81.118  1.715 0.3000000119
111569  28.176  -87.942  13.169 0.4000000060
111778  21.952  -88.171  1.434 0.8999999762
111799  13.530  -83.758  29.057 1.0000000000
111809  7.143  -78.285  22.561 0.8000000119
111826  15.685  -49.014  12.491 0.6000000238
111861  12.878  -87.040  28.067 0.5000000000
111918  21.060  -70.103  5.321 0.2000000030
111963  12.489  -88.191  14.020 0.5000000000
112050  6.709  -79.784  13.701 0.1000000015
112138  24.401  -82.320  25.430 0.6999999881
112223  10.912  -74.487  38.596 0.2000000030
112274  13.006  -64.603  36.822 0.1000000015
112314  9.878  -60.443  14.529 0.1000000015
112340  8.291  -77.599  30.078 0.8000000119
112348  4.144  -66.174  23.046 0.8999999762
112357  9.241  -85.304  14.872 0.1000000015
112422  25.512  -89.106  15.467 0.2000000030
112457  30.798  -88.693  7.987 0.6999999881
112466  13.029  -75.911  1.541 0.4000000060
112514  7.178  -77.081  5.939 0.6000000238
112516  19.084  -90.914  22.428 0.6999999881
112733  31.599  -80.976  3.499 0.1000000015
112772  24.778  -88.085  18.882 0.5000000000
112878  6.619  -74.586  30.522 0.5000000000
113124  13.081  -71.149  7.023 0.8999999762
113177  20.914  -78.247  3.576 0.1000000015
113273  7.914  -79.149  6.515 0.6999999881
113316  10.704  -74.194  29.750 0.4000000060
113395  28.751  -88.116  21.361 1.0000000000
113491  4.841  -74.097  15.319 0.4000000060
113699  14.266  -91.555  22.935 0.1000000015
113804  14.355  -46.040  12.011 0.5000000000
113848  18.456  -66.025  10.303 0.1000000015
113908  30.575  -82.427  29.924 0.4000000060
114040  14.258  -45.807  11.519 0.5000000000
114068  23.733  -48.677  13.176 0.2000000030
114190  23.979  -82.198  -2.093 0.3000000119
114212  37.583  -82.142  1.795 0.1000000015
114381  10.485  -71.868  40.495 0.1000000015
114419  24.146  -71.449  0.993 0.1000000015
114420  27.001  -88.159  25.570 0.8000000119
114438  21.114  -51.666  6.556 0.1000000015
114456  21.963  -90.988  19.771 0.6000000238
114458  24.771  -84.383  1.919 0.6999999881
114510  30.963  -84.861  18.611 0.6000000238
114534  17.461  -60.160  24.319 0.2000000030
114722  27.970  -84.483  19.552 0.6000000238
114729  20.514  -50.391  7.269 0.1000000015
114750  7.963  -82.322  27.056 1.0000000000
114752  7.326  -64.507  11.642 0.8999999762
114808  10.813  -81.967  2.984 0.8000000119
114861  19.183  -83.015  22.973 0.8000000119
114869  19.317  -83.645  11.511 0.8000000119
114884  4.769  -67.232  20.105 0.4000000060
114992  17.329  -87.250  11.810 0.8000000119
114996  19.657  -87.753  20.386 0.8999999762
115020  29.735  -77.426  4.343 0.1000000015
115082  20.195  -87.323  5.591 0.3000000119
115198  18.964  -70.653  10.207 0.2000000030
115207  8.803  -69.212  4.926 1.0000000000
115244  19.919  -65.662  3.393 0.1000000015
115270  27.412  -88.612  14.309 0.3000000119
115290  12.795  -60.414  23.462 0.5000000000
115304  18.809  -89.609  5.467 0.1000000015
115329  27.812  -84.074  28.944 0.4000000060
115389  19.056  -91.392  18.507 0.2000000030
115407  15.304  -61.354  19.677 0.1000000015
115528  21.855  -87.291  0.811 0.8999999762
115552  15.904  -86.572  -0.058 0.8000000119
115582  22.513  -72.841  -0.393 0.1000000015
115628  33.094  -82.530  23.429 0.1000000015
115772  14.962  -90.066  19.667 0.1000000015
116228  34.107  -52.750  16.746 0.8000000119
116237  34.201  -52.368  16.471 0.8000000119
116468  34.145  -52.022  16.906 0.8000000119
116563  28.184  -83.002  18.463 0.5000000000
116647  21.738  -90.198  23.397 0.8000000119
116650  6.554  -64.494  20.655 0.1000000015
116728  25.197  -86.054  21.951 0.8000000119
116734  22.836  -73.030  -1.075 0.1000000015
116748  23.451  -82.614  32.961 0.3000000119
116813  27.229  -78.707  4.995 0.1000000015
116821  25.275  -83.247  9.484 0.5000000000
116919  8.331  -69.586  30.983 0.6000000238
116926  6.781  -79.894  14.410 0.1000000015
116990  12.141  -79.823  29.219 0.8999999762
116997  12.029  -65.049  6.045 0.5000000000
117012  8.120  -71.110  39.126 0.2000000030
117170  9.375  -72.808  8.022 1.0000000000
117178  14.977  -86.112  1.804 0.8999999762
117263  10.706  -87.035  26.036 0.3000000119
117306  18.221  -88.180  18.244 0.1000000015
117376  17.602  -75.956  27.632 0.6000000238
117413  28.994  -76.916  11.117 0.2000000030
117433  32.079  -80.408  33.684 0.2000000030
117440  11.129  -87.993  26.196 0.2000000030
117450  21.801  -79.471  23.630 0.8000000119
117501  7.376  -71.017  37.442 0.2000000030
117516  21.940  -88.916  26.454 0.8999999762
117543  11.341  -68.262  40.273 0.2000000030
117606  12.813  -68.088  31.547 0.5000000000
117650  23.430  -86.184  14.473 0.1000000015
117753  8.461  -62.124  19.124 0.2000000030
117822  30.632  -77.295  18.297 0.1000000015
117861  24.186  -77.681  22.467 0.6000000238
117895  21.887  -67.345  7.297 0.1000000015
117900  7.595  -80.796  27.331 0.8999999762
117973  19.905  -77.228  27.585 0.5000000000
118013  12.261  -78.487  7.515 0.8999999762
118051  16.081  -88.564  13.013 0.8000000119
118126  25.590  -81.979  -2.863 0.2000000030
118151  12.957  -89.383  26.526 0.1000000015
118182  26.769  -83.919  14.350 0.6999999881
118201  22.379  -58.168  3.951 0.1000000015
118234  31.807  -81.591  3.576 0.1000000015
118460  21.948  -87.011  25.675 1.0000000000
118465  21.402  -79.549  32.279 0.3000000119
118532  10.802  -86.102  10.987 0.4000000060
118539  34.970  -83.979  4.150 0.2000000030
118615  14.001  -90.513  11.090 0.4000000060
118761  11.359  -83.443  30.784 1.0000000000
118763  35.414  -83.471  4.658 0.2000000030
118779  11.747  -85.266  20.469 0.1000000015
118813  21.599  -77.387  4.162 0.1000000015
118831  23.194  -83.960  24.698 0.8000000119
118863  8.981  -64.375  14.269 0.8999999762
118888  11.165  -88.006  16.783 0.1000000015
119002  7.683  -73.800  28.142 0.6999999881
119043  11.907  -90.216  20.879 0.1000000015
119051  7.160  -62.760  25.346 0.8999999762
119054  16.874  -87.228  -1.269 0.8999999762
119106  7.689  -78.882  6.504 0.6999999881
119134  30.999  -85.878  1.743 0.4000000060
119138  25.692  -84.107  27.495 0.5000000000
119166  29.804  -87.126  22.148 1.0000000000
119196  17.016  -77.589  5.135 0.3000000119
119291  20.366  -77.735  34.605 0.1000000015
119318  19.196  -87.154  4.174 0.3000000119
119389  13.734  -81.605  2.002 0.6000000238
119579  36.545  -82.133  6.119 0.1000000015
119583  8.335  -79.302  25.651 0.8999999762
119668  11.353  -85.207  6.667 0.8999999762
119682  20.627  -88.896  24.170 0.8999999762
119795  13.432  -64.489  35.886 0.1000000015
119802  28.651  -87.637  18.893 0.8999999762
119804  20.039  -78.704  -1.804 0.2000000030
119839  9.053  -71.472  40.212 0.2000000030
119863  16.986  -84.307  2.013 0.6999999881
119938  17.002  -83.951  11.745 0.8000000119
119983  24.275  -91.589  8.660 0.1000000015
119997  21.410  -88.148  6.170 0.3000000119
120001  25.745  -83.041  12.483 0.5000000000
120039  8.735  -59.228  20.415 0.8000000119
120042  36.458  -83.675  17.899 0.4000000060
120072  24.245  -71.220  1.645 0.1000000015
120158  16.645  -79.213  5.870 0.4000000060
120196  24.790  -65.029  11.464 0.1000000015
120267  37.427  -81.154  5.961 0.1000000015
120302  31.466  -79.462  6.772 0.1000000015
120345  30.103  -83.782  4.191 0.3000000119
120357  20.827  -89.774  25.712 0.8999999762
120443  31.484  -87.186  3.592 0.6000000238
120515  16.359  -76.751  -0.101 0.2000000030
120639  25.325  -88.531  9.151 0.1000000015
120644  5.896  -59.928  20.853 0.8000000119
120698  26.061  -91.119  8.094 0.1000000015
120729  16.164  -83.490  10.821 0.8999999762
120775  10.940  -72.737  2.979 0.6000000238
120812  4.870  -70.596  32.996 0.6000000238
120929  14.017  -87.229  2.129 0.8000000119
120956  18.815  -90.069  21.297 0.8999999762
120979  4.122  -66.373  22.014 0.6999999881
121013  13.689  -89.178  14.520 0.3000000119
121036  11.555  -58.193  12.253 0.1000000015
121044  7.052  -75.997  32.307 0.4000000060
121165  9.786  -60.298  23.722 0.8000000119
121295  4.932  -69.954  32.941 0.5000000000
121379  29.486  -80.769  35.824 0.2000000030
121404  21.776  -84.054  -2.306 0.6000000238
121417  31.647  -82.467  26.700 0.1000000015
121428  13.025  -72.110  24.571 0.6999999881
121480  21.102  -80.409  23.374 0.6999999881
121543  20.504  -83.376  25.816 0.8000000119
121554  24.244  -66.539  11.097 0.1000000015
121563  25.846  -87.859  2.333 0.8999999762
121571  22.386  -75.093  3.307 0.1000000015
121585  13.905  -64.441  35.369 0.1000000015
121815  17.221  -78.086  6.443 0.4000000060
121883  29.586  -82.388  17.855 0.4000000060
121884  23.664  -90.663  8.482 0.1000000015
121935  16.086  -76.430  29.125 0.5000000000
121980  28.928  -87.391  24.565 0.8999999762
122154  30.961  -85.291  8.759 0.5000000000
122270  11.439  -73.053  19.692 0.8000000119
122309  22.345  -90.309  19.333 0.5000000000
122317  15.285  -76.343  40.079 0.1000000015
122346  19.443  -47.000  13.021 0.4000000060
122356  28.099  -86.472  25.878 0.8999999762
122385  14.175  -60.719  25.259 0.5000000000
122438  9.245  -75.225  19.990 1.0000000000
122534  26.512  -81.935  13.082 0.8000000119
122537  16.538  -85.808  5.039 0.8999999762
122615  10.642  -86.636  22.878 0.1000000015
122626  11.513  -73.057  39.249 0.2000000030
122697  22.867  -81.687  30.259 0.4000000060
122704  27.014  -88.319  12.654 0.1000000015
122736  8.173  -80.304  20.423 0.1000000015
122745  6.273  -70.228  34.341 0.4000000060
122756  6.293  -66.806  19.647 0.1000000015
122762  17.480  -69.190  8.379 0.4000000060
122768  15.765  -61.010  19.112 0.1000000015
122792  12.480  -88.053  27.377 0.3000000119
122832  34.248  -83.587  15.236 0.6000000238
122835  27.986  -88.948  16.366 0.5000000000
122901  36.223  -83.967  4.597 0.1000000015
122921  26.009  -59.583  10.732 0.1000000015
122927  12.348  -87.002  8.105 0.8999999762
122967  6.587  -74.611  35.003 0.3000000119
122997  11.552  -85.651  8.250 0.8000000119
123034  8.260  -82.970  24.222 0.6000000238
123035  5.211  -73.376  27.061 0.6999999881
123059  22.593  -77.574  -2.119 0.1000000015
123063  17.329  -62.858  27.057 0.1000000015
123281  22.646  -77.188  33.112 0.1000000015
123326  21.550  -66.697  11.412 0.1000000015
123329  20.655  -78.210  34.886 0.1000000015
123333  3.910  -61.299  19.502 0.5000000000
123364  26.308  -78.459  27.221 0.5000000000
123414  14.586  -80.613  2.313 0.6000000238
123415  12.498  -63.896  13.142 0.8999999762
123445  11.115  -86.479  26.854 0.3000000119
123449  31.936  -86.080  18.265 0.8000000119
123483  18.715  -91.030  18.780 0.1000000015
123502  19.404  -84.691  9.346 0.8999999762
123507  21.829  -90.574  6.918 0.1000000015
123516  20.159  -92.135  19.984 0.4000000060
123530  16.964  -87.682  25.370 0.8999999762
123543  31.559  -85.844  9.764 0.4000000060
123551  21.528  -71.937  9.560 0.4000000060
123641  24.344  -81.933  33.363 0.3000000119
123670  11.478  -87.416  10.604 0.8000000119
123686  8.266  -69.092  24.016 0.8999999762
123710  11.714  -60.660  27.659 0.6000000238
123765  30.712  -77.208  17.772 0.1000000015
123775  17.039  -81.377  34.481 0.1000000015
123785  25.980  -91.226  8.503 0.1000000015
123825  29.048  -77.402  11.373 0.2000000030
123827  23.055  -82.925  24.203 0.8000000119
123829  8.954  -67.466  34.403 0.2000000030
123866  12.181  -87.910  13.243 0.4000000060
123868  20.971  -61.085  7.490 0.2000000030
123877  4.675  -65.191  30.816 0.5000000000
123973  17.780  -84.719  11.792 0.8999999762
123989  10.227  -80.024  35.699 0.2000000030
123993  4.843  -62.538  24.590 0.8000000119
124026  9.845  -84.174  20.311 0.1000000015
124075  28.965  -83.921  27.648 0.3000000119
124100  22.614  -81.410  5.650 0.4000000060
124188  11.212  -66.514  38.029 0.1000000015
124193  7.901  -64.487  10.178 1.0000000000
124206  17.967  -71.592  1.771 0.3000000119
124259  4.950  -71.620  16.213 0.5000000000
124269  31.281  -87.929  6.811 0.5000000000
