global_signal	global_signal_derivative1	global_signal_derivative1_power2	global_signal_power2	csf	csf_derivative1	csf_power2	csf_derivative1_power2	white_matter	white_matter_derivative1	white_matter_derivative1_power2	white_matter_power2	csf_wm	tcompcor	std_dvars	dvars	framewise_displacement	rmsd	t_comp_cor_00	t_comp_cor_01	t_comp_cor_02	t_comp_cor_03	t_comp_cor_04	t_comp_cor_05	t_comp_cor_06	c_comp_cor_00	c_comp_cor_01	c_comp_cor_02	c_comp_cor_03	c_comp_cor_04	c_comp_cor_05	c_comp_cor_06	c_comp_cor_07	c_comp_cor_08	c_comp_cor_09	c_comp_cor_10	c_comp_cor_11	c_comp_cor_12	c_comp_cor_13	c_comp_cor_14	w_comp_cor_00	w_comp_cor_01	w_comp_cor_02	w_comp_cor_03	w_comp_cor_04	w_comp_cor_05	w_comp_cor_06	w_comp_cor_07	w_comp_cor_08	w_comp_cor_09	w_comp_cor_10	w_comp_cor_11	w_comp_cor_12	w_comp_cor_13	w_comp_cor_14	w_comp_cor_15	w_comp_cor_16	w_comp_cor_17	w_comp_cor_18	w_comp_cor_19	w_comp_cor_20	w_comp_cor_21	w_comp_cor_22	w_comp_cor_23	w_comp_cor_24	w_comp_cor_25	w_comp_cor_26	w_comp_cor_27	w_comp_cor_28	w_comp_cor_29	w_comp_cor_30	w_comp_cor_31	w_comp_cor_32	w_comp_cor_33	w_comp_cor_34	w_comp_cor_35	w_comp_cor_36	w_comp_cor_37	w_comp_cor_38	w_comp_cor_39	w_comp_cor_40	w_comp_cor_41	w_comp_cor_42	w_comp_cor_43	w_comp_cor_44	w_comp_cor_45	w_comp_cor_46	w_comp_cor_47	w_comp_cor_48	w_comp_cor_49	w_comp_cor_50	w_comp_cor_51	w_comp_cor_52	w_comp_cor_53	w_comp_cor_54	w_comp_cor_55	w_comp_cor_56	w_comp_cor_57	w_comp_cor_58	w_comp_cor_59	w_comp_cor_60	a_comp_cor_00	a_comp_cor_01	a_comp_cor_02	a_comp_cor_03	a_comp_cor_04	a_comp_cor_05	a_comp_cor_06	a_comp_cor_07	a_comp_cor_08	a_comp_cor_09	a_comp_cor_10	a_comp_cor_11	a_comp_cor_12	a_comp_cor_13	a_comp_cor_14	a_comp_cor_15	a_comp_cor_16	a_comp_cor_17	a_comp_cor_18	a_comp_cor_19	a_comp_cor_20	a_comp_cor_21	a_comp_cor_22	a_comp_cor_23	a_comp_cor_24	a_comp_cor_25	a_comp_cor_26	a_comp_cor_27	a_comp_cor_28	a_comp_cor_29	a_comp_cor_30	a_comp_cor_31	a_comp_cor_32	a_comp_cor_33	a_comp_cor_34	a_comp_cor_35	a_comp_cor_36	a_comp_cor_37	a_comp_cor_38	a_comp_cor_39	a_comp_cor_40	a_comp_cor_41	a_comp_cor_42	a_comp_cor_43	a_comp_cor_44	a_comp_cor_45	a_comp_cor_46	a_comp_cor_47	a_comp_cor_48	a_comp_cor_49	a_comp_cor_50	a_comp_cor_51	a_comp_cor_52	a_comp_cor_53	a_comp_cor_54	a_comp_cor_55	a_comp_cor_56	a_comp_cor_57	a_comp_cor_58	a_comp_cor_59	edge_comp_00	edge_comp_01	edge_comp_02	edge_comp_03	edge_comp_04	edge_comp_05	edge_comp_06	edge_comp_07	edge_comp_08	edge_comp_09	edge_comp_10	edge_comp_11	edge_comp_12	edge_comp_13	edge_comp_14	edge_comp_15	edge_comp_16	edge_comp_17	edge_comp_18	edge_comp_19	edge_comp_20	edge_comp_21	edge_comp_22	edge_comp_23	cosine00	cosine01	cosine02	cosine03	cosine04	cosine05	cosine06	cosine07	trans_x	trans_x_derivative1	trans_x_derivative1_power2	trans_x_power2	trans_y	trans_y_derivative1	trans_y_power2	trans_y_derivative1_power2	trans_z	trans_z_derivative1	trans_z_derivative1_power2	trans_z_power2	rot_x	rot_x_derivative1	rot_x_power2	rot_x_derivative1_power2	rot_y	rot_y_derivative1	rot_y_power2	rot_y_derivative1_power2	rot_z	rot_z_derivative1	rot_z_derivative1_power2	rot_z_power2	motion_outlier00	motion_outlier01
1617.9745570906955	n/a	n/a	2617841.667392832	2282.1580312412416	n/a	5208245.2795589	n/a	1731.898490545099	n/a	n/a	2999472.3815523926	1830.71115740523	1600.7538585546397	n/a	n/a	n/a	n/a	0.04034327	-0.0283929327	0.0089094687	-0.0467819286	0.0988533299	-0.0465405054	0.0592053784	-0.0588600166	0.0436989399	-0.067604	-0.0782290901	0.0428944108	-0.0731580822	0.1334052032	-0.007836828	0.0405694306	0.2123107602	-0.0529210797	-0.0827608471	0.1367321102	-0.0230347042	-0.0976488349	0.0085689206	-0.0045429712	0.0846482912	0.0091117498	-0.0505736926	0.0040698098	-0.0305170114	0.0870335801	-0.0623259903	0.0311972731	-0.0014881406	0.0074921298	-0.0089842743	0.122297721	-0.0244831451	0.0099819042	-0.0429975103	0.0149159834	-0.0572343391	0.0045086049	-0.0495928201	-0.0461974172	0.0878075468	-0.0303045185	0.1008539038	0.1278594897	-0.03092602	0.0909208537	-0.0249724179	-0.0096538074	-0.04100549	0.0006119487	-0.0575509486	0.0480645633	-0.019697717	0.0539098552	-0.0163516516	0.0528637402	-0.07432969	0.108515046	-0.0685082465	0.033984863	-0.0732181955	0.0149421967	-0.0085576818	0.0710990915	-0.032240726	0.0253350458	-0.0531206965	0.1123952194	-0.0079964253	0.039885374	-0.0080118116	0.0256685502	-0.1178416041	0.0507842439	-0.085998088	-0.0219846497	0.0099529715	-0.0935793458	0.0691896324	-0.0536845303	0.0155701815	-0.0067907499	0.0359155796	-0.0908807449	0.0717462718	0.0556037911	-0.0643156447	0.0183498145	-0.0012805508	0.0168948176	-0.0580836149	0.1716349315	-0.04653053	0.0441227507	-0.0975967098	0.0672818523	-0.0041329297	0.0822021012	-0.0393145361	0.0419178537	-0.0233799287	0.0836437961	-0.0405226486	0.0817413045	-0.0393561559	0.0046191999	0.0428454943	-0.0433120044	-0.004456689	0.0298969685	0.0834165814	-0.0563013587	-0.0704338411	-0.0186107689	0.092764432	-0.0031877902	0.063895519	-0.1347411747	0.0924051041	-0.0806675107	0.0843812474	-0.0232748836	0.0360306761	-0.0141408388	0.0047009824	-0.0001325153	0.1071035012	-0.033741784	0.1044041888	-0.0343272235	0.0149457196	-0.0389889989	0.1410155862	-0.1283060141	0.0146395469	0.0823693769	-0.0795090133	0.1223933574	-0.0476736772	-0.0075491388	0.0352621785	-0.1549435283	0.0119383902	-0.0298418164	0.0018844789	-0.0343176343	0.0451543815	-0.0650238737	-0.0294606817	0.0538874609	-0.1653475321	0.0642766499	-0.0386736434	0.0046190019	-0.0155651292	0.0268498974	-0.0663778016	0.0309351043	0.014159844	-0.0871508264	0.0240864421	-0.0040622041	0.0366113419	0.0816485389	0.0816451812	0.0816395852	0.081631751	0.0816216788	0.0816093689	0.0815948217	0.0815780375	0.0027469244326283	n/a	n/a	7.545593838570307e-06	-0.0427784331813541	n/a	0.0018299943454515	n/a	0.0919730382326662	n/a	n/a	0.0084590397617474	8.735149390553593e-05	n/a	7.630283487528881e-09	n/a	0.0005050257945282	n/a	2.550510531388397e-07	n/a	0.0005879780804376	n/a	n/a	3.457182230750848e-07	0.0	0.0
1617.1183015255576	-0.8562555651378716	0.7331735928295758	2615071.601128904	2262.7665479172506	-19.391483323991	5120112.450373352	376.0296255046209	1734.037997381037	2.139506835937937	4.577489501025161	3006887.7763612373	1822.2816982827624	1557.3951934888978	1.054827	29.043289	0.1300336255882903	0.0639666970980581	-0.0344332582	0.0127192785	0.1201466864	-0.0334794839	0.0346527509	0.0116696101	0.0343929712	0.0936962695	0.0352190335	-0.0340752177	0.0615933454	0.0208258536	0.0163923908	0.0761374047	0.0077427117	-0.0062142457	-0.058548771	0.0304717128	-0.0434253658	0.0354212031	-0.1610968328	-0.13369609	-0.0079944331	-0.063607186	0.0067664984	0.1261471613	-0.0658244797	-0.0198524383	-0.0188538375	-0.0027252891	0.0242963507	0.0217221672	0.0664457404	-0.0341128975	-0.0173417717	-0.004591125	0.0376769258	0.043884854	-0.0496920483	0.0091228855	-0.0267864931	-0.0065174156	0.0162399049	0.0070215595	0.0507519195	-0.0063165746	-0.0275893373	0.1282122758	-0.0501015071	0.1454655503	-0.0739197776	0.0340789096	-0.0482392823	0.0653681087	-0.0112834604	-0.0616317338	-0.0567297475	-0.0307737318	-0.0040868593	-0.1244498956	-0.0572528345	0.0021779408	0.010993888	0.0472700236	-0.0486010746	-0.0355595402	-0.0492355902	-0.0173020444	-0.0471107094	-0.0577329625	-0.0386240857	-0.0624457134	0.0391432792	-0.0550430938	0.0188243242	0.1257228966	-0.0254920137	-0.016091429	0.0538016304	0.0125305483	0.0878229147	-0.1162249353	-0.0688334674	0.0963866077	0.0330988693	0.0042754623	-0.0543841072	0.0421546219	0.0865958013	0.0430140927	-0.0648776389	-0.0123293078	0.0864069387	-0.0148152273	0.0168425666	0.0608687951	-0.0343153256	0.0483208802	-0.1184689719	0.0429704183	0.0536571421	-0.1182522986	-0.0541287248	0.0612675679	0.0748434426	0.0804480103	0.0702953401	0.0152764055	-0.0510648775	-0.0222629214	-0.0150963021	-0.0885436318	0.0452670611	-0.0391371434	0.0791740838	0.0843995395	0.0342640929	0.0942498292	0.0322100071	-0.1126166253	-0.0043724881	-0.0434292694	0.1233160129	0.0122126626	-0.1163494084	0.0710165382	-0.0250948658	-0.0847412008	-0.008771975	0.0059196758	0.1143721063	-0.0077057674	0.0659526437	-0.0457420931	0.0838469528	-0.0336535926	0.056167567	-0.0196218116	-0.0077355322	-0.087262765	0.0210711109	0.1215953481	0.0773947932	-0.0186724057	0.1010540886	-0.0906492341	-0.0120425337	-0.0582434602	-0.009552618	0.0747116493	0.1239056854	0.0110207918	-0.0504851887	0.0049251162	-0.0590484378	-0.0233689441	-0.0734290303	-0.0045448696	0.0203019445	0.036839831	-0.0664868946	0.0446152898	-0.1468532389	0.0765648514	-0.0008253618	0.0074710111	0.0618285906	0.0816395852	0.0816093689	0.0815590168	0.0814885411	0.0813979594	0.081287294	0.0811565722	0.0810058262	-2.934218903760666e-05	-0.0027762666216659	7.707656354576225e-06	8.609640575186444e-10	-0.0547570071570504	-0.0119785739756962	0.0029983298327972	0.0001434862344912	0.0445412689291799	-0.0474317693034863	0.0022497727392591	0.0019839246378215	-0.0008871697587818	-0.0009745212526873	7.870701808969573e-07	9.496916719392946e-07	0.0007503002306283	0.0002452744361	5.629504360808801e-07	6.015954900422199e-08	0.0004508334554762	-0.0001371446249614	1.8808648155803072e-08	2.032508045766108e-07	0.0	0.0
1616.675505160074	-0.442796365483673	0.1960686212855505	2613639.6889845803	2253.887077844731	-8.87947007251978	5080006.959675459	78.84498876877443	1729.8323758212002	-4.2056215598368	17.687252704564116	2992320.048439218	1822.2324012417744	1543.7443719568123	1.086475	29.914692	0.0766159837090195	0.0397757823250135	0.0070102075	-0.0228135919	-0.0398521193	-0.1308867752	0.0115898929	0.1055654067	0.0851522982	-0.1164621983	0.0132277717	0.014486938	-0.0209938306	0.0348224413	-0.0651889143	0.1716842102	-0.0114057243	-0.1174826513	-0.0232250183	0.0052586911	-0.1199055	0.1340785058	0.028456143	0.1201575051	-0.0130692537	0.0241456586	0.0076142694	-0.0154699638	-0.0994551123	-0.0320854634	0.0045108819	0.0683870313	0.0342470792	0.0247073234	-0.0032803941	0.025077063	0.0032307235	0.0129997815	0.0867668663	-0.1042156504	-0.0139530562	-0.1109684909	0.0036849038	-0.0649048042	-0.1313142205	-0.0417671435	0.0093695967	0.106969499	0.0303106183	0.0301671198	-0.0249350626	0.0288191206	-0.0124821223	-0.0045327062	-0.0595782123	-0.0426910246	-0.0238445011	0.0242400519	0.0689904977	-0.0549396191	0.01729064	-0.0639854444	-0.0231131959	0.0034154155	0.0221054851	-0.0270351535	-0.0216765167	0.1451280454	-0.0106034298	0.1370991289	-0.0088572954	0.0344745765	0.0003706765	-0.0861505462	0.0643056136	-0.0254649986	-0.0413666242	-0.0630287201	0.0010157722	0.0109774446	-0.105273077	-0.0586673478	0.0672870114	-0.0364182325	-0.1115421661	-0.0886260823	-0.062681166	-0.0040278108	0.011446319	0.0361614442	-0.0139774676	0.0902344123	-0.1509754075	0.0401925531	0.0460023549	-0.013432361	-0.0918137709	0.0390364428	-0.0308982617	0.0733040524	-0.0753435284	0.0033429798	-0.0222219803	0.0341678136	0.0475870935	0.0545181164	0.0057120186	0.0514116996	0.1304659638	0.0784729472	-0.0581075073	-0.0131678212	0.0510274056	0.0335693414	-0.0245946944	0.0455650847	-0.085881245	-0.1115747411	0.0622858426	0.0005348814	-0.0108014711	-0.0036394796	0.0043356295	-0.0550433291	-0.0304477827	-0.0350287923	0.0612409329	-0.0195433617	0.0544807484	0.0837827062	0.0818752983	0.0717078561	-0.1117916806	0.0021459654	0.0485659327	-0.032412847	0.0202184588	-0.0402561662	0.0007721111	-0.1158990521	0.028951352	-0.0415356321	0.0863715899	-0.083270555	-0.0215247113	0.0060070416	0.0078818675	-0.0978749147	0.0583401037	0.0067264292	-0.1074959032	-0.0383201034	0.0379552867	0.0131170437	-0.0299384354	-0.049950516	-0.0389394502	-0.0321071664	-0.0687330905	-0.0075703163	0.0023505318	-0.003271491	-0.0650383918	0.0563242057	-0.1408016396	-0.0157383766	-0.0171660998	0.0704018656	0.1304960779	0.0816216788	0.0815377601	0.0813979594	0.0812023727	0.0809511339	0.0806444153	0.080282427	0.0798654172	-7.085292978104008e-06	2.225689605950265e-05	4.953694222035045e-10	5.020137658556997e-11	-0.0311992029595415	0.0235578041975088	0.0009733902653106	0.0005549701386081	0.0326445421717238	-0.0118967267574561	0.0001415321075415	0.0010656661336014	-0.0009810681697676	-9.38984109858e-05	9.624947537311485e-07	8.816911585658206e-09	0.0002121857008159	-0.0005381145298123	4.5022771630734636e-08	2.895672471952202e-07	0.0006416044318379	0.0001907709763617	3.639356542199631e-08	4.116562469540345e-07	0.0	0.0
1617.5139185973233	0.8384134372493008	0.7029370917601874	2616351.276856068	2256.441561711744	2.554483867013005	5091528.521420133	6.525387826829714	1728.045968350497	-1.786407470703125	3.1912516513839364	2986142.868732407	1819.346440157652	1560.934431912116	1.111565	30.605492	0.0999185317970901	0.048706151347586	0.0226219733	0.0561475149	0.1178026956	0.0323833971	0.0327112311	0.0470176566	0.0852417768	0.0190137556	0.071676252	0.0092507776	0.0817610211	-0.0271740254	0.0268289309	0.0155882119	-0.0382758063	-0.0103404119	-0.0397163903	-0.0526110992	0.0377871403	0.0627959208	0.0050357524	-0.0778245044	0.0493249392	-0.0172384926	-0.0541863993	0.0775106415	-0.0268639794	0.1363035339	-0.0637569556	0.0184595018	-0.0497401126	0.0217043773	0.0292157339	-0.0791326565	0.0993233723	0.0022243261	0.0548444759	-0.068771338	-0.0385542191	-0.042966822	-0.0589378643	-0.0600106679	0.1028970049	0.0009644226	-0.0430722856	-0.052990503	0.1058357113	0.0644250088	0.0482260522	0.0967675806	0.0970701963	-0.0291870268	0.0142940864	-0.0591418213	0.0180072673	0.0039976498	-0.018802734	-0.0919980624	0.0089777332	-0.0178433307	0.0583293479	-0.0281410202	-0.0710757963	0.0657023671	-0.0206596082	0.0165207231	-0.074535897	0.0035005111	-0.0926143936	-0.0995031883	-0.0044250979	-0.0681539686	-0.0431375971	-0.0052597889	-0.0462721734	0.0181257561	0.038359611	0.0087396551	0.0388630634	0.0391001094	0.0958359227	0.0373219319	0.0417751206	0.0946642284	-0.0096690446	-0.0638447402	-0.0160180417	-0.0074843184	0.049737277	-0.0318487208	-0.1046144818	-0.0350985514	0.0324953993	-0.0212847535	-0.0279488667	-0.0266519169	-0.0637789221	0.073520505	-0.0706207515	0.0346899901	0.0099963027	-0.0280731356	-0.0214522707	0.2024634163	-0.0204908601	-0.0989342075	-0.0636181302	-0.0291650038	0.0338474238	0.0705358864	-0.0965549134	-0.0070828327	0.0186546586	0.0547618211	0.009342065	-0.0024776352	0.0792885136	-0.0319479716	-0.0155121164	0.067092424	0.0905114205	-0.0930388707	0.0549342119	-0.06472289	0.1051915943	0.0625819438	-0.0631668849	0.0046872783	-0.0387580696	0.0161048741	0.0019579117	-0.0636457583	0.0180653641	-0.0137577528	0.0033939307	-0.0634115473	-0.01350472	0.0957541045	0.0516887972	-0.0255764673	-0.0282961849	0.0746261146	-0.0638063947	0.0456724297	0.0187928875	-0.0502420484	-0.0708966025	-0.0112956175	0.0544796934	0.0433663672	-0.0435120085	0.0425076805	0.0257141183	-0.1313822383	-0.0608235064	-0.0413946521	-0.1018205119	-0.0461535156	0.0560924229	0.0825910124	0.02350753	0.0025052036	-0.0371013756	0.011707896	0.0331497295	-0.0018394109	0.1407686395	0.0815948217	0.0814303861	0.0811565722	0.0807737477	0.080282427	0.0796832699	0.0789770813	0.0781648097	0.0156610197292792	0.0156681050222573	0.0002454895149884	0.0002452675389608	-0.0212354930645659	0.0099637098949756	0.0004509461656952	9.927551487123472e-05	0.0072614501093966	-0.0253830920623272	0.0006443013626445	5.27286576912559e-05	-0.0003816890355515	0.0005993791342161	1.4568651986023422e-07	3.592553465336416e-07	0.0005728741652346	0.0003606884644186	3.281848091932398e-07	1.300961683647198e-07	0.0006596093295537	1.8004897715799984e-05	3.241763417564195e-10	4.350844676342816e-07	0.0	0.0
1621.8086111734033	4.294692576080024	18.444384323036875	2630263.171276204	2261.803994490961	5.362432779217215	5115757.309495267	28.755685311623267	1731.581502130682	3.535533780185005	12.499999110829275	2998374.4985211496	1825.547413250542	1560.6520543733068	1.119362	30.820177	0.1132184411811019	0.0611866817294248	-0.0321645175	0.0298601483	-0.0634289078	-0.0349467993	-0.0147463333	-0.029590079	0.0537711345	0.0234916395	-0.0186705846	0.0269467697	-0.003669791	0.0317870474	-0.1252717711	0.0498151475	0.0726587615	0.0891981997	-0.140344855	-0.0019232091	0.0884810367	0.025722752	0.069319069	-0.0214593702	-0.028543781	0.1362697761	-0.0287396831	-0.0292287977	-0.1404097098	0.1227854534	-0.0334999871	-0.1372516798	0.0107304823	-0.0871013091	0.0062728384	0.0225386953	0.121146281	0.0137512796	0.0108490035	-0.031508176	-0.0221627989	0.0329796458	0.0342204115	-0.0385489115	-0.0643706783	-0.1128246708	-0.034922796	-0.0366997712	0.0373280218	-0.0670412155	0.0126895603	0.0152974525	0.0048213503	-0.0485148279	0.0392421222	-0.0659202852	0.0079323279	1.22927e-05	-0.0127179768	0.0908358033	0.03599505	0.033751969	-0.0244705097	0.0300696739	-0.0878310421	-0.0148941982	0.1410968607	-0.0799302364	-0.0107534341	-0.060150321	0.0302184221	0.0193376263	0.0264837566	0.0205701662	-0.0319079842	-0.0854574279	-0.103521485	0.0934564725	-0.0415415693	-0.0190496088	-0.0326126759	-0.0740715764	0.0591958355	0.1173344449	0.0237262993	-0.0783915612	-0.0788560083	0.0487298534	-0.0418440868	0.0394182026	0.03022083	-0.0709254016	-0.0060909965	0.0017424392	0.1265401019	-0.0559531	-0.1036179398	-0.0670927152	0.0281153641	-0.0797252176	-0.0659673915	-0.0191114855	0.1326952718	0.0396348528	-0.0052683041	0.0429555844	-0.0417021649	0.0202281145	0.0346571086	-0.0500868907	0.0682555674	0.0453754401	-0.0343238163	0.0804145067	0.0628132283	0.008231604	0.0656085815	-0.0805716715	0.140608759	-0.0846616962	0.0656368347	-0.0032631389	-0.0326709508	0.063253048	-0.0351746779	0.1151756251	0.0113579663	-0.0724567213	-0.0062441364	-0.0560648689	0.0330025739	-0.1326188584	-0.0738561135	0.0164660129	-0.0459765606	-0.0397266032	0.0304279993	-0.0682846389	0.0462415895	0.0030525395	-0.037771751	0.0984844472	-0.1120995382	0.0451510219	0.0967178433	0.0178637576	0.0741929367	0.0484049175	-8.21033e-05	0.024615524	-0.0423490401	-0.0707607164	0.0021965656	0.0830962577	0.0053968776	-0.0673523936	0.0095694231	0.0223751985	-0.0449444169	-0.0242074239	-0.0379304558	-0.0095948085	-0.0253522467	-0.0505697644	0.0019972993	0.1127147134	0.1001816528	-0.1398601575	0.0296577979	0.0815590168	0.081287294	0.0808350932	0.0802034182	0.0793936715	0.0784076511	0.0772475461	0.0759159322	0.0200457831819846	0.0043847634527053	1.922615053618096e-05	0.0004018334233791	0.0037818773233055	0.0250173703878714	1.4302596088532372e-05	0.0006258688211239	-0.0391542753400386	-0.0464157254494351	0.0021544195689973	0.0015330572774035	-0.0002630856634126	0.0001186033721389	6.921406629324786e-08	1.40667598827184e-08	0.0001888810844952	-0.0003839930807394	3.5676064080082884e-08	1.4745068605573536e-07	0.0009050245144972	0.0002454151849435	6.02286130008523e-08	8.190693718408926e-07	0.0	0.0
1625.1796557442017	3.371044570798404	11.363941498309392	2641208.9134448417	2266.812930804197	5.008936313236063	5138440.863261114	25.089442990054884	1732.3608442826703	0.7793421519882031	0.6073741898656034	3001074.0948037663	1825.1347310153576	1569.4518591609483	1.02673	28.269669	0.068402034524905	0.0391101170494345	0.0328888768	-0.039532674	0.0226795731	0.0339685588	-0.085075119	0.0034532118	-0.0178718809	0.0019273571	0.0379527035	-0.0674645956	-0.0233950582	0.0024849488	-0.0751973871	-0.0808688714	-0.0075904154	0.0576492781	-0.041007145	-0.0326316429	0.009531486	0.0001481598	0.0374565751	0.0066524163	-0.0610171994	-0.0833381269	0.0063428865	-0.0499881154	-0.0605330243	-0.0200142931	-0.0006042089	-0.0287657322	0.0246192742	0.0113860428	0.0538348691	0.0161540138	0.0259595185	-0.0952046783	0.0013461793	-0.009736609	-0.022154839	-0.0860359337	0.0458505149	-0.0667185964	-0.0434889096	-0.0411928333	0.0222708083	-0.1066050388	-0.0197706755	-0.1274208424	0.0091160924	-0.0888169713	-0.0326581388	-0.0485763443	0.0450865951	0.0820185769	0.0401514562	0.0035589649	0.0227816964	-0.0389274294	-0.0271540507	0.0212177036	-0.0138568268	0.0205265362	-0.0796945942	0.0359470237	0.052729519	0.0822574562	-0.0001440448	-0.0060183857	-0.0474769518	-0.0028030451	-0.0472924471	0.0240297431	-0.0002067525	-0.0351690454	-0.048333597	-0.0455911632	-0.0239736307	0.1458931558	0.0138330564	0.0812761132	0.0053470602	0.0286193312	-0.0622196455	-0.0424395756	0.0842080055	-0.0304914601	-0.0238465018	0.0907664358	-0.0109046779	-0.0573600713	-0.0184878127	-0.0232852132	-0.0362754928	-0.0150447951	-0.0022324271	-0.0372024081	0.0499427425	-0.0331462394	-0.0664996353	-0.0170038602	0.0284461647	-0.0802833621	-0.035860318	0.0030552731	-0.0383189402	-0.0013646292	0.0353366502	-0.0582247268	0.0375789205	0.1030883229	0.0541300756	0.0194039664	0.0932184982	0.0669076208	-0.023292039	-0.0702274861	-0.1331471428	-0.014431344	-0.0630415409	-0.1398003691	-0.0354880503	0.0912372072	-0.0329990132	-0.0131854964	0.0415921677	-0.0240961945	-0.0542644969	-0.0088859789	0.0994316237	-0.0402673397	-0.0030639121	0.0233505727	-0.0532627981	-0.1043726093	-0.0151858385	0.015022629	-0.031593885	0.0205345335	0.0141853907	0.0246296955	0.0800907113	-0.122130482	-0.0652553119	-0.0184095503	-0.0054247529	0.0388148266	0.0486925413	0.0022068943	0.0106452808	0.0583457825	-0.043759221	0.0577594383	-0.0258949819	-0.0657247493	0.0834439087	0.0144953868	0.017599973	-0.0369134306	-0.003461352	-0.0226592472	-0.0783156108	0.0125242053	-0.02116954	0.0260354037	0.0382801365	-0.0115772856	-0.0143086649	0.081514268	0.0811085467	0.0804338397	0.0794923845	0.0782873035	0.0768225931	0.0751031108	0.073134559	0.0324678017786652	0.0124220185966806	0.0001543065460162	0.0010541581523386	0.0059457907792506	0.0021639134559451	3.5352427990621455e-05	4.682521444820268e-06	-0.0256732944123143	0.0134809809277242	0.0001817368467736	0.0006591180459813	-0.0008316758567944	-0.0005685901933818	6.916847307746994e-07	3.232948080099528e-07	0.0004006352135794	0.0002117541290841	1.6050857435981146e-07	4.483981118420803e-08	0.0008786664060721	-2.6358108425099933e-05	6.94749879749324e-10	7.720546531596607e-07	0.0	0.0
1626.2105543887635	1.0308986445618302	1.0627520153594188	2644560.7672054097	2239.037924454351	-27.77500634984608	5013290.827144848	771.45097773399	1731.628796164773	-0.7320481178974205	0.5358944469171557	2998538.2877070606	1819.7691780645064	1564.5274880238069	1.043272	28.72513	0.0557415969074367	0.0332033880431808	-0.0652822634	-0.0581294274	-0.0579491601	0.0180600666	0.0313465716	0.0737662683	-0.0826802175	-0.0375426052	-0.0751935807	0.0555033379	-0.0500526057	0.0314697243	0.0239184507	-0.0811480146	-0.0349071793	0.0716048007	-0.0544675498	0.0625669773	0.055703128	0.025152576	-0.064388979	0.0420806947	-0.0960053037	-0.0074980828	-0.1137727763	-0.0052381808	-0.025435587	0.0399717814	0.1111803515	-0.0083348956	0.0182845918	0.0088505394	0.1348525106	0.0527325752	-0.0364886761	0.0561152388	-0.030910856	0.0607807724	0.016540267	-0.0186069599	0.0730407018	0.1169220241	-0.1428585848	0.0025054485	-0.0115610367	-0.0651098026	0.0812021599	0.1514875835	0.0023842477	-0.0200138664	0.1212114469	0.0401230125	0.0073479	-0.0029910292	-0.0338177365	-0.0144566039	-0.0091737114	0.0781572809	0.0010242454	0.0912973471	-0.007214845	-0.0554807903	-0.0555239317	0.0243064688	-0.0167475911	-0.0244193654	0.0127941622	-0.03249628	0.0767297822	-0.0603590007	0.0364309008	0.0579859363	0.0663952186	0.13844055	0.0236510021	0.038123891	0.1119005178	0.0347572138	0.0482031943	0.035309836	-0.0176862436	0.0472080449	0.0269836857	0.0069101732	-0.0500308899	0.0532723717	0.0529538798	0.0441012697	-0.105548569	-0.0375951237	-0.0167015354	0.030300496	-0.1063657187	0.0023268341	0.030630629	0.084606619	-0.0435927887	0.0010190292	-0.0703012997	0.0452073482	0.166187922	-0.0945948317	0.011600969	-0.1267732699	0.0138591632	0.0183128393	0.1138060673	-0.0764680516	-0.0154012631	-0.0866952704	0.058273079	0.0548941188	0.0014511759	0.0007822888	0.0303682233	-0.0191477948	-0.1312757781	-0.0437612419	0.0039804614	0.1603737233	0.0310336253	-0.1201237105	-0.0131625954	-0.014334963	0.0026406997	0.063577921	-0.047872958	0.0255443218	-0.072660868	-0.0708652345	-0.0911103797	0.124547414	0.0050492957	0.1222594161	0.0394453264	0.0665201449	0.0686088004	0.1420001154	0.1033332774	0.011704617	-0.1134820123	-0.0698819538	0.0616005271	-0.0252479347	-0.0433134998	0.0112877579	-0.0082535306	-0.0705314166	-0.0715160862	-0.0298140727	0.0069145984	-0.0190411005	0.0338818113	0.008274104	0.1029560412	0.0789000663	-0.0371753009	-0.0470525602	0.0360348143	-0.0163836815	-0.0057604841	0.0360073374	-0.1092475791	-0.0270763647	0.019194398	-0.0549760081	-0.0309735649	0.0814605803	0.0808942224	0.0799532077	0.0786418943	0.0769663555	0.0749343514	0.0725552932	0.0698401994	0.0327302600695418	0.0002624582908766	6.888435444986637e-08	0.0010712699242198	2.9438790662084106e-05	-0.0059163519885885	8.666423956460102e-10	3.5003220852875284e-05	-0.0026862266770777	0.0229870677352366	0.0005284052830643	7.2158137606439004e-06	-0.000831765417972	-8.956117760004073e-08	6.918337105341359e-07	8.021204533106038e-15	0.0007557083126217	0.0003550730990423	5.710950537655371e-07	1.26076905663503e-07	0.0007023146884373	-0.0001763517176348	3.1099928312744255e-08	4.932459215947818e-07	0.0	0.0
1623.2341218001911	-2.9764325885723792	8.859150954315675	2634889.0141764376	2248.153475774244	9.115551319892802	5054194.050635814	83.09327586559941	1729.3211168323865	-2.307679332386442	5.325383901123535	2990551.5251224125	1817.3913826082423	1568.6923646100129	1.054638	29.038086	0.0957619419085149	0.0534473541390065	0.0472145399	-0.0780531992	0.0401394534	0.0331201121	-0.0213268038	0.0524816382	-0.0899007357	-0.0432561054	0.1142175634	0.0382112406	0.0224597312	-0.0452303081	0.1024959216	-0.0755864026	0.0290452944	0.0857455606	0.0400805098	0.0708406439	0.0558206797	0.0324836787	-0.0150997263	-0.0757915747	0.0158312548	-0.0517349572	-0.0056217034	-0.0258476951	-0.0214590199	0.1116769582	0.0901554538	-0.0169523121	0.0891239227	0.0668457553	-0.0755249313	8.3349e-06	0.0277509972	0.0184901996	0.0265129255	0.0602324162	0.0549413209	-0.014318115	-0.0306360682	0.0115946338	0.026963402	0.0516112016	-0.0861752318	0.1173404483	-0.0814315216	-0.0034278048	-0.1204958769	0.0135763006	-0.0486976506	0.0454688048	0.2042991833	-0.0121865118	0.0989217998	-0.1331508664	-0.0003453997	0.0867214947	0.017589478	0.0242277065	-0.1106131657	-0.019828584	-0.0067035063	-0.1523092998	-0.0369390279	-0.0606550532	0.0146849028	-0.0178607467	-0.0440122883	-0.03980203	0.0417999939	0.0503346803	0.0936114605	3.65046e-05	0.0433519074	0.0784004971	0.003196641	-0.0397995657	-0.2110622804	0.0648743674	-0.0361926421	-0.030940069	0.0326051166	0.05828791	0.0407097862	-0.1056694953	0.0948642065	0.0407085463	-0.0599933591	-0.0516887228	0.0333238926	-0.0004271235	-0.0335617621	0.0926311535	-0.061996473	0.0737702591	-0.102456549	-0.0130866933	-0.0278901018	-0.151568366	0.0169552037	-0.0386116316	0.0045185942	-0.0141881809	0.0923174054	-0.0576621281	-0.0753601092	-0.0337460624	-0.0508177736	-0.0075098928	-0.0423258498	-0.0238086895	-0.0276278052	-0.0395270593	0.1477098346	0.0453708874	0.024290346	0.0631184987	-0.0944520357	0.0586038501	-0.1211745312	-0.0115107491	-0.0289698224	0.1844310738	-0.0214599181	0.0595066881	0.0612237412	0.0496204375	0.0233228618	0.0561331228	-0.0251804831	0.0991687974	0.0717944605	0.0357917198	-0.0237135728	0.0082953794	0.023953685	0.1564387024	-0.0326362241	0.0513470722	-0.0448781324	-0.0891697701	0.0461846411	-0.0329698646	-0.0430920159	-0.0780202832	0.0300590212	-0.1075673599	0.0390182308	0.0237526318	0.0221724323	-0.0078618512	0.0291680923	0.0103481875	0.1616197125	0.0695847317	-0.0501696428	0.0517499636	-0.019959024	0.0524120417	0.0543303602	0.0999386847	-0.1855426261	-0.109162937	0.0076835438	-0.1893089767	0.0039248255	0.0813979594	0.0806444153	0.0793936715	0.0776534394	0.0754344479	0.0727503781	0.0696177779	0.066055961	0.0357202198440944	0.0029899597745526	8.939859453442653e-06	0.0012759341057104	-0.0276317355196624	-0.0276611743103244	0.0007635128078285	0.0007651405642261	0.0053527313515502	0.0080389580286279	6.462484618604097e-05	2.865173292186843e-05	-0.0016741730271231	-0.000842407609151	2.802855324746524e-06	7.096505799556723e-07	0.0005750117258724	-0.0001806965867493	3.306384848907561e-07	3.2651256462847305e-08	0.0005839818884375	-0.0001183327999997	1.4002651555792663e-08	3.410348460230288e-07	0.0	0.0
1623.2037959309696	-0.0303258692215422	0.000919658344042	2634790.563124709	2236.689135085307	-11.464340688936772	5002778.287008659	131.43110743201126	1731.4006770463425	2.0795602139560287	4.324570683468844	2997748.304476533	1818.907379294477	1571.4815431625125	1.117056	30.75668	0.0725137577113124	0.0432366539135543	-0.0658079972	-0.0136625362	-0.0584011081	0.0463248162	0.0370259091	-0.0357031783	-0.0614264872	0.0116888926	-0.0670793716	0.0841660194	0.0227696014	0.0137407722	0.0442545073	-0.0587599261	0.0387923498	0.0307322554	-0.0507596454	0.0158426758	-0.0159779232	0.0144011375	-0.08495177	0.0245531696	-0.0349496279	0.108434361	0.0809402438	0.0635672288	0.0116728313	-0.0797109799	-0.104148894	-0.015518862	-0.0434675107	0.0355450622	-0.0048533168	0.0098560551	-0.0254161081	-0.0242159628	-0.0995052542	-0.0020020128	-0.000713851	0.0110565063	0.0551821453	0.0112328225	0.040773629	-0.047112544	-0.0735481075	-0.0425595602	0.0100924455	-0.0336692647	-0.0875885259	-0.0983843309	-0.1061272283	0.0252477947	-0.0125676137	-0.0175195579	0.0212790099	-0.016413247	0.0242714518	-0.0120022688	0.0200719139	0.0573574203	0.1012794933	0.0415556091	-0.009010554	-0.0985350469	0.0006665116	0.0106974491	0.0191725321	-0.012314396	-0.0021630806	0.0230326475	-0.0888396821	0.0007441236	0.0447314926	-0.0540967961	-0.0840467428	-0.0244618574	0.0383823058	0.0015944284	0.0307382932	0.0610615548	0.1431660758	-0.0329198101	0.1198632411	0.0253686879	-0.0787182981	0.0309122396	0.0717876966	-0.0228034257	0.0508328827	-0.0545971164	-0.0293937663	-0.0114252237	-0.0287144634	0.1194074781	0.0336532718	-0.0286293342	-0.0083147739	-0.0156410337	0.0825940228	-0.0047696519	0.0051764932	-0.0872486883	-0.0252349558	0.0215719446	0.069401333	0.0974338286	-0.0408984685	-0.0446338118	0.0665736483	-0.0547521001	-0.1010350584	0.0854752716	-0.0386819069	-0.0272355352	-0.0490837617	0.0159852222	-0.0774114908	0.0691589676	0.0142866989	0.0761355721	-0.1279502502	0.0755404553	0.0119611074	-0.0515958357	-0.0046952394	-0.0430300749	0.0073115712	0.0516015231	0.1130993851	-0.0134788298	0.0871598067	0.0399249233	-0.0201669083	-0.0756647943	0.0152152276	0.042932879	-0.0260106335	-0.0624716787	-0.1075073329	0.0737033307	-0.0369767596	-0.0741117413	0.0028295644	-0.0094655443	-0.010717497	0.0160149938	-0.0688448633	-0.0700660605	0.0183770942	-0.0855756084	0.0568784538	-0.0403667974	-0.0363477854	-0.0043725004	0.0928162554	-0.019252372	-0.0334077528	0.0429405166	0.0879536156	0.1017758321	-0.0105041978	3.20649e-05	0.0642241876	-0.0305445858	0.0558037204	-0.0276690621	0.0302207934	0.0813264124	0.0803592349	0.0787557834	0.076528754	0.0736957799	0.0702792922	0.0663063423	0.0618083875	0.0326806479014578	-0.0030395719426366	9.238997594463668e-06	0.001068024747259	0.0089169419699999	0.0365486774896623	7.951185409634568e-05	0.0013358058262433	0.0167024708653187	0.0113497395137685	0.0001288165870303	0.0002789725330068	-0.0012566643630253	0.0004175086640978	1.5792053212977829e-06	1.743134845967296e-07	0.0005611334634165	-1.387826245590005e-05	3.148707637657965e-07	1.9260616879484486e-10	0.0005838534396863	-1.284487512000004e-07	1.6499081684839605e-14	3.40884839033524e-07	0.0	0.0
1623.04993170254	-0.1538642284294837	0.0236742007902003	2634291.08079962	2252.691008289833	16.001873204525964	5074616.778829864	256.05994605372604	1728.524314852628	-2.8763621937143853	8.273459469429431	2987796.307036747	1820.5786921255312	1568.474720052456	1.100465	30.299881	0.0746581748975774	0.0338490636866717	0.0367188326	-0.0850189427	0.0069827929	-0.0102931019	-0.074636115	-0.0915619357	-0.0257124246	0.010166173	0.0505493252	-0.0280289649	0.0048407837	0.0885897027	0.0601508918	-0.143266706	0.0167596155	-0.0009998012	-0.0503871843	-0.04921568	0.0178846003	-0.0486675758	-0.0234148546	-0.0473089108	0.0146846938	-0.0561195729	0.0589126284	-0.0091460544	-0.0588268523	0.041344841	0.0744270814	0.0205213722	0.0367396499	-0.0493856981	-0.0736655396	-0.0956570431	0.0265748931	-0.0843442246	0.1354429659	-0.1154894022	0.146085782	-0.0325921167	-0.0312479048	0.0295553617	0.0794337295	-0.0526154987	0.1220098728	0.0743898422	-0.0747951988	-0.1146870087	0.0721051294	-0.0432638949	-0.045022356	0.0018890188	0.1122368957	-0.0538415465	-0.0221020088	0.0372802508	0.0222314348	0.015222651	0.0662744471	0.1119141725	-0.0174681814	0.0951145705	-0.0309965265	0.0814990799	0.0253371633	-0.0214107825	0.0243293879	-0.0741571085	0.0907890494	0.0829638522	-0.0075776808	-0.0562589601	-0.0275418131	0.0263234737	0.1399744717	-0.0888715516	-0.0045391629	-0.0121084248	0.0919706614	-0.0477409982	-0.1211166715	-0.0549764279	0.0139957593	-0.0206636613	0.067737915	-0.0593785401	0.0093157501	0.0704057615	0.0712569634	-0.0662349506	0.0365409063	0.0197736816	0.004390011	0.0123967304	0.0121414026	-0.0534141721	0.0297135706	-0.0648804441	0.0524576561	-0.1533419435	-0.0735365791	-0.030296867	0.0410390528	-0.0121546609	0.0271119166	-0.0934159983	0.1073984354	-0.0814029399	0.006471841	0.1258385921	0.1020847109	-0.0473677813	-0.0620180522	0.1315088085	0.0181089984	-0.0455078879	-0.0530722622	-0.0111113193	-0.1090804538	-0.032504624	-0.0605280002	0.0567877724	-0.0021637361	0.0066680321	-0.0205220507	-0.0602481183	-0.0204821064	0.03914157	-0.1223189951	-0.0004441506	0.0054258803	-0.1098999466	0.0258758131	0.0664740365	-0.0125283626	0.0127174746	-0.0064375272	-0.0937029795	-0.1496813903	0.0421714835	0.0090756109	0.1642346349	0.0481220111	-0.0419575521	0.0437038074	-0.0083499099	0.0752693522	-0.033507629	0.0773495775	-0.0009790028	0.028900257	-0.0334936416	-0.0331538484	0.0035487174	0.0483210205	0.0587225107	0.0300465474	0.0276824639	0.0702295649	0.0832155367	-0.0818706509	-0.1104113557	0.0343544688	0.0346726016	-0.0015802235	-0.1350680566	-0.1110903784	0.0812459471	0.0800388062	0.0780401729	0.0752698111	0.0717551168	0.0675308461	0.0626387723	0.0571272725	0.0418468271878254	0.0091661792863676	8.401884270983444e-05	0.0017511569456877	0.0236850431733017	0.0147681012033018	0.0005609812701211	0.0002180968131509	0.0020578708065457	-0.014644600058773	0.0002144643108814	4.23483225643305e-06	-0.0010100557862692	0.000246608576756	1.020212691375892e-06	6.081579012966919e-08	0.0003448358689388	-0.0002162975944776	1.1891177650677729e-07	4.6784649376839534e-08	0.0003251737239374	-0.0002586797157489	6.691519533993173e-08	1.0573795073931642e-07	0.0	0.0
1624.367527224419	1.3175955218789568	1.7360579592754806	2638569.863501174	2235.9766593898894	-16.714348899943616	4999591.62133637	279.36945914904635	1730.23863392223	1.71431906960197	2.9388898724009644	2993725.730317065	1816.673631590644	1544.6746919885804	1.180816	32.512245	0.0592703773847938	0.0310228802725121	-0.0965571521	-0.0268544788	-0.0613836588	0.0192925388	0.0146906489	0.0557301059	-0.0823872462	-0.0366541955	-0.0890966097	0.0498356183	-0.0511303729	-0.0092901059	-0.0006723518	-0.0706809315	-0.0109558087	0.0588394418	-0.0148501087	-0.0194405433	0.0650110099	0.0485648244	-0.0442874796	0.0242021591	-0.0315573677	0.059927964	-0.0081479949	0.044529427	0.0688226212	-0.0280927605	-0.0072357174	0.0194436648	0.0171825581	0.0722170933	-0.0381085609	-0.0530949681	0.000966791	0.0971205874	-0.0315590528	0.0454452651	0.0607928564	-0.0056732139	0.0085537898	-0.0109559161	0.0446730175	-0.0819670833	0.000732764	-0.1517880372	-0.0481919496	0.1127174489	-0.041259264	0.0956853836	-0.0400923229	0.0048302824	0.0251456067	0.0556412595	-0.039001907	0.1809434702	-0.0033989489	0.0080064529	-0.0634753096	0.0186236109	-0.0058001998	-0.0178763305	0.1970405003	0.0493907859	-0.046739529	0.1033376142	-0.1166262514	-0.1123218634	-0.0704740014	-0.0279584016	-0.0977826602	0.0115901651	0.0050815225	0.0526340178	-0.0418173513	0.1356416038	-0.0272155556	-0.0099543376	0.1267560546	0.0666449142	-0.0288428221	0.0593941803	-0.0842839366	0.0203565599	-0.0618170785	0.0447132411	0.0537797242	0.0135083056	-0.0215492427	-0.0718632498	0.0127311665	-0.019066522	-0.0482244991	0.0589095737	0.0408877467	0.0446358777	0.0321002206	-0.0844107221	0.0073819143	0.0907602429	-0.0126034888	-0.071234088	-0.0458808577	-0.0524575474	0.1082831858	0.0854040104	0.0014244678	-0.0311325621	0.0360149812	0.0430522046	0.0104736705	0.0262903749	-0.1422689769	-0.0423598936	-0.0048100555	-0.0947673535	-0.0331331601	-0.0271752193	0.0034497519	0.0524745119	0.1252468252	0.0377395651	0.1836171644	0.0397084276	-0.048076226	0.0229990866	-0.0223711709	-0.0595644753	-0.071165732	-0.0079110052	0.1599538595	0.0609448385	-0.0134377918	-0.0788892392	-0.0144163517	0.0376923907	-0.0396055695	-0.0387032996	0.0559696765	-0.1751716228	-0.043637966	-0.0433745713	-0.0915371926	-0.0095311943	-0.059414873	0.0255276635	-0.0739365687	-0.0721845352	-0.0959711132	-0.0195023126	-0.0338983023	-0.0386420152	-0.0395261026	-0.0205944535	0.1036345863	0.0513831334	-0.030070822	0.0230316921	0.1149762452	0.0330946843	-0.0497137193	0.0150628434	-0.0925414601	-0.0217631066	0.0519264403	0.112341579	-0.1017640298	0.0811565722	0.0796832699	0.0772475461	0.0738788195	0.0696177779	0.0645158866	0.0586347667	0.0520454508	0.0267133631192564	-0.0151334640685689	0.0002290217347146	0.0007136037691412	0.0088913355277071	-0.0147937076455945	7.905584746626651e-05	0.0002188537859033	0.0071586462427859	0.0051007754362402	2.6017910050951405e-05	5.124621602935269e-05	-0.0009809831727145	2.9072613554700097e-05	9.623279851490065e-07	8.452168589009317e-10	-0.0001021638764804	-0.0004469997454192	1.0437457657502428e-08	1.998087724048296e-07	0.0003339499696513	8.776245713900017e-06	7.702248883074842e-11	1.115225822301042e-07	0.0	0.0
1623.0123569505545	-1.3551702738645872	1.8364864711662203	2634169.110814194	2250.456002684452	14.479343294562568	5064552.220018482	209.651382241794	1729.1276442649148	-1.1109896573152582	1.234298018661475	2989882.410161134	1818.9830430330703	1587.8145953354235	1.247526	34.349022	0.0966589183581528	0.0505102813428076	0.0638276606	-0.0332165502	-0.0330827011	0.0566079376	-0.0852025004	-0.1052238849	0.0140151513	0.0004364441	0.034867189	-0.0121964884	-0.0079049716	0.041236206	0.112100214	-0.0541057418	0.0029186029	0.0312260469	-0.0025202619	0.0130264588	0.0590704671	-0.0626501989	0.0193334488	0.0010786648	0.0015296192	-0.030804776	0.088648689	-0.0083371787	0.0210948543	0.0212189898	-0.039891135	-0.072824061	0.0348959307	0.0045416588	-0.0062696148	-0.035221335	0.0201784532	0.0805326957	0.0503157593	0.0013538726	0.0709701049	-0.0247073248	0.0871570579	0.0358831275	0.1047015531	-0.0149789725	-0.0650492264	0.0893921303	-0.0593121061	-0.0188252161	0.036102973	0.0554443999	0.015344211	0.1415345408	-0.1352562608	0.0466727691	-0.0514361852	0.0570206928	-0.0383604155	0.0372490108	0.051442621	-0.0083986283	0.0012563319	-0.0368956051	0.0325449304	0.0081834917	-0.0212810293	0.0058320068	-0.0290449137	-0.016093717	0.132238253	0.0381190739	-0.0100812126	0.0343147182	0.0237724738	-0.0213786019	0.0234642865	-0.028278301	-0.0409603936	0.0479027388	-0.0178796559	0.0593567022	-0.0390894086	0.1004382012	-0.0617147116	0.0077903522	0.0332259197	-0.0731414938	0.0622649002	-0.0038691117	0.0936769947	0.0138157832	0.0708136678	0.0092821756	0.0073542188	-0.0145223932	-0.0705964333	-0.0257475586	-0.0159222452	0.0189505019	0.023817369	0.0111716494	-0.0741330222	-0.0407249751	0.006369956	-0.1047917907	0.0555146432	-0.0302374808	-0.0977302008	-0.0144231122	0.0085257256	-0.0011592646	0.0019085834	-0.0050257628	-0.0435436395	-0.0504560352	-0.0110037319	0.0048347576	0.0297045243	-0.1482357222	-0.0449206126	0.0694871642	0.0367953113	0.0593740654	0.0690364345	-0.00635902	-0.0402160099	0.095010748	0.1309925346	0.0328983327	0.0233941595	0.090207616	-0.0447765826	0.0225646847	0.0487454704	0.0666685616	-0.0208296697	0.0071832302	0.0703061801	-0.0006468523	-0.0382205617	-0.0360977166	-0.010328485	-0.0234720779	0.0095440139	-0.0063957254	0.0023942603	-0.0028362016	0.0462514106	-0.014491568	0.1265583612	-0.0624327032	-0.0215170414	-0.0015714854	-0.0457873219	0.0366541976	-0.0517812985	-0.0029240538	-0.0182762387	-0.028640931	-0.034622199	0.098316418	0.0347148191	-0.0839452425	0.0413677837	0.0023820886	0.0708067767	-0.0692633395	0.0701646905	0.0810582975	0.0792927819	0.0763786853	0.0723582192	0.0672896215	0.0612463124	0.054315831	0.0465985677	0.0326663133444071	0.0059529502251507	3.54376163831218e-05	0.0010670880275149	0.0150625466092009	0.0061712110814937	0.0002268803103543	3.808384621235187e-05	-0.0027723891788724	-0.0099310354216583	9.862546454623184e-05	7.68614175912878e-06	-0.0001851005808879	0.0007958825918266	3.4262225045038014e-08	6.334290999726264e-07	0.0003449460664439	0.0004471099429243	1.1898778875511949e-07	1.999073010617708e-07	0.0005830318674974	0.0002490818978461	6.2041791834615e-08	3.399261585175058e-07	0.0	0.0
1623.4895273230843	0.4771703725298266	0.2276915644202535	2635718.245327732	2265.0163300518498	14.560327367397804	5130298.97540155	212.00313304579345	1727.528014692827	-1.599629572087906	2.558814767898137	2984353.04154854	1818.6163222877567	1573.0630744496254	1.125341	30.984798	0.0841825254125519	0.0477771885144742	-0.0362340928	0.0026863333	-0.0098626691	0.0800883892	-0.0246125862	0.0134604058	-0.0272179756	0.1605485593	0.017801252	0.0010766647	-0.040654302	0.0697438196	-0.0701306066	0.0914754818	0.0362206814	-0.0053143329	0.0885075969	0.1139551966	-0.0820826095	-0.1707565785	0.0826943195	0.0239202501	0.0023588296	-0.0191776372	-0.0578454888	0.0267067127	-0.0807256658	-0.0728044557	-0.0983812561	-0.0678371002	0.0222338994	-0.1509934827	-0.103978723	0.1056750105	0.0059562344	0.0402911176	0.1214610089	0.0598548724	-0.0439880893	0.0503014401	-0.0046644955	0.0063637986	0.0312748193	0.05146936	-0.0281521481	-0.0145141696	-0.0112702739	-0.1123620723	-0.049915211	-0.0047337896	-0.0524428756	0.0454006317	-0.1008728991	0.0575416872	0.0073486806	-0.0769425921	-0.0885299046	-0.0839799094	-0.0039855724	0.0461032799	-0.0001871298	-0.2161779288	0.0154950404	-0.0015906574	-0.0482806075	0.0166190735	0.0989787588	0.0364276366	-0.0651629332	0.0233196212	0.0362196653	-0.0231486469	0.0401546913	-0.0097704284	-0.060951148	-0.0275709582	0.0215380473	0.0278081395	-0.0662206905	-0.01681085	-0.0281776414	-0.0592189689	0.0642622346	0.0519150983	0.0136312462	0.1139147482	-0.1222922426	0.0340137433	0.0371429944	0.1209373359	0.0927712067	0.0251906022	0.1185359845	-0.0602073484	0.0201882412	-0.1143833922	0.0609344444	-0.1366016657	0.0200844736	-0.0268424153	0.156005364	0.1311754782	-0.0033662828	-0.0757760912	0.0493315392	0.0095623852	-0.1041687268	-0.0016027819	-0.0377838392	-0.0194916414	-0.0086610652	-0.0728529321	0.05767955	-0.0538004	0.0099643565	-0.0432881953	0.0036852689	0.0724929717	-0.0251348077	0.030814375	-0.0712346244	-0.0262666422	0.0678912765	-0.1008894176	-0.0457638773	-0.0025912903	-0.0303967419	0.0733616629	0.0685457787	0.1058900641	-0.0366303621	-0.0627005986	0.0797653762	-0.0597445576	0.0485305288	-0.0093224117	0.0380181123	0.0882125441	0.0115674663	-0.054013604	0.1113293946	-0.0724980561	-0.0149963093	0.0009511451	-0.0345565146	0.10910431	-0.0015519868	0.01773098	-0.0591402663	0.0415874549	-0.0831000236	0.0121098209	-0.0983790352	0.009924229	0.0378050979	-0.0495297878	-0.06685583	-0.0304464563	-0.0309028306	-0.0475929512	0.0603890155	0.0488303107	-0.0633408133	0.1370174755	-0.0230665727	0.1279292141	0.0076679784	0.0809511339	0.0788675135	0.0754344479	0.0707106781	0.064777029	0.0577350269	0.0497051625	0.040824829	0.0459338224876262	0.0132675091432191	0.0001760267988654	0.0021099160483247	0.0047193306779718	-0.0103432159312291	2.227208204804577e-05	0.0001069821158	-0.0421459476382324	-0.03937355845936	0.0015502771057526	0.0017762809023246	-0.0002890067734769	-0.000103906192589	8.35249151155282e-08	1.0796496858342358e-08	2.4915755967525044e-05	-0.0003200303104763	6.207948954332597e-10	1.0241939962360497e-07	0.0005830035329879	-2.8334509499967908e-08	8.0284442860377175e-16	3.398931194763735e-07	0.0	0.0
1620.6720577418305	-2.817469581253817	7.9381348412905615	2626577.918745139	2258.692157283492	-6.324172768357585	5101690.261373956	39.99516120403563	1729.005674826882	1.477660134054986	2.183479471775399	2989460.6235835613	1828.9509744184888	1598.0398714533655	1.223013	33.674076	0.1239164434948982	0.0944765342969485	0.064693411	-0.0575312462	-0.0226669043	0.0025583731	0.0502634992	-0.1453647763	-0.0730907291	-0.0081949481	-0.0473132005	-0.0995824497	-0.1832373934	-0.0349773948	0.0221960927	0.0451885548	-0.0496940632	-0.0870216848	0.1547701412	-0.0836868368	-0.1075067035	-0.0107454998	0.0070899598	-0.0355932979	-0.0639976054	-0.0415165947	0.0384797451	-0.0549814772	0.0998025274	-0.0723026411	0.0387968893	0.0356245642	-0.1040389587	0.0692859183	-0.0353804061	-0.0698769031	0.0747535942	0.1214186289	-0.1663239948	-0.0210969735	0.0681847379	0.0642185012	0.0204713792	0.067538009	0.016490808	0.1645791181	-0.0555833903	0.0703304966	-0.0039036736	-0.0233948203	0.0802023784	-0.0198279367	0.0558376518	0.0374219203	-0.042818978	0.0476558222	0.0233578744	-0.0458240383	0.1162495581	-0.0340284874	-0.0226062867	0.0686099516	0.0543154962	-0.0006042815	-0.0301562565	-0.0212038262	0.0635548741	-0.0475368013	0.0435131962	0.0873986068	-0.0435873508	0.0438022565	-0.0619514408	-0.0058241149	-0.0961905962	0.0003747615	0.0303471063	-0.081571173	0.0700722577	0.027385077	0.0145963761	0.0257105193	0.0028424914	-0.0518077256	-0.0640756618	-0.038133876	0.1218243264	0.0695722628	0.0402143174	-0.1510005854	-0.0072905996	0.0474239442	0.0361888906	0.1225962536	-0.0474175605	-0.0211523732	0.0482024381	0.1143131773	0.0697523905	0.0829169299	0.0705932624	-0.059989507	-0.0947689425	0.0738455678	0.0021765513	0.0175759423	-0.0889080167	-0.0603974051	-0.1401654033	0.1480432048	0.1026791978	0.1286942512	0.1525073059	-0.0331860034	0.0741317811	-0.0591548253	-0.0378872421	0.1362825085	-0.1132780855	0.0639220812	0.1029766802	0.044248003	-0.0132414984	-0.0258542314	-0.1462783572	0.0065606079	0.0236765973	0.0921603655	0.0436833412	0.0620075861	0.0334662917	0.0178335551	-0.001435088	0.0038378937	0.0218224611	0.0111459509	-0.0688371125	-0.0074615754	-0.0562866191	-0.0155850932	-0.0366996267	0.0560922622	0.0181335685	0.0758703627	-0.1063369057	-0.0707830215	-0.0075987041	0.0040976173	0.0368075378	0.0351235797	0.0780263656	-0.0373456664	0.015208157	-0.1234824298	0.0002334371	0.0909739567	-0.0557120424	0.0140628865	0.1076051787	-0.0782525811	-0.0511835977	0.0112782057	0.0018899502	-0.0381798319	0.0940688699	-0.0824775385	-0.0532729576	0.1374144684	0.0603977172	0.0808350932	0.0784076511	0.0744157659	0.0689390864	0.0620868871	0.0539958877	0.0448275254	0.0347647336	0.0373527403646107	-0.0085810821230155	7.363497040193628e-05	0.001395227212746	0.0073889340648634	0.0026696033868916	5.459634661489877e-05	7.126782243303102e-06	0.0486667346716842	0.0908126823099166	0.0082469432683218	0.0023684510636041	-0.0002890034184549	3.3550220000181513e-09	8.352297587861804e-08	1.1256172620605797e-17	4.197644613501694e-05	1.70606901674919e-05	1.7620220301259786e-09	2.9106714899115474e-10	0.0001630060646759	-0.000419997468312	1.763978733884895e-07	2.6570977121123693e-08	0.0	0.0
1618.962729651084	-1.7093280907465669	2.9218025218153034	2621040.319999289	2239.9007037380884	-18.791453545403783	5017155.162606384	353.1187263490684	1727.067200150923	-1.938474675958787	3.757684069333524	2982761.1138371485	1821.3231709798176	1583.2494780897948	1.087886	29.953541	0.0871560680747373	0.0534804454162815	-0.0437715138	0.0185112729	0.0011617576	0.0312921334	0.0775885566	-0.1083067531	-0.0180472782	0.0259613932	-0.1387261621	-0.0274842148	0.0137061717	-0.0271126651	0.0052615598	-0.0781229798	0.0418008468	-0.0684373735	0.0136295308	0.0111710698	-0.0598752037	-0.031641753	-0.0540100804	0.0353574209	-0.0713433485	0.0633024143	-0.1130255359	-0.0165378603	0.0095070103	-0.0384868311	0.151403334	0.0508626023	-0.0446287813	-0.0753596146	0.0236080481	-0.025520254	-0.0876912248	-0.1636815582	-0.0166505886	0.0063968549	-0.0732604609	0.1694352972	0.0257448584	0.047232497	0.008741888	0.0080141414	-0.0275168316	0.0967591826	-0.0270973797	0.0503063721	0.0363589206	-0.0484644881	-0.0342717487	-0.0220027295	-0.0486637068	0.0028928803	-0.0217508929	0.0574810645	-0.1047846885	-0.0797209073	-0.0816691076	0.0735440772	0.0284474889	-0.1187079134	0.0840938052	-0.0089868808	0.0063551877	0.0357195193	-0.051562804	0.0432543692	0.0409707726	-0.0242100467	0.054647312	0.1135526172	0.0554341593	-0.0978622358	0.1540261429	0.0650496512	0.0388773669	-0.0431131826	-0.0117255518	-0.032505603	-0.0433226025	-0.1103247667	-0.0226687321	-0.0246691567	0.0224537318	0.1179988789	-0.0443425494	0.0139202781	-0.1057588813	-0.0863488806	0.0646793626	-0.0334860846	0.0486584933	-0.0702494649	0.1600932839	0.0389331864	-0.0280307847	0.0923109074	-0.0636922687	0.0104182344	0.057103127	0.1148537342	0.0262453131	0.0923259331	-0.0278523685	-0.0689324897	0.0268720363	-0.1111979863	-0.0389999442	-0.101961511	0.0732646657	0.0242443247	-0.1107569316	-0.0394527326	-0.1882271898	0.0851993604	-0.0443885177	0.1189034554	0.0621817391	0.0803283145	-0.0749385767	0.0385823813	0.0262536867	-0.0595562368	-0.081232066	-0.1084236066	0.0746760971	-0.0930912674	-0.0645010327	0.0495779937	0.0534827258	-0.070323592	-0.0535633138	0.0158522341	-0.0068960946	0.0401918997	0.0042340076	-0.0027516697	-0.0117097224	-0.0721754537	-0.014217582	0.0413439027	0.0009401992	-0.0367601385	-0.010486991	0.0993162333	-0.0569781254	0.065558903	0.0128710052	0.0269741682	0.0086362748	-0.0831525155	0.0253052302	0.0469322389	0.0382627502	-0.0112257179	0.0050160143	-0.0919378218	-0.0095185823	-0.0537713717	-0.1367409296	-0.0334295952	0.0690650781	0.0016060945	-0.0345283629	0.0419369198	0.0102638747	0.0807101879	0.0779133966	0.0733236445	0.0670465522	0.0592265694	0.0500436514	0.0397091175	0.0284607885	0.0509543541851229	0.0136016138205122	0.0001850038985223	0.0025963462104229	0.002505697073218	-0.0048832369916454	6.278517822733252e-06	2.384600351657402e-05	0.0032983488019908	-0.0453683858696934	0.0020582904364213	1.0879104819594148e-05	-0.0002889828028403	2.0615614599976684e-08	8.351106033743572e-08	4.250035653347718e-16	-6.607523387081038e-05	-0.0001080516800058	4.365936531082287e-09	1.1675165552081704e-08	0.0005209903969132	0.0003579843322373	1.2815278212738565e-07	2.7143099367577373e-07	0.0	0.0
1614.6032529859913	-4.359476665092643	19.005036793487275	2606943.6645529447	2242.0317339020457	2.131030163957348	5026706.295823813	4.541289559696082	1721.2379450017756	-5.829255149147457	33.98021559386214	2962660.0633139354	1811.946987076454	1556.1230813330346	1.164137	32.053001	0.1679169957488524	0.073179642020321	0.0850780309	-0.0273874541	-0.0007873101	-0.0583862223	-0.0389538273	0.0021797568	-0.077945224	-0.0415649684	0.0687316661	0.0095816378	0.0109987152	0.0026163312	0.1325123229	-0.0035259196	-0.11004371	-0.0212068954	0.1448525639	-0.0430238617	-0.0422063838	0.0311821156	0.1133838887	0.0778087721	0.0659964473	-0.0060724841	-0.0193288558	-0.077495631	0.0587576237	0.0102366961	-0.0274943576	-0.0641082359	-0.0198120179	-0.0996890182	-0.1635502808	0.0690370177	-0.0695067051	0.1210991596	-0.0399414453	-0.0796288022	0.0228333738	-0.0843992036	-0.060380596	-0.0413900352	0.0339519833	0.057539365	0.0558471906	0.0522586283	-0.0870973444	0.0276127331	0.1894413156	-0.1593496728	-0.0310218081	-0.0656287731	0.1096414214	-0.0066997611	0.0017184865	0.0558307069	-0.0217625644	0.0188304483	-0.0385281926	-0.0739088697	0.0351450505	0.0338019904	0.0142602139	-0.092788688	-0.0868389458	-0.1029802561	-0.033563796	-0.0259042955	0.0466553669	-0.0458562689	0.0589530777	-0.1072897794	-0.035515167	0.1191363722	0.0116455711	-0.0571589395	0.1056300357	-0.020352371	-0.038641321	0.0193976163	0.0015279805	-0.0653136862	0.0587895436	-0.0035070091	0.0043407338	-0.101834334	0.0367431688	0.0449841684	-0.0571307278	0.0578085693	0.1133402025	0.1330931651	-0.0065285473	-0.0326209556	-0.0605819892	0.0517592084	0.0472085713	-0.0108125626	0.1223732606	-0.1152063579	-0.0233294853	0.0567464199	-0.0512725989	-0.1024468759	-0.1094982772	-0.041535779	-0.0357925165	0.2105841926	-0.0013714704	0.0116977255	-0.1769802903	-0.0218255309	-0.038490238	-0.0391467764	0.0080123125	-0.031793464	0.0189277467	-0.033515362	-0.0703071303	-0.1035765335	0.0418390491	0.1178695064	-0.148130232	-0.0205145487	0.0105591243	-0.032838616	0.0202743156	-0.0506289977	-0.0461416234	-0.0063439359	0.1556761938	0.0029026337	-0.0433093755	0.0779480051	0.0007817522	0.0632253515	-0.0004312553	-0.0172919256	0.0019784469	0.0563055048	-0.1058857473	-0.0115546527	-0.0272841605	-0.0041264343	-0.0165611591	-0.0573319995	0.0352802553	0.055968986	0.0444865434	-0.0458424186	-0.068051315	-0.0494230185	-0.0284539593	0.0352204727	-0.0519397975	0.1267845545	0.1108598634	-0.0370495392	-0.0317914833	0.0138470619	0.0685390885	-0.0939171703	-0.0135265505	-0.02395381	-0.1027873907	0.022190752	0.0077143592	0.0805764318	0.0773849666	0.0721591615	0.0650363955	0.0562039158	0.0458939156	0.0343774302	0.0219572114	0.026948157509679	-0.0240061966754439	0.00057629747882	0.0007262031931664	0.0297837185745208	0.0272780215013028	0.0008870698921262	0.0007440904570255	0.046273413956861	0.0429750651548702	0.0018468562250653	0.002141228839223	0.0005009570377154	0.0007899398405557	2.509579536365888e-07	6.240049516971648e-07	0.000345062368519	0.0004111376023898	1.1906803816794217e-07	1.6903412809884185e-07	0.000248913591514	-0.0002720768053992	7.402578803623418e-08	6.195797604039848e-08	0.0	0.0
1616.7678397793964	2.1645867934050784	4.68543598618368	2613938.247744936	2237.2534694243973	-4.778264477648463	5005303.086451503	22.83181141835714	1725.8080384410512	4.570093439275524	20.88575404370919	2978413.3855477488	1809.8965861867125	1528.9811192327368	1.241177	34.174198	0.0948793731500248	0.0527124520038109	-0.1086789447	-0.0086975806	0.0794683317	-0.0407903316	-0.0205743681	-0.0505024713	-0.0169230697	0.0943845055	-0.0438127094	0.0638245775	0.0798234368	0.0079976135	-0.0041107876	0.0383549379	-0.0463043489	-0.044899767	-0.0209405092	0.0032661857	-0.0532231605	0.0072476837	-0.0226579271	-0.0350084518	-0.0392410819	-0.0239770646	-0.0897996694	0.022237156	0.0501293075	-0.0312823215	0.0578777614	0.0425472636	-0.0760093545	-0.0291794892	-0.0746260813	0.0640881807	-0.0810072016	-0.0409646111	-0.0065048594	0.0549972505	-0.0769471536	-0.0655754751	0.0116478477	-0.0030909852	-0.0815659865	0.0028666412	-0.0054835541	0.0890353534	0.0414373457	-0.0543779841	0.1220736775	0.0976031843	0.1059162272	0.0150551128	0.0263609088	0.1534055232	0.001437617	0.0292011252	-0.0352430557	-0.0241387803	-0.0305951524	-0.0506849959	-0.0284832768	0.0353675292	-0.044379642	0.0140920987	0.1282313592	-0.0705128672	-0.0212868545	-0.0139484526	0.0058855927	0.0498752317	0.0448723606	0.0215876892	-0.0374194027	0.0288862863	0.0357031806	-0.0465198106	0.0009866619	0.00918601	0.1457948967	-0.0384574222	-0.1131515743	0.0588236779	-0.0178686228	0.0966949033	0.0035068979	0.0484898941	-0.0041258968	0.0518883126	-0.0219749122	0.0736805741	0.0249132903	0.0345503508	-0.027366035	-0.0558533976	0.1087596366	0.0538474394	0.1025210243	-0.014404716	-0.0268989779	-0.1104905021	-0.0637806697	0.0622970478	-0.0097893765	-0.025416959	0.0684811891	0.0415134371	0.0073496892	-0.0051511236	-0.042781368	-0.0746407425	0.0232672277	-0.0195128875	0.1011780337	0.073316445	-0.1021451816	0.1104687262	0.0974627121	-0.027628041	0.0957634128	-0.137914844	0.033652342	-0.0199953886	-0.0170275392	0.0308554753	-0.1172160483	0.041700466	0.0234111586	-0.0339957819	-0.0504322203	-0.0875965098	-0.0230676256	-0.0186841799	-0.0564599867	0.1473489676	0.0060793861	-0.0452902473	0.0707467373	-0.0483131772	-0.0985869497	-0.0436522781	0.0009164014	-0.0826361971	-0.007186632	-0.0683450077	0.0894062796	0.0159958269	-0.0215979499	-0.0425072436	0.0042805324	0.0768641394	0.0731744693	-0.1054217015	-0.0279124998	0.0884683278	-0.136565632	-0.0156679473	0.1317263655	0.0155175239	-0.0029091833	-0.0556494869	-0.0118357652	-0.0868566215	0.0460023736	0.0088881556	-0.09515668	0.0923716427	-0.1759499253	0.0804338397	0.0768225931	0.0709234662	0.0629121428	0.0530272111	0.0415630576	0.0288611001	0.0152996203	0.0374253664556931	0.0104772089460141	0.0001097719072984	0.0014006580543429	-0.007257609706869	-0.0370413282813898	5.267289865723913e-05	0.0013720600008496	0.0462018505031451	-7.156345371590184e-05	5.121327907748024e-09	0.0021346109899149	-0.0001910418314779	-0.0006919988691933	3.649698137443034e-08	4.78862434964806e-07	0.00051298436575	0.000167921997231	2.631529595039298e-07	2.8197797154047973e-08	0.0001630490085602	-8.586458295380001e-05	7.3727266058300035e-09	2.6584979192464176e-08	0.0	0.0
1616.3123859578752	-0.4554538215211323	0.2074381835382034	2612465.7290008394	2250.434578523508	13.181109099110929	5064455.79221428	173.74163708266488	1726.0132357510654	0.2051973100142277	0.042105936037075	2979121.689987863	1825.2956863417728	1588.820342088357	1.345905	37.057735	0.1155643523309214	0.0627586509204084	0.0913576015	0.018402133	-0.081351549	0.0010410519	0.0390948744	0.0030790411	0.0398136427	-0.0705297344	-0.0126875971	-0.0165935876	-0.0683358457	0.0250065563	0.0094791127	-0.0064251843	0.0256554356	-0.1284169503	-0.0317029833	-0.083789548	-0.0460204546	0.0070566129	0.0829013126	0.034564308	-0.0010368822	-0.0524899798	0.1445074195	-0.0250145899	0.0596163788	-0.0806122231	0.1133467815	0.0019663903	-0.0600917619	0.021892551	0.0473717564	0.0826642634	0.0228842228	-0.0751772153	0.0273066583	-0.0167003958	-0.0393419283	-0.0575749284	-0.0082279155	0.0438451671	-0.1423167653	0.0165708942	-0.0078418087	-0.1127529054	0.0212789028	0.1311348159	-0.000683853	0.0719754216	-0.0736872483	-0.1473825932	-0.0064910185	-0.0401932417	-0.0853983582	-0.0227048923	0.0502757635	0.0703006742	-0.0659375591	-0.0713641809	-0.0905452242	-0.0590450485	-0.0121596191	0.0488640393	-0.090018782	-0.0466921709	0.1270508196	-0.0754273168	0.036377908	0.0124582551	-0.0068791411	0.0874888602	-0.1036966826	-0.1423482495	-0.0531067226	-0.0765727093	-0.0271629228	-0.0650531999	0.0723457561	0.0060581486	-0.060015084	0.0469585534	0.064744719	-0.1057452227	0.0400160249	0.0198194792	0.0179437594	-0.0941857897	0.0569604426	0.0522111189	-0.0205564979	-0.1004783666	-0.0538406153	-0.0659000733	0.02097845	0.0044662787	-0.0763348493	-0.0093975293	-0.0134020166	0.0291636514	-0.0721172286	0.0328752656	-0.0212794723	0.00488713	-0.0673668586	0.072155687	0.1938411726	0.1349434913	-0.0856377097	-0.1626024884	0.0856408649	0.023876473	-0.0381332109	-0.0839190286	-0.0399976171	0.0681853353	0.0352708625	-0.0011910122	-0.1338637516	-0.0281363397	-0.0331933553	-0.0332661056	0.0150143356	0.0609605077	-0.0401000475	-0.038406069	-0.097408498	0.0105099867	0.0742711643	0.0444041844	0.0106402683	-0.0188982243	-0.0320540398	-0.1072881947	0.0477932532	0.0038203606	-0.0567060952	0.0150764953	0.1524044758	0.0500269257	0.1350335429	-0.0155614009	-0.0320534884	0.01727941	-0.0803543007	-0.0328121643	0.026019759	0.078299017	0.0095028725	-0.0455430492	0.0117349262	0.0637110836	0.0174508902	0.051515519	-0.0587654998	0.0024014057	-0.0502104378	0.0153378286	0.0222869612	-0.0591589426	0.0666308691	0.0341202285	-0.0312739839	-0.0879503079	0.0443198584	0.0372624214	0.1129575035	0.080282427	0.0762265226	0.0696177779	0.0606775209	0.0497051625	0.0370681691	0.0231897558	0.0085347133	0.013501433621073	-0.0239239328346201	0.0005723545622754	0.0001822887098242	-0.0034063883171597	0.0038512213897092	1.1603481367282097e-05	1.483190619255443e-05	-0.0110298893634919	-0.057231739866637	0.0032754720481624	0.0001216584593708	-0.0005300642498333	-0.0003390224183554	2.809681089513391e-07	1.1493620014754389e-07	0.000400914395769	-0.000112069969981	1.6073235273482238e-07	1.2559678171542252e-08	0.0003231057850229	0.0001600567764627	2.5618171691630717e-08	1.043973483152645e-07	0.0	0.0
1615.2826468039473	-1.0297391539279488	1.0603627251322478	2609138.0290659657	2270.150736034718	19.716157511209985	5153584.364318972	388.7268670068419	1725.2633957741475	-0.7498399769178832	0.5622599909842115	2976533.784798143	1823.4662439564245	1577.17540912372	1.147533	31.595844	0.0878233744242282	0.0445739860543505	0.0137302693	0.054000552	0.1088710985	0.0482965135	0.0487435858	-0.0383653037	0.0920468859	0.1012246285	0.0556656374	-0.0739244704	0.0296671948	-0.0461949441	-0.0591677968	0.0523164908	0.0371954245	0.0175848176	0.0137477628	0.0845238196	-0.0422861186	-0.1412372197	0.0172588382	-0.0255325442	0.0067092109	-0.0707356993	-0.0040644282	0.0093979748	0.0264458845	-0.1619253207	0.0405174696	0.0614422939	-0.0347445343	0.0848079768	0.0475331349	-0.0496628825	-0.0354340639	0.020252035	-0.0558444622	0.0036131143	-0.0119516624	0.0534683265	-0.0620163384	-0.1071866385	0.0314887494	0.0339665596	0.0645382567	-0.0797122531	0.0175648499	0.0717670091	-0.1400726709	-0.1183732219	0.0088437887	0.1266116357	0.0043798109	0.0179826153	0.0479435716	-0.0490414625	-0.0187756209	0.0389697535	0.0044478791	-0.1373291103	0.0753644468	0.0789026949	-0.0829268602	-0.1119485257	0.020205392	-0.1282679097	0.1611858483	0.0192705731	-0.0046132022	0.0072667591	-0.1469646296	-0.0716973603	0.0243092656	0.1371975228	0.0377886684	-0.0156433076	0.0361165835	-0.0197915697	0.0448893336	-0.1204155193	0.0391533332	0.0829649075	0.0494476694	0.0275776478	0.083284421	0.0666184986	-0.1247071476	-0.0950473675	-0.002443008	0.0605910807	-0.0129330292	-0.0732503454	-0.0062700911	-0.009372152	0.032893226	-0.0118889076	0.0765736891	0.0320693531	-0.0220773795	0.1251586634	0.0486169882	0.0170751167	0.0108946754	-0.0268744133	-0.010930848	0.0266412159	0.0034282956	0.1105973936	0.0826645116	0.018424881	0.0378935261	-0.1617120956	0.0360725487	-0.0506336737	0.0985828095	0.0744878121	0.0130456103	0.0854703182	-0.0912846448	0.0033497006	0.1429703855	-0.1415495832	-0.155442037	-0.0936753521	0.0703230783	-0.0420186428	0.0122855353	0.034237794	0.0807353539	-0.0574445928	-0.0014733131	0.0704335464	0.0018330355	0.1304665074	0.0109037511	0.0906979156	-0.1240138629	0.0723203226	-0.05044801	0.0598587183	-0.0570317929	-0.0367043309	0.1174969451	-0.004153744	0.0280137309	0.0557838263	-0.0030183722	0.0581362965	0.0180841722	0.1171041881	0.0452700208	0.0352255541	0.0598286246	-0.0003708531	-0.0357969683	-0.0584217324	-0.0425027877	0.0132994693	0.0340940979	-0.025020706	-0.0159430355	-0.0207285762	0.1286942646	0.0650289652	0.017842363	0.0466350866	0.1112605999	0.0801222105	0.0755970167	0.0682433853	0.05833645	0.0462468756	0.0324269895	0.0173938582	0.0017099414	0.0175728677283331	0.0040714341072601	1.657657568976085e-05	0.0003088056801974	-0.0072183777477903	-0.0038119894306305	5.210497730979416e-05	1.4531263419239404e-05	0.0013642287880131	0.012394118151505	0.0001536141647534	1.861120186043692e-06	6.005105091355136e-05	0.0005901153007468	3.606128715821938e-09	3.482360681755468e-07	-0.0002209861384516	-0.0006219005342205	4.8834873387749736e-08	3.867602744638676e-07	0.0004620066047521	0.0001389008197292	1.9293437721443723e-08	2.1345010283456321e-07	0.0	0.0
1614.5517237998322	-0.730923004115084	0.5342484379446192	2606777.268825009	2235.4260292224285	-34.724706812289696	4997129.532125154	1205.8052631994783	1722.1362455610797	-3.1271502130678077	9.779068455090032	2965753.2482752115	1815.03769154319	1543.7088002727728	1.239459	34.126892	0.0672508698407216	0.0363737496745588	-0.0089827066	0.0140463603	-0.0736097536	-0.0893783828	0.0499569082	0.1119571399	0.0093683712	-0.1061339672	-0.0860865029	0.021089364	-0.0377262164	-0.1056092112	-0.0782009755	-0.0123753839	-0.0581883169	-0.081405957	0.0405785373	0.0029435323	0.0753462875	0.0086813325	-0.0589975066	0.0208575798	0.0284859962	0.0283723963	0.0136573142	-0.1109524278	0.0610240153	-0.0623388739	-0.1494488889	-0.0493965561	0.0031127445	0.0325975362	0.0446904757	0.0311962558	0.0569662991	0.0392619991	0.0512031162	-0.024492585	-0.0755078232	0.018980571	0.0804657976	-0.076905364	-0.0269114039	-0.009817159	0.0016990595	-0.0058837918	-0.0221747113	0.024935142	-0.0577111915	-0.0659388454	-0.0097666492	0.0048334166	-0.0100076759	-0.0258649748	0.0627462489	0.1299219968	0.0298578108	-0.0337568922	-0.0383714068	0.0378021196	0.0723836515	0.0265096767	0.0088697059	0.0393576042	0.0739499288	-0.1012832676	0.0176517029	-0.0291219487	0.0782126556	0.0847350577	0.165829352	-0.0605820554	-0.0602373361	-0.1426876449	0.0254666288	-0.0793337985	0.0817449286	-0.0219914545	0.0831757453	0.0859878524	-0.1223459247	-0.0369490268	0.0037191071	-0.0824144207	-0.0441081733	0.0249996687	-0.0204079132	-0.0025880951	-0.1152614791	0.0966776857	-0.0672535396	-0.0011080285	-0.0243266688	0.014088342	-0.0165477677	-0.0871111031	-0.0613973825	-0.0563311922	-0.0312614715	0.0529861662	0.0213048174	0.0544416074	0.0405968076	-0.069598598	-0.0235926375	0.0754589123	-0.0467790931	-0.0522353304	0.21355875	-0.0358487287	-0.0331189201	0.1128611813	-0.0984002984	-0.0304255974	-0.0642926157	0.1000063968	0.0882875226	-0.0265407246	-0.0641940918	-0.0136429428	0.0665393849	0.0423460645	0.0018663573	-0.0350909179	-0.0552731628	0.022146065	-0.0531887434	-0.0281038584	-0.0339395672	-0.1036405421	0.0157975891	-0.0543140433	-0.0691763564	0.0336655403	-0.1281829255	0.0287624602	-0.101825069	0.045288651	0.0018043345	-0.0056559354	0.0681266972	0.0763378375	0.0717283551	0.000667744	-0.0462391061	0.0032638489	0.0086235106	0.0876408325	-0.1308316662	-0.0319335046	-0.0099820178	0.0085694706	0.0526998282	0.0242013497	0.0370747373	-0.0095971012	0.0040444856	-0.0015253443	-0.0307605223	-0.1349016747	0.0424577146	-0.0516971611	-0.0640232601	0.055107405	-0.0737599963	0.0679891826	-0.1324357022	0.0799532077	0.0749343514	0.0668016447	0.0558930371	0.0426618292	0.0276578354	0.0115045374	-0.0051268245	0.0239038298912959	0.0063309621629627	4.00810819088666e-05	0.000571393083472	0.0078208029338924	0.0150391806816826	6.116495853077996e-05	0.0002261769555762	0.0005786557066613	-0.0007855730813518	6.171250661445618e-07	3.348424268516885e-07	-0.0005150067359661	-0.0005750577868796	2.6523193809045617e-07	3.3069145825092245e-07	2.3859869952236323e-05	0.0002448460084038	5.692933941376297e-10	5.99495678312915e-08	0.0005440058877631	8.199928301099997e-05	6.723882414318068e-09	2.9594240592091855e-07	0.0	0.0
1612.7634849192366	-1.7882388805955998	3.197798294073804	2601006.0582888406	2241.120864936589	5.69483571416049	5022622.731254125	32.43115381127782	1719.7232571688564	-2.4129883922232693	5.822512981004238	2957448.081247461	1812.409004708525	1562.983847314185	1.151767	31.712406	0.0541397635514269	0.0250636248484105	0.0797258739	0.0392250532	0.0643829022	-0.0095604986	0.007196207	-0.0032958868	-0.0231645863	-0.061380014	0.0410949777	-0.0040196878	0.0547142238	-0.0896698435	0.0733867432	-0.0418631481	-0.0355668279	-0.0237505671	-0.0040270675	-0.0129925591	-0.0304260769	0.0340139621	0.0678232272	0.0992858363	0.055186307	-0.0258261422	-0.0425682678	-0.1212275987	0.0585693191	0.0926202715	-0.0286116007	-0.0306956545	0.0474747086	-0.0056477835	0.0935199019	0.0005400967	-0.1864840487	-0.0882827913	-0.0681149718	0.0355309692	0.0226908778	0.049100147	-0.14284149	-0.0543544632	-0.036344439	0.0507666027	0.0231892636	0.030385745	0.0963970287	-0.0722845479	0.101863071	-0.075499773	-0.0447823135	-0.0567019849	-0.0388953459	0.0435057738	-0.0462692137	-0.0426717992	0.0099215191	-0.0145668632	-0.0545327031	-0.0733952935	-0.0484644783	0.0960857763	0.0452287666	0.0626772093	-0.0719204576	0.0985061901	-0.033215972	0.0446162479	-0.0689700456	-0.1327356731	0.0295127531	-0.0223330947	0.025276162	0.0208182399	0.080468329	0.0142607037	0.0880985326	0.0729700782	-0.0630221248	-0.0337100231	-0.008509217	0.1283519391	0.0195201034	0.024800943	0.0142326971	-0.0946935483	0.023446086	-0.0227801655	-0.1234489195	-0.0718404713	0.0224517353	0.0122645755	-0.0179145759	-0.0530016759	-0.071993528	0.0087815465	-0.0099556843	0.1509383682	0.0614411359	0.0732595126	-0.0928365193	-0.0187195117	0.0090749677	-0.0100872097	-0.0498975114	-0.0909725142	-0.0264154884	-0.062628498	-0.0545024825	-0.1339825254	-0.0778032557	-0.0216099647	-0.0317358853	0.0382656975	0.015761409	-0.1027455881	-0.0407342135	0.090355445	0.1219124991	-0.1153482959	0.0162296895	0.0399565455	-0.0732593479	-0.1025516511	0.0432193017	0.0270876622	0.037248717	-0.0861158512	-0.057975147	0.0411108144	-0.0221193504	-0.0432653166	-0.0946514399	0.0600476227	-0.1037880857	-0.0086140246	-0.0118338084	0.0460938056	0.1185256612	-0.017792645	0.1303924365	-0.0054282117	0.0088423122	0.0254173493	-0.015421421	-0.0305035088	-0.0192595933	0.040580495	0.0997336114	0.0271763519	-0.0309018131	-0.0025523902	0.0708175358	-0.0117323823	0.0377889492	0.0357291966	0.0888698195	0.022164115	-0.0045206755	0.000865914	0.0485047799	-0.0162165008	0.1102587578	-0.0787226012	-0.047319877	-0.0246962626	0.0656042942	0.0797754371	0.0742388174	0.0652939789	0.0533515689	0.0389598496	0.0227795284	0.0055534252	-0.0119276293	0.0240322743599818	0.0001284444686859	1.64979815360034e-08	0.0005775502109134	0.0190544670755201	0.0112336641416277	0.000363072715532	0.0001261952100468	0.0072077931717728	0.0066291374651115	4.394546353134492e-05	5.19522824070546e-05	-0.0001599230629775	0.0003550836729885	2.5575386072105433e-08	1.2608441482307496e-07	-0.0002360521554525	-0.0002599120254047	5.572062009377122e-08	6.755426094999229e-08	0.0006519805388898	0.0001079746511267	1.1658525285932582e-08	4.25078623091034e-07	0.0	0.0
1613.854826795151	1.0913418759143951	1.191027090124351	2604527.401970007	2242.104895621672	0.9840306850828712	5027034.362970668	0.9683163891846646	1720.6036052911932	0.8803481223367271	0.775012816501801	2960476.766541052	1813.7210103468133	1530.840532593966	1.235779	34.025566	0.1556410994377052	0.08818378761761	-0.0813584236	0.0964459629	-0.0140100189	-0.004414796	-0.0451255048	-0.0442318008	-0.0195615616	0.0381198946	-0.0388933096	0.049951718	0.1273502996	-0.0022204754	-0.0296561034	0.0784801483	0.0033432194	0.059303596	0.0117604836	-0.153549065	-0.0672394591	-0.2025670462	0.0606789452	-0.0637309071	0.0586146672	0.1266248515	-0.0674578984	0.0316603089	0.0457099086	-0.0531006344	-0.0605534791	-0.0620399335	0.0653807187	-0.1494918185	0.0115888945	-0.1244442883	0.0175765731	-0.159361006	0.0011221803	0.1047626258	-0.1229124895	-0.0208489482	-0.0023159722	0.0304349349	0.1425771517	0.0508746649	-0.0264225244	0.0588013891	0.0961687839	-0.1607305068	-0.0609983487	-0.0257823052	0.0635959169	-0.0268914957	0.0523207136	0.0506585689	0.0712656915	-0.0096261779	-0.0052496307	0.0085687597	-0.1168546205	-0.0088196597	0.1246046254	0.0222153078	0.0625837614	-0.052199129	-0.0197103752	0.0542600873	-0.0272677851	-0.02055042	0.1092273696	0.0728021657	-0.2060661665	0.0684427684	0.1197262746	-0.0382622742	-0.1001033981	-0.0231749075	-0.0959789262	0.0124213919	-0.1375334743	-0.0264815865	0.1034890406	0.0267708622	-0.0698521447	-0.0082323711	-0.1041438885	0.0766488707	-0.1147285253	0.0499396619	-0.0470287864	-0.0104946122	0.1303760655	-0.1528835366	0.0727649231	-0.0526614473	0.0705372855	-0.1319564592	0.1776154258	-0.0355932231	0.1467920056	-0.0202062004	-0.0430780832	-0.0437988786	-0.1725342511	0.0693467787	-0.2246266115	-0.0242965351	-0.1015725977	-0.168246262	-0.0447950632	0.0315701089	-0.0128980153	0.0187745305	-0.0014113927	-0.0688341861	0.0700522661	-0.0321451291	0.0631730239	0.0525594355	0.0159112959	0.0216565429	0.0192307983	-0.1016287326	-0.0008230179	0.0023965945	0.0997865571	-0.1090387738	0.022803959	0.0549962315	0.0854026795	0.0411488246	-0.1308784001	0.1175134066	0.0119524227	0.0619427142	0.1055038507	0.0403703066	0.006622994	-0.1306432494	-0.0416332953	-0.0616629521	0.094770049	0.1042766521	-0.0776059917	0.0463295042	0.0661076116	0.1190210557	-0.0579879594	0.0553681812	-0.0315263034	0.0289093648	-0.0625496143	0.119579277	-0.0216227587	0.0272748339	0.0249019953	0.015930267	0.0306651419	-0.0238681592	0.0182375687	-0.069572854	-0.0711593707	0.0687898641	0.1691716761	0.1137472942	-0.1573827629	-0.0288928634	-0.0057033475	0.0795889182	0.0735107199	0.0637218759	0.0507165039	0.0351510839	0.0178113211	-0.0004275147	-0.0186447705	0.0142152338497965	-0.0098170405101853	9.637428437861928e-05	0.0002020728734044	0.0276774717953713	0.0086230047198512	0.0007660424449835	7.435621039857606e-05	-0.0749485033329264	-0.0821562965046991	0.006749657055368	0.0056172781518456	9.689491076739134e-05	0.0002568179737448	9.38862373262073e-09	6.595547163843172e-08	0.0004370228010457	0.0006730749564981	1.909889286338295e-07	4.530298970650538e-07	0.0004809783150735	-0.0001710022238162	2.924176055011995e-08	2.313401395709431e-07	0.0	0.0
1616.1526435058472	2.2978167106962246	5.279961635954817	2611949.367110938	2237.7282577993624	-4.376637822309476	5007427.75575377	19.154958627669835	1721.8356731622869	1.2320678710937043	1.5179912389813732	2964718.0853742254	1811.4305226269253	1559.0929184658623	1.172823	32.292168	0.0691380257133601	0.0438774742047973	0.0100013296	0.0147000723	-0.0620583256	0.0185689219	-0.0459859954	0.0420609323	0.1164851395	-0.0530896918	-0.0084549085	0.0169495366	0.0240200465	-0.0480430286	0.0529489035	-0.0460934453	-0.058258302	0.0201284901	-0.0814817759	-0.0064824867	0.0656078086	0.0677835179	0.0055725133	0.132057432	0.0513716134	0.0187409061	0.0123545766	-0.0775000432	0.0471570228	0.0535265687	-0.0129817657	-0.0092797688	0.0475974531	-0.0127967482	-0.0175582865	-0.0148898497	-0.0078356188	0.0012479793	-0.0036621578	0.00517056	0.0592587244	0.0268003583	0.0643355817	0.0531684432	0.0064661967	0.0180020484	0.0296136257	0.0957335974	-0.1094232251	-0.1137352195	0.0796831739	-0.0633546317	0.0494220802	0.100037172	0.052267836	0.1024194109	0.0530207586	-0.0135661621	0.1056525534	0.0487999124	0.0317691843	-0.1046440781	-0.0055462124	0.1109793701	0.003931434	0.0176571708	0.0897170414	0.1382892529	-0.0605229547	0.0670974296	0.0201146855	0.0076019344	0.0032701434	-0.0071665181	-0.0277135789	0.0455368469	-0.0590141533	0.1034194347	-0.0199347111	-0.052401549	-0.0188877723	-0.0153455585	-0.0162338481	-0.1595302937	0.1106656647	0.0014080305	0.0004818396	-0.0588657037	0.0390980006	-0.0048990249	-0.0572583536	0.0565910329	0.0225119767	0.092367553	-0.0403586954	0.0717373008	-0.1387462526	-0.0891630767	0.0106513558	0.1138678802	0.032499938	-0.0260291873	-0.2610193463	0.0695109819	0.0396096633	-0.0891471155	-0.0893887489	-0.0627342119	-0.0039353374	-0.1230892671	0.0554151959	0.1315442377	0.0076549301	-0.0087114128	0.1843584182	0.050056165	-0.025145742	0.0408190783	-0.0578497858	-0.1059583996	-0.0301708919	-0.0951486778	-0.0599199048	0.0751621002	0.0413499252	0.0591930121	-0.0765594713	0.034391495	-0.0453048078	-0.1153633656	0.0412710966	-0.0545604304	0.0111627714	-0.0238139892	0.1300089417	-0.0512606966	-0.0101393682	0.1022829714	-0.027644435	-0.0166768993	-0.0599665974	-0.0095929454	0.0073697848	-0.0691157695	0.0107216004	0.0108467221	-0.0538961856	0.0473213564	0.0301983091	0.0699069231	-0.0080626295	-0.0374838583	-0.0095465459	0.1150264167	0.0446428909	0.026060376	-0.0318320922	-0.1444221758	0.017883446	-0.0291112024	0.0166416102	-0.1222559826	0.0893363642	-0.0083766801	0.1071051836	-0.0409192602	-0.0358366541	0.018454164	0.0211023835	0.0793936715	0.0727503781	0.0620868871	0.0479924649	0.0312459714	0.0127728206	-0.0064061583	-0.0252311319	0.0122908332323419	-0.0019244006174545	3.703317736459643e-06	0.0001510645815452	0.0384977994419983	0.010820327646627	0.0014820805618763	0.0001170794903803	-0.0458420676969524	0.0291064356359739	0.000847184595431	0.0021014951707319	-0.0004126063646743	-0.0005095012754416	1.7024401216974145e-07	2.5959154967671026e-07	0.0004238958967228	-1.3126904322900009e-05	1.7968773125842673e-07	1.723156171025709e-10	0.000504087371575	2.3109056501499983e-05	5.340284923895187e-10	2.541040781813921e-07	0.0	0.0
1616.996846491293	0.8442029854456905	0.7126786806354167	2614678.8015627856	2241.840996028062	4.112738228699527	5025851.051472093	16.914615737806525	1724.894074041193	3.058400878906241	9.353815936094469	2975259.566662425	1816.6513981373384	1560.9440322801452	1.029282	28.339933	0.0721983093758052	0.0487126734054122	0.0437421424	0.0098713283	0.0614270535	0.0575405522	0.0149210462	0.1254664508	-0.0083206727	0.0011630819	0.0398033072	-0.0023809646	0.0805632499	-0.0400397001	0.0385905492	-0.0809385265	-0.0086295916	-0.0519553289	-0.0777164809	0.0431644213	0.0281498655	0.0241991219	-0.0863166983	0.0134748467	9.87439e-05	-0.0910432518	-0.010908031	0.0432447263	0.013997225	0.0171155464	0.0233192378	-0.0249732446	-0.0312612473	0.0759294039	-0.0080974396	0.0413771147	0.0717071367	-0.0734102802	-0.0806288122	0.0123232805	-0.0442113938	0.0220598244	-0.0452419695	-0.1483706916	0.0898612071	0.0073213137	0.0285621276	0.034325873	-0.0654116442	0.0020738216	-0.0733842109	-0.0355725216	0.0390790843	-0.0124245941	-0.0687152659	-0.0292618265	0.0516240218	-0.0364379044	-0.0141448751	-0.0495289032	0.0706502507	-0.0730124906	0.039033766	-0.0685964958	0.0951254834	0.029054283	-0.0093152528	-0.0117886194	0.0506773998	-0.0372751762	0.0074493371	0.0975275331	0.0836587339	0.1156217095	-0.0733594589	0.1199032962	-0.0967411872	-0.0021188216	0.013459763	0.0396747772	-0.0203488824	0.0707611332	-0.004527653	0.0259227157	-0.0789310784	0.0148836311	0.0612319826	-0.0464333103	-0.0130296324	0.0235444323	-0.0288829747	-0.0386041898	-0.0550693642	-0.1010410279	-0.0065992311	0.0003954415	0.0515891363	-0.0456672331	-0.0508467962	-0.0240405392	0.0255212726	0.0827405042	0.0319615437	-0.004294584	0.1154669113	0.0541492332	0.063181913	-0.0048379893	0.0244201311	0.0938657379	0.1261970768	0.0306194669	-0.0848692084	0.0239570079	0.0152576568	0.0638182511	-0.0821558738	0.0097776755	0.0671958982	0.0434892564	-0.0664998915	0.0038364722	-0.0546019761	0.0365772183	0.0232850976	0.0579014914	0.0483592004	-0.0185685574	0.0331930366	-0.061193433	0.0809067306	0.1217173238	-0.0274925944	0.0304180709	-0.0990971303	0.0947509276	0.0115029777	-0.0507834121	-0.029886684	0.0192787223	-0.0300169008	-0.0234184663	-0.0254867139	-0.0538744727	-0.0536761791	0.0288604835	-0.0959006429	-0.0140648546	-0.0100431812	0.0123659439	-0.0230319066	0.0934489245	-0.0448740315	0.0317433711	0.0176950255	-0.0680105329	0.0179497299	0.0361014299	-0.017872275	0.0092383905	0.00469148	-0.0461177232	0.0386894396	0.0787092636	-0.0398047379	-0.0882003147	-0.0008048515	0.042496412	-0.0610988083	0.0791897184	0.0719581255	0.060390626	0.0451842308	0.0272552159	0.0076839116	-0.0123503943	-0.0316405151	0.0112910267792329	-0.000999806453109	9.996129436784003e-07	0.0001274872857293	0.0183399863018109	-0.0201578131401874	0.0003363550975506	0.0004063374305947	-0.0027525453809786	0.0430895223159738	0.0018567069334188	7.576506074346627e-06	-0.0004126445036317	-3.813895740000482e-08	1.702754863774521e-07	1.4545800715593826e-15	0.0004668721779947	4.29762812719e-05	2.1796963058551485e-07	1.8469607519614622e-09	0.0006200963006764	0.0001160089291014	1.3458071631253651e-08	3.845194221125563e-07	0.0	0.0
1615.3894676424131	-1.6073788488797618	2.583666763826028	2609483.1321700388	2244.318629243449	2.477633215386959	5036966.109569193	6.13866634998872	1725.731562278054	0.8374882368609633	0.701386546880485	2978149.425042653	1818.0244774606792	1552.8668169107775	1.070611	29.477884	0.0600077685713952	0.0333582898944248	-0.0685528626	0.080633042	-0.0507356295	0.0262071604	0.0198006873	-0.0758177074	-0.0301101274	0.0092132334	-0.0689016414	0.0289995752	0.0264381976	-0.0157146891	-0.037943538	-0.0086224804	0.0699681659	0.0195383299	0.0096176538	0.0495019406	0.0867198588	-0.0696740699	0.0180414558	0.0149088933	-0.0066799894	0.0813766649	0.0555565779	0.0296608739	0.0206438082	-0.1256713021	0.0406835281	0.0191526418	0.0043033549	-0.0485494329	0.0782067021	0.0963971419	0.0990457016	0.0716253968	-0.0161791193	0.0509735327	0.1688981594	0.0448217884	0.0123609612	0.0340101309	-0.0810025742	0.1189349243	-0.0031850992	-0.1507840547	-0.0507306491	-0.0975651321	-0.0920312971	0.019311861	0.110119884	-0.1086442283	0.0534900052	-0.0104008431	0.0347328251	-0.0645334822	0.0503414832	0.0570869955	0.0707837238	0.0046396255	-0.0706341973	-0.0109156675	-0.024549609	0.0273809454	0.0634818897	-0.0097688483	-0.0141387077	-0.0315598854	-0.0852475175	0.0131625411	0.0485537333	-0.0821434559	0.0216134874	0.0055450258	0.0495430498	-0.0182867832	-0.0628809538	0.0313826365	0.0002773073	-0.0816329046	0.0813497017	-0.0018396062	-0.0959909876	-0.0103932637	-0.0651667704	0.0529400326	0.0003011705	-0.0800665067	0.0228183963	-0.0541754559	0.0265328207	-0.0212194688	-0.0355151388	0.0463801424	0.0598247614	-0.0596474943	-0.0232793956	-0.068662137	-0.0624995752	-0.0358037998	-0.0307759334	-0.0706696901	0.0639951165	-0.1379504968	0.0349476215	-0.0026805596	0.0244441458	0.0471980525	-0.0996635742	0.0652496852	-0.0454605946	0.1236153058	0.1438406092	-0.0569438685	0.1151903533	0.0195659801	-0.0541999659	0.047714783	0.0389468398	0.0781287461	-0.0073026003	-0.0044865782	-0.0107932459	0.0642257352	0.0969037087	-0.0246019812	-0.135951216	0.0103107317	-0.0440324835	0.0309832749	-0.0042626496	0.0617919996	-0.1345415981	-0.0078035951	-0.0612339121	-0.0191717537	-0.0869984497	-0.0497963075	-0.0673323792	-0.0109243915	0.0458258976	-0.0248856642	-0.0628752672	0.0290337255	0.0186952955	0.0855921677	-0.093125261	0.0260104297	-0.0137367361	-0.0225685272	0.0115900619	0.0412840843	0.0178898577	0.0152148016	0.0317701063	0.0178742146	0.0703899962	0.0485964973	0.0350137067	-0.0158944197	0.0305377027	0.0332865417	0.091990549	-0.0531891939	0.04163558	0.0239923884	-0.0960465393	0.0789770813	0.0711343098	0.0586347667	0.0422967282	0.0231897558	0.0025646777	-0.0182282956	-0.0378279629	0.001813227777859	-0.0094777990013739	8.982867391044409e-05	3.2877949743994877e-06	0.0200907999492159	0.001750813647405	0.0004036402425994	3.065348427939605e-06	-0.0263595352799299	-0.0236069898989512	0.0005572899720891	0.0006948251001738	-0.0002180755849815	0.0001945689186502	4.7556960765023436e-08	3.785706410470816e-08	0.0002209256634293	-0.0002459465145654	4.8808148761676355e-08	6.048968802686852e-08	0.0006830241879341	6.292788725769998e-05	3.9599189947178e-09	4.6652204130303685e-07	0.0	0.0
1618.3989790522637	3.009511409850574	9.057158926020794	2619215.2553974097	2259.950481055563	15.631851812114292	5107376.176823271	244.3547910759009	1723.7333218661222	-1.9982404119318744	3.992964743877667	2971256.5649116165	1818.119025586122	1563.63219334529	1.095709	30.16893	0.0900029917620417	0.057337948658275	0.0565260915	-0.0344954985	-0.0425093787	0.0019007833	-0.0433566603	-0.026539599	-0.026851652	0.0472523007	0.0262797093	-0.0952140535	-0.0721244703	0.066266533	-0.0062583981	-0.0341953611	-0.0362435364	0.0272796169	0.0176611606	0.0524814013	-0.00726594	-0.097539641	0.0594650201	0.0230740269	-0.0024453908	-0.0626427	0.0151890197	-0.0293474455	0.057104664	-0.0030064025	0.029729875	0.0381280681	0.0267607679	-0.0729032766	-0.105847658	0.0185804651	0.0004381095	-0.0289818222	-0.0584896718	0.0376906155	0.1425518057	0.0498624427	-0.0143657404	0.055282594	-0.01888171	-0.0283905358	-0.0276661143	-0.0381543284	0.0062630404	0.048284496	-0.0181180618	-0.0848711647	0.0242333484	-0.0486394903	-0.1456707831	-0.0314193322	-0.0547371496	-0.0023915219	-0.0439072244	0.0501366929	0.0040447448	-0.0610651793	-0.0631452276	-0.0054750949	0.0713949619	0.0124787306	0.0258815975	0.0124505843	0.0019335382	-0.0257647901	0.0075357614	-0.0667683615	0.0467793731	0.0218043491	0.0539411144	0.0565104577	-0.0485333091	0.0533593588	-0.0941054249	0.0025638299	-0.0284925951	0.092876835	-0.0307072581	0.0459332464	0.0063945162	-0.0466371679	0.088901181	-0.0091066485	-0.0023034222	0.0241879323	0.0464902445	0.0505489941	0.0696594148	0.0489942689	-0.0126310346	0.0425328241	0.0502717394	0.0097577856	0.0523494652	0.0067301045	0.1354534933	-0.0081369069	-0.0216207967	0.0894283697	0.0481085965	-0.0842259958	0.038802673	-0.0562460323	0.0875715908	0.032354912	-0.002925338	-0.0839487269	0.0514444814	0.0537025976	-0.0345876008	-0.0172785056	0.0092272392	-0.0658843061	0.0589191939	-0.0396294515	0.0135981379	0.0475288861	-0.0135497558	0.0603440503	0.0641055355	0.0255499653	0.0226016967	0.0272008847	0.0245056718	-0.0102150315	0.0046452596	0.0244836288	0.0397776408	-0.0320279449	-0.009229441	-0.0788315958	0.0431816453	0.0151010954	-0.08710248	-0.0770791055	0.1176420898	-0.0146810761	-0.0353360592	-0.0478913366	0.0231007542	-0.0336806352	-0.0551094564	0.0042032125	0.0768851928	0.0399851792	0.0325529118	0.0031911945	0.0660755515	0.0473049054	-0.0289180778	0.0878719604	0.0115772913	-0.0783561699	0.0765220003	-0.0253865904	-0.0155647241	-0.007503534	0.0514897298	-0.0061198786	0.0322395583	-0.0396902607	-0.0306049072	-0.0810975758	-0.0967541691	0.0787557834	0.0702792922	0.0568210419	0.0393350228	0.0190607341	-0.0025646777	-0.024008292	-0.0437500746	0.0004635972906754	-0.0013496304871836	1.8215024519354411e-06	2.149224479215713e-07	0.0117675840627242	-0.0083232158864917	0.0001384760346732	6.927592269314782e-05	0.0102529722003765	0.0366125074803063	0.0013404757039954	0.0001051234389416	-0.0009161130393966	-0.0006980374544151	8.392631009524764e-07	4.872562877663128e-07	0.0002831352587739	6.220959534459998e-05	8.016557476096333e-08	3.870033752938875e-09	0.0007971298963356	0.0001141057084014	1.3020112689808144e-08	6.354160716320044e-07	0.0	0.0
1615.9206387543086	-2.4783402979551283	6.142170632468314	2611199.5107521326	2243.1973543038816	-16.75312675168152	5031934.370355934	280.667255957907	1723.8273018022016	0.0939799360794495	0.0088322283854974	2971580.5664386586	1813.4626182145505	1542.0191867348622	1.112031	30.618343	0.0306198332633516	0.0175168216871975	-0.0755847054	0.0496156146	0.0285109158	0.0417094635	0.0138148892	-0.0082686779	-0.0404406034	0.0056065341	-0.025015099	0.0573693079	-0.0223009491	-0.0225092145	0.0185282138	0.026360014	0.0027071859	-0.0066671357	-0.0236618198	-0.0818595102	0.0851499248	0.0208278465	-0.0465493575	0.0605601009	0.0054667171	0.0258512456	-0.0820870705	0.113681127	0.0482252712	0.1220795909	-0.0423206603	-0.0292134927	-0.0584143916	0.0195683811	-0.0688785634	0.0661606922	-0.103068286	-0.0083993409	-0.01615354	0.0352399805	-0.0514570986	-0.0738939314	0.015972407	0.0601566029	0.0355310327	0.0091924254	-0.0317255306	-0.030115128	-0.0856986451	-0.0244578415	0.0094767662	-0.012362508	0.0630489826	-0.0302856291	-0.0704284705	-0.0629472789	-0.0496862534	-0.0850058767	0.0366898294	-0.0352086442	0.1252926754	0.0025554468	-0.0050231942	-0.0631129117	-0.047796552	-0.0546869776	0.0289947207	-0.0859723217	-0.0996521716	-0.0375079736	0.0133759133	0.0259329526	0.0105587321	-0.0670610413	-0.1081818501	-0.0098480964	-0.0003258469	0.0062474484	-0.0517404414	-0.1557733064	0.0025777864	0.0066058899	0.0402929325	0.0866649241	0.0085814221	0.0723101502	-0.0723499379	3.0958e-05	0.027298246	-0.0066638461	0.0186776763	-0.0016049232	0.0638465064	-0.0351178044	-0.0832153268	-0.0625545081	0.0158014497	0.0443766318	-0.0151460509	0.0085698319	0.0939049685	0.0131561168	0.0721751593	-0.0295764587	0.0079428756	0.03911504	0.0494233202	-0.0235499593	-0.0149008294	-0.0429478814	0.1005284984	0.0059492445	-0.1653643298	-0.0730288382	0.0542482858	0.0058373275	-0.022499427	0.0789527411	0.0059002319	-0.1572671151	0.0372807262	0.0594703129	-0.0403352882	0.0426949584	0.0094032311	0.0617792644	0.0245204603	0.0376290514	-0.0412866347	0.1225721287	-0.0395537892	0.038923783	-0.0650429086	-0.035894179	-0.1095861089	-0.0583096232	0.064855652	-0.1278376723	0.0297689162	-0.0345345029	0.1178223355	0.0049993411	0.0226545436	-0.0461101044	0.0335231068	0.0161255449	0.011289745	0.0244750045	-0.0674861661	-0.045317394	0.0563245486	0.0210916665	0.0638282743	0.0118829635	-0.0440667328	0.0063851331	-0.0139027884	-0.0241976556	0.0125401272	0.0380542974	-0.0520419494	-0.0219758474	0.0503128618	-0.0919861652	-0.0048398588	-0.0039414882	-0.0996170293	-0.0516990729	-0.0689221421	0.0785258491	0.0693934478	0.0549512416	0.0363043104	0.0148794683	-0.0076839116	-0.0296593388	-0.049365311	0.0153305361446172	0.0148669388539418	0.0002210258708868	0.0002350253384814	0.0191538763875911	0.0073862923248668	0.0003668709806711	5.4557314308387646e-05	0.0101849491875185	-6.802301285799978e-05	4.627130278279603e-09	0.0001037331899523	-0.0009160856413355	2.7398061100024004e-08	8.392129022610743e-07	7.506537520406487e-16	0.0002617010541157	-2.143420465819997e-05	6.848744172526855e-08	4.5942512932960134e-10	0.0006526199176212	-0.0001445099787144	2.0883133948036347e-08	4.259127568759018e-07	0.0	0.0
1618.315121024853	2.3944822705443585	5.733545343951266	2618943.8309376845	2252.1908035620445	8.993449258162855	5072363.415649448	80.88212955915	1723.9947884854405	0.1674866832388488	0.0280517890623504	2972158.0307249585	1815.8442144204807	1552.830332531306	1.05682	29.09816	0.0222443668571857	0.0131512287700927	0.008032416	-0.0375668682	-0.0392105904	-0.0480009968	-0.0265751649	0.0386555959	0.1062109434	-0.0288369178	0.0300363184	-0.0111441106	-0.0034814732	0.0664109798	-0.0339751565	0.0367750745	0.028453384	-0.0039546689	-0.0410479212	-0.049801401	-0.0296175871	0.0034948411	-0.0184856402	-0.0436771988	-0.01316905	-0.0316247882	0.0468254418	0.0012426604	-0.0558909204	-0.0191912593	-0.0386782583	-0.0248742636	0.0603834704	0.0675580721	0.069414119	0.049495708	-0.0772783726	0.0290690969	0.0744375096	-0.1341748767	-0.0089760134	0.0325195888	0.0054574351	0.0565122984	-0.0495795392	-0.1090012538	0.0215757767	0.047694404	-0.0582877004	-0.0664590096	0.1330649798	0.0094581422	0.0217613898	-0.0178726299	0.0170204182	-0.0552268957	-0.102224922	0.0402172417	0.0175325247	-0.069314646	0.0413597211	-0.0046215525	0.0520525819	0.0516400049	0.0891637232	0.0109428951	0.0766518946	-0.0196805662	0.0698491289	0.0391031206	0.0678358126	0.003383904	-0.1406891323	0.0227617145	-0.0127993784	0.123808045	-0.0130778679	-0.0553246992	-0.0264246273	-0.0916670893	0.0635628383	-0.0373775188	-0.0275261336	0.0007233569	-0.0222300842	-0.055244972	0.0086356445	-0.0307512121	0.0197449761	0.0298854735	0.0427876081	0.0695523162	-0.0644149853	0.0085853445	0.0177707647	-0.0052619972	-0.0969579261	-0.0664240371	-0.0101307321	0.0285119424	-0.018627923	0.0136828054	-0.102147347	0.026201223	-0.0212683451	-0.0297615944	0.0653781721	0.0505894082	0.0116300259	-0.0307813773	-0.0068170058	-0.0118278241	0.0822013447	-0.0498596484	-0.0127845874	0.0256484212	-0.1372383259	-0.0983770152	-0.0224053579	-0.1059502859	-0.012312345	0.0019376687	-0.0314679501	0.0232481137	-0.1252268966	0.0591019933	-0.0799014188	-0.034395693	7.52116e-05	0.032563211	-0.069726503	-0.0612291787	0.0544300785	1.42069e-05	0.0531851598	0.0773672653	-0.0107105763	-0.0149153569	-0.0416563273	-0.142228414	-0.0579564403	0.0471243782	0.0281803404	0.0120732979	-0.0364705846	-0.0220592045	0.0139028918	-0.0069260368	0.091486385	0.0130012482	-0.0234469137	-0.0471093432	0.0650444408	0.0164918092	-0.0029064188	-0.0003087117	-0.0445923046	-0.0947613562	-0.0073755427	0.0218290557	0.0164165099	-0.0352187608	-0.0220771779	0.0031580296	0.0022826464	0.0077881568	-0.0408389639	-0.0279203318	-0.0690878455	0.0782873035	0.0684771651	0.0530272111	0.0332099078	0.010657419	-0.0127728206	-0.0351510839	-0.0546342852	0.007952392668173	-0.0073781434764442	5.443700115899611e-05	6.32405491488117e-05	0.0182580069804316	-0.0008958694071594	0.0003333548188974	8.025819946843097e-07	0.0009426495985564	-0.0092422995889621	8.542010169212901e-05	8.885882656585421e-07	-0.0009160570872245	2.8554110999929813e-08	8.391605870542353e-07	8.153372549963127e-16	0.000178706513203	-8.299454091270002e-05	3.1936017861174014e-08	6.888093821309837e-09	0.0006410819249525	-1.15379926687e-05	1.3312527482297498e-10	4.109860345008028e-07	0.0	0.0
1614.8521276011652	-3.462993423687749	11.992323452504596	2607747.39401801	2238.9059773945487	-13.284826167495794	5012699.975613039	176.48660630058097	1718.45970703125	-5.535081454190504	30.637126704523663	2953103.7646899293	1808.4619408338224	1537.861333612994	1.060201	29.191269	0.0615179380276802	0.0258988952277447	-0.028418414	0.0178063952	0.0925938285	0.0514592328	0.0138503968	0.0969125416	-0.007571306	0.064684299	0.0564998072	0.0767200189	0.0338217509	-0.0581654514	0.0176783374	0.0200391585	-0.0972612091	-0.0687496019	-0.0658917567	0.037608886	0.0596061223	-0.0155251864	0.0113138509	-0.0858092497	0.0629758487	-0.0693455402	-0.0884720668	0.018795076	0.0862487445	0.0559951815	-0.0695827418	0.1037943739	-0.0531618292	-0.0218374834	-0.0645456448	-0.1475456534	0.0504927573	-0.1106955043	0.0561856684	-0.0050116824	-0.0270690454	0.0312498041	-0.0029450892	0.0167449302	-0.0105795138	-0.0149122162	-0.0922944196	-0.0088231354	0.0754597262	-0.0094077086	0.0269673774	0.0119422021	0.0670692398	-0.131538828	-0.031070199	0.0692418878	-0.0367817555	-0.0306869595	-0.0538728447	0.0770690832	0.0579967311	0.0872289646	-0.1113915008	-0.0463180124	0.044328094	0.0300230957	0.0331636112	-0.0871179103	0.0263766194	0.04244918	-0.0483010398	-0.0050693059	0.0350982763	-0.0467477213	-0.0219969645	0.0047575996	0.0374792187	-0.0175824922	-0.019621165	-0.0433865183	-0.002455535	-0.0634168228	-0.0671128615	-0.0492570004	0.0271010163	0.1203662145	-0.0029905525	-0.0404415685	0.0095118994	0.014709093	-0.0246543756	0.0174512411	-0.0730793031	-0.0687284866	-0.003295441	-0.012406291	0.1491641211	0.0552947165	0.0110055836	-0.0544802451	0.1036294204	-0.0544144755	-0.026907313	0.0145153502	-0.008540593	0.1075101909	0.076040768	-0.1649125178	-0.0536255645	-0.0493961682	-0.1215204494	-0.0703001476	0.0146758524	-0.0082354868	-1.68431e-05	0.0051698141	0.126937043	0.0063164297	0.0636902312	-0.0943636716	0.0580577139	-0.038857106	-0.0959345829	0.0041141922	0.0498232149	-0.0562033142	0.0126401506	0.1031818115	-0.0536680417	-0.0375163155	-0.0676925129	-0.0726504455	-0.0425572505	-0.1119513778	0.0512502583	0.0262334078	-0.0212262717	0.0004894658	-0.0117321964	0.0562196701	0.0505978824	0.0574569717	0.0517484106	0.0716446741	-0.0014438514	0.0127300081	-0.0631958577	-0.0067793495	-0.0562067209	-0.0426424024	0.0080837105	0.0832002584	-0.0020676285	-0.0499454146	-0.0013511088	-0.0436232362	-0.0318772269	-0.0769188185	-0.0553174942	0.0518960112	0.0163700924	0.0493267397	0.0996351003	-0.0431722168	-0.0492456523	-0.0781771867	0.0219000153	-0.0479475069	-0.1473918478	0.0780401729	0.0675308461	0.0510508491	0.0300572439	0.0064061583	-0.0178113211	-0.0404540309	-0.0595200392	0.0197582745554427	0.0118058818872697	0.0001393788471361	0.0003903894134082	0.0054820138198294	-0.0127759931606022	3.0052475520800524e-05	0.0001632260012397	0.0165589155100533	0.0156162659114969	0.0002438677610185	0.000274197682869	-0.0006520114582955	0.000264045628929	4.251189417486246e-07	6.972009415651116e-08	3.428511599357087e-05	-0.0001444213972094	1.175469178692609e-09	2.0857539971923703e-08	0.0006590108401803	1.7928915227800077e-05	3.214460012456415e-10	4.34295287475145e-07	0.0	0.0
1615.359697787259	0.5075701860937443	0.2576274938112382	2609386.9532353445	2255.6919749991243	16.78599760457564	5088146.2860754505	281.76971558081914	1722.9059043190696	4.446197287819587	19.76867032221425	2968404.755137511	1817.133530916641	1566.538753407051	1.170027	32.215172	0.07126535305925	0.0364724152987951	0.0054791877	0.0183045404	-0.0756114014	-0.0319240425	0.0373011287	-0.0274375704	0.0459712076	-0.0186368065	0.0260124122	-0.0013381231	-0.0095811139	-0.0180942995	-0.0859596699	0.0689257337	0.064991096	0.0732131452	-0.0330448295	0.039693295	0.0304295375	-0.0136518375	0.0608686542	-0.0260647584	0.003859742	0.0855680604	0.0662715651	-0.0710084817	0.0084153541	0.0729242058	-0.0783727399	-0.0149399176	-0.069683978	0.1850838064	0.0361518635	0.0043186938	-0.0736291224	-0.0735451142	0.0260294697	0.0941342584	0.0578463594	0.0176339951	-0.0828154839	0.0720849505	-0.0204614759	0.0149428735	-0.0594761276	-0.027193422	0.0325663009	-0.0850645818	0.0476104764	0.0024768646	-0.0315293132	-0.0019867458	-0.0222799941	-0.0239186086	-0.0293156148	0.1367635778	0.0070674223	-0.0171607575	0.0701049773	-0.0407258034	-0.0069554395	0.0251756438	-0.04947479	-0.0407798891	-0.026022648	0.0638172646	-0.0493475289	0.0558026676	-0.1277836734	-0.0700754746	0.0425883269	0.0025526485	0.0070252536	-0.0035215441	0.0219417378	-0.0297196676	-0.0179330102	-0.1998641029	0.0056132634	0.0443694517	-0.0047386582	0.0613502663	0.0787136559	-0.0369820206	-0.0619959568	-0.0062774993	0.0203414707	-0.0583809405	0.0573199689	-0.0878300758	-0.0828574327	0.0356783749	-0.0029757685	-0.0100570809	-0.0979520215	0.0087592338	0.0541979482	-0.0766742927	0.0647509549	-0.0272200761	-0.049970829	-0.0119464609	0.006090217	0.0262760718	0.0726283715	0.0398290395	-0.0908033108	-0.0521541117	0.0065241794	-0.1694486928	0.0012559616	-0.0279658513	0.0595655609	-0.0233380456	0.0121447205	0.0160964667	0.0582482292	-0.0471648648	0.0810987914	-0.0685556851	0.0842953056	0.0817778393	-0.060185036	-0.076981022	0.1113474075	-0.0773282647	0.0497677775	-0.0037466322	-0.1230576697	-0.0793721291	0.0406090903	-0.1117499265	-0.0125712789	-0.0829189942	-0.0310651682	0.0108854299	0.0709836772	0.0338401756	0.0015083673	-0.0717332016	-0.058722651	0.0138356869	0.0115846344	0.0197110775	0.0378075013	0.0223547836	-0.009438078	0.0264066596	0.0052645025	-0.1061134823	0.0528133742	-0.0017478375	0.040408687	-0.0373241099	-0.0137918739	0.0405839447	-0.0319947843	0.0256284416	-0.1294626848	-0.0453162807	0.0531612205	-0.1069510391	0.1020955022	0.0068908773	-0.0297363269	-0.0852587508	-0.0473849492	0.0777844842	0.0665549058	0.0490241061	0.0268518493	0.0021373389	-0.0227795284	-0.0455396975	-0.0639883028	0.0197483937329678	-9.880822474900993e-06	9.763065278050854e-11	0.0003899990550323	0.0174266197789165	0.0119446059590871	0.0003036870769189	0.0001426736115178	0.0151714656088017	-0.0013874499012515	1.92501722848307e-06	0.000230173368719	-0.0001682104838182	0.0004838009744773	2.8294766866352933e-08	2.340633829051851e-07	0.0004669242728785	0.0004326391568849	2.1801827660311595e-07	1.871766400701023e-07	0.0009010390363468	0.0002420281961664	5.8577647739609794e-08	8.118713450207699e-07	0.0	0.0
1617.62218335876	2.2624855715009744	5.118840961250091	2616701.528094361	2257.5490930668443	1.8571180677199663	5096527.907606931	3.4488875174519413	1722.5706799316406	-0.3352243874289797	0.1123753899271347	2967249.7473601545	1815.424079556416	1543.615987123296	1.068495	29.419622	0.0446172145306672	0.023274592591784	0.0315970824	0.0018224097	0.0333025013	-0.0097103898	-0.0994630598	-0.0148954169	-0.0544072749	0.0529196162	0.0848481877	-0.0449500116	0.0064973808	0.0134150423	-0.0542746985	-0.0538976852	-0.0045268344	0.0441975391	0.0301648781	0.0131051933	0.0001426572	0.0134373915	0.0471158594	0.0053146475	0.0332625279	-0.075308127	0.0863227358	-0.0173760111	-0.004115097	0.0131592282	0.0771644058	-0.0043369728	0.0220149198	-0.0311563161	-0.0132835026	-0.0213526964	0.0314026048	-0.0617357352	-0.0440194419	0.0955217939	-0.0114770732	-0.0474484464	-0.0800829111	0.0056051751	0.0495073408	-0.006240194	0.0642890971	-0.0213131269	-0.0683175053	0.1093399565	-0.0566189588	0.0131236342	0.0444581964	0.0121092158	-0.1012025046	-0.101423388	0.0624970554	-0.0229773111	-0.0155467572	-0.081443142	-0.0064426587	0.0051262677	0.074793832	0.0136879499	0.0496447845	-0.0395910439	0.1412841144	0.0239430378	0.0166648427	-0.0041748811	-0.036324385	-0.0291540437	0.0191052627	-0.0502320545	-0.0396313364	-0.0274715205	0.034639224	-0.0353773399	-0.021155331	0.0598304719	0.0293565878	-0.0634362816	-0.0312985019	-0.0667821799	-0.0065653504	-0.0049409442	0.0722232802	-0.0608898302	-0.0344704509	0.0337608724	0.0433684826	-0.039744638	0.0666819566	-0.0245442685	-0.0381680599	0.0358574398	0.0606174862	-0.0108165222	0.0668783162	-0.0066343119	-0.0765096359	0.0031983028	0.0149964507	-0.0473468092	0.0804110157	-0.0110096898	-0.0421788684	-0.059763841	0.0876331997	-0.0035699879	0.0126627214	-0.0210007952	-0.0073529587	-0.027750975	-0.0620122448	-0.0431360801	-0.027996969	-0.0542246042	0.007550022	0.0086853988	0.0189955343	-0.0570123991	0.0747590945	-0.0109547343	0.0417068652	0.0144427208	0.0388224591	0.0305917087	0.0121160226	-0.0066285546	0.0141713864	-0.0127541042	0.026503233	-0.0999708497	-0.0432599986	-0.0745977876	-0.1158877048	0.0194872668	-0.1166995372	0.1339977892	-0.0926182845	-0.03786611	-0.0521418487	0.075717923	-0.0649584272	0.0039004529	0.0084771281	0.0226887264	0.0451784423	0.0034245123	0.0371739321	0.062442399	0.0040505578	0.0010784783	-0.0023469676	-0.0433251834	0.0851983051	-0.0014054396	0.0663550831	-0.0192626433	-0.0371276337	0.0342845606	-0.0242254624	-0.0241633524	0.0525906494	0.033404218	0.038877938	0.0409072692	-0.0926505123	0.0775202656	0.0655497724	0.0469489822	0.0235993474	-0.0021373389	-0.0276578354	-0.0503807682	-0.0680077345	0.0195729595211275	-0.0001754342118403	3.077716268402756e-08	0.0003831007444156	0.0142022621062665	-0.00322435767265	0.000201704248935	1.039648240117694e-05	0.0016034386797798	-0.0135680269290219	0.0001840913547466	2.571015599813988e-06	-0.0005381677032517	-0.0003699572194335	2.896244768232099e-07	1.3686834421096685e-07	0.0004668068078559	-1.1746502259996162e-07	2.179085958606152e-07	1.3798031534409488e-14	0.0007181258064598	-0.000182913229887	3.3457249667694516e-08	5.157046739035381e-07	0.0	0.0
1616.5546810465712	-1.067502312188708	1.1395611865282378	2613249.0368135814	2232.861184158667	-24.687908908177175	4985669.067722445	609.492846258454	1719.6493470348012	-2.9213328968394308	8.534185894156261	2957193.876757218	1812.0204795138584	1554.0075296534724	1.017799	28.023773	0.0279586286446358	0.0176346089125479	-0.0399292535	-0.0223330862	-0.0331443776	-0.0217620661	0.0331790924	0.0660131433	-0.0465724932	-0.0070792387	-0.0991641272	0.02000124	-0.0132278079	-0.0071704867	-0.0177388897	-0.045748863	-0.0914147926	-0.0276402556	-0.0532643381	-0.0383149549	-0.003660163	-0.0604661121	0.0150075804	-0.0536748407	-0.025736539	0.0839440312	-0.1221944777	-0.0450635587	0.0118465269	-0.0090259099	0.018286803	0.1663849513	0.0250953397	0.0458974336	-0.0535295788	0.1249749059	-0.044258353	-0.0680721143	0.0664992537	-0.0350423204	-0.0059492522	0.021608718	0.060630827	0.036964812	0.0183149353	-0.0572174961	0.0387659298	-0.0497898852	-0.0267630007	-0.0139026451	-0.1708774721	-0.051243303	-0.0650727094	0.0133065106	-0.0008481265	-0.0780841876	0.1660415585	0.0751363252	0.0547126451	0.0424903755	-0.0243758449	0.0337533157	0.0463378334	-0.0391035967	0.0895847796	0.0025797097	-0.002762088	-0.0380024254	0.0554858352	0.0743245781	0.0198881536	0.0802688988	0.1030989875	0.0190429149	-0.1114031474	0.0740540631	0.0556979913	0.0545979331	-0.004351063	0.0281388114	-0.0587761507	-0.0779152754	-0.0122748045	0.004426102	-0.0320711832	-0.0313853181	-0.0482871982	0.0669199847	-0.0061805947	0.0345512044	-0.1187819346	-0.0324020248	-0.0030521241	0.0282811415	-0.0017960313	0.0329945755	0.0827505486	-0.077503799	-0.0248899829	-0.0978089895	0.1127004758	0.0475032145	0.0376319555	0.0190896051	0.1235753875	0.0007648655	0.0434346477	0.0876528185	0.0749722864	0.1096743698	0.0074434892	-0.0784035113	0.0540872717	-0.0798293208	-0.0434572272	0.2012819267	-0.0374033054	0.042231858	-0.0073686882	0.0147250371	-0.0471901028	0.040460235	-0.01194304	0.0398227169	-0.0198767843	0.0141107643	0.0613731223	-0.0082857289	0.0646457861	0.0227448427	-0.0507549164	-0.1015372884	-0.0405337183	-8.05956e-05	0.0708688181	0.0055342983	-0.0299748489	0.0777980939	-0.0172675695	0.0089434298	-0.0519578682	-0.0011274744	-0.041876339	0.0070194789	-0.0829395799	-0.0122607518	-0.0227820859	0.0206786729	0.0035806686	-0.0171645579	-0.0912564718	0.0127555939	0.0140521125	-0.0553498695	0.0232641764	-0.0460034579	0.0668759768	0.0327836207	0.0611295552	0.0067117564	-0.0697825419	-0.0520521785	-0.0088239596	0.0547459809	-0.0153165046	0.0706848617	0.0492480951	0.0472960709	-0.0988531091	0.0772475461	0.0645158866	0.0448275254	0.0203054443	-0.0064061583	-0.0324269895	-0.0549512416	-0.0715501408	0.0057203481484719	-0.0138526113726556	0.0001918948418418	3.272238293972589e-05	0.0154000737289408	0.0011978116226743	0.0002371622708568	1.4347526834136422e-06	0.0101594573505607	0.0085560186707809	7.320545549475136e-05	0.0001032145736578	-0.0005381474177799	2.0285471800051382e-08	2.896026432631742e-07	4.115003661506797e-16	0.0004668302107444	2.3402888499996725e-08	2.179304456636609e-07	5.476951901432789e-16	0.0006311257552496	-8.700005121019998e-05	7.569008910577421e-09	3.9831971893937803e-07	0.0	0.0
1614.7493601000492	-1.805320946521988	3.2591837199510465	2607415.4959435184	2244.3142171953828	11.453033036715624	5036946.305505323	131.1719657400995	1720.986212269176	1.3368652343747272	1.787208654879794	2961793.542820605	1813.551065648469	1582.9429081880712	1.077916	29.679007	0.035632128725403	0.01883655735791	0.1125012673	0.0043277497	0.0185197048	0.0419697816	0.0460589149	0.06076907	-0.058233894	-0.035928715	0.056312825	-0.0169891071	-0.0401949414	-0.1177709019	0.0644845775	-0.0852065344	0.0493111923	0.0095532148	0.0179626413	0.0595509488	0.0464709783	-0.0144154066	-0.0225168244	0.0147434531	0.044139846	-0.0882740284	0.0089486794	-0.0064471014	0.0636229213	0.0990528829	0.0042084075	0.0533023311	0.0331190131	0.0608541207	-0.0016357057	-0.0613755778	-0.1076999667	0.0636846237	-0.0409492899	-0.0434586653	-0.0127434692	-0.0051589784	-0.0084202687	0.0595639636	-0.028491134	-0.0389570276	0.0649262255	0.0408884181	0.0587997219	-0.0289442836	-0.0465520994	0.0521345448	-0.0088958174	0.0056407587	0.0879738754	-0.0511471228	-0.0380410689	-0.0471780473	-0.0440278422	-0.032086887	0.010661857	0.0894120509	-0.0927553072	-0.0139605525	-0.0073250143	0.0784658451	-0.1124908936	-0.0492946888	-0.0177874044	0.0399036977	-0.0043518173	0.0161885372	0.0295363485	0.0073444169	-0.040535319	-0.0836028401	0.0073800555	-0.0491396935	0.0702995012	-0.0326894343	-0.0084968772	-0.0246401432	0.0519232107	0.0840945333	-0.0203210988	0.0248364424	0.051984435	-0.0953452554	0.0541138739	-0.0601778201	-0.0520267405	-0.049018436	-0.0004960028	-0.016646508	-0.0215850747	0.0157403645	-0.0184451056	0.0101194152	-0.0458415138	-0.0213383199	0.0579113643	-0.0047284208	-0.0072612098	0.0293252484	0.0408830115	0.0146664152	0.1218377518	0.0014013617	-0.0005506255	0.0500288732	-0.0949854543	0.0405025695	-0.0707062906	-0.0209562399	-0.0984164512	-0.030612716	-0.0005925839	0.0476427905	-0.006732145	0.0615480414	0.0861460885	-0.0550371972	-0.0371680257	-0.0942458441	-0.0307446224	0.0107766113	-0.0870002802	-0.0038479646	-0.0503030308	0.0155415995	0.0261670093	-0.1089255987	-0.0711881818	0.0248710132	0.0676152777	-0.0031050858	0.0005176925	-0.0843934471	0.095633773	-0.0049381232	0.1179483224	-0.0840856109	-0.0051119419	0.0748493892	0.0834877169	0.0438145358	-0.0936272785	-0.0411339479	0.0113116991	0.0297258265	0.0791817921	0.0026840878	-0.0515922621	-0.0450060835	0.0251793078	-0.0793711569	0.0674301942	0.0392691259	0.0279460333	0.012322045	-0.0949329865	-0.0117919865	0.0712514137	0.0524793244	-0.0049757292	-0.0092440906	-0.0263468267	-0.0010490688	0.0212788571	0.0769663555	0.063453702	0.0426618292	0.0169759185	-0.010657419	-0.0370681691	-0.0592265694	-0.0745906743	0.0197691989161938	0.0140488507677219	0.0001973702078937	0.000390821225788	0.0079519530761729	-0.0074481206527678	6.323355772565565e-05	5.547450125818772e-05	0.0101625340461239	3.076695563200213e-06	9.466055588615875e-12	0.0001032770982386	-0.0005380815301569	6.58876229999968e-08	2.895317330959909e-07	4.341178864589707e-15	0.0004669058175863	7.560684189996098e-08	2.1800104249593121e-07	5.7163945420856936e-15	0.0003486256375275	-0.0002825001177221	7.980631651300037e-08	1.2153983514145582e-07	0.0	0.0
1614.8225617198616	0.0732016198123801	0.0053584771431562	2607651.9058394963	2231.136027383163	-13.178189812219898	4977967.9726871215	173.66468672689632	1721.3040886896306	0.3178764204546951	0.1010454186810901	2962887.76573964	1811.343084780195	1532.222255320194	1.289054	35.492424	0.1080059114265681	0.0562230897164161	-0.1007042143	0.0906056179	-0.034947726	0.0206595649	-0.0203515561	-0.0263966356	-0.0251836936	-0.0204119231	-0.1133002984	0.0852413873	0.089038129	-0.0280207656	-0.0231763584	0.0126722846	0.0829203979	0.0257002294	0.0320654598	-0.0326981997	0.082974739	-0.0229708089	-0.0328514146	0.0137779815	-0.0364112648	0.1099501124	-0.033544251	0.0023239941	0.05566773	-0.0424435647	0.0508194077	-0.0540447532	-0.0633139114	0.0008608259	0.0342467291	-0.0349260272	0.051457543	-0.018708396	-0.0228622235	0.1018262178	0.0005122526	-0.0764716968	-0.0532332668	-0.0070654653	0.0949809392	0.0120642211	0.0383379589	0.0199888369	0.0931654591	-0.1120792182	0.0645956311	0.0588690758	-0.0579216125	0.0084315597	0.058611391	-0.1656615455	-0.1287732881	-0.0428040501	0.0127870652	0.0034657241	0.0284462655	-0.0109343138	-0.0016317187	0.0305876796	-0.132671354	-0.1012666137	-0.104106136	0.0259258407	0.052629676	-0.1076409879	0.048472122	-0.1068198916	-0.001233514	0.0626841749	-0.0329650637	-0.0270807325	0.0989864355	-0.0441040821	-0.1870806745	0.0608107788	0.0612928043	-0.0605349229	0.0882263129	-0.0507561762	-0.0197490789	0.0157293683	-0.1151185228	0.0505262223	0.0249337567	-0.0166766616	-0.0095297616	-0.0821936189	0.044611947	-0.0201408799	-0.0212455392	-0.0150104688	0.0282040909	-0.0064736684	0.0391166767	-0.0293392063	-0.0061009798	-0.0514323974	-0.0728352053	-0.1777917552	-0.0434248337	0.033024132	-0.0325944933	-0.0065864622	-0.0890979114	0.0182981367	-0.0877283149	0.0490941314	-0.0432130441	0.0062184858	0.0179721128	0.0319589515	0.0407030751	-0.0019508099	0.0704966779	0.0107147989	0.0283662698	0.0346248265	0.1408574	0.0248510923	-0.0634226363	-0.0127863573	-0.0993421653	-0.1377349785	0.0538791192	0.0610925108	0.0305178585	0.0644925399	-0.0230254054	-0.0141299933	-0.1596255519	-0.0854500889	0.1548800621	-0.0259774918	0.0567060658	0.0318544744	0.0682963595	0.1304160168	-0.0503493891	-0.0423132321	-0.0962467039	0.0444670076	0.0244829206	0.0919114816	-0.1101011224	-0.0104009701	0.0181538346	-0.0524687958	-0.0453650182	0.018128139	-0.0338085385	-0.0230338479	0.0469388755	-0.0736942943	0.012348605	-0.0233867686	-0.0190564884	0.0283349544	0.0133720514	0.0133228669	0.0979618367	-0.0333294475	-0.0423673034	0.0525039967	-0.028968355	0.0766767246	0.0623636846	0.0404540309	0.0136166111	-0.0148794683	-0.0415630576	-0.0631837885	-0.0771080077	0.0297758608592033	0.0100066619430095	0.0001001332832416	0.0008866018899066	0.0238679410895343	0.0159159880133614	0.0005696786118534	0.0002533186744414	-0.0212509903185633	-0.0314135243646872	0.0009868095130107	0.0004516045895196	0.0001028317082699	0.0006409132384268	1.057436022570582e-08	4.107697791907282e-07	0.0004670368302923	1.3101270600004598e-07	2.1812340084947867e-07	1.7164329133454483e-14	0.0007209761285049	0.0003723504909774	1.3864488813111085e-07	5.198065778739141e-07	0.0	0.0
1621.8796452209542	7.05708350109262	49.80242754139368	2630493.5835820483	2254.821533476825	23.685506093662298	5084220.1478307815	561.0031989129138	1724.9582788085938	3.654190118963242	13.353105425528597	2975481.0636303066	1816.8048718734324	1558.302234207172	1.08832	29.965466	0.0410671512136361	0.0208026615011419	0.0234546609	-0.0138443524	-0.0525329874	0.0178835768	-0.0793950966	0.0267239457	0.1313303793	-0.0892332929	0.0507688485	0.0150129292	0.0066762333	0.0509326457	-0.0417141028	0.0246676185	0.0044489011	0.0477245436	0.0011956083	0.0141732448	0.002188524	-0.0813460875	-0.0175332823	0.1503287783	0.0090358016	-0.0059222459	0.0993089819	0.0771472168	-0.0701359047	0.0179208142	0.0420216515	-0.0263770375	0.0228388462	-0.0053636136	0.1687072064	-0.0622790634	0.0145797364	-0.0159398794	-0.1730821397	-0.1309713942	-0.0430454407	0.0413535874	-0.0231677151	0.037778166	-0.0213300484	-0.04544852	0.0176550559	-0.0403812208	0.0069101141	0.0129065682	0.0989318656	-0.0071898751	0.0852391715	0.0795728725	0.0024293187	-0.1148517945	-0.0168286502	0.0847131407	-0.0125588194	0.0861312258	0.0328226802	-0.0767603585	0.077160616	0.0408241089	0.1077661229	-0.0891821609	0.0162653106	0.0166431553	0.0633537182	0.0624378482	-0.0853990091	-0.0172528643	0.0345604328	-0.0452648907	0.0840930101	-0.072682143	-0.0217448733	0.1857684872	-0.0005196506	-0.0061550958	-0.0441321172	-0.0274749464	-0.0901810541	0.0056057185	0.0102054815	-0.0404649906	-0.0285128107	-0.052840213	0.0229629719	0.02543329	0.0860191861	-0.0144935926	-0.0479019101	-0.0163802386	-0.1131676	-0.0519165448	-0.1106170731	-0.0416268184	-0.07693677	0.0507808424	0.0165499684	0.0444781815	0.0109981195	-0.0440007117	-0.0746606833	0.0268607384	-0.192533182	-0.0517835209	0.01404485	0.0636637811	0.0060143829	0.0454582035	0.082307817	0.094486143	-0.0146529914	-0.0915384277	0.0225848756	-0.1566624133	-0.0334632393	0.0482506642	0.0547507083	0.0757144867	0.0289046128	0.0772190809	-0.0315710573	-0.0839431995	-0.0800723929	-0.085015968	-0.0715665332	0.0593033865	0.0135316848	0.01917541	-0.0253041026	-0.0342362707	0.0518494514	0.0227182582	-0.0135271348	-0.0225360684	0.0094392187	0.086773066	0.0052236306	-0.0157773619	0.0273116706	-0.0302739918	0.0549516256	0.0430883259	0.0076165354	0.0321904609	0.0638668928	0.0084828485	0.0544489504	-0.0894900005	-0.0740928965	0.033211481	0.0111147881	-0.0528432199	-0.0500449216	-0.086717798	-0.0738484567	-0.0372622064	-0.0498384756	-0.0150389112	0.0054905668	-0.0190271388	0.1201138393	0.0514257605	-0.0455334636	-0.0617859161	0.0140612471	0.0763786853	0.0612463124	0.0382063093	0.0102334157	-0.0190607341	-0.0458939156	-0.0668016447	-0.0790844839	0.025805342251516	-0.0039705186076872	1.576501801399109e-05	0.0006659156887178	0.0345289457343938	0.0106610046448595	0.0011922480935287	0.0001136570200377	-0.0200104152929228	0.0012405750256405	1.5390263942429293e-06	0.0004004167201952	-8.054022071877598e-06	-0.0001108857303417	6.486727153429149e-11	1.2295645193429416e-08	0.0001739975149461	-0.0002930393153462	3.0275135207418296e-08	8.587204033856967e-08	0.0006210001154839	-9.997601302099996e-05	9.995203179575154e-09	3.856411434310172e-07	0.0	0.0
1621.47324289203	-0.4064023289242868	0.1651628529550842	2629175.477414796	2257.650546634144	2.8290131573189683	5096985.99071745	8.003315444283837	1724.0596855024858	-0.8985933061080686	0.8074699297822292	2972381.79917493	1814.367768515496	1560.6860148391445	1.016325	27.983185	0.0256733013263083	0.0146110816545041	-0.0064817659	0.010041627	0.0488642501	0.077323627	-0.0721947612	0.0248350512	0.0563852485	0.068943308	0.0816225761	-0.0135257877	0.03107449	-0.0303193625	-0.0988357129	-0.0222046993	0.0452850817	-0.0501375103	0.0308668427	0.0773626651	0.0454667551	0.0896873867	0.0441001328	-0.0330065208	0.0202957136	-0.0256020446	0.0177502602	0.0788786812	-0.0817033047	0.0040696847	0.0330915106	0.0105673517	0.0819073762	0.0243686456	0.0951942453	-0.0463180477	0.0401116493	0.0287581608	-0.0367828747	-0.0781208495	-0.1175542465	-0.00898179	-0.0886017386	-0.048521007	-0.0518943722	-0.0369088299	0.0384230245	-0.0602990984	-0.0798954334	0.0471149266	0.0221656124	-0.0166579459	-0.052339024	0.1148421566	0.0168604608	-0.0189676835	0.1179116792	0.0215451463	0.09071633	0.0172803198	-0.0657236827	0.010092145	-0.016427595	-0.1027786058	0.040552622	-0.022093428	-0.0840800538	0.1121310241	0.1121442553	-0.0229120665	0.0003490646	0.039065858	0.0866027286	-0.0020164533	-0.0552874081	-0.0399330695	0.0861862086	-0.0700909945	-0.0822666691	0.0064854357	-0.0423073869	0.0205255482	-0.0027668687	0.0756115262	0.0997371598	0.0681515837	0.0325609208	-0.008394451	-0.0600629689	0.00809287	0.0743495708	-0.0501322962	-0.0729531078	-0.0520528042	0.0097583136	0.0604982496	-0.0653156439	-0.1331679935	-0.0458694447	0.0005394161	-0.1074239338	0.0868639612	0.0543430808	0.0023857309	0.0424843804	0.0542415894	-0.0624264186	-0.0528701931	-0.0124408212	0.0378241307	0.0373389443	-0.0331131609	0.0493572092	0.0366597673	-0.1397918758	0.0398304751	0.0227562788	0.0522345552	-0.0850422294	-0.0173933208	-0.008348835	-0.0731568364	0.0530531827	0.0912700723	0.0725675758	-0.0438540445	-0.0210245138	-0.0752130622	-0.0790625698	-0.0024260041	0.0358178602	0.0127688186	-0.0342666765	0.0577735207	0.0002716902	0.0412295651	0.0006731713	-0.0266229325	0.1057525323	0.0537182385	0.0180795954	-0.0530343918	0.019684052	-0.0912103387	-0.0047109402	0.0303833845	0.0536138649	0.0594057902	0.0115221932	-0.0322453387	0.0148258036	0.0229815513	-0.0691605042	-0.0166340855	0.0034826848	-0.0489887825	-0.0259671603	-0.0239788142	-0.0889256047	0.0776662436	0.0102310302	-0.0050054997	0.0734520443	-0.0239955103	0.1994122718	0.083851853	-0.0690043286	0.0125976082	0.0673991188	0.0760722702	0.0601020755	0.0359208828	0.0068322673	-0.0231897558	-0.0500436514	-0.0700607062	-0.0805062393	0.0197548496123118	-0.0060504926392042	3.660846117706422e-05	0.000390254083205	0.0219923529965058	-0.012536592737888	0.0004836635903229	0.0001571661574756	-0.0190484113983515	0.0009620038945713	9.254514931703526e-07	0.0003628419768008	-4.652842445526824e-05	-3.847440238339064e-05	2.1648942822896037e-09	1.4802796387590554e-09	9.19857536076929e-05	-8.201176133840711e-05	8.461378866775188e-09	6.7259289978278475e-09	0.0006190020381128	-1.9980773710999958e-06	3.992313180901869e-12	3.8316352318780046e-07	0.0	0.0
1616.9270644046517	-4.546178487378256	20.66773883910085	2614453.1316042445	2254.6246447370727	-3.025901897071435	5083332.288655771	9.15608229070051	1722.4714601828834	-1.5882253196023155	2.522459665825878	2966907.931144554	1820.2560890493128	1581.0854875007974	1.062385	29.251383	0.0345232690658223	0.0187043843780561	0.0014448915	0.0096866777	-0.0546640918	0.0053183168	0.0155246442	-0.0076942308	0.0864913327	0.0212935875	-0.0593755312	-0.0312748865	-0.0765800866	0.0030347324	-0.0597662727	0.0314532243	0.0923915532	0.0283924388	-0.0011062512	0.0576996752	0.1307053772	-0.0120456077	0.0680099592	-0.0314694399	0.008488749	0.05752927	0.0741631941	0.0570286327	0.0154454734	-0.0108531049	-0.002949929	0.0557559949	0.0656628429	-0.0695549277	0.0457508909	-0.0746507765	0.0148370067	-0.015705721	0.1390095825	-0.0411961874	-0.0336644887	-0.0398781109	0.0028185813	0.0358708722	0.0853145809	0.0533882457	-0.0271520784	-0.0810941716	0.0064567599	-0.0048386392	0.0571587535	0.0174634941	-0.0295783922	0.0095845797	0.018207521	0.078469839	-0.053888595	-0.0443072715	0.0769625878	-0.0758172761	-0.1128926245	0.0110504589	0.0412728113	-0.044892792	0.013969214	-0.017932594	-0.0506861364	-0.0077192744	-0.0908849867	-0.1245497507	0.0227491269	0.0346794253	0.0475302765	-0.0546603597	0.0752081538	-0.0474244672	-0.0571009229	0.0198322695	0.0596549211	-0.1274642762	0.0077484328	-0.0458467748	-0.1389652209	0.0138460409	-0.0603260776	-0.0611537511	-0.0196086905	0.0559447218	-0.0224524162	-0.0630304122	0.0641173451	-0.0096288781	-0.0147084178	-0.0243523757	0.0582566591	0.1232363899	-0.0145678253	-0.1180888679	-0.0393543661	-0.0523674364	0.0277783657	0.0232543886	-0.0106279144	0.0955813672	-0.0969142453	-0.0497877601	-0.1174390839	0.0340274277	0.0288238696	-0.0850970735	-0.0354492373	0.0704290381	-4.90743e-05	-0.0599672585	-0.0344415727	-0.0236442477	-0.0276373376	0.1011799872	0.1444785815	-0.0375173943	-0.0885769083	0.014588908	-0.045588164	-0.0701926955	-0.0092880111	0.0410679458	-0.064791368	0.0492842791	-0.041665434	0.0567516712	-0.1379153663	0.0224031489	-0.0507855467	-0.0040701681	0.0010734429	-0.0528093526	-0.0331629563	-0.0885519351	-0.0134595669	0.0115023016	0.0305882688	0.0594707897	0.0670462635	-0.0692560848	0.1390764631	0.0283299094	0.0423879769	0.0406564083	0.0634746764	0.024478922	-0.0681038746	-0.0320354238	-0.018236071	0.0213106717	0.0337310784	-0.036323185	-0.0288032679	-0.01752985	-0.0375015433	0.1112696855	-0.1146041826	-0.0794820832	0.0466861003	0.0272940145	0.1165130423	0.1218445677	0.091026125	-0.0211191421	0.0345969175	0.0757575129	0.0589314758	0.0336000067	0.0034191328	-0.0272552159	-0.0539958877	-0.0729434684	-0.0813633012	0.0105669698985053	-0.0091878797138065	8.4417133635377e-05	0.0001116608528359	0.0302087641650388	0.008216411168533	0.0009125694323789	6.750941249039382e-05	-0.0249420226021115	-0.00589361120376	3.473465302108542e-05	0.0006221044914842	-3.301486980849161e-05	1.3513554646776631e-05	1.0899816284716507e-09	1.8261615919141828e-10	6.899288627071343e-05	-2.2992867336979472e-05	4.760018355963598e-09	5.286719483759375e-10	0.0004310011205021	-0.0001880009176107	3.5344345022465216e-08	1.8576196587406574e-07	0.0	0.0
1612.691492423313	-4.23557198133858	17.940070009100427	2600773.849734533	2256.053357316774	1.428712579701369	5089776.751060288	2.04121963539694	1717.6616947798295	-4.809765403053916	23.1338432324144	2950361.697713916	1817.3483594510776	1570.8083845355136	0.968474	26.665688	0.0836411219678041	0.0412104545262242	0.0874757867	0.0105342152	0.0425908987	-4.88371e-05	-0.0159020643	-0.0345255556	0.0215586974	0.0466087123	-0.0477179274	-0.1322746152	-0.0495752478	-0.0284509256	-0.0008730034	-0.0140853847	0.1032489562	-0.0033656518	0.1289083014	0.0544096981	0.0435546779	-0.049815509	-0.0858031789	0.0353788805	0.058441265	-0.0247250055	0.0288577462	-0.0671810894	-0.0428099176	-0.1027697354	-0.0300819257	-0.0924934363	0.0932218143	0.028573311	-0.000738736	-0.0323144234	0.0223938075	-0.0053954508	0.0544312496	-0.0489728646	0.0720966933	-0.016286615	0.0569652075	-0.032098941	-0.0461147865	-0.0174092167	-0.0726695821	-0.0067475876	0.0519582078	0.0120192488	0.0349611114	-0.0344519859	0.0332148935	-0.0068158274	0.0533260795	-0.0528761643	0.0636212041	-0.1267303388	-0.0311372642	-0.0899441645	-0.0125552924	0.1130024807	0.0978258789	-0.0617300166	-0.0920087249	0.1129357973	-0.1069975861	-0.0046835685	-0.0197223462	-0.006567371	0.0446500978	0.0134515335	0.0142250489	0.031372063	-0.0972828708	0.0202516115	-0.0460637452	0.0328515841	0.0559642097	-0.022906632	0.0326149314	-0.0414890034	0.0185290929	-0.0446187295	0.0592406807	-0.0242709074	0.0670076465	0.0149183969	-0.0969810539	-0.0989188622	-0.0113358922	0.0140391071	0.0604356257	0.0412980714	0.0414081763	0.0733391811	-0.0425490414	-0.1151259832	0.00809591	-0.0565509874	-0.0017832559	0.0669983557	0.133099135	-0.042527339	-0.0931121298	0.0535740771	0.0583786402	-0.0540544054	0.0139471284	-0.0311953594	0.0020072359	-0.0350560697	0.040340985	0.0884808244	0.0201822673	-0.0287439493	-0.0272757919	0.0564532764	-0.0360554694	0.0416663038	-0.0417613403	-0.0091736549	-0.0380226817	-0.0737076629	-0.1508122991	0.0278424949	0.0047353919	0.0806982427	-0.0963601556	-0.0620722449	-0.0505258918	0.0449854528	-0.0998259918	-0.0732937855	0.0573431696	-0.1162943712	-0.0020654655	0.0046610053	-0.00653172	-0.0122964048	0.0308793982	0.1445450248	-0.0029574789	0.0023450356	0.0902418202	0.0310820229	0.0116528596	-5.4708e-05	0.0685233894	0.0410531219	0.0101028248	0.0650822122	-0.0833971553	-0.00726273	0.0637125612	-0.0876418437	0.0534233545	-0.0162512492	0.0300629487	0.044200772	-0.0372873306	0.0321134811	0.0398426792	0.0586536985	0.0905479746	0.0672270645	0.053897081	0.0894427198	0.1018435524	0.0754344479	0.0577350269	0.0312459714	0.0	-0.0312459714	-0.0577350269	-0.0754344479	-0.0816496581	0.0196353627481187	0.0090683928496133	8.223574887491942e-05	0.0003855474702502	0.023237821113895	-0.0069709430511438	0.0005399963301213	4.859404702229005e-05	-0.0014449537870433	0.0234970688150682	0.0005521122429	2.0878914466907745e-06	-0.0003699732041868	-0.0003369583343783	1.3688017181624764e-07	1.135409191070039e-07	-6.41559363494526e-05	-0.0001331488226201	4.1159841688750135e-09	1.7728608965136435e-08	0.0008429883085432	0.0004119871880411	1.6973344311001269e-07	7.106292883405254e-07	0.0	0.0
1612.4237641553254	-0.2677282679876498	0.0716784254796668	2599910.3952128286	2229.063073128328	-26.990284188445912	4968722.183984307	728.4754405730735	1718.526834161932	0.8651393821023703	0.7484661504644711	2953334.479734632	1809.819368904553	1535.4894492553412	1.122733	30.912983	0.0795574670570295	0.0402613060072349	-0.0830654736	0.0379008915	-0.0085272187	-0.0230827033	0.0005398009	0.0131903221	-0.0660137769	-0.0056739473	-0.1362350685	-0.0091853625	0.0142022322	-0.0017449197	0.0341625839	0.0014213981	-0.0320666853	-0.0693430242	0.1131191709	-0.0021397569	-0.0214810218	0.0371787401	-0.0141932911	-0.0046605684	0.0167909275	0.1054237542	-0.0464203149	-0.0192259259	0.0075604626	-0.065310298	0.0056191063	0.0772689095	0.0414956272	0.0514335449	0.019624045	0.0510526459	0.0192839499	0.0121319008	-0.1465025458	-0.0330042293	-0.0577799025	-0.1138425669	0.0574686611	-0.00716562	0.1233683578	0.0525356895	-0.1053205344	0.0079766063	-0.0161153098	0.0143140003	-0.028153091	0.0952319063	0.090599576	-0.0474779373	0.0183948649	0.0473467268	-0.1048558379	-0.0572561577	-0.0341598324	-0.0189961792	-0.0352745866	0.0317498348	0.060083861	0.013675616	-0.0570585098	0.0405185755	-0.0856769229	0.0062061149	-0.0038531062	0.0733602621	-0.0297295428	-0.0261339746	-0.0085602956	0.0880636093	0.0517238867	0.0201179762	0.014211771	-0.0738149935	0.0294291567	0.0961042122	0.0413763916	-0.0508653491	0.0137086022	0.0670924916	-0.0808584023	-0.0064018269	-0.070483824	0.0575769288	-0.0602143445	-0.0160508101	-0.0869978863	0.0073466126	0.1087727434	0.0517310161	0.0095844913	0.0509608399	0.0915183005	-0.0246384244	-0.0456453871	0.0314235818	-0.0780024749	0.0861808715	0.0048908733	-0.0491082969	-0.0377780318	0.1206081147	0.0363302997	0.0277582239	-0.0823620001	0.0487935087	-0.0393448124	0.0029918432	0.0240963681	0.0489697533	0.0422929641	-0.0705808503	-0.0047086886	0.0419879263	-0.0832706306	-0.0190744041	0.0162617247	-0.0815690022	-0.0234469	-0.0829368555	0.0269827634	0.0834515488	-0.0170871321	0.0201149427	0.053899965	0.1376647941	-0.1055034239	0.019707444	0.0651405514	0.0512302889	-0.0126060654	0.0876590424	-0.0597540244	0.0099236503	0.0709925906	-0.1487137288	0.0882519628	-0.0258657995	-0.0979134638	-0.0108209123	0.0509040646	0.0136954726	0.0252384982	0.0528302355	-0.0186545293	-0.0194904345	-0.1050873002	0.0356079623	-0.0163444851	-0.0172291965	-0.0096582169	0.0072652546	0.0829344908	-0.0239228576	0.0593313618	0.0220393707	-0.0478276782	0.0131039437	0.0071162413	0.1477767765	-0.0147021826	0.0819549985	0.0689812893	0.0740664087	-0.0644918006	0.0751031108	0.0565132535	0.0288611001	-0.0034191328	-0.0351510839	-0.0612463124	-0.0775202656	-0.0813633012	0.0118883812052956	-0.007746981542823	6.001572302484176e-05	0.0001413336076824	0.0123347124063428	-0.0109031087075521	0.0001521451301471	0.0001188777794887	-0.0280802114610452	-0.0266352576740019	0.0007094369513604	0.000788498275697	-0.0004359691210477	-6.599591686089998e-05	1.900690745071041e-07	4.355461042310822e-09	-0.0001810746159214	-0.0001169186795719	3.2788016531082525e-08	1.3669977632847708e-08	0.000340460522323	-0.0005025277862202	2.525341759233751e-07	1.1591336726045001e-07	0.0	0.0
1612.4135514642896	-0.0102126910358038	0.0001042990581927	2599877.4609456835	2235.629037078721	6.56596395039287	4998037.191429529	43.111882597858745	1717.4568969726563	-1.0699371892756062	1.1447655889949844	2949658.1929589454	1810.42982245167	1553.1173280895266	1.087834	29.952101	0.077648576227658	0.0413591797186898	0.0695301644	-0.0347263661	-0.0552507326	-0.0514766378	-0.0079327318	0.0849885642	0.0051217426	-0.079227122	0.0023226131	-0.0199252375	-0.0590937894	0.007430734	0.0672497546	0.0543005617	-0.0968390703	-0.1173308432	0.0046299321	0.0193152191	-0.0282565789	0.0942555182	0.0866830797	0.0647830944	0.0078282461	0.0066282424	0.0511557528	-0.1255566961	0.0239008224	0.0124422585	-0.0299787943	0.0451775743	-0.0235731748	-0.1456315057	-0.0153866016	0.0801892402	0.0355246921	-0.0354563036	0.00665652	-0.0166783455	0.0587679594	0.1369845694	0.0151275965	0.0464001179	0.0133602269	0.0469116147	-0.0197732751	0.1062075653	-0.0163388207	0.0770926706	-0.1098497317	0.0417882949	0.0491304552	0.0134470482	-0.0606351403	0.0656872897	-0.0521824884	-0.0273343481	-0.0009829025	0.00256579	0.0867807971	-0.0597443707	-0.0338585969	0.1256180216	0.0156521691	-0.0494660817	-0.0871139287	0.0291271748	0.0377565414	0.0202473439	-0.0274826059	-0.0341979167	0.0488694684	-0.0828597968	0.0608129716	0.0409295887	-0.0385359528	-0.0341459527	-0.0518507891	0.0394998633	-0.0439567457	0.0572645934	0.0260199432	0.0165546003	-0.0857928035	-0.0628201156	-0.0031776612	-0.0471246232	0.0424282264	-0.0134773832	-0.0440282805	0.1148939969	0.0523683132	0.1324694225	-0.0149409091	-0.0314792998	0.0558692724	0.0022543735	-0.075351927	0.0827924818	0.0549066014	-0.0693650686	0.0138908798	-0.0055251314	0.0568431173	-0.0089778193	-0.0945302249	0.0126629769	0.0880566074	0.0718843553	-0.0606609314	-0.02426296	0.0082196414	0.0129047195	0.0123029736	0.0302284351	0.0995731902	0.0136547966	0.0318041559	-0.0651933526	0.1105239523	0.0173131524	-0.0405356184	-0.060363825	0.0623832798	-0.0638912863	0.0777099726	0.0387930679	0.1779703228	0.0130326148	-0.0004975524	0.0902272936	-0.0390941894	-0.0437555831	-0.0218608613	-0.020885904	0.0089815116	0.0822818431	0.0262646529	-0.0397974234	-0.0638027152	-0.0383184386	-0.0090563879	-0.0340119487	0.1138716738	0.0152558265	-0.0787213875	-0.0685943604	0.0716204606	0.022459509	-0.067463274	-0.0341822256	-0.0532928588	-0.0154622813	0.0070323721	0.0336360595	-0.0362235959	-0.0869110395	0.0257763805	0.0243185008	-0.0177066559	0.0330070503	0.0800880219	0.1909895379	-0.0585779113	0.0020478407	0.046963542	0.0634320101	0.0562630693	0.0747635377	0.0552666915	0.0264477464	-0.0068322673	-0.0389598496	-0.0645158866	-0.0791897184	-0.0805062393	0.003948399335016	-0.0079399818702796	6.304331210036874e-05	1.5589857308754792e-05	0.0064781326183975	-0.0058565797879453	4.196620222154565e-05	3.429952681256942e-05	0.0031524103320776	0.0312326217931228	0.0009754766640722	9.937690901789605e-06	-0.0007009796829173	-0.0002650105618696	4.913725158628384e-07	7.02305979024411e-08	-6.421410384849224e-05	0.0001168605120729	4.123451133064947e-09	1.3656379281942216e-08	0.0006109773039067	0.0002705167815837	7.317932911840325e-08	3.732932658891001e-07	0.0	0.0
1611.9415365023517	-0.4720149619379299	0.2227981242932654	2598355.5171015626	2234.426471522036	-1.202565556684931	4992661.656638416	1.4461639181249375	1715.232520862926	-2.2243761097302013	4.947849077538464	2942022.6006257883	1808.4557107811947	1554.5112825517108	1.021055	28.11342	0.0892921533935343	0.0625071682171263	0.0155433865	0.053390029	0.0972984749	0.0412557381	0.0363131177	0.0629130853	0.045017515	0.0225727634	0.012052838	0.0323411823	0.0653025453	-0.05867382	0.0588325678	-0.008642381	0.015497707	-0.0775273008	-0.1099639574	0.0192700035	-0.0916035657	0.1027438524	-0.0229758389	0.0409897991	0.0640037793	-0.0604226305	-0.0916332565	0.0543577546	0.119388819	-0.0219954404	-0.0059363186	-0.005870901	-0.0265632643	0.0444151232	0.0018867943	-0.0869371108	0.0282200201	0.0911491615	0.0335264217	0.0059488133	0.0969676339	-0.0298652198	0.1648394781	0.0404501593	-0.0054696324	0.007605191	0.0763152441	0.0615654325	0.0521239178	-0.083939739	-0.0099716943	0.1170396657	-0.0998979107	0.0317284015	-0.0109170531	-0.0726167809	-0.0318952692	-0.0639386338	-0.0637003331	0.0167666403	-0.0524232731	0.0933995721	0.0301312017	-0.0824919935	0.0347256304	-0.0006811333	0.0968765953	0.0378327912	-0.0046791461	0.0025514265	-0.0245109544	-0.089511165	0.025606211	0.0103103289	-0.0936052313	0.0295702609	0.0102733716	0.0195609585	-0.0013857675	0.0395954004	0.0503509104	0.0446655274	-0.0674903224	-0.06684998	0.0066095369	0.0770435585	-0.0060580525	-0.0519643799	-0.0051099735	-0.0356787279	-0.0073062053	-0.0219463688	-0.0716420804	-0.0646185606	0.0821489279	-0.0110357701	0.1183166458	0.0520383937	0.0111481562	0.0731532563	0.0240039794	0.0178853688	-0.0300246489	-0.0679033425	0.1635151824	-0.0735947355	0.0717857154	-0.0417962247	-0.1409730138	0.0236563697	-0.05172074	0.1643514661	0.0531208582	0.0156936459	0.0039563616	0.0369487437	-0.0828602117	-0.0175143553	-0.054493543	0.0139157421	-0.0320540451	0.0588253466	0.0529334628	-0.09662366	-0.0747548077	0.1218230401	-0.0811296202	0.011275945	0.0477118098	-0.0665429218	-0.0092961132	0.0564429896	-0.0129874912	-0.0244939637	0.0670702618	-0.1266772875	0.0023276877	-0.0707685896	0.0206729079	0.0785317498	0.0240056485	0.0144418419	-0.052761552	0.0575310769	0.1019935818	0.0381849358	-0.0407104598	-0.0355343478	-0.0418412949	-0.021834727	0.0129029936	0.0965606025	-0.0410988696	-0.0232859825	0.0830841966	-0.0243179491	-0.0535967421	-0.0472836215	-0.0319571069	0.0394562876	-0.0023984705	0.0920478214	0.0977260659	0.0599244815	-0.0459497222	-0.0373914313	0.1147294455	0.0281999583	0.0123326108	0.0744157659	0.0539958877	0.024008292	-0.0102334157	-0.0426618292	-0.0675308461	-0.0804338397	-0.0790844839	0.0070508977294991	0.0031024983944831	9.625496287770217e-06	4.971515879185557e-05	0.0217964696417425	0.0153183370233449	0.0004750860888434	0.0002346514491607	0.0057844501689174	0.0026320398368398	6.927633702711682e-06	3.3459863756688535e-05	0.0004729999575056	0.0011739796404229	2.2372895980029945e-07	1.3782281961274814e-06	-3.855339658631607e-07	6.382856988262908e-05	1.4863643883417674e-13	4.0740863332616645e-09	0.0004839999514349	-0.0001269773524718	1.6123248040747742e-08	2.3425595298898557e-07	0.0	0.0
1611.2037516220812	-0.7377848802705103	0.5443265295557712	2595977.529241069	2237.787362274033	3.360890751996976	5007692.278753375	11.2955866468588	1718.6683276367187	3.435806773792592	11.80476818683906	2953820.820421596	1812.1427642274737	1545.2047513558896	1.036027	28.525646	0.0794452619243168	0.0496363221291715	-0.0320119834	0.0543992512	-0.069654619	-0.0411588906	0.0495408158	-0.0043439649	-0.0670953698	-0.0149135298	-0.0707131895	0.0140503249	0.0107752606	-0.0171347618	-0.0124198489	0.0079946438	0.1282723162	0.0718902227	-0.0597093998	0.0177001621	0.0279617541	0.0567091448	0.020674301	-0.0346279956	0.0258934074	0.0720506081	-0.0232798102	-0.008772307	0.0579083239	-0.0708018889	-0.0190010112	-0.0152265689	-0.031184094	0.0068081019	-0.0713442429	-0.08613583	-0.0140249838	0.0536446148	0.0043835644	0.0139148173	0.0590975317	0.1502542137	-0.064858618	-0.0207300204	-0.0186078536	-0.0080960667	0.0132386902	-0.0089086803	-0.0066821562	0.0056376304	-0.0687334451	-0.0663707001	-0.0296968824	-0.1200220144	0.03744491	-0.0170833919	0.0361051258	0.0479629933	-0.0127351531	-0.0008666942	0.0267341181	0.0813080968	-0.0485271475	-0.0565329903	0.0092787221	0.0164682215	0.0506334676	0.0089902798	0.0025241478	-0.0432783199	-0.0489935501	0.0368647655	-0.0253698924	-0.036404283	0.0513389296	-0.0851038895	0.0307605289	-0.0220471074	-0.0027671154	0.0467429594	0.0271801757	0.0227726794	0.0128149309	-0.120494068	-0.0148501521	-0.0119233933	-0.0728825727	0.0197846367	0.0286879724	-0.0939067421	-0.0091670017	-0.0394090628	-0.0210569062	0.0136443068	0.0466274845	0.0276159884	0.0002210332	0.0229773383	0.0676601164	-0.1066865208	0.0796748054	-0.0369046041	-0.0378770215	0.0087748076	0.0151751588	-0.0430805416	0.0670424904	0.0022465879	0.0156807551	0.040191474	-0.0340852852	0.0627537531	-0.1103401147	0.0050520524	-0.0535783065	-0.0173156784	-0.0273826122	-0.0293517288	0.0450965866	0.0857922748	0.0306150137	0.0952686574	-0.0299897894	0.024005218	-0.0209309917	-0.0049752573	0.1467862258	-0.0116218806	-0.0433939716	-0.1685319274	0.0793295803	-0.0238876723	-0.041575199	0.0505511385	-0.0079343782	0.0115236331	-0.0425487535	-0.0269594764	-0.0678383519	0.0641412363	-0.0682269904	-0.044547524	0.0344619658	-0.0004964702	-0.0067494618	0.0360149122	-0.0199251492	-0.0298184137	-0.0762580705	0.0055707469	-0.0762920366	-0.0654779704	-0.025657026	-0.0253429563	0.0372175419	0.0392527268	0.0135434696	0.0359061162	0.0396145249	0.0626234811	-0.0045027962	0.055685911	0.0888956806	0.059791397	-0.080375616	-0.0447631932	0.1096745471	0.037909288	-0.0132025478	0.0740598336	0.0527013995	0.0215451443	-0.0136166111	-0.0462468756	-0.0702792922	-0.0812459471	-0.0771080077	0.0040391312723642	-0.0030117664571349	9.070737192322907e-06	1.631458143539044e-05	-0.00707649814305	-0.0288729677847924	5.00768259685901e-05	0.0008336482687016	0.007811298387125	0.0020268482182076	4.108113699651323e-06	6.101638249270163e-05	-0.0002979685768118	-0.0007709685343174	8.878527276724957e-08	5.9439248090752e-07	-0.0001320709242496	-0.0001316853902837	1.7442729032143586e-08	1.7341042014180096e-08	0.0004759802867524	-8.019664682499964e-06	6.431502161973724e-11	2.2655723337689695e-07	0.0	0.0
1610.62558836813	-0.5781632539512884	0.334272748219542	2594114.7859061845	2245.175602250035	7.388239976001842	5040813.484938807	54.58608994299169	1719.916999955611	1.2486723188922042	1.5591825599676346	2958114.486736309	1815.086272184752	1561.9282134432206	1.034013	28.470219	0.0727935398072901	0.0389609088705385	0.0757387392	0.0403725195	0.0121009399	-0.0263840952	-0.028773641	-0.0753535557	-0.035465779	-0.0090701882	0.042867596	-0.0312205761	0.0489996082	0.0293543232	0.0904481146	-0.0340809312	0.0864983978	0.0263851269	-0.1005094252	-0.0060595973	-0.0003348191	0.0260772294	0.0038477226	-0.0217653115	0.0655690109	-0.0341517398	0.0648101974	0.0298691731	0.0368932871	0.022904736	-0.0517153104	0.0075987058	-0.0075273389	-0.0738363113	-0.022127442	0.0452351845	-0.0470969364	0.0647296659	-0.0485103443	0.1140724939	-0.0346174223	0.0950443942	0.0396664716	0.020422744	0.0671906497	-0.0126493839	0.0323831243	-0.0217157564	0.0394242871	0.089871732	0.0023346143	0.0617942413	-0.0415555197	0.1356850579	0.0498436258	-0.1028910115	0.1313426244	-0.0436682241	-0.1022896202	-0.0852555407	-0.0882880715	-0.0718174679	-0.0852939187	-0.0023577002	-0.1284364059	-0.0127644395	0.0026449856	0.0119536654	-0.0523494995	0.0955828942	0.1115315213	0.0729582747	0.0211266576	0.009589266	0.0171363077	-0.1111428389	-0.00291701	0.0005930633	0.0279431881	-0.0139439443	0.003134715	0.0920082694	0.0247383308	-0.0111177148	-0.1115990425	-0.0237422826	0.0224753336	-0.0909152361	0.0135467764	-0.0382158196	0.0572790392	-0.0025625482	0.0514455297	-0.0143500124	0.0351540796	0.032443155	0.0045760973	0.0484356893	-0.0401201506	0.0161754124	0.0412887746	0.042789326	-0.0273006549	0.029109144	-0.0158436484	-0.0380092007	-0.0857442013	0.0585945577	0.0079076221	-0.0284908124	-0.0137633359	0.0009612778	-0.1080290163	-0.0153535531	0.0063499598	0.059959084	-0.0300283899	-0.029391601	0.0365937799	0.0666647401	0.0375926919	0.1764997556	0.0485922146	0.0725144162	0.0437799575	0.068828835	-0.0718822039	0.0420344583	0.1010683338	-0.0582475928	0.0709923796	-0.1023164387	-0.0266060294	0.1105321833	-0.001972846	-0.0577789015	0.0209296249	-0.0101926511	0.0632602076	0.0109034016	-0.0755512551	-0.1068363647	0.0189277359	0.0066404647	-0.0009166378	0.0374929285	0.0032836221	-0.0751649201	0.0153743896	0.0134319918	0.0684827393	-0.0088931351	-0.0084361037	0.0112919969	-0.0032469285	0.0982231651	-0.0216063738	-0.0118283464	0.0366400891	0.0778381223	-0.0458527253	0.1034715353	0.002678521	0.0040633458	-0.0310141989	-0.0057035844	0.1189962812	-0.0442302994	0.0257160025	0.0736957799	0.0513837948	0.0190607341	-0.0169759185	-0.0497051625	-0.0727503781	-0.0816216788	-0.0745906743	0.0055571661280424	0.0015180348556781	2.3044298230539333e-06	3.088209537466176e-05	0.0174634525748302	0.0245399507178802	0.0003049721758333	0.0006022091812359	0.0343487101849575	0.0265374117978325	0.0007042342249277	0.0011798338913702	-0.0003079739905857	-1.0005413773900014e-05	9.484797887728085e-08	1.0010830478694812e-10	-6.412348917561594e-05	6.794743507398406e-05	4.111821864055335e-09	4.616853933133279e-09	0.0008019902866225	0.00032600999987	1.0628252001530257e-07	6.431884198368396e-07	0.0	0.0
1608.18599969865	-2.4395886694799174	5.951592876254794	2586262.2096267464	2247.554465255396	2.3788630053609268	5051501.074289468	5.658989198274821	1716.292733487216	-3.624266468394808	13.135307433930972	2945660.74702102	1808.1186778759256	1522.919587774591	1.03396	28.468748	0.0382412150173473	0.0226886109242183	-0.0409294865	0.0602456493	0.0595844793	-0.0476199231	-0.0256273102	-0.0037915962	-0.0020037621	0.1017654258	0.0276881904	0.0119079726	0.0350097046	0.0077940238	-0.0105054331	0.1626168289	0.0305782819	0.0558362776	0.1005456818	0.0297493692	-0.0494063734	-0.0687493239	0.0554580127	0.0125873314	0.0782955165	-0.0366212411	-0.067679981	0.0851978318	-0.0406152827	-0.015807082	-0.0754183282	-0.0470200446	-0.0721688534	0.1023402734	-0.0856542738	0.0670573831	0.0535326148	-0.0037960125	-0.0016335477	0.0315136045	0.0213088152	0.0961170231	0.0432265773	-0.0724846277	-0.0016020527	0.0552934454	0.0257702	0.04757665	-0.0265781882	0.0450676581	0.060294599	0.0073484825	-0.0066046099	-0.0683939566	-0.0500107824	-0.0244316326	-0.0637806878	-0.067298297	-0.0152594291	0.0421569762	0.0367337123	0.0944029343	0.0035249608	0.0513985327	-0.0735068935	0.0534646004	-0.0126769118	0.0531539159	0.0280760672	0.0076012742	-0.0114573666	-0.0611025402	0.0305420157	0.0922834571	0.0737480451	0.0842076739	-0.0317434796	-0.0099677392	0.0565529505	0.0618094077	0.0236135607	-0.2096513776	0.0853336901	0.0625837198	-0.017523259	0.0788635404	-0.0447198601	-0.0026864904	-0.0760722072	-0.0294668895	0.0535896961	0.1357266566	0.0319998507	-0.0140477549	0.0237587901	-0.0532297312	-0.0912290816	0.1195781319	0.0422001755	-0.1867344386	-0.0167055082	0.0562928447	0.0201604893	0.0599103431	0.0266828161	0.0332762087	0.0793936814	-0.0629459399	-0.0834618324	-0.030451917	-0.0383090319	0.016268176	-0.0322801318	0.0339713033	-0.0002582644	0.1024962196	-0.0213900605	0.0085575558	-0.0515321186	0.0368268915	0.0435693489	-0.05775579	-0.0837079131	-0.0010940038	0.0167145435	-0.0735607642	0.0547909863	-0.0469159656	0.0485978781	0.0237870495	-0.0192741914	0.0117748731	-0.0131407335	0.0542376323	-0.0180283796	-0.0241414918	0.034622587	0.064029456	0.0042514264	-0.0619797989	-0.0065165666	0.1223720366	-0.0609493184	0.0492800637	0.0278137152	0.0322498246	0.0658234746	-0.0424659888	-0.0304358653	-0.0297004595	0.0071173773	0.0309192439	0.0139283805	0.0009859745	-0.020033316	0.0521613504	-0.08220352	-0.0339623649	0.0484606333	0.1036734233	-0.0368149155	0.0418711489	0.0298323066	0.0419280323	-0.1111150289	0.0607550204	-0.058640082	0.0131458101	0.0186590239	0.0733236445	0.0500436514	0.0165575133	-0.0203054443	-0.0530272111	-0.0749343514	-0.0815590168	-0.0715501408	0.0089676500060136	0.0034104838779712	1.1631400281901474e-05	8.041874663035571e-05	0.0047642388776836	-0.0126992136971466	2.2697972083631888e-05	0.0001612700285257	0.0531785459441778	0.0188298357592203	0.0003545627147192	0.002827957748737	-0.0003079493678687	2.4622717000033753e-08	9.483281317073193e-08	6.062781924637509e-16	-0.0001261229539837	-6.199946480808406e-05	1.5906999521574508e-08	3.843933636488853e-09	0.0007979807404874	-4.009546135099948e-06	1.6076460209494928e-11	6.367732621888193e-07	0.0	0.0
1609.737816542549	1.551816843898905	2.4081355170083585	2591255.838007173	2251.2502216972043	3.6957564418084985	5068127.560691712	13.658615677169012	1718.357958984375	2.0652254971589628	4.265156354115485	2952754.075204947	1815.601969516311	1530.4251191368614	0.946996	26.074295	0.082182281131681	0.0393658400852026	-0.0195879876	0.0410224146	-0.0096965829	-0.0668198718	-0.0256275753	-0.0030591157	0.1081246986	-0.0744229035	0.0193553274	-0.0280947571	0.0169072088	0.0580948546	0.0260077331	0.0854519933	-0.000891225	0.0305229998	-0.1059669923	-0.101263078	-0.0247273655	0.029699093	-0.1132947882	-0.0454444956	0.0546200701	0.0725227391	0.0472424811	0.0141036694	-0.0036894702	0.0216886181	-0.0346988627	-0.069502376	0.0105420045	-0.0129447156	0.0052918477	0.0120147873	-0.0465619219	0.0073884489	0.0777484933	-0.0031497745	-0.0570810823	-0.1352754965	0.084595385	-0.0051374808	-0.0399481138	-0.029310338	-0.0597599569	-0.0623821016	0.0109654905	-0.024493658	-0.0074169505	-0.0163206603	-0.0887248676	-0.000888307	-0.1125183727	0.038288375	0.0587520073	-0.0132315704	-0.1174724229	0.0483740445	0.0609691552	0.0419883296	-0.0601734003	0.0192993933	0.0661924901	-0.0078684292	0.105286041	0.0488205755	-0.0192080619	0.0588787901	0.0977179925	0.0003097305	0.2116849463	0.0415665118	0.0675689463	-0.0252830375	0.0463523712	-0.0502074338	0.0553836238	-0.0477016125	-0.0446268145	0.100992967	0.0092920302	0.0074874586	-0.0627255032	-0.0929306461	-0.0487307095	-0.0252928725	-0.0322699926	0.0144530802	0.0280661633	0.0454613239	-0.0292627689	-0.0926940876	0.1106568286	0.0836940925	-0.0558133767	0.0372066298	0.0124003015	0.0530928912	-0.0692290886	-0.0014771412	0.0353917095	0.0886289795	-0.0327142319	-0.0309895353	0.0376891436	0.086353341	0.0174906297	-0.0260482845	-0.000804128	-0.0473767849	-0.0181068701	0.0483215749	0.1119657487	0.0140369226	-0.1020315066	0.0352972454	0.0104422529	-0.0352053336	-0.0633596975	0.023372293	-0.0827348928	0.1567565812	0.0507615541	0.0238834549	-0.0701116903	-0.0492235053	0.0787657715	0.1338415664	0.0276904381	-0.0587162338	-0.0218765063	-0.0562458248	0.0045391307	0.0126952741	-0.0392005833	0.0461605346	-0.0993829335	0.0291909333	0.1706581522	-0.0565531677	-0.0010328021	0.0962595094	0.0638305607	0.0154390265	0.0901180588	-0.0381534715	0.039584519	0.0029505396	-0.0129969545	-0.0235817017	0.0872852515	0.0356440316	-0.0048787459	-0.0180506343	-0.0233973705	-0.1727263538	0.0157133425	0.1373004451	-0.0399558153	0.0719795331	-0.1064967412	-0.0165596134	-0.032595351	0.078724197	0.1207354604	0.0223986603	0.0601930492	0.0729434684	0.0486815572	0.0140379523	-0.0235993474	-0.0562039158	-0.0768225931	-0.0810582975	-0.0680077345	-0.0019976225954536	-0.0109652726014672	0.0001202372032244	3.990496033866778e-06	0.0015338245437419	-0.0032304143339417	2.352617730985048e-06	1.0435576768935996e-05	0.0325122382036724	-0.0206663077405054	0.0004270962756252	0.0010570456330123	-0.0009319866503307	-0.000624037282462	8.685991163946385e-07	3.89422529902558e-07	-4.875762287026575e-05	7.736533111343425e-05	2.3773057879590613e-09	5.985394458291318e-09	0.0005529776249475	-0.0002450031155399	6.002652662425763e-08	3.057842536925779e-07	0.0	0.0
1609.3094746676975	-0.4283418748514123	0.1834767617512229	2589876.9852552204	2246.748041400995	-4.50218029620919	5047876.761539208	20.269627419574267	1719.3932577237215	1.0352987393464446	1.0718434796923373	2956313.174705792	1810.5224551163944	1514.3108067949177	1.076442	29.638447	0.0899122547501272	0.0494771358248523	0.0208929656	0.0240011762	0.1016353629	-0.0715408085	-0.0631556437	0.0861559548	-0.0020456965	-0.0083202717	0.0687909768	-0.043717149	0.0526469182	-0.0157850658	0.0268121992	0.0155981238	-0.0228828316	0.0718608631	-0.0890127412	-0.0262614599	-0.0211722535	0.0915328031	0.0395186173	-0.0846381634	0.0770042482	-0.0706719369	-0.0187253404	0.0800734468	-0.0582846704	0.0533016878	0.0147212707	0.0021245577	0.0802777511	-0.0408523289	0.00081431	0.0133590034	-0.077236919	0.0437603289	-0.0801365337	-0.043968766	-0.0908704084	-0.0303664554	0.0618452832	-0.1921037552	-0.0082209964	0.1519342614	0.0412952528	0.0274417874	-0.011432753	0.0017365147	0.0186719393	0.0962805401	-0.018307284	-0.0132284128	0.0078955215	-0.0298288311	0.0750930786	0.0455310745	0.036988036	0.0366998009	0.1740023087	0.0550350624	0.0023720329	0.0383203349	0.0592016889	0.0577244125	0.0089779174	-0.0335149937	0.0044078272	-0.0798498362	-0.0911231952	0.0575037388	-0.0990777244	0.0099668372	0.0425326667	0.0245584333	-0.0186770749	-0.0231139093	0.0001170121	-0.0362632806	0.0220359159	0.0981709691	-0.054223157	-0.0063452596	0.0267065594	0.032335752	0.0226810014	-0.0769765397	-0.077712241	0.0482072177	-0.0157367846	0.0122536053	-0.0768542437	-0.0747199272	-0.0277715541	0.0324879235	-0.0653063446	0.0548953899	-0.0193789634	0.0885581766	0.0092060403	0.0225032389	0.1263401164	0.0525126845	0.0450872032	-0.0433082976	-0.0446204801	-0.0010837608	0.0145972208	0.0936577824	0.0240452165	0.1169207136	-0.1290933206	-0.0067234708	0.0094679676	0.0852780677	0.042416865	0.0243613149	-0.0292404843	0.0501740386	0.0778247549	-0.0398318109	0.0897934106	0.0147204253	0.072380459	0.0524600365	0.0588107756	-0.0157500445	0.0095248815	0.1302051227	-0.0408504681	0.0037647369	0.0526304939	0.0686676729	0.0465832559	0.0945477858	0.052210484	-0.0479568972	-0.0102045754	0.0405522052	-0.022394587	0.0437434084	0.0950819646	-0.0151498161	-0.1219911452	0.041966603	0.0108643276	-0.0925377013	-0.012558922	0.0085041218	-0.0312663656	0.0803311325	-0.1082650112	-0.0157838042	0.0345575059	-0.0226069131	-0.1067490391	0.0497962462	0.0265524822	0.0068965982	0.0942799165	0.124610607	0.0802521204	0.0604719599	-0.1119965827	0.0066585019	0.0300864543	-0.0125069584	0.1104051834	0.0725552932	0.0472981097	0.0115045374	-0.0268518493	-0.0592265694	-0.0784076511	-0.0801222105	-0.0639883028	0.0197185130194696	0.0217161356149232	0.0004715905460457	0.0003888197556989	0.0219387887680255	0.0204049642242836	0.000481310452608	0.0004163625649942	0.0330397446924877	0.0005275064888153	2.782630957422512e-07	0.0010916247293447	-0.0001809797604308	0.0007510068898999	3.2753673685589766e-08	5.640113486771205e-07	-9.703678221106848e-05	-4.8279159340802735e-05	9.416137101878336e-09	2.33087722665462e-09	0.0004069907057461	-0.0001459869192013	2.131218057791608e-08	1.6564143456370859e-07	0.0	0.0
1607.9546968629636	-1.3547778047338852	1.8354229001995648	2585518.307163665	2244.104390918407	-2.643650482588328	5036004.517339273	6.988887874089497	1716.7900411709873	-2.6032165527342386	6.776736420429533	2947368.04546388	1809.358270373178	1496.5657462747688	1.1259	31.000204	0.2319565558308563	0.1689048904662859	-0.0918147472	0.0860060199	0.002849927	-0.1165122436	-0.0222994643	-0.00495188	-0.0562582937	-0.0692247714	0.0015136991	0.0731107714	0.0756039021	0.0081385312	-0.0462999389	0.0933126574	0.0181843982	0.0360985771	0.070497952	-0.0810892436	-0.02176343	-0.128089638	-0.0228937325	0.0458150532	0.0396726713	0.0569513675	-0.0592355632	0.0852325183	-0.02055225	-0.023563838	-0.0208817431	-0.0197015687	-0.0456899467	-0.0346830239	-0.0225182939	-0.0322229302	-0.0719084477	0.0716010372	0.0140481629	-0.0052105302	-0.0854613676	-0.0256397936	0.0633094478	-0.0914237373	-0.0553659754	-0.0925979205	0.0106030747	-0.0725043933	0.0494334816	0.034844026	-0.0521563979	0.0936771489	0.0290264194	-0.0370706229	0.0841136652	0.1002666931	-0.0671619985	0.0525970505	0.086108503	-0.165874263	-0.0702108644	0.0078942014	0.0662035118	0.088766026	0.0641668075	-0.0465014228	-0.0850527948	-0.0019116601	-0.1235069321	-0.0855298612	0.0601143232	-0.0404113536	0.0322266409	-0.1261645121	0.0272559274	-0.0644967142	-0.101785128	-0.0522096806	-0.1241677211	0.0947349929	0.0478989202	0.0084019464	-0.0232886781	-0.0031910395	0.0152233543	0.0188952464	-0.1203268424	-0.0011296079	-0.0184896938	-0.0013186223	-0.0016911591	0.004759605	-0.0322955768	-0.0477525723	-0.0649492405	-0.0168713047	0.0053719824	0.1028566963	0.0336707014	0.0595631262	0.080902438	0.0342087287	0.0375251053	-0.0131445065	-0.1596950074	0.0747923791	-0.0198101136	0.2411098239	0.0257245398	-0.000989038	-0.120408103	0.1749572885	-0.0858297047	-0.0195971611	-0.084539944	-0.0550339207	-0.0883924093	-0.0805055346	0.0076027802	-0.0516017431	0.0032057939	-0.047098933	0.0858876991	-0.054296109	-0.0268077497	-0.1134533091	0.0331564905	0.0481056791	-0.0877352451	-0.003902539	-0.0865685874	0.0741834458	-0.0482215438	0.0499060334	-0.1055186653	-0.0482501358	0.0544803997	0.0178326388	-0.0550219191	0.0636220066	-0.1106602607	-0.0681316408	0.0045902664	-0.0729126862	-0.1058990473	0.0758124924	0.0629632382	-0.0230263293	-0.1984983038	0.0386919481	-0.1089543306	-0.0092418978	-0.2820180147	0.0488824015	0.0794844728	0.086044278	-0.3098775648	0.295530647	0.1414752019	-0.1901435764	0.3432622839	0.0413057523	-0.0641277794	-0.064494292	-0.0519796065	0.1520021006	-0.0993781765	-0.1946686353	-0.097826653	0.0721591615	0.0458939156	0.008959769	-0.0300572439	-0.0620868871	-0.0796832699	-0.0787557834	-0.0595200392	0.002907412538164	-0.0168111004813056	0.0002826130993925	8.453047667073234e-06	0.025070553024534	0.0031317642565084	0.0006285326289559	9.80794735834422e-06	0.0126994316060589	-0.0203403130864288	0.0004137283364539	0.0001612755631169	0.0029669508380576	0.0031479305984884	8.802797275450696e-06	9.909467052899536e-06	0.0004308712344858	0.0005279080166968	1.856500207073173e-07	2.786868740928212e-07	0.0002493617607991	-0.0001576289449469	2.4846884285104352e-08	6.218128774882759e-08	0.0	0.0
1618.0012416771224	10.04654481415878	100.93306270290064	2617928.01806871	2231.84737379134	-12.257017127066774	4981142.699899302	150.23446885320823	1723.9508121004972	7.1607709295099085	51.2766403049142	2972006.402541964	1811.9064556982744	1535.5374455993428	1.122503	30.90667	0.2075825298368529	0.1138175678031702	-0.0378113133	0.0211297729	0.0019083038	-0.0351673487	-0.0710948906	-0.0010505733	0.0301192827	0.01339415	-0.0320760995	0.0425393607	0.0330639124	0.063689031	-0.008943392	0.0136922209	-0.092208803	0.0201550381	-0.0446097966	-0.0588364495	0.0255720641	-0.0742336005	0.1518988751	-0.0387442096	-0.0573346263	0.0320382405	0.0258341952	0.0379609583	-0.0720941842	-0.0120249768	-0.0096908286	-0.0293257227	0.064670397	-0.0402192258	0.0916428663	0.1295222786	0.05857875	0.0059824591	0.0251123837	-0.0160286467	-0.0245185885	0.0381117556	-0.0187503562	0.0465250195	-0.0468584579	0.0230412893	0.0379127543	0.0821132182	0.0358724766	-0.1053402694	-0.1091280366	-0.0182927302	-0.0150094764	-0.0080891863	0.0318385327	-0.0356214201	-0.0175363895	0.0100623992	-0.0615242426	0.078526374	-0.1441738784	-0.0325226386	-0.042327827	0.025969079	0.0077759197	0.0156949486	-0.1408882556	0.0298159271	-0.0556577343	0.0491439272	0.0452324549	-0.0305434772	-0.0495178708	-0.0795601629	0.0960551248	-0.0003939019	-0.0178544954	0.0352586129	0.0906724737	0.0005206086	0.0832397862	0.0363904404	-0.0832612302	-0.0433983142	0.1471216612	0.0002381682	-0.0363914711	0.0583289491	-0.0336600118	0.0761291897	0.0279921782	-0.016301649	0.0451045803	-0.0288446404	-0.0573196452	-0.0277137828	-0.0593302778	-0.112125655	-0.0554583021	0.0329918998	-0.0445898838	0.1161225256	-0.0096125008	-0.0790828262	0.0743780134	-0.0565292638	-0.0846531915	0.0913722115	-0.0231246374	0.049479842	-0.0954409599	-0.0423191115	0.0052100425	0.0419301236	0.040934738	-0.0790644295	0.12782345	-0.0135497935	-0.0204320339	0.0129305726	-0.0333716521	-0.0218872629	-0.0547646953	-0.0075864721	-0.0524218892	-0.042297983	0.0022031866	-0.0016201719	0.0324299944	-0.0683733565	-0.0643769617	-0.0028850476	-0.0873063929	0.0016943495	0.0384841299	-0.0387254284	0.0199824676	0.0693673669	0.0103752676	-0.0408191178	-0.0780535258	-0.0747005159	-0.019590662	0.0465597674	-0.0015199269	0.0208718434	0.0451565056	0.0431834596	-0.0154448459	0.0215149383	-0.0922349754	0.0178940864	-0.1358063466	0.0410465836	-0.0042892324	0.0284776243	-0.1101584064	0.0444530841	0.1016621812	-0.0470974166	0.0992941511	-0.1257014439	-0.1503818854	0.0272919807	-0.0185346092	0.1368849572	0.0241245123	0.0520285438	0.0628851393	0.0717551168	0.044469591	0.0064061583	-0.0332099078	-0.064777029	-0.0806444153	-0.0769663555	-0.0546342852	-0.000772315335638	-0.003679727873802	1.3540397225235388e-05	5.964709776616366e-07	0.0444967567105436	0.0194262036860096	0.0019799613577573	0.0003773773896503	-0.0259109740343674	-0.0386104056404263	0.0014907634237182	0.0006713785754096	0.0010240419980794	-0.0019429088399782	1.04866201383045e-06	3.7748947604654354e-06	-0.0004574165173252	-0.000888287751811	2.09229870321915e-07	7.890551300174408e-07	0.000163234499856	-8.612726094310002e-05	7.417905077560841e-09	2.6645501943238465e-08	0.0	0.0
1616.4596493546096	-1.54159232251277	2.376506888830316	2612941.797991628	2242.823316086568	10.975942295227924	5030256.427181549	120.47130926817324	1724.2157268732244	0.264914772727252	0.0701798368091316	2972919.8727969616	1819.9248533888288	1583.5818516471593	1.144159	31.502926	0.1671604665540476	0.095321412239035	-0.0032962055	-0.0329446263	-0.0638543702	-0.0122672842	0.1187144789	-0.0285675067	0.0155302666	0.0117274181	-0.0438277281	-0.0220367453	-0.109179855	-0.0013985596	0.0330663971	0.0054502895	-0.0157370338	0.0183232508	-0.0996578399	0.0618369355	0.0673547881	-0.0162550255	-0.0519296081	0.0600272529	-0.1269716266	0.0074019938	0.0935836524	0.0137612698	-0.0088560071	-0.0210163032	0.0254785907	0.1081280189	-0.0884132675	0.0248592969	0.0718412856	0.1204503659	-0.0518374348	0.0352818496	-0.0394827978	0.0036610415	0.0248061656	0.0369182364	-0.0028346716	0.017275897	0.0371176482	-0.0759852507	0.0643329792	0.1138056374	-0.0089631989	0.0079819132	-0.0448734505	0.046009996	-0.0109422862	0.0218600348	-0.0445714548	0.0360940066	0.0722048383	0.0241944658	0.0640807724	-0.0568424417	0.0715727527	-0.1249161168	0.0040953653	-0.0154469567	-0.0948784233	0.0791519654	0.0246495823	0.0506885746	-0.052542631	-0.0419461723	0.0134600794	0.0582274884	-0.0970479624	-0.0453848013	0.0338536572	0.0185735155	0.0954444799	-0.0950688946	0.0540329537	-0.0284040045	0.0078561619	-0.0066429207	0.1031179266	0.0098664596	0.0408210161	-0.0233704138	0.0722132124	0.0738581226	0.0743956666	-0.0846185595	0.0632758986	0.0016082565	-0.0537735825	0.1616066894	-0.0911538306	0.0352265144	0.0229770011	0.0314611505	-0.0846325081	0.0818149935	-0.0624323175	0.0175179033	-0.0334758641	-0.0159556882	0.028362786	0.0030097861	-0.0485444033	0.0935598549	0.0394980392	-0.1132527323	0.0907473143	0.0196197554	0.0614997814	-0.0649187793	0.0684101688	0.0053852798	-0.0167523796	0.0008662145	-0.0347779443	0.048397067	0.0348393059	-0.051355099	0.070049215	-0.0840403992	0.0426410773	-0.0256101013	-0.0514420475	-0.0663158195	-0.0002929396	-0.0941439792	0.113932291	0.0240336066	0.0122816146	0.1242980813	-0.009822249	0.0863559399	0.0402648865	-0.063687512	-0.1047267543	-0.041555335	0.0237325124	-0.0837146449	0.0496783158	0.0079299311	-0.0920865691	-0.0259024875	-0.0397848937	-0.0480240031	0.0097278749	-0.0183251379	-0.0465320796	-0.0571615289	0.0074410342	0.0086740351	0.1101943976	0.1215346322	-0.1494432645	0.1327617148	0.0864862523	-0.0151376292	-0.044187708	-0.146593826	-0.0702877501	0.0083336084	-0.1122837245	-0.1460477902	0.0291060513	0.01545953	0.0132938956	0.0713432033	0.0430257605	0.0038462256	-0.0363043104	-0.0672896215	-0.081287294	-0.0747635377	-0.049365311	-0.0213289987944733	-0.0205566834588353	0.0004225772348267	0.0004549261895746	0.0302849583823103	-0.0142117983282333	0.0009171787042182	0.0002019752117223	0.0436183549056963	0.0695293289400637	0.0048343275828555	0.0019025608846792	0.0002440063970747	-0.0007800356010047	5.9539121813376176e-08	6.084555388347635e-07	-5.397108604099365e-05	0.0004034454312842	2.9128781284443393e-09	1.6276821602409929e-07	0.0002370065841054	7.377208424940002e-05	5.442320414500574e-09	5.6172120909310046e-08	0.0	0.0
1612.2157041254932	-4.243945229116434	18.011071107740143	2599239.4766288595	2256.947274383408	14.1239582968401	5093810.999346695	199.48619797087832	1720.3311845259234	-3.884542347301021	15.08966924797493	2959539.3844523667	1820.301022047812	1581.0199367676898	1.148636	31.626211	0.0965580562235006	0.0555422360218791	0.0889860038	-0.0422209201	0.0883986358	-0.0227988882	0.0246115945	-0.1302841375	-0.0050452475	0.0742123623	0.0265254539	-0.0897863253	-0.0333643783	-0.0003088546	0.0892316737	-0.0570935769	0.1236451183	0.0191378658	0.1092944046	0.1331346578	-0.0009398069	0.077331075	-0.1373433971	0.0196460169	-0.0110820107	-0.0527056835	-0.0148974861	-0.0244132768	-0.1026574246	0.0568805464	0.0713435057	-0.0671996957	-0.0044484159	0.025066995	-0.0409823867	-0.0501035581	0.0235018767	0.0373698153	0.1091463719	0.0723986769	0.0260183182	-0.0326121062	0.0024666632	-0.0614916179	-0.0823537939	-0.0031196678	0.0882020644	0.0190946878	-0.0188845938	-0.0518324235	0.0533371956	-0.175682386	-0.1377354125	0.1059598401	-0.0761223857	0.0015336728	-0.0309770167	0.0173012652	-0.0273378151	0.0953684802	-0.0086164572	-0.1013167038	0.0045478455	-0.0879196502	-0.1045600348	0.1389165818	0.0392501284	0.0920209971	-0.083093909	0.0573203251	-0.0057912312	-0.0227678772	-0.0092238681	-0.0489329666	-0.0837423201	-0.1438387178	-0.0030717981	-0.0011640516	0.0810310563	-0.0055170083	0.1035220503	-0.0430403555	0.0844938172	0.1122451197	0.0193855363	0.044047091	0.0896183551	-0.0120335062	-0.0113085951	-0.0969317062	0.0605910234	-0.1199964229	0.0250867141	0.1333951439	0.1658380704	0.0221370157	-0.0533671757	0.2231991628	-0.1101964937	0.0091557025	-0.1179136294	-0.1142841995	0.0857214883	-0.0051880243	0.1887292322	0.0476558225	-0.022852742	-0.0308185156	-0.0355877422	-0.2014894043	0.0379256995	-0.0282191099	0.0578758258	0.0306696591	-0.0546014079	0.058486805	0.019995546	-0.0839805565	-0.1127217887	-0.0406344218	-0.1729054026	-0.0491044575	0.134708214	0.0012947835	-0.0572538973	-0.0875662929	-0.0276928318	-0.0433823017	-0.0386739622	-0.1337815051	0.1053631654	-0.0326909885	-0.0975095747	0.034658526	-0.0894554147	0.0010329628	0.0043707754	-0.0102569704	-0.0402203272	0.0179626498	0.0286434988	0.0555179209	0.1182559988	0.017707565	-0.0020084896	-0.0376862808	0.0947346251	-0.1128090671	0.0929268852	-0.1034515225	0.1153277043	0.0390924113	0.092240517	0.0492193303	0.2348362408	0.194527953	0.057433988	0.1624952576	-0.0111276832	0.0836164798	-0.0145873114	-0.0159772562	-0.0655865383	0.0473629283	-0.0476985323	-0.0964598353	0.0240576425	-0.0116297898	0.0696017776	0.0709234662	0.0415630576	0.0012824971	-0.0393350228	-0.0696177779	-0.0816093689	-0.0721591615	-0.0437500746	-0.0213510547406343	-2.2055946161000237e-05	4.86464761056941e-10	0.0004558675385375	-0.0072098891071874	-0.0374948474894977	5.198250093793952e-05	0.0014058635882606	0.0435239087008199	-9.44462048763986e-05	8.920085615554659e-09	0.0018943306285973	-0.0005250033499509	-0.0007690097470256	2.756285174596672e-07	5.913759910203773e-07	0.0001609889771805	0.0002149600632214	2.5917450773623547e-08	4.620782878018855e-08	4.204226269318345e-05	-0.0001949643214122	3.801108662372608e-08	1.767551852362645e-09	0.0	0.0
1613.3029182913342	1.0872141658410328	1.182034642405413	2602746.3061673352	2226.534738583415	-30.41253579999284	4957456.942118717	924.922333785846	1718.4715860262784	-1.859598499645017	3.4581065798819983	2953144.5919796727	1806.657751729964	1511.6951415978365	1.40444	38.669445	0.0917614545725403	0.0433531229998634	-0.1174568187	0.0118113743	0.0100362692	-0.0373756537	-0.0257875798	0.005332972	-0.0910528177	0.0170556697	-0.1188555579	0.0372252632	0.0356431915	0.040389518	0.0037622597	-0.0242438753	-0.0982107206	-0.0013546363	0.1190313473	-0.0440477882	-0.046189499	0.0010043665	-0.0561015966	-0.1262812549	-0.0570234282	0.0820058976	-0.00736034	-0.052116773	-0.0635860915	0.0132464788	0.0310694846	0.0546725246	-0.0226754873	-0.1738438772	-0.0876755127	-0.0209425073	0.038634279	0.032682297	-0.1259398212	-0.0850257094	-0.0429276076	0.1042391111	-0.0286949889	-0.0477384305	0.0132098441	0.0195150715	-0.0891213019	-0.0436150548	-0.0233922241	0.0484907799	0.0215576316	-0.0347588792	-0.0364823987	0.0758301768	-0.0262348375	0.0455555128	-0.0079227927	-0.0407595308	0.1170690996	-0.0062987164	0.0594361297	-0.0226488949	0.0388421006	-0.0202029795	0.0305199992	0.0780797365	0.0555248092	-0.0899727666	-0.0220098935	0.0088764914	-0.0214352321	0.0101651335	-0.0263858899	0.0492883593	-0.1104545705	-0.0215550773	0.0104258979	-0.0133809717	-0.0688499816	-0.0121216682	0.0012577991	-0.0404904088	0.0338729367	0.0490022668	0.043338025	-0.0076790247	-0.0444521241	0.0740596652	-0.003599889	0.0898216476	-0.049411422	0.0168078247	0.0846783801	0.0075509243	0.0096946488	0.0416784868	0.105875398	0.0289762512	0.0664472904	0.0529134054	-0.0880677908	0.0045369003	0.0181765819	0.0583679399	-0.0028451837	0.1509554037	-0.0757723623	0.0504350534	-0.0185017041	0.0227104096	0.0122970548	0.0524830221	0.0273027382	0.0834166106	-0.0635752435	0.0357497618	0.0969317847	0.0332293348	-0.0622659902	-0.0490744157	-0.0356204027	0.0497373679	-0.1360317441	0.0585748342	0.0385303223	-0.010848354	-0.0075701296	0.0460138167	0.0187303625	-0.0892477733	-0.024850765	0.0706112533	0.0783264599	0.0045623422	0.0046442808	0.0331926862	-0.0975587298	-0.1195190389	0.0757085217	0.0045307016	-0.0191848307	0.1200357147	0.0084511659	0.0118186538	-0.0541516014	-0.0397026907	0.0097331758	0.030616119	-0.0828304153	-0.0402212473	-0.0477526291	0.0244796979	0.064556293	-0.0299806443	-0.0615992021	0.0069755157	0.0205958015	-0.0620609989	0.140006621	-0.0030767868	0.129700097	0.0187068251	-0.1311151389	0.0303745572	-0.122438095	-0.1238053751	-0.0061421162	0.140705647	0.0031835473	0.0704959515	0.0400821236	-0.0012824971	-0.0422967282	-0.0717551168	-0.0816093689	-0.0691672152	-0.0378279629	0.003018609399092	0.0243696641397263	0.000593880530283	9.112002704286566e-06	-0.0072298971145272	-2.0008007339799957e-05	5.227141228664873e-05	4.0032035770948877e-10	0.0257027073129165	-0.0178212013879034	0.0003175952189082	0.0006606291632134	-0.0009189762154885	-0.0003939728655376	8.445172846335661e-07	1.552146187799079e-07	-0.0001381557997239	-0.0002991447769043	1.9087024997350367e-08	8.948759754918324e-08	0.0003399362410026	0.0002978939783094	8.874082231301114e-08	1.1555664794697775e-07	0.0	0.0
1615.592960194356	2.2900419030218018	5.2442919175957154	2610140.613029562	2251.3383674108395	24.80362882742429	5068524.444576104	615.2200030086333	1716.930243918679	-1.5413421075993483	2.375735492658801	2947849.4624826545	1811.2409134559523	1570.4572431869417	1.233402	33.960114	0.0860467198556758	0.0410098008919647	0.0855630379	-0.0691441398	-0.0449345223	-0.0261860049	-0.0011731203	-0.0006592484	0.0315589581	-0.1018479742	0.1183734973	0.0253383978	-0.0558803512	0.1480666332	0.0519455223	0.1108719572	-0.1480354815	-0.0330196747	0.1313076675	-0.0128123655	-0.1000882788	-0.0573726962	-0.0643614488	0.0984396456	-0.0148027129	-0.0243231543	0.0061245575	-0.0540106857	0.0623609694	0.0975785228	-0.0989586613	0.0617056332	0.0048051588	-0.0011243871	-0.0760041158	0.0471402186	0.0378296799	0.024052399	-0.0202211478	0.0326842153	0.0020974194	0.0606766981	0.0218510683	-0.0385040981	-0.1170724604	0.0217399701	-0.0607682415	0.1006909762	0.0333077384	0.0931380996	0.1388039836	0.0534051427	0.0513531739	-0.0661993167	0.0565807826	0.0626338087	-0.0594576211	0.0212253762	-0.0150409383	-0.0433823188	0.0266371936	-0.0251541557	0.0440495278	0.023264357	0.0432340144	0.0497008052	0.0563101406	0.0826535257	-0.0253572382	0.0472302207	0.0435746997	-0.0300364459	-0.1000050854	0.0888408427	-0.015449829	0.0398793987	0.1061729696	0.1039489538	0.0123741733	0.0568595177	-0.1046831369	-0.0118896661	0.0274246652	-0.072141043	-0.0350902322	-0.0374786089	-0.0013963549	-0.0707337274	0.102855472	0.0474693533	0.0020248893	0.105235864	-0.008780728	0.0612074723	-0.0144232585	-0.0885817703	-0.0033837986	0.1504072658	-0.0691079166	0.0847662805	0.0315787919	0.032479337	-0.0190193975	0.159469337	-0.0947794438	0.0068594928	-0.0203119905	-0.0567484165	-0.0553595125	-0.0913214533	-0.0765868531	-0.06821533	0.094595506	0.0330235868	0.052724332	-0.0042935405	-0.0716700821	-0.1166813294	-0.0296979114	0.0373947651	0.0663573665	-0.0357440614	0.0643387817	-0.0192698013	-0.0194310702	0.0923689541	0.0532339522	0.1198664583	-0.0279374558	-0.0294407991	0.1145616975	0.0509265447	0.0084435259	0.0037992973	0.0379993521	-0.0503938516	-0.0420091405	-0.0061489398	-0.0210995965	-0.0295544467	-0.0042707234	0.0394875479	-0.0564712108	-0.0640748179	-0.0281104614	-0.0191589475	-0.0408589805	-0.0804459674	0.0682512418	-0.0173710179	0.0581432685	-0.1016351573	0.0552729098	-0.0041272594	-0.0056498944	0.0413074619	-0.0312327591	-0.0275391806	0.0133402332	-0.006090186	0.0248957468	0.0320998804	-0.0773656248	-0.0217497051	-0.0904811094	-0.1132976822	-0.0530087389	-0.0395784708	0.0270656767	0.0700607062	0.0385836084	-0.0038462256	-0.0451842308	-0.0736957799	-0.081287294	-0.0658037687	-0.0316405151	-0.003793990256085	-0.006812599655177	4.641151406171778e-05	1.4394362063267923e-05	0.0232271323945383	0.0304570295090654	0.0005394996792734	0.000927630646516	0.0440748406316373	0.0183721333187208	0.0003375352826808	0.0019425915767042	-0.000525006307726	0.0003939699077625	2.756316231520874e-07	1.5521228822239277e-07	3.5900251351250745e-05	0.0001740560510751	1.2888280470829806e-09	3.029550891587548e-08	0.0003800094296192	4.007318861660005e-05	1.6058604459016034e-09	1.4440716659950977e-07	0.0	0.0
1621.000649999892	5.407689805535938	29.24310903289731	2627643.107300072	2246.3780506630114	-4.960316747828074	5046214.346500551	24.60474223878368	1720.9673046875	4.037060768820993	16.297859651153548	2961728.4638033584	1807.988889757252	1561.6717613508995	1.125547	30.990486	0.0484710378944821	0.0226764769600612	-0.0277973526	-0.0684378012	0.0597101198	0.0479615821	0.0041159085	-0.0409457538	0.0401537762	0.0404782319	0.0643820093	0.0084759999	0.0241422894	0.0308224554	-0.0935358599	-0.1490736432	-0.0748035575	-0.0130370244	-0.0464963913	-0.1657685822	-0.0837737864	0.0875452798	-0.0005922169	0.0951365196	-0.093097483	-0.0528234378	-0.0232564121	-0.0496216491	-0.0467163093	0.0952429149	0.0538364473	0.0108125452	-0.0702249479	-0.0114988236	0.0310545511	-0.0308669193	-0.0527705312	-0.0019476308	-0.0012216828	0.0518327886	-0.0175684709	0.0604261235	-0.113408464	0.0450700738	0.0389883948	0.0670685663	-0.0188575035	0.0057029819	0.1435202324	-0.0563042657	-0.0139635154	-0.0896055791	0.0948902481	-0.0281369872	-0.0175925712	-0.02442968	0.0165434417	0.0414554941	0.0530624161	-0.0204135295	-0.0538562954	-0.0395282177	-0.0253139633	-0.0112969909	0.0205521639	-0.0534018468	0.0124163418	0.0171554911	0.0595577943	-0.0265570406	-0.0537189178	0.0768711336	-0.0265396198	-0.0611533918	-0.0306430681	-0.034328414	-0.0543599902	-0.0022847774	0.0632045096	-0.0646972869	0.010535673	0.0229370379	-0.0778722194	-0.0413497046	-0.0183538723	0.0287445582	0.0868529043	0.0312402184	0.0497221659	0.114928642	-0.018134507	-0.1150362206	-0.0553656051	0.0198297865	-0.0871222423	-0.0972839869	0.0009202165	0.0297711541	0.1056753819	0.0790554401	-0.0487517113	0.008327015	-0.1321847797	0.0648868711	-0.0527039601	-0.0482106577	0.0134369427	-0.0396278825	-0.0011544988	0.0064802831	0.0224041672	-0.041273947	-0.0387426138	-0.0385948671	-0.0713801374	0.0634453659	-0.0082395176	0.0541638677	0.0496216502	0.0488718117	0.0052737535	0.0884691984	-0.062946052	-0.0464933868	0.0582219109	-0.027623877	0.0025845512	0.0061234358	-0.1428029985	-0.0606306844	-0.0363512351	0.0010909079	0.0339870502	-0.0705891534	-0.0253006865	0.1235600932	0.0359881785	-0.0446903213	-0.0722644552	0.0592682731	0.0048012631	-0.1005726675	-0.001438657	-0.0003814027	0.0729318569	-0.0896449481	-0.0335021101	0.0539952524	-0.0043657724	-0.0276764268	0.0535413549	0.0511495296	0.1123995426	-0.0464943671	0.0433335341	-0.0553892066	-0.0086611597	-0.0508176211	0.0988804129	-0.0592883648	0.0581936407	0.0153957485	-0.0880194807	-0.1615471376	-0.0354186382	-0.0998048529	0.0193554909	0.0562338438	-0.0108109706	0.0696177779	0.0370681691	-0.0064061583	-0.0479924649	-0.0754344479	-0.0806444153	-0.0620868871	-0.0252311319	0.001062614788168	0.004856605044253	2.358661255586369e-05	1.1291501880333234e-06	0.0102450494838279	-0.0129820829107103	0.000104961038926	0.0001685344767005	0.026094798501596	-0.0179800421300413	0.000323281914998	0.0006809385088388	-0.000648031802094	-0.000123025494368	4.1994521652519723e-07	1.5135272264490806e-08	0.0001658768764758	0.0001299766251245	2.751513814936781e-08	1.6893923078767613e-08	0.0003800534663162	4.4036696999973264e-08	1.9392306826674543e-15	1.4444063725895899e-07	0.0	0.0
1617.2725744559148	-3.728075543977184	13.898547261600775	2615570.580087262	2241.453365856222	-4.924684806789628	5024113.191308185	24.2525204462246	1722.5425319602273	1.5752272727272612	2.4813409607437653	2967152.7744119507	1816.1956029789303	1582.7377219287466	1.007924	27.751871	0.0624604413379689	0.0289828143155118	0.0074490419	-0.0556058319	-0.0450805678	0.0468032831	0.0711733918	-0.0345616437	0.0419243761	-0.0202165185	-0.0246407484	0.0268583257	0.0265900866	0.0309041066	-0.0504408792	-0.1119114373	-0.010472145	-0.0574937936	0.0154325226	0.0421146327	-0.0195447837	-0.0263021906	-0.0456646485	-0.0220510414	-0.0844840308	-0.0159628751	0.0451665876	0.0223886894	-0.0448258734	-0.0410549368	-0.0029086583	-0.0304801598	-0.0450341781	0.0442583153	0.0319943423	0.0382552772	0.0422640539	-0.0245426383	0.1090770973	0.0325182491	-0.0618401332	-0.0424386063	-0.0058537271	-0.0150394496	-0.0456927764	0.0007424136	0.0811881532	0.0577518144	0.0011690868	0.0451379546	-0.0249265484	-0.0383689889	-0.081133446	-0.0196569357	-0.0572558782	0.0527286099	0.0046868355	-0.0174643371	0.0598694095	-0.0410408057	-0.0143869976	0.0241760263	-0.0412351826	0.0254044259	-0.1137938341	0.0076760632	0.022114834	-0.094155969	-0.0487095646	0.0506052167	0.0241621542	-0.0507967151	0.018747131	0.0234304917	-0.051103692	0.1601667091	-0.0427577886	0.0498978967	0.038763426	0.0113988924	0.0502880355	0.0082765081	0.0359731051	-0.0637340503	0.1008378944	-0.0478063219	0.0115483193	0.0455938912	0.045875544	0.0317768152	0.0399492276	-0.043951242	-0.1022189439	-0.053526809	-0.0303415844	-0.0315632899	0.0291766385	-0.0270612292	-0.0152022106	-0.0494372273	-0.0305951443	-0.0524200505	0.0019004971	-0.06358438	-0.0162874272	-0.0349628337	-0.013033194	0.0537864689	-0.0144778299	0.0103294183	0.036340815	-0.0331833628	0.0450568195	-0.0913758741	0.0264465438	0.0266910284	-0.0244732498	0.0112233169	-0.0261672715	0.0183817999	-0.1016525371	-0.091257166	-0.0818871512	0.0288272686	-0.007391049	-0.0557663119	0.0429291294	0.0921651168	0.0190487694	-0.0505486181	0.0599422721	0.0630323001	0.0316036713	0.0088422087	0.0220239722	-0.02120432	0.0119194449	0.0149474746	0.0887864351	0.0243861918	-0.0247227321	0.0357743051	-0.0648698349	0.0872089148	-0.0064253282	-0.0297673073	-0.0165856111	-0.0063770254	0.0064709202	-0.0070480363	0.0350716848	-0.074012563	0.1285636579	-0.0204174537	-0.0094376856	-0.0062788698	0.0410647108	0.0212671457	-0.1078112151	-0.0385824559	-0.0016482671	0.0083625646	-0.1101212418	-0.1364962977	-0.0131004124	-0.1053955438	0.0483954587	-0.0696138982	0.0424222004	0.0691672152	0.0355364705	-0.008959769	-0.0507165039	-0.0769663555	-0.0796832699	-0.058036534	-0.0186447705	0.011607645367377	0.010545030579209	0.0001111976699164	0.0001347374309747	0.0224897612630456	0.0122447117792177	0.0005057893616687	0.0001499329665561	0.0358097949523354	0.0097149964507393	9.438115603787909e-05	0.0012823414145283	-0.0009969842429828	-0.0003489524408887	9.939775807559866e-07	1.2176780600225138e-07	-8.418937366205803e-05	-0.0002500662501378	7.087850637609631e-09	6.25331294580098e-08	0.0003799581067668	-9.535954939999657e-08	9.093443661770386e-15	1.44368162897811e-07	0.0	0.0
1611.4316238984943	-5.840950557420456	34.11670341423034	2596711.8785001384	2247.363887769759	5.910521913537195	5050644.444051606	34.93426929040339	1715.663564675071	-6.87896728515625	47.32019091024995	2943501.4671535715	1805.6912704626268	1548.083772056123	1.043681	28.73641	0.0490958420870702	0.0286436078463901	0.0210287462	-0.0377776802	0.1122320805	-0.0021509121	0.0151197521	-0.0006552287	0.0806812068	0.101455272	0.07602238	-0.0399612365	0.0222063988	-0.0585794109	-0.0175121894	0.0311694436	0.0585021461	-0.034010109	0.0042803845	0.1630520574	-0.0387690901	0.0118047975	0.0194789351	-0.0740494659	0.0245211189	-0.04849132	-0.0545775411	0.0284187153	-0.0526604605	-0.0926149089	0.0452886295	-0.0286983638	0.0629526162	0.016071219	-0.0088511585	0.0412289831	0.0470773461	0.0155183963	-0.0281151302	0.0298108372	0.000134673	-0.0951748861	-0.0566115191	-0.0761263226	0.0480265654	0.029419834	0.0450612686	-0.0018663278	-0.0433017531	0.0670516961	-0.0205731133	0.0754522592	-0.0346796377	-0.0146569283	0.055060957	-0.0749982266	0.0949451921	-0.0377386079	-0.0471262459	0.1300636168	-0.0751453161	0.0106076284	-0.0938477854	0.0633903993	0.0471092273	0.1170088028	0.0329666635	0.0630395349	0.0246894144	-0.0583278399	0.0548085466	-0.0043948606	-0.043922223	-0.0731334894	-0.0732552079	-0.0165065974	-0.0289256525	-0.0374411868	-0.0368935176	0.0658778799	-0.1537111158	-0.0633499798	0.0116487958	0.074898213	0.0781533529	0.1001178124	0.0742822581	-0.0107678004	-0.0473364132	0.020246344	0.0302154939	0.0367291171	-0.0529758575	0.0042398769	0.0557132411	0.0256001989	-0.0328806707	-0.0678846503	-0.0180703738	-0.0443929671	-0.0764439549	0.0065711608	0.0025056124	-0.0873624479	0.0299689157	-0.015802807	0.0393645757	-0.1465355347	0.0247999134	0.1391141577	-0.0352843499	-0.0863125363	-0.0277827855	0.0088775305	-0.073869976	0.0992214789	0.042308941	0.0452562071	-0.0256709398	0.067159739	0.0039102517	-0.0793277207	0.1055255264	0.0507600932	0.0885177604	0.0503540811	-0.0719873376	0.0268224984	-0.0619206403	0.0246925216	0.0825960812	-0.0196834932	-0.0719578795	0.0488853468	0.1032687328	-0.0622366486	0.0087434567	0.0874055126	0.0350790251	-0.0953243947	-0.0787696818	0.0899949981	0.0107575386	0.0725825175	-0.0642979892	-0.0371863395	0.0700732595	-0.022476651	0.0343889513	-0.0002052581	0.0257226383	0.0624888458	0.077386409	-0.0596168798	-0.0340466577	-0.0738067391	-0.0370920534	0.0022496404	-0.0559291621	0.0478804574	0.0871113597	-0.018430539	-0.1051619043	-0.1127641414	-0.0209666656	-0.0319095419	-0.1062445778	-0.017644464	0.0368940674	0.0687090676	0.0339891844	-0.0115045374	-0.0533515689	-0.0782873035	-0.0784076511	-0.0536744641	-0.0119276293	0.013707189032118	0.002099543664741	4.408083600154071e-06	0.0001878870311622	0.0141261566444512	-0.0083636046185944	0.0001995483015435	6.994988221617357e-05	0.0124304817074687	-0.0233793132448666	0.0005465922878015	0.0001545168754797	-0.00077499993852	0.0002219843044627	6.006249047060037e-07	4.927703142783307e-08	-1.1472498246956064e-06	8.304212383736242e-05	1.3161821602640997e-12	6.895994331419837e-09	0.000379999289644	4.118287719997787e-08	1.6960293744684572e-15	1.443994601299446e-07	0.0	0.0
1610.841201204701	-0.5904226937932435	0.3485989573460702	2594809.375498604	2233.482662731222	-13.881225038537195	4988444.804720948	192.688408570512	1716.740030628551	1.0764659534800105	1.1587789490016276	2947196.3327625184	1809.6474420909503	1555.7717258979694	1.140664	31.4067	0.0280179733488496	0.0207507238755052	-0.0359784007	-0.0434276145	-0.0865481118	-0.0296786581	0.0921517931	0.089498031	-0.0288619666	-0.0646805725	-0.0371567191	0.0467077445	-0.0393302064	-0.0297671829	-0.1118290304	-0.0009946952	-0.0145861851	-0.0565253751	-0.0695565157	0.042850466	0.0270523943	-0.0096858985	-0.0510790976	-0.0379026224	-0.0478673093	0.0202796109	-0.0506241028	-0.0564424198	0.0325004975	0.0013998711	-0.0124140866	0.0619280328	0.0237571189	0.0551087251	0.0367671587	0.0138108619	0.0119632521	0.0604716724	0.1334008547	-0.0398327476	0.0646490546	0.0317515309	-0.0399304825	-0.0188092283	-0.0115228746	-0.0606893528	-0.008857924	-0.0711538687	0.0178281731	0.1357238322	0.0384918441	-0.0170619304	-0.0397736585	-0.1325354331	0.0289401058	0.0883827009	0.0738647381	0.0767930757	0.1271763047	0.0078948166	0.0289565948	-0.0353031126	0.16593211	-0.01184865	0.0074464933	0.0041483139	0.0302449268	0.0424840817	0.0926690219	0.0565882395	-0.0761063457	-0.0319428926	-0.0490101837	0.0759473864	-0.0205087689	0.0319344906	0.0110125366	-0.0280860117	0.0391468217	0.0268703511	-0.013155148	-0.0246872199	-0.0397745299	0.0126606878	0.0838886442	-0.0468027059	-0.042653014	0.0569560292	0.0495613313	0.0034025441	-0.0649081833	0.0273690814	-0.1253565028	0.0166958307	0.0182816057	-0.0240110561	-0.0150866324	-0.0061585437	0.0066024595	-0.1121377528	0.0042586866	-0.0415617133	0.0791165765	0.0476456817	-0.0544531244	-0.0404770104	-0.0062831139	0.0429500141	0.0134553053	-0.0020838933	0.0314536231	0.0001425796	0.1609694159	-0.1227503974	-0.0484535409	0.0781862156	-0.0127889763	0.0038079181	0.0618324549	-0.0243048335	0.0102850347	-0.037434347	0.0804481112	-0.0059597159	0.0382966232	0.0741633386	0.1110182473	0.002250479	-0.0102903753	-0.0156305232	-0.1069515138	-0.0066539319	0.0494889389	-0.0086474199	-0.0547466934	0.0713168864	-0.1083879189	0.0080156024	-0.0233285042	0.0057322032	0.0337433937	0.0145924536	-0.0505429978	0.0438540022	0.031646537	-0.0385232554	-0.0428137646	-0.0110607553	0.0174007096	-0.0125628651	-0.1047462929	-0.0339854124	0.0756079986	0.0137513682	-0.0218482065	0.0159606641	0.0909151652	0.0226517786	-0.0947251891	-0.0379984627	-0.0944147237	-0.0635856923	-0.0477519998	-0.0665052625	-0.1373669344	-0.0227933547	-0.0286198925	-0.0722929516	-0.0632928373	0.0682433853	0.0324269895	-0.0140379523	-0.0558930371	-0.0793936715	-0.0768225931	-0.0490241061	-0.0051268245	0.0135977665861304	-0.0001094224459876	1.1973271685909385e-08	0.0001848992561308	0.0075584600337066	-0.0065676966107445	5.713031808113998e-05	4.31346387707861e-05	0.0124246646752865	-5.8170321821995885e-06	3.383786340874571e-11	0.0001543722922933	-0.0007279279804658	4.7071958054199976e-05	5.29879144745018e-07	2.215769235056362e-09	-0.0003801381278218	-0.0003789908779971	1.4450499622386318e-07	1.4363408560501606e-07	0.0003793613804966	-6.379091473999966e-07	4.0692808033659057e-13	1.439150570122861e-07	0.0	0.0
1612.8981222466657	2.0569210419646424	4.23092417287691	2601440.35274682	2239.305875359095	5.82321262787309	5014490.803417762	33.90980530942062	1719.4185258345171	2.678495205966101	7.174336568383385	2956400.066982944	1808.722095896547	1571.94031278729	1.149988	31.663416	0.0483928638649128	0.021902083196754	0.0950557508	0.0037791678	0.011224487	0.0673370597	-0.0217285001	-0.0402527777	-0.0567161467	-0.06164641	0.0848254789	0.0003151732	0.0219359359	-0.0552834095	0.0049900334	-0.0894564146	-0.0085184567	-0.0151913797	0.0144071392	-0.0291979382	-0.0216752971	-0.0565142054	0.1185093669	0.0025925373	-0.001105553	-0.0352887106	-0.0146274913	0.0374344271	-0.0032603689	0.0781370711	0.0562691353	-0.1214469405	-0.0232994632	0.0818981832	-0.0618745902	0.0137428853	0.0420577225	-0.0412534298	0.0292569198	0.0181822276	-0.0321726241	-0.0714697389	0.0210211735	0.0784350155	-0.06676598	0.0749373402	-0.0595612512	-0.1500693593	-0.0900620922	-0.0092758168	0.0198590167	-0.0234544606	0.0192778016	-0.0034442143	0.0586082723	-0.0414406901	-0.0097970844	0.043678811	-0.0491091875	0.0187150211	0.07801108	-0.0363192917	0.0263799979	0.017314078	-0.0057328017	-0.0133569421	0.0524334069	-0.0343988627	-0.0074852695	0.0534765808	0.044458529	0.0355708845	-0.1483927538	0.0297830336	0.0664015366	0.0334509385	-0.0345939468	0.0329286843	0.0061295279	0.1012724814	-0.0274869691	0.1274575505	-0.0002448447	0.027007663	0.057769624	1.10923e-05	0.0348447437	-0.0794968055	0.0224191607	0.0219644136	-0.0157816184	-0.0451905556	0.0624397172	-0.0575975333	-0.0469982911	-0.1521820114	-0.1098936347	0.0065417202	-0.0239964139	-0.049925	0.0017282654	-0.0561304267	0.0501367889	-0.0508307561	0.0264935976	0.0817960528	0.006108188	-0.0674153021	0.1096323837	0.0027105259	0.0126808913	-0.0306422744	-0.0073955731	0.0242642701	0.0347585072	-0.1712235087	0.0228308428	-0.0207989057	-0.0419034132	0.0282325959	-0.060774565	0.0370930948	0.1001742566	0.1131515753	-0.0212793389	0.1041302315	0.0710444203	0.0471664856	0.0373128282	0.1663063537	0.0236911484	-0.0675844419	0.1353672236	-0.0535959096	0.0327226379	0.0158534363	-0.0283519892	-0.0191610562	-0.0141705898	0.0222296858	-0.0357621236	0.0067802678	-0.0479723861	-0.024654526	-0.0504129383	0.0307234996	-0.0196495968	0.0059415301	-9.57225e-05	0.0315696619	0.1357862314	-0.0102415042	-0.0135114377	0.0469207157	-0.0626111176	-0.0783679263	0.1402697042	0.0252188136	-0.0043809626	-0.0406691171	-0.0039869609	0.0160530691	-0.0905604678	-0.0959378382	0.0011816779	-0.1010064392	-0.0306689356	-0.042456493	0.0860161325	0.0677702193	0.0308505711	-0.0165575133	-0.05833645	-0.080282427	-0.0749343514	-0.0441104375	0.0017099414	0.0261061303973377	0.0125083638112072	0.0001564591652335	0.0006815300443227	0.0165594399989146	0.009000979965208	0.0002742150530776	8.10176403340758e-05	-0.002781914673811	-0.0152065793490975	0.0002312400555003	7.739049252364963e-06	-0.0008329523012777	-0.0001050243208119	6.938095362038164e-07	1.1030107962000902e-08	-0.0002516579700255	0.0001284801577963	6.333173387735545e-08	1.6507150947362145e-08	0.0003793957166764	3.4336179800028433e-08	1.1789732432598802e-15	1.439411098323992e-07	0.0	0.0
1616.240148661168	3.342026414502243	11.169140555230715	2612232.2181442743	2233.2692493387403	-6.036626020354561	4987491.54004202	36.44085370962174	1719.0683811257102	-0.3501447088069653	0.1226013171055145	2955196.09898617	1807.1395533978657	1547.9605006472968	1.123959	30.946754	0.1438093822456791	0.0860218728982172	-0.0723806397	0.0013401644	-0.0449776296	0.0327773807	-0.0256765021	-0.0469926126	-0.0501145369	0.052233779	-0.0755107591	0.0249188053	0.0462476876	0.0855972568	-0.0361088262	0.0012915878	-0.0098999535	0.0370403638	0.0365782498	0.0133633472	-0.0421814425	0.052617546	0.0717843715	-0.0277161953	-0.0398548625	0.0764353859	-0.0374487381	0.0142707856	-0.0556211487	0.0300980662	0.1202299241	0.0163926258	0.0019471982	-0.0470958428	-0.0383195371	-0.030480491	0.0054485073	-0.000105366	0.076209165	-0.063464397	0.0210197628	0.056601602	-0.0746326769	0.0059943803	0.1558686033	-0.0867570776	-0.0442216529	0.0427224232	-0.0817227832	-0.0006589673	0.0676095376	-0.0218618113	0.0478358977	0.0691657351	0.0250901012	0.0191482955	-0.0670300693	-0.0385008891	-0.0273664298	0.0392697799	-0.0785843581	0.0877305936	0.0902982942	-0.009920907	0.0100288024	0.0415537516	0.1079385832	-0.0890281309	0.0546247238	-0.1015638168	-0.0694720812	-0.0083257766	-0.0277092289	0.010747953	0.0531999365	0.0027784688	-0.0712082452	-0.0073736923	0.0403134753	-0.0480280977	-0.0950491814	-0.0338589589	0.036539367	-0.0222285031	-0.0787577871	0.0093048442	-0.0549644313	0.0841095935	-0.0331626207	0.0877675999	-0.0190447771	-0.0616909465	0.0876442373	-0.0153707063	0.0536023714	-0.0197392667	0.0689265782	-0.0648352358	-0.0140883423	0.0629839654	-0.0797462814	-0.0559778858	0.0274187134	0.0954695793	-0.0159113476	0.0550407274	0.0274575303	-0.1183548599	0.0437680506	-0.0077308436	0.0704690725	0.0148098278	-0.0574638674	-0.1593660761	-0.0218930953	-0.0798946672	-0.0482608251	-0.0888391642	0.1158192239	-0.0155731357	-0.0769501959	0.0662552266	-0.0883940496	-0.064083485	0.0300848723	0.0204390155	-0.0257037448	-0.0909280643	0.0255467665	-0.0415416694	-0.0135929324	0.0275246152	0.062734485	0.1683566947	0.1165501023	0.0857050962	0.0025894368	0.0414385001	-0.0364729363	-0.0029279776	0.0616020872	0.1396704647	0.0673316437	-0.0379965549	-0.0133431096	-0.0151484877	0.0376872539	0.113769708	-0.0273695795	0.006391122	-0.0279344728	-0.0085327797	-0.0115269889	0.0213129763	-0.1002542937	-0.0110841783	0.1499061486	-0.0182425843	-0.073113635	-0.0502103822	0.0136536927	-0.0528327075	-0.108945863	0.0422027496	-0.0107461374	0.0131527375	0.0064648406	-0.0191687806	0.0225624344	0.0672896215	0.0292606206	-0.0190607341	-0.0606775209	-0.0809511339	-0.0727503781	-0.0389598496	0.0085347133	0.0542221168640537	0.0281159864667159	0.0007905086949965	0.002940037957219	0.0147935236531395	-0.001765916345775	0.0002188483420759	3.118460540275678e-06	-0.075660584158264	-0.072878669484453	0.0053113004658241	0.0057245239951697	-0.0006229543329751	0.0002099979683026	3.880721009724517e-07	4.4099146691219824e-08	-0.0006280448880666	-0.0003763869180411	3.944403814265881e-07	1.4166711207247773e-07	0.0001448044040454	-0.000234591312631	5.5033083961935584e-08	2.0968315430943458e-08	0.0	0.0
1616.063310553308	-0.1768381078600214	0.0312717163915125	2611660.6237165174	2225.968567715632	-7.300681623108176	4954936.064457983	53.299952161989424	1718.128163618608	-0.9402175071022612	0.8840089606615905	2951964.38661945	1806.5029801466872	1559.5495138296424	1.033852	28.465786	0.1094442690007334	0.0602818373607645	0.0490648418	-0.0798311455	-0.0616103793	0.0301139664	-0.0586749945	0.0491426904	-0.0895006267	-0.0845810476	-0.0036267016	0.038722628	-0.0381047404	0.0343126326	0.0471482963	-0.0680667552	-0.114572841	-0.0919551404	-0.016646813	0.0215322202	-0.0350054631	-0.0226563209	0.0617257514	0.0068223037	-0.0397814941	-0.0462569119	-0.0019073031	-0.0371266978	-0.019031645	0.0175533214	0.0198536894	0.0498332066	0.0162702787	-0.0125911667	0.0672539353	0.0782172217	-0.0039610396	0.0401430861	0.0401475692	0.0620688147	0.0602434938	-0.0389123948	0.0204958389	0.0583552773	0.0028700388	-0.1201860932	-0.0044888751	-0.114874165	0.0078307035	-0.0130187877	0.0309227993	0.0242704971	0.0331959044	-0.0506224704	0.0244266078	-0.034241678	-0.0728202861	-0.0257852348	0.0613342731	-0.099614171	0.0018355407	-0.0276096713	0.0809313852	0.0274889769	0.0036932802	-0.1088878235	0.0640769518	-0.1292590493	0.0532167127	0.0121301564	-0.002591077	0.0287346068	0.0313138038	0.1273420452	0.0123137615	0.0612105054	-0.0175055569	0.0551621388	0.0822215915	0.1194453664	-0.1397802761	0.0070115891	-0.0474811293	-0.0211825456	-0.0281569003	-0.0546764268	0.0314118474	-0.0492345511	0.0522120335	0.1099372871	-0.0512642626	0.0284366798	0.0652642402	0.0218607524	-0.0161187345	-0.0648073261	0.0810952041	-0.0569091844	-0.0578613499	0.0022253668	0.0089262589	-0.0651402694	0.0757236165	-0.0317125841	-0.0493341213	-0.0472980677	0.0870669139	0.0334079675	0.0607935173	0.0288637863	-0.0178915926	0.0410573117	0.1352025461	-0.0847591125	0.0616516935	0.0368528765	-0.0489069978	-0.0766412376	0.0169827629	-0.002487025	0.0845696529	0.0666562091	0.0174051487	0.0395706384	-0.0736612067	0.0651538226	-0.0250501075	0.003566731	-0.0590483907	0.0626553984	0.0636228028	-0.0303047738	0.0461212471	0.0197636201	-0.0433907843	0.0073299153	-0.101002501	0.0017979316	0.0691410399	-0.0037247488	0.031668914	0.0217025352	-0.0032523122	0.0786409101	0.0082411646	-0.0278849004	-0.0923700847	0.0047275808	0.0666039421	0.0111773631	-0.0096149368	-0.0007848346	-0.0658048923	0.0165140319	-0.1298409057	0.0059102017	0.0975756352	-0.042429151	-0.0447861094	-0.0813700767	-0.0375387706	-0.0262720071	-0.0142825691	-0.0078404924	-0.1128064864	-0.0355719877	0.0318601597	-0.0620206245	-0.0428585289	0.0668016447	0.0276578354	-0.0215451443	-0.0629121428	-0.0813979594	-0.0702792922	-0.0336000067	0.0152996203	0.032916351361095	-0.0213057655029587	0.000453935643667	0.001083486186927	0.0190343677276985	0.0042408440745589	0.0003623071547932	1.7984758464722166e-05	-0.0266780259815533	0.0489825581767107	0.0023992910055348	0.0007117170702724	-0.0009289109785535	-0.0003059566455784	8.628756060772209e-07	9.360946897358669e-08	-0.0004701765044761	0.0001578683835905	2.210659453613641e-07	2.4922426537477252e-08	0.0003792813998066	0.0002344769957612	5.4979461541197815e-08	1.4385438023925397e-07	0.0	0.0
1615.878676400069	-0.1846341532389033	0.0340897705422468	2611063.896844439	2224.5365170876544	-1.4320506279777874	4948562.715856472	2.050769001091575	1717.880685369318	-0.2474782492899976	0.0612454838716422	2951114.0491649574	1802.597756880201	1560.5506312599694	1.099658	30.277666	0.0807986119847032	0.0443891105737253	-0.0681624634	0.0405275394	-0.0420956257	0.1363530913	0.0492773331	-0.0045850208	-0.0494065254	0.0511267263	-0.0594181675	0.111723416	0.0077022017	0.006406473	0.054550162	-0.0481234368	-0.0430255843	-0.0014325091	-0.0318097793	-0.0520914605	0.0507570059	0.032162322	0.058886824	0.0717522257	-0.0103759874	0.0130050931	-0.0161801577	0.0879486665	0.093292379	0.1027776879	-0.0004377702	-0.0907462523	-0.0135358154	-0.0446696092	-0.010227403	0.0967662386	0.0653856048	-0.0194476851	-0.0280959358	-0.0155123405	0.063079246	-0.0508045649	0.0343702414	0.1279059818	0.0731052244	-0.1650413616	0.0529951812	0.0553748128	-0.0896571647	-0.0048966587	-0.1266293299	0.0223697206	0.0078906601	-0.0821453939	0.0616741769	0.1136108022	-0.0828117325	-0.0671807326	-0.0501531419	0.0984121853	0.0445032963	-0.0360378925	0.0802571819	0.0064063752	-0.1291819987	0.0076652322	-0.1111084427	-0.0714535614	-0.0212686201	-0.0107535007	-0.0250280027	-0.0626972834	-0.0424770618	0.040080532	0.0016356848	-0.0147069754	0.1511688734	0.0174918983	-0.0220624584	-0.0377006526	-0.0064569623	0.0857107483	0.0298017733	0.0481627127	-0.073513048	0.1065349495	-0.0653093446	-0.001547602	0.0741787188	0.0120440967	0.0011767152	0.0219745873	0.1018755407	0.0304387944	-0.0580285439	-0.0954546444	0.0162772653	-0.0787936283	-0.0901392359	0.0657894309	0.0567271681	-0.1205563195	0.046354153	-0.1657664417	0.0742896703	0.0731566041	0.0526177282	0.0559614016	-0.0011146155	-0.0099338115	0.0308643407	0.0209468636	-0.0065293737	-0.0480614079	0.1008283739	-0.1501069526	0.0059460432	-0.0464443943	0.0524784017	-0.0954212913	0.0190919783	-0.0632867585	-0.0989639106	-0.1273614796	0.0627185825	0.0870404126	0.015552553	0.0208938977	-0.0380906212	-0.0482568196	0.0837230483	0.0320004783	0.0360802724	0.0225186162	-0.0119229105	-0.0537021704	-0.0443664015	0.0735264708	0.0039662255	-0.0505263547	0.1138841053	-0.065824007	-0.0629634335	0.0621591739	-0.0510924984	0.0401653123	-0.0650161447	0.0654924851	-0.11501873	-0.0358694115	0.0532365353	-0.0212277564	-0.0408525844	0.0702317458	-0.1094102971	0.0165815624	0.04003513	-0.045707819	-0.140350409	-0.0493405227	-0.0604055762	-0.0777483522	0.0210855198	-0.060307379	-0.0833473042	-0.1221359103	-0.0709175571	-0.0654918361	0.0300360838	0.0663063423	0.0260429185	-0.024008292	-0.0650363955	-0.0816216788	-0.0675308461	-0.0280596966	0.0219572114	0.0223910310460411	-0.0105253203150538	0.0001107823677344	0.0005013582713047	0.0261342345364283	0.0070998668087298	0.000682998214805	5.04081087017031e-05	-0.0423927115409128	-0.0157146855593595	0.0002469513422295	0.001797141991791	-0.0002709445479371	0.0006579664306164	7.341094805683949e-08	4.3291982381808605e-07	-0.0005750255770486	-0.0001048490725725	3.306544142600755e-07	1.0993328019313382e-08	0.0001929221169643	-0.0001863592828423	3.4729782301496385e-08	3.7218943213987054e-08	0.0	0.0
1616.926810559665	1.0481341595959748	1.0985852165119605	2614452.310706651	2244.485779082294	19.949261994639528	5037716.412502652	397.973054130769	1718.89444502397	1.0137596546521763	1.0277086374004998	2954598.113134262	1810.937585962168	1562.252579061394	1.065465	29.336193	0.0260121713160794	0.0119716771391546	0.0163677925	-0.035554027	-0.0727858438	0.0307636282	-0.060634526	-0.0146086928	0.1181946324	-0.020364077	0.0222656242	-0.0093283295	-0.0176479629	0.1532200235	0.0589494305	0.047970783	0.0514828679	-0.0212763949	-0.0947325905	-0.015293507	0.0064021386	-0.0382089841	-0.0016386187	0.0153285255	0.0086540268	0.0552536841	0.0522416641	-0.0074938715	-0.0518131858	0.0725784509	-0.0659511829	0.0686278744	0.0041988093	0.0710711567	0.0303132463	-0.1248859921	0.0702235484	-0.1142816472	0.0597284287	-0.0633454922	-0.0127462228	-0.0372151761	0.0565821907	-0.0824238974	0.020063259	0.1052420713	-0.0506213069	-0.0079519523	-0.0519232798	-0.0453232133	-0.0923459733	-0.0449466873	-0.030863357	0.0485023111	0.0433710794	-0.0372539542	-0.082990737	-0.0339761602	0.0014445934	-0.0078985125	-0.0177578796	-0.0415623216	-0.0211594844	-0.0304370946	0.0109967923	-0.0506617266	-0.0365284775	-0.0161852133	-0.0766769508	0.0505972734	-0.0067832408	-0.0032603872	0.0307872292	0.032828568	-0.0550707047	0.0947826172	-0.0669584298	-0.0189739126	-0.0127901913	0.0634000468	0.0159388038	-0.0432330963	-0.0052003772	0.0150539261	0.059232731	-0.0584871288	-0.0483601019	-0.0386863365	0.0075404888	0.0783839083	0.0907614581	0.0027615685	-0.0187891671	0.0011094873	0.0916901363	-0.0458626247	-0.0237701285	-0.0395906588	-0.0093201703	0.101876746	0.0026470604	0.0864570905	-0.0461798846	0.0129404729	-0.017564099	0.0584255244	-0.006381351	-0.0366078829	0.0013799991	-0.136569975	-0.0117768129	0.0525150301	0.0653427649	-0.0446303235	0.0835201458	-0.0976219198	0.0918895706	0.0659024499	-0.0380688822	0.0600422025	-0.1332306176	-0.0683597522	-0.0002857677	-0.0267281121	-0.0353058507	-0.0010498894	0.0192173037	-0.0797917586	0.087584862	0.0644985022	-0.0803185273	-0.0273562457	0.0108353431	-0.0653789931	0.0630569506	-0.0409405453	0.0404661286	-0.0408461529	-0.0665012035	-0.063156281	0.0303291756	0.061953504	-0.0749784057	-0.0788056105	-0.0253232817	0.006037811	0.0254648408	0.0356292607	0.0752937065	0.0334484414	0.0241401906	-0.0835684852	-0.0386730419	0.0554152627	-0.1012907825	-0.031177265	-0.0176534875	-0.0740388801	-0.1392316581	-0.0712406627	0.027420617	-0.0001709651	-0.0446604967	0.023457725	0.0693524621	-0.0476361709	0.0322620914	-0.0314033699	0.0523669816	0.0658037687	0.0244165784	-0.0264477464	-0.0670465522	-0.0816216788	-0.0645158866	-0.0223686765	0.0284607885	0.0253765385114803	0.0029855074654391	8.913254826193193e-06	0.0006439687068246	0.0317339541082049	0.0055997195717765	0.0010070438433416	3.135685928253788e-05	-0.0402181878164142	0.0021745237244985	4.728553428407253e-06	0.0016175026312363	-0.0003809753291417	-0.0001100307812045	1.4514220141462666e-07	1.2106772812494552e-08	-0.0004700195859019	0.0001050059911467	2.2091841113139358e-07	1.1026258176700852e-08	0.0001029104782283	-9.001163873600001e-05	8.102095107940177e-09	1.0590566529177408e-08	0.0	0.0
1620.7452842631983	3.8184737035333	14.580741424575317	2626815.2764613954	2253.450442737528	8.96466365523429	5078038.897873961	80.36519445147862	1718.972402787642	0.077957763671975	0.0060774129167355	2954866.12154552	1809.74042324394	1556.403126461602	1.04592	28.798052	0.1301751451540385	0.0683247562066337	-0.0186743854	-0.0534222222	0.0590628517	0.1103762103	-0.0174612673	0.023442144	0.0224553238	0.0860780232	0.1042922681	-0.0360638849	-0.0426333304	-0.0326371818	-0.0492701882	-0.0012946453	-0.0656330565	0.0183355145	-0.0354237489	-0.0089377794	0.0045175612	0.0560182521	-0.0932044102	0.0453807468	-0.067251173	-0.0910586553	-0.0423275287	-0.0300738682	0.0277593752	-0.0367193525	-0.0399597672	0.0780608724	-0.0029398107	0.0166935523	0.0606133057	-0.1033393023	-0.086095753	-0.0232020805	-0.0188430012	-0.0452654896	-0.0026790897	-0.099549309	0.0771763115	0.033843451	0.0753936205	0.0466614733	-0.0290034032	-0.0336968983	0.0212873928	-0.0435828454	0.0578678613	0.01526125	-0.1197661479	0.0972958945	-0.0266663855	0.0236531139	0.0688051812	0.0464551775	-0.0791126241	0.0774452408	-0.001947029	-0.016523821	-0.0587379265	0.0037124289	-0.0458892303	-0.0165637825	0.0214913483	0.0158572869	-0.0763080878	-0.0183310684	-0.0268069778	-0.0469631417	-0.0532133399	-0.0101358076	-0.0407497149	-0.0786714253	-0.0813499482	0.0801026951	0.0414095347	0.0114797298	-0.0452460895	0.0778408938	0.0332634636	-0.1276139843	0.0320560897	0.0730567611	0.1123171175	0.0216318131	-0.0237121653	0.0451025255	0.0004747566	-0.0160218679	-0.1292845161	0.0318823541	-0.0633875133	0.0555477459	0.0893636417	-0.0251523099	0.1273080686	0.0702272875	0.003737268	0.0083354351	0.025455027	-0.0439205165	-0.0939142173	-0.0419161902	0.0148270216	0.0047457574	-0.08895076	-0.0120219012	-0.0257768902	-0.0321200524	-0.0131764193	0.0709436423	0.0386791732	0.0415017529	0.0250507523	0.0348933938	-0.0096443991	-0.0459100751	-0.0612693405	-0.0685987382	0.0068954888	0.0330019172	0.0184434116	-0.0169128782	-0.016960365	-0.0079665308	0.0243830617	0.0430834043	0.0990298022	0.0205008774	0.1208807326	-0.0177249807	0.1164093568	-0.0246157844	0.0192378808	-0.0531776423	0.0153828115	0.0633025086	-0.0171108286	-0.0344230911	-0.0227733741	0.0173909888	0.0860624939	-0.053300239	-0.0479093922	0.0538032238	-0.0093329412	-0.0401894686	0.035902119	0.0606017014	-0.0042297548	-0.0501467965	-0.0011579978	-0.0465418042	0.0131689347	-0.0746774405	-0.1289923833	-0.1314120312	-0.0008277268	0.0646050258	0.0390860309	-0.0693656608	0.0036671962	-0.0786631268	0.0378281149	-0.0251313028	-0.0220651325	0.0652939789	0.0227795284	-0.0288611001	-0.0689390864	-0.0813979594	-0.0612463124	-0.0165575133	0.0347647336	0.0393875513183843	0.0140110128069039	0.0001963084798752	0.0015513791988583	0.0101778391569382	-0.0215561149512667	0.0001035884099045	0.0004646660917922	0.0029559861580636	0.0431741739744778	0.0018640092983784	8.737854166663601e-06	-0.0010329294109275	-0.0006519540817858	1.0669431679590322e-06	4.250441247571657e-07	-0.0003696957270706	0.0001003238588313	1.3667493061425954e-07	1.0064876650802612e-08	0.000379309406039	0.0002763989278107	7.639636729490455e-08	1.4387562550965898e-07	0.0	0.0
1618.569468793609	-2.1758154695892244	4.734172957703778	2619767.1253108256	2246.928032708275	-6.522410029253024	5048685.58417028	42.541832589700434	1722.194188787287	3.221785999644908	10.379905027507938	2965952.8238927014	1815.4666312904824	1576.3699661739288	1.045933	28.798405	0.1036522940048213	0.0691183822951044	-0.0070152066	-0.0265011582	-0.0909383905	0.0531494195	0.0330473892	-0.04861643	0.0835675647	-0.0607472423	-0.0197122119	0.0181607736	-0.0129365948	-0.0128776768	-0.0458569434	0.0301268296	0.0730897953	-0.068541719	0.1005312009	0.0233396688	0.0505293834	0.0440034734	-0.0887197346	-0.0427037312	-0.0159304753	0.0379723961	0.1301138593	0.0452428096	-0.0411393538	-0.0324057059	0.0242090049	-0.0854412958	0.0025365848	0.015458595	0.0030340622	-0.0244168294	0.0316611918	0.0150053275	0.0040896393	-0.0882831795	-0.0208774808	-0.0059354854	0.055877106	0.0054402526	0.028313124	-0.000145246	0.0760356752	-0.0377070102	0.0131234073	-0.0140084625	-0.0005985071	0.0125419505	0.0501111608	0.0424415036	-0.0128797212	0.0517092186	0.0572507085	0.0639177737	-0.068019925	0.0145495472	0.0706169379	-0.0798146945	-0.1577196338	-0.0535409805	-0.0333423894	-0.103417169	-0.0859770308	-0.0951100164	-0.0397257767	-0.0847767814	0.0050626561	0.0408683757	0.0517121847	0.0338815938	-0.0481919154	0.0657401639	-0.011491777	-0.0131742529	-0.0646489375	-0.0445607784	-0.0385260844	0.0537358555	0.0477625885	0.0266063082	0.0219055075	-0.051187889	-0.0419514447	0.0163493971	0.024994234	-0.0439996163	0.0887951614	-0.0194087167	-0.0548123054	-0.0686073422	0.0001330556	0.0322416239	-0.0404765635	-0.0469352213	-0.0050739825	-0.0334364528	-0.0394966118	-0.0949174675	0.0481063655	0.0121641323	-0.0042889397	-0.0161656943	0.0037563725	-0.0080739706	-0.0578247888	0.0632339879	0.063124768	0.0623560221	-0.0284453857	0.0735460478	0.0610277207	-0.0930059196	-0.0329757132	0.0237468158	-0.0129302353	-0.0073199969	-0.0428097336	0.0382829171	-0.024824782	-0.0142259138	0.0900197128	-0.0580266619	-0.0819922748	0.0293780294	0.0385820723	-0.0428550014	0.0733083862	-0.0013993299	0.1114568178	-0.0059166302	-0.078647776	0.0557498386	0.1268866799	-0.0477960932	0.044787167	-0.0685085992	-0.0109051903	-0.0616654811	-0.0031101813	-0.0474522629	0.0361913327	0.0126651606	0.0295592978	0.0537676409	0.0030755484	0.0233778181	0.0170749901	-0.1052835301	-0.0188921846	0.0027776931	-0.0283878038	-0.0708765519	0.0071107365	0.0303414247	-0.157913793	-0.0459294479	-0.0129470976	-0.0469933057	-0.069446163	-0.1218762564	0.1280736949	-0.0026465396	0.0208611593	-0.0064413398	0.006582006	0.064777029	0.0211324865	-0.0312459714	-0.0707106781	-0.0809511339	-0.0577350269	-0.010657419	0.040824829	0.0406974179219048	0.0013098666035205	1.7157505190183418e-06	0.0016562798255101	0.0390368412835044	0.0288590021265662	0.0015238749773935	0.0008328420037411	-0.007106796860306	-0.0100627830183696	0.0001012596020747	5.0506561613655226e-05	0.0001400517559679	0.0011729811668954	1.961449434969221e-08	1.3758848178912943e-06	-0.0002749733917066	9.472233536399996e-05	7.561036614663128e-08	8.972320816810077e-09	0.0003800187489069	7.093428679000291e-07	5.031673042406383e-13	1.4441424952076553e-07	0.0	0.0
1617.1258667677375	-1.4436020258715416	2.083986809100419	2615096.0689693065	2250.0610543152675	3.133021606992316	5062774.748146333	9.81582438988071	1719.660654629794	-2.5335341574930226	6.418795327183879	2957232.7670817715	1808.846495573424	1547.523886358054	1.056139	29.079428	0.1555060036133603	0.0829643326806093	0.0330170996	-0.0743372937	0.0834540613	0.0188445966	-0.0550201999	0.0130142934	0.0357345403	0.040953147	0.0761267237	-0.0262822652	-0.0318988019	-0.0041534218	-0.0102652273	-0.0321091864	0.0080798359	0.1091072056	0.0562089009	0.0015758025	-0.052509868	0.0551125907	-0.0288834111	0.0196626624	0.0290158094	-0.0975736326	0.0215219571	-0.0447799606	-0.1560832431	0.0302517267	-0.0344706933	0.0606826435	0.0541863785	-0.0561668246	-0.0280175662	0.0160561214	-0.0067608427	0.1439259468	0.0206070931	0.0023441167	0.1660430197	-0.0041791531	-0.0160448205	-0.0212218353	0.0106486705	0.033540435	-0.0616391824	-0.0062146728	0.0364292078	-0.0197864161	-0.0370718749	0.0644882528	0.0857411257	0.0776668152	0.0251994176	0.0707851433	0.076750827	-0.0353486596	0.0080120711	0.0031520547	-0.0797854769	0.094827874	-0.080710354	0.0260507761	-0.0397903443	-0.0645490549	0.0052308021	0.1229340466	0.0776859788	-0.0266620705	0.0863363039	-0.1139914535	0.0195596448	-0.0139021295	0.0435970981	0.0090236093	0.0146904619	0.0798530673	0.0666465903	-0.0937410782	0.112786593	-0.1108544272	0.0965833538	-0.0897289669	-0.0740714064	0.0362901729	0.0875500099	-0.0470689348	-0.0240622907	0.0514010458	-0.0029231157	0.0030960108	-0.0082644308	0.0781804824	-0.0157507082	0.0971360848	-0.07442831	0.004576683	0.0212504161	-0.0889554565	-0.1073699991	-0.0346211889	-0.0483379334	0.0511842154	-0.0852966817	-0.0410635091	0.1197741784	0.0785458587	-0.0489725365	0.0015715833	-0.0185378505	0.0204358376	0.0042762658	0.0561421374	0.0103652193	0.1064741743	0.1157308726	-0.0286154284	-0.0537644568	-0.0215748937	0.0618040474	0.0687785322	-0.0447890585	-0.1027230823	-0.0152776165	-0.0379226463	0.0077841418	0.0267268224	-0.0666425217	-0.0275699148	-0.0397580024	0.0639067748	-0.0919414649	0.020825321	0.0261002314	-0.0077041817	0.0067103936	0.1557835246	0.0037735523	0.0330347346	-0.0859659079	-0.0744909475	0.0096029815	-0.0366839505	0.0029352783	-0.0339685548	0.0325733892	-0.0426624815	0.0633286023	-0.052000086	0.0224258046	0.0629272684	-0.0131403003	-0.0711847759	-0.0095883921	-0.0633934682	-0.0191586144	0.0675104465	-0.0649237013	-0.0181459769	-0.0043111415	-0.0325308831	0.0009552267	0.0141852218	0.054064757	-0.0420973536	-0.0788571751	0.0996198542	0.0085107329	0.0642529755	0.0194761753	-0.0336000067	-0.0723582192	-0.080282427	-0.0539958877	-0.0047000831	0.0465985677	0.0329725159495382	-0.0077249019723666	5.967411048267344e-05	0.0010871868080425	0.0099340071320028	-0.0291028341515016	9.868449769868248e-05	0.0008469749556498	0.038512411207833	0.0456192080681389	0.0020811121447641	0.0014832058170412	-0.0008670064640115	-0.0010070582199794	7.517002086377245e-07	1.0141662584280775e-06	-0.0002509779570856	2.3995434621000014e-05	6.298993494286127e-08	5.75780882650686e-10	-5.010878491976231e-05	-0.0004301275338266	1.8500969535580658e-07	2.5108903261349992e-09	0.0	0.0
1613.5703875933475	-3.5554791743900296	12.641432159521209	2603609.3957181456	2229.3646880692963	-20.69636624597115	4970066.912410311	428.3395757873739	1716.067851784446	-3.592802845347933	12.9082322855402	2944888.8719280832	1806.476176405088	1559.1201833927587	1.124091	30.950382	0.0678279926575976	0.033170664339739	-0.0604955271	-0.0293267124	-0.0669262454	-0.0050106595	0.1121072914	0.0196349197	-0.0475722556	-0.0277516948	-0.0601393613	0.0626280338	-0.0439065808	-0.0906226062	0.0193164345	-0.0008429117	0.0320714173	-0.0144947088	0.0429781474	0.0039635608	0.0172202615	0.02643409	-0.0570475893	-0.0187700058	0.0011991953	0.0538072653	0.0351710795	0.00548207	0.1051859441	-0.0784802051	-0.0525046529	-0.0267077391	0.0002637996	0.105908065	-0.069324744	-0.0005693243	-0.0638744978	0.0413214342	0.0129266152	-0.0298458378	0.0367478324	-0.0140048226	-0.060605554	0.0214888846	-0.1195247722	-0.0892352448	0.0214532862	0.0378619695	0.0979411773	0.030769022	0.0822043725	-0.0297769341	0.0124079545	-0.0441438314	0.0109580508	0.0928319262	0.0421019573	0.0662161434	-0.0256236157	0.0032250289	0.1110684152	-0.0147103915	0.0726642092	0.0671282341	-0.0118776744	-0.0100972927	0.0165133939	-0.0571836912	-0.0165545631	-0.0542021897	0.007359209	-0.0513359911	-0.0138378273	-0.0538032505	0.055637454	-0.0198371351	-0.0888953631	-0.0109912815	-0.1072370654	0.0359509931	-0.0100754718	0.026656283	-0.0416258934	0.0062612708	0.0037687077	0.0179454632	-0.0612119098	0.0031266511	0.1001940707	-0.0915881562	-0.0144561317	0.0375055769	-0.067919065	0.0340896493	-0.0382250245	0.1372432075	-0.0415516308	0.0241518461	0.0829429412	-0.0336979144	0.0944260442	-0.1274415061	0.0090002772	-0.024854357	-0.0244778047	-0.005503392	0.0500200166	0.0946454823	-0.0020310242	0.0244338321	0.1137764408	-0.0250364037	0.0436373613	-0.0570594659	-0.0107634069	-0.0395366504	-0.0355729463	-0.1035195328	0.0646901664	-0.0025282142	0.0357576488	-0.0586244861	0.0332647587	0.046225959	0.0646826858	-0.0436289915	0.0033807878	0.053564068	-0.0209294617	0.0037411605	-0.0103557142	0.0095347954	-0.0144957336	-0.0376154307	-0.0490662267	0.0994926349	0.0570815962	-0.0401032868	0.0280510976	0.0231605225	0.015627175	0.0349023543	-0.0235325102	0.0333445902	0.0021284304	-0.0312155178	-0.0325782755	-0.0394758185	-0.0664902779	-0.0539041607	-0.0568578655	-0.0720047511	0.0487890283	-0.0723294602	-0.0021462877	-0.0496312543	-0.0384841929	0.0754649477	-0.029123054	-0.00319028	-0.0609608623	0.0027655102	0.0803274293	-0.0461071494	0.0170835062	-0.1020458245	0.0519151864	-0.0291292793	-0.0816074151	0.0637218759	0.0178113211	-0.0359208828	-0.0738788195	-0.0793936715	-0.0500436514	0.0012824971	0.0520454508	0.0163140255609732	-0.0166584903885649	0.0002775053020259	0.000266147430004	-0.0073854412679423	-0.0173194483999451	5.454474272222517e-05	0.0002999632928783	0.0505529758185474	0.0120405646107144	0.0001449751961447	0.0025556033641106	-0.0008669494870691	5.6976942400038463e-08	7.516014131293756e-07	3.2463719652573008e-15	-0.0003161387990187	-6.516084193309999e-05	9.994374024498598e-08	4.245935321430441e-09	0.0003208631813722	0.0003709719662919	1.376201997745248e-07	1.029531811602893e-07	0.0	0.0
1612.0909388846244	-1.4794487087231118	2.188768481742483	2598837.19523391	2242.793784103052	13.42909603375574	5030123.958011288	180.34062028383417	1713.6478060635654	-2.42004572088058	5.856621291152407	2936588.8032264714	1806.6040392363263	1566.434653024825	1.103771	30.390902	0.0728094795404461	0.0397551284137472	0.1000176333	-0.0171589331	0.0421289308	0.0113780177	-0.0121834203	-0.0103466709	-0.0412827063	0.0233256985	0.0419802898	-0.0395586153	0.0132479255	-0.0656092684	0.0961271912	-0.0335875851	0.1105261872	0.014599037	-0.017156974	-0.0536887787	-0.0050543586	0.0227992601	0.0420215257	0.0407838422	0.0575104357	-0.0532992242	-0.025139724	-0.0864820872	0.043879035	0.02378226	-0.0055165691	-0.0563314508	0.0651943641	0.0795739771	-0.0289460651	-0.048601248	0.0464341396	-0.0691096707	-0.0263842765	0.0097440985	0.0540049699	-0.0809739958	-0.1389773567	-0.0783950975	-0.0658757869	0.0084294016	-0.0545558982	0.0478253875	0.0441763007	-0.0900856843	-0.135349316	-0.0375876758	0.0330124674	-0.0720979497	-0.0003239233	0.0015494253	-0.0886593064	0.0418238432	-0.0147347867	-0.0855066882	-0.0521329962	-0.0320616774	0.0602458169	-0.0287250902	0.0647682605	-0.0548563431	0.0616973349	-0.025792372	-0.0056823068	0.0125827112	0.041404804	0.154782713	0.0002398029	-0.0853868915	0.0239236676	0.0173203526	-0.0351793525	0.0716302406	-0.0492309339	0.0586979366	0.1460983607	0.1114306658	0.0737375335	0.0381079029	0.0680892373	0.0419866759	0.0451469454	-0.096517004	-0.0020310866	-0.0399825261	-0.040059263	-0.0567057048	0.0460338336	0.022030448	0.0643645744	-0.0239018845	-0.062693593	-0.0222000827	0.064206906	-0.0127479604	0.0780329598	0.0242951052	-0.0560237189	-0.0723424111	0.0268666457	0.0316274051	0.0441242599	0.0131198445	0.0468885692	0.0675821002	0.0475217462	-0.079713682	0.0357741616	0.0495583437	-0.0878582684	-0.0012054424	0.041357367	-0.0062136431	0.1130830183	0.081880528	-0.0316093949	-0.058392972	0.0460201428	-0.0445131235	-0.0748086692	-0.0436199386	0.0148451498	-0.0070478684	-0.0174790133	0.0008521898	-0.0046558415	-0.0369926339	-0.0683054628	-0.1270734144	-0.1180692588	-0.0117753764	-0.0267085857	-0.0826884874	0.0190253704	-0.0626594847	-0.1251392374	-0.0650461893	-0.0338771768	-0.1053103366	-0.0056979901	0.0129038544	0.0019663781	-0.0694218122	0.0378578437	-0.0142602019	0.1036590026	0.0096671976	-0.0393773627	-0.0262304567	-0.0168319264	-0.0612299009	0.0249742094	0.0865258062	-0.0045145605	0.0155439436	-0.0410986092	0.0176381423	0.064249264	0.0800806727	0.0401713789	0.0245776504	-0.0697136069	-0.0396017276	0.0110237032	0.0631837885	0.0161386543	-0.0382063093	-0.0752698111	-0.0782873035	-0.0458939156	0.0072581889	0.0571272725	0.0162518804078786	-6.214515309460253e-05	3.862020053151586e-09	0.0002641236167919	0.0105801104396476	0.0179655517075899	0.0001119387369151	0.000322761048158	0.0178827536924472	-0.0326702221261002	0.0010673434137687	0.0003197928796247	-0.0008670168855989	-6.739852979995195e-08	7.517182799136159e-07	4.542561819195009e-15	9.484735358022968e-05	0.0004109861525989	8.996020481173108e-09	1.689096176280707e-07	0.0003520408413167	3.11776599445e-05	9.720464796148796e-10	1.2393275395496994e-07	0.0	0.0
1611.7838182254409	-0.3071206591835107	0.0943230992973141	2597847.076693381	2239.0733795850265	-3.720404518025589	5013449.599166312	13.841409777745216	1717.7990836958452	4.151277632279744	17.233105980266114	2950833.6919462853	1805.05223030184	1521.4497296213376	1.22488	33.725471	0.0918167892676546	0.0412853635585883	-0.1118043083	0.0555337037	-0.0128731215	-0.0030732467	-0.0203484416	-0.0318031614	-0.0422615687	0.0080144963	-0.0446356254	0.0365263741	0.0413620098	0.053620458	-0.0373284112	0.074316296	-0.002182178	0.135989969	-0.0129615385	-0.1765360104	0.000487265	0.030162856	-0.0866859628	-0.1228684739	0.0061290894	0.1171473676	0.0027810531	0.0551535772	0.0505244056	-0.0236547258	0.0340239192	-0.0283925447	0.0786034906	-0.0286504914	-0.0237448254	0.0009849199	-0.0173885389	-0.0870995168	-0.084448285	-0.046837314	0.0196508418	0.0006023617	0.0432524331	0.0788169932	-0.0865710507	-0.0271055136	0.0328456943	-0.0132859032	-0.0366030831	-0.0061611435	0.1055635993	-0.0135703488	0.0210935714	-0.0237926674	-0.0046483597	0.0186799559	-0.0277019022	0.0467355092	-0.006428762	0.0575879191	-0.0333302862	0.0808486008	-0.0244516745	0.1017873587	-0.0814652596	-0.0644822128	-0.0177828844	-0.009897342	0.1043198896	0.0815788162	-0.1022339343	0.014906131	0.0372176648	-0.063658097	0.0442012185	0.0188315893	-0.1028700024	0.0029432262	-0.1070391185	-0.0787243158	-0.1133534285	0.0698625913	0.0091235784	-0.0227914175	-0.0677338929	0.02935307	-0.1033497529	0.0379892866	-0.0162076898	0.0089174673	0.0143782323	-0.0128205007	0.0486876379	-0.0836758501	-0.0217502504	0.0623352397	-0.0274796209	0.0042067197	0.0731390136	0.0382324446	0.0606180696	-0.0698601095	-0.0091795964	-0.0105423135	-0.0179947925	-0.066859924	0.0456286267	-0.0704446439	0.1324017061	0.0434940176	0.0180010008	-0.0691397904	-0.0081246692	0.0849075671	0.1379733161	0.0110069423	-0.0432990928	-0.0268840427	-0.030772625	-0.1126056768	0.0899460285	0.0399194552	-0.0125475499	0.0027958062	0.0416719842	-0.0766470843	0.0491190075	-0.0807803526	-0.0488662245	0.0259473151	-0.0477420416	-0.0243906927	0.0896204146	0.0480793903	0.0474547095	0.0354603947	0.0879957763	0.1080248601	0.0846338677	0.0290212657	0.0145082728	0.0443877592	-0.0076230095	-0.0156947885	0.0480416834	0.0142226526	0.0580746632	0.0421915251	-0.1044625836	-0.0587773298	-0.0211328731	-0.0311019963	0.0013927402	-0.0141564137	-0.0467198148	-0.0135259089	0.0399872853	-0.0011573139	0.0187607666	0.0032228291	0.0372209216	0.0746169482	0.0012824507	0.0590335466	0.0619923834	0.0258954532	0.0509908429	0.0459592925	-0.0142470462	0.0626387723	0.0144589085	-0.0404540309	-0.076528754	-0.0769663555	-0.0415630576	0.0131948967	0.0618083875	0.0261678171676607	0.0099159367597821	9.832580182399798e-05	0.0006847546553201	0.0187782566038094	0.0081981461641617	0.0003526229210785	6.720960052896081e-05	0.0278307877076358	0.0099480340151885	9.896338076734938e-05	0.0007745527444274	-0.0004879850785476	0.0003790318070512	2.381294368851073e-07	1.436651107565739e-07	0.0005890119093658	0.0004941645557855	3.4693502937474535e-07	2.4419860819475004e-07	-4.985624241687277e-05	-0.0004018970837335	1.6152126591355038e-07	2.4856449079299833e-09	0.0	0.0
1614.1302112927772	2.346393067336294	5.505560426443822	2605416.3390080654	2250.3571925141887	11.283812929162195	5064107.493900341	127.32443422032792	1718.3891572709515	0.5900735751063166	0.3481868240387499	2952861.295826371	1811.4680082413024	1549.7822434561592	1.154467	31.786755	0.0589568108989248	0.0402731007565688	0.0700811047	-0.0655018973	-0.0194659871	-0.0308778551	-0.123390373	-0.0407917647	-0.0185873159	-0.0078861492	0.0495623	-0.0504606447	-0.0495942024	0.0983377057	0.0241429546	-0.0001053399	-0.0036400153	0.0773163865	-0.0316203271	-0.0832212841	0.0146178538	0.0299291852	0.024719071	-0.0739633679	0.0016203874	-0.0806499979	0.0993298246	-0.0009615255	0.0086098375	0.0378736402	-0.0398931891	0.008607915	0.0059643678	-0.0749694109	-0.0748610902	-0.0252656811	0.0883463181	-0.0818796827	0.0289978507	0.0262314641	-0.0201119288	-0.0049896214	-0.0102972238	0.0735438697	-0.0297611836	0.0787272818	-0.0047563656	-0.0221227903	-0.088341787	0.0532120702	-0.0395057024	-0.0105250907	-0.0080884104	0.0129268844	-0.000588589	-0.0034155641	0.0410966402	-0.0459292602	-0.0933732793	0.0385308918	-0.069733196	0.0174476337	0.0601430294	-0.0077450531	0.0460751885	-0.0618156585	0.0485722287	-0.0002665934	0.0062878012	0.0020846991	-0.0365493424	0.0773656496	-0.1310161829	0.0821817242	0.1268248531	0.0188525608	-0.0407095966	-0.0873416212	0.0053832951	-0.0784538017	0.0045085856	0.0195575887	-0.1284543311	0.0118166306	-0.0747795215	-0.0549771107	0.0615495367	-0.052360714	0.0156217216	0.0479231337	0.0728142036	0.0778988807	0.0648597718	-0.0257303638	0.056883674	0.0037531448	-0.0212471263	0.0366427822	0.0122496082	-0.0185485643	0.0386563456	-0.0261295761	-0.0337185826	0.03464496	-0.0019845589	0.0061755949	-0.067189224	-0.0338767388	0.0824263811	-0.0437397563	0.0774606625	-0.0292053869	0.0103303823	-0.0230783504	-0.0223182394	-0.0563670603	0.0957317399	-0.0284396896	-0.0098355217	-0.0200249617	0.0089545162	0.08949938	-0.0550988055	-0.0463361312	0.0263521287	0.0177040152	0.0348351415	0.0428677425	0.0144686877	0.0943004723	-0.0212243698	-0.0445582732	0.0335063166	0.0733776016	0.0382924989	-0.0916343063	0.0612992146	0.0084059466	-0.0441981735	-0.0649049347	-0.0454556919	-0.033740496	0.0677294746	0.0271099516	0.0036070264	-0.0134399784	0.0508728853	-0.0767278667	0.1348001817	-0.0360945154	0.0583222981	-0.0428443693	0.0070997334	0.0301115105	-0.09011559	0.0517013352	0.0078098253	0.0003344393	-0.0016613115	-0.0097136276	-0.063723134	0.031262229	0.0908062786	0.0408172471	0.0777262276	0.119939569	-0.0114785902	-0.1073465385	-0.0173491315	0.0620868871	0.0127728206	-0.0426618292	-0.0776534394	-0.0754344479	-0.0370681691	0.0190607341	0.066055961	0.0276298187991983	0.0014620016315376	2.137448770618607e-06	0.0007634068868765	0.0201647836952787	0.0013865270914693	0.0004066185014773	1.9224573753783246e-06	0.0441989114332201	0.0163681237255843	0.000267915474296	0.0019535437718816	-0.0011320297413	-0.0006440446627524	1.281491335187745e-06	4.147935276198527e-07	0.0005889430383019	-6.887106389992429e-08	3.468539023642733e-07	4.743223442707453e-15	0.0001008333927735	0.0001506896351903	2.2707366153807628e-08	1.0167373098214924e-08	0.0	0.0
1615.2214733236865	1.09126203090932	1.1908528201043336	2608940.4078859403	2249.160804098497	-1.196388415691672	5058724.322692998	1.4313452412012289	1720.3578593306108	1.968702059659336	3.8757877997069103	2959631.164160602	1808.050222596771	1513.289300846384	1.18341	32.583649	0.0570188347818979	0.0320520904102852	-0.1156226371	-0.0211174426	0.0878363255	0.0290871504	-0.0758580672	0.0402014167	0.0120550317	0.0770811236	0.0824835422	-0.002343589	0.026129184	-0.0145777937	-0.0314921661	0.0973985955	-0.0763930478	0.0221050636	-0.0479625652	0.0367616967	0.049231775	0.0118717654	-0.0878383753	-0.1195249414	-0.0322155013	-0.0413923747	-0.071612394	0.1065780982	-0.0971311976	-0.0560271418	0.0334246743	0.0810840905	-0.0470821392	-0.1051358155	0.0673922548	-0.0508009817	-0.0662326954	-0.0122531452	0.018738458	-0.0481266105	-0.0844837086	0.0186525624	-0.0162018966	-0.0297853346	0.11145077	-0.0151103443	-0.0053729458	-0.0479999572	0.055523281	0.1242078411	-0.0060438562	-0.0570539916	0.0174217767	-0.0814944803	-0.0052547278	0.0778979156	-0.0239536345	0.0403186396	0.0479660798	-0.070368202	0.0336201657	0.0349536988	-0.1266758821	-0.0778355251	-0.0599674301	-0.0409499085	0.0809064014	-0.0842203105	0.0469112114	-0.0770574065	-0.0429044797	0.0482917436	0.0083139399	0.0157165021	0.0482979559	0.0370997124	0.1224096146	-0.0338350614	0.0274796977	-0.0948303694	-0.0584148213	0.0182803161	0.0083511857	0.0201744055	-0.0157213655	0.0711145803	0.035291076	0.0330357096	-0.0502420409	0.0855486619	0.0187851913	0.0737329107	-0.1185402123	-0.0423763122	-0.0215690092	0.0419857394	0.0806899935	0.0213506336	0.0660880422	0.0374391822	-0.1458236532	-0.0121300532	0.0653185236	0.0082369059	-0.1238009072	-0.0265178686	0.0217983361	-0.0908633271	-0.0025680223	0.0778151458	0.0077523565	0.0327030797	-0.0660543047	-0.0750299675	-0.0331787877	0.0406820981	-0.0039556747	0.0590773314	-0.0155953565	-0.0362382084	0.0581784472	0.0242364144	-0.1364512671	-0.0405572163	0.026037655	-0.0641647613	0.0241080392	-0.0027254017	0.0240701863	-0.0031540242	-0.0486577162	-0.1470543749	0.1001250892	-0.0143003306	-0.032266506	0.0577576182	0.0085075567	-0.0266856239	-0.0434907618	0.0585489565	0.0425196199	-0.0489572538	0.0409197024	-0.084943901	-0.0806880334	-0.034742973	0.047537051	0.0345202486	-0.0125984171	-0.0881236478	-0.0476299879	0.1047332916	0.0344427268	-0.0067162459	-0.0768775185	-0.0396368288	-0.0404135882	-0.0736293244	-0.0295060537	-0.0300395049	-0.0112990774	0.0301939272	0.0986745033	0.0106584844	0.0411440041	0.0814736571	0.0332120617	0.05424675	-0.1136833222	0.0615281933	0.0110811301	-0.0448275254	-0.0786418943	-0.0736957799	-0.0324269895	0.0248241955	0.0698401994	0.0162353353163808	-0.0113944834828175	0.0001298342538402	0.0002635861128353	0.0131962531411602	-0.0069685305541185	0.0001741410969655	4.856041808368312e-05	0.0189642203047881	-0.0252346911284319	0.0006367896363473	0.0003596416517685	-0.0011320313677881	-1.626488100019835e-09	1.2814950176561966e-06	2.645463539506133e-18	0.0003849065974499	-0.000204036440852	1.4815308876045937e-07	4.1630869195551716e-08	0.000165217917764	6.438452499049999e-05	4.145367058252318e-09	2.7296960350271867e-08	0.0	0.0
1617.1254140485048	1.9039407248183124	3.6249902836216807	2615094.6047615483	2238.595947265625	-10.56485683287201	5011311.815114081	111.6161998990824	1717.994580300071	-2.363279030539843	5.58508777618934	2951505.3779404173	1812.7086874986169	1585.316247901637	1.322083	36.401848	0.0499345257047975	0.024756388829645	0.0356187683	-0.0720031189	-0.0837493998	0.0140168662	0.0751363724	0.0844595493	0.0088829863	-0.0214403155	-0.0552772096	0.0161728698	-0.1167051857	0.0014143694	0.0054408703	0.0106580475	0.0194495797	0.0194957077	-0.0700945249	0.0072633991	0.1026132341	0.0064098697	-0.0120259385	-0.0812969159	-0.0484276869	0.0416254533	-0.0038995562	-0.0327726712	-0.0253444031	-0.0204042967	-0.1265835814	-0.0650416009	-0.0316764926	0.0914513952	-0.0145365846	0.022991381	-0.0374031244	-0.1005661386	0.0018996209	-0.0212015697	0.0483227535	0.0112040391	-0.1350425391	0.0766295103	0.0040125259	-0.0873985814	-0.0638136728	0.0158659629	0.0384260377	0.0499296353	0.0444168213	0.0010958905	0.0743182594	0.0776432582	-0.0178498012	0.0061163196	0.0991402158	-0.0420786824	-0.048064076	0.0612927542	-0.0430478511	0.0391782024	0.0058794244	-0.0437218129	-0.032234037	-0.0362463639	-0.1344904593	-0.1011576653	-0.0525169401	0.0165014055	0.0805431444	-0.0161671567	0.0914537608	0.0070485823	-0.0152101298	-0.0187742056	0.0207737155	0.0374128531	0.0161750973	-0.0271624395	-0.0412549567	-0.08899473	-0.1294783989	-0.0695400599	0.0049432368	-0.0399447396	7.2596e-06	0.0644278097	0.0444626532	-0.0401466685	-0.0196769901	0.0261470158	-0.0218414256	0.0435647731	0.0034731563	0.0359036136	-0.0272470627	-0.0439893568	-0.0340258255	-0.0742232795	0.0695039511	0.0322364588	0.0365050003	0.0359923314	-0.060053536	0.0691990801	0.0115914987	-0.0091671373	0.0303434239	-0.0941012162	0.1784938994	-0.1242182363	-0.0643609969	-0.0280117954	0.0538804486	0.0071544924	0.0260172279	-0.0266798935	-0.0120541448	-0.0137112259	-0.0107642735	0.0795016824	-0.0390763745	-0.0240270049	-0.067249952	-0.0160418556	-0.005263621	0.0269334073	0.0457116592	-0.0062854011	-0.0209320537	-0.0025603655	-0.0182492302	-0.0523446561	0.0324657187	0.0160182764	0.0409182991	-0.0260519294	0.0797770715	0.0147029367	-0.0413869169	0.0054563275	-0.0641192743	0.0876872427	0.0888606554	-0.0345193696	-0.0677716394	-0.0181433353	0.0631689649	-0.0079320527	-0.0627490135	-0.0719718608	0.0307398913	0.0140855054	0.0112767943	-0.0782218456	0.0527131754	0.013619619	-0.0612551989	0.0287707916	-0.035354861	-0.0703444282	0.103832207	0.0370995919	-0.0536528244	0.1339770415	0.0199352355	-0.100441707	0.0269783037	0.0609627523	0.009384579	-0.0469489822	-0.0794923845	-0.0717551168	-0.0276578354	0.0304543249	0.073134559	0.0335657437040168	0.0173304083876359	0.0003003430548822	0.0011266591504037	0.0264666857471524	0.0132704326059922	0.0007004854544385	0.0001761043815501	0.019026409629923	6.218932513489886e-05	3.8675121607341635e-09	0.0003620042634056	-0.001312017230069	-0.0001799858622809	1.7213892119979311e-06	3.2394910620999106e-08	0.0004929561251445	0.0001080495276946	2.4300574131748e-07	1.1674700435026137e-08	6.782340001881013e-05	-9.739451774518988e-05	9.485692086818104e-09	4.600013590111534e-09	0.0	0.0
1615.6207250217738	-1.5046890267310573	2.2640890671648566	2610230.3271198818	2248.3810838092068	9.785136543581755	5055217.498031063	95.74889717653912	1720.2725426136365	2.2779623135654674	5.189112302024537	2959337.620870386	1813.1627197841967	1564.4188566149664	1.034389	28.480556	0.08436082527458	0.043682270844452	0.0160753643	-0.0242722894	0.0401422837	0.0375004842	0.0099530135	-0.0228980104	-0.0734262658	0.0002226411	0.0376685047	-0.0395090352	-0.0777497543	-0.0365209351	0.0758593314	-0.0185998004	0.0600267133	0.0576196725	0.0071843488	0.0045614549	0.0401974081	0.0233821114	0.0258219474	0.0397255511	-0.006307672	-0.0424098075	0.0371119074	-0.0325698979	-0.0011808375	0.0254736675	0.1218501182	0.0396567473	-0.0253806484	0.029826366	0.0648697266	-0.0521947112	0.0335220057	-0.0251722811	-0.027605699	0.118699585	-0.0251605488	-0.0255090631	-0.1123993447	-0.0030812604	-0.0203830904	-0.0006615722	-0.0540346749	0.0657904719	-0.0560177261	-0.0160002777	-0.0418701886	-0.0298639255	-0.0203619498	0.0531067589	0.0011351201	-0.0352514589	-0.0775428194	-0.0340340743	0.0659988187	0.0137312378	-0.0402278928	0.0819180025	-0.0248126492	0.0137627982	0.0173206558	0.0293021931	-0.0914511868	-0.0136137026	0.0215182268	-0.0020302077	0.0226658119	-0.0465747797	-0.0687936101	-0.0084653215	0.0717259719	-0.0617677303	-0.0326023751	0.0298674591	-0.0193684373	0.093091546	0.1247329701	0.0088817958	0.0509028731	0.0345538597	-0.0839808163	0.0071843958	0.0621263205	-0.0292119639	0.0398353215	-0.0628733869	0.0080648465	-0.0669132952	0.0422574307	0.014423907	-0.0209293822	0.0311973324	-0.0254248125	0.0736718897	-0.0105885923	-0.0663223665	-0.0837828321	0.068111307	-0.1153836337	-0.1031367076	0.0342140374	-0.0272181783	0.0218576617	-0.0228924964	0.0814167595	-0.079576391	-0.0211304778	-0.0258812433	-0.0587665317	0.015019096	-0.0750582052	-0.0320349962	0.0127907391	0.0924253542	0.0418244927	0.0591703754	0.0846600926	0.0380013972	-0.0151941087	-0.0333702576	-0.0669428862	-0.0422754761	-0.0209424188	0.0220416013	0.0158458316	0.0510139725	0.0133614285	0.0482129967	0.0131037917	-0.0219525478	0.0237894869	0.0111600158	-0.0407106058	0.0391020221	0.0465117713	-0.0803518179	0.0084853707	0.0654404667	-0.0453700482	-0.09562184	0.048455729	-0.0325626975	-0.0016434516	-0.0536755394	0.0055377888	-0.0839518866	0.0473301503	0.043587717	0.0586155757	0.0001677956	-0.0086704742	0.0003434646	0.0435887704	0.0676184226	0.0455765615	0.0664580634	-0.0118959616	0.0055946443	0.1047335664	0.0981278861	0.0484701481	-0.0064234142	-0.0012607952	0.017907934	0.0032701946	0.060390626	0.0076839116	-0.0490241061	-0.0802034182	-0.0696177779	-0.0227795284	0.0359208828	0.0759159322	0.0163917000110842	-0.0171740436929325	0.0002949477767667	0.0002686878292533	0.0089216478899061	-0.0175450378572463	7.959580107146596e-05	0.0003078283534122	0.0516707666163611	0.0326443569864381	0.001065654043058	0.0026698681227224	-0.0014389860036811	-0.0001269687736121	2.070680718790103e-06	1.6121069472560712e-08	0.0005890354887561	9.607936361159992e-05	3.469628070141376e-07	9.23124411201003e-09	-4.90761975167497e-05	-0.0001168995975355	1.3665515903975866e-08	2.4084731627030303e-09	0.0	0.0
1618.176529026833	2.5558040050591444	6.532134112276363	2618495.2790933284	2249.154894636351	0.7738108271441888	5058697.740066655	0.5987831962055736	1719.768867409446	-0.5036752041903583	0.2536887113161991	2957604.957310769	1816.208905876527	1590.93168927287	1.079044	29.710081	0.1379292304151252	0.0661182294652081	0.0003779463	-0.1050259451	0.0447399913	0.0169649601	0.0852621754	-0.1118441621	-0.0375038087	0.0923041784	-0.0860495609	-0.0145016518	-0.113141396	0.0741718674	-0.0421000779	-0.0053678472	0.0947163437	-0.0213422266	0.0682031209	0.1160950773	-0.0765579323	-0.0694068069	0.0981386356	0.0417649806	-0.1220003555	0.0187917096	-0.0947453057	-0.0484285289	0.0230063017	-0.0590652922	-0.0059339112	0.0006819123	-0.0308054698	-0.0418342841	0.026130992	-0.0398536356	0.019428299	0.0964550899	-0.0459085317	0.1699081744	0.001096351	-0.0022246826	0.0831184524	-0.0136798628	0.1122079401	0.0711748246	0.002356768	-0.0453763	-0.0985865986	-0.0062947627	0.0776332538	-0.0068560707	-0.1018112629	-0.0715881601	-0.0312622881	0.0116618157	-0.0313423807	0.0262360581	0.0053317632	-0.0516840094	-0.0194503364	0.0355510616	-0.0971416851	0.0079512791	0.0055121576	-0.0117205322	-0.0279811552	0.0770584858	0.015326428	0.0611463483	0.0378481488	-0.0860650396	0.0103641151	-0.1255061141	-0.004318528	-0.0457832529	0.0125986232	-0.0124862844	-0.0028711928	0.0980098557	0.0151108292	-0.0312040741	-0.1046440117	0.0763531604	0.0303047133	0.0211536186	0.0742393799	0.1677930475	0.0154056999	-0.0396886569	0.0018762365	-0.048329336	0.1144011055	0.1656501705	0.1055900109	-0.0441454944	0.0326192538	0.0763441171	-0.0639810775	-0.0685955179	-0.016906524	0.1184782819	-0.0060916058	0.0291825837	-0.1497976464	-0.0700817524	-0.0052651762	-0.0182874047	-0.1075701546	0.0595797853	-0.1126449972	0.045635772	-0.025631773	0.0141781942	-0.0152007409	-0.0285690673	-0.0483466846	0.0303501116	-0.009858183	0.0035047917	-0.0182860254	-0.0666785977	0.0078290268	0.1423921711	0.0967767504	0.0070096171	-0.0301879839	0.0046726834	0.0527784327	0.1055777211	-0.0358948838	0.0059864447	-0.0017908686	-0.0571268914	-0.0356515403	-0.0319182702	-0.0350555657	0.1106912218	-0.1029356242	0.0433986165	-0.0411710991	0.02916369	0.0525495222	-0.0432232156	-0.0641417809	-0.1638182472	-0.0285417624	0.0129617577	0.0119041328	-0.0253839325	0.0632831452	-0.0012584054	0.159359518	-0.0785727499	0.0578050667	0.0960602077	0.0467406316	-0.0924504065	0.1223729842	0.0007010316	0.0640528876	0.0026401942	0.0546253631	0.0405436153	0.1418848355	0.0340610837	-0.0600247857	-0.1160444675	0.0357737755	0.0598118772	0.0059798738	-0.0510508491	-0.0807737477	-0.0672896215	-0.0178113211	0.041194508	0.0781648097	0.0554587092579197	0.0390670092468354	0.0015262312114923	0.0030756684325544	0.0001417450651359	-0.0087799028247702	2.009166349038053e-08	7.708669361240772e-05	0.0947772079810178	0.0431064413646566	0.0018581652871245	0.0089827191526771	-0.0013129986267953	0.0001259873768858	1.7239653939663435e-06	1.5872819134564628e-08	-0.0001500169891961	-0.0007390524779522	2.2505097047462783e-08	5.46198565167287e-07	2.5401487222506246e-05	7.447768473925595e-05	5.546925524119999e-09	6.452355531151481e-10	0.0	0.0
1615.9779590226278	-2.1985700042050667	4.833710063390267	2611384.7640469377	2240.8419424835342	-8.312952152816706	5021372.611193379	69.10517349501991	1719.311289506392	-0.4575779030540161	0.2093775373633105	2956031.3102241326	1815.6181222773364	1554.5378956084433	1.071828	29.511387	0.1107512019722077	0.0561459993001726	-0.0098434064	-0.058717833	-0.0107890988	-0.0266550562	0.0219100695	-0.0854763906	-0.0745658651	-0.0302977583	0.011074538	-0.0822624762	-0.0675017217	-0.0772431868	0.0274999168	-0.0853836686	-0.043846737	-0.1011009473	0.096681032	-0.0639619708	-0.050656082	0.0433648154	-0.0588629917	-0.045615242	-0.0367649765	-0.0620784968	0.053312816	-0.0194926875	0.040324031	0.0192041565	0.0558892916	-0.0626807856	-0.0691185919	0.0040865814	0.0374770699	0.0295906883	-0.030019074	0.121064054	0.0631801312	0.0158426345	-0.1617497259	-0.0130109426	0.0018857255	-0.0098029191	-0.0360389532	0.0735498183	-0.0346478258	0.0166322745	0.0721671501	-0.0744388332	0.0481893945	-0.1639884429	-0.0385938634	0.0420317221	0.0704970712	-0.0376301337	-0.0048731097	0.0045868461	-0.0087348146	0.0146029134	0.1042483583	0.0344531708	-0.0628114912	-0.0865374767	0.0826347431	-0.0269669018	0.015453207	-0.090974831	-0.0459491212	-0.035402141	0.1577836265	-0.0143850153	0.0067818404	0.0857905548	0.0722016453	-0.0334700009	0.0441680862	-0.0328488176	-0.0720699906	0.0825989882	0.0732240186	-0.0582870698	-0.0198151361	0.0512144502	-0.0152797601	-0.0225601558	0.0978036974	0.016156727	0.0261239764	-0.0624361722	-0.0238496776	-0.0085452756	0.0018620066	0.0193244932	-0.0223771323	-0.0550406564	-0.0065756898	0.0687626651	-0.0054338498	0.0497108153	-0.0753318819	-0.1278663196	0.0008167254	0.0490040984	-0.0196264733	-0.067056012	-0.1363747452	0.0745275779	-0.1691778632	-0.0168324725	0.0844035088	-0.0245247232	-0.0157150713	-0.0900581451	-0.1043061011	-0.0172597919	0.0027177719	0.093137893	-0.0742108721	0.0693744869	-0.0481152037	0.0289346786	-0.1231850249	0.1300182974	-0.0232182396	0.0806445649	-0.0092134159	0.053294477	-0.0909401582	0.0984516462	-0.016065207	-0.0641921693	-0.0716813772	-0.0891042081	-0.0780190589	0.0236605662	0.1478146264	0.0733897114	0.1304627988	0.0133432171	0.0295158523	0.0278807507	-0.016755185	0.0676571341	0.0125215297	-0.0683384554	0.0218519069	-0.0038724414	-0.0032626004	0.0194921653	0.0044424604	0.0052257919	0.1030139624	-0.0772022967	-0.0196936051	0.1028061853	0.0679059661	0.0055882871	-0.0235022605	0.013761579	0.0670379486	0.0900101769	0.0694378855	-0.1441781919	0.0298933105	0.0924818288	-0.1100055591	0.0420287804	-0.0034647228	0.0592265694	0.0042732129	-0.0530272111	-0.0812023727	-0.064777029	-0.0127728206	0.0462468756	0.0798654172	0.0636566603636481	0.0081979511057284	6.72064023319135e-05	0.0040521704086528	0.0390421201592801	0.0389003750941442	0.0015242871465316	0.0015132391824651	0.0696953190222942	-0.0250818889587235	0.0006291011537377	0.0048574374936193	-0.0008129989922357	0.0004999996345596	6.609673613762638e-07	2.499996345597336e-07	4.602029838340904e-05	0.0001960372875795	2.1178678632980008e-09	3.8430618121531135e-08	-4.998132691061641e-05	-7.538281413312266e-05	5.682568666628917e-09	2.498133039745908e-09	0.0	0.0
1610.0422008111184	-5.935758211509437	35.23322554550172	2592235.8883927097	2229.0660663142867	-11.775876169247567	4968735.527993848	138.67125955345276	1716.2584693492545	-3.052820157137603	9.31971091182566	2945543.133613046	1808.411391304168	1555.7726876860863	1.075341	29.608114	0.0856402577824006	0.0449998024893717	0.0158851877	-0.0286444995	-0.0046694024	-0.0518843169	0.0849147926	0.0677601235	0.0584565013	-0.055856227	-0.0600844178	0.0550984769	0.0033021706	-0.0501707499	-0.035008056	-0.0002024879	-0.0214485893	-0.0999101257	-0.0230457169	-0.0546118179	-0.0358136824	0.0501405095	-0.0316186678	0.0617807309	-0.0108539853	-0.0064437407	-0.0076612346	-0.035694626	0.0168196788	-0.0474243642	-0.0213419428	0.0192829549	0.0016266748	-0.0122263119	0.0757157615	0.0230146221	-0.0166637837	0.0475358303	0.0464195501	-0.0792688139	-0.0120807355	-0.0830630654	-0.0366113402	0.0123067154	-0.0780257426	-0.0604961498	-0.0372175638	0.1478645929	-0.0215562606	0.0644432979	0.0153260875	0.0189000407	0.0276250537	0.0457223941	0.0540608122	0.0823635884	-0.0431491387	-0.0108168084	-0.0341657475	0.0408166375	-0.0178502206	0.0389520361	-0.0524295816	-0.0019624924	-0.0020942912	0.0205063156	-0.1019935415	0.0231155868	0.1481896559	0.0061146929	-0.1287779358	0.0464480755	0.0655846612	0.0171890065	-0.0868536897	-0.0090939938	-0.0644969303	0.0372719207	-0.0680736314	-0.0027799553	-0.0128755546	0.0350524724	-0.0770275032	-0.0063462164	-0.0630016314	-0.0411796139	-0.0349390304	0.0345213979	0.0499585662	-0.0046930557	-0.0513754244	0.063298923	-0.0924133704	-0.0279583327	-0.018207544	-0.0016578449	0.0026978055	0.0135820227	-0.0655292106	-0.0186036583	-0.0153175253	-0.0065757841	-0.0462274439	-0.0191451211	0.0104455956	-0.0271363192	0.006497481	0.0333444521	0.0587869907	0.0293528846	0.088662707	-0.0456396919	0.0052558925	-0.0251391087	-0.0688559651	-0.0337148771	-0.0487583558	-0.0058212515	0.0015470845	-0.0716314636	0.0255090776	0.0159873694	-0.0126946929	-0.0121732447	-0.0237755385	-0.0040091198	-0.0441442213	-0.0295546543	-0.047527841	-0.0345559782	0.0242324798	0.1148822274	-0.1101944431	-0.057314721	0.0756673086	0.0437107575	-0.0667778512	0.0816577739	0.1306604274	-0.0508909037	0.0015032514	0.0916226228	0.0242850372	-0.0893420225	-0.0945006752	-0.0249015943	-0.03908822	-0.069190546	-0.0007141699	0.0267792901	-0.0383301443	-0.0126059926	0.0663606465	-0.0330924074	0.0188056568	-0.0083609758	-0.0047272301	-0.0096670109	-0.0426752327	0.044320363	0.0012128944	-0.0513826457	0.0327735974	-0.0903258176	0.0336698937	0.0153136515	-0.0058084214	0.0299914856	-0.0088604638	0.0586347667	0.0025646777	-0.0549512416	-0.0814885411	-0.0620868871	-0.0076839116	0.0510508491	0.0810058262	0.0327624089237303	-0.0308942514399178	0.0009544547720328	0.0010733754384857	0.0345154504623508	-0.0045266696969293	0.0011913163206189	2.049073854509803e-05	0.078807896350419	0.0091125773281248	8.303906556105415e-05	0.0062106845271783	-0.0006699305445842	0.0001430684476514	4.488069345668828e-07	2.0468580713409984e-08	0.0002856639431307	0.0002396436447472	8.160388840497983e-08	5.74290764677658e-08	-0.0004894044208604	-0.0004394230939497	1.9309265549640028e-07	2.395166871577035e-07	0.0	0.0
1609.1185250315602	-0.9236757795581524	0.8531769457423607	2589262.427599744	2241.115719919248	12.04965360496135	5022599.670069169	145.19415199955804	1714.777411443537	-1.4810579057175346	2.193532520088409	2940461.5707969973	1807.057259794673	1555.4232499165705	0.972187	26.767914	0.0839201599401419	0.0426644218799823	0.0432150025	0.0294005697	0.0672117261	-0.0241388708	0.0388070294	-0.0496712825	0.0545515478	0.0683339839	0.0237809997	-0.0390122596	0.0558480663	-0.0882887728	0.0146194648	0.0245681922	0.0127248073	-0.0610223923	0.0062961148	0.0394545944	-0.0399945059	0.0249410032	0.0281664073	-0.0170359399	0.0557219403	0.0063623715	-0.0453958918	0.0223895008	-0.0201957648	-0.0628920623	-0.0540545459	-0.0535883458	-0.0164430785	-0.0816299008	0.0485603686	-0.0884629413	-0.1265393648	-0.0239391443	-0.0650664023	-0.0281579721	0.034558782	-0.0044048661	-0.0807883231	0.0696766967	0.046102357	0.1113721761	0.0377521903	0.0709308203	-0.0547443598	0.0648983168	-0.0019937516	0.0554535166	0.0884706388	-0.0248969721	-0.0265894141	0.0206772986	0.148926252	0.0512447002	0.0344442003	-0.0343526139	-0.0487085237	-0.0291479458	-0.0383689867	-0.0801139221	0.013088589	-0.0371505757	0.0719162854	0.0889734525	0.0806410149	-0.0192092827	-0.0244738939	0.0786709401	0.0124215864	0.0466582935	0.0256079121	0.0064646867	0.0694031149	0.0169485135	0.0435557286	0.0466794869	-0.0164298106	0.0083510407	0.0792845588	0.0278071115	-0.0150089105	0.0730060311	0.0291161786	-0.0089338982	-0.0743768863	-0.0551533739	-0.0138588491	0.0452749245	-0.0249484308	0.0259030229	0.088487841	-0.008421475	-0.0054979444	-0.0677837647	0.0799842846	0.0926798552	0.0099953415	0.0151159179	-0.015392773	0.0070015155	0.0010453647	-0.0248333642	-0.0670567946	-0.0550370307	0.0105741854	0.032439821	0.0813759205	-0.0200484792	-0.1115707641	-0.0085209999	-0.0267334441	-0.0163618951	0.0256842401	0.0172514343	-0.0701362965	0.1036848279	0.0448924996	-0.008069274	-0.0082929395	-0.0896405158	-0.0047299062	0.0720190408	0.0279678457	-0.0643998824	0.1129845538	0.0005363961	0.0653189046	-0.0134486977	-0.0332661414	-0.023227178	0.0523797817	0.0783901298	-0.0256870818	0.0195307839	0.0131725922	0.0298523767	-0.0945016038	-0.2067166073	0.0698671467	-0.0537245772	-0.0359194279	-0.0031204354	0.0665754274	-0.0245743146	0.0102695601	0.0268076874	0.0322967184	0.0481071582	0.0522158215	0.0015002095	0.0167423975	-0.0126030398	-0.0220674417	0.0171643147	-0.0208367222	0.0233784815	0.0399476357	0.0419586217	0.0357604028	-0.0032751098	0.0664608441	0.1200991219	-0.1480722998	0.0772025595	0.0770331571	0.058036534	0.0008550176	-0.0568210419	-0.081631751	-0.0592265694	-0.0025646777	0.0555806262	0.0815780375	0.0233578495698481	-0.0094045593538822	8.84457366406932e-05	0.0005455891365276	0.0183655041885941	-0.0161499462737567	0.0003372917441012	0.0002608207646452	0.044095015796266	-0.034712880554153	0.0012049840763668	0.0019443704180729	-0.0004713630737244	0.0001985674708598	2.2218314727091415e-07	3.9429040483657535e-08	0.0005601156541548	0.0002744517110241	3.137295460292595e-07	7.53237416840561e-08	-0.0004893681275773	3.629328309997897e-08	1.317202398175219e-15	2.3948116428851256e-07	0.0	0.0
1607.5700886830095	-1.548436348550695	2.3976551255130083	2584281.590028299	2229.452459908387	-11.663260010860997	4970458.270991558	136.0316340809492	1714.4075623668325	-0.3698490767044404	0.136788339539127	2939193.2899005846	1805.6729723648489	1529.443437536703	1.043324	28.726566	0.0936330385413116	0.0500560957687144	-0.0244668436	-0.022477506	-0.0034874039	-0.112956717	0.0509663851	0.1159490401	0.0701781125	-0.0713243438	-0.0388337903	0.0259457479	0.0194103228	-0.0551131694	-0.0613951746	0.031604161	-0.0542999603	0.0234538299	-0.0660176176	-0.0261419104	0.0354774537	0.0400597308	-0.0391872338	-0.0419214958	0.0005879508	0.0144059231	-0.0518830917	-0.0811788086	0.0653462054	-0.0351449874	-0.0335017877	0.0296190817	-0.0547393507	0.0211157271	-0.0245567798	-0.0053955969	0.0272791401	-0.1300969478	-0.0242040296	-0.0306268122	-0.0070072119	-0.0212163506	0.1441395175	-0.0050876192	-0.1805995648	-0.0012172831	-0.07102959	0.0094590869	0.0129863674	-0.01118193	0.0251598974	0.0314027001	-0.0473417391	0.0145114402	-0.0747206674	-0.0430729525	0.0284715752	-0.0485928323	0.1189835684	-0.0300384152	-0.168920199	-0.0691358246	-0.0029304633	0.0136911396	0.1131534671	0.0758721814	0.0389699341	0.0116577301	0.0084717907	-0.0200175103	0.0076956791	-0.0487030259	-0.0797447567	-0.0964423895	0.0429012798	-0.0323455113	0.1036242555	0.0195392049	-0.0572443694	-0.0129139655	0.0062866402	0.0520817415	0.0265661846	-0.0668472249	-0.0555231437	-0.0502140752	-0.0363162344	0.0187378431	-0.0067254949	0.0226100104	-0.0951828211	0.0937090704	-0.0881536754	-0.0036775592	-0.0163536006	-0.0300149862	0.0374798214	0.035161227	0.0898403245	0.0004300731	0.0189144228	0.0390826701	-0.1331954193	-0.0518054734	0.0827607013	-0.0183162805	-0.0251161395	0.0234197464	0.0540108639	-0.146616082	-0.0106739773	-0.0896651794	0.1070680383	0.1541719793	-0.0182086205	0.0120037319	-0.0429274005	0.0859828457	0.0784036992	-0.0777713229	-0.015171093	-0.0101937749	-0.011175742	-0.0456743143	-0.0336246047	-0.0355619836	0.0056102858	0.0254542638	0.0065810294	0.0087182661	-0.0457459142	0.0024404756	0.0546725916	0.0647898995	0.0436537299	-0.115707052	0.031077005	-0.0304452763	-0.0221115734	0.1241938903	-0.0392585128	-0.0643443963	0.1470708862	0.063111489	-0.1104424649	-0.0278043315	-0.0087335232	-0.0727259555	0.0365838063	0.0202305352	-0.1250904097	0.0068800431	0.0568403236	-0.0116070716	-0.0086418568	0.0055170763	-0.0843802516	-0.039516393	-0.0372955355	0.0251000443	-0.0170984908	-0.0748428263	-0.0163757911	0.0369362825	-0.0466279129	0.0486837452	-0.0578534794	0.0580284803	0.0083454571	0.057431937	-0.0008550176	-0.0586347667	-0.081631751	-0.0562039158	0.0025646777	0.0598118772	0.0815780375	0.022257325425997	-0.001100524143851	1.211153391199196e-06	0.0004953885351187	-0.0018764465954888	-0.0202419507840829	3.521051825721508e-06	0.0004097365715452	0.0819601323968086	0.0378651166005426	0.0014337670551726	0.0067174633025023	-0.00084993894969	-0.0003785758759656	7.223962182001403e-07	1.4331969386312137e-07	0.0002502079437298	-0.000309907710425	6.260401510549476e-08	9.604278898086568e-08	-0.0004893934814434	-2.535386610001081e-08	6.428185262172776e-16	2.395059796792915e-07	0.0	0.0
1608.109859782165	0.5397710991553595	0.2913528394833849	2586017.3211286142	2245.059181110741	15.606721202354038	5040290.726689631	243.56974668800703	1715.5739177911933	1.166355424360745	1.3603849759357336	2943193.867405424	1810.8160019137028	1541.4950100219876	1.060866	29.20957	0.0390173451041391	0.0252409738024686	0.0401819815	0.0256489607	0.1022812142	0.0114914026	0.0342300712	0.0196666613	0.033245482	-0.0275864643	0.0822905167	0.0147336632	0.0079183837	-0.0737181716	-0.0005156148	0.0084033158	0.002250394	0.0319555291	-0.0638500021	-0.0545105534	-0.0297771069	-0.0074716474	-0.0256388413	0.0118021651	0.0480373222	-0.0588548916	-0.0337762504	0.0091341986	0.0313662636	-0.0269403759	-0.0265972374	-0.0577522579	-0.0162776166	0.0228676929	0.0085897842	-0.04217118	0.0276386817	-0.0134872748	0.0117008763	-0.0214066241	0.0874736639	0.0534250188	0.1339054751	0.0278299429	-0.0200234195	0.072168494	-0.0391114926	0.0422393767	0.0082085361	0.0441888373	-0.1146033308	0.0342678496	0.0369778227	-0.0832317759	-0.0056123974	-0.0806046799	-0.0273761539	0.0176992868	0.0053954673	0.0613397529	-0.0037695838	-0.0527141766	0.0982309658	0.0090457716	0.0884300516	-0.0383395355	0.0284154812	0.1054517347	0.0111241913	-0.0468965492	0.0118058269	-0.0489997995	0.0559728398	-0.0589988044	-0.0404407999	0.095368061	0.0498419651	0.0171881979	-0.0448191229	-0.0469654373	-0.0626220318	-0.0377789221	0.0859378655	-0.07138661	0.0055072571	0.0240794579	0.0413154677	-0.0532541994	-0.0114748305	-0.043240656	-0.0163133618	0.015865199	-0.0894843327	-0.1139878513	-0.0302307233	-0.0591976932	-0.0153698613	0.090609803	0.0128050857	-0.0227107137	0.0665246943	0.0324963474	0.0396451444	-0.0381550925	0.0949141455	-0.0790525058	0.0531548784	-0.0097309756	-0.0730256532	0.0415834358	-0.0972625672	0.0209101138	0.0051705387	0.1058861573	0.0052216684	0.0470869363	0.0024249463	0.0605015626	0.0224670102	-0.0432747478	-0.0662683928	0.0711225587	-0.0292795775	-0.076394917	0.0158462541	0.0258656477	0.0552228025	-0.0923987545	0.080735863	-0.0001070516	-0.1078360162	0.058312904	0.0064968807	-0.0998516299	0.0419784764	0.0459443976	-0.0885430537	-0.0708755586	-0.0692845108	-0.0430970342	-0.0688301968	0.0213098835	-0.0706465609	-0.0472379497	-0.0233325746	-0.001484453	-0.0196191961	-0.0383727108	-0.0276317416	0.0010988773	0.079941822	0.0710268673	0.0362340466	0.0293376542	0.0663847598	-0.048804105	-0.01011019	-0.0262834157	0.0349679386	-0.0532304666	0.0350223888	0.0861134967	0.000687562	0.09169389	0.0102818033	0.0325436506	-0.0017430004	0.060499627	0.0780561626	0.0568210419	-0.0025646777	-0.060390626	-0.0814885411	-0.0530272111	0.0076839116	0.0637218759	0.0810058262	0.0212886629600745	-0.0009686624659225	9.383069728870596e-07	0.0004532071706276	-0.0072874556467894	-0.0054110090513006	5.310700980392271e-05	2.9279018953257016e-05	0.0628709174999926	-0.019089214896816	0.0003643981253768	0.0039527522672908	-0.0006009335922773	0.0002490053574127	3.6112118232730025e-07	6.200366802022646e-08	0.0002716467445189	2.1438800789099995e-05	7.379195380771651e-08	4.5962217927471455e-10	-0.0004899184970436	-5.250156001999776e-07	2.756413804533428e-13	2.4002013374545983e-07	0.0	0.0
1616.3282612680352	8.218401485870345	67.54212298295589	2612517.04817375	2250.544992489665	5.485811378924154	5064952.763220307	30.09412648513373	1720.2362966086648	4.662378817471563	21.737776237607527	2959212.9161698944	1814.4186028470624	1553.2643591632773	1.096127	30.180437	0.1091433768205519	0.0521242697493093	-0.0417573162	-0.0055158566	-0.0225218374	-0.0093612378	0.0261876458	-0.0524159386	-0.029165457	0.078598875	-0.0182130527	-0.027261864	-0.0286232725	0.0378744443	-0.1329912422	0.0119721718	-0.0538413637	0.0559801518	0.0417693194	0.0578474057	-0.0256371479	-0.0131326455	0.1351363265	0.0374077796	-0.1020988167	0.046150853	-0.0671562611	-0.0378541167	-0.0248753251	-0.0299208737	-0.0138941306	-0.0038417335	-0.0623599617	0.0590405968	0.0341074421	0.07367855	0.0393330792	0.0447201768	-0.0345796745	0.1262929295	-0.0106273083	0.0224579536	-0.0492392821	-0.0036992012	0.037490339	-0.0249946172	-0.0351147309	-0.0598365172	0.0232684448	0.009887943	-0.0111981744	-0.0271541254	0.0651932866	0.0631196671	-0.0346400777	0.0373368316	-0.010080373	-0.0605248071	-0.0329258047	0.0138024727	0.056721898	0.0424680084	-0.0870000418	-0.0499776369	0.1357094286	0.0366003314	-0.0212941638	0.0430458568	-0.1140713045	0.0335100071	-0.019535642	0.0721993929	0.0180438878	0.0179612335	-0.1709181568	-0.0093967059	-0.1051695897	0.0474136774	0.0163634814	-0.0758072887	0.0723665879	-0.0228395809	0.0317038771	0.0223712514	-0.058531147	-0.0460858878	0.0272467885	0.147252726	-0.0384691648	0.0346043678	-0.0102900482	-0.0345906384	0.0628656495	0.0222784605	0.0287584305	-0.0451135188	0.0208765064	0.026327542	0.0397707001	-0.1096384695	-0.0270439022	0.1855009066	-0.041072276	0.0659045234	-0.0021070818	-0.1082383279	0.0448375195	-0.0666007222	-0.0006304354	-0.0194603256	0.0650204498	-0.0508577302	-0.0286603074	-0.014980503	0.1167148415	-0.0533561607	-0.0353812947	0.0669277559	0.0664290549	0.0185478355	-0.000126614	0.0546517861	0.01919104	0.0150527768	0.0395846611	0.0142481355	-0.0019398923	0.0142974544	-0.013751618	-0.122042798	-0.0387247291	-0.0042714353	-0.141478183	0.0260798887	-0.0340735837	-0.0563415557	0.0514346457	-0.0704212186	-0.0311748036	-0.0564129766	0.1164429657	0.0354698954	-0.0370756865	0.0139285469	-0.0320319296	-0.0823131003	-0.0156389099	0.0903675037	0.0194483284	0.0341953799	-0.0108362776	0.0219405282	0.1052636558	0.0164862478	0.0369777816	0.0664562375	0.0570615146	-0.0440061597	0.1379088512	-0.1215300292	-0.0130071906	-0.0145769829	0.0158637272	0.0863180724	-0.0359547961	0.0922954708	-0.0938858844	-0.0682504707	0.0067279968	0.0562039158	-0.0042732129	-0.0620868871	-0.0812023727	-0.0497051625	0.0127728206	0.0672896215	0.0798654172	0.0327819004410372	0.0114932374809627	0.0001320945077938	0.001074652996526	-0.0070454534272244	0.0002420022195649	4.963841399518805e-05	5.8565074274386323e-08	0.0362336571614534	-0.0266372603385392	0.0007095436383431	0.0013128779112937	-0.0014539101637684	-0.0008529765714911	2.113854764309056e-06	7.275690315127116e-07	0.0006322094470483	0.0003605627025294	3.996887849371172e-07	1.3000546245530457e-07	-0.0002880402354344	0.0002018782616091	4.075483251035258e-08	8.296717722910458e-08	0.0	0.0
1613.1112917937908	-3.216969474244479	10.3488925982208	2602128.0397126325	2243.54983698413	-6.995155505535422	5033515.871031515	48.932200546622525	1719.2166481711647	-1.0196484375001091	1.039682936096414	2955705.8833488943	1811.062655930704	1539.437858190292	1.077356	29.663591	0.1332753681188514	0.0718311510582019	0.0442248633	0.0543046373	0.0122285997	-0.006181571	-0.04167395	0.0142017864	-0.0501590619	-0.0856655811	0.0437870003	-0.0492221499	-0.0064663445	0.0070576648	0.0208530005	-0.0388746872	-0.0124412182	0.0108387686	0.0408344181	0.0084656491	0.0763226702	-0.0561383148	0.0259391634	0.0765378291	0.0655326161	-0.042617103	-0.0010704074	0.0138869013	-0.0370375075	0.0248568179	0.0931169985	-0.020946646	0.0248933526	0.0866061872	-0.0202300942	-0.1154858834	-0.0513499513	-0.0250039569	0.0183853182	0.0162656559	0.0067094712	0.0266961883	0.057504668	-0.021078518	-0.0525670469	-0.0385765895	-0.013103225	0.0298265167	0.038792022	0.0028987539	-0.0217170775	-0.1100087622	0.0821749462	0.0134829939	-0.0400528712	-0.0848851855	-0.1151239	0.0265625127	0.0841989276	-0.0933101642	0.110445054	0.0061858552	-0.0477882328	0.0252909133	-0.0139478786	-0.0652478819	0.0536846879	-0.0380482069	-0.0115758268	-0.0956635479	-0.1383694871	0.0092317447	-0.0872542859	0.0313579907	-0.0040307838	-0.0723980721	0.0301697612	0.0284690267	0.0879164369	0.042004919	-0.0033817208	0.0345388362	0.0088885407	0.0556931692	-0.0337359832	-0.0326241897	-0.0004737979	-0.0819935792	-0.0295498251	-0.000492521	-0.0568776083	-0.009657285	0.0296298691	-0.0885058376	-0.0620033849	0.0006395446	-0.1365681355	0.0430368179	-0.0495895497	-0.0224131511	-0.0127979141	0.0597793708	0.0310954861	-0.0055751324	-0.0265959899	0.013881583	0.0035337093	-0.1013232905	0.0344435918	-0.0375846173	0.0224545316	0.1242519628	-0.0112790747	-0.0137905351	-0.1140202759	-0.0245746824	0.008559514	0.0767311616	-0.0385742997	0.0415950305	-0.0225465088	-0.0124141337	-0.0203945224	0.0099890489	-0.0785070381	-0.0437138221	-0.0218773722	-0.0282545976	0.0633226556	0.0150253514	0.1185351431	-0.1239671207	-0.01357426	-0.0903316746	-0.0624429597	-0.057272468	-0.0648319724	-0.0757360634	0.1019155582	0.0024539948	0.0499948923	-0.0433991929	0.005125428	0.0137081589	0.0287304666	0.0654952387	0.0007122111	-0.0007052266	-0.0225792915	0.052509836	0.0331438095	0.0182534724	-0.0483414819	0.04356836	-0.0416734359	-0.0327551164	0.0454070912	0.105211313	-0.0398876421	-0.0360842948	0.0241361952	0.087594051	0.0486968007	-0.0494015049	-0.0271717526	0.1102228785	-0.0064406654	0.10159402	0.0528571901	0.0555806262	-0.0059798738	-0.0637218759	-0.0807737477	-0.0462468756	0.0178113211	0.0704959515	0.0781648097	0.032654114403158	-0.0001277860378792	1.6329271476865488e-08	0.0010662911874545	0.0277689824556119	0.0348144358828363	0.00077111638662	0.0012120449458401	0.0459165860994943	0.0096829289380408	9.375911281914978e-05	0.0021083328790322	-0.0003519600580721	0.0011019501056963	1.23875882478116e-07	1.2142940354440867e-06	0.0001630857334491	-0.0004691237135991	2.659695645463089e-08	2.200770586611042e-07	-0.0004899707613408	-0.0002019305259064	4.0775937292835295e-08	2.400713469688832e-07	0.0	0.0
1611.638392147385	-1.4728996464057218	2.1694333683821	2597378.3070434085	2233.1535225769862	-10.396314407143564	4986974.655398002	108.08335325218084	1715.6725895552202	-3.54405861594455	12.5603514732508	2943532.434551115	1806.549223095657	1537.5238284156435	1.001902	27.586077	0.0713029929086773	0.0341301411588157	-0.0456583274	-0.0017176701	0.010910026	-0.068553175	-0.0105052494	-0.0095165207	0.0039798118	0.0134340436	-0.0739648121	-0.0165881726	0.0575158033	0.0214949485	0.0042936545	-0.0370635218	-0.0317952633	-0.0146869813	-0.0230412695	0.0115019734	-0.0488073702	-0.0145975638	-0.0191721523	-0.0344420344	0.0156279585	0.037399984	-0.0395290113	-0.0518105546	-0.0280802557	-0.0344997495	-0.1001363674	-0.0827780865	0.0702678923	-0.1381434098	-0.0659887478	-0.0043091633	0.0396101543	-0.049487845	-0.1302469051	0.0205205891	0.0083134773	-0.0283670607	0.040097926	-0.0218757742	-0.0095960946	-0.0887716511	0.0265208761	-0.0104380026	0.0137187336	0.001703049	0.0255282221	0.025462471	-0.0476431632	-0.0031235559	-0.0471404454	0.0014728192	0.0501058584	0.0123545604	0.0151543986	0.1116840945	-0.0414742948	0.001756421	-0.1451983573	0.0052586637	0.035164378	0.0609708542	0.0334270314	0.0109759753	-0.0915429726	0.0718513133	-0.0515670768	-0.065003097	-0.0516407888	-0.0476999446	-0.0140176266	0.0138818754	-0.0276241812	-0.0574480854	-0.0286088462	-0.130384317	0.1066249013	-0.0458532968	-0.0789774587	0.0252724401	0.0501410825	-0.031432919	-0.0378862182	0.0376969257	-0.0771325734	0.0608626772	-0.0426493587	0.0098416339	0.0694985049	0.0196140445	0.0981982543	-0.0076691148	0.0090981631	-0.0342846199	0.0072729941	-0.0381491774	0.0415555688	0.0152968763	-0.0418361276	-0.0487253082	0.0379469616	-0.0071419472	-0.0346028123	0.0071447867	0.0302844092	0.0003643461	-0.0207466363	-0.0289373427	-0.0449110074	0.1582854	0.0689213252	0.0610818665	0.0560365056	-0.0295789262	-0.0775299997	-0.049003243	0.0772488907	-0.0681018512	-0.0170697718	-0.003156212	0.0267502985	0.0318936333	-0.1075582572	0.0493395958	0.0002586274	-0.0989163142	-0.0175935133	-0.0346670322	0.0810224404	-0.023132693	0.030352805	-0.0072798381	0.115375756	0.1129965339	-0.1240847764	0.0042443961	0.0707191067	0.0391841983	0.0403261415	-0.0186869172	0.0001353725	-0.0295380919	0.0598398291	0.0393388709	0.0371911607	0.0184149916	-0.0825951109	0.0252079533	0.0324573278	-0.0089083427	0.0111578668	-0.0112764265	0.032483794	0.0349661789	0.0302111927	0.0209221141	-0.033610632	-0.0542957755	0.007690825	0.0693087066	0.0005506495	0.1490413024	0.0425135207	0.0030610281	-0.025183076	0.0549512416	-0.0076839116	-0.0652939789	-0.0802034182	-0.0426618292	0.0227795284	0.0733236445	0.0759159322	0.032692390793656	3.82763904979988e-05	1.465082069555293e-09	0.0010687924158051	0.0082398340312579	-0.019529148424354	6.789486486267582e-05	0.0003813876381804	0.032761532153394	-0.0131550539461002	0.0001730554443248	0.0010733179890378	-0.0007899595571066	-0.0004379994990345	6.240361018640556e-07	1.91843561154473e-07	0.0002881116378288	0.0001250259043797	8.300831585239362e-08	1.5631476765961888e-08	-0.0002813858818005	0.0002085848795403	4.3507651972841467e-08	7.917801447664498e-08	0.0	0.0
1609.9340625559305	-1.7043295914545524	2.904739356307642	2591887.6857778425	2234.850264613404	1.6967420364176178	4994555.705242601	2.878933538146605	1716.100547540838	0.4279579856179225	0.1831480374541499	2945001.089269964	1807.7248995657567	1548.4553925370994	1.025718	28.241823	0.0654374553324816	0.029667105757362	0.075915645	0.0319726856	-0.006580056	-0.0005971077	0.0282230818	0.0986622572	-0.1011857193	-0.0619252511	0.0234124147	-0.0236741919	-0.0123993333	-0.0427846208	0.0716615157	-0.0160093936	-0.0532708611	0.0744746239	-0.0142774097	0.041601411	0.0368428373	-0.0582952332	0.0529171609	-0.0295443194	0.033925641	-0.0170019868	-0.0250820277	-0.0830140561	0.0628281839	-0.0511650088	0.0842052762	0.0597762788	0.0165394407	0.0705777652	-0.0062465673	0.0227194136	-0.013260972	-0.0865432625	0.026053549	0.0663532483	0.0473004787	-0.0509196975	0.0066848826	-0.1105185869	0.0467813614	-0.0383751305	0.1356641345	0.0666855629	0.0227568815	-0.0012336748	0.0841707781	-0.0258082959	0.0558289772	0.106916574	-0.0619620667	-0.0490227509	-0.0628339678	-0.0722242375	0.015667746	-0.0073206349	0.0295275433	-0.062506472	-0.0674149903	0.0931635114	0.012224359	0.034055313	-0.0295185277	-0.071141561	0.0961574016	-0.0391767198	-0.0118236254	0.0690390216	0.0602167789	-0.0236725275	0.0454279021	-0.0900385049	0.0488024816	0.0645392125	0.1142366676	0.0126802236	0.0662484917	0.0002925674	0.0044080166	-0.0105640995	-0.024743099	-0.0333961806	0.0296589747	-0.0671510619	-0.0123755635	-0.0313046807	-0.1240150607	-0.0121217625	0.0465295004	-0.0040081446	-0.0604626557	0.039896981	0.0643040972	-0.0072075314	-0.0025913663	0.0370359163	-0.0067939438	-0.0018872799	-0.0312124976	-0.0149312809	0.0092813582	-0.0254403523	0.0736991243	-0.0601910357	0.0923790761	-0.043469847	0.0138994398	0.0482341811	-0.014590509	-0.0038109974	-0.0189141376	0.0678352599	-0.0537530618	0.0529603709	0.0804132999	0.0186979513	-0.0475156713	-0.0938645968	0.0989871828	-0.0232050876	0.006090659	-0.0613731558	-0.0920410051	0.0416578553	0.0814036723	0.0453233186	0.0855621652	0.039960951	0.0310309465	0.0101916806	-0.1279518374	0.0646370657	0.079993341	0.0343319409	0.0587867879	-0.0024381052	-0.0162449618	0.0461632564	-0.0184457921	0.0784527048	0.059393417	0.0509351436	-0.1258768428	-0.0497598926	-0.0226667219	0.0554773553	-0.0270783392	0.0447478895	-0.0681488322	-0.011273235	-0.0251606877	-0.023127535	0.1053802865	0.0411168328	-0.0127419555	-9.36836e-05	0.0189240616	0.0388672864	0.0571025539	0.037038761	-0.0889817523	0.0149180025	0.0173076686	0.0599309613	0.0235553094	0.054315831	-0.009384579	-0.0668016447	-0.0794923845	-0.0389598496	0.0276578354	0.0757575129	0.073134559	0.0326673826480998	-2.5008145556199013e-05	6.254073441600363e-10	0.0010671578890773	0.0174276561597253	0.0091878221284673	0.0003037231992216	8.44160754643552e-05	0.0562594990049305	0.0234979668515364	0.0005521544461559	0.0031651312282857	-0.0006169960770286	0.0001729634800779	3.806841590686822e-07	2.9916365440692696e-08	1.5151164600268883e-05	-0.0002729604732285	2.295577887444409e-10	7.450741994514365e-08	-0.0004899950926324	-0.0002086092108319	4.351780284390811e-08	2.400951908038343e-07	0.0	0.0
1607.6488934200631	-2.285169135867364	5.2219979795207925	2584534.9645147533	2223.770289399699	-11.079975213704984	4945154.30001682	122.7658507363168	1716.0967402787642	-0.0038072620739058	1.4495244499401522e-05	2944988.0219954	1806.1289136848773	1539.0199084532276	0.976064	26.874643	0.0453785134096494	0.0266293925791317	-0.0445539499	0.067604748	0.0017691033	-0.0232482422	0.0495960032	-0.0246789214	-0.0565876509	-0.0031056502	-0.1017646414	0.0624399034	0.0293079593	-0.0018372997	0.0699589454	-0.0080159808	0.0324328001	0.0152959753	-0.0099468184	0.0062728301	-0.0871005342	-0.0001348699	-0.006312388	0.0144353192	0.030820625	0.047035768	-0.0158104116	-0.0010250938	0.0513323072	0.0080738308	0.0188082739	-0.0281055045	0.0472129467	-0.0371761921	-0.0478602816	0.0368112435	-0.0458658599	0.0295085634	-0.117341849	0.0225791774	-0.0287318966	0.0250377592	0.0368299244	-0.0068890048	0.047683657	0.0131415039	0.0300758469	-0.1656037401	0.0572472927	-0.0759619224	-0.0093910861	0.1238752373	-0.069696629	0.0090230908	0.013998728	-0.0638189919	-0.025046209	0.0229345337	-0.012972736	-0.087913116	0.0494070948	0.1010841132	-0.0267562855	0.0555533147	0.0927087959	0.0871781769	0.0538145308	-0.0183269247	0.0717844402	-0.0280179476	-0.0311146715	0.1389192528	0.0716830754	0.0065269329	0.0723795326	0.0344134219	0.0274217011	0.0176653077	0.0338629372	0.071219687	-0.0331686331	-0.0542206388	0.1087592621	-0.0373716287	0.0486164632	0.0093231864	-0.076189742	0.0033786965	0.0143073332	-0.0454237484	-0.0206212855	-0.0412950567	0.0414335015	-0.0222161931	0.0074583482	-0.0078702755	0.0537873789	-0.0162804157	-0.0077314996	-0.005147858	0.0749599028	-0.0314231429	0.0065008566	-0.0033573829	0.0100369907	0.0362201017	0.0896542601	0.0769452996	-0.0571611846	0.0833891251	-0.1132551684	0.0169994901	-0.0163552054	0.0511612847	0.0252732403	0.0548910402	-0.0480120308	-0.0597209142	-0.0342749834	0.0957459982	0.0757791196	0.0907544218	0.010561341	0.0498604638	0.0787467036	-0.0469411085	-0.1064721792	0.0051696877	-0.0669012791	0.0373340246	0.0359920848	-0.0724114593	0.1163531966	0.0734470871	0.0487607161	-0.006936537	-0.1111112094	-0.1060830289	-0.020841687	0.0389209759	-0.0589196361	0.1035045716	0.1052333971	-0.0175182583	-0.0462346293	0.0165615537	-0.0083484501	-0.0125897862	-0.0808167985	0.0060183497	-0.0182067713	-0.0105076194	0.0240067859	-0.0243852179	-0.0054693352	0.0151135057	0.0408551222	0.0059789801	0.0535926625	0.0433676478	0.0100050467	0.0242228821	-0.0101831994	0.0728586229	0.0028148326	-0.0082627233	0.0346419692	-0.0084962032	-0.0487359255	0.0536744641	-0.0110811301	-0.0682433853	-0.0786418943	-0.0351510839	0.0324269895	0.0777844842	0.0698401994	0.0326448934432903	-2.2489204809496288e-05	5.05764332963471e-10	0.0010656890679237	0.00449115803886	-0.0129364981208652	2.01705005300168e-05	0.0001673529836311	0.0768256898518586	0.0205661908469281	0.0004229682059522	0.0059021866212139	-0.0005449556533399	7.20404236887e-05	2.969766641071173e-07	5.189822645247408e-09	0.0001801335258435	0.0001649823612432	3.244808713281088e-08	2.7219179521392012e-08	-0.0004899511728234	4.3919809000043074e-08	1.928949622600265e-15	2.4005215175102515e-07	0.0	0.0
1608.6309920636522	0.9820986435890972	0.9645177457395449	2587693.66862769	2239.749064492538	15.978775092838989	5016475.871895199	255.3212534675316	1717.526328346946	1.429588068181829	2.0437220446878537	2949896.6885649413	1809.622892039356	1536.8414036817169	0.98723	27.18211	0.0374481745730207	0.0232904973207704	0.0741203248	0.071492943	-0.0307757335	-0.0513455281	-0.0372030267	-0.0569632242	-0.0930035023	0.0157894397	0.0296136879	-0.0455822382	0.0702455017	-0.01129025	0.0897343841	-0.028070519	0.0210061859	0.0242080189	0.0296108202	0.0133775832	0.0100584219	-0.0782625642	0.0919063983	-0.0114340934	0.098769991	-0.0156365544	0.0747064653	0.0070862459	-0.0058136639	0.0567492844	-0.0175088322	-0.1190925779	0.0071342618	0.0397685215	-0.0658232704	-0.005355535	-0.0920177202	0.0231827022	-0.0464531947	0.0235227499	0.0461988806	-0.0123552774	-0.061677026	-0.0486383882	0.0350377942	0.0038476208	0.0319100657	-0.0947953577	-0.0479939512	-0.0063761675	-0.0574608033	-0.0073725283	0.1103344491	0.0204869547	0.0429163456	0.09562984	-0.0384894003	0.0205747211	-0.000951604	0.0635414197	-0.0526850415	-0.0079038229	0.0099026868	-0.0540126166	-0.0177109544	0.0519695702	0.0271434414	0.0701352329	-0.0387335214	0.1085101272	0.0235610379	-0.0185951815	0.0159338649	-0.0310194416	-0.0122540685	-0.0321139988	0.07972272	-0.1136127121	-0.076688852	0.0767117188	-0.0553077911	0.0684739876	0.0593634205	-0.0899090134	0.0420290454	-0.0179962878	0.0056328302	-0.0889414028	-0.059714241	-0.0424113697	0.0406901833	-0.0363040674	0.1156542683	-0.0308442683	0.0213865479	-0.0187502567	-0.0443868571	-0.0061851834	0.0500931479	0.003481015	-0.0012782206	-0.0468834531	-0.0006199424	0.0340490439	0.043436012	0.0623535138	0.061409207	0.0334415175	0.0154316572	0.0084702076	0.0400188082	-0.0556467703	-0.0821889495	0.010923765	-0.0354283128	-0.0872689747	0.0380115939	-0.1408831293	-0.082699021	-0.0110808694	-0.110574751	-0.0533458369	0.0125197393	0.0068363618	0.0095560552	0.0254788278	-0.0203943615	0.063755832	0.0210243978	-0.0747826162	-0.0201237196	-0.021235466	0.0202122107	0.0038626099	-0.0356010504	0.0218959048	-0.0743071972	-0.008760682	-0.0115726631	-0.0077584124	0.018629362	-0.1039722091	-0.0575957371	0.0085533168	-0.0705464368	0.0653213209	0.0094426144	-0.0256839406	-0.011461649	0.0538237422	0.0419486163	-0.0204204461	-0.019639933	0.0561947077	-0.024514364	0.0315733474	0.0816560695	0.0809006958	0.0141538922	0.0013584621	-0.0167325038	0.0701160508	0.0256486736	-0.0471390667	0.0027763461	0.0526164607	-0.0666966198	0.0631226624	0.0023285365	0.0530272111	-0.0127728206	-0.0696177779	-0.0776534394	-0.0312459714	0.0370681691	0.0793936715	0.066055961	0.0326686261898316	2.373274654129953e-05	5.632432583935649e-10	0.0010672391371309	0.0238588142198921	0.0193676561810321	0.0005692430159793	0.0003751061059466	0.0775839000671609	0.0007582102153022	5.748827305887587e-07	0.0060192615496312	-0.0003069294381078	0.0002380262152321	9.420567997716982e-08	5.6656479137718027e-08	0.0002880747078122	0.0001079411819687	8.29870372810844e-08	1.1651298764800006e-08	-0.0004899552842255	-4.111402100064401e-09	1.690362722841397e-17	2.400561805404905e-07	0.0	0.0
1609.4331378384636	0.8021457748113789	0.6434378440477475	2590275.025172563	2227.9741512007777	-11.774913291760186	4963868.818418826	138.64858302847068	1715.5173554021662	-2.008972944779771	4.035972292857104	2942999.796686042	1806.36553738948	1516.5783869518611	1.095654	30.167416	0.1125039601885624	0.0513051227971395	-0.0442286073	0.0427723345	0.0551184803	-0.0727954219	-0.031293054	-0.0040906513	0.0400751079	0.0006875388	-0.1080546204	-0.0109098619	0.0361249519	-0.0076443614	-0.0244779986	0.0216380712	-0.0391386765	-0.0159855842	-0.0245896661	0.0379916697	-0.0150511206	-0.0502804167	0.0483343503	-0.055681239	0.0010928436	0.0703670295	-0.1020487113	-0.0456705657	-0.0275160527	-0.0421378223	-0.0890789949	-0.00089765	-0.0130750664	-0.1069436636	-0.0793153095	-0.0411598423	-0.0429702953	-0.0079079009	-0.0318250371	0.0093529171	-0.08146577	-0.0281884289	-0.0178444022	0.0273603781	-0.1093918631	-0.0420938182	-0.0418484298	-0.0642321714	-0.0369067191	-0.0716740202	0.0353426962	0.1302583427	-0.0473025332	0.1472226216	-0.0434852176	0.0835595585	-0.069115063	0.0134350377	-0.0409174634	-0.0226920891	0.0449076363	-0.0553716994	-0.00044735	-0.0517829907	-0.0680612925	-0.1260772094	0.0301546521	0.0309289743	-0.0441643577	0.0025166756	0.0055752899	0.0034945462	-0.0125643716	0.0879085489	-0.066525051	0.0336190308	0.1710629763	0.0257849788	0.0926064209	-0.0264319979	0.0220417926	-0.1509253934	-0.0566085414	0.0008539318	0.0040190337	-0.0437762971	-0.0562467937	0.0469037721	-0.0717570728	0.0669040738	-0.100200739	0.0031784301	0.0222556	-0.0363481076	0.111927308	0.0011235905	0.105670018	-0.0273389789	0.0444269679	-0.0511227929	0.0198785654	-0.0033145646	0.0247166807	0.0721716233	0.0049136109	0.0965567363	0.000662926	0.0592522894	-0.0426386141	-0.0269639722	-0.0215504596	0.0006844959	0.0326410082	0.0036031442	0.0467578916	0.0473895162	0.1196468299	0.0364522344	-0.1143480485	-0.0971184835	0.0922481146	0.0394512197	0.0963288462	0.0784525989	-0.0988642773	0.0158075299	-0.1873657458	-0.0245848819	0.0598098506	-0.0650143587	0.01556262	-0.0334459814	-0.08476143	-0.001790811	0.0061309315	-0.0686604289	-0.0462768157	-0.0529124577	0.02254718	0.0379774693	0.0122294286	-0.0341875532	-0.0079111449	-0.0935607069	0.0643449465	-0.0023072456	0.0744456157	0.0537716574	0.0132612411	0.0342955815	-0.0663269071	0.054574453	0.0085224133	0.0076078111	0.0268499275	-0.0293789593	0.032409266	0.0021561908	0.0186376403	0.0214573288	0.0396063268	-0.0210418543	-0.0762246709	0.0292785318	0.0440569597	0.0663507247	0.0218090332	0.0251226708	-0.1382569353	0.0523741431	-0.0144589085	-0.0709234662	-0.076528754	-0.0272552159	0.0415630576	0.0805764318	0.0618083875	0.0417133515867931	0.0090447253969615	8.18070575064404e-05	0.0017400037006034	0.0104486941052499	-0.0134101201146422	0.000109175208505	0.0001798313214891	0.0412874608572479	-0.0362964392099129	0.0013174314993189	0.0017046544240387	-0.0007949971238725	-0.0004880676857647	6.320204269655472e-07	2.3821006588771002e-07	4.00599927787848e-05	-0.0002480147150334	1.6048030214362907e-09	6.151129887310614e-08	-0.0001509841756827	0.0003389711085428	1.1490141242673475e-07	2.2796221306584418e-08	0.0	0.0
1611.1682385618458	1.7351007233821747	3.010574520281346	2595863.092950481	2236.210970891431	8.236819690653192	5000639.506335196	67.84519861633214	1716.006505237926	0.4891498357596902	0.2392675618237318	2944678.32601888	1808.673500327596	1553.8603651444992	1.08821	29.962461	0.097327555350643	0.0428311736229519	0.1062388048	0.0501818186	0.0062351393	0.0128928936	0.0600688347	0.1116460683	-0.0358115694	-0.0401643374	0.0191483829	-0.0493817724	0.0311532931	-0.1116207045	0.0524809779	0.0054154197	-0.0429316897	0.0312457982	0.0053754466	0.0367017215	0.0275613984	-0.0484604605	0.0244853314	0.0240275292	0.0758299095	-0.0578860034	0.0019184762	0.0036736925	0.0067616397	-0.0072300785	0.0289758821	0.0498838278	0.0449601011	0.0482668477	-0.0546822565	0.045678733	0.1085374712	0.0343747523	-0.032175406	-0.0643056883	0.0555315044	0.0406184053	-0.0675174732	-0.0339605741	0.0351521867	-0.0261341732	0.0878587274	-0.111829862	0.079136582	-0.0740347912	0.0687243331	0.002677472	-0.0470896077	-0.0439462564	-0.0262016707	0.010205596	-0.055359484	0.01130583	-0.0555132305	0.0093977334	-0.0693493956	0.1233937131	0.0880517657	-0.0238520171	-0.0543527753	0.0308710306	-0.0273289408	0.1147322237	0.0369186933	-0.0920839628	0.0256983902	0.043794907	0.0033225722	0.0086055128	-0.068670945	-0.0647152611	0.0076997722	-0.0338437747	-0.0524653525	-0.0480101936	-0.1540012053	-0.0014900911	0.088228192	-0.0449223103	0.0210730554	-0.0200470784	0.0475819293	-0.072600659	-0.0366219315	-0.0360674809	-0.0783294981	-0.0095938159	0.008385668	-0.0539428084	-0.0405342747	0.0389569039	-0.0043762114	-0.0491608322	-0.0564538754	-0.0429746137	0.025417391	-0.0200916318	-0.0288215561	0.0737435164	0.0214329784	0.0768528667	-0.0008854617	-0.0811912287	-0.037543961	0.1141961757	-0.0107599449	0.0674923485	0.0480981748	0.0283930864	-0.0106224052	0.0380206673	0.0109329124	-0.1578520653	0.0956822596	0.0454235145	-0.0074367315	-0.0038983309	0.013577477	-0.0234402498	-0.0412249474	-0.0713255551	-0.0234359213	-0.0601474294	-0.1303676352	0.0073227932	0.0059458623	0.0497099245	0.0193063953	0.1111994708	-0.0459890131	-0.0919326479	-0.0221977822	0.0033484621	-0.0275133605	-0.0949003806	0.0583752668	-0.0459777767	-0.0456617139	0.0723036368	-0.0150356289	0.0657412634	-0.1110228005	-0.0142950252	-0.0034295144	0.0886235887	-0.0211398077	0.0341934804	-0.1023826875	-0.010541087	0.0141436932	-0.0207390991	0.0613152777	0.0387704213	-0.0337245107	0.0116576634	0.0333651402	-0.0169685931	-0.0268107531	-0.0259283313	-0.0927816424	0.0262126548	-0.0836935752	0.0347239131	0.0135608924	0.0517153317	-0.0161386543	-0.0721591615	-0.0752698111	-0.0231897558	0.0458939156	0.0813264124	0.0571272725	0.0393296767192481	-0.002383674867545	5.6819058741656895e-06	0.0015468234708405	0.0337262492268592	0.0232775551216092	0.0011374598869122	0.0005418445724395	0.0712030637859086	0.0299156029286606	0.0008949432985852	0.0050698762925001	-0.0002840017096045	0.000510995414268	8.065697105827873e-08	2.61116313402925e-07	-0.0001549968762923	-0.000195056869071	2.4024031660370554e-08	3.804718217181432e-08	-2.202201036522364e-05	0.0001289621653174	1.6631240083372102e-08	4.849689405260175e-10	0.0	0.0
1610.0594921812826	-1.1087463805631614	1.2293185364119108	2592291.568363049	2235.746886933331	-0.4640839580997635	4998564.1424320815	0.2153739201655431	1720.0450668057529	4.038561567826946	16.30997953712884	2958555.031842807	1810.639946927655	1514.907949892447	1.254277	34.534885	0.1040486349432872	0.0528924265043977	-0.0978572694	0.0782170681	0.0179957844	-0.0574450929	-0.0098936472	-0.0361272574	-0.0245850577	-0.0423401778	-0.0532186088	0.0286010284	0.0822039598	0.0015721059	0.0009779565	0.0223470508	0.0265479189	0.0308590669	-0.0004163441	0.0505431905	0.0146772546	-0.0253647988	-0.0916441111	0.0091872406	0.0138851389	0.0833162684	0.0357450933	0.0552815549	-0.0021726546	-0.0138890373	0.0912166457	0.0497365519	-0.016918646	0.0333470001	-0.0115165685	-0.0083056154	0.0036846801	-0.0055124864	0.1212359817	-0.0511839226	0.0249741829	0.0517684392	-0.0393310607	-0.0210944874	-0.0654585199	0.0073361177	0.0781969492	0.0305507827	-0.0279414636	-0.0195092053	-0.004452655	0.1032119381	0.0016371339	-0.0788960465	0.0141436602	-0.0017652369	0.0620787388	0.0814776068	0.0108371928	-0.0897739303	-0.0101553123	0.096349714	0.0670801793	-0.0281761725	-0.0312367994	-0.0172409762	-0.0747197565	0.1487816813	-0.0582657729	0.0803679883	0.0601147266	-0.0306844259	-0.0433971324	-0.1098097541	-0.0693986797	0.0012992942	-0.0255094677	0.0348175019	-0.0561470477	0.0035613367	-0.0385742954	-0.0221644632	-0.0856694945	0.0048926353	0.0212042275	-0.0154617844	-0.0946325993	0.020708301	0.0087636502	-0.0320041701	0.0204142026	-0.0471462227	-0.0316533324	-0.0730701873	-0.0518429156	0.0486233865	-0.0013091836	0.0360062385	-0.0162154812	-0.0395393967	-0.060197808	-0.0513174054	0.0191350526	0.0400962208	0.0261325471	0.013359976	0.0297535499	-0.0498178843	-0.0039043029	-0.0273643257	-0.0821310123	0.0680399703	0.0536749229	-0.054811702	-0.0436275341	0.0522351791	-0.0666993078	0.0090280181	-0.0262868982	0.0223193594	0.0385836808	0.0623978043	0.1233828473	-0.0045864067	-0.0191236227	-0.1050587024	0.099866934	-0.0426841531	-0.0724784705	-0.0104040494	-0.0961934801	0.1006130938	-0.071946533	-0.0358353006	0.0605594204	-0.0777578058	-0.0327277554	-0.0007082409	-0.0854081522	-0.0950166083	-0.1103677975	-0.0759032973	0.0332062298	-0.0344443593	0.0385544411	0.0161370655	0.0910818754	0.0137993189	-0.0744063015	-0.0051404463	-0.0262467577	-0.022188868	0.0086488134	-0.0372897205	0.0163741627	0.0025475659	-0.0203324908	-0.0077183918	0.028079622	0.041094275	0.0279205477	0.044150181	-0.0353047738	-0.0008098977	0.0451101118	0.0323165926	0.0925734096	0.0297534848	-0.145896962	0.0510508491	-0.0178113211	-0.0733236445	-0.0738788195	-0.0190607341	0.0500436514	0.0816395852	0.0520454508	0.0505881894911937	0.0112585127719456	0.000126754109836	0.0025591649159969	0.0214720276544966	-0.0122542215723625	0.0004610479715954	0.0001501659463445	0.1203905161082588	0.0491874523223501	0.0024194054659634	0.0144938763688129	0.0001159807026428	0.0003999824122473	1.3451523385517597e-08	1.5998593010716904e-07	-0.0001550144423512	-1.756605889999957e-08	2.4029477337453512e-08	3.085664252782541e-16	-0.0002489909975916	-0.0002269689872263	5.1514921162567016e-08	6.199651688166017e-08	0.0	0.0
1614.1403229988157	4.080830817533069	16.65318016132762	2605448.982330721	2247.059519951654	11.312633018322686	5049276.486205357	127.97566580724464	1719.3338297895953	-0.7112370161576109	0.5058580931527817	2956108.818258957	1813.395814919044	1558.5743245368185	1.153412	31.7577	0.0921833606795539	0.0489608971774056	0.0721521116	-0.0139999358	-0.0418048546	-0.0317222586	-0.0449483379	-0.0448651468	-0.0627928038	0.0432716965	0.0626228711	-0.0683166617	0.0309370802	0.0899949997	0.0340395777	-0.0115181541	-0.0195862149	-0.016607336	-0.0475831371	0.0178135515	-0.05552686	0.0165118015	0.0599646569	-0.0569598238	-0.0083106631	-0.0341443317	0.0688823098	-0.0274716547	0.0855276038	-0.0497175435	0.0090807217	0.0088148494	0.0507429025	-0.0002533906	-0.1169787616	-0.0085297531	0.1024956526	-0.0308348568	0.025458658	0.0658373949	-0.0679893067	-0.0346862701	-0.0650626727	-0.0044837255	-0.0307606994	-0.080452509	-0.0244299239	0.0430918024	-0.0225752269	-0.0070083644	-0.0671824822	-0.0137496462	-0.0309121756	0.08860906	-0.0197554434	-0.1167330051	-0.0084152141	0.0786385055	-0.0110440957	0.0338449223	0.0357337051	0.0100133005	0.0588649131	-0.0244161681	-0.0323483204	0.0227582892	-0.0739910717	-0.0708573379	-0.0644181612	0.0500473904	-0.0537483007	-0.0109916283	0.0085039982	0.0564044899	-0.0740484358	-0.0204626297	-0.0102007941	0.0903095984	-0.0315353164	-0.0708719153	-0.0413004298	0.0035623311	0.1075138097	0.0011933841	-0.0699141154	-0.0644871856	0.0614412883	-0.0186940376	-0.0370011585	0.0159854651	0.0738100856	0.0477263016	0.0653635102	-0.0449946857	0.0225636269	0.0236381258	0.0678898342	-0.0048188796	0.0578187325	-0.0286459103	0.0653423402	-0.0010853266	-0.0341023555	-0.0535584005	0.111455243	-0.014776385	-0.0150294332	0.0084277586	-0.0742681894	0.0170512236	-0.0033317033	-0.0210933309	0.068561922	-0.0093109796	-0.0519262892	0.0225613182	0.0215700849	0.0442301939	0.0812300267	-0.060946269	-0.0909457049	-0.0389201317	0.0492968512	0.100286671	0.0562514195	-0.0325031631	0.0771291212	0.0235203108	-0.0294546699	-0.0004281034	0.0794323107	0.0353389675	-0.0371588116	0.0524935016	0.1322134821	0.0105613605	0.0593830073	-0.134959287	0.0342519774	-0.0520950539	0.1539686576	0.0150188622	-0.1132077569	0.0070612336	-0.0211105494	-0.005592762	-0.0310042501	-0.0037766179	0.0495420382	0.0737920782	0.009298477	-0.0168021197	-0.0322213334	-0.034442958	-0.0585610595	0.0973825923	0.0234448877	-0.0372481882	0.058002229	0.0096479654	0.0161189526	0.0234493341	-0.0394523492	-0.0615007893	0.0264757964	0.0122971158	-0.0313724002	-0.0074172043	0.0124445196	0.0503807682	-0.0194761753	-0.0744157659	-0.0723582192	-0.0148794683	0.0539958877	0.081514268	0.0465985677	0.0525294099355448	0.001941220444351	3.7683368135666735e-06	0.0027593389081765	0.0545439374091216	0.033071909754625	0.0029750411080901	0.001093751214818	0.1049800966553959	-0.0154104194528628	0.0002374810277131	0.0110208206937762	-0.0004780379460188	-0.0005940186486616	2.285202778338731e-07	3.528581549577534e-07	-0.0001548828902939	1.3155205729999597e-07	2.3988709705792265e-08	1.730594377986142e-14	-0.000490037017427	-0.0002410460198353	5.8103183678488025e-08	2.401362784487499e-07	0.0	0.0
1607.9641049385816	-6.176218060234078	38.1456695275616	2585548.562770934	2235.5844277694086	-11.475092182245136	4997837.733685074	131.6777405910234	1714.0068395996093	-5.326990189985963	28.37682448420669	2937819.446194241	1803.750510557065	1515.2481911534646	1.20394	33.148933	0.1775703501278734	0.0880278032211747	-0.0924897606	0.0705282551	0.0349551012	0.0086887345	-0.0092026412	0.0101077359	-0.0960242978	0.0016364721	-0.0478687324	0.0238907301	0.0200882654	0.0048507497	0.0258296959	0.0266968445	0.0286851867	0.0706089747	-0.0291282862	-0.0126672974	0.0680496994	-0.0134847909	-0.0668196817	0.0700449547	0.0931926752	0.0863963074	0.0281481996	0.0736913428	0.1306226108	-0.0147561442	-0.0331908512	0.0247276812	0.1021502745	-0.0820727564	0.0722338109	0.0057211647	-0.0004905601	-0.1020527303	-0.0973877313	0.0857547208	0.0512738564	-0.0336391938	0.0204715367	0.0236108064	-0.0248712632	-0.1100454239	0.0705967861	0.0967945785	0.0714960482	-0.0305063734	0.0697725235	-0.0239140741	-0.0505515148	-0.0201638875	0.0841051029	-0.0542327956	0.0467975251	0.1269487586	0.0190744126	-0.1053502359	0.0342241157	-0.0415676273	-0.0127339635	-0.0041176641	0.0126850919	-0.0172617477	-0.1605528414	0.0376967857	0.0441615846	-0.0410620906	-0.0511234782	0.0334445332	0.125638501	0.1440910964	0.0433703426	0.0375383826	-0.0661899	-0.0512798728	0.0485439865	-0.0228627684	0.105521628	-0.005313411	0.036968168	-0.0718757478	0.0455909451	0.047386299	-0.1024800608	-0.0129989451	-0.0388337134	-0.0261072687	-0.0133404577	0.0133490994	0.0989482024	-0.1137136307	-0.0254195755	0.1003147437	0.0796490915	-0.0319548334	-0.0495716136	0.0573686269	0.1177565247	0.0498126704	0.0431154553	-0.0902662033	-0.0121335789	-0.077513837	-0.0981618445	0.0576882293	0.0515588915	-0.0498474961	0.0225756423	0.0145277686	0.0534664145	0.136332092	0.0017872752	0.0704108969	-0.0514977934	-0.0202924897	-0.0243873491	0.068228892	0.1030183645	-0.0953201351	0.0189968153	-0.0511005111	-0.0315962263	0.0314853253	0.0290231151	-0.1203982428	0.0124781925	-0.0497454946	0.0306338069	0.0068433278	0.1277459459	-0.1654031724	0.0890241357	0.052780788	0.026695313	0.0498566324	0.1040308845	0.0600802688	0.0358061192	0.0251995276	-0.0310882065	0.0135563661	0.110414824	0.0681535053	0.0371398505	0.0326874831	-0.118910229	0.0195756548	-0.0411276372	0.0533111783	-0.1437712212	-0.1028974572	-0.0369217896	0.0656512672	0.0580115633	-0.0609439673	-0.1159267251	0.1220125588	0.0959525915	-0.01340417	-0.1466294335	0.0481651029	0.0935903943	-0.1022587008	0.061161257	-0.0522648843	-0.089470316	0.0497051625	-0.0211324865	-0.0754344479	-0.0707106781	-0.010657419	0.0577350269	0.0809511339	0.040824829	0.0832831277806889	0.0307537178451441	0.0009457911612987	0.0069360793729345	0.0417367834328956	-0.0128071539762259	0.0017419590913244	0.0001640231929707	0.0858669486508176	-0.0191131480045782	0.0003653124266449	0.0073731328706021	0.0005960510391553	0.0010740889851741	3.55276841278113e-07	1.153667148072328e-06	-0.0007519592920353	-0.0005970764017414	5.654427768782296e-07	3.565002295164577e-07	0.000136724201696	0.000626761219123	3.928296257965492e-07	1.8693507329408493e-08	0.0	0.0
1612.3093551605364	4.345250221954757	18.881199491397865	2599541.4567381847	2235.622467177866	0.0380394084572799	4998007.815750448	0.0014469965957797	1717.95149247603	3.944652876420605	15.560286315453354	2951357.3305006186	1809.5502203490173	1547.4760448469783	1.176585	32.395737	0.0686936825255782	0.0381071015445068	0.015428466	0.0721788444	-0.1441609157	-0.0107745457	-0.0166394437	0.0392020582	0.0338573554	-0.1142463099	-0.0168029755	0.032157634	0.0181947491	0.0043690203	0.0193830008	0.054361068	0.048788957	-0.0426070099	-0.0175343954	0.104191551	0.0041944762	-0.1785754165	0.0367228058	0.091883431	0.023820037	-0.0309971006	0.0550558907	0.021559016	0.0021403824	0.0095127795	-0.0353146748	-0.065850782	-0.0502770988	0.0568366937	0.069565783	0.022523257	0.1022933448	-0.0238583282	0.0537307655	-0.1074127584	-0.1045857192	0.0550478399	0.0779460585	0.1024518882	-0.0211262122	-0.0637909921	-0.0683793652	0.0238263236	-0.0825532651	-0.0431550808	-0.0149385421	0.0418136319	0.1215512032	0.0119969817	-0.0056239914	-0.0932110067	0.0239191083	-0.0376993801	-0.0829755502	-0.079791451	0.0752799204	-0.0478028497	0.0451457586	0.0562344507	-0.012193488	0.0022880104	0.0194841775	-0.001834688	0.0228750703	-0.0109015203	-0.0322874962	-0.0857764727	-0.1012779754	-0.0283966223	0.0119426084	0.0192920242	0.0846894254	-0.1099392195	0.053258803	-0.0474651641	-0.0357539054	0.0170045303	-0.086446796	0.0939336706	0.0200957061	-0.0834122629	-0.0717870304	-0.0353365134	0.073168792	-0.0639829662	0.0300399789	0.0902257854	-0.0387745602	-0.0249069702	-0.0743008867	-0.0969901932	-0.0547760927	-0.0333990095	-0.1288645207	-0.0535386986	-0.0343157484	0.0294296126	-0.0285710754	-0.0755308092	0.0272306034	0.0587699888	-0.0214668144	-0.062927471	0.0305685582	-0.0220275104	-0.0527401395	0.0965913806	0.0025504035	-0.0536560178	0.0211258551	-0.0885490731	-0.0850394614	-0.0452130045	0.0029306959	-0.0675119411	0.0772102583	0.0550113117	0.0302287197	0.0659729465	-0.0454363455	-0.0424945511	-0.0378390468	0.0271563927	0.0330334157	0.048546882	-0.0078116923	-0.0955873337	-0.0891230812	0.034061577	0.0817489623	0.0176803213	0.0710400706	-0.0420904433	-0.1026032665	0.0240441978	0.1190228309	0.0007542733	0.0343292711	-0.0626721993	0.0758711398	0.0904640044	-0.0782889699	0.0332104828	-0.042416875	0.0916413849	-0.0427771421	-0.1255110774	-0.1136156309	0.0283553451	-0.0220572989	0.05660176	-0.0396535253	-0.0486109471	-0.0122045649	0.0371929199	0.0387765168	0.0046400461	0.0707448147	-0.0527186937	-0.0642798012	-0.0826104971	-0.0944959843	0.0742842189	-0.0778695195	0.0490241061	-0.0227795284	-0.0763786853	-0.0689390864	-0.0064061583	0.0612463124	0.0799532077	0.0347647336	0.0763945227443656	-0.0068886050363232	4.74528793464587e-05	0.0058361231053393	0.0336897461865817	-0.0080470372463139	0.0011349989981162	6.475480844356319e-05	0.0854359852409416	-0.000430963409876	1.8572946065194973e-07	0.0072993075740903	0.0007499938224366	0.0001539427832812	5.624907336930622e-07	2.3698380524393287e-08	-0.0001010469273914	0.0006509123646438	1.0210481535242864e-08	4.236869064463134e-07	-0.0001249621870401	-0.000261686388736	6.847976604974124e-08	1.5615548189844932e-08	0.0	0.0
1614.8364682266645	2.527113066128095	6.386300448995341	2607696.819114767	2247.575387450077	11.952920272211031	5051595.122271364	142.87230303383345	1716.682326660156	-1.2691658158739756	1.610781868183054	2946998.210667326	1806.4338768228704	1547.4895257355963	1.067882	29.40275	0.1352233315060963	0.0690110312184483	0.0029331017	0.0273336853	0.0095200248	-0.0123150927	-0.0936262538	-0.0650849972	0.0846298743	0.0340150586	0.038700729	0.0145253555	0.0520545365	0.0794042959	0.0030773758	-0.0100360079	0.0599643414	-0.0028446488	0.0168022647	0.0159263863	0.0351322214	0.0351321525	0.0354118782	0.0837826347	0.0358580932	0.0134958692	-0.0156278931	-0.0260725562	-0.0201517011	-0.0162871196	0.0916632212	0.0849649117	0.0255270034	0.0417069434	0.0420667188	0.0668493549	-0.0054953939	0.0699748493	-0.0103198813	-0.0301069053	-0.1876493715	0.0624319881	0.0453661593	-0.0226168769	-0.0270320001	0.1177643077	0.1314401292	-0.0840606728	-0.0220332553	-0.0279286529	-0.1190741747	-0.1127539406	-0.0776293029	-0.1051070404	-0.050698736	-0.0443745183	-0.0408250326	-0.0202455926	-0.0979142595	-0.0400674306	-0.0204116047	-0.1211306896	-0.0137809744	0.045425648	0.0563036856	0.0778859086	0.0989485563	0.1050852495	0.0084841704	-0.0150915922	0.0773991862	-0.052586931	-0.0184114932	0.1717599656	0.0098531002	0.0127081215	-0.0265487933	0.0857208333	-0.0797006784	-0.0549119687	0.0168729046	-0.0291440109	-0.0701841686	0.0240152846	-0.1089364382	0.0215207678	-0.0264992152	-0.0335888023	-0.0262249228	0.0360675016	0.0402013319	-0.0091700085	0.00465164	0.0202850344	0.0415863447	-0.0346986609	0.005664645	0.0115476175	0.0386940191	0.0852532336	-0.0248324644	0.0603970673	-0.023534302	-0.0098258805	0.1318872422	-0.06198728	-0.0483957266	0.01292449	0.0437742119	0.0519851213	-0.1160129794	-0.0220148276	0.0681102629	-0.1141329907	-0.0301567493	0.003361144	-0.0423280492	0.0416200827	-0.1046591346	0.0608936159	-0.0226987153	-0.0145557964	0.0332144642	0.0414323891	0.0976135086	0.0421449508	0.1658419426	-0.0437633758	-0.1005661023	0.039298936	-0.018056137	-0.0725384998	-0.0452663086	0.0074836892	-0.1577871039	-0.046337402	0.117030358	0.0378387703	-0.063362601	-0.0045267144	-0.0326663991	0.0304643748	0.0109618603	0.0953599739	0.1337879709	0.0314035732	0.0877700058	0.0273752487	0.0529382106	0.0044752354	0.0505040155	0.006334056	-0.0442614785	0.0245956261	-0.0044885609	0.0277193787	-0.0660447667	-0.0177736876	0.0011611997	-0.0239688597	-0.0362677046	0.0074542628	-0.0698915496	0.057069143	0.134404797	-0.0245937014	0.0608320812	-0.0015992897	-0.0354081123	0.0483376736	-0.0244165784	-0.0772475461	-0.0670465522	-0.0021373389	0.0645158866	0.0785258491	0.0284607885	0.0448955897569192	-0.0314989329874464	0.0009921827793476	0.0020156139796215	0.0332470606186916	-0.0004426855678901	0.0011053670397829	1.959705120181814e-07	0.1170188073440314	0.0315828221030898	0.0009974746519954	0.0136934012722195	0.0001540911431965	-0.0005959026792401	2.3744080411604272e-08	3.551000031255295e-07	0.0003719617529516	0.000473008680343	1.3835554565882714e-07	2.2373721167982638e-07	-0.0004900286444104	-0.0003650664573703	1.332735182969011e-07	2.401280723426943e-07	0.0	0.0
1616.2646202929252	1.4281520662607363	2.0396183243648105	2612311.3228106336	2243.7714175921383	-3.803969857938682	5034510.174403434	14.47018668010604	1718.4366148792617	1.7542882191057745	3.0775271556933093	2953024.399357696	1806.1389603943503	1541.2307525839706	0.982179	27.04303	0.1060726452059464	0.0544942675553942	0.0027076557	-0.0064662172	0.0418840643	0.0203056798	-0.0449248374	0.0703531792	0.0496324487	0.0649100654	0.0687329071	-0.0053669954	-0.0159199388	-0.0628023395	-0.0675685738	0.0415642051	-0.0656752642	0.0173029364	-0.0473490393	-0.011238358	-0.0593156795	-0.0321165272	0.0035959623	0.0730170156	-0.0107342642	-0.0488207705	-0.0394492273	0.0027919651	-0.0719263545	0.0421153456	0.0834319006	-0.0568499618	-0.0350649626	-0.0768384104	0.0039809421	0.0460594845	-0.0151268714	0.0725811415	0.0633572036	-0.0922305319	0.0735686562	0.0593580503	-0.0060689748	-0.0136101445	0.0098781617	-0.0082490931	-0.0136383534	0.0495632992	0.0082894455	0.024812811	0.1013291992	0.0221219186	-0.008180896	-0.0594809998	-0.0690651895	-0.0347590053	-0.0042943932	0.0377061378	0.0504954133	0.046737182	-0.0077662335	-0.1421150691	0.0737940481	0.0026011746	0.1234880021	-0.0895617029	-0.0505774492	-0.0428811254	-0.0522838512	0.0564893529	0.0089292751	-0.0829878766	0.0780266011	-0.0121508441	-0.0635769655	0.0329917225	-0.0547487169	-0.0844561673	0.0203714937	-0.0594720194	-0.0214018434	0.0230514781	0.0920966686	0.0164150335	0.0205422971	0.0571385566	0.0395100481	0.0074430061	-0.0255688751	0.0187277277	0.0112551396	0.0180831516	-0.0658039008	0.0683455634	-0.0370741293	-0.0309804557	-0.06297364	-0.0341659013	0.056818412	0.0079240575	-0.0490756255	0.0019358336	0.034092995	0.0811685725	-0.0029761905	-0.0481938078	-0.0501176788	0.0237417325	0.0151318147	0.1698477687	-0.0320603516	-0.0057623828	0.0170402156	-0.0311348257	-0.0521070193	0.0190246372	-0.0057435443	-0.1019683052	0.1287663032	-0.1257713918	-0.0040689345	0.0794164714	-0.0322259479	0.0211818755	-0.09117674	0.0222075551	0.0205781852	-0.0206929036	0.1181266923	-0.0535642746	-0.0632111739	0.0951143825	0.0267358623	-0.0177612135	-0.0780957445	-0.0246693466	0.0463406407	-0.0656923772	0.0484838099	0.1380080468	0.031451972	-0.0058099949	0.021702107	0.0237798027	0.0008281621	-0.0061120906	-0.0290284074	-0.0096672604	0.0226851927	-0.0366622285	-0.0096789302	0.0479147149	0.0141054675	0.0372864101	0.0276503361	-0.0491878943	-0.0797698109	-0.046477117	-0.0074765582	-0.0278133239	0.0046398808	0.0319774753	0.0741144294	0.0432590727	-0.0214513236	-0.0522841218	-0.0189728224	0.0507313945	-0.0048691024	0.0476459404	-0.0260429185	-0.0780401729	-0.0650363955	0.0021373389	0.0675308461	0.0766767246	0.0219572114	0.0323576181270226	-0.0125379716298966	0.000157200732592	0.0010470154508542	0.0099755969697383	-0.0232714636489533	9.951253490265196e-05	0.0005415610203645	0.1388786262046579	0.0218598188606265	0.0004778516806194	0.019287272816493	-0.0005738639977652	-0.0007279551409617	3.2931988793105745e-07	5.299186872525684e-07	0.0003722096762279	2.479232762999631e-07	1.3854004307767813e-07	6.146595093130784e-14	-0.0007298934015018	-0.0002398647570914	5.753510169451632e-08	5.327443775558678e-07	0.0	0.0
1618.8314725859734	2.566852293048214	6.588730694326874	2620615.336634871	2244.8488566993065	1.0774391071681748	5039346.389424183	1.1608750296553536	1723.9870612127131	5.5504463334514185	30.80745450052429	2972131.387228847	1816.0163060693496	1573.943393693302	1.06414	29.299706	0.0911710816710718	0.0610060955268494	-0.0174718574	0.0443205762	-0.0582195989	0.0180497252	0.0620522974	-0.0690573026	0.0801884748	-0.0464241885	-0.066107073	0.0188708502	-0.0369616159	-0.0612242313	-0.088443312	-0.03098725	0.0796781832	-0.0827349797	-0.0527097167	0.0059768941	0.1037997099	-0.074900152	-0.0487594455	-0.0075880674	-0.1298027323	0.0665579504	0.0236190317	-0.0064290426	-0.0455070648	-0.0007467541	0.0063623409	0.0285672409	-0.1441282502	0.0295409329	0.0476808295	-0.0429546352	0.0030918243	-0.0404240557	0.1049197496	0.0544740245	0.0087540944	0.0030507426	0.077498554	0.0446714643	0.0655520701	0.0661954426	0.0216597318	-0.0440910013	0.0162749223	0.0056981516	0.0649507922	0.0700972185	-0.0537029639	-0.0376719267	-0.0397936229	0.0451220637	-0.0315115651	-0.0894731767	-0.0472168392	0.04853264	0.0353444571	-0.040529479	0.0231228505	0.0844616598	0.0051690419	0.0168876692	0.0100385479	-0.0297119035	0.1273120015	0.068780851	0.064588744	0.0483568727	0.0586410132	-0.0177275499	0.0774332088	-0.0288348849	-0.0561416983	-0.0966988375	0.0074398631	-0.0231904673	0.0456861417	0.0459062034	0.0420483178	-0.0021352309	0.06618938	-0.0495726084	-0.0408542067	0.0939465162	0.0530405369	-0.0563802742	0.0302647021	-0.1009435987	-0.0880042711	0.0399831557	-0.0432633066	-0.0768750839	0.0470023161	0.0463122139	0.0170844487	-0.0012218704	0.0207802845	-0.0650519841	0.0573194261	-0.0207699617	0.0220646432	0.0693374606	-0.0558547854	0.0277489853	0.0749263952	-0.048327805	-0.0522556997	-0.005105752	0.0338636594	-0.0660888833	0.1043059589	-0.0407206569	0.0460442917	0.0558155776	0.0889314058	-0.0289941858	-0.0642582899	0.0177443448	0.0156266368	-0.0242573874	-0.0006808432	0.0208901256	-0.0496289428	-0.0371114944	0.0779328795	0.0890121812	0.0139427904	0.0021364233	0.0305817705	0.0088988495	-0.1058795489	0.0379476912	-0.1060130085	0.1366900762	0.0129347627	-0.0241582509	-0.0403134259	-0.0218616141	0.1227535677	0.0138339807	-0.0063045612	-0.0099431134	0.0057535234	0.1091046441	0.007487103	0.0336683597	0.00640065	-0.0236450059	0.0642461062	0.008608215	0.0846896109	0.0055965382	-0.0580300985	0.0312910502	0.0593069125	-0.0332233612	-0.1423918838	-0.0564073583	-0.0631347037	-0.0016680424	-0.0064290763	-0.0472843291	0.1629425508	-0.0035286126	0.0096580311	0.0469489822	-0.0276578354	-0.0787557834	-0.0629121428	0.0064061583	0.0702792922	0.0744157659	0.0152996203	0.0321656332414903	-0.0001919848855322	3.685819627285013e-08	0.001034627961826	0.0132289377557412	0.0032533407860029	0.0001750047941452	1.058422626986997e-05	0.0861545906791363	-0.0527240355255216	0.0027798239220964	0.0074226134950895	-0.0003149457600747	0.0002589182376904	9.919083178903053e-08	6.703865380875424e-08	0.0003720454952069	-1.6418102099998192e-07	1.3841785050374746e-07	2.6955407656596507e-14	-0.000288941410733	0.0004409519907688	1.944386581629679e-07	8.34871388363762e-08	0.0	0.0
1622.4210132653066	3.5895406793331404	12.884802288587425	2632249.944284824	2263.293091367713	18.444234668406352	5122495.617432818	340.1897925032428	1725.4836061789772	1.4965449662640822	2.2396468360503627	2977293.675192408	1818.21145540549	1594.895742134588	1.022237	28.14596	0.0876389891700233	0.0408843502061691	0.1016861749	0.0355348094	-0.0435439921	0.1225397112	-0.007150408	-0.0314494167	0.0056300303	0.0976271724	0.0321771304	-0.1169582659	-0.0345803947	0.0121738167	-0.097707368	-0.0802420303	-0.0254189854	-0.0381905869	0.0626863136	-0.0024421562	-0.0288537883	-0.0667998285	0.034179038	0.0953111534	-0.0819556692	-0.0610265772	0.0674043634	-0.0444323228	-0.1291486613	-0.0148557643	0.0986552478	0.0518017733	-0.057397937	-0.0227347183	0.0580249165	0.0840260806	-0.0326979737	0.0679578421	-0.0904327909	0.0822679699	-0.0007626399	0.0231665551	-0.0157090643	0.0507836205	0.0995145348	-0.0056680461	0.0034090453	0.0021961653	-0.0454952563	-0.1024168245	-0.0542176139	0.0081039428	0.0491289687	-0.0753266247	-0.0978096047	0.053728627	0.0237649957	0.0088198102	0.0174517218	0.0604963651	-0.0339958802	0.0842363451	0.1285135844	-0.0195381243	-0.0795454089	0.0830287436	-0.0005748259	-0.0160773955	-0.0344046615	-0.0047978686	-0.0656106927	0.0501309737	0.0862856623	-0.0131997908	-0.0125831828	-0.0423238729	-0.0025471506	0.0228772728	-0.0008053901	-0.0210645768	0.0759444141	0.0821257853	-0.0387208914	-0.0014079798	-0.0025636188	-0.0269631597	0.1349995168	0.0641445359	-0.0957909037	0.0111375993	0.0521385113	-0.0902752936	0.0628324074	0.1002411011	-0.1348658144	-0.0422797222	0.0463126198	-0.1003083546	0.0363801682	-0.0090449163	-0.1236025377	0.08726716	0.0849633606	0.063435608	0.0780800782	-0.0635486594	-0.0251697397	0.0425443827	-0.0458395141	-0.0165460071	0.0346276714	0.0057620016	-0.0259975371	-0.0014522567	0.0351443268	-0.1093175256	0.0363791633	0.0021994295	-0.0202910312	-0.01553322	0.0634623623	-0.0710992276	-0.0483576418	0.0048780096	0.0023647335	-0.032750407	0.0479950495	-0.025981514	-0.0704293446	0.0128522498	0.059475131	-0.0104997912	-0.0499324445	0.0138880584	-0.0609659698	0.0402765951	-0.1090712175	-0.0402078357	0.0020768231	-0.0376647522	0.0098051932	-0.0133437014	-0.0083048168	0.1040494632	-0.0193851461	-0.0111722996	-0.1476234018	0.1460507982	0.0613196645	0.1199787444	0.0712939396	0.0514392166	0.0104970426	0.0803877778	0.0691423057	0.0151420547	0.0128156767	-0.0569634439	0.0901887001	-0.0846353669	-0.011430723	-0.0287238334	0.0010720393	-0.0330457108	-0.090789192	-0.0031071099	0.1250131009	0.028775649	0.0937391585	0.0462468756	-0.0292606206	-0.0793936715	-0.0606775209	0.010657419	0.0727503781	0.0717551168	0.0085347133	0.0381935942466498	0.0060279610051595	3.633631387972357e-05	0.0014587506414777	0.0295260623322946	0.0162971245765534	0.0008717883568505	0.0002655962694637	0.0669161573781309	-0.0192384333010054	0.0003701173158772	0.0044777721182547	-0.0009499822153708	-0.000635036455296	9.024662095208132e-07	4.0327129955503553e-07	0.0001725960322169	-0.00019944946299	2.9789390337017186e-08	3.9780088286999384e-08	-0.000201917923273	8.702348746e-05	7.573087369700777e-09	4.0770847738881116e-08	0.0	0.0
1615.9835643945833	-6.437448870723301	41.44074796317671	2611402.880393422	2244.564293284053	-18.728798083659967	5038068.86668574	350.76787765850526	1718.8452137340198	-6.63839244495739	44.06825425326735	2954428.8687763484	1810.7115151726828	1550.7644706721417	1.181354	32.527039	0.1010842997931303	0.084440577135865	-0.0465081049	0.0790427691	-0.0621595645	0.0037210369	0.0084570422	-0.0249287379	0.0796608032	-0.0647955379	-0.0360932235	-0.0080583079	-0.0073472701	-0.03958524	-0.0903401303	0.0271732114	-0.0112069723	-0.0491963686	0.0781364325	-0.1087809738	0.0403604237	0.0272256858	-0.0868729995	0.0096445932	-0.0378988475	0.0333834694	0.0161517473	-0.0281242879	0.006161984	-0.094439143	0.0570663875	-0.0283632778	0.0462546002	0.0024892033	0.0145458549	-0.0372011663	0.0773195169	0.0182288558	-0.0649556103	-0.0427075322	0.0652442345	0.0210619903	0.0060282185	-0.0451183571	0.0438759758	0.0206205271	-0.0340010201	-0.0270678773	0.0225373338	0.0171276736	0.0265512534	0.0623298457	-0.0603977669	-0.0314647333	0.0048139252	0.0480625766	0.1646688743	0.0657066161	-0.0211898664	0.06078206	-0.0445101706	-0.1045153791	-0.0196579616	-0.0616787036	-0.0527155379	-0.0504870341	0.0444276875	-0.1145718183	0.057770096	0.0384865135	0.0445998019	0.0174915321	-0.0089898757	-0.016417166	-0.0579090272	0.0844320556	-0.0395452728	-0.0591359083	0.0492660179	-0.013125755	-0.0226901295	-0.0581481209	-0.0774318183	0.110922707	0.0280239875	-0.0704975256	-0.0294939119	0.0471058345	-0.0250077188	-0.0143899178	-0.0101523584	-0.0261519737	-0.0578849107	-0.0256812536	-0.0875357554	-0.0261179345	0.0345451486	-0.0903683078	0.0556147926	0.0044260048	0.0225727253	-0.065073421	0.0515890815	0.0107579603	-0.0566919191	0.0201139324	-0.0417051463	-0.0180087923	-0.0574187019	0.1089703047	0.0622639315	0.045546693	0.1645396863	0.0257685944	0.0178253118	0.0539234799	0.0684728912	0.025422086	0.0438662507	0.0046952716	-0.0244770717	0.0058062109	0.1229336163	0.0353607433	-0.0545482832	0.1227025945	0.0444555663	0.0523523719	-0.0556765853	-0.0948495054	-0.0218651862	0.0610523243	0.0484206147	0.0372178369	0.051064893	0.0624588127	-0.0317100618	0.0321656571	-0.0563936412	0.0137061095	-0.0249957031	-0.004400414	0.0202501424	-0.0634224491	0.1226169249	0.0547349519	0.0401824958	0.1275106477	-0.0330744524	0.0769600219	-0.0475675035	-0.0270344778	-0.0222877669	-0.010818055	0.0555542259	-0.029651819	-0.0416244069	0.0388021016	-0.0689058084	0.0017198333	-0.0833683375	-0.0339182143	-0.1056934738	-0.0838387981	0.0568888978	-0.0610472301	0.0804693864	0.1012362511	-0.0525151066	0.0455396975	-0.0308505711	-0.0799532077	-0.05833645	0.0148794683	0.0749343514	0.0687090676	0.0017099414	0.0374876088862947	-0.000705985360355	4.984153290357193e-07	0.0014053208200118	0.0380735260309705	0.0085474636986759	0.0014495933844309	7.305913568018229e-05	0.0671616932524017	0.0002455358742707	6.028786555392596e-08	0.0045106930405297	0.000661994668088	0.0016119768834588	4.382369405769413e-07	2.5984694728055457e-06	-4.7066861411870775e-05	-0.0002196628936287	2.21528944316425e-09	4.8251786837364674e-08	-0.000201984443382	-6.652010900001284e-08	4.424924901373588e-15	4.079771536833637e-08	0.0	0.0
1612.128959052866	-3.8546053417171606	14.857982340394468	2598959.7806168776	2233.2923682516466	-11.271925032406216	4987594.802091048	127.05629393618588	1715.1763429953835	-3.668870738636315	13.460612496821778	2941829.8875710173	1805.657406757416	1556.8012132469987	1.207887	33.257591	0.1286106629601831	0.0568974854090452	0.1309497325	0.0708619471	-0.0209032195	0.0938959247	-0.0873696872	0.1235472327	0.0163499461	-0.0811168631	0.0075354026	-0.025554711	0.0690773743	-0.0183043471	-0.0402195255	-0.0688275742	-0.0695171509	-0.0550460244	0.0660778483	-0.0127778246	0.0371586539	-0.0513659101	0.066171389	-0.0170427478	0.0647939133	-0.1050011547	-0.0018319544	-0.0607173726	0.0025145803	0.072993097	-0.021187299	0.0827386651	0.0048400498	-0.105048527	0.0385598331	0.2025487989	-0.0964043523	-0.0584700897	0.04296956	-0.0586471486	-0.0315282338	0.1025723527	0.1105360799	-0.0774276439	0.0897690824	0.0081233664	-0.03859093	0.069618304	0.0220698447	-0.0002376199	-0.1236869183	0.0372701825	-0.0002483706	0.0389723934	0.0281565353	-0.0151511783	-0.0742586407	-0.008619253	0.0400786556	-0.115042003	-0.0168504596	0.1122515174	0.0615442625	0.0291834465	-0.08813324	-0.0199781687	-0.0377760062	-0.1326035512	-0.0519770177	-0.0054170774	0.0493814396	0.0032022868	-0.0709483382	-0.027504909	-0.0421684938	0.0042682467	0.0009175899	-0.0105100678	-0.0042888255	0.0020045039	-0.0250446987	0.0577158573	-0.0383130127	-0.0492851908	0.0734889977	-0.0592950011	0.0381273639	-0.0899715358	-0.0550925639	0.0646291416	-0.1023115943	0.0189790734	0.0479150715	-0.0377306018	-0.103960467	-0.1179141488	0.0704422324	-0.1562848667	-0.1512497784	0.0450640524	-0.0247616858	-0.0018102553	-0.0122917886	0.0886371348	-0.0224863106	-0.031922952	0.0256735976	0.1117974571	-0.0394585569	-0.0326306181	-0.0697328718	0.0661220437	-0.1165746237	0.0484058589	-0.0149456915	0.018107391	-0.060700029	-0.0181631406	0.041476024	0.0162570201	-0.0251726242	-0.0718197097	-0.097689088	-0.1340445225	-0.0590762833	-0.0371513199	0.0744187586	0.0027428012	0.0691808471	-0.0169186494	-0.0368721942	0.0558980772	-0.0138371693	0.0466959418	0.0203108256	-0.1234561685	0.0001467673	-0.0505364615	0.0461068325	0.0592216919	-0.044413415	0.032932085	-0.0743181152	0.0295334658	0.0163192909	0.1135013575	-0.1419367601	0.0680869931	0.0759864667	0.1201619012	0.0092555789	0.0853206344	-0.1637599975	0.1767802734	-0.0013594092	-0.0312423067	0.0475638305	-0.0215242354	0.0082426176	-0.0024856723	0.0149852354	-0.1600374459	0.0085087354	0.0518462425	-0.1015240273	-0.0682446493	-0.0083532454	-0.0298322426	0.0521973992	0.0448275254	-0.0324269895	-0.0804338397	-0.0558930371	0.0190607341	0.0768225931	0.0652939789	-0.0051268245	0.0211432199020151	-0.0163443889842796	0.0002671390512694	0.0004470357478249	0.0150183006562656	-0.0230552253747049	0.0002255493546019	0.0005315434170784	0.0453019647620323	-0.0218597284903694	0.0004778477296726	0.0020522680113004	-9.594527160951333e-05	-0.0007579399396975	9.205495144223283e-09	5.744729521886702e-07	0.000542009171579	0.0005890760329908	2.937739420757539e-07	3.470105726442615e-07	-0.0002019740138538	1.0429528200003434e-08	1.0877505847466688e-16	4.0793502272215e-08	0.0	0.0
1612.7345447449447	0.6055856920786482	0.3667340304503753	2600912.711813684	2232.702433633163	-0.5899346184837668	4984960.157151448	0.3480228540855875	1720.566338556463	5.389995561079559	29.052052148457346	2960348.525373593	1801.5236918419685	1534.477432241661	1.485451	40.899979	0.0893110632559969	0.0521006026457517	-0.0680942042	0.2403433962	-0.0986589255	0.1637045301	-0.0672262532	-0.1123780452	0.0210885039	0.045037432	0.0052412072	0.1288174035	0.0605493115	-0.0217295518	0.0474756243	0.0423920647	0.0660788564	0.0095150393	0.1191624327	-0.0951010141	0.1422026333	-0.0995019877	0.0802410639	0.0696092447	0.0817528595	0.0849503336	0.1164081642	0.1883717571	0.1091338852	0.0948545527	0.0575094628	-0.0957876845	0.0494718669	0.0110442403	-0.037746898	0.1397549264	0.0033028257	0.0381853337	0.1228206161	-0.0292613185	-0.0371206349	0.0372975727	-0.0031370656	-0.0866097055	0.169889233	0.0704918563	-0.0260335291	-0.0674026232	0.1063202258	-0.0775702139	-0.0413486362	-0.0326615158	0.1187788728	0.1264581639	-0.0111606675	-0.0674862137	0.0390139002	0.0812533179	0.05602464	-0.0159094557	-0.0181779349	0.0098574918	0.0843062896	-0.0671912315	0.0403902664	0.0315797203	-0.0908229427	0.0321793564	0.0681804691	-0.0134346687	-0.0416556729	-0.0390288238	0.0109804862	-0.0549872125	0.0832260661	0.017610972	0.1276155792	0.1205008388	0.0208658536	0.0760080377	0.0478788299	-0.0484759967	-0.0757677538	0.0044469008	0.0807851461	0.1421647814	-0.1285204571	-0.0038342917	0.0450758869	-0.1382004793	0.1247866626	0.035256171	0.1800502578	-0.1109078857	-0.1998426019	-0.0198199287	-0.1256183314	-0.2734875433	-0.0402965244	0.0885175332	-0.1047801132	-0.0168923526	0.0089440229	0.0444287346	0.1180694549	0.003355747	-0.0132897712	-0.032618482	-0.1615525576	-0.0937677462	-0.0484758178	0.0021722178	-0.1031982396	-0.0583031049	0.0073551466	0.0877765392	-0.069531138	0.050636933	0.0366947162	0.0421961931	-0.1185123305	0.1175728265	0.0763027863	0.0195376741	0.000506193	-0.0498466746	-0.0141633869	0.0510633751	-0.1012027937	0.0603976603	-0.0305242832	0.0375884373	0.0745647107	-0.0643049022	-0.0221393737	-0.0059298217	-0.0842364335	0.078043458	-0.0199983296	0.0479036563	0.0031595144	-0.0049549543	-0.0010683405	0.0063509578	-0.0818975232	0.1571860013	-0.0296827344	0.1431984744	-0.2310762639	0.0473458239	0.1579971513	-0.0801411311	-0.1030047634	0.3108412923	-0.0183611234	0.0595699057	-0.0793587425	-0.0174721097	0.0448380797	0.0354909976	-0.0090143974	-0.0147097759	0.2359559731	-0.1450147873	0.0355594283	-0.1501161995	0.0614444348	-0.0811452484	0.1195651572	0.0441104375	-0.0339891844	-0.0808350932	-0.0533515689	0.0231897558	0.0784076511	0.0615281933	-0.0119276293	0.004694538834201	-0.0164486810678141	0.0002705591088706	2.2038694865821283e-05	0.0582739427955516	0.0432556421392859	0.0033958524089392	0.0018710505768819	0.0474785000371085	0.0021765352750761	4.737305803651021e-06	0.0022542079657737	0.0003690638634369	0.0004650091350464	1.3620813529497076e-07	2.1623349567661346e-07	0.0006249627969026	8.295362532359995e-05	3.905784975123204e-07	6.881303954328203e-09	-0.0002026153489602	-6.413351063999954e-07	4.1131071870109355e-13	4.1052979634263625e-08	0.0	0.0
1621.139614097863	8.40506935291819	70.6451908273646	2628093.648397368	2241.3238027256166	8.621369092453733	5023532.388664419	74.32800502831651	1723.2238816139916	2.657543057528528	7.062535102618078	2969500.546164792	1812.3611105539755	1546.5552393595378	1.752312	48.247631	0.2389682248233332	0.1380442690275744	-0.0056997932	-0.0715630017	0.0132110912	-0.0562938613	-0.0511573859	0.0977066303	0.1032965131	-0.0030085138	-0.0110503191	0.0050919667	0.0464781073	0.123204369	-0.0396794262	0.0214161235	0.0414043545	-0.0048356988	-0.036807742	0.084611327	0.0204910112	0.0956594056	-0.0235968414	0.0005269944	-0.0128308659	-0.0112783034	0.0856558856	0.0537464489	-0.1030257395	0.0223228884	-0.0752626515	0.1373004305	-0.0376167411	0.0495105593	-0.1282892019	-0.0936659832	-0.0104590805	-0.0135029699	0.1000085609	-0.0402919042	-0.0197987201	0.0323402512	-0.1187865394	-0.0240812557	-0.0318148622	-0.0155151618	-0.0584911468	-0.0551849339	-0.111374158	0.0834396845	-0.0315179568	-0.0203478035	0.0362732079	-0.0825748214	0.115075814	0.0490499408	0.0844027077	-0.0673660036	-0.0152811721	0.0088692954	0.0120508658	-0.1096818419	-0.0547834933	0.0384962976	-0.0221990239	0.0411583463	0.0178611785	0.0279172031	-0.1168490234	0.0376469256	0.0437944074	-0.0477530344	0.0396034509	0.0062330744	0.0475592021	-0.0308665973	-0.0119889458	0.003909798	-0.0023773542	-0.0269902245	0.0808685393	-0.0764191488	-0.0177593742	-0.0765991855	-0.0054322187	-0.049778846	-0.0060492247	-0.0223547894	-0.0001155868	0.0667893224	0.1066654535	0.0229970865	-0.0609250868	0.0423851958	0.0609676078	0.1180000912	-0.0274035524	0.0998132239	-0.0808010858	-0.1204638787	0.0240387473	0.0099355119	-0.0501875254	0.0012849956	-0.0591887043	0.1540943829	0.0435926224	0.016058137	0.0985889566	-0.0570386747	-0.08495491	0.0134452388	-0.070475998	-0.1190008584	0.0345336643	-0.0539691517	0.1195252779	-0.0061896568	-0.0614313176	0.0406099706	-0.0445697455	-0.0947526179	-0.0498919693	0.0341205034	0.0125410631	0.0590870436	0.1447976489	-0.0280706615	-0.0283071067	-0.1642437304	-0.0767367599	-0.0100344484	0.0036348876	-0.0349497735	-0.0262769842	0.0251197682	0.027834624	0.0643113467	-0.0127630824	-0.0063972273	-0.0348360603	-0.0053135136	0.0048464365	-0.0629327937	0.0104228983	0.0060889635	0.0473808823	-0.0424015308	0.126943617	-0.0492307296	-0.0899607426	-0.0158101128	-0.0024338928	-0.0261740789	0.0538994272	-0.0534211266	-0.1117347332	0.0237680077	-0.0152103787	0.0497370847	-0.0335196264	-0.0556279873	-0.0525482835	0.1507836502	-0.0035051857	-0.0180164281	0.0328300465	-0.0513640022	-0.0583608301	0.0433885123	-0.0355364705	-0.0811565722	-0.0507165039	0.0272552159	0.0796832699	0.057431937	-0.0186447705	0.0133523084480486	0.0086577696138476	7.495697468646283e-05	0.0001782841408918	0.0092626987131865	-0.049011244082365	8.579758745126682e-05	0.0024021020465011	0.163445734481499	0.1159672344443905	0.0134483994646802	0.0267145081201966	-0.0004639172945184	-0.0008329811579553	2.152192561532719e-07	6.938576095085524e-07	0.0003816004464933	-0.0002433623504092	1.4561890076388593e-07	5.9225233596738894e-08	-0.0004329113742502	-0.00023029602529	5.3036259264372336e-08	1.8741225795519677e-07	1.0	0.0
1616.6886808555853	-4.450933242277642	19.810806727212167	2613682.2908065724	2248.05386256744	6.730059841823277	5053746.169004385	45.29370547452235	1723.7034434925426	0.4795618785510669	0.2299795953594282	2971153.561108049	1811.8561364769148	1566.5490538954589	1.111735	30.610176	0.0775775354567324	0.0460088955747874	-0.0318315776	0.0262106694	0.0488124052	0.1065554274	0.0387957654	0.004919425	0.0363020667	0.0898506221	0.0566765515	0.0181309407	-0.0344222102	-0.0012720823	0.0317789567	0.0742358749	-0.0215626538	-0.0370197324	-0.0479515565	0.0129892774	0.0531339067	-0.0767657913	-0.0498815651	-0.109977073	0.0010086502	-0.080388831	0.0099018597	0.1809989971	0.0213517865	-0.0389853028	-0.0135330393	0.0287613167	0.0151447512	0.0296383184	0.0279348608	-0.0264828401	0.0897717497	0.0562440435	0.0177924945	-0.0084181756	-0.0414524461	0.061462195	0.0205733777	0.0876455544	0.0157904883	0.008990928	-0.016416992	-0.031978697	0.0762897833	-0.1079991801	-0.0280982624	-0.0235791162	0.0337856295	0.0652443383	0.0902006352	-0.0847022094	0.0031482983	-0.089174547	-0.0061223097	0.1045787577	-0.0278856988	-0.0481191595	-0.0031017029	0.0970811145	0.0171853927	0.0081825204	0.0127851037	-0.0808221282	-0.0689495247	0.0580433824	-0.0106051164	-0.0129832374	0.0300908795	-0.030475014	-0.0130502452	-0.0003742517	0.0059018861	-0.0403615072	0.0771465607	-0.07293508	0.0209662277	0.0518826521	-0.1094580118	-0.0771624236	-0.0382473123	0.0960585584	0.0308503629	0.0125283172	0.0152747765	-0.0754852033	0.0924428886	0.061556594	-0.0801963378	-0.0624198397	-0.0326839022	0.0396104563	-0.0140685177	0.0176146647	-0.083759621	0.0161340776	0.0396332063	0.0048306868	-0.0273903256	-0.0350194923	0.0548520192	0.0642115406	-0.0248564022	-0.0458370374	-0.0254870678	0.0300192885	-0.1376631649	0.0235911836	0.0130609758	-0.03780039	0.041141617	-0.0811175205	0.0999230682	-0.0128763195	0.0732734713	-0.0277516542	-0.0058736266	0.0600941248	-0.0588528874	0.0701408031	-0.1113848971	0.0242006735	-0.0867754667	0.1066304819	-0.0227884322	-0.0069871553	-0.0439214278	-0.1141301028	-0.0172309855	0.0202616261	-0.0499549509	0.0570754739	-0.0368003681	0.0249070672	0.0226617502	0.0043103424	-0.0267133931	-0.0278063692	-0.0627164208	0.1245321601	0.0094724773	0.020380522	-0.0285639246	-0.0021731403	-0.0612573475	-0.0552496619	0.0576351728	0.0400629235	0.0293542865	0.0515936256	0.0503245121	0.0113613054	-0.1115324509	-0.0301452574	0.0409184836	0.047915337	-0.0122363794	0.0065620325	0.0755610595	0.0337404262	0.02206992	-0.0591336691	0.0440353844	-0.0394327543	0.0057446534	0.0426618292	-0.0370681691	-0.0813979594	-0.0479924649	0.0312459714	0.0806444153	0.0530272111	-0.0252311319	0.0125047209940731	-0.0008475874539754	7.184044921366701e-07	0.0001563680471396	0.0136387899135144	0.0043760912003279	0.0001860165903049	1.9150174193587283e-05	0.204393174509093	0.040947440027594	0.0016766928448134	0.0417765697859045	-0.0002238433180522	0.0002400739764662	5.010583103661837e-08	5.763551417629357e-08	0.0003815921357785	-8.310714800043896e-09	1.4561255808799717e-07	6.906798048766866e-17	-0.0008209574225659	-0.0003880460483157	1.5057973561343059e-07	6.739710896660457e-07	0.0	0.0
1620.0733679537082	3.384687098122868	11.456106752199398	2624637.717552871	2255.700389639679	7.646527072239223	5088184.2478206	58.46937626648735	1718.8784901012075	-4.824953391335157	23.280175228556637	2954543.263732607	1815.482558469259	1585.9740336212046	1.064391	29.306635	0.0720653126730321	0.0367466356790527	0.006513738	-0.0841827688	-0.0083292122	-0.0215711671	0.0550219636	-0.0553471751	0.1202960142	0.0993654604	-0.0319479281	-0.0739568372	-0.1159055462	0.0692254887	-0.0674812206	0.0430901309	0.0762636597	-0.0381163328	0.0326724583	0.0298340135	0.0088296821	-0.0163709955	-0.0040908548	0.0650199106	-0.0559176114	0.0300584703	-0.0509294474	-0.0279466187	-0.0501584072	-0.0171562351	-0.1287926662	0.1112255298	-0.0486084295	0.0236357661	-0.0509496189	-0.0699031094	-0.0640184429	0.0132899607	-0.0384951292	0.0067594259	0.092370275	0.0773187731	-0.073233446	0.074673502	-0.0303875251	0.0806901206	-0.0012624804	0.0137377153	0.0406994802	-0.0193050306	-0.0021635529	0.0044720372	-0.0271346431	-0.020469211	-0.070622574	-0.0755669105	0.00098148	-0.0678128338	-0.0469266177	-0.0400973248	0.038117074	-0.0362203523	0.1244338189	0.0076436789	0.042770849	0.0498478431	-0.0479647796	0.007737301	-0.0439289817	-0.0972529714	0.0946971666	-0.002737487	0.0828867344	0.0314655488	0.0532141511	0.068234092	-0.1249860167	-0.1113156726	-0.0644080659	0.060443498	0.0348497874	-0.0286168596	-0.0163380469	0.1568226302	0.0873674204	-0.0070429351	0.0470360424	0.0982454841	-0.0363221169	-0.0185798217	0.070335371	-0.0016695454	-0.0806298398	0.2072710395	0.0778598756	0.0564863935	-0.037933395	0.0414742744	0.0319430123	-0.0377454263	0.1984919051	0.0641803411	-0.0196950482	0.0739620269	0.0362935904	0.0748249578	-0.0437007045	0.0344265106	0.0126768771	-0.0992016137	-0.010754258	0.0088461156	-0.0385098075	0.0001051293	0.0131469256	-0.0251400285	0.0208152331	-0.0320111951	0.013886897	0.0364177798	0.016987334	0.0456280831	0.0666729734	-0.0182022682	-0.0181469147	-0.0092311331	0.0021203944	-0.0531744525	0.0393718236	0.0396123232	-0.0151630778	0.0995057153	-0.0170870473	0.0359499843	-0.020563198	0.0248227055	-0.0394410341	-0.0542411199	-0.0401615213	-0.0238002781	0.059664833	0.0389222916	-0.0159592482	0.0188412356	0.0327063193	-0.0707703306	0.0222802868	0.0281012494	0.0891605904	0.0043802037	-0.0333530289	-0.0072581144	0.0685533647	-0.0149140829	0.122350386	0.0068678655	-0.1042630344	-0.0328100314	0.0549055837	-0.0115827906	-0.0040898333	-0.0316389452	-0.0046540215	0.0560098748	0.0370003949	-0.0628007472	-0.0072386721	-0.0975233276	-0.0492279729	0.0419304676	-0.0385836084	-0.0815590168	-0.0451842308	0.0351510839	0.081287294	0.0483376736	-0.0316405151	0.0316894434946988	0.0191847225006257	0.000368053577426	0.0010042208290037	0.0082175263628556	-0.0054212635506587	6.75277395242268e-05	2.9390098485701648e-05	0.1788363726796404	-0.0255568018294526	0.0006531501197499	0.0319824481932112	-0.0004024496036851	-0.0001786062856329	1.6196568350629406e-07	3.190020526758106e-08	0.0001221655781769	-0.0002594265576016	1.4924428491296264e-08	6.730213878901627e-08	-0.0008209750751773	-1.7652611399975732e-08	3.1161468923855314e-16	6.740000740623734e-07	0.0	0.0
1614.5879220840216	-5.4854458696866	30.090116389261784	2606894.1581395986	2234.713434741101	-20.98695489857801	4993944.13541237	440.45227591494734	1714.5351296164772	-4.343360484730283	18.86478030031648	2939630.71068899	1801.472486861592	1562.2648618742369	1.130116	31.116287	0.0965810451639394	0.0675108947075663	-0.0177556543	0.0070767122	0.0798738431	0.0993119732	0.06858153	0.1002677964	0.0053634598	0.037625938	0.0204965848	0.0553263609	-0.055075926	-0.0623314119	0.0119496889	0.0753370921	-0.0535652028	-0.1672517064	0.0690568401	-0.0214723287	0.0217669494	0.1453081061	-0.0527958847	-0.0016248223	0.0356641667	-0.0642839999	-0.1147324002	0.0677758294	0.1163468975	0.0322189888	0.0049953208	0.0898256147	-0.0884279587	-0.0414267619	-0.0140460916	-0.0091864991	-0.0025709736	-0.0033302951	0.0108271164	-0.0549983654	-0.0362146915	-0.0168016541	0.0005529498	-0.0330177077	0.0569379124	0.1111375468	-0.0171110443	0.0331557839	-0.0252346133	0.0307843354	0.0089569513	0.0574238451	-0.0386278953	-0.0446329849	0.0303328984	-0.0172155729	-0.1524441515	-0.0049441838	0.0342452844	0.0309415493	-0.003238681	0.1143900123	0.0552708229	0.0472291077	-0.0224600261	0.0761602327	0.0433524755	-0.0153768058	-0.0530516245	0.0083145616	0.0384614196	0.0551471428	0.0051269713	-0.0583621972	-0.0213035722	-0.0930597386	-0.0065568038	-0.0518331194	0.1112574376	-0.0985949392	-0.0884123996	0.0072533675	0.0554307514	0.0366377448	-0.0075143199	0.1369385542	0.0016769639	-0.0261313129	0.0453750443	-0.0157384634	-0.0256458472	0.0475194756	-0.0810770173	0.033773466	0.0029848681	-0.0241175855	0.128961218	0.069390265	-0.1001488125	0.1160836192	0.0768292025	-0.0603790336	-0.0236253321	0.078850731	-0.0086004339	0.0524742806	0.0232990283	-0.0303346653	0.0095169721	-0.0310337116	-0.0413983102	-0.040384097	-0.1355233485	0.0643153404	-0.1168818139	-0.0496665182	-0.0063184368	0.048668365	0.0032713551	0.0004992509	-0.0206913499	-0.0435926764	-0.0241134917	-0.0167369243	0.1004984985	0.0555512907	-0.0034336046	-0.0073455057	-0.0083909057	0.0611288784	-0.0672950941	-0.0080118821	-0.0445778904	0.2161657597	-0.0644784386	-0.0950534688	-0.1088426911	0.0274235239	-0.056050472	-0.0096685016	0.0179566224	0.1171267521	-0.0064673628	-0.0266309467	0.0328349748	0.0276570287	-0.088400757	-0.064715369	-0.0709476554	-0.0677554633	0.0234849849	0.0621636049	0.0417224234	0.0143040842	0.009326304	-0.0039852694	-0.0989024288	-0.0381293464	-0.0222461928	-0.0071150167	0.0028019499	-0.0025678403	0.0064254566	0.0547557774	-0.0240558438	-0.0439221631	-0.0178803975	-0.041849947	-0.0326276356	0.041194508	-0.0400821236	-0.0816395852	-0.0422967282	0.0389598496	0.0816093689	0.0433885123	-0.0378279629	0.0098946747474713	-0.0217947687472275	0.0004750119447451	9.79045883582462e-05	0.0099645747023373	0.0017470483394816	9.929274899846049e-05	3.052177900485762e-06	0.2388927176250206	0.0600563449453802	0.0036067645681984	0.0570697305342678	-0.0004023433946693	1.0620901579999057e-07	1.618802072340161e-07	1.1280355037202643e-14	0.000381665190227	0.0002594996120501	1.456683174310121e-07	6.734004865415241e-08	-0.0008209232336062	5.184157109996111e-08	2.6875484941123228e-15	6.739149554744596e-07	0.0	0.0
1616.4325396317115	1.8446175476899496	3.402613897245684	2612854.1551802247	2242.1276696722603	7.4142349311591715	5027136.48710996	54.970879614420845	1714.4737806285511	-0.0613489879260669	0.0037636983195527	2939420.344462757	1804.6471913223336	1537.304722880269	1.157656	31.874557	0.0681464254578726	0.0358642529800595	-0.0430589644	-0.0577484418	-0.0358884894	-0.1208581392	0.0075993579	-0.0398922527	0.0815705302	-0.0505822787	0.0269857509	0.0440352829	0.0172456642	0.0554864462	-0.0405404546	0.0630851784	0.0271489916	-0.0420585189	-0.0245560393	-0.0034653888	-0.1330666201	0.1959754987	0.0295650741	0.0250618869	-0.0189580725	0.1120151097	-0.0458291459	-0.0668026658	-0.0408502061	0.043814286	-0.0082247719	-0.0600529363	-0.033669699	0.0245346492	0.0977773654	0.0089836604	0.0486144828	-0.0630718054	0.0058794605	-0.099579513	-0.0203768256	-0.1021302311	0.0430802514	0.0026669173	-0.0484861315	0.1622872838	-0.0112800804	0.0677443154	0.0327466128	0.0724199464	0.0348492881	-0.0011583258	0.0335062962	-0.0566866681	0.0706948328	-0.0603338759	-0.0164024378	-0.0418473901	0.0690541082	-0.0653740062	-0.0312073709	-0.039496771	-0.0897572037	-0.0137088479	-0.1296378755	-0.0298945132	0.0203840308	0.0375725611	0.0573278408	-0.059739252	0.0498579408	0.047712155	-0.0276516597	0.0011740251	0.1002551861	0.0420407196	0.0106463608	-0.0313685449	-0.0542718059	0.0070641968	-0.0290453778	0.0681891034	-0.053822582	-0.0595509007	-0.0584185951	-0.0177251909	-0.0823010833	-0.0183701543	0.0581490478	0.0339956313	0.0029215207	-0.0589378131	-0.0922031612	0.1029026523	0.1265454012	-0.0525972604	-0.0909342424	0.0885370011	0.0348754579	0.082215351	-0.0589079355	-0.0921336265	-0.0229296068	-0.0893512711	-0.0712931043	0.0163570581	-0.039704673	-0.0457851178	-0.0034106779	0.0703114321	-0.0368458081	-0.0362263597	0.0159121445	0.0903578906	0.0260823375	0.0120270833	-0.0703089433	0.0583619871	0.0302306875	0.0751574302	0.0093839193	-0.0797287298	-0.0540561182	-0.0957221315	-0.0502299301	0.023506941	0.0997844645	-0.0594096457	-0.0203091247	0.091880827	-0.0481288382	-0.0002608482	-0.0571844885	0.039023373	-0.0122165572	0.0234026336	0.1342053995	-0.0070200899	0.0360353279	0.0442218202	-0.0043860869	-0.0957080811	0.0169022221	-0.0300699285	0.0004608611	-0.0406448708	0.1244472589	-0.044443187	0.0240651046	-0.0273489736	-0.0284231559	-0.1244197283	0.0731152489	-0.0101320329	0.0472235905	-0.0765767938	-0.0875360295	0.0443930838	0.0465506844	0.0111170335	-0.1014980651	-0.0168517649	0.0049637103	-0.0383473263	-0.0036189553	-0.018328911	-0.0038071998	-0.0317337349	0.0098935682	0.0404540309	-0.0415630576	-0.0816395852	-0.0393350228	0.0426618292	0.0816093689	0.0382063093	-0.0437500746	0.0083512049007197	-0.0015434698467515	2.382299167831407e-06	6.974262329380472e-05	0.0011302032655464	-0.0088343714367909	1.2773594214517463e-06	7.80461186831869e-05	0.2675854234676507	0.02869270584263	0.0008232713685716	0.0716019588523619	-0.0001499060376632	0.0002524373570061	2.2471820127880743e-08	6.37246192122252e-08	0.0003815368760653	-1.2831416170002797e-07	1.4557038779766808e-07	1.6464524092780925e-14	-0.00049197133814	0.0003289518954662	1.0820934953080583e-07	2.420357975512622e-07	0.0	0.0
1619.8033763317478	3.370836700036307	11.36254005831166	2623762.97797573	2236.852866408002	-5.27480326425848	5003510.745957694	27.82354947663192	1717.0338916015626	2.560110973011433	6.554168194133546	2948205.3849084065	1804.239016323072	1548.3092931391118	1.03197	28.413967	0.0381376883878592	0.0194947669351025	0.0193582336	-0.0819134148	0.0548418368	-0.0180221591	-0.0649297499	0.0159674667	-0.0859882888	-0.037014006	0.0828758844	0.0471589648	-0.0038198133	0.0610005978	-0.0088994139	-0.1125278568	-0.0778582881	0.0025802919	0.0226349633	-0.1066713511	-0.1040174092	0.0834524874	0.0172530126	-0.0996122896	-0.0218043173	-0.01348372	0.0537961775	-0.036672068	0.0250742543	0.0842430492	-0.0080641647	-0.026125244	-0.029906273	0.0412482665	-0.0604947689	-0.0004286641	-0.0695538613	-0.0413886232	-0.0535103265	-0.040604611	0.0090895345	-0.0752875079	0.0249988713	0.0271859264	0.0870412802	-0.0235583939	-0.0150359444	0.0308323482	0.0859266506	-0.0466128415	0.009615224	0.0236832056	-0.1991521054	-0.048310613	0.0671211449	0.0057060655	0.0347784729	-0.0845473777	-0.0794384276	-0.0898419946	0.0334212675	-0.0170236049	-0.1109047665	-0.0001748108	0.0662266527	-0.0964693859	0.0959424514	0.036740288	0.0581284362	0.0852041646	0.0314900906	0.0163759444	-0.0551079011	-0.0136471016	-0.1099124609	0.0020032724	-0.0368850418	0.0148816351	-0.0461455206	0.0270330783	0.0250770778	-0.0154185728	0.0654672819	0.0341614869	0.0271498953	0.0042396073	0.0515830808	-0.0629905535	0.0712431548	0.114493462	-0.0147932606	-0.0659631006	0.0286074804	-0.0315846325	-0.0068603005	0.0191128272	0.0249514653	0.0500793207	0.1060123082	0.0415566406	0.0359813937	-0.0342441656	-0.0174925609	-0.0767102596	-0.0252036839	0.0698239794	-0.011636381	0.0772760835	-0.0689705891	0.0857026617	0.0543522359	-0.0352194532	0.0403086209	-0.0576199238	0.0639172893	0.048618881	-0.0615286665	-0.0070501904	-0.0205728486	0.0747071365	0.0074314547	-0.0075229479	-0.0366032144	0.0223670251	0.0768508478	0.0402595572	-0.0980017637	-0.0781589399	0.080931385	0.0414387528	0.0112110085	-0.0116818066	-0.0309582232	-0.1097533321	0.0207566808	-0.1066850468	0.0386617057	-0.0074323771	-0.0133309337	0.010691706	-0.0248451046	0.0315795079	0.0502820987	-0.0265849285	0.0114154646	-0.0415660384	-0.0293447727	-0.0573584097	0.0300728199	-0.0605977719	0.0208822782	0.0586043743	-0.0638169954	-0.0510918056	-0.0295353188	-0.0435776519	-0.0158029405	0.0013806624	0.1261958378	-0.0587393988	-0.0657901086	-0.0244036821	-0.0763058905	-0.0167407323	-0.0228013533	-0.0367314863	0.1019801172	-0.0055508473	-0.0108602479	0.0397091175	-0.0430257605	-0.0815590168	-0.0363043104	0.0462468756	0.081287294	0.0328188985	-0.049365311	0.0199547379259854	0.0116035330252657	0.0001346419786684	0.0003981915656947	0.0019170599009612	0.0007868566354148	3.6751186638733657e-06	6.191433646962995e-07	0.2677854567991744	0.0002000333315237	4.0013333720486985e-08	0.0717090508731425	-0.0004024418152578	-0.0002525357775945	1.619594146679932e-07	6.377431896530925e-08	0.000202114770974	-0.0001794221050912	4.085038064587248e-08	3.2192291795393496e-08	-0.0005709587633672	-7.89874252272e-05	6.2390133440225114e-09	3.259939094658022e-07	0.0	0.0
1617.521635230279	-2.281741101468924	5.206342454132619	2616376.240438035	2226.272016995691	-10.580849412310728	4956287.093658063	111.95437428599624	1717.5435091885654	0.5096175870028219	0.2597100849825787	2949955.705955772	1805.5401536403003	1559.5624933207864	0.998591	27.494917	0.0743053268380131	0.0396845968091768	-0.0518172616	-0.0103679183	-0.028375513	0.0226435442	0.0339285356	-0.0523800143	-0.0572425066	0.0039457464	-0.0669327336	0.0729487697	0.0032538371	0.0314174921	0.0472656874	-0.0320165639	0.0673468797	0.0781792952	-0.0226797803	-0.0791134609	-0.0315424782	0.0223298211	0.0207140017	-0.0088023244	-0.0081841021	0.0973916148	-0.0304352844	0.0279172943	0.0756464051	0.1138563884	0.0003398873	-0.0446851538	-0.0029181414	-0.0255901159	0.0652548252	0.0433939957	0.0650342845	0.0364941687	0.0019872476	0.016502364	0.0621557281	-0.0390091481	-0.0285160264	-0.072602567	0.0297186967	-0.0932773926	0.0206953358	-0.0435047235	-0.0194834034	0.0478188328	0.0005450516	-0.030690614	-0.0311672158	0.0450005131	-0.0085464245	0.0401253648	0.132598784	0.0456241672	0.0452034895	-0.0216087322	-0.0131756539	-0.0156036459	-0.0509323598	-0.0597020831	-0.0664824923	0.0354967754	0.0247352346	0.0376871467	-0.0544596387	-0.0017573638	0.0324985094	0.0036261437	-0.0532448428	0.0545296078	0.0418637214	0.0911433118	0.006319358	0.0429831602	-0.0538324363	-0.0003211109	-0.0094422242	0.082671422	0.0091491787	0.019754839	0.0263622513	0.0466903479	-0.0590245628	0.0276118434	0.0666500472	-0.028581086	0.0019332418	-0.0836856574	0.0676326708	0.0074823105	0.0569086682	0.0129605995	-0.0068267537	0.0203790928	-0.0056656765	0.0426712145	-0.0600548156	0.0404434834	-0.0279656635	-0.061156498	-0.1157177594	-0.0113686025	-0.008335885	0.04146239	0.0007856696	0.0587690973	0.1066225264	0.0509140546	-0.0146727951	-0.0290699117	0.0485482532	0.104007458	-0.0091961723	-0.0492595951	0.0490958559	-0.0718511819	-0.0275888278	0.0176074276	0.0249432124	0.0589246364	0.0532001066	-0.0554050927	0.090698028	0.053844226	0.034533099	-0.026526565	0.0429264286	0.0050685976	0.0315156119	0.0074390204	0.0456284726	-0.0060770589	0.0280996029	-0.0582264671	-0.0112414664	-0.0427343905	0.033676059	-0.0302384599	0.0236945582	-0.0192341437	-0.0971458279	0.0053783107	0.0229049039	-0.0071412957	-0.0607261908	-0.0681231468	0.0078116744	-0.0629413616	0.0218573214	-0.1073132269	-0.0411127204	0.0271548385	-0.0287805576	0.0295714618	0.0421589547	-0.0086496763	-0.0644689921	0.0335349218	-0.0621410615	0.0835535807	-0.0045360981	-0.0157812344	-0.0426780824	-0.0021006368	0.1260340685	0.0389598496	-0.044469591	-0.0813979594	-0.0332099078	0.0497051625	0.0806444153	0.0272552159	-0.0546342852	0.0184687498456099	-0.0014859880803754	2.208160575018059e-06	0.0003410947208597	0.0070305977308606	0.0051135378298994	4.942930445318222e-05	2.614826913781226e-05	0.2369069699904002	-0.0308784868087742	0.0009534809475996	0.0561249124300323	-9.534354541512065e-05	0.0003070982698426	9.090391652325172e-09	9.43093473403671e-08	0.0003815396762039	0.0001794249052299	1.4557252451777686e-07	3.21932966167586e-08	-0.0008209818706739	-0.0002500231073067	6.251155418729764e-08	6.740112319752162e-07	0.0	0.0
1615.3062109411264	-2.215424289152452	4.908104780966647	2609214.155104979	2241.2905153009388	15.018498305247704	5023383.173977948	225.55529134472812	1718.499764404297	0.9562552157315168	0.9144240376137296	2953241.440257624	1807.5980658022384	1540.0378122288955	0.964716	26.562214	0.0948270257175162	0.0435590964876011	0.0340718037	-0.0333247941	-0.0230014246	-0.0466645265	-0.1146233908	-0.0643174988	-0.0486010342	0.0063226103	0.0239335528	-0.0447993446	0.0231368119	0.1153410387	0.0741781079	-0.0208939826	0.0251629421	0.026030781	-0.0551513503	0.0369025313	-0.0465440982	0.0141064823	0.0228190303	0.0029794319	0.0244924445	-0.0381263694	0.0760718392	0.021353635	-0.0418398158	-0.0188405842	-0.0668370249	-0.0291391871	0.015661922	0.0090466601	-0.0516917038	-0.0746462806	-0.0120504864	0.0272938485	-0.0401958169	-0.0641006664	-0.0213171041	-0.0119701742	-0.0361170722	0.0172003014	-0.1035999915	0.024049179	0.0779395219	0.0299994543	-0.0908230089	-0.0488399264	0.0262840099	-0.1027604463	-0.0044917703	-0.0243414741	-0.1097059865	-0.0129892374	0.0354916121	-0.073028819	-0.0572188532	-0.1278837868	-0.0654276383	0.0315809404	0.0004430764	0.060645906	0.0424265599	0.0684267962	-0.0399506569	-0.0422040158	-0.025130857	-0.0284145047	-0.0475613746	-0.0839096849	-0.0412652611	0.0163230937	-0.0646455157	0.0289172594	-0.0028472647	0.0133364237	0.0095192153	0.0582335794	-0.0804982793	-0.0026744998	0.0727454402	0.0021799998	0.0194214468	-0.0417381833	0.0092097312	-0.0567031366	0.0026783547	0.0553595648	0.0961278288	0.0321596949	0.0535652707	-0.0204628634	0.0722299924	0.0086115588	-0.0153466565	0.0297891267	0.0305005919	-0.0492097786	0.0562067724	0.0068055902	0.0154320126	0.0051937531	0.0598935159	-0.0179779586	0.0390867191	-0.0021542195	-0.0020259092	0.01008858	0.0153958708	0.043842123	0.0118677652	-0.0026456231	-0.0807142014	-0.1280206165	-0.0484986016	-0.0289260947	-0.1071379171	0.0423164975	0.0271729231	-0.0166140392	-0.0060878842	0.0487192154	-0.0607080413	-0.071229511	-0.0205028684	0.0724602979	0.037975445	0.0230801471	0.0054382281	0.0726941346	-0.0272580166	0.0328956768	0.0208541773	0.0423559174	0.0590431466	-0.0827783167	-0.0908261015	-0.002610196	0.0288705336	0.0362312384	0.1192467329	0.0438295346	0.0505728776	0.0084076486	0.0598548814	-0.05613964	0.066539364	-0.0257904361	0.0077225141	-0.021494318	-0.0658657518	-0.0126313015	-0.0686141662	0.0841600992	-0.0547787412	0.0184104116	0.0243953656	-0.0451959815	-0.0632864202	0.1071743921	-0.0079319024	0.0301784258	-0.0334388059	-0.0108370218	0.0571775629	0.0665254831	0.0084230483	0.0382063093	-0.0458939156	-0.0811565722	-0.0300572439	0.0530272111	0.0796832699	0.0215451443	-0.0595200392	0.012630850462969	-0.0058378993826409	3.4081069201839e-05	0.0001595383834178	0.0157011797184907	0.0086705819876301	0.0002465270445523	7.517899200421552e-05	0.2640463950732226	0.0271394250828223	0.0007365483938261	0.0697204987511643	0.000531977648125	0.0006273211935401	2.830002181046063e-07	3.935318798646014e-07	-5.471836290493748e-05	-0.0004362580391088	2.9940992389964373e-09	1.90321076687088e-07	-0.0008209850233134	-3.152639500045122e-09	9.939135817244758e-18	6.74016408504904e-07	0.0	0.0
1615.7604752232232	0.4542642820968012	0.2063560379889222	2610681.9132935763	2237.1341125761983	-4.156402724740474	5004769.037652094	17.275683610230036	1717.011875443892	-1.4878889604049164	2.213813558494823	2948129.7804153515	1802.4201493591945	1517.8973378424826	0.98232	27.046902	0.0716384665653527	0.0418256613732346	-0.0677948553	-0.0395666645	0.0938406961	-0.03258815	-0.0479441682	0.0285534877	-0.0086480754	0.0886889607	0.0327106372	0.0285856498	0.027191919	-0.0013416601	0.0165020296	0.0457956215	-0.0871405433	0.0025257519	0.0064953452	0.0055186815	0.0477238308	-0.0198726102	-0.0504493205	-0.068536582	0.0166436208	-0.0798633958	-0.0711771783	0.03996466	0.0125579195	-0.0356298091	0.0054089181	-0.0048810916	-0.0018420439	-0.0502753434	-0.0123543625	-0.0451118524	-0.0281358825	-0.0494695299	-0.0879741313	-0.0601186249	-0.0501245055	-0.0502134673	-0.0298651563	-0.0005979114	0.0012129921	0.0267978545	-0.0967122397	0.0356911459	-0.0663414254	0.0221905904	-0.0280326578	-0.027583608	0.0345575668	-0.0599934943	-0.043508388	0.0415270961	0.0050057104	-0.0094697127	0.0973710474	0.0251210249	0.0707772712	0.0220001769	-0.0233353328	0.0236572819	-0.0076697634	-0.0109901838	0.0619245575	-0.0156106501	-0.1233809226	-0.0845016546	-0.0295174299	-0.0051327866	0.096026754	-0.0530911858	0.0497081326	0.0364032603	-0.0536487103	0.0344273401	-0.0153220258	0.0539233111	0.0215741198	-0.0422730784	-0.0441959992	-0.0809090039	0.0431714807	0.0906839432	0.0276046916	0.0020001686	-0.0348228552	0.0617349853	-0.0077414228	0.1073851288	-0.0543354758	-0.0291011978	0.0117421954	0.0455951671	0.0586356498	0.0095363875	0.0601540467	-0.0187012313	-0.0187516412	-0.03746065	-0.006479907	-0.0251087919	-0.0433771888	0.0680178382	-0.0112053065	-0.0289830056	0.020204161	0.0450717209	0.0187859372	-0.0154098565	-0.0451411381	0.0222137409	0.0005747616	-0.0239210868	0.011052792	0.0405289671	-0.0649945908	-0.1033963774	0.0560909018	-0.0580438839	-0.0585186831	0.0616947047	-0.0285694705	-0.0013424062	0.0131454366	0.0113357747	-0.0472322993	-0.0504180249	-0.0342864147	-0.0492459324	-0.0650365318	0.0104205467	0.0218957853	-0.0306091107	-0.0258950834	-0.0717470516	-0.0832742773	0.0058555106	-0.0301944944	-0.0298219163	-0.0492417573	0.048831345	-0.0712030782	-0.0339627278	0.0722572399	-0.0444241001	-0.0108270104	-0.066439606	-0.0077214383	0.0632293491	-0.0172656506	-0.047500528	-0.0591293991	-0.0153216831	-0.0888579345	-0.0316846325	0.0264932301	0.0005867501	-0.103099302	-0.0371690324	0.0346564047	-0.10039977	-0.0846067719	0.0208416122	-0.0229811769	0.0473523896	-0.0257224198	0.0374485793	-0.0472981097	-0.0808350932	-0.0268518493	0.0562039158	0.0784076511	0.0157193527	-0.0639883028	0.0091490192311027	-0.0034818312318663	1.2123148727199597e-05	8.370455289108705e-05	-0.00736040543417	-0.0230615851526607	5.417556815535926e-05	0.0005318367097534	0.2838561107796238	0.0198097157064012	0.0003924248363684	0.080574291626934	4.498519455782671e-05	-0.0004869924535671	2.0236677294055213e-09	2.371616498313754e-07	-3.6018441053720096e-05	1.8699921851217383e-05	1.2973280959403091e-09	3.496870772416373e-10	-0.0008209993373835	-1.4314070100008776e-08	2.0489260282796526e-16	6.740399119841462e-07	0.0	0.0
1615.5254245869507	-0.23505063627249	0.0552488016121024	2609922.397486848	2233.894268497758	-3.239844078440456	4990283.602827133	10.496589652605683	1716.8719859730113	-0.1398894708806892	0.0195690640632792	2947649.416218912	1806.800165480775	1566.6422628448122	1.112573	30.633253	0.0587999633805807	0.0347144707071733	-0.0050646593	-0.0477708512	-0.0773912775	-0.0525636383	0.1002936972	0.0589342413	0.0105452644	-0.0871391133	-0.0269582346	0.0404842007	-0.0750946925	-0.0763118606	-0.043765348	0.0694276104	0.0588581663	-0.0514397483	-0.0953007459	-0.0403843109	-0.0103238174	0.0819185428	-0.005789603	-0.0217119544	-0.0269091396	0.0711859659	0.0157391195	-0.0316904215	0.0616655204	0.0103934072	-0.0312915577	0.0036643949	0.0514734671	0.0260480891	0.0753297693	0.0337225133	-0.0309465962	0.031569191	-0.0280760613	-0.0385917803	0.0682816246	-0.0338872115	0.0605057711	0.0126462959	-0.0935694723	-0.0122826507	0.0108005984	-0.0562246456	-0.0178197444	-0.0143974175	0.0303650173	-0.0551024593	0.086655461	-0.0397213379	0.1027786716	-0.0568294822	-0.0268612052	-0.1123201773	0.0714243284	0.0473448705	-0.0111819445	-0.0178896096	0.0477672933	-0.1007427744	0.0157428549	-0.0247538012	0.0200139918	0.0056553644	-0.0243985272	0.047773501	-0.0420918078	-0.0920057269	-0.0010814287	-0.0944184128	-0.0329620845	-0.0710056839	-0.0060509847	-0.0014085654	0.0141685953	-0.0018673674	-0.0189424826	0.0005580755	0.0445311889	-0.0343597264	-0.0206228652	-0.0242488134	-0.043265445	0.0038573216	0.1062385097	-0.0901669393	-0.0100039723	0.0168752415	-0.0864914406	0.0610176839	-0.0036490538	0.0356759664	-0.0425793114	-0.0190273447	-0.0006006401	0.0701213187	0.0362881118	0.034798642	0.0207836254	-0.007188159	0.0317861282	-0.0393536824	0.022745473	-0.0110469722	0.082299887	-0.0092322076	0.0323533315	-0.0282348239	-0.0071287715	0.0449276071	0.024944529	0.0210828706	-0.021115662	-0.0005258298	-0.0758895521	-0.0052934227	-0.0026539635	0.0077863009	-0.0080897978	-0.0700823989	0.0114154306	0.1010897162	-0.0431386204	0.0344978582	-0.1010524011	0.0145406199	-0.0509547547	-0.0434575593	-0.0762306341	0.0231819616	-0.0622011117	0.0020587288	0.0533975016	-0.0681889034	0.0433035333	0.0522314213	0.0377263058	0.0942142929	0.0061563683	-0.0442897457	-0.0807952437	-0.015015903	-0.0427770096	-0.0825523115	-0.0250644522	-0.0436529662	-0.0793867544	-0.091814074	0.0023777334	-0.0486806526	0.046774474	-0.0350910082	-0.0431533698	0.041268489	0.0071699964	0.0208169997	-0.0480987609	-0.0223719538	-0.0129554838	-0.0331653112	-0.0053226023	-0.0148900848	-0.0655819865	0.011861824	-0.0029025133	0.0366867426	-0.0486815572	-0.0804338397	-0.0235993474	0.0592265694	0.0768225931	0.0098091318	-0.0680077345	0.0125554523826991	0.0034064331515963	1.1603786816294976e-05	0.0001576393845342	0.0137066360925501	0.0210670415267201	0.0001878718729735	0.0004438202386885	0.2975987937930853	0.0137426830134614	0.0001888613364084	0.0885650420670993	-0.0003660145443325	-0.0004109997388903	1.339666466629276e-07	1.6892078536791672e-07	-3.534977591979072e-05	6.686651339293735e-07	1.249606657579416e-09	4.4711306133278717e-13	-0.0008210070471353	-7.709751799977148e-09	5.944027281725088e-17	6.740525714458247e-07	0.0	0.0
1613.7019391762622	-1.8234854106885905	3.3250990429941374	2604033.948501229	2238.3953879317896	4.501119434031807	5010413.912714307	20.260076159418816	1714.5793902033026	-2.2925957697086687	5.255995363286083	2939782.485309929	1805.256643293487	1576.6822323647757	1.047938	28.8536	0.0431677508334464	0.0226941450958896	0.1003333923	-0.0384368202	0.0536781241	-0.0221738045	0.0081889203	-0.0903554551	-0.0835703992	0.0169459494	0.0414015846	-0.0042490905	0.0056860205	-0.0611000336	0.118055266	-0.0826126611	0.1146767759	0.0494362096	0.012928728	-0.0159856221	-0.0090170914	0.0862416264	0.0235335682	-0.0204548654	0.0390302546	-0.0350334309	0.0080799592	-0.0306977648	0.0282641605	0.0855144507	-0.0081505711	-0.0639458473	-0.0160668655	-0.0275280881	0.0163682497	-0.0285251087	-0.0412709752	0.083836645	-0.0825467222	0.1175089732	-0.049911191	-0.0390740888	-0.0843355493	0.127375845	-0.0835409544	-0.0559422439	-0.0756606054	0.0094621226	0.006569829	0.0247077123	0.0627661303	0.1399005639	-0.126062755	-0.0559898463	0.0403878453	-0.004794651	0.1090473978	-0.091321683	-0.0168433749	-0.046251543	0.0844325365	-0.0122501615	0.1440171875	0.0073351707	0.0171914008	0.1556666084	-0.0314113113	-0.0019931827	0.114137223	-0.0531317572	-0.0703870051	0.0642499245	-0.0162921879	0.0127191879	0.0871290481	0.0242642943	-0.0459589196	0.0627548661	-0.0570466861	0.0233138221	0.0199053158	-0.0653863957	0.0107767862	0.0001871251	0.0167166128	0.0718626346	0.0646287569	-0.0960850086	0.036019867	-0.0487956194	0.0040665537	-0.1033897996	0.0601391872	0.0708567544	0.0755727807	0.0100110914	-0.0413015821	0.045587611	0.0690482901	-0.0234688697	-0.0014666865	0.0661430452	0.063688994	-0.1006523181	-0.0137535331	0.0586273188	-0.0937162532	0.1569021461	0.0454856365	-0.0273294837	-0.0309773901	-0.0359950022	0.0058105538	-0.0103651212	0.0331120446	-0.0210416222	-0.0438791432	-0.0019399633	0.0813932894	-0.0377262104	0.1237439497	0.0376668115	0.0738004882	0.0214095013	0.0479018771	0.0206398358	-0.046481287	0.0174612998	-0.1014250552	-0.0013650397	0.018317775	0.0552955722	-0.0108258576	-0.0509104916	0.1352223911	0.056537998	-0.0964700711	-0.0405345653	-0.0137968914	-0.0239082386	-0.0057230807	0.0497865697	0.047957738	0.0203184388	0.0031781628	0.0029083845	0.0435087992	-0.1170831221	0.0112889275	-0.0321283098	0.1214175691	-0.0329819769	-0.0260618175	-0.0296618969	-0.0076326417	-0.0023902715	0.0142318478	0.1087093061	0.0803306916	0.0372539287	-0.0428481572	-0.0407343404	-0.0319596593	-0.028588903	0.0062270735	-0.0102317796	-0.0595978386	-0.0491864646	0.0060615884	0.0359208828	-0.0500436514	-0.0799532077	-0.0203054443	0.0620868871	0.0749343514	0.0038462256	-0.0715501408	0.0127172594946927	0.0001618071119936	2.6181541491709444e-08	0.0001617286890553	0.0252845854561059	0.0115779493635558	0.0006393102616871	0.000134048911465	0.2932527432300986	-0.0043460505629867	1.888815549603704e-05	0.0859971714119781	-7.501022689786083e-05	0.0002910043174346	5.626534139268564e-09	8.468351276560024e-08	-3.597858696435807e-05	-6.288110445673499e-07	1.2944587199518767e-09	3.9540332976988173e-13	-0.0005710012997163	0.000250005747419	6.250287374253284e-08	3.260424842777038e-07	0.0	0.0
1614.947476459069	1.2455372828069358	1.5513631228620848	2608055.3517215154	2233.995525000876	-4.399862930913514	4990736.00572394	19.358793810826857	1718.3019952947443	3.7226050914416646	13.857788666827403	2952561.7470339	1802.10253819798	1523.8091235853667	1.211014	33.3437	0.0392731068649387	0.0196013167895861	-0.1033188984	-0.0038133966	0.0504086853	-0.0042345978	-0.0470431956	-0.0237906044	0.0026353424	0.0841446608	9.80783e-05	0.0614080063	0.0513046603	0.0277057159	-0.0008118692	0.0487536448	0.0033983392	0.065054111	0.0520312841	-0.0183703427	0.0124677165	0.042889828	0.0210967127	0.0273985432	-0.0010680396	0.0414984492	-0.1146376904	0.0823208171	-0.047026261	0.0810817137	-0.0675608433	-0.0748569981	-0.0035432942	-0.0603439973	-0.0206931483	0.0936139053	-0.0623717711	-0.0064279907	0.0232299207	0.0587665417	0.030191973	0.0124664795	-0.0734352152	-0.0098795164	-0.038495984	-0.0116557141	0.0456164786	-0.0018746999	-0.0155825731	0.0502253826	-0.0241398368	-0.1025708434	0.0074924281	-0.0113002327	-0.0457142728	0.0925004833	-0.0177496086	0.0266286042	0.1029050929	0.0875197201	0.0656385195	0.0173864371	0.0470357872	-0.0137873077	-0.0299099477	-0.0720080137	0.0439801632	0.0541340823	0.0693311658	-0.0236972257	-0.0859619936	0.0265770555	0.0596029219	0.0505987308	0.0494216306	-0.0914313629	-0.0539210924	0.0442794963	0.0112403573	0.022466713	0.0742447843	0.0149309425	-0.0591090704	0.0299558054	-0.0657478709	0.1027406622	-0.0642926034	0.0374762695	-0.0239720917	0.0653973268	0.0168125895	0.016355502	0.0318105758	-0.0097058418	0.0432033193	-0.0545378275	-0.1066765498	0.0556886214	0.0361153295	-0.0305039961	-0.011364468	-0.0391501847	0.0414551327	0.0657031913	0.0327048888	-0.1074348158	-0.019710138	0.0491240928	0.0459377389	-0.0260435597	0.0691909198	-0.0357677897	-0.0677814714	-0.0277242833	0.0455779402	0.1640535146	-0.0450762742	-0.0767417049	-0.0101569108	0.0453842641	0.0504926188	-0.0222950675	-0.0579730188	-0.030203645	0.0420405882	-0.0046471825	0.0178238929	-0.0310557125	-0.0233280626	-0.0249904783	-0.0019601174	0.0155673692	-0.0223048135	-0.0278975704	-0.0528396007	0.0251976732	-0.0617256676	0.0492304145	-0.0264580336	-0.0562972796	0.0659758904	0.0027865428	-0.0298433424	-0.0879682933	0.0512520664	-0.0151152637	0.097446668	0.0094905808	-0.0485793879	-0.0615078262	0.0207739497	0.0211993124	-0.0022372283	-0.0080409339	-0.0472980671	0.037837897	-0.0495455962	-0.0314602143	0.0286739865	-0.0036380391	-0.0236592462	-0.0661479381	-0.0066856669	-0.0364266355	-0.0290488059	-0.0220728346	-0.0784125905	-0.0438482995	0.0052746259	0.0351510839	-0.0513837948	-0.0793936715	-0.0169759185	0.064777029	0.0727503781	-0.0021373389	-0.0745906743	0.0282260186814653	0.0155087591867726	0.0002405216115133	0.0007967081306064	0.0223245267618352	-0.0029600586942707	0.0004983844951398	8.76194747352757e-06	0.2905999847821903	-0.0026527584479082	7.037127382948847e-06	0.0844483511554092	3.7985190451589486e-05	0.0001129954173494	1.442874693643525e-09	1.2767964341976456e-08	-3.601561666854991e-05	-3.7029704191837716e-08	1.29712464401593e-09	1.3711989925350032e-15	-0.0008209994633824	-0.0002499981636661	6.249908183642215e-08	6.740401188741888e-07	0.0	0.0
1617.3069075112328	2.3594310521637	5.566914889914304	2615681.6330835475	2239.806075160279	5.810550159402737	5016731.254324893	33.76249315493518	1718.5885715553975	0.2865762606531916	0.082125953169966	2953546.678280821	1810.366786592968	1555.917211660681	1.029953	28.358431	0.0234771305911283	0.0131563078148126	0.0074222751	-0.053785438	-0.0388720642	-0.0557631842	0.008362355	-0.0051093709	0.1171626446	-0.0749439859	-0.0296709672	-0.08072054	-0.0371790786	0.0180036229	-5.00796e-05	0.0081723538	-0.023018693	-0.0196371863	-0.0925390493	-0.025676314	-0.0708690867	0.0113258649	-0.0115888777	0.0416964624	-0.0313970595	0.0360532855	-0.0169840024	-0.0580942946	-0.0921599545	0.0141125985	-0.0757296059	0.0176360538	0.0368395887	-0.0164133157	-0.0144327786	-0.0820039694	0.0098787717	-0.0490981599	0.055376331	0.082417913	0.0232446904	0.0917731866	0.0931999288	-0.0403743067	-0.0325044539	-0.0220454869	0.059937906	-0.0472593291	-0.0879658828	0.0691539358	0.022946557	0.012957782	-0.0326168263	0.1369569244	0.0906725025	0.0393141014	0.0325674347	-0.0547018205	0.0074426934	-0.0830350741	0.1185505955	0.0859007922	0.0489193999	0.0392719437	-0.0496981066	-0.0178155826	-0.031272705	-0.0232166783	0.0943892187	0.0422593235	-0.0057667742	0.0027834759	0.0134499495	0.0200785522	0.0268084281	-0.0678902782	0.026412826	-0.0015109419	0.0312059123	0.0107291611	-0.0318222108	0.0425759197	-0.0677965439	0.1076986807	-0.0458013171	-0.0905456878	-0.0087666458	0.0017377174	-0.0070016106	0.0332274775	0.0018138767	0.0196943284	-0.0385947305	0.0521493902	0.1011383323	0.0129845712	-0.0646711617	-0.0067443411	-0.0412975456	-0.0151679756	0.0655038556	0.0113672541	0.0802757878	0.0097682035	-0.0684338463	-0.0036461452	0.0439930937	-0.0353447318	0.0310076015	-0.0956792744	-0.0251420554	0.1114976525	0.0085356099	-0.0407064027	0.0492021484	0.0763410138	0.0072924042	0.0833830749	-0.0218190022	-0.0326437099	0.0196757294	-0.0450809972	-0.0505766381	0.0559997896	0.0306970338	-0.0785782996	-0.0467833247	-0.0347440365	-0.0312105277	0.039494363	0.0822523364	-0.0080025877	0.0091805094	0.0936370935	0.0532815924	0.032527456	-0.0599232698	0.0160431957	0.0726025633	0.0749204796	-0.1001797449	-0.0777053975	-0.0727031074	-0.0368388349	-0.028208445	-0.02923462	0.0901565385	-0.0263600823	0.0789017551	0.0178710548	-0.0125436744	-0.0829886425	-0.0117560317	-0.0175786629	0.0424110244	-0.0419844428	-0.0470664428	-0.0042400798	-0.0364433503	-0.0048021251	0.0276781773	-0.0661273722	-0.0841227422	-0.0274384247	0.0134515161	-0.0404814402	-0.0491964493	-0.006615205	-0.0012016012	0.0343774302	-0.0527013995	-0.0787557834	-0.0136166111	0.0672896215	0.0702792922	-0.0081094236	-0.0771080077	0.0280870910687269	-0.0001389276127383	1.9300881581190486e-08	0.0007888846847029	0.0321929949860191	0.0098684682241839	0.0010363889261698	9.738666509172738e-05	0.2978170606728554	0.0072170758906651	5.208618441161966e-05	0.0886950016278192	0.0001629848054253	0.0001249996149737	2.6564046799522896e-08	1.562490374357587e-08	-3.606692896895858e-05	-5.1312300408667966e-08	1.3008233652519032e-09	2.6329521732293866e-15	-0.0008209972133857	2.249996700022169e-09	5.0624851501106525e-18	6.740364243870847e-07	0.0	0.0
1616.004545039651	-1.3023624715817732	1.696148007384585	2611470.6895888094	2243.2180537065583	3.4119785462794425	5032027.236475039	11.641597600271178	1716.920546209162	-1.6680253462354813	2.782308555683997	2947816.1619951674	1805.6337947107013	1540.7577245803109	0.952319	26.220879	0.0272383447947459	0.0144645540984187	0.0158195496	-0.057659575	0.1076131915	-0.0283897921	-0.0291276543	0.028981841	0.0160152827	-0.0009442793	0.0415858659	-0.0518872282	0.006710735	-0.0421926433	0.0206715456	-0.0594910025	-0.0341400432	0.0950662898	-0.0030803422	0.029740228	-0.0138288189	-0.0191641918	-0.0962308287	0.0492151411	0.0138472529	-0.0859988792	-0.0088520085	-0.043745096	-0.0438485358	-0.0161376809	-0.0125959541	0.0429654604	0.0912074304	0.0826746676	0.0057778898	0.0916430433	-0.03227691	-0.0230678981	0.0370359627	0.0767379587	0.0298024651	-0.068790098	0.0463247634	-0.0226437395	-0.0518263587	-0.0574808043	-0.0120175311	0.042678218	0.00214439	0.0194767254	0.0882152585	-0.062625244	0.021130783	0.0488823103	0.0072167563	0.0293023522	-0.0059110337	0.0292687698	-0.0387201071	0.0823765679	-0.0293570795	-0.0498503538	0.0742931565	-0.02882733	0.0089725685	0.0361679385	-0.0758700243	-0.0552482702	-0.0480461748	-0.1022198766	-0.0305716757	-0.0872314483	-0.0502503942	0.0400686763	0.0056554605	-0.0151361833	-0.015138789	-0.1631592554	0.0722712224	0.0765603067	0.0466968564	-0.0067792567	0.1353914244	-0.0497095045	-0.0367026391	0.0132782167	0.0727378463	-0.0326504706	-0.0175741868	0.0481437601	-0.0774594894	-0.0108209843	-0.0002597816	-0.0089655625	-0.0433667482	0.0806344686	-0.0581166834	-0.0070160848	-0.031194037	-0.0572214505	0.0186907696	0.0434411305	0.0523775099	0.0067987976	-0.0391529321	-0.0475611557	0.0254623917	0.0205281232	-0.0284742471	-0.0888897017	0.0186228685	-0.1222689445	0.0540912154	0.0263782948	0.0251468162	-0.0045567267	-0.0521519663	-0.0677305686	0.0017085993	0.0033566441	-0.0275969044	-0.0349175248	0.0024299154	-0.0452863753	-0.0702830515	-0.0275992557	-0.026296665	0.0598434611	0.0342217105	0.0243761833	0.1389805135	0.0872916934	0.0699420961	-0.0006666309	-0.0406605199	0.0297614066	0.0443242505	0.0601121047	0.0168556811	-0.046212867	-0.0079384767	0.0448500462	-0.0005582987	0.0042621764	-0.1091379201	-0.0361166476	0.0543624151	-0.0381128899	0.0401506585	-0.0251796871	-0.0115545712	0.0727610125	-0.0958274766	-0.0803489173	0.0529738059	-0.079960027	0.0489467183	0.0190963331	-0.0390067253	0.0180214039	0.0819952828	-0.0013176438	-0.0066030411	-0.0723292962	0.0230227309	-0.0601057589	-0.0066445411	0.1012879574	0.0161376307	0.0336000067	-0.0539958877	-0.0780401729	-0.0102334157	0.0696177779	0.0675308461	-0.0140379523	-0.0790844839	0.0380711136051417	0.0099840225364147	9.968070600763856e-05	0.0014494096911356	0.023613336084665	-0.0085796589013541	0.0005575896410473	7.36105468635847e-05	0.2919936224437691	-0.0058234382290863	3.391243280798401e-05	0.0852602755478343	0.0001059847764906	-5.700002893469999e-05	1.1232772847762438e-08	3.249003298556636e-09	-3.604348135244351e-05	2.344761651507099e-08	1.2991325480039431e-09	5.497907202378298e-16	-0.0008209982393923	-1.0260065999925794e-09	1.0526895432283328e-18	6.740381090852564e-07	0.0	0.0
1617.979157600292	1.974612560640935	3.8990947646409504	2617856.5544289504	2221.809864266571	-21.40818943998738	4936439.072952238	458.3105750983872	1716.7160560191762	-0.2044901899857905	0.0418162378004246	2947114.016994036	1805.8901490525773	1543.5950472858508	1.011729	27.856653	0.0364260336642325	0.0196550640124882	-0.0800898493	-0.0518552191	-0.0423985881	-0.0231780861	0.0451506972	0.046117087	-0.0824455363	-0.0177112628	-0.0906949294	0.0799503415	-0.0286061316	0.0025980264	0.0204993256	-0.065108385	-0.0625534092	0.0665184252	0.039025211	-0.0280309451	0.0001604685	-0.0014557938	-0.0045210914	-0.0057321833	-0.0240939316	0.0837615552	-0.021376661	-0.063695178	-0.0058276211	-0.0070840076	0.0742981732	0.0022940721	0.0448113415	0.0429107668	0.0628989171	-0.0634167577	0.0627411068	0.0810339047	-0.0661267131	0.0256118518	-0.0299153269	0.0794905949	0.0522243393	-0.0013169077	0.0281571488	0.0160879498	-0.0201991027	0.0779902054	-0.0880947779	0.0519656699	-0.0203653447	-0.0102187488	-0.0684693278	0.0493106248	0.1094076037	-0.0679616399	-0.0335620989	-0.0302719417	0.0054062796	0.0547153174	-0.0761621875	0.0171920288	0.0106325854	-0.0306168327	0.0562342649	-0.0694602903	-0.0087781961	0.001350728	-0.0649968355	-0.0403589701	-0.1741142427	-0.146986748	0.0143469369	0.0396332566	0.0082884891	-0.0172335242	0.0281223481	-0.0666472908	0.0184042218	0.1054706472	-0.027771188	-0.0598786913	-0.0071139246	0.0864975106	-0.0020258114	-0.0106796945	-0.0611954488	0.0524132356	0.037661556	0.0017424599	-0.0847285144	-0.0468092076	0.0360459978	0.0334232013	0.0383240978	0.068379192	-0.0157454379	0.0795701739	-0.0599568432	0.0296618703	-0.0510618587	0.0897640619	0.0256416273	-0.0692681088	0.029152827	-0.0182793998	-0.0307979401	-0.0203209999	-0.0512326845	0.0377036718	0.0153494947	0.0240424765	0.0497360459	-0.0072215993	-0.1053154398	-0.0432964469	0.042943005	-0.0222504781	-0.0608618675	0.0617817801	0.054197539	0.0166242762	-0.047010674	0.0267819784	-0.0122214099	0.077600473	-0.0742473343	-0.0179263087	0.0935505788	-0.0112455666	-0.0475468863	0.0113878845	-0.0149928729	0.1299818044	0.0800533312	-0.0329425614	0.0349791315	0.0483184593	-0.012489605	0.0865334139	-0.0080768496	0.021385441	-0.029234649	-0.0051517164	0.005479256	-0.0311221725	-0.0193592448	0.0044159504	-0.0560018173	-0.043150618	-0.0995217623	-0.0425283521	-0.022364128	-0.1020203472	0.0033811432	-0.032305965	0.0288440435	0.0170310354	0.0823642658	0.0003413966	0.0276768764	0.0418143334	0.0084853439	0.0211457577	-0.0069251758	0.0078960497	0.0126213754	-0.0334965363	0.050765882	0.0328188985	-0.0552666915	-0.0772475461	-0.0068322673	0.0717551168	0.0645158866	-0.0198910824	-0.0805062393	0.0377135409878235	-0.0003575726173181	1.2785817665578578e-07	0.0014223111738402	0.0085081291509254	-0.0151052069337395	7.238826164882657e-05	0.000228167276511	0.2973022278144483	0.0053086053706792	2.818129098160438e-05	0.0883886146634341	-9.50167430977504e-05	-0.0002010015195883	9.0281814689039e-09	4.0401610876826016e-08	-3.5955651087382634e-05	8.78302650608731e-08	1.2928088451176e-09	7.714155460663226e-15	-0.0009330018643888	-0.0001120036249965	1.2544812012356606e-08	8.704924789529769e-07	0.0	0.0
1616.8323397223362	-1.1468178779557547	1.3151912451989405	2614146.814772004	2231.383248778202	9.573384511631048	4979071.202927963	91.64969100753724	1714.8344390314276	-1.8816169877486573	3.5404824885843307	2940657.1532882308	1803.045911866387	1563.0027467310792	1.034194	28.475191	0.0453925210695704	0.0243328092788701	0.0722150243	-0.0532491977	-0.0231659089	0.0045270185	-0.019592358	0.0535967046	-0.0290714805	-0.0907375245	0.047002411	0.0401974574	-0.0110693355	0.030796732	0.0682580749	-0.0185420746	0.0067001145	-0.008461097	0.0312375652	0.0517113465	-0.0708782723	-0.0362048247	-0.013391063	-0.0320441722	-0.0031992141	-0.0475952001	0.0260247534	-0.0183934914	0.1090407748	-0.0327422352	-0.0129955838	-0.0085659919	0.026818981	-0.0261216314	0.0228216384	0.003411782	0.0194062194	-0.018073488	0.1146519053	0.0589431921	0.0035284497	0.0456180012	0.0541748445	0.0115224687	0.0614813652	-0.0573968177	-0.0473685902	0.0260566663	-0.0126289644	0.1154091754	0.0334933855	0.0066913187	0.0546798032	-0.0277335893	-0.0669195974	-0.0155833936	-0.0136629504	-0.1010666034	0.0354847906	0.011444617	-0.0002362041	-0.0116853881	-0.1355127808	-0.0237062833	0.0157271188	-0.1152172803	0.0341389402	-0.0306621772	0.0030285393	-0.00661806	0.173608066	0.0673615728	-0.0367989155	0.0048827756	-0.0384214198	0.0382117477	0.0004971365	0.043301945	-0.0780858121	0.0565932798	0.0464734616	-0.0578201612	0.0578303175	0.0418881182	0.0847799319	-0.0373126694	0.0170765238	-0.0716506049	0.1105457404	-0.0012471678	-0.0123223087	0.0978975738	0.0430027207	-0.0398686524	0.0258559435	-0.036326409	0.0856993588	0.0094625429	-0.0196826116	-0.0036594963	-0.0250666428	0.0123886562	-0.0128421958	-0.0130188605	-0.1102569787	-0.0379209895	0.0309009788	-0.0648737758	0.0061092355	-0.0532703427	-0.0668274737	-0.0461435382	0.0405862335	-0.0628865259	-0.0462454083	0.0246998006	-0.0286741249	0.028962347	0.0007240797	-0.0618087997	-0.0363712095	0.0947878107	-0.0435316635	-0.0133594405	0.0899822233	0.051193559	0.0251160659	-0.0049917239	0.0242798839	0.0414645359	0.1380855542	0.0371405073	-0.0403336652	-0.0127494352	-0.1339312721	0.0538400963	0.059487446	-0.0356931036	-0.0546691803	0.0199855993	-0.1494160274	-0.0095184071	0.0079546213	0.0480782735	0.0129370154	0.0008486615	-0.0680713011	-0.0916624968	0.0371988677	-0.0455523347	0.0201519127	-0.0524577692	-0.043579446	-0.0078673985	-0.0212310572	0.0401385571	-0.0168719188	-0.0448526335	-0.0318093297	-0.0034511569	0.0931518274	0.0273391391	0.008589754	0.049903275	0.006400485	0.0115121131	0.0137717746	0.0084118317	-0.0261510664	0.0320341914	-0.0565132535	-0.0763786853	-0.0034191328	0.0736957799	0.0612463124	-0.0256373767	-0.0813633012	0.0272113453073785	-0.010502195680445	0.0001102961141103	0.0007404573134373	0.0120310065481703	0.0035228773972448	0.0001447451185621	1.2410665156018994e-05	0.3043167614465005	0.0070145336320521	4.920368207519112e-05	0.0926086912972862	-0.0001261013136834	-3.1084570585649586e-05	1.5901541312679243e-08	9.662505284942314e-10	-0.0001609204446786	-0.0001249647935912	2.5895389515558365e-08	1.5616199637295565e-08	-0.0012640107874085	-0.0003310089230197	1.0956690711866169e-07	1.5977232706850562e-06	0.0	0.0
1617.7669226165185	0.9345828941823128	0.8734451860981882	2617169.8159121205	2234.256936111792	2.873687333590169	4991904.056563653	8.258078891236575	1716.5740110085228	1.7395719770952385	3.0261106634950363	2946626.335269888	1802.135652277355	1563.533558557904	1.004912	27.668961	0.088239749150329	0.0431672876237902	-0.0306368345	-0.0333966778	0.091261261	0.0382354935	0.0392166316	0.0024830706	0.061415241	0.0981964091	0.0535282047	0.1004115752	0.0618663406	-0.0440393089	-0.0102826258	-0.0185070857	0.0557764648	-0.0771996358	0.017744038	0.0201037	0.0275138625	0.0174988897	0.0449183279	-0.1103457388	0.0322180206	-0.0283206658	-0.0408679679	0.0948476933	0.0400530928	-0.0122957429	-0.0441362832	0.0880479926	0.1058739724	0.0616462489	0.0645524128	-0.0223672061	0.0132903789	0.0073959291	0.0954820674	-0.0167677967	0.0071724982	0.0011314922	-0.007810919	0.0583980059	0.0009963345	0.0050138921	-0.0484183849	0.0001610687	-0.0487197173	-0.0353634855	-0.0684314483	-0.0042193746	-0.1072759522	0.0104417797	0.0283971329	0.1087537375	-0.03926813	0.1031858073	0.0213079585	0.0821320773	0.0875121884	-0.057994322	0.035948081	-0.0291505223	-0.0358355403	-0.0453781835	0.0492256092	-0.0126537513	-0.0509932683	0.0596764459	0.0899562893	0.0573800952	0.0332416485	-0.0611925992	-0.0856884741	-0.0061591792	0.0220034224	0.1410836536	0.0918489746	0.1077825518	-0.1030274758	-0.0219096248	0.0526229187	0.0684261908	-0.058277398	0.1386841057	-0.007405946	-0.0041355955	0.0331111044	0.0016830177	0.0131844332	-0.0019006003	-0.0740457397	-0.0684910182	0.1013241853	0.0624291149	0.0483879524	-0.0360005423	-0.0667957011	-0.013112285	0.0045219843	-0.0296837446	-0.0031136926	0.0237099661	-0.0531682548	-0.0317445886	-0.0184438111	0.0100231422	-0.0470836523	-0.0192029315	0.0557595063	-0.0544389162	0.1464360681	-0.0814855628	0.0046166307	-0.0068167195	0.1582748719	-0.002112601	-0.0465647211	-0.063187114	-0.0747337072	-0.0265409108	0.0179836782	0.0653732163	0.048169693	0.0836724086	0.0661602647	-0.0336855366	0.0551762003	-0.0430637196	-0.0028149402	-0.0065961003	-0.0601362701	0.0067601075	-0.1023163007	-0.0047288279	-0.0916368788	-0.0232718042	0.0736064116	0.0115274709	-0.0345347059	-0.0675181762	-0.1036171991	-0.0287837999	0.0476615821	-0.0296821763	0.0553334834	-0.0712147377	-0.0366213286	-0.1339631192	0.0560370295	0.0137847611	0.0059238069	0.0140836763	0.1405736992	0.0647087969	0.0081646947	0.0146765965	-0.1847186898	-0.0056624767	0.0034796436	0.0340617867	0.0803581484	0.0118364468	0.0023369215	0.0342996527	-0.0112247708	-0.0244129383	-0.0101988305	0.0312459714	-0.0577350269	-0.0754344479	-0.0	0.0754344479	0.0577350269	-0.0312459714	-0.0816496581	0.0351102161009038	0.0078988707935253	6.2392159812807e-05	0.0012327272746521	-0.0072275225512896	-0.0192585290994599	5.223708222939973e-05	0.0003708909430747	0.3228545645349143	0.0185378030884137	0.0003436501433448	0.1042350698410291	-0.0003118550656492	-0.0001857537519658	9.725358197106685e-08	3.4504456369371946e-08	0.0002791620771114	0.00044008252179	7.793146529715126e-08	1.9367262598504585e-07	-0.0010389561377857	0.0002250546496228	5.0649595316841336e-08	1.0794298562425785e-06	0.0	0.0
1616.3153168181086	-1.451605798409901	2.1071593939772453	2612475.2033808227	2239.086907493694	4.829971381901942	5013510.179309675	23.32862354999175	1716.9441137695312	0.3701027610084111	0.136976053706049	2947897.089807841	1805.501520000166	1551.6518956465018	0.995824	27.418711	0.063923216205665	0.0381044532537363	-0.0279415193	-0.0453252982	-0.0339878191	-0.0441225063	0.0296320265	0.0372968628	0.0425091175	0.0171265716	-0.0033061071	0.0084254981	0.0106680099	0.0321361019	-0.0624781131	0.0059481379	0.0464418196	0.0376239161	-0.0158752559	0.0689854011	-0.0026191463	-0.0027419266	0.0884817816	-0.1122352731	-0.0079779595	0.0141357677	0.015162602	-0.01742846	-0.0299025437	-0.0204048175	-0.050904381	-0.0537611968	0.0223183556	0.1298154277	0.0080108377	0.0310795172	0.0035465786	0.1225885786	0.0435007894	0.0053956733	-0.0186493825	-0.0298751836	-0.0485692419	0.0706980725	0.0128404905	0.0120600139	0.0318452063	0.0554609113	0.0427268352	0.0291479034	0.0800390063	-0.0800600839	0.066182617	-0.0049816493	0.0238604407	0.0087824366	0.0712583993	0.0141698416	0.0392976897	-0.1063293667	-0.0551681127	0.115969976	-0.0768923406	-0.0279910428	-0.0070519888	-0.0529997218	-0.0475558248	0.0206580733	0.0711996584	-0.0612562531	0.0584222769	0.0039953594	0.0111053939	0.027616734	-0.1078659491	0.0133765031	-0.0516891039	-0.0299216338	-0.0248909223	0.03494351	-0.0776794393	-0.0650080169	0.0050407479	0.0218833545	-0.0913226192	-0.0321335209	-0.0163660011	0.0219244484	0.0112123206	0.0287120813	0.0258220681	-0.0182235627	-0.035804042	0.0246445128	0.0495263116	0.0556121584	-0.0734537039	-0.0455994659	0.010238689	-0.1234564038	-0.0611958642	-0.0246902645	-0.0836634895	0.0176580122	-0.0619693726	0.015224185	0.0534545314	-0.0106394139	-0.1063029542	0.0517848994	0.0612206463	-0.0156327978	-0.0079676141	-0.0306276878	-0.052601229	-0.0135931326	-0.1445768869	0.0067195574	-0.017813273	0.0282228422	0.0194064741	0.0247409579	0.010363032	-0.0620716043	-0.0449971342	0.0881636928	0.0507356278	0.0581969781	-0.0180168037	-0.0158143974	-0.0226567656	0.0458964011	-0.0263510457	0.0219572604	0.0484983385	0.0304547112	0.0688802099	0.0047179463	0.0290946708	0.0428283678	-0.0014787523	0.0268629967	-0.0286725384	0.0649999903	-0.0511967909	-0.0110421979	0.0343034939	-0.015614417	0.0079799747	-0.0181637197	-0.0800714539	-0.0626683379	0.011766587	-0.0361988692	0.0377570404	-0.0944548385	0.0063134179	-0.001741863	-0.0030314025	0.0546446595	-0.0130921944	-0.0293648657	0.0484726737	-0.0637536731	0.0172032835	0.0946010939	0.0722956893	-0.0610142041	0.1128299672	0.0304543249	-0.0589314758	-0.0744157659	0.0034191328	0.0769663555	0.0539958877	-0.0366867426	-0.0813633012	0.0351070360810439	-3.18001985989691e-06	1.011252630933876e-11	0.0012325039823957	0.0189953317419906	0.0262228542932802	0.0003608226279882	0.0006876380872866	0.2947623634229543	-0.0280922011119599	0.0007891717633148	0.0868848508906857	-0.0003092754193128	2.579646336399986e-06	9.565128499110827e-08	6.65457522090187e-12	0.0004431569716991	0.0001639948945876	1.963881015655169e-07	2.6894325450830825e-08	-0.0010134310630985	2.5525074687199984e-05	6.515294377871373e-10	1.0270425196529555e-06	0.0	0.0
1618.5404811744138	2.2251643563051857	4.951356412571071	2619673.289200303	2243.714348078843	4.627440585149088	5034254.075774868	21.413206369084936	1718.44802512429	1.503911354758884	2.261749362972702	2953063.6150535727	1811.2362105213767	1585.9287445478242	1.079164	29.713394	0.070942187151707	0.0397661383276893	0.0998522488	-0.0273639328	0.0228282848	0.0644130966	0.029057851	0.0404710156	-0.0304951084	-0.0065758064	-0.0058605918	-0.0729660806	-0.046281087	-0.027705788	-0.0315454239	-0.0986526053	-0.0405887893	-0.0561812352	0.0395440441	-0.0389537855	0.0113153349	-0.1144699891	-0.0477734289	-0.079426075	-0.0365601113	-0.0945065908	0.0036937366	-0.0536706261	-0.0476405767	-0.0329823521	0.0236034779	0.0497828487	-0.0331346855	0.0155227899	-0.0080523709	-0.0072058919	-0.0734176693	-0.0220489271	-0.0618877653	-0.0973636294	0.1137966906	0.0139426239	-0.0151786177	-0.0667012566	-0.02496701	-0.0589611536	0.1166589894	-0.0449676715	0.0064651248	-0.045189983	-0.0516960938	0.0671909908	-0.0156265794	0.0110274634	0.0397894965	0.0136260661	-0.0521869951	0.0589011093	-0.0747467472	0.0763614721	0.0436249875	-0.0570459519	0.0055579894	0.0260940349	-0.0843887182	-0.0360654786	0.0463086755	-0.0015382277	-0.0177007197	0.0452550679	-0.0117888224	-0.0507799539	-0.0542625071	-0.0161411012	0.0142539533	-0.0882516194	0.0315499737	0.0775856191	0.0717253571	0.0329566721	-0.0099510883	0.0709638701	-0.0475529768	-0.1326519368	0.0123224768	-0.0480554177	0.1075885979	0.0018084055	-0.0043633368	0.0029724551	-0.0237149976	-0.0668629176	-0.0125434727	0.0318366274	-0.1035870896	-0.0519440552	0.0659861535	-0.0454956512	-0.0053133744	0.010839117	0.0623273273	-0.0260461903	-0.0059949773	0.0734491198	0.0010138707	0.0153452795	0.0915799107	0.0455652643	0.0265600554	0.0461737162	0.0592157913	0.09098556	0.0436367401	0.0523492005	-0.0055022809	0.0282585682	0.0760571171	-0.084568455	-0.0566584093	0.0499685133	-0.074404552	-0.0736373066	0.0403707565	-0.0172312072	0.0274306451	-0.0268415517	-0.1257266941	-0.0716153877	-0.0687799505	-0.0474301546	-0.0237060316	-0.0344189395	-0.0512761896	-0.0531557809	0.0153842556	-0.0030730062	0.0247573938	0.0236382013	0.0187894295	-0.0551015722	-0.0151616292	-0.0172877178	-0.0352377625	-0.0112919586	0.0181024632	-0.0043160627	-0.1126330472	0.0008816809	0.0688768572	-0.0108935516	0.020453672	0.0585199204	0.0147376184	0.0325043497	0.088711279	0.0116548782	0.0955643655	0.0224407457	0.0331290633	0.0014053221	0.0359102776	-0.0201759341	-0.0367874728	0.0196441913	0.0540489477	0.0496449646	0.0133474132	0.0133154404	0.0224241063	0.0296593388	-0.0601020755	-0.0733236445	0.0068322673	0.0782873035	0.0500436514	-0.0419304676	-0.0805062393	0.0349856898664029	-0.000121346214641	1.4724903807699828e-08	0.0012239984954281	0.0256356484746334	0.0066403167326427	0.0006571864727149	4.409380630981592e-05	0.2591030415419411	-0.0356593218810132	0.0012715872370137	0.0671343861362848	-0.0007108476879226	-0.0004015722686098	5.053044354249061e-07	1.6126028691642136e-07	0.0003128467685664	-0.0001303102031326	9.787310060243864e-08	1.6980749040485532e-08	-0.0009748894883728	3.854157472569988e-05	1.4854529823367072e-09	9.504095145397798e-07	0.0	0.0
1615.380080346789	-3.160400827624698	9.98813339125088	2609452.803981199	2235.377186865016	-8.33716121382713	4996911.167556553	69.50825710534347	1720.4927798739348	2.044754749644653	4.181021986194368	2960095.40559834	1810.691671946006	1545.7556187509765	1.19287	32.844124	0.0946040822123465	0.047482453798495	-0.0868741369	0.0420869811	-0.0157446872	0.0243390608	0.0352160991	-0.0766939141	-0.0722447042	-0.0354783002	-0.0803437068	0.0089488102	-0.0060958422	-0.0275887026	0.019895826	0.0169467858	0.0306676504	0.0601702213	0.0695790288	-0.0246562886	0.0624378963	0.0610293949	-0.0841326314	0.0005973819	-0.0199835293	0.1075010705	0.0250067512	0.072384558	0.0028939574	0.0458448406	0.0391869068	-0.0226540638	0.0227032699	0.1016470637	-0.0420480823	-0.0187306496	-0.0254254604	-0.0431862695	0.0287036145	0.1014917926	0.0798334439	-0.0551463995	-0.0019802082	-0.0278221436	0.0131338465	0.0751328325	-0.1069386854	-0.112100304	0.0196089866	0.065568813	-0.0300071041	-0.0214035678	0.1330314754	0.0450066772	-0.1212366401	0.0478386677	0.0104457303	0.0587750498	-0.0213339558	0.088240047	-0.0451796315	0.0228658856	0.0023883409	0.0003787837	-0.0837692339	0.0740204053	0.0375055545	0.0489943797	-0.0108592488	0.014868311	-0.0540158608	0.0118663301	-0.0092991676	-0.1160061785	-0.0484937754	0.052660258	0.0308840585	-0.0171714369	-0.1256652412	-0.010129041	-0.0031508815	-0.1080891821	-0.0762353319	0.0173483078	0.0067342781	0.0067570457	-0.0547996861	0.0557092428	0.0124250946	-0.0464108092	0.0241280071	-0.0860306584	0.0330002774	-0.0578478621	-0.0243426346	0.0320814499	-0.0035182973	0.0885638719	-0.043929293	0.0475642588	-0.0332195029	-0.0280266137	0.0071125182	0.0804196039	-0.1231472273	0.0026209985	0.0432294139	-0.102170408	-0.0353888062	-0.0057526343	0.0371759126	-0.0872945115	-0.0054043169	0.0247657201	0.1139758364	0.0068418113	0.0080646665	0.057860772	-0.0133650565	-0.0640412165	-0.0800775774	0.0282382894	0.1313487892	-0.0796778498	0.0120704348	-0.0402139191	0.0584950379	0.0910024146	0.0448825799	0.0140847194	0.0460204092	-0.0636708147	0.0285193566	-0.062952021	0.0634369669	-0.0318012743	-0.0441719197	-0.0267749892	-0.1258158804	-0.0230885886	0.0137831037	-0.0220953354	0.0052456925	0.0075891445	-0.0350170085	0.0239180997	0.0525611894	0.0307304994	-0.1043081585	-0.0244816956	0.0080607138	-0.0293665394	0.0301778157	-0.0397079636	-0.0639972222	0.0291271342	0.1000260986	-0.0329101982	0.0065007522	0.0513829513	0.0828967063	0.0638894065	-0.1182485247	0.0322627967	-0.0065383294	-0.0378411432	0.0024127282	-0.050680596	0.086933985	0.0288611001	-0.0612463124	-0.0721591615	0.0102334157	0.0793936715	0.0458939156	-0.0469489822	-0.0790844839	0.0349685719824037	-1.711788399920422e-05	2.9302195261021184e-10	0.0012228010264885	0.0318674141701791	0.0062317656955456	0.0010155320858937	3.883490368418016e-05	0.3028306029125076	0.0437275613705664	0.0019120996234166	0.0917063740603528	-0.0001879620960162	0.0005228855919064	3.5329749538803185e-08	2.734093422233063e-07	9.20775906076976e-05	-0.0002207691779587	8.478282692118761e-09	4.8739029936561216e-08	-0.0008259915129932	0.0001488979753796	2.2170607072143984e-08	6.822619795367956e-07	0.0	0.0
1615.9272625287306	0.5471821819414799	0.2994083402342388	2611220.917783597	2242.883849002855	7.506662137839157	5030527.960117863	56.34997645166795	1716.3016847922586	-4.191095081676167	17.565277983650155	2945691.4732207456	1806.6733480278783	1537.5326767899323	1.075596	29.615149	0.0307313133908835	0.0138029328684058	0.0375617346	-0.0381863903	-0.0341482026	-0.064829701	-0.0993532466	-0.0160056833	0.0926540746	-0.0346910298	0.0155187552	-0.0535731698	-0.0088319793	0.0520950536	-0.0010773548	9.3504e-05	-0.0217435781	0.0375428305	-0.0090391315	0.0349600905	0.022148448	0.0972283047	-0.0120479264	0.0419636706	-0.020457424	0.0117831629	0.0275824504	-0.0444212751	-0.0502784766	0.0359904525	-0.0333049092	-0.0244271676	-0.0131986686	-0.0156235787	0.0216461247	-0.0217064538	0.0162070617	-0.0360236604	-0.0497734132	-0.0027154836	0.0143505116	0.0057062553	-0.0240424183	-0.0500313	0.0809502476	0.0190150086	0.1381324715	-0.0197796971	-0.040961152	0.0565729944	-0.001250592	-0.0046670659	-0.0070906532	-0.0210202607	0.0903399315	0.0503354528	-0.0574403741	-0.0066012013	-0.0414036587	0.0009869324	0.0439167505	0.047795667	0.0317063751	0.1052672693	0.0532474986	-0.0668923842	0.0900539364	0.0706350035	0.0692017585	0.0739973808	0.1370978716	-0.0347141999	0.0536423177	-0.0918189357	0.0146817218	-0.0882825577	-0.0681735106	0.0031296464	-0.0383409071	-0.0342127909	0.0059769216	-0.0381795533	-0.0734839051	0.0074266606	-0.0618276502	-0.074776569	0.0129504826	-0.0201825318	-0.0113758153	0.0535773607	0.0252843843	0.0032357236	0.0244111298	0.0197843794	-0.0052686732	-0.0108480932	-0.02542871	-0.0083922764	-0.0326142538	0.0344154145	-0.0217564106	0.0207333585	-0.0443871281	-0.0039878368	-0.0098014803	0.0128319353	-0.0325770308	-0.0504979556	0.0401124445	0.0123995813	0.0940468738	0.0550608257	-0.0813331241	-0.0095493094	-0.0010198667	0.0329382922	0.0146968459	-0.0369053246	0.0062875361	-0.0426940189	0.004744488	-0.0255504579	0.0641401644	-0.0420122643	0.0757974225	0.0423619511	-0.0217538874	-0.0495652836	-0.0507919985	0.033576611	-0.0915103645	0.0078364053	-0.0327657909	0.0089141803	-0.0130752969	-0.0076137412	-0.0784819998	0.1018730375	-0.0067329494	0.0342867932	-0.0438953399	0.003100119	-0.0241909973	-0.0159941998	0.1326736138	-0.018648342	0.0571128817	-0.0299064889	0.1111211522	0.0194338129	-0.000460461	-0.0550698293	-0.0201241544	0.040315228	-0.0202020353	0.0435553537	0.0243160319	-0.0538667458	-0.0221914681	-0.0159086365	0.0986900144	0.0277911365	0.0619020005	-0.0036563306	0.0078712323	-0.0079004894	0.0105100458	-0.0398586959	-0.0303604226	0.0280596966	-0.0623636846	-0.0709234662	0.0136166111	0.080282427	0.0415630576	-0.0517153317	-0.0771080077	0.043071049925615	0.0081024779432113	6.56501488202257e-05	0.0018551153416948	0.0343930890671515	0.0025256748969724	0.001182884575581	6.379033685196567e-06	0.2996779731648615	-0.003152629747646	9.939074325742947e-06	0.0898068876001994	-4.389621797402688e-05	0.0001440658780421	1.92687795242328e-09	2.0754977216062298e-08	0.0002370188858047	0.000144941295197	5.617795222810141e-08	2.1007979053384588e-08	-0.0008759949558151	-5.000344282189999e-05	2.500344294043021e-09	7.673671626134989e-07	0.0	0.0
1615.7233622785434	-0.2039002501871891	0.0415753120263983	2610561.983412681	2237.444602247845	-5.439246755010117	5006158.348128018	29.58540526188809	1713.419979580966	-2.881705211292683	8.304224924791408	2935808.026427238	1803.3459200620423	1530.9790094862344	1.039316	28.616205	0.0971454533918574	0.0524565112645674	-0.0496992112	0.0082848807	0.0904010986	0.0459290621	-0.0537565868	0.0418440894	0.0140070204	0.0334805355	0.0218066452	-0.0427928822	0.068673731	-0.079032741	-0.0645136898	0.0015505618	-0.045458448	-0.0189542866	-0.085797059	0.0616862105	-0.0694638316	-0.0102547427	0.0030844461	0.0171831678	0.0463444158	-0.0379408274	-0.0420491276	-0.0053945298	0.0439212674	-0.0232167016	0.0208569065	0.0606767781	-0.0822146504	-0.1090556228	-0.0153216639	-0.0795218359	-0.1628524186	0.0123597538	0.0560331888	-0.0657498217	-0.0575098518	-0.1260721164	0.0562811303	-0.0358758697	0.0147711187	-0.0241040803	0.0154510951	-0.0070403595	-0.0001629224	0.0325232439	-0.1338593091	-0.0499401458	-0.0343469413	0.0644510415	-0.0400808378	-0.1342761008	-0.0252051035	0.0746305815	0.0537331271	0.0356567674	-0.0004467357	0.0401786141	-0.043295977	0.0233979158	-0.0047806962	0.0900429229	-0.0171076703	0.0254678629	-0.0021756373	0.0959226003	-0.0502036567	-0.0343307131	-0.021110219	-0.0045619877	0.0517202795	0.0499736002	-0.0776672096	-0.0848504525	-0.0121481055	-0.0209744875	-0.0177608215	-0.0375793751	-0.0671035586	-0.0471647747	-0.0407299591	0.0338192018	0.021751946	-0.0188727559	-0.0928690997	0.0421235618	-0.0559419403	0.0111661704	-0.1013822166	-0.028607982	-0.0115959858	0.0504038168	0.0887865244	-0.0058526348	0.0520007639	0.0900750568	0.0194672239	-0.05138509	0.0308168425	0.0093159565	-0.0128022147	-0.0498251482	-0.0402587215	0.0679938647	0.0501213589	-0.0242379885	-0.0760393012	0.0553107487	-0.1213462997	0.0074326907	-0.0885340344	0.0451605992	-0.033907506	0.0334186818	-0.0984768763	-0.0531337986	-0.1086772904	0.0252577366	0.0668324215	-0.0497084752	-0.0558437183	-0.0380517855	0.0512021533	-0.0279388766	0.0446152492	0.003953235	0.0363932278	-0.0834706121	0.0251911866	-0.0750165493	0.1500795263	-0.0451574734	0.0132596833	0.0476912136	-0.0147001178	-0.0356948593	0.1550319974	0.0432159331	0.0103019598	0.0288632868	0.0091683625	0.0008593644	0.0328721642	0.0673685826	0.0100072404	-0.0222793636	-0.0563852078	0.1372867935	-0.0516939697	-0.0286142311	-0.0192443104	-0.022914185	0.0145384929	-0.0610577465	-0.1018392232	0.0392966433	0.0685719545	0.0491078003	0.0209408598	-0.0371129696	0.0035477512	-0.0175972604	-0.000154147	-0.0302702089	-0.0353208905	0.0272552159	-0.063453702	-0.0696177779	0.0169759185	0.0809511339	0.0370681691	-0.0562039158	-0.0745906743	0.0517269303338281	0.0086558804082131	7.492426564128739e-05	0.0026756753217607	0.0421489049017225	0.007755815834571	0.0017765301844144	6.015267925978229e-05	0.2592915630800831	-0.0403864100847783	0.0016310621195358	0.0672321146845127	0.0001689819867408	0.0002128782047148	2.8554911842867912e-08	4.5317130042607746e-08	-6.204909716767126e-05	-0.0002990679829723	3.85009045932311e-09	8.944165843916254e-08	-0.0005809942022164	0.0002950007535986	8.702544462380089e-08	3.375542630090712e-07	0.0	0.0
1615.4140497105695	-0.3093125679738477	0.0956742647065762	2609562.5520023024	2229.006726457399	-8.437875790446014	4968470.98659233	71.19774785499496	1713.4960389293324	0.0760593483664706	0.0057850244739321	2936068.675426512	1806.2466288306327	1567.6582626324143	1.131426	31.152357	0.094904565881086	0.0455962121953686	0.0245945412	-0.0191825644	-0.0920512181	-0.0285990304	0.085688287	0.0839658401	0.0451838926	-0.0357303611	-0.0984228981	-0.0310558579	-0.0246283964	-0.0514402778	-0.0242269976	-0.0249306793	-0.0311119127	0.0298274571	-0.0516962114	0.0500332472	0.0484787961	-0.0818558169	0.0961662048	0.0048676332	0.0461412161	0.0778684084	-0.0046075294	-0.0694184414	-0.0262498739	-0.0046942499	-0.0205708845	0.0199459034	0.0430527541	-0.0743789095	-0.0003627684	-0.0323876214	-0.0660100841	0.0723430902	0.0122013896	0.0381707247	0.0231035597	0.0005948955	0.0284568634	0.0302727415	0.0724961708	-0.020678633	-0.0181515159	0.0680129154	0.0377141914	0.0502439061	0.0075765814	0.0255719197	-0.0072557821	0.0062251994	-0.068247949	-0.0362007948	0.0388643421	0.0657894361	0.0377344253	-0.00798083	-0.0350969686	-0.0167117048	-0.0067327135	0.0251223952	0.0066641364	0.0314892792	0.0075696062	-0.047187592	-0.0343052355	-0.1402977864	-0.0514241128	0.0561104285	-0.0913107853	-0.0087663911	0.113045388	0.10322723	-0.0248013711	-0.0552629807	0.1147294547	0.0068034242	0.0558962794	-0.0318237786	0.1092581484	0.0186901949	0.0682536573	-0.0527177246	-0.0419237311	0.0213678747	-0.0255915223	-0.0569064737	-0.0505149347	-0.003949538	0.0007612831	0.0985944483	-0.0075724799	0.0363414632	-0.0418234565	-0.0980919077	-0.001245494	-0.0377762813	0.0038567989	0.0413363889	-0.0043719421	0.0225131382	-0.0017983434	-0.0414902641	-0.0931089888	0.0033950254	-0.0397507419	-0.039674251	0.0176721974	0.0053100157	-0.0389678809	-0.0673646761	-0.0864743806	-0.0060032779	0.0073067575	0.0763242152	0.061496946	-0.0022778448	0.049160583	0.0001752873	-0.0007087639	-0.0527805757	-0.0027894022	0.0243255199	-0.0504692647	0.0397428328	0.0648824374	-0.0410835876	0.019858937	-0.1083887457	0.0749247844	0.0106062283	0.1516328498	-0.0202962523	-0.0438703616	0.004391249	0.0070459046	-0.0508905811	0.0260907948	-0.0130453466	0.0733554793	0.0668165079	-0.0783184061	0.005589275	-0.051219679	0.0176235795	0.0396672392	0.0343186359	-0.122451293	-0.0631544195	0.0105055109	-0.0308481209	0.0550113656	-0.0712689026	0.0629471396	-0.0271873711	-0.0215537283	0.1034319105	0.0242824824	-0.0078283895	0.0426354328	-0.0869445339	-0.0264646353	0.0459577756	-0.0277327437	-0.0216570255	0.0132907129	0.0264477464	-0.0645158866	-0.0682433853	0.0203054443	0.0813979594	0.0324269895	-0.060390626	-0.0715501408	0.0350439521292997	-0.0166829782045284	0.0002783217617727	0.0012280785808406	0.0140854024438823	-0.0280635024578402	0.0001983985620061	0.0007875601702012	0.2703452980989027	0.0110537350188195	0.0001221850578662	0.0730865802041845	-0.0003099809039023	-0.0004789628906431	9.608816078408697e-08	2.2940545061319426e-07	8.906649201878558e-05	0.0001511155891864	7.932840000532396e-09	2.2835921295169996e-08	-0.000428985678048	0.0001520085241684	2.3106591419855053e-08	1.840287119703023e-07	0.0	0.0
1611.3415184476446	-4.07253126292494	16.58551088750101	2596421.489073161	2241.514511587374	12.507785129974764	5024387.305656783	156.44468885761782	1712.4668044211649	-1.0292345081675194	1.0593236728028357	2932542.556244436	1804.4221220799952	1577.3230002546486	1.036004	28.525023	0.0561474401556968	0.0260305268873279	0.1039379356	0.0411570997	0.061158248	0.0564610885	0.0757412093	0.0189559835	-0.0674412717	-0.0026346252	0.0458138029	-0.0372638874	-0.014720879	-0.1123694541	0.0839020912	-0.0409666947	0.1143385421	0.0242374698	0.0088545988	-0.0131795469	0.024805797	-0.0255990594	-0.0557810974	0.0710718849	0.0947905692	-0.0519143587	-0.0092819466	-0.0166462599	0.0960650602	-0.0170636962	0.114314833	-0.0447563659	0.0437664687	-0.050316972	-0.0321036641	-0.0571376715	0.0288462999	0.047294282	-0.074571117	-0.0873074265	0.0084441377	0.0757164529	0.0490738272	0.0649420627	-0.0084397641	-0.0249999225	-0.0274383096	-0.0443311597	0.0180388475	-0.0852659963	-0.0409475634	0.0699365104	-0.0733757188	0.0338911388	0.0026353361	0.1039183773	-0.0281667954	-0.0139088568	-0.0261639932	0.0368961474	0.0076749692	0.0262748645	-0.1349444908	-0.0510113745	-0.0111913601	0.0442412004	-0.0824539265	0.0288196699	-0.0156318482	0.0330996738	0.0986020641	0.0985724631	-0.0372278049	0.0056796447	0.0260204215	0.0117715301	-0.0164089601	-0.0072870123	-0.0008302996	0.0174426682	-0.0216157693	-0.0625033117	0.002832959	-0.0629874286	0.0602676528	0.0581140203	0.0604117197	-0.0691925804	-0.0169750447	-0.1347781636	-0.0455571834	-0.0473213493	0.0583918137	-0.0328199915	0.0152284391	0.0042193025	0.0118727916	-0.0372454334	-0.0004700518	0.0072617208	0.0550086207	-0.0329630446	-0.0595737319	0.0742967344	-0.025343945	0.0147355644	0.0470045443	0.0235023068	0.0048440288	0.0567888553	-0.1118853714	0.0435222132	0.0698504628	0.1083020355	-0.0360247899	-0.0500910923	-0.010303362	0.0370387049	-0.0407993827	-0.0095511298	0.0360668636	0.0437952719	-0.0659686952	-0.0022024496	0.0869246743	-0.0052749766	-0.0537379197	0.0110995267	-0.0157126453	-0.012567111	0.069801139	-0.0455966289	-0.0353286845	0.0108281912	0.0481265301	0.0560722121	0.0528536782	0.0084600808	-0.0366981279	-0.0903712841	-0.046278518	0.0423376157	0.0439338611	-0.097853992	-0.0010491599	0.055600609	-0.0755208087	-0.0587041589	-0.036632185	0.0126946168	0.0782555797	0.0573075088	-0.0310947471	-0.054809379	0.0276991252	-0.0817224359	0.1121966744	-0.0355859756	0.0222260103	0.137874233	0.0543755941	0.0128848808	-0.0248815816	-0.0343715229	-0.0143176726	0.0249096113	0.0075853756	0.0100807188	-0.0500346465	0.0256373767	-0.0655497724	-0.0668016447	0.0235993474	0.0816216788	0.0276578354	-0.0642529755	-0.0680077345	0.0350569966803533	1.3044551053602305e-05	1.70160312190037e-10	0.0012289930162463	0.0306122055357889	0.0165268030919066	0.0009371071277653	0.0002731352204386	0.2889800108850551	0.0186347127861524	0.0003472525206223	0.0835094466911265	-0.0002050250591486	0.0001049558447537	4.203527487888693e-08	1.1015729347962781e-08	-0.0001444643306289	-0.0002335308226476	2.0869942824056142e-08	5.4536645126504784e-08	-0.0003480147509177	8.097092713030003e-05	6.556291040340357e-09	1.2111426685630877e-07	0.0	0.0
1610.876825850277	-0.4646925973675024	0.2159392100481557	2594924.148061464	2235.116783518428	-6.39772806894598	4995747.035965763	40.93092444417926	1716.4323093483663	3.9655049272014367	15.725229327658871	2946139.872574966	1806.5911992030733	1531.3307418823242	1.15176	31.712231	0.0754779183776184	0.0382139018101858	-0.0602963699	0.062509821	-0.0304168225	-0.0544196697	0.013430973	-0.0710637204	-0.0248651408	-0.0112492305	-0.0767308923	-0.0113095085	0.0769772387	0.0300607363	-0.0076413163	0.0089622707	0.0479879107	0.1155574571	0.0647627789	-0.0189850736	-0.049514468	0.0127670485	-0.0841661597	0.0182917375	0.0377873555	0.0949938925	0.010893124	0.0177702654	0.0254030724	-0.0139953936	0.0375081486	0.0012310904	0.0081478892	0.0727651624	0.0821106856	-0.0877936358	-0.0319136859	-0.0050633915	0.0153820557	0.113615062	0.0293770829	0.075723552	0.0014909219	0.037202949	-0.0286128391	0.0646201729	0.1032197007	0.102987679	0.0926102677	0.0076456127	0.0272207421	-0.1132264363	0.0636073292	-0.0331489674	0.0724927759	-0.0279642639	-0.0403016116	0.0367810381	0.0188943408	-0.0455065074	-0.0237294017	0.0681632224	-0.0608509019	-0.1693327125	-0.0626326127	0.1025261332	0.1119541023	-0.0685926077	-0.0151664029	0.0361938474	-0.0007259197	-0.0635578584	0.0199939796	0.0461071665	0.015991392	0.0087599036	0.0737199592	0.0689462596	-0.0735365333	-0.0439592187	-0.0474738344	0.1051160132	0.0005159451	0.0284877968	0.0600790439	-0.0200298307	-0.0884068606	0.0248210187	-0.0502813182	-0.0325495245	0.0120649969	-0.0757541616	0.0297695219	-0.0334044733	0.0380272116	0.0049413089	-0.0111086743	0.0885364533	0.0367557565	0.0888757973	0.0225143335	0.0332824824	-0.0225244005	-0.0322628393	-0.0085229766	-0.112421224	0.0242290625	-0.1176077105	-0.0453273179	-0.0749482588	0.057087802	-0.0062999318	0.0630599276	-0.050862534	-0.0097517809	-0.0111030183	-0.066230337	0.0304454551	-0.0913635366	0.1127915369	0.0107624906	0.0490820361	-0.0351588	-0.0276318205	-0.0557126652	-0.0258150135	0.0279336039	0.0046460993	-0.0038269911	-0.079023114	-0.0846342652	-0.0741086764	0.0558460528	-0.0118507371	-0.0401082642	0.0126862975	0.0359954841	0.0099265644	0.113158032	0.0242646359	0.0682023496	0.0300657347	-0.0201582833	0.0365814846	-0.0954222044	0.0169264264	0.0921946031	0.0263845722	-0.0686746946	0.0023860967	-0.0061809105	-0.0756693742	0.0324234691	-0.0164593376	0.0138718726	0.009074086	0.1345745474	-0.0281893142	0.0317797239	0.0501788315	0.0950511477	0.0680757913	-0.0412615254	0.0509738366	-0.0125722706	-0.0279215299	-0.0470520046	0.0241386232	-0.049619113	0.0248241955	-0.0665549058	-0.0652939789	0.0268518493	0.0816216788	0.0227795284	-0.0677702193	-0.0639883028	0.0348877044270778	-0.0001692922532754	2.8659867019095786e-08	0.0012171519201911	0.0304443641697389	-0.0001678413660499	0.0009268593096996	2.8170724157529347e-08	0.3098712245264181	0.0208912136413629	0.000436442807409	0.0960201757895018	0.0001505619209489	0.0003555869800975	2.266889203982281e-08	1.2644210041485988e-07	0.000159942216233	0.0003044065468619	2.5581512533523733e-08	9.266334577238613e-08	-0.0007730126462969	-0.0004249978953792	1.8062321107674946e-07	5.975485513349362e-07	0.0	0.0
1615.012455115706	4.135629265428861	17.10342942107166	2608265.23017886	2243.498994698973	8.382211180545255	5033287.739215303	70.26146427525788	1716.670332475142	0.2380231267757153	0.0566550088800882	2946957.0304003144	1806.592732747396	1524.7474700685532	1.000342	27.543119	0.0400534176676852	0.0269106610451189	0.015843558	-0.0342803844	0.0088643204	-0.0542646427	-0.1189855884	0.0042638218	-0.032376395	-0.0733488098	0.049085267	-0.0337617486	0.0199508474	0.0893663129	-0.0029469312	-0.0191758746	-0.0167759096	-0.0115080184	0.0028235645	0.0377683472	-0.0092062503	0.0032408919	-0.0469996643	0.0190702261	0.0162609296	-0.0008356088	0.0400975523	0.0162869473	-0.0160110079	0.0701917786	-0.0661139333	0.0538350673	0.0688762495	-0.1079267915	0.0185279217	0.0394573399	0.0283803785	0.0430896397	0.0273959457	0.0423477551	0.0494286122	0.0033685668	-0.0655920652	-0.0800905144	0.0159725381	0.1388032262	-0.0483837227	0.0741165257	0.0027412439	0.0341545089	0.0044349213	-0.0117425653	0.0020135584	-0.0606881743	-0.0471208524	0.0067585535	-0.0206381411	0.0265402395	-0.1247952751	0.0069655008	-0.0159708124	-0.0681421461	0.0157492645	-0.0600627376	0.0172955863	0.067330416	-0.0927835273	-0.0416667391	0.0928748436	0.0495500898	-0.0242953493	-0.0182776217	-0.0019253489	0.0493125814	-0.0438082077	-0.0521951467	0.0554541576	0.0122257793	-0.0656142156	-0.0264409763	-0.0358447121	-0.0082181067	-0.0632955428	-0.0916025264	-0.0012447647	-0.075957859	0.0180425013	-0.0651747893	-0.0104575998	0.1026160216	0.0276470114	0.0247669748	0.0126636937	-0.0314220695	0.0512478862	0.0009224043	-0.0011822623	0.0320226976	-0.089143378	0.039251052	0.0332105619	-0.0458307735	0.0417782609	0.0508209284	-0.0189272029	-0.0651561211	-0.0049645708	-0.0253071079	-0.0715144418	0.0343245563	-0.0465008165	-0.0257193133	-0.0433444899	0.0271320262	-0.0176910583	0.0036973879	0.0508696465	0.0060364732	0.0913328814	0.0840382503	0.0170723633	0.0067574182	0.0079467821	-0.0289415452	0.0434768206	-0.0185930393	0.0367388525	0.0310399877	0.0306598814	-0.0053616147	-0.0419803222	0.1276843829	-0.0267021009	-0.0905321255	-0.0226493048	0.0846321611	-0.0518832544	0.0121755714	-0.0018166695	-0.0381110963	0.0212693504	-0.019791408	0.0996771688	0.0129282765	-0.0647527505	-0.0113559081	0.0293175234	-0.0339886546	0.0768121311	0.0015163955	0.0002651781	0.0356891158	-0.0228292534	0.0472096735	-0.0992779772	0.033160963	0.050341251	-0.0588768976	0.0155602042	-0.0016130325	0.0403316577	0.0247450058	0.0221477651	-0.0304098491	0.0213265072	0.0184986711	0.0519070587	-0.0585861211	-0.0739172554	0.024008292	-0.0675308461	-0.0637218759	0.0300572439	0.0813979594	0.0178113211	-0.0709234662	-0.0595200392	0.0348711289906304	-1.6575436447403835e-05	2.747450934219234e-10	0.0012159956370811	0.0380626486678181	0.0076182844980791	0.0014487652236097	5.803825869367378e-05	0.3164961516670317	0.0066249271406136	4.388965961843915e-05	0.1001698140200407	-0.0003099595695244	-0.0004605214904732	9.607493473975134e-08	2.120800431877497e-07	0.0001046198703018	-5.532234593120001e-05	1.0945317261965453e-08	3.0605619593313623e-09	-0.0007729838708505	2.8775446400024565e-08	8.280263155206867e-16	5.975040645950225e-07	0.0	0.0
1618.7046817086602	3.692226592954285	13.632537213718804	2620204.846585535	2237.07645378626	-6.422540912712975	5004511.060084909	41.24903177547201	1718.8517407226564	2.181408247514355	4.7585419423236495	2954451.306585306	1806.288634331751	1547.5847340864432	1.00603	27.69972	0.0367975458377345	0.0265990245519987	-0.031362381	-0.0178824727	0.0270136863	0.0453986368	0.022934519	-0.0177439399	0.0270823027	0.0952186246	0.0366629963	0.031343131	-0.0246347111	-0.0363102912	0.0137646134	0.0624359561	-0.0439265074	-0.0993310682	-0.0253816877	0.0467669263	0.0643549329	0.0009542853	0.0151229205	0.0028820553	-0.0549783452	-0.0395528779	-0.0373755862	0.039222641	-0.0013246811	-0.0209674884	-0.0149322328	0.0161790081	-0.0550681568	-0.0230509328	0.0328526874	0.0211864753	0.0589378464	0.0175227539	-0.0758065532	0.0234553251	-0.0202498132	0.0018846048	-0.0747163895	0.05159982	-0.0154419662	-0.0401690164	-0.0842325047	0.0510883938	0.0244706784	0.0417678578	0.0785246831	-0.0388321498	0.007162128	-0.10172023	0.0072112213	0.0581090922	-0.0809369273	-0.0534047408	-0.06374446	0.0243729895	-0.1155739976	-0.0039979671	-0.0272668491	0.0305470583	-0.056938677	-0.1073044643	-0.0492736003	0.0939374766	0.0301221968	-0.0318389745	0.0308825118	0.1514578721	-0.0549693616	-0.1399672938	-0.0125910217	0.0129239496	0.0115149327	0.0315472819	0.0707684607	-0.0208574122	0.0522555591	0.0648413114	-0.0031749731	0.0613442863	0.1366564876	0.0687325442	0.0453314424	0.0575294817	0.0026713671	-0.0058792676	0.0214270057	0.0414941174	-0.0542448295	0.0310806131	-0.0199000766	-0.0401352215	0.0548594293	-0.0125977246	0.0127417916	-0.0410710207	-0.0272385507	-0.0216717599	-0.0118910934	-0.0240396291	-0.0647074325	-0.0091130503	-0.0439214822	-0.0637562373	0.0379871184	0.0262777161	0.0413636918	-0.0550296547	-0.0547605869	-0.0105892535	0.0129007205	-0.1087622218	0.0736370948	-0.0174619157	0.1081181406	0.0111102234	0.0801346549	-0.0259866351	-0.0784588081	-0.004114931	-0.0461239511	0.0028047002	-0.0495007536	0.0331839815	-0.0254006126	0.0227160073	0.0227869102	-0.0882707724	-0.0113090956	-0.0022690649	-0.0100516877	-0.0335361936	0.0250811559	-0.012047489	-0.0458315265	-0.0689855631	-0.112815496	0.0588541688	-0.0832197513	-0.0966398817	-0.0248740417	-0.057277649	-0.034130252	0.0350791639	-0.0250462209	-0.0081768561	0.0373987231	0.0101314812	0.0752911914	0.0027421136	0.0055566975	0.0180906232	-0.0156206703	-0.0623291588	-0.0062832939	-0.019876837	0.0384312187	0.0413987104	0.0607087629	-0.0586112056	-0.0110775877	0.0567213755	-0.0854265831	-0.0018157137	-0.1159377824	0.0231897558	-0.0684771651	-0.0620868871	0.0332099078	0.0809511339	0.0127728206	-0.0736957799	-0.0546342852	0.0349819369845505	0.0001108079939201	1.2278411516597681e-08	0.001223735915191	0.0173942676282337	-0.0206683810395843	0.0003025605463226	0.0004271819747974	0.3157513858826917	-0.00074476578434	5.546760735236021e-07	0.0996989376868404	-0.0003099581571187	1.4124056999919447e-09	9.607405916442073e-08	1.994889861369736e-18	0.0001600810668489	5.54611965471e-05	2.5625947963481988e-08	3.0759443224360567e-09	-0.0005229746594055	0.000250009211445	6.250460580735072e-08	2.735024943802988e-07	0.0	0.0
1618.4092307152728	-0.295450993387476	0.0872912894936464	2619248.438064401	2255.526205704351	18.449751918090897	5087398.464619067	340.39334583909874	1720.8039428710938	1.9522021484374363	3.811093228363742	2961166.2098007025	1814.19045735216	1560.4631015931293	0.909089	25.030579	0.0814841131886481	0.050429351730518	-0.0106787453	-0.0005284352	-0.0492985478	0.0336734914	0.0394077045	-0.0332414506	0.0345055492	-0.0095140643	0.0249974141	-0.0390159364	-0.0663407558	0.0393954003	-0.0649467592	0.0613540573	0.0629138406	0.0002188641	-0.0349679344	-0.0086977872	0.0673206222	-0.0154444037	0.0037155255	-0.0224683653	-0.05890348	0.0156352842	0.0720860227	0.0148226639	-0.0220556302	-0.0541359696	0.0850950994	-0.0399099466	0.0222764766	-0.057182067	0.0166341998	0.0085860893	0.0461019711	0.0133986723	-0.028850693	0.0365798398	-0.0241580872	0.0045271496	0.0718312616	-0.10119377	-0.0203028977	0.0382918794	0.1026357365	0.0074747264	0.0427836066	-0.01106021	0.0907129428	0.0649067646	0.0600200761	-0.0317629838	-0.060818359	0.0329169424	0.0076674929	0.0568093547	-0.0726744334	0.0089639919	0.0381610777	0.0612056512	-0.0008833448	0.0224612531	0.0374651585	-0.0296695111	0.039941732	-0.063986774	-0.0651218428	0.0302396985	0.0075703817	0.0335482455	-0.0477243581	-0.0050249722	-0.0288325773	-0.0220474601	-0.0041072006	0.0458238335	-0.0981767753	-0.0048967604	0.0663582721	-0.0623105774	-0.007437498	-0.0253998773	-0.0248381269	-0.0776829825	0.0241435649	0.0524879852	-0.0195948156	-0.0377962948	0.0515123523	-0.0008716102	-0.0335333725	-0.0730795078	-0.0366493944	-0.0144863329	0.0099230694	0.0292182229	0.0289978631	-0.0013000465	-0.0697231764	-0.0042641252	0.0158081833	0.0235764613	0.062829784	-0.0871757723	0.0069619288	-0.019915208	0.0087153188	0.0196364556	-0.0172888633	0.0386083097	0.0187638997	0.0845989904	0.0447908042	-0.0051504032	0.0147752688	-0.0312243963	0.0482525116	-0.0010201479	-0.000104317	-0.0784564106	0.0324684207	-0.0038607243	0.0884337079	-0.000157875	-0.043577875	0.066317213	0.0277987431	-0.0011530014	-0.078497903	-0.0368448992	0.0456842452	-0.0230378873	-0.0161715463	0.0301220047	0.0724462728	0.0200534888	0.11612639	0.0131428673	-0.0506454756	0.0514149241	0.0122977845	0.0636547268	-0.0259952362	-0.0179609823	-0.0281291322	0.063008497	0.0227745987	0.0373470768	0.0076339495	0.0073946879	0.0509212761	-0.0181357678	-0.0250890838	0.0440836589	0.0205975259	-0.0265308114	-0.0522420398	-0.0205134807	-0.0256989834	0.0284193336	-0.091668896	-0.0473049884	0.0220452779	0.0146850726	0.0105099613	0.0019562165	0.033734616	0.0223686765	-0.0693934478	-0.060390626	0.0363043104	0.080282427	0.0076839116	-0.0760722702	-0.049365311	0.0448808083692142	0.0098988713846637	9.798765469011384e-05	0.0020142869598741	0.0105004091496851	-0.0068938584785485	0.0001102585923107	4.752528472225641e-05	0.2691116783084908	-0.0466397075742008	0.0021752623226069	0.0724210954020126	-0.0001989382626249	0.0001110198944937	3.957643233621368e-08	1.2325416973414481e-08	0.0001600769892984	-4.077550499993147e-09	2.5624642502840068e-08	1.662641807999436e-17	-0.0007729842023859	-0.0002500095429804	6.25047715812685e-08	5.975045771381661e-07	0.0	0.0
1613.2740331398968	-5.135197575375969	26.370254138147228	2602653.106003469	2221.884739897176	-33.64146580717488	4936771.797387942	1131.748221655317	1715.065969682173	-5.737973188920705	32.924336316772845	2941451.2803618526	1802.1955167574067	1535.4684152754526	0.986145	27.152225	0.0968712281917127	0.0614762609780354	-0.0269703602	-0.0127558002	-0.0023451753	0.0185827264	0.0211330251	0.0602559511	-0.1250223807	0.0188358758	-0.0795047713	0.0321499271	-0.0381014742	-0.0074598399	0.0420365224	-0.0155424662	-0.0401956332	0.0874655793	-0.0392630185	-0.0230453828	0.0576906457	0.0199498238	0.0225392469	0.0381667212	-0.0224798225	-0.0081859244	-0.0413598684	0.0298111814	-0.0077847402	-0.1312487143	-0.0073454887	-0.0396634184	0.0821869088	0.0614779822	0.0089040899	0.0033160093	-0.0097435204	-0.0216253325	-0.0529143517	-0.0953104534	0.0156864526	-0.0273046802	-0.0167426762	-0.0163100237	0.0187803596	-0.0894204775	0.0179667253	0.0591791736	-0.0301793391	-0.0728132546	0.0402464248	0.0804727997	-0.0006307713	-0.0471193092	-0.0083513374	0.0401305698	0.0559257809	-0.0112688389	0.0458495555	0.1222079463	0.0039239487	0.1278907147	-0.0279306895	-0.008919985	0.0950265158	0.0447730996	0.0888819679	-0.0894786097	-0.0004229695	0.0737058557	-0.0281314235	0.0286088429	-0.0494887562	0.1226909005	0.0533825688	-0.0516301279	0.0503014016	0.0065014319	-0.0407447763	-0.0199282707	0.0059741765	0.0801217914	0.0321472181	0.0372979476	0.0354654159	0.0332429361	-0.0025245403	0.0497892397	0.0114604576	0.0206955723	-0.0633495811	0.061937863	0.0311536391	-0.0146629967	-0.06086309	0.0541938048	-0.0230967175	-0.0020606598	-0.0306260984	-0.0856404957	-0.0143204821	0.022102749	-0.0314605189	-0.0773605642	0.0302794955	-0.0018041955	0.0467926157	-0.0239838139	0.0009203707	0.0190820473	0.0548336515	0.0185118942	0.0672348525	0.0622728287	0.0030358888	-0.0334047374	-0.0186707326	-0.1484696963	-0.0523359679	-0.0050218408	0.0155346724	-0.0388982072	-0.076036587	-0.0138046534	0.0523353713	0.0910494156	0.0544381203	-0.0891188947	0.038501576	0.0438615919	0.0130219602	-0.0020181273	0.0043541044	0.0137521356	-0.0076431786	0.087160067	-0.0329641857	-0.0559942654	0.0928666365	0.0728607094	0.0239078963	0.0279488505	0.1598899865	0.0543977304	0.0175874822	-0.0257333713	-0.0932356654	-0.0276081816	-0.0341916688	-0.0416280887	-0.0456148702	0.0355248589	0.0354562561	0.0074755607	-0.0710134805	0.0681810258	0.0603889462	0.0192409729	-0.0221564302	-0.0242037487	-0.046574841	-0.0397148543	-0.0179779223	0.0825612232	-0.0014971796	0.0360548039	-0.0426481538	-3.08772e-05	0.0602479016	0.0215451443	-0.0702792922	-0.0586347667	0.0393350228	0.0793936715	0.0025646777	-0.0780401729	-0.0437500746	0.0352812495871148	-0.0095995587820994	9.215152881098172e-05	0.0012447665724282	0.0093589713805357	-0.0011414377691493	8.759034530168633e-05	1.3028801808407568e-06	0.3222939525265147	0.0531822742180239	0.002828354291001	0.1038733918351633	-0.0003093227716787	-0.0001103845090538	9.568057707899319e-08	1.2184739839048456e-08	0.0003006829530756	0.0001406059637771	9.041023827026344e-08	1.977003704971527e-08	-0.0011809528780037	-0.0004079686756177	1.664384402853417e-07	1.394649700065222e-06	0.0	0.0
1613.1489702912545	-0.1250628486423011	0.0156407161105271	2602249.6003517346	2237.253267981012	15.368528083835828	5005302.185091718	236.1916554636505	1715.70252874201	0.6365590598368271	0.4052074366603452	2943635.167131728	1808.373498500576	1543.9791504390655	1.002468	27.601656	0.0977916219725586	0.0520720115002189	0.0531723486	0.0450367643	-0.052776558	-0.0270768729	-0.0601872949	-0.1149758939	-0.0256446419	-0.0539251415	0.0199731708	-0.0727830576	0.0143770997	0.0862697235	0.1115350757	0.0270824294	0.0393370845	-0.0359289891	-0.0125040989	-0.0074347073	-0.0361496493	-0.0390106125	0.0123153422	0.0483311489	0.008969304	-0.0182207932	0.1161419155	-0.032951675	-0.0160058967	-0.004660471	-0.0019962958	-0.0638259106	-0.1411907161	-0.0893807328	0.0351728463	0.0484369609	-0.0070551881	-0.102796823	-0.0531256097	-0.0065028982	-0.0574331471	-0.015660381	-0.0110177165	-0.034742817	-0.0188549874	-0.038662073	0.0296284362	-0.0126966487	-5.45112e-05	0.0556153112	-0.0966951251	-0.060974496	-0.0257225659	0.0672610889	0.0082962418	0.094750445	-0.0206007945	-0.0683982792	0.0038835034	0.0010464448	-0.06622019	0.0296282866	0.0064762746	0.0025621567	-0.0201021889	0.0015325327	-0.0377386978	0.0989050943	-0.0462296529	-0.0607358069	-0.0781057361	0.0428111948	0.0198299485	0.0999152783	-0.0255894044	0.100002317	0.0682722448	0.0049100653	0.0056413855	-0.0062986332	0.0328142357	0.0675792934	0.0237954868	0.0676571568	-0.1750360603	-0.0901427474	-0.0058350463	-0.055632682	-0.0316597148	-0.0159068052	0.0716665741	0.018797603	0.0574923431	-0.0350083085	0.0539985874	-0.0820784425	0.0582651672	0.0117906746	0.0746683729	0.0314549889	-0.0658184663	0.0012300314	0.0797989915	-0.0948778313	0.0822740224	-0.015699432	-0.0367160552	0.056615244	0.0675298533	-0.0233648779	0.019060723	-0.0091693513	-0.0748758915	0.0342457185	0.0079093961	0.0214180313	-0.0352097265	0.0563033631	-0.0206298533	0.0784995756	-0.0060305084	-0.0320232269	-0.1129777278	0.0224986917	-0.0657658241	-0.1334322266	0.0052922661	0.069841673	0.0574908266	-0.0760933511	-0.031373238	0.0397244746	0.0519669626	0.0629674965	-0.024944791	0.016121813	-0.0422607509	-0.0528396431	0.0097342187	-0.1340166863	0.0243143696	-0.1074152916	-0.1051402812	-0.0795981627	0.0026420927	0.0291308841	0.0419763581	0.0038613959	0.0153603499	0.050213139	0.0634914349	-0.045495273	0.03183913	0.0225481269	-0.0640061112	0.0590811422	0.052610701	0.0132686211	0.0027329964	0.009675367	0.0061755117	0.0232235213	-0.0392465772	0.0101631574	-0.0194942835	0.0328555302	0.0040391285	0.1266348017	0.0282040199	0.0207192494	-0.0711343098	-0.0568210419	0.0422967282	0.0782873035	-0.0025646777	-0.0795889182	-0.0378279629	0.0349477796383581	-0.0003334699487567	1.1120220672379686e-07	0.0012213473016512	0.0214785161420678	0.0121195447615321	0.000461326655665	0.0001468833652267	0.2994365814486599	-0.0228573710778547	0.0005224594125907	0.0896622663096599	0.0003635597758769	0.0006728825475556	1.3217571063566176e-07	4.527709228049143e-07	0.000159864485554	-0.0001408184675215	2.5556653741445073e-08	1.982984079513191e-08	-0.0007450291693926	0.0004359237086111	1.900294797292552e-07	5.550684632458275e-07	0.0	0.0
1612.3266417195505	-0.8223285717040199	0.6762242798407733	2599597.199598644	2222.6165120077776	-14.636755973234358	4940024.159449619	214.23462542001167	1716.270067693537	0.5675389515270126	0.3221004615003808	2945582.945260778	1799.3263777461789	1507.84032513778	1.058337	29.139942	0.0601960780094149	0.0443324839517048	-0.0601867086	-0.0129762277	0.0467973755	-0.0599104018	-0.0434032805	0.048843628	-0.1126659615	0.071796305	-0.0465680437	-0.0013903515	0.0036039975	0.0074369108	0.0639924213	0.0041507847	-0.1541546195	0.027873366	-0.0148415544	0.0961090537	-0.0276384526	-0.0034955291	0.0034684036	0.1224360171	0.0006966448	0.0123762973	-0.0599821145	0.0130981169	-0.028973116	-0.0789582695	0.1004065655	0.0045602941	0.0081733596	0.0104038575	-0.1054928743	-0.0396224134	0.0081047512	0.0351060018	-0.0452041095	0.0047749611	-0.1140345512	0.0133524401	-0.0619725927	-0.0422872004	-0.0118600523	-0.0956374216	0.0209412136	0.054408656	0.0167789252	-0.0713771462	-0.0467893902	-0.064200465	0.0038615804	0.0413690983	-0.0292095644	0.0597151582	0.0147621611	0.0545083283	0.0346030907	-0.1036119412	0.0388803752	-0.0965353698	-0.0247446164	0.0423077427	-0.0109458771	0.0179673511	-0.1261122522	-0.0176067214	0.0288119639	0.1200471472	-0.0282143317	-0.0204877026	-0.043380407	-0.0775830201	-0.0452091358	-0.0288278626	0.0254966399	0.0500439998	-0.0582369657	-0.0487133775	-0.0316710368	0.092354569	0.0600774828	0.0562251096	-0.1094778297	0.0552061883	-0.0266912624	0.0390829202	-0.0699679491	0.074540644	-0.0654842609	0.0752033976	0.0587015365	0.0466918147	-0.0512587191	0.0331820065	-0.0341770888	0.0440870928	0.0337871044	0.0137797279	-0.0184160474	-0.0058147998	-0.0131849115	-0.0531011728	0.0933125874	0.0737302648	-0.0133158428	-0.0240672969	0.0093093349	0.0232454293	0.0224350441	0.009477978	0.0227773628	-0.0736990199	-0.0770813785	-0.0815843463	-0.0604449615	0.0362544795	0.0535048147	-0.0123890893	0.0251066822	-0.0435310278	0.0459890392	0.0605927028	-0.0134866887	-0.0927304864	0.0426605182	0.0601130419	-0.0791923498	-0.0935073268	0.0857467659	0.0619543574	0.0411907152	-0.0245777692	0.0063304377	0.0182620341	-0.0004338954	0.0082712049	0.118612719	-0.0233391768	-0.0019692274	-0.0869101657	0.0839242219	-0.0141611647	0.0186730878	-0.0306980506	0.0103087654	-0.0084076301	-0.0142040898	-0.0283342618	-0.0656879825	0.0936821579	0.0179865225	0.0290173322	-0.0788448221	0.0643449989	0.0631626375	0.0143229502	0.0192720118	0.0192405605	-0.0404442359	-0.0916610246	0.0013226192	0.039884708	0.0083564282	0.003702303	-0.0459468796	-0.005173009	0.095447442	0.0198910824	-0.0719581255	-0.0549512416	0.0451842308	0.0769663555	-0.0076839116	-0.0807101879	-0.0316405151	0.0370980816636858	0.0021503020253276	4.6237988001284e-06	0.0013762676631255	0.0213456837453378	-0.00013283239673	0.0004556382145559	1.7644445621036757e-08	0.3212644668705522	0.0218278854218922	0.0004764565819912	0.1032108576736201	-0.0003099367141956	-0.0006734964900724	9.606076680636504e-08	4.53597522139977e-07	0.0001601229907808	2.585052268000085e-07	2.5639372176588163e-08	6.682495228292383e-14	-0.0007929753374026	-4.794616801e-05	2.2988350268431474e-09	6.288098857287673e-07	0.0	0.0
1612.929839523784	0.6031978042335595	0.3638475910321875	2601542.6672262195	2232.5223552892026	9.90584328142495	4984156.066866049	98.12573111615184	1714.13472545277	-2.135342240766932	4.55968648520354	2938257.8570030434	1804.734250854838	1559.4191331129807	1.127357	31.04031	0.0510118773884462	0.029426684211893	0.0699730921	-0.0174213852	-0.0562352461	-0.0197167627	0.0272763486	-0.0006186611	-0.0208255737	-0.0868767369	0.0525841401	0.0139367507	-0.0708261849	0.0597291234	0.0990991359	0.0778301784	-0.0746888161	-0.0512371048	0.0053491347	-0.0140772324	-0.0534515654	-0.0942072092	-0.0047812959	-0.0268862341	-0.0201624743	-0.0512615594	0.0965929707	-0.1255640901	0.0950371471	-0.0090003864	-0.0526277946	0.0368292402	-0.0321087407	0.0213447893	-0.0182140783	0.0679693134	0.0693630405	-0.0763142473	0.0662686126	0.0155379303	0.0289350274	-0.0253613777	0.0425385342	0.0217773304	0.0348718503	0.0052118986	-0.023457851	-0.0494052912	0.0121856746	-0.0079560702	-0.0611903904	-0.0172974593	-0.0174179888	-0.0011907099	-0.0594753624	-0.0580333039	-0.1167308264	0.0089966214	0.0130108799	0.0417994262	-0.0159690495	0.0250290214	0.0375869471	0.0072746698	0.0597275052	-0.0388377313	0.0411965201	0.0992279967	-0.0630306181	0.0046919145	0.015734995	-0.0137982352	0.1220064791	0.0178704518	0.0016985952	0.0622727319	0.0643198862	-0.0937963003	-0.0236077538	0.0200919432	-0.117179585	0.0415543113	0.0067473606	-0.0706949523	-0.0673408972	-0.0849138576	0.0176801796	-0.042306086	0.1053792229	-0.0306318293	-0.0107600233	0.1104993693	0.034103488	-0.0123781258	-0.0068662837	-0.0390826061	0.0890743769	0.0155782525	0.0572072205	0.0135650704	0.0066705908	0.0698198016	0.0500575593	-0.0506301791	0.0673493601	-0.0178689345	0.0214297738	-0.0017582154	-0.0475649192	-0.0313406811	-0.0251299918	-0.1182067117	0.0858002237	-0.00522436	0.0478646332	0.0602195185	0.0546806506	-0.039060595	-0.007248228	-0.0387044958	-0.0950369375	0.0476783613	-0.0292797088	-0.0070390937	0.0160851558	-0.052593707	0.024596227	-0.030573129	0.0484847886	0.0419934338	-0.0277014597	0.0376375468	0.0405575517	-0.0358470157	-0.0874958218	-0.1132386184	-0.0830196776	-0.0180943339	-0.0059381131	-0.0594691866	0.0289600496	-0.064780433	-0.0738591664	-0.0102429844	-0.0676554761	-0.0155577795	-0.0888081563	-0.0598294591	0.0021192221	0.0211026248	0.022027818	-0.0626084063	0.0599907023	0.0541274149	-0.031465387	0.0357219961	-0.0060214154	-0.0577868721	0.0099079909	-0.0847022837	0.0755906312	0.0987228425	0.0244561101	0.0474762314	0.06437825	0.0142204133	-0.0655590614	0.0163923235	-0.0365879773	0.0190607341	-0.0727503781	-0.0530272111	0.0479924649	0.0754344479	-0.0127728206	-0.0813979594	-0.0252311319	0.0253074660280958	-0.0117906156355899	0.0001390186170662	0.0006404678367632	0.0156429912812967	-0.005702692464041	0.0002447031762267	3.2520701339431145e-05	0.3479292889182588	0.0266648220477065	0.0007110127348358	0.1210547900871652	-0.0003099906223172	-5.390812160002093e-08	9.609418592460495e-08	2.9060855744426432e-15	2.412303214582856e-05	-0.0001359999586349	5.81920679908678e-10	1.849598874871394e-08	-0.0007939964154682	-1.021078065600021e-06	1.042600416049481e-12	6.304303077763506e-07	0.0	0.0
1614.5809683031184	1.6511287793343854	2.7262262459462576	2606871.7032066355	2232.79396666112	0.2716113719175155	4985368.897558299	0.0737727373549149	1715.941289284446	1.8065638316759305	3.26367287791962	2944454.5082711666	1801.3193247563663	1537.6737096504703	1.083358	29.828852	0.1093022187388146	0.0770985730829862	-0.0433549038	0.043513959	0.0744182632	0.0365417465	-0.0340172685	-0.032659956	0.0826831272	0.1128789726	-0.001476626	0.0082643857	0.1027617262	0.048201156	-0.0145203802	-0.0209020306	-0.0842475268	-0.1046889315	0.0387949391	-0.0500214895	-0.0203015195	-0.0050244283	-0.013993522	-0.0180932176	0.0062509711	-0.027788249	-0.0647156961	0.0671106303	-0.032656272	0.0098599547	-0.0090397991	-0.0413496611	-0.0100024925	0.0387097579	0.0101692137	0.0015368615	0.0670316019	-0.0602344466	0.031096366	0.0986046477	-0.0563429187	-0.0631783084	-0.0222735154	-0.0106897047	-0.0584807603	0.0760019827	-0.0221831156	-0.0284330287	0.048291917	0.0221814543	-0.0486836307	0.046587954	-0.0203137557	0.0415533664	0.0558625931	-0.0375713995	-0.053927406	0.1039867877	-0.1165234128	-0.0324076275	-0.0194889209	-0.0752170288	0.054990317	-0.0501196132	0.0094958676	0.0067754542	-0.0459835728	-0.0129978236	0.0056682994	-0.0214775011	-0.0365947393	-0.0045988613	0.0293936472	0.0919293316	-0.0521381583	0.0350528588	0.0200208729	-0.0441305089	0.0307961235	-0.0977538517	0.0104103295	0.0624044869	-0.103442586	-0.0814497696	0.0756166074	0.0729202348	-0.0112940134	0.024309507	-0.0752449451	0.0848978576	0.0356565081	0.0248960301	-0.0086154591	-0.0022954493	0.0061426704	-0.115099872	-0.0045088303	-0.012002965	-0.0592873172	0.0095832175	0.0104767028	-0.0787510822	-0.0268108366	-0.0284103661	0.0029286494	-0.0090424031	0.0085474972	0.0434703163	-0.0143825205	-0.0056436931	0.0104775953	-0.0593463135	0.0370071663	0.0026074176	0.0189445635	-0.0643143824	-0.0259693312	0.0720142891	0.0458040995	0.1019103391	-0.0545176487	0.04658649	0.1019922026	0.0497564604	0.0358381387	0.0083879793	-0.0276079014	0.0218431434	-0.0556691218	0.0085574488	-0.0109976924	0.0282072787	0.1130296047	-0.0374843872	0.073252081	-0.0536196519	0.1056290111	0.0592253871	0.0014548291	0.0525711227	0.120878804	-0.0076877049	-0.1087042323	0.016730993	-0.0471692931	-0.0067602543	0.0755490815	0.0638660233	0.0104991877	-0.0014169664	0.0458074258	0.0721557635	0.0496558467	0.0275190287	-0.0152212563	-0.0203314149	-0.0437786668	-0.0223739108	-0.0599218815	-0.0323550247	0.0423269916	-0.0282400395	0.0036186234	0.034898232	-0.0670307196	0.0233920445	-0.0495957816	-0.0428085924	0.0124825352	0.0182282956	-0.0735107199	-0.0510508491	0.0507165039	0.0736957799	-0.0178113211	-0.0816485389	-0.0186447705	0.0178347790186421	-0.0074726870094537	5.584105114125809e-05	0.0003180793426437	0.0177402208885695	0.0020972296072728	0.0003147154371752	4.398372025621625e-06	0.2793632577806733	-0.0685660311375855	0.0047013006259603	0.0780438297978309	0.0001470098403216	0.0004570004626388	2.161189315138233e-08	2.088494228520773e-07	3.145327639098028e-05	7.330244245151718e-06	9.893085957273972e-10	5.3732480693579875e-11	-0.0006350017026621	0.0001589947128061	2.5279318700294233e-08	4.032271623837661e-07	0.0	0.0
1615.0575778613409	0.4766095582224352	0.2271566709889848	2608410.979807341	2231.031190333345	-1.7627763277751	4977500.172240222	3.107380381764267	1715.6481756036933	-0.29311368075264	0.0859156298443605	2943448.662452281	1804.663011012379	1540.7655565776522	0.992216	27.319386	0.0794540393743459	0.0331315845698676	0.0049051401	-0.0050725598	-0.0875292332	-0.0063882847	-0.0332088276	0.0529032482	0.0376048983	-0.0676749878	-0.0166720538	-0.0086883431	-0.013320723	0.0394717303	-0.0001623042	0.0240847444	0.0090544838	-0.0694354765	-0.1092290575	0.0454507546	0.0669042679	-0.0108000292	0.001419185	0.0147982216	-0.0064091642	0.0245592062	0.0526814378	-0.044634344	-0.0341801443	-0.0109497413	-0.0895759778	-0.0130066227	-0.0252363343	4.57206e-05	-0.0619744972	0.0336950746	0.0218157798	-0.1059239006	-0.0593407968	-0.0010194369	0.0323401579	0.0559038321	-0.0008131751	0.0439365157	-0.0060543757	-0.0216008152	-0.0110455097	-0.0237885459	0.1133444704	0.0503226935	-0.0890982603	-0.0024744909	0.1855452537	0.0158894203	0.0458656705	-0.0618278827	-0.0332309126	-0.121083042	-0.0147177717	0.0236933622	-0.0112089818	-0.1276259238	0.0374162539	0.0709757734	-0.0072212706	-0.0373832264	0.0310331776	0.0209874543	0.0429617186	-0.0108390908	0.002981816	-0.0281959507	-0.0325070316	0.0106577323	-0.0537742615	-0.0698324148	-0.040841824	-0.0010125993	0.0998405775	0.0572851356	0.0056823392	0.1007613928	0.0598419875	-0.0382164244	-0.0043212877	-0.0716764577	-0.0391111822	-0.0100527203	-0.005386296	0.0173550852	0.0076664404	0.0846849365	-5.3411e-05	0.0635013325	-0.0303193391	-0.0535780731	-0.0247677683	-0.0326550089	0.0004143064	0.0096834641	0.0529822341	0.0037016117	0.016286686	-0.0226232551	0.052568239	0.0682771515	0.0241679159	-0.0289791064	0.1427069631	-0.0050213933	0.0286997753	-0.0139658361	-0.0489038704	0.0299196567	0.0761371584	-0.0004834057	0.0550745848	0.0128550335	0.0351473642	0.0811298857	0.0547102214	0.0717671164	-0.0287899128	-0.1516099174	-0.0793432973	0.0813887313	-0.0376884755	-0.0293830102	0.0110849588	-0.0099586773	0.0974102943	-0.067246121	0.0275582209	-0.0580208014	-0.096306841	-0.0396497645	0.0099403574	0.0667143947	-0.037187018	0.0736635782	-0.0437709672	-0.0115461415	-0.1453638341	-0.0013794635	-0.079437083	-0.001455154	-0.0450503401	0.0230866008	0.0800184294	0.0145344358	-0.0740657101	-0.0089646879	0.0316830869	0.0588421681	-0.083464856	0.0247292446	-0.0205565733	-0.0351625087	-0.0513613658	-0.0148350118	0.0223264706	0.0007774336	0.0268494217	0.0189496811	-0.0175918483	-0.013034985	-0.0244366055	0.0395332874	0.0413355269	0.0173938582	-0.0742388174	-0.0490241061	0.0533515689	0.0717551168	-0.0227795284	-0.0814605803	-0.0119276293	0.0259732657299025	0.0081384867112603	6.623496594936209e-05	0.0006746105326761	0.0098898929206683	-0.0078503279679012	9.780998198228494e-05	6.162764920361179e-05	0.2699236216888749	-0.0094396360917983	8.910672954558251e-05	0.0728587615456388	-0.000254354838614	-0.0004013646789356	6.469638392635398e-08	1.6109360549707728e-07	0.0002706370211311	0.0002391837447401	7.324439720671548e-08	5.7208863747906765e-08	-0.0010749650510541	-0.0004399633483919	1.9356774792830037e-07	1.1555498609877438e-06	0.0	0.0
1614.0600538232352	-0.9975240381056664	0.9950542065986352	2605189.8573478647	2229.496902807946	-1.5342875253991224	4970656.439630223	2.3540382105953626	1716.4909077592329	0.8427321555395793	0.7101974859803856	2946341.0364201157	1802.0483482584173	1545.7704003675226	1.01521	27.95248	0.0513786921475649	0.0233001590041778	-0.0240696634	0.0205573746	0.0691876731	0.1049277758	0.045276637	0.0762009986	-0.0301875976	0.0619487753	0.0358061945	0.0676629934	-0.0052677464	-0.0661455171	0.0148274817	0.0200372437	-0.0998473846	-0.0710014915	-0.049410633	-0.0125864203	0.081506957	0.0062358108	-0.0612571399	-0.0795285726	0.0140644382	-0.0768397754	-0.0282525286	0.1012027862	0.0149339273	-0.0387028732	-0.0101895432	0.0807064356	0.0267662844	0.0133363737	0.0856648047	-0.0219794813	0.1851596791	0.02036368	0.0547198205	0.0522939516	-0.0176877681	-0.0518402584	0.0055561104	-0.0889677001	0.0153014257	-0.0699301851	-0.1630913275	-0.0233790744	-0.0351867188	-0.0202856168	0.0504724576	-0.0170167069	0.0259228008	-0.0589210624	-0.0784777451	0.0328491767	0.0080751852	-0.0539816045	0.0611820942	0.0412786576	0.0355224288	0.0200302027	-0.1142275402	-0.0283190527	-0.0064113859	-0.0482344748	-0.0129435185	-0.0259991443	-0.0262631298	0.0581436416	-0.0480171578	0.030064411	0.0394374908	0.048813612	0.0327700503	0.067004004	0.0804141252	-0.00164866	0.0511306351	-0.0376501688	-0.0075748331	-0.0350657499	0.0625535668	-0.0231428037	0.0018718303	0.1034045321	0.022956757	-0.0028040469	0.0193873756	-0.0044690046	-0.0003110763	0.0610085297	-0.0669513914	-0.0768977409	-0.0333343254	0.0325940137	0.0992773918	-0.0030714433	-0.0479509246	0.0209284628	-0.0968696398	0.0579655819	-0.0236420288	-0.0283332059	-0.0403509954	0.0234887201	0.0304523225	-0.0591835365	-0.0596585556	-0.040858687	-0.0054955483	0.0067999975	0.0967762061	0.0684490197	0.0315882799	-0.0128344592	0.0581026778	-0.0200944126	0.0744631675	-0.05995777	0.0251498592	0.0131873302	-0.0582832628	0.0962610293	-0.0403080259	0.0425175725	0.0422063333	0.1211619843	0.0391859866	-0.0009732894	0.0056362071	-0.0015817478	-0.0036715877	-0.0034564042	-0.0866892691	0.02906318	-0.0005127891	0.037823713	-0.0418051736	-0.0372037615	0.0166078791	0.0804221687	0.0458560637	-0.0460864839	0.0160543924	0.0150329927	-0.0992836594	0.0157554555	-0.0408910814	-0.0431807899	0.008198574	0.1072535804	0.0372460952	0.0191686438	-0.0152171732	0.0065432427	-0.0448570833	-0.0048957672	-0.0626297357	-0.0486154269	-0.0444545235	0.0274053186	0.0248621394	0.0372223423	0.0184154495	0.0029266769	0.038545468	-0.053375699	-0.0968500178	0.0165575133	-0.0749343514	-0.0469489822	0.0558930371	0.0696177779	-0.0276578354	-0.0808350932	-0.0051268245	0.0247666373328172	-0.0012066283970853	1.4559520886526403e-06	0.0006133863247752	0.0012103066048609	-0.0086795863158073	1.4648420777699189e-06	7.533521861355106e-05	0.2875664927169765	0.0176428710281015	0.0003112708981142	0.0826944877335428	-9.593059095718752e-05	0.0001584242476568	9.202678281395229e-09	2.5098242245627056e-08	0.0001600416989184	-0.0001105953222127	2.56133453926878e-08	1.2231325295330941e-08	-0.0008669924927922	0.0002079725582618	4.3252584989999393e-08	7.516759825580329e-07	0.0	0.0
1613.367340768306	-0.6927130549292997	0.4798513764694829	2602954.1762577947	2247.288229356432	17.791326548486268	5050304.385803968	316.5313003548723	1716.3156269975143	-0.1752807617185681	0.0307233454286414	2945739.3314758707	1807.7482719385364	1548.2849010937962	1.094309	30.130383	0.0699823740884637	0.0387255320094699	0.0201478045	0.0683973566	-0.1251184737	0.0004585723	0.0365013553	-0.0226008413	0.0870419164	-0.0526730915	0.0207156597	-0.0039558761	-0.0478397147	0.0327843617	-0.1124323913	0.0625603749	0.0920024873	0.0447582349	0.0262163172	0.0385233145	-0.0151747851	0.0174355083	0.0424671543	0.0144454401	0.0011477699	0.0623370094	0.0734373105	-0.0633959128	-0.0629407066	-0.0096040992	-0.0215975941	0.0003738422	-0.0384606982	-0.0088198926	0.0128566592	0.0146666095	0.0268347312	-0.0270452266	0.1012117139	-0.0708977781	-0.0766175365	0.0093440181	0.0435745405	0.0673675718	-0.0572754346	0.0748717878	0.0955471379	0.0205713742	0.0611909621	-0.1137087183	0.0737535762	0.1268140348	0.0184217505	0.0119741353	-0.0104878125	0.0723409648	-0.0152781869	0.0395434015	0.0595689931	0.0851978504	0.0465439194	-0.024330346	-0.0301342311	-0.0622892347	0.075039881	0.041687524	0.055907071	-0.0311570505	0.1044657968	-0.0895764014	-0.0463355739	-0.0350303175	-0.0249917663	-0.1066034792	-0.0036069297	0.0450057921	0.0620251056	0.0315081115	0.0738565036	0.0715503188	0.0259782408	-0.0594429968	0.0351915528	0.0182133714	0.0340175121	-0.0596304608	-0.0665966802	0.0313374249	-0.0034750132	-0.0739338151	0.0647115774	-0.0245961674	-0.061074989	0.0151677584	-0.0126429287	-0.0680518421	-0.0335779826	-0.0381693948	0.0439904598	-0.0666269299	-0.0846323355	-0.0393763045	-0.0561307556	0.0583478355	0.0435259133	-0.0216637676	-0.0214065134	0.0149491976	-0.0655280227	-0.0518761858	-0.0468901076	-0.0529235877	0.0246304763	0.0469378971	-0.0243168853	-0.0043267935	0.0286996099	-0.0867716986	-0.0046408472	0.0124186847	0.0185124406	-0.0591284041	-0.0176710676	-0.1157271135	0.019812357	-0.0057797418	-0.0035376131	0.043516446	0.0024051394	0.0912521225	0.0180828673	-0.0383791714	0.058291407	0.0010652683	-0.0196677128	0.0435873474	0.0070557729	-0.0233716445	0.1066719701	0.0714040655	0.0076172602	-0.0368864614	0.0767963174	-0.1066624564	0.1353515094	0.0607881835	0.0067642518	0.0394353336	-0.0122699268	0.0454424938	0.0204633435	-0.1209168476	0.0776950706	0.0537688944	0.0389709255	-0.059644941	-0.0025711384	0.0529328942	-0.0257563505	0.0043246024	-0.0309929309	-0.01091753	-0.0082472445	-0.0390718241	-0.0196665541	-0.0066352424	-0.002897906	0.0347635469	-0.0078165929	0.0157193527	-0.0755970167	-0.0448275254	0.05833645	0.0672896215	-0.0324269895	-0.0797754371	0.0017099414	0.010733866092778	-0.0140327712400391	0.0001969186686752	0.0001152158812976	0.0336743378479553	0.0324640312430944	0.0011339610294982	0.0010539133245526	0.2850608769906557	-0.0025056157263207	6.2781101679861e-06	0.0812597035906817	0.0002355619394297	0.0003314925303868	5.5489427307881655e-08	1.0988729770230157e-07	0.0001599086630281	-1.330358902999892e-07	2.557078051143444e-08	1.7698548107910763e-14	-0.0007790189414892	8.797355130299998e-05	7.739345728861569e-09	6.068705111989536e-07	0.0	0.0
1615.1397379982836	1.7723972299777415	3.1413919408327717	2608676.3732611644	2248.423736709116	1.1355073526838169	5055409.299796984	1.28937694799901	1714.1825328480113	-2.1330941495029947	4.550090650643904	2938421.755921223	1802.2314566089028	1536.454320169339	1.048787	28.876986	0.0635777307884211	0.03153686911328	0.0404065158	0.002852875	0.097325503	0.0145975812	-0.0733511265	0.0189630092	0.041567814	0.0006030384	0.0849363553	-0.051347862	0.0342555606	-0.0477255909	-0.0922440025	-0.0553795698	0.0062950015	0.0552303338	0.0060273023	0.0179548169	0.0020317898	0.0560447985	0.0726205022	0.0270656011	0.0630367761	-0.0629669064	0.0033288481	-0.0368929424	-0.1213612527	-0.0106157321	3.27874e-05	0.0572384746	0.1072812594	-0.0430493564	-0.0580771106	0.0856474054	-0.1251061246	-0.0123146465	0.0583786437	-0.0237884982	-0.0518332203	-0.0169033625	-0.0654889676	-0.0428352433	0.0234434706	0.0717088463	-0.0717258054	-0.0101016152	0.0533035897	-0.0774652955	0.0102984066	-0.0540056396	-0.0259582203	-0.0662474249	0.0253320113	-0.07051218	-0.0212991245	0.0120153344	-0.0160050293	0.1101947115	-0.0110286973	-0.0163564253	-0.0342389691	0.068152861	0.0481014508	-0.06562232	-0.0558955649	0.0041024729	0.0259446243	-0.0504611029	0.053256465	-0.0114851411	-0.1188123317	0.0476663663	-0.0588506747	-0.0141858882	0.028188314	0.0185190556	-0.0314094647	0.0447167112	0.0629342565	0.015168832	-0.0432536651	0.1524466874	0.0426910575	0.0181921249	0.0702461585	-0.0612878728	-0.0644361317	0.0679234419	-0.0563886244	-0.0358842909	0.0189370042	0.0218898734	-0.0427577325	0.0559389089	-0.0685380835	-0.0777119747	-0.0049180842	-0.0156234837	-0.0043702662	-0.0035983297	-0.0151032291	0.0585028712	-0.011566638	-0.0084854989	-0.0414566645	0.0350601486	0.012046551	-0.004776383	-0.1029008543	-0.1155786044	-0.0641071703	-0.0431661156	-0.0213321097	0.0340037804	0.0957548811	-0.0313934214	-0.0516915528	0.0405227919	-0.062039463	-0.0015218276	-0.0175501122	0.0010348876	-0.0235614217	0.0691167121	-0.0146586325	-0.058513369	0.0283874551	0.0378616456	0.0488229275	0.0407367214	0.016954571	-0.0518208619	-0.1031479201	-0.012454977	0.101170679	0.0050818471	-0.0040347815	-0.0521417048	0.0549359362	0.07082081	0.0153322613	-0.0472865152	0.0317010342	-0.003269738	0.0326539967	0.0260427459	0.0741679999	-0.006998059	0.0264293945	0.0938405328	0.0038264294	0.0747585062	0.0326070559	-0.0714146305	0.0317389101	0.0866979016	-0.0119312662	0.0080304253	-0.0020644917	-0.0225927186	0.0163842147	-0.0017538764	-0.0015458747	0.0446661232	-0.0225819997	-0.0071447062	-0.0231848804	0.0148794683	-0.0762265226	-0.0426618292	0.0606775209	0.064777029	-0.0370681691	-0.0782873035	0.0085347133	0.0183327257147283	0.0075988596219502	5.774266755410663e-05	0.0003360888321314	0.020410390255023	-0.0132639475929323	0.0004165840303623	0.000175932305748	0.2742295813708821	-0.0108312956197735	0.0001173169648029	0.0752018632988492	-0.000303929494943	-0.0005394914343726	9.237313789630705e-08	2.910510077615132e-07	0.0001601328848317	2.2422180359998558e-07	2.5642540804522493e-08	5.027541720963048e-14	-0.0008769758443882	-9.7956902899e-05	9.595554825564112e-09	7.690866316403964e-07	0.0	0.0
1616.6944439752926	1.5547059770090073	2.417110674947532	2613700.9251805805	2228.24087483359	-20.18286187552576	4965057.396279164	407.3479134865512	1714.7962042791194	0.6136714311080596	0.3765926253582138	2940526.022210075	1802.8791441084416	1554.4422196142548	1.05787	29.127066	0.0408225221550974	0.027841329129924	-0.0395953909	-0.0123149754	-0.0870275435	-0.0008340769	0.0668159616	0.0392907914	-0.0286620877	-0.032272927	-0.0557559273	0.0318605389	-0.0109363318	-0.0435537913	-0.0802396254	-0.0467640569	-0.0463174188	0.0094166695	-0.0091688103	0.0394850764	-0.0336178517	-0.0200801134	0.0389568246	-0.096016139	-0.0300549229	0.0921022548	-0.06992716	-0.0862453416	0.0156734162	-0.0339994676	0.0454276766	0.0102904675	-0.0063118953	0.0486727301	-0.0876902202	0.1144191915	-0.0279716644	0.0615902438	-0.001219092	-0.0411970947	0.0283520657	-0.0453179863	0.0386469925	-0.0389769216	-0.0098890545	0.083574904	-0.0313026198	-0.1007656124	-0.0027803454	-0.0274691392	0.0093776865	-0.010352681	0.0916087123	0.0663562026	0.0239929176	-0.0068449396	0.0953032651	0.0325246763	-0.0579522151	0.0126725769	-0.0491126342	0.0049434612	-0.0154579773	0.1085435307	0.0718748802	0.0323030987	-0.0229593567	-0.0375012849	0.0478862112	0.0094688468	-0.0315844722	-0.0119926571	-0.049456994	0.0136636146	-0.008079197	-0.1058170992	-0.0440640324	0.0083444403	0.0975340344	-0.1645936591	0.0560885685	0.0541136334	0.0844995414	0.0009499868	0.029880905	-0.0176932336	-0.0628979278	0.0439591507	0.0206227892	-0.0142422287	-0.1016523677	-0.0368051548	0.0061799453	0.0747023376	-0.0282406015	0.0563694998	-0.0132154819	-0.0639291939	0.0408679667	-0.0209872635	0.0274194431	-0.0214875308	0.0046387183	0.0696670001	0.0630383423	0.0291019443	0.0545641412	0.0029978525	-0.0109634058	0.0552847531	-0.0355731401	-0.0859928955	-0.0720736944	0.0697887178	0.0072023127	-0.0093250491	0.018658706	0.0427622062	-0.0055793131	0.0153122956	-0.0667158722	0.0016973278	0.0800459313	0.0525678921	-0.048955743	0.0125049831	0.0235287607	0.0867377087	0.002762854	0.0683640843	0.0027958415	-0.0125953311	-0.0518976606	0.1275280832	-0.0299875355	0.030835522	0.0254616053	0.0532065835	0.0124786205	0.0080918602	-0.0577337683	-0.0446103092	0.0685462583	0.0963876561	0.0402756959	-0.0125829384	-0.041407929	0.0335636373	-0.0039467962	-0.0054553539	-0.103575366	-0.0501369741	0.068554213	0.0560228371	0.0102074957	-0.068727289	0.0224810835	0.1224899067	0.0119560676	-0.0079614561	0.0127711592	0.0054415628	0.0712105766	-0.0225682957	0.0104583868	0.0064585945	0.0274573568	-0.0035968146	0.004382125	0.0140379523	-0.0768225931	-0.0404540309	0.0629121428	0.0620868871	-0.0415630576	-0.0763786853	0.0152996203	0.0167594007823481	-0.0015733249323801	2.475351342849156e-06	0.0002808775145833	0.0222393151737207	0.0018289249186977	0.000494587139396	3.34496635823339e-06	0.2985292427324566	0.0242996613615745	0.0005904735422871	0.089119708766414	-0.0003443470047304	-4.0417509787400014e-05	1.1857485966679813e-07	1.6335750974145756e-09	0.0003281602954523	0.0001680274106206	1.0768917951134085e-07	2.823321071986373e-08	-0.0009309431428291	-5.396729844090007e-05	2.912469301009174e-09	8.666551351805222e-07	0.0	0.0
1613.3531665052546	-3.341277470037994	11.1641351317835	2602908.439872532	2241.53933346325	13.298458629659764	5024498.583462871	176.8490019247722	1712.9768055308948	-1.8193987482245573	3.310211805041087	2934289.536286829	1803.8213736990688	1573.712756696056	1.09453	30.136454	0.0623277338720203	0.036081893528466	0.1103788885	0.0248214414	0.0478541018	0.0616733717	0.0416356788	0.019273442	-0.0569068083	-0.0325821701	0.0606554786	0.0047487188	-0.0006936713	-0.0768878542	0.01599379	-0.0832611749	0.0691643275	0.0851983532	0.0183293491	-0.0559284328	-0.0452310704	-0.0469943157	0.0390209916	0.0476387056	0.0419743334	-0.0522344882	-0.0521680614	-0.0249107837	0.0283072951	0.0574327989	0.0793311814	0.0027077036	-0.001436871	0.0624499693	0.061997846	-0.0365646802	0.0218331249	-0.1186254976	0.0102823962	0.0337635113	0.0152098711	-0.0383944064	0.0050667545	-0.0533214776	0.0224465368	-0.0988798061	-0.0219104518	-0.0782054927	0.0324327387	0.0106294747	0.0360035663	0.1140906449	-0.0080403062	-0.0113063464	-0.041288128	-0.0336484197	0.1224254109	0.0025579411	-0.0529297941	-0.0419406979	-0.0579282301	0.0408070798	-0.0313401778	0.1618671975	-0.0224581279	-0.0325662962	-0.0335459506	0.0285948199	0.0606220852	-0.0623271048	-0.00736396	0.010006432	0.0564177272	0.0284724583	-0.0423959186	0.087629748	-0.014589174	0.001874781	-0.0224982455	-0.0947715086	-0.0563800326	-0.0010456505	-0.0483772021	-0.1289898932	0.0300337048	0.0376568628	0.0682921979	-0.0752844241	0.0087341483	-0.0653257762	-0.0601598171	-0.119335394	0.0373552588	-0.0405066278	0.0030514808	0.0092094759	-0.0090068964	-0.0197631219	-0.0508132425	-0.0348641246	-0.0088122746	0.0737680984	-0.0035993437	-0.0212964023	-0.0909915391	0.0630847729	0.0850301101	0.0038092601	0.0905400177	-0.0144755341	-0.0622844365	0.040102358	0.0112614956	0.0275106741	0.0221300034	0.0543339978	-0.0634615377	0.0556313131	0.1164837957	-0.0561100064	0.0354425358	-0.0640834897	0.041756876	0.0710559896	-0.0019904465	-0.050820738	-0.0277547621	-0.080980463	0.0394931182	0.053634715	-0.0376699709	-0.0032322493	0.0656250513	-0.0051443756	0.057093205	0.0492295594	0.1107736649	0.0390802634	-0.0918126492	0.0200386908	0.0140576962	0.0605933571	-0.0851873034	0.0720291251	0.0267694762	0.0457558911	-0.07424913	-0.047426285	0.0019722537	-0.0028705015	0.10582222	0.0322066997	0.0081143982	0.0060961579	0.0279717555	-0.07720301	0.0345080326	0.1086370546	0.0397171934	0.0107358709	-0.0305091406	-0.0371320193	-0.0296684348	0.0535370878	-0.009898224	0.0525583857	0.0051851776	-0.0322228779	0.0054961016	0.0131948967	-0.0773849666	-0.0382063093	0.0650363955	0.0592265694	-0.0458939156	-0.0740598336	0.0219572114	0.0167755257736956	1.6124991347499923e-05	2.6001534595694736e-10	0.0002814182649839	0.0304290698118734	0.0081897546381527	0.0009259282896158	6.707208103314368e-05	0.2960358191140315	-0.0024934236184251	6.2171613409203135e-06	0.0876372061985155	0.0002560535013941	0.0006004005061245	6.556339557617838e-08	3.604807677545558e-07	0.0001599146186122	-0.0001682456768401	2.5572685245885385e-08	2.8306607775383374e-08	-0.0006670207133118	0.0002639224295173	6.965504880231424e-08	4.4491663198698243e-07	0.0	0.0
1612.850988869803	-0.5021776354517442	0.2521823775479049	2601288.312298301	2231.4702783422085	-10.0690551210414	4979459.603124654	101.38587103057009	1716.842244540128	3.865439009233114	14.94161873410108	2947547.2926375843	1806.3087177222576	1531.2866219787225	1.185163	32.631916	0.0746039281199939	0.0360150246823791	-0.0768518017	0.0657323325	-0.0517154104	-0.0145210462	-0.0033918694	-0.0698071018	-0.0180666678	0.015693283	-0.0794395309	-0.0222640504	0.101722517	0.0290341333	-0.0236030902	0.0220088786	0.0550043176	0.0028295252	0.0352387923	-0.0154804714	-0.1052009478	0.0363897841	-0.001002092	-0.0374019429	0.0110123841	0.1176238656	-0.0270819682	0.04121262	-0.0702355853	-0.0026099972	-0.0003137986	-0.0638582625	0.0111174873	0.0440098136	-0.0802174118	-0.1112055074	0.0238620796	0.0672081221	-0.0244284263	-0.0843375709	-0.0516012961	0.0305084709	-0.099998462	0.0746763146	0.0330362678	-0.1372437333	0.0566963461	0.0130431352	-0.0612302238	-0.020971667	0.0018373023	-0.0430955315	0.011999202	0.0220722263	-0.0913615158	0.0554108366	0.0155322371	-0.0144936862	0.0582958759	-0.042933992	0.0334207317	0.0185414238	0.0789973386	0.0087784726	-0.0528105265	0.0323201756	-0.0406951291	0.0743446339	-0.0111427408	-0.04262711	0.0188079768	0.0240226426	-0.0382322177	0.0656347146	0.0155080041	0.0489292367	0.0707299526	-0.0229613861	0.0565134494	-0.0330509926	0.0067988978	0.020279171	-0.087941737	-0.0398100877	-0.0916470676	-0.0346089565	-0.0829174719	0.0518271315	-0.0630359999	-0.0216279128	0.0306988047	-0.0784730063	0.0198907998	-0.0165958967	0.0427135801	0.0052919702	-0.0185854908	0.0124356376	0.0752823465	0.0032163047	0.0151504375	-0.0203728983	-0.0152229888	0.0002026444	0.0831121673	0.0810283799	0.0474256858	-0.002803392	0.0321467839	0.0417066082	0.0602054286	0.0632462243	0.0102271073	-0.0803717743	-0.0535116662	0.0011046652	-0.0274018229	-0.0934193373	-0.0617719932	-0.0705265247	0.0638958331	0.0603674051	-0.0448211423	-0.0025356471	0.0209763028	-0.0520414894	-0.020010741	-0.0001852404	-0.026641989	-9.8673e-06	0.0775652751	-0.0102402682	-0.0157283973	0.0094300375	0.006774021	0.1182553725	-0.1154389835	-0.0112718479	-0.1127551654	-0.0194620135	0.0077237508	0.00387556	-0.0624980798	-0.0380968579	0.1418268712	0.0232470784	0.072661355	0.0709608681	-0.0658435368	-0.0018468041	-0.0305718468	-0.0476213314	0.0502937707	0.0128072981	0.0029733005	-0.0203253531	0.0426692022	0.0816872767	0.0030399827	-0.0329801215	0.018369788	0.0768305428	0.0253215415	0.0598612622	-0.0067481565	0.0137099328	0.0339036674	0.0332431503	0.0123115467	0.0123503943	-0.0779133966	-0.0359208828	0.0670465522	0.0562039158	-0.0500436514	-0.0713432033	0.0284607885	0.0434135185415271	0.0266379927678315	0.000709582658699	0.0018847335921555	0.0224358525817081	-0.0079932172301653	0.0005033674810681	6.389152168861143e-05	0.2856210188874044	-0.0104148002266271	0.0001084680637605	0.081579366430279	0.0003330946438439	7.704114244979997e-05	1.1095204175749459e-07	5.9353376299703715e-09	0.0001598033647205	-1.1125389169999463e-07	2.553711537599315e-08	1.237742841839413e-14	-0.0011810266748777	-0.0005140059615658	2.642021285252854e-07	1.3948240067726762e-06	0.0	0.0
1615.2934304317112	2.442441561908254	5.965520783336831	2609172.866395845	2242.543895499054	11.073617156845556	5029003.123240072	122.62499693638428	1718.4591761363636	1.616931596235645	2.6144677869051507	2953101.940047269	1808.11379131717	1541.3710036504835	1.084553	29.861761	0.0784211285925227	0.0416580138603871	0.0639876183	-0.0518560985	0.0089504462	-0.0349726963	-0.076219817	-0.0061624631	-0.0709766435	-0.0038923419	0.0091152222	-0.0886339303	-0.0352327792	0.0639747259	0.0330242957	-0.0276526645	-0.0073404704	0.0261159628	0.0266481885	0.0622876327	-0.009139682	0.0362726882	-0.0325044343	0.000514582	-0.0275973994	-0.0654000783	0.04162221	0.019047398	-0.0598676171	0.013365693	0.0007703046	0.033576277	-0.0420910042	-0.0632567631	-0.0454560396	-0.0057951486	0.0558702883	0.0057698705	0.0314549203	0.0615689728	0.0453170043	0.0039983739	-0.0134445848	-0.064395405	0.0244512464	-0.0141002997	0.0170134423	0.023259544	0.0458327086	0.0020588327	0.0746885508	0.0324895086	-0.050583759	-0.0753164843	0.0285792473	-0.1197127592	0.0795353836	-0.0003422882	0.0016356809	-0.0793521447	-0.0811191686	0.0216950404	0.0232887755	0.0347012293	0.0169485634	-0.0717153859	0.0449589937	-0.0763448381	-0.0710547973	0.0318175368	0.0470419065	0.0211041928	0.0721912824	-0.0656934498	0.0815115205	-0.0053343117	0.0159150819	-0.0222488295	-0.0975513002	-0.074393156	0.0181473344	0.0166067996	0.0802279002	0.1049511973	-0.0386659796	-0.0520763932	0.0878242872	-0.0227433109	0.0004638815	0.059295908	0.0418586518	0.0186068157	0.0383454672	0.0306095987	0.0083845437	0.0609339862	0.0256495033	0.0313527406	-0.0285587475	-0.0264566051	-0.0476630522	-0.0036381945	0.0348605109	-0.036032658	0.0027427837	0.0232777102	-0.0222140964	0.0190916788	-0.0129324592	-0.0319174857	-0.0055772998	0.0648845094	-0.0320481249	0.000454701	-0.0360740038	0.098482717	-0.047805566	-0.0542812674	0.1268161578	0.0627984783	0.0816637789	0.0424135719	0.0204240801	0.0233319472	-0.0775579064	-0.0021475261	-0.011878142	-0.0129460377	0.0478692998	0.0224424733	-0.1120939716	0.0211845221	0.0574612455	-0.0061543111	0.0204711853	-0.0866812505	-0.0124935765	0.0105592068	-0.0320328494	-0.0537287192	-0.0559753258	0.0214904875	0.0552587865	0.043303496	0.0415688001	-0.0350619075	-0.0050391285	-0.0320829978	0.081630724	0.0166710757	0.0148553808	0.0411586564	-0.0360417021	0.0337296211	-0.0933862658	0.052766798	0.032158911	0.0162842478	0.0589792273	-0.029413841	-0.0394650975	-0.0302391088	-0.0249259327	-0.0330245541	0.0041617761	0.1237129077	0.056267613	-0.0907598883	0.0135201243	0.0115045374	-0.0784076511	-0.0336000067	0.0689390864	0.0530272111	-0.0539958877	-0.0682433853	0.0347647336	0.0436713523165934	0.0002578337750663	6.64782555649403e-08	0.00190718701316	0.0301218146791057	0.0076859620973975	0.0009073237195623	5.907401336263248e-05	0.3170502895075628	0.0314292706201584	0.0009877990517151	0.1005208860768294	-6.007278065220758e-05	-0.0003931674244961	3.6087389752882445e-09	1.5458062368490249e-07	-0.0001339673909961	-0.0002937707557166	1.7947261850301934e-08	8.63012569143023e-08	-0.0010870036130924	9.40230617852999e-05	8.840336147482322e-09	1.181576854875932e-06	0.0	0.0
1617.2995012524725	2.006070820761352	4.024320137910123	2615657.6767514963	2224.3094756122127	-18.23441988684135	4947552.643298277	332.4940686096353	1719.9377651145242	1.4785889781605874	2.18622536633797	2958185.915867144	1802.7297057240949	1528.304388528342	1.050283	28.918175	0.0363125381146932	0.0169941445464815	-0.0864584393	-0.0139531326	-0.0038319468	0.0240696484	-0.0089956708	0.0074640374	-0.0382510614	0.0886025173	-0.0152505178	0.0723610213	-0.0512902154	-0.0137240541	0.0647886956	0.0238767906	-0.0665117829	-0.0200317469	0.0001131343	-0.0057902793	0.0170565022	0.0007466731	-0.0492249251	0.1039025091	-0.0737441546	0.0226735347	-0.0200868131	0.1116361066	0.005303336	-0.0615091531	0.0701265886	-0.0705378713	0.0043936539	-0.0169234417	-0.0110451291	0.0631592426	-0.1161417686	0.0270063708	-0.0205224132	0.0246935626	0.0445234494	-0.0043182333	0.0306893941	-0.0854467688	-0.0479985523	-0.0253468301	-0.0633169771	0.0252331605	-0.0211915005	0.04640793	0.0107735355	-0.0167001237	-0.0030855089	0.0309111726	0.0469079553	0.0595599232	0.0072686508	-0.0552769824	-0.0218598504	-0.1027227407	-0.0755008164	-0.0552295617	-0.0697484039	-0.0587218163	0.0463326117	0.0029649668	0.0315687926	0.0508832771	-0.027405914	-0.0318710873	0.0032525769	-0.0366247071	0.0707947709	0.0751866397	0.085691123	-0.0686603951	-0.031685517	0.0247342479	0.0393388903	-0.1180440608	-0.087971654	0.113088393	0.0411522741	0.0242665857	-0.0214097547	0.0790734141	-0.0223936371	0.0752172147	0.0235510877	0.0189087805	0.0301844971	0.0908278076	0.065236991	-0.0063928875	-0.0630619607	-0.006940882	-0.0507456932	0.0223272145	0.0200583602	0.020386159	-0.063111119	-0.043675821	0.0733775503	-0.0188163532	-0.0120263057	-0.062619012	0.071415033	-0.007051417	0.0356803174	-0.0068534504	0.0199869948	0.0077038059	-0.0327796111	0.0154669485	0.0078320954	-0.0400456162	-0.0666886707	0.0499305372	0.0522559124	0.0713927981	0.0280977116	-0.0556094416	-0.0278939637	0.0913568811	-0.0357045093	-0.0202892912	-0.0147196971	-0.0485854971	0.0074207832	-0.0659076343	0.026119916	-0.0256736428	-0.0373975553	0.0725064969	0.0594444007	0.0040596465	0.0409479248	0.0062544062	0.08499468	-0.0031763239	0.0456334117	-0.1235551274	0.0557142378	-0.0117430718	-0.0024547963	-0.0360117616	-0.0294830092	0.0452257425	-0.0438178605	-0.0366521202	-0.0303173641	0.0171668748	0.0046891682	0.0064015792	-0.081097855	0.0548693302	-0.0445771007	-0.0219184498	0.0220143479	-0.0409543758	-0.0180914509	-0.0285270333	0.0379386998	-0.0767190773	-0.0263484156	0.0432058859	-0.0485184323	0.0713442286	0.0450030885	0.010657419	-0.0788675135	-0.0312459714	0.0707106781	0.0497051625	-0.0577350269	-0.064777029	0.040824829	0.0348919142652022	-0.0087794380513912	7.707853249821579e-05	0.0012174456810902	0.02214628429995	-0.0079755303791556	0.0004904579082942	6.360908482883544e-05	0.3143657666032311	-0.0026845229043316	7.206663223881439e-06	0.0988258352120371	-0.0001420696562453	-8.199687559309242e-05	2.0183787225657712e-08	6.7234876070290764e-09	-0.0001619390171956	-2.7971626199500003e-05	2.6224245290276837e-08	7.824118722445551e-10	-0.0008595111792887	0.0002274924338037	5.1752807437930845e-08	7.387594673222517e-07	0.0	0.0
1615.4959228108328	-1.8035784416397287	3.2528951951475937	2609827.076618424	2249.71153471395	25.40205910173745	5061201.989424997	645.2646066081625	1716.8758954412287	-3.061869673295405	9.37504589624611	2947662.840347121	1810.116391045964	1573.9230254083618	1.174531	32.33918	0.0797846871815648	0.0434756152006235	0.106634292	-0.002717398	-0.0526233668	0.0239710166	0.0051689899	-0.0646172106	-0.0792125876	-0.0028904466	0.0716328831	-0.0310634101	-0.0833067093	0.0827114068	0.059107954	0.0409422798	0.0789342353	-0.025708249	-0.0149711285	-0.1197143686	0.0146992825	-3.67413e-05	0.0716353402	-0.0190968496	-0.029163468	-0.0853988118	0.0503705796	-0.0036323909	0.0312992511	0.0072787489	0.0042291901	-0.0113884219	-0.0061462599	0.0162757063	0.0107532371	0.0420177339	-0.0046509236	0.0152316248	-0.071106098	0.103560868	0.0332590757	0.041142473	0.0783094531	-0.00541971	-0.1032467265	-0.0731622351	-0.0159866889	0.0039423652	-0.1952370092	-0.1065921677	0.0707271365	0.0112055536	-0.0540632845	0.0704173183	0.036691347	-0.0471648615	0.0046965292	0.0253386474	0.0541514144	-0.1120251807	0.117624877	-0.0228391727	-0.0447662907	-0.0390336703	0.0201073932	0.0249936846	-0.0016012561	0.0150472019	-0.0851851192	-0.06188626	-0.0394804844	0.0141469843	0.0067477851	-0.0357221928	-4.55521e-05	0.0348846835	-0.099083692	-0.0866277697	0.0500996606	-0.0047674727	-0.0495658426	0.0458580062	0.0042810607	0.0212072597	0.0087248777	-0.0339503052	0.0705198112	-0.0246603437	0.0333037353	-0.0672093268	0.0605499239	0.0325503136	0.0609862894	0.0052182626	0.0063606818	-0.019874946	0.0163228404	0.047565791	0.0047361898	0.0064807463	0.039091039	0.0598802607	0.0090104964	0.0080729263	0.0546181005	-0.0584377362	0.0809436604	0.0760506665	0.0425789711	0.0119712661	0.0236665709	0.050267331	0.0402795993	0.0045352164	0.054767161	0.0259233208	-0.0488522345	0.0230715758	0.0203405409	-0.0535843612	0.0840414623	-0.0146641746	-0.0031233489	0.1998909986	-0.0355218609	0.0105646832	0.0373779576	-0.0447151731	0.0082898559	0.0423749713	0.0546505578	0.0113712448	-0.0213808331	0.0669490553	0.0368795	-0.0434898734	0.0773235355	-0.0766537221	0.070038836	0.0690715932	0.022012694	-0.0414158232	-0.0027804038	-0.0481083159	0.0234676814	0.0227940138	-0.0628840122	-0.0360784756	0.0175551295	0.0441525504	0.0636267286	-0.0489873226	-0.035413108	-0.0539583107	-0.0701355002	0.0684215452	-0.0182128274	0.0388546101	-0.0432723824	-0.0456750555	-0.0246652205	0.0428030197	-0.0087820323	0.0553696445	0.0416516753	0.0259135388	0.055045438	0.0215496152	0.0149177443	0.0098091318	-0.0792927819	-0.0288611001	0.0723582192	0.0462468756	-0.0612463124	-0.0609627523	0.0465985677	0.044765225758212	0.0098733114930098	9.748227983799944e-05	0.0020039254371836	0.0277760320563658	0.0056297477564157	0.0007715079567962	3.169405980086872e-05	0.3016413430425544	-0.0127244235606767	0.0001619109549515	0.0909874998325159	0.0005699665692407	0.000712036225486	3.248618900520137e-07	5.069955864043498e-07	-6.130718241514899e-05	0.0001006318347804	3.758570615684353e-09	1.0126766171279992e-08	-0.0010779872064515	-0.0002184760271628	4.7731774444840575e-08	1.162056417273109e-06	0.0	0.0
1611.508775101874	-3.987147708958673	15.897346853054398	2596960.5322303427	2238.7896197537134	-10.92191496023679	5012178.961516976	119.2882263986442	1713.5278231534091	-3.3480722878196048	11.209588044465605	2936177.600720861	1803.774072865026	1533.9451187189682	1.120233	30.844158	0.0325326102383322	0.0179208743974347	-0.0735402968	0.0582845036	0.0182371285	0.0226183352	0.007573509	-0.0789140566	-0.042228237	0.0955682096	-0.0518391968	0.0072691456	0.0255522239	0.0319692528	-0.0007112899	0.0812850375	0.0173749077	0.0746991176	0.1232812811	-0.0531362907	0.0212927822	-0.062218373	-0.0853061059	0.0505207265	0.0122910359	0.0662052563	-0.067884411	0.0526263129	0.0415440947	-0.0178419536	0.0274868226	-0.0514709212	-0.0932940641	0.0042713943	-0.1222255213	0.0324301878	0.0632731465	0.0818412441	-0.0832462168	-0.0374333871	0.0669030525	-0.0577382847	-0.0606791534	-0.0272999076	0.0530319865	-0.0577709818	-0.0254132009	-0.038652424	0.0107778042	-0.011863792	-0.0343100029	0.0531849845	-0.0575274423	0.0825064157	0.0367810404	-0.0882376075	-0.040628731	0.0705006328	0.0635296166	-0.1068829024	-0.0224810369	-0.0244803401	0.0306700909	0.0138453605	-0.0633546623	-0.0059138678	0.0196620177	0.0140542422	0.0847572106	0.0355324963	0.0297835646	-0.0304955608	0.0310607241	-0.0297129307	0.0081742077	0.0195648171	0.0276479523	0.0339871904	0.0359950253	-0.0022871696	0.1588382204	0.037685311	-0.0962902326	-0.0207036182	-0.0516914515	0.0610545799	-0.0443553646	0.0699140699	-0.0529982665	-0.0296579619	0.0197372352	0.0412831621	0.1070056961	0.0105002472	-0.027382933	-0.022788067	-0.0011996671	0.0918417216	0.0559794171	-0.000461336	-0.0115338993	0.0120831037	-0.0421170334	-0.0334351289	0.002878427	0.1391550385	-0.0243834675	0.0863573712	-0.041134365	0.1045958544	0.066240959	0.0895226306	-0.00037356	0.0119831811	0.0076326773	0.0722623154	0.0229275219	-0.0113924557	-0.0151151085	-0.0416060594	-0.0813876408	0.0441694509	0.1051611216	-0.0227653029	-0.0795838457	0.0313215049	0.0329799967	-0.037896687	-0.0880303684	-0.0262195586	-0.0004117311	-0.0207575878	-0.0288730132	-0.0870355088	0.0438458547	-0.0397215278	-0.1087824566	0.0515739891	0.0409166622	0.0071791884	-0.0809185367	-0.0482665945	-0.0116948544	0.0545314459	0.0095746741	0.0059362924	0.0539500447	0.0605412858	-0.0810816976	0.0076712889	0.0416882538	0.0351054497	0.0222310895	-0.023181676	-0.0690659859	0.0731950257	-0.0231401203	0.025439956	0.0004726594	0.007191248	-0.1007349824	-0.0446504455	-0.0344468147	0.03009397	0.0065163435	0.0328811977	0.0296931514	-0.0104648813	0.1056129297	0.008959769	-0.0796832699	-0.0264477464	0.0738788195	0.0426618292	-0.0645158866	-0.0568210419	0.0520454508	0.0447949993772311	2.977361901910364e-05	8.864683894947298e-10	0.0020065919692061	0.0226288636300893	-0.0051471684262765	0.0005120654691891	2.649334280845771e-05	0.3022426451983335	0.000601302155779	3.615642825445715e-07	0.0913506165764857	0.0008073684213321	0.0002374018520913	6.518437677642874e-07	5.635963937642696e-08	-0.0002678983838597	-0.0002065912014445	7.176954407463918e-08	4.267992451430306e-08	-0.0009868929392423	9.109426720919998e-05	8.298165518381125e-09	9.739576735263062e-07	0.0	0.0
1616.966399090817	5.457623988942942	29.785659604685467	2614580.3357887235	2239.641331146651	0.8517113929374318	5015993.292180342	0.7254122968594203	1717.3889719460228	3.861148792613676	14.908469998702047	2949424.880961817	1808.643835080357	1545.758635943626	1.091663	30.057529	0.0720667193804009	0.0470874406456854	0.0485143159	-0.0505041895	-0.0344493647	-0.0347029087	-0.0063795418	0.0003240737	0.0816887194	-0.0224401524	-0.0464447459	-0.0813377478	-0.0838449419	0.0754755384	-0.0477324603	-0.0340869126	-0.0460967335	-0.0781614349	-0.0196813848	-0.0581369858	-0.04677853	0.0734131358	-0.0475189835	-0.0036936446	-0.0848518383	-0.066688231	-0.0012728734	-0.0412823176	-0.0456027827	0.0209035929	-0.0005700518	0.0296955563	-0.1421181642	0.0221608636	-0.0010950465	-0.0316031045	0.0083286862	0.0205042352	-0.0687596024	-0.058865489	-0.0731398621	0.0166702107	0.0562348635	-0.0418847558	0.0024800961	-0.0354831777	0.0082251393	0.0011213269	-0.0320984614	-0.093924331	0.0393313764	0.0360167696	0.062191692	0.0104062011	0.017005123	-0.0336891882	-0.0006340731	-0.0276189529	-0.0769794497	0.0526345496	0.0240595662	0.0133767862	0.0240084794	-0.0062441536	-0.0025343483	0.0664077016	-0.0158991389	-0.0519760747	0.0313989028	0.01779335	0.0535335377	-0.035951694	0.0324456842	-0.0470498276	0.0388783791	-0.0542902188	-0.028235015	0.1029628157	-0.0158555861	-0.0417016325	-0.0354438112	-0.0117685243	-0.0215849742	0.0529243586	-0.0601666714	-0.1086234944	0.0671889712	0.0319860975	0.003764462	0.0569933695	0.0187638829	0.0290608181	-0.0438946659	0.0157979472	-0.0312791969	-0.089360987	0.0430816623	0.0520090885	0.0351195241	0.0314962263	-0.0280429202	0.05530836	-0.0249640605	0.0016781557	0.075798255	0.0560338277	0.0463947036	-0.0393966936	0.0056271493	-0.0118087135	0.0319633682	0.0933544758	-0.0636586602	-0.0383312765	0.0384329801	-0.0207951722	0.0172892055	0.0476361916	0.0761363656	-0.10302873	-0.0123763474	0.0667885004	-0.029433047	0.0708052048	-0.0266163137	-0.0269210868	-0.0185632523	-0.0773381726	-0.1725475882	0.0478991062	-0.0603077363	0.0261639611	-0.0430214384	-0.0029030409	-0.0004045662	0.0365693739	0.0190794636	0.0380941169	0.0336390978	-6.95355e-05	-0.0294937714	-0.0006178392	0.0350130774	0.1128123353	-0.0385506587	-0.0783281956	-0.0580953447	0.0223282551	0.0753426996	0.0832571275	0.0192437739	-0.0267763458	0.0412251678	0.018274461	0.0254529093	0.0425030891	-0.0497736078	-0.0999438042	0.0075089346	-0.1240438626	0.0735022701	0.0440194725	-0.0065528429	0.0430376202	-0.0160480528	-0.0074228855	-0.0259814873	-0.0094922552	-0.0241968351	0.0081094236	-0.0800388062	-0.024008292	0.0752698111	0.0389598496	-0.0675308461	-0.0523741431	0.0571272725	0.0531916088222175	0.0083966094449863	7.050305017163472e-05	0.0028293472490958	0.0221740789965281	-0.0004547846335611	0.0004916897793442	2.068290629233948e-07	0.3160574794251829	0.0138148342268494	0.0001908496447153	0.0998923303005999	7.3579290362210995e-06	-0.0008000104922958	5.413911970206556e-11	6.400167877834944e-07	-0.0003300036733286	-6.210528946889998e-05	1.0890242441036937e-07	3.857066980015859e-09	-0.000860998899507	0.0001258940397353	1.584930924087332e-08	7.413191049522651e-07	0.0	0.0
1614.6349160446655	-2.331483046151561	5.435813194492163	2607045.912110564	2234.050359204211	-5.5909719424398645	4990981.007460464	31.25896726114979	1713.55486217152	-3.834109774502849	14.70039776293829	2936270.265671657	1801.2912529647294	1543.7844238933335	1.059285	29.166044	0.0714342944388216	0.0392520980198195	-0.0404771279	0.0524412734	0.0541712172	0.0719923286	0.0428980969	-0.0119694632	0.0476787454	0.0208566627	0.0265561147	0.0944952639	-0.0249217947	-0.0374969644	0.0087207712	0.0373812265	-0.0197771542	-0.0230425501	0.0079894203	-0.051516385	0.1252610312	-0.0067967542	0.0004827835	0.022651251	0.0241186088	-0.0288213471	-0.0677110899	0.0500322974	0.0269576273	0.0302035459	-0.0934727426	-0.0043237245	-0.0096445459	0.005804133	0.0351717767	0.0308354592	-0.0215650335	0.0671541039	0.0286305811	0.0533656748	0.0113914106	0.0713385325	0.0191913243	0.0782603703	-0.043280638	0.0307778613	0.0010068687	-0.0777258151	-0.1049599359	-0.0186709646	0.0008500488	-0.0242763006	-0.0912956417	-0.008654258	-0.0420014373	-0.0512381824	0.0346444612	-0.0421644134	0.0736397774	-0.026843634	-0.0198699039	-0.0498116469	0.0010343242	-0.0226686431	0.018875382	-0.064950412	0.0081959488	-0.0292715195	0.12269398	-0.0874425572	-0.034360097	-0.0055286028	-0.0618226694	0.0375712252	-0.0076764546	-0.0366466428	0.0413384131	0.1011319696	0.0134960316	0.0282006182	0.0691095974	-0.0392674006	0.0411468911	-0.100160766	0.0851212866	0.1062122601	-0.0417704174	-0.0127715491	0.0188909371	-0.0086915629	-0.0287137283	0.0394851637	-0.0380800793	-0.0395380669	-0.0237326229	-0.0913884086	-0.0346889285	0.001862255	-0.0350360638	-0.0408048094	0.0380613047	0.032989598	0.0551827447	-0.0213900128	-0.0312917497	-0.1113099944	-0.0302375448	0.064193165	-0.0292317433	-0.0583623088	0.0331173302	0.01504994	0.0545664964	-0.0751736467	0.0356493715	0.0380498101	0.1050347461	0.0620554035	-0.0686880789	6.609e-05	0.0007966134	0.0434570514	-0.0033857208	0.0126259292	-0.0049211713	-0.0057302918	-0.0185729762	-0.0806752617	-0.0821525109	-0.0049007827	0.0340381137	0.060013889	0.1122474793	-0.0357995877	-0.0164143178	-0.0663671483	-0.0263739804	-0.0374522314	-0.0549388393	0.1025735861	-0.0471361178	0.0528036408	0.0486518365	-0.0860522779	0.0204231429	0.0274893142	-0.0029704244	0.0399122467	-0.0927087874	0.0082529035	0.0833781657	0.0108107311	0.0256647221	-0.0446043297	-0.0144107138	0.0215920679	-0.0775808247	0.0090212799	-0.101621697	-0.0432063466	-0.0107015537	-0.0025004323	-0.0392512394	-0.0042809564	-0.0772003967	0.0094071385	-0.0402907699	0.0045093351	-0.0126038634	0.0072581889	-0.0803592349	-0.0215451443	0.076528754	0.0351510839	-0.0702792922	-0.0476459404	0.0618083875	0.0507344738290669	-0.0024571349931505	6.037512374565181e-06	0.0025739868347122	0.0353227075927264	0.0131486285961982	0.0012476936716812	0.0001728864339607	0.3082476434676238	-0.0078098359575591	6.0993537683983536e-05	0.0950166097033433	0.0006399890156725	0.0006326310866362	4.095859401814554e-07	4.00222091778599e-07	-2.626785315240632e-05	0.0003037358201761	6.900001092363826e-10	9.225544845810509e-08	-0.0008369919084812	2.400699102579997e-05	5.763356181128403e-10	7.005554548630015e-07	0.0	0.0
1615.121892526843	0.4869764821776243	0.237146094194094	2608618.727719492	2242.8436416147	8.793282410489155	5030347.600731489	77.32181555061797	1714.0280104758522	0.4731483043321987	0.2238693178924349	2937892.020695808	1805.874625201491	1542.1294587709383	0.986562	27.163694	0.0275346669030153	0.013108883885556	-0.0035307174	-0.0304929799	-0.0274494102	-0.0485675594	-0.0050406461	0.0024306226	0.1133622046	-0.0207929797	0.013339212	-0.0117520507	0.0223100485	0.0702916598	-0.0639504991	0.0543274034	0.045308694	-0.0213765956	-0.0781997294	-0.0414404086	0.0286006691	0.0036560685	0.0067161695	-0.0320907931	-0.0153309622	0.0160595577	-4.96604e-05	-0.0759389878	-0.0213684538	0.0032480343	-0.1296012281	-0.0463087974	-0.0613538221	-0.064449141	-0.0443821868	-0.0650829249	-0.0023415003	0.0456003522	0.0257609713	-0.0497378918	0.0313637548	-0.0434643188	0.0065461064	0.0796934605	-0.0612600593	0.0121914991	0.0176803016	0.0537677298	0.0287782844	-0.0437640123	-0.0709304518	-0.0214848974	0.0683399847	-0.0507992176	-0.0405447836	-0.0037966158	-0.0454910483	-0.0009559808	0.0044670496	0.0238288186	-0.0059634937	0.0418917973	-0.0839028282	-0.0746287053	0.0531806336	0.0557341344	-0.0324455494	-0.0158995957	0.0536947692	-0.0304726399	-0.0585286275	0.0554673317	0.0582905381	-0.0229302666	0.0331335054	0.0266272678	-0.0402577602	-0.0197136111	-0.055932625	0.0602409127	0.0076259524	-0.0413389228	-0.0317371462	-0.130676038	0.0187641496	-0.0764507981	-0.0274988424	-0.0040109058	0.004766727	0.0451404911	0.0419243696	0.0566712547	-0.062983585	0.0448392782	0.0335995916	-0.0596661648	-0.0548048018	-0.0072526957	0.0455657049	-0.0459339243	0.0705167607	-0.0357029752	-0.0623758426	-0.0109713514	0.0387357366	-0.065960384	0.0438705872	-0.01527462	-0.0537126603	0.0291601081	-0.0838837137	0.0280863668	-0.0758688327	0.0758768135	0.0371703134	-0.0736513361	0.0414213989	0.0127105491	-0.015482671	-0.0470844435	-0.0297210477	-0.0093779156	-0.0622625001	-0.0948210418	0.0320309717	-0.0934330035	-0.0146431845	-0.0280068348	-0.0467518427	0.0221510372	-0.030929622	-0.0114078758	-0.044738186	-0.152202906	0.0408887911	0.0896782837	0.0036836635	-0.0054488365	-0.0163901947	0.0622172998	0.0138886124	0.038174649	-0.0062526672	-0.0700073627	-0.0175647174	-0.0441537377	0.0486297255	0.0041375403	0.0755870209	0.0600197053	-0.0293956375	-0.0317243395	-0.0076573912	-0.0081506879	-0.0227541787	0.017084078	-0.0632057373	-0.022453168	-0.0566162959	-0.0463727253	-0.0019492073	-0.0766951288	-0.0001159771	0.0275750725	0.0055557173	-0.0070108241	-0.0802976121	0.0234534455	-0.0111967026	0.0064061583	-0.0806444153	-0.0190607341	0.0776534394	0.0312459714	-0.0727503781	-0.0426618292	0.066055961	0.0524798409827269	0.0017453671536599	3.046306501075207e-06	0.0027541337095723	0.0265359466385746	-0.0087867609541517	0.0007041564640052	7.72071680654066e-05	0.3059654237002931	-0.0022822197673306	5.208527066394872e-06	0.0936148405000998	0.0007229954513241	8.300643565160002e-05	5.22722422635339e-07	6.890068359583215e-09	-9.873064271248566e-06	1.6394788881157755e-05	9.747739810420498e-11	2.68789102457734e-10	-0.0010319970645059	-0.0001950051560246	3.802701087621757e-08	1.0650179411487946e-06	0.0	0.0
1613.8659784586514	-1.2559140681917145	1.5773201466818618	2604563.3964263	2238.336147154393	-4.507494460307044	5010148.707657972	20.31750630969869	1714.8056289950284	0.7776185191762579	0.6046905613658762	2940558.3452330357	1803.2099292384105	1531.3028884533703	0.992357	27.323252	0.0454015213034872	0.0221628036983122	-0.0321960266	-0.0149883333	0.0945932899	0.0381037452	0.0063783026	0.0681369856	0.0033943703	0.0260617427	0.063318364	0.0139699434	-0.0025625651	-0.0735871803	-0.0462159137	-0.0186376674	-0.0633839562	0.0304177147	-0.0561126611	0.007955219	0.0059184921	-0.010423459	0.027871309	-0.0506928233	-0.0071136431	-0.0606338529	-0.0157785613	0.047232437	0.0285436408	-0.0862803566	-0.0775792532	-0.0244870434	0.024118814	-0.0080248838	0.0381158099	-0.053573628	-0.0625571344	0.0505675228	0.0248485313	-0.1232424021	-0.0173992383	-0.0450886243	-0.1210915984	0.069798024	-0.0116581379	0.0945964701	-0.0543696175	-0.0319189886	-0.0075156997	-0.0514652403	-0.0335817856	-0.0519325404	0.0038943271	0.0004869755	0.045606834	-0.0594983486	0.0054989437	0.0249836305	-0.0008906194	0.0439838306	0.0539697597	-0.0224398542	0.0628480099	0.0069544664	-0.0546875702	0.0578189126	0.035624297	0.0341040821	-0.1370414245	0.0756391359	-0.0437822634	0.0719639979	-0.0644776665	0.0471773109	-0.0520890489	-0.0157496459	0.007808543	0.0412366104	-0.1486351356	0.0745609163	0.0409284747	-0.0388197031	0.0006416983	-0.0343924393	-0.0482934366	0.0494122122	0.0463136816	0.0200521322	-0.0209131585	0.0127883675	-0.0265422961	0.0338279217	-0.0841698269	-0.0724430599	0.0102687645	0.0607753821	-0.0052297672	-0.0425633261	0.0325380258	0.0118331969	0.0038672615	-0.0284305732	-0.0563550138	0.0116274268	-0.0174404016	0.0350814575	-0.0566310964	0.0776395738	-0.0003806706	-0.0118235064	0.0337638977	-0.0033185988	-0.049570701	0.0386025006	-0.0223296449	-0.0724316738	0.0325572177	-0.0391223412	-0.1799067533	-0.0075323852	-0.0492010541	0.0703207545	0.0633720499	0.0293000631	0.017480133	0.0430742022	0.0848461429	-0.0653973425	0.0197993705	-0.0749897276	0.0283397584	0.0080716519	0.0324807341	-0.028944819	-0.0021906474	0.0524467456	0.0234399234	-0.0771917699	-0.0497651595	-0.1157635032	0.0927697423	0.0681186655	0.007888854	-0.0069606801	0.0063238727	-0.0184848221	-0.0291234563	0.0052953773	-0.0435310117	0.0044187821	-0.0282185104	0.1159323508	-0.0333980609	-0.0522976174	0.0172975396	-0.0102813207	-0.0420074655	-0.0053396537	-0.0870379916	-0.0993731475	-0.0081348662	0.077747752	0.0274763416	0.001368794	0.0436384544	-0.0496764862	0.0278298986	0.0544322786	-0.00047781	0.0055534252	-0.0808942224	-0.0165575133	0.0786418943	0.0272552159	-0.0749343514	-0.0374485793	0.0698401994	0.0447339968865065	-0.0077458440962204	5.999810076295245e-05	0.0020011304774419	0.0226315056719244	-0.0039044409666501	0.0005121850489783	1.5244659262056344e-05	0.3238919786796472	0.017926554979354	0.0003213613734278	0.104906013853017	0.0005939431952346	-0.0001290522560895	3.5276851916548613e-07	1.6654484801789897e-08	-0.0001182830403347	-0.0001084099760634	1.3990877630820268e-08	1.1752722910078113e-08	-0.0009529656714336	7.903139307229999e-05	6.245961090948387e-09	9.08143570930892e-07	0.0	0.0
1611.7682669142016	-2.097711544449794	4.40039372371794	2597796.946231609	2231.33782493694	-6.998322217453278	4978868.488994313	48.97651385930017	1714.8702217240766	0.0645927290481722	0.0041722206458905	2940779.8773559835	1805.8295079448287	1550.387509533483	1.092235	30.073265	0.0649237225121666	0.0272543560626516	0.0071605749	0.0178600218	-0.0726532381	-0.0409776084	0.0695523509	-0.0231117079	-0.0110790207	-0.1061916031	-0.0340916476	0.0590160721	-0.0025751597	-0.0720091732	-0.0356425807	0.0267990673	0.0711414227	0.0456006595	0.0409447131	0.0934320858	0.0123646677	-0.0505267696	-0.0540849044	-0.0478589169	-0.0289069077	0.0364097718	0.0725889527	-0.0214489553	0.0877632788	-0.0654285551	0.0146143857	-0.0419362127	-0.0090741509	0.011845927	-0.0305556185	-0.055579605	-0.0677788203	-0.134668447	0.0942553696	-0.0169945134	0.0603718022	-0.0917129668	-0.0052156414	0.050453716	0.0123751289	0.048023831	-0.0066430871	-0.062344144	-0.0745829324	0.0139352442	0.0493798767	-0.0121768942	-0.1153176334	0.0232592237	-0.0763292996	0.014069847	-0.025020999	0.0579310846	0.0380634579	0.0078774872	-0.0373908109	0.024327561	-0.0203673149	0.048099912	-0.0579799317	-0.0094524289	0.0457500651	0.0052573048	-0.003594829	-0.0506675135	-0.0164964603	0.0329608074	-0.0184554531	-0.0202844265	0.0356193539	0.0484185397	-0.125734168	0.1036509977	0.0437707286	0.01692287	-0.0381919452	-0.069699395	0.0373207911	0.0406814705	-0.0648338497	-0.0536243601	-0.0467646543	0.016966555	0.0660264396	-0.0777984511	-0.0060121876	-0.0296576593	-0.0320820814	-0.0588766471	0.0060765766	0.0037716509	0.0492284345	-0.0020534382	0.0188863711	-0.062533116	0.0223855981	-0.1147325156	-0.029425085	-0.0206467884	-0.055943038	-0.0482275076	-0.0122249414	-0.0603106154	0.0135913277	-0.0219975112	-0.0077502782	-0.0817578581	-0.0315950845	-0.0089260055	-0.0144682158	-0.0077504571	0.030064348	0.0130496099	-0.0689176827	-0.0656814902	-0.1055939209	-0.0794799105	0.0374646372	0.021464949	-0.0109433668	-0.0767863047	-0.0292837298	-0.074750733	0.0268609553	-0.0068715969	0.001412191	0.0335952902	-0.0095621064	0.0616731516	0.0057047102	-0.0821743701	-0.0703477488	-0.0497106476	-0.0855103074	0.0007413013	-0.0474998705	-0.0356868129	0.1152318738	0.0174975891	0.0074090143	0.0165448417	-0.0067009802	-0.0236671913	-0.0547363845	0.0575304506	0.0109758472	-0.1078494583	-0.0008793447	-0.0542623257	0.0235283079	-0.0271700155	0.0063716015	0.0121680919	0.0057348275	-0.0098773492	-0.0825540468	-0.0298311238	0.0404785347	-0.0618722238	-0.0272739335	0.0226981659	0.0396260582	0.015994696	-0.0073294387	0.0047000831	-0.0811085467	-0.0140379523	0.0794923845	0.0231897558	-0.0768225931	-0.0320341914	0.073134559	0.0507109168091233	0.0059769199226168	3.572357176137361e-05	0.0025715970836218	0.0371676614590654	0.014536155787141	0.0013814350583356	0.000211299825068	0.342671028481746	0.0187790498020988	0.0003526527114697	0.1174234337607375	0.0008838775809449	0.0002899343857103	7.812395780970082e-07	8.406194801720902e-08	-0.0002768927121252	-0.0001586096717905	7.666957402804887e-08	2.515702798549013e-08	-0.0008888777889282	6.408788250539992e-05	4.107256684025945e-09	7.901037236498857e-07	0.0	0.0
1614.924687104228	3.156420190026438	9.962988416006535	2607981.745018689	2242.0961421402044	10.758317203264596	5026995.110599987	115.74138904605896	1719.4706670587714	4.6004453346947685	21.16409727751486	2956579.374875536	1808.7406750499808	1529.8390536698375	0.990596	27.274763	0.0519835046446104	0.0291112898406046	0.0146176388	0.0116714392	0.0584637084	-0.0590930901	-0.0683800372	-0.0859740164	-0.0334228361	0.0210480652	0.0651283135	-0.0392630716	0.0546149413	0.0019362645	-0.0105112111	-0.0275868102	-0.0196661895	0.0379765564	0.070451287	-0.0160620524	-0.027999623	0.0090556562	0.0935250448	-0.0265974897	0.0072281832	-0.0566033633	0.1198549592	0.0177320428	-0.0762113318	0.0449070578	0.1406692741	0.0015278711	0.0220574069	-0.0342289233	0.0595320914	-0.0516553067	0.1093594833	-0.0479633135	0.0231524376	-0.003908901	-0.0500467696	0.0496582236	-0.1418512162	0.1410501681	-0.0061594385	-0.0531250068	-0.033778478	-0.0221469686	0.0744918195	0.0820891335	0.0135350611	0.0025013702	-0.1066967218	0.0443164886	0.1043423424	0.0704523283	-0.0039708325	0.0533053786	0.0243082552	0.0037491245	0.0115945297	0.077603512	0.0239880634	0.0979260728	0.0825829992	-0.0039935128	0.129564645	-0.017870386	-0.1458927966	-0.0223930073	-0.0174831369	-0.0875707286	0.0549771283	-0.0014843262	0.1198745543	0.0322834023	0.0021969249	-0.0931543772	-0.0363520097	0.0853776036	0.0378151976	-0.0219483413	0.0193030681	-0.0310633845	0.0127821683	-0.0133711638	0.0696805374	-0.0277307708	-0.0177047962	0.0118540203	0.0505269901	-0.0595311552	0.0291976812	-0.0714777838	-0.0315944985	0.0604466796	-0.0508397831	0.0253632401	0.0210380263	-0.0175871721	-0.1176598972	-0.0685654442	-0.0363958528	-0.0738762644	0.0239318096	0.0457327072	-0.1773437618	0.0505032738	0.0610003555	-0.056331663	-0.0009796053	0.0112730605	0.0994239945	-0.0758651009	-0.0589679326	-0.0390295141	0.0572391196	-0.0902253308	-0.0057131306	0.047515299	0.0761618022	0.0872831569	-0.0851356573	0.0073061015	0.057557621	-0.068726313	-0.0134538261	0.0240312663	0.0996797409	-0.0191934722	-0.1100972732	-0.0581532804	0.0397507709	0.0641620172	-0.0156469562	-0.0051493563	-0.0379386763	-0.0111787308	-0.041677937	0.0500978884	0.0167273385	0.0568569881	-0.1111284771	-0.0321807815	0.0011419945	-0.0070732641	0.0879323128	0.0040100833	-0.0001793208	0.0351898237	0.0209429795	0.0439196629	-0.0511489714	-0.034179294	-0.0106310344	-0.0110692549	0.0236387457	0.0406066221	0.0005720896	-0.0254522747	-0.0095470949	0.0816722928	0.0281660646	-0.0633946669	0.0204201519	-0.0355511431	0.0288479381	0.0812610279	0.0263478275	0.0038462256	-0.081287294	-0.0115045374	0.0802034182	0.0190607341	-0.0784076511	-0.0264477464	0.0759159322	0.0411358901399552	-0.009575026669168	9.168113571528027e-05	0.0016921614576064	0.0446235796860037	0.0074559182269383	0.0019912638639931	5.559071660679077e-05	0.315620802277607	-0.0270502262041389	0.000731714737695	0.0996164908303603	0.0007578815535637	-0.0001259960273811	5.743844492321276e-07	1.5874998915844082e-08	-0.0002768245769868	6.813513840002276e-08	7.663184642392075e-08	4.642397084790257e-15	-0.0008568952805605	3.19825083677001e-05	1.022880841490007e-09	7.342695218468579e-07	0.0	0.0
1612.3236975103052	-2.6009895939228045	6.765146867694716	2599587.705553302	2227.0014002504904	-15.094741889713989	4959535.236717645	227.8512327170862	1714.9318505859376	-4.538816472833787	20.60085497406734	2940991.2521541086	1806.7329235275024	1550.0780180207976	0.984487	27.106575	0.0716078562213426	0.0325851368553467	-0.0044410734	-0.0504821653	0.0049546285	-0.069282808	0.0669226563	0.0554766575	-0.0016007213	-0.0085726168	-0.075447193	0.011064423	-0.0104608309	-0.0221191707	0.004603885	0.007544705	-0.0558206894	0.0054750314	-0.0024156	0.097018425	-0.0098901656	-0.0181285888	0.0306256914	-0.0568050388	-0.0350740308	0.0175024708	0.0085802486	-0.0231142049	0.0546093498	-0.0250827564	-0.029922637	-0.0164046923	0.002761723	0.0016795919	-0.0973232383	0.1260410058	-0.0248066833	-0.0315992381	0.0443956689	-0.0228617881	-0.0977934367	0.0119750704	0.0355648498	0.0907183679	-0.0481345272	0.0465136581	0.0618256236	0.0275776261	-0.0226638887	0.0619138218	0.0743365861	0.0159933226	-0.0379147912	0.0224925854	-0.0127233529	0.0427891167	0.0668435891	-0.0189586671	-0.0163774985	-0.0840740486	-0.0265128423	0.0189398263	0.1063658223	-0.016357205	-0.0205346356	-0.1027403518	0.0562803556	0.0105456553	-0.0023538886	0.068875572	-0.054509837	-0.129631885	0.0929719713	-0.010009723	-0.036645927	-0.1113737702	-0.0154361188	-0.013277267	-0.0733200352	0.046176526	0.0019864182	0.0071904251	-0.0348634986	-0.0064056718	0.0914872031	-0.0395324056	0.0001482002	0.0587007515	0.0025501856	-0.0083109797	-0.0716335723	0.0519937312	-0.0204819343	0.0071577953	0.0132699665	0.0592787918	0.0117760442	0.0219228019	-0.0583588742	-0.0636751913	3.68476e-05	-0.0344009787	0.0200916529	0.0752917916	0.0842492681	0.0093502179	-0.1391081946	0.0555117809	-0.01671458	-0.0099666762	0.0663283447	-0.069337803	-0.0620543762	-0.0547481484	0.0660540396	-0.0582846401	-0.1075619766	-0.0137617259	-0.0004256695	-0.0290573877	-0.057711282	-0.0478178767	-0.0024666497	-0.035461634	0.0466776265	-0.0101611641	-0.0441583629	0.0337773422	0.0431930652	0.0094292313	-0.0642696874	-0.0023021828	0.011837626	-0.0114378447	0.0336317183	-0.1189178939	0.027568254	0.0322972764	-0.0174025748	0.1216787721	-0.0751018713	-0.0046960579	-0.0018510469	0.0089523361	-0.0305060337	-0.0377789255	-0.0088361536	-0.0422309234	-0.0007854306	0.028035946	-0.1052640775	0.0135197324	-0.0403613322	-0.0439193955	0.0619725582	-0.0260622785	0.0184377717	0.0166690393	0.0115438855	0.0034205922	-0.0342493449	-0.0306549214	0.036900149	0.0156528136	0.0407404229	0.0127744403	0.0699251104	0.001697524	0.0150876005	0.0029919463	-0.0814303861	-0.008959769	0.0807737477	0.0148794683	-0.0796832699	-0.0207192494	0.0781648097	0.0432368371011051	0.0021009469611498	4.413978133564979e-06	0.0018694240825074	0.025277367758008	-0.0193462119279957	0.0006389453207735	0.0003742759159629	0.3245037361993041	0.008882933921697	7.890651505723683e-05	0.1053026748073075	0.0003912661152069	-0.0003666154383568	1.5308917290909914e-07	1.3440687964154866e-07	-0.0003897353757857	-0.0001129107987989	1.518936631388208e-07	1.2748848485405689e-08	-0.0012029243116148	-0.0003460290310542	1.1973609033237768e-07	1.4470268994739405e-06	0.0	0.0
1609.7850561749135	-2.5386413353917305	6.444699829759509	2591407.927084069	2238.956339883163	11.954939632672447	5012925.491903009	142.92058162084248	1713.902060879794	-1.0297897061436745	1.060466838879475	2937460.2742880047	1805.1711871297543	1562.1550356640194	0.958161	26.381708	0.0388639854444573	0.0185774763648165	0.0685848326	0.0170182725	0.05032974	0.0139770043	0.0961431532	0.0284544904	-0.0367362318	-0.0145087702	0.0497537624	0.0093873093	-0.0494941899	-0.1233114683	0.0810073782	0.0256743614	0.0288118612	0.0460485949	-0.0060554191	-0.0500293086	-0.0160930165	0.0001472292	-0.1174457418	0.0242334532	-0.0231907154	-0.0764622809	-0.0558484543	0.0095931625	0.1063389551	0.0340539847	0.0303452533	0.043712897	0.0008610705	0.0320832391	0.0817771016	-0.0973352474	0.0330561457	-0.022214856	-0.0653425962	-0.0533916086	0.0731281173	0.0921861249	0.1231570786	-0.0865165394	-0.0503755766	-0.0280312407	-0.1154691398	0.0062200569	-0.0324853687	0.0156513202	0.0136779195	0.0298064684	0.0552521413	0.0532535185	0.0013273821	-0.0189038306	0.0845037779	-0.0304045421	-0.0324374763	-0.0167382322	-0.0673254744	0.0018221147	-0.0115506879	0.0271949146	0.0149762595	-0.0118022614	-0.0969194475	-0.0152440349	-0.0311597823	-0.0255748625	0.0144809156	0.0600201608	-0.031047264	-0.0719302195	-0.0149271902	-0.0239337585	-0.0436413842	-0.0803140297	-0.0180431583	0.0465344069	-0.0490676229	-0.0886931284	-0.0408072202	0.0660524514	0.0109572473	0.0571024822	0.07254769	-0.0235061579	0.051619373	-0.0889640662	-0.0580991578	-0.0164121824	-0.0127632996	-0.0205486895	0.0085186401	0.0040179428	0.0111932646	0.0333390117	0.0003519483	0.0520469894	0.0420199174	0.1244752577	0.0356237313	0.0225318491	-0.0460089289	0.0131090724	0.0408557934	-0.0464185868	0.0625502021	-0.0007250796	0.0003417913	0.0654713149	0.0306644862	0.1229497433	-0.0150342162	0.0201740759	0.0227071187	0.0872693075	0.0925060877	-0.0654630709	-0.0064566946	0.0515942764	-0.0171835563	0.0177212858	-0.0737584204	-0.0373989265	0.0178582436	0.01467575	0.0189108746	-0.0257823969	-0.0365236577	0.0291738255	-0.0247037244	0.0859231462	0.0981968023	0.0397951399	0.085043066	-0.0683757423	-0.0183501295	0.0207831754	-0.0455264036	-0.0379054766	0.002950412	-0.001215119	0.021701315	0.018840554	-0.0819850041	-0.0544392615	-0.0468517991	0.0457879511	0.0303555479	0.0382627631	-0.040251194	-0.0481730556	0.0710444796	-0.037152387	0.0224283734	-0.0183548867	0.0657657682	0.0130684692	-0.002310371	-0.0070989309	-0.0203770743	-0.0136005051	0.0214483986	-0.014923626	-0.0156396541	0.0371954609	0.0385343555	0.0021373389	-0.0815377601	-0.0064061583	0.0812023727	0.010657419	-0.0806444153	-0.0148794683	0.0798654172	0.0436212084926381	0.000384371391533	1.4774136662901625e-07	0.0019028098303582	0.0384886011313341	0.0132112333733261	0.0014813724170469	0.0001745366872444	0.3265681914971523	0.0020644552978482	4.261975676813546e-06	0.1066467836977207	0.0005317793928007	0.0001405132775937	2.827893226074812e-07	1.9743981180152293e-08	-0.0004632534543551	-7.351807856939997e-05	2.146037629719327e-07	5.404907876536467e-09	-0.000952877160143	0.0002500471514717	6.252357795916126e-08	9.079748823221884e-07	0.0	0.0
1610.5456267204838	0.7605705455703173	0.5784675547891301	2593857.215748476	2227.213655890905	-11.742683992257753	4960480.668986931	137.89062734202648	1714.394815562855	0.4927546830610936	0.2428071776786388	2939149.583628796	1802.490390737964	1532.9953698518077	0.998004	27.478745	0.0339746194209107	0.0159623414771883	-0.0404021724	0.045988277	-0.0222722843	-0.0409190397	0.0275529904	-0.0312425016	0.0126430931	-0.052138604	-0.0735552519	0.057728869	0.0343012918	-0.0207674386	-0.0398298654	-0.0056399361	0.100636895	-0.0365957258	0.0469944683	-0.0008868087	-0.0676621385	0.0153638709	-0.0019503557	-0.0213926063	-0.0159110495	0.0510280101	0.0164854531	-0.0180601075	0.0928926912	0.0300169151	0.1305942364	-0.0866881032	-0.0285686084	-0.0672077662	0.0971125746	0.0249047869	0.0385098871	0.0512707243	0.0057350197	0.0184895557	-0.0760474504	-0.0646581295	-0.0058704912	0.0200554246	-0.0261642995	-0.0087841113	0.0537663241	0.0521581175	-0.0209934692	0.045323931	-0.0478535064	0.0708538836	0.0657697247	-0.0323585547	-0.0773510831	-0.0675286443	-0.0293038445	-0.0391986196	-0.0124146744	-0.0064775978	0.0242513916	0.0228851958	0.0186988289	-0.1407873737	0.0050612086	-0.0245038534	0.0293524784	-0.0463017782	-0.0265926246	0.0075672257	0.0813180622	-0.0662000482	-0.0713736199	-0.0336204732	-0.0270708608	0.0597295686	-0.0587223804	0.11227514	0.134941752	-0.0473579637	-0.0550447039	-0.0131011632	0.1514369326	-0.1220463528	-0.0295378209	-0.0057332333	-0.0582791665	0.0044738718	0.0814083215	-0.0303316729	-0.0034133859	-0.0673356001	-0.0103212574	-0.0615210506	0.0337066833	-0.0772037978	0.078041332	-0.0202282038	0.0300319136	0.0421667304	-0.0891467467	-0.0561936819	0.006794314	-0.0003373976	-0.0163448403	-0.0967639704	-0.0193113199	-0.0807497715	-0.0315187575	0.0734202412	-0.0505857466	0.0209300285	0.0659696397	-0.017551517	-0.0199485747	-0.0798001301	-0.062813293	-0.0232052059	-0.0501130119	-0.0197805251	0.062752999	-0.0017260183	0.0279743419	-0.006920911	-0.0158813373	0.0598554717	-0.0283583732	0.0005516528	-0.0696642567	-0.0135570895	0.0708062965	0.0894858092	-0.0927844095	-0.0146510774	0.0368731252	-0.0938725871	0.0758268378	-0.0965755018	0.0162061739	0.0190737235	-0.0260414357	-0.007871394	-0.0425089257	0.0699669838	-0.0049985567	0.018421938	0.0242665469	-0.0393853292	-0.0948160589	0.0114867801	0.0184694744	-0.0746700479	0.0035617029	-0.0165940377	0.0513708674	-0.0176944797	0.0063108791	-0.0261588998	0.0354041882	-0.0218373394	-0.0290872229	-0.0153235266	-0.0530031963	-0.0248359951	-0.0041992841	0.008801913	0.1112387186	0.0410263668	-0.1062918249	0.0012824971	-0.0816093689	-0.0038462256	0.0814885411	0.0064061583	-0.081287294	-0.008959769	0.0810058262	0.0475923650223961	0.003971156529758	1.577008418383964e-05	0.0022650332084249	0.0350759310360899	-0.0034126700952442	0.0012303209380485	1.1646317178974064e-05	0.3386086633654059	0.0120404718682535	0.0001449729628102	0.1146558269061067	0.0006948209901454	0.0001630415973447	4.82776208346634e-07	2.658256246471129e-08	-0.0004053067346403	5.794671971479998e-05	1.6427354914478258e-07	3.357822325705589e-09	-0.0008828590586494	7.001810149360002e-05	4.902534536768073e-09	7.794401174393046e-07	0.0	0.0
1613.7498492708378	3.204222550353961	10.267042152196844	2604188.576021652	2236.813550461568	9.599894570662856	5003334.859528486	92.15797576784216	1712.4336794211647	-1.961136141690304	3.846054966243931	2932429.1064159083	1800.8586958037783	1549.6396698352037	0.930649	25.624222	0.0704066009592593	0.0357823391732914	0.0476811066	-0.0180806257	0.0488305865	-0.0381908579	-0.0357046607	-0.0544451846	-0.0068087995	0.0012233233	0.0637069261	-0.0158920552	0.0148830868	-0.0528357567	0.0086836344	-0.0676249481	0.0171352768	-0.0112437402	-0.0189583257	-0.1040289796	-0.0547414372	-0.0216362162	0.0512495514	0.0102568519	0.0304004985	-0.0082551338	0.0069950356	-0.0703777641	0.0162194709	0.1296775248	0.0875486041	-0.0530183956	0.0310074122	0.0145205365	0.0565696072	-0.0361722572	0.0603179345	-0.0422102149	-0.0330307479	0.0099647274	-0.0169939617	-0.0362481793	-0.0083479746	0.0235425203	-0.00177936	0.032131294	0.0137597315	0.0752919818	-0.063108821	0.0507592518	-0.0346885335	-0.0168825223	0.0260889222	-0.060532137	-0.122741716	-0.0034985322	-0.0265455444	0.0245877742	0.0026851383	-0.0037318534	-0.0670451945	-0.0111482442	0.086030452	-0.0352684517	-0.037105636	-0.0649850688	-0.003873358	0.0569340885	-0.0958903361	-0.023672117	-0.0210719274	0.0423752645	-0.0119633167	-0.0286031706	-0.0300046658	-0.0451711982	-0.0671759297	0.0195863742	0.0027686291	-0.1081093723	-0.0231968491	-0.0662956706	0.0227454705	0.0498677578	0.0880929989	0.0309919124	0.0455619402	-0.0693686774	0.0216079617	0.0176803604	-0.0215499326	-0.0982120392	0.02208997	0.0191611931	0.0357224078	-0.0461785073	-0.0702120954	-0.000290923	0.0553372651	0.0628869737	-0.0362566935	0.0524120226	-0.0342616383	0.009966899	-0.0186341427	-0.0570633277	-0.0541235691	-0.0490550106	0.0364851195	0.0178154952	0.1210061437	-0.0698384132	-0.0083705424	0.0164838807	-0.0194840137	-0.0666251641	-0.014856427	0.0609440948	0.0600695555	-0.0823440342	0.0327963967	-0.0212673577	0.0269011446	-0.0351457007	0.131208866	-0.0571376221	0.0777437836	-0.075227312	-0.0001785925	-0.0105437622	-0.0361633364	-0.0023589747	-0.022637346	-0.0027864142	0.013465872	-0.1156976113	0.068842792	-0.0568149861	-0.0308436505	-0.0179024281	0.0060905989	0.0549633873	-0.0318436304	0.0512248047	-0.0090260658	-0.0161490755	0.052474974	-0.0423379281	0.0059761593	0.0187354395	0.0682732324	-0.0055848459	-0.0355596885	-0.0160062497	0.0195077523	-0.0559507576	0.0430701925	0.002345533	0.0223706814	-0.0518359382	-0.0194762136	0.0387118192	0.0308112982	-0.0652706178	-0.0368735432	0.0097949979	-0.0631932345	0.0473278085	0.0574432702	0.0004275147	-0.0816451812	-0.0012824971	0.081631751	0.0021373389	-0.0816093689	-0.0029919463	0.0815780375	0.0317866003894806	-0.0158057646329155	0.0002498221956311	0.0010103879643205	0.0312103964167675	-0.0038655346193223	0.0009740888444917	1.4942357893179966e-05	0.3531232689708474	0.0145146056054414	0.0002106737758815	0.1246960430886574	0.0003159565282932	-0.0003788644618522	9.982852777109168e-08	1.4353828045455714e-07	-0.0001036326164016	0.0003016741182387	1.0739719182241172e-08	9.100727361509717e-08	-0.0008389837167087	4.38753419406999e-05	1.9250456304133395e-09	7.038936769023443e-07	0.0	0.0
1613.270634783719	-0.4792144871187247	0.2296465246644624	2602642.141055464	2231.185316966788	-5.628233494780034	4978187.918648186	31.67701227176387	1716.267598100142	3.8339186789773976	14.698932437011791	2945574.468288431	1804.6229016931693	1523.50104800307	0.974838	26.840891	0.0755162190856531	0.0415435071628874	-0.0579328963	0.0103451564	0.0125767425	-0.0582564085	-0.0376358861	-0.0428422145	0.0821659707	-0.0154022191	-0.059546384	0.0302184748	0.0578139913	0.0264539559	-0.081880043	-0.020358832	-0.0395884965	-0.0098918495	-0.0016747259	-0.0227181594	-0.012296017	-0.0213154566	0.0573061755	-0.0875780405	-0.0298813619	0.076790039	-0.0555669196	-0.0083837791	-0.039888165	0.0213952381	0.0115723039	-0.0130373293	0.0478889024	0.0257889215	0.0633333701	-0.0469134523	0.024363401	0.0200874096	-0.0822749512	0.0166703242	0.0324571894	0.0148708626	0.0028197871	-9.36375e-05	-0.036287667	0.014331124	0.025377614	0.0690083596	-0.0164851955	0.0043499951	-0.1114022842	0.0167924993	0.0175284771	0.0177024441	-0.0121269299	0.1032696121	-0.0324804173	0.1234491877	-0.125490579	-0.0737570158	0.069228707	0.0884188308	0.0291737942	0.0217931128	-0.0094885368	-0.0242969207	-0.007608171	0.0016999553	0.0248176758	0.0453924157	0.1214963774	0.0044312536	-0.022020378	-0.0150934015	0.0051434607	0.0415424223	0.0109951252	0.0102633731	0.1132663381	0.087511141	-0.0662550718	0.0023580745	-0.0650429023	0.0027509506	0.0848271038	-0.0478176813	-0.0529793964	0.043960399	-0.0231010555	0.0657791516	-0.0202368289	-0.0887131426	-0.0382506995	-0.0441259673	0.0216708592	-0.0389634606	0.0151215806	-0.0051077479	-0.0207970877	0.0506890493	0.0459799166	-0.0297651373	-0.0274188633	0.1049717622	-0.0794253745	-0.059858125	0.0914174144	-0.0442351733	0.0068950939	0.0433931975	0.0055941532	0.055785613	0.0661473186	0.0034387715	-0.0081239102	-0.0840658343	-0.0387858882	-0.0341060963	-0.065209826	0.0611430772	0.080670628	-0.0312676299	0.0126333351	0.0219563762	0.0804575753	-0.0467983036	-0.0042072215	0.0133635616	0.0092281229	0.0138017344	0.0438340304	-0.0107070487	-0.1345807094	-0.0328994388	0.121741785	-0.0023663313	-0.0777989965	0.0649994526	-0.0508543319	0.0105633332	-0.0608814205	-0.0697608586	-0.1260345241	0.0340828929	0.0495193058	-0.0079705799	0.1115496698	0.0153647762	-0.0258795442	0.0203773951	-0.0140764864	-0.0347400213	-0.0476003978	-0.0196100539	0.0374069067	-0.0728923167	-0.0103975751	-0.02210938	0.0022799711	-0.0291833472	-0.0370600598	-0.0195812397	-0.0349060868	-0.0316220777	-0.0203051884	-0.036964047	0.1233891693	0.0526363337	-0.0689396976	-0.0004275147	-0.0816451812	0.0012824971	0.081631751	-0.0021373389	-0.0816093689	0.0029919463	0.0815780375	0.0364760439943125	0.0046894436048319	2.1990881322898817e-05	0.001330501785475	0.0419301740561905	0.0107197776394229	0.0017581394963824	0.0001149136326386	0.3283937136214092	-0.0247295553494382	0.0006115509077809	0.1078424311460601	0.0007878753440222	0.000471918815729	6.207475577181e-07	2.227073686390619e-07	-0.0002768552624745	-0.0001732226460729	7.664883635982428e-08	3.0006085112497174e-08	-0.000901391104746	-6.240738803729999e-05	3.894682081638134e-09	8.125059237152144e-07	0.0	0.0
1614.1939195837151	0.923284799996054	0.8524548219037535	2605622.0100210374	2240.173566467559	8.988249500770962	5018377.607899983	80.78862908810945	1714.4783139870383	-1.789284113103804	3.2015376374056665	2939435.889131837	1803.0020281653904	1551.1065750774155	0.971966	26.761827	0.0349483046819329	0.0147186076280157	0.0572083604	-0.0511548467	0.0772452343	-0.0393108788	-0.0181476649	-0.0045915767	0.0455613564	0.0057113679	0.0327225274	-0.0407514395	0.0146871567	-0.0643929306	-0.01317882	-0.0486312664	0.008954472	0.0494149457	0.0209384442	0.0291973066	-0.0101290489	-0.021065109	0.0443727751	-0.0002571472	0.0245804912	-0.0813636377	-0.0163573554	-0.0610471359	-0.0765074947	0.0300642675	-0.0034815371	0.0726844734	0.0754672905	0.0670828159	-0.0720801984	-0.0110947606	0.0032906919	-0.0328363343	0.053783302	-0.0168627379	0.0234882899	-0.0490423557	0.0200486195	-0.0276893235	0.0973071157	0.0154425329	-0.0065614023	-0.0567821398	0.075275276	0.0105520065	0.0696317482	0.0208793928	0.0063872612	-0.0497338004	0.0567802963	0.0800298382	0.0256631006	0.0262337929	0.0447313687	-0.0865369912	0.0060263598	-0.0883741058	0.0166269252	-0.1787419792	-0.0058879723	-0.0078345275	0.0055053932	0.0263675536	0.1531440172	0.1454773981	0.0669462923	-0.0465744755	-0.0264667878	0.0580719092	0.0245467821	-0.0276092072	0.0029511753	0.0332240469	-0.0129649786	-0.0660841288	0.0273421442	-0.0231852935	0.0627946184	-0.0915175161	-0.016751505	0.010075732	0.0875546002	-0.0415430492	-0.013817742	0.0372927917	-0.059264494	-0.0244787029	-0.0257743015	0.0441147904	-0.0091361533	0.0530239941	-0.0605606072	-0.0423522583	-0.0377521409	-0.0270058731	0.0520005947	-0.0240746538	0.0141933647	-0.0155012585	-0.1513759229	0.097570231	0.008859302	-0.0426966125	-0.0408494759	0.0188998474	0.0296286952	-0.0189361131	0.1044550306	-0.0767313528	0.002008158	0.0461112039	-0.0455909605	-0.0002510984	0.0275782979	0.0023626352	-0.0650172248	-0.0481249602	-0.0048056103	-0.116097873	-0.0248300819	0.0510115317	0.0169924713	-0.0080018939	-0.054451328	0.0103419207	0.0025605839	-0.0195139603	0.0146231297	0.0175833846	-0.0417891567	-0.0554988243	-0.0136944672	0.0691067024	0.0339153267	0.0011426487	0.0601420671	-0.0847573988	0.0762160407	-0.1061247649	-0.0529751744	-0.0343606171	0.0512696703	-0.0338285653	0.0640161977	0.0285627615	-0.0018113152	0.0420757775	-0.0877732965	-0.0333990994	0.034251661	-0.0705271354	-0.0161151502	0.0156067893	-0.0098073475	-0.0177141044	-0.0378314977	-0.0198808455	0.0002081678	-0.0531535832	0.0159192365	-0.0281375104	-0.0774507206	0.0473633094	0.0560251585	-0.0012824971	-0.0816093689	0.0038462256	0.0814885411	-0.0064061583	-0.081287294	0.008959769	0.0810058262	0.0318590540114342	-0.0046169899828783	2.131659650199858e-05	0.0010149993225034	0.0369720387048602	-0.0049581353513303	0.0013669316459936	2.458310616211124e-05	0.3369151017743235	0.0085213881529143	7.261405605262837e-05	0.1135117858036027	0.0006988179056146	-8.905743840759996e-05	4.883464652075761e-07	7.93122733572346e-09	-0.0004447873551818	-0.0001679320927073	1.978357913296208e-07	2.8201187761053216e-08	-0.0008213448119647	8.004629278130003e-05	6.407408988029605e-09	6.746073001413284e-07	0.0	0.0
1612.891127003801	-1.302792579914012	1.6972685062790076	2601417.787567592	2230.3002721675307	-9.873294300028192	4974239.304030562	97.48194033496918	1717.0657111150567	2.587397128018438	6.69462389807806	2948314.6562870555	1804.356562368593	1525.2780162173167	1.034633	28.487278	0.087218225935395	0.0500510897263822	-0.0894934182	-0.0717174211	0.0002200342	-0.0909590405	0.0519386954	0.0127908123	-0.0028818796	-0.0351227089	-0.0485431105	0.0486463277	-0.0219949756	-0.0104994685	-0.0605957484	-0.044411935	-0.0299866013	0.0559259255	-0.0005380893	0.0354488153	0.0090468217	-0.0054949281	0.0104901723	-0.0834618898	-0.0607105757	0.0367814342	-0.0352931757	0.0558725513	0.0249274362	0.0157699985	-0.0486485049	-0.0241235524	0.029912805	0.0311361903	-0.0401881681	-0.0397792647	-0.0493234691	0.0049842535	0.0032707729	-0.014020389	-0.0654845438	0.0223708547	0.0033509533	0.0580124289	-0.0324134788	0.0981963808	-0.0136594871	-0.0371409071	-0.0220995389	0.0860377997	0.0410117013	0.0016603313	0.0534776356	0.0865745477	-0.0065288509	0.071357661	-0.0099966108	0.0293822934	0.0332107304	-0.0604527707	0.0124480336	-0.0798730256	0.0021366974	0.0585478438	-0.0373869854	0.0507808528	-1.2096e-05	-0.0448579711	0.0368126607	-0.1541985937	0.1312839459	-0.0177929109	0.1286830606	-0.0030071481	-0.070923794	-0.0308983704	0.0912988881	0.039656376	-0.078254509	0.0792523943	0.0480723709	-0.007377445	0.0275702298	-0.0076009281	-0.0223079078	-0.0207591051	-0.0289986199	0.0674392299	0.0533246651	0.0416800041	-0.0476862668	-0.0155929653	-0.0488862887	-0.0552976589	0.0240372007	0.0620564719	-0.0556203672	0.0151227799	-0.019694038	-0.0619523273	0.0624439103	-0.0323577599	0.0019466886	0.0451370562	-0.0186998979	0.0581076857	-0.0671861007	-0.0276657341	-0.0107299591	0.0288628273	0.0347797304	0.0033234647	-0.0138207354	0.0029127522	-0.0642604317	-0.0051279443	-0.0203370638	0.1193833182	-0.0777192083	-0.0899581804	0.0118634729	0.014914527	0.0566673832	0.0247384356	-0.0054842488	-0.0285364131	-0.1143534409	0.0793426347	0.0082898633	0.0033121564	0.0319036216	0.0964505151	0.027036425	0.0059646945	-0.121881634	0.0399498697	-0.0167325365	-0.084872082	0.0008234054	0.0039554889	-0.0370912416	-0.0660067525	-0.0679151221	0.0446403377	0.0198981972	-0.0692805191	0.0668117374	-0.0456756896	-0.0749594316	-0.0137867122	-0.0758774634	-0.0591296968	-0.0543934116	-0.0447295459	0.0458425748	-0.0200729557	-0.0009917458	-0.0017461275	-0.0294533795	-0.0368002317	-0.0209377319	-0.0142391021	0.0902833429	-0.0890593837	0.0352742825	-0.0816207506	0.0454900618	0.0035403781	-0.008522051	-0.0021373389	-0.0815377601	0.0064061583	0.0812023727	-0.010657419	-0.0806444153	0.0148794683	0.0798654172	0.036200276768028	0.0043412227565938	1.8846215022367877e-05	0.0013104600380818	0.0402315347333086	0.0032594960284484	0.0016185763869974	1.062431435947092e-05	0.3868688200108963	0.0499537182365728	0.0024953739656589	0.1496674838966232	0.0008051244437668	0.0001063065381522	6.482253699507992e-07	1.1301080053905156e-08	-0.0007539033311982	-0.0003091159760164	5.683702327917429e-07	9.55526866285716e-08	-0.0009991980760717	-0.0001778532641069	3.1631783553514255e-08	9.983967952253863e-07	0.0	0.0
1613.6992585250637	0.8081315212625668	0.6530765556581505	2604025.2969643404	2232.1892363544	1.8889641868690887	4982668.786896438	3.568185699273997	1714.702842240767	-2.3628688742896884	5.5831493170870194	2940205.8371885647	1803.3748222545591	1567.0245329049917	1.178882	32.458988	0.1418844418539176	0.0758719844437903	0.1047908959	-0.0469323994	0.0499127124	0.0132210172	0.0468661767	0.0068799307	-0.0634954699	-0.040738702	0.0754502793	0.0234509847	0.0111669328	-0.0796555349	0.0357730322	-0.071207912	0.0189752149	0.0029767759	-0.0068967913	-0.0601892491	-0.0340958112	-0.0317331372	0.0141864385	0.0426367549	0.0516611035	-0.058902728	-0.042482776	-0.0100987047	-0.0161781943	0.0394983968	0.0317316159	-0.019839819	0.0310098732	0.0736890541	-0.0128462483	0.0229789536	-0.0568942354	0.0539536082	0.0406469236	-0.0373457575	0.0501658358	0.0507037786	0.0454436735	0.0953547699	0.0817367235	0.0140002684	-0.0201660631	-0.048733658	-0.0192560411	0.0540818952	-0.005523712	-0.0500864141	-0.0876931763	-0.0492879188	0.0066291363	0.0243553862	-0.101198698	0.0224785267	-0.047548005	-0.0069537101	0.0249673315	0.0571984984	-0.0509318804	0.0399512574	-0.0610120948	-0.0293471758	-0.0859918595	-0.0808815126	0.0208092968	0.0799443928	-0.1576763696	-0.0066468494	-0.0695426804	-0.0151414484	0.0177355369	-0.0838700679	0.0455677643	-0.0824437107	-0.0721801907	0.0138040189	0.0622520306	-0.0507937899	0.0431378141	-0.0277112483	-0.0286204277	0.0285476449	0.0564034967	-0.0870514773	0.0154184365	-0.0105245647	-0.0578324864	-0.0465904929	-0.0358630548	-0.0159121325	-0.0289642496	-0.026585128	-0.067056993	0.0049005953	-0.0430984329	-0.1317313843	0.0334134345	0.0021647318	0.0245910927	-0.0265735045	-0.0639850294	0.0313002186	0.039280507	0.0264972186	-0.0276155113	0.1425929484	-0.0420368627	0.0041326112	-0.0074979531	-0.0961954569	0.0058597186	-0.0311664014	-0.0149285991	0.0318505512	-0.0841009259	-0.0457352837	-0.0239016914	0.0260851769	-0.0648741802	-0.0792765324	-0.0231847581	-0.0437921496	-0.0226176259	-0.0478710552	0.0753756257	-0.0809799559	-0.0182745898	-0.0031360931	0.0343915932	0.0296282267	-0.0291755381	-0.048355172	-0.0113669821	0.0292529155	0.0669253384	-0.0536022035	0.0472683851	-0.0320351388	0.1110318688	0.0597153287	-0.1088947261	-0.0048851702	-0.027405272	-0.0573499239	0.0251478187	0.0281773468	0.093771732	-0.0047953871	-0.1130321514	-0.1353028935	0.0154304434	-0.0435892294	0.0868705688	-0.0048881235	-0.019285245	-0.0080946787	-0.0384065498	-0.0470051359	-0.0495525046	-0.0204889636	0.0407701133	-0.0414245909	-0.103842286	-0.0461869343	-0.0120635929	-0.0029919463	-0.0814303861	0.008959769	0.0807737477	-0.0148794683	-0.0796832699	0.0207192494	0.0781648097	0.059533262660409	0.023332985892381	0.000544428230654	0.0035442093629932	0.0559813073931678	0.0157497726598591	0.0031339067774483	0.0002480553388372	0.3216357539468788	-0.0652330660640174	0.0042553529081124	0.1034495582169771	0.0008058748295536	7.503857867999578e-07	6.494342409080439e-07	5.630788290313916e-13	-0.0005266918107724	0.0002272115204258	2.774042635347096e-07	5.1625075014203765e-08	-0.0004757876375311	0.0005234104385405	2.7395848717326304e-07	2.2637387602742538e-07	0.0	0.0
1613.0524358885152	-0.6468226365484497	0.4183795231514879	2601938.1609258726	2232.56183819279	0.3726018383904375	4984332.36135477	0.1388321299719337	1715.1469798694957	0.4441376287286402	0.1972582332526995	2941729.1625554524	1804.1690735497264	1523.2836869732364	1.278233	35.194481	0.1079783108188637	0.0557598782779556	-0.1182457832	0.0381885337	-0.013464448	0.003895688	-0.0228766249	-0.0825206836	-0.0104577326	0.0348657964	-0.0666407974	0.0293798066	0.0589717588	0.062993962	-0.0303902109	0.0088741492	0.0135228896	0.050717054	-0.0030468957	-0.0527647826	-0.0810630178	0.0664066259	0.0360347033	-0.0563402971	-0.0114347759	0.0663495504	-0.0273284541	0.0514403721	-0.0049444266	0.0231289451	0.081249525	0.0790595597	-0.0092906043	-0.0155837808	-0.0780684839	-0.0329367788	0.0219736903	-0.0528860196	0.0321591502	-0.0660850409	0.000301415	0.038796157	0.0455091198	-0.0009390475	-0.0016970785	-0.0825952548	0.0957659428	-0.0859191097	0.0628507941	0.0880453997	-0.0025364086	-0.0359973614	-0.0408591204	0.0347916002	0.0132890425	0.0010146406	-0.1058756836	-0.1013469099	-0.0365452676	0.0613733809	-0.0452470886	0.0249382329	0.0351290318	-0.04548657	0.0145044139	-0.0380347097	-0.0160275537	-0.0370953646	-0.0597198075	-0.0004808187	0.0072735556	0.0346976865	-0.0459090907	-0.0222305781	-0.0005868757	0.0425476419	-0.0443954116	0.0076140042	0.0093506697	0.0007148654	-0.075025946	-0.0865908949	-0.0071720874	0.0975095833	0.0022254172	-0.0051039764	-0.0750432363	0.064640015	-0.0310027436	0.0357340744	0.0274119355	-0.0649846386	-0.0096362206	-0.0509656191	0.0368712848	0.0227647933	0.0438704724	0.0831470977	-0.0149853259	0.066242875	0.0613098656	-0.0263461013	0.0062819095	0.0382384172	0.0167471899	-0.004905965	0.0410551744	-0.0755737266	0.1355865468	-0.0266350025	-0.0391777956	-0.0071549592	0.0403602081	-0.0641248507	-0.0136716147	0.059273877	-0.0235483734	-0.0706095936	0.0262393636	0.0209890674	-0.091162784	0.1012043047	-0.0621461973	-0.1237024551	0.0318865623	-0.0026618106	0.0242017111	0.0494488996	-0.0458606592	0.0639206285	-0.004984229	-0.0591502018	0.0671848053	0.0818389191	-0.0589675358	-0.0274240406	0.0234708806	0.0653144873	-0.0152654518	-0.0231814654	0.0261791541	0.0717241272	-0.0499133643	-0.0247874582	0.0737173494	0.01434956	0.1109031316	0.0950627603	-0.0864767649	-0.014993908	-0.007090612	-0.0446782991	-0.0471057545	-0.065208798	0.0084445981	0.0613278383	0.0133166621	0.0135346882	-0.0081945579	-0.0840632501	0.0012866808	0.0425999655	-0.0242104554	0.1186991202	0.0309052843	-0.0990725762	-0.0186021581	0.0138695662	-0.0282125083	-0.0038462256	-0.081287294	0.0115045374	0.0802034182	-0.0190607341	-0.0784076511	0.0264477464	0.0759159322	0.0593389165610744	-0.0001943460993346	3.777040632657462e-08	0.0035211070186421	0.0440583115475874	-0.0119229958455803	0.0019411348164242	0.0001421578299337	0.2944742126950501	-0.0271615412518287	0.0007377493231747	0.0867150619423696	0.0008066810461451	8.062165914999491e-07	6.507343102097529e-07	6.499851924097957e-13	0.0003851222874524	0.0009118140982248	1.4831917629256901e-07	8.314049497215052e-07	-0.0009371558751572	-0.0004613682376261	2.128606506902135e-07	8.782611343416575e-07	0.0	0.0
1617.0958630649377	4.043427176422483	16.349303331031894	2614999.030341736	2236.6722491482446	4.110410955454427	5002702.750109867	16.89547822271977	1714.4578005149149	-0.6891793545808014	0.4749681827804099	2939365.54974644	1801.9665107186725	1552.3877720722203	1.141189	31.421152	0.1009739049709142	0.0519221336198899	0.0517594419	-0.091365255	-0.0288128093	-0.0104212075	-0.0693425438	-0.0155281455	-0.0062196641	-0.0342578775	0.0070196987	-0.0462730308	-0.0128745412	0.05208155	0.032701132	-0.0789850002	-0.027891347	-0.0606453817	0.0251447006	0.0742009721	0.0289759624	0.0301703193	-0.0016893033	-0.0694102159	-0.0202937419	-0.0434915477	0.0554117081	-0.0366034953	-0.020658197	0.0186017126	-0.1057967353	0.00311465	-0.0330821115	-0.0216965504	0.0378502009	0.0115541584	0.0078303481	-0.054708499	-0.0521029283	0.0155525615	-0.0038525822	-0.0790676313	-0.0694261379	0.0115096614	0.0356516417	-0.0058471843	0.1233297476	-0.0594137613	0.0704843426	0.0493654638	-0.0674077949	-0.0258359012	0.0232979404	0.0132712335	0.0187636894	0.0132696475	-0.0121350026	-0.0798807774	-0.1479701815	0.0122179558	0.0224904601	0.0070988911	0.0373721097	-0.0598097843	0.1714866573	-0.0325149649	0.0161481875	-0.0130444422	0.0309857576	-0.0441971475	0.0580232169	-0.0351169521	-0.0440843937	-0.0066409949	0.0102802453	0.0307112129	-0.0732130121	-0.0921023173	0.0425187618	-0.0385591955	0.0422905119	-0.0317938737	0.0182594468	0.0551430523	0.0346612007	-0.0535623297	0.0564875955	-0.032862778	0.0272032434	0.0836114357	0.0337718794	0.0540203482	0.0354782629	0.0336347462	0.0213145494	-0.0215466314	0.0902559599	-0.0546845292	0.0157335521	0.0311183817	0.0411197518	0.020578058	0.007754286	-0.0694888493	-0.0181407936	0.0530091322	0.0188742238	-0.0161482511	0.0114505746	0.0330088512	0.062395529	-0.0338976509	-0.0058462904	-0.0482458391	0.0235374639	0.0282199636	0.0367432478	-0.0567410131	0.0201055409	0.0448366286	-0.0057671723	0.0668664969	0.0936414513	-0.096801772	0.056725127	-0.0558304658	-0.16183027	0.0603642802	-0.0485671227	0.0821670498	-0.1000722285	0.0030828788	-0.0855780303	-0.0042215159	-0.0672210386	0.0690048641	0.0235640337	0.0441325948	-0.087240193	-0.0293959844	0.0452896805	-0.0102706837	0.0703061797	0.0499813418	-0.0463684277	-0.0602269177	-0.0098433581	0.0066403796	0.1265499044	0.0214308922	0.0004849778	-0.0092030992	-0.0484912514	0.0052721326	-0.082287247	0.0412519988	-0.0762260952	-0.0028983882	0.0389245998	-0.0414403118	-0.0089051533	0.0200244474	-0.0134963736	-0.0215031806	-0.0355131287	-0.0451060479	0.0332872309	-0.0546123932	0.0142582953	-0.0047000831	-0.0811085467	0.0140379523	0.0794923845	-0.0231897558	-0.0768225931	0.0320341914	0.073134559	0.0260368872513794	-0.033302029309695	0.0011090251561437	0.000677919497741	0.0439128631025766	-0.0001454484450107	0.0019283395458656	2.1155250156059263e-08	0.2848107632448418	-0.0096634494502083	9.33822552767312e-05	0.0811171708601093	0.0001999961216009	-0.0006066849245442	3.999844865540198e-08	3.6806659766920164e-07	-7.6095001269038676e-06	-0.0003927317875793	5.7904492181349976e-11	1.5423825697523544e-07	-0.0010949987183537	-0.0001578428431964	2.491436314835485e-08	1.1990221931962457e-06	0.0	0.0
1615.2851666045626	-1.810696460375084	3.2786216716148577	2609146.1694527296	2229.9401849994747	-6.73206414876995	4972633.228675491	45.32068770315367	1718.2332785866477	3.7754780717327776	14.254234670135052	2952325.5996426204	1801.582360056012	1547.2546727386589	1.158105	31.886925	0.1309796759613727	0.063636547924121	-0.0990685402	-0.0394101823	-0.0025380718	0.1035890656	0.0659681792	0.0592361622	-0.1021525082	0.1043091026	-0.0013185963	0.0773952655	-0.1083122406	0.0134923854	0.0989456343	0.0693803188	-0.0486994244	0.0035993601	0.0180722364	-0.0227532751	0.0016905198	-0.0138324509	0.0116757428	0.0431581087	-0.0406044996	0.0128391209	0.0058204645	0.1340947588	0.0507645782	-0.0520991356	-0.0471623125	-0.0205037851	0.0228512614	-0.0776848857	-0.0051797676	0.0777467872	-0.0577306904	-0.0043086024	0.0309061682	-0.115807992	0.1364382953	0.0163669852	0.0022453078	0.0458141686	0.0103717644	0.0685789544	0.0098062346	-0.0142026091	0.163058828	-0.0635381921	-0.0727647534	-0.04260458	0.0432701277	0.020197797	-0.0184485804	0.0070747079	-0.0342850309	0.0226524433	0.0919379453	-0.02282871	0.0541734845	-0.007214302	-0.0850600667	0.0398862085	0.0038597226	-0.0245488261	-0.0586651831	-0.051985445	-0.0583239166	0.0767503008	-0.0738936006	0.0607110276	-0.0291105209	0.0196478898	0.0164619305	-0.0061589574	-0.0303380896	-0.0592574976	-0.0427076723	0.0441657448	0.0560715389	-0.0384912116	-0.0612063035	0.0332823991	0.0035076099	0.112652497	0.0011617923	0.0540181961	0.0788792788	-0.0231129894	0.0598301348	0.1165067522	0.0369476427	0.0151934356	-0.045951185	0.0430344947	-0.0401962142	-0.0634105477	0.0053684303	0.0031006163	0.00891714	-0.0847219322	-0.0494711684	0.0488386974	-0.0226382987	-0.0402239528	0.0166884854	0.0923793335	0.0490003241	0.023770528	-0.0616993794	0.0759178403	-0.0297886093	0.0577398738	0.0539894957	0.0286492565	0.0320955313	0.0151998879	-0.0474459927	0.1018078404	-0.0169460918	0.0691387092	-0.0192347566	-0.0295704095	-0.0054997264	-0.064929509	0.0798254276	0.0041067438	0.0944319169	-0.0462904211	-0.0203348392	-0.0650519306	-0.0341944976	-0.1034113013	-0.0706038311	0.019033793	-0.0026801686	-0.0933054578	0.0364164185	-0.0795746384	0.0575275536	0.0023696777	0.0507373012	0.0340825545	0.0127480533	-0.0291573775	-0.1103909755	-0.0077575136	-0.0888457484	-0.0985139229	-0.0670579753	0.0709989287	0.0143987927	0.0029137583	-0.1246954832	0.0750279617	-0.1063098938	0.0282730891	-0.0250004753	0.0356774277	-0.0741170149	-0.0946635686	-0.0169115908	-0.0020574252	0.0068478959	-0.056393556	-0.0149112725	0.0193576358	0.0609245344	-0.0055534252	-0.0808942224	0.0165575133	0.0786418943	-0.0272552159	-0.0749343514	0.0374485793	0.0698401994	-0.0020166758477699	-0.0280535630991493	0.0007870024025579	4.0669814749784456e-06	0.0222972753997652	-0.0216155877028114	0.0004971684902529	0.0004672336317379	0.3164385748532936	0.0316278116084517	0.0010003184671397	0.1001333716551834	-0.0003517979445256	-0.0005517940661265	1.2376179377243712e-07	3.044766914124162e-07	0.0003861837438308	0.0003937932439577	1.49137883999173e-07	1.550731189867317e-07	-0.0010469317574187	4.80669609349998e-05	2.310432733526796e-09	1.096066104691808e-06	0.0	0.0
1611.1857005184531	-4.099466086109487	16.805622191161838	2595919.3615551386	2236.6582824980733	6.718097498598581	5002640.272667231	45.13283400067652	1713.2722636274857	-4.961014959161957	24.61166942502872	2935301.849315249	1808.698639175372	1596.440653334025	1.418774	39.064095	0.2266054478123184	0.1363416193077816	0.1212570351	0.0773294835	-0.1278069923	0.0925956733	0.0248224567	-0.0576937174	0.1033642409	0.004612352	-0.0624679864	-0.0268581232	-0.017544208	0.001508608	0.0804309898	-0.0056096443	0.1565177372	-0.2134937647	-0.0079103186	-0.0018327899	0.047761678	-0.0249824911	0.1113499612	0.063420411	-0.0134866735	-0.0178547842	-0.0019113498	-0.0903678636	0.0092611984	0.0255783247	-0.0308018257	0.0114040733	-0.0269307395	-0.0926695995	0.0213215089	0.0998756961	0.1153122534	-0.0317685139	-0.0179786361	0.0213812635	-0.004438957	0.033846997	0.0110882433	-0.0335428728	0.0245415318	-0.0904446266	0.0034110712	-0.0227164355	-0.064566563	0.0025074713	-0.0563729011	0.1022592589	-0.0469418105	0.0675487428	0.0151701827	-0.0772737887	-0.0105212832	0.0461236716	0.0986752274	-0.0373196431	0.0684240836	0.0176635697	-0.0618569085	-0.0177499025	-0.0354456063	0.1308322987	0.0747337564	0.0281889736	0.0993321515	0.053944257	-0.0509479467	0.0040589341	-0.0206729087	0.013979122	-0.0068031575	0.0374145872	0.0666927212	-0.117159314	-0.0434917569	0.0852868177	0.0057962312	0.0434515202	-0.0105448082	0.0416224983	0.0674322323	-0.0392438134	-0.010839474	-0.0116337574	-0.0075129854	-0.0939707116	0.0504181254	-0.0113281841	0.0381703458	0.0966353169	0.0938523303	-0.1804649382	0.0791649103	-0.0993979533	-0.0694050312	-0.045583474	-0.0526908382	0.062201953	0.0193416136	-0.0482480063	0.1027571385	0.0301941255	-0.0059475613	0.1057977432	0.0451747918	0.0153215281	-0.0050005143	0.0551199115	0.0294819249	0.0121471808	-0.0305193613	0.107533281	0.0298447128	0.0025340078	0.0743728399	0.0037341601	-0.010561284	-0.0808122443	0.0152872978	0.0531877951	0.0487754966	0.0197090611	0.0515470176	0.0986825752	0.0461421828	0.0601963081	0.0766306514	-0.1039067601	-0.039863872	-0.0349800323	0.0781652378	0.0077945532	-0.0676049254	-0.0280485027	-0.006485068	0.1030354634	0.0208914309	0.038365875	-0.0095850366	-0.091616383	-0.0871823785	0.0814036791	-0.0827598855	0.0737718579	0.0793968579	0.1138225237	0.0571854849	-0.0785474511	0.0749743957	0.0655253403	0.0167555579	0.0493785472	-0.0818142915	-0.0254375981	-0.0335098907	0.0837682544	0.0914996753	-0.0253371486	-0.0565569379	0.0811841239	0.0253951947	-0.0702403557	0.0017296153	-0.0538304945	-0.0338651923	-0.0064061583	-0.0806444153	0.0190607341	0.0776534394	-0.0312459714	-0.0727503781	0.0426618292	0.066055961	0.0115930198132616	0.0136096956610315	0.0001852238159858	0.0001343981083906	0.0412966057843817	0.0189993303846165	0.0017054096493106	0.0003609745550638	0.1981680614648482	-0.1182705133884453	0.0139879143371664	0.0392705805847358	0.0002040324256904	0.000555830370216	4.162923073310859e-08	3.089474004544557e-07	0.0004439850836717	5.780133984089995e-05	1.9712275452296642e-07	3.340994887403208e-09	-0.0001460452999111	0.0009008864575076	8.11596409320593e-07	2.1329229626123144e-08	0.0	0.0
1617.1928538214258	6.007153302972711	36.08589080541595	2615312.726451088	2256.0431236643426	19.384841166269325	5089730.575833164	375.7720670414899	1719.4003857421876	6.12812211470191	37.5538806526986	2956337.6864903835	1809.9032393357347	1559.486435672448	1.200188	33.045612	0.0953121305190258	0.057516690955844	-0.0030115224	0.057054769	0.0496747412	0.1382465837	0.0042396234	0.004049167	0.0753547047	0.0882405145	0.0193616552	-0.1264278574	-0.0041411749	-0.0692109991	-0.1252919865	-0.0293336019	0.0005863369	-0.0720084695	0.0861374955	-0.0266329847	-0.0285618053	-0.0526800746	-0.1177087279	0.1219300888	-0.0547525142	-0.0047395673	-0.0492362465	-0.0117318702	-0.1053931356	-0.0278302105	0.0043299342	0.0825546251	-0.0056952706	0.0331820433	-0.0979370587	-3.776e-06	0.0475032996	-0.0961829339	-0.0096452443	0.017626852	0.0038633878	0.126028206	-0.0323088717	-0.0039582486	-0.002605172	-0.0048517722	-0.0261978381	0.0146168956	0.0814029899	-0.1994481962	0.0837070692	0.0578605166	0.0197213421	-0.1440751184	-0.0263543048	-0.0614416262	0.0647278556	-0.0623836262	0.0442075471	0.0841578597	0.0495371767	-0.0977236718	0.0290102622	-0.0136115696	-0.0123440334	0.0338545806	-0.0308084371	0.0418206841	-0.0755704092	-0.0284620983	0.036670745	0.0529035796	0.1276883391	0.0546056904	0.0162639213	-0.0468388664	0.0051875189	0.0217736675	-0.0254427103	0.1335683755	-0.0307093389	0.0663418599	0.0419067825	0.0408824043	-0.0375564891	0.0326309179	0.0722070109	0.0906989101	-0.1301751704	-0.0121567513	-0.0191316603	-0.0674353817	-0.0233413086	0.0612461794	-0.0661241133	-0.0290669298	0.0241653517	-0.0171907273	0.0283216097	0.0102426473	-0.0042704606	-0.0045972979	0.0076144446	0.038541793	0.1321591163	0.1070185416	0.0073573242	-0.0463216504	-0.0523435477	-0.1160085167	-0.0548281531	0.0048059125	0.0806253645	0.0499723802	0.0197187685	0.1076857832	0.0001634066	-0.059063249	0.0521676331	0.0550502683	0.1020574147	0.0084086048	-0.0735338744	0.055260219	-0.0037810391	0.0970198196	0.0859344338	0.0135763816	-0.0298813913	0.0471737555	0.094538891	-0.0014827761	0.0901068855	-0.0480467877	-0.0881111968	0.0256980501	-0.0103552896	-0.063356855	-0.0016734679	-0.0725221329	-0.0036807509	0.0032993225	0.0519093077	-0.0632557668	0.0413299673	0.0025674467	-0.0675856911	0.1353767052	0.0354514623	0.0101087364	0.0113000562	0.1433399931	0.1358174316	0.1345174952	0.108010231	-0.0022288471	-0.0097021328	0.0162707159	-0.0127630925	0.0168658228	0.0613808811	0.0385648236	-0.0120977717	0.0428424067	0.0120756931	-0.0412374225	-0.0287126183	-0.0925091658	-0.0305467508	-0.0072581889	-0.0803592349	0.0215451443	0.076528754	-0.0351510839	-0.0702792922	0.0476459404	0.0618083875	-0.0040758967665794	-0.015668916579841	0.000245514946786	1.6612934451812407e-05	0.0394124667252242	-0.0018841390591574	0.0015533425333669	3.5499799942429027e-06	0.1989555629113581	0.0007875014465099	6.201585282551981e-07	0.0395833160133753	-0.0007039705629317	-0.0009080029886221	4.955745534743746e-07	8.244694273466654e-07	0.0009880204957488	0.000544035412077	9.761845000197045e-07	2.959745295938999e-07	-5.865223193995012e-05	8.739306797114988e-05	7.637548329410021e-09	3.440084311537705e-09	0.0	0.0
1611.653358595106	-5.5394952263197865	30.6860073624197	2597426.5482708854	2236.756473558366	-19.286650105976605	5003079.522005257	371.9748723103674	1713.9697676225142	-5.430618119673454	29.49161316172564	2937692.364323975	1805.134307198529	1559.3719210083232	1.174348	32.33416	0.1715297793252611	0.0886978255116586	0.0345094046	0.0473385636	-0.1110448344	0.0297033108	0.093760887	0.0316881669	0.0192664682	-0.0883644962	-0.0075186796	0.0271622832	-0.050101829	-0.0936393119	-0.0694318638	0.0615594469	0.0163959483	-0.0734738561	0.1224938353	0.0226609774	0.0802473464	0.0926558783	0.0170328557	0.0804445595	0.0254179577	0.0399945722	0.0481851978	0.0105597934	0.0578609171	0.0409360126	-0.0064034534	0.0128310714	-0.0450555039	-0.1006335882	0.1332024057	-0.0219770023	-0.0481234918	0.0304749166	-0.0477193965	-0.0168828693	-0.0272970253	0.1136117772	-0.0326902848	-0.0208455374	-0.0501945404	0.000743285	0.012695164	-0.0320723194	-0.0097621471	-0.0569899454	0.0198656462	-0.0156163871	-0.0570596285	-0.0421423444	0.0468396981	-0.0315941988	0.0218891843	0.0525669825	0.0589590309	0.0737877473	0.0565381437	0.0259243539	0.0311452603	0.0216706824	-0.0693980105	-0.0978493344	-0.1202085609	0.043734621	-0.003139741	-0.1464382712	0.0902149531	-0.0555942389	0.0085173391	0.0721880682	-0.0150347221	-0.0596917511	-0.0233624054	-0.072190171	-0.0116362284	-0.0920576852	-0.00755572	-0.0414792572	-0.0074073421	-0.1214640051	-0.027158648	-0.0224106665	-0.0453458264	-0.001559066	0.0557035073	-0.1007628794	-0.0028478537	-0.0168570544	-0.0505662215	0.0331204309	-0.0868610804	-0.0306811851	0.0169503289	-0.0606665953	-0.0511876306	-0.000837268	0.008287849	-0.058340309	0.0227686386	0.0326447762	-0.0372864016	0.0114712378	-0.096233041	0.0405205125	-0.0224303168	-0.0075656022	0.023536315	0.0733755888	-0.0503138936	-0.0059428946	-0.0549585958	0.0146134995	0.0952936655	0.004841439	-0.0338616193	-0.0122353207	0.1473328581	-0.0277499986	-0.0618392629	0.035781846	-0.0191540773	0.0022761031	-0.0298332081	-0.1244636356	-0.1057361989	-0.0275199973	-0.0204018643	0.0605955693	0.0007939795	-0.0254472987	-0.0254527233	-0.0466996442	-0.0095439662	0.0080559502	0.109072775	-0.0730115171	0.0330675405	0.0260562433	0.0050188953	0.0596682849	-0.0120810746	0.0556937936	-0.0760459843	-0.0264194572	-0.0208813147	0.0229356486	0.0021222356	-0.0920239514	0.0970248915	0.0508438801	0.0381848618	0.0003630973	-0.0403366549	0.0507108485	0.0153217294	0.0390608628	-0.0047449015	-0.0588810534	0.0074608602	0.0203238172	-0.0013908808	-0.0278818411	0.0124143249	-0.0592127584	-0.0862837921	-0.0081094236	-0.0800388062	0.024008292	0.0752698111	-0.0389598496	-0.0675308461	0.0523741431	0.0571272725	0.0115429331285241	0.0156188298951034	0.0002439478472921	0.0001332393052095	0.0383637421569034	-0.0010487245683208	0.0014717767122813	1.0998232201996503e-06	0.2854480249325775	0.0864924620212193	0.007480945986492	0.0814805749379093	-0.0001778448162959	0.0005261257466358	3.1628778683322416e-08	2.76808301273078e-07	0.0006020454980406	-0.0003859749977081	3.624587817109541e-07	1.489766988558449e-07	-0.0005139467444083	-0.0004552945124683	2.072930930837924e-07	2.6414125608789045e-07	0.0	0.0
1612.342306086438	0.6889474913318736	0.474648645812482	2599647.7119961325	2241.269052821959	4.512579263593125	5023286.967137442	20.363371610210667	1713.9123464133522	-0.0574212091619301	0.0032971952616181	2937495.5311881225	1804.1585438037616	1542.694940709078	1.05454	29.0354	0.042638656914615	0.0269313402444549	0.0372029874	0.0347370766	0.0802451817	0.010864256	-0.0362283657	-0.0405619284	0.0362418274	0.033401805	0.0273279466	-0.0698553953	0.0849527067	-0.040250165	-0.0281477334	-0.0498415894	0.0237615922	-0.0084390397	-0.0307159197	-0.0610294179	-0.0453026531	0.025268012	-0.0328279727	0.0265536778	0.0491601852	-0.0091731851	-0.0843365383	-0.0384580224	-0.0948917964	0.006157021	-0.0113098817	-0.020277513	0.0007854087	0.0550789182	0.0528370813	0.0004313921	-0.0112995569	-0.0343207647	-0.0282698237	0.041184927	0.0788096672	-0.0494695289	0.0842513851	-0.0047486047	0.0904974408	0.0395134105	-0.0277213424	-0.0085334016	0.0931886145	-0.009319165	-0.0249481831	-0.081194611	-0.0993049351	-0.0543774656	0.0176179158	0.0713557814	0.0548547937	-0.0216483949	0.0659801045	-0.0368620243	0.1716455317	-0.0324601991	-0.0263332125	-0.0132764992	-0.0222134158	0.09338554	-0.0223639717	0.0203223835	-0.0205638276	-0.0038424881	-0.0482315949	-0.0542170549	0.071043263	0.0257026326	0.0088723869	0.0511353121	0.0070685487	-0.0009062161	0.0388046321	-0.0303535618	-0.0371472867	-0.0688231495	-0.0719368872	0.0851777445	-0.0278111845	0.0263460031	0.0295284339	-0.0440012421	-0.0820723448	0.0081734724	-0.035379598	-0.0888025971	-0.0363713164	0.0419505014	0.0287711697	0.0015771581	-0.0430328981	0.003250396	-0.003084458	-0.0088945047	-0.0155216632	-0.025866404	0.0077736327	-0.0950753252	-0.0298028566	-0.019372818	0.0312773152	0.0014621193	-0.0307292245	-0.0515019127	0.0005070373	0.0182108596	-0.0062087682	0.053785594	0.0898087712	0.0966898389	-0.018840305	0.0444675139	-0.020742292	0.0690757018	-0.045996026	-0.0002163957	-0.0506898395	0.0367835991	0.0505112504	0.0470075069	0.0323273646	-0.0165310606	0.0675752782	0.0120256892	-0.0403365135	-0.0462952394	-0.0279121954	0.0281949342	-0.0024887893	0.055543913	-0.1257656274	0.0466799501	0.019815852	0.0290309138	0.1219859377	0.0117673333	0.0345553006	-0.0148375814	0.0127825306	0.0132874552	0.0587341351	0.0349121525	0.0382035193	0.028945051	0.0321919078	0.0806309634	0.0395690171	0.0680610957	0.0638007377	-0.0482369631	-0.0045526489	0.0826948567	0.0274251318	0.0972772668	0.0755625749	0.0218347604	0.030122637	-0.0314776269	-0.0511218	0.0091437365	0.0053286846	-0.0254509867	-0.0184021965	-0.008959769	-0.0796832699	0.0264477464	0.0738788195	-0.0426618292	-0.0645158866	0.0568210419	0.0520454508	0.0114990067566225	-4.392637190159948e-05	1.9295261484376284e-09	0.0001322271563888	0.0461874279244938	0.0078236857675903	0.0021332784982803	6.121005898999655e-05	0.2618789236291832	-0.0235691013033942	0.0005555025362496	0.0685805706411795	-6.231275046562559e-05	0.0001155320658302	3.882878870591322e-09	1.3347658235010856e-08	0.000623518375088	2.147287704740001e-05	3.887751640723799e-07	4.6108444869275814e-10	-0.0006009806709652	-8.703392655690003e-05	7.574904371911869e-09	3.611777668737821e-07	0.0	0.0
1611.9921264639097	-0.3501796225282305	0.122625768034014	2598518.6157816374	2227.147979599478	-14.1210732224813	4960188.123034036	199.4047089546784	1714.652557040128	0.7402106267757063	0.547911771991684	2940033.3913642494	1804.2771594342023	1545.4671406355824	0.9788150000000002	26.950399	0.0621494392600757	0.0313698056113463	-0.0221705911	0.0076652487	-0.04911638	-0.02730369	0.0624916064	0.0700125057	-0.0066030642	-0.0280314323	-0.0978277559	-0.0183478388	0.022301809	-0.0323629347	-0.0214598404	0.0217664363	-0.0947143747	0.0235089158	-0.0183357921	0.0325969969	0.0298744184	-0.0071399522	0.0149249159	-0.0594956017	0.0239813042	0.0702848481	-0.0305472117	-0.0211173086	-0.0412557188	0.0223773728	-0.0205095779	-0.0357970118	-0.028142072	-0.005360617	0.037538161	-0.005058994	-0.1753517501	0.025734926	0.0313664845	0.0459825092	0.0224097232	-0.0247447749	-0.0121922333	-0.0394056963	-0.0109614407	-0.0517696743	-0.0009590935	0.0444321668	-0.0863935181	0.0011734854	-0.1288234894	0.0286817774	0.0557092622	0.0100902289	0.1031884103	-0.0826699776	-0.0231549855	-0.0262827909	-0.0406302394	-0.0079719114	-0.0643402551	-0.0445547809	-0.0668518357	-0.0456713267	0.0262467562	-0.0102334236	-0.0677319055	0.0037273732	-0.0495512637	-0.0678176912	-0.0430167498	0.0643178294	-0.0292059606	-0.0218543525	-0.0428621147	0.0532162608	0.0317427055	0.0534324008	-0.0117268507	-0.0080249937	-0.0422996414	0.0609191917	-0.1685769632	-0.0117915068	0.0527596213	-0.0384976233	-0.0500739563	0.0218116721	-0.033111866	0.0027886476	-0.0475045515	-0.00366588	-0.028449524	0.0485956622	-0.017260516	0.0017380233	-0.0101561377	-0.0529102545	-0.0005501272	0.057211921	0.02379821	0.022916425	0.011802426	-0.0027468951	-0.018143861	-0.0380022208	0.0752311263	0.0191801666	0.0211200347	-0.0678434831	-0.0081595965	-0.0019409135	-0.1404323683	-0.0807889548	-0.0260066743	-0.0479347271	0.0101100016	0.0280509711	-0.0667091118	0.0347495445	0.0019710955	-0.0245260648	0.0604540226	-0.0058005467	-0.0759472688	0.1329741858	-0.0822702708	0.0628404961	-0.0018253533	-0.1149657434	0.0483459241	-0.0126552868	-0.067499807	-0.0382225966	0.066355394	-0.0588104939	0.0433701348	-0.0266142789	0.0542269176	-0.0300619275	-0.0118473095	-0.0640624965	-0.0467736172	0.0647292673	-0.0287726605	0.0097735243	-0.0429749007	0.0148715109	0.0125828587	0.0190864479	-0.1173696485	-0.0101843996	0.0674161301	0.0449319811	0.0237834118	-0.0219765219	-0.0078201451	0.0733886916	0.0402959228	0.0135241124	-0.0107060644	-0.0007296231	0.0709060402	0.024694754	0.0315826722	-0.0045144843	0.0299410603	-0.0950170083	-0.0161488157	-0.0098091318	-0.0792927819	0.0288611001	0.0723582192	-0.0462468756	-0.0612463124	0.0609627523	0.0465985677	0.0063071625730373	-0.0051918441835852	2.6955246026627475e-05	3.978029972272249e-05	0.0333837303884507	-0.012803697536043	0.0011144734546487	0.0001639346705944	0.2825440504774619	0.0206651268482787	0.0004270474676554	0.0798311404602105	-0.0003667894152157	-0.00030447666475	1.3453447511427518e-07	9.27060393773292e-08	0.000581132588399	-4.2385786689e-05	3.377150852993216e-07	1.7965549132454095e-09	-0.0007238936333695	-0.0001229129624043	1.5107596327000867e-08	5.240219924328961e-07	0.0	0.0
1609.2631332109468	-2.728993252962937	7.447404174717231	2589727.8319119136	2236.608518865611	9.46053926613331	5002417.666662223	89.50180320605018	1711.7930355557528	-2.8595214843751364	8.176863119602984	2930235.396577179	1803.3823896053268	1558.3681450123024	0.984034	27.094095	0.0614320250168474	0.0260795002838176	0.0823535097	0.058975651	0.0210862875	0.0413670139	0.050889472	0.0417534846	-0.0619652764	-0.0281200329	0.0432665121	-0.032162667	0.0078455103	-0.0801133162	0.0487430053	-0.0098735195	0.0153891508	0.0699233625	-0.0722802341	-0.0557870005	0.0113941563	0.0062171949	-0.0119788978	0.040828884	0.0617003417	-0.0270899046	-0.0315510574	-0.057932863	0.0541687569	0.0160204395	-0.0380889253	-0.0455542595	0.0448845813	0.0958471112	0.0144264109	-0.0675486211	-0.0602109643	0.0065595646	0.0554416465	0.0550654684	0.006245549	0.0562979906	0.080422685	0.000443045	0.0701016491	-0.0492127831	0.0125288956	0.0546164714	-0.0128014333	0.0052015389	0.0059116317	0.0247698851	0.0251529434	-0.0336827606	-0.0761663456	0.0670493905	-0.0218415027	-0.0710598107	-0.0084142874	0.0829420657	-0.0726229163	-0.0626299277	0.0073787309	-0.0412483499	0.0658599505	0.0295056876	-0.1767430902	-0.0167912471	-0.0867822525	0.018460349	-0.0428002132	0.0182095807	0.0577793281	-0.0641508558	0.0157123465	-0.0408001112	0.0571532252	-0.0707884601	-0.0144689647	0.0017777789	0.0516624149	-0.0316604914	-0.0298900472	0.041425052	0.0212474901	0.0263937847	0.0266726364	-0.0749082042	-0.0033434804	-0.0938941152	-0.0571786579	-0.0561787397	0.0039453497	-0.0039002905	-0.0056060651	0.0052842169	-0.0431494145	0.0221262743	0.0148085698	-0.0246537464	0.0639975138	0.1121867406	0.0045647476	-0.0162846132	-0.0357824468	-0.0067583001	0.0579116624	-0.0402538485	-0.0807309897	-0.1215013687	-0.0826917504	-0.0163847227	-0.0346820038	-0.0163814516	0.0569481147	-0.0381286256	-0.0222845943	-0.0240029194	0.0597484631	-0.0768829421	-0.037807117	-0.0739765874	-0.0270911055	-0.016527547	0.0319849569	0.0111799135	-0.0583186622	-0.0270453676	0.0987249647	-0.099081986	-0.0529617726	0.041749342	0.0129025832	-0.0211176338	-0.0655955881	0.020193572	-0.0442045675	-0.0075168464	0.0361764589	-0.0076745848	0.0361261379	0.0136134831	0.0372799155	-0.035896991	0.0008636842	0.0593999243	-0.0753452766	-0.0394903944	-0.0114864806	0.0155521495	0.0556692265	0.033000552	0.0212840375	0.026728649	0.0523775523	-0.0068716816	0.0308248814	0.0713580675	0.0760743002	0.088694295	0.0341858721	-0.0255504264	0.0003782559	0.0657912015	0.032721862	-0.0179152239	-0.0395425085	-0.0242029322	-0.0484857582	-0.010657419	-0.0788675135	0.0312459714	0.0707106781	-0.0497051625	-0.0577350269	0.064777029	0.040824829	0.0115909386313717	0.0052837760583344	2.791828943462781e-05	0.0001343498583562	0.0490770673838909	0.0156933369954401	0.0024085585430029	0.0002462808260524	0.292758496585968	0.010214446108506	0.0001043349093035	0.0857075373232762	-6.07819268466638e-05	0.000306007488369	3.6944426311931905e-09	9.364058293792583e-08	0.0007430180071998	0.0001618854188008	5.52075759023162e-07	2.620688882031041e-08	-0.000586977223448	0.0001369164099215	1.8746103305792226e-08	3.445422608467234e-07	0.0	0.0
1608.8909040935016	-0.3722291174451584	0.1385545158740015	2588529.941274805	2233.9689738868065	-2.639544978804679	4990617.376288871	6.9671976951329935	1718.4164009232954	6.623365367542647	43.86896879196334	2952954.926962172	1809.0595116980007	1520.7971076965332	1.043254	28.724655	0.0581228303876335	0.0329682017025694	-0.052888723	0.1096973879	-0.0300216968	-0.0222276139	-0.008727429	-0.0370743403	0.0231242888	-0.0128715819	-0.0697158845	-0.0287596899	0.1005697435	0.0367744724	-0.0154029491	0.03944791	0.0346614305	0.01274226	-0.0213998101	-0.0122204212	-0.0574568069	-0.013115833	-0.0044171265	-0.0575661945	0.0211806335	0.0839076545	0.053080899	0.0558141013	0.0082835859	-0.0370298696	0.0182429611	0.0443775485	-0.0023429166	0.0645643574	-0.0184344238	-0.0102126461	0.0416178362	-0.0242274078	-0.0093453506	0.120500422	-0.111246103	-0.0091319792	0.0084873335	0.0219605668	0.0607117947	0.0975140893	0.1791564801	-0.0033855151	-0.0763830831	-0.0767535354	-0.0172539449	0.0281183773	0.0105295044	0.0100517931	-0.0589951645	0.0521772714	0.1058160838	0.0033035923	-0.0524469175	0.0940225732	-0.0077964309	0.0045359788	0.0398366906	0.101926296	0.028072205	0.0131485914	-0.0184288472	-0.0394998059	0.0440499907	0.0395719149	0.0097572579	0.0191968477	0.0397363475	-0.0085940395	0.0239609586	0.0091833709	-0.0265451821	0.0033130943	0.1140286452	0.079383514	0.0358497771	0.0127548377	0.0277213188	-0.0571744451	-0.0290208956	-0.0604794511	-0.0802054042	0.0221769558	-0.0649328636	-0.0293681459	0.0678499517	-0.0680732852	0.0007715585	-0.1057114976	0.0156446554	-0.0035970412	0.0421336016	0.0515036625	-0.0385417561	-0.0276489943	-0.0007345336	0.0164781927	-0.0239501676	0.0108354951	0.0490130002	-0.0015891394	-0.0410522893	-0.0121970248	-0.0352529663	0.0247838165	-0.0641046971	-0.0091974451	-0.0406946126	-0.0306226206	0.0429137704	0.0281455362	0.0092475854	0.0121584405	-0.0405107109	0.0640312902	-0.0075651431	-0.0930148406	0.054496972	0.006285486	0.0925733594	0.0494310271	-0.0135821199	0.0696300556	-0.0198342351	0.0919672775	0.0338673383	0.0846414831	0.0660672612	0.0424089835	0.0304569785	0.1029891091	0.0187775052	0.1002464634	-0.0229181659	-0.0602778824	-0.1340356542	-0.0333376395	-0.0616517008	0.0538009151	0.0304299049	0.0647794363	0.0569991353	0.039194302	-0.0498765095	0.0209442804	-0.0010663322	-0.0387500902	0.0645043422	0.047603658	0.0128027305	-0.0491513876	-0.0103031187	0.0057538799	0.0950634768	0.0469107878	0.0147559962	-0.0087011876	-0.0443047063	0.0523914575	-0.0152998109	-0.0140393246	0.1043047733	-0.0644412284	-0.1104897265	-0.0115045374	-0.0784076511	0.0336000067	0.0689390864	-0.0530272111	-0.0539958877	0.0682433853	0.0347647336	0.0120020039879733	0.0004110653566015	1.6897472739800006e-07	0.0001440480997273	0.0465191310899513	-0.0025579362939395	0.002164029557364	6.543038083853448e-06	0.2862370799984788	-0.0065214165874891	4.25288743075789e-05	0.0819316659660555	0.0001152383312227	0.0001760202580693	1.3279872982992713e-08	3.0983131250805436e-08	0.0004404378067195	-0.0003025802004803	1.939854615878837e-07	9.155477772269854e-08	-0.0010810250078904	-0.0004940477844423	2.44083213312444e-07	1.1686150676844393e-06	0.0	0.0
1612.3567790951677	3.4658750016660638	12.012289527173737	2599694.383094143	2241.636359655269	7.667385768462736	5024933.568928528	58.7888045224249	1716.8481589577416	-1.5682419655538524	2.4593828625242105	2947567.600916587	1805.9496145851776	1523.3808956029795	1.012664	27.88238	0.0453816823134974	0.0358357832664135	0.0446301877	-0.0141872617	0.0147632427	-0.0672931632	-0.1123373802	0.0034641562	-0.0414290854	-0.0201532152	0.0248563063	-0.075011022	0.0221896473	0.0503177729	-0.0019007624	-0.0556219952	-0.0612110081	0.0096618475	-0.0165621692	-0.0112981692	0.0522723741	-0.0103076007	-0.0438432467	-0.0435415515	-0.0140234986	-0.0538355001	0.0589052183	-0.051567696	-0.0541585201	-0.0092493587	0.0132061219	0.0446759785	0.0152255311	0.0252493526	0.0192174138	0.089263032	-0.0406508963	-0.0135098779	0.0375383298	-0.0009456954	0.0536169215	-0.0807938051	-0.0606904861	-0.0717876525	0.0569675812	0.077593363	0.0895813967	0.0848527204	0.0440105249	-0.0218248663	0.0649834322	0.0484727299	-0.0048052211	0.0385002099	0.0390431654	0.0307068657	0.0914034672	-0.0263339566	0.0466615536	-0.037992232	-0.0171421629	0.0101171691	-0.1072161724	-0.029909864	-0.0238113081	-0.0060192006	0.0050739001	-0.0334746812	-0.0039377458	-0.1353933317	-0.0025683316	-0.0426441842	-0.0633864912	-0.084795442	0.0092358135	0.0071027663	-0.0089291786	0.0143023736	0.0066366384	0.007801995	-0.0698797256	-0.0285906264	-0.1055536359	0.0371511787	-0.086800908	-0.0626885975	0.0472348347	-0.0502141469	-0.0332728074	0.0711101501	0.0198653382	0.0118631632	0.0056451888	0.028964681	-0.0490987149	0.0397974998	-0.0012773904	-0.0033207895	-0.001616069	0.0021149379	-0.0608822647	-0.0813524823	-0.0385037948	-0.075699523	0.0530920737	-0.0228854126	-0.0226980648	-0.0232073509	-0.0462699497	0.0468294837	0.0301376371	-0.0069824205	-0.0889501565	-0.1051623003	0.1073351143	0.0598141526	0.0396745037	-0.0137879512	0.0156144418	0.0529695491	-0.0236619426	-0.038416129	0.0826469795	-0.0141714793	-0.0528148953	-0.0215317166	0.0063859438	0.1047590518	0.0418837162	0.0029818803	-0.1046198224	0.0656618807	-0.0538521571	0.0504410972	0.077947916	-0.00895791	0.0652977378	-0.0220681945	0.0068858562	0.0531699502	-0.0196407544	0.0346110751	0.0740864385	-0.0556121002	0.0353914669	0.005026617	0.0340236685	0.0012794782	0.1027803316	0.0049861304	-0.0189747547	0.0567752341	-0.0278681256	0.055076851	-0.0007458591	0.0100813847	0.0413551336	0.019856433	0.0996446473	0.0260108115	-0.0091619585	-0.0221543515	-0.0018686123	0.0154478007	-0.006126744	-0.035510144	-0.0046780109	-0.0165339768	-0.0664909911	-0.0123503943	-0.0779133966	0.0359208828	0.0670465522	-0.0562039158	-0.0500436514	0.0713432033	0.0284607885	0.0116950106692144	-0.0003069933187588	9.42448977626034e-08	0.000136773274553	0.0441518086897474	-0.0023673224002039	0.001949382210576	5.604215346507168e-06	0.2836889756539023	-0.0025481043445765	6.492835750849785e-06	0.0804794349075603	6.760810338283732e-05	-4.763022783986268e-05	4.570855643024419e-09	2.2686386040772296e-09	0.0005259859663717	8.554815965219995e-05	2.766612368199711e-07	7.318487619878291e-09	-0.0004110181503833	0.0006700068575071	4.489091891065393e-07	1.6893591994450904e-07	0.0	0.0
1615.0582378122497	2.701458717082005	7.297879200098352	2608413.111525209	2226.856476788029	-14.779882867240303	4958889.768212793	218.44493756934344	1716.7387735262785	-0.1093854314631244	0.0119651726163738	2947192.016528511	1802.8994623027509	1527.3030870318848	1.035208	28.503109	0.1282004093188281	0.0654288848096165	-0.0837686406	-0.0113220672	-0.0064346169	0.0201737275	0.0161759726	0.0225872034	-0.063444581	0.0378296237	-0.0587994459	0.0249761468	-0.0560837626	0.0545933618	0.0245710431	-0.0239437526	-0.1081230146	0.0561787251	-0.0566918698	0.03015395	-0.0124114999	0.0003757243	0.0725111869	0.0760796371	-0.0503770848	0.0635737473	-0.0971857222	-0.0030377535	0.0225168916	-0.0440223708	0.0266347201	0.02627178	-0.0214825311	0.1010796027	-0.0577547004	-0.0161984678	-0.0101406299	-4.85674e-05	-0.0369963468	-0.0508049481	-0.0571773794	0.0570235245	0.0549227368	0.0439334552	0.0213475696	-0.1171726983	-0.0244053552	-0.0454132993	-0.0477544801	0.0646334083	-0.0127034218	-0.0325025088	0.0007645677	-0.0142423243	0.0920037491	0.0320589748	0.0100046654	-0.0807357106	0.0328318836	-0.010158723	-0.0435921684	-0.0155144247	-0.051056664	0.0557576394	-0.0757449698	-0.0594076985	0.0464786516	0.0356992433	0.0043402299	0.0288490285	0.0390852702	-0.0047382854	0.0204645459	0.0096583307	-0.0594609287	-0.0192030801	-0.0570032452	-0.0282156001	-0.0324925732	0.0219041209	0.0193854445	-0.0122455733	-0.0301330944	-0.0056114424	-0.010017362	0.0219024025	-0.0452855199	0.0863934454	0.0165078154	0.0254341879	-0.0800851933	0.0329121152	0.0516812762	0.0262774305	-0.060534346	0.0536916872	0.0060818356	0.0623638335	0.0184869228	0.0123927963	0.0327107702	0.0848541462	-0.014730477	-0.0553031339	-0.0002040081	0.11619173	0.0117856967	0.0145289382	-0.0171740725	0.0136309221	0.014514082	0.016814653	0.0296122662	-0.0721504231	-0.0163910621	-0.0446618918	-0.0477093218	-0.0330861429	-0.0310387348	-0.1195265581	-0.0313631855	0.0114623367	-0.0591480246	-0.0017900672	-0.0050325389	0.0059368179	0.0551722997	0.0035013651	-0.0224434004	-0.0035093341	0.0272910709	-0.0605547144	-0.0198341322	0.0209460756	-0.0016293922	-0.0035611272	-0.0164416946	-0.0052540911	0.012885193	0.0081171162	-0.0979234	0.0316146506	-0.0078133457	-0.06544939	0.0383697196	-0.0291730045	-0.0383013017	0.0334813647	-0.062622017	-0.0416195092	-0.0468490788	0.0265281409	0.0324094218	-0.0154737469	-0.0264182719	-0.0131250657	0.0107555111	-0.0499062471	0.1023836657	-0.0438250431	0.029509497	0.0192596107	-0.0329710421	0.117243364	0.0621617149	-0.0656334818	-0.0239425188	0.0382103276	0.0459001421	-0.0131948967	-0.0773849666	0.0382063093	0.0650363955	-0.0592265694	-0.0458939156	0.0740598336	0.0219572114	0.0116541829501954	-4.082771901899908e-05	1.666902640294339e-09	0.0001358199802366	0.0138762044692697	-0.0302756042204776	0.0001925490504729	0.000916612210915	0.3183561017044169	0.0346671260505146	0.0012018096286022	0.101350607492433	-0.000628717046706	-0.0006963251500888	3.952851248187145e-07	4.848687146462417e-07	0.0007267447965613	0.0002007588301896	5.281579993289253e-07	4.0304107899096654e-08	-0.0007782711966812	-0.0003672530462978	1.3487480001508741e-07	6.05706055583587e-07	0.0	0.0
1613.7261146356147	-1.3321231766349229	1.774552157727918	2604111.973056957	2236.964623694997	10.10814690696816	5004010.7276629	102.17463389284995	1714.0194678844105	-2.7193056418680044	7.39462317389516	2937862.736286757	1802.9192287599965	1550.7405157776252	1.063638	29.2859	0.0849283576950521	0.0429554993833374	0.0789936043	0.014030818	-0.06915354	0.0152367546	-0.0801996165	-0.0351744903	-0.0308872166	-0.0564658035	0.0519965201	-4.01027e-05	0.0185330165	0.1213604463	0.105536695	-0.0117009182	0.0274424108	-0.0314867858	-0.0133789677	0.009532661	0.0086575855	-0.0676435465	-0.0555489479	-0.0050315783	0.0452418453	0.0038277023	0.123338921	-0.0248242528	0.0428581309	0.0784486511	-0.07045715	-0.0620024042	-0.0826786218	-0.039336928	-0.0034604651	0.0588540278	-0.0804057216	-0.0104343233	0.0327692837	0.0810138492	-0.026964654	0.0389616597	0.0727785586	-0.1023619992	0.0593177989	0.0089234851	0.0308627789	0.0017518294	0.0024678445	0.061189546	0.1176134012	-0.0602241321	0.0159005856	0.0251176153	-0.0329971765	-0.0323779439	-0.0463149091	-0.0212752916	0.0289188847	0.0105960737	-0.0173548788	-0.0831633568	0.042448214	-0.0311337088	-0.0228099451	0.0906023575	-0.0181373156	-0.0396137618	0.0184208438	0.1464954762	0.0149094742	0.084432975	-0.054077396	0.0243293577	-0.006929797	-0.0826893492	0.0285052023	0.094146403	-0.0477792305	-0.0270940036	-0.1263794824	-0.0708368923	0.0475122013	0.0673234657	0.065649369	-0.0430154907	-0.0263300182	-0.0992315937	0.0312346213	0.0122727847	0.0895533926	0.0701169817	0.0942984615	-0.0098359416	0.0058397983	-0.0528216941	0.0548807728	0.0391846343	0.0371424351	0.0920111107	0.0139676071	0.0632245493	0.1314749112	0.0174009817	-0.0402424407	0.0022963879	-0.0367557228	-0.0244555794	-0.0401494604	-0.0514939387	-0.0251752658	-0.1114444719	-0.0336429994	-0.030025871	-0.0040203434	0.0238555875	-0.0109695765	-0.0196986747	0.0270728361	-0.015349297	-0.102514056	-0.0815723785	0.0578693361	0.0059698622	0.0032370461	0.0187674933	0.0290224063	-0.0086351209	0.0143068661	-0.0826703054	0.0450974268	-0.006610155	0.0219015476	0.0666009034	-0.0095454781	0.0339499752	-0.0224160552	-0.0609015762	0.1184131899	0.0191188052	-0.0845132368	0.0306868527	0.0625712266	0.0532331121	0.1438394977	0.054789811	-0.0180236672	-0.0186185633	0.0590018355	-0.0141289037	0.0576494887	-0.0662400965	-0.0292736333	0.0454463305	-0.017266726	0.1131515049	-0.0149454835	0.0001903641	-0.0304988551	-0.0070057588	-0.0548276572	0.0392097723	0.0035932832	0.0481451756	-0.0700461631	0.0316240167	0.0049808481	0.0512637808	-0.077701571	-0.0140379523	-0.0768225931	0.0404540309	0.0629121428	-0.0620868871	-0.0415630576	0.0763786853	0.0152996203	0.011696796037441	4.2613087245600006e-05	1.815875204601118e-09	0.0001368150375414	0.0348349259358258	0.0209587214665561	0.0012134720649544	0.0004392680055126	0.2978084566998191	-0.0205476450045978	0.0004222057152349	0.088689876881928	-8.82230369535482e-05	0.0005404940097524	7.783304249307132e-09	2.921337745782834e-07	0.0008950279912145	0.0001682831946532	8.010751050574631e-07	2.83192336026868e-08	-0.0006194608383538	0.0001588103583273	2.522072991207718e-08	3.837317302539927e-07	0.0	0.0
1613.6201163576711	-0.1059982779436268	0.0112356349270143	2603769.879914144	2234.2789292955613	-2.6856943994357607	4992002.33389412	7.212954407160612	1714.5374587180395	0.5179908336290282	0.2683145037236956	2939638.697347313	1799.302007486057	1509.0243127284905	1.11826	30.789835	0.0693729111800017	0.0304802214907444	-0.1093999542	0.0113162334	0.0595361215	0.0190279535	-0.0729605801	0.0182534198	0.019446098	0.0841284807	0.0183832677	0.0520994161	0.0588223517	0.0790350918	0.0027968425	0.0594309205	-0.0535062826	0.0140830438	-0.0389438154	0.0110433629	0.0373943157	0.0721427238	0.0040847433	0.048855215	0.0388562844	-0.0053445454	-0.0970694864	0.0507203318	-0.0523354359	0.0289233124	-0.0321473986	-0.0081622144	-0.0599250443	0.0073229064	-0.1187313795	-0.0491028107	0.0161921432	0.1112268824	-0.0035728238	0.0374771873	-0.02548964	-0.0616348671	-0.0123814025	-0.1108207254	0.0157127928	0.0017328795	0.0322687764	0.115549168	-0.113698744	-0.032461475	-0.1201541441	-0.0468149646	0.0353186643	-0.0903640863	-0.0904136675	-0.0505719406	0.0321147757	0.0729972502	0.0962973431	0.0933138762	-0.0568515048	-0.008729596	-0.0462199683	0.0119585665	-0.0361051498	-0.0789340314	0.0039651839	0.0756785215	0.0255147816	-0.0508690125	0.0166143143	-0.0338227823	0.0127424165	0.0977973384	0.0564942776	-0.0356286003	0.0880622461	-0.047281725	0.061251996	0.0502899822	-0.091384899	-0.0227908543	0.0325999849	-0.0107534203	0.0178364735	0.0863657343	-0.0652137844	0.0070198623	-0.0599673869	0.0994636156	0.0371839262	0.0584087088	0.0259281386	0.0277097317	0.009469176	-0.0444257094	-0.0437235008	0.0995746576	0.022432414	-0.0700402114	0.0352131299	0.0036615434	0.0320551039	0.0561170949	0.0470441163	-0.0493541113	0.0493664634	0.0293315065	-0.0924365904	0.0088265888	0.0506515735	0.0980666793	0.0045614826	0.0305672349	-0.1661230091	-0.0144248106	0.0479731349	0.0424341245	-0.0292071496	0.0161800423	0.0429299501	-0.1111893747	0.0043928641	0.011237365	0.0264982123	0.0683877577	0.0533923435	-0.0911269166	0.0688605156	0.0866434139	0.1405946265	0.002902914	0.0006179457	0.0093005937	0.0030862123	0.0084019862	0.0230809894	0.0238800288	-0.0939708826	0.0218870696	0.1175154916	0.0083963707	-0.0383000053	-0.0690050877	0.0173021054	-0.0019772327	0.077277913	0.0071042525	-0.0088752187	-0.1375009557	0.0275681718	0.0603361138	-0.033861112	0.0773238212	0.033191658	0.1492922535	0.0206085875	-0.0298439887	-0.1397829165	0.0339851755	-0.0626217604	-0.0694353538	0.0136447727	-0.0102904755	-0.1282277196	0.0640029008	-0.0321781421	0.0640055666	-0.0995739609	-0.0148794683	-0.0762265226	0.0426618292	0.0606775209	-0.064777029	-0.0370681691	0.0782873035	0.0085347133	0.0241020681580721	0.0124052721206311	0.0001538907763869	0.0005809096894963	0.0213701668830594	-0.0134647590527664	0.0004566840326098	0.000181299736349	0.3213347955968828	0.0235263388970637	0.0005534886218994	0.1032560508612904	-8.824912343935822e-05	-2.6086485810025706e-08	7.787907787815086e-09	6.805047419166725e-16	0.0006490344389302	-0.0002459935522843	4.2124570291743945e-07	6.051282776544864e-08	-0.0007729720217745	-0.0001535111834207	2.3565683435223805e-08	5.97485746446158e-07	0.0	0.0
1617.5178475024668	3.897731144795671	15.192308077110171	2616363.9869890134	2239.08712097989	4.808191684328904	5013511.135338013	23.11870727324962	1713.56203125	-0.97542746803947	0.9514587454058916	2936294.834941626	1804.0959812124684	1537.2860133877896	1.076526	29.640759	0.086991428574232	0.0373811507127749	0.0007014291	-0.0507445253	-0.0784505517	-0.0501398792	-0.0209876112	0.0859476229	0.1115073168	-0.0791501969	0.0204281134	0.0220498781	-0.0267725546	0.0732193279	-0.0737079896	0.0467464752	0.0042402259	-0.0245572592	-0.0709541479	0.0187351195	-0.0169491045	-0.0703207296	-0.117702289	0.0460213651	0.0202192898	0.0632361815	-0.0067361795	-0.0626268502	-0.0451110232	0.0263967174	-0.1539797686	0.0462439773	0.0524275687	-0.0324143731	0.0273777539	-0.0153829718	0.0465246778	0.020302429	0.0414255377	0.0019531366	-0.0789740009	-0.00113205	-0.0756707638	0.0011269909	-0.0040001416	0.0695161115	0.0095717088	-0.0721704732	0.0214652964	0.0270103695	0.0544731709	0.0241179996	-0.0147706494	-0.0040576214	-0.0086611603	-0.0428346122	-0.0817871496	0.0352062456	-0.029297285	0.062154969	0.0031839711	0.0941790879	0.0705824422	0.0062163877	0.0195723361	0.0642440151	0.0578777481	-0.118003994	-0.034613737	0.0590604158	-0.0162744376	0.0400545205	0.0561354563	-0.0288916417	-0.0244196088	0.058778762	0.0254020467	0.0530509938	0.0869213476	-0.0283011344	-0.0092114652	0.1840906534	0.0518788403	0.0447496537	-0.043859829	-0.0591628486	-0.0631937933	-0.0174219965	0.0283596374	0.0408921327	0.0221391689	0.0408406467	-0.082152659	0.0723914186	0.0592872374	-0.0245354345	-0.0535437002	-0.0434766276	-0.0395951575	-0.010700896	0.0486495692	0.050205198	-0.003507844	0.0550987876	-0.0351514406	-0.0403947275	-0.0145142736	-0.009512811	-0.0791617395	0.0107196767	-0.0532039898	-0.0627481309	-0.0589828304	0.0207641504	-0.0111266551	0.0563420597	0.012330224	-0.0135037419	0.0474424073	0.0295652481	-0.019554685	0.0278869611	-0.0047120754	0.0353429813	-0.0813158142	-0.0344390228	0.0209316806	0.0397789031	-0.0675617255	0.0413593877	-0.0141586579	-0.0453653368	0.0625700902	0.0495141352	-0.0100835512	0.0165090104	-0.0926716551	-0.0547060081	0.0164220961	0.0794650256	0.0793183564	-0.0087672263	-0.062491908	0.0303810938	9.97708e-05	-0.0190639658	0.0012256484	0.0141063356	0.096451071	-0.0263729332	-0.0790636388	-0.0886494351	0.0164756635	0.0206480254	-0.0274174672	-0.0859868113	-0.0613160002	-0.0052393107	-0.0121698292	0.0126814063	0.028361793	-0.0112431589	0.0328482641	0.0412349224	0.0161692479	0.0498712898	-0.0843145894	-0.0012936186	0.0431395723	-0.0157193527	-0.0755970167	0.0448275254	0.05833645	-0.0672896215	-0.0324269895	0.0797754371	0.0017099414	0.0204513074495196	-0.0036507607085525	1.3328053751110755e-05	0.0004182559763947	0.0148606315642609	-0.0065095353187985	0.0002208383704887	4.237405006668509e-05	0.2976945221570588	-0.023640273439824	0.0005588625283096	0.0886220285223196	-0.0005980162478064	-0.000509767124367	3.576234326404457e-07	2.5986252108544306e-07	0.0008953234396862	0.000246289000756	8.016040616515287e-07	6.065827189338901e-08	-0.0010807330787926	-0.0003077610570181	9.471686821689823e-08	1.1679839875965322e-06	0.0	0.0
1617.468269120722	-0.0495783817448227	0.0024580159364353	2616203.6016123844	2238.7007186273822	-0.3864023525079574	5011780.907582758	0.1493067780236837	1716.824122425426	3.262091175425894	10.64123883679149	2947485.067341834	1803.9942788330309	1550.703994853447	0.997839	27.474213	0.0652502832879233	0.0380567516544128	0.0285829203	-0.0475440978	0.0600015009	0.063610615	0.0102551778	0.0877707127	-0.0359136962	0.0183170519	0.0776235088	0.0271810874	-0.0147320123	-0.0035549893	0.0164026523	-0.0513103846	-0.0342008183	0.0701864424	0.0413864666	0.0701892385	0.0043261246	0.0323010226	-0.0302987316	-0.0132058768	-0.0139334334	-0.0537484073	-0.0083581025	-0.0100192033	0.0348003655	0.0311870376	-0.0084463392	0.0821672259	0.0318765	0.0276743134	-0.0137190607	0.1245172769	0.0449096302	-0.0104256229	-0.0282154634	0.0324030715	0.0870910346	0.0229243297	0.0239878962	0.0584961051	0.0603554774	0.045932391	-0.0597086061	0.0457318296	0.0782929637	0.0366619094	-0.0477819478	0.0298691337	0.0706104538	0.1399505493	0.002284884	0.0054866558	0.0191844933	0.1045750468	-0.0152881725	0.0305879072	0.1050705108	-0.0179766766	0.0480134064	0.0112509207	-0.002694875	-0.0528773148	0.0711230182	0.0434622516	-0.0606986313	-0.0670369182	0.0359078857	0.0431603132	-0.0014239417	0.0173472359	0.0512764566	-0.0160800411	-0.0465039408	-0.0850626427	-0.0960934583	0.0164012882	0.0046500331	0.0996537819	0.0142119161	-0.047878719	0.0584496222	0.0363548575	0.068137794	-0.0346918849	0.0383255311	0.0362925328	-0.0305453829	-0.0335081949	-0.0068302918	-0.0007847226	-0.0531887716	0.0749355618	0.0150514527	-0.0382490403	-0.0525010926	-0.0300418208	0.0185827694	-0.0328834757	-0.0715781561	0.015704368	0.0317189874	0.0063841911	-0.0315571759	0.0240746909	-0.0732792562	-0.0456305266	-0.0086955243	-0.0053260022	-0.0223307545	0.1231465913	0.056014711	0.0168122492	-0.0196883265	-0.0101322174	0.0659438429	0.045849061	-0.030725493	0.0899588599	0.0479884271	-0.017688312	0.1008794112	-0.0181571073	0.0277846159	0.008724968	0.0813138133	0.0142797063	0.0488933258	0.0274246283	-0.0568672425	0.0700877134	-0.0457031009	0.0396062176	-0.0160236109	-0.008602826	0.0141068822	-0.0142200448	-0.0340100157	-0.0552335686	-0.1209376104	-0.0420398132	0.0301266247	-0.0066626854	-0.0936779415	-0.0293314711	0.0124723751	-0.0953313403	0.0020051655	0.0723148001	-0.0408416219	-0.0139902518	0.0029463683	-0.0667990673	0.0191186457	0.0308964304	0.0313209861	0.0286548964	-0.0061277531	-0.0460189121	-0.0344375449	-0.0138468722	0.0456041779	0.0172720207	0.0233862088	0.0131629476	-0.0181891449	-0.0165575133	-0.0749343514	0.0469489822	0.0558930371	-0.0696177779	-0.0276578354	0.0808350932	-0.0051268245	0.0117764116171485	-0.0086748958323711	7.525381770248949e-05	0.0001386838705765	0.0223978925783967	0.0075372610141358	0.0005016655919533	5.681030359521146e-05	0.3320482138122003	0.0343536916551414	0.0011801761303365	0.1102560162958726	-0.0006416282954876	-4.361204768119997e-05	4.1168686957032293e-07	1.9020107029472598e-09	0.0008952670118009	-5.6427885300014246e-08	8.015030224189129e-07	3.1841062394315637e-15	-0.0008307128586336	0.0002500202201589	6.251011048835483e-08	6.900838534992076e-07	0.0	0.0
1614.9540603589355	-2.514208761786449	6.321245697843749	2608076.6170698125	2223.292202936694	-15.408515690688091	4943028.219639098	237.42235579018111	1717.8931111283737	1.0689887029477632	1.142736847029941	2951156.7412623228	1803.793552531962	1552.4556731246184	1.07885	29.704737	0.0373752740502624	0.0270068306250741	-0.0466179853	0.0571463473	-0.0509935321	0.0611714446	0.0090450884	-0.0402854373	-0.0405320226	0.0297622203	-0.057774545	0.0682759081	0.0179736636	-0.0018076542	0.0508639266	-0.0346400382	0.1098070284	0.0090402625	0.0612584492	0.0100535693	0.0288368494	0.03639178	0.060500304	0.0015088486	0.0471418541	0.1268478654	0.0986037967	0.0948670833	0.0419273664	-0.0086083734	0.2064679066	0.1100079387	0.0147773591	-0.1218970475	0.0506711323	-0.1446521595	-0.0984370579	0.0256748029	-0.018993156	-0.0044583281	0.063540966	-0.0004757463	-0.032663748	-0.0900743345	-0.1378721277	-0.0122301696	-0.1380248097	0.0546162203	-0.1477420472	-0.0583900793	-0.0162709557	-0.0367765497	0.0536238392	-0.0273893423	-0.0156756174	-0.0336939137	0.0011585696	-0.1362780512	-0.044126818	0.0725323561	0.056951233	-0.0310507923	0.0163687758	-0.1362755879	-0.0922428897	0.0127565901	0.0263662892	0.0127246249	0.1166264758	0.1211731399	0.0105024545	-0.0738576855	-0.0125668683	0.0612421225	-0.0076061833	-0.0120287034	-0.0994689911	-0.104976755	-0.0562576076	0.0344096938	0.1068071017	0.098589008	-0.0272263677	-0.0401685802	0.0906619917	0.0469136226	-0.0875918302	0.024590554	0.0248096311	-0.0920352627	0.0925343306	-0.0885203812	0.0968724342	-0.046636615	0.0394067684	0.1391699484	0.0823703703	-0.0027418789	-0.0294975774	0.096776347	-0.0725546819	-0.0351642955	0.0254609132	0.1000892471	0.02938793	-0.0480283899	0.059648976	-0.0687097118	0.1677802909	0.0611230195	0.0079546055	-0.0269397548	0.0606067239	0.0317675092	-0.0448362345	-0.072622395	0.0870893965	0.080228561	0.0124916817	-0.093202135	0.0611213872	-0.0197131077	-0.0417195287	0.0159630293	-0.1869658321	0.066101895	0.0606862512	-0.1224344317	-0.0017882626	-0.0446611149	-0.032517416	0.1070993335	-0.068817401	-0.1510418719	0.0587217253	0.0634291714	-0.0039947186	0.119490397	0.0596343131	0.1118308315	0.0077166247	0.0643262333	0.0936197385	-0.0541915144	-0.2372343183	0.0536866585	0.0002603511	0.0091075774	-0.0940149051	-0.0669196246	0.0200128439	-0.0795088064	0.0361686633	-0.0295892553	-0.0491020027	-0.0292004112	0.0205648173	-0.0685070232	0.035375209	0.1615871201	0.0998789451	0.0417731902	0.0210811828	0.1086928506	0.0570684334	0.0425301339	-0.0068341332	-0.0183357376	0.0358958399	-0.0173938582	-0.0742388174	0.0490241061	0.0533515689	-0.0717551168	-0.0227795284	0.0814605803	-0.0119276293	0.0117227459986679	-5.366561848059968e-05	2.879998606905282e-09	0.0001374227737492	0.0231677501181621	0.0007698575397653	0.0005367446455376	5.926806315336311e-07	0.3219693193518438	-0.0100788944603564	0.000101584113543	0.1036642426038895	-0.0001951650386492	0.0004464632568383	3.8089392310943734e-08	1.9932943970675108e-07	0.0008950731490986	-1.9386270230000845e-07	8.011559422372846e-07	3.7582747343061705e-14	-0.0007479128495411	8.280000909250003e-05	6.855841505718088e-09	5.593736305086881e-07	0.0	0.0
1613.146017640602	-1.8080427183335812	3.2690184713190864	2602240.074229733	2240.323108895477	17.030905958783023	5019047.632251096	290.0517577769111	1715.334049183239	-2.559061945134772	6.548798039036963	2942370.9002873665	1807.11499617075	1535.6513582353043	1.02978	28.353661	0.0771756958513609	0.0408501883422886	0.0452490223	0.0160911297	-0.0252462258	-0.0189370968	-0.1313484526	-0.0482953933	-0.0116603706	0.0048890307	0.0032898294	-0.0800065857	0.066120069	0.1008148992	0.0719386646	0.0039802944	0.0721414619	-0.0417347685	-0.0005817461	0.0708850052	-0.0005966094	0.01905694	0.0455442347	-0.0391270345	0.0839802671	-0.0389596814	0.0958921619	0.0456564126	0.0112836228	-0.046903182	0.0292064962	0.0719281917	-0.0060431719	-0.0906041402	-0.0475550698	-0.0450600247	0.0481533876	0.0122741445	0.0574723594	0.0566281402	0.0278085303	0.0257614647	0.0534080625	-0.0440222406	-0.056397618	0.0359633264	-0.0130470778	-0.0346558367	-0.0455990438	0.0146806164	0.0250277938	-0.1034355675	0.0213156229	-0.0595444395	0.1469017054	0.0157674881	0.0061525995	0.045107622	-0.0783823427	-0.030873808	-0.0018902248	0.0293220647	0.0682932417	0.0382015189	-0.0285332303	0.0266365731	-0.0095757778	0.0382101231	0.0564054538	0.0624904098	-0.0996964178	-0.0100962161	-0.0059673194	-0.0220681904	-0.0995788555	0.0194347211	-0.0459550848	0.019705789	-0.0270143867	-0.0005446959	0.1199641748	0.0676941956	0.0774039236	-0.0435824599	-0.0695116636	-0.0632875815	0.0030331196	-0.0663182294	-0.0600941349	0.0201961154	0.1165894777	0.0324742375	0.0292732256	-0.0288102564	0.1039362409	0.0634679974	0.0643622102	0.010939501	-0.0454349483	0.0022988537	0.0444786401	-0.0457406298	0.0432619443	-0.0095776149	0.0242138175	0.0169200333	-0.0436203325	-0.0249791351	0.0631533323	-0.0118956947	-0.0409196785	0.0670258865	-0.0087969592	0.0235956863	-0.0834022868	-0.0493658748	-0.0689247932	0.0209904603	0.0426086243	0.0493963376	-0.0184513262	0.0092798413	0.0252911848	0.0349829928	-0.071399221	0.0468431217	0.1201940897	0.0957895669	-0.0330906193	-0.068743776	-0.0219004257	0.0033749065	0.0391246744	0.0015346975	-0.0590945891	-0.0195006659	0.0101502035	0.0804942913	0.0245237212	-0.0687521163	-0.0068820006	-0.004882041	-0.0126468116	-0.0508320378	-0.0886565594	0.0535150331	0.0662120553	-0.0110804693	0.076869173	0.0040624986	0.0006997088	0.0017550479	-0.0629531984	0.008754405	-0.0977896836	0.0020199109	0.0184339718	-0.0864746123	0.0427111704	0.1573672548	0.0218535923	0.0609447449	0.0007216125	-0.069493494	-0.0396757925	0.072679845	0.0780640718	0.0188319119	-0.0393613135	-0.0182282956	-0.0735107199	0.0510508491	0.0507165039	-0.0736957799	-0.0178113211	0.0816485389	-0.0186447705	0.037761647923304	0.0260389019246361	0.0006780244134408	0.0014259420538835	0.0403841311924537	0.0172163810742916	0.0016308780521693	0.0002964037772952	0.2977467424462787	-0.0242225769055651	0.000586733231946	0.0886531226373706	-8.820418128383775e-05	0.0001069608573653	7.779977595952114e-09	1.1440625008333366e-08	0.0008950297978891	-4.3351209499985575e-08	8.010783391094032e-07	1.879327365111639e-15	-0.0006609603391786	8.695251036250004e-05	7.560739058340677e-09	4.368685699670899e-07	0.0	0.0
1612.010009931381	-1.1360077092208485	1.2905135154091998	2598576.272118971	2226.266071952512	-14.05703694296517	4956260.623126867	197.60028761588757	1715.193682750355	-0.1403664328838658	0.0197027354805408	2941889.3693467258	1798.4001426804844	1502.985623426053	1.02746	28.289766	0.0600590297417433	0.0326567710509204	-0.0776772243	-0.0028570727	0.0463619974	-0.0218241513	-0.076252927	0.0854264987	-0.0295102785	0.0836573294	-0.0143887772	0.0124026801	0.0106468815	-0.0155291635	0.056599599	0.0867686864	-0.0816375242	-0.0445897107	0.0325659467	0.0670260872	0.0614826821	0.0012622339	-0.0301431075	0.0145177875	0.052994428	-0.0001191151	-0.0303097669	0.1083684399	0.0034074888	-0.1182494115	0.0025733605	0.0488403101	-0.0274113302	0.0193863518	-0.048472888	0.0589903231	0.0205001285	0.0048767021	0.014282672	0.0474313574	-0.0232590987	-0.091809444	0.0211723869	0.0075592534	0.0048116243	0.0058608743	-0.0072645708	0.1662853513	0.0481139294	0.0225577681	0.0757119709	0.000744524	0.038489401	0.0159700992	0.0452117139	0.0048160108	-0.0252153454	0.040531908	-0.0701073675	-0.0641314924	0.057519553	0.0818459388	0.0724866647	-0.0002150669	0.028518534	0.0840885445	0.0509796648	0.1266430507	0.0287368028	0.0486604381	-0.0679564776	0.0132032359	-0.0390608505	-0.023037804	0.0358943558	0.1017676643	0.0114698221	0.0305297135	-0.0606409293	-0.0286939748	0.0329880538	-0.0472057562	-0.0391969863	0.0049168132	-0.0922857263	0.0888035468	-0.0370516019	0.0114750107	-0.0460659182	0.0255918233	0.0115452517	0.1376423498	0.0112464418	0.0192968338	-0.0595560216	0.0547196595	0.0304602943	-0.0026470131	-0.0190449927	-0.0507737012	-0.0458147096	-0.0051270649	0.0207143578	-0.0230822379	0.0154544153	0.0265995445	-0.0504220467	-0.0491912904	-0.0182957433	-0.0557070139	-0.0606119283	-0.0348000307	0.0439544974	0.0031382363	0.0285898075	0.0325700645	-0.1696331443	0.0079613414	-0.015251293	0.0632283269	0.04170017	-0.0540624728	0.1240980982	-0.0301214886	0.014254903	0.0087375911	-0.0310381577	0.0217963632	0.0621277421	0.0113553235	-0.0757063896	-0.020766084	-0.0975002958	-0.0004294034	0.0586909966	0.0462691007	0.0039827533	0.0409756794	0.014180247	-0.0705111867	0.0309256769	-0.002761329	-0.0326051643	-0.0616736912	-0.0466409198	0.0228471496	0.0215903397	-0.004226901	-0.0126464881	-0.0416439492	-0.074568484	0.0697942953	-0.0403355259	0.0132506957	-0.0680399187	-0.0034438764	-0.0187170886	-0.1611837427	0.0627809468	0.2194419464	0.0321358219	-0.0394373621	-0.013791043	-0.1735738932	-0.1204279254	0.0252913507	-0.0275336794	-0.0333955479	0.0257413396	-0.0190607341	-0.0727503781	0.0530272111	0.0479924649	-0.0754344479	-0.0127728206	0.0813979594	-0.0252311319	0.0149612327180221	-0.0228004152052819	0.0005198589335332	0.0002238384844428	0.0312445071200357	-0.009139624072418	0.0009762192251739	8.35327281851226e-05	0.310467569247649	0.0127208268013703	0.0001618194345104	0.0963901115545437	-0.0003816983251785	-0.0002934941438946	1.4569361144407192e-07	8.61388125004607e-08	0.0008951297096146	9.991172549993385e-08	8.012571970347181e-07	9.982352892374127e-15	-0.0006753295568119	-1.4369217633300024e-05	2.0647441539314034e-10	4.560700103037573e-07	0.0	0.0
1611.7083590139698	-0.3016509174112798	0.0909932759750667	2597603.834515504	2244.291425627978	18.025353675465794	5036844.003147261	324.91337512562825	1715.3667067649149	0.1730240145598145	0.0299373096143949	2942482.9386775093	1804.42176630094	1543.1210795438624	1.118839	30.805782	0.076003481634674	0.0333482718697095	0.043902415	0.0175549412	-0.0854112907	-0.0100926862	0.0162456487	0.0804391305	0.0620598157	-0.0815886722	0.0895544468	0.0643067084	-0.0645295889	0.0465549297	-0.0261356558	0.1807247789	0.0423375798	-0.0719755224	-0.0120257474	-0.0118077377	0.0396603376	-0.0374508005	0.0528020992	0.0419999506	0.045862521	0.0498094598	0.0730996183	0.0221409509	0.068341892	-0.0103333045	0.0161887046	-0.0624169805	-0.0697253117	0.042374357	0.0438022912	-0.0623076721	0.0133015478	0.0267984449	0.068273873	-0.0249220657	-0.0331274967	0.0130997473	-0.0124486639	-0.0388693318	0.0488880924	-0.044126463	-0.0765069615	0.0843071941	0.0231518668	-0.0015080571	0.0188782832	0.0890391934	0.0532170939	-0.0318372221	0.1555427313	-0.0159625137	0.0467356255	0.0269414819	-0.0847242597	-0.0301043912	-0.001830101	0.0312548827	-0.0551052147	0.0541123486	0.0871351774	0.0622643493	0.0455540202	0.0847226415	0.0607165044	0.0821899951	-0.0084129948	0.1520115889	-0.0284218074	0.038775817	-0.0714282825	0.0151716591	0.0807001681	-0.0534024654	0.0475576122	0.0363804827	-0.0040778578	0.0264077397	0.0292961507	0.0628836658	0.0631936544	-0.0245222415	-0.0683526375	-0.0545158317	0.0715272875	-0.0915794364	0.0376959647	0.0670222012	-0.0538981117	-0.041254064	-0.0335560329	-0.0208885982	0.0049318555	-0.0397988742	0.0495546968	0.0154583969	-0.0883545371	0.0532385495	0.0451825324	0.0675251331	-0.0567979615	0.1076353733	0.0365357856	-0.0159823709	-0.031063203	0.0064364079	-0.0539482282	-0.0146021286	0.0083863162	0.0499435031	-0.047510439	-0.0187918229	-0.0854549467	-0.0484793961	0.0932382228	0.0992542868	0.0115688131	-0.0158932147	0.0684455262	0.0174488583	0.0042009348	0.1767978441	-0.0460429451	-0.0885189734	0.0535202608	-0.0082702553	0.0460324382	-0.061746914	-0.0298023673	-0.0496358017	0.0970897771	0.0185244979	0.02565858	0.0416653798	-0.023835379	-0.0867484589	-0.0569090234	0.0028341578	-0.0367883767	-0.0671033244	-0.0296324673	0.0730227587	-0.075545477	-0.0577822248	-0.0005112666	-0.0368787561	-0.0247213574	-0.1034380835	-0.0066095986	0.0434194422	0.0423433455	-0.0467127249	-0.0242835639	-0.1889567047	-0.0098416493	0.2253392139	0.1279189921	-0.0071955187	-0.1023200643	-0.102920308	-0.0881336388	0.0570805958	-0.0381766366	0.0704232218	0.0137238975	-0.0198910824	-0.0719581255	0.0549512416	0.0451842308	-0.0769663555	-0.0076839116	0.0807101879	-0.0316405151	0.0248454369696702	0.0098842042516481	9.769749368829838e-05	0.0006172957382138	0.05477486222928	0.0235303551092442	0.0030002855322366	0.0005536776115671	0.3264692418993249	0.0160016726516759	0.0002560535276513	0.1065821659063199	-8.822128601128435e-05	0.0002934770391672	7.782995305484836e-09	8.612877251835541e-08	0.001010023893613	0.0001148941839984	1.020148265669165e-06	1.3200673516658222e-08	-0.0005519557875354	0.0001233737692765	1.5221086945491057e-08	3.046551913938237e-07	0.0	0.0
1617.1683815054848	5.460022491515019	29.81184560784988	2615233.5741410693	2244.3828401437254	0.0914145157476014	5037254.333131615	0.0083566136893684	1714.846777676669	-0.5199290882458172	0.2703262568041267	2940699.470908055	1800.2057106082905	1544.0481781639314	1.141753	31.436689	0.071415224597205	0.0364549241554363	0.0032699512	-0.0011597784	0.117004538	0.0088495243	-0.0546158527	-0.0240997304	0.1250520653	0.0710497654	0.0660206134	-0.0038851686	0.0656986545	0.0008883556	-0.0598589789	-0.0348780858	0.0688117582	-0.0157373174	-0.0063722723	-0.0014887415	-0.015569417	0.0875050948	-0.0520964778	0.0795066822	0.0537802068	-0.0320276851	-0.0219187891	0.0075382917	-0.082142282	0.0459583855	0.0185717662	-0.0820640472	0.0273289511	0.0534039439	0.0257364422	0.018424539	0.0027904587	0.1121102323	-0.0003871306	0.0012759085	-0.0128022389	0.03473316	0.0086651983	-0.0338291427	-0.0113236152	0.113815072	0.0340876917	0.059772142	-0.0250970668	0.0277272332	0.0681618129	0.0677846625	0.0707697585	-0.0218975726	-0.0441814421	-0.0301613101	0.0250306685	-0.0078078469	0.0804813023	0.0483721485	-0.101314136	0.0414060768	0.0704170288	0.1033661935	-0.0171511071	0.0429886253	0.0341116764	-0.0354841029	-0.0744707464	0.0064658206	-0.0228789112	0.0682931233	-0.0306337856	0.0552809853	-0.0989963755	-0.0600101423	-0.0167688814	0.0704300642	-0.0134669034	0.0012751038	-0.0068530263	-0.0513147509	-0.0492472479	0.0024866887	0.030962625	0.0820166356	0.028360946	-0.0381688857	-0.0593059035	0.0376797099	0.0413973122	-0.0537391157	-0.0162243804	0.0330399875	0.0488607131	-0.0313923387	-0.0953151087	-0.0270340852	0.0234338771	0.0451745133	-0.0158791731	0.0650041069	-0.0590735641	0.0791971679	0.0150510141	-0.042916232	-0.006785469	0.0125879374	-0.0212278917	-0.0216610487	0.0041038292	-0.0597053105	-0.0083410852	0.0588477842	-0.005470271	-0.0271893394	-0.0549068379	0.0278246969	-0.0430747173	-0.0533699261	0.0404511326	0.0141022259	0.0572165799	-0.0189596347	0.0177017539	0.0837347173	-0.0456606512	0.0700479039	-0.0348484022	-0.0299810816	-0.070050846	0.0311677544	0.05069497	0.0773033204	-0.078898189	0.0013997925	-0.048114258	0.0351807943	-0.0264919606	-0.0593609051	-0.131130704	0.1179346125	0.0178023923	0.0825203348	-0.0340322249	-0.0048632718	0.1052651835	-0.0128998175	0.0316615502	-0.0557733486	0.0674335917	0.0440114532	-0.025623182	0.0266283419	0.0720225046	-0.1118430459	-0.0121982427	-0.0237685445	0.0196527999	0.0444627962	0.0162431857	-0.0107218836	0.0559029312	0.0034450618	0.0533150684	-0.0275409793	0.0028576747	-0.0029761726	0.0134690136	-0.0207192494	-0.0711343098	0.0568210419	0.0422967282	-0.0782873035	-0.0025646777	0.0795889182	-0.0378279629	0.0117240521648511	-0.0131213848048191	0.0001721707391961	0.0001374533991641	0.0446218056612792	-0.0101530565680008	0.0019911055404729	0.000103084557673	0.3424007193007554	0.0159314774014304	0.0002538119721922	0.1172382525776746	-8.801623162949023e-05	2.0505438179412765e-07	7.746857030256075e-09	4.2047299492971866e-14	0.0008950477418556	-0.0001149761517574	8.011104602008088e-07	1.3219515472940692e-08	-0.0010809606978553	-0.0005290049103199	2.798461951425654e-07	1.168476030307817e-06	0.0	0.0
1619.1458253940148	1.9774438885299328	3.910284332284383	2621633.203890865	2234.764535672996	-9.618304470729528	4994172.529901741	92.5117808916556	1717.1875042169745	2.340726540305468	5.479000736490406	2948732.924638922	1804.7625296127133	1547.3262943179325	1.101518	30.328859	0.1265738039528439	0.0835697766865957	-0.0768760194	-0.0980240368	-0.0216108866	-0.0366497312	0.0512457056	0.006143072	-0.0240025774	0.0112371496	-0.0599969014	-0.0022935684	-0.1210948753	0.0268241732	-0.0206233703	0.012719506	-0.0142677757	0.083842352	-0.007076472	0.0436141361	0.0181024776	0.0130585496	0.0708634325	0.0607271297	-0.089166146	0.0285211042	-0.0569704704	-0.0244827856	0.0237952561	-0.0295640527	-0.0504942457	0.0822128448	0.0187589514	0.0174114371	0.0015885366	-0.0125459401	-0.0511846525	0.0206780601	-0.0410463121	-0.0214045502	-0.0267231984	0.0439634087	-0.0148222868	-0.0632278502	-0.0205891842	0.0432309908	-0.001197054	-0.1267487528	-0.0376665649	0.02601797	0.0542132539	-0.063409756	-0.0223078664	-0.0427522444	0.0825958055	-0.0655339923	0.0072249372	-0.0717382632	0.002914198	-0.05956064	-0.0552829668	0.0390435323	0.0721908037	0.0474458766	-0.0170067765	0.010014265	-0.0788685532	-0.0407235824	-0.0943922364	0.020443096	0.076209238	-0.0190312686	0.0456913277	-0.0330357708	0.0780356909	0.1051051311	0.1238808343	0.064013569	-0.0488895009	-0.0808982495	0.0333292895	0.0409301366	0.0299499625	0.0318904362	0.0649375348	-0.0014182035	0.0226864602	0.1005400656	0.0508079555	-0.0062068519	-0.0562016267	0.0049657155	0.0222257337	0.1218535543	-0.0214352098	0.0840505883	-0.0318439713	-0.0019318212	0.0576371054	0.0737121782	0.0635769133	0.1290437427	0.0417519573	0.0030376523	-0.0526159882	-0.0025839826	-0.0231805488	0.0100037439	0.0337416092	-0.0407937476	-0.0755125302	0.0160454409	-0.0661173084	0.0265738373	-0.0756320794	-0.0176758149	0.0524221174	-0.0402771162	-0.0197281737	0.082841051	-0.0613818	-0.0389853866	-0.0526269361	0.1187025416	-0.0150683097	0.0011843375	0.0098476148	0.0174387906	-0.1328955786	0.0784554902	-0.1011481603	-0.0134846795	0.0758620555	0.0733837298	-0.0169467072	-0.0489772742	0.044222904	-0.0506734797	-0.0384576365	-0.0207499524	0.0147567659	-0.0090752451	-0.0273989472	0.0982310665	0.0129560745	-0.1050536886	-0.010829853	-0.0281558087	-0.0443595305	-0.0618283386	-0.082192708	-0.0448251545	-0.0095713886	0.0005062132	0.0704691753	0.0290599671	0.0263730017	0.0047542644	0.0289889343	-0.0195282606	0.0614517981	0.0137299793	0.1422815428	-0.0531879403	0.0594384922	-0.0094523884	0.0094127888	-0.0362553874	0.0395895546	-0.0215451443	-0.0702792922	0.0586347667	0.0393350228	-0.0793936715	0.0025646777	0.0780401729	-0.0437500746	0.0234212593160378	0.0116972071511867	0.0001368246551377	0.000548555387949	0.0288220110881241	-0.0157997945731551	0.0008307083231639	0.0002496335085539	0.4208412384646038	0.0784405191638484	0.006152915046694	0.1771073479924215	-8.728904465441639e-05	7.271869750738328e-07	7.619377316680699e-09	5.288008967170312e-13	0.0011330552682855	0.0002380075264298	1.2838142409895262e-06	5.664758263727952e-08	-0.0012549516457434	-0.0001739909478881	3.0272849946999535e-08	1.574903633154068e-06	0.0	0.0
1613.4771418005855	-5.66868359342925	32.13397368241396	2603308.487112987	2234.3706437867854	-0.3938918862104401	4992412.173816174	0.1551508180224183	1715.0976631303267	-2.089841086647766	4.367435767441116	2941559.994075108	1804.984875326904	1556.1939727261536	1.10668	30.47101	0.1167973372491035	0.0577528529017319	0.0756304554	-0.0274657149	0.0293595086	-0.0121410462	-0.0203568995	-0.070448131	-0.0671056467	-0.0552009972	0.0395801435	-0.0095092755	-0.0031872963	-0.0598472041	0.0763921046	-0.0240610969	-0.0023184818	-0.0115426178	0.0530158772	-0.0940010645	0.064607162	-0.0722384612	0.0139703066	-0.0523934266	0.057006934	-0.0708084659	0.0626918993	0.0214179308	0.0616130757	0.0840467077	-0.0206467421	-0.0646364417	0.0195518736	-0.0170147591	-0.0201169521	0.0486841545	-0.0028975321	0.0276753574	-0.0921251743	0.0163465247	-0.0056554311	-0.0163436742	-0.0510094666	-0.0390787051	0.0030468298	0.0282760936	-0.0790074998	-0.0877469	-0.0549715487	0.0207003138	0.044867145	0.0779091212	0.0095559947	-0.1334562804	0.0994981206	0.0072478053	-0.0336314851	0.0396495008	0.0018765679	0.0031358669	0.0222566099	-0.0571686165	-0.0026558135	0.0196794612	-0.0341751522	0.0137377531	0.0330868221	0.0407251969	0.008896918	0.0353291435	0.0534991513	-0.0488876934	0.0780045895	-0.0896201631	0.1711991619	-0.012700925	0.0647193706	0.0790744209	0.0867773303	0.0142958941	0.0167780843	0.0131772033	-0.0851672298	0.1137092485	-0.0675128967	0.0037967784	0.0398151785	-0.0939675994	0.0538651617	-0.051648959	-0.011277266	0.0223101228	0.0937953218	-0.0193242813	-0.0114118476	-0.039002897	-0.0008813646	0.0371689254	-0.0131195604	0.0207877655	0.0357659558	-0.0085895034	0.0340838477	0.051151365	-0.0646436711	0.0053247004	-0.0352219138	0.0337406804	0.0232507149	0.0266310543	0.0357687588	-0.0207950191	-0.0174576853	0.0231935975	0.0613656754	-0.030983145	-0.004375422	-0.0099614224	-0.0243920486	0.0361112188	0.0403207056	0.0146859846	0.0277946711	0.0517983079	0.0268684208	0.126163828	-0.0009131174	0.0500000312	-0.1030145385	-0.015040972	-0.1332842694	-0.0893164017	0.0146340492	-0.0064031399	-0.0140749	0.006974492	-0.0431033163	0.1109584975	-0.043250288	0.0067276131	0.0907588239	-0.1039730992	0.0322209809	-0.0838042513	0.0597585792	0.0182187644	0.0358507095	-0.0942866271	0.016156419	-0.0165637055	0.0953083779	-0.027618163	-0.0651526425	-0.0373823158	-0.0424101759	0.0448212584	0.0445215039	0.0373143968	0.0137348149	-0.0002652683	-0.0391416619	-0.0013225855	-0.0144571811	-0.0300441774	0.059059748	0.0036474744	-0.0323381249	-0.050343593	-0.010748039	-0.0223686765	-0.0693934478	0.060390626	0.0363043104	-0.080282427	0.0076839116	0.0760722702	-0.049365311	0.0327971459500702	0.0093758866340324	8.790725017422747e-05	0.0010756527824702	0.0519336011591491	0.023111590071025	0.0026970989293575	0.0005341455956111	0.3900643684376135	-0.0307768700269903	0.0009472157286582	0.1521502115246343	0.0004936738870297	0.0005809629316841	2.4371390673501304e-07	3.3751792799100337e-07	0.0008941291804229	-0.0002389260878625	7.99466991283727e-07	5.70856754613268e-08	-0.0015057224365378	-0.0002507707907944	6.288598951564873e-08	2.267200055893329e-06	0.0	0.0
1612.9496122249082	-0.527529575677363	0.2782874532143387	2601606.4515764816	2220.82809270337	-13.54255108341522	4932077.417340489	183.40068984691072	1714.2518960848722	-0.8457670454545223	0.715321895176872	2938659.56323058	1795.913760782301	1505.3056430094698	1.196048	32.931618	0.0900970363196301	0.0434759273610727	-0.1089175868	-0.030246553	0.0384755856	-0.0631801082	-0.0580259066	0.0316444323	-0.0145452706	0.0988183048	-0.0312143068	0.0720338512	0.0453007403	0.0286829569	0.050775045	0.069277114	-0.0352879356	0.0451127544	0.0114710511	0.0123033652	-0.0464965944	0.0028531797	0.0286842171	0.020784162	0.010098316	-0.0010573623	-0.0558110212	0.0446171486	-0.0069541993	-0.0418497478	-0.0148856004	-0.045170805	0.0801501023	-0.0755769712	-0.0670335123	0.0922715226	0.0920916292	0.070310763	-0.0058452349	-0.0745915338	0.0404598126	-0.0394614623	0.1140409638	0.084754174	-0.0571694665	-0.0613884603	-0.0509441084	-0.0058754398	0.0644622295	-0.0012685194	-0.0650947438	-0.1424778158	0.028083444	-0.0447484686	-0.0831462258	-0.0231368152	-0.0214691763	0.0502061639	0.0209047381	-0.0336220909	-0.0116605707	0.0146781584	-0.0175701344	0.0542412729	-0.0044424227	0.0611377806	0.0170959394	-0.0030499489	0.0824296659	-0.0902417553	0.0660154139	0.0088149647	-0.0431445574	0.0469499319	-0.0148656331	-0.1370497965	-0.0479595152	0.0358701051	0.0217960764	-0.1316688811	0.0073901178	-0.0937576068	-0.0337145947	0.0088114806	0.0563861967	0.0918990648	-0.0548843658	0.01926318	-0.0246400375	0.0738499732	-0.0019240667	0.1141348736	0.0619544646	0.0503144685	0.0208636311	0.0269485234	-0.0544425316	-0.0072621255	-0.008494466	-0.1005444713	-0.0149681947	-0.095374323	-0.0053679086	0.0233779306	0.0485377441	-0.0297791309	-0.0047909819	0.0548379008	-0.0335276026	0.0217601616	-0.0525184006	0.0524969288	0.0728482295	0.1465958339	-0.0050591668	-0.021558138	-0.1057472173	0.0318224116	0.0379344733	-0.0941809273	-0.0297549374	0.0206298847	-0.0455928742	-0.0699400421	0.0436713738	-0.0339394525	0.040330067	-0.0303529791	-0.0471962167	-0.0449291835	0.0576074273	-0.1191662866	-0.0510569886	-0.0236920682	-0.0223282214	0.0066990976	-0.0183331081	-0.0361116941	0.0034614894	0.0020619916	-0.004817565	0.0694012495	-0.0056574477	0.1002038209	0.0601485134	-0.0294636243	0.0778713878	-0.00944042	-0.0287758426	-0.0644838333	-0.0769936104	0.0607123012	-0.0488782964	-0.0032110765	-0.0727440215	0.0602728176	-0.0254951729	-0.0073422075	0.0060218003	0.0306342456	-0.0272117943	-0.0680990089	0.0605087804	-0.042832608	0.0135740992	-0.0094949463	-0.0659630073	-0.0363103693	0.1058252141	-0.0231897558	-0.0684771651	0.0620868871	0.0332099078	-0.0809511339	0.0127728206	0.0736957799	-0.0546342852	0.02438076308988	-0.0084163828601902	7.083550044930344e-05	0.0005944216088448	0.0209823708182739	-0.0309512303408752	0.0004402598851555	0.0009579786596139	0.3623856452138838	-0.0276787232237297	0.0007661117192958	0.1313233558570828	0.0001637660320508	-0.0003299078549789	2.6819313253663654e-08	1.0883919277677893e-07	0.001002875395911	0.000108746215488	1.005759059723645e-06	1.1825739382984274e-08	-0.0015280823639675	-2.2359927429700105e-05	4.99966354661455e-10	2.3350357110685035e-06	0.0	0.0
1612.734626046808	-0.2149861781001618	0.0462190567741145	2600912.974050337	2226.3052838928497	5.477191189479527	4956435.217089222	29.99962332611215	1710.801903852983	-3.449992231889155	11.902446400095512	2926843.154226992	1802.614224960716	1555.8603617163951	1.135101	31.253534	0.033963418462428	0.0238329315091612	0.0452839043	-0.0562735143	-0.0355195425	-0.0382101339	0.0305725414	0.0519901695	0.0472956825	-0.0176800667	-0.0350186936	-0.0125797192	-0.0702890087	0.0134681316	0.0859360363	0.0039126504	0.0197056716	-0.047446563	-0.1441398038	0.0223776107	0.0245537814	-0.000877013	-0.00813511	-0.0442903047	0.0038547913	-0.0226888058	0.027852183	-0.0703236622	0.0776301883	-0.0616604487	-0.0663587074	0.0070251599	0.0050156061	0.0100289935	0.0246481153	-0.0223349628	0.0188322375	0.067672424	-0.0288136248	-0.0752753475	-0.0228236475	0.0608329633	0.0036223464	0.010547493	-0.0792396859	0.0358428747	-0.0026474155	0.0357010585	-0.0109913816	0.0069886597	-0.0587871995	-0.0440501385	-0.0561072374	0.1607539983	-0.054204018	0.0080100173	-0.0240344466	-0.0923827216	0.0933537624	0.0128000414	-0.0074756823	0.0661478044	0.0138932722	0.0575957422	-0.0475462763	-0.023951816	0.0583135028	-0.0018344104	-0.0212612174	-0.1104161594	0.0179356347	-0.0488265354	0.0841893388	-0.0483454773	0.0781101267	0.0519683385	-0.0473527573	0.0787204284	-0.052315562	-0.0172201037	-0.008618532	0.0200850852	0.0405643696	0.0502818242	0.0965916321	-0.0314196304	-0.0029102378	-0.0071589929	0.0452533302	-0.0775401938	-0.007485026	0.10657413	-0.0233902182	0.0343999548	0.0649584766	0.044834385	0.0005461785	-0.0104491846	0.0218843019	0.0460983712	0.0385881404	0.0670144262	-0.0226939923	-0.0242851454	0.1126427137	-0.0315697166	-0.0047660048	0.053490314	0.0150801476	0.014635312	0.0326994062	0.0253035804	-0.0190887383	0.0186790347	-0.0018554073	-0.0615868972	0.0654643547	0.027995238	-0.07677634	-0.0474201103	-0.0055030278	-0.0065630988	-0.0633850875	-0.0345076108	0.0190452845	-0.1320513589	0.0205539558	-0.0786657578	0.0182725792	0.0621918424	-0.0123044117	0.0212893905	0.032319714	0.0595649216	-0.0044491923	0.0041300016	0.0264468776	0.0017243248	-0.0085005945	0.1335744654	-0.0611774879	0.0805033287	-0.0953243373	0.0217000236	-0.0334673364	-0.0221317955	-0.0381050942	-0.0857985659	0.0533096341	-0.0121644538	-0.0639786706	-0.0411866679	-0.0143186377	-0.0126857815	0.0026426682	0.0342606295	-0.0430612537	-0.0379452594	-0.053151332	-0.0411378201	0.049989799	0.0148906921	0.0267774383	0.0819667585	0.1028152243	-0.0348380389	-0.0389052368	0.0497090105	0.0954739138	-0.024008292	-0.0675308461	0.0637218759	0.0300572439	-0.0813979594	0.0178113211	0.0709234662	-0.0595200392	0.0300546278489548	0.0056738647590748	3.219274130427094e-05	0.0009032806551391	0.0209973257818063	1.495496353240075e-05	0.0004408876899873	2.2365093425543635e-10	0.3837885973004447	0.0214029520865609	0.0004580863580196	0.1472936874178429	0.0001398526571005	-2.39133749503e-05	1.9558765698070035e-08	5.718495015136356e-10	0.0011133934776588	0.0001105180817477	1.2396450360931567e-06	1.2214246393213389e-08	-0.0015310838403346	-3.001476367099935e-06	9.008860382259425e-12	2.344217726133747e-06	0.0	0.0
1608.8027792049616	-3.931846841846436	15.459419587737797	2588246.382377608	2236.3923868085235	10.087102915673768	5001450.907775125	101.74964523139424	1708.9655647416548	-1.8363391113282432	3.3721413317938023	2920563.301472763	1799.2152094422252	1562.774654309246	1.004012	27.644159	0.0759790728350756	0.0427927450612712	0.0255832017	0.0483243571	0.1003542253	0.0571672106	0.0765807093	0.0011150358	0.072557871	0.0998773947	0.0335010507	0.0212432582	0.0236290201	-0.067511013	0.0642708052	0.0646089178	0.0709949549	-0.0522898275	-0.0056026104	0.0348260915	0.0323168598	-0.0287532939	-0.0581923324	-0.0828172741	0.1033061585	-0.0307787729	-0.0905944401	-0.0087787583	0.0438974114	-0.028567945	0.0134447414	-0.0881100218	0.0544076559	-0.0834207419	0.1002009057	0.0114373748	-0.0356091314	-0.0040685422	0.0013695742	-0.0822477399	0.0140263502	0.0133522443	-0.0860829175	0.0176702358	0.0088475532	-0.0080807811	0.0039691733	-0.0943813624	-0.0539219339	0.0482317786	0.1322065985	0.0361728295	-0.0158358694	0.0514238808	-0.1323644935	-0.0027284958	-0.0134732822	-0.0305447087	-0.0570945375	0.0790389706	-0.0473836146	0.0041087605	-0.0262130629	-0.0390274612	-0.0070554491	-0.0261371832	0.0282817711	0.0671619355	0.0080644377	0.0230739639	-0.077285266	-0.0453559185	-0.0081623525	-0.0321883332	-0.1087148682	0.072492738	-0.0220375188	-0.0088397237	-0.0137383776	-0.0466007595	0.0035345797	0.1059270941	0.0844150524	0.0685684386	-0.0326575228	0.1422480726	0.0076409145	-0.0255134202	-0.0408537289	-0.1113590229	-0.0109428278	0.0243072606	-0.0131836395	0.0720869997	0.1490562686	0.0026067049	0.0113461822	-0.0811294212	-0.0182636597	0.0753758468	-0.015368097	-0.0304833501	0.0202045103	-0.0278052035	-0.0330956408	-0.0615156688	-0.0394050846	-0.0524241054	0.0402563796	0.033852248	0.0768878044	-0.1033760592	0.0210703546	0.0057002477	-0.0239254633	0.0056970178	0.0428864765	-0.085509644	-0.0650732099	-0.1269917141	-0.0028182454	0.0343217676	-0.0132548094	0.0272240546	0.0200713947	-0.0626989266	-0.0538692085	0.0644034922	-0.0303296024	-0.0113170216	0.0051166134	0.0396663917	0.087305656	-0.0043346628	-0.0097631209	0.0051234683	0.0431646516	-0.0397227474	-0.0711239171	0.0497500471	0.0049131064	-0.0030253469	0.057076276	0.0056374255	0.0430950207	0.0481719044	0.0154359966	-0.0605202103	-0.0472717835	-0.0199527891	0.0541800962	0.047439369	-0.0047447816	-0.0582587585	0.0795577838	-0.0430724779	-0.0626848195	-0.0171021692	-0.0926283174	-0.0011090644	-0.0006806486	-0.0112090143	0.0413257745	0.0193968774	0.0355082107	0.0163816016	-0.008676456	-0.004801842	0.0529878219	-0.0248241955	-0.0665549058	0.0652939789	0.0268518493	-0.0816216788	0.0227795284	0.0677702193	-0.0639883028	0.0228187721362047	-0.00723585571275	5.235760789573823e-05	0.000520696361804	0.0212598487414794	0.000262522959673	0.0004519811685105	6.89183043555236e-08	0.3570879231725072	-0.0267006741279374	0.0007129259988863	0.1275117848756544	0.0006730656688885	0.000533213011788	4.5301739463632396e-07	2.843161159400298e-07	0.0012689366026197	0.0001555431249609	1.6102001014680265e-06	2.4193663722602186e-08	-0.00167792810428	-0.0001468442639453	2.1563237853666293e-08	2.8154427231326744e-06	0.0	0.0
1608.0027763132462	-0.8000028917153941	0.6400046267529925	2585672.928631108	2233.088344967419	-3.304041841104663	4986683.556429326	10.916692487770293	1712.5006420898435	3.535077348188679	12.496771857676704	2932658.449158126	1801.4202166765338	1521.4052232828478	1.108255	30.514368	0.0737163951586723	0.0366945830995989	-0.0435142568	0.0300745265	-0.0347427419	-0.0931278396	-0.0033132091	0.002823698	0.0363545632	-0.0585254717	-0.0576672703	-0.0141796155	0.0339944826	0.0144038232	-0.0572966202	0.0728775779	0.0045231988	0.0388973795	-0.0168264907	0.0161696214	0.0209878962	0.0039004779	-0.0528236448	-0.0797597863	0.0386685272	0.0723455881	0.0269487428	-0.0279158951	-0.0120666503	-0.0258023373	-0.0227306202	-0.0771664562	-0.02660919	-0.0117677454	0.0801042575	-0.0322972333	-0.0041166161	0.0378331839	-0.0528073612	-0.0094373976	0.0318275673	-0.0454541097	-0.0063963203	-0.1476568562	-0.0105477472	-0.0561211105	-0.0869525184	0.026121666	0.1021376373	-0.0203632083	-0.032964433	-0.0124744056	-0.0411682003	0.0631309923	0.0038624273	0.0361138538	-0.0350351785	-0.0768624614	0.0435426973	0.0318379727	-0.0275880331	-0.1079845696	0.0816163232	0.0773625308	0.0302755495	0.0417311038	0.1179229854	-0.0126851375	0.0189156802	-0.0577142376	0.0110266516	-0.0799576851	0.0594985892	0.0909006988	-0.0688651058	0.0728714411	0.0551977015	-0.0005393353	-0.0028385279	-0.069459606	-0.0284845898	0.0065484448	-0.0223001548	-0.1194232486	-0.0347036623	-0.0653484969	-0.0922091735	-0.0218569548	-0.0265474309	0.0112595908	-0.0097362159	-0.0042540001	-0.0601637342	-0.0148626675	0.0493154595	0.0246416315	-0.048450472	0.023144752	0.066803489	0.1091933907	-0.0297879218	-0.0208119189	-0.0056776357	-0.0565556391	-0.053702146	-0.0182208354	0.0549559263	0.0831992011	-0.038063292	0.0425218155	0.0304546004	0.0080441525	0.0729553121	0.0683103783	0.0258902386	0.0577107131	-0.0125795335	-0.0052524862	0.0337794844	-0.0047869556	0.0162931501	-0.0665486909	0.0130604766	0.0425452623	-0.0691466742	-0.0490384385	-0.0568778611	0.0029475323	0.0379600286	-0.1037241002	-0.0268675424	0.0690012419	-0.0053801787	0.0361429362	-0.0865412417	0.0754624188	-0.0128735008	0.1015850221	-0.0436251233	0.0742516479	0.0391838484	0.0446729963	-0.1078203384	0.1332857035	-0.0599148941	0.0255089065	0.1065039271	-0.0045250688	-0.0175235255	0.0371139258	-0.0673222961	-0.0562539469	0.0139959072	-0.0202400665	0.0382799782	-0.0317265217	0.0417337656	0.002309455	0.0070673802	-0.0463846678	-0.0447912329	0.008303392	0.0263134174	-0.0500690222	-0.0602732453	0.0261380509	0.0041697787	-0.0306016852	-0.0021216541	-0.0256373767	-0.0655497724	0.0668016447	0.0235993474	-0.0816216788	0.0276578354	0.0642529755	-0.0680077345	0.044104472131849	0.0212856999956443	0.0004530810243045	0.001945204462029	0.021003433900347	-0.0002564148411323	0.0004411442356062	6.574857075295382e-08	0.3668174921676979	0.0097295689951906	9.466451283217566e-05	0.1345550725601991	0.0004956290653516	-0.0001774366035368	2.456481704213006e-07	3.1483748274711014e-08	0.0009461715977279	-0.0003227650048918	8.952406923469671e-07	1.0417724838280368e-07	-0.0013292354861746	0.0003486926181054	1.2158654192119838e-07	1.766866977705825e-06	0.0	0.0
1611.3396423569654	3.336866043719283	11.13467499372678	2596415.443031073	2234.56056767622	1.4722227088013824	4993260.930613471	2.16743970431048	1712.038330300071	-0.4623117897724569	0.2137321909626124	2931075.244416655	1799.1773533519424	1525.9886186760425	0.975782	26.866894	0.0746396654741544	0.036534197032797	0.0399883223	-0.0434120488	0.0366778496	-0.0725317325	-0.0579710735	0.0438926234	-0.0730559267	-0.0604605641	0.0687376031	0.0005015648	-0.0031355125	-0.0127518913	0.0005827614	-0.0171109016	-0.0626381505	0.0540937665	-0.0555772132	0.0312468985	0.0125188049	-0.0310161615	0.0764315544	-0.0573629425	0.0308019141	-0.0182179132	0.0400250391	-0.0762088921	0.0689906264	0.0397071163	0.0542436679	0.049194924	0.1386821416	-0.0608430237	0.0142220355	0.0218704713	-0.0406180932	-0.0191462503	-0.0294955604	-0.0422569112	0.0557449837	-0.0391804794	-0.054759597	0.0348928255	-0.1164125083	0.0054284651	0.0144776992	-0.0095241267	0.1204606207	0.028630224	-0.005004794	0.0529215101	-0.046543766	0.0297414675	0.0276445912	-0.0490703397	0.0002190539	-0.0146707505	0.0215784662	-0.0732179758	0.0205559439	-0.0090068843	0.0047228418	-0.0698981396	-0.0580516824	-0.0886317862	0.0977460818	0.0702658887	-0.0590538283	-0.0097724632	0.0020313801	0.0706368068	-0.0535017761	-0.0054274214	-0.0167975306	-0.1725437978	0.0386391138	-0.0435587159	0.0869943107	0.0814356499	-0.0384385763	-0.1142152386	0.0581471988	-0.0013540006	-0.0450542232	-0.0237846552	0.0461672932	-0.0835536374	0.0272201903	0.0574501046	-0.0747640424	-0.0097755654	0.0616578482	-0.0207204015	0.0095726505	0.0740016502	0.0183812745	-0.0327719346	0.0576331499	0.055365906	0.0201665193	-0.0999199514	-0.0085650741	0.057068455	-0.0531187453	-0.0274473392	-0.0495103351	0.0087043982	0.0459562236	-0.0210976731	0.0375462531	-0.0437034364	0.0678420565	0.0128490829	0.0260981813	0.018548585	0.0282610327	-0.0231314046	0.0076927558	0.1001426327	0.0481696995	0.0518254899	0.0427243157	-0.0373128367	0.0286065825	0.0049247067	-0.0194933992	-0.0742587981	-0.039056396	0.023330208	-0.0022540796	-0.0298866631	-0.1058905047	0.0654662677	-0.022794959	-0.0796744797	-0.0233240879	-0.1922653836	0.0498407729	0.0522378246	-0.0176711169	0.0083698793	0.0088663063	-0.0251745446	-0.0625625173	-0.0011170414	0.0021076713	-0.0858008168	0.0363380093	-0.009665353	-0.0217586096	0.0335107362	-0.0598441157	-0.0061270417	-0.0168103458	0.0022276665	0.0472627782	-0.0010110906	0.0632270687	-0.0647153119	-0.0644424525	0.0200537963	-0.0223396695	-0.026949493	0.0294884941	-0.0081754971	0.0264267566	-0.0393325411	0.0174200937	-0.0264477464	-0.0645158866	0.0682433853	0.0203054443	-0.0813979594	0.0324269895	0.060390626	-0.0715501408	0.0286626114810957	-0.0154418606507533	0.0002384510603572	0.0008215452969162	0.0278212784499629	0.0068178445496159	0.0007740235345903	4.648300430272725e-05	0.3831298847804731	0.0163123926127752	0.0002660941527533	0.1467885086118986	0.0001398449519977	-0.0003557841133539	1.9556610599239013e-08	1.265823353150208e-07	0.0010898970847541	0.0001437254870262	1.187875655355486e-06	2.0657015620918385e-08	-0.0015510772390147	-0.0002218417528401	4.9213763303168074e-08	2.405840601389465e-06	0.0	0.0
1612.4577288808262	1.1180865238607112	1.2501174748389283	2600019.927427512	2214.572713946013	-19.987853730207007	4904332.305354211	399.5142967401501	1713.067391912287	1.0290616122158551	1.0589678017362951	2934599.889233165	1796.551508311847	1528.4136230319702	1.014665	27.937475	0.0541115765823478	0.0235012861581875	-0.0840499381	0.0230150092	-0.0010130053	0.0239325454	0.004488886	0.0218522497	-0.0472178021	-0.0022658499	-0.0562627189	0.1348739324	0.0348113721	-0.0043098349	0.0107373766	-0.0675028731	0.005742094	0.0122946611	-0.0325637049	-0.0296417653	-0.0625425444	0.012854565	0.0145441406	0.0907958821	0.0145289606	0.0559159443	-0.0312031505	0.0264937947	0.0331080994	0.0195894578	-0.0683397985	0.0481897871	0.0305162865	0.0184514263	0.0492035904	0.0261158802	0.0578933036	-0.0212826507	-0.0749226064	-0.0044680273	-0.0719574625	-0.1115565298	-0.1278848914	-0.0070919366	0.0603717113	-0.1225916727	-0.0351406878	0.0843190732	0.0539731006	0.0115051874	-0.0459304091	-0.0364120408	-0.062798062	0.0092605659	-0.1061878093	0.0065513085	0.0133472162	-0.0597637644	-0.0020246887	0.0541134755	0.0721545111	0.1353863118	-0.0238064192	0.0360195504	0.0295802637	0.0448011786	-0.007778806	-0.0877313937	0.0455802406	0.0638709284	0.1252532599	-0.1475468853	-0.073982172	-0.0892559125	-0.0182308794	0.0098423376	0.1004222306	0.063366972	-0.0193907971	0.0672882948	0.0165538012	0.0057900744	-0.0612689586	-0.0216087486	0.0223118748	0.0542841808	-0.0807699801	0.010403457	0.0452688201	0.0420598106	-0.0296426342	0.0028319895	0.0225069645	-0.026132291	-0.0078574049	0.0042543276	0.0451066124	0.0027873	-0.0014201503	0.0312464043	-0.0336716184	0.0826132144	-0.1252170381	-0.0946206195	-0.0310674263	0.043149668	-0.0040085898	0.0366769844	-0.0194213574	0.0154078064	0.050447473	-0.0570890227	0.015144147	-0.0142034946	-0.0353948307	-0.0251232169	0.016074693	-0.081910805	0.007018314	0.0092267801	0.0084430855	0.0045771369	-0.0883372497	-0.0095778631	0.0180567099	-0.0825616819	0.030140436	0.0838173622	-0.0468919936	0.1133617098	0.1041160928	0.0648867838	-0.0885907324	-0.1304647689	0.0629082297	0.0504252867	-0.0955718941	0.011503299	-0.0698869964	0.0239725389	0.0489667955	0.0348843622	-0.056307905	0.1023819503	0.0058227169	0.0347932485	-0.0256877186	-0.0187590573	-0.0918870993	-0.0646459717	0.004703505	0.0024127157	0.0309875347	-0.011903345	-0.0318946252	0.051036993	-0.0106866511	-0.0717891561	0.0283286773	-0.0269075357	-0.0605693482	-0.0026204041	-0.0792354726	0.0082849268	0.0107276161	0.0380535945	-0.0268952071	-0.0778864819	0.1293446685	-0.0272552159	-0.063453702	0.0696177779	0.0169759185	-0.0809511339	0.0370681691	0.0562039158	-0.0745906743	0.0253067081900013	-0.0033559032910943	1.1262086899178218e-05	0.0006404294794138	0.0134544996045917	-0.0143667788453712	0.0001810235596099	0.0002064043343918	0.3742006860980069	-0.0089291986824662	7.973058911095651e-05	0.140026153476219	-1.81399679587208e-05	-0.0001579849199564	3.2905843754341723e-10	2.4959234933636683e-08	0.0012770177316612	0.000187120646907	1.630774286977117e-06	3.5014136498931584e-08	-0.0013469888906099	0.0002040883484048	4.1652053954599066e-08	1.814379071426489e-06	0.0	0.0
1615.6280995369982	3.1703706561720537	10.05125009751682	2610254.1560135325	2234.0456411592627	19.47292721324948	4990959.926782701	379.194894252512	1716.79314564098	3.725753728693008	13.881240846869847	2947378.704919851	1805.7597741549368	1549.469333830334	1.062948	29.266891	0.0673042741521655	0.0401041292097907	0.0032286272	-0.0366930196	-0.0452985171	-0.0556770425	-0.0012817721	-0.0141965931	0.1724780656	-0.0364469574	0.0190836797	-0.0297068345	0.0427364156	0.0612633154	-0.05926834	-0.0677744667	-0.0293591547	-0.0751027597	-0.0751457666	0.0625867592	-0.0625037774	-0.0353318385	-0.0026017104	0.1074991089	-0.0524453942	0.0086892437	-0.0076471325	-0.0518167927	-0.0713934547	0.0557575815	-0.0667526881	0.0043238547	0.121863637	-0.0416806454	0.1089833188	-0.0708469296	0.0908474007	-0.0016644984	0.0148211332	-0.0421387005	-0.0016523448	-0.0163293427	0.0415722988	0.1305170469	0.004389475	0.0596983436	0.0376365532	0.0441823298	0.020072493	-0.0299150287	-0.0783462362	0.0322282733	-0.0030926536	0.0123430027	-0.028794374	0.0909983618	-0.0450638853	0.0010242757	-0.03682533	0.0007834785	0.0178165259	-0.0963597861	-0.065151366	0.006509625	0.0072672575	0.0773953409	0.0126488637	0.0286479501	0.0902034559	-0.031246618	0.0625789945	-0.0544620697	0.0088142444	-0.0034712605	-0.0348424898	-0.0697732087	-0.0624383286	-0.0316065112	0.0903749089	-0.0106454585	0.0179990015	0.0565411268	0.0584153799	-0.0096590488	-0.040250967	-0.088991409	0.0060666272	-0.0011290496	0.0018650573	0.0865970061	0.0277903728	-0.048102258	-0.0548221419	0.016868602	0.0652567392	-0.0610933973	-0.0234281092	-0.0975445808	-0.0930526266	0.0496076721	0.0340516085	-0.0293200432	-0.0600749531	-0.0683820907	0.0084045162	-0.041038346	0.0195279748	-0.0235966595	-0.0178350356	0.0080398279	-0.0611296182	0.0192093478	0.0770578465	0.0265083766	0.0091361736	-0.0799716057	0.056951005	0.055718506	0.0147247285	-0.0176142795	-0.0041446509	0.0073114362	-0.0439955601	-0.0153350702	0.0580481343	-0.047899382	0.0023945666	0.0161117798	-0.0369401633	-0.0190960528	0.0515582963	-0.0693151814	-0.0330318064	-0.01037497	-0.0231935275	0.0261351464	-0.0399088224	0.0364035323	0.0444438434	0.026668662	0.0116444723	-0.0905041228	0.0157703021	-0.0013408416	0.0438430216	-0.0138397735	0.0538860135	0.0362742639	0.0855009381	0.0408956984	-0.0300643528	-0.0571471038	0.0012284352	0.0260444242	0.0554194242	-0.0397989978	-0.0337499669	-0.0777625771	-0.0215275628	-0.0799171965	0.0395865876	0.0147724587	-0.1026532603	-0.0769129062	-0.0819746628	-0.0463197426	-0.0292280444	0.0493092841	0.0524597038	-0.0280596966	-0.0623636846	0.0709234662	0.0136166111	-0.080282427	0.0415630576	0.0517153317	-0.0771080077	0.0258790177402943	0.0005723095502929	3.275382213565744e-07	0.0006697235592024	0.033003878072833	0.0195493784682413	0.0010892559678464	0.0003821781984945	0.3443657307523367	-0.0298349553456702	0.0008901245604781	0.1185877565165908	0.0002297956217679	0.0002479355897266	5.280602778369576e-08	6.147205665308723e-08	0.0012128497940318	-6.416793762940008e-05	1.4710046228829796e-06	4.117524219610578e-09	-0.0013121398022067	3.48490884031999e-05	1.2144589625340414e-09	1.721710860535038e-06	0.0	0.0
1617.3815952699492	1.7534957329510237	3.074747285477447	2615923.224717966	2235.7226080787555	1.67696691949277	4998455.580274472	2.812218049073071	1715.9933746892757	-0.799770951704204	0.6396335751898482	2944633.261977489	1800.0408172463335	1531.2500529306712	1.052194	28.970797	0.0876875268789357	0.0445755061432975	0.0031181967	-0.0540497854	0.0616318093	0.0152539298	-0.0357256996	0.1316875708	-0.0374521622	-0.0602126196	0.1079946887	0.0580947086	0.0125793933	-0.0227638902	-0.0480433934	-0.0878929088	-0.0667872829	0.0844405716	0.0914703211	0.0361715957	0.0071242744	0.0280446642	-0.0576357162	-0.0600821176	0.0069546988	-0.075441867	-0.0032276255	-0.0004930399	-0.0151428078	0.0560085009	0.0273519791	0.0396525245	-0.0018030655	0.1009942106	0.0292593206	0.0617985453	0.033350935	-0.0247474204	-0.0476725198	-0.0245100545	0.0071780068	0.0595881202	0.0136519219	0.0571422152	-0.0245424664	-0.0895243965	0.0114245538	-0.0833701898	-0.0051515301	-0.0222095196	0.028994804	-0.0515556258	-0.0274579037	-0.0258967114	-0.1075001023	-0.0469761083	0.0663140894	0.0336981193	-0.0759834137	-0.0822081077	-0.049749975	0.0114592057	-0.0743201797	-0.013569083	0.0234496212	-0.1077630765	0.0102528479	-0.0387895374	0.0392220356	0.0256098185	-0.0226571422	-0.0124404503	0.0226739455	-0.0332126524	0.1120717512	0.0435127083	-0.0136852139	0.0272282805	0.032917232	-0.0020085604	0.0590767902	-0.1218813442	-0.0207554699	-0.0407254761	-0.082616659	0.0266726429	0.0398864775	-0.0607749783	0.0460657718	0.0709429971	-0.0641163323	-0.0235075188	-0.0179295413	-0.0641781549	-0.0723178601	0.0156765312	-0.0165464172	0.0018284332	-0.0456871158	-0.0784640779	-0.0192517495	0.0586557838	-0.0402883551	0.0511360509	-0.0360651555	0.0202972804	0.0309819732	0.0267346403	-0.0023136062	-0.0211927631	0.0475888103	-0.0025173971	0.0467716667	-0.0104367939	0.0451153435	-0.0437218503	-0.0704912245	-0.0351533986	-0.0063418762	0.0151893037	0.0339065735	0.0824865232	-0.0478641663	0.0021099677	-0.0320967242	-0.0594518246	0.0491888401	0.0138599108	-0.0135924653	-0.0215384348	0.0300289428	-0.0490850056	0.0472470161	-0.0021600764	0.0265155137	-0.0025872865	0.1163277429	0.0198357233	-0.0961398484	-0.0015597875	-0.0606667353	-0.0358974641	0.0609365346	-0.0077024938	0.0717398469	-0.0005840431	-0.0567673455	-0.0320459555	0.0266465894	-0.0696695143	-0.016617116	0.0503055201	-0.058012062	-0.007558428	-0.0136748216	-0.0786366951	0.0472521466	0.0155149126	0.0132883948	-0.0524958987	0.0026642795	-0.023066701	-0.0659439202	-0.0243666081	0.0365761948	-0.0351407121	0.0190452992	-0.0099148302	0.0033533279	-0.0288611001	-0.0612463124	0.0721591615	0.0102334157	-0.0793936715	0.0458939156	0.0469489822	-0.0790844839	0.0297944289630578	0.0039154112227635	1.5330445043342386e-05	0.0008877079972346	0.024562294882628	-0.0084415831902049	0.0006033063299011	7.126032675715157e-05	0.3682114237834639	0.0238456930311272	0.0005686170761347	0.1355796526046456	-0.0002738504447381	-0.000503646066506	7.499406608325515e-08	2.536593603069662e-07	0.0013592286623562	0.0001463788683243	1.8475025565706248e-06	2.1426773091932027e-08	-0.0016918116560731	-0.0003796718538663	1.4415071661834896e-07	2.862226679624805e-06	0.0	0.0
1618.9038896877228	1.5222944177735371	2.3173802943844724	2620849.8040460385	2217.448149950515	-18.27445812824044	4917076.297718962	333.95581988081307	1717.5345427911932	1.541168101917492	2.375199118367965	2949924.905680953	1802.26689717092	1551.162326705616	1.020294	28.092478	0.0735609033141106	0.0394961294310907	-0.0648167844	0.021085504	-0.04748488	0.0839799565	0.0113277093	-0.0207629708	-0.0404485358	0.0046740456	-0.0823389604	0.1147879758	0.0317224169	0.0493342936	0.0212040644	-0.060631008	0.0962116683	0.0039101409	0.0350503622	-0.0298486914	0.0169909311	0.0703158314	-0.0080891976	0.02556077	-0.0170906164	0.1025429473	0.008222949	0.0825617944	0.0584961546	0.0250224153	0.0225506385	0.1041931864	0.0161739903	0.0571212511	0.0079010456	0.1151487675	0.0544142792	-0.0513758326	0.0012365441	0.0125875796	-0.0525106321	-0.0497397575	-0.0396319346	0.0790898828	0.1062724367	0.0816686488	-0.0519507116	0.0027312106	0.0490451952	0.0219340433	0.0153175162	-0.0563251713	-0.1228219804	-0.0001129057	-0.0101632129	-0.0306084647	0.0208129078	-0.030353229	0.0863091377	0.031278662	0.0102111299	-0.0694902372	-0.0241712899	0.0512659169	-0.0047022132	-0.0030196696	-0.0608062623	0.0124990218	-0.0270655342	0.076046937	-0.0153859384	-0.0422215691	-0.0340220318	0.0266369581	-0.0712400729	0.0974986558	-0.0595013283	-0.0664303346	-0.0146469649	-0.0202597002	0.0632068216	-0.0307423936	0.0496940699	-0.0363291868	-0.0579675447	0.0583675201	-0.0882205612	0.032120269	0.0724841242	-0.0104439452	0.0145396719	-0.0645050408	0.0234670608	-0.014933864	-0.0200260958	0.0404860118	0.0385261619	0.0363894593	-0.0830235579	-0.0105231115	-0.0622792707	0.0517798212	-0.0971454326	-0.089028744	0.0045169988	0.0743319611	-0.1177579674	0.094384217	-0.0189395449	0.0974487041	-0.0374059977	-0.0669997954	0.0111919972	-0.0684408065	0.0472708312	0.1666289852	0.0411992815	0.0683656811	-0.0013601131	0.0190177275	-0.088329671	0.0130388496	-0.0720769784	-0.0019626282	-0.0396996955	-0.0125780739	0.0189232855	-0.0224796025	0.0821075929	0.0320798064	0.0724351585	0.0478938651	0.0123697543	-0.0120656297	0.0247489585	0.0127577659	-0.0007936771	-0.0308011145	-0.0751959612	-0.1217968415	0.0581520581	0.0079996921	0.0136361112	0.0363712659	0.0443874246	0.0540578728	-0.0227546543	0.0510962855	-0.0787347703	-0.0870734083	0.0275366674	-0.0668317767	-2.9341e-06	-0.0644995255	-0.0185718177	0.0102577591	0.0359508143	0.0090446229	-0.0091044443	-0.0451994648	-0.0043342241	0.0063422834	-0.062000935	0.0860318225	0.0234113728	-0.0130765697	-0.0079314883	-0.0184404092	0.071193193	-0.0296593388	-0.0601020755	0.0733236445	0.0068322673	-0.0782873035	0.0500436514	0.0419304676	-0.0805062393	0.03675673507378	0.0069623061107222	4.847370637939969e-05	0.001351057573284	0.0324253051125964	0.0078630102299683	0.0010514004116449	6.182692987658769e-05	0.339891633811348	-0.0283197899721158	0.0008020105040647	0.1155263227349474	6.927525847683644e-06	0.0002807779705857	4.7990614370324986e-11	7.883626876627117e-08	0.0013584964346844	-7.322276717998486e-07	1.8455125630502264e-06	5.361573633494268e-13	-0.0013650059143046	0.0003268057417685	1.0680199285285953e-07	1.8632411460865369e-06	0.0	0.0
1617.5477178705282	-1.3561718171945358	1.8392019977527292	2616460.619588154	2233.628137699692	16.179987749177144	4989094.657523795	261.7920035635225	1715.6261183860086	-1.9084244051846329	3.642083710304319	2943372.9780882425	1801.6692395376867	1545.36256084512	0.99071	27.277906	0.0675399398316316	0.0288384667396982	0.0425834197	-0.0374389564	-0.0566428689	0.0025778738	-0.1221926884	-0.0078426522	0.0025436875	0.0246829144	0.0328019426	-0.0392845308	0.0217643051	0.0887505176	0.0835971086	-0.0458643461	0.0412078758	-0.0098322204	0.015615825	0.0903682797	-0.0055099351	0.1275523943	0.0736036504	-0.032872055	0.0257361248	-0.0290388775	0.0839610157	0.0019071629	-0.040284638	-0.0505779822	-0.0424307004	0.0285010055	0.0638133714	-0.0700083098	0.0562362379	-0.0616209207	-0.0509630547	-0.0191326664	0.076658498	0.0354114157	0.1175190237	-0.0783122716	-0.0328361041	0.001413566	0.0508625138	-0.1040128647	0.0808632557	-0.0092606415	-0.0827557579	0.0427964887	-0.0338282441	-0.0214614399	-0.0088304813	-0.0610734625	-0.0085898458	0.0124709686	0.0193037974	-0.0566710275	0.0095900728	-0.0685166613	-0.1292198256	0.0453498983	0.06577956	0.0478574339	0.1095349109	0.0044867806	0.0808094082	-0.081830153	-0.0765117485	-0.0398770167	-0.0297053495	-0.0366159487	0.0051190361	0.0219479701	-0.0155493912	0.0031896736	0.0136468413	-0.0228177507	0.0467106547	-0.0398815435	0.0064045985	0.0449034685	0.0439290232	0.0160973911	-0.019813131	-0.0181071885	0.0263227148	-0.0642640852	0.0014966606	0.0508900269	0.098049969	0.0179600907	0.0206376258	0.0122472708	0.0479916287	0.0855807813	0.0501274792	-0.1186766336	0.0105541405	-0.0411144226	-0.0138039713	0.0038374354	-0.0146872294	-0.1121447812	-0.0118112103	-0.1468927595	0.0890431922	0.0421511598	0.0619136732	-0.0603533872	0.033060243	0.0300935716	-0.0070928184	-0.0662567392	-0.1331180484	0.0022027705	-0.0214519481	-0.032053674	-0.0172725504	0.0111611484	0.0117853062	-0.0453732593	-0.0443388311	-0.0611364144	-0.037449359	-0.0040521857	-0.0358245331	0.0293679939	0.0518177012	0.0209952773	-0.0456529874	0.027765581	0.064364625	-0.0168035076	-0.0333078426	0.0100134888	-0.0610594672	-0.0347745137	-0.1050295904	0.0260636794	-0.0230992779	0.0146063068	0.0450147471	0.0841375712	-0.0329230376	0.0214798476	0.0297620901	-0.0059960256	0.0987777385	-0.0235739056	-0.0041734611	-0.0537482425	-0.077111569	-0.0202748681	-0.0957310196	0.0374268031	-0.0118794719	0.0058837236	-0.04476991	-0.0618940119	-0.0264421402	0.0934451386	-0.0011492186	0.0284979854	0.0070104707	0.0249813548	0.0017170463	0.0190488162	0.004141882	-0.0304543249	-0.0589314758	0.0744157659	0.0034191328	-0.0769663555	0.0539958877	0.0366867426	-0.0813633012	0.044109830074305	0.007353095000525	5.406800608674576e-05	0.001945677109184	0.0424609280575367	0.0100356229449403	0.0018029304115073	0.000100713727893	0.3547557995147485	0.0148641657034004	0.0002209434220581	0.1258516772893484	0.0003461915058976	0.0003392639800499	1.19848558755648e-07	1.1510004815931004e-07	0.0014722219395826	0.0001137255048981	2.167437439388353e-06	1.2933490464350494e-08	-0.0016177575530118	-0.0002527516387072	6.3883390869175e-08	2.617139500326727e-06	0.0	0.0
1617.8789627607027	0.3312448901745028	0.1097231772667184	2617532.338143647	2237.9027274777536	4.274589778061454	5008208.617652369	18.27211777070747	1716.0145375754616	0.3884191894530886	0.1508694667353943	2944705.8931703256	1802.3636465387824	1538.6888420840903	1.017119	28.005054	0.0976663346502728	0.0467621682357724	-0.0436154698	-0.0170216188	0.0697411079	0.078731094	-0.0086231422	0.0471865667	-0.0003407547	0.0595073894	0.0388822596	0.0044536546	-0.0299740972	-0.0468833056	-0.037903761	0.0218579027	-0.0342136123	-0.0186638355	-0.0497210113	0.0338550579	-0.0256549401	0.0522215439	-0.0830445989	0.0582111344	-0.016171174	-0.0530866338	-0.0750254151	0.0924451604	-0.0239117471	-0.0643591622	0.0368151624	0.0552769141	-0.056877427	-0.0143611434	0.0403950015	-0.0649233549	-0.1546891364	0.0490704716	0.0233735222	0.1007030932	-0.0147357005	-0.0262484723	-0.0619102759	-0.0088071308	-0.0700477907	-0.0386871657	0.03184707	0.0051208727	-0.0344126764	-0.0815466514	0.0305009137	-0.0258263984	0.0443103344	0.0065554891	0.1300712366	-0.0628707037	-0.0098689456	-0.0511438094	-0.0602005398	0.0285075887	0.0729132387	-0.0014729786	0.089062262	-0.0377834846	0.0714819363	-0.1541661385	-0.0292679086	-0.0146635894	-0.0479734309	-0.0028108319	-0.0062471372	0.0261884425	-0.0652370458	0.006738625	-0.0247638296	-0.025360484	0.0100297218	-0.0332873947	0.0242501595	-0.0460091067	-0.06357766	-0.0667016933	0.0275297467	0.0682390135	-0.0752733419	0.0770771068	0.0421905474	0.0353367228	-0.018963441	0.0040571999	-0.0106089304	-0.0109490982	-0.0986583094	-0.0419071075	-0.0075566005	0.0126232992	0.0592349814	0.047093458	0.0348863105	-0.0065829274	-0.0051763268	-0.0230500921	0.0444152755	0.0087852181	0.0014751698	-0.043319592	-0.0050460017	-0.0284302281	0.0866190736	-0.0848038065	-0.0149347551	0.057435173	-0.0869684673	-0.1555238967	-0.0478564198	-0.0828804262	-0.0196357276	-0.0941626205	0.0060272953	0.0453603573	0.0841683259	0.0312492234	0.0804503416	0.0669370142	-0.1771968383	0.1314116689	-0.0945319051	-0.0428953385	-0.0111676426	0.0385536206	-0.0396005659	0.0389915764	0.0080860159	-0.0264323652	-0.0152269962	0.037148111	0.0378483106	-0.028698711	0.0408549154	-0.1149259068	0.0834445773	0.0118425984	-0.0564837996	-0.0219564805	0.0309592931	-0.0172281366	-0.0414368005	0.0333819948	-0.033361693	-0.0709979275	0.0218098856	0.0741663774	-0.0254043771	-0.0214171825	0.0153502554	-0.0492706958	-0.0419035643	-0.0068180654	-0.0556822443	-0.1124392269	-0.0191604338	0.0636496198	0.0035969325	-0.0134235527	-0.029402041	0.010934694	0.0856659734	0.0486031203	-0.0641575406	-0.0312459714	-0.0577350269	0.0754344479	0.0	-0.0754344479	0.0577350269	0.0312459714	-0.0816496581	0.0271276931108559	-0.0169821369634491	0.0002883929758453	0.0007359117335167	0.0156727594209087	-0.0267881686366279	0.0002456353878656	0.0007176059789044	0.3697941686897792	0.0150383691750307	0.0002261525474445	0.1367477271969648	-0.0001789953592813	-0.0005251868651789	3.2039338644241674e-08	2.7582124335644015e-07	0.0013591335865581	-0.0001130883530244	1.8472441061102843e-06	1.2788975589793926e-08	-0.0014788795737119	0.0001388779792999	1.9287093134423453e-08	2.1870847935422912e-06	0.0	0.0
1618.1244507966528	0.2454880359500748	0.0602643757946252	2618326.7382659693	2233.314181066949	-4.588546410804611	4987692.231354737	21.05475816410788	1717.941297718395	1.92676014293329	3.712404648396312	2951322.3024063627	1806.2737216967475	1542.565662388691	1.022576	28.155296	0.0735671919770936	0.0424331306615273	-0.017308102	0.0232542564	-0.0996620363	0.0106082181	-0.0136610697	0.0096831943	0.0066228041	-0.0791891536	-0.0303255562	-0.01515993	-0.0171922227	-0.0533023999	-0.0283344945	0.026400547	0.0698604857	-0.0648160228	0.05289453	-0.0194041469	0.0127411568	-0.0091894178	-0.0248336259	-0.0223875479	0.0258608621	0.0557913688	0.0769653445	0.0003276066	-0.0723206051	0.0721063385	0.009648021	0.0512659975	-0.0147691581	0.0551490368	-0.0626357685	0.0245825006	0.0602460465	-0.112197675	-0.0289289389	0.0053341836	-0.1059548505	0.1186654489	-0.0133743954	0.0516476888	-0.0143281554	0.0072324246	0.0352084269	0.0146278995	0.0062116662	-0.0671223995	0.0314222497	-0.0543895541	-0.0219117529	0.0328087677	0.012422218	0.0717521442	-0.0021828639	-0.0239466875	-0.0029066896	0.02282768	-0.1053027047	0.0832285277	-0.1237443854	-0.0320439299	0.0422112143	-0.076332638	-0.0376717947	-0.0479622147	0.0891998084	0.0011902926	-0.1234253168	0.0809201163	-0.0780099419	-0.0786676641	-0.1133805999	0.1120740336	0.0264503461	0.0142352193	-0.0329719467	-0.0156727864	0.0004183986	0.0482325182	-0.0475346004	-0.025814834	0.0546001889	-0.0431955519	-0.0678432927	-0.0155687283	0.0062803923	-0.0315827993	0.0345402606	-0.1025635651	-0.0329862838	-0.0116785509	-0.0384685339	-0.0084573918	-0.012110412	-0.0008305339	-0.0024037311	-0.0757465255	0.0137548357	0.0108177654	0.0076998551	0.0394858474	0.0494725536	0.0861384421	-0.0514577176	-0.0538743217	-0.0439682639	0.0613401672	-0.0002114705	-0.0364671504	0.0396904514	-0.0635382844	0.0251639499	0.0951919527	0.0523361062	0.0404673701	-0.0314906583	0.0263167096	0.0453033926	-0.0088934976	-0.1358245957	-0.0260089409	-0.0086251034	-0.0906596939	-0.0961230206	0.1045181803	-0.0180807559	-0.0590540671	0.0248565103	0.0258875297	0.0432662221	-0.0320731111	0.0584345336	-0.0469871904	0.1612380475	-0.0394739747	-0.0078566759	-0.0618740295	-0.0886135381	0.0371243116	0.0204013038	-0.1348433463	0.0771870158	0.056370283	0.0288762338	0.0477065594	0.001476569	-0.0307263634	-0.0160406274	-0.1055585194	-0.008156911	-0.0176961745	0.0156620529	-0.0601484092	0.0250583849	0.0891748255	-0.0180860696	-0.0819500428	-0.0619558779	0.0422388508	0.0017776451	0.0149138683	-0.0356015625	0.0705095474	0.042124322	0.0135349021	0.0107863271	-0.0320341914	-0.0565132535	0.0763786853	-0.0034191328	-0.0736957799	0.0612463124	0.0256373767	-0.0813633012	0.02893208526703	0.001804392156174	3.255831053262617e-06	0.0008370655578986	0.0311215116964262	0.0154487522755174	0.0009685484902707	0.0002386639468703	0.3437687276716872	-0.026025441018092	0.0006773235801861	0.1181769381250106	0.0002801043746101	0.0004590997338914	7.845846067571524e-08	2.107725656591543e-07	0.0013582737700379	-8.598165201999502e-07	1.8449076343729705e-06	7.392844484087514e-13	-0.0016246921538465	-0.0001458125801346	2.1261308525509157e-08	2.63962459477038e-06	0.0	0.0
1621.9205536565348	3.796102859882012	14.410396922804392	2630626.2823735205	2242.156344700288	8.842163633339169	5027265.074079758	78.18385771874573	1718.223787508878	0.2824897904831687	0.0798004817272245	2952292.9839613545	1808.132994568044	1563.3568169264274	1.00013	27.537275	0.0506500606607063	0.0326216684376066	0.0327556453	-0.0357873533	-0.0089780889	0.0486233906	-0.0589590217	-0.0483496507	-0.0151753859	0.0299533806	-0.0075123652	-0.0831646567	-0.0810119149	0.0523285955	-0.0381643927	-0.0496160949	-0.0084939308	0.0471536628	0.0009694878	-0.0291667974	-0.0563778048	0.0078362151	0.0377901795	-0.0529986644	-0.0704677235	-0.0651738031	0.0671948851	-0.0273663274	-0.0103427396	-0.035705044	-0.0155992269	-0.0296100625	-0.0294693435	0.0102493259	-0.1145282838	0.0263649745	-0.0498865177	-0.0464263255	-0.0022926987	-0.02231648	0.0435741807	-0.0541648458	-0.0400401551	0.0100654339	0.0408014931	0.010455558	-0.0948229445	-0.0638334338	-0.0996800462	-0.028917008	-0.0537423817	-0.0546718946	-0.0064422104	-0.0384603317	-0.038213842	0.0099129077	-0.0622651137	0.0202789919	0.0138413578	-0.0731208741	-0.0187846016	0.0944345097	-0.0689430667	-0.0611891508	0.0438517586	0.0306464719	-0.0193622962	0.0392351835	0.0535908975	-0.1107884075	-0.0223833855	-0.0647469929	-0.0426493067	-0.0849989143	-0.064805632	0.0464830398	0.0543118065	0.0477130012	0.0843875623	0.0961826798	0.005938628	-0.0235380237	-0.0515892326	-0.0676159136	-0.099351687	-0.0491502308	0.0930446052	0.014723286	0.0130477928	0.006422973	0.0451055717	-0.0246127865	0.0307702004	-0.0196025436	-0.0380954292	0.0212751802	0.0549850676	0.0253559372	0.0295280665	-0.0557898329	0.0122265292	-0.064193438	-0.0325593202	0.0084472894	0.0021900913	0.0040844373	0.1007682413	-0.0215648794	-0.0364219272	0.0124858965	0.0238300914	-0.0503113201	-0.0453733233	-0.0052562105	0.0154417544	0.0171452033	-0.0783944933	0.0014585576	-0.1084445524	-0.003617227	-0.0091648666	0.0038507232	-0.0233517443	-0.0125521542	-0.0179911649	-0.0246766994	0.0297432331	-0.0451072031	-0.027597328	-0.005931744	0.0423041081	0.1301500492	-0.0026255585	-0.0342402383	0.0018532362	-0.0873536451	0.0139929325	-0.0073113161	-0.0964049938	0.0273070547	0.0374265484	-0.0112848891	-0.0117754771	-0.1156854101	-0.0278963532	-0.0443531814	-0.04288518	0.0772586612	0.0586286833	-0.0146422332	0.0668055553	0.0212448418	-0.0206294864	-0.0261487505	-0.0063561636	0.016281528	-0.0207885305	0.0067592494	0.0512025744	-0.0783621272	-0.0351959489	0.0161719407	-0.030161763	-0.0006030178	0.0137309825	0.0264286163	0.1078041178	0.0139094813	-0.0257423923	-0.0328188985	-0.0552666915	0.0772475461	-0.0068322673	-0.0717551168	0.0645158866	0.0198910824	-0.0805062393	0.0346037394363065	0.0056716541692765	3.2167661015871514e-05	0.0011974187829757	0.0297496950618949	-0.0013718166345313	0.0008850443562757	1.8818808787767837e-06	0.3398114563714287	-0.0039572713002585	1.5659996143849794e-05	0.1154718258812713	-0.0003090338318336	-0.0005891382064436	9.550190921775776e-08	3.470838262916996e-07	0.0013592209733575	9.472033195999287e-07	1.8474816544149096e-06	8.971941286611248e-13	-0.001421791192477	0.0002029009613695	4.1168800124667367e-08	2.0214901950051696e-06	0.0	0.0
1620.65309339071	-1.267460265824866	1.6064555254448398	2626516.4491168773	2223.755123668722	-18.401221031566365	4945086.850042893	338.6049354525603	1718.7125845614346	0.4887970525564924	0.2389225585879144	2953972.9483298464	1807.8257833594305	1558.9123240134363	0.978726	26.94795	0.0723733914224032	0.0427894894428185	-0.0288455689	0.0359537658	-0.0637088878	0.0808523174	0.0237905521	-0.0027290911	-0.0682999262	-0.007502508	-0.12221723	-0.0227573049	0.0011068458	0.0353112915	0.0448436624	-0.0593811385	-0.0242124907	0.0178630731	0.0093769202	-0.0180175274	0.0947177031	-0.0030705684	-0.0531139127	0.0310741893	-0.0410248103	0.0426340583	-0.0199299542	0.0541993255	-0.0278102579	0.0044519483	0.0048997379	0.0207939151	0.0122500099	0.1202718877	0.0597380013	0.0567892416	0.0342396028	-0.0614589413	0.0421658242	0.0444093977	-0.0141157705	0.0403237976	0.0066395198	-0.0396305517	-0.0100025685	-0.0442595675	0.0281282966	-0.0348964631	0.0502518978	0.0229878876	0.0359595587	-0.0636369215	-0.008882453	0.006060559	-0.0444084997	0.0384971124	0.0055839703	-0.00609298	0.0063605879	-0.0537689798	-0.0142594493	-0.0731540317	-0.0820779827	-0.0860122527	0.0481040372	0.0640462742	0.0520411913	-0.0846505534	0.0094987379	0.0217686273	0.0068098622	0.0108754022	-0.0458571587	-0.0771497697	0.0920037	-0.044531934	-0.0061139242	0.0060039578	-0.1334423367	0.0354308416	-0.0863167219	0.125949882	-0.0360669848	-0.0442524422	-0.0948102183	-0.0142335216	-0.0143160843	0.069854282	-0.0239040901	-0.009206471	-0.0139365051	-0.0602862853	0.0003785768	-0.0145068664	-0.0736492602	0.0093219873	0.0087525566	0.0320809992	-0.1394887118	0.0278592848	0.0713132324	0.0679458507	-0.0023549842	-0.0210012707	-0.0176461663	-0.003737657	0.0460060971	0.0289941321	0.0312797682	0.0595499632	0.12425104	0.0026346884	0.0646178825	-0.0829454588	0.0372820197	0.0405895575	-0.0389294956	0.0142188872	0.0388146006	0.0629368345	-0.0241665946	-0.005808591	-0.0025685668	0.0460983152	0.0003853814	-0.0511693	0.043202612	0.1437502075	0.046493998	-0.0293828283	-0.0105364654	-0.0950977097	0.0149836377	-0.0278834565	-0.0397141215	-0.0502748452	0.1099025488	0.0432514334	0.0715837249	0.0064769013	0.01158322	-0.0354332619	0.1377184039	-0.0647021062	0.0723269433	0.045734697	-0.0281758719	0.1043943346	0.0006684614	-0.0128139938	-0.0087666423	-0.0230094744	0.0040444238	-0.0817770816	-0.0378826394	0.0545182952	0.0258000264	0.0626970477	-0.0133597478	-0.0252718297	-0.0411937312	0.0166763506	-0.0696193616	0.0273706319	-0.047380798	0.0516604072	-0.0521304883	0.0030579361	0.0785391851	-0.0336000067	-0.0539958877	0.0780401729	-0.0102334157	-0.0696177779	0.0675308461	0.0140379523	-0.0790844839	0.044157006341706	0.0095532669053995	9.12649085658014e-05	0.0019498412090614	0.0322844396741857	0.0025347446122908	0.0010422850450761	6.4249302495372375e-06	0.3085302764935207	-0.0312811798779079	0.000978512214554	0.0951909315131683	0.0001400602450257	0.0004490940768593	1.961687223665912e-08	2.0168548987010686e-07	0.0014528990599209	9.367808656339991e-05	2.110915678319035e-06	8.775583902179851e-09	-0.0014591030295904	-3.731183711340002e-05	1.3921731887768955e-09	2.128981650959884e-06	0.0	0.0
1617.4374014330224	-3.215691957687568	10.340674766736504	2616103.747554408	2229.575446295631	5.820322626909274	4971006.670724362	33.87615548131207	1716.7606083540484	-1.951976207386224	3.8102111142019055	2947266.9863961623	1804.0902655207965	1557.0610337076898	1.076475	29.63933	0.1179607516547935	0.0985697246855659	0.057636489	-0.0696035106	-0.0102649139	-0.0084183573	-0.0380008791	0.0127996326	-0.0314942697	-0.0520430301	0.0332193592	-0.0015850132	-0.0434579889	-0.0029026415	0.0618905544	0.011868582	-0.0345537399	-0.0155999737	0.0006358949	0.0546014433	-0.0403838282	0.0709487493	-0.0614093999	-0.0644228747	-0.0534144842	-0.043391654	0.029262419	-0.0397003401	0.0278078926	-0.0417110764	-0.0241749868	-0.0081793871	-0.0033441929	-0.0023260981	-0.0342494353	-0.0151203989	0.0376316717	0.0769825367	0.0247348212	0.0086852206	0.0787152267	-0.0160668256	0.0224558077	0.0726630911	0.0185800254	0.0283974165	-0.0246326542	0.0348545411	-0.0602339032	0.0464481045	0.0402339082	-0.0360621925	0.0230916185	-0.0070427294	-0.017216622	-0.1328962792	-0.0890805601	0.1179768646	-0.1237281727	0.0105870846	-0.0258352359	-0.0313266605	-0.0836747069	0.0020022651	-0.0876492853	0.0758063691	0.0335775044	0.0149774409	-0.0371999457	0.0468597105	-0.0383534101	0.1369045526	0.0480003517	0.0916396849	0.1403725878	0.0611687672	-0.0737119678	-0.062189166	0.013030638	-0.1322292675	-0.0710130512	-0.0642684219	-0.0504594915	0.0701803774	-0.0479923186	-0.0486729184	0.0520672745	-0.0062920765	0.0967949581	0.0191416179	0.0064432782	0.0752842608	0.0336140566	0.0221529831	0.0273339496	0.0046454738	0.0246189692	0.0247623451	-0.0506226452	-0.028854558	-0.0539866295	-0.0339704383	-0.0451794403	-0.0275667048	0.0480169536	-0.0761890973	0.0280956322	-0.1696881497	-0.0565189889	0.0167466805	0.0018315615	-0.0546356393	-0.0673741925	0.0342750646	0.0373123125	0.0242810872	0.0204642187	-0.0023553487	-0.0010578665	-0.0968783605	-0.0150482024	0.1674138081	0.0977045218	-0.0531071078	-0.005348494	-0.0366674123	0.0353744384	-0.2222347354	-0.0124281793	-0.0355065781	0.0185569343	-0.113461655	0.0365691418	0.0466378943	0.0933487299	0.0551681549	0.0097057939	-0.0263295046	0.0236563273	-0.1235274631	0.0440139826	-0.0038020377	0.0897547674	0.0547019446	0.0210350766	-0.0519086481	-0.0453002346	-0.0325280704	0.0469260326	-0.0160590719	0.0223298291	-0.0350132894	-0.0480524758	-0.0051702402	-0.0189243518	0.0292005378	-0.0160996309	0.037301528	0.0133711524	-0.0250808265	0.0370424226	-0.0136689002	0.0426663507	0.0368824399	0.0213100709	0.0283670948	0.0331834746	0.0790035073	-0.0309388934	-0.0343774302	-0.0527013995	0.0787557834	-0.0136166111	-0.0672896215	0.0702792922	0.0081094236	-0.0771080077	0.0442533258432575	9.63195015514992e-05	9.277446379129258e-09	0.0019583568481895	0.024944936537139	-0.0073395031370466	0.0006222498588418	5.386830629871832e-05	0.407503794017316	0.0989735175237953	0.009795757171033	0.1660593421385071	0.0001400848403832	2.4595357500005813e-08	1.962376250518662e-08	6.049316105530922e-16	0.0013583894917261	-9.450956819480002e-05	1.845222011231892e-06	8.932058480367555e-09	-0.0015955970958861	-0.0001364940662957	1.8630630133934968e-08	2.5459300924001565e-06	0.0	0.0
1621.3165040695403	3.879102636517928	15.047437264640338	2628667.206368276	2249.731166685643	20.155720390011997	5061290.322356745	406.2530644403452	1719.1984818892045	2.4378735351560863	5.943227373414434	2955643.4201301453	1812.1945868790208	1592.2421188633955	1.084808	29.868792	0.0811710977641279	0.0464873838940485	0.018656523	-0.0074754146	0.0471394835	0.099425248	0.0876714955	-0.0838421963	0.1177779299	0.1029764527	0.0545141514	-0.0395948506	-0.0168930857	-0.1073255531	-0.0935919481	-0.0113944994	0.074434281	-0.0072838386	-0.0141425147	-0.0035875196	-0.1544566235	-0.0285895978	-0.1217052327	0.0452551587	-0.0778935947	-0.1113979126	-0.0554419603	0.0425864696	-0.0526686917	0.0056232605	-0.032940514	-0.0247089027	-0.1495732034	0.0366930433	-0.0340373515	-0.0126643057	-0.0309305177	0.016953468	-0.009124767	0.0155436112	-0.0268531634	0.0358718907	0.0498524717	0.025492829	0.0613095724	-0.0117413581	0.1003155249	-0.0212529982	0.0137449863	-0.0454296212	-0.1034721815	0.001081055	0.0089877616	0.0343922171	0.0562886796	0.0085051972	0.0563789816	-0.0062242913	-0.0137802327	-0.0309974736	0.0122026222	-0.0340017169	0.0232875309	-0.0621361173	-0.0800770424	-0.0172241752	0.0562147813	0.1302087525	-0.0213648121	-0.0192265794	-0.0567441013	-0.0399647568	-0.0041751328	-0.0774710841	0.0140634604	0.0714472151	-0.0263770268	-0.1236473996	-0.0370469612	-0.0444199788	-0.0479994466	0.0582286476	-0.0484922515	0.0147286804	0.0564395856	0.0524851511	0.1053168779	0.0733869827	-0.0398333108	-0.0639323778	0.0525351375	-0.0424664329	-0.1165071003	0.0167828936	0.0022643143	-0.102430138	0.0206875556	0.0731595147	0.0458473885	0.0209831706	0.0704857785	0.0141823233	0.0739948973	-0.0456846421	0.0827427766	0.0124479595	0.0016884563	0.0394929779	-0.0364849923	0.0126895812	0.0026147032	0.071898279	-0.0941902036	-0.0693772711	0.0864144491	-0.0478623825	-0.0111024766	-0.0624332979	0.0141995081	-0.0162569227	-0.0655829417	0.0409914262	-0.0288587447	-0.0324047897	0.0062559767	-0.0429319478	0.0234157471	-0.0257882056	0.0741908895	0.0737006657	-0.0004075124	-0.0890924402	-0.1117365374	0.0443506289	0.0473945612	-0.0551530015	-0.0441761373	0.0425119099	-0.0111252705	0.0095280253	0.034490577	-0.0780097177	-0.000482922	-0.0615283338	-0.0162490176	-0.0759395462	-0.0186685538	0.0783406265	0.0041763617	0.0179807115	0.1041362221	0.0019584091	0.0678560305	-0.0326047142	0.1089340981	-0.0021619533	-0.0778414314	-0.0119674823	-0.0578761511	-0.0691510976	0.08299382	0.0434162808	0.0108581713	0.0630123647	0.0057821272	0.034414007	-0.0768144186	0.0528486659	0.0197925311	-0.0351510839	-0.0513837948	0.0793936715	-0.0169759185	-0.064777029	0.0727503781	0.0021373389	-0.0745906743	0.0441254772605788	-0.0001278485826787	1.6345260092953348e-08	0.0019470577434738	0.0138246197760025	-0.0111203167611365	0.000191120111951	0.000123661444868	0.3648898592699083	-0.0426139347474077	0.0018159474346563	0.1331446093980134	-0.0001111225682364	-0.0002512074086196	1.2348225171453376e-08	6.310516214537469e-08	0.0012180806270722	-0.0001403088646538	1.483720414048604e-06	1.968657750046641e-08	-0.0014409334157015	0.0001546636801846	2.392085396824424e-08	2.076289108485192e-06	0.0	0.0
1618.0731409090397	-3.243363160500621	10.51940459089258	2618160.689331245	2236.668364520565	-13.06280216507821	5002685.372847099	170.636800403972	1721.030207297585	1.8317254083806347	3.355217971707203	2961944.9744307688	1805.5796283437355	1540.0966738839434	1.223089	33.676178	0.0959823549607131	0.0488553969819097	-0.0002579618	0.030675887	-0.0895290423	-0.0157761045	-0.0596105114	0.0320616246	-0.0333630941	-0.0568915187	0.0253657683	-0.0171888302	0.0587426285	0.0423198868	-0.0754720543	-0.0219279804	0.0455314116	0.0185248531	-0.0165060566	-0.0260731286	0.1214852475	0.0246540567	-0.099062859	-0.0659191388	-0.0589489963	0.0119336284	0.0962205001	0.041933435	-0.1110844894	-0.1048811674	-0.0220320007	-0.1110627305	-0.0513818644	-0.0705491328	0.0282282816	-0.012815302	-0.0487681967	0.0467718611	0.0206236923	0.077679148	-0.0164135714	-0.0835666447	0.0360839971	-0.0238369278	-0.0930821814	0.0355738089	-0.1385158464	-0.0396607501	0.0765296543	0.0474938314	0.0136805358	0.0060630293	0.0243891128	-0.0142358692	-0.0588011818	-0.1045731421	0.0687693776	0.010705742	-0.0327859343	-0.0109014079	0.0382354288	0.0776899271	-0.0273783259	0.0452252678	-0.0251713465	-0.0355916164	-0.0908519365	-0.0266094644	-0.0206051702	0.0583884048	0.0052362189	0.0378520038	0.0248808119	-0.0305671708	-0.0853954761	-0.0028369774	0.0843932285	0.0247497384	0.0343584538	0.0791138607	-0.0083048966	0.0480384759	0.0814812757	-0.1020768609	-0.0281784132	-0.0742621046	-0.00759577	0.0166180272	-0.0415259311	0.0513287693	0.0866581518	0.0569243958	-0.0203552292	-0.0339010844	-0.0718650937	-0.0393644225	-0.0138205099	-0.0121768327	0.071304816	-0.0325699872	-0.1479564774	0.0137581926	0.1204560133	-0.0436205016	-0.0685712779	-0.0265975075	0.0305112295	0.0110793293	0.0392959725	-0.0164372522	-0.0162239228	-0.0752936619	-0.0468898	0.0768407731	-0.0250638898	-0.010775227	0.0277361558	0.1006835115	-0.0433981458	-0.0271104519	0.0405591858	0.0960591318	0.0846224998	0.0141329241	-0.0455051983	0.0462560182	0.0429673194	0.0877556129	0.0558395842	-0.0153620211	0.0939088072	-0.0492438457	0.0285069255	-0.0546027996	-0.0281689308	0.0634589178	-0.0592199104	-0.045609239	0.0176389299	0.0023299611	-0.004503632	0.0320566447	0.0288251095	-0.0093622369	-0.0758780594	0.0443515798	-0.0145111787	0.0510129462	0.0528373417	0.0256406243	-0.0454084606	-0.0052594866	-0.021318144	-0.0463915105	-0.0756369481	0.0913725732	-0.0006690909	0.0677838169	-0.0151499839	0.0155869482	-0.0579312281	0.0086998086	-0.0388638562	-0.0726023518	0.0062964978	0.007777501	0.1007434138	0.1138739091	0.0810453396	-0.0359208828	-0.0500436514	0.0799532077	-0.0203054443	-0.0620868871	0.0749343514	-0.0038462256	-0.0715501408	0.036051390365813	-0.0080740868947657	6.51908791842288e-05	0.0012997027473082	0.0384961035612718	0.0246714837852692	0.0014819499894001	0.0006086821121668	0.3481831722485253	-0.016706687021383	0.0002791133912304	0.1212315214370462	0.0005819124638844	0.0006930350321208	3.386221156240132e-07	4.802975557466783e-07	0.001358110399118	0.0001400297720457	1.8444638561924527e-06	1.9608337059198703e-08	-0.0013433962746822	9.753714101930016e-05	9.513493878218845e-09	1.8047135508300128e-06	0.0	0.0
1618.7776427326291	0.7045018235894531	0.4963228194408649	2620441.0566110075	2239.4973114424224	2.8289469218575505	5015348.207957839	8.00294068668731	1719.5863454367898	-1.443861860795323	2.084737073059333	2956977.1994126546	1809.6821910941003	1551.890604189173	1.301623	35.838512	0.2108856906867708	0.1685247908860813	-0.0579324142	-0.0977366041	0.103293153	-0.0230036251	0.04523803	-0.1173249193	-0.0215786813	0.111902212	-0.0294106326	0.0195593625	-0.1622633203	-0.0143478377	-0.0594765958	0.0122764895	-0.0481880944	0.1430352956	-0.0456109874	-0.0619635506	0.0087428089	-0.077299376	-0.0013504757	0.0826308156	-0.1522756058	-0.0778081996	-0.0441392167	0.0865110908	0.0235503534	-0.0276808357	0.0833041861	-0.0360147677	0.0645872031	-0.066729318	-0.0784992601	0.0146105069	0.0070611093	-0.0325718221	0.0042582058	-0.0152653975	-0.0425515621	0.0370135315	0.0552579796	0.0598292603	-0.002114936	0.0162468002	-0.0213893734	-0.0026903078	0.0772490606	0.0379761917	0.010398489	0.0544474186	0.0149717268	-0.0090639805	0.0782800885	0.0672011814	0.0285233546	-0.1160185828	0.0756201379	-0.0589018211	-0.0092058583	-0.0134306057	0.0280346231	0.0185490286	0.1023772279	0.1332939069	-0.086802562	0.0562994844	-0.0021264866	-0.021845377	-0.0463211211	0.1110909758	0.0514502988	-0.0080264345	0.007441156	-0.0194526529	0.0157687425	0.0389699755	0.1304492286	-0.0343882926	0.0153614745	0.031475387	0.0563944615	-0.0255144772	0.0913445012	0.0393021038	0.1156325701	0.1575159276	0.0388552155	0.0209712675	0.0024941137	0.0586448153	0.0307054424	-0.0540606359	-0.0508396883	-0.0481137878	-0.128732393	0.0381713855	0.0110771971	-0.0601510883	0.0419285769	0.0524742735	0.0571083127	0.0376568944	-0.0533322033	-0.0061658147	-0.1038793483	-0.0584784166	0.1103148238	0.0069769067	-0.1458043669	0.0535132606	0.0505656298	0.0359534149	0.0687142761	-0.0010065036	-0.0589116637	0.1359690694	0.009405051	0.0938583462	-0.0238076661	-0.024395742	-0.0348634035	-0.0180803486	0.0548917367	0.0255970676	-0.0624989146	-0.0104897551	-0.0580302443	-0.1047176121	0.0322024241	0.0646202964	0.0190382055	0.0047836155	0.0128353294	-0.003706801	-0.0786901981	-0.0756463458	-0.0347655635	0.0876247829	0.0176190166	-0.0193586914	-0.0410473102	0.0218413975	0.0286508538	-0.1833426384	0.029667907	0.0118381547	-0.0796973608	0.0580889499	0.0765958338	0.0466050021	-0.0581256118	-0.014320619	0.0184259569	0.0566663382	0.0251547393	-0.0444992655	0.0468694586	-0.1102738905	-0.0530552579	-0.1235322117	0.0751296563	0.0465616346	-0.0204032645	-0.0211891272	0.0840032227	0.0283615357	0.0705169061	-0.0366867426	-0.0486815572	0.0804338397	-0.0235993474	-0.0592265694	0.0768225931	-0.0098091318	-0.0680077345	0.0442130889825875	0.0081616986167745	6.661332431105881e-05	0.0019547972373822	0.0436520399421027	0.0051559363808309	0.0019055005911069	2.658367996317565e-05	0.5180916096301758	0.1699084373816504	0.0288688770934742	0.2684189159691864	0.0008810851267028	0.0002991726628184	7.763110004968892e-07	8.950428217785207e-08	0.0013572984146061	-8.119845119000397e-07	1.8422589862922323e-06	6.593188475655458e-13	-0.0015966039935022	-0.00025320771882	6.411414887002826e-08	2.549144312067173e-06	0.0	0.0
1623.9353413700835	5.157698637454359	26.60185523479856	2637165.9929507696	2232.0815730757777	-7.415738366644746	4982188.148864438	54.99317552252688	1722.37049971147	2.7841542746803043	7.751515025220612	2966560.138276339	1815.5095813092023	1577.5227051479912	0.989205	27.236465	0.1164194703319043	0.061112127992476	-0.0347806732	-0.1475724101	0.0350655827	-0.0711302948	0.1579001697	-0.1850567101	0.0422673089	0.0086000451	-0.0547375728	-0.0135300211	-0.2380500351	-0.0483022296	0.0073778981	-0.0406572224	-0.0165436084	0.0504870637	-0.0947289898	-0.1184372541	-0.0176580567	-0.0605469565	-0.0125942129	0.0286064687	-0.2663859841	-0.075273341	-0.0240158796	-0.0098386782	0.0664639999	-0.0142964908	-0.0534142836	-0.0678616585	0.0849885017	-0.0143558016	0.0488789714	-0.1076465008	-0.0119446618	-0.0548141306	-0.0203205393	0.1075204145	-0.0063718308	-0.0341887547	0.1297701553	-0.0632724521	0.018053147	0.0204498983	0.1021117864	0.1417211165	0.0758244603	0.0381237678	0.0064163498	0.0437471259	0.007985492	0.0248555836	0.0036859251	0.0165554515	-0.0055313725	0.0166128755	-0.0254489643	0.134597401	0.1630438198	0.0633884168	0.092358672	-0.0627521668	0.0009776544	-0.1023106438	-0.0403191566	0.1174971302	0.0476818987	0.0053965806	0.0176907204	-0.009842292	0.0352373687	-0.0120960352	-0.0437816864	0.0813667226	-0.0226542855	0.068732573	-0.069302874	-0.0263154704	0.0244151306	0.00147815	-0.0698418377	-0.0081479264	-0.0316977558	-0.0726775117	0.1427408163	0.1916525886	0.0997522586	-0.0272370072	-0.0531161455	-0.0327019369	-0.0288414768	-0.0973837303	0.0179671442	-0.0022256218	-0.06707079	0.0811729359	0.0191019067	0.0908745821	0.1264843451	0.0359922051	0.1591115604	-0.1390764004	0.0476849535	-0.1395857972	-0.1156564417	-0.1341622861	-0.0213977417	-0.0334131556	0.0366891844	0.0647557983	-0.0644593302	0.032104827	0.0624795531	0.0891321825	0.0192831786	-0.0647103569	0.0208845582	-0.0354295556	0.0024683454	-0.0552265823	-0.0322638266	-0.0316964709	0.0591732477	0.0007686405	-0.0850448006	0.0213208037	0.0296207606	0.0692654003	0.0222735363	0.1054773677	-0.100606571	-0.1221673603	0.0177244706	0.0200041068	-0.014376158	0.0476391613	0.0343127938	-0.0479012813	-0.0389647079	-0.0584314153	-0.1214014564	-0.0241522681	-0.0049989031	-0.2717170822	0.0198518126	0.0577645388	-0.0930836603	0.1721643407	0.0738818266	-0.0668707113	-0.1042613622	-0.1189171941	0.1321962679	0.0229657322	0.0589779512	-0.0815399228	-0.0124431998	-0.0228362555	-0.0026997952	-0.0547607873	0.1703133346	-0.0029946544	-0.0626077193	0.013070245	0.0078807293	-0.0242937256	-0.0542978382	-0.0374485793	-0.0472981097	0.0808350932	-0.0268518493	-0.0562039158	0.0784076511	-0.0157193527	-0.0639883028	0.0879704149971587	0.0437573260145712	0.0019147035799454	0.0077387939147723	0.043317751032859	-0.0003342889092436	0.0018764275545447	1.117490748433402e-07	0.5334631756550152	0.0153715660248394	0.0002362850420559	0.2845829597799336	0.0007129784195831	-0.0001681067071197	5.08338226791215e-07	2.8259864978628607e-08	0.0008260882615771	-0.0005312101530289	6.824218159154753e-07	2.821842266810935e-07	-0.0011567950659859	0.0004398089275162	1.93431892723038e-07	1.338174824689323e-06	0.0	0.0
1618.5744579862703	-5.360883383813189	28.739070654844344	2619783.2760455487	2234.4531775504483	2.371604474670676	4992781.002665295	5.624507784277972	1718.4891064453125	-3.881393266157602	15.065213686573577	2953204.8089712085	1808.9019949447445	1600.0975147102924	1.150498	31.677481	0.1719353889397321	0.110388388870242	0.0859568564	-0.056020523	0.0455328584	0.0463052908	0.1241397346	-0.0958620148	-0.0444663891	0.1346119739	8.98984e-05	-0.0534776328	-0.0750284654	-0.0009562525	0.0393291932	0.03437458	-0.0817854102	-0.0577153079	-0.0180867712	-0.0226049367	-0.0176576698	-0.1162946187	0.0257066623	-0.0277071371	-0.1403796358	-0.0889597089	-0.0520364672	0.0241691597	0.0023926981	-0.1649745034	0.0380751783	-0.0431663625	0.0088602113	0.029656943	-0.0421387048	-0.0074504735	0.0508151255	-0.0434647766	-0.0110850589	-0.0037808533	0.0421976745	0.0096748408	-0.0239854158	-0.0528483116	0.070144216	-0.0525993375	0.007842748	-0.0557529841	0.025934849	-0.0593972106	0.0854010604	0.0562458954	-0.0366368291	0.0236125779	0.064296589	-0.0045215859	-0.0549464866	0.1647191784	-0.0079477353	0.0343399696	0.0032149986	-0.0374138861	-0.0253829533	-0.0675489455	0.0507874452	0.0502086582	-0.0590623648	-0.0654014179	0.0110648812	-0.0995473521	-0.0822673605	-0.0940742046	0.0096340127	0.0230114447	-0.0140271838	-0.0315742688	-0.0392787007	-0.0371520207	0.0079514668	-0.0119530384	-0.062550111	-0.0159471458	0.0708373744	-0.0092539823	0.0910194211	0.0360080426	0.1258724533	0.1277956547	-0.0389026483	-0.0193829048	0.0073386424	0.0319093639	-0.0171542505	-0.0184473919	0.0025596662	-0.0220061271	0.0216215859	0.0425747663	-0.0032149665	-0.1099932707	0.0273778291	-0.0416001385	0.0200606782	-0.1217012566	0.0024929006	0.0222653936	0.0263668257	-0.0772968939	-0.0427514435	0.0802966166	-0.0581301136	-0.0805469564	0.0535947731	0.0335382	0.0181314151	0.0202897897	0.0679602064	-0.1024954149	0.141112805	0.009683834	-0.0028540634	-0.0258519753	0.031689539	0.1190616539	-0.0266004579	-0.0516243244	-0.0209562653	-0.1395938158	0.0076561195	-0.0374606064	-0.0516176535	-0.0067879179	0.0248910619	0.1047024851	9.51992e-05	0.019590951	0.0044933593	0.0468220814	0.0654883627	0.035638191	0.0186057687	-0.028281026	0.0909692077	0.0457946868	-0.0779200594	-0.1422049582	-0.0623229826	0.0425276291	-0.0044680833	0.1538325987	0.1087276863	0.0230771088	0.041830529	-0.1023719978	0.071979456	0.1062713546	0.0204726374	-0.0004320694	-0.0454434879	0.0648210231	0.038586349	-0.0676147441	0.0480957873	-0.0181907392	-0.0091315106	0.0959905259	-0.0067941109	-0.0319189565	0.0069943273	-0.0382063093	-0.0458939156	0.0811565722	-0.0300572439	-0.0530272111	0.0796832699	-0.0215451443	-0.0595200392	0.0782768377121385	-0.0096935772850201	9.396544058065952e-05	0.0061272633222124	0.0311944465804714	-0.0121233044523876	0.0009730934974618	0.0001469745108452	0.4252236808879459	-0.1082394947670693	0.0117157882274304	0.1808151787878936	0.0004262817974947	-0.0002866966220884	1.817161708753124e-07	8.219495311689886e-08	0.0008683622041436	4.227394256650001e-05	7.540529175851313e-07	1.7870862201157412e-09	-0.0006481853819357	0.0005086096840502	2.586838107096444e-07	4.201442893551293e-07	0.0	0.0
1607.7110410678283	-10.863416918442	118.01382714389186	2584734.7915714	2248.722282922856	14.269105372407466	5056751.905713781	203.6073681288676	1711.8531640625	-6.635942382812573	44.03573130800821	2930441.255310792	1810.5849266448488	1559.1915530809115	1.233562	33.964535	0.1463763735039155	0.0950001380881334	0.0622386051	0.1114797079	-0.0650054335	0.0063277231	0.0857988084	-0.0696108893	-0.0980165256	-0.012076437	-0.0172499054	-0.1855076716	-0.0279534111	-0.04344998	-0.0309502671	-0.0252638557	0.026634986	-0.0053231946	0.0653941407	-0.1414012941	0.0804014767	-0.0387235696	0.0346303086	-0.0967997079	0.0433940213	-0.0552456125	0.0038667052	-0.0579742189	-0.0114639435	-0.0523060124	0.1191267347	-0.1671872247	-0.0778056596	-0.0019983004	-0.0620945971	-0.0217374652	-0.0482267304	-0.0480804495	-0.0592975554	-0.0643270185	-0.000561199	0.0345629555	0.0144685441	-0.0446475877	0.0565742375	-0.0740806469	-0.0246099198	0.0422893829	-0.0007773336	0.0277742202	-0.0933254105	0.0750613514	-0.0967694045	-0.1134725587	-0.0460851839	0.0596322824	-0.0382700074	0.0800971058	-0.0334527571	0.0441684318	-0.045179666	-0.063010527	0.1196936989	-0.0647281283	-0.0577818639	-0.006557834	0.0053331679	-0.068911783	0.0345089472	-0.0151429464	0.0960637617	-0.014321661	0.0299452978	-0.0206678354	0.0263517106	-0.0463910712	0.0193330744	-0.0161433016	-0.1092125446	0.0151484422	0.049453656	-0.0169416639	0.0028466513	-0.0791949697	0.0158040281	-0.0824958834	0.0492983925	0.0141590743	-0.1260832151	-0.1517657925	-0.0263405918	-0.0583272223	0.0353712458	-0.0015472376	-0.1101752434	-0.0788270251	-0.0108424697	0.060017442	0.0591966065	0.0216745935	0.0104682154	-0.1052281226	0.0752056192	-0.0026918302	-0.0560556772	-0.0097463453	0.0654347021	0.0779970971	-0.0386419768	0.0564556629	0.0788530616	0.0259500252	-0.0097727343	0.0595323452	-0.187251864	-0.0607414745	0.004537134	-0.0606414449	0.085955162	-0.0925596224	-0.0794517639	-0.1477361995	-0.1008024162	-0.0530824958	0.0400484685	0.0591342286	-0.0037519177	-0.0381575516	0.0241475482	0.0145464163	-0.1059204636	-0.0272355195	0.0207439288	0.0073770145	0.0555723693	-0.0257517534	0.090314697	-0.0541592278	-0.107039634	-0.0272067063	0.0326285795	-0.0101146117	-0.0555436932	-0.0304547684	0.0256506726	0.0387459212	-0.0324169261	0.0559622048	-0.0164830757	0.1519447863	-0.0098669764	0.0345467964	0.1133561823	-0.0959316987	0.0087193812	0.1582741227	0.0875670925	0.0946188809	-0.1382807526	0.1136464579	0.0150557239	0.0968283289	0.0946001214	-0.0771248606	0.0056623367	0.016030382	-0.0782533541	0.1015401413	-0.0382376304	-0.0389598496	-0.044469591	0.0813979594	-0.0332099078	-0.0497051625	0.0806444153	-0.0272552159	-0.0546342852	0.0820338447046253	0.0037570069924867	1.4115101541594668e-05	0.0067295516770225	0.0428672828543028	0.0116728362738314	0.0018376039393108	0.0001362551066756	0.3300655281209685	-0.0951581527669773	0.0090550740380234	0.1089432528537738	0.0001389718854935	-0.0002873099120011	1.931318495761848e-08	8.254698553413727e-08	0.0010079350399438	0.0001395728358001	1.0159330447465095e-06	1.9480576493309565e-08	-0.0009370701835467	-0.000288884801611	8.345442860182685e-08	8.78100528892246e-07	0.0	0.0
1597.6144648182549	-10.096576249573443	101.94085196345058	2552371.978196519	2232.399388882077	-16.32289404077892	4983607.03148107	266.43686986649595	1707.5399298650568	-4.31323419744308	18.60398924199245	2915692.612083563	1802.3265703613745	1543.5797727815398	1.12371	30.939909	0.1565917396085123	0.0847702736467023	0.0690469738	0.2127572818	-0.0227202886	-0.0471318179	0.0761765876	-0.0231273871	0.0299243786	-0.0779652486	-0.070079208	-0.1221347705	0.0909439975	-0.0339836703	0.0087573031	0.114336042	-0.0091100249	-0.0589051678	0.0923985914	-0.0659399649	0.050877946	-0.054712909	0.0145652869	-0.0857754599	0.1282486098	0.0450256254	0.0480174778	-0.1010464297	0.0395057102	-0.1240091661	0.0118614699	-0.0583713966	-0.0542912859	-0.0524850077	0.0414980244	0.0017108019	0.013786814	-0.0091899618	0.0610509001	0.0441841685	-0.0761562763	0.095615782	-0.0030076731	-0.0753126944	-0.0430568442	0.0211421825	0.0309257078	-0.0612832607	-0.004180687	-0.1238800338	-0.0447763963	0.1163983337	-0.0249611568	0.0109157685	0.0475547675	0.0796467493	-0.1018023667	0.0252049908	0.0671296381	0.061929455	-0.0931939933	-0.0260650663	-0.060783743	-0.051355103	-0.0395042931	-0.0698625684	0.0559823722	-0.0896335623	-0.1012101884	0.0794839051	0.0018732388	-0.0169146732	0.0350139579	0.02424686	0.0353454106	0.1066978228	-0.011065084	0.1027344098	0.0513757334	0.032563512	0.0163431012	-0.1093304975	-0.0002707133	0.0616445767	0.0162922112	-0.1196134836	-0.0565048605	-0.0358726174	-0.1390681538	-0.131267457	-0.0511774447	0.0552393765	0.0076136995	-0.0775089749	-0.0410053676	-0.0898192387	0.0999370247	-0.001731864	0.0234404017	0.0301298341	-0.0497806404	-0.0525035569	-0.095705162	0.0588343911	-0.0132996153	-0.0425646543	0.0325164939	0.0486957704	-0.0822489514	-0.0238519275	-0.072267316	-0.0089539963	0.0770754454	-0.0354668434	-0.0034435372	-0.001455859	0.1682139911	-0.0855850212	-0.0559940521	0.001081868	-0.0156464204	-0.0358439672	0.0217781558	0.0366363525	0.0270554993	0.0011236908	-0.0724782873	-0.0153973017	0.0351892317	-0.0712340366	-0.0598122888	-0.1017577062	-0.0087578347	0.0481612877	-0.0353548993	-0.0923950811	0.0383915616	0.038125374	0.0857845551	0.037058428	-0.0183346431	0.0453528166	-0.0023734155	-0.0340169771	0.0047762956	0.128131689	-0.0071062853	0.0260313113	-0.0013255801	0.1883782727	-0.0191324083	0.0959137284	0.0925487037	-0.0354160074	0.0172047543	0.1566828192	-0.0731307723	0.0827101222	-0.1084087219	0.0517290804	-0.0093384412	0.0702278574	-0.0938817974	0.0223039604	0.0400230603	-0.0536000847	0.13994831	-0.0078269993	-0.0279696313	-0.0397091175	-0.0430257605	0.0815590168	-0.0363043104	-0.0462468756	0.081287294	-0.0328188985	-0.049365311	0.035456945866386	-0.0465768988382392	0.0021694075053875	0.0012571950101718	0.0437148893784353	0.0008476065241324	0.0019109915533688	7.1843681975197e-07	0.312145974791008	-0.0179195533299605	0.0003211103915452	0.0974351095782285	0.001309848755141	0.0011708768696475	1.7157037613444274e-06	1.3709526438755288e-06	0.0013571927025468	0.000349257662603	1.8419720318462865e-06	1.21980914886911e-07	-0.0012418892696198	-0.000304819086073	9.291467523443993e-08	1.5422889579968e-06	0.0	0.0
1595.066834298153	-2.547630520101848	6.490421266954411	2544238.205877932	2233.637029126086	1.2376402440090717	4989134.377883207	1.531753373590834	1710.3393318314986	2.799401966441792	7.8366513697181714	2925260.630009817	1802.3397220831305	1512.3545215965337	1.098485	30.245348	0.1659177217480749	0.0829166428189856	0.0726374611	0.1913751366	0.0667442609	-0.066346142	0.0139142455	0.0234738194	-0.0055303119	0.007500897	-0.0218432964	-0.1483092249	0.0965339845	-0.120421881	-0.0457503909	0.0577118062	-0.0352390965	0.0408448897	0.0284985557	0.0339814659	-0.0284921526	-0.0063878849	0.1040850124	0.046026576	0.1069996759	-0.002571176	-0.0236689663	-0.062030075	-0.0382979116	-0.046911289	0.0590833652	0.0805653241	-0.0390617583	0.0416412009	-0.0784003141	0.0709405426	-0.202528865	-0.0816343894	0.0277005324	0.0378650727	-0.0145948683	0.0180078084	-0.072339861	-0.00299198	-0.0630641696	0.005980841	-0.0404378714	-0.0172204865	-0.0503336038	-0.0773364005	0.0500443955	0.191258605	0.0105908889	0.0785693185	-0.136050573	0.0660803987	0.0474660016	-0.0352115026	0.1007867365	0.0726136457	-0.0051977693	0.0111096236	0.0256066694	0.0136859697	-0.0226194987	-0.0550161264	-0.0247412687	-0.0090473046	-0.0927372255	-0.0482830754	0.0378512959	0.0384328433	-0.0418026161	0.0658415594	0.0245180867	-0.0110638622	-0.0418634591	-0.027421261	-0.0430393499	-0.0423504761	-0.0451783925	0.0737261763	-0.049541827	-0.0348990131	0.069676334	-0.0168106893	0.0299085692	-0.0235505235	-0.2016653651	-0.0611126799	-0.082220685	-0.0094719802	-0.0030987742	0.0424284842	-0.076185746	0.0320238138	0.0542139383	-0.0149201912	0.0984868989	0.0712098441	-0.0346880994	-0.0416853519	-0.0771444163	0.1380853128	0.006432908	0.0084022182	0.0579253294	0.070141741	0.076114054	-0.0637336798	-0.0227695678	-0.0581013006	-0.0479556093	-0.1219688533	0.0883824193	0.0340852779	0.0767542053	-0.0037763462	0.0066620662	-0.082948671	0.1117172718	-0.0146047321	0.0278352205	-0.0040642054	-0.0183015592	0.0121925009	0.0457788039	-0.0020103651	-0.0192267013	0.0922773675	0.0966208076	0.134628144	0.0891433855	0.0513376112	0.0526696666	-0.0880225782	-0.0198924284	-0.0911222214	0.0056511514	0.1042012351	-0.0136428492	-0.0365773177	0.0280948963	0.0626270424	0.0712112961	0.0833883784	-0.0229082945	0.0027228618	0.009766555	0.1353903914	-0.0767781815	0.1658754127	0.1791532652	0.1363286113	0.0736426608	0.0518559705	0.0084121438	0.0742388524	0.0126879499	-0.0623667592	-0.0092044191	0.2034289787	0.03555496	-0.0181324954	0.0080054958	0.1129263567	0.0579417307	-0.026700751	0.050512797	-0.0404540309	-0.0415630576	0.0816395852	-0.0393350228	-0.0426618292	0.0816093689	-0.0382063093	-0.0437500746	0.0046408750985591	-0.0308160707678269	0.0009496302175677	2.1537721680425937e-05	0.0379096536255474	-0.0058052357528878	0.0014371418380089	3.37007621466079e-05	0.3329922895001331	0.0208463147091251	0.0004345688369518	0.1108838648665404	0.0003207857374589	-0.0009890630176821	1.0290348935705033e-07	9.78245652946422e-07	0.0019252048652942	0.0005680121627474	3.706413773352459e-06	3.226378170289789e-07	-0.001853816099555	-0.0006119268299352	3.7445444519454324e-07	3.4366341309693138e-06	0.0	0.0
1597.2640589531777	2.197224655024684	4.82779618464834	2551252.474023581	2235.6979487808294	2.0609196547434294	4998345.318182808	4.247389823307777	1710.9006529651988	0.5613211337001758	0.3150814151384506	2927181.0443167435	1806.1503565052528	1507.490129575625	1.236632	34.049065	0.3397652611852989	0.160955607545004	-0.0139696885	0.0985064403	0.0244467476	-0.1652784416	0.1096049044	0.0036954085	-0.0551354289	-0.1315602494	-0.0095365566	-0.0637387917	0.0408034602	-0.1028845362	-0.0258112914	0.1706474958	-0.0325630451	0.0603925895	0.0320892855	0.1251328357	0.0182695235	0.15262585	0.1037331008	0.0604402979	0.0899742808	0.0884253504	-0.0220351348	-0.0151878916	0.0254649919	-0.0431807421	0.0543367581	-0.0119450226	0.0550375922	0.0722036471	-0.0422175492	-0.0981771853	0.0717113856	0.0039619019	0.0495507957	0.10751468	-0.010364095	0.0156946068	0.007942046	0.0518790291	-0.0913705822	0.0589654212	-0.0404011747	0.0492056232	0.0073509986	0.052801526	-0.0506976741	-0.0046491987	-0.0693126547	-0.0920991328	-0.0127538475	0.0322448142	0.0684535638	0.0826286552	-0.0159283809	0.0005754077	0.1007463951	0.0354080918	0.0240868262	0.085799253	0.0421044638	-0.0152208085	-0.0667907782	-0.0572200449	-0.0139460136	-0.0331735338	0.051687661	-0.0435924448	0.0610438882	-0.078838211	-0.0043454015	-0.0419353772	0.011777428	-0.0117809895	0.0241394965	-0.0648982323	-0.004447549	0.0460052922	0.040849429	0.0642336525	0.016654375	-0.1047864852	-0.0540012966	-0.0240194956	-0.0908364875	-0.0821795477	-0.1184676112	0.0239409388	-0.054675319	-0.0806399084	0.028113919	0.0859535238	-0.0907727108	0.1125593114	-0.0541953362	-0.0277334086	0.020649907	-0.1114158065	0.0223217756	-0.020889867	0.0201649912	-0.0295068923	-0.0391400629	-0.0493274156	-0.0012340128	-0.026440475	0.047587407	0.0214738016	0.0056164819	-0.0104445695	0.0157649834	-0.0997609195	-0.0228316653	0.1374332642	0.0679577237	-0.0074849347	0.0620708642	0.0488761209	0.0141997984	0.0668885503	0.0806840028	0.0556619004	0.1033254078	-0.0082486431	-0.0138034088	-0.0047004336	0.0519087626	0.0192897332	0.0661995142	-0.0691702866	0.025792752	-0.1159202183	-0.1517679654	0.0369400825	0.0246561784	-0.0956901688	-0.0210262881	-0.0406820151	-0.0086069796	0.0500466921	0.0261852842	0.0552108578	0.0711029656	-0.1219278031	-0.097794131	0.13499356	-0.0929406802	0.0111610827	0.02083971	-0.0267775819	0.0546010678	0.0104682723	0.0893903335	-0.0362190733	-0.0666700263	-0.1212870929	-0.1128519899	0.0240092866	-0.0778793692	-0.0240095983	0.0208905241	-0.0337974606	-0.0034041307	-0.1128041639	-0.0703950923	-0.041194508	-0.0400821236	0.0816395852	-0.0422967282	-0.0389598496	0.0816093689	-0.0433885123	-0.0378279629	0.0539184179174299	0.0492775428188708	0.0024282762262656	0.0029071957907186	0.0506694263075786	0.0127597726820311	0.0025673907623391	0.0001628117988971	0.48032238948322	0.1473300999830868	0.0217061583610263	0.23070959783887	0.0012970706923761	0.0009762849549172	1.6823923810210155e-06	9.531323131976792e-07	0.0009562282853272	-0.000968976579967	9.143725336597968e-07	9.38915612524544e-07	-0.001191120720413	0.000662695379142	4.3916516553615917e-07	1.4187685705971845e-06	0.0	0.0
1599.0025651173269	1.7385061641491577	3.022403682784617	2556809.203251791	2224.3429885658984	-11.354960214930998	4947701.730782272	128.9351214826658	1714.033507191051	3.1328542258522702	9.814775600440427	2937910.8637736547	1803.0635318341847	1504.38572821425	1.0068	27.72093	0.0777184821840221	0.03709941871733	0.0883393099	0.0803376698	0.0538682	-0.1641387621	-0.039126212	-0.0413407846	-0.0787481739	-0.094855041	0.0212902879	-0.032390717	0.1305849079	-0.0139414939	0.060089543	-0.0051888221	-0.1111007828	0.1127186811	0.0991941765	0.0110130332	-0.0156340398	-0.021765809	0.0544826694	-0.073637096	0.0745509124	-0.0510261775	0.071199725	-0.027095867	-0.0608677655	0.0486210674	0.0254613057	-0.0269213648	0.0652697477	0.0192517419	-0.0917536944	0.0232563924	0.0315559271	-0.039810768	-0.0149253659	-0.0048256627	-0.0778207247	-0.019465068	0.0361901268	0.0696520845	-0.0176072102	0.0231769175	0.0124415665	-0.0352492848	-0.0077948192	0.0098286554	-0.0179206335	0.0083805076	0.0742663758	0.1005683649	-0.0241318805	0.0920892377	0.0384504017	0.0583254465	-0.0289263024	-0.0900687508	-0.0286306861	0.0436344025	-0.0424345669	-0.0088475194	-0.0072533626	-0.0001917716	0.0406756921	-0.0068798822	-0.0100337413	-0.0321673253	-0.0309193224	-0.0224386187	-0.0175935976	0.0829787992	0.0083000407	-0.0548515685	-0.0062378992	0.0377522914	-0.0548282432	-0.020014991	-0.0374654667	-0.0876320013	0.0763111159	0.0587071402	0.1000228562	-0.0739916403	0.0046884635	-0.0995420503	-0.058192779	0.0289650232	-0.0564683541	0.0064824642	0.080550012	-0.1163939163	-0.005131531	0.02864604	-0.0231894183	0.0658794167	-0.0393439153	-0.0970699949	-0.1026629666	-0.0495685687	0.035160524	0.0428857084	0.0697228758	0.1097466259	-0.0251837722	-0.0148639534	-0.015915648	-0.0396609978	0.0031869669	-0.0029516687	0.0108939622	-0.016548239	0.0896896268	-0.0853690398	0.0059342321	0.0128952563	-0.0763946684	-0.0095076328	0.0076275281	0.0119306242	0.0382231832	-0.0341538216	0.0557259489	-0.0794536359	-0.0518597918	-0.0027659904	0.0572663026	0.0235010882	-0.0194708322	-0.0484384216	-0.0084274871	0.0532598252	-0.0182088799	0.0474069288	-0.0034026393	-0.0594222465	0.0057125239	0.0954865618	-0.0424417286	-0.0093605899	0.021454242	-0.0078951433	-0.0924997111	0.0596834648	0.090794676	-0.1368964714	-0.0017223107	0.1287481818	0.0164971289	0.0216733332	-0.0096431672	0.0639006581	-0.0141856694	0.0136216364	0.1123283196	-0.0197076834	0.1004461182	8.33654e-05	-0.0346096685	0.0139176692	0.0017789487	-0.050166977	-0.0245223013	-0.0637308399	-0.0432344566	-0.0286272812	-0.061152381	-0.0419304676	-0.0385836084	0.0815590168	-0.0451842308	-0.0351510839	0.081287294	-0.0483376736	-0.0316405151	0.0320231822251173	-0.0218952356923126	0.0004794013460219	0.001025484199823	0.047681571856458	-0.0029878544511205	0.0022735322947025	8.927274221081167e-06	0.453385382820926	-0.0269370066622939	0.0007256023279244	0.2055583053556776	0.0013081757422796	1.110504990349992e-05	1.7113237726887825e-06	1.2332213335922358e-10	0.0013053256522694	0.0003490973669421	1.7038750584725343e-06	1.2186897160597702e-07	-0.0010333554296928	0.0001577652907202	2.4889886956029263e-08	1.0678234440755912e-06	0.0	0.0
1604.1452273850518	5.1426622677249725	26.44697519988216	2573281.91054224	2217.8792965465595	-6.4636920193388505	4918988.574049862	41.779314520864745	1711.66810435902	-2.3654028320311227	5.595130557780855	2929807.699480001	1794.5318123418504	1491.0418176150292	1.054827	29.043282	0.0679667744582249	0.0372765429293317	-0.0689779382	0.0705627317	0.080695904	-0.0824588525	-0.0091344209	0.0460739165	-0.0713884163	0.0276308007	-0.0163698954	0.0699361256	0.109675458	-0.0193802282	-0.0078913866	0.0404165746	-0.1445924949	0.0255466176	0.0084167838	-0.0683137263	0.0205313113	-0.04488108	0.0261115572	0.0380761416	0.0568764334	0.0499418645	-0.1094265549	0.072385811	-0.0273530484	0.1369191273	0.0724152651	-0.0152675895	0.0004935379	0.0307672831	-0.0083108405	0.013738245	0.0811876269	-0.028669285	0.0381086866	-0.0173457418	0.1055006815	0.1117200322	-0.0147367183	-0.0638937825	-0.0361101037	0.0600598939	-0.0138096093	0.0387228765	-0.097933594	0.0703911236	0.0049330189	0.0609531357	0.0425108798	0.0415658628	0.0476867013	0.023500153	0.1116637952	-0.0001435262	-0.0185232533	-0.000358061	0.0708185793	-0.0643292999	0.0238110145	0.0316265963	0.0342482578	0.076975039	-0.0182295566	-0.0548531373	-0.0270085654	0.0289142918	0.1050268929	-0.0168082204	-0.0791468688	0.0616370568	0.0440211541	-0.0763032548	-0.0701686944	-0.003555404	0.0050560902	0.0012626342	0.1070300026	-0.044839991	-0.0856474177	0.009758265	-0.0917725833	0.0665259525	-0.0885700945	-0.0165205512	-0.0523401183	0.0507937571	-0.0644935976	0.0472274044	0.0509921602	0.0063126471	-0.0525902054	-0.0861979907	-0.1126475593	0.0345402779	-0.0701045904	-0.0102560648	-0.0343205493	-0.0118570854	0.042216294	0.0362104097	0.003509523	0.036036045	0.0348553016	-0.0347425229	0.0837734422	-0.0526118942	0.0924140392	0.0582535627	0.0510091543	-0.0156954238	0.0121142374	0.0435513181	0.1043366433	0.0756837814	0.0554775499	0.017676011	-0.0090685416	0.0069312479	0.0200354217	0.0806052815	0.0956237347	0.09342018	-0.0135323655	0.0831713312	0.010844436	-0.0504590082	-0.1653636891	0.1727718108	-0.0791234743	0.0186474466	0.1080468003	0.0423285304	0.0682518943	-0.0382852442	-0.0359118609	-0.0470408993	-0.0361493493	-0.0544232148	0.0165244648	0.0646316101	-0.0448828559	0.036174096	0.0483219667	-0.0708930289	-0.0747760005	0.0091281253	-0.0542915173	0.0965173369	0.0536511386	0.0795402343	-0.0580140577	0.0383747143	0.0346614416	-0.0647467997	0.0618969027	0.0248722023	-0.0267186831	-0.0387609292	-0.0179960613	-0.053286898	-0.0151751135	-0.0508087406	-0.0599939288	-0.0526835284	-0.0310746808	-0.0426618292	-0.0370681691	0.0813979594	-0.0479924649	-0.0312459714	0.0806444153	-0.0530272111	-0.0252311319	0.030261384806721	-0.0017617974183962	3.1039301434678525e-06	0.0009157514104204	0.0466317715528816	-0.0010498003035764	0.0021745221181601	1.1020806773891093e-06	0.4279684488184188	-0.0254169340025072	0.0006460205340878	0.1831569931840435	0.000714766356834	-0.0005934093854456	5.10890944861749e-07	3.521346987349246e-07	0.0012735705089763	-3.175514329309989e-05	1.621981841334152e-06	1.0083891255653068e-09	-0.001202955755629	-0.0001696003259362	2.8764270557665315e-08	1.4471025500009383e-06	0.0	0.0
1606.570507214449	2.425279829397141	5.881982250880625	2581068.794651292	2227.321897771861	9.442601225301589	4960962.836294045	89.16271790006704	1710.272572354403	-1.3955320046168254	1.947509575909855	2925032.271747747	1797.6355343567411	1523.248314546578	1.079289	29.716818	0.1057424462708985	0.0548453029148447	0.0372364906	-0.0219144939	-0.0568712916	-0.1218734477	0.0601530898	0.1214177815	0.0237984007	-0.1151425797	0.0998605152	0.0786143501	0.0286330414	0.0017297695	-0.0098526044	0.1126266037	0.0015740023	0.0080441131	-0.0215407791	0.1030705104	-0.1010792155	-0.0994413397	-0.0435327285	0.0181111024	-0.0096238378	0.0622035737	0.0077359396	-0.1184193277	0.0750327715	0.0824317587	-0.0515918366	0.0288763827	-0.0182970663	0.1044877711	-0.0644334634	-0.0262355011	-0.0061743147	0.0300438942	0.0202520839	-0.111271918	-0.0068419884	0.044060506	0.0627371004	-0.0977102236	-0.0759885689	-0.0184893803	0.051740647	-0.0038646094	-0.024238518	0.0498121639	-0.0619348855	-0.0044975735	0.0143257785	-0.013031035	0.0061290416	0.0166167336	0.0091743174	0.0318402657	-0.0042792904	0.0164455508	0.0511967258	0.0126436624	0.0124460461	-0.0954747914	-0.0759839669	-0.0007020683	-0.0342723804	-0.0902842996	-0.0163657557	-0.1218569367	-0.0299427197	0.063967602	-0.0091951754	0.0266554621	0.0845556873	-0.0154855814	-0.0090506857	-0.0066104765	0.0105432343	-0.0306769087	-0.0119869781	-0.000919376	0.0096039805	0.0488805007	-0.000590124	-0.0652633627	-0.0525080183	-0.0491568392	0.0896835095	0.0047707502	-0.0620097851	0.0905131645	-0.0520263281	0.0202640372	0.050701202	-0.0010461875	-0.0651152606	-0.0057522141	0.0331000621	0.0443852322	-0.0051105525	0.0215757387	0.0083823198	0.0785750038	0.1067352952	0.0885449705	0.1479973944	-0.0025091306	-0.0668926399	-0.0009658092	0.01306428	0.0076724964	0.0099934078	0.0056858316	0.0161047336	-0.0096092071	0.0128112459	0.013484686	0.0400703375	-0.0029647984	-0.0681787785	-0.0236892145	-0.0145524176	-0.0181631742	0.055754253	-0.0484241864	0.0504652137	-0.0275929189	-0.1287909989	0.0476703553	0.0563007287	0.0024548645	0.0431165653	0.0149332813	0.0282798933	0.0189700377	0.0023596159	-0.0041316684	0.0573744358	0.0341157647	-0.0119013574	-0.0201070832	0.0194144353	-0.0102074952	-0.068865988	-0.0009556677	-0.0550484298	-0.1426559176	-0.0153821243	0.0136408782	-0.1062908895	-0.0574584325	0.0679763618	0.1323289231	-0.0028387981	-0.0459862892	0.0083478085	-0.0394183624	0.0228895273	0.004346712	0.0746563828	-0.0416707475	-0.0460915027	-0.0057642304	0.1102506758	-0.050817981	-0.0937651292	-0.00582488	-0.0045147418	-0.0433885123	-0.0355364705	0.0811565722	-0.0507165039	-0.0272552159	0.0796832699	-0.057431937	-0.0186447705	0.0213313959344532	-0.0089299888722678	7.974470125882679e-05	0.0004550284525124	0.0257824235099803	-0.0208493480429012	0.0006647333620479	0.000434695313814	0.4621417239968082	0.0341732751783894	0.0011678127364179	0.213574973058742	0.0001499434202044	-0.0005648229366296	2.2483029262593263e-08	3.190249497428852e-07	0.0013583970372084	8.482652823209986e-05	1.845242510696559e-06	7.195539891911234e-09	-0.0013891029743141	-0.000186147218685	3.465078702419843e-08	1.929607073248279e-06	0.0	0.0
1609.9161854530216	3.3456782385726456	11.19356287605856	2591830.124183608	2228.4542931526767	1.1323953808155238	4966008.536670595	1.2823192984923353	1711.204636452415	0.9320640980117788	0.8687434828025106	2928221.3078162414	1797.2847828923586	1540.3139914674491	1.06668	29.369652	0.060696341650707	0.0312147333568148	0.028739002	0.0234778946	0.1255049507	0.0036354228	0.0324157253	-0.0154090591	0.0358856195	-0.0027328398	0.0584399808	0.0421271289	0.077356097	-0.0534479548	-0.0035727156	-0.0652714592	0.0382273516	0.0169359557	-0.0271622602	-0.0625462352	-0.0622490049	-0.0029710447	-0.018789865	0.0997702354	0.0295284946	-0.0321425041	-0.0747586496	-0.0175754519	-0.0060358761	0.144034585	-0.0452250745	-0.0852077514	-0.0673905566	0.0058563288	-0.042738554	-0.1137292221	0.0410970269	0.0520458602	0.0611262633	-0.0129270785	-0.0548577848	-0.0348031949	0.0406119812	0.0221376439	-0.0438015414	0.0098920897	0.0917607781	-0.043299642	0.062868466	-0.0327419587	-0.0533401289	-0.0194295983	0.032606083	-0.0565467062	-0.006923781	-0.0091195193	0.0692994725	-0.0173854529	0.0547759112	-0.0098937234	-0.05368066	-0.0118035393	-0.023950906	-0.0372311193	-0.0315430908	0.0172907758	-0.0959880075	0.00065135	0.0199635004	0.0185633669	-0.0425529592	0.0279122449	-0.0441341278	-0.0140232887	0.0244333047	-0.0685082096	-0.0823596232	-0.0602972829	0.0532375543	0.0380393944	-0.0295679472	-0.0157359983	-0.0170385582	-0.0395856712	-0.0228855793	0.0677410102	0.01195802	-0.063907202	0.0174250382	0.046069522	-0.0604060501	-0.1193939326	-0.0366995723	-0.0513166814	0.0608032555	-0.0752965784	-0.076299383	0.0442585303	0.0783206426	-0.0220853324	0.052434213	0.0280301643	0.0155511702	0.0428605114	0.039216538	0.0136109024	-0.0320905531	0.0648144488	0.0087917365	-0.092596872	0.0532512225	0.063903558	-0.0592451571	0.0546805929	-0.0464043492	-0.0355438058	-0.00591168	0.0002360433	0.0198002702	0.017825163	-0.0432188824	0.0138267595	-0.0039754251	-0.0905631789	-0.0096889807	0.0269730001	-0.009007319	0.0886788039	-0.0482578329	0.0109535382	-0.009451088	-0.0493253154	0.0190066404	-0.0700679665	-0.0018090712	-0.050101747	-0.0079564886	0.0737042369	0.0449266513	-0.0443719932	-0.0667208131	0.0419052882	0.100299239	-0.0160839886	0.0479418539	0.0122463925	0.0375638504	-0.0850896194	-0.0435896795	-0.0044664097	0.1001570063	0.0457593266	0.043531042	0.092670869	0.0263810099	-0.1392490274	0.0620106999	-0.0130019666	0.0444079909	-0.0366068995	0.036030792	-0.0679246842	-0.0641086918	-0.0123299828	-0.0090521328	-0.0181725666	-0.0263755006	-0.0244327901	-0.0698376223	-0.0441104375	-0.0339891844	0.0808350932	-0.0533515689	-0.0231897558	0.0784076511	-0.0615281933	-0.0119276293	0.0421431848610467	0.0208117889265935	0.000433130558325	0.0017760480302323	0.0456083170776082	0.0198258935676279	0.0020801185866516	0.0003930660557549	0.4681869381898238	0.0060452141930156	3.6544614639437546e-05	0.2191990090915619	0.0002280813411789	7.813792097450002e-05	5.2021098193965785e-08	6.105534694217211e-09	0.0013583198961375	-7.714107089999006e-08	1.8450329402429883e-06	5.950744819597294e-15	-0.0015911568115381	-0.0002020538372239	4.0825753136942684e-08	2.5317799989040926e-06	0.0	0.0
1617.746585024101	7.830399571079397	61.3151574427604	2617104.013357141	2222.797441559522	-5.6568515931544425	4940828.466203557	31.999969946973955	1717.5498706054686	6.345234153053752	40.26199645707977	2949977.5580168623	1799.5811649426971	1523.238936271132	1.097333	30.213633	0.0800763437926497	0.0480265234574078	-0.0838805363	-0.0344318292	-0.0277048192	-0.0518247708	-0.0481547627	-0.0398821437	-0.0171133652	-0.0321213802	-0.0502580091	0.0759190105	0.0613129939	0.0323725188	-0.1000551403	-0.0880227202	0.0217879447	0.0514437112	0.0890960692	-0.0162212699	-0.0595347116	-0.0004679532	-0.0677224117	0.0415322872	-0.0602647658	0.1303779383	-0.013790516	-0.0233137023	-0.0771233019	0.1347475486	0.0559866685	-0.001798969	-0.0503018646	0.0430410229	-0.0123040807	-0.0161848655	0.0309292913	0.0690736506	0.0084811589	0.0414745382	-0.0928150941	0.0208874814	-0.0601825412	0.0252183572	0.0479002259	0.0150019271	-0.1021148812	0.0497283959	-0.0146635997	0.0002091175	0.0221607447	-0.0534914328	-0.0027880944	0.0556107315	-0.0152948196	-0.006307503	-0.1568664371	0.1301373547	-0.0664402899	-0.0178272623	0.0375333091	0.0350538847	-0.1186798756	0.1351065913	0.0091555715	-0.0203250701	0.0568858804	0.0042458163	-0.0175324634	-0.0060961609	0.0466646928	-0.0483843234	-0.0417280463	0.0458778192	-0.0264397257	-0.1006775337	0.007260452	-0.0397833414	0.0118863449	0.0230790847	0.0059252581	-0.0273104986	0.0216920067	-0.1355766204	0.0428401201	-0.0034806639	-0.0894391541	0.0338006106	0.0469773088	0.1104478756	-0.0029304745	-0.1009395489	0.0095197943	0.0738324356	0.0076790187	-0.0037931266	-0.0363279855	0.0702448674	-0.0297148884	0.0221921159	-0.1383189822	-0.0304644757	-0.0642208931	0.0780797525	-0.0638587263	0.0553657929	-0.006312983	0.0273247306	-0.0698139459	0.0183113336	-0.0206396011	0.0013955199	-0.0530512184	-0.0424108197	-0.0246623996	-0.0489022443	-0.00185077	0.0196910002	0.0462883401	-0.0239072405	-0.0002328853	0.0525994077	-0.0412209041	0.0793480457	0.0130047618	-0.1105317708	-0.0269698753	-0.0975347496	0.0206628528	0.0097989605	0.0421239614	-0.0748640098	-0.027076601	-0.0918199238	-0.0444168087	-0.0364439766	0.0425901112	0.0393444757	-0.0021097366	0.0043418677	-0.0332614633	0.0726023231	-0.0564014972	0.0403627281	-0.0192244889	-0.0445142301	0.0689216994	0.0147689674	-0.0079040774	-0.0365181447	-0.0527815973	-0.0297211692	0.0579928982	0.1029059729	-0.0511956091	-0.0508333604	0.1032556161	0.002902785	0.0560638176	-0.0434497677	0.0922882562	0.0030593564	-0.0035490178	0.0309818309	-0.0341979821	-0.0560109053	-0.0686055623	-0.0574982788	0.0509701437	-0.0448275254	-0.0324269895	0.0804338397	-0.0558930371	-0.0190607341	0.0768225931	-0.0652939789	-0.0051268245	0.0420631658491288	-8.001901191789784e-05	6.403042268316677e-09	0.0017693099212513	0.0283537023877613	-0.0172546146898469	0.0008039324390937	0.000297721728095	0.4235503910830189	-0.0446365471068049	0.001992421337618	0.1793949337865782	0.0001620771234337	-6.60042177452e-05	2.626899394054283e-08	4.356556760155775e-09	0.001499384848056	0.0001410649519185	2.2481549225799144e-06	1.9899320659768767e-08	-0.0014361227215202	0.0001550340900178	2.403556906767829e-08	2.0624484712665864e-06	0.0	0.0
1622.0590463974804	4.312461373379392	18.597323096889276	2631075.5499999034	2235.1741538283	12.376712268777736	4996003.4979420565	153.18300658411337	1715.56609485973	-1.98377574573874	3.935366209381293	2943167.025832264	1803.112372465917	1546.5932353186229	0.95366	26.257801	0.0197864198399028	0.0126033623115226	-0.0005377614	-0.0961974931	0.0026788222	0.0227392557	-0.0618954555	0.0338506719	-0.0526951516	-0.0768443505	0.0760520143	0.0399749513	-0.0536184463	0.1188722629	-0.0226353532	-0.066787238	-0.0575190087	-0.0223048455	0.0450653626	0.053522152	-0.0391211965	-0.1296055411	-0.066346076	-0.0472199067	-0.066679175	-0.0299189972	0.0501429305	-0.0426962341	0.0109355617	-0.0030530296	-0.1043545314	0.0889308818	0.0284455611	-0.0052278139	-0.0513555675	-0.0131126916	-0.0235117371	0.0703551089	-0.0962402155	0.0274529187	-0.0448188465	-0.0618366987	0.0514976689	0.0245949278	-0.0582396075	0.0120993162	0.0234502614	-0.0383464777	0.0207181676	-0.0119461077	0.0177346909	-0.0747324756	0.0448589747	0.0307439017	0.0385571159	-0.0268449119	-0.0111994258	-0.0017788347	0.0295787758	0.0400718514	-0.1201114848	0.0252779342	0.0342133046	0.0251787399	-0.0473206133	-0.087700352	-0.0544147245	0.0109109149	0.0317326602	0.0423936707	0.0008398559	-0.0468654321	-0.055374432	0.16148543	0.0435509482	0.0212805084	-0.059650411	-0.0013653711	0.0111518179	0.0610560191	0.0462841417	-0.0436392167	-0.0689447468	-0.0565014131	-0.0978065805	-0.0609167593	0.0291647505	-0.0119101521	0.0793053636	0.1177412594	-0.0040508722	0.0275483063	0.0350096285	-0.0401693627	-0.0321199563	0.0357419568	0.0403169314	0.0408291647	-0.0014633852	-0.0279058137	0.0405029913	0.0295142003	-0.0257565236	0.0096123686	-0.0020278665	-0.0381788329	-0.0319569364	0.0690629972	-0.0770765735	0.0086388112	-0.0011115689	-0.0108152313	-0.0041805877	0.0286557234	0.0413215546	0.0249496287	0.0636553447	0.0189131993	-0.0902995206	0.0399473238	0.0103063658	0.0394807606	0.0102391733	-0.1014809622	-0.1395276356	-0.0145985698	0.0241350582	0.0201039497	-0.063172443	0.0941087398	0.0445265442	0.0111798363	0.0621379227	0.0070040502	-0.023862941	0.0592596263	0.048691799	0.091899291	0.0654382227	-0.0069845847	0.0370040721	0.0184876768	-0.0271757964	0.0621993269	0.0132137999	-0.0513204123	-0.0467148677	-0.005859136	0.0449492317	-0.0545987188	-0.00994131	0.0413090846	-0.02436623	0.0657508007	-0.0603001583	-0.0353064163	0.0026843598	0.0062095935	0.0369414016	-0.0598868353	0.009091752	0.0263250554	-0.0359352573	-0.0179821932	-0.0003498155	-0.0188533802	0.0358420792	-0.0439959269	-0.0855343294	-0.0455396975	-0.0308505711	0.0799532077	-0.05833645	-0.0148794683	0.0749343514	-0.0687090676	0.0017099414	0.0420567644560634	-6.401393065402772e-06	4.09778331777867e-11	0.0017687714365127	0.0293610113084525	0.0010073089206911	0.000862068985055	1.0146712617040678e-06	0.4234394154780077	-0.0001109756050112	1.2315584907606529e-08	0.1793009385803568	0.0001278413494791	-3.423577395460001e-05	1.6343410636637382e-08	1.1720882182704683e-09	0.0013584213496808	-0.0001409634983752	1.8453085632686064e-06	1.9870707874175035e-08	-0.0012380873154273	0.0001980354060929	3.921802206637982e-08	1.5328602006219788e-06	0.0	0.0
1621.5618427475845	-0.4972036498959369	0.2472114694698414	2629462.809854942	2209.212443946188	-25.96170988211179	4880619.622486689	674.010380002941	1715.1363940429687	-0.4297008167611693	0.184642791925216	2941692.8501707176	1794.7273758410056	1544.1301523285472	0.954514	26.281317	0.0492652625660404	0.0283012900748419	-0.0712756825	-0.0193836539	-0.0599145887	0.1000639294	-0.0047766806	0.0323005528	-0.0479867592	0.0668841752	-0.0374500441	0.1616558647	-0.0498393495	0.0329203527	0.0293246105	-0.1163563388	0.0061484444	0.0312391131	0.0352134811	-0.0176104226	0.0133941	0.0692775707	0.0991287086	0.0308010841	-0.0359250166	0.0017605589	0.0336200156	0.0869691256	0.0361810278	-0.029054853	-0.0352528824	0.0037056431	-0.0803010496	-0.0179176127	0.0083731974	0.0995540347	0.0302850694	-0.0715203373	-0.0074925973	-0.0950082063	0.057230628	-0.0321450695	-0.0181262347	0.0588623616	0.0042015723	-0.0013878264	0.0500149891	0.0887598738	-0.0231666743	0.0604207355	-0.0867952937	0.0321974282	-0.0618596886	-0.0015789968	0.0837892604	0.0507140403	-0.006712029	0.0048287214	0.1415273673	-0.0406169799	-0.1185547838	-0.0944606485	-0.0377813585	0.0286885558	-0.0465538734	0.119135746	0.0389520786	-0.0174103883	-0.0069292372	0.0335519238	0.0249064374	-0.0765737972	0.0171911948	-0.0072684937	0.0514662495	-0.0907201467	0.0228624209	0.0721662536	0.0730208329	0.0304997047	-0.0911297784	-0.006904879	0.0181494081	0.0389002112	0.0882522667	0.0901046681	-0.0578514801	0.0300766326	0.1083511357	0.0289971865	0.0400917721	0.018867999	0.0456409341	-0.0029935873	-0.0827838189	-0.0614637501	0.0263837219	-0.0322817701	-0.0470692008	-0.0790439429	-0.0209240175	-0.014209186	-0.0879073395	-0.0295801741	0.0062911857	0.0182941062	-0.0309151158	0.0789028699	0.0765678394	-0.0009324237	0.0761751568	-0.0359841975	0.051455423	0.0223899562	-0.1212252889	-0.056310053	-0.0023544119	0.0071115312	0.0002954495	0.0475225198	0.0293462369	-0.1338281863	-0.0367667269	-0.0947158731	0.0184405176	-0.0664848409	-0.0037727986	-0.0208534063	0.070633705	-0.0482040043	-0.0430094155	0.0044282883	-0.064000861	0.1200548245	-0.0003826243	-0.0278930084	-0.0697136623	-0.0298127413	-0.0312232077	0.046783072	0.033427841	-0.0512005767	0.0023133737	0.0403278588	0.1087497401	0.0137053458	-0.0780507997	0.0352172154	-0.0470220138	-0.0996697674	0.0056481453	-0.0273621097	0.0398780886	0.017996404	-0.0830431107	-0.0182941838	-0.025941607	0.0119452634	-0.0083113917	-0.0129661075	-0.0473010457	-0.0417783107	0.0204897727	-0.041146918	-0.034458504	0.0396434265	-0.0437194787	-0.0159824849	-0.0152280021	-0.0462468756	-0.0292606206	0.0793936715	-0.0606775209	-0.010657419	0.0727503781	-0.0717551168	0.0085347133	0.0418868700312344	-0.000169894424829	2.8864115587977456e-08	0.0017545098810135	0.0258399905742834	-0.0035210207341691	0.000667705112879	1.239758701044871e-05	0.3976646534871904	-0.0257747619908172	0.0006643383556832	0.1581371766330871	0.000218975186408	9.11338369289e-05	4.7950132262418356e-08	8.30537623338334e-09	0.0016248704376715	0.0002664490879907	2.640203939218772e-06	7.09951164910758e-08	-0.0011996785320224	3.840878340490017e-05	1.4752346426445348e-09	1.4392285801954205e-06	0.0	0.0
1619.1205353345729	-2.4413074130116	5.959981884825392	2621551.307942114	2236.979460438271	27.767016492082803	5004077.106422698	771.0072048715983	1714.4161591131035	-0.720234929865228	0.5187383541979699	2939222.766628126	1801.8840080167568	1561.722771752885	0.984247	27.09996	0.0930891950993415	0.0447888041522408	0.0487732873	0.0048473687	-0.0629203881	0.0796790414	-0.0682455649	-0.0377666085	0.030565866	-0.023189747	0.0580150675	0.0144651597	0.0120054542	0.107957441	-0.013114269	-0.0189220789	0.0890358878	-0.0406233786	-0.0367670887	-0.0475964571	-0.0024554724	-0.0581931095	-0.0096364947	-0.0167784897	0.0422888547	-0.0004730814	0.0864374555	0.0225904274	-0.0044894752	0.079275303	-0.0470846005	0.0338931862	-0.0151613288	-0.0891454662	0.0240421904	-0.0709744057	-0.0031383846	0.0720258852	0.0095649005	0.0550751474	-0.0060918412	0.0728961997	0.1264536312	-0.0109223322	-0.0217406572	-0.1492899796	0.0065027824	-0.0158310073	0.0304347415	-0.0138967231	0.0416401158	0.015792469	0.1468878717	0.0164606811	-0.0387669164	0.082255319	-0.0129177412	0.0656989714	0.0362282828	0.0311060056	-0.075978631	-0.0440226155	0.0330065849	-0.0192643385	0.0596353434	-0.121934457	0.0187269372	0.0524400429	0.0394661763	0.0619414388	-0.0565648414	0.0813300095	0.0122392849	-0.0140664372	-0.0521654449	0.0217022151	0.0832088709	-0.1185447951	-0.0490606704	-0.007834239	0.0561501664	-0.0632297726	0.042595892	0.0463145246	-0.018297105	-0.0306810619	-0.0210701172	-0.0597228571	0.0374077688	0.0200060326	0.1233003204	-0.0211148891	0.0096033106	-0.0311791211	-0.0005406475	-0.0519988544	0.0457458349	-0.0411392017	0.0639871564	-0.014402276	0.0442228418	0.1291310845	0.0155878483	0.0997924824	-0.0302389937	-0.0440310391	-0.0203861982	0.007315645	-0.0371229389	-0.0224558581	0.0020698641	0.0599527654	0.0474210593	-0.0317589898	-0.0693961785	0.0141547223	0.0409940803	-0.0066594986	0.0051880512	-0.1524243451	0.0584841362	0.0167825014	0.023799477	-0.0928776146	-0.0050904688	0.0227984209	-0.0698852204	0.0646874409	0.0587244659	-0.063190726	-0.005719871	-0.0863348003	0.033973592	-0.0033360366	-0.0515597449	0.0994641802	0.0292457772	0.0374939355	0.0452141444	-0.0666231921	-0.0229665493	-0.0317837136	-0.004443073	-0.1372320788	-0.1501417514	0.0424684721	-0.0227392855	0.04343982	0.0510925017	-0.0018620499	0.0913141542	-0.0724805297	0.0131903071	0.0106782876	-0.053218641	-0.0354324055	-0.0088678292	-0.0123960365	-0.0543042519	-0.02631593	0.0363929653	0.0519504128	-0.0576033367	0.0306749602	-0.017475688	-0.0289065146	0.0191147232	0.0398092534	-0.0586520966	-0.0469489822	-0.0276578354	0.0787557834	-0.0629121428	-0.0064061583	0.0702792922	-0.0744157659	0.0152996203	0.0549254456032741	0.0130385755720397	0.0001700044529477	0.0030168045747182	0.0589647063584664	0.033124715784183	0.0034768365959401	0.0010972467957829	0.3829253707708915	-0.0147392827162988	0.0002172464549909	0.1466318395800247	0.0004377127262643	0.0002187375398562	1.9159243073372602e-07	4.784611134238642e-08	0.0013197647015508	-0.0003051057361206	1.7417788674594725e-06	9.308951021375418e-08	-0.001079789387463	0.0001198891445593	1.4373406983184662e-08	1.165945121277721e-06	0.0	0.0
1619.9365154172797	0.8159800827068011	0.6658234953741979	2624194.3139822786	2225.036540625876	-11.942919812394848	4950787.607120366	142.6333336452934	1711.486062899503	-2.930096213600564	8.58546382095636	2929184.543499241	1793.4890600678152	1529.5644431574149	1.03232	28.423603	0.069662289457175	0.0302795635811946	-0.0905512343	-0.0264158224	0.0243172342	0.0536757293	-0.0685321577	-2.8911e-05	0.0516943399	0.120679225	0.0486226973	0.0589687302	0.0131240224	0.0159041288	-0.0441849276	0.0124808666	-0.083853721	-0.077521895	-0.0166891123	0.0005212625	0.0661815756	-0.0498449658	0.0395457801	-0.0605637576	0.0303513594	-0.0219847372	-0.0635610654	0.0656002302	-0.0275862048	0.0006302679	0.0169263401	0.021866889	0.0638758316	0.0111414801	0.0216610783	0.0642085554	0.1008947023	-0.0449533076	-0.0530007879	-0.0521782541	0.0448833504	0.0277080367	-0.0634409023	-0.0392708648	-0.0061383334	-0.0026212566	0.1283719116	-0.0268334071	-0.0374115979	-0.0247665974	0.1417131951	-0.0682252876	0.0173477865	0.0021744472	-0.097101243	-0.0983647012	-0.0436676772	-0.1363845192	-0.0258584358	-0.0733712161	0.0265711174	-0.0406094994	-0.0016680486	0.0766935166	-0.0333167418	-0.001708683	-0.0569267421	0.0944588457	0.0090279439	-0.0892423113	0.0643437663	0.1093218886	0.0671581821	0.0077551807	0.0200768225	0.0070244374	-0.0172888664	0.0953350994	-0.0691901533	0.0671802153	-0.0445865298	0.0388133739	-0.0452691443	-0.0504940328	0.0764528618	0.1118468647	-0.0299435638	-0.0090132056	-0.0164522314	0.0806577285	0.040217016	0.0247391155	-0.0401678634	0.040249223	0.0010539317	-0.0208216987	-0.0075525897	-0.086835463	-0.0398337212	0.0041136859	0.0268173769	0.0103360134	-0.0324400961	0.0013057781	0.0085206526	-0.0289678526	-0.0207611846	-0.1177906593	0.1167249409	0.0345361298	0.0325227084	0.051890308	0.0625865558	-0.0223945909	0.0353981529	0.0266353572	-0.06710751	-0.0297260621	-0.0144363528	0.0310668053	0.0184258738	-0.0323521086	0.0627680072	0.042612456	-0.0061775451	-0.0401608885	0.0484904225	0.015835013	-0.0463756866	-0.0313380381	0.0774330032	0.0393847529	0.106761755	0.0429924061	-0.1071785855	-0.0697324387	0.064428676	-0.0563206397	0.0515765738	0.0220745515	-0.0405083759	0.067330244	-0.1016994333	-0.011403848	0.0417224643	-0.015420281	0.0520868619	0.0924416715	0.0158709351	-0.0600363215	0.0040781916	0.0353786927	0.0083399257	0.0144749227	-0.0687193562	-0.0542099958	-0.0356500533	0.0309809603	-0.0586313886	-0.0310882434	0.0193733257	-0.0006427327	0.0548529687	0.0171798343	-0.0768631866	-0.0151756887	-0.0955059914	-0.0400269344	-0.1016496469	-0.0476459404	-0.0260429185	0.0780401729	-0.0650363955	-0.0021373389	0.0675308461	-0.0766767246	0.0219572114	0.0620928660242299	0.0071674204209557	5.13719154907342e-05	0.0038555240111029	0.0456580060051834	-0.0133067003532829	0.0020846535123693	0.000177068274292	0.3618013573410152	-0.0211240134298762	0.0004462239433855	0.1309002221738009	0.0006469283284007	0.0002092156021364	4.18516262087324e-07	4.3771168177296446e-08	0.0015666135378495	0.0002468488362987	2.454277976973327e-06	6.09343479820224e-08	-0.0011850080540891	-0.000105218666626	1.1070967806574334e-08	1.4042440882560353e-06	0.0	0.0
1621.3776148238148	1.4410994065351588	2.076767499515987	2628865.369851763	2225.840826881306	0.8042862554298154	4954367.386611655	0.6468763806733142	1712.778125	1.2920621004971051	1.669424471540992	2933608.905478516	1799.3009215905151	1568.5057075416648	1.066726	29.370916	0.0773068419360306	0.0421071001152816	0.0109979448	-0.0849319636	-0.0754051549	0.0505057647	0.0438427291	0.1093603415	0.0603813572	-0.0262632716	0.0091608619	0.0494787027	-0.065547191	0.0204353897	-0.0398882045	0.0075419065	0.0301063924	-0.1066455332	-0.0690394351	0.0018355347	0.0263206326	0.0351116203	0.1195109999	-0.0485949648	-0.0250620496	0.0190564581	-0.0022718785	-0.0134632272	0.0173724026	0.0625392466	0.0052617961	0.0516969928	-0.0677628309	-0.0752552081	-0.0326435781	-0.1101864057	0.0198720432	0.0418344773	0.0723372286	-0.0947023916	0.0135364795	-0.0065261015	0.0405754682	-0.0748981205	0.046508437	-0.0806173409	0.0050435748	-0.0144108573	-0.0600593954	-0.0259213348	0.0519056941	-0.0010637303	-0.0208261503	-0.0405980216	-0.0593811207	-0.124884461	0.0441869233	0.0062940553	-0.0481356326	-0.0549859578	0.0134644404	-0.0289954063	-0.0641497903	-0.0140673685	-0.0262130487	-0.07542112	0.0552326335	0.0366477622	0.0369937107	-0.0509216789	0.0350029889	-0.03423002	0.0071456317	0.1100675687	0.0677695799	-0.0058673123	0.0412014321	-0.0144196545	0.020369541	0.1047488359	0.1269778439	0.1345908811	0.0483772376	0.026397069	0.1094912354	-0.0083050919	-0.0077727033	-0.0065883164	0.0877637127	0.0024134544	0.0243758923	0.026756811	-0.0279920398	0.1047790321	0.0239310352	-0.0181280053	0.0380634099	-0.0992321864	0.0508867487	0.0159411625	-0.0181168133	-0.0100496051	0.0371765107	0.0446234225	0.0443790874	0.0858254156	0.0411812331	-0.046516148	0.0233724211	-0.0375726045	-0.0276798254	0.16184481	0.0375633016	-0.0194573147	-0.1318938693	0.0510681936	0.0120092659	0.0132227831	-0.0210766351	-0.0260445799	0.0194031968	-0.0034775815	0.0419083271	0.0383476155	-0.0181712685	0.0857835338	-0.037935492	-0.0238294545	0.0870499018	0.0538779642	0.0581154479	-0.0903875906	0.0649912662	-0.1222622781	-0.0489022615	0.0035913675	0.1290502402	0.1098912992	-0.0842959956	0.0719201108	-0.0057559912	-0.0226115872	0.024405371	0.022351788	-0.0544241671	-0.0231409087	-0.0990792194	0.0086554447	0.0749141338	-0.053966771	-0.0723469969	-0.050783392	0.0022272883	0.0229442572	-0.037298597	-0.0832038425	-0.0412598972	0.032341456	-0.0620336786	0.0203536248	0.0597242598	0.003729699	-0.0402600072	0.0372508162	0.0533991082	-0.019524061	-0.0515082974	0.0383609868	0.0502212658	-0.0483376736	-0.0244165784	0.0772475461	-0.0670465522	0.0021373389	0.0645158866	-0.0785258491	0.0284607885	0.0397507241791856	-0.0223421418450443	0.000499171302224	0.0015801200727696	0.0424215649603922	-0.0032364410447912	0.0017995891736887	1.0474550636409189e-05	0.3877648553963553	0.02596349805534	0.0006741032312696	0.1503615830805563	0.0003130614949936	-0.0003338668334071	9.800749964762785e-08	1.114670624492843e-07	0.0016317932163234	6.517967847389995e-05	2.6627491008390668e-06	4.248390485960977e-09	-0.0013012567620252	-0.0001162487079361	1.3513762096812714e-08	1.693269160716308e-06	0.0	0.0
1617.8198043859888	-3.5578104378259923	12.65801511150358	2617340.919463519	2223.1115043879627	-2.729322493343261	4942224.760942111	7.449201272669476	1709.2313842773438	-3.5467407226562955	12.579369753748502	2921471.9249986447	1793.5463129463233	1566.6330627515931	0.959256	26.411875	0.0354850525061426	0.0175561447098451	0.0081396884	-0.0227722903	0.0457481845	0.1229321761	0.0613370329	0.0484530004	0.0471689282	0.0935111703	0.0632155337	0.0782297191	-0.0312390928	-0.0966405234	0.0564868959	-0.0113000957	0.0441126461	-0.0619364619	-0.0833099938	0.0292201803	0.0429467327	0.0767441709	-0.0050329753	-0.065920269	0.0327284829	-0.0434737471	-0.0893444981	-0.0136255619	0.0428081499	0.0107457844	0.0727383428	-0.0062446178	-0.0939996476	-0.094946851	0.0554232251	0.029245098	0.0215585432	0.1100547147	0.0894455901	-0.0852807167	0.0146168849	-0.0523060693	-0.0367190051	0.0510606298	0.1336138352	-0.0188281819	0.0060353739	-0.0085245844	0.0237231452	-0.0694777788	0.0141276325	-0.0130832867	0.008612401	0.0454144774	0.0523441519	0.0790009525	-0.0367470895	0.023568527	-0.1096472081	-0.0122469396	0.0085522411	-0.0106071164	0.0491611539	0.0501276425	0.0236386791	-0.0753368221	-0.0437954666	0.0011770319	0.0054094362	-0.0290457416	-0.0748578694	-0.0763792508	0.1437403133	0.0092790458	-0.079291033	0.0400808004	-0.1487998809	0.0791948344	-0.0856009161	0.1004028047	-0.0404323409	0.0654228643	0.0315870525	0.0415733995	0.0408314287	0.1500529449	0.0291306553	-0.0342863568	0.0464858042	-0.0158297756	-0.0147970891	-0.0284388393	-0.0612504758	0.0531843597	0.1465510856	0.0290130541	0.0582209646	-0.132853885	0.0677345975	0.0130682059	-0.0437458573	-0.0345483216	0.0210092017	0.0232114123	0.0394102204	-0.0271830016	-0.0375737504	0.0243720939	-0.0271718946	0.0528170218	-0.0159933843	0.0462228826	-0.0222374278	-0.0181547574	0.0134986819	-0.0565768335	-0.10882589	-0.0664527808	0.0464941432	-0.0635313027	-0.1179700774	0.0715271874	0.0061903784	0.0237371605	0.0659854757	-0.0198150153	-0.0523193984	-0.0706148905	0.0227492696	-0.0558878058	-0.0313139403	0.0879868806	-0.0327686252	0.0542488012	0.016495979	-0.0121934359	0.0198938768	0.1608359239	0.0742383886	-0.0338890483	0.0575022992	0.0047952536	-0.1273548594	-0.0422867432	0.0228208826	0.008262469	-0.0738719571	-0.0092898217	-0.0351432785	-0.0771961499	0.0352474713	-0.0011763428	0.0054657693	-0.0209646421	0.004310156	-0.117037084	-0.0683429688	0.0468116015	-0.068949247	-0.0096661922	0.0112411419	0.0023717748	0.0551767652	0.0253785951	0.0073652969	0.0261768127	-0.0379967183	0.005202237	-0.0482313962	-0.0490241061	-0.0227795284	0.0763786853	-0.0689390864	0.0064061583	0.0612463124	-0.0799532077	0.0347647336	0.041917619022513	0.0021668948433274	4.695433262038893e-06	0.0017570867845165	0.0424226086547605	1.0436943683050923e-06	0.0017996777250749	1.0892979344317662e-12	0.3975416546929722	0.0097767992966169	9.558580448632872e-05	0.1580393672160263	0.000602931982324	0.0002898704873304	3.635269753091483e-07	8.402489942516364e-08	0.0015521401020968	-7.965311422660003e-05	2.4091388965370646e-06	6.344618605995791e-09	-0.0011999740701456	0.0001012826918796	1.0258183674378017e-08	1.4399377690217972e-06	0.0	0.0
1616.9149928114798	-0.90481157450904	0.8186839853655279	2614414.093978548	2232.963504808366	9.852000420403328	4986126.013806062	97.06191228362736	1712.3805488725145	3.14916459517076	9.917237647477014	2932247.144156934	1803.0992804537188	1573.2200836815095	0.931	25.633884	0.0364264519188448	0.0162690676437878	0.0068493093	0.0216698361	-0.0877621844	0.0644845144	0.0507697374	-0.0319196912	0.08460747	-0.0131713121	-0.0318836477	0.0112007198	-0.0456159531	-0.0461921348	-0.0461423563	-0.0149443322	0.1875661133	-0.0276972636	0.0100468865	-0.0753059648	-0.0029992292	-0.0060241459	0.1521581246	-0.068195674	-0.0401005881	0.0966733339	-0.0069083682	-0.0357761287	0.0407549668	-0.0119040764	0.0413477382	0.0561158856	-0.0327531461	0.0318783146	0.1365979072	0.0825733004	0.0572682124	-0.0516223903	0.0623717974	-0.0580501045	0.1245471934	-0.0718030556	-0.04298842	-0.0393902571	0.058699831	0.0534107576	0.0082962031	-0.0325202917	0.0168670919	-0.0495556348	0.0390182746	0.022142225	0.0053925058	0.0040092633	-0.0715175601	-0.0077706481	0.0385918579	-0.0431189627	-0.0039859596	-0.0501103173	0.0393510073	0.0887543756	-0.0257111503	0.0108883108	0.0813843985	-0.0446071773	0.0225653329	0.0493070279	-0.0667341879	-0.0433450347	-0.0607975529	-0.0417322222	-0.1088251201	0.0513181621	0.0151427137	-0.0922979243	0.0818269274	-0.0186654083	-0.0433507408	-0.0402616403	0.0150445139	0.0325624912	0.0180681714	-0.0499319476	0.0502094631	-0.003803894	-0.020305009	0.0218698984	0.0748540392	-0.1022066542	0.0139870096	-0.1101481535	-0.0593729279	0.0573516609	0.0610556623	0.0220295893	0.019747094	-0.1304454463	0.058001401	-0.0500367281	-0.100477648	-0.0140554083	-0.0962443445	-0.0041365252	-0.0160753824	-0.0283710172	0.0676349207	-0.0206969237	0.055125781	-0.0033749292	0.0139496795	0.0479851433	-0.0152958249	0.0444253385	0.068018976	0.0482291745	0.0204661728	-0.0037717806	0.0469064641	0.0771618853	0.0125398227	-0.0587436672	-0.0103819539	0.0169423224	-0.0250995094	-0.0051145143	0.0639891921	0.0192841232	0.0557513172	0.1146017688	-0.03539285	0.0333249425	0.0052310749	0.0371942671	-0.0550170626	-0.0605325066	0.0087156389	-0.0354497043	-0.0087127315	0.0028295848	0.0167039709	-0.0197725117	0.0199635625	0.0296407038	-0.0372255057	0.0254891333	-0.0085673791	0.0052221334	-0.0203619658	-0.0267170569	0.0403798784	-0.1057223919	0.0618299958	-0.0022720311	0.0114894661	-0.0847496885	-0.0562934893	0.0475501773	-0.0658879102	-0.0132144727	-0.0155132778	-0.0262040746	-0.0069412082	0.0319835352	0.0006861454	-0.0254679894	0.0474197529	0.0382554721	-0.0137907715	-0.0497051625	-0.0211324865	0.0754344479	-0.0707106781	0.010657419	0.0577350269	-0.0809511339	0.040824829	0.0493716787679119	0.0074540597453989	5.5563006687976334e-05	0.0024375626643618	0.0426918237634623	0.0002692151087017	0.0018225918162505	7.247677475331866e-08	0.4086264943490363	0.0110848396560641	0.0001228736702006	0.166975611883983	0.0008149858578648	0.0002120538755407	6.642019485196239e-07	4.4966846131873076e-08	0.0015139713516314	-3.816875046539999e-05	2.2921092535606084e-06	1.456853512089972e-09	-0.001302118192313	-0.0001021441221674	1.0433421693348752e-08	1.695511786752475e-06	0.0	0.0
1617.2963926865762	0.3813998750963492	0.1454658647235107	2615647.621797012	2243.0546573929723	10.091152584606334	5031294.1960523045	101.8313604858071	1712.1058243075283	-0.2747245649861725	0.0754735866068417	2931306.353627761	1801.871104008978	1568.236555702666	1.006255	27.705938	0.0544141580560094	0.0303491880896863	0.0329413116	-0.009925496	0.1104828104	0.0637146504	0.011733836	-0.0180610447	0.1134680832	0.089962319	0.0122732889	-0.0792650068	0.0091589141	-0.0733691827	-0.0572116171	0.0341238426	0.0841962898	-0.069168322	-0.0142118002	0.0639966694	-0.0464701189	-0.0239473966	-0.0487158625	0.0083762326	0.0508883293	-0.0414698584	-0.0511265911	0.0637026546	-0.1281381045	-0.0316508877	-0.0223943848	-0.0083451444	-0.0193209004	-0.0715653634	0.1028986639	-0.0008285088	-0.0268053773	-0.0206749535	0.0035549855	-0.0001448489	0.0848938695	-0.0239728121	0.0621917126	0.0796240374	0.0030389381	-0.0503280757	0.0275573264	-0.0728124343	0.0765256155	0.0040103897	-0.0046388487	-0.0110690255	0.0214768436	-0.0159876243	0.0387051593	-0.0727552632	-0.0875557142	-0.0529248629	-0.0709950384	-0.1058823289	0.0169536666	0.0233009899	0.0317417822	0.056016958	-0.0546441203	0.0312487254	0.0482852478	0.0206190257	-0.0173441164	0.0950887529	-0.0444753252	0.0871125704	0.0544018413	0.022565848	-0.0779940226	-0.0618621315	0.0289560251	0.0754136716	-0.0077562199	0.0471118985	-0.0217782727	-0.0395227615	0.0025425838	0.0116609912	-0.005950145	0.076236716	0.0637566434	-0.0123662208	-0.0947552674	-0.0036467349	0.0611435565	-0.0211162733	-0.0794337524	0.0525155863	0.0868008747	-0.0100954023	0.0088808845	-0.0723163524	-0.0520479698	0.0409048059	0.0350607609	0.003099239	0.0594645307	-0.058886377	-0.1036416956	0.0062507397	0.0695248023	0.0011289893	0.0657196074	0.0184310396	-0.0654496322	0.0013878416	0.0167878811	0.0373282287	0.032368044	-0.0102465543	-0.1164038002	-0.047212613	-0.066449295	0.0224410737	0.0167169448	0.0929989242	-0.0269217212	0.0033367125	0.0598908553	-0.102164715	-0.0473108946	-0.0323310342	0.0029646915	-0.0142851698	0.0453951735	-0.1170620702	-0.0888755776	-0.0564895814	-0.0768906193	-0.0673624637	-0.0699927125	-0.0330419892	0.1132937586	-0.0361420546	-0.0495901984	0.0361701836	0.0243354324	0.0999726906	-0.0560592266	-0.0058066518	0.0608866294	0.0133965729	0.0479266208	-0.0096109315	0.0636611455	0.0566330538	-0.0136649777	-0.0071253673	0.0215378371	-0.1247099599	-0.0605999322	0.0208039603	-0.0933152331	-0.0032053986	0.0500545323	-0.0335983978	-0.0114415928	0.0470947449	-0.055037651	-0.0082183232	-0.0468114452	-0.0012507431	0.0010364962	-0.0503807682	-0.0194761753	0.0744157659	-0.0723582192	0.0148794683	0.0539958877	-0.081514268	0.0465985677	0.0509093534149229	0.0015376746470109	2.3644433200603915e-06	0.0025917622651255	0.0382461563668385	-0.0044456673966237	0.0014627684768366	1.9763958601403805e-05	0.3903198609677716	-0.0183066333812647	0.000335132825756	0.1523495938659005	0.0009973281986399	0.000182342340775	9.946635358023076e-07	3.324872923934267e-08	0.001186805196961	-0.0003271661546704	1.408506575533638e-06	1.070376927618161e-07	-0.0013950933494897	-9.297515717669996e-05	8.64437985203206e-09	1.94628545379039e-06	0.0	0.0
1620.7676630149672	3.4712703283910287	12.04971769276796	2626887.817474998	2226.369192628048	-16.68546476492429	4956719.781883267	278.40473442153	1714.6471807306464	2.541356423118032	6.458492469323276	2940014.954387554	1801.2521686788095	1547.2232774471331	1.141174	31.420744	0.0868453651701531	0.0490749389691018	-0.0581492722	-0.0603586965	-0.0772172435	-0.0019333139	0.0249105383	0.0393319124	-0.0081421513	-0.0576573412	-0.0612363535	-0.0074360178	-0.0861533343	-0.0634656744	-0.1456702483	-0.0778765652	-0.0191853258	-0.0046638201	0.0456012712	-0.0516900406	-0.031309929	0.068368869	0.0154649945	-0.0537873322	-0.1179746741	0.0613318123	-0.0130680551	-0.0935078452	-0.0400688709	0.0100816881	0.0141891008	-0.0504796782	-0.1136716989	-0.0603789679	0.0150689785	-0.0349058165	0.0243280258	-0.0547001057	0.0101008715	-0.0626248876	-0.0721908209	-0.0079528638	0.0420376392	-0.0029115744	0.0890454236	-0.0120398462	-0.0285041201	-0.0798286503	-0.0213332322	0.0028954408	-0.0178297345	0.0686656598	0.0950170182	-0.0294399683	-0.0221454899	-0.0399645928	0.0658101003	0.0197437714	0.0421072848	0.0024149032	0.0522487779	-0.0177614635	0.0225897659	0.0573561029	0.0545674946	0.0191084059	-0.1067927827	0.0002118156	-0.0518465966	-0.0092064136	-0.0874569769	-0.1004829993	-0.0575338493	0.0090733059	-0.0118404164	-0.0354423719	-0.0004658113	-0.0213251907	0.1100833558	0.043272508	0.0311593244	-0.0439635772	-0.0030621079	-0.0156683287	-0.054825231	-0.0616897154	-0.0090377698	0.0711500485	0.0512752291	0.0490138903	-0.0469574267	-0.0627592382	-0.0664699098	0.0842593554	-0.0602306693	-0.0482542679	0.0018102754	-0.0664652985	0.0642267632	-0.0514333988	-0.0736957649	-0.0215671953	-0.0490424387	-0.0405997689	0.0140817546	0.1265085594	-0.0475358804	-0.0438484016	-0.0297801477	0.0086188925	-0.050913962	0.0832659277	-0.115965918	0.0586157937	0.0033980627	-0.0295822523	-0.0248263237	0.0567355942	-0.0461646754	-0.0479126699	0.0678333913	-0.0304917182	0.0889046976	-0.0167100476	0.0661995917	0.0011647764	0.0414243404	0.0886610031	0.0812859637	-0.0647899332	-0.0014613873	-0.003464275	0.0403972701	-0.0124740903	-0.0696326536	-0.0181174451	0.047927896	0.062877971	-0.0068262409	0.0585740193	0.1146433799	0.0290718515	0.0558661177	0.0168369345	0.0591466274	-0.0740673249	-0.0434483152	0.0716588969	-0.0032789206	-0.0241521735	-0.0940011904	-0.0603910662	0.0401019544	0.0244194144	0.021792454	-0.0663935598	0.0029246173	0.050607152	0.0160300229	-0.0317382122	-0.0131869832	0.0368103938	0.0613408349	-0.0393554683	-0.0585397245	-0.0081315719	0.0053048624	-0.0251143917	0.0379798845	-0.0510508491	-0.0178113211	0.0733236445	-0.0738788195	0.0190607341	0.0500436514	-0.0816395852	0.0520454508	0.054264551768199	0.003355198353276	1.125735598982665e-05	0.0029446415786035	0.0280015286276977	-0.0102446277391408	0.0007840856054877	0.0001049523975135	0.4099264757504528	0.0196066147826812	0.0003844193432364	0.1680397155211866	0.0002994290419494	-0.0006978991566904	8.965775116273553e-08	4.870632329093108e-07	0.001448309498466	0.000261504301505	2.0976004033468366e-06	6.8384499705618e-08	-0.0012817183217841	0.0001133750277055	1.2853896907245557e-08	1.6428018563970498e-06	0.0	0.0
1619.7223227645984	-1.0453402503687812	1.0927362390410662	2623500.402861946	2226.6893721097254	0.3201794816773144	4958145.559866403	0.1025149004871537	1709.4429438920454	-5.204236838600991	27.08408107225164	2922195.1784223025	1798.344519653897	1566.1987585922443	1.107622	30.496935	0.0545570063059922	0.0287400246772441	0.0756087695	-0.0231046841	-0.0034022682	0.088562989	-0.0254517181	-0.0059672358	-0.0625249904	-0.065960511	0.0764860783	0.0781347334	-0.038715556	0.0139900185	0.0395299758	-0.0090592342	-0.007162086	-0.0333041118	0.1386571489	-0.079300817	-0.0223888075	0.037660011	0.0805568093	-0.0640337185	0.0209970128	-0.0200296584	-0.0356085313	-0.069302732	0.1405133836	0.1016898556	0.0122303896	0.014281265	-0.0156813771	-0.0322025799	0.0348468633	0.0793660711	0.0676901603	-0.0241935842	-0.0356980111	0.1053798895	-0.028762398	-0.0205565614	-0.1181533006	0.0342025359	-0.0218423939	0.0309039292	0.0278070704	-0.0875244181	-0.0558182394	-0.0167880066	0.0095786009	-0.0445216442	0.0497084145	0.0098263917	0.0323172578	0.0096305375	0.0355316846	0.0028896645	0.0459711446	-0.036212492	0.1642285915	-0.0171901607	-0.0473985401	-0.0365464263	-0.0197552288	0.0353385791	-0.0154412781	0.0343042064	-0.0658697736	0.0046650755	-0.0102402047	0.0311841884	-0.0350390673	-0.0591089555	0.0051390019	-0.0053582466	0.0278423439	-0.0444246702	-0.0117524189	-0.0437889332	-0.0720969516	-0.059987697	0.0096678018	-0.0311249945	0.0406541816	0.0102065961	0.0215619764	-0.0898843325	0.1128490141	-0.0012408502	-0.0785331031	-0.0395032518	0.0426889018	-0.0239496968	0.0323464556	-0.0849640787	0.0577331728	0.0116843425	0.0064885194	-0.1287703239	0.0003650879	0.0201690928	-0.0293071921	0.0524565702	-0.0644598395	-0.0299313864	-0.0769761333	-0.0019353159	0.0541820364	0.0310329942	0.0206563813	0.0139141667	-0.0841888425	-0.0268364048	0.1257930015	0.0352438209	0.0254861449	0.0232001931	-0.0198359625	0.0550347154	0.0159380436	-0.0438704031	0.0512588987	0.0817767943	0.0757023793	-0.0415072849	0.1225273107	0.021186329	-0.0749929786	-0.0366876551	-0.0040537393	-0.0278955369	-0.0669092575	-0.0085041908	0.0237592224	0.0490096874	-0.0226612881	-0.0472964288	0.056495599	0.0073342637	0.0833589711	0.0363691743	-0.0554274672	-0.0547771029	-0.0043615636	0.013744019	-0.084138179	-0.0120276479	0.0016980736	-0.0559061079	0.1256449362	-0.0260485564	-0.0152147813	-0.0145438962	-0.0495442498	-0.059735798	-0.0172447407	0.0763183332	0.0454736369	-0.035672726	-0.0280826776	-0.0453455918	-0.0619154926	-0.0088298125	-0.0702670543	0.0918741499	0.0795369935	0.0241544703	-0.0771440905	-0.0517153317	-0.0161386543	0.0721591615	-0.0752698111	0.0231897558	0.0458939156	-0.0813264124	0.0571272725	0.0596782730316505	0.0054137212634515	2.9308377918346907e-05	0.0035614962720402	0.0527816873971573	0.0247801587694596	0.0027859065244912	0.0006140562686396	0.410478276357054	0.0005518006066011	3.044839094453964e-07	0.1684924153610579	0.0005139778757939	0.0002145488338444	2.641732568056097e-07	4.603120210403485e-08	0.0016281884572213	0.0001798789587552	2.650997652228677e-06	3.2356439802890864e-08	-0.0011999196010543	8.179872072980017e-05	6.691030713031841e-09	1.4398070489943105e-06	0.0	0.0
1622.3284432473	2.606120482701499	6.791863970356294	2631949.577769208	2224.9000556158912	-1.7893164938341215	4950180.257479596	3.201653515106834	1712.68048717152	3.237543279474721	10.481686486471933	2933274.4511380754	1799.0839315239723	1551.294464036804	1.086589	29.917826	0.0818807241439921	0.0393994909840615	-0.0702772309	-0.0095275696	-0.0294564871	0.0728046452	-0.0535147091	-0.0708350003	0.0031156594	0.0728386841	-0.061180727	0.019012229	0.0494146851	0.0499898853	0.0110894195	-0.0253183927	0.0296852637	0.005213102	-0.025045667	0.0096790181	0.0096779826	0.0099052826	0.0240264513	0.0275652718	0.012929397	0.0163667029	-0.0231584079	0.0609706154	-0.001787691	0.0456187062	-0.0025890629	-0.0091626115	0.0413806487	-0.0250022339	-0.058889	0.0187921459	-0.0327612432	-2.76235e-05	-0.0429782953	0.0536051417	0.0149809572	-0.0496796954	0.0141472523	0.0853692037	0.006628085	-0.036688714	0.0633142832	-0.0139827155	-0.0073604104	-0.0038945533	0.0241451182	-0.0499298102	-0.0519186616	-0.0595925228	0.0336409617	0.0982056193	-0.0448436517	-0.0614923344	0.0690464865	0.0098340638	-0.0526547618	-0.0489238977	-0.0327097575	0.0577310651	-0.0366665918	0.0028769208	0.0652240533	-0.0709375086	0.0275146667	0.0122420183	0.014955416	0.0934391202	-0.0541656881	0.0072269096	-0.0164861345	0.0623441051	-0.0627999789	-0.0253938431	-0.0824121765	-0.0001308456	-0.0315816419	-0.0178781806	-0.0269012552	-0.0382950826	-0.0222923304	0.0369605068	-0.044962794	0.0414872293	-0.0279139874	0.0450520116	0.0260241379	-0.0084141017	0.0814891189	-0.008277444	-0.0245999823	0.013574658	-0.0195367457	0.0333555562	0.0164272049	0.0311948003	0.0651257118	0.0239415729	-0.0243953704	-0.0449297822	-0.0315164053	-0.0459657824	-0.0829710987	0.0362209706	0.0540405311	0.0161330732	0.0389443131	0.0580828844	-0.0336155293	-0.0509101483	0.0443853546	0.0294344882	-0.0327937196	-0.0491237918	0.0380401146	-0.0980066326	-0.0341395797	-0.0287656477	-0.0891511115	-0.0887881853	-0.0682128776	0.0261089337	0.0122532152	0.0250814825	-0.0151810175	-0.0076291581	0.0511239922	-0.0640375393	0.0314480734	0.0226875267	0.0155048496	-0.0477405207	-0.1242661551	-0.128481854	0.0462008041	-0.0790816906	-0.0609848507	0.0789597374	0.0548835231	-0.0079059883	0.0126146631	-0.0172142726	0.0658450894	0.0821074019	-0.0243549686	-0.0507772516	0.0287463368	-0.0306999054	-0.0051189883	-0.0063865171	-0.0971114374	0.0077515448	-0.0411292856	0.0360969373	-0.0320129747	0.0159787601	-0.0520141466	-0.0429040238	0.0911040879	0.0521220243	-0.0806340526	0.0105030585	0.005321911	0.028367187	0.0134289869	-0.0523741431	-0.0144589085	0.0709234662	-0.076528754	0.0272552159	0.0415630576	-0.0805764318	0.0618083875	0.0735689025633661	0.0138906295317155	0.0001929495887873	0.005412383424378	0.0545644822325499	0.0017827948353925	0.0029772827213062	3.178357425102526e-06	0.4032678325745351	-0.0072104437825188	5.1990499540865374e-05	0.1626249447893632	0.0008969197146263	0.0003829418388324	8.044649744853235e-07	1.466444519283399e-07	0.0011833051661844	-0.0004448832910368	1.4002111163186905e-06	1.9792114264382305e-07	-0.0015520315910723	-0.000352111990018	1.239828535144362e-07	2.408802059686415e-06	0.0	0.0
1616.5247356360933	-5.803707611206619	33.68302203637764	2613152.2209233413	2239.2366346692825	14.336579053391231	5014180.706045014	205.53749895413625	1714.7122879305753	2.031800759055159	4.12821432449712	2940238.230380108	1808.8479126668176	1568.3767776209793	1.087074	29.931162	0.0353058873476549	0.0184174010389409	0.0765379456	-0.0426554785	-0.0243661981	0.0067816922	-0.0371558814	-0.1041772167	-0.0442129816	0.0320275982	-0.0502598182	-0.1549374525	-0.0344907744	0.0825277647	0.0989102142	-0.023410765	0.0709218916	-0.0658321949	-0.0162771277	0.0597532783	-0.0123991218	0.0319479477	-0.0504866197	-0.0116988767	0.0247113374	0.0515819554	0.1327524543	-0.0141399165	-0.0700925311	-0.0525691855	-0.0386205186	0.0638064628	0.0534959326	0.0278346459	-0.0307318758	0.0035312303	-0.0880163813	-0.0209287637	-0.0809432283	-0.0283623637	0.028763505	-0.0431764368	-0.0619944661	0.0277266274	-0.0070811924	0.0814671714	-0.0733464681	-0.0016683723	-0.0031874216	0.0249852042	-0.0099397443	0.0331272239	0.1163456522	0.0982851605	0.0523043927	-0.034223721	-0.0455925442	-0.0143848495	-0.0157251848	0.0078348131	0.0411741832	0.0762447682	-0.0170472505	-0.1158720803	0.0048004831	0.0882835201	-0.0193031022	-0.0305475473	0.0786320346	-0.1130586716	0.0782315941	0.0005102799	0.088353432	-0.0780989834	-0.0327041152	-0.0361946913	-0.0512989942	-0.03917452	-0.0386711087	-0.0096294697	-0.0004101608	0.0709917478	0.010007069	0.020503285	-0.0358229841	-0.069789382	0.059362062	0.0167891605	-0.0579249968	-0.0478217591	0.104230523	-0.0095534589	0.0796654228	0.0549211104	0.0557971795	0.1052279464	0.0322410452	-0.0207559239	-0.0836560183	0.0420182045	0.0216757136	-0.0513750115	-0.0126964284	0.030170123	-0.0483258902	0.122431321	0.0570709008	0.0276694572	-0.0142372593	0.0255837231	0.0177772964	-0.1089488302	-0.0513400525	0.0479942532	-0.0040856567	-0.003618049	-0.0204604039	0.0913937547	-0.0129728134	0.0165001918	0.0351591779	0.0340043308	0.0237150298	-0.0178500271	-0.0479529788	-0.0262525798	-0.037414619	-0.0257209917	-0.0988880769	0.1013117283	-0.0486363764	0.0517456783	-0.0289411973	-0.071262159	-0.0345264079	0.1276266849	-0.0040799131	-0.083358415	0.0495528661	0.0246723443	0.007741083	-0.0282770694	-0.0460054664	-0.0196081483	-0.025000018	-0.0256883701	0.0452129846	0.0056104559	0.0735579324	0.0403775362	0.029120502	-0.0014258728	-0.0406774028	-0.0191273267	-0.1057331446	0.022693242	-0.0149114068	0.0795817905	-0.0078319296	0.069565406	0.0336826168	-0.026746934	0.0465193204	0.0520783028	0.0513604018	-0.0794479259	0.0595575516	0.0544979436	-0.0257672376	-0.0530272111	-0.0127728206	0.0696177779	-0.0776534394	0.0312459714	0.0370681691	-0.0793936715	0.066055961	0.067016092334029	-0.006552810229337	4.29393219017049e-05	0.0044911566317231	0.0696927434594556	0.0151282612269057	0.0048570784909054	0.0002288642877494	0.4098167665774923	0.0065489340029571	4.288853657508897e-05	0.1679497821680308	0.0010084420889319	0.0001115223743056	1.0169554467293342e-06	1.2437239970758361e-08	0.0012132190246481	2.9913858463699984e-05	1.4719004017680868e-06	8.948389281862752e-10	-0.0015521129960721	-8.140499980005544e-08	6.626773992447027e-15	2.409054752575911e-06	0.0	0.0
1612.727064905326	-3.7976707307673214	14.422302979326808	2600888.5858781477	2217.730996991487	-21.50563767779568	4918330.775016854	462.492451928625	1710.0874573863637	-4.624830544211591	21.38905756267248	2924399.1119101583	1797.7938208215298	1529.099106729249	1.054202	29.026081	0.0660831578040155	0.0342669866384412	-0.0699462562	-0.0137163313	0.0362115055	-0.0161975103	-0.0014722888	-0.0219074349	-0.0635997962	0.0662959536	-0.1194321678	-0.0486995903	0.001344377	0.0221665084	0.0947230591	0.047615676	-0.0629696175	0.0018632764	0.1110843259	0.0798220508	-0.0369839463	0.0053739777	-0.1488156234	0.0551023681	0.0272762538	-0.0131686139	-0.077764201	-0.0090721205	0.000943987	-0.0888967093	0.016057508	-0.0838346384	0.0734449075	0.0239937342	-0.0315486007	0.1130244825	0.0353129101	-0.0804755048	0.024908124	-0.0745716486	-0.04209844	-0.0402750419	-0.0098260192	0.0187939084	0.0525569995	0.0839264665	-0.0828031837	0.0301841467	-0.0331881399	0.0232659897	0.0057062773	-0.0182407508	-0.0437703523	-0.0327688518	0.0613535167	0.0190824581	-0.0528481052	0.0409530355	0.0132373677	-0.0354299588	0.0341170311	-0.0901221184	0.1166066394	-0.0720802304	-0.0925034457	-0.0535362049	0.0093745785	0.111501777	-0.0206704966	0.0231949751	-0.0452475505	0.0365505098	-0.0087872496	-0.0401452694	0.0008870197	0.0198621987	0.0461146273	0.0090658644	0.0235905789	-0.0653953823	0.0499791478	0.0085740673	-0.0163537048	0.0187810867	-0.0579461987	0.0510134188	-0.0049648833	0.0548616831	-0.0699639788	-0.0143724087	-0.0319621085	0.1274132602	0.0710609134	0.0725297074	0.0108318153	-0.0639079864	-0.0135371052	-0.0113982573	-0.1106507742	0.0080296383	-0.0154232244	-0.1381535251	0.0072351369	-0.0808364961	-0.0593049029	0.0444883233	-0.0474699651	-0.0026737206	-0.118266847	-0.0118805103	-0.064619228	-0.0624487458	0.0589290581	0.0163915659	-0.0289904598	0.0133447399	-0.1679109105	0.0085313013	-0.0621163705	0.0359925382	-0.0582917259	-0.0958267649	0.0087914714	-0.003015856	-0.0063959339	0.0132722857	0.0821784926	-0.0147310035	-0.0441922385	-0.0007546169	-0.1228597089	-0.0013544673	0.0021667552	-0.0376443839	-0.050773947	-0.0023655822	-0.0545951016	-0.103174289	-0.0114882435	-0.0184825169	-0.0634834712	0.0006194005	-0.0822644575	-0.1450662202	0.0575018041	-0.0319443466	0.0359205849	0.0545014908	-0.0056784367	-0.0084400338	-0.0685812481	0.0963495778	-0.0107686162	-0.0222438058	-0.0626231605	0.0784525653	-0.0077957804	0.0394983904	0.0123538964	0.0504424964	-0.0632658096	-0.0930080906	0.0319643806	0.0188466082	0.0437109282	-0.0938277532	-0.0221231084	-0.0656310304	0.0505559646	-0.0536744641	-0.0110811301	0.0682433853	-0.0786418943	0.0351510839	0.0324269895	-0.0777844842	0.0698401994	0.0630762748762663	-0.0039398174577627	1.552216160049175e-05	0.0039786164522663	0.053167850782458	-0.0165248926769976	0.0028268203568257	0.0002730720779862	0.3895290637961821	-0.0202877027813102	0.0004115908841427	0.1517328915419301	0.0010731746019135	6.473251298159998e-05	1.1517037261921993e-06	4.190298236913011e-09	0.0011118509653185	-0.0001013680593295	1.2362125690796805e-06	1.0275483452249296e-08	-0.0012115986706244	0.0003405143254477	1.1595000583510224e-07	1.467971338658813e-06	0.0	0.0
1613.3410763817622	0.6140114764361897	0.3770100931953495	2602869.428740663	2215.246010545123	-2.484986446363564	4907314.887236084	6.175157638610615	1706.777762118253	-3.3096952681107723	10.954082767754835	2913090.3292613914	1794.3630166490534	1546.363226027716	1.094064	30.123619	0.0516697512851123	0.0286961558456251	0.0636320698	-0.0556619864	-0.0738056588	-0.0520326141	0.0316090881	0.0993836644	0.0260772836	-0.0808187099	-0.0064971723	0.0183137708	-0.0463140106	-0.0043880405	0.0593176158	0.0825590008	-0.102674826	-0.1734346069	0.0178657316	0.0083597803	-0.0525811429	0.137331362	0.0604063312	0.0854666002	0.0023016621	0.0178848555	-0.0316304111	-0.1263844684	0.0661335131	-0.029280525	-0.0524496634	-0.0274536173	-0.0489925241	-0.0327537712	-0.069967782	0.0317653116	-0.042424573	0.0126043067	0.0081013239	-0.0979474206	0.0684811451	0.0984923108	0.0089342103	-0.0256530227	-0.0370514402	0.0537760018	0.0149279017	-0.0575028926	-0.0305845608	0.1236968958	-0.0383827705	-0.0060362394	-0.0809200244	0.050648531	0.048129528	-0.0234431557	0.0368225192	0.0155991325	-0.1707151477	0.0162359598	0.0254169444	0.0021854536	-0.0228085618	0.0104419401	0.0610377664	0.0069815493	-0.0774303362	0.0229496142	0.0368731382	-0.0004851329	-0.0284384476	0.0190483787	-0.042946452	0.0088557781	-0.0569495699	0.0261733742	0.0849284922	-0.0317376075	-0.077689911	0.0666349886	-0.010483053	0.0304073331	0.0546209143	0.1067190304	-0.099847949	-0.0567376858	-0.0400837377	-0.0415852772	0.0623617623	-0.0023696028	-0.0768590477	0.1251193702	-0.0076062826	0.1183845312	-0.0065600729	-0.0556182329	0.0354803743	-0.0306987833	0.0164416537	0.0475494863	0.0731164029	-0.0018936549	0.1008667483	0.0035571276	0.1174939346	0.1203320884	0.056426286	-0.0369994629	0.0277677262	0.0849105104	0.0018636685	-0.0397567295	-0.0208938561	0.0279906978	-0.0347470115	0.0070585066	0.056578758	0.0220201879	-0.097389495	0.0193514448	-0.0539866234	0.1053108333	0.0672134829	0.0451024143	0.0533749987	-0.002475177	-0.0199654505	-0.0294641516	0.0540915962	-0.0783777993	-0.0254380826	0.0451020626	0.1012933935	0.0049458995	0.019150877	-0.005500775	0.0087472418	0.0124844996	0.037738608	-0.0670614111	-0.0520236909	-0.0505720254	0.0479910554	-0.0202220346	0.0310342512	-0.0134060893	-0.0777134104	-0.0340196797	0.0731154744	0.0447888475	-0.0828890452	-0.0609688469	-0.0174324487	-0.0005979233	0.0011758972	-0.0184979771	-0.0306377611	-0.0135899309	-0.0024494906	0.0175218204	0.0875415361	-0.0091936785	-0.0142108835	0.0162147262	0.0492491227	-0.059211187	-0.0700563222	0.0434040154	-0.0430559569	-0.054315831	-0.009384579	0.0668016447	-0.0794923845	0.0389598496	0.0276578354	-0.0757575129	0.073134559	0.0629524776213656	-0.0001237972549006	1.5325760320947084e-08	0.0039630144386685	0.0696020821903431	0.0164342314078851	0.0048444498452312	0.0002700839619679	0.4104849858195436	0.0209559220233615	0.0004391506678492	0.1684979235832709	0.0011318106857466	5.86360838330999e-05	1.2809954283701888e-06	3.4381903272823193e-09	0.001205741663881	9.389069856250008e-05	1.4538129600185225e-06	8.815463276554252e-09	-0.0013421879002081	-0.0001305892295837	1.7053546883264334e-08	1.8014683594650288e-06	0.0	0.0
1617.0588443945785	3.71776801281635	13.821798997120434	2614879.306234729	2216.5554303224844	1.3094197773611995	4913117.975692094	1.7145801533446534	1710.1244375887784	3.346675470525497	11.200236705017057	2924525.592038336	1795.540658405077	1556.9784448271996	1.039426	28.619236	0.068941274975101	0.0360166616203466	0.0036592406	-0.016094325	0.0828501636	0.079306108	0.0585649016	0.0397774935	0.0349775687	-0.0011874115	0.0414178228	0.0679548484	0.0558399769	-0.0786771106	0.038222243	-0.0733452899	0.0303773948	-0.0305454443	-0.0401860195	-0.0480955923	-0.0656317525	0.0606302843	-0.0683317612	0.1030822062	-0.0141191284	-0.0757544736	-0.1074455616	-0.0718662523	-0.0029127339	0.0703327943	-0.0533525216	-0.034530033	0.0256524091	0.0957913948	0.1351814291	-0.0325213946	-0.0367272114	-0.0638491029	-0.1111116874	-0.0853578046	-0.0565334286	-0.105063869	-0.0270423128	0.0131684404	0.0450635073	0.0020103145	0.0526982146	-0.0077524933	-0.0312890759	0.0121076699	-0.0055362075	-0.004075776	0.020156574	-0.0479252978	0.0794677852	0.0058446307	0.1257674541	-0.0238705942	0.1035129709	0.1388317834	-0.0751796066	0.0671802222	-0.0114797046	-0.0637254977	0.0022833211	0.030029151	-0.0049920754	-0.0540662264	-0.0290488697	0.0421820513	-0.0453800327	0.1189236955	0.0781821664	0.050350412	0.0770912825	-0.0166255163	0.0414303859	-0.0081206033	-0.0904963542	0.0106231116	0.094514493	0.0048302066	0.0335658717	-0.0084293224	-0.018755464	0.0770393532	0.0330425867	-0.03199033	0.0318793138	0.0233487697	-0.0894385965	-0.0732815702	-0.0827924519	-0.0665033175	0.0402546612	-0.0702087731	0.0048257171	-0.0179300249	0.005917882	-0.0101698946	-0.0103080944	0.0447541193	-0.0531778299	-0.0726537588	0.0414940249	0.0458145966	-0.0143432173	0.0652740382	0.021303232	-0.0060087817	0.0801882342	-0.0217334446	-0.0009827735	0.0744683068	0.0419620276	0.0032366774	-0.0302018845	0.0101594275	-0.07614559	0.0064968571	0.0137107715	-0.0517061516	-0.06491303	-0.0307997491	-0.0650051607	0.1166777386	-0.0007062675	-0.0289592658	-0.088608552	0.0779449566	-0.0566473025	-0.0143614273	0.0772429685	0.0745776451	0.0926183767	0.1536112322	-0.0181221558	-0.0570763781	-0.0287058347	-0.0533572351	-0.0241007767	0.0419302719	0.0770936498	-0.0216195936	-0.0219885527	-0.0057514517	-0.0629215436	-0.0110440127	-0.0499834426	-0.0529333125	0.0655042813	0.0547185636	0.0126051601	-0.0127447085	0.045267735	-0.0940640259	-0.0077321935	0.0163647236	-0.0062771163	0.0272512108	0.0186161944	-0.0734119892	-0.0515793926	0.0233700395	0.064439165	-0.0107111557	-0.0030215124	0.0630418286	-0.0162832164	-0.0549512416	-0.0076839116	0.0652939789	-0.0802034182	0.0426618292	0.0227795284	-0.0733236445	0.0759159322	0.0659780008956829	0.0030255232743172	9.153791083435636e-06	0.0043530966021907	0.0464678414873702	-0.0231342407029728	0.0021592602924953	0.000535193092903	0.4239104493183845	0.0134254634988408	0.0001802430701587	0.1797000690413146	0.0007181985000001	-0.0004136121857464	5.158090854023936e-07	1.7107504019799718e-07	0.0010730341263258	-0.0001327075375552	1.1514022362597729e-06	1.7611290523964858e-08	-0.0013013866735304	4.080122667770008e-05	1.6647400984050647e-09	1.6936072740425197e-06	0.0	0.0
1618.8074975275588	1.74865313298028	3.057787779481749	2620537.714051437	2223.7696089808715	7.214178658387027	4945151.273826938	52.044373715126845	1715.557810724432	5.43337313565371	29.52154363124343	2943138.6019376065	1803.5912589126312	1546.0271932301505	1.007227	27.732689	0.0524191070945547	0.0261088207751416	-0.0414927385	-0.0022202669	-0.0537505102	0.0019202626	-0.0169492055	-0.0561639379	-0.0063888557	-0.0222614996	-0.061813844	-0.0139167079	0.0818375032	0.0351423785	-0.0227109106	-0.0480848868	0.0199038457	0.0313656891	-0.0574785636	-0.0146247552	-0.0840080355	0.046747652	0.03507394	-0.031512615	-0.063901839	0.0686581409	0.0144862124	-0.0126416863	-0.0688352863	0.0513135578	-0.003691971	-0.0392563973	-0.0379816906	0.0623651429	-0.0160035939	-0.0783302739	-0.0305859433	0.0434525992	0.0151166831	0.0047999287	0.1204076287	-0.0372296617	-0.0767087217	-0.0372776078	-0.095429431	0.0395893497	0.0450054814	-0.0044006066	-0.0099558598	-0.0612760925	-0.0435971803	0.060640797	-0.0078562921	-0.0466812261	-0.0658269748	0.070922891	-0.0809545474	-0.0530061267	-0.0128743163	-0.0672902707	-0.0087933491	-0.0491046001	0.0403748553	0.0028282685	0.0771459076	-0.0274058782	-0.1174443808	-0.0992814895	0.0667128403	0.038072894	0.0801181028	0.0811064391	0.023299567	0.043984845	0.0071382495	0.0336803875	0.0893078062	0.0201096301	-0.0147003094	-0.0804652035	-0.0016413512	-0.0567013025	0.0587138067	-0.0435738618	-0.101878263	-0.0522810674	-0.0557142727	0.0401558104	-0.0194821229	0.0480439951	0.0351077013	-0.103141374	0.0082928078	-0.0226193444	0.0173918474	-0.0399317323	-0.052639401	0.0546211954	0.0843080603	0.050383301	0.0223095713	0.0559160438	-0.0131159204	0.0309702004	0.007533107	-0.0260148129	0.1745852844	-0.0069599115	0.0485381004	0.0292536652	0.0177970623	0.0046428348	0.0032886397	0.005089285	0.0004695162	-0.0993858518	0.0552011617	0.041002397	0.0344616722	0.0183327931	-0.0517379921	0.0500101009	0.0211938571	-0.0617151514	-0.0451009163	0.0248294474	-0.0578865598	0.0158628802	0.02615233	-0.031691756	-0.0083487646	0.1539957589	0.039570358	-0.0143184217	-0.0484335677	0.0210293372	-0.0897849343	-0.0285301047	0.0572595633	-0.0805844766	0.0767017002	-0.0075206547	0.0467904936	0.0328333756	0.0801855512	-0.0272388212	0.0634450239	0.0356866641	-0.0143676479	-0.0335596756	0.0099022581	-0.0738601291	0.0634939932	0.0680370918	-0.0299223106	0.0008616806	0.0540286074	0.0942856998	0.0205569626	0.0023435748	0.0735310374	0.0174083871	0.0343102848	0.090472536	-0.0016947625	0.0142345451	0.016593104	-0.0038103667	0.0093667701	-0.0555806262	-0.0059798738	0.0637218759	-0.0807737477	0.0462468756	0.0178113211	-0.0704959515	0.0781648097	0.0490442259334713	-0.0169337749622116	0.0002867527344708	0.0024053360974133	0.0527994866983618	0.0063316452109915	0.0027877857956104	4.0089731077872816e-05	0.4217034571018629	-0.0022069922165215	4.870814643786912e-06	0.1778338057316627	0.0005388916356703	-0.0001793068643297	2.904041949954114e-07	3.2150951595785295e-08	0.0014026586484878	0.000329624522162	1.967451284177621e-06	1.0865232561052683e-07	-0.0012713841659256	3.0002507604799883e-05	9.001504625760749e-10	1.6164176973663335e-06	0.0	0.0
1619.0523212278451	0.2448237002863607	0.0599386442219057	2621330.4188732733	2225.9575403324693	2.187931351597854	4954886.971362976	4.787043599304812	1713.9558534934304	-1.6019572310017338	2.5662669699587424	2937644.6677243933	1800.5288464021187	1531.6815541957906	0.92394	25.439501	0.0713656940423572	0.0375354374750001	-0.0003739055	-0.0479684793	0.0091873447	-0.0227713718	-0.1138803367	-0.0257847091	-0.0294940526	-0.0478156112	0.0082818326	-0.0408587799	0.0290655116	0.1084019438	0.0150998824	-0.086294334	-0.0322702226	0.0251056692	-0.0396605735	0.0083337554	0.0399264447	-0.0238726613	-0.0192796748	-0.029393049	-0.0124444072	-0.0179546548	0.0967668206	-0.027560469	-0.0195386203	-0.0355732585	-0.0264827591	-0.0486356388	-0.08178422	0.0250307819	-0.0365592869	0.0176743162	0.0598618868	0.0715590672	-0.0665193736	0.0049102796	0.0067922578	-0.0917503869	-0.076981767	0.0145493851	-0.0527004265	-0.0001363422	-0.0587873096	0.1164658783	0.0071171086	-0.0891202325	-0.0610669629	-0.0478512753	-0.0902155006	0.0666528773	-0.0056150974	-0.0840823994	-0.0259532866	0.0778267421	0.0992313946	-0.0623495117	0.0049263947	0.0708165388	-0.0078367932	0.0438326242	0.1222761215	0.0118418682	0.0252701697	-0.0078431378	0.0281666137	0.0667505412	-0.0096187198	0.0083409836	-0.0160142099	-0.0298205127	0.0277427355	0.0161989487	-0.0142899733	0.0470004463	0.007781837	-0.0769597789	-0.1033761736	-0.0615717546	-0.1101272017	0.0832850467	-0.0362003406	-0.0676399207	0.0411297213	-0.037181747	-0.0030049558	0.0813760719	0.0516316897	-0.0069731539	0.0265941984	-0.0436741124	-0.0300983544	0.014694213	0.0293894607	0.0249583802	0.0685410673	-0.0121643044	-0.001323622	-0.0213054203	-0.1270820639	-0.0433926406	0.0314416749	0.0255784253	0.0010456666	0.0905442326	-0.0642441832	0.0269873627	0.0687976481	-0.0593822106	0.0037450877	0.0493168119	-0.0584190979	0.0039016941	-0.067988936	0.0345838318	0.0027472535	0.0872459443	-0.0202436134	0.0882902502	0.0820137711	0.0715449111	-0.0684634901	0.0099895691	-0.0204710798	0.0212846144	0.0275696725	0.0148486885	0.0487573295	0.0002514441	-0.1325558502	0.0111040346	0.0872216431	-0.0239188778	-0.0720619821	0.0922035451	0.0091784858	0.0152703404	0.0696840807	0.0984268178	0.0345557002	-0.0212252556	0.100588396	-0.0349625559	0.0451380335	0.0123058208	0.0628517272	-0.010688389	-0.0059579978	0.0407154916	-0.01710361	0.061567646	-0.0883788832	0.0047893108	-0.0069474086	0.0688815866	0.0501415994	0.0270437046	0.0445788201	-0.0330653612	-0.0035153445	-0.0500175352	0.0509196521	-0.0065421734	0.1123143871	0.0196212401	-0.0039691986	-0.0562039158	-0.0042732129	0.0620868871	-0.0812023727	0.0497051625	0.0127728206	-0.0672896215	0.0798654172	0.0619018011817047	0.0128575752482334	0.0001653172412639	0.0038318329895392	0.0750586077957109	0.0222591210973491	0.0056337946042303	0.0004954684720264	0.4101763199877482	-0.0115271371141147	0.0001328748900476	0.1682446134786915	0.0005661797903487	2.728815467839996e-05	3.205595549992979e-07	7.446433857522814e-10	0.0013770171117193	-2.564153676849995e-05	1.896176125967763e-06	6.574884078503347e-10	-0.0017128916861319	-0.0004415075202062	1.9492889039871642e-07	2.9339979284197835e-06	0.0	0.0
1617.2008487737246	-1.85147245412054	3.4279502483671336	2615338.585274455	2220.0326841893216	-5.924856143147736	4928545.118868844	35.10392031699546	1712.7366184303978	-1.2192350630325564	1.4865341389280016	2933466.7241123943	1798.0875479866584	1549.511277258178	0.937831	25.821957	0.0601358637081766	0.0303831973047275	-0.0366864053	-0.0607297522	-0.0078076283	0.0047116557	0.0387288461	0.0324939661	-0.1059194449	0.0785840987	-0.0360237002	0.0134874059	-0.0254140523	0.0105363454	0.0907719482	-0.0219438853	-0.0699909855	0.0845069084	-0.0784297897	0.077048509	-0.0380557086	0.0040757278	0.0288011057	0.0704052311	-0.0208622238	0.0294219111	-0.1004136941	-0.0248307728	-0.0341691754	-0.0836101435	0.1227871982	0.0620816059	0.0391510281	-0.0083926931	-0.0600994767	-0.1616627551	0.0065816127	0.0797220795	0.0353788328	0.0212913836	-8.42061e-05	-0.0516360429	-0.009799024	0.0685339805	0.0509795848	0.001688991	-0.0854975743	0.0160501751	0.0180476422	0.0594082869	-0.0066663446	0.0077650675	0.0195913549	0.0483259	-0.0842787308	-0.0871108639	0.0864011434	-0.0647044673	0.0120319981	-0.0725567935	0.0834613794	-0.1170279098	-0.0254473744	0.0844556367	0.0131936856	0.0129907629	-0.0089974939	-0.0157857469	0.0287816534	0.0869039509	0.023568028	0.0052523591	0.0617078518	-0.0993201455	0.0065394006	0.0103049264	-0.0078021127	0.0579561728	-0.0523323136	0.0434438724	-0.0822864774	0.0580768977	-0.0163650406	-0.0328528104	0.1101469466	0.0529219469	-0.0056523844	0.079314475	-0.0118442813	0.0201890764	-0.0642625302	0.0342395251	0.0854043234	0.0892037972	-0.0187906084	0.1066508924	-0.0298702893	0.0205750527	0.0709435639	0.0430538473	0.0447630794	0.0590755639	-0.0371013952	-0.0961918534	-0.0574432483	0.0504792511	-0.0171076246	-0.0179407917	0.0975857458	-0.006406739	-0.121249792	0.0462355045	0.0472193061	-0.0476720289	-0.0847719644	-0.0932376798	0.0196428941	0.0278734302	0.0147334982	-0.0169158203	-0.0732269217	0.0853814203	0.0566343297	0.0602138252	0.0504474066	0.0333342836	0.1412732377	0.0589291783	0.0522591701	0.0138280796	0.1120728588	0.0030603743	-0.0331845567	-0.1037069711	0.0298992126	0.0072654978	0.0350462193	0.0697517185	0.0459509296	0.1578136393	-0.0424484769	0.0207388443	0.032509872	-0.0266035886	0.0950715273	-0.0452624445	-0.0350412741	-0.0122432735	-0.0257720085	-0.0324790685	-0.0847284903	0.0210466803	-0.0018945117	-0.0044997851	-0.0449483193	0.0494067582	0.0522972528	0.0834339567	0.0197253488	0.0458756247	0.0371646914	-0.0635018276	-0.0171063697	0.0334083969	0.1205055069	0.0039421936	-0.0055426558	-0.0199812499	0.1126672628	-0.0568210419	-0.0025646777	0.060390626	-0.0814885411	0.0530272111	0.0076839116	-0.0637218759	0.0810058262	0.0742529147583326	0.0123511135766278	0.0001525500065827	0.0055134953501082	0.0530745489352	-0.0219840588605109	0.0028169077446749	0.0004832988439824	0.426348348383101	0.0161720283953528	0.00026153450242	0.181772914168998	0.0005510374594692	-1.5142330879500013e-05	3.036422817382702e-07	2.2929018446425964e-10	0.0012060277104344	-0.0001709894012848	1.454502838335641e-06	2.9237375351768534e-08	-0.0017193332114812	-6.441525349299912e-06	4.1493248825673345e-11	2.9561066921022564e-06	0.0	0.0
1612.5753081328985	-4.625540640826102	21.39562621993395	2600399.1243999125	2226.502080121917	6.469395932595489	4957311.512787224	41.85308373268306	1711.592246315696	-1.1443721147018096	1.3095875369070915	2929548.01764801	1799.9927173358749	1551.2533690251128	0.949498	26.143183	0.0375506198273681	0.0189310299104101	0.0689955664	-0.0101858996	-0.0337535041	-0.0017626066	0.0084591868	0.0232894703	-0.1074635873	-0.0377124185	0.0287029087	-0.0149986552	-0.0346117366	-0.0226363731	0.1513369973	0.0147728523	0.0124798607	-0.0108285864	-0.0042639369	0.0029470219	0.0119399546	-0.0452961646	-0.0561167421	-0.1192309332	0.0224256121	-0.0580702201	0.0844424065	-0.0239795804	0.0743007437	0.0261069255	0.0455091358	0.0905284286	-0.0706924157	-0.0814631938	-0.0789300762	0.005945397	0.0140845748	0.0215842893	-0.0043892768	-0.0207076865	-0.0729003179	-0.0974303904	-0.0406911484	0.0484269487	-0.0788913721	0.0094458678	0.0168734041	-0.0664716174	0.0004565377	0.0143875043	-0.0088409879	0.0253152074	-0.010693423	-0.0382068845	0.0062513852	-0.0159808496	0.0534712716	5.15753e-05	-0.0815804056	0.1256901962	0.0356635824	0.0443263302	0.0814245472	-0.1171323017	-0.0751999476	-0.0385083095	0.0327915395	0.0893902502	0.0450740745	0.0016652848	0.0725391535	0.0022989095	0.0110852112	-0.1222582836	0.110234535	0.0362319887	0.0540355538	0.0257902058	0.0559537687	-0.0162353209	0.01820219	-0.020540595	0.0142437903	0.0906782899	0.0398066673	-0.0147395394	0.0493903839	-0.0587415949	0.0573840013	-0.0557123105	-0.015164665	0.0402067112	0.0735240384	0.0026991302	0.0329156209	0.0615489862	0.1122710523	0.0366078289	0.0445820956	-0.0238836178	-0.0431751141	-0.0863130233	0.0555192756	0.0308412193	-0.0133461348	-0.0036047219	-0.0667438597	0.0197810811	0.0361830031	-0.0190277346	0.0322146343	-0.0915394724	-0.0252277803	0.0260248589	0.0036245333	-0.0192845698	0.0624113104	-0.0242543195	0.0412617484	0.008089686	-0.0155605478	0.0095935677	0.0127263655	-0.0093348132	0.0493238362	-0.0193751014	-0.0397823813	-0.0326374292	-0.1764918576	0.1221539574	-0.0079200129	-0.0434948318	0.0610369401	-0.0434322448	0.0851047621	-0.0170057267	0.0283290921	0.0577093398	-0.0413513057	-0.0528884511	0.005600155	-0.0932110895	-0.0566034306	-0.048130783	0.0073954238	0.0189047098	-0.101015295	-0.0624355743	0.0092348684	-0.011461343	-0.0098994378	-0.0167597885	-0.0117528415	-0.0045161616	-0.0532358425	0.0369649558	-0.0121341477	0.0298170943	0.0541571662	0.0407917908	-0.0118865264	0.0188194152	0.0160260202	-0.0701865887	0.0681717073	0.0968210173	0.0215388514	0.0070346887	-0.0659858217	-0.057431937	-0.0008550176	0.0586347667	-0.081631751	0.0562039158	0.0025646777	-0.0598118772	0.0815780375	0.0739688381909218	-0.0002840765674107	8.06994961518989e-08	0.0054713890233147	0.0665207701321577	0.0134462211969576	0.0044250128589753	0.0001808008644775	0.4223928112570263	-0.0039555371260746	1.564627395575498e-05	0.1784156870016138	0.0007396581530566	0.0001886206935874	5.470941833831007e-07	3.5577766049391835e-08	0.0013763799169228	0.0001703522064883	1.8944216757084132e-06	2.9019874255466425e-08	-0.0016810104128185	3.832279866269992e-05	1.4686368973418343e-09	2.825796008004224e-06	0.0	0.0
1613.285085059753	0.7097769268546017	0.5037832858951626	2602688.765676255	2207.879450913502	-18.62262920841522	4874731.669766107	346.8023186341197	1709.3871839488636	-2.205062366832408	4.86230004162054	2922004.544648626	1792.6348352477278	1531.4942288148388	0.995305	27.40443	0.0389114078452742	0.0250811295064257	-0.0583475586	0.049741671	0.0169948825	0.0351120705	-0.0003413035	0.0076281789	-0.0032604085	0.0634600579	-0.0411880572	0.1183572649	0.0084854249	-0.0185309177	0.0709491387	-0.0040934521	0.0201005271	-0.0062630135	-0.0288502805	-0.0970416115	0.0581003241	0.0197272672	-0.0537152452	0.0355805641	0.0331924087	-0.0186366556	-0.0891375767	0.0836562032	0.136423897	0.0285516599	-0.0090824034	0.0301271868	-0.0358649263	-0.006967973	0.0218072647	-0.042151957	-0.0370431492	-0.0962299289	0.0281846479	-0.0064495976	0.0432013172	0.083463777	-0.0256839628	-0.113144846	-0.0127660587	0.0226102628	0.0048049026	0.0534850772	-0.0110706503	-0.0461347347	-0.0152669681	-0.0852767682	0.0188548328	-0.006540844	0.0309085083	0.0785090672	-0.0649024575	-0.051241667	-0.0691846814	-0.0112700542	-0.0797593817	0.0362209153	-0.0411945751	-0.021292994	0.0129426545	-0.0145231437	0.0904443333	0.0374029488	0.0280577077	-0.0228624335	0.0733104559	-0.0118079361	-0.0279851842	0.0578681812	-0.0610276643	-0.0165374259	-0.0914750035	0.0497162915	0.0871204902	0.0238396444	0.0960224542	0.0133830251	0.0013060123	0.029163686	0.0187662631	0.1133994303	-0.0571348165	0.0059658866	0.0388033343	-0.0365603135	-0.0071455002	0.0434161319	0.0399282061	-0.0744596242	0.0122070426	-0.0808343204	0.0245548185	0.003658818	-0.0009330114	0.0450686769	0.0485978192	-0.0191832915	-0.0588536657	0.0549753268	0.011277659	-0.0708127305	0.05533281	-0.0945224075	0.0068760565	-0.1516311059	0.0631230924	0.037017624	0.027472808	-0.0253766198	-0.0703926483	0.0125792843	0.0111748648	-0.0007824564	-0.0360263539	0.0806375044	-0.0216595997	-0.0773785354	-0.0680041447	0.019285834	-0.0340843541	-0.0122114467	0.0131529649	-0.0687401376	-0.0386992233	0.0154280971	-0.0272888989	0.01599708	-0.073990007	0.047248496	-0.0493240312	-0.0107894277	0.0202256146	0.0592245594	-0.0084394317	0.0249179268	-0.0535788958	-0.0646271066	0.0026496605	0.0427336592	-0.0422786097	0.0383462539	-0.011089981	-0.0070949214	-0.0778458691	-0.0556096456	0.0465492883	0.0036129543	0.0141928186	-0.0023435982	-0.0334512536	0.0075484259	-0.0531561294	-0.0433391638	0.0173732142	0.0241656598	-0.0669118441	-0.0691076914	0.0495672659	-0.0147598214	-0.0187662473	0.0878192389	-0.0305507247	0.0147574647	-0.0660154406	-0.058036534	0.0008550176	0.0568210419	-0.081631751	0.0592265694	-0.0025646777	-0.0555806262	0.0815780375	0.0738198881018945	-0.0001489500890272	2.2186129021238913e-08	0.0054493758793762	0.0616827077138424	-0.0048380624183152	0.0038047564309113	2.340684796351485e-05	0.4222194508735697	-0.0001733603834566	3.0053822552223244e-08	0.1782692646959787	0.0008272623524114	8.760419935480005e-05	6.843629997172435e-07	7.67449574459555e-09	0.0012059736274683	-0.0001704062894544	1.45437239014905e-06	2.9038303485650836e-08	-0.0012640002025383	0.0004170102102801	1.7389751547793657e-07	1.5976965120168636e-06	0.0	0.0
1614.1976547515412	0.9125696917881214	0.8327834423702669	2605634.068605376	2234.8238005360145	26.94434962251262	4994437.419442236	725.9979765801959	1711.9029620916194	2.515778142755835	6.3291396635679975	2930611.7516180607	1802.2098824966613	1550.1331424456955	0.942279	25.944418	0.0326140326908802	0.0201820693819376	0.0242051833	0.0253391794	-0.0702027061	-0.0316723798	-0.0032056582	-0.0075675067	0.1131997517	-0.0096585536	0.0496935173	-0.0035476552	-0.0079552586	0.0700973015	-0.0074683856	0.0598654474	0.0723303179	0.0732378856	-0.1017839324	-0.1503113164	0.049404872	-0.0405004475	-0.0033423455	0.0512869679	0.0428533998	0.0193167392	0.0795570835	-0.0033743164	0.02139256	-0.0213361501	-0.0375393813	0.028197415	0.0427465812	0.0751592895	0.0383139788	0.0352346621	-0.041301041	0.0005652623	-0.006093895	-0.0767059078	0.0051576564	-0.0116715144	0.0007348832	-0.0397395785	0.0159579905	0.0145566346	-0.0726356229	0.0576736141	0.0222913876	0.0061526787	0.0738481118	0.1334337105	-0.0431076223	0.0377771384	0.0673348944	-0.0604707015	0.0447763837	0.0332975783	0.022994652	0.0139099476	-0.062971471	-0.0862166186	-0.0074389338	-0.0543377185	-0.0360433007	0.0055493612	0.0194926668	-0.0564417867	-0.0505007785	0.1482585503	0.0922498125	0.0069756127	0.0363243694	0.0521911445	-0.0152665297	0.0767128869	-0.0680961347	0.0049103659	0.0753550474	0.0051771262	0.1302940133	-0.0060637801	0.0284353317	-0.0212994814	-0.0968588955	-0.0359749186	-0.0125629098	-0.0290649553	-0.0025524205	-0.0421512524	0.0885443118	0.0302834841	-0.0134354432	-0.0387820981	0.0206108512	0.0309692383	-0.057743863	-0.0360858334	0.0575871439	0.0387865675	-0.0260168733	0.0887093781	-0.0668960072	0.0176270038	-0.0399777112	0.0337606275	0.0141262059	0.0472215333	-0.005879417	-0.0190796192	-0.0119299026	-0.0830813644	0.0563462202	0.0497900824	-0.0061169378	0.1055677034	-0.002393445	-0.0323941888	0.0291952805	0.033768424	-0.0428345584	-0.0120672254	-4.2094e-06	0.0258278419	-0.0403571067	0.1487199245	0.0128663845	-0.0786176191	0.0347805299	0.004271406	-0.0743086038	0.0135226541	0.0075385836	0.0798339004	0.0058200194	0.0569925384	0.0691335014	-0.0621525956	0.0434425697	0.0448018297	-0.0082845032	-0.1043717248	-0.0558355131	-0.0430939956	-0.0082179675	0.0376251098	0.0288687264	-0.0341822317	0.017267192	0.018853912	0.0192716721	-0.1069106741	0.0091114082	0.0207888884	0.0295312699	-0.0308757447	-0.0552479154	-0.0463651871	-0.029764764	0.0450693415	-0.0140847691	-0.0474477565	-0.0267295209	0.0143976207	0.0165757999	0.0270178523	0.0019239029	0.0685960179	-0.0047775798	-0.0586347667	0.0025646777	0.0549512416	-0.0814885411	0.0620868871	-0.0076839116	-0.0510508491	0.0810058262	0.0738631320598273	4.324395793278701e-05	1.8700398976926527e-09	0.0054557622776874	0.0724581798105106	0.0107754720966682	0.0052501878214522	0.000116110798906	0.435256056515044	0.0130366056414742	0.0001699530866513	0.1894478347330271	0.0008273683001854	1.0594777399993392e-07	6.845383041516781e-07	1.1224930815541076e-14	0.0012059062118758	-6.741559249994616e-08	1.4542097918406417e-06	4.544862112118797e-15	-0.0014390010590679	-0.0001750008565295	3.06252997860936e-08	2.070724047998537e-06	0.0	0.0
1615.5002219626183	1.3025672110770756	1.6966813393731108	2609840.967161269	2237.007386075007	2.183585538992702	5004202.045354136	4.768045806098049	1713.909316850142	2.006354758522548	4.025459417046071	2937485.1463857205	1802.0975417298343	1529.94190757295	0.954532	26.281811	0.0770109885382728	0.0474851375629182	0.0165702899	0.0439892658	0.104658368	-0.0044967043	-0.0622190164	0.0091153981	0.0675108596	-0.0066499709	0.0740243427	-0.0254789119	0.0484757013	-0.0062338753	-0.0705160221	-0.0374853368	0.0165717773	0.0545267331	-0.0234862811	-0.0200700543	0.0009170708	0.0076793096	-0.0101252919	-0.0099373769	0.0429830254	-0.0646828045	0.0492240466	0.0384949354	-0.0847315655	0.0276960034	-0.0580315183	0.0129164035	0.0561021104	-0.0097062463	0.0250312771	0.0166187232	-0.0096181086	-0.048181099	-0.0405564355	-0.0103222977	-0.0770169385	0.0505221	0.0442024264	0.0232113583	0.0306703871	0.0656398864	-0.1197186412	0.0241160677	-0.0538477481	0.0657005222	-0.0126924811	-0.0237250225	0.0200801966	-0.0820121063	-0.0108773338	0.0900426856	0.0573408217	0.0862394077	-0.0023495644	-0.0032052116	0.0531357109	0.0135971134	0.0027923859	-0.0014989986	0.0854204402	0.0001199665	-0.0218473924	-0.0108083543	0.0773160274	0.0544268214	-0.0020675073	-0.0400579911	-0.0494525608	-0.0551884438	-0.0233461621	0.012988101	0.0095782062	-0.0304996016	-0.0170465501	0.0038771463	0.0132591469	-0.0564407372	0.0980604608	0.0226549638	0.0529585123	0.0149697287	0.0372875649	-0.0502396279	-0.0723932374	0.0371577096	0.0281464224	-0.0401885896	-0.0541626639	-0.0646767951	-0.0319487083	0.0238186867	-0.0373198748	-0.0018481424	-0.0569729693	-0.0592621845	0.0275390182	0.0489096558	0.0364986876	0.0589869454	-0.0210744103	0.0467381082	-0.1014718217	0.0483467489	-0.0305252646	0.0159641239	0.0017354922	-0.0755402896	0.0369391674	0.0784658416	-0.0385701919	-0.0293203716	0.0175444774	0.0385634379	-0.067446615	-0.0573595679	0.0165321385	0.0330401094	-0.027389659	0.0060479383	0.02990643	0.0488312182	0.0445789806	0.0194816064	0.0921683811	-0.004530954	-0.0299019888	0.0948413706	-0.0513425429	-0.0083285249	0.0066511237	0.0856976769	0.0096872614	0.0189706652	-0.0679484393	0.0239909346	-0.0106658538	-0.0071690675	0.0109307172	-0.0082172033	0.0144441954	0.0412855436	0.0845831179	-0.0172542898	0.024014614	-0.0173934133	0.0625918627	0.0722679836	-0.0622122748	0.0007313307	0.0437920016	-0.100241569	-0.0024779783	-0.0106653535	0.0187458131	0.0595225081	0.0275080218	-0.0064734496	-0.0140595823	0.0017246612	-0.0255713305	-0.0208226012	0.0182321524	0.0646584333	-0.007767475	-0.0592265694	0.0042732129	0.0530272111	-0.0812023727	0.064777029	-0.0127728206	-0.0462468756	0.0798654172	0.0739459725650419	8.284050521460695e-05	6.862549304211321e-09	0.0054680068585899	0.0725852871752721	0.0001271073647615	0.0052686239143167	1.6156282176613033e-08	0.4032425675756173	-0.0320134889394267	0.0010248634740747	0.1626045683049762	0.0012931119885198	0.0004657436883344	1.6721386148536317e-06	2.1691718322333086e-07	0.0010322364021604	-0.0001736698097153	1.0655119899450471e-06	3.016120280658323e-08	-0.0011826635225403	0.0002563375365276	6.570893263303869e-08	1.3986930075474304e-06	0.0	0.0
1617.5116630052946	2.0114410426763243	4.045895068162818	2616343.979958154	2231.0158560030127	-5.991530071994475	4977431.749736856	35.898432603614125	1715.5292549272017	1.6199380770597145	2.624199373507925	2943040.62451108	1802.459214452756	1529.765439663469	0.968283	26.660412	0.0720931318152814	0.032032907246435	-0.0668908471	0.0084979146	-0.0307604327	-0.0578604871	-0.0580468318	-0.030142802	0.0053161902	-0.0079139983	-0.0371899533	-0.0166617696	0.0109274362	0.0162893267	-0.0635540449	0.0335082773	-0.008199789	0.030672116	0.0714664652	0.0344071994	0.091983753	0.0145840227	0.0413616972	0.0132967995	0.0066685876	0.057960227	0.043617176	0.011830471	-0.0605893854	-0.0624978705	0.047884489	0.0151973499	0.0882104954	0.1564933256	-0.0600080036	-0.033270684	-0.0296190132	0.042791174	-0.0093693655	0.0375045341	-0.0723363814	0.01912284	0.0600927511	0.0378333349	0.0326575871	-0.0274563229	-0.0098085883	-0.0202228507	-0.0636274856	0.1010632315	0.0154560001	-0.0157459261	-0.0735330079	0.0777602669	-0.0017274186	-0.0709909732	-0.137787989	-0.0821840338	4.27332e-05	0.0471089058	-0.0716474808	0.0086910439	0.0846541022	-0.0055666808	-0.0402733056	0.0407395177	0.0400379321	0.0909065842	0.023676381	-0.0162869123	-0.0725095174	0.1533656098	0.071537249	-0.0533065248	0.021484693	-0.0540353323	-0.0175384191	0.0131642657	0.0674098478	-0.0169355378	0.0392026209	0.023101885	-0.0329891999	-0.0513442621	0.1014339849	-0.0377962372	-0.0631366492	0.0413120323	-0.0415551127	-0.0195848019	0.01934029	-0.022795744	0.0301086788	-0.0135338332	-0.0582534259	0.1340155818	-0.0893386264	0.0449755261	-0.0673544723	0.0069708935	0.0061381756	0.0797198339	0.0371382415	-0.0238135641	0.0461888409	-0.0388750366	0.0472872739	-0.0597857717	-0.0082586533	0.0596433203	-0.0605594562	-0.0860476445	-0.0113044439	-0.0605060943	-0.0457391656	-0.0184841812	-0.0280675483	0.0299740174	0.0114839312	-0.0810780129	-0.0890144395	-0.0418590462	0.010430017	-0.0139778053	-0.0366437233	-0.0294513406	-0.1327464157	-0.0719392036	-0.0629765774	0.0234344171	-0.0082536263	-0.0502260359	0.0401926576	0.0548518736	0.0269582065	-0.0796689887	-0.0855132303	-0.0518467819	-0.0178020431	-0.0050088309	-0.1524432285	0.0387673965	-0.0763367858	-0.0808778109	-0.0314684416	0.0073467953	0.0982023634	0.0482409005	0.0127435468	-0.0211757151	-0.0839742473	-0.0234185218	-0.0306309864	0.0022293894	0.0136924945	0.0060128631	0.0303029998	0.007380559	0.0684748146	0.0766148893	0.0090095444	0.0430616804	0.0372976632	0.0296820847	0.0085327551	-0.0708292974	0.0070610833	-0.0204513084	0.0545274137	-0.0598118772	0.0059798738	0.0510508491	-0.0807737477	0.0672896215	-0.0178113211	-0.041194508	0.0781648097	0.0740360031393549	9.003057431300476e-05	8.105504311129473e-09	0.0054813297608505	0.0547646042728473	-0.0178206829024248	0.0029991618811615	0.0003175767391087	0.3906009381839936	-0.0126416293916236	0.0001598107936751	0.152569092910216	0.0008273291068318	-0.000465782881688	6.84473451011104e-07	2.1695369287357747e-07	0.0012059325369455	0.0001736961347851	1.45427328366381e-06	3.0170347239283644e-08	-0.0013740002850056	-0.0001913367624653	3.66097566707027e-08	1.88787678319547e-06	0.0	0.0
1615.1129376821182	-2.39872532317645	5.753883176047964	2608589.801468162	2229.4244406661646	-1.5914153368480584	4970333.336639641	2.532602774355219	1713.2335171786222	-2.2957377485795405	5.270411810253058	2935169.0843842323	1805.1487569115543	1549.277123866937	1.01816	28.03372	0.0334567319433938	0.0244296902589395	0.0694146148	-0.0060110404	-0.0067529135	-0.010542193	-0.0490757155	0.0271744439	-0.0600659231	-0.0035975149	-0.0099367082	-0.0942899107	-0.0060398447	0.0455060499	0.0630028556	-0.0058648534	-0.02158432	0.0212210675	-0.0446673544	0.0901216249	0.0299996774	-0.0545972089	0.0327159566	-0.0716024892	0.0240159942	-0.0663553139	0.0295465783	0.0455814033	-0.0048903276	-0.0418403774	-0.035455812	0.0210000769	0.0396816378	-0.0321853657	0.0472394857	0.0158521399	0.0687043703	-0.0796278176	0.0054868443	0.1134071223	0.0833834105	0.0709002981	0.0474285593	-0.0378012555	-0.0072427575	0.0234476211	-0.0017638594	0.0418838369	-0.0041591377	-0.0595875803	0.0444943022	-0.0097943156	-0.0118680116	-0.0158435156	-0.0061595016	0.0672338494	-0.0020852781	0.0711424194	-0.0050445459	-0.063619629	-0.0558411202	0.1001011901	0.001665494	0.0298190512	-0.0636635285	0.0003501924	-0.0574229859	-0.1375841963	0.0199029115	0.0337493145	-0.0228707466	-0.1831367617	-0.0103457509	0.0075932365	0.1011157825	-0.0755356346	0.0066872508	0.0225156821	-0.0127913941	0.0205697387	0.0013354179	0.0743237652	-0.0123941852	0.0866368416	-0.0142141357	-0.0532165087	0.0439856464	-0.0235806621	-0.0433653675	-0.0371103954	0.0497218812	0.0339417303	0.0332952123	-0.0165733451	-0.02403086	0.0248459434	0.075325795	0.0598072776	-0.1147390904	-0.036926214	0.0375594565	-0.0424006327	0.029538792	-0.0557567673	-0.013887912	-0.0589750968	0.0057569838	-0.0205914123	-0.0642386647	-0.0667366821	0.0125655745	0.0536152496	0.0417335962	0.0102826649	-0.0170513345	0.0398635233	-0.012702607	-0.0427660763	0.0672733402	0.0355987706	0.060759319	-0.00074344	-0.0592916438	-0.0010881276	-0.0805286765	-0.0913682751	0.0266802233	0.0501365245	0.0481818396	0.0485222593	-0.0653456677	0.0477936443	-0.0031651209	0.0322452097	0.0491535737	1.56396e-05	-0.0194757095	0.0692544076	0.0500772663	0.1127239929	0.0451539329	-0.0720225767	0.059809107	0.0543737445	-0.0057434363	0.0416134827	-0.0286677653	-0.0207848354	0.0830321407	0.0119870044	-0.0243187075	0.0402472175	-0.0774938566	-0.0261611964	-0.0305254181	0.0632018088	-0.0284532715	-0.032773607	0.0727503836	0.0910360911	-0.0436017833	0.0235130651	-0.0225441526	-0.0236624342	0.052972988	-0.0234591101	0.0228926146	-0.0566239486	-0.0222418097	-0.060390626	0.0076839116	0.0490241061	-0.0802034182	0.0696177779	-0.0227795284	-0.0359208828	0.0759159322	0.0819698808344639	0.0079338776951089	6.294641528094794e-05	0.0067190613640162	0.0548797626091612	0.0001151583363138	0.0030117883440378	1.3261442422584722e-08	0.3678459626031127	-0.0227549755808809	0.0005177889136864	0.1353106522034106	0.0008272971901097	-3.191672210008621e-08	6.84420640763405e-07	1.0186771496141316e-15	0.0012059543941076	2.1857162099984603e-08	1.4543260006674288e-06	4.777355350650034e-16	-0.001320999652268	5.300063273760004e-05	2.809067070585961e-09	1.745040081292177e-06	0.0	0.0
1611.8839865119833	-3.2289511701349056	10.426125659115575	2598169.9859737637	2225.763076303251	-3.661364362913446	4954021.271834913	13.405588998012584	1713.5068010919745	0.2732839133523157	0.074684097297156	2936105.5573884514	1802.7315526859616	1551.7791134714353	1.005681	27.690132	0.0827562167877962	0.0525394483514447	-0.0519456794	0.0455518024	0.0113592829	0.0201044824	0.0702571625	0.0140146037	-0.018835005	0.0766337498	-0.0423089808	0.0448028075	-0.0698837039	-0.0191816964	0.1008807592	0.1115977737	0.0381916417	0.0515989516	0.0039487038	0.01432776	0.0687445855	-0.0765881709	-0.0392930238	0.056332543	0.0306045539	-0.0093045466	-0.0121826958	0.1406905553	0.0475221498	-0.051394759	-0.0388332466	-0.0043772402	0.0340275337	0.0212248634	0.0002948623	0.026963183	-0.0645120619	0.0360440185	0.0253877498	0.0280305761	0.0991606803	0.0439973599	0.0130744241	0.0259878723	-0.0608696303	-0.0613749193	0.0024470984	-0.0154244046	-0.0393839199	-0.01227595	0.0562847754	-0.1107002572	0.0347500601	0.0073038736	-0.03272035	-0.040437448	0.04900177	0.0323934631	-0.0063124421	0.058603598	0.0046436001	0.042485703	-0.0544715387	0.001602823	-0.0023344113	0.0225429148	0.0188786124	0.0212558196	0.0655137505	-0.0521341759	0.0835904497	-0.0239994627	-0.0018983896	-0.0103220345	0.09595688	0.0776163396	0.1529801049	0.018813106	0.0442661554	0.0134932632	0.006419281	0.0564809664	0.0972365198	0.0273530095	-0.0256378235	0.0939600954	-0.0130507802	0.0467083716	0.0289709847	-0.1554049771	0.0251200384	0.0924223468	0.0331711172	0.0552772781	-0.0507459601	0.0329675003	-0.0814715487	-0.0043909537	-0.0896436265	-0.0559546951	0.0656486182	-0.0077110692	0.0674394891	0.0558283625	-0.0577119097	-0.0654125941	0.0107690171	0.0252315744	0.0159700546	-0.0718933689	-0.0266565866	0.0351190575	0.0514897122	-0.0054315859	-0.0109846161	0.0139274844	0.0014464568	0.005934201	-0.0721397081	0.0441573166	-0.0280070445	-0.0229775867	-0.038149399	0.0249802926	-0.1182879776	-0.066245828	-0.0453850536	-0.0018308521	-0.0242741059	-0.0120943764	0.0782496903	-0.0033746672	0.0593165268	-0.0189754512	0.0266353562	0.0912646	0.0806904051	0.0239133353	-0.1463932626	-0.0237874112	0.0913449411	-0.109885171	-0.0207644401	0.0375758882	-0.033136484	0.046062281	-0.0476340949	-0.0133862413	-0.0704575883	-0.0461298573	-0.0429760143	0.0473034319	-0.0097982875	-0.0192187618	0.0262576209	0.0841172001	-0.0788809535	-0.0625287353	0.0386404957	0.0801057201	-0.1425436035	-0.0426628068	0.0263868688	-0.0193963812	0.0121876444	0.0151316492	-0.0396369308	-0.0218709448	0.0465274095	-0.0609627523	0.009384579	0.0469489822	-0.0794923845	0.0717551168	-0.0276578354	-0.0304543249	0.073134559	0.0740022258526948	-0.0079676549817691	6.348352590850998e-05	0.0054763294311532	0.0553007792209427	0.0004210166117815	0.0030581761824434	1.772549873959774e-07	0.4193097520939233	0.0514637894908105	0.0026485216287544	0.1758206682010674	0.0012208366652394	0.0003935394751296	1.4904421631928585e-06	1.5487331848535973e-07	0.0012056556934108	-2.98700696799983e-07	1.453605651053877e-06	8.922210626879539e-14	-0.0013852365905102	-6.423693824219993e-05	4.126384234732208e-09	1.9188804116883237e-06	0.0	0.0
1609.1644268969972	-2.7195596149861103	7.396004499463401	2589410.152790741	2241.9892430326863	16.226166729435135	5026515.765874278	263.2884867314277	1712.5783584872158	-0.9284426047586294	0.8620056703309885	2932924.6339587667	1805.048015648515	1556.6502679771263	1.033849	28.465694	0.021412712873897	0.0128540023693321	0.0659038693	0.09204369	-0.0520216677	-0.0390476306	0.0289827843	-0.0230489313	0.1106491141	-0.0113341789	0.0101711887	-0.0688975053	-0.0261534266	0.0374218276	0.0412997464	0.1617062456	0.1072922901	0.0268032909	-0.0136274213	-0.1613045627	0.0628268079	0.0084578308	-0.0124089242	0.0328538868	0.0535008722	0.0410993418	0.1350881155	0.0298248498	0.0319628192	0.0006675206	0.0181962269	0.0371360817	-0.0450702775	-0.0367931204	-0.0193819992	-0.032873238	0.065843299	0.0513225224	-0.0132072384	0.0017137875	0.0258355694	0.0740717368	-0.0781367586	0.0182143904	0.0026259036	-0.013957996	0.0393239912	0.0045713191	0.1154141935	-0.0219870728	-0.0163955005	0.0684744801	-0.0033841171	-0.050032386	-0.0611750967	-0.0332198105	-0.0102245129	-0.0689286676	0.066373411	0.0355738128	0.0103873616	-0.0050649053	0.042588971	-0.0402310446	-0.0348319838	0.0258420642	0.0551924939	0.0219176571	-0.0814870256	-0.0382988268	0.0337862293	0.0078900641	0.0269259098	0.053624224	-0.0671244929	0.0659515351	-0.0022833651	0.0525388744	0.0954085568	0.0053080502	0.0160733819	0.0220888968	-0.1671308975	0.0224473715	-0.0081333862	-0.0446303544	-0.0305575521	-0.0344096059	-0.0171978987	-0.1084113533	0.1248855666	0.029268791	-0.0095081647	0.0104197646	0.0308803322	0.0271671111	0.0166081367	0.001803045	0.0887401399	0.0423627145	-0.0445435684	0.024634048	-0.0792735602	0.0492514805	0.0465756823	-0.0237516273	-0.0440189836	0.0023967823	0.0287882223	-0.019585913	-0.0616439291	0.0299054591	0.0400370093	0.0344132885	0.0433209586	0.0785454071	0.0556621268	-0.0610782132	0.0204088681	0.047606902	0.0504083029	0.0174719179	-0.053252999	-0.0143825747	0.0590699949	0.0783771454	-0.0049059406	0.0564428627	-0.0328872449	-0.0760362752	-0.047062616	-0.0080664839	-0.0387594437	-0.0361385365	-0.0394390161	0.0026466761	-0.0116850923	-0.0072025247	-0.082262312	0.0800778404	0.0716620322	0.0084706165	-0.1039612412	0.0634684638	-0.0557325939	0.0845552038	0.0158787971	-0.0598928085	-0.0042036332	0.0615194407	0.0450048717	-0.096971113	0.0228761411	-0.0016664569	0.0953950697	0.0065402438	-0.0582264121	-0.1182178985	0.000993064	0.0546922428	0.0011111416	-0.0417746853	-0.0294260858	0.0518289266	0.009343653	0.0137249101	0.0048990721	0.0776482237	-0.0137393269	-0.0615281933	0.0110811301	0.0448275254	-0.0786418943	0.0736957799	-0.0324269895	-0.0248241955	0.0698401994	0.0738878264181863	-0.0001143994345084	1.3087230615864527e-08	0.005459410892804	0.0641167337572881	0.0088159545363454	0.0041109555477029	7.772105438690902e-05	0.4208973499295965	0.0015875978356731	2.520466887834208e-06	0.1771545791777572	0.0011038975058008	-0.0001169391594385	1.2185897033132274e-06	1.3674767010206274e-08	0.0012056816323586	2.59389478000048e-08	1.4536681986068985e-06	6.72829012971374e-16	-0.0014861667134712	-0.000100930122961	1.0186889720922587e-08	2.208691500229788e-06	0.0	0.0
1610.1497285076714	0.9853016106742416	0.9708192639972548	2592582.148213328	2240.75493700515	-1.2343060275361497	5020982.687712954	1.52351136961207	1708.49341574929	-4.084942737925758	16.686757172132385	2918949.7516586767	1801.085576130378	1534.209665580256	1.048377	28.865694	0.061797789118255	0.0358954354574385	-0.0025940319	0.0601971938	0.128099624	-0.0347504214	-0.0277029639	-0.0161030475	0.1063682834	0.0519330152	0.0209575585	-0.1227748865	0.0886373798	-0.0719103092	-0.0990301865	0.0816945658	-0.0478123795	-0.0366376569	-0.0184015258	0.0261509442	-0.0181576456	-0.0127177064	-0.0556262794	0.0330451097	0.119555815	-0.0495322884	-0.0708163777	0.0234469307	-0.0543947342	-0.0825666376	-0.0101058111	-0.0614193569	0.0561891326	-0.066045025	0.0466753116	0.052969723	-0.037922185	0.0137199952	-0.0032462569	0.0136726673	-0.0634614165	0.0621435548	0.0413552157	0.0389506864	0.0171563272	-0.0160278282	0.0827528827	-0.0254681023	0.0152511689	0.0582370138	0.0602519268	-0.0659161611	0.0094679862	0.1318503784	0.0033395688	0.0072023347	-0.0184638665	-0.0423343998	-0.0184021321	0.0858314101	0.0626805722	-0.0455892695	0.0496883597	-0.0795341935	0.0009323412	0.001440742	0.0180987907	-0.0509466504	0.0259623121	0.0467042972	-0.0049116198	-0.1004992026	-0.030177724	-0.1194491868	0.0411652381	0.0328755741	-0.089440984	-0.0496914899	-0.0263935028	0.0524204982	-0.0001829157	-0.0348039555	-0.0605368024	-0.0998550972	-0.0719813537	0.0163897379	0.0275888063	-0.028786209	-0.1569314209	-0.0181129886	-0.01159906	0.0126275197	-0.0762928358	-0.027153654	0.0340435768	-0.0088517252	-0.0210973555	-0.0207853971	-0.0276385193	0.055541191	0.1004344775	-0.0280764906	0.0616743477	0.0005684574	-0.0147237008	-0.0488683274	-0.1194183319	2.5068e-06	0.006715271	0.060970241	-0.0288651892	-0.0269639757	0.0018204821	-0.0443153825	0.0552921841	-0.0024510504	-0.0589407133	-0.1291809547	-0.0196168889	-0.0488325987	-0.0438174453	0.0711257911	-0.0117296296	0.020370994	0.0490253599	-0.0571614109	-0.0347439576	0.1033505609	-0.0023958677	0.0164132939	-0.0465037704	0.0179887007	-0.0266446319	0.0245030557	0.0094284567	0.0721802731	-0.0005471417	0.0664568138	0.0413680334	0.0129959708	-0.0494293444	0.0532893634	0.0524535593	-0.0123657117	-0.0536918682	0.0353541104	0.1077393445	0.0070391206	0.0289968347	0.030116867	0.0137674577	0.1080257554	-0.0391363618	-0.0044417403	0.1026831282	-0.0314533218	-0.0137596577	-0.0516009831	-0.0159173706	0.0270484177	-0.0331555865	0.0223442208	-0.019624692	-0.0061672614	7.09836e-05	-0.030367495	-0.0308626702	0.0157313439	0.0564561638	-0.0620868871	0.0127728206	0.0426618292	-0.0776534394	0.0754344479	-0.0370681691	-0.0190607341	0.066055961	0.0929539503453895	0.0190661239272032	0.0003635170816074	0.0086404368848131	0.0551069068059604	-0.0090098269513277	0.0030367711777208	8.117698169287105e-05	0.3924076366534024	-0.028489713276194	0.0008116637625597	0.1539837533039086	0.0011784162445676	7.451873876679989e-05	1.3886648454608056e-06	5.553042427394564e-09	0.0012056039179033	-7.771445530006285e-08	1.453480806863787e-06	6.039536562585465e-15	-0.0015162127595197	-3.0046046048500015e-05	9.027648831485835e-10	2.2989011321303435e-06	0.0	0.0
1615.6794100906704	5.529681582999046	30.57737840935884	2610419.9561909367	2221.520578974565	-19.2343580305851	4935153.682807487	369.9605288487335	1713.2190209960938	4.725605246803752	22.331344948619154	2935119.413902814	1799.6983413191986	1527.26994510972	1.053879	29.017178	0.0975383367515924	0.0557788282530349	-0.0428636391	-0.0333943459	-0.0238884231	-0.0836525332	0.0043082809	0.0605353897	-0.0095540455	-0.0769026547	-0.0587771356	0.0143150022	-0.0574919815	-0.0498014749	-0.0516642557	-0.0056426134	-0.0941968234	0.0425507608	0.0061223945	0.0389209707	0.0767116602	-0.033159248	-0.0016961675	0.0685729715	-0.0694889525	0.0556765659	-0.0697145881	-0.0745333808	-0.0362597638	0.0208277894	0.0531098123	0.0099614417	0.0503511664	-0.0352873383	0.0482805604	0.1178075201	-0.0551573051	0.1046407732	0.0330273339	0.0488091133	-0.0038064253	0.0632670493	-0.0132315403	-0.1148595772	-0.0003522304	-0.0747681353	-0.0293120001	0.0544822419	0.0122307467	0.0778534308	-0.0049395289	-0.0303529065	-0.031627713	-0.0399510946	-0.0690873266	-0.0474288853	0.0284616542	-0.0423509808	-0.0463969892	-0.0247469717	0.0372942191	0.0624901186	-0.0079081578	0.0193142332	-0.0069125116	-0.0354802774	0.0187036486	0.052954539	-0.1001998399	0.0410919241	0.0271609481	0.0091692832	-0.1267859722	-0.0512523752	-0.0174082263	0.0511005735	-0.103955727	0.0027424982	-0.0213962009	0.0362020768	-0.0359982228	-0.0051293641	-0.0259124917	-0.0757598145	-0.0209786623	-0.0427319104	-0.0400104253	0.0515928363	0.0133893205	0.0498346161	-0.1212717797	-0.0118119698	-0.0058330471	0.0671175434	-0.0504785906	0.0217019774	-0.047361814	0.004385762	-0.0328268145	0.0800316494	-0.1092197618	0.0704232467	0.1075032819	0.0062821598	-0.0058716075	-0.1178671711	0.0411539239	-0.0213429736	0.003217982	0.0482973295	-0.0616176084	-0.0084724434	-0.0768914772	-0.0174139635	-0.015408825	0.0638879776	0.0118343998	-0.0964140556	-0.0109806825	0.0171266426	0.0449339236	0.0372575378	-0.0231303044	0.0387932704	0.017582466	0.0389045793	0.0369087989	0.0644052721	0.012445221	-0.0227635819	0.0218735156	0.0247765371	-0.0201433448	-0.0209435485	0.0573001444	-0.1217179963	0.0145189194	-0.0446914075	-0.0567773068	-0.0922953142	-0.0766793902	0.029636533	-0.0364471214	0.0294465669	-0.0093788173	-0.0358339741	-0.0076588619	0.0095517968	-0.0145454417	0.0117475351	-0.0945245292	-0.0246302848	-0.0394054787	-0.0344105767	0.1026799084	0.0124567642	0.0690642992	-0.0832836416	0.1061805043	-0.004009203	-0.0163824848	0.0586075007	0.0510202095	-0.0677463918	-0.0684903973	0.0140784341	-0.0592159092	-0.0010824287	0.0420538951	-0.0626387723	0.0144589085	0.0404540309	-0.076528754	0.0769663555	-0.0415630576	-0.0131948967	0.0618083875	0.0931702204729134	0.0002162701275238	4.6772768059203424e-08	0.0086806899829712	0.0417045475333566	-0.0134023592726038	0.0017392692849619	0.0001796232340719	0.4404751038881471	0.0480674672347447	0.0023104814063632	0.1940183171452739	0.0008279202332081	-0.0003504960113595	6.854519125553546e-07	1.2284745397891877e-07	0.0010587824870509	-0.0001468214308524	1.121020354885689e-06	2.15565325575461e-08	-0.0017359401196422	-0.0002197273601225	4.828011278640283e-08	3.013488098983376e-06	0.0	0.0
1616.3576000064222	0.6781899157517728	0.4599415618273966	2612611.891098521	2229.3965150294284	7.875936054863359	4970208.82122536	62.030368740296616	1712.0862180397728	-1.1328029563210291	1.283242537849664	2931239.2180017326	1800.3332371986396	1547.8695884397175	1.009209	27.787252	0.0942542296645704	0.0493708135766964	0.0528125796	0.0429498596	0.0133244286	0.038362301	-0.0333573449	0.0296266058	-0.0570892101	-0.0638439133	0.0946809235	0.0559618703	0.0282798207	0.0057414147	0.0325825972	-0.0085777642	-0.0354644772	0.0039087222	0.0778529356	-0.0099908269	0.0203620579	-0.0673729435	-0.0194783162	-1.03306e-05	0.0046502262	-0.0386756495	-0.0095703256	-0.0245461886	0.0623533059	0.0962151315	0.0829065007	-0.0213983818	0.0720210288	-0.0040896419	0.0303185933	-0.0054897354	-0.1209996879	-0.0065480665	-0.0554219287	0.0177521363	0.0034836451	0.015142998	0.0212456993	0.0924790793	0.0841721744	0.0058625276	-0.0496726474	-0.0295336227	-0.0121969626	-0.0400501689	-0.0322367917	-0.0276047928	0.027158414	-0.0843964023	0.0103975777	-0.0592239056	-0.0048713983	0.0661894362	0.0117464912	0.0876839532	-0.0013438452	-0.0548102929	-0.0780446318	0.1474290258	0.0841982174	0.0923248601	0.0255244484	-0.0145385551	-0.0253415749	-0.0242379347	0.0386674265	-0.0427569041	0.0118143884	0.0406619107	-0.085902208	0.0587062547	0.0611567056	-0.0279856377	0.0548559055	-0.0301766236	-0.0176911754	0.0136927704	0.0006694982	-0.0432934278	-0.0079998621	0.0093808862	0.0171317973	-0.085621293	0.064125468	0.0051934252	-0.0531401948	-0.0584001946	0.0241448518	-0.0287749261	-0.0737900426	-0.0398306778	-0.0059057491	0.0275561624	0.006300802	0.0109761436	0.0127412308	0.0020116272	0.0138956919	0.0207248588	-0.0231076941	-0.0314886577	-0.0739995214	0.0216312966	-0.0188635441	0.0043992411	-0.1088969446	-0.0287013524	-0.0243513039	-0.0233178302	0.060118033	-0.0167879065	-0.0003315243	0.0070375305	-0.061576324	-0.0677275669	-0.0319798208	-0.0286140806	-0.0439812609	0.0583677919	0.0461456645	0.10717096	0.0265721998	-0.076743576	-0.0014594552	-0.1078950467	0.0296461658	-0.0181789179	-0.0631584192	0.02582379	0.0163954191	0.1284828142	0.0010102058	-0.0667195423	-0.1268177521	0.041654242	0.0239031365	-0.043685518	-0.0241859672	0.1237213491	-0.0135406344	0.0636801305	-0.0524813043	-0.0079925273	-0.0097741468	-0.0063348345	0.0800632342	-0.0047981612	-0.0448242527	-0.0863714697	0.0385567074	0.0264571235	0.0404149818	-0.0748386321	0.0650194064	0.0356092763	-0.0380812897	0.0048406708	-0.0658313459	-0.0590502875	-0.0230377335	0.0055252075	-0.0236093678	-0.0109909371	0.0103302716	-0.0631837885	0.0161386543	0.0382063093	-0.0752698111	0.0782873035	-0.0458939156	-0.0072581889	0.0571272725	0.1119170067445054	0.018746786271592	0.0003514419955127	0.0125254163986496	0.0688481272152472	0.0271435796818906	0.0047400646210468	0.0007367739179471	0.4044193199468893	-0.0360557839412578	0.0013000195556186	0.1635549863463044	0.000927047016701	9.912678349290006e-05	8.594161711742242e-07	9.826119205648283e-09	0.0012056966030036	0.0001469141159527	1.4537042984944206e-06	2.1583757466163403e-08	-0.0017360608155932	-1.206959509998922e-07	1.456751258776838e-14	3.013907155438127e-06	0.0	0.0
1615.3465492663404	-1.0110507400818278	1.0222235990200117	2609344.4742266736	2220.501710079176	-8.894804950252365	4930627.844464545	79.11755510303396	1714.4392502663352	2.353032226562391	5.536760659241163	2939301.942853793	1800.3804095361006	1527.2488168709444	0.993914	27.366125	0.0690742946031849	0.0440238169844962	-0.0531117231	0.0425514268	-0.0063850634	-0.0358089697	-0.0718822226	-0.0473047515	-0.0092647379	0.0390604255	-0.0773969059	-0.0037939586	0.0988926572	0.0867206485	0.0226541564	-0.0252354485	-0.0289650032	0.0081619366	0.0603872534	0.0385884889	0.0035307839	0.0747547694	0.0718116299	0.0308942197	0.0093976259	0.0693692407	0.0138880538	0.0875459284	-0.0475355899	-0.0250246512	-0.0122044222	-0.0310363233	0.1212258306	-0.1108140449	-0.021739564	-0.028017894	-0.0657902905	-0.1104461077	0.0589521251	0.0752747028	0.0191926844	0.1068016613	-0.0913190296	0.0099289393	0.0059757502	0.0412705694	0.1006325544	0.0242491393	0.0229620935	0.0039072684	-0.0139851885	0.0251408886	-0.073202692	-0.0087996475	-0.0081117509	-0.1463494015	-0.015889089	0.0787093056	-0.0460408539	-0.0177704981	-0.0115423668	-0.0902711353	-0.0589534107	-0.0226768193	-0.0378185007	0.0419406046	0.0612288514	-0.0707417391	-0.0350555368	-0.0041094435	-0.0484639079	0.010011892	0.0238224078	-0.0171714856	-0.0889549087	0.0418119192	0.0011235948	-0.1229239609	0.0352375023	0.0224738742	0.0045748347	-0.0155169575	-0.022093376	-0.0277897213	-0.067359857	-0.0149386495	-0.0510549719	0.0517222731	-0.0756501069	0.0584354449	0.0524083781	-0.0458181296	0.0591490903	-0.043240588	0.0076800407	0.0292462743	-0.0009435529	0.0161354471	-0.1106415236	0.0292381688	0.0424219951	-0.0908165544	-0.0651780036	-0.0220244444	-0.0114546826	-0.1241891887	-0.0260897259	-0.065150708	0.0146483096	0.0494619296	-0.0435502825	-0.0418998201	-0.0827351558	-0.0821462663	-0.0631083085	0.1028849613	0.0694279825	-0.0437484055	0.0480098817	0.0356611602	0.005579212	0.0130154885	0.0064730808	-0.0062743778	-0.0007757627	-0.0293210534	-0.0341866957	-0.0248743949	0.0807789901	-0.0564298927	-0.0043754094	-0.0940605043	0.0315350171	-0.0991411906	0.0685860464	0.0162393886	-0.0206342406	-0.1780132084	-0.057962719	0.0196934008	0.0214213994	-0.0236344562	0.0625607396	-0.017305576	0.036623314	0.0349232722	0.1044076342	0.0745057249	-0.0006595025	0.0153789885	-0.015731162	0.0059045209	-0.0593310934	-0.0638127182	0.0168279553	0.0511511939	0.0611742924	-0.0175543376	0.0580450727	0.0390090199	-0.019426758	-0.0380158269	-0.0056624198	0.0477355936	0.0123832495	-0.069607521	-0.0363171572	-0.0584287007	0.0156123984	-0.0637218759	0.0178113211	0.0359208828	-0.0738788195	0.0793936715	-0.0500436514	-0.0012824971	0.0520454508	0.1167768405548486	0.0048598338103432	2.3617984664154932e-05	0.0136368304899725	0.0807120913294312	0.011863964114184	0.0065144416867704	0.0001407536445026	0.3692190434572566	-0.0352002764896327	0.0012390594649465	0.1363227020514915	0.0012690487488648	0.0003420017321638	1.6104847269953145e-06	1.1696518480303965e-07	0.0012049003481002	-7.962549033999934e-07	1.4517848488519831e-06	6.340218711885328e-13	-0.0017362672323065	-2.064167133001421e-07	4.2607859529633066e-14	3.014623901981274e-06	0.0	0.0
1613.4871847356976	-1.8593645306427788	3.4572364578124413	2603340.8953063274	2218.6729670640066	-1.8287430151694932	4922509.734780602	3.3443010155312103	1711.2871832830256	-3.1520669833096235	9.93552626727063	2928503.8236687514	1797.679826111474	1537.5039678254552	0.950091	26.159515	0.0613673980104472	0.0302470699830524	0.0423011674	-0.0291203968	-0.0241047892	-0.0468979424	-0.0689275383	0.0383042346	-0.0400662456	-0.053108071	-0.0174926384	-0.0375479512	0.0439559824	0.0497494113	0.0782229228	-0.0534158951	-0.0649842349	-0.0242146291	-0.0437676737	0.1107396947	0.0606430121	0.0021547218	-0.0052843374	-0.0532098645	-0.0157293257	-0.0103568735	0.0091923414	-0.0487315555	-0.0251732436	0.0197729612	-0.0334642764	0.0497984217	0.0050748137	-0.0286050915	0.0222694239	-0.0204684962	0.0945868316	0.0373756697	-0.0422823632	0.0397602635	0.0999597472	0.0022631322	-0.0245903957	-0.0676063772	0.003563554	-0.0767201189	-0.076776716	0.0202188638	0.0237822522	-0.0146042638	-0.0211599778	-0.046742363	-0.0188210867	-0.0255649877	0.1188420815	0.0507074416	-0.0029883169	-0.047991421	0.0756793327	-0.0533710454	-0.0409248502	-0.0020196745	-0.0194870971	-0.098105063	-0.0118407487	0.0997647578	0.0243833736	0.0080604259	-0.0680890169	0.0044955252	-0.0366161126	0.0047922227	-0.0004283596	0.093087178	-0.040661167	0.0891546141	-0.1218880895	0.0789237127	-0.0440067017	-0.0756277578	-0.0523764351	-0.0333597874	-0.037743016	0.0143304049	0.019992164	-0.0674407296	0.0096919258	-0.035769231	0.0097940289	0.0597654447	-0.0048978021	0.0443605584	0.0589710772	0.0513442446	0.0475874786	0.0173797591	0.0660239392	-0.0244713515	-0.0332025805	0.015506779	-0.009231417	0.0032975778	-0.0063272796	-0.0915988814	-0.0391736517	0.0331291729	0.0710693464	0.0099074803	-0.0588431492	-0.0550979285	0.0991086108	0.1080335061	0.0281569967	-0.0065137544	0.0557459019	0.0312946067	0.0048794788	0.0706854512	0.049277192	0.0655028562	0.0190798519	0.0405742036	-0.0425669975	-0.0081232188	-0.0249400185	0.0254474673	0.0719226196	0.01735669	-0.0754514022	-0.1448363002	-0.0255377422	-0.0244036032	-0.0336279942	0.0277169494	0.05852456	-0.0269455969	0.0196383482	0.0024383043	-0.0125565154	-0.0654463995	0.0544705345	0.1055795686	0.0107301878	-0.0565236081	-0.0725415041	0.0209860411	-0.0123473672	-0.0052722193	0.1037667055	0.039611405	-0.0680269019	0.0223048535	-0.1034533096	-0.0387128096	-0.002245826	0.1109359149	0.0095977844	-0.0619571121	0.006787663	-0.006870428	-0.022216731	0.0555572052	0.0096658829	-0.0146495343	0.0164218141	-0.0558328874	-0.0342495968	-0.08682538	-0.0575296005	-0.0642529755	0.0194761753	0.0336000067	-0.0723582192	0.080282427	-0.0539958877	0.0047000831	0.0465985677	0.1158921906587124	-0.0008846498961362	7.826054387338039e-07	0.0134309998556753	0.059527418386196	-0.0211846729432352	0.0035435135397252	0.0004487903677118	0.3818254370968574	0.0126063936396008	0.0001589211605965	0.1457906644142062	0.0010523002617457	-0.0002167484871191	1.1073358408700686e-06	4.697990666841874e-08	0.0013900186455486	0.0001851182974484	1.9321518349727647e-06	3.4268784050194323e-08	-0.0018682340783685	-0.0001319668460619	1.7415248459551562e-08	3.4902985715773985e-06	0.0	0.0
1613.4036018082422	-0.0835829274553816	0.0069861057620115	2603071.1823278093	2220.2957511867644	1.622784122757821	4929713.222737999	2.633428309074871	1711.6645618785512	0.3773785955256699	0.1424146043609271	2929795.5723908925	1794.5814232038258	1533.7171268300112	0.98836	27.213217	0.0620539934789337	0.0297915464744635	-0.0429903446	0.0137426089	0.0618491584	0.0463858564	0.0237602476	0.1196668567	0.0106693018	0.0438252393	0.0680449577	0.0989107424	-0.002438949	-0.0747523154	0.0063512858	0.028549038	-0.0234049994	-0.0309623847	-0.0252658597	0.060302745	-0.0122069922	0.0451287206	-0.0699508924	-0.055494278	-0.0011607605	-0.0194293873	-0.0277137394	0.0910213589	0.0463783423	0.0450941144	-0.0940047661	0.0415997577	-0.0605640741	0.0131075498	0.0757466156	0.0337704298	-0.0234176138	0.0506282912	-0.0107277886	-0.013407801	0.0077443623	-0.0233880495	-0.0120174439	0.0228355311	-0.0045269638	0.0142362894	-0.0492935975	0.0158131608	0.0564280366	-0.0909082797	-0.0057995973	-0.0307022423	-0.0792895108	-0.0150965261	-0.0522900971	0.0076052636	0.1166481428	-0.0637460716	-0.0374377525	-0.0197084317	0.0262685518	0.0042442831	0.0629170735	-0.0195381633	-0.0189158469	-0.0736638664	0.0749736341	-0.0232814291	-0.0340145485	-0.0362359957	-0.078536688	-0.0320261017	-0.0036869815	-0.041645697	-0.0908797507	-0.0850397799	0.0960331545	-0.099572059	-0.0400425137	-0.0331207681	0.0663368712	-0.0485314637	-0.0299236323	-0.0292464997	-0.0001841402	0.0983207893	-0.0086852486	-0.0170343222	0.0334673914	0.0168212407	-0.0106224635	0.0213504068	-0.0830891956	-0.0305849843	-0.0065422828	0.0334736602	0.0604383509	0.0050014641	0.0101394774	0.0561288577	-0.019435834	-0.0263471281	0.0734763227	-0.0063100366	0.0417595885	0.0039719926	0.0202911217	0.0812294859	-0.0859531063	-0.021460359	0.0507587966	0.0184743818	0.0223718737	-0.0524267923	0.1187997865	-0.017095058	0.018086304	0.0031704036	-0.0160814451	0.0201931134	0.1107697823	0.0300807747	-0.021334175	0.0352126431	-0.0977365221	-0.032180178	-0.0459839628	-0.0052380466	0.0747388617	0.0360026384	-0.0693276199	-0.0266264476	-0.0354746664	-0.0667928129	-0.0577148993	-0.0663111026	-0.0322976101	-0.038943944	-0.1439800995	-0.0336051707	0.0104207133	0.0272835255	0.0307702275	0.0250027768	-0.0094388151	0.0425522551	-0.0867868884	0.0056061969	-0.0436016555	-0.0511685737	-0.0240304283	0.0709402506	-0.0421479982	-0.0694051608	0.0574163193	0.0042358532	-0.058867105	-0.1156579321	0.0023500234	-0.0229291	-0.0633544218	0.0583257166	-0.0272145363	-0.0139173287	0.0161171539	0.0281862872	-0.0225949873	-0.0408372227	-0.0650136852	-0.064777029	0.0211324865	0.0312459714	-0.0707106781	0.0809511339	-0.0577350269	0.010657419	0.040824829	0.1048234765338236	-0.0110687141248888	0.0001225164323785	0.010987961232637	0.0434102105871261	-0.0161172077990698	0.0018844463832186	0.0002597643872383	0.3989073039941075	0.0170818668972501	0.0002917901766953	0.1591270371798473	0.0009559839405612	-9.631632118449994e-05	9.1390529461092e-07	9.276833726515752e-09	0.0013989897165884	8.97107103979989e-06	1.957172227120092e-06	8.048011560113628e-11	-0.0021186707792987	-0.0002504367009301	6.271854117280238e-08	4.48876587105416e-06	0.0	0.0
1614.4798733616612	1.0762715534190193	1.158360456698989	2606545.261489886	2220.0341605284825	-0.2615906582818752	4928551.673913404	0.0684296725003448	1712.8373477450284	1.1727858664771702	1.3754266886086068	2933811.7798302234	1798.9955737696605	1530.7485324827014	0.966114	26.600706	0.088538602529852	0.0376630432155329	-0.044993615	0.0485767643	-0.0870231664	0.018296568	-0.0105320531	0.0111652961	-0.0166184459	-0.0368123439	-0.0284615556	0.0947262826	0.0345452859	-0.0300249631	-0.0796477742	-0.0147323851	0.0957920961	-0.0216349265	0.0654005652	0.1050909908	-0.0650343706	0.0125485465	-0.0262581858	0.0335442934	0.0011807423	0.1179938588	0.0737436262	0.0056497209	0.0493801889	-0.0304800377	-0.0382306394	-0.0133702618	0.0152412441	0.0419216286	0.0263111495	0.0542409297	-0.0764218363	0.0801195183	0.0089075475	0.0867312565	-0.0141194844	0.0370048741	0.0322402491	-0.0405872515	0.1172401655	-0.0066997716	-0.0139192054	0.0581069363	-0.0063976879	0.0693995333	0.0323561904	0.0151775144	0.0238180597	-0.1029209583	-0.0238816804	-0.065164316	-0.0062058179	-0.0117958254	-0.0182951089	0.0564094576	-0.1304703277	-0.0365072853	-0.0741087196	0.0718351153	-0.0610155245	0.0470115669	0.0586861781	-0.0336581161	-0.0255291737	-0.032349271	-0.0754447288	0.0384154442	0.0072522053	-0.1096263312	0.0596783129	-0.0558387491	-0.0443578585	-0.051374645	-0.026198168	0.0819724193	-0.0048705448	-0.0220937638	-0.041468802	-0.0118622649	-0.0352551247	0.0103122554	-0.1045416648	-0.0019962701	0.0668628503	-0.0580546501	0.0470313429	-0.0815259	0.0072172495	0.0322459988	-0.0204038848	-0.0095044516	0.0254494643	0.0356698783	-0.0214476901	-0.0324706408	-0.0318078993	0.0616421614	0.0082463388	-0.0226657964	0.0163345974	-0.0963591653	-0.0083675702	-0.0339216774	-0.0677510345	0.0803654388	-0.046023351	-0.1480550269	-0.0758878638	-0.0467536161	-0.0030880509	0.0121623521	-0.0184061434	-0.025778253	0.0565138826	-0.0013684054	0.0750785652	-0.0790846873	0.0161879697	-0.1280421822	-0.0426186546	0.0586493177	0.0197071517	-0.0343766465	0.029527605	-0.1176909873	0.0628711955	-0.0811698647	0.0247545847	0.0487490436	0.0223155481	-0.0171606151	0.0409166361	0.0412248032	-0.079909123	-0.017006339	-0.0276077038	0.0229246648	0.086880975	0.0135309125	0.0417299701	0.066937913	-0.0262270506	0.0394237198	-0.0655721619	-0.0368571424	0.0115447356	-0.1116517515	0.0066834358	-0.0517649221	0.0820390035	0.0031550996	0.0277581306	-0.0566280508	0.0547355192	-0.0200840864	-0.0468915809	0.0536389985	-0.0052485131	0.0553239954	-0.0419806318	0.0262667454	-0.0122547885	0.0052605284	-0.0155451477	-0.0652939789	0.0227795284	0.0288611001	-0.0689390864	0.0813979594	-0.0612463124	0.0165575133	0.0347647336	0.0883072555963337	-0.0165162209374898	0.0002727855540559	0.0077981713909562	0.0562565743622656	0.0128463637751395	0.0031648021589771	0.0001650290622432	0.3968203340133698	-0.0020869699807377	4.355443700500346e-06	0.1574663774864823	0.0006428338244853	-0.0003131501160758	4.132353259023975e-07	9.806299519834964e-08	0.0016879933045963	0.0002890035880079	2.8493213963619373e-06	8.352307388144006e-08	-0.0015790435266528	0.0005396272526458	2.911975717981619e-07	2.493378459064112e-06	0.0	0.0
1615.3126040187365	0.8327306570752171	0.6934403472329228	2609234.808701792	2232.288504698886	12.254344170403328	4983111.968210788	150.16895104669803	1711.371904296875	-1.4654434481533372	2.1475244997355425	2928793.7948167124	1797.9931627945364	1549.8829378493683	0.952008	26.212315	0.0567236028313277	0.0285520415970823	0.0492967761	0.0454103555	-0.0433660306	0.0194875322	-0.0987379963	-0.0388442277	0.0826791874	-0.0135866089	0.0488828701	0.0023059721	0.0483457404	0.0493530573	-0.0574936142	-0.041279969	0.0566181031	-0.0411675145	-0.0095048032	-0.0176062223	0.0134807017	-0.0239340339	0.0801323424	0.0463174205	0.0398434155	0.0187373282	0.0930189315	0.0113277241	0.021572807	-0.00823516	-0.1025486542	0.0238161678	0.0100235792	0.0142856264	0.0663316756	-0.093450794	0.0060036858	-0.0470630518	0.032188629	0.069115485	-0.0018390948	0.0077167059	0.0307142378	-0.0057790503	0.0691152107	-0.0721261174	0.0184488776	-0.0017509741	-0.0965103504	-0.0614880662	-0.0393744776	0.0207554406	0.0132140434	0.0205567221	-0.0197209934	0.0273921765	-0.0400297883	-0.0503015818	0.0381855412	-0.0188072378	0.0513462197	-0.00331548	0.0270756416	0.0470170319	0.0189628882	0.0667297546	-0.0702146511	0.0548386344	0.0883014961	-0.0428540937	0.0477667436	-0.0365865247	-0.0116474864	-0.006475497	-0.0148542334	-0.0608627947	-0.0166337064	-0.0331468099	0.0262283663	-0.1177146162	-0.0518767613	-0.0167599909	0.0471167783	0.0650649629	-0.035249662	-0.0290301685	-0.0282891839	-0.0669854662	0.0080407397	0.0008190582	0.0957764098	-0.0081797158	-0.0087738372	-0.0168143699	-0.0114213675	-0.0247872004	0.0102568996	-0.0577990098	0.018857399	-0.0381742139	0.0930194394	0.103525206	-0.0452263055	-0.0712481195	-0.0321492248	-0.0579072595	0.0435257549	-0.0384532637	-0.0379228669	-0.0524426097	-0.0069809567	-0.0050486398	0.0394101995	-0.0779141732	-0.0636022331	-0.006974178	0.0514789618	0.0818940428	0.008868235	-0.0897649824	0.0909351485	-0.0860802933	0.0074960913	0.0099533032	0.0251318628	-0.025382906	-0.0463453199	-0.0708171752	-0.0176913015	0.0689787108	0.0759774463	0.0758372949	-0.0768009951	0.0512849926	-0.0226777142	0.0214530717	-0.0406014541	0.0315632178	-0.0034196217	-0.0226655103	0.0307742835	-0.0016770611	0.0058402424	0.0324175371	0.0352194591	0.0686949427	0.030237044	0.018242552	0.0455730439	0.0197489976	0.0862879262	-0.0911928999	-0.0475674428	-0.0283719333	0.0160645192	0.0414796313	-0.0535799736	-0.088311586	-0.0051282085	-0.0256290371	0.0057910827	0.0370353724	0.0073262879	0.0672962627	-0.0313130597	0.0086275896	0.0141578648	0.0246123866	-0.0307018344	-0.0658037687	0.0244165784	0.0264477464	-0.0670465522	0.0816216788	-0.0645158866	0.0223686765	0.0284607885	0.0975852732590425	0.0092780176627087	8.608161174953629e-05	0.0095228855570419	0.0733628657442437	0.017106291381978	0.0053821100702079	0.0002926252048451	0.3967344323633739	-8.590164999588978e-05	7.379093472016351e-09	0.1573982098226885	0.0008290070979519	0.0001861732734666	6.872527684546312e-07	3.4660487753269444e-08	0.0015872155103457	-0.0001007777942506	2.519253076281961e-06	1.0156163814016264e-08	-0.0018971603016685	-0.0003181167750157	1.0119828254638953e-07	3.599217210226914e-06	0.0	0.0
1615.8799968111298	0.5673927923933206	0.3219345808598898	2611068.164094337	2242.2393908308227	9.95088613193684	5027637.485793379	99.02013481077294	1710.769813454368	-0.6020908425070957	0.3625133826309042	2926733.354626693	1799.293831829759	1537.9487225412597	0.951449	26.196915	0.0323579504905875	0.016496062932782	0.0132746539	0.0250743377	0.0860384259	0.0168934981	-0.0471896082	-0.0047089158	0.0683579998	0.0480988482	0.0866020116	-0.0837286062	0.0431443875	-0.060265965	-0.1000652796	0.0006216748	0.0125724297	-0.0309238124	0.025527859	0.0198271829	0.0396045977	0.0216119626	0.0343611404	0.0043815293	0.0551886281	-0.0528396078	-0.0178490742	-0.0044829529	-0.0357639032	0.0656226863	0.0426519173	0.0951192992	0.1042593473	0.0646775326	-0.0206992396	-0.0075706896	-0.035434896	-0.0203567911	-0.0230485773	0.0455753176	-0.0947531127	-0.0078439542	0.1108949367	0.0574288636	-0.0614577524	0.0004466152	0.0617275358	-0.0103917593	0.0311292244	-0.005330431	-0.0394276889	0.1262101889	-0.0223126751	-0.0400758902	-0.0714535634	-0.0565023994	-0.069080523	-0.0703852885	0.2176785327	0.0344249107	0.0792999819	0.0529889225	0.0586436261	-0.1047895281	0.0811129997	-0.0110738948	-0.0484832047	0.0625391717	0.0360376442	-0.0477395704	0.0892255011	-0.0598509661	-0.1104333877	-0.061112877	-0.0785858468	0.0026263739	0.0035627905	0.0145899917	-0.0437125017	-0.0404860644	0.0361833054	0.104034907	-0.0539750052	0.0211982642	-0.0792964347	0.0392484204	0.0391639012	-0.0251715075	-0.094825253	0.0141901136	0.0056158008	-0.0617831561	-0.0712568046	-0.0289140618	-0.0064223444	0.0296793074	-0.0517901238	-0.0138984138	0.0057093339	-0.0011020547	0.0573856652	0.0577548212	0.0046457404	0.0289576684	0.0885905525	-0.0110208023	-0.038157759	0.0243024218	0.0433318512	-0.0058860501	-0.0463881635	-0.0005663114	0.0615418229	-0.0484499802	-0.0204659363	0.0268919848	-0.0207564208	0.0733411328	-0.0531490004	-0.1030450938	0.0782669142	-0.0461260466	0.0353768919	-0.0763270475	0.0587957966	0.0986019687	0.0316232729	0.0442117144	-0.0825795038	0.1292815234	0.0072679215	0.0802077226	-0.0342541424	-0.0240282066	-0.0683001635	-0.154407304	0.0135321668	-0.0374568362	0.0827630614	-0.0167416774	0.0675103175	-0.0060202691	-0.0024688636	-0.0414927051	-0.101843292	0.0242523679	0.0967417071	0.0280786921	0.0395203508	0.0047059461	0.0451467107	0.0272779569	-0.0501950514	-0.0360171669	0.1001925514	-0.0495136114	-0.0052550307	0.0027354156	-0.0714628933	-0.0518503218	0.0149915818	0.0166610759	0.0343451317	0.0634675333	-0.0361548268	-0.0148263583	-0.0243933195	-0.0238254963	0.0207083051	-0.0663063423	0.0260429185	0.024008292	-0.0650363955	0.0816216788	-0.0675308461	0.0280596966	0.0219572114	0.0986462783567674	0.0010610050977249	1.1257318173982274e-06	0.0097310882336408	0.0613460315929188	-0.0120168341513248	0.0037633355921993	0.0001444043030204	0.4044224746778866	0.0076880423145127	5.910599462973779e-05	0.1635575380245858	0.001025005956888	0.0001959988589361	1.0506372116558846e-06	3.8415552704253256e-08	0.0015700207199964	-1.7194790349300002e-05	2.4649650612180143e-06	2.9566081515638046e-10	-0.0019158080309236	-1.864772925509999e-05	3.4773780637151206e-10	3.6703204113513614e-06	0.0	0.0
1616.3750750761562	0.49507826502645	0.2451024885015998	2612668.3833274497	2221.1921080174466	-21.047282813376118	4933694.380718988	442.9881138262376	1712.1135227272728	1.343709272904789	1.8055546100903168	2931332.714705592	1799.6254553718315	1523.9095665043235	0.948483	26.115244	0.0337145094015928	0.0155638199888076	-0.0734367634	-0.0052108704	-0.0235503191	-0.0287159679	-0.0500805808	0.0083402134	-0.0242882887	-0.0191004556	-0.0801713917	0.0121856721	-0.0101784122	0.0410329695	-0.0558670727	-0.0242362788	-0.106797401	0.0413247956	0.0780509498	0.003296735	0.116009009	0.0207466609	0.0049379831	0.0253875576	-0.0121989942	0.0877855493	-0.0441912461	-0.0204842596	-0.0297702029	-0.0403478826	-0.00326091	0.0723637057	0.1048664151	0.0416646294	-0.0055729882	0.0638685977	0.0271670346	-0.028199082	0.0303426637	0.0750195903	-0.0805105395	-0.0536278047	-0.0184831955	-0.0401041325	-0.0421921486	-0.0244447926	0.0948597177	0.0182977766	-0.0607085931	0.0069359724	-0.0077623779	0.045212982	0.0927395806	-0.0390525635	0.0890176875	0.0296422538	-0.0904568851	0.0137119954	-0.0879449285	-0.0600765598	0.0218808922	-0.0350986619	-0.0160662032	-0.0543238792	0.0041133226	-0.0108368657	0.0465706341	0.0376711304	-0.0299156771	-0.0151344974	-0.0922659072	-0.0424868634	0.022969076	-0.0320383873	-0.0066859132	0.0803735701	0.0010404644	-0.0783284173	0.0190535763	-0.021299531	-0.0544464431	-0.0729266688	0.0074529344	-0.034887744	0.1664831123	-0.0471889383	-0.0573100794	0.0623625943	-0.045907064	0.0582984869	-0.0556897699	-0.0104057893	0.0421602934	-0.0183487581	-0.0570737195	0.043717551	0.0120776124	-0.0058505741	-0.1031304154	-0.0148969064	0.0575444548	0.0792029784	0.0151208576	0.010756491	0.0217430115	-0.0056989669	-0.0014528909	-0.082016085	0.0056177003	0.0505083378	-0.0344672426	-0.0212265081	0.0140278818	-0.1340737416	0.0140515265	-0.0261038639	0.016160955	-0.0122685401	0.0006340408	0.0081684356	0.0091507975	-0.1298734444	0.0900223768	0.0471646685	0.0544737305	-0.052211227	-0.0427628059	0.0295825102	0.0137864756	0.0530971007	-0.0309795288	-0.1273093817	-0.0901003323	-0.0275574139	-0.020175337	0.0395155925	-0.0125599838	-0.059277229	-0.0319281854	-0.0136467581	0.0112958354	0.1088518409	-0.0181273763	-0.1025459041	-0.0934896285	-0.0091689036	0.066991221	0.0806479904	0.0077503992	-0.0064136024	-0.0603296649	-0.0045831314	-0.0552099411	-0.0414664737	0.0401545381	0.0544085631	0.0725384757	-0.0217344415	0.0641822284	-0.0247679805	0.0181640128	0.0377284448	0.0487752379	0.0004656409	-0.0661501729	-0.0700550492	0.0083670645	-0.0794586694	0.0340907056	-0.0668016447	0.0276578354	0.0215451443	-0.0629121428	0.0813979594	-0.0702792922	0.0336000067	0.0152996203	0.1030295936792242	0.0043833153224567	1.9213453216084525e-05	0.010615097173706	0.0650903278205561	0.0037442962276372	0.0042367507757874	1.4019754240298909e-05	0.3960103543709579	-0.0084121203069287	7.076376805824267e-05	0.1568242007690116	0.0007779632304378	-0.0002470427264502	6.052267879132176e-07	6.103010869194838e-08	0.0015897864673466	1.9765747350199885e-05	2.527421011758382e-06	3.9068476831193374e-10	-0.0018391209538326	7.668707709100001e-05	5.880907792760979e-09	3.3823658828261325e-06	0.0	0.0
1619.039343579209	2.6642685030526536	7.098326656358427	2621288.396057396	2233.6691024164447	12.476994398998158	4989277.659089886	155.6753892326314	1713.7206201171875	1.6070973899147702	2.582762020670867	2936838.3638148378	1802.5994454042543	1568.3939376290757	1.041366	28.672649	0.0478439629725082	0.0247502538830643	0.0515407213	-0.0682263587	-0.0436321941	0.0001975478	0.0090991628	0.0440506668	0.026464283	-0.0217523801	0.0251412198	-0.0414905203	-0.0997047703	0.0211832187	0.0116335423	-0.0196915448	-0.0480882821	0.0251687334	-0.0072518367	0.0442401086	0.049521607	-0.0573745223	0.0103766137	0.0854824667	-0.0444290076	-0.0507498858	0.0712149116	-0.0043478863	-0.0175798693	-0.0497359898	-0.0483076953	-0.0467385122	-0.0433037806	0.0468836192	-0.0089272088	0.033699695	0.0106173272	0.0204438657	0.0303678737	-0.0314958884	0.0206334075	0.064386281	0.031732258	-0.0503096839	0.1240199225	0.0507047822	-0.0965657153	0.0475944306	-0.0225338206	0.0030848059	-0.0297224661	-0.0361341567	-0.0814394123	-0.0200142093	0.0525602973	-0.0006090104	0.0305664937	0.0157923829	-0.0077235305	0.0485428019	-0.0129237891	0.0505105303	0.0337680332	-0.040819416	0.0647410898	-0.0810350433	0.0368417723	0.0264601528	0.0379723135	-0.0994640749	0.0458181841	-0.1045982814	0.0070058308	0.0377981739	-0.0319121729	-0.0798850463	-0.0122529649	0.1122714333	-0.0489023584	-0.1368998248	0.007576415	-0.0870481083	0.0288202157	-0.002386545	0.0332543919	-0.0410702244	0.0647476763	0.0024999564	0.0397605324	-0.0114803378	0.0425997126	0.063803598	-0.0168081203	0.0797074762	-0.0625312889	0.0573124111	0.0134573832	-0.0352008669	-0.0608646857	-0.0054769709	-0.0092131945	0.0241933736	0.0752374927	-0.0589005072	-0.0605748981	0.0581815456	-0.0030352637	-0.0216479238	-0.1462888313	0.0260226327	0.0643164248	-0.0102240638	-0.0233514269	0.0066550163	0.0134860728	8.62741e-05	-0.0031869177	0.0098945596	0.0082017726	-0.0059946105	0.0011685549	0.0288363952	-0.0083643462	-0.0475471072	0.0409857498	0.0684800638	-0.0038264168	-0.1575246157	0.030179428	-0.0639081469	-0.0370790788	0.1104334881	-0.0191755559	-0.0203573791	-0.0321898281	-0.1204330069	0.0535109924	0.0769576554	-0.1005188975	0.0849359134	0.015026642	0.0517442597	-0.0305109532	0.0133645606	0.0629858817	-0.035952213	-0.0485995374	-0.0086104086	0.0849948136	0.01827864	-0.0347241615	-0.037598682	-0.0685184515	-0.0505893458	0.0241369178	0.0535199379	-0.0285530659	-0.090373371	0.0057969109	0.0074634038	0.0676948442	0.0476725697	-0.0063192963	0.0144942245	-0.0025588235	-0.0501132973	0.0495645051	-0.0680313491	0.0847978641	-0.0672896215	0.0292606206	0.0190607341	-0.0606775209	0.0809511339	-0.0727503781	0.0389598496	0.0085347133	0.0854761591005797	-0.0175534345786445	0.0003081230655067	0.0073061737745876	0.0651256656347527	3.533781419659543e-05	0.0042413523243696	1.2487611121931012e-09	0.40991317365431	0.0139028192833521	0.0001932883840255	0.1680288099353485	0.0008289272737587	5.096404332089995e-05	6.871204251810308e-07	2.5973337116145668e-09	0.0014466852384584	-0.0001431012288881	2.092898179173438e-06	2.0477961709312984e-08	-0.0019721031075498	-0.0001329821537172	1.7684253207265014e-08	3.889190666807578e-06	0.0	0.0
1616.240968141142	-2.798375438066841	7.8309050923757875	2612234.867097816	2237.508327056474	3.8392246400294425	5006443.513647062	14.739645836609204	1713.0016153231534	-0.7190047940341628	0.5169678938441089	2934374.5340997325	1802.250076596528	1577.5197944874	0.954783	26.288708	0.0416326652074739	0.0203641186839	0.0119036097	-0.0101437339	0.0660613036	0.0970087411	0.0893177158	0.0582761797	0.0343649248	0.072973408	0.0360783954	-0.0113879388	-0.0592675082	-0.0565979984	-0.0250545999	0.0113264152	0.0554192875	-0.038106373	-0.0729556466	0.0294568073	-0.03527582	-0.0321500854	-0.0492433021	0.0513864221	0.0100236421	-0.0656746942	-0.0034602845	0.0786396208	-0.0200197496	-0.0242791908	-0.0315151224	-0.0569734761	-0.02079763	-0.0489257835	-0.0117100366	0.0289983221	-0.0308938881	0.0565788751	0.0193407049	-0.0554658502	-0.0472414161	-0.0775931906	0.0543676845	0.0546185567	-0.0752442474	0.0336847751	0.057109881	0.0563842554	0.0081435393	-0.0394584874	0.0113118125	0.0460148894	0.0472112236	-0.0551896714	-0.0512261723	0.0334788458	0.0591209933	-0.0572920438	-0.0607804936	0.0284499017	0.0790325949	0.0008970763	-0.0020615965	0.1116504191	-0.0248611317	-0.0358390584	-0.0492867033	-0.0582539279	-0.0200016518	0.0237926516	-0.1257206864	-0.0090031633	-0.0119601051	0.10796512	0.0300776714	0.0183104444	-0.0022079973	0.0772369509	0.0261318025	0.0289561825	-0.0129666752	0.0377264781	0.0154601811	0.0604428877	0.0599747193	0.0697175832	0.0571974909	0.0115323896	-0.0260423352	-0.0550572596	0.0335962431	0.0041690463	-0.0729720745	0.0094889737	0.0557454796	0.0401816119	-0.0106607528	-0.0026323555	-0.0181721473	-0.0268764578	-0.0535340182	-0.0656679875	0.0523282904	0.0599736279	0.0905065498	0.0316434671	-0.0120417846	0.0733832949	0.0328524793	-0.0254944878	-0.0871544415	0.0449984368	-0.0556365178	0.1023883969	0.0943112035	-0.1108653993	-0.0486523161	-0.087656649	0.0064364383	-0.0395894356	0.0353423833	-0.0402203098	0.0312119266	-0.0386281011	-0.0161842542	0.0559192663	-0.0414198829	0.042517018	0.0846274816	0.0067554896	0.0394273146	0.0357397245	0.0537873192	-0.0728374074	-0.0024198373	0.1035070606	-0.0124092433	-0.0220532836	0.0057474387	0.0070026876	0.022668779	0.0269867427	0.0439976883	0.0350044505	0.0875137619	-0.0044520674	-0.0885696167	-0.0038376738	-0.021488067	-0.0366858057	-0.0053347073	0.0787159469	-0.0313886793	-0.0860135023	0.1009742786	-0.0136947655	-0.0621662847	-0.07502721	-0.0398900352	-0.0112022012	0.0403109508	0.0364637396	-0.0033385612	-0.0304064705	0.0353547143	-0.0363993366	0.0440541206	-0.0381151759	0.0531790443	-0.0677702193	0.0308505711	0.0165575133	-0.05833645	0.080282427	-0.0749343514	0.0441104375	0.0017099414	0.0910106928828042	0.0055345337822245	3.063106418658425e-05	0.0082829462190081	0.04850213129221	-0.0166235343425426	0.0023524567398867	0.0002763418940376	0.4085076146438382	-0.0014055590104717	1.97559613191844e-06	0.1668784712219986	0.0006736200038097	-0.0001553072699489	4.537639095325804e-07	2.4120348099011536e-08	0.0015968200096472	0.0001501347711888	2.549834143209684e-06	2.254044951991333e-08	-0.0020280418278567	-5.59387203068998e-05	3.129140429573564e-09	4.112953655536344e-06	0.0	0.0
1613.0968564886448	-3.1441116524972585	9.885438083369042	2602081.468413548	2222.58426573886	-14.92406131761436	4939880.818309947	222.72760621191327	1711.696366521662	-1.305248801491416	1.7036744337947782	2929904.45116346	1802.1088014193813	1560.4941617059767	0.962739	26.507782	0.0572523378513474	0.0288264233862712	-0.024460216	0.033245096	-0.0702312979	0.0101111294	0.081910442	-0.0298066731	-0.0312412296	-0.0038383452	-0.0743558367	0.0069439945	-0.0356535244	-0.0489456911	-0.0094764374	-0.0416231791	0.1136489968	-0.0143257189	-0.009007147	0.0050244052	-0.004419719	-0.0503561302	-0.0261768735	-0.0413650624	-0.0289109575	0.0759544043	0.0364061234	0.0560210163	0.0667281202	0.0056284416	0.0758834139	-0.0153988697	-0.1059201732	-0.0354293929	-0.0089354948	0.0027838094	-0.0072868577	-0.1077825702	-0.007259223	0.0020045895	0.05620017	-0.0269965375	0.0264793202	-0.076739588	-0.0439457942	0.0411612299	0.0080731873	-0.0351030409	-0.0263057402	-0.0014077563	0.0199061278	-0.0617526882	0.0607592762	0.0530257589	0.018989858	0.0213706014	0.0747497455	-0.0442358517	-0.0074204841	0.0063034135	0.0137241734	0.0774669495	0.0340405736	0.0910012811	-0.0206660587	0.1256291502	-0.0813302345	-0.0549044298	0.0119688161	-0.0290933503	0.092076662	-0.007890174	0.0127225832	-0.0017410863	-0.1141416937	0.0776369409	0.0220024298	-0.002845308	0.0050235283	-0.0022118726	-0.0515490365	-0.0784091191	0.0295422746	0.011098596	-0.0550873627	0.0075070933	-0.0472293266	0.0390531664	0.040589877	-0.0913296435	0.0442572857	-0.0812759869	-0.0003639528	0.0037359982	-0.0100681398	0.0016200281	0.0362428087	-0.0095920122	0.0292673752	-0.0118441847	0.0106406718	-0.0589497798	0.0305219555	0.0243339452	-0.0020891534	0.0717289197	-0.0041848172	-0.0350293493	0.1002719262	-0.0098941289	-0.0022488411	-0.0097551522	-0.0614955545	0.0910275966	0.0460487558	0.0404891043	-0.0274413184	0.0406554127	0.0020532315	0.0030311454	-0.0668456137	-0.0495518139	-0.0004796161	0.0244090924	-0.0437969765	-0.0844180648	0.0713593326	0.1334397368	0.0255722775	-0.0572890442	0.0301683429	0.0744753845	-0.0345955353	0.0473962837	0.0344494317	0.0170438429	0.0186003857	0.0367825424	0.0153925403	-0.0330910058	-0.0012073885	0.104986986	0.0004153357	0.0943042569	0.0252609287	0.0348072869	-0.0315564682	0.0130435065	-0.0745729665	-0.0014965622	-0.0184554832	-0.0715553286	0.0361392854	-0.076563575	0.090321772	0.0239576125	0.0410329161	-0.0321791255	0.0058562493	0.0509495468	0.0235337287	0.0528282623	-0.0064921509	-0.0424061566	-0.0633046176	0.0452917989	0.0586765679	-0.0239855511	0.015550968	-0.0682433853	0.0324269895	0.0140379523	-0.0558930371	0.0793936715	-0.0768225931	0.0490241061	-0.0051268245	0.0790881640320719	-0.0119225288507322	0.0001421466941965	0.0062549376899639	0.0481358986238404	-0.0003662326683696	0.0023170647363246	1.3412636738112017e-07	0.4236686132505838	0.0151609986067455	0.0002298558787537	0.1794950938536727	0.0008282683268931	0.0001546483230833	6.860284213342952e-07	2.3916103832507653e-08	0.0015968440484017	2.4038754499987325e-08	2.549910914915931e-06	5.778617179106608e-16	-0.0015866626351846	0.000441379192672	1.9481559172387466e-07	2.517498317890939e-06	0.0	0.0
1611.6508975211289	-1.445958967515935	2.0907973357397487	2597418.61548066	2228.708309430178	6.124043691318093	4967140.728523121	37.50391113317293	1709.1507867986506	-2.545579723011315	6.479976126206362	2921196.4120144467	1797.5101630739496	1552.5244261633345	0.966601	26.614115	0.1115150061199014	0.0548722621806596	0.07291405	0.0042195673	0.0077092597	-0.0359905013	-0.0389194087	-0.0706301039	-0.0563568834	-0.0065991135	0.020126594	-0.0290539205	-0.0115053877	0.0235840872	0.0303501477	-0.0494622992	0.0558935305	0.0208511565	0.0630339955	-0.0627136516	-0.0002892577	-0.0056900501	-0.0105231335	-0.016147898	0.0428130424	-0.0781587825	-0.0116083092	-0.0157553173	0.0793955164	0.0567949867	0.0101212069	-0.0359025632	0.0056750435	-0.1046782016	-0.0944129238	-0.0932050227	0.0111000797	0.0106432066	-0.0239085433	0.0789939205	-0.057318977	0.0549103179	0.059396364	-0.0630403693	0.03165851	0.0059637698	-0.0290815984	-0.0751605571	0.1901426392	0.0194401769	0.0853261803	-0.1159549798	0.0299492856	0.119134548	0.0447388587	0.0308298141	-0.0031942534	0.0006704408	0.1194664969	0.0070133749	-0.0406278614	0.027136338	0.0433383702	0.0169761955	0.0047916387	0.0359081763	0.0135228286	0.03335623	0.0438733652	0.0822714657	0.0149618366	-0.07655583	0.028730348	-0.0180700266	0.0064161064	0.094477149	-0.0189534786	0.0110466185	0.0232394947	-0.0079654417	-0.0299528198	0.1040076257	-0.037134467	0.0103966129	0.0657449096	0.017272749	0.0426005152	-0.0644683067	0.0297992646	-0.0212373526	0.0108798614	-0.0007966767	0.0933933948	-0.0055185407	0.0496551497	-0.0030975281	0.0214559348	0.0483730597	0.0860715326	0.0320927849	0.0469926839	0.0395333996	0.0367343878	0.03870016	-0.0740730296	0.03004893	-0.1450501749	0.0016904254	-0.002736211	-0.0800662608	-0.0405379266	0.0537602787	-0.0036038861	0.0471691355	-0.0506309646	0.1232886037	-0.1003975746	-0.0268450991	0.084499612	-0.0244032819	-0.0167878078	0.0625181167	0.005873267	0.0038169079	0.0073895411	-0.0860096274	0.0117839901	0.06361094	-0.0245195367	-0.0473032768	0.0176385008	-0.0340834708	0.0395762028	0.0758523573	0.0073966233	0.0079672199	-0.0592449567	0.0623701884	0.0514569041	0.0715818298	0.0560439516	0.0493936022	-0.052321318	0.0001773696	-0.0788830591	0.0152533672	0.005714437	-0.0824058186	0.012511689	-0.0023547202	0.0709800982	-0.0202609226	-0.0114262829	0.0145543808	-0.0308801278	0.070881375	0.001382293	0.0180975261	0.0524690094	-0.0645803351	-0.0286568955	0.0254191008	-0.0265075245	-0.0164216535	-0.0013226527	0.0681177241	0.0009182218	0.0408150257	0.0014798103	-0.0687090676	0.0339891844	0.0115045374	-0.0533515689	0.0782873035	-0.0784076511	0.0536744641	-0.0119276293	0.0648232797752115	-0.0142648842568604	0.0002034869228616	0.0042020576008153	0.0398678772138367	-0.0082680214100036	0.0015894476335375	6.836017803627954e-05	0.4563146234342312	0.0326460101836473	0.0010657619809108	0.2082230355599242	0.0005089845565654	-0.0003192837703277	2.5906527882207684e-07	1.019421259946715e-07	0.0018719641579221	0.0002751201095203	3.5042498085449968e-06	7.569107466251684e-08	-0.0021189805607243	-0.0005323179255396	2.833623738508894e-07	4.490078616727468e-06	0.0	0.0
1611.765743820019	0.1148462988901428	0.013189672368764	2597788.812951699	2224.883453505991	-3.824855924186977	4950106.381684745	14.629522840788214	1709.8615469637784	0.7107601651277946	0.5051800123324899	2923626.5097853653	1794.7591604605614	1532.672014620715	1.007481	27.739681	0.1035972839858061	0.048540630994215	-0.0536250838	0.0586113565	0.0211421052	0.0042291627	-0.0242640757	-0.0432365083	0.0122017084	0.0806150835	-0.0214769033	0.0111346321	0.0633980201	0.0537478976	-0.0221187826	0.0444556791	-0.0498330585	0.0092123873	0.0526111571	-0.0828342862	-0.0199330409	-0.0047203541	0.0289445764	0.0280824663	0.0276660929	0.047938956	-0.0265776915	0.1081491863	0.0028445718	0.0249681482	0.0395810092	-0.090484016	-0.0045879979	0.0346355373	-0.0767630036	0.1405670272	0.0643208884	-0.0486237095	-0.1387469167	-0.0244487537	-0.0476918826	0.0089099803	0.0319737584	-0.0028058689	-0.0774068784	-0.0311506875	-0.0664818329	0.0805200318	0.0149548538	0.0040735971	-0.0261716665	-0.0721357528	-0.066012502	-0.0072871479	0.0305737704	0.0588182185	-0.0343354154	-0.0553207588	-0.0639826553	0.0461491167	-0.0243997504	-0.0074144812	-0.033959553	-0.0243639248	0.0389560114	0.0359506519	0.0328337666	0.0474820548	0.0291096272	-0.0373456804	-0.0041273841	0.0233165182	0.0337045065	0.0244988396	-0.0066171297	-0.0634357643	-0.029969943	-0.0992970377	0.0478980825	0.0028765309	0.0713807463	-0.0927538878	0.0526845914	-0.0380958153	-0.0044596206	0.0547824724	-0.0654206985	0.0215670694	-0.068113294	0.0411018444	0.041800051	0.0462460376	0.068876287	-0.0217283669	-0.0251955379	-0.0565881711	-0.074417736	0.0768364176	-0.0317428057	0.0482250875	0.030951488	-0.061876151	0.0098783917	0.023528604	0.1159146797	0.0300883475	-0.0103322523	0.0204338814	-0.005073522	0.0635538585	0.0850285576	-0.0987537708	0.0378876489	0.0882743789	0.0354530865	-0.0178602113	-0.031834078	0.0096796821	0.0313167966	0.0058496605	0.0577125557	-0.006817798	-0.0611354207	0.0035160051	0.0301579972	0.0287608647	-0.0108820434	0.0095179217	-0.0362662344	-0.0322803264	0.030628578	-0.0104163368	-0.1235457569	0.1099914037	-0.0793154025	0.0001203514	0.0787221214	0.0257202315	0.0132132019	0.0145468565	-0.0472358487	0.0067348262	0.001126027	0.0177348183	-0.0527673901	0.0237726388	0.058025027	0.0310553805	-0.0467296824	0.0001311746	0.0376386525	0.0144663274	0.0211754207	-0.0019754576	-0.0094676807	0.0630758348	-0.0151687173	-0.0601960547	0.0266780602	-0.0006738003	-0.0759109856	-0.0253074283	-0.045251086	-0.0810863504	-0.1205548583	0.0888816114	-0.0413204818	-0.0007146705	0.1486752848	-0.0691672152	0.0355364705	0.008959769	-0.0507165039	0.0769663555	-0.0796832699	0.058036534	-0.0186447705	0.0874578101968239	0.0226345304216123	0.0005123219674068	0.0076488685644236	0.0630268784288006	0.0231590012149639	0.0039723874044788	0.0005363393372746	0.4384205618013013	-0.0178940616329298	0.000320197441723	0.1922125890101686	0.0005141062503436	5.121693778200004e-06	2.643052366423563e-07	2.6231747157652627e-11	0.0015968265473431	-0.0002751376105789	2.549855022299686e-06	7.570070475512137e-08	-0.0026369150706931	-0.0005179345099688	2.682561566166211e-07	6.953321090048396e-06	0.0	0.0
1612.0762897893649	0.310545969345867	0.0964387990769641	2598789.9641010445	2235.4620782826514	10.57862477666049	4997290.703439791	111.9073021653752	1712.6427172851563	2.7811703213778856	7.734908356513171	2933145.077069884	1802.2543776442803	1528.4552364885008	0.967203	26.630671	0.1636653522834898	0.0704722206075762	0.0107295993	-0.0099864381	-0.0265332457	-0.080960039	-0.0663559402	-0.0175849022	0.1019442994	-0.0310605416	0.0075558595	-0.124584606	0.0123845861	0.0944992813	-0.0083732561	0.0129635409	-0.0401612031	-0.0019628564	-0.0920254343	-0.0119752781	0.0164826722	0.0510506983	-0.0759676077	0.0223021388	0.0258425631	-0.0428158796	0.0612243335	-0.0353425096	-0.0806917381	-0.0963278893	-0.0222347846	0.0332703324	0.0630022269	0.062614675	0.0618000351	-0.0098428225	-0.0683231452	0.0351575118	-0.0459131692	-0.0261365956	-0.0504128419	0.0801749712	0.0331980214	-0.0393600828	0.0330499967	-0.0515523967	-0.0175374442	-0.0208826987	0.0037219892	-0.1128939428	-0.0513613552	0.0183266447	-0.0128053442	-0.09018954	-0.0492982128	-0.0063285967	-0.0232159595	-0.0360741607	-0.049166439	-0.0170620723	-0.0127644684	0.0372493146	0.0226623661	0.0253126991	-0.1443310346	-0.0028319378	0.08046967	0.0232844481	0.0117624676	0.0290084622	-0.0214397467	-0.012856455	0.06894964	-0.0380235465	0.068272466	0.0559441333	0.0497041275	0.0061026171	-0.0289080179	-0.1076113128	-0.0088568871	0.0221832451	0.0107360824	0.0264638411	-0.010173078	-0.1014513142	0.0312065918	-0.0251248381	-0.0942012645	0.0459187363	0.0384119677	0.0785001416	-0.0024305902	0.0081829553	0.0036519757	0.0347708034	-0.0099768646	-0.0271297284	-0.0296209172	0.1475300231	-0.0361513963	0.0365094507	0.0185967227	-0.0614132723	0.0260231666	0.0106897478	0.1098729619	-0.005150606	-0.0956057582	0.0003791952	-0.030820581	0.0065764535	0.042295055	-0.0332256613	0.004194905	-0.0146965979	-0.0200092846	0.0264087391	0.0101047467	-0.0072556098	0.0451014726	0.012322297	-0.0224540586	-0.006438693	-0.001544159	-0.0065176216	0.0549129699	-0.0648934259	-0.0721446909	0.002485977	0.0069879318	-0.0851665011	0.0676963725	0.0746689206	-0.0675404985	0.0143787389	-0.0017798533	0.0587339022	-0.0773805551	-0.0245005062	0.0233109165	-0.0558761466	0.0244988813	0.0471630923	0.1285876458	-0.0312617103	0.0749276258	-0.0076287356	0.0865825666	0.0350819061	-0.031744032	0.0009645368	0.0448030058	0.1124040981	-0.0190579861	0.0516562114	-0.0163910469	-0.0364313723	-0.0257745131	-0.0720329694	0.0541607106	0.0702416611	0.0401160198	0.0470143099	-0.0116368661	-0.0233158184	0.044438326	0.0325320671	0.024468295	-0.0696177779	0.0370681691	0.0064061583	-0.0479924649	0.0754344479	-0.0806444153	0.0620868871	-0.0252311319	0.0584988689357999	-0.028958941261024	0.0008386202789594	0.0034221176667678	0.0443005006187604	-0.0187263778100402	0.0019625343550727	0.0003506772258843	0.4210691778623356	-0.0173513839389656	0.0003010705245973	0.1772992525456632	-0.0003038200079824	-0.000817926258326	9.230659725042561e-08	6.690033640591704e-07	0.001891773568474	0.0002949470211309	3.5788072343768523e-06	8.699374527399159e-08	-0.0017772153646808	0.0008596997060122	7.390835845176348e-07	3.1584944524575093e-06	0.0	0.0
1612.1144981557604	0.0382083663955654	0.0014598792626177	2598913.155163999	2229.726779818	-5.735298464651351	4971681.512637548	32.89364847863214	1710.4863365589488	-2.1563807262075443	4.649977836359376	2925763.5075548533	1796.869597495334	1523.6895991920403	0.979148	26.959566	0.0463132023413881	0.0223674148057353	-0.0430917711	-0.0028400886	0.092374425	0.0019592551	-0.0028824012	0.0907863637	0.0136799751	0.0201311084	0.0375729456	-0.0192134041	-0.0088725353	-0.0352560875	-0.0571026656	0.0549067564	-0.0869811666	-0.0147211331	-0.0611361858	-0.0381628633	0.0039849372	0.0355512243	-0.1195291514	-0.0245813347	0.0168491889	-0.0749746106	-0.0012524862	0.033557038	0.0040281612	-0.0202989746	0.0485133395	0.0784289313	-0.083381467	0.0573136179	0.1493168125	0.0767497787	0.0053958902	0.0446670827	0.052096023	0.0248487844	0.0129842259	0.0286881986	-0.0400980419	-0.054481932	-0.1378664382	0.0410291211	-0.0502748386	0.0598697663	-0.0285523252	0.012472535	-0.0354769088	-0.0258476539	-0.0073763691	0.0854694605	-0.0178047818	0.0928514405	-0.0850661676	0.072874195	-0.0760004935	0.039264707	-0.0692480705	0.0228584424	0.0432345994	0.0643529085	0.0508233946	-0.0172356183	0.002001599	0.0164091607	-0.0030474879	-0.0536221291	-0.0069968073	0.1221618434	0.0716310648	-0.1089144816	0.0336158287	-0.0273371447	0.0336168648	0.0102857561	-0.0553396546	0.0332886289	-0.0363058114	-0.037007982	0.0552485588	-0.0070147305	0.0742499469	0.0528211476	0.0301737569	-0.0094092926	-0.0468363343	0.0393101885	-0.03076889	0.0636283902	-0.126559606	-0.0322051028	-0.0767334831	0.0455999844	0.021351483	0.030701311	-0.0660220535	0.0749375125	-0.0861501993	0.0164066212	-0.0320883259	0.0665073192	-0.0172695289	-0.1102930708	0.034649816	0.0641413917	-0.0029559157	-0.0557692765	0.0510009332	-0.013947932	0.0197188187	0.0409267768	0.0033682004	-0.0982395321	0.0439360249	0.0015151069	0.0164431958	0.0503458887	0.0042189667	0.0045065271	0.070581434	0.0553378657	-0.0031906588	-0.147164327	0.0053219128	-0.0197372745	0.0054759938	0.0067508791	-0.0410376399	0.0057261916	0.0079709967	-0.0279756822	-0.0116240829	-0.0287254391	0.0222907302	-0.0162686913	0.0462019605	-0.1415453169	-0.1523323533	0.0617895119	-0.0484103871	-0.0185849516	0.0460431564	-0.0184434898	-0.016514059	-0.0094238976	-0.0002195664	-0.0364585687	-0.0609572571	0.1176745352	0.0061489521	0.0233197261	0.0128598309	-0.0019528712	-0.0464186976	-0.0352534454	-0.0595704259	-0.0459694093	-0.028891132	0.0599230659	-0.025027291	-0.0670430708	-0.005258245	0.0460453528	0.0468052957	-0.0466138984	0.0095078767	-0.0700607062	0.0385836084	0.0038462256	-0.0451842308	0.0736957799	-0.081287294	0.0658037687	-0.0316405151	0.065688626502208	0.007189757566408	5.169261386372251e-05	0.0043149956517465	0.0443858870273743	8.53864086139064e-05	0.0019701069672068	7.290838775980988e-09	0.4237938495249267	0.0027246716625911	7.423835668926976e-06	0.1796012268951562	-0.0001308723616302	0.0001729476463522	1.7127575038665843e-08	2.9910888378765645e-08	0.0015981368763302	-0.0002936366921438	2.554041475486449e-06	8.622250697315283e-08	-0.0020368987602603	-0.0002596833955795	6.743546593969912e-08	4.148956559549947e-06	0.0	0.0
1613.3610147661311	1.2465166103706906	1.5538036599300362	2602933.7639672	2213.7698728279147	-15.956906990085372	4900777.049840522	254.6228806902354	1707.945486505682	-2.540850053266695	6.455918993185366	2917077.784875131	1795.4262137408523	1543.0834662468878	1.010631	27.826406	0.0829018978441655	0.0416437416851943	-0.023683909	-0.0448452607	-0.0618213945	-0.0612491222	0.0928220232	0.0676400198	-0.0032561562	-0.0928359731	-0.0545702974	0.0783723089	-0.0337430614	-0.0692360108	-0.0728196261	-0.0103095739	0.0025278014	-2.56865e-05	-0.0346537289	0.1301868802	-0.0339617957	-0.0394647239	0.0352138843	-0.0793334569	-0.0480923951	0.0610632319	-0.0696462777	-0.082920223	0.0332009834	-0.0725760476	-0.0442882719	0.0179062299	0.0468908404	-0.0579501349	0.0768870343	0.0502043554	-0.0432024077	0.069888455	0.0530448088	0.011545594	-0.0441574888	-0.0390418215	0.0193145924	-0.0112813103	0.0103439454	-0.0237410732	0.0742334306	-0.0223598292	-0.0057772109	0.0068585419	-0.0276112813	-0.0126164455	0.0121230365	-0.0456350836	0.0242017049	0.0031481627	0.0715427463	-0.0201473467	-0.0794029371	-0.0041319004	0.0029262309	0.040825461	0.0665855626	0.094708569	0.017266363	0.0394338573	0.0324643646	0.0180250474	-0.0630092955	0.00668316	0.0485909277	0.0598258028	-0.0732116715	0.1014046854	-0.045618462	-0.0232855608	0.108238554	-0.0498341675	-0.0088125409	0.0057740942	-0.0499834402	0.0144024665	-0.0438698192	0.0120368864	0.0548779529	-0.0356786715	-0.0442578562	0.039386554	0.0612598621	0.0073286082	-0.1351326543	-0.0056811289	-0.0709687362	0.0275681655	0.0261444354	-0.0066084956	0.0031367344	-0.1006436675	0.0051783412	-0.0505686799	0.01971124	0.0100631243	0.0672604805	-0.0550991049	-0.0317831335	-0.0843202103	0.0033731693	0.0015999534	-0.0295944088	0.0107907365	-0.0530898033	-0.0005787022	-0.0592900867	-0.0353515634	-0.0403613434	-0.0193883458	0.0326537135	-0.0821035567	-0.0684318767	0.0155835254	0.0089337864	-0.009140168	0.0466192217	0.0538091104	0.0157100756	0.0333214843	0.0281781799	0.1074161965	0.0414902429	0.0428180538	0.030608495	-0.0054580124	-0.0545832642	0.0400819996	-0.040413291	0.0307742818	-0.0250418138	-0.0498350452	0.0260728356	-0.0604792243	-0.0117490583	0.0081897281	0.0380705277	0.0970647531	-0.0165465223	-0.0557081133	-0.0487269224	-0.0309217463	-0.0187442744	-0.0018936742	-0.1176424404	-0.0449374492	0.0329694132	0.0352782916	0.0634727489	-0.0317660799	-0.0005901311	0.0557717464	0.0066575124	-0.0276916847	-0.0045863713	0.0463066005	0.0405430987	-0.0625018687	0.0185292233	0.0385886637	0.0001481499	-0.0036773936	0.1087794817	-0.0704959515	0.0400821236	0.0012824971	-0.0422967282	0.0717551168	-0.0816093689	0.0691672152	-0.0378279629	0.0534905392062654	-0.0121980872959426	0.0001487933336794	0.002861237784577	0.0277260545803414	-0.0166598324470329	0.000768734102592	0.0002775500171632	0.4519316756405018	0.028137826115575	0.0007917372585103	0.2042422394472317	-0.0003900787572728	-0.0002592063956426	1.52161436875492e-07	6.718795554202808e-08	0.0015988494953294	7.126189991999224e-07	2.556319708715077e-06	5.07825838020699e-13	-0.0017786947351898	0.0002582040250705	6.666931856260745e-08	3.163754960991913e-06	0.0	0.0
1616.4059115147156	3.044896748584506	9.271396209540496	2612768.0707797185	2223.430439628293	9.660566800378092	4943642.919865663	93.3265509045674	1714.9201553622158	6.974668856533754	48.64600565830186	2940951.1392675666	1802.542388599025	1569.613049852979	0.992052	27.314871	0.0744857507350932	0.0397467987054445	0.0670821753	-0.0360660467	0.0291685367	0.0161197322	0.0502109761	0.0001095185	-0.101104162	-0.0075160309	0.0525887506	0.0296201637	-0.0173458487	-0.0170460448	0.0837532146	-0.0460225901	0.0326130185	0.0873588817	0.0124104713	0.0634046253	-0.0144662675	0.047555793	0.0742503486	-0.0025534669	-0.0289679891	-0.107047376	0.046938258	-0.0054606524	0.0245461595	-0.0233957879	0.0683197689	-0.018148287	-0.039444585	0.0267501592	-0.0956008706	-0.0391261239	0.092970408	0.013167756	0.027691169	0.0227476013	-0.0461999056	0.0056119403	0.1002371625	0.0054856022	-0.0084097603	0.0238281453	0.0800565802	-0.0200549279	-0.0512015981	-0.0221587338	-0.0331512313	-0.0071092214	0.0144918473	-0.1191896061	0.016703675	-0.0040784816	0.0328106032	0.0502356983	0.1051348955	-0.0250167554	-0.0711735631	-0.0177627945	-0.0004782819	0.0656564795	-0.0541669007	-0.0986838215	-0.1515590323	-0.0269949565	-0.0289936419	0.0551795812	-0.0466039862	0.0271650784	0.0705850564	0.0459542558	-0.0677199072	-0.0182515504	0.1172324247	0.0539626205	-0.0345412625	0.0371604228	-0.0236614705	0.0402541616	-0.0057282863	-0.0145415954	-0.02225494	-0.0054020846	0.093959856	-0.0305500059	0.0508385528	-0.0328299437	-0.0135045587	-0.0083911672	0.022775168	-0.0579000427	-0.0055564294	0.0159434119	0.036580654	0.0790617291	0.0102791053	-0.1315527824	-0.0336673982	0.019660287	-0.0432343917	-0.0264378058	0.0605506605	-0.0194144117	-0.0315025402	0.0256699207	0.0427448677	0.0409054268	-0.0404699346	0.1368531034	0.0021882628	-0.0320366331	0.0191497387	-0.0485631734	-0.0337669687	0.0431447563	0.0258642542	-0.0163299854	-0.0553861411	-0.0576820975	-0.0542997332	-0.0208378287	-0.0076234383	0.0295268451	0.0362758901	-0.0078742127	0.0068028982	-0.0286182065	0.0211790058	-0.0380912514	0.0947629295	0.0119042484	-0.0435777098	-0.0268411479	-0.0156462233	0.0590257264	0.0130449544	0.014863207	0.0051715201	-0.0674914795	0.0246133685	0.0178042292	0.0435695723	-0.0429970409	-0.0752482672	-0.0844896577	-0.003168933	-0.016562675	0.0323287066	0.0355392039	0.0015457109	0.0392265822	-0.0351639741	0.0013767694	0.0402335857	0.056205761	0.0012283269	0.0134664561	-0.0269541119	-0.006374659	-0.0821572663	-0.046982347	0.0659423194	0.0835898057	0.0637910459	-0.041468872	0.0222566212	-0.0709234662	0.0415630576	-0.0012824971	-0.0393350228	0.0696177779	-0.0816093689	0.0721591615	-0.0437500746	0.0571944651538416	0.0037039259475762	1.3719067425128264e-05	0.003271206844234	0.0460452277796008	0.0183191731992594	0.0021201630012753	0.0003355921067044	0.4662360360414794	0.0143043604009776	0.000204614726481	0.2173760413036716	-0.0003858618848355	4.216872437300004e-06	1.488893941688047e-07	1.7782013152460474e-11	0.0020983985443212	0.0004995490489918	4.403276450809331e-06	2.49549252348612e-07	-0.0020380946375063	-0.0002593999023165	6.728830932180982e-08	4.153829751431937e-06	0.0	0.0
1612.2454404146024	-4.160471100113227	17.30951977487737	2599335.3601376754	2228.870277849548	5.439838221255286	4967862.715481122	29.591839873429876	1713.2479248046875	-1.6722305575283372	2.796355037531533	2935218.451847568	1801.444333920285	1549.13766289456	1.053909	29.01803	0.0459477847883123	0.0228507694828368	-0.050361584	0.0362140756	0.0098400298	0.0079185619	0.0383458462	-0.0787645971	-0.0282851604	0.0560716546	-0.0345002492	-0.0257604611	0.0047775852	0.0633537716	0.038481919	0.0840872551	0.025310102	0.0663211136	0.0632619673	-0.0418317376	-0.0440858036	0.0679864221	-0.0123040995	0.0240969828	0.0090809397	0.0459825065	-0.0201079228	0.076700535	-0.0503329225	-0.0203659428	-0.00624727	-0.0995822943	-0.0459888639	0.0760498672	-0.0326038684	-0.0632985271	0.0837152334	0.0529861708	-0.1127478789	-0.0602932696	0.1558173912	-0.0432971163	-0.0309955686	-0.0369146751	0.0250371564	0.08905739	0.1734028051	0.0338633619	0.0505659992	0.0181464549	-0.0299032507	0.0632114544	0.0405973424	0.0101659831	0.0403622738	0.0679805713	-0.0184219191	-0.045051868	-0.0121352005	-0.0867032103	0.0073657845	0.0075468867	-0.0503483348	-0.0682152989	0.0896990103	-0.0959918699	0.0839093993	0.0006575863	-0.0760795211	0.0164640952	-0.0219758229	-0.0502189346	0.0120680046	-0.0166051097	-0.0449777666	-0.0480460397	-0.0218001985	-0.0443000103	0.0867954992	0.0362891958	0.0095567807	0.065589837	0.0028515051	0.0612096218	-0.0083514843	0.0206844208	-0.0206987295	0.0619504082	-0.046536059	-0.0278027918	0.0712643889	-0.0256030341	0.0301256666	-0.047174167	0.0421125757	0.0320671666	-0.0471752482	0.0961085773	0.0601836074	0.0196061433	-0.015583478	-0.0039923184	-0.0800027008	-0.0068906417	-0.0470525857	0.032626319	0.075537607	-0.0685234718	0.007017092	0.1219610294	0.1838247497	0.1007458737	-0.0056769791	0.0807403239	0.041658566	-0.0120687424	-0.0047810401	-0.1052019867	0.0135219275	0.1219830588	-0.0579107698	0.0302599926	0.0039841523	-0.0660854539	0.0275611427	0.0608565922	-0.0918371866	0.0482668405	0.0479763529	0.0159058329	-0.0237162538	-0.0083327423	-0.0484982252	-0.0090940418	-0.0303353514	-0.0851766552	-0.1034933895	-0.0012999619	0.0285467808	0.0895467113	-0.000225903	-0.0598172893	0.0468104004	0.0036528178	0.0571856627	-0.0090403302	0.0703304715	-0.0243781648	-0.0817675915	-0.0137261294	0.028106452	-0.0050688598	0.069877951	0.0476199675	-0.0673781982	0.0190112711	0.0426034678	0.0394318015	-0.0470425179	0.0264120341	0.0744743308	-0.0665301517	-0.0298998938	0.0608517006	0.0338806826	-0.0241815239	0.0642263939	-0.003253497	0.1119155026	-0.0713432033	0.0430257605	-0.0038462256	-0.0363043104	0.0672896215	-0.081287294	0.0747635377	-0.049365311	0.0451863300630748	-0.0120081350907668	0.0001441953083581	0.0020418044245691	0.0524993377701861	0.0064541099905853	0.002756180466308	4.1655535770572994e-05	0.4646670602457092	-0.0015689757957702	2.461685047712732e-06	0.2159154768773895	-0.0001610826153983	0.0002247792694372	2.5947608983556635e-08	5.052571996872135e-08	0.0023831683255997	0.0002847697812785	5.679491268141679e-06	8.109382832940477e-08	-0.0020293124099982	8.78222750810018e-06	7.71275200040315e-11	4.118108857372703e-06	0.0	0.0
1610.9079955155692	-1.337444899033244	1.788758857950044	2595024.570015989	2234.2789544759844	5.408676626436318	4992002.446414298	29.253782849358547	1712.5802008611506	-0.6677239435368847	0.4458552647724488	2932930.944381619	1801.714710383285	1534.1460894723225	0.962328	26.496464	0.0502035470345944	0.0325557696362821	0.0181662312	-0.0491169194	0.0039326406	-0.0871220031	-0.0165993392	-0.0268868965	-0.0022272239	0.0019962196	-0.0012527841	-0.0804217106	-0.0298805034	0.054460228	0.0314193292	0.0353855321	0.0220311728	0.0364238743	-0.0340057147	0.026748367	-0.0153606404	0.0569367848	-0.0313671778	-0.0382566489	-0.0180113026	-0.0249611725	0.0749254628	0.0165284751	-0.0302448299	-0.0497242882	-0.0781289247	-0.0021945741	0.0662071573	-0.0042826356	0.0353582826	-0.0480949721	0.0548970771	-0.003712082	0.0883955592	0.0391491117	-0.0352581083	-0.0193368748	-0.0086383786	-0.0011104467	0.0126305537	-0.0003188622	-0.0101480547	-0.007534238	0.0446691668	0.0466560914	0.0134554816	0.0062241773	0.0263874979	-0.0426317193	-0.0323575305	-0.0185671776	0.0336986055	-0.0425139997	0.0772711689	-0.0229308498	0.0724102857	-0.0344263661	0.002045103	-0.0212283893	-0.0977891903	-0.0500904677	0.0268775305	0.0538605088	-0.01260272	-0.03394536	-0.0124458195	-0.0100462231	-0.0156554908	0.0525540723	0.1064690574	-0.0216650841	-0.0336964158	-0.045480107	-0.0360119253	0.0120494214	-0.0285796531	-0.0481583165	-0.0405402056	-0.0109353253	0.0328524621	-0.0652566825	0.0587420431	0.0102408159	-0.0140301232	0.0053172853	0.043293809	0.0847757357	-0.028378747	-0.0435420909	0.0626040335	0.0812205371	-0.0204315024	0.0041123242	-0.0086592324	-0.0187867069	-0.0449171279	-0.0336545889	-0.0025027973	-0.0690568066	-0.0630276936	0.0097614649	-0.0217929736	-0.0134159522	-0.0407479463	-0.0709652819	0.0376431228	0.020197883	-0.0154817132	-0.0086672458	-0.024527911	0.0073422439	0.0094827465	-0.0256655621	0.0751402665	-0.001248742	0.1072952055	-0.0136148077	0.000273136	-0.0309596181	0.0370851923	0.0243712107	0.0341995702	0.0045636749	0.01069358	0.0884534496	0.0340230422	-0.0597902827	0.0298921584	0.006650387	-0.070360923	-0.0001154069	0.0213962768	0.0325841676	-0.0027979831	0.0086196994	-0.0238041502	-0.012471416	0.0619590349	-0.0045335634	-0.0331990225	-0.0635020535	0.0401400234	-0.1033197735	0.0212579417	0.0602770049	-0.0197753976	0.0040921776	0.0025709555	0.1255902198	-0.097686084	0.0712858208	-0.0117051735	0.0031881819	-0.0311391468	-0.0071361356	0.0792325988	-0.0044478206	0.0109577838	-0.0450292313	0.0320451348	-0.0690304802	0.0519307032	-0.0403253093	-0.0508134515	-0.0717551168	0.044469591	-0.0064061583	-0.0332099078	0.064777029	-0.0806444153	0.0769663555	-0.0546342852	0.0486022781293229	0.003415948066248	1.166870119130413e-05	0.00236218143936	0.0523819978810422	-0.0001173398891439	0.0027438737020095	1.3768649584304e-08	0.4968355295560016	0.0321684693102923	0.0010348104177672	0.2468455434291925	-0.0001621164555429	-1.033840144599996e-06	2.628174515779307e-08	1.0688254445865405e-12	0.0022161794469088	-0.0001669888786909	4.911451340900994e-06	2.7885285606444213e-08	-0.0021513254865409	-0.0001220130765426	1.4887190847414756e-08	4.62820134904044e-06	0.0	0.0
1610.327500702663	-0.5804948129061813	0.3369742278109824	2593154.659519285	2216.163174890082	-18.1157795859026	4911379.217738887	328.1814700050054	1708.9326409357243	-3.6475599254263216	13.304693409576071	2920450.771255549	1794.7594124395066	1516.6339095864396	0.938164	25.831123	0.0553862960142651	0.0289228445308109	-0.0684912155	-0.0488589723	0.0985156104	-0.0449944603	0.0519923763	0.0437322207	0.0023292279	0.0071922337	0.0171011735	0.0701345365	-0.0213118241	-0.0496866135	0.020025124	0.0538277957	-0.0821662621	-0.0308834483	-0.0857725812	-0.0267360303	0.0015976005	0.018510798	-0.1150015806	-0.0688738979	-0.016998023	-0.0716554033	-0.0823432504	0.0386139505	0.0907211017	-0.0364649771	-0.0405595994	0.0702453995	-0.0013801687	-0.0353754074	0.0211398189	-0.0028550449	0.0116801598	-0.054339443	0.051396337	-0.0781512626	-0.0796355322	-0.11669901	-0.1138200315	-0.036978898	-0.0235480737	-0.0304501464	-0.0824522203	-0.0326749471	0.0541907589	0.0570105608	0.0333548175	-0.0244788171	-0.0558953987	0.0623985267	0.0020223348	-0.0102290668	-0.065870394	0.0281441176	-0.0089262356	-0.0154951493	0.0051775979	-0.0204976582	0.0094519474	0.0030804759	0.0503483477	0.0236212522	-0.0307979308	-0.0037213931	0.0598937557	-0.0494663938	-0.0047546364	0.0269457697	0.0104109153	-0.0290964848	0.068361609	-0.0333734324	0.0090537889	-0.0159560443	0.0042894911	-0.0254924467	-0.0032350411	0.0514228836	0.0005714871	0.0403169909	-0.0704543857	0.0544430827	0.0419192152	0.0167497739	0.0318804217	0.0342154604	-0.0858811834	0.1140064112	-0.100996547	-0.1292492538	0.0677983435	0.0164719288	0.056960616	0.0152127399	0.0095822394	0.0406747812	-0.0195317036	-0.0200193263	-0.0317581852	-0.0066772984	0.0103584472	0.0587983487	-0.0472046529	0.0196291232	0.0509072156	-0.0058778403	-0.0006521217	-0.0528715544	-0.0511727703	-0.0036828557	-0.0645720047	0.0619903886	0.026303678	0.0280174701	0.072365413	-0.0024553001	-0.0717388565	0.0113731208	-0.016612905	0.0877912589	-0.130626015	-0.0267178122	-0.0316020686	-0.0084051891	-0.070522233	-0.0118521495	-0.0087475859	-0.0118332344	-0.0084864228	0.0211801619	-0.0005738707	-0.0357144069	-0.0722678741	0.0287246116	0.0693702687	-0.0728697006	0.097041805	-0.0909805094	-0.0115359592	-0.0537816191	0.0248237526	-0.0818572576	-0.0071088546	-0.089029172	-0.0801106359	-0.0140478198	-0.0462848052	0.0801788354	0.0052510074	0.0946437552	-0.0230134042	-0.028023307	-0.0103767022	0.0028722863	-0.0720884366	-0.0266166206	0.0481338272	0.0193647213	0.0053329987	-0.0931373213	0.0783236462	-0.0149781308	0.0542597786	-0.0284235615	-0.067383564	-0.0721591615	0.0458939156	-0.008959769	-0.0300572439	0.0620868871	-0.0796832699	0.0787557834	-0.0595200392	0.0579075728039413	0.0093052946746184	8.658850898148159e-05	0.0033532869880437	0.0523024789789872	-7.951890205499385e-05	0.0027355493073473	6.3232557840317045e-09	0.5205459213332233	0.0237103917772217	0.0005621826782293	0.2709680562166543	-0.0002999407615791	-0.0001378243060361	8.99644604566505e-08	1.899553933436011e-08	0.0020278081973028	-0.000188371249606	4.112006085048431e-06	3.548372767812597e-08	-0.0020316992289757	0.0001196262575651	1.431044149905555e-08	4.127801757020454e-06	0.0	0.0
1611.6236920623965	1.2961913597334842	1.6801120410477386	2597330.92481683	2219.586683059488	3.423508169406432	4926565.043615021	11.72040818599258	1710.252049893466	1.3194089577416437	1.74083999776889	2924962.074164802	1797.1170090629423	1550.2101984920664	1.028017	28.305122	0.0287051639004868	0.017199851540875	-0.0012683394	-0.0297721073	-0.0430162894	-0.0466443192	0.0946761868	-0.0305360263	0.0182636338	-0.1075681316	0.0030761667	0.075168152	-0.0265220487	-0.0643522565	-0.0761826179	0.0218763609	0.0703601758	-0.0199466698	-0.0156137034	0.1081165868	-0.0918300757	-0.007720358	0.0472303229	-0.0702551333	-0.0672358692	0.0472682615	0.0094767579	-0.07499742	0.0803708152	-0.0094025757	0.0230016637	0.0060668758	-0.0091817151	-0.0649197322	0.0526107358	-0.0127988639	0.0542303436	0.0152173473	0.1014553768	-0.0248729638	0.0042039729	-0.0309731883	-0.0383969872	0.018630403	0.0198106924	-0.0018953152	-0.0770702056	0.0182883683	-0.0565533435	0.0283116848	0.0433083263	0.0314609229	-0.056982078	-0.0277691636	-0.0315470757	0.0320464885	0.0578902508	0.0382425989	0.0264286193	0.0293377642	0.020511687	0.0363427606	-0.0322853198	0.063492877	-0.0357426708	-0.0665984695	-0.0872022555	0.0963736508	0.0584177143	0.0537824817	-0.0368841016	0.0366865293	-0.0827627602	0.0408290958	-0.0368587975	-0.1005707553	-0.0811564479	0.0134899442	0.1630542586	0.0379928414	-0.0175499196	0.0570338007	-0.109332026	0.1023231025	0.0023914134	-0.0376505414	-0.041822091	0.0161897194	0.1176582291	-0.0332632904	-0.0687936956	-0.0217442194	-0.07320826	-0.0031186655	0.0703921118	-0.0595444863	0.0283741463	-0.0430571583	0.0276862639	-0.0133216297	-0.0994368251	-0.0460102633	0.0093837771	0.0230534215	-0.0708870895	0.0010865264	-0.0422588958	-0.0390899725	0.0012900173	0.0115068033	0.0010868866	-0.0092916154	0.0143623858	0.0173540511	-0.0894319986	0.0044506802	0.0401124128	0.0005551698	0.0190597625	-0.0186163537	0.0580283306	-0.0422232948	-0.0157395842	0.017316342	0.0305413672	0.0210617487	0.0316033157	0.0062618314	0.0095736109	0.0352659862	0.1064810385	0.0504354878	-0.0454457258	-0.0012597385	0.0237842871	-0.0046032338	-0.0781565284	0.0951155457	-0.0255561046	-0.0908914562	-0.0003131191	-0.1078025108	0.012969791	-0.0198583424	0.0661877043	-0.0313522457	-0.0075188577	-0.0702265236	-0.081342049	0.015768381	0.0194464017	-0.1077816345	0.0519160516	0.0448988544	0.0175730362	-0.0483467927	0.0140410214	0.0569880422	-0.0486670829	-0.0367254579	0.0169282359	-0.0316949588	-0.0377112659	-0.0541523606	-0.0330826197	0.0653080812	0.0363473419	-0.0232323533	-0.0027647739	-0.0725552932	0.0472981097	-0.0115045374	-0.0268518493	0.0592265694	-0.0784076511	0.0801222105	-0.0639883028	0.0555235686664872	-0.002384004137454	5.683475727398262e-06	0.0030828666774621	0.0523395416305589	3.70626515716968e-05	0.002739427618097	1.3736401415249995e-09	0.5176925821449956	-0.0028533391882277	8.141544523076032e-06	0.268005609607953	-2.737904631093264e-05	0.0002725617152681	7.496121768961941e-10	7.428988862992554e-08	0.0019620336077337	-6.577458956909992e-05	3.849575877876518e-06	4.326296632983548e-09	-0.0021619780826031	-0.0001302788536273	1.697257970246947e-08	4.6741492296561765e-06	0.0	0.0
1614.2368571809757	2.613165118579218	6.828631936959138	2605760.6310815136	2224.9922187018287	5.40553564234051	4950590.373283686	29.21981558061363	1713.112947887074	2.8608979936079777	8.184737329830153	2934755.9722183403	1797.7806390720905	1535.7251561389592	0.970561	26.723139	0.0828637796762591	0.0397520719160865	0.0070759377	-0.0782924636	0.0734142209	-0.0907986462	-0.0260142323	-0.0616598367	-0.0194308629	0.0253940627	0.0486190381	0.0092240716	0.0038249713	-0.0309735594	-0.0258045483	-0.0228236057	-0.0132777203	0.0886394617	0.0200367455	0.0343775206	-0.1197877079	0.0813266182	0.0352584391	-0.0492652833	-0.0352234487	-0.0214435911	0.0133985773	-0.0341067397	-0.040100873	0.0104464359	-0.0034059894	-0.0090959255	0.0423526865	0.0181838862	-0.0382369032	-0.0664398524	-0.0226585159	0.0817381713	-0.0640352013	0.0560652321	-0.0287430302	-0.0906532589	-0.0007918682	0.0596547765	-0.0231319376	0.0567144035	-0.0439951132	0.0097354687	0.0174985047	0.0154748763	-0.0264983819	0.0558704139	-0.0819112767	0.0162559584	-0.026939502	0.0425967692	-0.0042956645	0.0045764776	-0.0208661718	-0.0632953653	-0.0651187624	-0.0007851304	0.0299751447	-0.0723583007	-0.0696744359	0.0465106785	0.0213424291	-0.1119543504	0.0051966333	0.006957788	-0.0076584548	-0.0917706216	-0.0240273426	0.0808767008	0.0367211491	-0.0408581938	0.0389554002	-0.0624421004	-0.1046091929	-0.0557369396	-0.0537725813	0.0341255481	-0.0298998237	-0.0163145014	0.0440824916	-0.0054320466	0.0712521473	-0.0070846377	0.0232433705	0.0590236133	-0.0319762394	-0.037146914	0.0115564599	-0.0108811155	0.0443453012	0.0681954398	-0.0487872611	0.0382848945	0.0315837604	-0.0116578368	-0.021564907	-0.06884897	-0.0309261333	-0.0182547822	0.0128369334	-0.0148310128	0.0105265883	0.0775566338	-0.0314887057	-0.0308080461	0.0154065358	-0.0440189305	0.0082685064	0.0081079875	0.0031629727	-0.1527095664	-0.0243103911	0.0105307615	-0.0107369629	0.0023266702	0.0319043101	-0.0221629466	0.024723603	-0.0279486161	0.0093638505	0.0190750443	-0.0678348891	-0.0094635342	-0.010623465	0.043001682	-0.019181851	-0.0133555511	0.0438705203	0.0005559261	0.0359025475	-0.0657760892	-0.0546340349	-0.0021438486	0.0653937642	0.0230005238	-0.015357349	0.036586529	0.0128232938	0.0143153052	-0.1049641251	-0.1041331883	0.0608193312	-0.0536093699	0.0003345808	0.0107831004	-0.0011648768	0.0509482912	-0.0475465235	0.0649254055	-0.0330755054	-0.0467934264	0.0471959217	0.0690580553	-0.0520810506	-0.0087098053	0.0481992572	0.0065194884	0.0443753519	-0.0914561846	0.0026756908	-0.0052207055	0.0769708848	0.0782070313	0.0352201547	-0.0729434684	0.0486815572	-0.0140379523	-0.0235993474	0.0562039158	-0.0768225931	0.0810582975	-0.0680077345	0.0753879355302018	0.0198643668637146	0.0003945930708962	0.0056833408235058	0.0523852340844683	4.569245390940308e-05	0.0027442127500845	2.087800344262924e-09	0.4860641598101338	-0.0316284223348617	0.0010003570993923	0.2362583674519312	-0.0002179060096743	-0.0001905269633633	4.7483029052176126e-08	3.630052376846592e-08	0.0023707436339845	0.0004087100262508	5.620425378078034e-06	1.670438855579298e-07	-0.0021892470534644	-2.7268970861300205e-05	7.435967718344397e-10	4.792802661102558e-06	0.0	0.0
1612.16969686502	-2.067160315955789	4.273151771862437	2599091.13148985	2207.524715680178	-17.467503021650828	4873165.370338851	305.1136618113808	1710.3233234197444	-2.7896244673295314	7.782004668723572	2925205.87063356	1797.958513557067	1556.107635088165	0.999568	27.521809	0.0706215338478869	0.0334661415159334	-0.0196572943	-0.0306473934	-0.0319734305	-0.0114280517	0.1131772437	0.0500626837	-0.0370019528	-0.0515343549	-0.0820551314	0.0622800689	-0.0219325516	-0.0517139654	0.0120095366	-0.0396228201	-0.0406831472	0.0146754778	-0.0876414067	0.0279221996	-0.1296256921	-0.1095623059	0.0487379418	-0.0964464964	-0.0476614698	0.0309943112	-0.010776622	-0.0349311636	0.1028519233	-0.0073323181	0.0099999758	0.0028067784	0.0115974337	0.0196075149	-0.0776262356	-0.0342474067	0.0332740552	-0.090204339	0.0260364955	-0.0220025099	-0.0844798594	-0.0390004067	-0.0910566782	-0.103079781	-0.0967262348	0.0131598704	-0.030561719	-0.0687005536	0.0733520312	-0.0207064618	-0.0448131984	0.0351140815	0.0936527033	0.0822491768	-0.0077398886	0.0143977546	0.0038111884	0.0007512959	-0.0493794076	-0.0082834392	0.0296626051	0.0041459753	-0.035243617	0.0304354586	-0.0604948323	-0.0826761312	0.079410565	-0.0165768823	-0.0359747397	-0.0148188748	-0.118744713	-0.0079901821	0.0703503457	0.0252601774	-0.0099957615	-0.1003026225	-0.0198735916	-0.0474421647	0.1052136271	0.0827173097	-0.0712924256	-0.0706969662	0.0377322931	-0.0433362361	0.023807213	-0.0352486144	-0.0144459637	0.0601640245	0.0624145856	-0.0232704635	-0.1049991095	-0.0136479633	-0.049034	-0.0964670118	0.0383879944	0.0207107654	0.043081579	-0.0348216907	0.0330466016	0.0143713472	0.0325509294	-0.0876201882	-0.0518744101	0.0844492857	0.0327694709	0.1138535617	0.0273686253	0.0183196516	0.0100333484	-0.0242605095	0.0175628542	-0.0495798104	-0.035906416	0.0252251641	-0.0293532486	-0.0072442215	0.0508268805	-0.0057639359	0.0445022372	0.1304539977	-0.0549091863	-0.0538007355	0.0358684606	-0.0005646673	0.0094024013	-0.0393501203	-0.0823461031	0.0844094183	-0.0302648823	0.0344227703	0.0834846135	-0.0798541654	-0.019443545	-0.0116476227	0.001767969	0.0146582266	0.0800068884	-0.06054903	-0.0542797788	0.0862005004	-0.0104743628	0.0786447992	-0.0696442585	-0.0102262093	-0.0697751393	-0.0397702177	-0.0925164448	-0.0117863445	-0.0581959913	-0.0003325693	-0.0589514186	-0.023029591	0.0419164785	0.00042161	0.0492985102	-0.0098990657	0.0207274106	0.0744027881	-0.0203541397	0.0073353665	-0.0298911922	0.0252551814	-0.0524203526	-0.1237027884	0.0392946895	0.0704540186	0.0537032853	0.0555857607	0.0517151937	-0.0733236445	0.0500436514	-0.0165575133	-0.0203054443	0.0530272111	-0.0749343514	0.0815590168	-0.0715501408	0.0694149240972592	-0.0059730114329425	3.5676865578063e-05	0.0048184316874282	0.0357518802584309	-0.0166333538260374	0.0012781969420131	0.0002766684595021	0.4876978369435107	0.0016336771333769	2.668900976118633e-06	0.2378491801593791	-0.0005560317129166	-0.0003381257032423	3.091712657689683e-07	1.1432899119309993e-07	0.0020210450585858	-0.0003496985753987	4.084623128834079e-06	1.222890936358805e-07	-0.0019494415029948	0.0002398055504696	5.7506702036027915e-08	3.800322173598625e-06	0.0	0.0
1611.504599291388	-0.6650975736317832	0.4423547824508853	2596947.073537297	2229.8701653587445	22.34544967856664	4972320.9543570345	499.31912133735386	1711.32293079723	0.9996073774855176	0.9992149091234742	2928626.1734724203	1801.576697042464	1567.1677706931537	1.121002	30.865334	0.144103940444714	0.0740044911419169	0.0954876513	0.0301516731	0.0608528159	-0.0155709577	0.0252398744	-0.1287321098	0.0109667824	-0.0041515594	0.029517044	-0.0627952961	0.0020880538	-0.0855479652	-0.0149507203	-0.0880643945	0.0322733476	-0.0172757753	-0.0112179358	-0.0920105112	0.0061663441	-0.1228771683	-0.0067550776	0.0450200118	0.0218655671	-0.0525635156	-0.0191992884	-0.0286895411	-0.077394453	0.0484957986	0.1061991176	-0.1323702275	-0.0279269978	0.0660634004	-0.0208665248	-0.0313108141	-0.0077916165	-0.0702955494	0.0179428574	0.0263163628	0.0528207361	0.0767093947	0.0938075383	0.0102286274	0.0186451782	0.1333558601	0.0104300608	-0.0373883877	-0.0067165255	0.0324004996	0.0899022156	0.0016377451	-0.0795919036	0.0658372725	0.0183478278	0.0471249316	-0.061561815	0.0479421616	-0.0089631101	0.0386998644	0.0072960718	-0.0411993865	0.0226164897	0.0574466715	-0.0369818746	0.0175171554	-0.0131110238	0.0536456487	-0.0221271566	-0.107917175	0.012390411	0.088666447	0.0005391334	0.1228672599	-0.0188000588	0.0807322665	0.0258495221	-0.0659581366	-0.0060915377	-0.001247903	0.0131298926	0.0224987627	-0.0278129133	-0.0887729874	-0.0476038784	-0.0137015968	0.0660186235	-0.0293858463	-0.0424603793	-0.0299838005	-0.0278065749	-0.0962218588	0.0297145956	0.0149209582	-0.0365180695	-0.1474050601	-0.0803581762	0.0035624812	0.0107900104	-0.0368693736	0.0489839296	-0.0617128477	0.0371757629	0.0348402234	-0.0531550017	0.0040289991	-0.0209949382	-0.062907691	0.0363984149	0.0142415129	0.0090990119	0.0302262012	0.0756043344	-0.0206693716	0.0875587657	-0.0282251997	-0.0247969635	0.1385558016	0.002585432	-0.0118369318	-0.0427777602	0.0454734806	-0.0078074805	-0.0205774052	-0.0233757789	-0.0219579702	-0.061106051	-0.0697037055	0.1012533096	-0.0457549959	0.0361588484	0.0193678236	0.1230914086	0.086792919	-0.0654846088	-0.02316598	0.0268714721	0.0057912876	0.0281187727	-0.0325910442	-0.0219130844	0.0301233594	-0.0188378972	0.0329205315	-0.0388353549	-0.0139646542	0.0621445176	0.0019037824	0.0441480219	0.0808783221	0.1439575685	0.0150856428	0.0420188554	0.0178077623	0.0280967801	-0.0678577152	0.066417657	0.0616374444	0.0273600685	-0.0214272762	0.0542884511	-0.0569694116	-0.0315775744	-0.0065237524	-0.1347766657	0.0087061481	-0.0072659659	0.0762600432	-0.0403032375	-0.0736957799	0.0513837948	-0.0190607341	-0.0169759185	0.0497051625	-0.0727503781	0.0816216788	-0.0745906743	0.0897580866604386	0.0203431625631793	0.0004138442630719	0.0080565141209428	0.0524924435270435	0.0167405632686125	0.0027554566274398	0.0002802464585504	0.4249318595728937	-0.062765977370617	0.0039395679152888	0.1805670852800774	-0.0001974723722999	0.0003585593406167	3.899533782175032e-08	1.2856480074348272e-07	0.0022752279262783	0.0002541828676925	5.176662116516654e-06	6.46089302283831e-08	-0.0022217840395317	-0.0002723425365369	7.417045720735275e-08	4.936324318317799e-06	0.0	0.0
1615.833392184438	4.328792893049922	18.738447910919515	2610917.551298268	2214.305780385107	-15.564384973637516	4903150.089046898	242.2500796075933	1715.9732055664062	4.650274769176349	21.625055428838145	2944564.042221848	1798.4712933620492	1527.017745482616	1.316978	36.261269	0.0805263406871177	0.0394995225452674	-0.0925365076	-0.0524749455	-0.0038800525	-0.0158897736	0.0218493415	0.0111874897	-0.0236708958	0.0211516653	-0.0534208825	0.0139024724	-0.0615157418	-0.0147654366	-0.0685742623	-0.0389267547	-0.1169822624	0.0787585445	0.006802333	-0.0871633796	-0.0468355549	-0.0052341574	-0.0001240809	-0.0032486925	-0.1509738843	0.0217047868	-0.0404842808	-0.0395265156	-0.0236311528	-0.0601392195	0.0450295859	-0.0133125812	0.0015527208	0.0405007765	-0.0620660452	-0.0182842082	0.019824736	0.038515085	0.034298729	-0.0915264461	-0.060934535	0.0451840867	0.0255936123	0.0063218326	-0.0344483907	-0.0726399914	-0.0480035368	0.0689298925	0.0720638265	-0.0788337235	-0.0267707994	-0.0010467275	0.1369199169	-0.0100777112	0.0111597283	-0.0721560526	-0.0437179701	0.0853319958	-0.0135572831	0.0354371881	-0.084047966	-0.0942547225	-0.004881097	-0.0716495342	0.0423668537	0.0769752001	0.0539176842	-0.0096537014	-0.0457266794	-0.0147268511	0.0789957536	0.0224029101	-0.0708868063	-0.0202676886	0.0238896121	0.0217281886	0.022676452	-0.0331022445	-0.0455155993	-0.008012382	-0.0600272414	0.0696602856	0.0518399562	0.0336325466	-0.0435396534	-0.0189041581	0.0076657484	0.146467198	0.0117635713	0.0895249856	-0.0534138233	0.028737414	0.0352115614	0.0194240496	-0.107254762	-0.0139519347	-0.0497669884	0.0234155019	0.1168324895	0.0642611815	-0.044490669	0.0440851283	-0.1112637478	0.0159276153	0.0788682854	-0.0238550016	0.0307368465	-0.0361794775	-0.0720716121	-0.0493002042	-0.0507278604	0.05168107	0.0573962129	0.0475032774	-0.1011263558	-0.0847580425	0.0272430369	-0.1096343754	0.0332268129	-0.0339270108	-0.1218942745	0.0569412213	-0.0090604813	0.0410141289	0.0027380757	0.0483956043	0.0886689267	0.0469641053	0.0573603031	0.0007699948	-0.0538987986	-0.0771331222	-0.010097842	-0.0449313192	0.0106900325	0.0489109546	0.105703805	-0.1305199936	0.0763691374	-0.0399235226	-0.0128455052	-0.0397901685	-0.0063662508	-0.0275390677	-0.0494020832	-0.1090990724	-0.0521057356	0.0798363987	-0.0411689766	-0.0012491447	-0.0592071021	0.0200091254	0.0482643656	0.046029764	0.009933255	0.059031709	0.0561463729	0.0075894951	0.0028453275	-0.0581965814	0.0524398693	0.0484191662	-0.0584692185	-0.0164119514	-0.0121460936	0.0007051238	-0.0569552894	0.1115899223	0.0721748758	-0.0740598336	0.0527013995	-0.0215451443	-0.0136166111	0.0462468756	-0.0702792922	0.0812459471	-0.0771080077	0.0953219116872361	0.0055638250267975	3.095614892881824e-05	0.0090862668477092	0.0353389127897685	-0.0171535307372749	0.0012488387571628	0.0002942436167546	0.450432593844404	0.0255007342715102	0.0006502874483861	0.2028895215973978	-0.0005351156188297	-0.0003376432465298	2.863487255154928e-07	1.1400296192718333e-07	0.0023716573362109	9.642940993259988e-05	5.624758520402982e-06	9.298631099949394e-09	-0.0024338763961	-0.0002120923565683	4.498316771469497e-08	5.923754311492725e-06	0.0	0.0
1612.571996560804	-3.2613956236339163	10.636701413858464	2600388.444092098	2226.9986605109657	12.692880125858665	4959523.033917636	161.10920588941786	1711.0019295987215	-4.971275967684733	24.71358474687977	2927527.6030905484	1798.898059531582	1554.6361611614298	1.187271	32.689957	0.0800631660179362	0.0323161939707323	0.0846153734	-0.0154215304	-0.0405894513	0.0079373087	-0.003768863	-0.0600291832	-0.0490544443	-0.0873025246	0.0983821829	0.0394368376	-0.0730222394	0.0730557176	0.0698443531	-0.0106000196	0.0236979547	0.049532788	0.0713421708	-0.0555444473	-0.0787527732	-0.10059756	-0.0865402015	-0.04604538	0.0050776563	-0.0535890112	0.0655388108	-0.0546881944	0.0135887452	0.078896036	-0.0810214749	-0.0447425528	-0.0491151412	0.0380279535	0.0666794095	-0.0395297259	-0.0470720039	0.0575548194	0.0164827373	0.0285161644	0.0144098659	-0.0828277166	0.0220638268	-0.0141464694	0.1188163281	-0.1288169064	-0.0112873741	-0.0834258521	-0.0363028267	0.0266566335	0.0400611182	-0.083320524	0.0158379012	0.070459144	0.0003375565	0.0622059844	-0.0121024385	0.0004244988	0.0130411867	0.059237722	0.0262623804	0.0343741273	0.0134736584	-0.0402310965	0.0075120294	0.0510950874	-0.0599849387	0.0029872169	-0.0970710145	0.0362962919	0.0279180441	0.1607922616	-0.025155144	0.0082241632	0.0838205219	-0.0919387998	-0.0324167023	0.0605222653	-0.0122530637	0.1385691876	0.026202207	-0.0502988497	-0.0007172084	-0.1021792708	0.0191965365	-0.0384031126	0.0408210403	-0.0698102208	0.0856422877	-0.0295258145	0.0364470513	0.0249931228	0.0529524245	-0.0329997673	0.0108223736	-0.0563754687	0.0513441321	-0.0123213298	0.0783241788	-0.0528829295	-0.0487887221	0.1242913963	0.0848234879	-0.0390034241	-0.133153022	0.0264986387	0.0624404693	0.0385966277	-0.0312379699	-0.0549127266	0.0543458698	-0.0157234652	-0.0263900391	-0.0165107911	0.007378542	0.0549563826	0.025646056	-0.0452677065	-0.0869778951	-0.0503427763	-0.1007288298	0.0408176231	-0.0305138583	-0.0208936553	0.0145332475	0.0235119745	0.0641557159	-0.0182235133	-0.0660857562	-0.0328822453	0.0353722339	-0.0474544106	-0.0153239848	5.52483e-05	0.041548624	0.0356382719	0.0049626852	0.0421618168	0.0927095193	-0.0321872169	-0.05651494	0.0193945571	0.0108018181	0.0379889458	-0.0160560191	-0.0138923352	-0.0476991558	-0.0614838131	0.0031174958	0.0121252304	0.1234477645	-0.0788643865	0.0220030863	0.020937812	-0.024470282	0.112859169	0.0181264001	0.0360767483	-0.0755202905	-0.1063571535	0.0442643225	0.0015792927	-0.0123141158	0.0339503816	-0.0189873027	0.1197907649	-0.0311620814	0.1368056782	-0.1327375732	-0.0744157659	0.0539958877	-0.024008292	-0.0102334157	0.0426618292	-0.0675308461	0.0804338397	-0.0790844839	0.0775437980865518	-0.0177781136006842	0.0003160613231988	0.0060130406216879	0.0489339447385503	0.0135950319487817	0.0023945309476754	0.0001848248936883	0.4671155863457841	0.0166829925013801	0.0002783222388011	0.2181969710071656	-0.0002510361760854	0.0002840794427443	6.301916170357997e-08	8.070112978991203e-08	0.0023707659478022	-8.913884086999939e-07	5.620531179258463e-06	7.945732951647075e-13	-0.0020787066679112	0.0003551697281888	1.261455358217063e-07	4.321021411218483e-06	0.0	0.0
1610.4049344254072	-2.167062135396918	4.696158298671051	2593404.0528217	2216.1572823973515	-10.841378113614155	4911353.100322815	117.53547940235202	1708.6654656427556	-2.336463955965882	5.459063817527742	2919537.673480175	1791.11396623851	1523.193103701786	1.16752	32.146149	0.1516194194374505	0.0997890317268522	-0.0641554366	0.1064381792	0.0278562021	0.0793585064	-0.0318936006	0.0173045467	0.020262316	0.088066417	0.0100780713	0.0748939642	0.0835445939	0.005590813	-0.0207409564	0.0046033842	0.0463234283	-0.0723022158	0.0625315473	-0.062471241	-0.0282945208	0.0319662013	0.0548470066	0.0262813303	0.0558275999	-0.0248128056	-0.11765535	0.0881255951	-0.0589383743	0.0655457306	-0.1315801592	0.005491749	-0.0910951767	0.0280155153	-0.1120983718	0.0034043147	0.0188693596	-0.0361352254	0.0353847636	0.0602127592	0.0095349452	0.1257320108	-0.1027027284	0.0060537618	-0.0549694349	-0.0904663925	0.0052671422	-0.0030570802	0.0161030387	-0.0033676794	-0.0025168136	0.1047042357	-0.0333842289	0.0921512038	0.0136413775	-0.072247628	-0.0041104943	-0.0164372657	0.0928067677	0.0689516537	0.016238984	0.0453247349	-0.1223540237	0.0794404773	0.0155400484	-0.0284245846	0.0073950435	-0.0244517225	0.0531077491	0.056213555	0.0639087197	-0.0299258608	-0.0484475859	-0.054701893	-0.0029132146	-0.0132889627	-0.0445241412	-0.0433750141	0.0237690385	-0.0638459806	-0.0467766049	0.0713368411	0.0628716707	-0.0471066186	-0.0634578385	0.096009828	-0.0728613559	-0.0033797175	-0.0508818334	0.0437193805	0.0262743754	0.0343997628	-0.0462547409	-0.0052425732	-0.0267412728	-0.1656781249	-0.0608018258	0.0784799142	-0.0035472164	-0.0930917776	0.0705891197	-0.0194899153	-0.0762008135	0.057528686	0.0646311132	0.0446644721	0.0577494074	0.0464056243	0.0171118135	-0.0377066026	-0.0052959757	0.0093522977	-0.0231712105	-0.0975329537	-0.0676400413	0.1508103386	0.1117113908	0.0129776714	0.0114845192	0.0009614683	0.0517804606	0.0482731959	-0.0471310925	0.0297735118	-0.0308318969	-0.0431302339	-0.1151565296	0.0383228896	-0.0395844668	0.0044883035	0.0891535262	0.0618560705	0.0270113242	0.0281247639	0.052416959	0.0239122408	0.0094968728	0.046814698	-0.0197133582	0.0287213503	0.0465550277	0.0321751555	-0.0305636721	0.018669656	-0.026175854	0.0689395334	-2.76438e-05	0.0709546215	-0.023417435	-0.0348817445	0.0281659599	0.0732788927	0.0952958942	0.0100657838	0.0020304486	0.0435224309	-0.0641444544	0.0200692812	-0.0497335741	0.0033075015	-0.0380422251	-0.0491665346	-0.0007830992	0.05717629	-0.0305653039	0.0844117704	-0.0515498567	0.0332359471	-0.0675006937	-0.0747635377	0.0552666915	-0.0264477464	-0.0068322673	0.0389598496	-0.0645158866	0.0791897184	-0.0805062393	0.0664036110443362	-0.0111401870422156	0.0001241037673355	0.0044094395597274	0.0520769860254404	0.0031430412868901	0.0027120124734939	9.878708531095785e-06	0.370940520956772	-0.0961750653890121	0.0092496432025807	0.1375968700876814	-5.587347373944461e-05	0.0001951627023459	3.121845067712406e-09	3.808848038697599e-08	0.0025730507993728	0.0002022848515706	6.620590416153005e-06	4.0919161174939725e-08	-0.0016529317074411	0.0004257749604701	1.8128431696331522e-07	2.73218322946415e-06	0.0	0.0
1612.0656054332337	1.6606710078265223	2.757828196235557	2598755.5162208183	2223.9775948973515	7.8203125	4946076.342605408	61.15728759765625	1710.2857588334516	1.6202931906959748	2.6253500238157423	2925077.3768685157	1800.4670203247647	1541.0802640064878	1.051409	28.949188	0.0875736141389209	0.0722028877296711	0.0176099649	0.012265012	-0.0600935943	-0.0392297911	0.0103642357	0.0129740268	0.0766764167	-0.0631065703	-0.0171539263	-0.0431972237	0.0172406504	0.0451521595	-0.0576260001	0.0261546734	0.0239778976	-0.0478009377	-0.1421478509	-0.0234479781	0.021984726	-0.0795288694	0.0280085483	0.0208517671	0.0100297617	0.0172919384	0.0389540695	-0.0082621884	-0.0314217577	-0.0317075179	0.0309570385	-0.054604759	-0.028234197	-0.0814516918	-0.0320649983	-0.0336632208	0.0392089254	-0.1109321715	-0.0680659097	-0.1252760398	0.0106117652	-0.0008610015	0.0789224933	-0.0489384067	-0.0754245883	0.0055598036	0.0717850771	0.0464065726	0.0775070475	0.1193046206	0.0293084993	-0.0443346733	-0.0077280178	0.0240353323	0.0350344333	-0.0065296709	0.0092189313	0.0403104852	0.0141939206	0.0447866285	0.0337488559	0.0103568954	-0.0601200673	0.0062457502	0.0027272349	0.0080740057	-0.0635531541	-0.019908627	-0.0304960803	0.0074553125	0.0087331332	-0.05200676	-0.0240984	-0.0059026396	0.0337780272	-0.007763618	0.047167529	0.0713142054	-0.0683053041	0.0261460296	0.0004323062	-0.0338313456	-0.0034981723	0.0537469863	0.0200013538	-0.0894588672	-0.0213485721	-0.0121321365	-0.0243596136	-0.0075295571	0.0356383875	0.0146289268	-0.056398346	0.0172476981	-0.0299161944	-0.0142012641	-0.0170038234	-0.0086477447	-0.0164720214	-0.0008042517	0.0553991127	-0.0824302717	0.0250429033	-0.0250078708	-0.0446729569	0.0808572938	-0.0809186899	-0.056408312	0.0530577259	0.059001603	0.0086768047	0.0686621337	0.0011393578	0.1267662708	-0.0258128674	0.0331419194	0.0133357391	0.0398623907	-0.0113899213	0.0236765535	-0.0460642906	-0.021195394	-0.0083831668	-0.0260597992	0.0088606495	-0.0423847096	-0.0514000938	-0.0179628388	0.0043495251	-0.0582808988	0.0102571651	-0.0077456418	0.021525697	-0.0063730823	0.0093417464	0.0012322761	0.0582109805	0.0041934433	0.0447119519	-0.0141453514	0.0257112768	0.0143484472	-0.0255904033	0.0138871512	0.0180049235	0.0036711072	0.0366969664	-0.0043971115	0.0425474465	0.0461328613	-0.0263966603	-0.0694449265	0.0554689415	0.0486677384	0.0208253274	-0.0400160601	-0.0132343609	0.0415542736	-0.020467327	0.0038039368	0.0048033315	-0.1319497881	0.0411772915	-0.0020891547	-0.010485623	0.0357407792	0.0043208512	0.0727243779	-0.0216318796	-0.0751031108	0.0565132535	-0.0288611001	-0.0034191328	0.0351510839	-0.0612463124	0.0775202656	-0.0813633012	0.0679816542153446	0.0015780431710084	2.490220249566256e-06	0.0046215053098546	0.052392261329075	0.0003152753036346	0.002744949047174	9.939851708188947e-08	0.4425357985634122	0.0715952776066402	0.0051258837755718	0.1958379330101569	-0.0001046839278796	-4.88104541401554e-05	1.0958724756301296e-08	2.382460433368213e-09	0.0025231009991557	-4.9949800217100136e-05	6.366038651940491e-06	2.4949825417282166e-09	-0.0018358718142366	-0.0001829401067955	3.3467082674348986e-08	3.3704253183083853e-06	0.0	0.0
1609.974012502043	-2.0915929311906893	4.37476098980686	2592016.3209319287	2215.5403127627524	-8.437282134599172	4908618.877476875	71.18772981882637	1708.9435708895596	-1.342187943891986	1.8014684767289968	2920488.1284847595	1793.6190545763802	1532.5212145235948	0.998692	27.497681	0.0830440646333011	0.045824063178878	0.0117493762	-0.0653155214	0.0839440033	-0.0342029199	0.0106972215	0.0341507065	-0.0394244028	-0.0134537798	0.0260076255	0.0096603561	0.0007849303	-0.0701737786	0.0067736509	-0.0489449627	-0.0355032849	0.0418629726	0.0753492165	0.1373726605	0.030129727	0.0535851124	0.0252446549	-0.0429980549	-0.0141125472	0.0089858312	-0.0638105503	-0.1089542464	0.0036803034	0.0185668776	0.0240209387	0.1121553206	0.0552551603	-0.0502698642	-0.0296262553	-0.0149452044	-0.0118506817	-0.0378748575	0.0607925144	0.014908032	0.0356058644	-0.0347454881	-0.0214524073	0.1337708643	0.0275235882	-0.043383589	0.1147549576	-0.035503642	-0.0196365367	-0.0099903009	-0.0820230712	-0.0083643475	0.1792921758	0.1050210593	0.0587363003	0.0153983476	0.0373485619	0.0653729068	0.0186857487	-0.0030017266	-0.0300819368	0.0551756145	-0.0700685414	0.0589371012	-0.0385437186	-0.0249930016	0.012854497	0.1343362753	0.0195335049	0.0037709788	0.0445328671	-0.0633024312	0.0232617399	0.0605914734	-0.0325625426	-0.0019766167	0.08934904	0.0790459799	-0.1169731439	-0.1241385808	0.2095979141	0.0080993617	0.1173512522	0.1286882016	0.0958500539	0.0160512898	0.0442382769	-0.0050455829	0.0330757236	0.0425218367	-0.1255199314	-0.0469969751	0.0144213592	0.0595035105	0.0006820523	0.063453284	-0.0040775623	-0.0572553841	-0.0209810739	-0.1051598696	-0.0628774121	-0.0124915005	-0.0821563729	0.0016799042	0.0586931784	-0.0096225161	0.018621503	0.0085273507	0.0664797072	-0.0794669633	-0.0571051642	0.0368409983	-0.0042201346	-0.0248594642	0.0372383505	0.0106299692	-0.0024978781	0.0322173469	-0.0335690089	-0.0049639016	0.0117244834	0.0543376701	0.0719540086	-0.1289812196	0.0566349711	-0.12801873	-0.0326740041	-0.0526177728	-0.0226578411	-0.0059008706	-0.0214210553	0.0018317013	0.0044059079	-0.0857545042	-0.0082339374	0.0975096004	0.0420142039	-0.0091546289	-0.0027493919	0.0165321814	0.0378368633	-0.0983926741	-0.1717514006	-0.0769027422	-0.0536406004	-0.0533149617	-0.0057123695	-0.066142766	0.0113071555	-0.0121332961	-0.037790352	0.0951780646	-0.0304414934	0.0740309109	-0.0568517217	-0.0583059532	0.0511516531	0.0885627451	-0.0013618333	0.014942663	0.0151716756	-0.0395601556	0.0044124752	-0.0221850075	0.1136418103	-0.0609229284	0.0034294054	-0.003443091	-0.0088455224	-0.0754344479	0.0577350269	-0.0312459714	-0.0	0.0312459714	-0.0577350269	0.0754344479	-0.0816496581	0.072775190273262	0.0047935360579173	2.297798793855423e-05	0.0052962283193094	0.0382681672860769	-0.0141240940429981	0.0014644526274351	0.0001994900325354	0.4773050756096779	0.0347692770462657	0.0012089026263199	0.2278201352027603	-0.0004749272218085	-0.0003702432939289	2.2555586601474015e-07	1.3708009669932185e-07	0.002582980518309	5.987951915329987e-05	6.671788357963829e-06	3.585556814030406e-09	-0.0019928921508768	-0.0001570203366401	2.4655386118601664e-08	3.971619125026357e-06	0.0	0.0
1610.2591955356731	0.2851830336301191	0.0813293626704776	2592934.676807193	2203.360233871392	-12.180078891360154	4854796.3202057965	148.3543217997572	1709.2068971946023	0.2633263050427104	0.0693407429274465	2921388.2174176	1792.7193121689463	1545.5227671007242	1.045252	28.779661	0.1289936657599625	0.0944688415289828	-0.0513171071	-0.0610516682	0.0010409463	-0.0054907976	0.0856049848	-0.0423722208	-0.0963125548	0.0313932329	-0.0594176409	0.0985354736	-0.0126187707	0.0085728529	0.1501285842	0.0244175879	0.0769485973	0.0472540186	-0.0146997436	0.1276465443	-0.0745062676	0.1058895637	0.0532003399	0.0489736955	-0.0581211974	0.1266456261	-0.0570785921	-0.054601392	0.0709814499	0.134736241	0.01877895	-0.0196134199	-0.0013076472	-0.015636662	-0.0318172974	0.119062149	0.0706241379	0.1309463599	0.0626414279	-0.0509581117	-0.0277350936	0.0145644688	-0.1116370478	-0.0123577969	-0.0208846898	0.0505072783	0.0414222094	0.0272651285	-0.074596472	-0.1092466355	0.0511963704	0.0733370453	-0.0883768072	0.0448264461	-0.0036943159	-0.0009370486	0.0051910631	-0.1500141424	0.0043472302	-0.0077432821	-0.0937837954	0.0138124669	0.0085240163	-0.0820418112	0.0554382331	-0.0549758728	-0.0086195545	-0.026025666	0.0768175188	0.0100311928	-0.1029245033	0.0108829472	0.0711858399	-0.037470632	0.0899294618	0.0424353247	-0.0018339721	-0.0462161728	-0.0480595517	0.0364381129	0.0587250117	0.0841629495	0.0190055377	0.0176303629	-0.0486252049	0.0562301999	-0.0539755474	0.044950257	0.1227728588	-0.0005855698	-0.0722259164	-0.0064859593	0.1340506097	0.0416278675	0.1853910598	0.004552859	-0.0450414993	-0.0184406181	-0.0048450072	0.0256899928	-0.1526550822	0.0441429489	-0.0496992668	0.0700940247	0.1104959795	-0.008010948	0.0054366383	0.0554832274	0.0218478612	0.0374576643	-0.0008055377	0.0223517476	0.0088058917	-0.0670881727	0.0951630662	-0.0135672888	0.0391839675	-0.0264293781	0.0486257817	0.0459297463	-0.0110404782	-0.0027547172	-0.0719293033	0.0467632658	-0.0619820605	0.02928648	-0.0188877751	-0.0200759447	0.0021533142	0.1023386109	-0.0598204156	0.0897442696	0.1352255202	-0.0368587011	0.0272539255	-0.0502163451	-0.0508543598	-0.0378013707	0.0818498452	0.0146540615	-0.0293376464	-0.0561418164	0.0463083674	-0.0941326948	0.0250753243	-0.0694080807	-0.0179730972	-0.1052404579	-0.1494416076	-0.0187511283	0.0101109426	-0.0539257796	-0.0145553319	0.0478292013	-0.0992920147	-0.0175535817	0.0974198431	-0.0368183524	-0.0445984169	-0.0053371778	0.0529365176	-0.1327377216	-0.0700880677	0.090121863	0.0937497406	0.0020211697	0.006765023	-0.043745375	0.0015052037	-0.0757575129	0.0589314758	-0.0336000067	0.0034191328	0.0272552159	-0.0539958877	0.0729434684	-0.0813633012	0.0826972998832502	0.0099221096099881	9.844825911262012e-05	0.0068388434079802	0.032583214316844	-0.0056849529692328	0.0010616658552173	3.2318690262389915e-05	0.5722110384061594	0.0949059627964815	0.0090071417743271	0.3274254724738552	-0.0004492949606375	2.5632261171000016e-05	2.0186596165425265e-07	6.57012812738355e-10	0.0023709216273712	-0.0002120588909377	5.621269363136499e-06	4.49689732257697e-08	-0.0018609704953004	0.0001319216555763	1.7403323210018233e-08	3.463211184378616e-06	0.0	0.0
1608.384491613636	-1.8747039220370425	3.5145147953010696	2586900.672863255	2209.352075961673	5.9918420902808975	4881236.595556155	35.90217163486176	1708.603154185902	-0.6037430087003486	0.3645056205545491	2919324.738494013	1792.3468193940332	1537.247346796541	1.026869	28.273497	0.1121850459647217	0.0872762228987591	0.0367666721	-0.0471977002	-0.0076046303	-0.0503792911	-0.0307760293	-0.0256412949	-0.0178991361	0.0091110034	0.0641226741	0.1097778906	0.0351945415	0.0690025502	0.1297891914	0.0165801654	0.0929296782	-0.1223863031	0.0272288481	0.0125472461	-0.0870149745	-0.0193999373	0.0237233679	-0.064956619	0.0219431403	-0.0101882592	0.0280720253	-0.0341156594	0.066116603	0.0573222931	-0.0348562074	-0.0082924825	-0.0222231591	0.0096987076	0.0011816175	-0.0661709393	0.0063905922	0.0542872748	0.0612287824	-0.0526345779	-0.0453479553	0.0626879168	0.0039545273	0.0605021925	-0.0337057639	0.0427506384	0.0025088046	0.0489952755	0.0203753417	0.0236570472	-0.0174032771	0.0340857328	-0.049677516	-0.0571874989	-0.0576764941	-0.0128978036	0.0169646874	0.0052735838	-0.111698944	-0.1189544624	-0.0201510463	-0.0423894096	-0.1091284044	0.0326595384	-0.0202366781	-0.0651336682	-0.0168390784	0.0238184038	-0.0331408872	-0.0794388723	-0.0855825401	0.0818648691	-0.0689549426	-0.0434580497	-0.0072618717	0.134002995	-0.0257802272	0.1592465107	0.0015142095	-0.0025343133	0.1126425728	0.0510369936	0.0242322282	0.01144793	-0.0599819603	0.0298328842	-0.0324383346	-0.0734098747	0.0995826055	0.0106448883	0.048482268	0.0457207491	0.0221931277	-0.0097789709	0.1625626088	-0.0350132972	0.0334277486	-0.0264831893	0.1010128557	-0.0391417373	0.0202940492	0.0383701913	0.0815718806	-0.0267851475	0.0831089126	-0.0155476221	0.000370547	0.0529570081	-0.0228458732	0.0153232977	-0.0090783364	-0.0191246198	0.0226737896	-0.056659237	-0.043961797	-0.046863387	-0.0104026969	0.1301353366	0.0150153177	0.003173007	0.0480567869	0.0697446818	0.0295023798	0.0081435348	-0.0252151102	-0.0352551745	0.0146147514	-0.003196599	-0.0129255706	-0.0556099646	-0.0538851809	0.0327414955	0.0419047745	-0.0465700677	-0.0484873543	-0.0312460434	0.1022235129	-0.0270885296	-0.0407420479	-0.0035797342	-0.0627506686	-0.0422696612	0.026631548	-0.0635503811	0.0902668814	-0.0306680822	0.0210645861	-0.110088309	-0.0128311898	-0.0041876472	0.0295493133	-0.0633755847	-0.0114652373	0.0479072463	-0.0860680985	0.0136662457	0.0147004379	-0.0334428738	-0.0852890351	-0.0311459647	0.0434121727	0.0317606881	0.0806345721	0.1024797497	0.0746824842	-0.0096013014	0.0217063854	0.0072844921	-0.1490388541	-0.0760722702	0.0601020755	-0.0359208828	0.0068322673	0.0231897558	-0.0500436514	0.0700607062	-0.0805062393	0.084808441159339	0.0021111412760888	4.456917487605853e-06	0.007192471691877	0.0326082130349476	2.499871810359572e-05	0.0010632955573325	6.249359068230442e-10	0.4839714361775051	-0.0882396022286542	0.0077862274014711	0.2342283510357169	-0.0007000141499739	-0.0002507191893364	4.900198101636819e-07	6.286011190150164e-08	0.0023715904341288	6.688067576000704e-07	5.62444118725123e-06	4.473024790115194e-13	-0.0016761724165569	0.0001847980787435	3.415032990728887e-08	2.8095539700261977e-06	0.0	0.0
1612.1877685435843	3.803276929948197	14.464915405876182	2599149.4010415417	2221.8567110754448	12.504635113771656	4936647.244550993	156.36589932857106	1707.145614568537	-1.4575396173650006	2.1244217361885123	2914346.149340588	1794.25254324678	1544.01746290158	1.116921	30.752962	0.1429463436168425	0.0916079326925768	-0.0011405152	0.0627484068	0.0523063921	0.1107086997	-0.0370473173	0.0423311241	0.0787318424	0.0493378255	0.0711515603	0.0386061223	0.1030401939	-0.0526575293	-0.0856431447	-0.0112816713	0.0105032761	-0.1145686306	-0.0270781686	-0.0791370301	0.0148504275	-0.0329504072	0.0255887054	-0.0457391056	0.0429343957	-0.0279962519	-0.0768611124	-0.0017543137	-0.0334527843	0.0788108315	-0.0159920817	-0.0024144711	-0.1014009331	0.0360000697	0.092694496	-0.0174383005	-0.03617589	-0.0168718262	-0.0070860056	-0.0307029594	0.0123534797	-0.0877431353	-0.021005053	0.0470829109	0.0108448891	0.0361556412	0.0322996271	-0.066610055	-0.0135189869	0.00965776	-0.0387494962	-0.0476785418	0.0666617131	-0.0727624006	-0.0394026215	0.0054344715	0.0149445764	0.1618215569	0.0630334822	0.0112313937	-0.0960952993	0.0003850159	0.0120670193	-0.0108110776	-0.0123046252	0.0097268401	-0.0144023621	-0.064895829	0.0717428002	0.0395409949	0.0920864678	-0.0516096821	0.0202518499	0.0730927823	0.0080260512	0.040520956	-0.1051823154	-0.0300423594	0.0168872016	0.0536944602	-0.0786500076	0.0506791607	0.0709346286	-0.0035492878	-0.0038422716	0.0645831439	-0.0141304672	-0.0454791369	-0.057256875	0.050226742	0.0281677547	-0.0726445519	-0.1017697803	-0.026235114	0.0379442881	-0.1369282738	0.0144623164	-0.0364662909	0.0017771371	-0.0122737737	0.0410175481	0.0427990127	-0.0648056709	0.0573275695	0.0178311421	-0.0577313958	-0.0153426786	0.0111411634	0.0188876844	0.0835502152	0.0600273323	-0.0696845592	-0.0091870395	0.0081466524	0.0245879754	-0.0252835394	-0.0647005755	0.0264297387	-0.0217044156	-0.0125623362	-0.0496705612	-0.0129461058	-0.0099367232	-0.0481934743	-0.0812867579	-0.0151926919	0.1169309459	-0.009016035	0.0389073851	0.0693096101	0.010920666	-0.064264968	0.0269057099	-0.0030695944	0.0838816509	-0.0697195119	-0.0570673866	0.1124120153	0.0240163684	0.0381650348	0.0454639781	0.0168555023	-0.0319900366	0.0173873245	-0.0463775559	0.0637784513	-0.0083999242	0.0608177254	0.0116867502	-0.0346193789	0.0738766592	0.0583587275	0.0766191014	0.0377420702	0.0340427913	-0.053272046	-0.0380564894	-0.0546458941	0.0049905863	-0.0340642138	0.000920921	0.046238226	-0.0322464733	0.0612522958	-0.017644385	0.058452707	-0.0616329785	-0.08536696	-0.0364569095	-0.0763786853	0.0612463124	-0.0382063093	0.0102334157	0.0190607341	-0.0458939156	0.0668016447	-0.0790844839	0.064684005291923	-0.0201244358674159	0.0004049929189817	0.0041840205406055	0.0417062824606802	0.0090980694257326	0.00173941399669	8.277486727545037e-05	0.4020047712259611	-0.0819666649515439	0.0067185341632786	0.1616078360884373	-0.0002592426468552	0.0004407715031187	6.720674994848996e-08	1.942795179615182e-07	0.0023706958805704	-8.945535584000547e-07	5.620198958153464e-06	8.002260688461999e-13	-0.001482695005791	0.0001934774107658	3.7433508476676756e-08	2.198384480197574e-06	0.0	0.0
1617.772626346458	5.584857802873785	31.1906366783202	2617188.2705559167	2222.120101860286	0.2633907848412491	4937817.747091568	0.0693747055392891	1714.3163509854403	7.17073641690331	51.41946076070332	2938880.5512560355	1798.4351222224682	1530.0593771928686	1.112781	30.638973	0.0775202862321666	0.037959358984753	-0.07828573	-0.0823943627	-0.0291380446	-0.0269568534	-0.0165383986	0.0126427929	-0.0091214842	-0.0271893285	-0.0041856453	0.0289958769	-0.0447014749	0.0418496081	-0.1181231662	-0.0487572474	-0.0663650409	0.0485563804	0.0284358833	0.0053060736	-0.0173972871	0.0164888812	0.0484443989	0.040127442	-0.0891959624	0.0555312684	-0.0267159606	-0.0434813319	-0.0476429687	0.0361642941	-0.0039405602	0.0969682938	0.0329022605	-0.0829586327	-0.0308457863	-0.052114244	0.0726792752	-0.0502651235	-0.0942509605	-0.0066712208	0.043790471	-0.0095280308	-0.0076010387	-0.1132217024	-0.0768620526	0.0243016375	-0.0015856183	-0.0329866617	-0.0014934715	-0.0709477556	-0.0050825866	-0.0643004572	-0.056749634	-0.0409410022	-0.0145480715	0.0794205426	0.0786134493	0.0373129742	-0.1270528563	0.006097236	0.0519758462	0.0072533244	0.089100137	0.0517258037	-0.0192849922	0.0501426431	-0.0616200373	-0.0464345662	-0.0206920433	-0.0453139987	-0.0545818786	0.0422369124	-0.0317123835	-0.073910008	0.1055656245	0.0346788896	0.0402076981	0.0549094957	0.0590067334	-0.0483597583	0.0072074613	-0.0169210199	0.0363490262	-0.1382267873	-0.0169806238	-0.039935846	-0.0342756096	0.0527938559	0.0272627563	0.1086426256	-0.0495882935	-0.0738086084	-0.0079103108	0.0276733275	-0.0248986649	0.0440876943	-0.0274714572	0.0039533397	0.0081723986	0.0147391129	0.047946052	0.0480533213	0.090275294	0.0201045516	0.0585349058	-0.0147244683	0.023473913	-0.0748958185	0.0112202082	-0.0332796453	-0.0013504477	0.0249090976	0.0346621057	0.1254164422	0.0022452726	-0.102899989	0.110102707	-0.0455495202	0.0321688061	0.0991715815	0.0230486142	-0.0743527855	-0.0477006091	0.0848952099	0.0296668838	-0.1090101255	0.0758287664	0.0034498032	-0.0145027991	0.0369373772	-0.0362715024	0.0309846018	0.0914719012	-0.0080213868	0.0755655445	0.0121222506	-0.0380635023	0.0375681601	-0.0106433214	-0.0243033259	0.0318490853	0.0556548735	0.0327295315	-0.0331541997	-0.0522381111	-0.0632937425	0.0182884725	0.0650902571	0.0092819248	-0.0189911127	-0.0818572561	-0.0232387415	-0.0142732893	-0.025950132	0.0360250262	-0.0410696279	0.0677969344	0.0165260954	0.0133720103	-0.0805022377	0.0092549281	0.0453994139	0.0607036985	0.0261248153	-0.0126724632	-0.0689735509	-0.0518117484	-0.0457189102	-0.0356104165	-0.0766767246	0.0623636846	-0.0404540309	0.0136166111	0.0148794683	-0.0415630576	0.0631837885	-0.0771080077	0.0964846187387706	0.0318006134468475	0.0010112790155958	0.0093092816531659	0.037247710760667	-0.0044585717000132	0.0013873919569103	1.987886160415861e-05	0.4148191529709919	0.0128143817450308	0.0001642083795073	0.1720749296715712	-0.0003041509305298	-4.49082836746e-05	9.250778854214325e-08	2.016753942598345e-09	0.002490791609669	0.0001200957290986	6.204042842797489e-06	1.4422984147724382e-08	-0.0018866253798233	-0.0004039303740322	1.6315974706587377e-07	3.559355323793411e-06	0.0	0.0
1616.2287291714938	-1.543897174964286	2.3836184868627037	2612195.3049993017	2225.3114265476106	3.1913246873245957	4952010.945123361	10.184553259927426	1710.6035427024149	-3.712808283025424	13.7849453465022	2926164.4803060526	1796.7510064749138	1561.590348780519	1.166102	32.107101	0.0621188950611474	0.0322701793231979	0.1027802251	-0.0031162407	-0.0571798177	0.0934081249	-0.024945329	0.0857396263	-0.1133529532	-0.0730168891	0.118833841	0.0348802255	0.0078221856	0.0309541706	0.0068269615	-0.0367541656	-0.0134600022	-0.0406244669	0.0834579159	0.0135851132	0.0451673787	-0.1081041849	-0.0005714056	0.0230861513	0.0280011993	-0.0466407677	0.0556018848	0.025902317	0.0456222023	0.1291455157	0.1020037078	0.043379873	-0.0978879676	-0.0050092656	0.0300470142	0.03845995	-0.0812079567	-0.035757169	-0.0681968034	-0.0346369419	-0.0238738006	-0.0051608118	-0.0401214146	0.0278936636	-0.0345434118	-0.0457688553	0.014601631	0.0296975087	-0.0156070565	0.0359790271	-0.0507433545	0.0291990104	0.0337929861	0.0010534255	-0.0406019422	-0.052050466	0.1106243596	0.0645412191	-0.0273274277	-0.0402484546	0.0005954205	0.0216374656	0.0042992189	-0.0143543387	0.0740421854	0.0045855746	0.0500349543	0.0033472773	0.0326010502	0.0286563767	-0.0185747039	-0.0814237697	0.2198202992	0.0507103393	-0.0735332045	-0.044438127	-0.0975353289	-0.0283564076	0.0122997374	0.0364606777	0.0002997841	-0.1489850448	-0.0356325261	0.0138352313	-0.0467099137	-0.0072127672	0.0102831194	-0.0949541268	0.0676900164	-0.0037798046	-0.0084428135	-0.0272520693	0.0639475685	-0.0435720754	-0.0939485046	-0.0298397141	0.0590991673	0.0315239586	-0.0176583192	-0.0280535629	-0.0667018838	0.0136783716	0.0978752115	0.1162619976	0.0446171912	0.060705245	-0.0696334046	0.0463792019	0.0755684722	0.0242906963	0.0199260525	-0.0268110507	-0.0229146586	-0.0311847839	0.0320701766	-0.0187727968	-0.0418008705	-0.0527598155	-0.0178011653	-0.0341912052	0.0669213649	-0.0394230738	-0.0037650675	0.0619988999	-0.0057484103	-0.0408722634	-0.0240139383	-0.1482374295	0.0072468463	-0.0282172243	-0.0574023826	0.0038003449	-0.098047148	-0.0685093271	0.0746697485	0.0224745929	-0.0014331621	-0.0066889307	-0.0322127425	0.10447851	-0.0311446971	-0.0132742332	-0.0218306177	0.050671429	0.0113208106	0.0723265214	-0.1406858323	-0.0093570763	0.0439187217	-0.0421408631	0.0498423632	-0.0380042411	-0.0169106661	-0.0544746647	-0.0459932924	-0.0165334384	0.0095902797	0.004381308	0.0710849392	-0.0542242769	-0.0562589774	0.000897411	-0.0265102839	-0.0057645106	-0.0055731136	0.0845723723	-0.0510464897	-0.0415808473	-0.0399614228	-0.0769663555	0.063453702	-0.0426618292	0.0169759185	0.010657419	-0.0370681691	0.0592265694	-0.0745906743	0.0797786413245233	-0.0167059774142473	0.0002790896813653	0.0063646316115869	0.0600961713480359	0.0228484605873689	0.0036115498106924	0.0005220521512125	0.4147422239808378	-7.692899015410148e-05	5.918069526129843e-09	0.1720111123525714	-1.2808943264457106e-05	0.0002913419872653	1.6406902755208107e-10	8.488015354371924e-08	0.002370015847076	-0.000120775762593	5.61697511539137e-06	1.4586784829920717e-08	-0.0018489925682941	3.763281152920008e-05	1.416228503592294e-09	3.418773517606812e-06	0.0	0.0
1614.2414273362806	-1.987301835213202	3.9493685842417614	2605775.3857286726	2206.5099355928564	-18.80149095475417	4868686.095869991	353.49606212170295	1711.185547540838	0.5820048384230176	0.3387296319478028	2928155.978112637	1792.446008323835	1524.720167427855	1.203587	33.139198	0.0972912247847119	0.053213779674632	-0.0975712598	0.0613945545	0.0186174489	0.0671641604	-0.0723294175	-0.0518729665	0.0516711471	0.0720829682	-0.0151004406	0.0858413037	0.0614542247	-0.0267610807	-0.0136452403	0.016893545	0.0094439722	-0.0940475049	-0.0080620647	-0.1294019445	0.0654281004	-0.0163305539	0.1226478758	0.0709963229	0.0266587444	0.0371786091	-0.0224967407	0.1250890635	-0.0655428668	0.0347855463	-0.0092218466	-0.0181530817	-0.0025127637	-0.0057624888	-0.0101769238	-0.015445037	0.0506199964	0.0092743786	-0.0104727803	0.0116487655	0.1280058151	-0.0187391384	0.0162635949	0.0909733469	-0.0266955393	-0.0213158528	0.0211548297	-0.0353931683	0.028787838	0.0997184871	0.0680262721	0.0159742047	-0.0932603819	0.004034603	-0.091762748	0.0611912046	-0.0141172992	0.0126129102	0.0490316418	0.0448850808	-0.0501107102	0.0004497503	0.0478451546	-0.0746790203	0.0678712264	-0.0803604759	0.0193032485	-0.0528576676	-0.0559982147	-0.0286806974	0.0640164361	0.0493725053	-0.0671192696	-0.0400538898	-0.0829225662	0.0136940825	0.0798890697	-0.0857375344	0.0461851445	0.108452216	-0.0356204074	0.0496127621	-0.0170453083	-0.0116874196	-0.0998242224	0.1087116721	-0.0762906914	0.0166318158	-0.0218559909	0.0195952553	0.0933136918	-0.0008329849	0.0064756923	0.0171362435	-0.0447615886	-0.0387321308	-0.0576825934	0.0106198292	0.0181653044	-0.0291724106	0.0206249845	-0.0412954618	0.0164493175	0.0295928314	-0.0651238782	-0.0179542208	-0.0468682816	-0.0284380373	-0.005945615	0.0183899773	0.0987161335	0.0139177855	0.140764607	0.0227398787	-0.0447468975	0.044733837	0.0281971948	0.0376548092	-0.0191747789	-0.0483907253	0.0019685826	0.0616733292	0.0006427066	-0.0870780029	0.054841855	0.0446721278	-0.1109124899	0.0565980426	0.0523920924	0.0125762593	0.0171406197	0.042991086	0.0634499815	-0.0090395086	-0.0284268669	-0.0881427869	-0.0262522726	-0.0139167254	-0.0487738711	-0.026230588	0.0680465868	-0.0247690336	-0.0100443106	0.0325067164	-0.0310350531	0.0626510223	0.102166084	0.0913176792	-0.0355891692	-0.0688948503	0.0565013152	0.0161104062	-0.0079310916	-0.0320511741	-0.0481904878	-0.0434542255	-0.0573275333	-0.0162656361	-0.0240815631	-0.050795997	-0.1073070057	-0.0353271836	0.0455756332	0.0534177072	-0.0880122685	-0.0206078462	-0.0759307586	-0.0195363767	0.0034989907	-0.0772475461	0.0645158866	-0.0448275254	0.0203054443	0.0064061583	-0.0324269895	0.0549512416	-0.0715501408	0.0666743862520604	-0.0131042550724628	0.0001717215010041	0.0044454737820889	0.0603223408925401	0.0002261695445041	0.0036387848107558	5.1152662861235936e-08	0.3788628010381458	-0.035879422942692	0.0012873329907005	0.1435370220104696	0.000471748392685	0.0004845573359494	2.2254654600088095e-07	2.3479581182243507e-07	0.0024839828336638	0.0001139669865877	6.170170717936441e-06	1.2988474031903742e-08	-0.0022120957902579	-0.0003631032219638	1.3184394980049277e-07	4.893367785276724e-06	0.0	0.0
1617.4130331261306	3.171605789849991	10.059083286209988	2616024.91972627	2218.804594441914	12.294658849057669	4923093.828316547	151.15863621471203	1710.989699485085	-0.1958480557527764	0.0383564609421426	2927485.7517440617	1800.1906838565642	1555.4461926936522	1.113061	30.646694	0.0800155976006119	0.0396711807781592	0.0261251214	0.0018117724	-0.0955713149	0.0327749711	-0.0444385074	0.0541829544	0.0990953713	-0.0361168904	-0.0736094711	-0.058020944	0.047053417	0.0718359719	-0.0815752447	-0.0644456621	0.0417011	-0.0793589135	-0.0471768661	-0.0030531849	0.0739165842	-0.0215568691	-0.0166773955	0.0202719887	0.0039340473	0.0838845577	0.0190889663	-0.0272956209	-0.1060314007	-0.0034504347	0.0424127625	0.0546013177	0.0603531413	-0.029947336	-0.0244697098	-0.010108977	-0.0323998451	-0.0353562335	-0.0017772042	-0.0892964834	0.0611979158	0.020341928	0.0534091838	0.0665396698	0.0757324044	0.1556912664	-0.0364245203	-0.0069721775	-0.0932618639	0.047197081	0.0490277156	0.0197309861	-0.028391912	0.0515186021	0.0445575527	-0.0772757917	-0.0553249339	-0.0044292481	0.0990079975	-0.0137587339	0.0502844883	0.0200889844	0.0607120371	-0.0316893307	0.0807565747	-0.1010336399	-0.0483147868	-0.0577682507	-0.0107400725	0.0520511338	-0.0533968793	0.0727567979	0.0480326816	0.0575998959	0.0154987879	-0.0376188306	0.0086357759	0.0931228675	-0.0342813326	0.0324485661	-0.0023445048	0.0192727155	0.0552351745	0.0021655451	6.16489e-05	-0.0907409255	-0.0492568236	-0.0041692404	-0.0380604889	0.0559512958	0.0659967324	-0.0424392496	-0.0400566005	0.0923383169	-0.0346696242	0.004762855	-0.0062704159	-0.0713204138	-0.0671656893	-0.0355286058	0.0722717568	-0.0522468745	-0.0166473827	0.0147445433	-0.0411906099	0.0070694736	-0.0270332197	-0.0330716317	0.0681632432	0.0212422361	-0.0577959464	0.0272809647	0.0282178442	-0.0219605099	-0.0251619617	0.0659749214	-0.0874008752	0.1261717263	-0.0801736467	0.0401785503	-0.0495509234	0.0927183349	-0.0205990388	-0.0119549057	0.038448253	0.0688413392	0.0282850242	-0.12732282	0.0603226448	0.0207909058	-0.0507493485	0.0501838002	0.0164372976	0.1029659102	0.0194192324	0.085779369	-0.0696366612	-0.1412097551	0.0313659506	0.0766529029	-0.0216903495	0.0021429281	-0.0117745035	-0.0136372937	-0.0169694672	0.0563603148	0.0189709446	0.110042565	0.1295729576	0.0065098347	-0.0511838459	-0.0685609418	-0.0031482151	-0.0268347206	0.0155248147	-0.0863119002	-0.0134063776	0.0431704133	-0.009572219	-0.0432367145	-0.051364078	-0.0496727063	-0.0238844757	0.0289433966	-0.0515591341	-0.0106342827	-0.0243547923	-0.0835304383	0.0044169913	-0.0775202656	0.0655497724	-0.0469489822	0.0235993474	0.0021373389	-0.0276578354	0.0503807682	-0.0680077345	0.0869378267312441	0.0202634404791837	0.0004106070200534	0.0075581857167518	0.0602308124922927	-9.152840024739815e-05	0.0036277507734817	8.377448051847917e-09	0.34655806662294	-0.0323047344152058	0.0010435958656369	0.1201024935414301	0.0001179596015115	-0.0003537887911735	1.3914467588751874e-08	1.251665087600064e-07	0.0026763802164588	0.000192397382795	7.163011063052053e-06	3.70167529063658e-08	-0.0022111640781069	9.317121510000852e-07	8.680875323212055e-13	4.889246580310337e-06	0.0	0.0
1617.593719492393	0.1806863662623072	0.0326475629530766	2616609.4413412344	2227.791940184452	8.987345742537855	4963056.928750805	80.7723834959133	1710.116445978338	-0.8732535067470053	0.762571687045942	2924498.2588055823	1798.392266378862	1556.185125837687	0.995896	27.42071	0.084420913622651	0.0439789530777615	0.0137012739	-0.0544464472	0.0120777998	0.057889818	-0.0192699884	0.0183963918	-0.0180530115	0.0452067721	0.0232402699	-0.0817710798	-0.0422970601	0.0061893631	-0.0126378467	-0.0323874937	-0.0623025846	0.0636495823	0.0761345913	0.0580021093	0.1325200173	0.0791412493	0.0026779401	0.043955617	-0.0544159354	-0.041200529	-0.0102470303	-0.1113736441	0.0009243281	-0.013693596	0.0619069294	0.0082481652	0.0377537365	-0.0465016796	-0.1206289529	-0.0368690666	0.0378913527	-0.0146227725	-0.0163181171	0.0632595365	0.0854497381	0.0029246823	-0.0673176864	0.0915328126	0.0445505117	-0.0419894564	-0.0400066977	-0.0386765808	0.0633500907	-0.0012694266	0.0056918833	0.0688849593	0.0240323357	0.0168703558	-0.0348733661	-0.0908431356	0.0307410153	0.0106000377	-0.0989101025	-0.0408606618	-0.0085593073	-0.0685257017	0.0570155779	-0.1295163673	-0.0990128877	0.0792072377	-0.0613640221	-0.0594441963	-0.0385974104	-0.041050484	-0.0316941234	-0.0469295506	-0.0839046439	-0.0070394207	0.0506346161	-0.012256034	0.0358826088	0.080209862	-0.0145297801	0.0687796381	-0.0136817369	-0.06367188	-0.0829660153	0.026098688	0.0256117812	-0.0050561695	0.0822154535	0.0175712996	-0.0121659451	0.0051790395	-0.0260870319	-0.0608745905	0.0418171561	0.0910719404	-0.0374074087	0.0550999358	0.0256940356	-0.046607136	0.0171142839	-0.0622158271	0.0205874242	-0.1068879103	0.0519125075	-0.0673022015	0.022588294	0.004779843	0.0340383852	-0.0617087833	-0.0494154557	-0.0517597774	-0.0532914242	-0.00887865	0.0538606695	0.0057435187	0.0096827556	-0.0309353731	0.0454656528	-0.0561761077	0.0180254472	-0.0285108585	0.0510128936	0.0650863488	0.1273484276	-0.0840865484	0.0160034601	0.018375166	0.083562197	0.0610316304	-0.0813623846	-0.0634880658	-0.027591568	-0.0121715083	0.0698237451	-0.0150471537	0.1272054581	-0.0751340157	0.0633631112	-0.0668158119	0.0007658893	0.0518359764	0.0283361619	-0.0511159052	-0.0486217151	-0.0440956848	0.03822042	-0.0215501378	-0.0185928544	0.1022745814	0.0894483147	-0.0302382445	-0.0615595362	0.0907916752	-0.0407834009	-0.0652378496	-0.0038294658	-0.0510482849	0.0273538731	0.0850299703	-0.0105145048	0.0219957869	-0.0372139792	0.0354738137	0.045832781	-0.0265444412	0.0196481484	-0.1258902683	0.020127916	0.0006895418	0.0178721608	-0.0777844842	0.0665549058	-0.0490241061	0.0268518493	-0.0021373389	-0.0227795284	0.0455396975	-0.0639883028	0.0934111521134326	0.0064733253821884	4.190394150368577e-05	0.0087256433391588	0.0600099071236144	-0.0002209053686783	0.0036011889529848	4.8799181910897234e-08	0.3393902080932207	-0.0071678585297192	5.137819590206966e-05	0.1151857133495596	-0.000284633659993	-0.0004025932615045	8.101632040101074e-08	1.620813342088307e-07	0.0021027573744405	-0.0005736228420182	4.421588575763906e-06	3.290431648851514e-07	-0.0017762036947884	0.0004349603833185	1.891905350565765e-07	3.154899565379964e-06	0.0	0.0
1614.81236455879	-2.78135493360287	7.735935266677026	2607618.9727319507	2213.1705355109657	-14.621404673486268	4898123.819253895	213.7854746258461	1710.0089599609375	-0.1074860174005607	0.0115532439366336	2924130.643146687	1799.5718021843093	1579.8654459300058	1.073593	29.559982	0.0744342477833732	0.0386470224876122	0.0237278004	0.0428893097	-0.1179869976	0.1077671103	0.1015742646	0.0887770243	-0.0273420835	-0.0246325362	-0.094181815	-0.0141178939	-0.022017875	-0.0554983278	0.0171116471	-0.0219813933	0.0243316141	-0.0199029848	0.0663071002	-0.0291419116	0.0916442861	0.0376362401	-0.0326545472	-0.0199380129	0.0243063442	0.0738042406	0.0337269274	0.0002822686	0.029305867	-0.031511571	-0.0228468393	0.0609914741	-0.0383325607	0.0901461488	-0.028822927	0.0682585274	-0.0799433188	-0.0867092709	-0.0323417561	-0.1628595711	0.0458811661	0.0417496568	0.0022523709	0.0257614467	0.1134530757	-0.0064911275	0.0358403867	0.0237143818	-0.0239784227	-0.0118408948	0.0291095643	-0.0303892593	-0.0016153039	-0.0248098125	-0.0614368693	-0.0398511881	0.0555164597	0.0139951245	-0.0483024859	0.0514596618	0.0951396212	0.0648340323	-0.0260396499	-0.1223467353	-0.072380492	0.0403551861	-0.0076189994	0.0085939731	-0.065170558	0.0613237118	-0.0052981677	0.0044976965	-0.0315631273	0.0098408726	0.0003129762	0.0051579171	-0.106733049	0.0917541594	0.0387451691	0.034311986	0.0794816331	0.0456819871	0.0388217203	-0.0365581034	-0.01838638	-0.0128314744	-0.037925799	0.0011577023	0.0202047907	-0.1210797444	0.008848212	-0.0411629178	-0.0319595819	0.0735511291	-0.0770775753	0.0362190659	0.0747487434	-0.0851648056	-0.0166503623	-0.0028081828	0.0962037994	0.0023008769	0.0351810331	0.0112095762	0.0763896907	0.079938867	-0.0190745352	-0.0727247014	-0.0251720623	-0.0145275888	0.1086641422	-0.0478495531	-0.0223454118	-0.0874637617	0.0671771863	0.0420391328	-0.0310515642	-0.0143732625	-0.1364818996	0.0245205189	-0.0433855968	-0.030331061	-0.0468030186	0.0189119182	0.0663160655	0.0422983662	0.0966658664	-0.0304158147	0.0652059089	0.0099614976	-0.094715856	-0.0257866677	-0.0168355321	-0.045837134	0.0422827707	0.0353917412	0.0663399717	-0.0673437812	0.025699549	-0.0504098561	0.0181135197	-0.0541191034	0.0265808015	0.0892867186	-0.0527590673	0.0967270155	-0.1419073922	0.077569707	0.0059288624	-0.0070761977	-0.0489353583	-0.0521178248	0.0482002858	-0.1160062428	0.0376619402	-0.0323229706	-0.019961804	0.0450338058	0.0007270743	0.0099902662	-0.0610054509	-0.0015882511	-0.0013673478	0.0052271303	0.0569576031	0.0030747762	-0.0217450342	-0.0391776572	-0.0150925484	-0.0780401729	0.0675308461	-0.0510508491	0.0300572439	-0.0064061583	-0.0178113211	0.0404540309	-0.0595200392	0.0872867837391169	-0.0061243683743156	3.750788798431826e-05	0.0076189826155193	0.0601326172512983	0.0001227101276839	0.0036159316574911	1.5057775436199832e-08	0.3636284605425643	0.0242382524493436	0.0005874928817981	0.1322256573165552	0.0001942352449225	0.0004788689049155	3.7727330370103566e-08	2.2931542809497018e-07	0.0024678279762559	0.0003650706018153	6.090174920391291e-06	1.3327654430985828e-07	-0.0018112425246981	-3.503882990970003e-05	1.2277196014408891e-09	3.280599483274748e-06	0.0	0.0
1612.5405791028709	-2.271785455919144	5.161009157725752	2600287.119253422	2220.0724396983605	6.901904187394848	4928721.63750823	47.63628141197854	1706.6606460848725	-3.348313876065049	11.211205812649752	2912690.5608948343	1794.581600084746	1552.13455287761	1.064634	29.313316	0.0528153489444139	0.0212961195207284	0.0806967666	0.0521558026	0.0136805606	0.0340007228	-0.0818929977	-0.0666977297	-0.0331936232	0.0158317256	0.031209306	-0.071174469	0.062305096	-0.0747328189	0.0532773596	-0.0547242734	0.06761506	-0.0307527551	0.0613162176	-0.0993830036	0.0095970245	0.0377557827	0.0178989527	0.0437918944	0.0669754955	0.0013135169	-0.0034035767	-0.107275304	-0.0207039068	0.0113192769	0.1174294116	-0.0377613807	-0.0136089641	0.0645727626	0.0355305719	-0.0133791283	-0.0535941765	0.1122313123	-0.0863085682	0.046276447	-0.0550267632	-0.0152473379	0.0372488927	0.1123396638	0.0629309192	-0.0384629679	-0.0068030218	-0.0173873825	0.043866357	-0.1241754153	0.0159717008	-0.0018235421	0.0043194471	-0.0087665172	0.0582383467	0.0270332209	0.016353039	0.0445811729	0.0234716646	-0.0816571763	-0.0243675532	-0.0813135791	0.0240618972	-0.0213456185	-0.0046987067	0.0038370539	0.0064269146	-0.0469248979	0.0623317147	0.0238852461	0.0544100046	0.0044771509	0.0053551768	-0.1225090936	0.0581764555	0.0727825994	-0.0327277682	0.0002303576	0.0115904617	-0.1161651478	-0.0269620117	-0.1011947254	0.0953375236	-0.0176998767	-0.0649258947	0.0278111349	0.0218434143	-0.0829806486	-0.0434843679	-0.0387821412	-0.0072390275	-0.1243743725	0.0677938357	0.0672714544	-0.0030713589	-0.029283101	-0.0152535959	0.0055787148	0.0974625853	0.0285298451	0.0180263893	0.0173726924	-0.0145215243	-0.0507099372	0.0315290167	-0.0314420925	-0.0165187782	0.0434606908	-0.0946748163	0.0401028688	-0.0511606076	-0.0335050686	0.063476072	-0.069454306	0.0076951897	-0.0496914037	-0.0991857368	0.0750254509	-0.0112034314	-0.0869493789	0.0704702329	0.0485395983	0.0493607512	0.0065118463	-0.0197442638	-0.0440043733	0.0076349775	-0.0292865164	-0.0907635704	0.0345280778	-0.0689721507	-0.0592411746	-0.0056141859	0.0758794783	-0.035675516	0.0864706616	0.0274422916	0.0379157156	0.0595537188	-0.00933654	-0.0322755191	0.0570212439	0.0324329788	-0.0782349898	0.1416364688	0.0826039551	0.0606547861	0.0378394216	0.0503291044	0.0167021753	0.0908468734	0.0163878317	-0.0254158078	-0.0654403508	-0.0056572664	-0.0579780106	0.0438587673	0.0583069687	0.0486180317	0.0292517729	-0.0584809268	-0.0283969157	0.0392119936	0.0342897929	-0.057460749	-0.0692064003	-0.0305471524	0.0144337983	-0.0492868145	-0.0782873035	0.0684771651	-0.0530272111	0.0332099078	-0.010657419	-0.0127728206	0.0351510839	-0.0546342852	0.0929216928800258	0.0056349091409089	3.175220102629871e-05	0.0086344410076898	0.0715960104557353	0.0114633932044369	0.0051259887131777	0.0001314093837595	0.3715401563905374	0.007911695847973	6.259493119083442e-05	0.1380420878107049	0.0004419214931272	0.0002476862482047	1.952946060877739e-07	6.134847754972026e-08	0.0023006387418875	-0.0001671892343684	5.292938620673699e-06	2.7952240088691786e-08	-0.0016700109922493	0.0001412315324488	1.9946345757836453e-08	2.788936714233492e-06	0.0	0.0
1612.0840761606548	-0.4565029422160478	0.2083949362519083	2598815.068610752	2215.1806520196888	-4.89178767867179	4907025.321082373	23.929586693205135	1707.9988647460937	1.3382186612211626	1.790829185240561	2917260.121973945	1793.9810213515846	1529.059897053664	0.998159	27.483	0.0273578391134636	0.0139179445607908	-0.0485732813	0.0509191983	-0.0482861303	0.0460848658	-0.0637034547	-0.0010887049	-0.0037647012	0.0363329388	-0.0927104599	-0.0349399313	0.0780695347	0.0691513243	0.0003665561	0.0203534553	-0.0546885286	0.0620478501	0.0314851941	-0.0616325626	0.0182610184	0.0232189201	0.0137562702	0.0270658952	0.0493497395	0.116333667	-0.0400261473	0.0076580482	-0.0803742777	-0.0014465206	0.0550230268	0.0408508397	0.0580371217	-0.0393131033	-0.0211616782	-0.0016719886	-0.0433417742	-0.0006070838	0.0205620721	-0.0146045766	0.0747579089	-0.1649911986	0.1348689443	-0.0118783445	-0.0027256891	-0.0145332344	0.0033509602	-0.1177696087	-0.0885648553	-0.0659665211	-0.023878121	-0.0064847429	0.060820592	-0.005177456	-0.0306990708	-0.0055368685	-0.1367279468	-0.0513524115	0.021084405	-0.0732494558	0.0380489875	-0.0559670035	-0.0833286683	-0.0107132421	0.1455710113	0.0226499437	-0.0673090226	-0.0027299816	0.0145923272	0.1194395619	0.0449329303	-0.0532609584	0.0702814607	-0.0063266131	0.10422975	0.0270857636	-0.0169731613	-0.0422002924	-0.0020738404	0.0329590945	0.0164622126	-0.0551555063	-0.0571680771	-0.0007601666	0.095874882	0.0043821775	-0.0822940495	0.0167288027	-0.0867381932	0.0562605893	-0.0050371385	-0.0352402447	0.0796814039	0.0598416314	-0.0320578675	0.072488416	0.0087335281	0.0387308426	0.0004422103	0.0767607707	0.0117331373	0.0187943297	-0.0610117468	0.0049103153	-0.0540039491	0.0247205228	0.0557109278	0.0277388784	0.0848244472	0.0542255861	-0.1057646481	0.0611928695	0.0233054063	0.0283124974	0.0439093151	0.054528428	-0.0141873674	-0.0050656708	-0.1131589181	-0.148466123	-0.1322174402	-0.0213079765	0.0161811416	0.0130952805	-0.0058432201	0.0004746079	-0.0693889558	0.0201358943	0.009201739	0.0764602953	-0.0386289771	0.0011003302	-0.0874677593	-0.0743551171	-0.0490468638	-0.0281338664	0.0091295863	0.040295696	0.0669686344	-0.0350367908	0.0749722639	-0.1583939277	0.0997873391	0.0214877856	-0.0134477684	0.0677562445	0.0336944592	0.1050344785	0.011590633	-0.0334431731	-0.0127920129	-0.0232831159	0.0119916037	-0.0598261571	-0.0074895865	0.0134997365	0.0592683083	0.0092776587	0.0687881656	-0.008363994	0.016961141	-0.0326033519	-0.0029122729	0.1331057288	0.0175034764	-0.0608852153	-0.0854425477	0.0023390351	0.0517445186	-0.0785258491	0.0693934478	-0.0549512416	0.0363043104	-0.0148794683	-0.0076839116	0.0296593388	-0.049365311	0.0995276785452574	0.0066059856652316	4.3639046609245394e-05	0.009905758796608	0.0600336358845936	-0.0115623745711416	0.0036040374375239	0.0001336885057233	0.3712227049909771	-0.0003174513995602	1.007753910827919e-07	0.137806296700818	0.0003958839222649	-4.60375708623e-05	1.567240799078414e-07	2.1194579309012932e-09	0.0022066649980374	-9.397374385010024e-05	4.869370413563398e-06	8.831064533204253e-09	-0.0017074402270875	-3.742923483819995e-05	1.4009476205731207e-09	2.9153521290766137e-06	0.0	0.0
1615.1131725187486	3.0290963580937387	9.17542474661675	2608590.560043577	2223.69775390625	8.51710188656125	4944831.700727701	72.5410245460652	1711.242332874645	3.243468128551285	10.520085500927976	2928350.321822257	1797.5814744410816	1518.8585349654686	0.911755	25.103977	0.0409858113003723	0.0188283614652271	-0.0011609831	0.0031950263	-0.0571631155	-0.0014626852	-0.1449432393	0.0147792817	0.0504505266	-0.0621373636	0.0057513945	-0.0914920611	0.0427331619	0.1271945085	0.0065257116	0.0198459787	-0.057157081	-0.0207743161	-0.0321058166	0.0183278595	0.0743296475	0.0635678133	-0.0163785901	0.0545410868	0.0126345605	0.0079144175	0.0606804125	0.0477621785	-0.0840263818	-0.0138269187	-0.1313199423	-0.0424304035	-0.0399006372	-0.0236375521	0.0695102261	-0.0258244087	0.0177547765	0.0074131759	-0.1258809789	-0.0263615465	-0.0327461315	0.004355008	0.0040435094	-0.0774934915	0.0218629664	0.0614044996	-0.1006648432	-0.0584514616	-0.0979961866	-0.023588333	0.0433851701	0.0424877831	-0.0616712321	0.0052525165	-0.0003959324	0.0171138472	-0.0752966662	-0.0398832398	0.0195419376	-0.0650650074	0.03226106	-0.0548501493	-0.0686371152	0.0257334511	-0.0137512322	-0.0032424213	-0.0055429521	0.0734655093	-0.0100572448	-0.0510110447	-0.0025842387	-0.012748631	-0.0386928578	0.003114403	-0.0519866305	0.0144802591	0.0417631074	0.0577234312	-0.0514921277	-0.0862939771	0.0391609616	0.011085153	-0.01703077	-0.0428147183	0.0354898842	-0.0890045976	-0.0141094811	-0.0563710331	-0.0468666637	0.0851795261	0.0935597997	0.0546233675	-0.0322329061	0.0026673632	-0.0340714398	-0.0218135001	-0.0055295146	-0.0039391549	-0.0353142837	0.0812915798	0.0020688489	0.0356483807	-0.0197996233	-0.0861521348	-0.0812452929	0.0388524793	0.0535356634	-0.0128539016	-0.0603948046	0.0227571998	0.0571966421	0.0333063199	-0.0997668568	0.0700548997	0.0264850298	-0.0028846185	0.0423110959	0.0847797278	-0.0513625106	-0.0180703817	0.0580387307	-0.0225490852	-0.0192111717	0.1194826194	0.0055193638	-0.0280292459	-0.0330381759	-0.0045272319	-0.081885978	-0.0316263683	-0.0306335399	0.1095578205	0.0407325836	0.0209014497	-0.0564022021	-0.0099621332	-0.0278103571	-0.0016376508	-0.0490409513	0.0067105104	0.0131739229	-0.0253840055	0.0727852202	-0.0795213441	0.0404059318	0.0305387539	0.0467239518	0.0808521423	0.120900592	0.0050822348	-0.0144898442	0.0039596351	-0.0518614605	-0.0354454478	-0.0883439518	0.0277880377	-0.0279124647	-0.0411112725	0.0082877113	0.0177901159	0.0006080132	0.0784900628	0.0796652826	0.0053806338	-0.0033631929	-0.1071136625	-0.0020661339	-0.0184696634	-0.0873181189	-0.0787557834	0.0702792922	-0.0568210419	0.0393350228	-0.0190607341	-0.0025646777	0.024008292	-0.0437500746	0.099554411258552	2.6732713294591592e-05	7.146379600908341e-10	0.0099110808010369	0.0714732840627192	0.0114396481781256	0.0051084303347101	0.0001308655504392	0.3586642774523199	-0.0125584275386572	0.0001577141022437	0.1286400639203947	0.0002481933672187	-0.0001476905550462	6.159994753135649e-08	2.1812500049854633e-08	0.0021418070751841	-6.485792285329962e-05	4.58733754730867e-06	4.2065501568445645e-09	-0.0015807686475811	0.0001266715795063	1.6045689054646212e-08	2.49882951717538e-06	0.0	0.0
1616.8127354033595	1.6995628846109412	2.8885139987470634	2614083.4213624937	2223.570575252242	-0.127178654007821	4944266.103127588	0.016174410035241	1710.261862571023	-0.9804703036220416	0.9613220162846986	2924995.638564904	1797.9923545830195	1552.546847146655	0.977139	26.904259	0.0925150073859555	0.0416864073903177	0.0114745151	0.0047459917	0.0139427152	0.1052270053	-0.0088584429	0.0726946113	0.0153569064	0.0885127976	0.0126075604	-0.0399678757	-0.0265693405	-0.0499138539	-0.003783824	0.0232039901	-0.0991107419	-0.0239515114	-0.0716697505	0.0498754252	0.0804358748	0.0090102011	-0.0197724463	-0.0597794127	0.0017351054	-0.0237913587	0.0113810312	0.080859278	-0.0020181327	-0.0841700618	-0.0202438219	0.1118881931	-0.050141963	-0.03234312	0.0884272076	0.0417018198	0.0118966775	0.0340396267	0.0185109469	-0.0723789438	-0.0096467884	0.0138982233	0.0179628864	0.0499294544	0.0378432746	-0.0731697429	-0.0851005547	0.011241561	-0.0514151657	-0.0684149077	0.0148470969	-0.0581852324	0.0106813703	-0.0005753639	0.0318532047	0.06945874	0.0042500166	0.0250053966	-0.1086250688	-0.0230342958	0.0548815132	-0.1626405929	-0.0338205386	-0.0149649159	-0.0374544677	0.0565284829	-0.0318119667	0.0589658887	0.009840319	-0.1064460753	0.0527607696	0.0067839432	0.0305152039	-0.0360867624	-0.0472838627	-0.0493325538	0.0334844973	0.0326359546	-0.0292067088	0.0748941543	-0.0938505448	-0.0310663957	-0.0370724326	0.0027058416	-0.0283776733	0.0655758755	0.0452684885	0.0230879371	-0.0595288042	-0.0533843465	0.0485953484	0.034387021	-0.0894364258	0.0364457293	-0.0504576672	0.0797932842	0.1115643451	-0.0747894498	-0.0559186395	0.0736427922	-0.0126222471	-0.0063891366	0.0044319653	0.0307768179	-0.018704071	-0.032540337	0.0217711927	-0.023688433	0.0364798325	0.0038088894	0.0243308441	0.0507446276	-0.019768953	-0.0358338447	0.0961932886	-0.1207166293	-0.0617042016	-0.0660734887	0.0465976881	-0.013433106	-0.0310616512	0.0012129161	-0.0111569505	0.0705086252	-0.0111602048	-0.0411262951	0.0637566708	-0.0072176597	0.0107081044	-0.0746226709	0.0510680496	0.0124262666	-0.0715418812	0.0081253617	-0.0168996317	0.0399349414	-0.0046087187	0.0394314097	0.0063937924	-0.0533901154	-0.0188745553	-0.0102178311	-0.0339711351	-0.1235552973	0.0333788001	0.0434500693	-0.0869815728	0.0648871742	0.0399902457	-0.0317213227	-0.0207423031	0.0484635004	0.0136502902	-0.0834135228	-0.0110445581	-0.0343020867	-0.0652677661	-0.0238049155	-0.0058270372	-0.0386623542	0.0110408126	0.001626979	0.0336124999	0.023898928	0.0624820274	-0.0132938133	-0.0501090022	0.0175777443	-0.0546859353	-0.0789770813	0.0711343098	-0.0586347667	0.0422967282	-0.0231897558	0.0025646777	0.0182282956	-0.0378279629	0.0857578502178881	-0.0137965610406638	0.0001903450965487	0.0073544088739937	0.0602849327103172	-0.011188351352402	0.0036342731118874	0.0001251792059847	0.3777751525974295	0.0191108751451096	0.0003652255488119	0.1427140659200111	0.0003970486347759	0.0001488552675572	1.5764761837740607e-07	2.21578906795256e-08	0.0025211049422739	0.0003792978670897	6.355970129957885e-06	1.4386687197887154e-07	-0.0020209999098897	-0.0004402312623085	1.9380356431382328e-07	4.084440635774175e-06	0.0	0.0
1611.9749436194668	-4.837791783892726	23.404229344299964	2598463.218856984	2236.372637966824	12.802062714582007	5001362.575846692	163.89280974809083	1708.4120470081675	-1.8498155628553832	3.4218176165819782	2918671.722362637	1802.876665412536	1555.384539724124	1.019187	28.061987	0.0343893100635925	0.0217947195578483	0.0274875335	0.0399918015	-0.0873123566	0.0178008518	0.0001892186	-0.0887831255	-0.0364358357	-0.0135143614	0.021479353	-0.0741850272	-0.096313607	0.0208725636	0.0449904348	0.0874790485	0.1090219743	0.0448233138	-0.0060113172	-0.0989088453	0.0533070403	0.0574135794	-0.0192837384	-0.1365695103	0.0416354272	0.0229064536	0.1124474825	0.0054603252	0.0942703379	-0.0455956738	0.0393784691	0.015581435	-0.0235712622	-0.0120948229	0.0380063329	-0.0457465859	-0.0315534963	-0.0170691454	-0.08975096	0.0599412057	0.0198598673	0.0180536705	-0.0337715801	0.0262657958	0.0397185487	0.0057104819	0.0388336663	-0.010703783	-0.0395934797	0.0349586968	-0.0166246434	-0.0477727139	-0.0355624525	-0.0476391034	0.0577547461	0.1044728935	-0.0516242908	0.0129413872	0.0451618266	-0.0682793321	0.1202106499	-0.0148067816	0.0101697344	-0.0700769454	0.0152362085	0.0017400492	-0.0359236786	-0.0818594104	0.0663665262	0.0068144899	0.0805108789	0.077295553	-0.0588993755	-0.0350326455	-0.0898087026	-0.0148801455	-0.0588820016	-0.043779264	0.0682996395	-0.000474106	-0.0461124924	0.0061703841	-0.0228342887	-0.0547208243	0.1029324894	-0.0361092962	0.0102905125	-0.0097217842	0.0010892371	-0.1586781255	0.0926169563	0.0132509846	0.0588128672	-0.0172640607	-0.0078804797	0.0533769296	0.0835607112	0.0094885451	0.0538616006	0.0242942205	0.0476473576	-0.0182556293	0.0076752481	-0.0070155563	-0.1274560453	-0.0337072382	0.0420737012	0.0027046527	0.021085234	0.0513875193	0.0434256744	-0.0120157662	0.0002711356	-0.0210340169	-0.0756412943	-0.0154069954	0.0234206799	0.0367725346	-0.0086389892	0.0436231248	0.0192034352	-0.0942135243	-0.0300341141	-0.0357971523	0.1062797907	-0.0063991204	0.0522835967	0.0779555423	-0.0282582744	0.0132544537	0.0196798726	-0.0469789603	0.0077706653	-0.0263986132	0.010612169	0.0531461104	-0.0550625684	-0.0784828671	0.0876588772	0.0619300881	-0.0119559716	0.084950105	-0.0255128113	-0.0310885301	0.0276780524	0.0493268472	-0.011028851	0.0146940375	-0.0035256351	-0.0003967548	0.0152490191	-0.0437149081	0.0437757742	-0.0516266511	-0.1144865157	0.0304127428	-0.0451400077	0.0477785563	-0.003640145	0.048232243	-0.0511746805	0.0599967592	0.0484919167	-0.0042700875	0.0519826093	-0.0543735465	0.0282064154	0.1173461901	-0.0229948905	-0.0791897184	0.0719581255	-0.060390626	0.0451842308	-0.0272552159	0.0076839116	0.0123503943	-0.0316405151	0.0837345109963934	-0.0020233392214947	4.093901605238821e-06	0.0070114683318051	0.0672127967597191	0.0069278640494018	0.0045175600482633	4.799530028699527e-05	0.3986528396405404	0.0208776870431108	0.00043587781627	0.1589240865534664	0.0004770624869961	8.001385222019999e-05	2.275886164989041e-07	6.402216547116003e-09	0.0025210163558537	-8.858642020024426e-08	6.355523466481868e-06	7.847553843894245e-15	-0.002032105866241	-1.1105956351300204e-05	1.2334226647698534e-10	4.129454251611085e-06	0.0	0.0
1609.0733569949816	-2.9015866244851622	8.419204939391198	2589117.0681910994	2218.1286309075463	-18.24400705927792	4920094.6232517855	332.84379357898257	1707.5120181551847	-0.900028852982814	0.8100519362015598	2915597.292144392	1795.3042921259	1543.979496491261	1.063158	29.272671	0.0327350871112532	0.0187950283620971	0.0216224455	0.0704144092	0.036332901	0.0552937586	-0.0106524394	0.0044949864	-0.0409927619	0.0666529142	-0.0757911359	-0.0880508596	0.0750103503	0.051368467	0.0743575172	0.017891273	-0.0120182867	0.0165517295	0.0101315131	-0.0214385652	0.0360098692	-0.0425333521	-0.1286549207	0.0317924553	0.0877779397	-0.0153457692	-0.0187838528	0.0764344123	-0.0011854924	-0.0389205291	-0.0326835775	0.0623852824	0.0222519798	0.0600536672	-0.0640731663	0.0823654091	-0.0271233197	-0.0288580958	-0.0506846211	0.0912719119	0.063823048	-0.0469882005	-0.0115423222	0.049716553	0.0171941847	-0.0255733014	-0.0463164176	0.0103195542	-0.0765107166	-0.0484190863	-0.0158359785	0.134258001	0.0639439335	-0.0552190967	-0.0234921553	0.0102802234	-0.0310512212	0.0298951066	-0.0702730108	-0.0200456634	-0.0748719778	0.0109772867	0.0111072827	0.0601362274	-0.0057576198	-0.0860627743	0.0789607256	-0.0780721791	0.0713568794	-0.0055810571	0.0003438039	-0.0232126753	-0.0492536192	0.0944583238	-0.0538014114	-0.09715595	-0.0646326349	0.0608903625	-0.0467118916	0.020799122	-0.0035337492	-0.0131680331	-0.0695362936	0.0855845877	0.0453250724	0.0439136425	-0.0094989352	-0.015073243	-0.1281570347	0.0277549373	0.0111647894	0.0326943961	0.0888214332	-0.012003766	0.009466174	0.0397540319	0.0401881025	0.0528689951	-0.1461575163	-0.044975557	0.0218122389	0.0369843356	-0.1125590305	0.0407418925	-0.0863880842	0.0319685371	0.0835156371	0.0383453146	0.0529580695	0.007802501	0.0154606732	-0.0172551297	-0.0527595562	-0.018960136	0.1335432183	-0.0461557397	-0.0429638513	-0.0422966808	0.0557472022	-0.0173703742	0.0322625571	-0.0104942283	0.0652543855	-0.0040013381	0.0120179744	0.0976759254	0.0294991594	-0.0976901614	0.0393228016	0.0306902018	0.0701370814	0.0122565172	0.0171073671	-0.082393399	-0.0235706392	0.0310915599	0.0359416832	-0.0163056232	0.0052194733	0.0604758936	-0.0921162072	-0.0211271513	-0.0224892683	0.1448221714	0.0424376044	0.0830803888	0.0092009566	0.030248934	0.0415727632	0.0076256352	0.0456284895	0.0709953435	0.0189603978	-0.0632071757	-0.0904387049	-0.0088038279	-0.0036046163	0.0272720834	0.0545317479	0.0732937045	-0.0403949776	-0.0983344387	-0.0077867563	0.005118751	0.0073041154	0.0120067036	-0.0440978518	-0.1216923759	-0.0124461785	-0.0793936715	0.0727503781	-0.0620868871	0.0479924649	-0.0312459714	0.0127728206	0.0064061583	-0.0252311319	0.0859619779855052	0.0022274669891118	4.961609187582804e-06	0.0073894616591804	0.0648127639183258	-0.0024000328413932	0.0042006943667326	5.760157639766391e-06	0.3819651783199873	-0.0166876613205531	0.0002784780403494	0.1458973974490196	0.0003968759667495	-8.018652024660003e-05	1.5751053298335026e-07	6.429878029258396e-09	0.0025211320179132	1.1566205950028913e-07	6.3561066517470844e-06	1.3377712007848422e-14	-0.0018840095293432	0.0001480963368978	2.1932525002546723e-08	3.549491906655986e-06	0.0	0.0
1608.3169257362094	-0.7564312587721815	0.5721882492476671	2586683.333609572	2219.134627953773	1.0059970462266392	4924558.49698353	1.0120300570167229	1710.5595571067115	3.0475389515268034	9.28749366107309	2926013.998409109	1796.8483787010705	1509.271103620238	1.094071	30.123816	0.051849721204372	0.0245535801617667	0.0350553886	0.0462407069	-0.0560871895	-0.0768666182	-0.071677697	-0.0041378839	-0.0666003347	-0.0431923776	-0.0018199797	-0.1360401311	0.0057019312	-0.0493486389	0.0202489768	-0.0293439387	-0.0200611333	0.0234199431	0.0688004068	-0.0408534864	0.0987715539	0.0642938017	0.0007913629	0.0311947726	0.0516911507	-0.0283753276	0.0579303608	-0.0465094663	-0.1441979111	-0.0002608031	0.127260061	-0.0828599704	0.0463622541	-0.0646937126	-0.0799546427	0.0421827848	0.0117192273	-0.076250862	0.0409972432	-0.0046315972	-0.0561667517	-0.0781543563	0.0169271591	0.0036024148	0.0540406138	-0.1235060488	-0.115428288	0.1307598449	-0.0026424935	0.0783736359	0.0567472992	-0.0499924468	0.0321895929	-0.0324037874	0.0010642654	-0.0580677169	0.04439689	-0.0723173895	0.0081221164	0.0103183552	0.005407683	0.0596198095	0.0323704142	0.0333128714	-0.0222943974	-0.0442067794	-0.0022353726	0.0496348101	-0.0403290682	-0.0230042918	0.0088180941	0.0010296867	0.0608232433	-0.0620802554	-0.0396248568	0.0409058341	0.0376501751	-0.033054407	0.0103185213	0.0444697995	0.0878654053	0.0415924217	0.0460759754	0.0069248031	-0.0194149743	-0.0473932056	0.0089809419	-0.0479543264	-0.0949472889	-0.0238891757	-0.0121981904	-0.0180505482	0.0603976589	0.0987749566	-0.0964318275	0.0549612454	-0.0714957745	0.0006888289	0.0428811601	-0.0070251408	-0.1364777482	-0.1115568271	0.0547914571	-0.1065794675	0.027525908	0.0220587416	-0.049070512	-0.0727150222	0.0527672709	-0.0238070728	-0.0320109046	-0.0624772935	-0.0431162433	0.0006800606	-0.1408550877	0.0971804383	-0.0436386355	-0.0047073975	0.039251166	-0.1421505847	0.0245670954	0.0085212614	-0.128255825	-0.018127978	-0.0623681588	-0.0020710584	-0.0444911799	0.0709940108	0.0166948063	0.0599785019	0.0703031803	0.0387931647	-0.0859006311	-0.0064213973	-0.0040105918	0.0115096186	0.0461041237	0.0061046853	-0.079608556	-0.0584111028	-0.0217544849	-0.0322685423	-0.068920372	0.0029331386	-0.0051241617	0.0408991136	0.0526156686	0.0251263576	0.0626516168	0.0420464907	-0.0687453376	-0.0036162443	0.0341664929	-0.006185046	-0.0207179465	-0.0079772092	0.0560006015	0.1140733673	0.0388381378	0.0818947432	-0.0175073575	0.0449656826	0.1413524622	-0.0473369067	-0.0205784744	-0.0963357014	-0.1047056568	0.0707608222	-0.015191674	-0.0795889182	0.0735107199	-0.0637218759	0.0507165039	-0.0351510839	0.0178113211	0.0004275147	-0.0186447705	0.0996176806450819	0.0136557026595767	0.0001864782151267	0.0099236822971055	0.077528175910345	0.0127154119920191	0.0060106180599853	0.0001616817021267	0.3713124574226611	-0.0106527208973261	0.0001134804625163	0.1378729410372555	0.0003968998531348	2.388638529999361e-08	1.575294934184258e-07	5.705594026997506e-16	0.0023676027727677	-0.0001535292451455	5.6055428896173015e-06	2.3571229114947086e-08	-0.0020269741109214	-0.0001429645815782	2.0438871585829824e-08	4.108624046345601e-06	0.0	0.0
1609.3658918288854	1.0489660926759825	1.1003298635839178	2590058.573782184	2212.2617907331664	-6.872837220606471	4894102.230737916	47.23589146095368	1706.577565474077	-3.9819916326346174	15.856257362372103	2912406.9869794277	1795.7422955074435	1539.6238733089017	1.133098	31.198387	0.11604111135485	0.0606717849760455	-0.0059526492	0.0418780455	-0.0052701003	0.0360734657	0.0529994895	0.0412457699	0.0803544193	-0.0792599577	-0.0636446368	0.006503175	-0.0172790993	-0.034220414	-0.0121212143	0.0043702077	-0.0106982126	-0.0340541892	-0.046877879	-0.0463142623	0.0128409975	0.0368823282	-0.0356380104	0.0757898612	7.2665e-06	-0.0405604985	0.0026226876	-0.0592477373	0.0709907057	-0.0944371716	-0.0385988155	-0.0386679057	-0.0997708387	-0.0241854931	0.0022475122	-0.0053088675	0.0782935929	0.0146073883	0.0383364832	0.0431911446	0.0122808463	0.0219087538	-0.0220609193	0.0119361509	0.0569259205	-0.0824833262	0.0697633574	0.0144582907	0.0232768006	-0.0240169476	0.0673643943	-0.071295656	0.0387852406	-0.0271871363	-0.0234742193	-0.0482516937	0.012567445	-0.0515781874	0.049439468	0.0592193043	0.0217221367	-0.1523942174	0.021991292	-0.0195887879	0.1676321475	0.0140541326	0.0040608332	0.0308751319	0.0615741486	0.0067719935	-0.0673891858	0.0668365145	-0.0505691091	0.0315614116	0.0361297548	-0.1288681329	0.0464441168	0.08169756	-0.0318758993	-0.0081062159	0.0212080517	-0.0381205798	-0.1176549431	-0.0076062291	0.0240542078	-0.043506208	-0.0185224005	0.0022620659	0.0226323543	-0.0317657607	-0.040494914	0.0505147794	-0.0664238905	-0.0342807406	-0.0902624354	-0.0522287023	0.0565659198	0.049406685	0.0217085412	-0.0523331791	-0.0066016282	0.061256425	-0.0736221329	-0.0534559607	0.0453216641	-0.0652924698	-0.0501358558	-0.018638162	0.0040429125	0.000557987	-0.0062308668	0.0314924067	-0.0315038233	0.0100035079	0.0281640154	-0.0029320316	-0.0045238768	-0.0342649115	0.0776761866	0.0536980774	-0.0879563185	0.0084578154	0.0427820155	0.004166431	0.1172336616	0.0397035738	-0.114267395	-0.0405107813	-0.0639309981	-0.097286752	0.0177710964	0.0596821227	0.0022819992	-0.1306169376	-0.0401039753	0.0643224155	-0.048063816	0.0261538675	0.0012065871	-0.0247862214	-0.0047737705	0.1491479944	0.1250756845	-0.0662193398	0.0669901251	0.0205061561	-0.0811129386	0.0327856134	-0.008981125	-0.0071680093	0.0146351305	0.0225281497	0.1084082227	0.0041378344	0.028852422	-0.0737026514	-0.0948554889	-0.043680771	0.0484183375	0.0334503555	0.0399720259	-0.0769761268	-0.039691944	-0.0325383879	0.0764029215	-0.0895821382	0.0288777032	0.0916187224	-0.0484463058	-0.0797754371	0.0742388174	-0.0652939789	0.0533515689	-0.0389598496	0.0227795284	-0.0055534252	-0.0119276293	0.0732908174680631	-0.0263268631770188	0.0006931037247414	0.0053715439251369	0.0586966490130151	-0.0188315268973299	0.003445296605357	0.0003546264052848	0.413784713661343	0.0424722562386818	0.0018038925500042	0.1712177892597996	-4.7732083059189175e-05	-0.0004446319361939	2.278351753169334e-09	1.9769755868361566e-07	0.0022920504880761	-7.555228469160015e-05	5.253495439889888e-06	5.708147722120598e-09	-0.0019789490309706	4.802507995080004e-05	2.3064083042807357e-09	3.916239267179477e-06	0.0	0.0
1614.7527611820824	5.386869353196971	29.018361428412756	2607426.4797451594	2218.436053767867	6.174263034700744	4921458.524657147	38.12152402167203	1709.0278766424003	2.450311168323424	6.004024821610502	2920776.283140832	1795.7043246664564	1554.9687801635891	0.990234	27.264797	0.1174786593425182	0.0625079567972739	0.0275106499	0.0213726338	0.0270462185	0.0426016807	0.0393288932	-0.0321458984	0.0587014163	0.0941085509	0.0166138121	-0.005662065	0.025742699	-0.0022965559	0.034586451	-0.0173761323	-0.0320567185	-0.0503326046	-0.0313982865	-0.0371766965	0.0839945255	-0.0581905656	0.037301845	0.0892782467	0.028652568	-0.0257652666	-0.0619089652	0.0189984446	-0.0867453437	0.0169890966	-0.1136579993	-0.0787549631	-0.0731715183	0.0459676323	0.077563953	0.033783969	-0.0115250286	-0.1212294836	-0.0666675086	0.0258056708	0.0718662208	0.0692248504	0.0626268942	-0.0275846079	-0.0529589826	-0.042349262	-0.0208927385	0.0447067552	-0.0413815363	0.0808579337	-0.0537318909	0.0041062512	-0.0382982637	-0.0091997857	0.0424388753	-0.1488779079	-0.0015021413	0.0557384444	-0.0169868653	-0.0441574198	0.0298689008	0.0250679451	-0.005925261	-0.0621754918	0.100431584	-0.0380309612	0.0085945157	-0.0811132465	-0.0276388848	0.0279938141	-0.0413959673	-0.0017681252	-0.0328868945	-0.0354773319	0.019306775	0.0082610181	-0.0096766619	0.06086625	-0.0058307434	0.0071064437	0.0582759485	-0.0706185403	-0.0240458276	-0.0396784257	0.0908972857	0.0763653927	-0.0031818068	-0.0055686388	-0.0376999225	0.0015467573	0.0415380301	0.0245985284	-0.0034027318	0.0713815041	-0.0913129486	-0.1336530368	-0.0077541374	0.0182856684	-0.0505774195	0.0155731303	0.1087960369	0.0480296598	0.0815140371	-0.0931304851	-0.030252931	0.0250896058	0.0692231708	0.0754826829	0.0518904717	-0.0449896291	0.1011414693	-0.0806280504	-0.0093373882	0.1100578273	-0.047008285	0.0517585621	0.0560185706	-0.0186674561	-0.0245529493	0.0516669853	-0.013472118	0.1077239888	0.0117404111	0.0230948247	0.0264764634	0.0339967343	-0.0133409943	-0.0205338714	0.065640463	-0.0072830879	-0.0578887177	-0.047036432	-0.0631236217	-0.1139868995	-0.009646255	-0.0384066761	0.1015470235	0.0016873996	-0.0336389313	0.0279262304	-0.1400144085	0.0525509824	0.0677161247	0.039015763	0.0026492346	0.0126092142	0.0298375761	0.0576201786	0.0475227796	0.0305963477	0.0331446407	-0.0101289408	0.0408681812	-0.025779044	-0.0295253228	-0.0519814783	-0.0628367867	0.0139258766	-0.0300575994	0.0764756122	0.1112340162	0.0119202833	-0.0023749833	0.0286673521	-0.0810426823	-0.0357841427	-0.1386221322	-0.0268916521	0.0159172832	-0.0799532077	0.0749343514	-0.0668016447	0.0558930371	-0.0426618292	0.0276578354	-0.0115045374	-0.0051268245	0.0843369251775101	0.011046107709447	0.0001220164955287	0.0071127169483969	0.06884443286431	0.0101477838512948	0.0047395559364084	0.0001029775170926	0.3638693054749211	-0.0499154081864219	0.0024915479744171	0.1324008714668014	0.0004647614291189	0.000512493512178	2.160031859966423e-07	2.626496000246332e-07	0.0025210891193592	0.0002290386312831	6.3558903477513456e-06	5.245869462003584e-08	-0.0017930939825247	0.0001858550484459	3.4542099032827855e-08	3.215186030166289e-06	0.0	0.0
1613.5932901905387	-1.1594709915436852	1.3443729802312965	2603683.306147928	2231.953631892867	13.517578125	4981617.014919761	182.7249183654785	1709.6471411132814	0.6192644708810349	0.3834884848955681	2922893.3471168163	1793.6319792750198	1522.8149211986015	1.108684	30.526163	0.176130323828139	0.0920203472763004	0.0205408824	-0.0026572626	-0.0378794806	0.0293253437	-0.0851379398	0.0240190765	-0.1237133493	-0.0573510266	0.1688522774	0.1183252996	-0.1030698049	0.121665862	-0.0640931279	0.1318915855	0.0233038552	-0.0130612978	0.1014576095	0.01154196	0.0717855086	-0.0284836404	0.0018303516	0.0747137467	-0.0027250231	-0.0534236382	0.0402924239	-0.0241915557	0.0350567861	-0.0319981888	0.1071176777	-0.0432741115	-0.2082856692	0.0072258912	-0.0629222126	0.0417627066	-0.0318862498	0.0098158688	0.1324448629	0.0153543232	0.0047239564	-0.0797184789	0.0562487325	-0.043687076	-0.0170566254	0.0494136886	0.0366791883	-0.0736850639	0.0094279378	0.0326595466	0.0499341708	-0.0211721364	0.0690661892	-0.0606396772	0.0357343815	0.0580252227	0.0416035341	-0.0872821169	-0.0068882848	0.0077795897	0.0437956483	0.0949428446	-0.0185490877	-0.0085633806	0.0294577487	0.0363135714	0.0302164687	0.0243971536	0.0152975094	-0.0084452403	-5.3042e-05	-0.0791587905	-0.10074053	-0.0014309247	0.0684619368	0.0155133186	-0.0730777312	0.0064137435	-0.0236031111	-0.0767168289	-0.0094646417	0.0613923429	-0.0150047974	-0.0710958043	0.0386509718	-0.0098177595	-0.0408901428	-0.0502263447	0.1133492803	-0.0077614149	0.0100562761	0.0801686465	-0.0106069108	0.0124778509	-0.0977879116	-0.067680382	0.0622142502	0.0865542055	0.1913462645	-0.1680152836	-0.1566418425	-0.0028866647	0.1194663321	0.0668322454	-0.0627282439	-0.0293123096	0.0144193337	-0.0734548309	0.079574001	-0.0557501672	-0.0588903987	0.0523706867	-0.0645185991	0.0087027683	0.0420017659	0.0226551944	-0.0800400801	-0.061605134	-0.1079504633	0.0371846253	-0.1108269573	-0.058797976	-0.007964918	-0.0499863104	-0.0445769085	0.0139093556	-0.01417587	0.0218448107	-0.0069513394	0.0724265555	-0.0419562093	0.0799970086	-0.0246467593	-0.0066229984	0.016089977	-0.0480566031	-0.0399128331	0.0340203587	0.0522205212	0.0262801566	-0.0266316113	0.0370016155	0.0552057944	0.0152253937	0.0504699533	0.0334477639	-0.0702741693	-0.0357994333	7.67466e-05	-0.0703194254	0.0094466205	-0.0281272417	0.0585772861	0.0262014937	-0.1651276019	-0.0063691202	-0.0367286981	0.0879930237	0.1028213973	-0.0239426921	0.0629004771	-0.0590917592	0.0208140239	-0.0449336961	0.06528858	-0.038413056	0.0701659334	0.174000599	0.0252218026	-0.0801222105	0.0755970167	-0.0682433853	0.05833645	-0.0462468756	0.0324269895	-0.0173938582	0.0017099414	0.0613268170870213	-0.0230101080904888	0.0005294650743359	0.0037609784940249	0.0304353170413662	-0.0384091158229438	0.0009263085234084	0.0014752601783003	0.4334396621853074	0.0695703567103863	0.0048400345328103	0.1878699407553133	-3.122705609700182e-05	-0.0004959884852159	9.751290324852982e-10	2.4600457746676485e-07	0.0025220438103321	9.546909729000498e-07	6.360704981234457e-06	9.114348537368436e-13	-0.0021989656704223	-0.0004058716878975	1.6473182703684678e-07	4.835450019695795e-06	0.0	0.0
1618.8073126914062	5.214022500867486	27.186030639552435	2620537.1156231724	2225.574563612318	-6.379068280549291	4953182.13819816	40.692512127910085	1717.7756769353691	8.12853582208777	66.07309461096409	2950753.276270766	1803.1594571409864	1565.838221129626	1.340234	36.901604	0.1378618925647431	0.0752539512314716	-0.0603792137	-0.1224267467	0.0652850287	0.0628372057	0.0377225293	-0.1781218864	0.0633771419	0.1326737564	-0.0069647608	0.021692508	-0.1147376539	0.024812569	-0.067017891	-0.0031582849	0.025019917	0.0062652068	0.0236452665	-0.0593063466	-0.1235230537	0.0401807054	-0.0445037639	0.0429068825	-0.2057045557	-0.0581593488	0.0103620215	0.1006161535	-0.0713233451	0.0252365707	0.0209109888	-0.1246107463	-0.0266049623	-0.0041219015	-0.0475714414	0.0285649788	-0.0655014974	-0.0135573846	0.0804448399	0.0358583388	0.0932285761	-0.0196927884	-0.1342826846	-0.0111711098	-0.0729612361	0.004087407	0.0348889535	0.0336659246	0.0336419919	0.026888565	-0.1038206073	0.056362877	-0.0840018663	0.0604122445	0.053585667	-0.014179755	-0.093054289	-0.0360109665	0.0647653808	0.0851603386	-0.0063392198	0.032485431	0.0850434441	0.0597150523	0.058481892	0.0146303874	-0.0447312936	0.0415636085	0.0418160414	0.1269590575	0.0460640525	0.0875348577	0.0071569866	0.0515264716	0.0698995602	0.0929887502	0.0209570712	-0.0437528099	0.0269904501	-0.0276572997	0.0315040174	-0.0467916624	0.0581272825	0.0137457008	0.1203512571	0.0463786593	0.1426837452	0.203877664	0.0402719596	0.0120660856	0.1177310814	0.0511190445	0.0515104588	-0.0073076341	-0.0533677568	-0.1491057963	-0.1715639065	-0.0026617977	0.0398391983	0.0409137921	0.0194004968	-0.0931518208	-0.0647628803	-0.0387206142	-0.0666921434	0.0079695662	0.0888983084	0.1260455703	0.0680762061	-0.058456796	-0.0663528541	-0.0780992116	0.0340724112	-0.0483562671	-0.0595974143	0.0221411246	0.0591892305	-0.0290715798	0.0051316485	0.0600048007	-0.0180359005	0.0047914688	0.0816273696	-0.0118881844	0.0216944578	-0.0010828467	-0.0191488275	-0.0569615955	0.0225178721	0.022019992	-0.027554104	0.02710899	-0.0124787399	0.0721895654	0.0900028503	0.0551772924	-0.0869034395	-0.0153998817	-0.0028730002	-0.0355877251	0.0210506485	0.0730737441	-0.0514116663	0.0203339879	-0.0475983047	-0.2431927464	0.0268894138	0.0790531835	-0.0447032304	0.0169839346	0.1126427124	0.0302415297	0.0555048747	0.1963285873	-0.053180064	-0.0534209837	-0.1125005681	0.0760578622	0.0464406691	0.158580202	-0.0546131242	0.0272121608	-0.0427460278	-0.0123475471	-0.1025506541	-0.0489060813	0.0428465248	0.0754214734	0.0302058137	-0.080282427	0.0762265226	-0.0696177779	0.0606775209	-0.0497051625	0.0370681691	-0.0231897558	0.0085347133	0.0566613492986647	-0.0046654677883566	2.176658968419304e-05	0.0032105085043452	0.0475036776963406	0.0170683606549744	0.0022565993946778	0.0002913289354482	0.4945402894688797	0.0611006272835722	0.003733286654446	0.2445700979079633	-0.0006272792322504	-0.0005960521761533	3.934792352126513e-07	3.552781966972016e-07	0.0021036677898429	-0.0004183760204892	4.425418170022511e-06	1.750384945203795e-07	-0.0021128451303081	8.612054011419975e-05	7.416747429561489e-09	4.464114544666653e-06	0.0	0.0
1620.4546019195088	1.647289228102636	2.7135618010229785	2625873.1168821137	2213.7513701434627	-11.823193468855152	4900695.128812059	139.78790380197913	1719.7080806107954	1.932403675426258	3.7341839648009114	2957395.882518066	1806.853877801508	1589.6618023780386	1.430265	39.380501	0.2930608095649457	0.1928825596559062	-0.0380974425	-0.2789453198	-0.0010310314	-0.0166053152	0.1597855247	-0.1567035526	0.0464961239	0.0024458087	0.0049590482	0.0718893521	-0.2819824746	-0.1055967642	-0.0024579446	-0.0194299976	0.0165526635	0.1348579219	-0.0199516766	-0.0092124342	-0.2720088528	0.0072316699	0.0455554205	-0.1144578976	-0.3249334073	-0.0938776608	0.0276228301	0.0762198933	0.2017161589	0.0906517348	0.0161726749	-0.2368319325	0.3112325643	0.0142321639	0.030985403	-0.0507129942	-0.1587246971	-0.0205703405	0.129142279	-0.0595126046	-0.0336209206	0.159318649	-0.0648492661	-0.0875176956	-0.0235061491	0.0112547823	-0.0467946499	-0.0564882056	-0.0200200282	-0.08272786	-0.1201617089	0.0758381824	0.0121764296	-0.032201058	-0.086105825	0.0010500515	0.0220594454	-0.0467837968	0.0293038741	-0.0884896115	-0.0231484525	0.04153075	0.0055466332	0.1008636123	-0.0889416761	0.0559189318	0.0734732808	-0.0127102587	0.1012026152	0.0329037561	-0.0274818107	-0.0662511743	0.0235939423	-0.0225586178	-0.034731511	0.014099278	-0.0741973351	-0.0341861621	-0.0335200135	-0.0099749096	0.0214596801	-0.0634595088	0.0091038071	0.0219996038	-0.0804417717	-0.0806607339	0.2418970472	0.2486266852	0.1941269778	-0.0351553053	-0.0885217777	0.0308122375	0.1084337687	-0.3355314338	0.1485456166	-0.0359231474	-0.2427809119	-0.1573409715	-0.0282124464	0.1940017079	0.0367642953	-0.1284322999	0.0567127239	0.0124723892	0.0279946199	0.0837844135	0.1412713165	0.0967799564	-0.0137272798	-0.0063309151	-0.0690952005	-0.0014702752	-0.0409795982	-0.0629733619	-0.0450260241	0.1005590229	0.0041971077	0.0425975957	-0.0722571409	-0.116010959	0.1708692584	-0.0532026945	0.0684586504	-0.0429269922	0.000761359	-0.0083369066	0.125083119	0.0366127798	0.0675936153	-0.0844892218	-0.0348735123	-0.0312086022	-0.0093232161	0.0348867409	-0.0422217615	-0.0504702756	0.0270087604	0.086366528	-0.0611558959	0.0105207315	-0.0108301617	0.0945216402	0.055981842	-0.0211446811	0.0451209906	-0.417466112	-0.085300377	0.01798535	-0.1501322905	0.177210764	0.0050071249	-0.0670281658	-0.2488037644	0.2108373157	0.034503064	-0.0646755492	-0.0751222565	0.0514368266	-0.0565464282	0.2801742368	-0.3009451115	0.3005728278	-0.2330640047	0.1554511291	0.0023430875	0.0267468241	-0.2000669064	-0.0044351587	-0.0772413385	-0.0804338397	0.0768225931	-0.0709234662	0.0629121428	-0.0530272111	0.0415630576	-0.0288611001	0.0152996203	0.0948613018834692	0.0381999525848045	0.0014592363774813	0.0089986665950266	0.024279408618355	-0.0232242690779855	0.000589489682857	0.0005393666742066	0.6804221800383203	0.1858818905694406	0.0345520772416695	0.4629743430881004	-0.0008819236957329	-0.0002546444634824	7.777894050951767e-07	6.484380278229024e-08	0.001711815809376	-0.0003918519804668	2.93031336522961e-06	1.535479745958317e-07	-0.0018442476276032	0.0002685975027049	7.21446184593089e-08	3.401249311920031e-06	0.0	0.0
1617.5851971526968	-2.8694047668120675	8.233483715803816	2616581.8700475288	2205.253855889154	-8.497514254308953	4863144.56891398	72.20774850218385	1712.6519096235795	-7.056170987215864	49.78954900082691	2933176.5635372936	1802.1146135339209	1592.3296938978854	1.518424	41.807827	0.2896379770029459	0.1749363837793956	0.0172100066	-0.1318793632	0.100841353	0.0413503862	0.1290630653	-0.1591305642	0.0371834304	0.1090453264	-0.1275224025	0.0190248707	-0.1189218895	0.0319066062	0.0384044153	-0.0825697783	-0.0107223457	-0.0789211138	-0.0244497912	-0.0192837506	-0.193020409	-0.1202041741	-0.1080190174	-0.0709702292	-0.1930594513	-0.1053718984	-0.0784404264	0.0001575294	0.0339853382	-0.0007093455	-0.0958959887	0.0128406845	0.134545675	-0.0578276549	-0.0201574877	0.0165840849	0.0903611327	-0.0090483703	-0.0910145646	0.0561192046	-0.0552936236	-0.0427208368	-0.0406124264	-0.0010740446	-0.0057855013	0.0618233218	0.0174144281	-0.0506317714	-0.1494093037	0.0018141297	0.0851570159	0.0049570226	0.0834838479	0.0227672561	0.1191179304	-0.0938257925	-0.0638782976	0.0724331449	0.024141939	0.0274586167	-0.0756521379	-0.0058066313	-0.0692417655	-0.0282138292	-0.0170728482	-0.0501989231	0.0294751068	-0.017559661	-0.0350476699	-0.0006966482	0.0757830733	0.0150056084	-0.0225392015	-0.052980424	-0.0582100531	0.0256607409	0.047320257	-0.0694117201	-0.0297164606	0.0162858346	0.003033724	-0.0026543778	-0.0062326548	-0.068433074	-0.0408416696	0.0102792148	0.1214228708	0.1809806267	0.039537304	0.0615145413	0.0131928055	-0.0139419509	0.0189567196	-0.0606874901	0.1360118335	-0.0700207748	0.0803202068	0.0617606915	-0.1709502156	-0.0582116381	-0.0254564862	0.0947973995	-0.1496348634	-0.0215963731	-0.0214015609	0.002347891	-0.115286123	-0.0410311913	-0.014275247	0.0652200964	-0.0305619149	-0.0182707479	-0.1024742933	0.1158347458	-0.0021061676	0.0340884702	-0.0103983858	-0.0746329469	-0.0381923731	-0.094509376	-0.0581759486	-0.0146277823	0.0065624449	-0.0272163528	-0.2031948807	0.0662283541	-0.039559416	0.0342845386	-0.1033223802	-0.019367734	0.041240679	-0.0290048627	0.0829378326	-0.0020900065	-0.0062547421	0.0020393739	0.0178377378	-0.0799987878	-0.0259595125	0.0657977603	-0.0875801107	-0.1500409278	-0.0756833106	0.01608954	-0.0112425083	-0.2186138766	0.0184641088	-0.0062058657	-0.0924209919	0.1454988952	0.1334722476	-0.0069710276	-0.061259798	-0.1732205833	-0.0280211755	-0.0043585268	-0.0372867186	-0.0695089247	-0.0307321218	0.0697114008	0.2023862196	-0.3140365944	0.0840160134	0.0762155092	-0.0694689315	0.1272601736	0.2447467038	-0.0892397494	0.0200697516	-0.0805764318	0.0773849666	-0.0721591615	0.0650363955	-0.0562039158	0.0458939156	-0.0343774302	0.0219572114	0.1538703873462452	0.059009085462776	0.0034820721671532	0.0236760961020835	0.0464054685261317	0.0221260599077766	0.0021534675091297	0.0004895625270425	0.5549908321532371	-0.1254313478850832	0.0157330230322687	0.3080148237741426	0.0007461007600606	0.0016280244557935	5.566663441630051e-07	2.6504636286617217e-06	0.0017078027161019	-4.013093274100009e-06	2.916590117125027e-06	1.610491762662673e-11	-0.0018736397534818	-2.9392125878600125e-05	8.63897063663475e-10	3.5105259258273403e-06	0.0	1.0
1605.019614410582	-12.565582742114657	157.8938696489297	2576087.962642694	2201.1399161163467	-4.113939772807044	4845016.930320678	16.924500454283667	1702.967019708807	-9.684889914772612	93.79709266126424	2900096.670215896	1799.7653105450306	1588.532363081153	1.326798	36.531662	0.219835195569599	0.1704442945149058	0.1019588153	0.0492133941	0.0289004219	0.0572694685	0.16346507	-0.0356668492	-0.0016755337	-0.0095049971	-0.2072124887	-0.1178492232	0.0149874617	-0.0438847935	0.1235820601	-0.086574136	0.0352635158	-0.1234417341	0.0555921026	0.0210368989	-0.0319786652	-0.0160302403	0.0968736295	-0.0662689254	0.0620961913	-0.0291187768	-0.0963665197	-0.0369089546	-0.0247375387	-0.0158106903	-0.0424593127	0.0455728147	-0.0484871107	-0.1375693867	0.1084450231	0.0435921862	0.0982562937	0.0337718295	0.0656902936	0.0460745206	-0.0310443712	0.0813979807	-0.0660661481	-0.0100293298	-0.0668172489	-0.0008407832	0.0882534809	-0.0154774636	-0.1127236227	-0.0170467229	0.0078522659	0.0575357743	0.0365464464	-0.0228282677	0.0450556017	-0.0442290715	-0.0385131249	0.1501205671	0.0760658594	0.0315163133	0.0328990592	0.0403005339	-0.017006287	-0.0515367526	-0.0571685661	0.0640941281	-0.0659059645	-0.0264028272	-0.0054105452	-0.0034015296	0.0549993013	0.0549358253	0.0417336203	-0.0367678961	-0.0462037463	-0.0158887131	-0.1448538804	0.0164160501	-0.0354572983	-0.0366354391	0.0510795916	0.0005780651	0.0941997281	-0.0466830338	-0.0721239849	-0.0325788261	0.02026921	0.023372211	-0.0895986364	-0.0955807896	-0.0568098307	-0.0740547348	0.0263607872	0.0466060535	0.1504155108	-0.1602257118	0.1303192406	0.0359711363	-0.324749458	-0.0617274394	-0.0438341373	-0.0196927928	-0.0642359275	0.0665263562	-0.0199659618	-0.1113029738	-0.0041416221	0.0913488518	-0.0148394297	-0.0216090575	0.0887615381	0.0861181192	-0.0340263649	0.052815437	-0.1303303059	0.0364013796	0.0330457808	-0.0267981416	-0.0186124661	-0.0580831876	0.0125772634	0.0828948317	0.0350740533	-0.0193611441	0.0508856906	-0.0018981374	0.0814364129	0.0235667217	-0.0626485955	0.0393607462	-0.0179090658	0.0299551943	0.040087374	-0.0564219689	-0.020296889	0.0382120439	0.0891598634	0.0033038935	0.0872748291	-0.0561368563	0.021546516	0.0095696949	0.0296262818	0.0125305942	-0.0031944947	0.0291346969	-0.0514679953	-0.0115936457	0.0098773683	0.1647298185	0.0020334248	0.0490291835	-0.013085133	-0.2173849417	-0.045668865	0.0649084436	-0.0329534032	0.1038518056	-0.2065668156	0.0709591171	0.0999569536	-0.0071111863	-0.0715259914	0.0154480098	-0.037886025	0.0425506618	-0.0102459806	-0.2158835913	0.058796294	-0.0807101879	0.0779133966	-0.0733236445	0.0670465522	-0.0592265694	0.0500436514	-0.0397091175	0.0284607885	0.1576782779763306	0.0038078906300854	1.4500031050692252e-05	0.0248624393455809	0.0408279741558743	-0.0055774943702573	0.0016669234736727	3.110844345025295e-05	0.3890516163821758	-0.1659392157710613	0.0275358233307148	0.1513611602095836	0.0012403758457026	0.0004942750856419	1.53853223860244e-06	2.443078602864063e-07	0.0020538733269981	0.0003460706108961	4.218395643354244e-06	1.19764867726069e-07	-0.0018237735540561	4.98661994257001e-05	2.486637845163693e-09	3.326149976474418e-06	0.0	0.0
1596.6000641720216	-8.419550238560532	70.88882621964471	2549131.764914104	2206.802936913187	5.663020796840101	4869979.202368667	32.06980454544349	1700.7630541992187	-2.203965509588216	4.857463967454442	2892594.9665290546	1787.98600191255	1522.316924638946	1.154487	31.787313	0.0859356289784656	0.0458690491192243	0.0626969564	0.1343290682	-0.0086522342	-0.0445499613	0.0342288521	-0.0135919187	-0.0371501043	-0.0020330212	-0.0241052915	-0.0766832845	0.0670891162	-0.07258958	0.0854306986	0.0407168897	-0.129818376	-0.1768357765	0.0799363768	-0.053391455	0.0319608685	-0.0088152173	0.0598251378	-0.1324238271	0.1323873145	-0.0089471145	-0.1412965209	-0.0860736715	-0.1030281533	-0.0953977751	0.0373287497	-0.1084970234	-0.1308913027	-0.0411193543	0.1322291022	-0.0227580016	0.014757863	-0.11844087	-0.0251055624	0.0594421415	0.1079509502	-0.0267787342	-0.0261584982	0.0105838791	-0.0403433811	0.0714139985	-0.0936196563	-0.0087757012	0.0128166518	-0.041174898	-0.0348223926	-0.0257680773	-0.0250526393	0.0842389977	-0.0776166002	-0.0092092837	0.0053040276	0.0302753099	0.0362169833	-0.0590970726	-0.063449589	0.0345000279	0.0444377653	0.0489023922	-0.1541209604	0.0075733037	0.0056109628	-0.0054667438	0.0483324726	0.049750916	0.0236804906	0.0290824658	-0.0301751505	-0.0390974216	-0.0562101362	-0.0106021305	0.0325929773	-0.0154259426	0.0001232612	0.0013058665	-0.0113041326	0.0363993598	-0.0537713745	0.1112783825	-0.0301399511	0.0316700805	-0.0575436237	-0.0708420812	-0.1143993664	-0.0386637469	-0.0806730008	0.0286546959	-0.0196667366	0.1060120381	-0.0030530054	-0.1526630349	0.0400631461	-0.0103537029	0.0235778775	0.033959255	-0.0769155816	-0.096406961	-0.0473253835	-0.0923630289	-0.1016095406	-0.0304365598	0.0375333013	-0.0984673524	0.0562273821	-0.043581312	0.0726767243	-4.23215e-05	-0.0073805813	0.0768937143	-0.0075916573	-0.0198647616	0.0649049805	0.0768474108	-0.0358887137	-0.0582140308	0.0529325449	0.021575874	0.1160742702	0.0443900177	-0.0965535047	-0.0626526448	0.0219190345	-0.0012360257	0.1155093748	0.0342255298	0.0097917035	-0.0201301955	0.0045146386	0.0968426506	-0.0115697886	-0.0425351101	-0.120558566	-0.0073782612	-0.058930481	-0.0290967096	0.0050901803	0.0389108691	-0.0607771716	-0.0745500428	-0.0007889931	0.0966534551	0.0235057247	-0.0230576844	-0.0149797351	0.1299936254	-0.0377630676	0.0556206856	0.0880465539	-0.0860916839	-0.0792625518	0.0346271093	-0.0066408552	0.0956502493	-0.0133844157	0.0786785524	0.0777075952	-0.0516642372	0.0922746599	-0.053207566	-0.046315834	-0.0129726425	-0.0132734118	0.0201484619	0.0598252787	-0.0808350932	0.0784076511	-0.0744157659	0.0689390864	-0.0620868871	0.0539958877	-0.0448275254	0.0347647336	0.1174556810958051	-0.0402225968805255	0.0016178572998132	0.0137958370216794	0.0610103318814907	0.0201823577256164	0.0037222605962896	0.0004073275633647	0.380271043524317	-0.0087805728578587	7.709845971216613e-05	0.144606066543073	0.0011589598071555	-8.141603854709993e-05	1.3431878346019135e-06	6.628571332702861e-09	0.0022349843843261	0.000181111057328	4.995155198181517e-06	3.2801215086466205e-08	-0.0017512986196419	7.247493441419998e-05	5.2526161183425895e-09	3.067046855159624e-06	0.0	0.0
1591.2861655663676	-5.313898605654003	28.23751839117156	2532191.660722913	2213.9495263890835	7.14658947589669	4901572.505398448	51.07374113699732	1703.122752352628	2.3596981534092265	5.568175375202913	2900627.1095811906	1796.564929360596	1515.4114401308464	1.076725	29.646221	0.1344120681426119	0.0895192538342241	0.0264489911	0.1099363171	0.0233966905	-0.1030165434	0.1486289126	0.009517558	-0.0009572607	-0.0410673069	-0.0698633618	-0.1327860617	-0.0105436639	-0.0434367212	0.0509673797	0.1419762025	-0.0592571702	0.091013144	-0.1575241529	-0.0502120399	-0.0380117546	0.0701081019	0.1168416055	0.0527730304	0.0821894771	-0.0007357736	-0.0444765205	-0.0610838949	0.0081542655	-0.1276590135	-0.0217820011	-0.0315400964	-0.0953867984	0.0800439442	0.0221875527	-0.0296648847	-0.0536673655	0.0191307002	0.1321596112	0.0198125914	-0.0598559799	0.1348143005	-0.0584327445	-0.0210086697	0.0441901561	-0.0186515594	-0.0822611681	0.0452395257	0.0532047069	0.0246922685	-0.0001600222	0.0778967307	-0.0113339671	0.0614451344	0.1176534095	0.0289893556	-0.0451168584	-0.0456377075	0.0500662079	0.0666868656	0.0560212941	0.0166809354	-0.0641247091	0.0018651667	0.0308684386	0.0279760252	0.0437309472	0.0620429496	0.0850992722	-0.0394084116	-0.0804180168	-0.0239839313	0.0526702995	0.0721168738	0.0951595118	-0.0038405268	-0.0226002305	0.0058017813	-0.0361766523	0.0228096739	-0.0002228934	-0.020566078	0.0730238864	-0.0303807474	-0.0382778886	-0.0476269944	0.0061812305	-0.0063344527	-0.0960652898	-0.1538961683	-0.0734525383	0.0717014244	-0.0732646495	0.0278305776	-0.0274759759	-0.0069708132	-0.0426923303	0.0392324803	0.0324410242	0.1274938968	-0.0347121766	0.0539666524	-0.1238045349	-0.0512225186	-0.0395054491	0.0664141554	0.0311654545	0.0353719461	-0.0180745617	-0.1093196676	-0.0273829878	-0.0074168108	-0.0730592224	-0.0899164791	-0.0103919802	-0.0080494542	0.0008494875	-0.0247967888	0.0720385727	0.0558798553	-0.0601090398	0.0639239141	-0.09231211	0.0373653244	0.1094927906	0.0044477092	-0.0179365517	-0.1081378313	-0.0068152216	-0.0786201352	0.0811739833	0.0503234729	0.0192181839	-0.0019180165	0.0466562726	0.0304671204	-0.0204801399	0.0575586457	0.0605622309	0.09247771	-0.0273587684	0.0701072832	0.0039650918	-0.057005199	-0.0291940303	0.0389794177	0.0031855305	-0.0952252516	-0.033139856	0.1424631297	-0.100930118	0.0788391989	0.0880947151	-0.0291025037	-0.0353480595	-0.0105881557	-0.0440055725	0.0225719295	-0.0576139516	0.0137237833	-0.0383050907	0.0304950296	-0.0258868494	0.0269902234	0.0499508874	-0.0483106487	0.0532497091	-0.0192565362	0.0168080914	-0.0809511339	0.0788675135	-0.0754344479	0.0707106781	-0.064777029	0.0577350269	-0.0497051625	0.040824829	0.0906436271929322	-0.0268120539028729	0.0007188862344905	0.0082162671506912	0.043170538356307	-0.0178397935251837	0.0018636953819733	0.0003182582330211	0.4627559166660973	0.0824848731417802	0.0068037542972155	0.2141430384094799	0.0011589903045924	3.049743690008641e-08	1.3432585261391845e-06	9.30093657474752e-16	0.0023330176848754	9.803330054929985e-05	5.442971517941371e-06	9.610528016589353e-09	-0.0017038554661726	4.744315346929986e-05	2.2508528111115395e-09	2.903123449606248e-06	0.0	0.0
1589.2443427939374	-2.0418227724301232	4.1690402340142345	2525697.581102534	2215.6810072826165	1.7314808935329893	4909242.326032911	2.998026084669799	1705.341951016513	2.219198663884981	4.924842709788885	2908191.1698968066	1796.7290054047523	1503.501822698684	1.023325	28.17594	0.03592134243877	0.0189173068997017	0.0844386807	0.138920299	0.0592611866	-0.1703370874	0.0853300891	-0.0727514955	-0.0481562627	-0.0298511967	0.0188360656	-0.0909159956	0.0213323115	-0.1729044514	0.094318454	0.091886287	0.0226775158	0.0618540578	-0.0403233802	-0.0768191272	-0.0629741908	0.0425828446	0.0448023982	0.050545296	0.0912134703	-0.0094193366	-0.0202879639	-0.040414841	-0.0026489039	-0.1061302187	0.1104598193	-0.0994803754	0.0440454336	0.0488040629	0.0344200603	0.0556764335	0.046548551	0.0238911767	-0.0265864366	-0.0533827922	0.0142420914	0.0827973543	-0.0225578012	0.0612592457	-0.026313313	0.0623610164	0.0247219092	-0.0942170863	0.104235459	0.0267378419	-0.0329793589	-0.0571417851	-0.0180215725	-0.0245679475	-0.001122757	0.0429003385	0.0756716615	-0.1029543946	-0.0040854049	-0.0491841395	0.0989999018	0.1065649947	-0.0632096461	0.0141905273	0.0654989011	-0.0826467718	-0.0874346664	0.0926068323	-0.2062440388	0.1038933732	0.066249009	0.0480280277	-0.0013922245	0.0132364474	0.0928364905	-0.050056725	0.0662072359	-0.0978194479	0.0450697327	-0.0859950359	-0.0118910958	0.0217015159	-0.033161839	0.0120370535	-0.0424298988	-0.0060656657	0.0340953063	-0.0397683508	-0.0776781028	-0.1472152094	-0.0922887092	0.0143667718	-0.0074669262	-0.019780628	-0.0022722482	0.0220420118	-0.089357479	-0.0244355917	0.105815921	-0.0142064826	-0.0505001849	0.0174479648	-0.0358149376	-0.0395070368	-0.0577474235	-0.0195970975	-0.0099458516	-0.0030153863	0.0713767978	0.1129256045	-0.0471674989	-0.0014525567	0.0314017089	-0.0042256295	0.0557017827	0.0453187374	-0.0300464294	0.0483052663	-0.0313498273	0.117668979	-0.0123345389	0.1172027716	-0.1354620665	0.1086762517	0.065368232	-0.0392340076	-0.0187117484	0.0790487152	0.0286188563	0.0456817313	-0.0584392282	-0.0588419805	-0.0613143065	0.030996879	-0.0177816471	-0.0526823937	-0.01205073	0.0016169171	-0.0322874644	-0.0810030807	0.0550670345	-0.0649502064	-0.0383489354	0.0464994044	-0.0053388721	0.062024774	0.0650284162	-0.1369958019	-0.0754044995	0.1541666336	0.0263677266	0.0102356785	0.0878640743	-0.0388604722	0.0228590221	-0.0394689186	0.0442941784	-0.0028183616	0.0668426755	-0.0881481033	-0.027539705	0.0099877559	0.1034784894	0.0269597844	0.0107161947	0.0091206125	0.0064419274	0.0666026699	-0.0241029672	-0.0810582975	0.0792927819	-0.0763786853	0.0723582192	-0.0672896215	0.0612463124	-0.054315831	0.0465985677	0.0855006818752741	-0.0051429453176581	2.6449886540421417e-05	0.0073103666011368	0.0412223608133501	-0.0019481775429568	0.001699283031026	3.795395738881573e-06	0.4800980011821423	0.017342084516045	0.0003007478953616	0.2304940907390883	0.001158778313195	-2.119913974001162e-07	1.3427671791310497e-06	4.4940352571654e-14	0.0021730560513812	-0.0001599616334941	4.722172602444453e-06	2.5587724190132743e-08	-0.001634266389822	6.95890763506e-05	4.842639547329636e-09	2.6708266329018334e-06	0.0	0.0
1589.4557505671123	0.2114077731748693	0.044693246558757	2526369.5830108626	2216.8576194865823	1.1766122039657605	4914457.705075717	1.3844162785211638	1706.4243965287642	1.0824455122512973	1.1716882869929732	2911884.221068557	1799.5941434721549	1485.184837071159	1.132857	31.191738	0.0948583426457992	0.0493722425771602	-0.0211315369	0.1618199886	0.0766369152	-0.1203170331	0.0512882819	0.0602987045	0.0029637314	-0.0206179559	-0.0477291967	-0.1047426996	0.1671987576	-0.052861776	-0.0078557891	0.0793483124	-0.0113447661	0.12308713	-0.1093105988	-0.018124124	-0.0679019578	-0.0051372269	0.0534859977	-0.0568861665	0.0858007184	-0.0023147072	0.0572271036	-0.0146277562	0.011503052	-0.1917581037	-0.0334620793	-0.0280383694	0.044716089	0.0371199491	-0.0821418775	0.045783069	-0.0077038143	-0.0234208737	0.0329445239	0.1289162043	-0.099173324	0.0102805351	-0.0111156176	0.0110243651	-0.0128046394	-0.0475081714	-0.0208453717	0.0009463725	-0.0587153887	-0.0266965819	0.0005884988	-0.0027654526	0.072545073	-0.0771474055	0.0301580885	0.0081689135	0.0733742977	0.0305532676	0.0620176687	-0.0063396844	0.0313284961	0.0177199058	-0.0178242458	0.0045547405	0.0313146193	-0.0513118782	-0.0071420764	0.0327739408	-0.0585561795	-0.0432292596	0.0527481287	-0.0560736037	0.008826893	0.0500447334	-0.0427531416	0.0240775429	-0.0801965769	0.0239085488	0.1148316502	0.0598065447	0.0141926199	0.0536664	-0.0431549332	-0.0002553016	-0.0017926947	-0.1081308865	-0.0293864107	-0.0016090734	-0.1810341879	-0.0613029312	-0.0320488015	0.0578247851	-0.0491225304	-0.1360817484	-0.0188727334	0.0625644217	0.0019132273	0.0720836109	0.0353333612	-0.1364171717	0.019311686	-0.0113221775	-0.1225598971	-0.0878736536	0.0598677113	-0.0516333827	-0.0227238662	0.0282564949	-0.0155171119	-0.062823714	0.0037136315	-0.0478786874	-0.0527467141	-0.0724841886	0.0259605549	0.0112242691	-0.0621174808	-0.0526938443	-0.0448005609	-0.0370362291	0.0569084572	0.0321825036	-0.0177568496	0.0570150714	-0.0075653075	0.1065657417	0.043458238	0.0351302527	-0.0291333958	-0.0232376171	0.0196328821	0.0717243016	-0.0129842955	0.0348877673	-0.0467717921	0.0232002385	0.0699251703	0.0332432597	-0.0385144828	0.0246461542	0.0300282651	-0.02933938	-0.0629472874	-0.0152919906	-0.077385171	0.0917333944	0.03003879	-0.0444504082	-0.0567931288	0.1304242544	-0.0963820602	0.1080269439	0.0786659194	-0.0076615971	-0.0101185292	-0.0320741666	-0.0507625006	-0.0839132593	0.0427949273	-0.1323635459	-0.1314175927	0.0982420131	-0.1143209577	0.0114303386	0.0126887625	0.0208026556	0.0779993895	-0.1047320441	-0.0122233971	-0.0811565722	0.0796832699	-0.0772475461	0.0738788195	-0.0696177779	0.0645158866	-0.0586347667	0.0520454508	0.080177270722558	-0.0053234111527161	2.83387063008622e-05	0.0064283947405183	0.0322764536796142	-0.0089459071337359	0.0010417694621322	8.002925444542688e-05	0.437096549273555	-0.0430014519085872	0.0018491248662465	0.1910533933868493	0.0013937522388744	0.0002349739256793	1.9425453033674024e-06	5.521274574918818e-08	0.0025842944100367	0.0004112383586554	6.678577597746935e-06	1.691169876296695e-07	-0.0017398055545023	-0.0001055391646802	1.1138515281415476e-08	3.026923367477056e-06	0.0	0.0
1588.8070021537462	-0.6487484133660928	0.4208745038450228	2524307.690092774	2209.3978000521124	-7.459819434469864	4881438.638875114	55.648905994894285	1700.107107821378	-6.317288707386297	39.90813661247043	2890364.17806477	1784.7907280278048	1468.0502521854908	1.120977	30.864656	0.1900343781118046	0.1277914354383422	-0.0025361894	0.0716558584	0.091104187	-0.1526637232	0.0193909258	0.0638205983	-0.0699616172	-0.008888764	0.0169988626	0.060343074	-0.0561728318	-0.1115887416	0.0595685783	0.1919721485	-0.0043380844	0.1691810218	0.0670692023	0.0566939194	0.0706120087	0.0015008321	0.0728508818	-0.0314071771	0.1341406159	-0.0357014372	-0.0460904486	0.0043499082	0.1129584175	-0.0804379722	-0.0344529494	0.0287612929	0.08117854	0.0535308205	-0.0413106172	-0.0501350535	0.1032371067	0.1015503384	-0.0483341153	-0.0787398098	-0.0355086312	-0.0169404522	-0.0765150218	-0.075570449	0.0563169811	0.047023077	0.1120519121	0.0072858277	0.0512533656	0.1057254446	-0.0186355492	0.0386272563	0.0561316105	0.0232092744	-0.1296533347	-0.0486230599	-0.1031644178	-0.0387702101	0.018281972	0.0304585924	0.0392591058	-0.0441940214	-0.0257861581	0.0373838724	-0.0879700509	-0.0121193706	-0.0281501866	0.0264287238	0.0244612783	-0.0207885642	0.0280249196	-0.063036835	-0.0116889487	0.0697948922	0.0417103686	-0.0120155936	-0.0367348724	-0.0719683224	0.0509765896	-0.0869831914	-0.0155784142	-0.0101657314	-0.0469641653	-0.0049936683	0.0252647208	0.0760382176	-0.029488686	-0.0570719765	0.0023618129	-0.089342775	-0.1266519102	0.1913744918	0.0795213439	-0.0327627103	0.0618897608	0.1013761422	-0.0914272311	0.0074586672	0.0599595591	-0.074160583	-0.0507228495	0.1605689406	-0.0235624563	0.0555532852	0.0282491734	0.0492310375	-0.0779108148	-0.1619463965	-0.0007149192	0.1025503941	0.0833863005	0.0485866482	0.0233517917	-0.0023694257	-0.0235562589	0.0390489259	0.0996868532	-0.0253057159	-0.0033855474	0.021198765	0.0436076191	-0.0396330276	0.0449851091	-0.1225159	0.0482056806	-0.016563894	-0.0489494197	-0.059295628	-0.0015280131	0.0427681368	-0.0193806651	-0.0382374809	-0.002211106	0.0191715904	-0.1028931549	-0.0382934834	-0.0182024995	0.0269458711	0.0274427098	-0.0266229512	0.0987129005	0.0087826629	0.0022958953	0.0449076255	0.0548391654	0.0522474581	0.0449267875	-0.2134942619	-0.1169434469	0.0640132621	-0.0013523326	0.011345652	0.0439639475	0.053601264	-0.0875512146	-0.0349779016	0.0291420682	-0.1654810972	0.0372636945	-0.1314549154	-0.0371126511	-0.0322762053	0.0751872459	0.0720647753	-0.0877757392	0.0695593334	-0.0102155083	-0.0265716765	0.0077217825	-0.0812459471	0.0800388062	-0.0780401729	0.0752698111	-0.0717551168	0.0675308461	-0.0626387723	0.0571272725	0.0807996466166116	0.0006223758940536	3.873517534990222e-07	0.0065285828933693	0.0544109049376402	0.0221344512580259	0.0029605465761329	0.0004899339324939	0.558386020440885	0.12128947116733	0.0147111358160505	0.3117949478238084	0.0011601514097943	-0.00023360082908	1.3459512936477017e-06	5.4569347346910085e-08	0.002382216279362	-0.0002020781306746	5.6749544016573306e-06	4.083557089698108e-08	-0.0022238881905954	-0.000484082636093	2.343359985668446e-07	4.945678684269682e-06	0.0	0.0
1593.7245800375051	4.917577883758895	24.182572242834613	2539958.037015722	2196.913716542881	-12.484083509231368	4826429.877934255	155.85234106546258	1699.6288893821022	-0.478218439275679	0.2286928756632662	2888738.361622238	1787.6415712466433	1481.935068919982	1.011965	27.863146	0.114004183786919	0.0605543009038929	-0.0229243747	0.0018376198	0.0323936846	-0.2179835555	0.0243733552	0.0292620741	0.0461132284	-0.1017767282	-0.0680625117	0.063008128	0.0966504314	-0.0070427023	0.0448881339	0.0956536902	0.0347288929	-0.07297222	-0.0742409681	0.1103112005	-0.1335411098	-0.1340724411	-0.045626322	0.0506316797	0.0486589235	0.0453350741	-0.0234110255	-0.1435278053	0.09183994	-0.0345421135	-0.0394371795	-0.0880500658	0.0535543106	0.0046638032	0.0708043386	-0.0321914394	0.0263610236	0.000847119	0.0522793315	-0.0358095587	-0.0592103613	-0.0270306973	-0.1047017914	0.0054677643	0.0545914876	-0.0155502105	0.0805275904	0.0239660711	-0.1073463339	0.0617918558	0.0163585156	-0.0373923907	0.0547053338	-0.0220398433	0.0072319118	0.0369908136	-0.0187980184	-0.1177201703	-0.073016165	-0.0387443707	0.0553808155	-0.0377699615	0.0534046096	0.033318953	0.0370336412	0.0289284079	0.0585430589	-0.1041523709	-0.0359942272	0.0376028966	-0.0444874563	-0.0248058694	0.0112075246	-0.019824482	-0.0110567607	-0.0241260964	0.1386580307	-0.0287297723	-0.0567459633	-0.0607353961	0.0110534783	-0.0128348285	0.0258239654	-0.0695280705	0.0177362432	-0.0531866904	-0.0970841353	-0.0383272816	0.0361919621	-0.0027944417	-0.1183087139	0.1065122919	-0.0337068229	0.0084472433	0.2051424546	-0.0624845413	-0.0051205173	-0.0600614001	0.0133340022	0.0218206725	-0.014700342	-0.0097622829	0.0274056028	-0.1420546616	-0.0241149782	-0.0180169974	0.002406146	-0.053592357	-0.013006136	0.0230343823	-0.0159600916	0.0045531654	0.0291174618	-0.100136787	0.0394315142	-0.1016273011	-0.0910562566	-0.0949902269	-0.0546695703	0.0721860335	-0.0123937024	-0.0475759171	0.0010230058	-0.0109147474	-0.0008828507	-0.0347594851	-0.0539503791	0.0403482576	-0.022139053	-0.0245391671	-0.0318242854	0.0955175611	0.0599420813	-0.0650968324	-0.0047891701	0.0884284597	0.0226400379	-0.1248779351	-0.0779596136	0.0526640235	-0.0081586847	0.0600953345	-0.0129508962	0.0369218915	-0.0023113611	-0.0288144462	0.089667858	-0.1534533833	-0.0456951928	0.082245349	-0.0802826552	-0.0078555213	-0.0199080619	0.0236969189	-0.0535857876	-0.0955038814	0.0177543907	-0.1480082196	0.0327617403	-0.1466025264	-0.0185497982	0.0025123474	0.0229970493	0.0237347055	0.0508576555	-0.1083696022	-0.0246535571	0.0158608314	0.0343089449	-0.0813264124	0.0803592349	-0.0787557834	0.076528754	-0.0736957799	0.0702792922	-0.0663063423	0.0618083875	0.1076680474831306	0.0268684008665189	0.0007219109651239	0.0115924084488296	0.0325206906124293	-0.0218902143252108	0.0010575953179093	0.0004791814832036	0.5115365869313209	-0.0468494335095641	0.002194869420167	0.2616696797693448	0.001042872633442	-0.0001172787763522	1.0875833295822523e-06	1.3754311382692778e-08	0.0021323449672687	-0.0002498713120933	4.546895059436154e-06	6.243567260722735e-08	-0.0022231155773285	7.726132668999484e-07	5.96931260189811e-13	4.94224287016063e-06	0.0	0.0
1603.587557388151	9.862977350645906	97.27832221935414	2571493.0542100966	2210.785747442545	13.872030899663969	4887573.621095092	192.43324128123197	1704.0536179421165	4.424728560014273	19.578222829805984	2903798.732821617	1789.569681688116	1507.4379540188409	1.161395	31.977501	0.1487958113047779	0.1111663731557643	0.0529365013	0.0946342278	0.0491601933	-0.0360086969	-0.0396548458	0.094101622	0.0204322668	-0.0458946734	0.0688280854	0.0103857048	0.1212705684	-0.0635680682	0.0150451976	-0.0463353878	0.0031804613	0.013761348	-0.0386756875	0.0274298301	-0.0616062956	-0.135839392	-0.0532058021	0.1475935363	0.107917091	0.0046038519	-0.0918565687	-0.0522236106	-0.0460039812	0.1058374734	0.0145201127	0.035803499	0.0377110601	0.0553068096	0.0251651173	0.0213662548	0.0398576604	0.0043888371	0.0346348228	-0.0305214137	-0.0652937205	0.0275266906	0.0995640514	0.0916647838	-0.0288636109	-0.0524792812	-0.0387724327	0.0444339026	0.0311919049	-0.0538249984	-0.0234027002	-0.0553212668	-0.0343599956	0.0204973949	0.0631836543	0.0232416233	0.0838794168	-0.0445395013	-0.1203971461	-0.0050832839	-0.062679253	-0.0297845478	0.0468591393	0.0060814363	-0.0632551582	0.1063315953	0.0293771321	-0.0156064895	0.01292089	-0.0970976149	-0.0250803589	-0.0010059849	0.0093814135	-0.060761456	-0.0126694085	0.1043558254	-0.0340141445	-0.0080876511	-0.0210418382	0.1096201553	0.0428713855	0.0112485458	-0.0057658517	-0.0026643069	-0.0367944896	0.0488951665	-0.0448016481	-0.1292923834	-0.0646127692	0.0144545923	-0.0922383975	-0.0873137957	-0.0227949828	0.0210198462	0.0480831317	-0.0288890513	-0.0495567185	-0.0037574359	0.0030825313	0.0021814004	0.048573372	0.0402613399	0.1240476309	-0.0304881072	0.0713591108	0.0312764081	-0.023563304	0.0246120371	-0.1004465119	-0.0073007631	-0.0536347961	-0.0211132056	0.1387800815	-0.0367804028	0.0390362199	-0.0870197838	-0.0352203701	0.0230815479	0.0684688532	-0.0015446291	-0.0423958671	-0.0145924854	-0.1060258604	-0.0228885799	-0.0760115099	-0.0131659305	0.0012014076	0.039105675	-0.0560028373	-0.0059423369	-0.0198126733	-0.0433145277	-0.0259529251	-0.00828487	0.1032708154	0.0514500481	0.0652860339	-0.0035747219	-0.0826645282	-0.0672657659	-0.0630851617	-0.0604227491	0.0027024658	0.0442477502	-0.0508489979	0.127362465	0.0147723751	-0.038247394	0.0267352256	0.0083206635	-0.0011452657	0.0245057233	-0.0439699123	-0.0193140812	0.1049182089	-0.0432405778	0.0286648731	-0.0718433949	0.0799078402	-0.0715267452	-0.0096785117	0.021581576	-0.0153884654	-0.0750549015	-0.0158716384	0.058858775	-0.0941795918	0.030993672	0.0386799335	-0.0813979594	0.0806444153	-0.0793936715	0.0776534394	-0.0754344479	0.0727503781	-0.0696177779	0.066055961	0.1086121044557586	0.000944056972628	8.91243567567553e-07	0.0117965892343086	0.0491740001437506	0.0166533095313212	0.0024180822901375	0.0002773327183459	0.4014637976995772	-0.1100727892317436	0.0121160189292558	0.161173180863367	0.0011607115852176	0.0001178389517755	1.3472513840583536e-06	1.3886018555572145e-08	0.0024362150404309	0.0003038700731622	5.9351437232217325e-06	9.23370213636009e-08	-0.0022239196637724	-8.040864438998638e-07	6.465550092635288e-13	4.945818670913544e-06	0.0	0.0
1606.822482556064	3.234925167912934	10.464740841996525	2581878.4904476325	2213.943129466788	3.1573820242429065	4901544.180513195	9.969061247012233	1709.1231212269176	5.069503284801158	25.69986355460973	2921101.843512441	1793.3779412720764	1506.00960937146	1.017502	28.015591	0.0610463311012659	0.0308434986677852	-0.0636905467	0.0075571443	-0.011914908	-0.0680739917	-0.0408943833	0.0653905501	0.0816180925	-0.0606075724	-0.010892815	0.0311916149	0.1129507743	-0.0060105685	-0.0756542085	0.0130369201	-0.0161095018	0.0141620519	0.0221896332	0.1032316453	-0.0239355772	0.0309164077	-0.1027083488	0.0561854019	0.0096982188	0.1126064857	0.0029477687	-0.025755539	-0.0262380121	0.0238641433	0.0134519399	0.071637502	0.0426702581	-0.062455404	-0.0434026622	-0.0417340995	-0.0440005731	0.0953799979	0.0284403692	0.1010807	0.0160948303	-0.0400134183	0.0550064037	0.0462541968	-0.0136343589	0.0155689693	-0.0057717476	0.0360238943	0.1563505975	0.1049676877	-0.093734169	-0.0520780879	-0.1117536903	-0.0827468052	0.0926709409	-0.0395495689	0.0670245081	-0.0016765363	0.0209722202	0.1446923174	0.0374413983	-0.044172965	0.0050777387	0.0406259046	-0.0044519709	-0.0003982927	0.0782567696	-0.0267976542	0.0578398191	-0.0880622307	-0.0673348944	0.0282318437	0.0165465779	-0.0600071181	-0.0996295901	-0.0596840604	0.0303222744	0.080364156	0.0161457151	-0.0426033818	-0.0102300872	0.0612927452	-0.020471797	0.0342163135	-0.0390719973	-0.0192356328	-0.0961002061	-0.0193840068	0.0053574968	0.0643222107	-0.0422802496	-0.0326344571	-0.0627132254	0.0816266593	0.0011635447	0.1185561232	-0.0092818706	0.0494923388	0.0172293041	0.0290999401	0.0216724863	-0.1137251549	0.1393464874	-0.0479197744	0.0578758833	-0.1135282947	-0.0845781692	0.1049962403	-0.0471086097	0.0029897136	-0.0744967143	-0.0065615481	0.0138167979	-0.0364801522	-0.0162558584	-0.0034800498	0.089177983	0.1134373928	0.1506809031	0.0676298341	-0.0194021404	0.0439246191	-0.0134755067	-0.041094578	0.0313551573	0.0824481069	-0.0271884635	-0.0708269115	-0.1122652735	-0.0889260414	0.0858063352	-0.0509501793	-0.0196508621	-0.029394552	-0.0222421916	0.0007868259	-0.0572024357	0.0115025327	-0.0513895052	-0.0128827773	0.0220493116	-0.00766666	0.0307500458	0.0272882151	-0.0772765848	0.0215469852	0.0811672878	-0.0231554601	0.0311776186	-0.1178790402	-0.0843176937	-0.0194168313	-0.0391145078	0.1147770169	0.24007157	0.1547876028	0.0770518007	-0.0322535863	-0.1492797744	-0.0237703247	-0.0447271868	-0.0806691151	-0.0079251778	-0.0438162453	-0.0080609981	-0.0382027702	0.0263616778	0.0738500318	-0.0526281127	-0.0814605803	0.0808942224	-0.0799532077	0.0786418943	-0.0769663555	0.0749343514	-0.0725552932	0.0698401994	0.1173758139624396	0.0087637095066809	7.680260431749089e-05	0.0137770817033452	0.0321842630036712	-0.0169897371400793	0.0010358267850894	0.0002886511680889	0.3967813105174116	-0.0046824871821655	2.192568621114489e-05	0.1574354083759146	0.0008109165779029	-0.0003497950073146	6.575856963177501e-07	1.2235654714229096e-07	0.0024477060880747	1.1491047643799688e-05	5.99126509359795e-06	1.3204417595207434e-10	-0.0019729977732841	0.0002509218904882	6.296179512622228e-08	3.892720213384017e-06	0.0	0.0
1610.401278225104	3.578795669040119	12.80777844074031	2593392.276909049	2215.6669407318527	1.7238112650647963	4909179.992252047	2.971525277564293	1710.0434821111503	0.9203608842326504	0.8470641572255059	2924248.710710828	1793.245667137888	1530.5221796652918	1.035911	28.522459	0.0639012957401089	0.0340608793171185	0.0488260393	-0.0259887629	0.0467033693	0.0441633668	-0.031464524	0.1367168545	-0.0100162946	-0.0623460288	0.1143703141	0.067156316	0.025977459	-0.0400409523	-0.0317214426	-0.1041153359	0.0180633334	0.07813544	0.0264341704	0.0666541538	0.026934893	-0.0771994818	-0.0520862848	0.0017031228	0.0248565426	-0.0451812904	0.0268443818	-0.014680614	-0.0156327235	0.0736574925	0.0276515574	0.1090683816	0.0901493336	0.0329412556	0.039957256	0.0095816665	0.071661896	0.1329403795	-0.000569849	-0.0239551861	0.0477049425	0.0516955756	-0.0290217704	-0.1440417663	-0.0404469487	-0.0102418303	-0.0894619727	-0.0506444084	0.0983757072	-0.0607621909	-0.0060804235	-0.0267533962	-0.0208884394	0.0513898331	-0.1055267875	0.1210273042	-0.0094781701	0.0340092716	-0.0368754107	-0.0203126843	-0.0507580956	-0.0060840405	0.037697196	0.0113643227	0.0668389869	-0.0524679036	-0.0090202791	-0.0491577286	0.0088970357	0.0519028493	-0.0067457952	0.0033423544	-0.0082013223	0.0806137035	-0.0060050653	0.0147679462	0.0313490674	-0.0983127407	-0.0190023197	-0.0005273235	-0.0058147761	0.0912829299	-0.059188006	0.0001898275	0.0120188101	0.0411452082	0.0295687825	-0.0977551853	0.044369617	0.0663072725	-0.0571293901	-0.068743422	0.0019442238	-0.0160535645	-0.0201505502	0.0864579455	-0.0146954118	-0.0473699539	-0.0346118392	-0.0142575254	0.0015321634	0.0837551787	0.0385357635	0.1611943959	-0.0283107724	-0.0161551249	0.0529662157	0.0525934771	-0.0504663582	0.0376352711	-0.0033144455	0.0401224464	0.1249402101	0.0143111223	0.0251028467	-0.0721247622	0.0938587849	-0.0618139568	0.1087795125	0.0744192245	-0.0262071459	0.0171232838	0.0057358132	0.0187588758	-0.0566577433	-0.065563278	0.0405355624	0.0385247358	0.0930703989	-0.0349974721	0.0488470288	0.0325263603	-0.0110334934	0.0100690496	-0.0822252893	0.0091487769	-0.0159719445	0.0068025011	-0.0257950732	0.0177663163	0.0607391884	0.0242564337	0.0098565023	-0.0227311684	-0.0379566838	0.0634098686	-0.080394928	-0.0647696639	0.0408199623	-0.1320211918	0.0270385325	0.0299785002	-0.0965096904	0.053845259	0.1942447335	0.0754767035	0.0706101804	-0.0173215321	0.009070226	-0.0374046657	0.0292733007	-0.0903569342	-0.1296805394	-0.0096604304	0.0543814855	0.0088892523	-0.0556665008	0.0852636071	0.0344728204	-0.081514268	0.0811085467	-0.0804338397	0.0794923845	-0.0782873035	0.0768225931	-0.0751031108	0.073134559	0.0959547162843392	-0.0214210976781003	0.0004588634257347	0.009207307577208	0.0321994555244771	1.5192520805902554e-05	0.0010368049360727	2.3081268843778198e-10	0.4132574145054093	0.0164761039879977	0.0002714620026233	0.1707816906436957	0.0005180091010255	-0.0002929074768774	2.6833342874524665e-07	8.579479001068463e-08	0.0023669561907369	-8.074989733779974e-05	5.6024816088677365e-06	6.520545920065197e-09	-0.002119118430133	-0.0001461206568488	2.1351246357953972e-08	4.490662920929351e-06	0.0	0.0
1614.5969599887849	4.195681763680796	17.60374546208359	2606923.343205026	2213.8356818639645	-1.8312588678882091	4901068.426294085	3.353509041219206	1711.2538805042614	1.2103983931110631	1.4650642700458445	2928389.843540893	1796.396795141348	1519.2272312690632	1.109196	30.540283	0.0452078453407491	0.0248663248864422	-0.1117426906	-0.0066368109	-0.0431302735	0.0239233384	-0.078520965	-0.0226293498	-0.0147985893	-0.0079386918	-0.049951305	0.0571353234	0.050112555	0.111932018	-0.0436684773	-0.041199069	0.0252804936	0.0727437437	0.0873617889	0.0370126551	0.0014542371	0.0436731882	-0.1180143727	0.014751061	-0.0203953673	0.1198354302	0.0539750309	0.0445062438	-0.0234709562	0.1358067549	-0.015433989	0.0452207196	0.0234021207	0.0579473953	-0.0288822967	0.0369081524	-0.057734671	-0.0424762037	-0.0411911709	0.0045019606	0.0094517887	-0.067082998	0.1374619974	-0.2108520201	0.0054326255	-0.0726744333	-0.033464839	-0.0230131771	0.079414795	-0.0369055228	0.0430453743	0.0328643995	-0.0469248079	-0.0336853711	0.0162365636	-0.0465470271	-0.009664821	0.0307290596	-0.0633372742	0.115920203	0.0060741844	0.0089830761	0.0304793526	-0.0382573487	-0.0838727533	-0.1180023914	-0.0024861104	0.066307311	0.0542937096	-0.0703779845	-0.0242384065	0.0531178491	-0.0162903389	-0.1049251016	0.0234226447	0.0241373858	0.0250481577	0.0129466534	0.0312178053	-0.0201003536	-0.0563817307	-0.0422074011	0.008034036	0.0051011593	-0.0600474384	0.0025760099	-0.1056798936	0.0198259739	0.0344576012	0.046827975	0.0546053578	-0.1026649846	0.0165566201	-0.0251050662	-0.0298745178	0.091889275	-0.0013360817	0.0947435506	-0.0313295961	0.1139055029	0.0074735453	-0.0344484285	0.1307667699	0.0678058469	-0.0166304736	-0.0185731017	0.0220415462	-0.0170589726	-0.1191401891	-0.0399782061	0.0348909301	-0.0009183882	0.0251989439	0.0996927872	0.044689256	0.1113378181	0.0143641522	-0.0649304778	0.0863266183	-0.0421612823	-0.0489985676	-0.09609969	0.0140250207	-0.0203859076	-0.0645252672	-0.0115932529	0.0009397403	-0.03581278	-0.0397248016	0.0950235788	0.074092098	-0.0588412139	-0.0139954455	0.0151627858	-0.0052384533	-0.0006631705	0.0485411679	-0.0636717668	-0.0791240094	-0.0313676187	0.0077643917	-0.066282922	0.0136226617	0.0037303652	0.036299681	0.0300768051	0.0877111269	0.0464663829	-0.0305813229	-0.1766763775	0.0031377473	-0.0644884787	-0.0545878976	0.0668908048	0.1486005821	0.1751072107	0.1279598045	-0.0024822856	-0.0537261473	-0.0080899625	0.0163310489	-0.0229735543	-0.0047337389	0.0457134187	0.0325520906	-0.0149160647	-4.3511e-06	0.0237997257	0.0378253411	-0.0815590168	0.081287294	-0.0808350932	0.0802034182	-0.0793936715	0.0784076511	-0.0772475461	0.0759159322	0.0952018715768474	-0.0007528447074918	5.667751535984196e-07	0.0090633963517345	0.032185912272709	-1.354325176810417e-05	0.0010359329488265	1.8341966845425672e-10	0.4055621145366501	-0.0076952999687592	5.921764160918578e-05	0.1644806287474388	0.0007459711715709	0.0002279620705454	5.564729888148611e-07	5.196670560734592e-08	0.0021333145756043	-0.0002336416151325	4.551031078485755e-06	5.4588404321769965e-08	-0.0018457989675564	0.0002733194625766	7.470352862316146e-08	3.4069738286322725e-06	0.0	0.0
1617.632194441162	3.035234452377153	9.212648180897238	2616733.916492529	2225.257853555038	11.422171691073345	4951772.514808374	130.4660061403573	1712.5233149857954	1.2694344815340628	1.6114639029076547	2932736.104369938	1795.7129897566986	1526.9171571743211	1.000189	27.538919	0.1101073061119236	0.0475679331895015	0.016874399	-0.0953535231	-0.0444856407	0.019508325	-0.1709687633	0.0402963309	-0.0246378512	-0.0312001082	0.0830531679	0.0339892843	0.00139926	0.1587063279	-0.0478060945	-0.098409411	0.0229382586	0.0147821077	0.0483343736	0.0369500848	0.1053939534	0.0305246441	-0.0353345238	-0.0446540839	-0.0413753723	-0.0200456991	0.1201852279	0.0335714796	0.0103976284	0.0973758757	0.0278928404	0.1056662577	0.0188046525	-0.0650932505	-0.0561469678	0.0147033428	-0.0158213948	0.0518250207	-0.0324704193	0.024644367	0.0340689055	-0.1383653451	0.0821995035	-0.0501822239	-0.0125323408	0.0265809949	0.0514494263	0.0481850009	0.027267095	-0.0261580789	-0.0563002984	0.0075361092	-0.0245843443	0.0283106419	0.0052369418	0.107645918	-0.0301439737	-0.0731742408	0.0317958417	-0.0160844265	0.0151472067	-0.0699920212	-0.0243955655	0.076663349	0.0158166498	0.0248135254	0.0330698344	-0.0546504544	-0.0845197587	-0.0685757884	-0.0750607783	0.0255912241	0.0561651909	0.0253487867	-0.0768947222	-0.0220619475	0.0530434546	0.0516195095	-0.034444458	0.013895067	-0.0110425585	-0.0240238301	-0.0165992064	0.0608222377	-0.0143542212	-0.0314444874	0.0144502185	-0.063690009	0.0752265088	0.1389116931	0.1174739511	-0.0077203426	0.0747414786	0.0247170521	-0.0095010203	0.1098270814	0.0469345122	0.0315108136	0.0113778817	0.0655736987	-0.0014195696	-0.0015812928	0.0200961009	0.0612439462	0.0422829583	-0.0336900784	0.0028138625	0.0842100082	0.0212140318	0.0630277041	-0.0239075195	0.0608341727	-0.0158330814	-0.0056901186	0.0478815156	-0.0024592654	0.042001206	0.1280750117	0.0130774317	-0.0153996101	-0.0400801244	-0.1030982169	0.0478863851	-0.0401603565	0.0189112217	-0.0183492087	-0.0461169659	0.0707839797	0.0043712857	-0.0494694732	0.0354294387	-0.0447892956	-0.1047743841	0.0641702094	-0.0349333035	0.0129122756	-8.87242e-05	-0.0071797226	-0.0140194738	-0.0152260293	0.0543805189	0.0648696148	-0.0129969026	0.0054839868	-0.0026057871	0.006528876	0.0066873748	-0.01426093	0.1321978799	-0.1708114829	0.014771735	-0.0326671764	-0.120950209	0.116168993	0.0868858793	0.2069664498	0.0803988239	-0.0341421028	-0.0314759041	0.0127582829	0.0649581407	-0.0193698837	-0.0155444851	-0.0985244291	-0.0031285469	0.0707099053	0.1042858335	0.0228028743	-0.0693837079	-0.0815948217	0.0814303861	-0.0811565722	0.0807737477	-0.080282427	0.0796832699	-0.0789770813	0.0781648097	0.1134584404283032	0.0182565688514558	0.0003333023062279	0.0128728177044228	0.0552231483426197	0.0230372360699107	0.0030495961128709	0.0005307142457407	0.3940880278154779	-0.0114740867211721	0.0001316546660849	0.1553053736674929	0.0001660830350982	-0.0005798881364727	2.7583574547429937e-08	3.362702508217807e-07	0.002304817992951	0.0001715034173466	5.3121859806306754e-06	2.9413422161596243e-08	-0.0022411957031247	-0.0003953967355682	1.5633857849806814e-07	5.022958179704619e-06	0.0	0.0
1619.5916727441163	1.9594783029542668	3.839555219748533	2623077.186422085	2208.598850677901	-16.659002877137027	4877908.883215744	277.52237686045976	1709.8678096147016	-2.6555053710937955	7.051708775907996	2923647.9263565773	1789.9664822471266	1536.4063369695084	1.057897	29.127811	0.058697584712552	0.0332074304504455	-0.1170560983	-0.0860165875	-0.0150886009	0.1410603977	-0.0350768001	0.0629223888	-0.0262740032	0.1151770074	0.0667923093	0.1797733673	-0.0569916015	0.0186087279	0.0016141641	-0.0402502745	-0.0193455017	-0.051210964	0.0295277082	0.0111567465	0.1274102698	0.0394205941	0.0005264851	-0.1229164443	-0.0210317508	0.0065468649	-0.0218550616	0.176190316	0.0888898851	0.0320915609	-0.0247474291	0.1063407883	-0.1029391855	-0.0294738464	0.0211402869	-0.0430862595	0.0368570697	-0.0303839407	0.0266237964	-0.0115315017	0.0386197787	-0.1067864602	0.0885345538	0.0791155137	-0.0579801426	0.0940006843	0.0465073894	0.0913292954	-0.0489221281	-0.0425754537	0.0289559545	-0.0190007371	-0.0342080709	0.1394276864	-0.0477129046	-0.0429574706	0.1234127497	0.0429517892	4.90941e-05	-0.0294913732	-0.1348295023	-0.0083165979	0.070898027	-0.004548528	0.0101113317	0.0353443409	0.0268541856	-0.0376783873	-0.0466409239	0.0177889334	-0.0219621432	0.006794508	-0.0234549889	0.0102981554	0.0857129098	-0.0195118274	0.0335529382	-0.0153792811	-0.0679325923	-0.0316437481	-0.01238859	-0.0835946755	0.0747905749	0.0176131949	0.018349451	0.1487876741	-0.019512248	0.0220646253	0.117878127	0.0549301527	0.0968019659	0.0103599481	-0.0417885135	-0.0383329736	-0.0264105227	0.0793407118	0.0734856731	-0.0242059934	-0.0015051057	-0.048007915	0.0443117678	-0.0435044648	-0.028414878	0.0268542889	0.065571119	-0.0468414776	-0.0848535987	0.0414559679	0.0521735399	-0.0995094661	0.0358860633	0.0713691643	0.0001966635	0.0454376455	-0.0016226988	-0.0540359646	0.0170384021	0.0787899238	0.0124880073	0.0187736231	-0.0028506929	-0.0502143304	0.0966040683	0.0516502023	-0.0107514373	-0.0368599628	0.0047454306	-0.0024836917	0.082762289	0.0984484028	-0.1011419428	-0.0380889696	0.0005069375	0.0963632529	0.0847059246	-0.05841371	0.036342509	-0.0157172168	0.0455868158	-0.0263321666	-0.0469650595	-0.0095235457	0.0641630392	0.0260960877	0.008902884	-0.0161416698	-0.0800567662	0.0392004558	-0.0329005925	-0.2250069464	-0.0058247475	0.007254108	-0.0312774026	0.0428598022	0.0547585657	0.0914057828	-0.0309831949	0.0056149654	-0.0590497245	-0.0030614082	-0.0274440416	0.0225432215	0.0082956807	-0.1039673802	0.0587329974	0.0688663822	0.0101203196	-0.0407491661	0.0341562876	-0.0816216788	0.0815377601	-0.0813979594	0.0812023727	-0.0809511339	0.0806444153	-0.080282427	0.0798654172	0.1177736361098453	0.004315195681542	1.862091376999954e-05	0.0138706293625342	0.0342953675881005	-0.0209277807545192	0.0011761722380029	0.0004379720073092	0.4002667473042436	0.0061787194887656	3.8176574520853e-05	0.1602134689975192	-0.0002739353111186	-0.0004400183462168	7.50405546776442e-08	1.936161450073677e-07	0.0023513039658908	4.6485972939800096e-05	5.528630340013804e-06	2.160945680159827e-09	-0.0021821822465268	5.901345659790024e-05	3.4825880596322542e-09	4.761919357056751e-06	0.0	0.0
1622.3341502837193	2.7424775396029872	7.521183055226855	2631968.0951767974	2226.32473932788	17.72588864997897	4956521.844943352	314.20712843145327	1712.8595434570314	2.9917338423297224	8.950471383340965	2933887.81561183	1798.7912980350711	1546.9891572703082	1.06204	29.24188	0.0850125880960863	0.0457130962507802	-0.0197898266	-0.050896883	-0.1253232313	0.0958982095	-0.0845520518	-0.0066996783	0.0536343724	0.0203929457	0.0745861343	0.0232428503	-0.0148609581	0.1518209428	-0.1060894244	-0.0186503778	0.0915534314	-0.0568494118	-0.0522702498	-0.0263177224	0.0105313532	0.0211296525	-0.0141966672	-0.0362147981	-0.032072707	0.0734239738	0.1084713088	0.0957575954	-0.030539184	0.0404476727	-0.0422304484	0.0055823881	-0.0767474026	0.0007981154	0.0181430007	-0.0337196391	-0.082097715	-0.0273775621	-0.0270813745	-0.0262929677	-0.0265902026	0.0968008027	-0.0210412679	0.1004524034	-0.0231362031	0.0070591081	-0.0286902822	-0.085825788	-0.0004092004	-0.0288088465	0.0859296423	0.0007037491	-0.0131665093	-0.0217497037	0.0064631961	-0.0294921572	-0.0033894915	0.0099615664	-0.0264587019	0.0434693912	-0.1025941323	0.0437177399	0.0039920869	-0.0301750842	0.0179372795	0.1205787718	-0.0259578709	0.1108260759	0.0056252164	-0.0166083028	0.0434531992	-0.1389968687	-0.0597933833	0.0381201182	-0.0738524058	0.0534005692	0.035453281	-0.0100442968	0.0788648169	0.067920342	-0.1485354404	0.0565133432	-0.0292467711	0.0423483758	0.0498495033	-0.0099872348	-0.0496822008	-0.0045127701	0.0580809287	0.0376196934	0.1949022835	-0.0976163019	-0.0678278812	0.0066537663	-0.0376407247	-0.0193175702	0.0156020487	-0.0621264175	0.033383636	-0.0132474758	0.0601686442	0.044154649	0.0148896885	0.0986526249	-0.0114292581	0.0793457192	-0.0179073903	-0.0888680185	-0.0143797089	0.0025664012	-0.0742041304	-0.132917781	0.0010756122	-0.0004442616	-0.0138210632	-0.0151404157	-0.024572667	-0.083648874	-0.0986426824	0.0138175379	0.0719439985	0.0280776422	-0.0358292117	0.0834109352	-0.0559759893	0.0007748538	-0.0068049303	0.0640432208	-0.0047149362	-0.0634633121	0.0169487018	0.02449978	0.0248253693	0.0461834232	0.0581197915	-0.0890944328	-0.0540533587	0.1074033847	0.08268381	0.0277025645	0.0431691919	-0.0564651383	-0.0221315672	0.0192378504	0.0508925128	0.0351093571	-0.0047836556	0.1152739892	0.0474936776	-0.0975833943	0.0283907795	-0.1450917568	-0.0071937201	-0.029877877	-0.0093761783	-0.133765776	-0.0186282126	-0.0191492794	0.1071413056	0.018742412	0.0566351123	0.111808913	0.0154154687	-0.0432245983	0.0056019666	0.1119591336	0.0526490369	-0.1065421713	0.0729355708	-0.0816395852	0.0816093689	-0.0815590168	0.0814885411	-0.0813979594	0.081287294	-0.0811565722	0.0810058262	0.1175347837041869	-0.0002388524056584	5.70504716888084e-08	0.0138144253803899	0.0611928861099215	0.026897518521821	0.0037445693104618	0.0007234765026317	0.3685933287538816	-0.0316734185503619	0.0010032054426664	0.135861042001867	-0.0001488656974277	0.0001250696136909	2.2160995870635524e-08	1.5642408268790967e-08	0.0021351542828602	-0.0002161496830306	4.558883811616254e-06	4.6720685474228886e-08	-0.0019993455708834	0.0001828366756433	3.3429249960329776e-08	3.9973827118110685e-06	0.0	0.0
1628.434333161693	6.100182877973793	37.21223114472463	2651798.377419768	2221.445492594766	-4.879246733113632	4934820.076569604	23.80704868260005	1716.304628018466	3.445084561434669	11.868607635435506	2945701.576157605	1800.3966104221074	1550.4168900150955	1.037494	28.56605	0.2513926305775621	0.1391609956098883	-0.0530045451	-0.1494657695	-0.0613391431	0.082792211	-0.0859894299	-0.0391109358	0.0124817175	0.0666261885	0.050583524	0.0069376714	-0.109716636	0.0468623342	-0.1218878141	-0.1366362874	-0.0130505874	-0.0947274486	-0.076774246	0.0680112015	0.1010617701	0.082936262	0.1019586528	0.0670102024	-0.1375870148	-0.0241320945	0.0631703926	0.0542602808	-0.0077033008	0.0325231712	-0.0597373225	0.0821527819	0.0411450289	0.0254952197	-0.0632787263	-0.0234641663	-0.0460175806	-0.0173703833	-0.1470286585	-0.0557448293	-0.0954145842	0.0668287875	0.0224821714	-0.0051571829	0.0957451575	0.0021009939	0.0651396509	0.1239369851	0.0276594747	0.0532707852	0.0498964799	-0.0484745777	0.0179725058	-0.0710340171	-0.0835963083	0.0145592605	-0.0566977111	0.0556636316	0.0348518379	-0.0415944428	0.0001969122	0.0942065298	-0.0330313392	-0.0483159675	-0.0483993894	-0.0107767887	-0.0172256747	0.0486550109	-0.0276182517	0.074575208	-0.0039465596	-0.0064311127	0.0974306717	0.013697722	0.0306186258	-0.0124775058	-0.0324813337	-0.0082319017	0.0441132037	0.0174289377	0.0268620864	0.0216014216	0.0569621428	0.0387635129	0.0534564305	-0.0249532033	0.0851356036	0.065771749	0.0773597454	0.1005161442	0.1116377377	-0.0271655617	-0.0485398853	0.0109956583	-0.085682305	0.0651474476	0.0801381737	-0.0522438192	0.00201211	-0.0032115366	0.0813672473	0.065600936	-0.0141917251	0.0403569258	0.131225749	0.0789434301	-0.0366159223	-0.0949887529	-0.0795924711	0.0246666437	0.0415703008	-0.0297172048	-0.0515671979	0.0003432773	-0.0770735484	0.0067881088	-0.1471141879	0.003495981	0.0026481973	-0.0083091928	0.1290254658	-0.0549841755	-0.074819578	-0.0588733877	0.0644490312	0.0521562555	0.0150096128	-0.0303395195	0.0442165655	0.0041196588	-0.0141817157	-0.0510243299	0.0559613793	-0.0270023975	-0.0212290421	-0.0283000446	-0.0856598953	0.0251643485	0.0626676653	0.0221484341	-0.0127932459	0.0097868034	-0.0308816346	-0.0194048371	-0.0448034752	-0.1287659559	-0.0564521867	0.1304086204	0.0685480695	-0.0831128946	0.0224670598	-0.046319206	-0.0329406688	-0.0588112374	-0.0568238245	-0.038372536	-0.0592499933	-0.0498526876	0.1163838658	0.024702859	0.0885771938	0.1405319401	0.0101985556	-0.0777162732	-0.0497473556	0.0068451811	0.0986058827	-0.0297283995	0.0403677796	-0.0816485389	0.0816451812	-0.0816395852	0.081631751	-0.0816216788	0.0816093689	-0.0815948217	0.0815780375	0.104031690890963	-0.0135030928132239	0.0001823335155225	0.0108225927096328	0.0497922075751091	-0.0114006785348124	0.0024792639352027	0.0001299754710541	0.3932107701046874	0.0246174413508057	0.0006060184186603	0.1546147097263213	-0.0006922302819398	-0.0005433645845121	4.791827632344551e-07	2.952450717020071e-07	0.0037933504525131	0.0016581961696529	1.438950765558134e-05	2.749614537051549e-06	-0.0038352131742928	-0.0018358676034093	3.370409857248173e-06	1.4708860092269054e-05	0.0	0.0
