#!ascii label  , from subject sub-v1s21x0050426_ses-1 vox2ras=TkReg
3390
51013  7.763  -19.611  57.162 0.6250000000
51012  8.319  -19.620  57.496 0.6250000000
127391  8.029  -20.124  57.363 0.6250000000
50054  8.637  -20.275  57.737 0.5000000000
118215  7.715  -20.454  57.061 0.6250000000
52034  9.776  -19.260  57.554 0.5000000000
52035  8.821  -19.139  57.571 0.6250000000
109628  11.103  -20.246  56.912 0.5000000000
51017  10.730  -19.807  57.224 0.5000000000
51010  10.155  -19.971  57.645 0.5000000000
50058  11.508  -20.673  56.458 0.5000000000
50059  11.000  -21.024  56.829 0.5000000000
51011  9.212  -19.741  57.748 0.5000000000
50051  10.602  -20.654  57.315 0.5000000000
50053  9.502  -20.467  57.930 0.5000000000
115415  6.945  -20.914  56.490 0.7500000000
53107  10.595  -18.223  55.793 0.7500000000
53098  10.665  -18.442  56.155 0.7500000000
53100  9.551  -17.956  56.171 0.7500000000
53095  9.043  -18.257  56.681 0.7500000000
53106  11.934  -18.383  55.188 0.7500000000
53097  11.261  -18.559  55.757 0.7500000000
52048  11.025  -18.806  56.378 0.7500000000
53093  10.473  -18.587  56.577 0.7500000000
53094  9.865  -18.369  56.637 0.7500000000
52041  9.399  -18.697  57.210 0.5000000000
52042  8.464  -18.653  57.182 0.6250000000
52053  12.172  -18.748  55.305 0.7500000000
52039  10.790  -19.163  56.945 0.6250000000
52040  10.204  -18.853  57.140 0.5000000000
52036  7.943  -19.098  57.383 0.6250000000
52046  12.241  -19.227  55.426 0.6250000000
51021  12.139  -19.826  55.694 0.6250000000
52038  11.308  -19.320  56.540 0.6250000000
127437  11.107  -19.647  56.880 0.5000000000
51018  10.405  -19.400  57.346 0.5000000000
50061  12.323  -20.454  55.260 0.5000000000
50057  12.010  -20.415  56.000 0.5000000000
51016  11.586  -19.898  56.482 0.5000000000
51019  7.373  -19.309  56.753 0.6250000000
52037  7.481  -19.140  57.038 0.6250000000
50065  12.453  -20.253  54.471 0.5000000000
48961  12.390  -21.195  55.050 0.5000000000
51014  7.537  -19.718  56.849 0.6250000000
51020  7.116  -19.886  56.385 0.6250000000
51015  7.332  -20.150  56.603 0.6250000000
120625  7.464  -20.487  56.776 0.6250000000
51024  6.263  -20.496  55.212 0.6250000000
114897  5.752  -21.413  54.924 0.6250000000
50062  6.655  -20.708  56.048 0.7500000000
50056  7.099  -21.090  56.731 0.7500000000
53108  9.972  -17.952  55.714 0.7500000000
53101  8.653  -17.887  56.198 0.7500000000
129237  11.145  -18.313  55.409 0.7500000000
53109  9.208  -17.710  55.656 0.7500000000
53110  8.252  -17.740  55.606 0.8750000000
53102  7.703  -18.159  56.184 0.7500000000
53096  8.131  -18.303  56.682 0.6250000000
52043  7.628  -18.737  56.988 0.6250000000
111849  11.598  -18.122  54.962 0.7500000000
111117  10.609  -18.058  55.164 0.7500000000
53104  7.100  -18.667  54.917 0.6250000000
52050  7.312  -18.811  56.081 0.6250000000
52052  12.828  -18.938  54.803 0.7500000000
52054  6.368  -18.915  54.392 0.6250000000
52051  7.177  -19.099  55.389 0.6250000000
51026  12.604  -19.568  54.762 0.7500000000
52058  4.364  -18.011  53.583 0.6250000000
52045  7.256  -19.224  56.404 0.6250000000
52055  5.548  -18.854  53.826 0.6250000000
51023  6.800  -19.685  55.518 0.6250000000
51028  5.850  -20.103  54.072 0.6250000000
51036  4.453  -19.459  52.803 0.6250000000
50068  5.365  -20.190  53.294 0.6250000000
50072  4.983  -20.305  52.882 0.6250000000
114259  5.382  -21.279  53.999 0.6250000000
50077  4.722  -20.368  52.584 0.5000000000
116345  5.066  -21.119  53.409 0.6250000000
48973  4.602  -21.286  52.382 0.5000000000
48970  4.645  -21.407  53.182 0.5000000000
48971  4.379  -21.943  52.871 0.5000000000
53135  11.773  -18.013  53.051 0.7500000000
53136  10.743  -17.972  52.856 0.7500000000
53127  11.047  -17.723  53.695 0.7500000000
53128  10.086  -17.726  53.577 0.7500000000
53117  10.343  -17.729  54.410 0.7500000000
53118  9.392  -17.639  54.354 0.8750000000
111390  8.811  -17.560  55.021 0.8750000000
112962  7.825  -17.723  54.917 0.7500000000
116361  6.848  -17.934  54.548 0.7500000000
52068  11.421  -18.275  52.206 0.7500000000
52067  12.633  -18.290  52.376 0.7500000000
53134  12.771  -18.004  53.405 0.7500000000
128566  12.806  -17.836  54.048 0.8750000000
117028  11.311  -17.778  54.428 0.8750000000
111116  9.708  -17.746  55.108 0.8750000000
53111  7.393  -18.043  55.398 0.8750000000
111464  14.085  -18.888  53.606 0.8750000000
52057  13.525  -18.552  53.986 0.7500000000
117256  12.469  -18.092  54.776 0.7500000000
53123  4.076  -17.400  53.730 0.8750000000
53112  6.886  -18.306  54.710 0.8750000000
52056  13.643  -18.997  54.011 0.6250000000
53105  12.855  -18.438  54.699 0.7500000000
52059  3.516  -17.497  53.641 0.7500000000
53114  5.220  -18.122  53.680 0.8750000000
50066  13.824  -19.524  53.374 0.6250000000
50064  13.206  -19.427  53.961 0.6250000000
51025  13.196  -19.082  54.331 0.6250000000
50070  13.365  -20.062  53.208 0.6250000000
50067  12.778  -20.029  53.832 0.5000000000
120087  3.501  -18.436  52.790 0.7500000000
52062  3.954  -18.222  53.460 0.7500000000
48968  12.503  -20.645  53.909 0.5000000000
109700  3.622  -18.848  51.860 0.6250000000
51032  4.548  -19.142  53.108 0.6250000000
51029  5.013  -18.983  53.459 0.6250000000
50071  13.282  -20.443  52.683 0.6250000000
48969  12.594  -21.016  53.486 0.6250000000
48965  12.424  -21.597  54.429 0.5000000000
116572  12.362  -22.065  54.085 0.3750000000
51041  4.101  -19.790  51.431 0.5000000000
51037  4.110  -19.394  52.420 0.6250000000
111074  3.955  -19.932  49.968 0.5000000000
50084  4.438  -20.646  50.971 0.5000000000
50078  4.463  -20.481  51.890 0.5000000000
50088  4.246  -20.776  50.205 0.5000000000
48974  4.556  -21.347  51.471 0.5000000000
114210  4.524  -21.602  50.593 0.5000000000
48997  3.964  -21.457  49.339 0.5000000000
52076  11.125  -18.472  51.383 0.7500000000
53121  5.854  -17.834  53.891 0.7500000000
120805  11.995  -18.440  51.615 0.7500000000
52066  13.613  -18.382  52.942 0.6250000000
53122  5.111  -17.748  53.673 1.0000000000
111732  6.092  -18.109  54.068 0.7500000000
52074  13.763  -18.462  52.047 0.6250000000
53125  13.435  -18.182  53.832 0.7500000000
53124  3.395  -17.024  53.829 0.8750000000
52060  14.607  -18.986  53.269 0.7500000000
53133  2.404  -17.082  53.127 0.8750000000
51031  14.600  -19.275  53.052 0.8750000000
53141  2.838  -17.773  52.994 0.7500000000
52063  3.323  -17.849  53.424 0.7500000000
52070  3.045  -18.101  51.954 0.7500000000
50076  14.116  -20.065  52.365 0.6250000000
53147  2.750  -17.684  51.079 0.8750000000
130844  3.249  -18.324  52.432 0.7500000000
48979  13.648  -20.541  51.780 0.6250000000
124850  3.372  -18.255  50.479 0.5000000000
110923  3.402  -18.564  51.084 0.6250000000
51044  3.686  -19.108  50.347 0.5000000000
126852  3.784  -19.290  51.016 0.6250000000
111636  4.096  -19.940  50.596 0.5000000000
50101  3.645  -20.803  48.982 0.6250000000
50095  3.924  -20.680  49.650 0.6250000000
49005  3.963  -21.536  48.411 0.5000000000
52075  12.889  -18.424  51.217 0.6250000000
111888  14.026  -18.487  51.096 0.6250000000
54209  2.447  -16.501  53.453 1.0000000000
54208  2.917  -16.460  53.740 1.0000000000
52072  15.457  -18.874  51.455 0.7500000000
52064  15.232  -19.011  52.333 0.7500000000
52065  14.560  -18.669  52.727 0.7500000000
54213  1.968  -16.578  52.733 1.0000000000
51040  15.627  -19.392  51.348 0.7500000000
51030  14.978  -19.110  52.755 0.7500000000
121149  2.494  -16.941  50.385 1.0000000000
54216  1.891  -16.720  51.483 1.0000000000
51035  14.862  -19.571  52.232 0.7500000000
54221  3.067  -16.865  49.553 1.0000000000
50075  14.770  -19.949  51.872 0.6250000000
52098  3.407  -17.437  49.263 1.0000000000
53153  3.175  -17.568  50.088 0.7500000000
50083  14.562  -20.262  51.617 0.6250000000
109919  3.502  -18.313  49.832 0.8750000000
128667  13.567  -20.903  50.985 0.6250000000
110023  3.499  -17.594  48.554 0.6250000000
51051  3.661  -19.152  49.643 0.6250000000
48985  14.008  -21.107  50.238 0.6250000000
51070  3.481  -19.115  48.131 0.6250000000
51059  3.581  -19.142  48.956 0.6250000000
111073  3.691  -19.972  49.366 0.6250000000
112671  3.476  -20.034  48.552 0.6250000000
50108  3.720  -20.928  47.973 0.5000000000
121603  3.855  -21.182  45.933 0.5000000000
50114  3.656  -21.177  46.928 0.5000000000
49017  3.831  -21.983  46.342 0.5000000000
47848  4.156  -22.289  46.005 0.5000000000
52092  13.900  -18.515  49.428 0.6250000000
52083  12.548  -18.529  50.283 0.6250000000
110299  14.368  -18.490  50.275 0.6250000000
55187  1.676  -15.815  52.360 0.8750000000
126892  14.839  -18.503  49.318 0.6250000000
131013  14.609  -18.485  49.785 0.6250000000
52082  14.975  -18.573  50.951 0.5000000000
113735  1.750  -15.728  51.165 0.8750000000
52090  15.681  -18.730  49.373 0.5000000000
117570  15.896  -18.841  50.148 0.5000000000
52080  16.287  -19.201  50.581 0.5000000000
51034  15.221  -19.517  51.773 0.7500000000
54222  2.640  -16.227  49.758 1.0000000000
52071  15.969  -19.141  51.047 0.5000000000
50073  15.980  -20.230  51.067 0.7500000000
50081  15.890  -20.846  50.938 0.7500000000
50082  15.176  -20.435  51.157 0.6250000000
111377  3.394  -16.836  48.649 1.0000000000
48978  14.582  -20.708  50.864 0.6250000000
111071  3.452  -16.903  47.903 1.0000000000
53169  3.431  -17.303  47.004 0.8750000000
52122  3.511  -18.037  47.723 1.0000000000
48996  14.471  -21.519  49.660 0.6250000000
52131  3.769  -19.087  47.174 0.5000000000
121815  3.547  -20.096  47.569 0.5000000000
51081  3.819  -20.117  46.553 0.5000000000
110900  4.207  -20.997  44.861 0.5000000000
49023  4.103  -21.883  45.517 0.5000000000
130622  16.260  -19.184  48.558 0.5000000000
113601  15.119  -18.581  48.676 0.6250000000
121075  14.281  -18.558  48.578 0.6250000000
117382  1.780  -14.684  50.769 0.8750000000
52105  16.355  -19.139  49.096 0.5000000000
51049  17.704  -20.142  49.586 0.5000000000
51050  17.099  -19.611  49.577 0.5000000000
52089  16.436  -19.154  49.918 0.5000000000
51039  16.421  -19.775  50.840 0.5000000000
55195  3.157  -15.679  48.530 0.8750000000
50086  17.814  -20.620  49.928 0.5000000000
51042  17.481  -20.140  50.117 0.5000000000
51043  16.911  -19.633  50.373 0.5000000000
125004  3.323  -15.511  48.025 1.0000000000
128624  17.706  -20.837  50.288 0.5000000000
50079  17.313  -21.078  50.608 0.3750000000
50080  16.686  -21.225  50.768 0.5000000000
114900  3.444  -16.102  47.677 1.0000000000
50087  15.630  -21.157  50.681 0.6250000000
48984  15.138  -21.352  50.192 0.6250000000
115973  3.671  -18.263  46.581 0.7500000000
47801  14.807  -21.858  49.256 0.6250000000
51091  3.971  -20.024  45.576 0.5000000000
118898  3.890  -19.229  46.249 0.5000000000
51102  4.104  -19.767  44.581 0.5000000000
111072  4.347  -20.521  43.904 0.3750000000
49030  4.472  -21.624  44.703 0.5000000000
121923  4.478  -21.212  44.106 0.3750000000
50132  4.481  -21.014  43.404 0.3750000000
50136  4.545  -20.796  42.637 0.3750000000
56148  2.355  -14.262  48.925 0.8750000000
120473  2.068  -14.581  49.745 0.8750000000
49009  19.009  -21.422  48.630 0.3750000000
49010  18.646  -21.022  48.229 0.3750000000
50099  18.443  -20.783  48.541 0.3750000000
50107  17.690  -20.237  48.274 0.3750000000
51055  17.595  -19.957  48.893 0.3750000000
55196  2.803  -15.331  49.195 0.8750000000
47810  19.395  -22.166  49.050 0.2500000000
49004  18.775  -21.121  48.820 0.3750000000
50093  18.495  -20.839  49.081 0.2500000000
50100  18.169  -20.488  48.741 0.3750000000
50094  18.111  -20.495  49.300 0.5000000000
114152  3.099  -14.892  48.472 0.8750000000
47797  19.952  -23.003  49.583 0.2500000000
47798  19.264  -22.440  49.873 0.2500000000
48994  18.686  -21.346  49.417 0.2500000000
50085  18.346  -21.049  49.556 0.3750000000
126726  17.885  -21.109  50.114 0.3750000000
47782  19.964  -23.300  50.215 0.2500000000
47783  19.362  -22.918  50.185 0.2500000000
47784  19.033  -22.560  50.116 0.3750000000
118948  18.532  -22.322  50.117 0.5000000000
48982  17.969  -21.697  50.226 0.5000000000
48975  17.364  -21.897  50.462 0.5000000000
48976  16.875  -21.989  50.546 0.5000000000
48977  16.344  -21.648  50.635 0.5000000000
47774  18.819  -23.024  50.334 0.3750000000
47775  18.026  -22.609  50.252 0.5000000000
47785  17.734  -23.191  50.114 0.5000000000
47786  17.212  -22.984  50.175 0.5000000000
47787  16.709  -22.427  50.341 0.5000000000
47800  16.260  -22.521  49.989 0.3750000000
48983  16.001  -21.922  50.351 0.6250000000
46715  17.498  -23.460  49.947 0.5000000000
47799  16.907  -23.047  50.011 0.3750000000
48995  15.484  -21.978  49.830 0.6250000000
114188  3.488  -16.029  46.917 1.0000000000
110405  15.719  -22.360  49.452 0.6250000000
126298  3.454  -16.737  46.441 0.8750000000
114588  3.641  -17.553  45.952 0.8750000000
52137  3.922  -18.703  45.404 0.5000000000
52144  4.069  -18.668  44.281 0.6250000000
51110  4.317  -19.511  43.685 0.6250000000
51118  4.507  -19.199  42.884 0.5000000000
110963  4.432  -20.208  43.111 0.3750000000
112720  4.418  -19.808  42.224 0.3750000000
113511  4.246  -19.782  41.315 0.3750000000
50141  4.505  -20.599  41.810 0.3750000000
50148  4.314  -20.468  40.982 0.2500000000
46745  20.829  -23.489  49.252 0.2500000000
47809  20.212  -22.756  48.546 0.3750000000
56144  1.324  -13.810  50.251 0.8750000000
46728  21.339  -24.307  50.313 0.2500000000
112171  3.043  -13.842  48.277 0.8750000000
57157  2.103  -13.507  49.016 0.8750000000
45587  21.592  -24.888  51.129 0.2500000000
126437  21.001  -24.589  51.054 0.2500000000
46729  20.530  -23.856  50.289 0.2500000000
120173  3.274  -14.672  47.794 0.8750000000
122758  22.277  -24.835  50.858 0.2500000000
44558  21.596  -24.947  51.196 0.3750000000
46713  20.381  -24.366  50.956 0.3750000000
125742  20.021  -24.389  50.888 0.3750000000
131764  19.635  -24.045  50.669 0.3750000000
44557  22.584  -25.041  50.831 0.3750000000
45577  20.931  -24.768  51.220 0.5000000000
44549  20.284  -24.920  51.393 0.5000000000
45569  20.075  -24.874  51.188 0.5000000000
45570  19.688  -24.476  50.754 0.5000000000
46702  18.481  -23.495  50.189 0.5000000000
46714  18.158  -23.861  49.944 0.5000000000
55206  3.405  -15.381  47.388 1.0000000000
117381  3.390  -14.584  47.019 1.0000000000
43628  21.938  -25.694  49.509 0.7500000000
127841  20.814  -25.286  50.664 0.3750000000
44560  20.015  -24.987  51.156 0.5000000000
44561  19.384  -24.983  50.538 0.6250000000
45588  18.785  -24.822  50.031 0.6250000000
46730  17.864  -24.002  49.731 0.6250000000
45590  17.639  -23.962  49.552 0.6250000000
46731  17.274  -23.527  49.705 0.3750000000
46732  16.519  -22.999  49.548 0.3750000000
118958  3.477  -14.550  46.190 1.0000000000
126729  20.924  -25.712  49.166 0.5000000000
44575  20.417  -25.546  49.685 0.6250000000
44576  19.506  -25.316  49.286 0.6250000000
44569  19.001  -24.879  49.972 0.6250000000
112679  18.409  -24.524  49.786 0.6250000000
46746  17.029  -23.542  49.288 0.3750000000
115235  3.472  -16.067  45.682 1.0000000000
44587  18.289  -24.746  48.346 0.6250000000
115184  17.700  -24.297  48.757 0.6250000000
46747  16.306  -23.067  48.827 0.5000000000
47811  15.872  -22.609  49.053 0.5000000000
110221  3.584  -16.918  45.492 0.8750000000
122812  3.554  -15.700  44.390 0.8750000000
45608  17.119  -23.998  48.171 0.5000000000
53172  3.875  -17.611  44.762 0.7500000000
53178  3.853  -17.066  43.767 0.7500000000
116674  3.670  -16.155  43.521 0.8750000000
111008  3.785  -15.851  42.744 0.8750000000
46781  16.469  -23.530  47.453 0.2500000000
131007  4.054  -17.878  43.865 0.7500000000
54257  3.840  -16.676  42.822 0.7500000000
54262  3.895  -16.535  42.031 0.6250000000
54273  4.006  -16.901  41.370 0.6250000000
115646  16.023  -23.268  46.557 0.3750000000
53184  4.106  -17.570  43.109 0.6250000000
53189  3.985  -17.297  42.233 0.6250000000
53193  4.010  -17.262  41.473 0.6250000000
125491  4.056  -17.113  40.954 0.6250000000
52149  4.317  -18.499  43.422 0.6250000000
129578  4.331  -18.209  42.604 0.6250000000
52155  4.148  -18.027  41.784 0.6250000000
53199  4.072  -17.386  40.932 0.6250000000
131998  4.371  -18.836  42.195 0.6250000000
52161  4.064  -18.035  40.962 0.5000000000
129597  4.131  -17.843  40.567 0.5000000000
52168  4.185  -18.089  40.205 0.5000000000
51125  4.222  -18.909  41.517 0.6250000000
112777  4.097  -18.998  40.762 0.5000000000
52169  4.117  -18.401  40.336 0.3750000000
51136  4.067  -19.255  40.161 0.2500000000
51135  4.167  -19.698  39.623 0.2500000000
46763  21.136  -23.213  48.100 0.2500000000
46744  21.764  -23.933  49.120 0.2500000000
57156  3.083  -12.869  48.504 0.8750000000
45597  22.326  -24.724  50.648 0.1250000000
57165  3.420  -12.882  47.615 0.8750000000
114885  3.359  -13.766  47.352 0.8750000000
56164  3.505  -13.791  46.476 0.8750000000
44566  22.926  -25.496  50.120 0.6250000000
44567  21.975  -25.445  50.257 0.6250000000
56170  3.635  -13.986  45.492 0.8750000000
57195  3.952  -13.473  44.890 0.7500000000
57194  4.323  -13.326  44.614 0.7500000000
57193  4.668  -13.233  44.459 0.7500000000
43627  22.498  -25.653  49.620 0.7500000000
43629  21.266  -25.657  49.718 0.7500000000
57212  3.984  -13.926  44.038 0.7500000000
57211  4.331  -13.802  43.818 0.7500000000
43631  22.346  -25.770  49.011 0.6250000000
43632  21.548  -25.750  49.047 0.6250000000
113315  20.311  -25.598  48.783 0.5000000000
44577  18.704  -24.845  49.250 0.6250000000
55218  3.496  -15.003  45.240 0.8750000000
56179  3.721  -14.269  44.472 0.7500000000
56193  4.029  -14.345  43.261 0.7500000000
56192  4.369  -14.168  43.203 0.7500000000
43633  21.017  -25.677  48.491 0.6250000000
44585  19.588  -25.467  48.164 0.5000000000
44586  18.968  -25.165  48.543 0.5000000000
45607  17.593  -24.390  47.707 0.6250000000
131817  3.594  -14.965  44.123 0.8750000000
128582  3.804  -14.573  43.513 0.8750000000
56211  4.067  -14.849  42.796 0.8750000000
44601  18.219  -24.783  47.087 0.3750000000
115150  17.037  -24.044  47.294 0.3750000000
55227  3.650  -15.313  43.368 0.8750000000
56194  3.836  -15.054  42.917 0.8750000000
55242  4.310  -15.435  42.311 0.8750000000
45617  17.456  -24.303  46.518 0.6250000000
55243  3.961  -15.772  42.357 0.7500000000
55265  3.997  -16.463  41.770 0.7500000000
128116  17.277  -24.131  45.025 0.2500000000
45618  16.673  -23.744  46.558 0.3750000000
54272  4.067  -16.759  41.309 0.6250000000
54271  4.397  -16.598  41.216 0.6250000000
54294  4.210  -17.089  40.779 0.6250000000
53198  4.201  -17.598  40.531 0.5000000000
53209  4.477  -18.099  39.855 0.3750000000
52173  4.235  -18.730  39.768 0.3750000000
51142  4.415  -19.256  39.180 0.1250000000
51141  4.735  -19.614  38.820 0.1250000000
46743  22.740  -24.137  49.075 0.1250000000
45596  23.243  -24.555  50.427 0.1250000000
45586  22.996  -24.944  50.992 0.2500000000
58255  3.518  -12.064  47.803 0.7500000000
44556  23.378  -25.209  50.700 0.3750000000
58265  3.850  -12.110  47.014 0.8750000000
58279  3.976  -12.278  46.196 0.8750000000
44565  23.669  -25.606  50.007 0.5000000000
58296  4.175  -12.765  45.411 0.8750000000
58295  4.532  -12.680  45.205 0.7500000000
43626  23.051  -25.675  49.468 0.7500000000
58294  4.981  -12.569  45.023 0.7500000000
43637  22.450  -25.738  48.165 0.6250000000
43638  21.729  -25.699  48.325 0.6250000000
56191  5.163  -14.086  43.151 0.7500000000
57210  4.808  -13.655  43.739 0.7500000000
43644  22.563  -25.697  47.271 0.6250000000
43639  21.075  -25.620  47.643 0.6250000000
44584  20.366  -25.607  47.864 0.6250000000
44599  19.628  -25.483  47.025 0.5000000000
44600  18.895  -25.219  47.582 0.5000000000
56209  5.768  -14.549  42.771 0.7500000000
56210  4.695  -14.647  42.727 0.8750000000
43650  21.634  -25.607  46.368 0.6250000000
43646  21.019  -25.597  46.672 0.5000000000
44598  20.432  -25.586  47.034 0.5000000000
122893  18.878  -25.181  46.532 0.5000000000
55241  5.210  -15.229  42.262 0.7500000000
44617  18.267  -24.757  45.998 0.5000000000
55262  5.824  -15.708  41.707 0.7500000000
55263  4.801  -15.931  41.731 0.7500000000
45625  17.628  -24.387  45.462 0.2500000000
55286  5.263  -16.341  41.123 0.6250000000
45637  17.563  -24.418  44.606 0.2500000000
54292  5.660  -16.610  40.383 0.5000000000
54293  4.760  -16.943  40.578 0.3750000000
54314  5.192  -17.311  39.968 0.3750000000
54315  4.577  -17.529  40.240 0.5000000000
54336  5.550  -17.541  39.285 0.1250000000
53208  4.967  -17.870  39.646 0.1250000000
53225  4.879  -18.273  39.375 0.1250000000
52182  4.620  -18.625  39.312 0.2500000000
53243  5.658  -18.095  38.540 0.1250000000
52181  5.025  -18.574  38.962 0.1250000000
131442  4.759  -18.974  38.920 0.1250000000
46727  23.967  -24.246  50.358 0.2500000000
45576  24.569  -24.762  51.392 0.5000000000
119510  3.857  -11.573  47.374 0.7500000000
44563  24.780  -25.361  50.799 0.5000000000
44555  24.158  -25.244  50.882 0.5000000000
130010  4.022  -12.064  46.546 0.8750000000
59369  4.766  -11.471  46.483 0.7500000000
44573  24.162  -25.634  49.338 0.5000000000
44564  24.356  -25.565  50.232 0.5000000000
59381  4.358  -11.814  46.386 0.8750000000
58278  4.763  -12.031  45.807 0.8750000000
58277  5.413  -12.049  45.543 0.8750000000
44572  25.203  -25.479  50.014 0.6250000000
44574  23.485  -25.703  49.269 0.7500000000
58314  5.288  -13.135  44.358 0.7500000000
44581  26.114  -25.095  48.231 0.6250000000
44582  25.120  -25.447  48.826 0.7500000000
111188  24.318  -25.675  48.140 0.7500000000
44583  23.551  -25.741  48.584 0.7500000000
43636  23.016  -25.787  48.779 0.6250000000
57209  5.762  -13.643  43.664 0.7500000000
45616  27.593  -24.463  47.285 0.7500000000
131179  26.827  -24.881  48.237 0.7500000000
44594  24.960  -25.408  47.123 0.8750000000
120814  23.570  -25.753  47.643 0.7500000000
43643  23.047  -25.785  47.979 0.6250000000
43649  22.167  -25.634  46.580 0.6250000000
57227  6.452  -14.053  43.171 0.8750000000
44580  26.972  -24.741  47.395 0.7500000000
44593  26.088  -25.064  47.031 0.7500000000
44595  24.121  -25.640  47.167 0.7500000000
44596  23.072  -25.714  47.194 0.7500000000
44614  21.094  -25.595  45.684 0.5000000000
44615  20.061  -25.518  45.978 0.5000000000
44616  19.049  -25.236  45.454 0.5000000000
55261  7.038  -15.523  41.803 0.6250000000
45615  28.123  -24.290  46.614 0.7500000000
44592  27.616  -24.573  46.451 0.7500000000
111239  27.058  -24.799  46.242 0.7500000000
44609  26.473  -24.934  46.006 0.7500000000
44610  25.574  -25.118  46.174 0.7500000000
44611  24.434  -25.376  46.182 0.6250000000
44612  23.125  -25.569  45.769 0.8750000000
44597  22.715  -25.626  46.328 0.6250000000
44613  21.975  -25.598  45.633 0.6250000000
44632  20.392  -25.556  44.812 0.3750000000
111856  19.705  -25.446  45.133 0.5000000000
44635  18.234  -24.783  45.001 0.5000000000
55284  7.447  -15.913  40.886 0.5000000000
55285  6.332  -16.055  41.015 0.5000000000
44590  28.723  -24.832  45.678 0.6250000000
44591  28.171  -24.755  45.811 0.7500000000
44629  24.231  -25.279  45.080 0.5000000000
44630  23.335  -25.448  44.882 0.6250000000
110284  22.633  -25.552  45.244 0.5000000000
110271  22.089  -25.573  44.583 0.5000000000
44631  21.371  -25.585  44.756 0.5000000000
44633  19.434  -25.414  44.391 0.5000000000
44634  18.697  -25.103  44.490 0.5000000000
54291  6.717  -16.328  40.201 0.5000000000
110110  20.313  -25.695  43.234 0.2500000000
44653  18.037  -24.822  43.942 0.3750000000
54310  9.098  -16.309  39.059 0.1250000000
54311  8.187  -16.464  39.258 0.3750000000
54290  7.820  -16.199  40.053 0.3750000000
44651  19.513  -25.566  43.418 0.2500000000
44652  18.758  -25.281  43.632 0.2500000000
54333  8.489  -16.661  38.446 0.1250000000
54334  7.501  -16.838  38.664 0.3750000000
54313  6.025  -16.852  39.626 0.2500000000
54353  9.545  -16.516  37.545 0.1250000000
54354  8.746  -16.764  37.517 0.1250000000
53222  6.798  -17.364  38.214 0.1250000000
53223  5.904  -17.713  38.609 0.1250000000
54355  8.009  -17.153  37.043 0.1250000000
53241  7.233  -17.521  37.506 0.1250000000
53242  6.264  -17.984  37.922 0.1250000000
45573  26.466  -24.350  51.145 0.6250000000
46710  25.900  -24.019  51.693 0.6250000000
45584  26.245  -24.854  50.730 0.6250000000
44554  24.812  -24.988  51.354 0.5000000000
45595  26.582  -24.800  49.849 0.5000000000
44553  25.486  -25.079  51.091 0.5000000000
59380  5.266  -11.546  46.083 0.7500000000
45594  27.143  -24.535  49.228 0.6250000000
110813  25.836  -25.297  49.195 0.7500000000
45604  27.955  -24.475  47.786 0.7500000000
45605  27.319  -24.726  48.233 0.6250000000
45606  26.575  -24.939  48.963 0.6250000000
58313  6.273  -13.076  44.284 0.7500000000
45603  28.508  -23.978  47.269 0.7500000000
45593  27.657  -24.467  48.482 0.6250000000
56207  8.125  -14.339  42.428 0.7500000000
57226  7.517  -13.899  43.017 0.7500000000
56246  9.961  -14.785  39.930 0.2500000000
55282  9.249  -15.282  40.316 0.1250000000
56236  8.974  -15.025  41.077 0.5000000000
56223  7.841  -15.005  42.067 0.7500000000
56208  7.044  -14.726  42.584 0.7500000000
45624  29.605  -25.014  45.548 0.6250000000
45614  28.992  -24.251  46.356 0.6250000000
55296  10.279  -15.154  39.149 0.1250000000
55297  9.554  -15.616  39.554 0.1250000000
55283  8.459  -15.714  40.648 0.5000000000
129688  9.857  -15.966  38.738 0.1250000000
55298  8.792  -16.041  39.883 0.1250000000
55308  10.565  -15.519  38.352 0.1250000000
55315  10.772  -15.792  37.526 0.1250000000
54352  10.109  -16.238  37.944 0.1250000000
54369  10.944  -15.958  36.642 0.1250000000
55335  11.825  -15.504  35.467 0.1250000000
54398  11.166  -16.007  34.827 0.1250000000
119431  10.313  -16.396  35.980 0.1250000000
110445  10.088  -16.375  36.979 0.1250000000
54370  9.440  -16.762  36.094 0.1250000000
46724  26.923  -23.927  50.829 0.6250000000
46709  26.393  -23.995  51.533 0.5000000000
46723  27.580  -23.570  49.996 0.5000000000
46738  27.713  -23.966  49.027 0.5000000000
46739  27.253  -24.121  49.926 0.6250000000
59379  6.608  -11.397  45.705 0.8750000000
111900  5.838  -11.611  45.782 0.8750000000
111740  28.345  -23.760  48.494 0.5000000000
58292  6.825  -12.466  44.756 0.8750000000
46758  28.220  -24.233  48.220 0.7500000000
131308  8.988  -13.905  42.059 0.6250000000
57225  8.506  -13.516  42.702 0.7500000000
58312  7.409  -12.877  44.074 0.8750000000
46757  28.748  -23.726  47.830 0.7500000000
56221  9.281  -14.173  41.310 0.5000000000
56255  10.945  -14.687  38.706 0.1250000000
56245  10.661  -14.227  39.463 0.1250000000
122969  9.607  -14.462  40.628 0.3750000000
45602  29.483  -23.692  47.004 0.6250000000
55307  11.262  -15.018  37.944 0.1250000000
45623  30.726  -24.909  45.295 0.3750000000
45636  31.206  -24.926  44.434 0.5000000000
55314  11.466  -15.301  37.136 0.1250000000
55325  12.244  -14.845  36.082 0.1250000000
56316  13.016  -14.132  34.041 0.1250000000
123675  12.581  -14.742  34.518 0.1250000000
55326  11.673  -15.452  36.327 0.1250000000
55334  12.413  -14.825  35.254 0.1250000000
47792  28.678  -22.401  49.593 0.6250000000
47793  28.037  -22.908  50.116 0.3750000000
47808  29.235  -22.610  48.779 0.5000000000
46737  28.278  -23.199  49.132 0.6250000000
129301  29.410  -23.225  47.598 0.6250000000
119245  28.893  -23.191  48.213 0.6250000000
57239  9.658  -13.388  41.577 0.6250000000
57224  9.341  -13.062  42.274 0.7500000000
46756  30.541  -23.260  47.458 0.5000000000
57248  10.380  -13.200  40.511 0.2500000000
46775  31.582  -23.378  46.728 0.6250000000
46776  30.788  -23.928  46.782 0.5000000000
56234  10.297  -13.889  40.190 0.1250000000
114266  31.896  -23.283  45.805 0.6250000000
45612  31.324  -24.136  46.082 0.6250000000
56254  11.489  -14.168  38.257 0.1250000000
46791  31.571  -24.096  45.122 0.6250000000
56285  12.615  -14.068  35.833 0.1250000000
57295  12.503  -13.283  36.321 0.1250000000
56272  12.274  -14.143  36.583 0.1250000000
123006  31.527  -23.967  44.032 0.5000000000
56273  11.946  -14.829  36.718 0.1250000000
57323  13.027  -13.351  34.606 0.1250000000
129084  28.145  -22.142  50.131 0.6250000000
47807  30.262  -22.211  48.552 0.6250000000
47818  31.083  -22.610  48.078 0.6250000000
57262  10.989  -13.383  39.338 0.1250000000
47828  32.226  -22.345  46.435 0.6250000000
111217  31.858  -23.128  44.852 0.7500000000
127190  31.328  -23.335  43.193 0.6250000000
57285  11.829  -13.500  37.751 0.1250000000
57274  11.451  -13.409  38.576 0.1250000000
57284  12.076  -13.604  37.011 0.1250000000
48988  28.616  -21.267  49.951 0.6250000000
48987  29.643  -20.740  49.479 0.6250000000
49000  29.573  -21.869  49.274 0.6250000000
48999  30.583  -21.380  48.881 0.6250000000
49007  31.389  -21.863  48.362 0.6250000000
120048  31.944  -22.182  47.901 0.7500000000
47817  31.817  -22.719  47.439 0.6250000000
49012  32.388  -21.834  47.222 0.6250000000
47838  31.990  -22.228  45.431 0.6250000000
46804  31.453  -22.588  43.793 0.6250000000
47879  30.650  -22.748  42.106 0.3750000000
47898  30.541  -22.965  41.269 0.2500000000
58390  12.292  -12.601  36.363 0.1250000000
58381  12.030  -12.859  37.135 0.1250000000
51054  29.632  -19.534  49.592 0.6250000000
48998  31.584  -20.892  48.418 0.6250000000
49006  32.207  -21.388  47.820 0.7500000000
126757  32.611  -20.928  47.017 0.7500000000
50115  32.447  -20.615  46.233 0.6250000000
47827  32.252  -21.346  45.807 0.6250000000
47851  31.651  -22.075  44.620 0.7500000000
49039  30.815  -21.187  43.216 0.7500000000
128761  30.607  -21.896  42.612 0.5000000000
49040  30.343  -21.137  42.460 0.3750000000
49052  29.920  -21.697  41.139 0.2500000000
47899  30.137  -22.413  40.880 0.2500000000
49076  29.600  -21.777  39.988 0.2500000000
49077  29.436  -21.610  39.298 0.2500000000
51061  32.385  -19.335  47.817 0.7500000000
50102  32.504  -20.059  46.708 0.7500000000
50116  31.978  -20.438  45.413 0.7500000000
114564  31.475  -20.646  44.638 0.8750000000
49024  31.768  -21.288  44.973 0.7500000000
50133  30.171  -20.324  42.380 0.3750000000
50150  29.518  -20.960  39.792 0.2500000000
50158  29.414  -20.790  39.036 0.1250000000
50166  29.193  -20.656  38.303 0.1250000000
50167  28.864  -20.656  37.524 0.1250000000
127955  32.543  -19.554  47.152 0.6250000000
121140  32.290  -19.873  46.007 0.7500000000
50121  31.454  -19.981  44.825 0.8750000000
49031  30.904  -20.537  43.957 0.8750000000
50137  29.828  -20.260  41.284 0.5000000000
50142  29.702  -20.170  40.231 0.3750000000
119144  29.453  -19.715  38.739 0.3750000000
50177  28.503  -20.661  36.729 0.1250000000
52123  32.525  -18.399  46.808 0.6250000000
51072  32.025  -19.317  45.904 0.6250000000
119870  31.797  -18.924  45.757 0.6250000000
51092  31.631  -19.400  45.364 0.8750000000
51103  30.188  -19.459  43.982 0.8750000000
50126  30.505  -20.113  43.418 0.8750000000
51119  30.059  -19.332  41.780 0.8750000000
51127  29.818  -19.324  40.003 0.3750000000
51132  29.662  -19.661  39.563 0.3750000000
110534  29.196  -19.855  37.776 0.3750000000
51144  28.901  -19.882  36.989 0.2500000000
51156  28.443  -19.890  36.259 0.1250000000
52138  31.400  -18.854  45.315 0.8750000000
52150  30.146  -18.777  42.524 1.0000000000
132281  30.123  -18.291  41.733 1.0000000000
51126  29.920  -19.396  40.752 0.6250000000
52163  29.922  -18.553  40.194 0.5000000000
52174  29.473  -18.501  38.439 0.5000000000
120431  29.310  -19.078  37.945 0.2500000000
51143  29.222  -19.090  37.211 0.2500000000
51155  28.847  -19.116  36.464 0.1250000000
53166  32.403  -17.900  46.530 0.6250000000
118759  31.373  -18.225  45.248 0.7500000000
125758  30.643  -18.599  44.683 0.8750000000
131552  30.190  -18.389  43.504 1.0000000000
53185  30.265  -17.606  42.311 1.0000000000
53190  30.134  -17.517  41.268 1.0000000000
52170  29.676  -18.741  39.351 0.5000000000
53213  29.721  -17.792  38.872 0.5000000000
52183  29.439  -18.168  37.551 0.3750000000
53170  32.301  -17.311  46.098 0.7500000000
53174  31.147  -17.745  44.865 0.6250000000
53179  30.633  -17.546  44.166 1.0000000000
116185  30.496  -17.283  43.182 1.0000000000
53194  30.042  -17.668  40.437 0.8750000000
53201  29.908  -17.821  39.670 0.6250000000
119273  29.668  -17.714  38.158 0.6250000000
53230  30.035  -17.312  37.512 0.3750000000
113840  32.111  -16.539  45.537 0.5000000000
131714  31.789  -16.191  44.887 0.5000000000
54253  30.926  -16.499  43.596 0.7500000000
54258  30.608  -16.614  42.578 0.8750000000
54265  30.436  -16.686  41.643 0.8750000000
54283  30.381  -16.758  40.583 0.8750000000
116325  30.185  -17.156  39.917 0.7500000000
54324  30.981  -16.438  38.837 0.6250000000
53200  30.232  -17.128  39.199 0.6250000000
53212  30.381  -17.053  38.313 0.6250000000
55213  32.364  -15.666  45.143 0.5000000000
54252  31.614  -15.938  44.292 0.6250000000
54247  31.348  -16.831  44.678 0.6250000000
55221  31.535  -15.774  43.449 0.6250000000
55235  31.107  -16.002  42.842 0.6250000000
55251  31.015  -15.981  42.052 0.8750000000
54264  31.033  -16.105  41.075 0.7500000000
54282  31.191  -16.072  40.119 0.8750000000
54303  31.504  -16.032  39.327 0.6250000000
116790  31.401  -16.413  38.140 0.7500000000
55219  33.635  -14.912  44.712 0.3750000000
55220  32.487  -15.323  44.027 0.3750000000
119041  33.554  -14.958  43.939 0.3750000000
55234  31.856  -15.511  42.689 0.5000000000
55249  32.748  -15.434  42.007 0.6250000000
55274  31.951  -15.786  40.595 0.7500000000
54281  32.146  -15.816  39.820 0.8750000000
54323  31.908  -15.997  38.648 1.0000000000
117989  32.348  -16.123  38.016 0.7500000000
55233  33.066  -15.257  43.053 0.3750000000
54302  32.441  -15.840  39.185 0.7500000000
54322  32.791  -15.961  38.627 0.8750000000
118158  33.097  -16.133  38.209 0.8750000000
109816  34.770  -15.078  42.424 0.3750000000
55232  34.331  -14.844  43.443 0.3750000000
115858  34.242  -15.423  41.446 0.5000000000
55248  33.761  -15.341  42.302 0.3750000000
54279  33.829  -15.661  39.801 0.5000000000
55273  32.710  -15.556  41.033 0.5000000000
54301  33.270  -15.831  39.168 0.5000000000
54280  33.019  -15.722  39.753 0.6250000000
54321  33.528  -16.022  38.644 0.5000000000
54357  37.739  -16.719  36.899 0.1250000000
54339  36.876  -16.396  37.374 0.1250000000
54342  33.788  -16.283  38.016 0.5000000000
115764  34.617  -16.413  37.337 0.5000000000
54341  34.672  -16.279  38.208 0.3750000000
54359  35.799  -16.382  36.876 0.5000000000
54343  32.975  -16.269  37.642 0.8750000000
54360  35.023  -16.453  36.387 0.5000000000
54361  33.537  -16.410  37.129 0.5000000000
55247  35.201  -15.360  41.576 0.3750000000
55271  34.613  -15.581  40.585 0.5000000000
114964  34.017  -15.840  39.214 0.5000000000
53248  38.703  -17.097  37.508 0.2500000000
54338  38.016  -16.705  37.873 0.2500000000
54340  35.822  -16.259  37.982 0.2500000000
54320  34.294  -16.090  38.714 0.5000000000
53263  38.439  -17.240  36.510 0.1250000000
131770  38.296  -17.345  35.683 0.1250000000
55269  36.693  -15.627  41.183 0.2500000000
55246  36.170  -15.299  41.728 0.3750000000
126893  37.220  -15.843  40.780 0.2500000000
55270  35.698  -15.614  40.945 0.3750000000
54298  37.184  -16.092  40.024 0.2500000000
54277  36.301  -15.830  40.473 0.3750000000
54278  35.268  -15.788  40.147 0.3750000000
129039  34.494  -15.731  39.799 0.3750000000
110725  36.480  -16.173  39.014 0.2500000000
54299  35.831  -16.004  39.669 0.2500000000
54300  34.814  -15.917  39.387 0.5000000000
54318  37.201  -16.392  38.378 0.2500000000
54319  35.242  -16.125  38.846 0.5000000000
117998  37.915  -17.144  34.998 0.3750000000
53271  38.192  -17.437  34.244 0.5000000000
53282  37.730  -17.284  33.314 0.3750000000
111781  37.800  -16.365  39.321 0.2500000000
54337  38.936  -16.986  38.333 0.2500000000
53281  38.584  -17.656  33.509 0.5000000000
112950  38.604  -17.630  35.105 0.3750000000
53262  38.982  -17.698  36.027 0.2500000000
53296  37.591  -17.340  32.376 0.3750000000
53311  37.334  -17.407  31.548 0.6250000000
53328  37.478  -17.495  30.840 0.7500000000
113831  36.151  -17.208  30.197 0.6250000000
126651  36.645  -17.415  29.320 0.6250000000
53295  38.376  -17.565  32.651 0.5000000000
53327  38.259  -17.588  31.038 0.8750000000
110454  37.156  -17.415  30.202 0.6250000000
53367  36.601  -17.473  28.368 0.6250000000
116733  36.255  -17.507  27.002 0.2500000000
53310  38.291  -17.553  31.803 0.5000000000
53344  38.209  -17.522  30.320 0.8750000000
53345  38.004  -17.487  29.384 0.6250000000
53389  36.796  -17.501  27.617 0.5000000000
56427  40.481  -14.129  25.736 0.3750000000
116734  37.208  -17.532  26.844 0.2500000000
56428  39.863  -14.425  25.189 0.1250000000
54504  39.071  -16.178  24.733 0.3750000000
54505  38.466  -16.732  24.502 0.3750000000
53430  38.575  -17.149  25.226 0.3750000000
53410  37.637  -17.541  26.015 0.2500000000
52265  39.056  -17.649  30.513 0.8750000000
52277  39.033  -17.604  29.820 0.8750000000
109588  39.121  -17.595  29.011 0.7500000000
53365  38.404  -17.541  28.348 0.6250000000
53366  37.412  -17.506  28.519 0.6250000000
111070  37.699  -17.526  27.631 0.3750000000
53409  38.166  -17.508  26.724 0.3750000000
122848  40.972  -12.919  26.375 0.3750000000
56426  40.961  -14.651  26.055 0.5000000000
53429  39.282  -17.015  25.820 0.3750000000
116386  38.506  -17.381  25.929 0.2500000000
59532  40.838  -11.511  26.049 0.2500000000
55424  40.456  -15.262  25.683 0.5000000000
55435  39.632  -15.470  25.027 0.3750000000
54492  39.034  -16.740  25.119 0.3750000000
59548  40.302  -11.649  25.450 0.3750000000
53326  40.697  -17.559  30.267 0.7500000000
52254  39.849  -17.734  31.440 0.6250000000
52275  40.191  -17.544  30.020 0.7500000000
52264  39.747  -17.662  30.642 0.7500000000
53343  39.761  -17.544  29.537 0.8750000000
52276  39.631  -17.589  30.112 0.8750000000
111876  39.371  -17.519  28.132 0.6250000000
60475  45.149  -11.215  29.422 0.6250000000
59497  44.648  -11.900  29.199 0.6250000000
53386  40.399  -17.089  27.300 0.7500000000
53387  39.681  -17.344  27.304 0.6250000000
60474  45.925  -10.616  29.672 0.6250000000
59503  44.010  -11.800  28.790 0.7500000000
58446  43.774  -12.515  28.578 0.8750000000
58460  43.115  -12.532  28.117 0.7500000000
57428  42.739  -13.402  27.745 0.6250000000
56416  42.021  -14.616  26.913 0.5000000000
55403  41.834  -15.976  27.138 0.5000000000
54471  40.520  -16.716  26.623 0.3750000000
53388  38.764  -17.506  27.438 0.3750000000
61489  45.883  -9.816  29.191 0.6250000000
60482  45.207  -10.284  29.115 0.7500000000
60483  44.413  -10.893  28.907 0.7500000000
59504  43.423  -11.788  28.332 0.7500000000
58461  42.511  -12.386  27.580 0.7500000000
57450  42.113  -13.765  27.199 0.5000000000
56417  41.486  -14.664  26.460 0.6250000000
54481  41.150  -16.086  26.536 0.5000000000
61501  44.644  -9.878  28.521 0.8750000000
60484  43.746  -11.134  28.522 0.8750000000
59515  42.847  -11.671  27.832 0.6250000000
57451  41.589  -13.122  26.820 0.6250000000
54482  40.405  -16.196  25.963 0.5000000000
53407  39.963  -16.738  26.085 0.3750000000
126191  39.877  -17.074  26.588 0.3750000000
53408  39.093  -17.343  26.592 0.3750000000
60492  43.857  -10.316  28.322 0.8750000000
60493  43.241  -10.913  28.078 0.6250000000
59516  42.268  -11.510  27.268 0.6250000000
61511  43.328  -9.939  27.597 0.6250000000
60494  42.714  -10.762  27.459 0.6250000000
59531  41.528  -11.327  26.625 0.6250000000
58478  41.223  -12.227  26.528 0.5000000000
54491  39.657  -16.380  25.443 0.3750000000
60509  41.539  -10.417  26.238 0.6250000000
60528  41.123  -10.356  25.658 0.3750000000
60529  40.654  -10.840  25.398 0.3750000000
60551  40.982  -10.040  25.018 0.3750000000
53325  41.283  -17.508  30.593 0.7500000000
53340  41.747  -17.086  30.062 0.8750000000
57382  45.306  -13.562  29.623 0.7500000000
56379  45.481  -14.117  29.896 0.6250000000
53341  41.065  -17.349  29.718 0.8750000000
53342  40.597  -17.462  29.479 0.8750000000
57402  44.748  -13.628  29.108 0.8750000000
53385  40.740  -17.125  28.086 0.7500000000
53363  40.469  -17.398  28.759 0.8750000000
53364  39.913  -17.499  28.808 0.8750000000
60473  46.833  -10.443  30.294 0.3750000000
59496  45.324  -12.154  29.583 0.6250000000
58434  44.876  -12.831  29.323 0.6250000000
122534  44.285  -13.096  28.818 0.7500000000
56395  43.885  -14.340  28.452 0.7500000000
112433  40.158  -17.363  28.041 0.8750000000
61488  46.605  -9.766  29.582 0.5000000000
58445  44.310  -12.435  28.948 0.7500000000
57427  43.594  -13.428  28.368 0.7500000000
56406  42.565  -14.452  27.431 0.7500000000
55413  42.294  -15.275  27.174 0.7500000000
54470  41.164  -16.654  27.358 0.7500000000
61499  46.438  -9.197  28.767 0.5000000000
61500  45.522  -9.511  28.589 0.6250000000
61510  44.235  -9.561  27.764 0.6250000000
61512  42.693  -9.939  26.948 0.6250000000
61522  42.164  -9.844  26.347 0.6250000000
61537  42.474  -9.247  25.813 0.5000000000
61523  41.657  -9.697  25.568 0.3750000000
56380  44.852  -14.493  29.595 0.7500000000
55383  43.749  -15.603  29.261 0.8750000000
54446  42.342  -16.588  29.498 0.8750000000
118527  45.011  -14.033  29.425 0.8750000000
54458  43.277  -15.634  28.609 0.8750000000
132892  42.783  -15.914  28.565 0.8750000000
53361  41.553  -16.927  29.161 0.8750000000
56394  44.537  -14.363  28.931 0.8750000000
55392  43.480  -15.123  28.248 0.8750000000
55393  42.769  -15.772  28.075 0.8750000000
54459  42.231  -16.336  28.602 0.8750000000
53362  40.938  -17.281  28.877 0.8750000000
57403  44.269  -13.792  28.680 0.7500000000
55402  42.878  -15.196  27.655 0.7500000000
54469  41.966  -16.246  27.800 0.8750000000
54460  41.390  -16.793  28.290 0.8750000000
61498  47.212  -9.080  29.223 0.3750000000
127024  42.364  -15.727  27.556 0.8750000000
114795  46.734  -8.559  28.321 0.3750000000
62551  45.949  -8.839  28.055 0.6250000000
61509  45.094  -9.193  27.852 0.6250000000
62564  45.521  -8.533  27.223 0.6250000000
125787  44.643  -8.991  27.099 0.6250000000
61520  43.938  -9.324  27.083 0.6250000000
62576  44.000  -8.822  26.459 0.6250000000
61521  43.357  -9.410  26.721 0.6250000000
62590  44.312  -8.232  25.998 0.6250000000
62591  43.634  -8.397  25.706 0.6250000000
62592  42.867  -8.624  25.404 0.6250000000
61556  42.164  -8.952  25.047 0.5000000000
62607  42.621  -8.384  24.646 0.6250000000
63650  43.639  -7.558  24.363 0.7500000000
63566  48.787  -7.180  28.886 0.5000000000
63567  47.890  -7.634  28.450 0.6250000000
132781  46.996  -8.797  28.741 0.5000000000
66506  49.033  -4.951  27.601 0.5000000000
65570  48.775  -5.732  27.922 0.5000000000
64590  47.699  -6.807  27.524 0.5000000000
63587  47.380  -7.397  27.725 0.6250000000
62562  47.071  -7.962  28.043 0.6250000000
65585  48.243  -5.351  27.046 0.6250000000
65571  47.970  -6.097  27.355 0.7500000000
63588  46.678  -7.686  27.329 0.6250000000
62563  46.355  -8.270  27.634 0.6250000000
66517  48.581  -4.593  26.697 0.7500000000
65586  47.512  -5.691  26.500 0.6250000000
63608  46.971  -7.112  27.022 0.6250000000
130035  46.091  -7.996  27.033 0.6250000000
128306  47.215  -5.366  25.647 0.7500000000
64623  46.857  -5.994  26.027 0.7500000000
63630  45.938  -6.944  25.821 0.6250000000
63609  45.575  -7.445  26.042 0.6250000000
62565  44.843  -8.419  26.538 0.6250000000
115457  47.075  -5.167  24.782 0.6250000000
131421  46.623  -5.654  25.254 0.6250000000
112241  46.106  -5.851  24.942 0.7500000000
63632  44.168  -7.696  25.252 0.7500000000
65611  46.487  -5.481  24.462 0.6250000000
64637  45.060  -6.382  24.353 0.6250000000
64638  44.389  -7.058  24.435 0.7500000000
63658  43.822  -7.011  23.698 0.5000000000
66516  49.429  -4.152  27.265 0.6250000000
66518  47.812  -4.980  26.164 0.8750000000
66530  48.305  -4.366  25.740 0.8750000000
66538  47.607  -4.703  24.258 0.7500000000
65610  47.037  -5.092  23.922 0.7500000000
65619  46.443  -5.415  23.630 0.6250000000
64636  45.764  -5.778  24.202 0.6250000000
65626  47.114  -5.235  22.325 0.6250000000
65627  46.503  -5.496  22.821 0.6250000000
64646  45.937  -5.667  23.296 0.6250000000
67383  49.051  -3.836  26.359 0.8750000000
66531  47.643  -4.779  25.209 0.8750000000
67392  48.872  -3.731  25.311 0.8750000000
66537  48.244  -4.290  24.694 0.7500000000
67406  48.664  -3.768  23.020 0.7500000000
66547  47.599  -4.698  23.366 0.7500000000
65618  47.058  -5.116  23.095 0.6250000000
122247  48.326  -4.523  21.484 0.7500000000
66555  47.615  -4.756  22.563 0.7500000000
67391  49.682  -3.148  25.987 0.5000000000
68191  50.468  -2.551  25.738 0.5000000000
67398  49.516  -3.054  25.011 0.7500000000
68199  50.200  -2.518  24.781 0.6250000000
121213  49.531  -2.954  24.216 0.7500000000
68207  50.017  -2.563  23.860 0.6250000000
67405  49.314  -3.168  23.374 0.6250000000
67413  49.258  -3.364  22.431 0.8750000000
67414  48.654  -3.996  22.041 0.8750000000
68216  49.898  -2.723  22.899 0.7500000000
67420  49.388  -3.579  21.548 0.7500000000
66563  48.988  -4.168  21.143 0.7500000000
67429  49.663  -3.813  20.717 0.7500000000
66570  50.007  -4.067  19.901 0.6250000000
66580  50.456  -4.345  19.057 0.8750000000
65655  49.993  -4.943  18.654 0.6250000000
65665  50.315  -5.391  17.959 0.7500000000
123326  50.637  -5.356  17.434 0.7500000000
68190  51.117  -1.969  25.511 0.5000000000
68198  50.829  -2.085  24.476 0.5000000000
67412  49.921  -2.918  21.978 0.6250000000
68224  50.687  -2.556  21.588 0.6250000000
67419  50.077  -3.165  21.106 0.7500000000
68236  50.823  -2.797  20.676 0.6250000000
67428  50.360  -3.464  20.282 0.8750000000
131524  50.588  -3.745  19.591 0.6250000000
119901  50.516  -4.774  18.365 0.8750000000
125585  50.785  -4.889  17.861 0.8750000000
65679  50.393  -5.649  16.113 0.6250000000
69074  51.294  -1.497  24.977 0.3750000000
68206  50.740  -2.216  23.534 0.5000000000
68205  51.557  -1.755  23.254 0.5000000000
68215  50.695  -2.352  22.563 0.6250000000
68223  51.477  -2.261  21.241 0.6250000000
67427  51.100  -3.161  19.771 0.6250000000
67438  51.115  -3.797  19.093 0.6250000000
67453  51.769  -3.770  18.668 0.6250000000
66599  51.112  -4.973  17.175 0.8750000000
66598  51.939  -4.165  17.905 0.6250000000
123389  52.547  -3.582  16.409 0.6250000000
68287  53.643  -2.548  16.207 0.3750000000
68288  53.100  -3.067  16.786 0.5000000000
67473  53.096  -3.101  15.837 0.5000000000
112409  54.644  -1.661  15.904 0.3750000000
69081  51.400  -1.717  24.166 0.3750000000
69101  52.130  -1.764  21.776 0.5000000000
68222  52.227  -1.993  20.941 0.5000000000
68235  51.639  -2.542  20.374 0.5000000000
68254  51.914  -2.814  19.613 0.6250000000
129906  51.620  -3.351  19.200 0.6250000000
67437  52.192  -3.133  18.963 0.5000000000
68272  52.797  -2.695  18.559 0.5000000000
67452  52.403  -3.430  18.225 0.6250000000
68271  53.390  -2.256  18.018 0.5000000000
67465  52.496  -3.529  17.337 0.6250000000
68282  53.564  -2.446  17.134 0.3750000000
68283  52.978  -2.933  17.697 0.5000000000
68286  54.245  -1.911  16.561 0.3750000000
119931  52.706  -1.346  22.216 0.2500000000
69100  52.811  -1.509  21.516 0.3750000000
68234  52.448  -2.292  20.162 0.5000000000
69115  52.967  -1.719  20.725 0.3750000000
69131  53.141  -1.909  19.930 0.3750000000
68252  53.310  -1.921  18.945 0.3750000000
69147  53.783  -1.699  18.246 0.3750000000
69158  54.354  -1.275  17.978 0.3750000000
69159  53.993  -1.828  17.493 0.3750000000
111576  54.638  -1.373  17.184 0.3750000000
70088  55.243  -0.990  17.003 0.3750000000
69166  54.945  -1.315  16.458 0.3750000000
69174  55.203  -1.266  15.715 0.3750000000
70048  54.047  -0.865  20.269 0.2500000000
69146  54.030  -1.241  18.818 0.2500000000
70087  55.713  -0.741  16.457 0.3750000000
70064  54.715  -0.660  18.520 0.3750000000
53099  10.196  -18.195  56.176 0.7500000000
52047  11.643  -18.982  55.968 0.7500000000
51022  11.793  -19.425  56.071 0.6250000000
48958  11.974  -21.168  55.829 0.5000000000
52044  7.324  -18.978  56.776 0.6250000000
50063  6.192  -21.624  55.795 0.6250000000
53103  7.355  -18.453  55.708 0.8750000000
52049  7.416  -18.644  56.470 0.6250000000
120010  7.617  -18.486  56.622 0.6250000000
53113  6.124  -18.272  54.082 0.7500000000
114414  13.274  -18.775  54.323 0.7500000000
51027  6.293  -19.581  54.526 0.6250000000
122065  4.444  -21.988  51.961 0.5000000000
48967  4.259  -21.925  53.740 0.5000000000
53126  12.030  -17.729  53.855 0.7500000000
53115  13.037  -18.046  54.374 0.7500000000
53116  12.279  -17.829  54.438 0.7500000000
52061  14.203  -18.704  53.427 0.7500000000
54204  4.071  -17.137  53.830 1.0000000000
118876  14.135  -19.125  53.547 0.6250000000
50069  14.341  -19.657  52.696 0.6250000000
51033  3.911  -18.649  53.088 0.7500000000
130558  4.118  -21.121  49.807 0.5000000000
121417  2.874  -17.179  53.651 0.8750000000
116902  14.850  -18.959  53.059 0.7500000000
53142  2.309  -17.378  52.269 0.8750000000
110568  13.381  -18.496  50.244 0.6250000000
52073  14.753  -18.657  51.828 0.6250000000
55181  2.581  -15.840  53.614 0.8750000000
54207  3.485  -16.540  53.689 0.8750000000
132877  3.300  -16.819  49.075 1.0000000000
52112  3.559  -18.316  49.152 0.5000000000
110548  3.539  -18.398  48.538 0.6250000000
52093  12.739  -18.628  49.425 0.6250000000
110723  11.849  -18.639  49.926 0.6250000000
52091  15.199  -18.551  50.104 0.5000000000
52081  15.676  -18.799  50.757 0.5000000000
115419  2.114  -16.277  50.573 0.8750000000
50074  15.271  -20.081  51.395 0.6250000000
54229  3.099  -16.292  48.940 1.0000000000
54241  3.444  -16.590  47.262 0.8750000000
52106  15.727  -18.868  48.417 0.3750000000
51056  16.758  -19.484  48.692 0.3750000000
55191  2.268  -15.452  50.147 0.8750000000
51038  17.157  -20.297  50.593 0.3750000000
112183  16.789  -20.516  50.836 0.6250000000
54235  3.350  -16.223  48.266 1.0000000000
49036  4.664  -21.462  43.869 0.3750000000
49003  19.185  -21.675  49.225 0.2500000000
128147  17.987  -20.526  48.040 0.3750000000
51063  17.021  -19.769  47.970 0.3750000000
48993  18.929  -22.096  49.808 0.2500000000
48981  18.533  -21.753  49.854 0.2500000000
131124  19.857  -23.722  50.553 0.3750000000
46700  19.467  -23.515  50.421 0.2500000000
47776  17.301  -22.540  50.330 0.5000000000
127416  19.104  -23.795  50.502 0.5000000000
46701  18.949  -24.217  50.311 0.5000000000
130248  4.105  -19.746  40.654 0.3750000000
50157  4.093  -20.176  40.222 0.2500000000
49071  4.666  -21.122  41.318 0.2500000000
45568  20.416  -24.878  51.297 0.5000000000
44559  20.648  -24.906  51.400 0.5000000000
45578  19.496  -24.730  50.601 0.5000000000
45579  18.591  -24.402  50.022 0.5000000000
44568  19.806  -25.235  50.323 0.5000000000
45589  18.188  -24.345  49.760 0.6250000000
55211  3.452  -15.295  46.469 1.0000000000
45598  18.143  -24.496  49.230 0.6250000000
121858  17.367  -23.954  49.043 0.6250000000
126647  17.883  -24.249  49.479 0.6250000000
46765  16.734  -23.552  48.516 0.3750000000
118034  3.653  -16.598  44.591 0.8750000000
46766  15.939  -23.048  47.944 0.5000000000
46762  22.113  -23.653  47.669 0.1250000000
57174  3.622  -12.922  46.739 0.8750000000
57185  3.772  -13.099  45.825 0.8750000000
55264  4.127  -16.190  41.790 0.6250000000
45626  16.908  -23.850  45.526 0.2500000000
45585  23.770  -24.869  51.201 0.2500000000
123366  4.347  -12.251  45.808 0.8750000000
121615  5.723  -14.033  43.198 0.7500000000
43645  21.821  -25.660  47.299 0.6250000000
55240  6.209  -15.185  42.269 0.7500000000
131131  19.375  -25.350  46.220 0.5000000000
53224  5.290  -18.099  39.002 0.1250000000
52195  5.498  -18.430  38.517 0.1250000000
51154  5.206  -19.091  38.528 0.1250000000
125798  24.370  -24.454  51.124 0.3750000000
46742  23.646  -23.945  49.107 0.1250000000
59370  4.165  -11.560  46.956 0.7500000000
123751  4.459  -11.411  46.827 0.7500000000
60375  5.258  -11.051  46.645 0.7500000000
129946  25.775  -25.210  50.459 0.6250000000
58293  5.782  -12.558  44.904 0.7500000000
123822  25.301  -25.357  47.892 0.6250000000
57208  6.908  -13.517  43.658 0.8750000000
109912  23.491  -25.614  46.601 0.7500000000
130903  23.669  -25.471  45.724 0.7500000000
55260  8.114  -15.396  41.440 0.5000000000
44608  27.961  -24.999  45.430 0.7500000000
111346  20.848  -25.628  43.951 0.3750000000
126145  20.087  -25.597  43.935 0.3750000000
54312  7.117  -16.604  39.422 0.2500000000
54335  6.427  -17.133  38.921 0.1250000000
112746  9.291  -16.664  36.931 0.1250000000
54332  9.355  -16.466  38.238 0.1250000000
114131  7.790  -16.984  37.867 0.1250000000
54371  8.706  -16.936  36.587 0.1250000000
47780  26.701  -23.390  51.181 0.6250000000
45574  26.053  -24.463  51.495 0.6250000000
45575  25.326  -24.425  51.580 0.5000000000
46712  24.902  -24.086  51.422 0.5000000000
45583  26.786  -24.446  50.358 0.5000000000
44571  26.070  -25.169  49.895 0.6250000000
59392  6.255  -12.010  45.376 0.8750000000
56222  8.607  -14.653  41.736 0.7500000000
57207  7.979  -13.216  43.396 0.7500000000
45613  30.243  -24.439  46.227 0.6250000000
44606  29.188  -25.318  44.960 0.5000000000
54381  11.109  -16.026  35.747 0.1250000000
59391  7.294  -11.798  45.184 0.8750000000
60381  5.955  -11.193  46.173 0.8750000000
56235  9.907  -13.665  40.889 0.5000000000
56263  11.808  -14.361  37.352 0.1250000000
44605  29.910  -25.455  44.766 0.3750000000
47819  29.745  -22.691  47.900 0.6250000000
50097  30.666  -20.296  48.939 0.6250000000
132022  30.996  -21.887  43.291 0.7500000000
47865  30.977  -22.618  42.881 0.3750000000
125196  32.500  -21.372  46.547 0.6250000000
109589  31.331  -21.396  44.035 0.8750000000
49051  30.246  -21.980  41.754 0.2500000000
50103  32.344  -20.301  47.663 0.7500000000
117815  29.937  -21.073  41.656 0.3750000000
50149  29.700  -21.130  40.692 0.2500000000
49064  29.788  -21.941  40.572 0.2500000000
49091  29.229  -21.504  38.641 0.1250000000
113918  31.899  -19.775  45.511 0.7500000000
49032  30.563  -20.617  43.068 0.8750000000
110486  29.557  -20.289  39.489 0.3750000000
51071  32.381  -19.239  46.542 0.7500000000
51093  30.998  -19.422  44.781 0.8750000000
127337  30.739  -19.947  44.234 0.8750000000
51111  30.239  -19.624  42.862 0.8750000000
52124  32.122  -18.678  46.251 0.7500000000
115801  31.829  -18.220  45.840 0.7500000000
131039  30.066  -19.187  43.257 1.0000000000
52162  30.006  -18.426  41.008 0.7500000000
53173  31.679  -17.479  45.388 0.7500000000
128490  29.777  -17.627  36.903 0.3750000000
54304  30.647  -16.557  39.648 0.6250000000
55250  31.810  -15.651  41.569 0.6250000000
126864  33.418  -15.450  41.440 0.3750000000
128837  32.703  -15.677  40.288 0.6250000000
55272  33.541  -15.542  40.564 0.5000000000
55245  37.093  -15.298  41.862 0.2500000000
54297  38.597  -16.308  40.171 0.2500000000
58502  40.615  -12.314  26.003 0.3750000000
55423  41.164  -15.344  26.209 0.5000000000
117505  41.045  -10.860  26.050 0.3750000000
53309  40.905  -17.704  31.130 0.5000000000
52263  40.346  -17.687  30.813 0.7500000000
128341  45.690  -11.546  29.802 0.5000000000
131278  42.173  -12.973  27.303 0.6250000000
55414  41.727  -15.379  26.685 0.5000000000
60508  42.126  -10.617  26.847 0.6250000000
60552  40.393  -10.428  24.637 0.2500000000
61536  43.203  -8.997  26.077 0.5000000000
55382  44.354  -15.025  29.064 0.8750000000
128428  42.878  -16.012  29.058 0.8750000000
54445  43.177  -16.275  29.820 0.8750000000
62550  47.578  -8.373  28.824 0.5000000000
62589  44.935  -7.823  25.953 0.6250000000
62606  43.281  -8.052  24.961 0.6250000000
63586  48.059  -7.117  28.142 0.6250000000
64589  48.556  -6.522  28.232 0.5000000000
116613  47.257  -6.440  26.780 0.6250000000
64606  46.596  -6.709  26.295 0.6250000000
62574  46.231  -7.432  26.563 0.6250000000
62575  45.540  -7.950  26.559 0.6250000000
64624  46.281  -6.292  25.593 0.6250000000
64625  45.667  -6.376  25.081 0.7500000000
63631  45.109  -7.108  25.277 0.7500000000
64648  44.497  -6.435  23.583 0.6250000000
122937  43.356  -7.041  23.155 0.6250000000
66546  48.191  -4.270  23.678 0.7500000000
67399  48.853  -3.622  24.147 0.8750000000
66554  48.131  -4.319  22.766 0.7500000000
66581  49.704  -4.649  19.480 0.6250000000
68214  51.435  -2.010  22.162 0.3750000000
68253  52.639  -2.482  19.374 0.5000000000
44528  7.440  -25.337  59.077 0.1250000000
44527  8.094  -25.119  58.401 0.1250000000
45547  6.897  -24.523  59.274 0.1250000000
122695  5.754  -23.863  58.983 0.1250000000
125294  10.079  -25.689  57.042 0.1250000000
44531  9.680  -25.156  57.291 0.1250000000
44526  8.827  -24.885  57.763 0.1250000000
121486  5.121  -23.679  57.542 0.2500000000
44534  10.520  -25.630  56.702 0.1250000000
116961  10.422  -24.973  57.025 0.1250000000
46680  5.175  -23.536  56.578 0.2500000000
44537  11.109  -25.559  56.144 0.1250000000
45545  8.408  -24.171  58.467 0.1250000000
45546  7.725  -24.354  59.063 0.1250000000
46670  6.439  -23.512  59.191 0.1250000000
45550  9.598  -24.124  57.635 0.1250000000
122076  5.365  -23.776  58.346 0.2500000000
46677  5.357  -23.148  57.162 0.3750000000
45558  4.945  -23.473  55.789 0.3750000000
46688  4.304  -22.899  54.463 0.2500000000
46684  4.445  -23.092  55.281 0.2500000000
46708  4.553  -22.833  51.016 0.2500000000
46699  4.252  -22.900  51.904 0.2500000000
46667  8.851  -23.353  58.352 0.1250000000
46668  7.915  -23.284  58.871 0.1250000000
121521  7.079  -22.816  58.981 0.1250000000
46669  7.220  -23.635  59.195 0.1250000000
122358  6.499  -22.680  58.717 0.2500000000
45544  9.055  -23.964  58.051 0.1250000000
46674  5.345  -22.997  57.868 0.3750000000
45555  10.963  -24.920  56.609 0.1250000000
46681  5.008  -23.008  56.105 0.3750000000
46695  4.250  -22.761  52.880 0.2500000000
46689  4.202  -22.658  53.700 0.2500000000
46722  4.784  -22.578  50.332 0.3750000000
47750  6.920  -22.350  58.280 0.2500000000
47749  7.581  -22.418  58.384 0.2500000000
46671  5.823  -22.972  58.608 0.2500000000
46672  10.244  -23.469  57.670 0.2500000000
47755  5.824  -22.476  57.886 0.2500000000
45552  11.195  -24.309  56.581 0.1250000000
45553  10.826  -24.262  57.007 0.1250000000
46678  5.383  -23.254  56.503 0.3750000000
47764  4.740  -22.856  55.396 0.3750000000
47770  4.207  -22.380  53.327 0.2500000000
47779  4.432  -22.543  51.508 0.3750000000
47816  4.057  -21.920  48.882 0.3750000000
47805  4.492  -22.437  49.272 0.3750000000
47806  4.617  -22.213  49.951 0.3750000000
47826  4.398  -21.927  47.849 0.3750000000
47815  4.643  -22.320  48.434 0.3750000000
49011  3.941  -21.772  47.272 0.3750000000
47748  8.515  -22.506  58.283 0.3750000000
48945  7.875  -21.811  57.951 0.5000000000
116530  10.176  -22.898  57.886 0.3750000000
48944  9.219  -21.935  58.014 0.3750000000
48946  7.291  -22.003  57.806 0.5000000000
48948  6.303  -22.248  57.664 0.5000000000
46676  10.733  -23.577  57.355 0.1250000000
48956  5.834  -22.449  56.805 0.5000000000
47766  4.390  -22.641  54.698 0.3750000000
47767  4.180  -22.424  54.085 0.3750000000
47773  4.284  -22.476  52.390 0.2500000000
48986  4.342  -21.558  49.909 0.3750000000
127201  4.556  -22.048  51.208 0.3750000000
121286  8.499  -21.652  58.043 0.3750000000
50049  7.571  -21.384  57.413 0.5000000000
50050  7.129  -21.741  57.393 0.5000000000
47754  9.987  -22.147  57.910 0.3750000000
48952  6.731  -21.825  57.201 0.5000000000
110633  6.549  -21.765  56.899 0.5000000000
46675  11.118  -23.715  56.882 0.3750000000
48957  5.972  -22.489  56.310 0.3750000000
47759  5.660  -22.950  56.839 0.5000000000
48960  5.528  -22.381  55.558 0.3750000000
48963  5.047  -22.173  54.787 0.3750000000
130786  10.745  -22.808  57.469 0.3750000000
50055  7.339  -21.214  56.988 0.6250000000
47757  10.957  -23.063  57.197 0.3750000000
120534  10.629  -23.032  57.587 0.3750000000
48951  9.738  -21.286  58.016 0.3750000000
47753  10.498  -22.420  57.577 0.3750000000
47760  11.742  -22.560  55.937 0.2500000000
47761  11.369  -23.183  56.448 0.3750000000
50060  6.447  -21.715  56.484 0.5000000000
46682  11.802  -23.235  55.750 0.2500000000
50052  10.172  -20.741  57.785 0.3750000000
50048  8.107  -20.936  57.625 0.3750000000
48955  11.078  -21.802  56.713 0.3750000000
48950  10.289  -21.472  57.626 0.3750000000
50047  8.934  -21.053  58.090 0.3750000000
47756  11.249  -22.513  56.617 0.2500000000
47752  10.838  -22.432  57.206 0.3750000000
47763  12.174  -22.577  55.312 0.2500000000
47765  12.408  -22.545  54.718 0.2500000000
47768  12.356  -22.765  54.113 0.1250000000
111755  12.309  -21.849  53.360 0.2500000000
47772  11.780  -23.015  52.853 0.1250000000
47777  12.100  -21.918  51.301 0.2500000000
47778  11.713  -22.786  51.840 0.2500000000
48959  12.096  -21.914  55.495 0.3750000000
48954  11.590  -21.892  56.130 0.2500000000
48962  12.433  -21.873  54.941 0.3750000000
47771  12.025  -21.966  52.448 0.2500000000
48972  12.679  -21.068  52.570 0.2500000000
127346  12.931  -21.409  50.727 0.2500000000
48980  12.715  -21.170  51.610 0.2500000000
47802  13.642  -21.776  49.309 0.3750000000
47789  12.357  -22.048  50.434 0.2500000000
128921  12.314  -22.377  53.820 0.2500000000
47788  13.288  -21.641  49.983 0.3750000000
120715  14.021  -21.932  48.821 0.5000000000
47813  13.725  -22.316  48.348 0.5000000000
48964  12.397  -20.959  54.475 0.3750000000
47812  14.966  -22.156  48.760 0.5000000000
132127  26.904  -25.060  44.550 0.3750000000
47823  15.475  -22.592  48.374 0.5000000000
44628  25.213  -25.095  45.202 0.5000000000
44646  27.081  -24.810  43.661 0.1250000000
110772  27.278  -25.109  45.204 0.5000000000
44664  26.252  -24.749  42.270 0.1250000000
44663  27.228  -24.660  42.692 0.1250000000
131941  26.282  -25.063  41.511 0.1250000000
110360  27.717  -25.156  44.199 0.2500000000
114137  27.121  -25.031  41.835 0.1250000000
44623  30.818  -25.567  43.827 0.2500000000
44678  26.859  -25.344  41.106 0.1250000000
58329  8.929  -12.721  42.948 0.6250000000
58328  9.768  -12.239  42.521 0.6250000000
58343  10.059  -12.545  41.801 0.5000000000
53119  8.376  -17.600  54.207 0.7500000000
55185  2.093  -15.782  53.284 0.7500000000
61376  4.365  -10.168  48.583 0.5000000000
61375  4.909  -9.890  48.417 0.5000000000
44626  28.213  -25.244  44.600 0.3750000000
61374  5.665  -9.639  48.408 0.5000000000
113176  28.565  -25.280  44.778 0.3750000000
109473  28.007  -24.879  43.214 0.1250000000
61382  5.304  -10.180  47.775 0.5000000000
61381  6.187  -9.903  47.773 0.5000000000
129363  6.713  -10.094  47.284 0.5000000000
44645  28.812  -25.377  44.121 0.2500000000
43666  28.481  -25.285  43.746 0.1250000000
44662  28.043  -25.028  42.296 0.1250000000
132342  5.491  -10.737  46.900 0.6250000000
60368  5.897  -10.420  47.168 0.5000000000
61387  7.564  -9.872  47.046 0.5000000000
44625  29.497  -25.557  44.217 0.2500000000
43665  29.032  -25.520  43.380 0.2500000000
43676  28.674  -25.302  42.889 0.1250000000
111357  6.018  -10.777  46.610 0.5000000000
60374  6.805  -10.422  46.768 0.5000000000
60373  7.869  -10.207  46.383 0.5000000000
111451  28.687  -25.505  42.024 0.1250000000
44624  30.115  -25.695  44.015 0.2500000000
43701  28.057  -25.696  40.496 0.1250000000
60380  6.954  -10.827  46.121 0.7500000000
60379  8.247  -10.533  45.715 0.6250000000
58311  8.477  -12.445  43.676 0.7500000000
59407  10.062  -11.376  42.714 0.6250000000
58327  10.290  -11.688  41.991 0.6250000000
59406  10.370  -10.870  42.148 0.6250000000
53132  5.986  -17.406  53.441 0.7500000000
54205  5.185  -16.902  53.191 0.7500000000
54206  4.353  -16.714  53.594 0.7500000000
55184  2.502  -15.054  53.726 0.7500000000
118167  1.847  -14.937  53.282 0.7500000000
118074  1.717  -14.807  51.958 0.7500000000
56146  1.611  -13.823  49.485 0.7500000000
60366  3.966  -10.510  48.455 0.5000000000
61367  4.747  -9.575  49.156 0.5000000000
62400  5.222  -8.920  49.714 0.5000000000
59360  3.993  -11.159  47.434 0.5000000000
113298  4.174  -10.545  48.022 0.5000000000
62414  5.245  -9.409  48.970 0.5000000000
60370  4.334  -10.797  47.489 0.5000000000
61373  6.606  -9.304  48.363 0.5000000000
127079  4.324  -11.174  47.146 0.6250000000
60369  5.011  -10.634  47.223 0.5000000000
61380  7.160  -9.550  47.667 0.5000000000
61379  8.211  -9.206  47.359 0.5000000000
43689  27.865  -25.395  41.333 0.1250000000
125111  27.339  -25.550  40.665 0.1250000000
61386  8.607  -9.468  46.634 0.5000000000
44694  26.635  -25.433  40.429 0.1250000000
61390  8.993  -9.711  45.887 0.6250000000
43712  27.333  -25.720  39.939 0.1250000000
59378  7.646  -11.146  45.478 0.7500000000
60385  8.603  -10.798  45.114 0.7500000000
59390  8.364  -11.418  44.824 0.7500000000
58291  7.976  -12.175  44.493 0.7500000000
59389  9.343  -10.694  44.376 0.7500000000
59400  8.990  -11.646  44.053 0.7500000000
60387  10.113  -9.748  43.239 0.6250000000
59399  9.822  -10.898  43.483 0.7500000000
60390  10.232  -10.501  42.715 0.7500000000
131224  10.345  -10.348  42.257 0.6250000000
53131  6.988  -17.609  53.653 0.7500000000
54212  3.986  -15.960  53.344 0.7500000000
56137  3.068  -14.694  54.053 0.7500000000
56141  1.782  -13.984  52.965 0.7500000000
56140  2.265  -14.172  54.181 0.7500000000
114883  1.395  -13.817  51.511 0.7500000000
59324  2.064  -11.593  52.179 0.5000000000
60352  3.096  -10.524  52.085 0.5000000000
57150  1.395  -13.064  51.189 0.7500000000
58234  1.816  -12.264  51.376 0.5000000000
59323  2.782  -11.013  51.441 0.5000000000
60360  3.341  -10.391  50.938 0.5000000000
61352  3.564  -9.835  51.882 0.5000000000
57153  1.610  -13.417  49.841 0.7500000000
58241  2.001  -12.613  50.267 0.6250000000
59338  2.589  -11.755  50.589 0.5000000000
59337  3.234  -10.942  50.100 0.5000000000
60364  3.668  -10.337  49.806 0.5000000000
61361  3.794  -9.826  50.569 0.5000000000
58249  2.388  -12.870  49.303 0.6250000000
121527  2.790  -12.220  49.625 0.6250000000
58240  3.239  -11.488  49.360 0.5000000000
117979  3.612  -10.753  48.947 0.5000000000
61369  4.006  -9.936  49.749 0.5000000000
62401  4.632  -9.203  49.951 0.5000000000
58248  3.266  -12.028  48.712 0.6250000000
125707  3.532  -11.228  48.505 0.6250000000
60367  3.828  -10.840  48.015 0.5000000000
109496  3.661  -11.390  47.897 0.6250000000
62412  7.064  -8.680  48.921 0.5000000000
62422  7.798  -8.880  48.201 0.5000000000
61389  9.477  -9.142  45.364 0.5000000000
60384  9.301  -9.954  45.035 0.6250000000
61392  9.708  -8.976  44.623 0.6250000000
43723  26.997  -25.672  39.154 0.1250000000
115611  9.803  -9.711  44.119 0.6250000000
131723  9.839  -10.266  43.818 0.6250000000
61398  10.247  -9.804  42.421 0.5000000000
57148  1.536  -13.079  52.826 0.6250000000
58230  1.663  -12.304  52.667 0.5000000000
62390  4.455  -8.938  50.773 0.5000000000
62388  5.448  -8.455  50.395 0.5000000000
62399  5.944  -8.447  49.940 0.5000000000
62413  5.999  -8.937  49.129 0.5000000000
62429  9.070  -8.796  46.891 0.5000000000
61395  10.003  -8.940  42.758 0.5000000000
112723  31.205  -16.559  36.893 0.5000000000
54344  31.706  -16.362  37.436 0.6250000000
54363  31.829  -16.428  36.627 0.5000000000
57469  41.077  -13.815  26.343 0.3750000000
54362  32.686  -16.376  36.865 0.5000000000
54379  32.323  -16.470  35.965 0.3750000000
111259  32.085  -16.504  35.156 0.3750000000
54395  32.446  -16.496  34.431 0.5000000000
111965  32.072  -16.514  33.576 0.2500000000
62537  48.056  -8.776  29.615 0.2500000000
110563  48.259  -8.312  29.364 0.3750000000
65555  49.385  -6.057  28.702 0.3750000000
65636  47.164  -5.520  21.511 0.6250000000
64676  47.227  -6.309  20.196 0.6250000000
63698  46.681  -6.936  19.787 0.6250000000
110092  32.846  -16.487  35.255 0.6250000000
110091  32.847  -16.484  33.737 0.6250000000
54413  32.839  -16.482  32.237 0.5000000000
58433  45.631  -12.960  29.828 0.6250000000
54439  32.715  -16.509  30.628 0.5000000000
54449  32.618  -16.555  29.908 0.3750000000
66564  47.693  -4.878  21.830 0.6250000000
65647  47.504  -5.673  20.693 0.6250000000
66572  48.634  -4.738  20.716 0.6250000000
64675  47.954  -6.071  19.643 0.6250000000
64684  47.371  -6.857  19.369 0.5000000000
63726  46.825  -7.840  18.046 0.2500000000
62681  46.243  -8.240  17.550 0.1250000000
61637  45.204  -9.216  15.708 0.1250000000
130385  44.728  -9.561  15.376 0.1250000000
63711  48.306  -6.838  18.280 0.5000000000
64696  48.081  -6.577  18.905 0.5000000000
61670  44.715  -9.790  14.586 0.1250000000
53324  42.047  -17.363  30.963 0.6250000000
55376  43.925  -15.744  30.289 0.6250000000
110321  32.845  -16.495  33.016 0.6250000000
54412  33.616  -16.482  32.429 0.5000000000
54438  33.569  -16.521  30.895 0.5000000000
54424  33.531  -16.494  31.657 0.5000000000
53346  35.598  -17.140  29.564 0.5000000000
122196  34.901  -16.764  29.820 0.5000000000
54447  34.147  -16.592  30.332 0.5000000000
54448  33.393  -16.578  30.096 0.5000000000
54425  32.786  -16.481  31.436 0.5000000000
53368  35.772  -17.367  28.759 0.5000000000
53369  34.848  -17.048  28.974 0.5000000000
53347  34.120  -16.650  29.606 0.5000000000
53348  33.169  -16.591  29.319 0.5000000000
53390  35.933  -17.424  27.915 0.5000000000
112076  35.235  -17.266  28.240 0.3750000000
53370  33.838  -16.688  28.669 0.3750000000
113328  48.536  -6.087  19.075 0.6250000000
63712  47.564  -7.249  18.433 0.5000000000
62680  46.854  -8.169  17.186 0.3750000000
112634  46.319  -8.622  16.734 0.2500000000
62696  45.764  -8.972  16.286 0.2500000000
64695  48.745  -6.380  18.490 0.5000000000
63725  47.467  -7.662  17.533 0.5000000000
128333  47.392  -7.961  16.841 0.3750000000
61652  46.091  -8.773  15.349 0.2500000000
62718  45.387  -8.907  14.977 0.1250000000
115244  44.976  -9.420  15.107 0.1250000000
111339  48.006  -7.491  16.926 0.3750000000
63735  47.646  -7.818  16.135 0.3750000000
62708  46.899  -8.422  15.651 0.2500000000
62717  46.115  -8.453  14.847 0.2500000000
62731  44.968  -8.764  14.335 0.1250000000
61669  44.919  -9.336  14.745 0.1250000000
61681  44.715  -9.575  14.190 0.1250000000
62732  44.436  -8.995  13.406 0.1250000000
63771  44.495  -7.989  12.810 0.1250000000
53329  36.550  -17.359  30.965 0.5000000000
53330  35.654  -17.036  30.759 0.5000000000
54437  34.355  -16.601  30.958 0.5000000000
122189  33.968  -16.525  31.285 0.5000000000
129433  35.424  -16.898  30.183 0.5000000000
53331  34.883  -16.713  30.470 0.5000000000
124808  48.791  -7.012  17.056 0.3750000000
64719  49.368  -6.654  15.651 0.3750000000
63751  48.189  -7.243  14.758 0.3750000000
63752  47.400  -7.502  14.577 0.2500000000
62730  45.681  -8.239  14.517 0.2500000000
65696  49.568  -5.764  14.837 0.3750000000
64730  48.667  -6.788  14.544 0.3750000000
64743  47.541  -6.475  13.961 0.3750000000
63763  47.304  -7.161  14.154 0.2500000000
63753  46.563  -7.736  14.406 0.2500000000
63764  45.892  -7.519  13.991 0.2500000000
114687  45.258  -8.005  14.074 0.2500000000
65705  49.317  -5.313  14.281 0.2500000000
110574  47.983  -5.757  13.876 0.3750000000
65707  47.356  -5.608  13.508 0.2500000000
64751  46.244  -6.208  13.293 0.1250000000
63770  45.215  -7.396  13.362 0.2500000000
62739  44.812  -8.216  13.687 0.1250000000
65715  47.380  -5.140  12.658 0.1250000000
65716  46.704  -5.616  13.050 0.1250000000
64752  45.663  -6.560  12.727 0.1250000000
63778  45.017  -7.104  12.074 0.1250000000
66669  48.321  -4.508  11.222 0.1250000000
66674  47.329  -4.642  10.658 0.1250000000
127297  46.703  -4.862  11.262 0.1250000000
65723  46.157  -5.412  11.447 0.1250000000
67536  50.841  -3.446  10.696 0.2500000000
66668  49.186  -4.266  11.127 0.1250000000
120705  48.415  -4.478  10.283 0.1250000000
132737  48.979  -4.356  9.840 0.1250000000
53314  35.110  -16.756  31.166 0.6250000000
54423  34.363  -16.536  31.702 0.6250000000
66621  50.729  -4.982  15.523 0.6250000000
66633  49.950  -5.087  14.564 0.3750000000
66632  50.516  -4.774  14.831 0.7500000000
66647  49.845  -4.751  13.901 0.2500000000
65714  48.147  -5.119  13.295 0.2500000000
67493  51.388  -3.899  14.435 0.6250000000
66646  50.433  -4.508  14.191 0.5000000000
132891  49.808  -4.471  13.207 0.2500000000
66648  49.104  -4.835  13.501 0.2500000000
68319  52.722  -2.871  13.243 0.8750000000
125430  52.159  -3.318  13.604 0.7500000000
67517  50.960  -3.832  12.984 0.2500000000
127659  50.232  -4.137  12.677 0.2500000000
66659  49.454  -4.411  12.620 0.2500000000
66661  48.144  -4.713  12.232 0.2500000000
127822  53.843  -2.229  12.443 0.7500000000
67515  52.029  -2.922  12.059 0.5000000000
67526  51.356  -3.267  11.544 0.3750000000
67527  50.758  -3.655  12.160 0.3750000000
67528  49.930  -3.841  10.725 0.1250000000
121999  11.414  -21.327  56.391 0.3750000000
48949  10.654  -21.625  57.217 0.3750000000
48966  4.425  -21.934  54.105 0.5000000000
53120  7.392  -17.693  54.286 0.7500000000
113630  6.591  -17.760  54.045 0.7500000000
44607  28.601  -25.183  45.177 0.3750000000
44604  30.565  -25.387  44.474 0.2500000000
127470  32.322  -16.273  37.359 0.6250000000
53312  36.538  -17.191  31.603 0.6250000000
65635  47.905  -5.076  21.079 0.6250000000
65687  50.173  -5.433  15.202 0.3750000000
54203  4.982  -17.357  53.692 0.7500000000
110649  28.999  -25.385  44.485 0.2500000000
131833  5.156  -24.034  56.321 0.2500000000
47791  4.631  -22.379  50.734 0.3750000000
47751  6.327  -22.359  58.174 0.3750000000
46673  9.613  -23.385  57.990 0.2500000000
47758  5.687  -22.722  57.434 0.5000000000
45549  10.288  -24.208  57.323 0.1250000000
47762  5.454  -22.970  56.029 0.3750000000
121209  4.186  -21.835  49.433 0.3750000000
47837  4.123  -22.177  46.727 0.3750000000
47747  9.474  -22.757  58.113 0.2500000000
48947  6.965  -22.046  57.924 0.5000000000
48953  6.123  -22.244  57.382 0.5000000000
114749  12.137  -22.577  53.426 0.1250000000
58310  9.410  -11.913  43.250 0.6250000000
61368  4.330  -9.791  49.417 0.5000000000
60363  3.986  -10.257  49.084 0.5000000000
61383  4.628  -10.382  47.865 0.5000000000
43656  29.260  -25.573  43.778 0.2500000000
60376  4.779  -10.914  47.071 0.6250000000
55180  3.091  -15.571  53.685 0.7500000000
57146  1.604  -13.250  54.026 0.7500000000
61360  4.216  -9.472  50.234 0.5000000000
58227  1.550  -12.490  53.985 0.5000000000
131108  47.699  -5.846  20.199 0.6250000000
63724  48.173  -7.158  17.678 0.5000000000
62695  46.329  -8.846  15.952 0.2500000000
63734  48.533  -7.266  16.294 0.3750000000
63743  47.525  -7.735  15.261 0.3750000000
62716  46.789  -8.226  14.964 0.2500000000
53313  35.892  -17.006  31.375 0.6250000000
131159  48.961  -7.071  15.751 0.3750000000
64729  49.222  -6.436  14.978 0.3750000000
64720  48.895  -7.002  15.099 0.3750000000
64731  48.046  -7.042  14.211 0.3750000000
65708  46.790  -6.031  13.643 0.1250000000
64745  45.916  -6.890  13.482 0.2500000000
64758  46.169  -5.873  12.349 0.1250000000
112036  46.767  -5.318  12.031 0.1250000000
65722  47.402  -4.781  11.661 0.1250000000
64759  45.660  -6.210  11.716 0.1250000000
113273  48.957  -4.436  11.927 0.1250000000
130197  48.790  -4.377  10.753 0.1250000000
66667  49.869  -4.069  11.783 0.2500000000
66673  49.168  -4.253  10.422 0.1250000000
66631  51.112  -4.406  14.993 0.7500000000
67482  51.812  -3.896  15.101 0.7500000000
67506  51.020  -3.935  13.834 0.2500000000
67505  51.577  -3.529  13.272 0.6250000000
67504  52.122  -3.125  12.848 0.6250000000
68307  53.470  -2.648  14.457 0.6250000000
68327  52.689  -2.719  12.419 0.7500000000
67516  51.489  -3.370  12.483 0.6250000000
68337  53.378  -2.415  11.902 0.5000000000
47790  11.847  -22.733  50.883 0.1250000000
47804  12.013  -22.694  50.142 0.1250000000
45571  11.445  -24.128  50.782 0.1250000000
47814  12.857  -22.375  48.841 0.1250000000
47803  12.598  -22.217  49.688 0.1250000000
47824  14.522  -22.352  48.100 0.2500000000
46748  12.822  -22.807  48.124 0.1250000000
54211  4.926  -16.330  52.818 0.6250000000
55182  4.751  -15.619  52.719 0.6250000000
55183  3.815  -15.076  53.553 0.6250000000
53140  6.746  -17.451  52.709 0.6250000000
54210  5.885  -16.892  52.416 0.6250000000
53182  10.978  -17.101  43.187 0.2500000000
53183  10.547  -17.542  43.785 0.2500000000
130252  10.143  -17.866  44.313 0.2500000000
54250  10.188  -16.301  44.406 0.2500000000
54215  5.493  -16.137  51.870 0.6250000000
54261  11.486  -16.618  42.690 0.2500000000
54256  10.571  -16.676  43.794 0.2500000000
55186  5.317  -15.214  51.904 0.6250000000
55239  11.536  -15.787  42.774 0.2500000000
55225  11.160  -15.398  43.421 0.2500000000
55226  10.674  -15.847  43.914 0.2500000000
56138  4.730  -14.665  52.912 0.6250000000
56190  11.422  -14.608  43.708 0.2500000000
55215  10.849  -15.034  44.099 0.2500000000
55216  10.341  -15.503  44.578 0.2500000000
56139  3.648  -14.069  54.202 0.6250000000
57145  2.438  -13.196  54.451 0.5000000000
56206  11.662  -14.958  42.941 0.2500000000
46814  31.133  -23.428  42.449 0.3750000000
120562  31.370  -24.272  42.103 0.2500000000
51100  11.945  -19.387  44.876 0.2500000000
51090  11.051  -19.309  45.634 0.2500000000
51080  10.821  -19.311  46.456 0.2500000000
51069  10.564  -19.233  47.300 0.5000000000
52147  11.454  -18.637  43.614 0.2500000000
51101  11.314  -19.284  45.029 0.2500000000
52128  10.034  -19.061  46.626 0.5000000000
53130  7.721  -17.645  53.762 0.6250000000
53187  12.206  -17.728  42.333 0.2500000000
52146  12.200  -18.896  43.283 0.2500000000
52148  10.664  -18.396  44.098 0.2500000000
52142  10.641  -18.968  44.866 0.2500000000
52134  10.085  -18.944  45.695 0.2500000000
54214  6.066  -16.745  51.281 0.6250000000
52154  11.747  -18.254  42.887 0.2500000000
129172  11.077  -17.959  43.287 0.2500000000
52143  10.010  -18.397  44.815 0.2500000000
52135  9.441  -18.192  45.520 0.5000000000
54217  5.922  -16.575  50.433 0.5000000000
114644  12.024  -16.960  42.214 0.2500000000
53188  11.549  -17.465  42.715 0.2500000000
54251  9.661  -16.790  44.902 0.2500000000
53171  9.168  -17.341  45.480 0.5000000000
54246  8.649  -16.968  46.091 0.5000000000
114734  6.090  -15.567  49.087 0.5000000000
54218  5.711  -16.185  51.018 0.6250000000
54270  12.458  -16.533  41.668 0.2500000000
54260  11.972  -16.177  42.197 0.2500000000
55217  9.790  -15.947  45.001 0.2500000000
54245  9.171  -16.314  45.517 0.3750000000
54240  7.601  -16.283  47.259 0.5000000000
55202  7.092  -16.058  47.901 0.5000000000
55194  6.594  -15.862  48.479 0.5000000000
56145  5.935  -14.648  49.183 0.3750000000
55188  5.658  -15.734  50.602 0.5000000000
119316  5.547  -15.670  51.272 0.6250000000
55258  12.987  -15.339  41.195 0.1250000000
55238  12.091  -15.383  42.315 0.2500000000
130437  9.487  -15.688  45.405 0.2500000000
130117  8.609  -16.163  46.114 0.5000000000
115122  8.100  -15.621  46.602 0.5000000000
56163  7.717  -14.888  46.888 0.3750000000
55203  6.540  -14.861  48.348 0.5000000000
55190  5.762  -15.265  49.923 0.3750000000
56142  5.262  -14.416  51.750 0.3750000000
127765  13.160  -14.630  41.345 0.1250000000
56220  12.617  -14.965  41.805 0.1250000000
55209  9.908  -15.160  45.256 0.2500000000
55210  9.066  -15.310  45.886 0.3750000000
57155  6.312  -13.917  48.598 0.3750000000
58239  5.501  -13.569  50.443 0.3750000000
57143  4.740  -13.737  53.033 0.3750000000
57144  3.888  -13.042  54.191 0.5000000000
56205  12.320  -14.574  42.522 0.2500000000
56178  10.594  -14.706  44.792 0.1250000000
57149  5.180  -13.428  51.672 0.3750000000
56204  13.020  -14.091  41.953 0.1250000000
57223  12.563  -13.753  42.813 0.1250000000
56189  11.963  -14.196  43.283 0.1250000000
57206  11.767  -13.892  44.078 0.1250000000
56177  11.205  -14.267  44.414 0.1250000000
50106  18.221  -20.744  47.710 0.2500000000
50112  17.608  -20.410  47.129 0.2500000000
130014  17.484  -20.209  47.682 0.2500000000
51074  16.962  -19.961  47.113 0.2500000000
126754  16.252  -19.287  48.053 0.2500000000
51064  15.569  -19.049  47.531 0.2500000000
52117  14.823  -18.678  47.843 0.3750000000
51075  15.463  -19.332  46.623 0.2500000000
52127  14.927  -18.941  47.127 0.2500000000
51065  14.256  -18.912  47.170 0.2500000000
52118  13.838  -18.737  47.849 0.3750000000
52107  13.341  -18.669  48.597 0.5000000000
52094  11.819  -18.876  49.120 0.5000000000
112554  11.022  -18.663  50.460 0.5000000000
122024  10.313  -18.272  51.982 0.6250000000
51096  15.461  -19.752  45.072 0.2500000000
51085  15.640  -19.629  45.884 0.2500000000
51076  14.605  -19.193  46.515 0.2500000000
51077  13.823  -19.203  46.569 0.2500000000
51066  13.427  -19.074  47.202 0.2500000000
51067  12.509  -19.273  47.178 0.2500000000
52108  12.461  -18.866  48.559 0.5000000000
52109  11.747  -19.084  48.467 0.5000000000
110280  11.022  -18.888  49.562 0.5000000000
116636  9.814  -17.934  52.727 0.6250000000
126050  14.764  -19.562  44.921 0.2500000000
110953  14.201  -19.466  45.124 0.2500000000
116268  14.110  -19.358  45.877 0.2500000000
115317  13.437  -19.406  45.957 0.2500000000
51057  11.217  -19.273  47.970 0.5000000000
52084  10.139  -18.763  50.006 0.5000000000
52077  10.056  -18.553  51.049 0.5000000000
132885  9.702  -18.362  51.605 0.6250000000
52069  9.442  -18.178  51.988 0.6250000000
53137  8.956  -17.998  52.533 0.6250000000
117199  8.293  -17.832  53.152 0.6250000000
51097  14.257  -19.505  44.331 0.2500000000
51098  13.540  -19.445  44.502 0.2500000000
51099  12.734  -19.420  44.712 0.2500000000
51088  12.601  -19.457  45.593 0.2500000000
51079  11.881  -19.437  46.302 0.2500000000
51068  11.512  -19.348  47.189 0.3750000000
51058  10.333  -19.086  48.150 0.5000000000
52095  10.214  -18.935  49.054 0.5000000000
52085  9.205  -18.521  50.373 0.5000000000
52079  8.334  -18.257  50.562 0.6250000000
53143  8.777  -18.114  51.821 0.6250000000
53138  8.111  -17.898  52.112 0.6250000000
51116  13.700  -19.338  42.818 0.2500000000
51117  12.948  -19.174  43.036 0.2500000000
51108  12.843  -19.321  43.861 0.2500000000
51109  12.041  -19.200  44.079 0.2500000000
52110  9.474  -18.691  48.415 0.5000000000
52111  8.674  -18.257  48.738 0.5000000000
52097  8.447  -18.286  49.711 0.5000000000
53148  7.732  -17.986  50.665 0.5000000000
53145  7.416  -17.726  51.214 0.6250000000
53139  7.324  -17.636  52.099 0.6250000000
119046  7.540  -17.707  52.908 0.6250000000
52152  13.200  -18.762  42.285 0.2500000000
52153  12.492  -18.493  42.585 0.2500000000
118791  9.612  -18.797  47.373 0.5000000000
53158  7.895  -17.864  49.010 0.5000000000
53151  7.616  -17.907  49.915 0.5000000000
53149  7.240  -17.684  50.425 0.5000000000
53150  6.582  -17.269  50.587 0.5000000000
53146  6.676  -17.320  51.675 0.6250000000
52160  12.831  -18.014  41.945 0.2500000000
53192  12.565  -17.271  41.735 0.2500000000
52130  8.976  -18.302  46.992 0.5000000000
52121  8.845  -18.302  47.796 0.5000000000
53163  8.195  -17.780  48.101 0.5000000000
53159  7.209  -17.425  49.139 0.5000000000
54219  6.596  -17.115  49.192 0.5000000000
54220  6.222  -16.954  49.741 0.5000000000
54289  12.921  -16.883  41.076 0.2500000000
55281  12.911  -16.127  41.102 0.2500000000
53168  8.493  -17.799  47.228 0.5000000000
54233  7.906  -17.140  47.461 0.5000000000
53164  7.543  -17.268  48.374 0.5000000000
54228  6.265  -16.458  49.077 0.5000000000
54239  8.167  -16.594  46.682 0.5000000000
54234  7.339  -16.696  47.891 0.5000000000
54227  6.879  -16.733  48.547 0.5000000000
55280  13.460  -15.674  40.595 0.1250000000
56153  7.995  -14.147  47.124 0.3750000000
56154  7.244  -14.629  47.556 0.3750000000
51045  28.575  -18.744  50.187 0.5000000000
50089  28.647  -19.910  50.116 0.5000000000
56161  9.233  -14.256  46.236 0.3750000000
57151  5.811  -13.736  49.425 0.3750000000
57147  4.754  -12.981  52.960 0.3750000000
53156  29.737  -17.434  49.277 0.5000000000
52102  29.604  -18.412  49.551 0.6250000000
56232  14.387  -14.382  40.411 0.1250000000
56233  13.607  -14.848  40.775 0.1250000000
131111  9.664  -14.567  45.720 0.3750000000
57164  7.650  -13.720  47.781 0.3750000000
58238  5.970  -12.891  49.942 0.3750000000
58225  4.101  -12.258  53.672 0.3750000000
119140  30.955  -17.373  48.612 0.3750000000
53155  30.021  -16.597  48.982 0.3750000000
56231  15.215  -14.037  40.176 0.1250000000
57237  13.661  -13.493  41.769 0.1250000000
57184  10.638  -13.427  45.728 0.1250000000
56160  9.941  -13.787  45.994 0.2500000000
57173  8.776  -13.791  46.839 0.3750000000
57163  8.480  -13.420  47.566 0.3750000000
58245  8.168  -12.934  48.315 0.3750000000
58247  6.528  -13.117  49.104 0.3750000000
58226  2.622  -12.228  54.265 0.3750000000
52101  30.763  -18.223  48.684 0.6250000000
51053  30.692  -19.209  48.858 0.6250000000
57247  14.735  -13.635  40.731 0.1250000000
58326  13.614  -12.567  42.782 0.1250000000
57204  12.876  -12.985  43.202 0.1250000000
57191  12.065  -13.190  44.434 0.1250000000
57192  11.512  -13.503  44.742 0.1250000000
56168  10.906  -13.843  45.039 0.1250000000
53154  32.162  -17.235  48.324 0.6250000000
52100  32.005  -18.045  48.344 0.6250000000
51052  31.858  -18.890  48.368 0.5000000000
50096  31.698  -19.846  48.379 0.6250000000
56219  13.787  -13.956  41.112 0.1250000000
57221  14.029  -12.883  42.067 0.1250000000
53160  32.740  -17.237  47.642 0.6250000000
52099  32.565  -17.811  47.969 0.6250000000
52114  32.497  -18.494  47.921 0.5000000000
52113  32.685  -18.066  47.404 0.5000000000
51060  32.582  -18.841  47.259 0.5000000000
54230  32.852  -16.390  47.504 0.5000000000
53165  32.780  -17.735  47.038 0.6250000000
47822  19.538  -22.133  48.064 0.2500000000
49016  18.494  -21.170  47.224 0.2500000000
50111  17.983  -20.793  46.729 0.2500000000
50113  16.993  -20.216  46.511 0.2500000000
51084  16.315  -19.779  46.363 0.2500000000
118332  17.403  -20.561  46.226 0.2500000000
51095  16.171  -20.154  44.937 0.2500000000
124967  16.071  -19.910  45.592 0.2500000000
51105  15.716  -20.023  44.055 0.2500000000
111283  14.968  -19.650  44.222 0.2500000000
50131  15.803  -19.974  43.062 0.2500000000
51106  14.396  -19.539  43.456 0.2500000000
51115  14.516  -19.491  42.585 0.2500000000
51107  13.597  -19.411  43.656 0.2500000000
51124  13.889  -19.110  41.991 0.2500000000
52158  14.096  -18.745  41.197 0.2500000000
52166  14.319  -18.422  40.362 0.2500000000
52167  13.655  -18.021  40.732 0.2500000000
50090  27.974  -20.287  50.405 0.5000000000
53206  14.481  -17.392  39.257 0.1250000000
53196  13.992  -17.675  39.960 0.2500000000
53197  13.447  -17.243  40.474 0.2500000000
51046  27.944  -19.167  50.432 0.6250000000
53207  13.961  -16.748  39.710 0.1250000000
55295  13.882  -15.978  40.035 0.1250000000
52086  28.521  -17.628  49.845 0.5000000000
56244  14.876  -14.758  39.775 0.1250000000
55279  14.141  -15.227  40.157 0.1250000000
58224  4.810  -11.789  53.147 0.3750000000
54226  28.247  -16.055  49.346 0.3750000000
55294  14.620  -15.747  39.407 0.1250000000
119000  6.925  -12.475  49.855 0.3750000000
58228  5.131  -12.472  52.196 0.3750000000
55192  29.822  -15.211  48.906 0.3750000000
111695  28.917  -16.686  49.518 0.3750000000
57171  10.412  -13.093  46.465 0.2500000000
57172  9.602  -13.415  46.667 0.2500000000
57162  9.245  -13.112  47.358 0.2500000000
58246  7.475  -12.638  49.057 0.3750000000
58229  1.955  -11.687  53.656 0.3750000000
54224  30.311  -15.916  48.855 0.3750000000
59307  2.633  -11.071  52.780 0.3750000000
54223  31.321  -15.600  48.547 0.3750000000
116893  31.233  -16.510  48.613 0.3750000000
58341  14.905  -12.608  41.753 0.1250000000
57205  12.287  -13.487  43.671 0.1250000000
58309  12.645  -12.771  44.049 0.1250000000
54231  32.325  -16.438  48.246 0.3750000000
54236  32.896  -17.077  46.893 0.5000000000
49021  18.374  -21.343  46.104 0.2500000000
50118  17.797  -20.936  45.933 0.2500000000
49022  18.015  -21.249  45.291 0.2500000000
50119  17.344  -20.781  45.284 0.2500000000
50120  16.707  -20.285  45.698 0.2500000000
49029  17.696  -21.211  44.531 0.2500000000
50124  17.058  -20.820  44.365 0.2500000000
50130  16.434  -20.418  44.211 0.2500000000
49035  17.443  -21.199  43.666 0.2500000000
50129  16.769  -20.700  43.523 0.2500000000
126067  16.219  -20.280  43.527 0.2500000000
49044  17.188  -21.018  42.632 0.2500000000
50135  16.428  -20.368  42.815 0.2500000000
51113  15.965  -20.026  42.171 0.2500000000
51114  15.283  -19.690  42.378 0.2500000000
116046  16.628  -20.456  41.886 0.2500000000
51123  14.665  -19.327  41.704 0.2500000000
51121  16.230  -20.052  41.395 0.2500000000
51130  15.563  -19.409  40.285 0.2500000000
51122  15.546  -19.640  41.326 0.2500000000
118290  16.256  -19.675  39.575 0.1250000000
51129  16.209  -19.876  40.624 0.2500000000
51131  14.819  -19.081  40.821 0.2500000000
52165  15.025  -18.840  39.922 0.1250000000
52172  14.615  -18.146  39.548 0.2500000000
51140  16.021  -19.054  38.709 0.1250000000
51134  15.343  -18.575  39.131 0.1250000000
52087  27.860  -18.230  50.183 0.5000000000
52178  16.324  -18.537  37.962 0.1250000000
52179  15.692  -18.265  38.423 0.1250000000
52180  15.049  -17.906  38.821 0.1250000000
54331  14.675  -16.678  39.008 0.1250000000
59295  3.773  -11.585  53.537 0.3750000000
52193  16.144  -17.800  37.882 0.1250000000
119736  15.314  -16.786  38.510 0.1250000000
55306  15.459  -15.592  38.949 0.1250000000
59321  6.230  -11.702  51.156 0.3750000000
52192  16.671  -18.128  37.524 0.1250000000
53240  16.072  -16.946  38.019 0.1250000000
58253  9.568  -12.556  47.908 0.2500000000
59296  2.959  -11.166  53.448 0.3750000000
54351  16.786  -16.781  37.870 0.1250000000
55305  16.165  -15.563  38.755 0.1250000000
57246  16.014  -13.871  40.231 0.1250000000
57235  15.322  -13.063  41.138 0.1250000000
57182  11.873  -12.831  45.158 0.1250000000
57183  11.290  -13.139  45.437 0.1250000000
56150  31.347  -14.208  47.863 0.2500000000
56242  16.293  -14.477  39.818 0.1250000000
58307  14.012  -11.936  43.167 0.1250000000
58290  12.469  -12.574  44.858 0.1250000000
56149  32.693  -14.762  47.569 0.2500000000
55198  31.928  -15.086  47.980 0.3750000000
55207  33.457  -15.295  47.017 0.2500000000
121848  32.434  -15.793  48.039 0.3750000000
118885  33.048  -16.161  46.930 0.3750000000
127805  32.697  -16.599  46.350 0.3750000000
46764  20.389  -22.650  47.508 0.1250000000
47833  19.655  -22.204  47.061 0.2500000000
49020  19.012  -21.758  46.625 0.2500000000
49027  19.050  -21.949  45.652 0.2500000000
129932  18.562  -21.638  45.260 0.2500000000
49034  18.052  -21.508  43.947 0.2500000000
49028  18.357  -21.601  44.614 0.2500000000
47855  19.089  -22.095  44.684 0.2500000000
47856  18.661  -21.905  43.870 0.2500000000
49043  18.094  -21.619  43.060 0.2500000000
115665  17.264  -20.895  41.499 0.2500000000
49056  17.917  -21.494  42.009 0.2500000000
50146  16.801  -20.273  40.111 0.2500000000
50145  17.304  -20.787  40.572 0.2500000000
50155  16.933  -20.223  39.238 0.1250000000
126677  17.761  -21.182  40.204 0.1250000000
116794  6.977  -10.969  51.557 0.2500000000
60351  6.437  -10.756  52.143 0.2500000000
51139  16.654  -19.689  38.642 0.1250000000
59304  7.719  -11.261  51.127 0.2500000000
59305  6.190  -11.198  51.781 0.3750000000
60337  5.829  -10.571  52.803 0.2500000000
60338  4.681  -10.640  53.369 0.3750000000
50163  17.124  -20.186  38.512 0.1250000000
58236  8.400  -12.238  49.163 0.2500000000
58237  7.820  -12.154  49.901 0.2500000000
58231  7.176  -11.839  50.577 0.3750000000
59306  5.459  -11.703  52.036 0.3750000000
127373  16.585  -19.181  38.077 0.1250000000
59397  14.476  -11.559  43.743 0.1250000000
59388  13.856  -11.683  44.388 0.1250000000
58263  11.650  -12.476  46.685 0.1250000000
57170  11.115  -12.837  46.194 0.1250000000
57161  10.117  -12.724  47.269 0.2500000000
128739  4.438  -11.258  53.323 0.3750000000
117795  3.803  -10.932  53.330 0.3750000000
61344  3.892  -9.673  52.910 0.3750000000
58324  15.354  -12.159  42.280 0.1250000000
58325  14.447  -12.272  42.462 0.1250000000
60340  3.340  -10.429  53.042 0.3750000000
57234  16.374  -13.418  41.117 0.1250000000
58308  13.306  -12.363  43.591 0.1250000000
56157  32.410  -13.876  47.516 0.2500000000
56218  17.152  -14.160  41.357 0.1250000000
54242  32.871  -15.895  46.162 0.3750000000
47843  19.721  -22.295  46.102 0.2500000000
132681  16.233  -11.153  53.668 0.1250000000
59292  15.763  -11.073  53.900 0.1250000000
59293  15.063  -11.103  53.696 0.1250000000
60330  14.253  -10.859  52.916 0.1250000000
59300  16.500  -11.484  51.937 0.1250000000
109992  16.377  -11.356  53.062 0.1250000000
119381  15.665  -11.267  53.287 0.1250000000
59312  16.460  -11.394  50.685 0.1250000000
59302  14.768  -11.177  52.401 0.1250000000
59303  13.900  -10.880  51.743 0.1250000000
110076  17.007  -11.290  49.277 0.1250000000
112423  14.888  -11.304  51.304 0.1250000000
59353  17.625  -11.188  47.736 0.1250000000
59343  17.343  -11.228  48.582 0.1250000000
132718  15.725  -11.265  50.164 0.1250000000
112242  15.019  -11.262  50.314 0.1250000000
132592  14.245  -11.069  51.324 0.1250000000
49055  18.637  -21.877  41.433 0.2500000000
59344  16.252  -11.116  48.679 0.1250000000
59330  14.469  -11.212  49.729 0.1250000000
49068  18.376  -21.615  40.392 0.1250000000
59365  17.685  -11.279  46.817 0.1250000000
59354  16.756  -10.907  47.301 0.1250000000
59355  15.933  -10.921  47.761 0.1250000000
110502  15.119  -11.160  48.285 0.1250000000
60349  8.427  -11.001  51.549 0.1250000000
60335  8.271  -10.488  52.188 0.2500000000
60336  7.007  -10.391  52.276 0.2500000000
59373  18.017  -11.593  46.005 0.1250000000
132637  17.337  -11.177  46.257 0.1250000000
59366  15.866  -10.760  46.961 0.1250000000
110272  15.050  -10.831  46.548 0.1250000000
59336  8.619  -11.849  50.054 0.1250000000
59320  8.596  -11.448  50.832 0.1250000000
59384  17.570  -11.638  45.154 0.1250000000
59374  16.909  -11.056  45.756 0.1250000000
59375  15.199  -10.771  45.757 0.1250000000
131083  14.479  -11.041  46.122 0.1250000000
58242  11.326  -12.060  48.219 0.1250000000
59348  10.270  -11.748  49.055 0.1250000000
109493  9.403  -11.502  50.391 0.1250000000
115778  8.030  -11.710  50.491 0.2500000000
59395  16.235  -11.356  43.950 0.1250000000
59385  16.586  -11.167  44.870 0.1250000000
59387  14.471  -11.347  44.614 0.1250000000
59377  13.615  -11.653  45.185 0.1250000000
112915  12.902  -12.148  45.263 0.1250000000
58261  12.849  -11.861  46.662 0.1250000000
58262  12.313  -12.201  46.463 0.1250000000
58251  11.508  -12.298  47.446 0.1250000000
109446  10.191  -12.334  47.953 0.1250000000
116334  9.047  -12.347  48.483 0.2500000000
60325  4.514  -10.019  53.436 0.3750000000
58306  17.070  -11.920  43.586 0.1250000000
59396  15.469  -11.459  43.318 0.1250000000
58289  13.178  -12.151  44.481 0.1250000000
58276  11.751  -12.608  45.915 0.1250000000
58244  9.852  -12.096  48.501 0.2500000000
60339  4.043  -10.186  53.428 0.3750000000
58340  15.848  -12.653  41.713 0.1250000000
59404  15.666  -11.745  42.705 0.1250000000
58275  12.369  -12.375  45.629 0.1250000000
57220  16.722  -13.077  42.123 0.1250000000
58256  32.574  -12.711  46.714 0.2500000000
56156  33.424  -14.266  47.215 0.2500000000
56155  33.948  -13.637  46.808 0.2500000000
56167  33.964  -14.613  46.602 0.2500000000
55212  33.319  -15.258  45.992 0.2500000000
46780  21.234  -23.090  47.027 0.1250000000
118110  13.697  -8.392  52.582 0.1250000000
63352  13.085  -7.885  52.227 0.1250000000
63348  13.123  -8.154  53.118 0.1250000000
63349  12.584  -7.469  52.652 0.1250000000
47832  20.467  -22.656  46.534 0.2500000000
113085  14.448  -8.947  53.133 0.1250000000
62376  13.796  -8.768  53.657 0.1250000000
126628  12.598  -7.764  53.511 0.1250000000
63344  12.288  -7.753  54.137 0.1250000000
63339  11.807  -8.011  54.499 0.1250000000
61337  15.637  -9.878  53.469 0.1250000000
61338  14.988  -9.566  53.519 0.1250000000
62366  14.384  -9.637  54.041 0.1250000000
62367  13.605  -9.244  54.189 0.1250000000
63338  12.450  -8.349  54.343 0.1250000000
60319  15.776  -10.730  53.946 0.1250000000
61325  15.109  -10.286  54.028 0.1250000000
113243  14.493  -10.470  54.071 0.1250000000
61326  13.846  -9.988  54.256 0.1250000000
61321  13.291  -9.573  54.264 0.1250000000
110944  11.499  -7.239  54.165 0.1250000000
109983  19.803  -22.376  45.213 0.2500000000
59288  15.159  -10.862  54.026 0.1250000000
60318  13.205  -9.985  54.167 0.1250000000
61322  12.581  -9.402  54.301 0.1250000000
62361  11.320  -8.384  54.488 0.1250000000
47854  19.974  -22.509  44.374 0.2500000000
125372  13.813  -10.679  53.344 0.1250000000
60322  12.826  -10.217  53.653 0.1250000000
61324  11.088  -9.076  54.131 0.1250000000
62369  10.549  -8.468  54.313 0.1250000000
47885  18.936  -22.096  42.975 0.2500000000
47868  19.442  -22.333  43.726 0.2500000000
60344  13.362  -10.619  52.138 0.1250000000
60332  12.162  -10.258  52.700 0.1250000000
60323  11.939  -9.929  53.395 0.1250000000
61339  10.873  -9.626  53.279 0.1250000000
60355  12.602  -10.656  51.056 0.1250000000
60345  12.438  -10.459  51.910 0.1250000000
60346  11.461  -10.429  51.790 0.1250000000
61328  10.199  -9.166  53.696 0.1250000000
112032  18.553  -21.887  42.330 0.2500000000
59315  13.540  -10.942  50.590 0.1250000000
59316  12.731  -10.911  50.298 0.1250000000
60357  10.845  -10.791  51.062 0.1250000000
111574  11.186  -10.121  52.550 0.1250000000
61340  9.717  -9.794  52.975 0.1250000000
119802  9.243  -9.338  53.392 0.2500000000
47905  19.192  -22.241  42.111 0.2500000000
59345  14.303  -11.244  48.919 0.1250000000
59331  13.729  -11.188  49.677 0.1250000000
59332  12.210  -11.291  49.506 0.1250000000
59318  11.172  -11.071  50.270 0.1250000000
60348  9.633  -10.677  51.906 0.1250000000
60334  9.221  -10.369  52.409 0.1250000000
61341  8.753  -9.968  52.777 0.2500000000
61329  8.229  -9.451  53.228 0.2500000000
120865  19.458  -22.265  41.310 0.2500000000
59357  13.246  -11.635  47.166 0.1250000000
59347  12.514  -11.571  48.760 0.1250000000
59333  11.476  -11.371  49.523 0.1250000000
60358  10.015  -10.986  51.268 0.1250000000
60359  9.239  -11.148  51.298 0.1250000000
61342  7.644  -9.993  52.645 0.2500000000
61343  6.422  -10.066  52.800 0.2500000000
59367  14.095  -11.280  46.805 0.1250000000
110075  12.940  -11.734  47.963 0.1250000000
126874  11.029  -11.722  48.913 0.1250000000
59334  10.719  -11.442  49.630 0.1250000000
59319  10.280  -11.236  50.456 0.1250000000
130921  9.700  -11.268  50.878 0.1250000000
122786  8.963  -10.776  51.931 0.1250000000
110264  13.790  -11.426  46.022 0.1250000000
59368  13.345  -11.618  46.533 0.1250000000
59358  12.563  -11.940  47.205 0.1250000000
59359  12.121  -12.026  47.949 0.1250000000
59335  10.034  -11.535  49.747 0.1250000000
58274  12.985  -11.901  45.986 0.1250000000
58250  12.054  -12.206  47.144 0.1250000000
61333  4.364  -9.588  53.274 0.3750000000
117727  4.000  -9.262  52.095 0.3750000000
57167  33.113  -13.401  47.108 0.2500000000
56174  33.983  -14.746  45.639 0.2500000000
62421  8.879  -8.509  47.602 0.3750000000
63350  11.984  -7.017  53.402 0.1250000000
47842  20.478  -22.671  45.654 0.2500000000
47831  21.259  -23.126  46.027 0.2500000000
116409  20.544  -22.746  44.877 0.2500000000
127370  13.236  -10.734  51.126 0.1250000000
113403  20.659  -22.870  44.193 0.2500000000
62370  9.671  -8.605  54.048 0.2500000000
62363  9.119  -7.860  54.365 0.2500000000
47867  20.268  -22.715  43.564 0.2500000000
47884  19.712  -22.487  42.806 0.2500000000
62371  8.698  -8.740  53.879 0.2500000000
47904  19.967  -22.501  41.953 0.2500000000
126899  7.789  -8.857  53.709 0.2500000000
61330  6.991  -9.409  53.257 0.2500000000
61331  5.942  -9.617  53.201 0.2500000000
121206  5.998  -8.913  53.376 0.2500000000
61332  4.993  -9.439  53.270 0.3750000000
62375  4.721  -9.047  53.096 0.3750000000
62378  4.389  -9.014  52.620 0.3750000000
62382  4.353  -8.834  51.651 0.3750000000
63364  8.365  -7.780  49.342 0.3750000000
61351  4.038  -9.279  51.177 0.3750000000
57166  33.687  -12.847  46.672 0.1250000000
63371  9.156  -7.277  48.544 0.3750000000
129229  7.923  -8.403  48.880 0.3750000000
62389  4.927  -8.673  50.525 0.3750000000
56165  34.970  -13.356  45.734 0.1250000000
64364  9.401  -6.677  47.657 0.3750000000
62420  9.318  -7.643  47.659 0.3750000000
62411  8.682  -8.122  48.406 0.3750000000
56166  34.490  -13.983  46.175 0.2500000000
126131  34.154  -14.580  45.055 0.2500000000
62428  9.453  -8.023  46.748 0.3750000000
61385  9.406  -8.765  46.091 0.3750000000
123401  21.880  -23.413  46.622 0.2500000000
47841  21.040  -23.015  45.269 0.2500000000
63341  9.522  -7.060  54.616 0.2500000000
64331  8.436  -6.060  54.533 0.2500000000
63342  8.654  -6.922  54.636 0.2500000000
63343  7.751  -6.750  54.395 0.2500000000
62364  7.919  -7.850  54.294 0.2500000000
62372  6.936  -8.420  53.754 0.2500000000
62373  6.210  -8.101  53.399 0.2500000000
63358  8.296  -7.106  50.171 0.3750000000
63365  7.433  -7.837  50.112 0.3750000000
114508  6.785  -7.679  50.779 0.3750000000
111298  4.734  -8.579  51.212 0.3750000000
62398  7.531  -8.284  49.409 0.3750000000
131783  6.573  -8.117  50.235 0.3750000000
57175  34.959  -12.479  45.864 0.1250000000
109502  6.734  -8.390  49.648 0.3750000000
57186  35.495  -12.809  45.302 0.1250000000
56172  35.215  -13.751  45.051 0.2500000000
56183  34.410  -14.484  44.538 0.2500000000
63385  9.509  -7.400  46.224 0.3750000000
62431  9.615  -8.018  45.941 0.3750000000
126752  9.616  -8.404  45.294 0.3750000000
64332  7.874  -5.883  54.190 0.2500000000
62365  6.971  -7.432  54.002 0.2500000000
64336  7.564  -6.029  53.717 0.2500000000
63345  7.196  -6.646  53.940 0.2500000000
65316  7.748  -5.401  53.161 0.2500000000
124989  7.290  -6.278  52.874 0.2500000000
64337  6.813  -6.765  53.220 0.2500000000
64341  6.719  -6.972  52.231 0.2500000000
63346  6.505  -7.397  53.376 0.2500000000
62374  5.335  -8.672  53.118 0.3750000000
132438  6.127  -7.527  52.091 0.3750000000
63351  6.185  -7.446  52.684 0.3750000000
63347  5.662  -7.977  52.974 0.3750000000
62377  5.008  -8.545  52.705 0.3750000000
118570  5.545  -7.974  52.165 0.3750000000
62381  4.820  -8.480  51.947 0.3750000000
63355  6.196  -7.667  51.466 0.3750000000
63356  5.329  -8.246  51.182 0.3750000000
125900  6.021  -8.104  50.647 0.3750000000
58281  35.240  -11.934  45.178 0.1250000000
56181  36.185  -13.636  44.172 0.2500000000
56182  35.353  -14.048  44.304 0.2500000000
64340  7.445  -6.278  52.155 0.3750000000
58280  35.935  -12.442  44.807 0.2500000000
57197  36.391  -12.884  44.421 0.2500000000
56198  35.495  -14.446  43.404 0.2500000000
55230  36.629  -14.725  42.504 0.2500000000
55231  35.762  -14.853  42.480 0.2500000000
111143  33.189  -16.447  36.176 0.5000000000
110185  34.156  -16.455  36.324 0.3750000000
111306  34.828  -16.443  35.520 0.3750000000
54378  33.841  -16.460  35.370 0.3750000000
54394  33.513  -16.457  34.341 0.5000000000
57470  40.477  -13.171  25.939 0.2500000000
54393  34.553  -16.445  34.589 0.5000000000
64647  45.248  -5.935  23.406 0.5000000000
64657  45.861  -5.898  22.496 0.5000000000
64659  44.862  -6.270  22.519 0.5000000000
64658  45.602  -6.286  21.835 0.5000000000
54377  35.864  -16.476  35.784 0.3750000000
54392  35.613  -16.480  34.672 0.5000000000
64668  46.362  -6.103  21.547 0.5000000000
64667  46.936  -6.050  20.922 0.5000000000
64677  46.420  -6.549  20.604 0.3750000000
63697  46.696  -7.516  19.010 0.3750000000
112582  36.418  -16.543  35.056 0.5000000000
54391  36.600  -16.673  34.301 0.3750000000
130369  35.128  -16.478  33.957 0.5000000000
53297  36.464  -16.797  32.744 0.5000000000
54411  35.623  -16.609  32.667 0.5000000000
129898  35.133  -16.500  33.314 0.5000000000
66571  49.337  -4.403  20.329 0.5000000000
65656  49.414  -5.266  19.111 0.5000000000
65666  49.772  -5.630  18.391 0.5000000000
53411  36.704  -17.553  26.123 0.1250000000
69981  51.730  -0.585  24.518 0.2500000000
69996  52.215  -0.862  24.173 0.2500000000
69980  52.181  0.037  23.957 0.1250000000
70996  52.903  0.779  23.557 0.1250000000
69088  52.996  -0.889  22.936 0.1250000000
69089  52.214  -1.495  22.666 0.2500000000
130950  53.525  0.596  23.261 0.1250000000
69087  53.291  -0.975  22.105 0.1250000000
71026  54.313  0.301  22.277 0.1250000000
70021  53.879  -0.488  21.817 0.1250000000
113441  53.562  -1.310  20.499 0.1250000000
66597  52.034  -4.075  16.935 0.6250000000
69982  51.037  -0.213  24.807 0.1250000000
69073  51.375  -0.915  25.128 0.2500000000
70997  52.094  1.541  24.063 0.1250000000
110850  53.625  1.527  23.424 0.1250000000
71954  52.093  3.116  24.456 0.1250000000
121627  54.975  1.031  21.828 0.1250000000
70020  54.464  0.017  21.431 0.1250000000
70034  53.999  -0.708  21.006 0.1250000000
70033  54.514  -0.275  20.538 0.1250000000
68298  53.004  -3.117  14.974 0.7500000000
68296  54.177  -2.135  15.657 0.2500000000
68297  53.584  -2.616  15.306 0.5000000000
68308  52.766  -3.116  14.127 0.7500000000
71972  53.944  2.954  23.665 0.1250000000
72873  51.493  3.889  24.838 0.1250000000
70047  54.468  -0.607  19.559 0.2500000000
70046  55.275  -0.035  19.098 0.1250000000
67492  52.035  -3.541  14.318 0.7500000000
68306  54.112  -2.224  14.813 0.2500000000
70063  55.459  -0.222  18.170 0.1250000000
69175  54.682  -1.732  15.190 0.2500000000
123063  53.917  -2.253  13.150 0.5000000000
131746  51.088  -3.272  10.173 0.1250000000
67525  52.463  -2.719  10.815 0.1250000000
67535  51.642  -3.078  10.576 0.1250000000
70076  56.546  -0.106  17.092 0.1250000000
71084  56.216  0.123  17.880 0.1250000000
70086  56.465  -0.266  16.109 0.1250000000
69184  55.365  -1.306  14.764 0.2500000000
69185  54.651  -1.833  14.328 0.2500000000
70098  55.857  -0.774  15.510 0.2500000000
115697  55.224  -1.530  13.781 0.2500000000
123439  54.529  -1.888  13.456 0.2500000000
68336  54.189  -1.975  11.732 0.5000000000
68351  53.044  -2.496  10.232 0.1250000000
68360  52.928  -2.520  9.386 0.1250000000
67549  51.418  -3.261  7.815 0.1250000000
67548  52.006  -3.027  7.465 0.1250000000
127891  56.037  -0.807  14.776 0.1250000000
69194  55.808  -1.258  13.160 0.2500000000
69210  55.552  -1.428  11.504 0.3750000000
69222  54.734  -1.678  10.441 0.3750000000
68363  53.597  -2.330  8.851 0.1250000000
67543  52.058  -2.855  8.197 0.1250000000
68375  53.191  -2.706  6.935 0.1250000000
67553  52.415  -3.053  6.836 0.1250000000
110421  52.112  -3.517  5.957 0.1250000000
66699  51.934  -4.184  5.180 0.1250000000
66709  53.078  -4.465  4.207 0.1250000000
66718  53.353  -4.801  3.381 0.1250000000
70122  56.614  -0.761  13.337 0.2500000000
69193  56.222  -1.074  12.624 0.2500000000
69221  55.401  -1.480  10.536 0.3750000000
69233  54.937  -1.641  9.719 0.3750000000
114341  54.290  -2.183  8.374 0.2500000000
68362  54.862  -1.758  8.828 0.2500000000
114362  53.877  -2.540  6.975 0.1250000000
67552  52.996  -3.154  6.143 0.1250000000
67565  52.784  -3.680  5.349 0.1250000000
67564  53.609  -3.279  5.495 0.1250000000
67573  52.718  -4.197  4.804 0.1250000000
118777  54.062  -3.576  4.256 0.1250000000
67572  53.435  -3.797  4.666 0.1250000000
66717  53.871  -4.115  3.007 0.1250000000
114422  54.880  -3.731  0.289 0.1250000000
67596  54.601  -3.863  0.889 0.1250000000
110604  54.370  -3.996  1.583 0.1250000000
67595  54.871  -3.161  0.719 0.1250000000
69231  56.220  -1.237  9.343 0.3750000000
69246  55.366  -1.664  8.419 0.2500000000
69260  55.569  -1.730  7.697 0.1250000000
68367  54.913  -1.988  7.968 0.1250000000
68373  54.537  -2.523  6.461 0.1250000000
68374  53.756  -2.817  6.270 0.1250000000
68384  54.266  -2.863  5.627 0.1250000000
67563  54.138  -3.276  4.912 0.1250000000
67580  53.661  -4.041  3.818 0.1250000000
68403  54.850  -2.891  2.233 0.1250000000
67585  54.382  -3.525  2.719 0.1250000000
68407  55.091  -2.633  1.358 0.1250000000
67589  54.631  -3.305  1.445 0.1250000000
129525  54.435  -3.546  2.033 0.1250000000
68411  55.341  -2.514  0.572 0.1250000000
69271  56.436  -1.432  6.504 0.1250000000
69272  55.756  -1.813  6.839 0.1250000000
68372  55.131  -2.235  7.118 0.1250000000
69289  56.493  -1.383  5.654 0.1250000000
69290  55.894  -1.793  6.019 0.1250000000
117895  54.898  -2.539  5.594 0.1250000000
126225  54.596  -2.832  5.035 0.1250000000
69299  56.401  -1.314  4.805 0.1250000000
69300  55.702  -1.824  4.512 0.1250000000
69307  55.751  -1.750  3.428 0.1250000000
68397  55.207  -2.388  3.849 0.1250000000
69314  55.816  -1.690  2.516 0.1250000000
67579  54.238  -3.548  3.550 0.1250000000
69321  55.583  -1.975  1.223 0.1250000000
116582  56.330  -1.276  3.902 0.1250000000
69306  56.338  -1.241  2.978 0.1250000000
69313  56.318  -1.214  2.113 0.1250000000
123442  55.867  -1.644  1.794 0.1250000000
69320  56.225  -1.323  1.200 0.1250000000
111580  11.906  -18.539  50.833 0.6250000000
112506  33.103  -15.192  45.108 0.2500000000
62615  42.947  -7.927  24.203 0.5000000000
64705  50.033  -6.048  17.835 0.5000000000
118743  52.504  -3.566  15.505 0.5000000000
112429  51.755  -1.146  24.605 0.2500000000
69079  52.350  -1.159  23.543 0.2500000000
69114  53.446  -1.155  21.299 0.1250000000
70077  55.706  -0.475  17.353 0.1250000000
53129  9.141  -17.773  53.436 0.6250000000
63670  43.908  -6.577  22.926 0.5000000000
121146  46.227  -7.307  19.545 0.3750000000
65645  49.031  -5.009  19.926 0.5000000000
54405  33.641  -16.464  33.322 0.3750000000
64694  49.473  -6.247  18.120 0.3750000000
132819  52.031  -2.904  11.337 0.1250000000
54422  35.315  -16.637  31.896 0.3750000000
68318  53.362  -2.612  13.623 0.6250000000
68325  54.395  -1.913  12.618 0.5000000000
53298  36.144  -16.857  32.026 0.5000000000
68317  54.013  -2.258  13.969 0.2500000000
68338  53.159  -2.489  11.068 0.2500000000
129432  53.737  -2.210  11.177 0.3750000000
46716  11.571  -23.528  51.248 0.1250000000
46749  12.189  -23.259  48.466 0.1250000000
54255  11.039  -16.223  43.270 0.2500000000
53177  9.683  -17.665  44.838 0.2500000000
51089  11.756  -19.418  45.496 0.2500000000
52141  11.292  -19.048  44.376 0.2500000000
52129  9.434  -18.551  46.386 0.5000000000
52136  8.851  -17.839  46.307 0.5000000000
122369  8.380  -17.300  46.747 0.5000000000
55189  5.862  -16.138  49.765 0.5000000000
55259  12.464  -15.763  41.690 0.2500000000
55205  7.380  -15.469  47.304 0.5000000000
129417  6.922  -15.388  47.900 0.3750000000
56143  5.594  -14.872  50.787 0.3750000000
115090  5.538  -15.182  51.259 0.3750000000
56162  8.439  -14.674  46.527 0.3750000000
56147  6.897  -14.049  48.025 0.3750000000
57152  5.591  -14.388  50.067 0.3750000000
122485  5.396  -14.162  50.923 0.3750000000
56169  10.265  -14.255  45.387 0.2500000000
58233  5.517  -12.771  50.941 0.3750000000
110592  16.273  -19.477  47.253 0.2500000000
49015  19.008  -21.580  47.670 0.2500000000
51086  14.904  -19.446  45.729 0.2500000000
52119  12.964  -18.933  47.878 0.5000000000
52120  12.101  -19.174  47.883 0.5000000000
109679  11.058  -19.119  48.741 0.5000000000
51087  13.475  -19.446  45.300 0.2500000000
51078  12.969  -19.367  46.489 0.2500000000
52078  9.074  -18.364  51.265 0.5000000000
52096  9.343  -18.593  49.384 0.5000000000
53144  8.231  -18.104  51.261 0.6250000000
53152  6.889  -17.433  49.818 0.5000000000
52159  13.448  -18.371  41.552 0.2500000000
53191  13.102  -17.614  41.223 0.2500000000
54288  13.411  -16.467  40.478 0.2500000000
54225  29.284  -15.892  49.237 0.3750000000
57154  7.134  -13.374  48.407 0.3750000000
59322  5.655  -12.171  51.317 0.3750000000
58254  8.914  -12.894  47.924 0.2500000000
117022  2.960  -11.682  53.909 0.3750000000
50125  16.743  -20.487  44.903 0.2500000000
110442  15.144  -19.715  43.296 0.2500000000
56243  15.683  -14.514  39.655 0.1250000000
58232  6.250  -12.275  50.576 0.3750000000
55193  28.577  -15.245  49.039 0.3750000000
58264  10.973  -12.634  46.966 0.1250000000
50140  16.728  -20.383  40.999 0.2500000000
53221  14.951  -17.252  38.720 0.1250000000
54330  15.734  -16.191  38.472 0.1250000000
130714  16.056  -14.713  39.422 0.1250000000
59294  5.365  -11.142  52.815 0.3750000000
55197  32.868  -15.621  47.467 0.2500000000
49069  17.874  -21.365  41.052 0.2500000000
60350  7.528  -10.758  51.790 0.1250000000
109590  6.888  -11.331  51.174 0.2500000000
58235  9.357  -11.824  49.309 0.1250000000
118067  15.188  -11.294  44.085 0.1250000000
59376  14.451  -11.149  45.429 0.1250000000
58252  10.803  -12.340  47.707 0.1250000000
115534  16.230  -12.235  42.404 0.1250000000
125249  16.708  -11.116  53.434 0.1250000000
60320  14.488  -10.832  53.903 0.1250000000
59313  15.671  -11.377  51.053 0.1250000000
111022  17.347  -11.500  51.456 0.1250000000
59328  16.329  -11.253  49.674 0.1250000000
110077  17.945  -11.455  49.452 0.1250000000
123371  16.767  -10.983  47.999 0.1250000000
59329  15.291  -11.190  49.360 0.1250000000
59314  14.235  -11.145  50.487 0.1250000000
113793  16.744  -10.888  46.549 0.1250000000
109739  14.971  -11.052  47.366 0.1250000000
59356  13.989  -11.382  47.874 0.1250000000
112121  16.019  -10.776  45.456 0.1250000000
109790  15.950  -10.686  46.166 0.1250000000
59386  15.427  -10.969  44.851 0.1250000000
112124  11.770  -11.680  48.795 0.1250000000
58243  10.590  -12.052  48.394 0.1250000000
60324  5.315  -10.099  53.260 0.3750000000
57176  34.498  -12.996  46.416 0.2500000000
62368  13.023  -8.406  54.053 0.1250000000
62360  12.147  -8.690  54.480 0.1250000000
60321  13.739  -10.472  53.984 0.1250000000
60331  13.086  -10.466  53.006 0.1250000000
61327  11.831  -9.519  54.017 0.1250000000
59317  11.983  -10.974  50.215 0.1250000000
60356  11.748  -10.663  50.980 0.1250000000
60333  10.131  -10.189  52.500 0.1250000000
122980  12.953  -11.194  49.591 0.1250000000
60347  10.492  -10.513  51.831 0.1250000000
59346  13.354  -11.414  48.806 0.1250000000
56173  34.580  -14.190  45.350 0.2500000000
47853  21.329  -23.167  44.552 0.2500000000
56171  35.916  -13.286  44.781 0.2500000000
58297  35.753  -11.953  44.605 0.1250000000
113036  36.256  -12.260  44.360 0.2500000000
56197  36.367  -14.155  43.344 0.2500000000
54404  34.420  -16.451  33.699 0.5000000000
128368  34.585  -16.489  32.712 0.3750000000
64669  45.017  -6.565  21.376 0.5000000000
126540  45.859  -6.524  21.190 0.5000000000
63686  45.686  -6.786  20.547 0.5000000000
54403  35.946  -16.587  33.558 0.5000000000
70984  51.439  0.620  24.334 0.1250000000
69995  52.686  -0.434  23.566 0.1250000000
69994  53.370  -0.072  23.187 0.1250000000
70005  53.695  -0.293  22.620 0.1250000000
70985  50.476  1.060  24.738 0.1250000000
117458  53.032  2.744  24.061 0.1250000000
72874  50.752  3.752  25.147 0.1250000000
73784  50.713  4.168  25.022 0.1250000000
71068  56.013  0.395  18.687 0.1250000000
67534  52.260  -2.763  9.955 0.1250000000
70110  55.985  -1.087  14.008 0.2500000000
69195  55.048  -1.604  12.900 0.5000000000
68349  54.245  -1.894  10.834 0.3750000000
69203  54.906  -1.644  12.031 0.5000000000
68359  53.648  -2.251  9.723 0.2500000000
68358  54.270  -1.901  10.087 0.2500000000
67539  52.138  -2.800  9.055 0.1250000000
68364  52.821  -2.585  8.491 0.1250000000
68370  52.656  -2.726  7.626 0.1250000000
70109  56.653  -0.578  14.321 0.2500000000
69202  55.643  -1.373  12.346 0.2500000000
110379  54.257  -1.966  9.262 0.2500000000
68369  53.557  -2.485  7.811 0.2500000000
67566  51.212  -3.877  5.818 0.1250000000
65779  52.838  -5.145  4.033 0.1250000000
69232  55.618  -1.429  9.786 0.3750000000
122067  55.504  -1.535  9.095 0.3750000000
68368  54.405  -2.360  7.444 0.1250000000
119422  54.128  -4.093  2.263 0.1250000000
69245  56.099  -1.448  8.357 0.2500000000
69259  56.277  -1.453  7.401 0.2500000000
68383  55.303  -2.236  6.250 0.1250000000
68402  55.316  -2.309  2.873 0.1250000000
113010  55.425  -2.175  1.995 0.1250000000
68398  54.755  -2.924  3.239 0.1250000000
70197  56.687  -1.171  7.867 0.2500000000
121169  55.956  -1.677  5.305 0.1250000000
123438  55.470  -2.132  5.431 0.1250000000
68390  55.101  -2.503  4.781 0.1250000000
68391  54.559  -2.975  4.230 0.1250000000
70266  56.865  -0.711  3.423 0.1250000000
70276  56.783  -0.650  2.567 0.1250000000
51047  27.451  -19.626  50.116 0.5000000000
119016  27.798  -21.418  50.299 0.5000000000
52104  27.482  -18.201  49.494 0.2500000000
51048  26.892  -20.001  49.631 0.3750000000
50091  27.379  -20.637  50.226 0.3750000000
50092  26.576  -20.755  49.782 0.3750000000
48992  25.973  -22.127  49.911 0.3750000000
50105  25.952  -20.669  48.334 0.2500000000
49013  25.754  -21.220  46.829 0.1250000000
47821  24.934  -22.982  47.585 0.1250000000
46761  23.339  -23.659  47.691 0.1250000000
113244  23.128  -23.387  45.816 0.1250000000
47829  25.390  -22.106  47.174 0.1250000000
47839  24.788  -22.215  45.474 0.1250000000
46794  21.720  -23.332  45.274 0.1250000000
46792  23.524  -23.144  45.048 0.1250000000
46815  22.083  -23.276  44.067 0.1250000000
47883  20.563  -22.801  42.715 0.1250000000
49019  25.133  -21.478  45.205 0.1250000000
47852  24.510  -22.166  44.271 0.1250000000
128456  22.970  -22.960  43.828 0.1250000000
47882  21.416  -22.899  42.542 0.1250000000
50128  24.877  -21.154  43.630 0.1250000000
49033  24.520  -21.813  43.693 0.1250000000
111887  23.088  -22.664  43.082 0.1250000000
47901  22.662  -22.424  41.493 0.1250000000
49053  24.426  -21.413  42.087 0.1250000000
47900  23.416  -22.157  41.493 0.1250000000
47919  22.993  -22.207  40.853 0.1250000000
50152  24.720  -20.566  39.726 0.1250000000
49078  24.199  -21.195  40.144 0.1250000000
49066  23.619  -21.777  40.684 0.1250000000
49067  22.882  -22.037  40.116 0.1250000000
57238  10.269  -12.866  41.081 0.3750000000
50153  24.131  -20.995  39.131 0.1250000000
58342  10.490  -11.979  41.217 0.3750000000
58355  10.591  -12.417  40.383 0.3750000000
62435  9.546  -8.401  43.550 0.2500000000
63413  8.743  -7.818  43.297 0.1250000000
62437  9.137  -8.278  42.716 0.2500000000
60393  10.354  -10.243  41.744 0.3750000000
61399  10.047  -9.382  41.860 0.1250000000
61402  10.003  -9.761  41.080 0.2500000000
60395  10.377  -10.526  40.907 0.1250000000
63405  9.170  -7.728  44.035 0.2500000000
61396  9.871  -8.943  43.740 0.3750000000
112325  8.300  -8.091  42.069 0.2500000000
62441  9.144  -8.645  41.824 0.2500000000
61407  9.069  -9.464  40.384 0.1250000000
61403  9.394  -9.183  41.205 0.2500000000
60396  9.956  -10.030  40.436 0.2500000000
52198  29.329  -18.267  36.593 0.2500000000
62433  9.569  -8.204  44.486 0.2500000000
63399  9.330  -7.521  44.713 0.2500000000
63400  8.844  -7.185  44.416 0.1250000000
63406  8.158  -7.251  43.671 0.1250000000
131250  8.054  -7.513  43.147 0.1250000000
61404  8.329  -8.824  40.878 0.1250000000
54345  30.895  -16.712  37.500 0.5000000000
62438  7.369  -7.771  41.887 0.1250000000
53229  30.436  -16.978  36.732 0.3750000000
53249  30.416  -17.073  35.993 0.3750000000
125102  29.435  -17.916  35.888 0.2500000000
53250  29.863  -17.509  36.253 0.2500000000
117993  9.345  -6.968  45.825 0.2500000000
64371  8.813  -6.415  45.844 0.2500000000
125209  8.181  -6.299  45.213 0.1250000000
132771  9.493  -7.604  45.373 0.2500000000
64378  9.031  -6.895  45.107 0.2500000000
114469  7.814  -6.605  44.393 0.1250000000
63407  7.252  -7.207  43.010 0.1250000000
63408  6.537  -6.855  42.903 0.1250000000
63414  7.935  -7.693  42.618 0.1250000000
63415  6.651  -7.258  42.239 0.1250000000
61408  7.431  -9.266  40.093 0.1250000000
62446  6.912  -8.565  40.574 0.1250000000
62442  7.644  -8.262  41.363 0.1250000000
54364  31.031  -16.698  36.199 0.3750000000
63354  7.089  -7.060  51.439 0.2500000000
125720  7.699  -6.359  51.447 0.2500000000
63359  7.599  -7.146  50.832 0.2500000000
65341  8.334  -5.305  47.157 0.2500000000
65349  7.395  -5.123  46.286 0.1250000000
65340  9.047  -5.911  47.288 0.2500000000
65348  8.556  -5.836  46.484 0.1250000000
125097  9.506  -7.257  46.964 0.2500000000
64370  9.301  -6.602  46.595 0.2500000000
65355  7.782  -5.778  45.699 0.1250000000
64391  6.855  -6.721  43.519 0.1250000000
62443  6.577  -7.760  41.284 0.1250000000
61409  6.518  -9.059  39.863 0.1250000000
62447  6.408  -8.182  40.389 0.1250000000
63425  6.348  -7.459  41.127 0.1250000000
66284  7.669  -3.980  48.502 0.1250000000
64347  8.127  -6.300  50.781 0.2500000000
66290  7.256  -4.215  47.432 0.1250000000
64352  8.625  -6.021  49.937 0.2500000000
121419  8.784  -5.435  47.814 0.2500000000
66289  8.183  -4.805  47.950 0.2500000000
131348  7.556  -4.779  47.071 0.2500000000
66297  6.849  -4.420  46.471 0.1250000000
64351  8.889  -6.756  49.310 0.2500000000
64358  9.225  -6.437  48.522 0.2500000000
118195  6.695  -5.233  45.301 0.1250000000
65364  6.434  -5.579  44.494 0.1250000000
64386  6.486  -6.194  44.076 0.1250000000
64392  6.244  -6.378  43.334 0.1250000000
63416  6.276  -6.830  42.336 0.1250000000
114646  6.229  -6.828  41.966 0.1250000000
120032  6.212  -7.000  41.416 0.1250000000
119477  6.341  -7.506  40.601 0.1250000000
64406  6.327  -6.578  41.024 0.1250000000
67190  7.668  -1.978  51.546 0.1250000000
116941  7.894  -3.271  50.819 0.1250000000
67191  7.385  -1.596  50.746 0.1250000000
68031  6.892  -1.941  49.811 0.1250000000
67198  7.504  -2.646  50.328 0.1250000000
67197  7.896  -3.680  49.597 0.1250000000
120469  7.284  -3.031  49.090 0.1250000000
64344  8.031  -5.572  51.368 0.2500000000
65321  8.315  -5.264  50.677 0.2500000000
127066  8.233  -4.188  49.884 0.2500000000
66283  8.344  -4.497  49.002 0.2500000000
67212  6.891  -3.348  47.831 0.1250000000
65326  9.044  -5.832  49.002 0.2500000000
65333  8.779  -5.263  48.585 0.2500000000
65332  9.124  -5.902  48.125 0.2500000000
66298  6.500  -4.014  45.784 0.1250000000
66303  6.630  -4.651  45.758 0.1250000000
130048  6.492  -3.959  45.085 0.1250000000
65365  6.348  -5.226  44.386 0.1250000000
64387  6.214  -5.895  43.861 0.1250000000
117713  6.257  -5.427  43.852 0.1250000000
65370  6.112  -6.156  43.146 0.1250000000
113233  6.246  -6.567  42.821 0.1250000000
130597  6.296  -8.186  39.938 0.1250000000
64399  6.194  -6.575  41.858 0.1250000000
65553  50.470  -5.109  29.653 0.2500000000
64570  49.833  -6.282  29.459 0.1250000000
66504  50.432  -4.137  28.652 0.2500000000
65554  50.016  -5.628  29.175 0.3750000000
124890  6.741  -6.916  40.067 0.1250000000
64405  7.364  -6.106  40.372 0.1250000000
66505  49.867  -4.569  28.100 0.2500000000
65318  7.982  -4.438  51.795 0.2500000000
66271  7.879  -3.500  51.652 0.2500000000
68018  7.369  -1.109  50.702 0.1250000000
66276  8.241  -4.280  50.679 0.2500000000
65327  8.577  -5.036  49.625 0.2500000000
67213  6.347  -2.702  47.026 0.1250000000
66291  6.623  -3.655  46.701 0.1250000000
66325  6.223  -5.504  43.176 0.1250000000
64539  50.507  -6.593  31.421 0.1250000000
62535  49.839  -7.862  30.631 0.1250000000
65537  50.615  -5.176  30.581 0.1250000000
65538  50.373  -5.811  30.012 0.1250000000
63546  50.075  -7.190  30.463 0.1250000000
63547  49.362  -7.563  29.744 0.1250000000
63565  49.639  -6.918  29.605 0.1250000000
67370  50.522  -3.290  28.540 0.1250000000
67355  50.562  -3.602  29.483 0.2500000000
64571  49.285  -6.617  28.974 0.2500000000
67371  50.236  -3.765  27.883 0.1250000000
112143  51.208  -1.929  26.581 0.2500000000
67382  50.076  -3.282  27.054 0.2500000000
54358  36.754  -16.536  36.390 0.2500000000
129486  50.661  -5.888  31.719 0.1250000000
65519  50.597  -5.311  31.436 0.1250000000
64555  50.286  -6.509  30.286 0.1250000000
61477  48.539  -9.774  30.954 0.1250000000
61486  48.710  -9.036  30.443 0.1250000000
68137  50.162  -2.758  30.090 0.1250000000
67340  50.363  -3.600  30.517 0.1250000000
68171  50.245  -1.959  28.706 0.1250000000
68156  49.899  -1.960  29.700 0.1250000000
69049  50.870  -1.256  26.680 0.1250000000
69040  49.823  -1.201  28.291 0.1250000000
69062  51.185  -1.351  25.836 0.1250000000
69039  50.751  -1.822  27.615 0.1250000000
67381  50.822  -2.416  27.365 0.2500000000
59477  47.235  -12.148  31.321 0.2500000000
58426  46.253  -13.057  30.370 0.3750000000
57381  45.968  -13.689  30.090 0.5000000000
59485  47.251  -11.229  30.971 0.2500000000
59486  46.592  -12.191  30.701 0.3750000000
66471  50.434  -4.426  31.128 0.1250000000
63518  50.118  -6.977  32.140 0.1250000000
62522  49.662  -8.539  30.958 0.1250000000
60453  48.403  -10.556  31.524 0.2500000000
59487  45.926  -12.243  30.119 0.3750000000
66456  49.490  -4.803  31.995 0.1250000000
65500  49.510  -5.495  32.243 0.1250000000
64522  50.203  -6.069  32.208 0.1250000000
67341  49.611  -2.901  31.007 0.1250000000
66473  48.941  -4.067  31.830 0.1250000000
65520  48.933  -4.735  31.980 0.1250000000
69026  49.447  -1.276  29.215 0.1250000000
68157  49.069  -1.385  30.089 0.1250000000
68139  48.549  -1.881  30.491 0.1250000000
127601  47.653  -2.764  30.719 0.1250000000
67372  46.443  -3.061  28.657 0.1250000000
69963  50.971  -0.785  25.658 0.1250000000
69041  48.909  -0.459  28.863 0.1250000000
69028  47.612  -0.703  29.472 0.1250000000
68158  47.202  -1.768  29.537 0.1250000000
68172  46.396  -2.133  28.559 0.1250000000
128958  46.728  -0.625  28.150 0.1250000000
112934  44.510  -15.110  29.841 0.5000000000
58425  46.760  -12.970  30.968 0.3750000000
64540  48.769  -5.705  32.064 0.1250000000
66484  47.698  -4.213  30.413 0.1250000000
65521  48.097  -5.128  30.911 0.1250000000
66485  46.987  -4.401  29.422 0.1250000000
109585  48.046  -6.713  31.605 0.1250000000
66608  51.521  -4.545  16.578 0.6250000000
67474  52.020  -4.095  16.028 0.6250000000
66620  51.367  -4.528  15.730 0.6250000000
116365  22.151  -23.458  45.928 0.1250000000
46778  23.689  -23.338  46.537 0.1250000000
49008  25.807  -21.415  47.845 0.1250000000
49018  25.612  -21.015  45.891 0.1250000000
50117  26.161  -20.406  46.186 0.1250000000
127294  26.081  -20.677  46.672 0.1250000000
46779  22.678  -23.554  46.675 0.1250000000
128885  26.993  -19.133  49.254 0.2500000000
46777  24.219  -23.290  47.220 0.1250000000
47840  24.098  -22.974  45.660 0.1250000000
50098  26.367  -20.017  48.802 0.3750000000
51062  26.659  -19.206  48.172 0.2500000000
49014  25.229  -21.728  46.123 0.1250000000
50104  26.370  -19.991  47.786 0.1250000000
47820  25.384  -22.498  48.431 0.2500000000
51083  26.267  -20.081  45.451 0.1250000000
59495  46.308  -11.365  30.308 0.3750000000
61487  47.637  -9.598  30.112 0.2500000000
66493  50.226  -4.927  28.847 0.2500000000
68184  50.597  -2.631  26.562 0.2500000000
59409  10.469  -11.095  41.424 0.2500000000
54380  31.493  -16.592  35.548 0.2500000000
62536  48.951  -8.284  29.944 0.1250000000
52103  27.702  -17.341  49.545 0.2500000000
53157  28.103  -16.799  49.545 0.2500000000
54232  27.692  -15.621  48.841 0.2500000000
47924  19.050  -22.041  40.692 0.1250000000
110977  21.200  -23.103  43.551 0.1250000000
131423  50.574  -3.023  27.862 0.1250000000
46807  22.100  -23.368  44.715 0.1250000000
52088  27.540  -18.791  50.043 0.5000000000
112182  27.451  -17.703  48.868 0.2500000000
48990  27.125  -21.767  50.425 0.3750000000
48991  26.417  -21.684  50.002 0.3750000000
49001  25.845  -20.949  49.316 0.3750000000
50110  26.118  -20.646  47.390 0.1250000000
47830  24.704  -22.727  46.469 0.1250000000
46760  24.246  -23.447  48.163 0.2500000000
46759  24.846  -23.172  48.538 0.2500000000
46793  22.572  -23.389  45.209 0.1250000000
111174  24.347  -22.555  44.898 0.1250000000
120241  24.831  -21.897  44.792 0.1250000000
46806  22.855  -23.228  44.522 0.1250000000
46805  23.756  -22.797  44.356 0.1250000000
47903  20.779  -22.639  41.797 0.1250000000
49026  24.932  -21.408  44.361 0.1250000000
47866  23.886  -22.483  43.712 0.1250000000
111151  22.156  -23.051  43.226 0.1250000000
47881  22.366  -22.704  42.299 0.1250000000
50123  25.262  -20.879  44.184 0.1250000000
50134  24.883  -20.927  42.781 0.1250000000
49041  24.468  -21.578  42.947 0.1250000000
49042  23.928  -22.236  43.026 0.1250000000
47880  23.237  -22.417  42.249 0.1250000000
47920  22.297  -22.345  40.665 0.1250000000
49065  24.316  -21.301  41.165 0.1250000000
49054  23.975  -22.034  42.223 0.1250000000
114285  23.963  -21.776  41.527 0.1250000000
50144  24.760  -20.664  40.760 0.1250000000
59411  10.548  -11.384  40.516 0.2500000000
52210  28.924  -18.482  35.856 0.2500000000
64379  7.025  -5.943  44.907 0.1250000000
63421  6.319  -7.127  41.743 0.1250000000
65356  6.447  -5.142  44.845 0.1250000000
64395  6.213  -6.573  42.434 0.1250000000
67205  6.552  -2.200  48.345 0.1250000000
65395  7.019  -5.691  41.106 0.1250000000
66492  50.528  -4.448  29.333 0.2500000000
66483  50.618  -4.392  30.109 0.2500000000
63531  50.318  -7.430  31.393 0.1250000000
62521  50.163  -8.044  31.463 0.1250000000
68155  50.382  -2.689  29.125 0.1250000000
64521  50.207  -5.406  32.058 0.1250000000
60472  47.749  -10.330  30.788 0.2500000000
68138  49.349  -2.115  30.557 0.1250000000
115522  50.552  -2.523  28.213 0.1250000000
69050  50.269  -1.089  27.507 0.1250000000
59476  47.859  -11.422  31.612 0.2500000000
67326  49.911  -3.655  31.259 0.1250000000
64523  49.516  -6.226  32.443 0.1250000000
67342  48.404  -2.630  31.154 0.1250000000
67343  47.842  -3.254  31.124 0.1250000000
66474  48.385  -3.984  31.475 0.1250000000
69027  48.533  -0.679  29.637 0.1250000000
68140  47.843  -2.188  30.363 0.1250000000
69011  48.088  -1.311  30.071 0.1250000000
123704  47.372  -3.376  29.961 0.1250000000
68141  47.301  -2.587  29.891 0.1250000000
67356  46.672  -3.735  28.960 0.1250000000
69927  48.107  -0.048  29.095 0.1250000000
69029  46.791  -1.048  28.872 0.1250000000
69928  47.364  -0.278  28.709 0.1250000000
117208  25.822  -20.686  45.446 0.1250000000
50109  26.420  -20.169  46.991 0.1250000000
52126  27.034  -18.639  47.674 0.2500000000
46740  24.959  -23.135  49.562 0.2500000000
123265  25.462  -22.568  49.808 0.2500000000
53161  27.606  -16.437  49.100 0.1250000000
49002  25.589  -21.560  49.003 0.2500000000
127108  5.071  -24.506  57.139 0.1250000000
46692  5.572  -23.539  53.220 0.1250000000
45561  4.596  -23.455  55.171 0.1250000000
46693  4.819  -23.308  53.288 0.1250000000
46687  4.659  -23.307  54.337 0.1250000000
46707  4.519  -23.128  51.547 0.1250000000
46697  5.020  -23.441  52.223 0.1250000000
46698  4.427  -23.132  52.475 0.1250000000
112561  4.685  -23.054  50.917 0.1250000000
128534  5.276  -22.856  48.849 0.1250000000
46694  4.482  -23.126  53.455 0.1250000000
121280  4.821  -22.608  49.774 0.2500000000
46721  4.828  -22.793  50.344 0.2500000000
46736  4.766  -22.672  49.053 0.1250000000
46755  4.994  -22.413  47.999 0.2500000000
47825  4.661  -22.248  47.308 0.2500000000
47847  4.522  -22.451  45.778 0.1250000000
47836  4.418  -22.403  46.396 0.2500000000
116199  4.378  -22.044  45.293 0.2500000000
47861  4.617  -21.672  44.448 0.1250000000
47874  4.828  -21.739  43.540 0.1250000000
44643  31.062  -25.707  43.123 0.1250000000
43663  29.878  -26.159  42.972 0.1250000000
43655  29.723  -25.830  43.552 0.1250000000
44644  30.349  -25.947  43.376 0.1250000000
43664  29.456  -25.854  43.137 0.1250000000
121617  31.394  -24.212  42.984 0.1250000000
46767  14.842  -22.469  47.356 0.2500000000
46782  15.604  -22.859  46.934 0.2500000000
44627  26.255  -25.039  45.263 0.3750000000
130729  25.333  -24.673  43.513 0.1250000000
110115  23.965  -25.223  44.267 0.2500000000
44647  24.813  -24.968  44.284 0.1250000000
54414  32.082  -16.513  32.062 0.2500000000
54426  31.981  -16.496  31.184 0.2500000000
54435  43.351  -16.465  30.824 0.3750000000
54436  42.556  -16.840  30.406 0.5000000000
53391  34.525  -16.991  28.074 0.1250000000
54408  45.365  -16.504  34.238 0.2500000000
54409  44.676  -16.726  33.623 0.2500000000
53280  43.204  -17.911  34.321 0.1250000000
52226  42.857  -18.209  34.672 0.1250000000
57363  46.746  -13.524  31.345 0.2500000000
57350  46.366  -14.277  31.330 0.2500000000
112313  45.750  -15.348  32.179 0.2500000000
54419  44.403  -16.383  32.431 0.2500000000
53292  43.566  -17.480  33.675 0.2500000000
53293  42.733  -17.756  33.159 0.2500000000
52239  41.606  -18.139  33.059 0.2500000000
52240  40.830  -17.993  32.629 0.2500000000
57364  46.370  -13.677  30.715 0.2500000000
56363  45.956  -14.222  30.522 0.2500000000
55375  44.778  -15.328  30.773 0.2500000000
55367  45.110  -15.747  31.935 0.2500000000
54420  43.590  -16.679  31.894 0.2500000000
52252  41.191  -17.771  32.108 0.3750000000
55374  45.254  -14.626  30.294 0.3750000000
54421  42.823  -17.088  31.391 0.5000000000
52255  39.091  -17.676  31.205 0.5000000000
56340  46.488  -14.570  32.394 0.2500000000
57349  46.758  -13.986  31.879 0.2500000000
56341  46.131  -14.913  31.949 0.2500000000
55366  45.715  -14.917  31.207 0.2500000000
114594  40.520  -18.137  33.057 0.3750000000
52242  39.064  -17.773  32.853 0.5000000000
112587  39.129  -17.664  32.058 0.3750000000
61557  41.482  -9.336  24.608 0.2500000000
61558  40.777  -9.684  24.236 0.2500000000
61571  40.576  -9.420  23.410 0.2500000000
62608  42.021  -8.601  24.142 0.3750000000
62616  42.493  -8.057  23.536 0.3750000000
61570  41.273  -9.020  23.749 0.2500000000
63660  42.808  -7.469  22.940 0.2500000000
62622  42.212  -8.010  22.645 0.2500000000
63671  43.278  -6.921  22.469 0.2500000000
63672  42.633  -7.398  22.121 0.1250000000
62623  41.595  -8.407  22.321 0.1250000000
62617  41.798  -8.498  23.174 0.3750000000
63681  42.568  -7.384  21.246 0.1250000000
62637  41.931  -7.834  20.949 0.1250000000
63680  43.249  -6.930  21.591 0.1250000000
63687  44.073  -6.779  21.028 0.2500000000
110374  44.926  -6.935  20.392 0.2500000000
63700  44.148  -7.148  20.108 0.1250000000
63688  43.295  -7.117  20.674 0.1250000000
63689  42.588  -7.469  20.348 0.1250000000
45645  31.347  -25.027  43.555 0.1250000000
52253  40.530  -17.760  31.728 0.3750000000
63659  43.157  -7.535  23.681 0.3750000000
109698  25.994  -24.857  44.241 0.1250000000
109699  32.243  -16.516  32.762 0.2500000000
63679  44.028  -6.599  22.004 0.3750000000
45565  5.449  -23.558  54.070 0.1250000000
112562  5.255  -22.944  49.687 0.1250000000
46774  4.779  -22.385  46.899 0.2500000000
44661  31.147  -25.676  42.305 0.1250000000
54434  44.158  -16.017  31.341 0.2500000000
54410  43.926  -16.963  33.022 0.2500000000
52238  42.439  -18.151  33.660 0.1250000000
53306  43.145  -17.304  32.492 0.2500000000
52227  42.041  -18.394  34.038 0.1250000000
53294  41.929  -17.857  32.604 0.3750000000
53307  42.331  -17.525  32.009 0.3750000000
53308  41.560  -17.631  31.553 0.3750000000
52241  39.944  -17.923  32.565 0.3750000000
62628  42.027  -7.889  21.803 0.1250000000
48989  27.559  -22.443  50.401 0.3750000000
46825  30.990  -23.589  41.645 0.1250000000
47794  27.362  -23.211  50.671 0.3750000000
119983  27.057  -22.701  50.813 0.3750000000
47795  26.455  -22.657  50.806 0.3750000000
52116  27.153  -18.409  48.547 0.1250000000
52115  27.353  -17.808  48.094 0.1250000000
47796  25.701  -22.986  50.986 0.2500000000
47781  26.068  -23.466  51.562 0.3750000000
55199  30.581  -14.649  48.497 0.1250000000
46711  25.498  -23.671  51.589 0.2500000000
57158  31.399  -13.520  47.611 0.1250000000
121575  30.663  -12.905  47.381 0.1250000000
122089  31.950  -13.171  47.203 0.1250000000
46726  24.571  -23.788  50.522 0.1250000000
58257  31.365  -12.576  46.679 0.1250000000
53264  30.698  -16.862  35.444 0.2500000000
62362  10.037  -7.823  54.409 0.1250000000
64330  8.947  -5.674  54.560 0.1250000000
66264  8.106  -4.189  53.621 0.1250000000
65311  8.351  -4.542  54.044 0.1250000000
65319  7.788  -5.397  52.201 0.1250000000
63340  10.269  -7.267  54.466 0.1250000000
64329  9.689  -6.357  54.514 0.1250000000
64335  9.415  -5.497  54.398 0.1250000000
65307  8.859  -4.762  54.268 0.1250000000
66266  7.903  -3.254  53.549 0.1250000000
66263  8.476  -3.788  53.913 0.1250000000
66269  7.694  -3.173  52.876 0.1250000000
56180  36.767  -13.312  43.819 0.1250000000
66265  8.518  -2.943  53.559 0.1250000000
67185  8.046  -2.586  53.098 0.1250000000
67184  8.896  -2.247  52.947 0.1250000000
67187  7.748  -2.452  52.302 0.1250000000
123069  36.955  -14.043  43.162 0.1250000000
55229  37.403  -14.578  42.497 0.1250000000
129338  37.900  -15.293  41.931 0.1250000000
54263  37.657  -15.658  41.338 0.1250000000
54276  38.174  -15.976  40.811 0.1250000000
115117  39.003  -16.591  39.566 0.1250000000
54317  38.493  -16.690  38.789 0.1250000000
57196  36.675  -12.588  44.015 0.1250000000
57215  37.063  -12.880  43.495 0.1250000000
56196  37.250  -13.547  43.111 0.1250000000
55228  37.867  -13.894  42.546 0.1250000000
121351  38.311  -14.755  42.106 0.1250000000
55268  38.621  -15.491  41.442 0.1250000000
53270  38.946  -17.879  34.384 0.3750000000
58315  36.825  -12.504  43.342 0.1250000000
117730  37.517  -13.166  42.853 0.1250000000
57213  38.135  -13.485  42.333 0.1250000000
56195  38.463  -14.176  42.126 0.1250000000
55267  39.333  -15.407  41.009 0.1250000000
54275  39.235  -15.979  40.729 0.1250000000
58330  37.684  -12.607  42.093 0.1250000000
57229  38.241  -13.109  41.965 0.1250000000
57228  38.711  -14.022  41.708 0.1250000000
119295  39.247  -14.833  41.291 0.1250000000
54274  39.863  -15.920  40.410 0.1250000000
54296  39.668  -16.354  40.045 0.1250000000
119606  39.829  -16.778  39.146 0.1250000000
109520  45.967  -7.681  19.109 0.1250000000
64704  50.275  -5.875  17.140 0.2500000000
124879  49.583  -6.474  17.263 0.2500000000
69258  56.965  -0.984  7.050 0.1250000000
70228  57.643  -0.524  5.583 0.1250000000
69220  56.070  -1.204  10.230 0.1250000000
114657  56.485  -0.840  9.963 0.1250000000
70184  56.738  -0.995  8.584 0.1250000000
70196  57.209  -0.736  7.877 0.1250000000
70209  57.623  -0.564  6.448 0.1250000000
70264  58.147  0.106  4.241 0.1250000000
70143  57.326  -0.352  11.131 0.1250000000
111450  56.115  -1.207  11.066 0.1250000000
70156  57.123  -0.446  10.209 0.1250000000
70170  56.874  -0.680  9.380 0.1250000000
70157  56.584  -0.794  10.691 0.1250000000
70195  57.978  -0.143  7.862 0.1250000000
71182  58.839  0.382  6.422 0.1250000000
71192  59.414  0.898  4.959 0.1250000000
71193  58.837  0.425  5.491 0.1250000000
70208  58.214  -0.114  6.853 0.1250000000
122070  57.585  -0.510  7.205 0.1250000000
71221  59.260  1.107  3.154 0.1250000000
71206  59.320  0.946  4.035 0.1250000000
71207  58.762  0.485  4.589 0.1250000000
70246  58.245  -0.015  5.101 0.1250000000
72195  59.923  1.720  2.607 0.1250000000
72208  59.646  1.852  1.772 0.1250000000
70121  57.428  -0.236  12.977 0.1250000000
71140  58.094  0.260  11.637 0.1250000000
70132  56.770  -0.729  12.409 0.1250000000
71149  58.025  0.165  10.549 0.1250000000
110674  59.443  0.732  9.673 0.1250000000
70168  58.121  0.114  8.829 0.1250000000
71165  59.470  0.712  7.878 0.1250000000
71166  58.739  0.399  8.276 0.1250000000
70183  57.405  -0.448  8.680 0.1250000000
71181  59.595  0.909  5.964 0.1250000000
71174  59.483  0.769  6.981 0.1250000000
71175  58.747  0.369  7.381 0.1250000000
72181  59.886  1.507  3.535 0.1250000000
73095  60.595  2.440  2.657 0.1250000000
72194  60.413  1.968  3.195 0.1250000000
72143  60.201  1.330  6.700 0.1250000000
72151  60.175  1.435  5.303 0.1250000000
72167  59.990  1.445  4.434 0.1250000000
73109  60.421  2.930  1.165 0.1250000000
126964  9.066  -6.373  54.666 0.1250000000
65312  8.118  -5.154  53.885 0.1250000000
58316  36.354  -12.162  43.677 0.1250000000
65308  8.407  -5.266  54.289 0.1250000000
46725  25.163  -23.272  50.899 0.2500000000
46741  24.354  -23.608  49.311 0.1250000000
65315  7.738  -4.113  53.132 0.1250000000
64334  10.199  -5.833  54.153 0.1250000000
55244  38.932  -14.788  41.686 0.1250000000
128229  37.819  -12.944  42.499 0.1250000000
70227  58.314  -0.148  5.963 0.1250000000
70144  56.712  -0.754  11.548 0.1250000000
70169  57.630  -0.154  9.547 0.1250000000
70131  57.432  -0.272  12.069 0.1250000000
127993  58.830  0.460  9.021 0.1250000000
73081  60.966  2.574  3.461 0.1250000000
72180  60.576  1.965  3.926 0.1250000000
46679  11.455  -23.879  56.232 0.1250000000
45556  11.703  -24.707  55.124 0.1250000000
46768  13.451  -22.718  47.498 0.1250000000
44703  17.575  -25.948  40.540 0.1250000000
46783  14.642  -22.790  46.478 0.1250000000
46795  15.090  -23.078  45.934 0.1250000000
46808  15.166  -23.363  44.959 0.1250000000
45649  15.435  -24.240  43.423 0.1250000000
116406  16.004  -23.751  43.968 0.1250000000
45656  16.667  -24.544  42.829 0.1250000000
45648  16.325  -24.101  43.454 0.1250000000
44670  17.136  -25.187  42.221 0.1250000000
44687  17.286  -25.686  41.355 0.1250000000
116685  20.954  -25.465  39.506 0.1250000000
44700  20.411  -25.599  40.322 0.1250000000
44701  19.305  -25.653  40.003 0.1250000000
116295  18.392  -25.799  40.284 0.1250000000
44686  18.185  -25.623  41.254 0.1250000000
111122  21.520  -25.276  38.679 0.1250000000
116684  19.922  -25.526  39.247 0.1250000000
126375  19.122  -25.675  39.019 0.1250000000
45627  16.066  -23.525  44.769 0.1250000000
45619  16.022  -23.397  45.752 0.1250000000
44648  23.367  -25.350  43.789 0.1250000000
110113  22.677  -25.506  43.201 0.1250000000
44666  23.479  -25.181  42.788 0.1250000000
111145  22.888  -25.365  42.307 0.1250000000
111144  22.214  -25.559  42.332 0.1250000000
127263  17.972  -25.543  42.072 0.1250000000
44682  22.669  -25.416  41.550 0.1250000000
44683  21.829  -25.605  41.519 0.1250000000
44684  20.804  -25.700  41.438 0.1250000000
44698  22.324  -25.497  40.672 0.1250000000
116689  19.916  -25.667  40.924 0.1250000000
44702  19.066  -25.620  40.985 0.1250000000
116686  21.931  -25.454  39.745 0.1250000000
45638  16.836  -23.901  44.426 0.1250000000
110114  22.695  -25.521  44.258 0.1250000000
110027  18.091  -25.155  42.915 0.1250000000
114041  17.476  -24.698  43.062 0.1250000000
110727  18.982  -25.692  41.889 0.1250000000
130407  18.455  -25.669  42.006 0.1250000000
45647  17.195  -24.328  43.699 0.1250000000
44649  22.195  -25.582  43.801 0.1250000000
44650  21.600  -25.614  43.875 0.2500000000
110112  21.881  -25.675  43.088 0.1250000000
110111  21.137  -25.711  43.136 0.1250000000
44669  18.781  -25.551  42.664 0.1250000000
111125  21.424  -25.690  42.335 0.1250000000
44667  20.568  -25.755  42.435 0.1250000000
44668  19.665  -25.717  42.570 0.1250000000
44685  19.845  -25.747  41.728 0.1250000000
60397  10.267  -10.621  40.087 0.1250000000
53283  36.903  -16.866  33.462 0.2500000000
119458  37.116  -17.060  32.794 0.2500000000
110882  36.858  -17.122  32.165 0.2500000000
54375  37.598  -16.917  35.850 0.1250000000
54376  36.767  -16.610  35.603 0.1250000000
54390  37.152  -16.736  34.979 0.2500000000
53272  37.437  -17.004  34.199 0.2500000000
52230  39.371  -17.998  33.552 0.2500000000
60566  40.088  -10.081  23.907 0.1250000000
60574  38.938  -10.172  22.688 0.1250000000
61578  41.131  -8.888  22.842 0.1250000000
61572  39.789  -9.747  23.085 0.1250000000
58535  39.020  -12.234  24.355 0.1250000000
60553  39.797  -10.877  24.311 0.1250000000
59579  39.191  -11.394  23.982 0.1250000000
60567  39.401  -10.559  23.554 0.1250000000
58523  38.955  -13.003  24.572 0.1250000000
57480  39.358  -13.641  24.839 0.1250000000
59549  39.674  -11.759  24.799 0.1250000000
58503  40.015  -12.496  25.486 0.1250000000
57471  39.902  -13.434  25.402 0.1250000000
56439  39.151  -14.519  24.662 0.1250000000
58522  39.442  -12.737  24.962 0.1250000000
59567  40.172  -11.110  24.897 0.1250000000
65569  49.585  -5.341  28.415 0.2500000000
61579  40.431  -9.235  22.535 0.1250000000
46683  11.760  -23.963  55.521 0.1250000000
44718  17.863  -26.254  39.735 0.1250000000
44671  16.107  -25.254  42.191 0.1250000000
44699  21.413  -25.592  40.573 0.1250000000
61580  39.637  -9.517  22.243 0.1250000000
46790  4.721  -22.606  46.246 0.1250000000
47917  30.396  -23.243  40.445 0.1250000000
47918  29.859  -22.646  40.073 0.1250000000
47941  29.589  -22.320  39.493 0.1250000000
123797  29.189  -17.928  35.221 0.1250000000
52219  28.908  -18.002  34.311 0.1250000000
52231  29.058  -17.800  33.363 0.1250000000
52243  29.153  -17.786  32.480 0.1250000000
53265  29.930  -17.364  35.439 0.1250000000
120222  29.584  -17.531  34.702 0.1250000000
53286  29.895  -17.295  33.060 0.1250000000
53300  29.868  -17.462  32.027 0.1250000000
53273  30.279  -17.085  34.629 0.1250000000
117593  30.266  -17.074  33.830 0.1250000000
53299  30.592  -16.956  32.421 0.1250000000
53316  30.519  -17.106  31.473 0.1250000000
115236  30.985  -16.741  34.865 0.1250000000
54397  30.847  -16.774  34.155 0.1250000000
53285  30.724  -16.820  33.344 0.1250000000
122635  31.328  -16.632  33.699 0.1250000000
53284  31.462  -16.618  32.829 0.1250000000
53315  31.287  -16.691  31.809 0.1250000000
53332  31.187  -16.713  30.877 0.1250000000
111436  31.189  -16.674  29.915 0.1250000000
55347  45.884  -16.133  34.527 0.1250000000
55358  45.019  -16.242  33.025 0.1250000000
57338  46.844  -14.041  32.835 0.1250000000
56318  46.485  -14.791  33.760 0.1250000000
56319  46.016  -15.291  33.185 0.1250000000
55357  45.496  -15.849  33.132 0.1250000000
54396  31.582  -16.585  34.505 0.1250000000
58414  46.987  -13.345  32.090 0.1250000000
58413  47.488  -12.539  32.436 0.1250000000
58420  47.158  -12.773  31.630 0.1250000000
54440  31.937  -16.512  30.374 0.1250000000
54399  45.001  -17.071  34.988 0.1250000000
54400  44.300  -17.202  34.115 0.1250000000
58419  47.882  -11.990  31.985 0.1250000000
53349  32.430  -16.564  29.401 0.1250000000
54450  31.995  -16.534  29.753 0.1250000000
114459  41.539  -18.463  34.451 0.1250000000
52218  39.774  -18.287  34.484 0.1250000000
52228  41.070  -18.355  33.551 0.1250000000
52209  39.392  -18.082  35.342 0.1250000000
52229  40.196  -18.268  33.589 0.1250000000
47961  29.821  -23.140  39.252 0.1250000000
53274  29.659  -17.452  33.970 0.1250000000
56300  46.154  -15.617  34.614 0.1250000000
52217  40.727  -18.460  34.474 0.1250000000
50154  17.376  -20.739  39.725 0.1250000000
53176  10.119  -17.138  44.320 0.2500000000
53220  15.513  -17.511  38.333 0.1250000000
55293  15.312  -15.082  39.359 0.1250000000
55391  44.061  -14.873  28.653 0.8750000000
55425  40.047  -15.877  25.516 0.3750000000
56230  16.722  -14.199  40.594 0.1250000000
56253  15.872  -15.020  39.182 0.1250000000
56405  43.205  -14.343  27.976 0.7500000000
57222  13.285  -13.287  42.431 0.1250000000
57236  14.385  -13.233  41.389 0.1250000000
58477  41.867  -12.244  27.079 0.6250000000
59301  15.620  -11.420  52.208 0.1250000000
59398  13.723  -11.903  43.872 0.1250000000
59403  16.398  -11.725  43.039 0.1250000000
59405  14.861  -11.691  42.860 0.1250000000
61323  11.796  -9.055  54.408 0.1250000000
61636  45.759  -9.011  15.667 0.2500000000
61653  45.418  -9.036  15.362 0.1250000000
62359  12.920  -8.911  54.393 0.1250000000
62694  46.921  -8.406  16.383 0.3750000000
63685  46.132  -6.952  20.033 0.3750000000
63714  45.245  -7.595  19.112 0.1250000000
63733  49.259  -6.838  16.382 0.2500000000
63742  48.304  -7.348  15.541 0.3750000000
64554  50.718  -5.918  30.957 0.1250000000
64711  49.837  -6.295  16.333 0.3750000000
64742  48.363  -6.370  14.231 0.3750000000
64744  46.645  -6.905  13.848 0.2500000000
65378  6.166  -5.948  42.357 0.1250000000
65637  46.598  -5.644  22.135 0.5000000000
65646  48.187  -5.390  20.249 0.6250000000
65657  48.714  -5.591  19.472 0.6250000000
65667  49.136  -5.858  18.781 0.5000000000
65688  49.785  -6.069  15.486 0.3750000000
65697  48.962  -6.079  14.520 0.3750000000
65706  48.642  -5.553  14.029 0.3750000000
66455  50.144  -4.820  31.786 0.1250000000
66472  49.634  -4.196  31.686 0.1250000000
66589  51.155  -4.373  18.415 0.6250000000
66609  51.014  -5.092  16.318 0.6250000000
66658  50.413  -4.275  13.480 0.2500000000
66660  48.750  -4.652  12.711 0.2500000000
67327  49.096  -3.445  31.524 0.1250000000
67328  48.456  -3.463  31.475 0.1250000000
67494  50.877  -4.284  14.457 0.5000000000
68326  53.318  -2.512  12.804 0.7500000000
68350  53.691  -2.222  10.505 0.3750000000
69080  51.934  -1.362  24.035 0.2500000000
69130  53.737  -1.319  19.677 0.2500000000
69209  56.198  -1.137  11.909 0.2500000000
69211  54.818  -1.646  11.155 0.3750000000
69950  49.828  -0.586  26.909 0.1250000000
70078  54.975  -0.783  17.652 0.3750000000
111527  48.879  -6.708  17.815 0.5000000000
111611  53.971  0.647  22.962 0.1250000000
113332  48.078  -4.458  22.113 0.7500000000
116766  50.706  -5.438  16.850 0.7500000000
117665  46.765  -2.503  29.285 0.1250000000
117887  43.822  -15.280  28.720 0.8750000000
118056  41.663  -14.005  26.770 0.5000000000
124980  45.594  -7.803  18.524 0.1250000000
126417  40.236  -17.489  29.332 0.8750000000
127814  50.545  -3.645  11.379 0.1250000000
128200  51.324  -4.592  17.756 0.8750000000
129681  52.623  -2.674  11.615 0.1250000000
129721  40.834  -15.774  26.062 0.5000000000
129934  51.580  -4.472  17.291 0.6250000000
129959  51.625  -3.619  13.893 0.6250000000
130550  12.538  -9.855  53.966 0.1250000000
130591  15.106  -16.189  38.816 0.1250000000
130690  46.848  -3.007  29.422 0.1250000000
131516  37.123  -17.508  28.016 0.6250000000
131752  15.626  -19.153  39.492 0.1250000000
131871  34.515  -16.652  30.051 0.5000000000
132021  52.433  -3.457  14.782 0.7500000000
132537  15.558  -13.508  40.620 0.1250000000
132966  42.798  -9.471  26.369 0.5000000000
133051  42.506  -8.250  24.135 0.5000000000
