#!ascii label  , from subject sub-v1s21x0050427_ses-1 vox2ras=TkReg
5665
65911  -14.062  2.900  59.232 0.0000000000
72050  -26.747  9.861  35.551 0.0000000000
66847  -26.410  3.208  56.770 0.0000000000
76939  -14.986  15.307  49.979 0.0000000000
72971  -57.849  11.521  22.555 0.0000000000
67843  -10.241  4.273  45.945 0.0000000000
83590  -6.565  25.571  56.060 0.0000000000
66062  -38.166  3.186  49.269 0.0000000000
68740  -40.354  5.997  43.342 0.0000000000
69540  -33.318  7.674  48.894 0.0000000000
60407  -31.588  -3.616  56.722 0.0000000000
67873  -28.027  4.147  43.695 0.0000000000
74695  -54.166  12.529  28.291 0.0000000000
66883  -11.545  3.510  54.088 0.0000000000
72679  -16.519  10.811  55.963 0.0000000000
80451  -13.345  20.801  54.638 0.0000000000
74440  -10.378  12.110  59.265 0.0000000000
117380  -4.581  13.255  54.978 0.0000000000
72062  -48.303  9.995  35.887 0.0000000000
117973  -47.428  4.963  36.924 0.0000000000
123030  -17.170  -0.690  50.665 0.0000000000
59445  -10.748  -5.303  63.724 0.0000000000
57771  -17.537  -6.277  60.711 0.0000000000
76190  -22.008  14.341  46.065 0.0000000000
69556  -18.768  6.300  46.047 0.0000000000
68761  -3.761  5.757  40.656 0.0000000000
84894  -3.286  27.903  51.744 0.0000000000
77665  -7.365  16.681  47.939 0.0000000000
78490  -9.287  17.859  41.459 0.0000000000
63098  -39.652  -0.539  51.102 0.0000000000
69514  -38.329  7.119  51.495 0.0000000000
65987  -35.552  2.970  54.337 0.0000000000
123629  -35.328  -5.053  55.636 0.0000000000
63097  -33.381  -0.043  51.534 0.0000000000
121157  -52.919  15.276  32.509 0.0000000000
72094  -52.802  9.766  32.988 0.0000000000
113046  -12.348  4.463  57.813 0.0000000000
66839  -6.423  1.781  57.110 0.0000000000
64995  -8.143  1.639  60.525 0.0000000000
68606  -18.825  5.862  59.500 0.0000000000
74435  -14.554  12.587  60.098 0.0000000000
70295  -16.395  7.762  58.099 0.0000000000
71092  -12.837  8.682  55.472 0.0000000000
65203  -51.203  2.376  39.661 0.0000000000
65175  -48.426  2.011  43.158 0.0000000000
68797  -33.769  5.153  38.862 0.0000000000
68854  -37.045  5.784  34.640 0.0000000000
73739  -32.019  11.814  35.355 0.0000000000
63073  -22.058  -0.069  53.682 0.0000000000
61309  -16.998  -2.000  57.588 0.0000000000
63004  -21.052  -0.591  59.935 0.0000000000
64148  -25.678  0.109  49.525 0.0000000000
68730  -23.357  5.330  43.245 0.0000000000
67806  -25.621  4.660  50.365 0.0000000000
70321  -24.447  7.564  53.480 0.0000000000
72178  -58.407  10.229  18.530 0.0000000000
68727  -6.884  5.491  43.394 0.0000000000
63172  -4.615  -0.341  42.541 0.0000000000
82275  -11.691  23.281  57.141 0.0000000000
85483  -14.362  28.092  54.857 0.0000000000
86053  -10.857  29.778  53.957 0.0000000000
87247  -5.813  31.340  53.286 0.0000000000
84861  -3.872  26.884  55.301 0.0000000000
71126  -7.363  9.280  50.579 0.0000000000
76132  -5.385  13.885  52.005 0.0000000000
71936  -5.032  10.561  47.989 0.0000000000
72758  -4.258  11.203  44.841 0.0000000000
82383  -9.811  23.684  43.893 0.0000000000
67856  -44.943  4.406  45.738 0.0000000000
69542  -42.259  7.007  48.431 0.0000000000
70421  -37.152  7.277  46.087 0.0000000000
71233  -31.458  8.435  41.553 0.0000000000
62138  -28.426  -0.886  56.838 0.0000000000
60362  -24.861  -2.992  59.957 0.0000000000
73646  -28.181  11.660  42.529 0.0000000000
67864  -31.063  4.885  45.919 0.0000000000
62223  -29.637  -2.158  49.354 0.0000000000
73842  -56.206  12.441  25.007 0.0000000000
77914  -56.417  17.283  24.534 0.0000000000
78668  -54.634  17.771  27.677 0.0000000000
66960  -11.521  3.655  49.655 0.0000000000
66968  -3.705  3.342  49.325 0.0000000000
66894  -5.385  1.355  53.629 0.0000000000
73572  -13.294  11.269  50.194 0.0000000000
114249  -11.189  17.743  50.388 0.0000000000
76118  -10.500  14.396  55.337 0.0000000000
78367  -10.665  17.871  59.418 0.0000000000
78365  -7.997  18.056  57.970 0.0000000000
79835  -5.990  18.982  55.513 0.0000000000
74445  -7.318  12.290  57.084 0.0000000000
71110  -9.420  9.011  53.444 0.0000000000
69702  -50.505  5.773  33.341 0.0000000000
110706  -50.604  3.839  36.328 0.0000000000
72008  -50.236  9.387  38.954 0.0000000000
72014  -43.654  9.944  39.098 0.0000000000
110225  -43.960  4.235  39.557 0.0000000000
65037  -14.658  1.294  55.734 0.0000000000
62117  -9.553  -1.794  58.991 0.0000000000
59522  -13.137  -4.431  57.504 0.0000000000
119787  -14.951  -6.202  62.700 0.0000000000
77642  -21.960  15.946  52.238 0.0000000000
73613  -28.195  12.010  47.069 0.0000000000
73586  -25.395  11.217  51.135 0.0000000000
74520  -18.558  12.650  47.153 0.0000000000
70337  -17.607  7.561  51.385 0.0000000000
67758  -20.857  4.750  55.853 0.0000000000
69639  -7.478  6.263  40.695 0.0000000000
85511  -6.402  28.953  48.795 0.0000000000
79849  -4.251  20.361  53.205 0.0000000000
80483  -5.066  21.644  50.921 0.0000000000
82346  -6.516  23.088  46.971 0.0000000000
122391  -5.962  17.682  43.851 0.0000000000
74552  -6.129  12.425  42.655 0.0000000000
65051  -38.414  0.942  53.718 0.0000000000
115520  -38.057  -1.775  54.300 0.0000000000
58677  -36.544  -5.476  54.901 0.0000000000
61338  -36.248  -2.094  54.360 0.0000000000
72096  -55.316  8.925  32.930 0.0000000000
69709  -54.280  7.366  32.427 0.0000000000
67724  -12.862  4.050  59.207 0.0000000000
66823  -9.776  3.392  59.077 0.0000000000
65908  -11.603  2.278  58.622 0.0000000000
66829  -16.458  3.462  59.453 0.0000000000
69457  -17.323  7.159  60.080 0.0000000000
68602  -15.121  5.036  59.161 0.0000000000
68618  -14.815  5.651  57.167 0.0000000000
63196  -46.964  -0.092  41.510 0.0000000000
64194  -45.118  1.088  43.361 0.0000000000
69673  -29.910  6.854  36.009 0.0000000000
119570  -31.933  8.070  34.553 0.0000000000
73754  -29.282  11.225  34.671 0.0000000000
65040  -23.628  1.720  55.478 0.0000000000
64089  -21.626  0.247  56.889 0.0000000000
64074  -23.478  0.456  58.165 0.0000000000
73697  -23.995  11.462  37.331 0.0000000000
126681  -27.770  2.387  53.233 0.0000000000
66042  -25.896  2.557  49.866 0.0000000000
67790  -27.639  4.613  53.015 0.0000000000
66903  -25.011  4.026  53.535 0.0000000000
72169  -58.367  10.392  20.545 0.0000000000
67868  -8.782  4.737  44.332 0.0000000000
120421  -5.095  2.489  43.634 0.0000000000
110274  -6.692  2.373  45.907 0.0000000000
78413  -17.440  17.070  49.573 0.0000000000
78435  -15.529  16.829  45.999 0.0000000000
82934  -9.226  24.445  56.392 0.0000000000
84870  -11.194  27.433  56.328 0.0000000000
129303  -8.306  27.612  55.678 0.0000000000
86611  -8.339  29.747  53.071 0.0000000000
85468  -6.319  28.255  55.328 0.0000000000
86047  -4.658  29.225  54.399 0.0000000000
110161  -5.268  25.684  56.058 0.0000000000
70380  -9.449  7.528  47.535 0.0000000000
71146  -6.573  9.650  49.242 0.0000000000
70392  -8.289  7.498  46.450 0.0000000000
70405  -5.884  7.955  45.128 0.0000000000
67838  -41.208  4.774  47.239 0.0000000000
67820  -40.900  5.363  49.333 0.0000000000
70342  -35.135  8.165  51.603 0.0000000000
132300  -37.862  8.476  49.407 0.0000000000
71166  -35.311  9.372  47.715 0.0000000000
69610  -34.115  7.190  43.396 0.0000000000
121220  -33.748  9.775  45.116 0.0000000000
121133  -29.468  -2.045  56.644 0.0000000000
60378  -29.254  -3.254  58.906 0.0000000000
71212  -32.343  9.760  44.519 0.0000000000
69548  -32.124  6.299  47.459 0.0000000000
60443  -32.483  -3.156  53.312 0.0000000000
116138  -32.028  -1.156  49.761 0.0000000000
61335  -30.785  -2.953  54.145 0.0000000000
62153  -28.496  -1.811  54.416 0.0000000000
110193  -55.189  13.059  26.796 0.0000000000
76346  -56.351  14.586  27.006 0.0000000000
114152  -55.859  14.298  28.764 0.0000000000
76320  -50.704  14.319  30.779 0.0000000000
120168  -50.975  16.547  30.013 0.0000000000
115589  -53.990  9.836  23.864 0.0000000000
123149  -11.687  3.373  52.025 0.0000000000
65991  -7.832  2.908  51.907 0.0000000000
114601  -8.097  2.639  53.866 0.0000000000
109425  -4.325  0.624  59.187 0.0000000000
65021  -3.345  1.092  57.480 0.0000000000
109640  -14.815  10.678  53.168 0.0000000000
74465  -11.366  12.667  53.485 0.0000000000
73541  -13.879  11.779  55.641 0.0000000000
73508  -12.872  12.160  60.708 0.0000000000
76105  -11.624  14.631  60.103 0.0000000000
76098  -10.644  14.909  61.324 0.0000000000
79107  -9.570  18.604  59.420 0.0000000000
76891  -8.657  15.196  59.538 0.0000000000
76895  -7.366  15.496  58.450 0.0000000000
74438  -8.701  12.575  58.178 0.0000000000
68630  -13.788  5.519  53.827 0.0000000000
71103  -11.440  8.721  54.125 0.0000000000
69486  -12.939  6.301  52.324 0.0000000000
69499  -11.827  6.500  51.297 0.0000000000
65226  -49.748  2.108  34.502 0.0000000000
120090  -49.287  0.236  36.220 0.0000000000
67082  -49.888  3.916  39.541 0.0000000000
69654  -51.721  6.291  39.382 0.0000000000
70493  -48.503  7.262  38.215 0.0000000000
72017  -46.494  10.319  38.657 0.0000000000
71273  -46.079  8.378  37.035 0.0000000000
69619  -43.944  7.209  44.017 0.0000000000
119307  -45.435  5.663  42.853 0.0000000000
67898  -42.116  4.810  40.958 0.0000000000
64111  -15.168  0.899  53.201 0.0000000000
62148  -12.343  -1.761  54.924 0.0000000000
60440  -14.618  -2.925  53.531 0.0000000000
61271  -17.976  -2.582  60.952 0.0000000000
60346  -15.815  -4.066  61.035 0.0000000000
57765  -16.418  -6.686  62.109 0.0000000000
57786  -24.124  -5.230  57.521 0.0000000000
128401  -22.809  -4.347  58.519 0.0000000000
112677  -22.475  15.236  49.016 0.0000000000
71209  -29.323  8.643  44.360 0.0000000000
124209  -27.748  12.437  44.978 0.0000000000
71199  -27.974  8.386  45.722 0.0000000000
69583  -21.257  6.086  44.045 0.0000000000
130547  -24.513  9.816  46.969 0.0000000000
71960  -21.665  10.048  45.771 0.0000000000
74509  -22.166  12.289  49.219 0.0000000000
71969  -18.918  9.352  45.448 0.0000000000
71161  -16.709  9.038  47.627 0.0000000000
69537  -17.780  6.860  48.485 0.0000000000
66937  -20.655  2.799  51.451 0.0000000000
68628  -22.788  6.010  54.874 0.0000000000
65996  -18.634  3.006  52.765 0.0000000000
66872  -17.898  3.094  55.151 0.0000000000
69680  -48.547  7.101  35.005 0.0000000000
70537  -48.736  7.638  32.907 0.0000000000
69637  -4.789  6.279  40.545 0.0000000000
67063  -4.384  3.882  39.344 0.0000000000
60345  -9.991  -4.025  61.753 0.0000000000
115110  -7.962  -1.887  61.975 0.0000000000
79135  -12.027  19.144  53.184 0.0000000000
81090  -13.266  21.303  50.402 0.0000000000
82287  -12.225  22.864  52.417 0.0000000000
87250  -15.307  31.828  53.856 0.0000000000
87263  -3.090  30.678  51.574 0.0000000000
85496  -4.632  28.822  50.663 0.0000000000
77625  -4.057  15.733  55.767 0.0000000000
128664  -4.383  19.711  54.219 0.0000000000
77631  -4.495  15.857  54.379 0.0000000000
76936  -6.564  14.773  50.032 0.0000000000
79133  -6.278  18.302  52.228 0.0000000000
79883  -6.630  20.173  49.611 0.0000000000
81708  -6.211  22.342  48.392 0.0000000000
80507  -6.556  20.859  47.071 0.0000000000
81138  -6.540  20.698  45.260 0.0000000000
78432  -6.141  17.354  45.049 0.0000000000
71219  -3.474  8.142  42.850 0.0000000000
73628  -4.202  12.032  43.986 0.0000000000
119740  -5.331  8.871  42.323 0.0000000000
71221  -7.456  8.579  42.299 0.0000000000
76201  -9.296  14.345  42.074 0.0000000000
114845  -39.375  0.857  50.476 0.0000000000
67810  -39.773  4.492  50.718 0.0000000000
122471  -39.356  2.830  52.320 0.0000000000
112028  -36.718  5.335  53.524 0.0000000000
68643  -33.878  6.264  52.163 0.0000000000
60409  -33.114  -4.155  56.345 0.0000000000
67819  -32.074  4.709  50.327 0.0000000000
65074  -34.292  1.767  52.638 0.0000000000
61352  -34.420  -2.317  53.451 0.0000000000
76323  -55.487  13.890  30.783 0.0000000000
73787  -55.545  11.142  32.355 0.0000000000
74655  -52.942  12.211  33.266 0.0000000000
74671  -50.362  12.515  31.195 0.0000000000
67755  -12.241  4.133  55.856 0.0000000000
66869  -8.638  2.933  56.164 0.0000000000
66842  -9.002  3.492  57.262 0.0000000000
65913  -6.567  1.784  59.204 0.0000000000
64046  -4.657  0.019  61.313 0.0000000000
71882  -19.636  9.562  57.855 0.0000000000
73529  -16.418  11.567  58.047 0.0000000000
71869  -17.614  10.221  60.500 0.0000000000
71868  -15.423  10.084  60.533 0.0000000000
72657  -12.885  10.394  59.287 0.0000000000
131744  -11.743  9.895  57.701 0.0000000000
71086  -14.695  8.587  56.939 0.0000000000
68622  -14.763  6.090  55.562 0.0000000000
63275  -49.108  -0.282  37.631 0.0000000000
64254  -48.070  0.110  39.245 0.0000000000
65192  -49.777  1.421  41.308 0.0000000000
121488  -48.584  3.423  40.252 0.0000000000
67907  -37.354  4.708  40.478 0.0000000000
116510  -38.851  4.687  39.170 0.0000000000
67994  -35.340  5.355  35.949 0.0000000000
63092  -20.049  -0.605  51.530 0.0000000000
113588  -17.529  -2.260  53.963 0.0000000000
62145  -19.759  -0.708  55.445 0.0000000000
62120  -19.453  -0.857  59.157 0.0000000000
122078  -19.986  -3.536  61.298 0.0000000000
75402  -21.552  13.606  42.618 0.0000000000
64177  -26.388  -0.398  45.011 0.0000000000
68732  -25.844  5.301  43.463 0.0000000000
65129  -24.278  1.104  45.380 0.0000000000
66082  -22.783  2.652  46.217 0.0000000000
122257  -21.276  4.176  48.600 0.0000000000
68664  -20.815  5.727  50.400 0.0000000000
68654  -24.381  6.259  51.192 0.0000000000
65998  -23.013  2.628  52.225 0.0000000000
73726  -45.881  12.103  36.896 0.0000000000
68747  -4.483  5.626  41.880 0.0000000000
67049  -2.520  3.082  40.175 0.0000000000
66139  -4.665  3.126  41.895 0.0000000000
64189  -2.099  -0.284  42.491 0.0000000000
81660  -13.419  22.408  57.252 0.0000000000
83600  -13.151  24.928  54.461 0.0000000000
117777  -13.570  26.168  57.041 0.0000000000
86041  -13.241  29.524  55.590 0.0000000000
86606  -3.010  30.491  53.271 0.0000000000
84887  -1.802  27.740  52.981 0.0000000000
71910  -5.541  9.991  53.235 0.0000000000
75319  -3.857  13.406  53.635 0.0000000000
72703  -3.913  11.734  52.176 0.0000000000
74482  -4.834  12.128  50.437 0.0000000000
75355  -5.146  13.167  48.236 0.0000000000
76183  -4.708  14.417  45.649 0.0000000000
72741  -4.228  11.050  46.695 0.0000000000
70404  -4.294  7.848  43.853 0.0000000000
80568  -9.835  21.165  42.986 0.0000000000
65133  -43.406  2.554  44.545 0.0000000000
67021  -42.096  3.052  45.630 0.0000000000
68695  -43.125  5.589  46.751 0.0000000000
70425  -41.776  8.019  45.634 0.0000000000
70358  -40.449  7.273  50.109 0.0000000000
70386  -40.159  7.940  47.511 0.0000000000
69594  -38.267  6.178  44.573 0.0000000000
127890  -35.814  5.637  42.834 0.0000000000
68783  -31.475  6.028  40.149 0.0000000000
70480  -28.518  7.575  38.436 0.0000000000
64084  -27.624  1.329  57.638 0.0000000000
64064  -25.592  0.582  59.401 0.0000000000
62114  -27.539  -1.251  59.748 0.0000000000
120635  -25.554  -5.179  58.220 0.0000000000
72004  -26.145  9.591  38.879 0.0000000000
72790  -29.254  10.426  40.843 0.0000000000
71210  -30.333  8.982  43.958 0.0000000000
67031  -29.402  4.196  44.445 0.0000000000
66060  -31.785  2.953  48.996 0.0000000000
128235  -30.492  1.189  47.350 0.0000000000
64170  -28.778  -0.111  45.725 0.0000000000
62221  -27.684  -1.894  49.688 0.0000000000
109372  -27.074  -0.033  53.407 0.0000000000
72960  -56.819  11.846  23.462 0.0000000000
76392  -58.409  14.389  23.486 0.0000000000
76375  -57.877  15.165  25.383 0.0000000000
78691  -55.485  17.648  25.928 0.0000000000
77850  -53.277  17.022  30.501 0.0000000000
79406  -51.099  18.098  28.625 0.0000000000
116748  -55.275  9.306  23.201 0.0000000000
66970  -10.770  3.633  48.122 0.0000000000
66068  -7.189  2.588  47.829 0.0000000000
66036  -7.798  2.808  49.587 0.0000000000
66929  -4.411  2.835  51.616 0.0000000000
66866  -5.993  1.457  55.720 0.0000000000
75357  -13.053  13.509  48.299 0.0000000000
77668  -12.709  15.898  47.968 0.0000000000
76142  -10.485  14.386  50.564 0.0000000000
76915  -10.060  15.808  53.053 0.0000000000
78382  -11.496  18.061  54.832 0.0000000000
75303  -12.948  13.099  57.848 0.0000000000
121958  -10.428  16.006  56.816 0.0000000000
131521  -12.057  18.723  57.032 0.0000000000
80429  -11.046  20.305  58.159 0.0000000000
80439  -9.375  20.841  57.128 0.0000000000
80448  -8.390  20.965  55.754 0.0000000000
81664  -6.641  22.669  55.377 0.0000000000
79118  -7.290  18.584  56.657 0.0000000000
120192  -5.314  15.703  57.201 0.0000000000
74451  -5.475  12.335  55.869 0.0000000000
72671  -9.680  10.494  56.850 0.0000000000
72677  -8.070  10.594  55.476 0.0000000000
71902  -6.491  9.889  54.174 0.0000000000
71122  -8.383  8.707  51.863 0.0000000000
69525  -11.056  6.749  49.187 0.0000000000
68018  -52.367  4.909  32.428 0.0000000000
67106  -50.721  3.348  33.468 0.0000000000
68005  -49.701  4.765  35.119 0.0000000000
70500  -49.950  7.520  36.573 0.0000000000
114800  -51.840  2.993  38.486 0.0000000000
69656  -52.241  7.020  38.871 0.0000000000
72845  -49.655  10.740  37.676 0.0000000000
110727  -47.314  12.110  38.443 0.0000000000
67032  -46.209  3.312  44.837 0.0000000000
121344  -46.431  4.457  42.057 0.0000000000
67078  -45.684  3.580  38.161 0.0000000000
67966  -40.945  4.397  37.117 0.0000000000
68002  -42.895  4.584  35.900 0.0000000000
69678  -44.875  6.688  35.480 0.0000000000
65014  -14.343  1.821  58.451 0.0000000000
115248  -11.718  1.155  58.162 0.0000000000
63042  -12.214  -0.562  56.655 0.0000000000
60390  -10.326  -3.619  57.819 0.0000000000
59468  -12.160  -4.599  61.278 0.0000000000
60392  -15.474  -3.624  57.034 0.0000000000
59483  -14.406  -4.386  60.750 0.0000000000
58619  -13.439  -6.039  63.310 0.0000000000
62101  -23.209  -1.432  60.491 0.0000000000
59487  -21.869  -3.509  60.156 0.0000000000
58635  -18.766  -5.806  59.661 0.0000000000
76924  -18.234  16.055  52.441 0.0000000000
73653  -24.931  10.838  41.269 0.0000000000
124466  -23.976  11.597  43.682 0.0000000000
74538  -24.975  12.526  46.159 0.0000000000
121791  -26.524  8.803  46.275 0.0000000000
73587  -28.336  11.976  49.892 0.0000000000
109256  -25.332  13.514  49.353 0.0000000000
76130  -24.342  13.951  52.288 0.0000000000
75341  -20.918  14.023  50.924 0.0000000000
75361  -17.002  13.903  49.145 0.0000000000
73592  -15.009  11.158  47.775 0.0000000000
71928  -15.641  9.719  50.628 0.0000000000
71921  -17.125  9.065  53.319 0.0000000000
69488  -20.427  7.207  52.105 0.0000000000
70309  -20.859  8.201  54.592 0.0000000000
115753  -20.191  8.806  56.008 0.0000000000
125047  -20.456  5.332  57.531 0.0000000000
65945  -17.190  2.957  57.362 0.0000000000
116424  -52.061  7.149  32.721 0.0000000000
72910  -49.446  10.385  31.477 0.0000000000
64052  -8.884  0.468  60.183 0.0000000000
127788  -6.477  -0.884  62.527 0.0000000000
79896  -13.348  19.473  48.219 0.0000000000
84891  -12.979  26.907  52.235 0.0000000000
81652  -4.832  23.686  54.697 0.0000000000
81661  -3.813  23.634  53.993 0.0000000000
82947  -3.383  23.943  52.005 0.0000000000
78383  -5.344  16.924  53.755 0.0000000000
80464  -4.187  21.319  51.911 0.0000000000
82954  -4.308  24.383  51.505 0.0000000000
82962  -5.623  24.210  50.640 0.0000000000
83642  -7.592  24.917  49.018 0.0000000000
82361  -7.963  23.496  45.496 0.0000000000
81152  -6.947  21.027  43.813 0.0000000000
79293  -6.856  18.244  42.346 0.0000000000
76967  -4.604  15.351  44.304 0.0000000000
76974  -4.966  15.653  43.240 0.0000000000
76977  -7.547  15.110  42.110 0.0000000000
129312  -8.467  11.116  43.057 0.0000000000
60437  -39.374  -2.423  53.331 0.0000000000
59549  -37.869  -4.471  54.588 0.0000000000
69727  -53.926  6.754  31.495 0.0000000000
68888  -53.466  6.042  31.680 0.0000000000
128387  -13.470  3.235  59.280 0.0000000000
66815  -12.038  2.988  59.035 0.0000000000
65909  -12.518  2.531  58.720 0.0000000000
66828  -15.766  3.188  59.406 0.0000000000
67719  -15.819  4.551  59.616 0.0000000000
67718  -15.106  4.076  59.544 0.0000000000
67726  -14.449  4.421  59.270 0.0000000000
71267  -27.979  7.966  35.991 0.0000000000
71293  -29.213  8.412  35.010 0.0000000000
72867  -27.936  10.432  34.880 0.0000000000
73736  -27.921  11.965  34.954 0.0000000000
73734  -26.344  11.569  35.383 0.0000000000
65947  -24.992  2.984  56.566 0.0000000000
124413  -23.852  1.245  57.357 0.0000000000
65026  -24.738  1.783  57.551 0.0000000000
72835  -25.340  10.770  36.124 0.0000000000
110337  -27.696  3.681  54.918 0.0000000000
65985  -27.926  3.281  53.133 0.0000000000
67761  -27.040  4.117  55.471 0.0000000000
66876  -25.935  4.165  55.334 0.0000000000
72999  -58.400  10.837  21.401 0.0000000000
117778  -58.850  12.008  21.099 0.0000000000
74776  -58.474  12.466  22.355 0.0000000000
71390  -58.011  9.636  20.861 0.0000000000
71395  -58.018  9.294  20.020 0.0000000000
67869  -9.510  4.939  44.712 0.0000000000
67009  -8.094  3.210  44.893 0.0000000000
66092  -8.254  2.912  45.769 0.0000000000
77661  -15.679  15.863  50.204 0.0000000000
77686  -16.363  16.364  46.957 0.0000000000
76947  -14.930  15.607  48.755 0.0000000000
109899  -8.139  24.786  56.131 0.0000000000
84231  -8.618  26.447  56.156 0.0000000000
84230  -7.598  26.366  56.045 0.0000000000
85469  -7.082  28.286  55.212 0.0000000000
84865  -6.105  26.982  55.933 0.0000000000
84877  -5.658  27.495  55.700 0.0000000000
83589  -6.046  25.623  56.138 0.0000000000
69553  -10.592  6.026  46.590 0.0000000000
70379  -8.549  7.796  47.253 0.0000000000
69563  -9.571  6.109  45.266 0.0000000000
69562  -8.632  6.535  44.980 0.0000000000
66978  -37.546  3.350  48.564 0.0000000000
67836  -39.243  4.451  48.224 0.0000000000
67826  -39.110  4.426  48.981 0.0000000000
70364  -34.283  8.575  50.204 0.0000000000
71141  -35.191  9.005  49.897 0.0000000000
111237  -34.678  9.200  48.593 0.0000000000
71183  -34.488  9.608  46.640 0.0000000000
71182  -33.904  9.591  46.660 0.0000000000
60394  -30.877  -3.213  57.150 0.0000000000
120795  -30.539  -3.124  57.904 0.0000000000
60387  -31.119  -3.717  57.946 0.0000000000
130205  -33.200  9.121  46.364 0.0000000000
69539  -32.624  7.101  47.968 0.0000000000
112458  -31.939  -3.494  54.823 0.0000000000
128597  -31.689  -3.214  53.808 0.0000000000
60417  -30.884  -3.206  55.091 0.0000000000
61325  -30.153  -2.680  55.627 0.0000000000
74707  -54.724  12.804  27.526 0.0000000000
116874  -55.732  13.688  27.601 0.0000000000
74697  -55.455  13.189  28.435 0.0000000000
73817  -53.603  12.401  26.989 0.0000000000
66898  -11.160  3.245  53.347 0.0000000000
65980  -9.534  2.878  53.170 0.0000000000
65966  -9.730  3.120  53.973 0.0000000000
63012  -3.201  -0.294  60.010 0.0000000000
63011  -2.742  -0.566  59.085 0.0000000000
72685  -15.178  10.785  54.923 0.0000000000
109360  -14.085  11.324  54.217 0.0000000000
73552  -14.990  11.245  55.738 0.0000000000
118756  -11.413  12.725  60.652 0.0000000000
75283  -11.625  14.033  61.183 0.0000000000
75288  -10.456  13.493  60.640 0.0000000000
76892  -9.401  15.411  60.423 0.0000000000
75287  -9.663  13.806  60.070 0.0000000000
75286  -9.033  13.822  59.154 0.0000000000
74439  -9.508  12.360  58.708 0.0000000000
67762  -12.893  4.173  54.215 0.0000000000
69487  -13.449  5.640  52.948 0.0000000000
67784  -13.107  4.721  52.695 0.0000000000
67783  -12.766  4.589  51.907 0.0000000000
63296  -48.645  -1.073  36.071 0.0000000000
67972  -48.701  4.468  38.138 0.0000000000
68816  -49.147  5.455  38.353 0.0000000000
69660  -48.396  6.155  37.808 0.0000000000
70492  -47.753  7.802  37.698 0.0000000000
69668  -47.179  7.047  36.858 0.0000000000
69617  -41.979  6.777  43.426 0.0000000000
68757  -42.578  5.876  42.198 0.0000000000
68770  -40.853  5.142  41.880 0.0000000000
64127  -15.391  0.225  51.556 0.0000000000
62171  -14.407  -1.488  52.655 0.0000000000
62185  -15.743  -1.752  51.570 0.0000000000
59464  -18.025  -4.799  61.442 0.0000000000
59463  -17.246  -4.943  61.655 0.0000000000
57766  -16.963  -6.325  61.703 0.0000000000
76956  -21.635  15.705  47.950 0.0000000000
76957  -21.914  15.086  47.420 0.0000000000
113566  -28.662  6.873  44.430 0.0000000000
71200  -28.589  8.770  45.239 0.0000000000
130362  -27.419  6.720  44.500 0.0000000000
69566  -19.922  6.162  44.875 0.0000000000
71206  -21.103  7.914  44.443 0.0000000000
70409  -19.683  7.900  44.859 0.0000000000
72755  -20.326  10.283  45.681 0.0000000000
70408  -18.785  7.816  45.437 0.0000000000
126214  -17.640  7.890  46.534 0.0000000000
112397  -18.184  6.482  46.928 0.0000000000
122037  -18.639  1.174  50.672 0.0000000000
65997  -19.199  2.917  52.033 0.0000000000
65082  -17.435  1.636  51.253 0.0000000000
65068  -16.511  1.659  52.451 0.0000000000
70510  -48.388  7.987  35.382 0.0000000000
70529  -47.676  8.183  34.691 0.0000000000
69636  -3.894  5.932  40.651 0.0000000000
68786  -3.693  5.035  39.589 0.0000000000
68775  -3.385  5.348  39.948 0.0000000000
59455  -10.598  -4.618  62.955 0.0000000000
79852  -12.667  19.712  54.068 0.0000000000
80458  -13.317  20.723  52.581 0.0000000000
109920  -13.108  22.257  53.515 0.0000000000
86070  -3.121  29.591  51.637 0.0000000000
86640  -3.470  31.088  50.373 0.0000000000
85500  -3.755  29.882  50.844 0.0000000000
75305  -4.443  13.814  55.329 0.0000000000
129293  -4.012  15.152  54.990 0.0000000000
76905  -4.125  14.507  54.526 0.0000000000
77657  -7.017  15.685  49.503 0.0000000000
78408  -7.277  16.768  50.038 0.0000000000
122279  -7.655  17.461  48.511 0.0000000000
79894  -6.745  20.308  48.597 0.0000000000
79185  -7.621  18.697  47.352 0.0000000000
79198  -7.056  18.940  46.002 0.0000000000
78425  -6.510  17.150  45.943 0.0000000000
131229  -3.762  7.066  42.200 0.0000000000
113366  -4.225  8.283  42.662 0.0000000000
70452  -4.120  7.560  42.249 0.0000000000
70460  -4.646  7.408  41.564 0.0000000000
131515  -10.043  17.882  41.272 0.0000000000
79310  -11.272  18.101  40.720 0.0000000000
77718  -10.220  16.658  40.775 0.0000000000
111870  -39.492  -0.043  50.485 0.0000000000
115371  -39.660  1.607  51.438 0.0000000000
65091  -39.659  0.881  51.600 0.0000000000
65974  -36.612  2.378  54.393 0.0000000000
65988  -37.484  2.615  53.817 0.0000000000
66892  -35.816  3.888  54.377 0.0000000000
68636  -34.910  6.165  53.765 0.0000000000
67780  -34.481  4.567  53.690 0.0000000000
59537  -34.064  -5.108  56.542 0.0000000000
58669  -33.643  -5.790  56.726 0.0000000000
58670  -34.372  -5.890  56.268 0.0000000000
66922  -33.500  3.918  52.300 0.0000000000
65061  -34.763  1.972  53.412 0.0000000000
126550  -35.631  -3.752  55.227 0.0000000000
61353  -34.993  -1.846  53.913 0.0000000000
60421  -34.819  -3.666  55.234 0.0000000000
109603  -34.147  -3.683  55.124 0.0000000000
73786  -55.387  10.909  31.657 0.0000000000
72106  -55.179  9.625  31.752 0.0000000000
72082  -54.086  9.704  33.471 0.0000000000
73770  -54.430  11.139  33.477 0.0000000000
73776  -52.635  11.343  33.027 0.0000000000
74662  -51.957  12.946  32.211 0.0000000000
73774  -51.080  11.478  32.144 0.0000000000
110836  -12.282  4.373  56.804 0.0000000000
66844  -10.007  3.929  56.801 0.0000000000
114173  -10.802  4.393  57.893 0.0000000000
65905  -8.625  2.160  59.774 0.0000000000
66821  -8.374  2.857  58.595 0.0000000000
65904  -7.707  2.047  60.026 0.0000000000
65902  -6.192  1.441  59.931 0.0000000000
64993  -6.511  1.293  60.686 0.0000000000
71071  -20.166  8.218  59.255 0.0000000000
71877  -18.735  10.030  59.307 0.0000000000
71069  -18.779  8.475  60.174 0.0000000000
70296  -16.635  7.586  58.954 0.0000000000
71068  -16.971  9.009  60.370 0.0000000000
71073  -15.965  8.988  59.301 0.0000000000
71867  -14.705  10.094  59.986 0.0000000000
71875  -14.563  9.613  58.831 0.0000000000
71078  -14.121  9.188  57.699 0.0000000000
71087  -15.358  8.377  57.277 0.0000000000
111113  -13.307  4.567  58.065 0.0000000000
68617  -14.488  5.531  56.289 0.0000000000
67742  -13.158  4.620  57.023 0.0000000000
67750  -13.010  4.549  56.024 0.0000000000
64210  -47.418  0.702  42.617 0.0000000000
64228  -48.579  0.419  41.684 0.0000000000
65187  -49.335  1.982  42.045 0.0000000000
67054  -49.662  3.048  41.326 0.0000000000
67053  -49.045  3.323  41.858 0.0000000000
67926  -35.491  4.856  39.812 0.0000000000
67945  -35.910  5.142  38.377 0.0000000000
67960  -34.741  5.313  37.732 0.0000000000
72069  -31.713  9.560  34.525 0.0000000000
121465  -32.789  8.053  34.495 0.0000000000
72873  -33.070  10.277  34.996 0.0000000000
75451  -31.837  13.853  36.162 0.0000000000
111920  -21.606  -0.295  52.878 0.0000000000
62162  -20.073  -0.984  53.736 0.0000000000
63058  -20.779  -0.617  54.312 0.0000000000
64072  -21.524  -0.110  58.371 0.0000000000
63036  -20.302  -0.349  57.581 0.0000000000
63017  -20.653  -0.536  59.661 0.0000000000
62097  -19.546  -1.301  60.240 0.0000000000
62092  -20.341  -1.521  60.553 0.0000000000
75412  -22.019  12.731  41.279 0.0000000000
63132  -25.647  -0.638  46.946 0.0000000000
64183  -24.959  0.595  44.877 0.0000000000
121044  -25.168  -0.059  47.288 0.0000000000
128658  -25.641  3.356  49.760 0.0000000000
66072  -24.021  2.105  47.698 0.0000000000
66974  -23.440  3.245  48.630 0.0000000000
66983  -21.705  3.509  47.030 0.0000000000
66961  -23.083  3.792  49.191 0.0000000000
67804  -23.166  5.066  50.253 0.0000000000
68668  -25.012  5.742  50.916 0.0000000000
65059  -23.790  1.807  53.357 0.0000000000
66920  -24.304  3.349  52.955 0.0000000000
64121  -22.425  0.907  52.437 0.0000000000
64131  -21.446  0.551  51.586 0.0000000000
70630  -58.130  8.853  17.853 0.0000000000
127561  -5.365  5.322  42.497 0.0000000000
67045  -4.774  3.891  41.739 0.0000000000
67034  -5.409  3.469  42.318 0.0000000000
66089  -4.168  2.259  44.970 0.0000000000
65156  -3.026  2.398  43.242 0.0000000000
130201  -12.297  22.823  57.660 0.0000000000
82938  -13.522  24.517  57.005 0.0000000000
82937  -12.967  24.740  57.422 0.0000000000
85473  -10.768  28.757  55.114 0.0000000000
131302  -12.398  28.327  56.137 0.0000000000
86054  -11.710  29.863  54.517 0.0000000000
129250  -12.958  31.201  53.917 0.0000000000
86624  -11.629  30.573  53.051 0.0000000000
86623  -10.796  30.303  52.595 0.0000000000
86620  -7.495  30.140  52.792 0.0000000000
87246  -5.253  31.751  53.135 0.0000000000
86037  -4.229  28.404  54.667 0.0000000000
86597  -4.040  29.831  53.928 0.0000000000
86036  -2.855  28.871  54.424 0.0000000000
86044  -2.240  29.285  53.742 0.0000000000
125565  -2.562  27.312  54.956 0.0000000000
71923  -6.241  9.809  51.759 0.0000000000
72697  -4.141  11.228  52.665 0.0000000000
71922  -5.600  10.318  51.217 0.0000000000
71946  -5.847  10.062  48.090 0.0000000000
119889  -5.243  10.583  49.517 0.0000000000
116211  -4.855  10.853  49.211 0.0000000000
122049  -4.974  12.451  49.329 0.0000000000
73588  -4.368  11.453  48.013 0.0000000000
74500  -4.292  11.811  47.450 0.0000000000
71944  -4.866  10.347  47.148 0.0000000000
69579  -7.009  6.304  44.040 0.0000000000
127348  -5.088  8.348  44.868 0.0000000000
69578  -5.668  6.853  43.820 0.0000000000
69577  -4.494  7.068  43.406 0.0000000000
121241  -10.793  23.228  42.763 0.0000000000
81155  -10.016  22.003  43.245 0.0000000000
66120  -41.119  2.663  44.731 0.0000000000
119413  -41.263  2.922  45.256 0.0000000000
68692  -42.078  5.736  48.019 0.0000000000
67840  -42.129  5.466  46.950 0.0000000000
69549  -42.394  6.668  47.846 0.0000000000
70402  -42.451  7.960  46.567 0.0000000000
112814  -42.022  8.000  47.216 0.0000000000
126934  -39.933  5.409  51.333 0.0000000000
68672  -40.827  5.676  50.552 0.0000000000
69515  -39.549  6.929  51.152 0.0000000000
70383  -37.154  8.156  47.574 0.0000000000
71156  -38.503  8.194  48.755 0.0000000000
70399  -38.873  7.620  46.810 0.0000000000
70423  -39.436  7.376  46.158 0.0000000000
69570  -37.795  6.695  45.365 0.0000000000
112091  -37.068  5.471  43.355 0.0000000000
69592  -36.234  6.609  44.708 0.0000000000
70469  -32.451  7.793  42.250 0.0000000000
69635  -33.181  6.336  41.801 0.0000000000
69646  -31.062  6.700  40.457 0.0000000000
69649  -29.823  6.793  39.154 0.0000000000
70472  -30.028  7.705  40.138 0.0000000000
64085  -27.922  0.589  57.198 0.0000000000
64066  -27.317  0.299  59.084 0.0000000000
124301  -28.176  -0.575  58.100 0.0000000000
59512  -28.764  -4.927  58.556 0.0000000000
118281  -27.708  -3.915  58.980 0.0000000000
72007  -28.463  8.881  39.722 0.0000000000
71997  -30.620  9.875  41.274 0.0000000000
69567  -31.472  6.791  45.157 0.0000000000
71211  -31.245  9.358  44.109 0.0000000000
119826  -31.115  7.292  44.490 0.0000000000
69590  -30.462  6.468  44.458 0.0000000000
68706  -30.657  4.951  45.154 0.0000000000
66030  -32.291  2.743  50.685 0.0000000000
66976  -31.850  3.519  49.672 0.0000000000
65105  -32.256  1.885  49.528 0.0000000000
61395  -30.993  -2.220  50.038 0.0000000000
62241  -31.269  0.105  48.718 0.0000000000
63134  -30.256  -0.291  47.755 0.0000000000
64171  -29.522  0.332  46.377 0.0000000000
62254  -29.295  -1.652  47.934 0.0000000000
62268  -27.960  -1.502  46.618 0.0000000000
62222  -28.655  -2.104  49.318 0.0000000000
62152  -28.314  -1.287  55.226 0.0000000000
62163  -27.973  -1.543  54.096 0.0000000000
64092  -27.800  -0.026  56.039 0.0000000000
116702  -27.708  0.944  55.911 0.0000000000
73860  -56.524  12.312  24.051 0.0000000000
74752  -57.265  13.548  24.362 0.0000000000
74736  -56.860  13.645  25.123 0.0000000000
77871  -56.080  16.061  27.357 0.0000000000
77884  -56.188  16.525  26.838 0.0000000000
78682  -55.169  17.912  26.977 0.0000000000
76305  -54.700  14.376  31.967 0.0000000000
77102  -54.312  15.218  31.348 0.0000000000
77088  -53.004  16.100  32.227 0.0000000000
78640  -51.313  17.071  29.759 0.0000000000
72948  -55.397  11.595  24.494 0.0000000000
71370  -54.944  9.766  23.506 0.0000000000
72958  -55.585  11.290  24.142 0.0000000000
72155  -56.327  10.482  23.273 0.0000000000
66971  -11.487  3.984  48.784 0.0000000000
125498  -9.381  2.806  48.500 0.0000000000
66025  -9.359  2.662  50.059 0.0000000000
66911  -6.308  3.098  52.511 0.0000000000
66931  -6.052  3.213  51.573 0.0000000000
66909  -5.028  1.686  52.808 0.0000000000
65990  -3.759  1.529  52.668 0.0000000000
65977  -4.167  1.043  53.387 0.0000000000
66852  -6.983  1.925  56.687 0.0000000000
65952  -7.305  1.950  55.480 0.0000000000
66851  -6.196  1.625  56.494 0.0000000000
65029  -2.960  1.397  56.237 0.0000000000
74494  -12.997  12.177  48.783 0.0000000000
75347  -11.732  13.676  49.125 0.0000000000
74484  -11.341  12.543  50.457 0.0000000000
75321  -10.983  13.195  54.093 0.0000000000
126083  -10.213  14.387  52.948 0.0000000000
76120  -10.193  14.876  54.606 0.0000000000
78385  -10.949  17.611  54.190 0.0000000000
76909  -10.236  15.993  55.055 0.0000000000
74442  -15.573  12.126  58.891 0.0000000000
111420  -14.369  12.176  57.272 0.0000000000
75304  -13.644  13.124  58.709 0.0000000000
76897  -10.695  15.964  59.513 0.0000000000
76108  -10.933  14.983  58.927 0.0000000000
77619  -10.700  16.840  58.830 0.0000000000
78374  -10.797  17.390  56.990 0.0000000000
79111  -10.967  18.478  58.294 0.0000000000
79831  -11.798  19.711  58.027 0.0000000000
79108  -10.619  18.649  59.255 0.0000000000
122736  -8.686  18.116  58.693 0.0000000000
79829  -9.465  19.667  58.267 0.0000000000
79828  -8.690  19.261  57.596 0.0000000000
81057  -9.009  21.311  56.245 0.0000000000
80437  -8.202  19.976  56.137 0.0000000000
80436  -7.742  19.788  55.943 0.0000000000
115996  -7.765  18.456  57.288 0.0000000000
131820  -7.237  13.649  57.652 0.0000000000
118162  -6.551  15.042  57.809 0.0000000000
76112  -6.598  13.679  57.468 0.0000000000
75298  -5.243  13.271  56.671 0.0000000000
74444  -6.485  12.454  56.792 0.0000000000
71888  -11.860  9.552  57.072 0.0000000000
71879  -10.418  10.240  57.018 0.0000000000
71083  -11.717  9.176  55.889 0.0000000000
109421  -11.093  8.585  53.453 0.0000000000
71895  -9.208  10.010  54.989 0.0000000000
71905  -8.607  9.603  54.267 0.0000000000
71893  -7.687  10.230  54.784 0.0000000000
127632  -8.167  9.384  53.783 0.0000000000
123123  -7.388  9.165  53.291 0.0000000000
109330  -8.885  8.630  52.337 0.0000000000
67813  -12.179  4.787  50.058 0.0000000000
69516  -11.068  6.857  50.111 0.0000000000
68673  -12.002  5.279  49.396 0.0000000000
69536  -11.549  5.883  48.673 0.0000000000
67100  -50.261  3.252  35.646 0.0000000000
67103  -50.170  3.452  34.518 0.0000000000
67990  -50.149  4.574  36.074 0.0000000000
69670  -49.624  5.908  36.073 0.0000000000
68830  -50.704  5.442  36.860 0.0000000000
64265  -50.171  1.170  38.801 0.0000000000
129104  -50.778  1.479  38.182 0.0000000000
65209  -51.185  2.070  38.962 0.0000000000
70484  -50.975  8.009  39.229 0.0000000000
69655  -52.130  6.605  39.151 0.0000000000
70485  -51.810  8.141  39.130 0.0000000000
115324  -51.070  9.208  38.512 0.0000000000
72820  -50.110  10.070  38.347 0.0000000000
73708  -48.773  11.693  37.972 0.0000000000
72818  -48.542  10.837  38.651 0.0000000000
116254  -45.204  10.070  38.681 0.0000000000
120804  -45.789  11.269  39.374 0.0000000000
67022  -44.449  3.368  45.207 0.0000000000
65135  -44.872  2.344  44.646 0.0000000000
67866  -46.098  4.087  44.949 0.0000000000
67900  -44.305  4.893  41.099 0.0000000000
67889  -45.868  5.115  42.424 0.0000000000
109215  -45.267  4.572  41.095 0.0000000000
67066  -45.980  3.662  39.651 0.0000000000
67077  -44.766  3.769  38.343 0.0000000000
67980  -38.454  4.601  36.517 0.0000000000
67949  -39.521  4.614  38.366 0.0000000000
67998  -38.883  4.702  35.612 0.0000000000
68844  -43.629  5.710  35.115 0.0000000000
65031  -14.649  1.435  56.777 0.0000000000
64080  -13.264  0.588  57.286 0.0000000000
64087  -13.577  0.256  56.418 0.0000000000
60412  -12.145  -3.284  55.549 0.0000000000
61319  -11.449  -2.572  55.682 0.0000000000
59520  -11.354  -4.404  57.843 0.0000000000
59490  -10.960  -4.376  59.943 0.0000000000
59509  -12.027  -4.566  58.495 0.0000000000
61322  -17.338  -2.173  55.689 0.0000000000
60416  -16.029  -3.229  55.643 0.0000000000
61314  -16.585  -2.619  57.085 0.0000000000
121640  -15.607  -4.690  61.501 0.0000000000
59484  -15.222  -4.138  60.782 0.0000000000
59459  -14.441  -5.237  61.900 0.0000000000
59458  -13.548  -5.189  62.125 0.0000000000
58620  -14.413  -6.215  62.832 0.0000000000
57759  -13.673  -6.921  64.188 0.0000000000
62103  -25.505  -1.369  60.637 0.0000000000
63007  -24.264  -0.522  60.167 0.0000000000
61285  -24.565  -1.967  60.491 0.0000000000
58659  -21.237  -5.034  57.538 0.0000000000
59497  -22.260  -3.939  59.150 0.0000000000
116893  -21.041  -4.427  59.280 0.0000000000
59495  -20.663  -4.503  60.105 0.0000000000
57777  -18.980  -5.854  58.781 0.0000000000
78401  -21.089  17.753  52.251 0.0000000000
78391  -18.428  17.190  52.917 0.0000000000
76917  -19.691  15.900  53.280 0.0000000000
73668  -27.256  10.802  41.101 0.0000000000
72785  -25.320  10.550  40.083 0.0000000000
73655  -26.770  10.948  41.686 0.0000000000
73617  -28.003  12.379  45.624 0.0000000000
109556  -26.287  12.088  44.155 0.0000000000
74539  -26.160  12.583  45.758 0.0000000000
109658  -24.229  12.265  45.062 0.0000000000
126327  -26.162  12.730  46.620 0.0000000000
68731  -24.285  5.237  43.164 0.0000000000
70437  -26.011  7.336  44.711 0.0000000000
70436  -25.108  7.500  44.463 0.0000000000
72726  -24.601  10.434  48.749 0.0000000000
72727  -26.474  10.043  49.521 0.0000000000
73577  -27.373  11.086  51.171 0.0000000000
74498  -26.873  12.983  49.535 0.0000000000
75335  -26.278  13.101  51.213 0.0000000000
76150  -24.878  13.970  51.296 0.0000000000
74479  -24.997  12.854  52.283 0.0000000000
74521  -20.106  12.217  47.462 0.0000000000
74496  -21.797  13.123  50.171 0.0000000000
75350  -20.080  13.493  49.234 0.0000000000
75349  -18.985  13.882  49.505 0.0000000000
75373  -17.454  13.485  48.057 0.0000000000
75372  -16.015  13.234  47.695 0.0000000000
73601  -16.276  11.812  46.841 0.0000000000
71138  -16.687  8.490  49.624 0.0000000000
71940  -16.231  9.258  49.207 0.0000000000
71929  -16.156  9.174  51.108 0.0000000000
71925  -16.251  9.206  52.044 0.0000000000
129472  -17.498  8.235  52.539 0.0000000000
69505  -22.943  7.067  51.552 0.0000000000
69522  -20.376  6.200  50.901 0.0000000000
70332  -23.322  7.916  53.190 0.0000000000
68624  -22.392  6.129  55.453 0.0000000000
70310  -22.520  7.963  54.768 0.0000000000
70305  -21.960  7.799  55.401 0.0000000000
110313  -20.455  8.413  55.438 0.0000000000
70301  -21.555  7.518  56.304 0.0000000000
70298  -21.477  7.666  57.343 0.0000000000
68619  -21.067  5.722  57.183 0.0000000000
65955  -15.949  2.154  54.959 0.0000000000
65957  -17.343  2.912  55.848 0.0000000000
65943  -15.778  2.238  56.020 0.0000000000
118007  -15.779  2.302  58.137 0.0000000000
121439  -58.235  16.127  24.167 0.0000000000
68866  -51.125  5.160  33.240 0.0000000000
69707  -52.376  6.312  32.751 0.0000000000
69706  -51.243  6.426  32.895 0.0000000000
72091  -48.072  8.876  31.993 0.0000000000
123243  -48.973  8.881  31.975 0.0000000000
72104  -48.694  9.577  31.568 0.0000000000
73783  -49.006  11.175  30.979 0.0000000000
66153  -6.557  2.599  38.648 0.0000000000
65188  -3.638  1.448  41.308 0.0000000000
65195  -3.974  1.748  40.581 0.0000000000
63184  -4.868  0.107  41.428 0.0000000000
66969  -5.169  3.236  48.958 0.0000000000
66066  -5.339  2.679  47.488 0.0000000000
63025  -10.420  -0.310  58.654 0.0000000000
64058  -10.444  0.808  58.901 0.0000000000
63013  -9.402  -0.488  59.575 0.0000000000
62086  -7.401  -2.099  63.033 0.0000000000
62996  -7.543  -1.186  61.944 0.0000000000
114857  -6.299  -1.805  63.368 0.0000000000
62990  -5.251  -1.218  63.062 0.0000000000
78418  -11.653  17.210  48.712 0.0000000000
78420  -13.089  17.858  47.758 0.0000000000
79171  -12.385  18.500  48.885 0.0000000000
131704  -13.842  26.410  54.992 0.0000000000
84242  -12.929  26.072  53.359 0.0000000000
85487  -14.040  28.209  53.144 0.0000000000
86085  -5.315  29.912  48.325 0.0000000000
86091  -5.562  30.043  47.488 0.0000000000
85518  -6.781  29.279  48.017 0.0000000000
80444  -5.946  19.982  55.307 0.0000000000
81663  -5.981  22.320  55.140 0.0000000000
80435  -5.092  20.447  55.024 0.0000000000
79841  -4.302  20.040  53.810 0.0000000000
119849  -3.899  21.236  53.717 0.0000000000
81069  -3.551  21.551  53.213 0.0000000000
82283  -3.387  23.016  52.726 0.0000000000
81072  -3.526  21.589  52.528 0.0000000000
76123  -4.405  13.813  53.251 0.0000000000
76911  -4.966  15.270  53.686 0.0000000000
76914  -5.497  15.151  53.144 0.0000000000
79870  -5.894  20.406  50.850 0.0000000000
79860  -5.078  20.330  51.876 0.0000000000
80473  -4.603  21.482  51.445 0.0000000000
81087  -4.025  22.515  51.424 0.0000000000
81687  -4.493  22.929  51.113 0.0000000000
83619  -4.534  24.493  51.450 0.0000000000
82307  -5.399  23.204  50.235 0.0000000000
82334  -6.315  22.480  47.816 0.0000000000
82984  -6.449  23.474  48.752 0.0000000000
83000  -7.173  23.936  47.577 0.0000000000
83654  -8.655  25.595  47.752 0.0000000000
83001  -8.098  24.529  47.273 0.0000000000
83673  -9.087  24.929  46.034 0.0000000000
83024  -7.551  23.792  46.129 0.0000000000
80564  -6.347  19.296  44.212 0.0000000000
81151  -6.465  20.564  44.145 0.0000000000
80565  -6.317  19.691  43.939 0.0000000000
124272  -6.960  19.890  43.183 0.0000000000
79255  -6.192  18.418  43.503 0.0000000000
74535  -4.471  12.890  45.723 0.0000000000
76962  -4.398  14.582  45.091 0.0000000000
75385  -4.301  13.670  44.756 0.0000000000
74551  -4.952  12.503  42.811 0.0000000000
74550  -4.553  13.360  43.290 0.0000000000
113583  -5.415  13.298  42.682 0.0000000000
76199  -6.184  14.870  42.431 0.0000000000
112268  -6.565  13.299  42.556 0.0000000000
75397  -7.621  13.431  42.571 0.0000000000
114121  -6.936  11.590  42.737 0.0000000000
70462  -7.575  7.437  41.624 0.0000000000
71222  -8.561  8.581  42.458 0.0000000000
70463  -8.675  7.339  41.803 0.0000000000
64116  -39.543  0.188  52.225 0.0000000000
62157  -39.490  -0.793  52.916 0.0000000000
63066  -38.587  -0.174  53.827 0.0000000000
63064  -36.816  -0.101  54.498 0.0000000000
58674  -35.783  -5.681  55.294 0.0000000000
57819  -35.381  -6.590  55.151 0.0000000000
64103  -35.696  0.503  54.190 0.0000000000
62156  -37.101  -1.867  54.409 0.0000000000
60422  -36.428  -3.899  55.168 0.0000000000
118097  -55.264  8.891  32.093 0.0000000000
70548  -54.778  7.838  31.960 0.0000000000
71321  -54.935  8.092  32.992 0.0000000000
71320  -54.137  8.152  33.077 0.0000000000
67734  -12.549  4.331  58.732 0.0000000000
67732  -10.476  4.260  58.459 0.0000000000
66825  -11.536  3.559  59.159 0.0000000000
66813  -10.242  2.683  59.177 0.0000000000
65906  -9.599  1.963  59.538 0.0000000000
129972  -17.965  4.213  59.193 0.0000000000
111062  -18.187  6.208  60.168 0.0000000000
68601  -16.847  5.158  59.891 0.0000000000
68604  -16.853  5.950  59.839 0.0000000000
69465  -16.336  6.837  58.592 0.0000000000
113870  -15.935  7.041  57.556 0.0000000000
68608  -15.006  5.271  58.673 0.0000000000
67735  -13.584  4.460  58.988 0.0000000000
64196  -46.550  1.121  43.164 0.0000000000
68822  -31.249  5.970  36.582 0.0000000000
68833  -32.549  5.676  36.047 0.0000000000
70506  -30.904  7.083  35.202 0.0000000000
72068  -30.818  9.010  34.515 0.0000000000
73737  -30.560  11.688  34.887 0.0000000000
128463  -30.647  13.350  35.467 0.0000000000
64101  -23.146  0.895  54.411 0.0000000000
63052  -21.985  0.208  55.122 0.0000000000
64097  -22.561  0.747  55.805 0.0000000000
64083  -22.862  0.627  57.543 0.0000000000
63029  -21.858  -0.365  59.021 0.0000000000
64133  -26.553  0.804  52.100 0.0000000000
64147  -25.596  1.120  49.464 0.0000000000
113395  -26.484  2.504  51.276 0.0000000000
66952  -26.475  3.732  50.771 0.0000000000
67797  -26.921  4.846  51.942 0.0000000000
68657  -26.581  5.289  52.257 0.0000000000
125413  -27.016  5.036  53.327 0.0000000000
66887  -24.861  3.336  54.168 0.0000000000
73013  -58.558  10.624  19.537 0.0000000000
71404  -58.156  9.331  18.863 0.0000000000
68711  -7.960  5.350  43.941 0.0000000000
67035  -6.351  3.742  42.754 0.0000000000
67025  -7.809  3.531  43.996 0.0000000000
111569  -5.962  2.369  45.161 0.0000000000
128501  -4.308  2.391  45.827 0.0000000000
82935  -10.269  24.222  56.617 0.0000000000
83594  -11.207  25.516  56.788 0.0000000000
126518  -10.208  25.874  56.526 0.0000000000
84869  -10.017  27.230  56.022 0.0000000000
85480  -9.181  29.030  54.180 0.0000000000
86063  -9.100  29.585  53.295 0.0000000000
86051  -8.063  29.218  54.007 0.0000000000
86050  -7.045  29.137  54.180 0.0000000000
86049  -6.282  29.121  54.549 0.0000000000
86599  -5.227  30.184  53.988 0.0000000000
130169  -5.656  28.795  54.863 0.0000000000
85461  -5.043  27.607  55.479 0.0000000000
84225  -4.456  26.434  55.543 0.0000000000
70359  -8.908  8.355  48.887 0.0000000000
71135  -6.684  9.608  50.242 0.0000000000
71148  -8.190  8.596  48.531 0.0000000000
126435  -6.937  9.052  47.807 0.0000000000
117218  -6.344  9.229  47.321 0.0000000000
71170  -5.714  9.373  46.695 0.0000000000
70391  -7.260  7.964  46.273 0.0000000000
69561  -7.538  6.840  44.830 0.0000000000
67002  -40.232  4.020  46.431 0.0000000000
66991  -39.484  4.278  47.228 0.0000000000
67828  -40.806  5.254  48.530 0.0000000000
68679  -41.645  5.926  49.376 0.0000000000
69513  -36.329  7.378  51.887 0.0000000000
70357  -37.576  8.256  50.481 0.0000000000
70356  -36.291  8.146  50.631 0.0000000000
71154  -36.295  8.772  49.038 0.0000000000
70397  -36.399  7.967  46.853 0.0000000000
69568  -35.826  7.329  45.276 0.0000000000
70418  -34.876  8.845  45.409 0.0000000000
70441  -34.134  8.809  44.259 0.0000000000
71228  -32.536  8.855  42.628 0.0000000000
62129  -28.968  -1.522  57.115 0.0000000000
62122  -29.060  -1.656  57.920 0.0000000000
61304  -29.468  -2.439  58.346 0.0000000000
59513  -29.475  -4.149  58.788 0.0000000000
71994  -32.047  10.560  42.614 0.0000000000
71213  -33.093  9.832  44.492 0.0000000000
70394  -32.010  7.469  45.867 0.0000000000
68700  -31.475  5.539  46.359 0.0000000000
122055  -33.538  -2.155  52.372 0.0000000000
63096  -32.833  -0.526  50.842 0.0000000000
60449  -32.206  -2.403  52.220 0.0000000000
61377  -31.560  -2.068  51.869 0.0000000000
124995  -30.324  -2.154  52.330 0.0000000000
112399  -29.572  -2.236  52.101 0.0000000000
61333  -29.270  -2.254  54.467 0.0000000000
62139  -29.087  -1.879  55.848 0.0000000000
74734  -55.696  12.832  25.588 0.0000000000
75565  -56.374  13.882  25.834 0.0000000000
75547  -56.064  14.297  27.080 0.0000000000
76345  -56.132  14.431  27.363 0.0000000000
77860  -55.473  16.040  28.316 0.0000000000
76302  -51.523  14.468  31.265 0.0000000000
77100  -52.408  15.773  31.517 0.0000000000
77118  -50.357  15.461  30.266 0.0000000000
73840  -55.128  11.979  24.911 0.0000000000
66949  -10.891  2.942  51.009 0.0000000000
66010  -9.292  2.659  50.950 0.0000000000
66011  -10.048  2.669  51.582 0.0000000000
110460  -7.970  2.839  52.577 0.0000000000
66896  -6.590  1.851  53.855 0.0000000000
65922  -5.310  1.436  58.056 0.0000000000
65932  -5.200  1.416  57.354 0.0000000000
65010  -3.771  0.869  58.006 0.0000000000
62116  -2.486  -0.941  58.284 0.0000000000
72704  -13.710  10.888  51.752 0.0000000000
73558  -11.660  11.984  51.852 0.0000000000
73554  -12.841  11.706  53.407 0.0000000000
124712  -12.463  12.303  54.686 0.0000000000
75312  -11.743  13.016  55.775 0.0000000000
74430  -14.154  12.374  60.601 0.0000000000
75296  -13.473  13.325  59.868 0.0000000000
75284  -12.270  13.686  60.811 0.0000000000
76889  -11.318  15.163  61.009 0.0000000000
116288  -10.468  16.251  60.942 0.0000000000
79105  -10.211  18.164  60.170 0.0000000000
121473  -9.806  16.988  60.647 0.0000000000
77614  -8.980  16.696  59.933 0.0000000000
77618  -8.199  16.771  59.164 0.0000000000
77617  -7.532  16.405  58.616 0.0000000000
76896  -7.949  15.076  58.841 0.0000000000
75292  -8.519  13.342  58.431 0.0000000000
74446  -8.150  12.097  57.414 0.0000000000
70308  -13.964  7.491  54.469 0.0000000000
110855  -12.097  8.746  54.797 0.0000000000
70307  -13.273  7.805  53.920 0.0000000000
71111  -11.900  8.004  53.123 0.0000000000
70325  -11.595  7.548  52.371 0.0000000000
120866  -10.718  7.894  52.130 0.0000000000
69500  -12.538  6.002  51.631 0.0000000000
67795  -12.407  4.500  51.199 0.0000000000
65230  -49.822  2.279  33.459 0.0000000000
65222  -49.969  1.855  35.584 0.0000000000
66171  -50.546  2.449  36.315 0.0000000000
67071  -51.222  3.743  39.925 0.0000000000
67072  -51.633  3.794  39.738 0.0000000000
67954  -50.737  4.542  39.466 0.0000000000
118205  -50.532  5.911  39.118 0.0000000000
70483  -49.587  7.878  38.913 0.0000000000
72018  -48.608  9.856  38.924 0.0000000000
71261  -47.435  8.797  38.109 0.0000000000
71260  -46.500  9.068  37.800 0.0000000000
69600  -44.722  6.950  44.996 0.0000000000
68744  -45.493  5.993  44.086 0.0000000000
69624  -44.354  6.601  43.248 0.0000000000
68773  -43.678  5.509  41.611 0.0000000000
67912  -42.384  4.612  40.093 0.0000000000
65043  -14.735  1.109  54.740 0.0000000000
63056  -13.580  -0.432  54.666 0.0000000000
63070  -13.769  -0.902  53.722 0.0000000000
61329  -13.296  -2.413  54.039 0.0000000000
60402  -13.732  -3.965  55.919 0.0000000000
61294  -17.472  -2.013  60.198 0.0000000000
110769  -16.817  -2.440  59.575 0.0000000000
131815  -16.928  -3.017  60.835 0.0000000000
59472  -16.223  -4.472  61.457 0.0000000000
113351  -15.619  -6.237  62.492 0.0000000000
58639  -24.607  -5.078  58.113 0.0000000000
59499  -24.069  -4.562  58.568 0.0000000000
58649  -23.929  -5.214  57.784 0.0000000000
58661  -23.070  -5.315  57.073 0.0000000000
77656  -22.205  16.033  50.435 0.0000000000
72760  -29.547  11.021  44.148 0.0000000000
73632  -27.732  11.962  43.285 0.0000000000
72759  -28.812  10.882  45.032 0.0000000000
72757  -28.529  10.855  45.974 0.0000000000
72750  -28.633  10.323  47.266 0.0000000000
69606  -22.149  6.164  43.630 0.0000000000
70410  -23.713  8.271  44.736 0.0000000000
71208  -22.809  8.309  44.581 0.0000000000
71962  -23.056  9.956  46.309 0.0000000000
121769  -23.354  10.633  47.708 0.0000000000
73584  -23.439  11.800  50.374 0.0000000000
73604  -22.286  11.412  47.871 0.0000000000
73611  -20.116  11.535  46.664 0.0000000000
117745  -19.148  11.303  46.193 0.0000000000
72743  -16.709  10.517  46.599 0.0000000000
71958  -17.309  9.493  46.266 0.0000000000
71150  -17.088  8.228  47.953 0.0000000000
70350  -17.548  7.285  49.987 0.0000000000
119562  -22.423  4.431  52.971 0.0000000000
69478  -23.689  7.192  54.200 0.0000000000
67774  -21.959  4.520  53.390 0.0000000000
67773  -20.507  4.038  53.624 0.0000000000
67764  -20.024  3.957  54.400 0.0000000000
66874  -19.603  3.849  55.219 0.0000000000
65970  -18.120  2.951  53.502 0.0000000000
117368  -16.669  2.132  53.749 0.0000000000
68864  -49.354  6.035  34.243 0.0000000000
69705  -50.119  6.670  33.009 0.0000000000
70534  -48.339  7.386  33.667 0.0000000000
71311  -47.887  7.900  33.190 0.0000000000
69638  -6.161  6.386  40.527 0.0000000000
68787  -4.971  5.284  39.601 0.0000000000
67064  -5.649  3.984  38.918 0.0000000000
66151  -5.645  2.415  39.101 0.0000000000
62298  -4.925  -0.592  42.999 0.0000000000
60354  -9.542  -3.179  60.101 0.0000000000
61279  -8.633  -1.997  60.715 0.0000000000
79140  -12.106  18.897  51.758 0.0000000000
79872  -12.793  19.624  50.583 0.0000000000
80466  -13.267  20.694  51.717 0.0000000000
81682  -12.528  22.290  51.602 0.0000000000
124961  -11.908  24.190  51.494 0.0000000000
86058  -15.238  30.201  54.397 0.0000000000
86068  -15.062  29.655  52.820 0.0000000000
85503  -5.154  28.916  49.942 0.0000000000
78372  -4.908  17.345  55.815 0.0000000000
79833  -4.759  19.289  54.856 0.0000000000
78371  -4.597  17.353  55.214 0.0000000000
130904  -4.603  17.585  54.471 0.0000000000
79123  -4.717  17.717  54.169 0.0000000000
76929  -6.049  14.300  51.479 0.0000000000
77643  -6.170  15.647  52.455 0.0000000000
77644  -6.596  16.436  51.653 0.0000000000
79144  -6.799  18.938  51.053 0.0000000000
79882  -6.175  20.626  50.140 0.0000000000
81100  -5.606  22.328  49.953 0.0000000000
80495  -6.210  21.128  48.747 0.0000000000
80506  -6.295  21.274  47.776 0.0000000000
112214  -6.368  21.779  47.196 0.0000000000
81742  -6.390  22.113  46.184 0.0000000000
80520  -6.856  20.463  46.017 0.0000000000
79921  -6.415  19.000  44.668 0.0000000000
126373  -5.959  17.616  44.103 0.0000000000
71976  -4.178  9.920  44.425 0.0000000000
73627  -4.286  12.121  44.520 0.0000000000
72763  -4.112  9.820  43.773 0.0000000000
72768  -4.518  10.007  43.159 0.0000000000
72769  -5.510  10.308  42.679 0.0000000000
72770  -6.816  10.087  42.674 0.0000000000
71220  -6.347  8.807  42.253 0.0000000000
70461  -6.225  7.653  41.510 0.0000000000
75408  -10.673  14.039  41.846 0.0000000000
65107  -38.931  1.735  50.066 0.0000000000
66967  -39.190  3.457  50.267 0.0000000000
66031  -39.513  2.598  50.766 0.0000000000
66944  -39.745  3.594  51.433 0.0000000000
67793  -38.787  4.512  52.447 0.0000000000
65075  -39.090  1.495  52.616 0.0000000000
66924  -38.089  3.884  52.974 0.0000000000
68647  -37.292  5.946  52.769 0.0000000000
69496  -35.807  7.111  52.684 0.0000000000
69510  -34.323  7.233  52.020 0.0000000000
109639  -33.225  7.166  50.929 0.0000000000
60408  -32.317  -3.901  56.465 0.0000000000
59525  -32.143  -4.578  57.440 0.0000000000
59526  -32.774  -4.871  57.223 0.0000000000
57814  -32.216  -6.831  56.783 0.0000000000
69530  -32.544  6.075  49.428 0.0000000000
67809  -32.761  5.316  51.431 0.0000000000
124403  -32.694  3.169  51.482 0.0000000000
65073  -33.798  1.284  52.112 0.0000000000
63076  -35.420  -0.097  53.962 0.0000000000
63086  -34.333  0.062  52.696 0.0000000000
61367  -34.154  -1.874  52.721 0.0000000000
61351  -33.660  -2.678  52.979 0.0000000000
111537  -32.853  -3.659  54.896 0.0000000000
74689  -54.373  12.336  29.251 0.0000000000
74691  -55.330  12.940  29.417 0.0000000000
74682  -55.129  12.324  30.446 0.0000000000
74673  -55.425  12.205  32.424 0.0000000000
75493  -54.838  12.990  32.680 0.0000000000
72889  -55.357  10.646  33.159 0.0000000000
74657  -54.910  11.665  33.227 0.0000000000
75491  -53.003  13.776  33.189 0.0000000000
75502  -51.677  13.732  31.712 0.0000000000
75500  -50.310  13.216  30.921 0.0000000000
75512  -48.832  13.335  30.099 0.0000000000
66871  -12.120  3.771  54.874 0.0000000000
109524  -9.936  3.216  54.884 0.0000000000
111169  -10.003  3.491  55.883 0.0000000000
66854  -8.734  3.133  56.767 0.0000000000
66841  -7.963  2.661  57.410 0.0000000000
66835  -9.469  3.581  58.457 0.0000000000
66833  -8.105  2.904  57.996 0.0000000000
66831  -6.658  1.940  57.729 0.0000000000
65912  -5.377  1.243  58.899 0.0000000000
65001  -4.313  0.382  60.120 0.0000000000
64045  -4.102  -0.324  61.260 0.0000000000
72674  -18.432  10.321  57.162 0.0000000000
73544  -16.136  11.210  56.637 0.0000000000
72665  -17.736  10.854  58.210 0.0000000000
118579  -16.843  11.453  58.788 0.0000000000
73517  -15.955  11.897  59.876 0.0000000000
71065  -17.653  8.727  60.500 0.0000000000
72646  -16.386  10.620  60.767 0.0000000000
73511  -15.330  11.661  60.596 0.0000000000
72643  -13.994  11.351  60.503 0.0000000000
73515  -12.297  11.564  60.195 0.0000000000
72648  -11.886  11.190  59.463 0.0000000000
129547  -10.810  11.375  58.785 0.0000000000
71873  -12.438  10.162  58.595 0.0000000000
71077  -13.125  9.301  57.422 0.0000000000
110371  -13.547  8.588  55.923 0.0000000000
69472  -15.460  7.054  56.541 0.0000000000
70304  -14.934  7.401  55.769 0.0000000000
69476  -14.672  6.810  55.037 0.0000000000
68625  -14.079  5.413  54.617 0.0000000000
110334  -12.938  4.319  55.106 0.0000000000
64263  -48.807  0.203  38.771 0.0000000000
64255  -49.002  0.405  39.677 0.0000000000
63219  -47.276  0.010  40.748 0.0000000000
64243  -48.926  0.506  40.993 0.0000000000
65197  -50.346  1.428  40.674 0.0000000000
66146  -50.272  2.715  40.869 0.0000000000
67069  -49.608  3.519  40.238 0.0000000000
67080  -47.708  3.647  38.383 0.0000000000
68768  -38.968  4.947  42.272 0.0000000000
67895  -39.303  4.722  41.398 0.0000000000
67928  -37.637  4.804  39.814 0.0000000000
67947  -37.198  4.977  38.053 0.0000000000
68837  -36.595  5.402  35.128 0.0000000000
68850  -33.440  6.104  35.093 0.0000000000
69687  -34.639  6.543  34.549 0.0000000000
70520  -35.553  7.370  34.199 0.0000000000
62205  -18.396  -0.977  50.846 0.0000000000
62172  -17.433  -2.107  52.428 0.0000000000
62174  -18.955  -1.456  52.588 0.0000000000
116966  -18.525  -1.615  54.368 0.0000000000
62135  -18.457  -1.281  56.856 0.0000000000
63050  -20.365  -0.361  55.849 0.0000000000
62127  -19.014  -0.914  57.475 0.0000000000
62111  -18.246  -1.421  58.804 0.0000000000
125627  -18.290  -1.538  59.828 0.0000000000
130060  -18.978  -2.987  61.214 0.0000000000
59475  -18.857  -4.531  61.256 0.0000000000
75387  -21.580  13.848  44.393 0.0000000000
66131  -27.225  2.613  43.487 0.0000000000
67885  -26.591  4.165  43.311 0.0000000000
125860  -25.681  2.498  43.086 0.0000000000
67039  -24.351  2.958  42.923 0.0000000000
67038  -23.577  3.006  43.210 0.0000000000
65117  -24.301  1.395  47.384 0.0000000000
66093  -23.193  2.282  45.331 0.0000000000
67028  -22.277  3.345  44.438 0.0000000000
67012  -21.666  3.586  45.218 0.0000000000
123079  -20.229  4.414  46.084 0.0000000000
67832  -19.747  4.772  47.363 0.0000000000
67822  -19.561  5.090  47.992 0.0000000000
67814  -20.811  4.770  49.147 0.0000000000
68653  -23.310  6.366  51.079 0.0000000000
69492  -24.618  7.485  52.726 0.0000000000
68634  -25.936  5.678  52.821 0.0000000000
68633  -25.259  6.379  53.204 0.0000000000
68639  -23.820  5.202  53.091 0.0000000000
66939  -22.254  2.827  51.834 0.0000000000
64141  -20.036  0.757  50.757 0.0000000000
72842  -47.326  11.635  36.587 0.0000000000
68746  -3.962  5.894  41.255 0.0000000000
115462  -3.008  4.960  39.862 0.0000000000
67888  -4.032  4.736  41.302 0.0000000000
66143  -3.316  3.032  40.966 0.0000000000
65176  -3.368  1.786  41.758 0.0000000000
66125  -5.001  2.702  42.693 0.0000000000
65177  -3.057  2.082  42.259 0.0000000000
64197  -3.147  -0.304  41.626 0.0000000000
58608  -11.751  -6.563  64.667 0.0000000000
112478  -13.463  21.142  55.773 0.0000000000
81668  -13.222  22.433  54.970 0.0000000000
82280  -13.469  23.225  55.878 0.0000000000
83598  -13.766  25.165  56.460 0.0000000000
84883  -14.328  27.448  56.416 0.0000000000
84234  -12.327  26.653  56.882 0.0000000000
85463  -13.507  28.094  56.624 0.0000000000
86043  -14.444  29.404  55.616 0.0000000000
87239  -14.478  31.314  54.727 0.0000000000
86622  -9.722  30.163  52.445 0.0000000000
86608  -4.588  30.706  53.644 0.0000000000
87861  -3.899  31.812  52.931 0.0000000000
86618  -2.206  30.187  52.453 0.0000000000
117099  -1.907  29.090  52.248 0.0000000000
84889  -2.653  27.368  52.122 0.0000000000
73547  -4.410  11.545  54.331 0.0000000000
74460  -4.045  13.144  54.217 0.0000000000
72688  -2.613  10.769  53.911 0.0000000000
74467  -2.876  12.133  52.799 0.0000000000
74469  -3.781  12.464  52.548 0.0000000000
72708  -5.169  10.737  50.772 0.0000000000
73569  -4.718  11.699  50.643 0.0000000000
75329  -5.217  13.127  51.621 0.0000000000
75337  -5.578  13.038  50.518 0.0000000000
76151  -5.835  13.490  49.503 0.0000000000
76941  -5.932  14.330  47.776 0.0000000000
76951  -5.658  14.885  46.547 0.0000000000
75369  -4.951  13.340  47.132 0.0000000000
75367  -4.487  12.657  46.516 0.0000000000
72752  -4.237  11.133  46.012 0.0000000000
71187  -5.196  9.060  45.713 0.0000000000
71186  -4.628  8.699  44.789 0.0000000000
117290  -4.278  8.970  44.446 0.0000000000
70428  -3.297  7.249  43.606 0.0000000000
70447  -3.130  7.241  43.641 0.0000000000
80598  -10.763  20.198  42.117 0.0000000000
79953  -9.081  19.185  42.226 0.0000000000
118133  -42.912  2.839  44.953 0.0000000000
67007  -43.972  3.805  45.455 0.0000000000
67852  -41.758  4.335  46.582 0.0000000000
67854  -42.936  4.706  46.320 0.0000000000
68701  -44.004  5.475  46.196 0.0000000000
69574  -43.996  7.616  45.504 0.0000000000
70444  -42.552  7.830  45.005 0.0000000000
69596  -40.837  7.174  44.451 0.0000000000
122965  -40.300  4.982  49.773 0.0000000000
120792  -41.043  5.490  49.867 0.0000000000
70367  -41.592  7.232  48.923 0.0000000000
124505  -38.659  8.170  50.110 0.0000000000
109289  -40.287  7.816  48.958 0.0000000000
70387  -41.056  8.019  47.777 0.0000000000
112844  -40.674  8.083  46.905 0.0000000000
69595  -40.000  6.949  44.830 0.0000000000
68739  -39.491  5.886  43.559 0.0000000000
68753  -38.352  5.048  42.870 0.0000000000
67892  -36.253  4.757  41.362 0.0000000000
67904  -34.819  4.896  40.395 0.0000000000
68735  -34.610  6.374  43.026 0.0000000000
68763  -33.349  5.699  41.157 0.0000000000
109329  -32.933  5.247  39.122 0.0000000000
68810  -30.706  5.838  37.909 0.0000000000
121107  -28.907  7.085  37.111 0.0000000000
128766  -27.127  8.409  36.846 0.0000000000
65939  -27.241  2.526  57.101 0.0000000000
65018  -25.632  1.484  58.409 0.0000000000
64076  -26.870  0.982  59.019 0.0000000000
63010  -26.614  -0.326  60.242 0.0000000000
61287  -26.158  -2.173  60.479 0.0000000000
61296  -28.251  -2.454  59.062 0.0000000000
118052  -26.943  -3.714  59.422 0.0000000000
59501  -25.375  -4.687  58.657 0.0000000000
57779  -24.843  -5.143  57.756 0.0000000000
122252  -26.199  9.324  37.871 0.0000000000
71246  -26.948  8.831  38.401 0.0000000000
72797  -28.003  10.105  40.296 0.0000000000
73657  -28.620  11.457  41.852 0.0000000000
72783  -31.486  11.005  42.423 0.0000000000
73649  -30.830  11.734  42.799 0.0000000000
72764  -30.219  11.434  43.510 0.0000000000
71978  -29.908  9.913  44.021 0.0000000000
115108  -29.602  6.627  44.317 0.0000000000
67874  -28.674  4.574  43.943 0.0000000000
68685  -32.180  5.132  49.018 0.0000000000
67835  -31.624  4.569  47.725 0.0000000000
66999  -31.304  3.803  47.271 0.0000000000
64149  -31.966  0.884  49.128 0.0000000000
65114  -31.384  1.750  48.349 0.0000000000
66998  -30.771  3.271  46.519 0.0000000000
66095  -30.149  2.871  45.856 0.0000000000
66094  -29.408  2.603  45.221 0.0000000000
65143  -28.319  1.656  44.254 0.0000000000
64186  -27.622  0.343  44.407 0.0000000000
62251  -26.876  -1.614  47.515 0.0000000000
63111  -26.096  -1.020  49.525 0.0000000000
62177  -28.251  -2.149  53.075 0.0000000000
62189  -26.931  -1.306  51.687 0.0000000000
63095  -26.533  -0.239  51.917 0.0000000000
122631  -27.358  0.998  53.592 0.0000000000
65048  -27.697  1.892  55.182 0.0000000000
72970  -57.368  11.762  22.995 0.0000000000
113880  -58.057  12.443  22.766 0.0000000000
74753  -57.698  13.427  23.777 0.0000000000
76384  -58.202  14.502  24.700 0.0000000000
119206  -58.088  16.232  24.867 0.0000000000
76367  -57.188  14.471  25.957 0.0000000000
77896  -57.243  16.714  25.909 0.0000000000
78704  -56.288  17.385  24.996 0.0000000000
115574  -54.837  17.815  25.682 0.0000000000
120639  -55.597  13.858  29.706 0.0000000000
77129  -54.785  15.962  29.402 0.0000000000
77858  -53.507  16.929  29.313 0.0000000000
77849  -52.322  16.906  30.789 0.0000000000
77857  -52.067  17.022  29.810 0.0000000000
78666  -53.082  18.227  28.623 0.0000000000
70604  -55.723  8.866  22.718 0.0000000000
66994  -10.495  4.033  46.606 0.0000000000
66980  -9.021  3.014  46.962 0.0000000000
66070  -8.985  2.792  47.829 0.0000000000
66053  -7.511  2.721  48.657 0.0000000000
66957  -5.507  3.284  49.726 0.0000000000
66008  -7.683  2.961  51.090 0.0000000000
66948  -5.789  3.275  50.597 0.0000000000
66945  -3.771  3.256  50.828 0.0000000000
122036  -2.294  2.429  51.732 0.0000000000
65965  -8.481  2.706  54.480 0.0000000000
65963  -7.142  1.806  54.594 0.0000000000
66879  -5.522  1.234  54.435 0.0000000000
65941  -4.473  1.010  56.227 0.0000000000
65951  -4.321  0.885  55.294 0.0000000000
65962  -4.314  0.870  54.313 0.0000000000
76170  -14.397  14.568  48.946 0.0000000000
76954  -13.853  15.358  47.890 0.0000000000
76944  -12.697  15.127  48.299 0.0000000000
76166  -11.531  15.154  48.804 0.0000000000
77651  -10.517  16.441  50.268 0.0000000000
74475  -10.713  12.976  51.553 0.0000000000
120399  -10.216  14.887  51.830 0.0000000000
78396  -10.543  17.255  51.880 0.0000000000
78390  -11.025  17.946  53.453 0.0000000000
79129  -11.841  18.885  53.910 0.0000000000
79125  -12.394  18.900  55.226 0.0000000000
73535  -14.841  11.782  56.929 0.0000000000
74452  -13.052  12.417  56.448 0.0000000000
75307  -11.166  13.594  56.353 0.0000000000
75294  -12.145  13.634  58.365 0.0000000000
76109  -11.384  13.938  57.783 0.0000000000
124230  -10.432  15.386  56.259 0.0000000000
78377  -10.864  17.409  56.025 0.0000000000
79119  -11.801  18.378  56.352 0.0000000000
79844  -12.891  19.214  55.749 0.0000000000
80441  -13.278  20.176  57.115 0.0000000000
81053  -12.352  21.385  57.952 0.0000000000
81060  -11.513  21.756  57.349 0.0000000000
80426  -10.298  19.831  58.642 0.0000000000
81052  -10.272  21.044  57.650 0.0000000000
81658  -10.608  22.171  56.797 0.0000000000
81657  -9.688  22.475  56.617 0.0000000000
81656  -8.538  22.832  55.903 0.0000000000
125335  -7.581  23.820  55.769 0.0000000000
82270  -6.508  24.342  55.680 0.0000000000
81065  -7.341  21.794  55.443 0.0000000000
79843  -6.889  19.662  55.695 0.0000000000
117886  -6.645  18.732  56.096 0.0000000000
116370  -7.100  16.792  57.899 0.0000000000
78368  -6.569  17.182  57.102 0.0000000000
78373  -5.683  17.240  56.380 0.0000000000
77620  -4.512  15.554  56.604 0.0000000000
75297  -4.640  13.652  56.086 0.0000000000
74450  -4.935  12.685  55.493 0.0000000000
130119  -9.856  11.177  58.153 0.0000000000
73521  -9.184  11.249  57.601 0.0000000000
72661  -8.665  11.017  56.979 0.0000000000
71896  -10.643  9.722  55.646 0.0000000000
71884  -8.774  10.452  55.640 0.0000000000
73533  -7.457  11.429  56.135 0.0000000000
72668  -6.932  11.284  55.564 0.0000000000
72675  -6.026  11.133  55.155 0.0000000000
73548  -5.253  11.447  54.867 0.0000000000
71901  -5.693  10.023  54.057 0.0000000000
71109  -6.883  9.248  53.084 0.0000000000
112752  -7.865  9.011  51.211 0.0000000000
70335  -10.528  7.675  51.454 0.0000000000
70347  -9.651  7.988  50.279 0.0000000000
70346  -8.886  8.485  49.851 0.0000000000
70370  -10.397  7.332  48.775 0.0000000000
68688  -11.175  5.525  47.111 0.0000000000
68024  -52.541  4.801  32.041 0.0000000000
67120  -51.418  3.945  32.055 0.0000000000
127923  -51.661  4.474  32.749 0.0000000000
68013  -51.147  4.563  33.238 0.0000000000
66177  -50.168  2.758  34.051 0.0000000000
68009  -50.030  4.361  34.481 0.0000000000
68861  -49.723  5.194  34.398 0.0000000000
68847  -49.431  5.546  35.070 0.0000000000
70511  -49.038  7.282  35.756 0.0000000000
71289  -49.335  8.284  36.224 0.0000000000
63287  -49.223  0.012  36.981 0.0000000000
115892  -50.984  1.683  37.755 0.0000000000
67097  -51.396  3.674  37.394 0.0000000000
67956  -52.056  4.500  39.202 0.0000000000
118993  -52.173  4.956  38.686 0.0000000000
68817  -51.943  5.245  38.043 0.0000000000
115905  -51.676  7.101  37.994 0.0000000000
71275  -50.366  8.546  37.057 0.0000000000
72044  -49.161  10.156  36.492 0.0000000000
73729  -48.520  11.744  37.454 0.0000000000
122166  -47.464  12.298  37.862 0.0000000000
74610  -45.585  12.580  38.574 0.0000000000
113523  -46.568  11.018  38.998 0.0000000000
73681  -45.734  11.908  39.611 0.0000000000
65171  -44.594  1.480  43.839 0.0000000000
65152  -46.322  2.035  44.262 0.0000000000
129394  -47.601  3.010  43.940 0.0000000000
68745  -45.966  5.266  43.866 0.0000000000
67887  -47.135  4.046  43.289 0.0000000000
67047  -47.865  3.570  42.861 0.0000000000
115821  -47.554  3.520  40.401 0.0000000000
120764  -47.000  3.500  38.762 0.0000000000
67088  -46.493  3.831  37.235 0.0000000000
67910  -40.537  4.731  40.440 0.0000000000
116508  -41.127  4.515  38.736 0.0000000000
132122  -42.214  4.397  37.980 0.0000000000
127263  -40.025  5.312  34.789 0.0000000000
68001  -41.923  4.672  35.704 0.0000000000
114073  -42.945  4.378  36.832 0.0000000000
67970  -44.236  4.222  36.855 0.0000000000
67987  -45.293  4.522  36.230 0.0000000000
68826  -46.068  5.642  36.000 0.0000000000
70499  -45.646  7.434  36.201 0.0000000000
65007  -14.213  2.037  58.702 0.0000000000
65006  -13.437  2.053  58.504 0.0000000000
64070  -13.129  1.229  57.974 0.0000000000
63027  -11.849  0.501  57.971 0.0000000000
62119  -10.655  -0.715  58.119 0.0000000000
121637  -12.391  -1.014  55.715 0.0000000000
62131  -10.314  -1.987  56.994 0.0000000000
61299  -9.611  -2.608  58.904 0.0000000000
60368  -10.248  -3.932  59.921 0.0000000000
59480  -10.771  -4.323  60.969 0.0000000000
59456  -11.550  -4.768  62.616 0.0000000000
119315  -16.423  -2.734  53.453 0.0000000000
60415  -15.126  -3.568  55.168 0.0000000000
59523  -14.013  -4.224  57.462 0.0000000000
60370  -15.603  -3.531  59.814 0.0000000000
60369  -14.899  -3.941  59.421 0.0000000000
131608  -13.447  -4.365  58.926 0.0000000000
59482  -12.828  -4.582  60.801 0.0000000000
59457  -12.601  -4.968  62.491 0.0000000000
58618  -12.443  -5.612  63.554 0.0000000000
57758  -12.673  -6.584  64.338 0.0000000000
64063  -24.729  0.381  58.997 0.0000000000
63020  -23.400  -0.418  59.603 0.0000000000
63005  -22.107  -0.839  60.206 0.0000000000
60372  -23.467  -3.462  59.400 0.0000000000
131417  -22.365  -2.337  60.693 0.0000000000
61276  -21.854  -2.149  60.849 0.0000000000
59477  -20.591  -3.838  61.173 0.0000000000
59485  -20.222  -4.419  60.775 0.0000000000
57775  -18.274  -5.793  60.302 0.0000000000
78406  -18.206  17.852  51.072 0.0000000000
77654  -17.021  16.381  51.139 0.0000000000
76932  -15.897  15.297  50.596 0.0000000000
72825  -25.133  10.200  37.938 0.0000000000
73674  -23.974  10.963  39.285 0.0000000000
73664  -23.541  11.314  40.285 0.0000000000
73644  -25.815  11.251  42.719 0.0000000000
114450  -24.244  11.040  41.940 0.0000000000
74560  -23.172  11.610  42.223 0.0000000000
74548  -22.655  12.404  43.668 0.0000000000
74542  -22.793  12.655  44.528 0.0000000000
75384  -23.210  13.239  46.136 0.0000000000
70438  -26.944  7.133  44.724 0.0000000000
71198  -27.231  8.530  45.949 0.0000000000
116831  -28.519  9.759  48.083 0.0000000000
71177  -25.634  9.057  46.282 0.0000000000
71943  -28.304  9.799  49.214 0.0000000000
73605  -28.249  11.941  48.066 0.0000000000
74532  -26.775  12.795  47.644 0.0000000000
74523  -24.603  13.188  47.809 0.0000000000
76186  -22.975  14.073  47.313 0.0000000000
76174  -23.640  14.223  49.009 0.0000000000
129943  -23.341  14.959  50.319 0.0000000000
76920  -22.829  14.550  52.337 0.0000000000
74487  -22.734  12.942  51.547 0.0000000000
126667  -22.186  13.890  51.911 0.0000000000
76126  -20.828  15.077  52.674 0.0000000000
76135  -19.713  15.151  52.036 0.0000000000
76158  -17.398  14.644  50.583 0.0000000000
76156  -15.318  14.659  50.219 0.0000000000
75360  -15.403  13.786  48.602 0.0000000000
74516  -14.563  12.713  47.607 0.0000000000
73582  -14.159  11.190  48.816 0.0000000000
72732  -15.685  10.635  47.543 0.0000000000
72715  -14.748  10.620  49.120 0.0000000000
72710  -14.486  10.464  50.640 0.0000000000
72700  -15.103  10.274  52.210 0.0000000000
71913  -15.976  9.780  53.314 0.0000000000
71906  -16.900  9.771  54.653 0.0000000000
68674  -18.830  5.897  49.106 0.0000000000
69520  -18.622  6.529  50.391 0.0000000000
70339  -18.867  7.319  52.132 0.0000000000
70319  -22.792  7.971  54.011 0.0000000000
70330  -20.987  7.701  52.914 0.0000000000
70328  -18.784  7.617  52.985 0.0000000000
71113  -18.751  8.152  53.831 0.0000000000
71095  -18.762  8.877  55.227 0.0000000000
71898  -18.792  9.459  55.918 0.0000000000
71891  -20.351  9.099  57.398 0.0000000000
70294  -20.973  7.790  58.369 0.0000000000
68610  -19.462  5.626  58.822 0.0000000000
66859  -19.147  3.847  56.081 0.0000000000
67745  -19.135  4.277  57.664 0.0000000000
118571  -18.632  4.266  58.438 0.0000000000
66837  -17.495  3.499  58.973 0.0000000000
65926  -15.633  2.380  58.789 0.0000000000
68869  -53.256  5.923  32.254 0.0000000000
70540  -53.352  7.139  32.736 0.0000000000
116433  -52.160  8.926  32.737 0.0000000000
70539  -50.784  7.316  32.708 0.0000000000
115998  -50.944  8.997  32.375 0.0000000000
72093  -51.561  9.823  32.554 0.0000000000
115909  -49.741  11.268  31.313 0.0000000000
73796  -48.648  11.900  30.597 0.0000000000
67061  -2.574  3.533  38.999 0.0000000000
65198  -4.009  2.311  39.951 0.0000000000
66080  -6.929  2.469  46.960 0.0000000000
66078  -4.985  2.458  46.520 0.0000000000
65004  -11.525  1.511  58.232 0.0000000000
64997  -10.210  1.301  59.169 0.0000000000
64996  -8.918  0.933  60.153 0.0000000000
62094  -8.435  -1.049  60.710 0.0000000000
62999  -7.571  -0.397  61.546 0.0000000000
64049  -7.288  0.344  61.497 0.0000000000
64043  -5.506  -0.335  62.175 0.0000000000
122251  -4.547  -0.797  62.315 0.0000000000
61267  -3.649  -2.130  62.273 0.0000000000
128608  -14.303  16.107  47.257 0.0000000000
79187  -14.122  18.736  46.985 0.0000000000
79886  -13.277  20.074  48.968 0.0000000000
124436  -12.660  23.496  53.766 0.0000000000
82955  -11.973  24.785  52.090 0.0000000000
83622  -12.228  25.729  50.813 0.0000000000
85492  -14.597  29.025  52.135 0.0000000000
84905  -13.497  27.993  50.636 0.0000000000
111947  -5.535  24.534  55.529 0.0000000000
82929  -5.065  24.926  55.616 0.0000000000
121989  -4.024  25.169  55.150 0.0000000000
120530  -4.694  21.322  54.575 0.0000000000
81651  -4.224  23.057  54.320 0.0000000000
83597  -2.982  25.331  55.348 0.0000000000
83599  -2.934  25.146  53.975 0.0000000000
84241  -2.626  26.127  52.769 0.0000000000
83606  -3.375  25.741  52.183 0.0000000000
76910  -4.408  15.008  54.107 0.0000000000
77633  -5.012  15.971  53.923 0.0000000000
79127  -4.983  18.049  53.658 0.0000000000
78387  -6.152  17.316  52.732 0.0000000000
79131  -5.220  18.853  52.969 0.0000000000
79854  -4.388  20.398  52.712 0.0000000000
81673  -3.561  22.540  51.699 0.0000000000
82953  -3.957  24.334  51.575 0.0000000000
84249  -3.857  26.281  51.831 0.0000000000
84250  -4.211  26.120  51.733 0.0000000000
84902  -5.190  27.256  51.253 0.0000000000
84911  -6.614  27.475  50.205 0.0000000000
82308  -5.835  23.172  49.603 0.0000000000
83631  -7.177  25.376  49.892 0.0000000000
84912  -7.535  27.220  49.467 0.0000000000
84921  -8.470  27.371  48.288 0.0000000000
83026  -9.465  24.712  45.218 0.0000000000
82374  -9.162  23.433  44.376 0.0000000000
82371  -6.627  22.639  45.530 0.0000000000
81757  -7.913  22.508  44.493 0.0000000000
81770  -8.471  22.086  43.900 0.0000000000
80567  -8.777  20.679  43.112 0.0000000000
79952  -8.121  19.340  42.526 0.0000000000
79294  -7.834  18.299  42.028 0.0000000000
77672  -5.739  15.655  45.798 0.0000000000
77691  -5.284  16.319  44.499 0.0000000000
78439  -5.264  16.533  44.138 0.0000000000
74547  -4.214  13.691  43.918 0.0000000000
76973  -4.687  15.486  43.676 0.0000000000
77698  -5.291  16.562  43.547 0.0000000000
77705  -5.881  16.606  42.547 0.0000000000
77714  -6.655  16.646  42.011 0.0000000000
77716  -7.957  17.174  41.539 0.0000000000
117765  -8.425  14.708  42.077 0.0000000000
74555  -9.442  12.837  42.642 0.0000000000
121971  -7.671  9.874  42.753 0.0000000000
66816  -12.820  3.132  59.150 0.0000000000
65910  -13.344  2.598  58.935 0.0000000000
65918  -14.624  2.431  59.069 0.0000000000
66818  -14.926  3.200  59.390 0.0000000000
66817  -14.061  3.747  59.457 0.0000000000
72038  -27.169  9.107  35.691 0.0000000000
72052  -27.979  9.026  35.176 0.0000000000
72850  -27.151  10.435  35.202 0.0000000000
125986  -26.768  11.055  35.292 0.0000000000
72849  -26.528  10.460  35.503 0.0000000000
65948  -25.690  3.232  56.762 0.0000000000
65936  -25.215  2.576  57.177 0.0000000000
72848  -26.041  10.906  35.596 0.0000000000
72836  -26.065  10.200  35.831 0.0000000000
66862  -26.863  3.637  56.113 0.0000000000
66877  -27.320  3.710  55.568 0.0000000000
66861  -26.241  3.682  56.254 0.0000000000
66860  -25.559  3.635  56.050 0.0000000000
72986  -58.193  11.110  22.155 0.0000000000
72987  -58.512  11.258  21.699 0.0000000000
73887  -58.267  11.813  22.365 0.0000000000
72164  -57.819  10.844  22.345 0.0000000000
114790  -58.202  10.709  21.779 0.0000000000
72168  -58.264  10.323  21.106 0.0000000000
67858  -9.950  4.637  45.196 0.0000000000
67010  -8.817  3.509  45.261 0.0000000000
67011  -9.567  3.856  45.604 0.0000000000
77652  -15.514  15.377  50.437 0.0000000000
77669  -15.397  15.912  49.437 0.0000000000
109900  -7.154  24.881  55.943 0.0000000000
83591  -7.345  25.549  56.048 0.0000000000
84866  -6.901  27.160  55.823 0.0000000000
124983  -6.067  26.235  56.151 0.0000000000
82931  -6.387  24.979  55.914 0.0000000000
67859  -10.478  4.973  45.653 0.0000000000
69552  -9.819  6.454  46.181 0.0000000000
68696  -10.287  5.656  45.773 0.0000000000
68703  -9.938  5.332  45.075 0.0000000000
66979  -38.331  4.046  48.600 0.0000000000
70363  -33.819  8.245  49.713 0.0000000000
71151  -34.501  8.846  49.514 0.0000000000
70373  -33.996  8.614  48.762 0.0000000000
71164  -34.117  9.192  47.681 0.0000000000
70372  -33.346  8.212  47.954 0.0000000000
129148  -37.680  1.561  49.010 0.0000000000
115192  -37.681  2.352  49.028 0.0000000000
66061  -36.955  2.664  48.356 0.0000000000
60395  -31.613  -3.877  57.439 0.0000000000
71181  -33.337  8.726  47.075 0.0000000000
60418  -31.684  -3.549  55.830 0.0000000000
60406  -30.864  -3.171  56.152 0.0000000000
74696  -54.853  12.794  28.377 0.0000000000
73813  -53.423  12.350  28.055 0.0000000000
74706  -54.101  12.562  27.501 0.0000000000
66899  -12.027  3.607  53.188 0.0000000000
65967  -10.611  3.289  54.102 0.0000000000
62107  -3.100  -1.055  60.692 0.0000000000
62106  -2.778  -1.227  59.772 0.0000000000
116805  -16.049  10.537  55.143 0.0000000000
72678  -15.694  11.065  55.831 0.0000000000
73513  -11.151  12.119  60.042 0.0000000000
74433  -10.748  12.718  60.289 0.0000000000
74432  -9.981  12.895  59.673 0.0000000000
66884  -12.318  3.780  53.947 0.0000000000
67771  -12.773  4.130  53.351 0.0000000000
67971  -47.723  4.371  37.382 0.0000000000
68815  -48.149  5.185  37.474 0.0000000000
68828  -47.576  5.937  36.945 0.0000000000
68741  -41.253  6.116  43.062 0.0000000000
68756  -41.520  5.681  42.370 0.0000000000
68755  -40.590  5.529  42.633 0.0000000000
64128  -16.185  0.471  51.055 0.0000000000
118417  -15.395  -1.064  51.308 0.0000000000
62202  -16.043  -1.152  50.980 0.0000000000
57769  -18.288  -5.300  61.224 0.0000000000
122946  -17.359  -5.600  61.589 0.0000000000
76189  -21.373  14.747  45.504 0.0000000000
76185  -22.249  14.517  46.933 0.0000000000
68718  -28.403  5.399  44.056 0.0000000000
69589  -27.962  6.269  44.360 0.0000000000
68717  -27.549  5.537  43.967 0.0000000000
68704  -19.422  5.777  45.557 0.0000000000
69581  -19.759  7.016  44.841 0.0000000000
69565  -19.276  6.555  45.326 0.0000000000
127231  -19.246  7.249  45.202 0.0000000000
69564  -18.802  6.993  45.604 0.0000000000
69555  -18.221  7.235  46.148 0.0000000000
68698  -18.714  5.834  46.751 0.0000000000
64138  -17.615  0.473  50.654 0.0000000000
65083  -18.245  1.791  50.993 0.0000000000
64129  -17.043  0.957  50.867 0.0000000000
65081  -16.586  1.329  51.586 0.0000000000
70509  -47.948  8.975  35.332 0.0000000000
69625  -3.906  6.339  41.281 0.0000000000
59450  -11.165  -4.988  63.326 0.0000000000
59449  -10.313  -4.818  63.454 0.0000000000
113241  -13.145  20.246  54.011 0.0000000000
124892  -13.398  20.917  53.477 0.0000000000
81070  -13.352  21.763  54.078 0.0000000000
85490  -3.310  28.689  51.557 0.0000000000
85493  -3.445  29.401  51.423 0.0000000000
85494  -3.946  29.078  51.207 0.0000000000
84899  -3.750  28.438  51.476 0.0000000000
76117  -4.213  14.297  54.952 0.0000000000
75310  -4.258  13.847  54.584 0.0000000000
77664  -6.918  15.752  48.346 0.0000000000
77658  -7.446  16.653  48.990 0.0000000000
79170  -7.681  18.548  48.486 0.0000000000
78417  -7.633  17.682  47.601 0.0000000000
78433  -7.269  18.007  46.538 0.0000000000
77674  -7.002  16.921  46.926 0.0000000000
109583  -3.905  6.632  41.610 0.0000000000
70451  -3.729  6.989  41.979 0.0000000000
69626  -4.226  6.592  41.235 0.0000000000
118005  -9.814  18.628  41.707 0.0000000000
121554  -9.736  17.241  41.085 0.0000000000
77717  -9.434  16.427  41.098 0.0000000000
114724  -8.882  17.171  41.318 0.0000000000
64136  -39.657  0.232  51.321 0.0000000000
66891  -35.222  3.820  54.330 0.0000000000
66890  -34.817  4.229  54.165 0.0000000000
65973  -34.873  3.489  54.169 0.0000000000
59543  -34.634  -4.921  56.016 0.0000000000
66905  -34.550  3.687  53.799 0.0000000000
65986  -34.724  2.834  53.862 0.0000000000
59544  -35.133  -4.328  55.564 0.0000000000
60433  -35.185  -3.093  54.789 0.0000000000
114956  -34.371  -4.110  55.666 0.0000000000
121258  -54.768  9.805  31.336 0.0000000000
72897  -53.213  10.581  33.342 0.0000000000
72896  -52.181  10.579  32.775 0.0000000000
67741  -11.497  4.385  57.470 0.0000000000
64994  -7.329  1.579  60.727 0.0000000000
70292  -19.724  7.597  59.577 0.0000000000
71070  -19.472  8.359  59.713 0.0000000000
68607  -19.077  6.791  59.875 0.0000000000
71074  -16.440  8.297  58.977 0.0000000000
71072  -15.399  9.179  58.729 0.0000000000
71080  -15.955  8.572  58.096 0.0000000000
71079  -15.075  8.989  57.877 0.0000000000
65185  -48.107  1.373  42.964 0.0000000000
64211  -48.474  0.788  42.447 0.0000000000
65186  -48.929  1.556  42.752 0.0000000000
66141  -49.314  2.940  42.042 0.0000000000
66140  -48.835  2.609  42.781 0.0000000000
67944  -34.589  5.174  38.565 0.0000000000
111471  -35.345  5.057  38.976 0.0000000000
68804  -33.931  5.346  37.982 0.0000000000
73757  -31.772  11.098  34.955 0.0000000000
72872  -32.233  10.362  34.791 0.0000000000
72851  -32.678  11.072  35.329 0.0000000000
74619  -32.280  12.589  35.788 0.0000000000
75470  -31.611  13.264  35.773 0.0000000000
125400  -21.422  -0.449  53.704 0.0000000000
63018  -21.208  -0.457  59.511 0.0000000000
63028  -21.028  -0.293  59.115 0.0000000000
62113  -20.395  -0.856  60.113 0.0000000000
62098  -21.033  -1.143  60.334 0.0000000000
64155  -25.720  -0.604  48.732 0.0000000000
64154  -25.363  0.293  48.803 0.0000000000
116231  -25.248  3.894  49.771 0.0000000000
66975  -24.144  3.045  48.758 0.0000000000
66962  -24.190  3.734  49.313 0.0000000000
67818  -24.699  4.560  49.987 0.0000000000
67817  -23.666  4.483  49.781 0.0000000000
112660  -25.108  5.193  50.491 0.0000000000
64113  -23.357  1.077  53.799 0.0000000000
65058  -23.064  1.088  52.978 0.0000000000
123116  -22.399  0.307  52.995 0.0000000000
64120  -21.897  0.370  52.299 0.0000000000
71405  -58.144  9.521  18.150 0.0000000000
71417  -58.759  9.003  17.431 0.0000000000
72191  -58.669  9.886  17.636 0.0000000000
68726  -5.791  5.688  43.035 0.0000000000
67046  -5.333  4.490  42.176 0.0000000000
67878  -6.452  4.766  42.851 0.0000000000
119017  -2.373  1.778  44.426 0.0000000000
115255  -12.356  24.071  57.446 0.0000000000
85482  -11.229  29.346  54.707 0.0000000000
86614  -12.197  30.749  53.742 0.0000000000
86065  -11.208  30.176  53.517 0.0000000000
86613  -10.499  30.054  53.009 0.0000000000
86619  -6.563  30.533  53.193 0.0000000000
87256  -6.825  30.925  52.435 0.0000000000
84876  -4.111  27.680  54.954 0.0000000000
129115  -3.504  28.267  54.747 0.0000000000
84875  -3.154  27.552  55.225 0.0000000000
85464  -2.698  28.082  54.695 0.0000000000
84237  -2.849  26.463  55.336 0.0000000000
71125  -7.002  9.511  51.301 0.0000000000
71937  -5.520  10.342  48.406 0.0000000000
71930  -5.146  10.601  48.826 0.0000000000
72722  -4.665  10.872  48.424 0.0000000000
73589  -4.555  11.151  48.704 0.0000000000
72731  -4.516  10.809  47.648 0.0000000000
69605  -6.142  6.143  43.513 0.0000000000
82384  -10.474  24.042  43.335 0.0000000000
81772  -10.142  22.960  43.425 0.0000000000
81782  -10.661  22.363  42.826 0.0000000000
68687  -42.290  6.282  48.461 0.0000000000
70377  -42.223  7.567  47.907 0.0000000000
68659  -39.206  6.135  51.696 0.0000000000
70384  -38.283  7.844  47.478 0.0000000000
70398  -37.701  7.632  46.843 0.0000000000
70422  -38.366  7.142  46.129 0.0000000000
69593  -37.220  6.308  44.676 0.0000000000
69569  -36.695  6.908  45.353 0.0000000000
71234  -32.042  8.394  42.070 0.0000000000
70468  -31.886  7.566  41.625 0.0000000000
70474  -31.253  7.449  41.042 0.0000000000
70473  -30.581  7.407  40.461 0.0000000000
71237  -30.331  8.283  40.616 0.0000000000
63039  -28.135  -0.193  57.477 0.0000000000
58652  -26.937  -5.539  58.108 0.0000000000
71236  -29.675  8.314  40.162 0.0000000000
71232  -30.881  9.029  41.202 0.0000000000
68707  -31.223  5.746  45.319 0.0000000000
68720  -30.599  5.681  44.707 0.0000000000
65088  -32.965  1.441  51.120 0.0000000000
65098  -32.582  1.932  50.381 0.0000000000
123107  -32.814  1.097  50.550 0.0000000000
62224  -30.473  -2.011  49.323 0.0000000000
62240  -30.637  -1.356  48.745 0.0000000000
62239  -29.938  -1.783  48.645 0.0000000000
64164  -29.585  -0.912  47.385 0.0000000000
110305  -29.240  -2.033  48.677 0.0000000000
62209  -29.261  -2.194  50.243 0.0000000000
124890  -28.253  -0.869  56.039 0.0000000000
63047  -28.066  -0.140  56.696 0.0000000000
74751  -56.710  13.081  24.621 0.0000000000
74735  -56.304  13.264  25.426 0.0000000000
77870  -55.638  16.514  27.496 0.0000000000
78669  -55.377  17.346  27.190 0.0000000000
79424  -54.568  18.216  27.140 0.0000000000
79414  -53.788  18.296  27.842 0.0000000000
76304  -53.556  15.067  32.319 0.0000000000
73841  -55.672  12.079  25.016 0.0000000000
73859  -55.953  11.754  24.555 0.0000000000
66039  -10.173  2.811  49.608 0.0000000000
118844  -5.506  2.081  52.982 0.0000000000
66910  -5.552  2.966  52.387 0.0000000000
66908  -4.465  1.425  52.681 0.0000000000
66893  -4.811  1.152  53.526 0.0000000000
66838  -5.688  1.570  56.928 0.0000000000
73580  -12.738  11.826  49.635 0.0000000000
74493  -12.317  12.502  49.208 0.0000000000
74485  -11.996  12.163  50.022 0.0000000000
75316  -10.625  13.834  54.747 0.0000000000
122315  -10.342  15.205  55.553 0.0000000000
118193  -14.811  12.515  58.943 0.0000000000
74441  -14.140  12.930  59.467 0.0000000000
77616  -10.545  16.856  60.219 0.0000000000
78369  -10.738  17.596  58.089 0.0000000000
79109  -11.026  19.153  58.433 0.0000000000
79106  -8.338  18.598  57.808 0.0000000000
79838  -8.360  19.578  56.836 0.0000000000
79827  -8.143  18.971  57.189 0.0000000000
79837  -7.875  19.179  56.597 0.0000000000
75300  -7.060  13.020  57.355 0.0000000000
75299  -6.023  13.006  57.119 0.0000000000
73526  -6.867  12.038  56.552 0.0000000000
70313  -10.221  8.672  53.166 0.0000000000
71101  -9.341  9.399  54.192 0.0000000000
71100  -8.678  9.241  53.621 0.0000000000
109748  -8.740  8.960  52.970 0.0000000000
71117  -9.481  8.650  52.768 0.0000000000
67802  -12.041  4.031  50.156 0.0000000000
67812  -11.942  4.406  49.411 0.0000000000
67991  -51.143  4.532  37.130 0.0000000000
65202  -50.864  1.689  39.505 0.0000000000
65208  -50.754  1.548  38.775 0.0000000000
71243  -51.085  8.832  39.069 0.0000000000
72009  -50.882  9.261  38.786 0.0000000000
72819  -49.518  10.638  38.438 0.0000000000
72019  -49.441  10.004  38.889 0.0000000000
72015  -44.453  10.023  38.951 0.0000000000
67008  -44.803  3.807  45.523 0.0000000000
132154  -44.920  3.415  45.260 0.0000000000
67865  -45.478  4.259  45.400 0.0000000000
116213  -43.851  4.573  40.314 0.0000000000
67914  -44.687  4.240  40.248 0.0000000000
132206  -45.264  3.824  39.726 0.0000000000
67935  -44.127  4.049  38.807 0.0000000000
67997  -37.948  4.824  35.703 0.0000000000
68839  -38.343  5.105  35.004 0.0000000000
64081  -14.001  0.884  57.156 0.0000000000
64088  -14.145  0.777  56.188 0.0000000000
59532  -12.505  -4.203  56.813 0.0000000000
114935  -12.018  -3.778  56.263 0.0000000000
59521  -12.229  -4.479  57.617 0.0000000000
115112  -12.905  -4.536  58.335 0.0000000000
61315  -17.179  -2.080  56.646 0.0000000000
58624  -15.396  -5.716  62.328 0.0000000000
59460  -15.200  -5.176  61.881 0.0000000000
124732  -14.765  -5.678  62.348 0.0000000000
125749  -14.454  -6.985  63.756 0.0000000000
130655  -14.939  -6.989  63.383 0.0000000000
61286  -25.381  -2.340  60.460 0.0000000000
58646  -21.075  -4.641  58.446 0.0000000000
57784  -20.026  -5.234  58.349 0.0000000000
77648  -21.690  16.865  52.003 0.0000000000
78407  -21.447  17.736  51.182 0.0000000000
78394  -21.186  17.028  52.966 0.0000000000
78393  -20.322  17.503  53.125 0.0000000000
77640  -20.578  16.344  53.303 0.0000000000
73656  -27.696  11.214  41.764 0.0000000000
73645  -27.197  11.437  42.414 0.0000000000
74534  -27.789  12.437  46.365 0.0000000000
73616  -27.224  12.559  45.513 0.0000000000
74533  -27.042  12.711  46.508 0.0000000000
69608  -24.000  6.088  43.459 0.0000000000
69586  -24.604  6.835  43.889 0.0000000000
72717  -25.222  10.518  49.428 0.0000000000
72718  -25.887  10.639  50.448 0.0000000000
73576  -26.413  11.109  51.346 0.0000000000
125031  -26.858  11.573  51.499 0.0000000000
73567  -26.218  11.827  51.779 0.0000000000
74480  -25.914  12.623  51.838 0.0000000000
73575  -25.128  11.673  51.672 0.0000000000
75375  -19.317  12.773  47.605 0.0000000000
74506  -20.144  12.882  48.279 0.0000000000
75363  -19.241  13.364  48.479 0.0000000000
75374  -18.427  13.213  47.793 0.0000000000
74519  -17.614  12.844  47.198 0.0000000000
74527  -17.173  12.053  46.668 0.0000000000
71130  -17.062  7.933  50.277 0.0000000000
71129  -16.586  8.532  50.642 0.0000000000
71124  -17.010  7.966  51.094 0.0000000000
71118  -16.648  8.584  51.548 0.0000000000
112642  -17.223  8.084  51.897 0.0000000000
69491  -23.668  7.601  52.431 0.0000000000
69490  -22.580  7.609  52.240 0.0000000000
70333  -24.296  7.782  53.269 0.0000000000
68623  -21.606  5.368  55.629 0.0000000000
69474  -22.324  6.951  55.592 0.0000000000
69473  -21.802  6.239  55.996 0.0000000000
69470  -21.803  6.957  56.218 0.0000000000
68620  -21.632  6.350  56.781 0.0000000000
112940  -21.270  5.481  56.394 0.0000000000
65038  -15.233  1.766  55.307 0.0000000000
123389  -15.064  1.809  56.092 0.0000000000
65032  -15.270  1.981  56.712 0.0000000000
77923  -57.007  17.001  23.978 0.0000000000
127704  -57.669  16.556  23.833 0.0000000000
69703  -51.627  5.703  32.958 0.0000000000
130833  -47.625  10.337  31.070 0.0000000000
68779  -8.035  5.615  40.217 0.0000000000
64213  -4.268  0.375  41.945 0.0000000000
130111  -4.320  0.823  41.222 0.0000000000
113414  -4.861  -0.118  41.959 0.0000000000
121529  -4.284  3.298  48.908 0.0000000000
66049  -3.449  3.159  48.630 0.0000000000
62109  -9.744  -0.834  59.052 0.0000000000
63014  -10.067  0.077  59.063 0.0000000000
62108  -9.342  -1.472  59.589 0.0000000000
61265  -6.912  -2.354  63.519 0.0000000000
61264  -6.028  -2.362  63.748 0.0000000000
62084  -5.595  -1.756  63.431 0.0000000000
78411  -11.355  17.518  49.451 0.0000000000
78412  -11.830  17.883  48.980 0.0000000000
79156  -11.862  18.321  49.871 0.0000000000
84885  -14.217  27.261  55.171 0.0000000000
84888  -13.811  27.630  53.826 0.0000000000
85510  -5.553  29.347  49.045 0.0000000000
86086  -5.876  29.634  48.204 0.0000000000
86092  -6.205  29.709  47.374 0.0000000000
81063  -5.914  21.099  55.206 0.0000000000
79834  -5.286  19.391  55.221 0.0000000000
80450  -4.055  20.736  53.292 0.0000000000
80452  -3.822  21.025  52.795 0.0000000000
81667  -3.388  22.255  52.929 0.0000000000
76124  -5.046  14.233  52.823 0.0000000000
80474  -5.216  21.071  51.087 0.0000000000
79869  -5.393  20.611  51.237 0.0000000000
81088  -4.413  22.153  51.293 0.0000000000
81093  -4.982  22.309  50.726 0.0000000000
82306  -4.989  23.225  50.791 0.0000000000
81696  -5.094  22.789  50.556 0.0000000000
82335  -6.404  22.903  47.542 0.0000000000
82999  -6.588  23.347  47.901 0.0000000000
83014  -6.681  23.418  47.193 0.0000000000
83015  -7.316  23.925  46.786 0.0000000000
82347  -6.792  23.459  46.499 0.0000000000
79932  -6.289  18.668  43.881 0.0000000000
79942  -6.300  18.868  43.824 0.0000000000
79254  -6.175  18.201  43.830 0.0000000000
73619  -4.449  12.460  45.620 0.0000000000
75381  -4.407  13.372  45.136 0.0000000000
73620  -4.371  12.061  45.044 0.0000000000
73637  -5.534  11.474  42.730 0.0000000000
75396  -5.809  14.123  42.555 0.0000000000
74553  -7.349  12.505  42.693 0.0000000000
69629  -8.114  6.779  41.287 0.0000000000
69640  -8.665  6.146  40.852 0.0000000000
61355  -39.690  -1.606  52.392 0.0000000000
61354  -39.651  -2.177  52.770 0.0000000000
61340  -38.584  -2.588  54.021 0.0000000000
114437  -38.944  -1.684  53.752 0.0000000000
63065  -38.355  -0.900  54.065 0.0000000000
119653  -37.747  -0.108  54.283 0.0000000000
119645  -37.417  -0.940  54.382 0.0000000000
126689  -36.964  -4.577  55.027 0.0000000000
60434  -37.231  -3.551  54.852 0.0000000000
59545  -36.006  -4.649  55.384 0.0000000000
69716  -54.455  7.304  32.041 0.0000000000
70541  -54.282  7.648  32.708 0.0000000000
67723  -11.933  4.022  59.016 0.0000000000
66814  -11.162  2.802  59.004 0.0000000000
65907  -10.540  1.906  59.055 0.0000000000
66830  -17.170  3.812  59.437 0.0000000000
67728  -17.336  4.717  59.745 0.0000000000
131868  -15.825  4.936  59.606 0.0000000000
68600  -16.276  5.052  59.726 0.0000000000
68603  -15.927  5.330  59.472 0.0000000000
69461  -16.333  6.125  59.356 0.0000000000
68609  -15.662  5.802  58.866 0.0000000000
67725  -13.592  4.106  59.349 0.0000000000
67736  -14.457  4.813  58.836 0.0000000000
64209  -46.442  0.508  42.478 0.0000000000
64195  -45.778  1.030  43.255 0.0000000000
69665  -30.490  6.348  36.492 0.0000000000
69666  -31.125  6.273  35.985 0.0000000000
70505  -30.238  7.257  35.379 0.0000000000
117492  -29.263  9.660  34.646 0.0000000000
71294  -29.783  8.842  34.693 0.0000000000
72869  -29.710  10.437  34.580 0.0000000000
72870  -30.566  10.447  34.570 0.0000000000
73755  -30.157  11.162  34.666 0.0000000000
74647  -29.804  12.023  34.845 0.0000000000
74646  -28.818  12.009  34.812 0.0000000000
64098  -23.139  1.096  55.161 0.0000000000
65039  -23.215  1.257  55.937 0.0000000000
64073  -22.432  0.018  58.241 0.0000000000
64061  -22.881  -0.227  58.828 0.0000000000
73715  -24.188  12.008  36.445 0.0000000000
73684  -23.484  11.789  37.969 0.0000000000
65071  -26.894  1.714  52.372 0.0000000000
65087  -26.450  1.704  51.610 0.0000000000
65072  -27.445  2.510  52.624 0.0000000000
66904  -27.843  4.141  53.515 0.0000000000
66941  -27.414  4.006  52.098 0.0000000000
66940  -26.999  4.245  51.610 0.0000000000
67798  -27.413  4.520  52.378 0.0000000000
67789  -27.225  4.881  52.611 0.0000000000
67778  -27.335  4.826  53.210 0.0000000000
65959  -24.542  2.951  55.067 0.0000000000
66875  -25.120  3.725  55.207 0.0000000000
65958  -24.053  2.242  54.854 0.0000000000
65046  -23.639  1.518  54.438 0.0000000000
72172  -58.390  10.224  19.683 0.0000000000
73904  -58.633  11.149  20.273 0.0000000000
73001  -58.491  10.676  20.428 0.0000000000
72177  -58.133  9.488  19.691 0.0000000000
71391  -58.266  9.862  19.719 0.0000000000
71396  -58.280  9.816  19.035 0.0000000000
67867  -8.031  4.360  43.799 0.0000000000
66091  -7.517  2.671  45.374 0.0000000000
128949  -6.831  2.528  44.768 0.0000000000
66090  -5.074  2.353  45.526 0.0000000000
115734  -5.767  2.366  45.988 0.0000000000
82273  -9.585  23.685  56.520 0.0000000000
83593  -9.991  25.085  56.592 0.0000000000
84868  -8.941  27.143  55.998 0.0000000000
84880  -9.119  27.789  55.557 0.0000000000
85472  -9.910  28.688  54.736 0.0000000000
85471  -9.144  28.502  55.012 0.0000000000
85479  -8.390  28.792  54.593 0.0000000000
85478  -7.519  28.756  54.643 0.0000000000
85477  -6.667  28.703  54.818 0.0000000000
86060  -6.603  29.718  53.837 0.0000000000
85467  -5.740  28.163  55.374 0.0000000000
84227  -5.282  26.509  56.000 0.0000000000
84864  -5.326  27.255  55.740 0.0000000000
84863  -4.967  26.928  55.749 0.0000000000
84226  -4.883  26.050  55.871 0.0000000000
71137  -8.117  8.866  49.318 0.0000000000
70368  -8.782  8.134  48.041 0.0000000000
71160  -7.787  8.454  47.773 0.0000000000
70378  -7.775  8.024  46.989 0.0000000000
71172  -7.032  8.556  47.130 0.0000000000
71171  -6.376  8.690  46.520 0.0000000000
68712  -9.028  5.615  44.614 0.0000000000
69580  -8.097  6.138  44.446 0.0000000000
67001  -38.704  3.996  46.618 0.0000000000
67827  -39.970  4.907  48.919 0.0000000000
67837  -40.089  4.798  47.975 0.0000000000
114968  -41.470  5.607  49.025 0.0000000000
127610  -41.305  5.590  49.447 0.0000000000
70343  -35.869  7.858  51.323 0.0000000000
70355  -35.369  8.386  50.900 0.0000000000
110120  -35.101  9.346  48.483 0.0000000000
71153  -35.431  9.075  49.170 0.0000000000
109739  -35.761  9.113  48.407 0.0000000000
71167  -36.110  8.758  47.672 0.0000000000
71185  -35.505  8.944  47.037 0.0000000000
70396  -35.659  8.333  46.402 0.0000000000
71204  -35.054  9.211  46.283 0.0000000000
110103  -34.031  9.787  45.990 0.0000000000
71215  -34.335  9.388  44.929 0.0000000000
71214  -33.830  9.589  44.527 0.0000000000
71218  -33.559  9.249  43.871 0.0000000000
71217  -33.058  9.195  43.241 0.0000000000
61310  -29.588  -2.088  57.548 0.0000000000
60386  -30.621  -3.744  58.298 0.0000000000
60385  -30.039  -3.316  58.494 0.0000000000
59514  -30.227  -4.294  58.537 0.0000000000
71985  -32.949  9.937  43.682 0.0000000000
71982  -33.291  9.828  44.308 0.0000000000
70395  -32.671  8.113  46.508 0.0000000000
70417  -32.588  8.796  45.720 0.0000000000
69558  -32.196  7.010  46.834 0.0000000000
124515  -31.816  6.122  46.804 0.0000000000
60451  -33.000  -2.965  52.954 0.0000000000
61379  -32.968  -1.908  51.860 0.0000000000
60450  -32.515  -2.808  52.761 0.0000000000
61350  -31.033  -2.642  53.243 0.0000000000
61365  -31.340  -2.332  52.477 0.0000000000
114990  -30.910  -2.014  52.134 0.0000000000
61364  -30.595  -2.288  52.752 0.0000000000
61363  -29.819  -2.275  52.919 0.0000000000
61349  -30.059  -2.484  53.672 0.0000000000
119223  -29.620  -2.300  55.990 0.0000000000
61324  -29.438  -2.257  55.286 0.0000000000
128614  -28.789  -1.451  56.359 0.0000000000
125401  -55.435  13.302  26.211 0.0000000000
75546  -55.666  13.670  26.842 0.0000000000
75534  -55.913  13.920  28.008 0.0000000000
76344  -55.979  14.384  27.961 0.0000000000
77138  -55.937  15.050  28.160 0.0000000000
76321  -50.916  14.966  30.686 0.0000000000
74719  -54.504  12.656  26.567 0.0000000000
73826  -54.765  12.381  25.557 0.0000000000
74720  -55.126  12.866  25.924 0.0000000000
73827  -55.340  12.398  25.356 0.0000000000
66934  -11.573  3.392  51.363 0.0000000000
66933  -10.997  2.947  51.991 0.0000000000
123271  -8.589  2.783  53.030 0.0000000000
65979  -7.617  2.767  53.207 0.0000000000
66897  -6.691  2.727  53.203 0.0000000000
65978  -7.312  2.245  53.887 0.0000000000
65012  -4.816  1.045  58.613 0.0000000000
65011  -4.286  0.897  58.281 0.0000000000
64068  -3.769  0.601  58.736 0.0000000000
117795  -2.519  -1.456  58.929 0.0000000000
129431  -2.385  -1.664  58.270 0.0000000000
72699  -14.348  10.803  52.410 0.0000000000
73560  -13.711  11.226  52.676 0.0000000000
73556  -14.227  11.168  53.338 0.0000000000
73550  -13.676  11.659  54.710 0.0000000000
73549  -12.977  11.868  54.240 0.0000000000
74462  -13.177  11.990  55.185 0.0000000000
74455  -11.981  12.708  55.094 0.0000000000
74456  -12.626  12.420  55.639 0.0000000000
74429  -13.408  12.631  60.665 0.0000000000
75285  -13.079  13.195  60.578 0.0000000000
74428  -12.648  12.932  60.813 0.0000000000
76099  -11.248  14.761  61.265 0.0000000000
76888  -10.859  15.505  61.239 0.0000000000
76893  -10.764  15.849  60.702 0.0000000000
77613  -10.240  17.011  60.694 0.0000000000
122818  -10.113  16.484  60.988 0.0000000000
77615  -9.603  16.240  60.671 0.0000000000
119410  -8.961  15.912  60.017 0.0000000000
78362  -8.711  17.420  59.353 0.0000000000
76890  -8.156  15.954  59.295 0.0000000000
75293  -9.255  13.134  58.991 0.0000000000
76107  -8.369  14.268  58.788 0.0000000000
74437  -7.972  12.820  57.645 0.0000000000
69475  -14.236  6.363  54.161 0.0000000000
70316  -13.668  7.066  53.651 0.0000000000
69479  -13.278  6.676  53.014 0.0000000000
70326  -12.513  7.165  52.646 0.0000000000
69485  -12.147  6.780  51.981 0.0000000000
66935  -12.205  3.886  51.754 0.0000000000
68650  -12.624  5.205  51.388 0.0000000000
66951  -12.025  3.927  50.923 0.0000000000
64280  -49.259  0.449  35.281 0.0000000000
65221  -49.676  1.041  35.973 0.0000000000
65217  -50.465  1.516  36.773 0.0000000000
67070  -50.617  3.615  40.199 0.0000000000
67936  -51.131  4.108  39.876 0.0000000000
69661  -49.452  6.571  38.667 0.0000000000
70482  -48.358  8.386  38.492 0.0000000000
70491  -46.942  8.164  37.340 0.0000000000
131883  -45.337  9.701  38.166 0.0000000000
71259  -45.511  9.195  37.604 0.0000000000
122157  -44.290  7.309  44.728 0.0000000000
69620  -44.859  6.784  44.181 0.0000000000
129249  -43.163  5.759  41.854 0.0000000000
68772  -42.745  5.343  41.491 0.0000000000
67899  -43.168  4.880  40.784 0.0000000000
65055  -15.061  1.174  53.948 0.0000000000
64110  -14.580  0.502  53.811 0.0000000000
63071  -14.287  -0.318  53.294 0.0000000000
61360  -14.799  -2.115  52.549 0.0000000000
61359  -14.244  -2.034  52.985 0.0000000000
60426  -13.900  -2.950  53.790 0.0000000000
114778  -13.895  -3.434  54.455 0.0000000000
60359  -17.448  -2.505  60.709 0.0000000000
61280  -16.885  -2.655  60.451 0.0000000000
60348  -17.409  -3.313  61.089 0.0000000000
58626  -16.691  -5.608  61.933 0.0000000000
59462  -16.533  -5.027  61.820 0.0000000000
58625  -16.078  -5.659  62.169 0.0000000000
58621  -16.181  -6.290  62.258 0.0000000000
57764  -15.978  -7.108  62.514 0.0000000000
58650  -24.427  -5.198  57.799 0.0000000000
121240  -24.200  -5.112  58.098 0.0000000000
76948  -21.854  15.752  48.752 0.0000000000
76940  -22.142  15.809  49.563 0.0000000000
71977  -29.068  9.855  44.672 0.0000000000
73625  -28.848  11.622  44.475 0.0000000000
71975  -28.608  9.795  45.572 0.0000000000
71180  -28.185  9.042  46.231 0.0000000000
119157  -28.452  9.760  46.496 0.0000000000
68728  -21.776  5.363  43.815 0.0000000000
70433  -22.352  7.656  44.123 0.0000000000
116085  -21.819  6.942  43.913 0.0000000000
71972  -21.917  9.500  45.423 0.0000000000
71194  -22.338  8.902  45.005 0.0000000000
71961  -22.323  10.024  45.997 0.0000000000
72749  -23.244  10.342  47.048 0.0000000000
72748  -22.529  10.455  46.689 0.0000000000
72724  -23.038  11.115  48.198 0.0000000000
72747  -21.844  10.497  46.290 0.0000000000
72754  -19.386  10.121  45.580 0.0000000000
72746  -20.666  10.965  46.165 0.0000000000
72745  -19.779  10.852  45.943 0.0000000000
120776  -18.990  10.654  45.780 0.0000000000
71959  -17.695  10.088  45.896 0.0000000000
71189  -18.037  9.223  45.781 0.0000000000
69546  -17.746  6.992  47.600 0.0000000000
70381  -17.448  7.691  47.346 0.0000000000
70371  -17.421  7.514  48.210 0.0000000000
70362  -17.447  7.357  49.071 0.0000000000
69527  -17.871  6.783  49.336 0.0000000000
113909  -22.032  3.999  52.578 0.0000000000
66917  -21.096  3.513  52.092 0.0000000000
66902  -20.339  3.672  52.803 0.0000000000
66916  -19.462  3.350  52.782 0.0000000000
67765  -20.794  4.357  54.355 0.0000000000
66900  -18.909  3.322  53.568 0.0000000000
66886  -19.230  3.566  54.403 0.0000000000
65067  -15.840  1.251  52.683 0.0000000000
65057  -16.311  1.763  53.285 0.0000000000
65056  -15.650  1.448  53.618 0.0000000000
69697  -48.777  6.802  34.204 0.0000000000
132310  -49.200  6.497  33.830 0.0000000000
70533  -47.645  7.832  33.940 0.0000000000
71310  -47.145  8.327  33.469 0.0000000000
68777  -5.508  5.818  40.031 0.0000000000
67917  -3.299  4.355  39.221 0.0000000000
67918  -4.636  4.612  39.391 0.0000000000
119233  -5.256  3.319  39.127 0.0000000000
66150  -4.338  2.985  39.531 0.0000000000
129528  -5.582  -0.559  43.499 0.0000000000
60355  -9.776  -3.733  60.866 0.0000000000
118122  -9.047  -2.960  60.814 0.0000000000
60344  -9.244  -3.460  61.622 0.0000000000
114534  -11.921  18.871  52.533 0.0000000000
79863  -12.584  19.548  51.508 0.0000000000
79858  -12.929  20.102  52.288 0.0000000000
81674  -12.942  21.923  52.610 0.0000000000
109735  -13.240  21.203  52.099 0.0000000000
82294  -12.034  23.271  51.341 0.0000000000
110321  -11.887  23.834  52.288 0.0000000000
87241  -15.611  31.334  53.976 0.0000000000
122273  -2.556  30.815  51.944 0.0000000000
85502  -4.752  29.412  49.865 0.0000000000
85497  -5.025  28.298  50.780 0.0000000000
111860  -4.306  16.609  55.509 0.0000000000
77630  -4.219  15.824  54.753 0.0000000000
78379  -4.570  16.836  54.522 0.0000000000
76930  -6.427  14.787  50.898 0.0000000000
76922  -6.360  15.222  51.625 0.0000000000
77650  -6.795  15.780  50.667 0.0000000000
79155  -7.264  19.170  50.041 0.0000000000
78402  -7.277  17.888  50.543 0.0000000000
79871  -6.438  19.970  50.493 0.0000000000
80485  -6.148  20.961  49.773 0.0000000000
80486  -6.278  20.777  49.185 0.0000000000
79903  -6.917  20.335  47.511 0.0000000000
80496  -6.331  20.891  48.155 0.0000000000
81111  -6.321  21.631  47.523 0.0000000000
80519  -6.499  21.215  46.746 0.0000000000
81119  -6.476  21.504  46.640 0.0000000000
131377  -6.663  17.975  45.659 0.0000000000
79912  -6.694  19.517  45.406 0.0000000000
79213  -6.470  18.369  45.079 0.0000000000
79212  -6.235  18.274  44.270 0.0000000000
78441  -6.006  17.540  44.404 0.0000000000
71983  -4.061  8.454  43.622 0.0000000000
71986  -4.122  8.866  43.251 0.0000000000
71987  -4.849  9.336  42.663 0.0000000000
71988  -6.024  9.484  42.456 0.0000000000
69627  -5.441  6.947  40.996 0.0000000000
76208  -10.021  14.763  41.579 0.0000000000
75400  -10.340  13.302  42.336 0.0000000000
75407  -9.984  14.031  42.083 0.0000000000
64151  -38.871  0.745  49.878 0.0000000000
66047  -39.206  2.441  50.348 0.0000000000
65108  -39.431  1.787  50.642 0.0000000000
66005  -39.663  2.479  51.855 0.0000000000
66020  -39.691  2.589  51.225 0.0000000000
66926  -39.701  3.304  52.042 0.0000000000
67794  -39.698  4.134  51.999 0.0000000000
66925  -39.073  3.554  52.422 0.0000000000
65052  -38.934  0.710  52.915 0.0000000000
65064  -39.387  0.995  52.410 0.0000000000
65063  -38.701  1.224  53.093 0.0000000000
66906  -37.166  4.240  53.571 0.0000000000
127916  -37.535  3.377  53.495 0.0000000000
67792  -37.777  4.943  53.014 0.0000000000
69497  -36.761  6.775  52.392 0.0000000000
68646  -36.217  6.344  53.190 0.0000000000
69494  -34.497  6.598  52.691 0.0000000000
122565  -34.833  7.208  52.642 0.0000000000
70340  -33.893  7.765  51.301 0.0000000000
69509  -33.519  6.839  51.592 0.0000000000
64152  -39.253  0.114  50.080 0.0000000000
63113  -38.910  -0.060  49.544 0.0000000000
129872  -38.458  0.565  49.352 0.0000000000
59535  -32.699  -4.326  56.980 0.0000000000
59536  -33.393  -4.815  56.856 0.0000000000
57815  -33.800  -6.932  56.341 0.0000000000
57803  -32.989  -6.481  56.773 0.0000000000
57818  -34.192  -7.560  55.491 0.0000000000
68671  -32.933  6.203  51.186 0.0000000000
68658  -33.276  5.981  51.725 0.0000000000
122591  -34.061  3.159  52.627 0.0000000000
66002  -33.915  2.469  52.363 0.0000000000
66019  -33.235  2.400  51.853 0.0000000000
124666  -33.661  1.924  52.125 0.0000000000
121596  -35.699  -0.695  54.151 0.0000000000
113408  -35.176  0.676  53.665 0.0000000000
61336  -34.709  -2.657  54.209 0.0000000000
62165  -34.689  -1.349  53.336 0.0000000000
62180  -34.307  -0.900  52.705 0.0000000000
60445  -34.051  -3.091  53.798 0.0000000000
60420  -33.523  -3.865  55.521 0.0000000000
60419  -32.586  -3.771  55.655 0.0000000000
73809  -54.654  11.923  30.217 0.0000000000
73797  -54.641  11.146  30.814 0.0000000000
73799  -55.376  11.695  31.615 0.0000000000
75494  -55.335  12.777  32.501 0.0000000000
74665  -55.248  12.246  32.798 0.0000000000
72097  -55.487  9.632  32.437 0.0000000000
72898  -55.374  9.947  33.068 0.0000000000
74656  -53.936  11.939  33.390 0.0000000000
74663  -53.380  12.858  33.301 0.0000000000
75490  -52.460  13.744  32.478 0.0000000000
117790  -52.781  13.088  33.008 0.0000000000
74672  -51.098  12.315  31.836 0.0000000000
113189  -51.041  13.093  31.466 0.0000000000
75513  -49.592  13.285  30.516 0.0000000000
74670  -49.796  12.736  30.780 0.0000000000
66857  -11.534  3.799  55.734 0.0000000000
124860  -10.948  3.478  55.117 0.0000000000
66856  -10.800  3.759  56.230 0.0000000000
66843  -9.480  3.878  57.221 0.0000000000
66855  -9.256  3.489  56.569 0.0000000000
110574  -8.473  2.930  57.060 0.0000000000
111313  -8.626  3.152  57.598 0.0000000000
67721  -10.128  3.932  58.830 0.0000000000
66820  -7.691  2.496  58.542 0.0000000000
66832  -7.449  2.374  57.852 0.0000000000
65924  -6.948  2.089  58.460 0.0000000000
65923  -6.066  1.680  58.393 0.0000000000
126999  -5.939  1.448  59.202 0.0000000000
64987  -5.153  0.485  60.979 0.0000000000
122407  -5.111  0.720  60.352 0.0000000000
64991  -4.689  0.388  60.581 0.0000000000
125943  -4.349  0.119  60.800 0.0000000000
72667  -19.009  9.963  57.462 0.0000000000
110336  -17.938  10.634  57.527 0.0000000000
72666  -18.385  10.413  57.878 0.0000000000
72654  -18.010  10.430  59.710 0.0000000000
72658  -17.701  10.895  59.179 0.0000000000
72653  -17.435  10.773  60.082 0.0000000000
73518  -16.587  11.511  59.706 0.0000000000
72652  -16.862  11.060  60.370 0.0000000000
69458  -17.652  6.613  60.275 0.0000000000
69456  -17.790  7.608  60.463 0.0000000000
129151  -17.459  8.109  60.190 0.0000000000
71067  -16.107  9.527  60.306 0.0000000000
71863  -16.692  9.919  60.766 0.0000000000
71862  -16.012  10.201  60.772 0.0000000000
72645  -15.601  10.812  60.769 0.0000000000
72644  -14.815  11.178  60.731 0.0000000000
72651  -14.969  10.551  60.601 0.0000000000
71866  -13.903  10.357  59.404 0.0000000000
119915  -13.437  10.831  59.988 0.0000000000
72649  -12.588  10.991  59.750 0.0000000000
72656  -12.048  10.683  58.983 0.0000000000
71085  -13.830  8.847  56.667 0.0000000000
71094  -14.422  8.228  55.941 0.0000000000
69469  -15.400  6.345  57.222 0.0000000000
69468  -15.041  6.237  56.362 0.0000000000
68626  -14.525  5.991  54.884 0.0000000000
67756  -13.634  4.851  55.279 0.0000000000
63218  -46.700  0.069  40.876 0.0000000000
65191  -49.245  1.055  42.055 0.0000000000
64229  -49.432  0.864  41.305 0.0000000000
130705  -49.973  1.027  41.053 0.0000000000
65193  -50.272  1.976  40.934 0.0000000000
67058  -49.335  3.243  41.031 0.0000000000
125484  -48.698  3.577  39.315 0.0000000000
67894  -37.815  4.663  41.151 0.0000000000
131939  -38.219  4.648  40.892 0.0000000000
119387  -35.547  5.255  37.594 0.0000000000
67946  -36.603  5.040  38.478 0.0000000000
67962  -36.435  5.108  37.587 0.0000000000
67978  -36.715  5.026  36.612 0.0000000000
67995  -36.214  5.220  35.859 0.0000000000
69684  -32.157  6.819  35.032 0.0000000000
118562  -33.144  5.763  35.596 0.0000000000
69685  -32.914  6.667  34.844 0.0000000000
70519  -34.171  7.192  34.385 0.0000000000
69688  -35.432  6.598  34.405 0.0000000000
63091  -19.114  -0.830  51.176 0.0000000000
62187  -18.337  -1.527  51.677 0.0000000000
62188  -19.379  -1.164  51.921 0.0000000000
62151  -19.882  -0.874  54.618 0.0000000000
62150  -19.294  -1.301  54.082 0.0000000000
62144  -19.061  -1.180  55.072 0.0000000000
61323  -18.119  -1.721  55.217 0.0000000000
62143  -18.629  -1.229  55.952 0.0000000000
64096  -21.739  0.297  56.045 0.0000000000
63051  -21.111  -0.191  55.304 0.0000000000
63046  -21.031  -0.036  56.372 0.0000000000
63035  -19.735  -0.606  58.196 0.0000000000
63044  -19.684  -0.580  57.110 0.0000000000
124383  -18.904  -1.005  58.454 0.0000000000
131982  -18.806  -1.201  59.255 0.0000000000
61273  -19.598  -2.008  60.708 0.0000000000
61272  -18.788  -2.443  60.884 0.0000000000
115473  -19.160  -3.631  61.295 0.0000000000
75391  -21.526  13.697  43.525 0.0000000000
65141  -27.127  0.869  43.883 0.0000000000
65159  -26.686  1.614  43.532 0.0000000000
65140  -26.207  0.837  43.828 0.0000000000
65139  -24.442  1.260  44.408 0.0000000000
65157  -24.650  1.644  43.593 0.0000000000
66128  -24.060  2.310  43.323 0.0000000000
65138  -23.875  1.839  43.980 0.0000000000
65102  -25.574  1.977  49.466 0.0000000000
65112  -25.095  1.219  48.786 0.0000000000
65111  -24.568  1.729  48.269 0.0000000000
66071  -23.280  2.467  47.155 0.0000000000
66083  -23.336  2.153  46.281 0.0000000000
66111  -22.881  2.694  44.439 0.0000000000
67013  -22.472  2.963  45.292 0.0000000000
67027  -21.728  3.889  44.429 0.0000000000
66997  -22.080  3.209  46.144 0.0000000000
66972  -21.818  3.671  48.075 0.0000000000
67847  -20.885  3.941  46.562 0.0000000000
67834  -21.025  3.996  47.573 0.0000000000
67833  -20.262  4.354  47.033 0.0000000000
67823  -20.356  4.573  48.087 0.0000000000
68667  -23.560  5.752  50.678 0.0000000000
68666  -22.748  5.649  50.602 0.0000000000
69506  -24.016  7.052  51.784 0.0000000000
69507  -24.938  6.902  52.149 0.0000000000
118350  -26.533  5.231  53.155 0.0000000000
68641  -25.950  5.808  52.537 0.0000000000
66919  -23.731  3.399  52.620 0.0000000000
67788  -24.534  4.208  53.041 0.0000000000
68640  -24.770  5.229  53.197 0.0000000000
67787  -23.790  4.285  52.754 0.0000000000
66918  -22.826  3.503  52.361 0.0000000000
63093  -20.865  -0.058  51.486 0.0000000000
64130  -20.858  0.686  51.018 0.0000000000
63105  -20.329  0.094  51.024 0.0000000000
63104  -19.622  -0.131  50.841 0.0000000000
73749  -46.398  11.633  36.317 0.0000000000
69621  -3.942  6.735  42.139 0.0000000000
67044  -3.957  3.641  41.269 0.0000000000
129197  -4.084  2.796  41.513 0.0000000000
66138  -3.754  2.238  41.758 0.0000000000
66126  -5.868  2.964  43.163 0.0000000000
65136  -1.919  1.042  43.388 0.0000000000
65155  -2.310  1.735  42.778 0.0000000000
120574  -2.675  1.376  41.824 0.0000000000
65154  -2.222  0.693  42.182 0.0000000000
62291  -3.298  -1.211  42.142 0.0000000000
128526  -11.689  -6.971  65.180 0.0000000000
81061  -13.527  21.511  56.861 0.0000000000
81666  -13.517  22.193  56.107 0.0000000000
126455  -13.555  22.962  56.758 0.0000000000
83595  -13.503  25.322  57.115 0.0000000000
115259  -14.038  26.012  56.556 0.0000000000
84240  -14.253  26.576  55.994 0.0000000000
84238  -14.125  26.839  56.804 0.0000000000
84233  -10.908  26.484  56.566 0.0000000000
129049  -11.781  26.075  56.924 0.0000000000
84882  -12.856  28.825  55.863 0.0000000000
85474  -13.836  28.886  56.289 0.0000000000
86042  -14.027  29.577  55.874 0.0000000000
86594  -14.374  30.096  55.380 0.0000000000
86056  -13.593  30.240  55.328 0.0000000000
87258  -13.144  31.768  52.973 0.0000000000
87248  -13.416  31.664  53.681 0.0000000000
86612  -9.394  29.825  52.985 0.0000000000
86621  -8.547  30.069  52.619 0.0000000000
86048  -5.215  29.345  54.435 0.0000000000
86598  -4.623  29.922  54.016 0.0000000000
86596  -3.207  30.022  53.677 0.0000000000
87238  -3.586  30.478  53.511 0.0000000000
87243  -3.279  31.066  53.035 0.0000000000
87242  -2.572  30.617  52.781 0.0000000000
87253  -2.671  31.179  52.415 0.0000000000
86605  -2.336  30.279  53.198 0.0000000000
85485  -1.669  28.791  52.966 0.0000000000
124511  -2.063  28.203  52.179 0.0000000000
130766  -2.159  27.567  52.332 0.0000000000
72690  -4.091  11.112  53.829 0.0000000000
73546  -3.183  10.863  54.503 0.0000000000
72689  -2.999  10.482  53.836 0.0000000000
72702  -2.755  11.227  52.616 0.0000000000
72701  -2.579  10.933  52.632 0.0000000000
73562  -3.236  11.621  52.410 0.0000000000
74473  -3.276  12.059  52.323 0.0000000000
71932  -6.068  10.029  49.758 0.0000000000
112242  -4.720  11.327  49.664 0.0000000000
72714  -5.045  10.841  50.005 0.0000000000
74474  -4.399  12.053  51.642 0.0000000000
75328  -5.039  12.491  51.147 0.0000000000
75336  -5.233  12.580  50.214 0.0000000000
74502  -4.779  12.473  48.404 0.0000000000
75345  -5.449  13.068  49.394 0.0000000000
76164  -5.598  13.709  48.291 0.0000000000
76165  -5.973  13.989  48.793 0.0000000000
76178  -5.405  14.183  47.007 0.0000000000
76163  -5.260  13.711  47.359 0.0000000000
72729  -4.192  11.403  46.975 0.0000000000
74513  -4.296  12.122  46.944 0.0000000000
72740  -4.264  11.586  46.452 0.0000000000
71954  -4.330  10.455  46.142 0.0000000000
71188  -5.740  8.658  45.794 0.0000000000
70430  -5.002  7.625  44.150 0.0000000000
71967  -4.461  9.578  45.391 0.0000000000
71205  -3.866  8.128  43.774 0.0000000000
70429  -3.796  7.225  43.953 0.0000000000
68725  -4.703  6.173  42.567 0.0000000000
69603  -3.961  7.180  42.879 0.0000000000
120658  -10.440  20.868  42.566 0.0000000000
80587  -9.785  20.293  42.612 0.0000000000
79954  -9.983  19.532  42.176 0.0000000000
131777  -9.483  19.734  42.432 0.0000000000
66101  -41.726  2.795  45.200 0.0000000000
66102  -42.309  2.801  45.141 0.0000000000
66087  -42.854  3.158  45.422 0.0000000000
67006  -43.121  3.906  45.743 0.0000000000
67851  -41.044  4.070  46.528 0.0000000000
68694  -42.402  5.865  47.161 0.0000000000
67841  -42.732  5.223  46.691 0.0000000000
67842  -43.477  4.830  46.218 0.0000000000
69575  -44.365  6.639  45.801 0.0000000000
69559  -43.596  7.354  46.244 0.0000000000
70426  -42.693  8.170  45.935 0.0000000000
69597  -41.770  7.306  44.189 0.0000000000
69573  -41.528  7.628  44.885 0.0000000000
117968  -39.624  4.456  50.295 0.0000000000
69524  -40.477  6.647  50.679 0.0000000000
69532  -41.116  6.392  49.933 0.0000000000
70366  -40.980  7.317  49.363 0.0000000000
71144  -38.641  8.245  49.460 0.0000000000
71157  -39.478  7.936  48.116 0.0000000000
71145  -39.500  8.040  48.833 0.0000000000
70374  -40.308  7.869  48.224 0.0000000000
70375  -41.056  7.694  48.571 0.0000000000
123675  -39.039  6.760  45.311 0.0000000000
69571  -39.924  7.353  45.544 0.0000000000
69614  -39.256  6.323  44.308 0.0000000000
123312  -39.007  5.418  43.047 0.0000000000
68738  -38.571  5.640  43.688 0.0000000000
68751  -36.544  5.312  42.713 0.0000000000
109573  -35.892  5.220  42.146 0.0000000000
68765  -35.472  5.108  41.466 0.0000000000
127635  -34.958  5.077  41.038 0.0000000000
69611  -34.808  6.912  43.941 0.0000000000
69591  -35.378  7.134  44.670 0.0000000000
68762  -32.641  6.128  41.140 0.0000000000
124689  -32.897  5.661  40.645 0.0000000000
109855  -32.857  5.433  39.962 0.0000000000
68796  -32.045  5.545  39.440 0.0000000000
68801  -31.499  5.601  38.429 0.0000000000
68795  -31.123  5.853  39.357 0.0000000000
70481  -29.245  7.027  38.602 0.0000000000
69658  -29.416  6.663  37.683 0.0000000000
70490  -28.837  7.160  37.855 0.0000000000
70488  -27.653  7.932  36.742 0.0000000000
71257  -27.362  8.238  37.549 0.0000000000
65028  -27.250  2.054  57.598 0.0000000000
65027  -26.820  1.992  57.944 0.0000000000
65020  -27.152  1.509  58.221 0.0000000000
63023  -27.217  -0.354  59.745 0.0000000000
62105  -27.084  -0.951  60.253 0.0000000000
62104  -26.450  -1.192  60.502 0.0000000000
61288  -27.051  -1.932  60.244 0.0000000000
61297  -28.924  -2.611  58.846 0.0000000000
61303  -28.759  -1.963  58.548 0.0000000000
60377  -28.432  -3.232  59.063 0.0000000000
121960  -26.952  -4.512  58.839 0.0000000000
59502  -26.160  -4.602  58.803 0.0000000000
60375  -25.990  -3.867  59.381 0.0000000000
58640  -25.030  -5.115  58.099 0.0000000000
58663  -31.610  -5.420  57.696 0.0000000000
57801  -31.106  -6.176  57.330 0.0000000000
71247  -27.780  8.117  38.400 0.0000000000
122902  -29.461  9.730  40.576 0.0000000000
72000  -28.681  9.757  40.293 0.0000000000
72789  -28.455  10.571  40.689 0.0000000000
72780  -28.984  11.098  41.263 0.0000000000
72778  -32.327  10.904  43.128 0.0000000000
72767  -32.214  10.867  43.639 0.0000000000
71979  -30.888  10.116  43.825 0.0000000000
71984  -31.494  10.969  43.608 0.0000000000
72765  -31.018  11.443  43.309 0.0000000000
73634  -30.391  11.739  43.135 0.0000000000
72761  -30.551  10.930  43.720 0.0000000000
68719  -29.845  5.787  44.377 0.0000000000
116092  -29.269  5.127  44.158 0.0000000000
68678  -32.261  5.291  49.951 0.0000000000
113031  -31.741  3.728  48.879 0.0000000000
112251  -31.577  3.960  48.125 0.0000000000
66987  -31.474  3.285  48.151 0.0000000000
62226  -32.442  -0.517  49.962 0.0000000000
121102  -32.355  0.272  49.659 0.0000000000
63112  -31.773  -0.393  49.293 0.0000000000
64156  -30.809  0.349  48.163 0.0000000000
65113  -30.877  1.122  47.931 0.0000000000
65118  -30.886  1.885  47.524 0.0000000000
66986  -31.124  2.820  47.365 0.0000000000
66085  -30.527  2.366  46.643 0.0000000000
65124  -30.281  1.528  46.784 0.0000000000
64179  -29.293  0.880  45.757 0.0000000000
65130  -28.932  1.581  45.098 0.0000000000
66114  -28.778  2.445  44.498 0.0000000000
64187  -28.293  0.833  44.621 0.0000000000
65142  -27.816  1.050  44.130 0.0000000000
64178  -28.204  -0.009  44.950 0.0000000000
62237  -27.829  -2.024  48.660 0.0000000000
62267  -27.319  -1.490  46.730 0.0000000000
128691  -27.169  -1.824  48.220 0.0000000000
63120  -26.334  -1.348  48.383 0.0000000000
62220  -26.827  -1.519  50.031 0.0000000000
62178  -28.995  -2.266  52.967 0.0000000000
112998  -28.534  -2.201  52.307 0.0000000000
62164  -28.418  -2.063  53.658 0.0000000000
63074  -27.532  -0.769  54.054 0.0000000000
118770  -27.286  -1.052  53.364 0.0000000000
63084  -26.918  -0.757  52.679 0.0000000000
119738  -26.717  0.130  52.629 0.0000000000
64114  -27.508  0.347  54.176 0.0000000000
64091  -27.749  1.278  56.843 0.0000000000
65041  -27.579  2.037  56.289 0.0000000000
65949  -27.367  2.719  56.577 0.0000000000
73871  -57.219  12.365  23.365 0.0000000000
75577  -57.469  13.933  24.876 0.0000000000
75578  -57.908  13.871  24.246 0.0000000000
77171  -58.410  15.422  24.633 0.0000000000
76357  -56.698  14.599  26.629 0.0000000000
75556  -56.511  14.322  26.263 0.0000000000
77146  -56.686  15.075  26.747 0.0000000000
78692  -55.757  17.322  26.202 0.0000000000
77895  -56.388  17.089  26.185 0.0000000000
78700  -55.986  17.313  25.566 0.0000000000
77905  -56.796  17.349  25.327 0.0000000000
78699  -55.717  17.405  25.352 0.0000000000
78698  -55.341  17.461  25.175 0.0000000000
123627  -55.347  17.666  25.649 0.0000000000
123347  -55.411  13.192  30.317 0.0000000000
77833  -53.926  16.035  30.556 0.0000000000
77121  -54.952  15.267  30.225 0.0000000000
121484  -53.901  16.422  29.595 0.0000000000
77119  -51.191  15.808  30.367 0.0000000000
77120  -52.099  16.054  30.847 0.0000000000
77848  -51.708  16.502  30.241 0.0000000000
78654  -50.736  17.727  29.335 0.0000000000
78655  -51.671  17.557  29.226 0.0000000000
78656  -52.469  17.576  29.237 0.0000000000
78665  -52.222  18.064  28.585 0.0000000000
72969  -56.893  11.264  23.157 0.0000000000
72156  -57.164  10.711  22.778 0.0000000000
67830  -11.005  4.262  47.140 0.0000000000
66981  -9.600  3.195  47.304 0.0000000000
66055  -9.880  3.129  47.952 0.0000000000
66054  -8.532  2.654  48.771 0.0000000000
66035  -6.888  2.981  49.287 0.0000000000
66034  -6.029  3.134  49.113 0.0000000000
66958  -6.338  3.192  49.900 0.0000000000
66009  -8.507  2.773  51.367 0.0000000000
66024  -8.411  2.775  50.434 0.0000000000
66930  -5.141  3.129  51.361 0.0000000000
66946  -4.475  3.211  50.805 0.0000000000
66927  -3.169  3.130  51.290 0.0000000000
66928  -3.974  2.444  51.609 0.0000000000
114707  -2.221  1.455  52.753 0.0000000000
66870  -9.217  3.146  55.590 0.0000000000
66882  -9.101  2.979  54.672 0.0000000000
65954  -8.503  2.731  55.297 0.0000000000
66881  -6.552  1.501  55.007 0.0000000000
130783  -6.217  1.469  54.337 0.0000000000
66865  -5.363  1.286  55.382 0.0000000000
65022  -4.090  0.991  57.527 0.0000000000
65931  -4.563  1.141  57.068 0.0000000000
65030  -3.715  1.116  56.774 0.0000000000
65940  -3.661  0.916  55.878 0.0000000000
65036  -3.044  1.310  55.419 0.0000000000
65950  -3.704  0.911  54.965 0.0000000000
65042  -3.137  1.304  54.575 0.0000000000
75358  -13.689  13.955  48.259 0.0000000000
121963  -13.837  14.668  48.341 0.0000000000
76169  -13.082  14.429  48.315 0.0000000000
75346  -11.129  13.704  49.679 0.0000000000
76154  -11.302  14.382  49.237 0.0000000000
114081  -10.846  15.098  49.381 0.0000000000
76937  -10.604  15.777  49.756 0.0000000000
126443  -10.465  15.081  50.120 0.0000000000
74471  -11.605  12.273  52.762 0.0000000000
117358  -11.052  12.510  52.110 0.0000000000
74470  -10.687  13.101  52.368 0.0000000000
121003  -10.093  14.988  52.581 0.0000000000
76923  -10.113  15.621  52.018 0.0000000000
77645  -10.283  16.309  51.257 0.0000000000
77638  -10.264  16.545  52.454 0.0000000000
78397  -10.977  17.996  52.517 0.0000000000
78389  -10.599  17.392  52.944 0.0000000000
78386  -11.469  18.284  54.051 0.0000000000
79124  -11.895  18.621  54.662 0.0000000000
114618  -16.636  11.271  57.374 0.0000000000
73543  -15.305  11.446  56.457 0.0000000000
73536  -15.741  11.596  57.341 0.0000000000
74448  -13.868  12.656  57.699 0.0000000000
74453  -13.718  12.279  56.811 0.0000000000
75309  -12.606  12.776  56.930 0.0000000000
75313  -12.407  12.707  56.247 0.0000000000
75289  -12.237  14.004  59.521 0.0000000000
75295  -12.890  13.530  59.075 0.0000000000
76901  -10.555  15.774  58.009 0.0000000000
124155  -10.855  14.722  57.788 0.0000000000
76904  -10.574  15.083  56.975 0.0000000000
76113  -10.883  14.151  57.008 0.0000000000
76906  -10.348  16.076  55.920 0.0000000000
77627  -10.525  16.785  56.428 0.0000000000
78370  -11.469  18.419  57.261 0.0000000000
78375  -11.267  17.892  56.603 0.0000000000
79122  -12.491  18.822  56.269 0.0000000000
79839  -13.019  19.401  56.764 0.0000000000
79113  -12.401  19.230  57.344 0.0000000000
80430  -12.176  20.530  57.997 0.0000000000
80440  -11.396  21.075  57.699 0.0000000000
79104  -9.849  18.241  60.137 0.0000000000
79823  -10.194  18.701  59.758 0.0000000000
79825  -9.927  19.291  59.154 0.0000000000
80428  -9.805  20.453  58.095 0.0000000000
81059  -10.716  21.475  57.123 0.0000000000
81058  -9.742  21.720  56.943 0.0000000000
81067  -8.488  22.061  55.787 0.0000000000
81655  -7.892  23.040  55.629 0.0000000000
81066  -7.900  21.975  55.535 0.0000000000
81665  -7.262  22.852  55.534 0.0000000000
125869  -7.868  21.128  55.540 0.0000000000
79836  -7.342  19.186  56.238 0.0000000000
76900  -5.893  15.401  57.512 0.0000000000
77622  -6.203  16.222  57.439 0.0000000000
77621  -5.412  16.428  56.892 0.0000000000
77626  -4.656  16.555  56.256 0.0000000000
76899  -4.960  15.003  57.132 0.0000000000
76110  -4.929  14.122  56.746 0.0000000000
75306  -5.036  12.937  56.069 0.0000000000
130956  -4.684  13.274  55.619 0.0000000000
72664  -11.228  10.700  58.397 0.0000000000
128792  -10.486  11.021  58.345 0.0000000000
72662  -9.643  10.845  57.559 0.0000000000
131086  -9.119  10.950  57.229 0.0000000000
110580  -9.071  10.785  56.883 0.0000000000
71091  -11.039  9.186  54.896 0.0000000000
72670  -8.482  10.841  56.264 0.0000000000
72669  -7.730  11.045  55.883 0.0000000000
71892  -6.923  10.376  54.676 0.0000000000
127436  -6.669  10.856  55.044 0.0000000000
72684  -6.158  10.488  54.609 0.0000000000
72683  -5.444  10.641  54.495 0.0000000000
71116  -8.169  8.900  52.568 0.0000000000
71115  -7.497  9.081  52.801 0.0000000000
71121  -7.650  9.096  52.072 0.0000000000
70336  -11.312  7.203  51.714 0.0000000000
70349  -11.142  7.001  50.961 0.0000000000
70348  -10.429  7.513  50.620 0.0000000000
70361  -10.397  7.405  49.716 0.0000000000
70360  -9.662  7.913  49.317 0.0000000000
67821  -11.375  4.449  47.961 0.0000000000
69545  -11.267  5.977  47.848 0.0000000000
67831  -11.360  4.882  47.312 0.0000000000
67845  -11.166  4.902  46.777 0.0000000000
66183  -50.782  3.103  32.828 0.0000000000
67107  -51.246  3.827  32.697 0.0000000000
130574  -51.155  3.986  33.209 0.0000000000
68012  -50.589  4.032  33.801 0.0000000000
68006  -50.032  3.998  35.289 0.0000000000
116111  -49.528  6.702  36.137 0.0000000000
63274  -48.576  -1.009  37.547 0.0000000000
63286  -48.742  -0.742  36.911 0.0000000000
65212  -51.176  1.877  38.387 0.0000000000
66161  -51.533  2.348  37.968 0.0000000000
66166  -51.043  2.085  37.253 0.0000000000
120268  -51.834  3.068  37.939 0.0000000000
67955  -51.708  4.545  39.508 0.0000000000
67938  -51.878  4.195  39.635 0.0000000000
68807  -52.047  5.459  39.188 0.0000000000
68818  -52.277  5.926  38.805 0.0000000000
69662  -51.846  6.215  38.059 0.0000000000
72032  -50.282  10.045  38.119 0.0000000000
71276  -51.286  8.705  38.025 0.0000000000
72046  -50.537  9.438  37.652 0.0000000000
71274  -49.712  9.330  36.721 0.0000000000
72844  -49.297  10.937  37.075 0.0000000000
123693  -48.834  11.412  37.068 0.0000000000
73691  -48.227  11.678  38.297 0.0000000000
73707  -48.084  12.045  37.901 0.0000000000
73706  -46.829  12.467  38.251 0.0000000000
74596  -46.228  12.545  38.641 0.0000000000
73690  -46.446  12.301  38.928 0.0000000000
118359  -47.481  10.411  38.711 0.0000000000
65149  -43.088  2.190  44.068 0.0000000000
65150  -44.055  2.075  44.121 0.0000000000
66106  -45.700  2.584  44.704 0.0000000000
116925  -45.437  1.827  44.291 0.0000000000
66123  -46.554  2.719  44.540 0.0000000000
67033  -47.097  3.327  44.298 0.0000000000
126737  -45.590  5.673  43.536 0.0000000000
67890  -46.450  4.505  42.896 0.0000000000
67891  -47.183  3.901  42.541 0.0000000000
67052  -48.109  3.456  42.207 0.0000000000
67051  -47.209  3.714  41.512 0.0000000000
115935  -46.243  3.512  38.820 0.0000000000
67067  -46.827  3.540  39.548 0.0000000000
67079  -46.610  3.587  37.962 0.0000000000
67087  -45.848  3.730  37.384 0.0000000000
114510  -39.181  4.706  39.889 0.0000000000
67909  -39.654  4.694  40.568 0.0000000000
126017  -39.545  4.628  39.261 0.0000000000
67965  -39.986  4.488  37.279 0.0000000000
67950  -40.570  4.559  38.031 0.0000000000
67951  -41.817  4.444  38.520 0.0000000000
116507  -41.529  4.459  37.790 0.0000000000
68842  -41.600  5.104  35.000 0.0000000000
67984  -42.182  4.464  36.500 0.0000000000
67969  -43.685  4.241  37.222 0.0000000000
67985  -43.666  4.402  36.463 0.0000000000
68004  -44.672  4.983  35.722 0.0000000000
68846  -45.204  5.702  35.627 0.0000000000
120994  -45.472  5.052  35.886 0.0000000000
69679  -45.648  6.405  35.817 0.0000000000
65013  -13.700  1.722  58.351 0.0000000000
64071  -13.817  1.311  57.913 0.0000000000
63034  -12.639  0.046  57.134 0.0000000000
64079  -12.561  0.616  57.704 0.0000000000
63033  -12.039  -0.096  57.406 0.0000000000
63032  -11.343  -0.336  57.758 0.0000000000
62125  -10.799  -1.135  57.400 0.0000000000
63055  -12.861  -1.059  54.853 0.0000000000
63049  -13.191  -0.390  55.609 0.0000000000
60399  -10.570  -3.352  56.905 0.0000000000
61313  -10.737  -2.491  56.344 0.0000000000
130875  -10.322  -2.669  56.876 0.0000000000
61307  -10.040  -2.699  57.532 0.0000000000
60381  -9.872  -3.116  58.391 0.0000000000
60367  -9.810  -3.349  59.248 0.0000000000
60382  -10.247  -3.840  58.650 0.0000000000
59481  -11.782  -4.470  60.498 0.0000000000
129346  -11.531  -4.476  61.090 0.0000000000
125992  -11.438  -4.596  61.664 0.0000000000
114930  -17.093  -2.455  53.323 0.0000000000
61362  -16.519  -2.493  52.771 0.0000000000
109593  -16.731  -2.716  54.146 0.0000000000
60405  -16.076  -3.223  56.610 0.0000000000
60404  -15.399  -3.654  56.174 0.0000000000
60403  -14.592  -3.877  55.936 0.0000000000
60391  -14.811  -3.949  57.337 0.0000000000
61293  -16.235  -3.035  60.155 0.0000000000
61292  -16.122  -3.031  59.274 0.0000000000
60357  -15.735  -3.640  60.499 0.0000000000
60356  -15.027  -3.943  60.257 0.0000000000
59494  -14.283  -4.136  59.944 0.0000000000
59511  -14.120  -4.141  59.118 0.0000000000
124418  -13.660  -4.297  59.555 0.0000000000
59493  -13.488  -4.392  60.256 0.0000000000
110167  -13.617  -4.645  60.993 0.0000000000
59452  -13.029  -5.354  62.945 0.0000000000
59451  -12.098  -5.087  63.210 0.0000000000
58613  -11.866  -6.034  64.050 0.0000000000
113661  -12.778  -6.069  63.917 0.0000000000
56768  -13.968  -7.852  64.378 0.0000000000
65009  -26.112  1.091  59.014 0.0000000000
65008  -25.381  0.916  58.874 0.0000000000
62102  -23.961  -1.265  60.475 0.0000000000
117737  -23.515  -0.835  60.260 0.0000000000
63006  -22.841  -0.838  60.225 0.0000000000
59498  -23.172  -4.142  58.809 0.0000000000
59496  -21.447  -4.104  59.712 0.0000000000
60352  -21.910  -2.833  60.767 0.0000000000
61275  -21.281  -2.630  61.044 0.0000000000
59486  -21.098  -4.044  60.684 0.0000000000
126366  -19.501  -5.359  59.816 0.0000000000
58632  -19.852  -4.950  60.280 0.0000000000
58631  -19.051  -5.450  60.357 0.0000000000
77647  -18.180  16.687  52.602 0.0000000000
78399  -18.117  17.359  52.317 0.0000000000
77646  -17.615  16.455  51.906 0.0000000000
76933  -16.763  15.809  51.075 0.0000000000
76934  -17.616  15.715  51.599 0.0000000000
72012  -25.682  9.781  38.190 0.0000000000
72003  -25.324  10.102  38.774 0.0000000000
73666  -25.501  10.685  40.743 0.0000000000
72793  -24.875  10.509  39.428 0.0000000000
73665  -24.587  10.826  40.315 0.0000000000
111843  -24.131  11.052  41.019 0.0000000000
73624  -27.784  12.248  44.248 0.0000000000
116195  -26.611  11.641  42.967 0.0000000000
73631  -26.892  12.032  43.772 0.0000000000
73629  -24.785  11.493  43.576 0.0000000000
73643  -25.018  11.101  42.807 0.0000000000
73642  -24.031  11.327  42.930 0.0000000000
74559  -22.497  12.226  42.768 0.0000000000
74549  -23.290  11.800  43.259 0.0000000000
115463  -23.458  12.456  44.969 0.0000000000
74537  -23.798  12.583  45.730 0.0000000000
74536  -22.950  12.945  45.345 0.0000000000
74530  -24.019  12.851  46.584 0.0000000000
68733  -26.416  4.806  43.428 0.0000000000
68716  -26.703  5.501  43.732 0.0000000000
68715  -26.095  6.131  43.871 0.0000000000
132307  -26.579  8.458  45.829 0.0000000000
70413  -26.554  7.922  45.375 0.0000000000
71178  -27.278  9.028  46.865 0.0000000000
71163  -27.810  9.172  47.460 0.0000000000
113943  -24.146  8.820  45.413 0.0000000000
71196  -25.091  8.674  45.603 0.0000000000
71963  -25.312  9.552  46.938 0.0000000000
71935  -27.707  10.051  49.873 0.0000000000
71942  -27.462  9.560  48.948 0.0000000000
72719  -28.433  10.461  49.841 0.0000000000
72728  -28.714  10.408  49.120 0.0000000000
73596  -28.342  12.001  49.059 0.0000000000
74512  -27.684  12.405  48.430 0.0000000000
74511  -27.136  12.757  48.774 0.0000000000
127991  -26.110  13.253  49.165 0.0000000000
75366  -25.464  13.184  48.474 0.0000000000
75364  -23.759  13.586  47.671 0.0000000000
75365  -24.342  13.626  48.587 0.0000000000
76180  -23.325  14.150  48.133 0.0000000000
76175  -24.507  13.919  49.590 0.0000000000
76139  -24.951  13.776  51.806 0.0000000000
76149  -24.143  14.489  50.882 0.0000000000
76138  -24.238  14.348  51.871 0.0000000000
76928  -23.374  14.801  51.987 0.0000000000
76129  -23.661  14.241  52.384 0.0000000000
73583  -22.769  12.042  49.701 0.0000000000
111771  -22.798  12.439  50.697 0.0000000000
116371  -22.286  12.618  50.044 0.0000000000
75342  -21.618  13.571  50.916 0.0000000000
75343  -22.172  13.540  51.544 0.0000000000
75331  -21.485  14.167  51.708 0.0000000000
76137  -21.498  14.601  52.299 0.0000000000
76136  -20.671  14.829  52.185 0.0000000000
76148  -20.341  14.518  51.449 0.0000000000
75348  -17.732  14.134  49.840 0.0000000000
76159  -18.527  14.430  50.482 0.0000000000
76157  -16.374  14.474  50.274 0.0000000000
76172  -15.773  14.097  49.536 0.0000000000
74517  -15.533  12.462  47.278 0.0000000000
73599  -14.792  11.902  47.521 0.0000000000
73590  -13.661  11.848  48.343 0.0000000000
73591  -14.347  11.545  48.016 0.0000000000
71957  -16.682  9.745  46.875 0.0000000000
122141  -16.248  10.335  47.101 0.0000000000
71947  -16.122  9.870  47.730 0.0000000000
71933  -15.712  9.772  49.672 0.0000000000
72716  -15.306  10.198  49.197 0.0000000000
72711  -15.052  10.271  50.039 0.0000000000
72705  -14.422  10.520  51.486 0.0000000000
72706  -15.059  10.122  51.111 0.0000000000
71920  -16.422  9.338  52.912 0.0000000000
71919  -15.814  9.765  52.538 0.0000000000
71914  -16.571  9.622  53.859 0.0000000000
71915  -17.467  9.283  54.299 0.0000000000
68676  -20.400  5.358  49.657 0.0000000000
68682  -19.248  5.483  48.591 0.0000000000
68663  -19.943  5.852  50.158 0.0000000000
69503  -20.881  6.737  51.532 0.0000000000
69521  -19.463  6.323  50.695 0.0000000000
69502  -19.916  6.670  51.448 0.0000000000
69501  -18.909  6.829  51.304 0.0000000000
131627  -19.571  7.111  51.938 0.0000000000
68629  -23.276  6.382  54.455 0.0000000000
70311  -23.297  7.685  54.360 0.0000000000
116594  -21.910  8.148  54.613 0.0000000000
70318  -21.624  8.138  53.834 0.0000000000
70317  -20.439  7.898  53.657 0.0000000000
70329  -19.771  7.411  52.796 0.0000000000
129056  -19.492  7.744  53.534 0.0000000000
71114  -19.797  8.062  54.257 0.0000000000
71097  -20.800  8.417  56.108 0.0000000000
71096  -19.582  8.781  55.536 0.0000000000
71899  -19.637  9.270  56.317 0.0000000000
71889  -19.010  9.833  56.733 0.0000000000
71900  -20.294  8.951  56.634 0.0000000000
68616  -21.426  6.567  57.473 0.0000000000
69464  -21.342  7.496  58.004 0.0000000000
69466  -21.118  6.834  58.041 0.0000000000
68611  -20.271  6.354  58.583 0.0000000000
68614  -20.048  5.461  58.144 0.0000000000
66873  -18.749  3.463  55.232 0.0000000000
123332  -17.463  3.066  56.671 0.0000000000
67752  -18.766  3.828  57.001 0.0000000000
66845  -17.944  3.374  57.417 0.0000000000
66846  -18.526  3.847  57.803 0.0000000000
111561  -18.015  3.642  58.428 0.0000000000
65928  -17.265  3.071  58.331 0.0000000000
65015  -15.048  1.949  58.409 0.0000000000
65925  -14.916  2.087  58.882 0.0000000000
115531  -58.005  13.340  23.346 0.0000000000
74775  -58.165  12.978  22.882 0.0000000000
75597  -58.253  13.709  22.967 0.0000000000
123550  -52.869  5.209  32.227 0.0000000000
68868  -52.739  5.472  32.513 0.0000000000
71319  -52.855  8.021  32.767 0.0000000000
71318  -51.500  8.083  32.621 0.0000000000
70535  -49.192  6.965  33.399 0.0000000000
70538  -49.699  7.488  32.736 0.0000000000
127955  -49.483  9.541  31.780 0.0000000000
72092  -49.898  8.963  32.110 0.0000000000
72105  -50.375  9.908  32.060 0.0000000000
72911  -50.339  10.901  31.815 0.0000000000
73795  -47.773  11.761  30.260 0.0000000000
67050  -2.888  4.152  40.483 0.0000000000
67902  -2.527  3.928  39.342 0.0000000000
67055  -2.546  2.980  39.416 0.0000000000
64230  -4.765  0.622  40.763 0.0000000000
65196  -4.739  1.190  40.122 0.0000000000
64246  -5.773  0.764  39.761 0.0000000000
128934  -7.749  2.593  47.187 0.0000000000
66081  -8.345  2.794  46.623 0.0000000000
66067  -6.292  2.626  47.657 0.0000000000
66065  -4.403  2.722  47.350 0.0000000000
65005  -12.490  1.819  58.211 0.0000000000
63003  -9.614  0.454  59.495 0.0000000000
64053  -10.290  1.092  59.067 0.0000000000
115407  -9.584  0.953  59.634 0.0000000000
61270  -8.544  -2.602  61.578 0.0000000000
61269  -8.213  -1.731  61.239 0.0000000000
62995  -7.105  -0.979  62.267 0.0000000000
64044  -6.850  -0.352  62.011 0.0000000000
64048  -6.274  0.154  61.786 0.0000000000
130925  -6.176  -0.431  62.261 0.0000000000
62083  -4.897  -1.755  63.435 0.0000000000
62993  -5.006  -0.756  62.570 0.0000000000
62082  -4.573  -1.250  62.958 0.0000000000
62992  -4.209  -1.128  62.499 0.0000000000
76953  -13.154  15.460  47.983 0.0000000000
77676  -13.390  16.034  47.596 0.0000000000
79186  -13.562  18.723  47.636 0.0000000000
119604  -13.925  17.877  47.178 0.0000000000
79905  -13.753  19.523  47.415 0.0000000000
79873  -13.159  20.162  50.447 0.0000000000
79885  -13.063  19.790  49.775 0.0000000000
80487  -13.295  20.614  49.829 0.0000000000
82282  -13.135  23.192  54.718 0.0000000000
82284  -12.956  23.016  53.945 0.0000000000
82943  -12.942  23.922  54.457 0.0000000000
84247  -13.198  26.868  53.047 0.0000000000
83607  -12.384  25.442  52.725 0.0000000000
84246  -12.695  26.257  52.417 0.0000000000
83614  -12.273  25.640  51.770 0.0000000000
82279  -6.593  23.640  55.519 0.0000000000
126631  -6.075  24.252  55.532 0.0000000000
81654  -5.929  23.613  55.263 0.0000000000
81653  -5.401  23.095  54.890 0.0000000000
82269  -5.193  24.277  55.150 0.0000000000
82928  -4.548  25.047  55.442 0.0000000000
82268  -4.692  24.531  54.954 0.0000000000
80434  -4.535  20.331  54.465 0.0000000000
81062  -3.765  22.201  53.880 0.0000000000
81662  -3.841  23.038  54.028 0.0000000000
82278  -3.947  24.543  54.529 0.0000000000
82939  -3.609  24.589  54.465 0.0000000000
83596  -2.855  24.859  54.899 0.0000000000
82942  -3.351  24.661  54.091 0.0000000000
82945  -3.428  23.865  52.533 0.0000000000
124449  -3.419  24.644  53.208 0.0000000000
129535  -3.417  24.644  52.355 0.0000000000
83605  -3.273  25.495  52.319 0.0000000000
75314  -3.420  13.280  53.701 0.0000000000
75315  -3.894  13.783  54.039 0.0000000000
76121  -4.132  14.159  53.979 0.0000000000
77634  -5.466  16.028  53.557 0.0000000000
79128  -5.397  17.835  53.333 0.0000000000
78388  -6.488  17.436  52.042 0.0000000000
79856  -5.423  19.462  52.302 0.0000000000
79855  -4.869  19.891  52.504 0.0000000000
80456  -3.986  21.110  52.373 0.0000000000
80463  -3.779  21.567  51.996 0.0000000000
81681  -3.930  23.044  51.354 0.0000000000
82292  -3.821  23.760  51.527 0.0000000000
83610  -3.801  25.000  51.857 0.0000000000
83611  -3.987  25.127  51.771 0.0000000000
83612  -4.298  25.149  51.666 0.0000000000
83620  -5.092  24.881  51.380 0.0000000000
84256  -5.081  25.942  51.517 0.0000000000
83621  -5.738  25.268  51.177 0.0000000000
84903  -5.945  27.132  50.926 0.0000000000
81707  -6.015  22.274  49.195 0.0000000000
82319  -5.964  22.780  49.272 0.0000000000
82320  -6.193  22.777  48.636 0.0000000000
82971  -6.851  24.272  49.399 0.0000000000
84267  -7.264  26.465  50.044 0.0000000000
84272  -7.865  26.103  49.252 0.0000000000
84920  -7.783  27.774  48.740 0.0000000000
131706  -8.063  26.982  48.831 0.0000000000
84295  -9.271  26.256  46.993 0.0000000000
84283  -8.961  26.821  47.740 0.0000000000
84284  -9.379  27.311  47.013 0.0000000000
85528  -9.297  28.476  46.188 0.0000000000
84939  -9.572  27.758  46.251 0.0000000000
84951  -9.816  27.352  45.520 0.0000000000
83025  -8.562  24.143  45.784 0.0000000000
83674  -9.627  25.532  45.584 0.0000000000
83036  -9.571  24.151  44.482 0.0000000000
83035  -8.881  23.802  45.065 0.0000000000
81754  -6.530  21.403  45.788 0.0000000000
81755  -6.508  21.774  45.309 0.0000000000
81140  -6.652  21.400  44.489 0.0000000000
81769  -7.412  21.807  44.141 0.0000000000
81153  -8.061  21.305  43.630 0.0000000000
81154  -9.131  21.616  43.434 0.0000000000
79950  -6.524  18.693  42.912 0.0000000000
79951  -7.112  19.353  42.839 0.0000000000
79276  -7.403  18.788  42.436 0.0000000000
79277  -8.256  18.780  42.213 0.0000000000
76950  -5.197  14.622  46.075 0.0000000000
76960  -5.233  15.286  45.521 0.0000000000
118715  -4.435  14.883  44.601 0.0000000000
77681  -4.998  15.632  44.867 0.0000000000
77690  -4.912  15.853  44.387 0.0000000000
115940  -4.835  16.007  44.051 0.0000000000
74546  -4.289  12.921  44.100 0.0000000000
126396  -4.282  12.958  43.747 0.0000000000
76197  -4.634  14.917  43.443 0.0000000000
75394  -4.346  14.144  43.667 0.0000000000
77703  -4.973  16.052  43.519 0.0000000000
78472  -5.689  17.127  43.155 0.0000000000
77704  -5.305  16.356  43.142 0.0000000000
76976  -6.658  15.410  42.225 0.0000000000
76984  -6.370  16.091  42.193 0.0000000000
76985  -7.151  15.895  41.879 0.0000000000
77715  -7.579  16.520  41.653 0.0000000000
76986  -8.200  15.657  41.706 0.0000000000
74554  -8.412  12.698  42.735 0.0000000000
75398  -8.649  13.710  42.450 0.0000000000
73638  -9.091  12.070  42.889 0.0000000000
130470  -9.659  12.200  42.787 0.0000000000
113208  -9.033  11.338  43.044 0.0000000000
71989  -7.117  9.350  42.520 0.0000000000
71991  -8.995  9.282  42.720 0.0000000000
58678  -37.334  -5.411  54.365 0.0000000000
61339  -37.718  -2.677  54.505 0.0000000000
60435  -38.252  -3.523  54.392 0.0000000000
69715  -53.897  6.711  32.141 0.0000000000
66827  -13.166  3.733  59.367 0.0000000000
66826  -12.386  3.632  59.228 0.0000000000
67720  -16.531  4.376  59.710 0.0000000000
66819  -15.868  3.873  59.597 0.0000000000
67727  -15.377  4.739  59.429 0.0000000000
70503  -28.725  7.663  35.840 0.0000000000
70504  -29.482  7.437  35.634 0.0000000000
71279  -28.497  8.344  35.375 0.0000000000
72066  -28.356  9.678  34.828 0.0000000000
72868  -28.812  10.437  34.678 0.0000000000
73753  -28.380  11.216  34.790 0.0000000000
73752  -27.535  11.161  35.024 0.0000000000
73735  -27.058  11.827  35.176 0.0000000000
65946  -24.310  2.420  55.928 0.0000000000
65033  -23.767  1.639  56.426 0.0000000000
65034  -24.544  2.099  56.883 0.0000000000
65016  -24.342  1.104  58.036 0.0000000000
73716  -24.834  11.541  36.066 0.0000000000
72834  -24.613  11.122  36.719 0.0000000000
116939  -27.832  2.893  54.704 0.0000000000
65972  -27.880  3.545  54.089 0.0000000000
66889  -27.706  4.073  54.293 0.0000000000
67768  -27.157  4.467  54.753 0.0000000000
67767  -26.579  4.577  54.637 0.0000000000
67760  -26.669  4.312  55.412 0.0000000000
124843  -24.849  3.214  55.849 0.0000000000
73000  -58.524  10.894  21.047 0.0000000000
73903  -58.651  11.264  21.057 0.0000000000
73888  -58.698  11.852  21.803 0.0000000000
67026  -8.542  3.902  44.435 0.0000000000
67857  -9.273  4.227  44.846 0.0000000000
77662  -16.592  16.448  50.392 0.0000000000
77679  -16.816  16.525  47.601 0.0000000000
77670  -16.394  16.476  49.143 0.0000000000
77678  -15.845  16.215  48.172 0.0000000000
77677  -15.399  16.181  47.386 0.0000000000
109908  -8.618  23.946  56.183 0.0000000000
132134  -8.963  25.124  56.321 0.0000000000
83592  -8.298  25.652  56.181 0.0000000000
84867  -7.956  27.110  55.930 0.0000000000
85470  -8.131  28.248  55.214 0.0000000000
124817  -7.479  27.740  55.600 0.0000000000
84879  -6.714  27.864  55.561 0.0000000000
84878  -6.141  27.700  55.661 0.0000000000
84228  -5.643  26.796  55.984 0.0000000000
109873  -5.646  26.045  56.167 0.0000000000
69543  -10.059  6.817  47.039 0.0000000000
70393  -9.207  7.184  46.708 0.0000000000
69551  -8.927  6.833  45.858 0.0000000000
66989  -37.607  3.818  47.868 0.0000000000
66990  -38.479  4.138  47.593 0.0000000000
70353  -34.436  8.464  50.796 0.0000000000
71131  -34.997  8.777  50.542 0.0000000000
71140  -34.750  8.892  50.090 0.0000000000
71152  -34.938  9.188  49.346 0.0000000000
71165  -34.761  9.555  47.599 0.0000000000
71184  -35.031  9.583  47.037 0.0000000000
61317  -30.172  -2.644  56.475 0.0000000000
61311  -30.109  -2.600  57.265 0.0000000000
110844  -33.513  9.667  45.817 0.0000000000
70382  -32.824  7.787  47.249 0.0000000000
60430  -32.625  -3.504  54.099 0.0000000000
131669  -31.305  -3.256  54.458 0.0000000000
61334  -30.056  -2.638  54.708 0.0000000000
74708  -55.326  13.196  27.602 0.0000000000
75523  -55.639  13.541  29.031 0.0000000000
117472  -50.004  14.697  30.358 0.0000000000
73824  -53.058  12.007  26.393 0.0000000000
73838  -53.526  11.591  25.445 0.0000000000
73825  -53.967  12.245  25.913 0.0000000000
66914  -11.465  3.267  52.625 0.0000000000
65994  -10.213  2.829  52.528 0.0000000000
66913  -10.856  3.008  52.763 0.0000000000
65981  -10.355  3.063  53.310 0.0000000000
112180  -8.903  2.845  53.860 0.0000000000
64057  -3.781  0.300  59.643 0.0000000000
64056  -3.157  0.191  59.037 0.0000000000
125099  -15.126  10.507  53.937 0.0000000000
72692  -14.590  10.920  54.155 0.0000000000
73551  -14.403  11.335  55.122 0.0000000000
73507  -11.982  12.301  60.608 0.0000000000
74427  -11.921  13.239  60.938 0.0000000000
74426  -11.228  13.389  61.024 0.0000000000
75282  -10.988  14.173  61.345 0.0000000000
76887  -10.180  15.710  61.134 0.0000000000
76103  -9.855  14.772  60.812 0.0000000000
76102  -9.183  14.544  59.783 0.0000000000
69480  -13.757  6.261  53.476 0.0000000000
67772  -13.345  4.768  53.558 0.0000000000
68638  -13.042  5.396  52.092 0.0000000000
110431  -12.562  4.053  52.534 0.0000000000
66915  -12.025  3.620  52.420 0.0000000000
67953  -49.570  4.312  38.890 0.0000000000
69669  -47.896  6.870  37.452 0.0000000000
125320  -46.458  7.549  36.684 0.0000000000
69598  -42.832  7.338  44.046 0.0000000000
69618  -43.074  6.613  43.136 0.0000000000
68742  -42.061  6.258  42.781 0.0000000000
68771  -41.820  5.200  41.693 0.0000000000
64119  -15.272  0.625  52.324 0.0000000000
63080  -14.543  -0.644  52.409 0.0000000000
63089  -15.027  -0.541  51.594 0.0000000000
62184  -14.930  -1.400  51.921 0.0000000000
61345  -15.082  -2.683  53.070 0.0000000000
59474  -17.758  -4.124  61.380 0.0000000000
58622  -16.706  -6.035  61.963 0.0000000000
77689  -21.005  15.879  46.545 0.0000000000
76949  -22.198  15.168  48.239 0.0000000000
70415  -28.414  7.799  44.864 0.0000000000
111566  -27.804  7.076  44.726 0.0000000000
70414  -27.503  7.739  45.285 0.0000000000
114100  -20.580  6.311  44.428 0.0000000000
122713  -20.985  7.031  44.246 0.0000000000
69582  -20.294  6.796  44.546 0.0000000000
131814  -20.515  8.199  44.670 0.0000000000
71971  -20.961  9.634  45.418 0.0000000000
71192  -20.262  8.800  45.003 0.0000000000
71191  -19.317  8.663  45.198 0.0000000000
71190  -18.601  8.636  45.545 0.0000000000
71175  -18.052  8.221  45.894 0.0000000000
69554  -17.770  7.220  46.852 0.0000000000
69547  -18.155  6.361  47.928 0.0000000000
66027  -19.540  2.019  50.862 0.0000000000
66014  -19.767  2.635  51.367 0.0000000000
127301  -18.917  1.782  50.824 0.0000000000
66013  -18.850  2.364  51.330 0.0000000000
66012  -17.962  2.236  51.698 0.0000000000
109694  -17.820  2.558  52.647 0.0000000000
65995  -17.196  1.978  52.067 0.0000000000
125929  -16.174  1.323  52.099 0.0000000000
70530  -48.136  7.470  34.471 0.0000000000
68776  -4.173  5.703  40.015 0.0000000000
60342  -9.968  -4.172  62.605 0.0000000000
114002  -9.438  -3.766  62.293 0.0000000000
60337  -9.897  -4.384  63.166 0.0000000000
79857  -12.575  19.661  53.187 0.0000000000
79853  -13.102  20.196  53.265 0.0000000000
81073  -13.312  21.633  53.251 0.0000000000
81669  -12.665  22.790  53.276 0.0000000000
86627  -3.062  30.124  51.767 0.0000000000
86634  -3.411  30.530  51.087 0.0000000000
86073  -3.465  29.981  51.264 0.0000000000
86076  -3.589  30.492  50.655 0.0000000000
84900  -4.198  28.190  51.367 0.0000000000
76114  -4.096  14.626  55.291 0.0000000000
77628  -4.069  15.764  55.161 0.0000000000
76907  -4.061  14.714  54.980 0.0000000000
76908  -4.122  15.088  54.632 0.0000000000
78409  -7.589  17.905  49.473 0.0000000000
131532  -7.535  18.826  49.307 0.0000000000
79884  -7.283  19.526  49.049 0.0000000000
79895  -7.414  19.569  47.998 0.0000000000
79904  -7.397  19.475  46.931 0.0000000000
119637  -7.082  20.077  46.368 0.0000000000
79199  -7.416  18.794  46.671 0.0000000000
114593  -3.559  7.443  42.825 0.0000000000
71229  -5.266  8.246  41.941 0.0000000000
79960  -10.675  19.232  41.639 0.0000000000
79296  -11.314  18.887  41.119 0.0000000000
79309  -10.623  18.360  41.204 0.0000000000
78504  -10.588  17.471  40.797 0.0000000000
65099  -39.630  1.262  50.981 0.0000000000
64144  -39.628  0.506  50.922 0.0000000000
65076  -39.609  1.454  52.026 0.0000000000
65975  -37.541  1.856  54.224 0.0000000000
122063  -36.640  3.430  54.193 0.0000000000
67782  -36.249  4.576  54.168 0.0000000000
68637  -35.610  5.665  53.956 0.0000000000
67770  -35.404  4.597  54.321 0.0000000000
113991  -34.520  5.505  53.527 0.0000000000
68644  -34.178  5.766  52.808 0.0000000000
63114  -39.269  -0.690  49.859 0.0000000000
59542  -33.911  -4.440  56.256 0.0000000000
119936  -33.398  5.205  52.209 0.0000000000
67791  -34.059  4.804  52.944 0.0000000000
122386  -34.392  3.203  53.274 0.0000000000
66003  -34.424  2.564  52.993 0.0000000000
118869  -36.152  -3.053  54.768 0.0000000000
61337  -35.452  -2.364  54.380 0.0000000000
60432  -34.406  -3.292  54.623 0.0000000000
72920  -54.356  10.519  30.893 0.0000000000
72921  -55.002  10.463  31.381 0.0000000000
72912  -55.485  10.317  32.022 0.0000000000
72083  -55.021  9.686  33.397 0.0000000000
72888  -55.190  10.345  33.349 0.0000000000
72886  -54.032  10.639  33.534 0.0000000000
73769  -53.523  11.326  33.454 0.0000000000
130687  -52.465  12.560  32.735 0.0000000000
73775  -52.027  12.013  32.508 0.0000000000
67749  -11.511  4.115  56.549 0.0000000000
67748  -10.753  4.204  57.122 0.0000000000
67740  -10.064  4.150  57.659 0.0000000000
67739  -9.445  3.839  57.687 0.0000000000
66812  -9.335  2.718  59.305 0.0000000000
66822  -9.036  3.160  58.769 0.0000000000
65916  -8.656  2.667  59.126 0.0000000000
65915  -8.038  2.424  59.245 0.0000000000
65914  -7.309  2.172  59.283 0.0000000000
65903  -6.944  1.828  60.062 0.0000000000
64992  -5.693  0.980  60.528 0.0000000000
64988  -5.944  0.637  61.175 0.0000000000
71075  -20.014  8.907  59.154 0.0000000000
71878  -19.524  9.566  58.818 0.0000000000
71871  -19.053  9.222  59.730 0.0000000000
71066  -18.258  9.008  60.419 0.0000000000
70290  -17.006  8.021  59.640 0.0000000000
110771  -16.518  8.795  59.782 0.0000000000
71876  -15.334  9.551  59.690 0.0000000000
71874  -13.294  9.765  58.496 0.0000000000
67743  -14.051  4.995  57.280 0.0000000000
67751  -13.801  4.955  56.189 0.0000000000
68621  -14.265  5.429  55.430 0.0000000000
63182  -47.178  -0.011  42.068 0.0000000000
63197  -47.644  -0.060  41.635 0.0000000000
63183  -47.912  0.162  42.161 0.0000000000
66144  -49.733  2.351  41.375 0.0000000000
67906  -36.603  4.710  40.585 0.0000000000
67927  -36.897  4.853  39.853 0.0000000000
115160  -36.257  4.971  39.240 0.0000000000
126045  -35.229  5.197  38.265 0.0000000000
67961  -35.022  5.384  36.846 0.0000000000
121790  -31.572  8.723  34.506 0.0000000000
70517  -32.412  7.361  34.695 0.0000000000
121837  -32.306  8.825  34.512 0.0000000000
72070  -32.654  9.610  34.653 0.0000000000
63082  -20.744  -0.608  52.308 0.0000000000
62175  -20.138  -0.999  52.884 0.0000000000
63072  -20.822  -0.726  53.302 0.0000000000
63037  -21.089  -0.073  57.453 0.0000000000
111835  -20.672  -0.292  58.375 0.0000000000
63016  -20.255  -0.515  59.134 0.0000000000
62112  -19.894  -0.782  59.783 0.0000000000
114061  -19.130  -1.180  59.809 0.0000000000
61274  -20.451  -2.308  60.965 0.0000000000
63140  -26.037  -0.721  45.972 0.0000000000
64184  -25.832  0.288  44.504 0.0000000000
64176  -25.482  -0.059  45.404 0.0000000000
64169  -25.242  -0.124  46.414 0.0000000000
64175  -24.733  0.462  45.906 0.0000000000
66041  -25.606  2.718  49.580 0.0000000000
66059  -25.050  2.154  49.029 0.0000000000
66040  -24.923  3.037  49.264 0.0000000000
66057  -23.694  2.698  48.112 0.0000000000
66985  -22.952  2.988  47.859 0.0000000000
124725  -22.530  3.039  47.021 0.0000000000
66984  -22.308  3.302  47.694 0.0000000000
66973  -22.607  3.427  48.448 0.0000000000
67824  -22.141  3.877  49.008 0.0000000000
67816  -22.642  4.396  49.692 0.0000000000
67805  -24.228  5.310  50.437 0.0000000000
68655  -25.365  6.224  51.605 0.0000000000
65984  -24.376  2.790  53.458 0.0000000000
65999  -23.834  2.628  52.742 0.0000000000
65069  -22.653  1.690  52.140 0.0000000000
66017  -22.367  2.260  51.822 0.0000000000
64132  -21.990  1.145  51.871 0.0000000000
63083  -21.376  -0.116  52.072 0.0000000000
73725  -44.863  11.834  36.707 0.0000000000
128064  -58.631  8.356  17.430 0.0000000000
66109  -5.105  2.372  44.596 0.0000000000
66108  -4.152  2.220  43.988 0.0000000000
65137  -2.420  1.996  43.705 0.0000000000
81650  -12.948  22.683  57.846 0.0000000000
82266  -13.257  23.210  57.353 0.0000000000
82276  -13.202  23.968  57.481 0.0000000000
84881  -11.424  28.220  55.940 0.0000000000
127321  -11.794  28.827  55.476 0.0000000000
86040  -12.207  29.436  55.153 0.0000000000
86055  -12.568  30.090  54.869 0.0000000000
86601  -12.970  30.758  54.494 0.0000000000
86625  -12.637  31.187  53.340 0.0000000000
86610  -7.397  29.790  53.295 0.0000000000
87863  -4.985  32.406  52.709 0.0000000000
86038  -4.701  28.562  54.780 0.0000000000
86046  -4.103  29.157  54.332 0.0000000000
119318  -3.638  28.860  54.450 0.0000000000
86045  -3.216  29.461  54.069 0.0000000000
86595  -2.493  29.824  53.612 0.0000000000
85476  -2.109  28.449  53.881 0.0000000000
84884  -2.146  27.517  54.086 0.0000000000
72698  -4.812  10.620  52.781 0.0000000000
71917  -5.525  10.151  52.215 0.0000000000
116564  -4.840  10.895  51.710 0.0000000000
71938  -5.997  10.097  48.823 0.0000000000
71931  -5.600  10.361  49.261 0.0000000000
110455  -4.721  11.878  49.730 0.0000000000
73579  -4.637  11.806  48.847 0.0000000000
74514  -4.720  12.755  47.526 0.0000000000
72730  -4.238  11.110  47.341 0.0000000000
72742  -4.430  10.656  46.920 0.0000000000
70431  -6.357  7.220  44.558 0.0000000000
69604  -5.076  6.510  43.236 0.0000000000
81171  -10.555  21.567  42.718 0.0000000000
67020  -41.593  3.050  45.585 0.0000000000
67829  -41.513  5.437  48.097 0.0000000000
67839  -41.781  5.192  47.145 0.0000000000
68693  -42.294  5.952  47.886 0.0000000000
69550  -42.742  6.605  46.887 0.0000000000
70389  -42.342  7.381  47.145 0.0000000000
114245  -41.898  8.113  46.440 0.0000000000
67800  -39.837  4.680  51.266 0.0000000000
67801  -40.263  5.184  50.798 0.0000000000
68660  -40.214  5.982  51.111 0.0000000000
131411  -39.804  7.349  50.614 0.0000000000
71155  -37.345  8.481  48.910 0.0000000000
71168  -37.778  8.154  48.199 0.0000000000
71169  -38.702  7.958  48.005 0.0000000000
70385  -39.283  7.861  47.442 0.0000000000
70400  -39.832  7.838  46.812 0.0000000000
69613  -36.684  5.984  44.053 0.0000000000
68737  -36.194  5.769  43.403 0.0000000000
70459  -33.477  7.569  43.094 0.0000000000
69623  -33.795  6.548  42.579 0.0000000000
69622  -32.980  7.129  42.458 0.0000000000
69633  -31.828  6.611  40.975 0.0000000000
69651  -30.875  6.250  39.908 0.0000000000
69645  -30.569  6.703  40.029 0.0000000000
70477  -29.519  7.519  39.541 0.0000000000
70476  -28.889  7.642  39.100 0.0000000000
64077  -27.480  0.865  58.392 0.0000000000
125417  -27.813  0.576  57.795 0.0000000000
63038  -27.774  0.070  58.279 0.0000000000
63030  -27.758  -0.654  58.878 0.0000000000
59503  -28.544  -4.084  58.876 0.0000000000
58642  -27.598  -4.859  58.548 0.0000000000
58641  -26.417  -5.109  58.375 0.0000000000
58651  -25.907  -5.359  57.973 0.0000000000
71240  -28.330  8.121  39.135 0.0000000000
71241  -29.019  8.243  39.645 0.0000000000
121603  -29.223  9.014  40.186 0.0000000000
72791  -30.017  10.199  41.051 0.0000000000
70416  -31.755  7.971  45.152 0.0000000000
71980  -31.908  10.447  44.093 0.0000000000
111269  -31.546  8.619  44.565 0.0000000000
118466  -30.736  8.208  44.144 0.0000000000
67863  -30.142  4.266  45.114 0.0000000000
130020  -32.157  3.209  50.834 0.0000000000
66965  -31.915  4.006  50.297 0.0000000000
113434  -31.976  3.274  50.255 0.0000000000
66044  -32.155  2.619  49.854 0.0000000000
114586  -31.982  2.542  49.292 0.0000000000
62210  -31.758  -1.828  50.144 0.0000000000
127080  -31.147  -0.753  48.873 0.0000000000
63122  -30.728  -0.537  48.362 0.0000000000
64165  -30.387  0.546  47.536 0.0000000000
64172  -30.049  0.795  46.923 0.0000000000
124277  -29.843  -0.019  47.075 0.0000000000
63143  -29.149  -0.557  46.601 0.0000000000
63142  -28.354  -1.007  46.165 0.0000000000
62253  -28.706  -1.444  47.072 0.0000000000
62238  -28.580  -2.005  48.278 0.0000000000
62208  -28.326  -2.035  50.439 0.0000000000
63062  -27.904  -1.060  54.671 0.0000000000
63053  -27.880  -0.569  55.368 0.0000000000
63061  -27.628  -0.187  54.773 0.0000000000
64102  -27.645  0.737  54.936 0.0000000000
129815  -27.672  0.175  55.401 0.0000000000
128252  -27.847  0.536  56.573 0.0000000000
74761  -57.126  13.021  23.835 0.0000000000
126274  -57.567  14.306  25.319 0.0000000000
77145  -56.414  15.501  27.068 0.0000000000
77883  -55.755  16.904  26.945 0.0000000000
78684  -55.825  17.136  26.487 0.0000000000
78683  -55.496  17.550  26.538 0.0000000000
78690  -54.988  18.041  26.092 0.0000000000
79425  -55.098  18.032  26.520 0.0000000000
76306  -55.412  13.914  31.737 0.0000000000
76322  -55.196  14.530  31.067 0.0000000000
77101  -53.519  15.992  31.816 0.0000000000
77832  -53.125  16.739  31.550 0.0000000000
78639  -50.412  17.201  29.748 0.0000000000
72957  -54.983  10.981  24.029 0.0000000000
72150  -54.635  10.202  23.789 0.0000000000
72151  -55.464  10.572  23.747 0.0000000000
72154  -55.585  9.947  23.383 0.0000000000
72959  -56.223  11.344  23.820 0.0000000000
66056  -10.102  3.020  48.746 0.0000000000
66038  -9.381  2.718  49.209 0.0000000000
66037  -8.689  2.692  49.610 0.0000000000
66932  -6.973  3.116  51.736 0.0000000000
116719  -5.054  2.446  52.175 0.0000000000
116835  -4.545  1.955  52.086 0.0000000000
125482  -4.092  1.830  52.124 0.0000000000
65976  -3.668  1.198  53.351 0.0000000000
65054  -3.189  1.431  53.786 0.0000000000
110670  -8.231  2.667  56.521 0.0000000000
65953  -8.007  2.450  55.815 0.0000000000
66868  -7.499  2.191  56.276 0.0000000000
66867  -6.727  1.735  56.008 0.0000000000
66850  -5.544  1.405  56.255 0.0000000000
64078  -2.786  0.567  57.446 0.0000000000
113292  -2.975  1.285  56.913 0.0000000000
63031  -2.423  -0.069  56.957 0.0000000000
63040  -2.333  -0.217  56.277 0.0000000000
74504  -13.375  12.624  48.175 0.0000000000
75356  -12.370  13.643  48.671 0.0000000000
111517  -12.097  13.107  48.953 0.0000000000
74492  -11.590  12.939  49.610 0.0000000000
75339  -10.948  13.190  50.246 0.0000000000
75324  -10.763  13.196  53.204 0.0000000000
75320  -10.387  13.992  53.700 0.0000000000
76122  -10.027  14.963  53.514 0.0000000000
76912  -10.154  15.892  54.099 0.0000000000
77635  -10.431  16.829  53.586 0.0000000000
77632  -10.504  16.813  54.583 0.0000000000
78381  -10.933  17.483  55.115 0.0000000000
118538  -15.825  11.849  58.138 0.0000000000
126230  -15.114  12.103  57.868 0.0000000000
74449  -14.511  12.461  57.991 0.0000000000
76104  -11.072  15.352  60.150 0.0000000000
77624  -10.557  16.751  57.489 0.0000000000
130576  -11.055  17.948  57.458 0.0000000000
79112  -11.670  18.997  57.809 0.0000000000
79830  -10.973  19.595  58.386 0.0000000000
79103  -9.255  18.015  59.605 0.0000000000
79824  -9.139  18.885  58.433 0.0000000000
80427  -9.033  19.995  57.335 0.0000000000
80438  -8.728  20.383  56.464 0.0000000000
80447  -8.009  20.435  55.730 0.0000000000
79110  -7.201  17.976  57.037 0.0000000000
76106  -7.319  14.398  58.013 0.0000000000
76894  -6.770  15.909  57.992 0.0000000000
131491  -6.347  14.300  57.570 0.0000000000
76111  -5.636  14.599  57.406 0.0000000000
128166  -5.691  13.760  57.249 0.0000000000
73531  -6.179  12.045  56.146 0.0000000000
71880  -11.151  10.119  57.556 0.0000000000
71887  -10.976  9.861  56.569 0.0000000000
71886  -10.153  10.174  56.256 0.0000000000
71090  -10.066  9.613  54.848 0.0000000000
71102  -10.329  9.047  54.015 0.0000000000
71894  -8.401  10.113  54.882 0.0000000000
71904  -7.968  9.717  54.261 0.0000000000
71903  -7.280  9.784  54.237 0.0000000000
71912  -6.972  9.400  53.686 0.0000000000
113061  -8.018  9.125  53.219 0.0000000000
68661  -12.031  5.548  50.216 0.0000000000
69517  -11.652  6.307  50.535 0.0000000000
69526  -11.612  6.123  49.672 0.0000000000
113329  -11.817  4.869  48.633 0.0000000000
111866  -50.432  2.807  33.329 0.0000000000
66175  -49.956  2.682  35.089 0.0000000000
68829  -49.768  5.198  35.801 0.0000000000
69671  -50.609  6.637  37.009 0.0000000000
64264  -49.503  0.503  38.339 0.0000000000
64271  -50.265  1.105  38.220 0.0000000000
122067  -51.507  2.362  38.553 0.0000000000
113716  -51.796  7.266  39.332 0.0000000000
114395  -52.097  7.449  39.137 0.0000000000
70486  -52.065  7.961  39.050 0.0000000000
70494  -51.747  7.867  38.460 0.0000000000
71262  -51.672  8.554  38.838 0.0000000000
72021  -50.720  9.468  38.580 0.0000000000
72832  -49.699  10.748  38.061 0.0000000000
73730  -49.194  11.331  37.626 0.0000000000
73693  -49.260  11.265  38.097 0.0000000000
73692  -48.933  11.358  38.325 0.0000000000
72016  -45.810  10.545  38.931 0.0000000000
72815  -45.089  10.624  39.574 0.0000000000
66104  -44.300  2.875  44.877 0.0000000000
65134  -44.224  2.434  44.544 0.0000000000
66105  -44.999  3.017  44.953 0.0000000000
130758  -45.576  3.101  44.961 0.0000000000
125684  -44.566  5.534  41.826 0.0000000000
68774  -45.316  5.497  42.147 0.0000000000
112897  -45.062  5.110  41.603 0.0000000000
67901  -45.768  4.979  41.754 0.0000000000
67915  -46.176  4.297  41.236 0.0000000000
113203  -46.575  3.753  40.469 0.0000000000
67056  -45.642  4.009  40.430 0.0000000000
115147  -45.420  3.599  38.999 0.0000000000
118017  -45.167  3.763  37.639 0.0000000000
67948  -38.521  4.715  38.348 0.0000000000
67964  -38.978  4.577  37.407 0.0000000000
67981  -39.453  4.500  36.417 0.0000000000
67982  -40.470  4.469  36.358 0.0000000000
123382  -43.261  5.132  35.365 0.0000000000
65023  -14.468  1.514  57.804 0.0000000000
63043  -12.913  -0.209  56.491 0.0000000000
61320  -12.116  -2.514  55.140 0.0000000000
60400  -11.298  -3.308  56.183 0.0000000000
126907  -10.803  -4.013  57.482 0.0000000000
59519  -10.707  -4.222  58.226 0.0000000000
59508  -11.223  -4.482  58.581 0.0000000000
59491  -11.686  -4.503  59.405 0.0000000000
59492  -12.533  -4.457  60.054 0.0000000000
61331  -17.400  -2.263  54.764 0.0000000000
61330  -16.679  -2.674  55.171 0.0000000000
61321  -16.680  -2.686  56.140 0.0000000000
60393  -16.018  -3.111  57.503 0.0000000000
59471  -14.983  -4.693  61.275 0.0000000000
59470  -14.050  -4.883  61.407 0.0000000000
59453  -13.936  -5.733  62.508 0.0000000000
58614  -13.361  -6.427  63.924 0.0000000000
58615  -14.026  -6.598  63.533 0.0000000000
56771  -14.214  -7.415  64.128 0.0000000000
63009  -25.968  -0.544  60.485 0.0000000000
64054  -25.000  0.076  59.838 0.0000000000
63008  -25.225  -0.437  60.416 0.0000000000
131080  -24.690  -1.040  60.623 0.0000000000
61284  -23.647  -2.020  60.401 0.0000000000
58637  -22.821  -4.607  58.129 0.0000000000
58636  -21.943  -4.325  58.673 0.0000000000
57778  -20.237  -4.962  59.386 0.0000000000
131091  -19.507  -5.473  59.229 0.0000000000
79147  -18.677  18.264  52.129 0.0000000000
79136  -19.794  18.039  52.885 0.0000000000
76916  -18.794  16.489  53.096 0.0000000000
76925  -19.128  15.664  52.679 0.0000000000
72787  -26.858  10.425  40.497 0.0000000000
72794  -25.660  10.185  39.544 0.0000000000
72786  -26.023  10.444  40.293 0.0000000000
73654  -25.844  10.809  41.511 0.0000000000
73623  -27.052  12.325  44.586 0.0000000000
74545  -26.230  12.321  44.861 0.0000000000
73621  -24.491  11.863  44.317 0.0000000000
74544  -25.232  12.247  45.048 0.0000000000
115206  -25.088  5.052  43.178 0.0000000000
69609  -25.086  5.956  43.527 0.0000000000
70412  -25.568  8.022  45.132 0.0000000000
71949  -24.914  9.889  47.633 0.0000000000
72738  -25.417  10.016  48.530 0.0000000000
72712  -27.032  10.483  50.624 0.0000000000
73578  -27.995  11.580  50.599 0.0000000000
74499  -27.767  12.587  49.502 0.0000000000
74491  -27.787  12.448  50.306 0.0000000000
75353  -26.712  13.067  50.416 0.0000000000
74497  -26.133  13.303  49.963 0.0000000000
75352  -25.345  13.680  50.438 0.0000000000
117664  -26.092  13.354  50.768 0.0000000000
75334  -25.508  13.360  51.784 0.0000000000
75333  -24.860  13.544  52.143 0.0000000000
74522  -20.974  12.254  48.153 0.0000000000
126918  -21.865  12.702  49.598 0.0000000000
74507  -20.883  12.928  49.016 0.0000000000
75351  -20.997  13.502  50.029 0.0000000000
75340  -19.908  14.112  50.415 0.0000000000
75362  -18.171  13.684  48.763 0.0000000000
111460  -16.452  13.624  48.376 0.0000000000
116271  -16.863  13.221  47.604 0.0000000000
74518  -16.597  12.637  47.144 0.0000000000
73600  -15.539  11.467  47.228 0.0000000000
71149  -16.675  8.731  48.609 0.0000000000
119893  -16.297  9.362  48.377 0.0000000000
71934  -16.176  9.184  50.158 0.0000000000
71924  -15.675  9.723  51.615 0.0000000000
128145  -16.911  8.705  52.470 0.0000000000
126368  -17.457  8.564  53.000 0.0000000000
68652  -22.245  6.205  50.965 0.0000000000
68651  -21.293  6.200  51.013 0.0000000000
69504  -21.888  6.906  51.524 0.0000000000
69489  -21.481  7.449  52.152 0.0000000000
68627  -22.104  5.308  54.952 0.0000000000
69477  -23.030  6.982  54.948 0.0000000000
70306  -22.671  7.608  55.135 0.0000000000
125487  -21.834  8.049  55.143 0.0000000000
71108  -21.219  8.174  55.291 0.0000000000
71098  -21.373  7.997  55.914 0.0000000000
131422  -21.118  8.222  56.456 0.0000000000
71088  -20.925  8.526  56.947 0.0000000000
114355  -21.769  7.064  57.056 0.0000000000
110306  -17.260  2.685  55.055 0.0000000000
65956  -16.636  2.502  55.489 0.0000000000
65944  -16.683  2.677  56.603 0.0000000000
65935  -16.545  2.659  57.747 0.0000000000
65934  -15.844  2.339  57.136 0.0000000000
65024  -15.157  1.901  57.558 0.0000000000
77172  -58.639  15.121  23.994 0.0000000000
77188  -58.346  15.108  23.196 0.0000000000
77181  -58.117  15.889  23.544 0.0000000000
68014  -51.939  5.126  32.808 0.0000000000
69704  -52.427  5.729  32.704 0.0000000000
71315  -48.388  8.274  32.474 0.0000000000
71316  -49.307  8.219  32.384 0.0000000000
72909  -48.430  10.341  31.172 0.0000000000
73782  -48.080  11.054  30.778 0.0000000000
65194  -2.927  2.315  40.228 0.0000000000
66051  -5.687  2.896  48.329 0.0000000000
66050  -4.770  3.024  48.166 0.0000000000
112682  -3.913  3.120  47.978 0.0000000000
63015  -10.768  0.554  58.598 0.0000000000
64059  -11.014  1.096  58.421 0.0000000000
63002  -8.910  -0.256  60.168 0.0000000000
114455  -7.877  -2.355  62.676 0.0000000000
62085  -6.853  -1.525  62.938 0.0000000000
62994  -5.721  -0.788  62.639 0.0000000000
62991  -6.043  -1.267  63.045 0.0000000000
128459  -4.712  -2.314  63.651 0.0000000000
119944  -12.087  16.878  48.260 0.0000000000
77675  -12.739  16.784  47.806 0.0000000000
78419  -12.305  17.636  48.318 0.0000000000
128973  -12.669  18.205  48.267 0.0000000000
79172  -13.010  18.719  48.283 0.0000000000
81688  -13.048  21.993  50.056 0.0000000000
83604  -13.307  25.848  54.300 0.0000000000
84243  -13.533  26.688  54.070 0.0000000000
84892  -13.472  27.586  52.550 0.0000000000
86084  -4.919  30.195  48.495 0.0000000000
86090  -5.238  30.377  47.506 0.0000000000
81064  -6.677  21.511  55.317 0.0000000000
81056  -5.324  21.814  54.880 0.0000000000
79842  -4.492  18.911  54.352 0.0000000000
80443  -4.202  20.432  53.836 0.0000000000
110231  -3.598  22.559  53.589 0.0000000000
82281  -3.636  23.927  53.489 0.0000000000
82285  -3.330  23.151  52.018 0.0000000000
76913  -4.690  14.555  53.548 0.0000000000
79138  -6.281  19.121  51.637 0.0000000000
79137  -6.018  19.068  52.000 0.0000000000
79861  -5.700  19.894  51.553 0.0000000000
80465  -4.760  20.945  51.625 0.0000000000
81081  -4.017  21.874  51.659 0.0000000000
82959  -4.554  23.937  51.331 0.0000000000
82960  -4.751  23.991  51.213 0.0000000000
82961  -5.120  23.949  51.004 0.0000000000
82321  -6.341  22.970  48.151 0.0000000000
82985  -7.078  24.008  48.481 0.0000000000
83653  -7.845  24.679  48.127 0.0000000000
83643  -8.128  25.533  48.533 0.0000000000
83663  -8.942  25.168  46.838 0.0000000000
83664  -9.451  25.849  46.208 0.0000000000
83016  -8.294  24.359  46.490 0.0000000000
117707  -6.437  19.915  44.762 0.0000000000
81139  -6.464  20.927  44.863 0.0000000000
80545  -6.401  20.113  44.511 0.0000000000
80566  -6.597  20.176  43.641 0.0000000000
79943  -6.441  19.281  43.446 0.0000000000
79275  -6.149  17.918  42.936 0.0000000000
75377  -4.500  13.697  45.742 0.0000000000
76958  -4.487  14.675  45.176 0.0000000000
76188  -4.306  14.217  45.093 0.0000000000
76187  -4.262  14.067  44.951 0.0000000000
75389  -4.288  14.280  44.478 0.0000000000
73636  -4.513  11.923  43.271 0.0000000000
130879  -4.480  12.701  43.324 0.0000000000
75395  -4.871  14.160  43.042 0.0000000000
76198  -5.184  14.976  42.802 0.0000000000
76975  -5.669  15.761  42.570 0.0000000000
115746  -6.854  14.125  42.464 0.0000000000
76200  -7.707  14.304  42.381 0.0000000000
114150  -8.169  11.714  42.918 0.0000000000
120766  -7.220  7.970  41.916 0.0000000000
70453  -8.121  7.943  42.124 0.0000000000
70454  -9.133  7.911  42.270 0.0000000000
62195  -39.679  -1.059  51.385 0.0000000000
63087  -39.660  -0.399  51.586 0.0000000000
62181  -39.721  -1.069  51.920 0.0000000000
63068  -39.518  -0.333  52.545 0.0000000000
63067  -39.167  -0.264  53.176 0.0000000000
62167  -39.577  -1.514  53.025 0.0000000000
120512  -39.136  -0.869  53.509 0.0000000000
117982  -37.703  1.176  54.311 0.0000000000
65050  -36.693  1.448  54.531 0.0000000000
114218  -35.930  2.019  54.333 0.0000000000
58673  -35.030  -5.814  55.695 0.0000000000
65049  -35.696  1.258  54.184 0.0000000000
64104  -36.314  0.646  54.496 0.0000000000
62155  -36.383  -1.028  54.339 0.0000000000
126513  -36.885  -2.654  54.598 0.0000000000
71336  -54.905  8.385  31.695 0.0000000000
71324  -55.156  8.210  32.440 0.0000000000
69728  -54.293  7.461  31.413 0.0000000000
72095  -54.733  8.845  33.297 0.0000000000
129149  -54.204  8.871  33.333 0.0000000000
114667  -53.435  8.883  33.117 0.0000000000
67733  -11.455  4.377  58.448 0.0000000000
67722  -10.962  4.107  59.045 0.0000000000
66824  -10.649  3.494  59.164 0.0000000000
114765  -8.895  1.413  60.013 0.0000000000
67729  -18.058  5.262  59.659 0.0000000000
68605  -17.450  5.653  60.024 0.0000000000
69462  -16.835  6.904  59.468 0.0000000000
130600  -15.735  6.355  58.034 0.0000000000
68613  -15.217  5.744  58.001 0.0000000000
68612  -14.594  5.189  58.066 0.0000000000
67744  -14.020  4.760  58.283 0.0000000000
64227  -46.550  0.074  41.913 0.0000000000
65174  -47.707  1.895  43.470 0.0000000000
68812  -32.321  5.493  37.637 0.0000000000
68813  -33.263  5.457  37.342 0.0000000000
68823  -31.987  5.712  36.710 0.0000000000
69675  -31.507  6.597  35.427 0.0000000000
70516  -31.513  7.368  34.865 0.0000000000
70514  -29.837  7.953  35.023 0.0000000000
125428  -30.443  8.314  34.705 0.0000000000
71295  -31.138  8.166  34.607 0.0000000000
122205  -30.939  9.832  34.498 0.0000000000
72871  -31.385  10.416  34.643 0.0000000000
73738  -31.225  11.762  35.099 0.0000000000
74640  -31.399  12.533  35.407 0.0000000000
75469  -29.615  13.466  35.332 0.0000000000
74637  -28.352  12.716  35.090 0.0000000000
64112  -22.792  0.469  53.851 0.0000000000
63060  -22.243  0.144  54.370 0.0000000000
64100  -22.646  0.568  54.788 0.0000000000
64090  -22.300  0.584  56.807 0.0000000000
65025  -23.079  1.047  56.691 0.0000000000
64082  -21.987  0.260  57.631 0.0000000000
122043  -21.666  -0.557  59.714 0.0000000000
64142  -26.180  0.595  51.158 0.0000000000
111378  -25.900  0.931  50.188 0.0000000000
65103  -25.885  1.906  50.008 0.0000000000
66029  -26.235  2.764  50.573 0.0000000000
66001  -27.474  3.396  52.319 0.0000000000
66018  -26.875  3.394  51.517 0.0000000000
66964  -26.022  3.204  50.045 0.0000000000
66963  -25.983  3.939  50.216 0.0000000000
67807  -26.420  4.673  51.016 0.0000000000
68669  -25.804  5.471  51.078 0.0000000000
67796  -26.418  5.285  51.620 0.0000000000
68642  -26.738  5.192  52.831 0.0000000000
67777  -26.348  4.837  53.745 0.0000000000
66888  -25.606  4.162  54.289 0.0000000000
65047  -24.189  2.104  53.977 0.0000000000
71403  -58.072  8.992  19.181 0.0000000000
71416  -57.968  8.747  18.171 0.0000000000
67879  -7.392  4.768  43.369 0.0000000000
67036  -7.304  4.003  43.206 0.0000000000
67024  -6.916  3.081  43.682 0.0000000000
122123  -6.021  2.566  44.157 0.0000000000
82274  -10.635  23.459  56.656 0.0000000000
124484  -11.329  24.062  56.840 0.0000000000
124356  -10.970  24.711  56.698 0.0000000000
110841  -9.284  25.777  56.353 0.0000000000
84232  -9.667  26.509  56.289 0.0000000000
125209  -10.221  28.076  55.518 0.0000000000
85481  -10.271  29.136  54.256 0.0000000000
86064  -10.140  29.752  53.339 0.0000000000
86052  -9.731  29.422  53.632 0.0000000000
115457  -8.836  29.389  53.619 0.0000000000
86062  -8.180  29.545  53.448 0.0000000000
86061  -7.428  29.491  53.687 0.0000000000
129374  -5.897  30.461  53.776 0.0000000000
112304  -5.815  29.611  54.302 0.0000000000
86039  -5.132  28.674  54.875 0.0000000000
85462  -5.350  27.839  55.469 0.0000000000
124638  -5.368  28.289  55.207 0.0000000000
85466  -5.021  28.113  55.225 0.0000000000
85465  -4.696  27.961  55.121 0.0000000000
84862  -4.591  27.293  55.391 0.0000000000
71127  -8.062  8.932  50.292 0.0000000000
71136  -7.300  9.244  49.734 0.0000000000
71147  -7.308  9.118  48.655 0.0000000000
71159  -6.372  9.637  48.213 0.0000000000
71158  -5.912  9.749  47.560 0.0000000000
71945  -5.446  10.087  47.475 0.0000000000
70406  -6.938  7.611  45.352 0.0000000000
70407  -7.966  7.233  45.594 0.0000000000
83046  -10.049  24.360  43.949 0.0000000000
67850  -40.440  4.475  47.231 0.0000000000
127871  -40.785  5.008  47.797 0.0000000000
68686  -42.021  5.852  48.802 0.0000000000
69541  -42.047  6.633  48.913 0.0000000000
121092  -37.248  7.093  51.758 0.0000000000
70344  -37.166  7.665  51.160 0.0000000000
71133  -36.617  8.451  50.092 0.0000000000
71132  -35.627  8.601  50.268 0.0000000000
71142  -35.914  8.707  49.678 0.0000000000
71143  -36.912  8.551  49.548 0.0000000000
109338  -36.729  8.624  48.305 0.0000000000
70420  -36.150  7.592  45.963 0.0000000000
70443  -35.245  7.913  45.133 0.0000000000
70442  -34.701  8.110  44.633 0.0000000000
70450  -34.309  7.821  43.983 0.0000000000
70448  -33.388  8.480  43.360 0.0000000000
70458  -32.956  8.144  42.876 0.0000000000
62128  -28.515  -1.024  57.581 0.0000000000
61305  -30.033  -2.626  57.945 0.0000000000
129607  -31.412  9.224  41.686 0.0000000000
71995  -32.652  10.078  42.972 0.0000000000
130388  -32.563  10.500  43.497 0.0000000000
71981  -32.677  10.310  44.054 0.0000000000
71202  -33.024  9.692  45.119 0.0000000000
71201  -32.228  9.042  45.044 0.0000000000
69557  -31.685  6.406  46.003 0.0000000000
62193  -33.265  -1.015  51.562 0.0000000000
64134  -33.050  0.541  51.012 0.0000000000
62192  -32.587  -1.436  51.168 0.0000000000
61378  -32.168  -1.985  51.513 0.0000000000
60442  -31.844  -2.844  52.909 0.0000000000
126862  -31.630  -2.041  51.294 0.0000000000
117531  -31.092  -2.112  51.446 0.0000000000
61388  -30.646  -2.301  50.845 0.0000000000
61387  -29.830  -2.284  51.042 0.0000000000
61348  -29.152  -2.279  53.677 0.0000000000
62146  -28.834  -1.830  55.153 0.0000000000
129906  -28.635  -1.464  55.721 0.0000000000
74721  -55.801  13.654  26.025 0.0000000000
75555  -55.972  14.055  26.401 0.0000000000
125438  -56.341  14.705  27.079 0.0000000000
77139  -56.140  15.010  27.516 0.0000000000
131291  -55.910  15.709  27.727 0.0000000000
77869  -55.071  16.979  27.927 0.0000000000
76303  -52.417  15.063  31.856 0.0000000000
77087  -52.767  15.899  32.131 0.0000000000
77099  -51.788  15.306  31.057 0.0000000000
72956  -54.184  10.520  24.205 0.0000000000
73839  -54.391  11.782  25.133 0.0000000000
72947  -54.707  11.358  24.505 0.0000000000
66950  -11.521  3.462  50.517 0.0000000000
66026  -10.148  2.686  50.543 0.0000000000
112820  -9.177  2.682  51.684 0.0000000000
65993  -9.377  2.738  52.355 0.0000000000
65992  -8.591  2.767  52.151 0.0000000000
66912  -7.209  3.019  52.560 0.0000000000
117730  -5.988  2.604  53.147 0.0000000000
66895  -5.900  1.592  53.821 0.0000000000
65933  -5.856  1.667  57.570 0.0000000000
65921  -4.728  1.192  57.791 0.0000000000
64067  -3.234  0.639  58.174 0.0000000000
63024  -2.747  -0.029  58.298 0.0000000000
115765  -2.456  -0.472  57.570 0.0000000000
73565  -13.085  11.142  51.123 0.0000000000
73571  -12.516  11.592  50.537 0.0000000000
110753  -13.024  11.247  52.085 0.0000000000
73559  -12.380  11.722  52.588 0.0000000000
74466  -12.193  12.151  53.643 0.0000000000
73555  -13.547  11.502  53.637 0.0000000000
74461  -11.709  12.659  54.336 0.0000000000
75317  -11.286  13.143  54.965 0.0000000000
75311  -10.905  13.676  55.570 0.0000000000
74434  -13.841  12.894  60.349 0.0000000000
75290  -12.786  13.694  60.266 0.0000000000
76101  -12.228  14.118  60.564 0.0000000000
76100  -11.763  14.423  61.019 0.0000000000
113922  -10.467  18.284  59.909 0.0000000000
78364  -10.395  17.700  60.249 0.0000000000
78361  -10.044  17.680  60.473 0.0000000000
78363  -9.464  17.562  60.128 0.0000000000
78366  -7.898  17.347  58.507 0.0000000000
75291  -7.790  13.560  57.946 0.0000000000
71105  -13.124  8.309  54.556 0.0000000000
71104  -12.398  8.301  53.874 0.0000000000
70315  -12.897  7.549  53.322 0.0000000000
130258  -11.718  8.422  53.632 0.0000000000
70314  -10.974  8.270  52.748 0.0000000000
70324  -10.213  8.374  52.556 0.0000000000
69518  -12.145  5.744  50.973 0.0000000000
68662  -12.357  5.041  50.711 0.0000000000
130660  -12.233  4.448  50.603 0.0000000000
65229  -49.319  1.577  33.909 0.0000000000
65225  -49.496  1.320  34.925 0.0000000000
67096  -50.821  3.181  36.572 0.0000000000
66148  -51.252  3.156  40.004 0.0000000000
123641  -51.529  3.182  39.499 0.0000000000
67937  -51.604  4.126  39.777 0.0000000000
68806  -51.431  5.282  39.320 0.0000000000
68805  -50.054  4.924  38.875 0.0000000000
114892  -50.807  6.998  39.232 0.0000000000
71251  -50.037  8.784  39.131 0.0000000000
71242  -49.405  9.411  39.020 0.0000000000
71250  -48.972  9.012  38.970 0.0000000000
71249  -47.993  9.434  38.661 0.0000000000
71248  -46.961  9.670  38.411 0.0000000000
72031  -45.949  9.848  38.299 0.0000000000
69576  -45.056  6.178  45.204 0.0000000000
68709  -45.289  5.158  45.466 0.0000000000
69601  -45.184  6.411  44.602 0.0000000000
68743  -45.151  6.235  43.402 0.0000000000
68758  -43.708  6.099  42.321 0.0000000000
129708  -44.194  5.875  42.020 0.0000000000
67913  -43.200  4.496  39.821 0.0000000000
68855  -37.878  5.682  34.579 0.0000000000
64095  -14.290  0.752  55.369 0.0000000000
64099  -14.174  0.341  54.689 0.0000000000
112615  -13.302  -1.173  54.269 0.0000000000
63079  -14.117  -0.984  53.013 0.0000000000
62159  -13.442  -1.713  53.779 0.0000000000
61328  -12.696  -2.457  54.596 0.0000000000
60413  -12.593  -3.039  54.903 0.0000000000
122200  -13.191  -3.539  55.170 0.0000000000
59533  -13.416  -4.208  56.712 0.0000000000
62110  -17.552  -1.842  59.226 0.0000000000
61302  -16.955  -2.142  58.534 0.0000000000
60358  -16.370  -3.299  60.695 0.0000000000
59473  -16.967  -4.295  61.386 0.0000000000
60347  -16.601  -3.715  61.058 0.0000000000
59461  -15.857  -5.098  61.918 0.0000000000
57763  -15.236  -6.706  62.924 0.0000000000
60374  -25.166  -3.878  59.258 0.0000000000
60373  -24.386  -3.758  59.219 0.0000000000
58638  -23.580  -4.821  58.211 0.0000000000
57785  -23.726  -5.302  57.252 0.0000000000
58648  -23.374  -5.068  57.672 0.0000000000
58647  -22.327  -4.831  57.726 0.0000000000
77655  -21.750  16.829  50.771 0.0000000000
77649  -22.205  16.090  51.420 0.0000000000
121138  -28.683  12.002  43.151 0.0000000000
116182  -28.624  11.959  43.863 0.0000000000
122020  -28.236  12.081  44.894 0.0000000000
128798  -28.549  11.582  45.239 0.0000000000
73618  -28.378  11.895  45.771 0.0000000000
73614  -28.483  11.487  46.664 0.0000000000
68729  -22.517  5.389  43.474 0.0000000000
69585  -23.620  6.893  43.790 0.0000000000
69584  -22.693  6.942  43.751 0.0000000000
70434  -23.233  7.655  44.154 0.0000000000
71195  -23.238  8.896  45.187 0.0000000000
71207  -21.922  8.234  44.495 0.0000000000
71973  -22.759  9.468  45.621 0.0000000000
71948  -23.819  9.867  46.653 0.0000000000
72736  -24.009  10.234  47.494 0.0000000000
72725  -23.835  10.662  48.401 0.0000000000
73595  -24.237  10.811  49.336 0.0000000000
125218  -23.981  11.254  50.036 0.0000000000
111278  -23.384  11.317  49.240 0.0000000000
73594  -22.584  11.703  48.740 0.0000000000
73593  -21.853  11.986  48.393 0.0000000000
120891  -21.354  10.895  46.410 0.0000000000
73612  -21.070  11.353  46.845 0.0000000000
73603  -21.475  11.628  47.614 0.0000000000
73602  -20.758  11.790  47.362 0.0000000000
73610  -18.489  11.582  46.368 0.0000000000
73609  -17.694  11.428  46.364 0.0000000000
72744  -17.355  10.710  46.213 0.0000000000
128681  -17.106  10.115  46.297 0.0000000000
71173  -17.033  9.053  46.809 0.0000000000
71174  -17.492  8.699  46.329 0.0000000000
71162  -17.203  8.415  47.080 0.0000000000
71139  -17.066  8.014  48.841 0.0000000000
127715  -17.158  7.821  49.566 0.0000000000
122083  -17.422  7.525  50.720 0.0000000000
68632  -23.716  6.115  53.851 0.0000000000
70312  -23.983  7.570  53.827 0.0000000000
67775  -22.910  4.941  53.324 0.0000000000
68631  -22.633  5.396  54.114 0.0000000000
66936  -20.077  3.225  52.021 0.0000000000
116246  -21.166  4.367  53.696 0.0000000000
67766  -21.621  4.749  54.243 0.0000000000
67759  -21.212  4.776  55.029 0.0000000000
114817  -20.407  4.293  55.150 0.0000000000
66885  -18.401  3.208  54.353 0.0000000000
65969  -17.576  2.766  54.262 0.0000000000
65983  -17.525  2.584  53.452 0.0000000000
111129  -17.114  2.405  53.804 0.0000000000
65968  -16.764  2.364  54.492 0.0000000000
65045  -16.128  1.922  54.096 0.0000000000
65044  -15.440  1.624  54.438 0.0000000000
130593  -49.809  5.597  33.853 0.0000000000
69701  -49.634  6.250  33.599 0.0000000000
117091  -47.554  8.401  32.659 0.0000000000
68778  -6.825  5.761  40.084 0.0000000000
68788  -6.258  5.290  39.526 0.0000000000
67919  -5.857  4.735  39.182 0.0000000000
122335  -5.952  3.175  38.722 0.0000000000
65200  -6.461  1.540  39.059 0.0000000000
61291  -9.443  -2.453  59.544 0.0000000000
119347  -9.151  -2.231  60.155 0.0000000000
79145  -11.672  18.392  51.046 0.0000000000
79146  -12.282  18.959  50.759 0.0000000000
117258  -13.032  20.166  51.229 0.0000000000
80476  -13.294  20.693  50.821 0.0000000000
81082  -13.255  21.221  51.276 0.0000000000
81089  -12.964  21.817  50.916 0.0000000000
121976  -12.559  22.625  50.515 0.0000000000
130160  -12.268  23.460  50.354 0.0000000000
110567  -12.208  24.945  50.282 0.0000000000
86057  -14.854  29.653  54.957 0.0000000000
85486  -14.423  28.678  54.126 0.0000000000
86066  -14.926  29.537  53.798 0.0000000000
85509  -5.042  29.648  49.182 0.0000000000
85504  -6.022  28.569  49.687 0.0000000000
79115  -5.229  18.523  55.306 0.0000000000
128566  -5.048  17.831  55.443 0.0000000000
79114  -4.730  18.137  54.971 0.0000000000
78376  -4.348  16.641  54.935 0.0000000000
120988  -4.581  17.538  54.733 0.0000000000
130152  -4.596  18.143  54.605 0.0000000000
79120  -4.593  18.263  54.268 0.0000000000
79846  -4.465  19.387  53.770 0.0000000000
79126  -4.609  18.793  53.742 0.0000000000
76921  -5.794  14.677  52.324 0.0000000000
116863  -7.033  16.886  50.870 0.0000000000
78395  -6.866  17.658  51.336 0.0000000000
120634  -6.595  18.321  51.684 0.0000000000
79862  -6.202  19.796  51.129 0.0000000000
80475  -5.831  20.763  50.626 0.0000000000
80484  -5.765  21.196  50.380 0.0000000000
81094  -5.669  21.759  50.119 0.0000000000
80494  -6.120  21.336  49.400 0.0000000000
81102  -6.223  21.492  48.422 0.0000000000
81110  -6.179  21.863  48.357 0.0000000000
81719  -6.242  21.959  47.760 0.0000000000
81728  -6.333  22.160  47.309 0.0000000000
81729  -6.380  22.381  46.895 0.0000000000
81741  -6.404  21.817  46.653 0.0000000000
81128  -6.589  21.267  46.039 0.0000000000
80533  -6.666  20.745  45.711 0.0000000000
80534  -6.494  19.744  45.053 0.0000000000
79920  -6.357  18.982  44.299 0.0000000000
79234  -6.136  18.077  44.009 0.0000000000
72762  -4.180  11.022  44.259 0.0000000000
120750  -4.315  10.940  43.628 0.0000000000
121517  -4.691  10.921  42.993 0.0000000000
120342  -6.532  10.821  42.704 0.0000000000
71230  -6.525  8.272  41.956 0.0000000000
69628  -6.866  6.898  41.124 0.0000000000
66045  -38.378  2.283  49.579 0.0000000000
66046  -38.761  2.792  49.893 0.0000000000
66953  -39.606  3.519  50.791 0.0000000000
122111  -39.624  1.957  51.035 0.0000000000
68649  -39.525  5.095  51.944 0.0000000000
68648  -38.442  5.540  52.347 0.0000000000
65077  -39.621  0.859  51.928 0.0000000000
66004  -39.167  2.112  52.480 0.0000000000
65989  -38.373  1.932  53.334 0.0000000000
66907  -38.373  2.845  52.908 0.0000000000
69498  -37.867  6.475  52.068 0.0000000000
69512  -35.446  7.667  52.130 0.0000000000
68645  -35.318  6.671  53.376 0.0000000000
69511  -34.915  7.753  52.220 0.0000000000
70341  -34.593  8.089  51.556 0.0000000000
70352  -33.734  8.048  50.581 0.0000000000
69531  -33.128  7.216  49.893 0.0000000000
65106  -38.240  1.417  49.424 0.0000000000
60396  -32.118  -4.008  57.057 0.0000000000
58664  -32.335  -5.456  57.338 0.0000000000
58665  -32.967  -5.557  57.032 0.0000000000
126308  -32.462  -6.126  57.023 0.0000000000
56813  -31.955  -7.395  56.286 0.0000000000
57816  -34.674  -6.769  55.742 0.0000000000
124292  -32.427  5.403  50.746 0.0000000000
67808  -32.188  4.595  50.938 0.0000000000
67799  -32.688  4.318  51.590 0.0000000000
66942  -32.117  3.738  50.928 0.0000000000
65089  -33.252  1.705  51.681 0.0000000000
64135  -33.375  0.916  51.606 0.0000000000
126803  -35.116  1.432  53.669 0.0000000000
122593  -34.746  1.215  53.197 0.0000000000
62166  -35.217  -0.927  53.799 0.0000000000
63075  -34.820  -0.252  53.370 0.0000000000
64124  -34.325  0.906  52.642 0.0000000000
64123  -33.844  0.449  52.123 0.0000000000
63085  -33.834  -0.489  52.113 0.0000000000
62179  -33.736  -1.437  52.152 0.0000000000
60444  -33.253  -3.250  53.549 0.0000000000
60431  -33.560  -3.540  54.480 0.0000000000
74690  -54.983  12.580  29.297 0.0000000000
74683  -55.398  12.550  31.406 0.0000000000
73798  -55.054  11.340  31.039 0.0000000000
75504  -55.473  13.186  31.808 0.0000000000
75503  -55.190  13.464  32.307 0.0000000000
76296  -54.211  13.932  32.601 0.0000000000
76295  -53.204  14.405  32.946 0.0000000000
72899  -55.529  10.505  32.771 0.0000000000
73777  -55.418  11.352  32.981 0.0000000000
73771  -55.141  10.925  33.359 0.0000000000
74664  -54.418  12.494  33.118 0.0000000000
75492  -53.760  13.409  33.072 0.0000000000
76294  -52.807  14.518  32.679 0.0000000000
76293  -52.218  14.306  31.973 0.0000000000
75501  -50.910  13.769  31.081 0.0000000000
75514  -50.148  13.857  30.633 0.0000000000
76319  -49.360  14.006  30.229 0.0000000000
66853  -7.745  2.412  56.882 0.0000000000
66840  -7.232  2.146  57.252 0.0000000000
67731  -9.751  3.959  58.225 0.0000000000
67730  -9.173  3.562  57.901 0.0000000000
66834  -8.807  3.236  58.168 0.0000000000
65002  -4.835  0.766  59.671 0.0000000000
65003  -5.495  1.130  59.777 0.0000000000
64051  -3.892  0.006  60.498 0.0000000000
63000  -3.572  -0.470  60.832 0.0000000000
118389  -3.576  -0.907  61.442 0.0000000000
72680  -17.394  10.367  56.074 0.0000000000
72673  -17.759  10.606  56.919 0.0000000000
73537  -17.369  10.945  57.468 0.0000000000
73530  -17.082  11.243  58.071 0.0000000000
72659  -18.271  10.511  58.765 0.0000000000
73525  -17.336  11.167  58.732 0.0000000000
73524  -16.233  11.775  58.857 0.0000000000
74436  -15.268  12.295  59.962 0.0000000000
69459  -18.268  7.134  60.442 0.0000000000
70289  -18.226  8.082  60.500 0.0000000000
71865  -17.675  9.597  60.641 0.0000000000
71864  -17.233  9.518  60.680 0.0000000000
72647  -17.044  10.450  60.711 0.0000000000
73512  -16.161  11.304  60.533 0.0000000000
74431  -14.800  12.183  60.524 0.0000000000
73510  -14.516  11.838  60.690 0.0000000000
73509  -13.702  12.013  60.749 0.0000000000
72650  -14.300  10.741  60.240 0.0000000000
73516  -13.126  11.457  60.389 0.0000000000
73514  -11.567  11.637  59.800 0.0000000000
73522  -10.942  11.641  59.252 0.0000000000
73523  -11.258  11.282  58.960 0.0000000000
130784  -11.614  11.008  58.959 0.0000000000
71872  -11.784  10.200  58.219 0.0000000000
71881  -12.359  9.721  57.846 0.0000000000
130070  -12.492  9.390  57.231 0.0000000000
71084  -12.740  9.012  56.530 0.0000000000
70300  -15.783  7.771  57.275 0.0000000000
70299  -15.202  7.934  56.516 0.0000000000
70303  -14.407  7.638  55.228 0.0000000000
71093  -13.762  8.195  55.214 0.0000000000
67763  -13.485  4.788  54.425 0.0000000000
63260  -48.221  -0.814  38.246 0.0000000000
63261  -48.898  -0.435  38.088 0.0000000000
64256  -49.702  0.886  39.365 0.0000000000
64245  -50.465  1.245  40.021 0.0000000000
128640  -47.825  0.168  40.169 0.0000000000
63198  -48.150  0.125  40.964 0.0000000000
64242  -48.635  0.328  40.309 0.0000000000
64244  -49.674  0.781  40.517 0.0000000000
66152  -50.829  1.740  40.119 0.0000000000
66147  -50.831  2.340  40.461 0.0000000000
67060  -50.772  3.196  40.363 0.0000000000
67059  -50.147  3.258  40.761 0.0000000000
67081  -48.720  3.892  38.598 0.0000000000
67090  -48.008  3.917  37.892 0.0000000000
68754  -39.689  5.433  42.867 0.0000000000
68769  -39.907  5.040  42.083 0.0000000000
67908  -38.717  4.648  40.646 0.0000000000
67929  -38.386  4.749  39.857 0.0000000000
116512  -37.200  4.864  39.032 0.0000000000
125900  -37.787  4.819  38.430 0.0000000000
67963  -37.949  4.737  37.510 0.0000000000
67996  -37.076  5.041  35.786 0.0000000000
68824  -33.428  5.515  36.294 0.0000000000
68825  -34.433  5.440  36.092 0.0000000000
70518  -33.284  7.279  34.541 0.0000000000
68851  -34.295  6.029  34.901 0.0000000000
68835  -34.803  5.628  35.313 0.0000000000
68836  -35.697  5.532  35.197 0.0000000000
68853  -36.120  6.004  34.618 0.0000000000
128013  -36.778  6.351  34.324 0.0000000000
119856  -31.210  13.840  35.858 0.0000000000
63102  -17.876  -0.370  50.618 0.0000000000
131837  -17.101  -1.601  50.994 0.0000000000
62173  -18.251  -1.788  52.687 0.0000000000
61347  -17.841  -2.048  53.280 0.0000000000
62161  -19.464  -1.282  53.218 0.0000000000
62160  -18.633  -1.631  53.449 0.0000000000
61332  -17.928  -1.934  54.441 0.0000000000
61316  -17.894  -1.653  56.243 0.0000000000
62134  -17.732  -1.658  57.202 0.0000000000
63059  -21.620  -0.206  54.411 0.0000000000
115218  -20.372  -0.547  55.099 0.0000000000
63045  -20.343  -0.303  56.748 0.0000000000
62137  -19.721  -0.571  56.239 0.0000000000
125678  -19.234  -0.872  55.842 0.0000000000
62136  -19.110  -0.884  56.561 0.0000000000
118580  -18.310  -1.290  57.804 0.0000000000
62126  -17.602  -1.684  58.176 0.0000000000
61281  -18.162  -1.934  60.528 0.0000000000
62096  -18.799  -1.577  60.137 0.0000000000
117116  -18.454  -4.077  61.359 0.0000000000
75382  -21.730  14.038  45.246 0.0000000000
67041  -27.263  3.709  43.464 0.0000000000
68734  -27.239  4.702  43.610 0.0000000000
122711  -26.299  3.246  43.162 0.0000000000
67884  -25.618  4.241  43.085 0.0000000000
117868  -25.245  0.933  43.972 0.0000000000
66129  -24.902  2.307  43.075 0.0000000000
67040  -25.255  3.121  42.913 0.0000000000
67883  -24.537  4.392  42.953 0.0000000000
118862  -23.936  3.660  42.880 0.0000000000
115939  -23.144  3.765  43.272 0.0000000000
64163  -24.975  0.391  48.042 0.0000000000
64162  -24.714  0.587  47.067 0.0000000000
65123  -24.235  1.151  46.396 0.0000000000
66084  -23.783  1.789  46.804 0.0000000000
65128  -23.800  1.695  44.864 0.0000000000
66112  -23.398  2.170  44.433 0.0000000000
67037  -22.880  3.168  43.731 0.0000000000
67881  -22.800  4.587  43.343 0.0000000000
67880  -22.149  4.750  43.666 0.0000000000
67871  -21.579  4.581  44.175 0.0000000000
67870  -20.943  4.810  44.600 0.0000000000
66996  -21.404  3.608  46.097 0.0000000000
66995  -20.901  4.037  45.624 0.0000000000
67861  -20.415  4.696  45.202 0.0000000000
68705  -19.971  5.396  45.196 0.0000000000
67860  -19.739  5.037  45.781 0.0000000000
68699  -19.189  5.471  46.284 0.0000000000
68690  -19.143  5.270  47.179 0.0000000000
68683  -19.990  5.139  48.810 0.0000000000
68677  -21.347  5.203  50.018 0.0000000000
67803  -22.247  4.994  50.167 0.0000000000
68665  -22.018  5.532  50.499 0.0000000000
70322  -24.769  7.539  53.200 0.0000000000
69508  -25.470  6.497  52.423 0.0000000000
67776  -25.683  5.174  53.301 0.0000000000
69483  -25.371  6.573  52.861 0.0000000000
69493  -25.107  7.191  52.887 0.0000000000
69482  -24.930  7.227  53.210 0.0000000000
120645  -24.616  6.192  53.538 0.0000000000
67786  -22.952  4.376  52.743 0.0000000000
119289  -21.955  3.364  51.980 0.0000000000
66938  -21.497  2.835  51.603 0.0000000000
66016  -21.789  2.232  51.533 0.0000000000
66015  -21.109  2.179  51.139 0.0000000000
66028  -20.323  2.138  50.937 0.0000000000
65095  -19.385  1.306  50.683 0.0000000000
63103  -18.784  -0.293  50.687 0.0000000000
72861  -47.670  10.809  36.036 0.0000000000
72860  -46.716  10.966  35.832 0.0000000000
126600  -3.465  5.182  40.593 0.0000000000
66142  -3.156  2.323  41.088 0.0000000000
64212  -3.516  0.802  41.865 0.0000000000
109489  -4.313  2.376  42.194 0.0000000000
66124  -4.282  2.282  43.054 0.0000000000
118244  -3.927  2.021  42.565 0.0000000000
124489  -3.021  0.571  41.546 0.0000000000
64198  -4.032  0.083  42.163 0.0000000000
63171  -4.435  -0.548  42.499 0.0000000000
62293  -4.849  -0.958  43.370 0.0000000000
58612  -11.082  -5.766  63.933 0.0000000000
125025  -10.459  -5.661  64.218 0.0000000000
58607  -11.113  -6.155  64.438 0.0000000000
81068  -13.330  21.658  55.091 0.0000000000
109734  -13.278  23.843  55.316 0.0000000000
82277  -13.584  23.698  56.871 0.0000000000
82941  -13.613  24.183  56.229 0.0000000000
82944  -13.410  24.620  55.395 0.0000000000
83601  -13.726  25.664  55.466 0.0000000000
84886  -14.411  28.137  55.889 0.0000000000
82936  -11.955  24.809  57.165 0.0000000000
112480  -12.575  25.610  57.176 0.0000000000
84871  -12.408  27.643  56.514 0.0000000000
84235  -13.516  27.171  56.934 0.0000000000
84873  -14.188  28.235  56.655 0.0000000000
85475  -14.266  28.890  56.127 0.0000000000
85484  -14.505  28.815  55.345 0.0000000000
86603  -14.966  30.691  54.985 0.0000000000
87249  -14.378  31.844  54.055 0.0000000000
86615  -13.687  31.372  54.400 0.0000000000
87260  -14.814  32.327  53.404 0.0000000000
86609  -5.242  31.056  53.567 0.0000000000
87245  -4.602  31.621  53.194 0.0000000000
86607  -4.139  30.371  53.670 0.0000000000
87244  -3.969  31.022  53.356 0.0000000000
87866  -2.728  31.978  51.957 0.0000000000
87865  -2.927  31.310  51.861 0.0000000000
112049  -2.734  30.242  52.179 0.0000000000
86059  -1.756  29.734  52.894 0.0000000000
125539  -2.375  29.653  51.972 0.0000000000
130309  -2.357  28.828  51.807 0.0000000000
84893  -2.788  28.197  51.812 0.0000000000
84890  -3.020  27.442  51.980 0.0000000000
111268  -3.633  12.060  54.254 0.0000000000
74459  -2.963  12.721  54.002 0.0000000000
74464  -3.034  12.766  53.291 0.0000000000
71909  -2.590  10.562  53.330 0.0000000000
73557  -2.489  11.538  52.918 0.0000000000
75318  -3.441  12.941  53.163 0.0000000000
75322  -4.131  13.114  52.867 0.0000000000
76131  -4.755  13.479  52.463 0.0000000000
71927  -6.175  9.955  50.751 0.0000000000
71926  -5.556  10.381  50.187 0.0000000000
72707  -4.792  11.322  50.915 0.0000000000
73563  -4.257  11.685  51.844 0.0000000000
114938  -4.517  12.758  52.077 0.0000000000
76140  -5.794  13.570  51.131 0.0000000000
76141  -6.213  14.076  50.603 0.0000000000
76152  -6.191  14.012  49.674 0.0000000000
76942  -6.430  14.728  48.797 0.0000000000
76952  -6.311  15.101  47.527 0.0000000000
122131  -6.702  15.972  47.267 0.0000000000
76177  -4.912  13.907  46.382 0.0000000000
75354  -4.387  12.323  47.064 0.0000000000
75368  -4.590  13.187  46.402 0.0000000000
75376  -4.489  13.201  45.992 0.0000000000
74526  -4.467  12.643  46.297 0.0000000000
72751  -4.353  11.840  45.822 0.0000000000
117581  -4.288  11.383  45.426 0.0000000000
71956  -5.127  9.727  46.510 0.0000000000
71955  -4.643  9.997  46.327 0.0000000000
71968  -4.849  9.378  45.737 0.0000000000
71966  -4.246  10.461  45.305 0.0000000000
71216  -3.468  7.399  43.335 0.0000000000
70446  -3.067  7.384  43.417 0.0000000000
69602  -3.541  7.256  42.799 0.0000000000
79295  -8.788  18.429  41.844 0.0000000000
66122  -42.571  2.545  44.613 0.0000000000
66103  -43.562  2.902  44.907 0.0000000000
67855  -44.169  4.358  45.711 0.0000000000
67003  -40.953  3.415  45.769 0.0000000000
67004  -41.672  3.482  46.070 0.0000000000
67005  -42.391  3.655  46.052 0.0000000000
67853  -42.439  4.576  46.480 0.0000000000
115390  -43.511  4.309  45.786 0.0000000000
68702  -44.584  4.902  45.872 0.0000000000
68708  -44.726  5.673  45.733 0.0000000000
70427  -43.276  8.016  46.069 0.0000000000
70445  -43.353  8.017  45.561 0.0000000000
69599  -43.589  7.681  44.840 0.0000000000
69616  -41.031  6.664  43.725 0.0000000000
66966  -38.730  3.824  49.518 0.0000000000
122728  -39.388  4.481  49.678 0.0000000000
67811  -40.374  5.060  50.292 0.0000000000
69533  -41.567  6.671  49.319 0.0000000000
70345  -38.742  7.765  50.829 0.0000000000
69523  -39.572  7.726  50.140 0.0000000000
70365  -39.479  7.942  49.501 0.0000000000
112496  -40.173  7.649  49.598 0.0000000000
70376  -41.827  7.581  48.409 0.0000000000
70388  -41.758  8.024  47.751 0.0000000000
70401  -41.429  8.146  47.075 0.0000000000
109460  -41.133  8.147  46.252 0.0000000000
70424  -40.307  7.843  46.144 0.0000000000
69572  -40.775  7.676  45.345 0.0000000000
69615  -40.142  6.533  44.010 0.0000000000
123331  -37.467  4.724  41.780 0.0000000000
116784  -37.831  5.257  43.343 0.0000000000
68752  -37.456  4.988  42.594 0.0000000000
67893  -37.064  4.626  41.208 0.0000000000
67905  -35.708  4.807  40.686 0.0000000000
69612  -35.749  6.365  44.046 0.0000000000
68750  -35.216  5.809  42.582 0.0000000000
68749  -34.563  5.929  42.245 0.0000000000
68764  -34.707  5.473  41.576 0.0000000000
109937  -34.159  5.272  40.970 0.0000000000
121968  -33.593  5.146  39.690 0.0000000000
68802  -32.363  5.382  38.570 0.0000000000
68821  -30.777  5.964  37.147 0.0000000000
69659  -30.137  6.222  37.398 0.0000000000
69653  -30.010  6.289  38.395 0.0000000000
69664  -29.644  6.673  36.810 0.0000000000
70496  -28.376  7.501  36.560 0.0000000000
71266  -27.368  8.430  36.189 0.0000000000
71265  -26.764  8.884  36.459 0.0000000000
65937  -25.915  2.735  57.322 0.0000000000
65930  -26.186  2.103  57.893 0.0000000000
65019  -26.511  1.538  58.445 0.0000000000
64065  -26.309  0.689  59.508 0.0000000000
63022  -26.726  0.327  59.686 0.0000000000
64055  -25.946  0.217  60.125 0.0000000000
60363  -25.719  -3.067  60.054 0.0000000000
62121  -28.418  -1.217  58.312 0.0000000000
62115  -28.018  -1.636  58.972 0.0000000000
61295  -27.693  -2.197  59.642 0.0000000000
60376  -27.744  -3.071  59.408 0.0000000000
131977  -27.234  -2.780  59.852 0.0000000000
60364  -26.566  -2.941  60.042 0.0000000000
59500  -24.763  -4.650  58.583 0.0000000000
57787  -24.583  -5.133  57.477 0.0000000000
59524  -31.504  -4.473  57.939 0.0000000000
58656  -31.100  -5.103  58.123 0.0000000000
72037  -26.380  9.525  36.051 0.0000000000
71256  -26.708  8.779  37.346 0.0000000000
72005  -27.063  9.420  39.383 0.0000000000
71239  -27.711  8.771  39.176 0.0000000000
72006  -27.873  9.487  39.839 0.0000000000
72796  -27.329  10.012  40.080 0.0000000000
72788  -27.670  10.566  40.610 0.0000000000
73669  -28.129  11.066  41.116 0.0000000000
71998  -31.360  10.039  41.825 0.0000000000
72782  -30.741  10.809  41.737 0.0000000000
72766  -31.779  11.329  43.197 0.0000000000
73660  -31.042  11.437  42.419 0.0000000000
73659  -30.395  11.532  42.181 0.0000000000
73658  -29.535  11.597  41.987 0.0000000000
73647  -29.136  11.868  42.613 0.0000000000
73633  -29.441  11.898  43.216 0.0000000000
73626  -29.492  11.662  43.673 0.0000000000
70439  -30.011  8.077  44.134 0.0000000000
127770  -29.361  7.518  44.338 0.0000000000
125292  -28.971  5.996  44.227 0.0000000000
130496  -32.793  6.760  48.910 0.0000000000
68691  -32.262  5.960  48.340 0.0000000000
66977  -31.944  4.350  49.577 0.0000000000
68684  -31.930  5.084  48.205 0.0000000000
109782  -31.777  5.458  47.383 0.0000000000
67849  -31.385  4.712  46.818 0.0000000000
64150  -32.550  1.100  49.857 0.0000000000
65104  -31.888  1.835  48.975 0.0000000000
64157  -31.365  1.013  48.559 0.0000000000
66073  -31.419  2.472  48.218 0.0000000000
67848  -30.911  4.121  46.336 0.0000000000
124647  -30.623  4.370  45.656 0.0000000000
67014  -29.742  3.492  45.189 0.0000000000
125242  -29.847  1.824  45.908 0.0000000000
124785  -29.109  3.266  44.564 0.0000000000
66115  -28.603  3.041  44.050 0.0000000000
67029  -28.049  3.280  43.682 0.0000000000
65160  -27.594  1.678  43.776 0.0000000000
63152  -27.378  -0.436  45.016 0.0000000000
113278  -27.538  -1.115  45.901 0.0000000000
127587  -26.840  -0.863  45.547 0.0000000000
120116  -26.204  -1.070  46.671 0.0000000000
126581  -25.808  -0.962  48.145 0.0000000000
62191  -28.906  -2.209  51.290 0.0000000000
62190  -27.905  -1.970  51.542 0.0000000000
62176  -27.787  -1.660  53.551 0.0000000000
110135  -27.580  -1.727  52.672 0.0000000000
62207  -27.381  -1.695  50.714 0.0000000000
62206  -26.682  -1.307  50.818 0.0000000000
63094  -26.340  -0.642  51.086 0.0000000000
114469  -25.952  -0.189  50.343 0.0000000000
64122  -26.928  0.879  52.876 0.0000000000
65060  -27.758  1.854  53.691 0.0000000000
117014  -27.716  1.291  54.298 0.0000000000
124783  -27.858  2.122  54.331 0.0000000000
65960  -27.536  2.994  55.694 0.0000000000
66863  -27.225  3.265  56.160 0.0000000000
73872  -57.756  12.144  22.864 0.0000000000
74762  -57.716  12.835  23.264 0.0000000000
75585  -58.172  13.806  23.675 0.0000000000
76385  -58.485  14.241  24.067 0.0000000000
77915  -57.648  16.909  24.309 0.0000000000
117573  -56.991  17.395  24.588 0.0000000000
75566  -57.003  14.026  25.590 0.0000000000
77885  -56.842  16.122  26.684 0.0000000000
77155  -57.241  15.415  26.224 0.0000000000
77163  -57.724  16.173  25.546 0.0000000000
77906  -57.526  17.019  25.042 0.0000000000
78703  -55.893  17.358  24.943 0.0000000000
78689  -54.262  18.069  26.240 0.0000000000
77122  -55.507  14.529  29.926 0.0000000000
77130  -55.568  15.224  29.112 0.0000000000
77859  -54.515  16.628  28.824 0.0000000000
78658  -54.136  17.297  28.507 0.0000000000
77831  -52.740  16.525  31.597 0.0000000000
78620  -52.704  17.187  31.124 0.0000000000
78641  -52.678  17.209  29.961 0.0000000000
78657  -53.205  17.535  29.018 0.0000000000
78667  -53.781  17.908  28.362 0.0000000000
79413  -52.952  18.583  28.046 0.0000000000
71377  -56.039  9.631  22.993 0.0000000000
71383  -56.556  9.166  22.500 0.0000000000
72163  -57.430  10.247  22.404 0.0000000000
67844  -10.758  4.634  46.376 0.0000000000
66993  -9.788  3.553  46.520 0.0000000000
66069  -8.051  2.620  47.953 0.0000000000
66052  -6.602  2.807  48.487 0.0000000000
124812  -4.810  3.350  49.550 0.0000000000
66023  -7.545  2.965  50.367 0.0000000000
66007  -6.780  3.170  50.746 0.0000000000
66022  -7.063  3.059  49.973 0.0000000000
66947  -4.965  3.311  50.319 0.0000000000
66956  -4.201  3.424  49.939 0.0000000000
66955  -3.510  3.357  49.928 0.0000000000
66021  -2.447  2.826  51.079 0.0000000000
65079  -1.874  1.646  51.881 0.0000000000
114090  -2.715  2.176  52.583 0.0000000000
65964  -7.841  2.304  54.785 0.0000000000
65942  -5.080  1.321  56.677 0.0000000000
66849  -5.048  1.237  56.055 0.0000000000
66864  -4.820  1.126  55.542 0.0000000000
66878  -4.949  1.113  54.597 0.0000000000
65961  -3.753  0.989  54.062 0.0000000000
76155  -14.841  14.858  49.859 0.0000000000
76946  -14.281  14.985  48.932 0.0000000000
76945  -13.341  14.949  48.277 0.0000000000
76168  -12.580  14.354  48.486 0.0000000000
120033  -12.190  14.940  48.542 0.0000000000
76943  -12.070  15.655  48.374 0.0000000000
77666  -11.637  16.377  48.558 0.0000000000
77660  -11.098  16.796  49.128 0.0000000000
78410  -10.781  17.077  49.870 0.0000000000
73570  -11.756  11.922  50.912 0.0000000000
74483  -10.847  12.881  50.864 0.0000000000
75338  -10.583  13.572  50.931 0.0000000000
75323  -10.443  13.752  52.706 0.0000000000
76133  -10.360  14.330  51.391 0.0000000000
76931  -10.263  15.192  51.063 0.0000000000
117594  -10.376  15.757  50.469 0.0000000000
78403  -10.626  17.167  50.817 0.0000000000
78404  -11.044  17.884  51.438 0.0000000000
79139  -11.582  18.445  52.104 0.0000000000
79134  -11.552  18.520  53.128 0.0000000000
131044  -10.746  17.485  53.589 0.0000000000
116003  -12.209  19.344  53.793 0.0000000000
79130  -12.244  19.153  54.449 0.0000000000
79847  -12.681  19.373  54.911 0.0000000000
73542  -14.564  11.591  56.103 0.0000000000
74458  -14.105  11.915  56.479 0.0000000000
74457  -13.429  12.058  56.049 0.0000000000
127224  -11.577  14.267  58.772 0.0000000000
75302  -12.034  13.273  57.412 0.0000000000
75301  -11.407  13.542  57.021 0.0000000000
76116  -10.634  14.472  56.146 0.0000000000
77629  -10.523  16.813  55.499 0.0000000000
78378  -11.432  17.942  55.690 0.0000000000
79121  -11.954  18.446  55.471 0.0000000000
79845  -13.050  19.610  55.368 0.0000000000
79840  -13.265  19.774  56.148 0.0000000000
80442  -13.449  20.595  56.456 0.0000000000
80432  -13.369  20.955  57.309 0.0000000000
79832  -12.720  19.951  57.658 0.0000000000
80431  -12.928  20.805  57.812 0.0000000000
81054  -13.121  21.752  57.812 0.0000000000
81649  -12.360  22.203  57.839 0.0000000000
81659  -11.553  22.460  57.128 0.0000000000
79826  -10.467  19.187  58.978 0.0000000000
121171  -10.934  22.792  56.675 0.0000000000
112317  -9.995  22.974  56.753 0.0000000000
110096  -9.082  23.128  56.308 0.0000000000
109486  -9.107  22.264  56.232 0.0000000000
82272  -8.217  23.527  55.889 0.0000000000
82933  -7.742  24.214  55.928 0.0000000000
82932  -7.058  24.357  55.785 0.0000000000
82271  -7.142  23.742  55.662 0.0000000000
80446  -7.424  20.643  55.542 0.0000000000
80445  -6.646  20.535  55.378 0.0000000000
77623  -7.441  17.666  57.649 0.0000000000
79117  -6.571  17.944  56.501 0.0000000000
79116  -5.745  18.033  55.820 0.0000000000
76898  -4.435  14.627  56.393 0.0000000000
76903  -4.060  14.899  55.756 0.0000000000
76115  -4.311  14.218  55.737 0.0000000000
72655  -10.395  11.483  58.683 0.0000000000
120175  -9.702  11.648  58.398 0.0000000000
72663  -10.370  10.533  57.671 0.0000000000
73520  -8.910  11.845  57.928 0.0000000000
73528  -8.402  11.473  57.186 0.0000000000
73527  -7.581  11.728  56.713 0.0000000000
129922  -9.885  10.051  55.516 0.0000000000
115011  -9.069  10.626  56.317 0.0000000000
73534  -8.041  11.226  56.549 0.0000000000
73532  -6.897  11.721  56.085 0.0000000000
73540  -6.321  11.597  55.688 0.0000000000
72676  -7.338  10.770  55.237 0.0000000000
73539  -5.743  11.744  55.550 0.0000000000
74454  -5.256  12.088  55.355 0.0000000000
73538  -4.692  12.341  54.792 0.0000000000
72682  -4.842  10.894  54.274 0.0000000000
72691  -4.897  10.483  53.781 0.0000000000
71911  -6.286  9.597  53.511 0.0000000000
71918  -6.231  9.632  52.699 0.0000000000
71120  -6.940  9.401  52.322 0.0000000000
70323  -9.787  8.278  52.030 0.0000000000
71123  -9.088  8.418  51.709 0.0000000000
70334  -9.744  8.125  51.177 0.0000000000
71128  -8.830  8.575  50.939 0.0000000000
70369  -9.621  7.797  48.390 0.0000000000
69535  -10.988  6.655  48.268 0.0000000000
69534  -10.276  7.142  47.888 0.0000000000
68697  -10.831  5.255  46.322 0.0000000000
68023  -51.877  4.420  31.730 0.0000000000
68017  -51.888  4.431  32.273 0.0000000000
66195  -50.948  3.496  32.317 0.0000000000
68865  -50.353  4.900  33.781 0.0000000000
69681  -49.104  6.435  35.167 0.0000000000
71288  -48.810  9.128  35.952 0.0000000000
123656  -48.958  -0.437  36.388 0.0000000000
64276  -49.839  0.740  36.872 0.0000000000
64270  -49.742  0.535  37.620 0.0000000000
64277  -50.419  1.167  37.603 0.0000000000
66167  -51.238  2.767  37.275 0.0000000000
67083  -51.897  3.641  39.171 0.0000000000
67091  -51.975  3.914  38.455 0.0000000000
67973  -51.935  4.494  38.025 0.0000000000
70501  -51.015  7.750  37.463 0.0000000000
72862  -48.634  10.919  36.537 0.0000000000
72843  -48.207  11.547  36.814 0.0000000000
73728  -47.822  12.026  37.330 0.0000000000
73727  -46.912  12.205  37.296 0.0000000000
73705  -46.160  12.500  37.896 0.0000000000
72817  -47.421  11.432  38.640 0.0000000000
72816  -46.596  11.853  39.143 0.0000000000
65151  -44.766  1.819  44.239 0.0000000000
65172  -45.248  1.294  43.896 0.0000000000
65173  -46.002  1.380  43.819 0.0000000000
117407  -46.896  1.612  43.770 0.0000000000
66137  -48.041  2.700  43.478 0.0000000000
68710  -45.872  4.894  44.906 0.0000000000
67876  -46.355  4.651  44.308 0.0000000000
119635  -46.653  3.938  44.513 0.0000000000
68760  -45.916  5.116  43.238 0.0000000000
67886  -46.496  4.632  43.635 0.0000000000
67877  -47.050  4.122  43.998 0.0000000000
67042  -47.651  3.508  43.562 0.0000000000
67043  -48.285  3.239  43.029 0.0000000000
67048  -48.633  3.264  42.470 0.0000000000
67057  -48.376  3.385  41.294 0.0000000000
67068  -47.711  3.491  39.382 0.0000000000
67089  -47.228  3.854  37.547 0.0000000000
67989  -46.803  4.322  36.875 0.0000000000
67896  -40.219  4.812  41.256 0.0000000000
67897  -41.155  4.837  41.114 0.0000000000
116509  -40.249  4.547  38.993 0.0000000000
67931  -40.847  4.626  39.606 0.0000000000
67911  -41.462  4.682  40.264 0.0000000000
67932  -41.801  4.490  39.327 0.0000000000
67933  -42.614  4.435  39.342 0.0000000000
67934  -43.302  4.249  38.845 0.0000000000
68856  -38.753  5.701  34.469 0.0000000000
67999  -39.978  4.767  35.473 0.0000000000
68000  -41.024  4.716  35.592 0.0000000000
67983  -41.377  4.467  36.362 0.0000000000
67968  -42.262  4.400  37.294 0.0000000000
113214  -42.967  4.318  37.806 0.0000000000
67076  -43.873  4.122  38.055 0.0000000000
67086  -44.449  4.010  37.489 0.0000000000
68003  -43.818  4.713  35.803 0.0000000000
67986  -44.462  4.450  36.265 0.0000000000
67095  -45.947  4.076  36.725 0.0000000000
67988  -46.068  4.730  36.291 0.0000000000
68827  -46.804  5.219  36.485 0.0000000000
121058  -46.819  6.096  36.425 0.0000000000
69667  -46.319  6.693  36.276 0.0000000000
71272  -45.199  8.445  36.700 0.0000000000
71271  -44.364  8.603  36.520 0.0000000000
71258  -44.779  9.064  37.205 0.0000000000
65917  -13.967  2.352  58.895 0.0000000000
64060  -12.876  1.612  58.141 0.0000000000
64069  -12.502  0.937  57.908 0.0000000000
63026  -11.126  0.171  58.328 0.0000000000
62118  -9.947  -1.203  58.473 0.0000000000
62141  -11.133  -1.900  55.903 0.0000000000
62132  -10.893  -1.550  56.544 0.0000000000
63041  -11.495  -0.799  56.993 0.0000000000
62124  -10.154  -1.616  57.798 0.0000000000
61300  -9.780  -2.206  58.345 0.0000000000
59507  -10.663  -4.313  59.106 0.0000000000
59467  -10.698  -4.476  62.101 0.0000000000
61374  -16.569  -2.140  51.914 0.0000000000
109610  -15.825  -2.782  53.203 0.0000000000
60441  -15.209  -3.051  53.651 0.0000000000
60429  -15.953  -3.137  54.679 0.0000000000
60428  -15.209  -3.321  54.292 0.0000000000
60414  -14.156  -3.747  55.136 0.0000000000
59534  -14.257  -4.102  56.654 0.0000000000
61301  -16.492  -2.638  58.725 0.0000000000
60384  -15.979  -3.026  58.363 0.0000000000
122255  -15.420  -3.560  57.909 0.0000000000
120863  -15.496  -3.590  58.882 0.0000000000
60383  -14.654  -3.977  58.351 0.0000000000
120396  -13.718  -4.315  58.278 0.0000000000
59510  -12.829  -4.462  59.298 0.0000000000
59469  -13.042  -4.820  61.591 0.0000000000
114783  -12.153  -4.795  61.961 0.0000000000
59446  -11.543  -5.456  63.627 0.0000000000
57754  -12.312  -7.064  64.876 0.0000000000
115148  -13.016  -7.143  64.592 0.0000000000
56767  -12.812  -7.587  64.953 0.0000000000
65929  -25.449  2.050  57.715 0.0000000000
65017  -24.846  1.033  58.529 0.0000000000
64075  -24.227  0.574  58.496 0.0000000000
63021  -24.218  -0.107  59.450 0.0000000000
64062  -23.810  0.050  58.855 0.0000000000
63019  -22.432  -0.532  59.563 0.0000000000
60361  -24.025  -2.754  59.832 0.0000000000
110181  -23.343  -2.604  60.035 0.0000000000
60371  -22.615  -3.503  59.448 0.0000000000
60360  -22.582  -2.849  60.160 0.0000000000
61283  -22.931  -2.155  60.512 0.0000000000
62100  -22.450  -1.579  60.604 0.0000000000
62099  -21.705  -1.379  60.537 0.0000000000
62093  -21.138  -1.877  60.755 0.0000000000
60350  -20.632  -3.103  61.320 0.0000000000
59476  -19.729  -4.188  61.146 0.0000000000
58628  -19.279  -5.001  60.951 0.0000000000
57772  -18.353  -5.589  60.820 0.0000000000
56785  -18.144  -6.367  59.145 0.0000000000
78405  -17.512  17.097  50.725 0.0000000000
132252  -18.268  17.848  51.743 0.0000000000
78398  -17.722  17.148  51.607 0.0000000000
77653  -16.156  15.774  50.675 0.0000000000
72036  -25.752  9.989  36.472 0.0000000000
112681  -25.118  10.395  37.019 0.0000000000
72824  -24.526  10.757  37.622 0.0000000000
72807  -24.608  10.565  38.562 0.0000000000
73685  -23.976  11.117  38.245 0.0000000000
111148  -23.519  11.485  38.697 0.0000000000
73673  -23.238  11.648  39.363 0.0000000000
73663  -22.813  11.912  40.016 0.0000000000
121980  -26.255  11.115  42.257 0.0000000000
121629  -25.351  10.919  42.087 0.0000000000
73630  -25.846  11.639  43.463 0.0000000000
73652  -23.417  11.396  41.262 0.0000000000
124989  -22.924  11.710  40.704 0.0000000000
74571  -22.428  12.270  40.592 0.0000000000
116845  -22.392  12.212  41.982 0.0000000000
75403  -21.931  12.841  42.259 0.0000000000
116124  -21.932  12.912  43.158 0.0000000000
74543  -23.527  12.053  44.221 0.0000000000
75392  -22.070  13.104  44.037 0.0000000000
75388  -22.198  13.326  44.902 0.0000000000
75383  -22.444  13.643  45.706 0.0000000000
75378  -22.694  13.900  46.518 0.0000000000
69588  -27.002  6.322  44.193 0.0000000000
129419  -26.330  6.761  44.306 0.0000000000
71179  -27.841  8.882  46.655 0.0000000000
71965  -28.184  9.379  47.315 0.0000000000
73606  -28.624  11.292  47.690 0.0000000000
70435  -24.162  7.583  44.302 0.0000000000
71964  -26.331  9.274  46.970 0.0000000000
71950  -25.921  9.573  47.755 0.0000000000
71951  -27.152  9.328  47.867 0.0000000000
71953  -28.572  9.846  48.689 0.0000000000
72739  -28.762  10.416  48.313 0.0000000000
74525  -27.656  12.395  47.338 0.0000000000
120800  -25.666  12.807  47.177 0.0000000000
74510  -26.419  13.008  48.591 0.0000000000
74524  -25.975  12.967  47.920 0.0000000000
74531  -24.773  12.849  47.110 0.0000000000
75380  -24.109  13.179  47.219 0.0000000000
75379  -23.439  13.478  46.906 0.0000000000
76179  -22.564  14.624  47.756 0.0000000000
76173  -22.863  14.692  48.572 0.0000000000
76162  -24.570  14.114  50.419 0.0000000000
76161  -23.903  14.418  49.891 0.0000000000
128239  -22.766  15.268  49.657 0.0000000000
131584  -22.703  15.505  50.175 0.0000000000
76935  -22.901  15.379  51.121 0.0000000000
76927  -22.560  15.338  52.038 0.0000000000
73574  -24.355  11.553  51.050 0.0000000000
74488  -23.529  12.324  51.552 0.0000000000
74477  -23.214  12.992  52.157 0.0000000000
74486  -22.252  13.057  50.839 0.0000000000
75327  -23.380  13.517  52.497 0.0000000000
76127  -22.291  14.418  52.367 0.0000000000
120648  -21.483  14.893  52.601 0.0000000000
76918  -21.096  15.488  53.015 0.0000000000
123235  -20.395  15.523  53.153 0.0000000000
76926  -20.039  15.300  52.742 0.0000000000
76134  -18.626  15.417  51.939 0.0000000000
76147  -19.193  14.761  51.280 0.0000000000
76146  -17.955  15.014  51.201 0.0000000000
76145  -16.692  15.168  50.837 0.0000000000
76144  -15.711  14.935  50.553 0.0000000000
76143  -15.263  15.037  50.402 0.0000000000
76171  -14.915  14.384  49.502 0.0000000000
75359  -14.495  14.006  48.585 0.0000000000
75370  -14.241  13.407  47.889 0.0000000000
75371  -15.040  13.353  47.816 0.0000000000
74515  -13.776  13.043  47.855 0.0000000000
73581  -13.467  11.489  49.245 0.0000000000
73608  -16.862  11.252  46.512 0.0000000000
72733  -16.162  10.984  46.874 0.0000000000
71939  -15.789  9.882  48.675 0.0000000000
72723  -15.244  10.504  48.379 0.0000000000
128516  -14.681  10.977  48.399 0.0000000000
73573  -14.120  10.810  49.834 0.0000000000
72709  -13.811  10.766  50.814 0.0000000000
72693  -15.442  10.211  53.188 0.0000000000
72694  -15.785  10.172  54.158 0.0000000000
72686  -16.395  10.054  54.623 0.0000000000
72687  -16.771  10.237  55.287 0.0000000000
127713  -19.013  5.481  47.914 0.0000000000
68681  -18.638  5.854  48.312 0.0000000000
69538  -18.247  6.322  48.795 0.0000000000
69529  -19.130  6.092  49.881 0.0000000000
69528  -18.431  6.383  49.589 0.0000000000
69519  -18.041  6.747  50.037 0.0000000000
70351  -17.970  6.995  50.807 0.0000000000
70338  -18.232  7.255  51.571 0.0000000000
70320  -23.829  7.766  53.760 0.0000000000
70331  -22.173  7.946  53.035 0.0000000000
70327  -17.993  7.697  52.244 0.0000000000
71119  -18.029  8.127  53.049 0.0000000000
71112  -17.828  8.642  53.657 0.0000000000
71107  -19.972  8.246  54.978 0.0000000000
71106  -18.320  8.738  54.512 0.0000000000
71908  -18.084  9.263  55.208 0.0000000000
71907  -17.406  9.765  55.243 0.0000000000
71897  -17.967  9.773  55.826 0.0000000000
72681  -18.243  10.089  56.484 0.0000000000
71890  -19.702  9.518  57.036 0.0000000000
71082  -21.255  8.203  57.393 0.0000000000
71081  -20.900  8.606  57.758 0.0000000000
71883  -20.289  9.101  58.281 0.0000000000
70293  -20.444  7.679  58.939 0.0000000000
69460  -20.047  6.959  59.222 0.0000000000
116657  -19.556  6.314  59.254 0.0000000000
67757  -20.051  4.220  56.016 0.0000000000
67747  -20.501  4.835  56.809 0.0000000000
67753  -19.613  4.240  56.872 0.0000000000
66858  -18.178  3.388  56.189 0.0000000000
67746  -19.873  4.790  57.576 0.0000000000
67738  -19.323  4.872  58.294 0.0000000000
67737  -18.720  4.977  59.022 0.0000000000
66836  -16.917  3.087  59.101 0.0000000000
65927  -16.420  2.674  58.643 0.0000000000
65920  -16.182  2.783  59.137 0.0000000000
65919  -15.395  2.580  59.109 0.0000000000
68875  -53.046  5.270  31.871 0.0000000000
69708  -53.720  6.873  32.479 0.0000000000
115288  -53.046  6.181  32.606 0.0000000000
71317  -50.320  8.191  32.459 0.0000000000
72895  -51.161  10.671  32.350 0.0000000000
73785  -50.361  11.753  31.490 0.0000000000
73784  -49.598  11.999  30.908 0.0000000000
67916  -2.718  4.028  38.974 0.0000000000
67062  -3.065  3.660  38.991 0.0000000000
66145  -2.961  2.351  39.714 0.0000000000
66149  -2.927  2.926  39.235 0.0000000000
65199  -5.021  1.813  39.613 0.0000000000
130507  -5.723  1.583  39.331 0.0000000000
66992  -8.982  3.227  46.124 0.0000000000
118449  -7.596  2.574  46.316 0.0000000000
66079  -6.004  2.488  46.770 0.0000000000
66077  -3.974  2.487  46.516 0.0000000000
65000  -12.854  2.219  58.500 0.0000000000
64999  -11.956  2.219  58.450 0.0000000000
64998  -10.974  1.585  58.529 0.0000000000
131156  -10.839  1.232  58.540 0.0000000000
122344  -9.632  1.320  59.587 0.0000000000
130853  -8.424  1.110  60.632 0.0000000000
62095  -8.995  -1.209  60.166 0.0000000000
63001  -8.327  -0.215  60.857 0.0000000000
62091  -7.936  -1.072  61.344 0.0000000000
64050  -8.217  0.523  60.935 0.0000000000
64990  -7.756  1.113  61.086 0.0000000000
64989  -6.867  0.963  61.303 0.0000000000
64047  -5.324  0.109  61.606 0.0000000000
64042  -4.852  -0.372  61.972 0.0000000000
62998  -4.481  -0.466  61.759 0.0000000000
62997  -4.148  -0.824  61.918 0.0000000000
62087  -3.765  -1.376  62.110 0.0000000000
76955  -14.571  15.642  47.875 0.0000000000
130322  -14.891  16.104  47.251 0.0000000000
77684  -15.073  16.478  46.655 0.0000000000
121384  -13.630  16.904  47.326 0.0000000000
78426  -14.406  17.019  46.795 0.0000000000
114771  -14.475  17.914  46.528 0.0000000000
79200  -14.561  18.732  46.227 0.0000000000
79157  -12.550  19.089  49.798 0.0000000000
79158  -12.921  19.305  48.989 0.0000000000
81103  -13.377  21.635  48.679 0.0000000000
124222  -13.198  22.552  54.128 0.0000000000
113763  -12.238  23.593  53.146 0.0000000000
83603  -12.668  25.223  53.636 0.0000000000
124981  -12.111  24.544  53.004 0.0000000000
126813  -12.072  24.926  51.159 0.0000000000
126208  -12.341  25.646  50.028 0.0000000000
85488  -14.555  28.871  53.024 0.0000000000
85491  -14.038  28.359  52.306 0.0000000000
84898  -13.495  27.864  51.614 0.0000000000
85498  -14.060  28.535  51.457 0.0000000000
84904  -12.976  27.268  50.979 0.0000000000
84258  -12.552  26.489  50.308 0.0000000000
118180  -5.889  24.761  55.781 0.0000000000
82930  -5.343  25.045  55.859 0.0000000000
83587  -4.893  25.283  55.788 0.0000000000
83586  -4.349  25.501  55.483 0.0000000000
83585  -3.627  25.273  55.290 0.0000000000
81055  -4.798  22.505  54.589 0.0000000000
128397  -4.268  21.009  54.166 0.0000000000
80433  -4.216  21.879  54.235 0.0000000000
82267  -4.309  24.142  54.526 0.0000000000
82940  -3.424  24.941  55.103 0.0000000000
84236  -2.525  25.590  54.816 0.0000000000
84874  -2.275  26.563  54.467 0.0000000000
84239  -2.451  25.874  53.716 0.0000000000
83602  -3.068  25.357  52.987 0.0000000000
84244  -2.952  26.435  52.313 0.0000000000
84245  -3.152  26.697  52.105 0.0000000000
76119  -4.122  14.135  54.392 0.0000000000
78380  -4.919  16.840  54.146 0.0000000000
79850  -4.442  19.932  53.227 0.0000000000
77636  -5.973  16.234  53.046 0.0000000000
78384  -5.771  17.076  53.327 0.0000000000
79132  -5.760  18.316  52.772 0.0000000000
79851  -4.818  19.262  53.133 0.0000000000
80453  -4.079  20.799  52.754 0.0000000000
80455  -3.725  21.289  52.391 0.0000000000
81074  -3.561  21.834  52.052 0.0000000000
116654  -3.733  22.157  51.663 0.0000000000
82286  -3.593  23.409  51.622 0.0000000000
82948  -3.654  24.496  51.833 0.0000000000
118101  -3.578  25.959  51.977 0.0000000000
84248  -3.388  26.997  51.922 0.0000000000
84895  -3.717  27.519  51.683 0.0000000000
84896  -4.135  27.132  51.617 0.0000000000
84901  -4.612  27.831  51.311 0.0000000000
83613  -4.518  25.472  51.637 0.0000000000
84255  -4.553  26.650  51.583 0.0000000000
84910  -5.596  28.013  50.479 0.0000000000
81697  -5.538  22.823  49.960 0.0000000000
82969  -5.728  23.620  50.013 0.0000000000
82983  -6.100  23.188  49.104 0.0000000000
82970  -6.240  23.837  49.653 0.0000000000
83630  -6.359  24.720  50.332 0.0000000000
84266  -6.476  26.110  50.727 0.0000000000
85505  -7.008  28.198  49.305 0.0000000000
85512  -7.321  28.580  48.468 0.0000000000
85513  -8.208  28.222  48.113 0.0000000000
85520  -8.512  28.554  47.365 0.0000000000
84928  -8.933  27.814  47.658 0.0000000000
82359  -6.493  22.841  46.348 0.0000000000
82360  -6.953  23.365  45.748 0.0000000000
82372  -7.305  23.016  45.043 0.0000000000
81756  -6.903  22.282  44.751 0.0000000000
82373  -8.356  23.167  44.774 0.0000000000
81758  -8.807  22.780  44.169 0.0000000000
130638  -9.463  23.072  43.888 0.0000000000
81771  -9.364  22.435  43.666 0.0000000000
116187  -7.489  20.533  43.360 0.0000000000
80586  -7.882  19.971  42.914 0.0000000000
114760  -8.901  19.880  42.651 0.0000000000
78489  -8.357  17.800  41.640 0.0000000000
131430  -6.155  15.482  46.628 0.0000000000
77673  -6.350  16.202  46.260 0.0000000000
77683  -5.918  16.480  45.360 0.0000000000
76959  -4.850  15.101  45.309 0.0000000000
77682  -5.404  16.017  45.041 0.0000000000
78431  -5.655  16.780  44.663 0.0000000000
78440  -5.636  17.007  44.232 0.0000000000
78450  -5.704  17.256  43.980 0.0000000000
74541  -4.349  13.023  44.634 0.0000000000
75386  -4.244  13.845  44.237 0.0000000000
76192  -4.330  14.575  44.078 0.0000000000
131981  -4.244  13.600  43.744 0.0000000000
76193  -4.414  14.794  43.829 0.0000000000
76969  -4.538  15.321  43.980 0.0000000000
77697  -4.886  16.038  43.780 0.0000000000
78449  -5.272  16.612  43.866 0.0000000000
78457  -5.661  17.167  43.682 0.0000000000
79274  -5.974  17.742  43.543 0.0000000000
78487  -6.224  17.269  42.446 0.0000000000
78473  -6.619  17.736  42.253 0.0000000000
115943  -7.408  17.783  41.875 0.0000000000
122534  -8.519  16.455  41.399 0.0000000000
131453  -8.988  15.834  41.360 0.0000000000
76207  -9.102  15.143  41.644 0.0000000000
72771  -7.754  10.716  42.912 0.0000000000
71990  -8.063  9.266  42.623 0.0000000000
118530  -8.456  9.954  42.882 0.0000000000
58616  -14.718  -6.661  63.204 0.0000000000
59531  -11.468  -4.019  56.930 0.0000000000
60349  -18.347  -3.265  61.214 0.0000000000
60351  -21.308  -3.383  60.966 0.0000000000
60401  -12.823  -3.866  56.049 0.0000000000
60425  -13.218  -3.052  54.444 0.0000000000
60427  -14.536  -3.258  54.008 0.0000000000
61282  -18.946  -1.844  60.436 0.0000000000
61308  -16.470  -2.532  57.960 0.0000000000
61343  -13.829  -2.257  53.460 0.0000000000
61344  -14.395  -2.504  53.228 0.0000000000
61346  -15.909  -3.045  53.868 0.0000000000
61361  -15.686  -2.360  52.413 0.0000000000
61366  -33.003  -2.560  52.467 0.0000000000
61375  -17.288  -1.812  51.448 0.0000000000
61376  -30.413  -2.139  51.690 0.0000000000
61381  -39.693  -1.501  51.639 0.0000000000
61389  -31.363  -2.160  50.762 0.0000000000
61390  -31.998  -1.839  50.857 0.0000000000
61394  -30.151  -2.278  50.110 0.0000000000
62089  -7.452  -1.641  62.530 0.0000000000
62133  -11.596  -1.261  56.157 0.0000000000
62142  -11.746  -1.821  55.471 0.0000000000
62149  -12.924  -1.764  54.362 0.0000000000
62154  -35.628  -1.479  54.157 0.0000000000
62168  -39.650  -0.955  52.420 0.0000000000
62170  -13.946  -1.598  53.235 0.0000000000
62186  -16.599  -1.701  51.188 0.0000000000
62203  -16.828  -1.232  50.809 0.0000000000
62204  -17.609  -1.296  50.861 0.0000000000
62211  -32.342  -1.259  50.397 0.0000000000
62225  -31.289  -1.481  49.395 0.0000000000
62236  -26.965  -1.718  49.081 0.0000000000
62252  -27.884  -1.883  47.539 0.0000000000
62266  -26.640  -1.358  46.890 0.0000000000
62292  -4.520  -1.076  42.953 0.0000000000
62295  -5.770  -0.750  43.761 0.0000000000
63057  -14.064  -0.145  54.031 0.0000000000
63063  -36.002  -0.094  54.382 0.0000000000
63077  -39.644  -0.375  52.027 0.0000000000
63081  -19.990  -0.929  52.232 0.0000000000
63090  -15.658  -0.419  51.088 0.0000000000
63101  -16.440  -0.485  50.783 0.0000000000
63106  -26.268  -1.012  50.398 0.0000000000
63119  -25.447  -0.437  47.934 0.0000000000
63121  -30.119  -1.159  48.086 0.0000000000
63133  -26.069  -1.148  47.484 0.0000000000
63141  -26.769  -1.191  46.222 0.0000000000
63153  -28.057  -0.612  45.483 0.0000000000
63240  -47.270  0.082  39.547 0.0000000000
64086  -2.648  0.699  56.606 0.0000000000
64094  -13.823  0.200  55.509 0.0000000000
64105  -37.213  0.642  54.496 0.0000000000
64106  -38.064  0.520  54.083 0.0000000000
64107  -38.743  0.349  53.444 0.0000000000
64108  -39.224  0.202  52.770 0.0000000000
64115  -34.695  0.538  53.152 0.0000000000
64118  -14.753  0.205  52.833 0.0000000000
64126  -14.905  0.004  52.054 0.0000000000
64137  -17.024  0.101  50.688 0.0000000000
64139  -18.331  0.426  50.609 0.0000000000
64140  -19.153  0.510  50.631 0.0000000000
64143  -32.728  0.313  50.287 0.0000000000
64145  -39.624  -0.120  50.882 0.0000000000
64185  -26.771  0.172  44.343 0.0000000000
64257  -50.482  1.330  39.331 0.0000000000
65035  -27.522  2.063  57.082 0.0000000000
65053  -39.369  0.566  52.433 0.0000000000
65062  -35.261  2.072  53.983 0.0000000000
65065  -39.570  0.621  52.103 0.0000000000
65070  -23.340  1.936  52.599 0.0000000000
65080  -15.837  0.941  51.803 0.0000000000
65084  -20.667  1.462  50.873 0.0000000000
65085  -21.446  1.443  51.289 0.0000000000
65086  -22.056  1.779  51.689 0.0000000000
65090  -39.657  0.888  51.286 0.0000000000
65094  -17.857  1.122  50.762 0.0000000000
65096  -20.007  1.548  50.749 0.0000000000
65097  -26.135  1.766  50.787 0.0000000000
65122  -23.755  1.682  45.845 0.0000000000
65153  -47.255  2.432  44.081 0.0000000000
65158  -25.639  1.663  43.393 0.0000000000
65938  -26.734  2.577  57.367 0.0000000000
65971  -24.455  2.622  54.217 0.0000000000
65982  -17.012  2.179  53.055 0.0000000000
66000  -26.876  2.614  51.983 0.0000000000
66006  -3.191  2.625  52.069 0.0000000000
66033  -3.047  3.198  49.361 0.0000000000
66043  -31.906  3.003  49.663 0.0000000000
66058  -24.401  2.459  48.547 0.0000000000
66088  -43.712  3.300  45.247 0.0000000000
66107  -2.945  2.344  44.386 0.0000000000
66110  -7.481  2.925  44.516 0.0000000000
66113  -28.170  2.437  43.845 0.0000000000
66127  -23.398  2.485  43.770 0.0000000000
66130  -26.314  2.303  43.261 0.0000000000
66157  -51.573  2.752  39.012 0.0000000000
66848  -27.021  3.021  56.695 0.0000000000
66880  -5.877  1.370  54.811 0.0000000000
66901  -19.730  3.667  53.598 0.0000000000
66921  -27.761  4.113  52.693 0.0000000000
66923  -34.210  3.876  53.072 0.0000000000
66943  -33.466  3.003  52.139 0.0000000000
66959  -10.892  3.069  50.067 0.0000000000
66982  -10.304  3.602  47.253 0.0000000000
67015  -30.402  3.716  45.769 0.0000000000
67023  -45.449  3.525  45.197 0.0000000000
67030  -28.677  3.755  43.996 0.0000000000
67065  -44.684  3.868  39.290 0.0000000000
67094  -45.038  4.066  36.914 0.0000000000
67754  -26.631  3.989  55.846 0.0000000000
67769  -27.433  4.132  54.847 0.0000000000
67779  -27.481  4.444  53.914 0.0000000000
67781  -34.858  5.204  54.108 0.0000000000
67785  -21.151  4.072  52.966 0.0000000000
67815  -21.707  4.501  49.495 0.0000000000
67825  -31.809  4.447  48.593 0.0000000000
67846  -19.649  4.827  46.586 0.0000000000
67862  -21.136  4.211  44.828 0.0000000000
67872  -22.292  3.960  43.775 0.0000000000
67875  -30.017  4.984  44.596 0.0000000000
67882  -23.633  4.480  43.022 0.0000000000
67903  -2.941  4.628  39.309 0.0000000000
67925  -34.517  4.944  39.515 0.0000000000
67930  -39.989  4.693  39.808 0.0000000000
67952  -42.451  4.378  38.638 0.0000000000
67967  -41.669  4.402  37.001 0.0000000000
67977  -35.879  5.231  36.730 0.0000000000
67979  -37.538  4.791  36.539 0.0000000000
68615  -20.713  6.076  57.812 0.0000000000
68635  -34.643  6.251  53.329 0.0000000000
68656  -25.978  5.833  51.926 0.0000000000
68670  -32.731  6.229  50.388 0.0000000000
68675  -19.570  5.610  49.372 0.0000000000
68680  -11.489  5.282  47.898 0.0000000000
68689  -18.590  5.840  47.492 0.0000000000
68713  -20.558  5.491  44.607 0.0000000000
68714  -21.219  5.260  44.255 0.0000000000
68721  -31.064  6.335  44.723 0.0000000000
68722  -37.624  5.718  43.985 0.0000000000
68723  -45.525  5.725  44.725 0.0000000000
68724  -45.849  5.332  44.313 0.0000000000
68736  -35.361  6.107  43.320 0.0000000000
68748  -33.935  5.819  41.746 0.0000000000
68759  -44.752  6.031  42.506 0.0000000000
68766  -36.782  4.837  41.985 0.0000000000
68767  -38.095  4.801  42.008 0.0000000000
68784  -32.268  5.845  40.409 0.0000000000
68785  -33.472  5.353  40.454 0.0000000000
68800  -30.724  5.917  38.691 0.0000000000
68803  -33.087  5.311  38.254 0.0000000000
68811  -31.406  5.712  37.394 0.0000000000
68814  -34.130  5.407  37.046 0.0000000000
68832  -31.779  5.973  35.947 0.0000000000
68834  -33.921  5.697  35.473 0.0000000000
68838  -37.474  5.243  35.089 0.0000000000
68840  -39.255  5.140  34.912 0.0000000000
68843  -42.449  5.085  35.178 0.0000000000
68852  -35.155  5.984  34.760 0.0000000000
69463  -20.720  7.189  58.505 0.0000000000
69467  -21.539  7.150  57.625 0.0000000000
69471  -15.040  6.720  55.783 0.0000000000
69481  -24.530  7.112  53.703 0.0000000000
69484  -34.898  6.790  53.227 0.0000000000
69495  -35.137  7.314  52.805 0.0000000000
69544  -10.791  6.385  47.433 0.0000000000
69560  -43.603  6.340  46.466 0.0000000000
69587  -25.558  6.792  44.083 0.0000000000
69607  -23.037  6.156  43.455 0.0000000000
69634  -32.460  6.874  41.732 0.0000000000
69650  -30.435  6.362  39.344 0.0000000000
69674  -30.682  6.698  35.709 0.0000000000
69676  -32.491  6.187  35.405 0.0000000000
69686  -33.800  6.588  34.679 0.0000000000
69689  -36.215  6.806  34.211 0.0000000000
70291  -18.917  7.709  60.148 0.0000000000
70297  -21.289  8.085  57.951 0.0000000000
70302  -21.983  7.393  55.653 0.0000000000
70354  -34.886  8.476  51.105 0.0000000000
70390  -6.426  8.217  45.820 0.0000000000
70403  -42.841  7.559  46.613 0.0000000000
70411  -24.643  8.183  44.907 0.0000000000
70419  -35.456  8.183  45.748 0.0000000000
70432  -20.363  7.481  44.549 0.0000000000
70440  -30.244  7.319  44.260 0.0000000000
70449  -33.836  8.185  43.665 0.0000000000
70478  -30.122  7.050  39.806 0.0000000000
70489  -28.147  7.578  37.516 0.0000000000
70497  -29.145  7.153  36.308 0.0000000000
70515  -30.668  7.669  34.903 0.0000000000
70542  -54.759  7.743  32.517 0.0000000000
71076  -20.655  8.364  58.547 0.0000000000
71089  -21.334  8.053  56.770 0.0000000000
71099  -7.623  9.367  53.725 0.0000000000
71134  -37.759  8.547  49.946 0.0000000000
71176  -24.581  9.345  46.235 0.0000000000
71193  -21.298  8.767  44.904 0.0000000000
71197  -25.990  8.499  45.746 0.0000000000
71203  -34.390  9.607  45.748 0.0000000000
71227  -31.932  9.385  42.225 0.0000000000
71238  -30.864  8.096  41.010 0.0000000000
71252  -51.424  8.850  38.891 0.0000000000
71253  -51.836  8.399  39.017 0.0000000000
71278  -27.767  8.548  35.650 0.0000000000
71280  -29.152  7.963  35.371 0.0000000000
71292  -28.816  8.964  34.849 0.0000000000
71870  -18.234  9.809  60.157 0.0000000000
71885  -9.431  10.351  55.933 0.0000000000
71916  -2.526  10.773  52.900 0.0000000000
71941  -26.493  9.645  48.537 0.0000000000
71952  -28.119  9.399  48.314 0.0000000000
71970  -19.871  9.475  45.353 0.0000000000
71974  -23.602  9.416  45.891 0.0000000000
72001  -30.048  9.215  40.682 0.0000000000
72020  -50.227  9.766  38.601 0.0000000000
72024  -25.670  9.828  37.393 0.0000000000
72025  -26.216  9.367  36.909 0.0000000000
72045  -49.815  10.202  37.314 0.0000000000
72051  -27.515  9.724  35.155 0.0000000000
72067  -30.179  9.701  34.543 0.0000000000
72114  -54.833  9.096  31.444 0.0000000000
72157  -57.463  11.257  22.743 0.0000000000
72171  -58.171  9.767  20.281 0.0000000000
72660  -18.911  10.021  58.322 0.0000000000
72672  -16.987  10.922  56.746 0.0000000000
72695  -2.408  10.861  53.099 0.0000000000
72696  -2.643  10.907  53.135 0.0000000000
72713  -27.962  10.666  50.549 0.0000000000
72720  -28.671  11.240  49.526 0.0000000000
72721  -4.333  11.132  47.933 0.0000000000
72734  -21.913  11.024  47.024 0.0000000000
72735  -22.724  10.818  47.431 0.0000000000
72737  -24.521  10.247  48.143 0.0000000000
72753  -18.490  10.048  45.647 0.0000000000
72756  -21.169  10.451  45.871 0.0000000000
72777  -31.956  11.211  42.886 0.0000000000
72781  -29.848  10.998  41.464 0.0000000000
72795  -26.502  10.016  39.792 0.0000000000
72887  -54.725  10.409  33.527 0.0000000000
73519  -17.178  11.204  59.509 0.0000000000
73545  -2.628  11.613  54.196 0.0000000000
73553  -2.376  11.433  53.620 0.0000000000
73561  -2.841  11.365  52.442 0.0000000000
73564  -12.365  11.538  51.504 0.0000000000
73566  -25.479  12.059  52.089 0.0000000000
73568  -27.404  12.013  51.059 0.0000000000
73585  -24.823  11.038  50.197 0.0000000000
73597  -28.719  11.273  48.656 0.0000000000
73598  -4.239  11.510  47.378 0.0000000000
73607  -4.265  11.915  46.745 0.0000000000
73615  -4.410  12.262  46.155 0.0000000000
73622  -25.462  11.933  44.229 0.0000000000
73635  -31.185  11.639  43.050 0.0000000000
73648  -30.030  11.839  42.717 0.0000000000
73650  -31.450  11.501  42.870 0.0000000000
73667  -26.368  10.686  40.973 0.0000000000
73756  -30.963  11.105  34.766 0.0000000000
74443  -5.694  12.613  56.457 0.0000000000
74447  -13.279  12.588  57.116 0.0000000000
74463  -2.566  12.177  53.503 0.0000000000
74468  -3.220  12.504  52.785 0.0000000000
74472  -24.213  13.429  52.437 0.0000000000
74476  -11.173  12.419  51.279 0.0000000000
74478  -23.964  12.826  52.372 0.0000000000
74481  -26.684  12.345  51.410 0.0000000000
74489  -24.591  12.159  51.994 0.0000000000
74490  -27.069  12.700  50.700 0.0000000000
74495  -21.458  12.980  49.553 0.0000000000
74501  -4.467  12.089  47.936 0.0000000000
74503  -12.670  12.911  48.569 0.0000000000
74505  -14.041  12.261  47.799 0.0000000000
74508  -21.548  12.525  48.958 0.0000000000
74528  -18.131  12.147  46.680 0.0000000000
74529  -19.167  12.100  46.787 0.0000000000
74540  -4.421  12.945  45.130 0.0000000000
74565  -22.653  11.909  41.354 0.0000000000
75281  -10.307  14.230  60.972 0.0000000000
75308  -11.883  13.095  56.597 0.0000000000
75325  -22.200  14.110  52.176 0.0000000000
75326  -22.765  13.906  52.436 0.0000000000
75330  -10.480  13.656  51.850 0.0000000000
75332  -22.676  13.564  52.125 0.0000000000
75344  -25.598  13.543  51.351 0.0000000000
75390  -4.260  14.242  43.937 0.0000000000
75399  -9.545  13.639  42.336 0.0000000000
76125  -10.297  14.326  52.205 0.0000000000
76128  -23.130  14.016  52.556 0.0000000000
76153  -10.754  14.390  49.821 0.0000000000
76160  -23.152  14.784  49.381 0.0000000000
76167  -11.965  14.360  48.778 0.0000000000
76176  -4.601  14.030  45.845 0.0000000000
76181  -4.425  13.738  45.422 0.0000000000
76182  -4.405  14.175  45.367 0.0000000000
76269  -30.713  14.127  35.827 0.0000000000
76902  -3.930  15.042  55.278 0.0000000000
76919  -21.896  15.200  52.532 0.0000000000
76938  -11.036  15.916  49.021 0.0000000000
76961  -4.323  14.485  44.731 0.0000000000
76963  -4.594  15.164  44.776 0.0000000000
76966  -4.401  14.819  44.312 0.0000000000
77637  -6.314  16.574  52.445 0.0000000000
77639  -19.655  16.767  53.447 0.0000000000
77641  -21.446  16.180  52.865 0.0000000000
77659  -10.749  16.425  49.570 0.0000000000
77667  -12.249  16.325  48.160 0.0000000000
78392  -19.186  17.572  53.215 0.0000000000
78400  -18.630  17.834  52.710 0.0000000000
78434  -14.962  17.224  46.138 0.0000000000
78488  -7.024  17.236  41.875 0.0000000000
79141  -19.418  18.411  52.521 0.0000000000
79848  -13.036  19.929  54.730 0.0000000000
80449  -13.296  20.251  55.501 0.0000000000
80457  -4.469  20.736  52.159 0.0000000000
80497  -13.389  20.873  48.865 0.0000000000
81071  -3.401  22.294  52.191 0.0000000000
81075  -12.979  21.611  51.703 0.0000000000
81101  -6.069  21.818  49.171 0.0000000000
81680  -3.738  22.899  51.460 0.0000000000
82265  -12.695  23.368  57.630 0.0000000000
82293  -4.189  24.033  51.436 0.0000000000
82299  -4.574  23.660  51.252 0.0000000000
82300  -5.076  23.738  51.046 0.0000000000
82345  -6.391  22.587  47.301 0.0000000000
82927  -4.233  24.941  55.011 0.0000000000
82946  -12.564  24.284  53.780 0.0000000000
82968  -5.347  23.621  50.553 0.0000000000
83588  -5.730  25.334  56.053 0.0000000000
84224  -3.687  25.926  55.410 0.0000000000
84229  -6.694  26.300  56.034 0.0000000000
84257  -5.680  26.351  51.250 0.0000000000
84273  -8.419  26.426  48.418 0.0000000000
84872  -14.098  27.601  56.953 0.0000000000
85489  -2.872  29.051  51.621 0.0000000000
86600  -11.866  30.342  54.169 0.0000000000
86602  -14.057  30.903  55.123 0.0000000000
87240  -15.103  31.328  54.390 0.0000000000
87252  -2.731  30.504  52.317 0.0000000000
109613  -14.225  12.757  58.512 0.0000000000
110980  -13.334  21.267  52.787 0.0000000000
111443  -27.369  1.694  53.028 0.0000000000
111479  -27.933  2.695  53.853 0.0000000000
111968  -3.995  11.204  53.275 0.0000000000
112137  -10.868  3.316  49.151 0.0000000000
112350  -3.515  23.007  53.376 0.0000000000
112401  -27.184  4.744  53.877 0.0000000000
112567  -18.238  10.841  45.991 0.0000000000
112949  -28.698  0.616  45.214 0.0000000000
112955  -4.069  24.514  51.592 0.0000000000
113240  -2.314  26.982  52.551 0.0000000000
113494  -4.485  13.141  45.816 0.0000000000
113615  -12.080  24.160  50.678 0.0000000000
113881  -32.775  2.235  51.226 0.0000000000
113898  -36.233  4.867  40.040 0.0000000000
113907  -13.106  11.449  52.888 0.0000000000
114072  -37.161  4.904  37.254 0.0000000000
114511  -37.995  4.723  40.452 0.0000000000
114627  -2.097  26.758  53.367 0.0000000000
115197  -51.787  11.221  32.575 0.0000000000
115451  -12.359  19.381  52.427 0.0000000000
115625  -27.363  12.858  50.112 0.0000000000
115729  -28.198  12.132  46.290 0.0000000000
115783  -21.476  15.614  47.176 0.0000000000
116309  -19.178  8.430  54.752 0.0000000000
116511  -38.052  4.760  39.138 0.0000000000
116717  -4.095  23.753  54.250 0.0000000000
116783  -14.560  -3.502  54.571 0.0000000000
117410  -4.720  24.841  55.297 0.0000000000
117491  -24.962  1.543  58.104 0.0000000000
117682  -29.977  12.808  35.150 0.0000000000
118554  -18.079  -1.876  53.898 0.0000000000
118638  -19.659  -2.814  61.193 0.0000000000
118984  -24.727  3.661  42.884 0.0000000000
119191  -18.462  2.664  52.088 0.0000000000
119456  -39.621  0.309  51.775 0.0000000000
119991  -34.903  7.076  34.289 0.0000000000
120367  -34.085  5.035  40.222 0.0000000000
122729  -23.614  14.785  51.307 0.0000000000
122774  -33.244  8.864  34.545 0.0000000000
123453  -21.627  7.583  44.200 0.0000000000
123521  -7.021  14.754  42.338 0.0000000000
123610  -38.497  4.681  41.403 0.0000000000
123625  -21.547  5.753  50.586 0.0000000000
124331  -27.985  4.879  43.855 0.0000000000
124333  -24.665  1.046  47.970 0.0000000000
125635  -31.730  2.289  48.793 0.0000000000
125818  -10.728  13.824  50.219 0.0000000000
125956  -47.315  1.359  43.159 0.0000000000
125984  -29.807  1.082  46.350 0.0000000000
126008  -43.946  5.206  35.456 0.0000000000
126920  -11.039  12.710  52.808 0.0000000000
127346  -23.741  13.831  52.542 0.0000000000
127390  -19.596  -1.182  52.564 0.0000000000
127619  -32.704  5.589  36.801 0.0000000000
127621  -35.171  5.563  41.980 0.0000000000
128003  -17.236  9.964  60.824 0.0000000000
128050  -38.170  1.437  53.862 0.0000000000
128097  -28.452  11.156  50.190 0.0000000000
128208  -25.757  11.563  51.690 0.0000000000
128484  -26.245  3.987  55.849 0.0000000000
129255  -13.802  25.670  56.835 0.0000000000
129375  -34.373  9.607  47.131 0.0000000000
129546  -5.999  13.524  50.303 0.0000000000
129578  -28.612  -1.798  47.684 0.0000000000
129822  -4.252  9.679  44.871 0.0000000000
129880  -14.915  -3.886  56.629 0.0000000000
130118  -10.226  -3.913  59.233 0.0000000000
130132  -15.256  -1.941  52.068 0.0000000000
130203  -14.852  -5.922  62.511 0.0000000000
130299  -11.542  15.778  48.647 0.0000000000
130514  -4.523  14.151  56.215 0.0000000000
130594  -6.139  28.641  55.012 0.0000000000
130773  -8.418  2.728  47.328 0.0000000000
131015  -15.419  3.586  59.512 0.0000000000
131045  -3.646  29.644  53.989 0.0000000000
131213  -15.681  10.211  48.062 0.0000000000
131263  -32.105  2.306  49.383 0.0000000000
131509  -11.183  14.468  58.263 0.0000000000
131703  -44.018  4.816  45.933 0.0000000000
131927  -25.298  12.930  47.717 0.0000000000
132296  -21.517  -0.807  60.156 0.0000000000
