#!ascii label  , from subject sub-v1s21x0050383_ses-1 vox2ras=TkReg
3780
885  -0.691  -83.792  -10.449 0.0000000000
14527  -2.264  -57.530  -27.336 0.0000000000
22541  -27.404  -47.746  -18.679 0.0000000000
1898  -7.120  -81.729  -35.403 0.0000000000
25302  -14.947  -44.898  -23.878 0.0000000000
17366  -9.914  -53.210  -15.990 0.0000000000
5634  -2.029  -70.426  -11.135 0.0000000000
181  -5.904  -87.286  -21.342 0.0000000000
8280  -4.460  -66.604  -36.112 0.0000000000
28434  -22.260  -40.503  -15.530 0.0000000000
111093  -24.889  -46.137  -14.627 0.0000000000
27734  -24.277  -41.497  -23.602 0.0000000000
122610  -14.797  -41.572  -24.403 0.0000000000
15826  -2.162  -55.198  -14.412 0.0000000000
13663  1.326  -58.708  -16.603 0.0000000000
11525  3.252  -61.204  -24.922 0.0000000000
10064  -2.001  -63.456  -18.151 0.0000000000
3691  0.754  -74.304  -9.452 0.0000000000
4729  2.051  -71.936  -14.699 0.0000000000
1424  1.982  -81.241  -13.044 0.0000000000
167  0.702  -87.301  -18.019 0.0000000000
936  -4.154  -83.817  -17.437 0.0000000000
513  -15.221  -86.965  -16.421 0.0000000000
19138  -1.036  -51.000  -25.465 0.0000000000
22658  -7.122  -45.849  -28.277 0.0000000000
17517  -8.101  -53.545  -28.215 0.0000000000
3128  -4.625  -76.569  -34.592 0.0000000000
3954  -2.043  -74.665  -34.917 0.0000000000
5412  -6.309  -71.359  -36.094 0.0000000000
109314  -15.898  -85.193  -32.483 0.0000000000
1086  -17.026  -83.080  -36.576 0.0000000000
109049  -23.694  -81.248  -34.474 0.0000000000
28480  -26.291  -40.682  -18.646 0.0000000000
115331  -8.779  -78.709  -30.501 0.0000000000
1937  -13.278  -80.144  -40.011 0.0000000000
19888  -21.198  -51.712  -15.756 0.0000000000
18998  -17.693  -51.054  -14.800 0.0000000000
15899  -13.841  -55.724  -18.946 0.0000000000
16611  -4.116  -55.384  -18.012 0.0000000000
8663  -6.720  -65.978  -12.931 0.0000000000
119813  0.944  -66.125  -15.086 0.0000000000
366  -12.192  -87.099  -21.946 0.0000000000
124918  -12.614  -88.179  -27.592 0.0000000000
121574  -11.295  -48.751  -22.452 0.0000000000
10229  -5.617  -63.556  -30.453 0.0000000000
11009  -10.547  -61.872  -35.663 0.0000000000
13862  -6.567  -57.537  -32.600 0.0000000000
131072  -22.161  -45.522  -17.343 0.0000000000
125744  1.485  -56.579  -11.652 0.0000000000
12886  0.983  -59.561  -13.780 0.0000000000
11452  1.384  -61.759  -17.132 0.0000000000
10722  -1.811  -62.354  -14.471 0.0000000000
1659  -0.382  -80.738  -7.579 0.0000000000
2863  0.502  -75.772  -5.775 0.0000000000
2250  0.312  -78.787  -9.327 0.0000000000
110884  -1.382  -76.749  -12.623 0.0000000000
109744  -1.390  -80.880  -12.987 0.0000000000
1446  -0.819  -81.725  -15.904 0.0000000000
919  -1.765  -83.719  -14.169 0.0000000000
16022  -1.040  -54.798  -30.068 0.0000000000
15976  -2.375  -54.948  -25.792 0.0000000000
18292  -4.885  -52.606  -26.994 0.0000000000
15979  -5.408  -55.688  -26.068 0.0000000000
3459  -6.953  -75.037  -31.437 0.0000000000
3506  -6.278  -75.705  -36.258 0.0000000000
118537  -6.987  -71.793  -32.424 0.0000000000
1582  -16.939  -81.878  -32.729 0.0000000000
1318  -19.318  -83.100  -34.549 0.0000000000
1574  -21.283  -82.056  -31.809 0.0000000000
114449  -26.954  -43.084  -16.471 0.0000000000
28467  -25.728  -40.214  -17.315 0.0000000000
25261  -27.837  -43.631  -19.120 0.0000000000
25273  -27.176  -44.260  -21.637 0.0000000000
1565  -3.732  -82.468  -34.161 0.0000000000
127805  -5.186  -78.776  -31.535 0.0000000000
123988  -7.709  -80.082  -33.415 0.0000000000
129571  -19.154  -80.695  -38.013 0.0000000000
1627  -15.096  -81.432  -37.825 0.0000000000
2212  -15.213  -79.534  -36.033 0.0000000000
26112  -10.745  -43.686  -22.650 0.0000000000
28525  -10.637  -40.300  -26.615 0.0000000000
26144  -10.890  -42.969  -25.120 0.0000000000
18147  -12.933  -52.030  -13.838 0.0000000000
118429  -13.529  -52.255  -16.514 0.0000000000
16577  -12.273  -54.947  -16.213 0.0000000000
15124  -9.450  -56.709  -16.250 0.0000000000
110969  0.041  -54.476  -17.480 0.0000000000
129139  -2.290  -54.032  -16.069 0.0000000000
15927  -1.827  -55.111  -19.733 0.0000000000
7311  -6.063  -67.118  -8.936 0.0000000000
6153  -4.983  -69.192  -13.067 0.0000000000
7393  -3.659  -67.675  -15.371 0.0000000000
122722  -0.525  -67.111  -12.494 0.0000000000
2937  2.271  -76.728  -18.064 0.0000000000
4279  2.443  -73.050  -17.315 0.0000000000
109072  -2.950  -89.152  -18.723 0.0000000000
114754  -10.459  -84.059  -13.906 0.0000000000
538  -17.591  -86.645  -19.337 0.0000000000
536  -13.939  -85.405  -19.682 0.0000000000
119833  -15.710  -88.102  -22.369 0.0000000000
7  -12.742  -89.647  -25.153 0.0000000000
205  -15.781  -87.479  -25.137 0.0000000000
109850  -13.792  -84.225  -27.153 0.0000000000
1026  -14.554  -83.709  -24.747 0.0000000000
17354  -22.512  -53.445  -14.666 0.0000000000
20826  -7.364  -49.862  -23.060 0.0000000000
21854  -10.360  -47.753  -30.945 0.0000000000
117427  -10.555  -48.586  -27.409 0.0000000000
5404  -3.989  -70.924  -35.214 0.0000000000
5388  -2.625  -71.253  -32.897 0.0000000000
114137  -3.455  -67.469  -32.420 0.0000000000
9563  -2.532  -64.789  -31.700 0.0000000000
8264  -6.779  -66.059  -32.625 0.0000000000
13184  -8.062  -59.559  -34.496 0.0000000000
13153  -12.261  -59.793  -30.965 0.0000000000
15315  -11.120  -57.062  -30.596 0.0000000000
26083  -24.572  -43.372  -14.787 0.0000000000
22529  -26.720  -47.335  -16.177 0.0000000000
30178  -23.576  -38.313  -21.993 0.0000000000
29324  -22.625  -39.004  -23.909 0.0000000000
29340  -20.926  -39.552  -25.196 0.0000000000
28528  -19.156  -40.291  -26.110 0.0000000000
28540  -17.151  -40.762  -27.042 0.0000000000
24413  -14.742  -45.567  -22.171 0.0000000000
14342  -1.789  -57.045  -12.216 0.0000000000
15823  1.273  -54.901  -14.753 0.0000000000
14401  2.308  -56.824  -19.199 0.0000000000
12201  2.617  -60.191  -19.892 0.0000000000
111653  1.520  -62.296  -21.164 0.0000000000
114738  0.512  -64.332  -20.705 0.0000000000
4613  0.529  -72.582  -5.523 0.0000000000
5595  0.729  -70.846  -8.477 0.0000000000
6683  2.887  -68.221  -10.431 0.0000000000
4708  0.300  -71.899  -12.591 0.0000000000
2926  -0.400  -76.198  -15.950 0.0000000000
129248  2.390  -80.773  -16.588 0.0000000000
710  2.822  -84.056  -15.213 0.0000000000
124161  -1.196  -84.827  -18.498 0.0000000000
171  -5.537  -86.975  -18.959 0.0000000000
701  -12.658  -84.652  -13.074 0.0000000000
726  -16.426  -85.098  -16.326 0.0000000000
124252  -0.599  -48.509  -22.757 0.0000000000
22618  -4.818  -47.764  -24.719 0.0000000000
19991  -3.790  -49.477  -25.616 0.0000000000
20016  -7.532  -50.311  -27.829 0.0000000000
19215  -8.064  -50.803  -31.142 0.0000000000
2790  -0.047  -77.590  -33.886 0.0000000000
3503  0.850  -76.248  -37.355 0.0000000000
109000  -3.167  -77.684  -37.488 0.0000000000
4005  -4.813  -74.507  -38.661 0.0000000000
5891  -6.114  -69.705  -37.968 0.0000000000
108875  -18.271  -86.225  -34.151 0.0000000000
1334  -21.256  -82.251  -36.733 0.0000000000
2202  -21.289  -79.728  -34.255 0.0000000000
31037  -22.811  -38.039  -19.988 0.0000000000
28487  -25.911  -41.073  -22.028 0.0000000000
113014  -1.760  -85.153  -8.712 0.0000000000
132  -1.470  -87.405  -11.986 0.0000000000
275  -3.675  -86.658  -11.104 0.0000000000
13844  -1.025  -58.472  -30.956 0.0000000000
2768  -2.024  -77.942  -32.328 0.0000000000
124759  -5.859  -76.874  -30.278 0.0000000000
3415  -8.986  -75.872  -28.163 0.0000000000
1083  -13.915  -83.084  -34.467 0.0000000000
1610  -12.159  -81.542  -35.996 0.0000000000
1924  -9.355  -81.632  -37.878 0.0000000000
3160  -13.721  -76.870  -38.480 0.0000000000
2820  -10.422  -76.989  -39.494 0.0000000000
117282  -10.748  -79.430  -35.207 0.0000000000
2792  -11.098  -77.876  -33.213 0.0000000000
22507  -21.567  -47.900  -14.975 0.0000000000
21627  -20.350  -48.450  -13.900 0.0000000000
19876  -19.787  -50.847  -15.076 0.0000000000
17406  -18.176  -53.719  -17.350 0.0000000000
113922  -15.986  -51.106  -13.927 0.0000000000
117607  -16.043  -52.337  -17.697 0.0000000000
16526  -8.895  -53.552  -13.027 0.0000000000
17349  -5.480  -53.103  -14.571 0.0000000000
15842  -6.840  -54.906  -16.099 0.0000000000
8636  -2.950  -65.375  -10.212 0.0000000000
10001  -2.978  -62.870  -12.377 0.0000000000
9367  -4.725  -64.677  -15.619 0.0000000000
8097  -2.197  -65.860  -18.401 0.0000000000
6762  0.681  -68.120  -18.733 0.0000000000
7361  2.949  -67.855  -13.728 0.0000000000
119104  2.987  -69.307  -17.721 0.0000000000
299  -3.438  -86.885  -15.553 0.0000000000
126172  -6.614  -85.882  -17.187 0.0000000000
122018  -8.214  -86.027  -20.139 0.0000000000
124533  -11.201  -82.780  -20.523 0.0000000000
1010  -9.647  -83.620  -23.216 0.0000000000
388  -10.674  -86.788  -25.369 0.0000000000
839  -12.677  -84.823  -30.063 0.0000000000
118120  -13.615  -82.141  -30.453 0.0000000000
20744  -23.195  -49.118  -15.564 0.0000000000
19021  -25.158  -51.393  -15.270 0.0000000000
21740  -14.461  -46.848  -23.204 0.0000000000
20862  -8.662  -48.215  -25.439 0.0000000000
113735  -11.877  -49.331  -24.990 0.0000000000
11662  -2.224  -61.640  -33.675 0.0000000000
12341  -3.450  -60.769  -29.626 0.0000000000
7664  -8.423  -67.404  -36.718 0.0000000000
9615  -12.269  -64.390  -37.344 0.0000000000
10288  -6.959  -63.400  -37.229 0.0000000000
10983  -7.156  -62.515  -33.637 0.0000000000
12354  -7.708  -60.412  -30.489 0.0000000000
13093  -7.705  -58.829  -27.733 0.0000000000
15303  -5.647  -55.906  -30.189 0.0000000000
16754  -8.762  -54.418  -32.200 0.0000000000
25232  -20.630  -44.257  -15.882 0.0000000000
24331  -21.661  -45.490  -16.688 0.0000000000
12130  -0.715  -59.966  -14.060 0.0000000000
1370  -0.169  -81.732  -8.887 0.0000000000
1657  0.862  -80.034  -8.046 0.0000000000
1381  -0.936  -81.503  -9.322 0.0000000000
1684  -1.630  -79.992  -11.232 0.0000000000
110291  -1.798  -82.296  -11.874 0.0000000000
1139  -1.969  -82.131  -13.577 0.0000000000
900  -1.035  -83.858  -12.284 0.0000000000
15292  -1.329  -55.935  -28.961 0.0000000000
15999  -1.299  -54.694  -27.610 0.0000000000
15263  -2.462  -56.258  -26.165 0.0000000000
15977  -3.231  -55.474  -25.613 0.0000000000
14500  -4.046  -57.072  -26.169 0.0000000000
4424  -7.845  -73.504  -30.243 0.0000000000
4434  -7.428  -73.707  -32.068 0.0000000000
131264  -7.825  -72.116  -30.397 0.0000000000
111935  -27.400  -45.276  -17.399 0.0000000000
26096  -27.497  -43.008  -17.491 0.0000000000
24382  -27.588  -45.653  -19.113 0.0000000000
23449  -27.331  -46.115  -20.338 0.0000000000
109139  -4.931  -82.391  -33.793 0.0000000000
124234  -6.403  -82.155  -34.982 0.0000000000
108880  -6.424  -80.533  -33.947 0.0000000000
108403  -7.806  -80.553  -34.173 0.0000000000
1903  -18.729  -80.396  -34.645 0.0000000000
1919  -17.454  -80.653  -36.490 0.0000000000
123192  -16.496  -79.293  -34.281 0.0000000000
26127  -12.159  -44.145  -22.961 0.0000000000
122983  -10.423  -43.213  -23.793 0.0000000000
25300  -13.625  -43.845  -24.965 0.0000000000
25306  -13.857  -44.001  -26.351 0.0000000000
25308  -15.334  -44.943  -25.807 0.0000000000
18145  -11.133  -52.584  -14.697 0.0000000000
18176  -11.796  -52.578  -16.276 0.0000000000
16575  -10.541  -53.773  -16.519 0.0000000000
127363  -11.346  -56.123  -15.779 0.0000000000
111243  -9.669  -54.893  -15.806 0.0000000000
15912  0.853  -55.161  -19.535 0.0000000000
16622  -0.624  -54.686  -19.098 0.0000000000
4673  -2.312  -72.000  -9.464 0.0000000000
5638  -5.044  -70.163  -10.885 0.0000000000
5649  -3.537  -70.423  -12.396 0.0000000000
6151  -2.937  -69.263  -13.439 0.0000000000
6703  -1.159  -68.668  -11.943 0.0000000000
1745  3.547  -79.743  -18.499 0.0000000000
88  -4.767  -88.554  -20.015 0.0000000000
120406  -3.731  -90.222  -21.026 0.0000000000
96  -4.885  -89.101  -22.549 0.0000000000
363  -6.704  -87.041  -23.209 0.0000000000
684  -10.630  -84.421  -11.510 0.0000000000
546  -16.704  -86.109  -20.908 0.0000000000
179  -16.460  -87.157  -21.197 0.0000000000
368  -16.322  -87.006  -22.064 0.0000000000
199  -16.268  -88.052  -23.476 0.0000000000
575  -15.669  -86.093  -23.539 0.0000000000
582  -15.096  -85.034  -24.954 0.0000000000
109370  -1.936  -49.256  -19.946 0.0000000000
20809  -6.466  -50.002  -21.211 0.0000000000
20808  -5.722  -49.464  -21.016 0.0000000000
6969  -3.937  -68.284  -36.138 0.0000000000
6369  -3.463  -69.167  -34.307 0.0000000000
7648  -4.109  -67.167  -34.525 0.0000000000
7628  -4.394  -67.141  -32.185 0.0000000000
8268  -5.387  -66.424  -33.774 0.0000000000
25235  -23.091  -44.449  -15.560 0.0000000000
26876  -22.035  -42.881  -15.138 0.0000000000
25217  -24.672  -44.866  -14.670 0.0000000000
25219  -26.300  -44.614  -15.155 0.0000000000
22521  -26.183  -47.201  -15.340 0.0000000000
129303  -10.250  -81.630  -33.146 0.0000000000
126795  -24.238  -39.483  -22.551 0.0000000000
30190  -23.027  -38.476  -23.236 0.0000000000
29325  -23.601  -39.696  -23.483 0.0000000000
28510  -21.562  -40.234  -24.924 0.0000000000
28517  -20.722  -40.392  -25.395 0.0000000000
29339  -20.281  -39.666  -25.594 0.0000000000
27769  -19.426  -41.213  -25.744 0.0000000000
27768  -18.609  -41.074  -26.162 0.0000000000
111887  1.327  -58.011  -14.504 0.0000000000
15070  1.819  -56.223  -13.360 0.0000000000
120693  1.268  -56.770  -15.367 0.0000000000
15120  1.170  -56.277  -16.665 0.0000000000
125965  1.714  -57.661  -17.656 0.0000000000
13706  2.697  -58.505  -20.024 0.0000000000
119329  2.361  -60.023  -18.143 0.0000000000
10770  -0.028  -62.591  -17.256 0.0000000000
10768  0.989  -61.945  -18.694 0.0000000000
10796  -0.113  -62.555  -20.436 0.0000000000
10115  0.414  -63.134  -21.438 0.0000000000
9434  -0.982  -63.428  -20.458 0.0000000000
2849  -0.578  -76.636  -2.714 0.0000000000
3232  0.540  -75.338  -7.348 0.0000000000
3651  1.558  -74.260  -5.514 0.0000000000
4162  1.503  -73.202  -7.177 0.0000000000
4640  0.252  -72.050  -7.229 0.0000000000
4672  1.307  -72.326  -9.126 0.0000000000
110874  2.018  -71.098  -9.401 0.0000000000
130321  0.759  -73.482  -10.960 0.0000000000
132539  -0.396  -78.096  -13.538 0.0000000000
2917  -1.034  -75.714  -13.995 0.0000000000
2288  1.330  -78.436  -14.290 0.0000000000
2300  2.108  -78.256  -15.918 0.0000000000
1717  2.806  -80.383  -14.228 0.0000000000
1160  3.359  -82.610  -15.272 0.0000000000
1157  1.895  -82.490  -14.015 0.0000000000
1163  -2.122  -82.141  -16.983 0.0000000000
943  -0.502  -83.427  -17.418 0.0000000000
124238  -2.676  -83.536  -18.399 0.0000000000
109340  -2.928  -85.689  -18.942 0.0000000000
739  -4.778  -84.562  -18.287 0.0000000000
472  -14.961  -85.870  -11.384 0.0000000000
17488  -0.017  -52.416  -25.675 0.0000000000
19137  0.283  -51.522  -25.077 0.0000000000
109041  1.779  -50.409  -22.171 0.0000000000
19980  -0.857  -50.119  -24.710 0.0000000000
20860  -2.347  -49.116  -24.570 0.0000000000
121837  -2.351  -50.115  -25.286 0.0000000000
119270  -6.113  -53.005  -27.128 0.0000000000
19156  -5.983  -51.098  -27.277 0.0000000000
18301  -8.294  -51.944  -28.006 0.0000000000
20055  -8.024  -49.638  -30.021 0.0000000000
18341  -7.276  -51.860  -30.598 0.0000000000
108409  -2.961  -77.009  -35.054 0.0000000000
109302  -1.202  -77.786  -36.828 0.0000000000
109063  -3.199  -77.764  -36.501 0.0000000000
3990  -5.339  -75.539  -38.286 0.0000000000
5417  -5.021  -71.609  -38.169 0.0000000000
5420  -6.186  -70.442  -37.772 0.0000000000
628  -15.653  -86.824  -31.399 0.0000000000
254  -16.595  -87.056  -32.776 0.0000000000
110396  -17.362  -86.051  -32.808 0.0000000000
108397  -22.226  -81.920  -34.857 0.0000000000
1322  -20.892  -83.490  -35.218 0.0000000000
1327  -23.272  -81.930  -36.013 0.0000000000
1923  -22.231  -80.423  -36.946 0.0000000000
28475  -25.965  -40.293  -17.926 0.0000000000
29289  -23.974  -39.363  -17.323 0.0000000000
29296  -24.386  -39.089  -17.981 0.0000000000
29303  -25.290  -39.138  -19.093 0.0000000000
29308  -24.888  -39.135  -20.046 0.0000000000
28483  -26.121  -40.754  -19.986 0.0000000000
260  -2.897  -86.187  -8.708 0.0000000000
2462  -0.817  -79.192  -32.399 0.0000000000
2466  -7.275  -78.935  -31.497 0.0000000000
2449  -4.813  -78.045  -31.114 0.0000000000
2756  -6.731  -77.654  -30.046 0.0000000000
113304  -6.852  -76.520  -29.511 0.0000000000
2744  -9.185  -77.710  -29.349 0.0000000000
124152  -15.195  -83.281  -35.696 0.0000000000
1926  -14.053  -80.484  -39.032 0.0000000000
1618  -14.043  -81.286  -36.846 0.0000000000
1624  -12.414  -81.234  -38.466 0.0000000000
113788  -10.636  -82.039  -37.940 0.0000000000
1635  -10.877  -81.316  -39.493 0.0000000000
116978  -10.667  -75.349  -39.786 0.0000000000
3159  -9.786  -75.290  -38.897 0.0000000000
2810  -10.454  -77.691  -38.025 0.0000000000
2811  -10.765  -77.266  -36.894 0.0000000000
2481  -11.243  -77.923  -35.051 0.0000000000
3142  -11.133  -76.053  -35.352 0.0000000000
27767  -16.335  -41.952  -26.438 0.0000000000
27779  -12.391  -40.501  -28.030 0.0000000000
22477  -20.312  -46.794  -13.021 0.0000000000
19853  -18.644  -50.033  -13.844 0.0000000000
19862  -19.304  -50.252  -14.434 0.0000000000
18999  -18.449  -51.138  -14.931 0.0000000000
123305  -18.362  -53.124  -16.647 0.0000000000
18183  -17.944  -52.382  -16.251 0.0000000000
130830  -16.026  -50.975  -12.309 0.0000000000
17401  -13.862  -53.565  -17.621 0.0000000000
18179  -14.454  -52.248  -16.992 0.0000000000
17422  -15.340  -54.136  -19.054 0.0000000000
15093  -3.567  -55.885  -14.518 0.0000000000
130237  -2.900  -54.656  -16.843 0.0000000000
17362  -4.684  -54.433  -15.323 0.0000000000
17386  -5.349  -53.996  -15.672 0.0000000000
16549  -6.483  -53.524  -15.847 0.0000000000
15864  -5.557  -55.355  -16.761 0.0000000000
15121  -6.825  -56.180  -16.552 0.0000000000
15898  -6.041  -55.698  -18.563 0.0000000000
7993  -6.454  -66.365  -10.505 0.0000000000
7981  -3.933  -66.135  -9.167 0.0000000000
8638  -4.872  -65.204  -10.529 0.0000000000
9327  -2.844  -64.279  -11.367 0.0000000000
9339  -5.014  -64.095  -12.772 0.0000000000
10008  -4.366  -63.656  -13.751 0.0000000000
122762  -6.010  -65.623  -14.661 0.0000000000
8684  -1.363  -66.049  -14.836 0.0000000000
112790  -2.966  -66.713  -16.912 0.0000000000
8704  -1.153  -65.828  -16.605 0.0000000000
8720  -0.368  -65.884  -17.533 0.0000000000
8060  0.616  -66.579  -16.625 0.0000000000
5647  3.024  -70.554  -12.499 0.0000000000
7338  2.969  -67.885  -12.055 0.0000000000
5656  3.421  -70.302  -13.731 0.0000000000
4300  3.272  -73.299  -19.495 0.0000000000
5673  1.853  -70.898  -17.556 0.0000000000
5239  1.695  -71.695  -20.149 0.0000000000
85  1.997  -88.112  -18.959 0.0000000000
54  -2.303  -88.397  -12.868 0.0000000000
148  -1.642  -87.587  -13.877 0.0000000000
124459  -7.771  -86.814  -16.434 0.0000000000
321  -9.742  -87.101  -18.104 0.0000000000
338  -8.844  -87.323  -19.498 0.0000000000
740  -9.067  -85.634  -19.157 0.0000000000
125990  -13.869  -86.136  -15.152 0.0000000000
715  -12.704  -84.340  -15.506 0.0000000000
121733  -13.365  -85.050  -16.716 0.0000000000
554  -12.785  -86.106  -20.840 0.0000000000
758  -12.384  -84.292  -20.438 0.0000000000
552  -11.967  -85.145  -21.945 0.0000000000
978  -10.787  -82.998  -22.052 0.0000000000
573  -11.503  -85.038  -23.386 0.0000000000
580  -10.901  -85.397  -24.551 0.0000000000
381  -11.268  -86.945  -24.039 0.0000000000
115  -13.644  -88.998  -26.700 0.0000000000
8  -11.565  -90.213  -26.074 0.0000000000
131203  -11.381  -89.520  -27.726 0.0000000000
620  -11.559  -86.003  -30.131 0.0000000000
131691  -11.981  -85.842  -28.018 0.0000000000
1277  -13.610  -82.763  -27.532 0.0000000000
1058  -13.050  -83.523  -28.779 0.0000000000
1292  -13.395  -81.765  -29.125 0.0000000000
1882  -14.308  -80.976  -30.965 0.0000000000
20742  -21.712  -49.443  -15.704 0.0000000000
21646  -22.755  -48.610  -15.812 0.0000000000
19019  -22.465  -50.899  -15.510 0.0000000000
18151  -24.082  -52.582  -14.941 0.0000000000
18188  -25.448  -52.358  -16.530 0.0000000000
19957  -9.853  -49.652  -21.449 0.0000000000
21716  -11.359  -45.778  -21.616 0.0000000000
22599  -13.586  -46.256  -22.479 0.0000000000
21738  -12.271  -46.770  -22.634 0.0000000000
22637  -5.772  -47.628  -26.202 0.0000000000
129503  -6.398  -47.458  -25.323 0.0000000000
22640  -7.489  -46.252  -27.147 0.0000000000
20865  -11.462  -49.417  -25.710 0.0000000000
20867  -13.426  -49.818  -25.288 0.0000000000
20852  -14.126  -49.245  -24.526 0.0000000000
3973  -0.250  -74.880  -36.947 0.0000000000
3951  0.691  -74.115  -35.491 0.0000000000
3953  -1.201  -73.849  -34.827 0.0000000000
131518  -4.310  -63.882  -31.600 0.0000000000
10246  -2.561  -63.308  -33.634 0.0000000000
129789  -3.661  -62.736  -31.956 0.0000000000
11627  -2.711  -61.232  -31.212 0.0000000000
11629  -4.542  -62.251  -30.142 0.0000000000
129792  -11.164  -63.079  -36.407 0.0000000000
124672  -9.686  -63.907  -36.298 0.0000000000
10277  -7.742  -62.408  -37.027 0.0000000000
10268  -6.470  -63.185  -35.488 0.0000000000
11707  -7.635  -61.313  -35.861 0.0000000000
13884  -6.619  -58.455  -33.602 0.0000000000
12377  -5.998  -59.560  -33.371 0.0000000000
13148  -5.616  -58.702  -32.204 0.0000000000
13125  -7.772  -59.597  -29.102 0.0000000000
13836  -6.138  -57.717  -30.214 0.0000000000
14543  -7.374  -57.239  -28.584 0.0000000000
116913  -5.841  -56.705  -30.700 0.0000000000
128432  -9.464  -55.467  -30.998 0.0000000000
16046  -11.098  -55.551  -33.358 0.0000000000
25234  -21.954  -44.449  -16.465 0.0000000000
24349  -23.641  -45.766  -15.703 0.0000000000
13611  2.065  -58.543  -12.740 0.0000000000
12902  0.379  -59.301  -14.772 0.0000000000
115721  1.772  -60.267  -16.797 0.0000000000
12143  0.356  -60.285  -15.417 0.0000000000
10729  -0.410  -62.442  -15.640 0.0000000000
10024  -1.810  -63.333  -16.011 0.0000000000
2519  -2.941  -78.009  -6.013 0.0000000000
2865  -0.912  -76.678  -5.124 0.0000000000
2526  -0.402  -78.027  -7.274 0.0000000000
130823  -0.083  -77.876  -8.119 0.0000000000
2882  0.343  -76.468  -9.874 0.0000000000
3257  -0.529  -75.132  -11.106 0.0000000000
2539  -0.964  -77.300  -11.119 0.0000000000
2271  -1.459  -78.367  -12.446 0.0000000000
1720  0.391  -80.542  -13.027 0.0000000000
120882  0.771  -81.422  -13.545 0.0000000000
1426  -1.137  -81.108  -14.452 0.0000000000
1150  -2.251  -82.149  -15.158 0.0000000000
711  -2.790  -84.358  -15.701 0.0000000000
16693  -0.345  -53.354  -26.526 0.0000000000
17489  -1.362  -52.949  -25.868 0.0000000000
18290  -2.721  -51.664  -26.447 0.0000000000
17491  -3.560  -53.801  -26.188 0.0000000000
16695  -4.609  -54.064  -26.382 0.0000000000
16697  -6.792  -54.593  -26.823 0.0000000000
3481  -5.923  -75.740  -33.156 0.0000000000
3129  -5.574  -76.460  -34.976 0.0000000000
3934  -6.991  -74.668  -33.591 0.0000000000
4442  -6.901  -73.962  -34.232 0.0000000000
122705  -6.519  -70.944  -33.855 0.0000000000
109208  -15.708  -83.373  -33.070 0.0000000000
124137  -17.529  -84.260  -33.868 0.0000000000
1595  -18.748  -82.276  -33.445 0.0000000000
1585  -20.149  -81.768  -32.984 0.0000000000
1587  -22.656  -81.472  -33.164 0.0000000000
26892  -25.281  -41.789  -15.776 0.0000000000
28453  -23.902  -40.234  -16.357 0.0000000000
27684  -27.262  -41.357  -16.288 0.0000000000
27695  -27.862  -41.723  -17.457 0.0000000000
26908  -28.663  -42.657  -18.533 0.0000000000
113785  -27.919  -43.321  -20.296 0.0000000000
25269  -27.604  -44.647  -20.352 0.0000000000
113267  -2.228  -80.293  -32.725 0.0000000000
2183  -3.619  -81.457  -33.965 0.0000000000
108405  -6.262  -79.648  -32.754 0.0000000000
2467  -8.296  -79.027  -31.296 0.0000000000
1341  -18.707  -81.334  -38.658 0.0000000000
1330  -16.620  -82.218  -37.693 0.0000000000
1938  -16.235  -80.828  -39.479 0.0000000000
1928  -15.229  -80.591  -38.510 0.0000000000
2215  -14.369  -79.498  -37.786 0.0000000000
27729  -12.186  -41.613  -22.923 0.0000000000
28509  -12.678  -40.582  -25.035 0.0000000000
27738  -10.240  -41.456  -24.110 0.0000000000
26961  -9.193  -41.967  -25.657 0.0000000000
26167  -10.989  -42.557  -27.137 0.0000000000
18139  -14.108  -51.778  -12.973 0.0000000000
18985  -14.713  -51.542  -13.895 0.0000000000
18148  -13.422  -51.908  -14.766 0.0000000000
17390  -12.920  -53.236  -17.099 0.0000000000
15867  -13.045  -55.801  -16.931 0.0000000000
115226  -11.828  -56.471  -17.187 0.0000000000
15142  -10.859  -56.710  -17.394 0.0000000000
17359  -0.396  -53.651  -15.614 0.0000000000
16548  -2.058  -53.871  -15.435 0.0000000000
18175  -0.937  -53.883  -16.315 0.0000000000
16609  -1.922  -54.627  -17.960 0.0000000000
111279  -3.143  -55.146  -19.122 0.0000000000
112261  -5.644  -68.677  -9.085 0.0000000000
6688  -6.460  -67.942  -10.666 0.0000000000
7356  -6.742  -67.585  -12.991 0.0000000000
7380  -6.457  -67.194  -14.461 0.0000000000
6737  -4.238  -68.394  -14.282 0.0000000000
114174  -1.974  -67.677  -13.918 0.0000000000
126333  -0.325  -66.304  -13.443 0.0000000000
3747  1.682  -74.181  -16.958 0.0000000000
4265  1.794  -72.868  -16.060 0.0000000000
117279  2.531  -75.107  -18.016 0.0000000000
109196  -0.292  -88.684  -18.186 0.0000000000
108354  0.659  -89.275  -18.744 0.0000000000
131862  -2.219  -90.286  -19.706 0.0000000000
495  -9.564  -86.111  -14.921 0.0000000000
332  -16.552  -87.182  -18.202 0.0000000000
530  -14.272  -85.601  -18.217 0.0000000000
340  -16.676  -87.168  -19.410 0.0000000000
357  -14.868  -87.141  -21.372 0.0000000000
192  -13.595  -87.957  -22.072 0.0000000000
21  -12.307  -88.735  -23.138 0.0000000000
23  -14.077  -88.988  -23.101 0.0000000000
40  -15.028  -88.867  -25.484 0.0000000000
116  -14.596  -88.209  -26.564 0.0000000000
605  -13.222  -85.929  -27.288 0.0000000000
600  -14.869  -85.737  -26.385 0.0000000000
1044  -14.277  -84.031  -26.419 0.0000000000
1259  -13.980  -82.265  -25.713 0.0000000000
19018  -21.666  -51.923  -15.594 0.0000000000
19969  -9.678  -50.444  -23.023 0.0000000000
21834  -8.650  -47.096  -29.826 0.0000000000
22660  -8.601  -46.623  -28.622 0.0000000000
21822  -10.274  -47.903  -29.322 0.0000000000
4451  -3.801  -73.209  -34.791 0.0000000000
4910  -2.818  -72.858  -33.612 0.0000000000
117026  -3.764  -70.949  -34.275 0.0000000000
114698  -2.542  -68.865  -32.662 0.0000000000
6925  -1.576  -67.852  -32.055 0.0000000000
131358  -0.623  -65.594  -31.937 0.0000000000
8253  -2.849  -66.403  -31.013 0.0000000000
8902  -4.638  -66.181  -30.823 0.0000000000
113344  -6.246  -65.042  -30.646 0.0000000000
11713  -14.645  -61.547  -36.023 0.0000000000
11696  -11.687  -61.327  -34.793 0.0000000000
11694  -9.739  -60.783  -35.092 0.0000000000
114714  -10.932  -60.616  -33.425 0.0000000000
12380  -10.486  -59.896  -32.136 0.0000000000
13136  -9.951  -58.943  -31.070 0.0000000000
14561  -8.655  -57.305  -30.737 0.0000000000
13849  -11.226  -58.502  -30.462 0.0000000000
27659  -21.126  -40.938  -15.160 0.0000000000
26847  -22.310  -42.193  -14.946 0.0000000000
27660  -22.880  -41.645  -15.055 0.0000000000
26879  -25.446  -42.652  -15.374 0.0000000000
129462  -26.924  -45.392  -16.232 0.0000000000
113052  -27.246  -47.937  -17.826 0.0000000000
1600  -7.533  -82.266  -34.999 0.0000000000
31057  -22.573  -37.383  -22.181 0.0000000000
31064  -22.567  -37.615  -23.007 0.0000000000
126694  -21.612  -37.601  -24.007 0.0000000000
116322  -22.005  -38.858  -24.258 0.0000000000
31069  -21.059  -37.491  -24.441 0.0000000000
30202  -20.296  -38.355  -25.343 0.0000000000
122270  -19.687  -38.379  -25.749 0.0000000000
28527  -18.381  -40.086  -26.546 0.0000000000
26978  -17.035  -42.184  -25.717 0.0000000000
26949  -15.689  -42.067  -24.313 0.0000000000
27719  -13.880  -42.101  -22.418 0.0000000000
112954  -12.981  -44.236  -22.792 0.0000000000
25294  -14.251  -45.467  -22.727 0.0000000000
18136  -11.236  -52.899  -13.615 0.0000000000
15073  -2.340  -56.467  -13.464 0.0000000000
15045  -0.747  -56.784  -11.661 0.0000000000
15802  -0.368  -55.549  -12.770 0.0000000000
16522  0.398  -54.422  -14.001 0.0000000000
16569  0.657  -54.668  -16.542 0.0000000000
15894  1.153  -55.461  -18.380 0.0000000000
15192  1.870  -56.308  -20.459 0.0000000000
14443  2.431  -57.656  -21.354 0.0000000000
13004  2.980  -59.265  -21.768 0.0000000000
12223  3.126  -60.864  -22.331 0.0000000000
12191  2.304  -60.946  -18.244 0.0000000000
11490  2.184  -61.645  -20.658 0.0000000000
10811  2.821  -61.991  -22.538 0.0000000000
10821  2.409  -62.842  -22.626 0.0000000000
9439  1.839  -64.026  -21.884 0.0000000000
8776  2.303  -65.573  -21.198 0.0000000000
2847  0.411  -75.858  -3.571 0.0000000000
3639  0.825  -73.915  -3.589 0.0000000000
5142  -0.873  -71.364  -8.315 0.0000000000
6098  -0.654  -70.091  -9.306 0.0000000000
6686  -0.102  -68.107  -10.350 0.0000000000
6095  2.262  -69.546  -9.329 0.0000000000
5633  2.550  -70.510  -10.854 0.0000000000
4718  1.002  -71.437  -13.444 0.0000000000
3713  -1.315  -74.049  -12.689 0.0000000000
4247  -1.584  -73.613  -14.090 0.0000000000
3742  0.121  -74.092  -16.089 0.0000000000
2930  0.643  -76.397  -17.074 0.0000000000
2032  2.748  -79.304  -17.212 0.0000000000
113725  2.662  -81.293  -17.956 0.0000000000
1169  2.642  -82.743  -17.177 0.0000000000
717  3.257  -84.300  -15.719 0.0000000000
507  1.726  -85.822  -15.876 0.0000000000
111257  0.926  -82.832  -15.108 0.0000000000
719  0.413  -84.081  -16.543 0.0000000000
516  0.463  -86.360  -17.180 0.0000000000
124160  -2.023  -86.616  -18.698 0.0000000000
109126  -3.942  -87.879  -18.612 0.0000000000
176  -6.078  -87.190  -20.326 0.0000000000
686  -12.396  -84.457  -11.401 0.0000000000
470  -13.033  -85.198  -10.872 0.0000000000
491  -13.956  -86.266  -12.951 0.0000000000
117260  -15.883  -87.090  -14.703 0.0000000000
702  -15.527  -85.483  -12.796 0.0000000000
497  -16.177  -86.502  -14.552 0.0000000000
316  -16.854  -87.035  -16.560 0.0000000000
114926  -17.331  -85.458  -18.110 0.0000000000
21711  -1.991  -47.618  -21.838 0.0000000000
21713  -4.137  -47.922  -22.291 0.0000000000
122679  -2.467  -47.386  -23.321 0.0000000000
21760  -3.822  -48.365  -24.688 0.0000000000
20873  -5.264  -48.535  -26.465 0.0000000000
122112  -3.470  -50.565  -26.399 0.0000000000
20890  -5.633  -48.993  -27.089 0.0000000000
20892  -6.950  -48.303  -28.430 0.0000000000
20932  -8.160  -48.147  -30.020 0.0000000000
20071  -9.818  -49.015  -31.292 0.0000000000
19235  -11.119  -50.930  -31.493 0.0000000000
2802  1.290  -77.985  -36.622 0.0000000000
3521  -0.497  -77.127  -38.946 0.0000000000
124195  -2.741  -76.451  -36.668 0.0000000000
132103  -5.147  -77.619  -38.059 0.0000000000
126023  -4.502  -76.294  -38.194 0.0000000000
3975  -4.010  -75.083  -36.604 0.0000000000
4942  -4.433  -72.516  -36.514 0.0000000000
129368  -4.840  -70.104  -37.800 0.0000000000
7671  -4.891  -68.100  -37.860 0.0000000000
257  -14.458  -87.192  -33.201 0.0000000000
108369  -15.895  -86.302  -34.426 0.0000000000
108373  -17.673  -84.752  -35.702 0.0000000000
121681  -19.703  -85.081  -35.084 0.0000000000
131338  -20.303  -84.125  -35.793 0.0000000000
1333  -19.438  -82.688  -36.696 0.0000000000
1931  -20.518  -80.841  -38.213 0.0000000000
120347  -20.406  -80.307  -35.488 0.0000000000
1895  -19.179  -79.926  -33.881 0.0000000000
1073  -21.573  -84.054  -29.941 0.0000000000
1302  -23.423  -83.212  -30.766 0.0000000000
116013  -23.529  -81.291  -32.066 0.0000000000
29274  -22.386  -39.443  -16.489 0.0000000000
30173  -23.576  -38.225  -21.184 0.0000000000
29319  -24.465  -39.376  -21.883 0.0000000000
26915  -27.678  -43.121  -22.154 0.0000000000
1096  -1.489  -82.604  -7.593 0.0000000000
661  -1.432  -83.505  -9.741 0.0000000000
464  -0.862  -85.190  -11.639 0.0000000000
262  -1.730  -86.287  -9.941 0.0000000000
129  -2.434  -87.362  -10.958 0.0000000000
128138  -3.825  -87.704  -12.629 0.0000000000
16030  -0.970  -56.015  -30.507 0.0000000000
123319  -1.612  -58.335  -28.992 0.0000000000
3118  -1.738  -76.959  -33.312 0.0000000000
3107  -3.361  -76.479  -32.468 0.0000000000
2448  -3.235  -78.670  -32.119 0.0000000000
3082  -4.552  -76.761  -31.087 0.0000000000
3095  -4.648  -76.214  -31.632 0.0000000000
3448  -6.541  -75.407  -30.505 0.0000000000
3434  -7.367  -75.402  -29.192 0.0000000000
124213  -14.872  -81.916  -35.714 0.0000000000
117941  -13.151  -81.636  -34.858 0.0000000000
117677  -11.816  -81.783  -34.019 0.0000000000
1603  -10.784  -81.764  -34.554 0.0000000000
1324  -8.819  -82.438  -36.607 0.0000000000
1915  -7.826  -82.143  -36.527 0.0000000000
2806  -15.338  -78.136  -35.676 0.0000000000
123405  -14.245  -78.240  -37.394 0.0000000000
2495  -13.201  -78.839  -38.983 0.0000000000
2822  -12.461  -76.976  -39.075 0.0000000000
2216  -11.853  -79.685  -39.947 0.0000000000
119886  -10.956  -80.017  -38.823 0.0000000000
2210  -10.486  -79.872  -36.975 0.0000000000
1907  -8.616  -81.161  -35.713 0.0000000000
2190  -9.678  -79.838  -33.587 0.0000000000
2184  -9.960  -79.377  -32.714 0.0000000000
2454  -10.103  -78.369  -30.948 0.0000000000
2757  -10.415  -77.764  -30.425 0.0000000000
23390  -21.065  -46.286  -14.250 0.0000000000
21635  -20.944  -48.548  -14.648 0.0000000000
20728  -20.978  -49.329  -15.177 0.0000000000
19863  -20.278  -50.017  -14.968 0.0000000000
19877  -20.655  -50.752  -15.556 0.0000000000
118756  -19.662  -52.740  -15.741 0.0000000000
112882  -18.615  -53.717  -16.519 0.0000000000
18988  -16.680  -51.020  -14.349 0.0000000000
18996  -14.923  -51.672  -15.086 0.0000000000
19012  -15.738  -51.583  -15.579 0.0000000000
19031  -16.522  -51.715  -16.034 0.0000000000
17404  -16.769  -52.845  -17.986 0.0000000000
17332  -10.591  -53.829  -12.758 0.0000000000
17351  -9.221  -52.943  -14.113 0.0000000000
15828  -4.716  -54.907  -14.559 0.0000000000
16524  -5.567  -54.281  -13.482 0.0000000000
17339  -7.237  -52.920  -13.621 0.0000000000
17350  -7.693  -52.922  -14.523 0.0000000000
16552  -8.859  -54.374  -15.805 0.0000000000
15107  -7.952  -56.146  -15.800 0.0000000000
10719  -2.546  -62.244  -13.659 0.0000000000
10013  -2.885  -63.317  -14.839 0.0000000000
10066  -3.203  -64.113  -17.337 0.0000000000
7412  -5.297  -66.812  -16.320 0.0000000000
8722  -4.308  -65.763  -17.353 0.0000000000
9427  -2.755  -64.653  -19.232 0.0000000000
8757  -1.115  -64.970  -19.651 0.0000000000
8115  1.358  -65.641  -19.805 0.0000000000
6814  0.847  -67.935  -21.092 0.0000000000
7341  1.264  -67.015  -11.132 0.0000000000
8012  1.664  -66.709  -12.579 0.0000000000
8036  2.502  -66.658  -14.354 0.0000000000
5667  3.142  -70.082  -15.523 0.0000000000
119243  3.274  -68.598  -16.117 0.0000000000
7407  2.612  -67.265  -16.229 0.0000000000
122906  2.287  -68.559  -18.250 0.0000000000
6797  2.140  -68.456  -20.688 0.0000000000
484  -1.166  -86.000  -13.139 0.0000000000
494  -2.056  -86.056  -14.696 0.0000000000
500  -3.387  -85.182  -15.899 0.0000000000
301  -5.522  -85.964  -16.299 0.0000000000
722  -5.270  -84.840  -17.372 0.0000000000
527  -6.345  -85.904  -18.141 0.0000000000
114712  -7.035  -86.803  -19.859 0.0000000000
346  -7.287  -86.376  -20.804 0.0000000000
916  -11.828  -83.675  -13.407 0.0000000000
928  -11.513  -83.365  -15.080 0.0000000000
743  -13.444  -84.758  -18.639 0.0000000000
961  -9.975  -83.014  -18.760 0.0000000000
1185  -9.807  -82.882  -20.277 0.0000000000
977  -9.013  -83.502  -21.796 0.0000000000
560  -7.685  -85.519  -22.609 0.0000000000
572  -8.659  -84.666  -23.798 0.0000000000
33  -11.359  -89.323  -24.356 0.0000000000
626  -13.352  -86.303  -30.892 0.0000000000
846  -14.544  -85.412  -31.226 0.0000000000
825  -12.695  -84.285  -28.777 0.0000000000
1071  -13.061  -83.829  -29.977 0.0000000000
1078  -14.763  -83.676  -32.027 0.0000000000
116293  -15.020  -81.696  -31.864 0.0000000000
22517  -22.285  -47.203  -15.653 0.0000000000
22519  -23.401  -47.403  -15.756 0.0000000000
21648  -24.120  -47.877  -14.969 0.0000000000
19000  -23.071  -51.299  -14.671 0.0000000000
19865  -24.106  -50.404  -14.526 0.0000000000
20732  -25.353  -48.426  -14.669 0.0000000000
20753  -26.310  -49.853  -15.970 0.0000000000
20763  -26.683  -49.921  -16.908 0.0000000000
22580  -15.022  -46.988  -22.170 0.0000000000
22600  -14.994  -47.098  -22.644 0.0000000000
23503  -15.271  -46.386  -23.429 0.0000000000
118010  -5.887  -48.488  -23.270 0.0000000000
20845  -7.494  -49.003  -24.138 0.0000000000
121368  -9.926  -49.502  -24.710 0.0000000000
129413  -9.250  -47.652  -26.710 0.0000000000
129965  -10.231  -49.153  -25.297 0.0000000000
20849  -11.668  -49.308  -24.032 0.0000000000
21764  -13.520  -48.143  -23.716 0.0000000000
21766  -15.232  -48.089  -23.945 0.0000000000
23516  -16.029  -46.847  -24.490 0.0000000000
9574  -1.192  -64.656  -34.487 0.0000000000
12364  -1.486  -60.496  -32.263 0.0000000000
13124  -1.943  -59.783  -29.908 0.0000000000
13088  -2.901  -58.965  -28.273 0.0000000000
6431  -7.888  -69.790  -38.524 0.0000000000
6995  -7.147  -68.759  -38.196 0.0000000000
8300  -6.435  -66.979  -37.494 0.0000000000
8941  -10.217  -65.710  -36.250 0.0000000000
8939  -7.503  -64.833  -37.078 0.0000000000
8929  -5.975  -65.210  -36.467 0.0000000000
8924  -6.707  -65.007  -34.596 0.0000000000
9577  -8.071  -64.716  -32.137 0.0000000000
10238  -8.228  -63.908  -30.962 0.0000000000
110215  -6.479  -60.708  -34.390 0.0000000000
11664  -8.080  -62.085  -31.868 0.0000000000
10926  -7.589  -62.198  -29.578 0.0000000000
11596  -6.535  -61.034  -28.772 0.0000000000
13109  -5.363  -59.855  -28.088 0.0000000000
13793  -4.467  -58.154  -26.999 0.0000000000
14514  -7.025  -57.377  -26.379 0.0000000000
15281  -7.795  -56.379  -27.382 0.0000000000
16012  -6.113  -55.082  -29.503 0.0000000000
15313  -8.100  -56.135  -30.479 0.0000000000
16747  -6.564  -54.827  -31.003 0.0000000000
17547  -6.218  -53.616  -31.348 0.0000000000
125076  -20.719  -44.775  -14.899 0.0000000000
126510  -0.277  -82.803  -9.152 0.0000000000
1380  -0.066  -81.626  -8.964 0.0000000000
1116  -1.437  -82.258  -9.813 0.0000000000
1389  -1.608  -81.307  -10.014 0.0000000000
113465  -1.533  -82.867  -11.014 0.0000000000
1123  -1.395  -83.198  -11.759 0.0000000000
893  -0.851  -83.878  -11.255 0.0000000000
14526  -1.813  -56.973  -27.669 0.0000000000
15279  -1.640  -55.898  -27.839 0.0000000000
14510  -2.081  -56.648  -26.982 0.0000000000
14511  -3.236  -56.832  -26.074 0.0000000000
113075  -2.696  -57.215  -26.619 0.0000000000
4415  -8.194  -73.368  -29.376 0.0000000000
126539  -7.720  -72.809  -30.724 0.0000000000
4881  -8.447  -72.495  -29.200 0.0000000000
129715  -27.553  -47.132  -18.692 0.0000000000
24372  -27.577  -45.794  -18.145 0.0000000000
22547  -27.523  -47.044  -19.337 0.0000000000
115717  -6.934  -82.146  -34.951 0.0000000000
109051  -5.945  -82.262  -34.526 0.0000000000
109260  -6.986  -81.526  -35.011 0.0000000000
109353  -7.677  -80.933  -34.811 0.0000000000
1894  -18.212  -79.947  -33.901 0.0000000000
1901  -17.010  -79.916  -34.852 0.0000000000
1893  -17.286  -79.628  -33.911 0.0000000000
25292  -13.451  -43.969  -23.648 0.0000000000
26140  -12.548  -43.501  -24.063 0.0000000000
25301  -14.390  -44.312  -24.324 0.0000000000
25307  -14.566  -44.367  -25.511 0.0000000000
125624  -15.096  -44.695  -24.862 0.0000000000
18156  -10.425  -52.725  -15.354 0.0000000000
17367  -10.511  -52.971  -16.269 0.0000000000
16553  -10.383  -54.819  -15.910 0.0000000000
114677  -9.652  -53.992  -16.137 0.0000000000
15194  -0.042  -56.226  -20.613 0.0000000000
5622  -2.089  -71.046  -10.539 0.0000000000
5179  -2.812  -71.306  -11.173 0.0000000000
5636  -3.740  -70.947  -11.702 0.0000000000
5635  -2.776  -70.650  -11.903 0.0000000000
6137  -1.762  -69.219  -12.413 0.0000000000
128606  -1.483  -69.359  -11.607 0.0000000000
1749  3.804  -80.511  -18.984 0.0000000000
2038  4.068  -79.704  -19.294 0.0000000000
178  -5.342  -87.923  -20.599 0.0000000000
180  -5.065  -88.279  -21.553 0.0000000000
113109  -5.495  -87.924  -22.470 0.0000000000
189  -6.141  -87.921  -23.398 0.0000000000
118143  -6.198  -87.100  -22.394 0.0000000000
111433  -10.689  -84.718  -10.409 0.0000000000
771  -16.156  -85.176  -21.295 0.0000000000
555  -16.351  -86.132  -21.644 0.0000000000
565  -15.864  -85.888  -22.554 0.0000000000
367  -16.144  -86.784  -22.882 0.0000000000
564  -15.356  -85.271  -23.221 0.0000000000
778  -15.334  -84.842  -22.639 0.0000000000
21683  -2.635  -48.747  -19.970 0.0000000000
131418  -4.286  -48.735  -20.276 0.0000000000
21696  -4.846  -48.770  -20.825 0.0000000000
7656  -4.178  -67.319  -36.178 0.0000000000
6957  -3.854  -67.628  -35.217 0.0000000000
113068  -4.189  -67.021  -35.403 0.0000000000
128842  -4.935  -66.462  -34.384 0.0000000000
8273  -5.177  -66.070  -34.828 0.0000000000
24333  -24.405  -45.571  -14.848 0.0000000000
24332  -23.833  -45.012  -15.186 0.0000000000
114791  -25.436  -46.022  -14.703 0.0000000000
23393  -25.258  -46.670  -14.645 0.0000000000
28500  -24.462  -40.746  -23.362 0.0000000000
29326  -24.237  -39.933  -23.092 0.0000000000
28499  -23.730  -40.365  -23.662 0.0000000000
26965  -20.267  -42.093  -24.762 0.0000000000
27742  -21.036  -41.865  -24.672 0.0000000000
123653  -20.353  -41.322  -25.327 0.0000000000
26964  -19.621  -41.988  -25.147 0.0000000000
131613  1.036  -58.313  -15.204 0.0000000000
115101  1.490  -56.847  -14.465 0.0000000000
113269  1.116  -58.039  -16.217 0.0000000000
14392  1.346  -57.860  -16.916 0.0000000000
13675  1.812  -58.645  -17.402 0.0000000000
12961  2.281  -59.089  -18.021 0.0000000000
117258  1.680  -59.398  -16.889 0.0000000000
10771  -1.130  -62.996  -17.982 0.0000000000
10777  -0.215  -62.484  -18.299 0.0000000000
10778  -1.081  -62.775  -19.195 0.0000000000
10099  -0.832  -62.845  -20.117 0.0000000000
10100  -1.456  -63.456  -19.883 0.0000000000
2508  -1.398  -77.104  -3.279 0.0000000000
3686  0.787  -74.644  -8.769 0.0000000000
109639  0.759  -74.852  -7.950 0.0000000000
110035  1.241  -73.901  -7.937 0.0000000000
4178  1.348  -73.068  -7.991 0.0000000000
4192  1.050  -73.314  -9.405 0.0000000000
4687  1.117  -72.845  -9.949 0.0000000000
124894  0.759  -73.719  -10.239 0.0000000000
1707  1.559  -79.778  -13.024 0.0000000000
128035  0.467  -78.086  -13.996 0.0000000000
2010  1.897  -79.294  -13.746 0.0000000000
2009  2.308  -79.595  -14.365 0.0000000000
1728  2.871  -80.939  -13.516 0.0000000000
1727  3.040  -81.050  -14.207 0.0000000000
1435  2.893  -81.761  -13.598 0.0000000000
935  -3.432  -83.271  -17.033 0.0000000000
1178  -2.586  -83.003  -18.024 0.0000000000
946  -3.626  -83.409  -17.705 0.0000000000
955  -3.481  -83.702  -18.377 0.0000000000
947  -4.294  -83.833  -18.057 0.0000000000
120858  -0.211  -51.404  -25.312 0.0000000000
18283  1.040  -51.856  -24.913 0.0000000000
125639  -0.393  -51.199  -25.311 0.0000000000
19132  0.155  -50.943  -24.691 0.0000000000
19989  -0.972  -50.709  -25.306 0.0000000000
20859  -1.696  -50.022  -25.017 0.0000000000
113333  -1.699  -50.624  -25.565 0.0000000000
120610  -7.408  -52.986  -27.439 0.0000000000
18300  -7.815  -52.069  -27.618 0.0000000000
17518  -8.245  -52.642  -28.390 0.0000000000
18321  -8.314  -51.724  -28.660 0.0000000000
17531  -7.968  -52.285  -29.374 0.0000000000
126120  -3.634  -76.496  -34.229 0.0000000000
109378  -3.943  -77.292  -35.525 0.0000000000
4962  -6.130  -72.193  -36.725 0.0000000000
4468  -6.077  -73.074  -37.004 0.0000000000
4961  -5.774  -72.442  -37.965 0.0000000000
5418  -6.115  -71.346  -37.545 0.0000000000
632  -15.437  -85.931  -31.613 0.0000000000
108374  -16.506  -86.575  -32.099 0.0000000000
108377  -16.602  -84.928  -33.118 0.0000000000
1599  -22.972  -81.524  -34.225 0.0000000000
124183  -23.189  -81.726  -35.264 0.0000000000
109022  -23.923  -81.167  -35.138 0.0000000000
108958  -24.018  -81.012  -35.681 0.0000000000
1897  -23.936  -80.759  -34.109 0.0000000000
29255  -21.030  -39.782  -15.705 0.0000000000
28476  -26.227  -40.650  -18.129 0.0000000000
29298  -25.841  -39.963  -18.509 0.0000000000
30161  -24.634  -38.814  -18.802 0.0000000000
29304  -25.758  -39.549  -19.391 0.0000000000
2452  -7.983  -78.629  -30.493 0.0000000000
2451  -7.007  -78.357  -30.632 0.0000000000
2439  -7.651  -78.032  -29.819 0.0000000000
2743  -8.274  -77.591  -29.272 0.0000000000
2440  -8.603  -78.278  -29.829 0.0000000000
108371  -16.823  -83.961  -36.276 0.0000000000
124215  -15.230  -84.503  -36.168 0.0000000000
108899  -15.860  -83.781  -36.387 0.0000000000
1637  -12.969  -80.690  -39.401 0.0000000000
1625  -13.590  -81.003  -38.308 0.0000000000
1636  -11.875  -81.132  -39.601 0.0000000000
1936  -12.333  -80.492  -40.131 0.0000000000
3151  -10.137  -76.405  -38.247 0.0000000000
2805  -11.093  -77.059  -35.721 0.0000000000
27751  -15.417  -41.975  -25.144 0.0000000000
27766  -15.356  -41.950  -26.295 0.0000000000
27750  -14.515  -41.599  -25.462 0.0000000000
19861  -18.359  -50.578  -14.359 0.0000000000
19014  -18.018  -51.674  -15.459 0.0000000000
19032  -17.313  -51.867  -15.983 0.0000000000
15882  -14.088  -55.115  -18.141 0.0000000000
16590  -14.387  -54.407  -18.280 0.0000000000
15900  -14.767  -55.208  -19.345 0.0000000000
125333  -14.660  -56.214  -20.015 0.0000000000
15092  -2.689  -55.892  -14.198 0.0000000000
15075  -4.142  -56.679  -14.150 0.0000000000
16587  -3.972  -55.057  -16.884 0.0000000000
16572  -4.565  -54.542  -16.189 0.0000000000
16588  -4.720  -55.284  -17.053 0.0000000000
16573  -5.289  -54.385  -16.201 0.0000000000
15879  -5.437  -55.548  -17.778 0.0000000000
128347  -4.861  -55.486  -18.170 0.0000000000
8655  -6.577  -65.972  -11.957 0.0000000000
8639  -5.963  -65.678  -10.481 0.0000000000
8654  -5.815  -65.243  -11.408 0.0000000000
8653  -4.760  -64.738  -11.431 0.0000000000
8662  -6.180  -65.282  -12.427 0.0000000000
8669  -5.984  -65.076  -13.730 0.0000000000
8670  -6.536  -65.869  -13.801 0.0000000000
8683  -0.507  -65.930  -14.576 0.0000000000
8690  -1.308  -65.932  -15.793 0.0000000000
8689  -0.570  -65.867  -15.900 0.0000000000
8702  0.049  -66.119  -16.736 0.0000000000
8052  0.362  -66.100  -15.935 0.0000000000
123294  2.718  -71.433  -13.986 0.0000000000
5646  3.334  -70.207  -12.882 0.0000000000
160  1.473  -85.864  -16.971 0.0000000000
164  2.059  -86.062  -18.003 0.0000000000
81  1.406  -87.201  -18.206 0.0000000000
118038  -9.780  -85.444  -17.066 0.0000000000
115764  -9.567  -87.291  -17.442 0.0000000000
520  -9.710  -85.800  -17.816 0.0000000000
529  -9.546  -86.565  -18.704 0.0000000000
741  -9.408  -85.291  -18.425 0.0000000000
502  -14.493  -86.588  -15.723 0.0000000000
725  -13.410  -85.340  -15.864 0.0000000000
512  -14.100  -85.975  -16.582 0.0000000000
355  -12.429  -86.563  -21.419 0.0000000000
553  -12.292  -85.757  -21.295 0.0000000000
563  -11.973  -86.212  -22.025 0.0000000000
562  -11.760  -85.384  -22.600 0.0000000000
110054  -11.674  -86.015  -22.983 0.0000000000
375  -11.520  -86.701  -23.356 0.0000000000
198  -11.559  -87.704  -23.320 0.0000000000
119  -13.117  -88.599  -27.266 0.0000000000
50  -12.608  -89.478  -27.027 0.0000000000
402  -12.241  -87.306  -27.715 0.0000000000
409  -11.499  -86.860  -28.230 0.0000000000
1545  -13.647  -81.723  -27.405 0.0000000000
1285  -13.466  -82.243  -28.294 0.0000000000
1549  -13.578  -81.279  -28.372 0.0000000000
128195  -21.373  -50.726  -15.861 0.0000000000
111992  -21.962  -50.244  -15.985 0.0000000000
19878  -21.679  -51.142  -15.898 0.0000000000
19940  -9.637  -47.877  -21.249 0.0000000000
20811  -10.129  -46.611  -21.490 0.0000000000
20812  -11.389  -46.929  -22.327 0.0000000000
22638  -6.638  -46.944  -26.949 0.0000000000
22632  -6.921  -46.731  -26.670 0.0000000000
22639  -6.939  -46.001  -27.527 0.0000000000
19984  -14.899  -49.816  -24.873 0.0000000000
3493  -1.555  -75.518  -36.123 0.0000000000
121241  -0.368  -73.840  -35.859 0.0000000000
10228  -4.840  -63.822  -30.993 0.0000000000
10953  -4.187  -63.306  -31.483 0.0000000000
10936  -4.707  -63.073  -30.668 0.0000000000
113222  -3.987  -62.575  -31.046 0.0000000000
131229  -5.288  -62.809  -30.167 0.0000000000
11010  -11.481  -62.011  -35.916 0.0000000000
128778  -9.872  -62.249  -35.884 0.0000000000
10278  -9.737  -62.879  -36.253 0.0000000000
11008  -8.750  -62.177  -36.359 0.0000000000
11007  -7.593  -61.860  -36.617 0.0000000000
131249  -8.436  -61.576  -35.981 0.0000000000
13874  -7.433  -58.161  -32.977 0.0000000000
13164  -5.894  -58.653  -33.244 0.0000000000
13872  -5.629  -58.010  -32.708 0.0000000000
13134  -5.884  -58.679  -31.124 0.0000000000
13845  -5.537  -57.869  -30.932 0.0000000000
117420  -5.768  -57.205  -30.629 0.0000000000
14559  -5.624  -57.311  -31.481 0.0000000000
24348  -21.511  -44.899  -17.389 0.0000000000
119948  -22.534  -45.038  -17.171 0.0000000000
118262  -22.939  -45.914  -16.859 0.0000000000
117128  1.593  -58.948  -13.418 0.0000000000
12901  1.206  -58.850  -14.176 0.0000000000
12134  -0.063  -59.747  -14.450 0.0000000000
11405  -0.983  -60.858  -14.477 0.0000000000
11416  -0.212  -61.677  -15.233 0.0000000000
10721  -0.921  -62.042  -14.794 0.0000000000
10749  -0.907  -63.067  -16.183 0.0000000000
10730  -1.230  -62.853  -15.337 0.0000000000
2242  -1.550  -79.046  -7.200 0.0000000000
113294  -2.050  -77.723  -6.273 0.0000000000
2241  -0.424  -78.850  -7.399 0.0000000000
1968  0.706  -79.427  -8.744 0.0000000000
2244  0.467  -78.874  -8.287 0.0000000000
2248  0.170  -78.342  -8.721 0.0000000000
2531  0.010  -77.600  -9.186 0.0000000000
2533  0.216  -77.892  -9.701 0.0000000000
2884  -0.205  -76.808  -10.705 0.0000000000
2257  -0.578  -78.388  -10.193 0.0000000000
125024  -1.677  -80.603  -11.626 0.0000000000
1981  -1.567  -79.294  -11.381 0.0000000000
117746  -1.195  -79.743  -12.621 0.0000000000
2000  -0.220  -79.455  -12.955 0.0000000000
1710  -1.093  -80.310  -12.880 0.0000000000
1721  -0.864  -80.654  -13.424 0.0000000000
1416  -1.619  -81.290  -13.897 0.0000000000
909  -1.643  -83.230  -13.349 0.0000000000
1140  -2.022  -81.802  -14.419 0.0000000000
920  -2.236  -83.079  -14.859 0.0000000000
926  -2.587  -83.103  -15.639 0.0000000000
113929  -2.200  -83.956  -14.985 0.0000000000
16722  0.049  -54.033  -28.571 0.0000000000
15987  -1.328  -54.474  -26.642 0.0000000000
16694  -1.480  -54.225  -26.161 0.0000000000
16681  -1.865  -53.958  -25.917 0.0000000000
17490  -2.483  -53.464  -26.075 0.0000000000
16682  -2.871  -54.489  -25.780 0.0000000000
15978  -4.381  -55.565  -25.801 0.0000000000
16683  -3.939  -54.734  -25.920 0.0000000000
16684  -5.007  -54.911  -26.173 0.0000000000
16696  -5.647  -54.328  -26.548 0.0000000000
15990  -6.077  -55.129  -26.401 0.0000000000
3471  -6.806  -75.083  -32.114 0.0000000000
3482  -6.564  -75.371  -33.636 0.0000000000
3919  -6.960  -74.974  -32.845 0.0000000000
4898  -7.268  -72.639  -32.306 0.0000000000
4433  -7.213  -73.299  -32.954 0.0000000000
5370  -6.679  -71.181  -32.997 0.0000000000
123961  -16.447  -82.570  -33.383 0.0000000000
1593  -17.017  -82.332  -33.369 0.0000000000
1594  -17.785  -82.198  -33.184 0.0000000000
122806  -20.276  -81.845  -32.179 0.0000000000
1584  -19.310  -81.828  -32.556 0.0000000000
1586  -21.270  -81.645  -32.813 0.0000000000
26893  -26.112  -42.170  -16.125 0.0000000000
27683  -26.019  -41.439  -16.520 0.0000000000
26894  -26.702  -42.335  -16.410 0.0000000000
110941  -27.616  -43.652  -18.170 0.0000000000
26904  -28.638  -41.834  -17.639 0.0000000000
26099  -28.796  -42.579  -18.510 0.0000000000
27700  -28.361  -41.713  -17.497 0.0000000000
26101  -29.210  -42.863  -19.674 0.0000000000
25264  -28.428  -43.617  -20.256 0.0000000000
1879  -3.960  -82.270  -32.696 0.0000000000
1878  -2.727  -82.328  -33.353 0.0000000000
2177  -2.338  -81.709  -33.317 0.0000000000
1889  -4.170  -82.181  -34.521 0.0000000000
108917  -7.505  -79.554  -32.441 0.0000000000
124376  -8.594  -79.480  -32.148 0.0000000000
114964  -19.532  -80.783  -38.653 0.0000000000
1629  -18.200  -80.877  -39.469 0.0000000000
1930  -18.402  -80.688  -38.858 0.0000000000
1909  -15.819  -80.109  -36.117 0.0000000000
1918  -16.457  -80.513  -36.860 0.0000000000
1917  -15.182  -80.162  -37.291 0.0000000000
112435  -14.793  -80.079  -37.939 0.0000000000
2211  -14.745  -79.457  -36.834 0.0000000000
27739  -11.586  -41.087  -23.819 0.0000000000
27728  -10.733  -42.254  -23.151 0.0000000000
26143  -9.661  -42.585  -24.736 0.0000000000
26155  -10.201  -42.568  -25.992 0.0000000000
26168  -12.172  -43.177  -27.556 0.0000000000
26156  -11.614  -43.072  -26.422 0.0000000000
18984  -13.759  -51.823  -13.799 0.0000000000
117079  -12.598  -52.105  -14.913 0.0000000000
16576  -11.499  -53.874  -16.760 0.0000000000
17389  -11.999  -53.119  -16.839 0.0000000000
115508  -12.441  -53.973  -16.924 0.0000000000
122820  -13.284  -54.159  -17.205 0.0000000000
16578  -13.173  -55.075  -16.724 0.0000000000
15127  -12.563  -56.217  -17.005 0.0000000000
15866  -12.537  -55.736  -16.374 0.0000000000
15125  -10.359  -56.656  -16.229 0.0000000000
114428  -10.005  -56.883  -16.997 0.0000000000
15141  -10.083  -56.755  -18.140 0.0000000000
15140  -9.140  -56.775  -17.508 0.0000000000
17396  -0.161  -54.033  -16.783 0.0000000000
18155  -0.839  -53.624  -15.837 0.0000000000
17397  -0.615  -54.103  -16.813 0.0000000000
16631  -0.983  -54.922  -19.754 0.0000000000
16608  -1.034  -54.577  -18.501 0.0000000000
16624  -2.250  -54.902  -19.204 0.0000000000
112109  -2.443  -54.886  -18.578 0.0000000000
120683  -5.437  -68.810  -8.216 0.0000000000
6083  -5.260  -69.577  -8.901 0.0000000000
6126  -5.063  -69.722  -12.254 0.0000000000
119579  -6.002  -68.611  -10.947 0.0000000000
6704  -5.739  -69.041  -11.724 0.0000000000
6705  -6.510  -68.249  -11.530 0.0000000000
119177  -5.753  -68.721  -13.056 0.0000000000
6731  -5.443  -68.553  -13.670 0.0000000000
6730  -4.555  -68.772  -13.768 0.0000000000
6727  -1.820  -68.249  -13.372 0.0000000000
6728  -2.480  -68.509  -13.736 0.0000000000
7355  -1.274  -67.521  -13.120 0.0000000000
8027  -1.413  -66.777  -13.785 0.0000000000
8014  -0.032  -66.590  -12.820 0.0000000000
3299  1.907  -75.564  -17.809 0.0000000000
3754  2.192  -74.626  -17.464 0.0000000000
3298  2.302  -76.005  -18.183 0.0000000000
124111  -2.061  -88.805  -18.590 0.0000000000
124179  -0.847  -89.951  -18.674 0.0000000000
109010  -1.736  -89.907  -18.751 0.0000000000
95  -4.289  -90.420  -22.775 0.0000000000
18  -3.820  -90.520  -22.055 0.0000000000
373  -6.714  -87.780  -23.959 0.0000000000
700  -10.138  -84.711  -13.269 0.0000000000
488  -9.720  -85.786  -13.377 0.0000000000
705  -9.769  -85.110  -14.226 0.0000000000
713  -9.713  -85.162  -15.270 0.0000000000
706  -10.217  -84.106  -14.805 0.0000000000
333  -17.281  -87.165  -18.808 0.0000000000
341  -17.343  -87.020  -19.456 0.0000000000
185  -15.951  -87.463  -21.747 0.0000000000
349  -16.072  -87.219  -21.055 0.0000000000
184  -14.730  -87.661  -21.910 0.0000000000
183  -13.551  -87.272  -21.538 0.0000000000
193  -14.561  -88.167  -22.322 0.0000000000
118082  -13.788  -88.484  -22.603 0.0000000000
98  -14.907  -88.579  -22.758 0.0000000000
382  -16.092  -87.637  -24.220 0.0000000000
36  -15.425  -88.767  -24.649 0.0000000000
113  -15.594  -88.256  -25.352 0.0000000000
112  -15.191  -88.389  -26.066 0.0000000000
210  -15.499  -87.697  -26.038 0.0000000000
397  -14.840  -86.674  -26.722 0.0000000000
390  -15.354  -86.467  -26.150 0.0000000000
800  -14.780  -84.329  -25.130 0.0000000000
807  -14.833  -84.772  -25.901 0.0000000000
1036  -14.501  -83.835  -25.612 0.0000000000
1035  -14.117  -83.171  -26.091 0.0000000000
1260  -14.311  -83.054  -25.241 0.0000000000
17391  -20.145  -53.563  -15.623 0.0000000000
20810  -7.123  -50.306  -21.751 0.0000000000
113062  -9.153  -50.620  -22.233 0.0000000000
19968  -8.860  -50.467  -23.123 0.0000000000
21835  -9.601  -47.608  -30.165 0.0000000000
118819  -9.742  -47.525  -29.855 0.0000000000
21836  -10.538  -47.703  -30.626 0.0000000000
4926  -4.077  -72.536  -35.197 0.0000000000
5403  -3.844  -71.758  -34.523 0.0000000000
6946  -3.332  -68.431  -34.054 0.0000000000
6357  -3.077  -68.985  -33.456 0.0000000000
6937  -3.109  -67.991  -33.290 0.0000000000
6936  -2.489  -68.093  -32.536 0.0000000000
7627  -2.658  -67.533  -32.116 0.0000000000
7610  -2.173  -66.981  -31.481 0.0000000000
7611  -3.127  -67.013  -31.512 0.0000000000
120961  -5.246  -66.812  -31.857 0.0000000000
123234  -4.585  -66.751  -31.312 0.0000000000
8245  -5.354  -66.432  -31.040 0.0000000000
127963  -5.349  -65.506  -30.804 0.0000000000
8256  -6.920  -65.806  -31.512 0.0000000000
11699  -14.330  -61.309  -35.056 0.0000000000
11698  -13.456  -61.320  -34.922 0.0000000000
11681  -13.110  -61.115  -34.002 0.0000000000
11679  -11.317  -60.991  -34.085 0.0000000000
11680  -12.204  -61.112  -33.991 0.0000000000
12369  -12.775  -60.273  -31.501 0.0000000000
12381  -11.275  -60.415  -32.379 0.0000000000
12367  -11.129  -60.023  -31.603 0.0000000000
13150  -9.760  -59.289  -31.939 0.0000000000
13151  -10.598  -59.548  -31.329 0.0000000000
13137  -10.838  -59.145  -30.695 0.0000000000
13138  -11.746  -59.218  -30.578 0.0000000000
26082  -23.505  -43.594  -14.827 0.0000000000
26877  -22.983  -42.696  -14.815 0.0000000000
27636  -22.040  -41.605  -15.035 0.0000000000
118471  -23.865  -42.909  -14.829 0.0000000000
26878  -24.575  -42.402  -15.182 0.0000000000
26084  -25.548  -43.372  -15.062 0.0000000000
110464  -26.633  -45.903  -15.792 0.0000000000
24350  -26.749  -44.920  -15.752 0.0000000000
23416  -26.883  -46.588  -16.401 0.0000000000
23423  -27.233  -46.676  -17.157 0.0000000000
110653  -27.057  -47.579  -17.063 0.0000000000
1601  -8.388  -82.236  -35.082 0.0000000000
31051  -23.063  -37.753  -21.687 0.0000000000
31050  -22.382  -37.404  -21.328 0.0000000000
30189  -22.212  -38.132  -23.792 0.0000000000
31063  -21.958  -37.225  -23.446 0.0000000000
28512  -23.146  -40.885  -24.103 0.0000000000
27744  -22.531  -41.498  -24.320 0.0000000000
29333  -21.526  -39.226  -24.735 0.0000000000
30197  -21.453  -38.322  -24.461 0.0000000000
30203  -20.910  -38.777  -24.993 0.0000000000
30196  -20.818  -38.106  -24.851 0.0000000000
29338  -19.602  -39.591  -25.944 0.0000000000
30201  -19.942  -38.975  -25.681 0.0000000000
30208  -19.342  -38.835  -26.072 0.0000000000
29345  -18.925  -39.429  -26.339 0.0000000000
27752  -17.909  -41.761  -26.046 0.0000000000
25280  -14.424  -44.852  -22.212 0.0000000000
25279  -13.723  -44.790  -22.649 0.0000000000
117214  -11.971  -53.011  -13.230 0.0000000000
121626  -2.695  -57.457  -12.465 0.0000000000
14359  -3.024  -57.083  -13.211 0.0000000000
14358  -2.308  -56.991  -12.894 0.0000000000
14326  -0.087  -57.072  -10.959 0.0000000000
121602  -0.997  -57.347  -11.138 0.0000000000
15044  0.519  -56.472  -11.463 0.0000000000
15812  1.513  -55.344  -13.808 0.0000000000
15801  0.702  -55.391  -12.660 0.0000000000
15813  1.017  -54.963  -13.380 0.0000000000
15814  0.189  -54.878  -13.276 0.0000000000
15824  1.036  -54.602  -14.251 0.0000000000
131635  0.854  -54.361  -14.950 0.0000000000
123063  1.889  -56.883  -18.291 0.0000000000
15137  1.512  -56.155  -18.116 0.0000000000
15151  1.908  -56.019  -18.936 0.0000000000
15174  2.108  -56.024  -19.744 0.0000000000
14425  2.378  -56.816  -20.128 0.0000000000
14444  2.152  -56.967  -20.983 0.0000000000
14424  2.567  -57.596  -20.511 0.0000000000
12983  2.641  -59.427  -19.675 0.0000000000
12998  2.832  -59.153  -20.638 0.0000000000
12215  2.886  -60.147  -20.855 0.0000000000
114227  3.163  -59.801  -22.563 0.0000000000
121876  3.101  -60.176  -21.719 0.0000000000
11431  1.603  -61.236  -16.804 0.0000000000
12175  2.137  -60.745  -17.456 0.0000000000
11451  1.895  -61.416  -17.601 0.0000000000
10805  1.501  -61.983  -20.255 0.0000000000
10794  1.519  -61.769  -19.356 0.0000000000
11497  2.481  -61.799  -21.613 0.0000000000
10812  1.892  -62.607  -21.793 0.0000000000
9440  0.360  -63.684  -21.222 0.0000000000
121896  0.956  -63.614  -21.573 0.0000000000
9432  1.568  -64.524  -20.919 0.0000000000
8767  2.517  -64.947  -21.176 0.0000000000
8768  2.009  -65.265  -20.470 0.0000000000
2864  -0.084  -76.277  -5.351 0.0000000000
2856  -0.175  -76.332  -4.139 0.0000000000
2855  0.492  -75.833  -4.535 0.0000000000
126246  1.606  -73.717  -4.907 0.0000000000
3638  1.217  -74.347  -4.066 0.0000000000
4118  1.114  -73.556  -4.369 0.0000000000
5126  0.739  -71.552  -8.128 0.0000000000
5127  -0.338  -71.717  -7.729 0.0000000000
5596  -0.374  -70.735  -8.713 0.0000000000
5608  -1.125  -70.790  -9.270 0.0000000000
5607  0.342  -70.084  -8.807 0.0000000000
6097  -0.002  -69.328  -9.365 0.0000000000
5606  1.216  -70.334  -8.729 0.0000000000
111049  1.564  -72.020  -11.062 0.0000000000
118307  2.075  -71.263  -10.414 0.0000000000
114666  1.171  -71.814  -11.954 0.0000000000
5190  1.700  -71.166  -12.415 0.0000000000
123242  -1.187  -75.551  -11.672 0.0000000000
3703  -1.081  -74.637  -11.837 0.0000000000
124721  -1.375  -75.020  -12.607 0.0000000000
3282  -0.991  -75.600  -15.098 0.0000000000
3732  -1.625  -74.341  -14.297 0.0000000000
3744  -1.386  -74.752  -15.157 0.0000000000
4268  -0.633  -73.556  -15.366 0.0000000000
3743  -0.853  -74.428  -15.744 0.0000000000
3749  -0.229  -74.964  -16.518 0.0000000000
2931  0.034  -76.165  -16.716 0.0000000000
131908  2.269  -79.403  -15.832 0.0000000000
2299  2.436  -78.851  -16.387 0.0000000000
1743  2.629  -80.158  -17.299 0.0000000000
131484  2.537  -80.835  -17.455 0.0000000000
118704  2.476  -82.020  -17.588 0.0000000000
110668  2.912  -82.137  -16.298 0.0000000000
925  2.948  -83.004  -14.888 0.0000000000
931  3.357  -83.391  -15.503 0.0000000000
498  2.819  -84.861  -15.558 0.0000000000
506  2.300  -85.430  -15.785 0.0000000000
119796  2.272  -85.063  -15.456 0.0000000000
1445  0.297  -82.026  -15.051 0.0000000000
114058  -0.358  -82.272  -16.190 0.0000000000
124305  -1.072  -83.861  -18.259 0.0000000000
730  -0.387  -84.337  -17.670 0.0000000000
729  0.254  -85.252  -17.037 0.0000000000
517  -0.486  -85.224  -17.999 0.0000000000
124158  -0.932  -85.985  -18.433 0.0000000000
108998  -1.905  -85.510  -18.832 0.0000000000
108367  -4.017  -85.136  -18.817 0.0000000000
110006  -3.799  -86.630  -18.573 0.0000000000
108359  -4.786  -86.797  -18.630 0.0000000000
110027  -4.737  -87.732  -18.903 0.0000000000
677  -12.873  -85.079  -9.887 0.0000000000
452  -13.895  -85.399  -9.876 0.0000000000
482  -15.103  -86.006  -12.061 0.0000000000
278  -14.793  -86.182  -12.108 0.0000000000
286  -15.212  -86.467  -12.825 0.0000000000
295  -14.620  -86.871  -14.029 0.0000000000
292  -15.538  -86.858  -13.503 0.0000000000
118560  -15.902  -84.166  -15.880 0.0000000000
716  -16.283  -85.666  -15.412 0.0000000000
503  -16.318  -86.719  -15.237 0.0000000000
727  -16.812  -86.132  -16.339 0.0000000000
514  -17.171  -86.718  -16.838 0.0000000000
736  -17.007  -85.520  -17.144 0.0000000000
109021  0.250  -49.507  -22.762 0.0000000000
124192  1.341  -49.773  -21.455 0.0000000000
109068  -0.275  -48.422  -21.564 0.0000000000
124222  -0.950  -48.041  -21.240 0.0000000000
21710  -1.336  -47.711  -22.737 0.0000000000
20861  -3.087  -49.443  -25.035 0.0000000000
21773  -3.110  -48.654  -24.501 0.0000000000
21774  -3.813  -48.826  -25.115 0.0000000000
21775  -4.528  -48.403  -25.363 0.0000000000
21782  -4.544  -48.793  -25.752 0.0000000000
18291  -3.777  -52.001  -26.780 0.0000000000
19143  -3.110  -51.018  -26.515 0.0000000000
19144  -3.980  -51.100  -26.703 0.0000000000
19157  -7.184  -51.146  -27.568 0.0000000000
20014  -5.274  -50.122  -26.969 0.0000000000
20015  -6.450  -49.951  -27.491 0.0000000000
20891  -6.485  -48.601  -27.659 0.0000000000
116909  -7.070  -49.352  -27.877 0.0000000000
20916  -7.490  -48.062  -29.214 0.0000000000
20038  -7.535  -49.498  -28.477 0.0000000000
20054  -8.151  -50.267  -30.655 0.0000000000
20070  -8.835  -49.960  -31.187 0.0000000000
20088  -9.894  -50.098  -31.604 0.0000000000
20087  -8.865  -50.685  -31.470 0.0000000000
2789  1.554  -78.278  -34.010 0.0000000000
2796  1.902  -78.178  -35.187 0.0000000000
2797  0.132  -77.692  -35.440 0.0000000000
127359  -2.604  -77.896  -37.000 0.0000000000
2809  -0.550  -77.465  -38.179 0.0000000000
109078  -1.997  -77.300  -37.292 0.0000000000
109422  -1.285  -77.195  -38.105 0.0000000000
108412  -2.615  -77.313  -37.404 0.0000000000
3141  -6.131  -76.381  -36.174 0.0000000000
3140  -5.807  -76.993  -36.125 0.0000000000
3524  -5.854  -76.191  -37.205 0.0000000000
4018  -5.069  -74.420  -39.014 0.0000000000
3535  -4.931  -76.335  -38.555 0.0000000000
3989  -4.528  -75.354  -37.837 0.0000000000
119822  -4.474  -74.362  -37.293 0.0000000000
110680  -4.489  -73.416  -36.932 0.0000000000
119858  -4.731  -73.622  -38.319 0.0000000000
5885  -5.258  -70.494  -38.087 0.0000000000
121240  -4.736  -70.770  -37.686 0.0000000000
6419  -5.167  -69.734  -38.071 0.0000000000
6992  -4.943  -69.004  -38.076 0.0000000000
6993  -5.505  -68.699  -38.077 0.0000000000
124037  -18.118  -86.892  -33.467 0.0000000000
124102  -16.490  -86.996  -33.475 0.0000000000
108964  -17.420  -86.930  -34.014 0.0000000000
108372  -16.654  -85.832  -35.063 0.0000000000
109360  -17.966  -85.550  -35.121 0.0000000000
108968  -18.852  -84.263  -34.447 0.0000000000
108985  -18.686  -84.690  -34.087 0.0000000000
1320  -19.089  -84.085  -35.588 0.0000000000
108395  -21.934  -82.925  -36.036 0.0000000000
113524  -20.507  -84.056  -35.443 0.0000000000
126477  -20.598  -83.074  -36.474 0.0000000000
1088  -19.505  -84.052  -36.054 0.0000000000
1343  -20.641  -81.760  -37.664 0.0000000000
1342  -19.882  -81.814  -37.630 0.0000000000
1631  -21.075  -81.163  -37.925 0.0000000000
109059  -22.440  -79.980  -35.900 0.0000000000
1914  -21.410  -80.271  -36.467 0.0000000000
1905  -21.426  -79.957  -35.274 0.0000000000
1904  -19.696  -80.246  -34.633 0.0000000000
1896  -20.201  -79.821  -33.950 0.0000000000
1310  -23.522  -82.462  -31.342 0.0000000000
28454  -24.934  -40.359  -16.718 0.0000000000
29275  -23.450  -39.613  -16.692 0.0000000000
30153  -22.215  -38.555  -17.730 0.0000000000
30166  -22.878  -38.278  -19.302 0.0000000000
31043  -21.994  -37.516  -20.383 0.0000000000
114895  -23.546  -38.287  -20.314 0.0000000000
122309  -25.804  -40.473  -21.160 0.0000000000
29313  -24.708  -39.226  -21.001 0.0000000000
29314  -25.064  -39.869  -21.461 0.0000000000
29320  -24.743  -40.026  -22.363 0.0000000000
26911  -28.511  -43.087  -21.320 0.0000000000
27709  -27.075  -43.216  -21.063 0.0000000000
26136  -25.512  -43.009  -23.045 0.0000000000
864  -2.517  -83.355  -7.321 0.0000000000
1097  -2.439  -82.668  -7.204 0.0000000000
863  -1.252  -83.140  -7.925 0.0000000000
870  -0.938  -83.027  -8.901 0.0000000000
440  -1.283  -84.248  -9.481 0.0000000000
446  -1.262  -84.345  -10.383 0.0000000000
271  -3.541  -86.577  -10.128 0.0000000000
269  -2.428  -86.981  -10.046 0.0000000000
270  -3.048  -87.176  -10.341 0.0000000000
274  -3.079  -87.513  -11.228 0.0000000000
280  -3.657  -87.143  -11.894 0.0000000000
14571  -0.415  -57.951  -31.215 0.0000000000
14553  -1.090  -57.377  -30.626 0.0000000000
114969  -1.341  -57.530  -29.438 0.0000000000
13835  -1.343  -58.340  -29.920 0.0000000000
2767  -0.401  -78.860  -32.288 0.0000000000
2781  -1.303  -77.880  -32.578 0.0000000000
3106  -2.529  -76.727  -32.875 0.0000000000
2464  -3.916  -79.292  -32.229 0.0000000000
2755  -5.892  -77.414  -30.424 0.0000000000
2754  -5.149  -77.173  -30.699 0.0000000000
3096  -5.345  -76.023  -31.097 0.0000000000
3447  -5.884  -75.868  -30.613 0.0000000000
3070  -7.461  -76.316  -28.928 0.0000000000
3870  -7.872  -74.854  -28.929 0.0000000000
850  -12.960  -84.259  -33.966 0.0000000000
1081  -12.604  -83.447  -33.339 0.0000000000
1082  -13.199  -83.332  -33.974 0.0000000000
127405  -15.973  -81.761  -38.462 0.0000000000
108380  -15.364  -81.998  -36.137 0.0000000000
1619  -14.856  -81.647  -36.618 0.0000000000
1611  -13.370  -81.476  -35.701 0.0000000000
119995  -12.748  -81.504  -35.233 0.0000000000
1592  -12.728  -81.979  -34.150 0.0000000000
115058  -12.106  -81.582  -34.817 0.0000000000
113877  -10.932  -81.845  -35.659 0.0000000000
1622  -10.033  -82.051  -38.519 0.0000000000
131609  -9.146  -82.396  -37.213 0.0000000000
1328  -8.581  -82.292  -37.270 0.0000000000
1323  -8.133  -82.347  -36.669 0.0000000000
2819  -15.075  -77.258  -37.032 0.0000000000
2818  -14.357  -77.567  -37.530 0.0000000000
2817  -13.491  -77.905  -38.225 0.0000000000
3166  -9.979  -75.760  -39.959 0.0000000000
3167  -10.910  -76.380  -39.738 0.0000000000
2821  -11.478  -77.670  -39.348 0.0000000000
2493  -11.499  -78.395  -39.138 0.0000000000
117689  -11.527  -79.260  -39.103 0.0000000000
2492  -10.757  -78.016  -39.013 0.0000000000
2484  -10.906  -79.056  -36.215 0.0000000000
2487  -10.819  -78.822  -37.563 0.0000000000
2206  -10.457  -80.080  -35.951 0.0000000000
120387  -9.664  -80.747  -35.979 0.0000000000
2205  -9.902  -80.179  -35.237 0.0000000000
1900  -9.295  -80.367  -34.572 0.0000000000
2478  -11.159  -77.881  -34.138 0.0000000000
2477  -10.875  -78.761  -33.676 0.0000000000
2472  -10.668  -78.729  -32.800 0.0000000000
2468  -10.219  -78.713  -31.860 0.0000000000
2782  -10.964  -77.925  -32.263 0.0000000000
119308  -17.100  -39.946  -27.359 0.0000000000
28515  -11.540  -40.397  -25.462 0.0000000000
27749  -13.396  -41.059  -25.834 0.0000000000
27748  -12.115  -40.456  -26.241 0.0000000000
22506  -20.885  -47.734  -14.153 0.0000000000
20727  -20.339  -49.186  -14.452 0.0000000000
20726  -19.767  -49.641  -14.284 0.0000000000
19016  -20.171  -51.472  -15.485 0.0000000000
19034  -19.501  -52.173  -15.557 0.0000000000
16615  -18.222  -54.435  -18.062 0.0000000000
126056  -14.190  -51.770  -14.646 0.0000000000
18160  -14.088  -51.947  -15.736 0.0000000000
18191  -15.244  -52.481  -17.862 0.0000000000
18180  -15.463  -52.072  -17.044 0.0000000000
18181  -16.248  -52.045  -16.900 0.0000000000
123468  -16.719  -52.404  -17.351 0.0000000000
18200  -15.994  -52.821  -18.463 0.0000000000
16626  -17.294  -55.601  -19.963 0.0000000000
15920  -17.975  -56.583  -20.045 0.0000000000
16514  -9.716  -53.963  -12.794 0.0000000000
17341  -9.855  -53.404  -13.200 0.0000000000
17360  -1.742  -53.763  -15.774 0.0000000000
128015  -2.848  -54.283  -15.334 0.0000000000
16534  -3.772  -54.429  -15.433 0.0000000000
16536  -5.280  -53.989  -14.420 0.0000000000
16537  -5.671  -53.400  -13.743 0.0000000000
16525  -6.128  -53.699  -13.045 0.0000000000
17338  -6.277  -52.929  -13.750 0.0000000000
16550  -7.410  -54.024  -15.802 0.0000000000
120017  -7.174  -53.174  -15.200 0.0000000000
16551  -8.104  -53.524  -15.390 0.0000000000
117461  -8.061  -54.471  -15.744 0.0000000000
15844  -8.421  -55.469  -15.683 0.0000000000
15843  -7.604  -55.299  -15.826 0.0000000000
15138  -7.104  -56.348  -17.356 0.0000000000
7304  -5.555  -67.236  -8.050 0.0000000000
7963  -4.113  -66.765  -7.798 0.0000000000
8624  -3.378  -65.841  -9.746 0.0000000000
7980  -3.188  -66.161  -9.125 0.0000000000
8617  -2.309  -65.884  -8.747 0.0000000000
9993  -3.341  -63.647  -12.018 0.0000000000
10006  -3.188  -62.645  -13.134 0.0000000000
9352  -4.901  -64.387  -14.764 0.0000000000
10014  -3.770  -63.508  -14.405 0.0000000000
10026  -3.467  -63.796  -15.427 0.0000000000
10044  -3.291  -64.000  -16.375 0.0000000000
9366  -4.019  -64.338  -16.007 0.0000000000
7379  -5.329  -67.795  -15.031 0.0000000000
7395  -5.490  -67.255  -15.723 0.0000000000
7394  -4.728  -67.636  -15.676 0.0000000000
8078  -2.574  -66.215  -17.639 0.0000000000
8080  -4.041  -66.319  -17.391 0.0000000000
8098  -2.961  -65.948  -18.358 0.0000000000
120841  -3.539  -65.040  -18.384 0.0000000000
8741  -2.647  -65.470  -19.050 0.0000000000
8758  -2.262  -64.826  -19.519 0.0000000000
8740  -1.752  -65.421  -19.057 0.0000000000
8096  0.409  -67.279  -18.076 0.0000000000
8116  0.721  -66.138  -18.962 0.0000000000
115667  0.516  -67.386  -18.948 0.0000000000
112835  0.892  -66.496  -19.646 0.0000000000
7459  0.555  -67.989  -19.926 0.0000000000
6684  1.758  -67.833  -9.704 0.0000000000
7323  0.961  -67.515  -10.264 0.0000000000
7322  1.894  -67.351  -10.387 0.0000000000
7351  2.917  -67.861  -12.976 0.0000000000
8011  2.192  -66.933  -12.005 0.0000000000
7362  2.652  -67.071  -13.494 0.0000000000
8023  1.781  -66.490  -13.436 0.0000000000
7374  2.968  -67.369  -14.370 0.0000000000
4272  1.990  -73.079  -16.618 0.0000000000
5215  2.767  -71.716  -15.769 0.0000000000
5218  2.341  -71.987  -16.406 0.0000000000
5681  2.711  -69.985  -18.072 0.0000000000
127445  2.564  -70.176  -17.108 0.0000000000
124445  3.263  -68.789  -16.704 0.0000000000
6743  3.142  -67.793  -15.874 0.0000000000
6746  3.025  -68.058  -16.749 0.0000000000
7423  2.330  -67.595  -16.977 0.0000000000
116116  2.852  -68.821  -18.038 0.0000000000
6796  3.035  -68.903  -20.380 0.0000000000
129191  -1.164  -86.191  -11.610 0.0000000000
465  -0.636  -85.071  -11.833 0.0000000000
113660  -0.947  -86.299  -12.454 0.0000000000
149  -2.226  -87.814  -14.521 0.0000000000
293  -1.936  -87.018  -14.510 0.0000000000
298  -2.561  -86.797  -15.150 0.0000000000
499  -2.645  -85.596  -15.385 0.0000000000
117368  -3.130  -86.100  -15.611 0.0000000000
311  -6.723  -86.340  -16.430 0.0000000000
509  -5.122  -85.123  -16.721 0.0000000000
510  -5.888  -85.484  -16.946 0.0000000000
518  -5.879  -85.460  -17.592 0.0000000000
519  -6.935  -86.128  -17.748 0.0000000000
535  -8.762  -86.500  -19.646 0.0000000000
337  -8.049  -87.056  -19.808 0.0000000000
121072  -8.265  -86.747  -19.901 0.0000000000
109856  -7.620  -86.691  -20.123 0.0000000000
130473  -7.809  -86.395  -20.252 0.0000000000
692  -12.566  -84.566  -12.266 0.0000000000
905  -12.193  -83.930  -12.801 0.0000000000
917  -12.341  -84.008  -13.415 0.0000000000
724  -12.731  -84.173  -16.415 0.0000000000
112839  -12.201  -83.457  -15.689 0.0000000000
939  -12.205  -83.139  -16.566 0.0000000000
744  -14.252  -85.402  -19.050 0.0000000000
751  -13.357  -84.770  -19.320 0.0000000000
963  -12.216  -83.560  -19.660 0.0000000000
962  -11.595  -82.969  -19.930 0.0000000000
1186  -10.334  -82.699  -19.594 0.0000000000
1192  -10.589  -82.647  -20.432 0.0000000000
992  -10.311  -83.247  -22.612 0.0000000000
991  -9.611  -83.219  -22.339 0.0000000000
990  -8.916  -83.763  -22.624 0.0000000000
114317  -7.886  -85.142  -21.908 0.0000000000
1009  -8.921  -84.060  -23.327 0.0000000000
788  -9.348  -84.172  -23.920 0.0000000000
590  -11.014  -86.273  -24.702 0.0000000000
589  -10.399  -85.664  -25.135 0.0000000000
387  -9.989  -86.471  -25.763 0.0000000000
129400  -12.890  -89.350  -23.922 0.0000000000
26  -11.799  -88.908  -23.676 0.0000000000
2  -11.693  -89.766  -24.610 0.0000000000
48  -10.286  -90.791  -26.872 0.0000000000
621  -12.196  -85.601  -30.300 0.0000000000
844  -12.859  -85.340  -30.559 0.0000000000
114590  -12.692  -85.431  -27.676 0.0000000000
117558  -13.345  -82.309  -29.768 0.0000000000
1291  -13.169  -83.089  -29.686 0.0000000000
111816  -13.737  -82.834  -30.715 0.0000000000
1077  -14.138  -83.362  -31.238 0.0000000000
1306  -14.614  -82.727  -31.848 0.0000000000
1305  -14.117  -82.276  -31.178 0.0000000000
1883  -14.982  -81.083  -31.345 0.0000000000
111649  -21.399  -47.062  -14.608 0.0000000000
23391  -21.723  -46.305  -15.397 0.0000000000
22518  -22.882  -47.771  -15.990 0.0000000000
21647  -23.367  -48.262  -15.585 0.0000000000
21637  -24.115  -48.819  -14.783 0.0000000000
128037  -22.035  -52.480  -14.972 0.0000000000
18163  -22.450  -51.807  -14.947 0.0000000000
18149  -22.675  -52.677  -14.636 0.0000000000
19020  -24.528  -51.925  -14.988 0.0000000000
127277  -24.209  -51.556  -14.645 0.0000000000
19866  -24.844  -50.198  -14.587 0.0000000000
20731  -25.173  -49.388  -14.584 0.0000000000
19880  -25.523  -50.022  -15.028 0.0000000000
20745  -25.906  -49.205  -15.176 0.0000000000
19889  -25.787  -50.714  -15.626 0.0000000000
19898  -26.351  -50.730  -16.647 0.0000000000
19899  -26.464  -51.178  -17.526 0.0000000000
21718  -13.754  -46.418  -21.660 0.0000000000
21741  -15.344  -47.350  -23.542 0.0000000000
21737  -4.350  -47.612  -23.711 0.0000000000
129523  -5.187  -48.019  -23.441 0.0000000000
21761  -5.312  -47.805  -24.124 0.0000000000
21763  -7.654  -48.124  -25.043 0.0000000000
117523  -6.734  -48.003  -24.695 0.0000000000
20846  -8.311  -49.090  -24.520 0.0000000000
19981  -8.766  -49.826  -24.070 0.0000000000
20847  -9.131  -49.285  -24.695 0.0000000000
21802  -10.130  -47.971  -28.112 0.0000000000
21785  -9.014  -47.169  -27.377 0.0000000000
21786  -9.895  -48.046  -26.942 0.0000000000
130139  -12.000  -49.502  -25.489 0.0000000000
20864  -10.747  -49.202  -25.525 0.0000000000
111544  -11.298  -49.371  -24.998 0.0000000000
20848  -10.765  -49.490  -24.610 0.0000000000
20850  -12.404  -48.989  -24.288 0.0000000000
20830  -12.873  -48.210  -23.501 0.0000000000
20851  -13.130  -49.071  -24.419 0.0000000000
20853  -15.049  -49.065  -24.467 0.0000000000
21767  -15.903  -47.978  -24.324 0.0000000000
114108  -16.277  -47.607  -24.892 0.0000000000
24464  -15.949  -46.080  -24.814 0.0000000000
3491  1.995  -76.590  -35.614 0.0000000000
114481  -2.818  -71.970  -33.288 0.0000000000
111213  -1.921  -73.003  -33.458 0.0000000000
4896  -2.192  -71.727  -32.907 0.0000000000
9562  -1.318  -64.851  -32.368 0.0000000000
9575  -2.326  -64.092  -33.233 0.0000000000
10968  -2.470  -62.491  -33.888 0.0000000000
10259  -1.977  -62.823  -35.152 0.0000000000
10967  -2.021  -61.791  -34.961 0.0000000000
11661  -1.639  -61.329  -34.117 0.0000000000
11645  -1.316  -60.946  -32.725 0.0000000000
128066  -1.715  -61.120  -32.972 0.0000000000
11611  -3.253  -61.167  -30.289 0.0000000000
12340  -2.518  -60.586  -30.302 0.0000000000
12323  -2.862  -60.156  -29.319 0.0000000000
13106  -2.452  -59.430  -28.935 0.0000000000
13107  -3.339  -59.635  -28.645 0.0000000000
6420  -7.979  -70.070  -38.373 0.0000000000
6996  -8.303  -69.065  -38.652 0.0000000000
132350  -8.112  -68.007  -37.399 0.0000000000
129099  -6.888  -67.963  -37.617 0.0000000000
8290  -7.050  -66.397  -36.979 0.0000000000
131427  -12.264  -63.468  -36.991 0.0000000000
10294  -13.757  -63.437  -37.766 0.0000000000
110313  -10.970  -65.402  -36.527 0.0000000000
126271  -8.554  -63.791  -36.719 0.0000000000
8940  -9.112  -64.808  -36.360 0.0000000000
9612  -6.984  -64.420  -37.148 0.0000000000
9611  -6.513  -65.180  -36.978 0.0000000000
9604  -6.506  -64.690  -36.553 0.0000000000
8923  -6.164  -65.041  -35.583 0.0000000000
9596  -6.394  -64.482  -35.831 0.0000000000
113292  -6.561  -62.738  -34.785 0.0000000000
111632  -7.131  -63.841  -34.173 0.0000000000
10247  -7.789  -63.716  -32.805 0.0000000000
9567  -8.206  -64.141  -31.749 0.0000000000
10248  -8.286  -63.531  -31.776 0.0000000000
110555  -9.621  -60.271  -34.417 0.0000000000
12411  -8.575  -60.127  -35.039 0.0000000000
12410  -7.377  -59.929  -34.966 0.0000000000
12366  -7.159  -60.564  -31.637 0.0000000000
11663  -7.281  -61.244  -32.368 0.0000000000
11647  -8.046  -61.479  -31.318 0.0000000000
10940  -8.295  -62.515  -30.427 0.0000000000
10927  -8.219  -62.048  -29.808 0.0000000000
11615  -7.096  -61.613  -29.149 0.0000000000
11616  -7.820  -61.459  -29.423 0.0000000000
13111  -7.538  -59.713  -28.067 0.0000000000
13110  -6.564  -59.932  -27.826 0.0000000000
13091  -5.888  -59.340  -27.486 0.0000000000
13090  -4.755  -59.224  -27.850 0.0000000000
13811  -6.327  -58.726  -26.970 0.0000000000
13794  -5.527  -58.137  -26.693 0.0000000000
13795  -6.705  -58.032  -26.555 0.0000000000
14542  -6.194  -56.486  -29.598 0.0000000000
15294  -7.269  -56.470  -28.518 0.0000000000
15293  -6.052  -55.797  -29.538 0.0000000000
16013  -7.452  -55.711  -28.295 0.0000000000
16024  -5.522  -55.258  -30.191 0.0000000000
14562  -9.812  -57.501  -30.497 0.0000000000
122936  -7.792  -56.639  -30.631 0.0000000000
119376  -9.147  -56.591  -30.494 0.0000000000
16040  -8.696  -55.082  -31.340 0.0000000000
16039  -7.911  -55.243  -30.878 0.0000000000
16753  -7.693  -54.528  -31.561 0.0000000000
16746  -5.852  -54.090  -31.123 0.0000000000
114646  -6.568  -53.940  -31.571 0.0000000000
24347  -21.047  -44.855  -16.329 0.0000000000
12128  1.321  -60.145  -12.995 0.0000000000
12129  0.258  -60.032  -13.583 0.0000000000
12126  -0.347  -60.362  -13.294 0.0000000000
11402  -1.235  -60.501  -13.467 0.0000000000
1359  -0.044  -81.461  -8.189 0.0000000000
121628  0.404  -80.205  -7.720 0.0000000000
1664  0.404  -80.953  -8.568 0.0000000000
1672  -0.035  -80.693  -9.128 0.0000000000
1969  -0.794  -79.977  -9.612 0.0000000000
2251  -0.724  -79.231  -9.892 0.0000000000
1673  -1.249  -80.617  -9.761 0.0000000000
1678  -1.661  -80.621  -10.684 0.0000000000
121119  -1.719  -81.213  -12.185 0.0000000000
1409  -1.802  -81.692  -12.884 0.0000000000
1129  -1.668  -82.750  -12.628 0.0000000000
122165  -1.149  -84.183  -13.228 0.0000000000
16023  -1.300  -55.019  -29.821 0.0000000000
16011  -1.232  -54.871  -28.775 0.0000000000
115660  -1.810  -55.609  -26.771 0.0000000000
15988  -2.033  -55.282  -26.089 0.0000000000
15264  -3.005  -56.175  -25.665 0.0000000000
15253  -3.898  -56.334  -25.752 0.0000000000
126157  -4.841  -56.188  -25.879 0.0000000000
3886  -7.480  -74.340  -30.433 0.0000000000
3920  -7.145  -74.633  -32.139 0.0000000000
4428  -7.584  -73.609  -31.088 0.0000000000
121642  -7.500  -72.804  -31.516 0.0000000000
4889  -7.244  -71.918  -31.765 0.0000000000
118274  -20.358  -82.186  -31.561 0.0000000000
25255  -27.347  -44.235  -17.285 0.0000000000
130791  -27.215  -43.637  -16.859 0.0000000000
25262  -27.548  -44.771  -18.361 0.0000000000
25265  -27.596  -44.669  -19.558 0.0000000000
23439  -27.526  -46.315  -19.641 0.0000000000
22556  -27.279  -46.955  -20.162 0.0000000000
108401  -6.310  -82.044  -33.291 0.0000000000
124975  -4.728  -82.303  -34.501 0.0000000000
108967  -5.525  -81.906  -34.875 0.0000000000
124114  -6.737  -81.181  -34.642 0.0000000000
1912  -18.320  -80.678  -35.702 0.0000000000
1920  -18.386  -80.691  -37.197 0.0000000000
1911  -17.468  -80.468  -35.404 0.0000000000
1910  -16.701  -80.343  -35.698 0.0000000000
2208  -15.466  -79.136  -35.353 0.0000000000
26126  -11.056  -44.048  -22.799 0.0000000000
26138  -10.393  -43.596  -22.849 0.0000000000
26139  -11.114  -44.034  -23.142 0.0000000000
121189  -11.542  -43.278  -24.305 0.0000000000
26145  -12.470  -43.437  -25.536 0.0000000000
18146  -12.034  -52.444  -14.022 0.0000000000
18158  -11.814  -52.374  -15.274 0.0000000000
18157  -11.069  -52.589  -15.834 0.0000000000
17388  -11.158  -53.073  -16.600 0.0000000000
16554  -11.321  -54.890  -16.007 0.0000000000
15848  -11.778  -55.674  -15.879 0.0000000000
15847  -11.006  -55.685  -15.598 0.0000000000
15846  -10.192  -55.698  -15.507 0.0000000000
15109  -9.839  -56.284  -15.627 0.0000000000
15895  0.783  -55.052  -18.809 0.0000000000
16607  -0.434  -54.610  -18.326 0.0000000000
15913  -0.031  -54.960  -19.674 0.0000000000
15925  -0.508  -55.506  -20.238 0.0000000000
119331  -4.855  -70.752  -9.885 0.0000000000
5624  -5.082  -70.137  -10.217 0.0000000000
5623  -4.688  -70.814  -10.568 0.0000000000
5650  -4.398  -70.317  -12.077 0.0000000000
6140  -4.256  -69.901  -12.744 0.0000000000
6152  -3.947  -69.340  -13.374 0.0000000000
6139  -3.295  -69.942  -13.008 0.0000000000
6717  -1.479  -68.454  -12.738 0.0000000000
6716  -0.855  -67.892  -12.269 0.0000000000
2316  3.171  -78.032  -18.061 0.0000000000
2600  3.141  -77.285  -18.538 0.0000000000
110878  3.549  -78.103  -18.948 0.0000000000
87  -4.132  -89.198  -19.539 0.0000000000
17  -3.624  -90.063  -19.976 0.0000000000
89  -4.226  -89.431  -20.413 0.0000000000
92  -4.351  -89.517  -21.590 0.0000000000
130023  -4.834  -90.035  -23.407 0.0000000000
197  -5.858  -88.785  -24.132 0.0000000000
188  -5.442  -88.980  -23.439 0.0000000000
374  -7.288  -86.896  -23.836 0.0000000000
691  -10.396  -84.529  -12.429 0.0000000000
115286  -10.766  -83.909  -13.057 0.0000000000
547  -17.212  -86.652  -20.147 0.0000000000
110745  -16.896  -87.155  -20.444 0.0000000000
556  -16.836  -87.018  -21.143 0.0000000000
186  -16.289  -87.270  -21.624 0.0000000000
195  -16.268  -87.673  -22.184 0.0000000000
194  -16.275  -88.040  -22.714 0.0000000000
200  -16.345  -87.618  -22.764 0.0000000000
131073  -16.143  -87.188  -23.613 0.0000000000
127238  -15.809  -86.898  -24.494 0.0000000000
592  -15.576  -86.591  -25.354 0.0000000000
574  -15.177  -85.192  -23.996 0.0000000000
121406  -14.823  -84.397  -24.326 0.0000000000
20824  -5.954  -49.180  -22.198 0.0000000000
20952  -11.046  -48.222  -31.408 0.0000000000
20933  -11.194  -48.054  -30.981 0.0000000000
19203  -11.625  -50.195  -30.166 0.0000000000
5870  -3.978  -70.097  -35.876 0.0000000000
5865  -3.690  -70.121  -34.595 0.0000000000
6382  -3.745  -69.236  -35.372 0.0000000000
7639  -3.582  -67.773  -34.249 0.0000000000
125303  -4.004  -67.324  -33.372 0.0000000000
8267  -4.649  -66.815  -33.980 0.0000000000
8262  -4.940  -66.939  -32.877 0.0000000000
8269  -6.183  -66.158  -33.384 0.0000000000
13140  -13.449  -59.193  -30.837 0.0000000000
26080  -21.538  -43.786  -15.685 0.0000000000
26081  -22.539  -43.609  -15.270 0.0000000000
26052  -24.081  -44.265  -14.725 0.0000000000
26053  -25.116  -44.100  -14.664 0.0000000000
25218  -25.570  -44.748  -14.734 0.0000000000
23394  -25.931  -46.430  -15.004 0.0000000000
23408  -26.516  -46.701  -15.735 0.0000000000
126827  -9.625  -81.665  -33.481 0.0000000000
30185  -23.950  -38.912  -22.293 0.0000000000
30184  -23.476  -38.538  -22.626 0.0000000000
29318  -23.713  -39.158  -23.017 0.0000000000
121847  -23.213  -39.226  -23.551 0.0000000000
27743  -21.806  -41.255  -24.716 0.0000000000
119851  -20.472  -39.061  -25.369 0.0000000000
28516  -19.951  -40.441  -25.766 0.0000000000
14357  1.985  -57.057  -12.871 0.0000000000
15053  1.773  -56.286  -12.372 0.0000000000
14372  1.708  -57.249  -13.716 0.0000000000
131927  1.657  -56.001  -14.046 0.0000000000
15091  1.449  -55.869  -14.793 0.0000000000
15841  1.248  -55.320  -15.465 0.0000000000
14385  1.142  -57.125  -16.264 0.0000000000
115397  1.338  -56.847  -17.340 0.0000000000
13682  2.232  -57.972  -18.404 0.0000000000
14400  2.535  -57.755  -19.540 0.0000000000
123718  2.497  -59.006  -18.948 0.0000000000
110895  2.483  -60.174  -18.990 0.0000000000
10747  0.759  -62.179  -16.737 0.0000000000
123595  1.521  -61.732  -17.807 0.0000000000
129423  0.375  -62.224  -18.487 0.0000000000
10795  0.743  -62.145  -19.818 0.0000000000
10806  0.649  -62.430  -20.796 0.0000000000
10813  0.802  -62.786  -21.407 0.0000000000
127741  0.045  -62.852  -21.116 0.0000000000
124813  -0.132  -63.195  -21.160 0.0000000000
9433  -0.429  -63.710  -20.803 0.0000000000
3233  0.558  -75.571  -6.654 0.0000000000
3223  1.213  -75.123  -5.598 0.0000000000
3222  1.178  -74.841  -6.338 0.0000000000
3667  1.509  -73.972  -6.263 0.0000000000
4626  1.390  -72.633  -5.969 0.0000000000
4639  1.313  -72.563  -7.365 0.0000000000
4656  1.220  -72.219  -8.165 0.0000000000
5140  1.259  -71.521  -8.593 0.0000000000
5155  1.554  -70.931  -8.781 0.0000000000
5167  1.537  -72.019  -9.983 0.0000000000
4698  1.099  -72.811  -10.810 0.0000000000
4699  0.747  -72.750  -11.605 0.0000000000
2564  -1.117  -77.604  -13.053 0.0000000000
2911  -1.319  -75.815  -13.023 0.0000000000
2563  -0.328  -77.300  -13.842 0.0000000000
125140  0.272  -77.255  -14.461 0.0000000000
2915  0.441  -76.885  -15.137 0.0000000000
2577  1.097  -77.320  -15.451 0.0000000000
2576  1.429  -77.927  -14.970 0.0000000000
2016  2.359  -79.866  -15.234 0.0000000000
1737  2.622  -80.715  -15.316 0.0000000000
1444  2.691  -81.394  -15.914 0.0000000000
1434  3.079  -81.518  -14.706 0.0000000000
1156  3.033  -82.277  -14.464 0.0000000000
1161  2.362  -82.891  -14.388 0.0000000000
1170  -0.756  -82.584  -17.116 0.0000000000
120209  -1.497  -82.428  -17.326 0.0000000000
954  -1.930  -83.305  -18.258 0.0000000000
109170  -2.018  -84.234  -18.698 0.0000000000
108363  -2.734  -84.757  -18.929 0.0000000000
526  -4.866  -85.630  -18.492 0.0000000000
453  -14.865  -85.320  -9.908 0.0000000000
463  -15.314  -85.233  -10.632 0.0000000000
124191  -0.621  -49.545  -24.045 0.0000000000
20823  -0.896  -48.926  -23.709 0.0000000000
21735  -1.556  -48.296  -23.830 0.0000000000
20843  -1.566  -49.106  -24.451 0.0000000000
130118  -3.055  -50.232  -25.652 0.0000000000
18298  -5.490  -51.993  -27.184 0.0000000000
18299  -6.686  -52.089  -27.343 0.0000000000
19158  -8.107  -51.187  -27.830 0.0000000000
20039  -8.040  -50.197  -28.799 0.0000000000
19159  -8.289  -51.106  -28.276 0.0000000000
19202  -7.919  -50.793  -30.329 0.0000000000
19201  -7.429  -51.190  -30.890 0.0000000000
115147  -1.111  -77.177  -35.066 0.0000000000
108408  -2.204  -77.487  -35.971 0.0000000000
125887  -3.465  -78.095  -37.491 0.0000000000
3976  -6.407  -74.773  -35.831 0.0000000000
3991  -5.951  -75.120  -37.132 0.0000000000
116052  -5.496  -74.363  -38.252 0.0000000000
4495  -5.030  -74.026  -39.067 0.0000000000
113992  -4.897  -73.343  -38.790 0.0000000000
4972  -5.270  -72.984  -38.614 0.0000000000
128134  -5.474  -71.538  -38.148 0.0000000000
5887  -6.476  -69.923  -37.903 0.0000000000
244  -14.930  -87.733  -31.504 0.0000000000
245  -15.726  -87.724  -31.596 0.0000000000
430  -16.085  -87.222  -31.755 0.0000000000
108376  -17.749  -86.879  -32.697 0.0000000000
124038  -18.267  -86.383  -33.478 0.0000000000
1605  -21.230  -82.340  -34.838 0.0000000000
1613  -21.792  -82.601  -35.471 0.0000000000
108396  -22.393  -82.096  -35.807 0.0000000000
1335  -22.777  -82.001  -36.415 0.0000000000
1933  -22.393  -80.849  -37.176 0.0000000000
109271  -23.242  -80.917  -36.582 0.0000000000
108398  -23.451  -80.239  -35.564 0.0000000000
2203  -22.624  -79.830  -34.720 0.0000000000
28468  -26.488  -40.847  -17.988 0.0000000000
28466  -24.548  -39.928  -16.957 0.0000000000
29290  -25.103  -39.838  -17.529 0.0000000000
30154  -23.277  -38.734  -17.875 0.0000000000
30160  -23.646  -38.525  -18.751 0.0000000000
125079  -24.103  -38.575  -19.155 0.0000000000
30168  -24.336  -38.618  -19.567 0.0000000000
29309  -25.465  -39.721  -20.514 0.0000000000
111063  -26.402  -41.772  -20.988 0.0000000000
25286  -26.307  -44.803  -22.115 0.0000000000
637  -3.777  -83.867  -6.961 0.0000000000
117945  -2.591  -85.750  -8.339 0.0000000000
13860  -0.769  -58.616  -31.040 0.0000000000
2465  -6.168  -78.821  -31.614 0.0000000000
2450  -5.999  -78.112  -30.768 0.0000000000
2741  -6.451  -77.006  -29.829 0.0000000000
2740  -6.248  -76.300  -30.060 0.0000000000
2742  -7.313  -77.176  -29.357 0.0000000000
3071  -8.029  -76.941  -28.906 0.0000000000
2728  -8.770  -77.096  -28.825 0.0000000000
124233  -14.435  -83.981  -35.358 0.0000000000
1626  -14.585  -81.116  -38.176 0.0000000000
1617  -12.943  -81.243  -37.015 0.0000000000
1616  -11.751  -81.578  -37.412 0.0000000000
1615  -10.875  -81.931  -36.800 0.0000000000
1634  -10.184  -81.557  -38.638 0.0000000000
128113  -9.767  -75.270  -39.584 0.0000000000
2816  -9.795  -76.082  -39.438 0.0000000000
2490  -10.605  -78.043  -38.563 0.0000000000
2485  -11.058  -78.045  -35.976 0.0000000000
127006  -11.034  -78.657  -35.358 0.0000000000
2798  -11.265  -76.967  -34.691 0.0000000000
2793  -11.308  -76.932  -33.733 0.0000000000
27776  -9.587  -40.601  -26.955 0.0000000000
27763  -11.525  -40.280  -27.411 0.0000000000
114873  -19.192  -49.620  -13.791 0.0000000000
19875  -19.022  -50.889  -14.777 0.0000000000
19015  -19.107  -51.550  -15.185 0.0000000000
19033  -18.623  -52.171  -15.633 0.0000000000
18192  -17.568  -52.848  -17.277 0.0000000000
18987  -16.142  -50.906  -13.249 0.0000000000
18178  -13.610  -52.698  -17.147 0.0000000000
18190  -14.483  -52.835  -17.822 0.0000000000
17402  -14.651  -53.540  -18.295 0.0000000000
17403  -15.277  -53.114  -18.524 0.0000000000
17423  -16.113  -53.648  -19.016 0.0000000000
15095  -5.005  -55.860  -14.121 0.0000000000
17400  -2.489  -54.324  -16.526 0.0000000000
110231  -3.743  -54.433  -15.673 0.0000000000
17385  -4.409  -54.433  -15.786 0.0000000000
17363  -5.302  -53.890  -15.171 0.0000000000
17364  -5.732  -53.287  -15.389 0.0000000000
128357  -6.326  -52.887  -14.874 0.0000000000
17387  -5.764  -53.714  -15.885 0.0000000000
16574  -6.017  -54.512  -16.301 0.0000000000
15106  -7.104  -55.954  -15.991 0.0000000000
15865  -6.395  -55.612  -16.423 0.0000000000
15880  -6.256  -55.927  -17.323 0.0000000000
7983  -6.322  -66.733  -9.792 0.0000000000
115162  -4.996  -66.060  -9.107 0.0000000000
8626  -5.414  -65.805  -9.819 0.0000000000
8625  -4.302  -65.711  -9.798 0.0000000000
8637  -3.689  -65.321  -10.336 0.0000000000
9316  -3.258  -64.874  -10.860 0.0000000000
8652  -4.031  -64.920  -10.963 0.0000000000
9328  -3.835  -64.371  -11.578 0.0000000000
9338  -4.184  -63.800  -12.374 0.0000000000
10002  -3.713  -63.145  -12.725 0.0000000000
122275  -4.826  -63.919  -13.382 0.0000000000
9353  -5.497  -64.710  -14.311 0.0000000000
9368  -5.384  -65.081  -15.201 0.0000000000
7392  -2.760  -67.305  -15.452 0.0000000000
7409  -3.312  -67.228  -16.213 0.0000000000
8062  -2.459  -66.812  -16.030 0.0000000000
8061  -1.999  -66.192  -16.600 0.0000000000
8077  -1.685  -65.945  -17.495 0.0000000000
8721  -1.222  -65.711  -18.116 0.0000000000
113825  -0.946  -65.755  -17.257 0.0000000000
8719  0.255  -66.423  -17.335 0.0000000000
8076  0.675  -67.297  -17.381 0.0000000000
6123  3.211  -69.435  -11.438 0.0000000000
6701  2.993  -67.979  -11.159 0.0000000000
6700  3.118  -68.670  -11.757 0.0000000000
6150  3.294  -69.459  -13.202 0.0000000000
6158  3.276  -69.316  -14.046 0.0000000000
4753  2.632  -72.831  -18.168 0.0000000000
127292  1.923  -71.736  -17.134 0.0000000000
4766  1.854  -72.408  -18.917 0.0000000000
5230  1.429  -71.695  -18.731 0.0000000000
5692  1.849  -70.988  -19.423 0.0000000000
5691  2.807  -69.929  -19.047 0.0000000000
5708  2.385  -70.783  -20.416 0.0000000000
53  -1.701  -87.993  -12.704 0.0000000000
136  -1.418  -87.481  -12.641 0.0000000000
60  -1.985  -88.353  -13.259 0.0000000000
150  -2.852  -88.581  -14.353 0.0000000000
153  -3.522  -88.377  -14.890 0.0000000000
158  -8.266  -87.259  -15.508 0.0000000000
162  -8.925  -87.375  -16.454 0.0000000000
313  -9.195  -87.523  -17.353 0.0000000000
111533  -8.751  -87.547  -17.882 0.0000000000
319  -7.973  -86.900  -18.222 0.0000000000
331  -9.343  -87.460  -18.874 0.0000000000
528  -9.281  -86.951  -19.316 0.0000000000
748  -8.605  -85.266  -19.872 0.0000000000
119092  -13.303  -85.545  -14.095 0.0000000000
707  -12.704  -84.608  -13.932 0.0000000000
708  -13.129  -85.117  -14.833 0.0000000000
735  -13.067  -84.504  -17.307 0.0000000000
544  -13.383  -85.628  -20.340 0.0000000000
759  -13.055  -84.916  -19.992 0.0000000000
543  -12.672  -85.258  -20.681 0.0000000000
769  -12.204  -84.764  -21.228 0.0000000000
757  -11.955  -83.909  -21.197 0.0000000000
979  -11.404  -83.262  -21.590 0.0000000000
768  -11.770  -84.134  -21.919 0.0000000000
777  -11.554  -84.541  -22.681 0.0000000000
790  -11.051  -84.221  -23.451 0.0000000000
789  -10.466  -84.210  -24.068 0.0000000000
581  -11.344  -85.808  -23.940 0.0000000000
389  -11.016  -87.348  -24.816 0.0000000000
45  -13.489  -89.439  -25.945 0.0000000000
6  -11.731  -90.085  -25.305 0.0000000000
9  -12.412  -89.949  -25.970 0.0000000000
49  -11.449  -90.113  -27.173 0.0000000000
614  -10.924  -86.553  -29.941 0.0000000000
608  -10.992  -86.504  -29.368 0.0000000000
609  -11.518  -85.959  -28.699 0.0000000000
824  -12.078  -85.132  -29.096 0.0000000000
1051  -13.531  -83.624  -27.707 0.0000000000
121383  -13.361  -83.123  -28.289 0.0000000000
1284  -13.200  -82.796  -29.049 0.0000000000
1560  -13.888  -81.427  -30.785 0.0000000000
1553  -13.482  -81.275  -30.003 0.0000000000
21636  -21.592  -48.721  -15.333 0.0000000000
21645  -22.261  -48.198  -15.649 0.0000000000
132438  -22.159  -48.882  -15.735 0.0000000000
20743  -22.444  -49.396  -15.761 0.0000000000
19879  -22.803  -49.962  -15.561 0.0000000000
17355  -23.120  -53.285  -14.688 0.0000000000
17356  -23.705  -53.096  -14.960 0.0000000000
17371  -24.209  -53.248  -15.466 0.0000000000
18165  -25.041  -52.164  -15.660 0.0000000000
19036  -25.704  -51.497  -16.092 0.0000000000
18187  -24.791  -52.892  -15.941 0.0000000000
19939  -9.069  -48.261  -20.071 0.0000000000
20797  -9.412  -47.383  -19.551 0.0000000000
20798  -9.180  -46.796  -20.290 0.0000000000
21715  -9.997  -45.912  -20.503 0.0000000000
22579  -13.242  -45.935  -21.695 0.0000000000
21717  -12.709  -45.814  -22.147 0.0000000000
21739  -13.066  -46.922  -23.016 0.0000000000
22630  -5.337  -47.752  -25.533 0.0000000000
21762  -5.780  -47.566  -25.006 0.0000000000
22631  -6.231  -47.338  -25.979 0.0000000000
21776  -6.912  -47.349  -25.599 0.0000000000
22633  -7.680  -47.270  -26.080 0.0000000000
20875  -11.598  -49.587  -26.626 0.0000000000
20866  -12.525  -49.540  -25.239 0.0000000000
20854  -15.854  -48.900  -24.677 0.0000000000
3504  0.060  -75.859  -38.246 0.0000000000
3492  1.134  -75.357  -36.138 0.0000000000
3972  0.289  -74.884  -36.970 0.0000000000
6356  -1.921  -69.705  -32.453 0.0000000000
9576  -3.218  -64.022  -32.308 0.0000000000
10969  -3.445  -63.307  -32.436 0.0000000000
10952  -2.987  -62.315  -32.766 0.0000000000
11646  -2.495  -61.507  -32.392 0.0000000000
10935  -3.316  -62.035  -31.682 0.0000000000
11628  -3.631  -61.800  -30.653 0.0000000000
11612  -4.003  -61.417  -29.852 0.0000000000
11022  -11.794  -62.738  -36.470 0.0000000000
10292  -11.486  -63.765  -36.657 0.0000000000
114686  -10.778  -64.404  -36.327 0.0000000000
10291  -10.608  -63.416  -36.328 0.0000000000
10290  -8.690  -63.035  -36.628 0.0000000000
10289  -7.581  -63.088  -37.218 0.0000000000
109644  -6.545  -63.096  -36.590 0.0000000000
10276  -6.935  -62.439  -37.007 0.0000000000
10996  -6.480  -62.363  -36.037 0.0000000000
111004  -6.391  -61.574  -35.077 0.0000000000
13174  -7.567  -58.982  -33.835 0.0000000000
13183  -7.153  -59.436  -34.480 0.0000000000
12365  -5.973  -59.606  -32.494 0.0000000000
13149  -6.487  -59.575  -31.369 0.0000000000
12344  -7.929  -60.522  -29.394 0.0000000000
13135  -7.297  -59.535  -30.228 0.0000000000
13846  -6.957  -58.604  -29.960 0.0000000000
113094  -7.705  -58.840  -28.750 0.0000000000
13813  -7.867  -57.993  -27.567 0.0000000000
14554  -6.379  -57.268  -29.727 0.0000000000
120755  -5.831  -56.527  -30.278 0.0000000000
15322  -11.423  -56.520  -31.470 0.0000000000
16035  -9.815  -56.061  -30.626 0.0000000000
15321  -10.673  -56.234  -30.878 0.0000000000
16044  -9.469  -55.004  -32.124 0.0000000000
17564  -9.118  -53.780  -32.702 0.0000000000
16764  -10.381  -54.382  -33.241 0.0000000000
26079  -20.694  -43.908  -15.835 0.0000000000
120180  -23.163  -45.248  -16.296 0.0000000000
23407  -24.256  -46.317  -15.052 0.0000000000
131194  1.841  -57.232  -11.443 0.0000000000
14324  2.319  -57.936  -11.859 0.0000000000
118127  2.138  -57.718  -12.572 0.0000000000
128368  1.766  -58.070  -13.441 0.0000000000
13649  0.776  -58.760  -15.018 0.0000000000
13648  0.944  -58.682  -15.824 0.0000000000
12930  1.256  -59.548  -16.334 0.0000000000
12142  0.728  -59.544  -15.649 0.0000000000
12155  1.171  -60.463  -16.166 0.0000000000
11432  0.951  -61.303  -16.069 0.0000000000
11404  -0.336  -60.583  -14.925 0.0000000000
11415  0.303  -61.281  -15.525 0.0000000000
10728  0.519  -62.017  -15.928 0.0000000000
10748  -0.058  -62.620  -16.392 0.0000000000
119166  -0.721  -63.001  -16.926 0.0000000000
10042  -1.685  -63.323  -17.090 0.0000000000
2514  -2.999  -77.907  -5.273 0.0000000000
128497  -1.841  -77.225  -4.144 0.0000000000
2518  -2.398  -77.508  -5.561 0.0000000000
111567  -1.562  -77.104  -5.806 0.0000000000
2523  -0.280  -77.140  -7.105 0.0000000000
2240  0.309  -78.702  -7.729 0.0000000000
127627  0.025  -78.019  -7.730 0.0000000000
2522  0.018  -76.434  -7.171 0.0000000000
2873  -0.090  -77.101  -8.304 0.0000000000
113425  0.011  -76.333  -9.117 0.0000000000
3249  0.356  -75.732  -9.814 0.0000000000
3695  0.507  -74.858  -9.979 0.0000000000
2883  0.458  -76.291  -10.245 0.0000000000
2889  -0.425  -75.969  -10.934 0.0000000000
110807  -1.534  -76.891  -12.019 0.0000000000
2258  -1.337  -78.822  -10.760 0.0000000000
111936  -1.531  -78.356  -11.650 0.0000000000
2551  -1.540  -77.553  -12.201 0.0000000000
2283  -0.787  -78.599  -13.088 0.0000000000
1999  0.797  -79.459  -13.033 0.0000000000
1719  1.459  -80.509  -12.931 0.0000000000
1425  -0.108  -81.070  -13.624 0.0000000000
1437  -0.290  -81.475  -14.689 0.0000000000
1438  -1.359  -81.483  -15.444 0.0000000000
1427  -1.804  -81.522  -14.925 0.0000000000
1439  -2.040  -81.720  -15.713 0.0000000000
1448  -2.241  -82.032  -16.282 0.0000000000
934  -2.714  -82.660  -16.537 0.0000000000
712  -3.044  -83.453  -16.335 0.0000000000
16723  -0.776  -54.071  -28.320 0.0000000000
16708  -0.479  -53.703  -27.222 0.0000000000
119455  1.142  -52.588  -26.279 0.0000000000
16680  -0.384  -53.109  -25.981 0.0000000000
18285  -1.019  -51.273  -25.530 0.0000000000
19139  -1.789  -50.916  -25.797 0.0000000000
18286  -2.111  -52.400  -26.133 0.0000000000
17494  -3.156  -52.753  -26.464 0.0000000000
17495  -4.209  -53.141  -26.684 0.0000000000
17496  -5.251  -53.503  -26.800 0.0000000000
17497  -6.177  -53.850  -26.858 0.0000000000
17505  -7.064  -53.832  -27.191 0.0000000000
17506  -7.861  -53.744  -27.720 0.0000000000
3120  -5.326  -76.140  -33.799 0.0000000000
3121  -6.138  -75.984  -34.216 0.0000000000
116848  -6.415  -75.649  -34.565 0.0000000000
3956  -6.748  -74.972  -34.557 0.0000000000
3935  -7.198  -74.264  -32.861 0.0000000000
115558  -6.675  -74.110  -35.049 0.0000000000
4943  -6.311  -72.111  -35.461 0.0000000000
109234  -15.782  -84.181  -32.923 0.0000000000
108378  -16.540  -84.126  -33.433 0.0000000000
108379  -16.409  -83.266  -33.562 0.0000000000
128060  -17.895  -82.828  -33.906 0.0000000000
1317  -18.558  -83.060  -34.227 0.0000000000
1596  -19.641  -82.159  -33.699 0.0000000000
1597  -20.604  -81.882  -33.872 0.0000000000
1598  -21.736  -81.610  -33.980 0.0000000000
108400  -23.578  -81.172  -33.562 0.0000000000
27680  -23.180  -40.740  -15.602 0.0000000000
27681  -24.188  -40.773  -16.023 0.0000000000
27682  -25.063  -40.998  -16.343 0.0000000000
28455  -25.855  -40.747  -17.136 0.0000000000
26901  -27.639  -41.895  -16.787 0.0000000000
27694  -26.805  -41.691  -17.453 0.0000000000
28469  -27.413  -41.420  -17.896 0.0000000000
28477  -26.977  -41.520  -17.922 0.0000000000
27703  -26.876  -41.639  -18.962 0.0000000000
116375  -29.110  -42.906  -20.092 0.0000000000
26104  -29.070  -43.019  -20.925 0.0000000000
25268  -28.091  -43.796  -21.083 0.0000000000
25274  -27.304  -44.862  -20.981 0.0000000000
111863  -3.318  -80.562  -33.058 0.0000000000
2178  -4.833  -79.813  -32.746 0.0000000000
109236  -5.046  -80.997  -34.103 0.0000000000
1340  -17.451  -81.780  -38.451 0.0000000000
127025  -16.579  -81.588  -39.174 0.0000000000
1339  -15.892  -81.252  -39.407 0.0000000000
128208  -17.086  -80.713  -38.172 0.0000000000
1929  -15.930  -80.686  -38.378 0.0000000000
1638  -14.916  -81.074  -38.781 0.0000000000
1927  -14.819  -80.646  -38.538 0.0000000000
113931  -14.516  -80.239  -38.648 0.0000000000
2214  -13.907  -79.802  -39.192 0.0000000000
27741  -14.148  -41.334  -23.703 0.0000000000
27740  -13.782  -41.082  -24.641 0.0000000000
113347  -12.912  -40.898  -23.848 0.0000000000
127151  -12.038  -40.582  -24.572 0.0000000000
28508  -10.981  -40.622  -24.718 0.0000000000
26947  -9.453  -42.551  -23.748 0.0000000000
27737  -9.203  -41.781  -24.585 0.0000000000
27747  -9.086  -41.421  -25.392 0.0000000000
26976  -9.279  -41.222  -26.367 0.0000000000
26977  -9.799  -41.839  -26.769 0.0000000000
26989  -11.601  -42.534  -28.051 0.0000000000
19852  -17.819  -50.135  -13.457 0.0000000000
19860  -17.503  -50.652  -14.101 0.0000000000
18975  -14.890  -51.535  -12.812 0.0000000000
18159  -13.070  -52.072  -15.793 0.0000000000
126380  -12.380  -52.285  -15.820 0.0000000000
18177  -12.704  -52.541  -16.568 0.0000000000
16589  -13.764  -54.714  -17.470 0.0000000000
15881  -13.523  -55.439  -17.499 0.0000000000
15128  -13.137  -56.010  -17.866 0.0000000000
15143  -12.508  -56.272  -18.208 0.0000000000
15157  -11.602  -56.443  -18.775 0.0000000000
15111  -11.909  -56.215  -16.313 0.0000000000
15156  -10.725  -56.618  -18.879 0.0000000000
16532  -1.005  -53.897  -14.690 0.0000000000
111762  -1.979  -54.190  -14.848 0.0000000000
16547  -1.406  -53.633  -15.275 0.0000000000
17382  -1.250  -53.718  -16.043 0.0000000000
17383  -1.732  -53.945  -16.271 0.0000000000
17420  -0.763  -54.403  -17.615 0.0000000000
17421  -1.335  -54.477  -17.791 0.0000000000
17399  -1.729  -54.264  -17.017 0.0000000000
16586  -2.547  -54.719  -17.507 0.0000000000
16610  -3.276  -55.102  -18.339 0.0000000000
15896  -4.696  -55.452  -18.753 0.0000000000
6648  -4.580  -68.262  -6.244 0.0000000000
6655  -5.468  -67.991  -7.478 0.0000000000
6675  -6.012  -67.896  -9.217 0.0000000000
6099  -5.399  -69.429  -9.750 0.0000000000
6687  -5.905  -68.484  -10.029 0.0000000000
7312  -6.326  -67.504  -9.817 0.0000000000
118486  -6.753  -67.562  -11.233 0.0000000000
7343  -6.905  -67.635  -12.034 0.0000000000
8016  -6.955  -66.804  -12.513 0.0000000000
8028  -6.797  -66.788  -13.619 0.0000000000
7365  -6.546  -67.557  -13.791 0.0000000000
6738  -5.052  -68.333  -14.369 0.0000000000
7378  -4.461  -67.996  -14.870 0.0000000000
6729  -3.514  -68.647  -13.902 0.0000000000
7363  -2.796  -68.122  -14.177 0.0000000000
7376  -2.596  -67.561  -14.667 0.0000000000
7375  -1.861  -66.996  -14.309 0.0000000000
8026  -0.963  -66.123  -13.920 0.0000000000
8682  0.404  -65.984  -14.509 0.0000000000
122227  1.219  -72.894  -15.723 0.0000000000
4737  2.049  -72.413  -15.411 0.0000000000
4273  1.719  -73.441  -16.545 0.0000000000
3746  2.258  -73.747  -17.253 0.0000000000
117775  2.937  -73.446  -17.906 0.0000000000
3311  2.819  -75.702  -18.452 0.0000000000
3763  3.033  -74.791  -18.446 0.0000000000
125334  3.193  -73.944  -18.472 0.0000000000
326  0.232  -87.448  -17.892 0.0000000000
170  0.334  -88.216  -18.338 0.0000000000
108362  0.200  -88.812  -18.216 0.0000000000
108351  -1.069  -89.994  -19.138 0.0000000000
123969  -1.948  -90.128  -20.247 0.0000000000
14  -2.855  -90.273  -19.717 0.0000000000
0  -2.587  -90.322  -20.205 0.0000000000
322  -15.883  -87.173  -17.218 0.0000000000
522  -14.722  -86.308  -17.318 0.0000000000
120585  -15.344  -86.560  -17.995 0.0000000000
531  -15.364  -86.360  -18.803 0.0000000000
537  -15.085  -86.255  -19.528 0.0000000000
339  -15.890  -86.977  -20.286 0.0000000000
545  -14.474  -86.128  -20.188 0.0000000000
122343  -13.900  -86.786  -21.050 0.0000000000
182  -12.682  -87.075  -21.569 0.0000000000
191  -12.676  -87.634  -21.943 0.0000000000
190  -12.033  -87.767  -22.485 0.0000000000
97  -12.677  -88.301  -22.553 0.0000000000
22  -13.045  -88.886  -22.999 0.0000000000
4  -13.419  -89.389  -24.369 0.0000000000
103  -15.708  -88.609  -23.809 0.0000000000
29  -15.059  -89.094  -24.046 0.0000000000
39  -13.691  -89.359  -25.164 0.0000000000
46  -14.470  -88.908  -26.122 0.0000000000
120  -13.859  -88.170  -27.006 0.0000000000
403  -13.003  -86.687  -27.428 0.0000000000
404  -13.928  -86.682  -27.193 0.0000000000
599  -14.183  -85.831  -26.918 0.0000000000
811  -14.295  -84.928  -26.679 0.0000000000
591  -15.265  -85.741  -25.624 0.0000000000
1043  -13.846  -83.370  -26.918 0.0000000000
1270  -13.785  -82.485  -26.658 0.0000000000
1537  -13.775  -81.592  -26.429 0.0000000000
18186  -21.008  -52.378  -15.711 0.0000000000
18162  -21.453  -52.770  -15.253 0.0000000000
19956  -9.553  -50.505  -21.671 0.0000000000
19970  -10.301  -50.211  -22.735 0.0000000000
22680  -7.379  -46.121  -28.971 0.0000000000
22659  -7.606  -45.874  -28.578 0.0000000000
22681  -8.077  -46.247  -29.462 0.0000000000
21821  -9.561  -47.316  -28.966 0.0000000000
20893  -10.718  -48.643  -28.401 0.0000000000
20918  -10.909  -48.424  -29.755 0.0000000000
20919  -11.328  -49.489  -28.642 0.0000000000
3955  -2.858  -74.423  -34.707 0.0000000000
4441  -2.228  -73.754  -34.047 0.0000000000
4450  -3.228  -73.543  -34.259 0.0000000000
117592  -3.386  -72.165  -33.762 0.0000000000
5389  -3.425  -71.337  -33.559 0.0000000000
120576  -3.348  -69.856  -33.599 0.0000000000
5847  -2.718  -69.765  -32.845 0.0000000000
127987  -0.640  -67.925  -32.496 0.0000000000
119182  -0.213  -67.466  -33.111 0.0000000000
129049  -1.079  -67.063  -31.716 0.0000000000
8252  -1.766  -66.313  -31.156 0.0000000000
8900  -2.639  -65.816  -30.927 0.0000000000
7612  -3.902  -67.036  -31.622 0.0000000000
8901  -3.656  -66.034  -30.806 0.0000000000
9564  -3.567  -65.105  -31.334 0.0000000000
9565  -4.418  -65.403  -30.960 0.0000000000
9552  -4.778  -64.579  -31.098 0.0000000000
120855  -6.238  -64.252  -30.474 0.0000000000
116957  -13.812  -61.530  -35.833 0.0000000000
11711  -12.052  -61.604  -35.520 0.0000000000
11710  -11.167  -61.569  -35.361 0.0000000000
11709  -10.366  -61.383  -35.304 0.0000000000
11695  -10.786  -61.187  -34.828 0.0000000000
12412  -10.448  -60.724  -34.292 0.0000000000
131618  -10.235  -60.354  -33.777 0.0000000000
12395  -11.801  -60.821  -33.168 0.0000000000
12394  -10.386  -60.188  -33.031 0.0000000000
12379  -9.669  -59.628  -32.906 0.0000000000
13875  -8.723  -58.989  -32.891 0.0000000000
13864  -8.935  -58.489  -31.876 0.0000000000
13863  -7.894  -57.607  -31.729 0.0000000000
13847  -9.294  -58.105  -30.932 0.0000000000
13848  -10.318  -58.381  -30.571 0.0000000000
14563  -10.741  -57.706  -30.438 0.0000000000
13851  -12.939  -58.737  -30.637 0.0000000000
28433  -21.458  -40.402  -15.447 0.0000000000
27635  -21.301  -41.570  -15.043 0.0000000000
28414  -21.773  -40.977  -15.163 0.0000000000
28415  -22.409  -41.075  -15.241 0.0000000000
27661  -23.689  -41.340  -15.425 0.0000000000
26880  -26.255  -42.986  -15.721 0.0000000000
26054  -26.140  -43.886  -15.120 0.0000000000
25236  -26.702  -44.186  -15.572 0.0000000000
25237  -27.083  -44.081  -16.288 0.0000000000
24371  -27.409  -46.008  -17.431 0.0000000000
22542  -27.476  -47.172  -17.981 0.0000000000
21670  -27.157  -48.582  -18.214 0.0000000000
31058  -23.107  -37.941  -22.491 0.0000000000
32017  -22.086  -36.964  -22.677 0.0000000000
32023  -21.494  -36.631  -23.171 0.0000000000
27733  -23.783  -41.198  -23.797 0.0000000000
28511  -22.417  -40.560  -24.483 0.0000000000
29334  -22.210  -39.624  -24.428 0.0000000000
28541  -17.704  -40.094  -26.916 0.0000000000
28526  -17.849  -40.917  -26.577 0.0000000000
118249  -17.153  -41.585  -26.545 0.0000000000
26962  -16.129  -42.201  -25.629 0.0000000000
26919  -11.998  -43.083  -22.483 0.0000000000
26920  -13.064  -43.247  -22.290 0.0000000000
26113  -11.815  -43.928  -22.748 0.0000000000
25278  -13.265  -44.463  -22.862 0.0000000000
25293  -13.913  -44.841  -23.107 0.0000000000
18137  -12.667  -52.567  -13.089 0.0000000000
18144  -10.498  -52.786  -14.214 0.0000000000
15816  -1.839  -55.661  -13.836 0.0000000000
14316  -1.714  -57.865  -10.962 0.0000000000
14327  -1.525  -57.387  -11.560 0.0000000000
15054  1.136  -55.892  -12.033 0.0000000000
15055  0.055  -55.985  -12.075 0.0000000000
15056  -1.047  -56.304  -12.414 0.0000000000
15072  -1.415  -55.988  -13.133 0.0000000000
15815  -0.854  -55.230  -13.525 0.0000000000
16523  -0.430  -54.412  -13.974 0.0000000000
16531  -0.225  -53.854  -14.612 0.0000000000
16545  0.255  -53.925  -15.471 0.0000000000
16585  0.297  -54.488  -17.072 0.0000000000
119410  1.088  -55.348  -16.414 0.0000000000
16584  0.799  -55.026  -17.333 0.0000000000
16605  0.483  -54.905  -17.918 0.0000000000
15911  1.462  -55.537  -19.318 0.0000000000
15175  1.509  -55.635  -20.019 0.0000000000
14445  1.378  -56.789  -21.048 0.0000000000
14450  1.622  -57.470  -21.644 0.0000000000
13721  2.742  -58.211  -20.833 0.0000000000
13726  2.727  -58.382  -21.534 0.0000000000
13024  3.094  -59.646  -23.239 0.0000000000
12244  3.190  -59.905  -23.907 0.0000000000
11511  3.345  -60.660  -24.145 0.0000000000
12946  2.099  -59.731  -17.409 0.0000000000
11461  2.325  -60.976  -19.206 0.0000000000
11462  1.902  -61.499  -18.567 0.0000000000
11478  2.019  -61.501  -19.656 0.0000000000
11477  2.492  -60.989  -20.194 0.0000000000
11489  2.776  -60.966  -21.188 0.0000000000
10828  3.307  -61.677  -24.325 0.0000000000
10820  3.065  -62.284  -23.506 0.0000000000
10120  2.855  -63.196  -23.542 0.0000000000
10114  1.391  -63.168  -21.871 0.0000000000
10121  2.397  -63.572  -22.646 0.0000000000
118576  2.965  -65.302  -22.546 0.0000000000
8133  2.592  -65.797  -22.385 0.0000000000
121326  -0.564  -76.592  -3.426 0.0000000000
2848  -0.039  -76.229  -3.129 0.0000000000
123527  1.051  -75.367  -4.868 0.0000000000
3628  0.916  -74.638  -3.308 0.0000000000
5609  -1.784  -71.208  -9.774 0.0000000000
5621  -1.467  -70.344  -10.052 0.0000000000
114385  -1.312  -69.613  -10.757 0.0000000000
6112  -0.860  -69.627  -9.916 0.0000000000
6673  0.693  -68.821  -9.261 0.0000000000
6094  2.611  -68.627  -9.743 0.0000000000
5605  1.927  -70.297  -9.011 0.0000000000
5620  2.431  -70.414  -9.743 0.0000000000
112922  3.030  -69.794  -10.850 0.0000000000
119312  2.958  -70.234  -11.617 0.0000000000
5199  1.681  -71.243  -13.202 0.0000000000
4730  0.988  -71.916  -14.317 0.0000000000
3696  0.238  -74.759  -10.554 0.0000000000
3702  0.306  -73.715  -11.252 0.0000000000
4230  -0.140  -72.851  -12.219 0.0000000000
3276  -1.460  -74.954  -13.599 0.0000000000
4232  -1.434  -73.562  -13.381 0.0000000000
4709  -0.443  -72.354  -13.151 0.0000000000
4720  -0.268  -72.439  -14.147 0.0000000000
4256  -0.256  -72.940  -14.960 0.0000000000
4739  0.660  -72.626  -15.034 0.0000000000
3748  0.760  -74.623  -16.760 0.0000000000
2939  1.153  -76.002  -17.579 0.0000000000
2591  2.115  -77.216  -17.570 0.0000000000
2583  1.207  -77.069  -16.424 0.0000000000
2581  2.416  -77.987  -16.858 0.0000000000
116955  2.696  -77.783  -17.535 0.0000000000
2036  3.231  -78.957  -18.030 0.0000000000
1746  3.086  -80.498  -18.135 0.0000000000
1750  3.210  -81.188  -18.740 0.0000000000
1452  2.614  -81.843  -18.538 0.0000000000
952  2.489  -83.443  -17.953 0.0000000000
110504  3.504  -83.003  -16.028 0.0000000000
941  3.514  -83.793  -16.062 0.0000000000
308  2.094  -85.525  -16.320 0.0000000000
309  1.573  -85.738  -16.231 0.0000000000
1436  1.267  -81.867  -13.810 0.0000000000
933  0.943  -83.526  -15.591 0.0000000000
942  0.043  -83.026  -16.454 0.0000000000
718  1.683  -84.289  -15.333 0.0000000000
121588  1.225  -85.144  -15.932 0.0000000000
130713  0.948  -85.856  -16.395 0.0000000000
310  0.536  -86.810  -17.619 0.0000000000
124307  -0.356  -87.450  -18.139 0.0000000000
109024  -1.215  -87.032  -18.498 0.0000000000
108356  -2.532  -87.272  -18.574 0.0000000000
84  -4.028  -88.748  -18.899 0.0000000000
174  -4.705  -88.282  -19.349 0.0000000000
685  -11.435  -84.092  -11.094 0.0000000000
480  -13.206  -85.449  -12.609 0.0000000000
471  -14.074  -85.867  -11.328 0.0000000000
481  -13.980  -86.061  -12.214 0.0000000000
490  -13.222  -85.497  -13.410 0.0000000000
118272  -13.904  -86.314  -13.716 0.0000000000
304  -14.849  -87.046  -14.773 0.0000000000
305  -15.616  -87.141  -15.534 0.0000000000
112054  -15.898  -86.154  -13.698 0.0000000000
297  -15.998  -86.938  -14.021 0.0000000000
121999  -16.158  -86.912  -14.780 0.0000000000
306  -16.296  -86.920  -15.554 0.0000000000
315  -16.227  -87.186  -16.380 0.0000000000
323  -16.785  -87.202  -17.244 0.0000000000
324  -17.247  -87.056  -18.059 0.0000000000
746  -17.628  -86.102  -18.788 0.0000000000
745  -17.000  -84.723  -18.832 0.0000000000
753  -17.268  -85.666  -19.550 0.0000000000
981  -15.772  -84.237  -20.925 0.0000000000
21693  -1.844  -48.332  -20.633 0.0000000000
21694  -2.840  -48.154  -20.872 0.0000000000
21695  -3.859  -48.233  -21.020 0.0000000000
21712  -3.117  -47.608  -22.138 0.0000000000
22578  -3.403  -47.424  -23.230 0.0000000000
22598  -3.245  -47.601  -23.957 0.0000000000
21759  -2.553  -48.253  -24.227 0.0000000000
117006  -3.145  -48.068  -24.281 0.0000000000
22617  -3.931  -47.953  -24.401 0.0000000000
131505  -5.112  -48.065  -25.664 0.0000000000
131357  -5.254  -48.176  -26.034 0.0000000000
21783  -6.117  -47.577  -26.721 0.0000000000
19990  -2.352  -50.717  -25.842 0.0000000000
19998  -2.958  -50.668  -26.122 0.0000000000
19999  -3.739  -50.023  -26.152 0.0000000000
19145  -4.894  -51.075  -26.961 0.0000000000
20000  -4.249  -50.324  -26.615 0.0000000000
20013  -4.670  -49.452  -26.510 0.0000000000
21799  -6.192  -47.822  -27.229 0.0000000000
21800  -6.710  -47.263  -28.090 0.0000000000
21819  -7.000  -46.954  -29.033 0.0000000000
21820  -7.813  -46.877  -29.436 0.0000000000
21853  -9.295  -48.007  -30.340 0.0000000000
117702  -8.858  -49.058  -30.623 0.0000000000
126433  -9.795  -48.316  -31.021 0.0000000000
20970  -10.698  -48.913  -31.500 0.0000000000
20089  -10.818  -49.931  -31.566 0.0000000000
2795  2.155  -78.037  -35.388 0.0000000000
3138  1.664  -77.457  -36.282 0.0000000000
2803  0.247  -77.935  -37.068 0.0000000000
2808  0.350  -77.765  -38.011 0.0000000000
3519  0.221  -76.675  -38.650 0.0000000000
3505  -0.649  -76.332  -38.231 0.0000000000
109142  -2.571  -75.474  -35.676 0.0000000000
3139  -5.018  -77.366  -35.917 0.0000000000
109367  -4.182  -78.079  -37.126 0.0000000000
108411  -3.920  -78.211  -37.987 0.0000000000
3523  -5.316  -76.877  -38.175 0.0000000000
3158  -4.687  -76.901  -38.457 0.0000000000
109175  -3.466  -77.629  -37.889 0.0000000000
109425  -3.318  -76.869  -37.342 0.0000000000
124245  -3.333  -75.824  -36.395 0.0000000000
3974  -3.454  -74.844  -35.531 0.0000000000
4456  -3.653  -73.932  -35.018 0.0000000000
4457  -4.155  -73.293  -35.645 0.0000000000
127247  -4.275  -71.709  -35.837 0.0000000000
4960  -4.753  -72.647  -38.109 0.0000000000
128333  -4.607  -71.638  -37.344 0.0000000000
122729  -4.351  -70.875  -36.489 0.0000000000
6398  -4.115  -69.297  -36.568 0.0000000000
6981  -4.425  -68.610  -37.341 0.0000000000
7663  -4.910  -67.150  -37.586 0.0000000000
125848  -13.985  -86.367  -34.351 0.0000000000
258  -15.781  -87.435  -32.934 0.0000000000
436  -15.187  -86.683  -33.872 0.0000000000
437  -14.699  -86.060  -34.748 0.0000000000
109129  -16.472  -84.807  -35.921 0.0000000000
852  -18.030  -84.199  -35.838 0.0000000000
124057  -18.001  -85.459  -33.521 0.0000000000
108960  -19.050  -85.371  -33.794 0.0000000000
123955  -19.249  -85.415  -34.580 0.0000000000
1321  -20.065  -84.060  -35.836 0.0000000000
1085  -20.013  -84.656  -35.467 0.0000000000
1084  -19.425  -85.027  -35.482 0.0000000000
1087  -18.272  -83.480  -36.222 0.0000000000
1332  -18.365  -82.487  -37.012 0.0000000000
1630  -20.011  -81.045  -38.655 0.0000000000
1921  -20.059  -80.661  -37.906 0.0000000000
1932  -21.551  -80.830  -37.624 0.0000000000
1922  -21.074  -80.561  -37.472 0.0000000000
120325  -20.263  -80.565  -36.631 0.0000000000
1913  -19.385  -80.579  -35.552 0.0000000000
1308  -21.053  -82.663  -31.168 0.0000000000
1301  -22.062  -83.359  -30.655 0.0000000000
1309  -22.421  -82.660  -31.316 0.0000000000
126962  -22.593  -81.819  -32.040 0.0000000000
1588  -23.342  -81.341  -32.560 0.0000000000
1589  -23.762  -80.918  -33.010 0.0000000000
29256  -21.905  -39.882  -15.876 0.0000000000
29273  -21.448  -39.300  -16.286 0.0000000000
29288  -22.881  -39.067  -17.164 0.0000000000
31044  -22.908  -37.791  -20.817 0.0000000000
30174  -24.223  -38.637  -20.614 0.0000000000
30179  -24.100  -38.751  -21.525 0.0000000000
130067  -24.684  -40.342  -22.881 0.0000000000
27735  -24.935  -41.442  -23.331 0.0000000000
27708  -26.832  -42.092  -20.093 0.0000000000
27713  -26.279  -43.025  -22.130 0.0000000000
26914  -27.256  -42.890  -22.405 0.0000000000
27720  -25.980  -41.413  -22.973 0.0000000000
2235  -3.401  -78.607  -5.415 0.0000000000
1955  -2.609  -79.336  -6.876 0.0000000000
1962  -1.626  -79.980  -7.283 0.0000000000
1361  -1.822  -81.970  -7.320 0.0000000000
131682  -0.841  -81.511  -7.601 0.0000000000
116239  -0.436  -81.905  -8.718 0.0000000000
878  -0.627  -83.029  -9.461 0.0000000000
884  -0.988  -83.291  -10.089 0.0000000000
670  -0.907  -83.906  -11.080 0.0000000000
669  -1.123  -84.007  -10.810 0.0000000000
267  -1.100  -85.345  -11.250 0.0000000000
268  -1.347  -86.015  -10.856 0.0000000000
263  -2.475  -86.516  -9.344 0.0000000000
128  -1.711  -86.978  -10.931 0.0000000000
138  -4.079  -88.381  -13.054 0.0000000000
281  -4.273  -86.812  -12.489 0.0000000000
111098  -5.529  -88.374  -13.461 0.0000000000
131011  -1.054  -55.373  -30.278 0.0000000000
15302  -1.167  -56.269  -30.076 0.0000000000
14541  -1.405  -56.863  -28.977 0.0000000000
13807  -1.749  -57.701  -28.271 0.0000000000
2791  -0.406  -78.176  -32.654 0.0000000000
3117  -1.143  -77.090  -33.856 0.0000000000
108407  -2.006  -76.781  -34.499 0.0000000000
120201  -2.724  -76.503  -33.832 0.0000000000
3119  -4.214  -76.173  -33.278 0.0000000000
2463  -1.458  -79.627  -32.480 0.0000000000
2769  -2.562  -78.276  -32.209 0.0000000000
2753  -4.074  -77.588  -31.332 0.0000000000
127164  -3.491  -77.321  -31.649 0.0000000000
123010  -3.542  -76.782  -31.758 0.0000000000
3108  -4.120  -76.212  -32.188 0.0000000000
3109  -5.005  -76.012  -32.616 0.0000000000
3469  -5.566  -75.705  -32.006 0.0000000000
3458  -6.219  -75.432  -31.443 0.0000000000
3433  -6.837  -75.829  -29.601 0.0000000000
126659  -7.484  -74.734  -29.631 0.0000000000
3871  -8.330  -74.153  -28.803 0.0000000000
132134  -15.702  -82.915  -35.955 0.0000000000
109391  -15.163  -82.373  -35.587 0.0000000000
124278  -14.579  -82.710  -35.017 0.0000000000
115257  -13.872  -81.733  -35.106 0.0000000000
1319  -13.776  -82.140  -34.616 0.0000000000
1316  -13.302  -82.579  -34.091 0.0000000000
1579  -12.073  -82.087  -33.441 0.0000000000
1578  -11.615  -82.145  -32.839 0.0000000000
125136  -11.265  -81.760  -33.506 0.0000000000
1591  -10.231  -81.710  -33.776 0.0000000000
1602  -9.448  -82.049  -34.858 0.0000000000
1325  -9.861  -82.298  -36.571 0.0000000000
1609  -9.679  -82.204  -35.670 0.0000000000
1608  -8.503  -82.424  -35.892 0.0000000000
1607  -7.643  -82.329  -35.865 0.0000000000
1906  -7.294  -81.981  -35.920 0.0000000000
127168  -15.999  -78.370  -34.646 0.0000000000
2482  -15.563  -78.552  -35.189 0.0000000000
2207  -14.966  -78.803  -35.944 0.0000000000
2486  -14.798  -78.103  -36.586 0.0000000000
2489  -14.520  -78.788  -36.959 0.0000000000
2491  -13.929  -78.814  -37.933 0.0000000000
2218  -13.130  -79.699  -39.965 0.0000000000
3169  -13.254  -75.721  -39.150 0.0000000000
3168  -11.969  -75.595  -39.488 0.0000000000
131829  -12.926  -76.341  -39.067 0.0000000000
113058  -12.490  -78.102  -38.993 0.0000000000
2494  -12.232  -79.109  -39.590 0.0000000000
2217  -12.466  -79.949  -40.285 0.0000000000
1939  -11.358  -80.285  -39.758 0.0000000000
1934  -10.773  -80.878  -39.414 0.0000000000
1925  -10.299  -80.890  -38.474 0.0000000000
114423  -11.115  -78.964  -38.445 0.0000000000
2213  -10.714  -79.898  -37.960 0.0000000000
1916  -9.907  -80.793  -37.574 0.0000000000
117846  -8.602  -81.558  -36.694 0.0000000000
1899  -8.037  -81.054  -35.131 0.0000000000
108406  -8.663  -80.388  -34.114 0.0000000000
108404  -8.909  -79.868  -33.067 0.0000000000
2200  -10.400  -79.597  -34.242 0.0000000000
2191  -10.410  -79.315  -33.351 0.0000000000
2179  -9.433  -79.317  -32.119 0.0000000000
125127  -9.310  -78.901  -31.219 0.0000000000
3122  -11.376  -76.013  -33.406 0.0000000000
2783  -11.327  -76.899  -32.738 0.0000000000
2770  -10.709  -77.901  -31.326 0.0000000000
2453  -9.556  -78.290  -30.166 0.0000000000
2745  -10.051  -77.516  -29.566 0.0000000000
2729  -9.579  -77.052  -28.908 0.0000000000
27764  -12.889  -40.865  -27.002 0.0000000000
24330  -21.209  -45.513  -15.059 0.0000000000
20741  -21.161  -50.079  -15.684 0.0000000000
20716  -19.770  -49.086  -13.810 0.0000000000
19017  -21.007  -51.307  -15.797 0.0000000000
19035  -20.492  -52.076  -15.671 0.0000000000
17407  -19.300  -53.639  -15.884 0.0000000000
18184  -18.773  -52.731  -15.913 0.0000000000
18193  -18.977  -53.258  -15.967 0.0000000000
19013  -17.106  -51.456  -15.323 0.0000000000
18986  -15.485  -51.261  -13.504 0.0000000000
18997  -15.698  -51.364  -14.510 0.0000000000
18161  -15.077  -51.848  -16.167 0.0000000000
124557  -16.359  -51.409  -15.178 0.0000000000
18182  -17.052  -52.156  -16.682 0.0000000000
17405  -17.604  -53.584  -18.032 0.0000000000
17424  -16.847  -53.566  -18.582 0.0000000000
16613  -17.317  -54.644  -19.154 0.0000000000
16614  -18.385  -55.061  -18.836 0.0000000000
15902  -18.468  -55.716  -18.981 0.0000000000
17343  -11.410  -53.472  -12.989 0.0000000000
17352  -10.036  -52.932  -13.848 0.0000000000
18143  -9.838  -52.831  -14.877 0.0000000000
16533  -2.860  -55.057  -14.780 0.0000000000
15827  -3.861  -54.808  -14.964 0.0000000000
16535  -4.724  -54.310  -15.113 0.0000000000
15829  -5.141  -54.908  -14.030 0.0000000000
131041  -6.931  -52.877  -14.363 0.0000000000
17340  -8.210  -52.962  -13.759 0.0000000000
116811  -8.469  -52.969  -14.734 0.0000000000
17365  -9.092  -53.298  -15.485 0.0000000000
15845  -9.328  -55.609  -15.614 0.0000000000
15108  -8.892  -56.259  -15.702 0.0000000000
15122  -7.530  -56.393  -16.437 0.0000000000
15123  -8.468  -56.598  -16.364 0.0000000000
7971  -3.473  -66.497  -8.559 0.0000000000
130328  -2.131  -61.731  -13.879 0.0000000000
10007  -3.786  -63.159  -13.469 0.0000000000
118581  -3.090  -62.946  -13.939 0.0000000000
10012  -2.045  -63.161  -15.101 0.0000000000
10043  -2.554  -63.638  -16.724 0.0000000000
10065  -2.562  -63.757  -17.757 0.0000000000
8041  -6.439  -66.489  -14.517 0.0000000000
8692  -5.696  -65.866  -15.615 0.0000000000
8691  -5.110  -65.396  -16.017 0.0000000000
8063  -3.971  -66.890  -16.863 0.0000000000
8064  -4.735  -66.484  -16.865 0.0000000000
9392  -4.348  -65.182  -17.080 0.0000000000
9391  -3.954  -65.111  -17.643 0.0000000000
10085  -3.120  -64.425  -18.385 0.0000000000
10084  -2.526  -63.939  -18.851 0.0000000000
10101  -2.177  -64.128  -19.672 0.0000000000
9426  -1.347  -64.188  -20.190 0.0000000000
9425  0.001  -64.677  -20.054 0.0000000000
8739  -0.585  -65.496  -18.636 0.0000000000
110661  0.166  -65.385  -19.124 0.0000000000
8769  1.285  -64.993  -20.089 0.0000000000
8123  1.665  -65.980  -20.356 0.0000000000
115270  1.433  -66.561  -21.187 0.0000000000
6124  -0.894  -68.771  -11.029 0.0000000000
6702  -0.544  -68.045  -11.413 0.0000000000
7354  -0.306  -67.431  -11.815 0.0000000000
7340  2.074  -67.095  -11.149 0.0000000000
8004  1.746  -66.863  -11.733 0.0000000000
8013  0.835  -66.600  -12.647 0.0000000000
121782  1.253  -66.443  -13.187 0.0000000000
8024  1.266  -66.249  -13.754 0.0000000000
131426  1.627  -66.266  -14.761 0.0000000000
5212  2.795  -71.838  -14.967 0.0000000000
115174  3.274  -71.038  -15.197 0.0000000000
123846  3.201  -68.911  -14.846 0.0000000000
128486  2.344  -71.164  -16.697 0.0000000000
6162  3.209  -69.287  -15.475 0.0000000000
6736  3.165  -67.925  -15.041 0.0000000000
7391  2.839  -66.971  -15.270 0.0000000000
110316  2.178  -66.414  -14.936 0.0000000000
8051  1.595  -66.353  -15.302 0.0000000000
7408  1.560  -67.081  -16.619 0.0000000000
7424  1.272  -67.857  -17.477 0.0000000000
7425  0.642  -67.951  -17.949 0.0000000000
6779  3.058  -69.082  -19.358 0.0000000000
6780  2.246  -68.572  -19.699 0.0000000000
119380  1.007  -68.317  -19.573 0.0000000000
6798  1.152  -68.257  -20.462 0.0000000000
86  1.312  -88.821  -18.959 0.0000000000
681  -0.678  -84.490  -11.605 0.0000000000
688  -0.694  -84.754  -12.350 0.0000000000
695  -1.029  -85.061  -13.187 0.0000000000
287  -1.238  -87.041  -13.031 0.0000000000
703  -1.568  -85.380  -14.052 0.0000000000
130435  -1.805  -84.505  -14.430 0.0000000000
704  -2.157  -84.983  -14.913 0.0000000000
720  -3.722  -84.117  -16.556 0.0000000000
115247  -3.900  -87.761  -15.371 0.0000000000
300  -4.553  -86.768  -15.824 0.0000000000
129650  -4.682  -85.702  -16.193 0.0000000000
508  -4.257  -85.019  -16.363 0.0000000000
721  -4.641  -84.415  -17.091 0.0000000000
731  -4.789  -84.271  -17.732 0.0000000000
327  -5.677  -86.099  -18.488 0.0000000000
318  -7.310  -86.570  -18.553 0.0000000000
110904  -7.511  -86.896  -19.346 0.0000000000
328  -6.571  -86.625  -18.951 0.0000000000
336  -5.976  -87.070  -19.612 0.0000000000
345  -6.774  -86.752  -20.629 0.0000000000
354  -6.666  -86.639  -21.541 0.0000000000
896  -11.211  -83.931  -11.925 0.0000000000
904  -11.455  -83.738  -12.669 0.0000000000
915  -11.152  -83.632  -13.702 0.0000000000
929  -12.351  -83.883  -14.713 0.0000000000
922  -11.672  -83.580  -14.209 0.0000000000
921  -10.920  -83.572  -14.489 0.0000000000
927  -10.723  -83.461  -15.417 0.0000000000
521  -13.755  -85.367  -17.368 0.0000000000
122713  -13.423  -84.833  -17.949 0.0000000000
113906  -12.790  -84.055  -18.116 0.0000000000
750  -12.720  -84.345  -19.665 0.0000000000
742  -12.795  -84.117  -19.021 0.0000000000
109458  -9.351  -84.102  -18.685 0.0000000000
749  -8.964  -84.258  -19.546 0.0000000000
756  -8.723  -84.158  -20.339 0.0000000000
1201  -10.044  -82.721  -21.111 0.0000000000
967  -9.226  -83.271  -20.924 0.0000000000
966  -8.577  -84.094  -21.158 0.0000000000
116151  -8.161  -84.817  -21.308 0.0000000000
551  -7.251  -85.996  -21.850 0.0000000000
129974  -6.745  -86.540  -22.375 0.0000000000
364  -7.249  -86.224  -23.006 0.0000000000
571  -8.002  -85.549  -23.513 0.0000000000
797  -9.765  -84.475  -24.474 0.0000000000
805  -9.223  -85.026  -25.115 0.0000000000
101  -11.882  -88.434  -23.112 0.0000000000
106  -11.320  -88.682  -23.963 0.0000000000
111  -10.867  -88.538  -24.728 0.0000000000
38  -10.993  -90.027  -24.936 0.0000000000
110  -10.288  -89.430  -25.415 0.0000000000
627  -14.396  -86.429  -30.959 0.0000000000
124823  -15.084  -86.460  -31.113 0.0000000000
848  -15.002  -84.779  -31.844 0.0000000000
604  -12.365  -86.243  -27.651 0.0000000000
610  -12.311  -85.161  -28.337 0.0000000000
834  -12.609  -84.505  -29.518 0.0000000000
1065  -12.935  -83.650  -29.320 0.0000000000
114550  -13.886  -84.377  -30.984 0.0000000000
110664  -14.399  -84.310  -31.477 0.0000000000
124236  -15.273  -84.246  -32.413 0.0000000000
124953  -15.291  -83.632  -32.598 0.0000000000
109221  -15.709  -82.517  -32.922 0.0000000000
1580  -15.509  -81.921  -32.394 0.0000000000
1569  -14.448  -81.552  -31.349 0.0000000000
1890  -15.639  -81.543  -31.952 0.0000000000
1523  -13.851  -81.344  -25.664 0.0000000000
112391  -22.423  -46.099  -16.516 0.0000000000
23405  -22.933  -46.862  -16.333 0.0000000000
23406  -23.474  -46.578  -15.918 0.0000000000
22520  -24.160  -47.093  -15.144 0.0000000000
22508  -24.658  -47.509  -14.662 0.0000000000
130583  -22.032  -51.412  -15.724 0.0000000000
19864  -23.343  -50.591  -14.806 0.0000000000
115306  -23.220  -51.916  -14.554 0.0000000000
19001  -23.760  -51.252  -14.548 0.0000000000
20729  -23.685  -49.744  -14.854 0.0000000000
20730  -24.474  -49.588  -14.518 0.0000000000
21638  -24.796  -48.183  -14.533 0.0000000000
22509  -25.157  -47.497  -14.566 0.0000000000
22510  -25.695  -47.729  -14.916 0.0000000000
21650  -26.160  -48.430  -15.359 0.0000000000
21656  -26.690  -48.290  -16.313 0.0000000000
21664  -26.718  -49.181  -16.686 0.0000000000
21665  -26.982  -48.510  -17.298 0.0000000000
23472  -15.104  -45.994  -22.091 0.0000000000
22601  -14.865  -46.563  -22.376 0.0000000000
110584  -14.134  -46.588  -22.252 0.0000000000
24431  -14.726  -45.855  -22.635 0.0000000000
24449  -15.235  -45.613  -23.658 0.0000000000
21714  -5.176  -48.414  -22.442 0.0000000000
127390  -6.106  -48.052  -24.156 0.0000000000
20844  -6.710  -48.809  -23.687 0.0000000000
20827  -8.124  -49.886  -23.671 0.0000000000
19982  -9.474  -50.074  -23.975 0.0000000000
19983  -10.274  -50.036  -23.760 0.0000000000
22641  -8.029  -46.175  -27.706 0.0000000000
21784  -8.517  -47.250  -26.626 0.0000000000
21777  -9.400  -48.081  -26.128 0.0000000000
20874  -10.773  -48.990  -26.472 0.0000000000
21778  -10.142  -48.665  -25.929 0.0000000000
20863  -9.610  -48.793  -25.370 0.0000000000
20828  -11.030  -49.782  -23.394 0.0000000000
20829  -12.308  -48.503  -23.041 0.0000000000
114341  -13.732  -47.260  -23.245 0.0000000000
21765  -14.344  -48.088  -23.842 0.0000000000
22619  -15.555  -47.164  -23.680 0.0000000000
24463  -15.549  -45.241  -24.762 0.0000000000
131933  -15.755  -45.629  -25.650 0.0000000000
4440  -1.137  -73.051  -34.130 0.0000000000
9585  -1.943  -63.664  -34.438 0.0000000000
11644  -0.861  -60.749  -32.465 0.0000000000
12363  -1.138  -60.117  -31.963 0.0000000000
13147  -0.949  -59.415  -31.416 0.0000000000
12353  -1.986  -60.483  -31.446 0.0000000000
12339  -1.769  -60.100  -30.844 0.0000000000
119694  -1.454  -59.046  -30.267 0.0000000000
13105  -1.808  -59.003  -29.346 0.0000000000
13822  -2.120  -58.679  -28.523 0.0000000000
13808  -2.492  -58.312  -27.776 0.0000000000
5866  -6.707  -70.438  -34.434 0.0000000000
5871  -6.581  -70.648  -35.486 0.0000000000
6399  -6.836  -70.400  -36.268 0.0000000000
5879  -6.619  -70.451  -37.403 0.0000000000
5880  -7.102  -69.990  -38.048 0.0000000000
6430  -6.862  -69.660  -38.092 0.0000000000
6432  -8.553  -69.584  -38.762 0.0000000000
7013  -7.904  -69.467  -38.583 0.0000000000
7011  -6.205  -69.249  -38.091 0.0000000000
7673  -6.130  -67.822  -37.834 0.0000000000
8299  -5.602  -66.750  -37.605 0.0000000000
128419  -5.572  -65.941  -37.278 0.0000000000
8292  -9.579  -67.100  -36.366 0.0000000000
8930  -10.172  -64.892  -36.119 0.0000000000
118574  -9.406  -65.975  -36.089 0.0000000000
131083  -8.671  -66.354  -36.212 0.0000000000
8938  -7.008  -65.313  -37.083 0.0000000000
8937  -5.914  -65.509  -37.078 0.0000000000
8936  -5.398  -65.655  -36.645 0.0000000000
8922  -5.545  -65.518  -35.606 0.0000000000
8274  -5.963  -65.646  -34.422 0.0000000000
8915  -6.669  -65.679  -33.662 0.0000000000
9597  -6.550  -64.027  -35.378 0.0000000000
8916  -7.269  -65.310  -33.419 0.0000000000
8910  -7.569  -65.391  -32.376 0.0000000000
8903  -7.635  -65.154  -31.383 0.0000000000
8891  -7.627  -64.561  -30.820 0.0000000000
10230  -6.674  -63.661  -30.212 0.0000000000
12425  -8.620  -60.892  -35.578 0.0000000000
11692  -6.743  -60.587  -35.046 0.0000000000
126974  -6.584  -61.461  -33.999 0.0000000000
12392  -6.185  -60.097  -33.848 0.0000000000
11678  -6.512  -60.960  -33.473 0.0000000000
122144  -7.396  -61.879  -32.939 0.0000000000
10954  -8.407  -62.922  -31.231 0.0000000000
10231  -8.159  -63.206  -30.535 0.0000000000
10937  -6.162  -62.912  -29.979 0.0000000000
10924  -5.574  -62.281  -29.679 0.0000000000
11613  -4.963  -61.581  -29.467 0.0000000000
12343  -5.441  -61.007  -28.930 0.0000000000
12327  -7.014  -60.437  -28.332 0.0000000000
12326  -5.974  -60.481  -28.376 0.0000000000
12325  -4.850  -60.392  -28.634 0.0000000000
13108  -4.303  -59.731  -28.401 0.0000000000
13809  -4.190  -58.653  -27.563 0.0000000000
132282  -3.686  -58.202  -27.207 0.0000000000
14512  -4.713  -57.551  -26.476 0.0000000000
15265  -4.839  -56.838  -26.086 0.0000000000
15266  -5.701  -56.439  -26.082 0.0000000000
13796  -7.589  -57.719  -26.803 0.0000000000
14515  -7.602  -56.938  -26.689 0.0000000000
113758  -6.460  -55.905  -26.263 0.0000000000
15280  -7.686  -55.248  -27.421 0.0000000000
16724  -7.612  -54.919  -28.261 0.0000000000
16735  -7.109  -54.152  -29.098 0.0000000000
128039  -7.464  -57.100  -31.093 0.0000000000
15312  -6.673  -56.147  -30.528 0.0000000000
16032  -5.979  -55.556  -30.653 0.0000000000
16034  -8.779  -55.789  -30.625 0.0000000000
16033  -7.440  -55.644  -30.622 0.0000000000
114538  -5.541  -54.939  -30.594 0.0000000000
16734  -5.831  -54.396  -30.526 0.0000000000
17530  -6.391  -53.408  -30.366 0.0000000000
17548  -6.476  -52.792  -31.115 0.0000000000
18358  -6.771  -52.116  -31.068 0.0000000000
19231  -7.568  -51.609  -31.281 0.0000000000
19233  -9.309  -51.253  -31.834 0.0000000000
19234  -10.458  -51.213  -31.905 0.0000000000
114988  -11.042  -51.784  -31.975 0.0000000000
17550  -12.194  -53.665  -30.479 0.0000000000
1  -12.461  -89.127  -23.610 0.0000000000
3  -12.419  -89.495  -24.332 0.0000000000
5  -10.874  -90.273  -25.788 0.0000000000
15  -3.337  -89.750  -19.210 0.0000000000
16  -3.159  -90.357  -20.579 0.0000000000
27  -13.343  -89.194  -23.576 0.0000000000
28  -14.285  -89.234  -23.814 0.0000000000
32  -10.828  -89.464  -24.805 0.0000000000
34  -11.860  -89.305  -24.075 0.0000000000
35  -14.466  -89.119  -24.692 0.0000000000
42  -10.176  -90.537  -26.314 0.0000000000
43  -11.006  -90.433  -26.525 0.0000000000
44  -11.994  -90.051  -26.604 0.0000000000
80  1.852  -87.407  -18.528 0.0000000000
82  1.022  -87.547  -18.300 0.0000000000
83  1.400  -88.135  -18.718 0.0000000000
90  -4.734  -88.674  -20.806 0.0000000000
99  -15.830  -88.437  -23.034 0.0000000000
102  -15.041  -88.897  -23.387 0.0000000000
107  -15.989  -88.172  -24.439 0.0000000000
133  -1.947  -87.600  -11.542 0.0000000000
137  -3.158  -87.872  -12.049 0.0000000000
143  -1.570  -87.911  -13.233 0.0000000000
144  -2.006  -88.353  -13.843 0.0000000000
152  -3.014  -87.764  -15.054 0.0000000000
154  -4.905  -87.897  -15.392 0.0000000000
157  -8.026  -87.058  -16.071 0.0000000000
161  1.050  -86.332  -17.063 0.0000000000
163  -9.256  -87.247  -16.721 0.0000000000
165  1.720  -86.479  -17.887 0.0000000000
166  1.193  -86.708  -17.683 0.0000000000
169  2.444  -87.050  -18.700 0.0000000000
175  -5.369  -87.768  -19.846 0.0000000000
204  -11.167  -87.913  -24.099 0.0000000000
214  -15.072  -87.510  -26.567 0.0000000000
220  -13.367  -87.571  -27.356 0.0000000000
221  -14.353  -87.454  -26.972 0.0000000000
252  -15.247  -87.833  -32.221 0.0000000000
253  -16.089  -87.381  -32.168 0.0000000000
259  -2.066  -86.071  -8.946 0.0000000000
261  -1.246  -85.219  -10.590 0.0000000000
264  -3.141  -86.653  -9.430 0.0000000000
279  -1.129  -86.762  -12.274 0.0000000000
285  -14.655  -86.480  -12.668 0.0000000000
291  -14.874  -86.945  -13.290 0.0000000000
296  -15.427  -87.084  -13.998 0.0000000000
312  -7.683  -86.533  -17.206 0.0000000000
317  1.624  -85.689  -17.110 0.0000000000
320  -9.324  -87.663  -18.150 0.0000000000
329  -8.222  -87.289  -19.221 0.0000000000
330  -8.851  -87.772  -18.800 0.0000000000
347  -13.638  -86.300  -20.691 0.0000000000
348  -14.828  -86.719  -20.777 0.0000000000
356  -13.034  -86.723  -21.099 0.0000000000
365  -11.799  -86.991  -22.605 0.0000000000
391  -15.590  -87.068  -25.882 0.0000000000
398  -15.353  -87.070  -26.343 0.0000000000
425  -15.087  -87.178  -31.086 0.0000000000
426  -15.550  -87.433  -31.397 0.0000000000
431  -16.827  -86.936  -32.332 0.0000000000
441  -1.412  -85.197  -9.672 0.0000000000
455  -1.060  -84.688  -11.136 0.0000000000
461  -13.701  -85.527  -10.523 0.0000000000
462  -14.561  -85.640  -10.635 0.0000000000
474  -0.806  -85.829  -12.003 0.0000000000
475  -0.738  -85.538  -12.397 0.0000000000
493  -1.571  -86.542  -13.901 0.0000000000
496  -13.880  -86.248  -14.452 0.0000000000
504  -16.685  -86.718  -16.014 0.0000000000
523  -17.468  -86.561  -17.877 0.0000000000
525  -0.230  -86.342  -17.923 0.0000000000
532  -17.624  -86.909  -18.779 0.0000000000
542  -7.776  -85.670  -20.929 0.0000000000
561  -8.298  -84.649  -22.837 0.0000000000
583  -15.494  -85.971  -24.588 0.0000000000
615  -11.501  -85.837  -29.508 0.0000000000
642  -2.003  -83.946  -7.796 0.0000000000
643  -3.221  -84.295  -7.297 0.0000000000
644  -3.999  -84.366  -7.081 0.0000000000
652  -1.512  -84.293  -8.533 0.0000000000
680  -0.866  -84.507  -11.476 0.0000000000
732  -5.246  -84.747  -17.819 0.0000000000
755  -8.296  -84.989  -20.604 0.0000000000
767  -8.430  -84.268  -21.956 0.0000000000
796  -9.033  -84.706  -24.566 0.0000000000
798  -10.419  -84.811  -24.610 0.0000000000
799  -11.066  -84.776  -24.124 0.0000000000
806  -9.846  -84.988  -24.995 0.0000000000
833  -12.102  -85.309  -29.776 0.0000000000
840  -13.228  -84.478  -30.474 0.0000000000
845  -13.675  -85.347  -30.885 0.0000000000
871  -1.194  -83.556  -8.501 0.0000000000
879  -1.177  -82.988  -9.975 0.0000000000
897  -11.910  -83.955  -12.022 0.0000000000
903  -10.853  -84.006  -12.316 0.0000000000
910  -2.080  -82.635  -14.264 0.0000000000
923  -12.207  -83.847  -13.916 0.0000000000
932  2.094  -83.514  -14.769 0.0000000000
944  -1.257  -82.976  -17.800 0.0000000000
945  -3.127  -83.174  -18.021 0.0000000000
960  -9.538  -83.315  -19.460 0.0000000000
968  -11.742  -83.341  -20.642 0.0000000000
993  -11.085  -83.599  -22.601 0.0000000000
1011  -10.414  -83.739  -23.359 0.0000000000
1025  -9.952  -83.926  -23.890 0.0000000000
1072  -13.522  -83.585  -30.577 0.0000000000
1095  -0.765  -82.382  -8.445 0.0000000000
1104  -0.245  -82.255  -8.824 0.0000000000
1110  -0.098  -82.395  -9.056 0.0000000000
1111  -0.144  -82.313  -9.115 0.0000000000
1158  -2.390  -82.246  -15.898 0.0000000000
1162  -1.173  -82.021  -16.733 0.0000000000
1164  -2.877  -82.841  -17.427 0.0000000000
1171  -2.080  -82.694  -17.697 0.0000000000
1177  2.384  -82.572  -18.314 0.0000000000
1179  -10.774  -82.546  -18.884 0.0000000000
1193  -10.815  -82.765  -21.279 0.0000000000
1216  -10.220  -82.861  -21.885 0.0000000000
1248  -14.327  -83.013  -24.383 0.0000000000
1298  -13.371  -82.930  -30.207 0.0000000000
1311  -23.828  -82.013  -31.391 0.0000000000
1314  -15.137  -82.968  -32.503 0.0000000000
1326  -21.185  -83.236  -35.714 0.0000000000
1329  -9.842  -82.257  -37.561 0.0000000000
1331  -17.463  -82.525  -37.133 0.0000000000
1336  -23.035  -81.719  -36.486 0.0000000000
1337  -8.746  -82.094  -37.641 0.0000000000
1338  -9.158  -82.255  -37.769 0.0000000000
1344  -21.650  -81.433  -37.133 0.0000000000
1345  -22.533  -81.377  -37.011 0.0000000000
1346  -9.454  -82.096  -38.025 0.0000000000
1360  -0.707  -82.062  -7.888 0.0000000000
1399  -1.799  -81.631  -11.010 0.0000000000
1447  -1.657  -81.743  -16.243 0.0000000000
1450  2.410  -81.435  -17.013 0.0000000000
1455  2.995  -81.771  -19.220 0.0000000000
1575  -23.338  -81.780  -31.818 0.0000000000
1581  -16.196  -81.928  -32.747 0.0000000000
1590  -8.646  -81.903  -34.161 0.0000000000
1604  -20.239  -82.773  -34.736 0.0000000000
1620  -15.297  -81.802  -36.981 0.0000000000
1621  -15.781  -82.122  -37.052 0.0000000000
1623  -11.145  -81.641  -38.754 0.0000000000
1628  -17.452  -81.184  -39.600 0.0000000000
1632  -21.893  -80.994  -37.622 0.0000000000
1633  -22.962  -81.038  -37.060 0.0000000000
1639  -15.416  -80.872  -39.202 0.0000000000
1640  -16.617  -81.108  -39.808 0.0000000000
1641  -17.337  -80.840  -39.633 0.0000000000
1642  -11.659  -80.841  -40.040 0.0000000000
1658  0.639  -80.727  -7.986 0.0000000000
1660  -1.680  -81.029  -7.256 0.0000000000
1663  0.770  -80.155  -8.569 0.0000000000
1671  0.246  -79.729  -9.211 0.0000000000
1694  -1.589  -79.838  -11.908 0.0000000000
1708  0.732  -80.010  -12.868 0.0000000000
1709  -0.345  -80.092  -12.889 0.0000000000
1718  2.368  -80.234  -13.308 0.0000000000
1871  -13.898  -80.662  -30.472 0.0000000000
1888  -3.198  -82.301  -34.117 0.0000000000
1902  -17.807  -80.302  -34.656 0.0000000000
1908  -9.715  -80.752  -36.712 0.0000000000
1935  -11.254  -80.765  -39.904 0.0000000000
1940  -11.791  -80.386  -40.166 0.0000000000
1959  0.719  -79.227  -8.033 0.0000000000
1960  0.441  -79.503  -7.717 0.0000000000
1961  -0.454  -79.730  -7.452 0.0000000000
1964  0.772  -79.465  -8.314 0.0000000000
2001  -1.159  -79.071  -12.708 0.0000000000
2022  2.326  -79.877  -16.295 0.0000000000
2201  -15.945  -78.904  -34.714 0.0000000000
2209  -16.129  -79.597  -35.168 0.0000000000
2237  -1.314  -78.210  -6.893 0.0000000000
2238  -3.264  -78.841  -6.257 0.0000000000
2249  0.499  -78.861  -8.681 0.0000000000
2289  1.170  -78.996  -13.454 0.0000000000
2295  2.188  -79.073  -15.400 0.0000000000
2296  1.851  -78.618  -14.869 0.0000000000
2308  2.799  -78.459  -17.341 0.0000000000
2480  -10.990  -78.749  -34.574 0.0000000000
2488  -10.836  -78.202  -36.900 0.0000000000
2513  -2.519  -77.528  -4.667 0.0000000000
2517  -1.783  -77.065  -4.944 0.0000000000
2524  -1.063  -77.422  -6.560 0.0000000000
2525  -0.047  -77.582  -7.822 0.0000000000
2528  -0.125  -77.807  -8.609 0.0000000000
2532  0.274  -77.964  -9.286 0.0000000000
2537  0.488  -77.146  -9.917 0.0000000000
2538  -0.366  -77.588  -10.449 0.0000000000
2544  -1.396  -77.443  -11.649 0.0000000000
2569  0.899  -77.632  -14.704 0.0000000000
2582  1.879  -77.496  -16.610 0.0000000000
2601  2.697  -77.285  -17.998 0.0000000000
2804  -4.582  -78.074  -38.147 0.0000000000
2814  -4.118  -77.853  -38.288 0.0000000000
2815  -4.832  -77.454  -38.435 0.0000000000
2857  -1.071  -76.820  -4.159 0.0000000000
2869  -0.107  -76.331  -6.363 0.0000000000
2870  -0.735  -76.685  -6.118 0.0000000000
2874  0.040  -76.266  -7.688 0.0000000000
2876  -0.081  -77.011  -8.885 0.0000000000
2879  0.012  -76.836  -9.494 0.0000000000
2880  0.334  -77.204  -9.558 0.0000000000
2890  -1.177  -76.577  -11.499 0.0000000000
2900  -1.425  -76.109  -12.191 0.0000000000
2910  -0.921  -76.573  -13.502 0.0000000000
2916  -0.332  -76.461  -14.531 0.0000000000
2925  0.446  -76.679  -16.233 0.0000000000
2929  1.396  -76.775  -17.346 0.0000000000
2938  1.798  -76.408  -17.882 0.0000000000
2950  2.716  -76.581  -18.327 0.0000000000
2957  3.114  -76.438  -18.842 0.0000000000
3056  -8.362  -76.457  -28.488 0.0000000000
3057  -9.098  -76.621  -28.448 0.0000000000
3083  -5.513  -76.490  -30.593 0.0000000000
3127  2.641  -77.736  -34.810 0.0000000000
3130  -6.134  -76.155  -35.231 0.0000000000
3147  0.754  -77.369  -37.897 0.0000000000
3148  -0.002  -77.352  -38.969 0.0000000000
3149  -3.977  -77.113  -38.112 0.0000000000
3150  -5.657  -77.084  -37.205 0.0000000000
3206  0.747  -75.385  -3.058 0.0000000000
3213  1.061  -75.247  -3.976 0.0000000000
3237  0.049  -76.057  -8.391 0.0000000000
3239  0.379  -75.575  -8.925 0.0000000000
3244  0.165  -76.056  -9.523 0.0000000000
3250  0.508  -75.673  -10.069 0.0000000000
3251  0.207  -75.569  -10.485 0.0000000000
3283  -1.422  -75.042  -14.450 0.0000000000
3291  -0.887  -75.323  -16.011 0.0000000000
3294  1.412  -75.129  -17.289 0.0000000000
3295  0.403  -75.621  -17.030 0.0000000000
3296  -0.292  -75.697  -16.540 0.0000000000
3449  -7.107  -75.090  -30.027 0.0000000000
3470  -6.411  -75.339  -32.566 0.0000000000
3494  -6.411  -75.660  -35.362 0.0000000000
3520  -0.184  -76.713  -38.920 0.0000000000
3522  -3.964  -76.106  -37.380 0.0000000000
3534  -4.971  -75.621  -38.752 0.0000000000
3548  -5.023  -75.207  -38.858 0.0000000000
3629  0.524  -74.249  -2.883 0.0000000000
3652  1.433  -74.632  -4.745 0.0000000000
3677  1.362  -73.889  -7.081 0.0000000000
3722  -1.592  -74.193  -13.463 0.0000000000
3753  2.757  -74.257  -17.857 0.0000000000
3904  -7.328  -74.404  -31.365 0.0000000000
4006  -5.140  -74.459  -38.917 0.0000000000
4128  1.716  -73.297  -5.559 0.0000000000
4129  1.389  -72.934  -5.056 0.0000000000
4144  1.666  -73.209  -6.379 0.0000000000
4204  0.519  -74.090  -10.545 0.0000000000
4217  -0.620  -73.781  -11.999 0.0000000000
4231  -0.967  -73.154  -12.826 0.0000000000
4246  -1.129  -72.933  -13.721 0.0000000000
4257  -1.078  -73.129  -14.577 0.0000000000
4258  -1.429  -73.892  -14.931 0.0000000000
4266  1.573  -72.884  -15.931 0.0000000000
4267  0.449  -73.265  -15.611 0.0000000000
4274  1.195  -73.592  -16.296 0.0000000000
4283  3.158  -73.290  -18.673 0.0000000000
4479  -4.948  -73.871  -39.035 0.0000000000
4480  -5.146  -73.799  -38.922 0.0000000000
4625  1.500  -72.758  -6.684 0.0000000000
4719  0.304  -71.751  -13.382 0.0000000000
4738  1.544  -72.424  -15.249 0.0000000000
4743  2.226  -72.476  -15.967 0.0000000000
4745  1.912  -72.402  -17.533 0.0000000000
4746  1.653  -72.265  -18.230 0.0000000000
4765  2.773  -72.877  -19.146 0.0000000000
4880  -8.051  -72.680  -29.969 0.0000000000
4895  -1.364  -71.582  -33.085 0.0000000000
4909  -2.130  -72.332  -33.125 0.0000000000
4911  -6.884  -72.910  -33.861 0.0000000000
4925  -3.598  -72.702  -34.272 0.0000000000
4971  -5.041  -72.751  -38.583 0.0000000000
4977  -4.982  -73.612  -38.949 0.0000000000
5141  0.031  -71.243  -8.163 0.0000000000
5154  1.572  -71.567  -9.134 0.0000000000
5168  -2.536  -71.654  -10.323 0.0000000000
5178  1.893  -71.253  -11.481 0.0000000000
5189  2.366  -70.754  -11.967 0.0000000000
5191  0.893  -71.363  -12.877 0.0000000000
5198  2.562  -70.966  -12.940 0.0000000000
5207  1.728  -71.608  -13.889 0.0000000000
5219  1.470  -71.614  -17.899 0.0000000000
5390  -6.545  -71.745  -33.807 0.0000000000
5619  2.907  -69.683  -10.043 0.0000000000
5637  -4.643  -70.497  -11.380 0.0000000000
5648  -2.799  -70.212  -12.500 0.0000000000
5657  3.217  -70.858  -13.415 0.0000000000
5665  3.328  -71.083  -14.320 0.0000000000
5670  2.869  -70.460  -16.139 0.0000000000
5682  1.747  -70.833  -18.411 0.0000000000
5846  -2.068  -70.460  -32.611 0.0000000000
5857  -3.092  -70.565  -33.058 0.0000000000
5864  -3.538  -70.575  -33.751 0.0000000000
5878  -4.429  -70.107  -37.006 0.0000000000
5886  -5.871  -70.222  -37.951 0.0000000000
5890  -5.624  -69.862  -38.004 0.0000000000
6096  1.223  -69.541  -8.947 0.0000000000
6109  3.152  -68.642  -10.970 0.0000000000
6110  3.146  -69.043  -10.489 0.0000000000
6111  -0.540  -69.013  -10.201 0.0000000000
6113  -5.499  -69.412  -10.734 0.0000000000
6125  -2.125  -69.928  -11.986 0.0000000000
6127  -5.169  -69.860  -11.487 0.0000000000
6135  3.243  -69.453  -12.354 0.0000000000
6136  3.280  -70.057  -12.153 0.0000000000
6138  -2.460  -69.673  -12.824 0.0000000000
6165  3.107  -69.444  -16.131 0.0000000000
6168  3.098  -68.705  -17.331 0.0000000000
6173  2.958  -69.279  -18.548 0.0000000000
6383  -6.953  -70.081  -35.183 0.0000000000
6408  -4.608  -69.481  -37.578 0.0000000000
6409  -7.453  -70.170  -37.295 0.0000000000
6429  -5.586  -69.386  -38.067 0.0000000000
6663  -5.765  -67.904  -8.446 0.0000000000
6672  1.585  -68.699  -9.269 0.0000000000
6674  0.085  -68.614  -9.661 0.0000000000
6685  0.751  -68.125  -9.562 0.0000000000
6715  3.135  -68.663  -12.653 0.0000000000
6718  -2.079  -68.968  -13.172 0.0000000000
6719  -5.595  -69.041  -12.533 0.0000000000
6720  -6.351  -68.410  -12.482 0.0000000000
6726  3.134  -68.599  -13.493 0.0000000000
6732  -6.197  -68.166  -13.405 0.0000000000
6750  2.410  -68.261  -17.554 0.0000000000
6751  1.239  -68.288  -18.111 0.0000000000
6760  2.660  -68.815  -18.802 0.0000000000
6761  1.660  -68.462  -18.854 0.0000000000
6956  -3.589  -68.406  -34.883 0.0000000000
6994  -6.189  -68.649  -38.034 0.0000000000
6997  -9.177  -69.116  -38.736 0.0000000000
7012  -7.086  -69.326  -38.259 0.0000000000
7288  -5.033  -67.700  -6.801 0.0000000000
7298  -5.223  -67.307  -7.391 0.0000000000
7321  2.477  -67.580  -10.700 0.0000000000
7324  -6.651  -67.125  -10.527 0.0000000000
7339  2.543  -67.388  -11.523 0.0000000000
7342  0.244  -67.451  -11.121 0.0000000000
7352  2.575  -67.239  -12.462 0.0000000000
7353  0.353  -66.902  -11.943 0.0000000000
7364  -5.905  -67.883  -14.273 0.0000000000
7373  3.097  -68.346  -14.260 0.0000000000
7377  -3.553  -68.071  -14.521 0.0000000000
7396  -6.087  -66.923  -15.163 0.0000000000
7410  -4.155  -67.392  -16.182 0.0000000000
7411  -4.809  -67.176  -16.387 0.0000000000
7662  -4.418  -67.665  -37.134 0.0000000000
7672  -5.468  -67.835  -37.899 0.0000000000
7674  -7.405  -67.561  -37.228 0.0000000000
7964  -5.064  -66.758  -7.766 0.0000000000
7970  -2.728  -66.452  -8.587 0.0000000000
7972  -4.556  -66.396  -8.444 0.0000000000
7973  -5.460  -66.608  -8.536 0.0000000000
7982  -5.841  -66.372  -9.301 0.0000000000
7992  -6.096  -66.132  -9.928 0.0000000000
8005  1.195  -66.783  -11.987 0.0000000000
8006  -6.845  -66.764  -11.388 0.0000000000
8015  -0.794  -66.649  -13.250 0.0000000000
8025  0.518  -66.292  -13.384 0.0000000000
8037  1.895  -66.312  -14.194 0.0000000000
8038  -1.500  -66.457  -14.320 0.0000000000
8039  -2.017  -66.745  -14.981 0.0000000000
8040  -6.021  -66.329  -15.178 0.0000000000
8050  2.134  -66.638  -15.719 0.0000000000
8053  -1.823  -66.276  -15.631 0.0000000000
8054  -5.701  -66.606  -15.784 0.0000000000
8065  -5.343  -66.144  -16.323 0.0000000000
8079  -3.367  -66.317  -17.533 0.0000000000
8099  -3.671  -65.733  -17.997 0.0000000000
8124  0.828  -67.226  -20.698 0.0000000000
8251  -0.564  -66.321  -31.909 0.0000000000
8254  -3.794  -66.526  -31.048 0.0000000000
8255  -6.085  -66.404  -31.640 0.0000000000
8263  -5.829  -66.589  -32.616 0.0000000000
8272  -4.599  -66.564  -35.006 0.0000000000
8281  -4.865  -65.972  -35.934 0.0000000000
8287  -4.505  -66.911  -36.911 0.0000000000
8288  -4.888  -66.241  -37.102 0.0000000000
8289  -6.254  -65.913  -37.318 0.0000000000
8291  -7.699  -65.724  -36.718 0.0000000000
8623  -2.757  -65.781  -9.397 0.0000000000
8640  -6.459  -65.934  -11.105 0.0000000000
8668  -0.053  -66.056  -13.908 0.0000000000
8681  1.200  -66.144  -14.376 0.0000000000
8703  -0.442  -65.894  -16.631 0.0000000000
8705  -4.786  -65.660  -16.736 0.0000000000
8738  0.244  -65.934  -18.170 0.0000000000
8742  -3.214  -65.373  -18.801 0.0000000000
8756  0.879  -65.418  -19.561 0.0000000000
8759  -2.953  -65.095  -19.266 0.0000000000
8775  2.726  -65.185  -21.747 0.0000000000
8889  -6.080  -65.915  -30.858 0.0000000000
8890  -6.978  -65.252  -30.806 0.0000000000
8899  -1.522  -65.571  -31.316 0.0000000000
9329  -4.653  -64.310  -12.066 0.0000000000
9330  -5.395  -64.705  -12.178 0.0000000000
9340  -5.805  -64.727  -12.947 0.0000000000
9342  -4.924  -64.122  -13.994 0.0000000000
9343  -5.389  -64.377  -13.501 0.0000000000
9379  -3.902  -64.573  -16.985 0.0000000000
9380  -4.532  -64.940  -16.450 0.0000000000
9413  -3.248  -64.987  -19.033 0.0000000000
9438  2.812  -64.740  -22.234 0.0000000000
9553  -5.541  -64.476  -30.725 0.0000000000
9554  -6.970  -64.480  -30.463 0.0000000000
9566  -8.039  -64.569  -31.318 0.0000000000
9586  -7.664  -64.677  -33.155 0.0000000000
9605  -6.601  -63.955  -36.646 0.0000000000
9613  -7.716  -64.145  -37.104 0.0000000000
9614  -11.596  -64.893  -36.897 0.0000000000
10003  -4.372  -63.519  -13.052 0.0000000000
10015  -4.433  -63.946  -14.380 0.0000000000
10025  -2.665  -63.551  -15.760 0.0000000000
10027  -4.209  -64.104  -15.109 0.0000000000
10083  -1.857  -63.404  -19.072 0.0000000000
10108  -0.549  -63.027  -20.836 0.0000000000
10237  -4.043  -64.301  -31.608 0.0000000000
10769  0.791  -62.152  -17.676 0.0000000000
10925  -6.663  -62.291  -29.492 0.0000000000
10938  -7.189  -62.942  -29.874 0.0000000000
10939  -7.904  -62.764  -30.039 0.0000000000
10970  -8.023  -62.781  -32.350 0.0000000000
11006  -6.819  -61.708  -36.156 0.0000000000
11021  -10.762  -62.559  -36.117 0.0000000000
11504  3.325  -61.215  -23.403 0.0000000000
11597  -7.392  -60.916  -28.878 0.0000000000
11614  -6.054  -61.639  -29.208 0.0000000000
11630  -8.341  -61.774  -30.438 0.0000000000
11693  -7.565  -60.564  -35.443 0.0000000000
11697  -12.575  -61.342  -34.835 0.0000000000
11708  -9.499  -61.542  -35.654 0.0000000000
12232  3.293  -60.250  -23.328 0.0000000000
12324  -3.844  -60.273  -28.958 0.0000000000
12328  -7.617  -60.284  -28.648 0.0000000000
12342  -4.407  -60.884  -29.253 0.0000000000
12345  -8.250  -61.245  -29.917 0.0000000000
12352  -1.349  -59.947  -31.688 0.0000000000
12355  -8.113  -61.085  -30.700 0.0000000000
12362  -1.051  -60.220  -32.080 0.0000000000
12368  -11.866  -60.206  -31.532 0.0000000000
12378  -6.275  -60.365  -32.915 0.0000000000
12382  -12.303  -60.618  -32.255 0.0000000000
12393  -9.649  -59.938  -33.722 0.0000000000
12409  -6.581  -59.944  -34.534 0.0000000000
13025  2.621  -59.409  -23.440 0.0000000000
13089  -3.808  -59.101  -28.119 0.0000000000
13092  -7.018  -59.284  -27.346 0.0000000000
13123  -1.279  -59.471  -30.954 0.0000000000
13139  -12.624  -59.265  -30.651 0.0000000000
13146  -0.821  -59.489  -31.458 0.0000000000
13152  -11.385  -59.724  -31.020 0.0000000000
13173  -6.426  -59.188  -34.022 0.0000000000
13175  -8.794  -59.455  -33.742 0.0000000000
13185  -8.966  -59.823  -34.346 0.0000000000
13727  2.231  -57.955  -22.096 0.0000000000
13734  2.629  -58.524  -22.201 0.0000000000
13810  -5.164  -58.712  -27.276 0.0000000000
13812  -7.335  -58.504  -27.022 0.0000000000
13823  -7.594  -58.071  -28.579 0.0000000000
13837  -7.020  -58.075  -29.454 0.0000000000
13850  -12.173  -58.517  -30.514 0.0000000000
13861  -5.415  -57.940  -31.894 0.0000000000
13873  -6.137  -57.834  -33.195 0.0000000000
14325  1.062  -57.030  -11.021 0.0000000000
14341  2.058  -57.074  -12.061 0.0000000000
14375  1.153  -57.713  -15.418 0.0000000000
14513  -5.898  -57.333  -26.265 0.0000000000
14528  -2.948  -57.973  -27.125 0.0000000000
14529  -7.903  -57.153  -27.476 0.0000000000
14558  -0.860  -57.590  -31.094 0.0000000000
14560  -6.390  -56.855  -31.077 0.0000000000
14564  -11.554  -57.840  -30.504 0.0000000000
14572  -5.747  -57.514  -32.449 0.0000000000
14573  -6.386  -57.178  -31.907 0.0000000000
15057  -1.785  -56.618  -12.866 0.0000000000
15071  1.479  -55.549  -12.833 0.0000000000
15074  -3.273  -56.590  -13.909 0.0000000000
15094  -4.397  -55.866  -14.468 0.0000000000
15105  1.222  -56.138  -15.831 0.0000000000
15110  -10.687  -56.217  -15.663 0.0000000000
15126  -11.200  -56.497  -16.290 0.0000000000
15196  -1.954  -55.872  -20.029 0.0000000000
15267  -7.370  -56.178  -26.644 0.0000000000
15310  -0.979  -56.717  -30.892 0.0000000000
15311  -5.786  -56.025  -30.442 0.0000000000
15314  -10.262  -56.858  -30.494 0.0000000000
15825  -1.386  -54.818  -14.227 0.0000000000
15878  1.167  -55.814  -17.404 0.0000000000
15924  0.589  -55.433  -20.213 0.0000000000
15989  -2.607  -55.695  -25.753 0.0000000000
15991  -7.143  -55.386  -26.715 0.0000000000
16010  -0.990  -54.452  -29.299 0.0000000000
16029  -0.758  -55.582  -30.354 0.0000000000
16031  -5.613  -55.582  -30.400 0.0000000000
16045  -10.264  -55.170  -32.917 0.0000000000
16530  0.406  -54.076  -14.726 0.0000000000
16544  0.889  -54.567  -15.666 0.0000000000
16546  -0.136  -53.624  -15.128 0.0000000000
16570  0.265  -54.157  -16.284 0.0000000000
16571  -3.476  -54.593  -16.421 0.0000000000
16606  0.103  -54.735  -18.193 0.0000000000
16621  0.151  -54.804  -18.976 0.0000000000
16623  -1.422  -54.728  -19.188 0.0000000000
16709  -7.602  -54.585  -27.483 0.0000000000
16763  -9.658  -54.455  -32.816 0.0000000000
17342  -10.614  -53.244  -13.331 0.0000000000
17347  -0.708  -53.530  -15.267 0.0000000000
17348  -5.209  -53.818  -14.968 0.0000000000
17353  -22.003  -53.179  -14.712 0.0000000000
17358  -0.171  -53.813  -16.068 0.0000000000
17361  -2.744  -54.160  -15.736 0.0000000000
17370  -23.547  -53.722  -15.194 0.0000000000
17381  -0.541  -53.844  -16.198 0.0000000000
17384  -3.146  -54.293  -16.044 0.0000000000
17398  -1.060  -54.156  -16.907 0.0000000000
17419  -0.324  -54.411  -17.480 0.0000000000
17507  -8.115  -52.861  -27.846 0.0000000000
17549  -11.699  -53.001  -31.093 0.0000000000
17561  -6.084  -53.526  -31.342 0.0000000000
18150  -23.435  -52.576  -14.656 0.0000000000
18164  -24.553  -52.585  -15.396 0.0000000000
18284  -0.028  -51.802  -25.386 0.0000000000
18289  -1.879  -51.359  -25.986 0.0000000000
18342  -8.020  -51.447  -29.652 0.0000000000
19002  -24.552  -51.080  -14.711 0.0000000000
19003  -25.178  -50.695  -14.947 0.0000000000
19030  -15.812  -51.803  -16.374 0.0000000000
19142  -2.428  -50.932  -26.178 0.0000000000
19185  -8.236  -50.819  -29.176 0.0000000000
19232  -8.394  -51.281  -31.534 0.0000000000
19971  -10.651  -49.537  -22.343 0.0000000000
19993  -14.343  -50.149  -25.352 0.0000000000
20017  -8.078  -50.538  -28.112 0.0000000000
20072  -11.016  -49.064  -31.421 0.0000000000
20073  -11.243  -48.994  -31.009 0.0000000000
20786  -9.709  -47.528  -19.340 0.0000000000
20825  -6.580  -49.471  -22.617 0.0000000000
20872  -4.422  -49.287  -26.065 0.0000000000
20917  -7.693  -49.049  -29.452 0.0000000000
20934  -11.307  -49.201  -30.020 0.0000000000
20951  -10.646  -48.108  -31.375 0.0000000000
21649  -26.451  -49.020  -15.890 0.0000000000
21676  -27.220  -48.525  -19.130 0.0000000000
21677  -27.280  -47.721  -19.661 0.0000000000
21685  -9.927  -46.909  -19.637 0.0000000000
21736  -2.178  -47.922  -23.923 0.0000000000
21758  -2.093  -48.418  -24.274 0.0000000000
21801  -9.489  -47.415  -27.955 0.0000000000
21855  -10.924  -47.738  -31.314 0.0000000000
22629  -4.555  -48.090  -25.071 0.0000000000
22657  -6.814  -46.593  -27.663 0.0000000000
22679  -6.941  -46.289  -28.527 0.0000000000
22694  -8.949  -46.904  -29.699 0.0000000000
23392  -24.762  -46.864  -14.664 0.0000000000
23424  -27.515  -46.440  -17.880 0.0000000000
23432  -27.599  -46.504  -18.766 0.0000000000
24334  -25.146  -45.467  -14.618 0.0000000000
24335  -25.972  -45.457  -14.919 0.0000000000
24360  -27.129  -45.829  -16.709 0.0000000000
24392  -27.530  -45.524  -19.926 0.0000000000
24400  -27.357  -45.420  -20.498 0.0000000000
24405  -27.043  -45.752  -20.931 0.0000000000
25247  -27.134  -44.952  -16.603 0.0000000000
26085  -26.700  -43.610  -15.791 0.0000000000
26932  -9.966  -43.262  -22.920 0.0000000000
26948  -9.647  -42.853  -23.530 0.0000000000
26960  -9.125  -42.068  -24.704 0.0000000000
27662  -24.441  -41.505  -15.570 0.0000000000
27704  -27.590  -42.718  -18.870 0.0000000000
27716  -10.614  -43.061  -22.694 0.0000000000
27717  -11.522  -42.557  -22.610 0.0000000000
27718  -12.718  -42.153  -22.381 0.0000000000
27762  -9.144  -41.110  -26.159 0.0000000000
28452  -22.850  -40.072  -16.084 0.0000000000
28507  -9.674  -40.901  -24.991 0.0000000000
28514  -10.499  -40.466  -25.589 0.0000000000
28524  -9.543  -40.701  -26.037 0.0000000000
29297  -25.383  -39.557  -18.262 0.0000000000
30167  -23.539  -38.398  -19.536 0.0000000000
31056  -21.956  -36.986  -21.800 0.0000000000
108355  0.104  -89.722  -18.732 0.0000000000
108357  0.968  -89.140  -18.806 0.0000000000
108360  0.901  -88.685  -18.644 0.0000000000
108364  -3.400  -84.802  -18.908 0.0000000000
108366  -3.297  -84.304  -18.782 0.0000000000
108375  -19.040  -85.946  -34.619 0.0000000000
108399  -23.697  -80.626  -35.995 0.0000000000
108410  -3.565  -78.083  -38.031 0.0000000000
108445  -1.658  -49.699  -20.042 0.0000000000
108893  -6.643  -82.298  -34.579 0.0000000000
108928  -19.165  -86.081  -33.940 0.0000000000
108999  -18.875  -85.368  -35.157 0.0000000000
109037  -15.738  -82.483  -36.188 0.0000000000
109125  -14.485  -81.996  -35.186 0.0000000000
109254  -2.805  -90.268  -20.941 0.0000000000
109266  -24.011  -80.668  -35.209 0.0000000000
109278  -1.261  -88.397  -18.465 0.0000000000
109280  -3.350  -90.459  -21.793 0.0000000000
109286  -2.223  -90.163  -19.098 0.0000000000
109450  -3.966  -84.293  -18.627 0.0000000000
109468  -2.837  -84.064  -18.756 0.0000000000
109522  -1.578  -90.116  -19.571 0.0000000000
109764  -2.678  -47.830  -24.069 0.0000000000
110377  -17.730  -54.276  -18.529 0.0000000000
110502  -14.849  -84.020  -22.788 0.0000000000
110625  -4.946  -89.979  -24.149 0.0000000000
110801  -11.130  -49.262  -27.462 0.0000000000
110840  -7.003  -52.659  -30.217 0.0000000000
110867  -1.711  -54.706  -18.630 0.0000000000
110985  1.234  -72.898  -8.690 0.0000000000
111288  -15.391  -81.416  -38.446 0.0000000000
111930  -3.882  -85.929  -15.878 0.0000000000
112220  -8.280  -65.183  -36.704 0.0000000000
112328  3.062  -79.726  -17.856 0.0000000000
112381  -9.835  -86.541  -17.281 0.0000000000
112389  0.993  -72.365  -6.839 0.0000000000
112682  -7.131  -64.636  -34.055 0.0000000000
113265  -1.417  -84.556  -13.842 0.0000000000
113351  3.258  -81.984  -15.207 0.0000000000
113684  -12.959  -61.574  -35.677 0.0000000000
113903  -1.287  -53.956  -16.432 0.0000000000
113993  -7.766  -68.400  -37.853 0.0000000000
114232  -25.593  -47.109  -14.828 0.0000000000
114347  -4.135  -74.161  -36.002 0.0000000000
114401  -1.070  -48.707  -20.568 0.0000000000
114541  -5.227  -69.042  -7.439 0.0000000000
114939  -24.852  -48.891  -14.449 0.0000000000
115067  -9.197  -83.500  -20.087 0.0000000000
115131  2.842  -70.206  -19.782 0.0000000000
115415  -1.161  -83.648  -8.993 0.0000000000
115850  -0.013  -65.903  -15.221 0.0000000000
116041  -7.555  -72.033  -31.038 0.0000000000
116237  -8.639  -87.256  -16.863 0.0000000000
116345  -9.503  -86.485  -14.250 0.0000000000
116379  -1.580  -56.729  -28.282 0.0000000000
116680  -0.100  -62.349  -19.334 0.0000000000
116914  -15.322  -80.727  -30.874 0.0000000000
117060  -23.877  -51.961  -14.588 0.0000000000
117209  -9.057  -41.528  -25.661 0.0000000000
117371  -7.592  -63.665  -30.410 0.0000000000
117408  -3.337  -54.997  -17.290 0.0000000000
117514  3.020  -69.429  -16.864 0.0000000000
117525  -10.834  -54.859  -33.496 0.0000000000
117644  -16.437  -42.318  -24.908 0.0000000000
117917  -6.765  -56.693  -26.233 0.0000000000
118683  -13.176  -85.330  -11.763 0.0000000000
118969  -19.245  -80.687  -36.808 0.0000000000
119300  1.083  -73.702  -8.718 0.0000000000
119685  1.234  -66.479  -15.940 0.0000000000
119764  -2.389  -78.449  -6.640 0.0000000000
119830  -7.703  -53.181  -29.174 0.0000000000
119975  -18.899  -80.851  -38.848 0.0000000000
120255  2.411  -67.784  -10.070 0.0000000000
120318  2.180  -66.805  -12.958 0.0000000000
120352  -15.081  -82.267  -32.240 0.0000000000
120447  -6.492  -70.856  -36.556 0.0000000000
120505  -1.172  -77.998  -11.010 0.0000000000
120547  1.183  -78.068  -35.712 0.0000000000
120611  2.130  -72.510  -16.733 0.0000000000
120695  -1.117  -52.034  -25.596 0.0000000000
121012  -1.582  -79.087  -12.087 0.0000000000
121096  -26.353  -47.820  -15.600 0.0000000000
121127  3.330  -70.070  -14.723 0.0000000000
121959  -1.440  -80.402  -12.386 0.0000000000
121971  -7.343  -45.750  -27.902 0.0000000000
122000  3.694  -78.976  -18.789 0.0000000000
122005  1.671  -77.746  -15.629 0.0000000000
122061  -3.640  -57.617  -26.633 0.0000000000
122075  -1.089  -74.517  -35.693 0.0000000000
122134  -0.992  -65.287  -36.216 0.0000000000
122532  -7.858  -74.141  -29.591 0.0000000000
122567  -8.343  -62.169  -31.018 0.0000000000
122652  -8.364  -52.072  -31.915 0.0000000000
122714  -15.732  -80.409  -37.319 0.0000000000
122889  -3.308  -58.568  -27.657 0.0000000000
123009  0.804  -72.070  -7.582 0.0000000000
123196  -20.551  -79.987  -34.684 0.0000000000
123530  -23.761  -42.089  -15.062 0.0000000000
123610  0.497  -75.266  -9.433 0.0000000000
123757  -1.161  -53.580  -15.616 0.0000000000
123866  -1.401  -79.762  -10.456 0.0000000000
123956  -17.420  -86.971  -33.089 0.0000000000
123993  -16.210  -83.116  -36.442 0.0000000000
124089  -23.342  -81.303  -36.219 0.0000000000
124118  -23.117  -80.692  -36.663 0.0000000000
124157  0.378  -50.263  -23.711 0.0000000000
124198  -23.724  -81.361  -35.698 0.0000000000
124216  -16.247  -82.651  -36.757 0.0000000000
124229  -6.526  -82.270  -34.663 0.0000000000
124255  -3.093  -87.936  -18.537 0.0000000000
124266  -1.973  -76.545  -36.878 0.0000000000
124308  -17.404  -83.354  -33.940 0.0000000000
124309  -23.123  -80.299  -36.361 0.0000000000
124310  -23.680  -80.942  -36.129 0.0000000000
125108  0.976  -81.056  -13.021 0.0000000000
125184  0.070  -78.402  -8.281 0.0000000000
126060  -22.039  -82.070  -36.506 0.0000000000
126133  -12.837  -89.582  -26.486 0.0000000000
126394  -23.044  -81.223  -36.739 0.0000000000
126493  -15.935  -42.189  -24.970 0.0000000000
126567  1.151  -72.417  -11.407 0.0000000000
126672  -9.616  -83.010  -21.635 0.0000000000
126751  -4.590  -51.804  -26.990 0.0000000000
126998  0.854  -80.506  -8.247 0.0000000000
127114  -3.316  -76.336  -33.267 0.0000000000
127187  -6.354  -65.333  -13.170 0.0000000000
127416  -15.177  -87.966  -26.357 0.0000000000
127707  -0.785  -65.872  -15.260 0.0000000000
127753  -25.404  -40.319  -21.983 0.0000000000
127755  0.204  -78.807  -13.332 0.0000000000
127860  -3.574  -64.647  -17.766 0.0000000000
127973  -5.191  -77.741  -37.214 0.0000000000
128009  -7.101  -73.857  -33.498 0.0000000000
128028  -5.904  -67.388  -14.959 0.0000000000
128090  1.490  -71.932  -19.430 0.0000000000
128418  0.325  -78.498  -8.006 0.0000000000
128485  1.151  -86.195  -16.597 0.0000000000
128609  2.202  -66.581  -13.706 0.0000000000
128635  0.799  -57.242  -21.425 0.0000000000
128776  -2.400  -62.869  -14.386 0.0000000000
129040  -17.214  -87.036  -17.292 0.0000000000
129468  -15.761  -86.523  -24.047 0.0000000000
129545  1.097  -61.717  -16.555 0.0000000000
129579  -12.119  -89.868  -24.811 0.0000000000
129718  0.690  -66.087  -13.963 0.0000000000
129816  1.049  -66.297  -15.536 0.0000000000
129842  -17.831  -80.680  -37.626 0.0000000000
129845  -0.050  -85.790  -17.539 0.0000000000
129880  0.308  -71.712  -7.783 0.0000000000
130069  -0.340  -74.398  -11.322 0.0000000000
130195  -7.614  -86.263  -23.680 0.0000000000
130412  -1.744  -69.819  -11.371 0.0000000000
130709  1.065  -74.553  -6.978 0.0000000000
130870  3.251  -68.481  -15.487 0.0000000000
131052  -15.623  -79.590  -35.587 0.0000000000
131067  3.441  -78.515  -18.445 0.0000000000
131077  0.363  -49.019  -21.735 0.0000000000
131100  1.457  -74.070  -4.495 0.0000000000
131136  -14.624  -82.065  -31.726 0.0000000000
131322  -14.253  -89.115  -25.524 0.0000000000
131352  -5.356  -66.093  -30.800 0.0000000000
131717  -0.777  -84.502  -18.198 0.0000000000
131762  2.219  -58.416  -11.452 0.0000000000
131769  -0.163  -82.603  -8.937 0.0000000000
131807  -13.695  -87.420  -33.079 0.0000000000
131815  -11.309  -82.947  -21.042 0.0000000000
131818  -6.924  -61.175  -35.490 0.0000000000
131839  -10.185  -77.176  -39.002 0.0000000000
131889  3.080  -83.417  -16.704 0.0000000000
131935  -5.253  -87.575  -19.340 0.0000000000
131965  -4.832  -70.113  -11.809 0.0000000000
131968  -7.992  -54.260  -28.023 0.0000000000
132123  -0.939  -71.061  -8.833 0.0000000000
132151  -2.950  -67.758  -32.650 0.0000000000
132178  -26.973  -47.052  -16.711 0.0000000000
132220  -7.236  -63.246  -33.805 0.0000000000
132226  -2.049  -60.903  -32.087 0.0000000000
132312  -11.312  -83.653  -13.208 0.0000000000
132373  2.468  -72.170  -15.478 0.0000000000
132395  -7.382  -54.971  -27.027 0.0000000000
132497  -7.740  -55.765  -27.180 0.0000000000
132542  -0.047  -77.128  -7.901 0.0000000000
