#!ascii label  , from subject sub-v1s21x0050405_ses-1 vox2ras=TkReg
12216
58854  -16.020  -11.275  72.576 1.0000000000
58861  -16.768  -10.872  71.882 1.0000000000
58863  -18.085  -11.480  71.332 1.0000000000
56244  -14.304  -14.724  69.566 1.0000000000
58867  -18.058  -10.819  70.744 1.0000000000
57997  -14.469  -13.201  69.959 1.0000000000
116212  -15.320  -18.352  69.742 1.0000000000
53392  -15.217  -17.479  70.189 1.0000000000
53407  -14.975  -17.523  69.138 1.0000000000
121446  -14.630  -16.153  69.389 1.0000000000
133981  -18.452  -11.491  70.582 1.0000000000
119654  -14.084  -13.833  69.169 1.0000000000
58003  -14.712  -12.096  69.064 1.0000000000
58871  -15.189  -11.386  69.236 1.0000000000
33771  -9.146  -38.760  78.657 0.3750000000
54334  -21.526  -16.771  75.302 1.0000000000
54322  -21.536  -16.298  75.986 0.8750000000
55287  -20.344  -16.253  74.928 1.0000000000
126994  -20.266  -15.685  75.778 1.0000000000
54344  -19.786  -15.883  73.449 1.0000000000
55293  -19.812  -15.453  74.254 1.0000000000
119492  -19.324  -14.881  73.472 1.0000000000
50048  -15.087  -20.786  69.312 1.0000000000
57132  -18.702  -14.060  72.160 1.0000000000
52573  -14.945  -18.335  68.538 1.0000000000
126354  -15.251  -19.026  69.150 1.0000000000
57994  -18.367  -12.204  71.254 1.0000000000
57137  -18.469  -12.951  71.244 1.0000000000
53421  -14.653  -17.425  68.182 1.0000000000
123225  -18.652  -12.328  70.546 1.0000000000
55345  -14.307  -15.545  69.104 1.0000000000
133991  -14.347  -16.218  68.702 1.0000000000
139045  -18.213  -10.924  69.939 1.0000000000
56257  -13.782  -14.872  68.857 1.0000000000
58012  -14.291  -12.449  68.249 1.0000000000
116737  -14.349  -12.874  69.098 1.0000000000
58878  -15.473  -10.922  68.639 1.0000000000
58877  -14.824  -11.613  68.402 1.0000000000
115030  -16.552  -10.228  67.895 1.0000000000
59762  -17.093  -10.337  68.458 1.0000000000
33770  -8.628  -38.406  78.800 0.5000000000
42286  -14.727  -28.658  70.829 1.0000000000
54336  -24.139  -16.594  75.238 1.0000000000
52546  -31.680  -18.013  74.542 0.7500000000
45189  -14.288  -27.038  69.758 1.0000000000
131725  -23.600  -16.873  74.788 1.0000000000
52549  -32.617  -18.359  73.958 0.6250000000
52550  -33.338  -18.708  73.534 0.6250000000
47139  -14.118  -24.772  69.629 1.0000000000
53351  -21.329  -17.298  74.436 1.0000000000
51760  -33.725  -19.472  73.288 0.7500000000
49053  -13.555  -22.357  68.084 1.0000000000
129913  -14.064  -23.202  68.925 1.0000000000
119600  -20.736  -17.467  73.391 1.0000000000
50059  -13.636  -21.648  68.057 1.0000000000
50047  -14.664  -21.560  69.068 1.0000000000
54359  -19.828  -16.480  72.704 1.0000000000
51792  -14.558  -18.782  67.872 1.0000000000
50940  -14.749  -20.118  68.539 1.0000000000
56220  -19.022  -14.759  72.506 1.0000000000
54412  -14.219  -16.694  68.092 1.0000000000
52582  -14.565  -18.014  67.812 1.0000000000
56235  -18.827  -13.718  70.183 1.0000000000
57138  -18.681  -13.773  71.177 1.0000000000
55359  -13.960  -15.873  68.537 1.0000000000
129264  -18.676  -13.089  70.594 1.0000000000
55358  -13.438  -15.388  68.448 1.0000000000
57145  -18.785  -12.847  69.930 1.0000000000
57999  -18.583  -11.864  69.796 1.0000000000
119383  -13.533  -13.973  68.487 1.0000000000
57156  -13.902  -13.227  68.460 1.0000000000
127941  -18.195  -12.158  69.000 1.0000000000
124644  -17.817  -10.932  69.235 1.0000000000
59763  -17.486  -10.663  68.640 1.0000000000
59764  -17.786  -11.102  68.479 1.0000000000
118983  -15.820  -10.567  68.080 1.0000000000
32981  -9.478  -38.756  78.849 0.3750000000
32982  -9.958  -39.099  78.815 0.3750000000
32990  -11.129  -39.666  78.932 0.3750000000
117191  -11.588  -39.884  79.021 0.3750000000
33773  -13.016  -39.094  79.353 0.3750000000
35322  -6.741  -37.013  79.640 0.3750000000
35323  -7.551  -37.347  79.994 0.3750000000
34540  -8.706  -37.991  79.719 0.5000000000
32984  -11.169  -39.196  79.309 0.3750000000
33766  -11.905  -38.905  79.639 0.3750000000
34546  -13.051  -38.124  79.554 0.3750000000
36149  -6.303  -36.547  79.043 0.2500000000
33763  -9.628  -38.590  79.433 0.3750000000
33764  -10.410  -38.812  79.435 0.3750000000
37031  -5.846  -35.256  76.808 0.2500000000
129362  -5.852  -34.947  76.138 0.2500000000
39611  -14.112  -32.304  72.978 0.8750000000
39593  -14.697  -33.314  73.902 0.8750000000
41293  -12.877  -30.208  71.584 0.8750000000
40473  -13.639  -31.186  72.156 1.0000000000
40466  -15.186  -31.249  72.509 1.0000000000
40454  -15.565  -31.687  73.208 1.0000000000
137835  -12.994  -29.782  71.091 1.0000000000
42274  -13.706  -29.960  71.058 1.0000000000
41295  -14.418  -30.434  71.476 1.0000000000
41285  -14.838  -30.874  71.893 1.0000000000
44201  -12.139  -28.011  69.881 1.0000000000
44215  -13.310  -27.684  69.458 1.0000000000
43279  -14.157  -28.348  70.184 1.0000000000
54346  -24.372  -16.918  74.266 1.0000000000
53361  -31.274  -17.123  74.356 0.7500000000
46193  -11.457  -26.075  69.076 1.0000000000
45187  -12.346  -26.719  68.971 1.0000000000
46194  -12.794  -25.969  68.757 1.0000000000
53359  -23.355  -17.184  74.098 1.0000000000
53363  -33.204  -17.858  73.560 0.7500000000
53372  -34.147  -18.625  73.134 0.7500000000
136690  -34.683  -19.167  72.747 0.7500000000
48055  -13.471  -22.969  68.203 1.0000000000
129751  -22.846  -17.496  73.300 1.0000000000
53373  -34.533  -17.966  72.803 0.7500000000
52554  -34.869  -18.728  72.629 0.7500000000
50058  -12.822  -21.326  68.032 1.0000000000
53369  -22.223  -17.710  72.468 1.0000000000
53368  -21.084  -17.737  72.502 1.0000000000
51787  -12.986  -19.406  68.024 1.0000000000
52577  -13.260  -18.351  67.706 1.0000000000
56236  -18.946  -14.579  70.587 1.0000000000
55315  -19.135  -15.511  70.968 1.0000000000
134126  -19.508  -16.158  72.118 1.0000000000
126097  -13.727  -16.946  67.754 1.0000000000
54411  -12.904  -16.421  68.067 1.0000000000
55356  -12.336  -15.549  68.350 1.0000000000
56246  -19.006  -14.517  69.630 1.0000000000
56227  -18.902  -14.666  71.563 1.0000000000
126792  -13.579  -16.173  68.173 1.0000000000
55357  -13.018  -15.563  68.244 1.0000000000
125834  -12.970  -14.029  68.061 1.0000000000
58023  -13.843  -12.302  67.773 1.0000000000
56245  -18.779  -13.687  69.232 1.0000000000
58011  -13.770  -12.857  67.996 1.0000000000
58887  -14.386  -11.701  67.741 1.0000000000
121557  -18.308  -12.714  68.264 1.0000000000
58888  -15.055  -10.994  67.858 1.0000000000
58013  -17.994  -11.824  68.365 1.0000000000
59772  -17.686  -10.627  67.697 1.0000000000
35318  -8.735  -37.842  80.614 0.5000000000
34534  -9.312  -38.026  80.859 0.5000000000
40426  -3.003  -31.541  77.245 0.5000000000
36140  -6.966  -36.578  80.505 0.3750000000
118222  -8.245  -37.645  80.145 0.5000000000
34541  -9.175  -38.249  80.100 0.5000000000
34535  -10.172  -37.874  80.678 0.3750000000
34544  -11.794  -38.251  79.805 0.3750000000
34539  -13.426  -37.497  79.354 0.5000000000
137008  -3.470  -31.976  77.686 0.5000000000
135942  -3.978  -33.280  77.821 0.5000000000
37908  -4.779  -34.418  78.001 0.3750000000
37023  -5.391  -35.364  78.844 0.2500000000
34543  -10.539  -38.388  80.097 0.3750000000
38764  -3.505  -33.296  76.163 0.3750000000
38765  -3.948  -33.908  76.560 0.3750000000
116726  -5.209  -34.938  77.292 0.2500000000
38750  -13.272  -34.496  78.095 0.7500000000
41254  -2.016  -30.376  77.021 0.5000000000
38773  -3.828  -33.956  75.676 0.2500000000
37911  -5.213  -34.686  76.461 0.2500000000
38775  -12.925  -33.403  75.584 0.8750000000
117874  -13.290  -34.008  77.063 0.8750000000
38751  -14.041  -34.516  77.737 0.6250000000
42243  -1.026  -29.060  76.307 0.6250000000
119856  -4.363  -34.085  75.119 0.2500000000
40451  -12.682  -31.504  73.617 0.8750000000
39592  -13.387  -32.843  74.220 0.8750000000
38776  -13.844  -33.939  75.377 0.8750000000
38769  -15.742  -34.296  75.554 0.8750000000
43227  -1.204  -28.217  75.535 0.6250000000
37918  -4.517  -34.007  74.214 0.2500000000
37036  -5.181  -34.109  74.879 0.2500000000
42262  -11.963  -30.059  72.946 0.8750000000
41278  -12.280  -30.798  73.234 0.8750000000
40463  -12.979  -31.280  72.697 0.8750000000
121101  -1.523  -27.493  75.106 0.6250000000
42272  -11.835  -29.018  71.910 1.0000000000
43262  -11.944  -28.775  71.133 1.0000000000
121171  -1.387  -26.197  74.225 0.5000000000
44188  -11.277  -27.550  71.212 1.0000000000
44200  -11.504  -27.498  70.183 1.0000000000
116644  -25.174  -16.694  74.169 1.0000000000
53362  -32.252  -17.410  73.982 0.7500000000
54354  -32.948  -16.788  73.447 0.7500000000
44160  -1.659  -26.722  74.190 0.5000000000
47130  -10.420  -25.021  70.446 1.0000000000
47136  -10.784  -25.238  69.305 1.0000000000
47137  -11.939  -25.230  68.595 1.0000000000
48027  -12.485  -24.276  68.305 1.0000000000
53360  -24.105  -17.336  73.236 1.0000000000
124531  -33.904  -17.426  73.197 0.7500000000
117297  -10.521  -24.264  69.722 1.0000000000
48025  -10.714  -23.383  68.996 1.0000000000
126773  -11.563  -23.676  68.381 1.0000000000
48054  -12.931  -22.678  67.909 1.0000000000
52555  -35.445  -18.842  72.236 0.7500000000
53415  -38.045  -17.483  69.667 0.6250000000
48036  -10.941  -22.491  68.939 1.0000000000
50034  -10.845  -21.065  69.764 1.0000000000
49051  -12.089  -21.856  68.111 1.0000000000
50939  -12.664  -20.370  68.246 1.0000000000
53370  -23.412  -17.658  72.481 1.0000000000
51780  -11.467  -19.737  69.198 1.0000000000
51781  -12.085  -19.584  68.628 1.0000000000
52576  -12.336  -18.709  68.347 1.0000000000
127651  -12.514  -17.901  68.022 1.0000000000
53393  -19.961  -17.136  71.019 1.0000000000
53381  -21.744  -17.743  71.377 1.0000000000
52572  -11.491  -18.914  69.181 1.0000000000
53418  -11.780  -17.972  68.661 1.0000000000
54410  -11.854  -16.299  68.435 1.0000000000
54391  -19.527  -16.478  70.389 1.0000000000
124290  -20.189  -17.220  70.138 1.0000000000
137549  -21.429  -17.696  70.521 1.0000000000
55344  -11.495  -15.501  68.696 1.0000000000
123037  -12.288  -14.042  68.197 1.0000000000
55331  -19.171  -15.451  69.999 1.0000000000
131879  -19.805  -16.788  69.810 1.0000000000
53410  -21.558  -17.677  69.734 1.0000000000
128248  -11.856  -13.296  68.362 1.0000000000
57154  -12.696  -13.223  67.940 1.0000000000
57163  -13.338  -12.748  67.807 1.0000000000
55346  -19.274  -15.306  68.988 1.0000000000
54413  -19.635  -16.294  68.660 1.0000000000
53423  -20.610  -17.495  68.698 1.0000000000
130654  -21.935  -17.656  68.314 1.0000000000
116646  -22.929  -17.698  66.940 1.0000000000
58010  -12.831  -12.344  67.786 1.0000000000
58886  -13.763  -11.603  67.482 1.0000000000
56258  -18.806  -14.053  68.383 1.0000000000
55360  -19.345  -15.569  68.102 1.0000000000
53422  -20.106  -17.069  68.337 1.0000000000
53433  -20.779  -17.705  67.437 1.0000000000
130795  -22.332  -17.835  66.965 1.0000000000
53443  -22.565  -17.777  66.230 0.8750000000
59769  -14.412  -10.912  67.181 1.0000000000
126251  -18.150  -12.990  67.448 1.0000000000
56268  -18.735  -14.434  67.581 1.0000000000
55367  -19.265  -15.824  67.301 1.0000000000
54429  -19.720  -16.728  66.811 1.0000000000
116685  -21.024  -17.854  66.784 1.0000000000
59777  -14.637  -10.236  66.615 1.0000000000
59778  -15.479  -10.019  66.515 1.0000000000
55366  -18.827  -15.204  66.962 1.0000000000
55375  -19.170  -15.945  66.396 1.0000000000
54430  -20.195  -17.208  66.130 1.0000000000
60740  -16.549  -9.882  66.931 1.0000000000
59779  -17.751  -10.152  66.899 1.0000000000
58031  -17.841  -12.260  66.467 1.0000000000
57172  -18.162  -13.951  66.350 1.0000000000
55374  -18.730  -15.255  66.008 1.0000000000
55384  -19.161  -15.944  65.456 1.0000000000
60748  -17.156  -9.600  66.242 1.0000000000
60749  -17.819  -9.781  66.319 1.0000000000
58907  -17.832  -11.548  66.051 1.0000000000
58041  -17.809  -12.610  65.663 1.0000000000
56289  -18.375  -14.470  65.610 1.0000000000
60758  -18.055  -9.762  65.734 1.0000000000
58906  -18.050  -10.507  65.611 1.0000000000
58057  -17.766  -12.560  64.776 1.0000000000
57194  -17.952  -13.303  64.912 1.0000000000
35311  -8.917  -37.419  81.256 0.5000000000
129452  -9.759  -37.300  81.290 0.5000000000
41255  -2.730  -30.860  77.586 0.5000000000
36145  -6.192  -36.301  79.880 0.3750000000
35317  -8.075  -37.153  80.794 0.5000000000
36133  -8.641  -36.519  81.515 0.5000000000
35312  -10.703  -36.880  80.875 0.3750000000
130998  -11.610  -36.458  80.033 0.3750000000
36141  -12.881  -36.476  79.187 0.6250000000
117646  -13.291  -36.273  78.863 0.6250000000
40419  -3.420  -31.315  78.074 0.5000000000
40420  -4.033  -32.005  78.492 0.5000000000
38747  -4.487  -33.618  78.261 0.5000000000
133091  -4.977  -34.045  78.891 0.2500000000
37019  -5.401  -35.193  79.497 0.3750000000
37012  -10.728  -35.658  80.771 0.5000000000
37894  -11.615  -35.069  79.665 0.7500000000
37895  -12.516  -35.452  78.964 0.6250000000
37017  -13.243  -35.916  78.718 0.6250000000
41247  -2.423  -30.190  77.916 0.5000000000
41248  -3.224  -30.550  78.481 0.5000000000
40427  -11.237  -31.965  77.838 0.8750000000
39569  -11.555  -32.826  77.558 0.7500000000
38749  -12.216  -34.335  78.333 0.7500000000
37896  -13.309  -35.447  78.612 0.6250000000
42238  -1.626  -29.714  77.214 0.6250000000
42230  -2.152  -29.523  78.279 0.6250000000
42231  -2.970  -29.845  78.944 0.6250000000
121645  -11.576  -31.044  77.171 0.8750000000
39578  -11.749  -32.258  77.013 0.8750000000
38774  -12.229  -32.778  76.189 0.8750000000
38759  -12.429  -33.792  77.185 0.8750000000
121517  -0.755  -28.349  76.453 0.6250000000
127912  -1.254  -28.988  77.515 0.6250000000
43214  -1.974  -28.905  78.718 0.6250000000
42251  -11.514  -29.446  75.045 0.8750000000
41268  -11.828  -30.167  75.629 0.8750000000
40446  -12.078  -31.009  75.076 0.8750000000
137220  -12.506  -32.754  75.504 0.8750000000
44150  -0.851  -27.453  75.735 0.6250000000
42261  -11.609  -29.585  73.446 0.8750000000
41277  -11.817  -30.212  73.757 0.8750000000
45143  -1.286  -26.721  74.749 0.6250000000
43248  -11.252  -28.801  73.546 1.0000000000
43252  -11.344  -28.510  72.547 1.0000000000
124503  -26.585  -16.648  73.197 1.0000000000
54350  -27.292  -16.496  73.191 1.0000000000
55303  -27.632  -16.267  72.356 1.0000000000
54381  -27.110  -16.304  71.631 1.0000000000
127834  -31.794  -16.696  73.732 0.7500000000
45142  -1.336  -25.994  74.344 0.6250000000
44175  -10.653  -27.111  72.783 1.0000000000
45161  -10.474  -26.330  72.391 1.0000000000
54348  -25.813  -16.818  73.432 1.0000000000
54362  -26.152  -16.772  72.508 1.0000000000
55316  -27.800  -16.135  71.360 1.0000000000
46170  -1.676  -25.422  73.826 0.6250000000
46186  -10.388  -25.535  71.100 1.0000000000
54360  -24.931  -17.291  72.640 1.0000000000
54361  -25.563  -17.080  72.661 1.0000000000
54379  -25.792  -16.916  72.011 1.0000000000
120998  -27.274  -16.514  70.326 1.0000000000
54395  -27.970  -16.238  70.381 1.0000000000
54369  -33.799  -16.609  73.060 0.7500000000
54370  -34.587  -17.049  72.678 1.0000000000
54385  -37.567  -16.330  71.028 1.0000000000
53402  -37.782  -17.105  70.466 1.0000000000
54396  -38.205  -16.050  70.328 0.8750000000
54407  -38.429  -16.066  69.514 0.8750000000
124611  -10.328  -24.132  70.910 1.0000000000
49013  -10.366  -22.536  71.005 1.0000000000
53384  -24.793  -17.449  71.936 1.0000000000
54378  -25.352  -17.178  72.168 1.0000000000
54392  -25.958  -17.025  71.326 1.0000000000
54393  -26.688  -16.627  70.919 1.0000000000
54405  -28.391  -16.332  69.533 1.0000000000
53374  -35.149  -17.994  72.476 0.7500000000
54371  -35.365  -17.231  72.284 0.7500000000
53387  -36.544  -17.663  71.499 0.8750000000
53388  -37.247  -17.150  71.147 0.8750000000
54406  -38.252  -16.717  69.847 0.7500000000
54418  -38.381  -16.015  68.840 0.7500000000
50044  -10.799  -21.886  69.584 1.0000000000
53383  -23.879  -17.922  71.678 1.0000000000
53398  -24.609  -17.763  71.060 1.0000000000
53413  -25.269  -17.597  69.840 1.0000000000
53414  -26.043  -17.409  69.388 1.0000000000
54415  -27.652  -17.042  68.369 1.0000000000
54416  -28.368  -16.569  68.723 1.0000000000
128713  -37.976  -16.784  68.516 0.7500000000
50931  -10.685  -20.269  70.169 1.0000000000
53382  -22.928  -17.862  71.007 1.0000000000
117711  -24.069  -18.042  70.145 1.0000000000
54414  -26.858  -17.221  68.921 1.0000000000
54424  -28.358  -16.751  67.772 1.0000000000
55361  -29.032  -16.254  68.120 1.0000000000
52566  -10.790  -18.795  70.041 1.0000000000
53406  -11.131  -17.974  69.565 1.0000000000
53395  -22.239  -17.760  70.375 1.0000000000
118272  -24.405  -17.811  69.332 1.0000000000
53439  -25.677  -17.485  67.854 1.0000000000
54431  -26.853  -17.109  66.923 0.8750000000
54423  -27.614  -17.013  67.392 0.8750000000
54401  -11.124  -16.186  69.005 1.0000000000
115645  -22.880  -17.619  68.674 1.0000000000
53437  -24.177  -17.462  67.518 1.0000000000
126062  -25.481  -17.313  67.105 1.0000000000
54439  -26.793  -16.949  66.014 0.8750000000
57153  -11.518  -14.040  68.640 1.0000000000
53425  -23.556  -17.555  68.041 1.0000000000
53436  -23.498  -17.550  67.256 1.0000000000
53446  -25.339  -17.289  66.315 0.8750000000
58876  -12.311  -11.658  67.994 1.0000000000
122466  -23.970  -17.532  65.954 0.8750000000
53457  -25.101  -17.323  65.672 0.8750000000
59776  -13.862  -10.359  66.749 1.0000000000
53454  -22.378  -17.681  65.336 0.8750000000
53455  -23.284  -17.629  65.565 0.8750000000
53453  -21.548  -17.648  65.183 1.0000000000
123771  -22.089  -17.605  64.590 0.8750000000
53452  -20.867  -17.466  64.983 1.0000000000
137779  -20.884  -17.410  64.472 0.8750000000
55383  -18.775  -15.240  65.046 1.0000000000
54458  -19.765  -16.529  64.045 0.8750000000
54449  -20.393  -17.120  64.463 0.8750000000
59794  -18.059  -9.805  64.958 0.8750000000
58056  -17.697  -12.037  64.078 1.0000000000
57193  -17.852  -13.056  64.113 1.0000000000
123935  -18.153  -13.855  64.254 1.0000000000
55391  -18.745  -15.270  64.061 0.8750000000
58920  -17.736  -11.271  63.631 0.8750000000
40421  -4.930  -32.454  78.664 0.5000000000
38739  -5.373  -33.711  79.435 0.5000000000
37898  -5.638  -34.844  80.176 0.3750000000
37015  -6.873  -35.621  81.127 0.5000000000
36132  -7.772  -36.138  81.268 0.5000000000
123553  -9.228  -35.766  81.769 0.5000000000
36134  -9.444  -36.579  81.637 0.6250000000
36135  -10.538  -36.004  81.263 0.7500000000
39562  -4.980  -33.267  78.814 0.5000000000
121019  -5.302  -34.471  79.563 0.5000000000
128506  -10.281  -34.458  81.069 0.7500000000
37890  -10.447  -35.094  80.943 0.7500000000
38738  -11.311  -34.417  79.711 0.7500000000
40422  -10.733  -31.828  78.859 0.8750000000
39560  -10.824  -32.894  79.292 0.8750000000
118389  -11.062  -33.710  79.581 0.7500000000
122025  -11.060  -30.994  78.287 0.8750000000
44145  -0.611  -27.507  76.799 0.6250000000
119686  -0.784  -28.279  77.404 0.6250000000
43207  -1.358  -28.402  78.463 0.6250000000
134411  -11.560  -29.407  75.906 0.8750000000
41262  -11.764  -30.276  76.516 0.8750000000
44144  -0.757  -26.733  75.661 0.6250000000
129312  -0.746  -27.302  78.718 0.6250000000
44125  -1.433  -27.746  79.155 0.6250000000
44126  -2.274  -27.440  80.103 0.6250000000
55306  -31.904  -15.805  72.385 1.0000000000
45138  -0.775  -25.971  74.936 0.7500000000
43247  -10.834  -28.000  74.108 1.0000000000
55317  -28.464  -16.119  71.811 1.0000000000
54368  -32.336  -16.138  73.093 1.0000000000
46166  -1.712  -25.519  73.941 0.7500000000
44167  -10.549  -27.259  73.728 1.0000000000
126022  -28.445  -16.062  70.920 1.0000000000
55307  -32.729  -15.736  72.340 1.0000000000
131739  -1.443  -25.209  74.012 0.6250000000
46180  -10.339  -25.572  72.028 1.0000000000
55332  -29.146  -15.944  70.936 1.0000000000
116840  -28.932  -16.043  70.045 1.0000000000
123023  -33.278  -16.082  72.878 0.8750000000
55308  -34.167  -16.092  72.607 1.0000000000
54382  -35.180  -16.198  72.256 1.0000000000
55324  -36.101  -15.874  71.740 1.0000000000
54384  -36.779  -16.566  71.497 1.0000000000
55326  -37.761  -15.573  70.834 1.0000000000
135076  -10.105  -23.991  71.781 1.0000000000
50025  -10.049  -21.747  71.551 1.0000000000
55347  -29.015  -16.129  69.053 1.0000000000
55353  -38.677  -15.352  69.142 0.7500000000
50033  -10.486  -21.660  70.535 1.0000000000
55369  -29.720  -15.706  67.611 0.8750000000
51773  -10.453  -19.544  70.473 1.0000000000
52565  -10.179  -18.794  70.772 1.0000000000
54433  -28.319  -16.396  66.406 0.8750000000
55368  -28.881  -16.249  67.058 0.8750000000
55372  -38.433  -15.193  67.763 0.7500000000
54426  -38.238  -15.957  68.176 0.6250000000
55364  -38.676  -15.093  68.442 0.7500000000
51774  -10.981  -19.592  69.770 1.0000000000
53391  -10.539  -17.983  70.399 1.0000000000
54432  -27.604  -16.730  66.411 0.8750000000
55376  -28.810  -15.952  66.074 0.8750000000
54400  -10.664  -16.195  69.647 1.0000000000
56242  -10.599  -14.661  69.632 1.0000000000
53447  -26.092  -17.169  66.521 0.8750000000
54440  -27.356  -16.659  65.652 0.8750000000
131446  -11.186  -13.314  68.960 1.0000000000
58002  -11.422  -12.558  68.740 1.0000000000
135190  -25.918  -17.132  65.453 0.8750000000
121695  -27.462  -16.519  65.073 0.8750000000
54441  -28.062  -16.335  65.597 0.8750000000
58875  -11.647  -11.748  68.547 1.0000000000
59760  -11.804  -10.915  68.311 1.0000000000
129044  -25.128  -17.294  65.045 0.8750000000
54451  -27.120  -16.596  64.482 0.8750000000
121330  -12.445  -10.031  67.345 1.0000000000
59768  -13.286  -10.755  67.222 1.0000000000
125129  -23.789  -17.518  64.900 0.8750000000
53456  -24.447  -17.429  65.360 0.8750000000
53470  -25.571  -17.182  64.400 0.8750000000
54450  -26.387  -16.890  64.514 0.8750000000
53468  -23.587  -17.523  64.037 0.8750000000
53469  -24.583  -17.409  64.351 0.8750000000
53483  -25.228  -17.258  63.395 0.8750000000
60746  -14.894  -9.856  65.958 1.0000000000
60747  -16.003  -9.675  65.914 1.0000000000
116605  -22.557  -17.566  63.790 0.8750000000
53482  -24.245  -17.429  63.381 0.8750000000
117998  -17.721  -9.378  65.219 1.0000000000
53479  -21.662  -17.511  63.305 0.8750000000
53480  -22.468  -17.560  62.695 0.8750000000
55401  -18.731  -15.214  62.972 0.8750000000
54472  -19.791  -16.496  63.142 0.8750000000
54473  -20.279  -16.943  62.778 0.8750000000
58913  -17.876  -10.729  64.480 0.8750000000
58070  -17.833  -12.002  62.995 0.8750000000
128887  -17.849  -12.770  63.393 0.8750000000
56313  -18.401  -14.421  62.717 0.8750000000
138257  -18.654  -14.846  62.372 0.8750000000
57203  -18.000  -12.929  62.612 0.8750000000
57212  -18.264  -13.721  62.296 0.8750000000
40416  -4.860  -31.471  78.810 0.5000000000
39559  -5.498  -33.036  79.018 0.5000000000
125711  -5.984  -33.398  79.479 0.5000000000
136454  -6.607  -34.084  81.067 0.6250000000
37885  -6.802  -34.594  81.434 0.6250000000
37008  -7.865  -35.112  81.712 0.7500000000
37009  -8.934  -35.107  81.714 0.7500000000
41244  -3.888  -31.044  79.001 0.5000000000
118431  -7.098  -33.811  81.391 0.6250000000
37886  -7.681  -34.401  81.687 0.7500000000
37887  -8.573  -34.612  81.657 0.7500000000
37888  -9.362  -34.798  81.584 0.7500000000
38735  -10.222  -33.667  81.076 0.7500000000
41243  -3.731  -30.181  79.455 0.6250000000
42226  -4.521  -29.583  79.892 0.6250000000
127885  -10.735  -31.015  78.788 0.8750000000
126974  -10.287  -32.288  80.232 0.7500000000
135791  -10.499  -33.837  80.741 0.7500000000
42225  -3.607  -29.342  79.913 0.6250000000
43209  -4.588  -28.587  79.988 0.7500000000
42232  -11.077  -29.731  78.372 0.8750000000
41249  -10.769  -30.298  78.715 0.8750000000
45131  -0.601  -26.535  76.846 0.6250000000
43208  -2.362  -28.296  79.654 0.6250000000
44127  -3.441  -27.678  80.286 0.7500000000
43200  -4.354  -27.639  79.861 0.7500000000
42245  -11.542  -29.549  76.787 0.8750000000
41256  -11.213  -30.238  78.018 0.8750000000
118735  -0.512  -25.061  76.408 0.7500000000
45113  0.160  -25.919  78.843 0.6250000000
115256  -1.209  -27.032  79.520 0.7500000000
45104  -1.918  -26.586  80.235 0.6250000000
44118  -3.220  -26.907  80.562 0.7500000000
138021  -4.034  -27.201  79.996 0.7500000000
43235  -11.218  -28.690  75.498 0.8750000000
47104  -0.497  -25.001  75.402 0.8750000000
46124  -3.572  -26.015  80.564 0.7500000000
45105  -4.024  -26.751  79.991 0.7500000000
43241  -10.715  -27.904  75.099 1.0000000000
134795  -10.478  -27.392  74.499 1.0000000000
115338  -28.946  -16.263  72.494 1.0000000000
55318  -29.382  -16.072  71.811 1.0000000000
125822  -30.225  -15.990  71.986 1.0000000000
128457  -31.069  -15.829  72.231 1.0000000000
128046  -32.275  -15.583  71.752 1.0000000000
47113  -0.603  -24.951  74.164 0.7500000000
129061  -0.641  -24.153  73.757 0.8750000000
55333  -30.649  -15.579  70.262 1.0000000000
55320  -31.659  -15.613  71.525 1.0000000000
55321  -32.878  -15.388  71.462 1.0000000000
55322  -33.744  -15.173  71.422 1.0000000000
55337  -34.576  -14.939  71.255 1.0000000000
46173  -10.147  -25.684  73.002 1.0000000000
48016  -9.648  -23.427  72.419 1.0000000000
115762  -29.776  -15.740  70.122 1.0000000000
129775  -33.555  -15.599  72.179 1.0000000000
128107  -34.452  -15.456  72.026 1.0000000000
55323  -35.353  -15.295  71.725 1.0000000000
55325  -37.026  -15.530  71.323 1.0000000000
55340  -38.506  -15.346  69.768 0.8750000000
48020  -0.538  -23.456  71.975 0.8750000000
49000  -9.831  -22.550  71.957 1.0000000000
55362  -30.148  -15.553  68.486 1.0000000000
55363  -31.055  -15.292  68.540 1.0000000000
55339  -38.184  -15.107  70.410 1.0000000000
56240  -38.484  -14.559  69.826 1.0000000000
128472  -38.740  -14.817  69.349 1.0000000000
116304  -0.550  -23.224  71.028 0.8750000000
49039  -0.530  -22.286  69.972 0.8750000000
127702  -10.125  -20.970  71.195 1.0000000000
52559  -9.771  -18.816  71.530 1.0000000000
56264  -38.960  -14.621  68.881 1.0000000000
50072  -0.794  -21.617  67.790 0.8750000000
120490  -0.586  -22.331  69.099 0.8750000000
56279  -31.045  -15.048  66.989 0.8750000000
115075  -1.824  -21.907  66.829 0.7500000000
49062  -1.106  -22.330  67.335 0.7500000000
49050  -1.147  -23.079  67.530 0.6250000000
49049  -0.721  -22.483  68.068 0.6250000000
54375  -9.946  -16.547  71.209 1.0000000000
55312  -10.033  -15.076  71.229 1.0000000000
55387  -29.990  -15.144  65.973 0.8750000000
55380  -38.174  -15.273  67.184 0.7500000000
56283  -38.175  -14.824  66.660 0.7500000000
55329  -10.374  -15.448  70.209 1.0000000000
56233  -10.315  -14.489  70.505 1.0000000000
57996  -10.507  -12.861  70.248 1.0000000000
129065  -29.354  -15.515  65.776 0.8750000000
57252  -5.682  -13.389  57.828 0.1250000000
137994  -10.719  -13.326  69.527 1.0000000000
58001  -10.848  -12.638  69.383 1.0000000000
58870  -11.065  -11.836  69.177 1.0000000000
55385  -28.831  -15.705  65.114 0.8750000000
59766  -11.834  -10.110  67.935 1.0000000000
54462  -27.348  -16.447  63.748 0.8750000000
133784  -27.965  -16.233  64.507 0.8750000000
59767  -12.425  -10.831  67.719 1.0000000000
119919  -26.739  -16.703  63.921 0.8750000000
54460  -26.116  -16.939  63.696 0.8750000000
118122  -27.443  -16.363  62.914 0.8750000000
60756  -15.966  -9.179  65.147 0.7500000000
53494  -23.988  -17.448  62.598 0.8750000000
54488  -25.884  -16.946  61.838 0.8750000000
54461  -26.746  -16.679  63.209 0.8750000000
60769  -16.890  -8.987  64.696 0.8750000000
53493  -23.287  -17.523  62.409 0.8750000000
132146  -24.559  -17.373  62.100 0.8750000000
60770  -17.669  -9.309  64.419 0.8750000000
60781  -17.669  -9.208  63.493 0.8750000000
53491  -20.651  -17.101  62.032 0.8750000000
53492  -21.496  -17.461  62.410 0.8750000000
53506  -22.235  -17.465  61.188 0.8750000000
53508  -23.754  -17.482  61.724 0.8750000000
59805  -17.791  -10.553  63.671 0.8750000000
58935  -17.813  -11.002  62.887 0.8750000000
127488  -19.543  -15.955  61.722 0.8750000000
53504  -20.814  -16.996  61.022 0.8750000000
58083  -17.956  -12.197  62.012 0.8750000000
58084  -18.230  -13.069  61.797 0.8750000000
56322  -18.602  -14.420  61.852 0.8750000000
55413  -18.964  -15.273  61.975 0.8750000000
123162  -5.779  -31.425  78.852 0.6250000000
38731  -7.251  -33.284  80.369 0.7500000000
38732  -7.729  -33.286  81.231 0.7500000000
41245  -4.524  -30.499  79.353 0.5000000000
136723  -5.345  -30.706  79.040 0.6250000000
42227  -5.415  -29.789  79.396 0.6250000000
38733  -8.632  -33.454  81.373 0.7500000000
39554  -10.119  -32.581  81.010 0.7500000000
137400  -5.167  -29.101  79.720 0.7500000000
40415  -10.205  -31.592  79.884 0.8750000000
40411  -10.204  -32.028  80.322 0.8750000000
43201  -4.906  -27.931  79.602 0.7500000000
43216  -11.079  -28.990  78.215 0.8750000000
42223  -10.194  -30.306  79.101 0.8750000000
46153  -0.565  -25.635  76.923 0.8750000000
45122  -0.594  -26.178  78.009 0.6250000000
136800  -4.598  -27.554  79.622 0.7500000000
115800  -4.896  -27.513  79.492 0.7500000000
43223  -11.263  -28.856  77.462 0.8750000000
47098  -0.470  -24.321  76.738 0.8750000000
46138  -0.076  -25.462  79.255 0.7500000000
45103  -1.575  -25.838  80.229 0.7500000000
46123  -2.527  -25.873  80.821 0.7500000000
44119  -4.372  -27.282  79.699 0.7500000000
45106  -4.518  -26.812  79.721 0.7500000000
43234  -10.947  -27.992  76.122 0.8750000000
45145  -9.953  -26.678  75.788 1.0000000000
58835  -9.628  -11.024  77.408 1.0000000000
118479  -0.500  -24.785  74.884 0.8750000000
48007  -0.538  -23.792  74.952 0.8750000000
119674  -2.525  -24.939  81.074 0.7500000000
121240  -3.150  -25.103  81.245 0.8750000000
132729  -3.974  -25.032  80.592 0.7500000000
46125  -4.232  -25.951  80.118 0.8750000000
45101  -4.963  -25.997  80.129 0.8750000000
44161  -10.232  -27.093  75.136 1.0000000000
114930  -10.190  -26.612  74.393 1.0000000000
57101  -9.313  -13.408  75.945 1.0000000000
133335  -9.474  -11.975  76.438 1.0000000000
135981  -9.507  -11.460  76.929 1.0000000000
60705  -9.926  -9.615  77.596 0.8750000000
119954  -0.598  -23.500  74.271 0.8750000000
46172  -9.637  -25.070  73.530 1.0000000000
125399  -9.076  -23.747  73.952 1.0000000000
125892  -9.377  -16.693  74.653 1.0000000000
125888  -9.330  -14.528  75.052 1.0000000000
57969  -9.385  -12.591  75.673 1.0000000000
58838  -9.514  -11.045  76.336 1.0000000000
60708  -9.734  -9.365  76.556 1.0000000000
55350  -31.290  -15.369  69.532 1.0000000000
55335  -32.534  -15.227  70.623 1.0000000000
121026  -33.201  -15.073  70.857 1.0000000000
56237  -34.640  -14.546  70.408 1.0000000000
56228  -35.442  -14.713  71.017 1.0000000000
48998  -0.549  -22.446  73.062 0.8750000000
47119  -9.463  -24.168  73.189 1.0000000000
48999  -9.368  -22.497  72.850 1.0000000000
50914  -9.433  -20.230  73.441 1.0000000000
119949  -9.437  -17.657  74.131 1.0000000000
56206  -9.361  -14.947  74.414 1.0000000000
57975  -9.353  -12.508  74.850 1.0000000000
58841  -9.504  -10.803  75.423 1.0000000000
131935  -31.793  -15.118  68.955 1.0000000000
56229  -36.225  -15.041  71.428 1.0000000000
56238  -37.199  -14.281  70.598 1.0000000000
56239  -37.990  -14.338  70.345 1.0000000000
118617  -0.482  -22.055  72.274 0.8750000000
127875  -9.446  -20.986  72.867 1.0000000000
117755  -9.525  -18.753  73.168 1.0000000000
55291  -9.350  -15.481  73.842 1.0000000000
57116  -9.348  -14.071  74.220 1.0000000000
122401  -9.448  -11.782  74.414 1.0000000000
58844  -9.482  -11.006  74.685 1.0000000000
56260  -31.940  -14.877  68.149 1.0000000000
57139  -37.614  -13.641  70.069 1.0000000000
57140  -38.341  -13.748  69.744 1.0000000000
56250  -38.900  -14.051  69.259 1.0000000000
50032  -0.504  -21.596  70.520 0.8750000000
50043  -0.589  -21.506  69.680 0.8750000000
52553  -9.591  -18.811  72.357 1.0000000000
53376  -9.542  -17.398  72.359 1.0000000000
56218  -9.542  -14.576  72.711 1.0000000000
126613  -9.611  -13.340  72.925 1.0000000000
124489  -9.628  -11.716  73.566 1.0000000000
55370  -31.273  -15.091  67.713 1.0000000000
56251  -39.176  -13.952  68.748 1.0000000000
56265  -39.071  -14.177  68.351 0.8750000000
128410  -0.730  -20.704  68.307 0.8750000000
124439  -9.799  -15.872  71.658 1.0000000000
56224  -9.801  -14.428  71.900 1.0000000000
57128  -9.990  -13.653  71.681 1.0000000000
115306  -30.739  -14.807  66.181 0.8750000000
56284  -38.602  -14.537  67.319 0.7500000000
56285  -39.210  -13.831  67.482 0.8750000000
139042  -1.088  -21.617  67.175 0.8750000000
50950  -0.920  -20.843  67.467 0.8750000000
50945  -1.366  -19.214  67.863 0.8750000000
57991  -10.190  -12.726  71.385 1.0000000000
58865  -10.391  -11.934  70.783 1.0000000000
57177  -38.853  -13.951  66.659 0.7500000000
57178  -39.678  -13.217  67.011 0.8750000000
50073  -1.469  -21.092  66.818 0.8750000000
50951  -1.402  -20.062  67.153 0.8750000000
122780  -1.790  -19.216  67.274 0.8750000000
57135  -10.310  -13.641  70.849 1.0000000000
126497  -10.495  -11.183  70.391 1.0000000000
59752  -10.626  -10.413  70.103 1.0000000000
56293  -38.159  -14.312  65.913 0.6250000000
50088  -2.409  -21.234  66.364 0.7500000000
50957  -2.068  -20.471  66.382 0.8750000000
51803  -2.374  -19.993  65.828 0.8750000000
51798  -2.115  -19.170  65.956 0.8750000000
116107  -2.566  -17.987  65.104 0.8750000000
54484  -3.547  -15.905  62.535 0.8750000000
55433  -3.541  -14.970  61.400 0.3750000000
56343  -3.567  -14.381  60.242 0.2500000000
56345  -4.031  -14.055  59.196 0.2500000000
57250  -4.381  -12.521  58.778 0.1250000000
58131  -4.958  -12.217  58.338 0.1250000000
58869  -10.648  -11.929  69.916 1.0000000000
59753  -10.964  -10.306  69.361 1.0000000000
60734  -11.452  -9.384  68.265 0.8750000000
56299  -29.922  -14.702  64.725 0.8750000000
56304  -38.024  -13.962  64.989 0.6250000000
57187  -38.749  -13.657  65.644 0.6250000000
50960  -2.826  -20.669  65.708 0.8750000000
52594  -2.299  -18.847  65.204 0.8750000000
53466  -2.863  -17.111  64.025 0.8750000000
54471  -3.409  -16.502  62.815 0.8750000000
127983  -11.378  -10.200  68.632 1.0000000000
54463  -28.071  -16.058  63.502 0.8750000000
55393  -28.692  -15.621  64.105 0.8750000000
58142  -5.582  -11.896  57.760 0.2500000000
60738  -12.456  -9.247  67.002 0.8750000000
55404  -28.748  -15.377  63.153 0.8750000000
59012  -6.849  -11.467  57.120 0.1250000000
60744  -13.030  -9.086  66.406 0.8750000000
60754  -13.546  -8.823  65.756 0.8750000000
54476  -27.531  -16.207  62.216 0.8750000000
60745  -13.902  -9.707  66.210 0.8750000000
60755  -14.399  -9.269  65.558 0.8750000000
54489  -26.478  -16.497  61.122 0.8750000000
54475  -26.784  -16.578  62.229 0.8750000000
61702  -15.656  -8.703  64.471 0.7500000000
61704  -17.102  -8.857  63.878 0.8750000000
53522  -23.329  -17.404  60.223 0.8750000000
135438  -24.460  -17.380  61.424 0.8750000000
118808  -17.815  -10.003  63.205 0.8750000000
54502  -19.846  -15.865  60.923 0.8750000000
54503  -20.435  -16.361  60.547 0.8750000000
124835  -22.455  -17.280  60.282 0.8750000000
58949  -17.947  -11.220  61.936 0.8750000000
58098  -18.266  -12.538  61.235 0.8750000000
56332  -18.738  -14.000  60.943 0.8750000000
55425  -19.379  -15.419  61.261 0.8750000000
120326  -6.521  -31.297  79.279 0.6250000000
39550  -7.367  -32.680  79.851 0.6250000000
39551  -7.683  -32.524  80.730 0.7500000000
41236  -6.034  -30.472  79.053 0.7500000000
41237  -6.762  -30.183  79.551 0.7500000000
40412  -7.039  -32.129  79.486 0.7500000000
40407  -7.520  -31.773  80.298 0.7500000000
40408  -8.260  -31.529  81.145 0.8750000000
39553  -9.200  -32.709  81.287 0.7500000000
115907  -6.234  -28.803  79.445 0.7500000000
42217  -6.117  -29.547  79.277 0.7500000000
41235  -9.762  -30.702  80.342 0.8750000000
139085  -9.604  -31.970  81.118 0.7500000000
43202  -5.572  -28.152  79.454 0.8750000000
42228  -10.276  -29.532  78.726 0.8750000000
42222  -10.049  -29.915  79.084 0.8750000000
117083  -11.024  -9.934  79.155 1.0000000000
60701  -11.721  -9.425  79.153 0.8750000000
46147  -0.400  -25.417  78.302 0.8750000000
43215  -10.551  -28.796  78.517 0.8750000000
45134  -10.059  -27.093  77.597 0.8750000000
59716  -10.480  -10.572  78.914 1.0000000000
60700  -11.102  -9.225  78.592 0.8750000000
130681  -0.547  -23.429  76.167 0.8750000000
46136  -0.025  -25.005  79.137 0.7500000000
47089  -1.230  -24.488  79.960 0.8750000000
43228  -11.052  -28.129  77.168 0.8750000000
45140  -10.036  -26.845  76.620 0.8750000000
57966  -9.429  -12.473  77.002 1.0000000000
59720  -9.906  -10.411  78.038 1.0000000000
48962  -0.608  -22.904  75.641 0.8750000000
48973  -0.603  -22.665  74.780 0.8750000000
47074  -2.041  -24.298  80.703 1.0000000000
47075  -2.835  -24.201  81.385 0.8750000000
45144  -9.678  -26.002  75.624 1.0000000000
47109  -9.222  -24.716  75.007 1.0000000000
125889  -9.259  -14.249  75.814 1.0000000000
117943  -0.593  -21.720  73.527 0.8750000000
47076  -3.697  -24.173  81.114 0.8750000000
46118  -4.678  -24.986  80.627 0.8750000000
133529  -9.487  -25.221  74.376 1.0000000000
121466  -8.943  -23.861  74.733 1.0000000000
48974  -8.794  -22.138  74.493 1.0000000000
127382  -9.333  -16.198  75.271 1.0000000000
61645  -10.101  -8.655  76.647 0.8750000000
60706  -10.483  -9.047  77.913 0.8750000000
115180  -33.791  -14.584  69.702 1.0000000000
120649  -35.544  -14.223  70.226 1.0000000000
125605  -36.316  -14.457  70.776 1.0000000000
130104  -0.561  -21.684  72.865 0.8750000000
48987  -9.005  -22.345  73.727 1.0000000000
122704  -9.429  -19.864  74.179 1.0000000000
117941  -9.466  -18.405  74.828 1.0000000000
119950  -9.387  -17.563  75.166 1.0000000000
59732  -9.597  -10.132  74.889 1.0000000000
61647  -10.003  -8.704  75.845 0.8750000000
56263  -34.071  -14.295  68.875 1.0000000000
56262  -33.285  -14.620  68.892 1.0000000000
56249  -36.547  -13.754  70.038 1.0000000000
50024  -0.467  -21.627  71.455 0.8750000000
51772  -0.627  -20.173  70.866 0.8750000000
133551  -9.535  -11.167  74.008 1.0000000000
59736  -9.586  -10.478  74.062 1.0000000000
57149  -38.815  -13.163  69.293 1.0000000000
57150  -39.284  -13.457  68.993 1.0000000000
125224  -0.481  -20.969  70.959 0.8750000000
127687  -0.605  -19.794  70.095 0.8750000000
51778  -0.691  -19.498  69.417 0.8750000000
57987  -9.712  -12.512  73.024 1.0000000000
58853  -9.948  -11.456  72.615 1.0000000000
56270  -31.783  -14.770  67.227 0.8750000000
57161  -39.543  -13.455  68.423 0.8750000000
57168  -39.869  -13.336  67.838 0.8750000000
57179  -40.336  -12.548  66.963 0.8750000000
51779  -0.940  -18.867  69.056 0.8750000000
53416  -2.227  -17.979  68.892 0.8750000000
58859  -10.179  -11.713  71.648 1.0000000000
59744  -10.232  -10.709  71.791 1.0000000000
60724  -10.356  -9.831  71.355 0.8750000000
56280  -31.530  -14.559  66.417 0.8750000000
58035  -40.850  -12.016  66.856 0.8750000000
52575  -1.499  -18.575  68.600 0.8750000000
137546  -2.943  -17.882  68.743 0.8750000000
53430  -2.796  -17.375  67.505 0.8750000000
53440  -2.444  -17.499  66.649 0.8750000000
60727  -10.523  -9.755  70.584 0.8750000000
128242  -10.461  -9.185  71.010 0.8750000000
57188  -39.845  -12.825  66.273 0.8750000000
58047  -40.476  -12.285  66.252 0.8750000000
52579  -1.993  -18.468  67.862 0.8750000000
52580  -2.236  -17.965  67.192 0.8750000000
132934  -2.785  -16.363  66.257 0.8750000000
54447  -2.954  -16.285  64.566 0.8750000000
60729  -10.768  -9.622  69.828 0.8750000000
123536  -11.169  -8.150  69.328 0.8750000000
56301  -30.993  -13.976  64.863 0.8750000000
121046  -39.301  -13.350  66.226 0.7500000000
58046  -40.038  -12.524  65.587 0.8750000000
58062  -40.604  -12.047  65.378 0.8750000000
121841  -2.758  -17.138  64.878 0.8750000000
134747  -3.541  -14.773  62.924 0.6250000000
56330  -3.489  -14.234  61.671 0.5000000000
57238  -3.523  -13.578  60.051 0.2500000000
131499  -3.933  -12.684  59.117 0.2500000000
60730  -11.098  -9.499  69.056 0.8750000000
61678  -11.249  -8.683  68.771 0.8750000000
56300  -30.356  -14.216  64.467 0.8750000000
57200  -38.660  -13.381  64.621 0.6250000000
57201  -39.401  -13.001  65.301 0.8750000000
58061  -40.019  -12.386  64.617 0.7500000000
132547  -40.731  -11.898  64.592 0.6250000000
53451  -2.549  -17.195  65.846 0.8750000000
58120  -4.782  -12.117  59.035 0.1250000000
61682  -11.581  -8.480  67.900 0.8750000000
62607  -12.026  -7.883  67.295 0.8750000000
57210  -39.249  -12.854  64.146 0.6250000000
58076  -40.553  -11.973  63.882 0.6250000000
58941  -42.103  -11.264  63.760 0.5000000000
61688  -12.454  -8.471  66.766 0.8750000000
61689  -12.902  -8.257  66.134 0.8750000000
56315  -29.549  -14.262  62.314 0.8750000000
56307  -29.530  -14.554  63.211 0.8750000000
58075  -39.798  -12.399  63.590 0.6250000000
58091  -41.224  -11.631  63.359 0.5000000000
58958  -42.036  -11.404  62.736 0.5000000000
59011  -6.189  -11.585  57.602 0.2500000000
61694  -13.329  -7.887  65.453 0.8750000000
55416  -28.553  -15.363  62.238 0.8750000000
56314  -29.085  -14.881  62.553 0.8750000000
58090  -40.358  -11.983  63.048 0.5000000000
61696  -14.938  -8.937  64.996 0.7500000000
54490  -27.292  -16.156  61.524 0.8750000000
55415  -27.977  -15.816  61.820 0.8750000000
61712  -15.498  -8.127  63.702 0.7500000000
54508  -27.109  -16.047  60.813 0.8750000000
138197  -28.381  -15.083  60.757 0.8750000000
61714  -17.248  -8.644  63.297 0.8750000000
61726  -17.592  -8.682  62.781 0.8750000000
137037  -24.667  -17.040  59.475 0.7500000000
121752  -25.405  -16.789  59.717 0.8750000000
60789  -17.874  -9.383  62.654 0.8750000000
59826  -18.106  -10.421  61.526 0.8750000000
130711  -21.722  -16.956  60.005 0.7500000000
54524  -23.581  -16.796  59.092 0.7500000000
54545  -24.931  -16.627  58.788 0.7500000000
58950  -18.105  -11.079  61.172 0.7500000000
125273  -18.522  -12.735  60.693 0.7500000000
56333  -19.203  -14.478  60.538 0.7500000000
55450  -20.485  -15.346  59.484 0.7500000000
54542  -22.319  -16.102  58.776 0.7500000000
40413  -7.192  -31.026  79.918 0.8750000000
41233  -7.931  -30.680  80.738 0.8750000000
41234  -8.882  -30.562  80.808 0.8750000000
44121  -6.494  -28.200  79.574 0.8750000000
41238  -7.567  -30.038  80.119 0.8750000000
116667  -9.180  -29.300  79.936 0.8750000000
42221  -9.712  -29.651  79.642 0.8750000000
48936  -0.542  -22.758  78.312 0.8750000000
43206  -9.786  -29.301  79.153 0.8750000000
47995  -0.496  -23.606  77.844 0.8750000000
118575  -0.215  -24.175  78.723 0.8750000000
47989  -0.553  -23.266  78.874 0.8750000000
44120  -5.844  -27.578  79.524 0.8750000000
43210  -9.758  -28.648  79.046 0.8750000000
45125  -9.865  -27.656  78.423 0.8750000000
61639  -12.805  -8.513  78.844 0.8750000000
128125  -0.508  -23.467  76.831 0.8750000000
47984  -0.729  -23.881  79.429 1.0000000000
45107  -5.326  -26.881  79.670 0.8750000000
45124  -9.301  -26.903  78.910 0.8750000000
133232  -9.968  -11.271  78.539 1.0000000000
61638  -11.887  -8.767  78.649 0.8750000000
48951  -0.579  -22.610  76.529 0.8750000000
49987  -0.754  -21.553  75.356 0.8750000000
47985  -1.532  -23.643  80.150 1.0000000000
47976  -2.386  -23.399  80.952 1.0000000000
45108  -6.163  -26.955  79.733 0.8750000000
45102  -5.978  -25.984  80.237 1.0000000000
124001  -9.566  -26.664  78.313 0.8750000000
45139  -9.672  -26.169  76.442 0.8750000000
47105  -9.188  -24.730  75.934 1.0000000000
125890  -9.290  -13.995  76.720 1.0000000000
122223  -9.559  -11.842  77.551 1.0000000000
61644  -12.099  -7.965  78.089 0.8750000000
117944  -0.643  -21.719  74.339 0.8750000000
47977  -3.336  -23.201  81.198 0.8750000000
47970  -4.776  -23.529  80.859 1.0000000000
47069  -5.086  -24.087  81.005 1.0000000000
46119  -5.476  -24.941  80.787 1.0000000000
47099  -9.153  -24.796  76.838 1.0000000000
120927  -8.928  -23.969  75.645 1.0000000000
48963  -8.698  -22.386  75.228 1.0000000000
119749  -10.522  -8.392  77.274 0.8750000000
61643  -11.174  -8.444  78.020 0.8750000000
57158  -34.873  -13.780  68.769 1.0000000000
56248  -34.750  -14.212  69.556 1.0000000000
51761  -1.657  -20.034  72.839 0.8750000000
52551  -2.115  -19.357  72.238 0.8750000000
47971  -5.329  -23.365  81.060 1.0000000000
47070  -5.843  -24.035  81.126 1.0000000000
46120  -6.321  -24.858  80.731 1.0000000000
47072  -7.444  -23.948  80.238 1.0000000000
47073  -7.643  -23.886  79.327 1.0000000000
48000  -8.750  -22.640  75.939 1.0000000000
124288  -8.970  -21.464  75.107 1.0000000000
50908  -9.249  -20.644  74.392 1.0000000000
60711  -9.739  -9.420  75.445 0.8750000000
118869  -10.471  -7.967  76.313 0.8750000000
116009  -36.367  -13.270  69.280 1.0000000000
132981  -0.833  -19.668  71.481 0.8750000000
52563  -0.819  -19.090  70.869 0.8750000000
52564  -1.617  -18.258  70.920 0.8750000000
48916  -5.585  -22.758  81.078 1.0000000000
47972  -6.216  -23.323  81.170 1.0000000000
47973  -7.219  -23.291  80.844 1.0000000000
47974  -7.694  -23.157  80.050 1.0000000000
51746  -9.479  -19.126  75.321 1.0000000000
61656  -9.971  -8.912  74.196 0.8750000000
60714  -9.786  -9.387  74.703 0.8750000000
62556  -10.502  -7.469  74.874 0.8750000000
62553  -11.149  -7.198  76.027 0.8750000000
56272  -33.296  -14.175  67.628 1.0000000000
115905  -32.830  -14.575  68.221 1.0000000000
57148  -38.125  -13.016  69.587 1.0000000000
58017  -39.634  -11.959  68.755 1.0000000000
52570  -0.849  -18.624  69.980 0.8750000000
116928  -1.593  -17.954  70.251 0.8750000000
60717  -9.988  -9.240  73.448 0.8750000000
134701  -10.234  -8.251  73.520 0.8750000000
62561  -10.494  -7.393  74.066 0.8750000000
56282  -33.169  -13.907  66.872 0.8750000000
56271  -32.512  -14.511  67.501 1.0000000000
58006  -39.384  -12.636  69.002 1.0000000000
58019  -40.453  -12.166  68.009 0.8750000000
53404  -3.049  -17.800  69.381 0.8750000000
53417  -3.229  -17.425  68.429 0.8750000000
54419  -3.291  -16.696  67.637 0.8750000000
135839  -10.022  -9.666  72.866 0.8750000000
61660  -10.277  -8.881  72.631 0.8750000000
62566  -10.448  -7.985  72.699 0.8750000000
56281  -32.392  -14.299  66.711 0.8750000000
58901  -40.926  -11.737  67.233 0.8750000000
58902  -41.310  -11.296  66.749 0.7500000000
53429  -2.699  -17.908  68.143 0.8750000000
61665  -10.523  -8.210  71.984 0.8750000000
57184  -32.497  -13.511  65.325 0.8750000000
56291  -32.007  -13.999  65.876 0.8750000000
58048  -41.166  -11.679  66.094 0.7500000000
58909  -41.661  -11.281  66.222 0.7500000000
59792  -42.184  -10.301  66.009 0.8750000000
54436  -3.120  -15.681  66.135 0.8750000000
127207  -3.384  -14.671  64.778 0.7500000000
58078  -2.905  -13.866  63.008 0.5000000000
58945  -3.952  -13.052  61.982 0.6250000000
61674  -10.665  -8.961  70.362 0.8750000000
61671  -10.971  -8.051  70.154 0.8750000000
62581  -10.973  -7.529  70.950 0.8750000000
58058  -32.793  -12.827  64.205 0.8750000000
57197  -32.181  -13.241  64.497 0.8750000000
57183  -31.721  -13.758  65.108 0.8750000000
59859  -35.402  -10.148  59.644 0.8750000000
59875  -35.886  -9.765  58.971 0.8750000000
60821  -37.014  -9.455  59.961 0.8750000000
58915  -41.889  -11.268  65.483 0.7500000000
58910  -42.300  -10.844  65.678 0.7500000000
58916  -42.901  -10.686  64.943 0.8750000000
56321  -3.426  -14.105  62.423 0.6250000000
58106  -3.910  -12.535  60.962 0.2500000000
58118  -3.926  -12.625  59.828 0.2500000000
62599  -11.439  -7.765  68.663 0.8750000000
62591  -11.304  -7.452  69.532 0.8750000000
131469  -31.855  -12.621  62.657 0.8750000000
57207  -31.553  -13.205  63.765 0.8750000000
57196  -31.457  -13.565  64.480 0.8750000000
59858  -34.609  -10.378  59.435 0.8750000000
122019  -35.127  -10.016  58.815 0.8750000000
58063  -41.300  -11.596  65.057 0.6250000000
130308  -42.494  -11.014  65.027 0.7500000000
59801  -43.299  -10.060  64.659 0.8750000000
59802  -43.846  -9.607  64.121 0.8750000000
58119  -4.320  -12.404  59.416 0.2500000000
58980  -5.273  -12.041  59.350 0.2500000000
136193  -11.681  -7.650  67.920 0.8750000000
63513  -11.979  -7.135  67.634 0.8750000000
57215  -31.388  -12.988  62.911 0.8750000000
57206  -30.795  -13.446  63.281 0.8750000000
59874  -34.386  -10.251  58.622 0.8750000000
60835  -35.628  -9.749  58.201 0.8750000000
58077  -41.341  -11.592  64.191 0.6250000000
58928  -42.825  -10.930  64.274 0.5000000000
135465  -43.285  -10.587  64.323 0.5000000000
59811  -43.778  -10.293  63.956 0.6250000000
59812  -44.351  -9.921  63.509 0.6250000000
58996  -6.045  -11.548  58.330 0.2500000000
63524  -12.644  -6.853  66.529 0.8750000000
57213  -30.075  -13.563  61.934 0.8750000000
57205  -30.130  -13.783  62.812 0.8750000000
59889  -34.184  -10.120  57.795 0.8750000000
60846  -34.932  -9.971  58.018 0.8750000000
58959  -42.954  -11.044  62.316 0.5000000000
58943  -43.643  -10.741  62.797 0.5000000000
59821  -44.109  -10.440  63.194 0.6250000000
62622  -13.545  -7.157  65.017 0.7500000000
56325  -29.507  -14.091  61.469 0.8750000000
60854  -33.940  -9.884  56.859 0.8750000000
116515  -34.658  -9.502  56.265 0.8750000000
61701  -14.586  -8.173  64.416 0.7500000000
56349  -28.426  -14.480  59.508 0.8750000000
117786  -28.709  -14.569  60.294 0.8750000000
60869  -33.996  -9.616  55.994 0.8750000000
122652  -34.382  -9.335  55.348 0.8750000000
58944  -44.415  -10.619  62.329 0.5000000000
62631  -16.129  -7.760  63.045 0.7500000000
55451  -27.395  -15.373  59.557 0.8750000000
55439  -27.984  -15.137  60.062 0.8750000000
61725  -16.955  -8.160  62.864 0.8750000000
61738  -17.975  -8.747  62.083 0.8750000000
120861  -26.749  -15.787  59.427 0.8750000000
60798  -18.110  -9.588  61.856 0.8750000000
60799  -18.225  -9.820  61.153 0.7500000000
54544  -24.049  -16.452  58.516 0.7500000000
55479  -26.023  -15.281  57.691 0.7500000000
58969  -18.283  -11.378  60.576 0.7500000000
57231  -18.787  -13.252  60.472 0.7500000000
56347  -20.160  -14.623  59.477 0.7500000000
130799  -21.346  -15.675  59.011 0.7500000000
55463  -23.698  -15.821  57.945 0.7500000000
42218  -6.708  -29.357  79.553 0.7500000000
42219  -7.858  -29.272  80.061 0.8750000000
42220  -8.507  -29.085  80.049 0.8750000000
115315  -8.802  -28.624  79.803 0.8750000000
44123  -8.531  -27.951  79.647 0.8750000000
61627  -12.791  -9.020  79.612 0.8750000000
49955  -0.611  -21.917  78.166 0.8750000000
48937  -0.861  -22.313  78.958 0.8750000000
134160  -9.274  -27.871  79.237 0.8750000000
45110  -8.737  -27.278  79.366 0.8750000000
58831  -10.527  -11.173  79.361 1.0000000000
47990  -1.124  -23.048  79.535 1.0000000000
115259  -6.850  -27.561  79.764 0.8750000000
44128  -9.551  -27.850  78.993 0.8750000000
45115  -9.057  -27.044  79.157 0.8750000000
62539  -12.949  -7.878  78.335 0.8750000000
117412  -0.710  -21.632  76.329 0.8750000000
48922  -2.724  -22.510  80.801 1.0000000000
134507  -7.401  -27.133  79.780 0.8750000000
46127  -7.391  -26.111  79.729 1.0000000000
131903  -9.123  -26.109  78.668 0.8750000000
126531  -9.010  -24.959  77.685 0.8750000000
57093  -9.345  -13.176  77.000 1.0000000000
62546  -13.473  -7.472  78.124 0.8750000000
57146  -35.615  -13.690  69.439 1.0000000000
50895  -1.042  -20.713  76.108 0.8750000000
50902  -1.159  -20.600  74.964 0.8750000000
48923  -3.680  -22.387  80.457 1.0000000000
134936  -6.700  -25.658  80.229 1.0000000000
47078  -7.637  -24.946  79.542 1.0000000000
46154  -9.352  -25.587  77.125 0.8750000000
63427  -11.881  -7.165  76.705 0.8750000000
57159  -35.763  -13.141  68.643 1.0000000000
57147  -37.190  -13.125  69.489 1.0000000000
57160  -36.763  -12.735  68.901 1.0000000000
51756  -2.383  -20.067  74.052 0.8750000000
52547  -2.519  -19.789  73.123 0.8750000000
48915  -4.740  -22.922  80.695 1.0000000000
49927  -4.989  -22.198  80.646 1.0000000000
46121  -7.082  -24.859  80.267 1.0000000000
48001  -8.872  -23.233  76.252 1.0000000000
49988  -9.322  -21.178  76.085 1.0000000000
117942  -9.397  -18.365  75.858 1.0000000000
125893  -9.254  -16.831  75.567 1.0000000000
115442  -11.884  -6.629  75.954 0.8750000000
62549  -11.254  -7.699  77.192 0.8750000000
57166  -34.904  -13.445  67.966 1.0000000000
58004  -37.665  -12.473  69.183 1.0000000000
49928  -5.963  -21.988  81.164 1.0000000000
50903  -9.334  -20.550  75.431 1.0000000000
122777  -9.432  -19.863  74.930 1.0000000000
63435  -11.299  -6.581  75.250 0.8750000000
57176  -35.238  -12.730  66.963 1.0000000000
122591  -34.845  -13.141  67.328 1.0000000000
56273  -34.128  -13.937  68.136 1.0000000000
126998  -38.984  -11.782  69.039 1.0000000000
58881  -39.355  -11.416  68.510 1.0000000000
58892  -39.869  -11.168  68.034 1.0000000000
54386  -3.172  -17.693  71.322 0.8750000000
48919  -7.863  -22.448  79.639 1.0000000000
63453  -10.928  -6.649  73.760 0.8750000000
57175  -34.444  -13.056  66.652 1.0000000000
57165  -34.057  -13.574  67.276 1.0000000000
58882  -40.045  -11.789  68.296 0.8750000000
59774  -40.387  -10.962  67.530 1.0000000000
59784  -40.821  -10.603  66.945 1.0000000000
54397  -2.901  -17.879  70.449 0.8750000000
54409  -3.847  -16.801  69.111 0.8750000000
124630  -3.760  -16.766  68.303 0.8750000000
118746  -10.630  -7.332  73.168 0.8750000000
57174  -33.643  -13.417  66.379 1.0000000000
119747  -36.370  -10.403  62.170 0.8750000000
59833  -36.366  -10.167  61.291 0.8750000000
59820  -37.122  -10.085  62.582 0.8750000000
59785  -41.340  -10.740  66.667 1.0000000000
59786  -41.821  -10.198  66.257 0.8750000000
55354  -4.241  -16.219  68.211 0.8750000000
55365  -4.292  -15.592  67.197 0.8750000000
63470  -11.151  -6.583  71.826 0.8750000000
58032  -34.869  -12.623  66.120 0.8750000000
57186  -34.095  -12.935  65.827 0.8750000000
57185  -33.312  -13.276  65.568 0.8750000000
57173  -32.821  -13.725  66.120 0.8750000000
59832  -35.698  -10.548  61.572 0.8750000000
59846  -35.721  -10.265  60.619 0.8750000000
138678  -36.776  -9.850  61.120 0.8750000000
116160  -37.710  -9.258  61.525 0.8750000000
58903  -41.795  -10.779  66.313 0.7500000000
60766  -42.182  -9.851  65.923 0.8750000000
60779  -42.820  -9.349  64.944 0.8750000000
54428  -3.138  -16.041  66.926 0.8750000000
56276  -4.229  -15.106  66.315 0.8750000000
57190  -3.938  -13.402  64.080 0.7500000000
62582  -11.220  -7.109  70.287 0.8750000000
134129  -35.258  -12.243  65.661 0.8750000000
58042  -33.779  -12.821  65.024 0.8750000000
57198  -32.994  -13.053  64.820 0.8750000000
58975  -34.265  -10.865  60.817 0.8750000000
59845  -34.850  -10.541  60.271 0.8750000000
59847  -36.543  -9.844  60.615 0.8750000000
116675  -37.742  -9.093  60.174 0.8750000000
118330  -38.365  -8.767  61.293 1.0000000000
59800  -42.601  -10.105  65.414 0.8750000000
134364  -4.089  -13.064  63.864 0.7500000000
58080  -4.207  -12.869  62.890 0.3750000000
58095  -4.364  -12.759  61.963 0.3750000000
63501  -12.005  -6.408  68.649 0.8750000000
58087  -32.546  -12.455  62.864 0.8750000000
59844  -34.041  -10.699  60.049 0.8750000000
115183  -36.771  -9.447  58.990 0.8750000000
60822  -37.607  -9.106  59.325 0.8750000000
60823  -38.353  -8.729  59.630 0.8750000000
61755  -39.172  -8.198  60.044 1.0000000000
60787  -44.300  -9.161  63.665 0.8750000000
58081  -4.951  -12.799  62.797 0.7500000000
127846  -4.455  -12.459  61.082 0.2500000000
58966  -5.521  -12.205  60.053 0.2500000000
124571  -13.097  -6.205  66.168 0.7500000000
58099  -31.531  -12.284  61.460 0.8750000000
59857  -33.813  -10.531  59.256 0.8750000000
60847  -36.162  -9.461  57.542 0.8750000000
116451  -36.806  -9.229  58.061 0.8750000000
60837  -38.217  -8.736  58.760 1.0000000000
125733  -38.986  -8.395  59.039 1.0000000000
58968  -7.017  -11.630  59.854 0.2500000000
64413  -13.536  -6.256  65.341 0.7500000000
58972  -30.814  -11.980  60.353 0.8750000000
58086  -31.410  -12.645  62.174 0.8750000000
59873  -33.616  -10.416  58.445 0.8750000000
60856  -36.530  -9.177  56.682 0.8750000000
138704  -36.851  -9.199  57.337 0.8750000000
60857  -37.275  -8.940  56.806 0.8750000000
60849  -38.082  -8.711  57.898 1.0000000000
61780  -38.861  -8.523  58.161 1.0000000000
59822  -44.827  -10.236  62.793 0.6250000000
63544  -14.153  -6.617  64.052 0.7500000000
58126  -30.355  -12.047  59.640 0.8750000000
58113  -30.658  -12.629  60.957 0.8750000000
59918  -32.825  -9.905  56.039 0.7500000000
59904  -33.473  -9.802  56.220 0.8750000000
60855  -35.587  -9.423  56.650 0.8750000000
61801  -37.001  -8.717  55.987 0.8750000000
61802  -37.763  -8.500  56.217 1.0000000000
61792  -38.688  -8.467  57.293 1.0000000000
62630  -15.308  -7.257  63.221 0.7500000000
57257  -28.824  -13.147  58.340 0.8750000000
130309  -29.738  -13.229  60.097 0.8750000000
60868  -33.475  -9.556  55.393 0.8750000000
60870  -35.257  -9.130  55.574 0.8750000000
61811  -35.833  -8.671  54.967 0.8750000000
61812  -36.667  -8.479  55.167 0.8750000000
61813  -37.575  -8.214  55.249 1.0000000000
62709  -39.006  -7.808  55.701 1.0000000000
137670  -17.095  -7.504  61.963 0.8750000000
56368  -28.132  -14.345  58.747 0.7500000000
139218  -32.349  -8.362  53.827 0.7500000000
61822  -33.452  -8.767  54.218 0.8750000000
133019  -34.185  -8.583  54.344 0.8750000000
61823  -34.743  -8.064  54.182 0.7500000000
62733  -36.090  -7.513  54.395 0.7500000000
133839  -37.011  -8.032  54.747 0.7500000000
62735  -38.497  -7.124  54.628 1.0000000000
62638  -17.447  -8.017  62.184 0.8750000000
116926  -17.904  -8.141  61.464 0.7500000000
56366  -26.818  -15.034  58.033 0.7500000000
131856  -31.355  -7.038  54.254 0.6250000000
61829  -32.532  -7.638  53.876 0.6250000000
62729  -32.884  -6.898  54.138 0.6250000000
62730  -33.662  -7.024  54.095 0.7500000000
63637  -35.057  -6.647  54.326 0.7500000000
64585  -35.609  -6.048  54.586 0.7500000000
64586  -36.932  -5.964  54.559 0.7500000000
61750  -18.215  -8.974  61.191 0.7500000000
59839  -18.351  -10.138  59.919 0.7500000000
55477  -24.194  -15.192  57.301 0.7500000000
56386  -25.601  -14.750  56.983 0.7500000000
131028  -32.080  -6.935  54.133 0.6250000000
63634  -32.516  -6.219  54.561 0.7500000000
63635  -33.371  -6.290  54.493 0.7500000000
64583  -33.935  -5.772  54.871 0.7500000000
64584  -34.785  -5.907  54.710 0.7500000000
64570  -36.278  -5.468  54.880 0.7500000000
126563  -18.455  -10.952  59.777 0.7500000000
57242  -19.253  -13.105  59.893 0.7500000000
137015  -20.434  -14.134  59.162 0.7500000000
56365  -22.253  -14.590  58.254 0.7500000000
56384  -22.992  -14.473  57.821 0.7500000000
64581  -32.190  -5.660  55.149 0.7500000000
64582  -33.070  -5.660  55.019 0.7500000000
64568  -34.529  -5.397  55.361 0.7500000000
64555  -35.003  -5.072  55.838 0.7500000000
57243  -20.427  -13.425  59.142 0.7500000000
125803  -21.063  -14.013  58.802 0.7500000000
57254  -21.586  -13.628  58.799 0.6250000000
124495  -7.230  -29.524  79.822 0.8750000000
136934  -7.284  -28.229  79.759 0.8750000000
43204  -7.978  -28.588  79.929 0.8750000000
44122  -7.795  -27.884  79.779 0.8750000000
136569  -8.306  -28.287  79.787 0.8750000000
122043  -14.014  -7.769  79.377 0.7500000000
50877  -0.787  -20.776  77.910 0.8750000000
49956  -0.955  -21.194  78.725 0.8750000000
50866  -1.665  -20.658  78.970 1.0000000000
63419  -14.143  -7.422  78.647 0.7500000000
49964  -0.620  -21.800  77.228 0.8750000000
49946  -1.513  -21.659  79.276 1.0000000000
49947  -2.373  -21.242  79.416 1.0000000000
45109  -8.054  -27.148  79.613 0.8750000000
57959  -9.744  -12.223  78.645 1.0000000000
62540  -13.563  -7.989  78.813 0.7500000000
51737  -1.844  -19.878  76.248 0.8750000000
48933  -2.170  -22.045  79.953 1.0000000000
46128  -8.138  -26.143  79.347 0.8750000000
119797  -7.958  -24.966  78.991 0.8750000000
122496  -8.438  -25.177  78.649 1.0000000000
47095  -8.838  -24.187  77.827 1.0000000000
135902  -9.411  -13.168  77.738 1.0000000000
63423  -14.099  -6.968  77.827 0.7500000000
63420  -14.688  -6.729  78.488 0.7500000000
51744  -1.620  -20.379  75.508 0.8750000000
51750  -2.828  -19.637  74.741 0.8750000000
50854  -3.958  -20.748  79.632 1.0000000000
49937  -3.875  -21.677  79.931 1.0000000000
47090  -8.564  -24.715  78.352 1.0000000000
127383  -9.132  -16.188  75.962 1.0000000000
56190  -9.203  -14.778  76.506 1.0000000000
63422  -13.150  -6.898  77.333 0.7500000000
58015  -37.259  -12.185  68.631 1.0000000000
51757  -2.997  -19.275  73.832 0.8750000000
116294  -3.250  -18.368  73.711 0.8750000000
49938  -4.481  -21.531  80.137 1.0000000000
49939  -5.186  -21.322  80.549 1.0000000000
131466  -7.866  -23.772  78.569 1.0000000000
47079  -8.303  -24.159  78.217 1.0000000000
120661  -8.715  -23.807  77.839 1.0000000000
47991  -9.070  -23.182  77.598 1.0000000000
63428  -12.513  -6.761  76.599 0.7500000000
63437  -13.578  -6.145  75.940 0.7500000000
57167  -35.537  -12.864  67.791 1.0000000000
58014  -36.385  -12.510  68.289 1.0000000000
52552  -2.994  -18.800  72.735 0.8750000000
53364  -3.352  -17.482  72.196 0.8750000000
48917  -6.651  -22.698  81.150 1.0000000000
48918  -7.589  -22.646  80.652 1.0000000000
138005  -8.582  -23.578  77.756 1.0000000000
128859  -9.216  -23.050  77.167 1.0000000000
48952  -9.158  -22.480  76.607 1.0000000000
63436  -12.677  -6.290  75.906 0.7500000000
58025  -36.164  -12.340  67.451 1.0000000000
58027  -37.642  -11.744  68.282 1.0000000000
58880  -38.495  -11.437  68.434 1.0000000000
58891  -39.007  -10.952  67.946 1.0000000000
59773  -39.691  -10.752  67.581 1.0000000000
54372  -3.248  -17.570  71.831 0.8750000000
49930  -7.833  -21.879  80.186 1.0000000000
47978  -7.741  -23.015  78.987 1.0000000000
47987  -8.906  -23.066  77.564 1.0000000000
132310  -9.627  -22.330  77.544 1.0000000000
49965  -9.889  -21.660  77.281 1.0000000000
63445  -11.527  -6.146  74.375 0.8750000000
58034  -36.466  -11.962  66.692 1.0000000000
58045  -35.950  -11.928  65.763 0.8750000000
58926  -35.982  -11.340  64.194 0.8750000000
59797  -36.787  -11.142  64.497 0.8750000000
121620  -37.226  -10.783  64.099 0.8750000000
59809  -37.311  -10.353  63.431 0.8750000000
59783  -40.138  -10.453  67.070 1.0000000000
54387  -3.398  -17.320  71.409 0.8750000000
55327  -3.705  -16.929  70.938 0.8750000000
63454  -11.506  -6.150  73.505 0.8750000000
58044  -35.306  -11.888  64.805 0.8750000000
58925  -35.279  -11.630  63.744 0.8750000000
59808  -36.509  -10.821  63.642 0.8750000000
116061  -36.618  -10.414  62.979 0.8750000000
130754  -37.781  -9.915  62.961 0.8750000000
60802  -37.728  -9.615  62.285 0.8750000000
60751  -40.586  -10.015  66.413 1.0000000000
55328  -4.048  -16.565  70.254 0.8750000000
55355  -4.488  -15.924  68.680 0.8750000000
54420  -3.879  -16.144  67.506 0.8750000000
64353  -11.642  -5.942  72.125 0.8750000000
58033  -35.646  -12.331  66.432 0.8750000000
58939  -35.230  -11.151  62.858 0.8750000000
59819  -35.661  -10.733  62.295 0.8750000000
59834  -37.044  -9.881  61.681 0.8750000000
60803  -38.377  -9.049  62.100 1.0000000000
60765  -41.833  -9.597  65.963 1.0000000000
60778  -41.830  -9.141  65.408 0.8750000000
61709  -42.220  -8.754  64.781 0.8750000000
55341  -4.181  -16.404  69.313 0.8750000000
55382  -3.795  -15.158  65.889 0.8750000000
64361  -11.592  -6.063  71.315 0.8750000000
136719  -34.678  -12.203  64.648 0.8750000000
115028  -34.524  -11.774  63.261 0.8750000000
58938  -34.403  -11.375  62.385 0.8750000000
58957  -35.010  -10.831  61.995 0.8750000000
60804  -39.106  -8.585  61.832 1.0000000000
138466  -5.027  -14.969  68.088 0.8750000000
56277  -4.487  -15.050  66.726 1.0000000000
57180  -4.202  -13.722  65.148 0.8750000000
58052  -4.337  -13.111  63.592 0.7500000000
64375  -12.392  -5.702  69.051 0.8750000000
58074  -33.902  -12.200  63.769 0.8750000000
58088  -33.591  -11.991  62.814 0.8750000000
58956  -34.362  -11.062  61.572 0.8750000000
60813  -38.409  -8.683  60.485 1.0000000000
61756  -39.677  -7.977  60.767 1.0000000000
61757  -40.384  -7.769  61.216 1.0000000000
61758  -41.142  -7.595  60.934 1.0000000000
61710  -42.967  -8.733  64.408 0.8750000000
60780  -43.678  -8.871  64.122 0.8750000000
57192  -4.524  -13.302  64.511 0.7500000000
58067  -4.238  -12.961  63.138 0.7500000000
58082  -5.194  -12.781  62.604 0.5000000000
58946  -5.635  -12.539  61.696 0.2500000000
64391  -13.100  -5.514  67.593 0.8750000000
64400  -13.317  -5.558  66.684 0.8750000000
58937  -32.897  -11.952  62.014 0.8750000000
58955  -33.178  -11.487  61.248 0.8750000000
58974  -33.543  -11.062  60.629 0.8750000000
61767  -39.763  -7.897  59.252 1.0000000000
128311  -40.202  -7.674  60.194 1.0000000000
61769  -41.136  -7.547  59.940 1.0000000000
62661  -41.959  -7.624  60.548 1.0000000000
61722  -43.884  -8.562  63.532 0.8750000000
58947  -6.485  -12.228  61.276 0.2500000000
64414  -13.967  -5.407  65.478 0.7500000000
123928  -31.422  -11.532  60.099 0.8750000000
58989  -32.265  -11.169  59.870 0.8750000000
137828  -32.692  -10.883  59.475 0.8750000000
61781  -39.572  -8.195  58.374 1.0000000000
61782  -40.281  -7.832  58.498 1.0000000000
61768  -40.586  -7.635  59.279 1.0000000000
131224  -41.295  -7.525  59.194 1.0000000000
60796  -45.366  -9.817  62.258 0.8750000000
59005  -30.693  -11.264  58.599 0.8750000000
59019  -31.164  -10.869  58.060 0.8750000000
59887  -32.559  -10.450  57.506 0.8750000000
61794  -40.057  -8.029  57.796 1.0000000000
62702  -40.727  -7.712  57.710 1.0000000000
62685  -41.052  -7.558  58.522 1.0000000000
62686  -41.864  -7.362  58.682 1.0000000000
59823  -45.193  -10.469  61.757 0.7500000000
63553  -15.398  -6.402  62.984 0.7500000000
122990  -29.939  -11.372  57.733 0.8750000000
59901  -30.634  -10.482  56.532 0.7500000000
59917  -31.985  -10.013  55.913 0.7500000000
117062  -32.525  -9.653  55.210 0.7500000000
62710  -39.813  -7.606  56.052 1.0000000000
62711  -40.594  -7.297  56.242 1.0000000000
130957  -41.090  -7.456  56.939 1.0000000000
120945  -41.606  -7.231  57.740 1.0000000000
138849  -46.491  -10.524  60.262 0.7500000000
63559  -16.435  -6.239  61.816 0.7500000000
135051  -27.426  -11.943  56.522 0.7500000000
136731  -29.673  -8.484  54.378 0.7500000000
61819  -30.268  -8.156  54.254 0.6250000000
126238  -31.866  -8.823  53.948 0.7500000000
63641  -38.975  -6.422  54.678 1.0000000000
63624  -39.669  -6.701  54.975 1.0000000000
63612  -40.813  -6.573  55.747 1.0000000000
62655  -17.731  -7.534  60.724 0.8750000000
58155  -26.039  -12.772  56.473 0.7500000000
57271  -27.511  -13.612  57.343 0.7500000000
63622  -30.108  -6.205  55.053 0.6250000000
63633  -30.625  -6.676  54.580 0.6250000000
64587  -37.699  -5.800  54.567 0.7500000000
64588  -38.458  -5.726  54.632 0.7500000000
118842  -39.517  -5.183  55.014 0.7500000000
63625  -40.258  -6.211  55.217 1.0000000000
62656  -18.257  -7.962  60.071 0.7500000000
57281  -24.902  -13.394  56.702 0.7500000000
56403  -26.051  -14.083  56.796 0.7500000000
64549  -29.662  -5.823  56.805 0.5000000000
64564  -30.631  -5.776  55.573 0.6250000000
135855  -31.919  -5.444  55.817 0.7500000000
64569  -35.409  -5.366  55.186 0.7500000000
136832  -35.997  -5.110  55.374 0.7500000000
64572  -37.998  -5.142  54.882 0.7500000000
65487  -39.162  -4.580  55.398 0.7500000000
60828  -18.741  -9.246  58.972 0.6250000000
58984  -18.892  -11.739  59.552 0.7500000000
58999  -19.691  -11.903  59.079 0.7500000000
57268  -23.453  -13.863  57.623 0.7500000000
64551  -32.022  -5.356  56.636 0.7500000000
64566  -32.762  -5.366  55.970 0.6250000000
64554  -34.370  -5.105  56.191 0.7500000000
64542  -34.374  -4.992  57.177 0.7500000000
65472  -35.037  -4.852  56.612 0.7500000000
127665  -36.448  -4.558  56.679 0.7500000000
135648  -37.145  -4.504  56.145 0.7500000000
65485  -37.512  -4.731  55.454 0.7500000000
60829  -19.194  -9.044  58.281 0.6250000000
60830  -19.825  -9.580  58.040 0.6250000000
117891  -20.027  -11.132  58.633 0.6250000000
57253  -20.938  -13.271  58.943 0.6250000000
57255  -22.455  -13.960  58.345 0.7500000000
64541  -32.760  -5.340  58.067 0.6250000000
131886  -33.639  -5.173  57.845 0.7500000000
118180  -35.155  -4.700  57.641 0.7500000000
126104  -35.669  -4.669  56.907 0.7500000000
120877  -34.438  -4.876  58.071 0.6250000000
59717  -11.652  -10.004  79.729 1.0000000000
61628  -13.426  -8.433  79.654 0.8750000000
119009  -15.037  -6.346  79.103 0.7500000000
50878  -1.350  -20.154  78.492 0.8750000000
119043  -2.031  -19.630  78.653 1.0000000000
58824  -10.339  -11.845  79.418 1.0000000000
51731  -1.848  -19.300  77.128 1.0000000000
50867  -2.581  -20.262  78.875 1.0000000000
131533  -9.345  -13.694  77.690 1.0000000000
64298  -15.396  -6.083  78.291 0.7500000000
50868  -3.397  -19.958  78.995 1.0000000000
132604  -9.087  -15.385  77.160 1.0000000000
63424  -14.766  -6.384  77.616 0.7500000000
64302  -15.351  -5.763  77.346 0.7500000000
51745  -2.445  -19.782  75.537 0.8750000000
50855  -4.639  -20.547  79.938 1.0000000000
63429  -14.018  -6.482  76.843 0.7500000000
63430  -14.743  -6.050  76.847 0.7500000000
53348  -3.323  -17.992  74.371 1.0000000000
123058  -3.378  -17.561  73.789 0.8750000000
50856  -5.368  -20.274  80.470 1.0000000000
64306  -14.376  -5.890  76.128 0.7500000000
139261  -36.906  -12.111  68.117 1.0000000000
58890  -37.945  -11.306  67.629 1.0000000000
58900  -38.580  -10.816  67.189 1.0000000000
53355  -3.254  -17.852  72.934 0.8750000000
55296  -3.560  -16.646  73.107 0.8750000000
134131  -6.838  -20.557  81.285 1.0000000000
127945  -7.562  -21.051  80.761 1.0000000000
48944  -9.678  -22.196  76.947 1.0000000000
49976  -9.518  -21.760  76.702 1.0000000000
50896  -9.569  -20.414  76.287 1.0000000000
123272  -9.487  -19.794  75.752 1.0000000000
64331  -12.486  -5.630  74.504 0.7500000000
64316  -13.002  -5.720  75.263 0.7500000000
59782  -39.188  -10.636  67.410 1.0000000000
54373  -3.495  -16.960  71.673 0.8750000000
49931  -8.190  -21.693  79.144 1.0000000000
49940  -8.865  -21.595  78.396 1.0000000000
49950  -9.503  -21.597  77.909 1.0000000000
49957  -9.810  -21.625  77.684 1.0000000000
124651  -9.832  -21.027  76.808 1.0000000000
64330  -12.133  -5.683  73.721 0.7500000000
58026  -37.047  -11.833  67.590 1.0000000000
120370  -36.302  -11.540  65.059 0.8750000000
122606  -37.032  -11.296  65.227 0.8750000000
59798  -37.746  -10.921  64.963 0.8750000000
123577  -37.847  -10.535  64.154 0.8750000000
131914  -39.558  -10.469  67.096 1.0000000000
132935  -3.632  -16.726  71.700 0.8750000000
121265  -4.113  -16.435  70.863 0.8750000000
64354  -12.336  -5.341  72.329 0.7500000000
59810  -38.322  -9.966  63.741 0.8750000000
60793  -38.445  -9.482  62.901 0.8750000000
60785  -39.184  -9.125  63.801 1.0000000000
60764  -41.174  -9.405  65.716 1.0000000000
64362  -12.169  -5.515  70.895 0.7500000000
60794  -39.169  -8.860  62.754 1.0000000000
61708  -41.441  -8.716  64.888 0.8750000000
56252  -4.906  -15.379  68.722 0.8750000000
65354  -13.744  -4.652  69.116 0.8750000000
64376  -12.938  -5.012  69.547 0.8750000000
61742  -39.727  -8.100  61.518 1.0000000000
61720  -42.394  -8.194  63.882 0.8750000000
61733  -42.667  -7.655  63.258 0.8750000000
57170  -4.781  -14.539  66.474 1.0000000000
57181  -4.607  -13.609  65.237 1.0000000000
61743  -40.419  -7.786  61.986 1.0000000000
61734  -43.393  -8.124  63.123 0.8750000000
126870  -4.878  -13.961  65.924 1.0000000000
58037  -5.115  -13.224  64.780 1.0000000000
58068  -4.957  -12.943  63.175 0.5000000000
58932  -5.823  -12.609  62.608 0.3750000000
65363  -13.793  -4.839  68.171 0.8750000000
61744  -41.250  -7.331  62.051 1.0000000000
62649  -42.049  -7.326  61.627 1.0000000000
61745  -44.934  -8.536  62.324 0.8750000000
58933  -6.501  -12.284  62.232 0.3750000000
58934  -7.290  -11.832  61.816 0.2500000000
120895  -13.495  -5.666  65.971 0.7500000000
59899  -28.872  -10.961  56.312 0.6250000000
61736  -45.291  -9.048  62.499 0.8750000000
61760  -46.378  -8.858  61.075 1.0000000000
65392  -14.542  -5.033  64.883 0.7500000000
59913  -28.419  -10.344  55.548 0.6250000000
128906  -42.725  -7.667  60.107 1.0000000000
62703  -42.477  -6.971  58.083 1.0000000000
134630  -45.748  -9.419  61.836 0.8750000000
61747  -46.382  -9.391  61.282 0.8750000000
60815  -46.891  -9.844  60.803 0.8750000000
64429  -14.882  -5.133  64.042 0.7500000000
64445  -14.458  -5.881  63.933 0.7500000000
59030  -28.836  -11.615  56.933 0.7500000000
59914  -29.347  -10.349  55.641 0.6250000000
61817  -28.004  -8.323  54.771 0.6250000000
63601  -41.718  -7.007  56.952 1.0000000000
62704  -43.320  -6.917  58.165 1.0000000000
137948  -45.646  -10.548  61.153 0.7500000000
59836  -46.573  -10.310  60.762 0.7500000000
59862  -47.440  -10.041  59.596 0.8750000000
60838  -47.971  -9.634  59.190 0.8750000000
65411  -15.539  -5.010  63.388 0.7500000000
64463  -15.690  -5.601  62.825 0.7500000000
59898  -27.881  -10.862  55.943 0.6250000000
129080  -28.110  -11.455  56.483 0.7500000000
58157  -28.171  -12.122  56.914 0.7500000000
60878  -29.329  -9.131  54.548 0.7500000000
62717  -28.069  -7.173  55.231 0.6250000000
63613  -41.313  -6.867  56.403 1.0000000000
63627  -42.043  -5.675  56.142 1.0000000000
59878  -47.483  -10.126  58.808 0.7500000000
60850  -48.066  -9.630  58.313 1.0000000000
119286  -47.899  -9.529  57.339 0.8750000000
63564  -16.726  -6.306  60.993 0.6250000000
59897  -26.861  -10.789  55.841 0.6250000000
59029  -26.724  -11.594  56.253 0.6250000000
63620  -28.508  -6.632  55.626 0.5000000000
64575  -41.002  -4.954  55.541 0.8750000000
64576  -41.825  -4.942  55.887 1.0000000000
59891  -46.682  -10.345  57.416 0.5000000000
59907  -47.246  -9.973  57.141 0.7500000000
124455  -47.817  -9.285  56.560 0.8750000000
63570  -17.258  -6.700  60.352 0.6250000000
62667  -18.429  -7.747  59.184 0.7500000000
59027  -25.217  -11.862  56.676 0.7500000000
64550  -30.503  -5.711  56.533 0.5000000000
65488  -40.100  -4.600  55.523 0.7500000000
60874  -48.323  -8.754  56.285 0.8750000000
58145  -24.354  -12.665  57.617 0.7500000000
64539  -30.988  -5.682  58.193 0.5000000000
115625  -32.132  -5.414  58.241 0.5000000000
65467  -37.340  -4.243  57.015 0.7500000000
66361  -38.223  -3.930  56.782 0.7500000000
65475  -39.475  -4.000  56.069 0.7500000000
61814  -47.868  -8.507  55.600 0.8750000000
59866  -19.943  -10.368  58.379 0.6250000000
119259  -20.761  -10.754  58.339 0.6250000000
116276  -21.649  -12.379  59.364 0.6250000000
132738  -23.013  -13.563  58.395 0.7500000000
64528  -33.246  -5.158  58.800 0.5000000000
65465  -35.999  -4.491  57.594 0.7500000000
65466  -36.655  -4.325  57.532 0.7500000000
65455  -37.116  -4.023  58.023 0.7500000000
62737  -48.111  -7.751  55.433 0.8750000000
59867  -20.643  -9.947  57.873 0.6250000000
59868  -21.343  -10.634  58.468 0.6250000000
59001  -21.152  -11.541  58.807 0.6250000000
64529  -34.122  -4.888  58.927 0.5000000000
65452  -34.933  -4.666  58.640 0.6250000000
65441  -36.164  -4.119  59.200 0.7500000000
66349  -36.849  -3.938  58.753 0.7500000000
62736  -47.477  -7.295  54.908 0.8750000000
64590  -47.252  -5.537  54.739 0.6250000000
119864  -48.979  -4.291  55.955 1.0000000000
67277  -49.291  -2.899  56.058 1.0000000000
67276  -48.759  -2.374  55.667 1.0000000000
68201  -49.217  -1.834  55.844 0.8750000000
65493  -47.753  -4.913  55.081 0.8750000000
66381  -47.903  -3.374  55.333 0.8750000000
69123  -49.165  -0.830  55.423 0.7500000000
68200  -48.499  -1.507  55.342 0.7500000000
138957  -46.523  -3.965  54.522 0.6250000000
66388  -47.323  -3.925  54.943 0.7500000000
67275  -47.944  -2.331  55.327 0.8750000000
135218  -49.337  -0.141  54.943 0.8750000000
69133  -49.373  -0.011  54.200 0.6250000000
118898  -47.248  -1.918  54.836 0.7500000000
68211  -47.795  -1.397  54.789 0.6250000000
69132  -48.587  -0.658  54.635 0.6250000000
69131  -47.901  -0.993  53.927 0.6250000000
69141  -48.688  -0.429  53.573 0.6250000000
69155  -48.097  -0.902  52.939 0.6250000000
68244  -48.355  -1.067  52.033 0.5000000000
69142  -49.526  -0.035  53.239 0.7500000000
69171  -49.212  -0.948  51.776 0.6250000000
60684  -12.235  -9.961  80.274 0.8750000000
60692  -12.242  -9.486  79.668 0.8750000000
124147  -13.033  -9.042  80.348 0.8750000000
62530  -13.880  -7.898  80.139 0.7500000000
59709  -11.079  -10.730  79.702 1.0000000000
62531  -14.235  -7.390  79.824 0.7500000000
62541  -14.469  -7.084  79.235 0.6250000000
52513  -2.222  -17.717  79.163 1.0000000000
51718  -2.356  -18.520  78.732 1.0000000000
52514  -2.569  -17.927  79.163 1.0000000000
52515  -3.158  -18.161  79.219 1.0000000000
52520  -2.187  -17.994  78.404 1.0000000000
51725  -1.876  -19.056  78.164 1.0000000000
131572  -3.461  -19.050  79.087 1.0000000000
126606  -9.539  -13.124  78.589 1.0000000000
64303  -15.978  -5.378  77.953 0.6250000000
53327  -2.400  -17.773  77.632 1.0000000000
123394  -4.045  -19.715  79.441 1.0000000000
51707  -3.993  -18.600  79.684 1.0000000000
64308  -15.688  -4.992  76.872 0.7500000000
121407  -3.044  -17.338  76.713 1.0000000000
122118  -3.026  -18.914  75.383 0.8750000000
125894  -9.043  -16.927  76.439 1.0000000000
127384  -8.976  -16.151  76.837 1.0000000000
64318  -14.748  -5.276  75.634 0.7500000000
64307  -15.049  -5.493  76.464 0.7500000000
125891  -2.896  -16.203  76.278 1.0000000000
54318  -3.235  -16.569  75.449 1.0000000000
138548  -4.753  -18.700  80.319 1.0000000000
50846  -6.126  -19.971  81.107 1.0000000000
131917  -9.455  -19.172  76.030 1.0000000000
64332  -13.574  -5.294  74.454 0.7500000000
64317  -14.000  -5.593  75.329 0.7500000000
55282  -3.178  -15.987  75.289 1.0000000000
55288  -3.470  -16.491  73.836 1.0000000000
54342  -3.445  -17.215  73.009 0.8750000000
50847  -6.871  -19.712  81.345 1.0000000000
50848  -7.487  -19.968  80.995 1.0000000000
64343  -13.632  -4.936  73.440 0.7500000000
58898  -37.213  -11.586  66.932 1.0000000000
58899  -37.768  -11.217  66.637 1.0000000000
115003  -38.296  -10.759  66.121 1.0000000000
125802  -39.047  -10.426  66.777 1.0000000000
55297  -3.617  -16.468  72.810 0.8750000000
128077  -8.055  -21.167  79.771 1.0000000000
50857  -8.492  -20.912  78.997 1.0000000000
49949  -9.173  -20.846  78.431 1.0000000000
50870  -9.732  -20.870  78.014 1.0000000000
50880  -10.015  -20.813  77.534 1.0000000000
50887  -9.835  -20.264  77.009 1.0000000000
64355  -13.165  -4.851  72.553 0.7500000000
116085  -36.882  -11.569  65.997 1.0000000000
58908  -37.560  -11.182  65.788 1.0000000000
136163  -38.358  -10.575  65.415 0.8750000000
59790  -38.860  -10.224  65.875 1.0000000000
59791  -39.682  -10.101  66.371 1.0000000000
55298  -3.722  -16.091  72.923 0.8750000000
56221  -3.866  -16.279  71.967 0.8750000000
65337  -13.668  -4.397  71.057 0.7500000000
64363  -12.827  -4.946  71.573 0.7500000000
59799  -38.495  -10.262  64.820 0.8750000000
60763  -40.239  -9.573  65.653 1.0000000000
57120  -5.004  -14.408  72.846 1.0000000000
56216  -4.182  -15.566  72.657 0.8750000000
55310  -4.112  -16.233  71.445 0.8750000000
61717  -39.968  -8.515  63.486 1.0000000000
60786  -40.060  -8.765  64.243 1.0000000000
61718  -40.853  -8.262  64.125 1.0000000000
57980  -5.424  -12.484  73.614 1.0000000000
57115  -5.491  -13.322  73.125 1.0000000000
57126  -5.948  -13.851  71.593 0.8750000000
56241  -5.173  -15.112  69.620 0.8750000000
56253  -5.456  -14.559  68.761 0.8750000000
65346  -14.517  -4.156  69.590 0.7500000000
65345  -13.693  -4.468  70.066 0.7500000000
61731  -40.901  -7.644  62.721 1.0000000000
120349  -40.656  -8.067  63.260 1.0000000000
61719  -41.684  -8.155  64.034 0.8750000000
58847  -5.625  -11.409  73.402 1.0000000000
57986  -6.211  -12.817  71.882 1.0000000000
56267  -5.330  -14.470  67.988 0.8750000000
57171  -5.192  -14.082  66.670 1.0000000000
137146  -41.605  -6.997  63.002 1.0000000000
62642  -43.934  -8.171  62.590 1.0000000000
58851  -6.042  -11.307  72.783 1.0000000000
58852  -6.311  -11.759  72.115 1.0000000000
57134  -6.312  -13.517  70.319 0.8750000000
57151  -5.845  -13.989  68.296 1.0000000000
58020  -5.820  -13.387  66.792 1.0000000000
58038  -5.643  -12.931  64.844 1.0000000000
58069  -5.499  -12.821  63.265 0.5000000000
65364  -14.524  -4.408  67.748 0.8750000000
133994  -42.200  -6.897  62.698 1.0000000000
62641  -43.016  -7.535  62.585 1.0000000000
62651  -43.535  -7.702  61.853 1.0000000000
61759  -45.221  -8.484  61.271 1.0000000000
59738  -5.349  -10.419  73.010 1.0000000000
59739  -6.096  -10.768  72.281 1.0000000000
58864  -6.573  -11.723  70.727 1.0000000000
58868  -6.740  -12.164  69.943 1.0000000000
58008  -6.617  -12.621  68.178 1.0000000000
58030  -6.385  -12.653  66.391 1.0000000000
132307  -6.328  -12.407  64.702 0.7500000000
117462  -6.704  -12.033  64.186 0.5000000000
123780  -7.253  -11.804  62.749 0.3750000000
59813  -7.802  -11.300  62.349 0.3750000000
65372  -14.454  -4.466  66.786 0.8750000000
62663  -43.412  -7.715  60.809 1.0000000000
121831  -44.188  -7.829  59.452 1.0000000000
62675  -44.835  -8.152  60.015 1.0000000000
61770  -45.957  -8.437  60.269 1.0000000000
61771  -46.964  -8.669  60.164 1.0000000000
59742  -5.523  -9.878  72.294 1.0000000000
58858  -6.406  -11.227  71.500 1.0000000000
58000  -6.733  -12.428  69.065 1.0000000000
138507  -7.171  -11.635  67.208 0.8750000000
58904  -6.998  -11.994  66.072 0.8750000000
58912  -7.375  -11.389  64.444 0.5000000000
118879  -7.690  -10.985  63.962 0.3750000000
65381  -15.129  -4.312  65.376 0.7500000000
60863  -27.992  -9.640  55.029 0.6250000000
62674  -43.487  -7.746  59.692 1.0000000000
62687  -43.789  -7.513  58.823 1.0000000000
62688  -44.800  -7.648  58.921 1.0000000000
62689  -45.838  -7.529  58.876 1.0000000000
62690  -46.784  -7.454  58.996 1.0000000000
61762  -47.707  -8.908  59.868 1.0000000000
59743  -6.151  -10.300  71.666 0.8750000000
59747  -6.483  -10.682  70.857 1.0000000000
59751  -6.699  -10.508  70.006 0.8750000000
128559  -7.018  -10.852  68.745 0.8750000000
65401  -15.546  -4.445  64.015 0.7500000000
59912  -27.455  -10.164  55.440 0.6250000000
60861  -26.410  -9.133  55.473 0.6250000000
61809  -26.422  -8.467  55.693 0.6250000000
135770  -27.513  -7.384  55.544 0.5000000000
63603  -43.005  -6.490  57.330 1.0000000000
63604  -44.392  -6.222  57.223 1.0000000000
120988  -45.029  -6.443  57.620 1.0000000000
60825  -48.245  -9.063  59.449 1.0000000000
60723  -6.230  -9.871  71.171 0.8750000000
60726  -6.432  -9.783  70.523 0.8750000000
59911  -26.580  -9.905  55.551 0.6250000000
125967  -25.671  -9.056  56.764 0.5000000000
63608  -26.816  -7.249  57.088 0.5000000000
64557  -43.479  -5.351  56.467 1.0000000000
65478  -43.174  -4.464  56.364 1.0000000000
60839  -48.540  -9.107  58.758 1.0000000000
60851  -48.586  -9.036  57.885 1.0000000000
65421  -16.384  -5.058  61.270 0.6250000000
121218  -26.084  -10.489  55.974 0.6250000000
59896  -25.546  -10.350  56.330 0.6250000000
135609  -25.420  -9.522  58.009 0.6250000000
63598  -26.743  -6.977  58.137 0.5000000000
63600  -28.010  -6.166  57.321 0.5000000000
64523  -28.473  -5.691  58.834 0.3750000000
134420  -40.834  -4.330  55.849 0.8750000000
116988  -41.145  -3.790  56.257 0.8750000000
61783  -49.094  -8.589  58.386 1.0000000000
61795  -49.145  -8.510  57.498 1.0000000000
64492  -16.897  -5.903  60.130 0.5000000000
128351  -24.834  -11.273  57.473 0.6250000000
60833  -25.113  -10.674  58.957 0.6250000000
64537  -28.637  -5.808  57.936 0.5000000000
118304  -29.363  -5.680  58.638 0.5000000000
66373  -40.703  -3.265  56.739 0.7500000000
67257  -41.158  -2.784  57.251 0.7500000000
61805  -49.052  -8.360  56.699 0.8750000000
63581  -17.409  -6.288  59.580 0.5000000000
138446  -17.870  -6.489  59.038 0.5000000000
58136  -24.026  -12.641  58.550 0.6250000000
59003  -24.404  -12.059  58.914 0.6250000000
64524  -30.195  -5.701  58.437 0.5000000000
64526  -31.648  -5.512  58.781 0.3750000000
66350  -37.930  -3.828  57.699 0.7500000000
117876  -39.217  -3.253  57.899 0.7500000000
61815  -48.702  -8.123  56.034 0.8750000000
62721  -48.821  -7.319  55.940 1.0000000000
127511  -18.737  -7.564  58.343 0.6250000000
61776  -19.324  -8.170  57.892 0.6250000000
61786  -20.153  -8.423  57.552 0.6250000000
59002  -21.695  -11.358  59.266 0.6250000000
58134  -22.374  -12.663  59.490 0.7500000000
115626  -32.178  -5.362  59.499 0.3750000000
64513  -33.519  -4.982  59.759 0.5000000000
122723  -37.662  -3.656  58.717 0.7500000000
132059  -48.835  -6.595  55.886 1.0000000000
136615  -48.988  -5.474  56.070 1.0000000000
60841  -19.733  -8.905  57.806 0.6250000000
61787  -20.772  -8.699  57.503 0.6250000000
59882  -21.152  -10.126  57.938 0.6250000000
65431  -34.755  -4.640  60.379 0.3750000000
120876  -36.462  -4.003  60.173 0.6250000000
118524  -37.180  -3.725  60.233 0.6250000000
63643  -48.482  -6.128  55.527 1.0000000000
65490  -49.298  -4.658  56.310 1.0000000000
120135  -36.014  -4.206  61.112 0.5000000000
65425  -36.067  -4.283  62.299 0.5000000000
64592  -48.693  -5.531  55.731 1.0000000000
67272  -49.692  -2.371  56.486 0.8750000000
68191  -49.780  -1.085  56.257 0.8750000000
69124  -49.809  -0.053  55.615 0.7500000000
118262  -42.984  0.525  52.129 0.3750000000
69157  -49.827  -0.450  52.357 0.6250000000
69172  -49.942  -0.799  51.615 0.7500000000
58814  -11.325  -11.712  80.806 1.0000000000
59701  -11.783  -11.119  80.965 1.0000000000
59702  -12.314  -10.433  81.035 1.0000000000
136342  -12.647  -9.470  80.128 0.8750000000
57948  -10.908  -12.305  80.715 1.0000000000
58825  -10.838  -11.501  79.928 1.0000000000
64291  -15.028  -5.883  79.700 0.6250000000
64299  -15.785  -5.573  78.956 0.6250000000
57085  -9.778  -13.628  79.624 1.0000000000
57956  -10.146  -12.717  79.659 1.0000000000
137440  -16.272  -4.934  78.495 0.6250000000
135915  -2.049  -17.532  78.919 1.0000000000
53300  -2.405  -17.020  80.181 1.0000000000
53313  -2.742  -17.470  79.657 1.0000000000
56172  -9.487  -14.642  79.696 1.0000000000
56176  -9.293  -14.862  78.671 1.0000000000
57088  -9.447  -14.076  78.666 1.0000000000
125484  -15.707  -4.119  76.780 0.6250000000
53310  -2.048  -17.288  78.344 1.0000000000
53301  -3.171  -17.083  80.043 1.0000000000
52503  -3.560  -17.676  79.786 1.0000000000
127033  -8.819  -16.971  77.480 1.0000000000
132984  -9.141  -15.320  78.112 1.0000000000
65279  -15.308  -4.426  76.059 0.7500000000
127014  -1.529  -16.634  78.089 1.0000000000
122205  -9.154  -17.926  76.856 1.0000000000
65286  -15.069  -4.595  75.229 0.7500000000
132649  -2.329  -16.243  76.901 1.0000000000
55271  -2.267  -15.788  76.512 1.0000000000
52505  -5.299  -18.391  80.784 1.0000000000
52532  -9.406  -18.931  76.691 1.0000000000
65297  -14.854  -4.473  74.375 0.7500000000
64333  -14.495  -5.044  74.814 0.7500000000
55278  -2.826  -15.639  75.927 1.0000000000
55283  -3.297  -15.948  74.614 1.0000000000
51703  -7.748  -19.185  80.525 1.0000000000
51704  -8.131  -19.283  79.646 1.0000000000
116838  -9.828  -20.005  77.652 1.0000000000
51732  -9.563  -19.583  77.204 1.0000000000
51739  -9.567  -19.690  76.507 1.0000000000
65311  -14.505  -4.456  73.329 0.7500000000
57099  -2.468  -13.428  75.914 1.0000000000
56198  -2.842  -14.476  75.666 1.0000000000
56210  -3.375  -15.688  74.329 1.0000000000
50849  -7.993  -20.235  79.907 1.0000000000
123417  -8.591  -20.126  78.997 1.0000000000
50869  -9.250  -20.201  78.496 1.0000000000
50879  -9.738  -20.192  78.043 1.0000000000
65328  -13.770  -4.471  72.006 0.7500000000
57967  -2.820  -12.473  75.729 1.0000000000
57968  -3.490  -12.524  75.340 1.0000000000
133401  -3.385  -14.692  74.940 1.0000000000
55290  -3.567  -15.921  73.554 1.0000000000
65338  -14.513  -3.974  70.573 0.7500000000
65329  -14.404  -4.053  71.593 0.7500000000
59730  -3.164  -10.534  75.004 1.0000000000
57108  -4.382  -13.389  74.470 1.0000000000
127330  -3.694  -15.760  73.292 1.0000000000
59734  -4.370  -10.667  74.138 1.0000000000
58846  -5.008  -11.477  73.990 1.0000000000
57114  -4.844  -13.723  73.797 1.0000000000
65347  -15.180  -3.801  69.118 0.7500000000
60716  -3.564  -9.268  74.010 1.0000000000
65355  -14.545  -4.315  68.684 0.8750000000
60718  -3.833  -8.922  73.250 1.0000000000
59737  -4.249  -9.859  73.588 1.0000000000
59735  -4.976  -10.693  73.676 1.0000000000
65365  -15.223  -4.003  67.317 0.8750000000
66256  -15.787  -3.484  66.837 0.8750000000
65373  -15.190  -4.115  66.336 0.8750000000
60719  -4.581  -9.431  72.793 1.0000000000
128320  -7.456  -10.572  67.114 0.8750000000
59787  -7.614  -10.386  65.538 0.7500000000
121000  -7.681  -10.447  64.640 0.5000000000
59803  -7.814  -10.964  63.180 0.3750000000
66278  -15.718  -3.886  64.782 0.7500000000
63605  -45.863  -6.367  57.699 1.0000000000
62691  -47.584  -7.412  59.191 1.0000000000
60721  -4.907  -9.070  72.070 0.8750000000
59757  -6.880  -10.296  69.193 0.8750000000
58874  -7.201  -10.819  68.189 0.8750000000
65402  -16.014  -4.278  63.326 0.7500000000
64468  -27.490  -5.722  62.924 0.3750000000
64449  -27.454  -5.908  63.807 0.3750000000
65479  -44.151  -4.629  56.545 1.0000000000
64544  -46.250  -5.632  57.479 1.0000000000
62678  -48.534  -7.729  59.550 1.0000000000
61772  -48.888  -8.593  59.117 1.0000000000
60722  -5.700  -9.513  71.621 0.8750000000
65412  -16.041  -4.831  62.681 0.7500000000
118760  -16.408  -4.324  61.051 0.6250000000
62670  -26.193  -8.311  59.212 0.3750000000
119056  -26.596  -6.597  59.891 0.3750000000
64480  -27.005  -5.893  62.126 0.3750000000
120335  -27.664  -5.593  62.196 0.3750000000
66375  -42.750  -3.644  56.530 1.0000000000
66376  -43.669  -3.783  56.597 1.0000000000
65480  -45.049  -4.325  56.835 1.0000000000
62679  -49.172  -7.498  59.734 1.0000000000
60725  -5.955  -9.218  70.946 0.8750000000
65429  -16.503  -4.815  60.615 0.5000000000
123404  -16.530  -4.215  60.218 0.5000000000
60820  -25.442  -10.357  59.793 0.6250000000
63577  -26.989  -6.185  59.439 0.3750000000
64509  -27.503  -5.790  59.900 0.3750000000
119367  -28.216  -5.536  60.981 0.3750000000
67258  -41.935  -2.741  57.092 0.8750000000
67270  -43.353  -3.116  56.862 1.0000000000
67271  -44.162  -3.208  56.941 1.0000000000
62680  -49.589  -7.612  59.279 1.0000000000
62692  -49.750  -7.632  58.531 1.0000000000
64519  -17.568  -5.250  58.601 0.5000000000
127424  -17.115  -4.882  59.207 0.5000000000
59842  -25.003  -11.448  60.465 0.6250000000
59829  -24.947  -11.717  61.499 0.6250000000
115630  -29.835  -5.601  60.123 0.3750000000
115629  -31.163  -5.525  60.562 0.3750000000
67245  -39.887  -2.910  57.988 0.7500000000
67247  -41.673  -2.273  57.941 0.7500000000
63607  -49.703  -6.832  57.453 1.0000000000
64546  -50.166  -5.714  57.852 1.0000000000
63582  -18.121  -6.113  58.224 0.5000000000
63593  -18.856  -6.364  57.655 0.5000000000
58124  -23.798  -12.541  59.530 0.6250000000
58970  -23.557  -12.276  61.245 0.6250000000
58971  -24.272  -12.278  60.965 0.6250000000
64511  -30.601  -5.607  59.910 0.3750000000
115628  -31.954  -5.380  60.354 0.3750000000
66352  -39.219  -3.017  58.800 0.7500000000
116327  -40.147  -2.626  58.869 0.7500000000
115681  -41.011  -2.228  58.884 0.7500000000
62713  -49.527  -7.235  56.955 1.0000000000
63617  -49.803  -6.089  57.292 1.0000000000
64561  -49.832  -5.329  57.180 1.0000000000
123151  -18.610  -6.846  58.076 0.5000000000
62696  -19.153  -7.190  57.742 0.5000000000
62698  -20.739  -8.013  57.430 0.6250000000
58985  -22.326  -12.122  59.997 0.6250000000
59840  -22.705  -11.657  60.733 0.6250000000
64512  -32.744  -5.189  60.115 0.3750000000
64501  -33.335  -5.035  60.743 0.3750000000
66336  -37.874  -3.421  59.786 0.7500000000
66327  -37.648  -3.456  60.772 0.7500000000
67210  -38.957  -2.771  61.233 0.7500000000
65481  -49.567  -4.991  56.683 1.0000000000
65482  -49.892  -4.569  57.121 1.0000000000
61788  -21.272  -8.452  57.610 0.6250000000
60831  -21.587  -9.788  58.144 0.6250000000
59869  -21.917  -10.331  58.967 0.6250000000
60819  -22.405  -9.858  59.598 0.6250000000
65423  -34.625  -4.856  61.403 0.3750000000
130844  -35.255  -4.521  60.941 0.3750000000
66315  -36.612  -3.947  61.699 0.6250000000
66316  -37.365  -3.549  61.788 0.6250000000
120821  -38.775  -2.774  62.152 0.7500000000
66379  -49.991  -3.785  57.046 1.0000000000
66378  -49.691  -3.409  56.570 1.0000000000
67273  -50.115  -2.900  56.983 0.8750000000
65414  -35.496  -4.693  62.640 0.3750000000
66303  -36.788  -3.852  62.562 0.6250000000
68192  -50.215  -1.845  56.943 0.8750000000
69115  -50.429  -0.833  56.941 0.8750000000
70034  -50.635  0.711  55.686 0.7500000000
126693  -43.901  1.393  55.144 0.3750000000
132523  -51.007  1.090  55.112 0.7500000000
71035  -43.688  1.145  54.373 0.3750000000
70043  -50.191  0.478  54.855 0.7500000000
70044  -51.075  0.982  54.468 0.7500000000
70042  -43.013  0.934  54.226 0.3750000000
71045  -44.304  1.014  53.721 0.3750000000
71046  -44.949  0.898  53.045 0.3750000000
70058  -51.653  1.425  53.483 0.7500000000
70055  -44.097  0.747  52.905 0.3750000000
70057  -51.149  0.867  53.680 0.7500000000
135825  -51.221  0.755  52.978 0.6250000000
120002  -43.252  0.636  52.867 0.3750000000
70070  -43.798  0.597  52.122 0.3750000000
70072  -50.486  0.234  52.894 0.6250000000
70073  -51.075  0.234  52.175 0.6250000000
115825  -42.587  0.481  51.484 0.2500000000
70085  -43.410  0.568  51.425 0.3750000000
70086  -44.179  0.680  51.380 0.3750000000
69158  -50.431  -0.339  52.110 0.7500000000
70087  -51.314  0.049  51.238 0.6250000000
121812  -51.791  0.684  51.850 0.6250000000
134741  -44.408  0.805  50.777 0.2500000000
69181  -49.936  -0.881  50.886 0.7500000000
69182  -50.672  -0.379  50.619 0.7500000000
70097  -43.773  0.687  50.744 0.2500000000
61612  -10.309  -9.034  82.598 0.8750000000
59695  -10.449  -10.481  82.384 0.8750000000
60676  -10.839  -9.770  82.615 0.8750000000
59696  -11.358  -10.514  82.400 0.8750000000
60677  -11.875  -9.945  82.487 0.8750000000
59699  -11.944  -10.768  81.819 0.8750000000
58802  -11.120  -11.330  82.212 0.8750000000
60685  -12.757  -9.719  80.828 0.8750000000
60675  -9.896  -9.723  82.285 0.8750000000
124008  -10.162  -11.147  82.275 0.8750000000
58806  -11.032  -12.102  81.809 1.0000000000
57940  -11.182  -12.085  81.230 1.0000000000
61620  -13.095  -9.122  81.213 0.8750000000
62524  -13.725  -7.797  80.962 0.7500000000
62525  -14.121  -7.285  80.461 0.7500000000
63412  -14.544  -6.639  79.966 0.7500000000
53311  -1.756  -17.392  79.436 1.0000000000
53312  -2.149  -17.426  79.735 1.0000000000
57938  -9.479  -12.287  82.066 0.8750000000
57067  -10.403  -13.034  81.749 1.0000000000
57078  -10.540  -13.090  80.962 1.0000000000
128300  -9.810  -13.984  80.389 1.0000000000
136198  -14.717  -6.049  80.166 0.6250000000
65273  -16.152  -4.555  77.695 0.6250000000
54283  -1.142  -17.192  80.201 1.0000000000
53299  -1.719  -17.201  80.254 1.0000000000
57077  -9.988  -13.541  81.426 1.0000000000
56170  -9.541  -14.747  80.661 1.0000000000
55257  -9.053  -15.625  79.127 1.0000000000
67066  -15.269  -3.249  76.585 0.6250000000
67065  -14.833  -2.362  76.280 0.6250000000
54282  -0.915  -17.070  79.644 1.0000000000
54274  -0.677  -16.682  80.427 1.0000000000
129262  -2.116  -16.650  80.443 1.0000000000
54276  -2.846  -16.611  80.248 1.0000000000
54278  -8.715  -15.945  80.493 1.0000000000
125284  -8.609  -16.818  78.734 1.0000000000
66179  -15.261  -3.833  76.058 0.6250000000
120172  -14.187  -1.649  75.115 0.6250000000
68930  -13.660  -0.964  73.526 0.6250000000
126161  -1.019  -16.752  78.651 1.0000000000
117882  -3.996  -15.000  80.714 1.0000000000
129850  -8.072  -17.149  80.033 1.0000000000
53314  -8.164  -17.495  79.540 1.0000000000
53315  -8.327  -16.991  79.492 1.0000000000
53328  -8.788  -17.925  77.967 1.0000000000
65298  -15.145  -4.088  74.522 0.7500000000
66186  -15.257  -3.996  75.295 0.6250000000
67084  -14.417  -2.209  74.384 0.6250000000
67970  -14.109  -1.715  73.743 0.6250000000
68942  -13.917  -0.959  72.450 0.6250000000
56174  -0.390  -15.376  77.747 1.0000000000
55264  -1.722  -16.034  77.104 1.0000000000
54277  -3.934  -16.647  80.483 1.0000000000
53295  -4.730  -17.088  80.718 1.0000000000
52498  -5.012  -17.653  80.754 1.0000000000
121052  -8.103  -18.012  79.526 1.0000000000
52521  -8.429  -18.396  78.940 1.0000000000
52522  -8.850  -18.852  78.135 1.0000000000
52528  -9.189  -18.837  77.446 1.0000000000
65312  -14.980  -4.119  73.771 0.7500000000
67085  -14.950  -3.094  73.913 0.6250000000
67982  -14.219  -1.682  72.954 0.6250000000
68952  -13.770  -0.179  71.931 0.6250000000
57087  -1.217  -14.347  76.932 1.0000000000
56189  -2.169  -15.115  76.210 1.0000000000
53296  -5.709  -17.176  81.165 1.0000000000
52499  -5.937  -18.002  81.183 1.0000000000
52500  -6.907  -18.232  81.292 1.0000000000
52502  -7.867  -18.355  80.172 1.0000000000
52516  -8.463  -18.860  78.972 1.0000000000
51726  -9.358  -19.622  78.004 1.0000000000
134815  -9.391  -19.457  77.675 1.0000000000
121703  -14.836  -4.012  72.937 0.6250000000
66214  -14.802  -3.500  72.554 0.6250000000
67103  -14.652  -2.380  72.537 0.6250000000
67992  -14.463  -1.699  72.078 0.6250000000
69882  -13.919  -0.038  71.060 0.6250000000
57091  -1.622  -13.480  76.445 1.0000000000
57098  -2.169  -14.234  76.088 1.0000000000
51710  -8.573  -19.411  78.991 1.0000000000
51720  -9.061  -19.601  78.441 1.0000000000
65321  -14.676  -3.827  72.101 0.7500000000
67110  -14.757  -2.379  71.730 0.6250000000
135780  -14.670  -1.798  71.395 0.6250000000
68002  -14.737  -1.551  70.741 0.6250000000
58837  -1.883  -11.361  75.936 1.0000000000
59723  -1.602  -10.517  75.931 1.0000000000
137767  -14.924  -3.523  70.553 0.7500000000
65330  -14.680  -3.637  71.229 0.6250000000
130273  -14.965  -3.243  70.915 0.7500000000
68009  -14.911  -1.342  69.920 0.6250000000
68965  -14.405  -0.671  70.480 0.6250000000
58839  -2.359  -11.417  75.768 1.0000000000
59726  -2.173  -10.469  75.722 1.0000000000
65339  -15.051  -3.662  69.920 0.7500000000
66228  -15.257  -3.220  70.210 0.7500000000
67126  -15.481  -2.717  69.815 0.6250000000
68010  -15.492  -1.990  69.449 0.6250000000
59729  -2.676  -10.020  75.320 1.0000000000
66235  -15.548  -3.279  69.472 0.7500000000
67133  -15.888  -2.683  68.928 0.6250000000
68016  -15.689  -1.766  68.524 0.6250000000
59733  -3.682  -10.050  74.352 1.0000000000
66241  -15.718  -3.401  68.670 0.7500000000
122769  -16.046  -3.044  68.221 0.8750000000
119258  -16.065  -2.423  68.010 0.6250000000
131731  -28.060  -6.188  70.469 0.3750000000
63483  -29.439  -6.451  70.384 0.3750000000
63495  -30.764  -6.923  69.695 0.3750000000
61655  -3.491  -8.484  73.697 1.0000000000
65356  -15.247  -3.947  68.253 0.8750000000
66249  -15.742  -3.489  67.828 0.8750000000
67148  -16.171  -2.903  66.788 0.8750000000
64386  -27.128  -6.048  68.445 0.3750000000
64379  -27.645  -5.962  69.115 0.3750000000
130726  -28.647  -6.021  69.020 0.3750000000
63494  -29.596  -6.399  69.369 0.3750000000
66257  -16.114  -3.115  66.125 0.7500000000
63516  -26.750  -6.716  67.072 0.3750000000
64394  -27.267  -5.921  66.993 0.3750000000
64395  -27.662  -5.805  67.691 0.3750000000
64396  -28.711  -5.874  67.704 0.3750000000
63505  -29.454  -6.248  68.473 0.3750000000
60743  -7.615  -9.557  66.077 0.8750000000
60753  -7.686  -9.527  65.182 0.7500000000
60767  -7.866  -9.490  64.375 0.5000000000
59804  -8.229  -10.133  63.215 0.3750000000
66279  -16.306  -3.167  64.401 0.7500000000
66292  -16.308  -3.392  63.289 0.7500000000
128433  -26.896  -7.483  64.961 0.3750000000
63536  -26.953  -6.722  65.372 0.3750000000
64404  -27.089  -6.157  66.428 0.3750000000
64405  -27.625  -5.779  66.231 0.3750000000
116113  -29.044  -5.806  66.275 0.3750000000
64407  -29.383  -5.991  67.060 0.3750000000
63606  -46.757  -6.238  58.055 1.0000000000
122766  -47.179  -6.819  58.716 1.0000000000
60732  -6.913  -9.341  68.794 0.8750000000
60733  -7.226  -9.508  67.943 0.8750000000
60736  -7.507  -9.680  67.065 0.8750000000
61699  -7.720  -8.719  64.804 0.7500000000
60768  -8.181  -9.433  63.622 0.5000000000
115512  -16.396  -3.257  62.273 0.7500000000
129386  -26.550  -7.015  63.134 0.3750000000
64433  -27.935  -5.680  64.418 0.3750000000
64418  -28.783  -5.657  65.517 0.3750000000
64419  -29.602  -5.834  65.770 0.3750000000
65469  -47.201  -4.596  58.302 1.0000000000
130830  -47.664  -6.123  58.736 1.0000000000
61673  -6.441  -8.728  69.392 0.8750000000
61681  -7.285  -8.811  67.453 0.8750000000
61687  -7.491  -8.743  66.592 0.8750000000
115335  -16.270  -4.586  61.870 0.6250000000
66312  -16.368  -3.804  61.659 0.6250000000
66332  -16.634  -3.426  59.756 0.5000000000
61741  -26.404  -8.175  62.064 0.3750000000
62640  -26.465  -7.553  62.599 0.3750000000
64467  -26.866  -6.236  63.209 0.3750000000
116064  -29.200  -5.457  62.099 0.3750000000
64451  -29.724  -5.695  63.838 0.3750000000
119546  -30.310  -5.857  64.432 0.3750000000
66365  -45.896  -4.071  57.314 1.0000000000
66366  -46.726  -3.797  58.088 1.0000000000
65456  -48.025  -5.102  59.084 1.0000000000
63578  -48.922  -6.920  59.918 1.0000000000
127539  -49.765  -6.391  59.560 1.0000000000
61668  -5.504  -8.528  70.575 0.8750000000
61669  -6.222  -8.972  70.204 0.8750000000
65435  -16.824  -4.235  59.402 0.5000000000
60801  -26.064  -9.826  61.252 0.3750000000
59830  -25.626  -10.845  61.762 0.6250000000
64484  -30.314  -5.558  61.529 0.3750000000
115931  -30.209  -5.694  63.201 0.3750000000
67260  -43.770  -2.618  57.306 0.8750000000
67261  -44.637  -2.638  57.490 0.8750000000
131837  -45.991  -3.344  57.664 1.0000000000
63591  -50.079  -6.992  58.951 1.0000000000
64531  -50.216  -6.008  58.932 1.0000000000
65448  -17.774  -4.621  58.140 0.5000000000
127135  -18.818  -4.941  57.453 0.5000000000
59843  -25.594  -10.646  60.833 0.6250000000
115632  -30.985  -5.582  61.420 0.3750000000
68138  -41.898  -1.767  58.972 0.8750000000
68161  -43.518  -1.646  58.570 0.8750000000
68178  -44.117  -2.055  57.963 0.8750000000
125274  -50.365  -5.298  58.480 1.0000000000
65458  -50.487  -4.598  58.625 1.0000000000
66368  -50.452  -4.066  57.744 0.8750000000
132411  -18.139  -5.169  57.856 0.5000000000
64533  -19.405  -5.649  57.351 0.5000000000
64534  -20.286  -5.279  57.345 0.5000000000
131020  -23.332  -12.052  61.876 0.6250000000
64500  -32.562  -5.221  61.017 0.3750000000
67223  -40.800  -2.134  60.653 0.8750000000
67233  -41.319  -1.929  59.836 0.8750000000
65470  -50.261  -4.947  57.718 1.0000000000
127806  -20.181  -6.006  57.285 0.5000000000
129498  -20.779  -7.332  57.381 0.5000000000
61789  -21.740  -8.055  57.917 0.6250000000
60809  -22.652  -10.456  60.527 0.6250000000
118773  -22.933  -11.161  61.490 0.6250000000
64486  -33.250  -5.290  61.672 0.3750000000
66305  -38.715  -2.789  63.334 0.6250000000
67211  -39.619  -2.457  61.980 0.7500000000
120009  -50.387  -3.297  57.481 0.8750000000
60832  -22.169  -9.225  58.675 0.6250000000
123550  -22.538  -8.934  59.440 0.6250000000
64456  -34.652  -5.310  63.535 0.3750000000
64472  -34.939  -5.023  62.492 0.3750000000
66295  -36.994  -3.867  63.712 0.6250000000
134329  -38.088  -3.202  63.425 0.6250000000
133686  -44.448  1.848  58.881 0.3750000000
65404  -35.757  -4.795  64.606 0.5000000000
125675  -37.185  -3.948  64.826 0.6250000000
66296  -37.782  -3.539  64.311 0.6250000000
116976  -44.072  1.710  58.130 0.3750000000
71007  -44.897  1.953  57.695 0.3750000000
68180  -50.525  -1.447  57.465 0.8750000000
69106  -50.516  -0.711  57.622 0.7500000000
69042  -38.677  -0.363  61.802 0.3750000000
71006  -44.179  1.621  57.094 0.3750000000
71018  -44.247  1.596  56.023 0.3750000000
71027  -44.634  1.532  55.249 0.3750000000
70026  -50.507  0.102  57.087 0.7500000000
69125  -50.309  -0.017  56.344 0.7500000000
119680  -50.751  0.920  56.457 0.7500000000
71036  -44.497  1.325  54.526 0.3750000000
115613  -45.390  1.571  54.811 0.3750000000
71031  -51.123  1.566  55.650 0.7500000000
115787  -45.150  1.223  53.894 0.3750000000
71047  -45.776  1.183  53.219 0.3750000000
71048  -46.609  1.484  53.351 0.3750000000
70045  -51.549  1.606  54.201 0.7500000000
71058  -45.579  1.000  52.427 0.3750000000
71060  -47.191  1.696  52.642 0.3750000000
70071  -44.729  0.773  52.091 0.3750000000
71059  -46.319  1.304  52.606 0.3750000000
123069  -46.617  1.480  52.067 0.3750000000
70074  -51.686  1.061  52.674 0.6250000000
71067  -44.921  0.855  51.184 0.3750000000
71077  -45.644  1.221  50.875 0.2500000000
71069  -46.329  1.450  51.410 0.5000000000
71070  -47.137  1.821  51.745 0.5000000000
135531  -52.355  1.077  51.625 0.6250000000
70098  -52.263  0.577  50.481 0.7500000000
71076  -44.969  1.053  50.422 0.2500000000
139251  -46.278  1.601  50.676 0.2500000000
71078  -46.931  1.920  50.966 0.3750000000
71079  -47.747  2.266  51.309 0.5000000000
127813  -51.598  0.043  50.322 0.7500000000
71080  -52.613  1.249  50.263 0.7500000000
70106  -43.356  0.739  49.963 0.2500000000
70107  -44.232  0.883  50.139 0.2500000000
71088  -46.668  1.996  50.185 0.2500000000
132675  -47.430  2.353  50.521 0.3750000000
70108  -51.320  0.104  49.518 0.6250000000
71089  -52.382  1.310  49.473 0.8750000000
71097  -45.419  1.666  49.006 0.2500000000
60678  -12.162  -9.089  82.573 0.7500000000
137868  -12.570  -9.809  81.783 0.8750000000
134529  -9.367  -9.838  81.609 0.8750000000
61613  -11.562  -8.360  82.996 0.7500000000
61614  -12.461  -8.276  82.669 0.7500000000
119871  -8.373  -10.406  80.602 0.8750000000
60679  -8.872  -10.198  81.062 0.8750000000
59698  -9.506  -10.493  81.911 0.8750000000
58805  -9.422  -11.394  81.961 0.8750000000
62521  -13.091  -8.151  82.181 0.6250000000
63407  -13.903  -7.022  81.165 0.7500000000
63408  -14.275  -6.691  80.716 0.6250000000
54275  -1.441  -16.691  80.580 1.0000000000
60681  -7.839  -11.099  80.109 0.8750000000
58811  -7.933  -11.521  80.768 0.8750000000
58803  -8.122  -11.924  81.185 0.8750000000
117836  -9.320  -14.028  81.664 1.0000000000
136898  -15.298  -5.018  80.383 0.6250000000
64292  -15.483  -5.185  79.839 0.6250000000
65265  -16.080  -4.635  79.302 0.6250000000
65270  -16.254  -4.079  78.566 0.6250000000
66172  -15.758  -3.442  77.669 0.6250000000
56164  -0.686  -14.869  80.592 1.0000000000
55242  -2.080  -15.842  80.534 1.0000000000
58823  -7.563  -11.979  80.127 0.8750000000
134415  -7.330  -12.736  80.713 0.8750000000
57936  -7.846  -12.696  81.303 0.8750000000
55247  -9.191  -15.413  80.896 1.0000000000
66167  -16.110  -3.441  79.609 0.6250000000
67946  -15.185  -2.451  77.262 0.6250000000
68918  -13.572  -0.516  74.538 0.6250000000
55240  -0.261  -15.734  80.454 1.0000000000
124110  -3.197  -13.954  80.223 1.0000000000
56167  -3.363  -14.610  80.475 1.0000000000
56159  -7.170  -13.950  81.200 1.0000000000
126088  -8.244  -15.202  81.517 1.0000000000
55238  -8.891  -15.373  81.251 1.0000000000
56173  0.292  -14.972  78.977 1.0000000000
137482  -4.582  -14.515  80.600 1.0000000000
55234  -5.605  -15.767  81.100 1.0000000000
56158  -6.203  -15.128  81.103 1.0000000000
123694  -7.192  -14.912  81.365 1.0000000000
55237  -8.328  -15.973  81.202 1.0000000000
127139  -8.313  -16.423  80.451 1.0000000000
68941  -13.587  -0.155  72.836 0.6250000000
57084  -0.738  -14.642  77.394 1.0000000000
54270  -5.060  -16.514  80.901 1.0000000000
55235  -6.772  -15.845  81.356 1.0000000000
126783  -7.627  -16.222  81.324 1.0000000000
53298  -7.824  -17.354  80.602 1.0000000000
53303  -7.950  -17.684  80.028 1.0000000000
57961  -0.210  -12.583  77.191 1.0000000000
54271  -5.999  -16.426  81.262 1.0000000000
53297  -6.576  -17.555  81.307 1.0000000000
52501  -7.540  -18.273  80.829 1.0000000000
52506  -8.134  -18.570  79.537 1.0000000000
120891  -13.615  0.892  70.783 0.6250000000
57962  -1.235  -12.456  76.453 1.0000000000
69892  -14.021  0.197  70.184 0.6250000000
68975  -14.508  -0.403  69.502 0.6250000000
130856  -14.087  0.413  69.445 0.6250000000
68976  -15.073  -1.189  69.068 0.6250000000
121985  -14.425  0.508  67.746 0.6250000000
124547  -28.750  -6.760  72.220 0.3750000000
63475  -29.785  -6.692  71.403 0.3750000000
68985  -15.200  -0.989  68.312 0.6250000000
68990  -15.378  -0.861  67.506 0.6250000000
69920  -14.897  -0.012  67.195 0.6250000000
117007  -28.386  -6.364  71.267 0.3750000000
63484  -30.805  -6.892  70.594 0.3750000000
60715  -3.299  -8.902  74.484 1.0000000000
60712  -2.933  -9.386  75.179 1.0000000000
68028  -15.937  -1.341  66.829 0.7500000000
61654  -3.277  -8.124  74.144 1.0000000000
67141  -16.223  -2.255  67.070 0.7500000000
68029  -16.244  -1.870  66.201 0.7500000000
128744  -31.447  -7.001  69.185 0.3750000000
67159  -16.321  -2.508  65.577 0.6250000000
68037  -16.368  -1.642  65.348 0.6250000000
64385  -26.805  -6.307  67.757 0.3750000000
63503  -26.393  -6.943  68.596 0.3750000000
132034  -30.674  -6.830  68.904 0.3750000000
63518  -31.418  -6.684  68.055 0.3750000000
63507  -31.577  -6.713  68.637 0.3750000000
61658  -3.578  -8.136  72.891 0.8750000000
133004  -16.349  -2.813  64.993 0.7500000000
120396  -16.521  -2.281  64.649 0.6250000000
116244  -16.559  -1.847  63.149 0.6250000000
127363  -26.791  -7.713  66.011 0.3750000000
62616  -26.900  -8.413  66.976 0.3750000000
64397  -29.737  -6.249  67.750 0.3750000000
135349  -30.819  -6.344  66.894 0.3750000000
62612  -7.382  -7.898  66.148 0.8750000000
119149  -7.499  -7.852  65.116 0.7500000000
62621  -7.937  -8.032  63.743 0.5000000000
67197  -16.466  -2.577  62.753 0.6250000000
117730  -16.496  -1.921  61.338 0.5000000000
135484  -26.917  -8.653  65.464 0.3750000000
61698  -26.515  -9.831  65.939 0.3750000000
61692  -25.906  -10.237  66.931 0.3750000000
63530  -30.999  -6.315  66.462 0.3750000000
61659  -4.124  -8.575  72.510 0.8750000000
61663  -4.382  -8.331  71.704 0.8750000000
62589  -5.373  -7.781  69.457 0.8750000000
62590  -6.023  -8.011  69.077 0.8750000000
62605  -6.475  -7.466  67.455 0.8750000000
62620  -7.527  -7.544  64.214 0.5000000000
67208  -16.447  -2.559  61.861 0.6250000000
119011  -16.570  -2.073  60.615 0.5000000000
61716  -26.707  -9.098  64.075 0.3750000000
130259  -26.605  -9.980  64.568 0.3750000000
60774  -26.262  -10.489  65.404 0.3750000000
64436  -30.516  -5.914  65.064 0.3750000000
65457  -48.573  -4.335  60.148 1.0000000000
64515  -49.197  -6.114  60.094 1.0000000000
117513  -49.108  -4.463  60.578 1.0000000000
61664  -5.184  -8.793  71.316 0.8750000000
61667  -4.656  -8.122  70.893 0.8750000000
62617  -6.996  -7.155  65.648 0.7500000000
63542  -7.113  -7.088  64.749 0.7500000000
66333  -17.184  -3.453  58.841 0.5000000000
134429  -17.825  -3.156  58.217 0.5000000000
61728  -26.396  -9.037  62.509 0.3750000000
60783  -26.015  -10.775  63.458 0.5000000000
116394  -31.854  -5.930  63.352 0.3750000000
64452  -30.608  -5.883  63.830 0.3750000000
68163  -45.503  -1.581  59.201 0.8750000000
67263  -46.432  -2.910  58.345 1.0000000000
64516  -49.726  -5.780  59.805 1.0000000000
123433  -49.617  -4.600  60.209 1.0000000000
66340  -49.473  -3.913  60.454 1.0000000000
66358  -18.477  -3.491  57.761 0.5000000000
66360  -19.732  -3.893  57.484 0.5000000000
59817  -24.633  -12.050  62.508 0.6250000000
131168  -32.371  -5.777  62.808 0.3750000000
68103  -42.474  -1.193  61.664 0.7500000000
68140  -43.898  -1.139  59.594 0.8750000000
65444  -50.115  -5.132  59.557 1.0000000000
66341  -50.206  -4.233  59.643 1.0000000000
66355  -50.584  -3.871  58.744 0.8750000000
65462  -18.994  -4.136  57.434 0.5000000000
122649  -19.591  -4.720  57.348 0.5000000000
59828  -23.189  -11.345  62.434 0.6250000000
58952  -24.056  -12.372  61.836 0.6250000000
115789  -33.161  -5.618  62.703 0.3750000000
135729  -40.668  -1.797  63.288 0.6250000000
68101  -41.054  -1.871  61.710 0.7500000000
68119  -41.712  -1.578  60.936 0.8750000000
115047  -43.064  -1.110  60.178 0.8750000000
117583  -50.650  -3.205  58.277 0.8750000000
68166  -50.590  -1.493  58.179 0.6250000000
63583  -21.718  -6.355  57.900 0.5000000000
62682  -22.174  -7.702  58.410 0.6250000000
62668  -22.582  -7.439  59.122 0.6250000000
67182  -38.997  -2.534  65.625 0.5000000000
67194  -39.732  -2.158  64.336 0.6250000000
67205  -39.972  -2.168  63.229 0.6250000000
67212  -40.486  -2.042  62.379 0.8750000000
70962  -44.013  1.570  62.202 0.5000000000
130222  -44.357  1.695  61.496 0.5000000000
70976  -45.888  1.907  61.086 0.5000000000
70985  -46.030  2.239  60.105 0.5000000000
66330  -8.523  -3.455  59.547 0.1250000000
61766  -22.446  -8.300  58.938 0.6250000000
65396  -35.563  -4.998  65.611 0.5000000000
67166  -37.817  -3.117  65.983 0.3750000000
66289  -38.432  -3.172  65.364 0.5000000000
126160  -39.104  -2.631  64.698 0.6250000000
70961  -43.177  1.457  61.986 0.5000000000
122308  -44.190  1.765  60.500 0.3750000000
70984  -45.155  1.982  60.322 0.3750000000
124079  -45.216  2.106  59.269 0.3750000000
70995  -46.193  2.372  59.130 0.3750000000
69095  -50.364  -0.665  58.384 0.5000000000
65397  -36.181  -4.577  65.655 0.3750000000
66273  -36.516  -4.109  65.931 0.3750000000
66274  -37.355  -3.574  65.860 0.5000000000
66288  -37.609  -3.607  65.438 0.5000000000
69043  -39.447  -0.104  62.141 0.5000000000
69959  -40.819  0.489  62.812 0.6250000000
122488  -44.818  1.961  58.470 0.3750000000
71892  -46.288  2.390  58.263 0.3750000000
70020  -50.454  0.112  57.744 0.5000000000
127454  -8.318  -2.881  59.269 0.1250000000
69030  -38.065  -0.471  62.464 0.3750000000
69031  -38.878  -0.275  62.878 0.5000000000
71019  -45.844  2.014  56.350 0.3750000000
115388  -45.190  1.712  55.778 0.3750000000
71011  -50.637  0.915  57.187 0.3750000000
69041  -37.920  -0.572  61.499 0.3750000000
71904  -46.595  2.333  56.735 0.3750000000
71020  -46.477  2.098  55.999 0.3750000000
71028  -46.006  1.821  55.508 0.3750000000
71021  -50.731  1.724  56.499 0.3750000000
71030  -47.093  1.851  54.751 0.3750000000
71037  -46.363  1.720  54.756 0.3750000000
116477  -46.003  1.505  54.021 0.3750000000
71907  -50.441  2.383  56.102 0.3750000000
71908  -50.993  2.135  55.741 0.3750000000
71039  -51.358  1.664  54.857 0.6250000000
132217  -46.870  1.662  54.123 0.3750000000
71915  -50.808  2.437  55.290 0.3750000000
71916  -51.243  2.141  55.099 0.5000000000
68159  -35.510  -1.362  58.634 0.1250000000
71929  -48.137  2.079  53.833 0.3750000000
71049  -47.444  1.770  53.553 0.3750000000
71933  -51.431  2.482  54.061 0.5000000000
71947  -51.639  2.825  53.491 0.6250000000
71050  -51.785  2.202  53.830 0.6250000000
71943  -48.111  2.105  53.089 0.3750000000
71944  -48.914  2.534  52.733 0.3750000000
71948  -52.412  2.277  52.667 0.5000000000
118141  -52.056  1.845  53.128 0.6250000000
71954  -48.784  2.691  51.723 0.3750000000
71072  -52.820  1.888  51.822 0.6250000000
71071  -52.587  1.177  51.026 0.7500000000
126596  -48.226  2.683  50.804 0.3750000000
71960  -49.051  3.160  50.976 0.5000000000
71087  -45.768  1.491  49.976 0.2500000000
136907  -47.850  2.729  50.138 0.3750000000
71966  -48.480  3.106  50.228 0.3750000000
72806  -49.249  3.534  50.329 0.3750000000
70121  -51.714  0.713  49.118 0.5000000000
137591  -46.385  2.095  49.214 0.2500000000
71965  -47.239  2.465  49.708 0.3750000000
71099  -51.962  1.563  48.730 0.6250000000
71975  -52.224  2.306  48.413 0.6250000000
133129  -46.460  2.593  48.486 0.2500000000
71988  -51.993  2.977  47.103 0.6250000000
61615  -9.926  -8.409  82.381 0.8750000000
118622  -10.720  -8.401  82.839 0.7500000000
62515  -11.026  -7.805  83.009 0.7500000000
62517  -12.827  -7.549  82.543 0.6250000000
61618  -9.137  -8.616  80.680 0.8750000000
61619  -9.546  -8.530  81.647 0.8750000000
122979  -10.107  -7.113  82.090 0.7500000000
63398  -11.672  -6.502  82.718 0.7500000000
63399  -12.443  -6.880  82.687 0.7500000000
64278  -12.611  -6.017  82.597 0.6250000000
63400  -13.188  -6.787  82.390 0.6250000000
63404  -14.244  -6.283  81.282 0.6250000000
58822  -6.828  -12.262  79.541 0.8750000000
138607  -7.287  -11.793  79.563 0.8750000000
62523  -9.560  -7.844  81.171 0.8750000000
63401  -9.801  -6.514  81.518 0.7500000000
63402  -10.374  -6.255  82.098 0.7500000000
64276  -10.954  -6.080  82.523 0.7500000000
65245  -12.245  -5.047  82.271 0.6250000000
65246  -13.351  -5.356  82.313 0.6250000000
64279  -13.554  -6.104  82.311 0.6250000000
64283  -14.173  -5.661  81.954 0.6250000000
65258  -15.092  -4.942  80.897 0.6250000000
67952  -14.402  -1.443  76.016 0.6250000000
57070  -1.338  -13.780  80.251 1.0000000000
57941  -1.489  -12.631  80.345 1.0000000000
57072  -2.962  -13.367  80.005 1.0000000000
57954  -6.216  -12.690  79.521 0.8750000000
57946  -6.633  -13.123  80.150 0.8750000000
64281  -10.715  -5.343  82.058 0.7500000000
65248  -10.943  -4.686  81.692 0.7500000000
66147  -12.881  -3.953  81.459 0.6250000000
65250  -12.985  -4.536  81.941 0.6250000000
116246  -14.442  -4.053  81.705 0.6250000000
130991  -15.450  -3.464  81.071 0.6250000000
66169  -16.032  -3.169  78.666 0.6250000000
131891  -14.818  -1.565  76.954 0.6250000000
68919  -13.821  -0.934  75.338 0.6250000000
122159  -13.481  0.011  73.760 0.6250000000
57069  -0.077  -14.042  80.695 1.0000000000
58809  -1.896  -11.717  80.378 1.0000000000
57073  -3.773  -13.274  79.903 0.8750000000
56168  -4.103  -14.087  80.410 0.8750000000
57945  -5.555  -13.123  79.601 0.8750000000
122648  -5.869  -13.651  80.137 0.8750000000
57075  -6.629  -13.611  80.633 1.0000000000
65257  -10.783  -4.290  81.070 0.7500000000
66156  -11.467  -3.797  80.687 0.7500000000
66146  -12.495  -3.606  80.917 0.6250000000
66148  -14.199  -3.404  81.645 0.6250000000
66159  -15.225  -2.675  81.217 0.6250000000
67050  -15.867  -2.503  80.082 0.6250000000
67929  -15.381  -1.662  78.914 0.6250000000
67937  -15.066  -1.629  77.924 0.6250000000
68900  -14.554  -0.866  76.791 0.6250000000
69881  -13.631  0.484  71.545 0.6250000000
57950  0.115  -11.924  80.068 1.0000000000
57074  -4.830  -13.526  79.928 1.0000000000
130868  -5.132  -14.146  80.414 1.0000000000
56169  -6.207  -14.288  80.782 1.0000000000
66157  -13.135  -2.798  80.581 0.6250000000
67049  -13.571  -1.820  80.467 0.6250000000
116210  -14.273  -1.287  80.918 0.6250000000
67914  -14.875  -1.136  80.809 0.5000000000
68873  -14.922  -0.296  79.989 0.5000000000
68881  -14.865  -0.108  79.210 0.5000000000
68888  -14.716  0.082  78.242 0.5000000000
120032  -14.078  -0.485  76.273 0.6250000000
126243  -13.499  0.266  74.569 0.6250000000
69855  -13.470  0.694  73.152 0.5000000000
69870  -13.537  0.572  72.281 0.5000000000
70857  -13.419  1.839  71.052 0.5000000000
70868  -13.519  1.726  70.183 0.5000000000
57960  0.446  -11.880  78.392 1.0000000000
55245  -5.163  -14.910  80.859 1.0000000000
68866  -14.406  -0.469  80.696 0.5000000000
68872  -14.532  0.078  80.343 0.5000000000
69814  -14.751  0.755  79.027 0.5000000000
70803  -14.465  1.757  77.738 0.5000000000
70822  -13.576  1.774  75.289 0.5000000000
68911  -13.636  0.087  75.503 0.5000000000
69847  -13.425  0.834  74.037 0.5000000000
70844  -13.407  1.453  72.576 0.5000000000
71764  -13.329  2.019  71.849 0.5000000000
70879  -13.600  1.652  69.317 0.5000000000
58833  0.120  -11.383  77.425 1.0000000000
69805  -14.040  0.420  80.659 0.5000000000
69806  -14.408  0.837  80.244 0.5000000000
70797  -14.669  1.587  79.301 0.5000000000
70800  -14.648  1.329  78.476 0.5000000000
72632  -13.246  3.063  74.051 0.5000000000
71739  -13.456  2.419  74.652 0.5000000000
115779  -13.355  2.248  73.788 0.5000000000
125320  -13.314  2.045  73.090 0.5000000000
71763  -12.998  2.831  72.027 0.5000000000
132253  -13.239  2.507  71.317 0.5000000000
71801  -13.560  2.363  68.666 0.5000000000
123804  -0.981  -10.545  76.188 1.0000000000
60704  -0.880  -8.755  76.955 1.0000000000
72622  -13.152  3.882  74.393 0.3750000000
71749  -13.204  2.836  73.058 0.3750000000
72657  -13.111  3.505  70.422 0.3750000000
69891  -13.738  0.964  69.818 0.6250000000
71814  -14.014  2.093  67.177 0.1250000000
60707  -1.842  -9.187  76.344 1.0000000000
115375  -12.719  4.545  73.871 0.3750000000
121655  -12.513  4.472  73.064 0.3750000000
72639  -12.794  3.558  72.563 0.3750000000
73486  -12.606  4.308  71.510 0.3750000000
73496  -12.988  4.310  70.307 0.3750000000
72667  -13.228  3.845  69.703 0.3750000000
69904  -13.844  0.967  69.012 0.6250000000
70899  -13.768  1.805  67.970 0.5000000000
59725  -1.953  -9.815  75.876 1.0000000000
60710  -2.553  -9.202  75.663 1.0000000000
61646  -2.353  -8.658  76.083 1.0000000000
61649  -2.767  -8.378  75.342 1.0000000000
129119  -12.363  5.088  72.547 0.3750000000
74366  -12.444  5.033  71.698 0.3750000000
73509  -12.982  5.203  70.299 0.2500000000
73510  -13.253  4.767  69.536 0.2500000000
69905  -14.353  0.271  68.677 0.6250000000
69925  -14.573  0.739  66.950 0.6250000000
74361  -12.335  5.672  72.112 0.3750000000
74370  -12.794  5.971  70.697 0.2500000000
74380  -13.167  6.027  69.887 0.2500000000
74381  -13.336  5.610  69.186 0.2500000000
69926  -15.034  0.318  66.523 0.6250000000
70911  -14.896  0.980  66.208 0.5000000000
61650  -3.074  -8.642  74.959 1.0000000000
61653  -2.994  -7.853  74.612 1.0000000000
62555  -2.755  -7.033  74.287 1.0000000000
75255  -13.213  6.823  69.714 0.2500000000
68994  -15.502  -0.426  66.498 0.6250000000
69004  -16.015  -0.003  65.004 0.5000000000
63493  -27.108  -6.348  69.931 0.3750000000
63482  -27.227  -6.594  70.946 0.3750000000
63473  -26.443  -7.684  71.456 0.3750000000
63474  -27.480  -6.836  71.889 0.3750000000
117610  -3.040  -5.937  73.843 1.0000000000
64340  -2.657  -5.146  73.226 1.0000000000
68999  -16.220  -0.817  65.119 0.6250000000
63492  -26.320  -7.324  69.562 0.3750000000
62594  -25.637  -8.790  70.064 0.3750000000
62560  -3.063  -7.299  73.695 0.8750000000
63452  -3.105  -6.074  73.354 0.8750000000
64339  -1.994  -3.979  72.949 1.0000000000
69005  -16.404  -0.436  64.186 0.5000000000
69936  -16.077  0.433  64.247 0.5000000000
62609  -25.861  -9.382  68.719 0.3750000000
61661  -3.343  -7.456  72.353 0.8750000000
62565  -3.091  -7.029  72.697 0.8750000000
68077  -16.591  -1.109  62.658 0.5000000000
127975  -16.539  -0.375  63.143 0.2500000000
123651  -31.489  -6.464  67.300 0.3750000000
61662  -3.679  -7.867  72.066 0.8750000000
60761  -25.636  -10.874  66.358 0.5000000000
62598  -6.198  -7.702  68.294 0.8750000000
62606  -7.178  -8.019  67.047 0.8750000000
62611  -6.755  -7.277  66.573 0.8750000000
116357  -7.236  -6.828  63.904 0.3750000000
63550  -7.428  -6.451  62.906 0.3750000000
68126  -17.481  -1.695  59.217 0.3750000000
59796  -25.064  -11.706  65.032 0.5000000000
60773  -25.974  -10.945  64.657 0.3750000000
63548  -31.676  -6.135  65.290 0.3750000000
67250  -46.838  -2.562  59.440 0.8750000000
66353  -47.225  -3.281  59.077 1.0000000000
66354  -48.065  -3.541  59.941 0.8750000000
61672  -5.817  -8.274  69.827 0.8750000000
62597  -5.226  -7.452  68.741 0.8750000000
118986  -6.043  -6.565  66.007 0.8750000000
118630  -6.472  -6.560  65.083 0.8750000000
63541  -6.719  -6.545  64.374 0.7500000000
68125  -16.804  -1.897  59.945 0.5000000000
68150  -18.081  -1.883  58.596 0.5000000000
58914  -24.802  -11.985  64.463 0.5000000000
64438  -32.172  -6.038  64.361 0.3750000000
131241  -31.673  -6.066  64.689 0.3750000000
68141  -44.993  -1.096  59.758 0.7500000000
68164  -46.445  -1.871  59.870 0.8750000000
67251  -47.676  -2.880  60.235 0.8750000000
66338  -48.425  -3.081  60.758 0.8750000000
62588  -4.443  -7.422  69.506 0.8750000000
63549  -6.568  -6.138  63.683 0.6250000000
67256  -19.020  -2.929  57.756 0.3750000000
66359  -19.199  -3.480  57.579 0.5000000000
59806  -23.766  -11.643  64.029 0.6250000000
64454  -32.903  -5.870  63.860 0.3750000000
135466  -43.053  -0.864  62.169 0.7500000000
68104  -43.255  -0.889  61.227 0.8750000000
69081  -44.577  -0.796  60.477 0.7500000000
69082  -45.493  -0.831  60.767 0.8750000000
68143  -46.925  -1.534  60.972 0.7500000000
68144  -47.843  -1.515  61.254 0.7500000000
67236  -49.074  -2.377  60.857 0.8750000000
67237  -50.190  -3.278  59.562 0.8750000000
65463  -20.379  -4.446  57.501 0.5000000000
60800  -22.987  -10.226  62.123 0.6250000000
58951  -23.766  -12.041  62.678 0.6250000000
64455  -33.883  -5.636  63.694 0.3750000000
68073  -41.163  -1.365  63.883 0.6250000000
68088  -41.902  -1.248  63.330 0.6250000000
116269  -42.539  -1.065  62.718 0.7500000000
69033  -43.282  -0.620  63.007 0.6250000000
69045  -44.827  -0.260  62.428 0.6250000000
69063  -46.075  -0.416  61.723 0.7500000000
69064  -46.956  -0.225  61.564 0.6250000000
69065  -47.682  -0.373  61.147 0.7500000000
68145  -48.701  -1.653  60.944 0.7500000000
68146  -49.380  -1.555  60.085 0.7500000000
67252  -49.766  -2.346  59.866 0.6250000000
67253  -50.511  -2.342  58.784 0.6250000000
65464  -21.017  -4.981  57.615 0.5000000000
64521  -22.167  -5.939  58.645 0.6250000000
61752  -22.714  -9.249  60.225 0.6250000000
64440  -34.535  -5.479  64.712 0.3750000000
135172  -39.230  -2.059  65.525 0.5000000000
67183  -39.490  -2.149  65.148 0.5000000000
67184  -39.867  -1.779  64.614 0.6250000000
68059  -41.287  -0.876  64.234 0.6250000000
68074  -41.840  -0.846  64.122 0.6250000000
68075  -42.218  -0.359  64.268 0.6250000000
69024  -44.106  0.461  63.552 0.6250000000
69962  -44.670  0.874  63.464 0.6250000000
70953  -45.272  1.047  63.002 0.6250000000
69988  -46.771  0.805  61.462 0.6250000000
70977  -46.686  1.639  60.754 0.6250000000
70001  -48.316  0.241  60.239 0.5000000000
69093  -48.891  -0.136  59.789 0.6250000000
68165  -50.188  -1.471  59.117 0.6250000000
66329  -7.812  -3.000  59.822 0.1250000000
65426  -7.588  -4.240  60.837 0.1250000000
62657  -22.737  -8.161  59.849 0.6250000000
65389  -35.823  -4.704  66.015 0.3750000000
66272  -35.644  -4.320  66.069 0.3750000000
68042  -38.118  -2.507  65.897 0.5000000000
68055  -38.268  -1.634  65.349 0.3750000000
68056  -39.144  -1.572  65.357 0.5000000000
69008  -39.503  -0.887  64.671 0.5000000000
69022  -40.098  -0.230  64.093 0.6250000000
69950  -40.925  0.139  64.015 0.6250000000
69951  -41.554  0.393  63.981 0.7500000000
69961  -42.287  0.717  63.573 0.7500000000
70951  -43.576  1.387  62.934 0.5000000000
70987  -47.574  1.828  59.617 0.5000000000
70010  -48.673  0.688  59.388 0.5000000000
70011  -49.384  0.590  58.735 0.3750000000
70012  -50.105  0.089  58.411 0.5000000000
66321  -7.324  -3.464  60.521 0.1250000000
67181  -36.791  -2.680  65.576 0.3750000000
68054  -37.447  -2.123  65.474 0.3750000000
68072  -38.722  -0.900  64.620 0.5000000000
69021  -39.188  -0.384  63.919 0.6250000000
69949  -40.412  0.281  63.440 0.6250000000
71893  -47.137  2.369  58.805 0.3750000000
70996  -48.047  2.057  58.790 0.3750000000
70997  -48.750  1.481  58.717 0.3750000000
70019  -50.185  0.848  57.887 0.3750000000
67193  -35.703  -1.836  63.979 0.5000000000
68068  -35.316  -1.694  63.151 0.5000000000
68069  -36.106  -1.454  63.433 0.5000000000
68070  -36.930  -1.201  63.743 0.3750000000
68086  -37.373  -0.726  62.979 0.5000000000
69020  -38.306  -0.511  63.545 0.5000000000
71899  -46.835  2.407  57.672 0.3750000000
71901  -49.238  2.281  57.303 0.3750000000
71010  -49.546  1.645  57.846 0.3750000000
131643  -50.322  1.525  57.283 0.3750000000
68124  -7.412  -1.714  59.078 0.1250000000
68099  -35.511  -1.341  61.608 0.3750000000
123645  -36.207  -1.212  62.051 0.3750000000
135287  -37.482  -0.734  62.053 0.3750000000
120671  -47.497  2.504  56.972 0.3750000000
71905  -48.188  2.466  56.209 0.3750000000
71906  -49.364  2.493  56.416 0.3750000000
124647  -50.083  2.198  57.009 0.3750000000
68116  -34.806  -1.348  59.987 0.1250000000
133728  -35.774  -1.310  60.840 0.1250000000
71029  -46.815  1.970  55.372 0.3750000000
71913  -47.753  2.177  55.230 0.3750000000
71914  -48.877  2.560  55.425 0.3750000000
131810  -49.971  2.603  55.454 0.3750000000
68135  -34.721  -1.458  59.143 0.1250000000
71920  -48.478  2.316  54.529 0.3750000000
116205  -49.493  2.611  54.658 0.3750000000
71922  -51.150  2.446  54.595 0.3750000000
71932  -50.902  2.762  53.959 0.3750000000
137372  -34.155  -1.573  57.683 0.1250000000
139121  -33.419  -1.656  56.525 0.1250000000
71930  -49.002  2.464  53.728 0.3750000000
115093  -49.906  2.836  53.359 0.3750000000
72797  -52.171  3.043  52.873 0.5000000000
71945  -49.771  3.040  52.520 0.3750000000
72795  -50.637  3.465  52.368 0.5000000000
72803  -52.752  2.904  52.235 0.5000000000
71955  -49.743  3.358  51.751 0.3750000000
72800  -50.506  3.753  51.738 0.5000000000
71956  -53.186  2.733  51.595 0.6250000000
71961  -53.401  3.091  51.089 0.6250000000
72807  -49.903  3.678  51.076 0.5000000000
72808  -50.912  4.160  51.257 0.5000000000
71081  -53.102  2.111  50.909 0.7500000000
71090  -52.935  2.059  50.017 0.7500000000
122541  -50.078  4.058  50.386 0.5000000000
71967  -53.167  2.896  49.751 0.7500000000
71976  -52.819  2.888  48.896 0.8750000000
117087  -52.498  2.920  48.030 0.8750000000
71974  -47.144  2.677  48.855 0.3750000000
72822  -47.980  3.004  49.389 0.3750000000
72815  -49.344  3.892  49.623 0.3750000000
72821  -46.842  3.154  48.123 0.2500000000
72834  -52.774  3.486  47.557 0.6250000000
72841  -52.179  3.608  45.930 0.3750000000
73701  -52.913  4.114  45.999 0.3750000000
60690  -7.751  -9.659  78.926 0.8750000000
61626  -8.383  -9.123  79.940 0.8750000000
59715  -7.218  -11.263  79.047 0.8750000000
60691  -8.166  -10.117  79.987 0.8750000000
62522  -9.128  -7.691  80.528 0.8750000000
63406  -9.386  -6.928  80.851 0.7500000000
117002  -15.531  -2.474  78.272 0.6250000000
58819  -3.108  -11.292  79.616 1.0000000000
57952  -4.187  -12.243  79.351 1.0000000000
57953  -5.120  -12.533  79.224 0.8750000000
65247  -10.313  -4.868  81.329 0.7500000000
58808  -0.840  -11.815  80.410 1.0000000000
58818  -2.320  -10.985  80.092 1.0000000000
57079  -4.535  -12.899  79.513 0.8750000000
67936  -14.760  -0.801  77.610 0.6250000000
58815  0.380  -10.953  79.615 1.0000000000
59705  -0.849  -9.908  80.093 1.0000000000
67048  -12.763  -2.447  79.784 0.6250000000
67921  -13.034  -1.560  79.601 0.6250000000
69820  -14.476  0.817  77.647 0.5000000000
131323  -14.421  -0.126  77.207 0.6250000000
69829  -13.995  0.456  76.617 0.6250000000
128079  0.548  -10.529  78.950 1.0000000000
60687  -0.306  -8.911  79.605 1.0000000000
61623  -0.144  -7.614  79.300 1.0000000000
68865  -13.736  -0.654  80.461 0.5000000000
71721  -14.127  2.238  77.054 0.5000000000
70811  -14.087  1.392  76.887 0.5000000000
70810  -13.703  1.960  76.238 0.5000000000
69828  -13.650  1.090  75.969 0.6250000000
71778  -13.320  2.635  70.522 0.5000000000
128336  -0.105  -10.703  76.679 1.0000000000
60702  0.453  -8.180  78.507 1.0000000000
62526  0.568  -7.293  79.012 1.0000000000
61642  -1.659  -8.501  77.757 1.0000000000
61641  -0.411  -7.934  78.015 1.0000000000
70794  -14.131  1.921  80.479 0.5000000000
71713  -14.614  2.392  79.707 0.5000000000
116043  -14.452  3.065  78.267 0.5000000000
72613  -14.116  3.078  77.256 0.5000000000
132100  -13.718  3.381  76.523 0.5000000000
71720  -13.772  2.747  76.429 0.5000000000
71729  -13.553  2.571  75.563 0.5000000000
117686  -13.320  3.151  69.883 0.5000000000
59719  -0.151  -9.504  76.746 1.0000000000
62543  -1.679  -8.493  77.004 1.0000000000
71710  -14.392  2.545  80.217 0.5000000000
123075  -14.501  3.767  78.842 0.5000000000
73449  -13.776  4.671  77.485 0.5000000000
72609  -13.778  3.883  76.977 0.3750000000
72618  -13.527  3.306  75.807 0.3750000000
119198  -13.516  3.281  68.313 0.5000000000
71827  -14.307  2.406  66.297 0.3750000000
71826  -13.888  2.960  66.896 0.1250000000
128634  -2.357  -8.170  76.391 1.0000000000
73452  -13.505  4.520  76.611 0.3750000000
122506  -13.244  4.825  75.766 0.3750000000
73459  -13.036  4.687  74.749 0.3750000000
117494  -13.389  4.089  68.971 0.2500000000
72677  -13.501  4.052  68.250 0.2500000000
70900  -14.145  1.266  67.449 0.5000000000
63465  -29.040  -7.026  73.186 0.3750000000
62551  -2.617  -8.015  75.627 1.0000000000
74336  -13.075  5.809  75.907 0.3750000000
74335  -12.823  5.537  75.069 0.3750000000
74344  -12.638  5.358  74.190 0.3750000000
74353  -12.436  5.212  73.345 0.3750000000
73520  -13.457  4.955  68.508 0.2500000000
70917  -14.758  1.773  65.882 0.2500000000
135478  -14.644  2.408  65.612 0.2500000000
63432  -2.599  -7.354  75.071 1.0000000000
63443  -2.806  -6.556  74.536 1.0000000000
117727  -12.405  6.016  73.597 0.3750000000
75240  -12.532  6.676  71.178 0.2500000000
75256  -13.349  6.472  69.122 0.2500000000
75265  -13.466  6.074  68.283 0.2500000000
70918  -15.233  1.238  65.420 0.3750000000
63464  -27.820  -7.268  72.792 0.3750000000
118171  -29.897  -6.798  72.277 0.3750000000
75235  -12.298  6.500  72.087 0.2500000000
75275  -13.560  6.218  67.258 0.2500000000
128359  -15.822  1.061  64.261 0.3750000000
70925  -15.509  1.480  64.670 0.3750000000
76151  -12.637  7.550  70.816 0.2500000000
75247  -12.932  6.748  70.376 0.2500000000
76159  -13.354  7.418  69.128 0.2500000000
121115  -13.465  6.904  68.490 0.2500000000
76185  -13.762  7.057  66.793 0.2500000000
69946  -16.128  1.035  63.529 0.3750000000
64351  -2.411  -4.763  73.090 1.0000000000
77084  -13.245  8.193  69.619 0.2500000000
76166  -13.592  7.647  68.183 0.2500000000
116870  -13.563  6.942  67.702 0.2500000000
124493  -16.328  0.230  63.566 0.3750000000
69026  -16.729  -0.278  62.111 0.2500000000
69956  -16.512  0.532  62.711 0.3750000000
115851  -31.962  -6.353  67.356 0.3750000000
129667  -3.181  -6.182  72.209 0.8750000000
69037  -16.879  -0.454  61.109 0.2500000000
63531  -31.788  -6.332  66.717 0.3750000000
64408  -32.268  -6.151  66.869 0.3750000000
62572  -3.386  -7.259  71.444 0.8750000000
68110  -16.743  -1.309  60.657 0.3750000000
119425  -17.780  -0.799  59.511 0.3750000000
59781  -24.854  -11.364  65.661 0.5000000000
64421  -32.964  -6.079  66.051 0.3750000000
61666  -3.865  -7.666  71.210 0.8750000000
62579  -4.127  -7.514  70.377 0.8750000000
62603  -4.477  -7.057  68.242 0.8750000000
62604  -5.402  -7.104  67.786 0.8750000000
63523  -5.197  -6.513  66.532 0.8750000000
115061  -4.868  -6.259  65.887 0.8750000000
68127  -18.299  -1.194  58.909 0.3750000000
69086  -19.161  -0.977  58.795 0.3750000000
121751  -33.026  -5.968  65.163 0.3750000000
123345  -32.717  -6.045  66.472 0.3750000000
62596  -4.192  -7.164  68.782 0.8750000000
63533  -5.558  -6.150  65.176 0.8750000000
63540  -6.075  -6.103  64.455 0.7500000000
136500  -5.924  -5.570  63.258 0.5000000000
67242  -19.295  -2.323  58.095 0.5000000000
64439  -33.816  -5.725  64.970 0.3750000000
64422  -33.652  -5.688  65.850 0.3750000000
64460  -6.206  -5.374  62.534 0.5000000000
65449  -21.041  -4.200  57.898 0.5000000000
65451  -22.001  -4.924  58.875 0.5000000000
64423  -34.488  -5.363  65.606 0.5000000000
65410  -5.701  -4.949  62.096 0.3750000000
65450  -21.484  -4.708  58.147 0.5000000000
64520  -21.632  -5.446  57.994 0.5000000000
63576  -22.599  -6.547  59.288 0.6250000000
62669  -22.868  -7.167  59.910 0.6250000000
61753  -22.900  -8.531  60.792 0.6250000000
65419  -7.086  -4.697  61.444 0.2500000000
66320  -6.422  -3.099  60.690 0.1250000000
66286  -35.444  -3.363  65.540 0.3750000000
67216  -6.587  -2.291  60.115 0.1250000000
67180  -35.746  -2.518  64.930 0.3750000000
67192  -35.000  -2.150  63.870 0.3750000000
67224  -6.763  -1.666  59.530 0.1250000000
68083  -34.914  -1.586  62.302 0.3750000000
70002  -6.522  0.211  58.629 0.1250000000
69068  -6.876  -1.050  58.970 0.1250000000
127507  -34.528  -1.492  61.465 0.1250000000
70013  -7.458  0.431  57.610 0.1250000000
68158  -34.588  -1.528  58.176 0.1250000000
115619  -32.900  -1.647  57.048 0.1250000000
72801  -51.303  3.830  52.048 0.5000000000
125623  -51.913  4.129  51.650 0.5000000000
137278  -52.492  3.951  51.736 0.5000000000
118457  -53.299  2.699  50.456 0.7500000000
124724  -51.773  4.385  51.041 0.5000000000
73675  -50.188  4.462  49.511 0.5000000000
73671  -51.058  4.541  50.429 0.5000000000
135392  -53.208  3.430  49.285 0.7500000000
130653  -47.663  3.367  48.472 0.3750000000
72823  -48.596  3.718  48.879 0.3750000000
72824  -49.364  4.227  48.954 0.3750000000
72825  -53.116  3.557  48.503 0.7500000000
72831  -46.440  3.601  47.419 0.2500000000
72832  -47.235  3.844  47.697 0.2500000000
138400  -53.276  3.958  47.889 0.8750000000
124548  -52.497  3.565  46.653 0.6250000000
72856  -52.203  3.831  45.197 0.3750000000
72866  -52.279  4.083  44.266 0.3750000000
73732  -52.483  4.206  43.437 0.2500000000
72880  -51.795  3.582  42.478 0.1250000000
61637  -7.372  -8.605  78.414 1.0000000000
61625  -7.908  -8.625  79.187 0.8750000000
62529  -8.416  -7.936  79.844 0.8750000000
63405  -8.705  -6.980  80.154 0.8750000000
60698  -6.259  -10.196  78.193 1.0000000000
124194  -6.866  -9.494  78.199 1.0000000000
60699  -7.125  -10.481  78.512 1.0000000000
60697  -5.195  -10.182  78.316 1.0000000000
59714  -6.078  -11.098  78.446 1.0000000000
64285  -8.809  -6.124  80.388 0.8750000000
59712  -3.984  -10.651  78.878 1.0000000000
59713  -4.746  -10.852  78.634 1.0000000000
58829  -5.269  -11.581  78.778 0.8750000000
58821  -5.736  -12.193  79.081 0.8750000000
64286  -9.583  -5.022  80.918 0.7500000000
59711  -3.408  -10.126  79.044 1.0000000000
60695  -3.379  -9.166  78.772 1.0000000000
65256  -9.895  -4.343  80.748 0.7500000000
66165  -11.299  -3.428  80.000 0.7500000000
132375  -2.760  -9.531  79.153 1.0000000000
60694  -2.299  -8.761  78.894 1.0000000000
61633  -2.895  -8.401  78.549 1.0000000000
67055  -12.421  -2.136  79.069 0.6250000000
61624  -1.097  -8.121  79.068 1.0000000000
61632  -1.938  -8.469  78.320 1.0000000000
68871  -13.009  -0.608  79.489 0.5000000000
61631  -0.351  -7.432  78.774 1.0000000000
62544  -2.649  -7.823  77.242 1.0000000000
70796  -13.106  1.773  79.951 0.5000000000
72685  -13.637  3.677  67.436 0.2500000000
62547  -2.275  -7.980  76.887 1.0000000000
71709  -14.070  2.707  80.514 0.5000000000
72604  -14.579  3.149  80.022 0.5000000000
72696  -14.127  3.255  66.131 0.1250000000
124778  -14.390  4.170  65.100 0.1250000000
63425  -2.571  -7.493  76.082 1.0000000000
137704  -14.445  4.527  80.109 0.5000000000
73450  -14.296  4.565  78.500 0.5000000000
74329  -13.412  5.322  76.767 0.5000000000
73531  -13.554  4.665  67.563 0.2500000000
122512  -14.086  4.143  65.886 0.1250000000
71838  -14.700  2.893  65.092 0.2500000000
72732  -15.698  3.912  63.487 0.2500000000
63433  -2.656  -6.774  75.481 1.0000000000
119853  -13.305  6.150  76.634 0.5000000000
75208  -13.053  6.662  76.042 0.3750000000
75219  -12.537  6.199  74.454 0.3750000000
74397  -13.525  5.463  67.683 0.2500000000
74405  -13.631  5.424  66.798 0.2500000000
74414  -14.312  5.700  65.398 0.1250000000
73554  -14.303  4.874  65.239 0.1250000000
73587  -16.450  4.314  63.259 0.1250000000
64329  -3.390  -5.242  74.828 1.0000000000
76122  -12.486  7.112  74.650 0.3750000000
76129  -12.305  7.498  73.394 0.3750000000
76135  -12.243  7.354  72.484 0.3750000000
75285  -14.275  6.441  65.655 0.1250000000
71839  -15.103  2.112  65.072 0.2500000000
71847  -15.160  2.818  64.296 0.2500000000
72733  -16.296  3.446  62.982 0.2500000000
73600  -17.051  3.935  62.789 0.2500000000
126745  -3.038  -4.643  73.510 1.0000000000
64328  -3.007  -5.376  73.763 1.0000000000
117700  -12.233  8.044  72.054 0.2500000000
118350  -12.388  8.013  71.382 0.2500000000
75284  -13.833  6.345  66.418 0.1250000000
70936  -16.024  1.884  63.273 0.2500000000
71858  -16.053  2.622  63.112 0.2500000000
71864  -16.568  2.779  62.527 0.2500000000
72739  -16.905  3.339  62.475 0.2500000000
65324  -1.772  -3.797  72.668 1.0000000000
65294  -2.182  -3.931  74.117 1.0000000000
77074  -12.644  8.405  70.864 0.2500000000
77083  -12.950  8.098  70.289 0.2500000000
76176  -14.211  7.867  66.357 0.1250000000
70944  -16.397  1.486  62.695 0.2500000000
125778  -16.339  2.181  62.709 0.2500000000
71865  -17.219  2.884  62.068 0.2500000000
132393  -13.368  8.867  69.391 0.2500000000
77091  -13.520  8.429  68.722 0.2500000000
77102  -14.267  8.566  66.818 0.2500000000
69964  -16.827  0.478  61.943 0.2500000000
70956  -17.370  1.653  61.485 0.2500000000
121946  -17.524  2.377  61.653 0.2500000000
120010  -3.222  -5.744  72.514 1.0000000000
77101  -13.866  8.475  67.745 0.2500000000
69965  -17.450  0.313  60.682 0.2500000000
70969  -17.801  1.247  60.816 0.2500000000
64398  -32.000  -6.343  67.483 0.3750000000
62571  -3.237  -6.896  71.650 0.8750000000
69069  -17.963  0.018  59.860 0.2500000000
69993  -18.621  0.396  59.725 0.2500000000
69070  -18.646  -0.300  59.277 0.3750000000
69994  -19.294  0.360  59.571 0.2500000000
65378  -32.699  -5.862  66.565 0.3750000000
63510  -4.201  -6.772  67.592 0.8750000000
63522  -3.892  -6.499  66.657 0.8750000000
137774  -3.825  -6.200  65.804 0.8750000000
64412  -4.466  -5.980  65.142 0.8750000000
64409  -33.095  -5.858  66.230 0.3750000000
62586  -3.140  -6.746  69.865 0.8750000000
62595  -3.593  -7.037  69.099 0.8750000000
63499  -3.343  -6.753  68.281 0.8750000000
127340  -3.141  -6.549  67.402 0.8750000000
64426  -5.152  -5.827  64.443 0.8750000000
64443  -4.876  -5.479  63.599 0.7500000000
64459  -5.294  -5.187  62.742 0.5000000000
67244  -20.946  -2.776  58.731 0.5000000000
65438  -21.906  -4.151  59.347 0.5000000000
65387  -34.370  -5.232  65.842 0.3750000000
64425  -4.066  -5.637  64.409 0.8750000000
64458  -4.271  -5.043  62.890 0.6250000000
65437  -21.527  -4.125  58.611 0.5000000000
128694  -22.356  -4.642  59.968 0.5000000000
64507  -22.495  -5.616  59.548 0.5000000000
63572  -23.069  -6.952  60.668 0.6250000000
62639  -23.455  -7.630  61.964 0.6250000000
65388  -35.197  -5.048  65.981 0.3750000000
65409  -4.762  -4.775  62.236 0.6250000000
63571  -22.823  -6.307  60.133 0.5000000000
62658  -22.930  -7.685  60.493 0.6250000000
62646  -23.132  -7.718  61.182 0.6250000000
66271  -34.718  -4.598  65.928 0.3750000000
66309  -4.844  -3.783  61.352 0.2500000000
67179  -34.787  -2.810  64.678 0.3750000000
69049  -3.654  -0.465  60.699 0.2500000000
68106  -3.794  -1.205  60.734 0.2500000000
68107  -4.490  -1.364  60.524 0.2500000000
67191  -34.151  -2.491  63.704 0.3750000000
136418  -3.399  3.335  61.760 0.1250000000
71878  -3.329  1.946  61.032 0.2500000000
126066  -3.903  0.042  60.363 0.2500000000
69050  -4.221  -0.579  60.387 0.2500000000
67215  -5.763  -2.323  60.480 0.1250000000
67203  -34.463  -2.002  62.960 0.3750000000
131677  -3.173  4.254  61.453 0.1250000000
71879  -3.692  2.251  60.562 0.1250000000
70968  -4.060  1.489  60.123 0.1250000000
139302  -5.313  0.030  59.574 0.1250000000
68109  -6.075  -1.655  59.951 0.1250000000
69991  -5.205  0.827  59.505 0.1250000000
69992  -5.980  0.357  59.137 0.1250000000
69066  -5.813  -0.469  59.491 0.1250000000
68115  -34.090  -1.486  60.569 0.1250000000
68134  -33.320  -1.512  59.998 0.1250000000
135922  -33.417  -1.539  59.326 0.1250000000
68157  -33.192  -1.564  58.676 0.1250000000
68173  -33.037  -1.601  57.861 0.1250000000
134859  -53.256  3.790  51.076 0.6250000000
72809  -52.643  4.185  51.236 0.5000000000
71962  -53.392  3.428  50.486 0.7500000000
73677  -52.243  4.676  50.432 0.5000000000
72816  -53.355  3.751  49.868 0.7500000000
137001  -50.492  4.879  49.067 0.5000000000
73676  -51.234  5.019  49.638 0.5000000000
74542  -52.315  5.269  49.734 0.5000000000
73679  -53.398  4.459  49.714 0.7500000000
72826  -53.469  4.036  49.207 0.7500000000
72839  -46.029  4.027  46.722 0.2500000000
72833  -48.047  4.128  48.014 0.3750000000
73683  -48.846  4.520  48.322 0.3750000000
116259  -50.732  5.429  48.695 0.5000000000
74544  -53.431  5.142  49.449 0.6250000000
73685  -53.698  4.781  48.971 0.8750000000
72835  -53.542  4.290  48.482 0.8750000000
73689  -46.792  4.323  47.012 0.2500000000
74556  -53.362  5.908  49.111 0.6250000000
74557  -53.779  5.462  48.946 0.7500000000
126482  -53.660  4.493  47.679 0.8750000000
72842  -53.171  4.018  47.084 0.6250000000
74570  -54.067  5.429  48.390 0.8750000000
73694  -54.235  5.270  47.465 0.8750000000
130160  -52.993  4.606  43.929 0.2500000000
72873  -52.378  3.986  42.611 0.2500000000
72881  -52.267  3.824  41.613 0.1250000000
129984  -52.869  4.229  41.931 0.2500000000
132850  -52.436  4.178  40.688 0.1250000000
136126  -52.725  4.578  40.398 0.2500000000
124820  -52.500  4.896  39.826 0.2500000000
78252  -57.441  9.106  34.049 0.2500000000
62528  -7.710  -7.736  78.818 0.8750000000
121160  -5.699  -9.323  77.992 1.0000000000
62538  -7.003  -7.580  78.128 0.8750000000
134380  -7.383  -6.919  78.503 0.8750000000
63410  -7.961  -6.810  79.370 0.8750000000
120691  -4.530  -9.192  78.355 1.0000000000
125314  -8.832  -5.218  80.550 0.8750000000
61635  -5.050  -8.117  77.909 1.0000000000
61634  -3.812  -8.276  78.404 1.0000000000
66155  -10.445  -3.743  80.378 0.7500000000
67047  -11.747  -2.827  79.362 0.6250000000
62535  -3.142  -7.829  78.111 1.0000000000
67928  -12.390  -1.416  78.664 0.6250000000
62534  -2.596  -8.132  77.733 1.0000000000
63413  -3.067  -7.324  77.601 1.0000000000
68880  -12.427  -0.539  78.643 0.5000000000
69807  -13.009  1.090  79.672 0.5000000000
70793  -13.584  2.172  80.340 0.5000000000
72708  -14.386  3.501  65.406 0.1250000000
72720  -15.203  3.563  63.912 0.1250000000
62548  -2.616  -7.327  76.728 1.0000000000
71708  -13.368  2.924  80.385 0.5000000000
73568  -14.697  4.627  64.545 0.1250000000
121663  -15.137  4.292  63.937 0.2500000000
73586  -15.800  4.745  63.613 0.1250000000
122208  -2.863  -6.183  75.870 1.0000000000
72601  -14.316  3.296  80.347 0.5000000000
74324  -14.399  5.298  79.133 0.5000000000
74425  -14.745  5.490  64.677 0.1250000000
73588  -17.343  4.595  63.366 0.1250000000
64313  -3.005  -6.061  75.060 1.0000000000
134314  -13.992  5.340  78.161 0.5000000000
72721  -18.843  4.016  63.944 0.2500000000
73589  -18.194  4.384  63.565 0.2500000000
75294  -14.840  6.461  64.876 0.1250000000
73601  -17.901  4.026  62.881 0.2500000000
65306  -2.664  -4.200  73.475 1.0000000000
121334  -3.627  -4.872  74.126 1.0000000000
117553  -12.729  7.147  75.455 0.3750000000
116758  -12.419  7.875  74.164 0.3750000000
135459  -12.271  8.022  72.782 0.3750000000
77942  -12.609  9.435  71.862 0.2500000000
76186  -14.203  7.151  65.970 0.1250000000
76198  -15.328  7.322  64.983 0.1250000000
72740  -17.583  3.478  62.341 0.2500000000
72742  -19.205  3.347  62.691 0.2500000000
77065  -12.421  8.658  71.600 0.2500000000
77075  -13.092  8.855  70.175 0.2500000000
77121  -14.824  7.919  65.569 0.1250000000
70957  -18.169  2.093  61.162 0.2500000000
71873  -18.093  2.938  61.757 0.2500000000
64352  -3.152  -5.073  72.929 1.0000000000
77978  -13.838  9.080  68.165 0.2500000000
77112  -14.695  8.518  66.100 0.1250000000
70958  -19.194  2.002  61.016 0.2500000000
71875  -19.717  2.448  61.726 0.2500000000
65369  -31.766  -5.692  67.839 0.3750000000
64359  -3.131  -6.009  71.254 1.0000000000
65334  -3.575  -5.164  70.740 1.0000000000
77979  -14.363  9.358  67.363 0.2500000000
77991  -14.871  9.187  66.432 0.1250000000
70971  -19.650  1.353  60.477 0.2500000000
65384  -32.536  -5.199  66.577 0.3750000000
65377  -32.239  -5.596  67.088 0.3750000000
63468  -3.161  -6.468  70.931 0.8750000000
64367  -3.081  -5.761  70.515 0.8750000000
64366  -2.995  -6.184  70.416 0.8750000000
63487  -2.902  -6.457  69.173 0.8750000000
65353  -3.350  -4.756  68.756 0.8750000000
69995  -20.109  0.275  59.678 0.2500000000
62577  -3.210  -6.819  70.706 0.8750000000
63478  -3.030  -6.483  70.064 0.8750000000
64373  -2.624  -6.194  68.482 0.8750000000
63498  -2.324  -6.158  67.445 0.8750000000
64389  -2.116  -6.025  66.875 0.8750000000
66252  -2.238  -4.809  66.043 0.8750000000
69072  -20.431  -0.509  59.465 0.2500000000
65386  -33.598  -5.471  66.017 0.3750000000
65385  -33.016  -5.409  66.298 0.3750000000
62578  -3.410  -7.130  70.567 0.8750000000
122849  -2.698  -6.408  68.272 0.8750000000
63509  -2.448  -6.294  67.509 0.8750000000
63521  -2.483  -6.291  66.941 0.8750000000
64424  -3.153  -5.286  64.536 0.8750000000
65391  -2.750  -4.692  64.191 0.8750000000
68129  -20.640  -1.283  59.270 0.3750000000
66334  -21.518  -3.395  59.212 0.5000000000
66270  -33.868  -4.751  65.840 0.3750000000
65398  -2.451  -4.272  63.716 0.7500000000
66325  -21.952  -3.726  60.005 0.5000000000
64494  -23.040  -6.142  60.922 0.6250000000
63566  -23.318  -6.824  61.419 0.6250000000
65400  -3.373  -4.827  62.896 0.7500000000
65407  -2.958  -4.401  62.574 0.6250000000
64493  -22.714  -5.464  60.442 0.5000000000
66284  -33.841  -3.835  65.352 0.3750000000
65415  -3.366  -4.130  61.962 0.6250000000
66285  -34.724  -3.661  65.488 0.3750000000
125659  -3.407  -1.164  61.305 0.3750000000
68105  -3.489  -1.036  60.944 0.2500000000
67213  -3.916  -1.911  60.828 0.2500000000
66318  -4.460  -3.149  61.085 0.3750000000
133694  -4.664  4.165  62.603 0.2500000000
72728  -3.880  3.455  62.463 0.2500000000
117687  -3.689  3.021  62.299 0.2500000000
128115  -3.305  0.998  61.639 0.2500000000
69048  -3.400  -0.406  61.018 0.2500000000
73581  -3.753  4.304  62.429 0.1250000000
72738  -3.509  3.823  62.138 0.1250000000
68097  -33.591  -1.652  61.322 0.2500000000
68082  -33.993  -1.826  62.130 0.3750000000
73580  -3.450  4.742  62.331 0.1250000000
73597  -3.253  4.669  62.119 0.1250000000
118060  -33.239  -1.567  60.666 0.1250000000
68114  -32.550  -1.503  60.324 0.1250000000
73690  -47.548  4.626  47.305 0.2500000000
74568  -48.616  5.653  47.177 0.3750000000
73692  -49.100  5.259  47.826 0.5000000000
74555  -51.483  6.077  48.593 0.5000000000
74541  -51.639  5.568  49.193 0.5000000000
124704  -52.454  5.959  49.149 0.6250000000
73700  -47.147  5.020  46.622 0.2500000000
75434  -52.139  6.553  48.538 0.6250000000
75435  -52.927  6.581  48.728 0.6250000000
73702  -53.734  4.609  46.679 0.6250000000
73714  -53.739  4.701  45.572 0.5000000000
73724  -53.756  4.858  44.525 0.5000000000
73741  -53.113  4.576  42.813 0.3750000000
73750  -53.678  4.903  40.980 0.2500000000
73749  -52.991  4.372  41.172 0.2500000000
117820  -53.097  4.680  40.596 0.2500000000
73758  -53.754  5.165  40.441 0.2500000000
73769  -53.862  5.340  39.945 0.2500000000
73757  -53.046  4.937  40.186 0.2500000000
74648  -54.779  5.531  39.667 0.2500000000
74661  -53.938  5.485  39.245 0.2500000000
74662  -55.197  5.678  39.033 0.2500000000
75539  -55.243  6.047  38.295 0.2500000000
75547  -56.394  6.659  37.491 0.2500000000
116383  -57.045  7.092  36.704 0.2500000000
76467  -57.688  7.456  36.073 0.2500000000
77373  -57.882  8.123  35.363 0.2500000000
77392  -58.016  8.670  34.622 0.2500000000
78254  -59.015  9.434  34.396 0.2500000000
78271  -58.971  9.766  33.836 0.2500000000
79085  -59.142  10.135  34.143 0.2500000000
79093  -58.750  10.396  33.477 0.2500000000
134099  -6.019  -7.295  77.741 1.0000000000
125253  -6.694  -6.595  78.054 1.0000000000
63418  -7.270  -5.970  78.712 1.0000000000
64289  -7.384  -5.186  79.404 1.0000000000
65263  -7.446  -4.465  80.068 1.0000000000
65254  -7.933  -3.918  80.497 0.8750000000
61636  -6.382  -8.416  77.911 1.0000000000
122472  -7.817  -5.916  79.514 0.8750000000
64290  -8.102  -5.409  80.058 0.8750000000
66153  -8.365  -3.587  80.463 0.7500000000
66163  -9.032  -2.905  79.966 0.7500000000
67059  -10.102  -2.287  77.830 0.7500000000
119625  -5.751  -6.289  77.954 1.0000000000
65255  -8.888  -4.301  80.564 0.7500000000
136056  -9.874  -3.302  79.881 0.7500000000
66164  -10.701  -3.227  79.543 0.7500000000
67053  -10.704  -2.497  78.292 0.7500000000
67934  -10.314  -1.713  77.196 0.7500000000
62537  -4.952  -6.881  77.970 1.0000000000
62536  -4.019  -7.383  78.283 1.0000000000
67054  -11.649  -2.226  78.459 0.6250000000
67060  -10.907  -2.019  77.738 0.7500000000
63415  -4.038  -6.381  78.313 1.0000000000
63414  -3.491  -6.901  78.081 1.0000000000
64295  -3.985  -5.257  78.466 1.0000000000
68879  -11.919  -0.372  78.014 0.5000000000
130112  -11.644  -0.961  77.452 0.5000000000
118384  -3.591  -5.973  78.063 1.0000000000
128730  -12.762  0.242  79.271 0.5000000000
70799  -12.380  1.837  79.319 0.5000000000
128987  -12.242  0.155  78.575 0.5000000000
64301  -3.338  -5.633  77.646 1.0000000000
71712  -12.774  2.429  79.927 0.5000000000
72710  -19.463  3.463  65.446 0.2500000000
64304  -3.020  -5.857  76.495 1.0000000000
72600  -13.952  3.457  80.593 0.5000000000
74443  -17.259  5.202  63.837 0.1250000000
74442  -16.616  5.080  63.613 0.1250000000
73570  -17.781  4.875  63.897 0.1250000000
72709  -18.871  4.056  64.869 0.2500000000
64314  -3.216  -5.599  75.821 1.0000000000
74320  -14.428  5.083  79.972 0.5000000000
74323  -14.155  6.113  78.653 0.5000000000
74427  -16.749  5.750  64.088 0.1250000000
132309  -15.955  5.496  63.864 0.1250000000
116145  -13.641  6.008  77.545 0.5000000000
75201  -13.463  6.949  76.974 0.2500000000
75306  -17.102  6.232  64.728 0.1250000000
65295  -4.248  -4.772  75.286 1.0000000000
76108  -13.059  7.525  76.094 0.3750000000
76208  -15.941  7.021  64.716 0.1250000000
72722  -19.439  3.471  64.436 0.2500000000
124193  -4.639  -4.659  74.461 1.0000000000
76107  -12.614  8.015  75.179 0.3750000000
77040  -12.575  8.882  74.261 0.3750000000
75295  -16.596  6.878  64.904 0.1250000000
71848  -19.948  2.923  63.921 0.2500000000
72735  -19.355  3.464  63.499 0.2500000000
65307  -3.825  -4.825  73.525 1.0000000000
77048  -12.358  8.382  73.426 0.3750000000
76199  -16.148  7.521  65.053 0.1250000000
71859  -19.809  2.941  63.027 0.2500000000
65317  -4.274  -4.781  72.697 1.0000000000
65316  -3.176  -4.863  72.959 1.0000000000
77952  -12.760  9.183  71.012 0.2500000000
77122  -15.643  8.094  65.417 0.1250000000
119193  -20.469  1.829  61.972 0.2500000000
77960  -13.432  9.513  69.624 0.2500000000
77968  -13.633  9.292  68.853 0.2500000000
77992  -15.707  9.524  66.390 0.1250000000
77113  -15.277  8.709  65.888 0.1250000000
70959  -20.078  1.747  61.175 0.2500000000
65325  -3.733  -4.988  71.913 1.0000000000
64360  -3.334  -5.502  71.576 1.0000000000
115455  -3.482  -4.851  69.344 0.8750000000
78812  -14.684  10.263  67.619 0.2500000000
69966  -20.707  1.095  61.355 0.2500000000
120461  -3.228  -5.343  69.849 0.8750000000
65343  -2.864  -5.515  68.879 0.8750000000
65352  -2.679  -4.984  68.063 0.8750000000
69053  -20.811  -0.077  60.153 0.2500000000
65361  -2.183  -5.588  67.349 0.8750000000
65370  -2.403  -4.618  66.559 0.8750000000
65379  -2.263  -4.867  65.535 0.8750000000
68112  -21.409  -1.540  60.522 0.2500000000
67209  -21.583  -2.272  61.139 0.3750000000
66269  -33.130  -4.726  65.939 0.3750000000
65390  -2.422  -4.461  64.704 0.8750000000
69073  -21.056  -0.925  59.930 0.2500000000
67219  -21.512  -2.382  60.272 0.5000000000
66324  -21.760  -3.182  60.773 0.3750000000
130000  -22.146  -4.082  60.780 0.3750000000
66283  -32.938  -3.871  65.244 0.3750000000
66290  -2.487  -3.819  63.325 0.6250000000
121678  -21.646  -3.037  59.955 0.5000000000
138353  -22.660  -4.935  61.407 0.5000000000
66298  -2.608  -3.706  62.773 0.6250000000
67177  -33.090  -3.148  64.389 0.3750000000
119135  -33.389  -2.689  63.726 0.3750000000
66299  -2.802  -3.891  62.376 0.6250000000
67202  -33.412  -2.254  62.870 0.3750000000
132566  -6.594  3.248  63.113 0.6250000000
72730  -5.862  3.560  62.779 0.5000000000
118208  -5.571  2.808  62.919 0.3750000000
71854  -4.673  2.396  62.879 0.3750000000
69036  -3.354  -0.378  61.629 0.2500000000
68076  -3.344  -1.303  62.117 0.3750000000
68090  -3.498  -1.824  61.107 0.3750000000
66308  -3.915  -3.635  61.497 0.5000000000
116141  -5.479  4.149  62.642 0.3750000000
115610  -4.996  3.584  62.687 0.2500000000
71853  -3.974  2.406  62.680 0.2500000000
71852  -3.680  1.903  62.505 0.2500000000
115014  -4.875  4.763  62.615 0.2500000000
116872  -4.080  4.571  62.601 0.1250000000
74437  -3.102  5.364  62.352 0.1250000000
68095  -31.768  -1.505  60.799 0.1250000000
74581  -49.000  6.346  46.847 0.3750000000
75452  -49.539  6.903  46.510 0.5000000000
75433  -51.423  6.743  47.983 0.6250000000
76357  -52.320  8.007  47.436 0.6250000000
74579  -47.566  5.610  46.211 0.2500000000
74567  -47.890  5.332  46.902 0.2500000000
74569  -49.270  5.894  47.400 0.3750000000
117458  -50.664  6.187  47.966 0.5000000000
75445  -52.379  7.289  48.106 0.6250000000
75447  -54.485  6.986  48.044 0.8750000000
74571  -54.557  6.151  47.893 0.8750000000
74578  -46.854  5.267  45.923 0.2500000000
75436  -53.966  6.199  48.555 0.6250000000
74582  -54.953  6.204  46.832 0.8750000000
73703  -54.398  5.318  46.223 0.7500000000
73733  -53.775  5.016  43.504 0.5000000000
73734  -54.004  5.099  42.510 0.2500000000
73742  -54.293  5.209  41.562 0.2500000000
73751  -54.465  5.317  40.800 0.2500000000
73759  -54.595  5.433  40.216 0.2500000000
126125  -55.457  5.523  39.964 0.2500000000
139073  -55.581  5.604  39.505 0.2500000000
74663  -56.121  5.755  39.186 0.2500000000
132571  -56.040  5.972  38.651 0.2500000000
75541  -57.243  6.709  37.610 0.2500000000
76456  -57.926  7.091  36.902 0.2500000000
77374  -58.435  7.810  36.021 0.2500000000
118595  -58.956  8.537  35.792 0.2500000000
77375  -58.625  8.690  35.029 0.2500000000
78249  -59.081  9.224  35.176 0.2500000000
122050  -58.502  11.571  34.279 0.2500000000
64288  -6.836  -4.561  79.457 1.0000000000
67038  -8.321  -3.046  80.389 0.7500000000
63417  -6.325  -5.691  78.347 1.0000000000
64297  -6.670  -5.041  78.899 1.0000000000
65262  -6.525  -4.007  79.889 1.0000000000
66152  -7.538  -3.178  80.571 1.0000000000
67926  -9.242  -2.081  78.239 0.7500000000
121982  -5.780  -4.921  78.725 1.0000000000
65269  -6.120  -4.369  79.239 1.0000000000
63416  -4.794  -5.852  78.231 1.0000000000
132118  -5.519  -5.532  78.335 1.0000000000
67935  -11.047  -1.438  77.217 0.5000000000
69812  -11.803  0.534  78.032 0.5000000000
65266  -3.765  -4.283  78.711 1.0000000000
71714  -11.776  2.307  78.767 0.5000000000
71711  -11.983  2.782  79.389 0.5000000000
66170  -3.619  -3.698  78.446 1.0000000000
126896  -13.154  3.671  80.426 0.5000000000
73443  -12.221  3.957  80.021 0.5000000000
72603  -12.471  3.162  79.995 0.5000000000
72697  -19.482  3.490  66.405 0.2500000000
66176  -3.652  -3.959  77.621 1.0000000000
74319  -14.187  5.443  80.330 0.5000000000
117618  -19.977  2.944  66.879 0.2500000000
65276  -3.494  -4.775  77.023 1.0000000000
75194  -14.277  6.029  79.726 0.5000000000
75196  -14.147  6.911  79.031 0.3750000000
71828  -20.000  2.911  66.019 0.2500000000
120225  -13.746  7.526  77.614 0.3750000000
116524  -5.198  -4.430  75.444 1.0000000000
77036  -13.101  8.445  76.089 0.2500000000
71849  -20.453  2.281  64.285 0.2500000000
71840  -20.068  2.805  64.992 0.2500000000
125965  -5.644  -4.378  74.544 1.0000000000
77917  -12.973  9.753  74.579 0.2500000000
78758  -12.816  9.863  73.725 0.3750000000
71860  -20.370  2.381  63.370 0.2500000000
135584  -20.886  1.648  64.608 0.2500000000
65309  -6.013  -4.333  73.621 1.0000000000
77943  -13.044  9.925  71.276 0.2500000000
70946  -20.732  1.801  62.854 0.2500000000
65326  -4.721  -4.629  71.893 1.0000000000
131407  -5.124  -4.452  71.335 1.0000000000
65336  -4.996  -4.323  70.631 0.8750000000
69967  -21.235  0.363  61.954 0.2500000000
127590  -4.300  -4.722  71.008 1.0000000000
66233  -5.271  -3.759  69.212 0.8750000000
77953  -13.214  9.713  70.453 0.2500000000
69981  -21.100  0.239  60.994 0.2500000000
66238  -3.095  -4.383  67.610 0.8750000000
77969  -14.106  9.761  68.244 0.2500000000
77980  -15.089  9.941  66.868 0.2500000000
69038  -21.428  -0.465  61.641 0.2500000000
68092  -21.528  -1.361  61.398 0.2500000000
66302  -22.053  -3.719  62.178 0.2500000000
66245  -3.011  -4.230  66.886 0.8750000000
66253  -2.657  -4.007  66.045 0.8750000000
66262  -2.757  -3.692  65.244 0.8750000000
66313  -21.720  -3.001  61.731 0.2500000000
65422  -22.406  -4.401  61.590 0.3750000000
66268  -32.403  -4.470  65.948 0.3750000000
67154  -3.305  -3.055  64.937 0.7500000000
123401  -2.475  -4.026  64.784 0.7500000000
66276  -2.455  -3.967  64.105 0.7500000000
66314  -21.984  -3.689  61.418 0.3750000000
138816  -32.599  -4.153  65.550 0.3750000000
66282  -32.049  -3.601  65.152 0.3750000000
66281  -31.154  -3.099  65.218 0.3750000000
67170  -3.215  -2.864  64.175 0.7500000000
67176  -31.403  -2.904  64.424 0.3750000000
67169  -2.764  -3.374  63.732 0.7500000000
67185  -2.841  -3.106  62.936 0.6250000000
125616  -32.225  -3.083  64.328 0.3750000000
123773  -3.266  -2.049  62.814 0.3750000000
67196  -3.227  -2.421  62.261 0.5000000000
67190  -32.491  -2.604  63.398 0.3750000000
122612  -6.151  2.124  63.240 0.6250000000
121348  -3.649  -0.785  63.165 0.5000000000
117325  -3.408  -1.021  62.834 0.3750000000
67201  -32.462  -2.173  62.506 0.3750000000
70931  -4.463  1.745  63.043 0.2500000000
69941  -3.962  0.526  63.201 0.2500000000
132275  -3.659  -0.009  63.133 0.2500000000
69025  -3.365  -0.265  62.408 0.3750000000
73583  -6.642  4.087  62.839 0.6250000000
73598  -5.962  4.846  62.580 0.5000000000
68081  -32.999  -1.902  61.936 0.1250000000
68080  -31.869  -1.827  61.760 0.1250000000
75315  -4.642  6.113  62.713 0.3750000000
74438  -3.543  5.058  62.520 0.1250000000
75312  -2.537  5.928  62.474 0.1250000000
68096  -32.663  -1.641  61.129 0.1250000000
119386  -49.399  7.122  45.950 0.3750000000
75453  -50.351  7.185  46.840 0.5000000000
76365  -50.842  7.733  46.378 0.6250000000
75451  -48.786  6.668  46.077 0.3750000000
76358  -53.200  7.952  47.820 0.6250000000
76359  -54.192  7.796  47.837 0.8750000000
114943  -54.951  6.877  47.526 0.8750000000
75454  -55.260  7.217  46.812 0.8750000000
73715  -54.469  5.306  45.102 0.6250000000
138945  -54.429  5.455  43.188 0.5000000000
74611  -55.066  5.895  43.534 0.5000000000
74620  -54.926  5.642  42.432 0.2500000000
74637  -55.333  5.491  40.574 0.2500000000
75518  -56.714  5.957  39.389 0.2500000000
74649  -56.165  5.648  39.686 0.2500000000
75528  -56.720  6.104  38.850 0.2500000000
127843  -57.339  6.491  38.429 0.2500000000
77369  -58.877  8.042  36.421 0.2500000000
136529  -59.012  9.414  36.028 0.2500000000
120986  -58.943  10.219  35.677 0.2500000000
138053  -59.040  10.396  34.886 0.2500000000
80755  -58.375  11.815  35.135 0.2500000000
80757  -58.178  12.346  34.490 0.3750000000
68886  -9.003  -1.111  76.797 0.6250000000
136855  -9.894  -0.397  75.703 0.6250000000
68909  -9.532  0.080  75.392 0.6250000000
70829  -10.019  1.285  74.633 0.5000000000
66151  -6.631  -2.995  80.662 1.0000000000
65253  -7.031  -3.629  80.424 1.0000000000
135140  -7.658  -2.692  80.442 0.8750000000
67045  -8.159  -2.475  80.103 0.8750000000
68897  -9.843  -1.284  76.618 0.7500000000
68910  -10.327  -0.016  75.586 0.5000000000
70821  -10.521  1.433  75.063 0.5000000000
116814  -10.257  2.927  74.533 0.5000000000
65261  -5.617  -3.825  79.675 1.0000000000
66162  -6.132  -3.403  80.270 1.0000000000
67044  -7.328  -2.178  80.267 1.0000000000
67920  -7.788  -1.844  79.621 0.8750000000
67933  -9.558  -1.710  77.329 0.7500000000
68898  -10.305  -0.712  76.157 0.6250000000
68899  -11.073  0.053  76.354 0.5000000000
122300  -10.802  0.795  75.680 0.5000000000
71728  -10.660  2.388  75.243 0.5000000000
66161  -5.228  -3.280  80.010 1.0000000000
66150  -5.808  -2.789  80.481 1.0000000000
67913  -6.492  -1.956  80.470 1.0000000000
67924  -7.261  -1.181  79.051 0.8750000000
68878  -7.720  -0.795  78.219 0.8750000000
67944  -10.510  -1.237  76.738 0.6250000000
70809  -11.354  1.102  76.584 0.5000000000
70808  -11.044  1.773  75.953 0.5000000000
72617  -10.603  3.506  75.496 0.5000000000
65260  -4.669  -3.818  79.517 1.0000000000
67043  -5.004  -2.592  80.191 1.0000000000
67035  -5.598  -1.949  80.513 1.0000000000
67918  -5.934  -1.216  80.178 1.0000000000
68870  -6.278  -0.782  79.431 1.0000000000
68877  -6.707  -0.453  78.585 0.8750000000
70798  -11.885  1.500  78.487 0.5000000000
133596  -11.597  2.001  78.079 0.5000000000
71719  -11.406  2.150  77.171 0.5000000000
71718  -11.006  2.807  76.344 0.5000000000
65267  -4.232  -4.366  79.037 1.0000000000
65259  -3.967  -3.884  79.350 1.0000000000
66160  -4.356  -3.238  79.613 1.0000000000
68869  -5.461  -0.731  79.503 1.0000000000
68876  -5.763  -0.249  78.788 1.0000000000
68883  -6.160  0.114  78.208 0.8750000000
71716  -11.473  2.690  78.156 0.5000000000
72612  -11.202  3.185  77.477 0.5000000000
66168  -3.775  -3.522  79.115 1.0000000000
133389  -3.972  -2.907  79.296 1.0000000000
67042  -4.435  -2.424  79.721 1.0000000000
73438  -13.049  4.366  80.497 0.5000000000
72602  -11.855  3.445  79.562 0.5000000000
73442  -11.434  4.058  79.406 0.5000000000
73446  -11.095  4.060  78.706 0.5000000000
72608  -11.307  3.428  78.391 0.5000000000
67051  -3.760  -2.975  78.785 1.0000000000
67923  -4.436  -1.487  78.833 1.0000000000
68875  -5.072  -0.309  78.684 1.0000000000
75193  -13.999  6.917  79.859 0.3750000000
124218  -13.666  5.128  80.669 0.5000000000
74314  -12.813  5.815  80.697 0.3750000000
73441  -11.392  4.784  79.703 0.5000000000
70901  -20.563  1.875  67.939 0.2500000000
66171  -3.753  -3.106  78.059 1.0000000000
67930  -4.421  -1.197  78.104 1.0000000000
68874  -4.666  -0.673  78.364 1.0000000000
74315  -13.777  6.173  80.496 0.5000000000
71816  -20.283  2.402  67.404 0.2500000000
66185  -6.087  -3.246  75.952 1.0000000000
66178  -5.537  -3.125  76.590 1.0000000000
67064  -4.991  -2.555  77.113 1.0000000000
67058  -4.340  -2.625  77.695 1.0000000000
76096  -13.510  7.905  76.882 0.3750000000
131501  -13.961  7.614  78.373 0.3750000000
70912  -20.633  1.744  67.105 0.2500000000
71829  -20.353  2.334  66.579 0.2500000000
66194  -6.582  -3.277  75.075 1.0000000000
66193  -5.961  -3.962  75.460 1.0000000000
70919  -20.739  1.677  66.262 0.2500000000
67083  -6.921  -2.529  74.879 1.0000000000
70920  -21.159  1.013  65.870 0.2500000000
69931  -21.464  0.337  65.416 0.2500000000
65296  -6.497  -3.924  74.441 1.0000000000
77933  -12.640  9.679  72.767 0.2500000000
78775  -12.951  10.211  72.096 0.2500000000
70927  -21.266  1.057  64.130 0.2500000000
69937  -21.480  0.356  64.534 0.2500000000
66201  -6.816  -3.860  73.551 1.0000000000
69957  -21.386  0.414  62.854 0.2500000000
69947  -21.457  0.399  63.696 0.2500000000
120280  -5.658  -4.363  71.978 1.0000000000
66225  -5.796  -3.819  70.268 0.8750000000
78783  -13.422  10.489  70.763 0.2500000000
68065  -21.544  -0.995  63.086 0.3750000000
117573  -21.532  -1.865  62.933 0.2500000000
120388  -21.671  -1.894  64.243 0.2500000000
121127  -6.175  -3.484  69.581 0.8750000000
116291  -4.535  -3.779  68.399 0.8750000000
68078  -21.549  -1.184  62.275 0.2500000000
137516  -21.795  -2.867  64.073 0.2500000000
66246  -3.933  -3.814  67.483 0.8750000000
67198  -21.657  -2.100  62.047 0.2500000000
66255  -4.664  -3.324  66.863 0.7500000000
66254  -3.674  -3.623  66.500 0.8750000000
66301  -21.667  -2.919  62.769 0.2500000000
67144  -4.350  -3.081  66.033 0.7500000000
67155  -4.074  -2.768  65.272 0.7500000000
68032  -5.617  -2.049  65.022 0.7500000000
67171  -3.878  -2.464  64.527 0.7500000000
68046  -5.337  -1.575  64.275 0.7500000000
68045  -4.381  -1.841  64.110 0.7500000000
68044  -3.654  -2.160  63.836 0.6250000000
72731  -7.527  3.620  63.362 0.7500000000
71844  -7.933  2.302  63.856 0.7500000000
69015  -5.188  -0.348  63.560 0.6250000000
68061  -3.978  -1.373  63.595 0.6250000000
68043  -3.188  -2.612  63.423 0.5000000000
71856  -7.343  2.815  63.494 0.6250000000
71855  -6.572  2.596  63.269 0.6250000000
70933  -6.196  1.276  63.388 0.6250000000
69943  -5.666  0.411  63.476 0.5000000000
69014  -4.240  -0.398  63.393 0.3750000000
73584  -7.743  4.458  63.181 0.6250000000
70932  -5.332  1.937  63.132 0.5000000000
69942  -4.743  0.413  63.372 0.3750000000
75314  -3.845  6.332  62.909 0.1250000000
116661  -3.201  6.605  63.115 0.2500000000
115381  -2.583  6.502  62.972 0.2500000000
74452  -6.360  5.650  62.579 0.6250000000
74439  -5.239  5.535  62.620 0.5000000000
75313  -3.172  5.879  62.774 0.1250000000
75322  -2.152  6.478  62.551 0.2500000000
76380  -50.477  7.672  45.732 0.5000000000
76366  -51.900  8.264  46.586 0.6250000000
76367  -52.991  8.480  47.130 0.6250000000
77286  -53.859  8.733  46.855 0.6250000000
126144  -53.782  8.356  47.438 0.7500000000
76360  -54.881  7.611  47.446 0.8750000000
75455  -55.456  7.542  46.081 0.7500000000
75466  -55.457  6.823  45.968 0.7500000000
75476  -55.546  6.668  44.979 0.6250000000
74605  -55.133  5.912  44.561 0.6250000000
74628  -55.180  5.523  41.368 0.3750000000
74629  -56.033  5.670  41.086 0.2500000000
74638  -56.119  5.594  40.288 0.3750000000
75529  -57.683  6.581  38.875 0.2500000000
75542  -57.957  6.801  38.368 0.2500000000
138490  -57.742  6.799  37.790 0.2500000000
77361  -58.793  8.297  37.244 0.3750000000
78247  -58.931  8.995  36.677 0.2500000000
79082  -58.660  10.303  36.868 0.2500000000
79917  -58.538  11.209  36.459 0.2500000000
128100  -58.668  11.130  35.509 0.2500000000
80754  -58.089  12.770  35.691 0.3750000000
81649  -57.807  13.829  35.827 0.3750000000
120640  -57.869  13.357  34.777 0.2500000000
82526  -57.518  14.851  35.977 0.3750000000
81650  -57.734  13.893  34.003 0.2500000000
82533  -57.572  14.512  34.932 0.3750000000
126323  -56.410  16.276  33.975 0.2500000000
138822  -56.529  15.893  33.126 0.2500000000
84301  -56.633  15.883  32.229 0.2500000000
68896  -8.459  -0.355  76.453 0.7500000000
69846  -9.436  0.891  74.822 0.7500000000
67925  -8.257  -1.589  78.705 0.8750000000
67932  -8.654  -1.351  77.731 0.8750000000
68908  -8.779  -0.070  75.781 0.7500000000
68885  -8.096  -0.570  77.308 0.8750000000
69845  -8.572  1.273  74.756 0.7500000000
70828  -9.368  1.741  74.362 0.7500000000
69827  -8.010  0.337  76.146 0.7500000000
69837  -8.528  0.606  75.356 0.7500000000
136897  -9.295  2.903  73.849 0.6250000000
72621  -10.135  3.865  74.594 0.5000000000
68895  -7.635  0.188  76.952 0.7500000000
70820  -7.882  1.139  75.239 0.7500000000
71748  -8.908  3.238  73.688 0.6250000000
73458  -10.565  4.456  76.071 0.5000000000
72611  -10.842  3.783  76.739 0.5000000000
69818  -6.850  0.530  77.204 0.8750000000
69836  -7.545  0.915  75.865 0.7500000000
70827  -7.772  1.607  74.766 0.7500000000
74322  -10.314  5.394  78.662 0.3750000000
138762  -10.580  4.758  77.786 0.5000000000
70819  -7.139  1.403  75.489 0.7500000000
73445  -10.782  4.639  79.063 0.5000000000
73448  -10.660  4.674  78.401 0.5000000000
124899  -5.336  0.698  77.347 0.8750000000
70818  -6.032  1.565  75.687 0.7500000000
75192  -11.161  6.030  80.032 0.3750000000
70870  -20.490  1.426  70.496 0.2500000000
68882  -4.448  -0.275  77.491 1.0000000000
69816  -4.605  0.589  77.247 1.0000000000
75187  -11.963  6.360  80.691 0.3750000000
69914  -20.885  1.381  68.521 0.2500000000
137560  -20.495  1.965  68.675 0.2500000000
67931  -4.501  -1.857  77.721 1.0000000000
67941  -4.449  -0.791  77.390 1.0000000000
136428  -13.731  8.235  79.650 0.3750000000
121802  -21.296  0.664  68.262 0.2500000000
67072  -6.410  -2.669  75.559 1.0000000000
67943  -5.840  -2.401  76.366 1.0000000000
76089  -13.789  8.196  77.692 0.3750000000
70902  -20.984  1.188  67.651 0.2500000000
69921  -21.434  0.335  67.327 0.2500000000
77035  -12.931  9.066  75.274 0.2500000000
70913  -21.033  1.039  66.762 0.2500000000
69927  -21.445  0.329  66.316 0.2500000000
67957  -7.441  -2.291  74.120 1.0000000000
131517  -13.070  10.225  74.197 0.3750000000
69000  -21.543  -0.399  64.945 0.2500000000
66195  -7.269  -3.244  74.188 1.0000000000
122131  -21.610  -0.828  63.733 0.2500000000
67095  -7.569  -2.772  73.359 1.0000000000
66202  -7.286  -3.405  73.320 1.0000000000
65327  -6.448  -3.963  71.975 1.0000000000
66226  -6.762  -3.629  71.151 0.8750000000
124908  -21.615  -1.511  63.693 0.2500000000
120252  -6.771  -3.361  70.198 0.8750000000
66240  -6.112  -3.327  68.840 0.8750000000
67130  -6.936  -2.859  68.406 0.8750000000
120675  -5.353  -3.469  68.445 0.8750000000
66248  -5.923  -3.123  68.012 0.8750000000
67146  -6.304  -2.633  66.566 0.7500000000
67145  -5.297  -2.813  66.337 0.7500000000
67172  -4.680  -2.191  64.805 0.7500000000
69934  -7.989  0.784  64.155 0.6250000000
69017  -7.003  -0.467  63.951 0.7500000000
69002  -6.191  -1.049  64.121 0.7500000000
72718  -8.078  3.157  63.809 0.7500000000
118538  -7.106  1.943  63.469 0.7500000000
69945  -7.405  0.276  63.792 0.7500000000
69944  -6.649  0.328  63.579 0.7500000000
69016  -6.057  -0.357  63.718 0.7500000000
73566  -8.214  4.012  63.729 0.6250000000
73599  -7.076  4.979  62.706 0.6250000000
76219  -4.602  6.857  62.770 0.3750000000
76216  -2.154  7.260  63.082 0.2500000000
77284  -52.055  8.475  45.596 0.5000000000
77295  -54.026  8.869  45.924 0.7500000000
121447  -50.678  7.706  44.967 0.5000000000
136729  -51.437  8.149  45.046 0.5000000000
77285  -52.948  8.760  46.286 0.6250000000
77287  -54.585  8.585  46.588 0.7500000000
77296  -54.969  8.534  45.917 0.7500000000
75467  -55.609  7.410  45.295 0.6250000000
76369  -55.142  8.069  46.613 0.8750000000
75477  -55.803  7.306  44.432 0.6250000000
77358  -50.300  8.862  37.272 0.1250000000
75484  -56.144  7.119  43.496 0.6250000000
74612  -55.669  6.342  43.021 0.6250000000
75493  -56.248  6.630  42.613 0.6250000000
74621  -55.831  5.985  42.032 0.6250000000
74639  -56.702  5.872  39.970 0.3750000000
130806  -57.234  6.301  39.096 0.2500000000
76440  -58.120  6.960  39.070 0.3750000000
77360  -58.393  7.585  38.474 0.3750000000
79916  -58.162  11.911  36.899 0.5000000000
80751  -57.946  12.596  36.520 0.3750000000
127873  -57.115  14.659  36.870 0.3750000000
121360  -57.730  13.290  36.281 0.3750000000
81646  -57.423  14.138  36.505 0.3750000000
82520  -57.233  15.213  36.639 0.3750000000
138717  -57.341  15.232  34.596 0.3750000000
83397  -56.921  16.371  35.587 0.3750000000
83407  -57.087  15.718  34.246 0.2500000000
84276  -56.619  16.563  34.944 0.3750000000
83405  -55.652  16.490  34.267 0.3750000000
83419  -54.881  15.691  33.618 0.3750000000
83420  -55.747  16.118  33.451 0.2500000000
83432  -56.141  16.071  32.687 0.2500000000
83430  -54.172  15.104  32.931 0.2500000000
121605  -9.575  4.309  74.123 0.6250000000
73457  -10.193  5.087  75.479 0.5000000000
74334  -9.882  5.900  75.778 0.5000000000
130849  -9.106  4.698  73.845 0.6250000000
74328  -10.352  5.282  76.436 0.5000000000
74327  -9.945  6.095  76.885 0.5000000000
71736  -7.730  2.280  74.099 0.7500000000
74321  -10.066  5.866  79.114 0.3750000000
74325  -10.111  5.844  77.889 0.3750000000
75198  -9.560  6.393  77.656 0.3750000000
70826  -6.883  1.853  74.843 0.7500000000
74317  -10.715  5.411  79.491 0.3750000000
115877  -5.007  1.462  76.207 0.8750000000
76070  -11.908  7.284  80.879 0.3750000000
76069  -10.774  7.463  80.712 0.3750000000
69815  -4.116  0.403  76.982 0.8750000000
70817  -3.908  1.358  76.267 0.8750000000
130975  -13.118  8.442  80.281 0.3750000000
77021  -11.891  9.027  80.509 0.3750000000
67950  -5.369  -1.311  76.167 1.0000000000
68894  -4.451  -0.482  76.656 1.0000000000
68893  -4.057  0.125  76.805 1.0000000000
131079  -13.852  8.343  78.467 0.3750000000
77022  -13.589  8.940  79.572 0.3750000000
69906  -21.171  0.841  69.119 0.2500000000
67951  -6.370  -1.923  75.568 1.0000000000
68907  -5.816  -1.012  75.328 1.0000000000
77913  -13.505  9.676  77.084 0.2500000000
77031  -13.746  8.998  77.794 0.2500000000
69915  -21.485  0.239  68.813 0.2500000000
69907  -21.425  0.155  69.579 0.2500000000
67968  -7.153  -1.321  73.911 1.0000000000
67956  -6.790  -1.623  74.747 1.0000000000
116727  -13.246  9.393  76.171 0.2500000000
120284  -13.329  10.464  76.322 0.2500000000
124914  -21.711  -0.546  67.409 0.2500000000
78756  -13.222  10.532  74.647 0.3750000000
68929  -7.413  -1.007  73.053 1.0000000000
67102  -7.715  -2.446  72.484 1.0000000000
78759  -13.250  10.754  73.847 0.3750000000
67969  -7.641  -1.894  73.259 1.0000000000
66221  -7.541  -2.996  71.627 1.0000000000
66234  -7.457  -2.875  70.035 0.8750000000
67132  -8.130  -2.116  68.743 0.6250000000
67138  -7.474  -2.433  67.672 0.7500000000
67139  -8.198  -1.970  67.979 0.6250000000
67147  -7.292  -2.372  66.714 0.7500000000
68021  -7.912  -2.050  67.226 0.6250000000
124802  -8.084  -1.436  65.949 0.6250000000
68034  -7.710  -1.314  65.170 0.7500000000
127777  -8.366  3.096  65.058 0.6250000000
70924  -8.297  1.747  64.515 0.6250000000
69935  -8.251  0.244  64.738 0.6250000000
68047  -6.938  -1.250  64.513 0.7500000000
72719  -8.379  3.609  64.409 0.6250000000
71845  -8.296  2.701  64.396 0.6250000000
73585  -8.379  4.939  63.665 0.6250000000
74440  -7.962  5.274  63.037 0.6250000000
74441  -8.450  5.805  63.358 0.6250000000
75323  -5.589  6.433  62.610 0.3750000000
76218  -3.779  7.165  63.113 0.3750000000
76217  -2.943  7.233  63.359 0.3750000000
74453  -7.387  5.749  62.687 0.5000000000
76230  -5.332  7.247  62.631 0.3750000000
76388  -52.103  8.423  44.587 0.3750000000
77294  -52.979  8.869  45.279 0.5000000000
77300  -53.937  9.037  44.903 0.7500000000
132644  -54.683  8.834  45.314 0.7500000000
77302  -55.262  8.451  45.099 0.7500000000
76390  -55.668  7.924  44.795 0.6250000000
77359  -51.574  8.712  38.031 0.2500000000
74630  -56.617  5.982  40.703 0.6250000000
75510  -57.095  6.334  40.352 0.5000000000
76422  -57.375  6.869  40.875 0.6250000000
127171  -57.179  6.271  39.682 0.5000000000
75519  -57.671  6.609  39.417 0.3750000000
78235  -58.508  9.653  37.772 0.3750000000
79069  -58.180  10.918  37.832 0.5000000000
79902  -57.773  11.592  37.468 0.5000000000
79915  -57.476  12.242  36.984 0.5000000000
81644  -56.432  14.434  36.941 0.3750000000
82519  -56.822  15.450  37.098 0.3750000000
83388  -56.532  16.338  37.361 0.3750000000
83389  -56.841  16.451  36.650 0.3750000000
83376  -56.285  17.199  37.359 0.3750000000
84252  -56.262  17.456  36.625 0.3750000000
84251  -55.724  17.757  37.284 0.3750000000
84266  -56.514  17.051  35.783 0.3750000000
84265  -55.992  17.466  35.863 0.3750000000
84275  -56.227  16.941  35.040 0.3750000000
84274  -55.427  16.924  35.155 0.3750000000
83404  -54.643  16.016  34.514 0.3750000000
83418  -53.943  15.281  33.878 0.3750000000
83403  -53.631  15.446  34.818 0.3750000000
74342  -9.109  6.039  74.191 0.6250000000
75206  -9.236  6.518  75.061 0.5000000000
75200  -9.436  6.516  76.086 0.5000000000
73472  -8.548  4.605  73.606 0.7500000000
73473  -8.806  5.374  73.790 0.6250000000
126025  -9.076  6.847  76.949 0.3750000000
72630  -8.355  3.796  73.517 0.7500000000
75229  -8.320  6.161  73.761 0.7500000000
75195  -9.574  6.345  78.572 0.3750000000
75197  -8.990  6.792  77.948 0.3750000000
71746  -7.220  2.936  73.593 0.7500000000
72629  -7.589  3.616  73.383 0.7500000000
76082  -8.931  6.816  79.211 0.3750000000
132336  -5.939  2.033  74.907 0.8750000000
71735  -6.611  2.381  74.097 0.7500000000
76076  -10.181  6.903  80.032 0.3750000000
76068  -9.899  7.587  80.417 0.3750000000
77013  -11.276  8.163  80.845 0.3750000000
69823  -3.410  0.708  76.354 0.8750000000
70816  -3.011  1.037  76.051 0.8750000000
78743  -13.268  10.728  79.476 0.2500000000
120607  -12.981  9.435  80.110 0.3750000000
78744  -13.693  10.455  78.705 0.2500000000
77907  -13.743  9.243  78.688 0.2500000000
68986  -21.640  -0.110  68.165 0.2500000000
68928  -6.518  -0.508  73.554 0.8750000000
78750  -13.653  10.719  78.074 0.2500000000
78753  -13.456  10.590  77.330 0.2500000000
77918  -13.189  10.009  75.384 0.2500000000
68939  -6.875  -0.220  72.713 0.8750000000
67981  -7.765  -1.588  72.375 1.0000000000
67991  -7.925  -1.318  71.526 0.8750000000
67109  -8.149  -1.773  70.845 0.6250000000
119734  -7.985  -2.400  69.960 0.7500000000
68008  -8.674  -1.246  69.366 0.6250000000
68015  -8.557  -1.597  68.682 0.6250000000
127094  -8.732  -1.365  67.982 0.6250000000
69924  -8.753  0.608  66.441 0.6250000000
68993  -8.741  -0.315  66.496 0.6250000000
70916  -8.567  1.626  65.504 0.6250000000
68035  -8.405  -0.795  65.732 0.6250000000
72707  -8.341  3.678  65.309 0.6250000000
122486  -8.628  0.945  65.767 0.6250000000
73567  -8.465  4.381  64.138 0.6250000000
124738  -8.712  5.739  63.973 0.6250000000
75316  -8.803  6.499  63.644 0.6250000000
74454  -8.084  5.926  62.940 0.6250000000
115726  -6.267  7.174  62.570 0.3750000000
76229  -4.611  7.810  62.827 0.3750000000
77139  -3.553  8.131  63.317 0.3750000000
77148  -3.630  9.253  63.179 0.3750000000
75324  -6.805  6.415  62.585 0.3750000000
116545  -5.689  7.909  62.555 0.3750000000
77149  -4.307  8.648  63.002 0.3750000000
76396  -53.140  8.606  43.370 0.5000000000
77305  -54.040  9.235  43.934 0.5000000000
138172  -54.751  9.271  43.957 0.7500000000
77306  -55.348  9.077  43.916 0.6250000000
76389  -53.063  8.845  44.299 0.5000000000
77301  -54.875  9.057  44.550 0.7500000000
117207  -55.638  8.481  44.381 0.7500000000
77307  -56.028  8.453  43.645 0.6250000000
77313  -56.434  8.238  43.070 0.6250000000
77335  -52.558  8.119  39.893 0.3750000000
77329  -53.293  8.359  40.330 0.3750000000
76397  -56.021  7.840  44.043 0.6250000000
75485  -56.368  7.745  43.326 0.6250000000
77334  -51.951  8.176  39.290 0.2500000000
77343  -52.626  8.393  39.205 0.2500000000
75494  -56.580  7.136  42.669 0.6250000000
117079  -56.708  7.773  42.641 0.6250000000
138162  -57.007  7.921  42.061 0.6250000000
126938  -57.002  7.137  41.817 0.6250000000
77324  -57.149  8.507  41.740 0.6250000000
134293  -56.978  6.496  41.071 0.6250000000
76413  -57.374  7.677  41.385 0.6250000000
76423  -57.736  7.433  40.575 0.6250000000
77337  -58.018  8.193  40.272 0.6250000000
75511  -57.581  6.707  40.087 0.5000000000
119295  -58.015  9.169  39.901 0.5000000000
76431  -58.040  7.164  39.814 0.5000000000
119738  -58.285  7.916  39.447 0.5000000000
77346  -58.296  8.882  39.029 0.6250000000
79057  -57.166  10.804  38.800 0.6250000000
79068  -57.419  11.120  38.023 0.5000000000
78224  -57.921  10.572  38.559 0.5000000000
79901  -56.865  11.680  37.374 0.6250000000
82510  -53.918  14.389  38.219 0.3750000000
117067  -56.537  12.463  36.820 0.6250000000
82511  -54.853  14.541  37.724 0.3750000000
83374  -55.464  15.790  38.242 0.3750000000
82517  -55.445  14.292  37.147 0.3750000000
83358  -55.648  16.834  38.510 0.3750000000
83375  -56.054  16.649  37.878 0.3750000000
136245  -54.857  17.609  39.190 0.3750000000
85028  -54.774  17.714  38.645 0.3750000000
85029  -55.160  17.826  37.920 0.3750000000
84250  -55.010  17.740  37.006 0.3750000000
83387  -53.531  16.329  36.553 0.3750000000
83396  -54.455  16.438  35.403 0.3750000000
83395  -53.617  15.944  35.737 0.3750000000
75218  -8.491  6.710  74.345 0.6250000000
75205  -8.813  7.013  75.815 0.5000000000
76121  -7.869  7.209  74.690 0.6250000000
76106  -8.087  7.321  75.531 0.6250000000
76095  -8.186  7.292  76.507 0.6250000000
76088  -8.143  7.229  77.765 0.3750000000
125260  -6.224  3.856  72.961 0.7500000000
118724  -6.312  4.951  73.085 0.7500000000
73471  -7.821  4.447  73.383 0.7500000000
76081  -8.583  7.010  78.642 0.3750000000
72627  -5.218  3.408  72.913 0.7500000000
72628  -6.878  3.486  73.269 0.7500000000
73470  -7.039  4.247  73.194 0.7500000000
77011  -8.877  8.512  80.492 0.3750000000
76067  -9.094  7.774  80.248 0.3750000000
71743  -3.903  2.169  73.753 0.8750000000
71732  -3.598  1.733  74.578 0.7500000000
71733  -4.198  2.103  74.588 0.8750000000
77012  -9.679  8.342  80.695 0.3750000000
69852  -3.698  0.791  73.790 0.8750000000
69842  -3.178  0.838  74.773 0.8750000000
71726  -3.420  1.453  75.448 0.8750000000
78734  -11.393  10.819  80.253 0.2500000000
68927  -5.232  -0.069  74.006 0.8750000000
68916  -4.763  -0.259  74.946 1.0000000000
68915  -3.468  0.368  75.488 0.8750000000
77904  -12.134  10.026  80.272 0.3750000000
68917  -6.168  -0.751  74.444 0.8750000000
129117  -13.624  11.207  78.364 0.2500000000
124399  -13.538  11.351  77.745 0.2500000000
126277  -13.328  10.973  75.399 0.2500000000
69868  -6.155  0.429  72.294 0.8750000000
69869  -7.150  0.038  71.878 0.8750000000
68940  -7.554  -0.762  72.166 0.8750000000
79603  -13.509  11.500  74.561 0.2500000000
68963  -7.952  -0.278  70.485 0.6250000000
69903  -8.274  -0.040  69.682 0.6250000000
68974  -8.692  -0.572  69.298 0.6250000000
68983  -8.923  -0.815  68.553 0.6250000000
120693  -8.708  0.040  68.874 0.6250000000
125833  -8.947  -0.091  68.103 0.6250000000
69919  -8.911  0.252  67.322 0.6250000000
135712  -8.400  2.708  66.568 0.6250000000
70898  -8.684  1.208  67.208 0.6250000000
121444  -8.479  3.114  65.904 0.6250000000
118961  -8.572  2.248  66.112 0.6250000000
70909  -8.645  1.464  66.348 0.6250000000
71837  -8.488  2.419  65.246 0.6250000000
73553  -8.383  4.455  65.070 0.6250000000
74424  -8.649  5.815  64.847 0.6250000000
75303  -8.896  6.493  64.525 0.6250000000
76207  -9.162  7.307  64.214 0.5000000000
76221  -9.230  7.905  63.566 0.5000000000
75326  -8.468  6.538  62.980 0.6250000000
77140  -8.926  7.818  62.994 0.5000000000
77141  -9.286  8.414  63.055 0.5000000000
77153  -8.498  8.332  62.708 0.5000000000
75325  -7.747  6.409  62.731 0.5000000000
76231  -7.406  7.127  62.631 0.3750000000
77152  -7.281  8.738  62.509 0.3750000000
78032  -7.139  9.776  62.361 0.3750000000
77150  -5.141  8.613  62.676 0.3750000000
77311  -53.853  8.930  42.990 0.5000000000
115013  -54.732  9.252  43.339 0.7500000000
120125  -54.398  9.116  42.540 0.6250000000
115213  -55.557  9.084  43.326 0.6250000000
77310  -53.189  8.422  42.614 0.3750000000
77321  -53.717  8.636  42.150 0.5000000000
77320  -52.906  8.128  41.882 0.3750000000
121995  -53.515  8.446  41.251 0.3750000000
78200  -55.445  9.381  41.774 0.7500000000
78206  -55.085  9.357  40.941 0.7500000000
77323  -56.707  8.529  42.453 0.6250000000
78212  -54.664  9.141  39.975 0.6250000000
78207  -56.217  9.567  41.380 0.6250000000
78208  -57.192  9.242  41.358 0.6250000000
77331  -57.618  8.393  41.037 0.6250000000
117862  -56.885  9.827  40.730 0.6250000000
78214  -57.639  9.243  40.645 0.6250000000
131132  -56.606  10.136  40.082 0.6250000000
79052  -56.894  10.489  39.533 0.6250000000
79066  -55.668  10.743  37.786 0.6250000000
79056  -56.304  10.683  38.740 0.6250000000
78223  -57.796  10.184  39.396 0.6250000000
79900  -56.012  11.320  37.373 0.6250000000
79067  -56.632  11.063  38.023 0.6250000000
80748  -54.718  12.954  36.648 0.5000000000
81638  -53.964  13.727  37.429 0.5000000000
122296  -55.363  12.554  36.626 0.6250000000
81643  -54.702  13.654  36.999 0.5000000000
117714  -55.487  13.490  36.795 0.5000000000
76085  -5.554  7.595  77.717 0.6250000000
76093  -6.265  7.508  76.918 0.6250000000
125243  -5.181  6.104  73.352 0.7500000000
116376  -6.065  5.919  73.278 0.7500000000
76104  -6.484  7.466  75.316 0.7500000000
76120  -7.005  7.363  74.496 0.6250000000
118187  -6.844  7.526  76.112 0.6250000000
76086  -6.413  7.510  77.925 0.6250000000
76087  -7.169  7.378  78.175 0.3750000000
74350  -5.271  5.291  73.018 0.7500000000
75227  -5.938  6.577  73.628 0.7500000000
75228  -6.736  6.433  73.583 0.7500000000
76128  -6.545  7.022  73.944 0.7500000000
75217  -7.530  6.847  73.923 0.7500000000
76080  -7.578  7.368  79.000 0.3750000000
73480  -3.413  3.929  72.244 0.7500000000
73469  -5.321  4.329  72.793 0.7500000000
74351  -6.778  5.725  73.354 0.7500000000
122519  -7.259  5.134  73.314 0.7500000000
77020  -8.225  7.966  80.276 0.3750000000
72637  -3.442  3.183  72.187 0.8750000000
72626  -4.166  2.832  72.788 0.7500000000
71744  -4.821  2.652  73.492 0.7500000000
70854  -3.839  1.662  72.094 0.7500000000
70842  -3.784  1.133  72.982 0.8750000000
70841  -3.718  1.386  73.302 0.8750000000
69866  -4.098  0.796  72.988 0.8750000000
69853  -4.498  0.463  73.492 0.8750000000
78735  -12.477  10.854  80.065 0.2500000000
79575  -13.478  11.481  78.916 0.2500000000
69867  -5.014  0.702  72.675 0.8750000000
69854  -5.778  0.176  73.127 0.8750000000
125975  -13.468  12.138  76.428 0.2500000000
69879  -5.339  0.988  71.874 0.8750000000
69880  -6.482  0.705  71.494 0.8750000000
116688  -7.404  0.299  71.057 0.7500000000
69890  -7.643  0.542  70.204 0.6250000000
70890  -7.807  1.556  68.649 0.6250000000
71811  -7.739  2.769  67.996 0.6250000000
70891  -8.179  1.890  67.791 0.6250000000
72684  -8.123  3.415  66.705 0.6250000000
72694  -8.192  4.120  66.075 0.6250000000
136632  -7.960  4.689  66.487 0.6250000000
74413  -8.405  5.860  65.697 0.6250000000
75293  -8.756  6.488  65.396 0.6250000000
76195  -9.101  7.148  65.167 0.6250000000
135965  -8.438  5.258  65.205 0.6250000000
76196  -9.349  7.782  65.003 0.6250000000
78007  -9.827  9.026  64.404 0.5000000000
77129  -9.461  8.173  64.371 0.6250000000
124632  -9.559  8.512  63.701 0.5000000000
78019  -9.822  9.133  63.288 0.5000000000
78034  -9.715  9.593  62.805 0.5000000000
128950  -7.695  7.872  62.592 0.5000000000
129490  -8.278  9.293  62.488 0.3750000000
78861  -9.785  10.263  62.590 0.3750000000
119357  -6.739  7.916  62.509 0.3750000000
126733  -8.178  10.118  62.252 0.2500000000
77151  -6.128  8.635  62.504 0.3750000000
131714  -6.412  9.282  62.460 0.3750000000
78858  -6.464  10.513  62.176 0.3750000000
79711  -4.348  11.839  61.682 0.1250000000
116850  -5.428  7.523  76.701 0.7500000000
77025  -5.060  8.176  79.501 0.3750000000
75225  -2.876  6.523  73.158 0.7500000000
75214  -3.353  6.843  73.962 0.7500000000
75215  -4.272  6.766  74.148 0.7500000000
76118  -4.972  7.109  74.600 0.7500000000
76119  -6.071  7.272  74.579 0.7500000000
132235  -6.100  7.450  76.115 0.7500000000
76078  -5.736  7.769  78.727 0.5000000000
77026  -6.018  8.065  79.562 0.3750000000
75234  -2.950  6.035  72.430 0.7500000000
74359  -3.397  5.348  72.543 0.7500000000
74349  -4.277  5.616  73.023 0.7500000000
76127  -5.769  6.975  74.043 0.7500000000
77018  -6.358  8.384  80.161 0.3750000000
117008  -2.709  5.969  71.929 0.7500000000
74358  -2.798  5.280  71.957 0.7500000000
117769  -3.045  4.548  72.138 0.7500000000
74360  -4.151  4.667  72.656 0.7500000000
126275  -6.669  8.882  80.376 0.3750000000
73478  -2.733  4.575  71.520 0.7500000000
73479  -2.959  3.810  71.716 0.7500000000
71752  -3.815  2.175  72.699 0.7500000000
72644  -3.122  3.428  71.467 0.7500000000
71761  -3.522  2.467  71.827 0.7500000000
72636  -3.284  3.126  71.868 0.7500000000
70853  -3.814  1.637  72.524 0.7500000000
78782  -6.609  10.734  70.199 0.5000000000
71774  -3.383  2.907  71.243 0.7500000000
77957  -6.160  9.181  69.768 0.5000000000
70843  -4.299  1.129  72.326 0.8750000000
77080  -5.992  8.381  69.483 0.6250000000
70855  -4.576  1.610  71.490 0.8750000000
77958  -6.717  9.979  69.760 0.5000000000
137673  -6.844  9.395  69.393 0.5000000000
70856  -5.779  1.334  71.128 0.7500000000
70866  -6.319  1.690  70.442 0.6250000000
70867  -7.242  1.343  69.992 0.6250000000
69902  -7.949  0.827  69.251 0.6250000000
77966  -7.922  9.777  68.747 0.5000000000
71787  -6.443  2.766  69.435 0.6250000000
70878  -7.403  1.584  69.323 0.6250000000
77090  -7.955  8.974  68.377 0.5000000000
71800  -7.619  2.203  68.426 0.6250000000
72683  -7.752  3.507  67.507 0.6250000000
73540  -7.830  5.193  66.860 0.6250000000
73530  -7.807  4.331  67.013 0.6250000000
73541  -8.177  5.082  66.001 0.6250000000
75283  -8.499  6.564  66.200 0.6250000000
117093  -8.885  7.068  65.879 0.6250000000
74404  -8.056  5.917  66.529 0.6250000000
78000  -9.788  9.326  65.466 0.5000000000
78829  -10.296  10.529  65.188 0.5000000000
79669  -10.463  11.277  64.955 0.5000000000
121505  -10.529  11.135  63.933 0.5000000000
78846  -10.169  9.937  63.139 0.5000000000
78008  -10.221  9.770  63.914 0.5000000000
78862  -10.338  10.839  62.989 0.5000000000
78860  -9.016  10.512  62.169 0.3750000000
79697  -9.848  11.048  62.153 0.2500000000
79714  -7.621  11.481  61.467 0.2500000000
125765  -8.040  10.840  61.886 0.3750000000
121304  -7.987  12.002  60.940 0.1250000000
79713  -6.438  11.698  61.419 0.3750000000
80522  -5.680  12.213  61.036 0.1250000000
80542  -6.081  12.645  60.560 0.1250000000
80521  -4.721  12.242  61.141 0.1250000000
76126  -2.494  7.203  73.703 0.7500000000
76100  -2.182  7.798  75.187 0.7500000000
76090  -2.321  7.768  76.173 0.7500000000
77030  -3.858  7.761  78.415 0.6250000000
76077  -4.814  7.794  78.598 0.5000000000
76116  -2.779  7.315  74.553 0.7500000000
76101  -3.083  7.387  75.435 0.7500000000
76091  -3.413  7.487  76.344 0.7500000000
76083  -3.699  7.576  77.330 0.7500000000
77024  -4.065  8.186  79.443 0.5000000000
78729  -6.600  9.642  79.957 0.3750000000
77899  -5.897  9.025  80.249 0.3750000000
78774  -5.236  10.749  71.149 0.5000000000
77941  -4.660  10.004  71.084 0.6250000000
132320  -5.358  10.000  70.651 0.5000000000
129235  -5.749  11.571  71.114 0.5000000000
79626  -6.400  11.570  70.564 0.5000000000
77950  -4.738  9.215  70.546 0.6250000000
78781  -5.930  10.768  70.690 0.5000000000
77072  -4.481  8.374  70.406 0.6250000000
77073  -5.287  8.552  69.970 0.6250000000
131488  -5.532  9.367  70.246 0.5000000000
76150  -4.668  7.716  70.059 0.6250000000
71762  -3.807  2.203  71.415 0.7500000000
77959  -7.360  9.919  69.317 0.5000000000
76156  -5.528  7.617  69.496 0.6250000000
76157  -6.155  7.003  68.982 0.6250000000
77081  -6.374  7.886  69.003 0.5000000000
77089  -7.326  9.181  68.931 0.5000000000
134288  -4.398  2.112  70.985 0.7500000000
71776  -4.892  2.465  70.539 0.7500000000
77082  -6.642  8.711  69.185 0.5000000000
77088  -7.225  8.261  68.564 0.5000000000
78792  -7.790  10.581  69.039 0.5000000000
70865  -5.258  1.904  70.769 0.6250000000
71777  -5.868  2.319  70.173 0.6250000000
76163  -6.896  7.283  68.532 0.6250000000
78801  -8.411  10.412  68.476 0.5000000000
77967  -8.573  9.622  68.205 0.5000000000
72675  -6.725  3.500  68.911 0.6250000000
76164  -7.577  7.501  68.037 0.5000000000
77976  -9.141  9.604  67.596 0.5000000000
78810  -9.422  10.442  67.345 0.5000000000
126942  -7.438  4.282  67.882 0.6250000000
73529  -7.491  5.066  67.575 0.6250000000
75264  -7.284  6.660  68.073 0.6250000000
76174  -8.295  7.673  67.417 0.5000000000
74396  -7.576  5.999  67.450 0.6250000000
75274  -8.176  6.736  66.990 0.5000000000
77099  -8.646  8.758  67.696 0.5000000000
77110  -9.032  8.217  66.922 0.6250000000
77100  -9.278  8.992  67.157 0.5000000000
77977  -9.584  9.620  66.929 0.5000000000
78811  -9.783  10.297  66.510 0.5000000000
76183  -8.710  7.349  66.598 0.6250000000
77111  -9.496  8.865  66.315 0.5000000000
77990  -9.688  9.656  66.189 0.5000000000
127532  -10.457  12.093  65.036 0.5000000000
79679  -10.568  11.843  63.257 0.5000000000
119851  -10.561  11.955  64.279 0.5000000000
80545  -9.430  12.794  60.693 0.1250000000
79715  -9.525  11.628  61.535 0.2500000000
79698  -10.345  11.509  62.524 0.3750000000
129005  -10.476  12.120  62.477 0.3750000000
80495  -10.581  12.684  63.787 0.3750000000
80524  -9.046  12.091  60.973 0.2500000000
139096  -8.287  11.238  61.614 0.2500000000
81413  -9.781  13.556  60.448 0.1250000000
80544  -8.372  12.585  60.486 0.1250000000
80543  -7.168  12.544  60.605 0.1250000000
124898  -6.478  12.238  60.942 0.1250000000
137520  -2.246  7.569  73.540 0.6250000000
77047  -2.059  8.285  73.878 0.6250000000
76115  -2.185  7.758  74.273 0.7500000000
122551  -1.088  8.740  75.354 0.6250000000
77912  -0.135  8.474  76.814 0.5000000000
77032  -1.432  8.095  77.053 0.6250000000
116465  -2.263  7.748  72.953 0.6250000000
77033  -2.656  7.723  77.170 0.6250000000
135007  -3.101  7.877  78.005 0.5000000000
77029  -3.010  8.354  79.049 0.5000000000
77015  -3.533  8.755  79.881 0.5000000000
77897  -4.015  9.138  80.199 0.3750000000
77016  -4.452  8.645  80.033 0.3750000000
76134  -2.454  7.204  72.167 0.7500000000
75224  -2.304  7.092  72.972 0.7500000000
78728  -5.507  9.657  79.848 0.5000000000
77017  -5.441  8.599  80.037 0.3750000000
77940  -4.115  9.414  71.061 0.6250000000
78773  -4.601  10.645  71.552 0.6250000000
79619  -4.944  11.538  71.701 0.5000000000
78748  -6.554  10.831  78.091 0.5000000000
75239  -2.618  6.382  71.687 0.7500000000
73485  -2.778  4.103  71.343 0.7500000000
74365  -2.670  5.420  71.431 0.7500000000
77064  -3.903  8.695  70.809 0.6250000000
80445  -6.064  12.352  70.784 0.5000000000
76149  -4.111  6.928  70.189 0.6250000000
74378  -4.383  5.381  69.867 0.7500000000
79633  -7.039  11.544  70.022 0.5000000000
76155  -4.877  7.060  69.772 0.6250000000
80451  -7.207  12.287  69.581 0.5000000000
80459  -7.163  12.878  69.046 0.5000000000
79634  -7.592  11.436  69.333 0.5000000000
80460  -7.785  12.208  68.767 0.5000000000
122900  -6.014  6.130  68.986 0.6250000000
79642  -8.145  11.250  68.654 0.5000000000
72655  -4.539  2.974  70.416 0.6250000000
71786  -5.398  2.973  70.024 0.7500000000
72666  -5.854  3.674  69.463 0.6250000000
75263  -6.696  6.421  68.554 0.6250000000
78802  -8.953  10.215  67.993 0.5000000000
80468  -8.247  12.578  67.907 0.5000000000
133454  -6.950  4.204  68.523 0.6250000000
74388  -7.120  5.873  68.158 0.6250000000
79643  -8.814  11.044  67.993 0.5000000000
73519  -7.119  5.050  68.235 0.6250000000
79651  -9.328  11.467  67.216 0.5000000000
79657  -9.831  11.604  66.442 0.5000000000
80475  -9.789  12.343  66.189 0.5000000000
128884  -10.212  11.825  65.699 0.5000000000
80486  -10.481  12.711  64.651 0.5000000000
81397  -10.597  13.475  63.419 0.3750000000
80525  -9.938  12.317  61.297 0.3750000000
80526  -10.481  12.756  61.958 0.3750000000
80507  -10.606  12.729  62.886 0.3750000000
80546  -10.194  13.150  61.124 0.1250000000
81403  -10.553  13.706  61.655 0.3750000000
81421  -9.247  13.961  59.778 0.1250000000
81420  -8.219  13.682  59.511 0.1250000000
81412  -8.829  13.245  60.106 0.1250000000
81410  -6.595  13.080  60.045 0.1250000000
116377  -1.505  8.972  74.655 0.6250000000
77916  -0.657  9.207  75.285 0.5000000000
77911  0.251  9.136  76.456 0.5000000000
77908  0.202  9.282  77.486 0.5000000000
78737  -2.636  9.864  79.580 0.5000000000
78746  -4.418  10.947  78.627 0.5000000000
79580  -5.031  11.476  77.624 0.5000000000
77931  -2.438  9.332  72.949 0.6250000000
78757  -2.089  10.083  73.598 0.6250000000
78745  -0.582  9.763  78.512 0.5000000000
77906  -1.714  9.412  79.116 0.5000000000
77023  -2.606  9.034  79.621 0.5000000000
78726  -3.658  9.798  79.842 0.5000000000
78738  -5.059  10.355  79.245 0.5000000000
79588  -5.538  11.887  76.720 0.5000000000
79581  -6.004  11.321  77.282 0.5000000000
127964  -2.289  8.563  72.960 0.6250000000
77932  -2.988  9.438  72.190 0.6250000000
134772  -2.605  10.866  73.288 0.6250000000
136232  -2.947  11.619  73.350 0.5000000000
78739  -6.059  10.324  79.087 0.5000000000
79594  -5.970  12.191  75.943 0.5000000000
77055  -2.427  8.111  72.267 0.6250000000
77939  -3.414  9.086  71.359 0.6250000000
78765  -3.348  10.436  72.519 0.6250000000
78766  -4.115  10.971  72.105 0.6250000000
79611  -4.193  11.863  72.353 0.5000000000
79582  -7.043  11.258  77.219 0.3750000000
80444  -5.437  12.364  71.352 0.5000000000
81328  -5.052  13.025  71.411 0.5000000000
77071  -3.762  7.725  70.613 0.6250000000
81344  -5.507  13.162  70.740 0.5000000000
74369  -2.655  5.286  71.123 0.7500000000
75245  -3.270  6.769  70.653 0.7500000000
75246  -3.618  5.949  70.321 0.7500000000
80450  -6.633  12.336  70.196 0.5000000000
81345  -6.139  12.972  70.267 0.5000000000
115981  -3.030  3.677  71.085 0.7500000000
73493  -2.783  4.516  70.975 0.7500000000
81356  -6.555  13.121  69.576 0.5000000000
73494  -3.453  4.057  70.534 0.7500000000
72654  -3.770  3.321  70.634 0.7500000000
71775  -4.008  2.596  70.878 0.7500000000
75253  -4.619  6.306  69.819 0.6250000000
73506  -4.296  4.396  69.958 0.7500000000
74379  -5.285  5.790  69.446 0.6250000000
81367  -7.525  13.150  68.399 0.5000000000
72665  -4.702  3.601  70.016 0.7500000000
120133  -5.925  5.297  69.083 0.6250000000
73508  -5.880  4.517  69.237 0.6250000000
74387  -6.587  5.592  68.629 0.6250000000
80474  -8.536  13.132  67.211 0.5000000000
139207  -6.420  4.138  69.005 0.6250000000
136189  -9.207  12.853  66.646 0.5000000000
80480  -10.161  12.694  65.478 0.5000000000
82269  -9.811  14.075  65.066 0.5000000000
81393  -10.472  13.405  64.239 0.3750000000
82276  -10.613  14.301  63.098 0.3750000000
84837  -10.719  17.408  60.736 0.3750000000
84022  -10.711  16.445  60.821 0.2500000000
83119  -10.670  15.573  61.216 0.2500000000
82280  -10.655  14.379  62.197 0.2500000000
81400  -10.643  13.547  62.527 0.3750000000
85600  -10.600  18.316  60.283 0.3750000000
84025  -10.680  16.755  59.919 0.2500000000
83121  -10.606  15.808  60.280 0.2500000000
82282  -10.582  14.568  61.301 0.1250000000
85621  -9.988  18.357  58.532 0.2500000000
84859  -10.274  17.547  58.684 0.1250000000
83124  -9.878  15.435  58.996 0.1250000000
82291  -8.667  14.357  59.147 0.1250000000
128896  -8.923  16.182  57.862 0.1250000000
77923  -1.976  9.218  73.782 0.6250000000
115398  -1.208  9.926  74.531 0.6250000000
78755  -0.518  10.864  74.864 0.5000000000
78751  0.340  10.019  76.697 0.5000000000
121879  -0.856  10.777  78.235 0.5000000000
79569  -2.753  10.907  79.035 0.5000000000
128225  -3.517  10.586  79.303 0.5000000000
79604  -1.239  11.604  74.408 0.5000000000
133855  0.238  10.142  77.810 0.5000000000
78736  -1.724  10.374  79.021 0.5000000000
79605  -2.740  12.280  73.579 0.5000000000
79589  -6.506  11.663  76.341 0.3750000000
137218  -2.500  8.798  72.357 0.6250000000
80427  -4.056  12.729  72.521 0.5000000000
120218  -7.906  11.654  75.825 0.3750000000
79596  -7.171  11.716  75.669 0.3750000000
77063  -3.148  8.234  71.105 0.6250000000
80436  -4.780  12.500  71.931 0.5000000000
75244  -2.648  6.103  71.224 0.7500000000
76142  -2.882  7.347  70.998 0.6250000000
81343  -4.807  13.643  71.024 0.5000000000
76148  -2.733  6.630  71.017 0.7500000000
133805  -2.876  6.009  70.870 0.7500000000
122901  -2.996  5.318  70.765 0.7500000000
82235  -5.091  13.897  70.377 0.5000000000
81355  -5.725  13.742  69.849 0.5000000000
121253  -3.506  4.917  70.371 0.7500000000
82245  -6.192  13.857  69.171 0.5000000000
73507  -5.173  4.940  69.499 0.7500000000
82252  -6.324  14.307  68.533 0.5000000000
132671  -5.209  4.231  69.614 0.6250000000
81366  -6.782  13.559  68.803 0.5000000000
81375  -7.083  13.995  68.068 0.5000000000
81376  -7.830  13.533  67.611 0.5000000000
81377  -8.165  13.852  66.901 0.5000000000
131081  -8.570  14.013  66.280 0.5000000000
117784  -8.397  14.692  65.838 0.5000000000
82271  -9.970  14.609  64.460 0.3750000000
82272  -10.451  14.163  63.949 0.3750000000
86332  -10.451  19.254  62.091 0.3750000000
132841  -10.555  19.037  61.546 0.3750000000
84832  -10.349  17.536  62.417 0.3750000000
83110  -10.259  15.086  63.680 0.3750000000
85594  -10.647  18.350  61.182 0.3750000000
84835  -10.599  17.573  61.630 0.3750000000
126575  -10.526  16.820  61.966 0.2500000000
84016  -10.572  15.931  62.178 0.3750000000
83117  -10.631  15.099  61.914 0.2500000000
83114  -10.560  15.119  62.717 0.2500000000
86383  -10.297  19.074  59.776 0.3750000000
85609  -10.075  18.908  59.052 0.2500000000
84031  -9.319  16.919  57.836 0.1250000000
84857  -8.872  17.693  57.625 0.1250000000
84046  -8.466  16.844  57.435 0.1250000000
80400  -1.372  12.133  75.935 0.5000000000
79593  -0.897  11.576  76.437 0.5000000000
78752  -0.096  10.953  77.169 0.5000000000
79577  -2.133  11.483  78.534 0.5000000000
79579  -4.074  11.785  78.218 0.5000000000
79587  -4.901  12.031  77.337 0.5000000000
80408  -1.514  12.346  75.040 0.5000000000
80388  -2.078  12.259  77.944 0.5000000000
79578  -3.044  11.833  78.798 0.5000000000
80395  -4.454  12.517  77.790 0.5000000000
80401  -5.925  12.750  75.751 0.3750000000
80418  -2.550  13.083  73.812 0.5000000000
80402  -6.393  12.382  75.274 0.3750000000
80426  -3.318  12.904  73.170 0.5000000000
81311  -3.722  13.550  72.611 0.5000000000
79600  -6.941  11.926  74.992 0.3750000000
81312  -4.468  13.425  71.885 0.5000000000
82219  -4.283  14.063  71.316 0.5000000000
82234  -4.497  14.326  70.622 0.5000000000
83064  -4.127  15.024  70.218 0.5000000000
82243  -4.936  14.553  69.770 0.5000000000
82244  -5.642  14.442  69.076 0.5000000000
82251  -5.721  15.086  68.257 0.5000000000
82258  -6.553  14.793  67.721 0.5000000000
122129  -7.440  14.472  67.136 0.5000000000
82268  -9.090  14.882  65.064 0.3750000000
83109  -9.525  15.464  64.350 0.3750000000
87140  -10.157  19.869  62.414 0.2500000000
86323  -10.331  19.082  62.758 0.3750000000
87157  -9.995  20.201  61.709 0.3750000000
85586  -10.181  18.249  62.929 0.3750000000
84013  -10.304  15.906  63.130 0.3750000000
84009  -9.810  15.905  63.782 0.3750000000
126048  -10.256  16.705  62.723 0.3750000000
87175  -10.042  20.093  61.000 0.3750000000
86360  -9.962  19.879  60.180 0.1250000000
86400  -9.453  19.119  58.628 0.1250000000
85620  -9.225  18.466  58.024 0.2500000000
86381  -8.675  19.861  59.052 0.1250000000
85634  -8.330  18.523  57.630 0.1250000000
84045  -7.432  16.730  57.142 0.1250000000
85632  -6.521  18.418  57.319 0.1250000000
80394  -1.537  12.363  77.021 0.5000000000
138158  -2.223  14.520  77.327 0.5000000000
132923  -2.151  13.271  77.911 0.5000000000
124976  -1.970  14.235  76.143 0.5000000000
81297  -1.983  13.196  74.745 0.5000000000
81279  -3.049  13.365  78.843 0.5000000000
80390  -3.440  12.617  78.577 0.5000000000
81291  -5.622  13.461  76.096 0.5000000000
124394  -2.061  14.072  75.280 0.5000000000
81303  -2.412  14.005  74.167 0.5000000000
117850  -6.712  13.132  74.369 0.3750000000
127271  -2.378  14.820  74.690 0.5000000000
82188  -2.846  14.465  73.487 0.5000000000
118613  -3.403  14.757  72.058 0.5000000000
139015  -3.015  15.730  72.627 0.5000000000
82233  -3.779  14.756  71.190 0.5000000000
86256  -4.450  19.460  74.538 0.5000000000
136756  -4.328  19.322  73.708 0.5000000000
85518  -3.810  18.087  73.797 0.5000000000
85521  -3.814  18.120  72.710 0.5000000000
123078  -3.038  16.211  72.056 0.5000000000
127302  -3.214  16.829  71.552 0.5000000000
83959  -3.295  16.261  70.192 0.5000000000
83073  -4.394  15.279  69.394 0.5000000000
86259  -4.454  20.098  73.672 0.5000000000
84754  -3.553  17.453  72.111 0.5000000000
126181  -3.165  16.896  70.642 0.5000000000
83083  -4.002  15.836  68.979 0.5000000000
83074  -5.035  15.078  68.922 0.5000000000
85522  -4.089  18.782  73.248 0.5000000000
85526  -3.704  18.228  71.729 0.5000000000
84766  -3.350  17.560  71.149 0.5000000000
128303  -3.200  16.989  69.741 0.5000000000
83968  -3.506  16.360  69.327 0.5000000000
83085  -5.021  15.623  68.316 0.5000000000
84786  -3.337  17.084  68.884 0.5000000000
83978  -3.836  16.515  68.566 0.5000000000
83979  -4.299  16.706  67.884 0.5000000000
83093  -5.447  15.765  67.785 0.5000000000
83990  -4.892  16.884  67.336 0.5000000000
83991  -5.561  16.356  67.219 0.5000000000
83099  -6.327  16.163  66.761 0.5000000000
83100  -7.014  16.041  66.238 0.5000000000
83104  -7.582  16.039  65.629 0.3750000000
83105  -8.186  15.461  65.416 0.3750000000
83108  -8.674  15.828  64.793 0.3750000000
87128  -9.629  20.438  62.991 0.2500000000
86322  -9.882  19.632  63.397 0.3750000000
128021  -9.584  18.892  63.963 0.3750000000
85585  -9.693  18.133  63.619 0.3750000000
84828  -9.359  17.344  63.889 0.3750000000
84008  -9.161  16.447  64.236 0.3750000000
87139  -9.598  20.552  62.207 0.2500000000
127120  -10.034  18.820  63.381 0.3750000000
84831  -9.904  17.423  63.181 0.3750000000
84012  -9.762  16.633  63.491 0.3750000000
87156  -9.321  20.645  61.393 0.2500000000
87174  -9.426  20.366  60.618 0.1250000000
87188  -9.075  20.225  59.936 0.1250000000
86380  -7.590  19.952  59.407 0.1250000000
86398  -7.187  19.511  58.687 0.1250000000
86417  -7.764  19.164  57.916 0.1250000000
86397  -6.209  19.425  58.755 0.1250000000
125649  -2.327  14.274  77.936 0.5000000000
82165  -2.184  14.835  76.747 0.5000000000
82157  -3.135  14.588  78.756 0.5000000000
82161  -3.583  14.222  78.894 0.5000000000
82166  -4.461  14.195  78.331 0.5000000000
81285  -4.871  13.319  77.377 0.5000000000
82172  -5.796  14.442  76.101 0.5000000000
81298  -6.114  13.974  75.262 0.3750000000
83014  -2.406  15.585  76.316 0.5000000000
82171  -2.186  14.852  75.743 0.5000000000
124325  -4.183  14.856  78.718 0.5000000000
83006  -4.840  15.060  78.130 0.5000000000
82167  -5.186  14.233  77.123 0.5000000000
82189  -6.842  14.327  73.980 0.3750000000
82190  -7.282  14.004  73.269 0.3750000000
83910  -2.801  16.334  75.940 0.5000000000
84729  -3.510  17.563  75.484 0.5000000000
83930  -2.972  16.193  74.244 0.5000000000
82200  -3.035  15.057  72.827 0.5000000000
85516  -4.184  18.853  75.235 0.5000000000
85515  -3.848  18.149  74.870 0.5000000000
83920  -3.135  16.771  75.086 0.5000000000
125930  -3.230  16.779  74.064 0.5000000000
129432  -4.646  20.268  74.811 0.5000000000
84743  -3.490  17.279  73.238 0.5000000000
83931  -3.161  16.356  73.156 0.5000000000
87061  -4.448  20.988  74.184 0.5000000000
87874  -4.144  20.902  73.183 0.5000000000
85527  -3.936  18.901  72.304 0.5000000000
127856  -3.165  17.673  70.207 0.5000000000
87064  -3.846  20.858  72.389 0.5000000000
115344  -3.651  19.783  71.191 0.5000000000
123753  -3.113  18.492  69.750 0.5000000000
124888  -3.114  17.753  69.292 0.5000000000
87882  -3.274  21.106  70.916 0.5000000000
86269  -3.368  19.363  70.359 0.5000000000
84000  -6.608  16.747  66.263 0.3750000000
84003  -7.199  16.711  65.773 0.3750000000
84004  -7.710  16.707  65.219 0.3750000000
127710  -8.970  18.915  64.555 0.3750000000
85582  -8.468  18.128  64.723 0.3750000000
84827  -8.718  17.336  64.439 0.3750000000
86319  -9.306  19.707  64.211 0.2500000000
85583  -9.154  18.118  64.242 0.3750000000
87941  -9.108  21.045  63.344 0.2500000000
118306  -8.065  21.500  62.178 0.2500000000
87951  -9.200  20.954  62.676 0.2500000000
87155  -8.447  21.060  61.613 0.1250000000
87154  -7.413  21.228  61.664 0.1250000000
87173  -8.424  20.695  60.867 0.1250000000
87960  -6.587  21.646  61.700 0.1250000000
82160  -2.661  14.722  78.394 0.5000000000
135088  -2.324  14.917  77.682 0.5000000000
83000  -3.368  15.658  78.416 0.5000000000
83001  -4.312  15.695  78.515 0.5000000000
82178  -6.467  14.526  74.736 0.3750000000
135755  -3.081  16.679  77.455 0.5000000000
83005  -2.390  15.571  77.266 0.5000000000
83902  -4.788  16.683  78.171 0.5000000000
83007  -5.554  15.147  76.998 0.5000000000
83015  -6.080  15.272  76.003 0.5000000000
83026  -6.429  15.278  75.128 0.5000000000
83903  -2.623  16.282  76.922 0.5000000000
83002  -5.309  15.931  77.968 0.5000000000
83906  -6.188  17.062  77.098 0.5000000000
83016  -6.349  16.002  75.688 0.5000000000
126523  -6.633  15.970  74.752 0.5000000000
83039  -6.897  15.897  73.833 0.3750000000
82202  -7.572  14.459  72.634 0.3750000000
84727  -4.038  17.875  77.528 0.5000000000
85508  -5.391  18.779  77.364 0.5000000000
84730  -6.573  17.466  76.242 0.5000000000
85511  -3.816  18.308  75.847 0.5000000000
85507  -3.970  18.323  76.796 0.5000000000
85512  -4.315  18.926  76.190 0.5000000000
86251  -4.811  19.617  76.423 0.5000000000
86248  -5.403  19.512  76.986 0.5000000000
86254  -4.551  19.563  75.544 0.5000000000
86252  -5.312  20.390  76.525 0.5000000000
128103  -6.021  20.146  76.984 0.5000000000
87056  -5.305  21.171  76.364 0.5000000000
87052  -5.863  20.938  76.667 0.5000000000
87867  -4.263  21.821  74.777 0.5000000000
87058  -4.665  21.072  75.193 0.5000000000
87870  -3.877  21.815  73.743 0.5000000000
87873  -3.668  21.520  72.726 0.5000000000
88570  -3.218  22.133  72.301 0.5000000000
87877  -2.999  21.967  71.336 0.5000000000
84822  -7.464  17.405  65.446 0.3750000000
84823  -8.007  17.380  64.898 0.3750000000
87950  -8.545  21.511  62.833 0.2500000000
83900  -2.844  16.103  77.804 0.5000000000
128276  -7.127  14.983  73.356 0.3750000000
83901  -3.741  16.555  78.172 0.5000000000
133800  -5.868  17.454  77.709 0.5000000000
83932  -6.837  16.731  74.386 0.3750000000
83040  -7.226  15.830  72.990 0.3750000000
84722  -3.538  17.251  77.553 0.5000000000
84724  -5.244  17.529  78.003 0.5000000000
84728  -6.247  17.832  77.304 0.5000000000
84744  -7.182  17.606  74.040 0.3750000000
84767  -7.628  17.203  72.167 0.3750000000
83951  -7.665  16.371  71.735 0.3750000000
85510  -6.626  19.226  76.906 0.5000000000
126322  -6.883  18.126  75.800 0.5000000000
85520  -7.456  18.543  74.130 0.3750000000
134201  -7.591  17.850  72.586 0.3750000000
130014  -6.662  19.983  76.963 0.5000000000
86253  -7.451  19.648  75.711 0.5000000000
122667  -7.627  18.772  73.420 0.3750000000
87053  -6.567  20.729  76.708 0.5000000000
87054  -7.129  20.588  76.505 0.5000000000
87059  -7.811  20.655  74.976 0.5000000000
87062  -7.934  20.345  74.275 0.3750000000
86258  -8.071  19.937  73.547 0.3750000000
88553  -4.656  22.518  76.011 0.5000000000
88554  -5.285  22.628  76.311 0.5000000000
88551  -6.014  22.239  76.469 0.5000000000
87866  -7.741  21.829  75.746 0.5000000000
87868  -7.796  21.243  75.322 0.5000000000
88562  -3.727  22.518  74.566 0.5000000000
89309  -4.012  23.772  75.483 0.5000000000
131237  -3.388  22.228  73.094 0.5000000000
83049  -7.507  15.725  72.194 0.3750000000
85528  -7.914  18.026  71.865 0.3750000000
85524  -8.162  18.998  72.216 0.3750000000
87060  -8.262  21.259  74.488 0.3750000000
87063  -8.452  20.655  73.623 0.3750000000
86264  -8.808  19.474  71.746 0.3750000000
89304  -4.650  23.319  76.009 0.5000000000
89305  -5.496  23.572  76.151 0.5000000000
89307  -7.490  23.288  75.681 0.5000000000
89308  -8.155  23.236  75.150 0.5000000000
87871  -8.758  22.220  74.382 0.5000000000
87066  -9.035  20.854  72.919 0.3750000000
87883  -9.999  21.290  71.117 0.3750000000
88563  -8.980  23.211  74.137 0.5000000000
87876  -9.416  21.836  72.871 0.3750000000
87880  -10.262  22.152  71.588 0.3750000000
88558  -3.485  23.354  74.793 0.5000000000
90028  -9.806  24.160  72.422 0.3750000000
77951  -6.077  9.973  70.258 0.5000000000
78791  -7.238  10.690  69.662 0.5000000000
58862  -17.610  -10.951  71.447 1.0000000000
55330  -14.605  -15.429  69.967 1.0000000000
54390  -14.908  -16.824  69.735 1.0000000000
54335  -22.563  -17.009  74.883 1.0000000000
53350  -20.632  -17.106  74.201 1.0000000000
54321  -20.797  -16.374  75.615 1.0000000000
55294  -20.199  -16.370  74.075 1.0000000000
55302  -19.410  -15.553  72.707 1.0000000000
127441  -19.188  -15.487  71.885 1.0000000000
51782  -15.248  -19.800  69.219 1.0000000000
51790  -14.919  -19.280  68.489 1.0000000000
119990  -14.397  -21.049  68.427 1.0000000000
136522  -18.503  -13.450  71.880 1.0000000000
59771  -17.312  -10.218  67.613 1.0000000000
34550  -8.101  -37.823  79.389 0.5000000000
131766  -14.629  -27.737  70.542 1.0000000000
42285  -14.073  -29.148  70.553 1.0000000000
42275  -14.784  -29.603  71.175 1.0000000000
132690  -15.048  -28.203  71.281 1.0000000000
42276  -15.532  -29.724  71.756 1.0000000000
116663  -14.281  -26.228  69.894 1.0000000000
45188  -13.556  -26.610  69.134 1.0000000000
44202  -14.004  -27.692  69.755 1.0000000000
45172  -14.599  -26.690  70.977 1.0000000000
53358  -22.297  -17.354  74.058 1.0000000000
47138  -13.314  -25.100  68.623 1.0000000000
48028  -13.796  -24.198  68.744 1.0000000000
46196  -14.243  -25.495  70.085 1.0000000000
46195  -13.934  -25.759  69.102 1.0000000000
53357  -21.546  -17.604  73.473 1.0000000000
51764  -34.442  -19.614  72.843 0.7500000000
50060  -14.206  -21.961  68.538 1.0000000000
49041  -14.477  -22.314  69.299 1.0000000000
53367  -20.356  -17.319  72.595 1.0000000000
50947  -14.191  -20.163  67.985 1.0000000000
50946  -13.604  -20.806  67.999 1.0000000000
53379  -19.856  -16.942  71.902 1.0000000000
52581  -14.109  -18.228  67.543 1.0000000000
51788  -13.944  -19.233  67.714 1.0000000000
57157  -18.503  -12.791  69.152 1.0000000000
57155  -13.389  -13.372  68.012 1.0000000000
58889  -17.869  -11.300  67.648 1.0000000000
59770  -15.547  -10.361  67.296 1.0000000000
32983  -10.615  -39.419  78.846 0.3750000000
33772  -12.189  -39.331  79.452 0.3750000000
131570  -6.280  -35.917  80.492 0.5000000000
34545  -12.460  -38.174  79.692 0.3750000000
34538  -12.767  -37.511  79.596 0.5000000000
37024  -5.749  -35.877  79.195 0.3750000000
133380  -5.187  -34.336  75.707 0.2500000000
138621  -5.797  -34.470  75.552 0.2500000000
39603  -14.981  -32.605  73.368 0.8750000000
38792  -13.952  -33.240  74.044 0.8750000000
40465  -14.332  -31.498  72.360 0.8750000000
40464  -13.662  -31.692  72.638 0.8750000000
39602  -13.699  -32.627  73.624 0.8750000000
41294  -13.648  -30.640  71.642 1.0000000000
42273  -12.440  -29.421  71.239 1.0000000000
42267  -12.146  -29.815  72.096 0.8750000000
40474  -14.209  -30.968  71.846 1.0000000000
41279  -15.928  -30.722  73.028 1.0000000000
43277  -12.460  -28.716  70.436 1.0000000000
43278  -13.385  -28.696  70.146 1.0000000000
41286  -15.495  -30.517  72.100 1.0000000000
44214  -12.101  -27.343  69.438 1.0000000000
43276  -11.758  -28.183  70.684 1.0000000000
45209  -13.003  -27.235  69.074 1.0000000000
54347  -25.035  -17.077  73.410 1.0000000000
45185  -10.560  -26.046  70.103 1.0000000000
48038  -12.490  -23.262  68.091 1.0000000000
120045  -22.832  -17.794  71.779 1.0000000000
53380  -20.566  -17.529  71.579 1.0000000000
53419  -13.116  -17.367  67.767 1.0000000000
54377  -19.464  -16.357  71.375 1.0000000000
56254  -11.891  -14.779  68.467 1.0000000000
127944  -19.013  -14.444  68.864 1.0000000000
58022  -13.386  -12.149  67.682 1.0000000000
132060  -18.583  -13.386  68.559 1.0000000000
58024  -18.022  -12.144  67.603 1.0000000000
59780  -17.865  -10.659  66.952 1.0000000000
39576  -3.230  -32.385  76.789 0.5000000000
34537  -12.023  -37.550  79.843 0.5000000000
34536  -11.175  -37.799  80.202 0.3750000000
36139  -13.155  -36.850  79.274 0.5000000000
36138  -12.462  -36.605  79.438 0.5000000000
39577  -3.666  -33.275  77.112 0.3750000000
39568  -3.740  -32.647  77.748 0.5000000000
39561  -4.368  -32.864  78.326 0.5000000000
38758  -4.185  -33.813  77.447 0.2500000000
120460  -5.265  -35.160  78.162 0.2500000000
37905  -5.131  -34.815  78.874 0.3750000000
37910  -4.585  -34.367  76.937 0.2500000000
37913  -4.476  -34.231  76.046 0.2500000000
118163  -13.635  -34.321  77.672 0.8750000000
38742  -13.638  -34.795  78.301 0.7500000000
124429  -12.674  -34.770  78.548 0.6250000000
138491  -3.789  -33.937  75.112 0.2500000000
38767  -13.430  -33.920  76.243 0.8750000000
38782  -13.509  -33.397  74.731 0.8750000000
38766  -12.649  -33.594  76.503 0.8750000000
39584  -12.807  -32.669  74.821 0.8750000000
138070  -13.835  -34.063  76.726 0.8750000000
38760  -14.357  -34.410  76.967 0.8750000000
41274  -12.112  -30.947  74.124 0.8750000000
40447  -12.462  -31.722  74.520 0.8750000000
40452  -13.360  -31.974  73.216 0.8750000000
39591  -13.071  -32.199  74.010 0.8750000000
38768  -14.300  -34.283  76.120 0.8750000000
38777  -14.933  -34.183  75.101 0.7500000000
37046  -5.260  -34.077  74.097 0.2500000000
42266  -11.655  -29.309  72.755 1.0000000000
43261  -11.521  -28.295  71.617 1.0000000000
45171  -10.927  -26.848  70.689 1.0000000000
44187  -10.846  -26.925  71.790 1.0000000000
44176  -11.089  -27.699  72.207 1.0000000000
45149  -1.509  -25.304  73.836 0.7500000000
45150  -1.538  -26.029  73.847 0.5000000000
48026  -11.135  -24.376  68.685 1.0000000000
48021  -10.459  -23.361  70.324 1.0000000000
48053  -12.227  -22.564  68.044 1.0000000000
54417  -38.205  -16.819  69.189 0.6250000000
49028  -10.610  -22.552  69.869 1.0000000000
125081  -11.351  -20.866  69.088 1.0000000000
50045  -11.306  -21.646  68.884 1.0000000000
50938  -11.721  -20.308  68.833 1.0000000000
117417  -20.958  -17.679  70.896 1.0000000000
134826  -10.914  -16.622  69.335 1.0000000000
53409  -20.705  -17.535  69.498 1.0000000000
53394  -20.841  -17.605  70.258 1.0000000000
53411  -22.585  -17.732  69.548 1.0000000000
56243  -11.135  -14.745  68.925 1.0000000000
53408  -20.059  -17.024  69.234 1.0000000000
115646  -22.058  -17.596  69.034 1.0000000000
53424  -21.269  -17.689  68.911 1.0000000000
58009  -12.124  -12.486  68.183 1.0000000000
118271  -21.059  -17.779  68.134 1.0000000000
134104  -20.553  -17.496  68.033 1.0000000000
53435  -22.705  -17.653  67.676 1.0000000000
53434  -21.625  -17.839  67.403 1.0000000000
53444  -23.412  -17.624  66.452 0.8750000000
58885  -13.028  -11.580  67.594 1.0000000000
56259  -19.094  -14.779  68.250 1.0000000000
57164  -18.518  -13.573  67.891 1.0000000000
56269  -19.059  -15.123  67.660 1.0000000000
53432  -20.196  -17.220  67.535 1.0000000000
54421  -19.666  -16.479  67.806 1.0000000000
53441  -20.466  -17.476  66.761 1.0000000000
53442  -21.700  -17.866  66.509 0.8750000000
124010  -18.305  -13.798  67.122 1.0000000000
54437  -19.663  -16.615  65.836 1.0000000000
121870  -21.815  -17.770  65.815 1.0000000000
116687  -20.919  -17.712  65.916 1.0000000000
124876  -17.950  -13.127  66.574 1.0000000000
56278  -18.475  -14.544  66.631 1.0000000000
54448  -19.745  -16.543  64.948 1.0000000000
60741  -17.450  -9.851  66.812 1.0000000000
59788  -18.033  -10.145  66.325 1.0000000000
58897  -17.891  -11.541  66.903 1.0000000000
126656  -18.021  -13.609  65.680 1.0000000000
55392  -19.201  -15.935  64.531 0.8750000000
60757  -17.013  -9.278  65.533 1.0000000000
131875  -17.662  -9.514  65.821 1.0000000000
58040  -17.786  -11.668  65.119 1.0000000000
56298  -18.445  -14.562  64.601 1.0000000000
135205  -18.217  -13.968  65.003 1.0000000000
136605  -10.131  -36.485  81.477 0.6250000000
118381  -6.137  -35.187  80.757 0.5000000000
131532  -8.506  -35.677  81.684 0.5000000000
36136  -11.170  -36.203  80.482 0.3750000000
35314  -12.131  -36.887  79.748 0.5000000000
120535  -11.308  -35.914  80.195 0.5000000000
131769  -11.921  -35.634  79.417 0.7500000000
37013  -11.939  -36.085  79.522 0.5000000000
37891  -5.763  -34.090  80.063 0.6250000000
37016  -11.211  -35.448  80.176 0.7500000000
37900  -13.046  -35.091  78.626 0.6250000000
37899  -12.103  -34.923  79.077 0.6250000000
39563  -11.181  -32.883  78.361 0.8750000000
38740  -11.447  -33.710  78.785 0.7500000000
38748  -11.808  -33.689  77.799 0.7500000000
38741  -11.752  -34.361  79.040 0.7500000000
42224  -2.730  -29.111  79.409 0.6250000000
40439  -11.918  -31.036  76.051 0.8750000000
121315  -11.526  -30.129  77.259 0.8750000000
40434  -11.933  -31.827  76.395 0.8750000000
40440  -12.222  -31.994  75.486 0.8750000000
39570  -12.040  -33.178  77.014 0.8750000000
44135  -0.749  -27.762  78.065 0.6250000000
43242  -11.175  -28.715  74.572 0.8750000000
41273  -11.774  -30.233  74.622 0.8750000000
42257  -11.498  -29.505  74.167 0.8750000000
131436  -0.617  -26.101  75.814 0.6250000000
44168  -10.931  -27.899  73.167 1.0000000000
54363  -26.854  -16.462  72.409 1.0000000000
54380  -26.417  -16.611  71.802 1.0000000000
46162  -0.974  -25.861  74.547 0.7500000000
45170  -10.519  -26.220  71.321 1.0000000000
122904  -27.615  -16.686  69.453 1.0000000000
48017  -10.187  -23.330  71.440 1.0000000000
53385  -25.343  -17.269  71.610 1.0000000000
53399  -25.319  -17.448  70.800 1.0000000000
53400  -25.994  -17.180  70.413 1.0000000000
54404  -26.738  -16.890  69.901 1.0000000000
138698  -36.193  -18.316  71.618 0.8750000000
54383  -35.964  -16.922  71.877 0.8750000000
127968  -10.466  -20.849  70.525 1.0000000000
53397  -23.768  -18.029  70.802 1.0000000000
53428  -26.142  -17.486  68.445 1.0000000000
54422  -26.805  -17.308  67.899 0.8750000000
53396  -23.205  -17.939  70.183 1.0000000000
53427  -25.244  -17.658  68.713 1.0000000000
138891  -26.194  -17.432  67.870 1.0000000000
127215  -28.194  -16.676  66.992 0.8750000000
53405  -10.709  -17.071  69.870 1.0000000000
53412  -23.490  -17.829  69.410 1.0000000000
115822  -23.724  -17.685  68.739 1.0000000000
53426  -24.311  -17.620  68.337 1.0000000000
53438  -24.916  -17.508  67.732 1.0000000000
128970  -26.175  -17.300  67.346 0.8750000000
55343  -10.815  -15.459  69.274 1.0000000000
116354  -24.762  -17.351  66.932 0.8750000000
116645  -24.086  -17.442  66.727 0.8750000000
122407  -22.950  -17.589  64.695 0.8750000000
53467  -21.734  -17.532  64.029 0.8750000000
122784  -15.205  -9.443  65.494 0.8750000000
54459  -20.313  -17.031  63.552 0.8750000000
56306  -18.396  -14.515  63.629 0.8750000000
55402  -19.228  -15.919  63.568 0.8750000000
117332  -17.826  -9.847  64.080 0.8750000000
57204  -18.066  -13.645  63.268 0.8750000000
134007  -5.852  -32.859  79.007 0.6250000000
37892  -6.165  -34.408  80.737 0.6250000000
37010  -9.665  -35.228  81.664 0.6250000000
37011  -10.219  -35.434  81.432 0.7500000000
37889  -9.963  -34.938  81.447 0.7500000000
37893  -10.825  -34.582  80.403 0.7500000000
40418  -10.422  -32.110  79.701 0.8750000000
38736  -10.730  -33.704  80.263 0.7500000000
45132  -0.638  -27.002  77.896 0.6250000000
45114  -0.748  -26.164  79.535 0.6250000000
47108  -0.949  -25.580  74.185 0.7500000000
45155  -10.352  -26.461  73.389 1.0000000000
133240  -1.256  -25.108  73.774 0.7500000000
46179  -9.963  -24.928  72.635 1.0000000000
47125  -10.264  -24.777  71.633 1.0000000000
127879  -9.745  -21.004  72.016 1.0000000000
50018  -9.619  -21.747  72.428 1.0000000000
135581  -29.538  -15.851  68.514 1.0000000000
55348  -29.640  -15.773  69.258 1.0000000000
51768  -9.957  -19.547  71.178 1.0000000000
53377  -9.766  -17.337  71.539 1.0000000000
53390  -10.207  -17.236  70.778 1.0000000000
55377  -29.516  -15.633  66.547 0.8750000000
54388  -10.336  -16.388  70.439 1.0000000000
57143  -10.477  -13.827  69.955 1.0000000000
115904  -26.836  -16.785  65.187 0.8750000000
60739  -13.172  -9.871  66.829 1.0000000000
54474  -26.015  -16.950  62.795 0.8750000000
53495  -25.266  -17.221  62.421 0.8750000000
53478  -20.845  -17.325  62.992 0.8750000000
115497  -22.821  -17.535  61.823 0.8750000000
138749  -22.083  -17.532  61.928 0.8750000000
54486  -19.919  -16.528  62.265 0.8750000000
55414  -19.320  -15.923  62.596 0.8750000000
138878  -17.858  -11.631  62.441 0.8750000000
128128  -18.448  -13.704  61.584 0.8750000000
38737  -6.516  -33.766  80.411 0.6250000000
39557  -6.898  -33.140  79.480 0.6250000000
122409  -9.016  -34.272  81.500 0.7500000000
123739  -9.759  -34.392  81.374 0.7500000000
39555  -10.417  -32.956  80.603 0.7500000000
41242  -10.213  -30.846  79.454 0.8750000000
129670  -10.404  -31.262  79.382 0.8750000000
39558  -10.545  -32.951  80.068 0.8750000000
120217  -3.518  -28.430  80.132 0.6250000000
42239  -11.291  -29.553  77.787 0.8750000000
42229  -10.409  -29.896  78.818 0.8750000000
46139  -1.005  -25.306  79.817 0.7500000000
43229  -11.307  -28.760  76.464 0.8750000000
47999  -0.470  -24.076  76.161 0.8750000000
48003  -0.505  -24.030  75.566 0.8750000000
116513  -29.994  -15.786  71.024 1.0000000000
55319  -30.871  -15.693  71.234 1.0000000000
120779  -32.185  -15.428  71.152 1.0000000000
46168  -9.954  -25.804  73.937 1.0000000000
55334  -31.635  -15.459  70.539 1.0000000000
120179  -0.594  -23.142  73.597 0.8750000000
48015  -0.576  -23.421  72.928 0.8750000000
48011  -9.156  -23.203  73.397 1.0000000000
55349  -30.408  -15.529  69.342 1.0000000000
56230  -36.900  -14.809  71.096 1.0000000000
55338  -37.548  -14.912  70.824 1.0000000000
136567  -0.510  -22.769  72.361 0.8750000000
122922  -0.579  -23.900  72.559 0.8750000000
118497  -30.575  -15.326  67.693 0.8750000000
49012  -0.482  -22.570  71.642 0.8750000000
49027  -0.491  -22.379  70.800 0.8750000000
50921  -9.869  -20.274  71.615 1.0000000000
52558  -9.634  -18.097  71.917 1.0000000000
50057  -0.690  -21.525  68.759 0.8750000000
55378  -30.269  -15.288  66.832 0.8750000000
56274  -38.857  -14.363  67.931 0.7500000000
56225  -10.136  -14.260  71.246 1.0000000000
55386  -29.666  -15.132  65.230 0.8750000000
57265  -5.331  -12.484  57.878 0.1250000000
127576  -10.789  -11.110  69.631 1.0000000000
59759  -11.263  -11.015  68.950 1.0000000000
55394  -29.365  -15.156  64.507 0.8750000000
60737  -11.865  -9.325  67.557 0.8750000000
53509  -25.106  -17.231  61.602 0.8750000000
61703  -16.279  -8.687  63.986 0.8750000000
54487  -20.179  -16.500  61.409 0.8750000000
59815  -17.937  -10.270  62.349 0.8750000000
53521  -21.589  -17.191  60.680 0.7500000000
57221  -18.461  -13.240  61.091 0.8750000000
56323  -19.053  -14.800  61.173 0.8750000000
39556  -6.241  -32.410  79.042 0.6250000000
39552  -8.320  -32.576  81.246 0.8750000000
42216  -5.465  -28.795  79.510 0.7500000000
40410  -9.969  -31.577  80.546 0.8750000000
138693  -9.988  -30.287  79.539 0.8750000000
43222  -10.949  -28.386  78.100 0.8750000000
43212  -10.626  -29.263  78.513 0.8750000000
124796  -0.497  -24.699  77.701 0.8750000000
47088  -0.238  -24.800  79.282 0.7500000000
46122  -1.803  -25.128  80.471 0.7500000000
44156  -10.366  -27.335  75.890 0.8750000000
44151  -10.529  -27.482  76.844 0.8750000000
124066  -9.923  -26.467  75.152 1.0000000000
136363  -9.455  -25.290  74.895 1.0000000000
48986  -0.579  -22.500  73.936 0.8750000000
47077  -4.420  -24.148  80.778 0.8750000000
48008  -8.806  -22.996  74.390 1.0000000000
127560  -9.361  -16.782  73.693 1.0000000000
130840  -9.316  -16.141  74.041 1.0000000000
55284  -9.376  -15.739  74.691 1.0000000000
57109  -9.299  -13.781  75.114 1.0000000000
56199  -9.267  -14.965  75.685 1.0000000000
122402  -9.425  -11.672  75.386 1.0000000000
59728  -9.570  -10.157  75.932 1.0000000000
55351  -32.256  -15.145  69.717 1.0000000000
55352  -33.077  -14.893  70.176 1.0000000000
55336  -33.816  -14.796  70.655 1.0000000000
50017  -9.256  -21.684  73.258 1.0000000000
51758  -9.485  -19.358  73.678 1.0000000000
51762  -9.569  -19.498  72.859 1.0000000000
117938  -9.488  -18.585  73.948 1.0000000000
122000  -9.488  -18.122  73.433 1.0000000000
122403  -9.349  -13.232  74.505 1.0000000000
56247  -32.972  -14.823  69.463 1.0000000000
56261  -32.497  -14.867  68.890 1.0000000000
50016  -0.570  -21.221  72.351 0.8750000000
50920  -9.620  -20.261  72.473 1.0000000000
125082  -9.523  -18.115  72.735 1.0000000000
54357  -9.463  -16.719  72.832 1.0000000000
118145  -9.440  -15.324  73.003 1.0000000000
56213  -9.403  -14.724  73.572 1.0000000000
123095  -9.452  -13.283  73.652 1.0000000000
57122  -9.462  -13.973  73.247 1.0000000000
50930  -0.550  -20.797  70.237 0.8750000000
55299  -9.523  -15.959  72.479 1.0000000000
55311  -9.646  -15.196  72.147 1.0000000000
57127  -9.666  -13.839  72.446 1.0000000000
125920  -9.822  -13.056  72.259 1.0000000000
58848  -9.708  -10.873  73.384 1.0000000000
56275  -39.366  -13.817  67.969 0.8750000000
51785  -0.760  -19.806  68.703 0.8750000000
50937  -0.666  -20.549  69.330 0.8750000000
57990  -9.973  -12.281  72.182 1.0000000000
51786  -0.984  -19.226  68.390 0.8750000000
59748  -10.368  -10.516  70.871 1.0000000000
51797  -1.963  -19.603  66.545 0.8750000000
52586  -2.002  -18.754  66.832 0.8750000000
56290  -31.231  -14.274  65.617 0.8750000000
136748  -2.316  -19.625  65.323 0.8750000000
52587  -2.146  -18.166  66.079 0.8750000000
55424  -3.567  -15.526  61.973 0.6250000000
55400  -3.419  -15.103  63.579 0.7500000000
54456  -3.429  -15.773  63.258 0.8750000000
56331  -3.484  -14.367  60.921 0.3750000000
56344  -3.727  -14.212  59.695 0.2500000000
57228  -3.508  -13.663  61.216 0.3750000000
57239  -3.705  -13.197  59.420 0.2500000000
56360  -4.646  -14.021  58.765 0.2500000000
58965  -4.834  -12.265  59.784 0.2500000000
58995  -5.373  -11.892  58.627 0.1250000000
136197  -2.709  -17.775  64.381 0.8750000000
54457  -3.228  -16.383  63.663 0.8750000000
55405  -29.230  -15.072  63.814 0.8750000000
61683  -12.010  -8.680  67.266 0.8750000000
61695  -14.064  -8.519  65.132 0.7500000000
61713  -16.517  -8.387  63.452 0.7500000000
54506  -25.509  -16.963  60.822 0.8750000000
53523  -24.026  -17.446  60.709 0.8750000000
54525  -23.974  -17.299  59.714 0.7500000000
53535  -23.088  -17.097  59.631 0.7500000000
54505  -24.736  -17.238  60.187 0.8750000000
55436  -19.561  -15.140  60.518 0.7500000000
55437  -20.154  -15.664  60.155 0.7500000000
54504  -21.059  -16.752  60.212 0.7500000000
58109  -18.401  -12.117  60.645 0.7500000000
58097  -18.123  -11.776  61.249 0.8750000000
132537  -8.903  -31.986  81.256 0.8750000000
41240  -9.453  -29.961  80.155 0.8750000000
41241  -9.863  -30.138  79.847 0.8750000000
43211  -10.222  -29.080  78.720 0.8750000000
59721  -10.438  -9.799  78.433 1.0000000000
44129  -10.013  -28.509  78.658 0.8750000000
44146  -10.549  -27.814  77.824 0.8750000000
45133  -9.656  -26.369  77.383 0.8750000000
138664  -0.657  -22.176  75.971 0.8750000000
46163  -9.435  -25.349  75.406 1.0000000000
46158  -9.420  -25.447  76.213 0.8750000000
48004  -8.730  -23.191  75.368 1.0000000000
49997  -0.809  -21.020  73.850 0.8750000000
123765  -4.235  -23.459  80.692 1.0000000000
119845  -4.156  -22.881  80.507 1.0000000000
50007  -8.998  -21.530  74.088 1.0000000000
120178  -0.705  -21.077  73.107 0.8750000000
50919  -0.862  -20.453  72.636 0.8750000000
51751  -9.475  -19.200  74.486 1.0000000000
61648  -10.251  -8.078  75.325 0.8750000000
120676  -33.515  -14.333  68.339 1.0000000000
127091  -0.641  -20.544  71.723 0.8750000000
52556  -1.467  -18.960  71.616 0.8750000000
59740  -9.757  -10.046  73.415 1.0000000000
59741  -9.969  -10.413  72.706 1.0000000000
57169  -40.331  -12.626  67.641 0.8750000000
58018  -40.054  -12.595  68.383 1.0000000000
134958  -40.657  -12.176  67.339 0.8750000000
52571  -1.469  -18.140  69.437 0.8750000000
53403  -2.196  -17.842  69.929 0.8750000000
60720  -10.261  -9.769  72.185 0.8750000000
127049  -10.414  -9.043  71.713 0.8750000000
54408  -3.525  -17.260  69.015 0.8750000000
54427  -2.768  -16.829  66.817 0.8750000000
61670  -10.652  -8.379  71.101 0.8750000000
54435  -2.833  -16.347  65.473 0.8750000000
55390  -3.300  -15.447  64.205 0.8750000000
55381  -3.197  -15.377  65.244 0.8750000000
56286  -3.602  -14.446  65.228 0.8750000000
56294  -3.238  -14.009  63.758 0.7500000000
56295  -3.540  -13.912  64.024 0.7500000000
58964  -3.808  -12.801  61.542 0.3750000000
120344  -12.257  -7.195  67.068 0.8750000000
62613  -12.486  -7.682  66.623 0.8750000000
56308  -30.205  -13.976  63.691 0.8750000000
58927  -42.019  -11.206  64.633 0.6250000000
58981  -6.059  -11.851  59.353 0.2500000000
62614  -12.863  -7.515  66.072 0.7500000000
57214  -30.744  -13.145  62.328 0.8750000000
56324  -28.990  -14.743  61.855 0.8750000000
58982  -6.808  -11.359  58.986 0.2500000000
62618  -13.851  -7.834  64.839 0.7500000000
55427  -28.447  -15.254  61.440 0.8750000000
55426  -27.790  -15.623  60.944 0.8750000000
55438  -27.288  -15.704  60.185 0.8750000000
54507  -26.655  -16.176  60.248 0.8750000000
56334  -28.910  -14.645  61.070 0.8750000000
137722  -24.259  -16.886  59.101 0.7500000000
54527  -26.124  -16.318  59.602 0.8750000000
54526  -25.668  -16.412  59.028 0.7500000000
139029  -21.812  -16.253  59.179 0.7500000000
54523  -22.237  -16.709  59.485 0.7500000000
54543  -23.226  -16.262  58.563 0.7500000000
121359  -25.591  -15.964  58.282 0.7500000000
116812  -24.609  -15.988  57.948 0.7500000000
59827  -18.227  -10.496  60.641 0.7500000000
58983  -18.543  -11.731  60.113 0.7500000000
57232  -19.182  -13.879  60.190 0.7500000000
56346  -19.603  -14.519  59.969 0.7500000000
56363  -20.793  -14.768  59.000 0.7500000000
55449  -19.957  -15.076  59.871 0.7500000000
55461  -22.143  -15.294  58.407 0.7500000000
56364  -21.531  -14.747  58.597 0.7500000000
41239  -8.529  -29.776  80.351 0.8750000000
43205  -9.550  -28.980  79.463 0.8750000000
48943  -0.522  -22.702  77.499 0.8750000000
47986  -1.873  -22.836  80.202 1.0000000000
46126  -6.767  -26.601  79.919 0.8750000000
121883  -9.271  -25.817  78.046 0.8750000000
46148  -8.857  -25.274  78.397 0.8750000000
118942  -8.989  -23.990  76.573 1.0000000000
62545  -12.707  -7.459  77.768 0.8750000000
62550  -12.076  -7.481  77.389 0.8750000000
124341  -0.824  -20.994  74.549 0.8750000000
50907  -1.493  -20.518  74.170 0.8750000000
133351  -9.053  -24.029  77.417 1.0000000000
50913  -1.239  -20.467  73.396 0.8750000000
51767  -1.150  -19.730  72.168 0.8750000000
47071  -6.754  -24.001  80.853 1.0000000000
61651  -9.978  -8.774  74.977 0.8750000000
52557  -2.549  -18.502  71.669 0.8750000000
122683  -2.772  -17.975  71.230 0.8750000000
53389  -2.353  -17.943  70.829 0.8750000000
61652  -10.184  -8.127  74.486 0.8750000000
63444  -10.824  -6.797  74.611 0.8750000000
58005  -38.553  -12.395  69.243 1.0000000000
58893  -40.519  -11.627  67.722 1.0000000000
54398  -3.414  -17.346  69.867 0.8750000000
63459  -10.759  -7.333  72.214 0.8750000000
58036  -41.175  -11.623  66.650 0.7500000000
58894  -40.912  -11.229  67.192 0.8750000000
63469  -10.958  -7.164  71.523 0.8750000000
55373  -3.826  -15.583  66.685 0.8750000000
56297  -3.862  -13.698  64.822 0.7500000000
56287  -4.056  -14.428  65.558 0.8750000000
58066  -3.815  -12.921  63.073 0.7500000000
62574  -11.245  -6.769  71.050 0.8750000000
58073  -33.105  -12.501  63.606 0.8750000000
58072  -32.328  -12.811  63.717 0.8750000000
60812  -37.207  -9.467  60.859 0.8750000000
58108  -5.013  -12.397  60.740 0.2500000000
63500  -11.758  -7.070  68.295 0.8750000000
63489  -11.629  -6.946  69.051 0.8750000000
136830  -11.483  -6.776  69.735 0.8750000000
58100  -32.073  -12.299  62.070 0.8750000000
128378  -43.366  -9.293  64.518 0.8750000000
58967  -6.371  -12.088  60.346 0.2500000000
135719  -12.076  -6.600  67.992 0.8750000000
126767  -35.423  -9.691  57.526 0.8750000000
58942  -42.888  -11.015  63.292 0.5000000000
58929  -43.451  -10.665  63.665 0.6250000000
63525  -13.109  -6.957  65.726 0.7500000000
57222  -30.062  -13.300  60.991 0.8750000000
57223  -30.516  -13.040  61.564 0.8750000000
59888  -33.379  -10.283  57.624 0.8750000000
63543  -13.803  -6.648  64.645 0.7500000000
62623  -13.989  -7.328  64.382 0.7500000000
56335  -29.374  -13.987  60.611 0.8750000000
62629  -14.595  -7.392  63.780 0.7500000000
57244  -28.724  -13.806  59.004 0.8750000000
56350  -29.099  -13.888  59.782 0.8750000000
56348  -27.775  -14.903  59.198 0.8750000000
60883  -33.925  -9.143  54.681 0.8750000000
55465  -27.116  -15.236  58.869 0.7500000000
55464  -26.425  -15.580  58.529 0.7500000000
60808  -18.314  -9.609  60.477 0.7500000000
55478  -25.134  -15.391  57.374 0.7500000000
128212  -19.798  -13.803  59.555 0.7500000000
55476  -23.318  -15.100  57.631 0.7500000000
55475  -22.673  -15.015  57.960 0.7500000000
44124  -9.169  -28.252  79.453 0.8750000000
46129  -8.603  -26.122  79.081 0.8750000000
137691  -1.487  -22.400  79.564 1.0000000000
46140  -8.822  -25.905  78.886 0.8750000000
118530  -0.827  -21.022  76.902 0.8750000000
137898  -1.035  -20.733  75.476 0.8750000000
49936  -2.976  -21.713  80.222 1.0000000000
51749  -2.001  -20.277  74.848 0.8750000000
48924  -4.351  -22.315  80.323 1.0000000000
58016  -38.131  -11.914  68.872 1.0000000000
136128  -3.138  -18.094  72.144 0.8750000000
53375  -3.084  -18.162  71.845 0.8750000000
125607  -6.690  -21.385  81.214 1.0000000000
136692  -2.991  -17.896  71.066 0.8750000000
63460  -11.175  -6.533  72.777 0.8750000000
60752  -41.307  -10.097  66.363 1.0000000000
119995  -4.624  -15.514  67.847 0.8750000000
58043  -34.587  -12.435  65.223 0.8750000000
63490  -11.868  -6.260  69.467 0.8750000000
63479  -11.643  -6.268  70.382 0.8750000000
58060  -34.177  -12.398  64.501 0.8750000000
64381  -12.454  -5.953  68.086 0.8750000000
58990  -33.164  -10.860  59.864 0.8750000000
60836  -37.477  -9.020  58.449 0.8750000000
60814  -39.053  -8.384  60.970 1.0000000000
58096  -4.878  -12.651  61.784 0.3750000000
115924  -5.757  -12.346  60.806 0.2500000000
63514  -12.381  -6.536  67.375 0.8750000000
58114  -31.080  -12.283  61.010 0.8750000000
58953  -31.476  -11.916  60.772 0.8750000000
58954  -32.267  -11.851  61.229 0.8750000000
59856  -33.063  -10.677  59.076 0.8750000000
60848  -37.407  -8.961  57.601 0.8750000000
60795  -44.885  -9.472  63.066 0.8750000000
61735  -44.586  -8.694  63.094 0.8750000000
64428  -14.064  -5.887  64.626 0.7500000000
58125  -29.982  -12.617  59.661 0.8750000000
61793  -39.453  -8.255  57.528 1.0000000000
63552  -14.734  -6.551  63.499 0.7500000000
58138  -30.313  -11.702  58.894 0.8750000000
117754  -29.921  -12.283  59.044 0.8750000000
135005  -32.292  -10.295  56.707 0.8750000000
60867  -31.644  -9.706  55.083 0.7500000000
61803  -38.492  -8.302  56.444 1.0000000000
61804  -39.268  -8.080  56.658 1.0000000000
58137  -29.450  -12.528  58.563 0.8750000000
57245  -29.438  -13.070  59.211 0.8750000000
134697  -28.368  -13.829  58.387 0.7500000000
60882  -33.043  -9.283  54.604 0.7500000000
60884  -34.854  -8.792  54.708 0.8750000000
61824  -35.553  -8.149  54.436 0.7500000000
62718  -38.406  -7.742  54.994 1.0000000000
138737  -39.585  -7.301  55.357 1.0000000000
62637  -16.684  -7.470  62.390 0.8750000000
62636  -15.943  -7.013  62.687 0.7500000000
62644  -16.820  -6.982  61.716 0.6250000000
62645  -17.366  -7.539  61.532 0.7500000000
57256  -27.862  -14.134  58.026 0.7500000000
56367  -27.482  -14.691  58.422 0.7500000000
61820  -31.041  -8.556  54.081 0.7500000000
61831  -33.826  -7.946  54.059 0.7500000000
62732  -35.309  -7.406  54.232 0.7500000000
127132  -36.721  -6.875  54.388 0.7500000000
62734  -37.625  -7.407  54.548 0.7500000000
63640  -38.149  -6.508  54.486 0.7500000000
56388  -27.180  -14.408  57.657 0.7500000000
125736  -30.186  -7.362  54.413 0.6250000000
63636  -34.215  -6.462  54.406 0.7500000000
134188  -18.148  -8.250  60.788 0.7500000000
60818  -18.461  -9.413  59.714 0.7500000000
56385  -23.754  -14.430  57.241 0.7500000000
120593  -24.776  -14.723  56.881 0.7500000000
56402  -25.206  -14.095  56.683 0.7500000000
63623  -30.816  -5.978  54.919 0.6250000000
64565  -31.379  -5.685  55.317 0.7500000000
124679  -18.649  -10.105  59.284 0.6250000000
58121  -19.228  -12.412  59.582 0.7500000000
58122  -19.789  -12.857  59.383 0.7500000000
58132  -20.442  -12.584  59.049 0.7500000000
128063  -21.773  -14.170  58.534 0.7500000000
64567  -33.711  -5.379  55.633 0.6250000000
65473  -35.724  -4.868  55.992 0.7500000000
115807  -22.134  -13.222  58.973 0.6250000000
58133  -21.129  -12.629  59.055 0.6250000000
133693  -1.294  -19.789  77.805 0.8750000000
50886  -1.164  -20.153  77.031 0.8750000000
49948  -3.241  -20.982  79.382 1.0000000000
51738  -2.628  -18.949  76.358 0.8750000000
52542  -3.188  -18.731  74.543 0.8750000000
47979  -8.280  -23.117  78.025 1.0000000000
64315  -12.077  -6.065  75.236 0.7500000000
54355  -3.406  -17.160  72.283 0.8750000000
125815  -5.977  -20.990  81.105 1.0000000000
49929  -7.145  -21.992  81.056 1.0000000000
48926  -8.857  -22.375  78.132 1.0000000000
48938  -9.437  -22.333  77.610 1.0000000000
54356  -3.630  -16.593  72.165 0.8750000000
48925  -8.254  -22.307  78.524 1.0000000000
131845  -35.794  -11.109  63.474 0.8750000000
115337  -3.601  -16.615  72.125 0.8750000000
54399  -3.731  -16.904  70.119 0.8750000000
64341  -11.895  -5.810  72.925 0.8750000000
55342  -4.511  -15.944  69.698 0.8750000000
131828  -12.074  -5.531  71.643 0.7500000000
134802  -4.914  -14.793  67.297 1.0000000000
56288  -4.478  -14.433  65.873 0.8750000000
58924  -34.667  -12.078  64.092 0.8750000000
114977  -33.714  -11.504  61.870 0.8750000000
58054  -5.226  -13.068  64.001 0.7500000000
64382  -13.038  -5.248  68.597 0.8750000000
64368  -12.276  -5.581  69.973 0.8750000000
65371  -13.767  -4.892  67.203 0.8750000000
58973  -32.748  -11.323  60.561 0.8750000000
62672  -41.970  -7.559  59.561 1.0000000000
62662  -42.683  -7.565  61.117 1.0000000000
58948  -7.255  -11.777  60.832 0.2500000000
64401  -13.871  -5.078  66.320 0.7500000000
58987  -30.862  -11.500  59.454 0.8750000000
59006  -31.374  -11.065  58.833 0.8750000000
59871  -31.979  -10.722  58.197 0.8750000000
138279  -14.454  -5.479  64.353 0.7500000000
134734  -30.233  -11.430  58.304 0.8750000000
59018  -30.482  -11.076  57.903 0.8750000000
59886  -31.735  -10.582  57.396 0.8750000000
59885  -30.921  -10.690  57.310 0.8750000000
62701  -40.197  -7.892  56.944 1.0000000000
62673  -42.801  -7.504  58.980 1.0000000000
64446  -15.038  -5.739  63.409 0.7500000000
59004  -29.786  -11.877  58.292 0.8750000000
59032  -30.225  -10.978  57.156 0.8750000000
59017  -29.363  -11.751  57.541 0.7500000000
59031  -29.550  -11.298  56.994 0.7500000000
59916  -31.107  -10.010  55.849 0.7500000000
59902  -31.454  -10.364  56.629 0.8750000000
59900  -29.819  -10.739  56.406 0.7500000000
59915  -30.247  -10.197  55.699 0.6250000000
60866  -30.739  -9.737  54.987 0.7500000000
60880  -31.310  -9.259  54.455 0.7500000000
63558  -16.000  -6.238  62.439 0.7500000000
58156  -27.480  -12.743  56.844 0.7500000000
58146  -28.329  -12.833  57.469 0.7500000000
116351  -26.693  -12.403  56.500 0.7500000000
58147  -29.118  -12.360  57.923 0.7500000000
57272  -28.217  -13.558  57.872 0.7500000000
60879  -30.312  -9.126  54.422 0.7500000000
61818  -28.889  -8.226  54.494 0.7500000000
122924  -29.037  -7.452  54.637 0.7500000000
63632  -29.634  -6.921  54.697 0.6250000000
134280  -39.088  -5.636  54.758 0.8750000000
122968  -40.885  -5.762  55.480 1.0000000000
62666  -17.896  -7.104  59.685 0.6250000000
63565  -17.146  -7.013  61.059 0.6250000000
59028  -25.954  -11.961  56.386 0.6250000000
57282  -25.678  -13.406  56.592 0.7500000000
57283  -26.603  -13.324  56.738 0.7500000000
58154  -25.394  -12.673  56.589 0.7500000000
63611  -29.041  -6.150  56.171 0.5000000000
63621  -29.298  -6.438  55.321 0.6250000000
64573  -38.777  -5.099  54.898 0.7500000000
64574  -40.234  -5.413  55.222 1.0000000000
57269  -24.216  -13.426  57.167 0.7500000000
56401  -24.397  -14.088  56.859 0.7500000000
64548  -28.819  -5.942  57.043 0.5000000000
64538  -29.503  -5.744  57.724 0.5000000000
128404  -31.279  -5.539  56.170 0.6250000000
65484  -36.600  -4.856  55.576 0.7500000000
65474  -38.657  -4.150  56.017 0.7500000000
119164  -37.851  -4.308  56.109 0.7500000000
59865  -19.186  -9.877  58.623 0.6250000000
59853  -19.156  -10.892  58.956 0.7500000000
58144  -23.726  -13.215  58.019 0.7500000000
119420  -31.274  -5.588  57.246 0.5000000000
64540  -32.112  -5.394  57.559 0.6250000000
64552  -32.832  -5.334  57.129 0.6250000000
59000  -20.571  -11.682  58.799 0.6250000000
64527  -32.479  -5.332  58.786 0.3750000000
51719  -2.774  -19.019  78.763 1.0000000000
52527  -2.317  -18.487  77.358 1.0000000000
52537  -3.152  -17.954  75.993 0.8750000000
119970  -3.230  -18.035  75.065 1.0000000000
51708  -4.707  -19.494  80.031 1.0000000000
54331  -3.320  -17.249  74.677 1.0000000000
125541  -3.329  -16.479  74.631 0.8750000000
51709  -5.407  -19.267  80.679 1.0000000000
55289  -3.511  -16.211  73.625 0.8750000000
132305  -12.865  -5.310  73.860 0.7500000000
64342  -12.637  -5.250  73.149 0.7500000000
56231  -4.727  -15.608  70.705 0.8750000000
60775  -38.980  -9.633  64.504 0.8750000000
60776  -39.758  -9.335  64.748 1.0000000000
60777  -40.636  -9.007  64.917 1.0000000000
64369  -12.881  -4.925  70.514 0.7500000000
61730  -39.995  -8.253  62.494 1.0000000000
117716  -41.918  -7.281  63.324 1.0000000000
137985  -5.344  -13.587  66.085 1.0000000000
58029  -5.743  -13.063  65.817 1.0000000000
58055  -5.967  -12.666  64.027 0.5000000000
134729  -6.434  -12.305  63.250 0.5000000000
62650  -42.791  -7.241  62.026 1.0000000000
62652  -44.355  -8.182  61.887 1.0000000000
61746  -45.743  -8.893  61.841 1.0000000000
61761  -47.065  -9.242  60.592 1.0000000000
65380  -14.515  -4.710  65.854 0.7500000000
60862  -27.153  -9.354  55.163 0.6250000000
59849  -47.049  -10.158  60.291 0.8750000000
60824  -47.524  -9.530  60.024 0.8750000000
65393  -15.129  -4.545  64.606 0.7500000000
60864  -28.888  -9.792  54.976 0.6250000000
62725  -28.374  -7.621  54.779 0.7500000000
60876  -27.697  -8.940  54.843 0.6250000000
62716  -27.000  -7.865  55.554 0.7500000000
60877  -28.435  -9.010  54.654 0.7500000000
63602  -42.280  -6.765  57.260 1.0000000000
63587  -44.300  -6.841  58.082 1.0000000000
117971  -43.735  -6.483  57.507 1.0000000000
59861  -46.770  -10.471  59.439 0.7500000000
64464  -16.207  -5.458  62.057 0.7500000000
60865  -29.814  -9.802  54.935 0.7500000000
63619  -27.774  -6.861  55.903 0.5000000000
117787  -42.048  -6.424  56.583 1.0000000000
136079  -41.441  -5.455  55.745 1.0000000000
137728  -42.574  -6.430  56.888 1.0000000000
63614  -42.817  -5.978  56.556 1.0000000000
64556  -42.636  -5.123  56.184 1.0000000000
59877  -46.738  -10.469  58.353 0.6250000000
59892  -47.413  -10.074  57.875 0.6250000000
60858  -47.363  -9.695  56.733 0.8750000000
64491  -16.575  -5.471  60.699 0.6250000000
134397  -26.219  -11.180  56.161 0.6250000000
63610  -28.250  -6.377  56.451 0.5000000000
116369  -42.304  -4.370  56.198 0.8750000000
59876  -45.989  -10.776  57.819 0.5000000000
60859  -48.511  -8.905  57.034 0.8750000000
60872  -47.076  -9.588  56.178 0.8750000000
64506  -17.192  -5.548  59.396 0.5000000000
63575  -18.324  -6.956  58.784 0.5000000000
117028  -25.630  -11.118  56.377 0.6250000000
59026  -24.783  -11.873  57.218 0.6250000000
58153  -24.746  -12.635  56.904 0.7500000000
118386  -30.364  -5.707  57.509 0.5000000000
65476  -40.324  -3.845  56.181 0.7500000000
60873  -47.521  -9.127  55.877 0.8750000000
59015  -24.506  -11.936  57.956 0.6250000000
64525  -30.806  -5.711  59.067 0.3750000000
66362  -38.738  -3.537  57.340 0.7500000000
66372  -39.689  -3.318  56.949 0.7500000000
61827  -47.223  -8.169  54.909 0.8750000000
60887  -47.073  -8.887  55.226 0.8750000000
58135  -23.132  -12.970  58.992 0.7500000000
116479  -32.854  -5.203  59.384 0.3750000000
65453  -35.667  -4.440  58.441 0.6250000000
65454  -36.393  -4.224  58.282 0.7500000000
62743  -46.841  -7.657  54.493 0.6250000000
60843  -21.152  -9.355  57.674 0.6250000000
64514  -34.256  -4.770  59.823 0.5000000000
65440  -35.410  -4.422  59.171 0.6250000000
120134  -35.539  -4.337  60.060 0.6250000000
66335  -37.031  -3.821  59.484 0.7500000000
64591  -48.071  -5.585  55.231 1.0000000000
63642  -47.584  -6.354  54.926 0.6250000000
65494  -48.408  -5.093  55.473 1.0000000000
66389  -48.323  -4.327  55.491 0.8750000000
66382  -48.708  -3.376  55.735 1.0000000000
66383  -49.339  -3.865  56.214 1.0000000000
65492  -46.909  -4.745  54.633 0.6250000000
66387  -46.540  -3.099  54.501 0.7500000000
65505  -46.106  -4.508  54.224 0.5000000000
67281  -47.214  -2.767  54.955 0.7500000000
68210  -47.183  -1.517  54.150 0.7500000000
67280  -46.688  -2.133  54.354 0.6250000000
69156  -48.884  -0.493  52.605 0.5000000000
58826  -11.321  -11.269  80.324 1.0000000000
54295  -2.035  -16.834  77.821 1.0000000000
125960  -2.863  -17.976  76.913 1.0000000000
126951  -8.909  -16.052  77.927 1.0000000000
54307  -3.172  -16.979  76.158 1.0000000000
54301  -2.682  -16.685  77.002 1.0000000000
53341  -3.266  -17.354  75.448 1.0000000000
137700  -3.105  -16.037  75.741 1.0000000000
51701  -6.279  -18.940  81.171 1.0000000000
138593  -14.717  -4.425  73.881 0.7500000000
56204  -3.108  -15.580  75.416 1.0000000000
51702  -7.268  -19.057  81.206 1.0000000000
65310  -13.997  -4.635  72.757 0.7500000000
60762  -39.339  -9.787  65.383 1.0000000000
56222  -4.489  -15.642  71.737 0.8750000000
134492  -5.445  -14.364  72.086 1.0000000000
56223  -5.318  -14.822  71.339 0.8750000000
57981  -6.041  -12.380  72.838 1.0000000000
57121  -5.774  -13.540  72.416 1.0000000000
57133  -5.996  -14.131  70.734 0.8750000000
56232  -5.441  -14.796  70.397 0.8750000000
124857  -6.029  -13.878  69.011 0.8750000000
57141  -5.922  -14.222  69.757 0.8750000000
57989  -6.303  -13.205  71.046 0.8750000000
57162  -5.514  -14.035  67.497 1.0000000000
58007  -6.133  -13.406  67.802 1.0000000000
122010  -6.433  -12.223  71.286 1.0000000000
57995  -6.521  -12.688  70.491 1.0000000000
57142  -6.435  -13.213  69.610 1.0000000000
57152  -6.323  -13.301  68.676 1.0000000000
58021  -6.463  -12.723  67.286 1.0000000000
58039  -6.369  -12.498  65.488 0.7500000000
58919  -7.269  -11.643  63.625 0.3750000000
122947  -43.127  -7.508  61.519 1.0000000000
62664  -44.222  -8.018  61.052 1.0000000000
123093  -6.694  -11.311  70.213 1.0000000000
58883  -6.947  -12.013  67.619 1.0000000000
58873  -7.006  -11.637  68.426 0.8750000000
58895  -6.917  -12.085  66.885 1.0000000000
58911  -7.026  -11.841  65.123 0.6250000000
123487  -7.482  -11.085  65.117 0.5000000000
132031  -44.019  -7.899  60.199 1.0000000000
120368  -45.565  -7.983  59.480 1.0000000000
62676  -46.446  -8.057  59.484 1.0000000000
126581  -6.866  -11.347  69.395 0.8750000000
59765  -7.353  -10.308  67.733 0.8750000000
58896  -7.343  -11.320  66.733 0.8750000000
58905  -7.448  -11.226  65.833 0.8750000000
59793  -7.910  -10.219  63.850 0.5000000000
66264  -15.690  -3.688  65.809 0.7500000000
63588  -45.325  -6.966  58.229 1.0000000000
62677  -47.512  -8.135  59.489 1.0000000000
60728  -6.635  -9.573  69.696 0.8750000000
66291  -16.029  -3.850  63.976 0.7500000000
61799  -25.870  -9.049  55.925 0.6250000000
61800  -26.057  -8.426  56.433 0.6250000000
62707  -26.552  -7.834  56.249 0.5000000000
63615  -43.656  -6.077  56.844 1.0000000000
64558  -44.309  -5.572  56.749 1.0000000000
64543  -45.233  -5.791  57.148 1.0000000000
119199  -48.408  -8.469  59.429 1.0000000000
60853  -25.561  -9.671  56.427 0.6250000000
61790  -25.957  -8.433  57.442 0.5000000000
61779  -25.777  -8.918  58.402 0.6250000000
134357  -25.320  -9.753  57.223 0.6250000000
62683  -26.157  -8.167  58.303 0.3750000000
62684  -26.398  -7.513  58.664 0.3750000000
135713  -26.308  -7.891  56.963 0.5000000000
63599  -27.299  -6.541  57.674 0.5000000000
61773  -49.157  -8.086  59.491 1.0000000000
59884  -25.263  -10.240  56.791 0.6250000000
59895  -25.118  -10.988  56.863 0.6250000000
60844  -25.169  -10.210  58.073 0.6250000000
60834  -25.471  -9.800  58.792 0.6250000000
63586  -27.115  -6.348  58.585 0.5000000000
63585  -26.645  -6.770  59.036 0.3750000000
64522  -27.606  -5.856  59.074 0.3750000000
132916  -28.063  -5.588  60.316 0.3750000000
64510  -28.290  -5.626  59.663 0.3750000000
66374  -41.912  -3.753  56.343 0.8750000000
67267  -41.508  -3.227  56.684 0.8750000000
61796  -49.526  -8.106  58.016 1.0000000000
61784  -49.448  -8.159  58.882 1.0000000000
64505  -16.702  -5.024  59.913 0.5000000000
59883  -25.051  -10.576  57.370 0.6250000000
59870  -24.815  -11.148  58.218 0.6250000000
116508  -24.767  -11.473  59.139 0.6250000000
59855  -25.012  -11.251  59.677 0.6250000000
115829  -30.028  -5.682  59.291 0.3750000000
119366  -29.185  -5.623  59.498 0.3750000000
66363  -40.432  -2.944  57.352 0.7500000000
67246  -40.703  -2.572  58.024 0.7500000000
62712  -49.261  -7.682  56.507 1.0000000000
61806  -49.497  -7.965  57.161 1.0000000000
58111  -23.679  -12.433  60.468 0.6250000000
58986  -24.437  -12.092  59.939 0.6250000000
115627  -31.375  -5.546  59.696 0.3750000000
66351  -38.535  -3.470  58.263 0.7500000000
63616  -49.550  -6.451  56.830 1.0000000000
62697  -20.018  -7.498  57.427 0.5000000000
58123  -23.007  -12.486  59.944 0.7500000000
126666  -38.421  -3.322  59.069 0.7500000000
63628  -49.046  -5.976  56.071 1.0000000000
117390  -49.367  -6.053  56.454 1.0000000000
64502  -34.064  -4.866  60.563 0.3750000000
66326  -36.864  -3.802  60.948 0.6250000000
121692  -49.628  -4.246  56.635 1.0000000000
65424  -35.396  -4.619  61.783 0.3750000000
70056  -50.306  0.416  53.895 0.7500000000
58813  -11.004  -11.774  80.380 1.0000000000
58807  -11.447  -11.554  81.489 1.0000000000
57957  -10.697  -12.157  80.091 1.0000000000
57081  -10.535  -12.713  80.352 1.0000000000
132530  -2.629  -16.185  80.411 1.0000000000
54294  -1.573  -16.887  78.498 1.0000000000
123441  -3.441  -15.964  80.540 1.0000000000
55256  -1.219  -16.248  77.794 1.0000000000
120783  -2.572  -17.244  77.388 1.0000000000
127163  -1.960  -16.452  77.488 1.0000000000
52504  -4.456  -17.987  80.226 1.0000000000
53302  -4.112  -17.333  80.293 1.0000000000
56175  -1.150  -15.395  77.263 1.0000000000
56181  -1.608  -15.275  76.717 1.0000000000
56205  -3.132  -15.316  75.208 1.0000000000
57100  -3.204  -13.546  75.545 1.0000000000
57092  -2.016  -13.171  76.152 1.0000000000
57965  -2.125  -12.341  75.956 1.0000000000
58840  -3.033  -11.507  75.502 1.0000000000
57107  -3.787  -13.526  74.957 1.0000000000
56211  -3.564  -15.357  73.974 1.0000000000
59731  -3.804  -10.808  74.551 1.0000000000
60713  -3.179  -9.634  74.750 1.0000000000
58842  -3.649  -11.530  74.941 1.0000000000
57974  -4.789  -12.523  74.236 1.0000000000
58843  -4.329  -11.534  74.467 1.0000000000
57113  -3.990  -14.372  74.304 1.0000000000
56212  -4.129  -14.947  73.497 1.0000000000
59758  -7.126  -10.168  68.440 0.8750000000
59775  -7.563  -10.450  66.400 0.8750000000
63589  -46.295  -6.887  58.379 1.0000000000
66300  -16.231  -4.026  62.517 0.7500000000
64448  -27.097  -6.351  64.065 0.3750000000
64450  -28.097  -5.589  63.561 0.3750000000
63547  -26.987  -6.680  64.626 0.3750000000
64432  -27.342  -6.060  64.778 0.3750000000
131515  -44.909  -5.086  56.763 1.0000000000
64559  -45.688  -4.952  57.081 1.0000000000
63590  -48.082  -6.893  59.270 1.0000000000
60811  -25.966  -9.629  60.333 0.3750000000
127700  -25.867  -9.289  59.432 0.6250000000
61754  -26.238  -8.888  60.731 0.3750000000
62659  -26.289  -8.085  60.154 0.3750000000
128272  -26.394  -6.976  61.107 0.3750000000
63573  -26.613  -6.459  60.720 0.3750000000
62671  -26.391  -7.352  59.551 0.3750000000
62660  -26.359  -7.175  60.411 0.3750000000
64481  -27.513  -5.652  61.489 0.3750000000
63561  -26.567  -6.620  62.400 0.3750000000
64495  -26.959  -5.943  61.146 0.3750000000
63567  -26.614  -6.422  61.539 0.3750000000
115830  -29.042  -5.512  61.282 0.3750000000
64482  -28.326  -5.484  61.777 0.3750000000
64469  -28.426  -5.508  62.692 0.3750000000
67268  -42.156  -3.232  56.672 1.0000000000
66377  -44.425  -3.844  56.734 1.0000000000
66364  -45.127  -3.425  57.165 1.0000000000
64530  -48.680  -6.135  59.787 1.0000000000
124086  -49.421  -6.952  59.664 1.0000000000
64497  -28.934  -5.579  60.394 0.3750000000
67269  -42.642  -2.924  56.909 1.0000000000
67259  -42.528  -2.414  57.497 1.0000000000
62693  -49.837  -7.123  58.128 1.0000000000
65436  -17.315  -4.394  58.681 0.5000000000
64499  -30.434  -5.560  60.738 0.3750000000
64498  -29.731  -5.557  60.933 0.3750000000
115634  -30.798  -5.671  62.140 0.3750000000
67248  -42.594  -1.905  58.313 0.8750000000
125666  -50.003  -6.482  58.070 1.0000000000
58110  -23.012  -12.251  60.720 0.6250000000
59841  -23.047  -12.026  61.289 0.6250000000
115631  -31.753  -5.462  61.265 0.3750000000
66337  -38.791  -3.017  59.718 0.7500000000
67231  -39.624  -2.666  59.670 0.7500000000
67232  -40.472  -2.349  59.731 0.7500000000
63596  -21.215  -6.840  57.502 0.5000000000
59854  -22.288  -11.061  59.879 0.6250000000
64487  -33.885  -5.075  61.339 0.3750000000
66317  -38.195  -3.133  61.444 0.6250000000
66328  -38.442  -3.085  60.546 0.7500000000
67220  -39.223  -2.734  60.431 0.7500000000
128877  -39.607  -2.553  61.056 0.8750000000
61777  -21.715  -8.901  57.972 0.6250000000
120425  -38.063  -3.121  62.460 0.7500000000
67264  -50.586  -2.371  57.679 0.6250000000
118864  -35.883  -4.504  63.421 0.3750000000
64457  -35.303  -4.959  63.504 0.3750000000
66304  -37.466  -3.474  62.983 0.6250000000
65405  -36.487  -4.321  64.509 0.6250000000
69173  -50.563  -0.400  51.466 0.6250000000
70088  -52.089  0.456  51.084 0.7500000000
58801  -10.365  -12.010  82.168 1.0000000000
61617  -13.342  -8.363  81.503 0.6250000000
61616  -12.874  -8.852  82.023 0.7500000000
57066  -9.590  -13.176  82.032 1.0000000000
138532  -10.111  -13.620  80.825 1.0000000000
134026  -14.565  -6.148  80.642 0.6250000000
55241  -1.108  -15.854  80.644 1.0000000000
56162  -9.329  -14.763  81.217 1.0000000000
130035  -9.746  -14.124  81.068 1.0000000000
130765  -9.167  -15.429  80.263 1.0000000000
67074  -14.941  -3.199  75.567 0.6250000000
67073  -14.562  -2.291  75.350 0.6250000000
56166  -2.626  -14.755  80.396 1.0000000000
55243  -2.998  -15.414  80.487 1.0000000000
54285  -8.631  -16.197  79.814 1.0000000000
67958  -13.852  -1.361  74.440 0.6250000000
55248  -0.077  -16.445  79.814 1.0000000000
55255  -0.127  -16.128  78.597 1.0000000000
55244  -4.506  -15.803  80.798 1.0000000000
53322  -8.468  -17.810  78.856 1.0000000000
121185  -14.784  -2.885  74.766 0.6250000000
67096  -14.564  -2.367  73.412 0.6250000000
57083  0.126  -14.277  78.080 1.0000000000
137030  -8.785  -19.154  78.426 1.0000000000
66203  -14.958  -3.611  73.373 0.6250000000
126766  -14.899  -3.015  72.988 0.6250000000
57086  -0.492  -13.722  77.428 1.0000000000
124170  -1.137  -13.321  76.910 1.0000000000
127134  -1.723  -14.507  76.458 1.0000000000
126342  -7.395  -17.500  81.136 1.0000000000
67104  -14.815  -2.950  72.138 0.6250000000
68953  -14.297  -0.964  71.450 0.6250000000
58836  -1.398  -11.441  76.042 1.0000000000
66222  -14.771  -3.361  71.703 0.6250000000
67993  -14.918  -2.322  70.986 0.6250000000
67118  -15.182  -2.804  70.577 0.6250000000
68003  -15.187  -2.168  70.254 0.6250000000
59727  -2.601  -10.698  75.530 1.0000000000
131688  -2.438  -9.799  75.553 1.0000000000
67140  -16.121  -2.977  67.486 0.8750000000
68023  -15.892  -1.668  67.674 0.6250000000
67149  -16.246  -2.532  66.355 0.6250000000
64387  -28.171  -5.824  68.418 0.3750000000
63504  -26.772  -6.406  69.109 0.3750000000
66265  -16.110  -3.224  65.293 0.7500000000
129019  -26.412  -7.027  67.895 0.3750000000
119266  -26.762  -7.412  66.780 0.3750000000
63528  -26.884  -6.738  66.210 0.3750000000
64406  -28.169  -5.660  66.847 0.3750000000
61693  -7.599  -8.687  65.662 0.7500000000
61700  -7.997  -8.731  64.062 0.5000000000
61711  -8.308  -8.659  63.325 0.5000000000
67186  -16.535  -2.532  63.706 0.7500000000
62626  -26.817  -8.283  64.466 0.3750000000
126612  -26.811  -9.139  66.540 0.3750000000
64417  -27.879  -5.694  65.372 0.3750000000
117367  -28.195  -5.607  66.034 0.3750000000
63529  -30.120  -6.088  66.494 0.3750000000
63517  -30.561  -6.382  67.385 0.3750000000
65468  -46.527  -4.730  57.617 1.0000000000
64545  -47.100  -5.412  58.097 1.0000000000
61677  -7.004  -8.865  68.129 0.8750000000
61676  -6.637  -8.448  68.611 0.8750000000
63555  -26.794  -7.102  63.978 0.3750000000
62633  -26.624  -8.040  63.457 0.3750000000
128633  -26.499  -8.369  62.769 0.3750000000
117845  -28.527  -5.612  64.854 0.3750000000
64435  -29.591  -5.743  64.901 0.3750000000
64434  -28.764  -5.576  64.152 0.3750000000
63537  -30.358  -6.000  65.717 0.3750000000
66323  -16.456  -3.455  60.759 0.5000000000
116478  -16.439  -3.142  61.518 0.5000000000
67227  -16.557  -2.659  60.208 0.5000000000
61740  -26.279  -8.971  61.655 0.3750000000
64471  -30.138  -5.580  62.370 0.3750000000
64470  -29.441  -5.521  62.932 0.3750000000
62580  -5.023  -7.887  70.135 0.8750000000
60791  -26.141  -10.055  62.312 0.5000000000
59818  -25.506  -11.350  62.698 0.5000000000
133031  -30.935  -5.873  63.006 0.3750000000
68177  -43.264  -2.198  57.776 0.8750000000
67262  -45.578  -2.708  57.842 0.8750000000
65461  -18.308  -4.373  57.722 0.5000000000
66345  -17.746  -3.905  58.123 0.5000000000
68139  -42.834  -1.417  59.225 0.8750000000
64535  -21.005  -5.914  57.404 0.5000000000
64485  -32.435  -5.531  61.944 0.3750000000
67222  -40.261  -2.282  61.340 0.8750000000
115992  -42.200  -1.458  59.950 0.8750000000
63597  -21.760  -7.230  57.902 0.6250000000
116747  -34.080  -5.311  62.380 0.3750000000
67204  -39.294  -2.538  62.818 0.6250000000
66297  -38.453  -3.099  64.262 0.5000000000
124246  -44.408  1.835  59.582 0.3750000000
64441  -35.161  -5.204  64.615 0.5000000000
66287  -36.920  -4.065  65.620 0.6250000000
71898  -45.834  2.235  57.385 0.3750000000
114979  -45.027  1.865  56.719 0.3750000000
71923  -51.472  2.160  54.454 0.7500000000
71068  -45.557  1.027  51.645 0.3750000000
122509  -47.984  2.169  52.184 0.3750000000
71061  -52.253  1.431  52.323 0.6250000000
70109  -52.094  0.507  49.790 0.7500000000
71086  -44.825  1.244  49.600 0.2500000000
60683  -9.298  -9.346  81.234 0.8750000000
60680  -9.606  -9.094  82.057 0.8750000000
136949  -9.096  -10.318  81.413 0.8750000000
59700  -8.252  -10.866  80.910 0.8750000000
60682  -8.765  -9.666  80.604 0.8750000000
58812  -8.256  -11.305  81.151 0.8750000000
59697  -8.774  -10.847  81.406 0.8750000000
57937  -8.664  -12.492  81.717 0.8750000000
63403  -13.765  -6.550  81.822 0.6250000000
56165  -1.747  -14.849  80.394 1.0000000000
57947  -7.668  -12.199  80.746 0.8750000000
57065  -8.626  -13.340  81.781 0.8750000000
131932  -15.660  -4.252  80.411 0.6250000000
56163  0.135  -14.770  80.461 1.0000000000
125880  -2.390  -13.953  80.068 1.0000000000
57955  -7.160  -12.572  80.074 0.8750000000
57064  -7.863  -13.547  81.522 1.0000000000
57076  -7.206  -13.194  81.007 0.8750000000
56161  -8.782  -14.665  81.589 1.0000000000
128934  -8.533  -14.011  81.748 1.0000000000
55246  -8.710  -15.908  80.877 1.0000000000
67056  -15.884  -2.470  79.257 0.6250000000
56160  -7.978  -14.375  81.620 1.0000000000
55236  -7.735  -15.661  81.422 1.0000000000
56171  0.405  -14.749  79.997 1.0000000000
57949  0.362  -12.908  79.875 1.0000000000
54273  -8.206  -16.471  80.747 1.0000000000
54272  -7.836  -16.718  81.072 1.0000000000
139272  -8.037  -16.938  80.357 1.0000000000
57958  0.388  -13.019  78.631 1.0000000000
127319  -6.884  -16.789  81.375 1.0000000000
58832  0.436  -11.094  78.378 1.0000000000
58834  -0.712  -11.565  76.458 1.0000000000
59722  -1.278  -9.679  76.198 1.0000000000
68984  -14.796  -0.273  68.018 0.6250000000
68036  -16.093  -1.051  65.970 0.6250000000
63506  -31.322  -6.895  68.609 0.3750000000
61657  -3.305  -7.733  73.256 0.8750000000
62602  -25.979  -8.423  69.228 0.3750000000
134324  -26.287  -7.902  68.467 0.3750000000
118514  -30.608  -6.608  68.195 0.3750000000
63519  -31.765  -6.453  67.888 0.3750000000
67173  -16.659  -1.845  63.932 0.7500000000
68049  -16.528  -1.371  64.484 0.6250000000
116570  -16.484  -1.856  62.236 0.6250000000
62610  -26.521  -8.027  67.712 0.3750000000
68091  -16.600  -1.147  61.670 0.3750000000
61707  -26.803  -9.409  64.967 0.3750000000
63538  -31.233  -6.189  65.710 0.3750000000
66367  -47.644  -4.070  58.998 1.0000000000
61680  -6.844  -8.221  67.838 0.8750000000
60784  -26.535  -9.932  63.816 0.3750000000
64437  -31.036  -5.981  64.679 0.3750000000
64453  -31.343  -6.007  63.949 0.3750000000
65442  -48.942  -5.236  60.274 1.0000000000
65443  -49.322  -5.217  60.197 1.0000000000
66339  -48.864  -3.687  60.911 0.8750000000
67228  -16.948  -2.585  59.396 0.5000000000
67240  -17.605  -2.513  58.674 0.5000000000
67241  -18.411  -2.534  58.142 0.3750000000
60792  -26.400  -9.736  63.051 0.5000000000
119897  -25.409  -11.663  63.553 0.5000000000
59807  -25.392  -11.653  64.246 0.5000000000
67249  -46.025  -2.184  58.711 1.0000000000
68162  -44.519  -1.509  58.827 0.8750000000
68179  -45.066  -2.054  58.267 0.8750000000
117379  -49.309  -3.123  60.666 0.8750000000
128645  -20.486  -3.046  58.181 0.5000000000
58921  -23.884  -11.912  63.462 0.6250000000
58923  -24.871  -12.004  63.355 0.6250000000
115633  -31.566  -5.727  62.277 0.3750000000
68102  -41.821  -1.461  62.194 0.8750000000
68120  -42.524  -1.235  60.773 0.8750000000
69080  -43.790  -0.860  60.503 0.8750000000
68087  -41.214  -1.671  62.814 0.7500000000
67195  -40.325  -1.742  64.043 0.6250000000
63584  -22.237  -6.855  58.483 0.6250000000
60810  -22.857  -9.724  61.161 0.6250000000
67167  -38.434  -2.865  65.914 0.3750000000
70963  -44.905  1.546  62.330 0.6250000000
70974  -43.584  1.570  61.182 0.5000000000
70952  -44.447  1.268  63.180 0.6250000000
70964  -45.738  1.452  62.084 0.5000000000
70975  -45.076  1.833  61.345 0.3750000000
70965  -46.317  1.404  61.539 0.5000000000
70978  -47.274  1.529  60.289 0.5000000000
70986  -46.874  2.184  59.833 0.5000000000
123497  -35.032  -5.242  65.452 0.5000000000
68041  -37.497  -2.777  65.895 0.5000000000
67164  -36.301  -3.505  65.854 0.3750000000
69032  -39.668  0.051  63.258 0.5000000000
67226  -7.882  -2.386  59.206 0.1250000000
71912  -47.208  2.292  56.080 0.3750000000
71038  -47.639  1.911  54.331 0.3750000000
71921  -50.476  2.624  54.688 0.3750000000
131467  -52.040  2.512  53.287 0.6250000000
71100  -52.617  2.171  49.204 0.6250000000
71973  -45.772  2.288  48.407 0.2500000000
71987  -46.088  2.911  47.857 0.2500000000
63397  -10.848  -6.980  82.720 0.7500000000
62519  -9.731  -7.819  82.008 0.8750000000
64277  -11.535  -5.589  82.465 0.6250000000
64284  -14.649  -5.604  81.179 0.6250000000
64280  -9.994  -5.615  81.502 0.7500000000
64282  -11.368  -4.898  82.107 0.6250000000
65251  -14.002  -4.724  82.101 0.6250000000
123672  -14.665  -4.878  81.617 0.6250000000
57071  -2.305  -13.139  79.999 1.0000000000
57942  -2.323  -12.382  80.137 1.0000000000
57943  -3.050  -12.645  79.863 1.0000000000
65249  -11.836  -4.319  81.544 0.6250000000
131095  -13.699  -3.972  81.776 0.6250000000
66149  -14.873  -3.365  81.481 0.6250000000
131754  -15.763  -3.013  80.609 0.6250000000
57068  0.204  -13.908  80.352 1.0000000000
134426  -0.170  -12.985  80.481 1.0000000000
57944  -3.794  -12.599  79.619 1.0000000000
66166  -12.157  -3.181  80.184 0.6250000000
66158  -13.550  -3.233  81.334 0.6250000000
67039  -13.969  -2.207  81.160 0.6250000000
67040  -14.739  -1.904  81.182 0.6250000000
67041  -15.380  -1.959  80.679 0.6250000000
67922  -15.546  -1.732  79.856 0.6250000000
118217  -15.151  -0.920  79.535 0.6250000000
68889  -14.961  -0.828  78.582 0.6250000000
117644  0.635  -11.969  79.399 1.0000000000
58816  -0.389  -10.892  80.189 1.0000000000
67915  -15.120  -1.047  80.292 0.6250000000
69809  -14.728  0.413  79.783 0.5000000000
137997  -14.664  0.760  78.374 0.5000000000
69839  -13.521  0.944  74.966 0.5000000000
70834  -13.401  1.481  73.497 0.5000000000
71753  -13.266  2.230  72.515 0.5000000000
59703  0.314  -10.023  79.396 1.0000000000
71717  -14.413  2.474  77.772 0.5000000000
70830  -13.463  1.623  74.358 0.5000000000
59718  0.232  -10.276  77.847 1.0000000000
124470  -14.173  1.241  80.503 0.5000000000
129569  -13.475  0.343  80.150 0.5000000000
69808  -13.700  1.289  80.392 0.5000000000
70795  -14.472  1.667  80.094 0.5000000000
72623  -13.382  3.210  74.959 0.5000000000
72646  -13.029  3.176  71.168 0.5000000000
72645  -12.740  3.667  71.737 0.3750000000
69913  -13.972  1.044  68.235 0.6250000000
71813  -13.664  2.683  67.736 0.2500000000
73460  -13.349  3.988  75.279 0.3750000000
136510  -12.648  5.339  71.004 0.3750000000
122277  -13.435  3.272  69.126 0.2500000000
115317  -12.315  5.863  72.772 0.3750000000
70910  -14.422  1.525  66.664 0.5000000000
62554  -2.692  -7.714  74.981 1.0000000000
123196  -15.456  0.350  65.747 0.5000000000
128637  -15.862  -0.387  65.675 0.6250000000
69930  -15.689  0.756  64.900 0.5000000000
63481  -26.311  -7.536  70.502 0.3750000000
68064  -16.639  -1.166  63.606 0.5000000000
63512  -5.902  -6.788  66.974 0.8750000000
120722  -17.176  -1.233  59.882 0.3750000000
63539  -32.309  -6.118  65.312 0.3750000000
63511  -4.996  -6.676  67.132 0.8750000000
64427  -5.733  -5.789  63.894 0.7500000000
58922  -24.385  -12.041  63.964 0.5000000000
68142  -45.944  -1.270  60.262 0.8750000000
67234  -47.338  -2.208  60.660 0.8750000000
67235  -48.322  -2.409  61.018 0.7500000000
133390  -48.818  -2.957  60.985 0.8750000000
68151  -18.786  -1.725  58.453 0.3750000000
59816  -23.459  -11.507  63.253 0.6250000000
68089  -42.590  -0.654  63.713 0.6250000000
69044  -43.806  -0.581  62.226 0.6250000000
69061  -44.229  -0.640  61.320 0.6250000000
69062  -45.121  -0.519  61.425 0.8750000000
68121  -46.491  -0.929  61.195 0.7500000000
68122  -47.210  -1.021  61.412 0.7500000000
119485  -44.141  -0.183  63.169 0.6250000000
117361  -43.416  -0.147  63.665 0.7500000000
69034  -44.877  0.401  63.239 0.7500000000
123567  -45.563  -0.188  62.155 0.7500000000
69035  -45.483  0.360  62.686 0.7500000000
69047  -46.544  0.255  61.899 0.6250000000
69046  -46.070  0.255  62.285 0.6250000000
69083  -48.450  -0.796  60.847 0.7500000000
69084  -49.034  -0.944  60.299 0.6250000000
68057  -39.589  -1.580  64.891 0.5000000000
69009  -40.127  -0.899  64.483 0.5000000000
69010  -40.919  -0.482  64.304 0.6250000000
69939  -41.474  0.052  64.361 0.6250000000
69012  -42.156  0.184  64.380 0.7500000000
70942  -43.871  1.134  63.495 0.6250000000
69952  -42.918  0.511  63.972 0.6250000000
69974  -46.341  0.903  62.070 0.6250000000
69989  -47.263  0.720  60.942 0.5000000000
70009  -48.154  1.208  59.474 0.5000000000
69094  -49.612  -0.585  59.243 0.6250000000
67217  -7.130  -2.796  60.212 0.1250000000
66322  -8.088  -3.795  60.213 0.1250000000
70950  -42.767  1.188  62.735 0.6250000000
67225  -7.281  -2.303  59.663 0.1250000000
68053  -36.543  -1.815  64.590 0.5000000000
127480  -37.386  -1.499  64.695 0.5000000000
68071  -37.809  -0.970  64.187 0.5000000000
71008  -47.767  2.354  57.905 0.3750000000
71009  -48.664  2.176  57.995 0.3750000000
68084  -35.755  -1.377  62.537 0.5000000000
68085  -36.526  -1.121  62.785 0.3750000000
71900  -48.452  2.435  57.138 0.3750000000
68147  -7.558  -1.068  58.387 0.1250000000
68148  -8.018  -1.880  58.613 0.1250000000
68098  -35.023  -1.268  60.786 0.1250000000
115622  -34.044  -1.491  59.649 0.1250000000
71931  -49.999  2.730  54.087 0.3750000000
72796  -51.579  3.380  52.763 0.5000000000
71946  -50.822  3.062  53.109 0.3750000000
72802  -52.218  3.670  52.228 0.5000000000
72810  -52.985  3.566  51.672 0.6250000000
72814  -48.710  3.447  49.693 0.3750000000
119601  -7.663  -10.579  79.223 0.8750000000
58830  -6.455  -11.821  79.042 0.8750000000
125669  -9.388  -5.891  80.963 0.7500000000
59708  -3.652  -11.011  79.145 1.0000000000
120550  -3.764  -11.657  79.328 1.0000000000
58820  -4.548  -11.798  79.041 1.0000000000
58828  -4.369  -11.205  78.858 1.0000000000
58817  -1.403  -10.872  80.331 1.0000000000
59707  -2.713  -10.342  79.477 1.0000000000
59706  -1.751  -10.051  79.890 1.0000000000
60689  -1.951  -9.263  79.377 1.0000000000
60688  -1.034  -8.911  79.597 1.0000000000
60686  0.160  -9.122  79.375 1.0000000000
127549  0.182  -9.113  77.871 1.0000000000
61630  0.413  -7.339  78.678 1.0000000000
72606  -14.618  3.040  79.265 0.5000000000
72610  -14.206  3.827  77.870 0.5000000000
114932  -13.482  3.967  76.146 0.5000000000
73447  -14.499  4.420  79.523 0.5000000000
136618  -13.651  5.332  77.483 0.5000000000
72695  -13.863  3.695  66.614 0.1250000000
75207  -12.705  6.401  75.277 0.3750000000
135186  -12.381  6.809  73.857 0.3750000000
123570  -15.435  2.081  64.353 0.2500000000
68111  -17.298  -0.565  60.257 0.2500000000
128062  -16.993  0.176  61.449 0.2500000000
64420  -32.219  -6.204  66.136 0.3750000000
62587  -3.501  -7.086  69.757 0.8750000000
69071  -19.614  -0.292  59.183 0.3750000000
68153  -20.272  -1.602  58.735 0.3750000000
68128  -19.994  -0.978  58.869 0.3750000000
64444  -6.657  -5.814  62.958 0.5000000000
67243  -20.204  -2.306  58.353 0.3750000000
64473  -6.582  -5.158  61.933 0.3750000000
64461  -7.017  -5.702  62.354 0.5000000000
61739  -23.107  -8.800  61.778 0.6250000000
65418  -6.193  -4.556  61.586 0.3750000000
66311  -6.752  -3.985  61.084 0.2500000000
66310  -5.813  -3.859  61.216 0.2500000000
68123  -6.290  -1.048  59.455 0.1250000000
69067  -6.410  -0.389  59.034 0.1250000000
123932  -6.528  1.068  58.503 0.1250000000
69085  -6.930  -0.371  58.490 0.1250000000
70003  -6.960  0.355  58.135 0.1250000000
69096  -7.433  -0.251  57.916 0.1250000000
73723  -52.941  4.402  44.917 0.3750000000
60696  -4.145  -10.032  78.735 1.0000000000
63411  -8.285  -6.254  79.915 0.8750000000
63421  -2.896  -6.923  77.085 1.0000000000
121700  -13.953  5.062  66.011 0.1250000000
63426  -2.757  -6.653  76.406 1.0000000000
74316  -14.270  4.612  80.386 0.5000000000
123245  -15.623  3.108  63.549 0.2500000000
134852  -13.979  5.789  66.069 0.2500000000
76197  -14.671  7.124  65.310 0.1250000000
71857  -15.654  2.352  63.749 0.2500000000
70955  -16.813  1.178  62.032 0.2500000000
70945  -16.831  2.094  62.108 0.2500000000
69052  -18.221  0.770  60.196 0.2500000000
70970  -18.636  1.439  60.541 0.2500000000
69979  -19.011  0.917  59.994 0.2500000000
63508  -2.168  -6.169  67.030 0.8750000000
63532  -2.829  -6.166  66.230 0.8750000000
64411  -3.255  -5.774  65.304 0.8750000000
67230  -21.309  -2.547  59.483 0.5000000000
64442  -3.547  -5.153  63.642 0.8750000000
65408  -3.796  -4.620  62.355 0.7500000000
65416  -4.280  -4.301  61.783 0.6250000000
66319  -5.338  -3.112  60.898 0.3750000000
65417  -5.261  -4.419  61.703 0.5000000000
67178  -33.955  -3.066  64.527 0.3750000000
69976  -3.524  0.377  60.722 0.2500000000
67214  -4.705  -2.306  60.746 0.2500000000
68108  -5.320  -1.555  60.297 0.1250000000
71863  -3.514  2.296  62.174 0.1250000000
133758  -3.341  2.682  61.027 0.1250000000
70954  -3.334  1.728  61.671 0.2500000000
70967  -3.574  1.298  60.601 0.1250000000
69977  -3.927  0.711  60.225 0.1250000000
69978  -4.535  0.171  59.934 0.1250000000
69051  -5.052  -0.694  59.994 0.1250000000
124477  -5.705  -1.092  59.817 0.1250000000
69990  -4.446  0.939  59.853 0.1250000000
132328  -5.882  1.133  59.098 0.1250000000
70980  -5.516  1.664  59.383 0.1250000000
73672  -53.158  4.269  50.509 0.5000000000
73678  -52.975  4.886  49.975 0.5000000000
73684  -49.810  4.850  48.585 0.3750000000
73691  -48.327  4.923  47.575 0.2500000000
74554  -49.878  5.685  47.954 0.5000000000
73693  -53.874  4.853  48.253 0.7500000000
74647  -53.201  5.216  39.728 0.2500000000
78251  -56.131  9.169  34.016 0.1250000000
78253  -58.494  9.234  34.061 0.2500000000
66154  -9.245  -3.631  80.351 0.7500000000
130297  -10.975  -2.827  78.848 0.7500000000
139254  -12.092  -1.017  78.052 0.6250000000
64293  -3.221  -6.481  77.583 1.0000000000
64300  -3.021  -6.140  77.089 1.0000000000
73569  -15.221  5.137  64.064 0.1250000000
74426  -15.450  5.968  64.326 0.1250000000
75199  -13.929  6.889  78.069 0.5000000000
72734  -18.693  3.843  63.136 0.2500000000
72741  -18.435  3.502  62.418 0.2500000000
71866  -19.028  3.055  61.975 0.2500000000
71874  -18.841  2.547  61.469 0.2500000000
69980  -20.410  0.784  60.411 0.2500000000
64374  -2.812  -6.063  69.626 0.8750000000
66239  -3.576  -4.245  68.281 0.8750000000
65351  -2.367  -5.790  67.996 0.8750000000
65362  -2.445  -4.809  67.222 0.8750000000
63520  -2.152  -6.052  66.687 0.8750000000
133251  -2.395  -5.779  66.030 0.8750000000
66261  -2.386  -4.344  65.375 0.8750000000
64410  -2.499  -5.130  65.280 0.8750000000
68130  -21.178  -1.753  59.719 0.3750000000
65399  -2.782  -4.573  63.260 0.7500000000
66307  -3.250  -3.437  61.810 0.6250000000
131236  -3.390  -1.901  61.637 0.3750000000
67207  -3.760  -2.726  61.216 0.2500000000
73582  -4.200  3.848  62.561 0.2500000000
70943  -3.428  1.321  62.291 0.2500000000
69963  -3.312  0.447  61.991 0.2500000000
129652  -53.508  4.678  41.759 0.2500000000
121380  -55.969  6.276  38.069 0.2500000000
75540  -56.666  6.339  38.231 0.2500000000
137314  -59.167  9.786  34.755 0.2500000000
79919  -58.776  10.965  34.596 0.2500000000
79920  -58.785  10.916  33.755 0.2500000000
67046  -9.906  -2.786  78.933 0.7500000000
68887  -11.521  -0.222  77.232 0.5000000000
70802  -11.603  1.302  77.591 0.5000000000
64294  -3.637  -5.154  78.123 1.0000000000
65272  -3.490  -4.671  77.878 1.0000000000
65271  -3.235  -5.405  77.155 1.0000000000
73439  -13.868  4.216  80.644 0.5000000000
64305  -3.315  -5.306  76.511 1.0000000000
65285  -3.737  -5.036  76.025 1.0000000000
75305  -16.234  6.406  64.431 0.1250000000
71868  -20.186  2.442  62.513 0.2500000000
65318  -5.348  -4.501  72.736 1.0000000000
70947  -20.980  1.113  62.374 0.2500000000
65335  -3.986  -4.567  70.088 0.8750000000
65344  -4.816  -4.124  69.863 0.8750000000
66232  -4.155  -4.272  69.126 0.8750000000
66306  -2.971  -3.275  62.329 0.6250000000
67206  -3.355  -2.645  61.703 0.3750000000
70930  -3.810  1.357  62.924 0.2500000000
69940  -3.577  0.606  62.939 0.2500000000
75443  -49.877  6.463  47.282 0.5000000000
74580  -48.295  5.985  46.497 0.2500000000
75444  -50.707  6.827  47.452 0.5000000000
76356  -51.357  7.513  47.282 0.6250000000
75446  -53.566  7.096  48.375 0.6250000000
74596  -55.091  5.991  45.629 0.7500000000
73725  -54.462  5.398  44.074 0.5000000000
76450  -58.561  7.453  36.873 0.2500000000
127799  -58.209  7.063  37.619 0.2500000000
67052  -8.719  -2.325  79.298 0.7500000000
64296  -4.873  -4.965  78.611 1.0000000000
65268  -5.185  -4.329  79.134 1.0000000000
72605  -11.491  3.442  79.077 0.5000000000
74318  -12.337  4.846  80.302 0.5000000000
66177  -4.648  -3.377  77.140 1.0000000000
65277  -4.554  -4.309  76.401 1.0000000000
115847  -13.911  7.713  79.221 0.3750000000
132781  -5.425  -4.184  75.963 1.0000000000
116335  -13.565  8.764  76.933 0.2500000000
71841  -20.436  2.266  65.735 0.2500000000
70937  -20.851  1.726  63.744 0.2500000000
70926  -20.841  1.626  65.428 0.2500000000
70938  -21.176  1.102  63.267 0.2500000000
66220  -5.828  -4.134  71.223 0.8750000000
66293  -21.821  -3.252  63.680 0.2500000000
66263  -3.410  -3.334  65.684 0.7500000000
66277  -2.778  -3.511  64.506 0.7500000000
129692  -31.646  -3.754  65.723 0.3750000000
76364  -50.017  7.389  46.139 0.5000000000
134950  -9.673  2.562  74.109 0.6250000000
67036  -6.309  -2.460  80.588 1.0000000000
67919  -6.848  -1.510  79.880 0.8750000000
69819  -11.520  0.537  77.112 0.5000000000
127967  -4.867  -1.895  80.201 1.0000000000
67917  -5.127  -1.244  80.085 1.0000000000
72607  -10.923  4.087  77.848 0.5000000000
67916  -4.584  -1.643  79.624 1.0000000000
68868  -4.839  -0.929  79.269 1.0000000000
69811  -5.330  0.234  77.967 0.8750000000
69825  -6.085  0.930  76.960 0.8750000000
67057  -4.148  -2.242  78.406 1.0000000000
69810  -4.684  0.046  77.760 1.0000000000
115277  -13.678  7.651  80.087 0.3750000000
75188  -12.885  6.682  80.757 0.3750000000
74313  -11.677  5.518  80.207 0.3750000000
76071  -12.981  7.527  80.698 0.3750000000
65278  -5.484  -3.748  76.270 1.0000000000
67942  -4.883  -1.589  77.011 1.0000000000
69018  -21.558  -0.262  63.333 0.2500000000
66212  -6.921  -3.726  72.710 1.0000000000
67187  -21.669  -2.402  63.697 0.2500000000
67123  -6.888  -3.132  69.366 0.8750000000
66247  -4.973  -3.371  67.739 0.8750000000
67136  -5.634  -3.006  67.169 0.8750000000
67156  -4.948  -2.509  65.567 0.7500000000
68062  -4.802  -1.140  63.722 0.5000000000
70923  -7.799  1.543  63.832 0.7500000000
76381  -51.192  8.055  45.729 0.5000000000
137134  -58.565  7.668  37.663 0.3750000000
80752  -58.417  12.006  36.145 0.3750000000
83390  -57.207  15.717  36.079 0.3750000000
71737  -8.823  2.498  73.937 0.7500000000
69826  -7.158  0.765  76.617 0.7500000000
74343  -9.689  5.631  74.832 0.6250000000
119218  -8.458  1.860  74.347 0.7500000000
74326  -10.404  5.330  77.365 0.5000000000
70807  -6.634  1.174  76.239 0.7500000000
70806  -5.728  1.263  76.448 0.8750000000
69824  -4.813  1.105  76.843 0.8750000000
75186  -11.042  6.689  80.448 0.3750000000
70880  -20.638  1.579  69.453 0.2500000000
70801  -3.808  0.875  76.630 0.8750000000
77014  -12.261  8.100  80.764 0.3750000000
66213  -7.425  -3.185  72.593 1.0000000000
66227  -7.366  -3.126  70.759 1.0000000000
67124  -7.667  -2.559  69.198 0.8750000000
135833  -6.817  -2.348  65.979 0.7500000000
68033  -6.731  -1.954  65.206 0.7500000000
118493  -8.453  0.906  65.007 0.6250000000
69003  -7.787  -0.089  64.261 0.7500000000
68048  -7.556  -0.740  64.510 0.7500000000
117612  -51.296  7.908  44.345 0.5000000000
74606  -55.595  6.571  44.000 0.6250000000
77347  -58.475  8.601  38.158 0.5000000000
81645  -57.051  13.952  36.788 0.3750000000
80750  -57.289  13.146  36.715 0.3750000000
83406  -56.927  16.180  34.859 0.3750000000
75190  -9.685  6.445  79.348 0.3750000000
77895  -10.496  8.986  80.826 0.3750000000
135704  -10.420  8.129  80.818 0.3750000000
68905  -3.607  0.362  76.185 1.0000000000
69835  -2.837  0.854  75.828 0.8750000000
68906  -4.541  -0.351  75.858 1.0000000000
123705  -13.380  11.347  76.865 0.2500000000
118308  -7.934  -2.146  71.617 1.0000000000
67116  -7.852  -2.495  70.739 0.8750000000
68022  -8.459  -1.535  67.280 0.6250000000
68026  -8.002  -1.784  66.574 0.6250000000
68027  -8.547  -1.148  66.552 0.6250000000
67158  -7.498  -1.970  65.874 0.6250000000
69929  -8.538  0.147  65.565 0.6250000000
75502  -56.535  6.397  41.716 0.6250000000
80749  -56.372  13.318  36.778 0.5000000000
82518  -55.951  15.382  37.491 0.3750000000
84236  -55.631  17.467  38.083 0.3750000000
84218  -55.311  17.270  38.976 0.3750000000
117311  -55.676  17.696  36.596 0.3750000000
84263  -54.338  16.939  36.277 0.3750000000
116175  -7.472  6.008  73.508 0.7500000000
76074  -8.587  7.400  79.755 0.3750000000
71727  -4.738  1.848  75.437 0.7500000000
71734  -5.411  2.364  74.269 0.7500000000
68950  -7.741  -0.523  71.324 0.6250000000
68001  -8.429  -1.521  70.120 0.6250000000
68964  -8.445  -0.800  69.961 0.6250000000
68989  -8.893  -0.755  67.462 0.6250000000
76220  -8.905  7.213  63.280 0.5000000000
122200  -4.620  9.322  62.820 0.3750000000
78193  -56.133  8.842  42.964 0.6250000000
78202  -56.792  9.100  41.912 0.6250000000
138803  -58.263  9.653  38.650 0.5000000000
79914  -55.769  11.814  36.802 0.6250000000
82504  -54.668  15.203  38.665 0.3750000000
83356  -54.559  15.700  39.512 0.3750000000
84235  -54.419  17.589  37.862 0.3750000000
76105  -7.331  7.469  75.323 0.6250000000
124240  -7.558  7.467  76.079 0.6250000000
71745  -6.136  2.962  73.362 0.7500000000
76073  -7.730  7.557  79.843 0.3750000000
70825  -3.150  1.205  74.760 0.8750000000
71742  -3.614  1.564  73.940 0.8750000000
70833  -3.473  1.079  73.944 0.8750000000
69844  -3.751  0.430  74.566 0.8750000000
69843  -2.937  0.765  75.309 0.8750000000
69834  -2.826  0.980  75.522 0.8750000000
79567  -11.791  11.658  79.964 0.2500000000
79576  -13.582  11.905  78.310 0.2500000000
69889  -6.880  1.030  70.745 0.6250000000
130886  -8.593  0.838  68.206 0.6250000000
71812  -8.127  2.718  67.219 0.6250000000
76232  -8.356  7.361  62.796 0.5000000000
78031  -5.998  9.915  62.395 0.3750000000
77312  -55.283  9.279  42.569 0.7500000000
78201  -56.155  9.225  42.243 0.6250000000
117228  -55.753  9.753  40.298 0.6250000000
78213  -57.363  9.991  40.138 0.6250000000
127200  -55.989  10.242  39.471 0.6250000000
75216  -5.089  6.664  73.819 0.7500000000
76103  -5.416  7.377  75.590 0.7500000000
76079  -6.601  7.579  78.950 0.5000000000
76072  -6.849  7.670  79.862 0.3750000000
75226  -4.079  6.293  73.529 0.7500000000
72638  -4.278  3.732  72.570 0.7500000000
77901  -8.228  9.607  80.269 0.3750000000
76184  -9.180  7.848  65.903 0.5000000000
77120  -9.545  8.497  65.268 0.5000000000
79695  -6.970  11.054  61.891 0.3750000000
79693  -4.913  11.290  62.038 0.1250000000
79712  -5.322  11.753  61.554 0.1250000000
76092  -4.496  7.489  76.477 0.7500000000
74348  -3.494  5.977  72.947 0.7500000000
76117  -3.777  7.088  74.731 0.7500000000
76102  -4.212  7.354  75.519 0.7500000000
77900  -7.380  9.184  80.371 0.3750000000
70877  -6.792  2.009  69.751 0.6250000000
71799  -7.213  2.804  68.701 0.6250000000
76165  -7.942  8.240  68.021 0.5000000000
78828  -9.953  10.106  65.695 0.5000000000
79658  -10.130  10.939  65.932 0.5000000000
81409  -5.579  13.077  60.054 0.1250000000
77034  -1.239  8.304  75.909 0.6250000000
75273  -7.764  6.921  67.579 0.5000000000
79716  -10.236  11.839  61.917 0.3750000000
81422  -10.133  14.366  60.207 0.1250000000
81411  -7.705  13.080  59.985 0.1250000000
77915  -0.017  8.675  75.819 0.6250000000
77909  -0.976  8.822  78.048 0.5000000000
128901  -2.227  8.306  78.027 0.5000000000
78727  -4.549  9.708  79.897 0.5000000000
78747  -5.520  10.863  78.233 0.5000000000
78772  -3.885  10.018  71.667 0.6250000000
80469  -8.911  12.336  67.269 0.5000000000
136191  -9.442  12.123  66.778 0.5000000000
82293  -10.290  15.178  59.765 0.1250000000
82292  -9.606  14.695  59.406 0.1250000000
77914  0.050  9.799  75.570 0.5000000000
78754  0.097  10.885  75.829 0.5000000000
117673  -1.451  10.928  74.004 0.5000000000
134967  -3.471  11.317  72.751 0.5000000000
79610  -3.473  12.113  72.950 0.5000000000
134461  -2.668  7.727  71.578 0.6250000000
82263  -9.132  14.103  65.659 0.5000000000
132917  -10.659  16.904  61.332 0.2500000000
84848  -10.538  17.373  59.337 0.1250000000
123524  -10.525  14.969  60.570 0.2500000000
84019  -10.642  16.321  61.499 0.2500000000
84033  -10.406  16.774  58.980 0.1250000000
84858  -9.703  17.653  58.086 0.2500000000
83134  -10.052  16.167  58.619 0.1250000000
82301  -9.081  15.040  58.741 0.1250000000
83143  -8.052  15.986  57.544 0.1250000000
79599  -0.790  11.518  75.245 0.5000000000
79586  -1.244  11.614  77.638 0.5000000000
80417  -1.945  12.363  74.195 0.5000000000
131901  -2.058  11.631  73.788 0.5000000000
77938  -2.804  8.578  71.775 0.6250000000
79591  -8.460  11.731  76.538 0.3750000000
122958  -7.994  14.443  66.455 0.5000000000
126178  -10.441  19.268  60.770 0.3750000000
84873  -7.956  17.688  57.267 0.1250000000
81290  -1.799  13.212  76.118 0.5000000000
80389  -2.665  12.544  78.617 0.5000000000
81274  -2.739  14.088  78.717 0.5000000000
81299  -6.534  13.754  74.509 0.3750000000
81304  -3.054  13.719  73.335 0.5000000000
81327  -3.865  14.166  71.971 0.5000000000
82201  -3.342  14.300  72.718 0.5000000000
83063  -3.499  15.560  70.683 0.5000000000
83072  -3.769  15.695  69.772 0.5000000000
83094  -6.068  15.591  67.445 0.5000000000
83095  -6.836  15.390  66.925 0.5000000000
131152  -7.596  15.211  66.205 0.5000000000
86399  -8.608  19.189  58.213 0.1250000000
85633  -7.429  18.488  57.407 0.1250000000
86416  -6.870  19.085  57.832 0.1250000000
84871  -6.081  17.565  57.041 0.1250000000
81283  -2.092  14.055  76.996 0.5000000000
83025  -2.546  15.521  75.371 0.5000000000
138115  -2.530  14.599  74.030 0.5000000000
82187  -2.676  15.038  73.817 0.5000000000
83056  -3.193  15.457  71.752 0.5000000000
84733  -3.512  17.421  74.451 0.5000000000
127860  -3.300  16.817  72.405 0.5000000000
123288  -3.143  16.186  71.118 0.5000000000
87065  -4.088  20.242  72.611 0.5000000000
83084  -4.410  16.044  68.359 0.5000000000
86262  -3.693  19.063  71.385 0.5000000000
85535  -3.401  18.395  70.756 0.5000000000
83092  -4.928  16.219  67.789 0.5000000000
84007  -8.324  16.630  64.747 0.3750000000
83911  -3.227  17.147  76.076 0.5000000000
83919  -2.830  16.064  75.042 0.5000000000
83038  -2.902  15.656  73.504 0.5000000000
86263  -3.929  19.667  71.988 0.5000000000
84726  -3.466  17.599  76.851 0.5000000000
83913  -6.367  16.658  76.238 0.5000000000
84734  -6.871  17.500  75.114 0.3750000000
83933  -7.122  16.656  73.447 0.3750000000
84723  -4.734  17.917  77.914 0.5000000000
85505  -4.653  18.394  77.507 0.5000000000
84725  -5.754  17.923  77.748 0.5000000000
86249  -6.042  19.360  77.161 0.5000000000
85513  -6.613  18.385  76.693 0.5000000000
84735  -7.233  18.293  75.017 0.3750000000
129517  -4.788  20.338  75.823 0.5000000000
87055  -4.876  21.117  76.050 0.5000000000
88559  -4.118  22.790  75.444 0.5000000000
84755  -7.362  17.336  72.998 0.3750000000
86250  -7.167  19.824  76.473 0.5000000000
85517  -7.500  19.114  74.997 0.3750000000
86260  -7.891  19.279  73.072 0.3750000000
87057  -7.516  20.423  75.764 0.5000000000
88556  -7.425  22.417  76.043 0.5000000000
86261  -8.526  19.917  72.746 0.3750000000
89306  -6.519  23.593  76.009 0.5000000000
85529  -8.542  18.611  71.368 0.3750000000
87875  -8.914  21.542  73.709 0.5000000000
87070  -9.540  20.759  71.527 0.3750000000
87872  -9.230  22.471  73.671 0.5000000000
87879  -9.701  21.607  71.925 0.3750000000
124821  -9.581  23.476  73.163 0.3750000000
88568  -9.927  23.289  72.673 0.3750000000
137795  -18.561  -37.333  74.518 0.3750000000
126269  -18.628  -36.779  74.533 0.3750000000
37041  -20.162  -34.699  73.313 0.3750000000
37920  -20.979  -34.242  73.539 0.5000000000
38793  -21.789  -33.467  73.122 0.3750000000
35348  -18.566  -37.579  74.243 0.3750000000
37040  -19.294  -35.404  74.007 0.3750000000
125227  -22.108  -31.656  73.013 0.5000000000
132871  -22.473  -31.314  72.429 0.5000000000
118206  -22.204  -30.216  72.184 0.5000000000
118832  -21.481  -29.114  74.189 0.5000000000
41297  -22.730  -30.807  71.875 0.5000000000
42269  -21.766  -29.584  72.759 0.5000000000
44172  -21.297  -28.692  73.865 0.5000000000
44171  -20.913  -28.158  73.852 0.5000000000
33805  -14.580  -39.216  73.869 0.1250000000
37919  -20.078  -34.599  74.202 0.5000000000
34585  -15.590  -38.563  73.333 0.1250000000
34575  -16.462  -38.241  74.285 0.3750000000
36163  -18.571  -36.335  74.585 0.3750000000
37927  -21.457  -34.024  73.178 0.3750000000
116790  -22.022  -30.205  72.974 0.5000000000
122912  -18.180  -37.977  73.724 0.3750000000
45147  -20.581  -26.686  76.142 0.5000000000
133737  -20.629  -25.814  76.068 0.5000000000
47102  -20.369  -24.226  77.177 0.5000000000
48946  -20.162  -22.923  78.533 0.5000000000
49952  -20.643  -21.899  79.597 0.5000000000
45153  -20.827  -27.735  74.579 0.5000000000
121090  -20.604  -27.117  75.203 0.5000000000
49954  -22.097  -21.408  78.907 0.5000000000
33806  -15.197  -38.821  73.759 0.1250000000
34566  -16.261  -38.101  75.111 0.3750000000
34576  -17.430  -38.206  74.048 0.3750000000
35341  -18.334  -37.261  74.971 0.3750000000
35337  -18.345  -36.834  75.025 0.3750000000
34586  -16.228  -38.296  73.541 0.3750000000
126134  -21.491  -32.572  73.776 0.3750000000
35347  -17.975  -38.261  74.513 0.3750000000
47107  -20.674  -25.052  76.544 0.5000000000
47994  -19.988  -23.770  78.947 0.5000000000
46161  -20.665  -25.912  76.927 0.5000000000
47998  -20.123  -23.491  77.839 0.5000000000
48942  -20.400  -22.435  79.192 0.5000000000
50874  -20.831  -21.221  79.679 0.5000000000
49953  -21.371  -21.555  79.232 0.5000000000
50865  -21.305  -20.451  79.653 0.6250000000
129522  -2.218  -31.331  75.981 0.3750000000
44165  -1.603  -26.680  73.808 0.3750000000
45168  -2.769  -26.412  71.691 0.3750000000
46185  -3.266  -26.153  71.155 0.6250000000
47133  -1.058  -24.691  70.521 0.7500000000
47134  -1.618  -24.992  69.994 0.7500000000
118218  -14.908  -38.488  75.192 0.2500000000
34556  -16.761  -38.304  76.756 0.3750000000
34562  -18.031  -37.719  76.168 0.3750000000
33794  -15.657  -38.317  75.597 0.3750000000
34561  -17.444  -38.007  76.082 0.3750000000
35340  -18.247  -37.510  75.502 0.3750000000
34567  -17.200  -38.012  75.041 0.3750000000
37914  -19.726  -34.769  75.037 0.5000000000
39595  -21.712  -31.903  73.494 0.5000000000
49945  -20.153  -21.056  80.105 0.5000000000
52518  -22.015  -18.636  79.502 0.6250000000
135677  -22.271  -19.538  79.379 0.6250000000
41303  -22.589  -30.214  71.242 0.3750000000
52562  -36.461  -18.504  71.290 0.6250000000
41261  -1.821  -30.489  76.212 0.3750000000
42244  -1.427  -29.715  76.247 0.3750000000
43233  -1.702  -27.968  75.188 0.3750000000
44155  -1.648  -27.168  74.792 0.3750000000
43245  -1.689  -27.415  74.420 0.3750000000
46171  -1.482  -25.722  73.787 0.3750000000
47123  -0.925  -25.365  72.621 0.5000000000
47122  -0.647  -24.389  72.164 0.6250000000
47129  -0.907  -25.022  71.520 0.6250000000
47128  -0.668  -24.119  71.248 0.7500000000
48024  -0.704  -23.895  70.314 0.7500000000
116207  -0.522  -23.084  70.163 0.7500000000
48034  -0.731  -23.702  69.387 0.7500000000
34557  -17.470  -37.900  76.742 0.3750000000
34558  -17.925  -37.284  76.526 0.3750000000
37029  -18.927  -35.719  76.370 0.3750000000
35333  -18.147  -37.059  76.082 0.3750000000
35336  -18.256  -36.886  75.273 0.3750000000
37032  -19.064  -35.675  75.511 0.3750000000
37034  -19.066  -35.492  74.775 0.3750000000
38780  -21.147  -32.634  74.236 0.5000000000
47103  -20.670  -25.279  77.538 0.5000000000
40449  -21.503  -31.059  73.816 0.5000000000
40455  -21.853  -30.994  73.505 0.5000000000
123555  -20.275  -24.668  78.352 0.5000000000
48941  -19.985  -23.089  79.503 0.5000000000
49944  -20.078  -21.811  80.106 0.5000000000
118366  -21.045  -28.039  74.855 0.5000000000
51717  -21.616  -19.588  79.642 0.6250000000
54292  -22.630  -16.765  78.788 0.7500000000
53320  -22.272  -17.609  79.288 0.6250000000
53401  -37.166  -17.925  70.969 0.7500000000
47118  -0.697  -24.624  73.191 0.7500000000
33776  -15.385  -38.354  78.352 0.3750000000
35327  -16.217  -37.604  77.954 0.3750000000
35329  -17.702  -37.097  77.104 0.5000000000
36152  -18.361  -35.976  76.918 0.5000000000
37909  -19.462  -34.738  76.407 0.5000000000
36156  -18.771  -36.039  75.761 0.3750000000
38778  -20.127  -34.068  75.258 0.5000000000
38779  -20.457  -33.285  75.062 0.5000000000
38744  -15.065  -34.973  76.844 0.5000000000
137878  -20.760  -33.188  74.560 0.5000000000
39587  -21.043  -31.763  74.476 0.6250000000
126851  -14.630  -34.837  77.219 0.5000000000
39588  -21.332  -31.799  73.948 0.3750000000
45148  -20.739  -27.569  75.528 0.5000000000
46156  -20.549  -25.915  77.619 0.5000000000
135327  -19.709  -22.461  80.240 0.5000000000
50864  -20.535  -20.474  80.028 0.6250000000
41280  -21.849  -30.294  73.562 0.5000000000
42264  -21.737  -29.664  73.567 0.5000000000
43244  -21.255  -28.645  74.877 0.5000000000
51716  -20.821  -19.668  79.961 0.6250000000
52512  -21.107  -18.730  79.906 0.7500000000
128795  -22.060  -16.283  78.792 0.7500000000
54299  -22.381  -16.107  78.253 0.7500000000
55270  -22.865  -16.082  77.309 0.7500000000
54365  -29.030  -16.457  73.296 0.8750000000
55304  -29.629  -16.285  72.703 0.8750000000
55305  -30.429  -16.239  72.917 0.7500000000
118681  -3.794  -21.488  66.127 0.6250000000
49093  -3.363  -21.148  65.846 0.6250000000
49109  -4.295  -21.087  65.215 0.6250000000
122161  -3.909  -20.998  65.260 0.6250000000
50990  -4.754  -19.962  62.102 0.3750000000
50099  -4.342  -20.771  64.516 0.5000000000
50973  -3.954  -20.305  63.481 0.5000000000
50981  -4.372  -20.216  62.862 0.5000000000
50100  -4.760  -21.127  64.592 0.5000000000
36150  -17.233  -36.734  77.445 0.5000000000
36151  -17.879  -36.502  77.114 0.5000000000
37026  -18.639  -35.228  77.056 0.5000000000
37027  -19.191  -35.181  76.595 0.5000000000
36146  -15.684  -36.706  78.293 0.3750000000
36147  -16.644  -36.353  77.732 0.5000000000
37912  -19.771  -34.671  75.855 0.5000000000
120730  -19.980  -32.851  76.073 0.5000000000
131461  -15.268  -36.327  78.288 0.5000000000
135847  -16.259  -35.471  77.276 0.5000000000
38745  -16.233  -35.086  76.769 0.5000000000
38771  -20.434  -32.599  75.425 0.5000000000
128098  -15.368  -36.083  78.082 0.5000000000
129925  -15.575  -35.233  77.034 0.5000000000
38752  -15.552  -34.820  76.437 0.5000000000
38761  -15.832  -34.590  76.049 0.6250000000
134308  -20.784  -32.494  74.780 0.5000000000
41270  -21.202  -30.402  74.776 0.6250000000
125757  -21.210  -29.683  75.097 0.5000000000
47097  -20.440  -25.487  78.157 0.5000000000
119590  -20.844  -28.815  75.797 0.5000000000
43237  -21.099  -28.658  75.312 0.5000000000
45141  -20.555  -27.189  76.347 0.5000000000
45137  -20.387  -26.285  77.606 0.5000000000
38783  -14.317  -33.745  74.552 0.7500000000
53319  -21.368  -17.615  79.830 0.7500000000
124667  -21.852  -16.769  79.325 0.7500000000
55262  -21.994  -15.680  77.895 0.7500000000
54298  -21.859  -15.880  78.457 0.7500000000
54324  -23.530  -16.428  75.887 0.7500000000
54305  -24.394  -16.623  77.094 0.7500000000
54328  -27.409  -17.103  75.177 0.8750000000
54337  -24.785  -16.636  74.824 0.8750000000
54349  -26.395  -16.583  73.910 0.8750000000
115022  -27.054  -16.551  73.943 0.8750000000
55295  -27.871  -16.433  73.260 0.8750000000
51828  -4.354  -19.488  61.772 0.2500000000
52631  -5.278  -18.434  60.385 0.2500000000
52632  -6.040  -18.502  60.149 0.1250000000
52640  -6.539  -18.179  59.659 0.1250000000
52641  -7.444  -18.388  59.542 0.1250000000
50097  -3.407  -20.688  64.793 0.6250000000
50972  -3.559  -20.252  63.387 0.6250000000
50989  -4.192  -19.901  62.513 0.5000000000
51829  -5.151  -19.582  61.355 0.2500000000
121545  -2.990  -20.262  64.135 0.6250000000
36148  -17.518  -36.053  77.311 0.5000000000
37906  -18.048  -34.780  77.238 0.6250000000
37907  -18.846  -34.608  76.827 0.6250000000
38757  -19.284  -34.333  76.574 0.6250000000
38763  -19.657  -33.928  76.307 0.6250000000
37904  -17.193  -35.106  77.189 0.5000000000
38746  -16.884  -34.857  76.719 0.5000000000
38754  -16.982  -34.382  76.217 0.6250000000
39580  -20.347  -31.817  75.782 0.6250000000
38753  -16.306  -34.735  76.270 0.5000000000
39564  -16.984  -33.878  75.804 0.6250000000
39579  -16.934  -33.505  75.515 0.6250000000
40436  -20.194  -30.967  76.267 0.6250000000
40437  -20.772  -30.808  75.424 0.6250000000
117396  -15.961  -33.516  74.767 0.6250000000
42248  -20.892  -29.187  75.695 0.6250000000
129070  -20.032  -24.704  79.277 0.5000000000
125122  -19.678  -23.060  80.067 0.5000000000
117930  -19.528  -21.219  80.439 0.6250000000
38784  -15.328  -33.603  74.406 0.7500000000
43231  -20.667  -28.408  76.219 0.6250000000
131993  -20.302  -26.689  77.660 0.5000000000
45121  -19.895  -25.802  78.692 0.5000000000
46152  -20.237  -25.822  78.167 0.5000000000
47983  -19.368  -23.630  80.257 0.5000000000
45120  -19.630  -25.972  79.033 0.5000000000
132814  -20.187  -19.801  80.339 0.6250000000
53309  -20.621  -18.012  80.238 0.6250000000
118598  -21.021  -16.573  79.721 0.7500000000
55253  -20.682  -15.756  79.348 0.7500000000
54291  -21.522  -16.033  79.081 0.7500000000
55268  -21.435  -15.463  77.506 0.7500000000
55274  -20.740  -15.168  76.917 0.7500000000
55276  -22.525  -15.978  76.926 0.7500000000
57112  -18.904  -14.035  74.372 0.8750000000
56209  -19.393  -14.626  74.381 0.8750000000
55286  -19.878  -15.106  75.079 0.8750000000
54312  -22.973  -16.246  76.437 0.7500000000
57119  -18.681  -13.836  73.493 0.8750000000
57125  -18.533  -13.629  72.648 0.8750000000
54434  -37.411  -17.076  66.923 0.3750000000
54425  -37.785  -16.648  67.852 0.5000000000
52623  -4.280  -18.857  61.295 0.5000000000
52630  -4.599  -18.292  60.704 0.2500000000
53533  -6.185  -17.496  59.284 0.2500000000
50961  -2.684  -20.267  65.023 0.7500000000
50971  -3.169  -20.259  63.329 0.6250000000
51818  -3.482  -19.556  62.338 0.6250000000
50106  -3.565  -20.440  63.874 0.6250000000
122268  -18.148  -34.161  76.724 0.6250000000
39567  -18.520  -33.238  76.594 0.7500000000
38762  -19.389  -33.073  76.546 0.7500000000
38755  -17.426  -34.208  76.431 0.7500000000
138747  -17.872  -33.492  76.476 0.7500000000
39575  -19.798  -32.055  76.442 0.6250000000
132608  -17.469  -34.618  76.911 0.6250000000
39565  -17.310  -33.533  75.858 0.7500000000
41260  -19.989  -30.187  76.927 0.6250000000
42242  -20.305  -29.117  76.952 0.6250000000
42247  -20.597  -28.878  76.378 0.6250000000
124568  -19.345  -22.032  80.437 0.5000000000
50863  -19.808  -20.431  80.421 0.6250000000
44143  -20.003  -26.953  78.085 0.5000000000
44134  -19.132  -26.528  79.033 0.6250000000
46146  -19.788  -25.449  79.304 0.5000000000
48932  -19.293  -22.762  80.421 0.5000000000
121598  -18.821  -25.111  80.119 0.6250000000
47085  -19.157  -24.469  80.209 0.5000000000
52511  -20.192  -18.867  80.402 0.7500000000
53308  -19.802  -17.810  80.492 0.7500000000
54290  -20.121  -16.200  80.136 0.7500000000
55267  -20.665  -15.018  77.738 0.7500000000
55260  -20.261  -15.072  78.743 0.7500000000
57095  -17.346  -13.330  76.533 0.7500000000
127936  -18.363  -13.268  76.032 0.7500000000
56194  -19.360  -13.935  76.522 0.7500000000
56188  -20.174  -14.622  77.080 0.7500000000
57104  -17.716  -12.907  75.743 0.8750000000
57105  -18.566  -13.355  75.320 0.8750000000
124734  -19.435  -14.165  75.570 0.7500000000
117200  -20.194  -15.164  76.258 0.7500000000
57985  -18.160  -12.926  73.559 0.8750000000
57118  -18.486  -13.439  73.903 0.8750000000
57111  -18.563  -13.459  74.625 0.8750000000
58857  -18.054  -12.154  71.995 0.8750000000
126634  -17.990  -12.539  72.832 0.8750000000
57124  -18.354  -13.264  73.099 0.8750000000
55379  -37.552  -15.814  66.643 0.5000000000
57131  -18.290  -12.919  72.116 0.8750000000
52629  -4.201  -18.126  60.971 0.5000000000
53519  -4.936  -17.666  60.129 0.2500000000
52599  -2.622  -18.649  64.265 0.7500000000
52605  -2.853  -18.811  63.259 0.6250000000
52613  -3.166  -18.835  62.480 0.6250000000
51827  -3.945  -19.252  61.895 0.5000000000
52622  -3.994  -18.595  61.557 0.5000000000
135461  -2.514  -19.597  64.589 0.7500000000
51811  -2.755  -19.618  63.678 0.7500000000
39573  -18.093  -32.460  76.553 0.7500000000
39574  -19.012  -32.274  76.788 0.7500000000
40432  -19.521  -31.233  76.907 0.7500000000
39566  -17.561  -33.393  76.103 0.7500000000
125625  -17.620  -32.406  75.924 0.7500000000
39571  -17.523  -32.587  75.762 0.7500000000
40435  -17.473  -31.834  75.505 0.7500000000
42241  -19.590  -29.369  77.347 0.6250000000
135334  -16.744  -33.200  75.183 0.7500000000
39585  -16.157  -32.808  74.436 0.8750000000
42237  -19.955  -28.397  77.514 0.6250000000
44141  -18.702  -27.109  78.782 0.6250000000
136755  -15.521  -33.034  73.897 0.8750000000
45119  -18.602  -26.408  79.454 0.6250000000
46134  -18.775  -25.779  79.855 0.6250000000
124828  -18.866  -22.987  80.634 0.6250000000
50862  -18.888  -20.393  80.827 0.6250000000
47084  -18.260  -24.521  80.329 0.6250000000
125264  -17.553  -23.956  80.680 0.7500000000
47982  -18.468  -23.592  80.600 0.6250000000
51714  -18.403  -19.271  80.872 0.6250000000
51715  -19.457  -19.553  80.668 0.6250000000
52510  -19.094  -18.524  80.719 0.7500000000
53307  -18.733  -17.540  80.582 0.7500000000
54288  -18.190  -16.045  80.189 0.7500000000
54289  -19.097  -15.983  80.309 0.7500000000
54281  -19.479  -16.848  80.443 0.7500000000
56185  -17.128  -14.256  77.646 0.7500000000
56178  -17.460  -14.630  78.357 0.7500000000
55259  -19.188  -14.797  79.045 0.7500000000
57089  -16.838  -13.823  77.091 0.7500000000
124991  -17.929  -14.101  77.809 0.7500000000
56179  -18.655  -14.345  78.200 0.7500000000
57970  -16.055  -12.815  75.160 0.8750000000
57971  -17.102  -12.467  75.289 0.7500000000
57984  -16.378  -11.847  74.048 0.8750000000
58845  -17.082  -11.840  74.229 0.8750000000
57978  -17.485  -12.339  74.559 0.8750000000
58856  -17.520  -11.503  72.142 0.8750000000
134835  -17.455  -11.825  72.965 0.8750000000
56292  -37.490  -15.047  65.960 0.6250000000
53490  -3.470  -17.290  62.415 0.6250000000
132103  -3.792  -17.310  61.730 0.5000000000
123575  -4.403  -17.469  60.492 0.2500000000
126222  -3.112  -18.027  62.809 0.7500000000
52621  -3.671  -18.133  62.036 0.6250000000
40431  -18.597  -31.379  77.005 0.7500000000
40429  -17.806  -31.240  76.363 0.7500000000
39572  -17.718  -32.310  76.132 0.7500000000
41258  -18.312  -30.485  77.207 0.7500000000
40428  -17.721  -31.161  76.155 0.7500000000
41259  -19.139  -30.417  77.294 0.6250000000
39586  -16.849  -32.413  74.916 0.7500000000
42236  -19.085  -28.518  77.715 0.6250000000
43213  -18.153  -27.382  78.608 0.6250000000
45118  -17.889  -26.724  79.206 0.6250000000
46132  -17.330  -25.562  79.864 0.6250000000
48921  -17.852  -22.034  80.988 0.6250000000
49943  -18.798  -21.398  80.735 0.5000000000
47083  -17.370  -24.790  80.333 0.6250000000
48920  -17.277  -22.304  81.118 0.6250000000
50852  -17.367  -20.646  81.053 0.7500000000
50853  -18.192  -20.792  80.980 0.6250000000
51713  -17.319  -19.128  80.624 0.7500000000
53305  -16.953  -17.378  79.430 0.7500000000
125544  -17.311  -17.712  79.918 0.7500000000
53306  -17.850  -17.337  80.421 0.7500000000
53316  -16.315  -17.928  78.365 0.7500000000
54286  -16.671  -16.995  79.059 0.7500000000
54287  -17.032  -16.690  79.439 0.7500000000
55250  -17.495  -15.915  79.571 0.7500000000
54280  -18.449  -16.688  80.433 0.7500000000
54302  -14.235  -16.793  77.127 0.7500000000
54303  -15.382  -16.692  77.230 0.7500000000
55265  -15.542  -15.921  77.260 0.7500000000
54297  -16.440  -16.412  78.705 0.7500000000
55249  -16.904  -15.546  78.815 0.7500000000
55258  -17.969  -14.940  79.132 0.7500000000
56200  -14.016  -14.482  75.627 0.7500000000
56191  -13.926  -14.769  76.235 0.7500000000
56192  -14.655  -14.263  76.081 0.7500000000
56183  -15.838  -15.135  77.282 0.7500000000
56208  -14.519  -14.040  74.888 0.8750000000
57110  -15.140  -13.408  74.927 0.7500000000
57102  -15.434  -13.525  75.646 0.7500000000
129347  -15.121  -12.620  73.557 0.8750000000
138474  -15.714  -12.045  73.697 0.8750000000
57977  -16.659  -12.163  74.682 0.8750000000
58860  -15.835  -11.107  71.710 0.8750000000
58849  -16.187  -11.542  73.355 0.8750000000
59746  -17.335  -10.603  70.963 0.8750000000
119160  -37.509  -14.507  65.325 0.6250000000
59756  -17.691  -10.681  69.582 0.8750000000
59750  -17.736  -10.536  70.238 0.8750000000
54485  -3.642  -16.462  61.923 0.6250000000
54501  -4.091  -16.717  60.367 0.3750000000
40430  -17.987  -31.303  76.651 0.7500000000
41252  -17.963  -29.571  77.304 0.7500000000
39594  -15.925  -32.189  73.887 0.8750000000
41253  -18.663  -29.527  77.484 0.6250000000
115489  -17.912  -27.931  78.027 0.6250000000
44132  -17.862  -27.109  78.747 0.6250000000
46144  -16.760  -25.573  79.250 0.6250000000
120831  -16.746  -24.941  80.013 0.7500000000
47975  -16.688  -22.725  80.957 0.7500000000
49933  -16.629  -21.755  80.843 0.6250000000
49934  -17.067  -21.374  81.107 0.7500000000
124107  -15.632  -23.273  79.892 0.7500000000
48929  -16.137  -22.020  80.356 0.7500000000
50850  -16.341  -20.590  80.048 0.7500000000
51705  -16.890  -19.866  80.687 0.7500000000
50858  -15.798  -21.297  78.563 0.7500000000
50860  -16.288  -20.283  79.454 0.7500000000
52508  -16.689  -18.609  79.357 0.7500000000
52509  -17.060  -18.502  79.903 0.7500000000
116764  -15.792  -20.332  77.506 0.7500000000
52524  -16.207  -18.582  78.107 0.7500000000
52517  -16.473  -18.622  78.844 0.7500000000
53317  -16.668  -17.856  78.972 0.7500000000
52539  -15.020  -17.934  76.131 0.7500000000
121821  -15.429  -18.361  76.543 0.7500000000
52523  -15.638  -18.165  77.055 0.7500000000
127526  -16.017  -17.294  77.804 0.7500000000
52543  -15.476  -18.212  75.250 0.7500000000
54332  -14.090  -15.852  75.343 0.7500000000
54308  -13.805  -16.145  76.590 0.7500000000
125188  -15.048  -15.758  73.715 0.8750000000
54333  -15.332  -16.712  74.018 0.7500000000
56207  -14.256  -14.539  74.849 0.7500000000
55300  -14.787  -15.102  72.923 0.8750000000
57117  -14.630  -13.475  73.267 0.8750000000
121915  -14.949  -13.439  74.153 0.8750000000
57992  -14.680  -12.505  70.727 0.8750000000
57130  -14.759  -12.543  71.711 0.8750000000
57123  -14.846  -12.524  72.727 0.8750000000
58866  -15.617  -11.141  70.838 0.8750000000
59745  -16.466  -10.716  71.047 0.8750000000
132904  -16.719  -10.500  69.668 0.8750000000
138699  -17.388  -10.472  69.834 0.8750000000
55434  -3.677  -15.826  61.171 0.3750000000
40423  -17.849  -30.392  76.792 0.7500000000
41264  -17.525  -30.410  75.480 0.7500000000
40424  -18.008  -30.416  77.024 0.7500000000
40442  -17.378  -31.157  75.056 0.7500000000
41251  -17.847  -29.620  77.079 0.7500000000
115365  -17.540  -27.743  77.415 0.6250000000
44140  -17.648  -27.337  78.157 0.7500000000
45111  -17.340  -26.223  79.158 0.7500000000
46143  -16.061  -25.263  78.541 0.7500000000
46131  -16.226  -24.954  79.339 0.7500000000
47080  -14.854  -23.585  79.183 0.7500000000
47980  -15.129  -22.944  79.243 0.7500000000
48940  -13.888  -22.209  78.407 0.7500000000
49958  -14.333  -22.028  78.613 0.7500000000
48934  -14.366  -22.340  79.260 0.7500000000
49966  -14.523  -21.497  77.214 0.7500000000
50888  -15.274  -21.141  77.320 0.7500000000
49959  -14.735  -21.799  77.903 0.7500000000
51747  -15.615  -19.428  76.081 0.7500000000
51741  -15.327  -19.625  76.821 0.7500000000
50897  -15.237  -20.611  76.780 0.7500000000
132815  -15.926  -18.062  73.006 0.8750000000
53349  -15.477  -17.621  74.456 0.7500000000
54343  -15.572  -16.668  73.133 0.8750000000
53356  -15.727  -17.465  73.478 0.7500000000
56234  -14.504  -14.600  70.545 0.8750000000
120322  -14.730  -15.008  72.049 0.8750000000
57136  -14.517  -13.533  70.974 0.8750000000
127776  -15.890  -10.842  69.456 0.8750000000
57209  -38.558  -13.205  63.630 0.5000000000
57218  -38.440  -13.118  62.706 0.3750000000
120778  -39.085  -12.756  63.177 0.3750000000
41250  -17.634  -29.750  76.526 0.7500000000
134056  -16.384  -30.455  73.665 0.8750000000
41269  -17.152  -30.555  74.614 0.7500000000
42233  -17.550  -28.564  76.819 0.7500000000
40448  -16.394  -31.093  73.870 0.8750000000
40441  -16.697  -31.738  74.496 0.8750000000
42234  -17.779  -28.604  77.315 0.7500000000
44139  -17.170  -27.081  77.533 0.7500000000
44130  -16.835  -26.655  77.621 0.7500000000
45116  -15.679  -25.597  77.791 0.7500000000
46142  -15.123  -24.895  78.267 0.7500000000
46141  -13.950  -24.772  78.760 0.7500000000
46130  -15.517  -24.596  78.941 0.7500000000
47101  -13.555  -23.606  76.977 0.7500000000
129364  -13.725  -23.946  78.869 0.7500000000
47992  -13.841  -23.069  79.331 0.7500000000
120805  -14.123  -22.351  73.983 0.8750000000
49998  -14.542  -21.922  74.714 0.7500000000
49989  -14.562  -21.749  75.946 0.7500000000
48945  -13.936  -22.079  77.491 0.7500000000
120940  -15.156  -21.233  73.443 0.8750000000
49990  -15.369  -21.058  75.396 0.7500000000
49978  -15.119  -21.018  76.370 0.7500000000
123028  -15.688  -19.948  71.609 0.8750000000
123133  -15.650  -19.955  72.583 0.8750000000
125968  -15.820  -19.846  74.297 0.7500000000
117457  -15.913  -18.222  72.287 0.8750000000
126555  -15.836  -17.437  72.658 0.8750000000
54389  -14.844  -16.183  70.337 0.8750000000
55314  -15.019  -15.776  72.029 0.8750000000
123754  -14.335  -13.994  70.051 0.8750000000
57219  -38.916  -12.679  62.245 0.3750000000
57227  -38.847  -12.736  61.238 0.3750000000
41263  -17.402  -29.852  75.319 0.7500000000
42240  -17.209  -28.107  76.333 0.7500000000
43218  -17.165  -27.444  76.872 0.7500000000
134699  -16.856  -26.808  77.241 0.7500000000
45128  -16.237  -26.147  77.432 0.7500000000
44137  -15.234  -26.400  76.624 0.7500000000
44138  -16.251  -26.468  76.937 0.7500000000
46150  -14.523  -25.430  77.898 0.7500000000
130096  -13.894  -26.532  76.223 0.7500000000
45135  -13.684  -26.120  76.964 0.7500000000
46149  -13.795  -25.247  78.049 0.7500000000
47115  -13.931  -25.222  74.059 0.7500000000
124919  -13.552  -25.240  75.522 0.7500000000
46155  -13.545  -25.309  77.365 0.7500000000
47100  -13.470  -24.424  77.442 0.7500000000
123341  -13.986  -23.753  72.520 0.8750000000
125895  -13.775  -24.271  74.039 0.7500000000
119315  -13.574  -24.165  75.456 0.7500000000
49015  -14.907  -21.893  71.343 0.8750000000
50009  -14.930  -21.703  72.897 0.8750000000
50922  -15.442  -20.657  71.847 0.8750000000
50915  -15.290  -20.917  72.742 0.8750000000
131674  -15.541  -18.013  70.637 0.8750000000
115729  -15.116  -16.838  70.557 0.8750000000
58089  -39.631  -12.398  62.689 0.3750000000
131751  -39.493  -12.418  61.776 0.3750000000
57236  -39.337  -12.687  60.547 0.3750000000
57248  -39.256  -13.120  59.639 0.2500000000
42246  -17.316  -29.010  75.723 0.7500000000
118186  -17.525  -29.097  76.381 0.7500000000
43230  -16.584  -27.957  75.904 0.7500000000
43236  -15.874  -27.900  75.566 0.7500000000
43224  -16.575  -27.317  76.384 0.7500000000
130225  -15.190  -27.482  74.735 0.7500000000
44158  -15.236  -27.436  75.405 0.7500000000
44153  -15.292  -27.232  75.847 0.7500000000
44148  -15.946  -26.801  76.443 0.7500000000
45162  -14.719  -26.768  72.238 0.8750000000
45156  -14.743  -26.847  73.224 0.7500000000
45151  -14.250  -26.645  74.547 0.7500000000
44152  -14.602  -26.927  75.691 0.7500000000
44147  -14.950  -26.722  76.255 0.7500000000
122953  -14.327  -25.155  71.920 0.8750000000
122156  -14.172  -25.400  73.341 0.8750000000
126532  -13.830  -25.901  74.753 0.7500000000
45146  -13.984  -26.652  75.234 0.7500000000
127354  -14.245  -24.050  70.795 0.8750000000
117529  -14.091  -24.674  72.773 0.8750000000
136025  -13.931  -24.719  73.539 0.7500000000
117821  -14.405  -23.193  70.663 0.8750000000
48022  -14.233  -23.475  71.653 0.8750000000
58101  -40.220  -12.128  62.154 0.3750000000
120056  -40.780  -11.845  61.714 0.3750000000
58115  -40.090  -12.211  61.043 0.3750000000
58127  -40.663  -12.215  60.181 0.3750000000
57249  -39.904  -13.169  58.964 0.2500000000
57237  -39.958  -12.619  59.908 0.3750000000
115486  -39.191  -13.569  58.787 0.1250000000
57259  -39.064  -13.941  57.971 0.1250000000
42263  -16.317  -29.860  73.478 0.8750000000
41275  -16.820  -29.863  74.196 0.7500000000
42252  -16.863  -28.663  75.407 0.7500000000
42268  -15.928  -29.842  72.580 0.8750000000
123309  -16.336  -28.962  74.222 0.7500000000
42258  -16.409  -28.697  74.979 0.7500000000
43253  -15.809  -28.946  72.282 0.8750000000
43249  -16.096  -29.038  73.270 0.8750000000
43243  -15.692  -28.176  74.883 0.7500000000
44170  -15.764  -28.105  73.051 0.8750000000
125763  -15.917  -28.408  73.955 0.7500000000
44169  -15.172  -27.465  72.587 0.8750000000
58102  -41.535  -11.514  61.852 0.3750000000
58139  -40.733  -12.565  59.219 0.2500000000
57260  -39.851  -13.649  58.185 0.1250000000
133846  -42.305  -11.286  61.901 0.3750000000
58103  -41.987  -11.340  61.265 0.3750000000
58128  -41.433  -12.003  59.841 0.3750000000
136707  -41.194  -12.800  58.456 0.2500000000
58976  -42.882  -11.203  61.238 0.3750000000
120785  -41.642  -12.282  58.911 0.3750000000
58960  -43.744  -10.928  61.807 0.3750000000
58977  -43.803  -11.140  60.792 0.3750000000
58991  -43.058  -11.450  60.144 0.3750000000
58129  -42.333  -11.846  59.484 0.3750000000
58148  -41.844  -12.692  58.140 0.2500000000
58140  -42.494  -12.202  58.597 0.3750000000
58149  -42.568  -12.469  57.838 0.3750000000
58961  -44.515  -10.817  61.338 0.5000000000
58992  -43.843  -11.316  59.809 0.3750000000
58141  -43.228  -12.072  58.348 0.3750000000
58978  -44.547  -10.982  60.410 0.5000000000
58130  -43.170  -11.761  59.183 0.3750000000
58150  -43.285  -12.187  57.572 0.3750000000
58160  -43.401  -12.088  56.748 0.3750000000
58159  -42.586  -12.510  57.005 0.3750000000
58164  -42.703  -12.292  55.977 0.3750000000
59835  -45.981  -10.678  60.700 0.5000000000
58962  -45.226  -10.709  60.909 0.5000000000
58979  -45.277  -10.910  60.112 0.5000000000
58993  -45.262  -11.069  59.206 0.3750000000
118300  -44.551  -11.194  59.515 0.3750000000
59009  -44.548  -11.407  58.637 0.3750000000
120351  -43.906  -11.843  58.094 0.3750000000
59020  -43.981  -11.879  57.317 0.3750000000
58165  -43.575  -11.767  55.914 0.3750000000
129749  -43.086  -11.852  55.310 0.3750000000
58167  -42.964  -11.784  54.628 0.2500000000
59047  -43.330  -11.373  53.590 0.1250000000
122302  -13.432  11.133  73.166 0.2500000000
78767  -13.056  10.461  72.982 0.2500000000
58994  -46.017  -10.853  58.817 0.6250000000
59010  -45.260  -11.158  58.259 0.3750000000
137076  -44.526  -11.517  57.087 0.3750000000
59033  -44.122  -11.681  56.565 0.3750000000
59038  -43.731  -11.428  55.098 0.3750000000
59052  -43.772  -10.825  53.324 0.1250000000
60893  -44.807  -9.515  53.407 0.1250000000
120224  -46.064  -6.763  54.009 0.3750000000
64602  -46.421  -5.382  54.287 0.3750000000
84758  -18.065  17.481  73.545 0.2500000000
133425  -17.912  17.146  75.115 0.2500000000
84731  -16.770  16.827  75.309 0.2500000000
83020  -16.485  15.925  76.001 0.2500000000
83021  -17.308  15.715  75.632 0.2500000000
82182  -16.511  14.682  74.931 0.2500000000
82181  -15.714  14.426  74.846 0.2500000000
79606  -13.628  11.565  73.699 0.2500000000
80424  -13.898  12.181  74.076 0.2500000000
81296  -15.247  14.599  75.508 0.2500000000
59022  -45.226  -11.110  57.246 0.3750000000
131375  -44.455  -11.026  55.250 0.3750000000
59043  -44.213  -11.002  54.632 0.2500000000
59922  -44.632  -10.547  54.311 0.2500000000
59927  -44.959  -9.956  53.895 0.1250000000
60890  -46.121  -8.901  54.242 0.3750000000
59048  -44.016  -11.003  53.942 0.1250000000
59926  -44.352  -10.512  53.701 0.1250000000
61832  -45.723  -8.312  53.743 0.2500000000
62742  -46.253  -7.564  54.072 0.3750000000
63652  -46.663  -6.167  54.383 0.3750000000
84746  -17.214  17.328  74.316 0.2500000000
115243  -15.930  14.958  75.565 0.2500000000
59890  -45.944  -10.548  56.932 0.3750000000
59039  -45.070  -10.828  55.776 0.3750000000
59044  -44.878  -10.622  55.017 0.2500000000
59923  -45.311  -10.128  54.702 0.3750000000
61826  -46.669  -8.716  54.664 0.3750000000
60885  -45.721  -9.545  54.431 0.3750000000
59920  -46.264  -9.841  55.861 0.3750000000
59919  -45.562  -10.250  55.441 0.5000000000
128625  -46.436  -9.256  54.823 0.3750000000
72840  -51.840  3.299  46.319 0.3750000000
125506  -55.033  9.544  39.298 0.5000000000
79065  -54.670  10.469  37.409 0.5000000000
79081  -55.173  11.166  37.042 0.5000000000
33786  -14.284  -39.818  76.565 0.3750000000
33804  -13.964  -39.663  74.402 0.1250000000
33811  -13.956  -39.835  73.478 0.1250000000
34547  -13.730  -37.854  79.307 0.3750000000
34584  -15.043  -38.993  73.129 0.1250000000
118797  -13.695  -39.744  72.620 0.1250000000
33812  -14.364  -39.349  72.873 0.1250000000
33797  -14.408  -39.009  74.800 0.1250000000
33791  -14.029  -39.597  75.895 0.2500000000
36143  -14.171  -36.835  78.769 0.5000000000
33792  -14.383  -38.982  75.557 0.3750000000
33788  -15.842  -38.612  76.594 0.3750000000
34548  -14.800  -37.595  78.693 0.3750000000
37020  -14.631  -35.817  78.164 0.5000000000
37018  -14.632  -36.353  78.437 0.5000000000
37902  -14.692  -35.318  77.796 0.5000000000
34587  -16.882  -38.202  73.650 0.3750000000
33003  -14.223  -40.212  77.386 0.3750000000
118543  -22.118  -20.327  79.386 0.6250000000
54316  -26.984  -17.300  75.812 0.7500000000
115253  -27.809  -16.600  74.014 0.8750000000
53321  -23.008  -17.624  78.876 0.7500000000
54315  -25.501  -16.770  76.315 0.7500000000
117374  -28.041  -16.975  74.718 0.8750000000
54327  -26.539  -16.928  75.457 0.8750000000
115940  -26.219  -16.985  76.109 0.7500000000
133225  -22.661  -18.285  79.141 0.7500000000
123790  -23.079  -16.408  77.965 0.7500000000
54351  -28.419  -16.555  73.719 0.8750000000
130178  -26.693  -16.708  74.651 0.8750000000
57983  -15.427  -11.824  73.085 0.8750000000
129952  -14.705  -12.384  69.839 0.8750000000
133657  -14.980  -11.766  69.744 0.8750000000
54310  -20.912  -15.880  76.412 0.7500000000
54311  -22.070  -16.058  76.513 0.7500000000
133474  -19.004  -14.309  73.777 0.8750000000
56215  -18.884  -14.205  73.038 0.8750000000
50035  -14.906  -21.589  69.833 0.8750000000
50933  -15.520  -20.164  70.069 0.8750000000
59761  -16.432  -10.493  68.780 0.8750000000
59755  -17.216  -10.512  69.179 0.8750000000
124384  -24.253  -16.446  75.910 0.7500000000
54325  -24.901  -16.541  75.569 0.8750000000
118478  -23.297  -16.687  75.350 0.8750000000
44177  -14.949  -27.515  71.605 0.8750000000
54323  -22.515  -16.467  75.787 0.7500000000
48029  -14.229  -23.723  69.739 0.8750000000
49029  -14.700  -22.314  70.430 0.8750000000
40433  -2.667  -31.682  76.596 0.3750000000
40438  -2.641  -32.059  76.109 0.3750000000
40425  -2.363  -31.064  76.793 0.3750000000
126065  -14.637  -34.654  76.942 0.6250000000
38743  -14.339  -34.889  77.884 0.5000000000
42255  -1.728  -28.661  75.048 0.3750000000
42249  -1.346  -28.867  75.535 0.3750000000
43239  -1.856  -27.969  74.756 0.5000000000
116912  -25.891  -16.622  74.342 0.8750000000
135310  -13.882  -36.304  78.625 0.5000000000
35319  -14.073  -37.085  78.896 0.3750000000
37897  -13.947  -35.668  78.459 0.5000000000
37901  -13.886  -35.107  78.430 0.5000000000
54364  -28.353  -16.340  72.847 0.8750000000
45154  -1.632  -26.120  73.347 0.3750000000
55371  -37.906  -15.978  67.473 0.5000000000
46176  -1.494  -25.486  73.812 0.6250000000
132610  -0.518  -22.970  69.427 0.6250000000
53477  -3.103  -17.199  63.210 0.7500000000
121867  -2.814  -17.922  63.644 0.7500000000
119080  -40.992  -11.695  62.502 0.3750000000
59848  -45.979  -10.804  59.798 0.5000000000
59906  -46.640  -10.051  56.600 0.6250000000
134866  -51.872  2.466  47.724 0.3750000000
132836  -15.312  -20.966  70.306 0.8750000000
44178  -15.447  -28.170  72.012 0.8750000000
46187  -14.376  -25.727  71.004 0.8750000000
115853  -14.483  -25.967  71.994 0.8750000000
47131  -14.284  -24.903  70.936 0.8750000000
60886  -46.729  -9.411  55.517 0.5000000000
61833  -46.489  -8.242  54.310 0.3750000000
63653  -46.801  -6.960  54.446 0.3750000000
78222  -55.180  10.035  38.402 0.5000000000
34574  -15.669  -38.474  74.013 0.2500000000
42259  -21.584  -29.739  74.065 0.5000000000
34560  -16.545  -38.178  75.911 0.3750000000
34568  -18.066  -37.792  75.420 0.3750000000
46178  -2.117  -26.193  72.209 0.3750000000
46183  -1.582  -25.714  71.910 0.5000000000
45160  -2.316  -26.570  72.404 0.3750000000
46184  -2.391  -25.963  71.444 0.5000000000
46189  -1.701  -25.374  70.841 0.6250000000
119217  -2.183  -25.293  70.049 0.6250000000
48035  -1.281  -24.433  69.488 0.7500000000
33793  -15.009  -38.692  75.989 0.3750000000
137051  -16.673  -38.148  77.354 0.3750000000
33784  -16.201  -38.604  77.317 0.3750000000
124856  -22.761  -19.063  79.163 0.6250000000
45159  -1.753  -26.193  72.985 0.3750000000
46177  -1.642  -26.130  72.816 0.5000000000
35328  -16.954  -37.341  77.469 0.5000000000
42254  -21.413  -29.827  74.499 0.5000000000
54293  -23.338  -17.010  78.468 0.7500000000
35324  -15.588  -37.346  78.367 0.3750000000
34551  -14.898  -38.033  78.660 0.3750000000
33778  -15.175  -38.974  78.353 0.3750000000
132367  -16.079  -38.075  77.928 0.3750000000
33779  -15.935  -38.615  77.929 0.3750000000
37025  -17.839  -35.368  77.300 0.5000000000
44154  -20.571  -27.546  76.342 0.5000000000
54304  -23.584  -16.390  77.264 0.7500000000
54352  -29.151  -16.721  74.162 0.8750000000
50098  -3.994  -20.651  64.495 0.6250000000
50108  -4.345  -20.671  63.998 0.5000000000
50109  -5.024  -21.161  64.000 0.2500000000
50980  -3.782  -20.065  62.979 0.5000000000
50982  -5.374  -20.473  62.557 0.5000000000
37022  -16.915  -35.680  77.453 0.5000000000
37021  -16.035  -35.989  77.922 0.5000000000
35321  -15.018  -37.144  78.655 0.5000000000
41265  -20.578  -29.827  76.126 0.6250000000
41266  -20.967  -29.947  75.399 0.6250000000
47086  -19.756  -24.686  79.864 0.5000000000
43226  -20.534  -27.692  76.666 0.5000000000
44149  -20.495  -26.960  77.032 0.5000000000
55275  -21.670  -15.671  76.980 0.7500000000
54313  -23.832  -16.366  76.524 0.7500000000
53331  -24.782  -17.141  77.526 0.7500000000
54306  -25.151  -16.836  76.889 0.7500000000
54300  -23.987  -16.912  77.917 0.7500000000
54314  -24.771  -16.557  76.340 0.7500000000
54338  -27.437  -16.775  74.538 0.8750000000
130216  -26.050  -16.671  75.030 0.8750000000
54326  -25.709  -16.691  75.678 0.8750000000
51840  -4.810  -19.034  60.933 0.2500000000
51841  -5.801  -19.118  60.648 0.2500000000
53520  -5.701  -17.938  59.826 0.2500000000
50979  -3.409  -20.100  62.852 0.6250000000
43221  -20.153  -27.672  77.667 0.6250000000
57106  -19.034  -13.898  75.116 0.7500000000
56202  -19.452  -14.406  75.177 0.8750000000
56203  -19.750  -14.521  75.881 0.7500000000
51817  -2.943  -19.680  62.906 0.6250000000
44142  -19.308  -27.035  78.563 0.6250000000
56180  -19.800  -14.581  78.027 0.7500000000
57090  -17.710  -13.797  77.201 0.7500000000
57103  -16.543  -12.974  75.915 0.7500000000
56186  -18.650  -13.937  77.282 0.7500000000
56187  -19.498  -14.219  77.254 0.7500000000
56196  -20.021  -14.696  76.422 0.7500000000
57979  -18.137  -12.893  74.213 0.8750000000
53517  -3.944  -16.788  61.083 0.3750000000
42235  -18.245  -28.638  77.709 0.6250000000
119207  -16.794  -24.213  80.603 0.7500000000
131182  -17.834  -18.222  80.605 0.7500000000
55266  -16.215  -15.789  78.088 0.7500000000
57094  -16.005  -13.773  76.479 0.7500000000
56201  -14.635  -14.001  75.415 0.7500000000
57976  -15.677  -12.600  74.347 0.8750000000
51706  -17.783  -19.974  81.005 0.6250000000
51712  -16.677  -19.282  79.889 0.7500000000
54279  -17.514  -16.781  79.985 0.7500000000
54296  -16.030  -16.577  78.015 0.7500000000
130697  -16.028  -17.883  77.595 0.7500000000
54309  -14.376  -16.005  76.866 0.7500000000
53335  -13.965  -17.401  76.739 0.7500000000
53330  -15.405  -17.355  77.051 0.7500000000
53329  -14.393  -17.174  76.922 0.7500000000
55273  -14.676  -15.107  76.643 0.7500000000
55280  -13.764  -15.265  76.046 0.7500000000
132354  -13.916  -14.957  75.378 0.7500000000
132982  -14.564  -14.292  73.383 0.8750000000
57993  -15.117  -11.743  71.307 0.8750000000
57988  -15.273  -11.742  72.237 0.8750000000
59749  -17.027  -10.461  70.356 0.8750000000
41257  -17.576  -30.159  75.902 0.7500000000
45117  -16.685  -26.095  78.269 0.7500000000
47081  -15.227  -23.798  79.218 0.7500000000
127206  -15.573  -22.366  79.717 0.7500000000
49942  -16.150  -20.883  79.428 0.7500000000
118021  -15.854  -21.576  79.515 0.7500000000
50861  -16.459  -20.006  80.036 0.7500000000
48928  -15.201  -22.106  79.054 0.7500000000
50881  -15.649  -21.056  77.944 0.7500000000
51721  -16.098  -20.198  78.295 0.7500000000
50859  -16.116  -20.717  78.947 0.7500000000
52507  -16.491  -19.228  79.261 0.7500000000
50873  -16.214  -20.061  79.007 0.7500000000
51733  -15.614  -19.345  77.080 0.7500000000
129319  -15.454  -20.403  76.921 0.7500000000
51727  -16.061  -19.368  77.796 0.7500000000
52534  -15.340  -18.650  76.597 0.7500000000
52538  -14.734  -17.676  76.510 0.7500000000
53344  -14.886  -17.460  75.449 0.7500000000
135366  -15.707  -18.481  74.448 0.7500000000
54320  -14.821  -16.744  74.890 0.7500000000
131220  -14.800  -16.041  74.519 0.7500000000
53342  -13.754  -16.895  76.322 0.7500000000
55292  -14.599  -14.759  73.966 0.7500000000
55301  -15.214  -16.007  72.771 0.8750000000
56219  -14.553  -14.274  72.573 0.8750000000
57129  -14.595  -13.434  72.164 0.8750000000
57998  -15.021  -11.774  70.440 0.8750000000
58872  -15.452  -11.261  70.027 0.8750000000
59754  -16.181  -10.749  70.267 0.8750000000
47091  -14.138  -23.910  79.408 0.7500000000
47997  -13.683  -22.908  77.722 0.7500000000
48953  -14.069  -21.882  76.741 0.7500000000
50904  -15.712  -20.090  75.279 0.7500000000
50898  -15.506  -20.326  76.249 0.7500000000
52548  -15.819  -18.284  73.695 0.7500000000
119953  -15.921  -18.912  72.967 0.7500000000
54358  -15.507  -16.727  72.133 0.8750000000
56226  -14.589  -14.396  71.578 0.8750000000
55313  -14.716  -15.430  71.124 0.8750000000
43217  -16.725  -26.940  76.895 0.7500000000
46159  -13.479  -24.596  76.442 0.7500000000
135923  -13.626  -23.130  76.463 0.7500000000
132909  -13.579  -23.548  76.092 0.7500000000
48012  -13.802  -23.197  73.819 0.8750000000
48018  -13.917  -23.237  73.032 0.8750000000
50008  -14.729  -21.800  73.728 0.7500000000
48975  -13.862  -22.729  74.611 0.7500000000
121401  -13.704  -23.161  75.340 0.7500000000
122934  -13.983  -22.389  75.288 0.7500000000
124989  -13.746  -22.683  76.890 0.7500000000
50909  -15.552  -20.493  73.606 0.8750000000
49999  -15.224  -21.218  74.229 0.7500000000
129196  -15.626  -20.572  74.564 0.7500000000
50926  -15.577  -20.433  70.955 0.8750000000
51775  -15.777  -19.518  70.871 0.8750000000
136415  -15.884  -18.893  71.179 0.8750000000
119952  -15.897  -19.098  71.835 0.8750000000
123102  -15.807  -19.649  73.476 0.8750000000
53378  -15.486  -17.312  71.161 0.8750000000
54376  -15.099  -16.386  71.235 0.8750000000
45127  -15.137  -26.045  77.215 0.7500000000
45136  -14.161  -26.449  76.938 0.7500000000
46164  -13.656  -26.097  75.569 0.7500000000
46160  -13.513  -25.745  76.374 0.7500000000
47110  -13.667  -24.769  74.736 0.7500000000
47126  -14.176  -24.315  71.830 0.8750000000
49014  -14.522  -22.659  71.466 0.8750000000
49002  -14.686  -22.180  72.222 0.8750000000
47120  -13.845  -23.969  73.306 0.8750000000
48009  -13.678  -23.697  74.668 0.7500000000
50019  -15.098  -21.436  72.045 0.8750000000
50026  -15.274  -21.174  71.179 0.8750000000
137170  -15.010  -21.570  70.629 0.8750000000
136167  -39.404  -12.477  61.154 0.3750000000
57235  -38.702  -13.127  60.274 0.2500000000
125996  -15.827  -27.279  76.011 0.7500000000
44157  -14.683  -27.012  74.952 0.7500000000
44162  -14.835  -27.051  74.131 0.8750000000
130224  -15.215  -27.427  73.418 0.8750000000
123600  -14.511  -26.081  72.942 0.8750000000
46181  -14.328  -25.448  72.650 0.8750000000
46174  -14.315  -26.172  73.869 0.8750000000
58116  -41.208  -11.770  60.916 0.3750000000
58117  -42.140  -11.525  60.467 0.3750000000
59008  -43.868  -11.612  58.918 0.3750000000
59021  -44.565  -11.528  57.779 0.3750000000
59034  -44.804  -11.245  56.471 0.3750000000
117614  -44.318  -11.336  55.827 0.3750000000
59042  -43.508  -11.423  54.261 0.1250000000
60889  -45.430  -9.202  53.795 0.2500000000
81302  -14.743  13.571  74.592 0.2500000000
59035  -45.388  -10.814  56.485 0.3750000000
59905  -45.788  -10.334  56.178 0.3750000000
59924  -46.024  -9.761  55.121 0.3750000000
78221  -54.429  9.467  38.589 0.5000000000
79080  -54.258  11.056  36.768 0.3750000000
32998  -14.197  -40.041  78.379 0.3750000000
119918  -14.528  -39.196  76.271 0.3750000000
137645  -14.052  -37.763  79.092 0.3750000000
35320  -14.435  -37.220  78.805 0.5000000000
33783  -15.443  -39.052  77.510 0.3750000000
129433  -14.400  -37.910  78.932 0.3750000000
54317  -27.723  -17.470  75.623 0.7500000000
54339  -28.446  -16.795  74.344 0.8750000000
52519  -23.292  -18.476  78.833 0.6250000000
53324  -23.736  -17.711  78.496 0.7500000000
138311  -25.233  -16.604  76.012 0.7500000000
53336  -25.804  -17.097  76.657 0.7500000000
53326  -24.995  -17.757  77.741 0.7500000000
53339  -27.969  -17.780  75.870 0.6250000000
52525  -24.049  -18.741  78.387 0.6250000000
52526  -24.718  -18.529  77.996 0.6250000000
53332  -25.387  -17.346  77.259 0.6250000000
137991  -25.367  -18.275  77.556 0.6250000000
50890  -25.052  -21.008  77.321 0.1250000000
51734  -26.157  -19.499  76.770 0.3750000000
52535  -26.850  -18.571  76.531 0.5000000000
51735  -27.731  -19.040  76.263 0.5000000000
52531  -28.137  -18.380  75.976 0.5000000000
52540  -29.432  -18.502  75.566 0.3750000000
52541  -29.978  -18.391  75.471 0.2500000000
52544  -30.341  -17.817  75.241 0.3750000000
52545  -30.991  -18.139  75.039 0.3750000000
49968  -23.143  -21.820  77.664 0.5000000000
50882  -23.361  -21.214  78.186 0.5000000000
50876  -23.395  -20.382  78.556 0.5000000000
49963  -23.905  -21.397  77.648 0.3750000000
50883  -23.941  -20.764  78.114 0.5000000000
129707  -24.431  -20.171  78.016 0.3750000000
49991  -21.632  -21.924  75.849 0.1250000000
134254  -22.900  -22.060  77.232 0.2500000000
48950  -24.071  -21.777  76.787 0.2500000000
50884  -24.395  -20.952  77.731 0.2500000000
50885  -24.927  -20.304  77.684 0.2500000000
49971  -25.066  -21.407  76.837 0.1250000000
52530  -27.596  -18.096  76.269 0.5000000000
53340  -28.504  -17.816  75.665 0.3750000000
53347  -29.577  -17.651  75.367 0.3750000000
53353  -29.968  -17.275  74.951 0.6250000000
53354  -30.759  -17.444  74.837 0.6250000000
51765  -35.020  -19.505  72.391 0.6250000000
51766  -35.469  -19.455  71.943 0.6250000000
32088  -11.978  -40.613  78.710 0.2500000000
32997  -13.576  -40.500  78.238 0.2500000000
32087  -10.955  -40.189  78.568 0.2500000000
138761  -12.852  -40.389  78.865 0.2500000000
49962  -22.693  -21.615  78.308 0.5000000000
127681  -22.640  -20.880  78.817 0.5000000000
33002  -13.458  -40.753  77.175 0.2500000000
48948  -22.073  -22.006  77.638 0.3750000000
49979  -21.239  -21.950  76.725 0.2500000000
48955  -20.759  -22.202  76.526 0.2500000000
51723  -22.822  -19.966  79.093 0.5000000000
51730  -25.464  -19.360  77.388 0.3750000000
48014  -20.256  -23.113  73.443 0.2500000000
51729  -24.890  -19.353  77.881 0.3750000000
53333  -25.933  -17.614  76.967 0.5000000000
53346  -28.795  -17.435  75.302 0.6250000000
53352  -29.307  -17.238  74.998 0.6250000000
54330  -28.789  -17.088  74.802 0.6250000000
54340  -29.576  -16.994  74.656 0.6250000000
54366  -29.797  -16.525  73.550 0.6250000000
32991  -12.456  -39.814  79.257 0.2500000000
33782  -14.762  -39.611  77.981 0.2500000000
35354  -18.549  -37.245  73.579 0.2500000000
130674  -17.950  -36.749  72.363 0.1250000000
117937  -18.677  -36.632  73.072 0.1250000000
49961  -21.718  -21.796  78.546 0.3750000000
36193  -18.053  -35.706  71.134 0.1250000000
47116  -20.110  -23.712  74.044 0.2500000000
48964  -20.327  -22.695  76.103 0.3750000000
51728  -23.997  -19.848  78.372 0.5000000000
45174  -20.186  -27.244  71.476 0.2500000000
45163  -20.193  -25.812  72.761 0.2500000000
48010  -20.084  -23.166  74.707 0.2500000000
43311  -21.390  -29.164  68.695 0.2500000000
44203  -20.419  -28.120  70.901 0.2500000000
45173  -20.083  -26.219  72.006 0.2500000000
119137  -20.182  -24.822  72.800 0.2500000000
54367  -31.281  -16.243  73.202 0.6250000000
53386  -35.834  -18.018  71.979 0.6250000000
32992  -13.509  -39.777  79.125 0.2500000000
49960  -20.966  -22.026  78.858 0.3750000000
36174  -18.768  -36.574  73.514 0.2500000000
36169  -18.783  -36.337  73.902 0.2500000000
48002  -20.185  -23.304  76.640 0.3750000000
48947  -20.600  -22.416  78.322 0.3750000000
36179  -18.770  -36.243  72.344 0.1250000000
37059  -18.980  -35.977  72.660 0.1250000000
37050  -19.265  -35.568  72.948 0.1250000000
47106  -20.258  -24.020  76.029 0.3750000000
51724  -23.424  -19.425  78.768 0.5000000000
36185  -18.527  -36.031  71.798 0.1250000000
45157  -20.377  -26.365  73.527 0.2500000000
47112  -20.492  -25.013  75.365 0.3750000000
48954  -20.389  -22.649  77.363 0.3750000000
37093  -19.257  -35.078  70.381 0.1250000000
124990  -20.392  -27.414  72.432 0.2500000000
45164  -20.461  -26.806  72.947 0.2500000000
44204  -20.740  -28.774  70.324 0.2500000000
44189  -20.433  -28.176  71.909 0.2500000000
42300  -22.171  -29.661  69.436 0.2500000000
122267  -21.245  -29.225  69.893 0.2500000000
38892  -23.028  -34.026  65.041 0.1250000000
32993  -14.410  -39.350  78.785 0.2500000000
33774  -13.852  -38.844  79.202 0.2500000000
33775  -14.589  -38.491  78.831 0.2500000000
33769  -14.043  -38.157  79.201 0.2500000000
37067  -19.208  -35.617  71.410 0.1250000000
37068  -20.128  -34.941  71.483 0.1250000000
37062  -20.929  -34.399  71.452 0.1250000000
116888  -19.831  -35.174  71.238 0.1250000000
37082  -20.453  -34.660  70.916 0.1250000000
37967  -21.627  -34.324  70.715 0.1250000000
39618  -23.477  -32.920  70.810 0.1250000000
124329  -20.623  -34.562  70.622 0.1250000000
37985  -21.743  -34.148  69.918 0.1250000000
38816  -23.160  -33.678  70.444 0.1250000000
40482  -23.286  -31.036  71.158 0.2500000000
44190  -20.708  -28.809  71.313 0.2500000000
116819  -21.164  -33.621  68.709 0.1250000000
37986  -22.670  -33.861  69.252 0.1250000000
39630  -24.244  -33.024  69.306 0.1250000000
116795  -23.647  -30.965  69.628 0.2500000000
42287  -21.918  -29.522  70.950 0.2500000000
38018  -20.338  -33.602  68.481 0.1250000000
133302  -21.926  -33.454  67.549 0.1250000000
38019  -22.931  -33.763  67.443 0.1250000000
135387  -24.395  -32.181  68.970 0.1250000000
41311  -22.838  -30.250  69.561 0.2500000000
38852  -21.093  -33.451  67.532 0.1250000000
131783  -23.214  -33.921  66.780 0.1250000000
38837  -24.238  -33.351  67.948 0.1250000000
40503  -24.385  -31.368  67.917 0.1250000000
38870  -20.675  -33.320  66.543 0.1250000000
38853  -24.372  -33.412  67.200 0.1250000000
40504  -24.768  -31.598  67.062 0.1250000000
117238  -22.591  -33.737  65.912 0.1250000000
38873  -23.467  -33.959  66.095 0.1250000000
33768  -13.461  -38.409  79.415 0.2500000000
123885  -21.730  -34.098  71.994 0.2500000000
39612  -22.432  -32.386  72.347 0.2500000000
129532  -23.884  -32.297  70.460 0.2500000000
118873  -24.186  -31.999  69.720 0.2500000000
66208  -32.857  -3.340  73.037 0.1250000000
132250  -33.154  -2.091  72.711 0.1250000000
66207  -32.321  -3.429  73.515 0.1250000000
67107  -33.053  -2.768  72.648 0.1250000000
67108  -33.336  -2.086  72.238 0.1250000000
66217  -32.653  -4.153  73.128 0.2500000000
67998  -32.852  -2.417  71.740 0.1250000000
67115  -33.073  -2.861  72.206 0.1250000000
66218  -32.817  -3.640  72.540 0.2500000000
68006  -32.100  -1.654  71.017 0.1250000000
132048  -32.351  -4.965  73.194 0.2500000000
66224  -32.448  -4.164  72.055 0.2500000000
67122  -31.824  -2.710  71.210 0.1250000000
68005  -31.159  -2.177  70.406 0.1250000000
133520  -31.616  -6.060  73.346 0.2500000000
64358  -32.157  -5.687  72.924 0.2500000000
65323  -32.431  -4.865  72.628 0.2500000000
66231  -31.730  -3.838  71.272 0.2500000000
63466  -30.067  -6.699  73.017 0.2500000000
64357  -31.647  -6.245  72.632 0.2500000000
64365  -32.087  -5.951  71.946 0.2500000000
65333  -32.092  -5.078  71.717 0.2500000000
67121  -31.184  -3.032  70.624 0.2500000000
68013  -30.553  -1.849  69.419 0.2500000000
63467  -30.839  -6.632  72.402 0.2500000000
63477  -31.574  -6.529  71.672 0.2500000000
63486  -31.942  -6.467  70.978 0.2500000000
116086  -32.136  -6.157  70.805 0.2500000000
65342  -31.618  -4.843  70.753 0.2500000000
66230  -31.027  -3.762  70.320 0.2500000000
67129  -30.607  -2.858  69.934 0.2500000000
67135  -30.280  -2.770  69.077 0.2500000000
66244  -30.380  -3.567  68.605 0.2500000000
63476  -30.811  -6.791  71.485 0.2500000000
129310  -31.961  -6.730  70.238 0.2500000000
129673  -32.024  -5.729  70.145 0.2500000000
65349  -31.261  -4.641  69.828 0.2500000000
66237  -30.583  -3.671  69.455 0.2500000000
65368  -30.865  -4.418  68.118 0.2500000000
65376  -31.361  -4.536  67.360 0.2500000000
63485  -31.586  -6.816  70.744 0.2500000000
64372  -32.075  -6.519  69.858 0.2500000000
65350  -31.746  -5.756  69.394 0.2500000000
65360  -31.603  -5.717  68.561 0.2500000000
63497  -31.753  -6.813  69.487 0.2500000000
64380  -31.704  -6.578  69.028 0.2500000000
64388  -31.716  -6.517  68.150 0.2500000000
62601  -25.308  -9.505  69.459 0.2500000000
61685  -25.274  -10.134  68.488 0.2500000000
138479  -25.205  -9.850  69.029 0.2500000000
61686  -26.182  -9.611  67.691 0.2500000000
135876  -25.186  -10.824  67.002 0.3750000000
60760  -25.403  -11.295  65.752 0.3750000000
66206  -31.235  -3.424  74.177 0.1250000000
67101  -32.726  -2.556  73.217 0.1250000000
121699  -30.433  -3.878  74.589 0.1250000000
68000  -33.776  -1.245  72.050 0.1250000000
67999  -33.238  -1.594  71.676 0.1250000000
65303  -31.126  -4.638  74.313 0.1250000000
65302  -30.105  -4.842  74.892 0.1250000000
64337  -30.876  -5.665  74.467 0.1250000000
68972  -33.102  -0.312  70.774 0.1250000000
68007  -32.831  -1.026  71.103 0.1250000000
64336  -30.113  -6.050  75.042 0.1250000000
64348  -31.683  -5.402  73.709 0.1250000000
65314  -31.991  -4.365  73.681 0.1250000000
69898  -32.265  0.027  70.122 0.1250000000
68971  -32.100  -0.682  70.491 0.1250000000
63450  -28.722  -7.080  75.352 0.1250000000
63451  -29.676  -6.737  74.852 0.1250000000
130967  -30.500  -6.342  74.369 0.1250000000
64347  -30.875  -6.437  73.409 0.2500000000
122801  -28.914  -7.191  74.343 0.1250000000
63458  -29.858  -6.780  73.877 0.2500000000
68014  -31.291  -1.175  70.040 0.1250000000
62569  -25.980  -8.639  72.720 0.1250000000
62570  -26.995  -7.980  73.265 0.1250000000
126946  -30.166  -2.112  68.692 0.1250000000
63463  -26.742  -7.784  72.362 0.1250000000
66243  -30.119  -2.667  68.318 0.2500000000
66251  -30.269  -3.275  67.880 0.2500000000
127696  -30.590  -3.707  67.484 0.2500000000
118855  -25.732  -8.697  71.876 0.1250000000
67143  -30.188  -2.960  67.207 0.2500000000
66259  -30.762  -3.583  66.828 0.2500000000
66260  -31.725  -4.371  66.508 0.2500000000
66267  -30.899  -3.335  66.022 0.2500000000
62585  -25.398  -8.862  70.941 0.1250000000
61679  -25.104  -9.627  69.380 0.1250000000
60742  -25.019  -10.309  68.153 0.2500000000
119862  -25.061  -11.176  66.508 0.3750000000
122599  -24.918  -10.670  67.214 0.3750000000
61684  -24.729  -9.669  68.461 0.2500000000
61697  -24.350  -10.026  66.713 0.3750000000
60750  -24.566  -10.826  66.191 0.3750000000
134248  -24.113  -9.879  65.865 0.3750000000
60782  -23.419  -10.988  63.715 0.3750000000
59795  -24.369  -11.711  64.798 0.3750000000
60790  -23.162  -10.641  63.000 0.5000000000
67990  -33.468  -1.408  72.498 0.1250000000
121702  -29.163  -4.374  75.461 0.1250000000
69877  -34.405  0.126  72.042 0.1250000000
68962  -34.138  -0.517  71.870 0.1250000000
68973  -33.969  -0.347  71.300 0.1250000000
133178  -28.076  -5.840  75.909 0.1250000000
69888  -34.763  0.648  71.398 0.1250000000
69901  -34.708  0.507  71.011 0.1250000000
65301  -29.428  -5.602  75.465 0.1250000000
70876  -35.136  1.009  70.916 0.1250000000
71798  -35.484  2.239  70.134 0.1250000000
70889  -35.048  1.568  70.397 0.1250000000
70888  -34.106  1.601  69.884 0.1250000000
69899  -32.970  0.587  70.109 0.1250000000
63441  -27.002  -7.191  76.233 0.1250000000
133236  -32.448  1.062  69.355 0.1250000000
69912  -31.985  0.513  69.479 0.1250000000
63440  -25.873  -7.573  76.376 0.1250000000
63442  -27.961  -6.763  75.855 0.1250000000
63431  -24.152  -7.107  76.488 0.1250000000
63439  -24.887  -7.787  76.336 0.1250000000
63448  -26.467  -8.048  75.705 0.1250000000
128590  -27.925  -7.630  74.707 0.1250000000
63457  -28.003  -7.524  73.755 0.1250000000
69918  -31.260  0.242  68.867 0.1250000000
68981  -30.762  -0.711  69.043 0.1250000000
126958  -30.359  -0.767  68.302 0.1250000000
64335  -23.129  -6.535  75.344 0.1250000000
63446  -24.193  -7.945  75.588 0.1250000000
63447  -25.323  -8.369  75.801 0.1250000000
62558  -25.803  -8.540  74.851 0.1250000000
62559  -26.909  -8.149  74.834 0.1250000000
62564  -27.221  -7.987  74.094 0.1250000000
68020  -30.267  -1.423  68.566 0.1250000000
118428  -23.316  -7.443  74.924 0.1250000000
116534  -23.829  -8.186  74.453 0.1250000000
131718  -24.368  -8.608  73.940 0.1250000000
62562  -25.092  -8.893  73.900 0.1250000000
62563  -26.185  -8.506  73.787 0.1250000000
64346  -23.029  -6.485  74.332 0.1250000000
63455  -23.338  -7.498  73.898 0.1250000000
63456  -23.850  -8.274  73.508 0.1250000000
62567  -24.527  -8.846  73.158 0.1250000000
62568  -25.235  -9.052  72.956 0.1250000000
67142  -29.984  -2.427  67.640 0.2500000000
64345  -22.976  -5.636  73.692 0.1250000000
117331  -23.301  -6.480  73.197 0.1250000000
116720  -23.575  -7.589  73.099 0.1250000000
63462  -24.089  -8.252  72.678 0.1250000000
62575  -24.800  -8.870  72.192 0.1250000000
131840  -25.299  -8.954  72.205 0.1250000000
67152  -29.885  -2.188  66.925 0.2500000000
64356  -23.049  -5.351  72.749 0.1250000000
123171  -23.479  -5.870  72.293 0.1250000000
63461  -23.823  -6.943  72.264 0.1250000000
63472  -24.352  -7.939  71.757 0.1250000000
62583  -24.889  -8.850  71.125 0.1250000000
62576  -25.099  -8.950  71.443 0.1250000000
64364  -23.703  -5.900  71.477 0.1250000000
63471  -24.106  -6.800  71.369 0.1250000000
63480  -24.442  -7.428  70.868 0.1250000000
62584  -25.083  -9.081  70.702 0.1250000000
62593  -25.040  -9.342  70.069 0.1250000000
65341  -23.316  -5.043  70.639 0.1250000000
64370  -24.093  -6.108  70.564 0.1250000000
123608  -24.399  -6.890  70.150 0.1250000000
115166  -24.676  -8.103  70.280 0.1250000000
117029  -25.054  -9.217  70.302 0.1250000000
132506  -25.007  -9.468  69.777 0.1250000000
122580  -23.724  -5.390  69.879 0.1250000000
64378  -24.233  -6.074  69.647 0.1250000000
63491  -24.457  -7.202  69.515 0.1250000000
62592  -24.748  -8.823  69.615 0.1250000000
60731  -24.996  -9.621  69.285 0.1250000000
63502  -24.459  -7.529  68.649 0.1250000000
62600  -24.651  -8.913  68.868 0.2500000000
62608  -24.435  -8.357  68.097 0.2500000000
120242  -24.376  -9.021  67.678 0.2500000000
137476  -23.723  -9.986  64.834 0.3750000000
62619  -24.076  -8.732  65.843 0.3750000000
61715  -23.370  -10.015  63.621 0.5000000000
61705  -23.572  -9.471  64.276 0.3750000000
61706  -23.776  -9.208  65.051 0.3750000000
61727  -23.248  -9.459  62.722 0.5000000000
67100  -31.720  -2.521  73.835 0.1250000000
67989  -32.778  -1.482  73.154 0.1250000000
65289  -26.809  -4.791  76.622 0.1250000000
65291  -28.620  -5.189  75.792 0.1250000000
70864  -35.104  1.266  71.391 0.1250000000
71809  -33.832  2.622  68.895 0.1250000000
71796  -33.436  2.000  69.247 0.1250000000
64312  -25.171  -5.919  76.957 0.1250000000
133993  -25.902  -5.203  76.912 0.1250000000
65290  -27.745  -4.905  76.057 0.1250000000
72674  -36.245  3.320  70.106 0.1250000000
71784  -35.444  1.844  70.789 0.1250000000
71797  -34.573  2.101  69.663 0.1250000000
70887  -33.232  1.335  69.648 0.1250000000
136602  -24.435  -6.482  77.008 0.1250000000
64323  -26.231  -6.269  76.692 0.1250000000
64324  -27.343  -6.005  76.286 0.1250000000
73527  -36.613  4.324  69.325 0.1250000000
72673  -35.926  2.887  69.837 0.1250000000
132883  -35.378  3.372  69.071 0.1250000000
72682  -34.304  3.217  68.544 0.1250000000
70897  -32.568  1.617  68.902 0.1250000000
71808  -32.761  2.338  68.346 0.1250000000
64322  -25.114  -6.947  76.757 0.1250000000
74394  -37.008  4.811  68.879 0.1250000000
73526  -35.828  3.978  68.730 0.1250000000
71807  -32.073  1.757  68.217 0.1250000000
70908  -31.497  1.448  67.778 0.1250000000
64320  -22.818  -5.850  75.849 0.1250000000
70886  -31.793  1.083  68.669 0.1250000000
68988  -30.628  -0.077  68.291 0.1250000000
128537  -22.525  -5.233  75.533 0.1250000000
68997  -30.059  -0.183  66.989 0.1250000000
68987  -30.048  -1.211  67.867 0.1250000000
65322  -22.620  -4.795  73.257 0.1250000000
139080  -22.956  -5.718  74.309 0.1250000000
128543  -29.706  -0.597  66.386 0.1250000000
68031  -29.699  -1.406  66.515 0.1250000000
68991  -29.829  -0.936  67.153 0.1250000000
68051  -29.680  -1.359  64.274 0.1250000000
121556  -29.537  -0.909  65.701 0.1250000000
67162  -29.871  -2.054  66.260 0.1250000000
67113  -22.218  -2.865  71.441 0.1250000000
66223  -22.441  -3.687  71.809 0.1250000000
68067  -30.136  -1.956  63.578 0.1250000000
67175  -30.624  -2.519  64.684 0.1250000000
67163  -30.282  -2.462  65.599 0.2500000000
129931  -22.626  -3.102  70.137 0.1250000000
66229  -22.545  -3.436  70.900 0.1250000000
65331  -22.692  -4.519  72.247 0.1250000000
65332  -23.117  -5.128  71.751 0.1250000000
67189  -31.519  -2.619  63.592 0.1250000000
67128  -22.596  -2.744  69.502 0.1250000000
135669  -22.914  -3.971  70.168 0.1250000000
65340  -22.787  -4.299  71.236 0.1250000000
67134  -22.480  -2.533  68.246 0.1250000000
66242  -22.810  -3.098  68.818 0.1250000000
65357  -23.046  -3.905  69.151 0.1250000000
64393  -24.261  -6.295  67.934 0.2500000000
129838  -23.080  -3.706  68.296 0.1250000000
65358  -23.385  -4.543  68.513 0.1250000000
64377  -23.727  -5.350  69.076 0.1250000000
64384  -24.240  -6.214  68.810 0.2500000000
63535  -24.157  -7.645  66.134 0.3750000000
63527  -24.380  -7.666  67.101 0.3750000000
63546  -23.952  -7.548  65.391 0.3750000000
62625  -23.842  -7.976  64.903 0.3750000000
121727  -23.536  -8.678  63.364 0.3750000000
62624  -23.681  -8.224  64.168 0.3750000000
125931  -23.419  -8.399  62.518 0.5000000000
67094  -30.695  -2.197  74.386 0.1250000000
133365  -30.175  -2.960  74.656 0.1250000000
68948  -33.274  -0.662  72.860 0.1250000000
66198  -29.664  -3.608  74.999 0.1250000000
69876  -33.727  0.092  72.653 0.1250000000
66191  -28.274  -4.011  75.808 0.1250000000
69878  -34.669  0.869  71.900 0.1250000000
71773  -35.623  2.541  70.952 0.1250000000
71825  -33.306  3.032  68.061 0.1250000000
73528  -36.968  4.869  69.300 0.1250000000
73505  -36.570  4.611  69.840 0.1250000000
72693  -34.788  3.788  68.171 0.1250000000
72692  -33.777  3.611  67.695 0.1250000000
71824  -32.595  2.801  67.595 0.1250000000
64321  -23.312  -6.451  76.373 0.1250000000
74403  -37.732  5.691  68.087 0.1250000000
74402  -36.926  5.197  68.105 0.1250000000
116877  -36.247  5.395  67.044 0.1250000000
73538  -35.272  4.356  67.801 0.1250000000
74411  -35.301  5.158  66.538 0.1250000000
71823  -31.930  2.268  67.493 0.1250000000
75291  -37.719  6.078  67.199 0.1250000000
74412  -37.149  5.628  67.443 0.1250000000
74423  -36.733  5.765  66.572 0.1250000000
75300  -36.269  5.883  65.594 0.1250000000
71836  -32.239  2.959  66.893 0.1250000000
70915  -31.291  1.758  66.951 0.1250000000
75282  -38.257  6.574  67.289 0.1250000000
133874  -29.934  0.093  66.337 0.1250000000
69928  -30.392  0.551  66.752 0.1250000000
65300  -22.423  -4.836  74.851 0.1250000000
69933  -30.176  0.770  65.895 0.1250000000
66205  -22.173  -4.265  73.892 0.1250000000
69938  -29.541  0.242  64.424 0.1250000000
139174  -29.606  0.042  64.996 0.1250000000
67106  -22.080  -3.057  72.332 0.1250000000
69948  -29.326  0.250  63.548 0.1250000000
67127  -22.109  -1.995  70.304 0.1250000000
67119  -21.989  -2.074  71.085 0.1250000000
118327  -30.156  -1.731  62.929 0.1250000000
67199  -30.806  -2.170  63.112 0.1250000000
68024  -21.858  -1.265  67.232 0.1250000000
122998  -22.258  -2.026  69.506 0.1250000000
68030  -21.761  -1.153  66.371 0.1250000000
68018  -22.123  -1.935  67.745 0.1250000000
68038  -21.641  -1.175  65.395 0.1250000000
67150  -21.989  -2.010  66.818 0.1250000000
133576  -22.376  -2.821  67.350 0.1250000000
65366  -23.267  -4.101  67.783 0.2500000000
64392  -23.913  -5.468  67.313 0.2500000000
115747  -21.678  -1.937  64.947 0.1250000000
67151  -22.040  -2.887  66.346 0.1250000000
66258  -22.579  -3.561  66.725 0.2500000000
65367  -23.523  -4.708  67.583 0.2500000000
119109  -22.077  -3.751  65.153 0.1250000000
66266  -22.238  -3.679  65.868 0.1250000000
65383  -23.343  -4.915  65.908 0.2500000000
65375  -23.466  -4.800  66.735 0.2500000000
64403  -24.268  -6.406  67.105 0.2500000000
63515  -24.412  -7.172  67.735 0.2500000000
66280  -21.911  -3.352  64.473 0.1250000000
120156  -22.627  -4.370  65.336 0.3750000000
65395  -23.401  -5.088  65.061 0.3750000000
64415  -23.909  -5.708  65.643 0.2500000000
63526  -24.154  -6.571  66.287 0.2500000000
65413  -22.481  -4.474  62.511 0.2500000000
64447  -23.143  -5.233  63.687 0.3750000000
64430  -23.396  -5.364  64.363 0.3750000000
63534  -24.009  -6.664  65.469 0.3750000000
64478  -22.853  -5.169  61.965 0.3750000000
64465  -22.991  -5.157  62.871 0.3750000000
121036  -23.717  -6.070  63.910 0.3750000000
63554  -23.787  -7.182  63.771 0.3750000000
63545  -23.884  -6.923  64.649 0.3750000000
129046  -22.862  -5.404  61.209 0.5000000000
64479  -23.225  -5.984  61.686 0.3750000000
63560  -23.528  -6.677  62.219 0.3750000000
62632  -23.628  -7.525  62.889 0.3750000000
133627  -23.781  -7.526  64.365 0.3750000000
127425  -31.662  -1.054  73.725 0.1250000000
68938  -32.207  -0.423  73.419 0.1250000000
67978  -30.672  -0.831  74.285 0.1250000000
67092  -28.767  -3.057  75.466 0.1250000000
69865  -32.633  0.279  73.151 0.1250000000
70852  -34.078  0.914  72.472 0.1250000000
72664  -35.761  3.350  70.758 0.1250000000
136071  -23.597  -5.891  77.395 0.1250000000
116310  -24.236  -5.735  77.429 0.1250000000
73550  -33.920  4.431  66.429 0.1250000000
72706  -33.411  3.891  66.837 0.1250000000
72705  -32.652  3.543  66.417 0.1250000000
64309  -22.770  -5.790  76.674 0.1250000000
74395  -37.341  5.395  68.897 0.1250000000
134409  -34.963  5.372  65.793 0.1250000000
72704  -31.946  3.144  66.046 0.1250000000
65287  -22.020  -4.515  75.733 0.1250000000
71835  -31.611  2.473  66.538 0.1250000000
71843  -31.372  2.598  65.651 0.1250000000
70914  -30.752  1.276  66.468 0.1250000000
65299  -21.981  -4.161  74.794 0.1250000000
71851  -31.096  2.613  64.695 0.1250000000
71842  -30.841  2.019  65.353 0.1250000000
66204  -21.709  -3.445  74.271 0.1250000000
67097  -21.466  -2.548  73.786 0.1250000000
130265  -30.591  1.959  64.704 0.1250000000
70922  -30.320  1.328  65.105 0.1250000000
66215  -21.888  -3.278  73.282 0.1250000000
67112  -21.857  -2.217  71.937 0.1250000000
67984  -21.478  -1.510  72.449 0.1250000000
70940  -29.941  1.588  63.452 0.1250000000
70939  -29.665  0.910  63.934 0.1250000000
67994  -21.642  -1.396  71.579 0.1250000000
139253  -21.534  -0.609  70.601 0.1250000000
68011  -21.900  -1.277  69.196 0.1250000000
68004  -21.736  -1.262  70.657 0.1250000000
131257  -21.648  -0.701  69.924 0.1250000000
68017  -21.927  -1.049  68.198 0.1250000000
67093  -29.421  -2.704  74.998 0.1250000000
67967  -30.096  -1.357  74.573 0.1250000000
69864  -31.609  0.543  73.616 0.1250000000
70840  -31.953  1.116  73.311 0.1250000000
67082  -27.988  -3.007  76.042 0.1250000000
71760  -33.095  2.113  72.666 0.1250000000
71771  -33.783  2.743  72.227 0.1250000000
72652  -34.156  3.403  71.809 0.1250000000
73503  -35.128  4.709  70.924 0.1250000000
73565  -34.456  4.960  66.052 0.1250000000
65282  -23.441  -5.223  77.506 0.1250000000
74386  -36.791  5.418  69.582 0.1250000000
73564  -33.675  4.625  65.529 0.1250000000
73549  -33.096  4.148  65.984 0.1250000000
73563  -32.871  4.308  65.094 0.1250000000
65280  -21.981  -4.454  76.760 0.1250000000
75281  -38.147  6.348  67.955 0.1250000000
74436  -35.301  5.587  65.095 0.1250000000
74421  -34.362  5.099  65.060 0.1250000000
73579  -33.467  4.746  64.599 0.1250000000
67960  -20.976  -1.843  74.379 0.1250000000
72725  -31.585  3.349  64.229 0.1250000000
67105  -21.661  -2.379  72.830 0.1250000000
72736  -31.573  3.387  63.307 0.1250000000
124111  -21.021  0.838  70.040 0.1250000000
68955  -21.406  -0.523  71.301 0.1250000000
71861  -30.483  2.316  63.202 0.1250000000
67966  -29.194  -1.177  74.838 0.1250000000
122290  -28.854  -1.964  75.162 0.1250000000
66190  -27.492  -3.755  76.271 0.1250000000
66184  -25.976  -4.241  76.863 0.1250000000
65283  -24.388  -4.646  77.478 0.1250000000
75262  -36.935  6.234  69.349 0.1250000000
74377  -36.039  5.539  70.154 0.1250000000
65281  -22.560  -5.124  77.131 0.1250000000
75272  -37.596  6.211  68.597 0.1250000000
67076  -21.179  -2.834  75.924 0.1250000000
76182  -38.224  7.223  67.716 0.1250000000
74434  -34.016  5.153  64.077 0.1250000000
73578  -32.714  4.403  64.191 0.1250000000
67983  -20.914  -0.747  72.915 0.1250000000
67971  -20.726  -0.963  73.982 0.1250000000
73608  -32.533  4.498  62.405 0.1250000000
68954  -21.030  0.216  71.374 0.1250000000
71802  -20.152  2.563  68.257 0.1250000000
69972  -41.975  0.822  62.339 0.5000000000
68936  -30.193  0.184  74.408 0.1250000000
67081  -27.341  -2.797  76.164 0.1250000000
66189  -26.718  -3.517  76.575 0.1250000000
66183  -25.172  -3.958  77.017 0.1250000000
65274  -22.884  -4.344  77.437 0.1250000000
76173  -36.831  7.247  69.105 0.1250000000
75261  -36.078  6.298  69.913 0.1250000000
66187  -21.572  -3.682  76.377 0.1250000000
66181  -22.165  -4.111  77.212 0.1250000000
76181  -37.661  7.166  68.421 0.1250000000
67086  -20.755  -2.015  75.472 0.1250000000
68943  -20.923  -0.070  72.158 0.1250000000
69883  -20.550  0.628  71.789 0.1250000000
69871  -20.245  1.197  72.291 0.1250000000
70859  -20.329  1.282  71.405 0.1250000000
70869  -20.121  2.003  71.036 0.1250000000
71791  -20.173  2.368  69.204 0.1250000000
128890  -19.744  3.061  68.911 0.1250000000
72686  -19.564  3.462  67.269 0.1250000000
71815  -19.696  3.306  68.070 0.1250000000
73533  -19.215  3.977  67.804 0.1250000000
73544  -18.967  4.147  66.877 0.1250000000
73556  -18.894  4.070  65.864 0.1250000000
73543  -18.469  4.834  66.241 0.1250000000
66180  -21.628  -3.560  77.073 0.1250000000
134846  -37.485  7.990  68.139 0.1250000000
73571  -18.327  4.620  64.316 0.1250000000
73555  -18.424  4.728  65.241 0.1250000000
73532  -18.695  4.736  67.574 0.1250000000
64383  -23.848  -5.381  68.189 0.2500000000
125533  -30.854  -16.725  74.007 0.6250000000
54341  -30.381  -17.001  74.551 0.6250000000
63496  -31.578  -7.001  69.941 0.2500000000
61691  -25.235  -10.536  67.710 0.2500000000
135067  -42.547  1.174  61.852 0.5000000000
60771  -23.694  -10.790  64.572 0.3750000000
60772  -24.005  -10.342  65.336 0.3750000000
66294  -22.026  -3.865  63.090 0.2500000000
68995  -21.607  -0.407  65.842 0.1250000000
67161  -21.880  -2.889  65.303 0.1250000000
132358  -21.630  -0.371  66.687 0.1250000000
68050  -21.619  -1.144  64.433 0.1250000000
68966  -21.314  0.052  70.554 0.1250000000
119122  -18.679  -37.133  74.127 0.2500000000
123211  -20.125  -34.808  72.502 0.1250000000
37051  -20.900  -34.376  72.672 0.1250000000
38800  -22.042  -33.430  72.432 0.2500000000
127781  -21.189  -34.293  71.917 0.2500000000
39617  -22.943  -32.832  71.550 0.2500000000
40476  -23.512  -32.015  71.049 0.2500000000
138928  -21.464  -29.483  72.289 0.2500000000
44180  -21.138  -28.487  73.211 0.2500000000
126128  -20.798  -28.760  72.321 0.2500000000
45158  -20.593  -27.352  73.729 0.2500000000
35353  -17.535  -38.023  73.320 0.1250000000
45152  -20.489  -26.833  74.397 0.2500000000
41304  -23.123  -30.609  70.385 0.2500000000
129649  -30.489  -16.539  73.634 0.6250000000
53338  -27.348  -17.611  76.064 0.6250000000
53337  -26.545  -17.423  76.378 0.6250000000
54329  -28.191  -17.306  75.205 0.7500000000
53345  -28.239  -17.574  75.507 0.6250000000
52529  -26.003  -18.439  76.990 0.5000000000
122359  -25.546  -20.387  77.078 0.1250000000
134128  -23.394  -21.570  77.831 0.3750000000
50889  -24.434  -21.347  77.311 0.3750000000
138453  -20.930  -21.951  75.943 0.1250000000
49967  -20.991  -22.035  77.727 0.3750000000
48976  -20.266  -22.710  75.158 0.2500000000
48977  -20.563  -22.315  74.735 0.2500000000
54353  -30.045  -16.759  74.179 0.6250000000
137203  -17.994  -37.242  72.796 0.1250000000
125615  -17.636  -36.214  71.741 0.1250000000
37079  -18.868  -35.500  71.009 0.1250000000
47117  -20.197  -24.684  73.625 0.2500000000
137139  -20.224  -24.581  74.433 0.2500000000
48006  -20.116  -23.235  75.573 0.3750000000
46175  -20.235  -25.493  73.371 0.2500000000
43299  -21.572  -29.311  69.314 0.2500000000
135535  -20.683  -28.135  72.692 0.2500000000
46169  -20.336  -25.622  74.254 0.2500000000
37081  -20.128  -34.872  70.883 0.1250000000
37094  -20.082  -34.771  70.392 0.1250000000
37078  -18.390  -35.269  70.486 0.1250000000
41319  -23.392  -30.507  68.882 0.2500000000
42317  -22.902  -30.036  68.252 0.1250000000
43280  -21.266  -29.253  70.657 0.2500000000
37061  -20.448  -34.680  71.699 0.1250000000
37070  -21.023  -34.388  71.096 0.1250000000
37083  -21.088  -34.377  70.681 0.1250000000
37968  -22.441  -34.098  70.084 0.1250000000
38806  -22.269  -33.756  71.621 0.2500000000
38807  -22.880  -33.543  71.071 0.1250000000
38825  -23.442  -33.636  69.640 0.1250000000
37112  -20.620  -34.256  69.691 0.1250000000
37096  -21.174  -34.262  70.111 0.1250000000
134157  -22.082  -33.759  69.055 0.1250000000
37984  -21.606  -33.842  69.432 0.1250000000
41310  -22.369  -29.899  70.263 0.2500000000
43264  -21.163  -29.436  71.727 0.2500000000
38003  -22.813  -33.698  68.397 0.1250000000
38002  -22.006  -33.556  68.444 0.1250000000
38836  -23.712  -33.589  68.657 0.1250000000
135434  -24.451  -31.972  68.401 0.1250000000
38851  -20.055  -33.365  67.491 0.1250000000
138990  -22.391  -33.568  67.498 0.1250000000
127034  -23.728  -33.910  66.884 0.1250000000
38871  -21.776  -33.485  66.435 0.1250000000
40497  -24.601  -32.452  67.701 0.1250000000
65359  -30.981  -4.569  68.952 0.2500000000
60735  -25.166  -9.900  68.855 0.2500000000
69900  -33.998  0.186  70.832 0.1250000000
68025  -29.851  -1.679  67.375 0.1250000000
67153  -30.235  -2.741  66.471 0.2500000000
62615  -24.284  -8.909  66.875 0.2500000000
63449  -27.556  -7.567  75.526 0.1250000000
62557  -24.729  -8.570  74.796 0.1250000000
71772  -35.073  2.262  71.552 0.1250000000
73539  -36.295  4.590  68.407 0.1250000000
69923  -31.076  0.693  68.079 0.1250000000
65288  -22.406  -5.208  76.312 0.1250000000
70907  -30.938  1.009  67.259 0.1250000000
68996  -29.684  -0.089  65.613 0.1250000000
69001  -29.497  -0.532  64.860 0.1250000000
128685  -29.581  -1.217  65.105 0.1250000000
68052  -30.188  -2.121  64.228 0.1250000000
69007  -29.408  -0.504  63.928 0.1250000000
68039  -29.731  -1.604  65.706 0.1250000000
67188  -30.749  -2.458  63.885 0.1250000000
66236  -22.828  -3.355  69.560 0.1250000000
65348  -23.312  -4.689  69.562 0.1250000000
68012  -22.208  -1.868  68.634 0.1250000000
66250  -22.909  -3.559  67.533 0.1250000000
72653  -35.222  3.065  71.375 0.1250000000
128850  -35.931  4.870  70.379 0.1250000000
73551  -34.799  4.679  66.912 0.1250000000
74422  -35.782  5.518  66.094 0.1250000000
75301  -37.143  6.259  66.093 0.1250000000
119685  -30.632  1.492  65.795 0.1250000000
69932  -29.858  0.539  65.099 0.1250000000
125655  -29.417  0.902  63.264 0.1250000000
68066  -29.639  -1.236  63.382 0.1250000000
67160  -21.822  -2.000  65.861 0.1250000000
65374  -23.155  -4.127  67.075 0.2500000000
64402  -23.915  -5.580  66.467 0.2500000000
65382  -22.856  -4.253  66.257 0.2500000000
132717  -22.196  -4.101  64.683 0.2500000000
65394  -22.741  -4.683  64.373 0.3750000000
65403  -22.559  -4.589  63.431 0.3750000000
129338  -23.455  -5.711  63.177 0.3750000000
64431  -23.903  -5.882  64.818 0.3750000000
125269  -23.685  -6.461  63.048 0.3750000000
72716  -31.686  3.286  65.157 0.1250000000
72726  -32.169  3.895  64.674 0.1250000000
66197  -21.595  -3.595  75.302 0.1250000000
71834  -31.104  1.936  66.120 0.1250000000
67087  -21.265  -2.726  74.814 0.1250000000
71862  -31.082  2.771  63.713 0.1250000000
71850  -30.554  2.156  64.021 0.1250000000
68944  -21.355  -0.808  72.093 0.1250000000
67972  -21.228  -1.648  73.368 0.1250000000
70949  -29.962  1.913  62.738 0.1250000000
72737  -32.078  3.962  63.772 0.1250000000
71871  -31.057  2.849  62.828 0.1250000000
69893  -20.734  0.738  70.947 0.1250000000
77109  -37.882  8.272  67.686 0.1250000000
68931  -20.503  -0.223  73.577 0.1250000000
122908  -20.574  -0.054  72.876 0.1250000000
69857  -20.353  0.410  73.954 0.1250000000
51736  -28.279  -19.467  75.869 0.2500000000
54442  -36.895  -15.881  65.743 0.3750000000
56302  -36.133  -14.974  64.447 0.3750000000
55396  -36.155  -15.978  64.926 0.3750000000
55388  -36.801  -15.034  65.223 0.3750000000
136924  -2.859  -28.559  66.619 0.3750000000
45183  -4.033  -26.307  71.057 0.5000000000
47135  -2.921  -25.308  69.722 0.5000000000
44211  -3.916  -27.820  69.928 0.3750000000
56311  -37.221  -13.953  63.395 0.3750000000
46192  -4.381  -25.874  70.454 0.3750000000
124668  -4.713  -27.572  68.884 0.3750000000
43318  -2.849  -28.733  67.686 0.2500000000
56303  -37.105  -14.321  64.429 0.3750000000
47153  -3.021  -24.345  68.100 0.3750000000
46206  -4.044  -25.204  69.929 0.3750000000
45207  -4.955  -26.355  69.943 0.3750000000
43323  -3.344  -28.264  67.246 0.3750000000
47154  -3.909  -24.214  68.336 0.3750000000
46215  -5.393  -25.024  69.094 0.3750000000
44213  -5.273  -26.907  69.393 0.3750000000
135575  -4.876  -27.598  68.060 0.3750000000
47155  -4.781  -24.329  68.504 0.3750000000
46216  -6.164  -25.534  68.700 0.3750000000
45226  -6.204  -26.382  68.633 0.3750000000
47156  -5.685  -24.608  68.357 0.3750000000
57199  -37.871  -13.635  64.046 0.3750000000
47144  -1.934  -24.392  68.488 0.3750000000
56319  -37.399  -13.754  62.656 0.2500000000
131480  -1.118  -24.044  68.657 0.5000000000
49078  -3.778  -21.934  66.610 0.5000000000
48081  -3.360  -22.310  67.076 0.3750000000
48067  -3.002  -22.822  67.320 0.3750000000
48051  -2.492  -23.793  67.510 0.3750000000
117021  -4.368  -21.721  65.907 0.3750000000
57208  -37.901  -13.497  63.113 0.2500000000
57217  -37.861  -13.459  62.270 0.2500000000
57216  -37.242  -13.769  61.971 0.2500000000
49076  -2.991  -21.578  66.563 0.5000000000
57224  -37.032  -13.833  61.144 0.1250000000
119532  -38.217  -13.199  60.897 0.2500000000
57276  -41.200  -13.148  57.856 0.2500000000
58158  -41.852  -12.914  57.394 0.2500000000
58166  -42.490  -12.152  55.015 0.2500000000
65503  -44.805  -4.662  53.366 0.2500000000
121784  -45.330  -4.068  53.741 0.2500000000
66396  -45.311  -3.114  53.474 0.3750000000
66397  -45.897  -3.511  54.103 0.3750000000
67289  -45.963  -2.454  53.760 0.5000000000
116983  -44.046  -3.785  52.539 0.2500000000
66395  -44.631  -3.656  53.082 0.3750000000
67288  -45.486  -2.470  53.108 0.5000000000
68223  -45.863  -1.864  52.993 0.5000000000
67298  -44.979  -2.592  52.030 0.3750000000
67299  -45.456  -2.312  52.428 0.5000000000
67302  -45.613  -2.373  51.444 0.5000000000
123530  -46.420  -2.177  51.317 0.5000000000
67305  -44.760  -2.871  50.271 0.1250000000
116425  -46.342  -2.530  50.608 0.3750000000
67303  -47.252  -2.266  50.827 0.5000000000
68289  -47.309  -1.665  47.547 0.1250000000
68290  -48.085  -1.547  47.807 0.2500000000
70132  -49.486  0.506  47.589 0.2500000000
68225  -47.256  -1.274  53.279 0.5000000000
68224  -46.522  -1.696  53.549 0.5000000000
68242  -46.608  -1.532  52.696 0.5000000000
68243  -47.478  -1.289  52.342 0.5000000000
68256  -46.069  -1.901  52.123 0.5000000000
68257  -46.894  -1.711  51.769 0.5000000000
68268  -48.909  -2.010  50.631 0.5000000000
68260  -49.399  -1.429  51.108 0.6250000000
69191  -49.965  -0.889  50.075 0.3750000000
66413  -45.283  -2.807  49.711 0.1250000000
67310  -46.082  -2.682  49.949 0.1250000000
67307  -46.890  -2.529  50.101 0.3750000000
67308  -47.740  -2.291  50.138 0.3750000000
133838  -48.410  -2.141  50.224 0.3750000000
68276  -48.891  -2.005  49.925 0.3750000000
124235  -49.445  -1.499  49.442 0.3750000000
69192  -50.692  -0.319  49.813 0.3750000000
115284  -44.809  -2.985  49.004 0.1250000000
67311  -46.484  -2.547  49.567 0.2500000000
66418  -46.475  -2.496  48.976 0.2500000000
67313  -48.168  -2.150  49.606 0.3750000000
127118  -48.702  -1.964  49.146 0.3750000000
134546  -49.068  -1.608  48.724 0.3750000000
69206  -50.377  -0.260  49.189 0.3750000000
66426  -45.468  -2.755  48.424 0.1250000000
138998  -45.974  -2.587  48.757 0.1250000000
67318  -47.118  -2.308  48.534 0.2500000000
68283  -48.425  -1.839  48.444 0.2500000000
69204  -48.861  -1.280  48.143 0.2500000000
70119  -49.891  0.081  48.416 0.2500000000
71098  -51.077  1.240  48.423 0.3750000000
67323  -45.862  -2.410  47.744 0.1250000000
67317  -46.294  -2.465  48.357 0.2500000000
69220  -49.210  -0.429  47.887 0.2500000000
71113  -51.466  1.923  48.005 0.3750000000
71111  -49.803  1.285  47.239 0.2500000000
71112  -50.629  1.618  47.590 0.2500000000
77322  -54.480  9.064  41.683 0.5000000000
77330  -54.131  8.816  40.638 0.3750000000
48049  -0.738  -23.331  68.477 0.5000000000
49063  -1.811  -22.572  67.181 0.3750000000
49077  -2.999  -21.964  67.003 0.5000000000
134910  -2.091  -23.208  67.254 0.5000000000
48050  -1.466  -23.789  67.847 0.5000000000
68258  -47.825  -1.672  51.476 0.5000000000
70120  -50.767  0.451  48.821 0.3750000000
71997  -51.239  2.884  46.361 0.3750000000
46190  -2.716  -25.674  70.648 0.5000000000
45169  -3.495  -26.654  71.366 0.5000000000
115971  -2.047  -24.967  69.361 0.5000000000
57226  -38.311  -13.097  61.796 0.2500000000
57301  -42.044  -12.588  55.396 0.2500000000
56310  -36.358  -14.468  63.578 0.2500000000
46191  -3.700  -25.714  70.606 0.5000000000
44186  -4.039  -26.938  71.124 0.5000000000
45184  -4.444  -26.642  70.657 0.3750000000
44212  -4.633  -27.225  69.863 0.3750000000
44222  -3.787  -28.076  68.871 0.3750000000
47146  -3.520  -24.785  69.032 0.3750000000
44232  -3.996  -27.917  67.894 0.3750000000
43319  -3.340  -28.283  68.040 0.3750000000
56318  -36.612  -14.151  62.592 0.2500000000
47147  -4.437  -24.751  69.179 0.3750000000
46207  -4.868  -25.473  69.741 0.3750000000
45208  -5.764  -26.120  69.344 0.3750000000
44223  -5.661  -27.062  68.637 0.3750000000
56327  -36.609  -14.050  61.785 0.1250000000
47161  -3.394  -23.539  67.526 0.3750000000
57225  -37.738  -13.503  61.430 0.2500000000
67287  -44.982  -2.853  52.771 0.3750000000
67301  -44.825  -2.663  51.209 0.5000000000
67306  -45.521  -2.678  50.457 0.2500000000
68259  -48.744  -1.681  51.267 0.5000000000
68267  -48.235  -2.140  50.748 0.5000000000
68269  -49.443  -1.537  50.362 0.3750000000
118886  -49.977  -0.775  49.414 0.3750000000
66417  -45.769  -2.675  49.223 0.1250000000
67312  -47.271  -2.363  49.382 0.2500000000
67319  -47.927  -2.148  48.843 0.2500000000
69205  -49.584  -0.918  48.697 0.3750000000
70133  -50.224  0.912  48.034 0.3750000000
32106  -6.963  -41.569  76.383 0.1250000000
32096  -7.326  -40.983  76.878 0.1250000000
32098  -8.982  -41.275  76.571 0.1250000000
33011  -5.677  -40.789  76.128 0.1250000000
33785  -5.774  -39.913  76.391 0.1250000000
31187  -9.785  -41.974  76.704 0.1250000000
137932  -10.781  -41.379  77.817 0.1250000000
34563  -5.884  -39.124  75.324 0.1250000000
131036  -6.447  -38.632  75.086 0.1250000000
32100  -12.435  -41.333  76.674 0.1250000000
34572  -7.070  -38.433  74.544 0.1250000000
34573  -7.772  -37.967  74.270 0.1250000000
35346  -7.667  -37.556  74.935 0.1250000000
33005  -13.129  -40.784  76.236 0.1250000000
35350  -8.032  -37.874  73.638 0.1250000000
35351  -8.617  -36.974  73.479 0.1250000000
36173  -8.792  -36.011  73.541 0.1250000000
35360  -8.910  -36.962  72.742 0.1250000000
37058  -9.196  -35.481  72.944 0.1250000000
37057  -8.464  -35.171  73.457 0.1250000000
36182  -9.258  -36.435  72.099 0.1250000000
37937  -8.912  -34.704  72.290 0.1250000000
37949  -9.122  -34.495  71.407 0.1250000000
36183  -9.543  -36.080  71.285 0.1250000000
37950  -9.563  -34.693  70.717 0.1250000000
37964  -8.196  -34.010  70.910 0.1250000000
36190  -9.509  -36.066  70.459 0.1250000000
118674  -6.459  -39.684  77.092 0.1250000000
32999  -6.944  -40.347  77.519 0.1250000000
32994  -8.352  -39.999  77.954 0.1250000000
32995  -9.050  -40.080  77.787 0.1250000000
34559  -6.471  -38.304  76.440 0.1250000000
33000  -7.841  -40.515  77.404 0.1250000000
32090  -9.458  -40.768  77.079 0.1250000000
31177  -10.596  -41.531  77.458 0.1250000000
35345  -6.962  -37.931  75.378 0.1250000000
36172  -8.180  -36.392  74.063 0.1250000000
36168  -7.842  -36.369  75.049 0.1250000000
37926  -7.604  -34.646  73.484 0.1250000000
33796  -13.925  -39.534  75.198 0.1250000000
37948  -8.005  -34.117  71.934 0.1250000000
37935  -7.244  -34.081  72.777 0.1250000000
37963  -7.148  -34.039  71.056 0.1250000000
37965  -9.038  -34.159  70.556 0.1250000000
115066  -7.320  -34.090  70.223 0.1250000000
127133  -6.379  -34.264  70.393 0.1250000000
36197  -9.433  -35.882  69.460 0.1250000000
37077  -9.763  -35.328  70.216 0.1250000000
37982  -9.071  -33.949  69.833 0.1250000000
37981  -8.285  -33.873  70.069 0.1250000000
38822  -7.389  -33.802  69.356 0.1250000000
37980  -6.507  -34.234  69.633 0.1250000000
37091  -9.849  -35.065  69.531 0.1250000000
38823  -8.466  -33.505  69.354 0.1250000000
38833  -7.881  -33.250  68.662 0.1250000000
116401  -6.875  -33.646  68.398 0.1250000000
37996  -6.438  -34.090  68.936 0.1250000000
37106  -9.789  -35.411  68.724 0.1250000000
38824  -9.445  -33.699  69.160 0.1250000000
37995  -5.680  -34.089  68.195 0.1250000000
38835  -9.500  -33.299  68.515 0.1250000000
38834  -8.771  -33.137  68.702 0.1250000000
116435  -6.321  -33.447  67.410 0.1250000000
38847  -7.438  -33.090  67.816 0.1250000000
33780  -6.811  -39.435  77.867 0.1250000000
32084  -9.606  -40.198  77.814 0.1250000000
32086  -10.500  -40.434  78.066 0.1250000000
125234  -6.244  -39.085  76.622 0.1250000000
32093  -11.219  -41.207  78.118 0.1250000000
34564  -6.363  -38.417  75.748 0.1250000000
35338  -6.854  -37.481  76.142 0.1250000000
32092  -10.773  -40.913  78.054 0.1250000000
32094  -12.163  -41.267  77.780 0.1250000000
36167  -7.419  -35.949  75.775 0.1250000000
35339  -7.437  -36.946  75.696 0.1250000000
37048  -7.174  -34.934  74.143 0.1250000000
37947  -6.893  -33.912  71.893 0.1250000000
125054  -8.761  -36.338  69.048 0.1250000000
36207  -9.118  -35.964  68.462 0.1250000000
37105  -9.602  -35.572  67.778 0.1250000000
116228  -10.164  -34.886  68.146 0.1250000000
38846  -5.110  -33.935  67.241 0.1250000000
39636  -8.324  -32.823  68.066 0.1250000000
39645  -7.977  -32.470  67.365 0.1250000000
39644  -7.146  -32.803  67.012 0.1250000000
34555  -6.690  -38.569  77.307 0.1250000000
34553  -6.872  -38.522  78.136 0.1250000000
32986  -8.826  -39.282  78.302 0.1250000000
35334  -6.776  -37.446  76.944 0.1250000000
35331  -6.771  -37.663  77.864 0.1250000000
36158  -7.061  -36.498  76.782 0.1250000000
37039  -7.773  -35.644  74.506 0.1250000000
37033  -6.656  -35.098  75.912 0.1250000000
37056  -6.520  -34.278  73.465 0.1250000000
37047  -6.148  -34.472  74.187 0.1250000000
37934  -5.946  -33.778  72.348 0.1250000000
115515  -6.133  -34.092  71.244 0.1250000000
132038  -5.734  -34.409  69.874 0.1250000000
37962  -5.409  -34.412  70.572 0.1250000000
37979  -5.642  -34.337  69.163 0.1250000000
37994  -4.713  -34.318  68.666 0.1250000000
37121  -10.070  -35.104  67.170 0.1250000000
124508  -10.063  -33.939  68.455 0.1250000000
38011  -4.674  -34.188  67.827 0.1250000000
38012  -10.317  -34.171  67.612 0.1250000000
38863  -6.375  -33.050  66.633 0.1250000000
38862  -5.529  -33.431  66.583 0.1250000000
38013  -10.346  -33.458  67.114 0.1250000000
116970  -9.387  -32.242  67.034 0.1250000000
39655  -8.573  -32.030  66.852 0.1250000000
39654  -7.714  -32.184  66.583 0.1250000000
40513  -8.325  -31.684  66.081 0.1250000000
39653  -6.868  -32.547  66.234 0.1250000000
38884  -5.925  -32.970  65.864 0.1250000000
32987  -9.440  -39.453  78.383 0.1250000000
32989  -10.696  -39.913  78.538 0.1250000000
133456  -6.984  -37.914  78.574 0.1250000000
139117  -6.774  -38.281  77.768 0.1250000000
36154  -6.773  -36.665  77.396 0.1250000000
36161  -6.643  -35.511  76.592 0.1250000000
37038  -7.229  -35.116  75.119 0.1250000000
38845  -4.169  -34.013  67.232 0.1250000000
121279  -9.910  -35.061  66.097 0.1250000000
38029  -10.368  -34.368  66.711 0.1250000000
38030  -10.473  -33.601  66.334 0.1250000000
38865  -10.344  -32.928  66.653 0.1250000000
34554  -7.729  -38.304  78.624 0.1250000000
119033  -6.485  -36.707  78.194 0.1250000000
36157  -6.502  -35.833  77.154 0.1250000000
38772  -3.374  -33.481  75.205 0.1250000000
37037  -6.076  -34.432  74.979 0.1250000000
38781  -3.749  -33.830  74.515 0.1250000000
37917  -3.943  -33.868  73.625 0.1250000000
37925  -4.613  -33.877  73.421 0.1250000000
37055  -5.351  -33.903  73.240 0.1250000000
37933  -4.581  -33.854  72.505 0.1250000000
125257  -5.036  -33.862  72.181 0.1250000000
51742  -27.030  -19.795  76.416 0.2500000000
37945  -4.505  -34.180  71.626 0.1250000000
37946  -5.181  -34.158  71.438 0.1250000000
50892  -27.807  -20.163  76.206 0.1250000000
51743  -28.733  -19.640  75.643 0.1250000000
37978  -4.744  -34.455  69.723 0.1250000000
49995  -28.757  -21.403  75.141 0.1250000000
37993  -3.987  -34.220  69.032 0.1250000000
38861  -4.513  -33.604  66.555 0.1250000000
38883  -4.916  -33.108  65.831 0.1250000000
38882  -3.979  -33.036  66.016 0.1250000000
138156  -6.030  -36.204  78.495 0.1250000000
35326  -6.766  -37.246  78.752 0.1250000000
133471  -6.177  -36.105  77.798 0.1250000000
39583  -2.975  -32.716  75.736 0.1250000000
138722  -3.206  -33.411  74.584 0.1250000000
39582  -2.397  -32.069  75.366 0.2500000000
39590  -2.685  -32.874  74.741 0.2500000000
38791  -2.809  -32.973  73.240 0.1250000000
37932  -4.118  -33.897  72.795 0.1250000000
135279  -3.820  -33.804  72.420 0.1250000000
52536  -28.782  -18.638  75.671 0.2500000000
40445  -2.024  -31.297  75.098 0.2500000000
39589  -2.198  -32.033  74.514 0.1250000000
38799  -3.428  -33.525  72.102 0.1250000000
37944  -3.967  -34.039  71.909 0.1250000000
37960  -3.915  -34.264  70.949 0.1250000000
50906  -30.101  -20.149  75.142 0.1250000000
39600  -2.495  -32.243  72.986 0.1250000000
38798  -2.820  -33.015  72.471 0.1250000000
38804  -2.854  -33.124  71.613 0.1250000000
38814  -3.514  -33.819  70.315 0.1250000000
37977  -3.962  -34.280  70.007 0.1250000000
137913  -31.174  -20.592  74.360 0.1250000000
38820  -3.073  -33.251  69.780 0.1250000000
38821  -3.518  -33.744  69.362 0.1250000000
38831  -3.500  -33.748  68.456 0.1250000000
38832  -3.981  -34.160  68.067 0.1250000000
38844  -3.576  -33.735  67.553 0.1250000000
38860  -3.760  -33.526  66.770 0.1250000000
125989  -29.783  -19.323  75.471 0.1250000000
51754  -31.394  -18.985  74.789 0.1250000000
40450  -2.118  -31.194  74.236 0.1250000000
50911  -31.718  -19.924  74.383 0.1250000000
51755  -32.191  -19.085  74.281 0.1250000000
130708  -2.309  -31.194  73.229 0.1250000000
39616  -2.616  -32.460  71.125 0.1250000000
38813  -2.992  -33.234  70.704 0.1250000000
39623  -2.687  -32.518  70.235 0.1250000000
50916  -31.791  -20.737  73.757 0.1250000000
39629  -2.656  -32.656  69.341 0.1250000000
38830  -3.064  -33.276  68.875 0.1250000000
50923  -33.152  -20.759  72.784 0.1250000000
50015  -32.263  -21.141  73.032 0.1250000000
39635  -2.479  -32.652  68.446 0.1250000000
38843  -2.983  -33.383  67.964 0.1250000000
138387  -3.387  -33.129  66.457 0.1250000000
51753  -30.568  -18.937  75.265 0.1250000000
137796  -1.857  -30.636  75.547 0.2500000000
41267  -1.931  -30.417  74.835 0.2500000000
42256  -1.866  -29.485  74.572 0.2500000000
130785  -2.474  -31.791  71.545 0.1250000000
138447  -32.604  -20.611  73.342 0.2500000000
50917  -33.188  -20.116  73.340 0.2500000000
134653  -2.327  -30.266  72.980 0.2500000000
128407  -2.449  -31.496  70.659 0.1250000000
50924  -33.800  -20.586  72.323 0.2500000000
39643  -2.536  -32.689  67.552 0.1250000000
39652  -3.340  -32.678  65.979 0.1250000000
39665  -3.952  -32.324  65.287 0.1250000000
40540  -3.682  -31.844  64.541 0.1250000000
39682  -4.326  -32.008  64.452 0.1250000000
40550  -4.054  -31.522  63.624 0.1250000000
40549  -3.505  -31.148  62.902 0.1250000000
40561  -4.184  -31.082  62.566 0.1250000000
41376  -3.217  -30.844  61.963 0.1250000000
41371  -2.712  -30.655  62.948 0.1250000000
50912  -32.458  -20.004  73.853 0.3750000000
117454  -34.499  -20.209  72.223 0.5000000000
50929  -35.093  -20.133  71.034 0.3750000000
51769  -35.092  -19.948  71.753 0.5000000000
43240  -1.787  -28.479  74.232 0.2500000000
42260  -2.028  -29.474  73.604 0.2500000000
41283  -2.488  -30.198  72.008 0.2500000000
41292  -2.447  -30.485  71.075 0.1250000000
50935  -35.294  -20.503  70.398 0.2500000000
124161  -1.960  -28.698  73.127 0.2500000000
121717  -2.492  -29.355  71.891 0.2500000000
122879  -2.487  -29.791  71.342 0.2500000000
40489  -2.327  -31.220  69.655 0.1250000000
40496  -1.898  -31.073  68.942 0.1250000000
117402  -1.566  -31.790  68.067 0.1250000000
129570  -2.843  -32.768  66.681 0.1250000000
118776  -2.762  -32.157  66.200 0.1250000000
134328  -3.267  -32.114  65.397 0.1250000000
122552  -3.191  -31.229  63.807 0.1250000000
125579  -2.188  -29.569  63.301 0.1250000000
41382  -3.696  -30.498  61.068 0.1250000000
41381  -2.706  -30.075  61.205 0.1250000000
41375  -2.297  -29.932  62.247 0.1250000000
43353  -2.127  -27.781  61.996 0.1250000000
51776  -35.600  -19.851  70.755 0.3750000000
50936  -35.860  -20.189  70.123 0.2500000000
43246  -1.840  -27.725  73.520 0.2500000000
133564  -2.326  -28.862  72.385 0.2500000000
133306  -2.422  -29.771  70.556 0.2500000000
137297  -2.246  -30.052  70.002 0.3750000000
41309  -2.136  -30.323  69.462 0.1250000000
40495  -0.920  -30.783  68.127 0.1250000000
51783  -36.511  -19.778  69.831 0.2500000000
43251  -2.306  -27.991  72.501 0.2500000000
44184  -2.692  -27.829  71.783 0.2500000000
43274  -2.645  -28.911  70.332 0.2500000000
41318  -1.699  -30.220  68.794 0.1250000000
125641  -2.201  -31.971  67.088 0.1250000000
42299  -2.155  -29.529  68.995 0.1250000000
40494  -1.140  -30.186  68.184 0.1250000000
41332  -1.278  -30.257  67.819 0.1250000000
40512  -2.279  -31.236  66.607 0.1250000000
41344  -2.148  -30.148  67.067 0.1250000000
40526  -2.777  -31.454  65.687 0.1250000000
125712  -3.018  -31.498  64.795 0.1250000000
119466  -2.585  -30.265  63.946 0.1250000000
42362  -1.846  -28.804  62.646 0.1250000000
138653  -2.077  -28.647  63.555 0.1250000000
116365  -2.691  -27.203  62.885 0.1250000000
43344  -2.192  -27.899  63.246 0.1250000000
44305  -3.389  -26.769  62.495 0.2500000000
51771  -36.085  -19.245  71.096 0.5000000000
51777  -36.267  -19.478  70.432 0.2500000000
44166  -2.089  -27.019  72.949 0.2500000000
44173  -2.630  -27.228  72.130 0.2500000000
43260  -2.888  -28.207  71.097 0.2500000000
44174  -2.899  -26.824  71.739 0.2500000000
44185  -3.228  -27.252  71.414 0.3750000000
43275  -3.048  -28.237  70.166 0.2500000000
43295  -2.617  -28.803  69.354 0.2500000000
42315  -1.804  -29.706  68.300 0.1250000000
44198  -3.694  -27.574  70.842 0.3750000000
43296  -3.125  -28.238  69.367 0.2500000000
42330  -2.204  -29.479  67.743 0.1250000000
43310  -2.912  -28.467  68.611 0.2500000000
41356  -2.577  -30.441  66.105 0.1250000000
134302  -2.733  -30.656  65.238 0.1250000000
121889  -2.592  -29.223  67.129 0.2500000000
42341  -2.635  -29.440  66.404 0.1250000000
41366  -2.811  -30.768  64.499 0.1250000000
42351  -2.608  -29.705  65.587 0.1250000000
122970  -2.595  -29.923  64.809 0.1250000000
134703  -2.510  -29.161  65.107 0.1250000000
42356  -2.271  -29.106  64.304 0.1250000000
43328  -2.523  -28.437  64.996 0.1250000000
44277  -4.230  -27.401  64.674 0.2500000000
44290  -2.730  -27.593  63.938 0.2500000000
44278  -5.239  -27.367  64.602 0.2500000000
121410  -4.600  -27.253  63.952 0.2500000000
52568  -36.779  -18.719  70.690 0.5000000000
52574  -37.175  -19.010  69.887 0.3750000000
44244  -3.219  -27.984  66.415 0.2500000000
115722  -2.656  -28.794  65.748 0.2500000000
44259  -3.198  -27.773  65.599 0.2500000000
44243  -2.794  -28.094  65.726 0.2500000000
45274  -5.901  -27.299  66.154 0.2500000000
44260  -3.946  -27.583  65.491 0.2500000000
44275  -2.751  -27.857  64.876 0.2500000000
44276  -3.262  -27.516  64.728 0.2500000000
43335  -2.338  -28.104  64.181 0.2500000000
44261  -5.012  -27.529  65.542 0.2500000000
45275  -6.435  -26.728  65.714 0.2500000000
46236  -6.821  -25.870  65.714 0.2500000000
122147  -6.478  -26.898  64.932 0.2500000000
47177  -6.816  -24.707  65.680 0.2500000000
45276  -6.968  -26.422  65.025 0.2500000000
48093  -7.022  -23.976  65.166 0.2500000000
52569  -37.549  -18.088  70.243 0.5000000000
133286  -37.964  -17.883  68.755 0.2500000000
121100  -37.833  -18.273  69.518 0.2500000000
44233  -4.495  -27.747  67.241 0.2500000000
131944  -3.754  -27.953  67.008 0.2500000000
44245  -3.955  -27.756  66.337 0.2500000000
44246  -5.101  -27.573  66.578 0.2500000000
44234  -5.428  -27.388  67.611 0.2500000000
45262  -6.335  -26.689  66.694 0.2500000000
45261  -5.954  -27.134  67.095 0.2500000000
48092  -5.282  -23.165  66.028 0.2500000000
47168  -6.148  -24.269  66.656 0.2500000000
46230  -6.595  -25.934  66.395 0.2500000000
47176  -6.078  -23.923  66.122 0.2500000000
47169  -6.545  -24.996  66.191 0.2500000000
116063  -6.101  -23.444  65.570 0.2500000000
49111  -4.996  -21.596  65.070 0.2500000000
117939  -5.328  -22.166  65.096 0.2500000000
115965  -5.927  -22.816  65.041 0.2500000000
48052  -4.188  -23.761  67.781 0.2500000000
45244  -6.135  -26.856  67.958 0.2500000000
48068  -3.756  -22.959  67.142 0.2500000000
132137  -5.035  -24.054  67.906 0.2500000000
45245  -6.348  -26.602  67.445 0.2500000000
48082  -4.590  -23.006  66.536 0.2500000000
47162  -5.818  -24.192  67.441 0.2500000000
46223  -6.555  -25.940  67.279 0.2500000000
48091  -4.742  -22.527  66.010 0.2500000000
49095  -5.313  -22.672  65.566 0.2500000000
49094  -4.857  -21.987  65.569 0.2500000000
133944  -43.441  1.412  55.717 0.2500000000
70992  -43.101  1.500  58.327 0.2500000000
71005  -43.344  1.456  57.418 0.2500000000
71016  -41.948  1.049  56.384 0.2500000000
71017  -42.657  1.291  56.856 0.2500000000
117693  -43.428  1.438  56.506 0.2500000000
70032  -41.210  0.631  55.907 0.2500000000
71026  -42.724  1.272  55.958 0.2500000000
70033  -42.034  0.891  55.365 0.2500000000
71034  -42.989  1.204  55.022 0.2500000000
133397  -41.803  0.715  54.790 0.2500000000
70041  -42.295  0.807  54.473 0.2500000000
70053  -42.618  0.702  53.636 0.2500000000
69969  -40.149  0.287  62.493 0.3750000000
69971  -41.401  0.604  61.479 0.3750000000
69987  -42.122  0.852  61.223 0.3750000000
70973  -42.807  1.287  61.073 0.3750000000
69986  -41.571  0.674  60.491 0.2500000000
70972  -42.324  1.059  60.294 0.2500000000
121875  -43.150  1.519  60.153 0.3750000000
131506  -43.716  1.679  59.656 0.2500000000
128166  -42.493  1.203  59.442 0.2500000000
123730  -43.132  1.535  59.209 0.2500000000
69999  -41.788  0.794  59.591 0.2500000000
136738  -42.596  1.276  58.767 0.2500000000
70991  -42.282  1.156  58.119 0.2500000000
70018  -41.420  0.795  57.956 0.2500000000
71003  -41.984  1.148  57.304 0.2500000000
70025  -41.298  0.779  56.916 0.2500000000
70040  -41.552  0.625  54.277 0.2500000000
136888  -42.054  0.670  53.967 0.2500000000
70069  -42.428  0.545  52.797 0.2500000000
70067  -40.949  0.223  52.381 0.2500000000
70068  -41.688  0.425  52.584 0.2500000000
121998  -51.136  2.315  47.122 0.2500000000
72013  -50.619  2.782  45.698 0.2500000000
75464  -48.553  6.553  45.210 0.2500000000
72855  -51.417  3.350  45.569 0.2500000000
76379  -49.817  7.298  45.368 0.3750000000
75474  -48.487  6.413  44.175 0.2500000000
75465  -49.132  6.926  45.500 0.2500000000
75475  -49.216  6.861  44.737 0.3750000000
76387  -50.007  7.176  44.386 0.3750000000
75483  -49.383  6.770  43.783 0.3750000000
137041  -50.674  7.493  44.103 0.3750000000
76393  -50.247  7.118  43.390 0.3750000000
76401  -50.055  6.984  42.440 0.3750000000
136765  -51.741  8.047  43.886 0.3750000000
135073  -52.356  8.325  43.698 0.2500000000
76402  -50.822  7.329  42.649 0.3750000000
76403  -51.559  7.627  42.754 0.3750000000
76395  -51.848  7.872  43.310 0.3750000000
76410  -50.602  7.247  41.832 0.3750000000
76404  -52.366  7.980  42.714 0.2500000000
76411  -51.206  7.484  41.374 0.2500000000
132276  -51.329  7.490  42.097 0.2500000000
76412  -51.999  7.704  41.737 0.2500000000
76421  -51.735  7.652  40.968 0.2500000000
76420  -51.171  7.561  40.722 0.2500000000
76430  -51.713  7.791  40.177 0.2500000000
84794  -3.748  17.256  68.161 0.3750000000
83998  -5.387  16.998  66.917 0.3750000000
83999  -5.949  16.843  66.645 0.3750000000
84819  -6.961  17.420  65.989 0.2500000000
79912  -53.757  11.684  36.486 0.3750000000
79913  -54.730  11.775  36.569 0.3750000000
121614  -54.238  12.369  36.520 0.3750000000
85548  -3.142  18.545  68.857 0.3750000000
124072  -3.379  17.845  68.515 0.3750000000
84804  -3.757  17.939  67.945 0.3750000000
84805  -4.329  17.582  67.549 0.3750000000
84806  -5.083  17.561  67.081 0.3750000000
84817  -5.718  17.507  66.731 0.3750000000
86304  -5.994  18.816  66.930 0.2500000000
84818  -6.362  17.455  66.390 0.2500000000
85577  -7.317  18.165  65.796 0.2500000000
120076  -3.096  19.306  69.253 0.3750000000
125566  -3.393  19.400  68.527 0.3750000000
128751  -3.798  20.037  68.219 0.3750000000
85555  -3.559  18.569  68.179 0.3750000000
86292  -3.907  19.261  67.907 0.3750000000
86293  -4.639  19.163  67.547 0.3750000000
128179  -4.482  19.981  67.821 0.2500000000
85556  -4.108  18.472  67.681 0.3750000000
126842  -5.331  19.901  67.522 0.2500000000
85557  -4.818  18.335  67.293 0.3750000000
85569  -5.506  18.216  66.936 0.3750000000
86306  -7.223  18.966  66.237 0.2500000000
86305  -6.578  18.958  66.625 0.2500000000
86314  -7.730  18.949  65.654 0.2500000000
125047  -8.340  18.928  65.113 0.2500000000
85578  -7.842  18.146  65.232 0.2500000000
87072  -3.409  20.301  70.597 0.3750000000
87071  -2.961  20.917  69.897 0.3750000000
128935  -2.792  20.790  69.092 0.3750000000
87080  -3.148  20.114  69.614 0.3750000000
86284  -3.124  20.079  68.928 0.3750000000
129387  -3.399  20.194  68.615 0.3750000000
87089  -3.569  20.788  68.410 0.3750000000
87098  -4.300  20.774  68.056 0.2500000000
87099  -5.139  20.740  67.740 0.2500000000
86295  -6.204  19.713  67.120 0.2500000000
87101  -6.890  20.653  67.111 0.2500000000
87111  -7.044  19.803  66.666 0.2500000000
134032  -7.518  20.626  66.532 0.2500000000
86307  -7.623  19.785  66.098 0.2500000000
89310  -6.943  24.058  75.388 0.3750000000
89311  -7.800  23.904  74.989 0.3750000000
88569  -2.694  22.864  72.027 0.3750000000
87881  -2.755  21.764  70.269 0.3750000000
87901  -2.739  21.486  68.820 0.3750000000
88600  -2.863  22.170  68.445 0.2500000000
127418  -3.498  22.184  68.096 0.3750000000
88610  -4.360  22.377  67.747 0.2500000000
88611  -5.389  22.298  67.511 0.2500000000
87100  -6.036  20.682  67.488 0.2500000000
88617  -5.931  22.940  67.081 0.1250000000
88612  -6.291  22.194  67.325 0.2500000000
87916  -6.614  21.456  67.320 0.1250000000
88613  -7.002  22.061  67.101 0.1250000000
129875  -7.394  21.474  66.816 0.2500000000
87926  -7.805  21.192  66.239 0.1250000000
87930  -8.100  21.313  65.560 0.1250000000
90009  -3.336  24.107  74.804 0.3750000000
90016  -4.407  24.690  74.378 0.3750000000
90017  -5.752  24.652  73.941 0.3750000000
90018  -7.078  24.580  74.052 0.3750000000
90035  -6.936  24.602  72.136 0.3750000000
90014  -2.170  25.028  73.949 0.3750000000
90025  -7.801  24.636  73.497 0.3750000000
90036  -7.823  24.621  72.115 0.3750000000
89318  -2.494  23.541  73.728 0.3750000000
90021  -2.085  24.690  73.470 0.3750000000
89317  -9.212  23.929  73.501 0.3750000000
90027  -9.175  24.375  72.803 0.3750000000
90033  -2.282  24.472  71.773 0.3750000000
123568  -10.289  24.428  71.395 0.3750000000
88575  -2.604  22.664  70.836 0.3750000000
136717  -2.392  24.045  70.861 0.3750000000
88588  -2.494  22.514  69.607 0.3750000000
89348  -2.395  23.368  69.303 0.2500000000
127026  -2.426  22.851  68.915 0.2500000000
89355  -2.485  23.450  68.616 0.3750000000
88609  -3.133  22.919  67.974 0.2500000000
89360  -3.229  23.776  67.558 0.2500000000
89361  -4.007  23.260  67.537 0.2500000000
89365  -3.877  23.994  67.148 0.2500000000
89362  -5.001  23.084  67.298 0.2500000000
89369  -7.199  23.012  66.140 0.1250000000
87929  -7.788  21.778  66.138 0.1250000000
88622  -7.708  22.407  65.681 0.1250000000
88628  -7.718  22.611  64.704 0.1250000000
88623  -8.125  21.898  64.987 0.1250000000
87121  -9.369  20.428  63.784 0.1250000000
90715  -3.369  25.232  74.046 0.3750000000
90022  -4.740  25.038  73.491 0.3750000000
90023  -5.692  24.903  73.046 0.3750000000
90726  -5.426  25.451  71.590 0.3750000000
90727  -6.333  24.979  71.336 0.3750000000
90024  -6.718  24.695  73.102 0.3750000000
124113  -2.247  25.483  71.154 0.3750000000
89347  -2.408  24.155  69.879 0.3750000000
90067  -2.446  24.741  68.586 0.2500000000
90072  -2.548  24.880  67.931 0.2500000000
90074  -3.388  24.485  67.077 0.2500000000
132447  -3.520  25.023  66.598 0.1250000000
90083  -4.759  25.014  65.705 0.1250000000
90079  -5.142  24.342  66.270 0.1250000000
89368  -6.401  23.471  66.340 0.1250000000
133622  -6.883  23.544  65.670 0.1250000000
89374  -7.344  23.172  65.266 0.1250000000
89381  -7.300  23.321  64.317 0.1250000000
88634  -7.626  22.691  63.818 0.1250000000
89395  -6.765  23.265  62.595 0.1250000000
88635  -8.006  22.092  63.364 0.1250000000
88642  -7.375  22.620  63.072 0.1250000000
87949  -7.688  22.000  62.709 0.1250000000
87961  -7.155  21.833  62.217 0.1250000000
90719  -3.988  25.664  73.118 0.3750000000
90720  -5.066  25.313  72.572 0.3750000000
90718  -2.861  26.060  73.578 0.3750000000
91415  -5.002  26.203  71.037 0.3750000000
90733  -5.809  25.640  70.493 0.3750000000
90020  -2.089  25.423  73.471 0.3750000000
90724  -1.751  26.370  72.875 0.3750000000
90732  -2.250  25.921  70.363 0.3750000000
90742  -2.395  25.483  69.200 0.3750000000
90763  -2.615  25.486  67.716 0.1250000000
90774  -2.911  25.731  66.749 0.1250000000
90783  -3.515  25.947  65.574 0.1250000000
90775  -3.271  25.578  66.346 0.1250000000
90082  -3.958  25.353  66.034 0.1250000000
90788  -3.743  26.285  64.757 0.1250000000
90784  -4.268  25.671  65.154 0.1250000000
90789  -4.382  26.039  64.093 0.1250000000
90785  -5.082  25.303  64.652 0.1250000000
89373  -6.372  24.034  65.527 0.1250000000
89380  -6.865  23.785  64.880 0.1250000000
117075  -5.043  25.608  63.771 0.1250000000
118754  -5.510  25.195  63.948 0.1250000000
90096  -6.079  24.747  63.699 0.1250000000
89387  -6.732  23.998  63.845 0.1250000000
89388  -7.129  23.322  63.418 0.1250000000
90795  -4.761  26.156  63.036 0.1250000000
90796  -5.507  25.425  63.135 0.1250000000
123230  -6.386  24.336  63.103 0.1250000000
116830  -5.294  25.941  62.477 0.1250000000
90800  -5.814  25.508  62.299 0.1250000000
121495  -6.304  25.073  61.876 0.1250000000
90100  -6.451  24.301  62.316 0.1250000000
89394  -6.665  23.833  62.934 0.1250000000
88650  -6.986  22.496  62.463 0.1250000000
90808  -6.117  25.837  61.615 0.1250000000
138288  -6.595  23.796  62.401 0.1250000000
89401  -6.543  23.149  61.835 0.1250000000
90809  -6.762  25.459  60.989 0.1250000000
90107  -6.686  24.488  61.382 0.1250000000
90815  -7.491  25.530  60.140 0.1250000000
91410  -3.552  26.506  72.789 0.3750000000
90725  -4.482  25.988  72.068 0.3750000000
91409  -2.529  26.999  73.235 0.3750000000
92083  -3.859  27.641  71.713 0.3750000000
92088  -4.527  27.382  70.836 0.3750000000
91408  -1.628  27.139  73.251 0.3750000000
91407  -1.575  26.934  73.147 0.3750000000
91421  -1.783  27.191  71.592 0.2500000000
91427  -2.294  26.431  69.641 0.2500000000
91441  -2.558  26.080  67.845 0.1250000000
91449  -2.843  26.396  66.550 0.1250000000
90782  -2.983  26.158  66.003 0.1250000000
91466  -3.334  26.879  64.452 0.1250000000
91458  -2.888  26.847  65.729 0.1250000000
131077  -3.754  26.595  64.016 0.1250000000
91471  -4.030  26.751  63.294 0.1250000000
91480  -5.078  26.680  62.117 0.1250000000
91484  -5.814  26.585  61.532 0.1250000000
91485  -6.422  26.310  61.125 0.1250000000
135898  -7.028  27.245  60.548 0.1250000000
91490  -7.055  26.446  60.528 0.1250000000
93462  -3.780  29.355  72.636 0.2500000000
94166  -4.431  30.323  72.959 0.1250000000
93458  -2.588  29.751  73.486 0.1250000000
93463  -4.856  29.965  72.009 0.2500000000
93466  -4.483  29.017  71.496 0.2500000000
92776  -3.050  28.564  73.215 0.3750000000
92777  -3.699  28.410  72.057 0.2500000000
92774  -2.084  28.867  73.427 0.2500000000
92080  -2.145  27.917  73.379 0.3750000000
91413  -3.469  27.182  72.530 0.3750000000
92779  -4.391  28.144  71.074 0.3750000000
92078  -1.269  27.564  73.175 0.3750000000
92772  -1.124  28.287  73.133 0.2500000000
92081  -1.264  27.758  72.586 0.3750000000
92778  -1.644  28.840  71.272 0.1250000000
124262  -1.982  28.400  70.255 0.1250000000
116908  -2.382  27.027  69.015 0.1250000000
92100  -2.320  27.938  69.115 0.1250000000
133809  -2.487  27.380  68.593 0.1250000000
92101  -2.652  27.759  68.199 0.1250000000
91442  -2.701  26.625  67.243 0.1250000000
92114  -2.905  27.259  66.412 0.1250000000
92122  -2.943  27.627  65.414 0.1250000000
91465  -2.948  27.196  64.945 0.1250000000
92130  -3.282  28.052  63.479 0.1250000000
91470  -3.514  27.221  63.653 0.1250000000
91479  -4.396  26.983  62.598 0.1250000000
138346  -4.669  27.742  62.079 0.1250000000
92144  -5.555  27.453  61.542 0.1250000000
115941  -6.282  28.250  61.196 0.1250000000
92145  -6.357  27.152  60.970 0.1250000000
92851  -6.819  27.769  60.748 0.1250000000
91491  -8.137  27.031  59.511 0.1250000000
91495  -7.765  26.334  59.781 0.1250000000
91496  -8.396  26.308  59.041 0.1250000000
93459  -3.426  29.998  73.404 0.1250000000
94163  -4.972  31.089  73.275 0.1250000000
94157  -2.637  30.682  73.366 0.1250000000
94753  -4.027  31.678  73.399 0.1250000000
93457  -1.844  29.627  73.310 0.1250000000
93456  -1.349  29.166  72.906 0.1250000000
93464  -1.649  29.670  71.381 0.1250000000
93470  -1.897  29.336  70.367 0.1250000000
94173  -2.264  30.854  69.848 0.1250000000
92787  -2.286  28.976  69.397 0.1250000000
94183  -2.450  30.430  68.910 0.1250000000
92802  -2.975  28.321  67.561 0.1250000000
131775  -2.962  29.136  67.592 0.1250000000
92808  -3.207  28.885  66.882 0.1250000000
130784  -3.146  28.046  66.853 0.1250000000
92816  -3.167  28.438  65.991 0.1250000000
92823  -2.859  28.433  64.970 0.1250000000
92836  -3.448  28.649  62.884 0.1250000000
93525  -3.887  29.284  62.677 0.1250000000
92837  -4.083  28.509  62.389 0.1250000000
137731  -4.458  29.138  62.346 0.1250000000
92838  -4.862  28.681  62.045 0.1250000000
93527  -5.930  29.764  62.100 0.1250000000
92845  -5.444  28.309  61.665 0.1250000000
93533  -5.582  29.034  61.814 0.1250000000
92852  -7.176  28.428  60.734 0.1250000000
120642  -7.560  27.092  60.116 0.1250000000
94757  -5.916  31.523  72.733 0.1250000000
94752  -3.038  31.805  73.119 0.1250000000
95282  -3.236  32.530  72.920 0.1250000000
94165  -2.059  31.057  72.494 0.1250000000
94756  -2.260  31.949  72.262 0.1250000000
95287  -2.469  32.660  71.950 0.1250000000
94159  -1.742  30.111  72.766 0.1250000000
118751  -2.030  31.620  71.760 0.1250000000
130094  -2.308  32.315  71.709 0.1250000000
95293  -2.756  32.992  70.107 0.1250000000
95820  -3.356  33.516  69.082 0.1250000000
93465  -1.897  30.277  70.606 0.1250000000
118036  -2.297  31.649  70.192 0.1250000000
124711  -2.675  32.477  69.292 0.1250000000
95827  -3.401  33.281  68.258 0.1250000000
94771  -2.452  31.581  69.054 0.1250000000
95301  -2.684  32.238  68.322 0.1250000000
95309  -3.068  32.609  67.848 0.1250000000
95836  -3.523  33.007  67.381 0.1250000000
93481  -2.520  29.582  68.852 0.1250000000
137620  -2.422  30.848  68.189 0.1250000000
95308  -2.645  32.020  67.321 0.1250000000
122494  -3.075  32.370  66.970 0.1250000000
95317  -3.718  32.684  66.604 0.1250000000
117101  -2.865  29.831  67.060 0.1250000000
94190  -2.404  30.752  67.330 0.1250000000
94788  -2.754  31.737  66.491 0.1250000000
125038  -3.228  32.135  66.331 0.1250000000
95321  -3.784  32.230  65.908 0.1250000000
93496  -3.112  29.581  66.172 0.1250000000
137877  -2.997  29.753  64.711 0.1250000000
93508  -2.943  29.282  65.217 0.1250000000
93519  -3.121  29.649  64.016 0.1250000000
92829  -3.128  28.893  63.641 0.1250000000
93520  -3.407  29.476  63.241 0.1250000000
93521  -3.939  30.028  63.087 0.1250000000
94218  -4.801  30.590  63.221 0.1250000000
94219  -5.828  30.934  63.032 0.1250000000
94224  -5.417  30.183  62.607 0.1250000000
94226  -7.008  30.944  62.349 0.1250000000
94810  -7.009  31.657  62.721 0.1250000000
95333  -7.369  32.308  62.533 0.1250000000
94816  -7.504  31.603  62.114 0.1250000000
137590  -5.906  28.699  61.540 0.1250000000
93534  -6.366  29.238  61.538 0.1250000000
94232  -7.567  30.725  61.630 0.1250000000
93535  -7.239  29.737  61.331 0.1250000000
94233  -8.190  30.991  61.092 0.1250000000
92846  -6.914  28.984  61.077 0.1250000000
93536  -8.040  30.192  60.847 0.1250000000
92153  -7.450  27.793  60.397 0.1250000000
93543  -7.628  29.238  60.744 0.1250000000
92154  -8.046  27.723  59.910 0.1250000000
92170  -8.760  27.136  58.813 0.1250000000
95803  -6.274  33.528  72.782 0.1250000000
95804  -7.036  33.393  72.445 0.1250000000
95289  -6.982  32.434  72.048 0.1250000000
95805  -3.824  34.110  72.235 0.1250000000
94754  -5.293  31.978  73.240 0.1250000000
94755  -6.307  32.235  72.759 0.1250000000
95809  -3.233  34.026  71.524 0.1250000000
95808  -2.819  33.538  70.916 0.1250000000
95812  -3.569  33.973  69.601 0.1250000000
95821  -3.726  33.898  68.650 0.1250000000
95828  -3.872  33.726  67.757 0.1250000000
95837  -4.164  33.430  66.930 0.1250000000
95841  -5.501  33.683  65.728 0.1250000000
95318  -4.605  32.979  66.048 0.1250000000
95843  -6.022  33.657  64.865 0.1250000000
94200  -2.623  30.705  66.423 0.1250000000
94795  -3.195  31.611  65.760 0.1250000000
94796  -3.785  31.768  65.352 0.1250000000
94799  -3.076  30.973  65.345 0.1250000000
95322  -4.432  32.253  65.312 0.1250000000
122956  -5.330  32.850  65.045 0.1250000000
94800  -3.476  31.219  64.993 0.1250000000
94801  -4.209  31.600  64.688 0.1250000000
95324  -4.858  32.142  64.713 0.1250000000
95326  -6.135  32.899  64.168 0.1250000000
95846  -6.430  33.779  63.975 0.1250000000
94213  -3.232  30.425  64.622 0.1250000000
94805  -3.760  30.875  64.229 0.1250000000
94806  -4.497  31.153  63.926 0.1250000000
95329  -6.046  32.167  63.801 0.1250000000
95330  -6.568  32.548  63.456 0.1250000000
95847  -6.957  33.789  63.256 0.1250000000
94217  -3.507  30.187  63.732 0.1250000000
121937  -4.046  30.576  63.595 0.1250000000
94807  -5.433  31.489  63.701 0.1250000000
94809  -6.380  31.737  63.248 0.1250000000
95332  -6.953  32.239  63.030 0.1250000000
120419  -7.570  32.953  62.340 0.1250000000
95339  -7.855  32.468  61.791 0.1250000000
94825  -8.602  31.570  60.872 0.1250000000
93544  -8.407  29.502  60.320 0.1250000000
131368  -8.681  30.223  60.323 0.1250000000
94240  -8.636  30.863  60.582 0.1250000000
92853  -8.045  28.551  60.260 0.1250000000
92171  -9.197  27.739  58.236 0.1250000000
95806  -4.685  34.294  72.455 0.1250000000
96401  -6.702  34.088  72.519 0.1250000000
96403  -4.107  34.542  71.771 0.1250000000
95286  -7.198  32.941  72.179 0.1250000000
95810  -7.601  33.457  71.522 0.1250000000
96409  -7.789  34.106  71.364 0.1250000000
94759  -7.340  32.452  71.404 0.1250000000
96406  -3.316  34.032  70.576 0.1250000000
96418  -4.108  34.449  69.145 0.1250000000
96427  -4.283  34.361  68.200 0.1250000000
95829  -4.552  34.175  67.334 0.1250000000
95838  -4.983  33.892  66.542 0.1250000000
96441  -6.264  34.611  64.468 0.1250000000
96444  -6.653  34.556  63.601 0.1250000000
96445  -7.208  34.514  62.881 0.1250000000
95857  -7.879  33.292  61.861 0.1250000000
95858  -8.389  33.124  61.299 0.1250000000
95347  -8.971  32.184  60.528 0.1250000000
94826  -9.049  31.467  60.264 0.1250000000
93553  -8.762  29.011  59.794 0.1250000000
94241  -9.090  30.719  59.981 0.1250000000
92859  -8.586  28.251  59.639 0.1250000000
96400  -5.724  34.286  72.617 0.1250000000
96404  -5.069  34.900  72.133 0.1250000000
97000  -6.125  34.884  72.368 0.1250000000
96408  -4.624  34.991  71.285 0.1250000000
96412  -4.572  34.986  69.698 0.1250000000
97011  -5.131  35.549  68.215 0.1250000000
97018  -5.413  35.420  67.303 0.1250000000
96435  -5.228  34.671  66.934 0.1250000000
96438  -5.663  34.473  66.180 0.1250000000
97035  -6.843  35.272  63.162 0.1250000000
95849  -7.541  33.740  62.465 0.1250000000
96451  -7.695  34.537  62.242 0.1250000000
128221  -8.202  34.132  61.552 0.1250000000
95867  -8.880  33.705  60.638 0.1250000000
93545  -9.043  29.856  59.755 0.1250000000
92868  -9.287  28.462  58.534 0.1250000000
97002  -5.594  35.418  72.127 0.1250000000
97003  -6.391  35.767  72.323 0.1250000000
125283  -5.420  35.989  71.935 0.1250000000
97005  -5.099  35.516  70.656 0.1250000000
97612  -5.532  36.310  70.000 0.1250000000
97615  -5.646  36.918  69.250 0.1250000000
125819  -5.555  37.123  68.233 0.1250000000
97624  -5.522  36.220  67.701 0.1250000000
124042  -5.750  36.088  66.759 0.1250000000
98205  -5.376  37.649  67.456 0.1250000000
120686  -5.642  36.919  67.097 0.1250000000
133318  -5.935  35.926  65.944 0.1250000000
97027  -5.970  35.154  65.705 0.1250000000
124490  -5.795  36.739  66.083 0.1250000000
97030  -6.067  35.107  65.013 0.1250000000
98210  -5.385  37.527  66.542 0.1250000000
138642  -5.861  36.332  65.555 0.1250000000
132102  -5.976  35.944  65.046 0.1250000000
97633  -6.119  36.071  64.149 0.1250000000
97034  -6.397  35.348  63.874 0.1250000000
97037  -6.457  36.041  63.367 0.1250000000
97038  -7.042  35.956  62.665 0.1250000000
128664  -7.990  35.094  61.810 0.1250000000
96458  -8.687  34.529  60.827 0.1250000000
95348  -9.296  32.055  59.944 0.1250000000
123076  -9.389  29.117  58.763 0.1250000000
94249  -9.397  30.530  59.252 0.1250000000
94835  -9.384  31.417  59.444 0.1250000000
97609  -5.408  36.201  71.141 0.1250000000
128340  -5.374  36.814  71.098 0.1250000000
98194  -5.389  37.352  70.349 0.1250000000
125327  -4.946  38.171  71.282 0.1250000000
98846  -4.852  38.376  70.115 0.1250000000
98841  -4.634  38.956  71.319 0.1250000000
99406  -5.467  39.701  71.585 0.1250000000
98197  -5.445  37.580  69.226 0.1250000000
99404  -4.331  39.678  71.285 0.1250000000
99981  -5.080  40.352  71.210 0.1250000000
135455  -5.119  38.188  68.478 0.1250000000
98850  -4.535  38.964  69.313 0.1250000000
134665  -3.890  40.086  70.770 0.1250000000
98866  -4.821  38.028  66.008 0.1250000000
98215  -5.308  37.360  65.573 0.1250000000
98220  -5.222  37.263  64.693 0.1250000000
98223  -5.423  37.242  64.069 0.1250000000
98214  -4.666  37.809  65.008 0.1250000000
97636  -5.985  36.839  63.620 0.1250000000
97639  -6.576  36.723  62.798 0.1250000000
97043  -7.683  35.883  62.014 0.1250000000
127886  -9.554  31.054  58.681 0.1250000000
120823  -9.704  31.143  57.704 0.1250000000
99407  -6.524  39.476  71.322 0.1250000000
99980  -4.302  40.266  71.132 0.1250000000
99983  -5.618  40.789  70.494 0.1250000000
99414  -3.815  39.720  69.370 0.1250000000
98861  -4.938  38.369  67.165 0.1250000000
98860  -4.519  39.039  68.229 0.1250000000
98870  -4.139  38.449  65.410 0.1250000000
98873  -4.219  38.424  64.520 0.1250000000
98874  -4.908  37.868  64.126 0.1250000000
98877  -5.258  38.435  63.479 0.1250000000
98880  -5.735  39.083  63.059 0.1250000000
98224  -5.575  37.657  63.540 0.1250000000
98881  -6.308  38.942  62.378 0.1250000000
98227  -6.197  37.499  62.936 0.1250000000
97640  -7.212  36.623  62.149 0.1250000000
98882  -6.787  38.356  61.900 0.1250000000
123228  -6.388  38.095  62.473 0.1250000000
98228  -6.810  37.465  62.200 0.1250000000
98234  -7.723  37.312  61.133 0.1250000000
97646  -7.738  36.571  61.504 0.1250000000
97044  -8.242  35.802  61.234 0.1250000000
97049  -8.702  35.281  60.507 0.1250000000
95868  -9.264  32.884  60.021 0.1250000000
94843  -9.583  31.779  58.495 0.1250000000
94852  -9.705  32.076  57.530 0.1250000000
120619  -4.338  39.085  67.311 0.1250000000
98865  -4.291  38.734  66.417 0.1250000000
98864  -3.495  39.058  65.849 0.1250000000
99428  -2.945  39.826  66.424 0.1250000000
98872  -3.449  38.875  64.889 0.1250000000
99439  -3.754  38.981  64.165 0.1250000000
99442  -4.262  39.261  63.709 0.1250000000
100015  -4.591  39.989  63.416 0.1250000000
138178  -5.588  39.599  63.097 0.1250000000
99443  -5.050  39.277  63.395 0.1250000000
98888  -7.262  38.718  61.282 0.1250000000
128130  -8.494  36.077  60.453 0.1250000000
96459  -9.051  34.544  60.157 0.1250000000
96477  -9.577  34.341  57.831 0.1250000000
123770  -9.468  33.212  59.027 0.1250000000
123700  -9.464  34.078  58.751 0.1250000000
95362  -9.592  32.631  58.283 0.1250000000
124594  -9.655  32.880  57.322 0.1250000000
99427  -2.366  40.165  65.975 0.1250000000
99432  -2.342  39.958  65.060 0.1250000000
99438  -2.956  39.506  64.463 0.1250000000
99441  -3.711  39.740  63.774 0.1250000000
100018  -5.387  40.063  63.104 0.1250000000
100019  -5.722  40.702  62.661 0.1250000000
98240  -8.052  37.469  60.374 0.1250000000
97653  -8.494  36.767  59.881 0.1250000000
97055  -8.802  35.883  59.773 0.1250000000
97050  -9.040  35.192  59.762 0.1250000000
131761  -9.455  34.885  58.469 0.1250000000
124443  -9.323  33.858  59.702 0.1250000000
100006  -2.131  40.569  65.557 0.1250000000
100013  -2.400  40.825  63.973 0.1250000000
98887  -6.822  39.114  61.705 0.1250000000
98239  -7.640  38.124  60.807 0.1250000000
100024  -6.340  40.645  62.141 0.1250000000
116961  -53.965  13.000  36.732 0.3750000000
33777  -8.142  -39.145  78.367 0.1250000000
50918  -33.908  -20.219  72.859 0.2500000000
32988  -10.110  -39.898  78.305 0.1250000000
34549  -7.322  -37.606  79.192 0.1250000000
36153  -5.681  -35.736  78.330 0.1250000000
52561  -35.910  -18.927  71.700 0.5000000000
70993  -43.796  1.695  58.960 0.2500000000
69970  -40.724  0.410  61.867 0.3750000000
72865  -51.480  3.603  44.552 0.2500000000
77328  -52.566  7.926  40.877 0.2500000000
131869  -53.108  8.431  39.602 0.2500000000
77345  -54.173  9.054  39.129 0.2500000000
86318  -8.694  19.744  64.832 0.2500000000
87933  -8.509  21.179  64.772 0.1250000000
87118  -8.393  20.535  65.155 0.2500000000
87940  -8.569  21.606  63.673 0.1250000000
88566  -2.871  22.904  73.000 0.3750000000
90010  -4.127  24.327  75.127 0.3750000000
90011  -5.205  24.450  75.037 0.3750000000
90012  -6.405  24.452  74.833 0.3750000000
89312  -8.427  23.638  74.589 0.3750000000
90019  -8.573  24.409  73.528 0.3750000000
89313  -2.204  24.259  73.926 0.3750000000
37028  -5.751  -35.529  77.551 0.1250000000
42250  -1.623  -29.714  75.442 0.2500000000
49110  -4.667  -21.305  65.167 0.2500000000
33006  -13.807  -40.270  76.417 0.1250000000
51770  -35.529  -19.628  71.390 0.5000000000
32996  -12.873  -40.981  78.082 0.1250000000
46222  -6.355  -25.158  67.892 0.2500000000
48090  -4.146  -22.294  66.501 0.2500000000
136857  -4.539  -22.113  66.000 0.2500000000
48069  -4.737  -23.565  67.222 0.2500000000
33004  -6.414  -40.768  76.740 0.1250000000
33789  -5.563  -39.801  75.689 0.1250000000
33790  -5.896  -39.053  76.058 0.1250000000
32089  -8.648  -40.593  77.203 0.1250000000
133815  -9.988  -41.209  76.949 0.1250000000
32099  -11.563  -41.585  77.176 0.1250000000
34583  -7.474  -38.407  73.859 0.1250000000
124333  -8.083  -37.213  74.252 0.1250000000
36177  -9.160  -36.388  73.075 0.1250000000
37049  -7.973  -35.499  73.909 0.1250000000
37936  -8.350  -34.533  72.945 0.1250000000
37065  -9.458  -35.427  71.896 0.1250000000
37066  -9.784  -35.358  71.052 0.1250000000
131693  -7.324  -39.118  78.377 0.1250000000
33781  -7.474  -39.915  78.143 0.1250000000
32085  -10.044  -40.600  77.505 0.1250000000
37983  -9.647  -34.355  69.562 0.1250000000
38848  -9.919  -33.194  67.883 0.1250000000
36162  -7.238  -36.237  76.337 0.1250000000
39647  -9.456  -32.648  67.591 0.1250000000
37961  -4.505  -34.415  70.724 0.1250000000
122795  -3.505  -33.457  72.946 0.1250000000
50900  -28.501  -21.138  75.462 0.1250000000
50905  -29.255  -20.510  75.383 0.1250000000
123791  -3.130  -33.353  73.932 0.1250000000
39601  -2.468  -32.608  73.870 0.1250000000
38805  -3.491  -33.708  71.250 0.1250000000
39610  -2.561  -32.411  72.006 0.1250000000
50910  -30.927  -19.937  74.821 0.1250000000
41272  -2.103  -30.327  73.922 0.1250000000
40462  -2.453  -31.583  72.306 0.1250000000
136686  -2.511  -31.962  69.778 0.1250000000
121716  -2.200  -31.946  69.037 0.1250000000
126930  -2.440  -30.855  72.432 0.2500000000
40472  -2.467  -31.057  71.665 0.1250000000
42265  -2.299  -29.505  72.668 0.2500000000
41302  -2.320  -30.563  70.230 0.2500000000
43259  -2.575  -28.561  71.790 0.2500000000
115206  -2.571  -29.085  71.166 0.2500000000
44291  -3.505  -27.111  63.708 0.2500000000
43309  -2.393  -29.038  68.448 0.2500000000
48070  -5.408  -23.632  66.613 0.2500000000
70052  -41.760  0.556  53.441 0.2500000000
76394  -51.168  7.608  43.484 0.3750000000
87891  -2.590  21.572  69.311 0.3750000000
88599  -2.520  22.212  68.879 0.3750000000
87902  -3.177  21.478  68.461 0.3750000000
87913  -3.966  21.524  68.138 0.3750000000
87914  -4.832  21.536  67.793 0.3750000000
87112  -7.951  20.568  65.859 0.2500000000
89321  -2.436  23.635  71.658 0.3750000000
88608  -2.629  22.858  68.490 0.2500000000
88618  -6.744  22.683  66.813 0.1250000000
89367  -5.509  23.636  66.688 0.1250000000
132254  -7.933  21.858  65.610 0.1250000000
127407  -2.617  24.997  74.228 0.3750000000
90015  -3.345  24.614  74.507 0.3750000000
90714  -2.389  25.490  73.847 0.3750000000
90713  -2.140  25.615  73.568 0.3750000000
90037  -8.666  24.590  72.071 0.3750000000
129272  -2.175  24.344  72.653 0.3750000000
90032  -2.044  25.084  72.792 0.3750000000
89333  -2.392  24.711  70.876 0.3750000000
90060  -2.410  24.671  69.263 0.3750000000
89359  -2.705  23.579  68.044 0.2500000000
90073  -2.813  24.437  67.600 0.1250000000
89366  -4.629  23.817  66.923 0.1250000000
88629  -8.135  22.119  64.136 0.1250000000
116493  -1.978  26.355  71.714 0.3750000000
134468  -2.077  26.646  70.682 0.3750000000
90753  -2.477  25.452  68.280 0.1250000000
89372  -5.865  24.088  66.102 0.1250000000
90717  -2.120  26.201  73.401 0.3750000000
90716  -1.942  26.221  73.260 0.3750000000
91412  -1.513  27.056  72.707 0.3750000000
90084  -5.640  24.602  65.352 0.1250000000
90089  -6.301  24.381  64.628 0.1250000000
90801  -6.082  24.876  62.748 0.1250000000
92082  -3.191  27.774  72.878 0.3750000000
92079  -1.373  28.090  73.330 0.3750000000
92094  -2.101  27.369  70.215 0.2500000000
92087  -1.674  27.998  71.395 0.2500000000
91433  -2.426  26.214  68.642 0.1250000000
92106  -2.542  26.905  68.108 0.1250000000
92131  -3.778  27.674  62.773 0.1250000000
94167  -5.459  30.778  72.517 0.1250000000
93460  -1.592  29.747  72.280 0.1250000000
92775  -1.332  28.522  72.335 0.2500000000
92795  -2.677  28.782  68.398 0.1250000000
92107  -2.835  27.428  67.403 0.1250000000
94164  -1.783  30.575  71.792 0.1250000000
93471  -2.219  29.903  69.616 0.1250000000
93488  -2.674  29.901  68.038 0.1250000000
94223  -4.572  29.786  62.667 0.1250000000
94231  -6.770  30.143  61.943 0.1250000000
95283  -4.364  32.702  73.207 0.1250000000
132761  -2.712  32.891  72.264 0.1250000000
95801  -3.363  33.423  72.447 0.1250000000
95290  -2.497  32.848  71.158 0.1250000000
95288  -2.691  33.314  71.707 0.1250000000
94169  -2.037  31.220  70.885 0.1250000000
94763  -2.488  32.329  70.149 0.1250000000
95294  -3.149  33.487  69.942 0.1250000000
130280  -5.377  33.773  72.882 0.1250000000
95284  -5.645  32.937  73.163 0.1250000000
96407  -3.842  34.524  70.973 0.1250000000
96411  -3.897  34.498  70.100 0.1250000000
96440  -5.973  34.407  65.378 0.1250000000
96410  -8.087  34.348  70.902 0.1250000000
96419  -4.694  34.945  68.697 0.1250000000
118775  -5.140  35.344  71.715 0.1250000000
120858  -4.428  34.874  70.524 0.1250000000
128623  -5.510  36.252  68.739 0.1250000000
99409  -4.194  39.457  70.479 0.1250000000
98843  -5.851  38.862  72.012 0.1250000000
47121  -20.203  -23.870  73.059 0.1250000000
46182  -20.156  -25.016  72.010 0.1250000000
48019  -20.393  -23.196  72.548 0.1250000000
44216  -20.417  -28.108  69.925 0.1250000000
45190  -20.061  -26.084  71.028 0.1250000000
45211  -19.818  -26.067  70.166 0.1250000000
50942  -36.277  -20.400  69.333 0.1250000000
137522  -36.304  -20.788  68.704 0.1250000000
50070  -36.815  -20.936  68.121 0.1250000000
50082  -37.228  -21.133  67.327 0.1250000000
125106  -37.267  -21.253  66.388 0.1250000000
123372  -37.439  -20.552  65.778 0.1250000000
51784  -37.207  -19.744  69.201 0.1250000000
50943  -37.093  -20.388  68.621 0.1250000000
50948  -37.676  -20.479  67.833 0.1250000000
51793  -38.059  -19.817  67.520 0.1250000000
50952  -37.775  -20.554  66.922 0.1250000000
130196  -36.808  -20.154  65.059 0.1250000000
52578  -37.930  -18.975  68.996 0.1250000000
51791  -37.920  -19.791  68.385 0.1250000000
51807  -36.355  -19.630  64.846 0.1250000000
126344  -38.094  -19.027  68.138 0.1250000000
126653  -37.844  -18.337  67.882 0.1250000000
51799  -37.871  -19.769  66.500 0.1250000000
52588  -37.923  -19.024  67.244 0.1250000000
51804  -37.190  -19.655  65.505 0.1250000000
122659  -37.479  -18.863  66.169 0.1250000000
116227  -36.624  -19.027  65.280 0.1250000000
119214  -35.882  -19.082  64.576 0.1250000000
127372  -37.558  -18.136  67.109 0.1250000000
128785  -37.719  -17.480  67.872 0.2500000000
128030  -37.161  -18.045  66.356 0.1250000000
52600  -36.209  -18.477  65.093 0.1250000000
51812  -35.789  -19.640  64.105 0.1250000000
52606  -35.715  -18.558  64.225 0.1250000000
53459  -36.709  -17.653  65.772 0.1250000000
53472  -36.068  -17.829  64.840 0.1250000000
53458  -36.428  -16.850  65.380 0.1250000000
54443  -37.054  -16.671  66.076 0.2500000000
133982  -35.685  -16.503  64.378 0.1250000000
55395  -35.637  -15.757  64.234 0.2500000000
56309  -35.587  -15.105  63.703 0.2500000000
62751  -44.950  -7.967  53.210 0.1250000000
121192  -44.003  -6.813  52.677 0.1250000000
63663  -44.547  -6.216  53.029 0.1250000000
62741  -45.561  -7.371  53.571 0.2500000000
63651  -45.359  -6.522  53.485 0.1250000000
65509  -43.563  -4.373  52.463 0.1250000000
66403  -43.670  -3.533  51.855 0.1250000000
66404  -44.344  -3.063  52.161 0.1250000000
66409  -44.111  -2.997  51.061 0.1250000000
64601  -45.868  -5.964  53.934 0.1250000000
64600  -45.090  -5.650  53.432 0.1250000000
65510  -44.212  -4.328  52.906 0.1250000000
65504  -45.615  -5.086  53.841 0.1250000000
45191  -20.100  -27.153  70.519 0.1250000000
50941  -35.535  -20.792  69.711 0.1250000000
46188  -20.113  -25.127  71.280 0.1250000000
129930  -20.054  -27.101  69.587 0.1250000000
50069  -35.970  -21.154  68.346 0.1250000000
119044  -36.818  -18.432  65.711 0.1250000000
64606  -44.173  -5.210  52.954 0.1250000000
134225  -43.397  -5.175  52.553 0.1250000000
42385  -4.641  -29.007  60.147 0.1250000000
42386  -5.416  -29.079  59.526 0.1250000000
43385  -5.809  -28.626  59.293 0.1250000000
133561  -4.336  -28.053  60.803 0.1250000000
44325  -4.830  -27.823  60.617 0.1250000000
115377  -5.592  -28.037  59.580 0.1250000000
44326  -5.529  -27.525  60.154 0.1250000000
45320  -4.957  -26.901  62.002 0.1250000000
45334  -4.371  -27.092  61.277 0.1250000000
45336  -6.405  -26.825  61.248 0.1250000000
45348  -5.913  -27.181  60.673 0.1250000000
44294  -6.132  -27.004  63.703 0.1250000000
47178  -7.408  -24.755  64.923 0.1250000000
46244  -7.670  -25.337  64.411 0.1250000000
45289  -7.428  -26.123  64.357 0.1250000000
45322  -7.112  -26.439  62.255 0.1250000000
46250  -7.807  -25.673  63.750 0.1250000000
46265  -7.940  -25.911  61.926 0.1250000000
46251  -8.318  -25.190  63.345 0.1250000000
46257  -8.553  -25.326  62.498 0.1250000000
47182  -7.828  -24.624  64.300 0.1250000000
47183  -8.310  -24.526  63.742 0.1250000000
49114  -7.703  -23.168  64.234 0.1250000000
48126  -8.378  -23.113  63.701 0.1250000000
48094  -7.527  -24.170  64.629 0.1250000000
47188  -8.911  -24.488  63.032 0.1250000000
50101  -5.257  -21.659  64.597 0.1250000000
49113  -6.872  -22.795  64.543 0.1250000000
49129  -7.638  -22.547  63.933 0.1250000000
49127  -5.840  -21.652  63.992 0.1250000000
49128  -6.778  -22.071  64.023 0.1250000000
50111  -7.573  -21.860  63.481 0.1250000000
50110  -6.669  -21.426  63.455 0.1250000000
118849  -5.647  -21.074  63.345 0.1250000000
50116  -6.499  -20.855  62.752 0.1250000000
50974  -4.679  -20.668  63.391 0.2500000000
55435  -3.820  -15.971  60.432 0.1250000000
55447  -4.067  -15.134  59.547 0.1250000000
134044  -5.174  -16.453  59.297 0.1250000000
54519  -5.482  -15.947  58.774 0.1250000000
54539  -6.288  -16.255  58.425 0.1250000000
56361  -5.423  -14.179  58.325 0.1250000000
55459  -5.116  -15.014  58.751 0.1250000000
55460  -6.742  -15.784  57.914 0.1250000000
54556  -7.346  -16.141  57.540 0.1250000000
120969  -7.914  -11.129  60.311 0.1250000000
132987  -8.667  -10.603  60.054 0.1250000000
58997  -6.793  -11.273  58.111 0.1250000000
58998  -7.564  -11.018  57.831 0.1250000000
60797  -9.012  -9.184  62.023 0.1250000000
61724  -9.080  -8.319  61.947 0.1250000000
59824  -8.087  -11.128  61.497 0.1250000000
121881  -8.705  -10.512  60.914 0.1250000000
136333  -9.372  -8.917  61.521 0.1250000000
59838  -9.332  -10.048  60.495 0.1250000000
62634  -8.643  -7.715  62.339 0.1250000000
63557  -8.492  -7.062  61.965 0.1250000000
60788  -8.565  -9.502  62.765 0.2500000000
59814  -8.278  -10.546  62.485 0.1250000000
59825  -8.695  -10.112  61.833 0.1250000000
62627  -7.771  -7.298  63.413 0.2500000000
63556  -8.007  -6.656  62.219 0.1250000000
69040  -37.241  -0.903  61.325 0.2500000000
69058  -37.705  -0.644  60.610 0.2500000000
69060  -39.289  -0.214  61.104 0.2500000000
69984  -40.032  0.131  61.439 0.2500000000
69985  -40.719  0.369  60.737 0.2500000000
77893  -8.743  9.202  80.506 0.2500000000
77894  -9.452  9.172  80.681 0.2500000000
128554  -9.921  9.949  80.623 0.2500000000
77903  -11.010  9.915  80.432 0.2500000000
77019  -7.254  8.222  80.389 0.2500000000
133831  -49.558  6.767  42.985 0.2500000000
76429  -51.139  7.903  39.410 0.1250000000
78742  -8.932  11.226  79.545 0.2500000000
118215  -52.268  8.639  38.506 0.1250000000
77336  -53.788  8.701  39.751 0.1250000000
135249  -52.039  9.106  37.681 0.1250000000
77344  -53.264  8.725  38.887 0.1250000000
79077  -50.692  10.834  36.514 0.1250000000
78219  -52.982  9.222  37.896 0.1250000000
78730  -7.656  10.045  79.783 0.2500000000
78246  -53.078  9.887  37.124 0.1250000000
125245  -51.406  11.225  36.502 0.1250000000
78245  -52.307  10.102  36.779 0.1250000000
78220  -53.764  9.207  38.435 0.1250000000
79078  -52.179  10.905  36.512 0.1250000000
80740  -50.278  12.540  37.098 0.1250000000
123220  -51.306  11.932  36.559 0.1250000000
81627  -50.764  13.564  38.647 0.1250000000
78234  -53.987  9.750  37.764 0.1250000000
79079  -52.957  10.595  36.658 0.1250000000
80741  -51.120  12.510  36.877 0.1250000000
79910  -52.120  11.736  36.505 0.1250000000
80747  -53.066  12.328  36.615 0.1250000000
78749  -7.539  10.979  78.098 0.2500000000
81641  -52.487  12.903  36.965 0.1250000000
81642  -53.195  13.216  37.119 0.2500000000
120754  -52.328  14.288  39.112 0.1250000000
82499  -51.834  15.360  41.662 0.1250000000
82501  -53.118  14.974  39.693 0.2500000000
83338  -53.198  15.601  40.883 0.2500000000
84277  -56.770  16.100  34.250 0.2500000000
115029  -7.948  11.403  77.296 0.2500000000
82503  -53.908  15.014  39.155 0.2500000000
84171  -52.856  17.095  42.233 0.2500000000
82557  -53.225  14.849  32.664 0.2500000000
137120  -53.408  14.876  33.362 0.2500000000
82566  -53.020  15.208  31.752 0.2500000000
82556  -52.341  14.659  32.496 0.2500000000
83443  -52.599  15.647  30.999 0.2500000000
84322  -51.892  16.396  29.700 0.1250000000
84336  -51.247  16.810  29.305 0.1250000000
83324  -53.800  16.394  41.198 0.2500000000
83357  -55.171  16.396  39.182 0.2500000000
84202  -55.012  17.474  39.352 0.2500000000
84172  -53.400  17.207  41.629 0.2500000000
85003  -53.943  17.220  40.851 0.2500000000
84217  -54.022  17.505  38.867 0.1250000000
82546  -52.655  14.645  33.279 0.2500000000
83442  -51.655  15.471  31.086 0.2500000000
79601  -7.725  11.787  75.143 0.2500000000
79602  -8.253  11.958  74.766 0.2500000000
80403  -8.834  12.117  74.769 0.2500000000
78029  -4.079  10.060  62.767 0.2500000000
84249  -54.213  17.209  37.016 0.2500000000
83394  -52.787  15.520  36.022 0.2500000000
82531  -52.616  14.896  34.697 0.2500000000
82545  -52.164  14.570  33.954 0.2500000000
82532  -53.078  14.866  34.007 0.2500000000
120467  -50.882  14.451  33.214 0.2500000000
120046  -51.777  14.442  33.214 0.2500000000
82563  -50.147  15.140  31.966 0.2500000000
82555  -51.432  14.586  32.500 0.2500000000
83440  -49.803  15.827  31.495 0.2500000000
83441  -50.684  15.545  31.248 0.1250000000
82564  -51.069  14.942  31.823 0.2500000000
84320  -49.637  17.002  30.498 0.1250000000
83456  -50.206  16.163  30.785 0.1250000000
83457  -51.255  15.953  30.504 0.1250000000
133942  -50.198  17.020  29.748 0.1250000000
84321  -50.703  16.461  30.064 0.1250000000
85109  -50.425  17.471  29.150 0.1250000000
80419  -7.193  12.833  73.992 0.2500000000
80420  -7.900  12.605  73.657 0.2500000000
80412  -8.440  12.253  74.185 0.2500000000
80421  -8.732  12.562  73.473 0.2500000000
80413  -9.381  12.383  74.235 0.2500000000
78857  -5.464  10.603  62.259 0.2500000000
81305  -7.549  13.232  73.371 0.2500000000
81306  -8.183  12.983  72.952 0.2500000000
83057  -7.900  15.536  71.481 0.2500000000
82203  -8.119  14.156  72.055 0.2500000000
81329  -8.896  13.941  71.595 0.2500000000
81315  -9.300  13.286  72.139 0.2500000000
80428  -8.972  12.894  72.749 0.2500000000
83078  -12.076  15.329  69.344 0.2500000000
82236  -9.216  15.336  70.292 0.2500000000
83065  -10.040  15.032  70.002 0.2500000000
83077  -11.260  15.171  69.523 0.2500000000
83960  -8.596  16.063  70.333 0.2500000000
115080  -8.338  17.737  70.956 0.2500000000
122629  -8.337  16.868  70.557 0.2500000000
82221  -8.340  14.732  71.449 0.2500000000
123462  -8.997  14.643  70.945 0.2500000000
82223  -10.363  13.977  71.075 0.2500000000
84787  -9.229  17.338  69.590 0.2500000000
85536  -8.876  18.282  70.559 0.2500000000
86270  -9.100  19.108  70.884 0.2500000000
122134  -9.349  18.753  69.948 0.2500000000
137189  -9.854  18.056  68.774 0.2500000000
85549  -10.273  18.555  68.449 0.2500000000
86271  -9.509  19.663  70.350 0.2500000000
86277  -9.803  19.439  69.551 0.2500000000
87082  -10.553  20.616  69.519 0.2500000000
87090  -10.859  20.074  68.677 0.2500000000
83076  -10.449  15.421  69.520 0.2500000000
83075  -9.737  15.737  69.656 0.2500000000
83969  -8.894  16.702  69.933 0.2500000000
84795  -9.741  17.383  68.963 0.2500000000
83980  -10.239  16.793  68.713 0.2500000000
84807  -10.373  17.658  68.310 0.2500000000
85558  -10.899  18.418  67.800 0.2500000000
86286  -11.424  19.649  67.766 0.2500000000
86265  -9.282  19.964  71.194 0.2500000000
87083  -11.286  21.047  69.115 0.2500000000
87091  -11.706  20.542  68.294 0.2500000000
87074  -10.262  20.955  70.296 0.2500000000
87892  -10.803  21.451  69.869 0.2500000000
87893  -11.470  21.771  69.624 0.2500000000
83981  -10.853  16.231  68.638 0.2500000000
83982  -11.692  16.378  68.246 0.2500000000
137384  -11.044  17.626  67.812 0.2500000000
84809  -12.467  17.472  67.376 0.2500000000
129735  -11.607  18.000  67.450 0.2500000000
87102  -12.239  20.152  67.570 0.2500000000
87884  -10.559  21.789  70.731 0.2500000000
87885  -11.175  22.190  70.371 0.2500000000
117391  -12.027  21.287  68.735 0.2500000000
87903  -12.832  21.758  68.626 0.2500000000
88590  -12.768  22.487  69.670 0.2500000000
83992  -12.261  16.761  67.778 0.2500000000
84808  -11.635  17.176  67.733 0.2500000000
85572  -13.088  19.074  66.808 0.2500000000
86298  -13.492  19.880  66.919 0.2500000000
87917  -13.337  21.203  67.822 0.2500000000
88576  -10.968  22.586  71.280 0.2500000000
88601  -13.386  22.333  68.922 0.2500000000
88589  -11.915  22.402  70.083 0.2500000000
88578  -12.413  23.144  70.623 0.2500000000
85573  -13.814  18.586  66.723 0.2500000000
86308  -14.020  19.245  66.665 0.2500000000
89320  -10.248  23.796  72.371 0.2500000000
90040  -11.398  24.141  71.276 0.2500000000
89323  -11.675  23.837  71.244 0.2500000000
90053  -8.908  24.721  71.192 0.2500000000
90745  -8.312  25.141  69.362 0.2500000000
90051  -7.209  24.719  71.287 0.2500000000
90734  -6.717  25.147  70.440 0.2500000000
90052  -8.052  24.731  71.266 0.2500000000
90736  -8.205  24.937  70.362 0.2500000000
136757  -5.845  25.955  69.813 0.2500000000
125494  -6.373  25.653  69.675 0.2500000000
119446  -5.350  26.363  70.044 0.2500000000
91434  -5.940  27.073  68.979 0.2500000000
91435  -6.594  26.661  68.579 0.2500000000
92788  -4.872  27.835  70.214 0.2500000000
92789  -5.444  28.330  69.677 0.2500000000
92095  -5.406  27.479  69.523 0.2500000000
92096  -5.959  27.876  69.034 0.2500000000
123479  -6.666  -19.384  60.781 0.1250000000
51830  -6.117  -19.698  61.255 0.1250000000
53532  -5.383  -17.167  59.563 0.1250000000
54518  -3.964  -15.973  59.912 0.1250000000
50983  -7.237  -20.705  62.350 0.1250000000
83323  -53.058  16.243  41.880 0.2500000000
83339  -54.075  15.751  40.281 0.2500000000
136380  -52.576  15.641  41.552 0.1250000000
55446  -3.756  -15.165  60.009 0.1250000000
55458  -4.459  -14.814  59.093 0.1250000000
57251  -4.817  -13.047  58.313 0.1250000000
69059  -38.488  -0.430  60.804 0.2500000000
62628  -8.302  -7.859  63.048 0.2500000000
69029  -36.881  -1.022  62.066 0.1250000000
121354  -51.243  9.033  37.440 0.1250000000
119142  -54.596  15.473  32.008 0.2500000000
85011  -53.936  17.454  40.209 0.1250000000
82525  -52.177  14.953  35.408 0.2500000000
82509  -53.318  13.797  37.836 0.2500000000
79694  -5.921  11.159  61.905 0.1250000000
83952  -8.027  16.193  70.959 0.2500000000
88572  -10.577  23.112  72.063 0.2500000000
129854  -7.478  -11.196  59.499 0.1250000000
78030  -5.033  9.997  62.592 0.1250000000
135892  -54.256  16.386  40.618 0.2500000000
53531  -4.483  -16.663  59.807 0.1250000000
79064  -53.745  10.418  36.985 0.1250000000
121390  -53.514  11.021  36.608 0.1250000000
45319  -4.119  -26.695  61.966 0.1250000000
44279  -6.054  -27.140  64.427 0.1250000000
44293  -5.384  -27.190  63.773 0.1250000000
44292  -4.472  -26.881  62.991 0.1250000000
45288  -6.789  -26.716  64.184 0.1250000000
46237  -7.285  -25.603  65.079 0.1250000000
48108  -6.608  -23.345  64.994 0.1250000000
49112  -5.930  -22.247  64.543 0.1250000000
126355  -7.324  -23.551  64.651 0.1250000000
43384  -5.156  -28.667  59.759 0.1250000000
44324  -3.792  -27.806  60.757 0.1250000000
45346  -4.310  -27.547  61.018 0.1250000000
45347  -5.056  -27.489  60.928 0.1250000000
44339  -6.103  -27.561  59.646 0.1250000000
45303  -5.587  -26.929  62.943 0.1250000000
45321  -6.002  -26.922  62.072 0.1250000000
45335  -5.393  -27.145  61.278 0.1250000000
45337  -7.299  -26.366  61.239 0.1250000000
45304  -6.550  -26.747  63.112 0.1250000000
45305  -7.352  -26.313  63.467 0.1250000000
46245  -7.992  -25.071  63.922 0.1250000000
46256  -7.924  -25.847  62.907 0.1250000000
48109  -8.006  -23.865  64.150 0.1250000000
55448  -4.690  -15.722  59.275 0.1250000000
138665  -4.249  -15.891  59.648 0.1250000000
54520  -5.856  -16.750  58.982 0.1250000000
54540  -7.037  -16.581  58.134 0.1250000000
135546  -5.989  -15.234  58.247 0.1250000000
60806  -9.214  -9.690  61.296 0.1250000000
61723  -8.710  -8.509  62.610 0.2500000000
63551  -8.134  -7.150  62.662 0.1250000000
78232  -51.732  9.560  37.039 0.1250000000
78244  -51.409  10.295  36.617 0.1250000000
78233  -52.426  9.563  37.265 0.1250000000
81637  -50.938  13.069  37.610 0.1250000000
79911  -52.910  11.410  36.506 0.1250000000
80746  -51.966  12.399  36.706 0.1250000000
81640  -51.778  13.027  37.249 0.1250000000
124986  -51.739  13.608  38.301 0.1250000000
81629  -52.548  13.511  37.752 0.2500000000
139303  -53.054  14.252  38.591 0.2500000000
114896  -51.453  14.639  40.580 0.1250000000
132089  -52.289  14.897  40.409 0.1250000000
125598  -53.789  15.173  32.147 0.2500000000
82565  -52.007  14.918  31.734 0.2500000000
83458  -52.308  16.062  30.293 0.1250000000
82530  -51.657  14.628  34.678 0.2500000000
84335  -49.647  17.784  29.963 0.1250000000
126406  -49.449  18.136  30.885 0.1250000000
82246  -10.710  14.884  69.876 0.2500000000
86296  -12.181  19.374  67.174 0.2500000000
48949  -23.567  -21.883  77.054 0.1250000000
48957  -23.898  -22.089  76.202 0.1250000000
124226  -35.391  -16.463  63.996 0.1250000000
55406  -35.151  -15.942  63.670 0.1250000000
57234  -37.709  -13.575  60.572 0.1250000000
58163  -41.685  -12.965  56.287 0.1250000000
70031  -40.367  0.304  55.863 0.1250000000
70037  -38.954  -0.173  54.542 0.1250000000
70038  -39.841  0.144  54.894 0.1250000000
70039  -40.743  0.453  54.505 0.1250000000
130716  -38.849  -0.242  53.316 0.1250000000
70050  -39.383  -0.030  53.857 0.1250000000
116366  -41.127  0.376  53.060 0.1250000000
69153  -38.648  -0.334  52.555 0.1250000000
70065  -39.515  -0.116  52.962 0.1250000000
70066  -40.147  -0.009  52.262 0.1250000000
70084  -41.666  0.336  51.674 0.1250000000
69152  -37.762  -0.517  52.562 0.1250000000
137217  -38.789  -0.354  51.800 0.1250000000
70083  -40.760  0.097  51.546 0.1250000000
70094  -41.328  0.268  50.845 0.1250000000
70095  -42.134  0.464  50.848 0.1250000000
70096  -42.981  0.586  50.766 0.1250000000
69170  -39.253  -0.320  51.309 0.1250000000
70092  -39.746  -0.264  50.673 0.1250000000
70093  -40.531  -0.006  50.728 0.1250000000
121874  -41.091  0.304  50.066 0.1250000000
70105  -42.467  0.611  50.149 0.1250000000
118263  -37.778  -0.594  50.987 0.1250000000
69180  -39.086  -0.403  50.696 0.1250000000
120401  -39.353  -0.376  50.030 0.1250000000
116656  -40.210  -0.077  49.840 0.1250000000
70104  -41.855  0.485  49.503 0.1250000000
69179  -38.502  -0.531  50.277 0.1250000000
69190  -38.879  -0.411  49.362 0.1250000000
135819  -39.582  -0.212  49.330 0.1250000000
70103  -40.920  0.274  49.198 0.1250000000
70116  -41.576  0.441  48.548 0.1250000000
69189  -38.069  -0.598  49.454 0.1250000000
70102  -40.105  0.052  48.883 0.1250000000
70115  -40.697  0.296  48.322 0.1250000000
70128  -40.483  0.384  47.549 0.1250000000
69202  -38.425  -0.450  48.529 0.1250000000
69217  -39.048  -0.200  47.774 0.1250000000
70114  -39.903  0.094  48.060 0.1250000000
70030  -38.846  -0.242  55.367 0.1250000000
69122  -39.577  -0.018  55.947 0.1250000000
69129  -37.357  -0.617  54.301 0.1250000000
69130  -38.102  -0.406  54.739 0.1250000000
136712  -38.221  -0.434  55.393 0.1250000000
69139  -37.346  -0.597  53.385 0.1250000000
131147  -37.893  -0.399  53.909 0.1250000000
69140  -38.165  -0.369  53.271 0.1250000000
70117  -42.453  0.632  48.750 0.1250000000
70118  -43.235  0.849  49.028 0.1250000000
71094  -43.062  0.953  48.189 0.1250000000
71095  -43.802  1.222  48.508 0.1250000000
70130  -42.193  0.747  47.804 0.1250000000
71108  -42.878  1.221  47.519 0.1250000000
136387  -38.388  -0.408  47.869 0.1250000000
70127  -39.784  0.162  47.236 0.1250000000
70139  -40.411  0.535  46.798 0.1250000000
70129  -41.604  0.895  47.069 0.1250000000
71107  -42.375  1.253  46.982 0.1250000000
69092  -39.454  -0.129  58.658 0.1250000000
70006  -40.081  0.179  58.728 0.1250000000
70017  -40.634  0.424  58.356 0.1250000000
69105  -39.152  -0.240  57.742 0.1250000000
137011  -39.844  0.062  57.324 0.1250000000
121811  -40.570  0.411  57.395 0.1250000000
69121  -37.736  -0.579  55.529 0.1250000000
69113  -38.260  -0.462  55.953 0.1250000000
70024  -40.082  0.188  56.645 0.1250000000
119974  -37.373  -0.666  55.014 0.1250000000
71110  -44.304  1.630  48.102 0.1250000000
71096  -44.562  1.434  48.781 0.1250000000
71109  -43.644  1.529  47.642 0.1250000000
69228  -39.074  -0.080  46.850 0.1250000000
70138  -39.761  0.326  46.401 0.1250000000
70140  -41.069  0.930  46.486 0.1250000000
71116  -41.817  1.325  46.333 0.1250000000
71117  -42.619  1.805  46.246 0.1250000000
70152  -39.741  0.579  45.571 0.1250000000
70153  -40.451  1.075  45.207 0.1250000000
70154  -41.207  1.315  45.641 0.1250000000
70168  -39.729  0.840  44.622 0.1250000000
71129  -41.023  1.462  44.933 0.1250000000
72019  -42.283  2.220  45.041 0.1250000000
70179  -40.153  1.219  43.749 0.1250000000
71147  -40.830  1.594  43.829 0.1250000000
121224  -40.683  1.590  42.991 0.1250000000
130652  -40.393  0.268  59.880 0.1250000000
69998  -41.035  0.520  59.771 0.1250000000
124504  -39.056  -0.285  59.327 0.1250000000
70007  -40.522  0.362  59.165 0.1250000000
70008  -41.240  0.618  58.916 0.1250000000
123002  -41.994  0.900  58.782 0.1250000000
68190  -36.166  -1.260  56.855 0.1250000000
69111  -36.912  -1.005  57.110 0.1250000000
69090  -37.696  -0.689  58.311 0.1250000000
69091  -38.527  -0.416  58.665 0.1250000000
68199  -36.134  -1.209  55.842 0.1250000000
132511  -36.757  -0.996  56.373 0.1250000000
69112  -37.523  -0.712  56.411 0.1250000000
69104  -38.423  -0.436  56.887 0.1250000000
69120  -37.024  -0.826  55.668 0.1250000000
69128  -36.647  -0.924  54.843 0.1250000000
71985  -44.453  2.200  47.444 0.1250000000
71972  -44.993  1.911  48.204 0.1250000000
71118  -43.106  1.660  46.951 0.1250000000
71984  -43.769  2.105  46.892 0.1250000000
71994  -44.251  2.645  46.717 0.1250000000
114886  -42.936  2.678  45.205 0.1250000000
72009  -43.128  2.417  45.872 0.1250000000
133254  -41.948  2.161  44.370 0.1250000000
72020  -42.670  2.652  44.512 0.1250000000
72026  -41.505  2.013  43.555 0.1250000000
78803  -13.835  10.043  69.047 0.1250000000
78805  -14.973  11.027  67.895 0.1250000000
69078  -38.280  -0.445  59.770 0.1250000000
69079  -39.155  -0.291  60.130 0.1250000000
69997  -39.908  0.019  60.429 0.1250000000
68176  -36.309  -1.208  57.681 0.1250000000
68160  -36.326  -1.165  58.468 0.1250000000
69077  -37.415  -0.721  59.798 0.1250000000
71986  -45.318  2.576  47.647 0.1250000000
72830  -45.648  3.329  47.175 0.1250000000
72010  -43.654  2.984  45.533 0.1250000000
71995  -44.867  2.992  46.932 0.1250000000
72852  -43.455  3.208  44.678 0.1250000000
72011  -44.398  3.267  46.098 0.1250000000
72028  -43.030  2.980  43.973 0.1250000000
121801  -42.114  2.392  42.778 0.1250000000
72027  -42.371  2.528  43.721 0.1250000000
71162  -40.981  1.778  42.245 0.1250000000
72033  -41.588  2.116  42.087 0.1250000000
71161  -40.194  1.471  41.931 0.1250000000
128870  -13.282  10.571  71.525 0.1250000000
79628  -14.216  11.751  71.002 0.1250000000
131345  -14.533  11.554  69.536 0.1250000000
78794  -14.178  10.805  69.313 0.1250000000
79645  -15.353  11.643  68.236 0.1250000000
79644  -14.724  11.302  68.698 0.1250000000
79652  -15.713  11.317  67.569 0.1250000000
77981  -16.535  10.176  66.731 0.1250000000
77983  -17.897  9.993  67.691 0.1250000000
77115  -16.666  9.295  66.518 0.1250000000
69057  -36.997  -1.010  60.520 0.1250000000
69089  -37.016  -0.892  58.978 0.1250000000
72854  -44.937  4.013  45.627 0.1250000000
72838  -45.239  3.711  46.428 0.1250000000
72853  -44.221  3.591  45.187 0.1250000000
117904  -45.543  4.518  45.199 0.1250000000
72863  -44.836  4.117  44.700 0.1250000000
137594  -42.623  2.753  42.444 0.1250000000
72877  -43.118  3.113  42.084 0.1250000000
116804  -43.611  3.412  42.805 0.1250000000
71170  -41.024  1.950  41.594 0.1250000000
72043  -41.627  2.302  41.446 0.1250000000
72876  -42.290  2.570  41.832 0.1250000000
72042  -41.181  2.344  40.843 0.1250000000
72044  -42.017  2.631  40.965 0.1250000000
79621  -14.036  11.733  71.966 0.1250000000
79612  -13.414  11.043  72.277 0.1250000000
80446  -14.725  12.322  70.681 0.1250000000
80453  -15.587  12.521  69.360 0.1250000000
80452  -14.907  12.190  69.815 0.1250000000
79646  -15.805  12.227  68.525 0.1250000000
133671  -15.990  11.846  67.926 0.1250000000
79654  -17.480  11.496  67.406 0.1250000000
79647  -18.708  11.591  68.007 0.1250000000
78806  -18.314  10.730  67.861 0.1250000000
123107  -18.378  10.044  68.355 0.1250000000
76241  -1.785  6.947  61.321 0.1250000000
73722  -46.117  4.996  44.818 0.1250000000
73713  -46.214  4.874  45.578 0.1250000000
73729  -44.966  4.207  43.263 0.1250000000
122625  -45.566  4.593  44.373 0.1250000000
73739  -44.833  4.213  42.285 0.1250000000
72883  -42.757  3.011  41.164 0.1250000000
72061  -39.848  2.818  39.824 0.1250000000
72903  -41.187  3.201  39.622 0.1250000000
72892  -42.390  3.126  40.440 0.1250000000
72901  -39.494  3.502  39.364 0.1250000000
72902  -40.343  3.360  39.403 0.1250000000
72062  -40.557  2.834  39.874 0.1250000000
79568  -12.821  11.526  79.561 0.1250000000
79573  -11.110  12.468  79.781 0.1250000000
79565  -9.762  11.497  79.861 0.1250000000
79566  -10.725  11.638  80.041 0.1250000000
78732  -9.364  10.691  80.182 0.1250000000
80431  -14.927  12.956  72.242 0.1250000000
80425  -14.314  12.484  73.482 0.1250000000
80437  -14.564  12.348  71.624 0.1250000000
78731  -8.508  10.441  79.905 0.1250000000
81357  -16.093  13.042  69.874 0.1250000000
80447  -15.341  12.733  70.286 0.1250000000
80454  -16.448  12.827  68.865 0.1250000000
81368  -17.195  13.165  68.848 0.1250000000
80470  -17.357  12.193  67.693 0.1250000000
80471  -18.087  11.989  67.687 0.1250000000
79648  -19.302  11.421  68.591 0.1250000000
78796  -20.372  10.973  69.316 0.1250000000
77946  -22.321  9.501  71.699 0.1250000000
77136  -1.661  7.832  62.712 0.1250000000
76228  -1.759  6.961  62.217 0.1250000000
77945  -21.424  9.238  71.591 0.1250000000
78026  -1.256  9.089  62.238 0.1250000000
74603  -46.613  5.359  44.526 0.1250000000
74594  -47.339  5.713  45.471 0.1250000000
74595  -48.036  6.139  45.757 0.1250000000
73730  -45.553  4.612  43.551 0.1250000000
73731  -46.221  5.082  43.907 0.1250000000
73755  -44.388  4.278  40.466 0.1250000000
120908  -45.405  4.567  42.790 0.1250000000
72893  -43.732  3.812  40.499 0.1250000000
72884  -43.510  3.462  41.240 0.1250000000
136620  -41.640  3.734  39.159 0.1250000000
72912  -42.700  3.790  39.576 0.1250000000
72909  -40.054  4.069  38.959 0.1250000000
72910  -40.913  3.851  38.976 0.1250000000
79574  -12.254  12.382  79.428 0.1250000000
80407  -14.189  13.193  75.202 0.1250000000
139319  -13.779  12.676  75.357 0.1250000000
137270  -11.433  13.117  79.407 0.1250000000
80415  -13.845  12.430  74.833 0.1250000000
133154  -10.669  13.032  79.331 0.1250000000
117596  -10.219  12.261  79.569 0.1250000000
132486  -14.752  12.927  73.025 0.1250000000
79572  -9.391  11.927  79.242 0.1250000000
80383  -9.924  12.569  78.932 0.1250000000
81332  -15.582  13.383  71.911 0.1250000000
79571  -8.756  11.513  78.924 0.1250000000
81347  -16.601  13.486  70.473 0.1250000000
81333  -16.372  13.686  71.492 0.1250000000
78741  -8.092  10.882  79.074 0.1250000000
81358  -16.865  13.302  69.545 0.1250000000
122169  -17.346  13.598  70.122 0.1250000000
81334  -17.224  13.875  71.061 0.1250000000
81370  -18.654  12.955  68.575 0.1250000000
122565  -18.236  13.369  69.074 0.1250000000
81348  -18.116  13.640  69.904 0.1250000000
81361  -19.491  12.969  69.136 0.1250000000
121210  -19.555  13.437  69.835 0.1250000000
79637  -20.664  11.780  69.257 0.1250000000
78785  -21.554  10.576  69.988 0.1250000000
78776  -22.809  10.309  71.071 0.1250000000
77947  -23.166  9.912  71.979 0.1250000000
78018  -2.103  9.183  63.258 0.1250000000
75463  -47.847  6.104  44.914 0.1250000000
117623  -46.723  5.432  43.121 0.1250000000
74610  -46.969  5.555  43.940 0.1250000000
75473  -47.661  5.947  44.078 0.1250000000
75491  -48.577  6.458  42.156 0.1250000000
73748  -45.657  4.955  40.919 0.1250000000
74617  -45.627  4.851  41.968 0.1250000000
74636  -47.098  6.093  40.407 0.1250000000
75507  -47.839  6.579  40.116 0.1250000000
75500  -48.499  6.532  41.392 0.1250000000
73766  -44.547  4.650  39.772 0.1250000000
74646  -47.133  6.489  39.572 0.1250000000
75499  -47.817  6.311  40.971 0.1250000000
73773  -41.620  4.442  38.702 0.1250000000
72911  -42.324  3.987  39.095 0.1250000000
75533  -44.499  6.651  37.871 0.1250000000
73771  -39.824  4.895  38.815 0.1250000000
120424  -41.119  5.300  38.512 0.1250000000
73774  -42.590  4.646  38.677 0.1250000000
76445  -43.562  7.385  37.679 0.1250000000
74651  -39.758  5.791  38.871 0.1250000000
135657  -13.521  12.632  78.231 0.1250000000
79585  -13.504  12.221  77.429 0.1250000000
80387  -13.182  13.387  78.513 0.1250000000
80406  -13.641  12.970  75.938 0.1250000000
81277  -11.982  14.246  78.778 0.1250000000
80386  -12.264  13.411  78.991 0.1250000000
116277  -14.689  14.022  75.389 0.1250000000
81295  -14.145  13.831  75.972 0.1250000000
80385  -11.226  13.791  78.982 0.1250000000
80384  -10.493  13.215  78.572 0.1250000000
81310  -15.933  13.976  73.366 0.1250000000
81309  -15.354  13.920  74.044 0.1250000000
82206  -16.804  14.206  73.197 0.1250000000
81319  -16.142  13.829  72.539 0.1250000000
82208  -18.395  14.370  72.817 0.1250000000
82207  -17.634  14.252  72.560 0.1250000000
79584  -9.164  11.926  78.263 0.1250000000
82227  -18.327  14.226  71.877 0.1250000000
82226  -16.947  14.072  72.119 0.1250000000
120392  -8.625  11.675  77.461 0.1250000000
81336  -19.746  14.099  71.158 0.1250000000
81335  -18.121  13.917  70.924 0.1250000000
81351  -20.945  13.424  70.326 0.1250000000
80456  -20.778  12.435  69.464 0.1250000000
81362  -20.354  13.073  69.669 0.1250000000
79638  -21.480  11.927  69.531 0.1250000000
78797  -21.170  11.113  69.492 0.1250000000
78768  -23.935  10.346  72.358 0.1250000000
74618  -46.456  5.366  42.205 0.1250000000
74619  -47.264  5.753  42.420 0.1250000000
74626  -46.211  5.301  41.419 0.1250000000
74627  -47.015  5.767  41.405 0.1250000000
121292  -44.068  4.778  39.062 0.1250000000
74644  -44.919  5.101  39.324 0.1250000000
74635  -46.332  5.539  40.641 0.1250000000
70143  -49.003  0.999  46.981 0.1250000000
71119  -48.728  1.289  46.336 0.1250000000
131201  -43.342  4.822  38.704 0.1250000000
74655  -43.798  5.358  38.437 0.1250000000
75534  -45.732  6.954  37.990 0.1250000000
75516  -46.456  6.395  38.974 0.1250000000
72864  -50.666  3.137  44.854 0.1250000000
75515  -40.142  6.791  38.934 0.1250000000
120624  -42.034  5.311  38.402 0.1250000000
75525  -45.876  6.456  38.493 0.1250000000
72871  -50.772  3.359  43.879 0.1250000000
121025  -39.360  6.450  39.338 0.1250000000
73776  -51.850  4.870  39.411 0.1250000000
139052  -13.505  15.078  77.782 0.1250000000
80393  -13.589  13.218  77.750 0.1250000000
81288  -13.759  13.837  77.210 0.1250000000
81294  -13.808  13.584  76.504 0.1250000000
83004  -13.303  15.546  77.654 0.1250000000
82174  -14.734  14.687  76.212 0.1250000000
82158  -12.291  14.873  78.454 0.1250000000
81278  -12.691  14.274  78.590 0.1250000000
82183  -17.296  14.942  75.050 0.1250000000
81276  -11.568  14.488  78.378 0.1250000000
81275  -10.903  13.920  78.122 0.1250000000
82194  -18.515  14.568  73.663 0.1250000000
115102  -17.928  14.732  74.328 0.1250000000
83030  -18.085  15.228  75.066 0.1250000000
80392  -10.394  13.127  77.508 0.1250000000
82228  -19.187  14.328  72.129 0.1250000000
80397  -9.879  12.498  76.873 0.1250000000
82229  -20.162  14.354  71.969 0.1250000000
79583  -8.358  11.350  78.150 0.1250000000
79592  -9.210  12.075  77.185 0.1250000000
79598  -9.273  12.133  76.217 0.1250000000
81338  -21.616  13.702  71.060 0.1250000000
81352  -21.624  13.087  70.331 0.1250000000
81363  -21.211  12.761  69.832 0.1250000000
79639  -22.290  11.701  69.890 0.1250000000
79622  -24.044  11.561  71.196 0.1250000000
79624  -25.295  12.018  72.258 0.1250000000
78787  -23.230  11.102  70.630 0.1250000000
78769  -24.633  10.771  72.880 0.1250000000
79607  -26.621  11.177  73.666 0.1250000000
78761  -26.165  10.570  74.120 0.1250000000
75481  -48.008  6.116  42.694 0.1250000000
138541  -48.069  6.151  43.455 0.1250000000
75490  -47.880  6.134  41.835 0.1250000000
71996  -50.206  1.933  46.788 0.1250000000
74656  -44.639  5.496  38.641 0.1250000000
74634  -45.580  5.252  39.959 0.1250000000
72012  -49.845  2.232  45.913 0.1250000000
75523  -44.241  6.006  38.072 0.1250000000
71120  -49.409  1.589  46.494 0.1250000000
116874  -50.057  2.651  45.149 0.1250000000
115439  -41.059  6.795  38.544 0.1250000000
116272  -42.442  6.199  38.177 0.1250000000
75522  -43.391  6.037  38.040 0.1250000000
75532  -43.842  6.690  37.828 0.1250000000
76426  -40.209  7.521  39.318 0.1250000000
76433  -40.799  7.527  38.834 0.1250000000
74660  -52.719  5.319  39.139 0.1250000000
74668  -52.372  5.683  38.127 0.1250000000
82164  -13.959  15.533  77.327 0.1250000000
82169  -14.485  15.172  76.987 0.1250000000
83009  -13.283  16.146  76.646 0.1250000000
82168  -11.793  15.152  77.215 0.1250000000
83028  -13.135  15.994  75.256 0.1250000000
138245  -19.010  14.479  73.085 0.1250000000
82195  -19.283  14.623  73.772 0.1250000000
82184  -18.733  14.911  74.433 0.1250000000
81280  -10.809  13.814  77.122 0.1250000000
82209  -19.734  14.466  72.948 0.1250000000
119920  -20.116  14.641  73.770 0.1250000000
80398  -10.369  12.996  76.526 0.1250000000
82211  -21.496  14.535  72.891 0.1250000000
116466  -20.990  14.779  73.789 0.1250000000
117308  -9.918  12.471  76.081 0.1250000000
82230  -21.081  14.314  71.915 0.1250000000
82212  -22.380  14.515  72.991 0.1250000000
80404  -9.518  12.274  75.286 0.1250000000
82231  -22.010  14.176  72.043 0.1250000000
81339  -22.691  13.533  71.447 0.1250000000
81320  -22.874  14.090  72.292 0.1250000000
81353  -22.329  12.989  70.609 0.1250000000
81340  -23.591  13.213  71.619 0.1250000000
81341  -24.524  13.148  72.136 0.1250000000
80448  -22.720  12.234  70.322 0.1250000000
80439  -23.172  12.704  70.933 0.1250000000
80441  -24.751  12.415  71.990 0.1250000000
79616  -27.104  11.886  73.145 0.1250000000
79617  -28.219  11.624  73.076 0.1250000000
79608  -27.684  11.025  73.696 0.1250000000
78771  -28.035  10.305  73.208 0.1250000000
75509  -49.136  6.835  41.076 0.1250000000
75508  -48.527  6.704  40.627 0.1250000000
75517  -48.594  6.960  39.813 0.1250000000
75527  -47.876  6.898  39.285 0.1250000000
76437  -47.856  7.353  38.495 0.1250000000
74670  -54.345  5.812  38.499 0.1250000000
134689  -53.750  6.047  37.958 0.1250000000
75538  -54.431  6.257  37.794 0.1250000000
75537  -52.962  6.137  37.630 0.1250000000
75545  -54.328  6.736  37.122 0.1250000000
83019  -15.907  15.657  76.001 0.1250000000
83032  -19.869  15.644  75.064 0.1250000000
127245  -12.125  15.046  75.329 0.1250000000
82185  -19.577  15.016  74.484 0.1250000000
125370  -11.583  14.360  75.162 0.1250000000
81293  -11.251  14.180  75.815 0.1250000000
81286  -10.805  13.616  76.113 0.1250000000
82196  -21.903  14.904  73.787 0.1250000000
122806  -10.113  12.628  74.789 0.1250000000
82213  -23.238  14.485  73.098 0.1250000000
81322  -24.632  14.042  72.858 0.1250000000
137365  -26.166  13.274  72.528 0.1250000000
80433  -27.747  12.482  72.707 0.1250000000
80434  -28.380  12.418  72.293 0.1250000000
76418  -49.708  7.107  40.830 0.1250000000
76409  -49.757  6.973  41.576 0.1250000000
133011  -49.982  7.336  40.212 0.1250000000
76427  -48.596  7.277  38.972 0.1250000000
75546  -55.296  6.586  37.460 0.1250000000
76454  -54.747  7.208  36.628 0.1250000000
122982  -55.275  7.713  35.980 0.1250000000
76466  -56.385  7.550  36.079 0.1250000000
78287  -57.445  10.048  32.962 0.1250000000
79103  -57.089  10.538  32.233 0.1250000000
83908  -14.282  16.390  76.492 0.1250000000
83914  -14.636  16.510  75.805 0.1250000000
83011  -14.574  15.922  76.866 0.1250000000
83907  -13.840  16.458  76.493 0.1250000000
83925  -16.094  16.676  75.312 0.1250000000
83018  -13.560  16.426  75.886 0.1250000000
83917  -17.731  16.343  75.593 0.1250000000
82180  -12.602  15.356  74.897 0.1250000000
83918  -18.257  16.818  75.345 0.1250000000
83033  -20.666  15.842  75.063 0.1250000000
83045  -22.322  15.484  74.390 0.1250000000
81301  -11.380  13.962  74.224 0.1250000000
83046  -23.166  15.559  74.242 0.1250000000
80423  -10.407  13.124  73.128 0.1250000000
81300  -10.826  13.370  73.915 0.1250000000
83047  -24.078  15.738  74.068 0.1250000000
122720  -25.573  15.435  73.141 0.1250000000
82214  -23.978  14.480  73.156 0.1250000000
82215  -25.498  14.464  72.968 0.1250000000
117150  -26.303  14.012  72.622 0.1250000000
81324  -27.109  13.419  72.390 0.1250000000
127512  -27.924  13.096  72.152 0.1250000000
76419  -50.454  7.316  40.947 0.1250000000
76455  -55.881  7.154  36.756 0.1250000000
122981  -57.031  7.824  35.614 0.1250000000
77372  -55.921  8.205  35.429 0.1250000000
77391  -56.860  8.585  34.845 0.1250000000
121431  -57.748  9.529  33.525 0.1250000000
79105  -58.384  10.860  32.909 0.1250000000
79092  -58.343  10.021  33.359 0.1250000000
79104  -57.893  10.673  32.701 0.1250000000
79934  -58.152  11.225  32.345 0.1250000000
79973  -58.669  12.057  29.837 0.1250000000
116717  -58.734  11.949  28.652 0.1250000000
80810  -59.100  12.668  29.081 0.1250000000
83923  -14.696  16.657  75.028 0.1250000000
83936  -15.315  16.777  74.494 0.1250000000
84736  -15.912  16.904  74.690 0.1250000000
83043  -14.271  16.233  73.574 0.1250000000
83935  -14.782  16.602  74.119 0.1250000000
84737  -16.588  17.065  74.876 0.1250000000
83042  -13.704  15.979  73.997 0.1250000000
83934  -14.185  16.470  74.575 0.1250000000
83051  -13.724  15.747  72.809 0.1250000000
84739  -18.665  17.283  75.040 0.1250000000
83050  -13.097  15.344  73.416 0.1250000000
84741  -20.857  17.386  74.630 0.1250000000
83927  -20.775  16.716  75.137 0.1250000000
82192  -12.547  14.976  73.969 0.1250000000
84742  -21.632  17.318  74.487 0.1250000000
82191  -11.836  14.360  73.582 0.1250000000
82205  -12.372  14.721  72.962 0.1250000000
83060  -13.419  15.510  71.667 0.1250000000
83929  -22.181  16.823  74.650 0.1250000000
83035  -22.697  16.142  74.609 0.1250000000
83034  -21.939  16.102  74.890 0.1250000000
82204  -11.632  14.115  72.621 0.1250000000
82225  -12.135  14.553  71.951 0.1250000000
83939  -23.918  16.613  74.072 0.1250000000
80429  -9.702  12.971  72.697 0.1250000000
127958  -11.090  14.225  70.806 0.1250000000
82224  -11.256  13.973  71.615 0.1250000000
82239  -11.848  14.567  70.922 0.1250000000
83941  -25.361  16.161  73.189 0.1250000000
82238  -11.270  14.614  70.215 0.1250000000
83053  -26.410  15.900  72.742 0.1250000000
82216  -26.559  14.991  72.726 0.1250000000
82218  -28.485  14.890  71.785 0.1250000000
79928  -58.541  11.196  33.061 0.1250000000
79935  -58.442  11.638  32.287 0.1250000000
137445  -58.573  13.165  31.874 0.1250000000
79944  -58.675  12.068  31.559 0.1250000000
81670  -58.827  13.478  31.328 0.1250000000
79959  -58.692  12.079  30.845 0.1250000000
81678  -59.170  13.504  30.481 0.1250000000
82592  -59.462  15.395  28.824 0.1250000000
81679  -59.405  14.448  29.700 0.1250000000
80811  -59.477  13.483  28.271 0.1250000000
83945  -15.916  16.791  73.028 0.1250000000
84756  -17.048  17.217  73.386 0.1250000000
134769  -15.343  16.413  71.658 0.1250000000
83954  -15.351  16.547  72.624 0.1250000000
133885  -15.936  16.655  72.044 0.1250000000
83953  -14.781  16.280  72.226 0.1250000000
83061  -14.162  15.938  71.931 0.1250000000
83052  -14.353  16.137  72.732 0.1250000000
84759  -20.041  17.498  73.045 0.1250000000
83069  -13.916  15.801  70.847 0.1250000000
121561  -22.138  17.649  73.339 0.1250000000
129754  -21.572  17.663  72.460 0.1250000000
121178  -13.420  15.559  70.167 0.1250000000
115437  -22.863  17.506  73.509 0.1250000000
117066  -12.667  15.013  71.365 0.1250000000
84753  -24.443  17.077  73.397 0.1250000000
84752  -23.684  17.272  73.639 0.1250000000
118564  -12.757  15.255  69.916 0.1250000000
83940  -24.642  16.364  73.617 0.1250000000
83055  -28.187  15.660  72.029 0.1250000000
82242  -29.048  14.884  70.962 0.1250000000
80758  -58.426  11.773  33.559 0.1250000000
81658  -58.058  12.858  33.515 0.1250000000
130710  -58.459  12.072  32.687 0.1250000000
81663  -58.161  13.934  31.966 0.1250000000
83433  -57.301  15.413  32.027 0.1250000000
82575  -59.073  14.490  30.607 0.1250000000
82567  -58.028  15.050  31.583 0.1250000000
82591  -59.148  15.481  29.757 0.1250000000
83448  -58.587  15.507  30.659 0.1250000000
84757  -17.597  17.253  72.470 0.1250000000
134362  -18.074  17.277  71.621 0.1250000000
83955  -16.507  16.772  71.359 0.1250000000
115975  -18.541  17.410  72.360 0.1250000000
83964  -16.211  16.666  70.524 0.1250000000
84772  -20.455  17.563  71.943 0.1250000000
84771  -19.475  17.485  72.136 0.1250000000
83974  -15.864  16.609  69.880 0.1250000000
83962  -14.624  16.130  70.251 0.1250000000
84761  -22.555  17.744  72.559 0.1250000000
83080  -13.936  15.847  69.828 0.1250000000
84763  -25.012  17.635  72.492 0.1250000000
124156  -24.181  17.522  72.980 0.1250000000
83972  -13.742  15.962  68.958 0.1250000000
84765  -26.875  17.318  72.087 0.1250000000
84764  -25.998  17.479  72.363 0.1250000000
83967  -27.892  16.356  71.152 0.1250000000
83957  -27.513  16.811  71.652 0.1250000000
82547  -57.436  14.847  33.795 0.1250000000
81657  -57.750  13.844  32.977 0.1250000000
82558  -57.541  14.790  32.544 0.1250000000
83421  -57.098  15.432  33.172 0.1250000000
84302  -57.164  15.953  31.536 0.1250000000
84290  -56.873  15.631  32.664 0.1250000000
83447  -57.868  15.859  31.121 0.1250000000
84781  -18.674  17.490  70.188 0.1250000000
84782  -19.499  17.615  70.469 0.1250000000
84780  -17.842  17.317  69.888 0.1250000000
84769  -17.989  17.251  70.775 0.1250000000
134055  -19.727  17.550  71.261 0.1250000000
83965  -17.085  16.978  70.456 0.1250000000
83975  -16.529  16.878  69.712 0.1250000000
83986  -15.917  16.877  68.981 0.1250000000
83985  -15.002  16.633  68.635 0.1250000000
84775  -23.024  17.950  72.003 0.1250000000
124614  -14.172  16.455  68.420 0.1250000000
83089  -13.010  15.806  68.729 0.1250000000
84778  -27.402  17.249  71.074 0.1250000000
133018  -26.598  16.509  70.243 0.1250000000
83070  -27.875  15.641  70.598 0.1250000000
125097  -56.855  15.761  33.616 0.1250000000
85544  -19.994  18.241  69.594 0.1250000000
84792  -19.980  17.847  70.080 0.1250000000
84800  -18.008  17.975  68.690 0.1250000000
84773  -21.203  17.830  71.199 0.1250000000
84788  -16.850  17.194  68.954 0.1250000000
84789  -17.605  17.475  69.121 0.1250000000
85530  -21.749  18.380  70.607 0.1250000000
84774  -22.299  17.986  71.511 0.1250000000
84813  -15.891  17.858  67.441 0.1250000000
84811  -13.986  17.447  67.270 0.1250000000
84776  -25.976  18.271  71.933 0.1250000000
83984  -13.381  16.304  68.252 0.1250000000
84810  -13.291  17.271  67.362 0.1250000000
124814  -26.878  17.373  70.627 0.1250000000
83977  -25.892  17.043  69.921 0.1250000000
122951  -25.969  15.888  69.729 0.1250000000
83459  -53.306  16.397  30.203 0.1250000000
86279  -19.853  18.863  69.094 0.1250000000
85543  -18.801  18.165  68.943 0.1250000000
120570  -20.624  18.843  69.497 0.1250000000
85551  -18.358  18.656  68.388 0.1250000000
86280  -21.097  19.702  69.587 0.1250000000
85538  -20.764  18.190  70.190 0.1250000000
85550  -17.562  18.411  68.062 0.1250000000
138426  -22.054  18.883  70.332 0.1250000000
85539  -22.682  18.853  70.790 0.1250000000
86300  -16.532  19.676  67.175 0.1250000000
85564  -16.149  18.689  67.108 0.1250000000
86273  -23.350  19.977  70.742 0.1250000000
85531  -23.317  18.479  71.538 0.1250000000
86299  -15.838  20.110  66.988 0.1250000000
85575  -15.376  18.835  66.754 0.1250000000
85540  -23.628  19.265  71.167 0.1250000000
86266  -24.361  19.078  71.519 0.1250000000
86309  -14.877  19.356  66.673 0.1250000000
84812  -14.895  17.718  67.215 0.1250000000
86268  -25.719  19.760  70.884 0.1250000000
85532  -25.129  18.629  71.817 0.1250000000
126141  -26.016  19.289  70.604 0.1250000000
85533  -26.050  19.063  71.318 0.1250000000
84793  -25.499  18.078  69.692 0.1250000000
124127  -24.810  17.011  69.335 0.1250000000
125988  -53.484  16.638  37.401 0.1250000000
83386  -52.643  15.743  36.882 0.1250000000
138720  -50.121  14.635  33.225 0.1250000000
128753  -50.510  14.688  32.576 0.1250000000
125000  -20.275  19.691  69.210 0.1250000000
85552  -19.156  18.818  68.667 0.1250000000
86288  -18.609  19.591  68.350 0.1250000000
138249  -23.532  20.876  70.602 0.1250000000
87107  -17.077  20.344  67.591 0.1250000000
87077  -24.386  20.744  70.695 0.1250000000
87106  -16.266  20.558  67.341 0.1250000000
87908  -17.198  21.716  68.412 0.1250000000
86276  -25.532  20.084  70.334 0.1250000000
87104  -14.666  20.692  67.205 0.1250000000
87103  -13.832  20.612  67.268 0.1250000000
85546  -25.061  19.026  69.367 0.1250000000
86282  -25.023  20.055  69.262 0.1250000000
87084  -19.745  20.597  69.176 0.1250000000
87085  -20.698  20.534  69.562 0.1250000000
87086  -21.551  20.505  69.912 0.1250000000
87095  -19.036  20.279  68.691 0.1250000000
87075  -22.153  21.310  70.334 0.1250000000
87094  -18.347  20.558  68.436 0.1250000000
87895  -17.679  22.282  69.223 0.1250000000
129574  -24.145  21.526  70.457 0.1250000000
87907  -16.320  21.906  68.167 0.1250000000
118667  -17.007  22.809  69.543 0.1250000000
87078  -24.832  21.230  70.220 0.1250000000
87087  -24.942  21.105  69.553 0.1250000000
87920  -15.873  21.293  67.646 0.1250000000
88594  -16.245  22.941  69.429 0.1250000000
86291  -24.487  20.503  68.683 0.1250000000
87919  -15.021  21.355  67.600 0.1250000000
87906  -15.431  21.984  68.091 0.1250000000
87904  -13.700  21.940  68.230 0.1250000000
88603  -14.941  22.580  68.722 0.1250000000
88602  -14.066  22.524  68.778 0.1250000000
87897  -19.442  21.558  69.555 0.1250000000
87899  -21.207  21.293  70.031 0.1250000000
87887  -21.843  22.067  70.514 0.1250000000
88585  -23.435  22.972  70.369 0.1250000000
88596  -19.972  22.129  70.208 0.1250000000
88586  -24.036  22.695  70.114 0.1250000000
87896  -18.590  21.845  69.369 0.1250000000
87900  -24.591  21.744  69.692 0.1250000000
88598  -24.344  22.136  69.221 0.1250000000
87912  -24.564  21.534  68.987 0.1250000000
88616  -23.310  22.129  68.177 0.1250000000
89351  -16.639  23.234  70.259 0.1250000000
88593  -15.372  23.025  69.439 0.1250000000
89349  -14.989  23.357  70.261 0.1250000000
88591  -13.594  22.759  69.662 0.1250000000
87898  -20.321  21.366  69.760 0.1250000000
87886  -20.889  22.048  70.316 0.1250000000
88584  -22.536  22.950  70.707 0.1250000000
123531  -20.564  22.748  70.816 0.1250000000
88595  -19.095  22.278  70.059 0.1250000000
89346  -23.629  23.212  70.069 0.1250000000
88581  -18.651  22.885  70.639 0.1250000000
88606  -23.032  22.869  68.541 0.1250000000
116932  -18.093  23.497  71.457 0.1250000000
139018  -22.735  22.475  68.120 0.1250000000
89328  -17.307  24.020  72.168 0.1250000000
90041  -12.162  24.042  70.860 0.1250000000
89339  -16.089  23.646  71.119 0.1250000000
89324  -12.480  23.840  70.934 0.1250000000
89338  -15.102  23.687  71.245 0.1250000000
89335  -13.016  23.650  70.856 0.1250000000
89326  -14.185  23.967  71.606 0.1250000000
89343  -21.194  23.455  71.245 0.1250000000
88582  -19.601  22.803  70.757 0.1250000000
90059  -22.183  23.979  70.758 0.1250000000
89330  -19.802  24.020  71.921 0.1250000000
89345  -22.821  23.558  70.385 0.1250000000
89329  -18.794  24.065  72.183 0.1250000000
89352  -22.998  23.688  69.893 0.1250000000
130121  -10.859  24.247  71.568 0.1250000000
117660  -17.982  24.456  72.574 0.1250000000
90723  -17.505  26.139  72.977 0.1250000000
89358  -22.661  23.616  69.020 0.1250000000
129520  -11.591  24.346  70.764 0.1250000000
90046  -17.113  24.797  72.828 0.1250000000
91411  -16.813  26.230  72.890 0.1250000000
90044  -15.719  24.580  72.365 0.1250000000
90029  -15.030  24.850  72.302 0.1250000000
90057  -12.949  24.333  70.770 0.1250000000
90043  -14.531  24.555  71.874 0.1250000000
89336  -13.631  23.553  71.059 0.1250000000
117397  -13.953  24.380  71.531 0.1250000000
89342  -20.199  23.409  71.356 0.1250000000
89332  -21.610  24.097  71.206 0.1250000000
90058  -21.775  24.511  70.824 0.1250000000
90048  -19.494  24.602  72.373 0.1250000000
90066  -22.324  24.110  70.342 0.1250000000
90065  -21.683  24.839  70.148 0.1250000000
91418  -18.173  26.674  72.470 0.1250000000
90047  -18.773  24.920  72.710 0.1250000000
90071  -22.149  24.267  69.605 0.1250000000
90063  -10.621  24.784  70.036 0.1250000000
92085  -17.716  27.464  72.038 0.1250000000
89356  -21.144  24.263  68.482 0.1250000000
116364  -21.349  25.476  69.353 0.1250000000
131635  -11.911  24.752  69.836 0.1250000000
129642  -15.713  26.036  72.015 0.1250000000
91416  -16.516  26.622  72.268 0.1250000000
90069  -20.863  24.992  68.527 0.1250000000
90737  -12.676  24.701  70.156 0.1250000000
117762  -15.467  26.297  71.107 0.1250000000
90738  -13.466  24.819  70.663 0.1250000000
90729  -14.495  24.908  71.890 0.1250000000
90049  -20.268  24.689  72.054 0.1250000000
90746  -9.181  25.036  69.179 0.1250000000
131016  -20.474  25.319  71.791 0.1250000000
90050  -21.097  24.821  71.395 0.1250000000
115226  -21.410  25.297  70.725 0.1250000000
90757  -10.646  25.002  68.398 0.1250000000
91425  -20.840  26.605  70.978 0.1250000000
90741  -21.011  25.739  71.219 0.1250000000
90748  -11.150  24.886  69.382 0.1250000000
92086  -18.794  27.254  71.802 0.1250000000
92786  -21.257  28.048  70.090 0.1250000000
91426  -21.356  26.302  70.461 0.1250000000
90752  -21.495  25.671  70.145 0.1250000000
121685  -12.431  25.006  69.194 0.1250000000
124070  -13.948  25.473  69.354 0.1250000000
90750  -14.600  25.837  69.573 0.1250000000
90751  -14.781  25.785  70.654 0.1250000000
135959  -16.071  26.638  71.537 0.1250000000
91423  -16.566  27.225  71.439 0.1250000000
92090  -17.394  27.922  71.575 0.1250000000
114983  -21.804  27.420  69.123 0.1250000000
91440  -21.409  26.741  68.741 0.1250000000
90749  -13.314  25.111  69.754 0.1250000000
115802  -14.058  25.337  70.247 0.1250000000
90762  -20.866  25.813  68.356 0.1250000000
90756  -9.276  25.254  68.385 0.1250000000
117085  -9.826  25.246  67.893 0.1250000000
90767  -10.644  25.307  67.350 0.1250000000
90768  -11.653  25.367  67.219 0.1250000000
92104  -16.112  28.020  68.783 0.1250000000
92791  -16.876  29.116  69.741 0.1250000000
93477  -17.950  29.551  70.047 0.1250000000
115112  -18.736  30.259  69.639 0.1250000000
94180  -19.777  30.807  69.359 0.1250000000
90758  -11.542  25.021  68.409 0.1250000000
90759  -12.435  25.275  67.935 0.1250000000
90770  -13.142  25.713  67.337 0.1250000000
92781  -16.963  28.390  70.488 0.1250000000
92783  -18.140  28.865  70.601 0.1250000000
92784  -19.934  29.059  69.818 0.1250000000
94181  -20.548  30.650  68.997 0.1250000000
90760  -13.357  25.431  68.551 0.1250000000
90771  -13.911  25.950  67.655 0.1250000000
91438  -14.930  26.345  68.723 0.1250000000
92097  -16.126  27.353  69.719 0.1250000000
92782  -17.460  28.406  70.985 0.1250000000
94199  -21.822  30.152  68.112 0.1250000000
93506  -22.413  29.308  66.858 0.1250000000
90754  -7.676  25.633  68.661 0.1250000000
91437  -8.119  26.114  67.970 0.1250000000
91445  -9.040  26.301  66.963 0.1250000000
92115  -9.259  27.547  66.461 0.1250000000
94187  -15.899  30.860  68.448 0.1250000000
94775  -16.305  31.198  68.868 0.1250000000
95306  -16.188  32.003  69.124 0.1250000000
95297  -16.618  32.782  69.440 0.1250000000
90755  -8.546  25.458  68.474 0.1250000000
90765  -8.934  25.762  67.634 0.1250000000
90766  -9.678  25.798  67.070 0.1250000000
91452  -10.710  26.534  66.012 0.1250000000
129968  -13.474  27.896  66.207 0.1250000000
92814  -14.229  27.947  66.609 0.1250000000
94196  -15.429  30.348  67.879 0.1250000000
94188  -16.465  30.463  68.835 0.1250000000
94178  -17.180  30.598  69.458 0.1250000000
120238  -17.002  32.127  69.472 0.1250000000
95298  -18.028  32.382  69.500 0.1250000000
90776  -10.313  25.960  66.603 0.1250000000
91461  -12.218  27.094  65.718 0.1250000000
92110  -14.938  27.737  67.296 0.1250000000
92798  -16.184  29.055  68.456 0.1250000000
93486  -16.564  29.613  68.996 0.1250000000
93476  -17.263  29.721  69.794 0.1250000000
122114  -19.216  31.294  69.449 0.1250000000
90779  -12.292  26.115  66.254 0.1250000000
91446  -14.298  26.506  67.263 0.1250000000
92111  -15.507  27.578  68.035 0.1250000000
94769  -19.575  32.172  69.211 0.1250000000
95299  -19.061  32.714  69.311 0.1250000000
136076  -14.466  26.278  67.936 0.1250000000
94198  -21.154  30.609  67.949 0.1250000000
93493  -21.816  29.982  67.511 0.1250000000
91436  -7.339  26.366  68.242 0.1250000000
137662  -8.207  27.140  67.124 0.1250000000
92109  -8.500  27.689  66.873 0.1250000000
92817  -10.560  28.093  65.952 0.1250000000
92819  -12.157  27.864  65.741 0.1250000000
127090  -17.630  32.992  69.485 0.1250000000
92117  -12.900  27.501  65.916 0.1250000000
92813  -13.626  28.483  66.394 0.1250000000
94785  -15.177  31.269  68.021 0.1250000000
93501  -13.393  29.225  66.466 0.1250000000
94194  -13.861  30.764  67.008 0.1250000000
128214  -18.551  33.125  69.334 0.1250000000
95818  -18.431  33.838  69.181 0.1250000000
92102  -6.517  27.480  68.530 0.1250000000
94786  -20.163  31.858  68.298 0.1250000000
95300  -19.588  32.782  69.021 0.1250000000
92796  -6.497  28.227  68.679 0.1250000000
92797  -7.054  28.043  68.168 0.1250000000
94197  -20.459  31.071  67.753 0.1250000000
137597  -19.317  32.927  68.319 0.1250000000
93483  -7.718  29.697  68.492 0.1250000000
92803  -7.664  28.720  67.949 0.1250000000
134870  -19.562  32.357  67.937 0.1250000000
93467  -5.291  29.636  71.008 0.1250000000
93474  -7.250  30.141  69.374 0.1250000000
93484  -8.399  30.328  68.301 0.1250000000
115053  -9.077  30.253  67.666 0.1250000000
93473  -6.482  29.710  69.686 0.1250000000
94184  -7.798  30.656  69.119 0.1250000000
94201  -10.300  30.394  66.803 0.1250000000
94789  -11.284  31.218  66.728 0.1250000000
94191  -9.684  30.904  67.352 0.1250000000
94185  -8.176  31.220  69.001 0.1250000000
92103  -7.146  27.160  68.042 0.1250000000
92810  -11.009  28.798  66.067 0.1250000000
95305  -15.536  32.341  68.757 0.1250000000
95296  -15.875  32.819  69.170 0.1250000000
95816  -16.363  33.367  69.405 0.1250000000
92108  -7.773  27.709  67.505 0.1250000000
93500  -12.508  29.388  66.296 0.1250000000
96416  -17.830  34.541  69.273 0.1250000000
119049  -8.341  28.522  67.288 0.1250000000
134837  -10.289  28.756  66.253 0.1250000000
93499  -11.542  29.539  66.290 0.1250000000
95314  -14.950  32.615  68.302 0.1250000000
95815  -15.774  33.634  69.250 0.1250000000
115104  -9.662  29.057  66.577 0.1250000000
95826  -19.299  33.192  68.810 0.1250000000
93497  -9.677  29.929  66.958 0.1250000000
132735  -18.927  33.614  68.211 0.1250000000
135802  -8.723  29.837  67.776 0.1250000000
94170  -5.788  30.506  71.557 0.1250000000
93468  -6.120  30.164  70.618 0.1250000000
94176  -7.741  31.342  69.672 0.1250000000
94192  -10.576  31.091  66.908 0.1250000000
94186  -8.827  31.075  68.153 0.1250000000
94203  -12.214  30.268  66.508 0.1250000000
94193  -12.967  30.933  66.734 0.1250000000
94783  -13.735  31.596  67.058 0.1250000000
135328  -13.920  32.305  67.242 0.1250000000
95313  -14.288  32.819  67.679 0.1250000000
95834  -14.632  33.487  68.229 0.1250000000
94784  -14.600  32.003  67.697 0.1250000000
123213  -15.258  33.095  68.832 0.1250000000
94202  -11.174  30.456  66.565 0.1250000000
121449  -14.467  31.274  67.415 0.1250000000
96424  -17.189  35.158  69.391 0.1250000000
93498  -10.497  29.575  66.462 0.1250000000
96434  -18.654  34.632  68.233 0.1250000000
95824  -15.105  33.958  68.877 0.1250000000
94790  -12.013  31.035  66.701 0.1250000000
96423  -15.885  34.687  69.338 0.1250000000
128971  -12.731  31.625  66.785 0.1250000000
129145  -16.484  35.629  69.361 0.1250000000
96426  -18.415  35.235  68.452 0.1250000000
97017  -18.120  35.954  68.420 0.1250000000
97024  -18.401  35.543  68.052 0.1250000000
94782  -11.820  31.732  66.727 0.1250000000
128255  -12.504  32.306  66.780 0.1250000000
95312  -13.368  32.864  67.038 0.1250000000
96433  -18.192  34.881  67.539 0.1250000000
134059  -13.279  32.139  66.952 0.1250000000
97016  -17.487  36.202  69.031 0.1250000000
96425  -18.113  35.367  68.925 0.1250000000
95833  -13.873  33.562  67.547 0.1250000000
97623  -17.545  36.991  68.300 0.1250000000
124538  -13.430  34.248  67.463 0.1250000000
97628  -18.033  36.426  67.893 0.1250000000
96422  -14.621  34.250  68.414 0.1250000000
119965  -14.928  34.800  68.866 0.1250000000
97014  -15.507  35.587  69.193 0.1250000000
97015  -16.311  36.418  69.175 0.1250000000
118407  -14.097  34.213  67.956 0.1250000000
96432  -14.279  34.902  68.271 0.1250000000
97621  -16.017  37.325  68.942 0.1250000000
98203  -16.717  38.220  68.663 0.1250000000
98204  -17.190  38.114  68.364 0.1250000000
98209  -17.450  37.940  67.915 0.1250000000
97620  -14.971  37.383  68.768 0.1250000000
75482  -48.762  6.478  43.069 0.1250000000
68282  -47.678  -2.055  48.111 0.1250000000
69219  -48.376  -0.699  47.570 0.1250000000
70131  -48.652  0.226  47.315 0.1250000000
82175  -15.320  15.262  76.072 0.1250000000
83012  -15.233  15.806  76.349 0.1250000000
138376  -18.157  15.776  75.428 0.1250000000
83915  -15.524  16.349  75.781 0.1250000000
116356  -17.094  14.511  74.191 0.1250000000
83010  -13.798  16.157  77.092 0.1250000000
82173  -12.699  15.750  75.888 0.1250000000
117927  -11.827  15.010  76.153 0.1250000000
71085  -43.999  1.045  49.329 0.1250000000
68100  -36.428  -1.220  61.248 0.1250000000
73699  -46.441  4.669  46.310 0.1250000000
74669  -53.363  5.695  38.445 0.1250000000
78821  -15.756  10.261  66.800 0.1250000000
79627  -13.942  11.156  70.264 0.1250000000
78814  -16.167  10.874  67.012 0.1250000000
131588  -2.664  7.928  63.470 0.1250000000
83431  -55.207  15.617  32.748 0.1250000000
130680  -13.398  11.367  76.094 0.1250000000
124474  -13.170  12.453  78.836 0.1250000000
80399  -13.598  12.986  76.841 0.1250000000
80416  -14.333  12.844  74.330 0.1250000000
57261  -40.564  -13.190  58.360 0.1250000000
80430  -14.428  12.373  72.575 0.1250000000
84748  -19.753  17.616  73.869 0.1250000000
82193  -16.210  14.293  74.082 0.1250000000
81308  -14.790  13.235  73.743 0.1250000000
117692  -38.206  -13.441  60.126 0.1250000000
48958  -24.732  -21.868  76.210 0.1250000000
118471  -50.586  2.443  46.371 0.1250000000
121014  -40.713  0.466  56.548 0.1250000000
138222  -40.702  0.426  55.231 0.1250000000
117909  -41.342  0.608  55.016 0.1250000000
118568  -40.168  0.269  53.924 0.1250000000
70051  -40.372  0.184  53.120 0.1250000000
90062  -9.838  24.784  69.802 0.1250000000
92780  -4.989  28.711  70.531 0.1250000000
78733  -10.324  10.788  80.291 0.1250000000
82544  -51.218  14.446  33.921 0.1250000000
81316  -10.133  13.245  72.251 0.1250000000
90744  -6.795  25.861  68.868 0.1250000000
93472  -5.667  29.272  70.054 0.1250000000
92790  -6.135  28.743  69.247 0.1250000000
136716  -39.848  0.078  53.471 0.1250000000
69154  -39.374  -0.215  52.070 0.1250000000
69203  -39.331  -0.195  48.637 0.1250000000
135600  -40.938  0.674  47.134 0.1250000000
123063  -40.451  0.788  46.002 0.1250000000
70016  -39.990  0.075  58.034 0.1250000000
69114  -39.338  -0.105  56.790 0.1250000000
70137  -39.064  0.072  45.998 0.1250000000
71130  -42.031  1.748  45.616 0.1250000000
71993  -43.280  2.122  46.446 0.1250000000
71138  -41.618  1.784  44.989 0.1250000000
134959  -42.586  2.186  45.585 0.1250000000
71136  -40.580  1.334  44.462 0.1250000000
71137  -41.253  1.734  44.364 0.1250000000
132332  -41.375  1.970  42.732 0.1250000000
117223  -39.801  0.018  59.454 0.1250000000
128750  -37.775  -0.599  59.098 0.1250000000
69102  -36.996  -0.983  57.984 0.1250000000
69103  -37.637  -0.739  57.406 0.1250000000
69076  -36.783  -1.002  59.818 0.1250000000
72862  -44.138  3.678  44.457 0.1250000000
120504  -42.936  2.961  43.091 0.1250000000
136824  -40.513  1.942  41.161 0.1250000000
123811  -16.562  12.291  68.053 0.1250000000
79653  -16.613  11.606  67.429 0.1250000000
78815  -16.990  10.978  66.919 0.1250000000
78816  -17.690  10.821  67.348 0.1250000000
68137  -36.141  -1.183  59.424 0.1250000000
73698  -45.694  4.363  45.990 0.1250000000
73721  -44.505  3.919  43.883 0.1250000000
72869  -43.698  3.452  43.731 0.1250000000
72870  -44.293  3.788  43.007 0.1250000000
72891  -41.660  2.859  40.276 0.1250000000
72054  -40.332  2.353  40.460 0.1250000000
81346  -15.801  13.272  70.846 0.1250000000
80462  -17.243  12.766  68.267 0.1250000000
76240  -1.398  7.641  61.816 0.1250000000
74593  -46.680  5.362  45.195 0.1250000000
72878  -44.034  3.686  42.040 0.1250000000
120451  -43.061  3.433  40.538 0.1250000000
73764  -39.213  4.321  39.105 0.1250000000
80463  -18.015  12.655  67.998 0.1250000000
80465  -19.279  12.286  68.563 0.1250000000
73740  -45.992  5.007  42.933 0.1250000000
73747  -44.908  4.414  41.262 0.1250000000
73754  -43.863  4.229  39.781 0.1250000000
72885  -44.203  3.926  41.193 0.1250000000
72904  -43.215  3.807  39.913 0.1250000000
73772  -40.639  4.634  38.703 0.1250000000
81318  -15.351  13.460  72.999 0.1250000000
81350  -19.449  13.799  70.529 0.1250000000
78786  -22.420  10.858  70.228 0.1250000000
77936  -23.466  9.606  72.887 0.1250000000
132994  -47.454  5.809  43.283 0.1250000000
74645  -46.370  5.931  39.757 0.1250000000
73765  -43.169  4.264  39.221 0.1250000000
75524  -45.103  6.291  38.212 0.1250000000
74652  -40.618  6.033  38.563 0.1250000000
74654  -42.939  5.362  38.351 0.1250000000
81282  -13.428  14.283  78.066 0.1250000000
82240  -18.946  14.062  71.122 0.1250000000
81337  -20.615  13.987  71.084 0.1250000000
78778  -24.411  11.081  71.856 0.1250000000
78760  -25.119  10.355  73.746 0.1250000000
74657  -45.597  5.780  38.992 0.1250000000
74653  -41.498  6.065  38.375 0.1250000000
83003  -12.606  15.391  77.969 0.1250000000
83031  -18.945  15.545  75.106 0.1250000000
79630  -23.458  11.887  70.680 0.1250000000
79614  -25.003  11.445  72.456 0.1250000000
80442  -25.507  12.744  72.374 0.1250000000
78762  -27.141  10.521  74.182 0.1250000000
75521  -41.788  6.753  38.310 0.1250000000
76434  -41.627  7.526  38.448 0.1250000000
83044  -21.375  15.434  74.558 0.1250000000
81292  -10.834  13.435  74.944 0.1250000000
82198  -23.670  15.030  73.743 0.1250000000
136146  -23.236  13.683  71.895 0.1250000000
76453  -53.645  7.206  36.467 0.1250000000
133383  -19.256  16.792  75.329 0.1250000000
82199  -24.601  14.952  73.458 0.1250000000
81317  -10.888  13.552  72.427 0.1250000000
124556  -27.120  14.317  72.421 0.1250000000
80790  -59.022  12.701  30.224 0.1250000000
81700  -59.368  13.492  29.472 0.1250000000
83937  -15.857  16.995  73.940 0.1250000000
84740  -19.962  17.521  74.515 0.1250000000
83948  -26.119  16.624  72.682 0.1250000000
83950  -27.837  16.258  72.055 0.1250000000
80771  -58.674  12.507  31.858 0.1250000000
80778  -58.909  12.666  31.108 0.1250000000
82568  -58.613  14.505  31.259 0.1250000000
81701  -59.567  14.429  28.646 0.1250000000
83946  -16.658  16.947  72.451 0.1250000000
83963  -15.408  16.399  70.623 0.1250000000
83071  -28.483  15.554  71.096 0.1250000000
121624  -58.333  13.005  32.434 0.1250000000
84770  -18.875  17.417  71.213 0.1250000000
115695  -15.228  16.442  69.602 0.1250000000
85525  -24.246  17.952  72.259 0.1250000000
85534  -26.590  18.521  71.035 0.1250000000
84797  -15.476  17.201  67.987 0.1250000000
84798  -16.376  17.475  68.203 0.1250000000
83995  -14.565  16.997  67.826 0.1250000000
84814  -16.748  18.144  67.718 0.1250000000
84784  -26.371  18.294  70.494 0.1250000000
85565  -17.812  19.201  67.937 0.1250000000
132187  -21.778  19.789  69.944 0.1250000000
116116  -17.079  18.912  67.474 0.1250000000
86275  -25.236  20.403  70.713 0.1250000000
86287  -17.814  20.047  67.966 0.1250000000
87076  -23.182  21.463  70.540 0.1250000000
87093  -17.566  20.890  68.110 0.1250000000
119431  -18.333  22.443  69.896 0.1250000000
131642  -17.634  22.944  70.302 0.1250000000
125570  -16.362  23.997  71.948 0.1250000000
90030  -16.292  25.089  72.802 0.1250000000
92084  -16.974  27.474  72.000 0.1250000000
91419  -19.237  26.349  72.185 0.1250000000
91424  -19.889  26.919  71.438 0.1250000000
91430  -15.405  26.500  69.862 0.1250000000
130661  -21.355  27.249  70.306 0.1250000000
92093  -20.578  27.449  70.708 0.1250000000
92091  -18.263  28.128  71.327 0.1250000000
92092  -19.481  27.778  71.044 0.1250000000
92099  -21.855  27.894  69.507 0.1250000000
92793  -21.014  28.819  69.706 0.1250000000
92785  -20.251  28.267  70.320 0.1250000000
92098  -16.572  27.675  70.599 0.1250000000
92089  -16.943  27.914  71.272 0.1250000000
91453  -11.577  26.223  66.034 0.1250000000
91439  -15.582  27.050  68.767 0.1250000000
92799  -16.577  28.209  69.756 0.1250000000
92792  -17.403  28.986  70.288 0.1250000000
93475  -16.874  30.040  69.308 0.1250000000
94179  -18.097  30.914  69.576 0.1250000000
93469  -18.888  29.375  70.032 0.1250000000
93478  -19.775  29.938  69.492 0.1250000000
94777  -20.346  31.388  68.691 0.1250000000
91454  -12.869  26.644  66.062 0.1250000000
121626  -19.127  28.596  70.545 0.1250000000
93479  -20.814  29.661  69.278 0.1250000000
93480  -21.689  29.287  69.044 0.1250000000
115743  -9.787  28.219  66.286 0.1250000000
93485  -16.118  30.010  68.355 0.1250000000
94177  -16.720  30.740  69.098 0.1250000000
92123  -10.948  27.346  65.732 0.1250000000
92805  -14.958  28.700  67.212 0.1250000000
93502  -14.187  28.982  66.749 0.1250000000
93492  -15.608  29.394  67.786 0.1250000000
94195  -14.666  30.584  67.418 0.1250000000
94767  -17.493  31.503  69.490 0.1250000000
94175  -7.430  31.036  69.946 0.1250000000
119602  -15.206  36.464  69.016 0.1250000000
31176  -10.138  -41.690  76.987 0.1250000000
31178  -10.766  -41.678  77.492 0.1250000000
32091  -10.453  -41.074  77.391 0.1250000000
32985  -11.597  -39.431  79.307 0.3750000000
33001  -12.832  -41.074  77.132 0.1250000000
33762  -9.148  -38.361  79.230 0.3750000000
33765  -11.190  -38.640  79.770 0.3750000000
33767  -12.721  -38.674  79.533 0.3750000000
33787  -15.065  -38.978  76.691 0.3750000000
33798  -15.021  -38.667  74.411 0.1250000000
34542  -9.805  -38.380  80.146 0.3750000000
34552  -15.505  -37.864  78.363 0.3750000000
34565  -15.596  -38.250  74.764 0.2500000000
35313  -11.521  -36.875  80.216 0.3750000000
35315  -12.954  -37.135  79.452 0.5000000000
35316  -13.564  -37.152  79.189 0.5000000000
35325  -16.425  -37.047  77.941 0.5000000000
35330  -18.146  -36.687  76.575 0.3750000000
35332  -17.392  -37.622  77.034 0.3750000000
35335  -18.069  -37.455  75.993 0.3750000000
35364  -18.080  -37.594  73.124 0.1250000000
36137  -11.714  -36.297  79.844 0.5000000000
36142  -13.583  -36.778  79.007 0.3750000000
36144  -14.817  -36.782  78.625 0.5000000000
36155  -18.522  -36.319  76.076 0.3750000000
36159  -18.330  -36.518  75.542 0.3750000000
36160  -18.406  -36.426  75.384 0.3750000000
36178  -18.375  -36.918  72.829 0.2500000000
36186  -19.005  -35.920  71.818 0.1250000000
37014  -12.653  -35.993  79.036 0.6250000000
37030  -19.319  -35.403  76.093 0.5000000000
37060  -19.753  -35.225  72.116 0.1250000000
37069  -20.651  -34.549  71.284 0.1250000000
37080  -19.558  -35.191  70.888 0.1250000000
37095  -20.770  -34.407  70.145 0.1250000000
37113  -21.242  -33.920  69.491 0.1250000000
37903  -15.415  -35.490  77.456 0.5000000000
37915  -20.364  -33.951  74.688 0.5000000000
37916  -21.014  -33.691  74.154 0.5000000000
37938  -21.584  -34.057  72.605 0.2500000000
37951  -21.552  -34.300  71.340 0.2500000000
37966  -9.530  -34.560  70.088 0.1250000000
37997  -10.007  -34.581  68.978 0.1250000000
38734  -9.526  -33.571  81.321 0.7500000000
38756  -18.973  -33.908  76.640 0.6250000000
38770  -20.109  -33.576  75.725 0.5000000000
38785  -21.518  -33.471  73.625 0.3750000000
38815  -22.308  -34.103  70.862 0.2500000000
38859  -3.169  -33.307  67.113 0.1250000000
38864  -9.983  -32.723  67.193 0.1250000000
38872  -22.618  -33.740  66.787 0.1250000000
39581  -20.793  -31.747  75.107 0.6250000000
39604  -22.037  -32.636  73.045 0.5000000000
39624  -24.019  -33.058  70.155 0.2500000000
39637  -9.140  -32.817  68.122 0.1250000000
39638  -24.434  -32.825  68.514 0.1250000000
39646  -8.783  -32.424  67.555 0.1250000000
39656  -10.030  -32.302  66.510 0.1250000000
40409  -9.303  -31.279  81.060 0.8750000000
40414  -9.973  -31.060  80.053 0.8750000000
40417  -5.560  -32.275  78.757 0.5000000000
40443  -21.035  -31.131  74.769 0.3750000000
40444  -21.200  -31.059  74.253 0.3750000000
40453  -14.801  -31.911  72.867 1.0000000000
40475  -22.971  -31.703  71.767 0.2500000000
40483  -23.679  -31.447  70.386 0.2500000000
40502  -1.377  -31.034  67.513 0.1250000000
41246  -10.496  -30.630  78.944 0.8750000000
41271  -21.375  -30.490  74.171 0.5000000000
41276  -21.604  -30.366  73.899 0.5000000000
41284  -12.514  -30.533  72.403 0.8750000000
41287  -22.163  -30.830  73.055 0.5000000000
41296  -15.086  -30.264  71.628 1.0000000000
42253  -21.241  -29.189  75.150 0.5000000000
42277  -21.840  -29.716  71.855 0.2500000000
42284  -13.135  -29.346  70.681 1.0000000000
42301  -22.640  -29.972  68.927 0.2500000000
42368  -2.027  -29.049  61.526 0.1250000000
43203  -7.140  -28.828  79.743 0.8750000000
43219  -18.665  -27.718  78.281 0.6250000000
43220  -19.559  -27.684  78.038 0.6250000000
43225  -20.460  -28.174  77.016 0.6250000000
43232  -20.743  -28.143  75.973 0.5000000000
43238  -21.411  -29.204  74.668 0.5000000000
43250  -21.558  -29.063  73.451 0.5000000000
43254  -21.387  -29.058  72.680 0.2500000000
43263  -15.358  -28.892  71.463 1.0000000000
43297  -12.857  -28.209  69.767 1.0000000000
43298  -13.580  -28.131  69.787 1.0000000000
43376  -4.690  -28.416  60.349 0.1250000000
44131  -17.356  -26.808  78.387 0.6250000000
44133  -18.378  -26.920  79.027 0.6250000000
44136  -10.422  -28.312  78.352 0.8750000000
44159  -20.868  -27.998  75.631 0.5000000000
44163  -15.439  -27.769  74.049 0.8750000000
44164  -21.182  -28.474  74.413 0.5000000000
44179  -20.688  -27.743  73.197 0.2500000000
44199  -4.260  -27.241  70.619 0.3750000000
44217  -20.867  -28.842  69.335 0.2500000000
44262  -5.931  -27.275  65.238 0.2500000000
44316  -3.602  -26.982  60.857 0.1250000000
44338  -5.109  -28.047  60.004 0.1250000000
45112  -17.967  -26.133  79.777 0.6250000000
45123  -0.364  -26.665  78.749 0.6250000000
45126  -13.904  -25.921  77.509 0.7500000000
45129  -19.681  -26.344  78.609 0.5000000000
45130  -20.077  -26.255  78.135 0.5000000000
45186  -11.314  -26.815  69.632 1.0000000000
45210  -13.663  -27.214  69.376 1.0000000000
45227  -6.448  -26.112  68.051 0.2500000000
46133  -18.066  -25.339  80.073 0.6250000000
46135  -19.443  -25.306  79.836 0.5000000000
46137  -0.431  -25.215  79.259 0.7500000000
46145  -19.345  -25.938  79.426 0.6250000000
46151  -20.083  -25.337  78.848 0.5000000000
46157  -0.583  -25.613  75.456 0.7500000000
46165  -20.484  -26.241  75.237 0.2500000000
46167  -9.699  -25.838  74.823 1.0000000000
47082  -16.057  -24.222  79.894 0.7500000000
47087  -0.163  -25.192  79.252 0.7500000000
47092  -14.828  -24.282  78.906 0.7500000000
47093  -19.964  -24.958  79.498 0.5000000000
47094  0.045  -24.948  78.848 0.7500000000
47096  -13.635  -24.646  78.208 0.7500000000
47111  -20.089  -23.881  75.009 0.2500000000
47114  -9.242  -24.475  74.116 1.0000000000
47124  -9.900  -24.263  72.352 1.0000000000
47127  -20.220  -23.982  72.181 0.1250000000
47145  -2.640  -24.809  68.880 0.3750000000
47163  -6.495  -25.006  67.019 0.2500000000
47981  -17.486  -23.136  80.994 0.7500000000
47988  -19.902  -24.033  79.810 0.5000000000
47993  -13.686  -23.071  78.690 0.7500000000
47996  -13.531  -23.827  78.058 0.7500000000
48005  -13.825  -22.636  76.054 0.7500000000
48013  -20.154  -23.042  74.099 0.2500000000
48037  -11.484  -22.956  68.380 1.0000000000
48039  -13.362  -23.626  68.364 1.0000000000
48927  -14.599  -22.962  79.283 0.7500000000
48930  -18.137  -22.728  80.878 0.6250000000
48931  -18.661  -22.237  80.721 0.5000000000
48935  -20.095  -22.446  79.900 0.5000000000
48939  -13.943  -22.255  79.083 0.7500000000
48956  -23.206  -22.117  76.620 0.2500000000
48965  -20.614  -22.279  75.564 0.2500000000
48967  -24.298  -22.090  75.570 0.1250000000
48988  -14.284  -22.447  73.142 0.8750000000
48989  -20.289  -22.713  74.405 0.2500000000
49001  -14.199  -22.933  72.355 0.8750000000
49040  -11.558  -22.327  68.427 1.0000000000
49052  -12.893  -22.123  67.887 1.0000000000
49054  -14.032  -22.581  68.572 1.0000000000
49932  -16.222  -21.223  80.168 0.7500000000
49935  -18.012  -21.440  80.979 0.7500000000
49941  -15.774  -21.364  78.887 0.7500000000
49951  -15.079  -21.953  78.611 0.7500000000
49969  -23.645  -21.684  77.363 0.3750000000
49970  -24.341  -21.607  76.927 0.1250000000
49975  -8.917  -21.950  76.009 1.0000000000
49977  -14.625  -21.305  76.830 0.7500000000
49982  -25.017  -21.724  76.336 0.1250000000
50000  -20.893  -21.941  75.178 0.1250000000
50046  -11.942  -21.046  68.469 1.0000000000
50107  -3.908  -20.422  63.902 0.5000000000
50851  -16.698  -20.548  80.657 0.7500000000
50871  -15.414  -21.648  78.232 0.7500000000
50872  -16.005  -20.835  78.486 0.7500000000
50875  -21.779  -21.056  79.320 0.5000000000
50894  -28.491  -20.176  75.694 0.1250000000
50901  -28.757  -20.378  75.552 0.1250000000
50925  -10.220  -20.250  70.853 1.0000000000
50932  -11.139  -20.301  69.480 1.0000000000
50944  -0.845  -19.957  67.926 0.8750000000
51711  -16.401  -19.740  79.463 0.7500000000
51722  -16.300  -19.383  78.738 0.7500000000
51740  -15.426  -19.496  76.664 0.7500000000
51748  -29.159  -19.499  75.563 0.1250000000
51752  -15.737  -19.126  75.017 0.7500000000
51759  -32.932  -19.291  73.704 0.6250000000
51763  -9.696  -19.544  71.993 1.0000000000
51789  -14.495  -19.523  68.036 1.0000000000
51819  -3.836  -19.748  62.433 0.5000000000
52533  -14.839  -17.419  76.596 0.7500000000
52560  -15.803  -18.250  71.382 0.8750000000
52567  -15.706  -18.718  70.631 0.8750000000
52614  -3.632  -18.906  61.905 0.6250000000
53304  -16.920  -18.042  79.424 0.7500000000
53318  -20.452  -17.133  80.240 0.7500000000
53323  -16.342  -17.196  78.553 0.7500000000
53325  -24.439  -17.752  78.075 0.6250000000
53334  -13.851  -16.963  76.967 0.7500000000
53343  -14.009  -17.519  76.165 0.7500000000
53365  -9.460  -17.466  73.197 1.0000000000
53366  -15.782  -17.577  71.917 0.8750000000
53371  -24.304  -17.552  72.408 1.0000000000
53420  -13.752  -17.630  67.552 1.0000000000
53431  -14.224  -17.462  67.699 1.0000000000
53445  -24.628  -17.396  66.167 0.8750000000
53481  -23.363  -17.525  63.155 0.8750000000
53503  -4.024  -17.768  61.344 0.5000000000
53505  -21.443  -17.358  61.525 0.8750000000
53507  -23.098  -17.520  60.971 0.8750000000
53518  -4.195  -17.375  60.857 0.3750000000
53524  -24.782  -17.282  60.949 0.8750000000
54284  -8.294  -16.650  80.060 1.0000000000
54319  -13.966  -16.853  75.692 0.7500000000
54345  -20.232  -16.901  73.434 1.0000000000
54374  -9.616  -16.641  71.991 1.0000000000
54394  -27.360  -16.286  70.941 1.0000000000
54402  -14.658  -16.779  68.766 1.0000000000
54403  -19.524  -16.259  69.500 1.0000000000
54438  -20.291  -17.148  65.362 1.0000000000
54521  -20.732  -16.123  59.736 0.7500000000
54522  -21.434  -16.443  59.565 0.7500000000
55239  0.244  -15.455  80.203 1.0000000000
55251  -18.587  -15.413  79.762 0.7500000000
55252  -19.694  -15.451  79.649 0.7500000000
55254  0.321  -15.559  79.572 1.0000000000
55261  -21.226  -15.525  78.368 0.7500000000
55263  -22.515  -15.969  77.696 0.7500000000
55269  -22.193  -15.783  77.354 0.7500000000
55272  -9.144  -15.500  76.250 1.0000000000
55277  -23.175  -16.195  76.870 0.7500000000
55279  -9.298  -15.612  75.483 1.0000000000
55281  -19.873  -14.873  75.698 0.8750000000
55285  -14.415  -15.219  74.680 0.7500000000
55309  -3.363  -17.020  71.777 0.8750000000
55389  -3.416  -14.490  64.190 0.7500000000
55403  -28.078  -15.929  62.631 0.8750000000
55412  -3.461  -15.257  62.740 0.8750000000
55445  -3.639  -15.128  60.643 0.3750000000
55462  -22.888  -15.608  58.183 0.7500000000
56177  -16.623  -14.974  77.934 0.7500000000
56182  -9.238  -14.581  77.609 1.0000000000
56184  -16.322  -14.405  77.189 0.7500000000
56193  -15.493  -14.526  76.718 0.7500000000
56195  -19.650  -14.249  76.045 0.7500000000
56197  -2.680  -15.103  75.787 1.0000000000
56214  -14.597  -14.102  74.110 0.8750000000
56217  -4.919  -15.012  72.153 0.8750000000
56255  -12.697  -14.809  68.269 1.0000000000
56256  -13.257  -14.684  68.384 1.0000000000
56266  -4.531  -15.302  67.242 0.8750000000
56296  -3.618  -13.909  64.514 0.7500000000
56305  -3.403  -14.213  63.623 0.7500000000
56312  -3.326  -14.031  63.112 0.7500000000
56387  -26.423  -14.636  57.323 0.7500000000
57063  -10.173  -12.718  82.148 1.0000000000
57080  -10.188  -13.296  80.311 1.0000000000
57082  0.367  -13.923  79.463 1.0000000000
57096  -18.481  -13.601  76.585 0.7500000000
57097  -19.131  -13.754  75.805 0.7500000000
57144  -10.895  -13.990  69.243 1.0000000000
57182  -5.152  -13.396  65.395 1.0000000000
57189  -3.881  -13.593  64.189 0.7500000000
57191  -4.168  -13.262  64.116 0.7500000000
57195  -30.853  -13.683  64.111 0.8750000000
57202  -3.237  -14.080  62.979 0.5000000000
57211  -3.423  -14.071  62.456 0.5000000000
57220  -3.583  -13.764  61.925 0.5000000000
57229  -3.496  -13.260  60.664 0.2500000000
57230  -3.604  -12.881  60.259 0.2500000000
57240  -4.039  -13.131  58.823 0.2500000000
57241  -18.772  -12.449  60.118 0.7500000000
57270  -26.770  -14.050  57.098 0.7500000000
57935  -10.653  -12.587  81.933 1.0000000000
57939  -10.863  -12.584  81.390 1.0000000000
57951  -3.440  -12.023  79.618 1.0000000000
57963  -9.478  -12.659  77.759 1.0000000000
57964  -1.713  -12.341  76.117 1.0000000000
57972  -18.025  -12.863  74.955 0.8750000000
57973  -4.117  -12.506  74.769 1.0000000000
57982  -9.444  -12.522  74.002 1.0000000000
58028  -40.644  -12.068  67.626 0.8750000000
58049  -3.398  -13.818  63.412 0.7500000000
58050  -4.002  -13.223  63.695 0.7500000000
58051  -4.263  -12.995  63.478 0.7500000000
58053  -4.991  -13.092  64.033 0.7500000000
58059  -33.448  -12.625  64.319 0.8750000000
58064  -3.198  -13.979  63.063 0.5000000000
58065  -3.559  -13.256  63.039 0.7500000000
58071  -31.915  -12.786  63.215 0.8750000000
58079  -4.065  -12.862  62.677 0.3750000000
58085  -30.984  -12.650  61.579 0.8750000000
58092  -3.851  -13.665  61.978 0.6250000000
58093  -3.948  -12.956  62.066 0.3750000000
58094  -4.027  -12.868  62.037 0.3750000000
58104  -3.755  -13.320  61.781 0.6250000000
58105  -3.596  -12.796  61.005 0.3750000000
58107  -4.380  -12.418  60.247 0.2500000000
58112  -30.301  -12.597  60.287 0.8750000000
58804  -8.685  -11.662  81.582 0.8750000000
58810  -2.715  -11.826  79.986 1.0000000000
58827  0.740  -11.287  79.047 1.0000000000
58850  -16.942  -11.619  73.606 0.8750000000
58855  -16.782  -11.302  72.818 0.8750000000
58879  -18.039  -11.443  69.197 1.0000000000
58884  -7.282  -11.184  67.583 0.8750000000
58917  -3.263  -13.227  62.897 0.5000000000
58918  -2.894  -12.917  63.047 0.7500000000
58930  -3.250  -13.009  62.873 0.7500000000
58931  -3.956  -12.910  62.829 0.3750000000
58936  -24.270  -12.103  63.221 0.6250000000
58940  -36.004  -10.718  62.928 0.8750000000
58963  -3.768  -12.983  61.599 0.3750000000
58988  -31.587  -11.230  59.480 0.8750000000
59007  -32.248  -10.885  59.046 0.8750000000
59016  -28.783  -12.115  57.359 0.7500000000
59704  -0.052  -9.976  79.808 1.0000000000
59710  -11.757  -10.603  80.303 1.0000000000
59724  -9.552  -10.222  77.041 1.0000000000
59789  -17.935  -10.761  66.391 1.0000000000
59831  -34.995  -10.713  61.130 0.8750000000
59860  -36.197  -9.779  59.812 0.8750000000
59872  -32.817  -10.575  58.313 0.8750000000
59903  -33.088  -10.117  56.832 0.8750000000
59910  -25.938  -9.724  55.863 0.6250000000
60693  0.503  -8.238  79.076 1.0000000000
60703  0.051  -8.226  77.649 1.0000000000
60709  -10.062  -8.983  77.232 0.8750000000
60759  -24.286  -11.107  65.361 0.3750000000
60805  -46.070  -10.136  61.356 0.7500000000
60842  -20.388  -9.184  57.665 0.6250000000
60845  -34.793  -9.781  57.193 0.8750000000
60871  -36.157  -8.945  55.821 0.8750000000
60881  -32.174  -9.329  54.468 0.7500000000
61621  -13.461  -8.484  80.638 0.7500000000
61622  0.415  -7.394  79.133 1.0000000000
61629  0.551  -7.607  79.080 1.0000000000
61640  0.589  -7.550  78.904 1.0000000000
61675  -10.927  -8.818  69.560 0.8750000000
61690  -24.591  -9.968  67.618 0.2500000000
61721  -43.161  -8.332  63.751 0.8750000000
61729  -26.559  -9.022  63.267 0.3750000000
61732  -41.374  -7.602  63.415 1.0000000000
61751  -18.351  -8.774  60.306 0.7500000000
61765  -18.503  -8.576  59.480 0.6250000000
61775  -18.773  -8.398  58.663 0.6250000000
61778  -22.066  -8.423  58.344 0.6250000000
61791  -37.974  -8.723  57.038 1.0000000000
61810  -27.145  -8.531  55.156 0.6250000000
61821  -32.648  -8.892  54.065 0.7500000000
61825  -36.338  -8.133  54.648 0.8750000000
61830  -33.008  -8.245  53.910 0.8750000000
62516  -11.848  -7.481  82.972 0.7500000000
62518  -13.471  -7.498  81.830 0.6250000000
62520  -10.372  -7.760  82.557 0.8750000000
62527  0.358  -7.126  79.026 1.0000000000
62532  0.628  -7.443  78.943 1.0000000000
62533  0.530  -7.255  78.901 1.0000000000
62542  0.565  -7.326  78.821 1.0000000000
62552  -10.608  -7.525  75.553 0.8750000000
62573  -10.765  -7.715  71.557 0.8750000000
62647  -26.308  -7.896  61.118 0.3750000000
62648  -26.394  -7.218  61.795 0.3750000000
62699  -21.285  -7.647  57.563 0.6250000000
62700  -26.380  -7.681  57.759 0.5000000000
62705  -49.660  -7.519  57.679 1.0000000000
62708  -27.155  -7.292  56.157 0.5000000000
62719  -39.090  -7.259  54.918 1.0000000000
62720  -40.169  -6.991  55.512 1.0000000000
62722  -49.257  -6.763  56.377 1.0000000000
62724  -27.645  -7.789  55.076 0.7500000000
62726  -29.600  -7.723  54.444 0.6250000000
62727  -30.849  -7.599  54.183 0.7500000000
62728  -31.705  -7.893  53.858 0.6250000000
62731  -34.495  -7.267  54.141 0.7500000000
62740  -33.182  -7.538  53.964 0.7500000000
63409  0.625  -7.374  78.921 1.0000000000
63434  -10.800  -7.041  75.263 0.8750000000
63438  -23.595  -7.139  75.741 0.1250000000
63488  -3.091  -6.706  69.071 0.8750000000
63594  -19.646  -6.574  57.410 0.5000000000
63595  -20.484  -6.683  57.330 0.5000000000
63609  -27.509  -6.700  56.746 0.5000000000
63626  -41.456  -6.155  55.970 1.0000000000
63631  -28.789  -6.992  54.955 0.6250000000
63638  -35.847  -6.780  54.348 0.7500000000
63639  -37.445  -6.513  54.445 0.7500000000
64287  -14.940  -5.550  80.395 0.6250000000
64310  -23.168  -5.906  77.162 0.1250000000
64311  -23.751  -6.355  77.120 0.1250000000
64319  -15.222  -4.967  76.033 0.6250000000
64325  -28.804  -6.267  75.713 0.1250000000
64326  -0.902  -3.839  73.478 1.0000000000
64327  -2.340  -4.046  73.796 1.0000000000
64334  -22.878  -5.670  74.927 0.1250000000
64338  -0.810  -3.916  73.137 1.0000000000
64344  -14.363  -4.793  74.033 0.7500000000
64349  -0.822  -3.859  73.097 1.0000000000
64350  -1.299  -4.035  73.072 1.0000000000
64371  -28.390  -6.088  69.720 0.3750000000
64390  -12.810  -6.093  66.942 0.8750000000
64399  -2.125  -5.518  66.201 0.8750000000
64416  -27.253  -6.080  65.737 0.3750000000
64466  -23.357  -5.834  62.477 0.3750000000
64477  -16.443  -5.706  61.365 0.6250000000
64483  -29.715  -5.511  61.623 0.3750000000
64496  -27.474  -5.713  60.683 0.3750000000
64508  -26.958  -6.055  60.290 0.3750000000
64536  -27.778  -5.964  58.207 0.3750000000
64553  -33.623  -5.246  56.657 0.7500000000
64560  -49.569  -5.713  56.745 1.0000000000
64563  -29.844  -5.951  55.869 0.5000000000
64571  -37.165  -5.252  54.922 0.7500000000
64577  -49.266  -5.407  56.329 1.0000000000
64589  -39.640  -5.907  54.891 0.8750000000
65252  -15.136  -4.166  81.282 0.6250000000
65264  -8.250  -4.650  80.364 0.7500000000
65284  -25.158  -4.953  77.196 0.1250000000
65292  -0.992  -3.750  74.044 1.0000000000
65293  -1.402  -3.778  74.217 1.0000000000
65304  -0.957  -3.762  73.281 1.0000000000
65305  -2.188  -3.825  73.261 1.0000000000
65308  -4.996  -4.598  73.582 1.0000000000
65313  -22.680  -5.149  74.170 0.1250000000
65315  -2.240  -4.077  72.699 1.0000000000
65319  -6.244  -4.172  72.762 1.0000000000
65320  -14.463  -4.224  72.478 0.7500000000
65406  -2.477  -4.140  62.943 0.6250000000
65430  -22.550  -4.801  60.891 0.5000000000
65439  -34.832  -4.625  59.502 0.5000000000
65477  -41.509  -4.373  55.990 0.8750000000
65486  -38.333  -4.633  55.399 0.7500000000
65489  -48.879  -4.993  55.948 1.0000000000
66192  -1.415  -3.731  74.057 1.0000000000
66196  -15.076  -3.580  74.643 0.6250000000
66199  -1.347  -3.634  74.062 1.0000000000
66200  -1.996  -3.685  73.509 1.0000000000
66209  -1.005  -3.702  73.041 1.0000000000
66210  -1.475  -3.393  73.297 1.0000000000
66211  -2.156  -3.748  73.205 1.0000000000
66216  -22.306  -3.937  72.784 0.1250000000
66219  -1.135  -3.734  72.816 1.0000000000
66275  -37.966  -3.292  65.842 0.3750000000
66346  -19.772  -3.059  57.806 0.5000000000
66347  -20.437  -3.662  57.788 0.5000000000
66348  -21.034  -3.504  58.356 0.5000000000
66371  -38.938  -3.714  56.591 0.7500000000
67034  -14.420  -2.727  81.432 0.6250000000
67037  -6.970  -2.598  80.596 1.0000000000
67061  -21.318  -2.648  77.255 0.1250000000
67111  -14.928  -2.884  71.329 0.6250000000
67114  -32.606  -3.289  71.850 0.2500000000
67117  -8.254  -2.087  70.237 0.8750000000
67120  -22.322  -2.663  70.647 0.1250000000
67125  -8.348  -1.982  69.490 0.7500000000
67131  -7.694  -2.398  68.392 0.7500000000
67137  -6.632  -2.763  67.419 0.7500000000
67157  -5.938  -2.394  65.773 0.7500000000
67165  -37.145  -3.359  65.916 0.5000000000
67168  -38.818  -2.256  65.764 0.3750000000
67174  -21.752  -2.542  64.452 0.2500000000
67218  -16.480  -2.632  61.042 0.5000000000
67221  -39.987  -2.448  60.462 0.8750000000
67229  -20.815  -2.013  59.004 0.3750000000
67927  -11.687  -1.532  77.870 0.5000000000
67945  -11.084  -0.827  76.754 0.5000000000
67979  -31.241  -1.643  74.063 0.1250000000
67980  -32.045  -1.853  73.605 0.1250000000
68019  -29.954  -1.919  68.094 0.2500000000
68040  -29.993  -1.859  64.933 0.1250000000
68058  -40.447  -1.240  64.349 0.5000000000
68060  -3.471  -1.696  63.268 0.6250000000
68063  -5.539  -0.930  63.820 0.7500000000
68152  -19.619  -1.622  58.503 0.3750000000
68174  -34.579  -1.592  57.242 0.1250000000
68867  -14.781  -0.536  80.434 0.6250000000
68884  -7.079  -0.008  77.749 0.8750000000
68926  -29.669  -0.495  74.625 0.1250000000
68937  -31.166  -0.108  73.953 0.1250000000
68949  -33.935  -0.670  72.285 0.1250000000
68951  -8.185  -1.040  70.733 0.6250000000
68961  -33.632  -0.880  71.518 0.1250000000
68977  -21.676  -0.466  68.987 0.1250000000
68982  -31.563  -0.259  69.669 0.1250000000
68992  -30.217  -0.480  67.702 0.1250000000
68998  -8.140  -0.457  64.933 0.6250000000
69006  -21.594  -0.305  64.104 0.2500000000
69011  -41.696  -0.388  64.355 0.6250000000
69013  -3.468  -0.106  62.927 0.2500000000
69023  -42.795  -0.053  64.110 0.7500000000
69027  -21.492  -0.340  62.523 0.2500000000
69054  -21.303  -0.643  60.736 0.2500000000
69813  -12.363  0.912  78.893 0.5000000000
69817  -6.131  0.497  77.617 0.8750000000
69838  -10.166  0.648  75.023 0.6250000000
69887  -34.406  0.090  71.461 0.1250000000
69922  -30.521  0.277  67.536 0.1250000000
69953  -43.658  0.771  63.744 0.6250000000
69954  -44.237  0.967  63.648 0.6250000000
69955  -3.454  0.570  62.634 0.2500000000
69960  -41.471  0.621  63.143 0.6250000000
69973  -45.848  0.846  62.505 0.6250000000
69975  -3.338  0.366  61.256 0.2500000000
70000  -47.764  0.878  60.309 0.5000000000
70054  -43.499  0.837  53.625 0.2500000000
70082  -39.972  -0.159  51.432 0.1250000000
70851  -32.848  1.097  72.895 0.1250000000
70863  -34.456  1.637  72.099 0.1250000000
70875  -34.212  0.972  70.434 0.1250000000
70892  -13.706  1.545  68.633 0.6250000000
70921  -29.884  0.918  64.579 0.1250000000
70928  -30.174  1.489  64.300 0.1250000000
70929  -3.572  1.157  62.694 0.2500000000
70934  -7.265  1.001  63.587 0.7500000000
70935  -15.753  1.644  63.968 0.2500000000
70941  -43.178  1.018  63.481 0.6250000000
70966  -3.292  1.114  61.068 0.2500000000
70994  -45.529  2.215  58.361 0.3750000000
71004  -42.645  1.315  57.610 0.2500000000
71715  -14.625  2.237  78.660 0.5000000000
71738  -10.204  2.003  74.499 0.5000000000
71747  -8.129  3.009  73.590 0.7500000000
71785  -35.778  2.670  70.383 0.1250000000
71788  -7.209  2.141  69.037 0.6250000000
71789  -13.454  2.475  69.623 0.5000000000
71810  -34.980  2.728  69.376 0.1250000000
71846  -14.740  3.691  64.566 0.1250000000
71867  -19.625  2.894  62.348 0.2500000000
71872  -3.382  2.672  61.621 0.1250000000
72620  -9.609  3.381  74.007 0.6250000000
72631  -9.052  3.993  73.732 0.6250000000
72656  -12.797  3.924  70.992 0.3750000000
72676  -7.348  3.510  68.278 0.6250000000
72691  -32.944  3.339  67.253 0.1250000000
72717  -32.369  3.749  65.558 0.1250000000
72727  -3.606  4.042  62.270 0.1250000000
72729  -4.439  3.069  62.680 0.2500000000
72745  -32.026  4.002  62.882 0.1250000000
72746  -3.321  3.965  61.854 0.1250000000
73440  -14.230  3.908  80.457 0.5000000000
73444  -14.453  3.939  80.179 0.5000000000
73451  -10.640  4.624  77.052 0.5000000000
73465  -9.953  4.752  74.686 0.6250000000
73474  -12.856  3.756  73.423 0.3750000000
73481  -12.518  4.299  72.285 0.3750000000
73491  -34.591  4.062  71.440 0.1250000000
73492  -2.634  4.720  71.254 0.7500000000
73495  -12.698  4.673  70.953 0.3750000000
73504  -36.229  4.004  70.282 0.1250000000
73517  -36.475  3.904  69.882 0.1250000000
73518  -6.503  4.796  68.783 0.6250000000
73537  -34.267  4.176  67.310 0.1250000000
73542  -13.723  4.445  66.711 0.1250000000
73552  -35.784  4.924  67.456 0.1250000000
73756  -45.025  4.726  40.360 0.1250000000
74352  -8.061  5.318  73.507 0.7500000000
74543  -53.003  5.442  49.581 0.6250000000
74604  -47.163  5.693  44.698 0.1250000000
75189  -13.527  6.991  80.410 0.5000000000
75191  -10.433  6.177  79.679 0.3750000000
75230  -12.263  6.674  73.019 0.3750000000
75233  -2.555  6.596  72.389 0.7500000000
75254  -5.432  6.658  69.413 0.6250000000
75296  -17.222  6.617  65.320 0.1250000000
75304  -15.529  6.673  64.624 0.1250000000
76075  -9.372  7.107  79.801 0.3750000000
76084  -4.652  7.572  77.533 0.6250000000
76094  -7.224  7.410  77.058 0.6250000000
76141  -2.610  6.882  71.375 0.6250000000
76143  -12.339  7.363  71.654 0.2500000000
76158  -13.114  7.470  70.007 0.2500000000
76175  -13.799  7.769  67.243 0.2500000000
76193  -38.495  7.068  66.900 0.1250000000
76368  -54.525  8.316  47.228 0.6250000000
76382  -55.419  8.012  45.645 0.7500000000
76446  -44.258  7.333  37.604 0.1250000000
77010  -8.101  8.751  80.477 0.3750000000
77027  -13.771  8.441  79.066 0.2500000000
77028  -2.041  8.806  78.930 0.5000000000
77039  -1.697  8.308  74.886 0.7500000000
77056  -12.338  8.791  72.551 0.3750000000
77137  -2.092  8.277  63.317 0.1250000000
77138  -2.791  8.739  63.429 0.1250000000
77147  -1.348  8.318  62.288 0.1250000000
77154  -9.203  9.048  62.744 0.5000000000
77896  -3.266  9.293  79.910 0.5000000000
77898  -4.942  9.072  80.222 0.3750000000
77902  -9.030  9.867  80.394 0.2500000000
77905  -13.495  9.836  79.472 0.2500000000
77910  -13.704  9.930  77.971 0.2500000000
77924  -12.481  9.141  73.359 0.3750000000
77937  -24.222  10.023  73.320 0.1250000000
77982  -17.332  9.650  67.064 0.1250000000
78001  -10.176  9.853  64.851 0.5000000000
78017  -1.630  8.720  62.928 0.1250000000
78033  -9.073  9.806  62.518 0.2500000000
78740  -7.093  10.450  79.039 0.2500000000
78763  -27.777  10.350  73.881 0.1250000000
78764  -2.710  10.020  72.909 0.6250000000
78770  -25.509  11.044  73.324 0.1250000000
78777  -23.677  10.756  71.345 0.1250000000
78793  -13.607  10.307  69.890 0.2500000000
78798  -21.829  11.197  69.735 0.1250000000
78804  -14.413  10.541  68.458 0.2500000000
78813  -15.380  10.644  67.249 0.1250000000
78838  -10.398  10.493  64.426 0.5000000000
78859  -7.349  10.478  62.141 0.3750000000
79570  -3.540  11.198  78.782 0.5000000000
79590  -7.528  11.546  76.464 0.3750000000
79595  -6.551  11.934  75.568 0.3750000000
79597  -8.577  11.887  75.477 0.2500000000
79613  -13.896  11.765  72.976 0.2500000000
79615  -25.871  11.675  72.895 0.1250000000
79620  -13.656  11.153  71.277 0.1250000000
79623  -24.615  11.830  71.746 0.1250000000
79629  -22.871  11.560  70.276 0.1250000000
79635  -15.086  11.974  68.975 0.1250000000
79636  -19.896  11.653  68.973 0.1250000000
79655  -18.086  11.332  67.616 0.1250000000
79696  -8.932  11.095  61.750 0.2500000000
79903  -58.279  11.282  37.217 0.2500000000
80391  -9.883  12.519  77.872 0.1250000000
80396  -5.353  12.570  76.639 0.5000000000
80405  -10.301  12.821  75.601 0.1250000000
80409  -6.272  13.131  75.072 0.3750000000
80410  -6.762  12.553  74.611 0.3750000000
80411  -7.583  12.203  74.423 0.2500000000
80414  -10.229  12.841  74.034 0.1250000000
80422  -9.593  12.708  73.359 0.1250000000
80432  -26.596  12.672  72.599 0.1250000000
80438  -15.088  12.920  71.246 0.1250000000
80440  -24.030  12.400  71.384 0.1250000000
80455  -20.073  12.422  69.215 0.1250000000
80457  -21.960  12.457  70.032 0.1250000000
80461  -8.352  11.785  68.224 0.5000000000
80464  -18.574  12.351  68.075 0.1250000000
80479  -9.653  12.966  66.018 0.5000000000
80523  -7.122  12.009  61.087 0.1250000000
80541  -5.123  12.645  60.577 0.1250000000
81281  -11.346  14.565  77.651 0.1250000000
81284  -3.979  13.359  78.527 0.5000000000
81287  -11.278  14.427  76.693 0.1250000000
81289  -14.153  14.309  76.722 0.1250000000
81307  -11.194  13.679  73.293 0.1250000000
81313  -7.825  13.664  72.701 0.2500000000
81314  -8.514  13.462  72.316 0.2500000000
81321  -23.737  13.855  72.443 0.1250000000
81323  -25.423  13.565  72.656 0.1250000000
81325  -28.002  14.040  72.067 0.1250000000
81330  -9.769  13.612  71.602 0.2500000000
81331  -10.510  13.599  71.773 0.1250000000
81349  -18.852  13.714  70.261 0.1250000000
81359  -17.606  13.406  69.304 0.1250000000
81360  -18.847  13.365  69.399 0.1250000000
81369  -17.851  13.146  68.575 0.1250000000
81381  -8.724  13.480  66.664 0.5000000000
81382  -9.187  13.487  66.158 0.5000000000
81388  -9.753  13.464  65.579 0.5000000000
81389  -10.250  13.400  64.966 0.5000000000
81414  -10.371  13.936  60.887 0.1250000000
82159  -13.003  15.035  78.296 0.1250000000
82162  -11.892  15.174  77.997 0.1250000000
82163  -13.896  14.719  77.377 0.1250000000
82170  -14.903  15.442  76.576 0.1250000000
82176  -16.602  15.327  75.581 0.2500000000
82177  -6.200  14.692  75.422 0.5000000000
82179  -12.013  14.649  74.515 0.1250000000
82186  -20.439  15.158  74.494 0.1250000000
82197  -22.793  14.967  73.783 0.1250000000
82210  -20.601  14.509  72.882 0.1250000000
82217  -27.705  15.026  72.303 0.1250000000
82220  -7.769  14.942  72.023 0.3750000000
82222  -9.512  14.123  71.129 0.2500000000
82232  -28.960  14.738  71.283 0.1250000000
82237  -10.543  14.498  70.396 0.2500000000
82270  -10.254  13.939  64.556 0.3750000000
82998  -3.650  14.972  78.715 0.5000000000
82999  -2.645  15.396  78.111 0.5000000000
83008  -12.333  15.475  77.543 0.1250000000
83013  -15.795  16.073  76.109 0.1250000000
83017  -12.468  15.628  76.833 0.1250000000
83022  -18.655  16.212  75.496 0.1250000000
83023  -19.402  16.084  75.427 0.1250000000
83024  -20.051  16.382  75.337 0.1250000000
83027  -6.733  15.168  74.278 0.3750000000
83029  -13.624  16.371  75.004 0.1250000000
83036  -23.395  16.183  74.366 0.1250000000
83037  -2.695  15.551  74.455 0.5000000000
83041  -13.151  15.681  74.445 0.1250000000
83048  -24.837  15.711  73.545 0.1250000000
83054  -27.340  15.777  72.385 0.1250000000
83058  -8.462  15.381  70.854 0.2500000000
83059  -12.902  15.154  72.341 0.1250000000
83062  -28.594  15.294  71.463 0.1250000000
83066  -11.993  14.893  70.044 0.1250000000
83067  -12.496  14.985  70.588 0.1250000000
83068  -13.128  15.347  70.759 0.1250000000
83079  -13.276  15.616  69.453 0.1250000000
83082  -26.953  15.669  70.097 0.1250000000
83086  -10.830  15.696  69.099 0.2500000000
83087  -11.472  15.716  68.872 0.2500000000
83088  -12.255  15.766  68.709 0.1250000000
83125  -10.387  16.001  59.399 0.1250000000
83133  -9.408  15.744  58.383 0.1250000000
83301  -52.690  16.675  42.268 0.2500000000
83302  -53.298  16.756  41.905 0.2500000000
83325  -54.315  16.800  40.607 0.2500000000
83340  -54.621  16.413  40.079 0.2500000000
83398  -57.256  15.577  35.222 0.3750000000
83402  -52.965  15.304  35.337 0.2500000000
83904  -3.066  16.909  76.764 0.5000000000
83905  -5.635  16.818  77.787 0.5000000000
83909  -14.967  16.160  76.259 0.1250000000
83912  -6.001  16.102  76.832 0.5000000000
83916  -16.615  16.368  75.713 0.2500000000
83921  -6.597  16.716  75.369 0.3750000000
83922  -14.092  16.639  75.480 0.1250000000
83924  -15.321  16.624  75.219 0.1250000000
83926  -20.088  17.133  75.094 0.1250000000
83928  -21.477  16.829  74.918 0.1250000000
83938  -23.022  16.902  74.263 0.1250000000
83942  -7.401  16.523  72.569 0.3750000000
83943  -14.812  16.442  73.152 0.1250000000
83944  -15.339  16.734  73.605 0.1250000000
83947  -25.227  16.865  72.941 0.1250000000
83949  -27.113  16.534  72.298 0.1250000000
83956  -17.312  17.065  71.497 0.1250000000
83958  -28.148  16.008  71.655 0.1250000000
83961  -9.156  16.060  69.872 0.2500000000
83966  -27.359  16.552  70.680 0.1250000000
83970  -9.575  16.568  69.376 0.2500000000
83971  -10.244  16.067  69.134 0.2500000000
83973  -14.480  16.202  69.271 0.1250000000
83983  -12.593  16.265  68.204 0.1250000000
83993  -12.956  16.742  67.694 0.2500000000
83994  -13.732  16.824  67.741 0.1250000000
84032  -9.998  16.887  58.307 0.1250000000
84187  -53.752  16.850  41.340 0.2500000000
84201  -54.956  17.040  39.802 0.2500000000
84264  -55.191  17.380  36.038 0.3750000000
84289  -56.698  15.834  33.387 0.2500000000
84732  -17.386  16.830  75.363 0.2500000000
84738  -17.274  17.167  75.021 0.2500000000
84745  -16.464  17.171  74.138 0.1250000000
84747  -19.009  17.568  74.309 0.1250000000
84749  -20.509  17.677  73.923 0.1250000000
84750  -21.410  17.662  73.818 0.1250000000
84751  -22.211  17.414  74.099 0.1250000000
84760  -20.822  17.612  73.055 0.1250000000
84762  -23.458  17.699  72.728 0.1250000000
84768  -7.898  17.072  71.318 0.2500000000
84777  -27.027  17.820  71.362 0.1250000000
84779  -8.765  17.480  70.222 0.2500000000
84783  -20.283  17.721  70.793 0.1250000000
84785  -27.040  17.995  70.962 0.1250000000
84790  -18.385  17.692  69.393 0.1250000000
84791  -19.289  17.839  69.642 0.1250000000
84796  -10.913  16.943  68.145 0.2500000000
84799  -17.218  17.736  68.419 0.1250000000
84841  -10.656  17.598  59.922 0.1250000000
84872  -7.019  17.671  57.094 0.1250000000
85004  -54.582  17.354  39.955 0.2500000000
85017  -54.365  17.504  39.419 0.3750000000
85018  -55.149  17.689  38.705 0.3750000000
85506  -5.342  18.189  77.787 0.5000000000
85509  -6.007  18.550  77.396 0.5000000000
85514  -7.137  18.950  76.005 0.5000000000
85519  -4.170  18.760  74.240 0.5000000000
85523  -7.726  18.521  72.707 0.3750000000
85537  -9.139  17.975  69.940 0.2500000000
85541  -9.473  18.029  69.353 0.2500000000
85542  -9.749  18.706  69.093 0.2500000000
85545  -21.523  18.974  69.925 0.1250000000
85547  -25.606  19.757  69.885 0.1250000000
85559  -11.544  18.852  67.418 0.2500000000
85560  -12.325  18.480  67.093 0.2500000000
85561  -13.274  18.033  66.951 0.1250000000
85562  -14.123  18.030  66.873 0.2500000000
85563  -15.422  18.284  66.970 0.1250000000
85570  -6.164  18.179  66.626 0.2500000000
85571  -6.785  18.180  66.269 0.2500000000
85574  -14.653  18.549  66.725 0.1250000000
85589  -10.517  18.456  62.093 0.3750000000
85610  -10.438  18.192  59.313 0.2500000000
86247  -4.731  18.917  76.941 0.5000000000
86255  -7.713  19.921  75.001 0.5000000000
86257  -7.698  19.429  74.041 0.3750000000
86267  -25.315  19.616  71.282 0.1250000000
86272  -22.274  19.453  70.308 0.1250000000
86274  -24.457  19.953  71.153 0.1250000000
86278  -10.245  19.331  68.842 0.2500000000
86281  -22.513  20.471  70.318 0.1250000000
86283  -25.313  20.483  69.748 0.1250000000
86285  -10.752  19.198  68.136 0.2500000000
86289  -19.478  19.623  68.792 0.1250000000
86294  -5.418  19.027  67.237 0.3750000000
86297  -12.779  19.804  67.091 0.2500000000
86310  -15.679  19.458  66.832 0.1250000000
86315  -8.113  19.759  65.443 0.2500000000
86343  -10.322  19.659  61.579 0.3750000000
86382  -9.680  19.589  59.361 0.2500000000
87067  -9.374  21.057  72.247 0.3750000000
87068  -3.706  20.459  71.634 0.5000000000
87069  -9.140  20.302  72.077 0.3750000000
87073  -9.732  20.465  70.712 0.2500000000
87079  -25.259  20.700  70.117 0.1250000000
87081  -9.976  20.187  69.931 0.2500000000
87088  -3.056  20.797  68.756 0.3750000000
87092  -12.518  20.917  68.046 0.2500000000
87096  -24.308  21.242  68.537 0.1250000000
87097  -24.713  21.087  68.917 0.1250000000
87105  -15.464  20.685  67.244 0.1250000000
87113  -14.339  19.992  66.851 0.2500000000
87114  -15.158  20.073  66.860 0.1250000000
87120  -8.902  20.479  64.477 0.1250000000
87861  -5.591  21.718  76.467 0.5000000000
87862  -6.356  21.562  76.570 0.5000000000
87863  -7.131  21.506  76.371 0.5000000000
87864  -4.601  21.866  75.613 0.5000000000
87865  -4.982  21.845  76.218 0.5000000000
87869  -8.247  22.008  75.087 0.5000000000
87878  -3.486  21.322  71.857 0.5000000000
87888  -22.889  22.224  70.606 0.1250000000
87889  -23.779  22.251  70.391 0.1250000000
87890  -24.337  22.029  70.116 0.1250000000
87894  -12.117  21.876  69.307 0.2500000000
87905  -14.542  22.000  68.106 0.1250000000
87909  -18.065  21.417  68.707 0.1250000000
87910  -18.870  21.038  68.978 0.1250000000
87911  -24.134  21.848  68.557 0.1250000000
87915  -5.755  21.498  67.596 0.2500000000
87918  -14.174  21.338  67.648 0.1250000000
87921  -16.740  21.147  67.805 0.1250000000
87934  -8.905  21.096  64.085 0.1250000000
87962  -8.911  21.101  62.097 0.1250000000
88552  -6.751  22.281  76.402 0.5000000000
88555  -6.171  22.926  76.331 0.5000000000
88557  -8.010  22.586  75.445 0.5000000000
88560  -8.518  22.808  74.848 0.5000000000
88561  -3.189  22.863  73.908 0.3750000000
88564  -9.375  23.200  73.552 0.5000000000
88565  -2.263  23.763  73.035 0.3750000000
88567  -9.594  22.809  73.081 0.3750000000
88571  -9.894  22.483  72.378 0.3750000000
88573  -11.316  23.361  71.493 0.2500000000
88574  -11.860  23.502  71.016 0.2500000000
88577  -11.642  22.870  70.894 0.2500000000
88579  -13.213  23.145  70.428 0.1250000000
88580  -13.817  23.170  70.442 0.1250000000
88583  -21.542  22.783  70.833 0.1250000000
88587  -24.345  22.323  69.851 0.1250000000
88592  -14.426  23.010  69.715 0.1250000000
88597  -24.072  22.738  69.662 0.1250000000
88604  -15.856  22.542  68.686 0.1250000000
88605  -16.739  22.446  68.810 0.1250000000
88607  -23.855  22.506  68.852 0.1250000000
88619  -7.406  22.270  66.539 0.1250000000
89314  -2.743  23.809  74.321 0.3750000000
89315  -8.031  24.381  74.218 0.3750000000
89316  -8.717  24.055  74.046 0.3750000000
89319  -9.706  23.902  72.870 0.3750000000
89322  -10.995  23.880  71.879 0.2500000000
89325  -13.352  23.993  71.272 0.1250000000
89327  -14.975  24.302  71.984 0.1250000000
89331  -20.759  24.076  71.656 0.1250000000
89334  -2.462  23.371  70.310 0.3750000000
89337  -14.288  23.431  70.882 0.1250000000
89340  -17.030  23.566  71.186 0.1250000000
89341  -19.191  23.428  71.404 0.1250000000
89344  -22.083  23.563  70.910 0.1250000000
89350  -15.748  23.340  70.253 0.1250000000
89353  -23.488  23.158  69.398 0.1250000000
89354  -2.381  24.048  68.915 0.2500000000
90013  -7.304  24.324  74.688 0.3750000000
90026  -8.317  24.586  72.895 0.3750000000
90031  -17.816  25.292  72.959 0.1250000000
90034  -6.029  24.879  72.275 0.3750000000
90038  -9.566  24.437  71.910 0.3750000000
90039  -10.341  24.171  71.989 0.2500000000
90042  -13.382  24.264  71.203 0.1250000000
90045  -16.548  24.482  72.475 0.1250000000
90054  -10.103  24.645  70.596 0.1250000000
90055  -10.936  24.535  70.910 0.1250000000
90056  -12.102  24.415  70.421 0.1250000000
90061  -9.176  24.820  70.238 0.1250000000
90064  -11.390  24.667  70.261 0.1250000000
90068  -2.524  24.154  68.251 0.3750000000
90070  -21.506  24.676  69.078 0.1250000000
90077  -3.076  25.093  66.986 0.2500000000
90078  -4.193  24.595  66.553 0.1250000000
90088  -5.753  24.862  64.460 0.1250000000
90721  -16.176  25.689  72.649 0.1250000000
90722  -16.878  25.606  73.062 0.1250000000
90728  -13.743  24.585  71.268 0.1250000000
90730  -18.553  25.806  72.752 0.1250000000
90731  -19.627  25.388  72.373 0.1250000000
90735  -7.488  24.927  70.561 0.2500000000
90739  -14.205  25.140  71.215 0.1250000000
90740  -14.977  25.562  71.632 0.1250000000
90743  -6.039  26.319  69.301 0.2500000000
90747  -10.075  24.924  68.996 0.1250000000
90761  -14.246  25.821  68.603 0.1250000000
90764  -2.781  25.248  67.382 0.1250000000
90769  -12.385  25.663  66.935 0.1250000000
90773  -2.723  25.910  67.232 0.1250000000
90777  -11.085  25.755  66.480 0.1250000000
90778  -11.800  25.786  66.527 0.1250000000
90780  -12.907  26.052  66.575 0.1250000000
91414  -4.211  26.844  71.594 0.3750000000
91417  -17.215  26.840  72.581 0.1250000000
91420  -20.172  26.031  71.646 0.1250000000
91422  -4.794  26.785  70.658 0.3750000000
91428  -4.960  27.078  70.057 0.2500000000
91429  -5.493  26.832  69.524 0.2500000000
91431  -16.084  26.918  70.698 0.1250000000
91432  -21.488  26.460  69.703 0.1250000000
91443  -7.798  26.836  67.627 0.1250000000
91444  -8.449  26.518  67.297 0.1250000000
91450  -8.770  26.950  66.751 0.1250000000
91451  -9.655  26.620  66.493 0.1250000000
91455  -13.664  26.389  66.734 0.1250000000
91459  -3.214  26.584  65.258 0.1250000000
91460  -11.523  26.816  65.729 0.1250000000
92116  -10.123  27.383  66.094 0.1250000000
92118  -13.637  27.197  66.317 0.1250000000
92119  -14.373  27.052  66.822 0.1250000000
92124  -11.632  27.416  65.677 0.1250000000
92126  -2.934  27.833  64.767 0.1250000000
92127  -3.173  27.571  64.239 0.1250000000
92129  -3.028  28.318  64.240 0.1250000000
92161  -8.505  27.618  59.409 0.1250000000
92162  -8.922  27.977  59.008 0.1250000000
92773  -1.395  28.789  73.279 0.3750000000
92804  -8.974  29.335  67.232 0.1250000000
92806  -15.636  28.404  67.852 0.1250000000
92809  -9.025  28.401  66.694 0.1250000000
92811  -11.904  28.691  65.982 0.1250000000
92812  -12.868  28.445  66.057 0.1250000000
92818  -11.350  28.038  65.758 0.1250000000
92860  -9.075  28.672  59.225 0.1250000000
93455  -2.424  30.185  73.433 0.1250000000
93461  -2.995  29.300  73.425 0.1250000000
93482  -6.941  29.038  68.729 0.1250000000
93487  -22.261  29.587  68.351 0.1250000000
93489  -8.300  29.393  67.814 0.1250000000
93490  -14.047  29.931  66.888 0.1250000000
93491  -14.829  29.681  67.318 0.1250000000
93514  -2.937  29.076  64.438 0.1250000000
93526  -5.139  29.426  62.264 0.1250000000
93554  -9.182  29.283  59.339 0.1250000000
94158  -3.136  31.098  73.411 0.1250000000
94160  -2.192  30.484  73.120 0.1250000000
94161  -2.962  30.419  73.534 0.1250000000
94162  -3.845  30.757  73.398 0.1250000000
94182  -21.447  30.042  68.639 0.1250000000
94189  -20.945  30.632  68.370 0.1250000000
94204  -13.153  30.104  66.629 0.1250000000
94209  -2.982  30.309  65.465 0.1250000000
94220  -6.526  31.167  62.778 0.1250000000
94225  -6.264  30.527  62.472 0.1250000000
94751  -2.508  31.354  72.947 0.1250000000
94760  -2.279  32.062  71.020 0.1250000000
94766  -16.749  31.346  69.224 0.1250000000
94768  -18.571  31.829  69.485 0.1250000000
94770  -20.029  31.543  69.124 0.1250000000
94773  -15.230  31.979  68.332 0.1250000000
94774  -15.732  31.622  68.626 0.1250000000
94776  -19.962  32.159  68.907 0.1250000000
94778  -2.442  31.517  67.793 0.1250000000
94787  -20.613  31.148  68.229 0.1250000000
94793  -19.676  31.512  67.519 0.1250000000
94794  -2.756  31.149  65.947 0.1250000000
94802  -4.896  31.716  64.276 0.1250000000
94817  -8.043  31.609  61.455 0.1250000000
95281  -2.619  32.229  72.519 0.1250000000
95285  -6.678  32.875  72.626 0.1250000000
95302  -2.983  32.961  68.966 0.1250000000
95307  -19.722  32.591  68.637 0.1250000000
95325  -5.477  32.208  64.308 0.1250000000
95331  -7.154  32.962  62.998 0.1250000000
95340  -8.500  32.295  61.147 0.1250000000
95355  -9.458  32.331  59.231 0.1250000000
95802  -4.500  33.611  72.869 0.1250000000
95807  -7.385  33.369  71.963 0.1250000000
95817  -17.264  33.634  69.468 0.1250000000
95819  -19.138  33.338  69.062 0.1250000000
95825  -18.787  33.848  68.683 0.1250000000
96415  -16.694  34.169  69.454 0.1250000000
96417  -18.450  34.629  68.743 0.1250000000
96428  -4.893  34.842  67.765 0.1250000000
96465  -9.292  34.691  59.334 0.1250000000
97008  -5.103  35.592  69.277 0.1250000000
97023  -14.611  35.644  68.682 0.1250000000
97025  -5.744  35.265  66.492 0.1250000000
97031  -6.174  35.439  64.505 0.1250000000
97622  -17.029  37.262  68.817 0.1250000000
97647  -8.152  36.669  60.791 0.1250000000
98233  -7.348  37.161  61.693 0.1250000000
98869  -17.208  38.458  67.521 0.1250000000
98876  -4.501  38.635  63.856 0.1250000000
98878  -5.925  38.275  63.001 0.1250000000
99405  -4.888  39.217  71.646 0.1250000000
99410  -6.080  40.246  71.010 0.1250000000
99429  -3.732  39.476  66.895 0.1250000000
99433  -2.832  39.475  65.418 0.1250000000
99437  -2.476  40.163  64.361 0.1250000000
99446  -6.012  39.868  62.695 0.1250000000
99447  -6.606  39.825  61.916 0.1250000000
100017  -5.014  40.756  63.029 0.1250000000
115134  -29.771  -14.576  64.085 0.8750000000
115171  -15.543  -19.283  69.926 0.8750000000
115345  -14.421  -22.946  69.783 1.0000000000
115467  -7.462  18.110  73.291 0.3750000000
115506  -33.817  -11.188  61.226 0.8750000000
115508  -17.734  14.431  73.462 0.1250000000
115564  -19.146  17.517  73.232 0.1250000000
115618  -33.726  -1.620  57.240 0.1250000000
115620  -33.772  -1.567  58.085 0.1250000000
115621  -33.951  -1.556  58.850 0.1250000000
115699  -18.418  -37.522  74.860 0.3750000000
115715  -19.385  -35.601  71.824 0.1250000000
115903  -14.710  -39.450  77.082 0.3750000000
115921  -9.441  29.785  58.995 0.1250000000
116042  -26.514  18.381  71.476 0.1250000000
116087  -25.397  -16.610  74.926 0.8750000000
116204  -8.528  5.083  64.414 0.6250000000
116372  -20.539  -26.466  77.034 0.5000000000
116431  -22.102  -4.034  63.972 0.2500000000
116434  -9.692  30.199  57.455 0.1250000000
116671  -7.080  -3.546  72.016 1.0000000000
116897  -4.091  5.431  62.722 0.1250000000
117014  -2.427  25.071  70.070 0.3750000000
117216  -2.036  25.708  72.313 0.3750000000
117247  -43.112  -2.641  57.218 1.0000000000
118039  -14.442  11.806  70.244 0.1250000000
118210  -22.880  -16.605  59.096 0.7500000000
118270  -18.015  17.398  74.607 0.2500000000
118357  -24.739  -17.783  70.241 1.0000000000
118545  -12.762  -34.166  77.736 0.7500000000
118608  -15.317  25.300  72.296 0.1250000000
118786  -39.370  -2.440  63.675 0.6250000000
118804  -19.719  0.800  59.953 0.2500000000
118913  -20.370  -27.295  77.371 0.5000000000
118965  -29.056  -17.855  75.575 0.6250000000
118976  -6.185  -1.595  64.602 0.7500000000
119006  -9.943  -18.051  71.125 1.0000000000
119090  -6.565  23.805  61.864 0.1250000000
119151  -7.306  25.263  69.608 0.2500000000
119737  -8.555  7.038  75.022 0.6250000000
119759  -14.762  -0.521  68.716 0.6250000000
119847  -42.095  3.431  39.721 0.1250000000
119898  -5.768  -35.607  80.053 0.3750000000
119951  -9.248  -17.508  75.968 1.0000000000
119969  -4.147  -2.282  79.111 1.0000000000
120075  -14.558  3.655  79.643 0.5000000000
120119  -42.251  -9.416  65.454 0.8750000000
120159  -5.696  36.685  64.449 0.1250000000
120281  -2.347  -29.533  69.765 0.1250000000
120314  -21.585  27.110  69.863 0.1250000000
120520  -41.243  0.539  47.732 0.1250000000
120552  -36.412  -4.139  63.254 0.3750000000
120576  -14.902  26.888  67.743 0.1250000000
120589  -17.104  -29.442  74.922 0.7500000000
120698  -11.234  -9.080  82.838 0.8750000000
120746  -43.376  0.283  63.810 0.7500000000
120872  -12.489  5.868  71.459 0.3750000000
120989  -26.557  17.923  71.863 0.1250000000
121298  -13.024  20.444  67.420 0.2500000000
121437  -10.397  5.185  78.067 0.3750000000
121467  -15.886  -19.063  73.964 0.7500000000
121512  -45.109  4.258  43.975 0.1250000000
121607  -5.891  24.187  75.690 0.3750000000
121760  -41.000  2.667  40.187 0.1250000000
121774  -41.769  0.474  50.279 0.1250000000
121833  -1.493  29.182  72.065 0.1250000000
122029  -6.955  22.952  76.208 0.5000000000
122042  -12.902  24.054  70.986 0.1250000000
122077  -38.292  -0.508  57.801 0.1250000000
122082  -38.582  -0.444  51.157 0.1250000000
122315  -10.089  -15.861  70.939 1.0000000000
122336  -5.612  36.719  65.188 0.1250000000
122404  -9.328  -13.127  75.202 1.0000000000
122405  -9.392  -12.747  76.368 1.0000000000
122410  -9.959  -35.820  81.689 0.6250000000
122433  -5.549  9.298  62.567 0.3750000000
122501  -6.653  33.202  63.562 0.1250000000
122548  -12.211  -17.151  68.205 1.0000000000
122566  -23.643  -33.710  67.700 0.1250000000
122610  -8.116  -33.996  81.547 0.7500000000
122639  -14.217  -37.533  78.926 0.3750000000
122663  -21.311  1.032  64.987 0.2500000000
122747  -25.869  18.991  69.977 0.1250000000
122748  -20.421  0.321  73.225 0.1250000000
122859  -15.485  -18.677  75.878 0.7500000000
122961  -14.714  16.144  71.263 0.1250000000
122964  -13.551  -20.022  67.956 1.0000000000
122965  -4.367  17.343  77.994 0.5000000000
123033  -21.287  16.163  75.050 0.1250000000
123053  -40.363  5.350  38.649 0.1250000000
123160  -43.756  2.598  46.251 0.1250000000
123274  -1.899  -20.275  73.500 0.8750000000
123617  -26.165  -8.848  59.971 0.3750000000
123669  -13.154  -6.502  76.540 0.7500000000
123763  -48.277  -6.896  55.410 0.8750000000
123827  -7.713  -8.166  64.385 0.5000000000
123828  -20.130  13.657  70.379 0.1250000000
123848  -8.719  11.834  67.726 0.5000000000
123866  -2.421  31.397  66.893 0.1250000000
123962  -11.300  -17.048  68.926 1.0000000000
124073  -2.216  -31.897  73.769 0.1250000000
124076  -30.416  -14.563  65.309 0.8750000000
124091  -9.739  14.547  70.578 0.2500000000
124372  -36.257  -9.528  58.357 0.8750000000
124552  -21.760  -29.429  70.071 0.2500000000
124755  -2.142  -5.288  66.698 0.8750000000
125076  -22.765  -3.133  68.039 0.1250000000
125167  -5.096  1.170  63.311 0.5000000000
125350  -21.761  -32.795  73.436 0.5000000000
125362  -38.550  -0.256  53.925 0.1250000000
125364  -3.470  -13.840  60.571 0.3750000000
125365  -17.204  0.837  61.394 0.2500000000
125440  -23.603  18.035  71.995 0.1250000000
125527  -41.019  0.417  63.523 0.7500000000
125690  -13.100  -15.103  68.328 1.0000000000
125820  0.278  -8.033  79.290 1.0000000000
126460  -4.815  24.075  75.787 0.3750000000
126513  -2.612  24.503  74.316 0.3750000000
126561  -17.288  10.366  67.037 0.1250000000
126685  -8.525  2.059  66.900 0.6250000000
126725  -9.405  -0.645  76.027 0.6250000000
126787  -3.873  -13.035  63.139 0.7500000000
127051  -17.648  -12.247  73.737 0.8750000000
127100  -13.472  1.194  71.677 0.6250000000
127297  -7.280  37.858  61.513 0.1250000000
127349  -31.548  -6.227  54.648 0.6250000000
127472  -14.639  1.066  79.704 0.5000000000
127474  -7.454  35.212  62.484 0.1250000000
127548  -13.743  -16.191  75.981 0.7500000000
127582  -9.720  -9.693  74.097 1.0000000000
127611  -20.360  -22.737  73.828 0.2500000000
127682  -6.997  13.526  73.876 0.3750000000
127792  -3.567  -14.920  61.964 0.6250000000
127808  -49.231  7.043  40.350 0.1250000000
127893  -38.364  -0.353  47.299 0.1250000000
127916  -3.302  3.443  61.363 0.1250000000
128124  -7.394  32.913  71.731 0.1250000000
128129  -26.995  -17.810  76.396 0.5000000000
128148  -13.002  15.765  77.331 0.1250000000
128152  -13.554  12.016  75.509 0.2500000000
128235  -26.480  -17.857  76.693 0.5000000000
128385  -8.842  32.835  60.750 0.1250000000
128405  -15.643  25.129  72.573 0.1250000000
128817  -7.455  21.123  75.962 0.5000000000
128830  -8.436  34.979  61.232 0.1250000000
128864  -24.928  20.701  69.215 0.1250000000
128959  -4.546  15.549  68.778 0.5000000000
129007  -1.945  25.781  73.098 0.3750000000
129426  -19.847  -14.345  76.550 0.7500000000
129510  -8.262  7.248  79.242 0.3750000000
129528  0.379  -9.383  78.794 1.0000000000
129640  -9.767  10.945  66.729 0.5000000000
129722  -18.170  -37.220  75.443 0.3750000000
129934  -20.772  -34.460  72.127 0.1250000000
130111  -9.421  5.174  74.177 0.6250000000
130185  -44.634  -3.006  49.594 0.1250000000
130324  -8.469  21.594  64.332 0.1250000000
130637  -26.045  -16.553  60.310 0.8750000000
130649  -46.100  1.188  52.012 0.3750000000
130724  -3.402  -16.961  74.028 0.8750000000
130846  -10.286  19.924  69.313 0.2500000000
130920  -21.340  -17.523  64.528 0.8750000000
130982  -25.006  -12.079  63.968 0.5000000000
131044  -9.367  -15.155  75.069 1.0000000000
131104  -24.672  -17.360  62.780 0.8750000000
131150  -18.051  23.950  72.152 0.1250000000
131202  -5.484  -40.310  75.961 0.1250000000
131234  -20.938  -17.491  73.923 1.0000000000
131307  -32.022  -11.585  60.502 0.8750000000
131378  -3.690  -13.339  62.886 0.5000000000
131423  -57.097  7.433  36.089 0.1250000000
131538  -13.859  -37.480  79.104 0.3750000000
131684  -17.583  -5.950  58.932 0.5000000000
131708  -8.586  11.563  61.355 0.2500000000
131787  -16.839  -16.319  79.161 0.7500000000
131834  -4.349  1.073  63.207 0.2500000000
132081  -9.214  -21.003  73.605 1.0000000000
132178  -9.360  -16.060  73.310 1.0000000000
132306  -29.421  -6.434  75.355 0.1250000000
132340  -3.486  3.206  62.049 0.1250000000
132482  -5.559  26.080  61.967 0.1250000000
132525  -4.165  19.511  72.900 0.5000000000
132545  -12.646  -27.692  69.459 1.0000000000
132550  -14.066  16.604  76.083 0.1250000000
132578  -42.696  3.504  40.029 0.1250000000
132594  -22.503  -2.436  68.940 0.1250000000
132678  -12.108  26.553  65.871 0.1250000000
132708  -16.555  -21.056  80.616 0.6250000000
132813  -13.214  5.396  69.735 0.2500000000
132885  -25.592  -9.111  57.556 0.5000000000
132921  -3.334  -17.512  70.858 0.8750000000
132947  -16.076  -22.768  80.381 0.7500000000
132977  -26.145  -16.070  58.943 0.7500000000
133125  -38.264  -8.135  55.691 1.0000000000
133128  -17.752  30.178  69.709 0.1250000000
133152  -16.389  -23.468  80.545 0.7500000000
133208  -9.730  -7.264  81.541 0.7500000000
133314  -3.554  -13.150  61.168 0.3750000000
133418  -14.972  -21.112  76.850 0.7500000000
133451  -19.438  17.342  74.971 0.1250000000
133544  -19.501  -35.225  73.310 0.1250000000
133695  -28.880  -5.522  63.425 0.3750000000
133700  -36.235  3.607  69.620 0.1250000000
133765  -15.091  -3.749  74.019 0.6250000000
133819  -22.149  22.793  68.050 0.1250000000
134048  -17.863  -37.641  76.549 0.3750000000
134178  -18.662  -36.095  75.006 0.3750000000
134179  -3.062  15.071  78.576 0.5000000000
134215  -24.092  18.409  71.846 0.1250000000
134272  -31.629  -5.516  58.009 0.5000000000
134275  -19.429  18.345  69.168 0.1250000000
134296  -41.273  0.587  62.328 0.3750000000
134500  -22.401  -2.499  70.024 0.1250000000
134542  -3.552  17.781  76.247 0.5000000000
134578  -16.373  17.015  73.409 0.1250000000
134603  -7.418  15.181  72.625 0.3750000000
134705  -9.597  16.361  58.163 0.1250000000
134717  -10.285  -11.207  71.084 1.0000000000
134726  -29.726  -2.041  74.786 0.1250000000
134928  -42.676  0.669  49.484 0.1250000000
134931  -13.066  11.957  79.214 0.1250000000
135009  -36.282  -6.198  54.514 0.7500000000
135094  -1.048  -3.662  73.211 1.0000000000
135114  -15.881  16.549  71.231 0.1250000000
135118  -11.221  -40.508  78.567 0.2500000000
135129  -7.996  19.603  58.567 0.1250000000
135189  -12.691  15.500  69.205 0.1250000000
135193  -13.103  -30.803  72.059 0.8750000000
135209  -27.401  -11.328  56.181 0.7500000000
135250  -17.202  17.148  69.590 0.1250000000
135305  -40.931  0.465  53.723 0.1250000000
135323  -10.379  10.415  63.647 0.5000000000
135352  -26.037  12.180  72.612 0.1250000000
135397  -13.907  -15.344  76.524 0.7500000000
135414  -8.037  16.131  65.123 0.3750000000
135491  -14.245  -32.906  73.548 0.8750000000
135520  -16.369  -6.795  62.213 0.7500000000
135662  -4.102  -30.810  61.680 0.1250000000
135747  -24.186  -31.281  68.845 0.1250000000
135882  -11.776  24.881  69.276 0.1250000000
135940  -16.083  5.945  64.122 0.1250000000
135977  -12.616  4.014  72.846 0.3750000000
136046  -15.559  -1.319  68.015 0.6250000000
136060  -21.907  -1.459  69.910 0.1250000000
136081  -25.853  16.023  72.994 0.1250000000
136169  -38.892  -0.254  56.178 0.1250000000
136177  -36.766  -7.632  54.518 0.7500000000
136185  -18.416  -36.495  72.365 0.1250000000
136230  -11.777  4.377  79.854 0.5000000000
136251  -17.285  19.628  67.578 0.1250000000
136264  -30.668  -1.494  74.346 0.1250000000
136452  -11.590  2.947  78.803 0.5000000000
136461  -10.437  14.446  60.737 0.1250000000
136480  -31.210  -6.081  73.953 0.2500000000
136488  -52.411  13.881  38.450 0.1250000000
136499  -24.269  -14.604  57.000 0.7500000000
136530  -20.268  1.299  60.795 0.2500000000
136534  -16.660  -37.747  77.522 0.3750000000
136616  -17.821  -12.015  72.480 0.8750000000
136661  -23.656  11.331  70.878 0.1250000000
136670  -18.623  4.739  66.921 0.1250000000
136739  -12.329  -9.054  79.174 0.8750000000
136770  -51.812  7.670  42.315 0.2500000000
136776  -53.498  6.419  48.694 0.6250000000
136785  -25.230  -11.574  62.105 0.6250000000
136814  -4.669  39.826  71.462 0.1250000000
136831  -11.751  -29.847  76.195 0.8750000000
136839  -2.211  25.091  71.779 0.3750000000
136886  -45.014  4.923  39.839 0.1250000000
136922  -23.921  -13.933  57.106 0.7500000000
136930  -44.502  4.065  41.693 0.1250000000
136974  -9.532  35.022  57.732 0.1250000000
137140  -11.721  21.500  69.186 0.2500000000
137142  -7.574  24.632  72.823 0.3750000000
137378  -21.620  24.800  69.565 0.1250000000
137403  -12.458  -7.154  77.169 0.8750000000
137413  -23.878  -17.528  65.440 0.8750000000
137457  -4.477  -27.627  65.998 0.2500000000
137479  -12.389  7.329  74.019 0.3750000000
137532  -20.842  -16.876  74.928 1.0000000000
137534  -18.618  -5.661  57.621 0.5000000000
137565  -13.930  12.025  73.562 0.1250000000
137580  -42.274  0.453  52.127 0.2500000000
137601  -22.347  -30.650  72.499 0.5000000000
137602  -4.239  10.336  79.463 0.5000000000
137639  -21.093  26.530  67.925 0.1250000000
137680  -21.723  -0.848  66.897 0.1250000000
137681  -17.629  14.121  71.744 0.1250000000
137741  -17.706  13.754  70.508 0.1250000000
137782  -22.376  -33.120  71.983 0.2500000000
137838  -21.904  24.098  68.898 0.1250000000
137858  -2.775  -22.481  67.254 0.3750000000
137861  -8.056  6.834  62.756 0.5000000000
137930  -22.466  23.223  68.470 0.1250000000
137943  -16.938  -23.547  80.983 0.7500000000
137944  -14.404  2.882  65.701 0.1250000000
137945  -3.734  22.682  67.821 0.3750000000
137973  -10.332  4.337  75.242 0.5000000000
137999  -37.842  -8.979  60.872 0.8750000000
138001  -32.842  -14.239  67.163 0.8750000000
138018  -20.522  2.123  65.026 0.2500000000
138063  -13.462  3.672  68.671 0.2500000000
138109  -43.949  -8.382  63.107 0.8750000000
138205  -15.123  14.123  74.865 0.2500000000
138239  -16.374  -19.615  79.163 0.7500000000
138247  -15.614  24.001  71.838 0.1250000000
138312  -4.009  3.816  70.257 0.7500000000
138587  -24.440  -19.364  78.138 0.6250000000
138640  -12.645  -6.004  67.481 0.8750000000
138641  -4.291  -27.718  69.374 0.3750000000
138706  -2.559  31.292  66.405 0.1250000000
138721  -11.114  19.050  67.715 0.2500000000
138739  -20.513  -17.445  70.778 1.0000000000
138824  -21.352  -33.086  73.951 0.5000000000
138846  -9.629  24.623  71.096 0.3750000000
138877  -19.972  2.943  67.581 0.2500000000
138902  -23.656  -7.864  63.527 0.3750000000
138906  -20.982  -17.409  63.902 0.8750000000
139044  -17.952  -12.416  67.044 1.0000000000
139046  -7.332  5.504  67.883 0.6250000000
139119  -4.092  -12.866  63.045 0.7500000000
139169  -16.508  28.799  69.173 0.1250000000
139171  -13.017  10.206  80.040 0.2500000000
