#!ascii label  , from subject sub-v1s21x0050411_ses-1 vox2ras=TkReg
14386
78407  -19.480  -6.158  79.640 1.0000000000
77213  -19.164  -7.163  79.197 1.0000000000
78420  -20.396  -6.185  78.437 1.0000000000
75899  -15.756  -8.376  79.645 1.0000000000
77227  -19.320  -7.402  78.261 1.0000000000
77211  -15.302  -7.936  79.109 1.0000000000
162540  -15.080  -8.643  81.897 1.0000000000
75865  -15.680  -8.697  81.455 1.0000000000
75864  -14.932  -8.437  81.232 1.0000000000
75880  -14.790  -8.142  80.597 1.0000000000
77228  -20.008  -6.818  78.147 1.0000000000
75898  -14.980  -8.094  79.874 1.0000000000
77210  -14.781  -7.419  79.400 1.0000000000
77225  -15.583  -7.682  78.434 1.0000000000
78418  -15.146  -7.008  78.149 1.0000000000
77239  -15.814  -7.370  77.718 1.0000000000
73113  -16.638  -10.902  97.959 0.3750000000
83147  -24.098  -2.321  80.451 1.0000000000
84153  -23.810  -1.750  81.071 0.8750000000
83153  -23.511  -2.814  79.948 1.0000000000
83152  -22.629  -2.782  80.092 1.0000000000
81983  -23.038  -3.325  79.422 1.0000000000
80768  -22.502  -3.817  79.098 1.0000000000
159512  -22.355  -3.314  79.642 1.0000000000
75827  -14.014  -8.703  83.233 1.0000000000
80785  -21.843  -4.388  78.888 1.0000000000
77180  -13.903  -7.573  81.824 1.0000000000
75847  -14.703  -8.723  82.665 1.0000000000
79635  -20.762  -5.461  78.746 1.0000000000
77181  -14.400  -7.841  81.147 1.0000000000
78405  -14.427  -6.687  79.751 1.0000000000
78394  -14.173  -6.649  80.464 1.0000000000
149580  -14.366  -5.951  79.335 1.0000000000
78432  -14.832  -6.159  78.087 1.0000000000
78433  -16.077  -7.019  76.997 1.0000000000
163387  -15.381  -6.466  77.412 1.0000000000
78450  -16.370  -6.728  76.279 1.0000000000
140557  -16.674  -7.362  76.631 1.0000000000
74450  -16.808  -10.163  89.873 1.0000000000
84150  -25.822  -1.180  81.966 1.0000000000
84050  -28.628  -1.491  90.992 0.7500000000
83002  -28.196  -2.523  92.026 0.6250000000
74477  -16.519  -10.006  88.495 1.0000000000
146080  -25.478  -1.562  81.379 1.0000000000
83003  -29.263  -2.683  91.935 0.6250000000
81825  -29.895  -3.466  92.031 0.6250000000
73200  -14.337  -10.018  86.259 1.0000000000
81819  -30.385  -4.310  91.988 0.7500000000
75809  -13.145  -8.649  84.146 1.0000000000
74528  -13.548  -9.118  84.576 1.0000000000
83154  -24.343  -2.933  79.788 1.0000000000
75825  -12.828  -8.056  83.847 1.0000000000
74534  -13.762  -8.941  83.865 1.0000000000
77167  -13.414  -7.314  82.461 1.0000000000
75846  -13.768  -8.176  82.612 1.0000000000
78393  -13.811  -6.106  80.983 1.0000000000
78380  -13.587  -6.664  81.811 1.0000000000
78421  -21.065  -5.914  78.110 1.0000000000
79636  -21.467  -5.186  78.477 1.0000000000
79602  -13.797  -5.299  80.488 1.0000000000
80747  -13.834  -4.639  80.036 1.0000000000
79617  -14.057  -5.292  79.708 1.0000000000
77244  -20.575  -6.636  77.717 1.0000000000
79634  -14.316  -5.283  78.957 1.0000000000
161876  -14.554  -5.874  78.679 1.0000000000
77242  -19.027  -7.746  77.347 1.0000000000
77243  -19.873  -7.237  77.481 1.0000000000
77254  -18.798  -7.902  76.510 1.0000000000
79655  -14.962  -5.498  77.424 1.0000000000
141882  -18.149  -7.986  77.019 1.0000000000
77253  -17.941  -7.896  76.123 1.0000000000
78449  -15.774  -6.217  76.716 1.0000000000
73104  -17.224  -11.311  98.127 0.3750000000
70671  -17.969  -12.693  99.197 0.3750000000
71868  -19.943  -11.750  98.766 0.3750000000
71872  -20.482  -11.829  98.160 0.3750000000
73117  -21.187  -11.196  97.534 0.3750000000
71888  -14.493  -10.798  96.271 0.3750000000
71889  -15.780  -10.960  96.734 0.3750000000
73103  -15.983  -11.822  99.132 0.5000000000
73098  -19.789  -11.034  99.218 0.3750000000
73099  -20.537  -11.152  98.563 0.3750000000
160320  -21.923  -10.547  97.735 0.3750000000
71902  -14.181  -10.830  95.478 0.2500000000
157349  -17.496  -11.665  99.625 0.3750000000
73097  -18.933  -10.973  99.596 0.3750000000
71926  -11.801  -11.715  92.868 0.2500000000
70716  -10.462  -12.386  92.528 0.2500000000
148070  -18.206  -8.651  93.691 0.8750000000
74436  -15.826  -9.491  91.629 0.8750000000
74425  -16.491  -9.288  92.260 1.0000000000
157617  -17.864  -9.264  92.586 1.0000000000
74427  -18.534  -9.072  92.697 1.0000000000
142033  -16.444  -10.038  90.737 1.0000000000
74437  -16.958  -9.742  91.445 1.0000000000
151680  -17.435  -9.438  92.087 1.0000000000
74462  -14.612  -10.030  89.624 1.0000000000
73170  -15.439  -10.312  89.475 1.0000000000
73162  -15.943  -10.229  90.055 1.0000000000
83125  -26.576  -1.647  82.232 1.0000000000
85120  -29.226  -1.216  90.052 0.7500000000
153218  -29.610  -2.184  91.580 0.7500000000
83004  -30.215  -2.806  91.695 0.7500000000
74475  -13.650  -9.836  88.441 1.0000000000
74490  -13.490  -9.794  87.623 1.0000000000
74491  -14.130  -10.259  87.836 1.0000000000
139546  -25.702  -2.361  80.752 1.0000000000
155734  -30.355  -2.107  91.198 0.7500000000
81826  -30.773  -3.642  91.596 0.7500000000
80610  -31.159  -4.491  91.635 0.7500000000
74516  -13.263  -9.221  85.323 1.0000000000
83148  -24.940  -2.517  80.209 1.0000000000
165273  -31.156  -3.458  91.270 0.7500000000
81827  -31.538  -3.950  91.198 0.7500000000
83155  -24.951  -3.108  79.693 1.0000000000
78362  -13.121  -6.185  82.884 1.0000000000
78379  -13.381  -6.000  82.271 1.0000000000
79656  -21.867  -5.725  77.856 1.0000000000
79637  -22.291  -4.983  78.216 1.0000000000
81998  -23.351  -3.912  78.692 1.0000000000
155416  -13.559  -5.852  81.668 1.0000000000
79589  -13.577  -5.258  81.257 1.0000000000
81954  -13.457  -3.660  81.136 1.0000000000
80729  -13.604  -4.551  80.805 1.0000000000
78434  -21.359  -6.347  77.445 1.0000000000
81980  -14.015  -4.096  79.678 1.0000000000
155683  -14.492  -3.886  78.312 1.0000000000
78451  -20.816  -6.819  77.047 1.0000000000
80784  -14.382  -4.622  78.603 1.0000000000
80803  -14.647  -4.633  77.833 1.0000000000
80804  -14.994  -4.593  77.064 1.0000000000
143779  -20.204  -7.307  76.755 1.0000000000
166892  -15.373  -5.878  77.026 1.0000000000
77265  -17.894  -7.626  75.196 1.0000000000
148487  -16.092  -11.289  99.516 0.5000000000
73096  -17.978  -10.890  99.774 0.5000000000
69592  -6.757  -12.972  94.329 0.5000000000
70692  -7.178  -12.262  95.110 0.5000000000
73124  -15.499  -10.171  97.563 0.3750000000
71863  -16.140  -11.525  98.786 0.5000000000
156676  -16.815  -11.775  99.413 0.5000000000
74387  -20.296  -10.127  98.981 0.3750000000
74391  -22.024  -9.546  98.175 0.5000000000
70693  -8.011  -12.191  94.883 0.5000000000
70695  -9.736  -11.979  94.445 0.5000000000
71910  -11.173  -11.286  94.647 0.3750000000
140929  -13.304  -10.791  95.430 0.2500000000
74386  -19.437  -9.949  99.449 0.3750000000
70705  -8.365  -12.648  93.924 0.3750000000
71919  -11.507  -11.423  93.671 0.2500000000
78205  -21.224  -6.195  96.199 0.7500000000
70689  -4.043  -12.361  94.668 0.5000000000
70714  -8.875  -12.969  93.034 0.2500000000
71925  -10.950  -11.854  93.069 0.2500000000
76985  -18.726  -7.622  95.678 0.8750000000
76971  -20.508  -6.948  96.123 0.8750000000
76987  -21.121  -7.803  95.509 0.6250000000
71917  -2.613  -11.851  93.826 0.6250000000
69613  -9.274  -13.285  92.246 0.2500000000
75680  -16.880  -7.876  94.123 0.8750000000
76998  -18.323  -8.041  94.929 0.8750000000
75671  -20.665  -8.282  95.129 0.8750000000
70723  -3.001  -12.164  91.902 0.6250000000
68494  -8.065  -14.063  91.874 0.2500000000
69620  -9.627  -13.585  91.482 0.2500000000
75706  -15.225  -8.360  92.839 0.8750000000
75707  -16.067  -8.646  92.907 0.8750000000
71931  -4.064  -10.483  91.471 0.6250000000
74424  -15.048  -8.758  92.118 1.0000000000
74449  -14.698  -9.614  90.521 1.0000000000
71939  -4.460  -11.041  90.498 0.5000000000
74448  -13.974  -9.231  90.154 1.0000000000
74461  -13.813  -9.633  89.276 1.0000000000
163200  -30.031  -1.435  90.708 0.7500000000
84052  -30.784  -1.619  90.564 0.7500000000
83013  -31.154  -2.415  90.852 0.7500000000
73167  -5.012  -10.439  89.960 0.5000000000
75766  -11.769  -8.074  87.699 1.0000000000
144014  -12.294  -8.603  87.247 1.0000000000
144735  -13.362  -9.610  86.776 1.0000000000
74515  -12.957  -9.162  86.115 1.0000000000
83136  -26.206  -1.987  81.526 1.0000000000
83005  -30.885  -2.951  91.301 0.7500000000
83014  -31.897  -2.630  90.660 0.7500000000
77095  -11.835  -8.041  86.891 1.0000000000
77108  -11.930  -7.954  86.060 1.0000000000
75791  -12.526  -8.586  85.489 1.0000000000
75808  -12.613  -8.300  84.597 1.0000000000
81832  -32.108  -3.450  90.755 0.7500000000
81828  -32.410  -4.296  90.848 0.7500000000
78277  -34.476  -6.220  89.323 0.6250000000
78290  -34.431  -6.014  88.506 0.3750000000
78322  -11.778  -6.246  85.670 1.0000000000
155268  -12.004  -4.920  85.289 1.0000000000
78337  -12.412  -6.665  84.231 1.0000000000
79547  -12.631  -5.769  84.046 1.0000000000
81971  -25.525  -3.090  80.005 1.0000000000
80680  -12.576  -4.239  84.045 1.0000000000
151598  -12.782  -4.984  83.714 1.0000000000
80710  -13.151  -4.557  82.519 1.0000000000
81953  -13.220  -3.741  82.060 1.0000000000
81985  -24.583  -3.447  79.246 1.0000000000
81917  -12.641  -3.528  83.569 1.0000000000
83121  -12.710  -2.884  83.051 1.0000000000
83132  -13.272  -2.914  81.780 1.0000000000
79638  -23.223  -4.744  78.034 1.0000000000
80787  -24.007  -4.295  78.144 1.0000000000
80788  -24.728  -4.178  78.314 1.0000000000
84145  -13.470  -1.942  81.598 1.0000000000
147105  -13.677  -3.243  80.439 1.0000000000
81966  -13.747  -3.928  80.304 1.0000000000
80805  -23.930  -4.763  77.653 1.0000000000
80806  -24.585  -4.632  77.754 1.0000000000
84152  -14.160  -1.136  80.057 1.0000000000
144320  -14.092  -1.950  79.920 1.0000000000
81997  -14.372  -3.191  78.865 1.0000000000
79657  -22.695  -5.468  77.559 1.0000000000
79658  -23.518  -5.224  77.297 1.0000000000
79659  -24.314  -5.066  77.201 1.0000000000
79660  -25.153  -5.019  77.334 1.0000000000
79677  -25.702  -5.499  76.856 1.0000000000
84159  -14.785  -1.485  78.556 1.0000000000
82007  -14.758  -3.841  77.524 1.0000000000
78452  -21.537  -6.652  76.650 1.0000000000
78453  -22.293  -6.306  76.481 1.0000000000
161651  -22.990  -5.796  76.699 1.0000000000
79675  -23.917  -5.442  76.595 1.0000000000
152556  -14.994  -3.067  77.241 1.0000000000
82008  -15.149  -3.801  76.839 1.0000000000
77268  -20.394  -7.506  75.981 1.0000000000
78454  -22.746  -6.238  75.907 1.0000000000
157953  -23.555  -5.836  75.915 1.0000000000
78455  -24.432  -5.700  75.973 1.0000000000
155289  -15.409  -3.199  76.681 1.0000000000
80830  -15.868  -4.192  75.980 1.0000000000
79674  -16.098  -5.845  76.062 1.0000000000
78472  -21.985  -6.698  75.918 1.0000000000
78473  -22.416  -6.663  75.212 1.0000000000
78474  -24.092  -5.951  75.218 1.0000000000
79688  -15.942  -4.920  75.971 1.0000000000
79689  -16.366  -5.438  75.258 1.0000000000
78489  -17.193  -6.862  74.772 1.0000000000
77267  -19.704  -7.821  75.229 1.0000000000
141793  -20.733  -7.520  75.240 1.0000000000
78490  -22.864  -6.650  74.528 1.0000000000
79696  -16.659  -5.517  74.540 1.0000000000
79697  -17.040  -6.008  74.099 1.0000000000
77277  -18.031  -7.275  74.316 1.0000000000
77279  -20.287  -7.690  74.508 1.0000000000
77280  -21.148  -7.495  74.534 1.0000000000
144576  -17.592  -6.644  74.026 1.0000000000
78506  -18.159  -6.856  73.547 1.0000000000
140344  -19.916  -7.618  73.806 1.0000000000
145575  -16.873  -10.910  99.763 0.5000000000
74384  -17.582  -9.806  99.784 0.5000000000
70691  -6.367  -12.478  94.842 0.5000000000
73095  -15.167  -10.870  99.376 0.5000000000
141046  -15.788  -10.513  99.705 0.5000000000
74385  -18.532  -9.868  99.702 0.3750000000
75641  -19.943  -9.028  99.116 0.3750000000
75647  -22.485  -8.215  98.090 0.6250000000
76963  -23.083  -7.285  97.476 0.6250000000
152136  -4.962  -12.512  94.715 0.5000000000
70678  -6.421  -11.927  95.415 0.5000000000
70680  -8.454  -11.845  95.483 0.5000000000
71909  -10.283  -11.589  95.119 0.5000000000
161542  -11.796  -10.934  95.226 0.2500000000
71887  -13.336  -10.747  96.431 0.3750000000
75644  -19.616  -7.934  99.030 0.5000000000
76958  -20.217  -7.095  98.650 0.7500000000
76960  -22.264  -6.961  97.935 0.6250000000
78199  -23.247  -6.623  96.802 0.6250000000
71908  -4.882  -11.831  95.062 0.5000000000
70677  -5.659  -11.476  95.446 0.5000000000
79455  -18.208  -5.167  96.932 0.8750000000
79449  -19.284  -5.527  97.324 0.7500000000
79457  -20.236  -5.921  96.931 0.7500000000
78207  -22.983  -5.289  95.143 0.6250000000
71907  -4.256  -11.562  94.938 0.6250000000
71894  -4.946  -11.006  95.334 0.6250000000
78202  -17.824  -5.639  96.495 0.8750000000
78214  -18.201  -6.533  96.138 0.8750000000
78204  -19.759  -6.099  96.672 0.8750000000
140458  -2.599  -10.992  93.394 0.6250000000
73135  -3.212  -10.835  94.099 0.6250000000
73136  -4.063  -10.951  94.859 0.6250000000
73129  -4.735  -10.255  95.069 0.6250000000
76995  -15.509  -7.376  94.508 0.8750000000
76997  -17.304  -7.639  94.820 0.8750000000
76984  -17.727  -7.336  95.614 0.8750000000
71930  -3.362  -10.998  92.158 0.6250000000
77010  -15.099  -7.455  93.944 0.8750000000
75690  -15.537  -8.000  93.474 0.8750000000
75705  -14.465  -8.104  92.626 1.0000000000
75728  -14.166  -8.813  90.995 1.0000000000
144329  -27.551  -1.841  83.433 1.0000000000
83114  -28.257  -2.424  83.796 1.0000000000
81907  -28.960  -3.010  84.181 1.0000000000
81926  -28.747  -3.223  83.350 1.0000000000
84074  -31.024  -1.029  89.235 0.7500000000
73161  -4.589  -9.999  90.790 0.6250000000
75727  -13.436  -8.495  90.697 1.0000000000
75740  -12.463  -8.522  89.651 1.0000000000
83126  -27.290  -2.148  82.611 1.0000000000
83127  -28.035  -2.674  82.972 1.0000000000
81944  -28.454  -3.498  82.599 1.0000000000
84062  -31.305  -1.273  89.901 0.8750000000
73168  -5.658  -9.774  89.537 0.6250000000
75754  -12.670  -8.888  88.992 1.0000000000
83137  -26.967  -2.493  81.868 1.0000000000
81943  -27.698  -3.009  82.245 1.0000000000
80715  -28.864  -4.258  82.210 1.0000000000
84053  -31.640  -1.847  90.419 0.7500000000
84064  -33.067  -1.810  89.855 1.0000000000
80648  -35.739  -4.497  88.823 1.0000000000
79508  -35.482  -5.058  88.202 1.0000000000
150079  -34.980  -5.157  87.675 0.8750000000
79519  -34.851  -4.796  86.712 0.8750000000
77094  -11.475  -7.436  87.331 1.0000000000
147497  -11.483  -4.028  86.326 1.0000000000
81957  -26.597  -2.850  81.149 1.0000000000
81958  -27.375  -3.319  81.509 1.0000000000
81959  -28.119  -3.819  81.863 1.0000000000
80733  -28.655  -4.549  81.364 1.0000000000
156398  -29.324  -4.743  81.796 1.0000000000
81833  -32.983  -3.688  90.566 0.7500000000
83016  -33.493  -3.221  90.296 0.7500000000
80621  -34.809  -4.767  90.607 0.8750000000
80630  -35.152  -4.520  90.152 0.8750000000
78291  -35.063  -5.833  88.621 0.7500000000
78300  -34.600  -5.574  87.910 0.7500000000
78314  -34.605  -5.478  85.964 0.7500000000
77107  -11.609  -7.309  86.604 1.0000000000
79534  -11.800  -5.508  85.618 1.0000000000
80750  -26.725  -4.069  80.091 1.0000000000
80752  -28.249  -4.702  80.609 1.0000000000
80753  -28.892  -5.022  80.731 1.0000000000
80734  -29.425  -5.025  81.146 1.0000000000
78313  -34.210  -6.064  86.321 0.7500000000
80669  -12.214  -4.176  84.884 1.0000000000
81986  -25.282  -3.662  79.325 1.0000000000
80770  -26.446  -4.402  79.371 1.0000000000
80771  -27.197  -4.670  79.668 1.0000000000
79606  -28.678  -5.210  80.104 1.0000000000
79607  -29.498  -5.371  80.346 1.0000000000
79592  -30.071  -5.263  80.901 1.0000000000
83109  -12.401  -2.573  83.921 1.0000000000
148825  -12.650  -2.135  83.252 1.0000000000
80789  -25.337  -4.162  78.673 1.0000000000
79621  -27.710  -5.159  79.203 1.0000000000
79641  -28.375  -5.644  78.734 0.8750000000
79623  -29.149  -5.625  79.469 0.8750000000
83122  -13.038  -2.272  82.496 1.0000000000
80807  -25.351  -4.571  78.009 1.0000000000
79639  -26.728  -5.082  78.251 1.0000000000
79640  -27.437  -5.370  78.463 1.0000000000
79662  -28.752  -6.100  77.946 0.8750000000
84146  -13.816  -0.968  80.921 1.0000000000
145091  -26.109  -5.099  77.655 1.0000000000
79678  -26.590  -5.715  77.054 1.0000000000
79661  -27.418  -5.998  77.214 0.8750000000
85175  -14.602  -0.880  79.261 1.0000000000
151302  -27.092  -6.129  76.474 0.8750000000
83158  -14.955  -2.160  77.736 1.0000000000
83168  -15.516  -2.416  76.833 1.0000000000
78456  -25.339  -5.798  76.126 0.8750000000
78457  -26.233  -5.932  76.297 0.8750000000
78475  -25.013  -6.016  75.373 1.0000000000
78493  -25.614  -6.293  74.781 0.8750000000
82022  -16.074  -3.604  75.799 1.0000000000
78492  -24.719  -6.191  74.615 0.8750000000
77290  -22.024  -7.270  73.578 1.0000000000
168297  -23.177  -6.726  73.922 0.8750000000
78491  -23.756  -6.347  74.410 0.8750000000
78505  -17.616  -6.161  73.405 0.8750000000
77287  -18.808  -7.026  72.956 1.0000000000
143690  -20.413  -7.563  73.068 1.0000000000
77289  -21.273  -7.558  73.262 1.0000000000
78507  -22.867  -7.011  73.129 0.8750000000
78527  -18.807  -6.511  72.257 0.8750000000
77300  -19.516  -7.077  72.330 0.8750000000
145870  -9.751  -11.106  96.333 0.5000000000
71886  -12.261  -10.890  97.087 0.5000000000
73122  -13.985  -10.533  96.794 0.3750000000
74389  -14.923  -10.282  98.427 0.5000000000
73101  -14.508  -10.490  99.398 0.5000000000
141369  -16.571  -9.665  99.786 0.5000000000
75639  -18.184  -8.139  99.435 0.7500000000
70679  -7.190  -11.744  95.892 0.5000000000
71898  -9.051  -11.346  96.226 0.5000000000
71885  -10.683  -10.893  96.718 0.5000000000
76955  -18.865  -7.774  99.165 0.7500000000
139369  -19.877  -6.321  98.318 0.7500000000
71895  -6.414  -11.272  95.873 0.5000000000
79440  -17.926  -4.946  98.054 0.8750000000
79441  -18.656  -5.321  98.156 0.8750000000
78191  -19.279  -5.862  98.258 0.7500000000
79454  -17.382  -5.070  96.939 0.8750000000
73147  -2.646  -10.480  92.839 0.6250000000
144421  -2.617  -10.228  93.373 0.6250000000
157360  -3.974  -10.262  94.579 0.6250000000
78222  -16.017  -7.332  95.228 0.8750000000
78212  -16.572  -6.838  96.286 0.8750000000
73153  -3.061  -9.610  92.260 0.6250000000
75686  -3.636  -9.078  93.930 0.6250000000
166169  -4.425  -8.859  94.245 0.6250000000
75676  -5.284  -8.992  94.638 0.6250000000
83059  -31.382  -2.392  87.784 1.0000000000
74434  -3.925  -9.599  91.357 0.7500000000
77042  -13.782  -7.925  92.310 1.0000000000
84088  -31.316  -1.153  88.747 1.0000000000
83048  -31.866  -1.543  88.353 1.0000000000
75738  -4.361  -8.260  90.124 0.7500000000
77054  -13.028  -7.924  91.262 1.0000000000
77068  -11.924  -8.120  89.857 1.0000000000
81908  -29.761  -3.578  84.524 1.0000000000
81927  -29.485  -3.762  83.703 1.0000000000
163250  -32.150  -1.142  88.732 1.0000000000
84089  -33.058  -1.223  88.582 1.0000000000
75751  -5.914  -8.254  88.891 0.6250000000
77067  -11.357  -7.721  89.180 1.0000000000
80700  -30.010  -4.358  83.172 1.0000000000
80716  -29.658  -4.571  82.425 1.0000000000
85121  -32.080  -1.151  89.320 0.8750000000
85129  -33.427  -1.263  89.191 1.0000000000
84066  -34.554  -1.949  89.813 1.0000000000
81854  -35.307  -3.180  89.735 1.0000000000
80640  -35.552  -4.004  89.625 1.0000000000
79509  -36.099  -4.428  87.861 1.0000000000
79520  -35.568  -4.595  87.370 0.8750000000
78294  -11.055  -6.853  87.577 1.0000000000
167883  -11.287  -4.551  86.610 1.0000000000
80717  -30.556  -4.724  82.502 1.0000000000
84065  -33.880  -1.879  89.891 0.8750000000
83024  -34.185  -2.630  90.020 0.8750000000
81845  -35.010  -3.933  90.308 1.0000000000
78328  -34.964  -5.643  85.109 0.7500000000
80668  -11.829  -4.130  85.669 1.0000000000
79593  -30.928  -5.342  81.052 0.8750000000
77116  -34.459  -6.183  85.276 0.7500000000
83095  -12.081  -2.637  84.872 1.0000000000
84119  -11.989  -1.176  84.843 1.0000000000
143834  -29.862  -5.950  79.198 0.8750000000
79608  -30.370  -5.583  80.284 0.8750000000
77144  -34.681  -6.346  83.605 0.7500000000
77143  -34.325  -6.475  84.376 0.6250000000
78340  -35.009  -5.948  84.294 0.7500000000
81900  -12.336  -3.416  84.424 1.0000000000
84126  -12.381  -1.502  83.861 1.0000000000
79642  -29.352  -6.011  78.644 0.8750000000
79624  -30.613  -5.912  79.451 0.8750000000
85158  -13.223  -0.162  83.033 1.0000000000
86204  -13.800  0.399  82.486 1.0000000000
141031  -27.862  -5.841  77.912 0.8750000000
79643  -30.356  -6.105  78.564 0.8750000000
85165  -13.947  -0.201  81.533 1.0000000000
85170  -14.242  -0.335  80.599 1.0000000000
78436  -28.211  -6.246  77.271 0.8750000000
79663  -29.679  -6.237  77.833 0.8750000000
78438  -29.953  -6.368  77.001 0.8750000000
85173  -14.826  0.061  79.261 1.0000000000
78458  -27.773  -6.320  76.690 0.8750000000
78459  -28.437  -6.485  76.541 0.8750000000
78460  -29.289  -6.519  76.386 0.8750000000
150449  -15.526  -0.369  77.933 1.0000000000
84162  -15.502  -1.649  77.247 1.0000000000
78477  -26.790  -6.279  75.687 0.8750000000
156698  -28.617  -6.605  75.735 0.8750000000
83169  -16.089  -2.256  76.095 1.0000000000
149799  -26.498  -6.430  74.923 0.8750000000
78494  -27.259  -6.536  75.129 0.8750000000
78495  -28.069  -6.754  74.957 0.8750000000
83177  -15.865  -3.016  76.249 1.0000000000
153335  -16.532  -4.057  74.700 1.0000000000
141534  -27.191  -6.632  74.305 0.8750000000
163004  -16.987  -4.609  73.547 1.0000000000
79709  -17.226  -5.339  73.412 1.0000000000
78508  -23.775  -6.594  73.514 0.8750000000
165135  -25.138  -6.419  73.473 0.8750000000
78510  -25.836  -6.539  73.484 0.8750000000
166872  -22.477  -7.179  72.311 0.8750000000
78529  -23.817  -6.716  72.580 0.8750000000
78509  -24.566  -6.501  73.093 0.8750000000
78526  -18.360  -5.961  72.263 0.8750000000
78552  -19.336  -6.520  71.564 0.8750000000
77301  -20.300  -7.350  72.272 0.8750000000
77315  -21.754  -7.253  71.730 0.8750000000
78554  -22.710  -7.036  71.615 0.8750000000
77312  -20.038  -6.996  71.539 0.8750000000
77313  -20.810  -7.283  71.572 0.8750000000
77314  -21.243  -7.096  70.846 0.8750000000
71883  -9.512  -10.964  96.605 0.5000000000
71875  -11.467  -10.878  97.518 0.5000000000
71877  -12.934  -10.708  97.167 0.5000000000
74398  -14.344  -9.735  97.972 0.6250000000
158547  -13.862  -10.095  99.710 0.6250000000
74381  -14.482  -9.680  100.027 0.7500000000
74383  -15.454  -9.450  99.827 0.7500000000
71897  -8.478  -11.614  96.023 0.5000000000
74388  -13.840  -10.077  99.105 0.6250000000
74380  -13.894  -9.372  100.074 0.7500000000
75632  -14.620  -8.875  100.029 0.7500000000
75637  -16.296  -8.724  99.730 0.7500000000
76953  -17.522  -7.505  99.384 0.7500000000
71880  -7.177  -11.066  96.329 0.6250000000
73120  -7.691  -10.469  96.541 0.6250000000
164906  -7.562  -9.790  96.370 0.7500000000
80599  -17.050  -4.659  98.048 0.8750000000
78185  -16.951  -5.785  98.898 0.7500000000
76954  -18.363  -7.160  99.107 0.7500000000
73130  -6.300  -10.546  96.004 0.6250000000
74409  -7.172  -9.471  95.916 0.7500000000
79452  -15.712  -5.331  97.121 0.8750000000
79446  -16.740  -4.778  97.529 0.8750000000
74433  -2.327  -8.969  92.551 0.6250000000
74411  -5.364  -9.683  95.141 0.6250000000
74412  -5.943  -9.330  95.131 0.7500000000
75666  -6.793  -9.191  95.302 0.7500000000
79453  -16.492  -5.127  97.007 0.8750000000
75725  -3.232  -7.982  91.047 0.7500000000
161138  -2.948  -8.620  93.426 0.6250000000
161619  -3.905  -8.394  93.823 0.7500000000
75687  -4.902  -8.447  93.945 0.6250000000
75688  -5.956  -8.427  94.061 0.7500000000
75677  -6.401  -8.819  94.700 0.7500000000
76994  -14.853  -7.313  94.333 0.8750000000
75737  -3.401  -7.605  90.388 0.8750000000
77002  -6.567  -7.804  93.591 0.7500000000
75689  -7.067  -8.206  94.202 0.7500000000
77041  -13.277  -7.786  91.937 1.0000000000
83086  -29.503  -2.892  86.023 1.0000000000
81892  -30.113  -3.383  85.349 1.0000000000
81880  -31.260  -3.159  86.319 1.0000000000
83060  -32.335  -2.355  87.629 1.0000000000
75750  -4.819  -7.692  89.328 0.7500000000
77077  -5.287  -7.305  88.535 0.8750000000
161446  -11.953  -7.853  90.492 1.0000000000
81929  -31.386  -4.147  83.971 1.0000000000
81881  -32.058  -3.236  86.124 1.0000000000
83061  -33.351  -2.089  87.275 1.0000000000
84105  -34.049  -1.464  87.622 1.0000000000
164123  -35.085  -1.506  87.086 1.0000000000
77092  -5.772  -7.108  87.958 0.8750000000
80652  -10.587  -4.546  87.819 1.0000000000
81928  -30.380  -4.125  83.925 1.0000000000
80701  -30.973  -4.434  83.224 1.0000000000
148389  -34.667  -1.270  88.907 1.0000000000
84092  -35.444  -1.567  88.504 1.0000000000
83064  -36.365  -2.594  87.526 1.0000000000
80658  -36.010  -4.138  87.002 1.0000000000
78315  -35.182  -4.982  85.501 0.8750000000
79523  -6.133  -5.876  86.506 0.8750000000
162766  -10.664  -6.221  87.847 1.0000000000
80653  -10.955  -4.603  87.110 1.0000000000
141050  -30.995  -5.044  81.892 1.0000000000
80736  -31.739  -5.021  81.551 1.0000000000
79529  -35.272  -4.287  86.408 1.0000000000
145816  -35.526  -4.443  85.302 1.0000000000
167258  -35.689  -4.972  84.789 1.0000000000
79533  -7.002  -5.632  84.984 0.8750000000
79558  -7.562  -5.546  84.042 0.8750000000
84114  -11.759  -1.018  85.882 1.0000000000
78341  -35.710  -5.644  83.829 1.0000000000
80727  -7.973  -5.009  81.638 0.8750000000
79571  -7.767  -5.187  83.011 0.8750000000
83081  -11.684  -2.616  85.719 1.0000000000
85151  -12.015  -0.284  85.316 1.0000000000
79609  -31.260  -5.630  80.119 0.8750000000
79610  -32.101  -5.356  79.883 0.8750000000
77157  -34.944  -6.344  82.957 0.7500000000
79601  -7.956  -5.350  80.293 0.7500000000
151179  -8.328  -5.412  81.035 0.7500000000
79586  -8.502  -5.558  81.779 0.6250000000
79572  -8.386  -5.768  82.519 0.6250000000
86198  -13.004  0.958  84.225 1.0000000000
87187  -13.604  1.487  83.825 1.0000000000
79644  -31.372  -5.951  78.250 0.8750000000
75836  -34.477  -6.882  82.974 0.7500000000
142650  -34.823  -7.428  81.838 0.7500000000
86201  -13.367  0.703  83.378 1.0000000000
87193  -14.648  1.404  81.895 1.0000000000
165793  -30.993  -6.036  78.881 0.8750000000
75871  -34.155  -7.720  81.525 0.7500000000
75872  -35.180  -7.534  81.209 0.7500000000
79780  -4.116  -5.477  68.086 0.1250000000
86206  -14.326  0.678  81.782 1.0000000000
86207  -14.662  1.037  81.320 1.0000000000
86210  -14.813  1.004  80.644 1.0000000000
79664  -30.628  -6.191  77.626 0.8750000000
86213  -14.616  0.288  80.197 1.0000000000
86219  -15.430  0.811  78.899 1.0000000000
78461  -30.219  -6.478  76.123 0.8750000000
86229  -15.764  0.397  78.101 1.0000000000
85181  -16.032  0.003  77.394 1.0000000000
78480  -29.439  -6.572  75.602 0.8750000000
84168  -15.970  -1.617  76.606 1.0000000000
78496  -29.534  -6.618  74.854 0.8750000000
148835  -16.476  -2.205  75.477 1.0000000000
82030  -16.777  -3.393  74.309 0.7500000000
166162  -28.227  -6.549  73.351 0.8750000000
78479  -28.874  -6.640  75.103 0.8750000000
82039  -17.069  -3.782  73.482 0.8750000000
78511  -26.680  -6.620  73.509 0.8750000000
78512  -27.528  -6.597  73.463 0.8750000000
80877  -17.422  -4.501  72.879 0.8750000000
80878  -17.968  -4.718  72.192 0.8750000000
78530  -24.759  -6.547  72.228 0.8750000000
140073  -25.389  -6.518  72.869 0.8750000000
78532  -26.664  -6.589  72.113 0.8750000000
140071  -27.086  -6.606  72.795 0.8750000000
78551  -18.763  -5.963  71.653 0.8750000000
79741  -19.221  -5.976  70.921 0.8750000000
140932  -23.900  -6.588  71.034 0.8750000000
140069  -25.283  -6.540  71.404 0.8750000000
78531  -25.771  -6.580  72.138 0.8750000000
78571  -20.253  -6.535  70.240 0.8750000000
78572  -20.916  -6.805  70.036 0.8750000000
78553  -22.138  -6.911  70.779 0.8750000000
141663  -23.150  -6.791  70.936 0.8750000000
71884  -10.250  -10.817  96.871 0.6250000000
151359  -11.410  -10.941  97.770 0.6250000000
73109  -12.725  -10.609  97.480 0.6250000000
73100  -13.396  -9.493  99.492 0.7500000000
71881  -7.933  -11.090  96.516 0.5000000000
73121  -9.222  -10.682  96.843 0.6250000000
73106  -8.894  -10.186  96.999 0.6250000000
75631  -13.864  -8.654  100.099 0.7500000000
76951  -15.401  -7.190  99.643 0.7500000000
144430  -8.412  -10.651  96.734 0.7500000000
139199  -8.283  -9.778  96.703 0.7500000000
158864  -15.848  -5.397  99.047 0.8750000000
78184  -15.144  -6.083  99.392 0.8750000000
75656  -7.917  -9.121  96.218 0.7500000000
75667  -7.629  -8.717  95.641 0.7500000000
78200  -15.849  -6.604  96.632 0.8750000000
79438  -14.982  -4.654  98.231 0.8750000000
75714  -2.571  -8.378  91.889 0.8750000000
74422  -2.171  -8.923  92.886 0.6250000000
75678  -7.378  -8.428  94.963 0.7500000000
78211  -15.722  -7.320  95.737 0.8750000000
77050  -2.761  -7.224  90.715 0.8750000000
77023  -3.765  -7.210  93.132 0.7500000000
77000  -4.343  -7.812  93.553 0.7500000000
77001  -5.480  -7.872  93.519 0.7500000000
76989  -7.867  -7.318  94.870 0.8750000000
77009  -14.341  -7.334  93.877 0.8750000000
77039  -11.880  -7.515  91.646 1.0000000000
89175  -20.830  3.499  89.780 1.0000000000
89183  -21.352  4.018  89.245 1.0000000000
159531  -3.283  -6.625  89.597 0.8750000000
77076  -4.013  -6.792  88.957 0.8750000000
78233  -5.533  -6.859  92.451 0.7500000000
77025  -6.104  -7.375  92.991 0.8750000000
77026  -7.052  -7.132  93.372 0.7500000000
77003  -7.341  -7.489  93.967 0.8750000000
77040  -12.742  -7.608  91.833 1.0000000000
77053  -12.333  -7.718  91.087 1.0000000000
89173  -18.867  3.525  89.451 1.0000000000
89181  -18.627  3.636  88.473 1.0000000000
149463  -20.469  4.026  88.988 1.0000000000
90268  -21.679  4.509  88.685 0.8750000000
77091  -4.746  -6.535  88.098 0.8750000000
78235  -7.296  -6.404  93.313 0.7500000000
146486  -10.406  -6.625  89.241 1.0000000000
79495  -10.173  -5.985  89.175 1.0000000000
87164  -14.019  2.072  87.913 1.0000000000
88148  -16.180  2.963  88.212 1.0000000000
150531  -18.385  3.566  87.636 1.0000000000
155888  -19.272  3.822  87.872 1.0000000000
89192  -20.644  4.533  87.622 1.0000000000
81911  -32.766  -3.479  84.503 1.0000000000
83089  -33.906  -2.858  85.707 1.0000000000
83076  -35.107  -1.967  86.336 1.0000000000
83077  -35.669  -2.069  86.491 1.0000000000
164274  -5.221  -5.581  86.947 0.8750000000
78282  -10.471  -6.404  88.585 1.0000000000
84099  -11.439  -1.446  88.124 1.0000000000
86183  -12.937  0.972  87.572 1.0000000000
88158  -16.199  3.056  87.209 1.0000000000
159768  -17.648  3.377  87.460 1.0000000000
89204  -19.490  4.023  86.509 1.0000000000
80702  -31.957  -4.251  83.198 1.0000000000
80719  -32.590  -4.258  82.444 1.0000000000
83078  -36.191  -2.676  86.578 1.0000000000
81895  -35.834  -3.892  85.144 1.0000000000
80675  -35.872  -4.166  84.920 1.0000000000
153255  -5.738  -5.288  86.193 0.8750000000
83067  -11.225  -1.944  87.242 1.0000000000
152347  -12.363  0.350  87.181 1.0000000000
88156  -14.643  2.558  86.526 1.0000000000
166302  -15.867  2.996  86.487 1.0000000000
167945  -18.026  3.600  86.259 1.0000000000
89203  -18.605  3.778  86.340 1.0000000000
80718  -31.589  -4.632  82.403 1.0000000000
168435  -32.336  -4.559  81.843 1.0000000000
81896  -36.551  -4.054  84.046 1.0000000000
80676  -36.363  -4.420  84.274 1.0000000000
78342  -36.273  -5.426  83.510 1.0000000000
80679  -6.884  -4.817  84.462 0.8750000000
139273  -7.188  -4.398  83.019 0.8750000000
85149  -11.989  -0.154  86.482 1.0000000000
87178  -12.802  1.225  85.972 1.0000000000
88167  -14.629  2.561  85.667 1.0000000000
89214  -16.078  3.191  85.155 1.0000000000
89216  -17.401  3.605  85.229 1.0000000000
80737  -32.532  -4.769  81.145 1.0000000000
152731  -36.757  -5.515  82.569 1.0000000000
77174  -36.258  -6.381  81.840 0.8750000000
80707  -7.056  -3.970  82.129 0.8750000000
87185  -13.391  1.651  84.703 1.0000000000
88180  -14.603  2.529  84.814 1.0000000000
88191  -14.626  2.464  84.011 1.0000000000
79625  -31.571  -5.683  79.176 0.8750000000
77172  -35.025  -6.887  82.291 0.7500000000
77202  -36.595  -7.404  80.711 0.8750000000
80746  -7.725  -4.849  80.937 0.8750000000
153386  -7.193  -4.054  80.916 0.8750000000
81965  -6.516  -3.477  80.453 0.8750000000
87186  -13.973  2.153  84.318 1.0000000000
159856  -14.755  2.377  83.315 1.0000000000
88199  -15.263  2.626  82.692 1.0000000000
88200  -16.118  3.122  82.350 1.0000000000
75873  -36.141  -7.547  80.977 0.7500000000
75892  -37.223  -7.684  79.460 0.8750000000
80745  -7.472  -4.682  80.155 0.8750000000
79616  -7.638  -5.232  79.654 0.8750000000
80765  -7.201  -4.763  79.358 0.8750000000
81979  -6.327  -3.590  79.520 0.8750000000
87190  -14.589  1.827  82.687 1.0000000000
88207  -15.635  2.525  81.581 1.0000000000
88216  -15.586  2.118  80.769 1.0000000000
75906  -35.779  -7.910  79.556 0.6250000000
75891  -35.511  -7.668  80.437 0.6250000000
79632  -7.395  -5.512  78.947 0.7500000000
80783  -6.828  -5.082  78.722 0.8750000000
80782  -6.241  -5.057  78.100 0.8750000000
163046  -6.037  -4.287  78.291 0.8750000000
80802  -5.124  -4.885  76.941 0.8750000000
82028  -3.299  -3.776  73.782 0.8750000000
79708  -3.692  -4.916  73.026 0.3750000000
167967  -3.906  -5.738  71.784 0.2500000000
78550  -4.453  -5.848  70.695 0.2500000000
79761  -4.674  -5.628  69.160 0.1250000000
87194  -15.066  1.692  81.217 1.0000000000
142382  -16.350  2.463  79.825 1.0000000000
88230  -16.795  2.537  79.103 0.8750000000
79665  -31.518  -6.054  77.298 0.8750000000
75917  -34.956  -8.371  78.987 0.6250000000
78414  -6.709  -5.669  78.276 0.8750000000
167529  -6.233  -5.733  77.697 0.8750000000
79653  -5.666  -5.480  77.285 0.8750000000
80816  -4.266  -4.763  75.992 0.8750000000
80828  -3.399  -4.673  75.105 0.8750000000
87214  -15.916  1.444  78.933 1.0000000000
87215  -16.430  1.812  78.601 1.0000000000
78462  -31.006  -6.297  76.104 0.8750000000
80927  -4.735  -4.770  67.635 0.2500000000
86230  -16.316  0.743  77.577 0.8750000000
162005  -30.098  -6.562  75.355 0.8750000000
78481  -30.763  -6.455  75.469 0.8750000000
82113  -4.757  -4.026  66.825 0.1250000000
85191  -16.352  -0.298  76.680 0.8750000000
85198  -16.680  -0.643  75.955 0.8750000000
78497  -30.425  -6.582  74.638 0.8750000000
84169  -16.462  -1.500  75.824 0.8750000000
154968  -16.919  -1.040  75.340 0.8750000000
78514  -29.586  -6.553  73.194 0.8750000000
143192  -29.619  -6.661  74.064 0.8750000000
82031  -17.088  -3.011  73.687 0.7500000000
83203  -17.522  -2.383  73.435 0.7500000000
139950  -28.762  -6.545  72.853 0.8750000000
82054  -17.468  -3.625  72.855 0.8750000000
78558  -27.129  -6.592  71.433 0.8750000000
140070  -27.924  -6.528  72.755 0.8750000000
80893  -18.393  -4.692  71.597 0.8750000000
79740  -18.753  -5.311  71.189 0.8750000000
140395  -24.291  -6.514  69.695 0.8750000000
78575  -24.660  -6.515  70.621 0.8750000000
78557  -26.253  -6.601  71.383 0.8750000000
79764  -19.824  -5.418  69.662 0.8750000000
78589  -20.376  -6.191  69.480 0.8750000000
159241  -21.859  -6.696  69.809 0.8750000000
78574  -23.700  -6.566  70.338 0.8750000000
149929  -11.251  -10.632  97.839 0.6250000000
74395  -11.896  -9.881  97.760 0.6250000000
74397  -14.168  -9.409  97.518 0.6250000000
75643  -13.502  -9.333  98.753 0.7500000000
74394  -10.475  -10.301  97.614 0.7500000000
155957  -10.936  -9.492  97.576 0.7500000000
74396  -13.038  -9.948  97.642 0.7500000000
75642  -12.951  -8.557  99.191 0.8750000000
75635  -14.396  -7.831  100.011 0.7500000000
75658  -9.431  -8.585  96.782 0.7500000000
75648  -9.992  -9.318  97.329 0.7500000000
78183  -13.493  -6.366  99.391 0.8750000000
141149  -14.412  -6.722  99.661 0.7500000000
75668  -8.369  -8.309  96.012 0.8750000000
78196  -15.174  -5.895  97.114 0.8750000000
79444  -13.618  -5.306  97.943 0.8750000000
90258  -23.990  3.156  90.869 1.0000000000
90259  -24.520  3.621  91.056 0.8750000000
75724  -2.549  -7.430  91.236 0.8750000000
77021  -2.348  -7.740  92.211 0.8750000000
78209  -14.152  -7.221  94.789 0.8750000000
140409  -11.784  -7.454  93.190 0.8750000000
89168  -22.280  2.854  91.151 1.0000000000
90264  -24.434  3.879  90.319 0.8750000000
78267  -2.512  -6.024  90.079 0.8750000000
77022  -2.788  -7.394  92.840 0.7500000000
78232  -4.353  -6.690  92.597 0.8750000000
78220  -14.486  -7.267  94.497 0.8750000000
77029  -12.356  -7.495  92.466 0.8750000000
89174  -19.891  3.557  89.558 1.0000000000
89176  -21.813  3.457  90.132 1.0000000000
78280  -3.349  -5.996  89.175 0.8750000000
78292  -3.616  -5.747  88.496 0.8750000000
78247  -6.129  -6.441  91.889 1.0000000000
77051  -10.674  -7.279  90.672 1.0000000000
78269  -10.122  -6.398  89.862 1.0000000000
89179  -17.005  3.179  88.823 1.0000000000
90262  -22.252  4.004  89.591 1.0000000000
79522  -4.287  -5.275  87.183 0.8750000000
79478  -7.365  -5.468  92.450 0.8750000000
156097  -7.609  -6.367  94.366 0.8750000000
77066  -10.608  -7.117  89.770 1.0000000000
155676  -10.134  -5.132  89.247 1.0000000000
81860  -10.668  -2.773  88.952 1.0000000000
147333  -14.688  2.456  88.270 1.0000000000
90277  -21.700  4.968  87.982 0.8750000000
90269  -22.460  4.654  88.919 0.8750000000
164242  -33.943  -3.305  83.812 1.0000000000
81913  -34.469  -2.979  84.157 1.0000000000
140888  -35.456  -2.513  85.974 1.0000000000
147423  -35.734  -2.905  85.932 1.0000000000
79531  -4.900  -5.006  86.495 0.8750000000
81867  -10.575  -3.516  88.173 1.0000000000
162244  -12.941  0.646  88.473 1.0000000000
87158  -14.053  1.914  88.952 1.0000000000
90276  -21.206  4.861  87.106 0.8750000000
139307  -34.246  -3.649  81.773 1.0000000000
81931  -33.811  -3.630  83.252 1.0000000000
83092  -35.794  -3.474  85.098 1.0000000000
83117  -36.524  -3.259  83.585 1.0000000000
165485  -5.567  -4.234  85.298 0.8750000000
81916  -5.645  -3.298  83.849 0.8750000000
143367  -18.105  3.697  85.727 1.0000000000
89218  -19.043  3.959  85.543 1.0000000000
80720  -33.225  -4.164  81.598 1.0000000000
81935  -36.927  -4.064  83.380 1.0000000000
79580  -37.017  -5.225  82.812 1.0000000000
79611  -37.010  -5.691  81.069 1.0000000000
80690  -6.195  -3.744  83.905 0.8750000000
147399  -6.629  -3.841  83.111 0.8750000000
81936  -5.986  -2.928  81.946 0.8750000000
89233  -16.658  3.467  84.754 1.0000000000
143420  -17.420  3.655  84.354 1.0000000000
80755  -32.639  -4.926  80.348 0.8750000000
78397  -36.948  -6.489  81.148 0.8750000000
78409  -37.607  -7.080  79.587 0.8750000000
77230  -38.391  -8.050  78.394 0.8750000000
81951  -5.919  -2.991  80.977 0.8750000000
83140  -5.143  -2.694  80.532 0.8750000000
89245  -16.653  3.498  83.866 1.0000000000
89263  -17.555  3.567  82.650 1.0000000000
141828  -17.673  3.517  81.843 0.8750000000
79626  -32.443  -5.269  79.187 0.8750000000
77214  -37.504  -7.733  79.361 0.8750000000
78440  -38.567  -7.394  77.692 0.8750000000
81964  -5.805  -3.071  80.047 0.8750000000
83150  -5.084  -2.538  79.579 0.8750000000
83156  -5.103  -2.449  78.645 0.8750000000
141382  -5.099  -2.665  77.695 0.8750000000
141785  -16.750  3.483  82.961 1.0000000000
163496  -17.092  3.412  81.435 0.8750000000
89281  -18.529  3.547  81.462 0.8750000000
79645  -32.246  -5.506  78.496 0.8750000000
148026  -36.579  -7.533  80.120 0.7500000000
75908  -37.645  -8.103  78.985 0.8750000000
75921  -38.269  -8.544  77.844 0.8750000000
81978  -5.651  -3.139  79.196 0.8750000000
156453  -5.499  -3.182  78.502 0.8750000000
82006  -5.054  -3.682  77.043 0.8750000000
164466  -4.463  -2.463  76.795 0.8750000000
145764  -3.831  -2.464  75.506 0.8750000000
89297  -17.547  3.287  80.222 0.8750000000
89316  -18.213  3.309  79.701 0.8750000000
80808  -32.911  -5.248  77.075 0.8750000000
75907  -36.918  -7.943  79.249 0.7500000000
75932  -37.845  -8.825  77.532 0.8750000000
75933  -38.367  -8.724  77.164 0.8750000000
80817  -4.580  -4.245  76.383 0.8750000000
148540  -3.977  -3.661  75.676 0.8750000000
166647  -4.691  -3.718  73.011 0.5000000000
80872  -5.155  -5.086  72.302 0.2500000000
79737  -5.655  -5.705  71.036 0.2500000000
88218  -16.823  2.958  79.967 0.8750000000
88248  -17.607  2.807  78.604 0.8750000000
161000  -32.194  -5.782  76.968 0.8750000000
75919  -37.139  -8.384  78.304 0.6250000000
75942  -37.993  -9.014  76.613 0.7500000000
79749  -5.260  -5.764  70.126 0.2500000000
166657  -6.692  -5.414  70.025 0.1250000000
88266  -17.867  2.563  77.766 0.8750000000
87230  -18.142  2.283  76.935 0.8750000000
79680  -31.676  -6.028  76.401 0.8750000000
75931  -36.880  -8.689  77.395 0.6250000000
75955  -38.364  -8.495  75.482 0.6250000000
149070  -38.832  -8.068  75.105 0.5000000000
77282  -39.416  -7.572  74.895 0.5000000000
80913  -6.060  -4.959  68.587 0.2500000000
86231  -16.929  1.073  76.928 0.8750000000
151412  -17.383  0.985  76.207 0.8750000000
79710  -31.763  -5.959  74.231 0.8750000000
79690  -32.087  -5.741  75.633 0.8750000000
75954  -38.060  -8.889  75.920 0.6250000000
157820  -38.382  -8.271  74.803 0.5000000000
156586  -39.574  -7.514  74.297 0.5000000000
80940  -5.848  -4.179  67.778 0.2500000000
86246  -16.918  0.270  76.213 0.8750000000
86247  -17.593  0.579  75.578 0.8750000000
147456  -31.079  -6.464  74.142 0.8750000000
78498  -31.237  -6.323  74.861 0.8750000000
157489  -37.755  -8.666  75.191 0.5000000000
84182  -17.288  -0.963  74.676 0.7500000000
85211  -17.729  -0.818  73.996 0.7500000000
78515  -30.407  -6.553  73.667 0.8750000000
84201  -17.954  -1.481  73.464 0.7500000000
78536  -30.375  -6.399  72.750 0.8750000000
78537  -31.083  -6.072  72.306 0.8750000000
83216  -17.852  -2.933  72.634 0.8750000000
82068  -19.004  -3.421  71.135 0.8750000000
78560  -28.439  -6.586  71.100 0.7500000000
80904  -18.830  -4.440  70.904 0.8750000000
80916  -19.972  -4.574  69.325 0.8750000000
140064  -25.969  -6.613  69.681 0.7500000000
78577  -27.428  -6.556  69.985 0.7500000000
78578  -28.308  -6.486  70.308 0.7500000000
79765  -20.279  -5.327  68.886 0.7500000000
140594  -22.026  -6.479  68.869 0.7500000000
78614  -23.000  -6.514  68.595 0.7500000000
78616  -25.284  -6.549  68.302 0.7500000000
78618  -26.871  -6.386  68.345 0.7500000000
75649  -11.678  -8.936  97.384 0.7500000000
75651  -13.776  -8.696  97.344 0.8750000000
75652  -14.173  -8.649  97.654 0.8750000000
155866  -12.424  -7.385  98.854 0.8750000000
75669  -9.034  -8.147  96.286 0.8750000000
75653  -14.511  -7.877  97.155 0.8750000000
78194  -13.138  -5.995  97.998 0.8750000000
80614  -2.572  -4.785  91.326 0.8750000000
76962  -15.186  -7.166  97.030 0.8750000000
78243  -2.263  -6.579  91.256 0.8750000000
78244  -2.741  -6.149  91.942 0.8750000000
79474  -3.022  -5.329  91.787 0.8750000000
76980  -13.763  -7.260  95.284 0.8750000000
139813  -13.137  -7.334  94.076 0.8750000000
154188  -24.836  4.666  89.766 0.8750000000
77063  -2.436  -6.473  90.385 0.8750000000
79475  -4.264  -5.467  91.424 1.0000000000
75679  -8.127  -7.871  95.444 0.8750000000
89167  -21.199  3.001  90.759 1.0000000000
90270  -23.645  4.777  89.460 0.8750000000
79500  -2.632  -5.343  89.727 0.8750000000
79501  -3.259  -5.305  88.972 0.8750000000
78246  -4.966  -6.288  91.895 1.0000000000
79486  -6.426  -5.409  90.881 1.0000000000
76975  -8.945  -7.567  95.801 0.8750000000
158354  -8.375  -7.070  95.282 1.0000000000
77028  -11.181  -7.444  92.385 0.8750000000
78258  -10.128  -6.706  90.602 1.0000000000
162833  -18.116  3.293  89.848 1.0000000000
89166  -20.197  3.114  90.447 1.0000000000
155753  -24.519  5.566  88.617 0.8750000000
80659  -3.601  -4.599  87.229 0.8750000000
78248  -7.064  -6.232  92.394 0.8750000000
80616  -7.205  -4.504  93.329 1.0000000000
142350  -7.317  -5.511  94.250 1.0000000000
148494  -7.537  -5.380  94.624 1.0000000000
78257  -9.752  -6.074  90.601 1.0000000000
78268  -9.885  -5.683  89.879 1.0000000000
144218  -10.452  -3.570  88.976 1.0000000000
161126  -14.759  2.388  89.050 1.0000000000
90278  -22.138  5.156  87.906 0.8750000000
149544  -22.854  5.058  88.546 0.8750000000
141696  -35.201  -3.400  82.045 1.0000000000
140969  -34.503  -3.436  82.657 1.0000000000
83103  -35.113  -2.869  84.652 1.0000000000
83104  -35.829  -2.890  84.322 1.0000000000
81897  -4.191  -3.252  85.206 0.8750000000
83093  -3.919  -2.587  84.771 0.8750000000
79466  -7.005  -4.980  93.961 1.0000000000
80605  -6.945  -4.329  94.191 1.0000000000
78217  -7.927  -6.139  95.019 1.0000000000
167614  -7.944  -4.691  94.698 1.0000000000
78223  -8.465  -5.902  94.889 1.0000000000
80635  -10.228  -4.193  89.462 1.0000000000
84084  -11.762  -0.944  89.014 1.0000000000
90286  -21.003  4.525  86.176 0.8750000000
161163  -21.695  5.096  87.178 0.8750000000
83116  -36.088  -2.913  83.698 1.0000000000
81933  -36.454  -3.168  83.119 1.0000000000
81934  -36.811  -3.515  83.226 1.0000000000
81899  -5.230  -3.411  84.572 0.8750000000
83108  -5.253  -2.824  83.289 0.8750000000
83119  -4.757  -2.372  82.722 0.8750000000
81815  -7.038  -3.569  94.096 1.0000000000
80600  -7.272  -4.450  94.512 1.0000000000
80601  -8.207  -4.095  94.300 1.0000000000
83042  -10.983  -2.047  88.924 1.0000000000
86177  -12.677  0.130  89.123 1.0000000000
139235  -19.896  4.060  84.896 0.8750000000
89219  -20.110  4.180  85.897 0.8750000000
160805  -22.221  4.585  85.369 0.8750000000
90299  -22.314  4.927  85.877 0.8750000000
142777  -33.269  -4.603  79.911 1.0000000000
139504  -33.289  -4.383  80.680 1.0000000000
80721  -36.949  -4.217  82.298 1.0000000000
80739  -36.948  -4.905  81.791 1.0000000000
167407  -37.474  -6.279  79.692 1.0000000000
156705  -37.590  -5.840  78.644 1.0000000000
83120  -5.372  -2.654  82.361 0.8750000000
83130  -5.282  -2.663  81.431 0.8750000000
139803  -18.988  3.868  84.430 0.8750000000
89235  -19.817  3.915  83.785 0.8750000000
89237  -21.480  4.117  83.980 0.8750000000
80773  -33.121  -4.829  79.218 0.8750000000
156162  -37.172  -6.482  80.276 1.0000000000
78422  -37.962  -6.575  79.088 0.8750000000
78423  -38.314  -7.264  78.562 0.8750000000
83149  -4.399  -2.243  80.184 0.8750000000
164846  -4.890  -2.052  79.035 0.8750000000
84158  -4.700  -1.400  78.483 0.8750000000
140063  -18.932  3.753  83.523 0.8750000000
140062  -18.965  3.680  82.755 0.8750000000
89266  -20.588  3.824  82.461 0.8750000000
161969  -32.869  -5.094  78.676 0.8750000000
78464  -38.684  -6.985  76.823 0.7500000000
155099  -4.786  -1.712  77.859 0.8750000000
89283  -20.364  3.701  81.742 0.8750000000
80809  -33.618  -4.744  77.571 0.8750000000
80792  -32.918  -5.165  78.001 0.8750000000
77258  -38.749  -8.054  76.805 0.7500000000
78483  -38.818  -7.187  76.112 0.7500000000
79692  -38.822  -6.260  75.663 0.8750000000
83166  -3.723  -1.615  76.160 0.8750000000
83175  -3.861  -2.446  74.879 0.7500000000
82036  -5.434  -3.398  73.125 0.6250000000
89280  -17.670  3.441  81.038 0.8750000000
142996  -18.361  3.437  80.520 0.8750000000
140058  -20.156  3.575  80.972 0.8750000000
80833  -33.687  -4.685  75.756 0.8750000000
80819  -33.175  -5.137  76.281 0.8750000000
82040  -35.861  -4.098  72.968 0.8750000000
83220  -36.949  -2.813  72.243 0.8750000000
75943  -38.384  -8.678  76.299 0.6250000000
78499  -39.708  -6.855  75.218 0.7500000000
166462  -4.001  -4.096  73.036 0.6250000000
80873  -6.229  -4.845  72.359 0.2500000000
79721  -5.964  -5.373  71.831 0.2500000000
89317  -18.818  3.308  79.117 0.8750000000
89298  -19.025  3.412  79.921 0.8750000000
80843  -33.186  -4.843  74.769 0.8750000000
79681  -32.499  -5.575  76.330 0.8750000000
82057  -35.556  -3.393  72.251 0.8750000000
83219  -36.156  -2.870  72.156 0.8750000000
77270  -38.706  -8.144  75.791 0.6250000000
78500  -40.580  -6.574  74.946 0.8750000000
79702  -40.861  -5.811  75.166 0.8750000000
79738  -6.647  -5.487  71.278 0.2500000000
148189  -7.190  -5.332  70.586 0.2500000000
88249  -18.545  3.038  78.310 0.8750000000
88267  -18.772  2.751  77.409 0.8750000000
80832  -32.847  -5.276  75.598 0.8750000000
77283  -40.062  -7.159  74.771 0.5000000000
79712  -41.468  -5.667  74.440 0.6250000000
79763  -7.026  -5.122  69.500 0.2500000000
88281  -19.046  2.445  76.602 0.8750000000
156737  -32.479  -5.268  74.051 0.8750000000
79699  -32.335  -5.463  74.885 0.8750000000
83235  -35.645  -2.563  71.616 0.8750000000
83236  -36.324  -2.206  71.904 0.8750000000
78517  -40.385  -6.897  74.062 0.5000000000
78518  -41.146  -6.242  74.334 0.6250000000
87256  -18.778  1.510  75.516 0.7500000000
86249  -19.111  0.988  74.938 0.7500000000
146152  -31.989  -5.637  73.344 0.8750000000
146820  -35.910  -1.808  71.487 0.8750000000
84224  -36.432  -1.432  71.686 0.8750000000
78539  -40.925  -6.299  73.343 0.5000000000
79713  -41.631  -5.544  73.962 0.6250000000
85205  -17.642  -0.362  74.545 0.7500000000
161860  -18.157  -0.155  74.139 0.7500000000
151669  -31.712  -5.467  71.887 0.8750000000
79725  -31.642  -5.755  72.671 0.8750000000
85231  -36.455  -0.499  71.515 0.8750000000
79727  -41.463  -5.803  73.693 0.5000000000
84202  -18.665  -1.384  73.009 0.7500000000
78562  -30.354  -6.194  71.272 0.8750000000
141704  -18.420  -3.189  71.893 0.8750000000
145293  -19.615  -3.297  70.499 0.8750000000
78580  -29.838  -6.303  70.913 0.8750000000
82088  -19.651  -3.967  69.913 0.8750000000
80930  -20.396  -4.313  68.462 0.7500000000
78596  -28.191  -6.310  69.490 0.7500000000
79766  -29.605  -5.724  69.326 0.7500000000
79783  -21.156  -5.724  67.825 0.7500000000
78613  -22.290  -6.300  68.075 0.7500000000
78637  -24.140  -6.457  67.445 0.7500000000
167580  -25.662  -6.447  67.733 0.7500000000
78641  -28.001  -5.830  67.970 0.7500000000
165713  -10.509  -8.862  97.261 0.7500000000
75650  -12.617  -8.933  97.382 0.8750000000
75660  -12.045  -8.210  96.741 0.8750000000
80623  -3.006  -4.009  91.070 0.8750000000
75661  -13.101  -8.058  96.674 0.8750000000
75662  -14.059  -7.849  96.693 0.8750000000
76978  -11.952  -7.363  95.428 0.8750000000
91264  -25.264  4.898  90.581 0.8750000000
81837  -3.091  -3.220  90.515 0.8750000000
81838  -4.150  -3.813  90.339 0.8750000000
76976  -9.831  -7.798  96.224 0.8750000000
76979  -12.907  -7.295  95.319 0.8750000000
76991  -11.536  -7.318  94.728 0.8750000000
147043  -23.328  2.802  91.509 1.0000000000
79494  -2.260  -5.612  90.353 0.8750000000
79484  -4.130  -4.644  90.854 1.0000000000
76992  -12.554  -7.287  94.687 0.8750000000
77006  -11.172  -7.350  93.933 0.8750000000
91272  -25.117  5.389  89.237 0.8750000000
83026  -2.886  -2.923  89.746 0.8750000000
81865  -2.797  -4.031  88.554 0.8750000000
79485  -5.306  -5.201  90.759 1.0000000000
80633  -6.792  -4.253  90.048 1.0000000000
153892  -9.369  -7.091  95.086 0.8750000000
78218  -8.537  -6.577  95.120 1.0000000000
162712  -10.880  -7.398  93.228 0.8750000000
78249  -9.760  -6.333  91.473 0.8750000000
159791  -19.401  3.209  90.171 1.0000000000
92266  -25.303  5.859  88.672 0.8750000000
81962  -35.612  -3.594  81.498 1.0000000000
81948  -36.045  -3.407  82.401 1.0000000000
83036  -2.825  -2.908  88.833 0.8750000000
83050  -2.684  -2.469  87.972 0.8750000000
80626  -7.115  -4.802  90.761 1.0000000000
144181  -7.463  -4.186  91.325 1.0000000000
78250  -10.179  -6.920  91.416 0.8750000000
89165  -18.661  3.053  90.425 1.0000000000
91283  -23.662  5.843  87.048 0.8750000000
81974  -35.329  -3.637  80.547 1.0000000000
81932  -35.539  -3.037  82.999 1.0000000000
81963  -36.319  -3.851  81.947 1.0000000000
81975  -35.996  -3.867  81.036 1.0000000000
142198  -3.351  -2.102  86.075 0.8750000000
84113  -3.603  -2.135  85.271 0.8750000000
149765  -6.961  -2.692  93.047 1.0000000000
79460  -7.665  -5.179  94.824 1.0000000000
80628  -10.030  -3.989  90.279 1.0000000000
83030  -10.917  -2.172  89.669 1.0000000000
87157  -13.527  1.161  89.354 1.0000000000
88135  -15.265  2.653  89.704 1.0000000000
90300  -22.760  5.258  85.747 0.8750000000
90288  -22.147  5.203  86.856 0.8750000000
159711  -35.051  -3.700  79.907 1.0000000000
80757  -34.698  -3.629  80.349 1.0000000000
80758  -36.321  -4.357  80.538 1.0000000000
80777  -36.696  -4.920  79.950 1.0000000000
83106  -4.067  -2.257  83.935 0.8750000000
83118  -4.188  -2.013  83.069 0.8750000000
81820  -6.961  -3.494  93.547 1.0000000000
82995  -7.030  -2.576  93.596 1.0000000000
79461  -8.755  -5.076  94.286 1.0000000000
83031  -11.297  -1.577  89.626 1.0000000000
85127  -12.239  -0.460  89.550 1.0000000000
145708  -22.841  4.771  84.951 0.8750000000
82001  -34.902  -4.234  78.402 1.0000000000
81988  -35.009  -4.029  79.272 1.0000000000
80775  -34.566  -3.966  79.663 1.0000000000
80756  -33.976  -4.089  80.147 1.0000000000
79646  -37.232  -5.595  79.332 1.0000000000
144116  -37.640  -5.760  77.493 1.0000000000
84134  -3.724  -1.348  82.546 0.8750000000
90325  -22.256  4.150  84.091 0.8750000000
80794  -34.411  -4.304  78.871 1.0000000000
80774  -33.835  -4.393  79.382 1.0000000000
78439  -38.033  -6.398  78.122 0.8750000000
79683  -38.369  -6.037  76.373 1.0000000000
157957  -3.887  -1.875  80.695 0.8750000000
143827  -4.457  -0.736  78.837 0.8750000000
140060  -21.332  3.859  82.634 0.8750000000
80810  -34.297  -4.431  77.983 1.0000000000
80793  -33.577  -4.675  78.515 0.8750000000
80860  -35.643  -4.394  73.793 0.8750000000
168084  -36.565  -4.124  72.965 0.8750000000
158651  -36.665  -4.455  73.574 0.8750000000
78463  -38.199  -6.319  77.203 0.8750000000
160850  -4.531  -0.445  78.129 0.8750000000
84157  -4.331  -0.674  77.275 0.8750000000
89301  -21.925  3.483  80.938 0.8750000000
82009  -34.857  -4.257  77.388 0.8750000000
82058  -36.557  -3.573  72.585 0.8750000000
80882  -37.264  -4.129  72.993 0.8750000000
79701  -39.154  -5.966  75.253 0.8750000000
159290  -39.987  -6.014  75.300 0.8750000000
83161  -4.172  -1.522  77.018 0.8750000000
84166  -3.737  -0.760  76.000 0.8750000000
83185  -5.219  -2.105  74.362 0.7500000000
89300  -21.069  3.519  80.323 0.8750000000
82015  -35.065  -4.160  76.438 0.8750000000
165639  -34.171  -4.475  76.180 0.8750000000
80820  -33.772  -4.688  76.666 0.8750000000
154037  -35.090  -4.190  73.329 0.8750000000
82059  -37.594  -3.513  72.619 0.8750000000
83199  -5.964  -2.666  73.669 0.3750000000
162632  -6.782  -3.342  72.991 0.3750000000
88250  -20.328  2.978  78.047 0.8750000000
152300  -33.984  -4.326  75.071 0.8750000000
166099  -35.131  -3.939  72.691 0.8750000000
83221  -37.839  -2.744  72.421 0.8750000000
83222  -38.612  -2.678  72.859 1.0000000000
80864  -41.303  -5.341  75.121 0.8750000000
83200  -7.102  -2.576  73.546 0.7500000000
167601  -7.029  -4.004  72.729 0.2500000000
165442  -7.352  -5.200  71.434 0.2500000000
88283  -20.759  2.071  76.683 0.8750000000
87244  -21.908  1.526  76.192 0.7500000000
80858  -33.733  -4.357  73.357 0.8750000000
84225  -37.148  -1.916  72.103 0.8750000000
84216  -38.020  -1.921  72.484 1.0000000000
84217  -38.675  -1.929  72.921 1.0000000000
82043  -41.736  -4.904  75.134 0.7500000000
154412  -8.369  -4.390  70.182 0.2500000000
87243  -20.465  1.716  75.873 0.7500000000
80879  -32.949  -4.672  72.768 0.8750000000
80857  -33.103  -4.715  73.763 0.8750000000
146910  -36.909  -1.077  71.939 0.8750000000
143720  -37.481  -1.115  72.356 0.8750000000
85224  -38.168  -1.088  73.022 1.0000000000
80865  -41.653  -5.182  74.357 0.6250000000
86259  -19.448  0.578  74.316 0.7500000000
80895  -33.139  -4.281  71.858 0.8750000000
79711  -32.528  -5.100  73.295 0.8750000000
84232  -35.476  -1.812  70.819 0.7500000000
85223  -37.504  -0.329  72.852 0.8750000000
85214  -37.988  -0.206  73.516 1.0000000000
85212  -18.429  -0.728  73.538 0.7500000000
79743  -32.089  -4.976  71.367 0.8750000000
79726  -32.194  -5.256  72.633 0.8750000000
84223  -35.940  -1.138  71.175 0.8750000000
86289  -37.060  0.386  72.638 0.8750000000
86278  -37.509  0.403  73.285 0.8750000000
86279  -38.076  0.573  73.917 1.0000000000
84215  -19.272  -1.327  72.390 0.7500000000
84229  -20.126  -1.980  70.810 0.8750000000
79753  -31.517  -5.256  70.898 0.7500000000
87311  -35.459  1.581  71.281 0.7500000000
87312  -36.159  1.212  71.706 0.8750000000
86299  -36.612  0.439  71.891 0.8750000000
87301  -36.624  1.289  72.433 0.7500000000
87302  -37.106  0.946  73.053 0.7500000000
87290  -37.534  1.153  73.536 0.7500000000
87280  -38.377  0.982  74.507 1.0000000000
83241  -19.592  -2.616  71.027 0.8750000000
162466  -20.035  -2.655  70.462 0.7500000000
79767  -30.386  -5.455  69.667 0.7500000000
88335  -35.108  2.417  71.731 0.6250000000
87300  -35.912  2.017  71.974 0.6250000000
88330  -36.324  2.223  72.732 0.7500000000
87289  -37.007  1.704  73.118 0.7500000000
88308  -37.195  2.867  74.011 0.7500000000
88309  -37.801  2.299  74.382 0.7500000000
82089  -20.215  -3.717  69.236 0.7500000000
82116  -20.828  -3.536  67.808 0.7500000000
163906  -29.176  -5.390  67.840 0.7500000000
79786  -30.188  -5.225  68.782 0.7500000000
88317  -35.022  3.175  73.146 0.7500000000
88318  -35.960  2.901  73.174 0.7500000000
89383  -35.757  3.688  74.296 0.7500000000
89384  -36.702  3.536  74.577 0.7500000000
89373  -37.353  3.487  75.190 0.7500000000
79798  -21.545  -5.398  67.207 0.7500000000
78654  -23.100  -5.866  66.742 0.7500000000
156826  -24.727  -6.271  66.876 0.7500000000
78658  -27.021  -5.815  66.986 0.7500000000
79820  -28.458  -5.229  66.822 0.7500000000
89392  -35.644  3.359  73.663 0.7500000000
89362  -36.277  4.247  76.255 0.7500000000
151060  -36.155  4.306  77.054 0.7500000000
78655  -23.844  -6.109  66.803 0.7500000000
78656  -25.346  -5.867  66.547 0.7500000000
80958  -26.393  -4.598  66.061 0.6250000000
75659  -11.059  -8.428  96.927 0.8750000000
146412  -10.223  -8.410  96.839 0.8750000000
76965  -10.671  -7.863  96.364 0.8750000000
76966  -11.476  -7.686  96.186 0.8750000000
76967  -12.441  -7.528  96.052 0.8750000000
93291  -25.881  6.736  89.286 0.7500000000
83017  -3.256  -2.738  90.105 0.8750000000
81849  -4.989  -3.436  89.620 0.8750000000
81857  -5.685  -3.088  88.989 1.0000000000
152914  -9.880  -7.392  95.536 0.8750000000
76977  -10.830  -7.453  95.625 0.8750000000
76990  -10.484  -7.321  94.786 0.8750000000
89157  -21.587  2.545  91.893 1.0000000000
92257  -25.743  5.797  89.328 0.7500000000
139383  -26.066  8.010  88.386 0.7500000000
81836  -2.736  -3.813  90.654 0.8750000000
83028  -3.708  -2.151  89.668 0.8750000000
81850  -6.289  -3.676  89.473 1.0000000000
89156  -20.535  2.747  91.616 1.0000000000
92279  -25.960  6.258  88.686 0.7500000000
85124  -3.733  -0.727  89.280 0.8750000000
80625  -6.163  -4.799  90.365 1.0000000000
81851  -7.246  -3.487  89.865 1.0000000000
77004  -9.519  -6.684  94.155 0.8750000000
149521  -9.367  -6.026  93.901 1.0000000000
78236  -9.853  -6.630  92.588 1.0000000000
88131  -19.424  2.813  91.292 1.0000000000
93305  -25.685  7.231  88.111 0.7500000000
143735  -25.898  8.277  87.702 0.7500000000
85131  -3.145  -0.859  88.585 0.8750000000
141435  -3.062  -0.952  87.641 0.8750000000
83018  -7.675  -2.688  90.422 1.0000000000
79467  -9.494  -5.819  92.693 1.0000000000
79479  -9.518  -5.506  91.470 1.0000000000
89171  -16.655  3.180  89.740 1.0000000000
93304  -24.979  7.033  87.439 0.7500000000
80776  -36.032  -4.439  79.659 1.0000000000
84107  -3.236  -1.209  86.575 0.8750000000
86191  -3.486  0.163  85.687 0.8750000000
84055  -7.786  -1.766  91.061 1.0000000000
84045  -7.743  -0.806  91.620 1.0000000000
157036  -9.325  -5.126  92.751 1.0000000000
80617  -9.445  -4.551  91.947 1.0000000000
81840  -9.734  -3.853  91.230 1.0000000000
86174  -13.146  0.517  89.706 1.0000000000
91290  -23.109  5.681  85.501 0.8750000000
92290  -23.450  6.170  86.298 0.7500000000
92300  -23.756  6.848  86.174 0.7500000000
81989  -35.402  -3.982  79.801 1.0000000000
84118  -3.688  -1.618  84.546 0.8750000000
85156  -3.605  -0.673  84.027 0.8750000000
161160  -7.110  -1.304  92.956 1.0000000000
82996  -7.474  -2.129  93.722 1.0000000000
81816  -7.452  -2.891  94.066 1.0000000000
81841  -10.375  -3.152  90.681 1.0000000000
81852  -10.534  -3.147  89.750 1.0000000000
92299  -23.333  6.442  85.455 0.7500000000
80795  -35.443  -4.340  78.889 1.0000000000
80811  -35.651  -4.504  78.135 1.0000000000
143516  -36.638  -4.905  79.234 1.0000000000
80797  -36.873  -5.203  78.458 1.0000000000
79667  -37.397  -5.657  78.012 1.0000000000
86203  -3.434  0.181  82.580 0.8750000000
84038  -8.430  -1.650  93.745 1.0000000000
81821  -9.169  -3.374  93.690 1.0000000000
81830  -9.595  -3.641  92.424 1.0000000000
143716  -10.703  -2.526  91.043 1.0000000000
165767  -23.861  4.357  83.479 0.8750000000
82010  -35.229  -4.340  78.011 1.0000000000
80822  -35.509  -4.358  77.239 0.8750000000
82024  -35.164  -4.129  75.552 0.8750000000
141134  -35.856  -4.412  75.351 0.8750000000
80847  -36.208  -4.618  74.473 0.8750000000
79682  -37.613  -5.539  76.820 1.0000000000
142770  -37.686  -5.321  76.201 1.0000000000
86205  -3.454  0.241  81.652 0.8750000000
86211  -3.568  0.185  80.207 0.8750000000
89251  -22.970  3.807  82.978 0.8750000000
80846  -35.344  -4.237  74.685 0.8750000000
79691  -38.151  -5.468  75.831 1.0000000000
86212  -3.844  0.583  79.399 0.8750000000
85174  -4.441  0.094  78.409 0.8750000000
89286  -24.195  3.873  81.342 0.8750000000
85172  -4.125  -0.063  79.093 0.8750000000
86223  -4.711  0.512  78.179 0.8750000000
85178  -4.901  0.224  76.896 0.8750000000
84167  -4.399  -0.397  75.868 0.8750000000
89302  -23.360  3.610  80.632 0.8750000000
80834  -34.541  -4.257  75.754 0.8750000000
80845  -34.661  -4.119  74.764 0.8750000000
139211  -35.023  -4.133  74.087 0.8750000000
80883  -38.270  -4.122  73.243 1.0000000000
86224  -5.058  0.631  77.707 0.8750000000
85186  -4.152  -0.262  76.445 1.0000000000
167275  -4.988  -0.663  75.531 0.8750000000
83186  -6.335  -2.004  74.286 0.7500000000
89335  -22.027  3.000  78.953 0.8750000000
80859  -34.490  -4.214  73.786 0.8750000000
82060  -38.476  -3.472  72.985 1.0000000000
82061  -39.332  -3.493  73.728 1.0000000000
83205  -40.151  -3.413  74.497 1.0000000000
84188  -5.406  -1.343  74.979 0.7500000000
82037  -7.802  -3.182  73.054 0.5000000000
82051  -8.334  -3.626  72.580 0.2500000000
88270  -22.419  2.187  77.527 0.8750000000
152931  -21.731  1.912  76.977 0.8750000000
80844  -33.863  -4.377  74.266 0.8750000000
83223  -39.196  -2.550  73.541 1.0000000000
84205  -39.652  -2.310  74.283 1.0000000000
82038  -8.609  -3.001  72.930 0.2500000000
80876  -8.797  -3.862  72.048 0.2500000000
88284  -22.855  1.761  76.824 0.8750000000
80880  -33.606  -4.209  72.608 0.8750000000
80896  -33.937  -3.825  72.081 0.8750000000
82056  -34.728  -3.618  72.159 0.8750000000
84204  -38.909  -1.629  73.564 1.0000000000
85216  -39.192  -1.325  74.321 1.0000000000
87272  -20.971  0.851  74.742 0.7500000000
82069  -33.624  -3.856  71.362 0.8750000000
82070  -34.346  -3.448  71.374 0.8750000000
82071  -35.041  -3.142  71.589 0.8750000000
85215  -38.554  -0.764  73.815 1.0000000000
85207  -39.560  -0.973  74.928 1.0000000000
84193  -40.124  -1.991  74.888 1.0000000000
163307  -41.682  -4.649  73.528 0.7500000000
86272  -20.582  0.559  73.457 0.7500000000
147972  -33.845  -3.210  70.034 0.8750000000
83243  -34.834  -2.205  70.228 0.7500000000
85230  -35.902  -0.378  70.973 0.7500000000
86265  -38.559  0.305  74.550 1.0000000000
87265  -38.829  0.926  75.212 1.0000000000
86266  -39.085  -0.083  75.074 1.0000000000
147648  -41.840  -2.531  73.328 0.7500000000
85228  -20.425  -0.479  71.521 0.7500000000
80933  -32.201  -3.894  69.122 0.7500000000
79754  -32.228  -4.664  70.769 0.7500000000
156447  -34.963  0.632  70.018 0.7500000000
87320  -34.511  1.428  70.502 0.6250000000
152278  -35.535  0.117  70.481 0.7500000000
88310  -38.328  1.700  74.793 1.0000000000
84237  -20.718  -1.236  69.605 0.8750000000
83242  -20.422  -2.176  69.929 0.7500000000
82119  -31.453  -3.399  67.809 0.7500000000
80932  -31.471  -4.346  68.696 0.7500000000
157115  -34.282  2.854  73.024 0.6250000000
88328  -34.730  2.758  72.387 0.6250000000
165979  -37.833  3.405  75.681 0.7500000000
88297  -38.059  2.707  75.127 0.7500000000
89364  -38.472  3.107  76.860 0.7500000000
88291  -38.840  2.200  76.393 1.0000000000
84247  -20.940  -2.068  69.071 0.7500000000
83258  -20.922  -2.798  68.466 0.7500000000
80942  -20.782  -4.472  67.565 0.7500000000
80961  -30.140  -3.756  66.908 0.7500000000
80931  -30.745  -4.700  68.284 0.7500000000
88306  -33.360  2.645  74.349 0.5000000000
148495  -34.131  3.055  73.762 0.6250000000
89382  -34.869  3.740  75.056 0.7500000000
145003  -37.202  3.986  75.901 0.7500000000
89363  -37.857  3.687  76.393 0.7500000000
150277  -21.347  -3.151  66.981 0.6250000000
79813  -21.933  -5.017  66.560 0.7500000000
80956  -23.251  -4.631  65.934 0.7500000000
79819  -27.614  -5.265  66.611 0.7500000000
80960  -29.013  -4.611  66.638 0.7500000000
88296  -33.942  3.126  75.645 0.7500000000
89370  -34.614  3.536  76.117 0.6250000000
89361  -35.267  3.869  76.799 0.7500000000
89340  -35.504  3.647  78.913 0.7500000000
89341  -36.337  4.226  78.543 0.7500000000
90389  -37.328  4.309  78.308 0.7500000000
89353  -37.825  3.991  77.399 0.7500000000
83271  -22.130  -2.475  66.607 0.6250000000
83281  -22.852  -2.749  65.971 0.6250000000
147697  -23.980  -3.928  65.695 0.6250000000
148700  -25.560  -4.596  65.924 0.6250000000
147776  -27.790  -3.841  66.083 0.7500000000
145345  -28.184  -4.600  66.332 0.7500000000
89351  -34.576  3.327  77.627 0.6250000000
89339  -34.726  3.301  78.525 0.7500000000
89326  -35.428  3.457  79.802 0.7500000000
89327  -36.157  4.034  79.403 0.7500000000
90372  -36.839  4.331  79.922 0.7500000000
89307  -35.458  3.346  80.710 0.6250000000
89160  -24.035  3.016  91.615 1.0000000000
93286  -25.338  6.216  89.776 0.8750000000
94343  -26.179  9.573  88.079 0.7500000000
83038  -5.169  -2.409  88.773 0.8750000000
83052  -6.452  -1.937  87.781 1.0000000000
83040  -7.057  -2.393  88.503 1.0000000000
88125  -20.953  2.174  92.738 1.0000000000
85134  -4.642  -0.577  88.728 1.0000000000
84095  -5.454  -1.407  87.915 1.0000000000
81859  -7.438  -2.611  89.376 1.0000000000
89155  -18.421  2.736  91.539 1.0000000000
95317  -26.281  9.883  87.590 0.7500000000
85133  -4.020  0.073  89.108 1.0000000000
84082  -8.201  -1.345  88.418 1.0000000000
89163  -16.863  3.027  90.822 1.0000000000
93311  -25.251  7.786  87.213 0.7500000000
165857  -25.582  9.178  86.700 0.7500000000
86175  -3.751  0.718  88.603 0.8750000000
85145  -3.198  -0.314  87.112 0.8750000000
83019  -7.883  -1.921  89.888 1.0000000000
84056  -8.079  -1.064  90.468 1.0000000000
147340  -24.483  7.321  86.673 0.7500000000
144654  -24.705  8.185  86.464 0.7500000000
150234  -3.354  0.915  86.676 1.0000000000
148726  -3.522  0.946  85.319 0.8750000000
86168  -8.512  0.526  91.533 1.0000000000
87154  -13.973  1.543  89.782 1.0000000000
93321  -23.773  7.685  85.907 0.7500000000
80796  -36.138  -4.665  78.714 1.0000000000
80812  -36.199  -4.717  77.791 1.0000000000
80823  -36.267  -4.570  76.835 1.0000000000
86196  -3.626  0.155  84.618 0.8750000000
86199  -3.530  0.155  83.570 0.8750000000
85110  -7.774  -0.220  92.786 1.0000000000
85105  -8.098  -0.675  93.353 1.0000000000
83020  -10.839  -2.353  90.373 1.0000000000
83021  -11.245  -1.692  90.275 1.0000000000
84070  -11.583  -1.200  90.149 1.0000000000
86173  -12.708  -0.066  90.011 1.0000000000
91313  -24.064  5.065  83.630 0.7500000000
92309  -23.196  6.466  84.622 0.7500000000
80813  -36.960  -5.149  77.393 1.0000000000
81817  -8.220  -3.152  94.093 1.0000000000
145745  -9.159  -2.419  93.668 1.0000000000
82999  -9.940  -2.825  92.717 1.0000000000
84057  -11.568  -1.301  90.838 1.0000000000
91314  -24.680  4.877  83.029 0.7500000000
80835  -35.655  -4.276  76.242 0.8750000000
146677  -36.628  -4.712  75.194 0.8750000000
150399  -3.543  0.939  81.163 0.8750000000
87199  -3.753  1.125  79.807 0.8750000000
90351  -24.900  4.392  81.674 0.7500000000
80861  -37.922  -4.512  73.803 0.8750000000
79700  -38.351  -5.321  75.294 1.0000000000
89303  -24.608  4.035  80.338 0.7500000000
80849  -38.837  -5.259  74.716 0.8750000000
86216  -4.310  0.764  78.741 0.8750000000
86217  -4.863  1.082  78.318 0.8750000000
90378  -24.706  3.708  78.726 0.8750000000
89322  -24.698  4.052  79.417 0.8750000000
80863  -40.165  -4.996  74.983 0.8750000000
85187  -6.159  0.012  76.233 1.0000000000
85195  -6.607  -0.490  75.712 1.0000000000
89337  -24.660  3.400  78.697 0.8750000000
82042  -40.539  -4.533  74.890 0.8750000000
83206  -41.403  -4.331  75.310 1.0000000000
85194  -5.367  -0.342  75.745 1.0000000000
84178  -5.973  -0.800  75.325 1.0000000000
83187  -7.479  -1.989  74.196 0.5000000000
83201  -8.133  -2.537  73.544 0.3750000000
88253  -24.547  2.694  78.198 0.8750000000
82032  -42.124  -4.549  75.514 0.8750000000
84211  -9.672  -2.078  72.952 0.3750000000
82053  -9.884  -2.439  72.168 0.2500000000
83250  -33.827  -2.232  69.056 0.6250000000
82044  -42.050  -4.521  74.531 0.8750000000
83194  -42.678  -3.327  76.023 1.0000000000
157038  -43.264  -2.662  76.076 1.0000000000
87245  -23.466  1.528  76.122 0.7500000000
87259  -22.750  1.319  75.354 0.7500000000
84239  -33.857  -1.347  68.895 0.6250000000
85208  -40.472  -1.672  75.563 1.0000000000
85201  -40.798  -1.294  76.175 1.0000000000
83207  -42.462  -4.093  75.040 0.8750000000
145338  -42.474  -3.099  74.274 0.8750000000
85218  -42.653  -1.559  74.370 0.8750000000
87274  -23.192  1.459  74.527 0.7500000000
86261  -21.287  0.861  73.987 0.7500000000
82091  -33.555  -3.008  69.406 0.7500000000
86308  -33.226  0.953  69.798 0.6250000000
86252  -39.443  0.291  75.658 1.0000000000
85200  -39.876  -0.627  75.559 1.0000000000
85192  -41.122  -0.867  76.756 1.0000000000
83225  -42.035  -3.510  73.772 0.7500000000
84206  -42.192  -1.860  73.559 0.7500000000
86282  -42.527  -0.404  74.285 0.8750000000
86267  -42.244  0.646  74.478 0.8750000000
87284  -22.839  1.649  73.503 0.7500000000
86284  -20.774  0.348  72.707 0.7500000000
84252  -33.225  -1.886  68.603 0.6250000000
82104  -33.128  -2.710  68.834 0.7500000000
165912  -32.650  -3.785  69.556 0.7500000000
86309  -34.540  0.199  69.559 0.7500000000
141620  -33.297  2.001  71.575 0.6250000000
168739  -39.224  0.860  75.751 1.0000000000
87235  -39.677  1.715  77.588 1.0000000000
85217  -42.118  -0.699  73.474 0.7500000000
87292  -41.339  1.400  73.906 1.0000000000
88322  -40.938  2.242  73.615 0.8750000000
85234  -20.452  -0.653  70.847 0.6250000000
83260  -32.539  -2.407  68.386 0.6250000000
82103  -32.438  -3.190  68.646 0.6250000000
87299  -33.356  2.218  72.459 0.5000000000
88276  -39.030  2.354  77.383 0.8750000000
88277  -39.457  2.137  78.061 1.0000000000
146676  -41.073  0.580  72.312 0.5000000000
86280  -41.071  0.874  73.051 0.7500000000
88321  -40.655  2.554  73.075 0.8750000000
83259  -21.282  -2.060  68.218 0.7500000000
83273  -31.263  -2.664  67.483 0.7500000000
88295  -33.327  2.604  75.271 0.5000000000
89354  -38.531  3.203  77.795 0.7500000000
89343  -38.684  3.253  78.606 0.7500000000
142306  -41.035  3.936  73.002 0.8750000000
83287  -29.660  -2.450  66.709 0.7500000000
88289  -33.880  2.943  76.500 0.5000000000
88259  -33.959  2.822  78.289 0.5000000000
90380  -37.007  4.347  79.129 0.7500000000
90373  -37.659  4.308  79.756 0.7500000000
90374  -38.409  3.926  79.622 0.7500000000
90425  -41.548  4.404  71.695 0.8750000000
149605  -23.556  -3.069  65.714 0.6250000000
151630  -24.340  -2.943  65.706 0.6250000000
83284  -26.748  -2.734  66.269 0.6250000000
167609  -28.096  -3.168  66.255 0.7500000000
89325  -34.744  3.160  79.380 0.6250000000
89306  -34.714  2.974  80.246 0.5000000000
89290  -35.794  3.295  81.845 0.7500000000
162676  -36.315  3.732  81.110 0.7500000000
168031  -36.762  4.116  80.604 0.7500000000
153879  -37.680  2.632  83.034 0.7500000000
90435  -42.680  4.562  70.487 0.8750000000
83282  -23.717  -2.188  65.878 0.6250000000
155128  -25.192  -2.749  65.952 0.6250000000
157964  -25.881  -2.528  66.255 0.6250000000
89272  -35.052  2.831  82.459 0.5000000000
89257  -36.899  2.364  83.664 0.7500000000
89426  -44.367  4.165  69.018 0.6250000000
90439  -46.383  5.045  70.124 1.0000000000
90440  -48.391  5.043  70.843 1.0000000000
90441  -48.828  4.356  71.464 1.0000000000
89427  -45.298  4.241  68.953 0.8750000000
157202  -45.862  4.105  68.528 0.8750000000
89429  -47.245  4.317  69.195 0.8750000000
89430  -48.825  4.231  70.463 0.8750000000
149162  -49.399  3.713  70.842 0.7500000000
89445  -49.038  3.986  69.578 0.7500000000
146962  -46.008  3.078  67.343 0.6250000000
89443  -46.704  3.907  68.500 0.7500000000
144565  -48.167  3.806  68.768 0.8750000000
89431  -49.918  3.313  70.330 0.7500000000
89432  -50.552  2.884  70.227 0.8750000000
88350  -51.072  2.746  69.710 0.6250000000
89458  -48.161  3.449  68.140 0.7500000000
89446  -49.542  3.642  69.025 0.6250000000
89447  -50.300  3.153  69.389 0.6250000000
88383  -49.455  3.071  67.176 0.6250000000
88384  -50.523  2.660  67.443 0.6250000000
88366  -50.794  2.860  68.664 0.6250000000
88398  -50.828  2.470  66.671 0.6250000000
150110  -51.222  2.426  67.149 0.6250000000
154491  -50.512  2.889  65.154 0.5000000000
146996  -52.065  2.580  67.410 0.7500000000
140382  -52.084  2.569  65.871 0.6250000000
91261  -23.914  4.406  91.576 0.8750000000
161025  -24.880  4.343  91.191 0.8750000000
160319  -24.803  5.434  90.989 0.8750000000
158444  -24.230  7.812  90.124 0.7500000000
88117  -22.227  2.564  92.672 1.0000000000
89159  -23.175  2.760  92.194 1.0000000000
93290  -25.118  7.745  89.602 0.7500000000
139121  -26.025  7.788  88.997 0.6250000000
86193  -7.582  0.715  85.503 1.0000000000
85147  -7.671  -0.449  86.424 1.0000000000
85148  -8.472  -0.378  86.682 1.0000000000
145581  -9.219  0.162  86.881 1.0000000000
86186  -6.330  0.394  86.457 1.0000000000
84096  -6.279  -1.117  87.287 1.0000000000
85135  -8.625  -0.804  87.972 1.0000000000
86181  -9.423  0.402  87.775 1.0000000000
88124  -19.957  2.282  92.661 1.0000000000
149508  -26.239  10.241  86.968 0.6250000000
87166  -5.193  1.392  87.583 1.0000000000
85125  -8.679  -0.681  88.890 1.0000000000
85136  -9.086  -0.129  88.363 1.0000000000
88130  -16.042  2.783  91.287 1.0000000000
95322  -25.463  9.762  86.458 0.7500000000
87155  -3.926  1.366  88.573 1.0000000000
156639  -3.376  0.976  87.938 0.8750000000
145942  -8.534  -0.452  89.937 1.0000000000
88134  -14.515  2.081  89.775 1.0000000000
88136  -16.022  3.012  90.198 1.0000000000
93320  -23.258  8.293  85.362 0.7500000000
94363  -24.073  8.659  85.916 0.7500000000
88141  -3.755  2.218  88.033 1.0000000000
87165  -3.479  1.833  87.417 1.0000000000
86172  -9.461  0.957  89.908 1.0000000000
86169  -9.170  1.113  90.999 1.0000000000
87153  -13.577  1.053  90.166 1.0000000000
93352  -22.831  6.991  84.270 0.7500000000
139372  -23.164  7.303  85.122 0.7500000000
167564  -3.413  2.422  86.633 1.0000000000
88161  -3.411  2.494  85.513 1.0000000000
148725  -3.637  0.963  84.141 0.8750000000
87138  -9.155  0.955  92.319 1.0000000000
86160  -9.279  0.449  92.998 1.0000000000
147933  -23.801  6.280  82.909 0.7500000000
92320  -23.623  6.093  83.780 0.7500000000
80824  -37.013  -4.940  76.451 1.0000000000
143291  -3.513  1.744  84.791 0.8750000000
143290  -3.511  1.841  83.520 0.8750000000
82997  -9.692  -1.575  93.512 1.0000000000
84046  -11.143  -1.649  92.240 1.0000000000
83008  -10.744  -2.254  91.808 1.0000000000
83009  -11.125  -1.921  90.924 1.0000000000
84058  -11.894  -0.831  90.510 1.0000000000
92343  -24.686  5.757  81.613 0.7500000000
80837  -37.367  -4.966  75.635 1.0000000000
87189  -3.372  1.742  82.420 0.8750000000
154829  -3.797  2.496  81.325 0.8750000000
92367  -24.356  5.574  80.305 0.7500000000
91350  -24.990  5.166  80.945 0.7500000000
80848  -37.439  -4.798  74.629 1.0000000000
90348  -4.303  4.426  81.776 1.0000000000
151272  -3.631  3.059  81.630 0.8750000000
88214  -4.099  2.105  80.670 0.8750000000
91360  -24.407  5.139  79.707 0.7500000000
167641  -39.834  -5.353  75.037 0.8750000000
91337  -5.451  5.180  81.915 1.0000000000
90349  -5.101  4.530  81.588 1.0000000000
142188  -4.991  2.867  80.674 0.8750000000
87201  -4.498  1.875  79.137 0.8750000000
87209  -5.149  1.748  78.622 0.8750000000
91370  -23.963  4.623  78.559 0.7500000000
90370  -24.629  4.405  79.383 0.7500000000
82041  -39.260  -4.213  73.940 1.0000000000
80862  -39.051  -4.740  74.174 1.0000000000
91326  -5.854  5.789  82.277 1.0000000000
90350  -5.970  4.754  81.417 1.0000000000
90359  -5.714  4.020  81.101 1.0000000000
88227  -5.144  2.192  79.228 0.8750000000
87223  -6.380  1.145  77.908 0.8750000000
86235  -6.294  0.347  76.854 1.0000000000
91338  -6.295  5.452  81.675 1.0000000000
90360  -6.529  4.358  80.873 1.0000000000
164151  -5.806  2.389  79.524 0.8750000000
87211  -6.780  1.629  78.460 1.0000000000
86227  -7.791  0.662  77.288 1.0000000000
85196  -7.779  -0.478  75.582 1.0000000000
142466  -8.921  -1.202  74.450 0.5000000000
83202  -8.983  -2.384  73.359 0.3750000000
90386  -23.782  4.198  77.343 0.8750000000
90394  -24.799  3.282  77.403 0.8750000000
83192  -41.771  -4.091  75.965 1.0000000000
83193  -42.248  -4.107  75.847 1.0000000000
92340  -7.416  6.499  81.633 1.0000000000
91339  -7.120  5.781  81.383 1.0000000000
90368  -7.651  4.056  80.109 1.0000000000
88229  -7.591  2.894  79.448 1.0000000000
87225  -8.300  1.273  77.733 1.0000000000
86237  -8.126  0.299  76.600 1.0000000000
148309  -8.683  -0.317  75.395 0.7500000000
84190  -9.787  -0.919  74.092 0.5000000000
84200  -10.090  -1.343  73.309 0.3750000000
84212  -10.290  -1.715  72.485 0.3750000000
90393  -23.573  4.014  76.616 0.8750000000
89357  -24.552  2.877  76.381 0.8750000000
83191  -40.801  -3.130  75.012 1.0000000000
84194  -41.180  -2.891  75.752 1.0000000000
83180  -42.334  -2.855  76.375 1.0000000000
84171  -43.414  -2.191  76.304 1.0000000000
153044  -43.647  -1.941  75.949 1.0000000000
91340  -7.725  6.170  81.092 1.0000000000
91348  -7.702  5.473  80.726 1.0000000000
151125  -7.821  3.536  79.725 1.0000000000
88246  -8.328  2.569  78.790 1.0000000000
87226  -9.191  1.505  77.506 0.8750000000
86238  -9.099  0.520  76.369 0.8750000000
85197  -10.030  0.092  75.060 0.5000000000
84191  -10.452  -0.566  73.651 0.3750000000
89367  -23.798  2.950  75.246 0.7500000000
160515  -33.689  -0.577  68.886 0.6250000000
85193  -41.993  -1.304  77.182 1.0000000000
84164  -43.298  -1.471  76.807 1.0000000000
149534  -43.783  -0.203  76.272 1.0000000000
85209  -43.062  -1.270  75.188 1.0000000000
91349  -8.229  6.231  80.580 0.8750000000
90362  -8.213  4.816  80.117 1.0000000000
90369  -8.776  4.605  79.564 0.8750000000
89332  -9.107  3.334  78.768 0.8750000000
88304  -23.321  2.230  74.138 0.7500000000
148430  -33.165  -1.010  68.558 0.6250000000
86321  -32.753  0.451  69.263 0.6250000000
86307  -32.295  0.750  70.040 0.6250000000
87308  -32.572  1.473  71.367 0.5000000000
86243  -40.564  0.091  76.914 1.0000000000
85182  -41.088  0.271  77.704 1.0000000000
86232  -41.913  0.480  78.570 1.0000000000
86254  -43.566  0.371  75.731 1.0000000000
87281  -42.862  0.974  75.210 1.0000000000
92362  -8.724  6.259  79.929 0.8750000000
155449  -8.901  5.410  79.595 0.8750000000
87283  -22.177  1.189  72.963 0.7500000000
86331  -32.317  0.027  68.849 0.6250000000
164787  -31.087  0.194  69.890 0.5000000000
87297  -31.778  0.951  72.039 0.5000000000
87298  -32.542  1.709  72.263 0.5000000000
87236  -40.696  1.065  78.280 1.0000000000
145927  -40.690  1.496  79.055 1.0000000000
142771  -41.961  1.632  74.843 1.0000000000
88311  -41.389  2.413  74.294 1.0000000000
86292  -21.401  0.871  71.490 0.6250000000
84251  -32.504  -1.553  68.298 0.6250000000
84250  -31.766  -1.297  67.982 0.6250000000
86305  -30.368  -0.082  70.501 0.6250000000
87286  -31.734  1.239  73.046 0.5000000000
87287  -32.119  1.685  73.723 0.5000000000
87263  -32.033  1.465  76.426 0.3750000000
88260  -39.005  2.604  78.300 0.8750000000
89344  -39.237  2.812  79.099 0.8750000000
88299  -42.109  2.666  75.117 1.0000000000
89386  -41.513  3.416  74.377 1.0000000000
85239  -20.607  -0.485  70.162 0.5000000000
85276  -30.379  -1.011  67.617 0.6250000000
85244  -29.853  -0.466  69.112 0.6250000000
87278  -32.697  2.110  74.896 0.5000000000
87249  -32.882  2.065  76.589 0.5000000000
89309  -39.221  3.215  80.394 0.7500000000
89293  -39.990  2.652  81.433 0.7500000000
90414  -41.435  4.581  73.362 0.8750000000
85240  -21.013  -0.422  69.404 0.5000000000
84238  -21.267  -1.163  68.718 0.5000000000
155359  -29.055  -1.356  67.312 0.6250000000
85256  -28.961  -0.779  68.763 0.6250000000
161458  -33.404  2.465  76.775 0.5000000000
144750  -33.358  2.398  79.132 0.3750000000
89292  -38.051  3.077  82.223 0.7500000000
139725  -39.022  2.731  82.205 0.7500000000
91420  -41.953  5.040  72.064 0.8750000000
91421  -42.733  5.422  71.603 1.0000000000
83270  -21.605  -2.213  67.380 0.6250000000
84279  -22.916  -1.828  66.395 0.6250000000
84280  -23.634  -1.268  66.337 0.6250000000
84283  -26.211  -2.006  66.746 0.6250000000
83285  -27.700  -2.599  66.473 0.7500000000
88223  -33.951  2.562  80.616 0.3750000000
89289  -34.661  2.839  81.311 0.5000000000
89258  -37.906  2.267  83.890 0.7500000000
90426  -42.300  4.815  71.242 0.8750000000
91422  -43.631  5.667  71.263 1.0000000000
91423  -44.558  5.810  71.110 1.0000000000
83283  -24.575  -2.261  65.982 0.6250000000
84263  -25.757  -1.398  67.146 0.6250000000
88205  -34.286  2.556  83.335 0.5000000000
88196  -34.672  2.005  84.674 0.3750000000
88173  -36.058  1.872  85.854 0.6250000000
88185  -36.916  1.793  85.195 0.6250000000
90427  -43.185  5.092  70.880 1.0000000000
91435  -44.085  5.316  70.633 1.0000000000
91424  -45.507  5.940  71.116 1.0000000000
88160  -34.294  2.436  86.856 0.5000000000
89222  -34.502  3.368  86.608 0.5000000000
90436  -43.613  4.831  70.208 0.8750000000
91436  -44.989  5.416  70.566 1.0000000000
91437  -45.965  5.432  70.608 1.0000000000
91426  -48.390  5.380  71.336 0.8750000000
90428  -48.732  4.505  72.091 0.8750000000
162566  -48.729  3.952  72.365 0.8750000000
91428  -48.910  5.333  72.190 0.8750000000
90442  -49.165  3.696  72.371 0.8750000000
163671  -50.535  3.058  71.491 0.7500000000
89415  -51.142  2.927  71.002 0.7500000000
88367  -51.685  2.709  69.120 0.7500000000
88385  -51.436  2.780  67.991 0.6250000000
88386  -53.013  2.330  67.773 0.6250000000
90497  -44.024  5.085  64.966 0.3750000000
89478  -52.866  2.922  65.711 0.6250000000
88414  -52.178  2.865  64.971 0.7500000000
91259  -21.206  5.477  91.944 1.0000000000
160617  -21.895  5.634  91.717 1.0000000000
91260  -22.823  5.064  91.683 1.0000000000
92239  -23.516  5.566  91.271 0.8750000000
90251  -20.115  4.466  92.955 1.0000000000
90252  -22.473  3.315  92.613 1.0000000000
96373  -25.892  9.673  88.449 0.6250000000
160016  -26.159  10.335  88.082 0.6250000000
86188  -8.012  -0.001  85.980 1.0000000000
86194  -8.641  0.546  85.677 1.0000000000
167849  -8.792  0.143  86.246 1.0000000000
90241  -19.167  2.898  94.120 1.0000000000
88104  -20.342  2.387  93.392 1.0000000000
88116  -21.636  2.385  93.073 1.0000000000
96384  -26.317  10.708  87.326 0.6250000000
86192  -6.677  0.816  85.856 1.0000000000
88163  -9.913  1.692  85.002 1.0000000000
87168  -9.351  0.665  86.278 1.0000000000
88113  -18.684  2.099  94.091 1.0000000000
162787  -18.503  1.903  93.855 1.0000000000
88123  -18.969  2.417  92.652 1.0000000000
168683  -24.881  10.506  85.823 0.6250000000
87167  -5.987  1.088  86.552 1.0000000000
88153  -10.522  2.149  86.482 1.0000000000
87162  -10.287  1.626  87.343 1.0000000000
88129  -15.372  2.548  91.455 1.0000000000
89154  -17.576  2.725  91.958 1.0000000000
95328  -23.672  10.096  85.460 0.7500000000
88152  -5.502  2.668  87.199 1.0000000000
87156  -9.946  1.136  88.089 1.0000000000
87150  -14.264  1.674  90.630 1.0000000000
146372  -15.492  2.696  90.606 1.0000000000
94372  -22.803  8.808  85.061 0.7500000000
94362  -23.465  9.181  85.465 0.6250000000
88143  -4.652  3.080  88.028 1.0000000000
89184  -3.988  3.709  88.104 1.0000000000
87151  -10.017  1.342  89.101 1.0000000000
87148  -10.481  2.257  90.216 1.0000000000
86171  -13.132  0.471  90.464 1.0000000000
144982  -14.890  2.376  90.588 1.0000000000
93334  -22.237  7.658  84.060 0.7500000000
93335  -22.636  7.986  84.760 0.7500000000
154349  -3.595  3.517  87.499 1.0000000000
87144  -10.098  1.890  91.500 1.0000000000
145452  -10.832  1.555  92.448 1.0000000000
86158  -11.237  0.681  92.750 1.0000000000
85115  -12.319  -0.315  91.220 1.0000000000
86170  -12.623  -0.046  90.739 1.0000000000
85119  -12.251  -0.482  90.271 1.0000000000
92330  -23.254  6.537  82.314 0.7500000000
91285  -3.552  5.542  85.682 1.0000000000
89209  -3.503  4.171  85.356 1.0000000000
88174  -3.568  2.525  84.269 1.0000000000
85107  -10.379  -0.025  93.289 1.0000000000
85108  -11.424  -0.278  92.819 1.0000000000
84043  -11.454  -1.049  92.540 1.0000000000
84047  -11.649  -1.188  91.629 1.0000000000
153582  -12.195  -0.500  90.752 1.0000000000
92354  -24.248  6.089  81.020 0.7500000000
91286  -3.729  6.198  85.274 1.0000000000
153807  -3.722  5.698  84.833 1.0000000000
89225  -3.578  3.977  84.134 1.0000000000
88187  -3.518  3.266  83.677 1.0000000000
92366  -23.278  6.028  79.721 0.7500000000
92353  -23.336  6.394  80.598 0.7500000000
93324  -4.821  7.401  84.852 1.0000000000
91305  -4.234  5.696  83.498 1.0000000000
90337  -3.773  4.540  82.639 1.0000000000
158934  -3.397  3.272  82.438 1.0000000000
91359  -23.638  5.344  79.075 0.7500000000
92312  -5.841  6.819  83.292 1.0000000000
92327  -5.448  6.170  82.888 1.0000000000
90338  -4.142  4.831  82.330 1.0000000000
91369  -22.681  5.653  78.309 0.7500000000
93340  -6.180  7.535  83.663 1.0000000000
91379  -23.302  4.883  77.726 0.8750000000
94385  -7.536  8.428  82.757 1.0000000000
93356  -6.615  7.203  82.950 1.0000000000
92328  -6.259  6.465  82.625 1.0000000000
91386  -22.728  4.887  76.895 0.8750000000
90392  -22.359  4.651  76.120 0.8750000000
93357  -7.352  7.619  82.561 1.0000000000
92329  -7.044  6.839  82.292 1.0000000000
162545  -23.172  3.842  75.708 0.7500000000
93358  -7.943  8.052  82.094 0.8750000000
93371  -7.716  7.259  81.883 1.0000000000
93372  -8.142  7.677  81.482 1.0000000000
88247  -9.280  2.658  78.251 0.8750000000
88265  -10.409  2.511  77.001 0.8750000000
151864  -10.429  1.156  75.524 0.7500000000
86255  -10.513  0.580  74.782 0.5000000000
85210  -10.927  -0.106  73.179 0.3750000000
90401  -22.714  3.704  74.800 0.7500000000
86222  -43.939  0.547  78.589 1.0000000000
86244  -43.840  0.534  76.942 1.0000000000
166603  -43.812  0.947  76.340 1.0000000000
92341  -8.100  6.918  81.146 0.8750000000
90377  -9.306  4.767  79.083 0.8750000000
89347  -9.595  4.102  78.627 0.8750000000
88264  -9.984  2.616  77.728 0.8750000000
89390  -22.774  2.906  73.439 0.7500000000
88234  -30.726  2.772  79.493 0.3750000000
167537  -30.414  3.106  79.566 0.3750000000
87220  -41.383  1.061  79.338 1.0000000000
87206  -42.858  0.980  80.234 1.0000000000
87268  -43.883  1.856  76.556 1.0000000000
88301  -43.610  2.386  76.245 1.0000000000
87266  -42.732  1.861  75.328 1.0000000000
92351  -8.569  7.015  80.338 0.8750000000
87295  -22.488  1.901  72.688 0.7500000000
87306  -22.220  2.259  71.862 0.6250000000
149429  -30.134  -0.144  72.370 0.3750000000
86264  -30.702  0.629  74.429 0.3750000000
87217  -30.519  1.729  77.806 0.3750000000
88256  -31.109  2.416  79.040 0.3750000000
88262  -40.292  1.925  79.451 1.0000000000
87204  -41.158  1.597  79.982 1.0000000000
88241  -42.369  3.079  79.899 1.0000000000
89376  -43.269  3.081  76.131 1.0000000000
89375  -42.671  3.203  75.563 1.0000000000
165106  -21.586  1.268  70.998 0.5000000000
145723  -21.778  1.687  70.512 0.5000000000
86304  -29.085  -0.578  71.024 0.6250000000
87262  -31.463  1.094  74.705 0.3750000000
160527  -31.407  1.012  75.888 0.3750000000
87233  -31.958  1.553  77.381 0.3750000000
89310  -40.121  2.652  80.892 0.8750000000
89311  -40.923  2.798  81.063 1.0000000000
163636  -41.442  3.777  80.049 1.0000000000
142036  -42.251  4.671  75.292 1.0000000000
90407  -41.698  4.435  74.318 1.0000000000
148100  -21.304  0.246  69.268 0.5000000000
86316  -21.487  1.036  69.596 0.5000000000
85229  -28.206  -0.778  71.141 0.6250000000
142471  -27.990  -0.153  71.274 0.6250000000
162728  -32.747  2.080  78.485 0.3750000000
88222  -33.047  2.324  80.978 0.3750000000
89276  -39.692  2.760  82.087 0.7500000000
91346  -40.116  4.350  82.047 0.7500000000
89294  -41.062  2.796  81.409 0.7500000000
146699  -42.162  5.878  73.328 1.0000000000
92434  -43.026  7.360  73.175 1.0000000000
85269  -21.656  -0.685  68.117 0.5000000000
86326  -22.259  0.882  67.914 0.5000000000
84248  -27.667  -1.229  68.287 0.6250000000
85241  -27.683  -0.712  69.956 0.6250000000
86303  -27.784  -0.558  70.662 0.6250000000
89259  -38.408  2.594  83.828 0.7500000000
89275  -39.337  2.713  82.655 0.7500000000
91335  -39.459  4.276  82.541 0.7500000000
91413  -42.351  5.700  72.445 1.0000000000
92443  -43.560  6.985  72.301 1.0000000000
85270  -22.111  -0.704  67.516 0.5000000000
152472  -22.522  0.060  67.440 0.5000000000
85281  -23.737  -0.453  66.660 0.6250000000
167831  -26.175  -1.048  67.684 0.6250000000
85274  -26.862  -1.083  68.200 0.6250000000
86328  -27.245  -0.305  69.322 0.6250000000
88213  -33.993  2.523  82.246 0.3750000000
89240  -37.425  2.467  85.158 0.7500000000
90318  -37.815  3.106  84.611 0.7500000000
90335  -38.039  3.960  83.967 0.7500000000
92454  -44.097  6.493  71.586 1.0000000000
92444  -44.595  7.624  71.779 1.0000000000
143651  -24.219  -0.931  66.456 0.6250000000
85283  -24.929  -1.190  66.837 0.6250000000
85273  -26.245  -0.518  67.994 0.6250000000
88183  -34.202  1.673  86.211 0.3750000000
88171  -33.516  2.010  86.655 0.3750000000
90305  -36.034  3.481  85.662 0.6250000000
90317  -36.710  3.746  85.014 0.6250000000
90334  -37.106  4.661  84.356 0.7500000000
92456  -45.916  6.764  71.601 1.0000000000
92457  -46.694  6.748  71.653 1.0000000000
93504  -46.575  7.078  71.842 0.8750000000
89208  -33.186  3.636  87.124 0.3750000000
91292  -34.229  5.373  85.487 0.6250000000
91425  -46.485  6.039  71.188 1.0000000000
152086  -47.330  6.590  71.606 1.0000000000
93505  -47.183  6.986  71.802 0.8750000000
92458  -48.146  5.918  71.540 0.8750000000
161141  -48.063  6.838  71.683 0.8750000000
92460  -48.705  6.505  71.725 0.7500000000
91440  -49.548  4.477  72.244 0.8750000000
91441  -50.591  4.452  71.414 0.7500000000
93545  -44.663  8.068  68.151 0.3750000000
91442  -51.291  4.569  70.714 0.7500000000
90457  -51.984  4.066  70.549 0.7500000000
93553  -44.422  7.240  67.579 0.3750000000
89416  -51.833  3.222  70.644 0.7500000000
89448  -52.605  3.139  69.241 0.7500000000
139410  -44.252  6.677  66.934 0.3750000000
92513  -44.932  7.021  67.121 0.3750000000
92521  -45.959  6.700  66.303 0.3750000000
89449  -53.399  3.141  68.442 0.7500000000
89461  -54.585  3.342  67.198 0.7500000000
168580  -44.793  6.088  65.953 0.3750000000
92534  -46.316  6.298  65.720 0.3750000000
88369  -53.307  2.535  68.129 0.7500000000
88387  -53.657  2.614  67.306 0.6250000000
88415  -54.375  2.548  66.202 0.6250000000
91494  -44.588  5.647  65.458 0.3750000000
92533  -45.458  6.078  65.693 0.3750000000
88400  -52.703  2.621  66.716 0.6250000000
88426  -53.898  2.634  65.419 0.6250000000
88427  -54.785  2.610  64.771 0.6250000000
90511  -44.436  4.735  64.308 0.2500000000
91506  -44.717  5.203  64.783 0.3750000000
147412  -46.019  5.270  64.390 0.3750000000
154422  -53.047  2.789  64.899 0.7500000000
89517  -53.949  2.869  63.296 0.6250000000
89496  -54.861  2.654  63.903 0.6250000000
90527  -45.823  4.899  63.505 0.2500000000
89516  -52.982  2.862  63.491 0.7500000000
89533  -54.264  3.274  62.495 0.7500000000
162605  -54.836  2.932  63.191 0.7500000000
168195  -45.211  4.614  63.210 0.2500000000
93310  -20.305  7.497  87.325 0.8750000000
93296  -20.324  7.320  88.835 0.8750000000
93287  -20.681  7.336  89.379 0.8750000000
92256  -20.588  7.097  89.990 0.8750000000
92246  -21.575  6.680  90.888 0.8750000000
92244  -19.280  6.328  90.710 0.8750000000
92237  -21.319  6.149  91.363 1.0000000000
92238  -22.206  6.118  91.385 0.8750000000
92247  -22.532  6.706  90.948 0.8750000000
92248  -23.695  6.502  90.856 0.8750000000
93309  -19.797  6.880  87.148 0.8750000000
92265  -19.453  6.867  88.794 0.8750000000
92255  -19.762  6.936  89.636 0.8750000000
161466  -19.008  6.026  91.259 1.0000000000
91249  -20.271  5.361  92.193 1.0000000000
93283  -22.835  7.351  90.496 0.8750000000
94328  -23.183  8.053  90.042 0.7500000000
94333  -24.179  8.506  89.858 0.7500000000
94334  -25.238  8.611  89.277 0.7500000000
87182  -8.127  1.692  84.597 1.0000000000
145439  -8.423  1.085  85.079 1.0000000000
92254  -18.679  6.687  89.563 0.8750000000
147053  -18.327  6.213  91.147 1.0000000000
91256  -18.387  5.910  91.960 1.0000000000
90250  -19.163  4.349  93.363 1.0000000000
96372  -24.344  10.675  88.800 0.6250000000
96383  -26.294  11.032  86.735 0.6250000000
87175  -7.638  1.395  85.023 1.0000000000
163699  -7.878  2.267  84.311 1.0000000000
87183  -9.068  1.531  84.663 1.0000000000
148976  -17.373  6.219  92.460 1.0000000000
90248  -17.509  4.471  94.055 1.0000000000
90240  -17.941  2.713  94.405 1.0000000000
88112  -17.518  2.075  93.732 1.0000000000
96389  -23.965  11.031  85.301 0.6250000000
97305  -23.389  11.583  84.864 0.6250000000
88176  -7.397  2.785  84.429 1.0000000000
154411  -8.126  2.783  83.916 1.0000000000
142314  -10.271  2.214  84.715 1.0000000000
88165  -11.014  2.753  85.857 1.0000000000
90238  -15.189  4.078  94.443 1.0000000000
89148  -16.335  2.488  93.967 1.0000000000
88122  -15.873  2.661  92.509 1.0000000000
98251  -22.435  12.487  83.756 0.6250000000
98267  -21.397  12.266  82.466 0.6250000000
98278  -21.267  12.476  81.440 0.6250000000
89210  -6.356  3.267  85.462 1.0000000000
89198  -11.598  3.366  86.192 1.0000000000
88144  -10.837  2.344  87.495 1.0000000000
90237  -14.826  4.196  93.793 1.0000000000
89140  -15.040  3.344  94.335 1.0000000000
88110  -15.205  2.917  93.923 1.0000000000
88128  -14.807  2.211  91.523 1.0000000000
95346  -21.802  9.307  83.960 0.7500000000
150670  -22.911  10.652  84.955 0.6250000000
97314  -21.746  11.025  83.675 0.6250000000
97326  -21.267  11.205  82.888 0.6250000000
97350  -20.779  11.905  81.036 0.6250000000
90283  -6.263  4.603  86.952 1.0000000000
89185  -4.824  3.863  88.096 1.0000000000
88154  -11.205  2.835  86.811 1.0000000000
88145  -11.365  2.983  87.684 1.0000000000
88132  -10.919  2.562  89.162 1.0000000000
88101  -14.316  2.877  93.610 1.0000000000
87137  -14.245  2.261  93.210 1.0000000000
87146  -14.320  1.687  91.672 1.0000000000
87149  -13.670  1.102  90.974 1.0000000000
94382  -21.824  8.320  83.789 0.7500000000
96405  -21.742  10.203  83.914 0.6250000000
96415  -20.800  10.837  82.209 0.6250000000
163714  -21.039  12.302  79.729 0.6250000000
90273  -5.362  4.565  87.968 1.0000000000
146151  -11.960  3.763  88.981 1.0000000000
147387  -11.147  2.941  90.070 1.0000000000
88119  -11.358  2.946  91.418 1.0000000000
88107  -11.602  2.387  92.326 1.0000000000
87134  -11.847  1.702  92.583 1.0000000000
87136  -13.722  2.154  93.276 1.0000000000
87145  -13.755  1.309  91.781 1.0000000000
86167  -13.160  0.631  91.163 1.0000000000
162502  -22.272  6.812  81.981 0.6250000000
93350  -21.636  8.053  83.042 0.7500000000
94392  -21.311  8.509  82.440 0.6250000000
95363  -20.404  9.656  81.291 0.6250000000
96435  -20.232  10.344  80.565 0.6250000000
97349  -20.409  11.202  80.768 0.6250000000
97364  -20.900  12.132  79.181 0.6250000000
156752  -3.989  6.085  88.246 1.0000000000
89195  -3.487  4.222  86.700 1.0000000000
86159  -12.241  1.115  92.505 1.0000000000
86162  -12.631  0.618  92.036 1.0000000000
93379  -21.368  7.434  81.487 0.7500000000
94401  -20.471  8.714  81.172 0.6250000000
95372  -20.056  9.392  80.333 0.6250000000
166523  -19.831  10.206  79.185 0.6250000000
92269  -3.753  6.815  87.653 1.0000000000
93306  -3.820  7.636  86.884 1.0000000000
92352  -22.251  6.692  80.257 0.7500000000
93392  -21.331  7.193  80.750 0.6250000000
93391  -20.556  7.590  80.325 0.7500000000
94423  -19.604  8.712  79.680 0.6250000000
161373  -19.321  9.294  79.038 0.6250000000
96455  -19.975  10.780  78.102 0.6250000000
93312  -4.148  7.339  85.883 1.0000000000
94356  -4.433  8.052  86.289 1.0000000000
92365  -22.032  6.501  79.468 0.7500000000
92364  -20.997  6.659  79.249 0.7500000000
93415  -20.080  7.020  78.911 0.6250000000
94434  -19.131  8.544  78.864 0.6250000000
93313  -5.250  8.015  85.084 1.0000000000
92381  -22.646  6.010  79.032 0.7500000000
92379  -20.771  6.389  78.492 0.7500000000
92378  -19.856  6.724  78.103 0.6250000000
93426  -18.723  7.776  77.630 0.6250000000
94376  -6.458  8.331  83.988 1.0000000000
93325  -5.694  7.829  84.426 1.0000000000
91378  -21.884  5.550  77.415 0.7500000000
92393  -20.609  6.040  77.651 0.8750000000
92392  -19.657  6.438  77.440 0.6250000000
96396  -28.615  9.971  85.116 0.3750000000
96397  -29.219  10.223  85.491 0.3750000000
94377  -7.155  8.797  83.464 1.0000000000
91385  -21.603  5.218  76.551 0.8750000000
91384  -20.457  5.338  76.188 0.8750000000
93381  -28.238  7.671  82.411 0.3750000000
95336  -28.338  9.040  85.158 0.3750000000
95337  -28.935  9.098  86.261 0.3750000000
91393  -21.384  4.952  75.888 0.7500000000
92355  -28.788  6.407  80.875 0.3750000000
92344  -28.707  5.929  82.064 0.3750000000
93368  -28.654  6.392  83.173 0.3750000000
93353  -28.958  6.965  85.261 0.3750000000
94373  -28.824  7.976  85.975 0.3750000000
88280  -10.591  2.516  76.139 0.8750000000
87269  -10.783  1.405  74.820 0.7500000000
87270  -11.059  1.830  74.028 0.5000000000
90399  -21.013  4.599  74.640 0.7500000000
90412  -21.200  4.136  73.371 0.7500000000
90388  -29.798  4.794  78.280 0.3750000000
91361  -29.615  5.208  79.711 0.3750000000
146107  -29.031  5.499  81.265 0.3750000000
145693  -29.085  6.264  84.575 0.3750000000
140555  -29.974  6.163  85.492 0.3750000000
87222  -44.435  1.427  78.657 1.0000000000
88279  -44.331  1.936  77.694 1.0000000000
87237  -44.191  1.158  77.689 1.0000000000
90384  -9.881  4.948  78.379 0.8750000000
156039  -10.196  4.217  77.886 0.8750000000
89356  -10.562  3.326  76.530 0.8750000000
167757  -10.633  3.219  75.807 0.7500000000
88302  -10.816  3.042  74.648 0.7500000000
87282  -11.249  1.219  73.352 0.5000000000
89389  -21.954  3.517  73.003 0.7500000000
88273  -29.720  2.474  77.414 0.3750000000
89338  -29.984  3.752  78.483 0.3750000000
89304  -30.125  3.678  80.625 0.3750000000
90352  -29.600  4.334  82.305 0.3750000000
91315  -29.997  5.018  84.238 0.3750000000
88242  -43.238  2.140  80.188 1.0000000000
89346  -44.022  3.152  78.011 1.0000000000
89365  -43.752  3.128  76.794 1.0000000000
94395  -8.227  8.383  81.416 0.8750000000
90391  -10.523  4.341  76.857 0.8750000000
88325  -22.453  2.495  72.464 0.6250000000
88324  -22.207  2.818  71.959 0.6250000000
88338  -22.052  2.573  70.358 0.5000000000
164222  -29.073  0.854  75.045 0.3750000000
87247  -30.039  1.129  76.525 0.3750000000
88255  -30.567  2.377  78.521 0.3750000000
88220  -31.473  2.451  80.667 0.3750000000
88201  -31.174  2.842  82.263 0.3750000000
89271  -30.685  3.286  83.056 0.3750000000
89330  -43.367  3.789  78.396 1.0000000000
90390  -43.534  3.570  76.803 1.0000000000
147980  -8.901  7.057  79.560 0.8750000000
92363  -9.138  6.302  79.201 0.8750000000
86286  -29.013  -0.143  73.217 0.3750000000
162641  -28.148  1.021  72.990 0.6250000000
88221  -32.197  2.280  80.849 0.3750000000
140650  -31.691  2.437  82.549 0.3750000000
88202  -31.196  2.770  83.063 0.3750000000
90367  -41.228  4.000  80.364 0.8750000000
152944  -41.141  4.839  79.650 0.8750000000
148126  -42.521  4.025  79.286 1.0000000000
90408  -42.024  5.214  74.563 1.0000000000
91406  -42.209  5.920  74.229 1.0000000000
87324  -21.907  1.450  68.734 0.5000000000
86293  -28.623  -0.179  72.418 0.6250000000
165012  -28.323  0.173  71.831 0.6250000000
88212  -33.031  2.332  82.069 0.3750000000
92361  -40.319  6.417  79.832 0.8750000000
91357  -40.670  5.257  79.762 0.8750000000
93479  -42.790  7.446  74.013 1.0000000000
93480  -43.503  8.056  73.686 1.0000000000
94493  -44.631  8.542  73.196 0.8750000000
85252  -21.903  0.000  68.001 0.5000000000
86340  -22.846  0.709  67.393 0.5000000000
86341  -23.505  0.930  67.198 0.5000000000
87317  -27.746  0.437  70.562 0.6250000000
88204  -33.081  2.311  83.133 0.3750000000
92338  -37.949  6.390  82.443 0.8750000000
91345  -39.060  5.628  82.064 0.8750000000
91356  -40.097  5.667  81.126 0.8750000000
93488  -43.947  7.992  72.595 1.0000000000
93489  -44.841  8.367  72.128 1.0000000000
85271  -23.232  0.141  67.075 0.5000000000
86343  -24.913  0.291  67.118 0.6250000000
85253  -26.833  -0.488  68.665 0.6250000000
139579  -32.928  2.409  85.357 0.3750000000
88182  -32.464  2.166  86.646 0.3750000000
92325  -35.536  6.750  83.353 0.6250000000
92326  -36.517  6.491  83.179 0.7500000000
92337  -36.906  6.814  82.504 0.7500000000
94531  -45.891  7.768  72.391 0.8750000000
94510  -45.928  7.984  72.858 0.8750000000
85272  -25.463  -0.624  67.353 0.6250000000
86344  -25.654  0.263  67.629 0.6250000000
88149  -30.278  3.395  88.044 0.3750000000
90291  -31.573  4.379  87.476 0.3750000000
91302  -34.868  5.998  84.828 0.6250000000
91320  -35.235  6.554  84.179 0.6250000000
96551  -42.923  10.870  71.864 0.3750000000
140553  -46.098  7.261  71.932 0.8750000000
91291  -32.557  5.611  86.028 0.5000000000
159674  -34.613  6.291  84.371 0.6250000000
92324  -34.824  6.746  83.710 0.6250000000
95502  -43.186  10.376  71.149 0.3750000000
96567  -44.006  10.746  70.810 0.3750000000
94512  -46.901  7.905  72.395 0.8750000000
93492  -47.108  7.664  72.022 0.7500000000
95450  -36.233  9.120  74.385 0.3750000000
94561  -43.686  9.253  69.673 0.3750000000
94562  -44.294  8.886  68.801 0.3750000000
144554  -45.178  9.045  68.304 0.3750000000
93507  -48.522  7.305  71.582 0.7500000000
92472  -49.456  6.290  71.436 0.7500000000
92473  -50.210  5.720  71.147 0.7500000000
93546  -45.636  8.568  67.757 0.3750000000
91454  -51.040  5.484  70.417 0.7500000000
143391  -46.136  8.105  67.210 0.3750000000
91455  -51.796  5.183  70.056 0.7500000000
92514  -45.642  7.203  66.915 0.3750000000
93562  -46.507  7.488  66.702 0.3750000000
90466  -52.931  4.049  68.923 0.7500000000
92522  -46.815  6.906  66.085 0.3750000000
150271  -47.375  7.766  66.499 0.3750000000
92523  -47.673  7.092  65.904 0.3750000000
90467  -53.704  4.000  68.305 0.7500000000
89450  -54.100  3.617  67.771 0.7500000000
92535  -47.160  6.150  65.445 0.3750000000
164779  -48.932  6.648  65.659 0.3750000000
91496  -46.281  5.714  65.083 0.3750000000
92536  -48.181  6.340  65.384 0.3750000000
139695  -49.006  6.153  64.997 0.3750000000
88416  -54.831  2.565  65.678 0.6250000000
159748  -46.567  5.416  64.544 0.3750000000
91509  -47.809  5.575  64.233 0.2500000000
91498  -48.291  5.853  64.779 0.5000000000
165198  -49.353  6.165  64.264 0.5000000000
89497  -56.777  2.807  65.104 0.6250000000
152297  -56.371  3.326  63.201 0.7500000000
91508  -46.823  5.261  63.990 0.2500000000
91521  -47.510  5.527  63.291 0.2500000000
92556  -49.175  6.094  63.513 0.3750000000
92557  -50.043  6.403  63.780 0.5000000000
89534  -55.336  3.269  62.706 0.7500000000
89549  -56.468  4.032  62.414 0.7500000000
90540  -44.781  4.529  62.228 0.2500000000
90528  -46.125  4.941  62.717 0.2500000000
140245  -46.687  5.234  63.043 0.2500000000
92565  -48.855  6.091  62.687 0.2500000000
92566  -49.739  6.290  62.748 0.3750000000
89548  -54.777  3.768  61.728 0.6250000000
90553  -54.209  4.367  60.756 0.6250000000
90566  -55.584  4.730  60.671 0.8750000000
91553  -46.657  5.480  61.574 0.2500000000
93281  -21.327  7.347  89.996 0.7500000000
93282  -21.859  7.278  90.339 0.8750000000
150964  -19.563  6.971  86.278 0.8750000000
167725  -20.102  7.289  86.618 0.8750000000
94353  -20.640  8.355  87.466 0.7500000000
93297  -21.184  7.848  88.805 0.8750000000
94329  -21.695  8.230  89.144 0.7500000000
93317  -16.971  6.917  85.194 0.8750000000
155246  -17.822  6.843  84.913 0.8750000000
92297  -17.775  6.806  85.676 0.8750000000
92277  -19.215  6.673  87.863 0.8750000000
92264  -18.499  6.602  88.668 0.8750000000
94330  -21.988  8.674  89.280 0.6250000000
94332  -23.101  9.003  89.689 0.7500000000
164629  -23.450  9.639  89.426 0.6250000000
88177  -8.632  2.127  84.126 1.0000000000
88178  -9.630  2.170  84.202 1.0000000000
159264  -16.491  6.965  84.507 0.8750000000
139503  -16.841  6.835  86.896 0.8750000000
92275  -17.176  6.686  87.668 0.8750000000
92253  -17.703  6.591  90.155 0.8750000000
92234  -16.842  6.299  91.758 1.0000000000
97279  -24.450  11.458  88.463 0.6250000000
97280  -25.395  10.976  88.337 0.6250000000
96377  -26.049  11.225  87.703 0.6250000000
98220  -25.996  12.295  86.955 0.6250000000
138817  -25.813  12.542  86.326 0.6250000000
138416  -25.576  11.984  85.857 0.6250000000
98232  -25.000  12.136  85.334 0.6250000000
98239  -23.792  12.384  84.615 0.6250000000
90309  -8.074  4.210  83.855 1.0000000000
90320  -8.895  4.184  83.505 1.0000000000
88190  -10.472  3.085  83.739 1.0000000000
93330  -16.064  7.155  85.179 0.8750000000
92285  -15.365  6.956  86.512 0.8750000000
92274  -16.313  6.833  87.480 0.8750000000
139808  -16.522  6.724  88.669 0.8750000000
92233  -16.174  6.264  91.743 1.0000000000
91245  -16.052  5.854  93.310 1.0000000000
90247  -16.451  4.847  94.240 1.0000000000
98210  -24.405  12.303  88.102 0.6250000000
138896  -25.396  12.564  87.441 0.6250000000
98241  -25.397  12.747  85.443 0.6250000000
98268  -21.914  12.884  82.996 0.6250000000
89227  -7.678  3.497  84.110 1.0000000000
89230  -11.575  3.599  84.051 1.0000000000
89231  -12.092  3.952  84.813 1.0000000000
147052  -15.086  6.717  87.172 0.8750000000
92261  -15.018  6.437  88.791 1.0000000000
149568  -15.370  6.378  90.766 1.0000000000
91254  -15.836  6.040  92.291 1.0000000000
150811  -15.582  5.036  94.140 1.0000000000
90293  -6.840  4.677  85.691 1.0000000000
89213  -12.004  3.805  85.669 1.0000000000
89199  -12.173  3.936  86.444 1.0000000000
90265  -12.987  4.668  88.242 1.0000000000
91276  -13.440  5.222  87.770 1.0000000000
91267  -14.439  6.051  89.436 1.0000000000
91251  -14.373  5.624  91.748 1.0000000000
90245  -14.672  4.862  92.965 1.0000000000
98289  -21.673  13.133  80.898 0.6250000000
91280  -6.771  5.504  86.620 1.0000000000
148085  -11.881  3.576  87.951 1.0000000000
90261  -13.374  5.141  89.778 1.0000000000
90257  -13.495  5.340  90.870 1.0000000000
90243  -13.326  4.894  92.206 1.0000000000
89138  -13.910  3.586  93.494 1.0000000000
92270  -6.205  6.234  88.068 1.0000000000
89178  -12.463  4.152  88.169 1.0000000000
89162  -12.344  4.057  90.853 1.0000000000
89144  -11.847  3.140  92.054 1.0000000000
89137  -13.012  3.478  93.129 1.0000000000
88100  -13.446  2.833  93.386 1.0000000000
97374  -20.759  11.834  78.412 0.6250000000
92259  -5.258  6.567  88.656 1.0000000000
143872  -20.065  10.688  78.932 0.6250000000
97384  -20.517  11.505  77.614 0.6250000000
93299  -4.021  7.758  87.799 1.0000000000
96470  -19.366  10.249  77.747 0.6250000000
96471  -19.908  10.925  77.182 0.6250000000
95412  -18.619  8.992  77.613 0.6250000000
96495  -19.312  10.417  75.838 0.6250000000
97307  -29.548  11.796  84.453 0.3750000000
98242  -30.116  12.265  84.417 0.3750000000
94357  -5.113  8.413  85.708 1.0000000000
162305  -18.696  7.337  77.118 0.6250000000
94444  -18.560  8.405  77.437 0.6250000000
95435  -18.290  9.129  75.847 0.6250000000
95436  -18.772  9.854  75.444 0.6250000000
96406  -28.939  11.027  84.577 0.3750000000
146583  -29.602  11.131  84.989 0.3750000000
97308  -30.233  11.712  84.845 0.3750000000
94366  -5.913  8.659  84.916 1.0000000000
93437  -18.431  7.349  76.465 0.7500000000
147022  -18.150  8.228  76.180 0.6250000000
96398  -30.316  10.718  85.276 0.3750000000
95340  -6.730  9.213  84.230 1.0000000000
91383  -19.341  5.869  76.146 0.7500000000
92413  -18.595  6.600  75.944 0.7500000000
94393  -28.207  8.354  83.191 0.3750000000
95338  -29.706  9.435  86.014 0.3750000000
154661  -31.010  9.649  85.467 0.3750000000
95341  -7.337  9.731  83.518 1.0000000000
160378  -7.564  9.140  82.911 1.0000000000
91391  -19.650  5.357  75.302 0.6250000000
92422  -18.311  6.634  74.987 0.6250000000
93382  -28.447  7.027  81.619 0.3750000000
93393  -28.435  8.260  81.109 0.3750000000
95330  -29.535  8.447  86.636 0.3750000000
94365  -31.069  7.823  86.085 0.3750000000
95339  -31.517  8.705  85.530 0.3750000000
94386  -7.935  8.972  82.146 0.8750000000
150412  -20.222  4.930  74.705 0.7500000000
91398  -19.555  5.332  74.312 0.6250000000
91409  -19.336  5.568  72.514 0.6250000000
92368  -29.385  6.051  79.237 0.3750000000
167233  -29.064  6.821  79.068 0.3750000000
93336  -29.777  6.891  86.564 0.3750000000
93338  -30.837  6.808  85.817 0.3750000000
151099  -10.538  4.369  74.920 0.8750000000
89377  -10.641  3.919  74.422 0.7500000000
88303  -10.975  2.586  74.203 0.6250000000
88312  -11.358  2.045  73.146 0.5000000000
90417  -20.569  4.499  72.899 0.6250000000
167480  -20.410  4.625  72.015 0.5000000000
156673  -29.788  4.272  77.627 0.3750000000
91380  -29.764  5.167  77.496 0.3750000000
92382  -29.278  6.447  78.358 0.3750000000
93354  -30.576  6.319  85.434 0.3750000000
90383  -43.263  4.236  77.599 1.0000000000
89355  -43.979  3.088  77.279 1.0000000000
93388  -8.443  7.753  80.837 0.8750000000
93412  -9.491  7.299  78.056 0.8750000000
91375  -9.962  5.843  78.002 0.8750000000
145930  -10.509  5.280  76.663 0.8750000000
90398  -10.612  4.094  75.794 0.8750000000
89395  -10.697  4.037  72.979 0.5000000000
90418  -21.126  3.986  72.526 0.6250000000
90423  -21.153  3.912  71.612 0.5000000000
89369  -29.412  3.065  76.080 0.3750000000
148851  -29.647  3.959  76.421 0.3750000000
91387  -29.711  5.418  76.804 0.3750000000
89252  -30.823  3.865  83.714 0.3750000000
91367  -42.762  5.153  77.875 1.0000000000
146746  -43.306  4.154  77.139 1.0000000000
92411  -42.700  6.160  76.076 1.0000000000
91395  -42.527  5.254  75.858 1.0000000000
140474  -42.798  6.742  75.816 1.0000000000
93400  -8.702  7.939  79.923 0.8750000000
160927  -8.995  7.730  79.183 0.8750000000
92377  -9.532  6.469  78.436 0.8750000000
90404  -10.401  4.638  74.261 0.7500000000
89387  -10.475  4.414  73.684 0.7500000000
88339  -21.959  3.131  69.944 0.5000000000
89419  -22.021  3.430  69.297 0.5000000000
88305  -28.954  1.616  74.946 0.3750000000
88315  -28.678  1.665  74.035 0.5000000000
89254  -31.579  3.543  83.971 0.3750000000
92387  -41.216  7.026  78.493 0.8750000000
92376  -42.231  5.952  78.292 1.0000000000
91400  -42.273  5.753  75.123 1.0000000000
93454  -42.919  7.203  75.404 1.0000000000
93455  -43.641  7.457  75.282 1.0000000000
88345  -22.059  2.771  69.434 0.5000000000
89435  -22.425  3.090  68.695 0.5000000000
88372  -23.066  2.239  67.762 0.5000000000
87296  -28.272  0.642  72.366 0.6250000000
142287  -32.115  2.669  83.742 0.3750000000
94418  -38.937  8.582  80.452 0.7500000000
92373  -40.194  7.785  80.077 0.8750000000
139708  -40.907  6.060  79.165 0.8750000000
93468  -43.182  7.660  74.682 1.0000000000
87330  -22.479  1.791  68.168 0.5000000000
87341  -22.943  1.421  67.561 0.5000000000
166056  -28.430  2.112  70.666 0.6250000000
87307  -28.226  1.140  71.297 0.6250000000
89239  -31.408  3.384  85.945 0.3750000000
93385  -37.160  7.350  81.207 0.6250000000
93386  -37.727  7.550  81.278 0.7500000000
93387  -38.586  7.362  81.134 0.8750000000
94509  -45.446  8.364  72.614 0.8750000000
95484  -46.053  8.516  73.241 0.6250000000
87342  -24.756  1.888  66.996 0.5000000000
87343  -25.236  1.103  67.228 0.6250000000
88375  -26.258  1.880  67.611 0.6250000000
87332  -27.118  0.646  69.140 0.6250000000
88347  -28.128  1.836  70.112 0.6250000000
92359  -36.482  6.957  81.412 0.5000000000
93384  -36.828  7.122  81.308 0.6250000000
93370  -36.656  6.994  81.891 0.6250000000
92348  -37.337  7.104  81.857 0.8750000000
96501  -40.020  12.004  75.350 0.5000000000
97424  -40.808  12.082  75.094 0.5000000000
97437  -42.125  12.587  73.937 0.5000000000
98357  -43.325  12.277  73.063 0.5000000000
160213  -11.133  6.381  66.786 0.1250000000
86327  -26.286  0.263  68.248 0.6250000000
90290  -30.483  4.528  87.789 0.3750000000
154173  -32.872  5.579  85.462 0.5000000000
92372  -35.241  6.626  79.810 0.3750000000
92346  -35.840  6.797  81.854 0.5000000000
92336  -36.012  6.885  82.611 0.6250000000
96515  -41.035  11.588  74.376 0.3750000000
96530  -42.364  12.034  73.288 0.3750000000
96541  -43.267  11.841  72.192 0.3750000000
97464  -43.959  12.147  71.906 0.3750000000
94532  -47.296  8.299  72.207 0.5000000000
91344  -34.351  5.687  82.226 0.3750000000
151371  -34.396  5.775  81.335 0.3750000000
92357  -35.050  6.303  80.824 0.5000000000
151748  -35.515  6.830  82.606 0.5000000000
95451  -36.782  9.444  75.130 0.5000000000
96487  -37.979  10.578  76.868 0.6250000000
96552  -43.643  11.305  71.525 0.3750000000
96553  -44.450  11.884  71.158 0.3750000000
94533  -47.935  8.613  71.722 0.5000000000
149551  -11.127  6.757  65.935 0.1250000000
143764  -35.860  8.426  75.271 0.3750000000
94481  -36.357  8.961  75.189 0.5000000000
95534  -45.273  10.171  69.074 0.3750000000
95547  -45.831  9.764  68.586 0.3750000000
94534  -48.805  8.329  71.169 0.3750000000
93522  -50.121  7.114  70.548 0.7500000000
94480  -35.725  8.571  74.626 0.3750000000
95535  -46.227  10.592  69.091 0.3750000000
139735  -46.540  9.757  68.095 0.3750000000
94574  -45.961  9.293  68.015 0.3750000000
94551  -49.757  8.157  69.857 0.3750000000
92490  -50.865  6.675  70.038 0.7500000000
94586  -48.373  9.210  67.268 0.3750000000
94585  -46.770  9.186  67.586 0.3750000000
93554  -47.087  8.364  67.083 0.3750000000
94564  -49.849  8.497  68.788 0.3750000000
93534  -50.507  7.787  69.446 0.3750000000
142889  -52.422  4.655  69.650 0.6250000000
94594  -48.734  8.873  66.774 0.3750000000
92507  -52.006  7.019  68.684 0.3750000000
92492  -52.243  5.853  69.196 0.5000000000
91467  -52.799  5.326  68.702 0.7500000000
95532  -33.966  9.308  69.136 0.1250000000
94595  -49.279  8.829  66.876 0.3750000000
93564  -48.989  8.140  66.463 0.3750000000
91476  -53.376  6.000  67.985 0.5000000000
93566  -50.338  7.663  66.930 0.3750000000
93570  -49.323  7.289  66.166 0.3750000000
91488  -54.258  6.054  66.892 0.5000000000
90485  -55.071  4.656  66.830 0.6250000000
90476  -54.656  4.177  67.274 0.6250000000
92526  -51.059  6.944  66.312 0.3750000000
147547  -51.295  6.516  65.345 0.3750000000
90513  -56.377  4.712  65.012 0.5000000000
89479  -55.829  3.445  65.479 0.6250000000
92546  -50.693  6.498  64.579 0.3750000000
92558  -50.900  6.515  63.759 0.5000000000
89498  -57.211  3.297  64.854 0.6250000000
89535  -56.670  4.071  63.317 0.7500000000
92567  -50.655  6.389  62.950 0.3750000000
139316  -52.232  6.261  62.755 0.5000000000
90555  -56.227  4.225  61.498 0.8750000000
91537  -48.060  5.884  62.611 0.2500000000
146198  -48.500  6.160  62.063 0.2500000000
92587  -50.446  6.490  61.825 0.3750000000
92568  -51.381  6.498  62.394 0.3750000000
141340  -52.099  6.608  62.050 0.3750000000
90576  -54.991  4.843  59.757 0.5000000000
91568  -56.056  5.531  60.179 0.7500000000
91555  -47.881  6.071  61.861 0.2500000000
92585  -48.455  6.330  61.351 0.2500000000
145905  -49.855  6.611  60.974 0.3750000000
91579  -55.605  5.531  59.257 0.6250000000
91587  -55.619  5.445  58.371 0.5000000000
91596  -56.242  6.067  57.737 0.6250000000
92606  -47.540  6.495  60.421 0.2500000000
92652  -56.309  6.770  56.626 0.6250000000
94360  -20.059  7.918  85.015 0.8750000000
152603  -20.409  7.983  86.619 0.7500000000
95321  -20.596  9.074  86.780 0.7500000000
94349  -21.098  8.548  88.207 0.7500000000
95310  -21.605  9.516  88.570 0.6250000000
93331  -17.391  6.853  84.152 0.8750000000
93348  -18.664  7.777  83.196 0.8750000000
93333  -19.304  7.541  84.432 0.8750000000
94371  -20.286  8.914  84.956 0.7500000000
163924  -20.564  9.962  86.565 0.7500000000
150034  -20.743  10.090  87.336 0.7500000000
95309  -21.149  10.180  88.044 0.6250000000
96363  -21.496  10.350  88.524 0.6250000000
160551  -22.718  9.632  89.365 0.6250000000
92308  -14.894  6.982  84.837 0.8750000000
93329  -15.633  7.133  84.428 0.8750000000
94390  -18.487  8.236  82.457 0.8750000000
150947  -18.456  8.944  82.099 0.7500000000
95333  -19.889  9.470  84.158 0.7500000000
96394  -20.292  9.940  85.062 0.7500000000
97299  -20.159  11.283  86.345 0.6250000000
97293  -20.225  11.590  87.171 0.6250000000
96369  -20.842  11.127  88.091 0.6250000000
97276  -21.161  11.226  88.441 0.6250000000
97278  -22.725  11.600  88.704 0.6250000000
99176  -23.853  13.639  83.646 0.6250000000
91308  -9.310  4.964  83.439 1.0000000000
155550  -9.943  5.493  83.246 1.0000000000
139739  -11.122  4.727  82.787 1.0000000000
92294  -14.280  6.268  85.128 0.8750000000
92295  -14.355  6.210  86.198 0.8750000000
164898  -14.823  6.651  86.548 0.8750000000
95351  -18.566  9.721  82.217 0.7500000000
147368  -19.037  10.561  83.362 0.7500000000
97313  -19.146  11.051  83.739 0.7500000000
98238  -19.324  12.275  85.122 0.6250000000
97292  -19.798  12.070  86.737 0.6250000000
98206  -20.083  12.412  87.654 0.6250000000
99141  -21.942  13.094  88.153 0.6250000000
98219  -23.798  12.837  87.955 0.6250000000
138864  -25.659  12.977  86.753 0.6250000000
166638  -25.183  13.031  84.907 0.6250000000
164458  -23.565  14.005  83.034 0.6250000000
99200  -22.332  13.891  81.876 0.6250000000
91295  -8.594  5.478  84.100 1.0000000000
92313  -10.065  6.257  83.469 1.0000000000
159770  -12.141  4.204  83.834 0.8750000000
164828  -12.569  4.459  84.527 0.8750000000
159516  -13.294  5.100  85.461 0.8750000000
91282  -13.798  5.592  86.822 0.8750000000
91277  -14.155  5.863  87.703 1.0000000000
97324  -18.473  11.299  82.243 0.7500000000
98266  -18.398  12.255  82.609 0.7500000000
98237  -18.850  12.758  84.479 0.6250000000
98231  -19.388  12.554  86.194 0.6250000000
99158  -19.555  12.873  86.947 0.6250000000
99148  -21.663  13.859  87.701 0.6250000000
100088  -23.512  14.202  87.267 0.6250000000
139120  -24.922  14.411  86.469 0.6250000000
138414  -25.311  14.531  85.936 0.6250000000
99177  -24.840  13.681  83.702 0.6250000000
98308  -21.406  12.564  78.390 0.6250000000
92293  -8.241  6.584  85.484 1.0000000000
90295  -12.662  4.448  85.594 1.0000000000
90296  -13.254  5.021  86.242 1.0000000000
99175  -18.432  13.227  83.900 0.6250000000
99174  -18.163  13.894  84.408 0.6250000000
100094  -18.809  14.394  86.100 0.6250000000
101052  -20.145  14.845  86.900 0.5000000000
159154  -21.457  15.841  86.319 0.5000000000
163190  -23.692  15.947  85.761 0.5000000000
101070  -24.449  15.730  85.578 0.5000000000
99190  -24.474  14.227  83.070 0.6250000000
99189  -22.956  13.987  82.508 0.6250000000
164460  -21.977  13.679  81.268 0.5000000000
98300  -21.797  13.208  79.911 0.5000000000
98319  -21.938  13.212  77.919 0.5000000000
97385  -21.064  12.163  77.724 0.5000000000
92281  -7.011  6.385  87.059 1.0000000000
90275  -12.853  4.562  87.520 1.0000000000
100102  -18.452  14.443  85.620 0.6250000000
164357  -18.880  15.141  86.283 0.5000000000
101061  -20.668  15.769  86.450 0.5000000000
101939  -22.013  17.072  85.495 0.5000000000
102731  -24.411  16.971  84.458 0.5000000000
101097  -24.914  15.535  81.397 0.5000000000
100122  -23.798  14.485  82.451 0.5000000000
99211  -22.513  14.162  81.080 0.5000000000
99222  -22.324  13.922  79.566 0.5000000000
98309  -21.986  13.375  78.805 0.5000000000
98330  -21.849  12.692  76.313 0.5000000000
92260  -6.179  7.079  88.543 1.0000000000
101059  -18.328  15.730  86.241 0.5000000000
167146  -19.815  16.470  86.423 0.5000000000
102728  -21.111  17.213  85.409 0.5000000000
157113  -22.769  17.258  85.071 0.5000000000
146227  -23.328  15.947  80.648 0.5000000000
101108  -24.053  15.817  81.352 0.5000000000
101117  -22.893  15.869  79.682 0.5000000000
100157  -22.724  14.744  79.320 0.5000000000
157532  -22.803  15.091  77.566 0.5000000000
99245  -22.875  14.544  77.158 0.5000000000
98338  -21.990  12.659  75.376 0.5000000000
163705  -5.567  8.254  88.994 1.0000000000
94336  -5.278  8.920  88.908 1.0000000000
102775  -22.629  16.647  80.684 0.3750000000
101127  -22.554  15.841  78.810 0.3750000000
155764  -22.635  15.511  78.161 0.5000000000
99257  -23.067  14.514  76.314 0.3750000000
97396  -21.075  12.145  76.914 0.6250000000
150045  -21.162  12.087  75.972 0.5000000000
97420  -21.458  11.935  74.089 0.1250000000
94344  -4.202  8.547  87.799 1.0000000000
168662  -5.048  9.540  88.578 1.0000000000
146463  -5.334  10.182  88.450 1.0000000000
157566  -21.607  16.829  80.425 0.3750000000
102788  -21.303  16.384  79.084 0.3750000000
102014  -22.150  15.905  78.080 0.3750000000
101136  -22.007  15.612  76.884 0.3750000000
159524  -22.196  15.348  76.177 0.3750000000
161375  -23.049  14.624  75.408 0.3750000000
97395  -20.489  11.527  76.589 0.6250000000
97407  -21.248  12.038  75.021 0.5000000000
94351  -4.063  8.392  87.091 1.0000000000
95312  -4.701  9.811  87.899 1.0000000000
95318  -5.051  9.756  86.839 1.0000000000
96378  -5.169  10.602  87.602 1.0000000000
96379  -5.561  10.526  86.586 1.0000000000
101998  -21.106  16.222  78.448 0.3750000000
102013  -21.732  15.914  77.764 0.3750000000
143970  -21.215  15.427  76.505 0.2500000000
101158  -21.895  15.134  75.619 0.2500000000
101170  -22.610  14.837  74.726 0.2500000000
96484  -19.877  10.977  76.226 0.6250000000
150809  -19.373  10.438  74.877 0.6250000000
95323  -5.529  9.208  85.845 1.0000000000
95319  -5.791  9.919  85.995 1.0000000000
101997  -20.000  16.265  78.412 0.3750000000
102020  -19.270  15.939  76.934 0.2500000000
101148  -19.987  15.514  76.462 0.2500000000
101157  -20.686  15.090  75.812 0.2500000000
161406  -18.805  9.882  74.710 0.6250000000
96507  -19.115  10.141  74.087 0.5000000000
96418  -28.635  11.269  83.659 0.3750000000
156851  -29.199  12.586  82.935 0.3750000000
163402  -6.556  10.407  84.944 1.0000000000
97301  -6.368  11.471  84.640 1.0000000000
101156  -19.558  15.242  75.837 0.2500000000
150253  -18.282  9.330  74.959 0.6250000000
95457  -18.117  9.099  73.521 0.5000000000
95347  -28.284  9.682  84.120 0.3750000000
163011  -28.432  10.130  83.223 0.3750000000
97328  -28.558  11.077  82.116 0.3750000000
96417  -28.486  10.870  83.030 0.3750000000
95324  -6.299  9.692  85.130 1.0000000000
96391  -6.917  10.081  84.371 1.0000000000
155309  -6.783  10.857  84.479 1.0000000000
98262  -5.957  12.266  83.516 1.0000000000
93449  -18.080  7.450  75.607 0.6250000000
93460  -17.649  7.704  73.884 0.6250000000
93483  -17.646  7.880  73.197 0.5000000000
94403  -28.356  8.731  81.989 0.3750000000
95373  -28.358  9.787  80.740 0.3750000000
96400  -7.156  10.670  83.752 0.8750000000
97322  -7.047  11.205  82.375 0.8750000000
97321  -6.311  11.924  82.679 1.0000000000
139335  -17.951  6.947  74.121 0.6250000000
93484  -17.839  7.542  72.404 0.5000000000
166874  -18.245  8.878  72.393 0.5000000000
155816  -28.483  8.427  80.179 0.3750000000
95357  -7.815  9.797  81.786 0.8750000000
153084  -18.890  5.833  74.718 0.6250000000
92438  -18.195  6.649  72.688 0.5000000000
94375  -31.406  7.854  85.450 0.3750000000
95358  -8.156  9.202  81.244 0.8750000000
96422  -7.878  9.976  81.021 0.8750000000
92439  -18.754  6.146  72.153 0.2500000000
91394  -29.768  4.972  76.090 0.5000000000
94406  -8.437  8.599  80.616 0.8750000000
163915  -10.049  6.944  76.791 0.8750000000
91382  -10.383  5.835  75.893 0.8750000000
91390  -10.270  5.486  75.085 0.8750000000
90415  -10.384  4.415  72.297 0.3750000000
90416  -10.704  4.026  71.766 0.3750000000
90431  -20.587  4.555  70.936 0.5000000000
90446  -20.802  4.566  69.977 0.3750000000
90406  -29.751  4.174  74.622 0.5000000000
90402  -29.674  4.026  75.564 0.3750000000
91317  -31.214  5.010  84.220 0.3750000000
93423  -42.654  6.858  77.569 0.8750000000
165427  -42.806  6.255  77.124 1.0000000000
94419  -8.777  8.555  79.102 0.8750000000
93411  -9.121  7.900  78.501 0.8750000000
92390  -9.921  6.721  77.609 0.8750000000
92391  -10.027  6.646  75.969 0.8750000000
91389  -9.852  6.270  74.924 0.8750000000
91397  -10.001  5.215  73.747 0.8750000000
90409  -10.051  4.963  72.918 0.7500000000
90432  -21.413  3.894  70.587 0.5000000000
90447  -21.424  4.182  69.746 0.5000000000
148685  -29.557  3.437  74.023 0.5000000000
90332  -31.385  4.243  84.198 0.3750000000
90331  -31.245  4.333  83.993 0.3750000000
93421  -41.647  7.642  79.138 0.7500000000
94441  -42.564  7.893  77.923 0.8750000000
94450  -42.899  8.461  77.474 0.8750000000
94460  -43.468  7.835  76.613 0.8750000000
93424  -9.137  8.015  77.645 0.8750000000
91408  -9.882  5.103  72.162 0.6250000000
165015  -22.328  3.789  68.790 0.3750000000
88355  -23.020  3.030  68.007 0.5000000000
88326  -29.142  2.821  72.573 0.6250000000
89255  -31.919  3.636  84.818 0.3750000000
95389  -38.949  10.047  79.754 0.7500000000
94429  -39.700  9.136  80.025 0.8750000000
94440  -41.219  8.787  79.129 0.7500000000
149284  -41.589  9.461  78.681 0.8750000000
95421  -42.625  9.630  77.820 0.7500000000
95432  -43.190  9.193  77.142 0.7500000000
96492  -43.426  10.006  76.727 0.7500000000
94472  -44.426  7.894  75.522 0.8750000000
94482  -44.333  7.990  74.672 0.8750000000
88356  -23.675  2.824  67.444 0.5000000000
90315  -31.002  4.815  85.798 0.3750000000
94416  -37.423  8.442  80.073 0.6250000000
95375  -37.629  9.139  79.705 0.6250000000
94428  -38.494  9.384  80.112 0.7500000000
95401  -38.144  10.558  79.035 0.6250000000
96460  -39.935  11.160  78.679 0.6250000000
95419  -41.076  10.532  78.473 0.7500000000
96490  -41.863  11.490  77.456 0.7500000000
96502  -42.811  11.414  76.410 0.6250000000
96504  -44.372  10.043  75.692 0.7500000000
96517  -45.024  10.097  75.049 0.7500000000
95466  -45.498  8.594  74.102 0.6250000000
94495  -45.785  8.368  73.508 0.6250000000
152424  -23.791  1.854  67.246 0.5000000000
88373  -25.129  2.715  67.034 0.6250000000
88358  -27.192  1.749  68.721 0.6250000000
87326  -27.522  1.135  69.631 0.6250000000
91300  -31.466  5.426  86.180 0.3750000000
93408  -36.055  7.120  79.707 0.5000000000
93396  -36.749  7.397  80.506 0.5000000000
94415  -37.247  8.222  79.915 0.6250000000
94427  -37.545  8.956  79.366 0.6250000000
95387  -37.700  9.691  79.000 0.6250000000
96458  -38.039  10.939  78.291 0.6250000000
157548  -39.177  11.845  78.002 0.6250000000
97388  -39.768  12.419  77.437 0.6250000000
97401  -41.273  12.507  76.711 0.6250000000
97414  -42.104  12.532  75.673 0.6250000000
150465  -42.579  12.491  73.875 0.6250000000
163504  -44.448  11.863  73.753 0.5000000000
96531  -45.911  10.682  73.474 0.6250000000
96518  -45.365  10.468  74.128 0.6250000000
95468  -46.273  9.598  73.245 0.6250000000
155414  -10.989  6.368  67.603 0.1250000000
91456  -10.938  5.868  68.859 0.1250000000
87344  -25.938  1.134  67.685 0.6250000000
87331  -26.606  1.188  68.310 0.6250000000
91332  -34.261  5.943  83.336 0.3750000000
91364  -33.338  5.707  79.640 0.3750000000
92386  -35.356  6.838  78.933 0.5000000000
93419  -35.993  7.406  78.792 0.5000000000
93420  -36.706  7.954  78.485 0.5000000000
94437  -37.242  8.748  78.063 0.6250000000
95399  -37.570  9.563  77.624 0.6250000000
95418  -37.986  10.726  77.544 0.7500000000
96488  -38.209  11.311  77.150 0.7500000000
97399  -39.224  12.506  76.577 0.5000000000
97451  -44.181  12.162  72.607 0.5000000000
97452  -45.382  12.138  72.455 0.5000000000
96532  -46.419  10.732  72.949 0.3750000000
96543  -47.344  10.144  72.270 0.5000000000
93559  -10.695  7.205  66.697 0.1250000000
93537  -10.179  7.467  68.130 0.1250000000
92385  -34.070  6.231  78.227 0.3750000000
145413  -34.760  6.643  78.363 0.5000000000
92401  -35.313  7.112  78.043 0.3750000000
93432  -36.504  8.128  77.615 0.5000000000
94448  -37.010  8.879  77.166 0.6250000000
160663  -37.370  9.492  76.898 0.6250000000
95417  -37.721  10.043  77.206 0.6250000000
97477  -45.434  12.260  71.004 0.3750000000
97467  -46.686  12.639  71.293 0.3750000000
98366  -46.880  12.475  71.519 0.3750000000
96554  -47.757  10.559  71.510 0.3750000000
95504  -48.165  9.992  71.145 0.3750000000
92418  -32.690  6.761  75.904 0.5000000000
93465  -32.411  7.353  74.780 0.5000000000
93440  -33.764  6.799  75.999 0.5000000000
93453  -34.492  7.363  75.445 0.3750000000
94470  -35.550  7.833  75.824 0.5000000000
94447  -36.231  8.244  76.660 0.5000000000
94459  -36.929  9.050  76.410 0.5000000000
96584  -45.665  10.962  69.654 0.3750000000
96585  -46.765  11.615  69.581 0.3750000000
97481  -48.867  11.877  69.703 0.3750000000
95521  -49.083  10.768  70.274 0.3750000000
151671  -49.220  9.289  70.285 0.3750000000
93558  -10.757  7.543  65.965 0.1250000000
94502  -32.331  8.274  72.581 0.3750000000
94490  -32.921  7.937  73.150 0.3750000000
94469  -35.175  7.957  74.966 0.3750000000
166043  -47.144  10.995  68.953 0.3750000000
96598  -48.455  11.420  68.585 0.3750000000
95536  -48.715  9.594  68.983 0.3750000000
94563  -49.253  9.005  69.342 0.3750000000
95495  -32.401  9.089  70.894 0.1250000000
94522  -32.636  8.614  71.664 0.1250000000
95548  -47.325  10.143  67.983 0.3750000000
95549  -48.020  10.446  68.058 0.3750000000
95537  -49.007  8.608  68.572 0.3750000000
93547  -50.484  8.042  68.449 0.3750000000
93535  -51.237  7.378  69.062 0.3750000000
96582  -32.801  10.158  69.003 0.1250000000
95560  -48.224  9.401  67.597 0.3750000000
164144  -49.053  8.717  67.652 0.3750000000
93548  -51.286  7.736  68.118 0.3750000000
95544  -33.506  9.828  68.644 0.1250000000
94596  -49.639  8.294  67.112 0.3750000000
93556  -51.127  7.645  67.434 0.3750000000
152426  -52.622  6.487  68.278 0.3750000000
92515  -52.913  6.763  67.322 0.3750000000
95558  -34.551  9.810  67.430 0.1250000000
159296  -35.269  9.415  66.834 0.1250000000
93567  -51.178  7.475  67.022 0.3750000000
92528  -52.789  6.800  66.652 0.3750000000
91489  -54.895  5.435  66.347 0.6250000000
91490  -55.558  5.147  65.560 0.5000000000
167942  -51.814  6.528  65.982 0.3750000000
92540  -53.090  6.272  65.371 0.3750000000
91499  -53.962  6.039  65.425 0.5000000000
91514  -56.374  5.372  64.347 0.5000000000
161376  -56.338  5.973  63.675 0.6250000000
92539  -52.179  6.370  65.280 0.3750000000
91511  -53.535  5.818  64.634 0.3750000000
91539  -54.671  6.081  63.436 0.5000000000
90529  -56.913  4.606  63.863 0.6250000000
91527  -56.648  5.506  63.424 0.6250000000
91541  -56.730  5.756  62.736 0.6250000000
91538  -53.351  5.747  63.148 0.5000000000
92570  -54.237  6.190  62.472 0.5000000000
90556  -56.685  4.920  62.097 0.7500000000
90567  -56.419  5.219  61.211 0.7500000000
92588  -51.515  6.667  61.424 0.3750000000
92589  -52.555  6.751  61.375 0.3750000000
92611  -53.007  7.163  60.772 0.5000000000
92627  -56.366  6.990  59.507 0.7500000000
92635  -56.282  7.045  58.558 0.8750000000
93650  -56.172  7.242  58.174 0.8750000000
92607  -48.277  6.589  60.586 0.3750000000
92608  -49.709  6.827  60.124 0.3750000000
92609  -50.765  6.819  60.510 0.3750000000
92610  -51.946  6.954  60.553 0.3750000000
91588  -56.038  6.414  58.656 0.7500000000
92643  -56.343  6.741  57.880 0.7500000000
93664  -56.295  6.957  57.422 0.7500000000
92626  -48.837  6.837  59.997 0.2500000000
93663  -56.070  7.218  57.038 0.6250000000
93647  -54.526  7.961  57.286 0.3750000000
94678  -54.002  8.614  57.730 0.3750000000
93374  -15.846  7.414  81.509 0.8750000000
93375  -16.679  7.396  81.318 0.8750000000
93376  -17.366  7.797  81.247 0.8750000000
93345  -15.346  7.227  83.378 0.8750000000
93364  -17.246  7.217  82.109 0.8750000000
163968  -17.856  7.757  82.005 0.8750000000
93328  -14.942  7.164  84.065 0.8750000000
93346  -16.437  6.921  83.578 0.8750000000
94400  -17.633  8.646  81.006 0.7500000000
138413  -25.620  13.276  86.194 0.6250000000
92314  -10.819  6.668  83.124 1.0000000000
92316  -12.504  5.935  82.829 1.0000000000
92306  -13.798  6.017  84.157 0.8750000000
92307  -14.428  6.687  84.139 0.8750000000
97337  -17.997  11.296  81.313 0.7500000000
98277  -18.149  12.121  81.745 0.7500000000
147324  -25.474  13.937  85.665 0.6250000000
143149  -8.970  7.052  85.085 1.0000000000
93327  -10.247  7.862  84.204 1.0000000000
91297  -12.764  4.873  83.708 0.8750000000
157053  -13.607  5.546  84.900 0.8750000000
98265  -18.020  12.893  82.126 0.6250000000
100103  -25.324  14.881  85.210 0.6250000000
150565  -25.394  14.263  84.702 0.6250000000
93307  -8.175  7.647  86.674 1.0000000000
93314  -9.164  7.814  85.502 1.0000000000
99186  -17.998  13.756  83.446 0.6250000000
100113  -17.683  14.399  83.923 0.6250000000
101942  -24.838  16.270  84.898 0.5000000000
149402  -25.448  15.116  84.419 0.6250000000
100115  -25.409  14.666  83.789 0.6250000000
141727  -7.865  7.969  87.529 1.0000000000
93301  -8.704  8.453  86.990 1.0000000000
94348  -9.454  9.260  86.939 1.0000000000
101077  -17.506  15.364  84.963 0.5000000000
102738  -24.573  17.507  83.776 0.5000000000
102742  -25.049  17.555  83.436 0.5000000000
101090  -25.433  16.003  82.517 0.5000000000
146433  -25.340  15.002  82.836 0.6250000000
98331  -22.429  13.368  76.577 0.5000000000
93294  -6.213  7.934  88.874 1.0000000000
159186  -7.534  8.305  88.193 1.0000000000
94347  -8.863  9.233  87.655 1.0000000000
96368  -8.305  10.488  88.386 1.0000000000
96367  -7.167  10.402  88.668 1.0000000000
103405  -17.004  18.019  86.704 0.5000000000
102727  -20.415  17.635  85.607 0.5000000000
103414  -21.492  18.121  84.632 0.5000000000
103426  -23.418  18.153  83.276 0.5000000000
103427  -23.876  17.686  83.154 0.5000000000
102755  -24.837  17.538  81.927 0.5000000000
162507  -24.892  16.689  81.191 0.5000000000
99256  -23.107  13.971  76.011 0.5000000000
142146  -6.923  9.121  88.934 1.0000000000
95308  -7.431  9.687  88.645 1.0000000000
95307  -6.592  9.660  89.004 1.0000000000
97272  -6.689  11.019  88.259 1.0000000000
103412  -19.020  18.244  86.106 0.5000000000
141291  -21.597  18.720  84.255 0.5000000000
104106  -22.392  19.043  83.374 0.5000000000
104108  -23.407  18.105  82.905 0.3750000000
102753  -23.413  17.379  81.949 0.3750000000
98346  -22.813  13.398  74.773 0.5000000000
97432  -20.771  11.361  73.632 0.3750000000
98353  -22.434  12.522  73.566 0.1250000000
96366  -6.164  10.336  88.794 1.0000000000
96374  -5.731  10.893  88.168 1.0000000000
104115  -22.609  18.195  82.239 0.3750000000
151636  -22.448  17.995  81.883 0.3750000000
102760  -21.021  17.493  81.013 0.3750000000
100204  -23.141  14.509  74.337 0.2500000000
141312  -23.332  14.376  73.758 0.2500000000
97419  -20.479  11.381  74.629 0.5000000000
97433  -21.714  11.882  73.202 0.1250000000
99202  -29.978  13.511  82.398 0.3750000000
97290  -5.400  11.361  86.952 1.0000000000
104122  -21.200  19.435  81.743 0.3750000000
103445  -21.571  18.074  81.483 0.3750000000
102772  -20.216  17.488  80.301 0.3750000000
102787  -20.380  16.694  79.298 0.3750000000
101169  -21.347  14.810  74.967 0.2500000000
100203  -21.965  14.784  74.009 0.2500000000
97445  -21.067  11.327  72.748 0.2500000000
97295  -5.899  11.195  86.072 1.0000000000
97294  -5.754  11.882  85.365 1.0000000000
102771  -19.547  17.444  79.671 0.3750000000
102011  -19.632  16.089  77.593 0.2500000000
101168  -20.099  14.767  75.182 0.2500000000
100202  -20.599  14.640  74.285 0.2500000000
96522  -20.184  10.850  73.074 0.3750000000
97329  -28.575  11.749  82.960 0.3750000000
98254  -29.637  12.451  83.806 0.3750000000
98246  -5.916  12.161  84.341 1.0000000000
102785  -18.499  17.415  78.574 0.2500000000
100210  -19.751  14.436  73.609 0.2500000000
95492  -19.191  9.818  71.845 0.3750000000
96535  -19.644  10.377  72.462 0.3750000000
102019  -18.245  16.279  76.702 0.2500000000
102029  -18.932  15.746  76.307 0.2500000000
101167  -18.357  15.140  74.762 0.2500000000
143380  -19.389  14.649  74.544 0.2500000000
141667  -18.862  14.392  73.056 0.2500000000
94518  -18.837  9.002  71.173 0.3750000000
152166  -6.537  11.574  81.893 1.0000000000
102028  -17.991  16.058  76.033 0.2500000000
101166  -17.507  15.680  74.400 0.2500000000
101176  -17.905  14.774  73.278 0.2500000000
94517  -18.171  8.391  71.856 0.3750000000
92448  -18.247  6.813  71.750 0.2500000000
93496  -18.140  7.491  71.493 0.3750000000
94384  -31.959  8.598  84.278 0.3750000000
97333  -7.077  11.101  81.492 0.8750000000
160309  -19.069  6.357  70.642 0.2500000000
92333  -30.995  6.006  84.161 0.3750000000
93355  -31.293  7.255  84.385 0.3750000000
94394  -31.681  8.309  82.914 0.3750000000
158673  -7.755  10.228  80.381 0.8750000000
91432  -19.442  5.791  70.889 0.3750000000
91446  -20.295  5.813  69.707 0.3750000000
91399  -29.768  5.181  74.309 0.5000000000
140462  -31.243  6.281  82.656 0.3750000000
95367  -8.218  9.479  80.340 0.8750000000
148647  -8.537  8.802  79.880 0.8750000000
93435  -9.019  7.980  76.733 0.8750000000
93436  -9.458  7.366  76.199 0.8750000000
92412  -9.389  7.025  75.223 0.8750000000
167369  -9.455  6.187  74.121 0.8750000000
91401  -9.567  5.568  73.131 0.8750000000
147054  -21.312  4.815  69.393 0.3750000000
150993  -21.993  4.797  68.946 0.3750000000
90333  -31.690  4.389  84.438 0.3750000000
91330  -31.599  5.121  83.463 0.3750000000
140055  -31.330  6.796  81.534 0.3750000000
92429  -9.058  6.113  73.002 0.8750000000
91415  -9.538  5.759  71.915 0.5000000000
89436  -22.860  3.788  68.295 0.5000000000
90343  -31.772  4.702  83.711 0.3750000000
90353  -31.904  5.035  82.983 0.3750000000
91429  -9.745  5.974  71.159 0.5000000000
89452  -23.542  3.699  67.692 0.5000000000
90470  -24.848  4.340  67.436 0.5000000000
164134  -28.214  2.845  69.481 0.6250000000
90344  -32.521  4.873  83.620 0.5000000000
91343  -32.182  5.308  81.746 0.3750000000
92462  -9.463  6.633  70.808 0.3750000000
89453  -24.421  3.459  67.258 0.5000000000
158293  -24.359  2.558  67.135 0.5000000000
88374  -26.117  2.761  67.331 0.6250000000
88357  -26.783  2.276  67.918 0.6250000000
89420  -27.870  3.339  68.770 0.6250000000
92475  -10.340  6.469  69.383 0.2500000000
145172  -33.240  5.391  81.441 0.3750000000
92493  -9.990  7.201  69.011 0.1250000000
143074  -33.150  5.965  78.155 0.3750000000
92398  -32.582  6.277  77.408 0.3750000000
92408  -32.411  6.558  76.649 0.3750000000
94578  -10.074  8.564  67.020 0.1250000000
93477  -31.967  7.727  74.191 0.3750000000
93478  -32.634  7.612  73.921 0.3750000000
96618  -10.176  10.342  65.370 0.1250000000
142066  -10.406  8.364  66.117 0.1250000000
94501  -31.780  8.474  72.941 0.3750000000
95494  -31.573  9.342  71.804 0.1250000000
95575  -10.580  9.742  64.107 0.1250000000
96596  -33.790  10.183  67.868 0.1250000000
96616  -35.291  10.904  66.334 0.1250000000
91513  -55.685  5.515  64.798 0.5000000000
91540  -55.513  6.478  63.648 0.5000000000
92571  -55.397  6.659  62.980 0.5000000000
157929  -55.872  7.130  62.624 0.5000000000
91556  -56.739  6.021  62.004 0.7500000000
92590  -53.870  6.762  61.520 0.5000000000
148317  -55.153  6.847  62.148 0.5000000000
92593  -56.552  6.950  61.917 0.6250000000
151007  -56.555  6.274  61.057 0.7500000000
92613  -54.914  7.250  61.494 0.5000000000
94671  -56.452  8.361  59.402 0.7500000000
93640  -56.291  7.577  58.969 0.8750000000
93628  -49.331  7.336  59.697 0.3750000000
93609  -50.335  7.412  59.769 0.3750000000
93629  -51.435  7.458  59.892 0.3750000000
93630  -52.257  8.048  59.886 0.3750000000
93611  -53.308  7.906  60.405 0.5000000000
94670  -56.213  8.797  58.627 0.8750000000
93626  -46.825  7.651  59.497 0.2500000000
93627  -48.439  7.426  59.729 0.2500000000
143285  -48.857  8.045  59.472 0.2500000000
94680  -55.908  8.196  58.218 0.8750000000
93648  -55.561  7.767  57.500 0.6250000000
94689  -53.400  8.121  57.125 0.3750000000
94677  -52.976  8.867  57.483 0.3750000000
94687  -51.728  8.783  56.379 0.2500000000
94697  -51.234  8.315  55.897 0.1250000000
94408  -14.746  8.270  80.370 1.0000000000
94399  -15.281  7.739  80.900 0.8750000000
93390  -16.776  7.730  80.684 0.8750000000
94411  -17.083  8.188  80.424 0.8750000000
95360  -13.013  9.009  81.171 1.0000000000
94397  -13.591  8.566  81.648 1.0000000000
94398  -14.433  8.191  81.321 1.0000000000
94396  -12.664  8.849  81.915 1.0000000000
94389  -14.177  8.140  82.154 1.0000000000
93361  -14.700  7.588  82.659 0.8750000000
94422  -16.729  8.718  79.769 0.8750000000
162663  -17.323  9.051  80.329 0.7500000000
94380  -11.999  8.194  82.697 1.0000000000
93359  -12.977  7.873  82.448 1.0000000000
92317  -13.744  6.599  83.478 0.8750000000
96441  -16.822  10.181  78.877 0.7500000000
95344  -11.501  8.981  83.148 1.0000000000
95343  -11.179  9.593  83.499 1.0000000000
96442  -17.246  10.782  79.561 0.7500000000
98276  -17.791  12.120  80.967 0.7500000000
95332  -10.480  9.499  84.758 1.0000000000
96392  -10.572  10.327  84.943 1.0000000000
96386  -10.470  10.624  85.838 1.0000000000
99199  -17.529  13.538  81.607 0.6250000000
162582  -17.567  14.339  83.069 0.6250000000
94359  -10.056  9.062  85.405 1.0000000000
95325  -9.976  9.479  86.233 1.0000000000
96380  -10.260  10.716  86.713 1.0000000000
100108  -17.183  15.093  84.073 0.5000000000
98339  -22.653  13.356  75.697 0.5000000000
95320  -10.031  9.997  86.988 1.0000000000
95314  -9.429  9.908  87.608 1.0000000000
96375  -9.075  11.131  88.143 1.0000000000
97274  -8.449  11.409  88.257 1.0000000000
101938  -16.915  16.613  85.640 0.5000000000
99277  -23.494  14.003  73.376 0.2500000000
97283  -7.188  11.731  87.796 1.0000000000
103411  -17.418  18.662  86.270 0.5000000000
104090  -20.009  18.915  84.917 0.5000000000
145007  -23.267  13.177  72.218 0.1250000000
98370  -23.250  12.929  71.458 0.1250000000
97281  -5.555  11.473  87.463 1.0000000000
104097  -19.170  19.316  84.602 0.5000000000
104810  -21.207  19.858  83.333 0.5000000000
104822  -22.237  18.899  82.666 0.5000000000
100212  -22.379  14.618  73.163 0.2500000000
99293  -23.239  13.738  71.698 0.1250000000
97458  -21.364  11.329  71.886 0.2500000000
97471  -22.082  11.412  70.189 0.2500000000
142614  -5.304  12.004  86.376 1.0000000000
105555  -21.159  20.853  81.935 0.5000000000
104840  -20.887  20.683  81.492 0.3750000000
103444  -20.178  18.448  81.008 0.3750000000
100211  -21.089  14.594  73.399 0.2500000000
100222  -21.548  14.483  72.546 0.2500000000
99291  -21.472  14.107  71.117 0.1250000000
99292  -22.657  14.051  71.166 0.1250000000
159607  -23.123  12.371  69.213 0.1250000000
98280  -29.448  12.824  82.097 0.2500000000
98234  -5.022  12.676  84.863 1.0000000000
104837  -19.564  20.309  80.803 0.3750000000
104129  -18.366  18.915  79.532 0.3750000000
103470  -18.722  17.861  79.332 0.3750000000
140630  -20.323  14.380  72.852 0.2500000000
99290  -20.105  13.767  71.241 0.1250000000
99305  -20.832  13.773  70.455 0.1250000000
96536  -20.453  10.836  72.212 0.2500000000
96546  -20.661  10.838  71.344 0.2500000000
97487  -22.648  11.621  69.380 0.2500000000
97488  -22.908  11.797  68.487 0.2500000000
98245  -5.190  12.711  83.896 1.0000000000
154337  -17.955  18.390  78.586 0.2500000000
102798  -17.962  17.461  77.793 0.2500000000
162942  -18.816  14.168  72.378 0.1250000000
95511  -19.498  9.793  71.020 0.2500000000
96562  -20.840  10.747  70.388 0.2500000000
96577  -21.510  10.870  69.524 0.2500000000
145065  -22.138  11.025  68.827 0.2500000000
168287  -5.419  12.293  82.235 1.0000000000
98261  -5.314  12.525  82.974 1.0000000000
157531  -17.731  17.120  76.950 0.2500000000
102813  -17.583  16.874  76.256 0.2500000000
100220  -18.075  14.482  72.471 0.1250000000
95512  -19.880  9.914  70.131 0.2500000000
96576  -20.952  10.265  68.645 0.2500000000
102027  -17.419  16.644  75.538 0.2500000000
102033  -17.164  16.387  74.775 0.2500000000
101181  -17.331  15.028  72.568 0.2500000000
94538  -18.453  7.952  70.867 0.2500000000
161808  -19.824  8.828  68.944 0.2500000000
95540  -20.371  9.135  68.241 0.2500000000
97332  -6.253  11.517  81.215 1.0000000000
101175  -17.185  15.522  73.462 0.2500000000
93525  -19.619  7.317  69.553 0.2500000000
94566  -20.170  8.290  68.658 0.2500000000
96431  -7.413  10.655  80.825 0.8750000000
92476  -19.948  6.568  69.670 0.2500000000
92497  -20.773  6.892  69.088 0.2500000000
93369  -31.260  7.229  82.629 0.3750000000
92477  -20.571  6.341  69.335 0.3750000000
92478  -21.128  6.207  69.259 0.2500000000
94404  -31.577  8.221  81.745 0.3750000000
94454  -8.304  8.288  76.234 0.8750000000
93459  -8.539  7.330  74.750 0.8750000000
92420  -8.439  6.904  73.947 0.8750000000
92428  -8.448  6.688  73.265 0.8750000000
91448  -21.657  5.391  69.230 0.3750000000
142300  -31.457  5.959  81.827 0.3750000000
93383  -31.435  7.591  81.411 0.3750000000
144591  -8.325  9.266  78.602 0.8750000000
95408  -8.065  9.238  77.777 0.8750000000
164127  -7.737  8.765  76.451 0.8750000000
93447  -8.279  7.880  75.479 0.8750000000
92437  -9.106  6.205  72.300 0.7500000000
92447  -9.221  6.358  71.593 0.5000000000
90469  -24.075  4.259  67.592 0.5000000000
90463  -25.211  5.011  67.833 0.5000000000
91352  -31.846  5.730  81.104 0.3750000000
92435  -7.846  7.046  72.953 0.8750000000
92446  -8.662  6.667  71.946 0.6250000000
90471  -25.788  4.370  67.473 0.5000000000
90449  -27.944  4.307  68.714 0.6250000000
89421  -28.365  3.701  69.399 0.6250000000
91353  -32.328  5.545  80.659 0.3750000000
93495  -8.267  7.179  71.576 0.7500000000
92461  -8.896  6.924  71.227 0.6250000000
89455  -26.392  3.702  67.464 0.5000000000
146514  -27.314  2.825  68.309 0.6250000000
91363  -32.421  5.669  79.748 0.3750000000
93524  -9.544  7.675  69.573 0.2500000000
92407  -31.966  6.606  77.057 0.3750000000
97500  -8.312  11.571  68.478 0.2500000000
96589  -8.631  10.634  68.771 0.2500000000
150955  -9.034  9.710  68.642 0.2500000000
93536  -9.735  7.944  68.693 0.1250000000
93450  -31.646  7.520  75.926 0.3750000000
100265  -6.993  13.897  67.144 0.1250000000
99333  -7.517  13.486  67.337 0.2500000000
97509  -8.770  11.863  67.930 0.2500000000
97501  -9.010  11.085  68.085 0.2500000000
96590  -9.191  10.221  68.061 0.2500000000
94577  -9.869  8.207  67.868 0.1250000000
93464  -31.843  7.609  74.988 0.3750000000
99341  -7.752  14.099  66.922 0.1250000000
99342  -8.394  13.436  67.108 0.1250000000
98418  -8.821  12.732  67.226 0.1250000000
97516  -9.545  11.345  66.918 0.1250000000
96609  -9.664  10.406  66.760 0.1250000000
139472  -9.596  8.980  67.727 0.1250000000
97523  -9.819  11.757  66.332 0.1250000000
96610  -9.891  10.026  66.076 0.1250000000
95562  -9.748  9.726  66.698 0.1250000000
96566  -31.868  10.241  69.880 0.1250000000
97505  -32.624  11.571  68.590 0.1250000000
96595  -33.048  10.699  68.293 0.1250000000
97506  -33.100  11.685  67.881 0.1250000000
96606  -33.516  10.977  67.660 0.1250000000
96607  -34.176  10.794  67.179 0.1250000000
92592  -56.108  7.157  62.412 0.6250000000
92591  -55.850  7.605  62.033 0.5000000000
93596  -56.218  7.570  61.743 0.7500000000
93612  -54.428  8.104  60.717 0.5000000000
151480  -55.355  8.048  61.319 0.5000000000
93614  -56.361  7.931  61.040 0.7500000000
93631  -56.429  7.777  60.052 0.7500000000
94657  -51.356  8.236  59.680 0.3750000000
94636  -52.010  8.980  59.889 0.3750000000
94637  -52.987  8.792  60.304 0.5000000000
147791  -54.634  9.532  60.950 0.5000000000
94641  -56.121  9.384  60.603 0.7500000000
94658  -56.489  9.212  59.713 0.7500000000
157025  -56.468  9.005  58.965 0.8750000000
94652  -46.813  8.719  59.372 0.2500000000
94654  -47.766  8.189  59.570 0.2500000000
94656  -50.422  8.359  59.592 0.3750000000
95618  -51.058  9.136  59.705 0.3750000000
95603  -51.580  9.934  60.122 0.5000000000
95604  -52.799  9.924  60.445 0.5000000000
143321  -53.972  10.257  61.162 0.5000000000
139830  -54.759  10.177  61.485 0.6250000000
95606  -56.485  10.133  59.687 0.8750000000
96695  -56.497  10.351  59.027 0.8750000000
94653  -47.470  9.250  59.495 0.2500000000
140735  -55.677  11.027  60.525 0.7500000000
96694  -56.264  10.677  58.822 0.8750000000
95628  -55.691  9.957  58.602 0.6250000000
94679  -55.147  8.450  57.891 0.5000000000
97578  -55.963  11.852  59.377 0.8750000000
96678  -56.039  11.517  58.838 0.8750000000
95627  -54.418  9.987  58.589 0.3750000000
95640  -53.646  9.379  58.083 0.3750000000
94688  -52.479  8.445  56.786 0.2500000000
95646  -52.280  9.242  56.933 0.2500000000
95653  -51.143  9.154  55.787 0.2500000000
95660  -50.621  9.088  55.023 0.1250000000
96722  -51.620  9.945  55.721 0.2500000000
95667  -50.332  9.337  53.402 0.1250000000
95677  -51.187  9.886  52.906 0.2500000000
139149  -51.364  9.794  51.146 0.2500000000
95755  -58.865  9.658  45.472 0.2500000000
94409  -15.593  8.045  80.107 0.8750000000
95369  -13.329  9.221  80.322 0.8750000000
94420  -15.010  8.562  79.525 0.8750000000
94421  -15.875  8.619  79.410 0.8750000000
95359  -12.392  9.350  81.507 1.0000000000
95378  -12.777  9.758  79.861 0.8750000000
95370  -14.191  8.853  79.867 0.8750000000
142946  -11.962  9.440  82.058 1.0000000000
95380  -14.407  9.113  78.967 0.8750000000
95394  -15.446  9.602  78.246 0.8750000000
96453  -16.447  10.546  78.310 0.7500000000
96412  -11.510  10.026  82.095 1.0000000000
96402  -11.038  10.187  83.468 1.0000000000
96401  -10.664  10.635  84.185 1.0000000000
97362  -16.831  11.266  78.767 0.7500000000
99210  -17.445  12.972  80.720 0.6250000000
97302  -10.466  11.184  85.111 1.0000000000
97297  -10.308  11.343  86.177 1.0000000000
100133  -16.958  14.357  81.451 0.6250000000
97296  -9.844  12.013  86.478 1.0000000000
98215  -9.344  12.010  87.249 1.0000000000
142485  -16.594  14.965  82.108 0.5000000000
97285  -8.791  11.907  87.879 1.0000000000
101075  -15.834  16.314  83.898 0.5000000000
102726  -16.204  17.723  85.825 0.5000000000
162571  -22.801  12.461  72.062 0.1250000000
97460  -23.181  12.626  70.715 0.1250000000
98213  -7.557  12.482  87.556 1.0000000000
103410  -16.618  18.582  86.374 0.5000000000
99307  -23.232  13.412  70.723 0.1250000000
98377  -23.397  12.979  70.100 0.2500000000
98387  -23.036  13.183  69.208 0.1250000000
164533  -5.199  12.717  87.183 1.0000000000
104088  -18.118  19.015  85.251 0.5000000000
104817  -19.194  20.420  83.649 0.5000000000
99306  -22.299  13.819  70.317 0.1250000000
97502  -23.020  12.167  67.848 0.1250000000
98227  -4.779  12.603  85.843 1.0000000000
154261  -20.183  21.109  83.115 0.5000000000
97511  -23.048  11.818  66.956 0.2500000000
98233  -4.193  13.143  84.388 1.0000000000
144810  -20.232  13.450  69.982 0.1250000000
96603  -22.845  11.280  67.376 0.2500000000
98244  -4.347  12.972  83.379 1.0000000000
104838  -20.238  20.841  81.014 0.3750000000
104130  -18.850  19.620  80.274 0.3750000000
167348  -17.894  19.397  78.841 0.3750000000
141249  -17.682  19.427  77.954 0.2500000000
147907  -18.402  14.051  71.789 0.1250000000
99303  -18.727  13.437  70.425 0.1250000000
96591  -22.066  10.705  68.036 0.2500000000
96611  -22.880  10.120  66.103 0.2500000000
103480  -17.651  18.516  77.680 0.2500000000
103493  -17.149  18.393  75.694 0.2500000000
100243  -17.972  13.873  70.891 0.1250000000
94579  -20.930  8.986  67.569 0.2500000000
95541  -21.177  9.727  67.726 0.2500000000
97320  -5.848  11.952  81.755 1.0000000000
102040  -16.898  16.155  74.076 0.2500000000
100219  -17.459  14.591  71.660 0.1250000000
94580  -21.371  8.639  67.395 0.2500000000
94590  -21.993  8.755  66.751 0.2500000000
95366  -31.896  9.163  81.802 0.3750000000
97346  -6.780  11.156  80.632 1.0000000000
97359  -6.421  11.054  79.869 1.0000000000
97358  -5.533  11.125  79.841 1.0000000000
102046  -16.775  15.784  72.479 0.2500000000
162400  -16.919  15.228  71.907 0.1250000000
93551  -21.273  8.067  67.954 0.2500000000
95374  -31.775  9.041  80.787 0.3750000000
160886  -31.700  8.678  81.246 0.3750000000
143123  -7.271  10.794  80.031 0.8750000000
96437  -5.835  10.867  79.218 0.8750000000
96438  -7.029  10.725  79.110 0.8750000000
96464  -6.387  10.195  77.670 0.8750000000
95405  -5.511  9.948  77.077 0.8750000000
93526  -21.204  7.260  68.949 0.2500000000
94414  -31.575  8.229  80.809 0.3750000000
95390  -7.805  9.985  78.840 0.8750000000
158638  -7.746  9.718  78.203 0.8750000000
95406  -6.615  9.671  76.933 0.8750000000
94453  -6.937  9.084  76.280 0.8750000000
93445  -6.586  8.096  75.023 0.8750000000
93456  -4.960  7.964  74.344 0.8750000000
93527  -21.854  7.261  69.376 0.2500000000
93407  -31.473  7.105  79.735 0.3750000000
93395  -31.456  7.342  80.622 0.3750000000
95377  -8.320  9.384  79.416 0.8750000000
94442  -7.541  9.261  76.992 0.8750000000
93446  -7.594  7.784  74.873 0.8750000000
93458  -7.840  7.361  74.236 0.8750000000
93472  -6.954  7.471  73.376 0.8750000000
93481  -6.021  7.590  73.052 0.8750000000
91449  -22.863  6.074  69.510 0.3750000000
90462  -24.270  4.916  67.926 0.5000000000
92369  -31.654  6.418  79.429 0.3750000000
93482  -7.193  7.397  72.630 0.8750000000
93493  -6.589  7.692  72.205 0.7500000000
91460  -25.634  5.498  68.490 0.5000000000
154449  -26.183  4.968  67.828 0.5000000000
90465  -27.437  4.794  68.261 0.6250000000
90450  -28.391  4.654  69.423 0.6250000000
142214  -31.491  7.011  78.968 0.3750000000
93494  -7.519  7.444  71.898 0.7500000000
93508  -7.874  7.757  71.177 0.6250000000
156942  -26.944  4.746  67.849 0.5000000000
92383  -31.707  6.522  78.445 0.3750000000
94537  -8.345  8.361  70.432 0.6250000000
93429  -31.647  6.853  77.594 0.3750000000
94477  -31.661  8.032  74.493 0.3750000000
96575  -7.800  10.552  69.473 0.3750000000
95538  -8.520  9.835  69.349 0.2500000000
94552  -8.893  8.610  69.740 0.3750000000
99330  -3.893  13.997  67.216 0.2500000000
99331  -5.265  13.757  67.372 0.2500000000
98405  -5.897  13.112  67.748 0.2500000000
97499  -7.275  11.840  68.656 0.2500000000
96588  -7.836  11.252  69.028 0.2500000000
95539  -9.291  9.024  68.489 0.2500000000
100263  -4.899  14.480  67.034 0.1250000000
99332  -6.524  13.559  67.429 0.1250000000
96550  -31.382  10.173  71.514 0.2500000000
160005  -31.387  9.634  73.065 0.3750000000
100271  -6.073  14.840  66.792 0.1250000000
100272  -6.869  14.331  66.919 0.1250000000
97475  -31.525  11.340  70.474 0.1250000000
98390  -32.450  12.188  69.198 0.1250000000
95616  -48.809  9.663  59.612 0.2500000000
96677  -49.939  10.539  60.041 0.3750000000
95602  -50.923  10.759  60.431 0.5000000000
96663  -53.098  11.098  61.016 0.5000000000
96664  -53.807  10.896  61.693 0.6250000000
95614  -47.248  9.980  59.497 0.2500000000
97566  -52.395  12.194  62.217 0.6250000000
96665  -54.539  11.049  61.803 0.6250000000
97567  -54.412  11.949  61.887 0.6250000000
98492  -55.520  12.524  59.599 0.8750000000
97600  -54.793  11.561  58.888 0.6250000000
97599  -53.779  11.571  58.533 0.5000000000
96691  -53.114  10.813  58.125 0.5000000000
96716  -52.539  10.599  57.254 0.3750000000
97618  -52.692  11.335  56.675 0.3750000000
96715  -52.187  10.401  56.331 0.2500000000
163511  -52.089  10.478  55.563 0.2500000000
96730  -52.419  10.817  54.937 0.2500000000
97632  -52.862  11.205  54.172 0.2500000000
95661  -51.227  9.702  55.034 0.2500000000
96734  -51.739  10.256  53.597 0.2500000000
96735  -52.504  10.722  53.455 0.2500000000
95668  -50.935  9.649  54.105 0.1250000000
96736  -52.946  10.762  52.774 0.2500000000
96740  -52.061  10.408  52.664 0.2500000000
96742  -53.386  10.765  52.232 0.2500000000
96747  -53.360  10.627  51.432 0.2500000000
164935  -52.570  10.373  51.340 0.2500000000
96756  -52.880  10.370  50.667 0.2500000000
96758  -54.585  10.906  50.316 0.2500000000
153455  -55.327  11.124  49.241 0.2500000000
96800  -56.791  10.928  47.867 0.2500000000
96801  -57.647  10.915  47.593 0.2500000000
96809  -58.112  10.500  46.809 0.2500000000
96813  -59.356  10.168  45.945 0.2500000000
163389  -60.079  11.057  44.967 0.2500000000
96816  -60.210  10.304  44.660 0.2500000000
97731  -60.159  11.055  44.262 0.2500000000
95765  -60.690  9.596  43.207 0.2500000000
96432  -11.594  10.520  80.250 1.0000000000
150152  -12.112  10.044  80.263 1.0000000000
96440  -12.128  10.310  79.434 1.0000000000
96451  -12.395  10.431  78.422 1.0000000000
96466  -12.676  10.604  77.681 1.0000000000
96480  -13.000  10.822  77.204 0.8750000000
96424  -11.902  9.792  81.477 1.0000000000
95392  -13.725  9.636  78.324 0.8750000000
96467  -13.463  10.295  77.574 0.8750000000
96468  -14.290  10.589  77.252 0.7500000000
154209  -15.110  10.727  77.427 0.7500000000
97382  -14.795  11.461  77.081 0.7500000000
99242  -14.325  13.241  77.172 0.7500000000
97348  -11.130  10.718  81.055 1.0000000000
96423  -11.472  10.253  81.498 1.0000000000
95379  -13.582  9.377  79.342 1.0000000000
95393  -14.619  9.472  78.242 0.8750000000
95410  -14.909  10.019  77.706 0.7500000000
97372  -15.914  11.825  77.792 0.7500000000
98307  -16.301  12.024  78.380 0.7500000000
98306  -15.685  12.535  78.037 0.7500000000
99230  -14.594  13.500  77.856 0.7500000000
97323  -10.691  11.001  82.569 1.0000000000
146409  -10.302  11.469  83.213 1.0000000000
98297  -16.720  12.344  79.122 0.7500000000
99209  -16.835  13.554  80.227 0.6250000000
99220  -15.720  13.584  79.226 0.7500000000
98236  -10.098  11.852  84.738 1.0000000000
98228  -9.588  12.498  85.840 1.0000000000
99168  -9.130  12.989  84.167 1.0000000000
100132  -16.191  14.979  81.383 0.5000000000
100142  -15.702  14.921  80.698 0.5000000000
99208  -15.960  14.126  79.939 0.5000000000
98223  -9.080  12.598  86.660 1.0000000000
101083  -16.336  15.722  83.542 0.5000000000
101082  -15.711  16.231  83.054 0.5000000000
101088  -15.372  15.990  82.318 0.5000000000
99145  -8.313  12.840  87.039 1.0000000000
102735  -16.045  17.316  84.825 0.5000000000
102741  -15.217  17.203  83.707 0.5000000000
97526  -23.786  11.284  65.125 0.2500000000
99143  -6.878  13.088  87.240 1.0000000000
104087  -16.979  19.056  85.670 0.5000000000
147304  -21.916  12.935  67.910 0.1250000000
98398  -22.605  13.075  68.567 0.1250000000
98413  -22.935  12.252  67.281 0.1250000000
97525  -23.340  11.587  65.547 0.2500000000
157241  -4.805  13.293  87.048 1.0000000000
104816  -17.777  20.807  83.637 0.5000000000
105548  -19.472  21.145  83.340 0.5000000000
150956  -20.623  12.876  67.884 0.1250000000
99325  -22.252  13.390  69.110 0.1250000000
98226  -4.028  13.165  85.357 1.0000000000
105549  -20.635  21.409  82.621 0.5000000000
105554  -21.122  21.696  81.941 0.2500000000
166789  -19.629  12.821  67.840 0.1250000000
99166  -3.503  13.601  84.813 1.0000000000
105567  -20.974  21.643  80.876 0.3750000000
98384  -19.179  13.163  69.110 0.1250000000
96619  -23.502  10.669  65.663 0.2500000000
153673  -3.529  13.710  83.481 1.0000000000
99171  -3.719  13.470  83.893 1.0000000000
104850  -19.905  21.321  80.519 0.3750000000
104849  -18.872  20.741  79.963 0.3750000000
98397  -18.977  12.994  68.284 0.1250000000
95571  -23.835  9.159  65.804 0.2500000000
150409  -24.071  10.198  65.428 0.2500000000
99183  -3.790  13.213  82.798 1.0000000000
154566  -18.236  19.965  79.418 0.3750000000
99324  -18.352  13.312  68.859 0.1250000000
95570  -23.323  9.546  65.864 0.2500000000
98259  -3.863  12.771  81.853 1.0000000000
98273  -5.028  12.206  81.649 1.0000000000
153336  -17.353  18.788  76.345 0.2500000000
100242  -17.482  13.969  70.053 0.1250000000
94581  -23.178  8.345  66.850 0.2500000000
97331  -5.290  11.770  81.073 1.0000000000
139789  -16.845  17.957  75.086 0.2500000000
102817  -16.672  17.546  74.504 0.2500000000
101186  -16.728  15.039  71.170 0.1250000000
100230  -17.139  14.456  70.693 0.1250000000
142416  -22.363  8.352  67.189 0.2500000000
98272  -4.180  12.217  81.094 1.0000000000
97345  -5.851  11.346  80.489 1.0000000000
96446  -4.274  10.869  78.207 0.8750000000
102039  -16.620  16.575  73.270 0.2500000000
94568  -22.647  8.159  67.907 0.2500000000
97344  -4.742  11.475  80.200 1.0000000000
96447  -5.124  10.776  78.575 0.8750000000
95424  -4.933  9.368  76.184 0.8750000000
93541  -22.209  7.920  69.044 0.2500000000
93528  -22.715  7.546  69.965 0.2500000000
94451  -5.358  8.802  75.615 0.8750000000
157185  -5.071  8.178  74.818 0.8750000000
93471  -5.951  7.757  73.881 0.8750000000
92465  -23.166  7.199  70.491 0.2500000000
92481  -24.211  6.517  70.402 0.3750000000
140050  -31.629  8.563  79.405 0.3750000000
91450  -23.860  6.033  69.539 0.5000000000
91451  -24.944  5.972  69.404 0.3750000000
91452  -26.038  5.934  69.246 0.3750000000
139978  -31.477  7.732  79.104 0.3750000000
94436  -31.524  8.455  78.428 0.3750000000
94515  -6.137  8.283  71.716 0.6250000000
91459  -24.587  5.479  68.592 0.5000000000
94535  -6.719  8.702  71.233 0.6250000000
151411  -31.412  8.003  77.690 0.3750000000
139521  -31.423  8.795  76.746 0.3750000000
95429  -31.420  9.323  76.197 0.3750000000
94536  -7.497  8.546  70.919 0.6250000000
95438  -31.422  8.813  75.449 0.3750000000
95449  -31.442  8.876  74.528 0.3750000000
101199  -4.330  15.215  68.640 0.6250000000
100248  -3.614  14.481  68.408 0.6250000000
100256  -3.520  14.942  67.784 0.5000000000
140234  -3.381  13.990  68.182 0.3750000000
98403  -3.448  13.485  68.015 0.3750000000
97486  -6.828  11.188  69.338 0.2500000000
95524  -8.450  9.123  69.855 0.5000000000
94468  -31.532  8.139  75.198 0.3750000000
96525  -31.368  10.557  73.167 0.2500000000
139128  -3.535  14.283  67.614 0.3750000000
98404  -4.448  13.275  67.685 0.2500000000
98394  -5.290  12.614  68.139 0.2500000000
158340  -3.849  15.016  67.084 0.2500000000
100270  -4.865  15.135  66.809 0.1250000000
101222  -6.812  15.523  66.468 0.1250000000
97476  -31.870  11.911  69.949 0.1250000000
98391  -32.894  12.859  69.202 0.1250000000
161387  -49.450  12.179  60.765 0.3750000000
97565  -51.798  12.517  62.125 0.6250000000
99391  -51.664  13.699  62.069 0.6250000000
96675  -48.065  11.004  59.928 0.2500000000
96676  -48.828  10.609  60.018 0.2500000000
96660  -49.294  11.341  60.501 0.3750000000
96662  -51.204  11.710  61.057 0.5000000000
98479  -51.931  12.972  62.454 0.6250000000
99393  -53.825  13.326  61.996 0.8750000000
98482  -54.694  12.812  61.424 0.8750000000
96673  -46.812  10.306  59.181 0.2500000000
95615  -47.993  10.022  59.703 0.2500000000
96661  -50.197  11.556  60.666 0.5000000000
98481  -53.818  12.454  62.158 0.6250000000
98491  -55.269  13.038  60.299 0.8750000000
98502  -55.313  13.011  59.218 0.7500000000
156293  -53.744  12.289  58.325 0.5000000000
97608  -52.873  11.289  57.577 0.3750000000
98522  -53.226  12.069  57.435 0.5000000000
96723  -52.461  11.038  55.745 0.2500000000
148937  -52.778  11.739  55.865 0.2500000000
97623  -52.823  11.531  55.084 0.2500000000
97633  -53.457  11.891  54.550 0.2500000000
97643  -53.832  11.123  52.876 0.2500000000
97653  -54.082  10.936  51.991 0.2500000000
97654  -54.783  11.141  51.671 0.2500000000
97664  -55.283  11.265  50.946 0.2500000000
96759  -55.518  11.310  49.971 0.2500000000
97686  -56.940  11.590  49.619 0.2500000000
96787  -57.347  11.319  48.498 0.2500000000
96788  -58.016  11.225  48.130 0.2500000000
96810  -59.020  10.477  46.640 0.2500000000
96811  -59.564  10.952  46.196 0.2500000000
96814  -59.754  10.622  45.397 0.2500000000
97730  -59.332  11.844  43.851 0.2500000000
96439  -11.486  10.838  79.561 1.0000000000
96450  -11.723  10.862  78.764 1.0000000000
97394  -13.117  11.429  76.792 0.7500000000
97361  -11.023  11.099  80.163 1.0000000000
97371  -11.042  11.455  79.115 1.0000000000
97381  -11.616  11.543  77.520 1.0000000000
145822  -13.251  12.739  76.505 0.7500000000
97347  -10.561  11.423  80.876 1.0000000000
97360  -10.524  11.809  80.016 1.0000000000
99241  -13.636  13.650  76.860 0.7500000000
97335  -11.064  10.564  81.946 1.0000000000
98264  -10.170  11.599  82.338 1.0000000000
98275  -10.117  11.791  81.519 1.0000000000
100166  -14.342  14.085  78.494 0.5000000000
152092  -9.630  12.146  82.948 1.0000000000
98247  -9.459  12.468  83.735 1.0000000000
144337  -15.208  15.653  81.525 0.5000000000
99172  -8.554  13.548  83.772 1.0000000000
101952  -15.336  16.695  82.822 0.5000000000
102746  -15.441  17.346  82.946 0.5000000000
100100  -8.062  14.096  85.206 1.0000000000
104094  -16.614  19.104  84.636 0.5000000000
104103  -15.669  18.878  83.885 0.5000000000
102734  -15.317  17.715  84.251 0.5000000000
97541  -24.783  11.629  64.188 0.2500000000
101056  -6.871  14.857  86.136 1.0000000000
163732  -17.076  20.543  83.759 0.5000000000
97543  -26.731  12.168  64.710 0.2500000000
100089  -5.107  14.857  86.784 1.0000000000
161993  -18.616  21.033  83.518 0.5000000000
105547  -18.768  21.882  83.168 0.3750000000
97542  -25.495  11.602  64.343 0.2500000000
99159  -3.542  13.747  85.758 1.0000000000
106275  -20.570  22.380  82.276 0.3750000000
100104  -3.386  14.459  84.203 1.0000000000
107000  -21.122  23.014  80.737 0.2500000000
96621  -25.345  10.363  65.236 0.2500000000
97528  -25.824  11.099  64.943 0.2500000000
101079  -3.557  14.621  82.945 1.0000000000
152311  -19.678  22.300  79.863 0.2500000000
105575  -18.434  21.210  79.223 0.3750000000
154680  -24.737  9.583  65.562 0.2500000000
96612  -25.756  9.805  65.852 0.2500000000
100128  -3.429  13.883  81.693 1.0000000000
100116  -3.445  13.856  82.664 1.0000000000
168391  -17.598  19.859  77.222 0.2500000000
94592  -24.422  8.807  66.189 0.2500000000
98283  -3.408  12.585  80.601 1.0000000000
97343  -3.691  11.864  80.085 1.0000000000
97355  -3.335  11.784  79.218 0.8750000000
149376  -24.318  8.485  67.738 0.2500000000
97356  -4.133  11.350  79.418 1.0000000000
96445  -3.766  11.285  78.672 0.8750000000
96462  -3.923  10.534  77.373 0.8750000000
104180  -17.322  19.293  75.578 0.2500000000
101201  -16.505  15.184  69.580 0.1250000000
94569  -22.906  8.143  69.093 0.2500000000
95404  -4.447  9.987  76.825 0.8750000000
94462  -4.524  8.752  75.496 0.8750000000
102823  -16.524  17.535  73.757 0.2500000000
101180  -16.544  15.778  71.545 0.2500000000
94555  -23.225  8.090  70.028 0.2500000000
93513  -23.576  7.693  70.700 0.2500000000
92451  -25.143  7.132  71.675 0.2500000000
140051  -31.689  8.652  80.150 0.3750000000
164219  -3.985  8.684  75.337 0.8750000000
94475  -4.089  8.035  74.408 0.8750000000
93469  -4.830  7.880  73.126 0.8750000000
92466  -23.800  7.160  71.019 0.2500000000
92483  -26.466  6.243  69.989 0.3750000000
96444  -31.925  10.037  79.085 0.3750000000
94496  -4.101  8.407  72.747 0.7500000000
94498  -5.559  7.948  72.398 0.7500000000
92482  -25.334  6.337  70.212 0.3750000000
166242  -31.760  9.199  78.978 0.3750000000
96473  -31.729  10.111  77.526 0.3750000000
141468  -31.689  10.828  77.353 0.3750000000
94514  -5.052  8.509  71.832 0.7500000000
95416  -31.533  9.449  77.144 0.3750000000
141467  -31.496  10.912  76.480 0.3750000000
95490  -5.686  9.139  71.186 0.7500000000
96498  -31.414  10.144  75.883 0.3750000000
96559  -5.845  9.990  70.450 0.3750000000
95509  -6.955  9.434  70.665 0.5000000000
151410  -31.378  10.134  74.895 0.3750000000
99312  -3.678  13.783  68.997 0.6250000000
153094  -4.758  11.069  69.534 0.5000000000
96574  -5.865  10.703  69.766 0.3750000000
96560  -6.908  10.341  70.016 0.3750000000
139931  -31.438  10.786  74.161 0.3750000000
98392  -3.318  12.777  68.830 0.2500000000
97496  -3.834  12.184  68.817 0.2500000000
97484  -4.796  11.663  68.943 0.2500000000
97485  -5.713  11.304  69.250 0.3750000000
101207  -3.908  15.875  68.033 0.6250000000
101213  -3.790  15.724  67.329 0.5000000000
96538  -31.359  10.852  72.215 0.1250000000
97448  -31.643  11.888  72.140 0.1250000000
101220  -4.435  15.755  66.750 0.3750000000
101221  -5.650  15.662  66.638 0.1250000000
102086  -7.464  16.237  66.169 0.1250000000
97463  -31.385  11.156  71.284 0.1250000000
166274  -32.138  12.409  70.421 0.1250000000
98499  -48.501  12.520  59.747 0.3750000000
98489  -50.230  12.986  61.204 0.5000000000
99397  -50.453  13.704  60.957 0.6250000000
97587  -48.128  11.787  60.006 0.3750000000
166422  -53.033  13.780  62.304 0.6250000000
99400  -53.587  14.249  61.632 0.8750000000
99401  -54.573  13.739  60.886 0.8750000000
100331  -54.062  14.552  60.806 0.8750000000
140677  -55.152  13.602  59.884 0.7500000000
98523  -53.683  13.008  57.047 0.5000000000
98537  -53.150  12.276  56.428 0.3750000000
97624  -53.262  12.399  55.439 0.2500000000
97634  -54.338  12.043  54.204 0.2500000000
152760  -54.614  11.644  53.427 0.2500000000
140709  -55.462  11.325  51.768 0.2500000000
97644  -54.884  11.381  52.455 0.2500000000
97665  -56.127  11.471  50.588 0.2500000000
97655  -56.263  11.521  51.375 0.2500000000
97685  -56.536  11.576  50.069 0.2500000000
97697  -57.264  11.581  49.230 0.2500000000
97698  -58.416  11.626  48.415 0.2500000000
152383  -59.508  11.817  46.700 0.2500000000
148238  -59.625  12.426  46.061 0.2500000000
97721  -59.702  11.736  45.939 0.2500000000
98652  -59.291  12.868  45.613 0.2500000000
97723  -59.673  11.766  44.838 0.2500000000
156994  -59.026  13.161  43.724 0.2500000000
165494  -59.339  12.893  42.514 0.3750000000
100186  -10.951  14.692  76.312 0.6250000000
100187  -11.745  14.633  76.326 0.6250000000
102018  -10.877  16.176  76.646 0.6250000000
102805  -10.451  17.041  77.147 0.5000000000
155824  -10.321  12.347  79.070 1.0000000000
151502  -10.900  11.955  77.971 1.0000000000
97380  -11.298  12.068  77.229 0.8750000000
98326  -11.466  12.514  76.755 0.8750000000
99253  -12.322  13.844  76.369 0.7500000000
101147  -12.082  15.305  76.534 0.5000000000
102008  -11.157  16.822  77.059 0.5000000000
165322  -10.954  17.351  77.358 0.5000000000
164830  -10.044  12.371  80.018 1.0000000000
99229  -10.273  12.786  77.923 1.0000000000
98315  -10.785  12.564  77.164 0.8750000000
99254  -13.121  13.381  76.500 0.7500000000
100175  -13.432  14.293  77.148 0.6250000000
142131  -13.596  14.776  78.072 0.5000000000
101135  -12.362  15.922  77.214 0.5000000000
102009  -11.886  16.737  77.468 0.5000000000
98285  -10.079  12.079  80.737 1.0000000000
99197  -9.038  13.100  81.161 1.0000000000
99207  -9.167  13.361  80.240 1.0000000000
99219  -9.334  13.577  79.357 1.0000000000
99228  -9.769  13.540  77.818 0.8750000000
100165  -9.343  14.358  77.947 0.8750000000
100176  -13.960  13.897  77.644 0.6250000000
100154  -14.092  14.961  79.120 0.5000000000
145275  -13.469  15.620  78.933 0.5000000000
101995  -12.657  16.535  78.138 0.5000000000
102797  -12.393  17.330  78.250 0.5000000000
99185  -9.080  12.792  82.202 1.0000000000
99206  -8.527  13.877  80.794 1.0000000000
100140  -8.349  14.390  80.227 1.0000000000
100152  -8.531  14.659  79.572 1.0000000000
101115  -8.257  15.437  79.350 0.8750000000
101095  -14.809  16.231  81.860 0.5000000000
101107  -14.382  16.077  81.334 0.5000000000
101974  -13.640  16.531  80.481 0.5000000000
101986  -13.414  16.393  79.530 0.5000000000
102770  -13.375  17.382  79.520 0.5000000000
99173  -9.034  12.894  83.267 1.0000000000
99184  -8.438  13.527  82.817 1.0000000000
99196  -8.403  13.610  81.808 1.0000000000
155487  -8.052  14.504  80.750 1.0000000000
101105  -7.937  15.072  80.217 1.0000000000
101114  -7.769  15.975  79.923 0.8750000000
102751  -14.393  16.735  81.667 0.5000000000
101964  -13.888  16.758  81.137 0.5000000000
102759  -13.583  17.181  80.432 0.5000000000
100107  -8.067  14.160  84.327 1.0000000000
100111  -7.668  14.913  83.373 1.0000000000
100130  -7.700  14.909  81.845 1.0000000000
101104  -7.674  15.826  80.824 1.0000000000
101972  -7.624  16.651  80.542 0.8750000000
104104  -16.237  19.620  83.835 0.5000000000
103431  -15.836  18.566  83.134 0.5000000000
103437  -16.249  18.681  81.900 0.5000000000
149734  -15.890  18.440  80.785 0.5000000000
102750  -14.190  17.283  81.151 0.5000000000
100106  -7.525  14.781  84.889 1.0000000000
160555  -7.708  14.682  84.040 1.0000000000
101081  -7.527  15.743  83.581 1.0000000000
145633  -7.532  17.845  83.019 1.0000000000
101963  -7.607  16.525  81.446 1.0000000000
105546  -16.874  21.437  83.449 0.3750000000
104815  -16.491  20.577  83.522 0.5000000000
104825  -16.319  20.984  82.602 0.3750000000
142720  -16.418  19.905  81.871 0.5000000000
98441  -27.714  12.863  65.740 0.2500000000
101067  -6.488  15.534  85.999 1.0000000000
168322  -7.080  15.099  85.554 1.0000000000
165289  -7.477  16.915  84.937 1.0000000000
102744  -7.573  17.101  83.652 1.0000000000
165620  -16.327  21.871  83.110 0.5000000000
160681  -27.221  12.069  65.340 0.2500000000
101073  -4.276  15.701  84.972 1.0000000000
101065  -4.869  15.741  85.859 1.0000000000
101937  -6.454  15.891  85.849 1.0000000000
166143  -20.882  23.044  81.804 0.3750000000
145371  -19.032  23.456  82.503 0.3750000000
98425  -27.632  12.137  65.979 0.2500000000
97529  -26.665  11.414  65.235 0.2500000000
101086  -4.684  15.832  82.862 1.0000000000
101080  -3.934  15.274  83.355 1.0000000000
100105  -3.319  14.336  85.034 1.0000000000
97530  -27.228  11.572  65.752 0.2500000000
101092  -5.035  15.676  81.840 1.0000000000
164541  -27.115  10.761  66.762 0.2500000000
96605  -27.256  10.698  67.638 0.2500000000
101085  -4.117  15.066  82.245 1.0000000000
104146  -17.853  20.150  78.597 0.2500000000
104889  -17.698  20.500  76.999 0.2500000000
95556  -25.709  9.044  67.375 0.2500000000
95557  -26.450  9.554  67.679 0.2500000000
100129  -3.748  14.496  81.462 1.0000000000
94571  -25.008  8.785  68.299 0.2500000000
95542  -25.950  9.283  68.402 0.2500000000
163516  -3.973  14.495  80.649 1.0000000000
99216  -3.309  13.321  80.149 1.0000000000
98294  -3.087  12.504  79.697 1.0000000000
98304  -2.841  12.474  78.322 0.8750000000
104172  -17.546  19.795  76.372 0.2500000000
94570  -23.952  8.382  68.939 0.2500000000
148083  -25.378  9.078  69.390 0.3750000000
94557  -24.716  8.700  70.380 0.2500000000
95528  -25.612  9.189  70.473 0.2500000000
140379  -3.011  11.942  76.944 0.8750000000
96478  -3.269  10.728  76.915 0.8750000000
94556  -23.909  8.344  70.257 0.2500000000
95513  -25.521  8.917  71.532 0.2500000000
95422  -3.473  9.919  76.112 0.8750000000
96493  -3.500  9.809  75.644 0.8750000000
93497  -24.181  7.688  71.368 0.2500000000
96505  -3.870  9.829  74.590 0.7500000000
94484  -3.611  8.502  74.316 0.8750000000
92450  -24.429  7.322  71.476 0.2500000000
95444  -3.514  9.125  74.346 0.7500000000
144403  -3.725  9.229  72.742 0.7500000000
96533  -3.758  10.002  72.343 0.7500000000
95469  -3.635  8.941  72.280 0.7500000000
95489  -4.259  9.140  71.430 0.7500000000
96544  -3.086  10.385  71.200 0.7500000000
95506  -3.201  9.944  71.252 0.7500000000
100250  -5.229  14.881  69.363 0.7500000000
100238  -5.137  14.143  69.740 0.7500000000
97470  -2.855  11.660  70.391 0.6250000000
96558  -4.701  10.441  70.172 0.6250000000
95508  -4.500  9.722  70.785 0.5000000000
100249  -4.298  14.523  69.012 0.6250000000
99298  -3.451  13.061  69.411 0.6250000000
98375  -3.077  12.288  70.002 0.5000000000
97483  -3.709  11.586  69.407 0.3750000000
156881  -4.905  15.982  68.813 0.6250000000
99311  -3.332  13.069  68.902 0.5000000000
97495  -3.137  12.088  69.563 0.3750000000
102866  -6.022  17.376  66.470 0.2500000000
102867  -7.108  17.091  66.159 0.2500000000
102081  -3.956  16.418  67.045 0.6250000000
102083  -4.264  16.436  66.803 0.5000000000
102085  -6.420  16.380  66.446 0.1250000000
102878  -7.614  17.642  65.822 0.2500000000
99407  -50.262  13.959  60.130 0.5000000000
99408  -51.178  14.477  60.802 0.6250000000
100328  -51.936  15.188  61.250 0.6250000000
100329  -52.488  15.322  61.335 0.6250000000
100324  -52.703  14.535  61.892 0.7500000000
100330  -53.286  15.118  61.288 0.8750000000
100338  -53.953  15.291  60.174 0.7500000000
99410  -54.747  14.262  59.996 0.7500000000
99418  -55.004  13.721  58.392 0.6250000000
98511  -53.807  12.897  57.967 0.6250000000
98551  -53.891  13.166  55.518 0.3750000000
98562  -54.838  12.889  54.551 0.2500000000
160137  -55.224  12.326  53.897 0.3750000000
98561  -54.005  12.635  54.873 0.3750000000
97638  -55.580  11.903  53.136 0.3750000000
97656  -57.045  11.888  51.328 0.2500000000
97666  -57.308  11.725  50.276 0.2500000000
97687  -57.598  11.732  49.843 0.2500000000
97699  -58.858  12.131  48.594 0.3750000000
98646  -59.651  12.679  46.713 0.2500000000
99563  -59.453  13.318  46.247 0.2500000000
159929  -59.125  12.590  45.068 0.2500000000
144812  -59.102  13.965  44.406 0.3750000000
154319  -59.825  14.080  42.673 0.3750000000
100575  -59.987  14.735  42.928 0.3750000000
152941  -59.903  13.875  41.899 0.2500000000
100586  -60.303  14.817  42.051 0.3750000000
99645  -60.141  13.356  41.013 0.2500000000
100597  -60.417  14.781  41.023 0.3750000000
100651  -60.881  15.268  37.446 0.2500000000
143080  -61.508  15.306  36.390 0.2500000000
100185  -10.174  14.710  76.635 0.7500000000
101145  -10.547  15.441  76.511 0.7500000000
102016  -9.878  16.764  77.158 0.7500000000
98325  -11.014  13.198  76.601 0.8750000000
99251  -10.563  13.958  76.550 0.8750000000
155562  -9.561  16.198  77.261 0.7500000000
99239  -9.827  14.052  77.067 0.8750000000
100173  -9.591  14.762  77.135 0.8750000000
102794  -9.037  17.699  77.792 0.7500000000
102795  -9.789  17.479  77.391 0.7500000000
101124  -9.232  15.413  77.755 0.8750000000
154070  -8.425  16.440  78.538 0.7500000000
102006  -8.620  17.010  78.169 0.7500000000
104154  -9.181  19.104  77.795 0.6250000000
103478  -10.450  18.666  77.655 0.5000000000
165181  -11.528  18.146  77.989 0.5000000000
101123  -8.616  15.788  78.569 0.7500000000
102782  -8.126  17.788  78.425 0.7500000000
103464  -8.040  18.621  78.452 0.7500000000
104138  -8.446  19.367  78.271 0.6250000000
140906  -12.200  18.487  78.112 0.5000000000
103452  -13.321  17.866  79.030 0.5000000000
101983  -7.732  16.790  79.671 0.8750000000
103451  -7.651  18.695  79.880 0.7500000000
104137  -7.680  19.083  78.961 0.7500000000
103469  -15.450  18.947  79.094 0.3750000000
103468  -14.663  18.561  78.836 0.5000000000
103453  -13.573  17.601  79.828 0.5000000000
102769  -7.617  17.398  80.273 0.7500000000
144941  -7.577  18.933  80.641 0.7500000000
104128  -16.020  18.892  79.953 0.5000000000
168114  -15.536  18.415  80.206 0.5000000000
103435  -7.503  18.541  82.391 0.8750000000
104113  -7.413  19.886  81.926 0.7500000000
142347  -16.447  20.214  81.142 0.3750000000
100277  -28.151  14.276  66.634 0.2500000000
103424  -8.020  17.962  85.462 1.0000000000
103430  -7.653  18.445  83.819 1.0000000000
106280  -16.093  22.219  81.628 0.3750000000
98426  -27.848  12.791  66.567 0.2500000000
99346  -27.932  13.549  66.201 0.2500000000
101943  -4.859  15.926  85.082 1.0000000000
102733  -7.043  16.523  87.288 1.0000000000
102740  -7.548  17.106  86.044 1.0000000000
106985  -16.808  23.549  82.751 0.3750000000
98414  -27.858  12.657  67.538 0.2500000000
101955  -5.393  16.385  82.505 1.0000000000
143647  -5.015  16.350  83.505 1.0000000000
101950  -5.390  16.465  85.327 1.0000000000
107655  -19.776  23.993  82.021 0.3750000000
97519  -27.669  12.059  66.861 0.2500000000
164191  -27.788  12.173  68.094 0.2500000000
106296  -20.549  22.629  80.183 0.2500000000
151028  -27.440  11.402  67.225 0.2500000000
97512  -27.592  11.449  68.118 0.2500000000
101961  -5.671  16.135  81.548 1.0000000000
105588  -18.780  21.865  79.389 0.3750000000
95543  -26.595  9.683  68.460 0.2500000000
101091  -4.485  15.063  81.205 1.0000000000
100139  -4.790  14.957  80.312 1.0000000000
99217  -3.614  13.710  79.562 1.0000000000
99236  -3.120  13.083  78.289 0.8750000000
95529  -26.311  9.567  69.368 0.2500000000
99237  -3.705  13.131  77.587 0.8750000000
98323  -3.712  12.153  76.545 0.8750000000
98335  -4.344  12.011  75.950 0.8750000000
97403  -3.343  10.563  76.238 0.8750000000
97404  -3.847  11.033  75.692 0.8750000000
96506  -4.571  10.465  73.994 0.7500000000
95487  -3.469  9.640  71.817 0.7500000000
165660  -6.248  14.185  70.360 0.6250000000
99301  -6.743  13.864  70.956 0.6250000000
98369  -5.740  12.612  71.208 0.7500000000
97457  -4.839  11.376  71.882 0.7500000000
97443  -3.747  10.767  71.624 0.7500000000
100239  -6.148  14.850  69.955 0.7500000000
99300  -5.650  13.406  70.548 0.7500000000
98368  -4.717  11.949  71.270 0.7500000000
146070  -3.827  11.400  71.298 0.7500000000
98376  -4.372  12.607  70.512 0.7500000000
98367  -3.365  11.815  70.682 0.6250000000
102077  -4.000  16.501  67.597 0.6250000000
102084  -5.203  16.452  66.600 0.3750000000
100347  -51.789  15.261  58.655 0.5000000000
100336  -52.086  15.384  59.943 0.7500000000
99417  -50.129  14.042  58.957 0.5000000000
100335  -51.017  14.649  59.476 0.5000000000
100337  -52.598  15.852  60.599 0.7500000000
101302  -53.038  16.832  59.374 0.7500000000
101303  -53.821  16.686  58.753 0.6250000000
101284  -52.966  16.021  60.735 0.8750000000
101291  -54.212  15.810  59.323 0.7500000000
100348  -54.797  15.796  58.599 0.6250000000
100370  -55.341  15.643  57.746 0.6250000000
97683  -50.542  11.719  48.847 0.1250000000
99419  -54.986  14.772  59.182 0.7500000000
100361  -55.131  14.637  58.214 0.6250000000
99432  -54.354  13.754  57.557 0.6250000000
100369  -54.200  13.849  56.771 0.6250000000
99445  -55.160  14.628  56.719 0.6250000000
98538  -53.671  13.151  56.163 0.5000000000
98552  -54.507  13.540  55.235 0.6250000000
98577  -56.522  12.265  52.876 0.3750000000
97646  -56.781  12.053  51.990 0.2500000000
98587  -58.233  12.702  51.476 0.3750000000
97667  -58.288  12.264  50.794 0.3750000000
97688  -58.270  11.907  50.026 0.3750000000
99557  -59.649  13.373  47.189 0.2500000000
150276  -59.145  14.096  46.051 0.5000000000
100561  -58.974  14.229  44.985 0.3750000000
101514  -59.723  15.588  43.984 0.3750000000
100574  -59.636  14.660  43.776 0.3750000000
101515  -60.129  15.738  43.160 0.3750000000
101522  -60.370  15.991  42.224 0.3750000000
148198  -60.569  16.272  41.271 0.3750000000
167879  -60.291  14.008  40.554 0.3750000000
100611  -60.453  14.942  39.971 0.3750000000
99666  -60.434  13.712  39.326 0.2500000000
100628  -60.525  15.367  39.084 0.3750000000
159479  -60.962  16.701  38.244 0.3750000000
102393  -61.219  17.243  37.334 0.3750000000
101584  -61.501  15.820  36.737 0.2500000000
102412  -61.529  16.280  36.330 0.3750000000
102417  -61.381  16.323  35.386 0.2500000000
104155  -9.891  19.305  77.665 0.6250000000
104141  -11.493  19.189  77.842 0.5000000000
104142  -12.373  18.782  77.982 0.5000000000
104139  -9.312  19.855  77.990 0.6250000000
104143  -13.322  18.718  78.026 0.5000000000
104169  -13.101  19.399  76.638 0.5000000000
104126  -7.663  19.480  79.814 0.7500000000
168081  -7.743  20.046  79.449 0.7500000000
104866  -15.851  20.343  78.363 0.3750000000
104144  -15.085  19.096  78.296 0.3750000000
104157  -13.806  19.157  77.188 0.3750000000
104835  -7.476  20.409  81.093 0.7500000000
104836  -16.380  20.004  80.168 0.3750000000
148717  -7.495  20.275  82.983 0.8750000000
106288  -16.037  22.722  80.595 0.3750000000
106294  -16.078  22.542  79.355 0.3750000000
146833  -8.260  19.443  85.940 0.8750000000
148718  -7.906  19.916  84.385 0.8750000000
164250  -15.987  24.045  81.741 0.3750000000
106999  -15.712  23.926  80.811 0.3750000000
102732  -6.096  16.444  87.389 1.0000000000
102725  -6.940  16.508  88.390 1.0000000000
104092  -8.200  18.448  87.129 1.0000000000
108386  -17.862  24.698  82.016 0.3750000000
107651  -15.741  24.899  81.360 0.3750000000
158470  -28.300  13.961  68.078 0.2500000000
146612  -5.340  16.740  83.731 1.0000000000
103429  -5.745  17.718  84.635 1.0000000000
103423  -5.568  17.294  86.294 1.0000000000
107662  -19.513  24.721  81.699 0.2500000000
107661  -18.596  25.015  81.771 0.2500000000
166845  -28.082  13.265  67.974 0.2500000000
141219  -28.409  13.910  68.948 0.2500000000
101962  -6.041  16.802  81.745 1.0000000000
101956  -5.772  16.950  82.778 1.0000000000
107674  -20.799  23.992  80.497 0.2500000000
150858  -20.168  25.147  81.212 0.2500000000
97504  -27.903  11.993  68.737 0.2500000000
106295  -19.837  23.062  79.750 0.3750000000
157434  -6.083  16.349  80.904 0.8750000000
101112  -5.535  15.433  79.866 1.0000000000
105587  -18.173  22.025  78.674 0.3750000000
101103  -5.467  15.626  80.836 1.0000000000
99226  -4.400  14.035  79.031 1.0000000000
99238  -4.810  13.599  77.578 0.8750000000
139479  -4.325  13.125  77.032 0.8750000000
168351  -4.866  12.594  75.962 0.7500000000
98324  -5.270  13.048  76.059 0.6250000000
98336  -5.278  12.514  75.437 0.7500000000
98343  -5.536  12.067  74.646 0.7500000000
98337  -6.038  12.848  74.812 0.6250000000
97417  -5.116  11.274  74.359 0.7500000000
99275  -6.645  12.702  73.393 0.6250000000
97444  -5.609  11.578  72.542 0.7500000000
101193  -7.313  15.698  71.153 0.6250000000
100240  -6.988  14.762  70.793 0.6250000000
98359  -6.707  12.806  71.891 0.6250000000
98351  -6.387  12.315  72.578 0.6250000000
102061  -6.320  16.423  70.151 0.6250000000
101192  -6.685  15.613  70.354 0.6250000000
102071  -5.481  16.463  69.395 0.6250000000
102070  -4.681  16.590  68.560 0.6250000000
102848  -4.509  17.250  68.203 0.6250000000
102864  -4.186  17.297  66.959 0.5000000000
102865  -4.779  17.228  66.670 0.3750000000
103577  -6.153  18.317  66.294 0.3750000000
102877  -6.940  18.006  66.104 0.3750000000
102852  -4.132  17.160  67.268 0.5000000000
103576  -5.233  18.086  66.484 0.3750000000
100360  -51.539  15.206  57.529 0.3750000000
101300  -52.647  16.064  58.960 0.7500000000
101301  -53.057  16.901  59.076 0.7500000000
102158  -53.345  17.092  58.364 0.7500000000
100346  -50.889  14.596  58.226 0.5000000000
101288  -52.810  16.417  59.825 0.7500000000
101314  -54.706  16.905  58.060 0.6250000000
98593  -51.526  12.328  50.272 0.2500000000
99457  -55.146  14.316  55.711 0.6250000000
99470  -55.291  13.925  54.930 0.6250000000
98563  -55.723  13.345  54.297 0.6250000000
98570  -56.167  12.742  53.636 0.5000000000
99481  -57.391  14.052  53.882 0.6250000000
98571  -57.088  13.074  53.462 0.5000000000
98578  -57.335  12.719  52.560 0.3750000000
98586  -57.525  12.410  51.726 0.3750000000
98629  -59.248  12.757  48.875 0.3750000000
148159  -59.498  14.064  47.688 0.5000000000
101462  -58.908  15.181  46.776 0.5000000000
100521  -59.000  14.890  46.103 0.5000000000
101493  -58.992  15.516  45.445 0.5000000000
154998  -59.119  16.257  44.785 0.3750000000
101505  -59.554  16.497  44.072 0.3750000000
102352  -60.025  16.838  43.315 0.3750000000
102359  -60.357  17.201  42.347 0.3750000000
103058  -60.414  18.226  41.787 0.3750000000
102366  -60.668  17.568  41.512 0.3750000000
102365  -60.563  18.226  41.253 0.3750000000
142332  -60.528  16.650  40.340 0.3750000000
101530  -60.266  17.962  40.609 0.3750000000
101538  -60.443  16.921  39.553 0.3750000000
101548  -60.510  17.113  38.903 0.3750000000
167723  -61.076  17.145  38.319 0.3750000000
102382  -60.398  18.118  38.210 0.3750000000
103091  -60.310  17.379  36.433 0.3750000000
168407  -60.182  18.228  37.763 0.3750000000
104862  -9.655  20.653  78.269 0.6250000000
104863  -10.346  20.647  77.947 0.5000000000
104865  -11.786  19.331  77.690 0.5000000000
104876  -12.201  19.549  77.050 0.5000000000
104861  -8.710  20.404  78.588 0.7500000000
168166  -9.260  21.137  78.668 0.6250000000
104887  -12.505  19.781  76.103 0.3750000000
104846  -8.020  20.573  79.203 0.7500000000
139280  -8.910  22.241  79.236 0.7500000000
104158  -14.752  19.494  77.493 0.3750000000
104170  -13.761  19.564  76.416 0.3750000000
105571  -7.574  20.989  80.522 0.7500000000
105572  -7.845  21.249  79.738 0.7500000000
104159  -15.369  19.714  78.045 0.3750000000
104877  -14.838  20.159  76.993 0.3750000000
104824  -7.792  20.689  83.879 0.8750000000
165780  -7.399  20.577  82.008 0.7500000000
155858  -16.217  21.068  78.945 0.3750000000
106310  -15.548  22.091  77.429 0.3750000000
161122  -7.827  20.945  85.098 0.8750000000
141466  -15.914  23.287  79.886 0.3750000000
104091  -5.698  18.050  87.609 1.0000000000
141953  -8.129  19.346  86.710 0.8750000000
104804  -7.925  20.145  85.900 0.8750000000
108393  -15.376  25.545  80.947 0.2500000000
107660  -15.649  24.784  81.190 0.3750000000
102743  -5.672  17.253  83.914 1.0000000000
108394  -15.822  25.579  81.332 0.2500000000
108395  -16.802  25.683  81.615 0.2500000000
99319  -28.369  13.151  69.301 0.2500000000
103434  -6.153  18.237  82.966 0.8750000000
143219  -17.885  26.068  81.415 0.2500000000
108397  -19.328  25.452  81.385 0.2500000000
107673  -20.546  24.164  79.999 0.2500000000
161461  -6.289  17.463  81.440 0.8750000000
101971  -6.333  17.075  80.844 0.8750000000
101970  -6.057  16.063  80.158 1.0000000000
101113  -6.102  15.910  79.417 0.8750000000
107012  -19.119  23.484  79.112 0.3750000000
100163  -6.089  14.934  78.349 0.8750000000
100172  -6.347  14.638  77.541 0.6250000000
100182  -5.767  13.930  77.146 0.7500000000
100183  -6.530  14.350  76.684 0.6250000000
100195  -6.712  14.068  75.748 0.6250000000
99261  -6.667  13.561  74.961 0.6250000000
100208  -7.637  14.455  73.646 0.6250000000
99276  -7.241  13.468  73.547 0.6250000000
100218  -7.699  14.691  72.700 0.6250000000
99281  -7.535  13.846  72.834 0.6250000000
102062  -6.982  16.249  70.759 0.6250000000
100229  -7.564  14.981  71.794 0.6250000000
102844  -5.763  16.928  69.852 0.6250000000
102842  -4.762  17.950  68.779 0.6250000000
103547  -4.500  18.694  68.425 0.6250000000
104250  -4.425  18.693  66.429 0.3750000000
103587  -5.571  18.891  66.165 0.3750000000
103588  -6.674  18.989  65.830 0.3750000000
104258  -6.608  19.751  65.154 0.3750000000
147569  -3.966  18.321  66.854 0.3750000000
104257  -4.835  19.393  65.921 0.3750000000
104265  -5.479  20.043  65.051 0.3750000000
101321  -52.116  15.840  57.015 0.5000000000
101312  -52.389  15.946  57.938 0.7500000000
101322  -52.865  16.650  57.427 0.5000000000
102183  -53.459  17.056  56.999 0.7500000000
102173  -54.015  17.502  57.263 0.6250000000
102172  -53.482  17.227  57.749 0.7500000000
102163  -53.789  17.358  57.749 0.7500000000
101323  -55.140  17.048  57.208 0.6250000000
101324  -55.534  17.229  56.194 0.6250000000
99479  -52.037  14.161  53.272 0.3750000000
100412  -52.677  14.887  53.694 0.3750000000
100371  -55.681  15.898  56.770 0.6250000000
155258  -56.340  16.051  56.124 0.6250000000
154517  -51.609  13.074  52.056 0.2500000000
98584  -51.620  12.656  51.253 0.2500000000
100383  -56.077  14.923  56.265 0.6250000000
101338  -56.329  16.998  55.700 0.6250000000
100384  -56.635  16.204  55.352 0.6250000000
100402  -56.774  15.305  54.747 0.6250000000
101353  -56.729  16.404  54.458 0.6250000000
99471  -56.185  14.253  54.806 0.6250000000
99472  -56.861  14.533  54.580 0.6250000000
100415  -57.262  14.775  54.264 0.6250000000
100416  -57.822  14.912  53.692 0.6250000000
99482  -57.976  14.211  53.311 0.6250000000
99488  -57.772  13.447  53.078 0.5000000000
99489  -58.388  14.085  52.545 0.6250000000
99490  -58.778  14.422  51.900 0.5000000000
98579  -58.086  13.128  52.228 0.5000000000
99497  -58.708  13.593  51.850 0.5000000000
99498  -59.107  14.205  51.303 0.6250000000
98588  -58.849  13.083  51.172 0.5000000000
100471  -59.019  14.700  49.810 0.6250000000
100485  -59.002  14.711  48.853 0.5000000000
99506  -59.454  13.777  49.938 0.5000000000
100486  -59.383  14.247  48.556 0.5000000000
100508  -59.121  14.848  47.786 0.5000000000
101461  -58.490  15.414  47.356 0.6250000000
150619  -56.954  17.742  45.356 0.3750000000
101475  -58.385  15.814  46.461 0.6250000000
103026  -57.704  17.739  44.999 0.3750000000
101476  -58.777  15.695  45.971 0.3750000000
139406  -58.370  17.606  43.571 0.3750000000
102333  -58.777  16.814  44.864 0.3750000000
103042  -59.195  18.105  42.858 0.3750000000
103052  -59.919  18.185  42.263 0.3750000000
101520  -58.224  17.077  42.451 0.3750000000
101528  -58.566  16.584  41.606 0.3750000000
101529  -59.505  17.740  40.805 0.3750000000
101537  -59.701  17.520  40.067 0.3750000000
101546  -59.733  17.370  39.399 0.3750000000
101558  -60.089  17.707  38.770 0.3750000000
101557  -59.648  17.107  38.899 0.3750000000
157370  -59.929  18.039  38.151 0.3750000000
105584  -9.916  21.340  78.453 0.6250000000
104875  -11.319  20.016  77.479 0.5000000000
105573  -9.455  21.818  78.864 0.6250000000
105596  -10.522  21.476  77.561 0.6250000000
105621  -11.040  20.822  75.851 0.6250000000
104898  -11.911  20.229  75.523 0.3750000000
106279  -7.811  23.299  82.406 0.7500000000
106991  -8.189  24.226  81.440 0.7500000000
166916  -8.587  21.370  79.139 0.7500000000
104901  -14.210  20.662  75.625 0.3750000000
106979  -8.116  23.919  83.534 0.7500000000
105564  -7.561  21.917  80.530 0.7500000000
141412  -15.127  22.889  76.894 0.3750000000
105609  -14.955  21.965  76.736 0.3750000000
106254  -6.732  22.506  85.733 0.8750000000
106976  -7.306  22.749  85.173 0.7500000000
106262  -7.842  21.915  84.568 0.8750000000
141454  -15.769  23.016  77.777 0.3750000000
104811  -5.746  20.590  85.642 0.8750000000
104800  -6.002  20.076  86.513 0.8750000000
105539  -6.974  21.653  86.340 0.8750000000
105540  -7.612  21.218  86.108 0.8750000000
105542  -7.768  20.964  85.596 0.8750000000
140336  -15.108  25.367  79.230 0.2500000000
107672  -15.407  24.674  80.047 0.3750000000
104109  -6.149  19.173  82.768 0.8750000000
152738  -5.889  18.655  84.425 0.8750000000
104812  -5.730  19.675  85.159 1.0000000000
147308  -5.843  19.000  87.248 0.8750000000
104802  -7.825  20.153  86.333 0.8750000000
107665  -15.453  24.914  80.838 0.3750000000
150378  -5.582  18.291  86.547 1.0000000000
109102  -16.087  26.428  81.197 0.2500000000
109110  -18.236  26.917  80.931 0.2500000000
108406  -20.520  25.022  80.491 0.2500000000
108413  -20.532  25.364  80.002 0.2500000000
102757  -6.389  17.809  80.784 0.8750000000
103450  -6.460  18.224  80.104 0.8750000000
101982  -6.298  16.643  79.632 0.8750000000
107005  -19.952  23.947  79.630 0.2500000000
102780  -6.386  17.235  79.109 0.8750000000
101131  -6.657  15.544  77.857 0.6250000000
101132  -7.195  15.845  77.204 0.6250000000
101142  -7.022  15.076  77.069 0.6250000000
100184  -7.194  14.817  76.234 0.6250000000
163103  -7.473  15.359  75.762 0.6250000000
100196  -7.324  14.721  75.426 0.6250000000
100201  -7.460  14.670  74.611 0.6250000000
154991  -7.718  16.092  72.801 0.6250000000
101165  -7.689  15.394  74.118 0.6250000000
102053  -7.327  16.505  71.424 0.6250000000
159612  -7.708  15.423  72.513 0.6250000000
101174  -7.749  15.368  73.247 0.6250000000
162295  -5.020  17.920  69.531 0.6250000000
103533  -4.612  18.685  69.421 0.6250000000
162564  -4.432  19.364  68.944 0.6250000000
104237  -4.159  19.448  68.217 0.5000000000
164116  -3.564  20.229  67.625 0.5000000000
103564  -3.949  18.665  67.414 0.6250000000
104976  -3.297  20.395  67.120 0.5000000000
105707  -3.209  20.852  66.773 0.5000000000
105720  -2.718  20.919  65.910 0.5000000000
146028  -3.976  17.812  67.097 0.5000000000
145166  -3.783  18.988  66.632 0.3750000000
146831  -2.845  20.611  65.572 0.3750000000
105002  -2.471  20.973  64.279 0.3750000000
166228  -5.091  19.735  65.508 0.3750000000
101336  -53.197  16.629  56.163 0.5000000000
102184  -54.180  17.376  56.392 0.7500000000
143903  -52.647  16.300  56.618 0.5000000000
101337  -53.701  16.803  55.634 0.6250000000
102174  -54.724  17.540  56.761 0.6250000000
147063  -51.706  14.834  55.221 0.3750000000
100382  -52.325  15.663  55.820 0.5000000000
100399  -52.768  15.488  54.501 0.5000000000
101351  -53.673  16.388  54.733 0.6250000000
159064  -52.330  15.301  55.068 0.3750000000
100400  -53.268  15.618  54.012 0.5000000000
101352  -54.789  17.011  54.550 0.7500000000
102186  -55.924  17.699  55.403 0.6250000000
101363  -55.241  16.662  53.757 0.7500000000
101339  -56.442  17.271  54.968 0.6250000000
100423  -54.578  15.068  52.279 0.6250000000
101375  -56.620  16.339  52.624 0.6250000000
101364  -56.737  16.848  53.426 0.6250000000
100403  -57.286  15.629  54.012 0.6250000000
101384  -56.545  15.643  51.886 0.6250000000
101377  -57.892  16.021  53.101 0.6250000000
100433  -56.978  15.201  51.378 0.6250000000
159477  -58.126  15.709  52.455 0.6250000000
100434  -57.957  15.327  51.499 0.6250000000
100435  -58.603  14.972  51.535 0.6250000000
100469  -57.397  14.623  49.300 0.6250000000
100448  -58.386  14.907  50.829 0.6250000000
100470  -58.508  14.736  49.990 0.6250000000
100449  -58.959  14.706  50.710 0.6250000000
160544  -58.114  15.170  48.399 0.6250000000
100484  -58.455  14.835  49.050 0.6250000000
102303  -57.235  16.392  46.699 0.5000000000
101434  -58.577  15.142  48.207 0.6250000000
103021  -56.508  17.514  46.069 0.5000000000
102319  -57.735  16.481  46.216 0.5000000000
101474  -57.884  15.925  47.007 0.6250000000
103022  -57.513  17.372  45.573 0.5000000000
107027  -10.112  23.125  76.793 0.6250000000
106336  -10.318  22.376  76.274 0.6250000000
108391  -9.742  26.826  81.969 0.7500000000
164710  -8.825  25.080  81.931 0.7500000000
107003  -9.390  23.841  79.075 0.7500000000
106300  -10.034  22.731  78.400 0.6250000000
106322  -10.368  22.324  77.214 0.6250000000
157069  -10.572  21.689  75.753 0.6250000000
146087  -11.474  20.722  75.026 0.3750000000
108379  -8.357  26.258  83.016 0.7500000000
108383  -9.146  26.080  82.479 0.7500000000
106287  -8.105  23.312  80.069 0.7500000000
106292  -8.857  23.084  79.476 0.7500000000
106293  -9.571  22.740  78.920 0.7500000000
104908  -13.012  20.539  74.693 0.3750000000
104907  -12.205  20.486  74.746 0.3750000000
107646  -6.054  25.530  83.685 0.7500000000
107647  -7.388  25.223  83.579 0.7500000000
106286  -7.643  23.030  80.939 0.7500000000
165631  -7.777  22.612  80.220 0.7500000000
106323  -14.772  22.348  75.959 0.3750000000
105638  -14.038  21.696  74.572 0.3750000000
106974  -5.558  23.848  84.590 0.8750000000
106259  -7.820  22.851  84.415 0.7500000000
165189  -4.861  21.931  83.850 0.7500000000
164502  -5.510  20.995  83.998 0.8750000000
106256  -5.195  22.480  85.060 0.8750000000
108404  -14.856  26.447  80.230 0.2500000000
104823  -5.920  19.911  83.352 0.8750000000
109101  -15.330  26.289  80.816 0.2500000000
155788  -6.282  19.042  81.663 0.8750000000
109103  -17.112  26.664  81.224 0.2500000000
102748  -6.325  18.106  81.624 0.8750000000
109111  -19.418  26.771  80.697 0.2500000000
107679  -19.316  24.426  78.909 0.3750000000
158331  -6.406  18.918  80.179 0.8750000000
151641  -6.535  17.978  79.321 0.8750000000
102792  -6.614  17.108  78.273 0.7500000000
102004  -6.929  16.476  77.645 0.6250000000
148567  -7.621  16.259  75.615 0.6250000000
161039  -7.446  17.490  74.041 0.6250000000
148722  -7.684  16.273  74.556 0.6250000000
102038  -7.633  16.829  73.155 0.6250000000
102832  -6.999  17.295  71.691 0.6250000000
102052  -6.805  16.876  70.876 0.6250000000
102836  -5.662  17.792  70.743 0.6250000000
103524  -4.922  18.297  70.291 0.6250000000
104228  -4.257  19.643  69.783 0.6250000000
149291  -5.459  17.521  70.001 0.6250000000
154019  -4.585  21.240  67.903 0.5000000000
105701  -4.113  20.659  68.277 0.6250000000
105714  -4.178  21.422  67.031 0.5000000000
106397  -4.194  21.885  66.272 0.5000000000
105713  -3.150  21.411  66.240 0.5000000000
104982  -3.212  20.362  66.500 0.5000000000
106406  -2.524  21.370  65.359 0.2500000000
106407  -3.356  22.092  65.548 0.3750000000
104255  -3.409  20.002  66.172 0.3750000000
160469  -2.320  20.991  65.046 0.2500000000
106420  -2.544  22.095  64.695 0.2500000000
104256  -3.938  19.427  66.258 0.3750000000
104988  -4.092  20.014  65.524 0.3750000000
104993  -3.100  20.566  64.827 0.3750000000
105736  -2.167  21.807  63.424 0.3750000000
105760  -5.245  21.967  61.783 0.1250000000
152134  -9.886  23.964  77.080 0.7500000000
106346  -10.340  22.535  75.287 0.5000000000
150193  -10.568  22.813  73.484 0.3750000000
108381  -4.366  26.852  83.302 0.7500000000
108382  -4.748  27.639  82.846 0.7500000000
109795  -5.688  28.011  82.269 0.7500000000
109100  -8.930  27.520  81.841 0.7500000000
151736  -8.980  26.104  81.222 0.7500000000
107670  -8.442  25.257  80.248 0.7500000000
107002  -8.811  24.167  79.709 0.7500000000
107016  -10.133  23.191  77.713 0.7500000000
140803  -10.590  22.411  74.214 0.5000000000
106355  -10.926  22.147  73.381 0.3750000000
107644  -3.900  26.468  83.420 0.7500000000
108377  -5.597  26.525  83.387 0.7500000000
108378  -6.977  26.367  83.324 0.7500000000
107658  -8.827  25.457  81.370 0.7500000000
106998  -8.376  24.405  80.502 0.7500000000
105654  -11.507  21.650  73.277 0.3750000000
106982  -3.946  24.101  82.846 0.7500000000
107645  -4.113  25.545  83.395 0.7500000000
107642  -5.175  24.853  83.904 0.7500000000
106365  -12.220  22.168  72.139 0.3750000000
106260  -4.253  23.424  83.419 0.7500000000
106978  -4.580  23.405  84.192 0.7500000000
163067  -5.084  23.305  84.660 0.7500000000
106261  -4.650  22.623  84.189 0.7500000000
154366  -5.120  21.744  84.870 0.7500000000
107071  -5.164  23.258  72.384 0.5000000000
105552  -5.039  21.626  82.809 0.7500000000
104828  -5.498  20.775  82.444 0.7500000000
104906  -3.250  20.458  74.782 0.5000000000
105651  -3.915  20.995  73.831 0.5000000000
104829  -5.893  19.928  81.885 0.8750000000
144963  -3.514  20.010  74.011 0.6250000000
105652  -4.898  21.771  73.309 0.5000000000
104116  -6.224  19.478  80.660 0.8750000000
104917  -4.530  21.013  73.107 0.5000000000
104125  -6.320  19.562  79.740 0.7500000000
154020  -6.604  18.630  78.542 0.6250000000
153544  -6.776  17.997  77.935 0.6250000000
102793  -7.119  17.407  77.381 0.6250000000
102005  -7.446  16.666  76.688 0.6250000000
140876  -5.633  21.735  71.750 0.5000000000
103484  -6.643  18.954  77.023 0.6250000000
102804  -7.454  17.767  76.465 0.6250000000
105679  -4.888  20.996  71.750 0.5000000000
102816  -7.458  17.696  74.545 0.6250000000
157358  -7.625  17.212  75.839 0.6250000000
102822  -7.378  17.418  73.521 0.6250000000
102828  -6.229  17.872  72.339 0.6250000000
102829  -7.204  17.397  72.667 0.6250000000
166977  -6.417  17.647  71.640 0.6250000000
103518  -5.004  18.325  71.283 0.6250000000
139679  -4.374  18.973  70.229 0.6250000000
105702  -4.958  21.218  68.639 0.5000000000
146931  -5.522  22.150  66.623 0.5000000000
106398  -6.488  22.689  66.644 0.5000000000
106409  -6.376  22.748  65.833 0.5000000000
106408  -4.954  22.406  65.697 0.5000000000
106422  -4.233  22.694  64.830 0.5000000000
106431  -2.034  22.563  63.512 0.3750000000
106421  -2.972  22.738  64.293 0.2500000000
158731  -1.104  22.861  62.235 0.2500000000
105735  -2.010  22.177  63.280 0.3750000000
106453  -1.130  23.152  62.153 0.1250000000
105748  -2.274  22.149  62.544 0.3750000000
106455  -2.919  22.914  61.400 0.1250000000
106466  -3.776  23.296  60.769 0.1250000000
106456  -4.487  22.597  61.216 0.1250000000
142185  -6.023  27.473  81.578 0.7500000000
140622  -6.246  26.413  81.169 0.7500000000
108408  -7.744  25.913  80.083 0.7500000000
107699  -9.431  24.383  76.511 0.6250000000
107026  -9.819  23.704  76.447 0.5000000000
107049  -10.163  23.341  74.647 0.3750000000
109098  -6.504  28.139  81.825 0.7500000000
108402  -8.166  26.663  81.077 0.7500000000
108417  -8.578  25.585  78.425 0.7500000000
108410  -9.068  25.223  78.447 0.7500000000
107048  -9.593  24.062  75.015 0.5000000000
107649  -3.756  25.439  83.190 0.7500000000
106373  -11.773  22.683  71.629 0.3750000000
106364  -11.485  22.304  72.245 0.3750000000
166419  -3.640  22.686  74.461 0.5000000000
105618  -2.648  21.238  75.922 0.6250000000
105653  -4.514  22.638  73.663 0.5000000000
107070  -4.454  23.579  73.100 0.5000000000
107083  -4.679  24.067  72.192 0.5000000000
104896  -2.651  20.510  76.240 0.6250000000
105632  -3.534  21.572  74.641 0.6250000000
106270  -4.564  22.470  83.112 0.7500000000
104884  -2.647  20.432  76.841 0.6250000000
164976  -2.815  20.608  75.602 0.6250000000
105633  -4.223  21.935  74.007 0.5000000000
104885  -2.937  19.897  76.457 0.6250000000
104897  -3.093  19.838  75.625 0.6250000000
148537  -5.325  20.651  81.362 0.7500000000
106372  -5.651  22.575  71.971 0.5000000000
139873  -3.534  19.153  75.308 0.6250000000
104182  -3.486  19.314  74.636 0.6250000000
105670  -5.071  21.396  72.536 0.5000000000
157173  -5.800  20.144  80.907 0.7500000000
104834  -5.938  20.154  80.053 0.7500000000
104916  -3.748  20.091  73.135 0.5000000000
104934  -4.373  20.623  72.446 0.5000000000
105680  -6.102  22.359  71.172 0.5000000000
104136  -6.428  19.522  78.885 0.6250000000
145940  -6.383  19.436  77.921 0.6250000000
104187  -3.463  19.196  73.657 0.6250000000
104192  -3.574  19.201  72.928 0.6250000000
107099  -6.291  23.037  70.517 0.5000000000
103485  -7.121  18.553  76.283 0.6250000000
152871  -5.902  21.791  70.926 0.5000000000
151156  -6.344  19.049  76.220 0.6250000000
161226  -6.964  18.655  75.574 0.6250000000
104933  -3.860  19.640  72.326 0.5000000000
105687  -5.637  21.554  70.232 0.5000000000
106382  -6.425  22.633  69.647 0.5000000000
103499  -7.126  17.865  73.995 0.6250000000
103506  -5.542  18.162  73.486 0.6250000000
103511  -4.098  18.351  72.875 0.6250000000
147458  -4.096  19.946  71.017 0.5000000000
105696  -6.073  21.899  69.536 0.5000000000
165719  -5.951  18.058  72.976 0.6250000000
149559  -5.019  18.276  72.329 0.6250000000
103517  -4.364  18.663  71.957 0.5000000000
146420  -6.535  22.600  68.191 0.5000000000
104959  -4.215  20.182  70.377 0.6250000000
105695  -5.307  21.328  69.419 0.5000000000
105703  -5.813  21.683  68.767 0.5000000000
149972  -6.356  22.416  67.386 0.5000000000
104213  -4.163  19.468  70.650 0.6250000000
157420  -4.339  20.324  69.696 0.5000000000
106392  -6.133  21.974  68.118 0.5000000000
107154  -5.223  23.181  64.197 0.5000000000
106423  -5.755  22.871  64.973 0.5000000000
107181  -3.317  24.165  62.891 0.1250000000
106432  -2.672  23.428  63.453 0.2500000000
107153  -3.936  23.136  64.075 0.3750000000
107167  -5.998  23.640  63.561 0.3750000000
107155  -6.420  23.309  64.352 0.3750000000
107180  -1.689  23.869  62.452 0.2500000000
107166  -1.384  23.241  62.751 0.2500000000
107900  -2.448  24.605  62.075 0.1250000000
107194  -1.755  23.909  61.683 0.1250000000
106443  -1.994  22.675  61.888 0.1250000000
108387  -4.324  25.565  82.367 0.6250000000
107657  -5.315  25.370  81.337 0.6250000000
108400  -6.227  25.625  80.566 0.6250000000
108415  -7.186  25.480  78.326 0.5000000000
139582  -7.506  25.881  78.992 0.6250000000
166850  -4.639  24.852  81.629 0.6250000000
108388  -5.083  26.646  81.927 0.7500000000
108422  -8.392  25.477  77.732 0.6250000000
107698  -8.752  24.788  76.436 0.5000000000
107716  -9.113  24.362  75.747 0.5000000000
107734  -9.121  24.414  74.404 0.5000000000
107059  -9.840  24.003  74.035 0.3750000000
107060  -10.265  23.605  73.191 0.3750000000
107656  -4.293  24.397  82.058 0.7500000000
107073  -11.038  22.900  71.809 0.5000000000
106363  -10.822  22.705  72.691 0.3750000000
105605  -2.563  21.404  76.493 0.6250000000
106335  -3.059  22.194  75.361 0.6250000000
107069  -3.347  24.168  73.572 0.5000000000
107088  -12.132  23.182  71.030 0.5000000000
107058  -3.844  23.366  73.834 0.5000000000
106269  -4.209  23.086  82.475 0.7500000000
158446  -2.559  20.767  76.561 0.6250000000
107775  -4.116  24.916  71.919 0.5000000000
104873  -3.012  20.107  77.196 0.6250000000
104857  -3.434  20.534  78.179 0.7500000000
107776  -4.978  24.335  71.388 0.5000000000
105557  -4.929  21.364  81.806 0.7500000000
107788  -5.282  24.517  70.591 0.5000000000
108482  -5.134  25.413  69.425 0.5000000000
107085  -6.000  23.039  71.298 0.5000000000
107804  -5.580  24.666  69.788 0.5000000000
104177  -4.065  18.863  75.507 0.6250000000
107112  -6.030  23.912  70.175 0.5000000000
107805  -6.266  24.035  69.359 0.5000000000
104844  -6.140  20.138  79.215 0.6250000000
165379  -3.765  18.639  74.753 0.6250000000
107113  -6.388  23.359  69.722 0.5000000000
158816  -6.191  20.000  78.509 0.7500000000
104153  -6.069  19.537  77.124 0.6250000000
165968  -3.926  18.197  74.189 0.6250000000
107819  -6.493  24.148  68.501 0.5000000000
103491  -6.055  18.730  75.221 0.6250000000
146354  -4.501  18.133  73.932 0.6250000000
148235  -6.595  23.203  68.887 0.5000000000
103498  -5.696  18.364  74.315 0.6250000000
144716  -4.575  18.192  73.244 0.6250000000
103505  -3.922  18.136  73.619 0.6250000000
107125  -6.740  23.346  67.826 0.5000000000
107126  -7.053  23.752  67.058 0.5000000000
107132  -7.004  23.251  66.425 0.5000000000
107142  -7.195  23.483  65.613 0.5000000000
107156  -7.260  23.701  64.609 0.5000000000
152457  -6.958  23.622  63.843 0.3750000000
107182  -5.097  24.039  62.976 0.3750000000
107901  -4.137  24.658  62.366 0.1250000000
107902  -5.926  24.412  62.565 0.3750000000
107919  -3.399  25.114  61.646 0.1250000000
107934  -3.111  24.996  60.676 0.1250000000
107918  -2.772  24.631  61.386 0.1250000000
107935  -3.133  24.657  60.203 0.1250000000
107207  -3.273  24.021  60.483 0.1250000000
107664  -4.731  24.480  81.017 0.6250000000
107668  -4.672  24.748  79.936 0.6250000000
143404  -4.845  24.750  79.136 0.5000000000
107683  -5.446  24.373  77.655 0.5000000000
139308  -6.411  24.845  78.001 0.5000000000
162271  -8.620  24.541  73.973 0.5000000000
159878  -9.530  24.398  72.113 0.5000000000
107790  -9.560  24.571  70.489 0.5000000000
107001  -2.644  23.501  78.927 0.6250000000
167116  -3.199  23.900  78.007 0.6250000000
107685  -7.214  24.529  76.556 0.5000000000
141631  -7.934  24.669  76.048 0.5000000000
107714  -7.728  24.545  75.215 0.5000000000
107715  -8.468  24.565  75.531 0.5000000000
107765  -9.194  24.495  72.797 0.5000000000
107766  -10.118  24.136  71.815 0.5000000000
107791  -10.306  24.258  70.087 0.5000000000
107792  -11.086  23.977  69.798 0.5000000000
160869  -3.730  24.280  80.247 0.6250000000
107013  -2.727  22.804  77.527 0.6250000000
107024  -2.887  23.574  77.042 0.6250000000
107036  -2.766  23.514  76.194 0.5000000000
107101  -11.639  23.590  70.417 0.5000000000
107807  -10.494  24.446  69.205 0.5000000000
147762  -3.878  23.815  81.111 0.6250000000
106308  -2.628  21.810  77.291 0.6250000000
106321  -2.705  22.569  76.711 0.6250000000
159385  -2.877  23.092  75.643 0.6250000000
107746  -2.416  24.614  74.147 0.5000000000
107761  -2.847  24.982  73.321 0.5000000000
107793  -12.754  23.989  69.748 0.3750000000
105583  -2.702  21.243  77.987 0.6250000000
107774  -3.197  25.388  72.512 0.5000000000
104872  -2.756  20.658  77.623 0.6250000000
107762  -3.710  24.561  72.734 0.5000000000
108463  -3.577  25.661  71.660 0.5000000000
106277  -3.923  22.643  81.679 0.7500000000
105569  -2.681  21.206  79.607 0.7500000000
104842  -3.265  20.760  79.336 0.7500000000
107787  -4.471  25.136  71.102 0.5000000000
108471  -3.973  25.866  70.818 0.5000000000
106278  -4.539  22.163  82.170 0.7500000000
107803  -4.795  25.259  70.251 0.5000000000
108481  -4.351  26.008  69.950 0.5000000000
105563  -4.601  21.051  80.990 0.7500000000
104832  -4.285  20.795  80.039 0.7500000000
108495  -4.718  26.147  69.060 0.5000000000
104833  -5.278  20.588  80.456 0.7500000000
104151  -3.909  20.021  77.492 0.6250000000
104843  -5.402  20.481  79.555 0.7500000000
104167  -4.430  19.271  76.308 0.6250000000
107818  -5.874  24.823  68.978 0.5000000000
104859  -5.627  20.324  78.685 0.7500000000
104168  -5.196  19.024  75.748 0.6250000000
108497  -6.183  25.005  68.179 0.5000000000
158855  -5.507  19.410  76.522 0.6250000000
140331  -4.646  18.533  74.766 0.6250000000
108515  -6.499  25.201  67.439 0.5000000000
108528  -6.807  25.374  66.829 0.5000000000
107840  -7.046  24.607  66.928 0.5000000000
107841  -7.376  24.051  66.306 0.5000000000
107857  -7.505  24.328  65.398 0.5000000000
107168  -6.834  24.034  63.245 0.3750000000
109951  -7.124  27.725  60.469 0.3750000000
109252  -6.048  26.204  61.150 0.2500000000
108591  -6.795  25.695  61.665 0.2500000000
107921  -6.361  25.078  62.064 0.2500000000
167958  -6.093  23.957  63.045 0.3750000000
110569  -6.975  28.388  60.126 0.3750000000
109265  -6.330  26.741  60.847 0.2500000000
109251  -4.778  26.134  60.992 0.2500000000
107920  -4.974  25.074  61.900 0.1250000000
110568  -6.007  28.260  60.187 0.2500000000
110567  -4.794  28.173  60.258 0.1250000000
109264  -3.972  26.630  60.562 0.1250000000
109263  -3.389  26.608  59.986 0.1250000000
150919  -3.928  24.476  79.303 0.6250000000
107676  -4.494  24.391  78.322 0.6250000000
107682  -4.622  24.210  77.475 0.5000000000
107712  -5.380  24.024  75.821 0.5000000000
107713  -6.292  24.219  75.336 0.5000000000
147896  -7.578  24.739  72.930 0.5000000000
107764  -8.352  24.675  72.573 0.5000000000
107667  -3.011  23.993  79.609 0.6250000000
107675  -3.331  24.122  78.605 0.6250000000
107710  -2.857  24.779  76.282 0.5000000000
107697  -6.244  24.013  76.156 0.5000000000
168080  -7.004  24.348  74.998 0.5000000000
107732  -7.427  24.529  74.449 0.5000000000
108439  -2.160  25.241  74.858 0.5000000000
107808  -11.346  24.274  69.051 0.3750000000
106283  -2.435  23.118  79.814 0.6250000000
107745  -2.244  25.226  73.741 0.5000000000
108454  -2.481  25.655  73.044 0.5000000000
107810  -13.119  24.567  69.318 0.3750000000
107809  -12.249  24.388  68.990 0.3750000000
106996  -3.012  23.543  80.449 0.6250000000
105568  -2.527  21.572  78.994 0.6250000000
108462  -2.863  26.057  72.287 0.5000000000
106990  -4.135  23.459  81.836 0.7500000000
106291  -2.363  22.027  79.811 0.6250000000
109145  -2.654  26.607  72.072 0.5000000000
109152  -3.073  26.987  71.149 0.5000000000
106285  -3.214  22.164  81.081 0.7500000000
105561  -2.737  21.589  80.384 0.7500000000
105562  -3.594  21.308  80.754 0.7500000000
109153  -3.594  26.563  70.544 0.5000000000
109164  -3.972  26.718  69.632 0.5000000000
105556  -4.106  21.779  81.448 0.7500000000
104858  -4.503  20.532  78.990 0.7500000000
140652  -4.835  20.308  78.056 0.7500000000
109174  -4.348  26.859  68.694 0.5000000000
104152  -5.000  19.829  77.164 0.7500000000
109190  -4.678  27.056  67.817 0.5000000000
109175  -5.049  26.316  68.185 0.5000000000
108514  -5.818  25.796  67.820 0.5000000000
109192  -6.214  25.982  67.096 0.5000000000
109205  -7.223  25.867  65.788 0.5000000000
108541  -7.480  25.279  65.221 0.5000000000
107875  -7.535  24.603  64.335 0.3750000000
107888  -7.376  24.586  63.426 0.3750000000
110571  -9.322  28.716  60.797 0.3750000000
110570  -8.496  28.431  60.452 0.3750000000
109942  -8.507  27.478  61.501 0.3750000000
108568  -7.577  25.372  62.909 0.3750000000
157200  -7.723  28.219  60.323 0.3750000000
109952  -8.158  27.801  60.782 0.3750000000
109941  -7.741  27.169  61.059 0.2500000000
109244  -7.634  26.019  62.121 0.3750000000
108580  -7.184  25.337  62.287 0.2500000000
107903  -7.035  24.702  62.690 0.2500000000
110581  -7.615  28.808  59.864 0.3750000000
110580  -6.246  28.891  59.840 0.2500000000
110566  -3.954  28.057  60.224 0.1250000000
111308  -3.687  28.868  59.761 0.1250000000
109961  -3.622  27.542  59.768 0.1250000000
107729  -4.381  24.565  75.764 0.5000000000
107730  -5.544  24.499  75.023 0.5000000000
107747  -5.770  24.994  74.203 0.5000000000
107777  -7.767  24.849  72.015 0.5000000000
107789  -8.808  24.812  70.906 0.5000000000
108474  -8.993  25.109  70.099 0.5000000000
108434  -2.716  25.270  76.003 0.5000000000
108455  -5.570  26.015  73.144 0.5000000000
162849  -6.428  24.893  73.770 0.5000000000
108457  -6.955  25.101  72.245 0.5000000000
108473  -8.311  25.426  70.519 0.5000000000
108484  -9.238  25.511  69.357 0.3750000000
107806  -9.701  24.770  69.591 0.5000000000
148182  -2.085  25.763  74.539 0.5000000000
108499  -10.624  25.469  68.244 0.3750000000
109132  -2.151  25.920  73.624 0.5000000000
109137  -2.351  26.248  72.843 0.5000000000
107822  -12.115  24.943  68.411 0.3750000000
139547  -2.281  27.208  72.310 0.5000000000
109151  -2.742  27.198  71.473 0.5000000000
109844  -3.003  27.485  70.757 0.5000000000
109855  -3.258  27.591  69.982 0.5000000000
159228  -2.867  28.271  70.138 0.5000000000
109856  -3.682  27.445  69.289 0.5000000000
153895  -4.110  27.470  68.357 0.5000000000
109191  -5.444  26.564  67.409 0.5000000000
109203  -5.938  26.845  66.625 0.5000000000
109217  -6.759  26.740  65.845 0.5000000000
109218  -7.368  26.209  65.159 0.3750000000
108556  -7.581  25.614  64.388 0.3750000000
111294  -9.827  29.534  60.558 0.2500000000
111283  -9.918  28.974  61.364 0.3750000000
144309  -7.738  25.969  63.617 0.3750000000
111293  -8.895  29.146  59.928 0.3750000000
110559  -9.471  28.429  61.475 0.3750000000
109936  -9.211  27.899  61.881 0.3750000000
109245  -8.131  26.642  62.378 0.3750000000
109237  -7.946  26.252  62.877 0.3750000000
109254  -8.046  26.797  61.756 0.3750000000
111312  -7.963  29.476  59.370 0.3750000000
111311  -6.719  29.449  59.482 0.1250000000
149374  -4.937  28.879  60.037 0.1250000000
111309  -4.052  29.327  59.801 0.2500000000
111310  -5.193  29.607  59.637 0.1250000000
110592  -3.754  28.665  59.248 0.1250000000
109969  -4.570  27.292  58.458 0.1250000000
111358  -4.335  29.586  57.866 0.1250000000
108447  -4.344  25.901  74.637 0.5000000000
108442  -4.819  25.159  74.817 0.5000000000
109826  -3.295  27.485  74.957 0.5000000000
109133  -4.811  26.296  73.797 0.5000000000
151036  -2.397  26.992  75.369 0.5000000000
143538  -2.387  26.451  75.293 0.5000000000
109140  -6.004  26.488  72.322 0.5000000000
108464  -6.581  25.787  71.810 0.5000000000
108465  -7.272  25.388  71.501 0.5000000000
108483  -8.582  25.812  69.850 0.5000000000
108498  -9.998  25.183  68.734 0.3750000000
109816  -1.305  27.787  75.520 0.5000000000
109127  -2.096  26.505  75.072 0.5000000000
109177  -10.841  26.299  67.897 0.3750000000
110440  -1.857  27.993  74.040 0.5000000000
110454  -2.312  27.952  71.740 0.5000000000
111174  -2.305  28.781  72.200 0.5000000000
109836  -2.561  27.406  71.553 0.5000000000
113325  -3.396  32.956  74.699 0.5000000000
140991  -3.517  33.133  73.554 0.5000000000
144632  -3.419  32.172  73.574 0.5000000000
112625  -3.192  31.428  72.833 0.5000000000
111938  -2.515  29.646  71.605 0.5000000000
109843  -2.796  27.686  70.896 0.5000000000
111939  -2.919  30.255  71.032 0.5000000000
111187  -2.966  29.764  70.315 0.5000000000
110471  -3.298  28.052  69.471 0.5000000000
141335  -3.403  34.048  74.015 0.5000000000
114060  -3.571  33.725  72.938 0.5000000000
142126  -3.605  32.088  72.559 0.5000000000
148896  -3.517  31.605  71.961 0.5000000000
111952  -3.634  30.607  70.504 0.5000000000
111961  -3.634  30.142  69.764 0.5000000000
111214  -3.771  29.184  68.364 0.5000000000
110485  -3.586  28.508  68.678 0.5000000000
113335  -3.671  32.819  72.720 0.5000000000
113342  -3.928  32.489  71.861 0.5000000000
112644  -3.562  31.067  71.261 0.5000000000
111953  -4.306  30.934  69.972 0.5000000000
139395  -3.685  29.665  69.051 0.5000000000
110486  -3.916  28.577  67.880 0.5000000000
111962  -4.326  30.493  69.198 0.5000000000
111978  -4.432  30.076  68.295 0.5000000000
111986  -5.070  30.086  67.507 0.5000000000
110502  -4.445  28.592  67.152 0.5000000000
111232  -4.995  29.529  67.022 0.5000000000
111243  -4.754  29.068  66.932 0.5000000000
109886  -5.070  27.344  67.082 0.5000000000
111244  -5.368  29.131  66.558 0.5000000000
110516  -5.512  28.284  66.348 0.5000000000
110517  -6.361  28.227  65.801 0.5000000000
109910  -6.660  27.506  65.626 0.3750000000
109911  -7.180  27.081  65.165 0.3750000000
109229  -7.560  26.563  64.415 0.3750000000
112052  -9.935  30.396  60.177 0.2500000000
111284  -10.305  29.678  61.359 0.3750000000
167652  -10.242  29.257  61.920 0.3750000000
110551  -9.243  28.030  62.662 0.3750000000
109931  -8.584  27.654  63.326 0.3750000000
109930  -7.920  26.956  63.656 0.3750000000
111313  -9.462  29.966  59.699 0.2500000000
110552  -9.806  28.592  62.133 0.3750000000
109935  -8.678  27.267  62.334 0.3750000000
109238  -8.327  26.900  62.903 0.3750000000
166430  -8.831  29.765  59.348 0.2500000000
111337  -7.190  29.944  58.996 0.1250000000
112083  -6.348  30.498  58.797 0.1250000000
112068  -5.014  30.410  59.240 0.1250000000
112082  -3.903  30.938  59.082 0.1250000000
111335  -3.642  29.617  59.303 0.1250000000
112081  -3.394  30.731  58.874 0.1250000000
109827  -4.035  27.361  74.090 0.5000000000
161264  -2.564  28.258  75.811 0.5000000000
110448  -5.047  28.132  72.916 0.5000000000
109833  -5.518  27.407  72.553 0.5000000000
109838  -6.217  27.347  71.651 0.5000000000
109155  -7.355  26.523  70.558 0.5000000000
109165  -7.824  26.920  69.961 0.5000000000
109167  -8.865  26.321  69.297 0.3750000000
110430  -2.417  28.885  76.322 0.5000000000
110429  -1.532  28.228  76.051 0.5000000000
109837  -5.849  28.159  72.193 0.5000000000
109845  -6.623  27.664  70.914 0.5000000000
109846  -7.198  27.467  70.376 0.5000000000
109869  -9.931  26.820  68.347 0.3750000000
109870  -10.665  27.256  67.964 0.3750000000
111151  -2.183  29.840  76.693 0.5000000000
111161  -0.400  29.083  75.176 0.5000000000
112597  -1.907  31.371  76.293 0.5000000000
111162  -0.904  29.522  74.830 0.5000000000
111169  -2.010  28.886  73.732 0.5000000000
113320  -3.365  33.194  75.603 0.5000000000
112606  -2.942  32.401  75.759 0.5000000000
112605  -1.521  30.918  75.620 0.5000000000
144462  -1.148  30.241  75.023 0.5000000000
159533  -2.876  31.620  75.010 0.5000000000
112613  -2.207  30.688  74.593 0.5000000000
140304  -2.386  29.764  72.783 0.5000000000
114044  -3.458  34.025  75.098 0.5000000000
163122  -2.971  31.279  73.855 0.5000000000
112624  -2.628  30.627  73.330 0.5000000000
114852  -3.238  35.005  74.076 0.5000000000
114860  -3.436  34.741  73.196 0.5000000000
140008  -3.628  34.317  72.244 0.5000000000
112633  -3.986  31.790  71.389 0.5000000000
112645  -4.283  31.485  70.715 0.5000000000
158345  -3.627  34.662  71.438 0.5000000000
113343  -4.406  32.420  71.086 0.5000000000
159446  -5.213  32.005  69.954 0.5000000000
148345  -5.008  31.333  69.487 0.5000000000
111963  -4.953  30.813  68.789 0.5000000000
114082  -4.135  34.027  70.945 0.5000000000
113364  -5.217  32.777  69.918 0.5000000000
111253  -6.600  29.003  65.838 0.3750000000
162317  -7.016  28.542  65.462 0.3750000000
110537  -7.633  28.382  64.827 0.3750000000
111269  -9.883  29.582  63.473 0.3750000000
111268  -9.273  29.061  63.858 0.3750000000
110538  -8.505  28.527  64.157 0.3750000000
111276  -10.494  29.957  62.118 0.2500000000
111275  -10.159  29.375  62.637 0.3750000000
110544  -9.085  28.377  63.428 0.3750000000
112071  -9.948  31.154  59.927 0.2500000000
112086  -9.288  31.174  58.632 0.2500000000
112070  -9.667  30.756  59.384 0.2500000000
112069  -9.156  30.339  58.999 0.1250000000
112767  -8.240  31.249  58.118 0.1250000000
151310  -6.824  31.085  58.169 0.1250000000
112085  -8.598  30.648  58.593 0.1250000000
112777  -8.445  32.032  57.614 0.1250000000
110441  -4.192  28.032  73.886 0.5000000000
110436  -4.198  28.805  74.388 0.5000000000
110442  -4.862  28.843  73.441 0.5000000000
109859  -9.376  27.568  68.849 0.3750000000
111156  -3.424  29.750  76.172 0.5000000000
111163  -3.448  28.850  75.435 0.5000000000
111175  -5.468  29.685  73.235 0.5000000000
110463  -6.871  28.201  70.634 0.5000000000
110464  -7.576  28.418  70.203 0.5000000000
110472  -8.302  28.201  69.661 0.5000000000
110449  -5.572  28.881  72.696 0.5000000000
111176  -6.077  29.648  72.480 0.5000000000
110455  -7.032  28.964  70.849 0.5000000000
110465  -8.285  28.881  70.030 0.5000000000
111198  -8.924  28.764  69.670 0.3750000000
160572  -11.779  28.028  67.835 0.3750000000
111911  -3.959  31.503  76.429 0.5000000000
112607  -5.665  31.693  75.507 0.5000000000
146623  -6.942  30.694  72.540 0.5000000000
111941  -7.155  30.305  71.877 0.5000000000
112598  -2.622  32.022  76.224 0.5000000000
161666  -3.380  31.709  76.585 0.5000000000
112590  -3.358  32.277  76.417 0.5000000000
113309  -3.812  33.104  76.266 0.5000000000
144283  -5.784  32.475  75.772 0.5000000000
114035  -3.618  33.615  75.900 0.5000000000
114037  -5.224  33.698  75.963 0.5000000000
114038  -6.092  33.489  75.569 0.5000000000
114843  -3.424  35.029  74.936 0.5000000000
114838  -5.369  34.608  75.196 0.5000000000
114839  -5.595  34.020  75.548 0.5000000000
115661  -3.222  35.758  74.227 0.5000000000
115656  -3.614  35.651  74.817 0.5000000000
115672  -3.162  35.720  73.468 0.5000000000
162893  -3.301  35.446  72.380 0.5000000000
144875  -3.334  35.590  71.268 0.5000000000
114880  -3.764  34.845  70.484 0.5000000000
114881  -4.367  34.143  70.260 0.5000000000
111254  -7.429  29.246  65.412 0.3750000000
112760  -9.698  31.532  59.135 0.2500000000
110473  -9.706  28.538  69.119 0.3750000000
110488  -11.018  28.024  67.961 0.3750000000
111165  -4.922  30.125  74.645 0.5000000000
111924  -5.514  30.297  74.014 0.5000000000
146321  -8.825  29.452  70.263 0.3750000000
111200  -10.413  29.324  69.352 0.3750000000
111919  -4.429  30.368  75.450 0.5000000000
111920  -5.413  30.838  74.961 0.5000000000
111929  -6.298  30.565  73.203 0.5000000000
111182  -8.712  29.993  70.913 0.3750000000
111190  -10.336  29.966  70.101 0.3750000000
111191  -11.151  29.949  69.584 0.3750000000
112600  -6.527  32.252  75.067 0.5000000000
111925  -7.231  31.160  73.221 0.5000000000
111931  -8.784  30.958  72.392 0.3750000000
146571  -9.981  30.759  71.582 0.3750000000
112615  -7.776  31.670  73.825 0.5000000000
111943  -9.137  30.524  71.563 0.3750000000
114845  -6.272  33.966  75.116 0.5000000000
114846  -6.984  33.754  74.801 0.5000000000
112616  -8.232  32.161  73.981 0.5000000000
145968  -9.051  31.998  73.539 0.3750000000
112627  -9.377  31.526  72.976 0.3750000000
115657  -4.066  35.986  74.864 0.5000000000
153205  -5.208  35.425  74.707 0.5000000000
115663  -6.088  34.994  74.284 0.5000000000
114853  -7.159  34.070  74.199 0.5000000000
114854  -7.803  33.596  73.943 0.5000000000
116509  -3.315  36.416  74.140 0.5000000000
116505  -3.846  36.941  74.040 0.5000000000
115660  -2.906  36.436  73.586 0.5000000000
115671  -2.738  36.385  72.945 0.5000000000
111216  -11.615  28.755  68.342 0.3750000000
167037  -10.932  30.349  70.360 0.3750000000
111944  -10.755  31.024  71.761 0.3750000000
114051  -8.505  33.135  73.666 0.3750000000
113327  -9.406  32.269  73.364 0.3750000000
112618  -10.690  31.948  73.223 0.3750000000
116506  -4.661  36.406  74.215 0.5000000000
115662  -5.658  35.858  73.906 0.5000000000
114861  -6.877  34.632  73.424 0.5000000000
114862  -7.549  34.100  73.324 0.5000000000
114863  -8.301  33.639  73.121 0.5000000000
114053  -10.146  32.607  72.863 0.3750000000
114073  -11.453  33.397  72.276 0.3750000000
114873  -8.302  34.180  71.625 0.5000000000
114071  -9.659  33.626  71.366 0.3750000000
114084  -10.428  33.613  70.667 0.3750000000
117327  -2.554  36.984  73.563 0.5000000000
114908  -9.050  34.416  68.870 0.3750000000
106362  -5.161  22.583  72.878 0.5000000000
107084  -5.429  23.506  71.693 0.5000000000
78419  -19.794  -6.603  78.813 1.0000000000
75881  -15.518  -8.512  80.550 1.0000000000
163232  -24.754  -1.721  80.965 1.0000000000
80786  -22.634  -4.338  78.550 1.0000000000
75826  -13.402  -8.405  83.454 1.0000000000
79620  -21.058  -4.776  79.114 1.0000000000
78471  -16.571  -6.459  75.468 1.0000000000
77252  -17.084  -7.336  75.850 1.0000000000
159109  -16.132  -10.454  97.571 0.5000000000
73171  -16.235  -10.273  89.299 1.0000000000
74451  -17.528  -9.845  90.484 1.0000000000
74464  -17.522  -9.683  89.531 1.0000000000
160043  -15.830  -10.194  88.074 1.0000000000
73180  -15.012  -10.363  88.127 1.0000000000
73181  -15.674  -10.328  88.742 1.0000000000
165294  -13.809  -9.965  86.496 1.0000000000
141018  -13.632  -9.685  85.993 1.0000000000
74492  -15.572  -10.147  87.366 1.0000000000
150282  -15.310  -9.977  86.495 1.0000000000
73190  -14.677  -10.262  87.173 1.0000000000
74517  -14.120  -9.567  85.210 1.0000000000
80603  -30.832  -5.027  91.952 0.7500000000
74530  -14.870  -9.417  84.627 1.0000000000
81984  -23.845  -3.353  79.258 1.0000000000
75845  -13.167  -7.729  83.155 1.0000000000
78348  -12.823  -6.435  83.517 1.0000000000
78363  -13.314  -6.631  82.488 1.0000000000
167459  -20.370  -6.988  77.246 1.0000000000
81981  -14.226  -3.959  79.062 1.0000000000
145793  -19.500  -7.631  76.855 1.0000000000
140950  -18.743  -7.906  75.638 1.0000000000
80818  -15.491  -4.422  76.447 1.0000000000
71867  -19.233  -11.968  99.219 0.3750000000
73105  -21.281  -11.188  97.802 0.3750000000
73123  -14.942  -10.671  96.750 0.5000000000
73112  -15.777  -10.749  98.239 0.5000000000
74390  -21.203  -10.387  98.414 0.3750000000
70715  -9.676  -12.687  92.794 0.2500000000
70724  -10.029  -12.954  91.999 0.2500000000
74416  -17.982  -9.021  93.177 0.8750000000
74426  -17.094  -8.993  92.898 0.8750000000
75681  -17.846  -8.296  94.237 0.8750000000
74435  -14.884  -9.213  91.346 1.0000000000
160497  -15.705  -8.959  92.386 0.8750000000
156549  -18.296  -9.306  91.996 1.0000000000
157494  -15.472  -9.857  90.776 1.0000000000
74438  -17.928  -9.560  91.305 1.0000000000
74476  -14.350  -10.165  88.708 1.0000000000
73169  -15.002  -10.355  88.946 1.0000000000
74474  -13.033  -9.291  88.268 1.0000000000
74489  -12.867  -9.177  87.477 1.0000000000
81999  -24.223  -3.809  78.707 1.0000000000
79560  -12.949  -5.630  83.328 1.0000000000
79588  -13.406  -5.259  82.017 1.0000000000
80728  -13.410  -4.502  81.635 1.0000000000
84151  -13.797  -1.813  80.685 1.0000000000
78435  -22.158  -6.108  77.153 1.0000000000
81967  -14.006  -3.353  79.690 1.0000000000
83162  -14.653  -3.076  78.037 1.0000000000
77255  -19.560  -7.776  76.162 1.0000000000
70704  -7.569  -12.746  94.280 0.5000000000
145616  -7.850  -11.865  95.717 0.5000000000
75645  -20.967  -9.303  98.868 0.5000000000
74392  -22.956  -9.260  97.606 0.5000000000
75646  -21.506  -8.529  98.618 0.5000000000
70694  -8.845  -12.107  94.682 0.3750000000
70681  -9.284  -11.647  95.614 0.5000000000
71918  -10.619  -11.710  94.034 0.2500000000
145758  -11.948  -11.079  94.263 0.2500000000
71900  -10.883  -11.059  95.694 0.3750000000
71901  -12.486  -10.811  95.930 0.3750000000
71911  -12.745  -10.888  94.595 0.2500000000
70706  -9.268  -12.422  93.696 0.2500000000
70707  -10.117  -12.152  93.385 0.2500000000
79458  -21.678  -5.851  96.294 0.7500000000
78206  -22.290  -5.240  95.050 0.7500000000
70688  -3.465  -11.693  94.524 0.6250000000
69612  -8.488  -13.517  92.436 0.2500000000
76970  -19.198  -6.763  96.203 0.8750000000
76986  -19.895  -7.840  95.674 0.8750000000
70713  -2.375  -12.464  93.059 0.5000000000
69619  -8.859  -13.867  91.679 0.2500000000
77011  -15.944  -7.618  94.038 0.8750000000
75692  -17.426  -8.542  93.590 0.8750000000
75670  -19.449  -8.312  95.064 0.8750000000
71924  -2.603  -11.503  92.865 0.6250000000
68504  -9.254  -14.274  90.935 0.2500000000
75716  -14.309  -8.481  91.831 1.0000000000
163413  -13.236  -9.351  88.955 1.0000000000
75741  -13.122  -8.959  89.784 1.0000000000
74459  -5.011  -9.381  90.247 0.7500000000
73178  -5.397  -10.693  89.058 0.5000000000
75752  -11.737  -8.063  88.442 1.0000000000
75780  -12.355  -8.581  86.437 1.0000000000
78307  -11.498  -6.382  86.458 1.0000000000
78323  -12.030  -6.903  85.033 1.0000000000
77124  -12.082  -7.803  85.200 1.0000000000
78299  -34.086  -5.954  87.383 0.6250000000
79524  -11.573  -5.668  86.118 1.0000000000
152967  -12.428  -4.994  84.484 1.0000000000
79535  -12.187  -5.858  84.929 1.0000000000
80693  -12.850  -4.328  83.281 1.0000000000
83131  -12.982  -3.110  82.422 1.0000000000
82000  -24.831  -3.833  78.824 1.0000000000
84135  -12.833  -1.476  83.011 1.0000000000
165798  -13.646  -1.437  81.207 1.0000000000
84156  -14.430  -1.725  79.320 1.0000000000
79676  -24.802  -5.404  76.669 1.0000000000
84160  -15.262  -1.193  77.866 1.0000000000
85176  -15.008  -0.623  78.549 1.0000000000
77256  -20.842  -7.086  76.480 1.0000000000
77257  -21.210  -7.140  75.938 1.0000000000
152198  -23.234  -6.248  75.200 1.0000000000
77269  -21.597  -7.105  75.223 1.0000000000
80831  -16.239  -4.346  75.358 1.0000000000
77278  -19.513  -7.710  74.420 1.0000000000
77266  -18.768  -7.730  74.746 1.0000000000
77281  -22.024  -7.101  74.432 1.0000000000
151372  -22.605  -6.979  73.938 0.8750000000
80842  -16.530  -4.793  74.648 1.0000000000
80856  -16.778  -5.115  74.013 1.0000000000
140250  -18.943  -7.411  73.837 1.0000000000
158591  -21.448  -7.477  73.931 1.0000000000
141352  -20.752  -7.658  73.848 1.0000000000
142044  -18.209  -6.382  72.831 1.0000000000
159959  -19.948  -7.388  72.707 1.0000000000
164276  -18.124  -9.014  99.674 0.6250000000
73111  -14.668  -10.033  97.324 0.5000000000
75640  -18.957  -8.794  99.423 0.3750000000
146186  -20.597  -8.187  98.884 0.5000000000
76959  -21.307  -7.326  98.362 0.7500000000
71899  -10.108  -11.266  95.933 0.5000000000
146625  -11.568  -10.894  96.460 0.5000000000
78192  -20.669  -6.318  98.070 0.7500000000
162646  -22.465  -5.839  96.553 0.6250000000
78193  -21.629  -6.275  97.714 0.6250000000
139401  -5.745  -10.866  95.701 0.6250000000
79447  -17.681  -4.904  97.479 0.8750000000
79442  -19.150  -5.423  97.771 0.8750000000
79456  -19.014  -5.499  96.995 0.8750000000
79443  -19.902  -5.814  97.645 0.7500000000
79450  -21.018  -6.021  97.218 0.7500000000
74407  -5.537  -10.302  95.556 0.6250000000
78213  -17.372  -6.567  96.186 0.8750000000
78201  -17.046  -5.719  96.599 0.8750000000
78203  -18.667  -5.778  96.603 0.8750000000
73140  -3.397  -9.871  94.005 0.6250000000
75675  -4.403  -9.513  94.593 0.6250000000
77032  -14.732  -7.736  93.342 0.8750000000
77031  -14.012  -7.555  93.085 0.8750000000
76996  -16.373  -7.453  94.685 0.8750000000
76983  -16.857  -7.260  95.517 0.8750000000
74446  -3.447  -8.806  91.373 0.6250000000
75715  -13.633  -8.201  91.528 1.0000000000
74447  -4.202  -9.078  90.745 0.7500000000
75726  -12.607  -8.221  90.432 1.0000000000
75739  -12.066  -8.347  89.052 1.0000000000
81945  -29.183  -3.988  82.943 1.0000000000
74460  -5.450  -8.735  89.624 0.7500000000
83023  -33.260  -2.406  90.112 0.7500000000
79499  -35.338  -5.308  89.179 0.8750000000
81855  -35.716  -3.321  89.153 1.0000000000
80649  -36.180  -3.929  88.351 1.0000000000
145344  -34.513  -5.469  87.016 0.7500000000
79513  -11.276  -5.370  86.720 1.0000000000
81973  -27.045  -3.666  80.793 1.0000000000
81972  -26.266  -3.301  80.427 1.0000000000
80732  -27.815  -4.081  81.104 1.0000000000
80735  -30.129  -5.027  81.703 1.0000000000
80620  -34.254  -4.674  90.624 0.8750000000
81844  -34.292  -3.603  90.228 0.8750000000
81886  -11.987  -3.394  85.271 1.0000000000
81987  -25.998  -3.796  79.740 1.0000000000
80751  -27.492  -4.370  80.388 1.0000000000
80772  -27.945  -4.934  79.928 1.0000000000
80769  -25.808  -4.168  79.151 1.0000000000
80791  -26.938  -4.890  78.915 1.0000000000
79622  -28.377  -5.324  79.483 1.0000000000
145153  -29.890  -5.745  79.767 0.8750000000
151744  -12.119  -1.948  84.552 1.0000000000
85157  -12.747  -0.731  83.444 1.0000000000
80790  -26.101  -4.618  78.559 1.0000000000
84136  -13.276  -1.368  82.322 1.0000000000
85168  -13.589  -1.067  81.648 1.0000000000
147666  -27.027  -5.511  77.752 0.8750000000
78476  -25.910  -6.143  75.529 0.8750000000
82023  -16.442  -3.494  75.129 0.8750000000
141761  -24.544  -6.371  73.866 0.8750000000
77303  -21.912  -7.350  72.742 0.8750000000
79723  -17.808  -5.520  72.670 0.8750000000
77302  -21.076  -7.500  72.433 0.8750000000
78528  -23.099  -6.981  72.284 0.8750000000
71876  -11.994  -10.867  97.604 0.6250000000
75638  -17.278  -8.626  99.688 0.7500000000
71896  -7.879  -11.531  96.226 0.5000000000
76957  -19.275  -6.846  98.793 0.7500000000
78188  -17.310  -5.006  98.425 0.8750000000
78190  -18.577  -6.153  98.677 0.7500000000
74415  -2.690  -9.423  93.339 0.6250000000
78221  -15.180  -7.277  94.838 0.8750000000
76999  -3.276  -7.864  93.404 0.6250000000
161242  -3.708  -8.345  90.694 0.7500000000
84104  -32.892  -1.513  88.091 1.0000000000
77065  -3.681  -7.258  89.695 0.7500000000
144365  -11.303  -7.676  90.146 1.0000000000
162265  -10.769  -6.840  88.162 1.0000000000
77079  -11.245  -7.453  88.160 1.0000000000
85130  -34.054  -1.256  89.161 1.0000000000
154914  -34.822  -3.116  90.081 1.0000000000
84076  -35.026  -1.728  89.395 1.0000000000
83035  -35.579  -2.430  89.097 1.0000000000
83080  -11.311  -2.589  86.504 1.0000000000
152795  -11.087  -3.901  86.887 1.0000000000
78329  -35.471  -5.447  84.574 0.8750000000
150405  -11.803  -1.862  85.355 1.0000000000
86197  -12.464  0.373  84.736 1.0000000000
85154  -12.339  -0.509  84.308 1.0000000000
75835  -33.919  -7.466  83.092 0.7500000000
77145  -35.285  -5.925  83.421 0.8750000000
86200  -12.820  0.129  83.828 1.0000000000
147639  -14.276  1.101  82.372 1.0000000000
78437  -29.048  -6.428  77.192 0.8750000000
79679  -30.851  -6.266  76.778 0.8750000000
78478  -27.716  -6.529  75.880 0.8750000000
85180  -15.862  -0.877  77.182 1.0000000000
141535  -26.199  -6.527  74.174 0.8750000000
141532  -28.827  -6.654  74.434 0.8750000000
141533  -28.101  -6.644  74.027 0.8750000000
141536  -25.342  -6.375  74.066 0.8750000000
140072  -26.240  -6.601  72.818 0.8750000000
165335  -24.142  -6.683  72.008 0.8750000000
78555  -23.604  -6.786  71.711 0.8750000000
79724  -18.343  -5.360  71.938 0.8750000000
78570  -19.722  -6.063  70.195 0.8750000000
167124  -21.514  -6.881  70.359 0.8750000000
73110  -13.892  -10.115  97.309 0.6250000000
75636  -15.498  -8.287  99.790 0.7500000000
76952  -16.488  -7.674  99.574 0.7500000000
150056  -16.997  -6.836  99.251 0.7500000000
78186  -17.746  -6.498  99.015 0.7500000000
73131  -6.967  -10.172  96.231 0.7500000000
80598  -15.986  -4.533  98.083 0.8750000000
166355  -15.590  -4.813  98.543 0.8750000000
78189  -17.918  -5.517  98.539 0.8750000000
74408  -6.236  -9.799  95.660 0.6250000000
162169  -16.372  -5.817  96.731 0.8750000000
75704  -2.297  -8.423  92.359 0.7500000000
77064  -2.987  -6.903  90.140 0.8750000000
77030  -13.250  -7.562  92.665 1.0000000000
81909  -30.787  -3.840  84.687 1.0000000000
152750  -31.270  -3.453  85.486 1.0000000000
83074  -32.697  -2.849  86.774 1.0000000000
78281  -3.755  -6.188  88.632 0.8750000000
81910  -31.825  -3.708  84.635 1.0000000000
81893  -32.351  -3.349  85.252 1.0000000000
83088  -32.991  -3.127  85.920 1.0000000000
140371  -34.664  -1.271  88.081 1.0000000000
83062  -34.350  -1.881  86.840 1.0000000000
84093  -35.976  -1.793  87.842 1.0000000000
78305  -5.034  -6.048  87.507 0.8750000000
77105  -5.864  -6.708  87.565 0.8750000000
79502  -10.395  -5.470  88.371 1.0000000000
150654  -10.781  -3.907  87.432 1.0000000000
145605  -36.235  -3.495  86.763 1.0000000000
80665  -35.491  -3.931  86.004 1.0000000000
78306  -6.193  -6.408  87.003 0.8750000000
80754  -31.910  -5.307  80.727 0.8750000000
79552  -36.480  -5.032  83.905 1.0000000000
79546  -6.234  -4.890  85.379 0.8750000000
80691  -6.738  -4.247  83.819 0.8750000000
83068  -11.472  -1.747  86.420 1.0000000000
86195  -12.350  0.550  85.818 1.0000000000
78353  -35.861  -5.651  83.143 1.0000000000
80708  -7.600  -4.671  82.273 0.7500000000
87184  -12.805  1.136  85.153 1.0000000000
77158  -35.434  -6.124  82.682 0.7500000000
86202  -13.981  1.238  83.037 1.0000000000
75854  -34.304  -7.440  82.421 0.7500000000
75855  -35.567  -7.237  81.550 0.7500000000
87191  -14.969  2.079  81.986 1.0000000000
79781  -5.189  -5.278  68.625 0.1250000000
87197  -15.301  1.548  80.346 1.0000000000
86214  -14.992  0.920  79.784 1.0000000000
86220  -16.072  1.123  78.308 0.8750000000
86240  -16.481  0.372  76.945 0.8750000000
84181  -16.888  -1.780  74.933 0.7500000000
83190  -17.026  -2.470  74.211 0.8750000000
78513  -28.851  -6.606  73.652 0.8750000000
149978  -17.348  -3.125  73.184 0.8750000000
78556  -24.390  -6.584  71.509 0.8750000000
79752  -19.257  -5.250  70.393 0.8750000000
140067  -25.834  -6.594  70.502 0.7500000000
78590  -21.152  -6.496  69.114 0.8750000000
78573  -22.804  -6.673  70.139 0.8750000000
71873  -10.237  -10.698  97.166 0.6250000000
73108  -11.957  -10.745  97.756 0.6250000000
76947  -13.300  -8.068  99.826 0.8750000000
74402  -9.102  -9.468  97.031 0.7500000000
148689  -14.207  -5.863  99.330 0.8750000000
79435  -14.664  -5.169  98.888 0.8750000000
78210  -14.886  -7.251  95.134 0.8750000000
76982  -15.315  -7.345  96.093 0.8750000000
145055  -2.441  -7.781  91.659 0.8750000000
78256  -2.243  -6.554  90.709 0.8750000000
78231  -3.256  -6.669  92.563 0.7500000000
77024  -4.940  -7.313  93.042 0.7500000000
77008  -13.605  -7.398  93.580 0.8750000000
77052  -11.520  -7.584  90.901 1.0000000000
77038  -10.877  -7.390  91.468 0.8750000000
89182  -20.134  4.215  88.152 1.0000000000
77075  -2.980  -6.274  89.844 0.8750000000
78234  -6.591  -6.799  92.642 0.8750000000
89180  -17.765  3.390  88.193 1.0000000000
79511  -3.853  -5.503  87.827 0.8750000000
162884  -7.413  -5.805  93.236 0.8750000000
80643  -10.377  -4.415  88.653 1.0000000000
87170  -13.932  2.231  87.014 1.0000000000
88146  -14.669  2.526  87.383 1.0000000000
88147  -15.406  2.789  87.753 1.0000000000
87163  -13.444  1.313  88.395 1.0000000000
89188  -16.997  3.136  87.797 1.0000000000
88140  -15.380  2.743  88.661 1.0000000000
89191  -19.821  4.109  87.326 1.0000000000
89205  -20.392  4.360  86.776 1.0000000000
81930  -32.353  -3.911  83.913 1.0000000000
81894  -33.286  -3.145  85.079 1.0000000000
83102  -34.226  -2.960  84.908 1.0000000000
81868  -10.796  -3.071  87.438 1.0000000000
83053  -11.002  -2.097  87.991 1.0000000000
84100  -11.769  -0.906  87.991 1.0000000000
84109  -11.489  -1.387  87.370 1.0000000000
86182  -12.471  0.248  88.131 1.0000000000
85144  -12.034  -0.301  87.602 1.0000000000
153638  -17.125  3.306  86.957 1.0000000000
88157  -15.351  2.799  86.904 1.0000000000
89189  -18.018  3.518  86.829 1.0000000000
147508  -33.229  -3.596  83.842 1.0000000000
81882  -35.682  -3.488  86.008 1.0000000000
168570  -5.431  -4.735  85.878 0.8750000000
84110  -11.707  -0.917  86.971 1.0000000000
167085  -12.307  0.418  86.525 1.0000000000
86190  -13.286  1.582  86.635 1.0000000000
88155  -13.868  2.275  86.110 1.0000000000
88168  -15.308  2.802  86.108 1.0000000000
89215  -16.674  3.352  85.580 1.0000000000
89200  -15.962  3.069  85.830 1.0000000000
80703  -37.150  -4.660  83.081 1.0000000000
145738  -6.230  -4.212  84.614 0.8750000000
167283  -6.154  -3.462  83.260 0.8750000000
87179  -13.327  1.703  85.625 1.0000000000
88166  -13.868  2.269  85.198 1.0000000000
158736  -15.364  2.848  85.209 1.0000000000
88181  -15.106  2.790  84.430 1.0000000000
89217  -18.178  3.795  84.872 1.0000000000
77188  -36.306  -7.186  81.345 0.7500000000
77189  -36.766  -7.128  81.090 0.8750000000
81952  -6.570  -3.405  81.483 0.8750000000
81937  -6.406  -3.411  82.478 0.8750000000
88193  -15.918  3.204  83.314 1.0000000000
89232  -15.813  3.180  84.351 1.0000000000
77203  -36.870  -7.454  80.050 0.8750000000
80744  -7.037  -4.014  79.826 0.8750000000
88208  -16.450  3.135  81.466 1.0000000000
89262  -16.921  3.430  82.115 1.0000000000
80764  -6.599  -4.318  78.910 0.8750000000
81996  -5.991  -3.716  78.756 0.8750000000
88217  -16.206  2.674  80.634 1.0000000000
89279  -16.900  3.258  80.762 1.0000000000
79666  -32.224  -5.684  77.688 0.8750000000
81995  -5.579  -3.718  78.017 0.8750000000
80781  -5.633  -4.566  77.609 0.8750000000
80853  -3.336  -4.497  73.565 0.6250000000
82029  -3.490  -3.078  74.229 0.7500000000
82020  -3.275  -3.859  74.642 0.8750000000
79720  -4.030  -5.362  72.309 0.3750000000
140805  -4.719  -5.610  71.609 0.2500000000
80854  -5.224  -4.289  72.709 0.3750000000
78588  -3.926  -5.939  69.744 0.2500000000
79750  -6.315  -5.580  70.450 0.2500000000
79762  -5.998  -5.486  69.499 0.1250000000
87216  -17.096  2.209  78.190 0.8750000000
75918  -35.977  -8.233  78.687 0.6250000000
75929  -35.174  -8.532  78.303 0.6250000000
151428  -4.740  -5.126  76.492 0.8750000000
80829  -3.694  -4.242  75.359 0.8750000000
87228  -16.679  1.486  77.813 0.8750000000
78482  -31.425  -6.143  75.598 0.8750000000
87229  -17.384  1.877  77.359 0.8750000000
85199  -17.279  -0.279  75.306 0.7500000000
78535  -29.523  -6.502  72.221 0.8750000000
83204  -18.209  -2.081  72.897 0.7500000000
78534  -28.464  -6.575  71.978 0.8750000000
78533  -27.518  -6.574  72.091 0.8750000000
78559  -27.666  -6.598  70.835 0.7500000000
140066  -26.821  -6.607  70.682 0.7500000000
78592  -23.953  -6.523  68.853 0.7500000000
78593  -24.816  -6.589  68.980 0.7500000000
140065  -25.210  -6.549  69.766 0.7500000000
78611  -20.770  -5.996  68.535 0.8750000000
165870  -22.602  -6.583  69.387 0.7500000000
76949  -12.829  -7.052  99.398 0.8750000000
78187  -12.534  -6.448  98.699 0.8750000000
79436  -13.155  -5.776  98.401 0.8750000000
76981  -14.556  -7.327  95.534 0.8750000000
89177  -22.892  3.319  90.530 1.0000000000
76993  -13.424  -7.254  94.672 0.8750000000
78219  -13.869  -7.244  94.231 0.8750000000
77007  -12.790  -7.431  93.322 0.8750000000
90263  -23.321  3.908  89.963 0.8750000000
80642  -3.004  -4.915  89.212 0.8750000000
80651  -3.401  -4.987  88.112 0.8750000000
79477  -6.702  -5.933  91.552 0.8750000000
145876  -16.061  3.024  89.186 1.0000000000
80660  -4.161  -4.831  86.796 0.8750000000
168355  -7.406  -4.122  92.437 1.0000000000
150291  -7.402  -4.825  91.815 1.0000000000
81861  -10.743  -2.628  88.274 1.0000000000
151288  -34.607  -3.132  83.443 1.0000000000
80666  -4.044  -4.329  86.382 0.8750000000
80667  -4.784  -4.371  85.963 0.8750000000
85137  -12.153  -0.389  88.621 1.0000000000
90287  -21.755  4.808  86.264 0.8750000000
81960  -34.067  -3.787  80.909 1.0000000000
80677  -5.063  -3.782  85.176 0.8750000000
81915  -5.042  -3.015  84.172 0.8750000000
80722  -37.136  -4.750  82.606 1.0000000000
79627  -37.052  -5.630  80.172 1.0000000000
146998  -5.834  -3.087  82.878 0.8750000000
89234  -18.187  3.755  83.964 1.0000000000
89246  -17.462  3.631  83.486 1.0000000000
151854  -37.072  -7.217  80.183 0.8750000000
77215  -38.122  -7.580  79.080 0.8750000000
77229  -38.040  -8.110  78.926 0.8750000000
83139  -4.470  -2.396  80.985 0.8750000000
89247  -18.231  3.652  83.125 0.8750000000
161040  -19.021  3.630  82.115 0.8750000000
77245  -38.562  -8.261  77.626 0.8750000000
84155  -4.535  -1.690  79.384 0.8750000000
140059  -19.232  3.524  80.762 0.8750000000
89282  -19.507  3.609  81.594 0.8750000000
75920  -38.004  -8.452  78.415 0.8750000000
84161  -3.789  -0.803  76.419 0.8750000000
83167  -4.151  -3.004  76.213 0.8750000000
82021  -3.591  -3.221  74.975 0.8750000000
84176  -3.861  -1.581  75.647 0.8750000000
83198  -4.791  -2.667  73.794 0.7500000000
162803  -4.390  -2.329  74.427 0.7500000000
156329  -6.370  -4.106  72.731 0.3750000000
88268  -19.865  2.678  77.154 0.8750000000
87240  -17.668  1.627  76.543 0.8750000000
148399  -39.037  -7.496  75.458 0.6250000000
75964  -38.988  -8.009  74.518 0.5000000000
87241  -18.447  1.978  76.157 0.7500000000
79698  -31.747  -5.888  75.045 0.8750000000
80928  -6.981  -4.489  68.571 0.2500000000
86257  -17.861  0.238  74.810 0.7500000000
78516  -31.241  -6.226  73.286 0.8750000000
139632  -30.380  -6.292  71.910 0.8750000000
167821  -29.869  -6.404  71.535 0.8750000000
83217  -18.524  -2.426  72.272 0.7500000000
78561  -29.211  -6.525  71.389 0.8750000000
78579  -29.100  -6.414  70.609 0.7500000000
78594  -25.651  -6.606  69.040 0.7500000000
78595  -26.511  -6.566  69.139 0.7500000000
143763  -27.382  -6.410  69.088 0.7500000000
78597  -28.986  -6.198  69.811 0.7500000000
79782  -20.656  -5.228  68.054 0.7500000000
78634  -21.838  -5.977  67.651 0.7500000000
78636  -23.100  -6.284  67.510 0.7500000000
143432  -23.729  -6.526  68.088 0.7500000000
143431  -24.978  -6.482  67.560 0.7500000000
78615  -24.484  -6.549  68.187 0.7500000000
78640  -27.280  -6.057  67.705 0.7500000000
78639  -26.385  -6.261  67.518 0.7500000000
166278  -14.338  -8.002  97.679 0.8750000000
157733  -13.381  -7.425  95.968 0.8750000000
76968  -14.136  -7.390  95.947 0.8750000000
139796  -12.191  -7.353  93.974 0.8750000000
79483  -2.120  -5.341  90.806 0.8750000000
81846  -2.631  -3.753  90.129 0.8750000000
81856  -2.744  -3.743  89.352 0.8750000000
79476  -5.651  -5.907  91.255 1.0000000000
162959  -10.391  -7.161  92.092 0.8750000000
79488  -9.672  -5.407  90.526 1.0000000000
91279  -24.534  5.897  87.877 0.8750000000
91278  -23.675  5.582  87.795 0.8750000000
83065  -2.820  -3.015  87.305 0.8750000000
81874  -3.266  -3.820  87.119 0.8750000000
79487  -7.105  -5.344  91.378 1.0000000000
80627  -9.603  -4.719  90.849 1.0000000000
80634  -9.843  -4.874  90.006 1.0000000000
81883  -3.787  -3.667  86.129 0.8750000000
83079  -3.660  -2.860  85.586 0.8750000000
81898  -4.744  -3.356  84.884 0.8750000000
85153  -3.586  -0.639  85.062 0.8750000000
83094  -4.463  -2.868  84.444 0.8750000000
79459  -7.199  -4.885  94.489 1.0000000000
161136  -7.529  -3.657  94.298 1.0000000000
90298  -21.564  4.492  85.615 0.8750000000
83107  -4.665  -2.565  83.619 0.8750000000
85163  -3.546  -0.620  83.042 0.8750000000
83128  -4.126  -1.975  82.183 0.8750000000
82998  -6.958  -1.953  92.982 1.0000000000
89236  -20.729  4.143  84.357 0.8750000000
90312  -22.715  4.424  84.483 0.8750000000
90311  -21.734  4.281  84.808 0.8750000000
80759  -36.843  -4.908  80.809 1.0000000000
83138  -4.049  -2.072  81.405 0.8750000000
89248  -19.504  3.757  83.068 0.8750000000
89249  -20.817  3.987  83.320 0.8750000000
89250  -22.024  3.904  83.321 0.8750000000
84154  -4.074  -0.923  79.539 0.8750000000
164028  -3.953  -1.650  79.996 0.8750000000
89284  -21.368  3.734  81.820 0.8750000000
140057  -20.930  3.666  81.163 0.8750000000
83176  -4.444  -1.801  75.052 0.7500000000
84177  -4.310  -0.969  75.568 0.8750000000
89299  -19.955  3.445  80.112 0.8750000000
80874  -7.185  -4.502  72.437 0.2500000000
89333  -19.480  3.225  78.548 0.8750000000
89334  -20.214  3.210  78.776 0.8750000000
89319  -20.759  3.302  79.393 0.8750000000
80890  -7.711  -4.778  71.874 0.2500000000
80891  -8.463  -4.373  71.624 0.2500000000
168555  -8.260  -4.637  70.687 0.2500000000
87242  -19.362  2.021  75.919 0.7500000000
154904  -20.508  1.174  75.263 0.7500000000
86258  -18.598  0.447  74.491 0.7500000000
148862  -19.041  0.001  73.744 0.7500000000
78563  -30.978  -5.920  71.458 0.8750000000
84203  -19.213  -0.720  73.080 0.7500000000
79742  -30.588  -5.781  70.614 0.7500000000
83233  -19.010  -2.557  71.644 0.7500000000
83248  -20.131  -3.137  69.902 0.8750000000
78598  -29.752  -5.990  70.159 0.7500000000
82101  -20.572  -3.447  68.627 0.7500000000
79784  -28.702  -5.709  68.257 0.7500000000
78620  -28.855  -5.949  69.015 0.7500000000
79785  -29.421  -5.517  68.504 0.7500000000
78635  -22.355  -5.760  67.051 0.7500000000
78638  -25.554  -6.301  67.089 0.7500000000
79800  -28.585  -5.520  67.504 0.7500000000
79799  -27.839  -5.654  67.215 0.7500000000
81848  -3.884  -3.175  90.100 0.8750000000
77005  -10.240  -7.253  93.967 0.8750000000
80632  -5.640  -4.167  89.931 1.0000000000
77027  -10.259  -7.202  92.979 0.8750000000
83027  -3.382  -2.512  89.738 0.8750000000
84067  -3.116  -1.835  89.165 0.8750000000
81873  -2.723  -3.500  87.904 0.8750000000
84077  -2.979  -1.785  88.737 0.8750000000
163673  -7.267  -4.085  90.495 1.0000000000
84078  -3.383  -1.141  89.136 0.8750000000
84094  -2.862  -1.585  88.027 0.8750000000
81839  -7.544  -3.471  90.924 1.0000000000
81829  -7.429  -3.442  92.180 1.0000000000
92291  -24.312  6.460  87.092 0.7500000000
83066  -3.253  -2.952  86.515 0.8750000000
156081  -3.484  -1.366  85.578 0.8750000000
83007  -7.515  -2.524  91.864 1.0000000000
85109  -7.433  -0.712  92.609 1.0000000000
84125  -3.756  -1.442  83.495 0.8750000000
84041  -7.335  -0.952  93.085 1.0000000000
90313  -23.291  5.074  84.599 0.8750000000
85167  -3.492  -0.560  82.066 0.8750000000
84144  -3.643  -1.365  81.461 0.8750000000
85169  -3.477  -0.376  81.093 0.8750000000
89285  -22.702  3.597  81.560 0.8750000000
89267  -22.222  3.713  82.412 0.8750000000
85177  -4.610  0.056  77.505 0.8750000000
80821  -34.539  -4.341  76.587 0.8750000000
144973  -34.242  -4.456  77.227 0.8750000000
146914  -4.916  -0.028  76.189 1.0000000000
89320  -21.733  3.316  79.660 0.8750000000
143704  -22.411  3.458  80.106 0.8750000000
157856  -20.936  3.038  78.663 0.8750000000
88251  -21.562  2.661  78.171 0.8750000000
80875  -8.060  -4.234  72.261 0.2500000000
88269  -21.038  2.375  77.456 0.8750000000
87258  -21.465  1.151  75.366 0.7500000000
80894  -32.437  -4.885  71.962 0.8750000000
85232  -37.036  -0.365  72.160 0.8750000000
86260  -20.323  0.692  74.172 0.7500000000
80907  -32.996  -4.159  70.819 0.8750000000
80906  -32.569  -4.596  71.346 0.8750000000
83234  -35.098  -2.684  70.963 0.8750000000
148504  -35.569  -0.818  70.494 0.7500000000
166163  -38.367  -0.099  74.064 1.0000000000
86271  -19.840  0.367  73.752 0.7500000000
79769  -31.786  -4.742  70.235 0.7500000000
86298  -35.951  0.500  71.194 0.7500000000
84221  -19.604  -1.790  71.579 0.8750000000
85221  -19.736  -0.665  72.555 0.7500000000
84222  -20.215  -1.211  71.220 0.6250000000
79768  -31.159  -5.115  70.004 0.7500000000
87321  -34.981  1.497  70.889 0.7500000000
88320  -37.465  2.035  73.711 0.7500000000
87279  -37.986  1.442  74.119 0.7500000000
79787  -30.996  -4.964  69.112 0.7500000000
87310  -34.683  1.973  71.139 0.6250000000
88319  -36.774  2.548  73.374 0.7500000000
83249  -20.545  -2.890  69.212 0.7500000000
82117  -20.975  -3.911  67.067 0.7500000000
79801  -29.215  -5.165  67.176 0.7500000000
79802  -29.902  -5.038  67.825 0.7500000000
80945  -30.486  -4.334  67.508 0.7500000000
89391  -34.900  3.454  74.083 0.7500000000
151862  -35.865  3.988  74.964 0.7500000000
82130  -21.381  -3.873  66.652 0.6250000000
79814  -22.732  -5.263  66.362 0.7500000000
79815  -23.556  -5.446  66.318 0.7500000000
153473  -25.208  -5.263  66.146 0.7500000000
78657  -26.171  -5.909  66.765 0.7500000000
79818  -26.737  -5.287  66.469 0.7500000000
89371  -35.518  4.050  75.752 0.6250000000
89352  -36.701  4.365  77.646 0.7500000000
152193  -23.988  -4.874  65.952 0.7500000000
148699  -26.828  -3.726  65.950 0.6250000000
157072  -25.985  -3.951  65.786 0.6250000000
83037  -4.433  -1.936  89.329 1.0000000000
84079  -3.967  -1.294  89.449 0.8750000000
85140  -4.600  0.223  88.548 0.8750000000
84068  -3.509  -1.579  89.440 0.8750000000
85132  -3.605  -0.258  88.888 0.8750000000
85139  -3.219  0.058  88.231 0.8750000000
84069  -8.239  -1.271  89.390 1.0000000000
85150  -3.417  -0.534  86.077 0.8750000000
85117  -8.269  -0.216  91.047 1.0000000000
80606  -9.211  -4.286  93.431 1.0000000000
91299  -23.361  5.677  84.545 0.7500000000
85114  -7.837  -0.002  92.088 1.0000000000
84037  -7.544  -1.397  93.441 1.0000000000
81831  -10.178  -3.050  91.611 1.0000000000
148724  -3.438  0.964  83.047 0.8750000000
161402  -9.109  -1.003  93.645 1.0000000000
148323  -3.406  0.961  82.050 0.8750000000
85171  -3.765  -0.249  79.699 0.8750000000
155169  -3.595  0.830  80.480 0.8750000000
89269  -24.359  4.074  82.212 0.8750000000
87200  -4.093  1.405  79.174 0.8750000000
152232  -25.013  4.412  80.898 0.7500000000
89321  -23.873  3.576  79.630 0.8750000000
86218  -5.523  1.186  78.030 0.8750000000
85179  -5.530  0.257  76.640 1.0000000000
145315  -7.879  -1.380  74.689 0.7500000000
84189  -6.725  -1.383  74.793 0.7500000000
89336  -23.640  3.027  78.918 0.8750000000
88252  -23.032  2.559  78.286 0.8750000000
163086  -22.727  3.248  79.484 0.8750000000
166955  -8.934  -3.349  72.420 0.2500000000
88271  -23.855  2.175  77.639 0.8750000000
80881  -34.407  -4.098  72.855 0.8750000000
80892  -9.183  -3.896  71.415 0.2500000000
87246  -24.361  1.724  76.149 0.7500000000
89358  -25.066  2.595  77.243 0.8750000000
164550  -34.773  -3.100  71.117 0.8750000000
87273  -22.059  1.034  74.632 0.7500000000
82081  -33.747  -3.579  70.667 0.8750000000
82082  -34.430  -2.990  70.588 0.8750000000
85206  -38.811  -0.473  74.478 1.0000000000
85213  -19.959  -0.093  73.119 0.7500000000
86273  -21.503  0.763  73.177 0.7500000000
80919  -33.168  -3.665  69.920 0.7500000000
84231  -35.082  -1.281  69.936 0.7500000000
82092  -34.207  -2.588  69.751 0.7500000000
84240  -34.438  -1.733  69.462 0.6250000000
85222  -20.303  -0.279  72.289 0.7500000000
86291  -20.937  0.139  71.888 0.6250000000
80917  -31.673  -4.544  69.513 0.7500000000
80918  -32.394  -4.219  69.977 0.7500000000
82102  -31.796  -3.656  68.376 0.7500000000
85235  -35.135  -0.294  69.846 0.7500000000
148446  -34.145  0.912  69.812 0.7500000000
87309  -33.902  2.004  70.948 0.7500000000
88298  -38.628  1.953  75.548 0.8750000000
87250  -39.088  1.386  75.963 1.0000000000
84230  -20.423  -1.286  70.430 0.6250000000
82120  -31.922  -2.921  68.089 0.6250000000
80946  -31.209  -4.071  67.938 0.7500000000
82118  -30.854  -3.522  67.377 0.7500000000
88316  -33.487  2.512  73.347 0.5000000000
88327  -34.191  2.329  71.783 0.6250000000
88290  -38.369  2.892  75.961 0.7500000000
160489  -29.471  -3.982  66.632 0.7500000000
87288  -32.705  2.169  74.002 0.5000000000
88307  -34.012  3.179  74.698 0.6250000000
156483  -37.039  4.277  76.743 0.7500000000
89342  -38.134  3.851  78.300 0.7500000000
90381  -37.815  4.132  78.981 0.7500000000
82131  -22.047  -3.495  66.234 0.6250000000
80955  -22.403  -4.419  66.098 0.7500000000
82135  -28.709  -3.705  66.367 0.7500000000
157505  -29.536  -3.195  66.628 0.7500000000
89360  -34.390  3.271  76.885 0.6250000000
80957  -24.718  -4.674  65.867 0.6250000000
82133  -25.111  -3.702  65.720 0.6250000000
156201  -27.453  -3.206  66.147 0.7500000000
143468  -34.154  2.877  79.026 0.3750000000
83051  -5.535  -2.103  88.131 1.0000000000
84108  -7.018  -0.779  86.685 1.0000000000
84097  -7.224  -1.372  87.300 1.0000000000
84081  -7.505  -1.781  88.011 1.0000000000
88114  -20.209  2.130  93.243 1.0000000000
166444  -5.282  0.132  87.674 1.0000000000
146245  -5.393  -0.566  87.751 1.0000000000
84080  -4.740  -1.462  88.874 1.0000000000
85146  -6.151  -0.272  86.916 1.0000000000
86179  -4.133  0.889  88.718 1.0000000000
86180  -4.785  0.875  88.198 1.0000000000
86184  -3.284  0.400  87.430 1.0000000000
85118  -8.825  0.378  90.484 1.0000000000
87171  -3.379  1.741  86.086 0.8750000000
165641  -9.620  1.353  90.486 1.0000000000
85111  -8.406  0.153  92.962 1.0000000000
86165  -8.863  0.965  91.784 1.0000000000
165905  -8.731  0.510  92.616 1.0000000000
92321  -24.522  5.527  82.951 0.7500000000
143301  -3.356  2.406  82.695 0.8750000000
84042  -10.720  -1.391  93.129 1.0000000000
168671  -24.800  5.496  82.238 0.7500000000
80836  -36.457  -4.528  75.963 1.0000000000
87192  -3.597  1.755  81.421 0.8750000000
87196  -4.155  1.725  79.731 0.8750000000
90363  -24.911  4.604  80.139 0.7500000000
86236  -7.138  0.232  76.770 1.0000000000
85188  -7.392  -0.150  76.148 1.0000000000
90387  -24.571  3.739  78.117 0.8750000000
83188  -8.511  -1.904  74.058 0.5000000000
83208  -42.702  -3.474  75.317 0.8750000000
83181  -42.981  -2.775  76.250 1.0000000000
84195  -43.005  -2.532  75.503 1.0000000000
89368  -24.421  2.213  75.656 0.7500000000
88293  -24.045  1.897  75.073 0.7500000000
85260  -33.037  -0.215  68.795 0.6250000000
86253  -40.207  -0.247  76.201 1.0000000000
84207  -42.669  -2.568  74.575 0.8750000000
146815  -22.294  1.038  73.788 0.7500000000
158612  -23.877  2.387  74.896 0.7500000000
85246  -34.438  -0.674  69.291 0.6250000000
147126  -33.230  1.757  70.905 0.7500000000
85245  -33.736  0.215  69.242 0.6250000000
87318  -32.777  1.279  70.545 0.7500000000
86242  -39.687  0.745  76.329 1.0000000000
158582  -41.387  -0.474  77.295 1.0000000000
86268  -42.946  -0.103  75.136 1.0000000000
86281  -41.864  0.323  73.591 0.6250000000
86285  -21.495  0.758  72.396 0.7500000000
87251  -39.409  1.598  76.781 1.0000000000
87252  -40.122  0.999  77.319 1.0000000000
88278  -40.034  1.713  78.415 1.0000000000
85225  -41.575  -0.887  72.731 0.6250000000
86290  -41.509  0.014  72.812 0.6250000000
87291  -40.671  1.774  73.126 0.8750000000
86301  -20.733  0.122  70.889 0.6250000000
84270  -31.892  -2.096  67.939 0.6250000000
156850  -32.639  1.977  73.143 0.5000000000
88261  -39.598  2.259  78.828 0.8750000000
89394  -41.041  3.136  73.519 0.8750000000
89404  -40.549  3.185  71.837 0.8750000000
86315  -20.965  0.263  69.969 0.5000000000
84261  -21.653  -1.378  67.807 0.5000000000
84269  -31.275  -1.795  67.517 0.6250000000
84268  -30.635  -1.580  67.286 0.6250000000
83272  -30.369  -2.802  66.952 0.7500000000
88288  -33.341  2.540  76.117 0.5000000000
89328  -38.906  3.365  79.388 0.7500000000
89400  -40.980  3.870  72.190 0.8750000000
90420  -41.384  4.527  72.553 0.8750000000
84267  -29.889  -1.421  67.216 0.6250000000
83286  -28.736  -2.536  66.545 0.7500000000
88275  -33.782  2.737  77.342 0.3750000000
90365  -37.523  4.188  80.535 0.7500000000
90356  -38.235  3.616  81.325 0.7500000000
90366  -38.373  3.893  80.467 0.7500000000
90434  -41.769  4.283  70.841 0.8750000000
89405  -41.044  3.796  71.327 0.8750000000
84262  -22.223  -1.563  67.097 0.5000000000
84284  -27.084  -2.009  66.843 0.6250000000
84285  -27.974  -1.937  66.906 0.7500000000
89273  -35.962  2.918  82.798 0.6250000000
89291  -36.942  3.425  82.065 0.7500000000
89424  -42.541  3.775  69.285 0.6250000000
84281  -24.378  -1.596  66.236 0.6250000000
84282  -25.269  -1.962  66.502 0.6250000000
89256  -35.559  2.536  83.545 0.6250000000
88197  -36.454  1.769  84.766 0.6250000000
88198  -37.345  1.902  84.505 0.6250000000
89425  -43.489  4.026  69.100 0.5000000000
90453  -44.899  4.702  69.495 1.0000000000
90452  -44.016  4.548  69.582 0.6250000000
90437  -44.500  5.104  70.015 0.8750000000
90438  -45.404  5.136  70.014 1.0000000000
90454  -45.826  4.708  69.558 1.0000000000
89428  -46.280  4.406  69.035 0.8750000000
90455  -46.828  4.754  69.632 1.0000000000
91438  -47.218  5.459  70.739 1.0000000000
140818  -47.367  5.916  71.261 1.0000000000
90456  -48.015  4.669  70.053 0.8750000000
88364  -45.811  3.618  67.933 0.6250000000
89444  -47.538  3.917  68.810 0.8750000000
162457  -48.734  3.777  68.680 0.8750000000
89456  -46.736  3.347  67.685 0.7500000000
88380  -45.283  2.953  67.431 0.5000000000
89457  -47.463  3.579  68.273 0.7500000000
89459  -49.025  3.583  68.019 0.7500000000
88382  -48.400  3.258  67.082 0.6250000000
88365  -49.937  3.124  68.296 0.6250000000
88399  -51.536  2.465  66.462 0.5000000000
90254  -22.194  4.643  92.160 1.0000000000
86187  -7.045  -0.000  86.153 1.0000000000
85142  -8.408  -0.757  87.300 1.0000000000
87161  -9.735  0.893  87.130 1.0000000000
87173  -6.299  1.614  85.840 1.0000000000
86185  -5.585  0.547  87.143 1.0000000000
87172  -5.670  1.891  86.780 1.0000000000
86176  -9.528  0.630  88.773 1.0000000000
89153  -16.692  2.761  92.392 1.0000000000
87159  -3.678  1.533  88.271 1.0000000000
88142  -4.089  2.532  88.250 1.0000000000
87160  -4.298  1.649  88.392 1.0000000000
151374  -4.848  2.243  87.920 1.0000000000
148163  -3.833  2.913  87.916 1.0000000000
88151  -3.520  2.705  87.430 1.0000000000
159085  -10.013  1.574  90.018 1.0000000000
87147  -9.850  1.711  90.880 1.0000000000
93351  -21.998  7.495  83.436 0.7500000000
150340  -3.409  3.261  86.349 1.0000000000
87139  -9.943  1.537  92.133 1.0000000000
88106  -10.626  2.097  91.983 1.0000000000
92331  -24.330  6.110  82.250 0.7500000000
163684  -3.429  2.656  83.310 1.0000000000
84039  -10.064  -0.860  93.514 1.0000000000
85112  -12.009  -0.568  91.929 1.0000000000
92342  -23.279  6.565  81.423 0.7500000000
140765  -3.381  2.491  81.939 1.0000000000
88206  -4.322  2.879  81.085 0.8750000000
89277  -3.823  3.787  81.678 1.0000000000
89278  -4.794  3.702  81.226 1.0000000000
91325  -5.075  5.554  82.497 1.0000000000
89295  -5.567  3.252  80.654 0.8750000000
141967  -4.716  2.181  80.077 0.8750000000
88215  -5.413  2.501  80.087 0.8750000000
88244  -6.000  2.163  78.861 0.8750000000
89296  -6.350  3.616  80.560 0.8750000000
89312  -6.156  2.869  80.134 0.8750000000
86225  -5.767  0.619  77.355 1.0000000000
87224  -7.352  1.129  77.900 1.0000000000
90361  -7.336  4.630  80.568 1.0000000000
160559  -6.996  3.999  80.426 1.0000000000
89313  -7.066  3.304  80.066 1.0000000000
88228  -6.630  2.565  79.567 1.0000000000
88245  -7.200  2.185  79.005 1.0000000000
85189  -8.435  -0.020  75.934 1.0000000000
84180  -8.325  -0.789  75.056 0.7500000000
85203  -9.376  -0.436  74.849 0.5000000000
83179  -41.999  -3.592  76.238 1.0000000000
89314  -8.392  3.383  79.306 1.0000000000
154388  -8.332  4.063  79.686 1.0000000000
87213  -8.747  1.965  78.091 1.0000000000
87212  -7.807  1.748  78.378 1.0000000000
86228  -8.741  0.821  77.112 1.0000000000
85190  -9.435  0.164  75.594 0.6250000000
86245  -10.134  0.559  75.421 0.5000000000
85204  -10.235  -0.210  74.440 0.6250000000
85219  -10.729  -0.943  72.775 0.3750000000
84183  -41.470  -2.474  76.233 1.0000000000
83170  -42.711  -2.125  76.727 1.0000000000
84170  -41.771  -1.918  76.666 1.0000000000
84172  -43.798  -1.332  76.336 1.0000000000
85202  -43.693  -0.842  75.791 1.0000000000
91358  -8.391  5.626  80.211 0.8750000000
89315  -8.976  4.018  79.231 0.8750000000
87227  -9.974  1.864  77.312 0.8750000000
87238  -9.640  1.144  76.859 0.8750000000
87239  -10.341  1.664  76.419 0.8750000000
86256  -10.966  0.934  74.116 0.5000000000
86270  -11.060  0.549  73.483 0.5000000000
90400  -21.856  4.452  75.281 0.7500000000
84163  -42.667  -1.265  77.155 1.0000000000
85183  -42.184  -0.373  77.639 1.0000000000
85184  -43.101  -0.558  77.396 1.0000000000
85185  -43.687  -0.522  76.900 1.0000000000
91368  -9.452  5.612  78.805 0.8750000000
89380  -23.255  2.940  74.336 0.7500000000
86320  -31.761  0.298  69.461 0.6250000000
86297  -31.842  0.732  71.034 0.5000000000
86221  -43.033  0.442  79.296 1.0000000000
86233  -43.004  0.179  78.153 1.0000000000
87267  -43.506  1.572  75.817 1.0000000000
87294  -21.931  1.466  72.155 0.6250000000
86330  -31.572  -0.146  68.748 0.6250000000
86306  -31.401  0.387  70.301 0.5000000000
147780  -30.906  0.195  71.050 0.6250000000
86319  -30.723  -0.078  69.454 0.6250000000
86288  -30.853  0.452  72.649 0.3750000000
86277  -30.704  0.525  73.555 0.3750000000
86329  -30.766  -0.372  68.572 0.6250000000
85277  -31.096  -1.132  67.669 0.6250000000
86318  -29.529  -0.407  70.054 0.6250000000
86295  -29.909  -0.323  71.632 0.6250000000
87276  -31.496  1.112  73.990 0.5000000000
87277  -32.085  1.631  74.456 0.3750000000
87264  -32.703  2.053  75.797 0.5000000000
87234  -32.570  1.797  77.079 0.3750000000
88239  -39.867  2.405  79.738 0.8750000000
89329  -39.525  2.883  79.986 0.8750000000
89374  -42.081  3.735  75.091 1.0000000000
151267  -41.300  3.939  73.698 1.0000000000
86302  -21.314  0.860  70.571 0.5000000000
85275  -29.502  -0.942  67.798 0.6250000000
85257  -30.061  -0.628  68.249 0.6250000000
85243  -28.910  -0.708  69.652 0.6250000000
88274  -33.123  2.162  77.263 0.3750000000
88257  -32.643  1.893  77.758 0.3750000000
148364  -39.171  2.991  81.352 0.7500000000
90357  -40.414  3.209  81.953 0.7500000000
91412  -41.705  5.232  72.917 1.0000000000
91405  -41.818  5.230  73.783 1.0000000000
85251  -21.465  -0.243  68.693 0.5000000000
84249  -28.561  -1.096  68.065 0.6250000000
168585  -28.692  -1.757  66.909 0.6250000000
85255  -28.015  -1.158  68.898 0.6250000000
85242  -27.966  -0.966  70.520 0.6250000000
166755  -33.423  2.392  80.103 0.3750000000
89274  -38.643  2.604  83.070 0.7500000000
91414  -43.161  6.102  71.985 1.0000000000
85280  -22.918  -0.793  66.919 0.5000000000
84264  -26.541  -1.484  67.402 0.6250000000
84265  -27.345  -1.522  67.551 0.6250000000
156812  -33.738  2.484  81.413 0.3750000000
92455  -45.050  6.802  71.447 1.0000000000
88184  -35.738  1.613  85.748 0.5000000000
89223  -35.579  2.555  86.334 0.6250000000
89224  -36.641  2.483  85.632 0.6250000000
88159  -33.028  2.524  87.198 0.3750000000
90304  -35.015  4.036  85.888 0.5000000000
153646  -52.443  2.644  68.402 0.7500000000
89466  -53.650  2.685  66.396 0.7500000000
89495  -52.763  2.838  64.269 0.7500000000
91250  -21.259  4.277  92.614 1.0000000000
91258  -20.460  5.959  91.466 1.0000000000
89149  -20.817  3.397  93.325 1.0000000000
90242  -19.958  3.397  93.596 1.0000000000
91248  -19.232  5.406  92.561 1.0000000000
87176  -9.411  1.144  85.528 1.0000000000
151752  -19.315  2.080  93.587 1.0000000000
87180  -6.602  2.044  85.283 1.0000000000
87177  -10.092  1.666  85.783 1.0000000000
89211  -10.800  2.644  84.898 1.0000000000
89141  -16.906  2.435  94.468 1.0000000000
88162  -6.107  2.463  85.883 1.0000000000
89196  -5.925  3.216  86.515 1.0000000000
159584  -10.513  1.922  88.397 1.0000000000
89197  -5.780  3.861  87.286 1.0000000000
88138  -11.051  2.558  88.247 1.0000000000
88133  -11.421  3.197  89.337 1.0000000000
142209  -3.630  4.277  87.608 1.0000000000
88127  -10.866  2.709  90.849 1.0000000000
85113  -12.379  -0.035  91.745 1.0000000000
92292  -3.727  6.668  85.955 1.0000000000
90282  -3.502  5.239  86.954 1.0000000000
92268  -3.502  6.305  86.920 1.0000000000
148723  -3.485  3.267  84.877 1.0000000000
147310  -3.608  5.055  85.020 1.0000000000
93380  -22.232  6.880  81.159 0.7500000000
92301  -4.160  6.727  84.908 1.0000000000
91293  -3.863  5.308  84.049 1.0000000000
90306  -3.646  4.630  84.391 1.0000000000
93339  -5.363  7.171  83.982 1.0000000000
92310  -4.457  6.303  83.940 1.0000000000
91324  -4.449  5.357  82.730 1.0000000000
92311  -5.076  6.536  83.569 1.0000000000
90319  -3.733  4.629  83.502 1.0000000000
89241  -3.540  3.981  83.066 1.0000000000
89261  -3.562  4.072  82.275 1.0000000000
92394  -21.507  5.980  78.119 0.7500000000
89348  -10.336  3.384  77.413 0.8750000000
144342  -10.680  1.898  75.548 0.7500000000
89379  -22.130  3.681  73.924 0.7500000000
86234  -43.669  0.258  77.591 1.0000000000
89398  -22.454  2.910  72.647 0.7500000000
88233  -30.324  3.039  78.974 0.3750000000
87218  -31.159  1.967  78.431 0.3750000000
89324  -30.442  3.115  80.139 0.3750000000
90371  -29.839  4.376  80.158 0.3750000000
140858  -41.809  1.687  80.798 1.0000000000
86215  -42.199  0.706  79.744 1.0000000000
88292  -43.896  2.579  76.758 1.0000000000
154561  -44.188  1.968  77.170 1.0000000000
88300  -43.083  2.495  75.708 1.0000000000
148368  -22.133  2.231  71.072 0.5000000000
141745  -29.335  -0.380  72.474 0.3750000000
86287  -29.872  -0.093  73.092 0.3750000000
86296  -30.901  0.321  71.790 0.5000000000
86241  -30.128  0.816  76.012 0.3750000000
157153  -30.756  0.782  75.952 0.3750000000
86263  -30.026  0.542  74.915 0.3750000000
87232  -31.173  1.526  77.691 0.3750000000
87231  -29.900  1.627  77.163 0.3750000000
165792  -31.225  1.015  76.350 0.3750000000
87248  -30.622  0.995  76.497 0.3750000000
88235  -31.676  2.217  79.121 0.3750000000
88219  -30.864  2.733  80.426 0.3750000000
88225  -40.429  2.345  80.931 1.0000000000
88224  -40.087  2.439  80.509 1.0000000000
88226  -41.203  2.455  80.981 1.0000000000
90397  -43.217  3.706  76.507 1.0000000000
168563  -42.629  3.835  75.666 1.0000000000
159962  -28.417  -0.317  71.680 0.6250000000
87219  -31.968  1.867  78.300 0.3750000000
87316  -21.877  1.992  69.561 0.5000000000
88334  -28.585  1.819  72.181 0.6250000000
88237  -32.740  2.228  80.047 0.3750000000
140589  -31.970  2.259  79.959 0.3750000000
88211  -32.307  2.323  81.817 0.3750000000
90346  -39.811  3.283  82.411 0.8750000000
90358  -40.845  4.232  81.265 0.8750000000
92433  -42.502  6.676  73.736 1.0000000000
92442  -42.741  6.446  72.829 1.0000000000
85254  -27.477  -0.981  69.110 0.6250000000
86317  -27.460  0.008  69.955 0.6250000000
90336  -38.721  3.502  83.444 0.7500000000
90345  -39.321  3.360  82.943 0.7500000000
91334  -38.650  4.892  82.911 0.7500000000
86342  -24.042  0.285  66.941 0.5000000000
88195  -33.084  2.510  84.228 0.3750000000
91323  -38.104  4.796  83.446 0.8750000000
91333  -37.551  5.938  83.051 0.7500000000
156166  -45.391  7.756  71.827 1.0000000000
168008  -26.766  0.221  68.801 0.6250000000
160878  -31.721  2.725  87.443 0.3750000000
90316  -35.541  4.838  85.293 0.6250000000
91303  -35.944  5.469  84.597 0.8750000000
91321  -36.230  6.055  83.893 0.7500000000
94511  -46.347  7.935  72.661 0.6250000000
90303  -33.686  4.610  86.294 0.3750000000
90302  -32.326  4.999  86.838 0.3750000000
91301  -33.843  5.808  85.025 0.6250000000
93506  -47.838  7.555  71.816 0.7500000000
89460  -53.928  2.905  67.641 0.7500000000
89467  -55.057  3.041  66.886 0.6250000000
143112  -53.719  2.682  64.258 0.6250000000
88417  -55.500  2.695  65.113 0.6250000000
91507  -45.231  4.976  64.285 0.2500000000
89518  -55.857  2.677  63.612 0.7500000000
92236  -20.744  6.427  90.889 0.8750000000
92243  -18.677  6.510  90.349 1.0000000000
94331  -22.360  8.428  89.639 0.6250000000
159934  -22.337  7.790  89.985 0.7500000000
92242  -17.411  6.392  90.992 1.0000000000
91247  -18.184  5.502  93.214 1.0000000000
96371  -23.418  11.098  88.811 0.6250000000
88188  -9.012  2.771  83.729 1.0000000000
91255  -16.473  6.244  92.492 1.0000000000
91246  -17.011  5.890  93.463 1.0000000000
90239  -16.892  3.437  94.519 1.0000000000
97304  -22.716  11.356  84.553 0.6250000000
97316  -22.929  12.078  84.390 0.6250000000
88175  -6.694  2.677  85.017 1.0000000000
89229  -10.997  3.041  84.183 1.0000000000
89212  -11.463  3.294  85.110 1.0000000000
166389  -16.174  2.630  94.622 1.0000000000
88121  -15.262  2.490  92.475 1.0000000000
97327  -21.741  11.929  83.379 0.6250000000
97315  -22.259  11.610  84.066 0.6250000000
97339  -20.970  11.709  81.969 0.6250000000
90308  -7.331  4.263  84.636 1.0000000000
90307  -6.674  3.920  85.231 1.0000000000
89186  -11.745  3.470  87.075 1.0000000000
87142  -14.338  1.927  92.596 1.0000000000
96395  -22.200  10.802  84.333 0.6250000000
96416  -21.156  10.228  82.796 0.6250000000
97338  -20.625  11.292  81.514 0.6250000000
146373  -6.326  3.897  86.128 1.0000000000
88139  -11.420  3.117  88.546 1.0000000000
87141  -13.799  1.689  92.580 1.0000000000
151811  -21.495  8.895  82.948 0.6250000000
95354  -21.216  9.368  82.607 0.6250000000
90274  -5.963  5.366  87.791 1.0000000000
91275  -4.906  5.248  88.378 1.0000000000
90272  -4.347  4.604  88.297 1.0000000000
90271  -3.832  4.818  87.981 1.0000000000
89169  -11.781  3.551  89.989 1.0000000000
150439  -11.195  2.572  91.816 1.0000000000
89151  -12.047  3.654  91.580 1.0000000000
88108  -12.311  3.178  92.637 1.0000000000
94402  -20.974  8.161  81.772 0.6250000000
145460  -20.270  11.011  79.911 0.6250000000
91269  -4.623  5.922  88.488 1.0000000000
91273  -3.724  5.786  87.806 1.0000000000
92258  -4.283  6.609  88.415 1.0000000000
93378  -20.681  7.859  81.056 0.6250000000
94412  -20.193  8.372  80.422 0.6250000000
92280  -3.647  7.025  86.655 1.0000000000
94424  -19.952  7.942  79.937 0.6250000000
93402  -19.622  7.829  79.298 0.6250000000
150567  -4.737  7.832  85.562 1.0000000000
94352  -4.699  8.833  86.536 1.0000000000
92380  -21.755  6.245  78.755 0.7500000000
93414  -19.223  7.590  78.402 0.6250000000
92404  -19.914  5.873  76.926 0.8750000000
92403  -19.024  6.598  76.841 0.6250000000
154323  -28.529  10.523  83.990 0.3750000000
92414  -18.889  5.986  75.443 0.6250000000
93367  -28.428  7.287  83.798 0.3750000000
91392  -20.738  4.940  75.343 0.7500000000
146106  -29.228  5.823  80.254 0.3750000000
91351  -29.445  5.008  80.666 0.3750000000
92332  -29.152  5.347  83.348 0.3750000000
160061  -10.712  2.708  75.368 0.7500000000
150723  -11.130  2.566  73.633 0.5000000000
87293  -11.478  1.411  72.516 0.5000000000
164054  -21.259  4.286  74.063 0.7500000000
91403  -19.467  5.411  73.395 0.7500000000
89350  -29.762  3.366  77.601 0.3750000000
144620  -29.631  5.650  78.144 0.3750000000
149806  -29.326  4.836  81.537 0.3750000000
91342  -29.101  5.066  82.317 0.3750000000
91329  -29.562  4.719  83.325 0.3750000000
92322  -30.397  5.499  84.650 0.3750000000
93337  -30.228  6.738  86.315 0.3750000000
88243  -44.250  2.455  79.103 1.0000000000
88263  -44.293  2.423  77.875 1.0000000000
90385  -10.341  5.138  77.498 0.8750000000
143813  -10.507  4.975  75.921 0.8750000000
89378  -10.872  3.392  73.793 0.7500000000
89397  -21.820  3.381  72.198 0.6250000000
88254  -30.024  2.772  78.162 0.3750000000
89359  -29.540  3.157  76.875 0.3750000000
88287  -29.449  2.248  76.650 0.3750000000
89305  -30.493  3.155  81.022 0.3750000000
89287  -30.080  3.727  81.631 0.3750000000
90340  -29.987  4.256  83.360 0.3750000000
89270  -30.144  3.743  82.658 0.3750000000
89288  -30.617  3.276  81.988 0.3750000000
90329  -30.171  4.714  83.961 0.3750000000
89331  -43.687  3.208  79.260 1.0000000000
89402  -21.895  3.311  71.369 0.5000000000
89407  -21.967  3.223  70.592 0.5000000000
86276  -29.671  0.220  73.984 0.3750000000
86262  -29.654  0.774  75.409 0.3750000000
88294  -29.170  2.007  75.840 0.3750000000
86275  -28.785  0.284  73.874 0.3750000000
88210  -31.648  2.489  81.586 0.3750000000
88209  -31.016  2.761  81.325 0.3750000000
90376  -42.867  4.501  78.438 1.0000000000
90396  -42.794  4.266  76.158 1.0000000000
144780  -43.007  4.116  76.519 1.0000000000
90403  -42.790  4.118  75.955 1.0000000000
93401  -9.226  7.117  78.827 0.8750000000
87275  -28.701  0.847  74.405 0.5000000000
87285  -28.357  0.889  73.653 0.5000000000
86274  -28.367  0.277  73.167 0.6250000000
88314  -28.543  1.793  73.192 0.5000000000
88194  -31.580  2.648  83.390 0.3750000000
88203  -32.202  2.204  82.866 0.3750000000
90375  -41.903  4.864  79.377 0.8750000000
91365  -41.233  5.588  79.224 0.8750000000
92426  -42.555  6.802  74.747 1.0000000000
87325  -22.180  2.277  68.789 0.5000000000
92360  -39.550  6.938  80.687 0.8750000000
94494  -45.485  8.494  73.614 0.8750000000
92349  -38.225  6.899  81.775 0.8750000000
92350  -39.005  6.492  81.349 0.8750000000
88170  -30.760  3.045  87.089 0.3750000000
89238  -30.175  4.188  86.674 0.3750000000
90314  -30.027  5.048  86.810 0.3750000000
96540  -42.603  11.466  72.534 0.3750000000
91319  -33.843  5.927  84.433 0.5000000000
91284  -30.932  5.379  87.072 0.5000000000
92334  -34.983  6.741  82.926 0.6250000000
96583  -44.951  10.366  69.706 0.3750000000
95520  -44.294  10.109  70.105 0.3750000000
95485  -46.530  8.807  72.969 0.6250000000
95546  -44.918  9.630  68.692 0.3750000000
93521  -49.329  7.502  71.035 0.7500000000
92491  -51.564  6.282  69.575 0.6250000000
91468  -53.600  4.943  68.311 0.7500000000
90475  -54.174  4.583  67.797 0.6250000000
91497  -47.736  5.765  64.954 0.3750000000
92537  -49.635  6.685  65.563 0.3750000000
92545  -49.862  6.385  64.795 0.3750000000
91510  -48.672  5.886  64.224 0.3750000000
89519  -56.717  2.856  64.330 0.7500000000
90542  -55.851  3.691  62.037 0.7500000000
90554  -55.284  4.221  61.149 0.7500000000
90551  -46.028  4.942  62.028 0.2500000000
92586  -49.277  6.338  61.759 0.3750000000
90565  -54.630  4.641  60.277 0.6250000000
93318  -19.365  7.183  85.321 0.8750000000
92298  -18.673  6.773  85.972 0.8750000000
92287  -16.955  6.963  86.139 0.8750000000
166502  -16.338  7.136  85.789 0.8750000000
93332  -18.437  7.074  84.390 0.8750000000
93347  -18.145  7.172  83.522 0.8750000000
92288  -17.769  6.682  86.692 0.8750000000
92276  -18.192  6.554  87.721 0.8750000000
92263  -17.537  6.608  88.652 0.8750000000
95303  -22.284  9.198  89.304 0.6250000000
89242  -9.352  3.503  83.490 1.0000000000
160903  -16.719  6.912  82.712 0.8750000000
159325  -15.699  6.895  87.146 0.8750000000
92252  -16.998  6.748  89.770 0.8750000000
141329  -16.919  6.597  90.578 1.0000000000
98209  -23.296  12.312  88.354 0.6250000000
140293  -7.951  4.950  84.323 1.0000000000
90321  -9.747  4.181  83.232 1.0000000000
89244  -10.901  3.509  83.511 1.0000000000
90322  -10.590  4.108  83.047 1.0000000000
92296  -14.916  6.868  85.783 0.8750000000
92262  -15.738  6.628  89.244 1.0000000000
92273  -15.583  6.693  88.024 0.8750000000
92251  -15.805  6.546  90.281 0.8750000000
92232  -15.650  6.168  91.574 1.0000000000
144326  -16.320  6.578  90.610 1.0000000000
91243  -15.014  5.424  92.536 1.0000000000
138411  -24.579  13.929  87.143 0.6250000000
90323  -11.436  4.054  83.229 0.8750000000
91270  -14.471  6.102  88.432 0.8750000000
92250  -15.204  6.401  89.917 1.0000000000
158578  -13.921  5.679  88.544 1.0000000000
91263  -14.803  5.943  91.423 1.0000000000
148511  -14.745  6.169  90.736 1.0000000000
91252  -14.916  5.709  91.870 1.0000000000
90294  -7.446  5.053  85.014 1.0000000000
91287  -7.317  5.427  85.657 1.0000000000
91281  -7.521  6.097  86.018 1.0000000000
90284  -12.742  4.477  86.698 1.0000000000
90266  -13.380  5.105  88.768 1.0000000000
91242  -14.535  5.356  92.262 1.0000000000
157965  -13.044  4.881  91.391 1.0000000000
89146  -13.510  4.296  92.984 1.0000000000
165415  -6.488  5.880  87.367 1.0000000000
90256  -12.905  4.638  90.333 1.0000000000
89170  -12.371  4.054  89.861 1.0000000000
139586  -6.770  6.906  87.823 1.0000000000
160272  -5.383  5.831  88.375 1.0000000000
93293  -5.424  7.499  88.865 1.0000000000
164279  -4.543  7.284  88.561 1.0000000000
93292  -4.694  8.193  88.589 1.0000000000
96483  -19.310  10.364  76.786 0.6250000000
95427  -18.760  9.763  76.361 0.6250000000
96496  -19.875  10.966  75.312 0.6250000000
94455  -18.432  7.986  76.968 0.6250000000
93461  -17.792  7.559  74.707 0.6250000000
95355  -28.348  9.370  82.870 0.3750000000
95331  -30.386  8.462  86.248 0.3750000000
148283  -7.624  9.761  82.602 0.8750000000
144987  -28.428  9.130  81.100 0.3750000000
93394  -28.606  7.490  80.377 0.3750000000
94364  -30.474  7.500  86.575 0.3750000000
149745  -32.150  8.896  85.016 0.3750000000
91402  -18.805  5.995  73.041 0.7500000000
92423  -18.898  5.870  73.887 0.6250000000
165782  -19.795  5.237  72.058 0.6250000000
155817  -28.938  6.663  79.855 0.3750000000
93406  -28.735  7.453  79.418 0.3750000000
156505  -10.265  5.083  74.563 0.8750000000
91418  -19.940  5.204  71.313 0.3750000000
91316  -30.661  5.066  84.387 0.3750000000
92323  -31.049  5.269  84.477 0.3750000000
91374  -42.985  4.978  77.224 1.0000000000
91376  -10.371  6.120  76.946 0.8750000000
89381  -29.328  2.970  75.075 0.5000000000
89253  -31.173  3.479  83.712 0.3750000000
92389  -42.664  5.905  77.518 1.0000000000
92402  -42.772  5.535  76.513 1.0000000000
165616  -42.614  5.970  75.943 1.0000000000
92419  -42.581  6.359  75.585 1.0000000000
93444  -43.270  7.240  75.745 0.8750000000
91396  -9.870  5.701  74.303 0.8750000000
89418  -21.731  3.620  69.884 0.5000000000
90448  -21.895  4.156  69.176 0.3750000000
151952  -29.068  2.478  74.339 0.5000000000
149556  -29.100  2.685  73.523 0.5000000000
93422  -42.178  7.324  78.562 0.8750000000
93410  -41.189  7.647  79.263 0.8750000000
92375  -41.348  6.189  78.682 0.8750000000
92374  -40.987  6.776  79.150 0.8750000000
92388  -42.055  6.540  78.312 1.0000000000
91366  -42.229  5.498  78.796 0.8750000000
93398  -38.182  8.083  80.815 0.8750000000
93399  -39.037  7.750  80.590 0.8750000000
94430  -40.680  8.615  79.518 0.8750000000
94483  -45.115  8.252  74.287 0.8750000000
94417  -37.854  8.675  80.370 0.7500000000
93397  -37.194  7.741  80.599 0.6250000000
95467  -45.785  9.252  73.804 0.6250000000
154547  -25.600  1.934  67.203 0.6250000000
88346  -27.699  2.307  69.169 0.6250000000
92358  -36.033  6.784  80.711 0.3750000000
97412  -40.543  12.748  75.777 0.6250000000
96514  -40.325  11.358  74.538 0.5000000000
97400  -40.259  12.870  76.694 0.6250000000
97413  -41.323  12.692  75.718 0.5000000000
97425  -41.578  12.331  74.721 0.3750000000
97426  -42.279  12.634  74.548 0.5000000000
97449  -42.963  12.217  72.846 0.3750000000
98365  -43.739  12.184  73.216 0.5000000000
97450  -43.516  12.191  72.533 0.5000000000
91331  -33.418  5.242  82.724 0.3750000000
159499  -33.373  5.322  83.717 0.5000000000
144872  -34.582  6.410  78.989 0.5000000000
97465  -44.927  12.308  71.803 0.3750000000
96542  -46.780  9.874  72.765 0.6250000000
92371  -34.324  6.109  79.744 0.3750000000
95430  -37.387  9.602  76.472 0.5000000000
96569  -46.012  11.833  70.286 0.3750000000
95505  -48.946  9.547  70.941 0.3750000000
94550  -49.292  8.454  70.296 0.5000000000
96597  -47.707  10.893  68.444 0.3750000000
94587  -48.913  9.287  67.045 0.3750000000
93549  -52.128  7.386  67.757 0.3750000000
92529  -53.578  6.513  66.700 0.3750000000
89462  -55.271  3.807  66.817 0.6250000000
90498  -55.897  4.424  65.506 0.5000000000
92548  -52.640  6.056  64.528 0.3750000000
91523  -52.374  6.087  63.643 0.5000000000
92559  -51.515  6.391  63.288 0.3750000000
160658  -53.144  5.600  63.932 0.5000000000
92569  -53.026  6.382  62.189 0.5000000000
91580  -56.073  6.234  59.565 0.6250000000
91569  -56.390  6.456  60.209 0.7500000000
92584  -47.757  6.275  61.137 0.2500000000
92624  -47.230  6.879  59.852 0.2500000000
94361  -20.388  8.445  85.805 0.7500000000
94370  -19.818  8.414  84.265 0.8750000000
94391  -19.034  8.567  83.194 0.8750000000
94381  -19.486  8.778  83.732 0.7500000000
96381  -20.459  10.761  86.882 0.6250000000
96387  -20.132  10.900  85.331 0.6250000000
97271  -21.698  10.756  88.747 0.6250000000
96370  -22.370  10.847  88.962 0.6250000000
95362  -18.161  9.257  81.571 0.7500000000
166745  -19.538  10.798  84.103 0.7500000000
97303  -19.621  11.343  84.628 0.6250000000
97287  -20.382  11.732  87.660 0.6250000000
149190  -21.089  11.938  88.551 0.6250000000
91296  -9.320  5.894  83.798 1.0000000000
142612  -10.250  4.829  83.001 1.0000000000
91310  -11.704  5.319  82.765 1.0000000000
91309  -10.780  5.620  82.860 1.0000000000
91289  -13.753  5.631  85.810 0.8750000000
96426  -18.256  10.321  81.623 0.7500000000
98250  -19.086  11.942  84.088 0.6250000000
98225  -19.568  12.699  86.864 0.6250000000
99139  -20.308  13.100  87.855 0.6250000000
99149  -22.747  13.639  87.660 0.6250000000
91288  -7.928  5.752  84.981 1.0000000000
92303  -8.726  6.287  84.595 1.0000000000
92304  -9.466  6.716  84.251 1.0000000000
92305  -10.138  7.122  83.851 1.0000000000
91311  -12.428  5.304  82.989 1.0000000000
90310  -13.103  4.920  84.691 0.8750000000
90285  -13.213  4.950  87.009 1.0000000000
98249  -18.633  12.479  83.513 0.6250000000
98230  -18.909  13.151  85.603 0.6250000000
98224  -19.201  13.176  86.457 0.6250000000
151654  -19.119  13.863  86.490 0.6250000000
163767  -19.966  13.380  87.498 0.6250000000
100086  -20.888  14.388  87.364 0.6250000000
100087  -21.945  14.693  87.106 0.6250000000
100096  -24.174  14.674  86.693 0.6250000000
101063  -23.890  15.342  86.188 0.6250000000
92282  -7.809  6.889  86.370 1.0000000000
92283  -8.504  7.342  85.865 1.0000000000
99187  -18.245  13.046  82.987 0.6250000000
99163  -18.879  13.783  86.167 0.6250000000
100084  -19.544  14.116  86.919 0.6250000000
100101  -18.329  15.026  85.816 0.5000000000
101053  -21.198  15.168  86.785 0.6250000000
101060  -18.867  15.703  86.446 0.5000000000
101932  -20.345  16.441  86.259 0.5000000000
101934  -22.127  16.229  86.030 0.5000000000
100095  -23.055  14.929  86.783 0.5000000000
101941  -24.043  16.423  85.198 0.5000000000
100134  -23.839  15.077  81.695 0.5000000000
100144  -22.631  14.421  80.235 0.5000000000
99232  -22.563  14.243  78.635 0.5000000000
145984  -21.532  17.593  85.070 0.5000000000
101948  -25.042  16.929  84.187 0.5000000000
102736  -23.114  17.747  84.512 0.5000000000
164210  -23.434  15.410  80.957 0.5000000000
93300  -7.026  7.648  88.198 1.0000000000
101930  -18.344  16.468  86.430 0.5000000000
101057  -17.466  16.118  85.726 0.5000000000
101928  -17.249  16.596  86.119 0.5000000000
102722  -18.820  17.349  86.376 0.5000000000
102723  -19.886  17.041  86.202 0.5000000000
101988  -22.348  16.338  79.783 0.3750000000
101976  -23.347  16.524  81.093 0.5000000000
101150  -22.812  15.124  76.521 0.5000000000
101137  -22.382  15.539  77.297 0.3750000000
97406  -20.487  11.516  75.623 0.6250000000
98345  -22.196  12.594  74.455 0.2500000000
102762  -22.393  17.044  81.038 0.3750000000
102021  -20.346  15.779  77.098 0.3750000000
99271  -23.075  14.396  74.886 0.2500000000
102786  -19.293  16.949  78.956 0.3750000000
96508  -19.888  10.773  74.045 0.5000000000
145119  -6.393  11.029  85.212 1.0000000000
95446  -18.491  9.533  74.168 0.5000000000
95458  -18.745  9.728  73.424 0.5000000000
94476  -17.677  8.227  74.351 0.6250000000
95470  -18.410  9.252  72.817 0.5000000000
95365  -28.440  9.592  81.660 0.3750000000
160460  -7.031  11.242  83.118 1.0000000000
93473  -17.787  7.178  73.295 0.6250000000
92449  -18.791  6.268  71.275 0.3750000000
91433  -20.180  5.301  70.358 0.3750000000
90342  -31.519  4.735  83.967 0.3750000000
147971  -31.356  5.547  83.359 0.3750000000
148676  -43.086  7.373  77.054 0.8750000000
93443  -43.009  6.967  76.038 0.8750000000
93448  -8.931  7.511  75.501 0.8750000000
143961  -9.129  6.697  74.371 0.8750000000
92421  -8.995  6.401  73.674 0.8750000000
91407  -9.509  5.636  72.577 0.7500000000
148978  -29.650  3.785  72.973 0.5000000000
93433  -42.107  8.362  78.812 0.8750000000
94449  -42.396  8.978  78.279 0.7500000000
95433  -43.714  8.710  76.619 0.8750000000
94461  -43.887  7.799  76.041 0.8750000000
94443  -8.404  8.618  77.149 0.8750000000
90460  -22.515  4.414  68.646 0.3750000000
89403  -29.110  3.026  71.650 0.6250000000
95388  -38.067  9.861  79.578 0.6250000000
95402  -39.399  10.672  79.265 0.6250000000
95403  -40.656  10.083  78.969 0.6250000000
95420  -42.007  10.048  78.364 0.7500000000
96477  -42.254  10.587  77.972 0.7500000000
96491  -42.646  10.638  77.244 0.7500000000
96503  -43.691  10.740  76.093 0.6250000000
95441  -44.144  9.113  76.188 0.7500000000
94473  -44.981  8.018  75.026 0.8750000000
95442  -44.818  8.876  75.494 0.7500000000
96459  -38.564  11.381  78.631 0.7500000000
96475  -40.490  11.570  78.106 0.7500000000
96476  -41.528  11.038  78.101 0.7500000000
97389  -40.978  12.080  77.554 0.7500000000
97402  -42.029  11.995  76.646 0.6250000000
97415  -42.965  11.967  75.417 0.6250000000
96516  -44.042  11.323  75.128 0.7500000000
95454  -45.213  8.773  74.774 0.7500000000
95455  -45.395  9.388  74.399 0.6250000000
89454  -25.460  3.588  67.214 0.5000000000
93409  -36.745  7.754  79.436 0.5000000000
94426  -37.278  8.578  79.031 0.5000000000
94438  -37.696  9.587  78.563 0.6250000000
143079  -37.858  10.377  78.042 0.6250000000
96474  -38.256  11.568  77.890 0.6250000000
97427  -43.203  12.239  74.324 0.6250000000
97429  -44.700  11.352  74.326 0.5000000000
97441  -45.196  11.634  73.448 0.5000000000
97440  -44.438  11.972  73.158 0.5000000000
97442  -46.120  11.840  72.861 0.5000000000
93550  -10.324  7.743  67.326 0.1250000000
92495  -11.190  5.882  68.003 0.1250000000
92494  -10.631  6.630  68.367 0.2500000000
91354  -32.990  5.503  80.333 0.3750000000
91373  -32.749  5.804  78.932 0.3750000000
160879  -38.591  11.792  76.604 0.6250000000
97454  -46.883  11.436  72.234 0.3750000000
97453  -46.355  12.515  72.007 0.3750000000
164247  -47.387  11.033  71.855 0.3750000000
92399  -33.599  6.308  77.468 0.5000000000
92410  -34.129  6.663  76.829 0.5000000000
93430  -34.988  7.073  77.121 0.5000000000
93442  -35.465  7.543  76.632 0.5000000000
97466  -45.971  12.544  71.638 0.3750000000
97478  -46.355  12.420  70.881 0.3750000000
97479  -47.025  12.639  70.552 0.3750000000
97480  -47.689  12.178  70.215 0.3750000000
93466  -33.248  7.411  74.425 0.5000000000
93467  -34.181  7.575  74.630 0.3750000000
96586  -47.906  11.550  69.111 0.3750000000
97494  -49.169  12.053  69.020 0.3750000000
95522  -49.281  10.258  69.629 0.3750000000
139609  -10.460  7.912  66.650 0.1250000000
93568  -10.815  7.968  65.287 0.1250000000
93569  -11.187  7.164  65.214 0.1250000000
163935  -31.939  8.954  71.453 0.1250000000
96600  -48.593  10.261  68.693 0.3750000000
96581  -32.192  10.538  69.373 0.1250000000
95551  -48.573  9.028  68.271 0.3750000000
94575  -49.703  8.292  68.108 0.3750000000
94576  -50.280  7.915  67.750 0.3750000000
93557  -52.060  7.307  67.102 0.3750000000
92541  -53.411  6.463  66.078 0.3750000000
140651  -54.868  5.717  65.398 0.5000000000
91500  -54.186  6.139  66.150 0.3750000000
91512  -54.466  5.886  64.753 0.5000000000
91526  -55.717  6.114  63.994 0.5000000000
152509  -56.012  6.676  63.171 0.5000000000
92560  -56.491  6.240  63.152 0.6250000000
166709  -55.216  5.899  64.632 0.5000000000
92614  -56.491  7.244  60.865 0.7500000000
163575  -16.375  7.123  82.115 0.8750000000
93362  -15.517  7.334  82.412 0.8750000000
95371  -17.500  9.851  80.400 0.7500000000
151414  -11.588  7.273  82.879 1.0000000000
92315  -11.688  6.140  82.766 1.0000000000
93342  -10.759  7.579  83.495 1.0000000000
91312  -13.160  5.728  83.352 0.8750000000
145823  -13.048  6.507  82.861 1.0000000000
93343  -12.565  7.304  82.647 1.0000000000
96425  -17.756  10.487  80.835 0.7500000000
97336  -17.573  11.315  80.412 0.7500000000
93326  -9.652  7.569  84.680 1.0000000000
94378  -10.674  8.278  83.875 1.0000000000
94368  -10.296  8.599  84.575 1.0000000000
93308  -8.792  7.970  86.207 1.0000000000
94367  -9.735  8.300  85.142 1.0000000000
94358  -9.422  8.610  86.062 1.0000000000
101084  -25.455  15.750  83.606 0.5000000000
101076  -16.687  15.811  84.423 0.5000000000
93295  -6.908  8.445  88.695 1.0000000000
94339  -8.226  9.468  88.238 1.0000000000
95313  -8.865  9.901  88.090 1.0000000000
103413  -20.446  18.249  85.093 0.5000000000
104100  -22.233  19.048  83.952 0.5000000000
103440  -23.669  17.491  82.445 0.5000000000
97282  -6.111  11.645  87.813 1.0000000000
167221  -19.832  19.303  84.380 0.5000000000
104809  -20.583  19.872  83.607 0.5000000000
104820  -21.374  20.011  82.899 0.5000000000
99283  -23.436  13.859  72.575 0.1250000000
104831  -21.328  19.541  81.872 0.3750000000
156544  -5.199  12.105  87.069 1.0000000000
104121  -21.094  19.132  81.615 0.3750000000
103456  -19.274  18.398  80.244 0.3750000000
96545  -19.884  10.361  71.633 0.2500000000
93511  -18.498  6.982  70.809 0.2500000000
91445  -19.675  6.088  70.226 0.2500000000
93512  -18.952  7.600  70.114 0.2500000000
167414  -31.736  5.430  82.328 0.3750000000
92479  -21.858  6.129  69.445 0.3750000000
163128  -22.581  5.223  68.859 0.3750000000
92436  -8.551  6.610  72.623 0.8750000000
91416  -10.029  5.300  71.447 0.5000000000
90461  -23.368  4.574  68.174 0.3750000000
91430  -10.328  5.500  70.613 0.3750000000
92356  -31.561  6.385  80.539 0.3750000000
92463  -10.074  6.266  70.327 0.3750000000
93510  -9.237  7.307  70.441 0.5000000000
92474  -9.755  6.953  69.946 0.3750000000
89437  -27.303  3.924  67.909 0.6250000000
95554  -9.775  9.264  67.025 0.1250000000
95563  -9.989  9.193  66.259 0.1250000000
96629  -10.429  10.477  64.619 0.1250000000
95569  -10.175  9.590  65.456 0.1250000000
160757  -10.345  9.890  64.865 0.1250000000
94601  -10.484  9.225  64.744 0.1250000000
139533  -56.302  8.533  60.582 0.7500000000
151120  -48.382  8.970  59.511 0.2500000000
95626  -53.516  10.123  58.274 0.3750000000
95645  -51.791  9.593  56.367 0.2500000000
94388  -13.329  8.308  82.207 1.0000000000
95368  -12.452  9.607  80.799 1.0000000000
95350  -12.021  8.957  82.513 1.0000000000
92318  -14.404  7.227  83.339 0.8750000000
93360  -13.889  7.791  82.664 1.0000000000
94432  -15.191  9.048  78.824 0.8750000000
95381  -16.464  9.293  79.074 0.7500000000
94379  -11.226  8.251  83.312 1.0000000000
95395  -16.180  9.822  78.449 0.7500000000
94369  -10.911  9.057  83.904 1.0000000000
95349  -11.501  9.674  82.806 1.0000000000
95342  -10.834  9.922  84.133 1.0000000000
99198  -17.138  13.787  80.897 0.6250000000
154932  -9.739  10.738  87.570 1.0000000000
97284  -8.077  11.992  88.085 1.0000000000
100232  -22.038  14.293  71.772 0.1250000000
98212  -6.554  12.385  87.486 1.0000000000
104095  -17.396  19.359  84.593 0.5000000000
96547  -21.641  11.339  71.015 0.2500000000
98222  -4.807  12.617  86.687 1.0000000000
106282  -21.254  21.831  81.404 0.3750000000
99282  -20.615  14.207  71.987 0.2500000000
99289  -19.001  13.583  71.209 0.1250000000
98260  -4.460  12.614  82.262 1.0000000000
163801  -19.272  9.264  70.407 0.2500000000
95527  -20.090  9.580  69.161 0.2500000000
95526  -19.464  9.062  69.623 0.2500000000
94554  -19.495  8.177  69.385 0.2500000000
93538  -20.015  7.688  69.021 0.2500000000
93539  -20.643  7.657  68.623 0.2500000000
94465  -7.412  8.412  75.682 0.8750000000
92427  -7.756  7.198  73.622 0.8750000000
95407  -7.284  9.792  77.606 0.8750000000
92445  -8.039  7.039  72.283 0.8750000000
91458  -23.591  5.391  68.715 0.5000000000
93509  -8.609  7.545  70.828 0.7500000000
94553  -9.323  8.425  69.151 0.3750000000
93523  -9.063  8.015  70.068 0.3750000000
94458  -31.435  8.407  76.042 0.3750000000
98396  -7.876  12.363  68.072 0.2500000000
95525  -8.942  9.100  69.172 0.2500000000
148488  -9.324  9.522  68.041 0.1250000000
98406  -7.123  12.995  67.721 0.1250000000
99334  -8.083  12.919  67.544 0.1250000000
98407  -8.563  12.411  67.660 0.1250000000
97510  -9.208  11.403  67.569 0.1250000000
96601  -9.377  10.700  67.474 0.1250000000
95553  -9.512  9.807  67.376 0.1250000000
98408  -9.105  12.025  67.384 0.1250000000
97517  -9.928  10.956  66.041 0.1250000000
98433  -9.923  12.492  66.167 0.1250000000
96580  -31.653  10.990  69.825 0.1250000000
93613  -56.023  8.135  61.432 0.5000000000
94639  -55.025  8.771  60.999 0.5000000000
94638  -54.079  8.716  60.532 0.5000000000
94640  -55.719  8.706  61.094 0.5000000000
95605  -55.251  9.403  61.028 0.6250000000
149735  -53.762  9.414  60.573 0.5000000000
96666  -55.747  10.102  60.631 0.6250000000
156551  -49.438  9.829  59.696 0.2500000000
164125  -50.746  9.973  59.897 0.3750000000
141445  -51.963  10.886  60.754 0.5000000000
96679  -56.374  10.995  59.211 0.7500000000
96693  -55.395  10.804  58.793 0.6250000000
97589  -55.464  12.206  59.071 0.8750000000
96692  -54.047  10.772  58.680 0.3750000000
94706  -50.231  8.344  54.972 0.1250000000
96746  -51.917  10.200  51.741 0.2500000000
94796  -57.262  9.115  45.068 0.1250000000
95754  -57.913  9.585  45.643 0.1250000000
95756  -59.584  9.913  45.106 0.2500000000
97383  -15.624  11.286  77.509 0.7500000000
99221  -16.423  13.220  79.510 0.7500000000
98229  -10.122  11.909  85.612 1.0000000000
100143  -16.523  14.307  80.724 0.6250000000
162864  -8.728  12.383  87.369 1.0000000000
159207  -16.124  18.288  84.828 0.5000000000
99144  -7.690  13.006  87.178 1.0000000000
99317  -22.542  13.533  69.600 0.1250000000
99142  -5.780  13.128  87.354 1.0000000000
99316  -21.373  13.565  69.618 0.1250000000
99160  -4.174  13.177  86.274 1.0000000000
106268  -19.886  21.789  82.917 0.5000000000
153154  -23.027  11.088  66.627 0.2500000000
141323  -21.984  10.237  67.324 0.2500000000
105577  -20.464  22.035  80.327 0.2500000000
95564  -22.254  9.405  66.510 0.2500000000
95555  -21.629  9.336  67.049 0.2500000000
95565  -22.648  9.124  66.244 0.2500000000
97370  -4.463  11.025  78.889 0.8750000000
93540  -21.840  7.996  68.134 0.2500000000
96448  -6.196  10.636  78.435 0.8750000000
151113  -5.591  10.510  77.878 0.8750000000
95423  -3.968  9.345  75.977 0.8750000000
94452  -6.309  8.673  75.647 0.8750000000
94464  -5.603  8.303  75.118 0.8750000000
93457  -5.796  8.016  74.549 0.8750000000
139661  -6.907  7.654  74.211 0.8750000000
93470  -4.544  7.858  73.886 0.8750000000
95510  -7.834  9.061  70.389 0.6250000000
98395  -6.607  12.507  68.192 0.2500000000
97498  -5.933  11.875  68.663 0.2500000000
97576  -52.961  11.519  61.872 0.5000000000
139413  -52.129  11.798  61.628 0.6250000000
96651  -53.342  11.635  62.129 0.6250000000
97588  -54.522  12.310  58.742 0.7500000000
98501  -54.611  12.980  58.560 0.5000000000
149130  -51.570  10.103  54.384 0.2500000000
162798  -53.167  11.072  53.400 0.2500000000
96748  -54.288  10.899  51.152 0.2500000000
96774  -56.086  11.451  49.364 0.2500000000
96775  -56.556  11.357  48.753 0.2500000000
96802  -58.429  10.911  47.253 0.2500000000
95751  -58.603  10.016  46.205 0.2500000000
141017  -59.836  11.392  45.477 0.2500000000
95761  -60.552  9.776  44.010 0.2500000000
98670  -58.994  12.532  44.288 0.2500000000
97738  -59.810  11.219  43.288 0.2500000000
144095  -11.437  11.339  78.202 1.0000000000
97392  -11.846  11.867  76.920 0.8750000000
98329  -13.728  12.127  76.634 0.7500000000
98317  -15.353  12.092  77.376 0.7500000000
98316  -14.548  12.393  76.928 0.7500000000
97334  -10.604  11.162  81.716 1.0000000000
99162  -9.259  12.926  85.113 1.0000000000
100155  -14.541  15.279  79.918 0.5000000000
100141  -14.840  15.485  80.713 0.5000000000
99161  -8.594  13.444  85.557 1.0000000000
100092  -7.988  13.891  86.035 1.0000000000
99154  -7.798  13.473  86.697 1.0000000000
97527  -24.382  11.219  64.759 0.2500000000
99153  -7.078  13.692  86.909 1.0000000000
149294  -6.314  13.737  87.118 1.0000000000
104805  -16.790  19.883  84.082 0.5000000000
99152  -5.399  14.005  87.094 1.0000000000
99151  -4.192  14.072  86.703 1.0000000000
161478  -19.946  12.992  68.545 0.1250000000
106281  -21.330  22.586  81.036 0.2500000000
96620  -24.704  10.433  65.126 0.2500000000
99205  -3.392  13.280  81.085 1.0000000000
94582  -24.033  8.455  66.894 0.2500000000
96461  -3.431  11.079  77.844 0.8750000000
148432  -4.387  8.240  74.966 0.8750000000
147467  -23.255  6.729  70.351 0.2500000000
98393  -4.018  12.742  68.223 0.2500000000
95523  -7.770  9.744  69.967 0.3750000000
97497  -4.783  12.200  68.506 0.2500000000
96659  -48.662  11.565  60.388 0.2500000000
98487  -48.703  12.144  60.465 0.3750000000
97575  -50.612  12.431  61.248 0.5000000000
98490  -51.258  12.978  61.914 0.6250000000
99398  -51.024  13.698  61.583 0.6250000000
98480  -52.848  12.808  62.569 0.6250000000
99399  -52.050  14.515  61.806 0.6250000000
99409  -55.246  13.759  59.199 0.7500000000
166975  -53.424  12.242  58.041 0.5000000000
145805  -58.374  11.928  49.226 0.2500000000
140974  -57.851  11.653  49.122 0.2500000000
97711  -59.025  11.696  47.649 0.2500000000
98677  -59.060  12.595  43.212 0.2500000000
165931  -59.211  11.829  42.950 0.2500000000
154479  -12.453  11.798  76.748 0.7500000000
152502  -11.845  13.147  76.437 0.7500000000
98263  -9.700  12.126  82.071 1.0000000000
98274  -9.600  12.419  81.373 1.0000000000
99167  -8.633  13.538  84.683 1.0000000000
102752  -14.894  17.167  82.039 0.5000000000
100099  -7.465  14.540  85.691 1.0000000000
104110  -16.262  19.722  82.817 0.5000000000
100090  -6.333  14.451  86.777 1.0000000000
101066  -5.706  15.658  86.172 1.0000000000
100098  -4.439  15.206  86.250 1.0000000000
141143  -17.560  22.170  83.256 0.3750000000
106986  -17.850  23.585  82.727 0.3750000000
101064  -3.873  15.209  85.463 1.0000000000
106994  -20.852  23.837  81.072 0.2500000000
96622  -26.207  10.603  65.560 0.2500000000
95566  -25.334  9.100  66.358 0.2500000000
95567  -26.176  9.545  66.738 0.2500000000
96613  -26.559  10.226  66.297 0.2500000000
94583  -24.876  8.637  67.052 0.2500000000
157364  -2.875  12.341  78.937 0.8750000000
97368  -2.772  11.972  77.803 0.8750000000
97390  -2.970  11.288  76.929 0.8750000000
95434  -3.673  9.177  75.348 0.8750000000
93498  -24.792  7.729  71.866 0.2500000000
164436  -3.495  8.870  74.803 0.8750000000
94485  -3.969  8.189  73.612 0.7500000000
94497  -4.691  8.227  72.421 0.7500000000
96457  -31.890  10.629  78.299 0.3750000000
96573  -3.510  10.927  69.985 0.5000000000
99396  -49.810  13.329  60.627 0.5000000000
167030  -54.861  14.397  57.415 0.6250000000
99456  -54.306  13.862  55.983 0.6250000000
98641  -59.402  12.530  47.682 0.2500000000
99580  -59.069  13.681  45.610 0.2500000000
152822  -58.899  13.255  44.437 0.2500000000
99616  -59.402  13.857  43.576 0.3750000000
144153  -10.175  17.918  77.410 0.6250000000
98305  -9.830  13.178  78.716 1.0000000000
98295  -9.711  12.923  79.666 1.0000000000
100153  -9.063  14.217  79.020 0.8750000000
101116  -13.814  15.807  79.814 0.5000000000
100131  -7.958  14.331  81.449 1.0000000000
100119  -7.864  14.350  82.450 1.0000000000
101093  -7.630  15.714  81.769 1.0000000000
103442  -13.972  17.682  80.313 0.5000000000
100118  -7.641  15.269  82.566 1.0000000000
101957  -7.600  16.406  82.192 1.0000000000
147462  -7.529  17.878  81.776 0.8750000000
103441  -7.537  18.459  81.251 0.8750000000
104118  -16.407  19.291  80.924 0.3750000000
155772  -7.467  15.250  84.339 1.0000000000
154863  -7.240  15.821  84.933 1.0000000000
162639  -7.414  16.405  84.353 1.0000000000
101951  -7.557  16.502  83.066 1.0000000000
106980  -16.644  22.907  82.913 0.3750000000
105544  -16.291  21.796  82.759 0.3750000000
104830  -16.365  20.769  81.774 0.3750000000
101945  -6.972  16.473  85.797 1.0000000000
106272  -16.004  23.141  82.123 0.3750000000
101949  -5.106  16.353  84.668 1.0000000000
101936  -5.731  15.887  86.067 1.0000000000
101944  -6.177  16.238  86.537 1.0000000000
96614  -27.374  11.461  66.404 0.2500000000
149813  -24.600  8.689  69.454 0.2500000000
100149  -3.622  13.981  80.228 1.0000000000
156304  -3.542  13.484  78.876 1.0000000000
94541  -24.842  8.533  71.275 0.2500000000
98314  -3.608  12.633  76.980 0.8750000000
96494  -3.602  10.156  75.410 0.8750000000
95456  -3.582  8.843  73.601 0.7500000000
96520  -4.562  10.309  73.170 0.7500000000
96534  -4.686  10.797  72.500 0.7500000000
95507  -3.360  9.728  71.125 0.6250000000
97455  -2.726  10.857  70.749 0.5000000000
97482  -2.906  11.563  70.082 0.5000000000
101289  -52.871  16.396  60.090 0.7500000000
99543  -59.520  13.417  48.197 0.3750000000
98617  -58.850  12.273  49.612 0.3750000000
100509  -59.306  14.259  46.814 0.5000000000
100544  -59.006  14.597  45.504 0.3750000000
99603  -58.904  13.380  45.103 0.3750000000
167135  -59.349  14.687  44.402 0.3750000000
101573  -61.260  16.409  37.596 0.3750000000
101144  -9.807  15.458  76.854 0.7500000000
103476  -8.699  18.519  77.929 0.7500000000
101994  -7.963  16.937  78.821 0.7500000000
142862  -10.838  19.905  77.831 0.6250000000
104127  -7.922  19.852  78.922 0.7500000000
103467  -13.744  18.324  78.653 0.5000000000
153523  -7.644  18.053  80.032 0.7500000000
161614  -7.598  18.402  80.513 0.7500000000
143288  -7.483  19.114  81.649 0.8750000000
143289  -7.534  19.342  83.113 0.8750000000
149829  -16.325  21.025  79.924 0.3750000000
105565  -16.201  21.827  80.615 0.3750000000
158818  -28.099  13.536  67.187 0.2500000000
142281  -8.306  18.462  86.311 1.0000000000
104102  -8.033  18.995  84.858 0.8750000000
142568  -15.932  23.154  81.661 0.3750000000
103416  -7.854  17.357  87.298 1.0000000000
108385  -17.043  24.799  82.013 0.2500000000
100151  -5.059  14.731  79.494 1.0000000000
99227  -4.879  13.978  78.315 1.0000000000
139468  -4.470  12.724  76.447 0.8750000000
97416  -4.384  10.675  74.912 0.7500000000
97430  -5.317  11.095  73.394 0.7500000000
99288  -7.113  13.582  71.629 0.6250000000
98358  -5.843  11.990  71.848 0.7500000000
99431  -50.188  13.974  57.780 0.5000000000
98618  -59.319  12.959  49.856 0.5000000000
145675  -59.281  15.341  44.787 0.3750000000
101559  -60.496  17.769  38.487 0.3750000000
105586  -15.935  21.264  77.984 0.3750000000
147555  -7.417  21.187  81.417 0.7500000000
107010  -15.859  23.294  78.845 0.3750000000
106301  -16.036  22.320  78.301 0.3750000000
106993  -15.942  23.937  81.527 0.3750000000
103415  -5.886  17.109  87.726 1.0000000000
103408  -7.763  17.504  88.007 1.0000000000
159350  -7.963  19.516  86.918 0.8750000000
109105  -20.018  25.983  80.871 0.2500000000
102768  -6.426  17.374  79.997 0.8750000000
101121  -5.780  15.193  79.098 1.0000000000
100162  -5.353  14.510  78.718 1.0000000000
100171  -5.611  14.221  77.964 0.8750000000
99250  -5.885  13.682  76.297 0.6250000000
98344  -6.108  12.420  74.056 0.6250000000
99268  -6.684  13.140  74.202 0.6250000000
97431  -5.989  11.979  73.287 0.6250000000
98352  -7.083  13.037  72.740 0.6250000000
99458  -55.896  14.479  55.501 0.6250000000
102321  -58.825  16.174  45.361 0.5000000000
102342  -59.265  17.129  43.976 0.3750000000
103043  -59.695  17.935  43.026 0.3750000000
101521  -59.213  17.997  41.711 0.3750000000
103051  -59.332  18.096  42.260 0.3750000000
147260  -60.194  17.560  39.959 0.3750000000
101547  -60.170  17.691  39.242 0.3750000000
104900  -13.524  20.292  75.389 0.3750000000
158544  -8.129  22.253  79.700 0.7500000000
105623  -14.381  21.536  75.343 0.3750000000
142635  -7.697  22.197  83.007 0.7500000000
105543  -7.897  21.471  84.094 0.7500000000
106271  -7.968  22.681  83.660 0.7500000000
147009  -7.393  22.152  81.814 0.7500000000
104801  -6.593  19.656  87.045 0.8750000000
101122  -6.256  15.716  78.663 0.6250000000
99262  -7.141  14.158  75.042 0.6250000000
99269  -7.236  13.874  74.365 0.6250000000
104244  -3.664  19.553  67.526 0.5000000000
104994  -4.473  20.366  64.591 0.3750000000
102185  -55.138  17.580  55.883 0.6250000000
100401  -56.481  15.084  55.472 0.6250000000
102200  -56.439  17.190  54.095 0.6250000000
98596  -59.262  13.596  50.605 0.5000000000
101433  -58.002  15.565  47.808 0.6250000000
102320  -58.397  16.564  45.621 0.3750000000
103032  -58.219  17.506  44.341 0.3750000000
102341  -57.852  17.465  43.755 0.3750000000
106309  -10.324  22.199  78.048 0.6250000000
105606  -10.586  21.534  76.613 0.6250000000
107650  -8.585  24.974  82.735 0.7500000000
106992  -8.524  24.674  82.435 0.7500000000
106983  -8.213  23.849  83.215 0.7500000000
105622  -13.780  20.928  74.923 0.3750000000
106263  -8.021  23.059  83.867 0.7500000000
107648  -8.360  25.024  83.181 0.7500000000
106975  -6.603  23.388  84.972 0.7500000000
106253  -6.165  21.985  85.839 0.8750000000
106257  -5.808  22.962  85.317 0.8750000000
106258  -7.667  21.918  85.288 0.8750000000
104803  -5.734  19.241  86.683 0.8750000000
105538  -6.409  20.949  86.569 0.8750000000
105541  -5.811  21.304  85.733 0.8750000000
105537  -7.358  20.399  86.742 0.8750000000
108411  -14.616  26.426  79.864 0.2500000000
109801  -15.707  27.776  80.385 0.2500000000
162938  -6.580  17.781  78.639 0.6250000000
101143  -7.407  15.646  76.457 0.6250000000
148945  -7.705  16.171  73.654 0.6250000000
102045  -7.546  16.722  72.259 0.6250000000
103563  -3.571  19.117  66.966 0.5000000000
105729  -2.211  21.420  64.233 0.3750000000
105003  -3.627  20.721  64.001 0.3750000000
102197  -54.552  17.273  55.426 0.7500000000
102198  -55.468  17.662  55.050 0.6250000000
102210  -55.662  17.530  54.394 0.6250000000
161982  -56.139  16.694  53.390 0.6250000000
101374  -55.428  15.915  52.896 0.6250000000
100424  -55.623  15.425  52.058 0.6250000000
101376  -57.411  16.555  52.799 0.6250000000
101385  -57.521  16.062  52.096 0.6250000000
100447  -57.351  14.743  50.663 0.6250000000
145496  -9.545  26.429  81.727 0.7500000000
109096  -8.953  27.137  82.305 0.7500000000
107678  -9.476  24.507  78.461 0.7500000000
105634  -11.139  21.598  73.954 0.5000000000
141951  -11.741  21.242  73.736 0.3750000000
109095  -7.690  27.265  82.747 0.7500000000
105655  -12.188  21.422  73.286 0.3750000000
108376  -4.753  25.951  83.536 0.7500000000
107643  -6.443  24.461  84.266 0.7500000000
165824  -7.573  23.940  84.241 0.7500000000
159557  -14.202  22.419  74.326 0.3750000000
151484  -4.689  24.159  83.991 0.7500000000
156200  -7.679  17.143  74.994 0.6250000000
105694  -4.605  20.702  69.170 0.5000000000
104968  -4.234  20.112  68.885 0.5000000000
106391  -5.500  21.732  67.526 0.5000000000
105749  -4.820  21.483  62.475 0.1250000000
105759  -3.637  22.141  61.952 0.1250000000
107687  -9.360  25.032  77.842 0.7500000000
109092  -4.356  27.124  83.211 0.7500000000
109094  -6.311  27.285  83.077 0.7500000000
109794  -8.045  27.942  82.098 0.7500000000
108390  -8.550  27.563  81.534 0.7500000000
108403  -9.271  26.899  81.545 0.7500000000
108409  -8.561  25.461  79.237 0.7500000000
139387  -8.355  25.868  80.645 0.7500000000
107671  -9.055  24.831  79.124 0.7500000000
106977  -4.167  24.406  83.432 0.7500000000
106366  -13.042  22.308  72.267 0.3750000000
103475  -7.058  18.292  77.107 0.6250000000
102811  -7.485  18.028  75.470 0.6250000000
104948  -4.197  20.188  71.666 0.5000000000
146229  -5.290  21.260  70.984 0.5000000000
103492  -6.943  18.358  74.702 0.6250000000
145010  -6.777  23.061  67.054 0.5000000000
107208  -4.461  23.640  60.057 0.1250000000
108389  -7.335  27.470  81.287 0.7500000000
108407  -6.901  25.838  79.683 0.6250000000
143687  -8.207  25.778  79.203 0.7500000000
167817  -9.163  24.894  76.865 0.6250000000
107686  -8.942  25.221  77.259 0.7500000000
104166  -3.625  19.580  76.789 0.6250000000
103512  -5.399  18.142  72.881 0.6250000000
147514  -4.467  23.606  63.537 0.3750000000
107206  -2.731  24.307  61.056 0.1250000000
161031  -5.772  25.152  79.584 0.6250000000
107669  -6.561  25.429  78.820 0.6250000000
108421  -7.408  25.110  77.555 0.5000000000
108427  -8.169  25.130  76.904 0.5000000000
107751  -9.986  24.195  72.611 0.5000000000
107072  -10.489  23.536  72.224 0.5000000000
107100  -10.885  23.796  70.616 0.5000000000
106334  -2.722  22.310  76.025 0.6250000000
107047  -2.947  23.349  75.056 0.5000000000
107114  -11.920  23.893  69.685 0.5000000000
107831  -6.733  24.348  67.675 0.5000000000
108589  -4.186  25.627  61.316 0.1250000000
108588  -3.341  25.353  60.945 0.1250000000
107696  -5.248  24.073  76.736 0.5000000000
155045  -7.928  24.628  73.829 0.5000000000
150679  -3.171  24.030  77.559 0.5000000000
107693  -2.867  24.256  76.522 0.5000000000
106298  -2.657  22.158  78.204 0.6250000000
107046  -2.646  23.953  75.460 0.5000000000
151868  -2.130  24.966  74.293 0.5000000000
106997  -3.276  23.074  81.186 0.6250000000
108529  -7.356  25.073  66.186 0.5000000000
109266  -6.931  27.045  60.751 0.2500000000
109950  -5.877  27.448  60.519 0.1250000000
108590  -5.583  25.609  61.498 0.2500000000
109253  -7.187  26.446  61.271 0.2500000000
153626  -5.267  26.767  60.756 0.1250000000
110579  -3.982  28.679  60.114 0.2500000000
109949  -4.483  27.448  60.430 0.1250000000
108600  -3.296  25.921  60.369 0.1250000000
109274  -3.461  26.176  59.468 0.1250000000
107681  -3.805  24.123  77.834 0.5000000000
107025  -4.562  24.177  76.368 0.5000000000
107695  -4.007  24.170  77.111 0.5000000000
107748  -7.068  24.649  73.713 0.5000000000
147986  -2.356  25.821  75.338 0.5000000000
108433  -2.524  25.206  75.766 0.5000000000
107795  -14.066  24.764  70.532 0.3750000000
109204  -6.771  26.001  66.418 0.5000000000
109968  -3.846  27.654  59.097 0.1250000000
109281  -4.133  26.823  58.743 0.1250000000
109128  -3.374  26.230  75.238 0.5000000000
108435  -3.175  25.019  76.255 0.5000000000
108449  -6.007  25.363  73.436 0.5000000000
163305  -2.625  26.444  75.424 0.5000000000
109832  -4.738  27.458  73.327 0.5000000000
109139  -5.165  26.769  73.100 0.5000000000
107763  -6.694  24.981  73.069 0.5000000000
109176  -9.514  26.062  68.764 0.3750000000
109126  -2.034  26.439  74.265 0.5000000000
109830  -2.136  27.282  73.189 0.5000000000
146039  -2.459  26.822  72.195 0.5000000000
110447  -2.181  27.909  72.781 0.5000000000
111186  -2.608  28.833  70.431 0.5000000000
111213  -3.295  28.783  69.219 0.5000000000
109897  -4.855  28.039  66.810 0.5000000000
109898  -5.446  27.628  66.569 0.5000000000
109899  -6.076  27.548  66.117 0.5000000000
112067  -3.975  30.127  59.409 0.1250000000
110593  -4.205  28.207  58.591 0.1250000000
110605  -3.892  29.165  58.669 0.1250000000
110606  -4.758  28.703  57.962 0.1250000000
161612  -4.100  26.491  74.457 0.5000000000
109822  -3.425  26.889  74.825 0.5000000000
109154  -6.722  26.899  70.948 0.5000000000
110428  -0.816  28.544  75.651 0.5000000000
110434  -0.828  28.055  74.941 0.5000000000
166147  -0.926  28.748  74.730 0.5000000000
146577  -2.433  28.741  71.206 0.5000000000
111928  -2.845  30.698  72.025 0.5000000000
111179  -2.612  29.460  70.847 0.5000000000
139289  -3.847  33.414  72.090 0.5000000000
114069  -4.215  33.262  71.356 0.5000000000
113356  -4.875  32.249  70.460 0.5000000000
111231  -4.386  29.339  67.495 0.5000000000
109923  -7.998  27.810  64.101 0.3750000000
110545  -9.619  28.799  63.042 0.3750000000
111155  -1.354  29.071  76.353 0.5000000000
110450  -6.099  28.912  72.061 0.5000000000
111152  -2.822  30.495  76.754 0.5000000000
111913  -1.312  30.716  76.121 0.5000000000
111918  -0.695  30.099  75.512 0.5000000000
111923  -1.970  29.900  74.118 0.5000000000
162975  -3.934  33.936  71.601 0.5000000000
111914  -3.730  30.750  76.346 0.5000000000
111180  -6.622  29.480  71.669 0.5000000000
111188  -7.971  29.402  70.688 0.3750000000
111199  -9.611  29.391  69.839 0.3750000000
111915  -4.739  31.169  75.869 0.5000000000
112599  -4.935  31.934  76.133 0.5000000000
112591  -4.128  32.109  76.478 0.5000000000
167806  -6.052  30.941  74.222 0.5000000000
112614  -6.818  31.484  74.171 0.5000000000
111942  -8.132  30.284  71.574 0.3750000000
142898  -3.821  34.414  75.594 0.5000000000
114837  -4.605  34.441  75.645 0.5000000000
112592  -4.984  32.578  76.239 0.5000000000
114836  -3.860  35.145  75.358 0.5000000000
111189  -9.560  30.122  70.697 0.3750000000
112608  -7.418  32.262  74.472 0.5000000000
112626  -8.487  31.505  73.295 0.3750000000
111933  -10.345  31.216  72.291 0.3750000000
113322  -7.747  32.758  74.421 0.5000000000
142423  -6.568  34.283  74.585 0.5000000000
112617  -9.873  31.962  73.187 0.3750000000
146541  -6.325  35.272  73.597 0.5000000000
140968  -7.973  34.142  72.388 0.5000000000
117328  -3.045  37.309  73.766 0.5000000000
111945  -11.188  30.778  71.010 0.3750000000
161260  -9.596  32.866  72.885 0.5000000000
155990  -11.039  32.286  73.325 0.3750000000
114874  -8.880  34.075  71.133 0.5000000000
114072  -10.543  33.350  71.728 0.3750000000
114883  -8.623  34.311  70.373 0.3750000000
114884  -9.542  33.988  70.351 0.3750000000
71932  -21.144  -11.508  91.401 0.3750000000
71940  -20.981  -11.838  90.676 0.3750000000
73172  -21.599  -10.801  89.546 0.3750000000
73182  -21.795  -10.173  88.980 0.5000000000
73191  -21.062  -9.682  87.588 0.3750000000
70728  -20.708  -12.403  91.163 0.3750000000
155337  -21.686  -10.555  90.303 0.3750000000
75782  -21.497  -8.385  86.709 0.5000000000
75795  -21.442  -8.517  85.772 0.5000000000
75812  -22.102  -8.168  85.275 0.5000000000
143682  -22.677  -7.482  84.781 0.5000000000
78350  -23.174  -7.031  84.039 0.5000000000
66140  -17.998  -16.631  91.907 0.1250000000
74466  -21.976  -9.881  89.775 0.5000000000
67281  -17.991  -15.482  91.539 0.1250000000
68507  -19.497  -14.008  91.423 0.3750000000
73163  -21.491  -11.007  91.010 0.3750000000
74479  -21.667  -9.507  88.342 0.3750000000
77127  -22.067  -7.491  85.692 0.5000000000
69626  -20.549  -12.952  91.238 0.3750000000
78339  -22.722  -6.557  84.598 0.5000000000
79564  -22.776  -5.412  83.415 0.5000000000
80696  -22.947  -4.663  82.985 0.5000000000
80712  -22.791  -3.843  82.973 0.5000000000
152789  -22.982  -6.232  83.901 0.5000000000
81924  -23.742  -3.094  83.832 0.5000000000
66132  -18.379  -15.810  92.391 0.1250000000
68497  -19.743  -13.595  92.006 0.3750000000
69617  -20.611  -12.584  91.589 0.3750000000
71929  -21.343  -11.210  92.117 0.3750000000
143901  -21.585  -10.762  91.832 0.3750000000
67282  -18.622  -14.734  91.755 0.3750000000
74495  -22.012  -8.683  88.275 0.3750000000
70720  -20.787  -12.027  91.919 0.3750000000
142493  -22.129  -4.680  83.112 0.5000000000
79550  -22.344  -5.766  84.141 0.5000000000
81923  -22.755  -2.753  83.427 0.5000000000
69598  -5.138  -13.730  93.530 0.3750000000
71952  -5.036  -11.342  88.535 0.3750000000
73198  -6.317  -10.544  86.510 0.3750000000
73211  -6.798  -10.470  85.511 0.6250000000
77122  -7.288  -7.580  86.006 0.7500000000
77136  -7.555  -7.697  85.217 0.7500000000
67264  -18.866  -15.110  93.420 0.2500000000
70701  -20.973  -11.580  93.514 0.3750000000
71922  -21.325  -11.244  93.075 0.3750000000
69606  -20.128  -12.936  93.036 0.3750000000
70712  -20.846  -11.735  92.668 0.3750000000
71928  -21.103  -11.475  92.354 0.3750000000
70719  -20.578  -12.358  92.347 0.3750000000
142874  -21.863  -9.698  90.723 0.5000000000
158337  -21.547  -8.925  87.707 0.5000000000
81922  -22.002  -2.995  82.934 0.5000000000
83112  -22.497  -1.422  83.859 0.6250000000
83113  -23.005  -1.841  84.426 0.6250000000
75830  -22.442  -8.412  84.437 0.3750000000
79472  -34.199  -5.335  90.621 0.6250000000
69597  -3.866  -13.764  93.827 0.3750000000
159599  -2.447  -12.858  93.888 0.3750000000
71945  -3.950  -11.985  90.079 0.3750000000
73179  -6.038  -9.965  88.624 0.3750000000
75765  -6.924  -8.138  87.275 0.5000000000
77121  -7.013  -7.411  86.640 0.6250000000
75789  -7.224  -8.584  86.297 0.6250000000
78320  -6.744  -6.609  86.256 0.7500000000
78321  -7.198  -6.647  85.387 0.7500000000
164291  -7.503  -6.258  84.600 0.7500000000
80692  -7.268  -4.772  83.703 0.7500000000
71916  -21.524  -11.024  93.888 0.3750000000
73141  -21.757  -10.619  93.367 0.3750000000
73142  -22.029  -10.145  92.872 0.3750000000
71923  -21.554  -10.922  92.720 0.3750000000
157476  -21.707  -10.614  92.387 0.3750000000
73154  -21.754  -10.161  91.408 0.3750000000
160158  -22.115  -9.117  89.180 0.5000000000
75769  -21.852  -8.328  87.453 0.5000000000
75783  -21.830  -7.981  86.841 0.5000000000
79563  -21.733  -4.990  83.557 0.5000000000
142312  -22.037  -3.994  82.955 0.5000000000
78326  -22.261  -6.815  85.402 0.5000000000
84130  -23.260  -0.224  84.132 0.7500000000
79482  -34.624  -5.322  90.519 0.7500000000
77093  -6.438  -7.400  87.584 0.7500000000
73133  -21.180  -9.965  95.487 0.3750000000
73137  -21.409  -10.541  94.747 0.3750000000
73138  -21.873  -10.201  94.087 0.5000000000
73139  -22.085  -9.921  93.541 0.5000000000
149480  -22.143  -8.979  92.052 0.5000000000
73148  -21.984  -9.924  92.148 0.3750000000
165992  -22.001  -9.034  90.932 0.5000000000
75744  -22.068  -8.897  90.317 0.5000000000
143121  -22.123  -8.141  89.052 0.6250000000
75683  -20.175  -8.350  94.665 0.6250000000
75770  -22.121  -7.950  88.173 0.3750000000
75796  -21.748  -7.987  86.108 0.5000000000
148065  -22.112  -2.027  83.229 0.6250000000
84129  -22.746  -0.711  83.706 0.7500000000
85159  -23.460  -0.293  83.245 0.7500000000
141606  -23.657  -0.829  82.306 0.7500000000
78278  -34.885  -5.851  89.602 0.7500000000
83087  -30.465  -3.132  86.115 0.8750000000
165621  -29.932  -2.785  86.616 0.7500000000
78416  -8.067  -6.401  78.249 0.6250000000
78430  -7.353  -6.555  77.736 0.6250000000
152511  -6.638  -6.159  77.736 0.6250000000
77237  -7.582  -7.261  77.225 0.6250000000
139486  -4.924  -9.511  74.216 0.3750000000
163297  -6.827  -7.224  76.680 0.5000000000
75951  -6.264  -8.502  75.677 0.5000000000
74634  -5.531  -8.364  75.383 0.5000000000
74621  -7.063  -8.600  76.071 0.5000000000
73134  -21.757  -9.583  94.728 0.5000000000
74417  -22.245  -9.283  93.197 0.5000000000
74429  -22.209  -9.406  92.594 0.5000000000
74410  -21.725  -9.108  94.877 0.3750000000
74440  -21.964  -9.332  91.473 0.5000000000
140542  -21.982  -7.933  90.685 0.5000000000
147531  -22.389  -8.836  95.379 0.5000000000
75672  -21.760  -8.550  94.950 0.5000000000
74413  -21.514  -8.293  94.766 0.5000000000
150902  -22.081  -8.293  89.841 0.5000000000
77097  -21.983  -7.281  88.128 0.6250000000
157347  -21.972  -7.742  87.363 0.5000000000
78310  -21.838  -7.030  86.323 0.5000000000
79539  -22.062  -6.025  85.080 0.5000000000
75682  -18.938  -8.490  94.218 0.7500000000
84139  -22.649  -0.957  82.713 0.7500000000
84140  -24.767  -0.866  81.952 0.7500000000
85161  -25.061  -0.086  83.537 0.7500000000
84123  -27.065  -0.648  85.096 0.8750000000
84142  -26.202  -0.942  82.546 0.8750000000
83101  -29.038  -2.845  85.199 0.8750000000
78312  -33.845  -6.493  86.643 0.5000000000
83100  -28.394  -2.187  84.698 0.8750000000
74654  -4.332  -9.097  73.716 0.2500000000
165868  -4.282  -9.279  72.096 0.2500000000
75992  -5.410  -9.311  70.883 0.1250000000
76004  -5.176  -9.290  70.185 0.1250000000
76020  -6.589  -8.801  69.732 0.1250000000
75950  -5.799  -7.768  75.822 0.6250000000
75949  -4.872  -8.141  75.150 0.5000000000
160269  -4.875  -9.545  73.575 0.2500000000
78448  -5.815  -6.503  76.696 0.6250000000
77250  -5.623  -7.047  76.211 0.5000000000
164797  -21.941  -8.839  94.564 0.5000000000
75697  -22.059  -8.328  93.362 0.6250000000
75711  -22.197  -8.667  92.628 0.6250000000
75719  -22.052  -8.149  91.960 0.6250000000
75731  -22.023  -8.517  91.275 0.6250000000
75684  -21.830  -8.255  94.162 0.5000000000
146761  -20.906  -7.942  94.242 0.6250000000
77070  -21.984  -7.363  90.049 0.6250000000
77082  -22.017  -7.329  89.054 0.6250000000
75694  -19.765  -8.421  93.762 0.6250000000
151771  -21.875  -7.161  87.253 0.6250000000
78309  -21.634  -6.358  87.189 0.6250000000
78325  -21.619  -6.366  86.026 0.5000000000
79538  -20.990  -5.420  85.603 0.5000000000
79549  -21.408  -5.265  84.463 0.5000000000
84128  -22.296  -1.506  83.033 0.7500000000
84147  -22.078  -1.388  82.006 0.7500000000
83135  -22.285  -1.704  81.357 0.7500000000
157529  -21.796  -3.682  79.558 0.8750000000
162097  -24.091  -0.485  82.592 0.7500000000
149266  -21.262  -4.161  79.513 0.8750000000
75801  -33.317  -7.938  84.701 0.3750000000
77132  -34.054  -6.761  85.037 0.5000000000
75968  -3.868  -8.491  73.469 0.5000000000
75978  -3.552  -8.423  72.507 0.2500000000
74683  -4.017  -9.335  71.400 0.2500000000
160423  -4.466  -9.295  69.802 0.2500000000
159218  -5.480  -9.062  69.491 0.1250000000
78429  -6.028  -6.109  77.205 0.7500000000
77263  -4.604  -7.300  75.507 0.6250000000
75961  -4.570  -8.782  74.501 0.3750000000
77014  -22.054  -8.001  92.485 0.7500000000
154380  -21.945  -7.731  91.377 0.6250000000
75696  -21.495  -7.752  93.672 0.7500000000
78297  -21.801  -6.570  88.109 0.6250000000
80695  -21.303  -4.219  83.100 0.5000000000
79527  -21.153  -5.622  86.730 0.5000000000
80684  -20.753  -4.303  83.907 0.5000000000
80673  -20.716  -4.625  84.885 0.5000000000
83111  -21.632  -2.217  82.739 0.7500000000
84138  -22.001  -1.452  82.475 0.7500000000
84127  -21.555  -1.923  82.439 0.7500000000
80749  -20.312  -3.817  80.495 0.7500000000
81982  -21.019  -3.506  80.197 0.7500000000
83144  -21.128  -2.554  80.978 0.7500000000
81970  -21.809  -2.976  80.177 0.7500000000
83146  -23.042  -2.091  80.740 0.7500000000
80767  -20.552  -4.414  79.816 0.8750000000
78408  -20.150  -5.767  79.107 0.8750000000
79619  -20.481  -5.095  79.292 0.8750000000
75817  -33.620  -7.648  83.797 0.5000000000
75853  -33.647  -7.789  82.655 0.5000000000
159236  -3.538  -7.849  73.346 0.5000000000
148048  -3.318  -8.916  71.254 0.2500000000
79652  -5.103  -5.601  76.706 0.7500000000
78446  -4.756  -6.245  76.164 0.6250000000
77262  -4.122  -7.107  75.276 0.6250000000
151044  -3.824  -7.959  74.088 0.5000000000
157442  -3.626  -7.396  73.934 0.5000000000
78428  -5.443  -6.049  76.795 0.7500000000
160556  -5.018  -6.025  76.482 0.7500000000
77013  -21.671  -7.593  92.986 0.7500000000
77035  -21.720  -7.325  92.353 0.7500000000
77045  -21.853  -7.322  91.802 0.7500000000
139693  -21.840  -6.411  90.594 0.7500000000
78273  -21.868  -6.428  89.912 0.6250000000
75695  -20.808  -7.736  93.505 0.7500000000
163554  -20.018  -8.361  93.133 0.7500000000
78272  -21.691  -5.604  89.888 0.6250000000
78286  -21.838  -6.549  89.035 0.6250000000
75693  -18.766  -8.743  93.369 0.8750000000
78296  -21.587  -5.870  88.168 0.6250000000
79517  -21.271  -5.372  87.738 0.6250000000
79526  -20.676  -4.828  86.555 0.6250000000
151252  -21.147  -3.195  82.823 0.6250000000
80672  -20.222  -3.753  84.887 0.7500000000
83110  -21.021  -2.488  82.429 0.7500000000
83124  -20.823  -2.418  82.166 0.7500000000
84137  -21.468  -1.801  82.085 0.7500000000
83143  -20.539  -2.691  81.539 0.7500000000
83133  -20.944  -2.264  81.749 0.7500000000
81969  -20.408  -3.149  80.998 0.7500000000
83134  -21.602  -1.909  81.536 0.7500000000
80748  -19.849  -4.431  80.425 0.8750000000
79618  -19.946  -5.162  79.757 0.8750000000
74552  -33.753  -7.802  82.141 0.6250000000
158306  -3.510  -6.013  74.379 0.6250000000
78487  -3.586  -6.747  74.181 0.5000000000
77299  -3.242  -7.809  71.824 0.2500000000
78445  -4.351  -5.960  75.933 0.7500000000
77276  -3.852  -7.292  74.637 0.6250000000
78253  -21.734  -6.594  91.398 0.7500000000
77034  -21.422  -7.118  92.539 0.7500000000
77012  -21.297  -7.418  93.142 0.7500000000
78262  -21.733  -6.119  90.974 0.7500000000
75710  -20.534  -7.660  92.764 0.7500000000
79491  -21.661  -5.677  90.507 0.6250000000
75708  -19.278  -8.725  92.917 0.7500000000
78285  -21.597  -5.840  89.003 0.6250000000
79506  -21.194  -5.190  88.846 0.6250000000
79516  -20.836  -4.834  87.305 0.6250000000
79537  -20.266  -4.128  85.909 0.6250000000
80683  -20.429  -3.543  83.205 0.7500000000
81921  -20.354  -3.097  82.536 0.7500000000
159445  -20.183  -3.000  82.249 0.7500000000
81941  -19.814  -3.227  82.314 0.7500000000
81939  -18.883  -3.595  82.630 0.7500000000
163727  -19.446  -3.380  82.329 0.7500000000
81956  -19.951  -3.166  81.754 0.7500000000
83123  -20.355  -2.712  81.966 0.7500000000
79591  -18.882  -4.931  81.147 0.7500000000
80730  -18.817  -4.279  81.777 0.7500000000
81968  -19.820  -3.708  81.081 0.7500000000
79605  -19.280  -5.249  80.422 0.7500000000
78396  -19.018  -6.190  80.315 0.8750000000
75890  -34.416  -7.808  80.661 0.6250000000
80841  -3.164  -4.557  74.375 0.6250000000
78525  -3.390  -6.773  72.505 0.3750000000
78469  -3.996  -5.956  75.564 0.7500000000
78238  -21.605  -6.778  91.899 0.7500000000
77033  -20.961  -6.983  92.810 0.7500000000
78261  -21.551  -5.504  90.786 0.7500000000
79498  -21.489  -5.178  90.245 0.6250000000
80656  -20.685  -4.545  88.134 0.6250000000
155755  -20.166  -4.142  87.251 0.6250000000
81903  -19.812  -3.216  84.272 0.6250000000
81889  -19.575  -3.388  85.372 0.7500000000
81920  -19.664  -3.266  83.381 0.7500000000
81902  -19.142  -3.079  84.831 0.7500000000
157235  -19.264  -3.051  84.105 0.7500000000
142697  -19.691  -3.362  82.777 0.7500000000
147622  -18.410  -3.466  84.297 0.7500000000
81919  -19.195  -3.180  83.558 0.7500000000
79562  -17.926  -4.744  83.196 0.7500000000
80694  -18.316  -3.789  83.413 0.7500000000
81918  -18.810  -3.287  83.553 0.7500000000
79575  -18.069  -5.218  82.510 0.7500000000
79590  -18.445  -5.273  81.775 0.7500000000
78382  -18.287  -6.380  81.436 0.8750000000
78365  -17.968  -6.041  82.181 0.7500000000
79604  -18.738  -5.781  80.940 0.7500000000
78395  -18.607  -6.755  80.709 0.8750000000
75902  -18.016  -8.108  79.236 0.8750000000
75884  -17.889  -8.238  79.931 0.8750000000
78406  -18.941  -6.996  80.000 0.8750000000
75916  -17.692  -8.147  78.516 0.8750000000
156101  -18.580  -7.847  78.788 0.8750000000
77241  -17.525  -8.059  77.578 0.8750000000
152235  -18.410  -7.947  77.916 0.8750000000
79719  -3.559  -5.762  72.897 0.3750000000
78237  -21.199  -6.542  92.118 0.7500000000
78252  -21.500  -6.028  91.329 0.7500000000
75709  -19.811  -8.445  92.450 0.7500000000
163301  -20.537  -4.690  88.996 0.7500000000
81878  -19.502  -3.796  86.455 0.7500000000
81888  -19.046  -3.467  85.786 0.7500000000
81901  -18.644  -3.462  85.154 0.7500000000
80682  -18.125  -3.915  85.058 0.7500000000
79561  -17.579  -5.438  83.711 0.7500000000
80681  -17.873  -4.315  84.207 0.7500000000
78364  -17.606  -6.683  82.651 0.8750000000
79574  -17.706  -5.716  82.899 0.7500000000
78381  -17.849  -7.046  81.905 0.8750000000
75883  -17.086  -8.519  80.279 0.8750000000
77197  -17.727  -8.161  80.771 0.8750000000
75901  -17.367  -8.334  79.373 0.8750000000
77240  -16.635  -7.750  77.378 0.8750000000
75930  -35.882  -8.542  77.726 0.5000000000
75940  -36.088  -8.690  76.756 0.5000000000
74627  -35.257  -8.889  76.111 0.3750000000
75718  -20.213  -7.759  92.070 0.7500000000
78251  -21.175  -5.911  91.500 0.7500000000
74428  -19.095  -8.982  92.146 0.8750000000
75717  -19.638  -8.389  91.649 0.7500000000
79480  -21.386  -5.524  91.052 0.7500000000
80645  -21.219  -4.991  89.703 0.7500000000
79497  -20.809  -4.925  89.719 0.7500000000
80637  -19.733  -4.386  88.812 0.7500000000
81870  -19.416  -3.949  87.496 0.7500000000
81876  -18.712  -4.247  87.087 0.7500000000
80662  -18.088  -4.544  86.599 0.7500000000
80663  -18.434  -4.390  86.841 0.7500000000
81887  -18.717  -3.966  86.227 0.7500000000
77126  -17.095  -6.728  85.661 0.8750000000
78324  -17.301  -5.798  85.780 0.7500000000
80670  -17.906  -4.469  85.720 0.7500000000
77140  -17.059  -7.121  84.750 0.8750000000
79548  -17.494  -5.265  84.620 0.7500000000
77152  -16.771  -8.088  83.488 0.8750000000
77153  -17.247  -7.280  83.254 0.8750000000
78349  -17.463  -6.311  83.311 0.7500000000
75850  -17.015  -8.383  82.096 0.8750000000
77169  -17.398  -7.642  82.383 0.8750000000
75866  -16.389  -8.672  80.942 0.8750000000
75867  -17.066  -8.513  81.252 0.8750000000
75900  -16.597  -8.458  79.505 0.8750000000
75941  -37.182  -8.869  76.665 0.5000000000
75953  -37.453  -8.891  75.918 0.5000000000
75952  -36.378  -8.770  75.796 0.3750000000
74641  -36.216  -8.777  74.843 0.3750000000
162494  -36.980  -8.810  75.269 0.3750000000
78260  -20.978  -5.348  90.960 0.7500000000
79490  -21.326  -5.229  90.544 0.7500000000
81862  -19.249  -4.113  88.188 0.7500000000
80636  -19.909  -4.681  89.307 0.7500000000
81869  -18.904  -4.145  87.641 0.7500000000
78284  -18.241  -5.489  88.462 0.7500000000
79504  -18.385  -4.618  88.324 0.7500000000
80655  -18.482  -4.397  87.674 0.7500000000
77096  -17.573  -7.292  87.349 0.7500000000
141590  -17.713  -5.477  87.445 0.7500000000
79515  -18.184  -4.536  87.861 0.7500000000
77125  -16.912  -7.558  85.996 0.8750000000
78295  -17.530  -6.347  86.936 0.7500000000
145112  -17.620  -5.513  86.870 0.7500000000
75811  -16.170  -8.757  84.796 0.8750000000
77139  -16.748  -7.820  85.240 0.8750000000
143262  -16.666  -8.035  84.336 0.8750000000
143333  -16.415  -8.654  81.799 0.8750000000
75962  -36.953  -8.626  74.593 0.3750000000
74650  -36.122  -8.556  73.982 0.3750000000
74660  -36.090  -8.526  73.093 0.2500000000
75969  -36.873  -8.395  73.768 0.3750000000
77044  -20.800  -6.721  92.131 0.7500000000
77057  -20.586  -6.115  91.282 0.7500000000
77056  -19.757  -6.869  90.511 0.7500000000
79489  -20.701  -5.057  90.106 0.7500000000
77069  -19.078  -7.196  89.621 0.7500000000
78271  -19.552  -5.980  89.685 0.7500000000
143714  -19.991  -5.137  89.682 0.7500000000
160097  -17.399  -8.922  88.201 0.8750000000
75755  -17.758  -8.491  88.424 0.7500000000
77081  -18.247  -6.616  88.367 0.7500000000
78270  -18.773  -6.302  88.996 0.7500000000
75767  -16.883  -8.945  87.093 0.8750000000
161904  -17.295  -8.079  86.998 0.8750000000
74519  -15.955  -9.394  86.036 0.8750000000
75781  -16.908  -8.238  86.445 0.8750000000
77109  -17.260  -7.373  86.626 0.7500000000
74518  -15.143  -9.670  85.532 0.8750000000
75793  -15.914  -9.230  85.387 0.8750000000
75963  -37.656  -8.298  74.350 0.3750000000
166505  -38.277  -7.972  74.087 0.3750000000
75970  -37.512  -8.124  73.490 0.3750000000
75971  -38.022  -7.890  73.205 0.3750000000
74673  -36.244  -8.582  72.244 0.2500000000
75980  -37.233  -8.138  72.523 0.3750000000
75997  -37.155  -8.092  71.999 0.2500000000
74691  -36.057  -8.812  71.543 0.1250000000
74439  -18.861  -9.074  91.245 0.8750000000
77043  -20.103  -7.335  91.423 0.7500000000
74452  -18.310  -9.380  90.650 0.8750000000
75730  -19.421  -8.124  90.865 0.7500000000
74465  -18.251  -9.256  89.920 0.8750000000
75729  -18.799  -8.724  90.390 0.8750000000
77055  -19.138  -7.879  90.197 0.7500000000
75742  -18.038  -8.858  89.142 0.8750000000
75743  -18.649  -8.304  89.659 0.7500000000
77304  -38.500  -7.706  72.897 0.3750000000
75981  -37.740  -8.015  72.397 0.2500000000
77316  -38.061  -7.913  72.145 0.2500000000
74692  -36.544  -8.253  71.584 0.1250000000
77292  -39.458  -7.411  73.403 0.3750000000
77291  -38.876  -7.865  73.770 0.3750000000
77305  -38.945  -7.312  72.412 0.3750000000
77322  -38.693  -7.078  71.772 0.2500000000
150853  -41.000  -5.573  72.746 0.3750000000
78564  -39.547  -6.542  71.874 0.3750000000
79745  -40.394  -6.066  72.343 0.3750000000
158677  -39.918  -5.726  71.644 0.3750000000
141564  -39.336  -5.770  71.234 0.2500000000
79744  -39.751  -5.074  71.245 0.3750000000
80908  -39.574  -4.490  70.814 0.3750000000
80884  -41.478  -5.159  73.266 0.5000000000
155624  -41.109  -4.238  72.469 0.3750000000
144516  -40.328  -5.234  71.865 0.3750000000
80897  -40.736  -4.727  72.150 0.3750000000
80909  -40.098  -4.475  71.370 0.3750000000
143279  -40.439  -3.941  71.542 0.3750000000
161002  -40.242  -3.379  71.112 0.3750000000
82083  -39.888  -3.814  70.854 0.3750000000
143543  -39.882  -3.076  70.606 0.3750000000
80921  -39.348  -4.076  70.444 0.3750000000
83252  -39.303  -2.571  69.815 0.3750000000
82062  -41.516  -3.806  73.044 0.5000000000
83224  -41.313  -2.673  72.477 0.5000000000
82072  -40.756  -3.312  71.800 0.3750000000
83237  -40.718  -2.491  71.557 0.3750000000
83245  -40.337  -2.783  71.038 0.3750000000
84234  -40.444  -1.952  71.022 0.3750000000
84233  -40.083  -1.332  70.450 0.3750000000
84241  -39.448  -1.433  69.700 0.3750000000
84254  -38.799  -1.744  68.974 0.2500000000
85261  -38.927  -0.755  68.772 0.2500000000
84253  -38.618  -0.471  67.698 0.1250000000
106311  -17.852  22.398  77.836 0.2500000000
104879  -17.726  20.982  77.751 0.2500000000
84218  -41.489  -1.720  72.608 0.6250000000
84226  -40.986  -1.662  71.709 0.3750000000
85247  -39.751  -0.529  69.857 0.3750000000
86345  -39.525  0.997  67.506 0.1250000000
87345  -40.462  1.644  67.506 0.1250000000
88361  -43.334  3.163  68.020 0.3750000000
88378  -43.659  2.658  67.503 0.3750000000
152625  -39.034  0.201  68.091 0.1250000000
89442  -45.275  3.802  68.422 0.3750000000
112611  -21.422  31.463  74.705 0.2500000000
111917  -21.330  30.909  75.358 0.2500000000
111160  -21.066  30.334  75.989 0.2500000000
110427  -20.957  29.684  76.641 0.2500000000
110433  -20.457  28.972  76.132 0.2500000000
109814  -19.486  27.548  76.056 0.2500000000
109121  -19.139  26.780  76.474 0.2500000000
107018  -17.997  23.274  77.691 0.2500000000
107689  -18.238  24.181  77.446 0.2500000000
109122  -19.740  27.470  77.043 0.2500000000
85237  -40.599  -1.085  71.043 0.3750000000
86311  -40.079  0.173  70.292 0.3750000000
89411  -42.043  4.128  69.985 0.3750000000
143110  -39.362  -0.084  69.008 0.2500000000
87327  -39.872  1.448  68.998 0.2500000000
87328  -40.311  2.189  69.119 0.1250000000
89423  -41.489  3.422  69.526 0.3750000000
86332  -39.483  0.806  68.502 0.1250000000
87333  -39.836  1.451  68.139 0.1250000000
88360  -41.746  2.748  68.248 0.2500000000
151904  -42.571  3.022  68.150 0.3750000000
89440  -43.833  3.660  68.525 0.3750000000
112604  -21.646  32.286  75.173 0.2500000000
112603  -21.571  31.608  75.508 0.2500000000
143579  -20.668  28.878  77.013 0.2500000000
87322  -40.024  1.061  69.904 0.2500000000
162745  -40.171  1.734  69.631 0.3750000000
145997  -40.406  2.297  69.872 0.3750000000
89410  -41.226  3.668  70.454 0.3750000000
88348  -40.790  2.774  69.357 0.3750000000
154688  -40.424  1.747  71.779 0.3750000000
87323  -40.255  1.673  70.307 0.5000000000
88336  -40.378  2.430  71.459 0.5000000000
89422  -40.735  2.986  70.136 0.3750000000
93676  -55.048  7.161  55.879 0.3750000000
148066  -57.649  14.851  48.729 0.5000000000
100432  -55.866  14.889  51.351 0.5000000000
99527  -55.643  13.888  49.252 0.5000000000
100483  -56.797  14.640  48.483 0.5000000000
70699  -19.967  -12.835  94.919 0.3750000000
64837  -18.402  -17.405  93.250 0.1250000000
64851  -17.933  -17.959  92.781 0.1250000000
74399  -22.717  -10.194  97.356 0.3750000000
152470  -18.507  -16.706  92.805 0.1250000000
63479  -17.103  -18.293  91.618 0.1250000000
146812  -17.617  -17.638  91.878 0.1250000000
62164  -16.964  -19.019  91.826 0.1250000000
67273  -18.685  -15.215  92.714 0.1250000000
152056  -19.165  -14.128  92.893 0.2500000000
66124  -18.810  -16.022  93.227 0.1250000000
68477  -19.064  -14.522  94.574 0.2500000000
74406  -23.407  -8.524  95.990 0.5000000000
69605  -19.483  -13.634  93.823 0.3750000000
70700  -20.488  -12.136  94.168 0.3750000000
74403  -21.972  -9.698  95.452 0.3750000000
75673  -22.886  -6.911  94.982 0.5000000000
75664  -22.976  -8.489  95.540 0.5000000000
75663  -22.230  -7.525  95.103 0.5000000000
68508  -20.148  -13.531  91.140 0.3750000000
71905  -19.838  -11.381  95.885 0.3750000000
168000  -27.091  -0.494  86.263 0.7500000000
146126  -28.451  -1.903  85.486 0.8750000000
85162  -25.663  -0.138  84.160 0.7500000000
84124  -27.870  -1.239  85.336 0.8750000000
84122  -26.297  -0.281  84.699 0.7500000000
83096  -22.896  -0.756  84.539 0.7500000000
83085  -28.769  -2.141  86.074 0.8750000000
84133  -27.079  -0.954  83.999 0.8750000000
75882  -16.301  -8.566  80.179 0.8750000000
75914  -16.043  -8.224  78.884 0.8750000000
75848  -15.653  -8.763  82.293 0.8750000000
77226  -16.308  -7.978  78.173 0.8750000000
84148  -23.020  -1.360  81.702 0.7500000000
84149  -24.027  -1.324  81.608 0.7500000000
74535  -14.644  -9.098  83.701 0.8750000000
75828  -15.532  -8.903  83.225 0.8750000000
143019  -17.290  -7.802  76.732 0.8750000000
84141  -25.444  -0.522  82.609 0.7500000000
84131  -26.040  -0.467  83.192 0.8750000000
74463  -16.925  -10.026  89.170 0.8750000000
69591  -5.701  -12.994  94.361 0.3750000000
69599  -6.330  -13.553  93.572 0.3750000000
167575  -2.748  -13.084  94.202 0.3750000000
69590  -4.512  -13.112  94.292 0.3750000000
76972  -21.792  -6.371  95.325 0.5000000000
70722  -2.296  -13.000  92.299 0.3750000000
160916  -2.357  -13.359  93.187 0.3750000000
71938  -3.817  -11.574  91.143 0.5000000000
84143  -26.830  -1.160  83.036 0.8750000000
71946  -4.615  -11.450  89.372 0.3750000000
75655  -23.576  -8.264  96.734 0.5000000000
74400  -23.300  -9.392  97.015 0.3750000000
76974  -23.438  -6.771  95.506 0.5000000000
78215  -22.985  -5.378  94.738 0.5000000000
162594  -6.097  -9.165  89.089 0.3750000000
77115  -33.925  -6.759  85.863 0.3750000000
83072  -30.730  -2.825  87.004 0.8750000000
75818  -34.065  -6.904  83.668 0.5000000000
75764  -6.401  -7.983  88.019 0.6250000000
79532  -6.518  -5.808  85.821 0.7500000000
78346  -7.927  -6.491  83.953 0.6250000000
146466  -8.190  -5.792  79.512 0.6250000000
78415  -7.266  -6.071  78.331 0.6250000000
79707  -3.364  -5.302  73.864 0.3750000000
79687  -3.972  -5.275  75.663 0.7500000000
79672  -4.608  -5.630  76.241 0.7500000000
162608  -41.169  -0.181  71.972 0.5000000000
87303  -40.660  1.355  72.371 0.6250000000
88331  -40.422  2.341  72.359 0.5000000000
89441  -44.627  3.735  68.501 0.5000000000
161816  -56.282  5.874  57.084 0.3750000000
93662  -55.287  7.446  56.750 0.3750000000
100446  -56.206  14.496  50.601 0.5000000000
99528  -56.531  14.332  49.779 0.5000000000
74493  -16.362  -9.762  87.616 0.8750000000
74478  -17.351  -9.399  88.689 0.8750000000
74494  -17.044  -9.306  87.946 0.8750000000
74505  -16.149  -9.608  86.803 0.8750000000
74473  -6.439  -9.077  88.278 0.3750000000
77106  -6.713  -7.319  87.153 0.7500000000
84227  -41.313  -1.010  72.027 0.3750000000
162137  -41.006  -0.798  71.527 0.5000000000
89409  -40.613  3.128  70.973 0.5000000000
89438  -42.124  3.246  68.770 0.3750000000
89439  -42.999  3.523  68.599 0.3750000000
68496  -19.030  -14.385  92.378 0.2500000000
161686  -6.607  -9.737  86.750 0.3750000000
74488  -6.945  -9.055  86.649 0.5000000000
71960  -5.793  -11.080  87.101 0.3750000000
168337  -7.034  -9.610  86.117 0.5000000000
74513  -7.222  -9.554  85.702 0.6250000000
75790  -7.420  -8.566  85.643 0.6250000000
78335  -7.750  -7.044  84.583 0.7500000000
69595  -20.031  -12.934  93.979 0.3750000000
71915  -20.968  -11.363  94.475 0.3750000000
70711  -20.491  -12.240  93.223 0.3750000000
70734  -2.633  -13.004  91.494 0.3750000000
73188  -6.250  -10.035  87.462 0.3750000000
74487  -6.708  -9.023  87.351 0.5000000000
75779  -7.142  -8.105  86.837 0.5000000000
77110  -21.876  -7.586  86.581 0.5000000000
73128  -22.274  -10.681  96.671 0.3750000000
71906  -20.565  -10.823  95.426 0.3750000000
74414  -22.116  -9.179  94.026 0.5000000000
85166  -24.455  -0.206  82.937 0.7500000000
151348  -29.211  -2.362  86.717 0.8750000000
77236  -6.616  -6.630  77.079 0.6250000000
74646  -5.198  -9.046  74.836 0.5000000000
75937  -6.432  -7.666  76.207 0.5000000000
77251  -6.209  -6.959  76.560 0.6250000000
74635  -5.955  -9.258  75.147 0.5000000000
85155  -24.605  0.020  84.610 0.7500000000
85160  -23.984  0.118  83.917 0.7500000000
83099  -27.731  -1.559  84.361 0.8750000000
84132  -26.460  -0.562  83.756 0.8750000000
74664  -4.540  -9.251  72.808 0.2500000000
74665  -4.905  -9.407  72.148 0.2500000000
74684  -4.807  -9.398  71.332 0.1250000000
74702  -4.331  -9.427  70.546 0.2500000000
77249  -4.945  -6.810  75.988 0.6250000000
75960  -4.273  -7.882  74.804 0.5000000000
83145  -22.035  -2.245  80.783 0.7500000000
161719  -3.368  -7.580  72.693 0.3750000000
75991  -3.488  -9.289  70.575 0.2500000000
78470  -4.358  -6.549  75.728 0.6250000000
77058  -22.045  -7.039  90.922 0.7500000000
78504  -3.520  -6.243  73.528 0.3750000000
146391  -21.470  -5.179  89.757 0.6250000000
80731  -19.261  -4.300  81.046 0.7500000000
81940  -19.267  -3.352  82.904 0.7500000000
81955  -19.327  -3.658  81.774 0.7500000000
77212  -18.555  -7.749  79.601 0.8750000000
150598  -19.946  -4.119  88.229 0.7500000000
141843  -18.895  -3.102  84.264 0.7500000000
80711  -18.378  -4.405  82.540 0.7500000000
77183  -18.107  -7.371  81.146 0.8750000000
77198  -18.365  -7.630  80.377 0.8750000000
75915  -16.854  -8.296  78.735 0.8750000000
160179  -17.002  -8.153  78.049 0.8750000000
81877  -19.036  -3.951  86.798 0.7500000000
80671  -18.328  -4.118  85.890 0.7500000000
155720  -17.748  -4.504  85.043 0.7500000000
77182  -17.570  -7.968  81.599 0.8750000000
74613  -35.081  -8.769  77.007 0.3750000000
79514  -17.890  -4.855  87.280 0.7500000000
79525  -17.633  -5.129  86.300 0.7500000000
152899  -17.196  -6.777  86.279 0.8750000000
78338  -17.259  -6.074  85.085 0.7500000000
78308  -17.326  -6.018  86.298 0.7500000000
79536  -17.511  -5.155  85.445 0.7500000000
166382  -17.018  -7.418  83.988 0.8750000000
157014  -17.279  -6.422  84.101 0.7500000000
75829  -16.173  -8.668  83.783 0.8750000000
75849  -16.360  -8.555  82.758 0.8750000000
77168  -16.995  -8.085  82.805 0.8750000000
78259  -20.365  -5.638  90.394 0.7500000000
80644  -18.807  -4.260  88.160 0.7500000000
79505  -19.001  -4.394  88.607 0.7500000000
79496  -19.012  -5.019  89.114 0.7500000000
79503  -17.877  -4.994  87.952 0.7500000000
161958  -18.507  -4.400  88.135 0.7500000000
78283  -17.782  -6.147  87.822 0.7500000000
163129  -16.501  -8.935  86.404 0.8750000000
75794  -16.455  -8.545  85.763 0.8750000000
156388  -15.538  -9.139  84.163 0.8750000000
75810  -15.537  -9.287  84.904 0.8750000000
75756  -18.451  -7.676  88.805 0.8750000000
75768  -17.426  -8.381  87.716 0.8750000000
77080  -17.875  -7.450  88.038 0.8750000000
78538  -40.047  -6.812  72.895 0.3750000000
79756  -39.215  -5.126  70.784 0.3750000000
83244  -39.927  -2.231  70.453 0.3750000000
85236  -40.252  -0.603  70.555 0.3750000000
88359  -40.876  2.551  68.606 0.2500000000
88349  -41.362  2.959  68.901 0.1250000000
108430  -18.818  25.948  76.837 0.2500000000
144453  -40.626  -0.118  71.091 0.3750000000
86312  -40.293  0.871  70.725 0.3750000000
86322  -39.702  0.481  69.442 0.2500000000
142222  -40.683  0.851  71.593 0.3750000000
88341  -40.398  2.374  70.651 0.3750000000
99496  -55.182  14.111  50.774 0.5000000000
99542  -56.224  14.200  48.857 0.3750000000
73132  -20.199  -10.636  96.134 0.3750000000
70687  -20.331  -11.888  95.109 0.3750000000
73119  -22.833  -10.321  96.810 0.3750000000
74404  -22.716  -9.839  96.158 0.5000000000
74401  -23.431  -8.786  96.490 0.3750000000
84117  -28.129  -1.151  86.189 0.8750000000
83097  -23.486  -1.098  85.158 0.6250000000
84120  -23.724  -0.307  84.888 0.7500000000
85152  -25.208  -0.090  85.272 0.7500000000
84121  -24.407  -0.257  85.440 0.7500000000
147982  -26.571  -0.775  86.965 0.6250000000
83082  -24.150  -0.640  85.706 0.6250000000
84115  -24.823  -0.388  86.071 0.6250000000
81891  -25.567  -2.682  86.417 0.1250000000
83084  -25.281  -1.377  86.650 0.3750000000
83069  -25.275  -0.567  86.613 0.5000000000
84111  -25.748  -0.949  86.846 0.5000000000
83055  -27.081  -2.147  87.684 0.5000000000
141419  -28.725  -2.877  89.084 0.3750000000
81843  -28.517  -3.009  90.454 0.2500000000
83022  -28.440  -2.241  90.574 0.3750000000
84049  -28.314  -1.733  90.855 0.3750000000
81925  -24.592  -3.474  84.127 0.5000000000
81904  -23.895  -2.358  84.787 0.5000000000
81905  -24.683  -2.909  85.135 0.3750000000
83098  -24.195  -1.566  85.661 0.5000000000
80698  -25.195  -4.390  83.526 0.1250000000
81906  -25.387  -3.446  85.521 0.2500000000
81890  -24.908  -2.144  86.049 0.2500000000
159933  -26.020  -0.383  86.710 0.5000000000
84101  -26.372  -1.504  87.057 0.5000000000
84102  -27.198  -1.366  87.461 0.3750000000
83033  -28.924  -2.754  89.837 0.3750000000
83034  -29.203  -2.517  89.208 0.6250000000
85116  -28.803  -1.441  90.514 0.6250000000
168682  -31.418  -5.100  91.697 0.6250000000
80611  -32.003  -4.876  91.404 0.6250000000
71879  -20.033  -12.048  97.958 0.2500000000
73115  -19.048  -11.594  97.238 0.2500000000
71893  -19.488  -11.376  96.523 0.2500000000
70686  -19.624  -12.419  95.646 0.2500000000
80697  -24.416  -3.906  83.430 0.3750000000
80714  -24.567  -4.614  83.037 0.2500000000
83083  -24.629  -0.927  86.315 0.3750000000
79577  -24.708  -5.406  82.714 0.2500000000
84085  -28.045  -2.097  88.351 0.6250000000
83056  -28.958  -2.290  88.283 0.6250000000
83070  -28.484  -1.547  86.855 0.6250000000
143145  -29.846  -2.470  87.266 0.6250000000
84061  -30.215  -1.048  90.054 0.6250000000
69634  -20.770  -13.183  89.808 0.2500000000
67319  -19.828  -14.476  89.087 0.1250000000
68540  -20.780  -13.087  89.132 0.1250000000
81942  -23.664  -3.948  83.119 0.3750000000
159311  -19.099  -15.055  87.792 0.1250000000
79576  -24.194  -5.672  82.791 0.2500000000
164532  -23.331  -4.354  82.954 0.3750000000
153230  -23.820  -7.028  82.973 0.2500000000
78366  -24.008  -6.349  82.838 0.2500000000
75852  -23.385  -8.231  82.101 0.2500000000
77170  -23.691  -7.637  82.653 0.2500000000
78383  -24.262  -7.017  82.367 0.2500000000
84087  -30.602  -1.261  88.985 0.6250000000
80619  -33.346  -4.493  90.642 0.6250000000
69635  -20.835  -12.849  89.991 0.2500000000
70736  -21.021  -12.457  89.764 0.2500000000
68545  -20.760  -13.181  88.406 0.1250000000
70749  -21.099  -12.793  88.783 0.1250000000
70742  -20.905  -12.487  89.434 0.1250000000
67352  -19.975  -13.977  87.692 0.1250000000
78351  -23.505  -6.459  83.391 0.2500000000
79565  -23.588  -5.562  83.053 0.3750000000
67368  -19.979  -13.827  86.868 0.1250000000
77155  -23.471  -7.438  83.370 0.2500000000
74549  -22.335  -9.147  82.955 0.2500000000
75851  -23.126  -8.290  83.027 0.2500000000
69712  -20.007  -13.554  81.642 0.1250000000
73127  -20.898  -10.227  96.406 0.2500000000
73118  -22.189  -10.893  97.216 0.2500000000
71954  -21.267  -11.059  88.897 0.1250000000
68551  -20.698  -13.432  87.506 0.1250000000
149167  -20.880  -12.961  88.112 0.1250000000
71961  -20.903  -11.447  87.729 0.1250000000
68557  -20.565  -13.606  86.773 0.1250000000
162437  -21.037  -13.206  86.794 0.1250000000
147342  -20.774  -10.674  86.419 0.1250000000
74520  -20.905  -9.296  85.702 0.1250000000
69657  -21.005  -13.432  86.202 0.1250000000
71984  -20.915  -11.907  85.741 0.1250000000
73213  -20.717  -10.329  85.640 0.1250000000
145554  -21.614  -8.924  84.886 0.2500000000
68577  -19.792  -13.797  85.370 0.1250000000
71996  -20.649  -11.448  84.376 0.1250000000
73239  -20.793  -10.047  84.071 0.1250000000
74537  -22.002  -9.098  83.948 0.2500000000
160626  -22.646  -8.610  83.682 0.2500000000
68576  -19.043  -14.296  84.851 0.1250000000
69690  -19.885  -13.087  83.772 0.1250000000
72012  -20.491  -11.613  83.561 0.1250000000
164071  -20.796  -10.365  83.410 0.1250000000
74536  -21.327  -9.741  83.377 0.2500000000
68586  -19.046  -14.483  83.847 0.1250000000
69689  -19.451  -13.782  83.387 0.1250000000
70799  -19.862  -13.051  82.886 0.1250000000
146734  -20.612  -10.970  83.074 0.1250000000
74548  -21.691  -9.873  82.360 0.1250000000
155240  -18.870  -15.203  83.292 0.1250000000
73250  -20.662  -11.090  82.213 0.1250000000
73266  -21.158  -10.520  81.765 0.1250000000
68596  -19.247  -14.500  82.911 0.1250000000
163916  -19.960  -13.078  82.195 0.1250000000
70810  -20.166  -12.406  82.317 0.1250000000
142976  -20.885  -10.628  87.219 0.2500000000
166409  -20.999  -8.900  86.378 0.2500000000
73225  -20.859  -9.711  84.878 0.2500000000
151828  -21.192  -9.456  84.227 0.2500000000
104870  -34.170  20.535  78.291 0.1250000000
104871  -35.186  20.770  77.554 0.1250000000
104135  -33.329  18.939  79.195 0.1250000000
104148  -34.193  19.370  78.517 0.1250000000
147753  -34.833  19.803  78.026 0.1250000000
103461  -33.660  17.625  79.349 0.2500000000
104150  -35.361  18.509  77.460 0.1250000000
104149  -34.907  18.832  78.053 0.1250000000
103472  -34.280  18.304  78.657 0.2500000000
102791  -34.910  17.881  77.523 0.1250000000
102767  -33.193  16.369  80.318 0.2500000000
102779  -34.081  16.739  79.213 0.2500000000
102790  -34.444  17.087  78.411 0.1250000000
102802  -34.657  17.402  77.695 0.1250000000
101969  -32.479  15.636  81.095 0.2500000000
100126  -32.830  14.523  81.551 0.2500000000
101981  -33.282  15.461  80.580 0.2500000000
101119  -33.793  15.526  79.740 0.2500000000
102003  -34.293  16.529  78.536 0.2500000000
100125  -31.352  14.411  82.417 0.2500000000
159946  -32.301  14.576  82.043 0.2500000000
100127  -32.966  14.007  81.766 0.2500000000
101111  -33.353  14.737  80.649 0.2500000000
101129  -33.796  15.324  79.463 0.2500000000
101130  -34.142  15.929  78.731 0.2500000000
101141  -34.185  16.106  77.926 0.2500000000
99191  -30.646  13.810  82.824 0.2500000000
99181  -31.724  13.106  83.252 0.2500000000
99182  -32.482  13.179  82.782 0.2500000000
148455  -32.129  12.527  83.169 0.2500000000
99204  -33.138  13.646  81.471 0.2500000000
100148  -33.326  14.355  80.663 0.2500000000
99224  -33.322  14.123  80.552 0.2500000000
100161  -33.528  14.619  80.083 0.2500000000
99235  -33.093  14.014  79.707 0.2500000000
98303  -32.815  12.973  80.516 0.2500000000
98243  -30.830  12.275  84.537 0.2500000000
97318  -31.703  11.910  84.085 0.2500000000
97319  -32.444  11.918  83.182 0.2500000000
98270  -32.918  12.766  82.188 0.2500000000
97342  -32.831  12.278  82.101 0.2500000000
99214  -33.114  13.573  80.524 0.2500000000
97377  -32.195  12.450  79.656 0.2500000000
142379  -32.138  10.858  81.136 0.2500000000
97309  -31.009  11.597  84.878 0.2500000000
164097  -32.193  11.275  83.822 0.2500000000
96408  -32.543  11.288  83.218 0.2500000000
96420  -32.710  11.423  82.622 0.2500000000
96430  -32.534  11.533  81.738 0.2500000000
96429  -32.305  10.437  82.109 0.2500000000
139349  -32.136  9.741  85.008 0.2500000000
95348  -32.199  9.680  84.166 0.2500000000
96419  -32.457  10.538  83.269 0.2500000000
95356  -32.182  9.477  83.121 0.2500000000
94425  -28.391  8.900  79.471 0.2500000000
93417  -28.778  7.458  78.509 0.2500000000
93416  -28.534  8.222  79.033 0.2500000000
92406  -29.443  6.100  76.269 0.3750000000
146108  -29.816  4.971  75.169 0.3750000000
104854  -32.672  19.967  79.353 0.1250000000
104869  -33.162  20.752  78.873 0.1250000000
105594  -34.505  21.470  77.742 0.1250000000
104134  -32.078  19.201  79.738 0.1250000000
105604  -35.766  21.434  76.976 0.1250000000
104882  -36.181  20.545  77.024 0.1250000000
103460  -32.512  18.188  79.750 0.1250000000
103448  -31.065  18.168  80.127 0.1250000000
103449  -31.845  17.624  80.228 0.1250000000
104893  -36.893  20.834  76.524 0.1250000000
104164  -36.102  19.278  76.889 0.1250000000
101979  -31.472  17.029  80.367 0.1250000000
102766  -32.320  16.802  80.530 0.1250000000
102777  -32.893  17.224  80.046 0.1250000000
104894  -37.388  20.402  76.296 0.1250000000
103483  -36.265  18.793  76.441 0.1250000000
101978  -31.187  16.626  80.209 0.1250000000
101099  -31.017  15.127  81.235 0.1250000000
101968  -31.695  15.783  81.135 0.1250000000
101101  -32.204  15.204  81.604 0.2500000000
100147  -30.652  14.748  81.149 0.1250000000
100136  -31.424  14.977  81.812 0.2500000000
103488  -35.918  18.452  76.380 0.1250000000
150920  -34.529  16.860  77.681 0.1250000000
146377  -30.777  14.647  81.776 0.2500000000
98291  -29.327  12.451  81.341 0.1250000000
155475  -33.166  14.712  78.195 0.1250000000
100169  -32.860  14.149  78.588 0.2500000000
97341  -28.835  12.000  82.016 0.1250000000
100181  -33.153  14.939  77.329 0.2500000000
168724  -32.167  12.902  79.081 0.2500000000
97366  -32.075  11.591  79.865 0.2500000000
96436  -32.055  10.608  80.104 0.2500000000
97340  -28.572  11.136  81.216 0.1250000000
98322  -31.954  12.960  78.309 0.2500000000
97376  -31.930  11.556  78.928 0.2500000000
161735  -32.006  10.866  79.220 0.2500000000
97351  -28.532  11.193  80.403 0.1250000000
96428  -28.444  10.367  81.358 0.1250000000
97387  -31.829  11.514  77.987 0.2500000000
157183  -28.375  10.458  80.517 0.1250000000
94413  -28.397  9.199  80.269 0.1250000000
94435  -28.359  8.867  78.785 0.1250000000
93428  -28.566  7.907  77.726 0.2500000000
158945  -29.577  5.650  75.568 0.3750000000
92405  -28.979  6.944  76.779 0.3750000000
142210  -28.275  8.356  77.033 0.2500000000
92416  -29.199  6.358  75.437 0.3750000000
155818  -29.501  5.820  74.897 0.3750000000
168539  -29.088  6.482  74.805 0.3750000000
141878  -29.521  3.766  72.002 0.3750000000
90413  -29.820  4.454  73.699 0.3750000000
88340  -28.669  2.434  71.129 0.5000000000
104853  -31.456  20.174  79.894 0.1250000000
106333  -34.607  22.429  76.901 0.1250000000
104841  -30.434  19.788  80.188 0.1250000000
105614  -34.454  22.067  76.548 0.1250000000
105630  -35.039  21.457  76.164 0.1250000000
105631  -36.199  21.357  76.253 0.1250000000
103457  -30.343  19.329  79.846 0.1250000000
105648  -33.605  21.509  74.995 0.1250000000
105649  -34.579  21.213  75.244 0.1250000000
103458  -30.595  18.548  79.719 0.1250000000
102765  -30.975  17.782  79.984 0.1250000000
105667  -33.150  21.246  74.478 0.1250000000
104943  -33.374  20.419  72.976 0.1250000000
105668  -34.296  21.187  74.356 0.1250000000
104929  -34.923  21.045  73.635 0.1250000000
104905  -36.983  21.058  75.827 0.1250000000
102789  -30.571  17.888  79.280 0.1250000000
104914  -37.433  20.401  75.373 0.1250000000
104174  -37.659  19.766  75.950 0.1250000000
148983  -30.556  17.217  78.785 0.1250000000
102776  -30.887  17.455  79.818 0.1250000000
102808  -30.416  17.167  76.804 0.1250000000
102801  -30.451  17.216  77.798 0.1250000000
151053  -30.766  16.542  79.277 0.1250000000
143342  -30.825  15.953  80.158 0.1250000000
100135  -30.334  14.203  81.783 0.1250000000
104175  -37.982  19.917  75.179 0.1250000000
103490  -37.537  19.348  75.475 0.1250000000
102809  -35.603  18.115  76.466 0.1250000000
102025  -34.762  17.055  76.620 0.1250000000
102015  -30.548  16.442  77.231 0.1250000000
101128  -30.771  15.778  78.807 0.1250000000
100168  -30.732  15.031  79.254 0.1250000000
100159  -30.355  14.276  80.504 0.1250000000
99213  -29.843  13.415  81.523 0.1250000000
157323  -34.319  16.422  77.129 0.1250000000
101152  -33.779  15.694  77.035 0.1250000000
168182  -30.434  16.482  75.834 0.1250000000
101151  -30.552  15.683  76.675 0.1250000000
101139  -30.652  15.707  77.688 0.1250000000
100178  -30.348  14.248  78.496 0.1250000000
153809  -30.047  13.542  79.769 0.1250000000
142725  -29.614  12.819  80.775 0.1250000000
163268  -30.418  14.908  76.231 0.1250000000
100192  -30.544  14.918  77.110 0.1250000000
100191  -30.280  14.220  77.500 0.1250000000
99234  -29.991  13.540  78.808 0.1250000000
98302  -29.582  12.782  79.992 0.1250000000
98290  -29.038  12.031  80.362 0.1250000000
100180  -32.678  14.273  77.618 0.2500000000
100198  -30.295  14.729  75.506 0.1250000000
151195  -30.250  14.209  76.637 0.1250000000
168392  -29.962  13.662  76.991 0.1250000000
159778  -29.472  12.943  78.326 0.1250000000
98301  -29.003  12.095  79.364 0.1250000000
156351  -28.548  11.323  79.615 0.1250000000
99260  -32.181  13.727  77.025 0.2500000000
101161  -30.308  15.136  74.852 0.1250000000
163337  -30.219  14.234  75.979 0.1250000000
99258  -29.512  13.073  76.971 0.1250000000
98321  -29.191  12.661  77.667 0.1250000000
98310  -28.957  12.213  78.433 0.1250000000
149681  -28.326  10.553  79.779 0.1250000000
99265  -29.792  13.514  76.182 0.1250000000
150732  -28.926  12.412  76.938 0.1250000000
98320  -28.650  11.811  77.641 0.1250000000
161932  -28.576  11.466  78.807 0.1250000000
97365  -28.308  10.696  79.033 0.1250000000
95385  -28.280  9.941  79.972 0.1250000000
98341  -29.206  12.926  75.747 0.1250000000
98332  -28.719  12.188  76.146 0.1250000000
153830  -28.553  11.743  76.848 0.1250000000
97375  -28.306  10.980  78.164 0.1250000000
96456  -28.155  10.165  78.505 0.1250000000
95397  -28.245  9.512  78.831 0.1250000000
97397  -28.258  11.261  76.332 0.1250000000
97386  -28.288  11.037  77.200 0.1250000000
95415  -28.128  9.626  77.964 0.1250000000
139356  -28.256  9.050  78.201 0.1250000000
95414  -27.843  9.642  77.114 0.1250000000
94445  -28.058  9.055  77.468 0.2500000000
94456  -27.789  8.997  76.661 0.2500000000
93438  -28.502  7.717  76.402 0.2500000000
91404  -29.675  5.441  73.416 0.3750000000
92425  -29.328  6.210  74.085 0.3750000000
152854  -29.247  3.853  71.332 0.5000000000
90419  -29.696  4.620  72.228 0.3750000000
92432  -29.201  6.290  73.093 0.3750000000
146635  -28.573  2.942  70.200 0.5000000000
159862  -32.255  20.787  79.362 0.1250000000
105582  -32.508  21.603  78.908 0.1250000000
162430  -33.628  22.623  77.716 0.1250000000
104162  -29.886  20.101  78.295 0.1250000000
104851  -30.009  20.514  79.561 0.1250000000
105666  -31.943  21.562  74.384 0.1250000000
104944  -34.482  20.536  72.954 0.1250000000
104945  -35.532  20.562  73.035 0.1250000000
104173  -29.843  19.525  77.463 0.1250000000
166205  -30.305  19.328  79.576 0.1250000000
105693  -30.889  21.385  71.077 0.1250000000
104941  -31.458  21.035  72.598 0.1250000000
104930  -35.819  20.705  73.872 0.1250000000
103487  -30.091  18.732  77.169 0.1250000000
103481  -30.029  18.973  78.168 0.1250000000
103471  -30.323  18.784  79.096 0.1250000000
104965  -30.761  21.087  70.086 0.1250000000
104956  -32.086  20.284  71.978 0.1250000000
104957  -33.032  20.117  72.126 0.1250000000
104958  -34.024  20.085  72.194 0.1250000000
104931  -36.795  20.132  74.390 0.1250000000
104198  -36.214  19.985  72.410 0.1250000000
102807  -30.270  18.019  77.414 0.1250000000
104971  -30.635  20.948  69.102 0.1250000000
104966  -31.474  20.423  70.572 0.1250000000
104222  -32.332  19.858  70.602 0.1250000000
104947  -37.318  19.771  73.840 0.1250000000
103504  -37.993  19.009  74.277 0.1250000000
166579  -30.365  18.295  75.405 0.1250000000
103496  -37.697  18.887  75.108 0.1250000000
102032  -36.139  17.288  75.237 0.1250000000
102818  -30.391  17.738  75.045 0.1250000000
164429  -34.752  16.172  74.849 0.1250000000
101153  -34.351  16.226  76.306 0.1250000000
146096  -30.366  16.038  74.685 0.1250000000
101162  -30.432  15.768  75.662 0.1250000000
101172  -34.062  15.529  74.509 0.1250000000
101163  -33.564  15.337  75.329 0.1250000000
101164  -34.256  15.946  75.435 0.1250000000
101171  -30.246  15.360  74.095 0.1250000000
100216  -33.635  14.902  73.822 0.1250000000
100207  -33.255  14.928  74.576 0.1250000000
100199  -32.541  14.433  75.694 0.1250000000
100225  -29.518  14.715  72.762 0.1250000000
167123  -30.093  14.935  73.772 0.1250000000
163063  -32.032  13.168  74.000 0.1250000000
99266  -31.748  13.181  75.527 0.1250000000
98334  -31.653  12.378  76.769 0.2500000000
100224  -29.055  14.100  72.314 0.1250000000
100214  -30.092  14.528  74.247 0.1250000000
152520  -30.049  13.968  75.455 0.1250000000
141834  -31.762  12.423  74.054 0.1250000000
99294  -28.764  13.466  71.813 0.1250000000
99278  -29.088  13.198  73.512 0.1250000000
99272  -29.227  13.151  74.319 0.1250000000
149535  -29.773  13.738  74.757 0.1250000000
98371  -28.617  12.909  71.205 0.1250000000
98362  -28.620  12.520  72.065 0.1250000000
98347  -28.706  12.453  74.004 0.1250000000
162127  -28.859  12.620  74.685 0.1250000000
143033  -27.498  10.119  75.839 0.2500000000
98355  -28.652  12.440  73.093 0.1250000000
97435  -28.305  11.631  74.042 0.1250000000
97409  -28.334  11.578  75.497 0.1250000000
97408  -27.793  10.756  75.711 0.2500000000
96485  -27.825  10.379  76.600 0.1250000000
95428  -27.596  9.606  76.253 0.1250000000
94457  -27.991  8.449  76.109 0.2500000000
93463  -28.234  7.654  74.110 0.3750000000
147985  -28.372  7.564  74.769 0.3750000000
92431  -28.672  6.976  73.619 0.3750000000
158633  -29.008  6.356  72.347 0.3750000000
144622  -29.039  5.365  70.964 0.3750000000
91411  -29.531  5.573  72.458 0.3750000000
140723  -28.754  4.046  70.081 0.5000000000
152632  -31.817  22.212  78.927 0.1250000000
105592  -30.869  22.211  79.243 0.1250000000
106332  -33.959  22.737  76.850 0.1250000000
105580  -30.289  21.335  79.614 0.1250000000
106344  -32.479  22.305  75.742 0.1250000000
104868  -29.891  20.790  78.594 0.1250000000
105647  -32.496  21.904  74.905 0.1250000000
104926  -31.626  21.278  73.596 0.1250000000
104197  -35.037  20.065  72.251 0.1250000000
104210  -35.426  19.557  71.555 0.1250000000
106390  -30.457  22.645  68.318 0.1250000000
105692  -30.544  22.113  70.533 0.1250000000
104223  -33.201  19.625  70.669 0.1250000000
104224  -34.060  19.440  70.739 0.1250000000
156013  -36.357  19.474  71.491 0.1250000000
146838  -30.337  17.982  76.157 0.1250000000
106396  -30.569  22.640  67.593 0.1250000000
105712  -30.526  21.854  67.792 0.1250000000
104975  -31.037  20.196  68.641 0.1250000000
159801  -31.941  19.822  69.866 0.1250000000
104240  -31.573  19.626  68.203 0.1250000000
146835  -37.776  19.594  73.281 0.1250000000
106404  -30.769  23.171  66.984 0.1250000000
104980  -30.775  21.263  67.143 0.1250000000
145123  -31.047  20.398  67.186 0.1250000000
104986  -31.158  20.805  66.428 0.1250000000
104211  -37.265  19.706  72.134 0.1250000000
104191  -38.405  19.214  73.286 0.1250000000
102820  -38.091  18.662  74.143 0.1250000000
108546  -31.814  25.316  65.600 0.1250000000
164664  -35.814  16.194  74.130 0.1250000000
151466  -36.660  16.751  74.530 0.1250000000
149608  -30.358  16.975  74.400 0.1250000000
140711  -37.831  16.865  73.166 0.1250000000
147473  -30.247  16.204  73.775 0.1250000000
101184  -36.613  15.940  72.317 0.1250000000
101179  -34.799  15.475  73.039 0.1250000000
101177  -29.965  15.363  73.296 0.1250000000
101188  -35.087  15.277  72.079 0.1250000000
156434  -33.407  14.431  73.256 0.1250000000
100233  -28.811  14.258  71.499 0.1250000000
100234  -29.142  14.878  71.959 0.1250000000
100226  -32.918  13.895  73.035 0.1250000000
98356  -32.033  12.860  73.373 0.1250000000
97474  -28.221  11.759  70.440 0.1250000000
159640  -28.675  13.668  71.079 0.1250000000
97436  -31.538  11.511  73.655 0.1250000000
97489  -27.797  11.180  69.904 0.1250000000
97462  -28.479  12.066  71.244 0.1250000000
96579  -27.399  10.596  69.422 0.1250000000
97473  -27.926  11.065  70.611 0.1250000000
151844  -28.366  11.581  71.921 0.1250000000
151072  -28.289  11.546  73.228 0.2500000000
96497  -27.376  10.242  75.154 0.2500000000
96563  -26.827  9.958  70.703 0.1250000000
151924  -26.824  9.887  72.197 0.1250000000
96537  -27.327  10.252  72.772 0.2500000000
97434  -27.806  10.912  73.844 0.2500000000
95493  -26.103  9.339  71.889 0.1250000000
94487  -26.949  8.544  73.736 0.2500000000
95447  -27.071  9.044  74.166 0.2500000000
95437  -27.381  9.517  75.423 0.2500000000
142277  -27.585  9.011  75.841 0.2500000000
95472  -25.673  8.638  72.258 0.1250000000
94500  -26.083  8.492  72.776 0.3750000000
93474  -26.479  8.383  73.210 0.3750000000
143072  -27.321  8.600  74.439 0.2500000000
94467  -27.616  8.598  75.251 0.2500000000
92468  -25.795  6.632  70.931 0.2500000000
161714  -27.585  6.734  71.268 0.3750000000
93487  -27.006  7.504  72.802 0.3750000000
93476  -27.860  7.592  73.277 0.2500000000
166363  -26.971  6.531  70.665 0.3750000000
142476  -28.341  6.761  71.896 0.3750000000
92441  -28.531  6.918  72.761 0.3750000000
148395  -26.963  5.876  69.212 0.5000000000
91453  -27.590  6.049  69.807 0.3750000000
163131  -28.262  5.425  69.640 0.3750000000
91410  -29.070  5.992  71.688 0.3750000000
146539  -27.724  5.314  68.959 0.5000000000
90433  -28.782  4.995  70.113 0.5000000000
147012  -32.579  22.976  77.659 0.1250000000
106319  -33.323  22.941  77.169 0.1250000000
106318  -31.639  22.899  77.334 0.1250000000
105579  -29.941  21.137  79.206 0.1250000000
106343  -31.703  22.875  75.317 0.1250000000
106353  -31.958  22.457  75.085 0.1250000000
139943  -29.590  20.394  77.533 0.1250000000
105684  -30.778  22.673  71.418 0.1250000000
104181  -29.924  19.885  76.102 0.1250000000
162229  -29.727  19.882  76.926 0.1250000000
104236  -33.597  19.192  70.014 0.1250000000
143269  -34.870  19.209  70.849 0.1250000000
104225  -35.669  19.158  70.846 0.1250000000
103494  -30.267  18.949  75.653 0.1250000000
107131  -30.867  24.214  67.416 0.1250000000
104248  -32.095  19.139  67.706 0.1250000000
104241  -32.388  19.209  68.608 0.1250000000
104226  -37.216  19.306  71.269 0.1250000000
104227  -38.055  19.163  70.952 0.1250000000
145632  -30.365  17.912  74.174 0.1250000000
104253  -31.517  19.845  66.381 0.1250000000
104212  -38.222  19.566  71.818 0.1250000000
104200  -39.045  19.343  72.278 0.1250000000
164406  -38.134  18.016  74.194 0.1250000000
149602  -30.241  17.246  73.377 0.1250000000
153580  -40.398  18.438  72.055 0.1250000000
102831  -40.104  18.015  72.541 0.1250000000
102044  -38.565  17.364  73.266 0.1250000000
153732  -29.834  17.184  72.436 0.1250000000
102060  -40.096  17.230  72.341 0.1250000000
102050  -38.766  16.785  72.612 0.1250000000
102041  -29.940  16.313  72.871 0.1250000000
101182  -29.515  15.560  72.412 0.1250000000
101187  -29.029  15.723  71.539 0.1250000000
102059  -39.598  16.374  71.857 0.1250000000
102057  -37.495  16.288  72.441 0.1250000000
101194  -28.669  15.483  70.657 0.1250000000
100244  -28.610  14.428  70.463 0.1250000000
153740  -28.538  13.279  70.347 0.1250000000
150554  -28.496  13.860  69.695 0.1250000000
98378  -28.326  12.495  69.911 0.1250000000
97490  -28.047  11.858  69.525 0.1250000000
106305  -30.355  22.438  78.615 0.1250000000
146705  -30.874  22.899  77.804 0.1250000000
107035  -30.812  23.807  75.609 0.1250000000
144223  -32.361  22.734  76.922 0.1250000000
107045  -31.167  23.631  74.889 0.1250000000
105589  -28.959  21.991  77.614 0.1250000000
106352  -31.271  23.307  74.599 0.1250000000
104881  -29.541  20.876  77.792 0.1250000000
106371  -31.174  23.621  73.220 0.1250000000
106370  -31.166  23.610  72.314 0.1250000000
151458  -30.768  23.238  70.806 0.1250000000
103557  -33.270  18.840  68.545 0.1250000000
103529  -35.198  18.913  70.294 0.1250000000
104904  -29.427  20.841  75.703 0.1250000000
106385  -30.429  22.750  69.176 0.1250000000
103558  -33.966  18.636  68.325 0.1250000000
103530  -35.931  18.842  70.219 0.1250000000
103531  -37.010  18.923  70.382 0.1250000000
103508  -30.248  18.877  73.999 0.1250000000
107138  -31.177  24.021  66.579 0.1250000000
104254  -32.024  19.174  66.826 0.1250000000
143000  -34.733  18.531  68.517 0.1250000000
102834  -29.329  17.289  71.636 0.1250000000
141178  -38.838  18.991  70.388 0.1250000000
102047  -29.450  16.423  72.052 0.1250000000
103544  -40.212  19.120  69.978 0.1250000000
100259  -28.455  14.582  68.627 0.1250000000
101202  -28.558  15.351  69.684 0.1250000000
142215  -40.874  16.881  71.624 0.1250000000
145703  -40.188  18.896  68.988 0.1250000000
91443  -10.632  5.721  69.735 0.1250000000
106317  -30.045  22.816  77.607 0.1250000000
106329  -30.687  23.240  76.773 0.1250000000
106304  -29.668  22.031  78.005 0.1250000000
105601  -29.325  21.246  77.688 0.1250000000
158417  -31.383  24.539  72.635 0.1250000000
104891  -29.123  20.988  77.334 0.1250000000
108534  -30.827  25.695  66.939 0.1250000000
107828  -30.697  24.596  68.362 0.1250000000
104185  -30.129  19.720  74.913 0.1250000000
107846  -31.083  24.888  66.828 0.1250000000
104196  -29.353  19.628  72.288 0.1250000000
109222  -31.661  26.149  65.658 0.1250000000
159558  -35.151  18.402  67.860 0.1250000000
103542  -36.332  18.649  69.532 0.1250000000
161544  -28.698  16.767  70.326 0.1250000000
102840  -29.015  17.908  70.936 0.1250000000
139969  -39.108  18.614  68.378 0.1250000000
158695  -28.552  15.601  68.943 0.1250000000
100268  -28.432  14.770  67.867 0.1250000000
98440  -27.329  12.782  65.022 0.1250000000
151404  -38.305  10.901  76.225 0.5000000000
107023  -29.821  23.425  77.020 0.1250000000
106315  -27.804  22.577  77.315 0.1250000000
105600  -28.406  21.719  77.231 0.1250000000
104903  -28.690  21.310  76.806 0.1250000000
107119  -30.697  24.004  69.606 0.1250000000
104912  -29.543  20.597  74.457 0.1250000000
159249  -30.555  26.455  67.018 0.1250000000
108509  -30.241  25.635  68.384 0.1250000000
145811  -29.576  19.845  73.063 0.1250000000
104925  -29.345  20.472  73.545 0.1250000000
109211  -31.076  26.342  66.323 0.1250000000
166059  -29.231  19.270  71.720 0.1250000000
153203  -28.644  16.156  70.058 0.1250000000
150788  -28.538  16.127  68.360 0.1250000000
102078  -28.425  16.358  67.532 0.1250000000
150419  -28.349  14.963  67.073 0.1250000000
155729  -28.099  15.004  66.273 0.1250000000
99356  -27.661  13.561  65.373 0.1250000000
99355  -27.186  13.600  64.692 0.1250000000
97548  -25.172  12.094  63.816 0.1250000000
98455  -26.686  12.923  64.319 0.1250000000
162669  -25.436  12.659  63.658 0.1250000000
97547  -24.540  12.123  63.780 0.1250000000
164185  -23.763  11.727  64.510 0.1250000000
98439  -22.790  12.050  65.517 0.1250000000
153604  -22.336  12.220  64.659 0.1250000000
104940  -29.044  20.352  72.788 0.1250000000
109905  -31.282  27.941  66.249 0.1250000000
98424  -23.023  12.053  66.439 0.1250000000
98423  -22.175  12.232  66.000 0.1250000000
98453  -22.504  12.387  64.097 0.1250000000
84086  -30.013  -1.652  89.160 0.6250000000
84072  -29.508  -1.716  89.579 0.6250000000
83047  -31.001  -1.705  88.430 0.6250000000
98255  -30.439  12.782  83.984 0.2500000000
96399  -31.687  10.839  84.823 0.2500000000
92395  -28.943  7.076  77.634 0.2500000000
96500  -39.098  11.862  75.807 0.5000000000
141349  -32.046  9.921  80.947 0.2500000000
168459  -31.420  11.070  74.897 0.2500000000
93499  -25.618  7.535  72.199 0.2500000000
97410  -31.506  11.691  76.185 0.1250000000
162851  -31.477  11.734  75.334 0.2500000000
96593  -27.355  10.654  68.524 0.1250000000
144166  -26.940  10.029  69.834 0.1250000000
163179  -26.612  9.804  71.430 0.1250000000
97503  -27.698  11.281  69.033 0.1250000000
96578  -26.988  10.054  68.925 0.1250000000
100253  -28.499  14.533  69.409 0.1250000000
145797  -20.793  -12.289  90.705 0.2500000000
71947  -21.137  -11.573  89.333 0.1250000000
145584  -21.122  -10.507  88.227 0.1250000000
74506  -21.104  -8.980  87.093 0.2500000000
148355  -20.703  -12.864  90.445 0.2500000000
77154  -23.029  -7.909  83.934 0.2500000000
68525  -20.112  -13.822  90.580 0.1250000000
83058  -30.507  -2.301  87.856 0.6250000000
84116  -25.907  -0.158  85.990 0.6250000000
84112  -27.627  -0.934  86.902 0.7500000000
83071  -29.037  -2.121  87.461 0.6250000000
84103  -28.165  -1.555  87.598 0.7500000000
83057  -29.734  -2.222  88.038 0.6250000000
68537  -19.996  -14.187  89.880 0.1250000000
67335  -20.192  -14.047  88.508 0.1250000000
165404  -19.127  -15.061  88.358 0.1250000000
69640  -20.998  -12.723  89.463 0.1250000000
143232  -18.968  -14.994  86.984 0.1250000000
80713  -23.867  -4.868  82.893 0.3750000000
78367  -24.631  -6.197  82.455 0.2500000000
144703  -22.863  -8.767  82.298 0.2500000000
155936  -20.827  -13.585  86.780 0.1250000000
67384  -19.746  -13.965  86.286 0.1250000000
67367  -19.372  -14.442  86.577 0.1250000000
74561  -22.388  -9.326  81.908 0.1250000000
168125  -20.986  -11.285  88.377 0.1250000000
70755  -20.951  -12.508  87.364 0.1250000000
71973  -20.909  -11.567  86.673 0.1250000000
70765  -21.059  -12.599  86.353 0.1250000000
163263  -20.752  -11.141  85.937 0.1250000000
73201  -20.812  -9.783  86.598 0.2500000000
73224  -20.712  -10.583  84.666 0.1250000000
68568  -20.186  -13.732  86.064 0.1250000000
69668  -20.584  -13.487  85.674 0.1250000000
71983  -20.737  -11.235  85.206 0.1250000000
150755  -20.623  -12.834  84.982 0.1250000000
69679  -20.091  -13.228  84.747 0.1250000000
70790  -20.375  -12.377  84.190 0.1250000000
73238  -20.656  -10.825  83.855 0.1250000000
145532  -18.717  -15.021  84.211 0.1250000000
70800  -20.191  -12.362  83.224 0.1250000000
72026  -20.410  -11.691  82.731 0.1250000000
69702  -19.682  -13.710  82.488 0.1250000000
73251  -20.967  -10.386  82.694 0.1250000000
98256  -31.329  12.721  83.869 0.2500000000
97354  -32.735  12.345  81.366 0.2500000000
97353  -32.250  11.597  80.800 0.2500000000
96407  -32.256  10.541  84.004 0.2500000000
153578  -28.323  8.580  77.758 0.2500000000
105650  -35.633  20.994  75.541 0.1250000000
99223  -29.987  13.525  80.668 0.1250000000
149726  -31.768  12.290  77.702 0.2500000000
92415  -28.739  7.049  75.146 0.2500000000
92424  -28.729  6.984  74.435 0.3750000000
90424  -29.414  4.547  71.476 0.3750000000
101990  -30.937  16.619  79.923 0.1250000000
100179  -30.644  14.962  78.139 0.1250000000
101118  -30.836  15.838  79.915 0.1250000000
102814  -36.600  18.095  75.392 0.1250000000
100167  -30.409  14.298  79.545 0.1250000000
100194  -33.183  15.045  76.191 0.1250000000
99259  -31.774  13.130  76.448 0.2500000000
160138  -29.088  4.395  70.767 0.5000000000
105665  -31.340  22.384  73.920 0.1250000000
104972  -31.205  20.308  69.560 0.1250000000
102815  -37.342  18.454  75.039 0.1250000000
103502  -30.349  18.575  74.848 0.1250000000
102036  -37.123  17.743  74.931 0.1250000000
168311  -35.487  15.972  73.492 0.1250000000
101178  -34.271  15.337  73.693 0.1250000000
100206  -32.580  14.427  74.811 0.1250000000
146968  -32.231  13.789  74.332 0.1250000000
100217  -34.015  14.826  73.113 0.1250000000
99267  -32.078  13.834  76.082 0.1250000000
99279  -29.643  13.814  73.894 0.1250000000
98349  -31.594  12.458  74.984 0.1250000000
99284  -28.912  13.291  72.652 0.1250000000
97422  -28.475  11.944  74.722 0.1250000000
157724  -28.469  12.493  70.642 0.1250000000
168627  -28.202  11.271  72.520 0.1250000000
97421  -27.857  11.030  74.784 0.1250000000
105678  -31.108  22.162  73.096 0.1250000000
106381  -30.577  23.021  70.046 0.1250000000
166635  -32.373  19.462  69.366 0.1250000000
104247  -31.471  19.665  67.338 0.1250000000
106415  -31.537  22.603  65.925 0.1250000000
103509  -38.580  18.641  73.504 0.1250000000
102043  -38.133  17.352  73.878 0.1250000000
102049  -36.846  16.381  72.986 0.1250000000
101190  -37.054  15.741  71.746 0.1250000000
100228  -34.327  14.785  72.373 0.1250000000
96564  -27.449  10.525  70.403 0.1250000000
96549  -27.767  10.739  71.096 0.1250000000
96548  -27.238  10.264  71.295 0.1250000000
147382  -27.816  10.685  71.987 0.1250000000
96524  -27.332  10.238  73.525 0.2500000000
95448  -27.216  9.600  74.663 0.2500000000
96523  -26.878  9.630  73.109 0.2500000000
93485  -25.474  8.056  72.353 0.2500000000
93475  -26.886  7.975  73.371 0.2500000000
166811  -26.411  7.374  72.374 0.3750000000
141681  -26.346  6.950  71.673 0.3750000000
168659  -27.851  6.354  70.548 0.3750000000
92440  -27.872  7.255  72.518 0.3750000000
92453  -28.438  6.239  71.056 0.3750000000
103571  -32.709  18.783  67.239 0.1250000000
103521  -39.163  19.316  71.423 0.1250000000
168506  -37.828  18.970  70.314 0.1250000000
161350  -30.268  18.227  73.418 0.1250000000
102826  -39.299  18.311  72.965 0.1250000000
145631  -30.088  18.058  72.693 0.1250000000
102835  -40.770  17.726  71.919 0.1250000000
104207  -29.608  18.704  72.064 0.1250000000
102055  -28.759  16.278  70.837 0.1250000000
102065  -28.874  17.039  70.905 0.1250000000
102067  -40.287  16.032  71.113 0.1250000000
103520  -29.062  18.862  71.181 0.1250000000
140623  -38.902  18.712  69.350 0.1250000000
103543  -37.577  18.758  69.615 0.1250000000
102069  -41.506  17.624  70.888 0.1250000000
101209  -28.511  15.282  68.413 0.1250000000
109915  -31.624  27.114  65.800 0.1250000000
102839  -28.747  17.503  70.195 0.1250000000
102064  -28.630  16.897  69.637 0.1250000000
102846  -28.578  17.787  69.268 0.1250000000
74565  -33.154  -8.269  81.640 0.3750000000
74564  -32.716  -9.081  81.022 0.3750000000
74563  -32.666  -9.143  81.822 0.3750000000
74575  -32.979  -9.006  80.185 0.3750000000
145925  -33.696  -8.269  80.172 0.3750000000
155940  -3.322  -12.581  81.601 0.3750000000
74514  -7.542  -9.351  85.047 0.5000000000
73234  -5.566  -11.205  84.206 0.3750000000
74602  -34.223  -8.807  78.400 0.3750000000
75905  -34.564  -8.091  79.766 0.3750000000
75807  -7.976  -8.834  84.259 0.3750000000
73223  -6.949  -10.603  84.129 0.3750000000
72023  -5.209  -11.944  82.929 0.3750000000
72007  -3.477  -12.878  82.702 0.2500000000
74611  -33.605  -9.134  77.996 0.2500000000
165098  -33.711  -8.893  78.903 0.2500000000
146589  -34.024  -8.626  79.157 0.3750000000
75824  -8.828  -8.369  83.080 0.3750000000
74533  -8.017  -9.455  83.590 0.3750000000
73247  -6.669  -10.780  83.304 0.3750000000
72021  -3.757  -12.709  82.353 0.3750000000
75844  -9.059  -8.793  82.404 0.3750000000
73237  -8.040  -9.858  82.894 0.3750000000
72024  -6.493  -11.132  82.701 0.3750000000
141174  -5.632  -11.876  82.083 0.3750000000
72034  -4.132  -12.478  81.685 0.3750000000
74559  -8.676  -9.835  81.785 0.3750000000
73262  -7.780  -10.732  81.952 0.3750000000
72025  -7.015  -11.139  82.165 0.3750000000
73263  -8.480  -10.408  81.618 0.3750000000
77150  -8.436  -8.087  83.759 0.3750000000
74612  -34.172  -9.053  77.385 0.2500000000
77164  -8.728  -7.436  83.086 0.3750000000
78347  -8.345  -6.756  83.384 0.5000000000
77222  -8.789  -7.060  78.360 0.5000000000
78404  -9.189  -6.993  79.168 0.5000000000
141715  -9.359  -7.102  79.956 0.3750000000
78392  -9.201  -6.537  80.566 0.3750000000
78361  -9.171  -7.062  82.264 0.3750000000
73264  -9.034  -9.994  81.217 0.3750000000
77238  -8.544  -7.557  77.695 0.3750000000
151202  -34.887  -8.723  77.750 0.2500000000
74626  -34.391  -9.034  76.464 0.2500000000
144268  -8.578  -6.392  78.934 0.5000000000
74639  -34.339  -8.929  75.552 0.1250000000
78431  -8.121  -6.913  77.794 0.5000000000
79755  -38.696  -5.837  70.688 0.2500000000
167273  -38.837  -5.235  70.468 0.2500000000
82093  -39.392  -3.475  70.226 0.2500000000
83262  -38.537  -2.585  68.910 0.2500000000
86357  -45.857  1.083  65.943 0.2500000000
87366  -46.194  1.803  66.526 0.2500000000
161628  -46.613  1.302  65.988 0.3750000000
87351  -46.585  2.641  66.958 0.3750000000
88395  -47.511  2.713  66.745 0.5000000000
85303  -46.159  -0.127  64.258 0.2500000000
86367  -46.666  0.704  65.348 0.3750000000
144168  -48.108  1.238  65.278 0.5000000000
86373  -47.587  0.711  64.199 0.3750000000
86368  -48.094  1.015  64.764 0.5000000000
87381  -48.285  1.339  64.330 0.5000000000
163415  -48.726  2.287  63.537 0.5000000000
86385  -47.266  1.241  62.505 0.1250000000
160304  -47.872  1.741  62.910 0.5000000000
88432  -48.435  2.356  62.765 0.3750000000
88443  -49.165  2.777  63.056 0.5000000000
89581  -50.385  4.096  58.360 0.1250000000
143794  -51.238  4.279  58.503 0.2500000000
89603  -53.156  4.396  56.247 0.2500000000
88397  -50.042  2.728  66.296 0.5000000000
88396  -48.297  2.559  66.299 0.5000000000
87368  -48.717  1.945  65.567 0.5000000000
88423  -49.726  2.466  64.696 0.5000000000
88425  -51.239  3.025  64.669 0.5000000000
87377  -48.660  1.413  64.970 0.5000000000
88433  -49.239  2.339  64.024 0.5000000000
88434  -50.033  2.852  63.679 0.5000000000
89515  -51.521  3.358  63.171 0.5000000000
159622  -51.983  3.123  63.916 0.6250000000
145962  -53.254  3.180  62.569 0.3750000000
87399  -47.063  1.897  60.604 0.1250000000
87395  -47.943  2.434  61.239 0.1250000000
88453  -48.560  2.682  61.699 0.3750000000
88454  -49.353  3.075  61.975 0.3750000000
89514  -50.722  3.336  62.779 0.3750000000
89545  -50.962  3.622  61.765 0.3750000000
89532  -52.526  3.606  61.860 0.3750000000
150909  -53.564  3.801  61.485 0.3750000000
87400  -47.720  2.422  60.481 0.1250000000
88462  -48.434  2.816  60.579 0.2500000000
88463  -49.079  3.262  59.832 0.2500000000
155653  -50.589  3.882  60.736 0.3750000000
89560  -52.366  4.402  60.020 0.3750000000
90552  -53.258  4.367  60.325 0.3750000000
149740  -54.052  4.629  59.577 0.3750000000
87405  -47.850  2.627  59.017 0.1250000000
143479  -48.618  3.116  58.807 0.1250000000
89557  -49.785  3.726  59.198 0.2500000000
89569  -50.515  4.076  58.762 0.2500000000
89571  -51.975  4.355  58.687 0.2500000000
90582  -53.186  4.439  58.609 0.2500000000
163475  -53.689  4.514  59.070 0.3750000000
90584  -54.912  4.841  58.896 0.3750000000
88479  -48.169  2.887  58.498 0.1250000000
157265  -49.341  3.520  58.568 0.2500000000
165610  -52.208  4.406  58.283 0.2500000000
89594  -52.690  4.399  57.992 0.2500000000
90593  -53.374  4.551  57.055 0.2500000000
90595  -54.900  4.830  57.983 0.3750000000
91595  -55.704  5.380  57.482 0.3750000000
90605  -54.373  4.606  56.334 0.2500000000
146127  -55.049  4.939  56.892 0.2500000000
101362  -54.064  16.110  53.887 0.5000000000
100413  -53.436  15.173  53.339 0.3750000000
79559  -8.130  -6.036  83.284 0.5000000000
79587  -8.637  -5.883  80.380 0.3750000000
78403  -8.930  -6.411  79.728 0.5000000000
163052  -8.915  -6.006  81.204 0.5000000000
78377  -8.942  -6.230  82.023 0.5000000000
78360  -8.643  -6.537  82.763 0.5000000000
88381  -47.531  3.235  67.570 0.5000000000
155157  -49.051  2.770  66.257 0.5000000000
88411  -49.911  2.644  65.406 0.5000000000
88424  -50.447  2.929  64.434 0.5000000000
142280  -52.311  3.316  62.908 0.6250000000
90575  -54.277  4.637  59.236 0.3750000000
150043  -56.205  6.573  55.830 0.3750000000
87367  -47.834  1.880  65.966 0.5000000000
73199  -6.724  -10.080  86.180 0.5000000000
73210  -6.309  -10.903  85.727 0.5000000000
75806  -7.665  -8.467  84.963 0.5000000000
78336  -8.203  -7.290  83.864 0.5000000000
145483  -33.143  -8.331  82.459 0.3750000000
74576  -33.354  -8.219  80.834 0.5000000000
74640  -35.334  -8.792  75.174 0.2500000000
83251  -38.860  -3.213  69.572 0.2500000000
90606  -55.678  5.311  55.918 0.2500000000
77137  -7.989  -7.887  84.468 0.5000000000
74588  -33.217  -9.067  79.340 0.2500000000
73212  -7.223  -10.322  84.998 0.5000000000
73221  -5.942  -11.089  84.910 0.5000000000
73222  -6.403  -10.857  84.589 0.3750000000
74527  -7.574  -9.888  84.317 0.3750000000
73235  -6.084  -10.965  83.797 0.3750000000
144418  -4.805  -11.995  83.455 0.3750000000
75823  -8.424  -8.780  83.565 0.3750000000
73236  -7.448  -10.234  83.503 0.3750000000
167512  -5.255  -12.039  82.351 0.3750000000
151461  -5.824  -11.615  82.583 0.3750000000
72022  -4.417  -12.504  83.002 0.3750000000
157378  -33.419  -9.310  77.459 0.2500000000
75843  -8.594  -9.162  83.022 0.3750000000
77165  -9.268  -7.946  82.430 0.3750000000
75862  -9.371  -8.429  81.710 0.3750000000
73248  -7.352  -10.573  82.677 0.3750000000
163078  -6.272  -11.510  82.218 0.3750000000
74625  -33.570  -9.241  76.646 0.1250000000
78378  -9.321  -6.752  81.427 0.3750000000
142927  -9.432  -8.121  80.941 0.3750000000
77179  -9.463  -7.599  81.621 0.3750000000
151058  -33.936  -9.059  76.102 0.2500000000
74648  -34.432  -8.708  74.432 0.2500000000
87376  -47.329  1.216  65.649 0.3750000000
163919  -47.545  0.747  64.957 0.3750000000
86380  -47.727  1.199  63.529 0.5000000000
87382  -48.947  1.882  64.677 0.5000000000
87394  -47.374  1.950  61.403 0.2500000000
89570  -51.351  4.234  58.927 0.3750000000
142344  -53.407  4.441  58.000 0.2500000000
87378  -49.250  2.020  65.108 0.5000000000
88435  -50.980  3.138  63.794 0.5000000000
89531  -51.631  3.546  62.295 0.3750000000
155668  -49.136  3.173  60.883 0.3750000000
88455  -50.186  3.443  61.875 0.3750000000
89546  -51.730  3.980  61.051 0.3750000000
89547  -52.682  4.080  60.930 0.3750000000
161684  -48.315  2.851  59.563 0.1250000000
88472  -49.154  3.360  59.020 0.2500000000
168518  -49.772  3.477  61.143 0.2500000000
89544  -49.767  3.659  60.154 0.2500000000
89558  -50.554  4.047  59.463 0.2500000000
89559  -51.450  4.287  59.785 0.3750000000
90563  -52.151  4.336  59.159 0.3750000000
90573  -52.575  4.380  58.938 0.3750000000
90574  -53.217  4.450  59.136 0.3750000000
90583  -54.014  4.544  58.526 0.3750000000
90594  -54.119  4.594  57.506 0.2500000000
67255  -14.478  -15.125  95.304 0.1250000000
68467  -15.440  -14.829  94.759 0.1250000000
67250  -16.830  -15.060  95.550 0.1250000000
67254  -13.616  -14.972  94.824 0.1250000000
68473  -14.006  -14.582  93.806 0.1250000000
68476  -16.739  -14.417  95.111 0.1250000000
68466  -17.414  -14.999  95.610 0.1250000000
157564  -18.115  -14.880  95.703 0.1250000000
67262  -13.210  -15.545  93.122 0.1250000000
67251  -18.606  -15.081  95.341 0.1250000000
67271  -13.081  -15.759  92.228 0.1250000000
67279  -12.902  -15.331  91.445 0.1250000000
68506  -12.787  -14.482  91.376 0.1250000000
67256  -18.801  -15.838  94.778 0.1250000000
66138  -12.551  -16.597  91.405 0.1250000000
67297  -12.562  -15.781  90.812 0.1250000000
67296  -12.066  -15.526  90.084 0.1250000000
146363  -12.138  -16.984  89.617 0.1250000000
67331  -11.287  -15.865  88.536 0.1250000000
67315  -11.012  -15.203  89.089 0.1250000000
66154  -11.675  -16.733  88.829 0.1250000000
67348  -10.962  -15.776  87.691 0.1250000000
67365  -10.714  -15.815  87.051 0.1250000000
63523  -10.853  -17.866  87.622 0.1250000000
64897  -10.866  -16.944  86.569 0.1250000000
66187  -10.656  -16.241  86.460 0.1250000000
157365  -10.813  -17.518  86.981 0.1250000000
68482  -14.925  -14.166  93.477 0.1250000000
69593  -16.381  -13.322  94.074 0.1250000000
70698  -16.873  -13.002  94.813 0.1250000000
70683  -16.966  -12.702  95.855 0.1250000000
68481  -14.094  -14.044  93.062 0.1250000000
69604  -15.718  -13.729  93.639 0.1250000000
68475  -16.247  -14.195  94.377 0.1250000000
69586  -17.284  -13.625  95.741 0.1250000000
69587  -18.066  -13.866  96.190 0.1250000000
69624  -13.234  -14.019  91.843 0.1250000000
68523  -12.508  -14.889  90.958 0.1250000000
68472  -18.995  -14.510  95.258 0.1250000000
68535  -10.360  -14.736  89.615 0.1250000000
67314  -10.081  -15.023  89.076 0.1250000000
66111  -19.014  -16.013  94.075 0.1250000000
67330  -10.665  -15.305  88.309 0.1250000000
67363  -9.860  -15.390  86.789 0.1250000000
67346  -9.464  -15.167  87.486 0.1250000000
67381  -10.079  -15.889  86.144 0.1250000000
161568  -9.405  -16.000  85.792 0.1250000000
67380  -8.470  -15.976  85.998 0.1250000000
145218  -10.630  -18.195  86.933 0.1250000000
63536  -10.756  -17.701  86.349 0.1250000000
64912  -10.680  -17.191  85.344 0.1250000000
66207  -9.885  -16.421  85.411 0.1250000000
66206  -9.025  -16.360  85.249 0.1250000000
66224  -8.673  -16.704  84.720 0.1250000000
63535  -10.612  -18.440  86.198 0.1250000000
64913  -10.768  -17.362  85.797 0.1250000000
66226  -10.343  -16.969  84.964 0.1250000000
66225  -9.554  -16.856  84.612 0.1250000000
66238  -8.722  -17.029  84.112 0.1250000000
146097  -8.063  -16.872  84.529 0.1250000000
140254  -7.976  -16.473  85.205 0.1250000000
63551  -10.694  -18.576  85.417 0.1250000000
148500  -10.607  -17.794  83.964 0.1250000000
64940  -9.525  -17.271  83.755 0.1250000000
64939  -8.586  -17.348  83.242 0.1250000000
64924  -7.700  -17.162  83.927 0.1250000000
64923  -6.650  -17.116  84.098 0.1250000000
66223  -7.289  -16.869  84.685 0.1250000000
64960  -10.203  -17.972  82.961 0.1250000000
144372  -9.572  -17.611  83.026 0.1250000000
64938  -7.479  -17.320  83.150 0.1250000000
64957  -8.035  -17.414  82.379 0.1250000000
70710  -15.716  -12.929  93.561 0.1250000000
70673  -17.157  -12.169  96.287 0.1250000000
70674  -17.748  -12.194  96.517 0.1250000000
69603  -14.994  -13.470  93.225 0.1250000000
70709  -14.747  -12.542  93.355 0.1250000000
71892  -18.792  -11.726  96.828 0.1250000000
67263  -13.726  -14.888  93.147 0.1250000000
69615  -13.580  -13.541  92.465 0.1250000000
69585  -18.262  -12.960  96.374 0.1250000000
70676  -19.279  -11.918  96.303 0.1250000000
69623  -12.557  -13.620  91.469 0.1250000000
69614  -13.009  -13.123  91.970 0.1250000000
68521  -10.583  -14.236  90.134 0.1250000000
67329  -9.777  -15.086  88.290 0.1250000000
166476  -9.163  -15.286  86.938 0.1250000000
62232  -10.358  -19.184  85.961 0.1250000000
62246  -10.436  -19.342  85.040 0.1250000000
165608  -10.661  -19.178  84.416 0.1250000000
63564  -10.802  -18.184  84.214 0.1250000000
64937  -6.548  -17.234  83.311 0.1250000000
64958  -9.045  -17.588  82.375 0.1250000000
64977  -8.631  -17.640  81.611 0.1250000000
71914  -15.783  -11.676  94.717 0.1250000000
71890  -16.541  -11.710  96.281 0.1250000000
150485  -17.383  -10.935  97.474 0.1250000000
162236  -13.888  -12.287  93.232 0.1250000000
70718  -13.320  -12.520  92.646 0.1250000000
68522  -11.397  -14.162  90.404 0.1250000000
69622  -11.838  -13.290  91.270 0.1250000000
68534  -9.591  -14.880  89.703 0.1250000000
68520  -9.709  -14.528  90.213 0.1250000000
68533  -9.096  -15.034  89.201 0.1250000000
67345  -8.590  -15.193  87.459 0.1250000000
139284  -8.844  -15.097  88.253 0.1250000000
67361  -7.817  -15.744  86.534 0.1250000000
67344  -7.671  -15.337  87.182 0.1250000000
66205  -7.334  -16.224  86.070 0.1250000000
66222  -6.410  -16.713  84.913 0.1250000000
62257  -10.798  -18.970  83.842 0.1250000000
63581  -10.650  -18.320  83.415 0.1250000000
162995  -5.876  -16.873  84.416 0.1250000000
62288  -10.744  -19.041  82.927 0.1250000000
63599  -10.425  -18.459  82.585 0.1250000000
64956  -6.850  -17.153  82.361 0.1250000000
64955  -5.754  -17.028  82.894 0.1250000000
63598  -10.134  -18.417  81.846 0.1250000000
64995  -8.258  -17.763  80.813 0.1250000000
64976  -7.596  -17.381  81.516 0.1250000000
64975  -6.650  -17.038  81.290 0.1250000000
144107  -6.074  -16.640  81.923 0.1250000000
166388  -5.604  -16.494  82.405 0.1250000000
64994  -7.212  -17.515  80.659 0.1250000000
64974  -5.930  -16.550  80.965 0.1250000000
71904  -15.833  -11.545  95.764 0.1250000000
71878  -18.929  -12.285  98.466 0.1250000000
70696  -15.356  -12.016  93.889 0.1250000000
153297  -12.021  -12.247  92.253 0.1250000000
69632  -10.783  -13.664  90.725 0.1250000000
140300  -7.043  -16.580  85.362 0.1250000000
66237  -5.107  -16.660  83.590 0.1250000000
61054  -10.084  -20.331  82.032 0.1250000000
62302  -10.288  -19.633  81.619 0.1250000000
62309  -10.069  -19.511  80.774 0.1250000000
63608  -9.209  -18.077  80.985 0.1250000000
71913  -14.818  -11.237  94.540 0.1250000000
70708  -13.300  -11.692  93.233 0.1250000000
70726  -11.526  -12.677  91.728 0.1250000000
69600  -7.324  -13.349  93.518 0.2500000000
69611  -7.703  -13.719  92.645 0.1250000000
140770  -8.449  -14.476  91.086 0.1250000000
143998  -10.370  -13.276  91.299 0.1250000000
68493  -7.250  -14.182  92.037 0.1250000000
151012  -7.566  -14.464  91.232 0.1250000000
68518  -7.935  -14.959  90.408 0.1250000000
68532  -8.385  -15.132  89.719 0.1250000000
68519  -8.914  -14.865  90.229 0.1250000000
68517  -7.131  -14.799  90.692 0.1250000000
67312  -7.688  -15.246  89.643 0.1250000000
67313  -8.227  -15.122  88.972 0.1250000000
144431  -25.928  -2.008  86.992 0.2500000000
140365  -7.378  -15.273  88.884 0.1250000000
67328  -7.966  -15.123  88.126 0.1250000000
83054  -26.564  -2.404  87.373 0.1250000000
83043  -27.084  -2.978  88.124 0.1250000000
66186  -6.540  -16.012  86.522 0.1250000000
80647  -28.149  -4.276  89.507 0.1250000000
66204  -6.226  -16.336  85.774 0.1250000000
66251  -5.117  -16.362  82.845 0.1250000000
66264  -5.498  -16.108  81.738 0.1250000000
159374  -4.935  -15.720  82.206 0.1250000000
71912  -13.796  -10.944  94.501 0.1250000000
71903  -15.154  -11.085  95.496 0.1250000000
71920  -12.477  -11.292  93.510 0.1250000000
156936  -13.322  -11.146  93.811 0.1250000000
70725  -10.771  -12.706  91.799 0.1250000000
69631  -9.999  -13.871  90.734 0.1250000000
144481  -6.899  -13.942  92.838 0.1250000000
168439  -6.545  -14.319  92.243 0.1250000000
68479  -4.264  -14.204  93.201 0.2500000000
69610  -5.995  -14.100  92.815 0.2500000000
140268  -5.791  -14.652  92.076 0.2500000000
67278  -5.572  -15.076  91.273 0.1250000000
67295  -7.215  -15.189  90.162 0.1250000000
67311  -6.830  -15.348  89.627 0.1250000000
83044  -27.874  -2.842  88.592 0.2500000000
68480  -5.033  -14.392  92.687 0.2500000000
68502  -4.783  -14.945  91.938 0.1250000000
67293  -5.293  -15.222  90.475 0.1250000000
143982  -5.838  -15.304  89.644 0.1250000000
139809  -6.333  -15.334  88.761 0.1250000000
67327  -6.999  -15.157  87.925 0.1250000000
164068  -5.978  -15.425  87.643 0.1250000000
81853  -28.726  -3.798  90.039 0.1250000000
67277  -4.517  -15.179  91.154 0.1250000000
147671  -5.033  -15.219  89.867 0.1250000000
67326  -5.479  -15.339  88.456 0.1250000000
66174  -6.046  -15.720  86.887 0.1250000000
80618  -27.292  -4.324  92.007 0.1250000000
66173  -5.348  -15.723  86.950 0.1250000000
66185  -5.690  -16.030  86.442 0.1250000000
66203  -5.022  -16.222  85.827 0.1250000000
155179  -5.554  -16.395  85.010 0.1250000000
66172  -4.510  -15.888  86.900 0.1250000000
66221  -5.162  -16.586  84.278 0.1250000000
66236  -4.570  -16.155  83.602 0.1250000000
83032  -28.668  -3.293  89.488 0.1250000000
68478  -3.306  -14.251  93.211 0.2500000000
83001  -27.648  -2.757  91.746 0.1250000000
68501  -3.668  -15.078  91.796 0.1250000000
81822  -27.292  -3.464  91.899 0.1250000000
81823  -27.801  -3.434  92.306 0.1250000000
67276  -3.456  -15.169  90.991 0.1250000000
67292  -4.354  -15.161  90.374 0.1250000000
67325  -4.566  -15.200  88.415 0.1250000000
80607  -27.512  -4.282  92.254 0.1250000000
67342  -4.983  -15.553  87.610 0.1250000000
146859  -4.015  -15.591  87.415 0.1250000000
165349  -27.740  -5.667  92.660 0.1250000000
66171  -3.491  -15.968  86.720 0.1250000000
66184  -4.205  -16.196  86.303 0.1250000000
142690  -4.622  -16.156  84.901 0.1250000000
78225  -28.024  -6.846  93.434 0.1250000000
79462  -27.852  -5.988  93.090 0.1250000000
66201  -3.012  -16.185  85.262 0.1250000000
146753  -3.721  -16.122  84.743 0.1250000000
83010  -27.897  -2.426  91.252 0.1250000000
69596  -2.775  -13.622  93.819 0.2500000000
69608  -2.030  -13.741  92.514 0.2500000000
68491  -2.921  -14.674  92.427 0.2500000000
68500  -2.630  -14.911  91.540 0.2500000000
69618  -1.881  -13.687  91.675 0.2500000000
69629  -2.276  -13.556  90.875 0.2500000000
67291  -3.533  -14.911  90.137 0.1250000000
67308  -3.985  -14.769  89.025 0.1250000000
67324  -3.751  -15.018  87.855 0.1250000000
80608  -28.028  -4.427  92.689 0.2500000000
80602  -28.931  -4.736  92.672 0.2500000000
69630  -2.400  -13.915  90.462 0.2500000000
69639  -3.150  -13.809  89.796 0.2500000000
142807  -28.290  -6.036  93.161 0.1250000000
78226  -29.032  -6.461  93.068 0.2500000000
161895  -2.991  -16.099  84.682 0.1250000000
66219  -3.625  -15.958  84.094 0.1250000000
162238  -4.323  -15.645  83.100 0.1250000000
66250  -4.364  -15.182  82.002 0.1250000000
163378  -4.078  -15.309  80.829 0.1250000000
145138  -3.482  -15.245  80.072 0.1250000000
66275  -3.775  -16.121  79.897 0.1250000000
67448  -3.143  -15.501  79.356 0.1250000000
68621  -1.450  -14.174  79.316 0.1250000000
66291  -0.644  -16.030  79.327 0.1250000000
68637  -0.423  -14.969  78.509 0.1250000000
68620  -0.625  -14.606  79.180 0.1250000000
80609  -28.581  -3.951  92.609 0.3750000000
163400  -30.971  -6.225  92.255 0.5000000000
146768  -30.093  -6.088  92.613 0.5000000000
78228  -31.996  -6.925  91.821 0.3750000000
164085  -31.435  -7.102  92.346 0.5000000000
70735  -3.243  -12.632  90.765 0.2500000000
154970  -3.039  -13.345  90.190 0.2500000000
68544  -3.599  -14.416  88.308 0.2500000000
68550  -3.135  -14.571  87.123 0.1250000000
77020  -32.094  -7.683  92.016 0.2500000000
142717  -30.585  -6.908  92.672 0.1250000000
70741  -3.970  -12.452  89.103 0.2500000000
144485  -3.639  -13.299  87.813 0.2500000000
146260  -3.385  -13.907  87.639 0.2500000000
67340  -1.772  -15.274  86.502 0.1250000000
67392  -2.081  -15.514  85.079 0.1250000000
66218  -2.728  -15.904  84.465 0.1250000000
67401  -3.375  -15.552  83.768 0.1250000000
67411  -3.721  -14.909  82.783 0.1250000000
67422  -3.587  -14.598  81.712 0.1250000000
145375  -2.496  -14.546  79.438 0.1250000000
69729  -1.833  -13.501  79.020 0.1250000000
159535  -1.804  -14.974  77.661 0.1250000000
68639  -1.879  -13.836  77.706 0.1250000000
68629  -0.718  -14.293  78.798 0.1250000000
69757  -3.143  -13.207  78.128 0.1250000000
68641  -3.836  -13.963  77.384 0.1250000000
79465  -31.595  -6.295  91.838 0.5000000000
78229  -32.614  -7.168  91.593 0.3750000000
75703  -32.535  -7.962  91.644 0.2500000000
70747  -4.498  -11.987  88.385 0.2500000000
70746  -4.059  -12.750  88.098 0.2500000000
69649  -3.155  -13.614  86.850 0.2500000000
68555  -2.332  -14.239  86.571 0.3750000000
67357  -1.256  -15.148  86.042 0.1250000000
68575  -2.346  -14.690  84.943 0.1250000000
75723  -32.746  -8.127  91.218 0.2500000000
70754  -4.522  -12.322  87.405 0.2500000000
70763  -3.208  -12.995  86.082 0.2500000000
68566  -1.971  -14.432  85.571 0.1250000000
69666  -2.226  -13.995  85.622 0.1250000000
69677  -2.889  -13.679  84.583 0.1250000000
68584  -3.044  -14.242  83.928 0.1250000000
68585  -3.245  -14.720  83.341 0.1250000000
68595  -3.109  -14.263  82.370 0.1250000000
68604  -3.010  -13.759  81.503 0.1250000000
139477  -3.367  -14.493  80.724 0.1250000000
69756  -2.180  -13.144  77.970 0.1250000000
69741  -2.406  -13.113  78.659 0.1250000000
69758  -4.428  -13.507  77.911 0.1250000000
166760  -3.077  -13.050  78.682 0.1250000000
78241  -33.096  -6.458  91.242 0.5000000000
77037  -33.059  -7.353  91.288 0.2500000000
71953  -5.584  -10.795  88.061 0.2500000000
145057  -5.197  -11.832  86.756 0.2500000000
70764  -4.348  -12.367  86.273 0.2500000000
70778  -3.783  -12.430  85.433 0.2500000000
71972  -5.852  -11.359  86.186 0.2500000000
71971  -5.183  -11.854  85.941 0.3750000000
70777  -3.235  -12.838  85.172 0.2500000000
70776  -2.986  -13.237  85.029 0.2500000000
71982  -5.539  -11.461  85.351 0.3750000000
71995  -4.784  -11.690  84.024 0.2500000000
142837  -3.414  -13.093  83.435 0.1250000000
68594  -3.085  -13.843  82.848 0.1250000000
72008  -3.850  -12.859  83.199 0.2500000000
69710  -2.902  -12.927  81.792 0.1250000000
68611  -3.125  -13.678  80.456 0.1250000000
70816  -3.117  -12.584  81.708 0.2500000000
69711  -3.048  -12.981  81.218 0.1250000000
139598  -3.070  -14.452  79.780 0.1250000000
69719  -3.353  -13.307  80.311 0.1250000000
68622  -2.690  -13.740  79.388 0.1250000000
70830  -3.415  -13.070  80.221 0.1250000000
69730  -2.817  -13.353  79.362 0.1250000000
69731  -3.226  -13.103  79.229 0.1250000000
69732  -5.988  -13.093  79.001 0.2500000000
168588  -3.948  -12.970  78.736 0.2500000000
69733  -7.028  -13.168  79.129 0.2500000000
69759  -5.604  -13.950  77.739 0.2500000000
80613  -33.662  -5.089  90.722 0.5000000000
151399  -34.137  -6.018  90.497 0.5000000000
77048  -33.685  -6.880  90.411 0.3750000000
70817  -3.931  -12.720  80.862 0.2500000000
148254  -3.265  -12.752  81.164 0.2500000000
148339  -4.658  -12.543  80.563 0.2500000000
70832  -6.814  -12.251  80.453 0.2500000000
70849  -5.270  -12.638  79.825 0.2500000000
70848  -4.138  -12.872  79.873 0.2500000000
70851  -7.407  -12.670  79.706 0.2500000000
70850  -6.367  -12.639  79.765 0.2500000000
164393  -4.899  -12.898  79.164 0.2500000000
70852  -8.340  -12.523  79.476 0.2500000000
72073  -9.536  -11.757  78.516 0.2500000000
70867  -8.709  -12.855  78.722 0.2500000000
73320  -9.845  -10.586  77.593 0.2500000000
166198  -9.596  -12.130  77.909 0.2500000000
70868  -9.284  -12.514  78.351 0.2500000000
167815  -9.587  -10.511  76.934 0.2500000000
78265  -34.313  -6.257  89.960 0.5000000000
78289  -33.560  -6.216  88.272 0.2500000000
78276  -33.951  -6.429  89.264 0.2500000000
166150  -6.050  -11.787  81.787 0.2500000000
70818  -4.663  -12.348  81.257 0.2500000000
70831  -5.626  -12.276  80.644 0.2500000000
70820  -6.305  -11.955  81.211 0.2500000000
70833  -7.875  -12.191  80.304 0.2500000000
72049  -7.261  -11.789  81.031 0.2500000000
74597  -9.838  -9.205  78.713 0.2500000000
73289  -9.592  -10.520  79.551 0.2500000000
70834  -8.774  -11.924  79.948 0.2500000000
142883  -9.976  -9.883  78.119 0.2500000000
72059  -9.376  -11.416  79.345 0.2500000000
70853  -9.074  -12.219  79.101 0.2500000000
73305  -9.781  -10.782  78.538 0.2500000000
74623  -9.714  -9.831  77.289 0.2500000000
75939  -7.931  -8.786  76.507 0.2500000000
74609  -8.971  -9.096  76.998 0.2500000000
160131  -9.086  -10.111  76.608 0.2500000000
159012  -9.356  -8.784  81.069 0.2500000000
72036  -7.569  -11.297  81.556 0.2500000000
77209  -9.462  -7.884  80.137 0.2500000000
74571  -9.358  -9.416  80.735 0.2500000000
72050  -8.329  -11.518  80.860 0.2500000000
75897  -9.626  -8.420  79.371 0.2500000000
73274  -9.366  -10.248  80.449 0.2500000000
72051  -9.149  -11.136  80.255 0.2500000000
75913  -9.534  -8.410  78.422 0.2500000000
75938  -7.367  -7.914  76.595 0.3750000000
157479  -5.644  -9.811  74.535 0.3750000000
141432  -43.861  8.041  68.571 0.2500000000
95501  -42.397  10.075  71.392 0.2500000000
94530  -41.851  9.331  70.968 0.2500000000
95518  -42.670  9.653  70.729 0.2500000000
95519  -43.477  9.855  70.466 0.2500000000
93520  -41.440  8.050  69.848 0.2500000000
94548  -42.345  8.955  70.321 0.2500000000
94549  -43.001  9.259  70.204 0.2500000000
142585  -41.020  7.635  69.648 0.2500000000
94560  -42.081  8.291  69.777 0.2500000000
93533  -43.412  8.365  69.113 0.2500000000
92488  -40.888  7.008  69.133 0.2500000000
142968  -41.719  7.543  69.271 0.2500000000
93532  -42.596  7.920  69.197 0.2500000000
93544  -42.368  7.205  68.663 0.2500000000
92505  -42.897  6.908  67.973 0.2500000000
142513  -43.763  7.420  68.067 0.2500000000
92511  -42.278  6.299  67.544 0.2500000000
151248  -42.998  6.477  67.333 0.2500000000
92519  -43.491  6.314  66.855 0.2500000000
91487  -44.148  6.059  66.241 0.2500000000
95440  -37.311  9.693  75.922 0.3750000000
96512  -38.614  10.791  75.212 0.3750000000
96513  -39.475  11.099  74.861 0.3750000000
96527  -39.803  10.614  73.993 0.3750000000
96526  -38.913  10.421  74.311 0.2500000000
96528  -40.754  10.890  73.692 0.3750000000
96539  -41.819  11.008  72.871 0.2500000000
95464  -40.166  10.091  73.265 0.2500000000
95465  -40.991  10.334  72.837 0.2500000000
164081  -40.389  9.726  72.623 0.2500000000
95482  -41.538  10.234  72.302 0.2500000000
147010  -41.249  9.313  71.446 0.2500000000
94529  -40.598  8.991  71.541 0.2500000000
94546  -41.090  8.814  70.921 0.2500000000
93519  -40.828  8.146  70.257 0.2500000000
91474  -41.409  5.829  67.382 0.2500000000
92512  -42.762  6.048  66.905 0.2500000000
91493  -43.677  5.471  65.661 0.2500000000
90484  -42.074  5.056  65.992 0.2500000000
90496  -43.216  4.982  65.145 0.2500000000
91609  -56.296  6.135  56.304 0.2500000000
92686  -55.947  5.988  54.157 0.2500000000
93661  -54.072  7.526  56.637 0.2500000000
92669  -54.764  6.784  54.971 0.2500000000
92685  -55.492  6.198  54.072 0.2500000000
98500  -49.354  13.320  59.677 0.3750000000
97607  -47.742  12.095  57.276 0.2500000000
98509  -48.198  12.494  58.722 0.2500000000
98520  -48.364  12.609  57.756 0.3750000000
99416  -49.490  13.499  58.360 0.3750000000
98521  -49.094  13.080  57.676 0.3750000000
99430  -49.645  13.502  57.459 0.3750000000
99443  -49.404  13.191  56.862 0.3750000000
99453  -49.630  13.304  56.062 0.3750000000
100359  -50.797  14.536  57.136 0.3750000000
100368  -51.442  15.109  56.635 0.2500000000
99444  -50.107  13.836  56.717 0.3750000000
98550  -49.846  13.247  55.274 0.3750000000
99454  -50.301  13.844  55.753 0.3750000000
100367  -50.831  14.483  56.214 0.3750000000
98560  -50.038  13.072  54.465 0.3750000000
99455  -50.979  14.370  55.434 0.2500000000
100381  -51.525  15.010  55.920 0.2500000000
98568  -50.188  12.843  53.604 0.2500000000
99468  -50.492  13.702  54.943 0.2500000000
99469  -51.158  14.166  54.617 0.2500000000
99478  -51.325  13.846  53.698 0.2500000000
98569  -50.806  13.187  53.206 0.2500000000
98576  -51.014  12.943  52.513 0.2500000000
99486  -52.223  13.694  52.420 0.2500000000
146788  -5.350  30.779  68.166 0.3750000000
111992  -5.724  29.998  66.875 0.3750000000
111245  -6.165  29.475  66.321 0.3750000000
100422  -53.663  14.681  52.573 0.3750000000
100414  -54.346  15.595  53.091 0.3750000000
100430  -53.933  14.222  51.804 0.2500000000
100431  -54.866  14.546  51.538 0.2500000000
99505  -55.478  13.869  49.968 0.3750000000
99556  -55.927  14.240  48.016 0.3750000000
101460  -57.121  15.886  47.360 0.3750000000
155182  -56.488  15.006  47.712 0.3750000000
101459  -56.006  16.194  47.245 0.3750000000
113365  -5.595  32.175  69.450 0.3750000000
112673  -5.600  31.487  68.841 0.3750000000
111987  -5.895  30.756  67.511 0.3750000000
149942  -6.398  30.712  66.979 0.3750000000
111993  -6.577  30.233  66.503 0.3750000000
111995  -7.743  30.938  66.020 0.2500000000
112002  -7.627  30.146  65.708 0.2500000000
111255  -8.196  29.839  65.139 0.2500000000
114094  -5.612  33.132  69.222 0.3750000000
113373  -6.403  32.533  68.115 0.3750000000
112682  -6.858  32.551  67.471 0.2500000000
113372  -6.058  32.382  68.779 0.3750000000
112674  -6.113  31.627  68.106 0.3750000000
164959  -6.615  32.028  67.853 0.3750000000
113387  -7.236  32.966  66.672 0.2500000000
159237  -7.383  32.035  66.873 0.2500000000
112681  -6.665  31.542  67.371 0.3750000000
112689  -7.141  31.084  66.637 0.3750000000
112003  -8.323  30.686  65.482 0.2500000000
112690  -8.355  31.594  65.744 0.2500000000
112011  -9.028  30.419  64.866 0.2500000000
111261  -9.481  29.890  64.179 0.2500000000
111260  -8.766  29.457  64.527 0.2500000000
114083  -4.650  33.255  70.544 0.3750000000
164829  -4.659  34.518  69.055 0.3750000000
161365  -5.242  34.026  68.774 0.3750000000
114093  -4.898  33.814  69.653 0.3750000000
141772  -5.926  33.406  68.331 0.3750000000
114112  -6.404  33.224  67.742 0.3750000000
114121  -6.575  33.499  67.075 0.2500000000
113394  -7.903  32.432  66.103 0.2500000000
113395  -8.450  32.330  65.442 0.2500000000
149993  -8.956  31.881  65.124 0.2500000000
112698  -8.891  31.179  65.263 0.2500000000
112702  -9.404  31.297  64.734 0.2500000000
112012  -9.741  30.694  64.285 0.2500000000
115674  -6.564  35.358  72.620 0.3750000000
168599  -6.948  35.009  71.861 0.3750000000
115690  -3.409  35.688  70.445 0.3750000000
115709  -4.103  35.222  68.857 0.3750000000
114921  -5.366  34.330  67.931 0.3750000000
143356  -5.365  34.632  67.050 0.2500000000
114120  -6.017  34.281  66.607 0.3750000000
114943  -6.084  34.532  65.667 0.2500000000
114133  -7.425  33.349  65.798 0.2500000000
114134  -8.055  32.968  65.294 0.2500000000
114150  -7.482  33.623  64.900 0.1250000000
114151  -8.082  33.273  64.566 0.2500000000
113407  -8.702  32.647  64.705 0.1250000000
114160  -8.482  33.257  63.811 0.1250000000
113408  -9.418  32.053  64.450 0.2500000000
113420  -9.726  32.147  63.665 0.1250000000
112715  -10.235  31.399  63.140 0.1250000000
118129  -2.521  37.577  73.352 0.3750000000
117329  -4.003  37.706  73.504 0.3750000000
117340  -5.079  37.488  72.255 0.3750000000
116528  -5.575  36.864  71.741 0.3750000000
115684  -6.549  35.607  71.601 0.3750000000
116535  -6.109  36.289  70.278 0.3750000000
118148  -2.195  38.434  72.050 0.3750000000
115692  -6.997  35.036  71.057 0.3750000000
115698  -6.734  35.620  69.657 0.3750000000
116527  -2.270  36.990  72.597 0.3750000000
116532  -2.343  37.209  71.613 0.3750000000
151185  -8.225  34.370  71.020 0.3750000000
114896  -8.319  34.494  69.620 0.3750000000
116533  -3.062  36.426  70.976 0.3750000000
116538  -2.681  37.052  70.464 0.3750000000
115712  -9.550  34.817  68.077 0.3750000000
115697  -3.398  35.910  69.084 0.3750000000
115721  -3.853  35.847  67.414 0.2500000000
115722  -4.272  35.355  67.937 0.2500000000
115734  -4.122  35.849  66.397 0.3750000000
114931  -5.336  34.971  66.050 0.2500000000
115745  -4.922  35.474  65.278 0.2500000000
114942  -5.523  35.075  65.118 0.2500000000
166910  -5.652  35.200  64.613 0.2500000000
114132  -6.798  34.076  65.283 0.2500000000
142519  -6.130  34.763  64.707 0.2500000000
142464  -8.590  33.451  62.805 0.1250000000
113419  -9.196  32.815  63.241 0.1250000000
113431  -9.289  32.983  62.366 0.1250000000
146633  -9.764  32.409  61.887 0.1250000000
112729  -10.233  31.712  62.158 0.1250000000
112039  -10.412  30.439  61.453 0.1250000000
157657  -4.341  38.685  71.609 0.3750000000
117351  -5.122  37.529  71.398 0.3750000000
116534  -5.580  36.901  70.845 0.3750000000
117364  -5.301  37.745  69.692 0.3750000000
117365  -5.798  37.156  69.099 0.3750000000
118138  -3.953  38.705  72.342 0.3750000000
117355  -2.151  37.858  70.950 0.3750000000
164620  -2.717  37.320  69.125 0.3750000000
116561  -3.320  36.377  67.799 0.3750000000
116574  -3.542  36.469  66.035 0.2500000000
115743  -3.890  36.223  65.590 0.2500000000
115753  -5.207  35.574  64.521 0.2500000000
115761  -5.997  35.493  63.511 0.1250000000
114956  -6.567  35.017  63.108 0.1250000000
114957  -7.073  34.416  63.539 0.1250000000
114159  -7.792  33.899  63.186 0.1250000000
114167  -8.804  33.636  61.956 0.1250000000
146786  -9.408  33.000  60.658 0.1250000000
113446  -9.678  32.317  60.372 0.1250000000
114183  -9.414  33.251  59.079 0.1250000000
112752  -9.953  31.641  60.655 0.1250000000
113451  -9.633  32.329  58.998 0.1250000000
112768  -9.545  31.968  58.393 0.1250000000
160973  -9.090  31.736  58.044 0.1250000000
117356  -4.722  38.222  71.119 0.3750000000
117363  -4.873  38.389  70.325 0.3750000000
118157  -4.381  39.096  71.020 0.3750000000
118162  -5.074  38.480  69.568 0.3750000000
117370  -5.491  37.980  68.770 0.3750000000
118907  -3.720  39.733  71.406 0.3750000000
142905  -1.898  39.269  70.692 0.3750000000
118160  -2.142  38.632  69.849 0.3750000000
116560  -2.911  37.018  68.413 0.3750000000
156838  -2.955  37.052  67.284 0.3750000000
115751  -3.911  36.251  64.952 0.1250000000
115759  -4.698  36.055  64.054 0.1250000000
116605  -5.478  36.363  62.914 0.1250000000
116596  -4.986  36.247  63.448 0.1250000000
115766  -5.606  35.966  63.320 0.1250000000
116606  -6.061  36.408  62.342 0.1250000000
115771  -6.557  35.891  62.200 0.1250000000
114963  -6.885  35.291  62.432 0.1250000000
116619  -6.623  36.385  61.782 0.1250000000
115772  -7.226  35.670  61.694 0.1250000000
114166  -8.053  34.102  62.361 0.1250000000
114971  -8.383  34.336  61.566 0.1250000000
116620  -7.225  36.421  61.244 0.1250000000
115784  -7.779  35.830  60.907 0.1250000000
114976  -8.682  34.513  60.734 0.1250000000
114171  -9.038  33.759  61.106 0.1250000000
114177  -9.183  33.752  60.069 0.1250000000
116633  -7.722  36.577  60.617 0.1250000000
115785  -8.393  35.297  60.470 0.1250000000
114982  -8.902  34.755  59.884 0.1250000000
116634  -8.244  36.756  60.059 0.1250000000
159418  -8.534  36.251  59.742 0.1250000000
115809  -8.820  36.068  59.129 0.1250000000
115799  -8.997  35.132  58.931 0.1250000000
150564  -9.153  34.163  59.116 0.1250000000
114187  -9.368  33.733  58.326 0.1250000000
113457  -9.466  32.852  58.221 0.1250000000
115810  -9.148  35.906  58.290 0.1250000000
114990  -9.259  34.459  58.385 0.1250000000
114194  -9.311  33.532  57.660 0.1250000000
112778  -9.216  32.360  57.799 0.1250000000
115818  -9.303  35.763  57.447 0.1250000000
154105  -9.281  35.060  57.936 0.1250000000
150146  -9.183  36.688  56.508 0.1250000000
118161  -4.694  39.211  70.091 0.3750000000
118916  -4.141  39.965  70.804 0.3750000000
118921  -4.499  40.212  69.908 0.3750000000
118168  -5.046  39.126  69.041 0.3750000000
119609  -2.375  40.772  70.681 0.3750000000
118920  -1.999  39.600  69.954 0.3750000000
143416  -2.530  38.353  68.214 0.2500000000
117378  -2.728  38.252  67.166 0.2500000000
117386  -2.858  37.347  66.317 0.1250000000
116587  -3.394  36.563  64.605 0.1250000000
116595  -4.270  36.538  63.697 0.1250000000
116604  -4.719  36.961  63.043 0.1250000000
117426  -5.490  37.027  62.450 0.1250000000
117425  -5.022  37.806  62.577 0.1250000000
117427  -6.184  37.117  61.890 0.1250000000
117440  -7.234  37.162  60.959 0.1250000000
117447  -7.319  37.988  60.730 0.1250000000
117449  -8.325  37.464  59.712 0.1250000000
117459  -8.763  37.478  58.970 0.1250000000
117469  -9.148  37.458  58.182 0.1250000000
117470  -9.374  37.447  57.421 0.1250000000
116651  -9.303  36.653  57.729 0.1250000000
117480  -9.413  37.435  56.734 0.1250000000
120339  -3.647  42.800  69.896 0.2500000000
121042  -3.787  42.937  69.128 0.1250000000
121040  -2.407  43.219  69.674 0.1250000000
120340  -4.266  42.103  69.257 0.2500000000
120346  -4.429  42.195  68.328 0.2500000000
119645  -4.659  41.285  68.358 0.2500000000
120329  -3.274  42.376  70.387 0.3750000000
120330  -3.978  41.913  70.006 0.2500000000
119634  -4.489  41.026  69.304 0.2500000000
120338  -1.867  42.347  69.678 0.2500000000
120322  -2.684  41.736  70.614 0.3750000000
119622  -4.120  41.161  70.187 0.3750000000
119635  -4.848  40.360  68.236 0.3750000000
157501  -1.951  40.592  70.126 0.3750000000
119633  -1.907  41.161  69.356 0.2500000000
118925  -2.093  39.980  69.091 0.3750000000
119650  -2.151  40.439  66.861 0.1250000000
142141  -2.427  39.462  67.092 0.1250000000
118943  -2.586  38.862  66.367 0.1250000000
118199  -2.650  38.076  65.992 0.1250000000
118948  -2.626  38.840  65.474 0.1250000000
160881  -2.621  37.953  65.263 0.1250000000
118218  -3.107  38.629  64.098 0.1250000000
117414  -3.366  37.281  63.915 0.1250000000
118220  -4.248  37.910  62.996 0.1250000000
117415  -3.909  37.198  63.502 0.1250000000
117438  -5.755  37.798  62.159 0.1250000000
118236  -6.136  38.383  61.748 0.1250000000
165622  -6.199  37.759  61.817 0.1250000000
118237  -6.761  38.804  61.058 0.1250000000
117448  -7.787  37.346  60.366 0.1250000000
118248  -7.899  38.127  60.074 0.1250000000
118258  -8.392  38.182  59.304 0.1250000000
168179  -8.903  38.739  58.229 0.1250000000
118264  -8.858  38.160  58.554 0.1250000000
118265  -9.240  38.224  57.730 0.1250000000
118283  -9.162  38.026  55.640 0.1250000000
117487  -9.228  37.404  56.070 0.1250000000
117499  -8.464  37.933  55.283 0.1250000000
121041  -3.110  43.442  69.669 0.1250000000
121047  -3.245  43.625  68.858 0.1250000000
121046  -2.399  43.453  68.978 0.1250000000
121665  -2.626  43.955  68.267 0.1250000000
120344  -1.983  42.861  68.960 0.1250000000
120345  -1.882  41.747  68.561 0.1250000000
154721  -2.337  40.601  65.921 0.1250000000
145853  -2.654  40.804  65.059 0.1250000000
119656  -2.706  39.883  65.293 0.1250000000
120372  -3.116  41.001  64.182 0.1250000000
144563  -3.431  38.992  63.556 0.1250000000
118964  -3.520  39.734  63.402 0.1250000000
118973  -3.804  40.113  62.895 0.1250000000
118229  -3.941  39.053  62.952 0.1250000000
118230  -4.642  38.554  62.643 0.1250000000
118231  -5.371  38.706  62.236 0.1250000000
118994  -6.521  39.765  61.063 0.1250000000
119701  -7.457  40.505  60.124 0.1250000000
118995  -7.281  39.612  60.470 0.1250000000
118998  -7.771  39.833  59.773 0.1250000000
118247  -7.911  38.979  59.672 0.1250000000
120406  -8.114  41.004  58.959 0.1250000000
144078  -8.483  38.839  58.835 0.1250000000
118999  -8.210  39.610  59.050 0.1250000000
119006  -9.157  39.069  57.674 0.1250000000
118277  -9.504  38.197  56.327 0.1250000000
121666  -2.925  44.237  68.203 0.1250000000
121673  -3.290  44.609  67.299 0.1250000000
121664  -2.379  43.659  67.429 0.1250000000
121672  -2.624  44.377  67.412 0.1250000000
121045  -2.219  43.259  68.196 0.1250000000
121052  -2.196  43.142  66.652 0.1250000000
121676  -2.170  43.733  65.468 0.1250000000
120351  -1.906  42.252  67.629 0.1250000000
120357  -2.014  42.321  66.404 0.1250000000
121057  -2.110  43.000  65.847 0.1250000000
121690  -2.553  43.520  63.472 0.1250000000
122357  -2.492  44.143  63.008 0.1250000000
120358  -2.208  41.501  65.690 0.1250000000
120364  -2.495  41.701  64.835 0.1250000000
143401  -2.610  42.823  63.797 0.1250000000
121076  -2.888  42.933  63.100 0.1250000000
121712  -2.842  44.072  62.142 0.1250000000
153567  -2.825  41.994  64.015 0.1250000000
121069  -3.101  42.273  63.220 0.1250000000
121077  -3.358  42.661  62.473 0.1250000000
141870  -3.314  43.371  61.922 0.1250000000
119666  -3.060  40.112  64.527 0.1250000000
120373  -3.307  41.437  63.356 0.1250000000
120380  -3.580  41.785  62.674 0.1250000000
165664  -3.761  42.759  61.767 0.1250000000
121714  -3.905  43.337  61.231 0.1250000000
119685  -3.746  40.971  62.835 0.1250000000
120385  -3.990  42.103  62.049 0.1250000000
121087  -4.456  42.480  61.370 0.1250000000
121096  -4.590  43.081  60.833 0.1250000000
119686  -4.233  40.532  62.485 0.1250000000
119687  -4.730  40.061  62.237 0.1250000000
119694  -5.298  40.239  61.779 0.1250000000
118984  -5.214  39.570  62.097 0.1250000000
119695  -5.965  40.376  61.312 0.1250000000
118985  -5.911  39.422  61.640 0.1250000000
119698  -6.670  40.562  60.716 0.1250000000
120396  -7.067  41.149  60.271 0.1250000000
120405  -7.569  41.296  59.605 0.1250000000
121111  -7.552  42.458  58.530 0.1250000000
120418  -7.914  41.724  58.833 0.1250000000
121112  -8.107  41.949  58.026 0.1250000000
121120  -7.729  42.657  57.714 0.1250000000
141889  -7.471  43.494  56.593 0.1250000000
121121  -8.282  42.130  57.183 0.1250000000
119005  -8.718  39.393  58.333 0.1250000000
119708  -8.477  40.276  58.481 0.1250000000
120431  -8.586  41.344  57.420 0.1250000000
119719  -8.797  40.574  57.636 0.1250000000
121129  -8.495  42.301  56.320 0.1250000000
119720  -9.236  40.160  57.105 0.1250000000
120442  -8.853  41.551  56.583 0.1250000000
119019  -9.635  39.187  56.179 0.1250000000
119730  -9.561  40.135  56.301 0.1250000000
142652  -9.483  38.665  55.709 0.1250000000
118294  -9.069  38.639  55.084 0.1250000000
123679  -3.239  46.187  66.553 0.1250000000
149010  -3.828  45.970  65.901 0.1250000000
122334  -4.188  44.837  65.645 0.1250000000
144861  -2.651  45.291  66.701 0.1250000000
122322  -3.570  44.960  66.476 0.1250000000
122335  -4.796  44.853  64.789 0.1250000000
151857  -2.379  45.268  65.791 0.1250000000
121677  -2.206  44.462  65.118 0.1250000000
122365  -2.509  44.800  62.477 0.1250000000
122366  -2.793  44.728  61.577 0.1250000000
121717  -3.715  44.004  60.821 0.1250000000
122377  -4.221  44.610  59.546 0.1250000000
121723  -4.624  43.999  59.890 0.1250000000
122390  -4.478  44.810  58.806 0.1250000000
120381  -4.157  41.318  62.304 0.1250000000
120386  -4.601  41.616  61.709 0.1250000000
153166  -5.246  42.536  60.705 0.1250000000
122391  -5.296  44.322  58.601 0.1250000000
119693  -4.710  40.818  61.974 0.1250000000
121719  -5.015  43.350  60.252 0.1250000000
121724  -5.376  43.700  59.428 0.1250000000
121088  -5.056  41.895  61.230 0.1250000000
121102  -5.795  42.980  59.973 0.1250000000
121732  -5.879  43.731  58.776 0.1250000000
122410  -5.604  44.621  57.717 0.1250000000
120387  -5.315  41.107  61.418 0.1250000000
121097  -6.120  42.214  60.323 0.1250000000
121103  -6.556  42.583  59.648 0.1250000000
121725  -6.203  43.250  59.239 0.1250000000
121733  -6.511  43.458  58.518 0.1250000000
122411  -6.323  44.259  57.392 0.1250000000
120388  -6.017  41.066  61.034 0.1250000000
120404  -6.915  41.876  60.041 0.1250000000
121104  -7.280  42.185  59.304 0.1250000000
121734  -7.172  43.118  58.161 0.1250000000
121750  -7.327  43.295  57.373 0.1250000000
122431  -7.060  44.190  56.314 0.1250000000
121770  -8.061  42.998  56.044 0.1250000000
121142  -8.687  42.494  55.461 0.1250000000
119744  -9.636  40.504  55.436 0.1250000000
120453  -9.512  41.287  55.208 0.1250000000
121130  -9.078  41.769  55.738 0.1250000000
146183  -9.657  39.816  55.613 0.1250000000
119040  -8.617  39.087  54.487 0.1250000000
122998  -2.661  46.005  66.257 0.1250000000
123669  -3.273  46.972  66.483 0.1250000000
123010  -2.393  45.949  65.322 0.1250000000
123011  -4.313  45.473  65.416 0.1250000000
123686  -4.478  46.092  65.370 0.1250000000
124343  -5.517  47.150  65.055 0.1250000000
151883  -2.280  45.122  64.693 0.1250000000
123012  -4.890  45.557  64.638 0.1250000000
151092  -2.360  44.931  63.533 0.1250000000
123033  -2.574  45.487  61.961 0.1250000000
123040  -2.902  45.453  61.110 0.1250000000
123041  -3.358  45.542  60.317 0.1250000000
122376  -3.666  44.988  59.909 0.1250000000
123069  -4.326  45.833  57.452 0.1250000000
123070  -5.216  45.309  57.224 0.1250000000
122429  -5.956  44.844  56.929 0.1250000000
122430  -6.435  44.998  56.032 0.1250000000
121769  -7.628  43.704  55.782 0.1250000000
121787  -8.229  43.186  55.191 0.1250000000
121796  -8.350  43.378  54.333 0.1250000000
121152  -8.798  42.696  54.604 0.1250000000
140852  -9.608  39.991  54.898 0.1250000000
120464  -9.387  41.536  54.490 0.1250000000
119041  -9.284  39.340  54.810 0.1250000000
123668  -2.958  46.753  66.396 0.1250000000
123678  -2.602  46.718  65.833 0.1250000000
124324  -3.165  47.384  66.424 0.1250000000
123685  -2.400  46.735  64.620 0.1250000000
123692  -2.615  47.066  62.869 0.1250000000
123718  -2.790  46.234  61.559 0.1250000000
123721  -3.205  46.254  60.755 0.1250000000
123046  -3.501  45.690  59.497 0.1250000000
123053  -3.412  45.901  58.695 0.1250000000
123078  -4.891  45.940  56.685 0.1250000000
123088  -5.873  45.721  55.841 0.1250000000
122441  -7.250  44.471  55.509 0.1250000000
123089  -6.310  45.753  55.322 0.1250000000
122449  -7.924  44.011  54.054 0.1250000000
119758  -9.572  40.825  54.711 0.1250000000
153708  -8.228  39.549  53.929 0.1250000000
124334  -2.886  47.369  66.138 0.1250000000
124976  -3.434  48.018  66.489 0.1250000000
124985  -2.841  48.311  65.778 0.1250000000
147939  -2.521  47.684  64.281 0.1250000000
148465  -2.654  47.802  63.338 0.1250000000
125015  -3.183  48.642  62.235 0.1250000000
124375  -3.433  47.781  60.968 0.1250000000
125016  -3.401  48.574  61.439 0.1250000000
150608  -3.456  47.038  60.451 0.1250000000
124378  -3.364  47.104  59.582 0.1250000000
125021  -3.474  48.431  60.708 0.1250000000
125026  -3.249  48.051  59.183 0.1250000000
123725  -3.196  46.406  59.079 0.1250000000
123068  -3.465  46.170  57.927 0.1250000000
125027  -3.405  48.742  60.041 0.1250000000
124382  -2.770  47.775  58.363 0.1250000000
123744  -3.673  46.574  57.179 0.1250000000
125032  -2.825  48.573  58.403 0.1250000000
123728  -2.650  47.252  57.999 0.1250000000
142230  -3.187  47.350  56.809 0.1250000000
123751  -3.951  46.957  56.468 0.1250000000
123745  -4.299  46.374  56.802 0.1250000000
123752  -4.618  46.588  56.212 0.1250000000
123759  -4.952  46.964  55.451 0.1250000000
123090  -6.947  45.232  55.099 0.1250000000
123100  -7.256  45.421  54.221 0.1250000000
121155  -8.770  42.903  53.660 0.1250000000
119059  -8.734  40.211  53.757 0.1250000000
140318  -9.342  41.158  54.052 0.1250000000
120484  -9.033  42.190  53.402 0.1250000000
125011  -2.890  48.630  63.001 0.1250000000
125008  -2.709  48.588  63.853 0.1250000000
148092  -2.689  49.556  64.359 0.1250000000
125682  -2.846  49.520  63.472 0.1250000000
150661  -2.582  50.491  63.885 0.1250000000
153127  -2.780  50.366  63.104 0.1250000000
156847  -2.531  50.590  64.540 0.1250000000
126349  -2.802  51.640  65.711 0.1250000000
125685  -3.101  49.490  62.697 0.1250000000
162620  -2.152  52.209  64.592 0.1250000000
127095  -2.682  52.378  65.253 0.1250000000
126388  -3.344  50.119  61.349 0.1250000000
157244  -2.704  51.078  62.685 0.1250000000
149812  -2.407  51.279  63.590 0.1250000000
126387  -3.113  50.956  61.780 0.1250000000
125708  -2.761  49.540  58.302 0.1250000000
124394  -2.572  48.066  57.674 0.1250000000
124404  -2.669  48.000  56.887 0.1250000000
125714  -2.674  49.465  57.404 0.1250000000
167310  -3.029  47.999  56.320 0.1250000000
125730  -2.826  49.341  56.684 0.1250000000
124411  -3.648  47.701  55.971 0.1250000000
124412  -4.302  47.729  55.369 0.1250000000
123760  -5.713  46.333  55.370 0.1250000000
123761  -6.131  46.351  54.851 0.1250000000
120483  -8.443  41.539  52.640 0.1250000000
120491  -7.725  41.777  52.111 0.1250000000
127084  -4.108  52.344  66.707 0.1250000000
148370  -2.211  52.523  64.620 0.1250000000
127794  -3.029  52.787  65.058 0.1250000000
145568  -2.634  51.706  62.153 0.1250000000
125702  -3.204  49.817  60.214 0.1250000000
126391  -3.196  50.745  60.783 0.1250000000
126413  -2.784  50.266  57.760 0.1250000000
126425  -2.987  50.088  57.017 0.1250000000
148682  -3.234  49.855  56.462 0.1250000000
125731  -3.202  49.266  56.061 0.1250000000
126443  -4.459  50.058  55.645 0.1250000000
125748  -4.499  49.354  55.096 0.1250000000
125747  -3.804  49.179  55.469 0.1250000000
125762  -4.851  49.108  54.622 0.1250000000
125090  -4.392  48.564  54.937 0.1250000000
124429  -4.869  47.739  54.729 0.1250000000
125763  -5.516  49.242  54.185 0.1250000000
125091  -5.035  48.490  54.307 0.1250000000
125101  -5.588  48.478  53.684 0.1250000000
124431  -5.880  47.301  53.877 0.1250000000
125102  -6.130  48.430  53.103 0.1250000000
151423  -6.329  47.067  53.220 0.1250000000
123115  -6.886  46.199  53.753 0.1250000000
123116  -7.439  45.544  53.279 0.1250000000
165609  -8.360  43.570  53.621 0.1250000000
151390  -8.651  42.804  52.774 0.1250000000
162882  -7.781  42.445  51.845 0.1250000000
145328  -2.990  50.576  59.915 0.1250000000
147041  -2.799  50.409  58.500 0.1250000000
127140  -2.839  51.139  58.160 0.1250000000
127134  -2.782  51.783  58.887 0.1250000000
127141  -3.110  50.853  57.361 0.1250000000
126426  -3.527  50.595  56.705 0.1250000000
126427  -4.179  50.681  56.301 0.1250000000
127174  -5.245  51.492  55.920 0.1250000000
126453  -6.016  50.627  55.188 0.1250000000
126444  -5.333  50.689  55.646 0.1250000000
148848  -5.974  49.955  54.627 0.1250000000
125773  -6.058  49.058  53.537 0.1250000000
143189  -7.710  44.741  53.692 0.1250000000
122477  -7.385  45.423  51.099 0.1250000000
121802  -8.473  43.531  52.997 0.1250000000
121814  -7.986  44.270  51.805 0.1250000000
121166  -8.219  43.044  51.922 0.1250000000
121165  -7.381  43.036  51.306 0.1250000000
156980  -2.913  52.108  58.079 0.1250000000
127826  -3.350  52.194  57.426 0.1250000000
127156  -4.013  51.444  56.702 0.1250000000
127173  -4.646  51.504  56.322 0.1250000000
127189  -5.830  51.503  55.467 0.1250000000
127190  -6.368  51.520  54.854 0.1250000000
143020  -6.294  47.820  52.648 0.1250000000
124450  -6.847  47.883  51.967 0.1250000000
123788  -6.662  47.210  52.308 0.1250000000
123122  -7.512  45.737  52.401 0.1250000000
122471  -7.834  45.086  52.035 0.1250000000
122472  -8.146  44.205  52.531 0.1250000000
154395  -3.191  52.878  57.728 0.1250000000
127842  -3.833  52.268  56.920 0.1250000000
125764  -6.471  49.712  54.064 0.1250000000
125789  -7.127  48.900  52.614 0.1250000000
127208  -7.456  51.032  53.538 0.1250000000
102302  -56.512  16.805  46.836 0.3750000000
70682  -16.517  -12.205  95.121 0.1250000000
166006  -30.009  -5.057  92.424 0.2500000000
73114  -18.052  -11.588  97.817 0.1250000000
144323  -15.259  -11.048  96.246 0.1250000000
150754  -11.246  -12.219  92.348 0.1250000000
71927  -12.606  -11.879  92.728 0.1250000000
69601  -8.108  -13.194  93.187 0.1250000000
80612  -32.839  -5.083  90.896 0.5000000000
77101  -33.352  -6.563  87.353 0.3750000000
95483  -42.189  10.524  72.122 0.2500000000
96499  -37.764  10.149  76.111 0.3750000000
93675  -53.696  7.144  55.880 0.2500000000
100398  -51.968  14.658  54.293 0.2500000000
99485  -51.493  13.458  52.849 0.2500000000
100421  -52.819  14.391  52.879 0.2500000000
99495  -54.261  13.794  51.055 0.2500000000
114894  -3.660  35.405  69.715 0.3750000000
146970  -9.994  30.255  63.789 0.2500000000
112027  -10.503  30.853  62.241 0.1250000000
112019  -10.367  30.314  63.063 0.2500000000
112742  -10.286  31.224  61.446 0.1250000000
115683  -2.807  36.403  72.021 0.3750000000
166371  -4.581  37.054  73.674 0.3750000000
116510  -5.272  36.638  73.434 0.3750000000
115673  -5.995  36.105  73.087 0.3750000000
114872  -7.619  34.590  71.555 0.3750000000
114882  -7.733  34.667  70.486 0.3750000000
117349  -2.128  37.694  72.338 0.3750000000
78242  -33.628  -6.032  90.763 0.5000000000
69609  -2.501  -14.082  92.940 0.2500000000
75927  -8.278  -8.138  77.102 0.2500000000
92670  -55.971  6.666  55.034 0.2500000000
144781  -19.439  -13.675  94.709 0.1250000000
78240  -32.343  -6.362  91.576 0.5000000000
69589  -19.265  -13.514  95.567 0.1250000000
150025  -5.051  -11.549  84.635 0.2500000000
69701  -3.008  -13.042  82.326 0.1250000000
72037  -8.864  -10.769  81.031 0.2500000000
156700  -9.381  -7.684  78.799 0.2500000000
77223  -9.137  -7.788  78.169 0.2500000000
158672  -9.432  -7.611  79.473 0.2500000000
75928  -9.102  -8.319  77.678 0.2500000000
75879  -9.500  -8.693  80.334 0.2500000000
162163  -15.470  -14.311  93.980 0.1250000000
67247  -13.730  -15.392  95.700 0.1250000000
68474  -14.620  -14.642  94.326 0.1250000000
67253  -12.777  -15.340  94.746 0.1250000000
69594  -16.818  -13.760  94.887 0.1250000000
68470  -17.613  -14.345  95.919 0.1250000000
69588  -18.747  -13.544  96.126 0.1250000000
67272  -13.435  -15.165  92.552 0.1250000000
68495  -13.593  -14.465  92.470 0.1250000000
66131  -12.538  -16.480  92.168 0.1250000000
67280  -13.267  -14.909  91.920 0.1250000000
163054  -12.472  -16.677  90.786 0.1250000000
144643  -12.057  -14.828  90.413 0.1250000000
67316  -11.758  -15.924  89.429 0.1250000000
68536  -11.368  -14.886  89.804 0.1250000000
66164  -11.236  -16.510  87.992 0.1250000000
64888  -11.024  -17.062  87.446 0.1250000000
67347  -10.349  -15.368  87.415 0.1250000000
66209  -10.736  -16.822  85.966 0.1250000000
70697  -16.226  -12.516  94.222 0.1250000000
69602  -14.056  -13.091  93.042 0.1250000000
70684  -17.525  -12.969  96.209 0.1250000000
68505  -12.100  -14.086  90.902 0.1250000000
64926  -10.649  -17.566  84.604 0.1250000000
64959  -9.864  -17.937  82.386 0.1250000000
70727  -12.292  -12.846  91.751 0.1250000000
70717  -12.660  -12.487  92.246 0.1250000000
64978  -9.506  -17.945  81.704 0.1250000000
71921  -14.196  -11.609  93.734 0.1250000000
69621  -11.094  -13.140  91.226 0.1250000000
67343  -6.727  -15.488  87.067 0.1250000000
81863  -28.013  -3.589  88.991 0.1250000000
68503  -6.620  -14.644  91.412 0.1250000000
67294  -6.357  -15.163  90.459 0.1250000000
168400  -5.730  -15.320  89.036 0.1250000000
67309  -4.417  -15.117  89.557 0.1250000000
81842  -27.790  -3.277  91.236 0.1250000000
68499  -2.018  -14.310  91.051 0.1250000000
67359  -2.351  -15.840  86.432 0.1250000000
67341  -2.868  -15.269  86.848 0.1250000000
66182  -2.166  -16.075  85.770 0.1250000000
68531  -3.503  -14.337  89.449 0.2500000000
69644  -3.525  -13.699  88.689 0.1250000000
144017  -3.466  -13.147  89.357 0.2500000000
165088  -3.060  -14.047  86.970 0.2500000000
70753  -3.797  -12.935  87.086 0.2500000000
69656  -2.510  -13.702  86.197 0.2500000000
69655  -1.913  -14.163  86.064 0.1250000000
71959  -5.087  -11.583  87.721 0.2500000000
69742  -5.196  -13.334  78.461 0.2500000000
71981  -4.628  -11.943  85.328 0.3750000000
71994  -4.032  -12.264  84.569 0.2500000000
70789  -3.345  -12.926  84.202 0.2500000000
74610  -9.738  -9.072  77.819 0.2500000000
153282  -9.847  -9.966  78.915 0.2500000000
162755  -9.663  -9.497  79.732 0.2500000000
91485  -42.469  5.560  66.447 0.2500000000
95481  -40.952  9.641  72.080 0.2500000000
159709  -7.759  31.632  66.322 0.2500000000
114907  -4.741  34.740  68.341 0.3750000000
114920  -4.808  34.956  67.523 0.3750000000
114111  -5.974  33.952  67.486 0.3750000000
141806  -6.730  33.832  66.225 0.3750000000
112018  -10.136  30.833  63.716 0.2500000000
116522  -6.076  36.206  72.160 0.3750000000
116539  -3.209  36.216  69.980 0.3750000000
114930  -4.771  35.210  66.693 0.2500000000
148454  -7.637  33.810  64.064 0.1250000000
114149  -6.892  34.259  64.372 0.1250000000
113432  -9.797  32.276  62.753 0.1250000000
118137  -3.097  38.708  72.834 0.3750000000
117339  -4.474  38.053  72.732 0.3750000000
118895  -2.586  38.880  72.285 0.3750000000
118905  -2.203  39.111  71.789 0.3750000000
150987  -2.085  37.995  71.680 0.3750000000
115699  -7.512  34.956  69.609 0.3750000000
117362  -2.415  37.691  69.885 0.3750000000
116548  -2.959  36.779  69.341 0.3750000000
115708  -3.658  35.817  68.263 0.3750000000
156000  -3.467  36.375  66.890 0.3750000000
115735  -4.695  35.460  65.961 0.2500000000
115752  -4.522  35.954  64.735 0.1250000000
114951  -6.370  34.850  63.854 0.1250000000
113440  -9.683  32.384  61.081 0.1250000000
117369  -2.499  37.896  68.906 0.3750000000
162351  -2.762  37.678  67.991 0.3750000000
116582  -3.363  36.494  65.249 0.1250000000
116573  -3.148  36.803  66.439 0.2500000000
114964  -7.302  34.588  62.760 0.1250000000
118915  -3.092  40.363  71.241 0.3750000000
118914  -2.150  39.754  71.238 0.3750000000
165731  -1.998  40.041  70.604 0.3750000000
118167  -2.278  38.920  68.995 0.3750000000
114970  -7.619  34.839  62.004 0.1250000000
115773  -8.002  35.076  61.221 0.1250000000
119621  -3.563  41.593  70.573 0.3750000000
119620  -2.060  41.612  70.237 0.3750000000
118173  -2.337  39.199  68.073 0.2500000000
116586  -2.824  36.788  64.960 0.1250000000
117413  -3.029  37.735  64.226 0.1250000000
160728  -7.461  38.713  60.430 0.1250000000
121048  -3.982  43.019  68.177 0.1250000000
162921  -1.873  41.223  67.506 0.1250000000
119644  -2.025  40.419  68.047 0.2500000000
143415  -2.500  39.684  66.159 0.1250000000
118963  -3.207  39.480  63.990 0.1250000000
118219  -3.563  38.099  63.592 0.1250000000
120352  -1.956  41.369  66.626 0.1250000000
119678  -3.465  40.579  63.381 0.1250000000
120419  -8.377  41.154  58.251 0.1250000000
122980  -2.759  44.871  67.242 0.1250000000
121671  -2.315  43.936  66.559 0.1250000000
122314  -2.551  44.713  66.879 0.1250000000
121682  -2.321  43.596  64.435 0.1250000000
122320  -2.321  44.613  66.128 0.1250000000
121058  -2.182  42.243  65.486 0.1250000000
121063  -2.325  42.719  64.802 0.1250000000
122347  -2.353  44.295  64.044 0.1250000000
122370  -3.977  44.351  60.264 0.1250000000
122986  -2.999  45.983  66.676 0.1250000000
122999  -3.626  45.518  66.186 0.1250000000
148467  -2.436  45.597  62.955 0.1250000000
123054  -4.039  45.507  58.343 0.1250000000
123688  -6.074  46.802  64.189 0.1250000000
123017  -2.367  45.780  64.106 0.1250000000
152050  -2.758  47.037  62.019 0.1250000000
124342  -2.573  47.521  65.341 0.1250000000
165983  -2.481  47.124  63.686 0.1250000000
146180  -2.859  47.829  62.517 0.1250000000
124997  -2.614  48.455  64.819 0.1250000000
125694  -3.349  49.420  61.861 0.1250000000
125695  -3.438  49.212  60.959 0.1250000000
156099  -3.155  50.279  62.300 0.1250000000
126350  -3.403  51.231  66.637 0.1250000000
126403  -2.823  50.978  59.195 0.1250000000
78368  -25.473  -6.091  82.369 0.1250000000
77184  -23.981  -7.691  81.854 0.1250000000
162996  -24.585  -7.309  81.700 0.1250000000
75722  -32.254  -8.846  91.247 0.1250000000
74445  -31.964  -9.306  91.494 0.1250000000
75735  -32.452  -8.461  90.850 0.1250000000
74454  -30.805  -8.583  90.359 0.1250000000
74468  -30.660  -9.475  89.211 0.1250000000
73183  -30.494  -10.547  88.316 0.1250000000
73194  -30.518  -10.642  87.683 0.1250000000
77062  -33.370  -7.308  90.330 0.1250000000
77074  -33.962  -6.766  89.858 0.1250000000
75734  -31.703  -8.187  90.398 0.1250000000
147884  -30.816  -8.451  89.752 0.1250000000
75746  -31.108  -7.897  89.559 0.1250000000
74481  -30.626  -9.774  88.358 0.1250000000
74498  -30.637  -9.759  87.800 0.1250000000
77073  -33.463  -7.095  89.807 0.1250000000
77072  -31.895  -7.499  89.640 0.1250000000
77086  -33.047  -6.590  89.041 0.1250000000
75758  -30.834  -8.644  88.826 0.1250000000
77084  -31.316  -7.537  88.699 0.1250000000
73193  -30.650  -10.014  87.172 0.1250000000
77085  -32.145  -6.890  88.929 0.1250000000
78288  -32.692  -6.637  88.159 0.1250000000
147952  -31.923  -7.026  88.137 0.1250000000
75772  -30.945  -8.263  87.959 0.1250000000
77099  -31.452  -7.493  87.641 0.1250000000
74497  -30.739  -8.972  87.328 0.1250000000
75785  -30.981  -7.981  87.040 0.1250000000
77112  -31.718  -7.538  86.697 0.1250000000
74508  -30.683  -9.313  86.486 0.1250000000
74521  -30.540  -9.553  85.590 0.1250000000
77100  -32.446  -7.072  87.274 0.1250000000
77114  -33.369  -6.991  86.587 0.2500000000
77113  -32.677  -7.379  86.311 0.1250000000
156121  -30.868  -8.646  85.784 0.1250000000
77129  -32.042  -7.741  85.845 0.1250000000
75798  -30.868  -8.825  84.918 0.1250000000
73216  -30.470  -10.572  85.755 0.1250000000
74532  -30.417  -9.436  84.633 0.1250000000
156466  -33.406  -7.261  85.927 0.2500000000
75799  -31.586  -8.272  85.246 0.1250000000
75815  -31.550  -8.669  84.361 0.1250000000
155456  -30.307  -9.422  83.966 0.1250000000
75814  -30.802  -8.973  84.105 0.1250000000
75816  -32.438  -8.383  84.544 0.1250000000
74541  -32.306  -9.072  83.063 0.1250000000
75832  -31.505  -8.981  83.603 0.1250000000
141926  -33.137  -8.313  83.840 0.2500000000
162171  -32.741  -8.908  82.550 0.2500000000
74542  -32.955  -8.615  83.132 0.1250000000
142049  -32.215  -9.416  82.371 0.2500000000
73271  -32.474  -9.804  81.163 0.2500000000
73294  -32.558  -9.724  79.848 0.2500000000
88377  -42.786  2.588  67.611 0.1250000000
86365  -43.933  0.597  65.880 0.1250000000
163322  -44.526  -0.000  65.548 0.1250000000
87347  -43.167  2.086  67.025 0.2500000000
86354  -43.394  1.353  66.395 0.1250000000
85302  -45.389  -0.657  64.596 0.1250000000
85309  -46.204  -0.196  63.530 0.1250000000
85313  -46.450  0.099  62.913 0.1250000000
85314  -46.882  0.564  62.939 0.1250000000
87348  -44.073  2.069  66.870 0.1250000000
86356  -45.006  1.192  66.102 0.1250000000
85298  -45.699  -0.057  64.984 0.1250000000
85304  -46.832  0.271  63.674 0.2500000000
88379  -44.478  2.775  67.460 0.2500000000
87349  -44.931  2.326  66.934 0.1250000000
87365  -45.408  1.757  66.524 0.1250000000
162520  -46.284  0.264  64.861 0.1250000000
77130  -33.004  -7.681  85.561 0.2500000000
85308  -45.627  -0.688  63.876 0.1250000000
74431  -31.784  -9.287  92.177 0.1250000000
78384  -25.006  -6.753  81.923 0.1250000000
74444  -30.828  -8.666  91.178 0.1250000000
74455  -31.946  -8.913  90.975 0.1250000000
77061  -32.771  -7.747  90.321 0.1250000000
160405  -30.870  -8.520  86.554 0.1250000000
86355  -44.273  1.309  66.273 0.1250000000
86366  -45.242  0.398  65.590 0.1250000000
85301  -44.790  -1.091  64.882 0.1250000000
67490  -4.441  -15.545  75.090 0.1250000000
67511  -4.242  -15.905  74.269 0.1250000000
147553  -4.298  -15.074  73.285 0.1250000000
68680  -4.626  -14.908  75.706 0.1250000000
67491  -5.183  -15.340  74.898 0.1250000000
67513  -5.186  -15.387  73.826 0.1250000000
139839  -5.927  -14.456  77.022 0.1250000000
67476  -6.160  -14.858  76.269 0.1250000000
67493  -7.264  -15.380  75.220 0.1250000000
67478  -7.993  -15.021  75.913 0.1250000000
146110  -6.071  -15.384  74.516 0.1250000000
68630  -7.152  -14.070  78.128 0.1250000000
159122  -9.733  -11.429  77.784 0.1250000000
72085  -9.591  -12.149  77.178 0.1250000000
68644  -8.283  -14.359  77.267 0.1250000000
69761  -9.185  -13.433  77.325 0.1250000000
68663  -8.548  -14.566  76.488 0.1250000000
69777  -9.315  -13.639  76.489 0.1250000000
68682  -9.392  -14.275  75.429 0.1250000000
69794  -9.508  -13.664  75.753 0.1250000000
161460  -9.550  -14.337  74.487 0.1250000000
153884  -9.472  -12.549  76.530 0.1250000000
69806  -9.724  -13.726  74.887 0.1250000000
70918  -9.511  -13.167  75.442 0.1250000000
149768  -9.318  -12.618  75.867 0.1250000000
73347  -8.470  -11.528  75.607 0.1250000000
72119  -8.131  -11.809  74.878 0.1250000000
151181  -9.288  -11.912  76.229 0.1250000000
72109  -8.833  -12.208  75.376 0.1250000000
143045  -9.258  -12.689  75.184 0.1250000000
165945  -7.514  -9.365  76.044 0.1250000000
73331  -8.286  -10.680  75.960 0.1250000000
74637  -7.552  -10.184  75.710 0.1250000000
73346  -7.636  -10.987  75.209 0.1250000000
73359  -7.008  -10.607  74.697 0.1250000000
74636  -6.815  -9.506  75.541 0.1250000000
73345  -7.021  -10.372  75.239 0.1250000000
73358  -6.393  -10.107  74.914 0.1250000000
73367  -6.290  -10.352  74.130 0.1250000000
79736  -3.609  -6.119  72.013 0.1250000000
161763  -3.170  -6.899  70.709 0.1250000000
144953  -3.116  -8.923  70.187 0.1250000000
76019  -4.201  -8.923  69.209 0.1250000000
78586  -3.229  -7.098  69.074 0.1250000000
76018  -3.690  -8.090  68.830 0.1250000000
76032  -4.475  -8.295  68.600 0.1250000000
78610  -3.329  -6.431  68.345 0.1250000000
77354  -4.585  -7.423  67.407 0.1250000000
160543  -5.623  -7.656  67.562 0.1250000000
83231  -10.457  -2.537  71.079 0.1250000000
82086  -9.242  -3.244  69.582 0.1250000000
83246  -9.706  -2.617  69.420 0.1250000000
80914  -7.762  -4.487  69.385 0.1250000000
80941  -6.809  -3.696  67.955 0.1250000000
145180  -11.902  0.045  70.369 0.1250000000
82066  -9.892  -3.297  71.130 0.1250000000
83240  -10.729  -2.066  70.584 0.1250000000
83239  -10.560  -2.233  70.059 0.1250000000
163009  -11.529  -0.840  70.182 0.1250000000
84219  -10.518  -2.032  71.665 0.1250000000
84235  -10.685  -1.779  69.651 0.1250000000
151939  -11.604  0.766  71.858 0.2500000000
165967  -11.636  2.270  71.547 0.1250000000
88332  -11.597  2.770  71.057 0.1250000000
86283  -11.304  0.522  72.698 0.2500000000
160301  -11.451  0.090  71.989 0.2500000000
150586  -11.920  0.881  71.019 0.1250000000
84213  -11.089  -0.947  72.094 0.1250000000
84220  -11.107  -1.320  71.444 0.1250000000
84228  -11.181  -1.418  70.690 0.1250000000
90421  -10.329  4.616  71.652 0.2500000000
152451  -11.336  2.885  71.928 0.2500000000
90422  -10.866  4.091  71.128 0.1250000000
94491  -34.644  8.424  73.346 0.2500000000
94492  -35.537  8.759  73.787 0.2500000000
163303  -36.790  9.564  74.112 0.2500000000
95452  -37.360  9.931  75.065 0.2500000000
95453  -38.046  10.279  74.600 0.2500000000
107039  -14.716  23.159  75.474 0.2500000000
107029  -15.193  23.891  76.571 0.2500000000
107017  -15.507  23.612  77.328 0.2500000000
140343  -15.514  24.272  78.995 0.2500000000
106347  -13.662  21.909  73.849 0.2500000000
98535  -48.388  12.423  56.767 0.2500000000
98548  -48.511  12.263  55.836 0.2500000000
98549  -49.241  12.755  55.585 0.2500000000
98583  -50.939  12.511  51.892 0.1250000000
107717  -14.732  23.946  75.237 0.2500000000
98585  -52.293  12.817  50.629 0.1250000000
99487  -53.024  13.984  52.043 0.1250000000
139882  -52.276  12.598  49.878 0.1250000000
99502  -52.915  13.221  50.780 0.1250000000
99494  -53.351  13.608  51.290 0.1250000000
98639  -51.959  12.707  47.757 0.1250000000
98594  -52.984  12.972  49.986 0.1250000000
106374  -12.607  22.726  71.623 0.2500000000
145571  -13.453  23.038  71.923 0.2500000000
99525  -53.867  13.207  49.625 0.1250000000
98640  -52.760  13.039  47.781 0.1250000000
98628  -53.048  12.946  48.421 0.1250000000
99503  -53.653  13.349  50.514 0.1250000000
99554  -53.433  13.234  47.878 0.1250000000
100502  -51.998  15.352  47.496 0.1250000000
154506  -51.997  13.961  47.286 0.1250000000
101455  -52.465  17.099  47.954 0.1250000000
99504  -54.553  13.535  50.215 0.1250000000
99539  -53.881  13.244  48.571 0.1250000000
146488  -54.062  13.629  47.791 0.1250000000
100503  -52.706  14.433  47.267 0.1250000000
147098  -53.318  13.743  47.442 0.1250000000
100505  -54.812  14.779  47.432 0.1250000000
101456  -53.226  16.939  47.639 0.1250000000
107089  -13.089  23.368  71.066 0.2500000000
99555  -54.938  14.075  47.774 0.1250000000
101458  -54.986  15.980  47.196 0.1250000000
102299  -53.454  17.492  47.269 0.1250000000
158916  -55.308  17.083  47.020 0.2500000000
102329  -53.169  17.550  46.755 0.1250000000
155754  -54.916  17.763  46.272 0.2500000000
101492  -54.001  16.909  45.623 0.1250000000
102331  -55.231  17.254  45.355 0.2500000000
100641  -60.658  15.410  38.290 0.2500000000
107781  -13.729  24.023  70.820 0.2500000000
167442  -56.060  17.701  45.589 0.2500000000
100559  -55.230  15.356  44.594 0.2500000000
102416  -60.525  16.763  34.983 0.2500000000
102411  -60.860  16.878  35.888 0.2500000000
101619  -60.827  16.186  33.420 0.2500000000
102415  -59.909  16.712  34.954 0.2500000000
100688  -60.403  15.742  32.712 0.2500000000
139730  -59.972  15.228  32.241 0.2500000000
99722  -59.455  13.971  31.900 0.1250000000
98785  -59.329  13.236  30.802 0.1250000000
101503  -55.566  16.459  44.795 0.2500000000
102350  -57.993  17.512  43.123 0.2500000000
101512  -56.695  16.052  43.729 0.2500000000
102340  -57.247  17.071  43.842 0.2500000000
100585  -57.632  15.589  42.491 0.1250000000
101603  -60.132  16.443  34.127 0.2500000000
100687  -59.534  15.247  32.995 0.2500000000
98777  -59.103  13.302  31.676 0.1250000000
107823  -12.808  25.000  68.648 0.2500000000
108486  -13.972  25.677  69.153 0.2500000000
108476  -14.323  25.678  70.173 0.2500000000
104995  -5.531  20.337  64.308 0.2500000000
100627  -58.926  15.845  39.261 0.2500000000
101572  -59.434  16.755  37.454 0.2500000000
101583  -59.284  16.535  36.630 0.2500000000
102391  -59.774  17.713  37.276 0.2500000000
101589  -58.483  15.706  36.069 0.2500000000
101590  -59.430  16.444  35.660 0.2500000000
102404  -59.799  17.283  36.458 0.2500000000
100671  -58.840  15.199  34.604 0.2500000000
101601  -58.874  15.644  35.302 0.2500000000
101602  -59.414  16.003  34.739 0.2500000000
166716  -58.284  14.235  34.551 0.2500000000
100686  -58.877  14.775  33.752 0.1250000000
100672  -59.430  15.647  33.884 0.2500000000
98765  -58.180  12.949  33.053 0.1250000000
99712  -58.485  13.870  33.493 0.1250000000
139174  -58.988  14.421  33.018 0.1250000000
99721  -58.878  13.626  32.552 0.1250000000
98776  -58.497  12.690  32.174 0.1250000000
109178  -11.892  26.252  67.744 0.2500000000
109179  -12.804  26.335  67.830 0.2500000000
108502  -13.355  25.745  68.401 0.2500000000
109168  -14.481  26.501  69.313 0.2500000000
109157  -14.706  26.542  70.415 0.2500000000
105737  -2.981  21.331  63.378 0.2500000000
109193  -12.333  26.897  67.656 0.2500000000
109194  -13.020  27.107  67.761 0.2500000000
111217  -12.565  29.153  68.455 0.2500000000
143076  -13.123  27.861  67.871 0.2500000000
155072  -13.749  28.039  68.168 0.2500000000
109874  -14.314  27.729  68.462 0.2500000000
109181  -14.241  26.932  68.494 0.2500000000
112634  -11.051  31.605  72.775 0.2500000000
111957  -16.623  30.659  70.250 0.2500000000
111218  -13.548  29.501  68.556 0.2500000000
111202  -14.849  29.889  68.912 0.2500000000
111969  -16.070  30.740  69.762 0.2500000000
111201  -12.691  29.946  68.929 0.2500000000
111955  -11.575  30.546  70.217 0.2500000000
111964  -12.044  30.228  69.518 0.2500000000
110490  -13.285  28.607  68.203 0.2500000000
110491  -14.206  28.648  68.466 0.2500000000
110492  -14.925  29.048  68.917 0.2500000000
112647  -12.653  31.402  70.597 0.2500000000
112646  -11.904  31.090  70.868 0.2500000000
112630  -11.866  31.882  72.619 0.2500000000
112636  -12.250  31.662  71.618 0.2500000000
112637  -13.018  32.050  71.268 0.2500000000
113345  -13.414  32.681  72.105 0.2500000000
113336  -12.202  32.485  73.168 0.2500000000
113337  -13.052  32.861  73.229 0.2500000000
113330  -12.629  33.067  73.519 0.2500000000
114055  -13.108  33.590  73.540 0.2500000000
111968  -15.413  30.504  69.340 0.2500000000
111967  -14.441  30.586  69.102 0.2500000000
111966  -13.509  30.435  69.067 0.2500000000
112648  -13.486  31.612  70.265 0.2500000000
144154  -14.244  31.686  69.947 0.2500000000
113357  -14.001  32.294  70.759 0.2500000000
113346  -14.240  33.020  71.572 0.2500000000
114064  -14.230  33.926  73.426 0.2500000000
113338  -13.835  33.281  72.922 0.2500000000
113329  -11.668  32.570  73.332 0.2500000000
114864  -13.261  34.631  73.203 0.2500000000
114856  -13.798  34.796  73.973 0.2500000000
114062  -11.573  33.176  73.168 0.2500000000
114875  -12.737  34.505  71.727 0.2500000000
115686  -12.968  35.268  71.317 0.2500000000
112663  -15.595  31.302  69.705 0.2500000000
112650  -15.965  31.895  70.033 0.2500000000
153725  -14.766  32.699  70.623 0.2500000000
114076  -15.499  33.925  71.357 0.2500000000
113347  -15.062  33.327  70.940 0.2500000000
115665  -14.170  35.210  73.826 0.2500000000
114085  -11.248  33.514  70.982 0.2500000000
114887  -12.215  34.278  70.652 0.2500000000
115675  -13.181  35.189  72.287 0.2500000000
115664  -14.005  35.699  73.749 0.2500000000
116523  -13.449  36.611  72.507 0.2500000000
113359  -16.483  32.339  70.499 0.2500000000
113358  -15.572  32.602  70.405 0.2500000000
114866  -15.308  35.021  72.466 0.2500000000
115677  -14.775  35.268  73.085 0.2500000000
116511  -14.365  36.065  73.424 0.2500000000
114900  -11.943  34.471  69.858 0.2500000000
116524  -13.894  36.326  73.292 0.2500000000
116543  -12.404  35.965  69.852 0.2500000000
140567  -12.857  35.888  70.807 0.2500000000
114867  -16.556  34.973  72.090 0.2500000000
115678  -15.761  35.558  72.559 0.2500000000
114897  -9.781  34.164  69.474 0.2500000000
143941  -11.530  34.674  69.235 0.2500000000
115701  -12.012  35.245  69.421 0.2500000000
163777  -7.895  35.122  68.256 0.2500000000
115724  -8.147  35.384  67.606 0.2500000000
115711  -8.619  34.881  68.111 0.2500000000
116541  -6.216  36.424  69.360 0.2500000000
117371  -6.045  37.291  68.380 0.2500000000
115710  -6.761  35.923  68.682 0.2500000000
115723  -7.389  35.606  68.063 0.2500000000
117379  -6.079  37.730  67.817 0.2500000000
117380  -6.557  37.384  67.039 0.2500000000
118174  -5.616  38.592  68.012 0.2500000000
118175  -6.223  38.236  67.158 0.2500000000
146538  -6.766  37.963  66.543 0.2500000000
118927  -5.189  39.484  68.113 0.2500000000
119651  -5.564  40.553  66.779 0.2500000000
118184  -5.823  39.095  67.281 0.2500000000
118944  -6.035  39.638  66.646 0.2500000000
74685  -5.664  -9.343  71.700 0.1250000000
74666  -5.927  -9.596  72.504 0.1250000000
76003  -3.593  -9.277  69.919 0.1250000000
76002  -3.332  -8.630  69.493 0.1250000000
78548  -3.264  -6.945  71.467 0.1250000000
74657  -6.845  -10.202  73.395 0.1250000000
102332  -55.486  17.763  45.808 0.2500000000
103020  -55.675  17.796  46.321 0.2500000000
101502  -54.681  16.365  45.174 0.2500000000
149890  -56.917  17.533  44.514 0.2500000000
78569  -3.425  -6.366  70.277 0.1250000000
78587  -3.238  -6.463  69.340 0.1250000000
79760  -3.537  -5.972  68.692 0.1250000000
80903  -9.399  -3.851  70.907 0.1250000000
82077  -9.056  -3.917  70.303 0.1250000000
95461  -36.062  9.316  73.393 0.2500000000
89396  -10.915  3.630  72.238 0.2500000000
88323  -11.470  2.205  72.297 0.2500000000
94503  -33.281  8.288  72.385 0.1250000000
94478  -33.780  7.789  73.765 0.1250000000
97684  -51.099  12.001  49.423 0.1250000000
101604  -61.827  15.853  34.788 0.2500000000
99493  -52.416  13.289  51.486 0.1250000000
103031  -57.490  17.662  44.602 0.2500000000
101513  -57.477  16.445  43.200 0.1250000000
156909  -59.412  16.404  38.055 0.2500000000
102301  -55.774  17.408  46.870 0.2500000000
153573  -3.628  21.548  62.670 0.1250000000
142539  -11.851  29.574  68.939 0.2500000000
114899  -11.281  34.125  69.572 0.2500000000
82085  -8.465  -3.905  69.429 0.1250000000
105004  -5.015  20.642  63.798 0.1250000000
99526  -54.781  13.517  49.203 0.1250000000
99541  -55.350  13.833  48.516 0.1250000000
69744  -7.560  -13.601  78.523 0.1250000000
155643  -6.822  -13.578  78.611 0.1250000000
68643  -6.591  -14.326  77.626 0.1250000000
69745  -8.353  -13.482  78.339 0.1250000000
143780  -9.421  -12.758  77.660 0.1250000000
69760  -8.673  -13.820  77.681 0.1250000000
73332  -9.120  -10.995  76.352 0.1250000000
74622  -8.252  -9.720  76.292 0.1250000000
167997  -48.945  12.334  55.150 0.2500000000
149940  -50.172  11.934  51.779 0.1250000000
100506  -55.565  14.876  47.493 0.1250000000
67512  -4.551  -15.545  74.055 0.1250000000
67475  -5.435  -14.930  75.711 0.1250000000
67492  -6.278  -15.239  75.398 0.1250000000
67529  -4.776  -14.769  72.854 0.1250000000
68660  -5.185  -14.566  76.363 0.1250000000
157163  -7.469  -14.476  77.490 0.1250000000
67477  -7.080  -15.207  76.154 0.1250000000
67494  -8.237  -15.222  75.053 0.1250000000
68681  -8.799  -14.752  75.674 0.1250000000
68662  -7.742  -14.787  76.744 0.1250000000
68664  -9.123  -14.239  76.190 0.1250000000
70902  -9.485  -13.099  76.206 0.1250000000
165200  -9.395  -13.983  75.985 0.1250000000
77319  -3.022  -8.023  69.662 0.1250000000
77311  -2.994  -7.940  70.658 0.1250000000
77339  -4.108  -7.641  68.121 0.1250000000
77340  -5.109  -8.009  68.076 0.1250000000
159348  -3.292  -6.747  67.534 0.1250000000
82114  -5.658  -3.329  67.040 0.1250000000
82078  -9.714  -3.363  70.453 0.1250000000
151882  -11.711  0.063  71.302 0.1250000000
87314  -11.917  1.852  70.763 0.1250000000
87304  -11.696  1.583  71.670 0.2500000000
89401  -11.170  3.479  71.450 0.1250000000
98615  -52.637  12.707  49.174 0.1250000000
98627  -52.305  12.571  48.349 0.1250000000
98616  -53.282  12.993  49.167 0.1250000000
151632  -52.851  15.839  47.469 0.1250000000
100504  -54.188  14.313  47.455 0.1250000000
154249  -53.572  15.191  47.308 0.1250000000
101457  -54.069  16.468  47.282 0.1250000000
102300  -54.529  17.229  47.010 0.2500000000
102315  -54.304  17.467  46.649 0.1250000000
102316  -55.110  17.565  46.654 0.2500000000
102314  -52.759  17.879  47.463 0.1250000000
102330  -53.953  17.476  46.350 0.1250000000
102428  -61.129  16.337  34.359 0.2500000000
162401  -60.018  16.008  33.335 0.2500000000
99713  -59.449  14.539  32.375 0.1250000000
167264  -60.415  14.338  31.156 0.1250000000
101582  -58.711  15.916  37.021 0.2500000000
99711  -57.826  13.285  33.969 0.1250000000
111203  -15.569  29.540  69.333 0.2500000000
114074  -12.004  33.818  71.420 0.2500000000
114065  -14.896  34.392  72.368 0.2500000000
163623  -6.455  36.942  67.704 0.2500000000
80685  -25.292  -3.970  84.481 0.1250000000
80686  -25.884  -4.522  84.914 0.1250000000
73281  -32.481  -9.831  80.572 0.1250000000
74601  -33.383  -9.136  78.650 0.1250000000
74649  -35.298  -8.501  74.168 0.1250000000
77321  -37.999  -7.328  71.241 0.1250000000
79771  -38.933  -4.705  70.303 0.1250000000
79770  -38.409  -5.494  69.979 0.1250000000
80920  -38.747  -3.984  69.756 0.1250000000
149770  -40.079  6.768  69.289 0.1250000000
91472  -39.484  5.338  67.689 0.1250000000
91465  -39.916  5.868  68.227 0.1250000000
91466  -40.795  6.115  68.058 0.1250000000
90481  -39.455  4.512  66.485 0.1250000000
90474  -39.959  5.005  67.030 0.1250000000
91484  -41.710  5.413  66.632 0.1250000000
157336  -39.902  4.174  65.694 0.1250000000
147037  -40.794  4.491  65.771 0.1250000000
90494  -41.560  4.549  65.420 0.1250000000
151054  -42.800  4.585  64.768 0.1250000000
89476  -38.954  3.729  65.143 0.1250000000
89477  -39.957  3.777  64.829 0.1250000000
90508  -41.361  4.060  64.701 0.1250000000
90509  -42.688  4.141  64.230 0.1250000000
90525  -43.277  3.960  63.625 0.1250000000
151355  -44.121  4.292  63.661 0.1250000000
89492  -40.147  3.390  64.036 0.1250000000
89510  -40.716  3.253  63.399 0.1250000000
89511  -41.564  3.498  63.452 0.1250000000
89512  -42.423  3.708  63.542 0.1250000000
89513  -43.805  3.902  62.935 0.1250000000
89509  -39.282  3.119  63.586 0.1250000000
155450  -39.985  3.051  63.343 0.1250000000
161371  -41.181  3.172  62.728 0.1250000000
143866  -42.069  3.442  62.773 0.1250000000
89529  -42.606  3.434  62.099 0.1250000000
89530  -43.440  3.672  62.172 0.1250000000
88440  -38.777  2.782  62.273 0.1250000000
88441  -39.726  2.760  62.104 0.1250000000
88442  -40.694  2.949  62.013 0.1250000000
89528  -41.704  3.245  61.921 0.1250000000
89555  -42.545  3.695  60.371 0.1250000000
88450  -39.031  2.660  61.355 0.1250000000
88460  -40.594  2.930  60.558 0.1250000000
89554  -41.796  3.432  60.153 0.1250000000
89565  -41.531  3.526  59.407 0.1250000000
88459  -39.665  2.719  60.502 0.1250000000
88470  -40.224  2.864  59.773 0.1250000000
88471  -41.053  3.158  59.936 0.1250000000
91464  -38.997  5.621  68.354 0.1250000000
92502  -39.393  6.252  68.969 0.1250000000
91470  -37.194  5.251  67.405 0.1250000000
149868  -37.812  5.222  67.809 0.1250000000
92500  -37.618  6.011  68.953 0.1250000000
90491  -37.488  4.027  65.470 0.1250000000
163290  -37.748  4.495  66.563 0.1250000000
90472  -37.978  4.818  67.201 0.1250000000
90480  -38.507  4.447  66.597 0.1250000000
89543  -44.196  4.093  62.226 0.1250000000
89541  -43.023  3.620  61.247 0.1250000000
89542  -43.831  4.157  60.906 0.1250000000
90549  -44.462  4.495  61.471 0.1250000000
90561  -44.361  4.750  60.610 0.1250000000
90562  -44.994  5.122  60.994 0.1250000000
89556  -43.277  4.037  60.362 0.1250000000
90572  -44.166  4.945  59.866 0.1250000000
88469  -39.249  2.679  59.576 0.1250000000
88478  -39.931  2.827  58.939 0.1250000000
89578  -41.241  3.649  58.641 0.1250000000
90570  -42.660  4.340  59.266 0.1250000000
90571  -43.409  4.550  59.652 0.1250000000
149821  -38.066  8.417  71.673 0.1250000000
94527  -38.747  8.505  71.731 0.1250000000
94528  -39.681  8.619  71.551 0.1250000000
93517  -38.162  7.519  70.716 0.1250000000
93518  -39.498  7.528  70.296 0.1250000000
93502  -39.593  8.065  70.863 0.1250000000
92499  -36.711  6.110  68.553 0.1250000000
92485  -37.567  6.515  69.626 0.1250000000
92486  -38.437  6.475  69.532 0.1250000000
92487  -39.410  6.904  69.710 0.1250000000
91462  -37.300  5.600  68.143 0.1250000000
91565  -45.565  5.524  60.458 0.1250000000
91552  -45.839  5.208  61.232 0.1250000000
91564  -44.806  5.337  60.206 0.1250000000
153351  -38.757  2.871  58.246 0.1250000000
89589  -40.022  3.543  57.703 0.1250000000
90579  -41.677  4.248  58.205 0.1250000000
90592  -42.058  4.949  57.817 0.1250000000
90581  -43.069  4.987  58.914 0.1250000000
90589  -39.546  4.018  57.139 0.1250000000
90590  -40.464  4.246  57.290 0.1250000000
91592  -41.647  5.353  57.141 0.1250000000
91594  -43.102  6.088  57.813 0.1250000000
90603  -40.004  4.793  56.791 0.1250000000
91606  -40.391  5.542  56.439 0.1250000000
91608  -41.937  6.224  56.772 0.1250000000
91617  -39.307  6.374  55.723 0.1250000000
92664  -39.914  6.960  55.539 0.1250000000
142798  -39.480  7.631  55.006 0.1250000000
95462  -38.346  9.955  73.752 0.1250000000
95463  -39.284  9.937  73.544 0.1250000000
95478  -37.111  9.327  72.695 0.1250000000
95479  -38.737  9.425  73.031 0.1250000000
95480  -39.658  9.528  72.820 0.1250000000
94508  -40.101  9.239  72.152 0.1250000000
161058  -35.393  7.884  68.788 0.1250000000
93530  -36.372  7.054  69.735 0.1250000000
94545  -36.955  8.185  70.988 0.1250000000
94526  -37.299  8.749  71.765 0.1250000000
160946  -35.636  6.849  67.725 0.1250000000
93543  -36.183  6.699  68.957 0.1250000000
92469  -37.084  6.915  70.036 0.1250000000
92470  -37.871  6.931  70.184 0.1250000000
92498  -36.028  6.427  68.140 0.1250000000
157447  -36.470  5.777  67.640 0.1250000000
91567  -47.105  5.982  60.902 0.1250000000
91578  -46.055  6.029  59.964 0.1250000000
92605  -46.816  6.252  60.182 0.1250000000
91575  -43.840  5.249  59.180 0.1250000000
91576  -44.559  5.572  59.463 0.1250000000
92621  -44.936  6.252  59.096 0.1250000000
92640  -42.697  6.590  57.109 0.1250000000
92632  -43.851  6.378  58.118 0.1250000000
92650  -41.414  6.731  56.110 0.1250000000
93656  -42.238  7.228  56.315 0.1250000000
92665  -40.806  7.272  55.579 0.1250000000
103500  -16.670  18.234  74.318 0.1250000000
102830  -16.391  17.578  72.783 0.1250000000
95477  -36.283  9.388  72.673 0.1250000000
154953  -37.160  9.617  73.434 0.1250000000
157930  -37.527  9.897  73.985 0.1250000000
94559  -35.323  8.256  69.483 0.1250000000
94543  -35.492  8.606  70.329 0.1250000000
95498  -35.794  9.287  71.911 0.1250000000
92623  -46.428  6.749  59.630 0.1250000000
93625  -45.914  7.396  59.220 0.1250000000
92642  -44.168  7.185  57.818 0.1250000000
92634  -45.233  7.055  58.837 0.1250000000
93645  -43.756  7.731  57.197 0.1250000000
92633  -44.555  6.704  58.464 0.1250000000
92651  -43.041  7.460  56.798 0.1250000000
142294  -41.009  8.035  55.183 0.1250000000
93671  -41.566  7.640  55.679 0.1250000000
93684  -39.091  7.778  54.357 0.1250000000
94692  -40.579  8.121  54.739 0.1250000000
93693  -38.263  7.519  53.783 0.1250000000
140518  -17.762  20.703  76.125 0.1250000000
157504  -17.815  20.959  75.406 0.1250000000
104188  -16.650  19.289  73.224 0.1250000000
104184  -17.208  19.616  74.731 0.1250000000
103513  -16.322  18.433  72.467 0.1250000000
103507  -16.533  18.437  73.359 0.1250000000
102833  -16.214  17.766  71.858 0.1250000000
146834  -16.292  16.648  69.283 0.1250000000
148721  -16.371  16.514  68.449 0.1250000000
154194  -16.372  15.843  68.954 0.1250000000
94505  -35.255  9.019  72.915 0.1250000000
95517  -34.927  9.167  70.616 0.1250000000
95476  -35.680  9.285  72.586 0.1250000000
94676  -45.117  8.368  57.972 0.1250000000
94668  -46.089  8.329  59.110 0.1250000000
93646  -44.459  8.021  57.565 0.1250000000
94675  -44.762  8.796  57.295 0.1250000000
142785  -45.375  9.170  57.703 0.1250000000
94686  -44.092  8.535  56.917 0.1250000000
95637  -45.068  9.396  57.029 0.1250000000
94702  -41.293  8.399  54.657 0.1250000000
94703  -42.279  8.772  54.863 0.1250000000
94694  -42.492  8.545  55.469 0.1250000000
161361  -39.722  7.993  54.077 0.1250000000
94701  -40.484  8.176  54.164 0.1250000000
94709  -41.210  8.354  53.955 0.1250000000
93695  -40.033  7.793  53.480 0.1250000000
93696  -40.824  8.005  53.341 0.1250000000
105610  -17.874  21.481  75.881 0.1250000000
104890  -17.805  21.331  76.843 0.1250000000
144389  -17.633  20.887  74.757 0.1250000000
161675  -16.931  20.738  73.317 0.1250000000
104909  -17.003  19.982  73.824 0.1250000000
104193  -16.371  19.278  72.372 0.1250000000
158450  -16.091  19.251  70.837 0.1250000000
141218  -16.177  18.266  69.778 0.1250000000
103548  -16.320  18.613  68.448 0.1250000000
152413  -16.339  17.886  68.199 0.1250000000
154193  -16.437  16.328  67.577 0.1250000000
102884  -8.902  17.781  65.075 0.1250000000
95638  -45.664  9.909  57.198 0.1250000000
95624  -45.959  9.735  58.265 0.1250000000
96690  -46.953  10.990  59.006 0.1250000000
95651  -44.464  9.581  55.796 0.1250000000
95644  -45.089  9.779  56.421 0.1250000000
94704  -43.162  9.028  54.796 0.1250000000
146933  -43.831  9.238  54.672 0.1250000000
93697  -41.647  8.175  53.223 0.1250000000
94710  -41.960  8.527  54.048 0.1250000000
92721  -38.559  6.501  51.143 0.1250000000
93718  -40.799  7.196  51.581 0.1250000000
93708  -41.224  7.679  52.412 0.1250000000
153180  -37.741  6.452  51.128 0.1250000000
92722  -39.400  6.563  51.060 0.1250000000
109107  -14.561  26.955  80.096 0.1250000000
108418  -14.726  26.398  78.720 0.1250000000
142820  -15.258  25.394  75.972 0.1250000000
108424  -15.433  25.256  77.413 0.1250000000
107718  -15.029  24.537  75.797 0.1250000000
107041  -17.852  23.126  75.260 0.1250000000
107030  -17.863  23.545  76.789 0.1250000000
105624  -17.780  21.587  75.068 0.1250000000
106358  -14.086  22.803  73.643 0.1250000000
107061  -14.462  23.751  73.835 0.1250000000
105674  -17.037  21.801  72.873 0.1250000000
105658  -17.190  21.370  73.540 0.1250000000
168443  -14.225  23.405  73.168 0.1250000000
105657  -16.639  20.959  72.538 0.1250000000
151232  -16.345  20.969  71.467 0.1250000000
103525  -16.090  19.037  70.009 0.1250000000
104229  -16.135  19.579  69.435 0.1250000000
143287  -16.418  19.813  68.077 0.1250000000
103565  -16.390  18.484  67.565 0.1250000000
104245  -16.473  19.373  67.355 0.1250000000
104278  -16.925  19.177  63.972 0.1250000000
103589  -7.689  18.469  65.552 0.1250000000
102879  -8.275  17.746  65.480 0.1250000000
103611  -17.080  18.452  63.752 0.1250000000
103599  -8.204  19.264  64.703 0.1250000000
97606  -46.609  11.009  57.442 0.1250000000
97595  -46.743  11.148  58.283 0.1250000000
97586  -47.551  11.374  59.446 0.1250000000
95652  -45.178  9.980  55.793 0.1250000000
96705  -46.178  10.494  57.011 0.1250000000
94721  -44.199  8.616  52.563 0.1250000000
94712  -43.638  8.979  54.080 0.1250000000
95657  -44.355  9.518  54.934 0.1250000000
93710  -42.903  8.017  52.056 0.1250000000
94719  -42.622  8.365  53.096 0.1250000000
92724  -40.943  7.076  50.820 0.1250000000
163525  -41.566  7.442  51.592 0.1250000000
92733  -38.842  6.513  50.384 0.1250000000
92734  -39.680  6.686  50.332 0.1250000000
152110  -14.241  27.382  79.353 0.1250000000
109115  -20.358  26.891  79.041 0.1250000000
109114  -20.442  26.487  79.712 0.1250000000
109116  -14.248  27.492  78.001 0.1250000000
108419  -19.573  25.394  78.704 0.1250000000
167482  -15.227  26.428  76.947 0.1250000000
165841  -15.288  25.935  76.104 0.1250000000
107042  -17.862  23.780  75.886 0.1250000000
161855  -14.858  24.602  75.076 0.1250000000
108444  -15.198  25.881  74.653 0.1250000000
107051  -17.713  23.385  74.424 0.1250000000
107052  -17.868  24.003  75.000 0.1250000000
146666  -14.690  24.590  73.819 0.1250000000
106368  -17.334  22.814  73.049 0.1250000000
107062  -17.558  23.592  73.591 0.1250000000
107752  -14.470  24.095  73.110 0.1250000000
105681  -16.667  21.705  72.018 0.1250000000
106367  -17.018  22.454  72.223 0.1250000000
107075  -17.447  23.722  72.754 0.1250000000
105697  -16.256  21.225  69.787 0.1250000000
106379  -16.628  22.322  70.846 0.1250000000
106375  -17.023  22.992  71.508 0.1250000000
167054  -16.318  21.356  69.222 0.1250000000
106383  -16.599  22.620  70.020 0.1250000000
104977  -16.422  20.722  68.198 0.1250000000
104251  -16.564  19.796  66.575 0.1250000000
104996  -16.976  20.157  64.288 0.1250000000
105008  -17.400  20.798  63.488 0.1250000000
104259  -7.501  19.293  65.195 0.1250000000
157231  -47.133  11.658  57.783 0.1250000000
97597  -47.825  12.032  59.187 0.1250000000
96721  -46.458  10.731  55.444 0.1250000000
96713  -46.539  10.891  56.440 0.1250000000
143898  -47.237  11.494  56.699 0.1250000000
98558  -48.481  11.881  55.000 0.1250000000
94713  -44.834  8.924  53.138 0.1250000000
143509  -44.959  9.563  54.468 0.1250000000
95673  -46.731  9.633  52.208 0.1250000000
95674  -47.401  10.091  52.390 0.1250000000
97629  -47.999  11.366  54.671 0.1250000000
94729  -43.705  8.248  51.782 0.1250000000
95683  -47.285  9.903  51.538 0.1250000000
140834  -47.499  10.441  53.225 0.1250000000
92745  -40.757  7.239  49.730 0.1250000000
93719  -41.661  7.311  50.843 0.1250000000
94756  -44.988  8.680  49.159 0.1250000000
93743  -38.699  7.100  49.326 0.1250000000
93744  -39.576  7.268  49.327 0.1250000000
93732  -41.835  7.390  50.198 0.1250000000
94780  -43.688  8.989  48.108 0.1250000000
93755  -39.214  7.756  48.917 0.1250000000
153713  -16.597  27.874  80.533 0.1250000000
151209  -18.065  27.736  80.537 0.1250000000
110408  -15.039  28.316  79.784 0.1250000000
109803  -19.897  27.344  80.233 0.1250000000
109810  -13.934  28.339  77.914 0.1250000000
110407  -14.503  28.355  79.473 0.1250000000
109119  -20.151  27.348  78.116 0.1250000000
109807  -20.409  27.779  79.264 0.1250000000
109811  -14.487  27.964  77.498 0.1250000000
109118  -19.454  26.615  77.461 0.1250000000
140992  -15.341  26.771  75.789 0.1250000000
108437  -18.180  25.512  75.290 0.1250000000
108429  -18.270  25.323  76.235 0.1250000000
108445  -18.147  25.685  74.361 0.1250000000
107737  -17.890  24.870  74.719 0.1250000000
155944  -17.888  25.772  72.678 0.1250000000
107754  -17.844  25.055  73.861 0.1250000000
152491  -14.912  25.446  73.796 0.1250000000
107768  -17.515  24.364  72.458 0.1250000000
107753  -17.636  24.464  73.229 0.1250000000
107090  -13.955  23.733  71.620 0.1250000000
108450  -14.660  24.942  73.017 0.1250000000
151183  -17.170  23.703  71.117 0.1250000000
139742  -17.322  23.877  71.880 0.1250000000
107115  -16.881  23.357  69.810 0.1250000000
105710  -16.506  21.584  68.022 0.1250000000
106387  -16.554  22.642  68.704 0.1250000000
150935  -16.514  21.988  67.340 0.1250000000
104983  -16.591  20.701  66.581 0.1250000000
105730  -16.967  20.872  65.003 0.1250000000
104997  -17.174  21.099  64.287 0.1250000000
105739  -17.678  21.655  63.209 0.1250000000
98508  -47.682  12.156  58.241 0.1250000000
95658  -45.561  9.904  54.499 0.1250000000
146564  -45.508  9.078  52.809 0.1250000000
95659  -46.168  9.925  53.794 0.1250000000
93722  -43.899  8.076  50.913 0.1250000000
94730  -44.602  8.465  51.491 0.1250000000
142111  -46.129  9.461  52.944 0.1250000000
89611  -53.636  4.291  55.106 0.1250000000
143166  -54.628  4.380  54.241 0.1250000000
93734  -43.200  7.792  50.306 0.1250000000
93735  -44.019  8.128  50.094 0.1250000000
95706  -45.608  9.105  48.857 0.1250000000
95682  -46.592  9.483  51.262 0.1250000000
92684  -54.334  6.314  54.200 0.1250000000
92668  -53.377  6.730  55.121 0.1250000000
94764  -38.847  8.620  48.648 0.1250000000
148227  -41.045  7.561  49.307 0.1250000000
95692  -45.616  8.932  49.887 0.1250000000
152613  -37.537  7.903  49.042 0.1250000000
93674  -52.354  7.263  55.819 0.1250000000
95685  -51.204  9.804  51.983 0.1250000000
95684  -50.602  9.450  51.489 0.1250000000
95695  -50.816  9.403  50.601 0.1250000000
147372  -17.338  29.551  79.542 0.1250000000
110410  -17.310  28.344  80.338 0.1250000000
110417  -18.542  29.283  79.553 0.1250000000
110418  -19.524  28.590  79.700 0.1250000000
111138  -16.255  29.304  79.406 0.1250000000
110419  -20.262  28.524  79.201 0.1250000000
110413  -14.503  28.526  78.894 0.1250000000
110414  -15.192  28.599  79.379 0.1250000000
109818  -19.269  27.550  75.246 0.1250000000
152258  -15.028  28.087  77.281 0.1250000000
109813  -15.252  27.427  76.630 0.1250000000
109135  -18.292  26.442  72.956 0.1250000000
109136  -18.922  27.363  73.817 0.1250000000
109824  -19.317  27.870  74.543 0.1250000000
109123  -15.372  26.517  75.157 0.1250000000
108460  -17.703  25.527  71.877 0.1250000000
108451  -15.220  26.256  73.824 0.1250000000
108469  -17.841  25.898  71.082 0.1250000000
107782  -14.273  24.536  71.414 0.1250000000
163712  -14.879  25.910  72.880 0.1250000000
107796  -17.511  24.694  70.599 0.1250000000
108467  -14.460  25.349  71.173 0.1250000000
107824  -17.456  24.692  69.088 0.1250000000
147335  -17.089  24.021  68.547 0.1250000000
106393  -16.551  22.363  68.007 0.1250000000
143656  -16.577  21.607  66.609 0.1250000000
106411  -17.116  22.726  65.298 0.1250000000
107876  -17.577  24.419  65.209 0.1250000000
106410  -16.738  22.149  65.947 0.1250000000
106433  -17.681  22.335  63.735 0.1250000000
106434  -18.227  23.004  63.180 0.1250000000
105740  -17.939  22.268  63.028 0.1250000000
147161  -46.870  10.700  54.632 0.1250000000
139825  -47.286  11.066  55.068 0.1250000000
97617  -47.912  11.983  56.438 0.1250000000
96733  -46.862  10.381  53.922 0.1250000000
148221  -55.141  4.749  55.471 0.1250000000
90611  -55.810  5.176  54.895 0.1250000000
94743  -44.528  8.330  50.648 0.1250000000
94731  -45.363  8.785  51.493 0.1250000000
95666  -46.844  9.932  53.106 0.1250000000
89604  -53.780  4.420  55.998 0.1250000000
89612  -54.506  4.442  55.248 0.1250000000
90610  -55.279  4.669  54.414 0.1250000000
93748  -43.262  8.054  49.421 0.1250000000
94755  -44.196  8.386  49.316 0.1250000000
91625  -55.868  5.749  53.277 0.1250000000
93660  -52.897  7.695  56.493 0.1250000000
94765  -39.744  8.388  48.584 0.1250000000
94768  -42.330  8.282  48.660 0.1250000000
168409  -42.929  8.251  48.827 0.1250000000
94769  -43.565  8.477  48.730 0.1250000000
95715  -38.592  9.556  48.572 0.1250000000
95716  -39.460  9.308  48.442 0.1250000000
159724  -52.101  10.077  50.866 0.1250000000
95696  -51.597  9.666  50.310 0.1250000000
95710  -51.782  9.506  49.338 0.1250000000
111139  -18.003  29.942  79.016 0.1250000000
111140  -19.657  29.243  79.166 0.1250000000
111147  -16.135  29.314  78.151 0.1250000000
140905  -15.356  28.521  77.306 0.1250000000
111153  -16.659  29.489  76.518 0.1250000000
109144  -18.643  27.028  72.487 0.1250000000
109829  -19.028  27.539  73.012 0.1250000000
155732  -19.358  28.100  73.672 0.1250000000
109817  -15.519  27.250  75.421 0.1250000000
109150  -18.610  27.133  71.654 0.1250000000
109835  -19.039  27.647  72.202 0.1250000000
109134  -15.315  26.696  73.162 0.1250000000
109149  -18.206  26.650  71.002 0.1250000000
109841  -19.056  27.721  71.394 0.1250000000
109142  -15.184  26.660  72.234 0.1250000000
152385  -18.024  26.123  70.174 0.1250000000
109169  -18.352  26.745  69.541 0.1250000000
109141  -14.750  25.961  71.813 0.1250000000
108487  -17.743  25.367  69.608 0.1250000000
108488  -17.943  26.025  69.228 0.1250000000
107832  -17.346  24.720  68.188 0.1250000000
108504  -17.661  25.363  68.739 0.1250000000
109182  -18.159  26.492  68.755 0.1250000000
107128  -16.994  24.065  67.523 0.1250000000
143756  -17.289  24.786  67.329 0.1250000000
108530  -17.553  25.468  66.845 0.1250000000
107133  -16.679  23.266  67.051 0.1250000000
107134  -16.943  23.961  66.542 0.1250000000
107143  -17.145  23.684  65.647 0.1250000000
107158  -17.898  24.142  64.317 0.1250000000
107904  -18.804  24.466  63.210 0.1250000000
141815  -18.685  23.050  62.404 0.1250000000
107196  -19.086  22.947  61.657 0.1250000000
97630  -48.609  11.677  54.184 0.1250000000
97636  -48.725  11.449  53.350 0.1250000000
97642  -48.692  11.102  52.506 0.1250000000
96753  -47.846  10.265  50.991 0.1250000000
96754  -48.495  10.661  50.520 0.1250000000
96772  -53.264  10.354  49.873 0.1250000000
158481  -54.017  10.610  49.854 0.1250000000
95711  -52.754  10.053  49.136 0.1250000000
95712  -53.816  10.435  49.075 0.1250000000
95722  -52.261  9.544  48.380 0.1250000000
95724  -54.104  10.316  48.160 0.1250000000
110424  -20.851  29.431  77.290 0.1250000000
110446  -20.241  29.520  73.399 0.1250000000
110438  -16.482  28.672  74.730 0.1250000000
110445  -19.440  28.223  72.797 0.1250000000
110443  -16.109  27.849  73.443 0.1250000000
110431  -15.915  27.956  75.128 0.1250000000
109823  -15.862  27.439  73.887 0.1250000000
109850  -19.061  27.771  70.619 0.1250000000
109148  -14.909  26.585  71.316 0.1250000000
109875  -18.515  27.091  68.630 0.1250000000
109195  -18.189  26.632  67.863 0.1250000000
108531  -17.983  25.759  65.981 0.1250000000
107877  -18.073  24.854  64.635 0.1250000000
107889  -18.479  24.833  63.872 0.1250000000
97637  -49.220  11.949  53.652 0.1250000000
98567  -49.627  12.482  54.045 0.1250000000
98574  -49.736  12.333  53.284 0.1250000000
97651  -49.190  11.273  51.804 0.1250000000
96785  -54.761  10.720  48.792 0.1250000000
95725  -55.029  10.562  48.063 0.1250000000
95740  -54.429  10.061  47.379 0.1250000000
95747  -54.793  9.640  46.733 0.1250000000
95748  -55.693  9.734  46.707 0.1250000000
94809  -58.765  8.806  43.277 0.1250000000
94814  -59.025  8.943  42.505 0.1250000000
111902  -18.646  30.318  78.417 0.1250000000
111906  -19.526  30.509  78.020 0.1250000000
111144  -19.657  29.863  78.577 0.1250000000
111905  -17.468  30.331  77.676 0.1250000000
111908  -21.299  30.349  77.053 0.1250000000
111904  -16.771  29.728  77.431 0.1250000000
111159  -20.660  29.655  75.677 0.1250000000
111166  -17.065  29.504  74.829 0.1250000000
111167  -20.430  29.442  74.773 0.1250000000
110453  -19.935  29.068  72.551 0.1250000000
110458  -19.548  28.313  71.041 0.1250000000
148060  -15.914  27.661  72.718 0.1250000000
110477  -19.990  28.903  69.718 0.1250000000
109158  -15.104  27.181  70.764 0.1250000000
109839  -15.650  27.744  71.183 0.1250000000
110494  -20.066  29.016  68.835 0.1250000000
155448  -19.266  28.105  67.560 0.1250000000
109887  -18.684  27.403  67.756 0.1250000000
109888  -19.031  27.604  66.930 0.1250000000
109206  -18.110  26.374  66.782 0.1250000000
109219  -18.584  26.430  65.830 0.1250000000
108542  -18.464  25.869  65.330 0.1250000000
108558  -19.324  26.190  64.127 0.1250000000
142326  -49.463  11.753  52.603 0.1250000000
96786  -55.891  10.881  47.957 0.1250000000
95742  -56.238  10.344  47.273 0.1250000000
95741  -55.340  10.237  47.343 0.1250000000
95743  -57.149  10.489  47.054 0.1250000000
95750  -57.567  10.028  46.347 0.1250000000
95749  -56.597  9.887  46.566 0.1250000000
94804  -59.580  8.866  43.920 0.1250000000
96822  -60.498  10.410  42.703 0.1250000000
95764  -60.387  9.057  43.639 0.1250000000
94815  -60.029  8.982  42.306 0.1250000000
95772  -60.193  9.618  41.611 0.1250000000
96840  -58.975  10.428  38.572 0.1250000000
96846  -57.247  10.375  38.062 0.1250000000
95843  -58.638  10.232  37.059 0.1250000000
148641  -18.685  30.887  77.745 0.1250000000
112586  -19.482  31.224  77.536 0.1250000000
112587  -20.469  31.188  77.363 0.1250000000
112593  -17.950  31.169  76.356 0.1250000000
157902  -18.459  31.655  76.758 0.1250000000
111912  -21.357  30.801  76.718 0.1250000000
111916  -17.602  30.610  75.808 0.1250000000
141968  -17.389  30.311  76.685 0.1250000000
147536  -21.130  30.927  74.521 0.1250000000
111171  -17.043  29.164  73.980 0.1250000000
111948  -20.817  31.520  72.112 0.1250000000
111936  -20.590  30.623  72.452 0.1250000000
110444  -16.545  28.490  73.712 0.1250000000
111947  -20.630  30.868  71.597 0.1250000000
110451  -16.429  28.413  72.714 0.1250000000
140520  -16.957  29.062  73.115 0.1250000000
111935  -17.464  30.313  72.633 0.1250000000
111958  -20.635  31.343  70.715 0.1250000000
160368  -20.232  29.566  70.098 0.1250000000
110459  -20.003  29.038  71.501 0.1250000000
110456  -16.103  28.381  71.254 0.1250000000
110457  -16.506  28.709  71.730 0.1250000000
111205  -20.317  29.698  69.365 0.1250000000
109860  -14.733  27.372  68.994 0.1250000000
110475  -15.475  28.573  69.549 0.1250000000
162524  -16.394  28.994  70.840 0.1250000000
110466  -16.611  29.770  70.472 0.1250000000
110504  -20.128  29.290  67.964 0.1250000000
111204  -16.184  30.055  69.760 0.1250000000
140295  -20.316  29.499  67.189 0.1250000000
110518  -19.779  28.254  66.717 0.1250000000
109912  -20.017  27.698  65.385 0.1250000000
96824  -60.705  10.505  41.563 0.1250000000
95784  -61.091  10.395  39.514 0.1250000000
95782  -60.501  10.221  40.318 0.1250000000
96830  -59.233  10.336  40.144 0.1250000000
95799  -60.557  10.365  38.903 0.1250000000
96836  -59.631  10.394  39.262 0.1250000000
95845  -60.570  10.508  37.830 0.1250000000
96855  -61.642  10.524  36.451 0.1250000000
95847  -61.102  10.366  37.467 0.1250000000
96847  -58.275  10.425  37.867 0.1250000000
95844  -59.661  10.326  36.925 0.1250000000
112594  -19.770  32.284  76.735 0.1250000000
113319  -21.592  32.282  75.819 0.1250000000
114039  -19.254  33.191  75.184 0.1250000000
112602  -18.400  31.820  75.957 0.1250000000
113312  -19.614  32.930  76.098 0.1250000000
112610  -18.401  31.905  74.999 0.1250000000
112609  -18.059  31.255  74.369 0.1250000000
111922  -17.550  30.423  74.839 0.1250000000
111926  -17.670  30.606  73.605 0.1250000000
112632  -21.269  32.456  72.459 0.1250000000
112620  -18.149  31.515  73.341 0.1250000000
165491  -20.755  31.776  71.482 0.1250000000
113340  -21.220  32.939  71.975 0.1250000000
112631  -17.786  31.155  72.560 0.1250000000
112652  -20.589  32.220  70.370 0.1250000000
111934  -17.211  29.929  71.924 0.1250000000
146493  -20.370  31.333  68.990 0.1250000000
146060  -20.480  31.383  69.741 0.1250000000
112639  -17.420  30.882  71.650 0.1250000000
111220  -20.350  29.883  68.534 0.1250000000
109901  -20.267  28.324  65.873 0.1250000000
110530  -20.523  29.075  65.125 0.1250000000
145177  -59.537  12.293  42.210 0.1250000000
98685  -60.122  12.405  41.190 0.1250000000
97748  -60.409  11.550  41.405 0.1250000000
97757  -60.753  11.756  40.495 0.1250000000
165444  -61.715  11.772  38.975 0.1250000000
97768  -61.540  11.583  39.426 0.1250000000
156714  -61.954  11.681  38.464 0.1250000000
98715  -61.572  12.939  37.406 0.1250000000
96849  -61.664  10.634  37.308 0.1250000000
98716  -61.904  12.283  38.018 0.1250000000
98738  -61.994  11.948  36.392 0.1250000000
98727  -62.083  12.097  37.314 0.1250000000
162168  -21.366  33.562  75.619 0.1250000000
114851  -21.617  33.785  73.965 0.1250000000
114041  -20.819  33.950  75.706 0.1250000000
150678  -21.526  32.579  73.830 0.1250000000
114040  -20.034  33.683  75.606 0.1250000000
113351  -21.388  33.531  72.002 0.1250000000
113334  -21.584  33.117  73.041 0.1250000000
114047  -19.006  33.376  74.248 0.1250000000
158671  -18.437  32.223  73.194 0.1250000000
113361  -20.761  32.837  71.106 0.1250000000
113332  -18.151  32.079  72.382 0.1250000000
113376  -20.154  31.996  69.199 0.1250000000
113367  -20.410  32.347  69.940 0.1250000000
155813  -17.718  31.661  71.788 0.1250000000
112684  -19.567  31.447  67.818 0.1250000000
160238  -20.168  31.400  68.567 0.1250000000
111997  -19.664  30.617  66.355 0.1250000000
111998  -20.081  30.589  66.952 0.1250000000
99656  -60.275  13.400  40.115 0.1250000000
98698  -60.976  11.913  39.784 0.1250000000
98705  -60.812  12.761  38.818 0.1250000000
160531  -61.552  12.234  38.627 0.1250000000
99673  -61.028  13.038  37.993 0.1250000000
99684  -61.192  13.644  36.750 0.1250000000
99679  -60.862  13.927  37.229 0.1250000000
98726  -61.518  13.131  36.267 0.1250000000
114858  -21.671  34.967  73.692 0.1250000000
115681  -21.722  35.637  72.732 0.1250000000
165400  -21.074  35.623  74.666 0.1250000000
114842  -21.257  34.330  75.249 0.1250000000
114870  -21.659  34.842  72.227 0.1250000000
114841  -20.883  34.676  75.283 0.1250000000
114848  -19.636  34.832  74.420 0.1250000000
114890  -21.100  33.787  71.499 0.1250000000
114857  -18.893  34.652  73.564 0.1250000000
114067  -18.458  32.894  72.700 0.1250000000
114098  -20.408  32.795  70.263 0.1250000000
113339  -18.129  32.868  71.970 0.1250000000
112638  -17.248  31.825  71.004 0.1250000000
112683  -18.813  31.595  67.345 0.1250000000
112692  -18.885  31.052  66.598 0.1250000000
112005  -19.701  30.201  65.510 0.1250000000
164240  -60.726  14.243  37.810 0.1250000000
100662  -61.779  15.152  35.832 0.1250000000
116518  -21.507  36.337  73.384 0.1250000000
116526  -21.526  36.452  72.459 0.1250000000
153210  -21.607  35.607  72.171 0.1250000000
116517  -20.830  36.814  73.956 0.1250000000
114878  -21.480  34.303  71.892 0.1250000000
115669  -19.128  35.568  73.797 0.1250000000
116507  -20.659  36.038  74.450 0.1250000000
115695  -20.601  34.997  71.283 0.1250000000
114889  -20.740  33.961  71.108 0.1250000000
115680  -17.978  35.321  72.691 0.1250000000
114877  -17.187  34.158  71.708 0.1250000000
113375  -19.710  32.211  68.959 0.1250000000
113348  -17.016  32.806  71.016 0.1250000000
114077  -16.609  33.656  71.270 0.1250000000
113389  -17.808  32.097  66.998 0.1250000000
112691  -17.369  31.912  66.179 0.1250000000
112699  -17.718  31.104  65.794 0.1250000000
100706  -60.897  14.582  31.263 0.1250000000
118147  -21.138  38.169  71.830 0.1250000000
117347  -21.018  37.916  72.711 0.1250000000
148119  -21.294  36.909  71.830 0.1250000000
118135  -20.239  38.329  73.086 0.1250000000
117361  -21.020  38.089  70.740 0.1250000000
115688  -21.162  35.358  71.660 0.1250000000
149910  -19.815  37.275  73.875 0.1250000000
116530  -20.600  36.294  71.346 0.1250000000
115694  -19.738  35.715  70.920 0.1250000000
117333  -17.350  37.304  73.288 0.1250000000
116515  -18.032  36.675  73.367 0.1250000000
166901  -19.209  36.325  70.346 0.1250000000
114903  -20.308  33.499  70.471 0.1250000000
117332  -16.475  37.220  73.110 0.1250000000
115667  -17.467  36.050  72.944 0.1250000000
115703  -19.058  35.289  70.263 0.1250000000
114096  -19.023  33.670  69.594 0.1250000000
153745  -16.193  36.186  72.794 0.1250000000
114868  -17.634  34.703  72.235 0.1250000000
114912  -18.231  34.274  69.092 0.1250000000
114105  -19.403  32.869  69.328 0.1250000000
114103  -17.823  33.926  68.421 0.1250000000
114104  -18.550  33.382  68.939 0.1250000000
113388  -17.275  32.721  66.488 0.1250000000
113396  -17.104  32.566  65.746 0.1250000000
100610  -58.853  16.251  39.913 0.1250000000
100650  -58.288  15.327  37.583 0.1250000000
154113  -57.838  14.836  36.002 0.1250000000
100661  -58.338  14.993  35.351 0.1250000000
118155  -21.095  38.501  70.954 0.1250000000
118146  -20.694  38.686  72.317 0.1250000000
118145  -19.769  39.087  72.677 0.1250000000
155960  -19.248  37.323  69.716 0.1250000000
118143  -17.801  38.840  73.105 0.1250000000
116544  -18.834  36.327  69.748 0.1250000000
158958  -16.880  37.753  73.114 0.1250000000
118153  -17.163  39.548  72.414 0.1250000000
115715  -18.148  35.343  68.885 0.1250000000
116513  -16.077  36.749  72.982 0.1250000000
116512  -15.232  36.469  72.987 0.1250000000
114932  -17.402  34.451  66.977 0.1250000000
115727  -17.692  35.207  67.314 0.1250000000
118154  -20.960  38.984  71.352 0.1250000000
118913  -21.047  39.340  70.387 0.1250000000
118159  -21.060  38.876  70.277 0.1250000000
118903  -19.754  39.761  72.091 0.1250000000
118165  -20.973  39.492  69.505 0.1250000000
118902  -19.026  39.659  72.448 0.1250000000
118909  -16.904  40.941  72.103 0.1250000000
116555  -19.176  37.832  68.667 0.1250000000
118142  -16.263  38.928  72.248 0.1250000000
160382  -16.381  40.034  72.222 0.1250000000
116554  -18.497  36.378  68.331 0.1250000000
115728  -18.113  35.856  67.804 0.1250000000
117345  -16.077  37.878  72.722 0.1250000000
142957  -14.696  39.588  72.534 0.1250000000
115737  -18.415  36.088  66.632 0.1250000000
117344  -15.016  37.628  72.679 0.1250000000
118140  -14.373  38.504  72.523 0.1250000000
116525  -14.099  36.500  73.296 0.1250000000
142841  -13.381  38.771  72.747 0.1250000000
117342  -13.699  37.405  72.624 0.1250000000
118911  -20.134  40.317  71.466 0.1250000000
118924  -21.032  40.114  69.647 0.1250000000
118923  -20.782  39.616  69.410 0.1250000000
118170  -19.757  39.125  69.171 0.1250000000
120321  -19.121  41.786  70.848 0.1250000000
146824  -19.299  38.069  67.639 0.1250000000
118910  -17.828  40.531  72.140 0.1250000000
151610  -18.990  37.269  67.877 0.1250000000
117383  -19.349  38.095  66.816 0.1250000000
116568  -19.246  37.543  66.875 0.1250000000
116579  -19.427  37.627  66.174 0.1250000000
118900  -14.956  40.853  72.653 0.1250000000
167181  -13.856  39.479  72.840 0.1250000000
139711  -12.553  39.567  73.277 0.1250000000
117341  -12.991  37.669  72.185 0.1250000000
119619  -20.754  41.181  69.920 0.1250000000
119631  -20.394  41.065  69.742 0.1250000000
118934  -20.041  39.767  69.369 0.1250000000
120337  -19.914  41.703  70.062 0.1250000000
119606  -18.619  41.210  71.569 0.1250000000
118180  -19.181  38.684  67.267 0.1250000000
120319  -17.463  42.029  71.280 0.1250000000
118195  -19.169  38.364  66.514 0.1250000000
119604  -16.663  41.746  71.782 0.1250000000
155013  -19.037  38.130  65.387 0.1250000000
119597  -15.104  41.563  72.396 0.1250000000
149827  -11.836  36.216  68.870 0.1250000000
118899  -14.050  40.562  73.155 0.1250000000
116542  -12.110  36.971  69.673 0.1250000000
118898  -13.031  40.058  73.432 0.1250000000
116536  -12.516  36.797  70.567 0.1250000000
148264  -12.227  38.599  72.254 0.1250000000
119643  -19.393  40.705  69.358 0.1250000000
120327  -19.014  41.836  70.524 0.1250000000
119642  -18.358  40.618  68.762 0.1250000000
120334  -17.474  41.932  70.864 0.1250000000
118941  -18.827  39.363  67.568 0.1250000000
119617  -16.352  41.567  70.963 0.1250000000
118194  -18.743  38.902  66.754 0.1250000000
115713  -10.475  34.982  68.258 0.1250000000
119616  -15.728  41.750  71.786 0.1250000000
144052  -14.174  40.872  70.830 0.1250000000
118193  -18.161  38.938  66.323 0.1250000000
116552  -10.926  35.961  67.978 0.1250000000
119601  -14.036  41.854  72.740 0.1250000000
119614  -13.502  41.230  71.534 0.1250000000
119594  -12.551  40.862  73.469 0.1250000000
118896  -11.737  40.657  73.320 0.1250000000
117358  -11.989  37.770  70.581 0.1250000000
118152  -11.967  39.696  73.098 0.1250000000
117352  -11.872  38.420  71.454 0.1250000000
118151  -11.487  39.328  72.134 0.1250000000
120335  -18.500  41.787  70.456 0.1250000000
119641  -17.273  40.561  68.881 0.1250000000
118932  -17.671  40.065  68.000 0.1250000000
119627  -15.808  40.737  70.010 0.1250000000
118940  -18.069  39.518  67.144 0.1250000000
118939  -17.008  39.324  67.629 0.1250000000
119626  -14.749  40.672  70.236 0.1250000000
158819  -15.493  41.253  70.972 0.1250000000
118179  -17.260  38.855  66.889 0.1250000000
119625  -13.659  40.653  70.114 0.1250000000
155968  -17.430  38.588  66.189 0.1250000000
116553  -11.314  37.035  68.276 0.1250000000
119600  -12.062  41.373  73.066 0.1250000000
119613  -12.281  41.388  72.113 0.1250000000
118206  -15.760  37.983  65.971 0.1250000000
166501  -11.721  37.233  68.988 0.1250000000
119598  -10.710  41.002  72.088 0.1250000000
145566  -11.279  38.863  70.906 0.1250000000
118918  -10.785  39.975  71.808 0.1250000000
119628  -16.868  40.933  69.978 0.1250000000
115725  -9.064  35.319  67.398 0.1250000000
119640  -16.256  40.324  69.066 0.1250000000
118938  -16.035  39.284  67.949 0.1250000000
116566  -10.295  36.186  67.257 0.1250000000
119639  -15.148  40.029  69.102 0.1250000000
157544  -15.843  39.755  68.525 0.1250000000
144573  -10.696  36.888  67.523 0.1250000000
119637  -12.537  40.812  68.795 0.1250000000
119649  -13.367  40.199  67.185 0.1250000000
118937  -14.450  39.300  67.633 0.1250000000
118177  -15.286  38.953  67.486 0.1250000000
117366  -11.162  38.033  68.885 0.1250000000
118163  -10.829  39.065  69.815 0.1250000000
118922  -10.290  40.367  70.340 0.1250000000
118917  -10.514  40.504  71.272 0.1250000000
120324  -10.732  41.509  71.413 0.1250000000
120333  -11.003  41.825  70.710 0.1250000000
156019  -12.702  40.871  69.715 0.1250000000
118190  -14.568  38.871  66.876 0.1250000000
118191  -15.448  38.471  66.736 0.1250000000
144873  -11.559  37.976  69.751 0.1250000000
118158  -10.670  39.728  70.838 0.1250000000
118205  -14.636  38.245  66.032 0.1250000000
116565  -9.514  36.083  66.840 0.1250000000
116577  -9.510  36.875  66.530 0.1250000000
117382  -10.398  37.620  67.180 0.1250000000
117391  -10.256  38.336  66.805 0.1250000000
121039  -9.943  42.649  69.783 0.1250000000
121055  -11.475  44.567  68.909 0.1250000000
121675  -12.444  44.018  67.777 0.1250000000
122326  -13.418  44.518  66.698 0.1250000000
122327  -14.150  44.720  65.968 0.1250000000
117372  -10.790  37.853  68.028 0.1250000000
118176  -10.485  38.619  67.815 0.1250000000
151361  -10.379  39.428  67.573 0.1250000000
121050  -10.861  43.936  69.200 0.1250000000
121051  -11.860  42.732  68.030 0.1250000000
120356  -12.572  41.833  66.892 0.1250000000
122338  -13.702  44.124  65.338 0.1250000000
118169  -10.618  38.849  68.765 0.1250000000
118928  -10.351  39.743  69.405 0.1250000000
119623  -9.968  41.428  70.277 0.1250000000
120332  -10.276  42.009  70.405 0.1250000000
120349  -10.995  42.926  69.174 0.1250000000
121687  -13.532  43.398  64.843 0.1250000000
166727  -13.780  43.037  63.913 0.1250000000
116575  -7.807  36.548  66.679 0.1250000000
117388  -8.148  37.285  66.272 0.1250000000
118187  -8.540  37.977  65.869 0.1250000000
118952  -9.041  39.242  64.858 0.1250000000
122987  -11.435  45.564  67.646 0.1250000000
123663  -12.775  46.219  67.848 0.1250000000
122984  -13.927  46.291  68.084 0.1250000000
145946  -14.548  46.751  67.751 0.1250000000
116564  -8.470  35.897  66.922 0.1250000000
117389  -9.100  37.403  66.225 0.1250000000
118202  -8.892  38.612  65.389 0.1250000000
118203  -9.750  39.061  65.446 0.1250000000
120355  -10.410  41.906  66.732 0.1250000000
155738  -10.314  42.732  66.816 0.1250000000
122323  -10.579  44.584  67.490 0.1250000000
122982  -11.836  45.526  68.231 0.1250000000
122318  -12.994  45.126  68.247 0.1250000000
122989  -13.462  45.735  68.173 0.1250000000
123672  -15.731  46.385  67.294 0.1250000000
118188  -9.618  38.194  65.955 0.1250000000
119661  -10.339  40.846  65.663 0.1250000000
121054  -10.103  43.423  67.938 0.1250000000
121663  -10.220  43.753  68.997 0.1250000000
121669  -10.869  44.555  68.781 0.1250000000
122317  -12.162  44.927  68.535 0.1250000000
119647  -10.164  41.459  68.142 0.1250000000
120348  -9.685  42.600  68.779 0.1250000000
123003  -15.813  45.474  66.284 0.1250000000
122991  -15.319  45.921  67.155 0.1250000000
143591  -9.636  41.894  69.018 0.1250000000
122339  -14.484  44.360  64.848 0.1250000000
145193  -14.027  43.783  64.301 0.1250000000
118186  -7.513  38.018  66.135 0.1250000000
118201  -7.962  38.559  65.538 0.1250000000
118959  -8.221  39.626  64.554 0.1250000000
119670  -9.419  40.318  64.147 0.1250000000
120369  -10.145  41.527  64.130 0.1250000000
123666  -15.631  46.772  67.475 0.1250000000
120361  -10.360  41.765  65.428 0.1250000000
121061  -10.433  42.714  65.634 0.1250000000
122324  -11.236  45.009  66.554 0.1250000000
122988  -12.095  46.154  67.285 0.1250000000
147450  -10.594  43.086  64.918 0.1250000000
122337  -11.275  44.468  65.215 0.1250000000
123673  -16.613  46.617  67.322 0.1250000000
156012  -17.562  46.873  67.538 0.1250000000
118949  -6.629  39.424  65.906 0.1250000000
122992  -16.351  45.979  67.004 0.1250000000
120360  -6.206  41.003  64.968 0.1250000000
119658  -6.596  40.096  65.230 0.1250000000
122329  -16.302  44.934  65.451 0.1250000000
123004  -16.894  45.479  66.230 0.1250000000
120366  -6.598  41.335  64.235 0.1250000000
120367  -7.397  40.992  63.882 0.1250000000
120347  -4.914  41.384  67.464 0.1250000000
120365  -5.883  41.862  64.764 0.1250000000
121070  -7.187  42.189  63.321 0.1250000000
121071  -8.222  42.195  62.847 0.1250000000
120359  -5.560  41.625  65.615 0.1250000000
121065  -6.340  42.197  63.958 0.1250000000
121706  -9.685  43.231  62.412 0.1250000000
143828  -10.294  43.812  62.468 0.1250000000
121692  -7.297  43.015  62.889 0.1250000000
121705  -8.801  43.494  62.291 0.1250000000
152337  -6.594  42.790  63.486 0.1250000000
118200  -7.134  38.722  65.896 0.1250000000
120368  -9.697  40.884  63.897 0.1250000000
123664  -13.510  46.623  67.925 0.1250000000
123665  -13.961  46.833  67.918 0.1250000000
124323  -15.982  47.200  67.395 0.1250000000
119659  -7.375  39.933  64.663 0.1250000000
166010  -10.382  42.029  64.816 0.1250000000
123667  -16.680  46.982  67.494 0.1250000000
119668  -7.798  40.318  64.145 0.1250000000
120377  -9.577  41.393  63.430 0.1250000000
123670  -12.940  46.742  66.540 0.1250000000
124322  -15.112  47.393  67.425 0.1250000000
120376  -8.736  41.422  63.272 0.1250000000
122993  -17.554  46.216  67.103 0.1250000000
121072  -9.320  41.980  62.861 0.1250000000
149705  -18.470  46.805  67.529 0.1250000000
120375  -7.811  41.515  63.412 0.1250000000
145710  -4.265  43.062  67.153 0.1250000000
121053  -4.938  42.328  66.364 0.1250000000
121685  -5.886  43.110  63.971 0.1250000000
122361  -9.479  44.044  62.173 0.1250000000
121704  -7.840  43.710  62.459 0.1250000000
152653  -10.624  42.961  63.728 0.1250000000
121686  -10.878  43.785  64.731 0.1250000000
123013  -11.725  45.146  64.885 0.1250000000
123014  -12.244  46.007  64.882 0.1250000000
123682  -12.869  46.787  65.236 0.1250000000
124338  -13.836  48.005  66.468 0.1250000000
123000  -11.901  45.727  66.214 0.1250000000
124321  -13.909  47.414  67.447 0.1250000000
121707  -10.373  43.008  62.803 0.1250000000
124974  -15.921  47.960  67.193 0.1250000000
121073  -10.157  42.148  63.257 0.1250000000
142109  -14.214  48.346  66.659 0.1250000000
121693  -10.983  43.794  63.156 0.1250000000
124327  -15.248  48.413  66.971 0.1250000000
152416  -11.604  45.086  63.829 0.1250000000
124980  -15.947  48.828  66.801 0.1250000000
124329  -17.489  47.493  67.305 0.1250000000
124982  -17.844  48.677  66.518 0.1250000000
124330  -18.470  47.867  66.977 0.1250000000
122362  -10.716  44.445  62.641 0.1250000000
123021  -11.369  45.699  63.417 0.1250000000
123699  -11.852  46.248  64.048 0.1250000000
124984  -19.422  48.312  66.365 0.1250000000
142943  -11.842  45.576  64.149 0.1250000000
124361  -12.344  46.777  64.521 0.1250000000
125659  -17.363  49.581  65.997 0.1250000000
124981  -16.785  48.509  66.798 0.1250000000
123683  -13.377  47.452  65.777 0.1250000000
125660  -18.201  49.473  65.647 0.1250000000
123689  -12.944  47.574  64.823 0.1250000000
124995  -18.958  49.129  65.421 0.1250000000
124979  -14.727  48.952  66.418 0.1250000000
150969  -15.489  49.289  66.413 0.1250000000
125658  -16.350  49.482  66.229 0.1250000000
124349  -13.432  48.522  65.388 0.1250000000
124993  -14.061  48.864  65.815 0.1250000000
125657  -15.519  49.744  65.609 0.1250000000
125671  -15.333  49.797  65.136 0.1250000000
125672  -16.633  49.622  65.463 0.1250000000
125680  -17.672  49.563  65.259 0.1250000000
126360  -14.223  50.829  65.394 0.1250000000
97622  -47.776  11.596  55.652 0.1250000000
168670  -49.793  3.826  58.458 0.1250000000
140349  -51.999  4.430  56.932 0.1250000000
89602  -52.577  4.289  55.938 0.1250000000
142301  -20.547  28.758  77.746 0.1250000000
111145  -20.302  29.205  78.570 0.1250000000
146448  -20.313  28.997  75.295 0.1250000000
111903  -20.391  29.942  77.921 0.1250000000
109131  -18.878  27.096  74.649 0.1250000000
111143  -17.038  29.965  79.015 0.1250000000
110423  -15.977  29.103  77.322 0.1250000000
110425  -15.623  28.061  76.297 0.1250000000
90550  -45.217  4.886  61.787 0.1250000000
94504  -34.338  8.617  72.506 0.1250000000
102054  -16.407  16.727  72.015 0.1250000000
154851  -46.395  9.910  58.903 0.1250000000
95697  -52.401  9.959  50.045 0.1250000000
159989  -55.598  11.096  48.675 0.1250000000
94810  -59.841  8.766  43.101 0.1250000000
168434  -16.308  16.196  70.396 0.1250000000
104910  -17.387  20.294  74.526 0.1250000000
145844  -16.209  17.225  71.116 0.1250000000
161616  -59.621  13.065  41.886 0.1250000000
98691  -60.421  12.482  40.327 0.1250000000
99672  -60.591  13.977  38.509 0.1250000000
98697  -60.589  12.604  39.559 0.1250000000
101591  -61.740  15.681  35.866 0.1250000000
154522  -15.160  25.568  78.201 0.1250000000
164758  -20.192  26.666  80.387 0.1250000000
109800  -14.846  27.589  80.109 0.1250000000
110411  -18.532  28.402  80.148 0.1250000000
108425  -19.166  25.701  77.779 0.1250000000
143718  -59.990  11.335  42.344 0.1250000000
75998  -37.258  -8.011  71.905 0.1250000000
106324  -17.870  22.095  76.400 0.1250000000
112623  -21.440  32.498  73.105 0.1250000000
109125  -18.949  26.911  75.533 0.1250000000
107701  -18.012  24.449  76.539 0.1250000000
143429  -51.214  4.303  58.082 0.1250000000
91619  -56.283  6.028  55.023 0.1250000000
93531  -40.265  7.408  69.822 0.1250000000
92503  -40.364  6.423  68.697 0.1250000000
92504  -41.570  6.379  68.061 0.1250000000
91483  -40.880  5.221  66.863 0.1250000000
90483  -41.260  4.893  66.184 0.1250000000
144261  -42.138  4.328  64.777 0.1250000000
115726  -10.025  35.431  67.484 0.1250000000
119646  -5.047  40.680  67.613 0.1250000000
107688  -15.531  24.364  77.336 0.1250000000
101620  -61.800  15.877  33.685 0.1250000000
109861  -15.087  27.847  69.459 0.1250000000
116562  -6.939  36.598  67.035 0.1250000000
120354  -5.270  41.471  66.548 0.1250000000
119657  -5.870  40.767  65.820 0.1250000000
90482  -40.401  4.697  66.353 0.1250000000
90507  -40.672  3.812  64.565 0.1250000000
88451  -40.140  2.791  61.303 0.1250000000
89579  -41.985  4.008  58.938 0.1250000000
89590  -40.905  3.843  57.894 0.1250000000
90580  -42.384  4.633  58.546 0.1250000000
156001  -39.073  8.143  71.254 0.1250000000
94506  -38.130  8.924  72.401 0.1250000000
93500  -37.725  8.047  71.153 0.1250000000
92471  -38.708  7.168  70.209 0.1250000000
89588  -39.115  3.327  57.632 0.1250000000
91593  -42.380  5.739  57.467 0.1250000000
91586  -44.230  5.932  58.777 0.1250000000
91607  -41.174  5.829  56.523 0.1250000000
91618  -39.861  6.014  56.012 0.1250000000
92649  -40.625  6.357  55.986 0.1250000000
93670  -40.266  7.742  55.106 0.1250000000
139836  -37.820  9.513  73.224 0.1250000000
95499  -36.570  9.178  72.109 0.1250000000
93514  -35.916  7.776  70.055 0.1250000000
93515  -36.624  7.558  70.382 0.1250000000
94524  -35.653  9.076  71.071 0.1250000000
92622  -45.635  6.552  59.421 0.1250000000
92641  -43.448  6.883  57.465 0.1250000000
95475  -34.945  9.244  71.968 0.1250000000
93639  -45.458  7.938  58.677 0.1250000000
93658  -43.418  8.271  56.514 0.1250000000
93657  -42.760  8.040  56.083 0.1250000000
94693  -41.753  8.374  55.282 0.1250000000
93705  -38.670  7.085  52.875 0.1250000000
104202  -16.199  19.474  71.576 0.1250000000
150553  -16.107  18.484  70.605 0.1250000000
145425  -16.264  16.803  70.216 0.1250000000
102849  -16.301  17.290  68.729 0.1250000000
95497  -34.412  9.115  71.025 0.1250000000
94667  -45.687  8.813  58.490 0.1250000000
94685  -43.835  9.006  56.190 0.1250000000
94684  -43.173  8.725  55.800 0.1250000000
95650  -43.665  9.185  55.367 0.1250000000
93707  -40.401  7.456  52.545 0.1250000000
92707  -39.055  6.763  51.924 0.1250000000
106359  -17.377  22.132  73.708 0.1250000000
153779  -16.152  20.047  71.105 0.1250000000
103590  -8.530  18.523  65.025 0.1250000000
96706  -46.182  10.431  57.770 0.1250000000
94711  -42.850  8.714  54.092 0.1250000000
93709  -42.061  7.863  52.286 0.1250000000
92732  -37.474  6.447  50.344 0.1250000000
104969  -16.148  20.361  69.636 0.1250000000
144717  -16.239  20.106  68.847 0.1250000000
96712  -45.773  10.365  56.233 0.1250000000
96720  -45.672  10.243  55.298 0.1250000000
159019  -44.125  8.886  53.423 0.1250000000
94720  -43.483  8.657  53.313 0.1250000000
93720  -42.307  7.603  51.404 0.1250000000
92744  -39.991  7.022  49.764 0.1250000000
107719  -17.921  24.670  75.618 0.1250000000
107736  -17.702  24.243  74.151 0.1250000000
107104  -16.894  23.184  70.624 0.1250000000
146011  -16.777  20.092  65.203 0.1250000000
105721  -16.714  21.147  65.799 0.1250000000
105016  -17.671  20.244  62.639 0.1250000000
96714  -47.044  11.169  55.857 0.1250000000
95665  -45.381  9.413  53.672 0.1250000000
94722  -45.107  8.779  52.255 0.1250000000
95672  -45.930  9.137  51.991 0.1250000000
93733  -42.426  7.527  50.589 0.1250000000
142586  -44.783  8.478  49.971 0.1250000000
93756  -40.051  7.738  48.864 0.1250000000
93758  -41.752  7.808  49.071 0.1250000000
110415  -15.846  28.824  79.760 0.1250000000
108468  -17.601  25.101  71.151 0.1250000000
107105  -17.240  24.014  70.385 0.1250000000
168335  -17.245  22.251  64.857 0.1250000000
105017  -17.909  20.994  62.138 0.1250000000
95681  -45.879  9.038  50.946 0.1250000000
93757  -40.883  7.885  48.850 0.1250000000
111146  -15.229  28.780  78.134 0.1250000000
165023  -20.148  29.275  74.059 0.1250000000
106400  -16.770  23.070  66.174 0.1250000000
107170  -17.790  23.268  63.993 0.1250000000
107858  -18.002  25.259  65.267 0.1250000000
106459  -18.511  22.324  61.990 0.1250000000
94766  -40.935  8.435  48.496 0.1250000000
95732  -40.999  9.717  48.138 0.1250000000
110426  -16.056  28.802  76.449 0.1250000000
110452  -19.501  28.305  71.919 0.1250000000
109834  -15.529  27.128  72.719 0.1250000000
154526  -19.049  27.836  69.924 0.1250000000
108516  -17.541  25.400  67.838 0.1250000000
140427  -17.268  24.668  66.595 0.1250000000
95739  -53.535  9.759  47.461 0.1250000000
111178  -20.617  30.372  73.371 0.1250000000
109876  -18.972  27.844  68.456 0.1250000000
94819  -58.402  8.876  42.014 0.1250000000
139491  -15.891  28.450  70.472 0.1250000000
109900  -19.484  27.690  66.129 0.1250000000
95768  -60.469  9.610  42.214 0.1250000000
95773  -60.552  10.072  41.103 0.1250000000
95818  -60.004  10.391  39.189 0.1250000000
161335  -60.259  10.489  38.393 0.1250000000
96842  -60.172  10.516  37.820 0.1250000000
112595  -20.763  31.889  76.901 0.1250000000
111937  -20.859  31.237  72.884 0.1250000000
111988  -20.178  30.701  67.664 0.1250000000
111247  -20.382  30.023  66.745 0.1250000000
139094  -61.566  10.918  40.198 0.1250000000
95783  -60.710  10.338  39.565 0.1250000000
95798  -60.475  10.341  39.329 0.1250000000
97749  -61.275  10.996  40.585 0.1250000000
95820  -60.637  10.438  38.400 0.1250000000
148636  -61.911  11.050  38.039 0.1250000000
95872  -60.680  10.370  36.902 0.1250000000
97782  -62.083  11.104  36.883 0.1250000000
113313  -20.504  32.729  76.459 0.1250000000
113323  -18.747  32.620  74.628 0.1250000000
140734  -20.444  29.498  65.823 0.1250000000
97758  -61.367  11.422  40.001 0.1250000000
149144  -61.279  12.075  39.202 0.1250000000
114059  -21.648  33.712  73.110 0.1250000000
114058  -18.754  33.719  73.236 0.1250000000
114097  -19.847  33.116  69.955 0.1250000000
113382  -18.390  32.340  67.830 0.1250000000
114869  -18.384  34.559  72.752 0.1250000000
151761  -18.536  35.180  73.171 0.1250000000
114066  -18.144  33.740  72.190 0.1250000000
140529  -18.956  37.036  73.811 0.1250000000
113381  -17.609  32.885  67.335 0.1250000000
117335  -19.055  37.776  73.758 0.1250000000
117367  -20.218  38.129  69.955 0.1250000000
117334  -18.221  37.533  73.570 0.1250000000
115702  -18.543  35.816  69.363 0.1250000000
118144  -18.722  39.025  73.054 0.1250000000
117373  -19.493  38.779  68.586 0.1250000000
118901  -18.153  39.612  72.614 0.1250000000
152222  -19.295  40.367  71.826 0.1250000000
119605  -17.570  41.644  71.649 0.1250000000
164226  -15.913  41.205  72.287 0.1250000000
119596  -14.231  41.620  72.947 0.1250000000
160349  -13.058  41.724  72.847 0.1250000000
163529  -11.967  41.298  70.437 0.1250000000
140325  -14.212  40.154  69.346 0.1250000000
120323  -10.401  41.653  70.760 0.1250000000
162000  -13.798  39.673  67.699 0.1250000000
148372  -13.283  40.176  68.139 0.1250000000
119648  -12.570  40.904  67.877 0.1250000000
118946  -13.942  39.445  67.026 0.1250000000
120362  -12.847  41.850  65.960 0.1250000000
119654  -12.840  41.040  66.990 0.1250000000
120342  -10.640  42.461  69.959 0.1250000000
154284  -11.761  41.501  69.696 0.1250000000
118189  -13.945  38.972  66.286 0.1250000000
118945  -10.274  39.089  66.368 0.1250000000
120331  -9.870  42.130  70.143 0.1250000000
121049  -9.797  43.376  68.734 0.1250000000
121044  -10.202  43.229  69.419 0.1250000000
121056  -12.045  43.445  68.008 0.1250000000
122313  -12.171  45.340  68.568 0.1250000000
122325  -12.866  44.408  67.582 0.1250000000
121062  -12.738  43.180  66.610 0.1250000000
121681  -13.134  43.798  66.202 0.1250000000
122328  -15.213  44.895  65.427 0.1250000000
119653  -10.477  41.036  66.877 0.1250000000
120350  -12.046  41.831  67.907 0.1250000000
162386  -12.891  42.495  65.920 0.1250000000
120370  -13.108  42.103  65.173 0.1250000000
119669  -8.632  40.239  64.044 0.1250000000
122312  -10.807  45.022  68.470 0.1250000000
156500  -12.685  45.661  68.330 0.1250000000
119671  -10.050  40.780  64.584 0.1250000000
143997  -10.275  42.019  67.746 0.1250000000
121674  -10.202  43.932  67.743 0.1250000000
121680  -10.491  43.702  66.275 0.1250000000
156070  -10.039  43.823  68.500 0.1250000000
122336  -10.814  44.300  66.092 0.1250000000
122319  -13.886  45.190  67.414 0.1250000000
121064  -5.581  42.730  64.648 0.1250000000
124994  -14.384  49.890  65.756 0.1250000000
61039  -10.432  -19.646  82.470 0.1250000000
62310  -10.234  -18.890  81.280 0.1250000000
63459  -17.352  -18.418  92.355 0.1250000000
63552  -10.784  -17.948  85.728 0.1250000000
63565  -10.862  -17.882  85.044 0.1250000000
63609  -9.849  -18.376  81.223 0.1250000000
63620  -9.723  -18.725  80.566 0.1250000000
64925  -10.247  -17.313  84.196 0.1250000000
64936  -5.776  -17.067  83.755 0.1250000000
64941  -10.210  -17.666  83.513 0.1250000000
66175  -10.929  -16.341  87.179 0.1250000000
66183  -3.181  -16.193  86.034 0.1250000000
66200  -2.272  -16.054  85.071 0.1250000000
66202  -3.946  -16.258  85.522 0.1250000000
66208  -10.465  -16.569  85.727 0.1250000000
66220  -4.449  -16.180  84.176 0.1250000000
66290  -0.506  -15.984  79.355 0.1250000000
66292  -1.269  -15.997  79.214 0.1250000000
66304  -0.592  -16.157  79.308 0.1250000000
66317  -0.586  -15.743  79.291 0.1250000000
67249  -16.181  -15.599  95.831 0.1250000000
67252  -18.840  -15.241  95.012 0.1250000000
67310  -5.195  -15.239  89.174 0.1250000000
67334  -19.595  -14.600  88.221 0.1250000000
67339  -1.278  -15.036  86.336 0.1250000000
67351  -19.512  -14.449  87.327 0.1250000000
67353  -20.284  -13.782  87.820 0.1250000000
67358  -1.498  -15.503  86.163 0.1250000000
67360  -7.211  -15.788  86.652 0.1250000000
67362  -8.495  -15.483  86.747 0.1250000000
67364  -10.385  -15.684  86.743 0.1250000000
67369  -20.352  -13.645  87.300 0.1250000000
67378  -1.573  -15.025  85.715 0.1250000000
67379  -1.597  -15.570  85.636 0.1250000000
67400  -2.836  -15.221  84.319 0.1250000000
67445  -0.382  -15.521  79.323 0.1250000000
67446  -0.996  -15.062  79.436 0.1250000000
67455  0.044  -15.159  79.029 0.1250000000
67462  -0.090  -16.208  78.629 0.1250000000
67514  -6.793  -15.409  74.512 0.1250000000
68469  -17.188  -14.352  95.528 0.1250000000
68471  -18.748  -14.292  95.762 0.1250000000
68483  -19.079  -14.360  93.714 0.3750000000
68484  -19.626  -13.541  92.914 0.3750000000
68490  -2.115  -14.311  92.050 0.2500000000
68492  -3.997  -14.641  92.568 0.2500000000
68509  -20.546  -13.297  90.521 0.3750000000
68516  -2.764  -14.377  90.324 0.2500000000
68538  -20.301  -14.213  89.232 0.1250000000
68539  -20.657  -13.459  89.428 0.1250000000
68549  -1.854  -14.894  86.683 0.1250000000
68554  -1.518  -14.680  86.343 0.3750000000
68556  -20.348  -13.638  86.429 0.1250000000
68565  -1.485  -14.716  86.039 0.1250000000
68569  -20.661  -13.662  86.329 0.1250000000
68603  -2.914  -13.531  82.123 0.1250000000
68631  -7.965  -14.074  77.969 0.1250000000
68638  -1.102  -14.366  78.116 0.1250000000
68645  -8.925  -14.054  76.945 0.1250000000
68661  -6.865  -14.798  76.941 0.1250000000
69616  -20.277  -12.990  92.165 0.3750000000
69625  -20.418  -13.108  91.349 0.3750000000
69633  -11.425  -13.634  90.865 0.1250000000
69645  -20.855  -13.157  88.218 0.1250000000
69646  -20.924  -13.011  88.793 0.1250000000
69650  -20.909  -13.297  87.460 0.1250000000
69667  -2.587  -13.510  85.689 0.1250000000
69678  -19.443  -13.768  84.360 0.1250000000
69688  -3.223  -13.380  83.261 0.1250000000
69728  -1.074  -13.825  79.045 0.1250000000
69734  -7.918  -13.066  78.977 0.2500000000
69740  -1.511  -13.530  78.485 0.1250000000
69743  -6.265  -13.752  78.254 0.1250000000
69746  -9.030  -13.211  78.062 0.2500000000
70672  -17.718  -12.537  99.192 0.3750000000
70675  -18.504  -12.170  96.568 0.1250000000
70685  -19.020  -12.794  96.201 0.1250000000
70690  -5.666  -12.213  95.006 0.5000000000
70702  -2.937  -12.532  94.347 0.3750000000
70703  -3.356  -13.132  94.323 0.3750000000
70721  -20.906  -11.791  91.601 0.3750000000
70740  -3.485  -12.686  89.854 0.2500000000
70748  -20.873  -12.100  88.540 0.1250000000
70779  -20.764  -12.107  84.948 0.1250000000
70780  -20.980  -12.809  85.560 0.1250000000
70798  -3.581  -12.923  83.486 0.2500000000
70808  -3.319  -12.845  82.470 0.1250000000
70809  -20.135  -12.819  81.735 0.1250000000
70819  -5.490  -12.069  81.507 0.2500000000
70887  -9.477  -12.944  76.932 0.1250000000
71864  -17.033  -12.144  99.032 0.5000000000
71865  -17.557  -12.323  99.295 0.3750000000
71866  -18.274  -12.065  99.507 0.3750000000
71869  -17.864  -12.710  98.896 0.3750000000
71870  -18.584  -12.695  99.048 0.3750000000
71871  -19.532  -12.216  98.602 0.3750000000
71874  -10.939  -10.821  97.527 0.6250000000
71882  -8.614  -11.230  96.457 0.5000000000
71891  -17.352  -11.355  96.813 0.1250000000
71948  -21.258  -11.575  90.080 0.2500000000
71993  -3.692  -12.669  83.963 0.2500000000
72009  -4.237  -12.369  83.722 0.2500000000
72010  -5.401  -11.458  83.598 0.3750000000
72011  -5.945  -11.269  83.144 0.3750000000
72020  -3.245  -12.622  82.052 0.2500000000
72033  -3.290  -12.603  81.827 0.3750000000
72035  -4.889  -12.222  81.876 0.3750000000
73092  -13.966  -10.096  100.026 0.7500000000
73093  -14.748  -10.278  99.794 0.7500000000
73094  -14.363  -10.296  99.656 0.5000000000
73102  -15.326  -11.198  99.059 0.5000000000
73107  -10.985  -10.827  97.679 0.6250000000
73116  -20.051  -11.121  96.910 0.2500000000
73125  -16.744  -10.673  97.103 0.3750000000
73126  -18.012  -11.503  97.142 0.1250000000
73189  -13.926  -10.168  87.012 1.0000000000
73249  -8.151  -10.143  82.223 0.3750000000
73257  -32.088  -10.038  81.658 0.1250000000
74382  -13.525  -9.582  99.885 0.7500000000
74393  -9.616  -10.159  97.310 0.6250000000
74405  -23.194  -9.406  96.378 0.3750000000
74423  -2.304  -9.616  92.862 0.6250000000
74504  -12.752  -9.046  86.809 1.0000000000
74529  -14.159  -9.274  84.360 1.0000000000
74546  -8.628  -9.509  82.333 0.3750000000
74547  -9.093  -9.247  81.608 0.3750000000
74589  -33.624  -8.586  79.676 0.3750000000
74663  -4.039  -8.863  72.917 0.2500000000
74674  -36.683  -8.288  71.891 0.2500000000
74682  -3.897  -9.100  72.131 0.2500000000
75630  -13.426  -8.977  100.016 0.7500000000
75633  -12.632  -7.794  99.239 0.8750000000
75634  -13.106  -8.833  99.661 0.8750000000
75654  -23.373  -8.377  97.355 0.3750000000
75657  -8.652  -8.841  96.558 0.7500000000
75665  -23.606  -7.916  96.060 0.5000000000
75674  -23.235  -7.427  95.454 0.5000000000
75685  -2.340  -8.156  92.960 0.6250000000
75691  -16.470  -8.267  93.522 0.8750000000
75702  -32.172  -8.489  92.075 0.2500000000
75713  -32.260  -8.828  91.634 0.1250000000
75736  -32.882  -7.952  90.787 0.2500000000
75753  -12.315  -8.656  88.164 1.0000000000
75792  -12.996  -8.811  84.785 1.0000000000
75800  -32.493  -8.067  85.211 0.2500000000
75833  -32.382  -8.735  83.764 0.1250000000
75834  -33.405  -8.056  83.155 0.5000000000
75863  -14.440  -8.254  81.884 1.0000000000
75979  -36.801  -8.278  72.989 0.3750000000
76012  -37.391  -7.862  71.575 0.1250000000
76948  -12.078  -6.883  99.084 0.8750000000
76950  -13.665  -7.176  99.763 0.8750000000
76956  -13.813  -8.136  98.236 0.8750000000
76961  -14.149  -7.231  97.525 0.8750000000
76964  -23.561  -7.382  96.849 0.5000000000
76969  -14.736  -7.419  96.414 0.8750000000
76973  -22.724  -5.858  94.745 0.5000000000
76988  -23.135  -6.040  94.802 0.5000000000
77047  -33.214  -7.432  90.862 0.3750000000
77049  -2.419  -6.852  90.705 0.8750000000
77078  -10.747  -7.072  88.834 1.0000000000
77123  -11.769  -7.129  85.832 1.0000000000
77131  -33.681  -7.305  85.249 0.5000000000
77138  -12.381  -7.555  84.392 1.0000000000
77142  -33.821  -7.130  84.446 0.5000000000
77151  -12.738  -7.279  83.658 1.0000000000
77166  -13.054  -6.956  83.004 1.0000000000
77173  -35.717  -6.570  81.941 0.7500000000
77194  -9.443  -7.325  80.774 0.3750000000
77195  -14.013  -7.068  81.079 1.0000000000
77196  -14.490  -7.437  80.328 1.0000000000
77224  -15.049  -7.387  78.739 1.0000000000
77264  -5.209  -7.517  75.686 0.6250000000
77286  -3.435  -7.080  73.355 0.5000000000
77288  -19.579  -7.388  73.121 1.0000000000
77320  -20.506  -6.905  70.823 0.8750000000
77326  -3.294  -7.674  68.936 0.1250000000
77338  -3.431  -7.261  68.170 0.1250000000
78182  -12.600  -6.189  99.016 0.8750000000
78195  -14.244  -5.912  97.437 0.8750000000
78197  -21.963  -5.856  96.824 0.6250000000
78198  -22.530  -6.306  97.157 0.6250000000
78208  -23.371  -6.374  95.950 0.5000000000
78216  -23.188  -5.670  94.910 0.5000000000
78224  -27.709  -6.701  93.101 0.1250000000
78230  -2.506  -6.938  92.116 0.8750000000
78245  -3.730  -6.045  92.121 0.7500000000
78255  -33.484  -6.724  90.841 0.5000000000
78266  -34.608  -5.687  90.203 0.7500000000
78279  -3.073  -5.802  89.543 0.8750000000
78293  -4.102  -5.913  87.950 0.8750000000
78304  -4.406  -5.624  87.472 0.8750000000
78354  -36.428  -5.531  82.972 1.0000000000
78370  -35.764  -5.985  82.586 0.8750000000
78371  -36.462  -5.657  82.467 1.0000000000
78387  -36.602  -6.091  81.901 0.8750000000
78417  -14.711  -6.658  78.848 1.0000000000
78447  -5.249  -6.423  76.389 0.7500000000
78488  -16.694  -6.118  74.783 1.0000000000
78549  -3.668  -6.120  71.231 0.1250000000
78568  -3.033  -7.131  69.913 0.1250000000
78576  -26.596  -6.605  69.926 0.7500000000
78581  -38.234  -6.662  70.760 0.2500000000
78582  -38.765  -6.534  71.284 0.2500000000
78591  -23.390  -6.559  69.511 0.8750000000
78609  -3.301  -6.913  68.179 0.1250000000
78612  -21.477  -6.226  68.311 0.7500000000
78617  -26.073  -6.520  68.334 0.7500000000
78619  -28.118  -6.071  68.708 0.7500000000
79434  -13.525  -5.576  98.919 0.8750000000
79437  -13.938  -5.049  98.314 0.8750000000
79439  -16.479  -4.860  98.521 0.8750000000
79445  -14.717  -4.944  97.627 0.8750000000
79448  -18.570  -5.168  97.501 0.8750000000
79451  -22.450  -5.655  95.872 0.6250000000
79463  -28.246  -5.310  92.912 0.2500000000
79464  -29.127  -5.621  92.778 0.1250000000
79469  -27.864  -5.148  92.648 0.1250000000
79470  -32.626  -5.689  91.300 0.5000000000
79471  -33.341  -5.653  90.854 0.5000000000
79473  -2.325  -5.657  91.338 0.8750000000
79493  -35.025  -5.203  90.079 0.8750000000
79510  -3.528  -5.399  88.348 0.8750000000
79512  -10.775  -5.400  87.468 1.0000000000
79521  -3.744  -5.136  87.586 0.8750000000
79541  -36.042  -4.713  84.530 1.0000000000
79566  -36.823  -5.211  83.220 1.0000000000
79573  -13.186  -5.428  82.696 1.0000000000
79594  -36.910  -5.344  81.995 1.0000000000
79603  -14.110  -5.981  80.137 1.0000000000
79633  -7.943  -5.966  78.755 0.7500000000
79654  -14.584  -5.345  78.241 1.0000000000
79673  -15.497  -5.337  76.653 1.0000000000
79695  -3.416  -5.473  74.994 0.8750000000
79722  -6.937  -5.185  72.008 0.2500000000
79739  -7.990  -4.854  71.111 0.2500000000
79751  -7.790  -4.834  70.258 0.2500000000
79797  -20.999  -5.133  67.445 0.7500000000
79816  -24.483  -5.582  66.311 0.7500000000
79817  -25.907  -5.299  66.299 0.7500000000
80604  -31.210  -5.630  91.869 0.5000000000
80615  -3.253  -4.732  91.412 0.8750000000
80622  -2.398  -4.436  90.940 0.8750000000
80624  -5.063  -4.547  90.397 1.0000000000
80631  -2.326  -4.679  90.398 0.8750000000
80641  -35.897  -3.780  88.897 1.0000000000
80650  -3.147  -4.753  88.621 0.8750000000
80654  -18.234  -4.551  87.358 0.7500000000
80661  -11.599  -4.878  86.060 1.0000000000
80678  -5.660  -3.727  84.604 0.8750000000
80687  -36.757  -4.593  83.632 1.0000000000
80709  -8.083  -5.202  82.248 0.7500000000
80726  -7.506  -4.486  81.577 0.8750000000
80738  -36.592  -4.327  81.427 1.0000000000
80766  -14.124  -4.642  79.322 1.0000000000
80855  -16.734  -4.290  74.093 0.8750000000
80902  -8.779  -4.383  70.943 0.1250000000
80905  -19.262  -4.463  70.293 0.8750000000
80915  -19.528  -4.750  69.872 0.8750000000
80943  -21.245  -4.603  66.904 0.6250000000
80944  -29.770  -4.574  67.027 0.7500000000
80954  -21.757  -4.284  66.420 0.7500000000
80959  -27.275  -4.586  66.200 0.7500000000
81818  -29.486  -4.111  92.431 0.2500000000
81824  -28.847  -3.303  92.336 0.6250000000
81834  -33.899  -4.029  90.480 0.8750000000
81835  -34.571  -4.331  90.486 0.8750000000
81847  -3.017  -3.085  90.314 0.8750000000
81858  -6.713  -3.035  89.039 1.0000000000
81864  -36.151  -3.139  88.447 1.0000000000
81866  -3.127  -4.366  87.903 0.8750000000
81872  -36.397  -3.679  87.618 1.0000000000
81875  -11.190  -3.259  86.677 1.0000000000
81884  -4.443  -3.811  85.616 0.8750000000
81885  -11.610  -3.362  86.026 1.0000000000
81912  -33.636  -3.233  84.376 1.0000000000
81914  -36.573  -3.558  83.776 1.0000000000
81938  -12.902  -3.694  82.803 1.0000000000
81946  -32.931  -3.996  83.201 1.0000000000
81947  -33.554  -3.886  82.483 1.0000000000
81949  -36.763  -3.612  82.708 1.0000000000
81950  -37.131  -4.049  82.902 1.0000000000
81961  -34.894  -3.409  81.097 1.0000000000
81990  -35.770  -4.009  80.334 1.0000000000
82014  -15.629  -3.703  76.321 1.0000000000
82035  -4.076  -3.230  73.461 0.6250000000
82050  -7.576  -3.865  72.690 0.3750000000
82052  -9.466  -3.244  71.886 0.2500000000
82055  -17.920  -3.878  72.255 0.8750000000
82067  -18.424  -3.982  71.586 0.8750000000
82079  -10.283  -2.760  70.571 0.1250000000
82080  -19.237  -3.912  70.524 0.8750000000
82087  -10.044  -2.804  69.948 0.1250000000
82090  -32.878  -3.398  69.218 0.7500000000
82132  -22.977  -3.700  65.798 0.7500000000
82134  -25.971  -3.226  65.895 0.6250000000
83000  -10.385  -2.101  92.990 1.0000000000
83006  -31.417  -3.183  90.989 0.7500000000
83011  -28.106  -2.062  91.413 0.3750000000
83012  -28.804  -1.994  91.574 0.6250000000
83015  -32.692  -2.873  90.504 0.7500000000
83025  -35.024  -2.375  89.853 1.0000000000
83029  -4.605  -2.645  89.409 0.8750000000
83039  -6.110  -2.606  88.393 1.0000000000
83041  -7.769  -1.932  88.891 1.0000000000
83045  -29.675  -2.190  88.845 0.6250000000
83046  -30.269  -1.939  88.557 0.6250000000
83049  -36.046  -2.207  88.313 1.0000000000
83063  -35.948  -1.784  87.127 1.0000000000
83073  -31.754  -2.934  86.977 1.0000000000
83075  -33.625  -2.617  86.480 1.0000000000
83090  -34.926  -2.612  85.554 1.0000000000
83091  -35.609  -3.049  85.131 1.0000000000
83105  -36.236  -3.236  84.263 1.0000000000
83115  -35.312  -2.824  83.848 1.0000000000
83129  -4.729  -2.324  81.845 0.8750000000
83141  -13.549  -2.695  80.958 1.0000000000
83142  -13.850  -2.588  80.162 1.0000000000
83151  -14.234  -2.526  79.433 1.0000000000
83157  -14.577  -2.358  78.660 1.0000000000
83178  -16.301  -2.882  75.631 0.8750000000
83184  -3.963  -2.658  74.090 0.7500000000
83189  -16.668  -2.702  74.945 0.8750000000
83215  -9.286  -2.782  72.626 0.2500000000
83218  -19.022  -1.975  72.080 0.7500000000
83232  -10.842  -1.908  71.072 0.1250000000
83247  -10.260  -2.242  69.547 0.1250000000
84036  -7.163  -1.720  93.243 1.0000000000
84040  -10.883  -0.754  93.193 1.0000000000
84044  -7.397  -1.477  92.248 1.0000000000
84048  -11.963  -0.792  91.107 1.0000000000
84051  -29.424  -1.597  91.150 0.7500000000
84054  -32.448  -2.158  90.276 1.0000000000
84059  -28.912  -1.874  90.154 0.6250000000
84060  -29.331  -1.252  90.463 0.7500000000
84063  -32.231  -1.582  89.859 0.7500000000
84071  -11.877  -0.834  89.893 1.0000000000
84073  -29.959  -1.136  89.593 0.6250000000
84075  -34.321  -1.566  89.486 1.0000000000
84083  -11.357  -1.503  88.922 1.0000000000
84090  -33.733  -1.231  88.295 1.0000000000
84091  -34.153  -1.179  88.651 1.0000000000
84098  -8.026  -1.231  87.607 1.0000000000
84106  -2.903  -2.046  87.111 0.8750000000
84179  -7.194  -0.911  75.231 0.7500000000
84192  -17.380  -1.628  74.092 0.8750000000
84199  -9.378  -1.683  73.743 0.3750000000
84214  -18.734  -1.832  72.533 0.7500000000
84236  -11.058  -1.526  70.010 0.1250000000
84266  -28.204  -1.463  67.487 0.6250000000
84286  -29.397  -1.866  66.822 0.7500000000
84287  -30.167  -2.006  66.893 0.7500000000
85106  -9.201  -0.293  93.409 1.0000000000
85122  -32.897  -1.400  89.450 1.0000000000
85123  -33.622  -1.503  89.531 1.0000000000
85126  -9.060  0.112  89.395 1.0000000000
85128  -32.882  -1.202  88.991 1.0000000000
85138  -33.569  -1.171  88.814 1.0000000000
85141  -7.820  -0.886  86.932 1.0000000000
85143  -8.951  -0.318  87.455 1.0000000000
85164  -13.493  -0.547  82.307 1.0000000000
85220  -11.178  -0.339  72.414 0.2500000000
85226  -11.379  -0.548  71.684 0.1250000000
85227  -19.959  -0.966  71.938 0.7500000000
85233  -11.568  -0.716  70.931 0.1250000000
85258  -31.432  -0.689  68.174 0.6250000000
85259  -32.294  -0.660  68.432 0.6250000000
85282  -24.546  -0.424  66.850 0.6250000000
85297  -45.071  -0.468  65.208 0.1250000000
86157  -10.105  0.919  92.767 1.0000000000
86161  -12.055  0.185  92.388 1.0000000000
86163  -13.176  1.007  91.823 1.0000000000
86164  -8.374  0.455  92.323 1.0000000000
86166  -12.720  0.247  91.388 1.0000000000
86178  -13.161  0.705  89.026 1.0000000000
86189  -12.624  0.886  86.627 1.0000000000
86208  -3.514  0.354  80.915 0.8750000000
86209  -14.443  0.412  81.023 1.0000000000
86226  -6.833  0.644  77.371 1.0000000000
86239  -9.943  0.825  76.080 0.8750000000
86248  -18.280  0.877  75.167 0.7500000000
86250  -30.266  0.680  75.549 0.3750000000
86251  -30.938  0.772  75.288 0.3750000000
86269  -10.752  0.173  73.981 0.5000000000
86294  -28.859  -0.490  71.773 0.6250000000
86310  -35.270  0.979  70.693 0.7500000000
86325  -21.662  0.575  68.664 0.5000000000
86372  -46.909  0.384  64.506 0.2500000000
86379  -47.249  0.759  63.407 0.5000000000
87135  -12.578  1.875  92.764 1.0000000000
87140  -13.086  1.507  92.583 1.0000000000
87143  -9.424  1.432  91.623 1.0000000000
87152  -10.390  1.939  89.378 1.0000000000
87169  -9.964  1.331  86.424 1.0000000000
87174  -6.932  1.410  85.281 1.0000000000
87181  -7.268  2.035  84.781 1.0000000000
87188  -14.261  1.921  83.529 1.0000000000
87195  -3.796  1.461  80.495 0.8750000000
87198  -15.825  2.070  80.073 1.0000000000
87202  -15.581  1.471  79.562 1.0000000000
87203  -16.142  1.972  79.350 1.0000000000
87205  -41.893  1.124  80.266 1.0000000000
87207  -43.893  1.468  79.750 1.0000000000
87208  -4.518  1.443  78.760 0.8750000000
87210  -5.925  1.653  78.330 0.8750000000
87221  -43.825  0.785  79.472 1.0000000000
87253  -44.041  1.331  76.938 1.0000000000
87254  -10.874  2.196  74.800 0.7500000000
87255  -17.965  1.332  75.810 0.7500000000
87257  -19.687  1.452  75.364 0.7500000000
87260  -23.876  1.598  75.493 0.7500000000
87261  -29.270  1.181  75.626 0.3750000000
87271  -20.000  0.914  74.825 0.7500000000
87305  -21.870  1.654  71.360 0.5000000000
87313  -40.343  1.661  71.092 0.3750000000
87319  -33.625  1.483  70.365 0.7500000000
87334  -40.338  2.008  68.324 0.2500000000
87346  -42.356  2.047  67.128 0.1250000000
87350  -45.721  2.442  66.944 0.1250000000
87364  -44.728  1.758  66.532 0.1250000000
87387  -48.262  1.793  63.556 0.5000000000
87388  -48.670  1.924  64.097 0.5000000000
88099  -12.563  2.584  92.913 1.0000000000
88102  -14.913  3.128  93.844 1.0000000000
88103  -19.540  2.316  93.680 1.0000000000
88105  -21.058  2.611  93.319 1.0000000000
88109  -14.741  2.657  93.363 1.0000000000
88111  -15.564  2.697  93.580 1.0000000000
88115  -21.070  2.164  93.107 1.0000000000
88118  -10.686  2.403  91.419 1.0000000000
88120  -14.817  2.233  92.512 1.0000000000
88126  -21.736  2.255  92.730 1.0000000000
88137  -3.905  1.867  88.384 1.0000000000
88150  -30.591  2.829  87.975 0.3750000000
88164  -10.437  2.191  85.474 1.0000000000
88169  -30.335  2.976  88.016 0.3750000000
88172  -34.998  1.798  86.333 0.5000000000
88179  -10.383  2.604  84.169 1.0000000000
88186  -37.859  1.984  84.583 0.7500000000
88189  -9.841  2.901  83.705 1.0000000000
88192  -15.208  2.827  83.688 1.0000000000
88231  -17.472  3.069  79.402 0.8750000000
88232  -18.099  3.175  79.002 0.8750000000
88236  -32.424  2.162  79.191 0.3750000000
88238  -34.068  2.678  79.755 0.3750000000
88240  -40.659  2.152  80.450 1.0000000000
88258  -33.277  2.295  78.046 0.3750000000
88272  -24.954  2.304  77.457 0.8750000000
88282  -19.874  2.297  76.388 0.8750000000
88285  -24.225  1.808  76.851 0.8750000000
88286  -24.828  2.066  76.545 0.7500000000
88313  -22.734  2.381  73.138 0.7500000000
88329  -35.501  2.643  72.493 0.7500000000
88333  -22.202  2.750  71.212 0.5000000000
88342  -51.132  2.800  70.453 0.6250000000
88343  -51.633  2.863  70.454 0.7500000000
88351  -51.767  2.687  69.989 0.7500000000
88352  -52.224  2.795  69.319 0.7500000000
88362  -44.128  3.250  67.989 0.3750000000
88363  -44.906  3.346  67.992 0.3750000000
88368  -52.767  2.825  68.683 0.7500000000
88388  -54.415  2.829  67.014 0.7500000000
88401  -54.262  2.654  66.735 0.6250000000
88402  -54.879  2.677  66.461 0.6250000000
88403  -55.314  2.790  65.823 0.6250000000
88412  -50.713  2.669  65.918 0.5000000000
88413  -51.381  2.740  65.545 0.5000000000
88428  -55.989  2.527  64.469 0.6250000000
88444  -49.878  3.122  62.698 0.3750000000
88452  -41.080  3.028  61.237 0.1250000000
88458  -38.713  2.687  60.400 0.1250000000
88461  -41.307  3.180  60.582 0.1250000000
88477  -39.212  2.737  58.758 0.1250000000
89139  -14.660  3.566  93.745 1.0000000000
89142  -19.908  2.704  93.782 1.0000000000
89143  -20.448  2.857  93.589 1.0000000000
89145  -12.636  3.954  92.411 1.0000000000
89147  -15.630  2.746  94.567 1.0000000000
89150  -21.735  2.938  93.208 1.0000000000
89152  -12.645  4.395  91.775 1.0000000000
89158  -22.508  2.493  92.140 1.0000000000
89161  -11.568  3.308  90.810 1.0000000000
89164  -17.826  2.981  90.664 1.0000000000
89172  -17.380  3.267  89.805 1.0000000000
89187  -12.302  4.027  87.310 1.0000000000
89190  -18.934  3.804  87.086 1.0000000000
89193  -30.658  3.332  88.059 0.3750000000
89194  -31.138  2.945  87.984 0.3750000000
89201  -16.543  3.211  86.366 1.0000000000
89202  -17.409  3.465  86.132 1.0000000000
89206  -29.902  3.466  87.938 0.3750000000
89207  -31.974  3.199  87.634 0.3750000000
89220  -29.609  4.032  88.013 0.3750000000
89221  -29.749  3.962  87.618 0.3750000000
89226  -6.956  3.414  84.741 1.0000000000
89228  -8.490  3.489  83.664 1.0000000000
89243  -10.150  3.537  83.401 1.0000000000
89260  -38.968  2.755  83.149 0.7500000000
89264  -18.322  3.601  82.333 0.8750000000
89265  -19.727  3.702  82.388 0.8750000000
89268  -23.399  3.778  82.253 0.8750000000
89308  -36.107  3.874  80.222 0.7500000000
89318  -19.683  3.330  79.303 0.8750000000
89323  -30.157  3.620  79.593 0.3750000000
89345  -43.713  3.624  77.375 1.0000000000
89349  -25.027  2.986  78.024 0.8750000000
89366  -10.662  3.550  75.166 0.8750000000
89372  -36.510  4.018  75.398 0.7500000000
89385  -37.497  3.029  74.618 0.7500000000
89388  -11.155  2.974  72.886 0.5000000000
89393  -36.394  3.255  73.785 0.7500000000
89399  -40.695  3.211  72.665 0.8750000000
89408  -28.922  3.473  70.845 0.5000000000
89412  -49.026  3.699  71.834 0.7500000000
89413  -49.797  3.208  71.634 0.8750000000
89414  -50.509  2.869  71.001 0.8750000000
89433  -52.202  2.923  70.116 0.7500000000
89468  -55.379  3.216  66.347 0.6250000000
89480  -56.967  3.683  65.314 0.6250000000
89493  -41.069  3.647  64.056 0.1250000000
89494  -41.896  3.846  64.162 0.1250000000
89520  -57.064  3.617  64.116 0.7500000000
89526  -39.425  2.877  62.861 0.1250000000
89527  -40.296  2.952  62.750 0.1250000000
89564  -40.757  3.168  59.162 0.1250000000
89566  -42.255  3.806  59.650 0.1250000000
89567  -42.850  4.050  59.845 0.1250000000
89568  -49.805  3.797  58.677 0.2500000000
89576  -39.583  2.993  58.216 0.1250000000
89577  -40.429  3.274  58.385 0.1250000000
89582  -51.851  4.379  58.368 0.2500000000
89583  -52.501  4.407  58.601 0.2500000000
89592  -50.549  4.175  57.721 0.1250000000
89593  -51.948  4.396  57.799 0.2500000000
90236  -14.310  4.285  93.303 1.0000000000
90244  -14.064  4.933  92.648 1.0000000000
90246  -15.025  5.002  93.597 1.0000000000
90249  -18.385  4.018  93.826 1.0000000000
90253  -13.731  5.395  91.661 1.0000000000
90255  -24.236  3.700  91.453 1.0000000000
90260  -12.782  4.468  89.137 1.0000000000
90267  -21.268  4.779  87.969 1.0000000000
90279  -22.803  5.329  87.768 0.8750000000
90280  -30.007  4.008  88.127 0.3750000000
90281  -30.924  3.777  88.042 0.3750000000
90289  -22.850  5.503  86.865 0.8750000000
90292  -3.486  4.852  85.959 1.0000000000
90297  -20.838  4.305  85.322 0.8750000000
90301  -29.863  4.553  87.748 0.3750000000
90324  -12.010  4.657  83.056 0.8750000000
90326  -23.155  4.142  83.666 0.8750000000
90327  -24.283  4.572  83.283 0.7500000000
90328  -24.793  4.552  82.601 0.8750000000
90330  -30.694  4.522  83.936 0.3750000000
90339  -23.962  4.113  83.025 0.8750000000
90341  -30.404  3.883  83.415 0.3750000000
90347  -3.817  4.408  82.039 1.0000000000
90354  -32.466  5.079  82.644 0.3750000000
90355  -37.301  3.832  81.299 0.7500000000
90364  -29.694  4.303  81.156 0.3750000000
90379  -29.888  4.524  79.170 0.3750000000
90382  -38.388  3.751  78.942 0.7500000000
90395  -29.779  4.620  76.900 0.3750000000
90405  -21.751  4.150  74.560 0.7500000000
90410  -19.968  5.018  72.771 0.6250000000
90411  -20.384  4.782  73.778 0.7500000000
90429  -10.545  4.747  70.875 0.1250000000
90443  -50.161  3.512  72.016 0.7500000000
90444  -51.142  3.513  71.283 0.7500000000
90451  -43.087  4.268  69.799 0.5000000000
90458  -52.453  3.554  70.044 0.7500000000
90464  -26.572  4.361  67.611 0.5000000000
90473  -39.000  4.839  67.160 0.1250000000
90479  -37.127  4.842  66.725 0.1250000000
90486  -55.465  4.612  66.270 0.6250000000
90492  -38.848  4.051  65.978 0.1250000000
90493  -40.729  4.153  65.167 0.1250000000
90495  -42.447  4.814  65.315 0.1250000000
90510  -43.516  4.522  64.399 0.2500000000
90512  -44.931  4.599  63.664 0.2500000000
90514  -57.087  4.300  64.666 0.6250000000
90526  -44.651  4.344  62.956 0.1250000000
90541  -45.421  4.696  62.652 0.2500000000
90543  -56.713  4.837  62.973 0.6250000000
90560  -43.826  4.464  60.265 0.1250000000
90564  -53.727  4.556  59.848 0.3750000000
90591  -41.302  4.572  57.516 0.1250000000
90604  -40.863  5.010  56.908 0.1250000000
90615  -55.692  5.376  53.933 0.1250000000
91244  -15.466  5.596  92.905 1.0000000000
91253  -15.368  5.838  92.052 1.0000000000
91257  -19.482  5.810  91.684 1.0000000000
91262  -14.174  5.791  91.230 1.0000000000
91265  -25.350  5.506  90.045 0.8750000000
91266  -13.973  5.731  90.262 1.0000000000
91268  -25.298  5.170  89.771 0.7500000000
91271  -24.358  5.202  89.206 0.8750000000
91274  -4.114  5.401  88.324 1.0000000000
91294  -3.983  6.056  84.372 1.0000000000
91298  -13.333  5.376  84.116 0.8750000000
91304  -4.012  5.104  83.045 1.0000000000
91306  -4.730  5.952  83.144 1.0000000000
91307  -8.543  4.755  83.775 1.0000000000
91318  -32.417  5.149  84.912 0.3750000000
91322  -37.297  5.404  83.686 0.7500000000
91327  -12.106  5.647  82.771 1.0000000000
91328  -24.929  5.050  82.580 0.7500000000
91336  -4.719  4.969  82.130 1.0000000000
91341  -25.113  5.021  81.839 0.7500000000
91347  -6.833  5.071  81.119 1.0000000000
91355  -33.884  5.727  80.499 0.3750000000
91362  -31.908  5.880  80.023 0.3750000000
91371  -29.673  5.367  78.848 0.3750000000
91372  -32.004  5.969  79.105 0.3750000000
91377  -20.856  5.571  76.964 0.8750000000
91381  -42.917  4.757  76.727 1.0000000000
91388  -42.645  5.089  76.268 1.0000000000
91417  -19.313  5.683  71.681 0.3750000000
91419  -29.444  5.248  71.726 0.3750000000
91427  -48.749  5.117  72.006 0.8750000000
91434  -28.419  5.834  70.270 0.3750000000
91439  -48.804  4.345  72.537 0.8750000000
91447  -20.910  5.587  69.375 0.3750000000
91461  -26.755  5.393  68.446 0.5000000000
91463  -38.114  5.517  68.363 0.1250000000
91471  -38.560  5.200  67.778 0.1250000000
91473  -40.421  5.557  67.545 0.1250000000
91475  -42.127  5.842  66.972 0.2500000000
91477  -54.013  5.604  67.594 0.6250000000
91478  -54.592  5.178  67.166 0.6250000000
91486  -43.239  5.769  66.333 0.2500000000
91492  -42.861  5.271  65.821 0.2500000000
91495  -45.367  5.499  64.937 0.3750000000
91515  -56.727  5.168  64.034 0.6250000000
91522  -48.362  5.798  63.429 0.3750000000
91524  -53.979  5.708  63.994 0.5000000000
91525  -55.015  6.187  64.187 0.5000000000
91536  -46.557  5.234  62.343 0.2500000000
91554  -47.342  5.889  61.567 0.2500000000
91566  -46.379  5.672  60.671 0.1250000000
91577  -45.260  5.874  59.767 0.1250000000
91584  -42.753  5.336  58.177 0.1250000000
91585  -43.487  5.644  58.487 0.1250000000
92231  -15.268  6.206  91.239 1.0000000000
92235  -19.851  6.162  91.025 1.0000000000
92240  -15.732  6.412  91.026 1.0000000000
92241  -16.541  6.437  91.181 1.0000000000
92245  -21.046  6.935  90.415 0.8750000000
92249  -24.727  6.223  90.402 0.8750000000
92267  -25.792  5.692  89.080 0.7500000000
92271  -7.474  7.211  87.279 1.0000000000
92272  -14.781  6.395  87.823 0.8750000000
92278  -25.206  6.400  88.034 0.7500000000
92284  -14.493  6.254  87.037 0.8750000000
92286  -16.153  7.064  86.553 0.8750000000
92289  -18.936  6.619  86.915 0.8750000000
92302  -4.727  6.831  84.237 1.0000000000
92319  -22.765  6.812  83.364 0.7500000000
92335  -35.402  6.860  82.973 0.5000000000
92339  -6.660  6.126  81.977 1.0000000000
92345  -35.168  6.271  81.983 0.6250000000
92347  -36.268  6.929  82.045 0.6250000000
92370  -33.722  5.946  78.911 0.3750000000
92384  -32.266  6.069  78.264 0.3750000000
92396  -29.468  6.143  77.342 0.3750000000
92397  -31.964  6.400  77.728 0.3750000000
92400  -34.487  6.627  77.660 0.5000000000
92409  -33.176  6.479  76.673 0.5000000000
92417  -31.982  6.836  76.278 0.3750000000
92430  -18.318  6.473  73.552 0.6250000000
92452  -27.267  7.117  72.089 0.3750000000
92459  -48.379  5.957  71.664 0.8750000000
92464  -19.242  6.806  70.141 0.2500000000
92467  -24.659  6.813  71.119 0.2500000000
92480  -22.495  6.883  70.000 0.2500000000
92484  -36.890  6.485  69.343 0.1250000000
92489  -41.647  6.853  68.659 0.2500000000
92496  -20.299  7.079  69.199 0.2500000000
92501  -38.504  5.930  68.857 0.1250000000
92506  -43.625  6.821  67.457 0.2500000000
92508  -10.641  6.973  67.495 0.1250000000
92516  -53.696  6.317  67.282 0.3750000000
92520  -45.020  6.529  66.462 0.3750000000
92524  -48.524  7.242  65.989 0.3750000000
92525  -50.138  7.237  66.251 0.3750000000
92527  -52.601  6.553  66.055 0.3750000000
92538  -50.459  6.659  65.485 0.3750000000
92547  -51.644  6.436  64.324 0.3750000000
92572  -56.489  6.604  62.630 0.6250000000
92612  -54.142  7.470  60.962 0.5000000000
92625  -48.001  6.986  60.078 0.2500000000
92653  -56.421  6.461  57.163 0.7500000000
92708  -39.919  6.933  51.775 0.1250000000
92723  -40.226  6.770  50.950 0.1250000000
92735  -40.469  6.947  50.278 0.1250000000
92736  -41.199  7.197  50.236 0.1250000000
92742  -38.160  6.579  49.820 0.1250000000
92743  -39.143  6.769  49.765 0.1250000000
93284  -23.912  7.289  90.507 0.8750000000
93285  -24.915  7.035  90.009 0.7500000000
93288  -21.281  7.576  89.507 0.8750000000
93289  -21.857  7.847  89.657 0.7500000000
93298  -26.102  6.940  88.801 0.7500000000
93302  -20.015  7.104  88.021 0.8750000000
93303  -20.615  7.772  88.128 0.7500000000
93315  -15.406  7.133  85.233 0.8750000000
93316  -15.676  7.169  85.854 0.8750000000
93319  -20.087  7.547  85.886 0.8750000000
93322  -30.193  7.051  86.921 0.3750000000
93323  -30.781  7.046  86.390 0.3750000000
93341  -6.947  7.963  83.270 1.0000000000
93344  -13.513  7.242  82.883 1.0000000000
93349  -19.271  8.034  83.714 0.8750000000
93363  -16.066  7.049  82.845 0.8750000000
93365  -18.017  7.419  82.679 0.8750000000
93366  -22.101  7.082  82.776 0.7500000000
93373  -14.976  7.707  81.846 1.0000000000
93377  -18.014  8.388  81.703 0.8750000000
93389  -16.142  7.647  80.697 0.8750000000
93403  -20.373  7.318  79.631 0.6250000000
93404  -21.210  6.935  79.977 0.7500000000
93405  -28.546  8.121  79.694 0.3750000000
93413  -18.759  8.446  78.087 0.6250000000
93418  -31.484  7.419  78.228 0.3750000000
93425  -9.608  7.443  77.182 0.8750000000
93427  -19.117  7.054  77.613 0.6250000000
93431  -35.722  7.610  77.359 0.5000000000
93434  -42.876  6.512  76.466 1.0000000000
93439  -31.629  7.127  76.831 0.3750000000
93441  -34.763  7.146  76.280 0.3750000000
93451  -32.090  7.137  75.518 0.3750000000
93452  -33.322  7.111  75.176 0.5000000000
93462  -27.867  8.129  74.676 0.3750000000
93486  -26.184  7.907  72.780 0.3750000000
93490  -46.131  7.498  72.246 0.8750000000
93491  -46.476  7.413  72.040 0.8750000000
93501  -38.440  8.033  71.222 0.1250000000
93503  -40.326  8.447  70.924 0.1250000000
93516  -37.393  7.477  70.591 0.1250000000
93529  -35.775  7.410  69.298 0.1250000000
93542  -35.617  7.213  68.402 0.1250000000
93555  -50.231  7.793  67.329 0.3750000000
93563  -47.955  8.575  66.931 0.3750000000
93565  -49.654  7.997  66.748 0.3750000000
93610  -52.354  7.502  60.242 0.3750000000
93638  -44.839  7.538  58.216 0.1250000000
93649  -56.040  7.441  57.867 0.7500000000
93672  -42.156  8.013  55.755 0.1250000000
93677  -55.983  7.012  56.166 0.2500000000
93685  -39.941  7.926  54.549 0.1250000000
93694  -39.218  7.656  53.625 0.1250000000
93706  -39.562  7.239  52.719 0.1250000000
93721  -43.110  7.791  51.164 0.1250000000
93745  -40.373  7.444  49.298 0.1250000000
93746  -41.493  7.442  49.682 0.1250000000
93747  -42.368  7.637  49.730 0.1250000000
93754  -38.315  7.845  48.965 0.1250000000
93759  -42.530  7.968  49.110 0.1250000000
94335  -4.590  9.063  88.228 1.0000000000
94337  -6.178  8.847  89.153 1.0000000000
94338  -7.548  8.940  88.484 1.0000000000
94340  -21.545  8.721  88.672 0.7500000000
94341  -21.808  8.928  88.944 0.7500000000
94342  -25.933  8.847  88.503 0.7500000000
94345  -4.387  9.117  87.395 1.0000000000
94346  -8.150  8.697  87.850 1.0000000000
94350  -26.156  8.994  87.844 0.7500000000
94354  -25.002  8.982  86.338 0.7500000000
94355  -25.582  8.659  86.971 0.7500000000
94374  -29.546  7.847  86.891 0.3750000000
94383  -28.275  8.105  84.563 0.3750000000
94387  -12.571  8.448  82.334 1.0000000000
94405  -37.479  7.985  80.688 0.7500000000
94407  -13.898  8.717  80.817 0.8750000000
94410  -16.403  8.049  80.117 0.8750000000
94431  -8.694  8.597  78.146 0.8750000000
94433  -15.827  9.240  78.775 0.8750000000
94439  -40.207  9.647  79.465 0.6250000000
94446  -31.399  7.974  76.869 0.3750000000
94463  -4.922  8.404  75.170 0.8750000000
94466  -17.868  8.443  75.168 0.6250000000
94471  -36.341  8.669  75.834 0.3750000000
94474  -3.780  8.476  74.895 0.8750000000
94479  -34.906  8.130  74.157 0.3750000000
94486  -17.714  8.405  73.669 0.5000000000
94488  -31.720  8.252  73.789 0.3750000000
94489  -32.131  7.977  73.402 0.3750000000
94499  -17.907  8.518  72.815 0.5000000000
94507  -39.181  9.026  72.277 0.1250000000
94513  -4.032  8.667  72.023 0.7500000000
94516  -7.080  8.011  71.537 0.7500000000
94519  -24.466  8.048  71.648 0.2500000000
94520  -25.012  8.253  71.935 0.2500000000
94521  -31.854  8.698  72.113 0.3750000000
94525  -36.412  8.875  71.434 0.1250000000
94539  -18.983  8.498  70.202 0.2500000000
94540  -24.133  8.154  71.134 0.2500000000
94542  -34.924  8.838  69.911 0.1250000000
94544  -36.176  8.356  70.719 0.1250000000
94547  -41.609  8.604  70.365 0.2500000000
94565  -9.553  8.527  68.382 0.1250000000
94567  -20.753  8.408  67.962 0.2500000000
94588  -49.231  8.888  67.149 0.3750000000
94589  -49.559  8.306  67.559 0.3750000000
94591  -23.712  8.650  66.282 0.2500000000
94597  -10.387  8.803  65.416 0.1250000000
94598  -23.182  8.787  66.136 0.2500000000
94602  -10.844  8.415  64.640 0.1250000000
94655  -49.409  8.864  59.499 0.2500000000
94669  -55.818  9.054  58.413 0.6250000000
94681  -56.138  8.051  58.618 0.8750000000
94695  -42.942  8.898  55.240 0.1250000000
94696  -50.751  8.516  55.457 0.2500000000
94744  -45.168  8.630  50.747 0.1250000000
94767  -41.581  8.330  48.548 0.1250000000
94770  -44.363  8.770  48.591 0.1250000000
94797  -58.218  9.167  44.892 0.2500000000
95302  -21.901  9.459  88.915 0.6250000000
95304  -24.291  9.945  89.165 0.6250000000
95305  -25.231  9.437  88.979 0.7500000000
95306  -5.756  9.598  89.000 1.0000000000
95311  -25.295  10.184  88.674 0.6250000000
95315  -20.965  9.281  87.716 0.7500000000
95316  -26.066  9.375  87.167 0.7500000000
95326  -10.373  9.859  85.607 1.0000000000
95327  -20.475  9.451  85.829 0.7500000000
95329  -24.415  9.531  85.896 0.7500000000
95334  -22.164  9.922  84.554 0.7500000000
95335  -22.796  9.608  85.070 0.6250000000
95345  -19.292  9.411  83.406 0.7500000000
95352  -18.839  9.176  82.701 0.7500000000
95353  -20.709  9.935  82.142 0.6250000000
95361  -17.781  9.599  80.955 0.7500000000
95364  -20.813  9.044  81.960 0.6250000000
95376  -7.816  10.150  79.671 0.8750000000
95382  -17.153  9.710  79.678 0.7500000000
95383  -19.669  9.693  79.469 0.6250000000
95384  -20.025  10.320  79.665 0.6250000000
95386  -31.882  9.434  79.900 0.3750000000
95391  -12.943  9.912  78.898 1.0000000000
95396  -18.966  9.374  78.251 0.6250000000
95398  -31.705  9.525  78.131 0.3750000000
95400  -37.868  10.357  78.547 0.6250000000
95409  -14.162  9.865  77.734 0.8750000000
95411  -15.795  10.414  77.851 0.7500000000
95413  -18.830  9.660  77.293 0.6250000000
95425  -5.956  9.302  76.256 0.8750000000
95426  -18.433  8.918  76.838 0.6250000000
95431  -37.728  10.080  76.745 0.6250000000
95439  -36.883  9.264  75.821 0.5000000000
95443  -3.556  9.434  75.036 0.8750000000
95445  -17.902  8.893  74.312 0.6250000000
95459  -26.580  8.972  73.408 0.2500000000
95460  -31.469  8.961  73.425 0.3750000000
95471  -18.956  9.849  72.660 0.3750000000
95473  -26.241  9.149  72.662 0.3750000000
95474  -31.513  9.111  72.585 0.3750000000
95486  -47.026  8.765  72.594 0.5000000000
95488  -3.537  9.350  71.651 0.7500000000
95491  -18.609  9.235  72.121 0.5000000000
95500  -41.689  9.842  71.691 0.2500000000
95503  -47.706  9.312  72.020 0.5000000000
95514  -26.170  9.500  71.055 0.1250000000
95515  -31.714  9.509  71.032 0.1250000000
95516  -32.065  9.612  70.296 0.1250000000
95530  -32.475  9.817  69.647 0.1250000000
95533  -44.534  9.749  69.274 0.3750000000
95550  -48.266  9.747  68.152 0.3750000000
95552  -49.176  8.504  67.990 0.3750000000
95559  -47.812  9.654  67.639 0.3750000000
95561  -48.633  9.072  67.494 0.3750000000
95613  -46.774  9.590  59.297 0.1250000000
95617  -50.179  9.440  59.674 0.2500000000
95625  -46.226  9.220  58.972 0.1250000000
95629  -56.347  9.722  58.778 0.8750000000
95630  -56.539  9.760  59.146 0.8750000000
95639  -52.767  9.807  57.683 0.5000000000
95641  -54.771  9.186  58.302 0.5000000000
95643  -44.512  9.236  56.613 0.1250000000
95664  -44.440  9.235  54.045 0.1250000000
95709  -51.075  9.333  49.861 0.1250000000
95717  -40.427  8.981  48.356 0.1250000000
95718  -41.330  8.962  48.232 0.1250000000
95760  -60.059  9.429  44.380 0.2500000000
95767  -60.472  8.978  42.879 0.1250000000
95774  -61.064  10.398  40.046 0.1250000000
95797  -59.857  10.254  39.852 0.1250000000
95800  -61.056  10.422  38.536 0.1250000000
95819  -60.484  10.434  38.695 0.1250000000
95821  -61.041  10.451  38.041 0.1250000000
95846  -60.790  10.434  37.716 0.1250000000
95873  -60.890  10.277  36.748 0.1250000000
95874  -61.265  10.286  36.529 0.1250000000
96364  -22.153  10.056  88.994 0.6250000000
96365  -23.178  10.284  89.178 0.6250000000
96376  -20.619  11.023  87.633 0.6250000000
96382  -25.813  10.554  86.404 0.6250000000
96385  -6.158  10.453  85.638 1.0000000000
96388  -20.406  10.388  85.983 0.6250000000
96390  -25.719  11.216  86.111 0.6250000000
96393  -19.903  10.481  84.437 0.7500000000
96403  -19.428  10.278  83.711 0.7500000000
96404  -21.464  10.456  83.336 0.6250000000
96409  -7.385  10.534  82.944 0.8750000000
96410  -10.732  10.826  83.389 1.0000000000
96411  -11.128  10.388  82.735 1.0000000000
96413  -18.613  10.468  82.404 0.7500000000
96414  -18.956  10.081  82.957 0.7500000000
96421  -7.474  10.493  82.128 0.8750000000
96427  -20.459  10.553  81.446 0.6250000000
96433  -11.762  10.149  80.900 1.0000000000
96434  -17.458  10.435  80.190 0.7500000000
96443  -28.202  10.055  79.276 0.1250000000
96449  -7.156  10.310  78.245 0.8750000000
96452  -13.028  10.146  78.133 1.0000000000
96454  -19.549  10.075  78.704 0.6250000000
96463  -4.823  10.496  77.674 0.8750000000
96465  -11.985  10.943  77.894 1.0000000000
96469  -16.282  11.217  77.976 0.7500000000
96472  -28.051  10.278  77.611 0.1250000000
96479  -3.729  10.119  76.612 0.8750000000
96481  -13.558  10.845  77.070 0.7500000000
96482  -13.983  11.351  76.854 0.7500000000
96486  -31.548  10.137  76.764 0.3750000000
96489  -38.695  12.108  77.283 0.6250000000
96509  -27.108  9.567  73.892 0.2500000000
96510  -27.356  10.270  74.353 0.2500000000
96511  -37.950  10.373  75.462 0.3750000000
96519  -3.942  9.594  73.565 0.7500000000
96521  -19.402  10.320  73.297 0.3750000000
96529  -41.571  11.671  73.729 0.3750000000
96555  -48.088  11.215  70.604 0.3750000000
96556  -2.917  10.380  70.884 0.5000000000
96557  -3.450  10.316  70.606 0.6250000000
96561  -20.101  10.350  70.903 0.2500000000
96565  -31.512  10.410  70.566 0.1250000000
96568  -44.969  11.158  70.391 0.3750000000
96570  -46.747  12.353  70.162 0.3750000000
96571  -49.203  11.487  69.267 0.3750000000
96572  -2.686  10.898  70.557 0.5000000000
96587  -49.250  10.872  68.994 0.3750000000
96592  -27.000  10.048  68.051 0.2500000000
96594  -32.522  10.842  68.871 0.1250000000
96599  -48.418  10.780  68.477 0.3750000000
96602  -22.401  10.208  66.716 0.2500000000
96604  -26.824  10.080  67.177 0.2500000000
96608  -34.891  10.350  66.792 0.1250000000
96615  -34.706  11.069  66.658 0.1250000000
96623  -26.949  10.936  65.949 0.2500000000
96630  -25.065  11.006  64.707 0.2500000000
96674  -47.398  10.633  59.520 0.2500000000
96689  -46.483  10.498  58.521 0.1250000000
96726  -46.249  10.348  54.598 0.1250000000
96727  -47.544  10.895  54.108 0.1250000000
96729  -51.825  10.275  54.989 0.2500000000
96741  -52.698  10.529  52.028 0.2500000000
96757  -53.724  10.607  50.549 0.1250000000
96769  -47.818  10.237  49.895 0.1250000000
96773  -54.681  10.821  49.528 0.2500000000
96803  -59.139  11.093  47.032 0.2500000000
96819  -60.517  10.397  43.665 0.2500000000
96825  -61.209  10.433  40.793 0.1250000000
96826  -61.355  10.684  40.301 0.1250000000
96831  -61.454  10.635  39.847 0.1250000000
96837  -61.448  10.577  39.147 0.1250000000
96841  -59.804  10.450  38.516 0.1250000000
96843  -61.432  10.611  38.423 0.1250000000
96848  -59.307  10.393  37.769 0.1250000000
97273  -7.717  11.217  88.358 1.0000000000
97275  -20.501  11.838  88.042 0.6250000000
97277  -21.750  11.414  88.753 0.6250000000
97286  -19.969  12.043  87.145 0.6250000000
97288  -25.330  11.768  87.944 0.6250000000
97289  -26.251  11.585  87.056 0.6250000000
97291  -9.949  11.418  87.045 1.0000000000
97298  -19.761  11.763  85.757 0.6250000000
97300  -24.922  11.448  85.548 0.6250000000
97306  -24.247  11.887  85.126 0.6250000000
97310  -6.612  11.554  83.796 1.0000000000
97311  -10.414  11.314  84.104 1.0000000000
97312  -18.734  11.642  83.196 0.7500000000
97317  -28.989  11.860  83.725 0.3750000000
97325  -18.802  10.849  82.991 0.7500000000
97330  -32.791  12.077  82.686 0.2500000000
97352  -28.867  11.728  81.076 0.1250000000
97357  -4.922  11.030  79.375 1.0000000000
97363  -20.454  11.371  79.170 0.6250000000
97367  -32.496  12.349  80.568 0.2500000000
97369  -2.985  11.742  78.332 0.8750000000
97373  -20.361  11.225  78.432 0.6250000000
97378  -2.849  11.797  77.357 0.8750000000
97379  -2.958  11.458  77.503 0.8750000000
97391  -3.374  11.441  76.436 0.8750000000
97393  -12.344  11.227  77.184 0.8750000000
97398  -31.639  11.601  77.073 0.3750000000
97405  -4.812  11.585  75.180 0.8750000000
97411  -39.743  12.628  75.939 0.5000000000
97418  -5.657  11.763  73.944 0.7500000000
97423  -31.516  11.679  74.513 0.1250000000
97428  -44.056  11.869  74.217 0.5000000000
97438  -42.752  12.366  73.504 0.5000000000
97439  -43.163  12.319  73.555 0.5000000000
97446  -21.981  11.901  72.368 0.1250000000
97447  -27.814  10.809  72.976 0.2500000000
97456  -2.835  11.226  70.901 0.7500000000
97459  -22.488  12.000  71.488 0.2500000000
97461  -28.181  11.267  71.209 0.1250000000
97468  -47.431  11.840  71.270 0.3750000000
97469  -2.786  11.401  70.513 0.6250000000
97472  -23.125  12.287  69.965 0.2500000000
97491  -32.167  11.354  69.281 0.1250000000
97492  -47.385  12.065  69.866 0.3750000000
97493  -48.493  12.016  69.303 0.3750000000
97507  -48.920  12.126  68.697 0.3750000000
97508  -49.139  11.724  68.775 0.3750000000
97513  -27.673  11.955  67.568 0.2500000000
97518  -23.174  11.388  66.161 0.2500000000
97539  -23.128  11.950  64.733 0.1250000000
97540  -24.108  11.882  64.086 0.2500000000
97549  -26.003  12.285  64.079 0.1250000000
97577  -55.353  12.102  60.763 0.8750000000
97596  -47.265  11.604  58.678 0.1250000000
97598  -53.245  11.709  58.098 0.5000000000
97631  -49.064  12.144  54.484 0.1250000000
97645  -55.964  11.591  52.297 0.2500000000
97657  -57.664  11.977  50.958 0.2500000000
97710  -58.573  11.291  47.651 0.2500000000
97739  -61.444  10.866  40.318 0.1250000000
97759  -61.746  11.111  39.728 0.1250000000
97769  -61.919  11.176  38.940 0.1250000000
97779  -62.104  11.411  37.729 0.1250000000
98205  -19.742  12.972  87.300 0.6250000000
98207  -20.556  12.440  88.216 0.6250000000
98208  -22.111  12.281  88.520 0.6250000000
98211  -5.665  12.263  87.409 1.0000000000
98214  -8.235  12.474  87.600 1.0000000000
98216  -19.846  12.527  87.249 0.6250000000
98217  -20.134  12.135  87.548 0.6250000000
98218  -22.947  12.944  88.040 0.6250000000
98221  -26.081  12.053  86.754 0.6250000000
98235  -9.623  12.423  84.462 1.0000000000
98240  -24.750  12.634  84.831 0.6250000000
98248  -9.896  11.910  83.871 1.0000000000
98252  -23.315  12.893  84.062 0.6250000000
98253  -24.303  13.112  84.241 0.6250000000
98257  -32.796  12.630  82.720 0.2500000000
98258  -32.897  13.214  82.303 0.2500000000
98269  -22.853  13.385  83.266 0.6250000000
98271  -3.622  12.759  81.306 1.0000000000
98279  -21.704  13.201  81.961 0.6250000000
98281  -33.052  12.952  81.603 0.2500000000
98282  -33.052  13.265  81.776 0.2500000000
98284  -9.594  12.699  80.535 1.0000000000
98286  -17.111  12.712  79.869 0.7500000000
98287  -17.473  12.195  80.305 0.7500000000
98288  -21.245  12.502  80.344 0.6250000000
98292  -33.156  13.188  80.805 0.2500000000
98293  -33.157  13.392  81.375 0.2500000000
98296  -16.029  12.873  78.794 0.7500000000
98298  -17.239  11.787  79.637 0.7500000000
98299  -21.425  12.658  79.391 0.6250000000
98311  -31.894  12.283  78.622 0.2500000000
98312  -32.669  13.233  79.780 0.2500000000
98313  -2.974  12.443  77.594 0.8750000000
98318  -21.676  12.797  77.300 0.5000000000
98327  -12.184  12.409  76.585 0.7500000000
98328  -12.895  12.236  76.541 0.7500000000
98333  -29.219  12.837  76.384 0.1250000000
98340  -28.767  12.411  75.307 0.1250000000
98342  -31.584  12.445  75.866 0.1250000000
98348  -29.254  13.045  75.043 0.1250000000
98350  -43.819  12.077  73.639 0.5000000000
98354  -23.068  13.348  73.866 0.2500000000
98360  -22.651  12.484  72.739 0.1250000000
98361  -23.213  13.290  72.998 0.1250000000
98373  -47.159  12.692  70.963 0.3750000000
98374  -3.010  12.048  70.041 0.5000000000
98379  -31.790  12.103  70.965 0.1250000000
98380  -32.567  12.691  69.978 0.1250000000
98382  -3.182  12.686  69.546 0.5000000000
98383  -2.948  12.516  69.469 0.5000000000
98385  -20.186  13.240  69.323 0.1250000000
98386  -21.306  13.235  68.680 0.1250000000
98388  -23.367  12.882  69.473 0.1250000000
98389  -28.182  12.441  69.184 0.1250000000
98399  -23.137  12.629  68.713 0.1250000000
98400  -28.074  12.727  68.481 0.2500000000
98412  -22.318  12.574  67.301 0.1250000000
98415  -33.487  12.385  67.697 0.1250000000
98438  -21.714  12.220  65.047 0.1250000000
98454  -23.346  12.151  64.015 0.1250000000
98463  -24.765  12.633  63.528 0.1250000000
98488  -49.258  12.695  60.572 0.3750000000
98510  -48.776  12.973  58.658 0.3750000000
98536  -49.018  12.768  56.345 0.2500000000
98559  -49.463  12.660  54.837 0.2500000000
98595  -58.896  12.537  50.440 0.5000000000
98660  -59.599  12.120  45.474 0.2500000000
98775  -57.739  12.194  32.551 0.1250000000
99140  -20.946  13.149  88.244 0.6250000000
99146  -19.423  13.542  86.856 0.6250000000
99147  -20.547  13.647  87.781 0.6250000000
99150  -24.551  13.087  87.584 0.6250000000
99155  -8.475  13.214  86.363 1.0000000000
99156  -9.050  12.976  85.924 1.0000000000
99157  -19.331  13.362  86.694 0.6250000000
99164  -25.341  13.493  85.091 0.6250000000
99165  -3.352  13.907  84.207 1.0000000000
99169  -18.470  13.919  85.333 0.6250000000
99170  -25.083  13.313  84.404 0.6250000000
99178  -25.287  13.904  83.996 0.6250000000
99179  -30.046  13.140  83.254 0.2500000000
99180  -30.934  13.355  83.516 0.2500000000
99188  -22.273  13.521  82.556 0.6250000000
99192  -31.650  13.695  82.947 0.2500000000
99193  -32.569  13.839  82.393 0.2500000000
99194  -32.937  13.674  82.230 0.2500000000
99195  -3.516  13.231  81.911 1.0000000000
99201  -23.094  14.404  81.772 0.5000000000
99203  -30.476  14.220  82.241 0.2500000000
99212  -23.078  14.763  80.954 0.5000000000
99215  -33.270  13.767  81.034 0.2500000000
99218  -8.808  13.994  79.873 1.0000000000
99225  -3.003  13.048  79.104 0.8750000000
99231  -15.200  13.397  78.497 0.7500000000
99233  -22.832  14.982  78.409 0.5000000000
99240  -10.281  13.295  77.085 0.8750000000
99243  -14.991  12.873  77.597 0.7500000000
99244  -22.801  13.959  76.850 0.5000000000
99246  -29.814  13.472  77.795 0.1250000000
99247  -31.835  13.046  77.392 0.2500000000
99248  -32.285  13.623  77.977 0.2500000000
99249  -5.115  13.346  76.750 0.6250000000
99252  -11.415  13.927  76.334 0.8750000000
99255  -13.808  12.935  76.674 0.7500000000
99263  -23.132  14.029  75.116 0.2500000000
99264  -23.128  14.443  75.566 0.5000000000
99270  -23.353  14.165  74.235 0.5000000000
99273  -31.833  13.179  74.671 0.1250000000
99274  -32.017  13.898  75.172 0.1250000000
99280  -32.404  13.550  73.561 0.1250000000
99285  -29.393  13.926  73.101 0.1250000000
99287  -6.496  13.223  71.231 0.6250000000
99299  -4.328  13.295  69.852 0.7500000000
99302  -18.057  13.585  70.113 0.1250000000
99304  -19.655  13.477  70.576 0.1250000000
99313  -17.846  13.615  69.441 0.1250000000
99314  -18.538  13.361  69.657 0.1250000000
99315  -19.374  13.316  69.872 0.1250000000
99318  -23.144  13.323  69.869 0.1250000000
99326  -28.258  13.399  68.558 0.2500000000
99364  -26.484  13.717  64.187 0.1250000000
99392  -52.259  13.737  62.347 0.6250000000
99477  -50.657  13.465  54.070 0.2500000000
99480  -56.739  13.691  54.157 0.6250000000
99529  -59.444  13.584  49.169 0.5000000000
99540  -54.617  13.584  48.309 0.1250000000
99553  -52.402  13.393  47.444 0.1250000000
99723  -60.065  14.651  31.654 0.1250000000
100085  -20.133  14.083  87.341 0.6250000000
100091  -7.278  14.213  86.401 1.0000000000
100093  -18.603  15.021  86.076 0.5000000000
100097  -3.745  14.553  86.011 1.0000000000
100109  -17.938  14.623  84.898 0.6250000000
100110  -3.417  14.199  83.559 1.0000000000
100112  -7.978  14.183  83.446 1.0000000000
100114  -25.139  14.249  83.176 0.6250000000
100117  -3.582  14.396  82.192 1.0000000000
100120  -16.992  15.028  82.985 0.6250000000
100121  -17.289  14.329  82.262 0.6250000000
100123  -24.882  14.771  82.230 0.6250000000
100124  -25.236  15.387  81.992 0.5000000000
100137  -33.193  14.184  81.163 0.2500000000
100138  -3.491  13.927  80.873 1.0000000000
100145  -23.001  15.279  80.090 0.5000000000
100146  -30.245  14.148  81.236 0.1250000000
100150  -4.215  14.339  79.879 1.0000000000
100156  -14.990  14.298  79.344 0.5000000000
100158  -22.817  15.512  79.027 0.5000000000
100160  -30.702  15.009  80.291 0.1250000000
100164  -8.875  14.984  78.725 0.8750000000
100170  -33.462  14.718  79.117 0.2500000000
100174  -12.907  15.000  77.005 0.6250000000
100177  -22.910  14.955  76.738 0.5000000000
100188  -12.408  14.583  76.459 0.6250000000
100189  -12.995  14.136  76.601 0.6250000000
100190  -23.100  14.812  75.979 0.3750000000
100193  -32.605  14.392  76.642 0.1250000000
100197  -22.945  14.650  75.087 0.3750000000
100200  -32.977  14.880  75.300 0.1250000000
100205  -30.143  14.407  74.958 0.1250000000
100209  -18.625  14.641  73.919 0.2500000000
100213  -23.236  14.308  73.170 0.2500000000
100215  -32.889  14.306  73.889 0.1250000000
100221  -19.568  14.212  72.547 0.1250000000
100223  -22.841  14.289  72.313 0.1250000000
100227  -33.565  14.241  72.513 0.1250000000
100231  -19.388  13.929  71.894 0.1250000000
100264  -6.132  14.142  67.149 0.1250000000
100425  -58.182  15.035  52.911 0.6250000000
100426  -58.442  15.066  52.177 0.6250000000
100450  -59.259  14.362  50.275 0.5000000000
100472  -59.301  14.337  49.494 0.5000000000
100507  -57.422  15.217  48.116 0.6250000000
100652  -61.071  14.762  36.708 0.2500000000
100657  -61.279  15.539  36.923 0.2500000000
101050  -19.103  14.348  86.427 0.6250000000
101051  -19.359  14.916  86.525 0.5000000000
101054  -5.226  15.383  86.423 1.0000000000
101055  -6.071  15.125  86.512 1.0000000000
101058  -17.927  15.773  86.000 0.5000000000
101062  -22.137  15.455  86.554 0.5000000000
101068  -17.184  16.000  85.186 0.5000000000
101069  -17.782  15.544  85.570 0.5000000000
101071  -3.513  14.766  83.702 1.0000000000
101072  -3.640  15.171  84.402 1.0000000000
101074  -7.131  15.456  85.308 1.0000000000
101078  -25.313  15.906  84.545 0.6250000000
101087  -7.586  15.970  82.588 1.0000000000
101089  -16.110  15.623  82.679 0.5000000000
101094  -7.742  15.032  81.119 1.0000000000
101096  -15.872  15.492  82.000 0.5000000000
101098  -25.224  16.243  81.469 0.5000000000
101100  -31.420  15.361  81.309 0.1250000000
101102  -32.995  14.902  81.138 0.2500000000
101106  -14.075  15.943  80.652 0.5000000000
101109  -24.757  16.165  81.107 0.5000000000
101110  -30.957  15.432  80.672 0.1250000000
101120  -34.053  15.881  79.224 0.2500000000
101125  -13.046  15.709  78.006 0.5000000000
101126  -22.428  15.699  78.079 0.5000000000
101133  -8.999  16.306  78.000 0.7500000000
101134  -11.587  16.071  76.733 0.5000000000
101138  -22.608  15.321  77.371 0.3750000000
101140  -33.692  15.373  78.293 0.1250000000
101146  -11.308  15.410  76.401 0.6250000000
101149  -22.615  15.281  76.343 0.3750000000
101154  -7.553  15.452  75.013 0.6250000000
101155  -18.620  15.524  75.607 0.2500000000
101159  -22.696  15.077  75.583 0.3750000000
101160  -23.001  15.006  75.797 0.3750000000
101173  -34.910  15.949  74.039 0.1250000000
101183  -35.832  15.861  72.729 0.1250000000
101185  -7.668  15.938  71.963 0.6250000000
101189  -36.045  15.493  71.708 0.1250000000
101200  -5.697  15.636  69.521 0.7500000000
101215  -28.462  15.561  67.657 0.1250000000
101219  -3.907  15.841  66.928 0.5000000000
101290  -53.326  16.370  59.832 0.7500000000
101313  -52.972  16.904  58.289 0.7500000000
101335  -52.013  15.566  56.368 0.2500000000
101350  -52.945  16.068  55.324 0.5000000000
101365  -57.130  16.591  53.535 0.6250000000
101386  -58.127  15.670  52.012 0.6250000000
101504  -56.380  16.724  44.383 0.2500000000
101531  -60.519  17.710  40.747 0.3750000000
101927  -19.715  15.794  86.559 0.5000000000
101929  -17.684  16.510  86.297 0.5000000000
101931  -19.204  16.468  86.479 0.5000000000
101933  -21.196  16.498  85.925 0.5000000000
101935  -23.006  15.768  86.205 0.5000000000
101940  -23.023  16.545  85.557 0.5000000000
101946  -15.442  16.932  84.165 0.5000000000
101947  -16.400  16.549  84.765 0.5000000000
101953  -15.497  16.644  83.373 0.5000000000
101954  -25.396  16.870  83.030 0.5000000000
101958  -14.847  16.481  82.021 0.5000000000
101959  -15.332  16.373  82.517 0.5000000000
101960  -25.327  16.999  82.103 0.5000000000
101965  -14.309  16.447  81.511 0.5000000000
101966  -25.104  17.069  81.457 0.5000000000
101967  -31.199  15.746  80.758 0.1250000000
101973  -13.362  16.943  79.899 0.5000000000
101975  -13.979  16.389  81.118 0.5000000000
101977  -24.185  16.513  81.444 0.5000000000
101980  -32.683  16.113  80.739 0.2500000000
101984  -8.045  16.208  79.118 0.8750000000
101985  -13.130  16.992  78.979 0.5000000000
101987  -21.714  16.433  79.499 0.3750000000
101989  -22.811  16.291  80.203 0.5000000000
101991  -33.832  15.924  79.888 0.2500000000
101992  -34.089  16.204  79.199 0.2500000000
101993  -6.319  16.511  78.907 0.6250000000
101996  -13.160  16.277  78.742 0.5000000000
101999  -21.806  16.152  78.554 0.3750000000
102000  -22.265  16.046  78.816 0.3750000000
102001  -22.532  16.099  79.408 0.3750000000
102002  -30.619  16.486  78.267 0.1250000000
102007  -9.357  16.928  77.601 0.7500000000
102010  -18.534  16.490  77.360 0.2500000000
102012  -20.721  15.974  77.771 0.3750000000
102017  -10.194  16.184  76.809 0.7500000000
102022  -21.229  15.720  77.242 0.3750000000
102023  -30.403  16.964  76.072 0.1250000000
102024  -30.479  16.413  76.339 0.1250000000
102026  -34.970  17.691  76.930 0.1250000000
102030  -35.059  16.765  75.616 0.1250000000
102031  -35.622  17.709  76.046 0.1250000000
102034  -17.833  15.912  75.212 0.2500000000
102035  -35.589  16.499  74.775 0.1250000000
102037  -37.637  17.450  74.441 0.1250000000
102042  -37.325  16.702  73.876 0.1250000000
102048  -36.337  16.247  73.653 0.1250000000
102051  -39.311  17.634  72.924 0.1250000000
102056  -29.063  16.537  71.411 0.1250000000
102058  -38.188  15.983  71.835 0.1250000000
102063  -16.326  16.387  70.992 0.1250000000
102072  -16.299  16.024  69.831 0.1250000000
102159  -53.973  17.302  58.071 0.7500000000
102164  -54.387  17.483  57.526 0.6250000000
102199  -56.051  17.760  54.579 0.6250000000
102211  -56.142  17.372  53.965 0.6250000000
102317  -56.168  17.515  46.494 0.5000000000
102318  -56.913  17.044  46.255 0.5000000000
102339  -55.940  17.148  45.006 0.2500000000
102351  -59.756  17.466  43.301 0.3750000000
102358  -58.687  17.932  42.506 0.2500000000
102364  -60.077  18.223  41.110 0.3750000000
102392  -60.972  17.631  38.114 0.3750000000
102405  -61.471  16.350  37.042 0.3750000000
102410  -60.056  17.147  35.625 0.2500000000
102718  -6.984  17.008  88.254 1.0000000000
102719  -16.591  17.194  86.204 0.5000000000
102720  -16.960  17.265  86.563 0.5000000000
102721  -17.680  17.275  86.518 0.5000000000
102724  -20.630  16.956  85.851 0.5000000000
102729  -22.248  17.837  84.821 0.5000000000
102730  -23.560  17.062  84.815 0.5000000000
102737  -23.878  17.503  84.102 0.5000000000
102739  -5.587  16.989  86.146 1.0000000000
102745  -14.968  16.776  82.280 0.5000000000
102747  -25.072  17.707  82.602 0.5000000000
102749  -7.593  17.110  82.285 1.0000000000
102754  -24.035  17.214  82.119 0.5000000000
102756  -32.221  16.299  80.909 0.1250000000
102758  -7.584  17.272  81.167 0.8750000000
102761  -21.880  17.244  81.039 0.3750000000
102763  -23.756  16.921  81.659 0.3750000000
102764  -24.504  17.076  81.547 0.5000000000
102773  -21.042  16.727  80.014 0.3750000000
102774  -22.121  16.696  80.413 0.3750000000
102778  -33.620  16.720  79.764 0.2500000000
102781  -7.703  17.542  79.386 0.7500000000
102783  -12.109  18.054  78.272 0.5000000000
102784  -12.912  17.654  78.742 0.5000000000
102796  -11.516  17.548  77.733 0.5000000000
102799  -18.905  16.641  78.130 0.2500000000
102800  -30.344  18.021  78.428 0.1250000000
102803  -35.247  18.029  76.986 0.1250000000
102806  -17.380  17.806  76.336 0.2500000000
102810  -36.257  18.378  75.889 0.1250000000
102812  -17.182  17.488  75.697 0.2500000000
102819  -37.814  18.476  74.609 0.1250000000
102821  -6.616  17.885  73.249 0.6250000000
102824  -16.682  16.859  74.271 0.2500000000
102825  -38.625  18.016  73.595 0.1250000000
102827  -5.822  17.930  71.537 0.6250000000
102837  -6.147  17.169  70.422 0.6250000000
102838  -16.181  17.706  70.390 0.1250000000
102843  -5.152  17.225  69.195 0.6250000000
102845  -16.246  17.464  69.549 0.1250000000
102853  -16.379  17.150  67.939 0.1250000000
103019  -54.447  17.670  46.282 0.1250000000
103027  -58.293  17.386  45.015 0.3750000000
103030  -56.589  17.688  45.254 0.2500000000
103033  -58.707  17.261  44.355 0.3750000000
103041  -58.577  17.865  42.862 0.3750000000
103044  -60.162  17.937  42.426 0.3750000000
103057  -60.049  18.283  41.662 0.3750000000
103076  -60.583  18.054  37.638 0.3750000000
103086  -60.111  18.060  37.031 0.3750000000
103087  -60.633  17.621  37.012 0.3750000000
103092  -61.164  17.003  36.641 0.3750000000
103404  -16.435  17.902  86.541 0.5000000000
103406  -18.001  18.055  86.361 0.5000000000
103407  -6.321  17.153  88.170 1.0000000000
103409  -16.186  18.374  86.083 0.5000000000
103417  -15.448  18.388  84.181 0.5000000000
103418  -20.826  18.525  84.437 0.5000000000
103419  -22.705  18.411  84.225 0.5000000000
103420  -23.388  18.092  83.829 0.5000000000
103421  -23.932  17.668  83.489 0.5000000000
103422  -24.351  17.664  83.345 0.5000000000
103425  -15.238  18.047  83.840 0.5000000000
103428  -24.360  17.759  83.015 0.5000000000
103432  -23.819  17.636  82.834 0.5000000000
103433  -24.241  17.533  82.538 0.5000000000
103436  -15.380  17.782  81.466 0.5000000000
103438  -21.761  18.422  81.767 0.3750000000
103439  -23.063  17.705  82.137 0.5000000000
103443  -14.948  17.953  80.505 0.5000000000
103446  -22.326  17.551  81.446 0.3750000000
103447  -30.622  18.851  79.954 0.1250000000
103454  -14.051  18.062  79.521 0.5000000000
103455  -15.070  18.376  79.699 0.5000000000
103459  -31.418  18.578  80.103 0.1250000000
103462  -34.344  17.440  78.722 0.1250000000
103463  -7.639  18.299  79.141 0.7500000000
103465  -11.451  18.636  77.973 0.5000000000
103466  -12.708  18.082  78.516 0.5000000000
103473  -34.742  17.898  78.074 0.1250000000
103474  -6.685  18.693  77.671 0.6250000000
103477  -9.602  18.411  77.580 0.6250000000
103479  -14.293  18.810  78.028 0.3750000000
103482  -35.626  18.413  76.907 0.1250000000
103486  -17.507  18.132  77.035 0.2500000000
103489  -36.817  18.932  75.943 0.1250000000
103495  -37.090  18.724  75.421 0.1250000000
103497  -3.648  18.489  74.022 0.6250000000
103501  -16.972  18.797  74.957 0.1250000000
103503  -37.902  19.458  74.612 0.1250000000
103510  -3.692  18.576  73.267 0.6250000000
103514  -39.090  18.880  72.890 0.1250000000
103515  -39.752  18.734  72.402 0.1250000000
103516  -3.854  18.866  72.486 0.6250000000
103519  -16.151  18.663  71.560 0.1250000000
103522  -39.976  19.016  71.751 0.1250000000
103523  -4.452  18.848  70.987 0.6250000000
103528  -34.476  18.969  70.109 0.1250000000
103532  -41.209  18.770  70.484 0.1250000000
103534  -16.192  18.817  69.217 0.1250000000
103540  -34.041  18.814  69.198 0.1250000000
103541  -35.185  18.666  69.503 0.1250000000
103556  -32.748  18.843  67.990 0.1250000000
103559  -35.777  18.504  68.574 0.1250000000
103572  -33.421  18.634  67.749 0.1250000000
104084  -6.826  18.189  87.689 1.0000000000
104085  -8.050  18.655  87.424 0.8750000000
104086  -16.496  18.730  85.654 0.5000000000
104089  -19.143  18.772  85.477 0.5000000000
104093  -15.868  18.870  84.256 0.5000000000
104096  -18.270  19.454  84.380 0.5000000000
104098  -20.351  19.228  84.119 0.5000000000
104099  -21.237  19.243  83.812 0.5000000000
104101  -22.867  18.635  83.589 0.5000000000
104105  -21.816  19.451  83.364 0.5000000000
104107  -22.798  18.698  83.077 0.3750000000
104111  -22.790  18.396  82.626 0.3750000000
104112  -23.270  17.895  82.551 0.5000000000
104114  -21.866  18.630  81.980 0.3750000000
104117  -7.527  19.651  80.843 0.7500000000
104119  -19.580  19.288  80.860 0.3750000000
104120  -20.289  19.652  81.322 0.3750000000
104123  -30.233  19.577  80.008 0.1250000000
104124  -30.662  19.071  80.137 0.1250000000
104131  -30.098  19.913  79.746 0.1250000000
104132  -29.938  20.160  79.992 0.1250000000
104133  -31.115  19.355  80.195 0.1250000000
104140  -10.848  19.410  77.889 0.6250000000
104145  -15.682  19.588  78.680 0.3750000000
104147  -30.031  20.256  79.136 0.1250000000
104156  -12.766  19.079  77.516 0.5000000000
104160  -17.484  19.119  77.086 0.2500000000
104161  -17.686  20.308  77.831 0.2500000000
104163  -35.509  19.572  77.526 0.1250000000
104165  -36.891  19.493  76.370 0.1250000000
104171  -14.299  19.730  76.684 0.3750000000
104176  -3.452  19.272  76.027 0.6250000000
104178  -13.328  19.780  75.907 0.3750000000
104179  -14.020  19.957  75.970 0.3750000000
104183  -16.794  19.071  74.096 0.1250000000
104186  -38.020  19.784  74.986 0.1250000000
104189  -29.906  19.782  73.794 0.1250000000
104190  -37.892  19.335  73.905 0.1250000000
104199  -38.013  19.608  72.584 0.1250000000
104201  -4.076  19.309  71.560 0.5000000000
104208  -32.719  19.945  71.320 0.1250000000
104209  -33.615  19.813  71.413 0.1250000000
104214  -16.062  19.817  70.243 0.1250000000
104235  -31.699  19.707  69.057 0.1250000000
104242  -33.075  19.141  69.294 0.1250000000
104243  -3.314  19.835  67.072 0.5000000000
104249  -3.479  19.592  66.659 0.3750000000
104279  -17.372  18.931  63.310 0.1250000000
104799  -7.552  19.254  87.211 0.8750000000
104806  -17.770  19.970  83.924 0.5000000000
104807  -18.773  19.830  83.931 0.5000000000
104808  -19.711  19.739  83.912 0.5000000000
104813  -7.905  20.426  84.981 0.8750000000
104814  -16.370  20.512  83.320 0.5000000000
104818  -20.017  20.500  83.476 0.5000000000
104819  -20.767  20.552  83.075 0.5000000000
104821  -21.951  19.350  82.904 0.5000000000
104826  -21.483  19.647  82.244 0.3750000000
104827  -21.997  18.824  82.338 0.3750000000
104839  -20.647  20.563  81.365 0.3750000000
104845  -7.646  20.321  80.054 0.7500000000
104847  -16.153  20.240  79.196 0.3750000000
104848  -18.211  20.621  79.123 0.3750000000
104852  -30.351  20.586  80.009 0.1250000000
104855  -33.512  19.893  78.828 0.1250000000
104856  -2.775  20.932  78.676 0.6250000000
104860  -5.842  20.050  77.890 0.7500000000
104864  -10.992  19.933  77.807 0.5000000000
104867  -17.884  20.785  78.533 0.2500000000
104874  -10.595  20.666  77.738 0.5000000000
104878  -15.374  20.311  77.595 0.3750000000
104880  -28.940  21.310  77.353 0.1250000000
104883  -36.762  20.130  76.645 0.1250000000
104886  -11.635  20.114  76.523 0.3750000000
104888  -14.529  20.419  76.372 0.3750000000
104892  -29.375  20.554  76.814 0.1250000000
104895  -37.849  20.524  75.690 0.1250000000
104899  -12.754  20.104  75.333 0.3750000000
104902  -17.602  20.207  75.343 0.1250000000
104913  -36.213  20.517  74.943 0.1250000000
104915  -38.002  20.197  75.443 0.1250000000
104918  -16.654  20.064  72.880 0.1250000000
104919  -17.308  20.797  74.024 0.1250000000
104927  -32.570  20.779  73.848 0.1250000000
104928  -33.810  20.830  73.756 0.1250000000
104932  -37.794  20.086  74.951 0.1250000000
104942  -32.295  20.482  72.908 0.1250000000
104946  -36.478  20.283  73.349 0.1250000000
104955  -31.413  20.772  71.604 0.1250000000
104960  -16.170  20.641  70.478 0.1250000000
104967  -31.970  20.173  71.214 0.1250000000
104973  -3.886  20.065  68.112 0.5000000000
104974  -30.651  20.867  68.046 0.1250000000
104981  -31.077  20.114  67.869 0.1250000000
104987  -2.228  21.082  64.698 0.2500000000
104989  -16.645  20.284  65.887 0.1250000000
105545  -16.327  21.431  83.124 0.5000000000
105550  -21.024  20.777  82.416 0.5000000000
105551  -21.315  20.081  82.448 0.5000000000
105553  -16.233  21.795  82.249 0.3750000000
105558  -16.347  21.116  81.057 0.3750000000
105559  -21.247  21.737  81.044 0.3750000000
105560  -21.070  20.747  81.613 0.3750000000
105566  -20.677  21.602  80.733 0.3750000000
105570  -3.115  20.963  80.088 0.7500000000
105574  -10.032  22.034  78.577 0.6250000000
105576  -19.358  21.616  79.945 0.2500000000
105578  -20.964  22.061  80.532 0.2500000000
105581  -31.350  21.346  79.532 0.1250000000
105585  -10.306  21.414  78.159 0.6250000000
105590  -29.754  21.348  78.238 0.1250000000
105591  -30.125  21.880  79.263 0.1250000000
105593  -33.624  21.750  78.240 0.1250000000
105595  -2.531  20.904  77.082 0.6250000000
105597  -15.080  21.086  77.050 0.3750000000
105598  -17.772  21.650  77.796 0.2500000000
105602  -34.308  22.314  77.455 0.1250000000
105603  -35.054  21.820  77.149 0.1250000000
105607  -10.906  20.750  76.923 0.6250000000
105608  -14.668  21.305  76.149 0.3750000000
105613  -28.215  21.767  77.102 0.1250000000
105615  -35.354  21.661  76.668 0.1250000000
105616  -36.326  21.264  76.530 0.1250000000
105617  -37.213  21.098  76.103 0.1250000000
105619  -2.993  21.176  75.318 0.6250000000
105620  -10.861  21.451  74.877 0.6250000000
105629  -33.968  21.597  75.827 0.1250000000
105635  -11.584  20.973  74.336 0.3750000000
105636  -12.440  20.931  73.995 0.3750000000
105637  -13.327  21.156  74.191 0.3750000000
105639  -17.500  21.536  74.280 0.1250000000
105646  -31.580  22.594  74.580 0.1250000000
105656  -12.955  21.409  73.430 0.3750000000
105669  -35.201  21.031  74.450 0.1250000000
105671  -5.466  21.957  72.570 0.5000000000
105672  -11.289  22.056  72.819 0.3750000000
105673  -11.877  21.809  72.693 0.3750000000
105685  -30.963  21.835  72.086 0.1250000000
105686  -4.762  20.876  70.136 0.5000000000
105688  -6.205  22.176  70.356 0.5000000000
105689  -16.357  21.480  70.679 0.1250000000
105700  -30.397  21.857  69.615 0.1250000000
105704  -16.381  21.407  68.722 0.1250000000
105708  -3.682  20.817  67.511 0.5000000000
105709  -5.496  21.550  68.176 0.5000000000
105717  -30.679  22.171  67.027 0.1250000000
105718  -31.013  21.673  66.462 0.1250000000
105719  -2.214  21.251  64.695 0.2500000000
105722  -17.035  21.760  65.161 0.1250000000
105726  -31.403  21.351  65.871 0.1250000000
105731  -17.321  21.866  64.446 0.1250000000
105747  -1.544  22.584  62.580 0.2500000000
105752  -17.705  21.112  62.773 0.1250000000
105753  -17.982  21.791  62.463 0.1250000000
106255  -7.311  22.069  85.883 0.8750000000
106264  -16.202  22.463  82.449 0.3750000000
106265  -16.252  22.216  82.816 0.5000000000
106266  -16.589  22.275  83.176 0.3750000000
106267  -18.305  22.814  82.930 0.3750000000
106273  -16.154  22.742  82.489 0.3750000000
106274  -19.475  22.625  82.696 0.3750000000
106276  -21.196  22.513  81.552 0.2500000000
106284  -2.641  22.593  80.532 0.6250000000
106289  -21.162  22.319  80.672 0.2500000000
106290  -2.427  22.553  79.052 0.6250000000
106297  -20.925  22.355  80.403 0.2500000000
106299  -9.825  23.559  78.447 0.7500000000
106302  -18.381  22.935  78.523 0.2500000000
106303  -18.953  22.607  79.287 0.3750000000
106306  -31.591  22.822  78.393 0.1250000000
106307  -32.744  22.580  78.248 0.1250000000
106316  -28.989  22.894  77.496 0.1250000000
106320  -33.957  22.885  77.183 0.1250000000
106330  -31.481  23.075  76.080 0.1250000000
106331  -32.934  22.529  76.518 0.1250000000
106337  -14.486  22.402  75.030 0.3750000000
106338  -17.860  22.265  75.547 0.1250000000
106339  -17.888  22.902  76.122 0.1250000000
106345  -33.425  22.080  76.198 0.1250000000
106348  -17.666  22.416  74.600 0.1250000000
106354  -32.952  21.901  75.437 0.1250000000
106356  -12.591  21.777  72.751 0.3750000000
106357  -13.360  22.095  73.058 0.3750000000
106361  -31.095  23.561  73.940 0.1250000000
106376  -17.257  23.179  72.285 0.1250000000
106378  -31.291  24.185  71.359 0.1250000000
106386  -6.374  22.280  68.843 0.5000000000
106399  -16.584  22.477  66.738 0.1250000000
106405  -31.046  22.479  66.427 0.1250000000
106442  -1.284  22.850  62.156 0.1250000000
106444  -18.266  22.491  62.616 0.1250000000
106454  -1.516  23.144  61.675 0.1250000000
106981  -17.178  22.942  83.093 0.3750000000
106984  -16.196  23.322  82.370 0.3750000000
106987  -20.119  23.240  82.194 0.3750000000
106988  -20.618  23.634  81.631 0.3750000000
106989  -21.070  23.143  81.282 0.2500000000
106995  -21.118  23.232  80.961 0.2500000000
107004  -15.643  23.880  79.733 0.3750000000
107006  -20.574  23.362  80.117 0.2500000000
107007  -20.949  22.832  80.406 0.2500000000
107008  -2.680  23.049  78.292 0.6250000000
107009  -2.903  23.658  78.299 0.6250000000
107011  -18.571  23.859  78.323 0.2500000000
107014  -2.885  23.521  77.780 0.6250000000
107015  -9.804  24.256  77.802 0.7500000000
107028  -14.901  23.213  76.165 0.2500000000
107037  -9.615  23.850  75.851 0.5000000000
107038  -10.013  23.161  75.995 0.5000000000
107040  -14.862  23.758  75.862 0.2500000000
107050  -14.511  23.258  74.589 0.3750000000
107057  -3.099  23.781  74.357 0.5000000000
107068  -31.171  24.454  73.178 0.1250000000
107074  -14.124  23.537  72.459 0.1250000000
107086  -10.688  23.626  71.404 0.5000000000
107087  -11.357  23.281  71.142 0.5000000000
107098  -5.748  23.735  70.950 0.5000000000
107102  -12.446  23.576  70.359 0.5000000000
107103  -13.143  23.760  70.360 0.3750000000
107116  -17.176  24.034  69.460 0.1250000000
107120  -16.790  23.360  68.980 0.1250000000
107124  -30.621  23.458  67.902 0.1250000000
107127  -16.679  23.219  68.026 0.1250000000
107157  -17.472  23.488  64.814 0.1250000000
107165  -1.325  22.824  62.559 0.2500000000
107169  -7.326  23.989  63.833 0.3750000000
107171  -18.301  23.917  63.553 0.1250000000
107183  -18.752  23.807  62.822 0.1250000000
107195  -2.473  23.652  61.282 0.1250000000
107652  -16.498  24.105  82.251 0.3750000000
107653  -17.398  24.196  82.433 0.2500000000
107654  -18.582  24.248  82.205 0.3750000000
107659  -9.310  25.839  82.103 0.7500000000
107663  -20.346  24.370  81.447 0.2500000000
107666  -20.948  23.611  80.768 0.2500000000
107677  -5.580  24.780  78.582 0.5000000000
107680  -20.031  24.951  79.548 0.2500000000
107684  -6.334  24.339  77.090 0.5000000000
107690  -18.843  24.786  78.066 0.2500000000
107694  -3.102  24.163  76.912 0.5000000000
107700  -15.417  24.866  76.607 0.1250000000
107702  -18.503  25.080  77.161 0.2500000000
107709  -2.622  24.555  75.974 0.5000000000
107711  -3.566  24.429  76.572 0.5000000000
107727  -2.313  24.688  75.068 0.5000000000
107728  -2.582  24.144  74.783 0.5000000000
107731  -6.522  24.567  74.482 0.5000000000
107733  -8.329  24.570  74.640 0.5000000000
107735  -14.674  24.214  74.534 0.1250000000
107749  -8.498  24.610  73.305 0.5000000000
107750  -9.762  24.222  73.286 0.3750000000
107767  -14.440  24.316  72.282 0.1250000000
107769  -17.651  25.024  72.553 0.1250000000
107778  -8.726  24.639  71.851 0.5000000000
107779  -9.494  24.465  71.364 0.5000000000
107780  -10.201  24.168  70.972 0.5000000000
107783  -17.393  24.361  71.161 0.1250000000
107794  -13.497  24.266  70.035 0.3750000000
107811  -17.529  24.675  69.923 0.1250000000
107817  -30.674  24.726  69.209 0.1250000000
107820  -10.862  24.805  68.527 0.3750000000
107821  -11.593  24.692  68.551 0.3750000000
107835  -30.808  25.164  67.670 0.1250000000
107842  -17.537  25.021  65.957 0.1250000000
107847  -31.394  24.699  66.044 0.1250000000
108375  -3.763  26.637  83.471 0.7500000000
108380  -3.873  26.793  83.377 0.7500000000
108384  -16.223  24.809  81.736 0.3750000000
108392  -15.026  26.334  80.362 0.2500000000
108396  -17.772  25.321  81.748 0.2500000000
108398  -20.498  24.719  81.050 0.2500000000
108399  -20.728  24.240  80.691 0.2500000000
108401  -7.206  26.354  80.661 0.6250000000
108405  -15.296  25.671  80.680 0.2500000000
108412  -15.147  25.677  80.298 0.2500000000
108414  -20.620  24.538  80.355 0.2500000000
108416  -7.961  25.727  78.336 0.6250000000
108420  -20.225  25.973  79.322 0.1250000000
108423  -8.923  25.426  77.926 0.7500000000
108426  -19.844  26.366  78.462 0.1250000000
108428  -15.369  25.810  76.688 0.1250000000
108436  -15.095  25.243  75.250 0.1250000000
108438  -18.606  26.141  75.885 0.1250000000
108440  -2.608  25.829  75.654 0.5000000000
108441  -3.554  25.472  75.590 0.5000000000
108443  -14.914  25.005  74.526 0.1250000000
108446  -2.107  25.309  73.984 0.5000000000
108448  -5.214  25.612  73.940 0.5000000000
108452  -18.056  25.801  73.494 0.1250000000
108453  -2.279  25.704  73.346 0.5000000000
108456  -6.293  25.597  72.628 0.5000000000
108458  -14.593  25.180  72.111 0.1250000000
108459  -17.502  24.720  71.847 0.1250000000
108461  -2.439  26.117  72.781 0.5000000000
108466  -8.049  25.085  71.247 0.5000000000
108470  -3.235  26.378  71.458 0.5000000000
108472  -7.603  25.731  70.822 0.5000000000
108475  -13.781  24.982  69.691 0.2500000000
108477  -17.715  25.323  70.416 0.1250000000
108485  -13.436  25.160  69.018 0.2500000000
108496  -5.454  25.581  68.599 0.5000000000
108500  -11.459  25.370  68.096 0.3750000000
108501  -12.428  25.555  68.089 0.2500000000
108503  -14.009  26.255  68.610 0.2500000000
108517  -17.760  26.007  67.541 0.1250000000
108522  -30.394  25.923  67.625 0.1250000000
108535  -31.225  25.513  66.161 0.1250000000
108557  -18.605  25.571  64.573 0.1250000000
108569  -18.990  25.549  63.825 0.1250000000
109093  -5.102  27.286  83.177 0.7500000000
109097  -5.218  27.758  82.223 0.7500000000
109099  -7.849  28.043  81.812 0.7500000000
109104  -18.920  26.148  81.171 0.2500000000
109106  -20.427  25.375  80.739 0.2500000000
109108  -14.840  26.930  80.300 0.2500000000
109109  -17.293  27.464  80.756 0.1250000000
109112  -20.457  26.024  80.282 0.1250000000
109113  -14.448  26.995  80.090 0.1250000000
109117  -15.082  26.283  77.577 0.1250000000
109120  -15.264  26.533  76.374 0.1250000000
109124  -18.531  26.309  74.924 0.1250000000
109129  -15.545  26.933  73.881 0.1250000000
109130  -18.511  26.515  73.905 0.1250000000
109138  -4.378  26.902  73.849 0.5000000000
109143  -18.102  26.409  71.962 0.1250000000
109146  -6.936  26.091  71.133 0.5000000000
109147  -14.642  26.019  70.989 0.1250000000
109156  -7.978  26.140  70.225 0.5000000000
109159  -18.359  26.804  70.349 0.1250000000
109163  -3.353  27.185  70.254 0.5000000000
109166  -8.325  26.491  69.719 0.5000000000
109180  -13.579  26.603  68.104 0.2500000000
109196  -18.511  27.024  67.129 0.1250000000
109207  -18.770  27.056  66.380 0.1250000000
109210  -30.889  27.161  66.529 0.1250000000
109220  -19.228  27.097  65.598 0.1250000000
109250  -3.798  25.952  60.796 0.1250000000
109280  -3.702  26.802  59.316 0.1250000000
109792  -4.905  27.708  82.847 0.7500000000
109793  -6.765  27.884  82.453 0.7500000000
109796  -7.010  28.197  81.939 0.7500000000
109797  -15.444  27.013  80.662 0.2500000000
109798  -16.370  27.220  80.875 0.2500000000
109799  -14.426  28.070  79.731 0.1250000000
109802  -18.951  27.533  80.456 0.2500000000
109804  -20.405  27.074  79.852 0.1250000000
109805  -14.242  28.289  79.358 0.1250000000
109806  -20.155  27.893  79.733 0.1250000000
109808  -13.946  28.115  78.599 0.1250000000
109809  -20.475  27.656  78.811 0.1250000000
109812  -20.301  28.156  77.477 0.2500000000
109815  -20.114  28.237  76.555 0.2500000000
109819  -19.804  28.301  75.475 0.1250000000
109820  -1.620  27.222  75.002 0.5000000000
109821  -1.969  27.169  75.338 0.5000000000
109825  -1.886  27.224  74.140 0.5000000000
109828  -15.693  27.282  73.316 0.1250000000
109831  -2.200  26.618  73.149 0.5000000000
109840  -18.629  27.238  70.872 0.1250000000
109847  -14.895  27.229  69.845 0.1250000000
109848  -15.398  27.822  70.179 0.1250000000
109849  -18.682  27.301  70.133 0.1250000000
109854  -2.989  27.819  70.315 0.5000000000
109857  -7.838  27.658  69.847 0.5000000000
109858  -8.530  27.267  69.370 0.3750000000
109862  -18.809  27.502  69.336 0.1250000000
109868  -3.737  27.989  68.507 0.5000000000
109871  -11.535  27.209  67.709 0.3750000000
109872  -12.380  27.589  67.730 0.2500000000
109873  -13.713  27.365  68.068 0.2500000000
109885  -4.311  27.855  67.566 0.5000000000
109913  -20.478  28.327  65.066 0.1250000000
109922  -7.549  27.468  64.575 0.3750000000
109948  -3.699  27.332  60.156 0.1250000000
109962  -3.658  28.222  59.998 0.1250000000
109976  -5.198  27.821  58.073 0.1250000000
110409  -16.172  28.491  80.185 0.1250000000
110412  -19.480  27.982  80.098 0.1250000000
110416  -16.742  29.134  80.009 0.1250000000
110420  -13.977  28.562  78.520 0.1250000000
110421  -20.428  28.467  78.543 0.1250000000
110422  -14.329  28.545  77.911 0.1250000000
110432  -16.144  28.521  75.638 0.1250000000
110435  -2.110  27.584  75.731 0.5000000000
110437  -16.131  27.931  74.240 0.1250000000
110439  -19.860  28.708  74.466 0.1250000000
110462  -2.545  28.079  71.017 0.5000000000
110467  -19.504  28.319  70.197 0.1250000000
110468  -20.008  28.961  70.576 0.1250000000
110474  -14.877  28.173  68.904 0.2500000000
110476  -19.424  28.255  69.247 0.1250000000
110487  -10.190  27.838  68.414 0.3750000000
110489  -12.459  28.362  67.990 0.2500000000
110493  -19.610  28.541  68.228 0.1250000000
110503  -20.024  28.795  67.343 0.1250000000
110515  -4.948  28.628  66.738 0.5000000000
110519  -20.415  29.068  66.434 0.1250000000
110529  -7.060  27.879  65.263 0.3750000000
110558  -8.895  28.111  61.158 0.3750000000
110578  -3.677  28.255  59.642 0.1250000000
111141  -15.590  28.947  78.845 0.1250000000
111142  -16.913  29.924  78.285 0.1250000000
111148  -20.982  29.853  77.390 0.1250000000
111149  -21.225  29.922  77.068 0.1250000000
111150  -1.235  30.029  76.341 0.5000000000
111154  -0.706  29.365  75.813 0.5000000000
111157  -16.578  29.158  75.627 0.1250000000
111158  -17.178  29.884  75.710 0.1250000000
111164  -4.283  29.551  74.989 0.5000000000
111168  -20.835  30.256  74.981 0.2500000000
111170  -4.884  29.558  74.070 0.5000000000
111172  -20.502  29.889  74.140 0.1250000000
111173  -20.781  30.514  74.172 0.1250000000
111177  -17.334  29.741  73.355 0.1250000000
111181  -7.349  29.706  71.268 0.5000000000
111183  -16.855  29.449  71.352 0.1250000000
111184  -20.308  29.891  71.968 0.1250000000
111192  -16.122  29.218  69.985 0.1250000000
111193  -20.407  29.987  70.912 0.1250000000
111197  -3.046  29.225  69.735 0.5000000000
111215  -10.654  28.658  68.633 0.3750000000
111219  -14.361  29.430  68.676 0.2500000000
111233  -20.339  30.078  67.702 0.1250000000
111246  -6.941  29.730  66.030 0.3750000000
111259  -8.081  29.096  64.810 0.2500000000
111295  -10.249  30.154  60.822 0.2500000000
111336  -6.072  29.998  59.281 0.1250000000
111338  -8.294  30.064  58.907 0.2500000000
111901  -17.681  30.251  78.416 0.1250000000
111907  -20.881  30.459  77.379 0.1250000000
111909  -2.122  30.764  76.626 0.5000000000
111910  -3.057  31.155  76.761 0.5000000000
111921  -6.151  31.443  74.831 0.5000000000
111927  -20.956  31.052  73.710 0.1250000000
111930  -7.789  30.907  72.564 0.5000000000
111932  -9.656  31.069  72.306 0.3750000000
111940  -6.585  30.184  72.292 0.5000000000
111946  -17.039  30.281  71.034 0.1250000000
111954  -10.449  30.512  70.913 0.3750000000
111956  -12.317  30.813  70.043 0.2500000000
111965  -12.725  30.500  69.438 0.2500000000
111970  -20.452  30.632  69.118 0.1250000000
111979  -14.160  30.009  68.766 0.2500000000
111980  -20.361  30.744  68.378 0.1250000000
111994  -7.215  30.418  66.198 0.3750000000
111996  -18.671  30.628  65.832 0.1250000000
112006  -20.261  30.152  66.068 0.1250000000
112053  -10.178  30.812  60.732 0.2500000000
112084  -7.614  30.529  58.527 0.1250000000
112584  -17.985  31.040  77.246 0.1250000000
112585  -18.666  31.399  77.299 0.1250000000
112588  -21.256  31.029  77.063 0.1250000000
112589  -2.689  31.544  76.553 0.5000000000
112596  -21.439  31.543  76.407 0.1250000000
112601  -17.963  31.225  75.404 0.1250000000
112612  -21.574  32.070  74.645 0.2500000000
112619  -11.227  32.084  73.303 0.2500000000
112621  -18.486  31.997  74.019 0.1250000000
112622  -21.210  31.783  73.204 0.1250000000
112628  -10.198  31.589  72.835 0.3750000000
112629  -11.589  32.118  73.165 0.2500000000
112635  -11.503  31.324  71.806 0.3750000000
112640  -20.962  32.342  71.861 0.1250000000
112649  -14.988  32.042  70.000 0.2500000000
112651  -16.663  31.517  70.356 0.2500000000
112653  -20.739  32.355  71.173 0.1250000000
112660  -13.089  31.017  69.767 0.2500000000
112661  -13.919  31.143  69.530 0.2500000000
112662  -14.763  31.254  69.528 0.2500000000
112664  -16.234  31.235  69.958 0.2500000000
112665  -20.369  31.878  69.447 0.1250000000
112675  -19.864  31.647  68.473 0.1250000000
112685  -19.948  31.125  67.797 0.1250000000
112693  -19.594  31.054  67.158 0.1250000000
112703  -9.889  31.435  64.063 0.2500000000
112741  -10.019  31.888  61.440 0.1250000000
113310  -4.196  32.671  76.401 0.5000000000
113311  -18.956  32.250  76.421 0.1250000000
113314  -21.289  32.470  76.376 0.1250000000
113315  -3.188  32.810  76.104 0.5000000000
113316  -5.674  33.080  75.991 0.5000000000
113317  -6.440  32.968  75.512 0.5000000000
113318  -18.833  32.497  75.587 0.1250000000
113321  -7.080  32.877  74.966 0.5000000000
113324  -21.607  32.691  74.535 0.2500000000
113326  -8.591  32.598  73.839 0.3750000000
113328  -10.271  32.277  73.123 0.3750000000
113331  -13.523  33.637  73.619 0.2500000000
113333  -18.684  32.780  73.659 0.1250000000
113341  -21.448  33.079  72.427 0.1250000000
113344  -12.608  32.283  72.410 0.2500000000
113349  -17.679  32.412  71.579 0.1250000000
113350  -21.046  33.263  71.623 0.1250000000
113360  -20.636  32.727  70.671 0.1250000000
113366  -20.078  32.485  69.644 0.1250000000
113374  -18.909  32.599  68.633 0.1250000000
113383  -19.252  31.938  68.213 0.1250000000
113468  -9.221  32.966  57.597 0.1250000000
114032  -4.725  33.191  76.282 0.5000000000
114033  -20.448  33.362  76.101 0.1250000000
114034  -21.074  33.255  76.179 0.1250000000
114036  -4.229  33.829  76.105 0.5000000000
114042  -21.491  32.936  75.949 0.1250000000
114043  -21.604  32.942  75.249 0.1250000000
114045  -6.772  33.380  75.176 0.5000000000
114046  -7.322  33.265  74.743 0.5000000000
114048  -19.531  33.951  74.800 0.1250000000
114049  -21.548  33.741  74.864 0.1250000000
114050  -21.613  33.240  74.474 0.1250000000
114052  -9.348  32.626  73.232 0.3750000000
114054  -11.105  32.721  73.295 0.3750000000
114056  -13.644  34.111  73.862 0.2500000000
114057  -13.972  34.339  73.966 0.2500000000
114061  -10.752  33.075  72.747 0.3750000000
114063  -12.486  33.744  73.011 0.2500000000
114068  -21.549  33.665  72.436 0.1250000000
114070  -8.843  33.695  72.120 0.5000000000
114075  -14.573  33.687  72.118 0.2500000000
114078  -17.529  33.268  71.560 0.1250000000
114079  -21.296  33.723  71.773 0.1250000000
114086  -16.069  33.164  70.795 0.2500000000
114087  -20.730  33.199  70.932 0.1250000000
114088  -20.889  33.229  71.329 0.1250000000
114095  -10.991  33.640  70.028 0.2500000000
114113  -17.522  33.704  67.589 0.1250000000
114114  -18.081  33.110  68.183 0.1250000000
114122  -17.291  33.573  66.735 0.1250000000
114135  -17.158  33.433  65.833 0.1250000000
114172  -9.351  33.052  61.518 0.1250000000
114178  -9.541  32.744  59.797 0.1250000000
114840  -20.304  34.457  75.218 0.1250000000
114844  -5.934  34.592  74.755 0.5000000000
114847  -19.147  34.096  74.036 0.1250000000
114849  -20.636  35.269  74.871 0.1250000000
114850  -21.520  34.545  74.374 0.1250000000
114855  -13.353  34.138  73.699 0.2500000000
114859  -21.682  34.354  73.382 0.1250000000
114865  -14.462  34.650  73.459 0.2500000000
114871  -21.652  34.272  72.567 0.1250000000
114876  -16.017  34.492  71.689 0.2500000000
114879  -21.528  34.083  72.076 0.1250000000
114885  -10.308  33.860  69.933 0.2500000000
114886  -11.626  33.897  70.336 0.2500000000
114888  -20.004  34.523  70.688 0.1250000000
114895  -4.233  34.670  69.655 0.3750000000
114898  -10.588  34.087  69.414 0.2500000000
114901  -18.660  34.685  69.677 0.1250000000
114902  -19.486  34.052  70.149 0.1250000000
114909  -10.073  34.411  68.765 0.2500000000
114910  -10.923  34.488  68.900 0.2500000000
114911  -17.807  34.850  68.311 0.1250000000
114922  -17.569  34.433  67.730 0.1250000000
115655  -4.423  35.245  75.254 0.5000000000
115658  -20.022  35.698  74.409 0.1250000000
115659  -21.173  35.067  74.940 0.1250000000
115666  -14.911  35.846  73.011 0.2500000000
115668  -18.347  35.837  73.235 0.1250000000
115670  -21.651  35.566  73.539 0.1250000000
115676  -13.594  35.633  73.247 0.2500000000
115679  -16.996  35.484  72.520 0.1250000000
115682  -21.762  34.939  72.930 0.1250000000
115685  -7.210  34.602  72.530 0.5000000000
115687  -13.199  35.876  71.879 0.2500000000
115689  -21.522  35.086  71.912 0.1250000000
115691  -6.567  35.648  70.676 0.3750000000
115693  -12.552  35.019  70.411 0.2500000000
115696  -21.244  34.509  71.621 0.1250000000
115700  -8.082  34.743  68.831 0.3750000000
115714  -11.364  35.224  68.690 0.2500000000
115744  -4.356  35.877  65.456 0.2500000000
115754  -5.790  35.313  64.159 0.2500000000
115760  -5.378  35.801  63.814 0.1250000000
115767  -6.159  35.777  62.833 0.1250000000
115798  -8.694  35.599  59.772 0.1250000000
116508  -21.292  36.052  74.185 0.1250000000
116514  -16.943  36.697  73.090 0.1250000000
116516  -19.756  36.441  74.091 0.1250000000
116519  -2.416  36.865  73.191 0.5000000000
116520  -4.912  37.361  73.063 0.3750000000
116521  -5.500  36.788  72.615 0.3750000000
116529  -6.080  36.265  71.219 0.3750000000
116531  -21.323  36.112  71.802 0.1250000000
116537  -21.054  37.127  71.345 0.1250000000
116540  -5.629  36.981  69.952 0.3750000000
116549  -3.237  36.347  68.559 0.3750000000
116550  -6.350  36.647  68.501 0.2500000000
116551  -6.840  36.217  67.813 0.2500000000
116563  -7.556  35.967  67.291 0.2500000000
116567  -18.781  36.735  67.252 0.1250000000
116576  -8.766  36.654  66.511 0.1250000000
116581  -3.002  36.826  65.699 0.2500000000
116584  -19.515  37.391  65.658 0.1250000000
116588  -4.040  36.356  64.320 0.1250000000
116594  -3.579  36.742  64.014 0.1250000000
116641  -8.625  36.793  59.388 0.1250000000
116650  -8.999  36.733  58.616 0.1250000000
116662  -9.329  36.350  57.077 0.1250000000
116686  -8.746  36.847  55.887 0.1250000000
117330  -14.679  36.797  73.042 0.1250000000
117331  -15.577  37.105  72.962 0.1250000000
117336  -20.556  37.598  73.450 0.1250000000
117337  -21.293  37.143  73.086 0.1250000000
117338  -2.226  37.373  73.044 0.3750000000
117343  -14.185  37.483  72.779 0.1250000000
117346  -16.958  38.444  72.866 0.1250000000
117348  -21.287  37.350  72.226 0.1250000000
117350  -4.668  38.145  71.911 0.3750000000
117353  -12.439  37.662  71.419 0.1250000000
117354  -21.170  37.657  71.446 0.1250000000
117357  -5.159  37.602  70.541 0.3750000000
117359  -19.811  36.976  70.671 0.1250000000
117360  -20.701  37.650  70.735 0.1250000000
117368  -20.930  38.742  69.960 0.1250000000
117381  -10.113  36.814  66.868 0.1250000000
117387  -7.217  37.246  66.554 0.1250000000
117390  -9.872  37.501  66.514 0.1250000000
117392  -19.403  37.918  65.893 0.1250000000
117395  -2.688  37.327  65.457 0.1250000000
117403  -2.689  37.418  64.793 0.1250000000
117404  -3.023  36.980  64.368 0.1250000000
117439  -6.671  37.736  61.384 0.1250000000
117500  -8.805  37.464  55.653 0.1250000000
118130  -3.050  38.109  73.396 0.3750000000
118131  -3.755  38.389  73.066 0.3750000000
118132  -17.581  38.022  73.307 0.1250000000
118133  -18.419  38.303  73.481 0.1250000000
118134  -19.322  38.447  73.364 0.1250000000
118136  -2.383  38.172  72.858 0.3750000000
118139  -12.775  38.732  72.697 0.1250000000
118141  -15.324  38.614  72.294 0.1250000000
118149  -3.155  39.116  72.294 0.3750000000
118150  -3.767  39.217  71.756 0.3750000000
118156  -1.983  38.735  71.337 0.3750000000
118164  -20.377  39.120  69.394 0.1250000000
118166  -21.120  39.556  69.819 0.1250000000
118178  -16.254  38.791  67.261 0.1250000000
118185  -6.493  38.762  66.492 0.2500000000
118192  -16.495  38.413  66.495 0.1250000000
118209  -18.855  38.483  66.019 0.1250000000
118213  -2.752  38.273  64.725 0.1250000000
118271  -9.494  37.997  57.047 0.1250000000
118897  -12.242  40.120  73.637 0.1250000000
118904  -20.411  39.478  71.882 0.1250000000
118906  -2.812  39.528  71.775 0.3750000000
118908  -11.147  40.418  72.784 0.1250000000
118912  -20.772  39.883  70.871 0.1250000000
118919  -21.072  40.384  69.946 0.1250000000
118926  -4.801  40.018  68.899 0.3750000000
118929  -14.160  39.720  68.462 0.1250000000
118930  -15.132  39.451  68.198 0.1250000000
118931  -16.684  39.861  68.335 0.1250000000
118933  -19.049  39.864  68.544 0.1250000000
118935  -5.397  39.941  67.411 0.2500000000
118936  -10.039  40.786  68.607 0.1250000000
118942  -19.402  39.110  68.283 0.1250000000
118950  -7.433  39.309  65.232 0.1250000000
118951  -8.310  39.015  65.059 0.1250000000
118953  -10.295  39.937  65.968 0.1250000000
118958  -2.891  39.204  64.660 0.1250000000
118960  -9.033  39.775  64.395 0.1250000000
118974  -4.689  39.303  62.470 0.1250000000
119013  -9.410  39.510  56.989 0.1250000000
119027  -9.548  39.280  55.373 0.1250000000
119060  -9.061  39.762  54.321 0.1250000000
119595  -13.226  41.677  73.085 0.1250000000
119599  -11.209  41.128  72.761 0.1250000000
119602  -14.959  41.671  72.325 0.1250000000
119603  -15.796  41.752  72.005 0.1250000000
119607  -19.709  41.211  71.134 0.1250000000
119608  -20.568  40.925  70.566 0.1250000000
119610  -3.073  41.127  70.883 0.3750000000
119611  -3.837  40.833  70.737 0.3750000000
119612  -10.391  41.205  71.126 0.1250000000
119615  -14.759  41.577  71.700 0.1250000000
119618  -20.038  41.656  70.285 0.1250000000
119624  -12.636  40.964  70.828 0.1250000000
119629  -17.882  41.232  69.773 0.1250000000
119630  -18.857  41.364  69.701 0.1250000000
119632  -20.503  41.397  69.956 0.1250000000
119636  -9.733  41.697  69.591 0.1250000000
119638  -13.422  40.303  69.037 0.1250000000
119652  -6.144  40.077  66.054 0.2500000000
119660  -9.802  39.884  64.877 0.1250000000
119662  -13.000  41.078  66.118 0.1250000000
119667  -6.958  40.568  64.458 0.1250000000
119677  -3.294  40.193  63.878 0.1250000000
119679  -8.262  40.844  63.690 0.1250000000
119680  -9.076  40.802  63.686 0.1250000000
119702  -7.940  40.416  59.349 0.1250000000
119709  -9.008  39.832  57.722 0.1250000000
119781  -9.311  40.478  54.240 0.1250000000
119796  -7.579  41.027  52.514 0.1250000000
120316  -10.728  41.373  71.534 0.1250000000
120317  -11.224  41.341  72.397 0.1250000000
120318  -16.636  41.801  71.559 0.1250000000
120320  -18.267  42.064  71.094 0.1250000000
120325  -11.542  41.421  71.402 0.1250000000
120326  -18.152  42.089  70.937 0.1250000000
120328  -2.386  42.515  70.285 0.2500000000
120336  -19.268  41.754  70.150 0.1250000000
120341  -9.663  42.475  69.527 0.1250000000
120343  -11.654  41.684  68.837 0.1250000000
120353  -4.639  42.229  67.324 0.1250000000
120374  -7.022  41.600  63.686 0.1250000000
120394  -5.674  41.714  60.883 0.1250000000
120395  -6.410  41.443  60.558 0.1250000000
120432  -9.107  40.782  56.839 0.1250000000
120443  -9.420  41.013  56.014 0.1250000000
120475  -9.042  41.464  53.322 0.1250000000
120476  -9.253  41.728  53.881 0.1250000000
120492  -8.364  42.279  52.335 0.1250000000
121038  -2.982  43.093  70.167 0.1250000000
121043  -9.765  43.130  69.334 0.1250000000
121066  -10.419  42.348  64.325 0.1250000000
121067  -13.142  42.929  65.442 0.1250000000
121078  -8.231  42.984  62.497 0.1250000000
121079  -9.038  42.705  62.525 0.1250000000
121080  -9.799  42.564  62.694 0.1250000000
121110  -6.951  42.920  58.959 0.1250000000
121143  -9.221  42.014  54.928 0.1250000000
121153  -9.151  42.182  54.144 0.1250000000
121662  -2.747  43.672  69.064 0.1250000000
121667  -3.528  43.821  67.899 0.1250000000
121668  -10.401  44.357  68.452 0.1250000000
121670  -11.414  45.154  68.708 0.1250000000
121702  -2.878  43.437  62.657 0.1250000000
121713  -3.275  44.026  61.390 0.1250000000
121718  -4.309  43.689  60.559 0.1250000000
121749  -6.716  43.659  57.753 0.1250000000
121751  -7.883  42.828  56.891 0.1250000000
121786  -7.815  43.898  54.932 0.1250000000
121805  -8.322  43.577  52.344 0.1250000000
122311  -2.803  44.461  67.685 0.1250000000
122315  -2.896  44.812  67.403 0.1250000000
122316  -10.937  45.228  67.914 0.1250000000
122321  -3.068  45.480  67.029 0.1250000000
122350  -11.358  44.477  64.026 0.1250000000
122363  -11.218  44.752  63.174 0.1250000000
122369  -3.316  44.705  60.753 0.1250000000
122378  -4.802  44.286  59.259 0.1250000000
122392  -6.088  44.034  58.137 0.1250000000
122409  -4.819  45.063  58.022 0.1250000000
122412  -6.917  43.896  57.038 0.1250000000
122461  -7.852  44.864  52.827 0.1250000000
122462  -8.135  44.138  53.247 0.1250000000
122981  -11.176  45.293  68.351 0.1250000000
122983  -13.227  46.088  68.219 0.1250000000
122985  -14.841  46.370  67.571 0.1250000000
122990  -14.366  45.819  67.710 0.1250000000
123001  -12.513  46.287  65.892 0.1250000000
123002  -14.775  45.375  66.654 0.1250000000
123047  -3.855  45.241  59.124 0.1250000000
123079  -5.613  45.484  56.455 0.1250000000
123099  -6.656  45.938  54.602 0.1250000000
123126  -7.293  46.133  51.610 0.1250000000
123671  -13.421  47.129  67.225 0.1250000000
123707  -2.566  46.286  62.424 0.1250000000
123722  -3.465  46.317  59.953 0.1250000000
123724  -2.908  47.136  58.718 0.1250000000
123729  -2.983  46.584  58.314 0.1250000000
123743  -2.736  47.484  57.387 0.1250000000
123753  -5.296  46.169  56.012 0.1250000000
123772  -5.563  47.012  54.619 0.1250000000
123773  -6.254  46.658  54.174 0.1250000000
123785  -7.021  46.407  52.821 0.1250000000
124326  -14.486  47.912  67.158 0.1250000000
124328  -16.571  47.533  67.289 0.1250000000
124371  -3.168  47.820  61.760 0.1250000000
124374  -3.180  47.017  61.265 0.1250000000
124430  -5.390  47.800  54.033 0.1250000000
124444  -5.851  47.813  53.358 0.1250000000
124975  -2.947  47.888  66.133 0.1250000000
124983  -18.638  48.832  66.175 0.1250000000
125053  -2.575  48.713  57.099 0.1250000000
125054  -2.848  48.625  56.425 0.1250000000
125069  -3.308  48.506  55.860 0.1250000000
125070  -3.852  48.343  55.469 0.1250000000
125107  -6.633  48.414  52.529 0.1250000000
125656  -14.699  50.111  65.375 0.1250000000
125673  -17.723  49.605  65.427 0.1250000000
125749  -5.270  49.807  55.054 0.1250000000
125774  -6.661  49.040  53.084 0.1250000000
126369  -2.259  51.512  64.438 0.1250000000
126442  -3.667  49.951  56.041 0.1250000000
126454  -6.571  50.573  54.556 0.1250000000
126470  -7.149  50.419  53.973 0.1250000000
127083  -3.458  52.000  66.283 0.1250000000
127094  -2.304  52.006  64.947 0.1250000000
127155  -3.499  51.460  57.127 0.1250000000
127792  -3.480  52.366  65.829 0.1250000000
127861  -5.502  52.152  55.602 0.1250000000
128509  -4.189  53.201  56.529 0.1250000000
138410  -25.375  13.788  86.464 0.6250000000
138412  -25.225  13.329  87.137 0.6250000000
138415  -25.592  13.247  85.814 0.6250000000
139297  -20.883  40.316  69.691 0.1250000000
139337  -9.102  33.198  72.963 0.5000000000
139390  -15.287  26.031  75.563 0.1250000000
139398  -14.976  27.077  77.166 0.1250000000
139433  -10.397  40.233  67.237 0.1250000000
139456  -12.104  33.109  73.480 0.2500000000
139469  -19.382  3.016  77.865 0.8750000000
139520  -31.497  7.459  77.434 0.3750000000
139620  -28.481  10.222  82.324 0.3750000000
139626  -48.151  4.190  69.400 0.8750000000
139710  -27.272  9.038  74.887 0.2500000000
139752  -45.018  9.812  55.160 0.1250000000
139772  -49.074  6.526  60.693 0.3750000000
140042  -15.742  23.873  78.034 0.2500000000
140044  -56.897  11.649  50.728 0.2500000000
140049  -31.464  8.725  77.501 0.3750000000
140054  -31.524  7.932  79.949 0.3750000000
140061  -20.080  3.815  82.975 0.8750000000
140068  -27.846  -6.594  71.485 0.8750000000
140220  -17.363  6.918  83.081 0.8750000000
140264  -19.838  -6.504  70.857 0.8750000000
140326  -23.003  14.696  73.812 0.2500000000
140357  -15.439  24.748  78.177 0.1250000000
140370  -15.256  14.855  80.083 0.5000000000
140500  -52.183  10.569  54.230 0.2500000000
140503  -29.288  0.555  74.587 0.3750000000
140512  -28.396  -4.167  90.576 0.1250000000
140562  -60.445  10.446  37.196 0.1250000000
140673  -5.953  13.317  75.533 0.6250000000
140678  -23.558  4.616  83.898 0.8750000000
140697  -2.211  -6.108  90.540 0.8750000000
140707  -21.352  9.283  88.269 0.6250000000
140795  -16.174  -6.497  99.353 0.8750000000
140799  -17.944  3.468  89.086 1.0000000000
140841  -2.112  -5.982  90.883 0.8750000000
140955  -31.410  10.964  75.607 0.2500000000
140965  -52.576  4.498  57.048 0.2500000000
141009  -20.218  6.601  90.507 0.8750000000
141145  -28.458  8.376  78.339 0.1250000000
141201  -20.942  17.809  84.925 0.5000000000
141210  -9.434  11.482  87.666 1.0000000000
141270  -31.251  1.201  76.946 0.3750000000
141280  -21.572  7.547  82.226 0.6250000000
141309  -2.933  50.081  59.209 0.1250000000
141351  -17.869  6.583  89.403 0.8750000000
141409  -32.133  22.586  76.097 0.1250000000
141561  -15.442  26.685  74.559 0.1250000000
141578  -12.307  6.610  82.732 1.0000000000
141579  -16.246  21.505  82.014 0.3750000000
141628  -3.341  28.128  75.022 0.5000000000
141665  -5.774  19.513  65.623 0.3750000000
141671  -2.343  -7.103  91.072 0.8750000000
141741  -4.289  47.182  55.880 0.1250000000
141758  -42.857  8.661  69.736 0.2500000000
141978  -58.985  17.616  43.664 0.3750000000
142009  -9.784  33.145  72.377 0.3750000000
142016  -20.891  18.582  81.401 0.3750000000
142056  -10.140  20.067  77.860 0.6250000000
142072  -29.532  1.434  76.322 0.3750000000
142231  -35.401  -4.731  89.619 0.8750000000
142349  -35.982  7.652  78.076 0.5000000000
142375  -9.983  40.690  69.519 0.1250000000
142392  -33.809  8.150  73.010 0.1250000000
142587  -39.697  5.340  56.402 0.1250000000
142676  -26.062  11.754  86.509 0.6250000000
142689  -20.519  28.872  65.634 0.1250000000
142709  -29.677  5.574  84.468 0.3750000000
142819  -28.809  14.957  71.252 0.1250000000
143101  -20.418  30.467  69.978 0.1250000000
143164  -12.892  18.349  78.449 0.5000000000
143230  -19.653  41.510  69.814 0.1250000000
143295  -16.120  17.966  71.123 0.1250000000
143325  -6.749  36.937  61.441 0.1250000000
143385  -17.807  22.681  76.993 0.1250000000
143521  -10.766  -1.399  72.081 0.1250000000
143560  -52.914  4.411  59.448 0.3750000000
143594  -34.341  18.460  67.561 0.1250000000
143659  -43.141  7.621  68.593 0.2500000000
143660  -6.724  -11.579  81.698 0.3750000000
143673  -10.324  39.729  68.637 0.1250000000
143676  -20.562  -13.682  89.917 0.2500000000
143738  -10.762  -18.655  84.615 0.1250000000
143838  -30.057  19.158  76.589 0.1250000000
143886  -8.816  7.818  76.026 0.8750000000
143939  -32.762  19.506  69.970 0.1250000000
143953  -45.258  7.657  67.503 0.3750000000
144050  -36.792  -5.425  82.846 1.0000000000
144066  -16.537  20.252  67.351 0.1250000000
144110  -26.130  6.153  88.960 0.7500000000
144156  -31.307  22.017  66.022 0.1250000000
144159  -6.506  18.801  79.473 0.8750000000
144201  -36.648  3.013  82.680 0.7500000000
144217  -40.791  18.509  71.379 0.1250000000
144242  -32.153  19.198  66.034 0.1250000000
144259  -19.842  18.324  85.605 0.5000000000
144450  -25.070  15.458  85.342 0.6250000000
144466  -30.053  19.047  72.987 0.1250000000
144477  -15.772  -4.769  97.536 0.8750000000
144487  -16.964  29.137  72.242 0.1250000000
144545  -14.967  49.661  65.941 0.1250000000
144625  -15.727  27.346  74.515 0.1250000000
144694  -13.518  1.661  87.500 1.0000000000
144728  -36.656  9.503  73.258 0.1250000000
144783  -29.811  4.778  72.932 0.3750000000
144865  -7.536  14.110  72.103 0.6250000000
144893  -17.793  13.648  82.556 0.6250000000
144940  -9.477  38.696  56.986 0.1250000000
145225  -18.364  18.640  86.014 0.5000000000
145311  -2.376  -7.207  91.597 0.8750000000
145361  -2.045  38.456  70.579 0.3750000000
145406  -18.839  36.311  73.667 0.1250000000
145458  -42.170  6.678  68.207 0.2500000000
145469  -20.434  -13.813  88.830 0.1250000000
145471  -6.731  23.151  65.063 0.5000000000
145472  -5.964  28.816  66.165 0.3750000000
145478  -3.398  -6.321  89.268 0.8750000000
145589  -17.440  21.561  63.825 0.1250000000
145634  -7.711  17.582  84.453 1.0000000000
145658  -24.374  1.063  67.094 0.5000000000
145734  -47.658  7.411  59.745 0.2500000000
145783  -4.392  17.927  67.829 0.6250000000
145801  -47.003  1.914  66.307 0.3750000000
145964  -18.460  6.332  74.256 0.6250000000
145989  -23.523  8.295  67.818 0.2500000000
146066  -12.559  42.541  66.834 0.1250000000
146123  -7.644  17.033  74.062 0.6250000000
146220  -20.658  11.819  80.024 0.6250000000
146232  -14.336  27.583  79.903 0.1250000000
146257  -38.907  7.715  70.776 0.1250000000
146331  -29.695  0.994  75.993 0.3750000000
146357  -35.808  6.853  82.530 0.5000000000
146403  -3.523  47.849  60.142 0.1250000000
146516  -27.478  8.127  73.967 0.2500000000
146603  -21.611  33.166  73.791 0.1250000000
146636  -4.558  20.577  70.989 0.5000000000
146641  -21.643  8.847  83.424 0.7500000000
146694  -15.637  27.353  72.071 0.1250000000
146703  -16.563  22.678  67.420 0.1250000000
146711  -59.441  13.380  42.804 0.3750000000
146762  -37.215  19.925  72.899 0.1250000000
146777  -47.651  9.028  67.350 0.3750000000
146822  -19.545  3.880  88.739 1.0000000000
146881  -18.029  15.019  85.459 0.6250000000
146895  -17.841  15.082  74.003 0.2500000000
146921  -3.755  8.698  72.990 0.7500000000
146937  -7.498  44.639  54.620 0.1250000000
147150  -7.369  35.307  68.845 0.2500000000
147171  -35.566  3.945  77.882 0.7500000000
147181  -21.064  31.893  72.471 0.1250000000
147214  -46.803  10.353  68.487 0.3750000000
147271  -10.118  42.808  67.933 0.1250000000
147400  -20.586  29.271  77.865 0.1250000000
147527  -8.229  36.041  60.267 0.1250000000
147599  -18.803  7.487  83.824 0.8750000000
147612  -47.460  2.302  59.736 0.1250000000
147619  -45.935  0.473  65.353 0.1250000000
147625  -9.167  32.617  64.010 0.2500000000
147668  -19.363  38.624  67.877 0.1250000000
147782  -47.089  5.557  64.724 0.3750000000
147831  -16.533  21.141  67.339 0.1250000000
147885  -2.605  -4.515  89.640 0.8750000000
148042  -9.621  -11.240  77.004 0.2500000000
148102  -16.614  22.809  69.363 0.1250000000
148186  -16.918  17.145  75.032 0.2500000000
148271  -6.389  17.454  71.115 0.6250000000
148290  -10.004  23.463  75.361 0.5000000000
148303  -22.819  12.603  67.986 0.1250000000
148311  -7.883  33.166  74.264 0.5000000000
148396  -6.109  17.479  82.350 1.0000000000
148408  -4.808  50.849  56.057 0.1250000000
148447  -17.455  22.657  64.524 0.1250000000
148556  -10.878  17.942  77.639 0.5000000000
148568  -21.185  -2.745  67.763 0.6250000000
148719  -16.404  19.117  68.028 0.1250000000
148832  -17.690  29.038  79.971 0.1250000000
148950  -21.503  9.626  83.306 0.6250000000
149063  -18.026  -11.781  96.821 0.1250000000
149076  -16.645  14.924  70.384 0.1250000000
149099  -28.385  -0.907  70.489 0.6250000000
149184  -10.137  25.929  68.321 0.3750000000
149204  -22.564  13.867  77.811 0.5000000000
149254  -17.820  26.009  68.351 0.1250000000
149285  -7.280  14.244  71.435 0.6250000000
149300  -17.948  2.068  94.189 1.0000000000
149317  -7.577  17.924  80.812 0.8750000000
149327  -41.063  6.550  68.520 0.1250000000
149364  -29.618  13.436  75.435 0.1250000000
149460  -40.118  18.996  70.941 0.1250000000
149478  -3.211  49.145  59.198 0.1250000000
149486  -4.144  -0.670  89.259 0.8750000000
149569  -16.038  6.394  91.257 1.0000000000
149731  -20.873  40.811  69.860 0.1250000000
149752  -31.269  -8.007  86.167 0.1250000000
149780  -4.955  -16.013  86.493 0.1250000000
149807  -30.415  21.756  68.676 0.1250000000
149939  -22.246  8.819  84.511 0.7500000000
149971  -16.233  18.058  68.980 0.1250000000
150010  -21.268  30.352  76.713 0.2500000000
150019  -9.287  -15.617  86.375 0.1250000000
150028  -21.419  35.360  74.298 0.1250000000
150118  -53.713  11.490  53.773 0.2500000000
150159  -20.413  27.214  79.371 0.1250000000
150164  -7.501  21.219  82.741 0.7500000000
150250  -4.582  26.735  83.361 0.7500000000
150404  -29.828  14.529  73.503 0.1250000000
150415  -38.140  6.451  50.500 0.1250000000
150416  -9.061  34.258  69.709 0.3750000000
150422  -17.436  18.126  63.182 0.1250000000
150659  -31.386  9.786  73.857 0.3750000000
150716  -47.252  5.615  62.330 0.2500000000
150760  -41.976  3.367  61.008 0.1250000000
150792  -51.379  12.361  61.724 0.5000000000
150808  -33.843  15.590  76.049 0.1250000000
150851  -19.905  31.753  77.200 0.1250000000
150894  -26.183  11.684  64.612 0.2500000000
150926  -12.623  12.969  76.418 0.7500000000
151119  -33.591  14.909  80.190 0.2500000000
151131  -28.057  -1.064  69.748 0.6250000000
151166  -16.283  20.846  69.066 0.1250000000
151187  -19.120  31.866  77.063 0.1250000000
151245  -6.530  44.423  56.738 0.1250000000
151260  -11.020  -2.567  87.119 1.0000000000
151262  -8.926  28.085  69.276 0.3750000000
151282  -13.082  2.198  93.092 1.0000000000
151285  -31.295  2.472  79.797 0.3750000000
151387  -4.489  15.957  84.100 1.0000000000
151396  -21.247  12.581  88.462 0.6250000000
151427  -11.581  -1.180  89.574 1.0000000000
151501  -30.734  -9.111  88.108 0.1250000000
151695  -17.059  31.043  70.812 0.1250000000
151873  -29.537  12.833  79.090 0.1250000000
151950  -16.362  20.136  72.001 0.1250000000
152111  -12.826  -16.027  91.578 0.1250000000
152154  -16.181  19.632  83.446 0.5000000000
152271  -61.430  10.570  37.879 0.1250000000
152299  -29.670  3.877  77.072 0.3750000000
152313  -36.267  -3.737  84.480 1.0000000000
152427  -10.322  2.229  91.003 1.0000000000
152459  -9.203  24.424  73.653 0.5000000000
152496  -14.465  18.028  80.024 0.5000000000
152534  -5.678  27.690  82.742 0.7500000000
152609  -9.471  5.872  73.609 0.8750000000
152610  -26.406  9.650  70.271 0.1250000000
152711  -28.595  16.184  69.238 0.1250000000
152837  -23.615  5.277  88.587 0.8750000000
152839  -13.093  -0.861  82.808 1.0000000000
152844  -4.776  31.597  70.132 0.5000000000
152863  -13.734  22.836  72.735 0.2500000000
152961  -3.771  -6.474  75.087 0.7500000000
153043  -16.468  17.076  85.477 0.5000000000
153054  -20.561  10.302  69.569 0.2500000000
153071  -18.039  30.647  77.928 0.1250000000
153080  -21.398  31.962  73.929 0.1250000000
153083  -34.510  19.666  71.500 0.1250000000
153123  -25.317  16.681  83.815 0.5000000000
153168  -28.648  7.603  77.112 0.2500000000
153207  -4.360  35.433  67.193 0.2500000000
153263  -2.197  31.739  75.939 0.5000000000
153322  -24.248  9.250  89.509 0.6250000000
153378  -4.056  13.544  78.284 1.0000000000
153408  -29.856  21.746  78.819 0.1250000000
153442  -8.854  42.065  52.841 0.1250000000
153474  -6.356  18.585  80.824 0.8750000000
153549  -22.884  -5.910  96.248 0.6250000000
153570  -53.496  17.581  47.016 0.1250000000
153613  -48.055  10.551  52.463 0.1250000000
153677  -2.966  46.841  57.597 0.1250000000
153789  -20.907  32.862  71.532 0.1250000000
153865  -20.870  23.492  80.458 0.2500000000
153896  -35.136  9.292  71.345 0.1250000000
153927  -47.368  5.037  70.199 1.0000000000
154033  -28.289  7.840  75.470 0.3750000000
154054  -56.157  17.740  45.754 0.2500000000
154086  -18.272  47.178  67.579 0.1250000000
154137  -30.539  1.313  77.115 0.3750000000
154147  -3.412  -12.721  84.578 0.2500000000
154159  -23.914  16.143  81.310 0.5000000000
154189  -16.421  15.623  70.563 0.1250000000
154280  -29.378  18.131  71.564 0.1250000000
154374  -5.232  7.789  73.694 0.8750000000
154462  -23.672  11.774  88.523 0.6250000000
154469  -6.420  28.399  71.359 0.5000000000
154569  -17.537  22.864  73.880 0.1250000000
154692  -14.295  47.198  67.644 0.1250000000
154718  -11.110  29.296  68.918 0.3750000000
154887  -30.775  -2.152  67.148 0.6250000000
155027  -9.153  10.452  88.064 1.0000000000
155191  -30.564  23.661  68.764 0.1250000000
155283  -10.516  -19.023  82.086 0.1250000000
155480  -3.644  -0.958  80.348 0.8750000000
155523  -52.214  9.940  56.940 0.2500000000
155605  -2.906  52.835  58.310 0.1250000000
155614  -44.114  2.557  77.242 1.0000000000
155630  -22.651  8.594  66.555 0.2500000000
155631  -9.389  36.908  57.089 0.1250000000
155868  -15.269  0.069  78.527 1.0000000000
155901  -23.707  13.463  87.633 0.6250000000
155946  -21.774  8.341  67.415 0.2500000000
156092  -16.385  21.949  70.135 0.1250000000
156112  -11.123  -6.169  87.178 1.0000000000
156146  -28.095  8.935  83.985 0.3750000000
156267  -12.996  -4.978  83.106 1.0000000000
156295  -33.274  -7.390  90.605 0.3750000000
156300  -18.497  25.606  81.513 0.2500000000
156521  -57.846  16.142  52.434 0.6250000000
156607  -9.787  12.345  85.161 1.0000000000
156692  -37.669  20.711  75.732 0.1250000000
156713  -42.972  3.573  62.883 0.1250000000
156716  -22.123  13.752  80.489 0.5000000000
156955  -9.771  31.904  59.757 0.1250000000
156993  -16.283  -0.996  76.450 0.8750000000
157028  -17.917  21.477  83.435 0.5000000000
157100  -29.925  20.647  79.775 0.1250000000
157124  -28.834  7.002  75.922 0.3750000000
157193  -20.402  -11.760  82.052 0.1250000000
157201  -5.622  16.087  85.772 1.0000000000
157233  -19.079  47.363  67.455 0.1250000000
157234  -31.397  9.450  75.383 0.3750000000
157410  -31.360  9.915  72.375 0.2500000000
157427  -2.678  -14.873  90.813 0.1250000000
157451  -9.439  13.763  78.549 0.8750000000
157541  -36.407  19.113  70.817 0.1250000000
157551  -31.944  1.423  75.357 0.3750000000
157571  -2.129  21.769  64.097 0.3750000000
157572  -2.168  42.914  67.244 0.1250000000
157584  -32.506  13.479  78.905 0.2500000000
157616  -24.836  15.053  86.033 0.6250000000
157623  -14.017  49.645  65.751 0.1250000000
157633  -15.122  2.664  93.255 1.0000000000
157650  -15.922  3.415  94.716 1.0000000000
157720  -54.350  15.259  47.329 0.1250000000
157758  -20.947  4.449  88.448 1.0000000000
157799  -48.871  12.785  57.071 0.3750000000
157917  -61.249  10.360  39.074 0.1250000000
157987  -18.684  26.975  73.219 0.1250000000
158461  -9.464  24.732  77.218 0.7500000000
158549  -7.286  13.446  72.238 0.6250000000
158571  -29.720  17.870  72.059 0.1250000000
158581  -2.914  45.281  67.085 0.1250000000
158717  -12.987  36.741  71.509 0.2500000000
158724  -33.599  15.222  80.218 0.2500000000
158733  -15.330  -4.590  97.847 0.8750000000
158800  -19.788  28.824  73.489 0.1250000000
158804  -17.944  21.337  78.525 0.3750000000
158866  -51.956  6.906  66.607 0.3750000000
158917  -18.519  6.887  85.160 0.8750000000
158938  -30.677  -5.583  92.219 0.5000000000
158960  -16.273  19.339  68.678 0.1250000000
158965  -16.169  21.793  78.818 0.3750000000
159039  -3.349  0.141  86.588 0.8750000000
159098  -23.340  1.929  77.237 0.8750000000
159133  -24.432  1.848  75.821 0.7500000000
159155  -17.809  12.730  81.418 0.6250000000
159205  -34.017  2.542  72.601 0.6250000000
159337  -10.273  43.357  66.950 0.1250000000
159380  -54.614  17.559  45.827 0.1250000000
159384  -7.558  10.421  81.458 0.8750000000
159395  -14.477  -0.398  79.869 1.0000000000
159458  -49.436  2.414  65.593 0.5000000000
159493  -10.468  4.814  75.251 0.8750000000
159530  -21.228  31.428  74.032 0.1250000000
159587  -30.135  19.640  79.067 0.1250000000
159630  -4.387  17.892  66.674 0.3750000000
159641  -49.685  7.935  59.535 0.2500000000
159680  -7.082  24.325  75.692 0.5000000000
159689  -16.191  21.844  79.712 0.3750000000
159735  -6.481  26.493  71.533 0.5000000000
159752  -9.832  3.374  78.169 0.8750000000
159783  -50.150  8.977  54.313 0.1250000000
159803  -15.997  22.611  81.921 0.3750000000
159895  -51.574  14.374  61.632 0.6250000000
159956  -28.450  11.871  72.556 0.1250000000
160279  -16.329  20.454  83.128 0.3750000000
160403  -30.390  16.831  75.388 0.1250000000
160409  -17.232  29.611  72.655 0.1250000000
160505  -19.591  14.350  73.026 0.2500000000
160581  -19.792  37.919  73.596 0.1250000000
160612  -16.382  22.023  69.316 0.1250000000
160683  -35.450  -1.480  87.703 1.0000000000
160726  -7.595  25.175  63.689 0.3750000000
160766  -6.301  16.695  80.283 0.8750000000
160815  -8.938  24.439  75.065 0.5000000000
160865  -16.072  28.014  71.959 0.1250000000
160983  -2.890  -4.455  89.041 0.8750000000
160984  -18.166  -17.314  92.470 0.1250000000
160996  -35.485  10.176  66.369 0.1250000000
161063  -47.852  2.109  62.098 0.3750000000
161090  -9.981  8.077  84.669 1.0000000000
161117  -2.344  20.936  64.867 0.3750000000
161162  -32.934  12.836  81.095 0.2500000000
161256  -55.605  3.937  66.131 0.6250000000
161282  -5.409  25.024  80.489 0.6250000000
161432  -36.047  -5.292  84.175 1.0000000000
161451  -27.532  -6.168  68.369 0.7500000000
161518  -19.602  38.354  69.294 0.1250000000
161519  -6.445  18.131  73.934 0.6250000000
161641  -18.564  40.222  72.136 0.1250000000
161691  -3.748  -13.043  88.611 0.2500000000
161698  -16.536  21.746  71.325 0.1250000000
161710  -4.418  -4.719  72.642 0.5000000000
161767  -43.403  8.393  52.564 0.1250000000
161773  -31.854  -5.638  91.592 0.5000000000
161838  -7.066  35.154  70.288 0.3750000000
161866  -20.374  29.852  72.756 0.1250000000
161964  -16.761  22.243  71.588 0.1250000000
162057  -3.389  -5.656  88.956 0.8750000000
162187  -29.914  7.779  86.936 0.3750000000
162196  -23.482  3.650  92.086 0.8750000000
162253  -15.226  5.975  91.587 1.0000000000
162297  -16.781  20.591  65.477 0.1250000000
162340  -22.981  17.153  81.382 0.3750000000
162391  -19.721  6.703  90.230 0.8750000000
162417  -49.195  10.026  70.334 0.3750000000
162431  -15.297  27.090  71.529 0.1250000000
162501  -18.190  2.411  92.743 1.0000000000
162589  -13.435  41.052  73.383 0.1250000000
162604  -21.423  30.917  76.184 0.2500000000
162649  -9.081  40.808  53.661 0.1250000000
162665  -3.126  51.544  57.609 0.1250000000
162667  -57.849  11.869  50.416 0.2500000000
162709  -5.395  3.302  87.564 1.0000000000
162722  -15.602  39.810  72.305 0.1250000000
162765  -18.806  36.862  68.902 0.1250000000
162778  -3.000  -12.692  82.010 0.2500000000
162802  -61.819  12.771  36.928 0.1250000000
162831  -37.986  4.095  66.109 0.1250000000
162839  -10.295  10.134  86.307 1.0000000000
162928  -10.917  41.310  72.149 0.1250000000
163019  -40.100  7.930  70.417 0.1250000000
163045  -9.201  26.805  68.876 0.3750000000
163082  -36.223  -4.047  84.583 1.0000000000
163137  -55.024  4.824  56.158 0.1250000000
163206  -19.165  14.993  75.249 0.2500000000
163238  -8.029  18.936  65.164 0.1250000000
163244  -33.289  22.885  77.531 0.1250000000
163251  -17.809  25.225  73.172 0.1250000000
163292  -34.402  -2.399  86.193 1.0000000000
163319  -10.305  23.263  73.928 0.3750000000
163431  -4.553  -12.387  82.346 0.3750000000
163433  -59.215  14.304  50.771 0.5000000000
163482  -4.115  -8.518  74.151 0.5000000000
163608  -3.671  -4.173  86.703 0.8750000000
163625  -23.076  5.728  86.339 0.8750000000
163690  -23.630  -7.364  96.268 0.5000000000
163713  -34.329  -7.590  82.018 0.7500000000
163719  -13.146  -6.966  98.297 0.8750000000
163786  -43.827  3.944  61.595 0.1250000000
163799  -18.395  39.948  67.889 0.1250000000
163827  -22.803  14.577  77.896 0.5000000000
163848  -9.488  2.111  77.807 0.8750000000
163852  -2.456  46.413  63.423 0.1250000000
163879  -8.112  -2.437  93.997 1.0000000000
163994  -18.176  -4.314  71.917 0.8750000000
164004  -60.565  18.104  41.762 0.3750000000
164034  -26.822  3.124  67.722 0.6250000000
164252  -60.755  10.297  40.321 0.1250000000
164290  -25.039  4.320  90.535 0.8750000000
164310  -57.673  14.633  50.107 0.6250000000
164325  -40.416  8.230  48.593 0.1250000000
164335  -11.361  -6.823  87.027 1.0000000000
164400  -22.266  13.442  77.290 0.5000000000
164450  -47.824  6.442  71.598 0.8750000000
164454  -6.551  16.275  78.292 0.6250000000
164459  -18.055  31.411  66.566 0.1250000000
164505  -25.134  4.730  81.283 0.7500000000
164559  -51.594  10.086  52.303 0.2500000000
164602  -17.375  29.859  74.121 0.1250000000
164648  -28.516  15.067  69.019 0.1250000000
164673  -25.207  14.978  85.659 0.6250000000
164682  -50.891  7.802  59.685 0.3750000000
164704  -27.485  12.461  65.514 0.2500000000
164752  -7.841  -12.989  93.699 0.3750000000
164756  -48.477  10.727  51.574 0.1250000000
164818  -41.255  7.227  51.184 0.1250000000
164848  -15.734  24.469  81.205 0.3750000000
164851  -47.072  3.000  67.260 0.5000000000
164866  -44.583  0.715  65.872 0.1250000000
164958  -8.013  23.696  80.670 0.7500000000
164999  -26.983  -6.559  69.540 0.7500000000
165005  -15.666  17.828  82.330 0.5000000000
165101  -41.297  10.945  73.261 0.2500000000
165134  -28.512  12.022  73.601 0.1250000000
165142  -17.252  24.368  65.972 0.1250000000
165166  -27.424  9.025  75.345 0.2500000000
165192  -21.520  -8.609  87.264 0.3750000000
165194  -18.937  7.105  84.800 0.8750000000
165227  -20.191  30.672  77.687 0.1250000000
165230  -29.583  -0.970  90.095 0.7500000000
165316  -27.503  -2.899  91.630 0.1250000000
165317  -3.908  35.560  75.165 0.5000000000
165359  -8.151  43.628  51.907 0.1250000000
165384  -61.561  11.109  40.126 0.1250000000
165421  -15.362  3.264  94.731 1.0000000000
165447  -60.396  9.972  41.054 0.1250000000
165450  -6.939  38.352  66.236 0.1250000000
165460  -48.865  2.747  62.375 0.3750000000
165478  -17.086  24.387  66.990 0.1250000000
165534  -46.444  10.815  58.041 0.1250000000
165535  -18.279  21.565  78.976 0.3750000000
165546  -22.856  17.586  81.778 0.3750000000
165553  -22.396  -6.106  67.575 0.7500000000
165579  -17.579  6.209  91.664 1.0000000000
165581  -48.211  7.997  66.410 0.3750000000
165607  -38.240  -7.602  71.848 0.2500000000
165662  -25.305  13.732  84.535 0.6250000000
165690  -20.644  5.161  69.677 0.3750000000
165699  -18.281  31.011  66.225 0.1250000000
165700  -50.612  11.762  49.552 0.1250000000
165703  -22.607  14.280  87.309 0.6250000000
165772  -30.802  -0.712  67.967 0.6250000000
165785  -3.906  12.860  70.015 0.6250000000
165800  -32.719  -5.008  79.704 0.8750000000
165871  -16.309  6.688  89.765 0.8750000000
165883  -10.073  -2.748  71.539 0.1250000000
165910  -4.257  39.816  62.605 0.1250000000
165913  -21.790  7.088  81.751 0.6250000000
166030  -31.447  16.253  80.672 0.1250000000
166038  -7.862  31.313  73.245 0.3750000000
166138  -3.376  34.601  74.558 0.5000000000
166201  -28.293  14.298  67.364 0.1250000000
166210  -49.475  5.416  71.766 0.7500000000
166211  -22.810  14.153  71.696 0.1250000000
166229  -3.888  36.485  74.418 0.5000000000
166235  -6.645  -15.407  74.934 0.1250000000
166254  -40.104  1.401  77.843 1.0000000000
166260  -17.359  14.712  83.485 0.6250000000
166286  -17.808  22.001  77.145 0.2500000000
166289  -34.303  16.371  78.318 0.2500000000
166332  -3.550  6.032  86.152 1.0000000000
166374  -6.624  34.622  74.082 0.5000000000
166375  -30.067  2.060  77.863 0.3750000000
166408  -20.203  10.844  79.383 0.6250000000
166434  -23.481  7.075  85.629 0.7500000000
166528  -2.553  20.917  76.323 0.6250000000
166532  -13.996  5.337  92.111 1.0000000000
166540  -42.286  2.707  67.882 0.3750000000
166545  -6.067  19.676  81.245 0.8750000000
166580  -30.756  17.159  79.502 0.1250000000
166625  -16.484  18.864  72.845 0.1250000000
166645  -28.593  11.606  78.258 0.1250000000
166652  -19.672  13.534  87.177 0.6250000000
166708  -25.136  5.427  90.566 0.8750000000
166723  -14.948  50.000  65.135 0.1250000000
166730  -13.795  5.563  89.335 1.0000000000
166778  -14.460  27.414  79.973 0.1250000000
166796  -32.559  7.075  75.335 0.5000000000
166808  -26.022  8.853  87.436 0.7500000000
166837  -17.143  21.379  64.734 0.1250000000
166912  -22.632  11.866  70.701 0.1250000000
166934  -55.849  5.481  56.734 0.2500000000
167055  -22.631  2.486  68.292 0.5000000000
167068  -19.659  17.771  86.047 0.5000000000
167140  -3.568  26.597  60.225 0.1250000000
167141  -19.886  10.907  74.709 0.6250000000
167157  -16.915  21.222  73.076 0.1250000000
167185  -37.064  6.379  50.987 0.1250000000
167341  -14.358  49.131  66.003 0.1250000000
167351  -29.523  5.891  78.634 0.3750000000
167433  -2.585  48.862  57.751 0.1250000000
167456  -3.136  22.406  64.922 0.3750000000
167521  -8.263  -10.987  81.447 0.2500000000
167556  -19.128  -4.272  88.436 0.7500000000
167596  -16.386  29.540  78.824 0.1250000000
167662  -6.544  49.356  53.551 0.1250000000
167692  -18.560  13.409  84.765 0.6250000000
167693  -14.200  -8.310  97.161 0.8750000000
167776  -38.253  3.879  65.553 0.1250000000
167785  -60.478  10.392  44.194 0.2500000000
167869  -18.916  29.759  78.971 0.1250000000
167870  -22.114  18.512  84.436 0.5000000000
167886  -21.675  -10.345  90.891 0.3750000000
167929  -16.006  19.488  79.358 0.5000000000
167933  -39.361  -0.714  69.363 0.3750000000
167968  -15.201  -10.139  90.123 1.0000000000
167976  -16.331  21.114  83.032 0.3750000000
167988  -7.109  -17.257  83.624 0.1250000000
168107  -28.304  9.581  79.538 0.2500000000
168113  -7.413  33.552  74.454 0.5000000000
168148  -16.459  22.019  68.554 0.1250000000
168165  -18.443  20.386  83.714 0.5000000000
168198  -28.406  18.133  68.818 0.1250000000
168218  -42.323  3.424  61.569 0.1250000000
168252  -32.734  -7.201  89.577 0.1250000000
168278  -22.437  5.210  86.289 0.8750000000
168288  -4.280  14.743  86.509 1.0000000000
168446  -24.052  6.328  81.671 0.7500000000
168461  -4.021  7.131  88.160 1.0000000000
168495  -23.139  11.820  65.975 0.2500000000
168499  -11.729  46.966  64.084 0.1250000000
168513  -56.347  10.662  59.957 0.8750000000
168548  -14.295  11.828  76.806 0.7500000000
168575  -20.420  28.098  78.179 0.1250000000
168643  -25.909  11.903  87.406 0.6250000000
168728  -11.307  -1.655  91.434 1.0000000000
