#!ascii label  , from subject sub-v1s21x0050411_ses-1 vox2ras=TkReg
4710
150455  -7.883  -92.242  30.914 0.8000000119
1302  -8.488  -92.460  29.316 0.8999999762
1932  -7.214  -91.061  35.367 0.6000000238
1239  -7.212  -91.917  35.241 0.5000000000
1951  -7.318  -90.799  34.020 0.8000000119
144814  -7.482  -91.260  31.073 0.8999999762
1607  -7.833  -91.923  32.008 0.8000000119
990  -8.014  -93.644  31.759 0.8000000119
1290  -8.146  -92.837  30.248 0.8999999762
145977  -8.118  -92.147  29.990 0.8999999762
2310  -7.177  -89.481  34.545 0.8000000119
2303  -7.159  -90.048  35.387 0.6999999881
144459  -7.105  -89.962  33.706 0.8999999762
142413  -7.310  -90.800  33.251 0.8999999762
1962  -7.305  -90.856  32.159 0.8999999762
140484  -7.128  -89.958  31.911 0.8999999762
2356  -7.352  -89.727  30.506 0.8999999762
1619  -7.882  -91.485  30.156 0.8000000119
987  -7.938  -94.258  32.512 0.8000000119
266  -6.810  -95.829  30.929 0.6999999881
468  -7.434  -95.359  30.308 0.8000000119
471  -7.566  -95.977  28.515 0.6999999881
736  -8.116  -95.438  28.574 0.8000000119
751  -8.466  -95.850  27.542 0.8000000119
139570  -7.191  -89.102  33.840 0.8000000119
148823  -6.802  -88.725  38.368 0.8000000119
143075  -7.721  -87.526  32.033 0.8999999762
138457  -7.090  -89.999  32.717 0.8999999762
2371  -7.968  -89.506  29.651 0.8999999762
141204  -7.604  -88.858  30.304 0.8999999762
1634  -8.546  -90.858  28.681 0.8999999762
1990  -7.602  -90.529  30.161 0.8999999762
153679  -8.158  -90.968  29.547 0.8999999762
148515  -7.411  -91.410  26.356 0.8999999762
1016  -7.829  -92.761  27.069 0.8999999762
738  -8.635  -93.888  28.890 0.8999999762
1007  -8.443  -93.380  29.546 0.8999999762
737  -8.364  -94.670  28.762 0.8999999762
472  -7.944  -94.972  29.524 0.8999999762
153299  -8.370  -94.011  25.666 0.8999999762
752  -8.420  -95.154  27.779 0.8999999762
140725  -8.456  -95.129  26.033 0.8999999762
497  -7.569  -95.787  25.207 0.8999999762
489  -8.522  -95.868  26.576 0.8999999762
203  -6.086  -97.038  24.954 0.8999999762
177  -2.505  -97.300  27.110 0.8999999762
186  -3.652  -97.379  26.072 0.8999999762
202  -4.956  -96.726  25.856 1.0000000000
176  -1.519  -97.049  27.216 1.0000000000
2662  -7.361  -88.381  33.501 0.8000000119
3107  -7.597  -87.578  33.051 0.8999999762
2673  -7.428  -88.423  32.619 0.8999999762
2683  -7.529  -88.500  31.763 0.8999999762
3131  -7.632  -86.970  30.896 0.8999999762
2682  -7.708  -87.895  31.274 0.8999999762
3144  -7.762  -87.025  29.694 0.8999999762
2343  -7.278  -89.319  31.276 0.8999999762
2710  -8.078  -87.998  29.409 0.8999999762
2696  -7.729  -87.896  30.457 0.8999999762
6027  -2.623  -81.964  34.978 0.8999999762
163923  -8.025  -88.788  29.591 0.8999999762
137714  -3.550  -82.471  34.001 0.8999999762
2730  -8.349  -87.977  27.887 1.0000000000
2711  -8.352  -87.840  28.348 0.8999999762
2402  -8.375  -89.397  27.483 0.8999999762
166942  -8.551  -88.433  28.097 0.8999999762
2008  -8.322  -90.253  29.203 0.8999999762
2043  -8.214  -90.142  27.104 0.8999999762
1667  -8.472  -90.573  27.690 0.8999999762
1648  -8.392  -91.653  28.195 0.8999999762
143336  -7.992  -91.915  27.023 0.8999999762
1042  -7.616  -93.327  25.220 0.8999999762
1028  -8.273  -92.949  25.871 0.8999999762
1056  -7.350  -93.873  24.786 0.8999999762
1040  -6.547  -93.704  25.280 0.8999999762
1055  -6.925  -93.786  24.712 0.8999999762
780  -6.433  -94.868  24.964 0.8999999762
514  -5.992  -96.012  24.739 0.8999999762
160  -0.963  -96.894  28.645 0.8999999762
311  -5.474  -96.260  25.262 1.0000000000
159  0.101  -97.037  28.532 0.8999999762
175  -0.553  -96.926  27.332 1.0000000000
185  -2.877  -97.407  25.920 1.0000000000
200  -3.187  -97.225  25.508 1.0000000000
145926  1.457  -97.324  27.607 1.0000000000
289  -1.114  -97.021  25.998 1.0000000000
142173  -1.461  -96.923  24.958 1.0000000000
199  -2.494  -97.043  25.206 1.0000000000
294  1.048  -96.637  25.639 1.0000000000
296  -0.737  -96.777  25.339 1.0000000000
306  1.938  -96.197  25.138 1.0000000000
3098  -7.518  -87.529  33.893 0.8000000119
3058  -6.290  -87.276  39.290 0.8000000119
151301  -7.402  -86.548  34.115 0.8000000119
3530  -7.276  -86.247  33.251 0.8999999762
3066  -6.215  -87.060  38.448 0.8000000119
150819  -7.562  -86.770  32.660 0.8999999762
144857  -7.108  -85.721  31.506 1.0000000000
157106  -7.430  -86.513  31.748 0.8999999762
3549  -7.321  -85.730  30.897 0.8999999762
4924  -4.492  -83.401  35.829 0.8000000119
3586  -7.467  -85.267  29.335 1.0000000000
5498  -3.879  -82.431  35.696 0.8000000119
137850  -2.526  -82.896  34.238 0.8999999762
152780  -2.812  -82.399  35.378 0.8999999762
3145  -8.081  -87.023  28.679 1.0000000000
138066  -6.255  -83.136  31.940 1.0000000000
2745  -8.127  -88.440  27.560 1.0000000000
155047  -7.046  -89.542  26.844 1.0000000000
163523  -7.827  -89.671  26.927 1.0000000000
2042  -7.470  -90.234  26.711 0.8999999762
1323  -6.539  -91.614  26.856 0.8999999762
1665  -7.056  -90.890  26.490 0.8999999762
1027  -7.204  -92.461  25.528 0.8999999762
153728  -6.292  -92.972  26.657 0.8999999762
153718  -6.710  -92.157  26.051 0.8999999762
750  -5.625  -93.740  27.639 0.8999999762
758  -6.083  -93.739  26.480 0.8999999762
488  -4.842  -94.932  27.282 1.0000000000
768  -5.711  -94.717  26.250 0.8999999762
496  -5.553  -95.492  25.412 0.8999999762
481  -4.120  -94.972  28.042 1.0000000000
487  -3.920  -95.402  26.863 1.0000000000
513  -4.787  -96.000  25.474 0.8999999762
73  2.734  -98.605  27.795 1.0000000000
166820  1.616  -97.627  29.063 1.0000000000
486  -3.015  -95.562  26.671 1.0000000000
512  -3.660  -96.293  25.593 1.0000000000
80  2.820  -98.856  26.834 1.0000000000
157  1.960  -97.810  28.214 1.0000000000
309  -3.314  -96.844  25.322 1.0000000000
182  2.668  -97.930  26.339 0.8999999762
172  2.229  -97.772  27.131 1.0000000000
292  2.993  -97.048  25.834 1.0000000000
308  -0.662  -96.354  24.724 1.0000000000
152762  -1.269  -96.253  24.698 1.0000000000
305  3.488  -97.052  25.166 1.0000000000
293  1.918  -96.783  25.798 1.0000000000
307  1.002  -96.157  25.043 1.0000000000
320  3.537  -96.856  24.445 0.8999999762
520  2.756  -95.758  24.437 0.8999999762
507  1.879  -95.549  24.510 0.8999999762
3500  -6.254  -85.845  37.243 0.8000000119
3998  -6.973  -85.899  33.893 0.8999999762
3513  -6.553  -85.728  36.211 0.8999999762
156953  -5.918  -85.146  31.398 1.0000000000
4020  -7.077  -84.671  30.893 1.0000000000
3971  -5.674  -85.391  36.517 0.8999999762
3491  -4.519  -86.488  37.894 0.8000000119
3498  -4.023  -86.635  37.689 0.8000000119
4891  -4.580  -84.680  38.382 0.6999999881
4386  -3.563  -84.815  38.223 0.8000000119
4397  -5.145  -84.422  37.661 0.6999999881
6550  -5.503  -80.841  35.825 0.6000000238
4410  -4.590  -84.678  36.568 0.6999999881
4423  -5.030  -84.207  35.934 0.8000000119
6560  -2.538  -81.488  34.516 0.6999999881
3568  -7.345  -84.648  30.218 1.0000000000
137549  -2.110  -83.049  34.471 1.0000000000
4913  -2.706  -84.125  35.890 0.8999999762
137659  -3.078  -83.242  35.536 0.8999999762
6561  -4.412  -81.529  34.068 0.8000000119
4069  -7.227  -85.027  28.945 1.0000000000
3587  -7.611  -86.324  28.601 1.0000000000
6562  -5.570  -81.068  33.414 0.8999999762
3157  -7.792  -86.835  27.986 1.0000000000
136335  -4.391  -83.348  32.751 1.0000000000
2729  -6.714  -87.909  27.623 1.0000000000
2744  -7.459  -88.144  27.469 1.0000000000
137907  -5.578  -83.583  31.313 1.0000000000
2400  -6.829  -88.793  27.243 1.0000000000
2041  -6.525  -90.255  27.033 1.0000000000
1015  -5.829  -92.620  27.520 1.0000000000
1014  -4.704  -93.593  28.609 1.0000000000
749  -4.891  -94.452  28.093 1.0000000000
748  -3.502  -94.809  28.718 1.0000000000
13  3.882  -99.288  27.601 0.6999999881
747  -2.628  -94.990  28.525 1.0000000000
746  -1.690  -94.981  28.047 1.0000000000
480  -3.270  -95.278  27.846 1.0000000000
756  -0.968  -94.993  27.108 1.0000000000
150479  -2.418  -95.613  26.250 1.0000000000
155573  -2.756  -95.812  25.681 1.0000000000
181  3.213  -98.215  26.113 0.6999999881
766  0.914  -94.386  25.133 1.0000000000
157795  -0.317  -95.204  25.131 1.0000000000
492  -1.543  -95.906  24.813 1.0000000000
505  4.742  -96.271  25.865 0.6000000238
291  3.651  -97.331  25.551 0.8000000119
1065  1.123  -94.489  23.761 0.8999999762
779  -0.093  -95.464  24.338 1.0000000000
149760  -0.290  -95.921  24.393 0.8999999762
208  5.887  -98.587  24.136 0.8999999762
198  4.051  -97.592  24.715 0.8999999762
521  1.102  -94.971  24.105 0.8999999762
508  1.032  -95.461  24.604 1.0000000000
196  7.023  -98.890  24.791 0.8999999762
215  5.229  -98.089  23.456 0.8999999762
329  4.176  -97.448  23.707 0.8999999762
788  1.645  -95.019  23.866 0.8999999762
83  8.487  -98.770  24.650 0.6999999881
85  8.190  -98.799  23.979 0.8000000119
530  4.190  -96.298  23.675 0.8999999762
519  3.517  -96.274  24.106 0.8999999762
3997  -6.554  -85.737  34.549 0.8999999762
136338  -6.629  -85.540  31.611 1.0000000000
136328  -6.295  -85.625  33.676 0.8999999762
3985  -6.141  -85.487  35.407 1.0000000000
136330  -6.166  -85.641  32.470 1.0000000000
3996  -5.827  -85.509  34.539 1.0000000000
137454  -5.069  -85.496  35.466 1.0000000000
162468  -5.429  -85.440  32.087 1.0000000000
4899  -5.201  -84.458  38.346 0.6999999881
4900  -6.052  -83.685  37.841 0.5000000000
157193  -5.649  -84.152  30.580 1.0000000000
137288  -4.491  -85.908  36.721 1.0000000000
4398  -5.569  -84.029  36.578 0.6999999881
4901  -6.127  -82.913  36.712 0.6000000238
6537  -5.906  -80.439  36.053 0.4000000060
138196  -6.645  -83.569  30.164 1.0000000000
4395  -2.970  -84.755  37.794 0.8999999762
4925  -5.556  -83.399  36.037 0.6999999881
146843  -4.889  -81.697  35.725 0.6000000238
136311  -2.088  -85.474  36.849 0.8999999762
163392  -2.353  -84.624  36.492 0.8999999762
4409  -3.000  -84.339  37.085 0.8999999762
6028  -3.482  -81.525  35.826 0.6999999881
4057  -6.979  -84.127  29.461 1.0000000000
4422  -3.948  -84.213  35.947 0.8000000119
7198  -4.861  -80.155  34.158 0.8000000119
6038  -5.850  -82.418  33.069 0.8999999762
3599  -7.218  -86.144  28.384 1.0000000000
156803  -2.862  -83.959  33.308 1.0000000000
7225  -6.028  -80.642  31.892 1.0000000000
7210  -5.527  -80.187  32.605 1.0000000000
3143  -6.601  -86.932  28.061 1.0000000000
136341  -6.715  -82.490  31.926 1.0000000000
154366  -4.892  -78.807  32.922 1.0000000000
3168  -7.345  -87.188  27.771 1.0000000000
2399  -6.219  -89.539  27.450 1.0000000000
138044  -5.795  -81.498  30.730 1.0000000000
136342  -6.178  -80.967  30.947 1.0000000000
1647  -6.044  -90.996  27.277 1.0000000000
1309  -5.649  -91.809  27.698 1.0000000000
1301  -4.188  -92.786  29.106 1.0000000000
1308  -4.967  -92.391  28.425 1.0000000000
8399  -3.751  -78.058  25.620 0.8999999762
8400  -3.930  -76.726  25.849 0.8000000119
9032  -4.185  -75.943  26.656 0.8999999762
9041  -4.078  -75.678  25.812 0.8999999762
7868  -4.128  -79.037  25.915 0.8999999762
9668  -4.040  -74.701  25.904 0.8000000119
9658  -4.295  -74.931  26.377 0.8999999762
1005  -3.247  -93.742  29.649 1.0000000000
735  -3.771  -94.147  29.155 1.0000000000
164535  -3.350  -77.487  24.919 0.6999999881
10321  -3.094  -74.688  25.688 0.6999999881
733  -2.054  -94.546  29.107 1.0000000000
9039  -3.006  -76.658  22.803 0.6000000238
745  -0.925  -94.658  28.203 1.0000000000
139583  -3.718  -78.443  23.570 0.6000000238
136305  -3.457  -77.532  23.023 0.5000000000
1025  -0.229  -94.437  27.668 1.0000000000
1038  1.692  -93.693  26.023 1.0000000000
1054  1.209  -94.129  24.520 0.8999999762
796  1.636  -94.546  23.335 0.8999999762
795  2.489  -94.693  23.277 0.8999999762
326  7.852  -97.194  23.651 0.8000000119
158305  5.817  -97.868  23.248 0.8999999762
529  5.250  -96.044  23.508 0.8999999762
794  4.153  -94.643  23.661 0.8999999762
786  3.311  -95.354  23.869 0.8999999762
207  9.082  -98.382  24.444 0.8000000119
164656  8.671  -96.692  23.849 0.8000000119
145080  7.129  -96.329  23.578 0.8999999762
137574  -4.898  -84.740  31.462 1.0000000000
142591  -5.564  -85.612  32.969 1.0000000000
140997  -4.981  -85.751  34.280 1.0000000000
136333  -4.515  -85.369  32.324 1.0000000000
156529  -3.874  -84.715  31.598 1.0000000000
137410  -4.737  -85.921  33.270 1.0000000000
156844  -3.338  -84.367  32.447 1.0000000000
137687  -3.722  -85.921  33.104 1.0000000000
163786  -4.067  -86.283  33.786 1.0000000000
156630  -3.811  -85.966  35.906 1.0000000000
136318  -2.997  -86.383  34.133 1.0000000000
136308  -2.298  -85.833  37.101 0.8999999762
156663  -5.858  -83.566  30.111 1.0000000000
156696  -1.816  -83.296  34.492 1.0000000000
143788  -1.898  -85.062  36.335 1.0000000000
3567  -5.757  -85.198  29.427 1.0000000000
137514  -2.112  -83.146  33.766 1.0000000000
136322  -2.181  -83.547  35.132 1.0000000000
7815  -4.240  -78.502  32.439 1.0000000000
3585  -7.012  -84.965  28.808 1.0000000000
139499  -3.644  -83.485  32.060 1.0000000000
7235  -5.485  -80.527  31.263 1.0000000000
8350  -4.446  -77.999  33.043 1.0000000000
140286  -3.311  -82.938  31.583 1.0000000000
136325  -4.623  -83.270  31.080 1.0000000000
7234  -4.449  -80.690  31.609 1.0000000000
2386  -6.071  -88.757  27.819 1.0000000000
2025  -5.466  -90.321  27.913 1.0000000000
1646  -5.026  -91.379  28.286 1.0000000000
7855  -3.911  -78.971  27.381 0.8999999762
8391  -3.714  -78.123  27.229 0.8999999762
8392  -3.892  -77.041  27.025 0.8999999762
150703  -4.430  -92.017  28.900 1.0000000000
1300  -3.534  -92.972  29.747 1.0000000000
10307  -4.280  -74.251  26.201 0.8999999762
10979  -4.199  -73.840  26.450 0.8999999762
164702  -3.449  -73.642  27.035 0.8000000119
1004  -2.420  -93.893  29.679 1.0000000000
10306  -3.996  -74.009  25.867 0.8000000119
734  -2.954  -94.462  29.310 1.0000000000
7274  -4.464  -79.811  26.490 0.8999999762
10305  -3.064  -74.162  25.867 0.6000000238
10977  -2.919  -73.873  26.256 0.8000000119
137793  -4.223  -79.940  24.713 0.8999999762
138243  -4.030  -79.243  24.116 0.8000000119
151241  0.676  -93.885  27.634 1.0000000000
142947  -3.362  -78.218  22.374 0.4000000060
153972  -3.045  -77.321  21.846 0.4000000060
149435  2.309  -93.308  25.206 1.0000000000
136304  -3.418  -79.445  22.643 0.5000000000
1064  1.444  -94.018  23.324 1.0000000000
1361  1.859  -93.785  22.395 1.0000000000
1074  1.884  -94.196  22.850 0.8999999762
154465  2.313  -94.355  22.718 0.8999999762
1073  3.549  -94.297  23.086 0.8999999762
1083  2.796  -94.302  22.212 1.0000000000
528  6.398  -95.447  23.612 0.8999999762
145162  5.602  -94.419  23.553 0.8999999762
151423  9.553  -95.222  25.387 0.6000000238
193  10.441  -96.610  24.829 0.6999999881
317  10.415  -96.454  24.227 0.6999999881
325  8.076  -95.854  23.677 0.8000000119
527  7.456  -95.027  23.568 0.8999999762
1072  4.932  -93.968  23.249 0.8999999762
806  4.527  -94.194  21.655 1.0000000000
318  9.448  -96.883  24.178 0.6999999881
148432  8.963  -95.738  23.571 0.6999999881
526  8.308  -94.834  23.272 0.8999999762
1069  7.980  -93.861  23.009 0.8999999762
1080  6.569  -93.594  22.999 0.8999999762
1092  5.308  -93.854  22.352 0.8999999762
156530  -2.527  -84.907  33.229 1.0000000000
137412  -1.309  -85.902  34.795 1.0000000000
137701  -2.090  -86.531  34.994 1.0000000000
162086  -3.989  -79.951  34.544 0.8000000119
136316  -1.345  -85.193  35.061 1.0000000000
136315  -1.690  -85.734  35.949 1.0000000000
140471  -1.602  -83.866  34.702 1.0000000000
136317  -1.883  -84.422  35.523 1.0000000000
7805  -2.161  -77.975  32.905 1.0000000000
8963  -2.101  -76.782  33.709 1.0000000000
7806  -3.112  -77.590  32.954 1.0000000000
3566  -4.869  -85.454  29.983 1.0000000000
137622  -1.977  -83.431  33.012 1.0000000000
136334  -2.430  -83.324  32.143 1.0000000000
7814  -3.233  -78.281  32.702 1.0000000000
7813  -2.213  -78.978  32.746 1.0000000000
7222  -3.507  -79.477  32.193 1.0000000000
2728  -5.918  -87.990  28.329 1.0000000000
136336  -4.279  -82.245  31.121 1.0000000000
143544  -5.517  -89.483  28.116 1.0000000000
2024  -4.649  -90.700  28.658 1.0000000000
7266  -4.074  -79.546  27.848 0.8999999762
9644  -4.349  -75.327  27.549 0.8999999762
10293  -4.395  -74.335  27.073 0.8999999762
150351  -4.059  -80.211  28.263 1.0000000000
10967  -4.239  -73.829  27.360 0.8999999762
1299  -2.756  -93.154  30.003 1.0000000000
7267  -4.745  -80.336  27.467 0.8999999762
1003  -1.478  -93.901  29.494 1.0000000000
6625  -4.968  -80.943  28.135 0.8999999762
10976  -1.804  -73.300  25.376 0.5000000000
147808  -1.760  -73.566  26.623 0.8000000119
1012  -0.617  -94.108  28.862 1.0000000000
7275  -4.909  -80.577  26.555 0.8999999762
145064  0.115  -93.877  28.476 1.0000000000
138039  -5.544  -81.207  27.173 0.8999999762
137931  -4.415  -80.443  25.451 0.8999999762
1024  1.446  -93.489  27.175 1.0000000000
137918  -3.762  -80.461  23.392 0.6999999881
1354  2.185  -93.305  23.192 1.0000000000
1369  2.151  -92.918  22.051 1.0000000000
7295  -3.586  -79.983  24.338 0.4000000060
153388  10.043  -94.456  25.364 0.5000000000
300  9.867  -96.765  25.138 0.6999999881
811  4.459  -94.465  21.043 1.0000000000
807  3.685  -94.371  21.267 1.0000000000
145284  11.176  -95.217  25.284 0.5000000000
498  11.073  -95.955  25.128 0.6000000238
192  11.117  -96.733  24.990 0.6999999881
206  11.078  -96.712  24.540 0.6999999881
149653  10.170  -95.887  23.298 0.6999999881
524  9.726  -95.565  22.825 0.8000000119
1090  7.302  -93.749  22.765 0.8999999762
804  6.574  -94.306  21.785 0.8999999762
805  5.629  -94.211  21.690 0.8999999762
137428  -1.409  -86.047  33.811 1.0000000000
8934  -1.202  -75.895  34.848 1.0000000000
156895  -3.067  -84.427  31.754 1.0000000000
137342  -4.370  -84.208  30.950 1.0000000000
136323  -0.553  -84.584  34.638 1.0000000000
8949  -0.559  -76.510  34.320 1.0000000000
8950  -1.690  -76.308  34.265 1.0000000000
165137  -5.079  -83.953  30.347 1.0000000000
136324  -1.014  -83.868  34.491 1.0000000000
137580  -1.300  -84.469  34.780 1.0000000000
8338  -0.462  -77.686  33.386 1.0000000000
8962  -0.955  -76.936  33.703 1.0000000000
8951  -3.115  -76.054  34.161 1.0000000000
7804  -0.989  -78.509  32.938 1.0000000000
3584  -6.446  -85.771  28.742 1.0000000000
1631  -3.669  -91.395  29.878 1.0000000000
1632  -4.233  -91.369  29.074 1.0000000000
6623  -3.495  -81.232  29.044 1.0000000000
145382  -3.105  -80.362  28.745 1.0000000000
7265  -3.103  -79.610  28.412 0.8999999762
7854  -3.321  -78.880  28.118 0.8999999762
8384  -4.276  -77.336  28.430 0.8999999762
9022  -4.315  -76.341  28.061 0.8999999762
6624  -4.124  -80.819  28.662 1.0000000000
1289  -3.153  -92.268  30.305 1.0000000000
6083  -2.525  -81.649  29.299 1.0000000000
9632  -5.022  -75.799  28.861 0.8999999762
10966  -3.725  -73.649  27.871 0.8999999762
156087  -2.018  -93.367  29.977 1.0000000000
156648  -4.701  -81.642  28.604 1.0000000000
163834  -2.965  -73.628  28.230 1.0000000000
1002  -0.025  -93.554  29.247 1.0000000000
6089  -4.167  -82.273  29.123 1.0000000000
10975  -0.851  -72.852  25.971 0.6999999881
10965  -2.664  -73.692  27.466 0.8000000119
137401  -5.484  -82.763  28.255 0.8999999762
156691  -5.669  -81.759  28.015 0.8999999762
137506  -6.012  -82.355  27.211 0.8999999762
1322  1.835  -92.685  27.563 1.0000000000
136299  -5.313  -81.904  26.194 0.8999999762
140445  -4.894  -81.151  25.930 0.8999999762
136302  -3.650  -80.672  24.822 0.6000000238
136303  -3.466  -80.176  24.186 0.6000000238
138815  -3.235  -80.676  23.679 0.6000000238
137966  -2.741  -78.326  22.170 0.5000000000
1053  2.357  -93.211  24.191 1.0000000000
1368  2.532  -91.986  22.681 1.0000000000
156425  1.455  -92.064  21.376 1.0000000000
1375  2.201  -93.448  21.400 1.0000000000
1094  2.464  -93.870  20.986 1.0000000000
1381  2.085  -92.948  20.515 1.0000000000
534  9.668  -96.083  21.944 0.8999999762
803  8.289  -94.719  22.381 0.8999999762
537  6.963  -95.147  21.170 0.8999999762
538  5.997  -94.962  20.992 0.8999999762
546  4.817  -94.968  20.493 0.8999999762
547  4.315  -94.066  20.583 0.8999999762
808  3.157  -94.132  20.824 1.0000000000
1100  2.552  -93.454  20.108 1.0000000000
190  12.099  -97.017  25.262 0.6999999881
162976  12.612  -97.415  24.868 0.6999999881
316  10.835  -96.442  23.753 0.6999999881
156662  -1.928  -84.947  33.128 1.0000000000
156845  -2.442  -84.460  32.242 1.0000000000
3984  -0.282  -85.412  34.743 1.0000000000
8322  0.403  -76.734  34.409 1.0000000000
4035  -3.467  -85.293  30.866 1.0000000000
137921  -1.625  -82.463  33.876 1.0000000000
8333  -0.007  -77.146  33.887 1.0000000000
4036  -4.341  -84.722  30.583 1.0000000000
137773  -1.818  -82.020  32.513 1.0000000000
137964  -2.383  -82.764  31.924 1.0000000000
137353  -1.945  -82.924  32.663 1.0000000000
8321  0.863  -77.443  34.114 1.0000000000
6596  -2.342  -81.978  31.907 1.0000000000
7796  0.005  -78.494  33.275 1.0000000000
3130  -4.823  -87.133  29.571 1.0000000000
150318  -5.315  -86.276  29.435 1.0000000000
6585  -2.974  -81.114  31.683 1.0000000000
139966  -2.945  -82.391  31.567 1.0000000000
7209  -0.263  -79.369  33.046 1.0000000000
2369  -4.437  -88.848  29.293 1.0000000000
2709  -5.103  -88.169  28.880 1.0000000000
1989  -3.924  -89.786  29.641 1.0000000000
2370  -5.277  -88.870  28.561 1.0000000000
7221  -2.351  -79.999  32.441 1.0000000000
2007  -4.695  -89.807  28.754 1.0000000000
6611  -2.267  -80.680  29.221 1.0000000000
7264  -2.101  -79.668  29.034 1.0000000000
8382  -3.138  -78.089  28.512 1.0000000000
1618  -3.150  -91.339  30.680 1.0000000000
2006  -4.071  -90.603  29.331 1.0000000000
8383  -3.861  -78.007  28.437 0.8999999762
9014  -5.051  -76.747  29.226 0.8999999762
1617  -2.497  -91.885  30.982 1.0000000000
159547  -5.166  -75.651  29.477 1.0000000000
142557  -4.525  -74.902  28.181 1.0000000000
10953  -4.331  -73.904  28.427 1.0000000000
5557  -2.025  -82.359  29.391 1.0000000000
1287  -1.024  -92.640  30.536 1.0000000000
1288  -2.097  -92.708  30.504 1.0000000000
5558  -3.138  -82.537  29.129 1.0000000000
4984  -1.559  -82.842  29.370 1.0000000000
140071  -2.351  -73.650  28.518 1.0000000000
1297  -0.394  -93.076  29.912 1.0000000000
136290  -1.573  -83.468  29.081 1.0000000000
5564  -2.740  -83.210  28.941 1.0000000000
10963  -0.934  -73.332  27.135 0.8000000119
1296  0.597  -92.914  29.541 1.0000000000
136296  -4.064  -84.034  28.375 1.0000000000
137268  -5.398  -83.930  27.679 0.8999999762
137282  -5.984  -83.323  27.059 0.8999999762
1037  2.337  -92.917  26.220 1.0000000000
137853  -5.493  -82.823  26.105 0.8999999762
136301  -4.796  -82.212  25.473 0.6999999881
1344  3.163  -92.296  24.431 1.0000000000
6654  -3.124  -80.848  23.952 0.6000000238
1692  2.575  -91.501  23.354 1.0000000000
1702  1.918  -91.532  22.427 1.0000000000
141444  0.901  -91.528  21.720 1.0000000000
6653  -2.825  -80.519  24.068 0.5000000000
1714  0.754  -92.058  20.169 1.0000000000
144454  -0.739  -91.531  19.828 1.0000000000
559  4.639  -93.782  20.105 0.8999999762
1725  1.496  -92.486  20.151 1.0000000000
535  8.756  -95.664  21.680 0.8999999762
536  7.908  -95.322  21.413 0.8999999762
344  5.821  -95.552  19.944 0.8999999762
550  5.116  -94.776  19.878 0.8999999762
152348  3.180  -93.777  20.085 1.0000000000
1382  1.769  -92.658  18.889 1.0000000000
161166  12.112  -97.353  23.868 0.6999999881
323  10.896  -96.422  23.102 0.6999999881
162409  10.369  -96.131  22.570 0.8000000119
137809  -1.395  -86.224  33.534 1.0000000000
4435  0.062  -84.490  34.700 1.0000000000
8918  2.478  -76.739  36.274 1.0000000000
8305  1.359  -76.784  35.326 1.0000000000
8921  0.101  -75.739  35.673 1.0000000000
9551  -1.698  -75.316  35.514 1.0000000000
137789  -2.182  -85.668  31.999 1.0000000000
4923  -0.317  -83.810  34.558 1.0000000000
154508  1.078  -76.939  34.605 1.0000000000
8933  -0.201  -76.177  34.982 1.0000000000
8935  -2.491  -75.699  34.813 1.0000000000
136329  -2.843  -85.441  31.313 1.0000000000
136332  -1.352  -81.839  33.377 1.0000000000
7773  2.111  -78.002  35.541 1.0000000000
8320  1.513  -77.555  34.888 1.0000000000
3565  -3.907  -85.757  30.457 1.0000000000
6584  -1.949  -80.924  32.456 1.0000000000
7783  1.712  -78.281  34.987 1.0000000000
3128  -3.604  -86.910  30.511 1.0000000000
159257  -4.475  -86.565  30.038 1.0000000000
7784  1.239  -78.253  34.486 1.0000000000
2693  -3.590  -87.881  30.395 1.0000000000
6574  -1.320  -79.820  32.912 1.0000000000
7196  0.348  -79.205  33.668 1.0000000000
7185  1.486  -79.081  34.985 1.0000000000
2355  -3.723  -89.061  30.043 1.0000000000
2695  -4.633  -87.879  29.404 1.0000000000
6558  0.572  -79.823  34.059 1.0000000000
149342  -3.342  -89.795  30.450 1.0000000000
159042  -1.447  -81.083  29.677 1.0000000000
7853  -2.533  -78.902  28.669 1.0000000000
1988  -3.496  -90.573  30.128 1.0000000000
5556  -0.927  -82.306  29.850 1.0000000000
8374  -4.530  -77.272  29.465 1.0000000000
1606  -1.899  -91.382  31.343 1.0000000000
155246  -2.621  -91.159  31.199 1.0000000000
9007  -4.937  -76.745  30.058 1.0000000000
157239  -4.671  -74.396  28.884 1.0000000000
1616  -1.599  -92.076  31.011 1.0000000000
10272  -4.487  -75.301  30.404 1.0000000000
10938  -4.393  -74.139  29.306 1.0000000000
160929  -0.770  -83.623  29.226 1.0000000000
159496  -3.273  -73.645  29.050 1.0000000000
154989  -1.352  -84.223  28.842 1.0000000000
11626  0.604  -71.843  26.702 0.4000000060
11627  -0.251  -72.705  27.030 0.6000000238
10964  -1.540  -73.681  27.805 0.8999999762
4497  -0.936  -85.042  28.667 1.0000000000
136291  -2.263  -85.226  28.307 1.0000000000
136293  -3.561  -84.753  28.064 1.0000000000
1321  2.588  -92.259  26.881 1.0000000000
1681  3.367  -91.488  25.069 1.0000000000
136297  -5.329  -83.639  26.035 0.8999999762
144217  -4.455  -82.650  25.127 0.6999999881
150297  -3.791  -82.506  25.489 0.5000000000
1686  3.251  -91.747  24.283 1.0000000000
2067  2.956  -91.334  24.051 1.0000000000
1704  -1.277  -91.216  22.308 1.0000000000
6102  -3.388  -81.656  25.535 0.5000000000
6635  -2.746  -80.841  25.462 0.6000000238
1703  0.598  -90.987  23.056 1.0000000000
1716  -1.489  -91.449  21.050 1.0000000000
154482  -0.107  -91.232  22.323 1.0000000000
1715  -0.235  -91.601  20.908 1.0000000000
336  9.274  -96.180  20.861 0.8000000119
542  8.419  -95.928  20.687 0.8000000119
152061  7.227  -95.855  19.943 0.8000000119
361  5.388  -95.114  19.372 0.6999999881
1101  2.528  -93.110  19.124 1.0000000000
1726  0.773  -92.042  18.136 1.0000000000
152640  -0.571  -91.192  18.627 1.0000000000
1727  0.053  -91.672  19.101 1.0000000000
218  12.446  -97.354  22.799 0.6999999881
331  10.985  -96.777  22.198 0.6999999881
1109  3.404  -93.097  18.755 1.0000000000
1110  2.693  -92.748  18.412 0.8999999762
148527  0.306  -91.078  17.871 1.0000000000
1745  -1.293  -90.764  18.519 1.0000000000
136320  -0.877  -86.361  34.491 1.0000000000
8919  1.708  -76.469  36.086 1.0000000000
8922  -0.709  -75.649  35.368 1.0000000000
8920  0.954  -76.140  35.889 1.0000000000
3537  -1.627  -86.053  32.731 1.0000000000
136326  -0.777  -82.919  34.390 1.0000000000
8917  3.296  -76.977  36.402 1.0000000000
8301  4.110  -77.993  36.670 1.0000000000
8302  3.386  -77.702  36.370 1.0000000000
152341  -2.032  -86.364  32.138 1.0000000000
6037  -0.443  -80.969  33.678 1.0000000000
162139  2.728  -78.089  36.170 1.0000000000
3547  -2.533  -86.195  31.510 1.0000000000
6046  -1.242  -80.935  33.100 1.0000000000
7770  4.328  -78.882  36.873 1.0000000000
7771  3.350  -78.590  36.429 1.0000000000
7154  4.981  -79.561  37.143 1.0000000000
155480  -3.168  -87.627  30.883 1.0000000000
3115  -2.868  -86.962  31.149 1.0000000000
6573  -0.537  -80.197  33.192 1.0000000000
6559  0.105  -80.062  33.486 1.0000000000
7782  1.933  -78.658  35.369 1.0000000000
2342  -2.812  -88.874  31.430 1.0000000000
7171  2.799  -79.537  36.319 1.0000000000
2340  -1.743  -89.265  32.182 1.0000000000
2353  -2.909  -89.719  31.267 1.0000000000
162398  -3.536  -88.538  30.375 1.0000000000
6546  1.658  -80.060  35.237 1.0000000000
7184  2.013  -79.391  35.612 1.0000000000
2341  -2.236  -89.491  31.731 1.0000000000
6080  0.101  -81.272  30.074 1.0000000000
6609  -0.550  -80.739  29.822 1.0000000000
7251  -0.338  -79.841  29.520 1.0000000000
1961  -0.604  -90.402  32.366 1.0000000000
4982  0.613  -83.178  29.886 1.0000000000
139465  -0.084  -82.774  30.035 1.0000000000
138624  -0.064  -82.028  30.186 1.0000000000
6081  -0.750  -81.525  30.037 1.0000000000
6610  -1.267  -80.215  29.466 1.0000000000
7845  -1.620  -78.678  29.037 1.0000000000
8372  -2.797  -77.271  28.931 1.0000000000
9004  -2.184  -76.536  29.190 1.0000000000
9005  -3.321  -76.677  29.702 1.0000000000
1976  -2.213  -90.459  31.527 1.0000000000
4983  -0.779  -83.050  29.554 1.0000000000
6082  -1.496  -81.747  29.713 1.0000000000
8373  -3.860  -77.452  29.357 1.0000000000
9620  -3.770  -76.132  30.589 1.0000000000
156324  -3.030  -75.150  30.415 1.0000000000
1974  -0.146  -91.046  32.000 1.0000000000
1975  -1.105  -90.919  31.675 1.0000000000
4486  1.443  -84.263  29.321 1.0000000000
144034  -0.083  -83.432  29.586 1.0000000000
8991  -5.021  -76.343  30.175 1.0000000000
154778  -3.878  -75.413  30.604 1.0000000000
10278  -4.351  -74.521  30.006 1.0000000000
1604  -0.464  -91.569  31.480 1.0000000000
1605  -1.165  -91.617  31.316 1.0000000000
10924  -3.094  -73.906  30.298 1.0000000000
142044  -0.032  -91.931  31.129 1.0000000000
4495  0.746  -85.069  28.871 1.0000000000
4487  0.552  -83.984  29.321 1.0000000000
4488  -0.355  -84.116  29.047 1.0000000000
11617  1.253  -71.926  27.667 0.4000000060
142405  -2.531  -73.434  29.641 1.0000000000
10935  -1.811  -72.996  30.097 1.0000000000
151253  1.527  -91.587  30.641 1.0000000000
1286  0.042  -92.451  30.489 1.0000000000
4068  1.268  -85.856  28.795 1.0000000000
4496  -0.005  -84.764  28.866 1.0000000000
10950  -0.508  -73.485  28.103 0.8000000119
158283  0.102  -73.177  28.727 0.8999999762
10934  -0.693  -73.322  29.339 1.0000000000
1629  1.844  -91.734  29.708 1.0000000000
1295  1.432  -92.415  29.258 1.0000000000
3598  1.782  -86.693  28.765 1.0000000000
137815  -0.369  -85.899  28.535 1.0000000000
1306  1.647  -92.496  28.418 1.0000000000
1320  3.215  -91.576  26.379 1.0000000000
156632  0.510  -86.977  28.569 1.0000000000
138212  -1.597  -86.311  28.226 1.0000000000
1644  2.783  -91.261  28.228 1.0000000000
1664  3.076  -91.405  27.301 1.0000000000
1675  3.424  -91.031  26.003 1.0000000000
2062  3.230  -91.055  24.759 1.0000000000
138218  -3.807  -87.227  27.101 1.0000000000
5000  -5.042  -84.026  25.195 0.8000000119
4994  -3.984  -83.352  25.093 0.6999999881
1643  3.379  -90.701  27.720 1.0000000000
1693  1.672  -90.977  23.439 1.0000000000
4101  -2.990  -86.802  24.480 0.8000000119
4508  -2.280  -85.612  24.985 0.6999999881
5573  -2.872  -82.773  26.485 0.4000000060
1663  3.431  -90.834  26.926 1.0000000000
146047  3.349  -90.875  25.467 1.0000000000
1694  -0.604  -90.730  24.207 1.0000000000
2080  -2.113  -91.032  23.325 1.0000000000
1705  -2.641  -91.354  22.227 1.0000000000
1706  -3.526  -91.304  22.205 1.0000000000
1717  -2.491  -91.428  21.004 1.0000000000
2455  -4.243  -90.230  20.171 1.0000000000
1719  -3.936  -91.145  20.606 1.0000000000
1728  -1.683  -91.320  19.723 1.0000000000
153068  12.830  -96.664  21.080 0.6000000238
334  10.985  -96.740  21.381 0.6000000238
335  10.146  -96.482  20.925 0.6999999881
343  6.580  -95.712  19.671 0.8000000119
136307  -2.744  -90.204  18.921 1.0000000000
220  12.815  -97.190  21.808 0.6999999881
824  5.339  -93.674  19.103 0.6999999881
1409  3.684  -92.558  18.467 0.8999999762
1743  1.187  -91.162  17.167 1.0000000000
1744  -0.318  -90.307  17.953 1.0000000000
2125  -2.088  -90.515  18.777 1.0000000000
3995  0.387  -85.152  35.013 1.0000000000
9542  0.649  -75.367  36.229 1.0000000000
4434  0.452  -84.350  34.953 1.0000000000
8909  3.861  -76.421  36.732 1.0000000000
9540  2.239  -75.912  36.518 1.0000000000
9541  1.440  -75.649  36.385 1.0000000000
9543  -0.681  -75.186  35.841 1.0000000000
4936  0.297  -83.726  34.754 1.0000000000
8908  4.575  -76.676  37.071 1.0000000000
8910  3.066  -76.170  36.635 1.0000000000
3529  -0.765  -86.702  34.074 1.0000000000
3522  0.005  -86.169  34.781 1.0000000000
5510  0.018  -82.337  34.355 1.0000000000
158409  0.671  -82.783  34.856 1.0000000000
8288  4.746  -77.476  37.081 1.0000000000
8289  4.016  -77.182  36.584 1.0000000000
158701  0.065  -81.531  34.132 1.0000000000
141350  4.936  -78.246  37.079 1.0000000000
3106  -1.700  -86.984  32.581 1.0000000000
7759  5.317  -78.886  37.137 1.0000000000
2672  -2.038  -87.845  32.213 1.0000000000
3114  -2.283  -87.045  31.833 1.0000000000
6036  0.475  -80.722  34.215 1.0000000000
6547  1.040  -79.958  34.670 1.0000000000
7153  5.854  -79.481  37.209 1.0000000000
136343  6.754  -79.440  37.166 1.0000000000
136344  6.251  -80.109  37.093 1.0000000000
143995  -2.669  -87.922  31.497 1.0000000000
7168  8.047  -79.477  36.518 1.0000000000
6010  7.062  -80.831  36.424 1.0000000000
6544  7.440  -80.729  35.818 1.0000000000
2331  -0.967  -89.462  32.605 1.0000000000
2680  -2.212  -88.668  31.926 1.0000000000
6532  2.908  -80.500  36.386 1.0000000000
137886  5.631  -80.666  37.109 1.0000000000
146416  3.681  -80.135  36.718 1.0000000000
6531  4.730  -80.344  37.145 1.0000000000
152311  -1.476  -90.001  32.000 1.0000000000
160321  0.614  -81.751  30.142 1.0000000000
143702  -1.016  -79.304  29.268 1.0000000000
7844  -0.688  -78.430  29.222 1.0000000000
5555  0.761  -82.428  30.109 1.0000000000
149048  -1.193  -76.871  29.131 1.0000000000
9619  -2.634  -75.830  29.967 1.0000000000
4981  1.321  -83.504  29.716 1.0000000000
9602  -3.119  -74.483  30.439 1.0000000000
1973  0.653  -90.993  32.020 1.0000000000
10270  -2.439  -73.676  30.732 1.0000000000
1972  1.500  -90.809  31.906 1.0000000000
3583  2.992  -86.116  29.062 1.0000000000
12252  2.246  -71.639  28.015 0.3000000119
154243  -2.261  -73.247  30.603 1.0000000000
1602  1.110  -91.337  31.401 1.0000000000
11600  -0.903  -72.600  30.374 1.0000000000
1612  2.333  -90.990  30.243 1.0000000000
1628  2.525  -91.145  29.183 1.0000000000
3156  3.054  -87.755  28.457 1.0000000000
156707  1.892  -87.670  28.482 1.0000000000
137381  0.432  -87.961  28.493 1.0000000000
137984  -1.059  -88.043  28.052 1.0000000000
2023  3.208  -90.637  28.595 1.0000000000
136289  -2.118  -87.767  27.576 1.0000000000
137819  -1.246  -88.452  26.753 1.0000000000
2048  3.412  -90.344  26.840 1.0000000000
4093  -1.902  -86.667  25.480 0.6999999881
150383  -0.847  -85.709  25.941 0.6000000238
2056  2.441  -90.340  25.415 1.0000000000
138083  0.019  -90.505  24.723 1.0000000000
136277  -1.509  -90.685  24.160 1.0000000000
2443  -3.247  -90.299  22.022 1.0000000000
2453  -2.397  -89.086  21.453 1.0000000000
2454  -3.580  -89.654  20.650 1.0000000000
156308  10.978  -96.496  20.638 0.6000000238
340  9.646  -96.186  20.238 0.6999999881
350  8.635  -95.923  19.341 0.8000000119
352  6.667  -95.634  19.020 0.6999999881
556  5.603  -94.933  18.869 0.8000000119
2452  -1.336  -88.742  20.078 1.0000000000
2472  -2.060  -88.950  19.061 1.0000000000
137787  -2.500  -89.586  18.945 1.0000000000
339  10.253  -96.244  20.015 0.6999999881
349  9.579  -96.059  19.402 0.6999999881
154816  7.428  -95.650  18.624 0.6999999881
565  6.413  -95.001  17.834 0.6999999881
823  5.831  -94.145  18.683 0.6999999881
2123  0.573  -90.599  17.883 0.8999999762
2471  -0.939  -89.038  18.486 0.8999999762
2133  -1.958  -89.895  18.495 0.8999999762
155360  10.901  -96.035  19.046 0.6000000238
1115  5.342  -93.354  18.863 0.6999999881
1758  2.416  -91.292  17.226 0.8000000119
2121  2.438  -90.721  18.091 0.6999999881
356  9.954  -95.968  18.465 0.6000000238
152653  4.387  -75.938  37.140 1.0000000000
3512  0.711  -85.949  35.177 1.0000000000
4421  0.801  -84.675  35.337 1.0000000000
4922  0.884  -83.835  35.412 1.0000000000
140444  6.465  -77.188  37.870 1.0000000000
3096  -0.677  -87.415  33.733 1.0000000000
6026  1.203  -81.940  35.221 1.0000000000
8300  7.065  -78.029  37.569 1.0000000000
143806  0.654  -81.719  34.591 1.0000000000
137988  7.202  -78.813  37.300 1.0000000000
2661  -0.959  -87.874  33.243 1.0000000000
158364  1.802  -80.703  35.526 1.0000000000
164273  7.883  -80.127  35.854 1.0000000000
159340  3.465  -80.742  36.677 1.0000000000
7194  8.154  -79.512  34.192 1.0000000000
2319  -0.106  -89.230  33.262 1.0000000000
2670  -0.917  -88.562  32.995 1.0000000000
166038  4.977  -81.107  37.120 1.0000000000
6072  1.343  -81.756  30.156 1.0000000000
6073  0.954  -81.119  30.063 1.0000000000
157601  -0.254  -79.054  29.385 1.0000000000
2330  0.528  -89.911  32.926 1.0000000000
5554  1.275  -82.925  30.010 1.0000000000
7250  0.399  -79.339  29.615 1.0000000000
9003  -0.408  -76.564  29.388 1.0000000000
9618  -1.316  -75.880  29.562 1.0000000000
2329  1.423  -89.859  32.941 1.0000000000
1959  1.015  -90.473  32.539 1.0000000000
4485  2.323  -84.476  29.391 1.0000000000
9601  -1.963  -75.068  30.353 1.0000000000
1958  1.889  -90.252  32.386 1.0000000000
148333  -2.366  -74.316  30.715 1.0000000000
10252  -1.963  -73.627  31.165 1.0000000000
10915  -2.042  -73.198  31.200 1.0000000000
4053  3.592  -85.504  29.424 1.0000000000
3597  3.141  -86.962  28.858 1.0000000000
1613  1.948  -90.975  31.167 1.0000000000
11599  0.134  -72.901  29.651 1.0000000000
165304  2.862  -90.536  30.294 1.0000000000
2005  3.066  -90.481  29.558 1.0000000000
2727  2.187  -88.465  28.065 1.0000000000
156658  0.732  -88.526  28.282 1.0000000000
2743  -0.378  -89.325  28.061 1.0000000000
136270  -1.050  -88.850  27.724 1.0000000000
2022  3.663  -90.099  28.101 1.0000000000
2039  3.525  -89.876  27.344 1.0000000000
2055  3.189  -90.278  26.168 1.0000000000
137478  -0.820  -89.546  27.418 1.0000000000
136275  -0.660  -88.634  27.194 1.0000000000
136274  -0.494  -90.386  25.494 1.0000000000
156779  -0.198  -88.544  26.750 0.8999999762
3620  -0.071  -87.031  27.082 0.6999999881
4092  -0.117  -85.971  26.454 0.6000000238
136273  0.774  -90.331  25.256 1.0000000000
138072  -0.981  -90.471  24.891 1.0000000000
3167  1.682  -86.811  26.991 0.6000000238
4507  -1.370  -85.282  25.673 0.4000000060
2441  -2.077  -90.062  24.062 1.0000000000
138789  -0.532  -84.714  25.912 0.3000000119
2796  -1.143  -88.340  21.562 1.0000000000
2795  -1.330  -88.938  22.913 1.0000000000
4992  -1.347  -83.612  26.649 0.2000000030
2451  -0.241  -88.686  20.955 1.0000000000
2812  -0.342  -88.122  22.176 0.8000000119
6097  -2.049  -81.937  27.238 0.3000000119
357  9.194  -95.846  18.561 0.6000000238
564  7.332  -95.179  17.570 0.6999999881
2104  1.972  -90.590  19.587 0.6000000238
2105  0.871  -90.307  18.837 0.8999999762
2470  -0.431  -89.014  19.267 0.8000000119
2450  0.889  -89.281  21.369 0.6999999881
6634  -2.035  -80.424  26.207 0.3000000119
822  6.251  -94.514  18.072 0.6999999881
1398  4.682  -92.199  18.547 0.6000000238
1741  2.734  -90.954  17.764 0.6999999881
362  10.314  -95.785  17.838 0.6000000238
9534  4.802  -75.444  37.493 1.0000000000
9535  3.732  -75.537  36.957 1.0000000000
163207  2.527  -74.612  36.910 1.0000000000
10193  1.763  -74.175  36.839 1.0000000000
145690  6.058  -76.362  38.096 1.0000000000
150731  5.134  -76.131  37.567 1.0000000000
155979  2.803  -75.328  36.833 1.0000000000
163326  1.969  -75.104  36.747 1.0000000000
3510  2.468  -86.356  35.686 1.0000000000
3982  1.940  -85.557  35.880 1.0000000000
4408  1.737  -83.857  36.114 1.0000000000
8906  7.052  -76.521  38.180 1.0000000000
3079  1.330  -87.058  35.114 1.0000000000
3521  0.703  -86.690  35.004 1.0000000000
3087  1.666  -87.659  34.873 1.0000000000
151138  1.734  -82.072  35.744 1.0000000000
8916  7.481  -77.201  37.681 1.0000000000
156831  7.776  -77.752  37.394 1.0000000000
146690  0.795  -87.473  34.768 1.0000000000
3088  0.170  -87.913  34.246 1.0000000000
3089  -0.009  -87.091  34.503 1.0000000000
5495  2.402  -81.893  36.157 1.0000000000
6024  2.323  -81.007  35.976 1.0000000000
156538  8.030  -78.460  37.129 1.0000000000
2648  2.094  -88.359  34.532 1.0000000000
2649  1.088  -88.225  34.488 1.0000000000
150723  4.070  -81.107  37.048 1.0000000000
7167  8.522  -78.777  35.838 1.0000000000
160378  8.076  -78.739  33.872 1.0000000000
2659  0.502  -88.689  33.902 1.0000000000
2660  -0.366  -88.305  33.604 1.0000000000
163792  8.437  -78.694  36.552 1.0000000000
7802  7.664  -78.163  33.370 1.0000000000
2658  1.499  -88.889  34.045 1.0000000000
2318  0.934  -89.389  33.507 1.0000000000
138335  6.431  -80.788  36.855 1.0000000000
7208  7.646  -79.178  33.209 1.0000000000
2317  1.945  -89.415  33.460 1.0000000000
4969  3.233  -83.088  30.255 1.0000000000
5546  1.722  -82.405  30.147 1.0000000000
6071  2.369  -81.638  30.303 1.0000000000
149595  1.732  -81.052  30.176 1.0000000000
6602  1.419  -80.399  30.036 1.0000000000
2669  2.933  -89.297  33.217 1.0000000000
7843  0.257  -78.358  29.490 1.0000000000
7842  1.131  -78.089  29.714 1.0000000000
8369  0.545  -77.346  29.583 1.0000000000
4484  3.276  -84.711  29.533 1.0000000000
4970  2.139  -83.122  30.019 1.0000000000
9002  0.310  -76.540  29.641 1.0000000000
9617  -0.188  -75.832  29.806 1.0000000000
9600  -0.853  -75.118  30.237 1.0000000000
2328  2.352  -89.768  32.800 1.0000000000
10269  -1.494  -74.417  30.909 1.0000000000
10914  -1.635  -73.061  31.581 1.0000000000
11566  -1.348  -72.239  32.100 1.0000000000
12778  -0.635  -71.188  32.268 1.0000000000
1957  2.608  -90.052  32.241 1.0000000000
2691  4.301  -88.705  30.115 1.0000000000
158321  4.751  -87.086  29.902 1.0000000000
12214  -1.532  -71.589  31.730 1.0000000000
12211  0.832  -70.591  31.508 0.8999999762
11583  -0.085  -71.839  30.622 0.8000000119
12803  -0.132  -70.283  31.828 1.0000000000
2352  2.883  -90.557  30.999 1.0000000000
140675  3.592  -89.897  31.051 1.0000000000
2351  3.880  -89.444  30.226 1.0000000000
2708  4.352  -88.392  29.367 1.0000000000
12210  1.933  -70.900  31.374 0.6999999881
11582  0.992  -71.680  30.658 0.8000000119
1986  3.306  -90.121  30.288 1.0000000000
2004  3.690  -89.764  29.446 1.0000000000
2397  3.525  -89.472  27.541 1.0000000000
2741  1.778  -89.131  27.537 1.0000000000
2742  0.521  -89.139  28.062 1.0000000000
12786  2.679  -69.713  31.676 0.5000000000
159005  3.562  -90.088  28.829 1.0000000000
162469  2.872  -89.738  26.593 1.0000000000
138148  0.246  -90.199  27.004 1.0000000000
156698  -1.009  -89.066  27.409 1.0000000000
3182  0.784  -88.100  25.663 0.8999999762
2419  2.048  -89.915  26.251 1.0000000000
139761  -0.444  -90.354  26.179 1.0000000000
143560  -1.021  -89.650  25.679 1.0000000000
138230  0.245  -87.944  27.106 0.8000000119
136278  -1.140  -89.751  24.913 1.0000000000
2780  0.126  -87.955  23.354 1.0000000000
2764  0.395  -88.424  24.875 0.8999999762
2794  0.316  -87.884  22.725 0.8000000119
3193  1.588  -87.442  24.408 0.8000000119
3618  2.493  -86.646  26.581 0.6000000238
4079  1.755  -86.268  26.905 0.5000000000
4506  0.153  -84.943  25.829 0.3000000119
2440  0.464  -88.460  22.169 0.6000000238
2793  1.136  -88.004  22.744 0.6000000238
364  8.776  -95.631  17.916 0.5000000000
2103  3.158  -90.708  20.271 0.6000000238
2078  1.923  -89.815  21.756 0.6000000238
2439  1.507  -88.881  22.258 0.5000000000
160728  9.176  -95.493  17.448 0.6000000238
140516  7.606  -94.511  17.410 0.5000000000
1106  7.063  -93.492  18.080 0.5000000000
163403  5.002  -91.925  18.578 0.4000000060
1740  3.777  -91.106  18.481 0.6000000238
1738  6.293  -90.922  19.004 0.4000000060
2119  4.693  -90.766  19.254 0.6000000238
151622  4.314  -74.875  37.287 1.0000000000
150599  5.692  -75.425  38.065 1.0000000000
10189  6.551  -74.862  38.407 1.0000000000
10194  0.938  -74.167  36.663 1.0000000000
9533  6.708  -75.744  38.361 1.0000000000
3981  2.865  -85.622  36.020 1.0000000000
4419  2.418  -84.730  36.225 1.0000000000
8905  7.973  -76.406  37.639 1.0000000000
156654  8.652  -76.465  36.893 1.0000000000
4407  3.210  -84.369  36.432 1.0000000000
4911  2.613  -83.801  36.422 1.0000000000
4910  3.399  -83.599  36.574 1.0000000000
4912  2.104  -83.200  36.200 1.0000000000
3078  2.099  -87.041  35.266 1.0000000000
3509  3.339  -86.298  35.661 1.0000000000
4909  4.197  -83.399  36.588 1.0000000000
5485  2.773  -82.884  36.453 1.0000000000
137380  8.310  -77.313  37.111 1.0000000000
8319  8.716  -77.340  35.433 1.0000000000
152955  3.180  -82.215  36.613 1.0000000000
6014  3.857  -82.026  36.957 1.0000000000
8948  8.140  -76.432  34.081 1.0000000000
3086  2.604  -87.704  34.906 1.0000000000
3520  3.775  -86.849  35.160 1.0000000000
6012  5.710  -81.478  36.889 1.0000000000
8331  8.379  -77.263  34.539 1.0000000000
166383  7.459  -76.939  32.988 1.0000000000
8971  6.963  -76.807  32.678 1.0000000000
2647  3.084  -88.306  34.397 1.0000000000
3085  3.479  -87.599  34.780 1.0000000000
154119  7.710  -80.309  34.858 1.0000000000
8345  7.276  -77.511  32.851 1.0000000000
6599  3.990  -80.935  30.793 1.0000000000
7239  2.834  -79.483  30.461 1.0000000000
7830  2.411  -78.972  30.305 1.0000000000
7810  7.060  -78.377  32.688 1.0000000000
2657  2.529  -88.900  33.928 1.0000000000
145872  4.932  -83.764  30.810 1.0000000000
4968  4.224  -83.047  30.548 1.0000000000
157892  2.962  -82.011  30.356 1.0000000000
6070  3.323  -81.589  30.492 1.0000000000
141953  3.029  -80.870  30.466 1.0000000000
155000  2.627  -80.230  30.385 1.0000000000
7831  1.739  -78.754  29.988 1.0000000000
155027  2.454  -78.139  30.301 1.0000000000
2656  3.495  -88.726  33.660 1.0000000000
141417  4.001  -83.751  30.337 1.0000000000
5545  2.635  -82.445  30.260 1.0000000000
160537  2.036  -80.456  30.190 1.0000000000
155288  1.783  -77.925  30.001 1.0000000000
4019  5.345  -85.318  31.338 1.0000000000
4472  4.803  -84.566  30.585 1.0000000000
8368  1.376  -77.320  29.884 1.0000000000
2668  3.796  -88.940  32.830 1.0000000000
3105  4.264  -88.334  33.255 1.0000000000
3546  5.129  -86.331  31.274 1.0000000000
4034  4.240  -85.001  29.946 1.0000000000
4473  3.869  -84.327  30.042 1.0000000000
9616  0.827  -75.872  29.998 1.0000000000
9599  0.162  -75.144  30.316 1.0000000000
10268  -0.486  -74.580  31.022 1.0000000000
3113  4.393  -88.241  32.275 1.0000000000
3112  4.710  -87.342  31.771 1.0000000000
10250  -0.058  -73.886  31.631 1.0000000000
10251  -1.087  -73.747  31.366 1.0000000000
156281  -0.057  -73.297  31.992 1.0000000000
2327  3.239  -89.572  32.401 1.0000000000
2677  4.499  -88.122  31.261 1.0000000000
3564  4.915  -86.370  30.286 1.0000000000
4052  4.505  -85.808  29.808 1.0000000000
166042  -1.207  -72.554  32.048 1.0000000000
10898  -0.801  -72.143  32.228 1.0000000000
167127  4.428  -88.439  30.659 1.0000000000
161400  4.569  -86.472  29.728 1.0000000000
12776  0.415  -70.643  32.325 1.0000000000
2338  3.641  -89.536  31.678 1.0000000000
2692  4.180  -89.079  31.048 1.0000000000
137372  -0.945  -89.418  26.516 1.0000000000
145528  1.524  -87.597  26.141 0.6999999881
3210  3.240  -87.186  23.770 0.3000000119
3192  2.532  -86.985  24.276 0.3000000119
2778  1.715  -87.687  23.244 0.3000000119
3211  2.180  -87.304  23.706 0.4000000060
1395  7.567  -92.659  17.984 0.4000000060
2438  2.530  -89.389  22.394 0.3000000119
2792  2.199  -88.415  22.837 0.4000000060
2102  4.360  -90.539  20.161 0.3000000119
144968  4.014  -90.340  21.110 0.4000000060
1112  7.880  -93.521  17.607 0.4000000060
145083  5.063  -74.884  37.725 1.0000000000
148336  4.041  -74.071  37.275 1.0000000000
165347  3.447  -73.967  37.172 1.0000000000
10855  1.063  -73.507  36.854 1.0000000000
10188  7.427  -75.236  38.397 1.0000000000
10190  5.682  -74.471  38.030 1.0000000000
10858  -0.694  -73.176  36.778 1.0000000000
9532  7.472  -75.924  38.220 1.0000000000
136348  8.683  -75.798  37.053 1.0000000000
3980  3.726  -85.496  35.858 1.0000000000
4406  3.956  -84.171  36.374 1.0000000000
146400  8.535  -74.919  34.584 1.0000000000
167041  8.854  -76.148  35.329 1.0000000000
4417  4.380  -84.774  35.787 1.0000000000
4921  4.736  -83.918  36.083 1.0000000000
5484  3.644  -82.815  36.718 1.0000000000
145106  8.024  -74.277  34.340 1.0000000000
10216  7.834  -74.990  34.168 1.0000000000
3508  3.971  -86.171  35.429 1.0000000000
5494  6.051  -82.800  35.071 1.0000000000
5482  5.316  -82.329  36.646 1.0000000000
5483  4.437  -82.602  36.818 1.0000000000
6013  4.728  -81.814  37.053 1.0000000000
9572  7.732  -75.576  33.843 1.0000000000
8960  7.531  -76.256  33.207 1.0000000000
3519  4.422  -86.415  34.761 1.0000000000
5481  6.138  -81.979  36.267 1.0000000000
6023  6.849  -81.448  35.804 1.0000000000
9573  7.166  -75.259  33.167 1.0000000000
8961  6.709  -75.990  32.598 1.0000000000
9579  6.169  -74.995  32.564 1.0000000000
8972  5.832  -76.109  32.294 1.0000000000
6557  7.095  -80.916  35.085 1.0000000000
10235  5.161  -74.737  32.197 1.0000000000
9580  5.375  -75.494  32.097 1.0000000000
158742  4.346  -74.577  32.081 1.0000000000
10893  4.162  -73.219  32.584 1.0000000000
2646  3.915  -88.064  34.077 1.0000000000
158297  6.259  -76.717  32.460 1.0000000000
10894  3.208  -73.133  32.546 1.0000000000
148315  5.378  -85.088  32.181 1.0000000000
4463  5.402  -84.469  31.396 1.0000000000
4952  5.536  -83.727  31.511 1.0000000000
5543  4.516  -82.337  30.744 1.0000000000
6600  3.486  -79.999  30.696 1.0000000000
7238  3.455  -79.209  30.660 1.0000000000
8346  6.393  -77.584  32.494 1.0000000000
7822  3.761  -78.586  30.758 1.0000000000
143346  4.673  -87.606  32.686 1.0000000000
8363  2.066  -77.285  30.248 1.0000000000
8989  1.592  -76.539  30.120 1.0000000000
9598  1.784  -75.583  30.488 1.0000000000
146337  0.974  -75.142  30.467 1.0000000000
10267  0.511  -74.625  31.011 1.0000000000
10912  0.568  -73.431  32.048 1.0000000000
10897  0.085  -72.692  32.199 1.0000000000
12193  0.572  -70.546  32.231 0.8999999762
12179  0.252  -71.276  32.389 1.0000000000
12192  1.240  -70.057  32.073 0.8999999762
12787  2.026  -69.777  31.992 0.8999999762
13993  2.029  -68.810  31.069 0.6000000238
10851  5.467  -73.604  37.874 1.0000000000
10852  4.559  -73.450  37.521 1.0000000000
10191  4.857  -74.219  37.611 1.0000000000
10853  3.610  -73.372  37.312 1.0000000000
10192  2.775  -73.830  37.077 1.0000000000
10184  7.350  -74.394  38.470 1.0000000000
136349  9.115  -74.538  36.105 1.0000000000
137587  8.745  -75.041  37.151 1.0000000000
136352  9.099  -74.784  35.153 1.0000000000
10215  8.759  -74.057  34.764 1.0000000000
150072  4.878  -84.996  34.991 1.0000000000
4920  5.513  -83.486  35.398 1.0000000000
10871  7.539  -73.600  34.272 1.0000000000
10217  7.171  -74.286  34.001 1.0000000000
3979  4.400  -85.617  35.300 1.0000000000
160344  5.789  -82.709  35.927 1.0000000000
5493  6.382  -82.166  35.388 1.0000000000
10228  6.810  -74.483  33.432 1.0000000000
159368  6.291  -74.107  32.950 1.0000000000
10882  5.938  -73.462  33.073 1.0000000000
3994  4.767  -85.636  34.500 1.0000000000
6035  6.873  -81.589  34.768 1.0000000000
145477  5.599  -74.094  32.603 1.0000000000
10892  5.126  -73.286  32.735 1.0000000000
158780  7.783  -80.152  33.605 1.0000000000
148412  4.697  -73.988  32.425 1.0000000000
10236  3.719  -73.994  32.294 1.0000000000
3084  4.177  -87.290  34.446 1.0000000000
9585  4.590  -75.382  31.687 1.0000000000
10246  3.631  -74.811  31.817 1.0000000000
163334  3.216  -74.324  32.130 1.0000000000
140987  4.796  -86.245  33.088 1.0000000000
4443  5.188  -84.855  33.088 1.0000000000
4454  5.537  -84.344  32.269 1.0000000000
4951  5.758  -83.607  32.482 1.0000000000
5536  5.328  -82.301  31.190 1.0000000000
153806  4.947  -80.793  31.227 1.0000000000
6595  4.425  -80.020  31.094 1.0000000000
8973  5.121  -76.277  31.817 1.0000000000
3104  4.495  -87.621  33.622 1.0000000000
164225  4.748  -87.036  33.084 1.0000000000
155026  3.307  -77.962  30.587 1.0000000000
151624  5.192  -85.905  32.182 1.0000000000
8361  3.617  -77.181  30.759 1.0000000000
8988  2.361  -76.475  30.468 1.0000000000
10249  0.998  -74.089  31.566 1.0000000000
10896  0.982  -72.822  32.318 1.0000000000
11552  0.642  -72.024  32.400 1.0000000000
13360  2.162  -69.900  32.155 1.0000000000
12177  2.093  -70.523  32.375 1.0000000000
164768  2.380  -69.036  31.697 1.0000000000
14680  1.794  -67.790  29.653 0.5000000000
11505  6.021  -72.941  38.107 1.0000000000
11506  5.113  -72.725  37.715 1.0000000000
11507  4.192  -72.717  37.445 1.0000000000
10183  8.073  -73.929  38.247 1.0000000000
10847  6.461  -73.841  38.364 1.0000000000
151380  2.809  -72.937  37.297 1.0000000000
137376  8.864  -74.119  37.319 1.0000000000
10846  7.315  -73.655  38.431 1.0000000000
10854  1.887  -73.157  37.117 1.0000000000
159195  9.335  -73.629  35.989 1.0000000000
11515  -0.672  -71.996  36.986 0.8999999762
137655  9.335  -73.453  35.024 1.0000000000
10869  8.888  -73.164  34.690 1.0000000000
4935  5.088  -84.306  35.270 1.0000000000
11529  8.043  -72.785  34.378 1.0000000000
11530  7.027  -72.953  34.187 1.0000000000
11538  6.481  -72.647  33.852 1.0000000000
11539  5.675  -72.512  33.136 1.0000000000
12166  5.730  -71.431  33.062 1.0000000000
11548  4.565  -72.470  32.739 1.0000000000
4004  4.874  -85.558  33.567 1.0000000000
4433  4.991  -84.967  34.075 1.0000000000
12174  4.778  -71.656  32.800 1.0000000000
147129  3.962  -71.769  32.685 1.0000000000
12175  3.865  -70.987  32.649 1.0000000000
143711  4.709  -86.147  33.983 1.0000000000
5520  5.938  -83.170  33.194 1.0000000000
5528  6.136  -82.830  32.416 1.0000000000
161272  6.391  -82.176  32.383 1.0000000000
11549  3.603  -72.373  32.647 1.0000000000
5535  6.010  -82.253  31.726 1.0000000000
6063  5.546  -81.537  31.407 1.0000000000
154455  5.822  -80.748  31.628 1.0000000000
8353  4.906  -77.081  31.593 1.0000000000
8977  4.454  -76.324  31.356 1.0000000000
7232  4.830  -79.217  31.373 1.0000000000
7821  4.450  -78.512  31.188 1.0000000000
10247  2.731  -74.532  31.898 1.0000000000
8987  3.148  -76.465  30.691 1.0000000000
10911  1.492  -73.529  32.186 1.0000000000
10895  2.207  -73.025  32.492 1.0000000000
11550  2.697  -72.248  32.606 1.0000000000
11551  1.498  -72.229  32.483 1.0000000000
12176  2.999  -71.349  32.606 1.0000000000
13359  2.468  -69.498  32.097 1.0000000000
147227  1.942  -71.403  32.524 1.0000000000
136369  0.902  -68.468  31.081 0.8999999762
136368  0.593  -68.114  30.284 0.8999999762
138001  1.461  -68.512  30.808 0.6999999881
151004  8.318  -71.908  37.864 1.0000000000
11504  7.470  -72.184  38.143 1.0000000000
149495  4.582  -72.161  37.482 1.0000000000
12137  9.424  -71.375  36.974 1.0000000000
12138  8.673  -71.313  37.671 1.0000000000
11497  6.906  -72.983  38.345 1.0000000000
152434  3.458  -72.633  37.404 1.0000000000
147373  3.067  -71.325  37.512 1.0000000000
11502  9.088  -72.186  37.237 1.0000000000
136350  9.042  -73.159  37.124 1.0000000000
11508  2.906  -72.156  37.471 1.0000000000
12749  9.862  -70.648  36.658 1.0000000000
136351  9.546  -72.714  36.271 1.0000000000
11510  1.497  -72.289  37.209 1.0000000000
12148  -0.023  -71.338  37.298 1.0000000000
138167  9.531  -72.627  34.870 1.0000000000
136353  9.664  -72.770  35.332 1.0000000000
12750  -0.516  -70.676  37.535 0.8999999762
136366  -2.727  -70.338  36.670 0.8999999762
12159  8.265  -71.788  34.244 1.0000000000
156812  -3.319  -69.932  36.647 0.6999999881
5508  6.529  -82.370  34.401 1.0000000000
12164  7.629  -71.077  34.078 1.0000000000
12165  6.642  -71.057  33.669 1.0000000000
6045  7.087  -81.731  33.662 1.0000000000
149530  7.536  -81.009  34.115 1.0000000000
12766  5.909  -70.659  32.975 1.0000000000
166222  5.150  -84.509  34.513 1.0000000000
4934  5.428  -83.933  34.430 1.0000000000
13349  5.565  -69.840  32.755 1.0000000000
5509  5.933  -83.160  34.184 1.0000000000
5519  6.472  -82.503  33.282 1.0000000000
6053  6.795  -81.631  32.694 1.0000000000
158623  4.871  -70.655  32.728 1.0000000000
4453  5.403  -84.175  33.029 1.0000000000
6054  6.272  -81.534  31.934 1.0000000000
152698  6.550  -80.781  32.223 1.0000000000
6583  6.073  -79.960  31.849 1.0000000000
7220  6.180  -79.251  32.166 1.0000000000
144650  4.452  -69.817  32.624 1.0000000000
6594  5.284  -79.976  31.477 1.0000000000
7812  5.733  -78.672  32.058 1.0000000000
162375  5.192  -77.698  31.827 1.0000000000
154898  4.048  -77.860  30.962 1.0000000000
8354  4.281  -77.119  31.155 1.0000000000
9586  3.830  -75.650  31.327 1.0000000000
10910  2.231  -73.871  32.182 1.0000000000
9596  3.365  -75.861  30.971 1.0000000000
9587  3.091  -75.269  31.391 1.0000000000
10248  1.885  -74.306  31.700 1.0000000000
9597  2.714  -75.744  30.795 1.0000000000
10266  1.456  -74.718  30.954 1.0000000000
12774  2.888  -70.404  32.441 1.0000000000
145703  2.431  -68.390  31.610 1.0000000000
145132  2.855  -69.849  32.307 1.0000000000
14652  1.512  -68.345  31.352 1.0000000000
136373  -0.642  -67.994  29.198 0.8999999762
14692  0.477  -67.831  28.667 0.6000000238
12139  7.763  -71.286  38.041 1.0000000000
12140  6.730  -71.286  38.050 1.0000000000
158865  5.743  -72.285  37.865 1.0000000000
146039  3.804  -71.937  37.430 1.0000000000
148762  5.954  -70.878  37.625 1.0000000000
13334  10.280  -69.799  36.229 1.0000000000
13335  9.572  -69.805  37.204 1.0000000000
12143  2.105  -71.586  37.412 1.0000000000
152133  1.501  -70.660  37.496 0.8999999762
12748  10.448  -70.812  35.639 1.0000000000
12147  10.038  -71.472  36.145 1.0000000000
149139  0.445  -70.644  37.512 1.0000000000
13342  9.871  -69.810  34.308 1.0000000000
139125  10.524  -71.264  35.018 1.0000000000
153362  -1.517  -70.556  37.544 1.0000000000
13345  9.345  -68.986  33.983 1.0000000000
12757  9.204  -70.653  34.225 1.0000000000
136361  -2.580  -70.197  37.033 0.8000000119
138153  -1.907  -70.517  37.698 0.6000000238
12763  8.195  -70.409  33.987 1.0000000000
12764  7.288  -70.323  33.788 1.0000000000
12765  6.557  -70.182  33.282 1.0000000000
13356  5.756  -68.915  32.695 1.0000000000
13357  4.712  -69.147  32.563 1.0000000000
8347  5.645  -78.020  32.188 1.0000000000
6572  7.371  -80.837  32.950 1.0000000000
6582  6.746  -80.002  32.415 1.0000000000
7219  6.889  -79.224  32.574 1.0000000000
13969  3.986  -68.615  32.390 1.0000000000
12773  3.711  -70.147  32.573 1.0000000000
140318  2.339  -67.727  31.592 1.0000000000
13970  2.903  -68.889  32.103 1.0000000000
13358  3.506  -69.412  32.438 1.0000000000
15301  0.778  -68.286  31.183 0.8999999762
152321  7.282  -70.529  38.144 1.0000000000
12741  6.374  -70.367  37.827 1.0000000000
146920  5.325  -71.097  37.366 1.0000000000
12743  4.678  -70.565  37.098 1.0000000000
12142  3.896  -70.979  37.262 1.0000000000
12739  9.099  -70.587  37.497 1.0000000000
12740  8.223  -70.550  38.063 1.0000000000
12742  5.491  -70.181  37.280 1.0000000000
165042  3.272  -70.533  37.370 1.0000000000
14604  9.107  -66.735  36.964 1.0000000000
14603  9.801  -67.205  36.292 1.0000000000
155115  9.999  -68.942  36.817 1.0000000000
13923  9.274  -69.004  37.748 1.0000000000
13324  8.776  -69.797  38.022 1.0000000000
148220  1.995  -69.745  37.508 1.0000000000
13330  1.510  -68.839  37.397 1.0000000000
15931  8.397  -65.553  36.080 1.0000000000
163102  9.918  -67.023  35.222 1.0000000000
14602  10.302  -67.778  35.701 1.0000000000
13948  10.631  -68.452  35.163 1.0000000000
13338  10.629  -69.249  35.545 1.0000000000
160985  0.919  -69.789  37.666 1.0000000000
15942  8.366  -65.379  35.134 1.0000000000
163045  9.449  -66.327  35.084 1.0000000000
14614  10.322  -67.735  34.962 1.0000000000
14624  10.257  -68.226  34.537 1.0000000000
13947  10.512  -68.830  34.741 1.0000000000
15941  8.987  -65.872  34.477 1.0000000000
15275  9.170  -66.309  33.739 1.0000000000
13955  9.661  -68.061  33.899 1.0000000000
156936  8.957  -68.384  33.666 1.0000000000
12737  -0.600  -69.561  38.156 0.8999999762
137977  -0.873  -68.953  38.832 0.8000000119
15956  8.230  -65.053  34.150 1.0000000000
15965  8.772  -65.612  33.567 1.0000000000
15276  8.870  -66.116  33.086 1.0000000000
14629  8.473  -66.792  32.981 1.0000000000
160574  8.484  -69.004  33.694 1.0000000000
161418  7.174  -69.102  33.338 1.0000000000
14636  7.732  -66.938  32.485 1.0000000000
14630  7.915  -67.607  33.004 1.0000000000
13958  6.606  -68.593  32.935 1.0000000000
14638  5.455  -67.705  32.218 1.0000000000
14649  4.990  -67.288  32.017 1.0000000000
14639  4.526  -67.867  32.255 1.0000000000
15299  2.947  -66.893  31.609 1.0000000000
14651  3.190  -67.484  31.865 1.0000000000
14640  3.468  -68.067  32.147 1.0000000000
137748  -1.804  -67.045  28.896 0.8999999762
136376  -1.688  -68.285  28.239 0.8000000119
13326  6.906  -69.396  38.189 1.0000000000
13926  6.505  -68.871  38.089 1.0000000000
13327  6.095  -69.535  37.680 1.0000000000
13328  5.104  -69.288  37.193 1.0000000000
12744  3.954  -69.908  36.960 1.0000000000
14585  8.969  -67.341  37.809 1.0000000000
13924  9.016  -68.125  38.111 1.0000000000
155688  8.057  -68.160  38.382 1.0000000000
154302  6.849  -69.917  38.131 1.0000000000
155489  3.475  -68.884  36.890 1.0000000000
154710  2.531  -68.778  37.128 1.0000000000
15248  8.341  -65.994  37.096 1.0000000000
14584  9.438  -67.620  37.204 1.0000000000
147961  8.450  -68.948  38.273 1.0000000000
13925  7.469  -68.877  38.306 1.0000000000
15932  7.773  -65.030  35.710 1.0000000000
15247  8.919  -66.061  36.334 1.0000000000
16715  7.268  -64.559  36.194 1.0000000000
13916  0.394  -68.083  37.495 0.8999999762
13331  0.390  -68.927  37.801 0.8999999762
137744  -1.342  -68.327  39.101 0.8000000119
164515  7.699  -64.942  34.940 1.0000000000
16754  8.407  -65.020  33.238 1.0000000000
15968  8.607  -65.518  32.889 1.0000000000
15282  8.373  -66.074  32.496 1.0000000000
15296  6.706  -66.249  31.675 1.0000000000
15943  7.309  -64.372  34.453 1.0000000000
16746  7.742  -64.324  33.355 1.0000000000
13966  6.917  -67.727  32.710 1.0000000000
15284  6.913  -67.060  32.021 1.0000000000
139687  5.848  -66.307  31.486 1.0000000000
15297  4.908  -66.646  31.689 1.0000000000
15979  5.337  -65.830  31.162 1.0000000000
15298  3.898  -66.729  31.714 1.0000000000
14650  4.168  -67.295  32.032 1.0000000000
15300  1.732  -67.437  31.389 1.0000000000
13927  5.531  -68.841  37.618 1.0000000000
13329  4.300  -69.070  36.886 1.0000000000
157647  8.376  -67.433  38.223 1.0000000000
13913  7.088  -68.166  38.384 1.0000000000
13914  6.082  -68.246  38.160 1.0000000000
13915  5.089  -68.294  37.742 1.0000000000
14572  4.657  -67.759  38.194 1.0000000000
13929  3.764  -68.449  36.904 1.0000000000
13930  2.802  -68.269  36.997 1.0000000000
15916  7.546  -65.553  37.691 1.0000000000
15233  7.961  -66.240  37.927 1.0000000000
15903  7.332  -66.152  38.322 1.0000000000
14587  3.098  -68.209  37.064 1.0000000000
145037  7.741  -65.250  36.647 1.0000000000
13931  1.945  -68.046  36.876 1.0000000000
167172  1.468  -67.689  36.897 1.0000000000
149521  1.154  -68.005  37.115 1.0000000000
14577  -1.565  -67.425  39.133 0.8000000119
16728  6.793  -63.800  35.848 1.0000000000
16727  7.172  -64.454  35.316 1.0000000000
15969  8.205  -65.007  32.293 1.0000000000
15283  7.646  -66.135  31.962 1.0000000000
15978  6.396  -65.572  31.316 1.0000000000
16734  6.501  -63.692  34.863 1.0000000000
16760  7.581  -64.377  31.745 1.0000000000
15977  7.323  -65.329  31.635 1.0000000000
16747  6.668  -63.708  33.988 1.0000000000
17569  7.088  -63.512  33.015 1.0000000000
15308  3.639  -66.149  31.401 1.0000000000
15310  1.540  -66.626  31.073 1.0000000000
159169  6.027  -66.951  38.774 1.0000000000
15212  4.852  -66.394  39.143 1.0000000000
15917  6.931  -64.916  38.063 1.0000000000
16683  6.329  -64.233  38.406 1.0000000000
15904  6.660  -65.611  38.560 1.0000000000
15220  6.658  -66.506  38.674 1.0000000000
14571  5.637  -67.631  38.427 1.0000000000
14573  3.624  -67.757  37.658 1.0000000000
14574  2.502  -67.661  37.295 1.0000000000
16697  6.682  -64.035  37.469 1.0000000000
164108  7.135  -65.564  38.184 1.0000000000
14588  1.925  -67.983  36.930 1.0000000000
154602  6.110  -62.790  37.169 1.0000000000
16696  7.122  -64.762  37.115 1.0000000000
17534  6.300  -62.738  36.059 1.0000000000
18425  6.183  -62.425  36.513 1.0000000000
16716  6.825  -64.072  36.642 1.0000000000
14589  1.154  -67.470  36.955 1.0000000000
15226  0.340  -66.549  36.868 0.8999999762
13932  0.958  -67.381  36.979 0.8999999762
137997  -0.385  -67.503  38.177 0.8999999762
18434  6.285  -62.463  35.660 1.0000000000
14576  0.287  -67.370  37.251 0.8999999762
17546  6.331  -63.180  35.504 1.0000000000
17555  5.980  -63.152  34.272 1.0000000000
16755  7.715  -64.048  32.482 1.0000000000
17585  7.060  -63.964  31.405 1.0000000000
16761  6.858  -64.669  31.270 1.0000000000
153496  6.045  -63.085  34.750 1.0000000000
17579  7.201  -63.617  32.109 1.0000000000
17570  6.110  -63.113  33.584 1.0000000000
17580  6.392  -62.991  32.547 1.0000000000
16762  6.049  -64.892  30.863 1.0000000000
17586  6.669  -63.333  31.514 1.0000000000
16772  6.401  -63.933  30.837 1.0000000000
15986  4.416  -65.604  30.931 1.0000000000
15211  5.301  -65.699  39.234 1.0000000000
15213  3.898  -66.393  39.107 1.0000000000
16684  5.660  -64.305  39.121 1.0000000000
15897  4.570  -65.700  39.389 1.0000000000
15214  2.934  -66.166  38.803 1.0000000000
15223  3.164  -67.030  38.350 1.0000000000
17501  5.934  -63.470  38.657 1.0000000000
151490  4.936  -64.331  39.573 1.0000000000
163038  3.704  -64.891  39.566 1.0000000000
153179  1.964  -65.847  38.421 1.0000000000
15224  1.931  -66.834  37.890 1.0000000000
143500  6.092  -62.408  37.264 1.0000000000
139548  6.076  -62.791  37.930 1.0000000000
18399  5.760  -62.822  38.985 1.0000000000
140243  5.411  -63.612  39.416 1.0000000000
15906  1.660  -65.017  38.366 1.0000000000
165847  1.363  -65.597  38.074 1.0000000000
144138  1.114  -66.145  37.704 1.0000000000
19336  6.206  -62.218  36.600 1.0000000000
15907  0.749  -65.327  37.626 1.0000000000
138781  0.355  -66.112  37.183 1.0000000000
15227  -0.026  -66.060  37.240 0.8999999762
18440  5.988  -62.450  34.539 1.0000000000
19351  6.336  -62.180  35.097 1.0000000000
141497  -0.530  -66.742  38.329 0.8999999762
17547  6.111  -62.777  35.079 1.0000000000
148524  5.700  -62.493  34.001 1.0000000000
19357  5.696  -61.927  33.988 1.0000000000
17571  5.713  -62.697  33.928 1.0000000000
138473  -0.786  -65.957  38.707 0.8999999762
17556  5.853  -62.788  34.334 1.0000000000
18451  5.628  -62.173  33.478 1.0000000000
17581  5.827  -62.577  33.326 1.0000000000
15987  3.372  -65.386  30.771 1.0000000000
166883  5.190  -65.047  30.696 1.0000000000
16003  -0.898  -65.816  29.267 0.8999999762
16776  1.435  -64.273  29.828 1.0000000000
16774  4.337  -64.547  30.337 1.0000000000
16777  0.002  -64.475  29.487 1.0000000000
17491  4.686  -63.554  39.825 1.0000000000
151799  4.162  -64.308  39.736 1.0000000000
17493  2.993  -63.552  39.540 1.0000000000
15899  2.816  -65.176  39.126 1.0000000000
16673  2.392  -64.285  38.988 1.0000000000
19306  6.497  -61.421  38.879 1.0000000000
19307  6.013  -62.139  38.843 1.0000000000
17490  5.316  -62.956  39.850 1.0000000000
17483  4.318  -63.071  40.107 1.0000000000
18373  3.589  -62.785  40.050 1.0000000000
18385  2.581  -62.792  39.504 1.0000000000
20274  7.361  -61.340  38.038 1.0000000000
19320  6.834  -61.859  38.040 1.0000000000
17503  1.557  -63.182  38.007 1.0000000000
164782  1.088  -64.713  37.787 1.0000000000
138832  7.038  -61.616  36.538 1.0000000000
145003  6.568  -62.061  35.924 1.0000000000
16698  0.122  -63.736  37.164 1.0000000000
15908  0.195  -65.281  37.222 1.0000000000
19349  7.555  -61.583  36.056 1.0000000000
19350  6.772  -61.820  35.639 1.0000000000
16687  -0.050  -64.414  37.277 0.8999999762
15909  -0.226  -65.244  37.761 0.8999999762
162809  6.025  -61.891  34.433 1.0000000000
149614  -0.630  -64.592  38.259 0.8999999762
19355  7.576  -61.541  35.250 1.0000000000
19356  6.522  -61.625  34.808 1.0000000000
16689  -1.561  -64.144  39.128 0.8999999762
18462  5.696  -62.272  32.534 1.0000000000
16773  5.527  -64.217  30.439 1.0000000000
16792  2.145  -63.457  29.417 1.0000000000
16775  2.864  -64.386  30.135 1.0000000000
16791  3.570  -63.482  29.741 1.0000000000
17607  4.884  -63.499  30.018 1.0000000000
155517  0.243  -64.218  28.852 0.8999999762
17620  1.986  -63.635  27.781 0.8000000119
19293  6.307  -61.599  39.789 1.0000000000
18371  5.267  -62.341  40.283 1.0000000000
19283  3.806  -61.891  40.472 1.0000000000
19284  2.878  -62.031  40.021 1.0000000000
18400  1.977  -62.775  38.776 1.0000000000
20260  7.582  -60.459  38.161 1.0000000000
20261  7.003  -60.845  38.619 1.0000000000
161733  6.554  -60.875  39.820 1.0000000000
20223  5.567  -60.724  40.430 1.0000000000
20224  4.450  -60.576  40.521 1.0000000000
139797  3.038  -61.122  40.343 1.0000000000
19308  2.079  -61.993  39.112 1.0000000000
18401  1.508  -62.377  38.148 1.0000000000
18414  0.860  -62.824  37.558 1.0000000000
16686  0.494  -64.451  37.459 1.0000000000
19334  7.951  -61.262  36.622 1.0000000000
20243  2.233  -60.604  39.882 1.0000000000
19354  8.615  -61.428  35.138 1.0000000000
18402  0.724  -62.000  37.599 1.0000000000
18415  0.169  -62.528  37.159 1.0000000000
18416  -0.417  -62.258  37.141 1.0000000000
17504  -0.577  -63.134  37.431 0.8999999762
17505  -1.446  -63.321  38.350 0.8999999762
19371  8.174  -61.236  34.417 1.0000000000
19373  6.113  -61.223  34.051 1.0000000000
19372  6.930  -61.005  34.413 1.0000000000
19374  5.738  -61.373  33.470 1.0000000000
19383  5.503  -61.594  32.815 1.0000000000
20338  7.447  -60.669  33.744 1.0000000000
20339  6.459  -60.575  33.595 1.0000000000
18461  6.157  -62.777  31.709 1.0000000000
18467  6.152  -63.062  30.874 1.0000000000
17592  5.692  -63.350  30.370 1.0000000000
17619  2.681  -62.837  28.371 1.0000000000
16793  1.026  -63.743  29.201 1.0000000000
17610  1.125  -63.747  28.783 0.8999999762
21286  7.980  -60.054  37.413 1.0000000000
21271  7.339  -59.423  37.980 1.0000000000
22167  6.462  -58.899  38.292 1.0000000000
145195  6.257  -59.372  38.862 1.0000000000
146738  4.859  -59.867  40.229 1.0000000000
20305  9.045  -60.914  35.790 1.0000000000
20289  8.489  -60.825  36.362 1.0000000000
20242  6.619  -60.128  39.299 1.0000000000
21232  5.602  -59.913  40.103 1.0000000000
20225  3.494  -60.396  40.381 1.0000000000
156926  2.745  -60.281  40.135 1.0000000000
19348  8.414  -61.324  35.843 1.0000000000
161092  8.131  -60.710  36.981 1.0000000000
20244  1.586  -60.082  39.304 1.0000000000
19309  1.375  -61.500  38.244 1.0000000000
19310  0.531  -61.060  37.536 1.0000000000
19322  0.017  -61.620  36.943 1.0000000000
18417  -1.242  -61.754  37.446 0.8999999762
149787  -2.256  -62.648  38.636 0.8999999762
20340  6.013  -60.769  33.397 1.0000000000
166228  8.194  -60.916  33.775 1.0000000000
20358  5.713  -60.842  32.723 1.0000000000
19392  5.217  -61.692  32.044 1.0000000000
18468  5.657  -62.361  31.364 1.0000000000
18475  5.563  -62.657  30.405 1.0000000000
17606  5.107  -62.794  29.970 1.0000000000
18494  4.362  -62.062  29.536 1.0000000000
17609  1.823  -63.192  28.977 1.0000000000
17608  2.905  -62.823  29.173 1.0000000000
149579  4.200  -62.766  29.561 1.0000000000
18508  3.148  -62.234  27.663 0.8999999762
18495  3.497  -62.251  28.894 1.0000000000
18509  2.219  -62.780  26.730 0.8000000119
19437  3.327  -61.348  26.571 0.6999999881
153341  8.163  -59.512  36.552 1.0000000000
22181  7.481  -58.993  37.138 1.0000000000
22149  5.634  -58.647  38.607 1.0000000000
21249  5.797  -59.415  39.488 1.0000000000
21304  8.293  -60.251  36.667 1.0000000000
22183  5.454  -57.751  37.639 1.0000000000
22150  4.908  -58.564  38.907 1.0000000000
21233  4.284  -59.190  39.755 1.0000000000
21235  2.930  -59.489  39.806 1.0000000000
153125  9.407  -61.135  35.209 1.0000000000
20226  2.169  -59.757  39.709 1.0000000000
20262  1.162  -60.526  38.288 1.0000000000
20275  -0.120  -60.655  36.829 1.0000000000
19323  -0.498  -61.256  36.981 1.0000000000
19324  -1.258  -61.016  37.405 1.0000000000
20316  9.234  -61.299  34.563 1.0000000000
157957  -2.039  -62.074  38.083 0.8999999762
145505  -3.003  -61.969  38.685 0.8000000119
20337  8.951  -61.075  33.665 1.0000000000
140780  8.177  -60.622  33.180 1.0000000000
20356  7.190  -60.119  32.834 1.0000000000
20357  6.124  -60.288  32.953 1.0000000000
20373  5.067  -60.640  31.864 1.0000000000
19384  5.258  -61.166  32.083 1.0000000000
20374  4.308  -60.690  31.648 1.0000000000
19393  4.559  -61.160  31.646 1.0000000000
19394  3.643  -60.643  31.464 1.0000000000
20392  3.127  -60.610  30.873 1.0000000000
19402  5.097  -61.879  30.803 1.0000000000
19404  4.173  -61.248  30.946 1.0000000000
18476  5.078  -62.320  30.053 1.0000000000
19403  4.650  -61.774  29.934 1.0000000000
19415  4.131  -61.205  30.059 1.0000000000
19414  4.208  -61.505  29.136 0.8999999762
19425  3.383  -61.703  27.375 0.6999999881
20420  4.549  -60.725  27.980 0.6999999881
142752  4.832  -60.048  27.351 0.6999999881
22182  6.586  -58.411  37.496 1.0000000000
21318  9.791  -60.323  35.436 1.0000000000
21303  8.944  -60.043  35.951 1.0000000000
22200  7.699  -58.529  36.235 1.0000000000
23179  5.773  -57.260  36.856 1.0000000000
156651  3.991  -58.350  38.905 1.0000000000
20315  10.150  -61.130  34.656 1.0000000000
22168  4.637  -57.773  37.940 1.0000000000
21234  3.349  -58.716  39.307 1.0000000000
21251  2.131  -58.851  39.231 1.0000000000
21252  1.554  -59.189  39.174 1.0000000000
151021  0.316  -59.973  37.449 1.0000000000
20276  -0.563  -60.428  36.958 1.0000000000
159662  -1.934  -60.849  38.029 0.8000000119
20264  -2.834  -60.671  38.704 0.8000000119
20336  9.911  -61.129  33.898 1.0000000000
140504  9.771  -60.802  32.864 1.0000000000
20372  5.768  -60.316  32.012 1.0000000000
161227  8.940  -60.675  32.780 1.0000000000
20355  8.391  -60.195  32.288 1.0000000000
20371  6.572  -59.903  32.009 1.0000000000
21365  4.182  -60.135  31.709 1.0000000000
20375  2.648  -60.172  31.399 1.0000000000
20376  1.433  -59.781  30.939 1.0000000000
20409  2.448  -60.218  30.471 1.0000000000
20408  3.702  -60.854  29.754 1.0000000000
18507  3.725  -61.701  28.476 0.8000000119
20407  4.079  -61.128  28.678 0.6999999881
21408  2.970  -60.252  29.930 1.0000000000
20421  4.011  -60.605  28.969 0.8000000119
21419  4.832  -59.118  27.878 0.8000000119
24239  6.642  -56.296  35.359 1.0000000000
23195  6.172  -56.831  36.198 1.0000000000
21323  10.448  -60.622  35.168 1.0000000000
22215  9.607  -58.989  35.005 1.0000000000
154500  8.959  -58.400  34.704 1.0000000000
23194  7.171  -57.513  35.834 1.0000000000
23178  6.845  -57.938  36.718 1.0000000000
23180  4.396  -56.371  36.394 1.0000000000
156661  4.007  -57.804  38.061 1.0000000000
21322  10.913  -60.634  34.774 1.0000000000
156585  2.514  -57.859  38.373 1.0000000000
21274  0.402  -58.988  37.773 1.0000000000
22184  0.355  -58.654  37.830 0.8999999762
21288  0.122  -59.203  37.310 0.8999999762
22186  -0.623  -58.757  37.565 0.8999999762
21276  -2.603  -59.719  38.891 0.8000000119
21254  -2.264  -59.297  39.830 0.6999999881
20314  10.766  -60.881  34.115 1.0000000000
20263  -1.608  -60.223  37.840 0.8999999762
20335  10.595  -60.871  33.290 1.0000000000
160931  10.489  -60.747  32.497 1.0000000000
20354  10.090  -60.661  31.850 1.0000000000
140149  9.318  -60.424  32.042 1.0000000000
21363  6.115  -59.500  31.631 1.0000000000
20391  8.839  -60.168  31.313 1.0000000000
20370  7.762  -59.756  31.601 1.0000000000
22249  5.710  -58.943  31.442 1.0000000000
21364  5.169  -59.807  31.715 1.0000000000
150422  4.646  -59.222  31.587 1.0000000000
21366  3.301  -59.366  31.717 1.0000000000
164595  2.464  -58.903  31.769 1.0000000000
21367  1.904  -59.379  31.582 1.0000000000
21368  0.519  -59.036  31.308 1.0000000000
159315  3.292  -60.151  31.551 1.0000000000
21409  1.386  -59.693  30.430 1.0000000000
21420  4.481  -59.921  28.401 0.8000000119
22311  3.918  -58.895  28.964 0.8000000119
22214  10.263  -59.244  35.276 1.0000000000
22221  9.505  -58.286  33.869 1.0000000000
23207  8.666  -57.635  34.214 1.0000000000
23208  7.716  -57.005  34.891 1.0000000000
23196  4.845  -56.044  35.862 0.8999999762
23161  4.062  -56.814  36.834 1.0000000000
20313  11.374  -60.589  34.496 1.0000000000
136412  3.251  -56.645  36.805 0.8999999762
137473  1.887  -57.523  38.137 0.8999999762
21253  1.109  -58.683  38.663 0.8999999762
20334  11.436  -60.546  33.665 1.0000000000
156846  1.950  -56.310  37.034 0.8999999762
22169  0.716  -57.984  37.920 0.8999999762
22185  -0.001  -58.142  37.537 0.8999999762
22170  -1.372  -58.522  38.551 0.8000000119
22171  -2.519  -58.176  39.463 0.6000000238
162376  -2.686  -57.884  39.988 0.5000000000
22137  -2.272  -57.711  40.091 0.4000000060
150081  -1.679  -57.604  40.642 0.3000000119
138643  11.160  -60.695  32.690 1.0000000000
139987  10.842  -60.785  31.820 1.0000000000
20369  9.668  -60.499  31.170 1.0000000000
20390  9.356  -60.113  30.642 1.0000000000
21384  8.522  -59.739  30.690 1.0000000000
21385  7.656  -59.333  30.800 1.0000000000
156083  6.974  -59.396  31.476 1.0000000000
22250  5.235  -58.299  31.265 1.0000000000
22251  4.163  -58.375  31.524 1.0000000000
23245  3.606  -57.349  31.429 1.0000000000
22252  2.937  -58.322  31.782 1.0000000000
153819  1.817  -58.318  31.786 1.0000000000
22253  0.705  -58.412  31.567 1.0000000000
22271  -0.182  -58.579  30.793 1.0000000000
21386  6.778  -58.845  31.066 1.0000000000
22269  6.164  -58.182  30.937 1.0000000000
23261  4.787  -57.475  31.106 1.0000000000
161102  7.589  -58.740  30.410 1.0000000000
24311  2.279  -55.440  29.683 0.8000000119
23287  1.877  -56.908  30.351 0.8000000119
22270  0.343  -58.195  30.375 1.0000000000
163153  0.677  -59.406  30.621 1.0000000000
24330  2.774  -55.300  28.676 0.6999999881
22294  2.487  -58.159  29.886 0.8000000119
22295  1.058  -59.090  30.155 1.0000000000
23286  2.924  -56.673  29.349 0.8000000119
151922  2.570  -59.458  29.843 0.8999999762
22310  4.380  -58.045  28.132 0.6999999881
22318  5.128  -58.491  27.434 0.5000000000
21317  10.763  -60.156  35.431 1.0000000000
22220  10.151  -58.160  33.962 1.0000000000
23215  9.834  -57.433  32.775 1.0000000000
23216  9.101  -57.056  32.797 1.0000000000
24250  7.520  -55.597  34.307 1.0000000000
23079  -1.137  -56.697  43.810 0.1000000015
24111  -2.254  -56.655  43.470 0.1000000015
21316  11.262  -60.474  35.229 1.0000000000
24251  5.849  -54.970  34.710 0.8999999762
24240  5.389  -55.661  35.493 0.8999999762
137623  3.432  -54.669  35.147 0.8999999762
24110  -1.397  -56.312  43.276 0.2000000030
141297  -1.981  -55.026  42.213 0.2000000030
161466  11.997  -60.443  34.446 1.0000000000
136413  1.245  -56.727  37.558 0.8999999762
137890  0.280  -57.092  37.517 0.8999999762
136421  -0.165  -55.467  37.372 0.8000000119
23163  -1.502  -57.239  38.610 0.6999999881
23146  -1.977  -57.360  39.666 0.4000000060
23127  -1.365  -56.502  40.293 0.4000000060
147004  -1.603  -56.906  40.799 0.3000000119
23110  -1.959  -56.634  41.656 0.3000000119
20333  12.381  -60.225  33.779 1.0000000000
162803  -0.674  -58.044  38.013 0.8999999762
21335  12.013  -60.298  32.901 1.0000000000
20352  12.611  -60.384  32.094 1.0000000000
20368  10.468  -60.790  30.955 1.0000000000
160973  9.992  -60.407  30.635 1.0000000000
160023  10.468  -60.488  30.359 1.0000000000
23246  2.273  -57.312  31.606 1.0000000000
23247  1.042  -57.461  31.551 1.0000000000
23264  -0.051  -57.977  30.968 1.0000000000
20389  10.016  -59.956  30.144 1.0000000000
21407  9.173  -59.581  30.129 1.0000000000
22267  8.383  -59.063  30.097 1.0000000000
144433  5.630  -57.631  30.833 1.0000000000
158676  5.603  -56.064  30.188 1.0000000000
150962  4.822  -55.573  30.289 1.0000000000
24285  2.843  -56.208  31.219 0.8999999762
24286  1.687  -56.332  31.175 0.8999999762
166294  9.117  -59.036  29.736 1.0000000000
22268  7.061  -58.136  30.417 1.0000000000
160692  7.236  -57.507  29.922 1.0000000000
23260  6.387  -57.408  30.357 1.0000000000
24309  6.314  -56.458  30.057 1.0000000000
24312  2.026  -54.551  29.650 0.8999999762
154885  1.858  -56.078  30.557 0.8000000119
22292  8.786  -58.412  29.530 1.0000000000
22293  7.894  -58.167  29.797 1.0000000000
145063  10.849  -59.977  35.664 1.0000000000
22219  10.473  -58.021  34.424 1.0000000000
23214  10.449  -57.606  33.240 1.0000000000
161706  9.606  -57.333  32.882 1.0000000000
23227  9.495  -56.745  32.384 1.0000000000
24260  8.640  -55.980  33.183 1.0000000000
24109  -0.265  -56.046  43.037 0.1000000015
165287  11.755  -60.580  34.957 1.0000000000
25184  5.260  -53.946  34.644 0.8999999762
24252  4.603  -54.662  34.905 0.8999999762
136409  2.787  -55.172  35.631 0.8999999762
158815  1.936  -55.249  35.974 0.8999999762
24159  -1.883  -54.946  41.873 0.2000000030
23109  -1.957  -56.003  41.486 0.3000000119
136417  0.814  -56.706  37.490 0.8999999762
136427  0.480  -55.097  36.821 0.6999999881
136420  -1.052  -55.805  38.047 0.6000000238
23145  -1.391  -56.134  39.031 0.5000000000
159950  12.901  -60.070  33.088 1.0000000000
136428  -0.052  -54.824  38.201 0.6999999881
152116  12.033  -60.731  31.337 1.0000000000
20387  11.879  -60.817  30.576 1.0000000000
20367  11.273  -60.952  31.070 1.0000000000
20388  11.068  -60.800  30.329 1.0000000000
24310  5.701  -55.237  29.850 0.8999999762
24294  3.352  -54.973  30.377 0.8999999762
24295  2.370  -55.479  30.580 0.8999999762
23263  0.682  -57.209  30.718 0.8999999762
23284  7.758  -57.406  29.516 1.0000000000
23285  7.231  -56.779  29.625 1.0000000000
26111  4.467  -53.216  28.910 0.6000000238
26072  2.826  -53.214  29.658 0.6999999881
26073  2.093  -53.177  29.482 0.6999999881
138710  2.140  -55.432  30.319 0.8000000119
21301  11.205  -60.403  36.100 0.8999999762
22213  10.501  -59.029  35.502 1.0000000000
23206  10.820  -57.253  33.999 1.0000000000
24257  9.346  -56.688  32.787 1.0000000000
137664  8.585  -55.607  33.476 1.0000000000
153426  8.239  -54.864  33.662 1.0000000000
25183  6.651  -54.146  34.235 0.8999999762
24158  -1.303  -55.057  41.903 0.2000000030
20312  12.849  -60.533  34.598 1.0000000000
20304  12.333  -60.760  35.151 1.0000000000
153822  11.761  -60.780  35.558 0.8999999762
24248  9.514  -57.008  33.875 1.0000000000
136435  7.421  -53.352  34.111 0.8999999762
136431  4.976  -53.631  35.007 0.8999999762
24253  3.914  -54.515  34.941 0.8999999762
24177  -0.966  -55.660  40.975 0.2000000030
20332  13.352  -60.199  33.919 0.8999999762
24195  -0.943  -55.256  39.539 0.4000000060
137898  -0.658  -54.438  38.667 0.5000000000
161754  13.396  -60.162  32.517 0.8999999762
21362  13.495  -60.358  31.635 1.0000000000
20405  11.716  -60.428  29.855 1.0000000000
20406  10.827  -60.256  29.886 1.0000000000
21406  10.508  -59.529  29.648 1.0000000000
142064  9.757  -59.291  29.699 1.0000000000
23282  9.346  -57.835  29.090 1.0000000000
23283  8.487  -57.489  29.250 1.0000000000
145411  7.929  -56.876  29.273 1.0000000000
24308  7.643  -56.109  29.277 1.0000000000
146209  6.785  -55.756  29.660 1.0000000000
26090  4.896  -53.355  28.968 0.6999999881
21302  10.732  -59.549  36.294 0.8999999762
20303  13.175  -61.108  35.369 0.8999999762
19347  12.450  -61.219  35.975 0.8999999762
22198  10.501  -58.552  36.463 0.8999999762
23192  10.415  -56.896  34.907 1.0000000000
24249  10.405  -56.230  34.192 1.0000000000
24258  8.997  -56.112  34.039 1.0000000000
136434  8.524  -53.733  33.903 1.0000000000
140689  6.972  -52.658  34.392 0.8999999762
136432  6.223  -53.291  34.412 0.8999999762
137427  3.196  -53.689  35.334 0.8999999762
136426  2.083  -53.899  35.559 0.8999999762
20331  14.358  -60.346  33.986 0.8999999762
21334  13.833  -60.118  33.201 0.8999999762
149749  12.756  -60.632  30.877 0.8999999762
20366  13.668  -60.479  30.608 0.8999999762
20386  13.119  -60.553  30.061 1.0000000000
155945  12.420  -60.663  30.117 1.0000000000
20404  12.588  -60.257  29.814 1.0000000000
21405  11.284  -59.661  29.579 1.0000000000
21404  12.103  -59.640  29.557 1.0000000000
141762  10.956  -59.026  29.403 1.0000000000
22290  10.316  -58.810  29.359 1.0000000000
22291  9.566  -58.604  29.392 1.0000000000
24307  9.152  -57.082  28.820 1.0000000000
24329  8.537  -56.424  28.923 1.0000000000
25239  7.238  -55.145  29.303 1.0000000000
26088  6.840  -54.140  29.231 0.8000000119
26955  6.411  -52.855  28.776 0.6000000238
22309  11.042  -58.260  29.078 1.0000000000
23281  10.140  -58.064  28.998 1.0000000000
24328  9.451  -56.392  28.501 1.0000000000
25263  8.918  -55.566  28.514 1.0000000000
26136  6.267  -53.491  28.461 0.6000000238
160219  10.684  -57.477  28.710 1.0000000000
23304  9.941  -57.206  28.604 1.0000000000
145928  10.367  -56.405  28.326 1.0000000000
25262  9.833  -55.630  28.259 1.0000000000
20288  11.711  -60.976  36.281 0.8000000119
21285  10.881  -60.110  36.969 0.6999999881
20311  13.913  -60.796  34.772 0.8000000119
24238  9.880  -56.064  35.555 0.6999999881
142381  15.230  -60.545  34.098 0.8999999762
21333  14.945  -60.226  33.228 0.8999999762
21351  14.193  -60.156  32.352 0.8999999762
141082  14.320  -60.280  31.309 0.8999999762
164877  13.910  -60.306  29.943 0.8999999762
164205  13.245  -60.147  29.818 0.8999999762
21403  13.663  -59.656  29.653 0.8999999762
151330  12.900  -59.585  29.587 1.0000000000
22289  11.654  -58.915  29.327 1.0000000000
25238  8.079  -55.414  28.978 1.0000000000
26087  7.603  -54.616  29.060 0.8999999762
26109  7.427  -53.786  29.043 0.8999999762
26954  6.614  -53.233  28.982 0.6999999881
23303  11.493  -57.421  28.693 1.0000000000
26107  9.341  -54.837  28.260 1.0000000000
26108  8.326  -54.553  28.625 0.8999999762
163753  10.488  -56.980  28.483 1.0000000000
25261  10.765  -55.536  28.092 1.0000000000
19333  12.095  -61.347  36.789 0.6000000238
20273  11.389  -60.860  37.073 0.6999999881
154591  14.634  -61.148  35.272 0.8999999762
20302  14.086  -61.404  35.655 0.8000000119
19346  13.429  -61.536  36.208 0.8000000119
146820  10.629  -59.227  37.516 0.6000000238
23176  10.327  -57.663  36.735 0.6000000238
20310  14.918  -60.869  34.676 0.8999999762
20330  15.930  -60.564  33.848 0.8999999762
20351  15.960  -60.406  32.923 0.8999999762
139996  16.241  -60.480  32.019 0.8999999762
21350  15.199  -60.274  31.993 0.8999999762
138440  15.002  -60.177  30.850 0.8999999762
21361  15.797  -60.130  31.147 0.8999999762
21383  14.740  -60.219  30.001 0.8999999762
21402  14.442  -59.802  29.764 0.8999999762
22287  13.323  -58.870  29.368 0.8999999762
22288  12.499  -58.855  29.316 1.0000000000
22286  14.135  -58.990  29.476 0.8999999762
22308  12.027  -58.110  29.017 1.0000000000
26953  8.043  -53.380  28.705 0.8999999762
145238  7.329  -52.471  28.951 0.8000000119
154268  6.805  -52.518  28.920 0.6000000238
148137  9.051  -53.327  28.111 0.8999999762
24326  11.701  -56.564  28.367 1.0000000000
24327  10.975  -56.832  28.477 1.0000000000
26106  10.152  -54.959  28.106 1.0000000000
26952  8.919  -54.074  28.260 1.0000000000
26133  10.813  -54.650  27.811 1.0000000000
143470  15.294  -60.978  35.379 0.8000000119
20301  14.748  -61.245  35.892 0.6000000238
19345  14.152  -61.503  36.432 0.6000000238
19332  12.818  -61.554  36.673 0.6999999881
158629  11.947  -61.404  37.464 0.4000000060
20309  15.860  -60.733  34.757 0.8999999762
22180  10.398  -58.045  37.647 0.6000000238
20329  16.802  -60.543  33.590 0.8999999762
21382  15.507  -60.066  30.150 0.8999999762
152920  15.132  -59.839  29.845 0.8999999762
28779  6.693  -51.326  28.624 0.6000000238
138636  14.966  -59.205  29.535 0.8999999762
22305  14.663  -58.366  29.207 1.0000000000
22306  13.821  -58.167  29.097 1.0000000000
22307  12.938  -58.081  29.014 1.0000000000
26975  8.218  -52.512  28.482 0.8999999762
27869  6.851  -52.052  28.993 0.6000000238
147691  6.390  -51.819  28.467 0.5000000000
23301  13.469  -57.334  28.697 1.0000000000
159328  9.228  -52.534  27.906 1.0000000000
156356  13.168  -56.570  28.389 1.0000000000
23302  12.481  -57.182  28.601 1.0000000000
156355  12.501  -56.046  28.191 1.0000000000
26134  9.899  -54.126  27.988 1.0000000000
26974  10.021  -53.186  27.712 1.0000000000
164951  11.089  -56.215  28.246 1.0000000000
25283  11.427  -55.098  27.840 1.0000000000
26973  10.846  -53.754  27.604 1.0000000000
20300  15.817  -60.514  35.426 0.8000000119
20286  15.273  -60.624  36.066 0.5000000000
19330  14.150  -61.397  37.218 0.5000000000
19331  13.465  -61.657  37.099 0.3000000119
148231  16.508  -60.502  34.345 0.8999999762
20328  17.521  -60.293  33.712 0.8000000119
20349  17.420  -60.411  32.964 0.8999999762
21349  17.165  -60.617  32.077 0.8999999762
21359  17.602  -60.259  31.251 0.8999999762
21360  16.645  -60.175  31.212 0.8999999762
157323  16.212  -59.948  30.453 0.8999999762
21401  15.965  -59.470  29.740 0.8999999762
141593  7.097  -50.767  28.382 0.6000000238
166443  9.418  -51.892  27.706 1.0000000000
28792  8.910  -51.155  27.684 1.0000000000
27868  7.271  -51.660  28.769 0.8999999762
28808  6.525  -50.760  28.008 0.6000000238
161476  15.209  -57.886  28.984 1.0000000000
23300  14.478  -57.437  28.749 1.0000000000
25282  12.155  -55.191  27.816 1.0000000000
26131  12.689  -54.585  27.593 1.0000000000
26132  11.737  -54.308  27.595 1.0000000000
143781  10.874  -52.866  27.409 1.0000000000
27887  10.134  -52.377  27.540 1.0000000000
24325  13.940  -56.566  28.367 1.0000000000
156217  11.619  -55.769  28.107 1.0000000000
26972  11.637  -53.294  27.348 1.0000000000
144048  16.541  -59.425  35.430 0.5000000000
21315  15.982  -59.960  35.800 0.6999999881
22196  15.108  -59.425  36.489 0.4000000060
21300  14.768  -60.256  36.738 0.2000000030
20272  14.531  -60.523  37.396 0.3000000119
21314  16.528  -60.183  35.047 0.6999999881
22179  14.681  -58.565  37.478 0.1000000015
20308  17.175  -60.250  34.350 0.8000000119
21332  18.089  -60.070  33.299 0.8000000119
21348  18.161  -60.357  32.267 0.8000000119
145424  18.572  -60.141  31.286 0.8999999762
21400  16.864  -59.178  29.657 0.8999999762
22284  16.440  -58.616  29.317 0.8999999762
22285  15.519  -58.571  29.283 0.8999999762
23280  16.021  -57.893  28.961 0.8999999762
28793  7.849  -51.117  28.345 0.8999999762
23299  15.489  -57.230  28.606 1.0000000000
28791  10.215  -51.590  27.287 1.0000000000
29670  7.919  -50.638  28.035 0.8999999762
29682  7.773  -49.598  27.184 0.8000000119
25260  13.400  -55.872  28.079 1.0000000000
156331  12.881  -55.329  27.865 1.0000000000
26971  12.437  -53.696  27.316 1.0000000000
27886  11.501  -52.460  27.118 1.0000000000
28807  9.829  -50.822  27.032 1.0000000000
25281  13.614  -55.031  27.668 1.0000000000
22197  14.684  -58.458  36.866 0.2000000030
21313  17.282  -59.434  34.899 0.5000000000
21321  17.854  -59.820  34.125 0.5000000000
148499  18.716  -59.620  32.822 0.8000000119
154632  19.052  -59.838  31.985 0.6999999881
21398  18.524  -59.363  29.869 0.8000000119
21399  17.620  -59.305  29.765 0.8999999762
23279  16.889  -57.945  28.952 0.8999999762
22283  17.262  -58.613  29.371 0.8999999762
29671  7.385  -50.130  27.833 0.8000000119
29672  6.826  -50.131  27.755 0.6000000238
23298  16.454  -57.248  28.545 0.8999999762
25258  15.188  -55.828  27.880 1.0000000000
25259  14.265  -55.824  27.963 1.0000000000
30629  9.004  -49.736  26.672 1.0000000000
29681  8.629  -50.341  27.299 1.0000000000
30630  6.949  -48.882  27.033 0.8000000119
30623  6.891  -49.559  27.380 0.6999999881
29683  6.528  -49.476  27.131 0.4000000060
156929  6.409  -50.260  27.100 0.4000000060
27885  12.250  -52.825  27.023 1.0000000000
28790  11.205  -51.746  26.972 1.0000000000
28806  10.821  -51.122  26.796 1.0000000000
154659  13.279  -54.084  27.308 1.0000000000
27884  13.024  -53.225  26.993 1.0000000000
22211  16.806  -58.570  35.428 0.3000000119
22212  15.901  -58.757  35.931 0.3000000119
23205  15.325  -57.643  36.099 0.3000000119
23190  14.770  -57.646  36.633 0.1000000015
23175  14.548  -57.597  37.275 0.1000000015
23203  17.074  -57.653  35.329 0.4000000060
163528  14.873  -57.210  36.402 0.1000000015
21320  18.077  -58.991  34.426 0.5000000000
24226  14.571  -56.855  36.776 0.1000000015
25160  14.332  -56.046  37.016 0.1000000015
25159  14.600  -55.865  37.509 0.1000000015
21331  18.494  -59.335  33.690 0.5000000000
26025  14.812  -55.073  37.628 0.1000000015
26893  14.659  -53.459  37.401 0.1000000015
22229  19.149  -58.862  33.161 0.5000000000
27819  14.893  -52.600  37.800 0.1000000015
21347  19.371  -59.244  32.445 0.6000000238
21379  19.001  -59.790  30.544 0.8000000119
22282  18.064  -58.676  29.470 0.8000000119
161098  18.469  -58.134  29.229 0.8000000119
23296  18.487  -57.423  28.797 0.8000000119
23297  17.391  -57.309  28.627 0.8999999762
24323  16.948  -56.649  28.140 0.8999999762
156414  15.929  -56.475  28.123 1.0000000000
160762  15.936  -55.795  27.770 1.0000000000
31622  6.873  -47.969  26.605 0.8000000119
31638  5.961  -47.740  26.302 0.5000000000
29684  6.156  -49.703  26.347 0.4000000060
25279  15.555  -55.220  27.583 1.0000000000
25280  14.643  -55.140  27.628 1.0000000000
27908  12.047  -51.981  26.693 1.0000000000
28805  11.523  -51.383  26.588 1.0000000000
144539  9.663  -50.248  26.737 1.0000000000
30647  8.256  -48.915  26.542 0.8999999762
28824  6.193  -50.624  25.944 0.1000000015
26130  14.200  -54.374  27.346 1.0000000000
26970  13.864  -53.553  27.054 1.0000000000
27907  12.861  -52.429  26.738 1.0000000000
26997  13.591  -52.731  26.801 1.0000000000
23204  16.260  -57.760  35.694 0.3000000119
24247  15.804  -57.073  35.838 0.2000000030
24237  15.096  -56.747  36.203 0.1000000015
22210  17.541  -58.400  34.987 0.5000000000
24246  16.519  -56.915  35.546 0.4000000060
25170  14.634  -56.204  36.635 0.1000000015
26031  14.506  -55.471  36.722 0.1000000015
22218  18.100  -58.182  34.582 0.4000000060
26026  14.378  -55.251  37.106 0.1000000015
22217  18.713  -58.369  33.959 0.4000000060
26894  14.202  -53.548  36.880 0.1000000015
23224  19.382  -57.956  33.250 0.4000000060
21346  19.871  -59.302  31.648 0.6999999881
21357  20.383  -59.084  30.950 0.6999999881
21397  19.509  -59.322  29.986 0.8000000119
22266  20.328  -59.015  30.265 0.6999999881
152716  18.954  -58.714  29.534 0.8000000119
23277  19.311  -58.033  29.188 0.8000000119
24322  17.937  -56.648  28.291 0.8000000119
25257  17.418  -55.998  27.826 0.8000000119
32599  6.262  -47.219  26.076 0.6999999881
162647  5.737  -48.116  26.112 0.3000000119
154879  5.749  -48.478  25.238 0.3000000119
30648  5.867  -49.173  25.692 0.1000000015
155683  17.232  -55.370  27.536 0.8000000119
25278  16.456  -55.366  27.555 1.0000000000
29701  10.930  -50.235  25.993 1.0000000000
30646  9.375  -48.755  25.942 0.8999999762
31637  8.319  -48.057  26.049 0.8999999762
29702  5.982  -50.320  25.159 0.1000000015
26129  15.140  -54.527  27.329 1.0000000000
26969  14.760  -53.795  27.026 1.0000000000
153605  12.865  -51.803  26.415 1.0000000000
29679  11.293  -50.877  26.318 1.0000000000
30645  10.335  -49.434  25.823 1.0000000000
29712  6.305  -50.740  24.426 0.1000000015
26996  14.410  -53.007  26.760 1.0000000000
160057  13.409  -52.132  26.584 1.0000000000
28804  12.124  -51.291  26.225 1.0000000000
145935  11.696  -50.679  25.894 1.0000000000
25180  15.844  -56.366  35.837 0.2000000030
25169  15.082  -55.909  36.205 0.1000000015
23213  17.756  -57.574  34.893 0.3000000119
24245  17.375  -56.741  35.141 0.3000000119
159569  15.782  -55.659  35.813 0.2000000030
26032  14.404  -54.435  36.676 0.1000000015
23212  18.387  -57.575  34.402 0.3000000119
23225  18.930  -57.418  33.817 0.4000000060
22240  19.837  -58.482  32.393 0.5000000000
22248  20.381  -58.557  31.408 0.6000000238
140116  20.675  -58.484  30.574 0.6000000238
23259  21.126  -57.759  30.172 0.5000000000
23276  20.336  -57.881  29.317 0.8000000119
23295  19.748  -57.330  28.784 0.8000000119
25256  18.477  -55.948  27.906 0.8000000119
31647  5.749  -47.460  25.861 0.5000000000
31654  5.930  -47.519  24.657 0.1000000015
30669  6.401  -48.953  23.826 0.1000000015
25277  17.932  -55.458  27.641 0.8000000119
26128  16.068  -54.630  27.295 0.8000000119
26968  15.704  -53.917  26.978 1.0000000000
26995  15.332  -53.197  26.661 0.8999999762
31635  10.116  -48.707  25.293 1.0000000000
33606  6.435  -46.508  25.590 0.6999999881
27906  14.080  -52.211  26.595 1.0000000000
29700  12.444  -50.925  25.689 1.0000000000
29708  12.029  -50.401  25.368 1.0000000000
25188  17.553  -55.827  35.018 0.2000000030
140241  16.191  -55.061  35.512 0.1000000015
26041  15.084  -54.977  36.053 0.1000000015
24256  18.074  -56.928  34.668 0.3000000119
148052  17.880  -55.086  34.725 0.2000000030
26042  14.787  -54.003  35.914 0.1000000015
26899  14.318  -53.465  36.293 0.1000000015
149645  18.588  -56.975  34.224 0.3000000119
25194  18.967  -55.712  33.882 0.3000000119
141637  15.729  -54.256  35.470 0.1000000015
161232  14.644  -53.281  35.737 0.1000000015
24263  18.980  -56.594  33.785 0.3000000119
24271  19.853  -56.525  32.600 0.3000000119
23235  19.902  -57.459  32.631 0.3000000119
153559  20.141  -56.990  32.102 0.3000000119
23243  20.762  -57.826  30.966 0.5000000000
23275  21.095  -57.553  29.556 0.8000000119
24320  20.313  -56.573  28.529 0.8000000119
25255  19.790  -55.741  28.040 0.8000000119
26126  17.815  -54.803  27.404 0.8000000119
26127  16.959  -54.716  27.295 0.8000000119
31636  9.309  -48.176  25.486 0.8999999762
32608  7.672  -46.501  25.307 0.8000000119
26967  16.666  -53.960  26.984 0.8000000119
27905  14.944  -52.448  26.396 0.8999999762
30644  11.035  -49.836  25.571 1.0000000000
33612  6.848  -45.556  25.067 0.8000000119
28802  14.530  -51.769  26.110 0.8999999762
28803  13.664  -51.694  26.311 1.0000000000
28822  13.031  -51.356  25.982 1.0000000000
166285  13.184  -50.990  25.458 1.0000000000
29709  11.438  -50.217  25.621 1.0000000000
154383  17.474  -53.755  34.589 0.1000000015
25193  19.495  -56.096  33.196 0.3000000119
159550  18.967  -54.367  33.824 0.1000000015
26905  15.393  -53.439  35.377 0.1000000015
26052  19.489  -55.250  33.047 0.3000000119
26053  19.393  -54.524  33.006 0.3000000119
24283  20.447  -57.006  31.377 0.3000000119
25197  19.717  -55.619  32.372 0.3000000119
23244  20.292  -57.762  31.850 0.4000000060
25208  19.726  -55.187  31.533 0.2000000030
25207  20.307  -56.065  31.006 0.4000000060
25219  21.278  -55.834  30.253 0.4000000060
23258  21.420  -57.118  29.813 0.4000000060
24319  21.567  -56.051  29.037 0.5000000000
26105  20.764  -55.068  28.177 0.6000000238
25276  18.840  -55.036  27.603 0.6999999881
26965  18.503  -54.109  27.264 0.6999999881
26992  18.180  -53.472  26.921 0.8000000119
26993  17.342  -53.223  26.670 0.8000000119
27904  15.913  -52.568  26.343 0.8000000119
28801  15.502  -51.887  26.011 0.8000000119
32607  8.997  -46.865  24.511 0.8000000119
33611  8.063  -45.998  24.585 0.8000000119
28821  13.987  -51.178  25.684 0.8999999762
29707  12.821  -50.569  25.033 0.8999999762
30656  11.592  -49.797  25.057 1.0000000000
30657  10.880  -49.284  25.159 0.8999999762
32618  6.257  -46.169  23.801 0.1000000015
145667  19.202  -53.791  33.162 0.2000000030
26060  19.372  -54.327  31.426 0.2000000030
26070  21.157  -55.031  29.992 0.3000000119
26085  21.659  -54.518  28.953 0.4000000060
26124  20.522  -54.270  27.854 0.6000000238
26125  19.547  -54.151  27.468 0.6000000238
27883  19.158  -53.249  27.078 0.6000000238
31646  9.864  -47.854  24.639 0.8999999762
34659  6.784  -44.730  24.378 0.6000000238
33613  6.280  -46.138  25.168 0.6000000238
27903  17.504  -52.348  26.381 0.6999999881
162166  16.751  -52.657  26.424 0.6999999881
28800  16.615  -51.902  26.121 0.8000000119
30654  13.318  -50.025  24.409 0.8999999762
30666  12.084  -49.450  24.357 0.8999999762
31645  10.743  -48.583  24.520 0.8999999762
33622  9.085  -46.138  23.815 0.8000000119
33623  7.712  -45.042  24.179 0.6999999881
34667  6.843  -44.045  23.822 0.4000000060
33624  6.370  -45.244  23.932 0.4000000060
28819  16.024  -51.294  25.569 0.8000000119
28820  15.042  -51.314  25.491 0.8000000119
29699  13.718  -50.638  24.872 0.8999999762
31644  11.452  -49.099  24.419 0.8999999762
165706  8.108  -44.507  23.522 0.6000000238
34666  7.059  -43.746  23.903 0.5000000000
34665  9.186  -45.164  23.240 0.5000000000
35686  8.586  -43.636  23.133 0.5000000000
26921  19.120  -53.718  31.080 0.1000000015
26926  19.025  -52.978  30.943 0.1000000015
26934  20.914  -53.581  29.529 0.2000000030
28773  19.685  -52.046  30.134 0.2000000030
150346  20.888  -52.237  28.349 0.2000000030
27856  21.427  -53.461  28.968 0.2000000030
27867  21.061  -53.193  28.561 0.3000000119
154142  19.974  -51.959  27.055 0.4000000060
26951  20.965  -53.660  28.120 0.6000000238
27882  20.008  -52.628  27.240 0.4000000060
27901  19.218  -52.236  26.746 0.4000000060
149933  18.334  -51.960  26.404 0.6000000238
28799  17.589  -51.552  26.137 0.6000000238
30665  12.855  -49.361  24.100 0.8999999762
31650  12.257  -48.702  23.810 0.8999999762
29697  15.596  -50.699  25.043 0.8000000119
29698  14.650  -50.705  24.923 0.8000000119
29706  14.315  -49.984  24.331 0.8000000119
31651  11.409  -48.350  23.830 0.8999999762
32616  11.310  -47.561  23.433 0.6999999881
32617  10.247  -47.038  23.623 0.6999999881
35688  6.828  -42.775  23.625 0.5000000000
35702  6.758  -42.471  23.370 0.3000000119
166541  10.659  -46.337  23.045 0.5000000000
33621  9.963  -46.156  23.250 0.5000000000
35687  7.439  -42.799  23.434 0.4000000060
34680  6.745  -43.583  22.805 0.2000000030
34678  10.090  -44.126  22.551 0.3000000119
35701  8.196  -41.807  22.924 0.4000000060
28769  19.018  -52.192  30.772 0.2000000030
28772  20.169  -51.196  29.661 0.2000000030
29659  20.532  -50.879  27.858 0.2000000030
29653  20.447  -50.620  28.832 0.2000000030
29669  19.915  -50.577  27.082 0.2000000030
28797  19.634  -51.428  26.799 0.3000000119
164060  18.929  -51.556  26.533 0.4000000060
30621  19.550  -49.661  27.355 0.2000000030
29676  19.070  -50.879  26.570 0.3000000119
30626  19.025  -50.064  26.673 0.3000000119
28798  18.360  -51.199  26.263 0.5000000000
29678  17.707  -50.760  25.938 0.6000000238
29696  16.470  -50.591  25.263 0.6000000238
29704  16.112  -50.031  24.747 0.6999999881
150930  14.969  -49.512  24.236 0.8000000119
30653  14.461  -49.239  24.054 0.8000000119
30664  13.746  -49.304  24.013 0.6999999881
31648  14.139  -48.592  23.859 0.8000000119
31649  13.249  -48.582  23.768 0.6000000238
32615  11.984  -47.935  23.478 0.6999999881
33634  10.438  -45.491  22.807 0.3000000119
36571  6.971  -41.701  23.285 0.5000000000
35718  6.927  -42.226  22.223 0.2000000030
35700  9.602  -42.461  22.364 0.3000000119
36577  7.628  -40.550  22.303 0.3000000119
36576  9.078  -40.995  22.182 0.3000000119
141334  20.186  -49.901  29.243 0.2000000030
29660  20.166  -50.095  28.053 0.2000000030
30627  18.287  -49.593  26.251 0.3000000119
29694  17.660  -49.884  25.681 0.5000000000
30652  15.684  -49.409  24.385 0.5000000000
154017  12.717  -47.849  23.489 0.5000000000
151131  12.117  -47.097  23.171 0.4000000060
33620  11.272  -46.727  23.045 0.4000000060
33633  11.252  -45.802  22.686 0.3000000119
34677  11.186  -44.598  22.259 0.3000000119
37519  9.337  -41.183  21.429 0.3000000119
36588  7.968  -40.944  20.944 0.2000000030
35699  10.674  -43.388  21.710 0.3000000119
36575  10.043  -42.055  21.561 0.3000000119
30612  19.840  -49.282  28.331 0.2000000030
30622  18.755  -49.228  26.866 0.3000000119
7807  -5.141  -79.287  33.148 1.0000000000
8952  -4.366  -76.111  34.007 1.0000000000
8966  -4.465  -76.652  33.734 1.0000000000
155728  -4.836  -78.266  33.644 1.0000000000
8349  -3.959  -77.577  32.795 1.0000000000
8964  -3.311  -76.575  33.576 1.0000000000
8953  -4.762  -76.856  34.369 1.0000000000
10201  -1.441  -74.673  36.181 1.0000000000
10199  0.341  -74.545  36.399 1.0000000000
162171  -2.353  -73.868  36.565 1.0000000000
10859  -1.874  -73.126  36.677 0.8999999762
10203  -4.538  -74.935  37.159 0.8999999762
11516  -1.984  -72.081  36.687 0.8999999762
161355  1.087  -72.820  37.009 1.0000000000
11511  0.577  -72.154  37.092 1.0000000000
15348  -0.146  -67.657  26.007 0.6000000238
143351  0.482  -67.712  31.121 1.0000000000
136375  -2.415  -68.060  28.305 0.8999999762
15988  1.995  -65.423  30.575 1.0000000000
15349  -1.217  -67.994  26.659 0.8000000119
152373  -0.748  -65.180  28.841 0.8999999762
33607  6.134  -46.527  25.444 0.5000000000
149303  6.222  -47.015  23.846 0.1000000015
30658  6.117  -49.835  24.482 0.1000000015
32609  6.024  -46.705  25.479 0.3000000119
31653  6.570  -47.979  23.344 0.1000000015
32629  6.672  -47.077  22.995 0.1000000015
33625  6.261  -45.796  24.552 0.3000000119
29723  6.672  -49.934  23.572 0.1000000015
1303  -8.428  -92.911  28.357 0.8999999762
994  -8.016  -93.735  30.638 0.8999999762
140509  -8.244  -94.209  29.648 0.8999999762
143021  -7.218  -88.999  35.329 0.8000000119
467  -7.132  -96.051  29.828 0.6999999881
759  -8.639  -95.560  26.913 0.8999999762
2320  -7.117  -89.193  33.087 0.8999999762
3059  -6.463  -87.975  38.682 0.8000000119
143927  -8.379  -88.739  28.821 0.8999999762
2026  -8.658  -89.979  28.155 0.8999999762
1324  -7.132  -91.601  25.999 0.8999999762
760  -8.371  -94.466  26.755 0.8999999762
753  -8.273  -93.909  27.723 0.8999999762
769  -8.014  -94.387  25.226 0.8999999762
290  -7.383  -96.627  26.098 0.8999999762
781  -7.094  -94.778  24.746 0.8999999762
522  -6.508  -96.703  24.177 0.8999999762
174  0.457  -97.001  27.233 1.0000000000
1041  -6.944  -92.992  24.864 0.8999999762
173  1.213  -97.047  26.608 1.0000000000
511  -2.750  -96.380  25.262 1.0000000000
3501  -7.045  -86.388  36.831 0.8000000119
495  -4.793  -95.386  26.198 1.0000000000
150963  3.185  -99.127  27.336 0.8999999762
3482  -3.881  -86.200  38.350 0.8000000119
3956  -4.669  -85.553  38.497 0.6999999881
3483  -5.069  -86.052  38.373 0.8000000119
3481  -3.185  -85.766  38.034 0.8999999762
6017  -6.168  -80.804  35.966 0.6000000238
146156  -6.387  -81.290  32.550 1.0000000000
479  -2.435  -95.344  27.398 1.0000000000
755  -0.420  -94.927  26.405 1.0000000000
1039  0.940  -94.168  26.353 1.0000000000
484  -0.990  -95.410  25.483 1.0000000000
159379  4.152  -97.385  25.486 0.6999999881
150549  6.242  -98.217  24.822 0.8000000119
162565  7.057  -98.686  23.492 0.8999999762
194  9.278  -98.436  25.153 0.6999999881
137356  -3.332  -86.330  37.052 1.0000000000
136309  -2.729  -86.401  36.203 1.0000000000
136312  -2.265  -86.454  35.695 1.0000000000
7816  -4.790  -79.095  32.499 1.0000000000
7798  -5.283  -79.085  33.926 1.0000000000
151897  -5.575  -87.201  28.941 1.0000000000
9040  -3.110  -76.512  24.873 0.6999999881
150148  2.359  -94.033  21.477 1.0000000000
1082  4.341  -93.982  22.630 1.0000000000
1070  7.247  -93.743  23.110 0.8999999762
532  9.010  -95.162  22.648 0.8999999762
147857  -1.429  -77.481  33.197 1.0000000000
1011  0.656  -93.415  28.696 1.0000000000
143322  -4.248  -80.837  25.028 0.6999999881
1360  2.529  -92.500  22.906 1.0000000000
1713  1.952  -92.394  21.603 1.0000000000
8936  -3.957  -75.534  34.700 1.0000000000
10952  -4.053  -73.663  28.951 1.0000000000
136295  -4.416  -83.238  28.762 1.0000000000
136300  -4.486  -81.429  25.434 0.6999999881
6108  -3.934  -81.500  25.113 0.6000000238
148620  3.028  -92.230  23.681 1.0000000000
165542  10.423  -96.528  21.750 0.6999999881
544  6.452  -95.589  20.325 0.8999999762
8306  0.659  -76.427  35.117 1.0000000000
136298  -2.567  -84.115  28.585 1.0000000000
161943  -4.728  -84.542  27.740 0.8999999762
558  5.190  -94.237  19.833 0.8000000119
8303  2.625  -77.488  36.149 1.0000000000
8304  1.927  -77.246  35.731 1.0000000000
143366  -2.531  -74.856  36.134 1.0000000000
7772  2.391  -78.690  36.019 1.0000000000
8381  -2.188  -77.994  28.738 1.0000000000
10936  -3.089  -73.597  29.985 1.0000000000
10962  0.376  -72.750  27.859 0.5000000000
1305  2.282  -91.934  27.848 1.0000000000
136294  -3.404  -85.767  27.684 1.0000000000
137499  -4.513  -85.231  27.452 0.8999999762
156503  -5.551  -84.754  26.761 0.8000000119
2079  -0.988  -91.024  23.463 1.0000000000
351  7.576  -95.809  19.321 0.8000000119
1759  1.797  -91.542  17.033 0.8999999762
7170  3.651  -79.342  36.600 1.0000000000
6608  0.479  -80.357  29.839 1.0000000000
153938  -1.290  -77.771  29.060 1.0000000000
4054  2.445  -85.427  29.080 1.0000000000
136283  0.401  -86.147  28.624 1.0000000000
1645  2.070  -91.826  28.773 1.0000000000
136284  -0.334  -87.063  28.393 1.0000000000
156657  -0.382  -88.019  28.355 1.0000000000
137813  -2.618  -86.700  27.716 1.0000000000
2069  1.328  -90.652  24.265 1.0000000000
3621  -3.672  -88.202  24.909 0.8999999762
136288  -2.952  -88.089  27.172 1.0000000000
138296  -5.584  -86.047  25.739 0.8000000119
137983  -4.492  -85.475  24.507 0.8000000119
4518  -3.732  -84.734  24.219 0.6999999881
4999  -3.619  -84.171  24.788 0.6999999881
160603  -2.746  -87.707  25.395 0.8000000119
4517  -3.226  -85.527  24.033 0.6999999881
1695  -3.039  -91.113  22.936 1.0000000000
2090  -4.110  -90.764  21.200 1.0000000000
1729  -2.976  -91.248  20.269 1.0000000000
147858  -2.718  -88.856  19.988 1.0000000000
1399  3.788  -91.910  18.273 0.8999999762
2107  -0.705  -89.675  18.144 0.8999999762
9536  1.174  -74.848  36.589 1.0000000000
147878  -1.129  -73.966  36.566 1.0000000000
8907  5.412  -76.949  37.537 1.0000000000
8287  5.749  -77.865  37.452 1.0000000000
7758  6.242  -78.719  37.342 1.0000000000
6025  1.746  -81.392  35.606 1.0000000000
137912  7.156  -80.070  36.844 1.0000000000
7183  8.176  -79.535  35.359 1.0000000000
8370  -0.356  -77.463  29.276 1.0000000000
4980  3.004  -83.838  29.809 1.0000000000
3582  3.872  -86.269  29.379 1.0000000000
11584  -1.154  -71.689  30.984 1.0000000000
2725  4.173  -88.339  28.768 1.0000000000
2726  3.635  -88.340  28.278 1.0000000000
156776  -0.389  -88.684  28.248 1.0000000000
136269  -1.775  -88.893  26.890 1.0000000000
2070  -2.143  -90.684  23.567 1.0000000000
2442  -2.488  -90.047  23.099 1.0000000000
160701  -1.787  -88.993  22.279 1.0000000000
358  8.274  -95.731  18.619 0.6999999881
2089  0.341  -89.645  19.964 0.8999999762
1114  5.942  -93.896  18.448 0.6999999881
1756  4.311  -91.538  18.483 0.6999999881
2120  3.510  -90.847  18.851 0.6000000238
5497  1.403  -82.865  35.735 1.0000000000
7240  2.051  -79.705  30.159 1.0000000000
3154  4.414  -87.724  29.392 1.0000000000
2740  3.274  -88.910  27.647 1.0000000000
2398  0.001  -89.721  27.666 1.0000000000
156780  -0.688  -89.362  27.856 1.0000000000
156621  -0.519  -90.117  27.033 1.0000000000
2021  3.691  -89.642  27.827 1.0000000000
137692  0.635  -90.188  26.200 1.0000000000
144343  -1.404  -90.400  24.544 1.0000000000
137864  -1.235  -89.429  24.021 1.0000000000
137583  -0.778  -90.167  25.554 1.0000000000
143519  2.066  -85.767  26.689 0.2000000030
143326  -0.478  -88.278  23.125 1.0000000000
136279  -0.569  -88.752  23.954 1.0000000000
2088  1.427  -90.093  20.582 0.6000000238
1107  6.210  -93.411  18.432 0.4000000060
157036  3.375  -74.600  37.052 1.0000000000
156655  8.694  -77.943  36.321 1.0000000000
7794  8.162  -78.008  34.172 1.0000000000
7793  8.556  -78.015  35.166 1.0000000000
145076  4.856  -87.148  30.720 1.0000000000
12212  0.183  -70.705  31.329 0.8999999762
2384  3.953  -88.973  28.125 1.0000000000
2411  1.707  -89.593  26.945 1.0000000000
136271  -0.396  -90.307  26.721 1.0000000000
137348  -0.748  -90.173  26.459 1.0000000000
2765  -0.252  -88.707  24.398 1.0000000000
3212  1.228  -87.503  23.655 0.8000000119
2779  0.847  -87.594  23.112 0.6999999881
3181  2.124  -87.276  25.262 0.6999999881
3628  2.801  -86.860  26.025 0.5000000000
4505  1.745  -85.183  26.047 0.2000000030
2087  2.457  -90.332  21.113 0.6000000238
154584  0.320  -72.919  36.872 1.0000000000
153862  -0.289  -74.013  36.480 1.0000000000
156817  8.873  -76.838  36.101 1.0000000000
137685  9.044  -75.280  36.071 1.0000000000
4908  5.006  -83.106  36.339 1.0000000000
8947  8.679  -76.630  34.956 1.0000000000
6064  4.730  -81.593  30.963 1.0000000000
6069  4.026  -81.746  30.657 1.0000000000
4033  4.984  -85.532  30.516 1.0000000000
3644  3.665  -86.535  25.268 0.3000000119
165160  8.215  -74.777  38.145 1.0000000000
9565  8.994  -75.507  35.128 1.0000000000
9566  8.452  -75.760  34.496 1.0000000000
10870  8.265  -73.604  34.476 1.0000000000
10227  7.349  -74.897  33.735 1.0000000000
4959  5.136  -83.038  30.957 1.0000000000
12775  1.779  -70.175  32.173 1.0000000000
10872  6.770  -73.534  34.033 1.0000000000
10881  6.315  -73.215  33.677 1.0000000000
4958  5.760  -82.991  31.626 1.0000000000
136367  1.658  -68.699  31.288 0.8999999762
147171  6.442  -72.210  38.102 1.0000000000
11496  7.806  -73.130  38.250 1.0000000000
11503  8.470  -72.654  37.883 1.0000000000
136363  -2.085  -71.175  36.807 0.8999999762
11528  8.964  -72.282  34.529 1.0000000000
11537  7.140  -71.990  34.145 1.0000000000
150656  6.295  -71.918  33.580 1.0000000000
7231  5.554  -79.218  31.763 1.0000000000
7820  5.164  -78.426  31.692 1.0000000000
137529  0.026  -68.038  30.618 0.8999999762
162022  9.662  -72.013  36.475 1.0000000000
136354  10.117  -71.998  35.005 1.0000000000
12144  1.038  -71.461  37.315 0.8999999762
145854  10.165  -71.347  34.773 1.0000000000
137613  -0.279  -70.030  37.872 1.0000000000
11517  -3.243  -70.941  36.131 0.8999999762
11518  -3.880  -71.036  35.845 0.8999999762
149509  9.670  -71.231  34.517 1.0000000000
12758  8.489  -71.086  34.167 1.0000000000
136370  -1.239  -67.755  29.374 0.8999999762
163972  10.374  -69.113  36.171 1.0000000000
151902  10.749  -70.549  35.007 1.0000000000
13951  10.072  -68.891  34.351 1.0000000000
12756  10.033  -70.701  34.558 1.0000000000
13346  8.829  -69.744  33.983 1.0000000000
13347  7.814  -69.612  33.680 1.0000000000
159073  7.070  -69.732  33.497 1.0000000000
13348  6.490  -69.406  33.057 1.0000000000
13967  6.008  -68.137  32.523 1.0000000000
13968  5.075  -68.384  32.437 1.0000000000
13325  7.717  -69.723  38.263 1.0000000000
152270  4.723  -69.763  37.004 1.0000000000
15246  9.467  -66.444  35.916 1.0000000000
13940  9.982  -68.041  36.576 1.0000000000
160783  9.536  -68.358  37.308 1.0000000000
15270  9.560  -66.639  34.401 1.0000000000
14625  9.933  -67.441  34.398 1.0000000000
162441  9.011  -66.730  33.376 1.0000000000
142167  8.862  -67.536  33.418 1.0000000000
13956  8.214  -68.315  33.375 1.0000000000
13322  -0.388  -68.912  38.102 0.8000000119
164724  7.785  -68.888  33.445 1.0000000000
13957  7.390  -68.361  33.154 1.0000000000
159946  6.226  -67.558  32.268 1.0000000000
15309  2.607  -66.265  31.212 1.0000000000
136371  -0.460  -67.394  30.514 0.8999999762
16794  -1.477  -66.272  28.667 0.8999999762
13928  4.618  -68.648  37.150 1.0000000000
14569  7.582  -67.450  38.434 1.0000000000
14570  6.652  -67.390  38.570 1.0000000000
15222  4.222  -67.122  38.676 1.0000000000
146948  0.766  -65.104  30.196 1.0000000000
136372  0.730  -66.307  30.694 0.8999999762
15905  5.960  -65.138  38.936 1.0000000000
156442  6.419  -63.300  36.615 1.0000000000
160281  6.239  -62.119  37.289 1.0000000000
18413  6.105  -62.540  38.135 1.0000000000
19321  6.395  -62.282  38.003 1.0000000000
19335  6.603  -61.758  37.103 1.0000000000
19281  5.845  -61.659  40.351 1.0000000000
18372  4.493  -62.452  40.355 1.0000000000
20290  7.702  -61.129  37.442 1.0000000000
17621  1.050  -64.586  27.284 0.8000000119
22199  8.610  -58.949  35.658 1.0000000000
19436  3.944  -61.257  27.860 0.6999999881
23193  8.125  -58.047  35.287 1.0000000000
137383  2.852  -57.074  37.332 0.8999999762
162776  3.684  -59.948  29.265 0.8999999762
150357  3.651  -57.689  28.952 0.8000000119
23217  8.316  -56.843  34.129 1.0000000000
20353  11.655  -60.641  31.997 1.0000000000
152094  5.423  -56.763  30.503 1.0000000000
23262  4.190  -56.406  30.875 1.0000000000
25242  1.791  -53.625  29.179 0.6999999881
136439  -1.708  -54.962  42.104 0.2000000030
165103  6.842  -57.052  29.982 1.0000000000
25222  2.244  -54.166  30.091 0.8999999762
25240  6.334  -54.692  29.426 0.8999999762
25241  5.458  -54.106  29.370 0.8000000119
25221  4.375  -53.896  29.684 0.8000000119
145701  3.568  -52.848  29.132 0.6000000238
26112  3.190  -52.929  28.755 0.5000000000
26091  2.419  -52.697  29.166 0.6999999881
23191  10.483  -57.787  35.377 0.8999999762
26089  5.979  -53.714  29.050 0.8000000119
20365  14.338  -60.348  30.427 0.8999999762
24227  10.142  -56.926  36.300 0.6000000238
147121  7.213  -53.011  29.024 0.8000000119
155291  12.622  -61.674  37.339 0.5000000000
20259  10.985  -60.248  37.867 0.5000000000
20350  16.722  -60.531  32.730 0.8999999762
20287  14.596  -61.074  36.573 0.5000000000
19318  13.068  -61.884  37.948 0.1000000015
27888  8.485  -51.791  28.183 1.0000000000
21381  16.993  -59.778  30.291 0.8999999762
21284  14.592  -59.409  37.081 0.2000000030
21269  14.762  -59.486  37.767 0.1000000015
21358  19.350  -59.850  31.263 0.8999999762
21380  18.047  -59.860  30.435 0.8999999762
24324  14.874  -56.537  28.284 1.0000000000
29680  10.494  -50.517  26.522 1.0000000000
23189  15.066  -58.363  36.410 0.3000000119
162816  9.485  -49.329  26.252 1.0000000000
30631  6.550  -48.998  26.919 0.6999999881
30632  6.132  -48.644  26.581 0.4000000060
24225  14.561  -56.635  37.419 0.1000000015
151279  14.466  -54.366  37.174 0.1000000015
24342  16.596  -56.022  27.815 0.8999999762
30628  10.069  -49.879  26.332 1.0000000000
24321  19.095  -56.619  28.362 0.8000000119
32598  7.309  -47.183  25.982 0.8000000119
25179  16.659  -55.954  35.466 0.2000000030
157532  21.154  -56.534  28.828 0.6999999881
32597  8.630  -47.434  25.375 0.8000000119
26039  17.110  -55.124  35.122 0.2000000030
25187  18.241  -55.718  34.546 0.3000000119
26040  16.728  -54.377  35.064 0.1000000015
165988  17.473  -54.531  34.783 0.1000000015
26049  18.631  -55.015  34.275 0.3000000119
26050  18.201  -54.380  34.431 0.1000000015
24306  21.355  -56.813  29.297 0.6000000238
26966  17.573  -54.034  27.105 0.8000000119
26994  16.298  -53.267  26.635 0.8000000119
26911  16.377  -53.583  34.971 0.1000000015
162616  19.165  -54.958  33.651 0.2000000030
26056  19.511  -54.808  32.177 0.2000000030
25220  20.143  -55.084  30.756 0.4000000060
25237  21.675  -55.372  29.367 0.4000000060
26104  21.261  -54.418  28.431 0.6000000238
27902  18.301  -52.757  26.649 0.6999999881
26061  19.193  -53.758  31.527 0.2000000030
26071  19.444  -54.289  30.912 0.2000000030
26924  20.404  -54.329  30.198 0.2000000030
26086  21.462  -54.455  29.404 0.3000000119
26933  21.627  -53.940  29.047 0.3000000119
26964  20.216  -53.450  27.540 0.5000000000
159099  10.720  -47.935  23.920 0.8999999762
34660  6.413  -45.451  24.636 0.5000000000
146299  6.666  -44.704  23.207 0.2000000030
27853  19.351  -52.717  30.507 0.2000000030
27858  20.166  -52.748  29.850 0.2000000030
28768  19.258  -51.411  30.487 0.1000000015
154680  20.536  -52.013  29.297 0.2000000030
27857  21.025  -52.812  29.089 0.2000000030
27881  20.711  -52.860  27.810 0.3000000119
28788  20.678  -51.557  27.874 0.3000000119
28778  20.681  -51.363  28.619 0.2000000030
28789  20.293  -51.394  27.293 0.2000000030
28818  16.941  -51.100  25.785 0.6999999881
29705  15.244  -50.096  24.542 0.8000000119
163775  20.217  -50.546  29.534 0.2000000030
29677  18.360  -50.401  26.253 0.4000000060
29695  17.163  -50.441  25.531 0.5000000000
30643  16.927  -49.907  25.090 0.5000000000
36589  7.336  -40.835  21.674 0.3000000119
37521  7.709  -40.165  21.557 0.3000000119
165056  19.939  -49.589  30.098 0.2000000030
30599  19.935  -48.863  29.430 0.2000000030
30651  16.544  -49.291  24.659 0.5000000000
35715  10.779  -43.182  20.960 0.2000000030
8937  -4.543  -76.172  35.112 1.0000000000
9553  -4.201  -75.531  35.585 1.0000000000
10860  -3.249  -72.140  36.305 0.8999999762
261  -5.893  -96.160  32.052 0.5000000000
453  -6.775  -95.913  31.907 0.6000000238
460  -7.421  -95.298  31.542 0.6000000238
260  -4.829  -96.412  32.052 0.6000000238
130  -5.377  -96.772  30.954 0.6000000238
128  -2.880  -97.297  31.679 0.5000000000
161766  -4.150  -97.041  31.257 0.6000000238
144193  -5.312  -96.835  29.887 0.6000000238
275  -6.341  -96.439  29.248 0.6000000238
140  -3.453  -97.457  31.138 0.6999999881
141  -4.169  -97.198  30.724 0.6000000238
153054  -5.018  -97.209  29.184 0.6999999881
282  -6.596  -96.568  28.032 0.6999999881
152  -2.624  -97.379  29.749 0.8000000119
163  -4.091  -97.245  29.262 0.8000000119
165  -5.481  -97.655  28.172 0.8000000119
166  -6.164  -97.752  27.468 0.8000000119
163229  -6.905  -96.926  27.020 0.8000000119
148495  -5.195  -97.692  27.724 0.8000000119
139880  -4.439  -97.487  26.931 0.8000000119
142168  -5.735  -97.432  25.871 0.8000000119
714  -4.377  -95.517  32.929 0.4000000060
451  -5.575  -95.814  32.643 0.5000000000
725  -7.739  -94.631  30.559 0.6000000238
111  3.667  -97.225  32.614 0.5000000000
42  1.595  -97.297  32.492 0.5000000000
45  -0.574  -97.839  32.152 0.5000000000
143987  -1.101  -97.880  32.218 0.5000000000
52  0.622  -97.760  32.050 0.5000000000
53  -0.372  -98.073  32.011 0.6000000238
126  -1.218  -98.008  31.786 0.6000000238
125  1.237  -97.762  31.477 0.6000000238
62  -0.379  -98.160  31.747 0.6000000238
152208  -1.514  -97.746  31.030 0.6999999881
147453  -3.156  -97.585  30.626 0.6999999881
150  -0.302  -97.385  29.889 0.8000000119
151  -1.497  -97.238  29.997 0.8000000119
161  -2.027  -97.088  28.571 0.8000000119
162  -3.206  -97.408  28.503 0.8000000119
1276  -8.062  -92.587  32.811 0.5000000000
976  -6.487  -94.059  34.143 0.2000000030
151148  -7.463  -93.941  33.702 0.4000000060
712  -2.907  -94.946  32.285 0.4000000060
438  -5.255  -95.406  33.328 0.4000000060
699  -5.823  -94.827  34.079 0.2000000030
701  -7.628  -94.698  33.236 0.4000000060
158251  -8.082  -93.436  32.601 0.5000000000
139603  -8.057  -92.819  31.895 0.6999999881
440  -7.172  -95.348  33.120 0.5000000000
110  4.928  -97.046  32.054 0.5000000000
104  4.420  -97.310  33.180 0.5000000000
123  3.544  -97.164  30.949 0.5000000000
112  2.919  -97.240  31.969 0.5000000000
134  3.192  -97.451  30.082 0.6000000238
136  1.145  -97.747  30.752 0.8000000119
147  2.159  -97.599  29.530 0.8000000119
155031  0.441  -97.823  30.398 0.8999999762
137  0.355  -98.089  31.026 0.8000000119
68  2.975  -98.267  28.557 0.8999999762
149  0.768  -97.442  29.430 0.8999999762
153383  2.263  -97.822  28.840 0.8999999762
1599  -7.697  -91.699  33.003 0.8000000119
1268  -7.785  -92.466  33.716 0.4000000060
975  -5.555  -93.841  34.026 0.2000000030
965  -6.168  -93.354  34.296 0.3000000119
166002  -4.815  -93.472  33.333 0.2000000030
148429  -3.870  -94.810  32.850 0.3000000119
122  4.708  -97.079  30.951 0.5000000000
146  3.060  -97.810  29.232 0.6999999881
66  4.490  -98.927  28.890 0.6000000238
67  3.726  -98.674  28.631 0.8000000119
72  3.430  -99.010  28.007 0.8000000119
8  4.135  -99.195  28.350 0.6000000238
81  3.608  -98.789  26.481 0.6000000238
171  3.898  -97.905  26.468 0.6000000238
1257  -7.392  -92.678  34.273 0.4000000060
1256  -6.640  -92.808  34.583 0.4000000060
967  -7.613  -93.130  33.858 0.4000000060
132  5.429  -97.707  30.208 0.5000000000
133  4.301  -97.561  30.038 0.5000000000
59  5.932  -98.408  29.682 0.5000000000
58  6.864  -98.562  30.069 0.4000000060
56  8.093  -98.714  30.309 0.3000000119
5  6.614  -99.003  29.163 0.5000000000
4  7.222  -98.838  29.351 0.4000000060
69  8.159  -98.419  28.719 0.3000000119
10  6.297  -99.209  28.595 0.5000000000
76  7.100  -98.859  27.994 0.5000000000
74  8.194  -98.183  28.323 0.5000000000
11  5.381  -99.337  28.347 0.5000000000
168  6.916  -98.329  27.733 0.5000000000
1294  5.998  -92.588  29.250 0.5000000000
77  5.207  -98.956  27.350 0.5000000000
163600  6.233  -98.841  27.598 0.5000000000
1318  6.402  -92.332  27.588 0.5000000000
1020  5.892  -93.031  27.357 0.5000000000
78  4.134  -99.069  27.081 0.5000000000
169  5.609  -97.885  27.505 0.5000000000
1333  6.802  -92.831  26.823 0.5000000000
154160  6.949  -93.403  26.173 0.5000000000
285  4.104  -96.871  27.012 0.5000000000
1051  7.656  -93.688  25.817 0.5000000000
303  6.015  -97.158  25.058 0.6000000238
773  9.076  -94.396  25.503 0.5000000000
150707  8.730  -95.191  25.485 0.5000000000
504  5.520  -96.088  25.580 0.5000000000
501  8.486  -96.212  25.451 0.6000000238
301  9.351  -97.385  25.389 0.6000000238
315  12.816  -96.818  25.191 0.5000000000
205  13.428  -97.466  24.263 0.6000000238
531  14.175  -96.542  22.864 0.4000000060
321  14.275  -97.161  23.529 0.6000000238
217  13.460  -97.529  22.691 0.6000000238
330  14.408  -97.003  22.207 0.6000000238
144570  -7.436  -92.105  34.429 0.4000000060
268  10.494  -96.265  29.068 0.2000000030
465  10.255  -96.126  29.746 0.2000000030
728  9.913  -94.397  28.790 0.2000000030
740  9.651  -95.522  28.270 0.2000000030
155840  9.552  -96.353  28.267 0.3000000119
276  9.567  -96.587  28.494 0.2000000030
144  8.742  -97.996  29.006 0.2000000030
277  9.002  -97.024  28.210 0.3000000119
284  7.662  -97.709  27.856 0.5000000000
170  4.467  -98.418  26.880 0.5000000000
281  4.451  -96.141  27.723 0.5000000000
161383  4.799  -95.416  28.383 0.5000000000
161663  7.489  -94.425  25.623 0.5000000000
141479  4.411  -95.358  27.140 0.5000000000
1035  6.084  -93.644  26.493 0.5000000000
754  4.568  -94.710  27.724 0.5000000000
150662  7.883  -95.149  25.491 0.5000000000
502  7.511  -96.090  25.452 0.6000000238
147707  7.069  -96.917  25.312 0.5000000000
998  8.591  -93.674  29.261 0.2000000030
158056  8.947  -94.617  28.636 0.2000000030
278  8.361  -96.996  27.898 0.4000000060
149001  8.460  -95.289  28.376 0.4000000060
476  7.850  -96.031  28.190 0.5000000000
279  7.173  -96.790  28.077 0.5000000000
730  6.526  -94.016  29.328 0.5000000000
742  5.966  -94.863  28.998 0.5000000000
155829  5.974  -96.620  28.177 0.5000000000
1001  5.314  -93.711  29.118 0.5000000000
732  5.052  -94.187  29.035 0.5000000000
478  5.465  -95.578  28.584 0.5000000000
1036  5.253  -93.736  27.199 0.5000000000
744  4.706  -94.590  28.487 0.5000000000
763  5.879  -94.380  26.084 0.5000000000
764  5.289  -94.370  26.551 0.5000000000
777  5.326  -95.114  26.055 0.5000000000
776  6.114  -95.002  25.736 0.5000000000
1925  -7.167  -90.834  36.226 0.6000000238
3046  -6.413  -88.099  39.857 0.4000000060
162239  -6.311  -87.300  40.204 0.5000000000
151171  -6.045  -86.520  38.899 0.6999999881
3469  -6.270  -86.614  39.980 0.5000000000
3957  -6.042  -85.757  39.461 0.6000000238
4388  -5.806  -84.929  39.432 0.6000000238
4884  -6.154  -82.896  40.193 0.4000000060
741  7.157  -95.042  28.797 0.4000000060
1913  -7.310  -91.394  38.289 0.6000000238
162598  -7.284  -91.057  39.378 0.3000000119
164177  -7.193  -89.684  36.309 0.6000000238
2296  -7.251  -90.288  37.413 0.6000000238
2295  -7.290  -90.472  38.411 0.5000000000
2276  -6.898  -89.990  40.061 0.6000000238
2633  -7.267  -88.977  37.022 0.6999999881
2632  -7.113  -89.414  37.923 0.6000000238
2289  -7.091  -89.796  38.916 0.6000000238
2623  -6.494  -89.004  40.133 0.4000000060
2637  -7.425  -88.013  36.904 0.6999999881
3073  -7.300  -87.307  36.424 0.6999999881
2636  -7.043  -88.304  37.605 0.6999999881
3523  -6.829  -85.910  35.251 0.6999999881
155901  -5.737  -86.360  38.099 0.6999999881
141638  -6.266  -85.958  40.920 0.3000000119
3944  -6.251  -85.089  40.811 0.2000000030
4380  -6.252  -84.051  40.671 0.2000000030
140912  -5.881  -84.106  39.165 0.6000000238
1888  -6.822  -90.836  40.346 0.4000000060
3080  -7.281  -87.383  35.539 0.6999999881
2609  -6.073  -88.169  41.163 0.3000000119
155222  -7.074  -86.041  34.549 0.6999999881
3037  -6.253  -87.733  40.795 0.3000000119
3514  -7.103  -86.475  35.885 0.6999999881
3448  -5.885  -86.607  41.697 0.2000000030
3457  -6.183  -86.807  41.051 0.3000000119
3920  -5.886  -85.787  42.148 0.2000000030
3908  -5.807  -84.729  42.295 0.2000000030
4356  -6.417  -85.004  42.069 0.2000000030
4879  -6.049  -83.264  41.510 0.1000000015
6000  -4.249  -79.822  37.524 0.2000000030
160523  -3.568  -79.767  37.016 0.2000000030
6016  -2.628  -80.892  35.997 0.5000000000
6535  -2.174  -80.320  36.160 0.3000000119
6549  -1.990  -80.868  34.985 0.5000000000
159412  -4.002  -80.490  38.047 0.1000000015
6548  -1.914  -80.261  35.378 0.3000000119
7197  -2.655  -80.703  34.299 0.6000000238
6534  -2.305  -79.498  37.077 0.3000000119
7186  -1.858  -79.651  34.903 0.3000000119
153864  -2.006  -80.311  34.670 0.3000000119
7775  -1.285  -78.386  36.356 0.3000000119
7173  -1.456  -79.214  36.176 0.3000000119
7785  -1.686  -78.790  35.393 0.3000000119
8323  -2.577  -78.207  35.263 0.3000000119
7786  -2.623  -78.900  34.718 0.5000000000
7797  -4.969  -78.308  34.320 0.6999999881
7188  -4.651  -79.232  34.441 0.6999999881
8292  -1.442  -76.976  36.826 0.3000000119
8923  -2.868  -76.702  36.482 0.3000000119
8309  -3.823  -77.337  35.935 0.4000000060
8924  -4.206  -76.649  36.553 0.6000000238
8310  -4.804  -77.123  35.379 0.6999999881
8925  -4.517  -76.569  35.979 0.8000000119
8291  -1.066  -77.430  37.652 0.2000000030
8913  -2.414  -76.271  37.432 0.2000000030
8914  -4.160  -76.324  37.488 0.3000000119
8912  -1.351  -76.579  38.004 0.3000000119
8902  -3.643  -75.976  38.501 0.3000000119
9552  -3.114  -75.323  35.462 0.8999999762
8903  -4.543  -75.805  38.590 0.4000000060
9554  -4.531  -75.933  36.118 0.8000000119
9527  -2.867  -75.410  39.262 0.3000000119
144334  -4.958  -75.168  38.489 0.6000000238
142682  -4.523  -76.131  36.775 0.5000000000
9519  -3.757  -75.125  40.238 0.5000000000
9529  -4.602  -75.317  39.364 0.4000000060
10180  -4.428  -74.700  40.238 0.6000000238
9544  -3.596  -75.056  36.118 0.8000000119
9545  -4.263  -75.470  36.433 0.6999999881
146502  -4.960  -75.229  37.568 0.6000000238
151091  -4.587  -74.351  38.816 0.6000000238
10195  -4.684  -74.438  37.774 0.6000000238
159068  -3.151  -74.401  36.508 0.8000000119
10179  -4.259  -74.525  40.425 0.5000000000
10856  -4.318  -73.788  37.976 0.6000000238
10862  -3.783  -73.560  37.178 0.8000000119
160880  -3.953  -73.415  37.438 0.6999999881
10842  -4.478  -73.904  40.054 0.6000000238
11520  -3.959  -72.158  36.602 0.6999999881
151069  -3.364  -73.399  36.708 0.8000000119
10848  -3.568  -73.262  39.460 0.6000000238
11513  -3.765  -72.778  37.472 0.6000000238
11519  -4.116  -70.936  36.027 0.8000000119
11512  -4.070  -71.280  36.719 0.6999999881
11494  -3.463  -72.178  38.193 0.6000000238
156805  -4.072  -70.436  36.425 0.6000000238
138206  -1.986  -69.232  39.998 0.6000000238
136360  -1.589  -69.023  39.438 0.6000000238
13899  -2.732  -68.334  40.444 0.5000000000
14578  -2.920  -67.180  39.656 0.6000000238
15206  -3.045  -67.090  40.332 0.5000000000
164014  -2.069  -65.869  39.766 0.8000000119
155879  -2.273  -65.491  40.226 0.6000000238
14556  -2.293  -67.608  40.863 0.5000000000
15910  -1.227  -65.118  39.304 0.8000000119
16015  -1.316  -66.343  28.062 0.8000000119
15334  -0.868  -68.265  27.346 0.6000000238
16674  -2.272  -64.517  40.001 0.8000000119
15205  -2.536  -66.317  40.531 0.6000000238
16804  -0.145  -65.475  27.790 0.6999999881
17506  -2.475  -63.378  39.381 0.8000000119
16666  -2.096  -64.516  40.190 0.6000000238
16817  0.015  -65.790  26.053 0.4000000060
16675  -2.553  -63.975  39.960 0.6999999881
17630  1.496  -63.534  25.780 0.6000000238
18404  -3.590  -61.735  39.303 0.6999999881
18386  -3.173  -62.574  39.432 0.6999999881
18387  -3.380  -61.998  39.819 0.6000000238
138300  1.178  -55.019  36.584 0.6999999881
137579  0.875  -54.937  36.579 0.6000000238
25173  4.787  -53.605  35.209 0.8000000119
137516  1.922  -54.296  36.471 0.8000000119
136411  1.285  -54.654  36.106 0.6999999881
136429  5.593  -53.149  34.955 0.8000000119
156718  2.779  -53.554  35.884 0.8000000119
20432  3.955  -60.722  26.483 0.5000000000
136424  2.594  -53.999  36.764 0.6999999881
139399  1.498  -53.964  37.064 0.6999999881
26043  9.028  -54.144  33.853 0.8000000119
26044  8.450  -53.089  34.253 0.8000000119
145911  7.661  -52.514  34.540 0.6000000238
26045  6.612  -52.500  34.754 0.8000000119
25162  5.764  -54.128  36.288 0.8000000119
136419  4.228  -53.651  35.700 0.8000000119
25182  8.915  -53.513  34.479 0.6999999881
26035  6.171  -53.273  35.453 0.6999999881
137741  4.048  -54.038  36.373 0.6000000238
25181  9.489  -54.836  34.667 0.8000000119
25172  8.987  -53.830  35.478 0.5000000000
26027  8.353  -53.514  36.107 0.6000000238
26028  7.250  -53.854  36.378 0.6000000238
25171  9.366  -55.078  36.246 0.4000000060
24229  9.254  -55.231  37.495 0.4000000060
24228  9.697  -56.045  37.034 0.4000000060
23160  10.083  -56.589  38.740 0.2000000030
24208  9.440  -56.112  38.835 0.2000000030
25161  6.854  -54.625  37.277 0.5000000000
25150  5.550  -54.638  37.096 0.5000000000
25149  8.289  -54.778  37.503 0.4000000060
23177  10.169  -56.883  37.709 0.3000000119
24210  7.067  -55.507  38.255 0.4000000060
23159  10.360  -57.430  38.610 0.2000000030
166674  9.150  -55.507  38.234 0.3000000119
24209  8.538  -55.750  38.682 0.4000000060
26110  5.787  -53.482  28.814 0.5000000000
26137  5.442  -53.719  28.657 0.5000000000
142674  11.580  -61.057  38.058 0.2000000030
25285  6.207  -54.325  28.065 0.3000000119
26977  6.430  -53.011  28.009 0.4000000060
27870  6.441  -52.261  28.770 0.5000000000
28780  6.677  -51.766  28.913 0.5000000000
30650  17.306  -49.168  25.072 0.4000000060
31640  17.510  -48.367  25.158 0.4000000060
31643  15.066  -48.763  24.081 0.6000000238
31642  16.054  -48.636  24.329 0.4000000060
32613  13.636  -47.676  23.639 0.5000000000
32604  16.427  -47.790  24.394 0.3000000119
151517  15.496  -47.914  24.103 0.3000000119
32606  14.592  -47.893  23.881 0.4000000060
32614  12.952  -46.969  23.297 0.3000000119
178  -4.243  -97.386  28.103 0.8000000119
297  -7.113  -97.570  24.852 0.8000000119
313  -6.910  -97.046  24.112 0.8000000119
60  4.905  -98.386  29.435 0.6000000238
265  -6.112  -96.370  31.391 0.6000000238
271  -6.204  -96.440  30.433 0.6000000238
204  -6.713  -97.440  24.841 0.8000000119
2642  -7.296  -88.127  35.216 0.6999999881
3067  -6.525  -87.523  37.947 0.6999999881
302  7.137  -98.075  25.216 0.6000000238
161179  8.266  -97.648  25.460 0.6000000238
211  12.962  -97.603  23.752 0.6000000238
16027  -0.684  -67.114  26.179 0.5000000000
31641  16.921  -48.491  24.679 0.3000000119
166288  -7.229  -95.525  32.405 0.5000000000
115  -1.503  -97.768  32.055 0.5000000000
154  -4.533  -97.130  29.758 0.6999999881
55  -0.974  -98.140  31.740 0.6000000238
157641  -3.458  -97.412  29.760 0.8000000119
179  -6.096  -97.930  27.042 0.8000000119
188  -6.307  -98.044  25.827 0.8000000119
439  -6.243  -95.375  33.398 0.4000000060
986  -4.925  -94.626  33.585 0.3000000119
65  5.335  -98.975  29.152 0.5000000000
1  7.671  -98.723  29.753 0.4000000060
273  9.463  -96.916  28.889 0.2000000030
729  7.818  -94.333  28.965 0.5000000000
3931  -6.258  -85.862  41.769 0.2000000030
8324  -4.118  -78.061  35.300 0.4000000060
8901  -2.137  -75.905  38.353 0.3000000119
14566  -3.155  -67.609  39.912 0.6000000238
26034  7.498  -52.650  35.305 0.6000000238
159615  8.886  -54.480  36.681 0.4000000060
142415  9.759  -55.923  38.161 0.4000000060
32596  17.559  -47.556  25.388 0.2000000030
254  0.915  -96.903  32.811 0.3000000119
157095  -2.013  -97.006  32.394 0.4000000060
142289  -3.296  -96.631  32.333 0.5000000000
113  -0.073  -97.199  32.316 0.4000000060
142009  -3.017  -96.884  32.139 0.4000000060
116  -2.437  -97.286  32.004 0.4000000060
99  2.499  -96.901  33.796 0.3000000119
29  2.024  -97.235  33.117 0.4000000060
36  1.613  -97.157  32.580 0.4000000060
44  0.267  -97.340  32.218 0.4000000060
24  3.787  -96.964  34.865 0.3000000119
28  3.210  -96.991  34.205 0.3000000119
27  4.130  -97.160  34.715 0.3000000119
152838  3.033  -97.213  33.715 0.4000000060
95  5.531  -97.522  35.727 0.3000000119
141529  5.327  -97.594  34.740 0.4000000060
33  6.111  -98.056  33.714 0.4000000060
163272  5.043  -97.497  33.751 0.4000000060
103  5.486  -97.621  32.914 0.4000000060
105  3.467  -97.286  33.455 0.4000000060
159666  5.975  -97.515  32.076 0.4000000060
21  7.403  -98.451  35.669 0.4000000060
94  8.264  -98.296  36.032 0.2000000030
25  8.141  -98.624  35.177 0.3000000119
149178  8.048  -98.920  34.144 0.3000000119
26  7.068  -98.369  34.649 0.4000000060
32  7.362  -98.679  33.480 0.4000000060
40  6.528  -98.246  32.717 0.4000000060
50  6.463  -98.093  30.588 0.4000000060
121  5.842  -97.353  31.203 0.4000000060
150223  8.514  -98.106  33.911 0.2000000030
109  6.748  -98.319  31.704 0.4000000060
2777  3.075  -88.028  23.329 0.1000000015
161271  4.056  -89.023  22.400 0.1000000015
165319  3.989  -88.545  23.004 0.1000000015
2449  4.239  -89.688  21.733 0.1000000015
2448  5.031  -89.354  21.315 0.3000000119
1739  5.045  -91.068  18.876 0.4000000060
166357  4.294  -87.810  23.311 0.1000000015
149217  4.212  -86.981  23.796 0.1000000015
141643  4.676  -87.982  22.199 0.1000000015
2826  5.473  -88.771  21.224 0.2000000030
2085  4.865  -89.994  21.055 0.2000000030
2118  5.882  -90.570  19.551 0.4000000060
2101  5.417  -90.235  20.309 0.3000000119
3225  4.738  -87.556  22.912 0.1000000015
142124  4.695  -87.145  23.364 0.1000000015
3190  4.275  -86.450  24.549 0.2000000030
3209  4.782  -86.537  23.895 0.1000000015
4090  2.594  -86.091  26.742 0.3000000119
4998  -2.018  -84.471  25.844 0.4000000060
6098  -2.905  -81.761  26.318 0.4000000060
9666  -2.529  -75.589  24.456 0.6000000238
9667  -3.245  -75.467  25.584 0.6000000238
147561  -3.907  -73.522  40.363 0.5000000000
151958  -1.832  -73.425  39.392 0.4000000060
152050  -3.576  -73.067  39.405 0.5000000000
137490  -1.933  -72.319  38.649 0.5000000000
156843  -0.749  -70.396  38.672 0.4000000060
137901  -3.008  -72.159  38.438 0.5000000000
136358  -2.542  -70.936  38.057 0.5000000000
136362  -2.868  -70.182  37.239 0.5000000000
138198  -1.948  -70.418  37.956 0.5000000000
143095  -0.253  -69.724  40.470 0.4000000060
13314  -1.132  -69.403  40.199 0.5000000000
137349  -0.943  -69.545  38.584 0.5000000000
155148  -1.077  -69.065  40.706 0.4000000060
156112  -1.247  -67.466  40.876 0.4000000060
13315  -1.995  -69.001  40.485 0.4000000060
145786  -2.004  -66.913  41.128 0.3000000119
15201  -2.534  -66.951  40.777 0.4000000060
16026  0.638  -66.169  25.794 0.3000000119
19295  -3.444  -61.384  39.870 0.6000000238
19265  -2.870  -61.315  40.349 0.4000000060
145074  -2.151  -59.474  40.323 0.3000000119
20245  -3.203  -60.146  39.626 0.6000000238
18519  1.909  -62.666  25.518 0.4000000060
18518  2.543  -61.941  26.105 0.5000000000
153602  4.753  -60.233  26.456 0.4000000060
136423  0.917  -53.892  37.396 0.5000000000
156834  0.329  -54.005  37.686 0.4000000060
137673  0.009  -54.638  38.540 0.3000000119
136414  1.168  -53.911  37.160 0.5000000000
21427  5.180  -59.443  26.943 0.3000000119
21435  5.154  -59.865  26.145 0.3000000119
24176  -0.676  -55.647  40.254 0.3000000119
24193  0.803  -54.597  38.208 0.4000000060
139456  1.290  -54.702  38.197 0.3000000119
23305  4.669  -57.557  27.774 0.6000000238
24174  0.902  -56.123  39.876 0.3000000119
136415  1.758  -55.841  39.232 0.4000000060
136430  1.748  -54.492  37.675 0.3000000119
137942  2.166  -54.415  37.752 0.4000000060
136425  2.317  -55.267  38.599 0.3000000119
136418  4.185  -54.970  37.813 0.5000000000
156722  3.645  -55.552  38.660 0.4000000060
24211  5.540  -55.406  38.064 0.4000000060
137804  5.026  -56.281  39.445 0.5000000000
156766  3.271  -56.051  39.460 0.4000000060
24192  6.586  -56.302  39.111 0.4000000060
2077  2.745  -90.035  21.947 0.3000000119
23306  3.747  -56.862  28.335 0.6000000238
449  -3.915  -96.312  32.508 0.5000000000
118  -3.891  -96.751  31.814 0.4000000060
256  -1.081  -97.106  32.405 0.4000000060
152966  -3.045  -73.145  39.485 0.4000000060
136365  -3.373  -70.818  37.456 0.5000000000
255  -0.207  -96.972  32.444 0.4000000060
22  6.409  -98.094  35.616 0.3000000119
31  8.248  -98.969  33.226 0.2000000030
2811  4.657  -88.765  21.775 0.1000000015
20229  -2.652  -60.090  40.185 0.5000000000
1914  -7.243  -91.363  37.144 0.4000000060
142203  -5.132  -92.060  37.616 0.2000000030
1563  -6.858  -92.119  36.046 0.3000000119
1549  -5.342  -92.154  36.600 0.2000000030
1924  -3.883  -90.760  36.667 0.2000000030
1562  -6.149  -92.508  35.928 0.3000000119
1579  -5.822  -92.616  34.928 0.3000000119
9051  -2.832  -76.951  21.752 0.3000000119
9677  -2.001  -75.733  22.814 0.2000000030
9676  -1.504  -75.786  22.975 0.2000000030
9050  -2.727  -76.689  21.942 0.2000000030
10319  -1.609  -74.125  24.151 0.3000000119
10990  -2.278  -73.769  25.062 0.4000000060
11662  -0.210  -72.639  23.405 0.2000000030
11002  -1.011  -73.529  23.653 0.2000000030
11646  -0.462  -71.899  24.084 0.3000000119
10989  -1.421  -73.275  24.385 0.3000000119
164622  1.296  -71.459  26.766 0.3000000119
146542  -0.467  -71.765  24.999 0.3000000119
162109  3.510  -71.468  30.065 0.2000000030
12209  2.970  -71.183  31.076 0.3000000119
154478  1.745  -71.528  30.743 0.3000000119
12234  1.955  -71.979  29.550 0.3000000119
11598  0.986  -72.459  29.745 0.6000000238
156361  1.549  -72.229  28.691 0.2000000030
11618  0.824  -72.737  28.745 0.4000000060
12801  4.149  -70.449  31.161 0.2000000030
152149  3.217  -69.419  31.403 0.2000000030
13992  3.172  -68.816  30.911 0.2000000030
17648  1.908  -63.134  25.348 0.3000000119
145551  3.125  -61.364  25.590 0.3000000119
23328  5.617  -58.108  26.865 0.3000000119
23316  4.027  -56.337  28.037 0.3000000119
23315  5.025  -57.479  27.540 0.3000000119
159938  4.771  -56.790  27.720 0.3000000119
24346  3.185  -54.747  28.365 0.5000000000
24345  4.207  -55.654  27.943 0.4000000060
25264  4.472  -53.759  28.490 0.4000000060
27889  6.602  -52.646  27.414 0.3000000119
27909  6.440  -51.832  27.326 0.3000000119
2263  -6.417  -89.436  40.866 0.3000000119
2262  -6.049  -89.731  41.354 0.3000000119
16816  1.110  -64.804  25.744 0.3000000119
163142  -7.192  -91.596  36.552 0.4000000060
10320  -2.347  -74.486  24.827 0.4000000060
11635  0.405  -71.335  25.365 0.3000000119
12233  2.697  -71.631  30.192 0.2000000030
144124  5.318  -58.123  27.289 0.3000000119
25265  2.227  -53.892  28.746 0.5000000000
25287  3.678  -54.181  28.323 0.4000000060
26135  6.796  -54.024  27.560 0.3000000119
9678  -2.476  -76.032  22.936 0.4000000060
143164  2.519  -62.329  25.339 0.3000000119
155477  -7.005  -92.086  37.747 0.3000000119
144341  -6.189  -92.435  37.445 0.2000000030
159526  -1.868  -75.138  23.670 0.2000000030
10331  -1.276  -74.519  23.507 0.2000000030
10330  -1.198  -74.669  23.396 0.2000000030
12257  1.962  -71.234  26.735 0.2000000030
1254  -1.327  -91.538  34.623 0.1000000015
1587  -1.591  -91.454  33.693 0.1000000015
1589  -3.708  -91.686  33.561 0.1000000015
163443  -4.102  -91.609  34.193 0.1000000015
1255  -5.316  -92.558  34.102 0.2000000030
1598  -4.188  -92.331  32.969 0.1000000015
1275  -4.486  -92.905  32.802 0.1000000015
1273  -2.699  -92.428  32.537 0.1000000015
953  -1.202  -93.453  35.273 0.1000000015
941  -2.875  -93.897  35.860 0.1000000015
1236  -1.186  -92.219  34.999 0.1000000015
147029  -2.286  -93.240  35.577 0.1000000015
1577  -3.382  -91.141  34.308 0.1000000015
1944  -4.060  -91.136  35.009 0.1000000015
1578  -4.836  -92.019  34.524 0.2000000030
688  1.879  -94.917  33.977 0.1000000015
711  -2.221  -94.012  32.189 0.1000000015
147125  -4.197  -93.706  32.883 0.1000000015
676  3.074  -95.139  35.806 0.1000000015
663  2.542  -94.320  36.193 0.1000000015
414  4.427  -95.347  37.076 0.1000000015
152171  3.592  -94.719  36.546 0.1000000015
650  5.022  -95.499  38.307 0.1000000015
164643  6.514  -95.659  38.143 0.1000000015
655  -2.743  -95.438  36.878 0.1000000015
656  -3.340  -94.997  36.878 0.1000000015
1576  -2.167  -91.131  34.337 0.1000000015
1561  -5.144  -92.078  35.526 0.2000000030
1560  -2.058  -91.176  35.320 0.1000000015
698  1.353  -94.156  33.105 0.1000000015
709  0.282  -94.140  32.136 0.2000000030
424  2.748  -95.761  35.104 0.1000000015
437  1.932  -95.423  33.615 0.2000000030
145376  1.116  -94.724  32.401 0.3000000119
710  -0.911  -94.095  32.133 0.3000000119
415  3.943  -95.614  36.214 0.1000000015
229  4.932  -96.155  36.811 0.1000000015
228  5.774  -97.045  37.257 0.1000000015
230  4.133  -96.486  35.824 0.1000000015
224  5.771  -96.398  37.930 0.1000000015
223  6.487  -97.318  38.186 0.1000000015
401  6.999  -95.755  37.778 0.1000000015
1931  -4.376  -91.047  35.884 0.1000000015
1548  -2.093  -91.177  36.153 0.1000000015
1942  -2.585  -90.637  34.976 0.1000000015
916  -3.870  -94.973  37.079 0.1000000015
668  -3.123  -94.150  36.360 0.1000000015
253  1.091  -95.833  32.612 0.3000000119
144773  2.600  -96.261  34.562 0.2000000030
156919  0.352  -95.363  32.185 0.3000000119
149197  -1.787  -94.935  32.104 0.3000000119
423  3.352  -96.196  35.532 0.2000000030
713  -3.556  -95.887  32.610 0.3000000119
92  5.754  -97.536  36.698 0.2000000030
413  7.510  -95.365  36.799 0.1000000015
222  7.159  -97.255  38.225 0.1000000015
660  7.146  -94.415  37.105 0.1000000015
1923  -3.051  -90.032  36.338 0.1000000015
932  -2.906  -93.793  36.902 0.1000000015
1225  -2.895  -93.227  35.877 0.1000000015
150238  0.362  -96.411  32.466 0.2000000030
153646  4.314  -96.918  35.415 0.2000000030
241  2.517  -96.683  34.131 0.2000000030
447  -1.472  -96.166  32.301 0.3000000119
90  6.362  -97.980  38.139 0.1000000015
448  -2.603  -96.209  32.388 0.3000000119
938  6.798  -93.322  36.593 0.1000000015
1540  -6.254  -92.356  38.309 0.2000000030
156408  -3.144  -90.194  37.130 0.1000000015
1224  -2.485  -92.317  36.217 0.1000000015
1921  -2.194  -90.607  36.988 0.1000000015
248  1.638  -96.045  33.410 0.2000000030
1235  6.802  -91.778  35.220 0.1000000015
1251  6.836  -92.259  34.537 0.1000000015
675  7.193  -94.371  35.854 0.1000000015
951  6.693  -92.801  35.342 0.1000000015
1912  -3.887  -91.132  38.011 0.1000000015
687  6.767  -93.552  34.956 0.1000000015
227  7.931  -97.550  37.531 0.1000000015
89  7.522  -98.077  38.197 0.1000000015
16  6.456  -98.141  37.512 0.2000000030
49  7.287  -98.654  30.972 0.3000000119
1539  -5.171  -92.048  38.487 0.1000000015
1525  -7.082  -91.915  39.020 0.2000000030
974  6.938  -92.748  33.926 0.1000000015
686  6.984  -94.300  34.567 0.1000000015
166132  9.833  -92.215  36.280 0.1000000015
1234  8.493  -91.669  34.658 0.1000000015
674  7.470  -95.282  35.519 0.1000000015
422  7.783  -96.440  36.435 0.1000000015
160758  7.046  -98.374  36.338 0.2000000030
91  8.147  -98.204  37.173 0.1000000015
1509  -5.964  -92.025  39.188 0.1000000015
1911  -2.846  -90.361  38.103 0.1000000015
1263  7.510  -92.639  33.657 0.1000000015
936  10.399  -93.897  36.829 0.1000000015
1233  9.413  -92.083  35.376 0.1000000015
971  8.913  -93.148  33.622 0.1000000015
429  7.796  -96.354  35.169 0.1000000015
235  8.388  -97.706  36.131 0.1000000015
1510  -6.513  -91.699  39.736 0.1000000015
950  9.829  -92.973  35.152 0.1000000015
1248  9.037  -92.539  34.381 0.1000000015
973  7.136  -93.297  33.353 0.1000000015
959  9.824  -93.587  34.472 0.1000000015
696  7.084  -94.288  33.399 0.1000000015
145886  7.694  -96.188  34.126 0.1000000015
1293  6.459  -92.395  29.631 0.3000000119
1000  5.886  -93.266  29.339 0.4000000060
980  7.590  -93.892  32.708 0.1000000015
436  7.375  -95.476  33.250 0.1000000015
240  8.218  -97.345  34.660 0.1000000015
4993  -2.456  -83.566  26.304 0.2000000030
1983  7.851  -90.488  30.532 0.2000000030
1642  6.453  -91.493  28.766 0.2000000030
1662  6.726  -91.634  27.923 0.3000000119
2002  7.246  -90.203  29.835 0.2000000030
1033  8.203  -93.130  25.961 0.4000000060
2367  8.079  -89.736  30.036 0.2000000030
1877  -6.138  -90.527  41.077 0.1000000015
152078  -1.086  -82.060  27.535 0.2000000030
5572  -1.733  -82.846  27.153 0.2000000030
2003  6.847  -90.544  29.583 0.2000000030
1641  6.973  -90.990  28.418 0.3000000119
1332  7.578  -92.481  26.818 0.3000000119
1331  8.393  -92.537  26.516 0.4000000060
2038  7.647  -90.739  28.304 0.3000000119
1674  7.979  -91.944  27.129 0.3000000119
1049  9.436  -93.639  25.525 0.4000000060
7877  -2.415  -79.287  23.071 0.2000000030
7282  -1.930  -79.388  25.124 0.1000000015
7273  -1.737  -79.893  26.116 0.1000000015
162172  -2.076  -81.078  26.870 0.2000000030
6633  -1.220  -80.372  27.280 0.1000000015
138546  -0.273  -79.622  27.472 0.1000000015
4991  -0.479  -83.663  26.381 0.1000000015
1673  8.825  -91.788  26.917 0.3000000119
163023  10.168  -92.356  25.830 0.3000000119
1048  10.300  -93.557  25.354 0.3000000119
142755  11.897  -94.959  25.081 0.4000000060
136306  -2.425  -77.436  22.045 0.1000000015
7876  -1.574  -78.351  24.694 0.2000000030
7867  -0.831  -78.668  26.042 0.1000000015
7272  -1.000  -79.439  26.635 0.1000000015
149249  10.736  -92.061  25.550 0.2000000030
1063  11.956  -93.025  24.601 0.2000000030
517  12.655  -95.720  24.853 0.3000000119
154278  13.374  -96.428  24.748 0.5000000000
8409  -1.841  -78.204  22.716 0.1000000015
8408  -1.268  -77.560  24.406 0.1000000015
9038  -0.603  -75.918  23.973 0.1000000015
8398  -0.559  -77.749  25.763 0.1000000015
8397  0.265  -77.455  26.683 0.1000000015
9021  0.951  -76.696  27.000 0.1000000015
332  13.972  -97.065  21.040 0.4000000060
810  13.133  -94.656  20.170 0.3000000119
541  13.168  -95.352  20.239 0.3000000119
347  11.595  -95.820  19.487 0.4000000060
355  10.573  -95.887  18.416 0.5000000000
1098  12.379  -94.407  19.361 0.3000000119
814  12.831  -94.904  19.585 0.3000000119
11000  0.238  -72.813  23.417 0.1000000015
10343  -0.809  -73.800  23.461 0.1000000015
10329  -0.019  -73.716  23.402 0.1000000015
157858  -0.648  -73.971  23.389 0.1000000015
820  8.071  -95.000  17.276 0.4000000060
12265  1.103  -70.985  24.425 0.2000000030
12279  0.527  -71.255  23.822 0.1000000015
11656  0.348  -71.935  23.517 0.1000000015
12274  0.118  -71.226  24.267 0.2000000030
11625  1.382  -71.055  25.815 0.2000000030
4892  -6.395  -82.817  38.797 0.3000000119
5474  -6.411  -82.011  37.167 0.2000000030
14664  2.565  -68.283  30.403 0.2000000030
7172  -1.438  -78.554  37.353 0.1000000015
15325  2.740  -67.134  28.595 0.1000000015
159676  1.629  -67.376  28.258 0.1000000015
143190  2.031  -66.980  27.167 0.1000000015
15333  0.705  -67.637  26.929 0.2000000030
8900  -1.544  -75.863  39.236 0.2000000030
10178  -3.440  -74.437  40.340 0.3000000119
10841  -2.866  -73.893  40.114 0.3000000119
10840  -1.604  -74.261  39.916 0.3000000119
16815  1.601  -64.851  25.586 0.2000000030
16828  1.691  -63.961  25.568 0.2000000030
18539  3.192  -61.768  25.273 0.2000000030
19455  3.718  -61.238  25.569 0.2000000030
20451  3.855  -60.972  25.796 0.2000000030
22328  5.499  -58.342  25.990 0.2000000030
23327  5.763  -57.826  26.036 0.2000000030
22349  5.704  -57.311  23.816 0.1000000015
22339  5.318  -57.998  25.180 0.2000000030
21451  5.966  -58.434  23.837 0.2000000030
23358  5.819  -56.638  24.002 0.1000000015
156053  5.218  -56.573  27.558 0.2000000030
23347  5.727  -57.235  24.859 0.1000000015
24358  5.976  -57.351  27.004 0.2000000030
25286  5.025  -55.226  28.039 0.2000000030
24344  6.012  -56.354  27.402 0.1000000015
24357  6.648  -56.976  26.744 0.1000000015
166505  5.471  -54.453  28.310 0.2000000030
160999  6.125  -55.304  27.751 0.2000000030
136416  5.579  -56.027  38.969 0.3000000119
26976  7.105  -53.570  27.126 0.1000000015
26999  7.525  -53.530  26.438 0.1000000015
157867  6.817  -52.392  25.909 0.1000000015
21270  10.773  -59.504  38.695 0.2000000030
34679  7.381  -44.977  22.168 0.1000000015
246  7.882  -96.780  33.495 0.1000000015
6643  -2.384  -80.193  24.985 0.4000000060
163029  12.018  -96.210  20.481 0.5000000000
338  13.270  -96.184  20.829 0.3000000119
156232  -0.709  -82.906  27.200 0.1000000015
160085  -1.419  -81.301  27.469 0.1000000015
22329  5.485  -58.796  26.596 0.2000000030
33636  6.732  -45.937  22.846 0.1000000015
984  -2.359  -93.102  32.300 0.1000000015
1304  5.973  -92.254  28.802 0.2000000030
540  13.549  -95.868  20.988 0.3000000119
7774  -1.045  -78.121  37.138 0.2000000030
145695  7.574  -99.037  31.773 0.3000000119
20440  4.480  -60.658  26.075 0.2000000030
9049  -2.301  -76.718  22.001 0.1000000015
8415  -1.451  -77.001  22.940 0.1000000015
23314  5.452  -57.489  27.251 0.2000000030
1597  -3.222  -91.940  32.908 0.1000000015
1943  -3.166  -90.483  34.996 0.1000000015
149570  -2.319  -90.621  36.022 0.1000000015
1250  7.313  -92.094  34.143 0.1000000015
1558  8.780  -91.250  35.274 0.1000000015
150433  9.793  -92.922  25.677 0.3000000119
1342  10.546  -92.777  25.392 0.3000000119
785  11.845  -93.934  24.738 0.3000000119
8390  -0.189  -78.148  26.738 0.1000000015
9031  -0.497  -76.887  25.024 0.1000000015
346  12.576  -95.592  19.949 0.3000000119
159408  5.504  -57.364  24.438 0.2000000030
23326  6.245  -57.410  25.734 0.1000000015
3659  5.247  -85.976  24.111 0.1000000015
4118  5.216  -85.653  24.995 0.1000000015
158528  4.882  -86.145  24.627 0.1000000015
4100  4.792  -85.471  25.792 0.1000000015
4504  2.683  -85.449  26.459 0.2000000030
3627  3.835  -86.405  26.089 0.2000000030
560  11.088  -95.302  16.831 0.3000000119
1754  6.785  -91.650  18.683 0.3000000119
570  9.909  -95.122  16.536 0.3000000119
571  9.195  -94.776  16.813 0.3000000119
4548  5.614  -84.252  23.084 0.1000000015
4138  5.663  -84.971  23.558 0.1000000015
4146  4.397  -85.017  21.976 0.1000000015
4139  5.220  -85.057  22.853 0.1000000015
3674  5.369  -85.705  23.510 0.1000000015
4125  5.723  -85.163  24.313 0.1000000015
165727  2.374  -84.893  25.812 0.1000000015
162397  11.088  -94.835  16.358 0.1000000015
1111  8.551  -94.127  17.204 0.3000000119
1406  8.713  -93.212  17.071 0.3000000119
1407  8.110  -92.590  17.331 0.3000000119
829  10.047  -94.379  16.182 0.2000000030
4549  4.832  -84.096  22.116 0.1000000015
5063  4.403  -83.365  21.193 0.1000000015
4533  5.798  -83.546  23.534 0.1000000015
4529  5.784  -84.168  24.496 0.1000000015
162871  5.251  -84.292  25.144 0.1000000015
2140  6.963  -90.548  16.578 0.1000000015
2116  7.288  -90.286  19.022 0.1000000015
830  10.930  -93.818  15.673 0.1000000015
1413  9.556  -92.686  15.373 0.1000000015
1771  8.518  -92.425  16.500 0.2000000030
1766  7.580  -91.399  16.669 0.2000000030
2139  7.532  -90.877  17.698 0.1000000015
1120  9.354  -93.830  16.629 0.3000000119
5039  5.484  -83.298  22.383 0.1000000015
12133  -0.246  -71.493  39.025 0.3000000119
139614  -1.694  -71.219  38.356 0.3000000119
15886  0.597  -65.182  40.740 0.1000000015
17475  -0.390  -63.525  40.967 0.1000000015
18365  -0.759  -62.874  40.826 0.1000000015
15198  -0.250  -65.885  40.808 0.1000000015
15888  -1.832  -65.164  40.937 0.1000000015
17476  -1.495  -63.664  40.707 0.2000000030
163293  -1.840  -64.036  40.700 0.2000000030
15200  -2.197  -66.088  41.019 0.2000000030
18368  -2.768  -61.947  40.338 0.3000000119
16660  -2.169  -63.630  40.496 0.3000000119
17484  -2.701  -63.324  40.209 0.4000000060
30642  17.850  -49.026  25.665 0.2000000030
2481  7.336  -89.671  19.612 0.2000000030
1737  7.067  -90.795  18.959 0.3000000119
1753  7.379  -91.084  18.427 0.3000000119
143807  7.333  -91.966  18.290 0.3000000119
3643  4.501  -86.127  25.524 0.2000000030
15894  -2.019  -65.375  40.679 0.3000000119
18377  -3.165  -62.203  40.135 0.4000000060
31634  17.787  -48.241  25.875 0.2000000030
15199  -1.509  -66.409  41.005 0.2000000030
3616  4.153  -85.965  26.284 0.1000000015
1411  9.292  -92.916  16.295 0.1000000015
1119  9.979  -93.495  15.865 0.2000000030
2498  7.321  -90.067  17.811 0.1000000015
2492  7.429  -89.635  18.763 0.1000000015
15887  -0.870  -65.032  40.875 0.1000000015
154927  -1.345  -64.290  40.806 0.1000000015
20205  -1.500  -60.187  40.407 0.2000000030
162041  -0.847  -59.220  40.577 0.1000000015
21238  -2.438  -58.626  40.183 0.1000000015
22122  -1.273  -58.200  42.133 0.1000000015
22131  -1.408  -57.742  41.278 0.2000000030
22123  -1.919  -57.444  42.531 0.1000000015
24136  -0.832  -55.493  42.445 0.1000000015
145114  0.502  -55.232  41.999 0.1000000015
24157  0.257  -55.450  41.401 0.1000000015
24175  0.042  -55.725  39.902 0.2000000030
24191  7.746  -56.432  39.294 0.1000000015
24133  2.750  -55.960  42.750 0.1000000015
23142  8.156  -57.052  40.013 0.1000000015
23143  7.186  -57.015  39.872 0.1000000015
23106  4.326  -56.627  41.599 0.1000000015
24173  1.677  -56.432  40.622 0.1000000015
137438  4.447  -56.628  40.319 0.1000000015
138809  2.998  -56.389  40.138 0.2000000030
136410  2.358  -56.439  40.297 0.1000000015
23125  6.721  -57.138  40.591 0.1000000015
160591  12.544  -46.258  23.042 0.2000000030
159177  14.983  -47.235  23.960 0.2000000030
32612  14.233  -46.934  23.757 0.2000000030
154623  16.758  -46.969  24.559 0.1000000015
33616  14.805  -46.250  23.930 0.1000000015
33617  13.906  -45.639  23.583 0.2000000030
34664  12.819  -45.198  22.706 0.2000000030
153948  13.533  -44.874  23.197 0.1000000015
34663  13.674  -44.202  22.957 0.1000000015
159613  3.664  -56.477  41.710 0.1000000015
23105  5.256  -56.766  41.560 0.1000000015
23126  5.699  -56.845  40.560 0.1000000015
23123  8.528  -57.255  40.755 0.1000000015
21225  -1.365  -58.414  40.646 0.1000000015
23093  -2.139  -56.807  42.936 0.1000000015
25107  -0.400  -55.325  41.297 0.2000000030
25093  -0.429  -55.061  41.977 0.1000000015
34676  11.955  -44.989  22.325 0.2000000030
36587  9.948  -42.125  20.879 0.1000000015
31620  18.156  -48.778  26.375 0.2000000030
34675  12.822  -44.690  22.031 0.1000000015
35698  11.822  -44.165  21.330 0.1000000015
533  14.019  -96.327  21.745 0.3000000119
32603  17.212  -47.640  24.790 0.2000000030
32605  15.772  -46.922  24.200 0.2000000030
155283  13.562  -46.663  23.506 0.2000000030
33619  11.948  -46.067  22.768 0.2000000030
33605  17.378  -46.787  24.969 0.1000000015
23144  6.190  -56.657  39.798 0.1000000015
24156  1.180  -55.720  41.799 0.1000000015
24153  3.994  -56.065  42.597 0.1000000015
24155  2.368  -56.110  41.877 0.1000000015
23124  7.618  -57.276  40.613 0.1000000015
23107  3.656  -56.691  40.739 0.1000000015
23092  4.856  -56.207  42.603 0.1000000015
23108  3.048  -56.595  41.204 0.1000000015
33618  13.166  -45.921  23.247 0.2000000030
155973  14.503  -44.820  23.918 0.1000000015
147117  15.462  -45.652  24.242 0.1000000015
155759  13.958  -44.115  23.586 0.1000000015
516  13.234  -95.471  24.080 0.3000000119
790  13.438  -94.795  23.107 0.1000000015
783  13.263  -94.512  23.892 0.3000000119
139896  13.581  -92.931  22.621 0.1000000015
1078  13.629  -93.807  22.593 0.1000000015
523  13.556  -95.749  23.255 0.2000000030
1367  12.355  -91.947  22.040 0.1000000015
143924  10.422  -89.294  22.273 0.1000000015
2076  10.667  -90.369  22.241 0.1000000015
2075  11.454  -90.657  22.439 0.1000000015
2810  10.441  -88.452  21.818 0.1000000015
1079  12.884  -92.812  21.795 0.1000000015
2808  11.576  -87.792  21.617 0.1000000015
3223  11.345  -87.676  22.037 0.1000000015
144537  12.014  -88.251  20.909 0.1000000015
2806  13.512  -88.275  21.258 0.1000000015
816  11.816  -94.713  17.485 0.2000000030
157817  11.975  -94.120  18.155 0.2000000030
1104  11.662  -93.638  19.161 0.1000000015
161486  13.590  -94.639  22.204 0.2000000030
1700  12.483  -91.249  22.407 0.1000000015
3239  12.312  -87.400  22.061 0.1000000015
165417  12.595  -87.361  22.351 0.1000000015
145559  11.173  -89.834  22.662 0.1000000015
819  11.481  -94.656  16.606 0.2000000030
1373  11.643  -92.277  21.399 0.1000000015
815  12.039  -94.743  18.816 0.2000000030
553  11.616  -95.178  18.030 0.2000000030
1099  11.558  -93.544  20.023 0.1000000015
1379  11.080  -92.722  20.615 0.1000000015
1387  11.007  -92.890  19.695 0.1000000015
1374  10.788  -91.713  21.183 0.1000000015
801  13.546  -95.214  21.469 0.2000000030
802  13.360  -94.576  20.952 0.2000000030
1089  11.985  -93.210  20.851 0.1000000015
10162  -1.062  -74.929  40.293 0.2000000030
10839  -0.694  -73.635  39.451 0.2000000030
11492  -0.317  -72.584  39.116 0.2000000030
11482  1.426  -72.376  39.351 0.2000000030
11483  0.531  -72.386  39.267 0.2000000030
12129  0.885  -71.496  39.332 0.2000000030
159321  -1.068  -72.834  39.000 0.2000000030
12728  1.249  -70.574  39.533 0.2000000030
13896  -0.532  -68.515  40.839 0.2000000030
19264  -2.320  -61.142  40.417 0.1000000015
152947  3.308  -71.508  28.996 0.1000000015
13378  4.270  -69.944  31.245 0.1000000015
26914  18.826  -52.917  33.366 0.1000000015
32583  17.591  -47.624  27.082 0.1000000015
31621  17.839  -48.088  26.586 0.1000000015
162399  7.119  -89.669  20.228 0.2000000030
26057  19.345  -54.102  32.180 0.1000000015
1088  13.092  -93.807  21.060 0.1000000015
10838  0.179  -73.214  39.356 0.2000000030
32588  17.554  -47.424  26.398 0.1000000015
47  8.395  -98.638  30.903 0.2000000030
999  7.386  -93.558  29.445 0.2000000030
784  12.694  -94.585  24.457 0.2000000030
3253  3.243  -87.237  19.950 0.1000000015
3252  4.388  -87.491  19.791 0.1000000015
3251  5.674  -87.602  19.640 0.1000000015
6096  -0.562  -81.256  27.697 0.1000000015
3688  1.836  -85.629  19.812 0.1000000015
3691  2.204  -86.560  19.114 0.1000000015
166214  2.580  -86.544  20.109 0.1000000015
162424  2.561  -86.639  18.230 0.1000000015
153525  4.560  -87.329  18.654 0.1000000015
140157  6.315  -88.599  20.865 0.1000000015
3258  6.705  -88.076  18.649 0.1000000015
2825  7.017  -88.423  20.346 0.1000000015
2468  6.886  -89.219  20.686 0.1000000015
5563  0.895  -82.404  27.738 0.1000000015
5571  -0.079  -82.175  27.550 0.1000000015
18530  5.176  -62.594  26.160 0.1000000015
18538  5.778  -61.785  25.995 0.1000000015
18531  3.371  -62.319  25.336 0.1000000015
19454  4.760  -61.003  25.903 0.1000000015
19445  4.078  -61.692  25.488 0.1000000015
20449  5.323  -60.140  25.799 0.1000000015
21445  5.278  -59.588  25.803 0.1000000015
19453  6.129  -60.945  25.580 0.1000000015
20448  5.998  -59.905  25.233 0.1000000015
21443  5.567  -59.009  24.766 0.1000000015
21444  5.378  -58.767  25.253 0.1000000015
22340  5.401  -58.896  25.760 0.1000000015
34693  7.538  -43.536  21.687 0.1000000015
1680  10.221  -91.754  26.144 0.1000000015
37529  8.990  -41.171  20.828 0.1000000015
35734  8.729  -41.856  20.565 0.1000000015
146609  9.486  -44.141  20.248 0.1000000015
36597  9.704  -42.596  20.372 0.1000000015
35717  7.759  -42.116  21.179 0.1000000015
3244  5.472  -87.941  20.681 0.1000000015
1672  9.621  -91.414  26.679 0.2000000030
17647  2.655  -63.078  25.225 0.1000000015
20450  4.560  -60.606  25.971 0.1000000015
22350  5.339  -58.080  24.520 0.1000000015
3259  5.802  -87.508  18.578 0.1000000015
144802  5.426  -59.391  25.419 0.1000000015
2018  8.125  -90.258  28.575 0.1000000015
2036  9.279  -90.254  27.440 0.1000000015
1660  8.349  -91.352  27.355 0.1000000015
2382  8.608  -89.628  28.838 0.1000000015
2249  -5.529  -88.994  41.494 0.1000000015
143196  -5.205  -88.151  41.607 0.1000000015
3029  -5.482  -87.340  41.543 0.1000000015
3446  -5.174  -86.257  42.182 0.1000000015
4865  -6.251  -84.044  42.118 0.1000000015
6003  -6.224  -81.102  36.595 0.1000000015
1611  6.771  -91.078  30.205 0.1000000015
2349  8.327  -89.882  30.461 0.1000000015
1511  -7.022  -91.451  39.822 0.1000000015
3028  -5.037  -87.250  41.896 0.1000000015
3456  -4.463  -86.550  41.754 0.1000000015
3930  -4.514  -85.793  42.131 0.1000000015
144544  -4.984  -84.358  42.429 0.1000000015
5463  -6.335  -82.107  38.176 0.1000000015
6001  -5.136  -80.153  37.134 0.1000000015
6522  -4.611  -79.990  36.810 0.1000000015
1283  8.063  -92.038  30.401 0.1000000015
1292  7.578  -92.782  29.833 0.1000000015
1284  7.020  -91.944  30.134 0.1000000015
1609  8.619  -91.205  30.785 0.1000000015
1601  9.453  -90.799  31.243 0.1000000015
5450  -5.446  -81.754  39.803 0.1000000015
5978  -5.802  -81.687  38.248 0.1000000015
5462  -5.085  -81.538  38.663 0.1000000015
5472  -4.706  -80.751  37.849 0.1000000015
154175  9.547  -93.456  29.430 0.1000000015
474  10.196  -96.047  28.441 0.1000000015
993  9.859  -92.873  29.910 0.1000000015
152620  10.221  -92.340  30.534 0.1000000015
6520  -2.764  -79.762  38.288 0.1000000015
152870  -0.952  -76.681  40.024 0.1000000015
157863  -1.223  -75.770  40.027 0.1000000015
9496  -1.220  -75.338  40.148 0.1000000015
9518  -2.313  -75.107  39.974 0.1000000015
10161  -0.220  -75.014  40.520 0.1000000015
10821  2.232  -74.160  39.949 0.1000000015
143014  1.266  -74.169  39.947 0.1000000015
151770  1.849  -73.309  39.537 0.1000000015
10822  0.938  -73.288  39.459 0.1000000015
11481  2.395  -72.348  39.437 0.1000000015
12128  1.847  -71.458  39.403 0.1000000015
144466  3.605  -72.185  39.390 0.1000000015
12127  2.862  -71.344  39.475 0.1000000015
141179  2.237  -70.707  39.510 0.1000000015
160292  0.333  -70.221  39.810 0.1000000015
12726  3.231  -70.280  39.577 0.1000000015
12727  2.081  -69.912  39.651 0.1000000015
13304  0.021  -69.217  40.718 0.1000000015
13905  1.154  -68.718  40.240 0.1000000015
13313  2.056  -69.039  39.920 0.1000000015
13906  0.450  -68.479  40.638 0.1000000015
14561  1.450  -67.910  40.448 0.1000000015
139547  -0.412  -66.770  40.856 0.1000000015
14555  0.345  -67.571  40.692 0.1000000015
19319  12.309  -61.676  38.090 0.1000000015
19316  14.265  -61.128  37.879 0.1000000015
997  10.385  -93.712  29.406 0.1000000015
727  11.101  -94.628  28.961 0.1000000015
464  11.278  -95.896  29.521 0.1000000015
131  8.521  -97.987  30.486 0.1000000015
19317  13.704  -61.552  37.873 0.1000000015
274  8.896  -97.581  29.539 0.1000000015
470  11.167  -95.806  29.051 0.1000000015
270  8.718  -96.900  30.306 0.1000000015
739  10.618  -95.333  28.558 0.1000000015
5451  -6.055  -82.146  39.392 0.1000000015
102  8.530  -98.554  33.194 0.1000000015
37  8.538  -98.856  31.801 0.1000000015
10823  0.225  -74.149  39.857 0.1000000015
139206  0.828  -69.591  39.968 0.1000000015
0  1.817  -97.200  33.066 0.4000000060
2  7.077  -98.745  29.673 0.4000000060
3  6.278  -98.830  29.387 0.5000000000
6  5.775  -99.189  28.921 0.5000000000
7  4.896  -99.239  28.677 0.5000000000
9  6.896  -99.047  28.985 0.4000000060
12  4.570  -99.355  28.161 0.6000000238
14  4.830  -99.252  27.708 0.5000000000
15  6.992  -98.267  38.189 0.1000000015
17  7.547  -98.236  37.566 0.1000000015
18  7.055  -98.421  37.242 0.2000000030
19  6.308  -98.085  36.536 0.2000000030
20  7.815  -98.411  36.515 0.2000000030
23  4.629  -97.193  35.175 0.3000000119
30  8.617  -98.910  32.604 0.1000000015
34  4.034  -97.246  34.078 0.4000000060
35  2.361  -97.104  33.313 0.4000000060
38  8.169  -99.135  32.243 0.3000000119
39  7.468  -98.963  32.539 0.2000000030
41  2.529  -97.359  33.035 0.4000000060
43  0.749  -97.456  32.191 0.5000000000
46  -1.050  -98.086  32.028 0.5000000000
48  8.064  -99.070  31.242 0.2000000030
51  1.719  -97.547  31.912 0.5000000000
54  -0.800  -98.148  32.005 0.6000000238
57  7.578  -98.714  30.369 0.4000000060
61  0.244  -98.058  31.718 0.6000000238
63  8.162  -98.538  29.477 0.3000000119
64  7.667  -98.779  29.132 0.4000000060
70  7.464  -98.785  28.546 0.5000000000
71  6.844  -99.091  28.334 0.5000000000
75  7.790  -98.494  28.322 0.5000000000
79  3.383  -99.129  26.846 0.6000000238
82  3.075  -98.826  26.370 1.0000000000
84  7.795  -99.007  24.357 0.8000000119
86  6.973  -99.010  23.904 0.8999999762
87  7.555  -98.915  23.781 0.8000000119
88  6.291  -98.432  23.464 0.8999999762
93  5.012  -96.904  36.189 0.1000000015
96  5.038  -97.162  35.747 0.3000000119
97  3.094  -96.792  34.501 0.3000000119
98  8.453  -98.322  35.035 0.1000000015
100  1.905  -96.834  33.522 0.4000000060
101  1.652  -96.847  32.860 0.4000000060
106  1.595  -96.496  33.465 0.3000000119
107  1.005  -96.958  32.763 0.4000000060
108  8.539  -98.291  32.270 0.1000000015
114  -0.685  -97.675  32.319 0.4000000060
117  -3.187  -96.973  31.938 0.4000000060
119  -4.658  -96.808  31.414 0.4000000060
120  8.500  -98.133  31.398 0.1000000015
124  2.409  -97.366  31.160 0.5000000000
127  -2.024  -97.571  31.837 0.5000000000
129  -3.598  -97.147  31.490 0.6000000238
135  2.100  -97.509  30.320 0.8000000119
138  -0.212  -98.169  30.998 0.8000000119
139  -2.227  -97.589  30.808 0.6999999881
142  -4.659  -96.983  30.701 0.6000000238
143  9.009  -97.252  28.550 0.2000000030
145  3.973  -98.188  29.276 0.6000000238
148  1.320  -97.578  29.952 0.8999999762
153  -3.905  -97.330  30.321 0.6999999881
155  -5.719  -97.275  28.643 0.6999999881
156  8.583  -97.795  28.460 0.3000000119
158  1.120  -97.326  28.427 0.8999999762
164  -4.910  -97.473  28.743 0.8000000119
167  7.857  -98.142  27.977 0.5000000000
180  -6.134  -97.568  25.718 0.8000000119
183  1.874  -97.145  26.337 1.0000000000
184  -2.003  -97.265  25.826 1.0000000000
187  -4.583  -97.250  26.223 0.8000000119
189  -6.902  -98.093  25.273 0.8000000119
191  11.637  -97.156  25.086 0.6999999881
195  8.107  -98.744  25.094 0.6999999881
197  5.164  -98.056  24.672 0.8999999762
201  -3.810  -97.049  25.705 1.0000000000
209  -6.618  -97.069  24.116 0.8999999762
210  13.795  -97.489  23.568 0.6000000238
212  11.408  -96.797  23.782 0.6999999881
213  7.577  -98.478  23.484 0.8000000119
214  6.615  -98.160  23.238 0.8999999762
216  14.141  -97.363  22.713 0.6000000238
219  14.151  -97.273  21.785 0.6000000238
221  11.764  -97.039  21.971 0.6999999881
236  3.551  -96.715  35.161 0.2000000030
237  3.006  -96.567  34.878 0.2000000030
242  2.100  -96.752  34.071 0.2000000030
247  2.182  -96.304  34.079 0.2000000030
257  -2.628  -97.063  32.258 0.4000000060
258  -3.479  -96.614  32.171 0.5000000000
259  -4.058  -96.465  32.233 0.6000000238
264  -5.353  -96.553  31.617 0.6000000238
269  9.521  -96.640  29.508 0.2000000030
272  10.333  -96.214  28.756 0.2000000030
280  5.028  -96.361  28.029 0.5000000000
283  8.361  -97.737  28.124 0.5000000000
286  3.821  -97.475  26.045 0.6999999881
287  0.165  -96.591  25.717 1.0000000000
288  -0.350  -96.801  26.305 1.0000000000
295  0.207  -96.236  24.823 1.0000000000
298  11.421  -96.680  25.085 0.6000000238
299  10.620  -96.374  25.050 0.6999999881
304  4.818  -97.360  25.187 0.6999999881
310  -4.242  -96.474  25.656 1.0000000000
312  -6.339  -96.526  24.505 0.8999999762
314  13.664  -97.169  24.603 0.6000000238
319  8.670  -98.069  23.769 0.8000000119
322  11.594  -96.968  22.933 0.6999999881
324  9.729  -95.863  23.648 0.6999999881
327  6.132  -97.000  23.408 0.8999999762
328  5.050  -97.300  23.361 0.8999999762
333  11.879  -96.735  21.232 0.6000000238
337  14.123  -96.734  21.368 0.3000000119
341  8.947  -96.091  20.059 0.6999999881
342  8.057  -95.980  19.960 0.8000000119
345  5.197  -95.223  19.961 0.8999999762
348  10.340  -96.105  19.156 0.6000000238
353  5.872  -95.457  19.471 0.6999999881
354  11.239  -95.649  18.586 0.4000000060
359  6.760  -95.410  18.239 0.6999999881
360  5.969  -95.330  18.856 0.6999999881
363  9.696  -95.739  17.724 0.6000000238
365  7.832  -95.483  18.015 0.6999999881
402  5.956  -95.709  38.448 0.1000000015
403  5.213  -95.799  37.754 0.1000000015
406  -3.634  -95.719  37.401 0.1000000015
430  2.266  -95.526  34.414 0.1000000015
445  1.674  -95.174  32.847 0.2000000030
446  -0.646  -95.105  32.065 0.3000000119
450  -4.645  -96.002  32.603 0.5000000000
452  -6.546  -95.710  32.604 0.5000000000
463  11.982  -95.423  29.333 0.1000000015
469  11.384  -95.398  28.859 0.1000000015
473  10.798  -95.766  28.748 0.1000000015
475  8.969  -96.256  28.002 0.3000000119
477  6.530  -95.797  28.546 0.5000000000
482  -7.933  -96.320  27.332 0.8000000119
483  4.176  -96.238  27.105 0.5000000000
485  -1.722  -95.470  26.380 1.0000000000
490  4.230  -96.639  26.255 0.6000000238
491  -0.784  -95.858  24.458 1.0000000000
493  -2.218  -95.915  25.240 1.0000000000
494  -3.342  -95.825  25.812 1.0000000000
499  10.418  -95.426  25.293 0.5000000000
500  9.287  -96.093  25.377 0.6000000238
503  6.489  -95.954  25.470 0.5000000000
506  2.840  -96.347  25.020 0.8999999762
509  0.283  -95.689  24.427 0.8999999762
510  -1.940  -96.425  24.833 1.0000000000
515  -6.668  -95.962  24.644 0.8999999762
518  11.915  -95.944  25.064 0.5000000000
525  9.078  -95.075  23.033 0.8000000119
539  5.153  -94.806  20.979 0.8999999762
543  7.495  -95.751  20.532 0.8999999762
545  5.472  -95.296  20.358 0.8999999762
548  12.660  -95.110  19.538 0.3000000119
549  11.951  -95.242  19.093 0.4000000060
551  4.724  -94.270  20.157 0.8999999762
552  4.051  -93.796  20.232 0.8999999762
554  10.998  -95.611  17.632 0.3000000119
555  6.059  -95.074  18.385 0.6999999881
557  5.401  -94.769  19.434 0.8000000119
561  10.434  -95.616  17.213 0.3000000119
562  9.811  -95.534  17.046 0.3000000119
563  9.091  -95.302  17.130 0.6000000238
566  5.977  -94.691  18.481 0.6999999881
567  5.550  -94.428  19.108 0.8000000119
568  5.267  -93.834  19.489 0.6999999881
569  10.553  -95.237  16.627 0.3000000119
648  6.614  -95.023  38.068 0.1000000015
667  -2.836  -94.544  36.316 0.1000000015
677  2.238  -94.972  34.990 0.1000000015
681  -2.234  -94.109  35.688 0.1000000015
697  1.687  -94.728  33.215 0.1000000015
700  -6.861  -94.868  33.828 0.2000000030
708  1.424  -94.482  32.801 0.1000000015
715  -7.662  -95.044  32.490 0.5000000000
722  -7.822  -94.461  31.618 0.8000000119
731  5.520  -94.107  29.220 0.5000000000
743  5.162  -94.752  28.888 0.5000000000
757  -5.454  -94.391  27.316 1.0000000000
765  4.757  -94.504  27.159 0.5000000000
767  0.343  -94.822  25.091 1.0000000000
770  -7.711  -94.102  24.931 0.8999999762
774  8.221  -94.379  25.573 0.5000000000
775  7.000  -95.026  25.534 0.5000000000
778  4.715  -95.267  26.510 0.5000000000
782  -7.615  -94.476  24.910 0.8999999762
787  2.554  -95.197  23.879 0.8999999762
789  -7.242  -94.157  24.739 0.8999999762
791  8.300  -94.251  22.829 0.8999999762
792  7.795  -94.107  23.232 0.8999999762
793  6.879  -94.238  23.473 0.8999999762
797  13.628  -95.559  22.382 0.2000000030
798  8.462  -94.285  22.950 0.8999999762
799  8.054  -93.885  22.772 0.8999999762
800  3.535  -94.265  21.827 1.0000000000
809  13.392  -95.191  20.644 0.3000000119
812  4.001  -94.287  20.876 1.0000000000
813  3.777  -94.025  20.625 0.8999999762
817  4.729  -93.634  19.670 0.8000000119
818  4.031  -93.489  19.595 1.0000000000
821  6.904  -94.786  17.503 0.6999999881
825  4.831  -93.425  19.291 0.6999999881
826  4.148  -93.198  19.095 1.0000000000
828  10.713  -94.536  16.089 0.1000000015
831  10.587  -93.901  15.792 0.1000000015
937  10.077  -92.970  36.025 0.1000000015
949  10.379  -93.985  35.749 0.1000000015
960  6.841  -93.466  34.019 0.1000000015
961  6.726  -92.936  34.472 0.1000000015
966  -7.011  -93.317  34.135 0.4000000060
972  7.892  -93.098  33.161 0.1000000015
985  -3.210  -93.745  32.335 0.1000000015
995  11.707  -94.374  29.445 0.1000000015
1006  -3.875  -93.495  29.319 1.0000000000
1008  5.480  -93.066  28.915 0.5000000000
1009  4.987  -93.788  28.718 0.5000000000
1010  1.226  -93.133  28.089 1.0000000000
1013  -1.311  -94.517  28.846 1.0000000000
1021  5.234  -93.302  28.073 0.5000000000
1022  4.804  -94.038  27.897 0.5000000000
1023  1.954  -92.973  26.816 1.0000000000
1026  -6.705  -92.822  25.517 0.8999999762
1034  7.580  -92.975  26.300 0.5000000000
1043  -7.593  -93.756  24.938 0.8999999762
1047  11.107  -93.331  25.022 0.3000000119
1050  8.572  -93.669  25.664 0.5000000000
1052  6.717  -94.158  25.852 0.5000000000
1061  13.493  -93.852  23.477 0.1000000015
1071  5.912  -93.780  23.188 0.8999999762
1081  5.633  -93.692  22.932 0.8999999762
1084  2.142  -94.089  21.864 1.0000000000
1087  13.528  -94.179  21.676 0.2000000030
1091  6.334  -93.780  22.476 0.8999999762
1093  2.795  -94.254  21.500 1.0000000000
1105  3.258  -93.474  19.353 1.0000000000
1108  5.353  -93.029  18.668 0.6000000238
1113  6.447  -94.243  17.888 0.6999999881
1116  4.606  -93.056  18.953 0.6999999881
1117  2.989  -92.476  18.062 0.8999999762
1218  -2.908  -93.220  36.317 0.1000000015
1222  10.150  -92.905  36.916 0.1000000015
1223  6.713  -92.389  36.234 0.1000000015
1237  -2.181  -92.146  35.639 0.1000000015
1238  -6.698  -92.383  35.209 0.3000000119
1249  8.073  -92.088  34.035 0.1000000015
1262  8.297  -92.623  33.676 0.1000000015
1267  -4.579  -92.101  33.680 0.1000000015
1274  -3.686  -92.775  32.484 0.1000000015
1279  -7.974  -93.064  31.091 0.8000000119
1282  9.227  -92.120  30.444 0.1000000015
1285  6.562  -91.637  29.854 0.1000000015
1291  8.832  -92.793  29.884 0.1000000015
1298  -1.305  -93.180  29.992 1.0000000000
1307  1.137  -92.909  28.833 1.0000000000
1317  7.102  -92.030  27.272 0.3000000119
1319  5.780  -92.619  28.181 0.5000000000
1325  -7.668  -91.946  25.988 0.8999999762
1330  9.456  -92.273  26.292 0.3000000119
1334  3.309  -91.863  25.471 1.0000000000
1335  2.903  -92.395  25.900 1.0000000000
1336  -7.111  -93.365  24.758 0.8999999762
1341  11.276  -92.493  24.986 0.2000000030
1343  8.953  -92.993  25.864 0.4000000060
1345  3.000  -92.593  25.083 1.0000000000
1388  1.996  -92.309  17.920 0.8999999762
1396  6.878  -92.642  18.467 0.3000000119
1397  5.767  -92.397  18.625 0.4000000060
1400  3.006  -91.834  17.805 0.8999999762
1401  2.416  -92.036  17.448 0.8999999762
1408  4.487  -92.609  18.645 0.6999999881
1417  8.868  -92.199  14.861 0.1000000015
1541  -7.121  -92.011  36.774 0.4000000060
1550  -6.550  -92.348  36.798 0.2000000030
1559  7.168  -90.999  35.262 0.1000000015
1564  -7.135  -91.681  36.052 0.4000000060
1572  7.736  -91.584  34.418 0.1000000015
1573  7.201  -91.515  34.659 0.1000000015
1575  -2.033  -91.106  34.839 0.1000000015
1580  -7.338  -91.345  34.620 0.8000000119
1588  -2.684  -91.319  33.692 0.1000000015
1590  -7.528  -91.550  33.878 0.4000000060
1603  0.313  -91.526  31.562 1.0000000000
1608  9.609  -91.567  30.883 0.1000000015
1610  7.498  -91.218  30.494 0.1000000015
1614  0.671  -91.856  30.914 1.0000000000
1615  -0.720  -92.046  30.988 1.0000000000
1626  6.565  -91.063  29.626 0.2000000030
1627  6.271  -91.883  29.359 0.2000000030
1630  1.040  -92.190  30.095 1.0000000000
1633  -8.387  -91.611  29.355 0.8999999762
1661  7.572  -91.327  27.739 0.3000000119
1666  -7.898  -90.909  26.894 0.8999999762
1691  3.006  -91.876  23.533 1.0000000000
1701  11.231  -91.344  22.043 0.1000000015
1707  -3.945  -91.173  21.460 1.0000000000
1712  10.556  -90.864  21.789 0.1000000015
1718  -3.449  -91.409  21.406 1.0000000000
1742  1.969  -90.853  17.010 0.8000000119
1746  -3.305  -90.853  19.525 1.0000000000
1755  5.543  -91.564  18.714 0.4000000060
1757  3.172  -91.356  17.981 0.6999999881
1878  -6.502  -90.186  40.866 0.3000000119
1887  -6.294  -91.187  40.409 0.1000000015
1910  -1.999  -90.467  38.247 0.1000000015
1922  -2.674  -90.218  36.204 0.1000000015
1928  -2.463  -90.558  35.489 0.1000000015
1929  -2.880  -90.158  35.611 0.1000000015
1930  -3.474  -90.345  35.722 0.1000000015
1945  -7.208  -90.431  34.602 0.6000000238
1960  0.193  -90.567  32.561 1.0000000000
1970  8.747  -90.261  30.957 0.1000000015
1971  2.356  -90.498  31.758 1.0000000000
1977  -7.181  -90.301  31.159 0.8999999762
1984  7.152  -90.619  30.293 0.2000000030
1985  6.863  -90.484  30.027 0.2000000030
1987  -3.075  -90.544  31.020 1.0000000000
2019  7.265  -90.443  29.042 0.2000000030
2020  6.724  -90.828  29.088 0.2000000030
2037  8.400  -90.690  27.803 0.1000000015
2040  3.542  -90.215  27.452 1.0000000000
2044  -8.510  -90.049  27.549 0.8999999762
2047  9.019  -91.007  27.168 0.2000000030
2063  2.337  -90.676  24.528 1.0000000000
2068  2.331  -90.972  23.869 1.0000000000
2081  -3.672  -91.212  22.307 1.0000000000
2084  10.275  -90.065  21.827 0.1000000015
2086  3.351  -90.255  21.557 0.3000000119
2091  -4.368  -90.933  20.689 1.0000000000
2100  6.479  -89.951  20.381 0.2000000030
2106  -0.113  -89.601  18.042 0.8999999762
2108  -3.583  -90.149  19.449 1.0000000000
2117  6.929  -90.260  19.647 0.2000000030
2122  1.451  -90.555  17.500 0.8999999762
2124  -1.186  -90.056  18.162 0.8999999762
2250  -6.035  -88.873  41.253 0.3000000119
2332  -7.212  -89.241  32.229 0.8999999762
2339  3.087  -90.064  31.714 1.0000000000
2350  7.422  -90.196  30.148 0.2000000030
2354  -3.265  -89.067  30.792 1.0000000000
2368  4.165  -89.073  29.342 1.0000000000
2372  -8.469  -89.538  28.771 0.8999999762
2383  7.966  -90.017  29.356 0.2000000030
2385  3.899  -89.428  28.551 1.0000000000
2387  -8.633  -89.103  28.105 0.8999999762
2396  8.849  -89.880  28.083 0.1000000015
2401  -7.632  -88.993  27.128 1.0000000000
2410  3.348  -89.853  26.931 1.0000000000
2430  -3.035  -90.911  22.973 1.0000000000
2437  3.403  -89.678  22.262 0.3000000119
2467  7.361  -89.075  20.117 0.2000000030
2469  5.862  -89.492  20.949 0.2000000030
2473  -3.231  -89.464  19.617 1.0000000000
2482  -1.428  -89.433  18.454 0.8999999762
2608  -5.699  -88.179  41.375 0.1000000015
2615  -4.829  -88.927  41.628 0.1000000015
2616  -6.295  -88.560  40.744 0.3000000119
2629  -6.681  -88.905  39.288 0.8000000119
2650  -7.314  -88.432  34.444 0.8000000119
2671  -1.473  -87.859  32.798 1.0000000000
2678  3.953  -88.911  31.940 1.0000000000
2679  -1.623  -88.616  32.491 1.0000000000
2681  -3.177  -88.343  30.929 1.0000000000
2694  -3.966  -88.292  29.869 1.0000000000
2751  2.968  -89.406  27.135 1.0000000000
2789  11.293  -88.036  22.430 0.1000000015
2790  10.667  -88.435  22.261 0.1000000015
2791  3.306  -88.964  22.826 0.1000000015
2807  12.497  -87.872  21.461 0.1000000015
2809  10.891  -87.944  21.706 0.1000000015
2822  12.970  -88.684  20.888 0.1000000015
2846  7.248  -88.796  18.721 0.1000000015
3030  -5.932  -87.476  41.313 0.3000000119
3072  -7.183  -87.335  37.223 0.6999999881
3077  3.012  -87.044  35.333 1.0000000000
3090  -7.392  -87.428  34.712 0.6999999881
3097  -1.233  -87.330  33.119 1.0000000000
3127  4.606  -87.902  30.161 1.0000000000
3129  -4.177  -87.480  29.971 1.0000000000
3142  4.209  -87.004  29.312 1.0000000000
3155  3.916  -87.668  28.821 1.0000000000
3158  -8.142  -87.176  28.023 1.0000000000
3169  -7.938  -87.594  27.768 1.0000000000
3176  1.537  -87.390  26.632 0.6999999881
3191  3.443  -86.758  24.354 0.3000000119
3222  12.046  -87.594  22.341 0.1000000015
3224  10.787  -87.971  22.062 0.1000000015
3238  13.248  -87.236  21.894 0.1000000015
3243  6.379  -87.968  20.301 0.1000000015
3250  6.600  -87.917  19.594 0.1000000015
3261  3.239  -87.179  18.889 0.1000000015
3447  -5.520  -86.629  41.943 0.1000000015
3490  -3.669  -86.398  37.793 0.8999999762
3492  -5.898  -86.594  38.022 0.6999999881
3499  -4.957  -86.344  37.720 0.8000000119
3511  1.458  -86.326  35.445 1.0000000000
3524  -7.240  -86.566  34.998 0.6999999881
3528  4.651  -86.846  33.884 1.0000000000
3548  -3.148  -86.023  30.898 1.0000000000
3617  3.328  -86.288  26.444 0.2000000030
3619  0.769  -86.964  27.250 0.6000000238
3645  2.927  -86.836  24.972 0.5000000000
3646  -3.820  -87.192  24.160 0.8000000119
3919  -5.149  -85.335  42.353 0.1000000015
3954  -3.061  -85.124  38.105 0.8000000119
3955  -3.581  -85.419  38.358 0.8000000119
3964  -2.582  -85.324  37.603 0.8999999762
3970  3.212  -85.034  36.253 1.0000000000
3983  1.091  -85.412  35.494 1.0000000000
4011  5.022  -85.527  32.809 1.0000000000
4012  -6.788  -85.853  32.944 0.8999999762
4037  -5.499  -84.127  29.904 1.0000000000
4055  1.670  -84.969  29.026 1.0000000000
4056  -6.484  -84.515  29.310 1.0000000000
4058  -7.166  -84.134  29.713 1.0000000000
4089  3.466  -85.696  26.442 0.1000000015
4091  1.006  -85.844  26.630 0.5000000000
4099  5.448  -84.922  25.212 0.1000000015
4150  1.745  -84.534  19.839 0.1000000015
4370  -6.531  -84.438  41.812 0.1000000015
4387  -4.554  -84.901  38.528 0.6999999881
4396  -3.883  -84.391  38.014 0.8000000119
4418  3.708  -84.781  36.194 1.0000000000
4420  1.414  -84.697  35.849 1.0000000000
4432  5.262  -84.354  33.761 1.0000000000
4474  -7.106  -83.785  30.307 1.0000000000
4489  -6.520  -83.656  29.870 1.0000000000
4490  -6.983  -83.564  29.917 1.0000000000
4503  3.308  -85.013  26.181 0.1000000015
4509  -2.890  -84.872  24.808 0.6999999881
4519  -4.593  -84.448  24.522 0.6999999881
4893  -6.359  -82.679  37.754 0.2000000030
4945  5.585  -83.741  33.509 1.0000000000
4997  -1.123  -84.300  26.105 0.3000000119
5473  -6.157  -81.562  37.441 0.1000000015
5486  -5.983  -82.477  35.993 0.6000000238
5487  -6.245  -81.757  36.292 0.6000000238
5496  2.061  -82.554  36.073 1.0000000000
5499  -5.239  -82.514  35.844 0.6999999881
5500  -5.847  -81.541  35.840 0.6000000238
5544  3.545  -82.328  30.473 1.0000000000
6002  -5.880  -80.711  36.997 0.1000000015
6011  6.503  -81.357  36.524 1.0000000000
6015  3.184  -81.374  36.574 1.0000000000
6523  -5.589  -80.300  36.461 0.4000000060
6524  -6.044  -80.511  36.253 0.4000000060
6533  -2.694  -78.981  38.233 0.1000000015
6536  -4.917  -80.427  36.128 0.4000000060
6545  2.161  -80.214  35.846 1.0000000000
6571  7.377  -79.913  32.863 1.0000000000
6601  2.348  -80.854  30.305 1.0000000000
7169  4.229  -79.642  36.968 1.0000000000
7187  -2.791  -79.697  34.302 0.8000000119
7195  0.863  -79.107  34.336 1.0000000000
7199  -5.538  -80.078  33.299 1.0000000000
7223  -4.731  -79.661  32.058 1.0000000000
7224  -5.312  -80.176  31.903 1.0000000000
7233  4.108  -79.243  30.896 1.0000000000
7249  1.203  -79.583  29.869 1.0000000000
7781  8.344  -78.775  34.750 1.0000000000
7787  -4.260  -78.653  34.775 0.6999999881
7795  0.631  -78.377  33.910 1.0000000000
7803  0.224  -77.820  33.738 1.0000000000
7811  6.254  -78.537  32.377 1.0000000000
7817  -5.178  -79.699  32.479 1.0000000000
7829  3.025  -78.732  30.515 1.0000000000
8307  -1.157  -77.770  36.677 0.3000000119
8308  -1.816  -77.742  35.973 0.3000000119
8325  -4.912  -77.703  34.801 0.6999999881
8332  7.811  -77.216  33.597 1.0000000000
8334  -4.822  -77.591  34.177 1.0000000000
8339  -2.564  -77.240  33.234 1.0000000000
8340  -3.683  -77.010  33.106 1.0000000000
8341  -4.252  -77.058  33.298 1.0000000000
8342  -4.621  -77.272  33.703 1.0000000000
8348  5.536  -77.108  32.203 1.0000000000
8362  2.836  -77.257  30.491 1.0000000000
8371  -1.890  -77.254  28.934 1.0000000000
8873  -0.749  -76.122  40.446 0.1000000015
8965  -4.182  -76.546  33.435 1.0000000000
8978  3.819  -76.419  30.995 1.0000000000
8990  -4.529  -76.224  30.529 1.0000000000
9001  0.948  -76.713  29.804 1.0000000000
9006  -4.288  -76.926  30.316 1.0000000000
9065  -2.685  -76.912  21.751 0.3000000119
9080  -2.678  -77.003  21.773 0.3000000119
9497  -4.609  -74.683  40.211 0.6000000238
9520  -4.459  -75.082  40.170 0.4000000060
9528  -4.143  -75.673  39.607 0.4000000060
9531  8.142  -75.576  37.923 1.0000000000
9537  -4.814  -75.719  37.669 0.5000000000
9546  -4.702  -75.599  36.974 0.6000000238
9603  -5.066  -75.850  30.121 1.0000000000
9621  -5.214  -76.260  29.695 1.0000000000
10177  -2.152  -74.638  40.048 0.3000000119
10185  -4.748  -74.783  39.665 0.6000000238
10200  -0.500  -74.584  36.226 1.0000000000
10202  -3.766  -74.618  36.811 0.8000000119
10237  2.872  -73.829  32.303 1.0000000000
10265  2.313  -74.992  31.154 1.0000000000
10271  -3.853  -74.622  30.360 1.0000000000
10279  -4.834  -74.962  29.620 1.0000000000
10285  -4.916  -74.991  28.911 1.0000000000
10342  -0.400  -73.316  23.367 0.1000000015
10824  -0.691  -74.494  40.046 0.1000000015
10850  8.545  -73.408  37.905 1.0000000000
10857  0.306  -73.735  36.650 1.0000000000
10861  -3.891  -71.940  36.142 0.8000000119
10913  -0.770  -73.051  31.953 1.0000000000
10937  -3.822  -73.950  29.798 1.0000000000
10951  -1.526  -73.601  28.925 1.0000000000
10978  -3.906  -73.651  26.701 0.8999999762
10988  -1.052  -72.528  24.667 0.3000000119
10999  1.157  -72.256  23.597 0.1000000015
11001  -0.588  -73.012  23.462 0.2000000030
11493  -0.975  -71.947  38.638 0.5000000000
11498  -3.590  -72.295  37.861 0.6000000238
11499  -3.997  -73.470  38.686 0.6000000238
11509  2.238  -72.439  37.319 1.0000000000
11553  0.099  -71.964  32.343 1.0000000000
11567  -1.530  -72.895  31.616 1.0000000000
11585  -1.595  -72.305  30.952 1.0000000000
11636  -0.119  -72.090  26.050 0.4000000060
11647  -0.827  -72.690  23.816 0.2000000030
11657  -0.308  -72.246  23.562 0.2000000030
12141  4.583  -71.458  37.334 1.0000000000
12146  10.339  -71.611  35.382 1.0000000000
12149  -1.226  -71.100  37.250 0.8999999762
12157  9.665  -71.848  34.682 1.0000000000
12158  9.083  -71.494  34.374 1.0000000000
12178  0.971  -71.234  32.448 1.0000000000
12180  -0.318  -71.358  32.310 1.0000000000
12181  -1.096  -71.569  32.228 1.0000000000
12191  1.910  -70.115  31.786 0.6999999881
12194  0.098  -70.531  32.243 1.0000000000
12195  -1.139  -71.635  32.159 1.0000000000
12196  -1.450  -72.231  31.979 1.0000000000
12213  -0.744  -70.934  31.440 1.0000000000
12273  2.005  -71.062  25.075 0.2000000030
12280  -0.006  -71.555  23.715 0.1000000015
12729  -0.646  -69.997  39.455 0.4000000060
12733  0.120  -70.784  39.378 0.3000000119
12745  2.974  -69.737  37.307 1.0000000000
12752  10.640  -70.047  35.408 1.0000000000
12777  -0.115  -70.831  32.328 1.0000000000
12788  1.201  -70.629  32.316 1.0000000000
12789  -0.249  -70.662  32.216 1.0000000000
12802  2.941  -70.455  31.448 0.2000000030
12804  -0.736  -71.075  32.151 1.0000000000
13305  -2.013  -68.683  40.638 0.4000000060
13306  -2.424  -68.639  40.538 0.4000000060
13316  -2.538  -68.779  40.265 0.6000000238
13341  10.496  -69.438  34.689 1.0000000000
13367  2.280  -69.580  31.975 1.0000000000
13897  -1.695  -68.354  40.808 0.4000000060
13898  -2.426  -68.280  40.688 0.5000000000
13907  -3.032  -68.382  40.027 0.6000000238
13917  -0.286  -68.255  38.135 0.8000000119
13939  10.427  -68.554  36.012 1.0000000000
14557  -2.752  -67.696  40.638 0.5000000000
14562  -3.075  -67.764  40.299 0.5000000000
14575  1.556  -67.457  37.044 1.0000000000
14586  4.196  -68.100  37.134 1.0000000000
14590  0.577  -66.956  36.845 0.8999999762
14628  9.473  -67.084  33.776 1.0000000000
14637  5.881  -67.029  31.831 1.0000000000
15207  -3.215  -67.370  40.122 0.5000000000
15215  -3.076  -66.428  39.879 0.6000000238
15216  -3.240  -67.121  39.973 0.5000000000
15219  7.862  -66.807  38.259 1.0000000000
15221  5.217  -67.049  38.812 1.0000000000
15225  0.800  -66.861  36.996 1.0000000000
15228  -1.793  -66.617  39.400 0.6999999881
15232  8.508  -66.727  37.834 1.0000000000
15256  8.968  -65.905  35.500 1.0000000000
15898  3.724  -65.579  39.389 1.0000000000
15980  4.420  -66.211  31.454 1.0000000000
15989  -0.276  -65.896  30.134 0.8999999762
16667  -2.388  -63.883  40.213 0.4000000060
16670  5.160  -65.039  39.366 1.0000000000
16671  4.388  -64.992  39.581 1.0000000000
16672  3.344  -64.313  39.531 1.0000000000
16685  1.487  -64.088  37.994 1.0000000000
16688  -0.638  -63.889  37.838 0.8999999762
16699  -0.119  -63.649  37.201 1.0000000000
16795  -2.402  -66.989  28.280 0.8999999762
16818  -0.957  -66.499  26.796 0.8000000119
16827  2.154  -63.900  25.376 0.1000000015
17482  4.839  -62.866  40.116 1.0000000000
17492  3.856  -63.613  39.864 1.0000000000
17494  -2.879  -63.363  39.947 0.6999999881
17502  2.145  -63.464  38.870 1.0000000000
17516  6.283  -63.280  37.708 1.0000000000
17517  0.312  -63.187  37.233 1.0000000000
17518  -0.073  -63.112  37.076 1.0000000000
18366  -1.914  -62.792  40.494 0.2000000030
18367  -2.727  -62.818  40.290 0.4000000060
18376  -3.076  -62.727  39.980 0.6000000238
18384  5.847  -62.323  39.821 1.0000000000
18403  -1.325  -62.546  37.729 0.8999999762
19280  6.287  -61.042  40.249 1.0000000000
19282  4.825  -61.595  40.575 1.0000000000
19287  -3.228  -61.627  40.174 0.4000000060
19294  1.803  -61.021  39.133 1.0000000000
19311  -2.208  -61.415  38.172 0.8999999762
19312  -3.501  -61.039  39.417 0.6999999881
20206  -2.428  -60.639  40.348 0.3000000119
20222  6.232  -60.347  40.062 1.0000000000
20230  -2.935  -61.075  40.269 0.6000000238
20246  -3.266  -60.809  39.988 0.6000000238
21250  4.990  -59.191  39.721 1.0000000000
21272  6.933  -59.835  38.591 1.0000000000
21273  1.031  -59.538  38.531 1.0000000000
21275  -1.449  -59.319  38.188 0.8999999762
21287  0.109  -59.357  37.202 1.0000000000
21289  -0.632  -59.614  37.111 1.0000000000
21369  -0.055  -58.615  30.972 1.0000000000
21378  19.881  -59.534  30.757 0.8000000119
21387  0.265  -59.102  30.777 1.0000000000
21410  0.306  -59.112  30.535 1.0000000000
22151  -2.773  -58.223  40.031 0.5000000000
22254  0.088  -58.452  31.230 1.0000000000
22280  20.739  -58.315  29.893 0.5000000000
22281  19.940  -58.635  29.647 0.6999999881
23162  -0.524  -56.938  37.798 0.8000000119
23226  9.536  -56.889  32.481 1.0000000000
23248  0.138  -57.941  31.259 1.0000000000
23249  -0.177  -58.320  31.015 1.0000000000
23278  17.731  -57.967  29.124 0.8999999762
23294  20.810  -57.189  28.957 0.6999999881
24137  -1.702  -56.108  42.821 0.2000000030
24138  -1.888  -56.034  42.666 0.1000000015
24154  3.208  -56.051  42.385 0.1000000015
24160  -2.015  -55.577  42.268 0.2000000030
24194  -0.718  -54.963  39.162 0.4000000060
24241  4.206  -55.044  35.138 0.8999999762
24255  18.465  -56.374  34.345 0.3000000119
24259  9.266  -56.269  32.615 1.0000000000
24262  19.475  -57.011  33.260 0.3000000119
24264  9.442  -56.547  32.298 1.0000000000
24284  20.016  -56.180  31.833 0.3000000119
24287  0.800  -56.824  31.006 0.8999999762
24293  21.239  -56.927  30.471 0.4000000060
24331  1.898  -54.148  29.081 0.6999999881
25094  -2.156  -54.931  42.082 0.2000000030
25135  -0.605  -54.576  38.788 0.5000000000
25189  9.093  -56.116  32.842 1.0000000000
25190  5.519  -53.356  34.731 0.8999999762
25218  21.582  -56.380  29.664 0.6000000238
25223  1.905  -53.804  29.593 0.6999999881
25254  21.512  -55.215  28.767 0.4000000060
25266  1.823  -53.449  29.049 0.6999999881
25275  19.918  -54.860  27.772 0.6000000238
25288  2.721  -53.610  28.611 0.5000000000
26018  -0.780  -54.062  38.663 0.5000000000
26033  8.425  -52.854  34.930 0.6000000238
26092  1.914  -53.184  29.172 0.6999999881
26113  2.158  -53.050  28.920 0.6999999881
26925  19.569  -53.511  30.484 0.1000000015
26950  21.459  -53.861  28.760 0.2000000030
27014  7.141  -52.909  26.223 0.1000000015
30655  12.419  -49.988  24.697 0.8999999762
31623  6.372  -48.414  26.684 0.6999999881
32600  6.004  -46.997  25.806 0.6999999881
32619  6.094  -46.423  24.676 0.3000000119
33614  6.207  -46.136  25.121 0.3000000119
35716  8.652  -43.275  20.628 0.1000000015
36578  7.122  -41.134  22.514 0.3000000119
36599  8.412  -40.941  20.796 0.1000000015
37520  8.505  -40.468  21.552 0.3000000119
37522  7.451  -40.379  21.838 0.3000000119
37530  8.161  -40.463  21.153 0.3000000119
37531  7.756  -40.347  21.326 0.2000000030
136272  -2.101  -88.299  26.054 1.0000000000
136276  -3.560  -88.713  26.425 1.0000000000
136280  -4.857  -86.716  26.588 0.8000000119
136281  -2.454  -88.760  26.693 1.0000000000
136282  -1.675  -88.539  27.489 1.0000000000
136285  -4.529  -87.866  26.152 0.8999999762
136286  -1.220  -87.282  28.083 1.0000000000
136287  -4.343  -86.076  27.226 0.8999999762
136292  -5.547  -85.068  25.467 0.8000000119
136310  -2.035  -86.143  36.408 0.8999999762
136313  -2.913  -86.620  35.257 1.0000000000
136314  -1.799  -86.250  35.630 1.0000000000
136319  -3.999  -86.208  34.760 1.0000000000
136321  -1.597  -82.985  34.294 1.0000000000
136327  -2.410  -82.839  34.998 0.8999999762
136331  -2.621  -84.903  31.723 1.0000000000
136337  -6.568  -81.809  31.405 1.0000000000
136339  -5.869  -82.831  30.614 1.0000000000
136340  -6.582  -82.839  31.160 1.0000000000
136345  5.497  -80.049  37.195 1.0000000000
136346  7.527  -79.277  37.063 1.0000000000
136347  8.938  -75.996  36.101 1.0000000000
136355  10.496  -70.856  34.839 1.0000000000
136356  9.985  -72.155  35.664 1.0000000000
136357  -1.107  -70.187  38.147 0.6000000238
136359  -1.042  -70.217  37.990 0.8000000119
136364  -2.379  -68.764  39.793 0.6000000238
136374  -1.031  -66.888  29.747 0.8999999762
136422  0.767  -54.390  37.529 0.5000000000
136433  7.865  -52.838  34.246 0.8000000119
137424  2.551  -53.961  35.339 0.8999999762
137476  -0.093  -88.821  28.299 1.0000000000
137498  -0.699  -89.140  28.039 1.0000000000
137509  -5.010  -87.074  24.833 0.8000000119
137515  -1.114  -87.102  26.239 0.6999999881
137521  -3.967  -70.049  35.920 0.8999999762
137575  -5.588  -85.575  33.795 1.0000000000
137586  10.502  -70.205  34.721 1.0000000000
137615  -3.847  -70.022  36.714 0.6000000238
137616  -0.492  -54.116  38.380 0.5000000000
137680  -2.849  -86.018  37.485 0.8999999762
137707  -1.175  -70.837  38.458 0.4000000060
137750  9.472  -56.436  32.464 1.0000000000
137811  1.502  -58.241  38.575 0.8999999762
137826  -1.263  -86.731  33.272 1.0000000000
137858  -1.275  -69.387  39.376 0.5000000000
137869  -1.891  -67.564  27.195 0.8000000119
137940  -3.460  -84.889  31.206 1.0000000000
137967  -2.307  -84.820  37.203 0.8999999762
137976  -2.382  -54.850  42.162 0.2000000030
138016  3.916  -54.001  34.839 0.8000000119
138020  -2.638  -68.004  39.568 0.6999999881
138041  -4.005  -70.825  37.139 0.6999999881
138053  10.766  -69.130  34.943 1.0000000000
138075  4.589  -54.314  35.539 0.8999999762
138088  -6.728  -84.209  30.807 1.0000000000
138524  -7.276  -88.350  36.092 0.6999999881
138606  10.061  -97.693  25.286 0.6999999881
138852  -0.589  -55.061  38.938 0.5000000000
139131  -2.548  -86.190  36.882 0.8999999762
139147  -3.077  -80.873  24.713 0.6000000238
139234  -7.955  -93.273  33.352 0.5000000000
139432  5.850  -66.197  38.991 1.0000000000
139633  0.049  -66.800  37.078 0.8999999762
139679  -5.683  -93.043  33.979 0.2000000030
140577  10.998  -94.316  25.234 0.4000000060
140614  -1.813  -68.302  27.398 0.8000000119
141171  6.942  -93.645  35.967 0.1000000015
141320  3.918  -61.147  40.616 1.0000000000
141389  1.031  -93.963  32.646 0.1000000015
141441  4.454  -95.341  27.840 0.5000000000
141923  4.167  -88.808  28.762 1.0000000000
142363  10.082  -97.714  24.739 0.6999999881
142556  10.838  -91.288  25.752 0.2000000030
142998  10.952  -96.210  19.793 0.6000000238
143050  -0.754  -81.899  34.120 1.0000000000
143268  14.000  -96.507  24.052 0.5000000000
143479  3.919  -59.693  40.133 1.0000000000
143536  1.030  -97.110  32.436 0.4000000060
143780  -0.928  -97.729  30.768 0.6999999881
143837  1.371  -92.002  17.465 1.0000000000
143861  4.857  -86.759  32.330 1.0000000000
144413  -2.870  -88.540  25.780 0.8999999762
144890  -0.090  -59.831  36.866 0.8999999762
144910  -2.630  -97.549  31.386 0.6999999881
144967  4.813  -94.647  20.302 0.8999999762
145134  -1.504  -91.365  34.293 0.1000000015
145387  5.214  -71.903  37.579 1.0000000000
145405  6.694  -93.062  29.623 0.3000000119
145552  -7.544  -88.519  31.033 0.8999999762
145648  -1.813  -97.527  32.181 0.4000000060
145691  -1.928  -64.360  40.644 0.3000000119
145916  -5.315  -81.037  37.661 0.1000000015
146000  7.072  -94.290  17.595 0.5000000000
146260  9.908  -95.989  25.265 0.6000000238
146428  7.676  -91.810  17.643 0.3000000119
146432  0.539  -87.827  23.682 1.0000000000
146608  1.486  -93.871  24.017 1.0000000000
146810  7.459  -94.345  22.127 0.8999999762
146973  1.159  -80.915  35.097 1.0000000000
147033  3.935  -97.048  31.704 0.5000000000
147035  6.140  -52.941  34.675 0.8999999762
147628  2.047  -83.800  29.633 1.0000000000
147633  -4.661  -97.014  30.041 0.6000000238
147905  7.601  -80.303  36.356 1.0000000000
148135  -7.133  -86.080  32.317 1.0000000000
148222  2.483  -70.621  37.499 1.0000000000
148300  -1.576  -65.681  41.042 0.1000000015
148404  -0.452  -96.293  32.330 0.3000000119
148414  0.799  -63.586  37.485 1.0000000000
148437  8.366  -98.665  34.117 0.3000000119
148586  -6.590  -86.730  37.511 0.8000000119
148728  -1.760  -97.760  31.643 0.6000000238
148861  -3.877  -92.157  29.560 1.0000000000
149080  -6.344  -82.066  30.877 1.0000000000
149486  4.732  -98.144  23.994 0.8999999762
149852  0.239  -94.611  26.467 1.0000000000
149922  8.379  -95.311  17.525 0.5000000000
150116  5.882  -84.450  23.858 0.1000000015
150155  4.501  -97.161  27.329 0.5000000000
150719  -4.050  -95.822  25.867 1.0000000000
151153  0.031  -97.991  31.917 0.5000000000
151256  20.506  -52.094  27.533 0.4000000060
151501  0.937  -84.856  25.623 0.2000000030
151682  2.050  -94.223  22.391 0.8999999762
152010  21.006  -55.877  28.526 0.5000000000
152159  6.461  -96.332  38.129 0.1000000015
152360  -7.546  -85.962  29.980 1.0000000000
152446  4.678  -77.788  31.421 1.0000000000
152450  -5.459  -97.593  26.693 0.8000000119
152869  -2.244  -58.989  39.021 0.8000000119
152953  -6.301  -98.054  25.241 0.8000000119
153259  17.924  -56.326  34.771 0.3000000119
153270  -4.474  -74.304  28.165 1.0000000000
153478  6.535  -73.837  33.621 1.0000000000
153514  7.301  -95.244  34.262 0.1000000015
153552  -2.720  -90.216  37.087 0.1000000015
153721  7.006  -97.529  23.388 0.8000000119
153826  4.534  -94.463  20.689 0.8999999762
153949  -0.186  -89.966  32.789 1.0000000000
154336  8.441  -98.354  29.938 0.3000000119
154398  -0.005  -83.117  34.536 1.0000000000
154514  7.256  -66.842  38.528 1.0000000000
155229  -0.741  -93.592  29.554 1.0000000000
155599  0.953  -78.819  29.718 1.0000000000
155628  8.509  -89.504  29.529 0.2000000030
155880  5.901  -71.612  37.784 1.0000000000
156146  6.498  -93.817  23.234 0.8999999762
156360  -2.775  -90.893  34.483 0.1000000015
156411  -4.226  -94.468  28.658 1.0000000000
156485  -1.898  -86.072  34.074 1.0000000000
156557  -2.074  -85.019  32.347 1.0000000000
156748  -2.527  -83.911  32.933 1.0000000000
156765  -1.657  -85.362  32.951 1.0000000000
156774  2.599  -58.563  39.101 1.0000000000
156796  -5.187  -85.675  26.791 0.8000000119
156810  -0.114  -89.127  28.205 1.0000000000
156818  1.087  -54.395  37.529 0.6000000238
156908  7.441  -96.482  37.432 0.1000000015
156970  -5.007  -92.817  33.401 0.2000000030
157045  12.591  -93.964  20.244 0.1000000015
157147  8.245  -97.184  30.961 0.1000000015
157319  13.207  -93.919  24.020 0.3000000119
157414  -7.574  -86.886  33.421 0.8999999762
157622  0.763  -53.904  37.577 0.4000000060
158116  -7.785  -86.245  29.097 0.8999999762
158277  1.947  -55.894  42.446 0.1000000015
158351  -7.645  -95.550  29.317 0.8000000119
158877  10.840  -52.184  27.273 1.0000000000
158975  13.437  -93.474  21.945 0.1000000015
159629  -3.457  -97.464  27.026 0.8000000119
159814  4.453  -88.307  22.614 0.1000000015
159912  -0.093  -53.914  37.920 0.4000000060
160019  0.562  -94.913  24.170 0.8999999762
160068  10.795  -69.775  34.969 1.0000000000
160511  -8.481  -88.643  27.832 0.8999999762
160772  2.886  -57.798  38.111 0.8999999762
160800  7.406  -90.373  18.414 0.1000000015
160967  -5.898  -92.888  34.398 0.4000000060
161140  6.244  -92.048  28.230 0.2000000030
161340  4.298  -75.443  37.189 1.0000000000
161357  11.482  -95.156  17.193 0.2000000030
161511  -4.119  -90.699  20.067 1.0000000000
161601  -0.006  -75.094  36.081 1.0000000000
161705  9.172  -74.138  35.315 1.0000000000
162065  11.802  -97.285  24.610 0.6999999881
162368  -1.628  -91.648  35.130 0.1000000015
162403  6.675  -97.523  27.826 0.5000000000
162481  -3.879  -73.796  26.090 0.8999999762
162600  0.612  -90.739  23.947 1.0000000000
162666  -2.139  -56.630  43.715 0.1000000015
162939  -2.387  -64.167  40.078 0.6000000238
163017  -3.907  -86.377  23.764 0.8000000119
163366  -0.118  -77.201  26.027 0.1000000015
163760  4.765  -95.109  23.810 0.8999999762
163866  6.587  -73.112  34.000 1.0000000000
163995  6.494  -64.951  38.493 1.0000000000
164080  1.559  -72.919  32.411 1.0000000000
164139  -6.673  -88.151  38.121 0.6999999881
164424  16.918  -55.717  27.658 0.8000000119
164560  6.934  -98.051  38.566 0.1000000015
164592  10.661  -94.831  25.352 0.5000000000
164623  1.065  -57.773  38.103 0.8999999762
164646  -2.304  -91.062  19.266 1.0000000000
164666  -7.917  -93.965  33.117 0.4000000060
164771  -0.974  -98.166  31.978 0.6000000238
164896  6.955  -93.907  22.322 0.8999999762
165179  -6.441  -85.248  41.747 0.3000000119
165272  -7.225  -90.529  36.767 0.6000000238
165392  2.743  -71.659  28.865 0.3000000119
165408  5.554  -78.429  37.265 1.0000000000
165484  -1.592  -94.076  32.161 0.1000000015
165632  -2.229  -56.616  43.955 0.1000000015
165685  2.099  -72.228  32.561 1.0000000000
165721  7.962  -92.023  16.780 0.2000000030
165739  6.878  -92.526  29.832 0.3000000119
165791  6.030  -99.179  27.912 0.5000000000
165931  -3.026  -92.978  32.323 0.1000000015
165956  2.365  -61.375  39.800 1.0000000000
166011  0.451  -70.173  32.107 0.8999999762
166177  19.525  -54.655  31.190 0.2000000030
166241  -7.160  -92.346  34.733 0.4000000060
166312  0.051  -76.969  29.423 1.0000000000
166478  13.957  -97.423  24.107 0.6000000238
166729  0.021  -97.989  31.958 0.6000000238
167184  -3.245  -61.396  38.834 0.8000000119
