
Mon Mar  9 11:36:02 CET 2026
cd /out/sourcedata/freesurfer/sub-v1s21x0050403_ses-1
setenv SUBJECTS_DIR /out/sourcedata/freesurfer
/opt/freesurfer/bin/recon-all -autorecon-hemi lh -noparcstats -noparcstats2 -noparcstats3 -nohyporelabel -nobalabels -lh-only -openmp 16 -subjid sub-v1s21x0050403_ses-1 -sd /out/sourcedata/freesurfer

subjid sub-v1s21x0050403_ses-1
setenv SUBJECTS_DIR /out/sourcedata/freesurfer
FREESURFER_HOME /opt/freesurfer
Actual FREESURFER_HOME /opt/freesurfer
build-stamp.txt: freesurfer-linux-ubuntu22_x86_64-7.3.2-20220804-6354275
Linux dna079 5.14.0-427.37.1.el9_4.x86_64 #1 SMP PREEMPT_DYNAMIC Fri Sep 13 12:41:50 EDT 2024 x86_64 x86_64 x86_64 GNU/Linux
cputime      unlimited
filesize     unlimited
datasize     unlimited
stacksize    8192 kbytes
coredumpsize 0 kbytes
memoryuse    67108864 kbytes
vmemoryuse   unlimited
descriptors  1024 
memorylocked unlimited
maxproc      2061970 
maxlocks     unlimited
maxsignal    2062029 
maxmessage   819200 
maxnice      0 
maxrtprio    0 
maxrttime    unlimited

               total        used        free      shared  buff/cache   available
Mem:           503Gi        65Gi       390Gi       9.2Gi        47Gi       425Gi
Swap:             0B          0B          0B

########################################
program versions used
7.3.2 (freesurfer-linux-ubuntu22_x86_64-7.3.2-20220804-6354275)
7.3.2

ProgramName: lta_convert  ProgramArguments: lta_convert -all-info  ProgramVersion: 7.3.2  TimeStamp: 2026/03/09-10:36:02-GMT  BuildTime: Aug  4 2022 06:17:15  BuildStamp: freesurfer-linux-ubuntu22_x86_64-7.3.2-20220804-6354275  User: oesteban  Machine: dna079  Platform: Linux  PlatformVersion: 5.14.0-427.37.1.el9_4.x86_64  CompilerName: GCC  CompilerVersion: 8.4.0
ProgramName: mri_and  ProgramArguments: mri_and -all-info  ProgramVersion: 7.3.2  TimeStamp: 2026/03/09-10:36:02-GMT  BuildTime: Aug  4 2022 06:17:15  BuildStamp: freesurfer-linux-ubuntu22_x86_64-7.3.2-20220804-6354275  User: oesteban  Machine: dna079  Platform: Linux  PlatformVersion: 5.14.0-427.37.1.el9_4.x86_64  CompilerName: GCC  CompilerVersion: 8.4.0
ProgramName: mri_annotation2label  ProgramArguments: mri_annotation2label -all-info  ProgramVersion: 7.3.2  TimeStamp: 2026/03/09-10:36:02-GMT  BuildTime: Aug  4 2022 06:17:15  BuildStamp: freesurfer-linux-ubuntu22_x86_64-7.3.2-20220804-6354275  User: oesteban  Machine: dna079  Platform: Linux  PlatformVersion: 5.14.0-427.37.1.el9_4.x86_64  CompilerName: GCC  CompilerVersion: 8.4.0
ProgramName: mri_aparc2aseg  ProgramArguments: mri_aparc2aseg -all-info  ProgramVersion: 7.3.2  TimeStamp: 2026/03/09-10:36:02-GMT  BuildTime: Aug  4 2022 06:17:15  BuildStamp: freesurfer-linux-ubuntu22_x86_64-7.3.2-20220804-6354275  User: oesteban  Machine: dna079  Platform: Linux  PlatformVersion: 5.14.0-427.37.1.el9_4.x86_64  CompilerName: GCC  CompilerVersion: 8.4.0
ProgramName: mri_surf2volseg  ProgramArguments: mri_surf2volseg -all-info  ProgramVersion: 7.3.2  TimeStamp: 2026/03/09-10:36:02-GMT  BuildTime: Aug  4 2022 06:17:15  BuildStamp: freesurfer-linux-ubuntu22_x86_64-7.3.2-20220804-6354275  User: oesteban  Machine: dna079  Platform: Linux  PlatformVersion: 5.14.0-427.37.1.el9_4.x86_64  CompilerName: GCC  CompilerVersion: 8.4.0
ProgramName: mri_binarize  ProgramArguments: mri_binarize -all-info  ProgramVersion: 7.3.2  TimeStamp: 2026/03/09-10:36:02-GMT  BuildTime: Aug  4 2022 06:17:15  BuildStamp: freesurfer-linux-ubuntu22_x86_64-7.3.2-20220804-6354275  User: oesteban  Machine: dna079  Platform: Linux  PlatformVersion: 5.14.0-427.37.1.el9_4.x86_64  CompilerName: GCC  CompilerVersion: 8.4.0
ProgramName: mri_ca_label  ProgramArguments: mri_ca_label -all-info  ProgramVersion: 7.3.2  TimeStamp: 2026/03/09-10:36:02-GMT  BuildTime: Aug  4 2022 06:17:15  BuildStamp: freesurfer-linux-ubuntu22_x86_64-7.3.2-20220804-6354275  User: oesteban  Machine: dna079  Platform: Linux  PlatformVersion: 5.14.0-427.37.1.el9_4.x86_64  CompilerName: GCC  CompilerVersion: 8.4.0
ProgramName: mri_ca_normalize  ProgramArguments: mri_ca_normalize -all-info  ProgramVersion: 7.3.2  TimeStamp: 2026/03/09-10:36:02-GMT  BuildTime: Aug  4 2022 06:17:15  BuildStamp: freesurfer-linux-ubuntu22_x86_64-7.3.2-20220804-6354275  User: oesteban  Machine: dna079  Platform: Linux  PlatformVersion: 5.14.0-427.37.1.el9_4.x86_64  CompilerName: GCC  CompilerVersion: 8.4.0
ProgramName: mri_ca_register  ProgramArguments: mri_ca_register -all-info  ProgramVersion: 7.3.2  TimeStamp: 2026/03/09-10:36:02-GMT  BuildTime: Aug  4 2022 06:17:15  BuildStamp: freesurfer-linux-ubuntu22_x86_64-7.3.2-20220804-6354275  User: oesteban  Machine: dna079  Platform: Linux  PlatformVersion: 5.14.0-427.37.1.el9_4.x86_64  CompilerName: GCC  CompilerVersion: 8.4.0
ProgramName: mri_cc  ProgramArguments: mri_cc -all-info  ProgramVersion: 7.3.2  TimeStamp: 2026/03/09-10:36:02-GMT  BuildTime: Aug  4 2022 06:17:15  BuildStamp: freesurfer-linux-ubuntu22_x86_64-7.3.2-20220804-6354275  User: oesteban  Machine: dna079  Platform: Linux  PlatformVersion: 5.14.0-427.37.1.el9_4.x86_64  CompilerName: GCC  CompilerVersion: 8.4.0
ProgramName: mri_compute_overlap  ProgramArguments: mri_compute_overlap -all-info  ProgramVersion: 7.3.2  TimeStamp: 2026/03/09-10:36:02-GMT  BuildTime: Aug  4 2022 06:17:15  BuildStamp: freesurfer-linux-ubuntu22_x86_64-7.3.2-20220804-6354275  User: oesteban  Machine: dna079  Platform: Linux  PlatformVersion: 5.14.0-427.37.1.el9_4.x86_64  CompilerName: GCC  CompilerVersion: 8.4.0
ProgramName: mri_compute_seg_overlap  ProgramArguments: mri_compute_seg_overlap -all-info  ProgramVersion: 7.3.2  TimeStamp: 2026/03/09-10:36:02-GMT  BuildTime: Aug  4 2022 06:17:15  BuildStamp: freesurfer-linux-ubuntu22_x86_64-7.3.2-20220804-6354275  User: oesteban  Machine: dna079  Platform: Linux  PlatformVersion: 5.14.0-427.37.1.el9_4.x86_64  CompilerName: GCC  CompilerVersion: 8.4.0
ProgramName: mri_concat  ProgramArguments: mri_concat -all-info  ProgramVersion: 7.3.2  TimeStamp: 2026/03/09-10:36:02-GMT  BuildTime: Aug  4 2022 06:17:15  BuildStamp: freesurfer-linux-ubuntu22_x86_64-7.3.2-20220804-6354275  User: oesteban  Machine: dna079  Platform: Linux  PlatformVersion: 5.14.0-427.37.1.el9_4.x86_64  CompilerName: GCC  CompilerVersion: 8.4.0
ProgramName: mri_concatenate_lta  ProgramArguments: mri_concatenate_lta -all-info  ProgramVersion: 7.3.2  TimeStamp: 2026/03/09-10:36:02-GMT  BuildTime: Aug  4 2022 06:17:15  BuildStamp: freesurfer-linux-ubuntu22_x86_64-7.3.2-20220804-6354275  User: oesteban  Machine: dna079  Platform: Linux  PlatformVersion: 5.14.0-427.37.1.el9_4.x86_64  CompilerName: GCC  CompilerVersion: 8.4.0
mri_convert -all-info 
ProgramName: mri_convert  ProgramArguments: mri_convert -all-info  ProgramVersion: 7.3.2  TimeStamp: 2026/03/09-10:36:02-GMT  BuildTime: Aug  4 2022 06:17:15  BuildStamp: freesurfer-linux-ubuntu22_x86_64-7.3.2-20220804-6354275  User: oesteban  Machine: dna079  Platform: Linux  PlatformVersion: 5.14.0-427.37.1.el9_4.x86_64  CompilerName: GCC  CompilerVersion: 8.4.0
ProgramName: mri_diff  ProgramArguments: mri_diff -all-info  ProgramVersion: 7.3.2  TimeStamp: 2026/03/09-10:36:02-GMT  BuildTime: Aug  4 2022 06:17:15  BuildStamp: freesurfer-linux-ubuntu22_x86_64-7.3.2-20220804-6354275  User: oesteban  Machine: dna079  Platform: Linux  PlatformVersion: 5.14.0-427.37.1.el9_4.x86_64  CompilerName: GCC  CompilerVersion: 8.4.0
ProgramName: mri_edit_wm_with_aseg  ProgramArguments: mri_edit_wm_with_aseg -all-info  ProgramVersion: 7.3.2  TimeStamp: 2026/03/09-10:36:02-GMT  BuildTime: Aug  4 2022 06:17:15  BuildStamp: freesurfer-linux-ubuntu22_x86_64-7.3.2-20220804-6354275  User: oesteban  Machine: dna079  Platform: Linux  PlatformVersion: 5.14.0-427.37.1.el9_4.x86_64  CompilerName: GCC  CompilerVersion: 8.4.0
ProgramName: mri_em_register  ProgramArguments: mri_em_register -all-info  ProgramVersion: 7.3.2  TimeStamp: 2026/03/09-10:36:02-GMT  BuildTime: Aug  4 2022 06:17:15  BuildStamp: freesurfer-linux-ubuntu22_x86_64-7.3.2-20220804-6354275  User: oesteban  Machine: dna079  Platform: Linux  PlatformVersion: 5.14.0-427.37.1.el9_4.x86_64  CompilerName: GCC  CompilerVersion: 8.4.0
ProgramName: mri_fill  ProgramArguments: mri_fill -all-info  ProgramVersion: 7.3.2  TimeStamp: 2026/03/09-10:36:02-GMT  BuildTime: Aug  4 2022 06:17:15  BuildStamp: freesurfer-linux-ubuntu22_x86_64-7.3.2-20220804-6354275  User: oesteban  Machine: dna079  Platform: Linux  PlatformVersion: 5.14.0-427.37.1.el9_4.x86_64  CompilerName: GCC  CompilerVersion: 8.4.0
ProgramName: mri_fuse_segmentations  ProgramArguments: mri_fuse_segmentations -all-info  ProgramVersion: 7.3.2  TimeStamp: 2026/03/09-10:36:02-GMT  BuildTime: Aug  4 2022 06:17:15  BuildStamp: freesurfer-linux-ubuntu22_x86_64-7.3.2-20220804-6354275  User: oesteban  Machine: dna079  Platform: Linux  PlatformVersion: 5.14.0-427.37.1.el9_4.x86_64  CompilerName: GCC  CompilerVersion: 8.4.0
ProgramName: mri_fwhm  ProgramArguments: mri_fwhm -all-info  ProgramVersion: 7.3.2  TimeStamp: 2026/03/09-10:36:02-GMT  BuildTime: Aug  4 2022 06:17:15  BuildStamp: freesurfer-linux-ubuntu22_x86_64-7.3.2-20220804-6354275  User: oesteban  Machine: dna079  Platform: Linux  PlatformVersion: 5.14.0-427.37.1.el9_4.x86_64  CompilerName: GCC  CompilerVersion: 8.4.0
ProgramName: mri_gcut  ProgramArguments: mri_gcut -all-info  ProgramVersion: 7.3.2  TimeStamp: 2026/03/09-10:36:02-GMT  BuildTime: Aug  4 2022 06:17:15  BuildStamp: freesurfer-linux-ubuntu22_x86_64-7.3.2-20220804-6354275  User: oesteban  Machine: dna079  Platform: Linux  PlatformVersion: 5.14.0-427.37.1.el9_4.x86_64  CompilerName: GCC  CompilerVersion: 8.4.0
ProgramName: mri_info  ProgramArguments: mri_info -all-info  ProgramVersion: 7.3.2  TimeStamp: 2026/03/09-10:36:02-GMT  BuildTime: Aug  4 2022 06:17:15  BuildStamp: freesurfer-linux-ubuntu22_x86_64-7.3.2-20220804-6354275  User: oesteban  Machine: dna079  Platform: Linux  PlatformVersion: 5.14.0-427.37.1.el9_4.x86_64  CompilerName: GCC  CompilerVersion: 8.4.0
ProgramName: mri_label2label  ProgramArguments: mri_label2label -all-info  ProgramVersion: 7.3.2  TimeStamp: 2026/03/09-10:36:02-GMT  BuildTime: Aug  4 2022 06:17:15  BuildStamp: freesurfer-linux-ubuntu22_x86_64-7.3.2-20220804-6354275  User: oesteban  Machine: dna079  Platform: Linux  PlatformVersion: 5.14.0-427.37.1.el9_4.x86_64  CompilerName: GCC  CompilerVersion: 8.4.0
ProgramName: mri_label2vol  ProgramArguments: mri_label2vol -all-info  ProgramVersion: 7.3.2  TimeStamp: 2026/03/09-10:36:02-GMT  BuildTime: Aug  4 2022 06:17:15  BuildStamp: freesurfer-linux-ubuntu22_x86_64-7.3.2-20220804-6354275  User: oesteban  Machine: dna079  Platform: Linux  PlatformVersion: 5.14.0-427.37.1.el9_4.x86_64  CompilerName: GCC  CompilerVersion: 8.4.0
ProgramName: mri_log_likelihood  ProgramArguments: mri_log_likelihood -all-info  ProgramVersion: 7.3.2  TimeStamp: 2026/03/09-10:36:02-GMT  BuildTime: Aug  4 2022 06:17:15  BuildStamp: freesurfer-linux-ubuntu22_x86_64-7.3.2-20220804-6354275  User: oesteban  Machine: dna079  Platform: Linux  PlatformVersion: 5.14.0-427.37.1.el9_4.x86_64  CompilerName: GCC  CompilerVersion: 8.4.0
ProgramName: mri_mask  ProgramArguments: mri_mask -all-info  ProgramVersion: 7.3.2  TimeStamp: 2026/03/09-10:36:02-GMT  BuildTime: Aug  4 2022 06:17:15  BuildStamp: freesurfer-linux-ubuntu22_x86_64-7.3.2-20220804-6354275  User: oesteban  Machine: dna079  Platform: Linux  PlatformVersion: 5.14.0-427.37.1.el9_4.x86_64  CompilerName: GCC  CompilerVersion: 8.4.0
ProgramName: mri_matrix_multiply  ProgramArguments: mri_matrix_multiply -all-info  ProgramVersion: 7.3.2  TimeStamp: 2026/03/09-10:36:02-GMT  BuildTime: Aug  4 2022 06:17:15  BuildStamp: freesurfer-linux-ubuntu22_x86_64-7.3.2-20220804-6354275  User: oesteban  Machine: dna079  Platform: Linux  PlatformVersion: 5.14.0-427.37.1.el9_4.x86_64  CompilerName: GCC  CompilerVersion: 8.4.0
ProgramName: mri_normalize  ProgramArguments: mri_normalize -all-info  ProgramVersion: 7.3.2  TimeStamp: 2026/03/09-10:36:02-GMT  BuildTime: Aug  4 2022 06:17:15  BuildStamp: freesurfer-linux-ubuntu22_x86_64-7.3.2-20220804-6354275  User: oesteban  Machine: dna079  Platform: Linux  PlatformVersion: 5.14.0-427.37.1.el9_4.x86_64  CompilerName: GCC  CompilerVersion: 8.4.0
ProgramName: mri_normalize_tp2  ProgramArguments: mri_normalize_tp2 -all-info  ProgramVersion: 7.3.2  TimeStamp: 2026/03/09-10:36:02-GMT  BuildTime: Aug  4 2022 06:17:15  BuildStamp: freesurfer-linux-ubuntu22_x86_64-7.3.2-20220804-6354275  User: oesteban  Machine: dna079  Platform: Linux  PlatformVersion: 5.14.0-427.37.1.el9_4.x86_64  CompilerName: GCC  CompilerVersion: 8.4.0
ProgramName: mri_or  ProgramArguments: mri_or -all-info  ProgramVersion: 7.3.2  TimeStamp: 2026/03/09-10:36:02-GMT  BuildTime: Aug  4 2022 06:17:15  BuildStamp: freesurfer-linux-ubuntu22_x86_64-7.3.2-20220804-6354275  User: oesteban  Machine: dna079  Platform: Linux  PlatformVersion: 5.14.0-427.37.1.el9_4.x86_64  CompilerName: GCC  CompilerVersion: 8.4.0
ProgramName: mri_relabel_hypointensities  ProgramArguments: mri_relabel_hypointensities -all-info  ProgramVersion: 7.3.2  TimeStamp: 2026/03/09-10:36:02-GMT  BuildTime: Aug  4 2022 06:17:15  BuildStamp: freesurfer-linux-ubuntu22_x86_64-7.3.2-20220804-6354275  User: oesteban  Machine: dna079  Platform: Linux  PlatformVersion: 5.14.0-427.37.1.el9_4.x86_64  CompilerName: GCC  CompilerVersion: 8.4.0
ProgramName: mri_relabel_nonwm_hypos  ProgramArguments: mri_relabel_nonwm_hypos -all-info  ProgramVersion: 7.3.2  TimeStamp: 2026/03/09-10:36:02-GMT  BuildTime: Aug  4 2022 06:17:15  BuildStamp: freesurfer-linux-ubuntu22_x86_64-7.3.2-20220804-6354275  User: oesteban  Machine: dna079  Platform: Linux  PlatformVersion: 5.14.0-427.37.1.el9_4.x86_64  CompilerName: GCC  CompilerVersion: 8.4.0
ProgramName: mri_remove_neck  ProgramArguments: mri_remove_neck -all-info  ProgramVersion: 7.3.2  TimeStamp: 2026/03/09-10:36:02-GMT  BuildTime: Aug  4 2022 06:17:15  BuildStamp: freesurfer-linux-ubuntu22_x86_64-7.3.2-20220804-6354275  User: oesteban  Machine: dna079  Platform: Linux  PlatformVersion: 5.14.0-427.37.1.el9_4.x86_64  CompilerName: GCC  CompilerVersion: 8.4.0
7.3.2

ProgramName: mri_robust_register  ProgramArguments: mri_robust_register -all-info  ProgramVersion: 7.3.2  TimeStamp: 2026/03/09-10:36:02-GMT  BuildTime: Aug  4 2022 06:17:15  BuildStamp: freesurfer-linux-ubuntu22_x86_64-7.3.2-20220804-6354275  User: oesteban  Machine: dna079  Platform: Linux  PlatformVersion: 5.14.0-427.37.1.el9_4.x86_64  CompilerName: GCC  CompilerVersion: 8.4.0
7.3.2

ProgramName: mri_robust_template  ProgramArguments: mri_robust_template -all-info  ProgramVersion: 7.3.2  TimeStamp: 2026/03/09-10:36:02-GMT  BuildTime: Aug  4 2022 06:17:15  BuildStamp: freesurfer-linux-ubuntu22_x86_64-7.3.2-20220804-6354275  User: oesteban  Machine: dna079  Platform: Linux  PlatformVersion: 5.14.0-427.37.1.el9_4.x86_64  CompilerName: GCC  CompilerVersion: 8.4.0
ProgramName: mris_anatomical_stats  ProgramArguments: mris_anatomical_stats -all-info  ProgramVersion: 7.3.2  TimeStamp: 2026/03/09-10:36:02-GMT  BuildTime: Aug  4 2022 06:17:15  BuildStamp: freesurfer-linux-ubuntu22_x86_64-7.3.2-20220804-6354275  User: oesteban  Machine: dna079  Platform: Linux  PlatformVersion: 5.14.0-427.37.1.el9_4.x86_64  CompilerName: GCC  CompilerVersion: 8.4.0
ProgramName: mris_ca_label  ProgramArguments: mris_ca_label -all-info  ProgramVersion: 7.3.2  TimeStamp: 2026/03/09-10:36:02-GMT  BuildTime: Aug  4 2022 06:17:15  BuildStamp: freesurfer-linux-ubuntu22_x86_64-7.3.2-20220804-6354275  User: oesteban  Machine: dna079  Platform: Linux  PlatformVersion: 5.14.0-427.37.1.el9_4.x86_64  CompilerName: GCC  CompilerVersion: 8.4.0
ProgramName: mris_calc  ProgramArguments: mris_calc -all-info  ProgramVersion: 7.3.2  TimeStamp: 2026/03/09-10:36:02-GMT  BuildTime: Aug  4 2022 06:17:15  BuildStamp: freesurfer-linux-ubuntu22_x86_64-7.3.2-20220804-6354275  User: oesteban  Machine: dna079  Platform: Linux  PlatformVersion: 5.14.0-427.37.1.el9_4.x86_64  CompilerName: GCC  CompilerVersion: 8.4.0
ProgramName: mris_convert  ProgramArguments: mris_convert -all-info  ProgramVersion: 7.3.2  TimeStamp: 2026/03/09-10:36:02-GMT  BuildTime: Aug  4 2022 06:17:15  BuildStamp: freesurfer-linux-ubuntu22_x86_64-7.3.2-20220804-6354275  User: oesteban  Machine: dna079  Platform: Linux  PlatformVersion: 5.14.0-427.37.1.el9_4.x86_64  CompilerName: GCC  CompilerVersion: 8.4.0
ProgramName: mris_curvature  ProgramArguments: mris_curvature -all-info  ProgramVersion: 7.3.2  TimeStamp: 2026/03/09-10:36:02-GMT  BuildTime: Aug  4 2022 06:17:15  BuildStamp: freesurfer-linux-ubuntu22_x86_64-7.3.2-20220804-6354275  User: oesteban  Machine: dna079  Platform: Linux  PlatformVersion: 5.14.0-427.37.1.el9_4.x86_64  CompilerName: GCC  CompilerVersion: 8.4.0
ProgramName: mris_curvature_stats  ProgramArguments: mris_curvature_stats -all-info  ProgramVersion: 7.3.2  TimeStamp: 2026/03/09-10:36:02-GMT  BuildTime: Aug  4 2022 06:17:15  BuildStamp: freesurfer-linux-ubuntu22_x86_64-7.3.2-20220804-6354275  User: oesteban  Machine: dna079  Platform: Linux  PlatformVersion: 5.14.0-427.37.1.el9_4.x86_64  CompilerName: GCC  CompilerVersion: 8.4.0
ProgramName: mris_diff  ProgramArguments: mris_diff -all-info  ProgramVersion: 7.3.2  TimeStamp: 2026/03/09-10:36:02-GMT  BuildTime: Aug  4 2022 06:17:15  BuildStamp: freesurfer-linux-ubuntu22_x86_64-7.3.2-20220804-6354275  User: oesteban  Machine: dna079  Platform: Linux  PlatformVersion: 5.14.0-427.37.1.el9_4.x86_64  CompilerName: GCC  CompilerVersion: 8.4.0
ProgramName: mris_divide_parcellation  ProgramArguments: mris_divide_parcellation -all-info  ProgramVersion: 7.3.2  TimeStamp: 2026/03/09-10:36:02-GMT  BuildTime: Aug  4 2022 06:17:15  BuildStamp: freesurfer-linux-ubuntu22_x86_64-7.3.2-20220804-6354275  User: oesteban  Machine: dna079  Platform: Linux  PlatformVersion: 5.14.0-427.37.1.el9_4.x86_64  CompilerName: GCC  CompilerVersion: 8.4.0
ProgramName: mri_segment  ProgramArguments: mri_segment -all-info  ProgramVersion: 7.3.2  TimeStamp: 2026/03/09-10:36:02-GMT  BuildTime: Aug  4 2022 06:17:15  BuildStamp: freesurfer-linux-ubuntu22_x86_64-7.3.2-20220804-6354275  User: oesteban  Machine: dna079  Platform: Linux  PlatformVersion: 5.14.0-427.37.1.el9_4.x86_64  CompilerName: GCC  CompilerVersion: 8.4.0
ProgramName: mri_segstats  ProgramArguments: mri_segstats -all-info  ProgramVersion: 7.3.2  TimeStamp: 2026/03/09-10:36:02-GMT  BuildTime: Aug  4 2022 06:17:15  BuildStamp: freesurfer-linux-ubuntu22_x86_64-7.3.2-20220804-6354275  User: oesteban  Machine: dna079  Platform: Linux  PlatformVersion: 5.14.0-427.37.1.el9_4.x86_64  CompilerName: GCC  CompilerVersion: 8.4.0
ProgramName: mris_euler_number  ProgramArguments: mris_euler_number -all-info  ProgramVersion: 7.3.2  TimeStamp: 2026/03/09-10:36:02-GMT  BuildTime: Aug  4 2022 06:17:15  BuildStamp: freesurfer-linux-ubuntu22_x86_64-7.3.2-20220804-6354275  User: oesteban  Machine: dna079  Platform: Linux  PlatformVersion: 5.14.0-427.37.1.el9_4.x86_64  CompilerName: GCC  CompilerVersion: 8.4.0
ProgramName: mris_fix_topology  ProgramArguments: mris_fix_topology -all-info  ProgramVersion: 7.3.2  TimeStamp: 2026/03/09-10:36:02-GMT  BuildTime: Aug  4 2022 06:17:15  BuildStamp: freesurfer-linux-ubuntu22_x86_64-7.3.2-20220804-6354275  User: oesteban  Machine: dna079  Platform: Linux  PlatformVersion: 5.14.0-427.37.1.el9_4.x86_64  CompilerName: GCC  CompilerVersion: 8.4.0
ProgramName: mris_topo_fixer  ProgramArguments: mris_topo_fixer -all-info  ProgramVersion: 7.3.2  TimeStamp: 2026/03/09-10:36:02-GMT  BuildTime: Aug  4 2022 06:17:15  BuildStamp: freesurfer-linux-ubuntu22_x86_64-7.3.2-20220804-6354275  User: oesteban  Machine: dna079  Platform: Linux  PlatformVersion: 5.14.0-427.37.1.el9_4.x86_64  CompilerName: GCC  CompilerVersion: 8.4.0
ProgramName: mris_jacobian  ProgramArguments: mris_jacobian -all-info  ProgramVersion: 7.3.2  TimeStamp: 2026/03/09-10:36:02-GMT  BuildTime: Aug  4 2022 06:17:15  BuildStamp: freesurfer-linux-ubuntu22_x86_64-7.3.2-20220804-6354275  User: oesteban  Machine: dna079  Platform: Linux  PlatformVersion: 5.14.0-427.37.1.el9_4.x86_64  CompilerName: GCC  CompilerVersion: 8.4.0
ProgramName: mris_label2annot  ProgramArguments: mris_label2annot -all-info  ProgramVersion: 7.3.2  TimeStamp: 2026/03/09-10:36:02-GMT  BuildTime: Aug  4 2022 06:17:15  BuildStamp: freesurfer-linux-ubuntu22_x86_64-7.3.2-20220804-6354275  User: oesteban  Machine: dna079  Platform: Linux  PlatformVersion: 5.14.0-427.37.1.el9_4.x86_64  CompilerName: GCC  CompilerVersion: 8.4.0
ProgramName: mris_left_right_register  ProgramArguments: mris_left_right_register -all-info  ProgramVersion: 7.3.2  TimeStamp: 2026/03/09-10:36:02-GMT  BuildTime: Aug  4 2022 06:17:15  BuildStamp: freesurfer-linux-ubuntu22_x86_64-7.3.2-20220804-6354275  User: oesteban  Machine: dna079  Platform: Linux  PlatformVersion: 5.14.0-427.37.1.el9_4.x86_64  CompilerName: GCC  CompilerVersion: 8.4.0
ProgramName: mris_place_surface  ProgramArguments: mris_place_surface -all-info  ProgramVersion: 7.3.2  TimeStamp: 2026/03/09-10:36:02-GMT  BuildTime: Aug  4 2022 06:17:15  BuildStamp: freesurfer-linux-ubuntu22_x86_64-7.3.2-20220804-6354275  User: oesteban  Machine: dna079  Platform: Linux  PlatformVersion: 5.14.0-427.37.1.el9_4.x86_64  CompilerName: GCC  CompilerVersion: 8.4.0
ProgramName: mrisp_paint  ProgramArguments: mrisp_paint -all-info  ProgramVersion: 7.3.2  TimeStamp: 2026/03/09-10:36:02-GMT  BuildTime: Aug  4 2022 06:17:15  BuildStamp: freesurfer-linux-ubuntu22_x86_64-7.3.2-20220804-6354275  User: oesteban  Machine: dna079  Platform: Linux  PlatformVersion: 5.14.0-427.37.1.el9_4.x86_64  CompilerName: GCC  CompilerVersion: 8.4.0
ProgramName: mris_register  ProgramArguments: mris_register -all-info  ProgramVersion: 7.3.2  TimeStamp: 2026/03/09-10:36:02-GMT  BuildTime: Aug  4 2022 06:17:15  BuildStamp: freesurfer-linux-ubuntu22_x86_64-7.3.2-20220804-6354275  User: oesteban  Machine: dna079  Platform: Linux  PlatformVersion: 5.14.0-427.37.1.el9_4.x86_64  CompilerName: GCC  CompilerVersion: 8.4.0
ProgramName: mris_smooth  ProgramArguments: mris_smooth -all-info  ProgramVersion: 7.3.2  TimeStamp: 2026/03/09-10:36:02-GMT  BuildTime: Aug  4 2022 06:17:15  BuildStamp: freesurfer-linux-ubuntu22_x86_64-7.3.2-20220804-6354275  User: oesteban  Machine: dna079  Platform: Linux  PlatformVersion: 5.14.0-427.37.1.el9_4.x86_64  CompilerName: GCC  CompilerVersion: 8.4.0
ProgramName: mris_sphere  ProgramArguments: mris_sphere -all-info  ProgramVersion: 7.3.2  TimeStamp: 2026/03/09-10:36:02-GMT  BuildTime: Aug  4 2022 06:17:15  BuildStamp: freesurfer-linux-ubuntu22_x86_64-7.3.2-20220804-6354275  User: oesteban  Machine: dna079  Platform: Linux  PlatformVersion: 5.14.0-427.37.1.el9_4.x86_64  CompilerName: GCC  CompilerVersion: 8.4.0
ProgramName: mris_surface_stats  ProgramArguments: mris_surface_stats -all-info  ProgramVersion: 7.3.2  TimeStamp: 2026/03/09-10:36:02-GMT  BuildTime: Aug  4 2022 06:17:15  BuildStamp: freesurfer-linux-ubuntu22_x86_64-7.3.2-20220804-6354275  User: oesteban  Machine: dna079  Platform: Linux  PlatformVersion: 5.14.0-427.37.1.el9_4.x86_64  CompilerName: GCC  CompilerVersion: 8.4.0
ProgramName: mri_stats2seg  ProgramArguments: mri_stats2seg -all-info  ProgramVersion: 7.3.2  TimeStamp: 2026/03/09-10:36:02-GMT  BuildTime: Aug  4 2022 06:17:15  BuildStamp: freesurfer-linux-ubuntu22_x86_64-7.3.2-20220804-6354275  User: oesteban  Machine: dna079  Platform: Linux  PlatformVersion: 5.14.0-427.37.1.el9_4.x86_64  CompilerName: GCC  CompilerVersion: 8.4.0
ProgramName: mris_thickness  ProgramArguments: mris_thickness -all-info  ProgramVersion: 7.3.2  TimeStamp: 2026/03/09-10:36:02-GMT  BuildTime: Aug  4 2022 06:17:15  BuildStamp: freesurfer-linux-ubuntu22_x86_64-7.3.2-20220804-6354275  User: oesteban  Machine: dna079  Platform: Linux  PlatformVersion: 5.14.0-427.37.1.el9_4.x86_64  CompilerName: GCC  CompilerVersion: 8.4.0
ProgramName: mris_thickness_diff  ProgramArguments: mris_thickness_diff -all-info  ProgramVersion: 7.3.2  TimeStamp: 2026/03/09-10:36:02-GMT  BuildTime: Aug  4 2022 06:17:15  BuildStamp: freesurfer-linux-ubuntu22_x86_64-7.3.2-20220804-6354275  User: oesteban  Machine: dna079  Platform: Linux  PlatformVersion: 5.14.0-427.37.1.el9_4.x86_64  CompilerName: GCC  CompilerVersion: 8.4.0
ProgramName: mris_topo_fixer  ProgramArguments: mris_topo_fixer -all-info  ProgramVersion: 7.3.2  TimeStamp: 2026/03/09-10:36:02-GMT  BuildTime: Aug  4 2022 06:17:15  BuildStamp: freesurfer-linux-ubuntu22_x86_64-7.3.2-20220804-6354275  User: oesteban  Machine: dna079  Platform: Linux  PlatformVersion: 5.14.0-427.37.1.el9_4.x86_64  CompilerName: GCC  CompilerVersion: 8.4.0
ProgramName: mri_surf2surf  ProgramArguments: mri_surf2surf -all-info  ProgramVersion: 7.3.2  TimeStamp: 2026/03/09-10:36:02-GMT  BuildTime: Aug  4 2022 06:17:15  BuildStamp: freesurfer-linux-ubuntu22_x86_64-7.3.2-20220804-6354275  User: oesteban  Machine: dna079  Platform: Linux  PlatformVersion: 5.14.0-427.37.1.el9_4.x86_64  CompilerName: GCC  CompilerVersion: 8.4.0
ProgramName: mri_surf2vol  ProgramArguments: mri_surf2vol -all-info  ProgramVersion: 7.3.2  TimeStamp: 2026/03/09-10:36:02-GMT  BuildTime: Aug  4 2022 06:17:15  BuildStamp: freesurfer-linux-ubuntu22_x86_64-7.3.2-20220804-6354275  User: oesteban  Machine: dna079  Platform: Linux  PlatformVersion: 5.14.0-427.37.1.el9_4.x86_64  CompilerName: GCC  CompilerVersion: 8.4.0
ProgramName: mri_surfcluster  ProgramArguments: mri_surfcluster -all-info  ProgramVersion: 7.3.2  TimeStamp: 2026/03/09-10:36:02-GMT  BuildTime: Aug  4 2022 06:17:15  BuildStamp: freesurfer-linux-ubuntu22_x86_64-7.3.2-20220804-6354275  User: oesteban  Machine: dna079  Platform: Linux  PlatformVersion: 5.14.0-427.37.1.el9_4.x86_64  CompilerName: GCC  CompilerVersion: 8.4.0
ProgramName: mris_volmask  ProgramArguments: mris_volmask -all-info  ProgramVersion: 7.3.2  TimeStamp: 2026/03/09-10:36:02-GMT  BuildTime: Aug  4 2022 06:17:15  BuildStamp: freesurfer-linux-ubuntu22_x86_64-7.3.2-20220804-6354275  User: oesteban  Machine: dna079  Platform: Linux  PlatformVersion: 5.14.0-427.37.1.el9_4.x86_64  CompilerName: GCC  CompilerVersion: 8.4.0
ProgramName: mri_tessellate  ProgramArguments: mri_tessellate -all-info  ProgramVersion: 7.3.2  TimeStamp: 2026/03/09-10:36:02-GMT  BuildTime: Aug  4 2022 06:17:15  BuildStamp: freesurfer-linux-ubuntu22_x86_64-7.3.2-20220804-6354275  User: oesteban  Machine: dna079  Platform: Linux  PlatformVersion: 5.14.0-427.37.1.el9_4.x86_64  CompilerName: GCC  CompilerVersion: 8.4.0
ProgramName: mri_vol2surf  ProgramArguments: mri_vol2surf -all-info  ProgramVersion: 7.3.2  TimeStamp: 2026/03/09-10:36:02-GMT  BuildTime: Aug  4 2022 06:17:15  BuildStamp: freesurfer-linux-ubuntu22_x86_64-7.3.2-20220804-6354275  User: oesteban  Machine: dna079  Platform: Linux  PlatformVersion: 5.14.0-427.37.1.el9_4.x86_64  CompilerName: GCC  CompilerVersion: 8.4.0
ProgramName: mri_vol2vol  ProgramArguments: mri_vol2vol -all-info  ProgramVersion: 7.3.2  TimeStamp: 2026/03/09-10:36:02-GMT  BuildTime: Aug  4 2022 06:17:15  BuildStamp: freesurfer-linux-ubuntu22_x86_64-7.3.2-20220804-6354275  User: oesteban  Machine: dna079  Platform: Linux  PlatformVersion: 5.14.0-427.37.1.el9_4.x86_64  CompilerName: GCC  CompilerVersion: 8.4.0
ProgramName: mri_voldiff  ProgramArguments: mri_voldiff -all-info  ProgramVersion: 7.3.2  TimeStamp: 2026/03/09-10:36:02-GMT  BuildTime: Aug  4 2022 06:17:15  BuildStamp: freesurfer-linux-ubuntu22_x86_64-7.3.2-20220804-6354275  User: oesteban  Machine: dna079  Platform: Linux  PlatformVersion: 5.14.0-427.37.1.el9_4.x86_64  CompilerName: GCC  CompilerVersion: 8.4.0
ProgramName: mri_watershed  ProgramArguments: mri_watershed -all-info  ProgramVersion: 7.3.2  TimeStamp: 2026/03/09-10:36:02-GMT  BuildTime: Aug  4 2022 06:17:15  BuildStamp: freesurfer-linux-ubuntu22_x86_64-7.3.2-20220804-6354275  User: oesteban  Machine: dna079  Platform: Linux  PlatformVersion: 5.14.0-427.37.1.el9_4.x86_64  CompilerName: GCC  CompilerVersion: 8.4.0
ProgramName: tkregister2  ProgramArguments: tkregister2_cmdl -all-info  ProgramVersion: 7.3.2  TimeStamp: 2026/03/09-10:36:02-GMT  BuildTime: Aug  4 2022 06:17:15  BuildStamp: freesurfer-linux-ubuntu22_x86_64-7.3.2-20220804-6354275  User: oesteban  Machine: dna079  Platform: Linux  PlatformVersion: 5.14.0-427.37.1.el9_4.x86_64  CompilerName: GCC  CompilerVersion: 8.4.0
mri_motion_correct.fsl 7.3.2
mri_convert -all-info 
ProgramName: mri_convert  ProgramArguments: mri_convert -all-info  ProgramVersion: 7.3.2  TimeStamp: 2026/03/09-10:36:02-GMT  BuildTime: Aug  4 2022 06:17:15  BuildStamp: freesurfer-linux-ubuntu22_x86_64-7.3.2-20220804-6354275  User: oesteban  Machine: dna079  Platform: Linux  PlatformVersion: 5.14.0-427.37.1.el9_4.x86_64  CompilerName: GCC  CompilerVersion: 8.4.0
Program nu_correct, built from:
Package MNI N3, version 1.12.0, compiled by nicks@terrier (x86_64-unknown-linux-gnu) on 2015-06-19 at 01:25:34
#######################################
GCADIR /opt/freesurfer/average
GCA RB_all_2020-01-02.gca
GCASkull RB_all_withskull_2020_01_02.gca
AvgCurvTif folding.atlas.acfb40.noaparc.i12.2016-08-02.tif
GCSDIR /opt/freesurfer/average
GCS DKaparc.atlas.acfb40.noaparc.i12.2016-08-02.gcs
#######################################
#--------------------------------------------
#@# Tessellate lh Mon Mar  9 11:36:03 CET 2026
/out/sourcedata/freesurfer/sub-v1s21x0050403_ses-1/scripts

 mri_pretess ../mri/filled.mgz 255 ../mri/norm.mgz ../mri/filled-pretess255.mgz 


Iteration Number : 1
pass   1 (xy+):   3 found -   3 modified     |    TOTAL:   3
pass   2 (xy+):   0 found -   3 modified     |    TOTAL:   3
pass   1 (xy-):   2 found -   2 modified     |    TOTAL:   5
pass   2 (xy-):   0 found -   2 modified     |    TOTAL:   5
pass   1 (yz+):  12 found -  12 modified     |    TOTAL:  17
pass   2 (yz+):   0 found -  12 modified     |    TOTAL:  17
pass   1 (yz-):   4 found -   4 modified     |    TOTAL:  21
pass   2 (yz-):   0 found -   4 modified     |    TOTAL:  21
pass   1 (xz+):   4 found -   4 modified     |    TOTAL:  25
pass   2 (xz+):   0 found -   4 modified     |    TOTAL:  25
pass   1 (xz-):   5 found -   5 modified     |    TOTAL:  30
pass   2 (xz-):   0 found -   5 modified     |    TOTAL:  30
Iteration Number : 1
pass   1 (+++):   0 found -   0 modified     |    TOTAL:   0
pass   1 (+++):   0 found -   0 modified     |    TOTAL:   0
pass   1 (+++):   0 found -   0 modified     |    TOTAL:   0
pass   1 (+++):   0 found -   0 modified     |    TOTAL:   0
Iteration Number : 1
pass   1 (++):   0 found -   0 modified     |    TOTAL:   0
pass   1 (+-):   0 found -   0 modified     |    TOTAL:   0
pass   1 (--):   0 found -   0 modified     |    TOTAL:   0
pass   1 (-+):   1 found -   1 modified     |    TOTAL:   1
pass   2 (-+):   0 found -   1 modified     |    TOTAL:   1
Iteration Number : 2
pass   1 (xy+):   0 found -   0 modified     |    TOTAL:   0
pass   1 (xy-):   0 found -   0 modified     |    TOTAL:   0
pass   1 (yz+):   0 found -   0 modified     |    TOTAL:   0
pass   1 (yz-):   0 found -   0 modified     |    TOTAL:   0
pass   1 (xz+):   0 found -   0 modified     |    TOTAL:   0
pass   1 (xz-):   0 found -   0 modified     |    TOTAL:   0
Iteration Number : 2
pass   1 (+++):   0 found -   0 modified     |    TOTAL:   0
pass   1 (+++):   0 found -   0 modified     |    TOTAL:   0
pass   1 (+++):   0 found -   0 modified     |    TOTAL:   0
pass   1 (+++):   0 found -   0 modified     |    TOTAL:   0
Iteration Number : 2
pass   1 (++):   0 found -   0 modified     |    TOTAL:   0
pass   1 (+-):   0 found -   0 modified     |    TOTAL:   0
pass   1 (--):   0 found -   0 modified     |    TOTAL:   0
pass   1 (-+):   0 found -   0 modified     |    TOTAL:   0

Total Number of Modified Voxels = 31 (out of 292695: 0.010591)
Ambiguous edge configurations... 

mri_pretess done


 mri_tessellate ../mri/filled-pretess255.mgz 255 ../surf/lh.orig.nofix 

7.3.2
  7.3.2
slice 40: 9 vertices, 12 faces
slice 50: 3017 vertices, 3144 faces
slice 60: 9322 vertices, 9578 faces
slice 70: 18199 vertices, 18555 faces
slice 80: 28141 vertices, 28522 faces
slice 90: 38575 vertices, 38975 faces
slice 100: 49254 vertices, 49606 faces
slice 110: 61259 vertices, 61676 faces
slice 120: 73179 vertices, 73632 faces
slice 130: 85814 vertices, 86265 faces
slice 140: 97306 vertices, 97722 faces
slice 150: 108455 vertices, 108865 faces
slice 160: 118001 vertices, 118362 faces
slice 170: 127041 vertices, 127395 faces
slice 180: 135526 vertices, 135856 faces
slice 190: 142577 vertices, 142883 faces
slice 200: 148963 vertices, 149292 faces
slice 210: 153545 vertices, 153745 faces
slice 220: 154130 vertices, 154242 faces
slice 230: 154130 vertices, 154242 faces
slice 240: 154130 vertices, 154242 faces
slice 250: 154130 vertices, 154242 faces
using the conformed surface RAS to save vertex points...
writing ../surf/lh.orig.nofix
using vox2ras matrix:
-1.00000   0.00000   0.00000   128.00000;
 0.00000   0.00000   1.00000  -128.00000;
 0.00000  -1.00000   0.00000   128.00000;
 0.00000   0.00000   0.00000   1.00000;

 rm -f ../mri/filled-pretess255.mgz 


 mris_extract_main_component ../surf/lh.orig.nofix ../surf/lh.orig.nofix 


counting number of connected components...
   154130 voxel in cpt #1: X=-112 [v=154130,e=462726,f=308484] located at (-30.059340, -4.708356, 27.177214)
For the whole surface: X=-112 [v=154130,e=462726,f=308484]
One single component has been found
nothing to do
done

#--------------------------------------------
#@# Smooth1 lh Mon Mar  9 11:36:05 CET 2026
/out/sourcedata/freesurfer/sub-v1s21x0050403_ses-1/scripts

 mris_smooth -nw -seed 1234 ../surf/lh.orig.nofix ../surf/lh.smoothwm.nofix 

setting seed for random number generator to 1234
smoothing surface tessellation for 10 iterations...
smoothing complete - recomputing first and second fundamental forms...
#--------------------------------------------
#@# Inflation1 lh Mon Mar  9 11:36:08 CET 2026
/out/sourcedata/freesurfer/sub-v1s21x0050403_ses-1/scripts

 mris_inflate -no-save-sulc ../surf/lh.smoothwm.nofix ../surf/lh.inflated.nofix 

Not saving sulc
Reading ../surf/lh.smoothwm.nofix
avg radius = 49.9 mm, total surface area = 82089 mm^2
step 000: RMS=0.160 (target=0.015)   step 005: RMS=0.126 (target=0.015)   step 010: RMS=0.099 (target=0.015)   step 015: RMS=0.086 (target=0.015)   step 020: RMS=0.079 (target=0.015)   step 025: RMS=0.072 (target=0.015)   step 030: RMS=0.066 (target=0.015)   step 035: RMS=0.062 (target=0.015)   step 040: RMS=0.059 (target=0.015)   step 045: RMS=0.059 (target=0.015)   step 050: RMS=0.057 (target=0.015)   step 055: RMS=0.058 (target=0.015)   step 060: RMS=0.058 (target=0.015)   writing inflated surface to ../surf/lh.inflated.nofix
inflation took 0.2 minutes

inflation complete.
Not saving sulc
mris_inflate utimesec    50.402095
mris_inflate stimesec    2.955855
mris_inflate ru_maxrss   243508
mris_inflate ru_ixrss    0
mris_inflate ru_idrss    0
mris_inflate ru_isrss    0
mris_inflate ru_minflt   730721
mris_inflate ru_majflt   45
mris_inflate ru_nswap    0
mris_inflate ru_inblock  1672
mris_inflate ru_oublock  10848
mris_inflate ru_msgsnd   0
mris_inflate ru_msgrcv   0
mris_inflate ru_nsignals 0
mris_inflate ru_nvcsw    31395
mris_inflate ru_nivcsw   1709
#--------------------------------------------
#@# QSphere lh Mon Mar  9 11:36:22 CET 2026
/out/sourcedata/freesurfer/sub-v1s21x0050403_ses-1/scripts

 mris_sphere -q -p 6 -a 128 -seed 1234 ../surf/lh.inflated.nofix ../surf/lh.qsphere.nofix 

doing quick spherical unfolding.
limitting unfolding to 6 passes
using n_averages = 128
setting seed for random number genererator to 1234
version: 7.3.2
available threads: 16
scaling brain by 0.287...
inflating...
projecting onto sphere...
surface projected - minimizing metric distortion...
vertex spacing 0.92 +- 0.58 (0.00-->7.73) (max @ vno 51263 --> 52461)
face area 0.02 +- 0.03 (-0.11-->0.66)
Entering MRISinflateToSphere()
inflating to sphere (rms error < 2.00)
000: dt: 0.0000, rms radial error=177.231, avgs=0
005/300: dt: 0.9000, rms radial error=176.972, avgs=0
010/300: dt: 0.9000, rms radial error=176.415, avgs=0
015/300: dt: 0.9000, rms radial error=175.685, avgs=0
020/300: dt: 0.9000, rms radial error=174.852, avgs=0
025/300: dt: 0.9000, rms radial error=173.962, avgs=0
030/300: dt: 0.9000, rms radial error=173.040, avgs=0
035/300: dt: 0.9000, rms radial error=172.101, avgs=0
040/300: dt: 0.9000, rms radial error=171.154, avgs=0
045/300: dt: 0.9000, rms radial error=170.204, avgs=0
050/300: dt: 0.9000, rms radial error=169.255, avgs=0
055/300: dt: 0.9000, rms radial error=168.309, avgs=0
060/300: dt: 0.9000, rms radial error=167.366, avgs=0
065/300: dt: 0.9000, rms radial error=166.427, avgs=0
070/300: dt: 0.9000, rms radial error=165.493, avgs=0
075/300: dt: 0.9000, rms radial error=164.564, avgs=0
080/300: dt: 0.9000, rms radial error=163.639, avgs=0
085/300: dt: 0.9000, rms radial error=162.719, avgs=0
090/300: dt: 0.9000, rms radial error=161.805, avgs=0
095/300: dt: 0.9000, rms radial error=160.895, avgs=0
100/300: dt: 0.9000, rms radial error=159.989, avgs=0
105/300: dt: 0.9000, rms radial error=159.089, avgs=0
110/300: dt: 0.9000, rms radial error=158.193, avgs=0
115/300: dt: 0.9000, rms radial error=157.303, avgs=0
120/300: dt: 0.9000, rms radial error=156.417, avgs=0
125/300: dt: 0.9000, rms radial error=155.536, avgs=0
130/300: dt: 0.9000, rms radial error=154.660, avgs=0
135/300: dt: 0.9000, rms radial error=153.789, avgs=0
140/300: dt: 0.9000, rms radial error=152.922, avgs=0
145/300: dt: 0.9000, rms radial error=152.060, avgs=0
150/300: dt: 0.9000, rms radial error=151.202, avgs=0
155/300: dt: 0.9000, rms radial error=150.350, avgs=0
160/300: dt: 0.9000, rms radial error=149.501, avgs=0
165/300: dt: 0.9000, rms radial error=148.658, avgs=0
170/300: dt: 0.9000, rms radial error=147.819, avgs=0
175/300: dt: 0.9000, rms radial error=146.985, avgs=0
180/300: dt: 0.9000, rms radial error=146.155, avgs=0
185/300: dt: 0.9000, rms radial error=145.330, avgs=0
190/300: dt: 0.9000, rms radial error=144.510, avgs=0
195/300: dt: 0.9000, rms radial error=143.695, avgs=0
200/300: dt: 0.9000, rms radial error=142.884, avgs=0
205/300: dt: 0.9000, rms radial error=142.078, avgs=0
210/300: dt: 0.9000, rms radial error=141.277, avgs=0
215/300: dt: 0.9000, rms radial error=140.480, avgs=0
220/300: dt: 0.9000, rms radial error=139.688, avgs=0
225/300: dt: 0.9000, rms radial error=138.901, avgs=0
230/300: dt: 0.9000, rms radial error=138.117, avgs=0
235/300: dt: 0.9000, rms radial error=137.338, avgs=0
240/300: dt: 0.9000, rms radial error=136.563, avgs=0
245/300: dt: 0.9000, rms radial error=135.793, avgs=0
250/300: dt: 0.9000, rms radial error=135.026, avgs=0
255/300: dt: 0.9000, rms radial error=134.264, avgs=0
260/300: dt: 0.9000, rms radial error=133.506, avgs=0
265/300: dt: 0.9000, rms radial error=132.753, avgs=0
270/300: dt: 0.9000, rms radial error=132.003, avgs=0
275/300: dt: 0.9000, rms radial error=131.258, avgs=0
280/300: dt: 0.9000, rms radial error=130.517, avgs=0
285/300: dt: 0.9000, rms radial error=129.781, avgs=0
290/300: dt: 0.9000, rms radial error=129.048, avgs=0
295/300: dt: 0.9000, rms radial error=128.320, avgs=0
300/300: dt: 0.9000, rms radial error=127.596, avgs=0

spherical inflation complete.
epoch 1 (K=10.0), pass 1, starting sse = 18498.79
taking momentum steps...
taking momentum steps...
taking momentum steps...
taking momentum steps...
pass 1 complete, delta sse/iter = 0.00/13 = 0.00030
epoch 2 (K=40.0), pass 1, starting sse = 3245.03
taking momentum steps...
taking momentum steps...
taking momentum steps...
taking momentum steps...
pass 1 complete, delta sse/iter = 0.00/13 = 0.00013
epoch 3 (K=160.0), pass 1, starting sse = 392.22
taking momentum steps...
taking momentum steps...
taking momentum steps...
taking momentum steps...
pass 1 complete, delta sse/iter = 0.12/15 = 0.00823
epoch 4 (K=640.0), pass 1, starting sse = 31.57
taking momentum steps...
taking momentum steps...
taking momentum steps...
taking momentum steps...
pass 1 complete, delta sse/iter = 0.06/16 = 0.00369
final distance error %100000.00
writing spherical brain to ../surf/lh.qsphere.nofix
spherical transformation took 0.0161 hours
FSRUNTIME@ mris_sphere  0.0161 hours 16 threads
#VMPC# mris_sphere VmPeak  1965868
mris_sphere done
#@# Fix Topology lh Mon Mar  9 11:37:20 CET 2026

 mris_fix_topology -mgz -sphere qsphere.nofix -inflated inflated.nofix -orig orig.nofix -out orig.premesh -ga -seed 1234 sub-v1s21x0050403_ses-1 lh 

reading spherical homeomorphism from 'qsphere.nofix'
reading inflated coordinates from 'inflated.nofix'
reading original coordinates from 'orig.nofix'
using genetic algorithm with optimized parameters
setting seed for random number genererator to 1234

*************************************************************
Topology Correction Parameters
retessellation mode:           genetic search
number of patches/generation : 10
number of generations :        10
surface mri loglikelihood coefficient :         1.0
volume mri loglikelihood coefficient :          10.0
normal dot loglikelihood coefficient :          1.0
quadratic curvature loglikelihood coefficient : 1.0
volume resolution :                             2
eliminate vertices during search :              1
initial patch selection :                       1
select all defect vertices :                    0
ordering dependant retessellation:              0
use precomputed edge table :                    0
smooth retessellated patch :                    2
match retessellated patch :                     1
verbose mode :                                  0

*************************************************************
INFO: assuming .mgz format
writing corrected surface to 'orig.premesh'
7.3.2
  7.3.2
before topology correction, eno=-112 (nv=154130, nf=308484, ne=462726, g=57)
using quasi-homeomorphic spherical map to tessellate cortical surface...

Correction of the Topology
Finding true center and radius of Spherical Surface...done
Surface centered at (0,0,0) with radius 100.0 in 8 iterations
marking ambiguous vertices...
13962 ambiguous faces found in tessellation
segmenting defects...
68 defects found, arbitrating ambiguous regions...
analyzing neighboring defects...
      -merging segment 7 into 9
      -merging segment 25 into 19
      -merging segment 36 into 31
      -merging segment 42 into 40
64 defects to be corrected 
0 vertices coincident
reading input surface /out/sourcedata/freesurfer/sub-v1s21x0050403_ses-1/surf/lh.qsphere.nofix...
reading brain volume from brain...
reading wm segmentation from wm...
Reading original properties of orig.nofix
Reading vertex positions of inflated.nofix
Computing Initial Surface Statistics
      -face       loglikelihood: -9.3905  (-4.6953)
      -vertex     loglikelihood: -6.3665  (-3.1833)
      -normal dot loglikelihood: -3.5852  (-3.5852)
      -quad curv  loglikelihood: -6.2253  (-3.1127)
      Total Loglikelihood : -25.5676
CORRECTING DEFECT 0 (vertices=108, convex hull=38, v0=0)
After retessellation of defect 0 (v0=0), euler #=-64 (145972,435581,289545) : difference with theory (-61) = 3 
CORRECTING DEFECT 1 (vertices=65, convex hull=83, v0=317)
After retessellation of defect 1 (v0=317), euler #=-63 (145984,435652,289605) : difference with theory (-60) = 3 
CORRECTING DEFECT 2 (vertices=131, convex hull=141, v0=3400)
After retessellation of defect 2 (v0=3400), euler #=-62 (146034,435872,289776) : difference with theory (-59) = 3 
CORRECTING DEFECT 3 (vertices=68, convex hull=43, v0=7424)
After retessellation of defect 3 (v0=7424), euler #=-61 (146041,435909,289807) : difference with theory (-58) = 3 
CORRECTING DEFECT 4 (vertices=14, convex hull=44, v0=9279)
After retessellation of defect 4 (v0=9279), euler #=-60 (146045,435936,289831) : difference with theory (-57) = 3 
CORRECTING DEFECT 5 (vertices=45, convex hull=25, v0=11620)
After retessellation of defect 5 (v0=11620), euler #=-59 (146047,435948,289842) : difference with theory (-56) = 3 
CORRECTING DEFECT 6 (vertices=66, convex hull=54, v0=12208)
After retessellation of defect 6 (v0=12208), euler #=-58 (146058,436001,289885) : difference with theory (-55) = 3 
CORRECTING DEFECT 7 (vertices=27, convex hull=69, v0=22538)
After retessellation of defect 7 (v0=22538), euler #=-57 (146071,436065,289937) : difference with theory (-54) = 3 
CORRECTING DEFECT 8 (vertices=164, convex hull=115, v0=22623)
After retessellation of defect 8 (v0=22623), euler #=-55 (146101,436210,290054) : difference with theory (-53) = 2 
CORRECTING DEFECT 9 (vertices=32, convex hull=81, v0=33488)
After retessellation of defect 9 (v0=33488), euler #=-54 (146117,436290,290119) : difference with theory (-52) = 2 
CORRECTING DEFECT 10 (vertices=25, convex hull=63, v0=48236)
After retessellation of defect 10 (v0=48236), euler #=-53 (146126,436339,290160) : difference with theory (-51) = 2 
CORRECTING DEFECT 11 (vertices=26, convex hull=63, v0=49788)
After retessellation of defect 11 (v0=49788), euler #=-52 (146143,436416,290221) : difference with theory (-50) = 2 
CORRECTING DEFECT 12 (vertices=7, convex hull=26, v0=59768)
After retessellation of defect 12 (v0=59768), euler #=-51 (146145,436429,290233) : difference with theory (-49) = 2 
CORRECTING DEFECT 13 (vertices=37, convex hull=60, v0=60556)
After retessellation of defect 13 (v0=60556), euler #=-50 (146168,436519,290301) : difference with theory (-48) = 2 
CORRECTING DEFECT 14 (vertices=64, convex hull=39, v0=60949)
After retessellation of defect 14 (v0=60949), euler #=-49 (146177,436559,290333) : difference with theory (-47) = 2 
CORRECTING DEFECT 15 (vertices=10, convex hull=19, v0=63171)
After retessellation of defect 15 (v0=63171), euler #=-48 (146178,436564,290338) : difference with theory (-46) = 2 
CORRECTING DEFECT 16 (vertices=63, convex hull=76, v0=65543)
After retessellation of defect 16 (v0=65543), euler #=-47 (146187,436624,290390) : difference with theory (-45) = 2 
CORRECTING DEFECT 17 (vertices=10, convex hull=21, v0=67559)
After retessellation of defect 17 (v0=67559), euler #=-46 (146188,436630,290396) : difference with theory (-44) = 2 
CORRECTING DEFECT 18 (vertices=335, convex hull=59, v0=70387)
After retessellation of defect 18 (v0=70387), euler #=-44 (146201,436694,290449) : difference with theory (-43) = 1 
CORRECTING DEFECT 19 (vertices=265, convex hull=304, v0=71644)
After retessellation of defect 19 (v0=71644), euler #=-43 (146275,437065,290747) : difference with theory (-42) = 1 
CORRECTING DEFECT 20 (vertices=585, convex hull=413, v0=71715)
A large defect has been detected...
This often happens because cerebellum or dura has not been removed from wm.mgz.
This may cause recon-all to run very slowly or crash.
if so, see https://surfer.nmr.mgh.harvard.edu/fswiki/FsTutorial/TopologicalDefect_freeview
After retessellation of defect 20 (v0=71715), euler #=-43 (146399,437664,291222) : difference with theory (-41) = 2 
CORRECTING DEFECT 21 (vertices=183, convex hull=173, v0=74745)
After retessellation of defect 21 (v0=74745), euler #=-42 (146460,437925,291423) : difference with theory (-40) = 2 
CORRECTING DEFECT 22 (vertices=37, convex hull=39, v0=75373)
After retessellation of defect 22 (v0=75373), euler #=-41 (146467,437959,291451) : difference with theory (-39) = 2 
CORRECTING DEFECT 23 (vertices=12, convex hull=32, v0=78232)
After retessellation of defect 23 (v0=78232), euler #=-40 (146468,437972,291464) : difference with theory (-38) = 2 
CORRECTING DEFECT 24 (vertices=100, convex hull=26, v0=82967)
After retessellation of defect 24 (v0=82967), euler #=-39 (146476,438002,291487) : difference with theory (-37) = 2 
CORRECTING DEFECT 25 (vertices=50, convex hull=94, v0=83647)
After retessellation of defect 25 (v0=83647), euler #=-38 (146501,438116,291577) : difference with theory (-36) = 2 
CORRECTING DEFECT 26 (vertices=31, convex hull=30, v0=84644)
After retessellation of defect 26 (v0=84644), euler #=-37 (146503,438130,291590) : difference with theory (-35) = 2 
CORRECTING DEFECT 27 (vertices=126, convex hull=129, v0=85214)
After retessellation of defect 27 (v0=85214), euler #=-36 (146554,438340,291750) : difference with theory (-34) = 2 
CORRECTING DEFECT 28 (vertices=10, convex hull=33, v0=88940)
After retessellation of defect 28 (v0=88940), euler #=-35 (146557,438358,291766) : difference with theory (-33) = 2 
CORRECTING DEFECT 29 (vertices=356, convex hull=252, v0=92456)
After retessellation of defect 29 (v0=92456), euler #=-33 (146691,438886,292162) : difference with theory (-32) = 1 
CORRECTING DEFECT 30 (vertices=31, convex hull=54, v0=93449)
After retessellation of defect 30 (v0=93449), euler #=-32 (146700,438931,292199) : difference with theory (-31) = 1 
CORRECTING DEFECT 31 (vertices=72, convex hull=54, v0=93894)
After retessellation of defect 31 (v0=93894), euler #=-31 (146712,438991,292248) : difference with theory (-30) = 1 
CORRECTING DEFECT 32 (vertices=128, convex hull=65, v0=96948)
After retessellation of defect 32 (v0=96948), euler #=-30 (146737,439094,292327) : difference with theory (-29) = 1 
CORRECTING DEFECT 33 (vertices=22, convex hull=39, v0=100494)
After retessellation of defect 33 (v0=100494), euler #=-29 (146743,439124,292352) : difference with theory (-28) = 1 
CORRECTING DEFECT 34 (vertices=39, convex hull=53, v0=101494)
After retessellation of defect 34 (v0=101494), euler #=-28 (146760,439197,292409) : difference with theory (-27) = 1 
CORRECTING DEFECT 35 (vertices=13, convex hull=14, v0=102832)
After retessellation of defect 35 (v0=102832), euler #=-27 (146764,439213,292422) : difference with theory (-26) = 1 
CORRECTING DEFECT 36 (vertices=10, convex hull=20, v0=104089)
After retessellation of defect 36 (v0=104089), euler #=-26 (146765,439222,292431) : difference with theory (-25) = 1 
CORRECTING DEFECT 37 (vertices=138, convex hull=102, v0=106391)
After retessellation of defect 37 (v0=106391), euler #=-24 (146792,439366,292550) : difference with theory (-24) = 0 
CORRECTING DEFECT 38 (vertices=159, convex hull=176, v0=108230)
After retessellation of defect 38 (v0=108230), euler #=-23 (146817,439519,292679) : difference with theory (-23) = 0 
CORRECTING DEFECT 39 (vertices=17, convex hull=30, v0=112388)
After retessellation of defect 39 (v0=112388), euler #=-22 (146821,439542,292699) : difference with theory (-22) = 0 
CORRECTING DEFECT 40 (vertices=23, convex hull=63, v0=114522)
After retessellation of defect 40 (v0=114522), euler #=-21 (146832,439603,292750) : difference with theory (-21) = 0 
CORRECTING DEFECT 41 (vertices=5, convex hull=25, v0=116252)
After retessellation of defect 41 (v0=116252), euler #=-20 (146833,439612,292759) : difference with theory (-20) = 0 
CORRECTING DEFECT 42 (vertices=801, convex hull=209, v0=117901)
After retessellation of defect 42 (v0=117901), euler #=-19 (146966,440113,293128) : difference with theory (-19) = 0 
CORRECTING DEFECT 43 (vertices=99, convex hull=62, v0=118861)
After retessellation of defect 43 (v0=118861), euler #=-18 (146982,440187,293187) : difference with theory (-18) = 0 
CORRECTING DEFECT 44 (vertices=28, convex hull=66, v0=124753)
After retessellation of defect 44 (v0=124753), euler #=-17 (146994,440248,293237) : difference with theory (-17) = 0 
CORRECTING DEFECT 45 (vertices=85, convex hull=48, v0=125389)
After retessellation of defect 45 (v0=125389), euler #=-16 (147005,440297,293276) : difference with theory (-16) = 0 
CORRECTING DEFECT 46 (vertices=35, convex hull=63, v0=125497)
After retessellation of defect 46 (v0=125497), euler #=-15 (147026,440384,293343) : difference with theory (-15) = 0 
CORRECTING DEFECT 47 (vertices=45, convex hull=97, v0=126160)
After retessellation of defect 47 (v0=126160), euler #=-14 (147047,440488,293427) : difference with theory (-14) = 0 
CORRECTING DEFECT 48 (vertices=63, convex hull=45, v0=126686)
After retessellation of defect 48 (v0=126686), euler #=-13 (147056,440530,293461) : difference with theory (-13) = 0 
CORRECTING DEFECT 49 (vertices=209, convex hull=135, v0=126862)
After retessellation of defect 49 (v0=126862), euler #=-12 (147097,440713,293604) : difference with theory (-12) = 0 
CORRECTING DEFECT 50 (vertices=13, convex hull=30, v0=130558)
After retessellation of defect 50 (v0=130558), euler #=-11 (147098,440725,293616) : difference with theory (-11) = 0 
CORRECTING DEFECT 51 (vertices=46, convex hull=99, v0=132278)
After retessellation of defect 51 (v0=132278), euler #=-10 (147123,440843,293710) : difference with theory (-10) = 0 
CORRECTING DEFECT 52 (vertices=1059, convex hull=320, v0=134674)
After retessellation of defect 52 (v0=134674), euler #=-9 (147317,441579,294253) : difference with theory (-9) = 0 
CORRECTING DEFECT 53 (vertices=62, convex hull=96, v0=135951)
After retessellation of defect 53 (v0=135951), euler #=-8 (147332,441666,294326) : difference with theory (-8) = 0 
CORRECTING DEFECT 54 (vertices=115, convex hull=38, v0=136948)
After retessellation of defect 54 (v0=136948), euler #=-7 (147340,441707,294360) : difference with theory (-7) = 0 
CORRECTING DEFECT 55 (vertices=82, convex hull=35, v0=137078)
After retessellation of defect 55 (v0=137078), euler #=-6 (147349,441747,294392) : difference with theory (-6) = 0 
CORRECTING DEFECT 56 (vertices=71, convex hull=61, v0=140625)
After retessellation of defect 56 (v0=140625), euler #=-5 (147365,441821,294451) : difference with theory (-5) = 0 
CORRECTING DEFECT 57 (vertices=700, convex hull=214, v0=145733)
After retessellation of defect 57 (v0=145733), euler #=-4 (147453,442203,294746) : difference with theory (-4) = 0 
CORRECTING DEFECT 58 (vertices=60, convex hull=40, v0=146355)
After retessellation of defect 58 (v0=146355), euler #=-3 (147460,442238,294775) : difference with theory (-3) = 0 
CORRECTING DEFECT 59 (vertices=565, convex hull=123, v0=146896)
After retessellation of defect 59 (v0=146896), euler #=-2 (147498,442415,294915) : difference with theory (-2) = 0 
CORRECTING DEFECT 60 (vertices=31, convex hull=72, v0=150437)
After retessellation of defect 60 (v0=150437), euler #=-1 (147513,442488,294974) : difference with theory (-1) = 0 
CORRECTING DEFECT 61 (vertices=14, convex hull=25, v0=151345)
After retessellation of defect 61 (v0=151345), euler #=0 (147513,442496,294983) : difference with theory (0) = 0 
CORRECTING DEFECT 62 (vertices=56, convex hull=38, v0=152384)
After retessellation of defect 62 (v0=152384), euler #=1 (147519,442527,295009) : difference with theory (1) = 0 
CORRECTING DEFECT 63 (vertices=217, convex hull=53, v0=153630)
normal vector of length zero at vertex 153982 with 3 faces
After retessellation of defect 63 (v0=153630), euler #=2 (147552,442650,295100) : difference with theory (2) = 0 
computing original vertex metric properties...
storing new metric properties...
computing tessellation statistics...
vertex spacing 0.89 +- 0.25 (0.05-->11.44) (max @ vno 73319 --> 84398)
face area -nan +- -nan (1000.00-->-1.00)
performing soap bubble on retessellated vertices for 0 iterations...
vertex spacing 0.89 +- 0.25 (0.05-->11.44) (max @ vno 73319 --> 84398)
face area -nan +- -nan (1000.00-->-1.00)
tessellation finished, orienting corrected surface...
221 mutations (35.0%), 410 crossovers (65.0%), 451 vertices were eliminated
building final representation...
6578 vertices and 0 faces have been removed from triangulation
after topology correction, eno=2 (nv=147552, nf=295100, ne=442650, g=0)
writing corrected surface to /out/sourcedata/freesurfer/sub-v1s21x0050403_ses-1/surf/lh.orig.premesh...

0.000 % of the vertices (0 vertices) exhibit an orientation change
removing intersecting faces
000: 636 intersecting
001: 82 intersecting
002: 30 intersecting
003: 4 intersecting
step 1 with no progress (num=10, old_num=4)
004: 10 intersecting
terminating search with 0 intersecting
topology fixing took 3.0 minutes
FSRUNTIME@ mris_fix_topology lh  0.0496 hours 16 threads
#VMPC# mris_fix_topology VmPeak  1870584

 mris_euler_number ../surf/lh.orig.premesh 

euler # = v-e+f = 2g-2: 147552 - 442650 + 295100 = 2 --> 0 holes
      F =2V-4:          295100 = 295104-4 (0)
      2E=3F:            885300 = 885300 (0)

total defect index = 0
Mon Mar  9 11:40:19 CET 2026

setenv SUBJECTS_DIR /out/sourcedata/freesurfer
cd /out/sourcedata/freesurfer/sub-v1s21x0050403_ses-1/scripts
/opt/freesurfer/bin/defect2seg --s sub-v1s21x0050403_ses-1 --lh-only --cortex

freesurfer-linux-ubuntu22_x86_64-7.3.2-20220804-6354275
defect2seg 7.3.2
Linux dna079 5.14.0-427.37.1.el9_4.x86_64 #1 SMP PREEMPT_DYNAMIC Fri Sep 13 12:41:50 EDT 2024 x86_64 x86_64 x86_64 GNU/Linux
pid 1330774
mri_label2label --label-cortex /out/sourcedata/freesurfer/sub-v1s21x0050403_ses-1/surf/lh.orig.nofix /out/sourcedata/freesurfer/sub-v1s21x0050403_ses-1/mri/aseg.presurf.mgz 0 /out/sourcedata/freesurfer/sub-v1s21x0050403_ses-1/label/lh.nofix.cortex.label

 Generating cortex label... RemoveHipAmgy=0
 NucAccIsMedialWall=0
 mris->useRealRAS=0
10 non-cortical segments detected
only using segment with 7726 vertices
erasing segment 1 (vno[0] = 64246)
erasing segment 2 (vno[0] = 79102)
erasing segment 3 (vno[0] = 100325)
erasing segment 4 (vno[0] = 100472)
erasing segment 5 (vno[0] = 101605)
erasing segment 6 (vno[0] = 102816)
erasing segment 7 (vno[0] = 103954)
erasing segment 8 (vno[0] = 105066)
erasing segment 9 (vno[0] = 106001)
mri_label2vol --defects /out/sourcedata/freesurfer/sub-v1s21x0050403_ses-1/surf/lh.orig.nofix /out/sourcedata/freesurfer/sub-v1s21x0050403_ses-1/surf/lh.defect_labels /out/sourcedata/freesurfer/sub-v1s21x0050403_ses-1/mri/orig.mgz 1000 0 /out/sourcedata/freesurfer/sub-v1s21x0050403_ses-1/mri/lh.surface.defects.mgz /out/sourcedata/freesurfer/sub-v1s21x0050403_ses-1/label/lh.nofix.cortex.label
mri_label2vol supposed to be reproducible but seed not set
Contraining to label /out/sourcedata/freesurfer/sub-v1s21x0050403_ses-1/label/lh.nofix.cortex.label
Changing input type 0 to MRI_INT
Converting defects to volume: offset=1000, merge=0
Writing to /out/sourcedata/freesurfer/sub-v1s21x0050403_ses-1/mri/lh.surface.defects.mgz
mris_defects_pointset -s /out/sourcedata/freesurfer/sub-v1s21x0050403_ses-1/surf/lh.orig.nofix -d /out/sourcedata/freesurfer/sub-v1s21x0050403_ses-1/surf/lh.defect_labels -o /out/sourcedata/freesurfer/sub-v1s21x0050403_ses-1/surf/lh.defects.pointset --label /out/sourcedata/freesurfer/sub-v1s21x0050403_ses-1/label/lh.nofix.cortex.label
Reading in surface /out/sourcedata/freesurfer/sub-v1s21x0050403_ses-1/surf/lh.orig.nofix
Reading in defect segmentation /out/sourcedata/freesurfer/sub-v1s21x0050403_ses-1/surf/lh.defect_labels
Reading in label /out/sourcedata/freesurfer/sub-v1s21x0050403_ses-1/label/lh.nofix.cortex.label
#VMPC# mris_defects_pointset 1380544
mris_defects_pointset done
 
Started at Mon Mar 9 11:40:19 CET 2026 
Ended   at Mon Mar  9 11:40:30 CET 2026
Defect2seg-Run-Time-Sec 11
Defect2seg-Run-Time-Min 0.22
Defect2seg-Run-Time-Hours 0.00
 
tkmeditfv sub-v1s21x0050403_ses-1 brain.finalsurfs.mgz -defect
defect2seg Done

 mris_remesh --remesh --iters 3 --input /out/sourcedata/freesurfer/sub-v1s21x0050403_ses-1/surf/lh.orig.premesh --output /out/sourcedata/freesurfer/sub-v1s21x0050403_ses-1/surf/lh.orig 

iters = 3
standard remeshing without target
   adjusted l: 0.712713
remeshing to edge length 0.712713 with 3 iterations

avg qual before   : 0.888678  after: 0.971126

Removing intersections
removing intersecting faces
000: 12 intersecting
terminating search with 0 intersecting
Remeshed surface quality stats nv0 = 147552  nv = 153332  1.03917
Area    306660  0.30416  0.03404 0.022949   0.4668
Corner  919980 60.00000  8.81507 10.948926 155.0864
Edge    459990  0.84609  0.08278 0.156994   1.2878
Hinge   459990  9.85814 10.63702 0.000015 143.9403
mris_remesh done
/out/sourcedata/freesurfer/sub-v1s21x0050403_ses-1/scripts

 mris_remove_intersection ../surf/lh.orig ../surf/lh.orig 

intersection removal took 0.00 hours
writing corrected surface to ../surf/lh.orig

 rm -f ../surf/lh.inflated 

#--------------------------------------------
#@# AutoDetGWStats lh Mon Mar  9 11:41:02 CET 2026
cd /out/sourcedata/freesurfer/sub-v1s21x0050403_ses-1/mri
mris_autodet_gwstats --o ../surf/autodet.gw.stats.lh.dat --i brain.finalsurfs.mgz --wm wm.mgz --surf ../surf/lh.orig.premesh
7.3.2

cd /out/sourcedata/freesurfer/sub-v1s21x0050403_ses-1/mri
setenv SUBJECTS_DIR /out/sourcedata/freesurfer
mris_autodet_gwstats --o ../surf/autodet.gw.stats.lh.dat --i brain.finalsurfs.mgz --wm wm.mgz --surf ../surf/lh.orig.premesh 

border white:    289578 voxels (1.73%)
border gray      336022 voxels (2.00%)
Reading in intensity volume brain.finalsurfs.mgz
Reading in wm volume wm.mgz
Reading in surf ../surf/lh.orig.premesh
Auto detecting stats
MRIclipBrightWM(): nthresh=21949, wmmin=5, clip=110 
Binarizing thresholding at 5
computing class statistics... low=30, hi=110.000000
CCS WM (96.0): 97.0 +- 7.9 [70.0 --> 110.0]
CCS GM (75.0) : 73.9 +- 10.6 [30.0 --> 110.0]
white_mean = 96.9593 +/- 7.8748, gray_mean = 73.8567 +/- 10.5821
using class modes intead of means, discounting robust sigmas....
MRIScomputeClassModes(): min=0 max=255 nbins=256
intensity peaks found at WM=99+-7.0,    GM=70+-7.8
white_mode = 99, gray_mode = 70
std_scale = 1
Applying sanity checks, max_scale_down = 0.2
setting MIN_GRAY_AT_WHITE_BORDER to 59.4 (was 70.000000)
setting MAX_BORDER_WHITE to 106.9 (was 105.000000)
setting MIN_BORDER_WHITE to 70.0 (was 85.000000)
setting MAX_CSF to 48.8 (was 40.000000)
setting MAX_GRAY to 91.1 (was 95.000000)
setting MAX_GRAY_AT_CSF_BORDER to 59.4 (was 75.000000)
setting MIN_GRAY_AT_CSF_BORDER to 38.3 (was 40.000000)
When placing the white surface
  white_border_hi   = 106.875;
  white_border_low  = 70;
  white_outside_low = 59.4179;
  white_inside_hi   = 120;
  white_outside_hi  = 106.875;
When placing the pial surface
  pial_border_hi   = 59.4179;
  pial_border_low  = 38.2537;
  pial_outside_low = 10;
  pial_inside_hi   = 91.1252;
  pial_outside_hi  = 54.1268;
#VMPC# mris_autodet_gwstats VmPeak  1408876
mris_autodet_gwstats done
#--------------------------------------------
#@# WhitePreAparc lh Mon Mar  9 11:41:04 CET 2026
cd /out/sourcedata/freesurfer/sub-v1s21x0050403_ses-1/mri
mris_place_surface --adgws-in ../surf/autodet.gw.stats.lh.dat --wm wm.mgz --threads 16 --invol brain.finalsurfs.mgz --lh --i ../surf/lh.orig --o ../surf/lh.white.preaparc --white --seg aseg.presurf.mgz --nsmooth 5
7.3.2
7.3.2

cd /out/sourcedata/freesurfer/sub-v1s21x0050403_ses-1/mri
setenv SUBJECTS_DIR /out/sourcedata/freesurfer
mris_place_surface --adgws-in ../surf/autodet.gw.stats.lh.dat --wm wm.mgz --threads 16 --invol brain.finalsurfs.mgz --lh --i ../surf/lh.orig --o ../surf/lh.white.preaparc --white --seg aseg.presurf.mgz --nsmooth 5 

Reading in input surface ../surf/lh.orig
Smoothing surface before ripping with 5 iterations
removing intersecting faces
000: 19 intersecting
step 1 with no progress (num=23, old_num=19)
001: 23 intersecting
002: 11 intersecting
003: 10 intersecting
step 1 with no progress (num=17, old_num=10)
004: 17 intersecting
step 2 with no progress (num=17, old_num=17)
005: 17 intersecting
step 3 with no progress (num=19, old_num=17)
006: 19 intersecting
007: 15 intersecting
step 1 with no progress (num=17, old_num=15)
008: 17 intersecting
step 2 with no progress (num=19, old_num=17)
009: 19 intersecting
010: 16 intersecting
step 1 with no progress (num=17, old_num=16)
011: 17 intersecting
step 2 with no progress (num=18, old_num=17)
012: 18 intersecting
013: 13 intersecting
step 1 with no progress (num=30, old_num=13)
014: 30 intersecting
015: 23 intersecting
016: 17 intersecting
017: 15 intersecting
018: 14 intersecting
019: 13 intersecting
step 1 with no progress (num=15, old_num=13)
020: 15 intersecting
021: 14 intersecting
step 1 with no progress (num=23, old_num=14)
022: 23 intersecting
step 2 with no progress (num=24, old_num=23)
023: 24 intersecting
024: 15 intersecting
step 1 with no progress (num=17, old_num=15)
025: 17 intersecting
026: 16 intersecting
step 1 with no progress (num=16, old_num=16)
027: 16 intersecting
step 2 with no progress (num=16, old_num=16)
028: 16 intersecting
step 3 with no progress (num=16, old_num=16)
029: 16 intersecting
step 4 with no progress (num=16, old_num=16)
030: 16 intersecting
step 5 with no progress (num=16, old_num=16)
031: 16 intersecting
step 6 with no progress (num=16, old_num=16)
032: 16 intersecting
step 7 with no progress (num=16, old_num=16)
033: 16 intersecting
step 8 with no progress (num=16, old_num=16)
034: 16 intersecting
step 9 with no progress (num=16, old_num=16)
035: 16 intersecting
step 10 with no progress (num=16, old_num=16)
036: 16 intersecting
step 11 with no progress (num=16, old_num=16)
037: 16 intersecting
step 12 with no progress (num=16, old_num=16)
038: 16 intersecting
step 13 with no progress (num=16, old_num=16)
039: 16 intersecting
step 14 with no progress (num=16, old_num=16)
040: 16 intersecting
step 15 with no progress (num=16, old_num=16)
041: 16 intersecting
step 16 with no progress (num=16, old_num=16)
terminating search with 10 intersecting
Area    306660  0.26876  0.06554 0.000000   0.5831
Corner  919980 60.00000  9.53274 0.002498 179.9908
Edge    459990  0.79081  0.11870 0.000128   1.3244
Hinge   459990  6.50462  6.87722 0.000014 179.8410
Not reading in aparc
Reading in input volume brain.finalsurfs.mgz
Reading in wm volume wm.mgz
MRIclipBrightWM(): nthresh=21949, wmmin=5, clip=110 
MRIfindBrightNonWM(): 3369 bright non-wm voxels segmented.
Masking bright non-wm for white surface
MRImask(): AllowDiffGeom = 1
MRImask(): AllowDiffGeom = 1
Reading in seg volume aseg.presurf.mgz
Ripping frozen voxels
INFO: rip surface needed but not specified, so using input surface
Freezing midline and others
Entering: MRISripMidline(): inhibiting deformation at non-cortical midline structures...
  which=1, fix_mtl=0, using annot = 0
#FML0# MRISripMidline(): nripped=0
removing 2 vertices from ripped group in thread:0
#FML# MRISripMidline(): nmarked=6512, nmarked2=163, nripped=6512
Ripping segs (eg, WMSA, BG, frozen)
Starting MRISripSegs() d = (-2 2 0.5) segnos: 247 
MRISripSegs(): -2 2 0.5 ripped 0
vertex 76666: xyz = (-60.9729,6.37962,9.89366) oxyz = (-60.9729,6.37962,9.89366) wxzy = (-60.9729,6.37962,9.89366) pxyz = (0,0,0) 
CBVO Creating mask 153332
n_averages 4
Iteration 0 =========================================
n_averages=4, current_sigma=2
Freezing midline and others
Ripping frozen voxels
INFO: rip surface needed but not specified, so using input surface
Freezing midline and others
Entering: MRISripMidline(): inhibiting deformation at non-cortical midline structures...
  which=1, fix_mtl=0, using annot = 0
#FML0# MRISripMidline(): nripped=6512
removing 2 vertices from ripped group in thread:0
#FML# MRISripMidline(): nmarked=6512, nmarked2=163, nripped=6512
Ripping segs (eg, WMSA, BG, frozen)
Starting MRISripSegs() d = (-2 2 0.5) segnos: 247 247 
MRISripSegs(): -2 2 0.5 ripped 0
Computing target border values 
Entering MRIScomputeBorderValues_new(): 
  inside_hi   = 120.0000000;
  border_hi   = 106.8747940;
  border_low  =  70.0000000;
  outside_low =  59.4178920;
  outside_hi  = 106.8747940;
  sigma = 2;
  max_thickness = 10;
  step_size=0.5;
  STEP_SIZE=0.1;
  which = 1
  thresh = 0
  flags = 0
  CBVfindFirstPeakD1=0
  CBVfindFirstPeakD2=0
  nvertices=153332
  Gdiag_no=-1
  vno start=0, stop=153332
Replacing 255s with 0s
#SI# sigma=2 had to be increased for 231 vertices, nripped=6512
mean border=81.1, 159 (159) missing vertices, mean dist 0.3 [0.6 (%34.5)->0.8 (%65.5))]
%68 local maxima, %28 large gradients and % 0 min vals, 0 gradients ignored
nFirstPeakD1 0
MRIScomputeBorderValues_new() finished in 0.0114 min


Finding expansion regions
mean absolute distance = 0.74 +- 0.92
5633 vertices more than 2 sigmas from mean.
Averaging target values for 5 iterations...
Positioning Surface: tspring = 0.3, nspring = 0.3, spring = 0, niters = 100 l_repulse = 5, l_surf_repulse = 0, checktol = 0
Positioning pial surface
Entering MRISpositionSurface()
  max_mm = 0.3
  MAX_REDUCTIONS = 2, REDUCTION_PCT = 0.5
  parms->check_tol = 0, niterations = 100
tol=1.0e-04, sigma=2.0, host=dna07, nav=4, nbrs=2, l_repulse=5.000, l_tspring=0.300, l_nspring=0.300, l_intensity=0.200, l_curv=1.000
mom=0.00, dt=0.50
complete_dist_mat 0
rms 0
smooth_averages 0
remove_neg 0
ico_order 0
which_surface 0
target_radius 0.000000
nfields 0
scale 0.000000
desired_rms_height 0.000000
momentum 0.000000
nbhd_size 0
max_nbrs 0
niterations 100
nsurfaces 0
SURFACES 3
flags 0 (0)
use curv 0
no sulc 0
no rigid align 0
mris->nsize 2
mris->hemisphere 0
randomSeed 0

000: dt: 0.0000, sse=3555341.5, rms=9.536
001: dt: 0.5000, sse=2332050.8, rms=7.034 (26.237%)
002: dt: 0.5000, sse=1536233.9, rms=5.554 (21.051%)
003: dt: 0.5000, sse=1033347.8, rms=4.639 (16.477%)
rms = 4.0103/4.6385, sse=1100972.7/1033347.8, time step reduction 1 of 3 to 0.250  0 1 0
004: dt: 0.5000, sse=1100972.8, rms=4.010 (13.542%)
005: dt: 0.2500, sse=895355.5, rms=2.992 (25.386%)
006: dt: 0.2500, sse=823593.1, rms=2.547 (14.869%)
007: dt: 0.2500, sse=781833.7, rms=2.233 (12.350%)
008: dt: 0.2500, sse=461237.5, rms=2.000 (10.439%)
rms = 1.8325/1.9997, sse=735992.0/461237.5, time step reduction 2 of 3 to 0.125  0 1 0
009: dt: 0.2500, sse=735992.0, rms=1.833 (8.358%)
010: dt: 0.1250, sse=726903.0, rms=1.736 (5.255%)
011: dt: 0.1250, sse=722427.0, rms=1.686 (2.909%)
rms = 1.6399/1.6857, sse=716724.3/722427.0, time step reduction 3 of 3 to 0.062  0 0 1
012: dt: 0.1250, sse=716724.2, rms=1.640 (2.717%)
  maximum number of reductions reached, breaking from loop
positioning took 1.1 minutes
Iteration 1 =========================================
n_averages=2, current_sigma=1
Freezing midline and others
Ripping frozen voxels
INFO: rip surface needed but not specified, so using input surface
Freezing midline and others
Entering: MRISripMidline(): inhibiting deformation at non-cortical midline structures...
  which=1, fix_mtl=0, using annot = 0
#FML0# MRISripMidline(): nripped=6512
removing 2 vertices from ripped group in thread:0
removing 4 vertices from ripped group in thread:0
removing 1 vertices from ripped group in thread:0
removing 4 vertices from ripped group in thread:0
removing 2 vertices from ripped group in thread:0
#FML# MRISripMidline(): nmarked=6938, nmarked2=230, nripped=6938
Ripping segs (eg, WMSA, BG, frozen)
Starting MRISripSegs() d = (-2 2 0.5) segnos: 247 247 247 
MRISripSegs(): -2 2 0.5 ripped 0
Computing target border values 
Entering MRIScomputeBorderValues_new(): 
  inside_hi   = 120.0000000;
  border_hi   = 106.8747940;
  border_low  =  70.0000000;
  outside_low =  59.4178920;
  outside_hi  = 106.8747940;
  sigma = 1;
  max_thickness = 10;
  step_size=0.5;
  STEP_SIZE=0.1;
  which = 1
  thresh = 0
  flags = 0
  CBVfindFirstPeakD1=0
  CBVfindFirstPeakD2=0
  nvertices=153332
  Gdiag_no=-1
  vno start=0, stop=153332
Replacing 255s with 0s
#SI# sigma=1 had to be increased for 167 vertices, nripped=6938
mean border=83.4, 150 (68) missing vertices, mean dist -0.2 [0.4 (%66.3)->0.3 (%33.7))]
%74 local maxima, %21 large gradients and % 0 min vals, 0 gradients ignored
nFirstPeakD1 0
MRIScomputeBorderValues_new() finished in 0.0087 min


Finding expansion regions
mean absolute distance = 0.39 +- 0.70
4720 vertices more than 2 sigmas from mean.
Averaging target values for 5 iterations...
Positioning Surface: tspring = 0.3, nspring = 0.3, spring = 0, niters = 100 l_repulse = 5, l_surf_repulse = 0, checktol = 0
Positioning pial surface
Entering MRISpositionSurface()
  max_mm = 0.3
  MAX_REDUCTIONS = 2, REDUCTION_PCT = 0.5
  parms->check_tol = 0, niterations = 100
tol=1.0e-04, sigma=1.0, host=dna07, nav=2, nbrs=2, l_repulse=5.000, l_tspring=0.300, l_nspring=0.300, l_intensity=0.200, l_curv=1.000
mom=0.00, dt=0.50
000: dt: 0.0000, sse=1146494.0, rms=3.955
013: dt: 0.5000, sse=890514.2, rms=2.627 (33.561%)
014: dt: 0.5000, sse=869448.1, rms=2.485 (5.410%)
rms = 2.4960/2.4852, sse=870785.7/869448.1, time step reduction 1 of 3 to 0.250  0 1 1
   RMS increased, rejecting step
015: dt: 0.2500, sse=787629.8, rms=1.834 (26.198%)
016: dt: 0.2500, sse=752371.0, rms=1.463 (20.262%)
017: dt: 0.2500, sse=748415.6, rms=1.369 (6.360%)
018: dt: 0.2500, sse=743299.6, rms=1.290 (5.818%)
rms = 1.2678/1.2898, sse=737206.3/743299.6, time step reduction 2 of 3 to 0.125  0 0 1
019: dt: 0.2500, sse=737206.3, rms=1.268 (1.705%)
020: dt: 0.1250, sse=733672.9, rms=1.208 (4.734%)
rms = 1.1923/1.2078, sse=732251.2/733673.0, time step reduction 3 of 3 to 0.062  0 0 1
021: dt: 0.1250, sse=732251.2, rms=1.192 (1.280%)
  maximum number of reductions reached, breaking from loop
positioning took 0.9 minutes
Iteration 2 =========================================
n_averages=1, current_sigma=0.5
Freezing midline and others
Ripping frozen voxels
INFO: rip surface needed but not specified, so using input surface
Freezing midline and others
Entering: MRISripMidline(): inhibiting deformation at non-cortical midline structures...
  which=1, fix_mtl=0, using annot = 0
#FML0# MRISripMidline(): nripped=6938
removing 2 vertices from ripped group in thread:0
removing 2 vertices from ripped group in thread:0
#FML# MRISripMidline(): nmarked=7017, nmarked2=229, nripped=7017
Ripping segs (eg, WMSA, BG, frozen)
Starting MRISripSegs() d = (-2 2 0.5) segnos: 247 247 247 247 
MRISripSegs(): -2 2 0.5 ripped 0
Computing target border values 
Entering MRIScomputeBorderValues_new(): 
  inside_hi   = 120.0000000;
  border_hi   = 106.8747940;
  border_low  =  70.0000000;
  outside_low =  59.4178920;
  outside_hi  = 106.8747940;
  sigma = 0.5;
  max_thickness = 10;
  step_size=0.5;
  STEP_SIZE=0.1;
  which = 1
  thresh = 0
  flags = 0
  CBVfindFirstPeakD1=0
  CBVfindFirstPeakD2=0
  nvertices=153332
  Gdiag_no=-1
  vno start=0, stop=153332
Replacing 255s with 0s
#SI# sigma=0.5 had to be increased for 226 vertices, nripped=7017
mean border=84.9, 150 (45) missing vertices, mean dist -0.1 [0.4 (%61.9)->0.3 (%38.1))]
%80 local maxima, %15 large gradients and % 0 min vals, 0 gradients ignored
nFirstPeakD1 0
MRIScomputeBorderValues_new() finished in 0.0050 min


Finding expansion regions
mean absolute distance = 0.32 +- 0.54
4913 vertices more than 2 sigmas from mean.
Averaging target values for 5 iterations...
Positioning Surface: tspring = 0.3, nspring = 0.3, spring = 0, niters = 100 l_repulse = 5, l_surf_repulse = 0, checktol = 0
Positioning pial surface
Entering MRISpositionSurface()
  max_mm = 0.3
  MAX_REDUCTIONS = 2, REDUCTION_PCT = 0.5
  parms->check_tol = 0, niterations = 100
tol=1.0e-04, sigma=0.5, host=dna07, nav=1, nbrs=2, l_repulse=5.000, l_tspring=0.300, l_nspring=0.300, l_intensity=0.200, l_curv=1.000
mom=0.00, dt=0.50
000: dt: 0.0000, sse=883953.5, rms=2.579
022: dt: 0.5000, sse=818790.9, rms=2.094 (18.787%)
rms = 2.1532/2.0945, sse=825531.0/818790.9, time step reduction 1 of 3 to 0.250  0 1 1
   RMS increased, rejecting step
023: dt: 0.2500, sse=757766.9, rms=1.517 (27.554%)
024: dt: 0.2500, sse=734234.4, rms=1.224 (19.316%)
025: dt: 0.2500, sse=732087.6, rms=1.161 (5.180%)
rms = 1.1358/1.1609, sse=728888.2/732087.6, time step reduction 2 of 3 to 0.125  0 0 1
026: dt: 0.2500, sse=728888.2, rms=1.136 (2.159%)
rms = 1.0882/1.1358, sse=724506.9/728888.2, time step reduction 3 of 3 to 0.062  0 0 1
027: dt: 0.1250, sse=724506.9, rms=1.088 (4.195%)
  maximum number of reductions reached, breaking from loop
positioning took 0.6 minutes
Iteration 3 =========================================
n_averages=0, current_sigma=0.25
Freezing midline and others
Ripping frozen voxels
INFO: rip surface needed but not specified, so using input surface
Freezing midline and others
Entering: MRISripMidline(): inhibiting deformation at non-cortical midline structures...
  which=1, fix_mtl=0, using annot = 0
#FML0# MRISripMidline(): nripped=7017
removing 4 vertices from ripped group in thread:0
removing 4 vertices from ripped group in thread:0
removing 2 vertices from ripped group in thread:0
removing 3 vertices from ripped group in thread:0
#FML# MRISripMidline(): nmarked=7061, nmarked2=230, nripped=7061
Ripping segs (eg, WMSA, BG, frozen)
Starting MRISripSegs() d = (-2 2 0.5) segnos: 247 247 247 247 247 
MRISripSegs(): -2 2 0.5 ripped 0
Computing target border values 
Entering MRIScomputeBorderValues_new(): 
  inside_hi   = 120.0000000;
  border_hi   = 106.8747940;
  border_low  =  70.0000000;
  outside_low =  59.4178920;
  outside_hi  = 106.8747940;
  sigma = 0.25;
  max_thickness = 10;
  step_size=0.5;
  STEP_SIZE=0.1;
  which = 1
  thresh = 0
  flags = 0
  CBVfindFirstPeakD1=0
  CBVfindFirstPeakD2=0
  nvertices=153332
  Gdiag_no=-1
  vno start=0, stop=153332
Replacing 255s with 0s
#SI# sigma=0.25 had to be increased for 248 vertices, nripped=7061
mean border=85.5, 197 (36) missing vertices, mean dist -0.1 [0.3 (%54.0)->0.3 (%46.0))]
%84 local maxima, %12 large gradients and % 0 min vals, 0 gradients ignored
nFirstPeakD1 0
MRIScomputeBorderValues_new() finished in 0.0032 min


Finding expansion regions
mean absolute distance = 0.30 +- 0.46
4727 vertices more than 2 sigmas from mean.
Averaging target values for 5 iterations...
Positioning Surface: tspring = 0.3, nspring = 0.3, spring = 0, niters = 100 l_repulse = 5, l_surf_repulse = 0, checktol = 0
Positioning pial surface
Entering MRISpositionSurface()
  max_mm = 0.3
  MAX_REDUCTIONS = 2, REDUCTION_PCT = 0.5
  parms->check_tol = 0, niterations = 100
tol=1.0e-04, sigma=0.2, host=dna07, nav=0, nbrs=2, l_repulse=5.000, l_tspring=0.300, l_nspring=0.300, l_intensity=0.200, l_curv=1.000
mom=0.00, dt=0.50
000: dt: 0.0000, sse=763508.6, rms=1.601
028: dt: 0.5000, sse=751592.9, rms=1.427 (10.855%)
rms = 1.7638/1.4275, sse=778658.4/751592.9, time step reduction 1 of 3 to 0.250  0 1 1
   RMS increased, rejecting step
029: dt: 0.2500, sse=719081.0, rms=1.017 (28.756%)
030: dt: 0.2500, sse=714766.1, rms=0.951 (6.448%)
031: dt: 0.2500, sse=711023.6, rms=0.898 (5.620%)
rms = 0.9473/0.8980, sse=713647.6/711023.6, time step reduction 2 of 3 to 0.125  0 1 1
   RMS increased, rejecting step
rms = 0.8664/0.8980, sse=709276.3/711023.6, time step reduction 3 of 3 to 0.062  0 0 1
032: dt: 0.1250, sse=709276.3, rms=0.866 (3.510%)
  maximum number of reductions reached, breaking from loop
positioning took 0.5 minutes
removing intersecting faces
000: 7 intersecting
step 1 with no progress (num=8, old_num=7)
001: 8 intersecting
step 2 with no progress (num=21, old_num=8)
002: 21 intersecting
003: 20 intersecting
step 1 with no progress (num=21, old_num=20)
004: 21 intersecting
005: 16 intersecting
006: 6 intersecting
step 1 with no progress (num=11, old_num=6)
007: 11 intersecting
step 2 with no progress (num=15, old_num=11)
008: 15 intersecting
step 3 with no progress (num=15, old_num=15)
009: 15 intersecting
step 4 with no progress (num=18, old_num=15)
010: 18 intersecting
step 5 with no progress (num=18, old_num=18)
011: 18 intersecting
012: 15 intersecting
013: 7 intersecting
step 1 with no progress (num=10, old_num=7)
014: 10 intersecting
step 2 with no progress (num=14, old_num=10)
015: 14 intersecting
step 3 with no progress (num=16, old_num=14)
016: 16 intersecting
017: 12 intersecting
step 1 with no progress (num=28, old_num=12)
018: 28 intersecting
step 2 with no progress (num=31, old_num=28)
019: 31 intersecting
020: 13 intersecting
step 1 with no progress (num=15, old_num=13)
021: 15 intersecting
step 2 with no progress (num=16, old_num=15)
022: 16 intersecting
step 3 with no progress (num=18, old_num=16)
023: 18 intersecting
024: 13 intersecting
step 1 with no progress (num=27, old_num=13)
025: 27 intersecting
026: 20 intersecting
step 1 with no progress (num=23, old_num=20)
027: 23 intersecting
step 2 with no progress (num=26, old_num=23)
028: 26 intersecting
step 3 with no progress (num=27, old_num=26)
029: 27 intersecting
step 4 with no progress (num=27, old_num=27)
030: 27 intersecting
step 5 with no progress (num=27, old_num=27)
031: 27 intersecting
step 6 with no progress (num=27, old_num=27)
032: 27 intersecting
step 7 with no progress (num=27, old_num=27)
033: 27 intersecting
step 8 with no progress (num=27, old_num=27)
034: 27 intersecting
step 9 with no progress (num=27, old_num=27)
035: 27 intersecting
step 10 with no progress (num=27, old_num=27)
036: 27 intersecting
step 11 with no progress (num=27, old_num=27)
037: 27 intersecting
step 12 with no progress (num=27, old_num=27)
038: 27 intersecting
step 13 with no progress (num=27, old_num=27)
039: 27 intersecting
step 14 with no progress (num=27, old_num=27)
040: 27 intersecting
step 15 with no progress (num=27, old_num=27)
041: 27 intersecting
step 16 with no progress (num=27, old_num=27)
terminating search with 6 intersecting


Writing output to ../surf/lh.white.preaparc
#ET# mris_place_surface  4.16 minutes
#VMPC# mris_place_surfaces VmPeak  3467080
mris_place_surface done
#--------------------------------------------
#@# CortexLabel lh Mon Mar  9 11:46:14 CET 2026
cd /out/sourcedata/freesurfer/sub-v1s21x0050403_ses-1/mri
mri_label2label --label-cortex ../surf/lh.white.preaparc aseg.presurf.mgz 0 ../label/lh.cortex.label

 Generating cortex label... RemoveHipAmgy=0
 NucAccIsMedialWall=0
 mris->useRealRAS=0
3 non-cortical segments detected
only using segment with 8017 vertices
erasing segment 1 (vno[0] = 84321)
erasing segment 2 (vno[0] = 92280)
#--------------------------------------------
#@# CortexLabel+HipAmyg lh Mon Mar  9 11:46:25 CET 2026
cd /out/sourcedata/freesurfer/sub-v1s21x0050403_ses-1/mri
mri_label2label --label-cortex ../surf/lh.white.preaparc aseg.presurf.mgz 1 ../label/lh.cortex+hipamyg.label

 Generating cortex label... RemoveHipAmgy=1
 NucAccIsMedialWall=0
 mris->useRealRAS=0
5 non-cortical segments detected
only using segment with 5859 vertices
erasing segment 1 (vno[0] = 73013)
erasing segment 2 (vno[0] = 84321)
erasing segment 3 (vno[0] = 92280)
erasing segment 4 (vno[0] = 125860)
#--------------------------------------------
#@# Smooth2 lh Mon Mar  9 11:46:36 CET 2026
/out/sourcedata/freesurfer/sub-v1s21x0050403_ses-1/scripts

 mris_smooth -n 3 -nw -seed 1234 ../surf/lh.white.preaparc ../surf/lh.smoothwm 

smoothing for 3 iterations
setting seed for random number generator to 1234
smoothing surface tessellation for 3 iterations...
smoothing complete - recomputing first and second fundamental forms...
#--------------------------------------------
#@# Inflation2 lh Mon Mar  9 11:46:38 CET 2026
/out/sourcedata/freesurfer/sub-v1s21x0050403_ses-1/scripts

 mris_inflate ../surf/lh.smoothwm ../surf/lh.inflated 

Reading ../surf/lh.smoothwm
avg radius = 49.1 mm, total surface area = 94932 mm^2
step 000: RMS=0.173 (target=0.015)   step 005: RMS=0.117 (target=0.015)   step 010: RMS=0.090 (target=0.015)   step 015: RMS=0.075 (target=0.015)   step 020: RMS=0.063 (target=0.015)   step 025: RMS=0.053 (target=0.015)   step 030: RMS=0.044 (target=0.015)   step 035: RMS=0.038 (target=0.015)   step 040: RMS=0.032 (target=0.015)   step 045: RMS=0.029 (target=0.015)   step 050: RMS=0.027 (target=0.015)   step 055: RMS=0.025 (target=0.015)   step 060: RMS=0.023 (target=0.015)   writing inflated surface to ../surf/lh.inflated
writing sulcal depths to ../surf/lh.sulc

inflation complete.
inflation took 0.2 minutes
mris_inflate utimesec    54.930855
mris_inflate stimesec    1.591342
mris_inflate ru_maxrss   234608
mris_inflate ru_ixrss    0
mris_inflate ru_idrss    0
mris_inflate ru_isrss    0
mris_inflate ru_minflt   453395
mris_inflate ru_majflt   23
mris_inflate ru_nswap    0
mris_inflate ru_inblock  130
mris_inflate ru_oublock  11992
mris_inflate ru_msgsnd   0
mris_inflate ru_msgrcv   0
mris_inflate ru_nsignals 0
mris_inflate ru_nvcsw    5195
mris_inflate ru_nivcsw   6030
#--------------------------------------------
#@# Curv .H and .K lh Mon Mar  9 11:46:51 CET 2026
/out/sourcedata/freesurfer/sub-v1s21x0050403_ses-1/surf

 mris_curvature -w -seed 1234 lh.white.preaparc 

setting seed for random number generator to 1234
total integrated curvature = 47.352*4pi (595.045) --> -46 handles
ICI = 232.7, FI = 1852.0, variation=30509.488
writing Gaussian curvature to ./lh.white.preaparc.K...done.
writing mean curvature to ./lh.white.preaparc.H...done.
rm -f lh.white.H
ln -s lh.white.preaparc.H lh.white.H
rm -f lh.white.K
ln -s lh.white.preaparc.K lh.white.K

 mris_curvature -seed 1234 -thresh .999 -n -a 5 -w -distances 10 10 lh.inflated 

setting seed for random number generator to 1234
normalizing curvature values.
averaging curvature patterns 5 times.
sampling 10 neighbors out to a distance of 10 mm
200 vertices thresholded to be in k1 ~ [-0.54 0.78], k2 ~ [-0.19 0.18]
total integrated curvature = 0.136*4pi (1.708) --> 1 handles
ICI = 1.5, FI = 12.1, variation=199.834
160 vertices thresholded to be in [-0.03 0.04]
writing Gaussian curvature to ./lh.inflated.K...thresholding curvature at 99.90% level
curvature mean = 0.000, std = 0.002
162 vertices thresholded to be in [-0.24 0.33]
done.
writing mean curvature to ./lh.inflated.H...curvature mean = -0.016, std = 0.026
done.
#--------------------------------------------
#@# Sphere lh Mon Mar  9 11:47:33 CET 2026
/out/sourcedata/freesurfer/sub-v1s21x0050403_ses-1/scripts

 mris_sphere -seed 1234 ../surf/lh.inflated ../surf/lh.sphere 

setting seed for random number genererator to 1234
version: 7.3.2
available threads: 16
reading original vertex positions...
projecting onto sphere...
surface projected - minimizing metric distortion...
scaling brain by 0.267...
MRISunfold() max_passes = 1 -------
tol=5.0e-01, sigma=0.0, host=dna07, nav=1024, nbrs=2, l_area=1.000, l_dist=1.000
using quadratic fit line minimization
complete_dist_mat 0
rms 0
smooth_averages 0
remove_neg 0
ico_order 0
which_surface 0
target_radius 0.000000
nfields 0
scale 1.000000
desired_rms_height -1.000000
momentum 0.900000
nbhd_size 7
max_nbrs 8
niterations 25
nsurfaces 0
SURFACES 3
flags 0 (0)
use curv 0
no sulc 0
no rigid align 0
mris->nsize 2
mris->hemisphere 0
randomSeed 1234

--------------------
  mrisRemoveNegativeArea()
pass 1: epoch 1 of 3 starting distance error %21.86
pass 1: epoch 2 of 3 starting distance error %21.84
unfolding complete - removing small folds...
starting distance error %21.76
removing remaining folds...
final distance error %21.80
MRISunfold() return, current seed 1234
-01: dt=0.0000,  55 negative triangles  VmPeak 2369832
215: dt=0.9900,  55 negative triangles
216: dt=0.9900,  35 negative triangles
217: dt=0.9900,  32 negative triangles
218: dt=0.9900,  32 negative triangles
219: dt=0.9900,  31 negative triangles
220: dt=0.9900,  31 negative triangles
221: dt=0.9900,  31 negative triangles
222: dt=0.9900,  32 negative triangles
223: dt=0.9900,  30 negative triangles
224: dt=0.9900,  31 negative triangles
225: dt=0.9900,  29 negative triangles
226: dt=0.9900,  28 negative triangles
227: dt=0.9900,  26 negative triangles
228: dt=0.9900,  26 negative triangles
229: dt=0.9900,  26 negative triangles
230: dt=0.9900,  26 negative triangles
231: dt=0.9900,  26 negative triangles
232: dt=0.9900,  26 negative triangles
233: dt=0.9900,  26 negative triangles
234: dt=0.9900,  26 negative triangles
235: dt=0.9900,  26 negative triangles
236: dt=0.9900,  26 negative triangles
237: dt=0.9405,  26 negative triangles
238: dt=0.9405,  26 negative triangles
239: dt=0.9405,  26 negative triangles
240: dt=0.9405,  26 negative triangles
241: dt=0.9405,  26 negative triangles
242: dt=0.9405,  27 negative triangles
243: dt=0.9405,  27 negative triangles
244: dt=0.9405,  27 negative triangles
245: dt=0.9405,  27 negative triangles
246: dt=0.9405,  27 negative triangles
247: dt=0.8935,  27 negative triangles
248: dt=0.8935,  27 negative triangles
249: dt=0.8935,  27 negative triangles
250: dt=0.8935,  27 negative triangles
251: dt=0.8935,  27 negative triangles
252: dt=0.8935,  27 negative triangles
253: dt=0.8935,  27 negative triangles
254: dt=0.8935,  28 negative triangles
255: dt=0.8935,  28 negative triangles
256: dt=0.8935,  28 negative triangles
257: dt=0.8488,  28 negative triangles
258: dt=0.8488,  28 negative triangles
259: dt=0.8488,  28 negative triangles
260: dt=0.8488,  29 negative triangles
261: dt=0.8488,  27 negative triangles
262: dt=0.8488,  28 negative triangles
263: dt=0.8488,  27 negative triangles
264: dt=0.8488,  29 negative triangles
265: dt=0.8488,  27 negative triangles
266: dt=0.8488,  28 negative triangles
267: dt=0.8064,  27 negative triangles
268: dt=0.8064,  28 negative triangles
269: dt=0.8064,  27 negative triangles
270: dt=0.8064,  28 negative triangles
271: dt=0.8064,  27 negative triangles
272: dt=0.8064,  30 negative triangles
273: dt=0.8064,  27 negative triangles
274: dt=0.8064,  27 negative triangles
275: dt=0.8064,  28 negative triangles
276: dt=0.8064,  28 negative triangles
277: dt=0.7660,  28 negative triangles
expanding nbhd size to 1
278: dt=0.9900,  29 negative triangles
279: dt=0.9900,  30 negative triangles
280: dt=0.9900,  28 negative triangles
281: dt=0.9900,  31 negative triangles
282: dt=0.9900,  31 negative triangles
283: dt=0.9900,  27 negative triangles
284: dt=0.9900,  27 negative triangles
285: dt=0.9900,  29 negative triangles
286: dt=0.9900,  26 negative triangles
287: dt=0.9900,  24 negative triangles
288: dt=0.9900,  23 negative triangles
289: dt=0.9900,  25 negative triangles
290: dt=0.9900,  25 negative triangles
291: dt=0.9900,  26 negative triangles
292: dt=0.9900,  25 negative triangles
293: dt=0.9900,  26 negative triangles
294: dt=0.9900,  26 negative triangles
295: dt=0.9900,  26 negative triangles
296: dt=0.9900,  26 negative triangles
297: dt=0.9900,  27 negative triangles
298: dt=0.9405,  27 negative triangles
299: dt=0.9405,  27 negative triangles
300: dt=0.9405,  27 negative triangles
301: dt=0.9405,  27 negative triangles
302: dt=0.9405,  27 negative triangles
303: dt=0.9405,  27 negative triangles
304: dt=0.9405,  27 negative triangles
305: dt=0.9405,  27 negative triangles
306: dt=0.9405,  27 negative triangles
307: dt=0.9405,  27 negative triangles
308: dt=0.8935,  27 negative triangles
309: dt=0.8935,  27 negative triangles
310: dt=0.8935,  27 negative triangles
311: dt=0.8935,  27 negative triangles
312: dt=0.8935,  27 negative triangles
313: dt=0.8935,  26 negative triangles
314: dt=0.8935,  26 negative triangles
315: dt=0.8935,  27 negative triangles
316: dt=0.8935,  27 negative triangles
317: dt=0.8935,  27 negative triangles
318: dt=0.8488,  27 negative triangles
319: dt=0.8488,  26 negative triangles
320: dt=0.8488,  25 negative triangles
321: dt=0.8488,  26 negative triangles
322: dt=0.8488,  26 negative triangles
323: dt=0.8488,  26 negative triangles
324: dt=0.8488,  26 negative triangles
325: dt=0.8488,  26 negative triangles
326: dt=0.8488,  26 negative triangles
327: dt=0.8488,  26 negative triangles
328: dt=0.8064,  26 negative triangles
329: dt=0.8064,  26 negative triangles
330: dt=0.8064,  26 negative triangles
331: dt=0.8064,  26 negative triangles
332: dt=0.8064,  26 negative triangles
333: dt=0.8064,  26 negative triangles
334: dt=0.8064,  26 negative triangles
335: dt=0.8064,  27 negative triangles
336: dt=0.8064,  27 negative triangles
337: dt=0.8064,  27 negative triangles
338: dt=0.7660,  27 negative triangles
339: dt=0.7660,  27 negative triangles
340: dt=0.7660,  27 negative triangles
341: dt=0.7660,  27 negative triangles
342: dt=0.7660,  28 negative triangles
343: dt=0.7660,  28 negative triangles
344: dt=0.7660,  28 negative triangles
345: dt=0.7660,  28 negative triangles
346: dt=0.7660,  28 negative triangles
347: dt=0.7660,  28 negative triangles
348: dt=0.7277,  28 negative triangles
349: dt=0.7277,  28 negative triangles
350: dt=0.7277,  28 negative triangles
351: dt=0.7277,  27 negative triangles
352: dt=0.7277,  28 negative triangles
353: dt=0.7277,  28 negative triangles
354: dt=0.7277,  28 negative triangles
355: dt=0.7277,  28 negative triangles
356: dt=0.7277,  28 negative triangles
357: dt=0.7277,  27 negative triangles
358: dt=0.6914,  26 negative triangles
359: dt=0.6914,  27 negative triangles
360: dt=0.6914,  27 negative triangles
361: dt=0.6914,  27 negative triangles
362: dt=0.6914,  26 negative triangles
363: dt=0.6914,  27 negative triangles
364: dt=0.6914,  27 negative triangles
365: dt=0.6914,  27 negative triangles
366: dt=0.6914,  27 negative triangles
367: dt=0.6914,  26 negative triangles
368: dt=0.6568,  27 negative triangles
369: dt=0.6568,  28 negative triangles
370: dt=0.6568,  27 negative triangles
371: dt=0.6568,  27 negative triangles
372: dt=0.6568,  27 negative triangles
373: dt=0.6568,  26 negative triangles
374: dt=0.6568,  26 negative triangles
375: dt=0.6568,  27 negative triangles
376: dt=0.6568,  26 negative triangles
377: dt=0.6568,  27 negative triangles
378: dt=0.6239,  27 negative triangles
379: dt=0.6239,  26 negative triangles
380: dt=0.6239,  26 negative triangles
381: dt=0.6239,  27 negative triangles
382: dt=0.6239,  27 negative triangles
383: dt=0.6239,  26 negative triangles
384: dt=0.6239,  27 negative triangles
385: dt=0.6239,  28 negative triangles
386: dt=0.6239,  27 negative triangles
387: dt=0.6239,  26 negative triangles
388: dt=0.5927,  27 negative triangles
389: dt=0.5927,  26 negative triangles
390: dt=0.5927,  27 negative triangles
391: dt=0.5927,  28 negative triangles
392: dt=0.5927,  27 negative triangles
393: dt=0.5927,  27 negative triangles
394: dt=0.5927,  27 negative triangles
395: dt=0.5927,  26 negative triangles
396: dt=0.5927,  27 negative triangles
397: dt=0.5927,  26 negative triangles
398: dt=0.5631,  26 negative triangles
399: dt=0.5631,  27 negative triangles
400: dt=0.5631,  26 negative triangles
401: dt=0.5631,  27 negative triangles
402: dt=0.5631,  29 negative triangles
403: dt=0.5631,  27 negative triangles
404: dt=0.5631,  27 negative triangles
405: dt=0.5631,  25 negative triangles
406: dt=0.5631,  25 negative triangles
407: dt=0.5631,  25 negative triangles
408: dt=0.5350,  25 negative triangles
409: dt=0.5350,  26 negative triangles
410: dt=0.5350,  26 negative triangles
411: dt=0.5350,  26 negative triangles
412: dt=0.5350,  25 negative triangles
413: dt=0.5350,  27 negative triangles
414: dt=0.5350,  27 negative triangles
415: dt=0.5350,  26 negative triangles
416: dt=0.5350,  27 negative triangles
417: dt=0.5350,  26 negative triangles
418: dt=0.5082,  26 negative triangles
419: dt=0.5082,  28 negative triangles
420: dt=0.5082,  26 negative triangles
421: dt=0.5082,  27 negative triangles
422: dt=0.5082,  26 negative triangles
423: dt=0.5082,  26 negative triangles
424: dt=0.5082,  26 negative triangles
425: dt=0.5082,  27 negative triangles
426: dt=0.5082,  26 negative triangles
427: dt=0.5082,  27 negative triangles
428: dt=0.4828,  27 negative triangles
429: dt=0.4828,  28 negative triangles
430: dt=0.4828,  26 negative triangles
431: dt=0.4828,  28 negative triangles
432: dt=0.4828,  26 negative triangles
433: dt=0.4828,  28 negative triangles
434: dt=0.4828,  28 negative triangles
435: dt=0.4828,  29 negative triangles
436: dt=0.4828,  26 negative triangles
437: dt=0.4828,  25 negative triangles
438: dt=0.4587,  26 negative triangles
439: dt=0.4587,  27 negative triangles
440: dt=0.4587,  28 negative triangles
441: dt=0.4587,  27 negative triangles
442: dt=0.4587,  30 negative triangles
443: dt=0.4587,  30 negative triangles
444: dt=0.4587,  27 negative triangles
445: dt=0.4587,  29 negative triangles
446: dt=0.4587,  26 negative triangles
447: dt=0.4587,  29 negative triangles
448: dt=0.4357,  28 negative triangles
449: dt=0.4357,  25 negative triangles
450: dt=0.4357,  29 negative triangles
451: dt=0.4357,  29 negative triangles
452: dt=0.4357,  27 negative triangles
453: dt=0.4357,  30 negative triangles
454: dt=0.4357,  27 negative triangles
455: dt=0.4357,  30 negative triangles
456: dt=0.4357,  29 negative triangles
457: dt=0.4357,  26 negative triangles
458: dt=0.4139,  27 negative triangles
459: dt=0.4139,  29 negative triangles
460: dt=0.4139,  28 negative triangles
461: dt=0.4139,  29 negative triangles
462: dt=0.4139,  29 negative triangles
463: dt=0.4139,  30 negative triangles
464: dt=0.4139,  28 negative triangles
465: dt=0.4139,  28 negative triangles
466: dt=0.4139,  29 negative triangles
467: dt=0.4139,  26 negative triangles
468: dt=0.3932,  28 negative triangles
469: dt=0.3932,  28 negative triangles
470: dt=0.3932,  26 negative triangles
471: dt=0.3932,  30 negative triangles
472: dt=0.3932,  26 negative triangles
473: dt=0.3932,  29 negative triangles
474: dt=0.3932,  29 negative triangles
475: dt=0.3932,  28 negative triangles
476: dt=0.3932,  27 negative triangles
477: dt=0.3932,  28 negative triangles
478: dt=0.3736,  29 negative triangles
479: dt=0.3736,  29 negative triangles
480: dt=0.3736,  28 negative triangles
481: dt=0.3736,  29 negative triangles
482: dt=0.3736,  28 negative triangles
483: dt=0.3736,  27 negative triangles
484: dt=0.3736,  28 negative triangles
485: dt=0.3736,  27 negative triangles
486: dt=0.3736,  30 negative triangles
487: dt=0.3736,  29 negative triangles
488: dt=0.3549,  27 negative triangles
489: dt=0.3549,  29 negative triangles
490: dt=0.3549,  29 negative triangles
491: dt=0.3549,  25 negative triangles
492: dt=0.3549,  28 negative triangles
493: dt=0.3549,  31 negative triangles
494: dt=0.3549,  32 negative triangles
495: dt=0.3549,  29 negative triangles
496: dt=0.3549,  29 negative triangles
497: dt=0.3549,  29 negative triangles
498: dt=0.3372,  29 negative triangles
499: dt=0.3372,  32 negative triangles
500: dt=0.3372,  27 negative triangles
501: dt=0.3372,  27 negative triangles
502: dt=0.3372,  30 negative triangles
503: dt=0.3372,  28 negative triangles
504: dt=0.3372,  26 negative triangles
505: dt=0.3372,  27 negative triangles
506: dt=0.3372,  28 negative triangles
507: dt=0.3372,  28 negative triangles
508: dt=0.3203,  32 negative triangles
509: dt=0.3203,  28 negative triangles
510: dt=0.3203,  25 negative triangles
511: dt=0.3203,  27 negative triangles
512: dt=0.3203,  29 negative triangles
513: dt=0.3203,  30 negative triangles
514: dt=0.3203,  30 negative triangles
515: dt=0.3203,  28 negative triangles
516: dt=0.3203,  26 negative triangles
517: dt=0.3203,  29 negative triangles
518: dt=0.3043,  30 negative triangles
519: dt=0.3043,  27 negative triangles
520: dt=0.3043,  28 negative triangles
521: dt=0.3043,  30 negative triangles
522: dt=0.3043,  32 negative triangles
523: dt=0.3043,  31 negative triangles
524: dt=0.3043,  30 negative triangles
525: dt=0.3043,  30 negative triangles
526: dt=0.3043,  29 negative triangles
527: dt=0.3043,  28 negative triangles
528: dt=0.2891,  30 negative triangles
529: dt=0.2891,  28 negative triangles
530: dt=0.2891,  29 negative triangles
531: dt=0.2891,  26 negative triangles
532: dt=0.2891,  29 negative triangles
533: dt=0.2891,  30 negative triangles
534: dt=0.2891,  31 negative triangles
535: dt=0.2891,  28 negative triangles
536: dt=0.2891,  26 negative triangles
537: dt=0.2891,  30 negative triangles
538: dt=0.2746,  29 negative triangles
539: dt=0.2746,  27 negative triangles
540: dt=0.2746,  28 negative triangles
541: dt=0.2746,  26 negative triangles
542: dt=0.2746,  28 negative triangles
543: dt=0.2746,  29 negative triangles
544: dt=0.2746,  30 negative triangles
545: dt=0.2746,  28 negative triangles
546: dt=0.2746,  29 negative triangles
547: dt=0.2746,  29 negative triangles
548: dt=0.2609,  28 negative triangles
549: dt=0.2609,  27 negative triangles
550: dt=0.2609,  27 negative triangles
551: dt=0.2609,  29 negative triangles
552: dt=0.2609,  29 negative triangles
553: dt=0.2609,  32 negative triangles
554: dt=0.2609,  30 negative triangles
555: dt=0.2609,  31 negative triangles
556: dt=0.2609,  31 negative triangles
557: dt=0.2609,  30 negative triangles
558: dt=0.2478,  30 negative triangles
559: dt=0.2478,  30 negative triangles
560: dt=0.2478,  28 negative triangles
561: dt=0.2478,  28 negative triangles
562: dt=0.2478,  30 negative triangles
563: dt=0.2478,  30 negative triangles
564: dt=0.2478,  27 negative triangles
565: dt=0.2478,  29 negative triangles
566: dt=0.2478,  29 negative triangles
567: dt=0.2478,  29 negative triangles
568: dt=0.2354,  29 negative triangles
569: dt=0.2354,  27 negative triangles
570: dt=0.2354,  30 negative triangles
571: dt=0.2354,  30 negative triangles
572: dt=0.2354,  30 negative triangles
573: dt=0.2354,  30 negative triangles
574: dt=0.2354,  27 negative triangles
575: dt=0.2354,  29 negative triangles
576: dt=0.2354,  29 negative triangles
577: dt=0.2354,  28 negative triangles
578: dt=0.2237,  30 negative triangles
579: dt=0.2237,  28 negative triangles
580: dt=0.2237,  27 negative triangles
581: dt=0.2237,  26 negative triangles
582: dt=0.2237,  29 negative triangles
583: dt=0.2237,  27 negative triangles
584: dt=0.2237,  27 negative triangles
585: dt=0.2237,  25 negative triangles
586: dt=0.2237,  26 negative triangles
587: dt=0.2237,  28 negative triangles
588: dt=0.2125,  27 negative triangles
589: dt=0.2125,  26 negative triangles
590: dt=0.2125,  30 negative triangles
591: dt=0.2125,  31 negative triangles
592: dt=0.2125,  29 negative triangles
593: dt=0.2125,  28 negative triangles
594: dt=0.2125,  28 negative triangles
595: dt=0.2125,  31 negative triangles
596: dt=0.2125,  28 negative triangles
597: dt=0.2125,  28 negative triangles
598: dt=0.2019,  29 negative triangles
599: dt=0.2019,  32 negative triangles
600: dt=0.2019,  29 negative triangles
601: dt=0.2019,  27 negative triangles
602: dt=0.2019,  32 negative triangles
603: dt=0.2019,  31 negative triangles
604: dt=0.2019,  32 negative triangles
605: dt=0.2019,  32 negative triangles
606: dt=0.2019,  32 negative triangles
607: dt=0.2019,  32 negative triangles
608: dt=0.1918,  29 negative triangles
609: dt=0.1918,  29 negative triangles
610: dt=0.1918,  30 negative triangles
611: dt=0.1918,  31 negative triangles
612: dt=0.1918,  28 negative triangles
613: dt=0.1918,  28 negative triangles
614: dt=0.1918,  30 negative triangles
615: dt=0.1918,  28 negative triangles
616: dt=0.1918,  29 negative triangles
617: dt=0.1918,  29 negative triangles
618: dt=0.1822,  28 negative triangles
619: dt=0.1822,  26 negative triangles
620: dt=0.1822,  27 negative triangles
621: dt=0.1822,  30 negative triangles
622: dt=0.1822,  25 negative triangles
623: dt=0.1822,  28 negative triangles
624: dt=0.1822,  26 negative triangles
625: dt=0.1822,  27 negative triangles
626: dt=0.1822,  27 negative triangles
627: dt=0.1822,  25 negative triangles
628: dt=0.1731,  27 negative triangles
629: dt=0.1731,  27 negative triangles
630: dt=0.1731,  28 negative triangles
631: dt=0.1731,  27 negative triangles
632: dt=0.1731,  29 negative triangles
633: dt=0.1731,  28 negative triangles
634: dt=0.1731,  29 negative triangles
635: dt=0.1731,  29 negative triangles
636: dt=0.1731,  27 negative triangles
637: dt=0.1731,  31 negative triangles
638: dt=0.1644,  30 negative triangles
639: dt=0.1644,  31 negative triangles
640: dt=0.1644,  28 negative triangles
641: dt=0.1644,  28 negative triangles
642: dt=0.1644,  30 negative triangles
643: dt=0.1644,  29 negative triangles
644: dt=0.1644,  29 negative triangles
645: dt=0.1644,  25 negative triangles
646: dt=0.1644,  28 negative triangles
647: dt=0.1644,  28 negative triangles
648: dt=0.1562,  31 negative triangles
649: dt=0.1562,  29 negative triangles
650: dt=0.1562,  29 negative triangles
651: dt=0.1562,  29 negative triangles
652: dt=0.1562,  29 negative triangles
653: dt=0.1562,  30 negative triangles
654: dt=0.1562,  29 negative triangles
655: dt=0.1562,  30 negative triangles
656: dt=0.1562,  32 negative triangles
657: dt=0.1562,  30 negative triangles
658: dt=0.1484,  32 negative triangles
659: dt=0.1484,  27 negative triangles
660: dt=0.1484,  28 negative triangles
661: dt=0.1484,  29 negative triangles
662: dt=0.1484,  28 negative triangles
663: dt=0.1484,  33 negative triangles
664: dt=0.1484,  30 negative triangles
665: dt=0.1484,  27 negative triangles
666: dt=0.1484,  28 negative triangles
667: dt=0.1484,  28 negative triangles
668: dt=0.1410,  29 negative triangles
669: dt=0.1410,  28 negative triangles
670: dt=0.1410,  30 negative triangles
671: dt=0.1410,  29 negative triangles
672: dt=0.1410,  27 negative triangles
673: dt=0.1410,  28 negative triangles
674: dt=0.1410,  27 negative triangles
675: dt=0.1410,  30 negative triangles
676: dt=0.1410,  30 negative triangles
677: dt=0.1410,  29 negative triangles
678: dt=0.1339,  29 negative triangles
679: dt=0.1339,  30 negative triangles
680: dt=0.1339,  29 negative triangles
681: dt=0.1339,  29 negative triangles
682: dt=0.1339,  29 negative triangles
683: dt=0.1339,  27 negative triangles
684: dt=0.1339,  27 negative triangles
685: dt=0.1339,  27 negative triangles
686: dt=0.1339,  28 negative triangles
687: dt=0.1339,  29 negative triangles
688: dt=0.1272,  29 negative triangles
689: dt=0.1272,  29 negative triangles
690: dt=0.1272,  28 negative triangles
691: dt=0.1272,  27 negative triangles
692: dt=0.1272,  27 negative triangles
693: dt=0.1272,  26 negative triangles
694: dt=0.1272,  28 negative triangles
695: dt=0.1272,  29 negative triangles
696: dt=0.1272,  29 negative triangles
697: dt=0.1272,  29 negative triangles
698: dt=0.1209,  31 negative triangles
699: dt=0.1209,  31 negative triangles
700: dt=0.1209,  32 negative triangles
701: dt=0.1209,  31 negative triangles
702: dt=0.1209,  31 negative triangles
703: dt=0.1209,  29 negative triangles
704: dt=0.1209,  28 negative triangles
705: dt=0.1209,  27 negative triangles
706: dt=0.1209,  27 negative triangles
707: dt=0.1209,  28 negative triangles
708: dt=0.1148,  26 negative triangles
709: dt=0.1148,  30 negative triangles
710: dt=0.1148,  32 negative triangles
711: dt=0.1148,  30 negative triangles
712: dt=0.1148,  29 negative triangles
713: dt=0.1148,  30 negative triangles
714: dt=0.1148,  30 negative triangles
715: dt=0.1148,  30 negative triangles
716: dt=0.1148,  29 negative triangles
717: dt=0.1148,  27 negative triangles
718: dt=0.1091,  28 negative triangles
719: dt=0.1091,  27 negative triangles
720: dt=0.1091,  26 negative triangles
721: dt=0.1091,  26 negative triangles
722: dt=0.1091,  27 negative triangles
723: dt=0.1091,  28 negative triangles
724: dt=0.1091,  28 negative triangles
725: dt=0.1091,  27 negative triangles
726: dt=0.1091,  30 negative triangles
727: dt=0.1091,  29 negative triangles
728: dt=0.1036,  31 negative triangles
729: dt=0.1036,  29 negative triangles
730: dt=0.1036,  26 negative triangles
731: dt=0.1036,  27 negative triangles
732: dt=0.1036,  27 negative triangles
733: dt=0.1036,  27 negative triangles
734: dt=0.1036,  28 negative triangles
735: dt=0.1036,  28 negative triangles
736: dt=0.1036,  29 negative triangles
737: dt=0.1036,  30 negative triangles
738: dt=0.0984,  27 negative triangles
739: dt=0.0984,  29 negative triangles
740: dt=0.0984,  30 negative triangles
741: dt=0.0984,  29 negative triangles
742: dt=0.0984,  31 negative triangles
743: dt=0.0984,  30 negative triangles
744: dt=0.0984,  27 negative triangles
745: dt=0.0984,  27 negative triangles
746: dt=0.0984,  27 negative triangles
747: dt=0.0984,  29 negative triangles
748: dt=0.0935,  30 negative triangles
749: dt=0.0935,  29 negative triangles
750: dt=0.0935,  32 negative triangles
751: dt=0.0935,  31 negative triangles
752: dt=0.0935,  24 negative triangles
753: dt=0.0935,  24 negative triangles
754: dt=0.0935,  28 negative triangles
755: dt=0.0935,  28 negative triangles
756: dt=0.0935,  28 negative triangles
757: dt=0.0935,  27 negative triangles
758: dt=0.0888,  26 negative triangles
759: dt=0.0888,  27 negative triangles
760: dt=0.0888,  27 negative triangles
761: dt=0.0888,  28 negative triangles
762: dt=0.0888,  27 negative triangles
763: dt=0.0888,  28 negative triangles
764: dt=0.0888,  27 negative triangles
765: dt=0.0888,  26 negative triangles
766: dt=0.0888,  24 negative triangles
767: dt=0.0888,  27 negative triangles
768: dt=0.0844,  28 negative triangles
769: dt=0.0844,  29 negative triangles
770: dt=0.0844,  30 negative triangles
771: dt=0.0844,  30 negative triangles
772: dt=0.0844,  27 negative triangles
773: dt=0.0844,  28 negative triangles
774: dt=0.0844,  28 negative triangles
775: dt=0.0844,  29 negative triangles
776: dt=0.0844,  30 negative triangles
777: dt=0.0844,  29 negative triangles
778: dt=0.0802,  29 negative triangles
779: dt=0.0802,  28 negative triangles
780: dt=0.0802,  29 negative triangles
781: dt=0.0802,  29 negative triangles
782: dt=0.0802,  29 negative triangles
783: dt=0.0802,  27 negative triangles
784: dt=0.0802,  28 negative triangles
785: dt=0.0802,  27 negative triangles
786: dt=0.0802,  28 negative triangles
787: dt=0.0802,  29 negative triangles
788: dt=0.0762,  29 negative triangles
789: dt=0.0762,  31 negative triangles
790: dt=0.0762,  31 negative triangles
791: dt=0.0762,  29 negative triangles
792: dt=0.0762,  30 negative triangles
793: dt=0.0762,  29 negative triangles
794: dt=0.0762,  30 negative triangles
795: dt=0.0762,  31 negative triangles
796: dt=0.0762,  31 negative triangles
797: dt=0.0762,  30 negative triangles
798: dt=0.0724,  29 negative triangles
799: dt=0.0724,  30 negative triangles
800: dt=0.0724,  31 negative triangles
801: dt=0.0724,  28 negative triangles
802: dt=0.0724,  26 negative triangles
803: dt=0.0724,  26 negative triangles
804: dt=0.0724,  29 negative triangles
805: dt=0.0724,  29 negative triangles
806: dt=0.0724,  28 negative triangles
807: dt=0.0724,  28 negative triangles
808: dt=0.0687,  30 negative triangles
809: dt=0.0687,  30 negative triangles
810: dt=0.0687,  29 negative triangles
811: dt=0.0687,  29 negative triangles
812: dt=0.0687,  29 negative triangles
813: dt=0.0687,  29 negative triangles
814: dt=0.0687,  29 negative triangles
815: dt=0.0687,  29 negative triangles
816: dt=0.0687,  29 negative triangles
817: dt=0.0687,  30 negative triangles
818: dt=0.0653,  30 negative triangles
819: dt=0.0653,  29 negative triangles
820: dt=0.0653,  28 negative triangles
821: dt=0.0653,  25 negative triangles
822: dt=0.0653,  26 negative triangles
823: dt=0.0653,  25 negative triangles
824: dt=0.0653,  27 negative triangles
825: dt=0.0653,  26 negative triangles
826: dt=0.0653,  28 negative triangles
827: dt=0.0653,  28 negative triangles
828: dt=0.0620,  28 negative triangles
829: dt=0.0620,  28 negative triangles
830: dt=0.0620,  28 negative triangles
831: dt=0.0620,  28 negative triangles
832: dt=0.0620,  28 negative triangles
833: dt=0.0620,  28 negative triangles
834: dt=0.0620,  27 negative triangles
835: dt=0.0620,  26 negative triangles
836: dt=0.0620,  29 negative triangles
837: dt=0.0620,  30 negative triangles
838: dt=0.0589,  28 negative triangles
839: dt=0.0589,  29 negative triangles
840: dt=0.0589,  28 negative triangles
841: dt=0.0589,  29 negative triangles
842: dt=0.0589,  25 negative triangles
843: dt=0.0589,  27 negative triangles
844: dt=0.0589,  27 negative triangles
845: dt=0.0589,  27 negative triangles
846: dt=0.0589,  27 negative triangles
847: dt=0.0589,  29 negative triangles
848: dt=0.0560,  28 negative triangles
849: dt=0.0560,  28 negative triangles
850: dt=0.0560,  27 negative triangles
851: dt=0.0560,  25 negative triangles
852: dt=0.0560,  28 negative triangles
853: dt=0.0560,  27 negative triangles
854: dt=0.0560,  26 negative triangles
855: dt=0.0560,  26 negative triangles
856: dt=0.0560,  28 negative triangles
857: dt=0.0560,  27 negative triangles
858: dt=0.0532,  25 negative triangles
859: dt=0.0532,  28 negative triangles
860: dt=0.0532,  29 negative triangles
861: dt=0.0532,  26 negative triangles
862: dt=0.0532,  26 negative triangles
863: dt=0.0532,  27 negative triangles
864: dt=0.0532,  28 negative triangles
865: dt=0.0532,  28 negative triangles
866: dt=0.0532,  29 negative triangles
867: dt=0.0532,  30 negative triangles
868: dt=0.0505,  28 negative triangles
869: dt=0.0505,  28 negative triangles
870: dt=0.0505,  28 negative triangles
871: dt=0.0505,  30 negative triangles
872: dt=0.0505,  28 negative triangles
873: dt=0.0505,  27 negative triangles
874: dt=0.0505,  27 negative triangles
875: dt=0.0505,  30 negative triangles
876: dt=0.0505,  30 negative triangles
877: dt=0.0505,  28 negative triangles
878: dt=0.0480,  29 negative triangles
879: dt=0.0480,  29 negative triangles
880: dt=0.0480,  27 negative triangles
881: dt=0.0480,  28 negative triangles
882: dt=0.0480,  27 negative triangles
883: dt=0.0480,  27 negative triangles
884: dt=0.0480,  29 negative triangles
885: dt=0.0480,  27 negative triangles
886: dt=0.0480,  27 negative triangles
887: dt=0.0480,  27 negative triangles
888: dt=0.0456,  26 negative triangles
889: dt=0.0456,  27 negative triangles
890: dt=0.0456,  29 negative triangles
891: dt=0.0456,  28 negative triangles
892: dt=0.0456,  29 negative triangles
893: dt=0.0456,  29 negative triangles
894: dt=0.0456,  26 negative triangles
895: dt=0.0456,  27 negative triangles
896: dt=0.0456,  27 negative triangles
897: dt=0.0456,  29 negative triangles
898: dt=0.0433,  29 negative triangles
899: dt=0.0433,  29 negative triangles
900: dt=0.0433,  29 negative triangles
901: dt=0.0433,  28 negative triangles
902: dt=0.0433,  30 negative triangles
903: dt=0.0433,  29 negative triangles
904: dt=0.0433,  29 negative triangles
905: dt=0.0433,  28 negative triangles
906: dt=0.0433,  26 negative triangles
907: dt=0.0433,  27 negative triangles
908: dt=0.0412,  26 negative triangles
909: dt=0.0412,  28 negative triangles
910: dt=0.0412,  30 negative triangles
911: dt=0.0412,  30 negative triangles
912: dt=0.0412,  30 negative triangles
913: dt=0.0412,  29 negative triangles
914: dt=0.0412,  28 negative triangles
915: dt=0.0412,  27 negative triangles
916: dt=0.0412,  28 negative triangles
917: dt=0.0412,  29 negative triangles
918: dt=0.0391,  29 negative triangles
919: dt=0.0391,  29 negative triangles
920: dt=0.0391,  28 negative triangles
921: dt=0.0391,  28 negative triangles
922: dt=0.0391,  27 negative triangles
923: dt=0.0391,  28 negative triangles
924: dt=0.0391,  28 negative triangles
925: dt=0.0391,  25 negative triangles
926: dt=0.0391,  26 negative triangles
927: dt=0.0391,  26 negative triangles
928: dt=0.0371,  29 negative triangles
929: dt=0.0371,  26 negative triangles
930: dt=0.0371,  26 negative triangles
931: dt=0.0371,  27 negative triangles
932: dt=0.0371,  26 negative triangles
933: dt=0.0371,  26 negative triangles
934: dt=0.0371,  26 negative triangles
935: dt=0.0371,  26 negative triangles
936: dt=0.0371,  25 negative triangles
937: dt=0.0371,  27 negative triangles
938: dt=0.0353,  27 negative triangles
939: dt=0.0353,  27 negative triangles
940: dt=0.0353,  26 negative triangles
941: dt=0.0353,  27 negative triangles
942: dt=0.0353,  31 negative triangles
943: dt=0.0353,  30 negative triangles
944: dt=0.0353,  29 negative triangles
945: dt=0.0353,  29 negative triangles
946: dt=0.0353,  28 negative triangles
947: dt=0.0353,  28 negative triangles
948: dt=0.0335,  30 negative triangles
949: dt=0.0335,  30 negative triangles
950: dt=0.0335,  29 negative triangles
951: dt=0.0335,  28 negative triangles
952: dt=0.0335,  28 negative triangles
953: dt=0.0335,  28 negative triangles
954: dt=0.0335,  27 negative triangles
955: dt=0.0335,  27 negative triangles
956: dt=0.0335,  28 negative triangles
957: dt=0.0335,  26 negative triangles
958: dt=0.0319,  26 negative triangles
959: dt=0.0319,  26 negative triangles
960: dt=0.0319,  24 negative triangles
961: dt=0.0319,  26 negative triangles
962: dt=0.0319,  28 negative triangles
963: dt=0.0319,  28 negative triangles
964: dt=0.0319,  31 negative triangles
965: dt=0.0319,  29 negative triangles
966: dt=0.0319,  28 negative triangles
967: dt=0.0319,  27 negative triangles
968: dt=0.0303,  28 negative triangles
969: dt=0.0303,  28 negative triangles
970: dt=0.0303,  28 negative triangles
971: dt=0.0303,  28 negative triangles
972: dt=0.0303,  27 negative triangles
973: dt=0.0303,  26 negative triangles
974: dt=0.0303,  26 negative triangles
975: dt=0.0303,  27 negative triangles
976: dt=0.0303,  28 negative triangles
977: dt=0.0303,  27 negative triangles
978: dt=0.0287,  28 negative triangles
979: dt=0.0287,  28 negative triangles
980: dt=0.0287,  28 negative triangles
981: dt=0.0287,  27 negative triangles
982: dt=0.0287,  27 negative triangles
983: dt=0.0287,  29 negative triangles
984: dt=0.0287,  29 negative triangles
985: dt=0.0287,  29 negative triangles
986: dt=0.0287,  29 negative triangles
987: dt=0.0287,  29 negative triangles
988: dt=0.0273,  29 negative triangles
989: dt=0.0273,  28 negative triangles
990: dt=0.0273,  28 negative triangles
991: dt=0.0273,  28 negative triangles
992: dt=0.0273,  28 negative triangles
993: dt=0.0273,  28 negative triangles
994: dt=0.0273,  28 negative triangles
995: dt=0.0273,  26 negative triangles
996: dt=0.0273,  29 negative triangles
997: dt=0.0273,  29 negative triangles
998: dt=0.0259,  26 negative triangles
999: dt=0.0259,  27 negative triangles
1000: dt=0.0259,  27 negative triangles
1001: dt=0.0259,  27 negative triangles
1002: dt=0.0259,  27 negative triangles
1003: dt=0.0259,  25 negative triangles
1004: dt=0.0259,  26 negative triangles
1005: dt=0.0259,  25 negative triangles
1006: dt=0.0259,  25 negative triangles
1007: dt=0.0259,  27 negative triangles
1008: dt=0.0246,  27 negative triangles
1009: dt=0.0246,  27 negative triangles
1010: dt=0.0246,  28 negative triangles
1011: dt=0.0246,  29 negative triangles
1012: dt=0.0246,  28 negative triangles
1013: dt=0.0246,  27 negative triangles
1014: dt=0.0246,  27 negative triangles
1015: dt=0.0246,  27 negative triangles
1016: dt=0.0246,  27 negative triangles
1017: dt=0.0246,  25 negative triangles
1018: dt=0.0234,  26 negative triangles
1019: dt=0.0234,  26 negative triangles
1020: dt=0.0234,  26 negative triangles
1021: dt=0.0234,  26 negative triangles
1022: dt=0.0234,  26 negative triangles
1023: dt=0.0234,  27 negative triangles
1024: dt=0.0234,  26 negative triangles
1025: dt=0.0234,  26 negative triangles
1026: dt=0.0234,  25 negative triangles
1027: dt=0.0234,  25 negative triangles
1028: dt=0.0222,  26 negative triangles
1029: dt=0.0222,  26 negative triangles
1030: dt=0.0222,  25 negative triangles
1031: dt=0.0222,  25 negative triangles
1032: dt=0.0222,  25 negative triangles
1033: dt=0.0222,  25 negative triangles
1034: dt=0.0222,  25 negative triangles
1035: dt=0.0222,  24 negative triangles
1036: dt=0.0222,  25 negative triangles
1037: dt=0.0222,  24 negative triangles
1038: dt=0.0211,  26 negative triangles
1039: dt=0.0211,  23 negative triangles
1040: dt=0.0211,  23 negative triangles
1041: dt=0.0211,  25 negative triangles
1042: dt=0.0211,  24 negative triangles
1043: dt=0.0211,  24 negative triangles
1044: dt=0.0211,  24 negative triangles
1045: dt=0.0211,  24 negative triangles
1046: dt=0.0211,  24 negative triangles
1047: dt=0.0211,  24 negative triangles
1048: dt=0.0201,  24 negative triangles
1049: dt=0.0201,  24 negative triangles
1050: dt=0.0201,  23 negative triangles
1051: dt=0.0201,  23 negative triangles
1052: dt=0.0201,  23 negative triangles
1053: dt=0.0201,  23 negative triangles
1054: dt=0.0201,  23 negative triangles
1055: dt=0.0201,  23 negative triangles
1056: dt=0.0201,  24 negative triangles
1057: dt=0.0201,  24 negative triangles
1058: dt=0.0191,  24 negative triangles
1059: dt=0.0191,  25 negative triangles
1060: dt=0.0191,  25 negative triangles
1061: dt=0.0191,  25 negative triangles
1062: dt=0.0191,  25 negative triangles
1063: dt=0.0191,  25 negative triangles
1064: dt=0.0191,  25 negative triangles
1065: dt=0.0191,  26 negative triangles
1066: dt=0.0191,  26 negative triangles
1067: dt=0.0191,  26 negative triangles
1068: dt=0.0181,  24 negative triangles
1069: dt=0.0181,  23 negative triangles
1070: dt=0.0181,  23 negative triangles
1071: dt=0.0181,  26 negative triangles
1072: dt=0.0181,  25 negative triangles
1073: dt=0.0181,  25 negative triangles
1074: dt=0.0181,  27 negative triangles
1075: dt=0.0181,  27 negative triangles
1076: dt=0.0181,  26 negative triangles
1077: dt=0.0181,  27 negative triangles
1078: dt=0.0172,  28 negative triangles
1079: dt=0.0172,  27 negative triangles
1080: dt=0.0172,  26 negative triangles
1081: dt=0.0172,  25 negative triangles
1082: dt=0.0172,  24 negative triangles
1083: dt=0.0172,  26 negative triangles
1084: dt=0.0172,  26 negative triangles
1085: dt=0.0172,  26 negative triangles
1086: dt=0.0172,  24 negative triangles
1087: dt=0.0172,  23 negative triangles
1088: dt=0.0164,  23 negative triangles
1089: dt=0.0164,  25 negative triangles
1090: dt=0.0164,  23 negative triangles
1091: dt=0.0164,  23 negative triangles
1092: dt=0.0164,  23 negative triangles
1093: dt=0.0164,  23 negative triangles
1094: dt=0.0164,  24 negative triangles
1095: dt=0.0164,  24 negative triangles
1096: dt=0.0164,  24 negative triangles
1097: dt=0.0164,  24 negative triangles
1098: dt=0.0155,  24 negative triangles
1099: dt=0.0155,  24 negative triangles
1100: dt=0.0155,  25 negative triangles
1101: dt=0.0155,  26 negative triangles
1102: dt=0.0155,  25 negative triangles
1103: dt=0.0155,  25 negative triangles
1104: dt=0.0155,  27 negative triangles
1105: dt=0.0155,  27 negative triangles
1106: dt=0.0155,  27 negative triangles
1107: dt=0.0155,  27 negative triangles
1108: dt=0.0148,  27 negative triangles
1109: dt=0.0148,  27 negative triangles
1110: dt=0.0148,  25 negative triangles
1111: dt=0.0148,  25 negative triangles
1112: dt=0.0148,  26 negative triangles
1113: dt=0.0148,  26 negative triangles
1114: dt=0.0148,  27 negative triangles
1115: dt=0.0148,  27 negative triangles
1116: dt=0.0148,  27 negative triangles
1117: dt=0.0148,  28 negative triangles
1118: dt=0.0140,  26 negative triangles
1119: dt=0.0140,  26 negative triangles
1120: dt=0.0140,  27 negative triangles
1121: dt=0.0140,  26 negative triangles
1122: dt=0.0140,  26 negative triangles
1123: dt=0.0140,  25 negative triangles
1124: dt=0.0140,  28 negative triangles
1125: dt=0.0140,  26 negative triangles
1126: dt=0.0140,  28 negative triangles
1127: dt=0.0140,  25 negative triangles
1128: dt=0.0133,  27 negative triangles
1129: dt=0.0133,  25 negative triangles
1130: dt=0.0133,  24 negative triangles
1131: dt=0.0133,  26 negative triangles
1132: dt=0.0133,  24 negative triangles
1133: dt=0.0133,  26 negative triangles
1134: dt=0.0133,  29 negative triangles
1135: dt=0.0133,  29 negative triangles
1136: dt=0.0133,  27 negative triangles
1137: dt=0.0133,  29 negative triangles
1138: dt=0.0127,  27 negative triangles
1139: dt=0.0127,  28 negative triangles
1140: dt=0.0127,  28 negative triangles
1141: dt=0.0127,  28 negative triangles
1142: dt=0.0127,  28 negative triangles
1143: dt=0.0127,  28 negative triangles
1144: dt=0.0127,  29 negative triangles
1145: dt=0.0127,  27 negative triangles
1146: dt=0.0127,  26 negative triangles
1147: dt=0.0127,  25 negative triangles
1148: dt=0.0120,  25 negative triangles
1149: dt=0.0120,  25 negative triangles
1150: dt=0.0120,  26 negative triangles
1151: dt=0.0120,  26 negative triangles
1152: dt=0.0120,  25 negative triangles
1153: dt=0.0120,  25 negative triangles
1154: dt=0.0120,  27 negative triangles
1155: dt=0.0120,  29 negative triangles
1156: dt=0.0120,  28 negative triangles
1157: dt=0.0120,  28 negative triangles
1158: dt=0.0114,  28 negative triangles
1159: dt=0.0114,  28 negative triangles
1160: dt=0.0114,  28 negative triangles
1161: dt=0.0114,  27 negative triangles
1162: dt=0.0114,  26 negative triangles
1163: dt=0.0114,  25 negative triangles
1164: dt=0.0114,  25 negative triangles
1165: dt=0.0114,  26 negative triangles
1166: dt=0.0114,  28 negative triangles
1167: dt=0.0114,  28 negative triangles
1168: dt=0.0108,  28 negative triangles
1169: dt=0.0108,  27 negative triangles
1170: dt=0.0108,  27 negative triangles
1171: dt=0.0108,  25 negative triangles
1172: dt=0.0108,  26 negative triangles
1173: dt=0.0108,  26 negative triangles
1174: dt=0.0108,  26 negative triangles
1175: dt=0.0108,  26 negative triangles
1176: dt=0.0108,  27 negative triangles
1177: dt=0.0108,  26 negative triangles
1178: dt=0.0103,  27 negative triangles
1179: dt=0.0103,  26 negative triangles
1180: dt=0.0103,  27 negative triangles
1181: dt=0.0103,  27 negative triangles
1182: dt=0.0103,  27 negative triangles
1183: dt=0.0103,  27 negative triangles
1184: dt=0.0103,  27 negative triangles
1185: dt=0.0103,  28 negative triangles
1186: dt=0.0103,  28 negative triangles
1187: dt=0.0103,  28 negative triangles
1188: dt=0.0098,  28 negative triangles
1189: dt=0.0098,  29 negative triangles
1190: dt=0.0098,  29 negative triangles
1191: dt=0.0098,  28 negative triangles
1192: dt=0.0098,  29 negative triangles
1193: dt=0.0098,  29 negative triangles
1194: dt=0.0098,  28 negative triangles
1195: dt=0.0098,  28 negative triangles
1196: dt=0.0098,  27 negative triangles
1197: dt=0.0098,  28 negative triangles
1198: dt=0.0098,  30 negative triangles
1199: dt=0.0098,  30 negative triangles
1200: dt=0.0098,  30 negative triangles
1201: dt=0.0098,  29 negative triangles
1202: dt=0.0098,  29 negative triangles
1203: dt=0.0098,  29 negative triangles
1204: dt=0.0098,  29 negative triangles
1205: dt=0.0098,  29 negative triangles
1206: dt=0.0098,  29 negative triangles
1207: dt=0.0098,  29 negative triangles
1208: dt=0.0098,  29 negative triangles
1209: dt=0.0098,  29 negative triangles
1210: dt=0.0098,  29 negative triangles
1211: dt=0.0098,  29 negative triangles
1212: dt=0.0098,  30 negative triangles
1213: dt=0.0098,  28 negative triangles
1214: dt=0.0098,  30 negative triangles
1215: dt=0.0098,  30 negative triangles
1216: 30 negative triangles
writing spherical brain to ../surf/lh.sphere
spherical transformation took 0.0976 hours
FSRUNTIME@ mris_sphere  0.0976 hours 16 threads
#VMPC# mris_sphere VmPeak  2369832
mris_sphere done
#--------------------------------------------
#@# Surf Reg lh Mon Mar  9 11:53:25 CET 2026
/out/sourcedata/freesurfer/sub-v1s21x0050403_ses-1/scripts

 mris_register -curv ../surf/lh.sphere /opt/freesurfer/average/lh.folding.atlas.acfb40.noaparc.i12.2016-08-02.tif ../surf/lh.sphere.reg 

using smoothwm curvature for final alignment

cwd /out/sourcedata/freesurfer/sub-v1s21x0050403_ses-1/scripts
cmdline mris_register -curv ../surf/lh.sphere /opt/freesurfer/average/lh.folding.atlas.acfb40.noaparc.i12.2016-08-02.tif ../surf/lh.sphere.reg 

0 inflated.H
1 sulc
2 smoothwm (computed)
7.3.2
  7.3.2
reading surface from ../surf/lh.sphere...
reading template parameterization from /opt/freesurfer/average/lh.folding.atlas.acfb40.noaparc.i12.2016-08-02.tif...
MRISregister() -------
max_passes = 4 
min_degrees = 0.500000 
max_degrees = 64.000000 
nangles = 8 
tol=5.0e-01, sigma=0.0, host=dna07, nav=1024, nbrs=1, l_extern=10000.000, l_parea=0.200, l_nlarea=1.000, l_corr=1.000, l_dist=5.000
using quadratic fit line minimization
complete_dist_mat 0
rms 0
smooth_averages 0
remove_neg 0
ico_order 0
which_surface 0
target_radius 0.000000
nfields 0
scale 0.000000
desired_rms_height -1.000000
momentum 0.950000
nbhd_size -10
max_nbrs 10
niterations 25
nsurfaces 0
SURFACES 3
flags 16 (10)
use curv 16
no sulc 0
no rigid align 0
mris->nsize 1
mris->hemisphere 0
randomSeed 0

tol=5.0e-01, sigma=0.0, host=dna07, nav=1024, nbrs=1, l_extern=10000.000, l_parea=0.200, l_nlarea=1.000, l_corr=1.000, l_dist=5.000
using quadratic fit line minimization
--------------------
1 Reading lh.sulc
tol=1.0e+00, sigma=0.5, host=dna07, nav=1024, nbrs=1, l_extern=10000.000, l_parea=0.200, l_nlarea=1.000, l_corr=0.050, l_spring=0.500, l_dist=5.000
using quadratic fit line minimization
curvature mean = -0.000, std = 5.762
curvature mean = 0.037, std = 0.814
curvature mean = 0.004, std = 0.859
Starting MRISrigidBodyAlignGlobal()
Starting new MRISrigidBodyAlignGlobal_findMinSSE()
  new MRISrigidBodyAlignGlobal_findMinSSE min @ (5.00, -0.50, 9.50) sse = 235783.1, elapsed since starting=0.0984 min
MRISrigidBodyAlignGlobal() done   0.10 min
curvature mean = 0.029, std = 0.829
curvature mean = 0.001, std = 0.944
curvature mean = 0.027, std = 0.839
curvature mean = 0.001, std = 0.977
curvature mean = 0.026, std = 0.841
curvature mean = 0.000, std = 0.990
2 Reading smoothwm
curvature mean = -0.013, std = 2.634
curvature mean = 0.046, std = 0.245
curvature mean = 0.001, std = 0.037
curvature mean = 0.041, std = 0.304
curvature mean = 0.001, std = 0.060
curvature mean = 0.040, std = 0.331
curvature mean = 0.000, std = 0.096
curvature mean = 0.040, std = 0.339
curvature mean = -0.001, std = 0.190
MRISregister() return, current seed 0
-01: dt=0.0000,  36 negative triangles  VmPeak 1623704
127: dt=0.9900,  36 negative triangles
128: dt=0.9900,  33 negative triangles
129: dt=0.9900,  34 negative triangles
130: dt=0.9900,  32 negative triangles
131: dt=0.9900,  33 negative triangles
132: dt=0.9900,  31 negative triangles
133: dt=0.9900,  33 negative triangles
134: dt=0.9900,  30 negative triangles
135: dt=0.9900,  30 negative triangles
136: dt=0.9900,  32 negative triangles
137: dt=0.9900,  29 negative triangles
138: dt=0.9900,  28 negative triangles
139: dt=0.9900,  28 negative triangles
140: dt=0.9900,  28 negative triangles
141: dt=0.9900,  28 negative triangles
142: dt=0.9900,  28 negative triangles
143: dt=0.9900,  28 negative triangles
144: dt=0.9900,  28 negative triangles
145: dt=0.9900,  28 negative triangles
146: dt=0.9900,  28 negative triangles
147: dt=0.9900,  28 negative triangles
148: dt=0.9405,  28 negative triangles
149: dt=0.9405,  29 negative triangles
150: dt=0.9405,  29 negative triangles
151: dt=0.9405,  29 negative triangles
152: dt=0.9405,  29 negative triangles
153: dt=0.9405,  29 negative triangles
154: dt=0.9405,  29 negative triangles
155: dt=0.9405,  29 negative triangles
156: dt=0.9405,  29 negative triangles
157: dt=0.9405,  29 negative triangles
158: dt=0.8935,  29 negative triangles
159: dt=0.8935,  29 negative triangles
160: dt=0.8935,  29 negative triangles
161: dt=0.8935,  29 negative triangles
162: dt=0.8935,  29 negative triangles
163: dt=0.8935,  29 negative triangles
164: dt=0.8935,  29 negative triangles
165: dt=0.8935,  29 negative triangles
166: dt=0.8935,  29 negative triangles
167: dt=0.8935,  29 negative triangles
168: dt=0.8488,  29 negative triangles
169: dt=0.8488,  29 negative triangles
170: dt=0.8488,  29 negative triangles
171: dt=0.8488,  29 negative triangles
172: dt=0.8488,  29 negative triangles
173: dt=0.8488,  29 negative triangles
174: dt=0.8488,  30 negative triangles
175: dt=0.8488,  30 negative triangles
176: dt=0.8488,  30 negative triangles
177: dt=0.8488,  30 negative triangles
178: dt=0.8064,  30 negative triangles
179: dt=0.8064,  30 negative triangles
180: dt=0.8064,  30 negative triangles
181: dt=0.8064,  29 negative triangles
182: dt=0.8064,  29 negative triangles
183: dt=0.8064,  29 negative triangles
184: dt=0.8064,  31 negative triangles
185: dt=0.8064,  30 negative triangles
186: dt=0.8064,  30 negative triangles
187: dt=0.8064,  29 negative triangles
188: dt=0.7660,  28 negative triangles
expanding nbhd size to 1
189: dt=0.9900,  28 negative triangles
190: dt=0.9900,  28 negative triangles
191: dt=0.9900,  29 negative triangles
192: dt=0.9900,  28 negative triangles
193: dt=0.9900,  29 negative triangles
194: dt=0.9900,  29 negative triangles
195: dt=0.9900,  28 negative triangles
196: dt=0.9900,  28 negative triangles
197: dt=0.9900,  28 negative triangles
198: dt=0.9405,  28 negative triangles
199: dt=0.9405,  28 negative triangles
200: dt=0.9405,  28 negative triangles
201: dt=0.9405,  28 negative triangles
202: dt=0.9405,  28 negative triangles
203: dt=0.9405,  28 negative triangles
204: dt=0.9405,  28 negative triangles
205: dt=0.9405,  28 negative triangles
206: dt=0.9405,  29 negative triangles
207: dt=0.9405,  29 negative triangles
208: dt=0.8935,  29 negative triangles
209: dt=0.8935,  29 negative triangles
210: dt=0.8935,  29 negative triangles
211: dt=0.8935,  29 negative triangles
212: dt=0.8935,  28 negative triangles
213: dt=0.8935,  28 negative triangles
214: dt=0.8935,  28 negative triangles
215: dt=0.8935,  28 negative triangles
216: dt=0.8935,  28 negative triangles
217: dt=0.8935,  28 negative triangles
218: dt=0.8488,  28 negative triangles
219: dt=0.8488,  28 negative triangles
220: dt=0.8488,  28 negative triangles
221: dt=0.8488,  28 negative triangles
222: dt=0.8488,  28 negative triangles
223: dt=0.8488,  28 negative triangles
224: dt=0.8488,  28 negative triangles
225: dt=0.8488,  28 negative triangles
226: dt=0.8488,  28 negative triangles
227: dt=0.8488,  27 negative triangles
228: dt=0.8488,  27 negative triangles
229: dt=0.8488,  27 negative triangles
230: dt=0.8488,  27 negative triangles
231: dt=0.8488,  27 negative triangles
232: dt=0.8488,  27 negative triangles
233: dt=0.8488,  27 negative triangles
234: dt=0.8488,  27 negative triangles
235: dt=0.8488,  27 negative triangles
236: dt=0.8488,  27 negative triangles
237: dt=0.8064,  27 negative triangles
238: dt=0.8064,  28 negative triangles
239: dt=0.8064,  28 negative triangles
240: dt=0.8064,  28 negative triangles
241: dt=0.8064,  28 negative triangles
242: dt=0.8064,  27 negative triangles
243: dt=0.8064,  27 negative triangles
244: dt=0.8064,  28 negative triangles
245: dt=0.8064,  28 negative triangles
246: dt=0.8064,  28 negative triangles
247: dt=0.7660,  28 negative triangles
248: dt=0.7660,  28 negative triangles
249: dt=0.7660,  28 negative triangles
250: dt=0.7660,  28 negative triangles
251: dt=0.7660,  28 negative triangles
252: dt=0.7660,  28 negative triangles
253: dt=0.7660,  27 negative triangles
254: dt=0.7660,  27 negative triangles
255: dt=0.7660,  27 negative triangles
256: dt=0.7660,  27 negative triangles
257: dt=0.7277,  27 negative triangles
258: dt=0.7277,  27 negative triangles
259: dt=0.7277,  27 negative triangles
260: dt=0.7277,  27 negative triangles
261: dt=0.7277,  27 negative triangles
262: dt=0.7277,  27 negative triangles
263: dt=0.7277,  28 negative triangles
264: dt=0.7277,  28 negative triangles
265: dt=0.7277,  28 negative triangles
266: dt=0.7277,  28 negative triangles
267: dt=0.6914,  28 negative triangles
268: dt=0.6914,  28 negative triangles
269: dt=0.6914,  28 negative triangles
270: dt=0.6914,  28 negative triangles
271: dt=0.6914,  29 negative triangles
272: dt=0.6914,  29 negative triangles
273: dt=0.6914,  29 negative triangles
274: dt=0.6914,  29 negative triangles
275: dt=0.6914,  29 negative triangles
276: dt=0.6914,  29 negative triangles
277: dt=0.6568,  29 negative triangles
278: dt=0.6568,  29 negative triangles
279: dt=0.6568,  29 negative triangles
280: dt=0.6568,  28 negative triangles
281: dt=0.6568,  29 negative triangles
282: dt=0.6568,  29 negative triangles
283: dt=0.6568,  29 negative triangles
284: dt=0.6568,  28 negative triangles
285: dt=0.6568,  28 negative triangles
286: dt=0.6568,  27 negative triangles
287: dt=0.6239,  28 negative triangles
288: dt=0.6239,  28 negative triangles
289: dt=0.6239,  28 negative triangles
290: dt=0.6239,  28 negative triangles
291: dt=0.6239,  27 negative triangles
292: dt=0.6239,  27 negative triangles
293: dt=0.6239,  27 negative triangles
294: dt=0.6239,  28 negative triangles
295: dt=0.6239,  29 negative triangles
296: dt=0.6239,  29 negative triangles
297: dt=0.5927,  27 negative triangles
298: dt=0.5927,  28 negative triangles
299: dt=0.5927,  27 negative triangles
300: dt=0.5927,  28 negative triangles
301: dt=0.5927,  28 negative triangles
302: dt=0.5927,  29 negative triangles
303: dt=0.5927,  28 negative triangles
304: dt=0.5927,  29 negative triangles
305: dt=0.5927,  29 negative triangles
306: dt=0.5927,  28 negative triangles
307: dt=0.5631,  29 negative triangles
308: dt=0.5631,  29 negative triangles
309: dt=0.5631,  29 negative triangles
310: dt=0.5631,  29 negative triangles
311: dt=0.5631,  29 negative triangles
312: dt=0.5631,  29 negative triangles
313: dt=0.5631,  29 negative triangles
314: dt=0.5631,  30 negative triangles
315: dt=0.5631,  29 negative triangles
316: dt=0.5631,  29 negative triangles
317: dt=0.5350,  30 negative triangles
318: dt=0.5350,  28 negative triangles
319: dt=0.5350,  29 negative triangles
320: dt=0.5350,  28 negative triangles
321: dt=0.5350,  29 negative triangles
322: dt=0.5350,  28 negative triangles
323: dt=0.5350,  29 negative triangles
324: dt=0.5350,  28 negative triangles
325: dt=0.5350,  29 negative triangles
326: dt=0.5350,  29 negative triangles
327: dt=0.5082,  29 negative triangles
328: dt=0.5082,  28 negative triangles
329: dt=0.5082,  29 negative triangles
330: dt=0.5082,  28 negative triangles
331: dt=0.5082,  30 negative triangles
332: dt=0.5082,  30 negative triangles
333: dt=0.5082,  29 negative triangles
334: dt=0.5082,  27 negative triangles
335: dt=0.5082,  30 negative triangles
336: dt=0.5082,  29 negative triangles
337: dt=0.4828,  28 negative triangles
338: dt=0.4828,  30 negative triangles
339: dt=0.4828,  29 negative triangles
340: dt=0.4828,  27 negative triangles
341: dt=0.4828,  28 negative triangles
342: dt=0.4828,  27 negative triangles
343: dt=0.4828,  30 negative triangles
344: dt=0.4828,  27 negative triangles
345: dt=0.4828,  28 negative triangles
346: dt=0.4828,  29 negative triangles
347: dt=0.4587,  27 negative triangles
348: dt=0.4587,  28 negative triangles
349: dt=0.4587,  27 negative triangles
350: dt=0.4587,  28 negative triangles
351: dt=0.4587,  28 negative triangles
352: dt=0.4587,  30 negative triangles
353: dt=0.4587,  30 negative triangles
354: dt=0.4587,  28 negative triangles
355: dt=0.4587,  30 negative triangles
356: dt=0.4587,  29 negative triangles
357: dt=0.4357,  28 negative triangles
358: dt=0.4357,  30 negative triangles
359: dt=0.4357,  29 negative triangles
360: dt=0.4357,  27 negative triangles
361: dt=0.4357,  29 negative triangles
362: dt=0.4357,  31 negative triangles
363: dt=0.4357,  30 negative triangles
364: dt=0.4357,  30 negative triangles
365: dt=0.4357,  31 negative triangles
366: dt=0.4357,  32 negative triangles
367: dt=0.4139,  30 negative triangles
368: dt=0.4139,  30 negative triangles
369: dt=0.4139,  29 negative triangles
370: dt=0.4139,  29 negative triangles
371: dt=0.4139,  28 negative triangles
372: dt=0.4139,  28 negative triangles
373: dt=0.4139,  30 negative triangles
374: dt=0.4139,  28 negative triangles
375: dt=0.4139,  29 negative triangles
376: dt=0.4139,  29 negative triangles
377: dt=0.3932,  28 negative triangles
378: dt=0.3932,  28 negative triangles
379: dt=0.3932,  28 negative triangles
380: dt=0.3932,  27 negative triangles
381: dt=0.3932,  28 negative triangles
382: dt=0.3932,  27 negative triangles
383: dt=0.3932,  28 negative triangles
384: dt=0.3932,  31 negative triangles
385: dt=0.3932,  31 negative triangles
386: dt=0.3932,  30 negative triangles
387: dt=0.3736,  30 negative triangles
388: dt=0.3736,  30 negative triangles
389: dt=0.3736,  28 negative triangles
390: dt=0.3736,  30 negative triangles
391: dt=0.3736,  26 negative triangles
392: dt=0.3736,  27 negative triangles
393: dt=0.3736,  27 negative triangles
394: dt=0.3736,  27 negative triangles
395: dt=0.3736,  29 negative triangles
396: dt=0.3736,  26 negative triangles
397: dt=0.3736,  31 negative triangles
398: dt=0.3736,  31 negative triangles
399: dt=0.3736,  29 negative triangles
400: dt=0.3736,  30 negative triangles
401: dt=0.3549,  29 negative triangles
402: dt=0.3549,  30 negative triangles
403: dt=0.3549,  28 negative triangles
404: dt=0.3549,  30 negative triangles
405: dt=0.3549,  29 negative triangles
406: dt=0.3549,  30 negative triangles
407: dt=0.3549,  29 negative triangles
408: dt=0.3549,  30 negative triangles
409: dt=0.3549,  31 negative triangles
410: dt=0.3549,  25 negative triangles
411: dt=0.3549,  29 negative triangles
412: dt=0.3549,  31 negative triangles
413: dt=0.3549,  30 negative triangles
414: dt=0.3549,  28 negative triangles
415: dt=0.3549,  25 negative triangles
416: dt=0.3549,  30 negative triangles
417: dt=0.3549,  28 negative triangles
418: dt=0.3549,  31 negative triangles
419: dt=0.3549,  28 negative triangles
420: dt=0.3372,  30 negative triangles
421: dt=0.3372,  28 negative triangles
422: dt=0.3372,  27 negative triangles
423: dt=0.3372,  28 negative triangles
424: dt=0.3372,  31 negative triangles
425: dt=0.3372,  32 negative triangles
426: dt=0.3372,  30 negative triangles
427: dt=0.3372,  32 negative triangles
428: dt=0.3372,  31 negative triangles
429: dt=0.3372,  31 negative triangles
430: dt=0.3203,  31 negative triangles
431: dt=0.3203,  29 negative triangles
432: dt=0.3203,  31 negative triangles
433: dt=0.3203,  29 negative triangles
434: dt=0.3203,  32 negative triangles
435: dt=0.3203,  28 negative triangles
436: dt=0.3203,  30 negative triangles
437: dt=0.3203,  27 negative triangles
438: dt=0.3203,  27 negative triangles
439: dt=0.3203,  26 negative triangles
440: dt=0.3043,  30 negative triangles
441: dt=0.3043,  32 negative triangles
442: dt=0.3043,  31 negative triangles
443: dt=0.3043,  32 negative triangles
444: dt=0.3043,  26 negative triangles
445: dt=0.3043,  24 negative triangles
446: dt=0.3043,  29 negative triangles
447: dt=0.3043,  32 negative triangles
448: dt=0.3043,  30 negative triangles
449: dt=0.3043,  29 negative triangles
450: dt=0.3043,  29 negative triangles
451: dt=0.3043,  30 negative triangles
452: dt=0.3043,  31 negative triangles
453: dt=0.3043,  31 negative triangles
454: dt=0.3043,  28 negative triangles
455: dt=0.2891,  29 negative triangles
456: dt=0.2891,  27 negative triangles
457: dt=0.2891,  27 negative triangles
458: dt=0.2891,  28 negative triangles
459: dt=0.2891,  31 negative triangles
460: dt=0.2891,  25 negative triangles
461: dt=0.2891,  27 negative triangles
462: dt=0.2891,  27 negative triangles
463: dt=0.2891,  26 negative triangles
464: dt=0.2891,  26 negative triangles
465: dt=0.2746,  27 negative triangles
466: dt=0.2746,  28 negative triangles
467: dt=0.2746,  30 negative triangles
468: dt=0.2746,  27 negative triangles
469: dt=0.2746,  28 negative triangles
470: dt=0.2746,  27 negative triangles
471: dt=0.2746,  25 negative triangles
472: dt=0.2746,  29 negative triangles
473: dt=0.2746,  28 negative triangles
474: dt=0.2746,  30 negative triangles
475: dt=0.2609,  27 negative triangles
476: dt=0.2609,  28 negative triangles
477: dt=0.2609,  28 negative triangles
478: dt=0.2609,  28 negative triangles
479: dt=0.2609,  25 negative triangles
480: dt=0.2609,  28 negative triangles
481: dt=0.2609,  31 negative triangles
482: dt=0.2609,  30 negative triangles
483: dt=0.2609,  28 negative triangles
484: dt=0.2609,  28 negative triangles
485: dt=0.2478,  25 negative triangles
486: dt=0.2478,  25 negative triangles
487: dt=0.2478,  30 negative triangles
488: dt=0.2478,  28 negative triangles
489: dt=0.2478,  29 negative triangles
490: dt=0.2478,  28 negative triangles
491: dt=0.2478,  30 negative triangles
492: dt=0.2478,  28 negative triangles
493: dt=0.2478,  26 negative triangles
494: dt=0.2478,  28 negative triangles
495: dt=0.2354,  29 negative triangles
496: dt=0.2354,  29 negative triangles
497: dt=0.2354,  28 negative triangles
498: dt=0.2354,  26 negative triangles
499: dt=0.2354,  27 negative triangles
500: dt=0.2354,  26 negative triangles
501: dt=0.2354,  26 negative triangles
502: dt=0.2354,  29 negative triangles
503: dt=0.2354,  27 negative triangles
504: dt=0.2354,  31 negative triangles
505: dt=0.2237,  27 negative triangles
506: dt=0.2237,  29 negative triangles
507: dt=0.2237,  31 negative triangles
508: dt=0.2237,  29 negative triangles
509: dt=0.2237,  30 negative triangles
510: dt=0.2237,  30 negative triangles
511: dt=0.2237,  29 negative triangles
512: dt=0.2237,  29 negative triangles
513: dt=0.2237,  27 negative triangles
514: dt=0.2237,  26 negative triangles
515: dt=0.2125,  29 negative triangles
516: dt=0.2125,  28 negative triangles
517: dt=0.2125,  31 negative triangles
518: dt=0.2125,  30 negative triangles
519: dt=0.2125,  29 negative triangles
520: dt=0.2125,  27 negative triangles
521: dt=0.2125,  30 negative triangles
522: dt=0.2125,  29 negative triangles
523: dt=0.2125,  29 negative triangles
524: dt=0.2125,  29 negative triangles
525: dt=0.2019,  28 negative triangles
526: dt=0.2019,  29 negative triangles
527: dt=0.2019,  29 negative triangles
528: dt=0.2019,  27 negative triangles
529: dt=0.2019,  24 negative triangles
530: dt=0.2019,  27 negative triangles
531: dt=0.2019,  26 negative triangles
532: dt=0.2019,  29 negative triangles
533: dt=0.2019,  30 negative triangles
534: dt=0.2019,  28 negative triangles
535: dt=0.1918,  30 negative triangles
536: dt=0.1918,  30 negative triangles
537: dt=0.1918,  30 negative triangles
538: dt=0.1918,  29 negative triangles
539: dt=0.1918,  29 negative triangles
540: dt=0.1918,  30 negative triangles
541: dt=0.1918,  29 negative triangles
542: dt=0.1918,  29 negative triangles
543: dt=0.1918,  27 negative triangles
544: dt=0.1918,  31 negative triangles
545: dt=0.1822,  29 negative triangles
546: dt=0.1822,  30 negative triangles
547: dt=0.1822,  31 negative triangles
548: dt=0.1822,  32 negative triangles
549: dt=0.1822,  30 negative triangles
550: dt=0.1822,  27 negative triangles
551: dt=0.1822,  26 negative triangles
552: dt=0.1822,  28 negative triangles
553: dt=0.1822,  27 negative triangles
554: dt=0.1822,  29 negative triangles
555: dt=0.1731,  30 negative triangles
556: dt=0.1731,  29 negative triangles
557: dt=0.1731,  26 negative triangles
558: dt=0.1731,  27 negative triangles
559: dt=0.1731,  31 negative triangles
560: dt=0.1731,  28 negative triangles
561: dt=0.1731,  29 negative triangles
562: dt=0.1731,  29 negative triangles
563: dt=0.1731,  29 negative triangles
564: dt=0.1731,  29 negative triangles
565: dt=0.1644,  29 negative triangles
566: dt=0.1644,  26 negative triangles
567: dt=0.1644,  25 negative triangles
568: dt=0.1644,  28 negative triangles
569: dt=0.1644,  27 negative triangles
570: dt=0.1644,  27 negative triangles
571: dt=0.1644,  22 negative triangles
572: dt=0.1644,  27 negative triangles
573: dt=0.1644,  28 negative triangles
574: dt=0.1644,  26 negative triangles
575: dt=0.1644,  29 negative triangles
576: dt=0.1644,  27 negative triangles
577: dt=0.1644,  27 negative triangles
578: dt=0.1644,  26 negative triangles
579: dt=0.1644,  26 negative triangles
580: dt=0.1644,  27 negative triangles
581: dt=0.1562,  28 negative triangles
582: dt=0.1562,  29 negative triangles
583: dt=0.1562,  29 negative triangles
584: dt=0.1562,  29 negative triangles
585: dt=0.1562,  28 negative triangles
586: dt=0.1562,  27 negative triangles
587: dt=0.1562,  28 negative triangles
588: dt=0.1562,  24 negative triangles
589: dt=0.1562,  23 negative triangles
590: dt=0.1562,  25 negative triangles
591: dt=0.1484,  25 negative triangles
592: dt=0.1484,  29 negative triangles
593: dt=0.1484,  29 negative triangles
594: dt=0.1484,  28 negative triangles
595: dt=0.1484,  30 negative triangles
596: dt=0.1484,  32 negative triangles
597: dt=0.1484,  32 negative triangles
598: dt=0.1484,  30 negative triangles
599: dt=0.1484,  28 negative triangles
600: dt=0.1484,  30 negative triangles
601: dt=0.1410,  26 negative triangles
602: dt=0.1410,  26 negative triangles
603: dt=0.1410,  30 negative triangles
604: dt=0.1410,  29 negative triangles
605: dt=0.1410,  28 negative triangles
606: dt=0.1410,  29 negative triangles
607: dt=0.1410,  30 negative triangles
608: dt=0.1410,  30 negative triangles
609: dt=0.1410,  31 negative triangles
610: dt=0.1410,  28 negative triangles
611: dt=0.1339,  27 negative triangles
612: dt=0.1339,  26 negative triangles
613: dt=0.1339,  27 negative triangles
614: dt=0.1339,  27 negative triangles
615: dt=0.1339,  26 negative triangles
616: dt=0.1339,  27 negative triangles
617: dt=0.1339,  26 negative triangles
618: dt=0.1339,  26 negative triangles
619: dt=0.1339,  27 negative triangles
620: dt=0.1339,  30 negative triangles
621: dt=0.1272,  29 negative triangles
622: dt=0.1272,  30 negative triangles
623: dt=0.1272,  28 negative triangles
624: dt=0.1272,  28 negative triangles
625: dt=0.1272,  28 negative triangles
626: dt=0.1272,  26 negative triangles
627: dt=0.1272,  28 negative triangles
628: dt=0.1272,  28 negative triangles
629: dt=0.1272,  30 negative triangles
630: dt=0.1272,  29 negative triangles
631: dt=0.1209,  30 negative triangles
632: dt=0.1209,  29 negative triangles
633: dt=0.1209,  28 negative triangles
634: dt=0.1209,  30 negative triangles
635: dt=0.1209,  27 negative triangles
636: dt=0.1209,  28 negative triangles
637: dt=0.1209,  29 negative triangles
638: dt=0.1209,  29 negative triangles
639: dt=0.1209,  31 negative triangles
640: dt=0.1209,  29 negative triangles
641: dt=0.1148,  30 negative triangles
642: dt=0.1148,  30 negative triangles
643: dt=0.1148,  32 negative triangles
644: dt=0.1148,  31 negative triangles
645: dt=0.1148,  31 negative triangles
646: dt=0.1148,  30 negative triangles
647: dt=0.1148,  31 negative triangles
648: dt=0.1148,  32 negative triangles
649: dt=0.1148,  31 negative triangles
650: dt=0.1148,  27 negative triangles
651: dt=0.1091,  27 negative triangles
652: dt=0.1091,  28 negative triangles
653: dt=0.1091,  28 negative triangles
654: dt=0.1091,  30 negative triangles
655: dt=0.1091,  31 negative triangles
656: dt=0.1091,  31 negative triangles
657: dt=0.1091,  28 negative triangles
658: dt=0.1091,  28 negative triangles
659: dt=0.1091,  27 negative triangles
660: dt=0.1091,  27 negative triangles
661: dt=0.1036,  28 negative triangles
662: dt=0.1036,  30 negative triangles
663: dt=0.1036,  30 negative triangles
664: dt=0.1036,  31 negative triangles
665: dt=0.1036,  27 negative triangles
666: dt=0.1036,  31 negative triangles
667: dt=0.1036,  29 negative triangles
668: dt=0.1036,  30 negative triangles
669: dt=0.1036,  30 negative triangles
670: dt=0.1036,  28 negative triangles
671: dt=0.0984,  30 negative triangles
672: dt=0.0984,  30 negative triangles
673: dt=0.0984,  31 negative triangles
674: dt=0.0984,  29 negative triangles
675: dt=0.0984,  27 negative triangles
676: dt=0.0984,  28 negative triangles
677: dt=0.0984,  29 negative triangles
678: dt=0.0984,  29 negative triangles
679: dt=0.0984,  26 negative triangles
680: dt=0.0984,  27 negative triangles
681: dt=0.0935,  27 negative triangles
682: dt=0.0935,  27 negative triangles
683: dt=0.0935,  25 negative triangles
684: dt=0.0935,  24 negative triangles
685: dt=0.0935,  25 negative triangles
686: dt=0.0935,  25 negative triangles
687: dt=0.0935,  27 negative triangles
688: dt=0.0935,  27 negative triangles
689: dt=0.0935,  29 negative triangles
690: dt=0.0935,  26 negative triangles
691: dt=0.0888,  30 negative triangles
692: dt=0.0888,  28 negative triangles
693: dt=0.0888,  29 negative triangles
694: dt=0.0888,  30 negative triangles
695: dt=0.0888,  30 negative triangles
696: dt=0.0888,  30 negative triangles
697: dt=0.0888,  28 negative triangles
698: dt=0.0888,  27 negative triangles
699: dt=0.0888,  30 negative triangles
700: dt=0.0888,  30 negative triangles
701: dt=0.0844,  29 negative triangles
702: dt=0.0844,  29 negative triangles
703: dt=0.0844,  29 negative triangles
704: dt=0.0844,  28 negative triangles
705: dt=0.0844,  28 negative triangles
706: dt=0.0844,  27 negative triangles
707: dt=0.0844,  27 negative triangles
708: dt=0.0844,  27 negative triangles
709: dt=0.0844,  26 negative triangles
710: dt=0.0844,  28 negative triangles
711: dt=0.0802,  30 negative triangles
712: dt=0.0802,  29 negative triangles
713: dt=0.0802,  29 negative triangles
714: dt=0.0802,  30 negative triangles
715: dt=0.0802,  28 negative triangles
716: dt=0.0802,  30 negative triangles
717: dt=0.0802,  28 negative triangles
718: dt=0.0802,  28 negative triangles
719: dt=0.0802,  28 negative triangles
720: dt=0.0802,  29 negative triangles
721: dt=0.0762,  30 negative triangles
722: dt=0.0762,  31 negative triangles
723: dt=0.0762,  30 negative triangles
724: dt=0.0762,  30 negative triangles
725: dt=0.0762,  29 negative triangles
726: dt=0.0762,  29 negative triangles
727: dt=0.0762,  29 negative triangles
728: dt=0.0762,  29 negative triangles
729: dt=0.0762,  31 negative triangles
730: dt=0.0762,  32 negative triangles
731: dt=0.0724,  31 negative triangles
732: dt=0.0724,  32 negative triangles
733: dt=0.0724,  32 negative triangles
734: dt=0.0724,  31 negative triangles
735: dt=0.0724,  31 negative triangles
736: dt=0.0724,  30 negative triangles
737: dt=0.0724,  28 negative triangles
738: dt=0.0724,  27 negative triangles
739: dt=0.0724,  28 negative triangles
740: dt=0.0724,  29 negative triangles
741: dt=0.0687,  29 negative triangles
742: dt=0.0687,  30 negative triangles
743: dt=0.0687,  30 negative triangles
744: dt=0.0687,  29 negative triangles
745: dt=0.0687,  27 negative triangles
746: dt=0.0687,  27 negative triangles
747: dt=0.0687,  29 negative triangles
748: dt=0.0687,  30 negative triangles
749: dt=0.0687,  32 negative triangles
750: dt=0.0687,  32 negative triangles
751: dt=0.0653,  32 negative triangles
752: dt=0.0653,  30 negative triangles
753: dt=0.0653,  32 negative triangles
754: dt=0.0653,  32 negative triangles
755: dt=0.0653,  31 negative triangles
756: dt=0.0653,  29 negative triangles
757: dt=0.0653,  28 negative triangles
758: dt=0.0653,  28 negative triangles
759: dt=0.0653,  28 negative triangles
760: dt=0.0653,  29 negative triangles
761: dt=0.0620,  27 negative triangles
762: dt=0.0620,  28 negative triangles
763: dt=0.0620,  28 negative triangles
764: dt=0.0620,  27 negative triangles
765: dt=0.0620,  27 negative triangles
766: dt=0.0620,  26 negative triangles
767: dt=0.0620,  29 negative triangles
768: dt=0.0620,  29 negative triangles
769: dt=0.0620,  29 negative triangles
770: dt=0.0620,  29 negative triangles
771: dt=0.0589,  30 negative triangles
772: dt=0.0589,  27 negative triangles
773: dt=0.0589,  27 negative triangles
774: dt=0.0589,  26 negative triangles
775: dt=0.0589,  25 negative triangles
776: dt=0.0589,  27 negative triangles
777: dt=0.0589,  27 negative triangles
778: dt=0.0589,  28 negative triangles
779: dt=0.0589,  28 negative triangles
780: dt=0.0589,  29 negative triangles
781: dt=0.0560,  27 negative triangles
782: dt=0.0560,  28 negative triangles
783: dt=0.0560,  28 negative triangles
784: dt=0.0560,  29 negative triangles
785: dt=0.0560,  29 negative triangles
786: dt=0.0560,  28 negative triangles
787: dt=0.0560,  29 negative triangles
788: dt=0.0560,  29 negative triangles
789: dt=0.0560,  27 negative triangles
790: dt=0.0560,  26 negative triangles
791: dt=0.0532,  26 negative triangles
792: dt=0.0532,  26 negative triangles
793: dt=0.0532,  27 negative triangles
794: dt=0.0532,  29 negative triangles
795: dt=0.0532,  27 negative triangles
796: dt=0.0532,  29 negative triangles
797: dt=0.0532,  29 negative triangles
798: dt=0.0532,  30 negative triangles
799: dt=0.0532,  29 negative triangles
800: dt=0.0532,  28 negative triangles
801: dt=0.0505,  28 negative triangles
802: dt=0.0505,  27 negative triangles
803: dt=0.0505,  31 negative triangles
804: dt=0.0505,  28 negative triangles
805: dt=0.0505,  27 negative triangles
806: dt=0.0505,  28 negative triangles
807: dt=0.0505,  28 negative triangles
808: dt=0.0505,  27 negative triangles
809: dt=0.0505,  27 negative triangles
810: dt=0.0505,  26 negative triangles
811: dt=0.0480,  27 negative triangles
812: dt=0.0480,  25 negative triangles
813: dt=0.0480,  27 negative triangles
814: dt=0.0480,  27 negative triangles
815: dt=0.0480,  27 negative triangles
816: dt=0.0480,  28 negative triangles
817: dt=0.0480,  29 negative triangles
818: dt=0.0480,  29 negative triangles
819: dt=0.0480,  28 negative triangles
820: dt=0.0480,  27 negative triangles
821: dt=0.0456,  28 negative triangles
822: dt=0.0456,  26 negative triangles
823: dt=0.0456,  26 negative triangles
824: dt=0.0456,  27 negative triangles
825: dt=0.0456,  28 negative triangles
826: dt=0.0456,  27 negative triangles
827: dt=0.0456,  28 negative triangles
828: dt=0.0456,  27 negative triangles
829: dt=0.0456,  27 negative triangles
830: dt=0.0456,  28 negative triangles
831: dt=0.0433,  28 negative triangles
832: dt=0.0433,  28 negative triangles
833: dt=0.0433,  27 negative triangles
834: dt=0.0433,  27 negative triangles
835: dt=0.0433,  27 negative triangles
836: dt=0.0433,  29 negative triangles
837: dt=0.0433,  26 negative triangles
838: dt=0.0433,  27 negative triangles
839: dt=0.0433,  27 negative triangles
840: dt=0.0433,  26 negative triangles
841: dt=0.0412,  26 negative triangles
842: dt=0.0412,  26 negative triangles
843: dt=0.0412,  26 negative triangles
844: dt=0.0412,  25 negative triangles
845: dt=0.0412,  25 negative triangles
846: dt=0.0412,  26 negative triangles
847: dt=0.0412,  25 negative triangles
848: dt=0.0412,  24 negative triangles
849: dt=0.0412,  26 negative triangles
850: dt=0.0412,  26 negative triangles
851: dt=0.0391,  25 negative triangles
852: dt=0.0391,  27 negative triangles
853: dt=0.0391,  27 negative triangles
854: dt=0.0391,  28 negative triangles
855: dt=0.0391,  28 negative triangles
856: dt=0.0391,  27 negative triangles
857: dt=0.0391,  28 negative triangles
858: dt=0.0391,  28 negative triangles
859: dt=0.0391,  26 negative triangles
860: dt=0.0391,  26 negative triangles
861: dt=0.0371,  27 negative triangles
862: dt=0.0371,  27 negative triangles
863: dt=0.0371,  27 negative triangles
864: dt=0.0371,  27 negative triangles
865: dt=0.0371,  28 negative triangles
866: dt=0.0371,  28 negative triangles
867: dt=0.0371,  26 negative triangles
868: dt=0.0371,  25 negative triangles
869: dt=0.0371,  28 negative triangles
870: dt=0.0371,  27 negative triangles
871: dt=0.0353,  28 negative triangles
872: dt=0.0353,  29 negative triangles
873: dt=0.0353,  30 negative triangles
874: dt=0.0353,  28 negative triangles
875: dt=0.0353,  27 negative triangles
876: dt=0.0353,  26 negative triangles
877: dt=0.0353,  27 negative triangles
878: dt=0.0353,  28 negative triangles
879: dt=0.0353,  28 negative triangles
880: dt=0.0353,  26 negative triangles
881: dt=0.0335,  25 negative triangles
882: dt=0.0335,  26 negative triangles
883: dt=0.0335,  26 negative triangles
884: dt=0.0335,  26 negative triangles
885: dt=0.0335,  26 negative triangles
886: dt=0.0335,  26 negative triangles
887: dt=0.0335,  27 negative triangles
888: dt=0.0335,  29 negative triangles
889: dt=0.0335,  31 negative triangles
890: dt=0.0335,  30 negative triangles
891: dt=0.0319,  30 negative triangles
892: dt=0.0319,  30 negative triangles
893: dt=0.0319,  29 negative triangles
894: dt=0.0319,  27 negative triangles
895: dt=0.0319,  28 negative triangles
896: dt=0.0319,  29 negative triangles
897: dt=0.0319,  30 negative triangles
898: dt=0.0319,  29 negative triangles
899: dt=0.0319,  29 negative triangles
900: dt=0.0319,  29 negative triangles
901: dt=0.0303,  28 negative triangles
902: dt=0.0303,  26 negative triangles
903: dt=0.0303,  26 negative triangles
904: dt=0.0303,  28 negative triangles
905: dt=0.0303,  29 negative triangles
906: dt=0.0303,  28 negative triangles
907: dt=0.0303,  29 negative triangles
908: dt=0.0303,  29 negative triangles
909: dt=0.0303,  29 negative triangles
910: dt=0.0303,  27 negative triangles
911: dt=0.0287,  28 negative triangles
912: dt=0.0287,  29 negative triangles
913: dt=0.0287,  28 negative triangles
914: dt=0.0287,  27 negative triangles
915: dt=0.0287,  27 negative triangles
916: dt=0.0287,  29 negative triangles
917: dt=0.0287,  28 negative triangles
918: dt=0.0287,  28 negative triangles
919: dt=0.0287,  29 negative triangles
920: dt=0.0287,  28 negative triangles
921: dt=0.0273,  29 negative triangles
922: dt=0.0273,  29 negative triangles
923: dt=0.0273,  30 negative triangles
924: dt=0.0273,  30 negative triangles
925: dt=0.0273,  30 negative triangles
926: dt=0.0273,  31 negative triangles
927: dt=0.0273,  30 negative triangles
928: dt=0.0273,  29 negative triangles
929: dt=0.0273,  30 negative triangles
930: dt=0.0273,  31 negative triangles
931: dt=0.0259,  31 negative triangles
932: dt=0.0259,  30 negative triangles
933: dt=0.0259,  32 negative triangles
934: dt=0.0259,  33 negative triangles
935: dt=0.0259,  33 negative triangles
936: dt=0.0259,  31 negative triangles
937: dt=0.0259,  31 negative triangles
938: dt=0.0259,  31 negative triangles
939: dt=0.0259,  31 negative triangles
940: dt=0.0259,  28 negative triangles
941: dt=0.0246,  26 negative triangles
942: dt=0.0246,  27 negative triangles
943: dt=0.0246,  27 negative triangles
944: dt=0.0246,  26 negative triangles
945: dt=0.0246,  28 negative triangles
946: dt=0.0246,  28 negative triangles
947: dt=0.0246,  29 negative triangles
948: dt=0.0246,  29 negative triangles
949: dt=0.0246,  30 negative triangles
950: dt=0.0246,  28 negative triangles
951: dt=0.0234,  27 negative triangles
952: dt=0.0234,  27 negative triangles
953: dt=0.0234,  27 negative triangles
954: dt=0.0234,  27 negative triangles
955: dt=0.0234,  25 negative triangles
956: dt=0.0234,  26 negative triangles
957: dt=0.0234,  26 negative triangles
958: dt=0.0234,  28 negative triangles
959: dt=0.0234,  28 negative triangles
960: dt=0.0234,  28 negative triangles
961: dt=0.0222,  28 negative triangles
962: dt=0.0222,  27 negative triangles
963: dt=0.0222,  25 negative triangles
964: dt=0.0222,  25 negative triangles
965: dt=0.0222,  25 negative triangles
966: dt=0.0222,  27 negative triangles
967: dt=0.0222,  28 negative triangles
968: dt=0.0222,  26 negative triangles
969: dt=0.0222,  27 negative triangles
970: dt=0.0222,  27 negative triangles
971: dt=0.0211,  28 negative triangles
972: dt=0.0211,  29 negative triangles
973: dt=0.0211,  29 negative triangles
974: dt=0.0211,  29 negative triangles
975: dt=0.0211,  28 negative triangles
976: dt=0.0211,  28 negative triangles
977: dt=0.0211,  28 negative triangles
978: dt=0.0211,  27 negative triangles
979: dt=0.0211,  27 negative triangles
980: dt=0.0211,  27 negative triangles
981: dt=0.0201,  27 negative triangles
982: dt=0.0201,  28 negative triangles
983: dt=0.0201,  28 negative triangles
984: dt=0.0201,  31 negative triangles
985: dt=0.0201,  31 negative triangles
986: dt=0.0201,  29 negative triangles
987: dt=0.0201,  29 negative triangles
988: dt=0.0201,  29 negative triangles
989: dt=0.0201,  29 negative triangles
990: dt=0.0201,  29 negative triangles
991: dt=0.0191,  30 negative triangles
992: dt=0.0191,  29 negative triangles
993: dt=0.0191,  29 negative triangles
994: dt=0.0191,  29 negative triangles
995: dt=0.0191,  29 negative triangles
996: dt=0.0191,  30 negative triangles
997: dt=0.0191,  30 negative triangles
998: dt=0.0191,  30 negative triangles
999: dt=0.0191,  30 negative triangles
1000: dt=0.0191,  30 negative triangles
1001: dt=0.0181,  30 negative triangles
1002: dt=0.0181,  30 negative triangles
1003: dt=0.0181,  30 negative triangles
1004: dt=0.0181,  29 negative triangles
1005: dt=0.0181,  28 negative triangles
1006: dt=0.0181,  27 negative triangles
1007: dt=0.0181,  27 negative triangles
1008: dt=0.0181,  28 negative triangles
1009: dt=0.0181,  29 negative triangles
1010: dt=0.0181,  29 negative triangles
1011: dt=0.0172,  30 negative triangles
1012: dt=0.0172,  30 negative triangles
1013: dt=0.0172,  29 negative triangles
1014: dt=0.0172,  29 negative triangles
1015: dt=0.0172,  29 negative triangles
1016: dt=0.0172,  29 negative triangles
1017: dt=0.0172,  28 negative triangles
1018: dt=0.0172,  28 negative triangles
1019: dt=0.0172,  30 negative triangles
1020: dt=0.0172,  30 negative triangles
1021: dt=0.0164,  29 negative triangles
1022: dt=0.0164,  29 negative triangles
1023: dt=0.0164,  28 negative triangles
1024: dt=0.0164,  28 negative triangles
1025: dt=0.0164,  29 negative triangles
1026: dt=0.0164,  28 negative triangles
1027: dt=0.0164,  27 negative triangles
1028: dt=0.0164,  27 negative triangles
1029: dt=0.0164,  28 negative triangles
1030: dt=0.0164,  28 negative triangles
1031: dt=0.0155,  27 negative triangles
1032: dt=0.0155,  27 negative triangles
1033: dt=0.0155,  28 negative triangles
1034: dt=0.0155,  26 negative triangles
1035: dt=0.0155,  26 negative triangles
1036: dt=0.0155,  26 negative triangles
1037: dt=0.0155,  26 negative triangles
1038: dt=0.0155,  26 negative triangles
1039: dt=0.0155,  26 negative triangles
1040: dt=0.0155,  25 negative triangles
1041: dt=0.0148,  25 negative triangles
1042: dt=0.0148,  27 negative triangles
1043: dt=0.0148,  27 negative triangles
1044: dt=0.0148,  27 negative triangles
1045: dt=0.0148,  28 negative triangles
1046: dt=0.0148,  29 negative triangles
1047: dt=0.0148,  30 negative triangles
1048: dt=0.0148,  30 negative triangles
1049: dt=0.0148,  30 negative triangles
1050: dt=0.0148,  30 negative triangles
1051: dt=0.0140,  30 negative triangles
1052: dt=0.0140,  31 negative triangles
1053: dt=0.0140,  30 negative triangles
1054: dt=0.0140,  30 negative triangles
1055: dt=0.0140,  30 negative triangles
1056: dt=0.0140,  30 negative triangles
1057: dt=0.0140,  30 negative triangles
1058: dt=0.0140,  29 negative triangles
1059: dt=0.0140,  30 negative triangles
1060: dt=0.0140,  30 negative triangles
1061: dt=0.0133,  30 negative triangles
1062: dt=0.0133,  30 negative triangles
1063: dt=0.0133,  30 negative triangles
1064: dt=0.0133,  31 negative triangles
1065: dt=0.0133,  29 negative triangles
1066: dt=0.0133,  30 negative triangles
1067: dt=0.0133,  29 negative triangles
1068: dt=0.0133,  29 negative triangles
1069: dt=0.0133,  29 negative triangles
1070: dt=0.0133,  30 negative triangles
1071: dt=0.0127,  30 negative triangles
1072: dt=0.0127,  31 negative triangles
1073: dt=0.0127,  31 negative triangles
1074: dt=0.0127,  30 negative triangles
1075: dt=0.0127,  30 negative triangles
1076: dt=0.0127,  31 negative triangles
1077: dt=0.0127,  31 negative triangles
1078: dt=0.0127,  29 negative triangles
1079: dt=0.0127,  29 negative triangles
1080: dt=0.0127,  29 negative triangles
1081: dt=0.0120,  29 negative triangles
1082: dt=0.0120,  29 negative triangles
1083: dt=0.0120,  29 negative triangles
1084: dt=0.0120,  29 negative triangles
1085: dt=0.0120,  30 negative triangles
1086: dt=0.0120,  26 negative triangles
1087: dt=0.0120,  27 negative triangles
1088: dt=0.0120,  29 negative triangles
1089: dt=0.0120,  29 negative triangles
1090: dt=0.0120,  28 negative triangles
1091: dt=0.0114,  28 negative triangles
1092: dt=0.0114,  28 negative triangles
1093: dt=0.0114,  28 negative triangles
1094: dt=0.0114,  28 negative triangles
1095: dt=0.0114,  28 negative triangles
1096: dt=0.0114,  28 negative triangles
1097: dt=0.0114,  28 negative triangles
1098: dt=0.0114,  28 negative triangles
1099: dt=0.0114,  28 negative triangles
1100: dt=0.0114,  29 negative triangles
1101: dt=0.0108,  27 negative triangles
1102: dt=0.0108,  28 negative triangles
1103: dt=0.0108,  28 negative triangles
1104: dt=0.0108,  28 negative triangles
1105: dt=0.0108,  27 negative triangles
1106: dt=0.0108,  28 negative triangles
1107: dt=0.0108,  26 negative triangles
1108: dt=0.0108,  27 negative triangles
1109: dt=0.0108,  26 negative triangles
1110: dt=0.0108,  26 negative triangles
1111: dt=0.0103,  26 negative triangles
1112: dt=0.0103,  27 negative triangles
1113: dt=0.0103,  27 negative triangles
1114: dt=0.0103,  27 negative triangles
1115: dt=0.0103,  28 negative triangles
1116: dt=0.0103,  28 negative triangles
1117: dt=0.0103,  28 negative triangles
1118: dt=0.0103,  28 negative triangles
1119: dt=0.0103,  28 negative triangles
1120: dt=0.0103,  28 negative triangles
1121: dt=0.0098,  28 negative triangles
1122: dt=0.0098,  28 negative triangles
1123: dt=0.0098,  29 negative triangles
1124: dt=0.0098,  27 negative triangles
1125: dt=0.0098,  28 negative triangles
1126: dt=0.0098,  27 negative triangles
writing registered surface to ../surf/lh.sphere.reg...
1127: dt=0.0098,  27 negative triangles
1128: 29 negative triangles
registration took 0.11 hours
#VMPC# mris_register VmPeak  1623704
FSRUNTIME@ mris_register  0.1130 hours 16 threads

 ln -sf lh.sphere.reg lh.fsaverage.sphere.reg 

#--------------------------------------------
#@# Jacobian white lh Mon Mar  9 12:00:12 CET 2026
/out/sourcedata/freesurfer/sub-v1s21x0050403_ses-1/scripts

 mris_jacobian ../surf/lh.white.preaparc ../surf/lh.sphere.reg ../surf/lh.jacobian_white 

reading surface from ../surf/lh.white.preaparc...
writing curvature file ../surf/lh.jacobian_white
#--------------------------------------------
#@# AvgCurv lh Mon Mar  9 12:00:12 CET 2026
/out/sourcedata/freesurfer/sub-v1s21x0050403_ses-1/scripts

 mrisp_paint -a 5 /opt/freesurfer/average/lh.folding.atlas.acfb40.noaparc.i12.2016-08-02.tif#6 ../surf/lh.sphere.reg ../surf/lh.avg_curv 

averaging curvature patterns 5 times...
reading surface from ../surf/lh.sphere.reg...
reading template parameterization from /opt/freesurfer/average/lh.folding.atlas.acfb40.noaparc.i12.2016-08-02.tif...
writing curvature file to ../surf/lh.avg_curv...
#-----------------------------------------
#@# Cortical Parc lh Mon Mar  9 12:00:13 CET 2026
/out/sourcedata/freesurfer/sub-v1s21x0050403_ses-1/scripts

 mris_ca_label -l ../label/lh.cortex.label -aseg ../mri/aseg.presurf.mgz -seed 1234 sub-v1s21x0050403_ses-1 lh ../surf/lh.sphere.reg /opt/freesurfer/average/lh.DKaparc.atlas.acfb40.noaparc.i12.2016-08-02.gcs ../label/lh.aparc.annot 

setting seed for random number generator to 1234
using ../mri/aseg.presurf.mgz aseg volume to correct midline
7.3.2
  7.3.2
reading atlas from /opt/freesurfer/average/lh.DKaparc.atlas.acfb40.noaparc.i12.2016-08-02.gcs...
reading color table from GCSA file....
average std = 0.8   using min determinant for regularization = 0.006
0 singular and 342 ill-conditioned covariance matrices regularized
input 0: MEAN CURVATURE, flags 0, avgs 5, name mean_curvature
labeling surface...
1319 labels changed using aseg
relabeling using gibbs priors...
000:   3524 changed, 153332 examined...
001:    806 changed, 14731 examined...
002:    202 changed, 4591 examined...
003:     75 changed, 1231 examined...
004:     23 changed, 465 examined...
005:     10 changed, 140 examined...
006:      5 changed, 58 examined...
007:      1 changed, 30 examined...
008:      2 changed, 8 examined...
009:      1 changed, 9 examined...
010:      2 changed, 7 examined...
011:      1 changed, 10 examined...
012:      0 changed, 7 examined...
222 labels changed using aseg
000: 123 total segments, 82 labels (296 vertices) changed
001: 41 total segments, 0 labels (0 vertices) changed
10 filter iterations complete (10 requested, 4 changed)
rationalizing unknown annotations with cortex label
relabeling unknown label...
relabeling corpuscallosum label...
2192 vertices marked for relabeling...
2192 labels changed in reclassification.
writing output to ../label/lh.aparc.annot...
classification took 0 minutes and 8 seconds.
#--------------------------------------------
#@# WhiteSurfs lh Mon Mar  9 12:00:21 CET 2026
cd /out/sourcedata/freesurfer/sub-v1s21x0050403_ses-1/mri
mris_place_surface --adgws-in ../surf/autodet.gw.stats.lh.dat --seg aseg.presurf.mgz --threads 16 --wm wm.mgz --invol brain.finalsurfs.mgz --lh --i ../surf/lh.white.preaparc --o ../surf/lh.white --white --nsmooth 0 --rip-label ../label/lh.cortex.label --rip-bg --rip-surf ../surf/lh.white.preaparc --aparc ../label/lh.aparc.annot
7.3.2
7.3.2

cd /out/sourcedata/freesurfer/sub-v1s21x0050403_ses-1/mri
setenv SUBJECTS_DIR /out/sourcedata/freesurfer
mris_place_surface --adgws-in ../surf/autodet.gw.stats.lh.dat --seg aseg.presurf.mgz --threads 16 --wm wm.mgz --invol brain.finalsurfs.mgz --lh --i ../surf/lh.white.preaparc --o ../surf/lh.white --white --nsmooth 0 --rip-label ../label/lh.cortex.label --rip-bg --rip-surf ../surf/lh.white.preaparc --aparc ../label/lh.aparc.annot 

Reading in input surface ../surf/lh.white.preaparc
Not smoothing input surface
removing intersecting faces
000: 6 intersecting
step 1 with no progress (num=11, old_num=6)
001: 11 intersecting
step 2 with no progress (num=15, old_num=11)
002: 15 intersecting
step 3 with no progress (num=15, old_num=15)
003: 15 intersecting
step 4 with no progress (num=18, old_num=15)
004: 18 intersecting
step 5 with no progress (num=18, old_num=18)
005: 18 intersecting
006: 15 intersecting
007: 7 intersecting
step 1 with no progress (num=10, old_num=7)
008: 10 intersecting
step 2 with no progress (num=14, old_num=10)
009: 14 intersecting
step 3 with no progress (num=16, old_num=14)
010: 16 intersecting
011: 12 intersecting
step 1 with no progress (num=28, old_num=12)
012: 28 intersecting
step 2 with no progress (num=31, old_num=28)
013: 31 intersecting
014: 13 intersecting
step 1 with no progress (num=15, old_num=13)
015: 15 intersecting
step 2 with no progress (num=16, old_num=15)
016: 16 intersecting
step 3 with no progress (num=18, old_num=16)
017: 18 intersecting
018: 13 intersecting
step 1 with no progress (num=27, old_num=13)
019: 27 intersecting
020: 20 intersecting
step 1 with no progress (num=23, old_num=20)
021: 23 intersecting
step 2 with no progress (num=26, old_num=23)
022: 26 intersecting
step 3 with no progress (num=27, old_num=26)
023: 27 intersecting
step 4 with no progress (num=27, old_num=27)
024: 27 intersecting
step 5 with no progress (num=27, old_num=27)
025: 27 intersecting
step 6 with no progress (num=27, old_num=27)
026: 27 intersecting
step 7 with no progress (num=27, old_num=27)
027: 27 intersecting
step 8 with no progress (num=27, old_num=27)
028: 27 intersecting
step 9 with no progress (num=27, old_num=27)
029: 27 intersecting
step 10 with no progress (num=27, old_num=27)
030: 27 intersecting
step 11 with no progress (num=27, old_num=27)
031: 27 intersecting
step 12 with no progress (num=27, old_num=27)
032: 27 intersecting
step 13 with no progress (num=27, old_num=27)
033: 27 intersecting
step 14 with no progress (num=27, old_num=27)
034: 27 intersecting
step 15 with no progress (num=27, old_num=27)
035: 27 intersecting
step 16 with no progress (num=27, old_num=27)
terminating search with 6 intersecting
Area    306660  0.34446  0.11757 0.000000   2.2050
Corner  919980 60.00000 13.18195 0.024810 179.9121
Edge    459990  0.90230  0.19482 0.001007   3.4149
Hinge   459990 10.71486 12.05636 0.000013 179.8101
Reading in aparc ../label/lh.aparc.annot
Reading in input volume brain.finalsurfs.mgz
Reading in wm volume wm.mgz
MRIclipBrightWM(): nthresh=21949, wmmin=5, clip=110 
MRIfindBrightNonWM(): 3369 bright non-wm voxels segmented.
Masking bright non-wm for white surface
MRImask(): AllowDiffGeom = 1
MRImask(): AllowDiffGeom = 1
Reading in seg volume aseg.presurf.mgz
Ripping frozen voxels
Ripping vertices not in label ../label/lh.cortex.label
MRISripNotLabel() ripped 8427/153332 vertices (144905 unripped)
Reading in ripping surface ../surf/lh.white.preaparc
Reading in aparc ../label/lh.aparc.annot for ripsurf
Ripping BG
MRISripBasalGanglia(): 1 -2 2 0.5 ripped 567
Ripping segs (eg, WMSA, BG, frozen)
Starting MRISripSegs() d = (-2 2 0.5) segnos: 247 
MRISripSegs(): -2 2 0.5 ripped 0
vertex 76666: xyz = (-61.4777,6.63475,9.3293) oxyz = (-61.4777,6.63475,9.3293) wxzy = (-61.4777,6.63475,9.3293) pxyz = (0,0,0) 
CBVO Creating mask 153332
n_averages 4
Iteration 0 =========================================
n_averages=4, current_sigma=2
Computing target border values 
Entering MRIScomputeBorderValues_new(): 
  inside_hi   = 120.0000000;
  border_hi   = 106.8747940;
  border_low  =  70.0000000;
  outside_low =  59.4178920;
  outside_hi  = 106.8747940;
  sigma = 2;
  max_thickness = 10;
  step_size=0.5;
  STEP_SIZE=0.1;
  which = 1
  thresh = 0
  flags = 0
  CBVfindFirstPeakD1=0
  CBVfindFirstPeakD2=0
  nvertices=153332
  Gdiag_no=-1
  vno start=0, stop=153332
Replacing 255s with 0s
#SI# sigma=2 had to be increased for 197 vertices, nripped=8994
mean border=80.8, 213 (213) missing vertices, mean dist 0.3 [0.8 (%18.7)->0.6 (%81.3))]
%64 local maxima, %30 large gradients and % 0 min vals, 0 gradients ignored
nFirstPeakD1 0
MRIScomputeBorderValues_new() finished in 0.0134 min


Finding expansion regions
mean absolute distance = 0.59 +- 0.90
3932 vertices more than 2 sigmas from mean.
Averaging target values for 5 iterations...
Positioning Surface: tspring = 0.3, nspring = 0.3, spring = 0, niters = 100 l_repulse = 5, l_surf_repulse = 0, checktol = 0
Positioning pial surface
Entering MRISpositionSurface()
  max_mm = 0.3
  MAX_REDUCTIONS = 2, REDUCTION_PCT = 0.5
  parms->check_tol = 0, niterations = 100
tol=1.0e-04, sigma=2.0, host=dna07, nav=4, nbrs=2, l_repulse=5.000, l_tspring=0.300, l_nspring=0.300, l_intensity=0.200, l_curv=1.000
mom=0.00, dt=0.50
complete_dist_mat 0
rms 0
smooth_averages 0
remove_neg 0
ico_order 0
which_surface 0
target_radius 0.000000
nfields 0
scale 0.000000
desired_rms_height 0.000000
momentum 0.000000
nbhd_size 0
max_nbrs 0
niterations 100
nsurfaces 0
SURFACES 3
flags 0 (0)
use curv 0
no sulc 0
no rigid align 0
mris->nsize 2
mris->hemisphere 0
randomSeed 0

000: dt: 0.0000, sse=2704683.0, rms=6.514
001: dt: 0.5000, sse=1911833.9, rms=4.036 (38.040%)
002: dt: 0.5000, sse=1674247.4, rms=3.096 (23.305%)
003: dt: 0.5000, sse=1669787.9, rms=2.800 (9.546%)
004: dt: 0.5000, sse=1647128.4, rms=2.653 (5.241%)
rms = 2.6531/2.6533, sse=1648387.3/1647128.4, time step reduction 1 of 3 to 0.250  0 1 1
005: dt: 0.5000, sse=1648387.4, rms=2.653 (0.009%)
006: dt: 0.2500, sse=1527923.9, rms=1.636 (38.349%)
007: dt: 0.2500, sse=1511074.0, rms=1.462 (10.602%)
rms = 1.4263/1.4623, sse=1509411.2/1511074.0, time step reduction 2 of 3 to 0.125  0 0 1
008: dt: 0.2500, sse=1509411.1, rms=1.426 (2.461%)
009: dt: 0.1250, sse=1505115.2, rms=1.376 (3.526%)
rms = 1.3621/1.3760, sse=1504897.3/1505115.2, time step reduction 3 of 3 to 0.062  0 0 1
010: dt: 0.1250, sse=1504897.2, rms=1.362 (1.009%)
  maximum number of reductions reached, breaking from loop
positioning took 0.9 minutes
Iteration 1 =========================================
n_averages=2, current_sigma=1
Computing target border values 
Entering MRIScomputeBorderValues_new(): 
  inside_hi   = 120.0000000;
  border_hi   = 106.8747940;
  border_low  =  70.0000000;
  outside_low =  59.4178920;
  outside_hi  = 106.8747940;
  sigma = 1;
  max_thickness = 10;
  step_size=0.5;
  STEP_SIZE=0.1;
  which = 1
  thresh = 0
  flags = 0
  CBVfindFirstPeakD1=0
  CBVfindFirstPeakD2=0
  nvertices=153332
  Gdiag_no=-1
  vno start=0, stop=153332
Replacing 255s with 0s
#SI# sigma=1 had to be increased for 242 vertices, nripped=8994
mean border=83.1, 157 (78) missing vertices, mean dist -0.2 [0.5 (%65.9)->0.3 (%34.1))]
%72 local maxima, %22 large gradients and % 0 min vals, 0 gradients ignored
nFirstPeakD1 0
MRIScomputeBorderValues_new() finished in 0.0082 min


Finding expansion regions
mean absolute distance = 0.40 +- 0.74
4603 vertices more than 2 sigmas from mean.
Averaging target values for 5 iterations...
Positioning Surface: tspring = 0.3, nspring = 0.3, spring = 0, niters = 100 l_repulse = 5, l_surf_repulse = 0, checktol = 0
Positioning pial surface
Entering MRISpositionSurface()
  max_mm = 0.3
  MAX_REDUCTIONS = 2, REDUCTION_PCT = 0.5
  parms->check_tol = 0, niterations = 100
tol=1.0e-04, sigma=1.0, host=dna07, nav=2, nbrs=2, l_repulse=5.000, l_tspring=0.300, l_nspring=0.300, l_intensity=0.200, l_curv=1.000
mom=0.00, dt=0.50
000: dt: 0.0000, sse=1871964.8, rms=3.753
011: dt: 0.5000, sse=1644920.8, rms=2.481 (33.886%)
012: dt: 0.5000, sse=1627152.6, rms=2.344 (5.549%)
rms = 2.3740/2.3436, sse=1500110.8/1627152.7, time step reduction 1 of 3 to 0.250  0 0 1
   RMS increased, rejecting step
013: dt: 0.2500, sse=1551551.0, rms=1.723 (26.472%)
014: dt: 0.2500, sse=1519640.6, rms=1.368 (20.630%)
015: dt: 0.2500, sse=1512283.6, rms=1.271 (7.053%)
016: dt: 0.2500, sse=1509188.5, rms=1.216 (4.365%)
rms = 1.1925/1.2158, sse=1506273.4/1509188.4, time step reduction 2 of 3 to 0.125  0 0 1
017: dt: 0.2500, sse=1506273.4, rms=1.192 (1.917%)
rms = 1.1453/1.1925, sse=1503125.4/1506273.4, time step reduction 3 of 3 to 0.062  0 0 1
018: dt: 0.1250, sse=1503125.4, rms=1.145 (3.960%)
  maximum number of reductions reached, breaking from loop
positioning took 0.8 minutes
Iteration 2 =========================================
n_averages=1, current_sigma=0.5
Computing target border values 
Entering MRIScomputeBorderValues_new(): 
  inside_hi   = 120.0000000;
  border_hi   = 106.8747940;
  border_low  =  70.0000000;
  outside_low =  59.4178920;
  outside_hi  = 106.8747940;
  sigma = 0.5;
  max_thickness = 10;
  step_size=0.5;
  STEP_SIZE=0.1;
  which = 1
  thresh = 0
  flags = 0
  CBVfindFirstPeakD1=0
  CBVfindFirstPeakD2=0
  nvertices=153332
  Gdiag_no=-1
  vno start=0, stop=153332
Replacing 255s with 0s
#SI# sigma=0.5 had to be increased for 307 vertices, nripped=8994
mean border=84.7, 176 (58) missing vertices, mean dist -0.1 [0.4 (%62.2)->0.3 (%37.8))]
%79 local maxima, %15 large gradients and % 0 min vals, 0 gradients ignored
nFirstPeakD1 0
MRIScomputeBorderValues_new() finished in 0.0049 min


Finding expansion regions
mean absolute distance = 0.34 +- 0.56
4790 vertices more than 2 sigmas from mean.
Averaging target values for 5 iterations...
Positioning Surface: tspring = 0.3, nspring = 0.3, spring = 0, niters = 100 l_repulse = 5, l_surf_repulse = 0, checktol = 0
Positioning pial surface
Entering MRISpositionSurface()
  max_mm = 0.3
  MAX_REDUCTIONS = 2, REDUCTION_PCT = 0.5
  parms->check_tol = 0, niterations = 100
tol=1.0e-04, sigma=0.5, host=dna07, nav=1, nbrs=2, l_repulse=5.000, l_tspring=0.300, l_nspring=0.300, l_intensity=0.200, l_curv=1.000
mom=0.00, dt=0.50
000: dt: 0.0000, sse=1652399.9, rms=2.585
019: dt: 0.5000, sse=1584538.0, rms=2.045 (20.886%)
rms = 2.1009/2.0451, sse=1589655.1/1584537.9, time step reduction 1 of 3 to 0.250  0 1 1
   RMS increased, rejecting step
020: dt: 0.2500, sse=1525367.0, rms=1.477 (27.767%)
021: dt: 0.2500, sse=1134574.1, rms=1.193 (19.240%)
rms = 1.1135/1.1930, sse=1452884.6/1134574.2, time step reduction 2 of 3 to 0.125  0 1 0
022: dt: 0.2500, sse=1452884.6, rms=1.114 (6.663%)
023: dt: 0.1250, sse=1449419.2, rms=1.054 (5.387%)
rms = 1.0425/1.0536, sse=1448842.9/1449419.2, time step reduction 3 of 3 to 0.062  0 0 1
024: dt: 0.1250, sse=1448842.9, rms=1.043 (1.049%)
  maximum number of reductions reached, breaking from loop
positioning took 0.6 minutes
Iteration 3 =========================================
n_averages=0, current_sigma=0.25
Computing target border values 
Entering MRIScomputeBorderValues_new(): 
  inside_hi   = 120.0000000;
  border_hi   = 106.8747940;
  border_low  =  70.0000000;
  outside_low =  59.4178920;
  outside_hi  = 106.8747940;
  sigma = 0.25;
  max_thickness = 10;
  step_size=0.5;
  STEP_SIZE=0.1;
  which = 1
  thresh = 0
  flags = 0
  CBVfindFirstPeakD1=0
  CBVfindFirstPeakD2=0
  nvertices=153332
  Gdiag_no=-1
  vno start=0, stop=153332
Replacing 255s with 0s
#SI# sigma=0.25 had to be increased for 345 vertices, nripped=8994
mean border=85.4, 275 (57) missing vertices, mean dist -0.1 [0.4 (%53.9)->0.3 (%46.1))]
%82 local maxima, %11 large gradients and % 0 min vals, 0 gradients ignored
nFirstPeakD1 0
MRIScomputeBorderValues_new() finished in 0.0034 min


Finding expansion regions
mean absolute distance = 0.31 +- 0.48
4214 vertices more than 2 sigmas from mean.
Averaging target values for 5 iterations...
Positioning Surface: tspring = 0.3, nspring = 0.3, spring = 0, niters = 100 l_repulse = 5, l_surf_repulse = 0, checktol = 0
Positioning pial surface
Entering MRISpositionSurface()
  max_mm = 0.3
  MAX_REDUCTIONS = 2, REDUCTION_PCT = 0.5
  parms->check_tol = 0, niterations = 100
tol=1.0e-04, sigma=0.2, host=dna07, nav=0, nbrs=2, l_repulse=5.000, l_tspring=0.300, l_nspring=0.300, l_intensity=0.200, l_curv=1.000
mom=0.00, dt=0.50
000: dt: 0.0000, sse=1485509.6, rms=1.566
rms = 1.3955/1.5664, sse=1522640.2/1485509.7, time step reduction 1 of 3 to 0.250  0 1 0
025: dt: 0.5000, sse=1522640.2, rms=1.395 (10.916%)
026: dt: 0.2500, sse=1491264.1, rms=0.977 (29.965%)
027: dt: 0.2500, sse=1482748.4, rms=0.913 (6.549%)
rms = 0.9418/0.9133, sse=1483303.2/1482748.3, time step reduction 2 of 3 to 0.125  0 1 1
   RMS increased, rejecting step
rms = 0.8682/0.9133, sse=1480160.8/1482748.3, time step reduction 3 of 3 to 0.062  0 0 1
028: dt: 0.1250, sse=1480160.9, rms=0.868 (4.933%)
  maximum number of reductions reached, breaking from loop
positioning took 0.4 minutes
removing intersecting faces
000: 6 intersecting
step 1 with no progress (num=7, old_num=6)
001: 7 intersecting
step 2 with no progress (num=12, old_num=7)
002: 12 intersecting
step 3 with no progress (num=15, old_num=12)
003: 15 intersecting
004: 8 intersecting
005: 6 intersecting
step 1 with no progress (num=6, old_num=6)
006: 6 intersecting
step 2 with no progress (num=6, old_num=6)
007: 6 intersecting
step 3 with no progress (num=6, old_num=6)
008: 6 intersecting
step 4 with no progress (num=6, old_num=6)
009: 6 intersecting
step 5 with no progress (num=6, old_num=6)
010: 6 intersecting
step 6 with no progress (num=6, old_num=6)
011: 6 intersecting
step 7 with no progress (num=6, old_num=6)
012: 6 intersecting
step 8 with no progress (num=6, old_num=6)
013: 6 intersecting
step 9 with no progress (num=6, old_num=6)
014: 6 intersecting
step 10 with no progress (num=6, old_num=6)
015: 6 intersecting
step 11 with no progress (num=6, old_num=6)
016: 6 intersecting
step 12 with no progress (num=6, old_num=6)
017: 6 intersecting
step 13 with no progress (num=6, old_num=6)
018: 6 intersecting
step 14 with no progress (num=6, old_num=6)
019: 6 intersecting
step 15 with no progress (num=6, old_num=6)
020: 6 intersecting
step 16 with no progress (num=6, old_num=6)
terminating search with 6 intersecting


Writing output to ../surf/lh.white
#ET# mris_place_surface  3.21 minutes
#VMPC# mris_place_surfaces VmPeak  3368504
mris_place_surface done
#--------------------------------------------
#@# T1PialSurf lh Mon Mar  9 12:04:26 CET 2026
cd /out/sourcedata/freesurfer/sub-v1s21x0050403_ses-1/mri
mris_place_surface --adgws-in ../surf/autodet.gw.stats.lh.dat --seg aseg.presurf.mgz --threads 16 --wm wm.mgz --invol brain.finalsurfs.mgz --lh --i ../surf/lh.white --o ../surf/lh.pial.T1 --pial --nsmooth 0 --rip-label ../label/lh.cortex+hipamyg.label --pin-medial-wall ../label/lh.cortex.label --aparc ../label/lh.aparc.annot --repulse-surf ../surf/lh.white --white-surf ../surf/lh.white
7.3.2
7.3.2

cd /out/sourcedata/freesurfer/sub-v1s21x0050403_ses-1/mri
setenv SUBJECTS_DIR /out/sourcedata/freesurfer
mris_place_surface --adgws-in ../surf/autodet.gw.stats.lh.dat --seg aseg.presurf.mgz --threads 16 --wm wm.mgz --invol brain.finalsurfs.mgz --lh --i ../surf/lh.white --o ../surf/lh.pial.T1 --pial --nsmooth 0 --rip-label ../label/lh.cortex+hipamyg.label --pin-medial-wall ../label/lh.cortex.label --aparc ../label/lh.aparc.annot --repulse-surf ../surf/lh.white --white-surf ../surf/lh.white 

Reading in input surface ../surf/lh.white
Not smoothing input surface
removing intersecting faces
000: 6 intersecting
step 1 with no progress (num=6, old_num=6)
001: 6 intersecting
step 2 with no progress (num=6, old_num=6)
002: 6 intersecting
step 3 with no progress (num=6, old_num=6)
003: 6 intersecting
step 4 with no progress (num=6, old_num=6)
004: 6 intersecting
step 5 with no progress (num=6, old_num=6)
005: 6 intersecting
step 6 with no progress (num=6, old_num=6)
006: 6 intersecting
step 7 with no progress (num=6, old_num=6)
007: 6 intersecting
step 8 with no progress (num=6, old_num=6)
008: 6 intersecting
step 9 with no progress (num=6, old_num=6)
009: 6 intersecting
step 10 with no progress (num=6, old_num=6)
010: 6 intersecting
step 11 with no progress (num=6, old_num=6)
011: 6 intersecting
step 12 with no progress (num=6, old_num=6)
012: 6 intersecting
step 13 with no progress (num=6, old_num=6)
013: 6 intersecting
step 14 with no progress (num=6, old_num=6)
014: 6 intersecting
step 15 with no progress (num=6, old_num=6)
015: 6 intersecting
step 16 with no progress (num=6, old_num=6)
terminating search with 6 intersecting
Area    306660  0.35099  0.14004 0.000000   2.5359
Corner  919980 60.00000 15.39952 0.005392 179.9700
Edge    459990  0.91398  0.22644 0.000367   3.4149
Hinge   459990 11.04035 12.75777 0.000009 179.9359
Reading white surface coordinates from ../surf/lh.white
Reading repulsion surface coordinates from ../surf/lh.white
Reading in aparc ../label/lh.aparc.annot
Reading in input volume brain.finalsurfs.mgz
Reading in wm volume wm.mgz
MRIclipBrightWM(): nthresh=21949, wmmin=5, clip=110 
MRIfindBrightNonWM(): 3369 bright non-wm voxels segmented.
Masking bright non-wm for pial surface mid_gray = 64.6894
MRImask(): AllowDiffGeom = 1
MRImask(): AllowDiffGeom = 1
MRImask(): AllowDiffGeom = 1
Reading in seg volume aseg.presurf.mgz
Ripping frozen voxels
Ripping vertices not in label ../label/lh.cortex+hipamyg.label
MRISripNotLabel() ripped 6581/153332 vertices (146751 unripped)
INFO: rip surface needed but not specified, so using input surface
Ripping segs (eg, WMSA, BG, frozen)
Starting MRISripSegs() d = (-2 2 0.5) segnos: 247 
MRISripSegs(): -2 2 0.5 ripped 0
vertex 76666: xyz = (-61.6235,6.8196,9.32245) oxyz = (-61.6235,6.8196,9.32245) wxzy = (-61.6235,6.8196,9.32245) pxyz = (-61.6235,6.8196,9.32245) 
CBVO Creating mask 153332
n_averages 16
Iteration 0 =========================================
n_averages=16, current_sigma=2
Computing target border values 
Entering MRIScomputeBorderValues_new(): 
  inside_hi   =  91.1252060;
  border_hi   =  59.4178920;
  border_low  =  38.2536850;
  outside_low =  10.0000000;
  outside_hi  =  54.1268390;
  sigma = 2;
  max_thickness = 10;
  step_size=0.5;
  STEP_SIZE=0.1;
  which = 2
  thresh = 0
  flags = 0
  CBVfindFirstPeakD1=0
  CBVfindFirstPeakD2=0
  nvertices=153332
  Gdiag_no=-1
  vno start=0, stop=153332
Replacing 255s with 0s
#SI# sigma=2 had to be increased for 338 vertices, nripped=6581
mean border=57.5, 218 (218) missing vertices, mean dist 1.8 [1.0 (%0.0)->2.9 (%100.0))]
%12 local maxima, %46 large gradients and %37 min vals, 0 gradients ignored
nFirstPeakD1 0
MRIScomputeBorderValues_new() finished in 0.0120 min


Averaging target values for 5 iterations...
Positioning Surface: tspring = 0.3, nspring = 0.3, spring = 0, niters = 100 l_repulse = 0, l_surf_repulse = 5, checktol = 0
Positioning pial surface
Entering MRISpositionSurface()
  max_mm = 0.3
  MAX_REDUCTIONS = 2, REDUCTION_PCT = 0.5
  parms->check_tol = 0, niterations = 100
tol=1.0e-04, sigma=2.0, host=dna07, nav=16, nbrs=2, l_surf_repulse=5.000, l_tspring=0.300, l_nspring=0.300, l_intensity=0.200, l_curv=1.000
mom=0.00, dt=0.50
complete_dist_mat 0
rms 0
smooth_averages 0
remove_neg 0
ico_order 0
which_surface 0
target_radius 0.000000
nfields 0
scale 0.000000
desired_rms_height 0.000000
momentum 0.000000
nbhd_size 0
max_nbrs 0
niterations 100
nsurfaces 0
SURFACES 3
flags 0 (0)
use curv 0
no sulc 0
no rigid align 0
mris->nsize 2
mris->hemisphere 0
randomSeed 0

000: dt: 0.0000, sse=24224058.0, rms=28.613
001: dt: 0.5000, sse=17342518.0, rms=24.164 (15.551%)
002: dt: 0.5000, sse=12276483.0, rms=20.272 (16.106%)
003: dt: 0.5000, sse=8857109.0, rms=17.151 (15.394%)
004: dt: 0.5000, sse=6670222.5, rms=14.813 (13.634%)
005: dt: 0.5000, sse=5239393.5, rms=13.057 (11.854%)
006: dt: 0.5000, sse=4227627.0, rms=11.655 (10.734%)
007: dt: 0.5000, sse=3467859.8, rms=10.478 (10.097%)
008: dt: 0.5000, sse=2882061.5, rms=9.470 (9.622%)
009: dt: 0.5000, sse=2412671.0, rms=8.576 (9.445%)
010: dt: 0.5000, sse=2042983.4, rms=7.798 (9.069%)
011: dt: 0.5000, sse=1765204.5, rms=7.157 (8.223%)
012: dt: 0.5000, sse=1555621.1, rms=6.630 (7.356%)
013: dt: 0.5000, sse=1392615.0, rms=6.189 (6.663%)
014: dt: 0.5000, sse=1271084.0, rms=5.837 (5.683%)
015: dt: 0.5000, sse=1180187.6, rms=5.557 (4.787%)
016: dt: 0.5000, sse=1109373.5, rms=5.329 (4.111%)
017: dt: 0.5000, sse=1055139.8, rms=5.146 (3.428%)
018: dt: 0.5000, sse=1012614.4, rms=4.998 (2.884%)
019: dt: 0.5000, sse=981743.4, rms=4.886 (2.239%)
020: dt: 0.5000, sse=962314.6, rms=4.813 (1.494%)
021: dt: 0.5000, sse=944373.2, rms=4.744 (1.426%)
rms = 4.7026/4.7443, sse=934053.5/944373.2, time step reduction 1 of 3 to 0.250  0 0 1
022: dt: 0.5000, sse=934053.5, rms=4.703 (0.880%)
023: dt: 0.2500, sse=821047.2, rms=4.255 (9.511%)
024: dt: 0.2500, sse=794236.1, rms=4.143 (2.630%)
rms = 4.1275/4.1434, sse=790969.2/794236.1, time step reduction 2 of 3 to 0.125  0 0 1
025: dt: 0.2500, sse=790969.2, rms=4.128 (0.383%)
026: dt: 0.1250, sse=763287.2, rms=4.008 (2.899%)
rms = 3.9860/4.0079, sse=758465.2/763287.3, time step reduction 3 of 3 to 0.062  0 0 1
027: dt: 0.1250, sse=758465.2, rms=3.986 (0.545%)
  maximum number of reductions reached, breaking from loop
positioning took 2.3 minutes
Iteration 1 =========================================
n_averages=8, current_sigma=1
Computing target border values 
Entering MRIScomputeBorderValues_new(): 
  inside_hi   =  91.1252060;
  border_hi   =  59.4178920;
  border_low  =  38.2536850;
  outside_low =  10.0000000;
  outside_hi  =  54.1268390;
  sigma = 1;
  max_thickness = 10;
  step_size=0.5;
  STEP_SIZE=0.1;
  which = 2
  thresh = 0
  flags = 0
  CBVfindFirstPeakD1=0
  CBVfindFirstPeakD2=0
  nvertices=153332
  Gdiag_no=-1
  vno start=0, stop=153332
Replacing 255s with 0s
#SI# sigma=1 had to be increased for 11488 vertices, nripped=6581
mean border=56.3, 2326 (29) missing vertices, mean dist 0.2 [0.2 (%48.9)->0.8 (%51.1))]
%23 local maxima, %39 large gradients and %33 min vals, 0 gradients ignored
nFirstPeakD1 0
MRIScomputeBorderValues_new() finished in 0.0044 min


Averaging target values for 5 iterations...
Positioning Surface: tspring = 0.3, nspring = 0.3, spring = 0, niters = 100 l_repulse = 0, l_surf_repulse = 5, checktol = 0
Positioning pial surface
Entering MRISpositionSurface()
  max_mm = 0.3
  MAX_REDUCTIONS = 2, REDUCTION_PCT = 0.5
  parms->check_tol = 0, niterations = 100
tol=1.0e-04, sigma=1.0, host=dna07, nav=8, nbrs=2, l_surf_repulse=5.000, l_tspring=0.300, l_nspring=0.300, l_intensity=0.200, l_curv=1.000
mom=0.00, dt=0.50
000: dt: 0.0000, sse=1034000.8, rms=4.759
028: dt: 0.5000, sse=1012740.1, rms=4.685 (1.559%)
029: dt: 0.5000, sse=968491.8, rms=4.533 (3.244%)
rms = 4.6281/4.5330, sse=994612.2/968491.8, time step reduction 1 of 3 to 0.250  0 1 1
   RMS increased, rejecting step
030: dt: 0.2500, sse=872767.7, rms=4.146 (8.528%)
031: dt: 0.2500, sse=845459.3, rms=4.026 (2.901%)
rms = 4.0483/4.0261, sse=851040.6/845459.3, time step reduction 2 of 3 to 0.125  0 1 1
   RMS increased, rejecting step
rms = 3.9769/4.0261, sse=834210.8/845459.3, time step reduction 3 of 3 to 0.062  0 0 1
032: dt: 0.1250, sse=834210.8, rms=3.977 (1.223%)
  maximum number of reductions reached, breaking from loop
positioning took 0.5 minutes
Iteration 2 =========================================
n_averages=4, current_sigma=0.5
Computing target border values 
Entering MRIScomputeBorderValues_new(): 
  inside_hi   =  91.1252060;
  border_hi   =  59.4178920;
  border_low  =  38.2536850;
  outside_low =  10.0000000;
  outside_hi  =  54.1268390;
  sigma = 0.5;
  max_thickness = 10;
  step_size=0.5;
  STEP_SIZE=0.1;
  which = 2
  thresh = 0
  flags = 0
  CBVfindFirstPeakD1=0
  CBVfindFirstPeakD2=0
  nvertices=153332
  Gdiag_no=-1
  vno start=0, stop=153332
Replacing 255s with 0s
#SI# sigma=0.5 had to be increased for 12729 vertices, nripped=6581
mean border=55.5, 2913 (21) missing vertices, mean dist 0.2 [0.2 (%46.8)->0.7 (%53.2))]
%32 local maxima, %29 large gradients and %33 min vals, 0 gradients ignored
nFirstPeakD1 0
MRIScomputeBorderValues_new() finished in 0.0027 min


Averaging target values for 5 iterations...
Positioning Surface: tspring = 0.3, nspring = 0.3, spring = 0, niters = 100 l_repulse = 0, l_surf_repulse = 5, checktol = 0
Positioning pial surface
Entering MRISpositionSurface()
  max_mm = 0.3
  MAX_REDUCTIONS = 2, REDUCTION_PCT = 0.5
  parms->check_tol = 0, niterations = 100
tol=1.0e-04, sigma=0.5, host=dna07, nav=4, nbrs=2, l_surf_repulse=5.000, l_tspring=0.300, l_nspring=0.300, l_intensity=0.200, l_curv=1.000
mom=0.00, dt=0.50
000: dt: 0.0000, sse=908579.0, rms=4.255
rms = 4.6014/4.2546, sse=996555.8/908579.0, time step reduction 1 of 3 to 0.250  0 1 1
   RMS increased, rejecting step
033: dt: 0.2500, sse=859918.4, rms=4.052 (4.751%)
034: dt: 0.2500, sse=844954.3, rms=3.990 (1.548%)
rms = 4.0100/3.9897, sse=849204.4/844954.3, time step reduction 2 of 3 to 0.125  0 1 1
   RMS increased, rejecting step
rms = 3.9470/3.9897, sse=835201.4/844954.3, time step reduction 3 of 3 to 0.062  0 0 1
035: dt: 0.1250, sse=835201.4, rms=3.947 (1.071%)
  maximum number of reductions reached, breaking from loop
positioning took 0.4 minutes
Iteration 3 =========================================
n_averages=2, current_sigma=0.25
Computing target border values 
Entering MRIScomputeBorderValues_new(): 
  inside_hi   =  91.1252060;
  border_hi   =  59.4178920;
  border_low  =  38.2536850;
  outside_low =  10.0000000;
  outside_hi  =  54.1268390;
  sigma = 0.25;
  max_thickness = 10;
  step_size=0.5;
  STEP_SIZE=0.1;
  which = 2
  thresh = 0
  flags = 0
  CBVfindFirstPeakD1=0
  CBVfindFirstPeakD2=0
  nvertices=153332
  Gdiag_no=-1
  vno start=0, stop=153332
Replacing 255s with 0s
#SI# sigma=0.25 had to be increased for 10890 vertices, nripped=6581
mean border=55.0, 5824 (18) missing vertices, mean dist 0.1 [0.2 (%46.0)->0.5 (%54.0))]
%38 local maxima, %23 large gradients and %32 min vals, 0 gradients ignored
nFirstPeakD1 0
MRIScomputeBorderValues_new() finished in 0.0017 min


Averaging target values for 5 iterations...
Positioning Surface: tspring = 0.3, nspring = 0.3, spring = 0, niters = 100 l_repulse = 0, l_surf_repulse = 5, checktol = 0
Positioning pial surface
Entering MRISpositionSurface()
  max_mm = 0.3
  MAX_REDUCTIONS = 2, REDUCTION_PCT = 0.5
  parms->check_tol = 0, niterations = 100
tol=1.0e-04, sigma=0.2, host=dna07, nav=2, nbrs=2, l_surf_repulse=5.000, l_tspring=0.300, l_nspring=0.300, l_intensity=0.200, l_curv=1.000
mom=0.00, dt=0.50
000: dt: 0.0000, sse=869520.7, rms=4.091
rms = 4.3244/4.0914, sse=922736.0/869520.7, time step reduction 1 of 3 to 0.250  0 1 1
   RMS increased, rejecting step
036: dt: 0.2500, sse=831335.6, rms=3.929 (3.973%)
037: dt: 0.2500, sse=807529.5, rms=3.830 (2.505%)
rms = 3.8270/3.8305, sse=805606.2/807529.5, time step reduction 2 of 3 to 0.125  0 0 1
038: dt: 0.2500, sse=805606.2, rms=3.827 (0.091%)
039: dt: 0.1250, sse=768891.8, rms=3.658 (4.409%)
rms = 3.6121/3.6582, sse=758701.4/768891.7, time step reduction 3 of 3 to 0.062  0 0 1
040: dt: 0.1250, sse=758701.4, rms=3.612 (1.262%)
  maximum number of reductions reached, breaking from loop
positioning took 0.5 minutes
Pinning medial wall to white surface
removing intersecting faces
000: 6 intersecting
terminating search with 0 intersecting


Writing output to ../surf/lh.pial.T1
#ET# mris_place_surface  3.84 minutes
#VMPC# mris_place_surfaces VmPeak  2580268
mris_place_surface done
#@# white curv lh Mon Mar  9 12:08:43 CET 2026
cd /out/sourcedata/freesurfer/sub-v1s21x0050403_ses-1/mri
mris_place_surface --curv-map ../surf/lh.white 2 10 ../surf/lh.curv
insurf  ../surf/lh.white, nbrs 2, curvature_avgs 10
writing curvature file ../surf/lh.curv
#@# white area lh Mon Mar  9 12:08:44 CET 2026
cd /out/sourcedata/freesurfer/sub-v1s21x0050403_ses-1/mri
mris_place_surface --area-map ../surf/lh.white ../surf/lh.area
writing curvature file ../surf/lh.area
#@# pial curv lh Mon Mar  9 12:08:45 CET 2026
cd /out/sourcedata/freesurfer/sub-v1s21x0050403_ses-1/mri
mris_place_surface --curv-map ../surf/lh.pial 2 10 ../surf/lh.curv.pial
insurf  ../surf/lh.pial, nbrs 2, curvature_avgs 10
writing curvature file ../surf/lh.curv.pial
#@# pial area lh Mon Mar  9 12:08:47 CET 2026
cd /out/sourcedata/freesurfer/sub-v1s21x0050403_ses-1/mri
mris_place_surface --area-map ../surf/lh.pial ../surf/lh.area.pial
writing curvature file ../surf/lh.area.pial
#@# thickness lh Mon Mar  9 12:08:47 CET 2026
cd /out/sourcedata/freesurfer/sub-v1s21x0050403_ses-1/mri
mris_place_surface --thickness ../surf/lh.white ../surf/lh.pial 20 5 ../surf/lh.thickness
0 of 153332 vertices processed
25000 of 153332 vertices processed
50000 of 153332 vertices processed
75000 of 153332 vertices processed
100000 of 153332 vertices processed
125000 of 153332 vertices processed
150000 of 153332 vertices processed
0 of 153332 vertices processed
25000 of 153332 vertices processed
50000 of 153332 vertices processed
75000 of 153332 vertices processed
100000 of 153332 vertices processed
125000 of 153332 vertices processed
150000 of 153332 vertices processed
thickness calculation complete, 436:3391 truncations.
62956 vertices at 0 distance
115834 vertices at 1 distance
76617 vertices at 2 distance
30920 vertices at 3 distance
11636 vertices at 4 distance
4640 vertices at 5 distance
1925 vertices at 6 distance
847 vertices at 7 distance
443 vertices at 8 distance
225 vertices at 9 distance
153 vertices at 10 distance
104 vertices at 11 distance
64 vertices at 12 distance
60 vertices at 13 distance
57 vertices at 14 distance
38 vertices at 15 distance
30 vertices at 16 distance
33 vertices at 17 distance
24 vertices at 18 distance
30 vertices at 19 distance
28 vertices at 20 distance
writing curvature file ../surf/lh.thickness
#@# area and vertex vol lh Mon Mar  9 12:09:09 CET 2026
cd /out/sourcedata/freesurfer/sub-v1s21x0050403_ses-1/mri
mris_place_surface --thickness ../surf/lh.white ../surf/lh.pial 20 5 ../surf/lh.thickness
/out/sourcedata/freesurfer/sub-v1s21x0050403_ses-1/surf
mris_calc -o lh.area.mid lh.area add lh.area.pial
Saving result to 'lh.area.mid' (type = MRI_CURV_FILE)                       [ ok ]
mris_calc -o lh.area.mid lh.area.mid div 2
Saving result to 'lh.area.mid' (type = MRI_CURV_FILE)                       [ ok ]
mris_convert --volume sub-v1s21x0050403_ses-1 lh /out/sourcedata/freesurfer/sub-v1s21x0050403_ses-1/surf/lh.volume
masking with /out/sourcedata/freesurfer/sub-v1s21x0050403_ses-1/label/lh.cortex.label
Total face volume 301018
Total vertex volume 300801 (mask=0)
#@# sub-v1s21x0050403_ses-1 lh 300801
 
vertexvol Done

#-----------------------------------------
#@# Curvature Stats lh Mon Mar  9 12:09:10 CET 2026
/out/sourcedata/freesurfer/sub-v1s21x0050403_ses-1/surf

 mris_curvature_stats -m --writeCurvatureFiles -G -o ../stats/lh.curv.stats -F smoothwm sub-v1s21x0050403_ses-1 lh curv sulc 

             Toggling save flag on curvature files                       [ ok ]
                 Outputting results using filestem   [ ../stats/lh.curv.stats ]
             Toggling save flag on curvature files                       [ ok ]
                                   Setting surface [ sub-v1s21x0050403_ses-1/lh.smoothwm ]
                                Reading surface...                       [ ok ]
                                   Setting texture                     [ curv ]
                                Reading texture...                       [ ok ]
                                   Setting texture                     [ sulc ]
                                Reading texture...Gb_filter = 0
                       [ ok ]
      Calculating Discrete Principal Curvatures...
      Determining geometric order for vno faces... [####################] [ ok ]
                      Determining KH curvatures... [####################] [ ok ]
                    Determining k1k2 curvatures... [####################] [ ok ]
                                   deltaViolations                      [ 302 ]
Gb_filter = 0

WARN:    S lookup   min:                          -0.109777
WARN:    S explicit min:                          0.000000	vertex = 75
#-----------------------------------------
#@# Cortical Parc 2 lh Mon Mar  9 12:09:12 CET 2026
/out/sourcedata/freesurfer/sub-v1s21x0050403_ses-1/scripts

 mris_ca_label -l ../label/lh.cortex.label -aseg ../mri/aseg.presurf.mgz -seed 1234 sub-v1s21x0050403_ses-1 lh ../surf/lh.sphere.reg /opt/freesurfer/average/lh.CDaparc.atlas.acfb40.noaparc.i12.2016-08-02.gcs ../label/lh.aparc.a2009s.annot 

setting seed for random number generator to 1234
using ../mri/aseg.presurf.mgz aseg volume to correct midline
7.3.2
  7.3.2
reading atlas from /opt/freesurfer/average/lh.CDaparc.atlas.acfb40.noaparc.i12.2016-08-02.gcs...
reading color table from GCSA file....
average std = 3.0   using min determinant for regularization = 0.088
0 singular and 0 ill-conditioned covariance matrices regularized
input 0: MEAN CURVATURE, flags 0, avgs 5, name mean_curvature
labeling surface...
21 labels changed using aseg
relabeling using gibbs priors...
000:  10153 changed, 153332 examined...
001:   2401 changed, 39472 examined...
002:    692 changed, 12716 examined...
003:    267 changed, 4040 examined...
004:    143 changed, 1608 examined...
005:     88 changed, 851 examined...
006:     43 changed, 480 examined...
007:     25 changed, 252 examined...
008:     10 changed, 148 examined...
009:      2 changed, 60 examined...
010:      3 changed, 13 examined...
011:      1 changed, 11 examined...
012:      0 changed, 7 examined...
4 labels changed using aseg
000: 295 total segments, 207 labels (2507 vertices) changed
001: 95 total segments, 8 labels (18 vertices) changed
002: 87 total segments, 0 labels (0 vertices) changed
10 filter iterations complete (10 requested, 37 changed)
rationalizing unknown annotations with cortex label
relabeling Medial_wall label...
1613 vertices marked for relabeling...
1613 labels changed in reclassification.
writing output to ../label/lh.aparc.a2009s.annot...
classification took 0 minutes and 11 seconds.
#-----------------------------------------
#@# Cortical Parc 3 lh Mon Mar  9 12:09:23 CET 2026
/out/sourcedata/freesurfer/sub-v1s21x0050403_ses-1/scripts

 mris_ca_label -l ../label/lh.cortex.label -aseg ../mri/aseg.presurf.mgz -seed 1234 sub-v1s21x0050403_ses-1 lh ../surf/lh.sphere.reg /opt/freesurfer/average/lh.DKTaparc.atlas.acfb40.noaparc.i12.2016-08-02.gcs ../label/lh.aparc.DKTatlas.annot 

setting seed for random number generator to 1234
using ../mri/aseg.presurf.mgz aseg volume to correct midline
7.3.2
  7.3.2
reading atlas from /opt/freesurfer/average/lh.DKTaparc.atlas.acfb40.noaparc.i12.2016-08-02.gcs...
reading color table from GCSA file....
average std = 1.4   using min determinant for regularization = 0.020
0 singular and 383 ill-conditioned covariance matrices regularized
input 0: MEAN CURVATURE, flags 0, avgs 5, name mean_curvature
labeling surface...
1308 labels changed using aseg
relabeling using gibbs priors...
000:   2282 changed, 153332 examined...
001:    538 changed, 10406 examined...
002:    119 changed, 3010 examined...
003:     51 changed, 731 examined...
004:     26 changed, 302 examined...
005:     14 changed, 167 examined...
006:     11 changed, 88 examined...
007:      7 changed, 66 examined...
008:      7 changed, 39 examined...
009:      6 changed, 43 examined...
010:      4 changed, 29 examined...
011:      1 changed, 21 examined...
012:      2 changed, 7 examined...
013:      2 changed, 13 examined...
014:      1 changed, 11 examined...
015:      0 changed, 7 examined...
174 labels changed using aseg
000: 60 total segments, 27 labels (308 vertices) changed
001: 33 total segments, 0 labels (0 vertices) changed
10 filter iterations complete (10 requested, 2 changed)
rationalizing unknown annotations with cortex label
relabeling unknown label...
relabeling corpuscallosum label...
949 vertices marked for relabeling...
949 labels changed in reclassification.
writing output to ../label/lh.aparc.DKTatlas.annot...
classification took 0 minutes and 8 seconds.
#-----------------------------------------
#@# WM/GM Contrast lh Mon Mar  9 12:09:32 CET 2026
/out/sourcedata/freesurfer/sub-v1s21x0050403_ses-1/scripts

 pctsurfcon --s sub-v1s21x0050403_ses-1 --lh-only 

Log file is /out/sourcedata/freesurfer/sub-v1s21x0050403_ses-1/scripts/pctsurfcon.log
Mon Mar  9 12:09:32 CET 2026
setenv SUBJECTS_DIR /out/sourcedata/freesurfer
cd /out/sourcedata/freesurfer/sub-v1s21x0050403_ses-1/scripts
/opt/freesurfer/bin/pctsurfcon
pctsurfcon 7.3.2
Linux dna079 5.14.0-427.37.1.el9_4.x86_64 #1 SMP PREEMPT_DYNAMIC Fri Sep 13 12:41:50 EDT 2024 x86_64 x86_64 x86_64 GNU/Linux
FREESURFER_HOME /opt/freesurfer
mri_vol2surf --mov /out/sourcedata/freesurfer/sub-v1s21x0050403_ses-1/mri/rawavg.mgz --hemi lh --noreshape --interp trilinear --projdist -1 --o /out/sourcedata/freesurfer/sub-v1s21x0050403_ses-1/surf/tmp.pctsurfcon.1341120/lh.wm.mgh --regheader sub-v1s21x0050403_ses-1 --cortex
srcvol = /out/sourcedata/freesurfer/sub-v1s21x0050403_ses-1/mri/rawavg.mgz
srcreg unspecified
srcregold = 0
srcwarp unspecified
surf = white
hemi = lh
ProjDist = -1
reshape = 0
interp = trilinear
float2int = round
GetProjMax = 0
INFO: float2int code = 0
Done loading volume
Computing registration from header.
  Using /out/sourcedata/freesurfer/sub-v1s21x0050403_ses-1/mri/orig.mgz as target reference.
-------- original matrix -----------
-1.00000   0.00000   0.00000   0.00000;
 0.00000   0.00000   1.00000   0.00000;
 0.00000  -1.00000   0.00000   0.00000;
 0.00000   0.00000   0.00000   1.00000;
-------- original matrix -----------
Loading label /out/sourcedata/freesurfer/sub-v1s21x0050403_ses-1/label/lh.cortex.label
Reading surface /out/sourcedata/freesurfer/sub-v1s21x0050403_ses-1/surf/lh.white
Done reading source surface
Mapping Source Volume onto Source Subject Surface
Projecting -1 -1 1
 1 -1 -1 -1
using old
Done mapping volume to surface
Number of source voxels hit = 80495
Masking with /out/sourcedata/freesurfer/sub-v1s21x0050403_ses-1/label/lh.cortex.label
Writing to /out/sourcedata/freesurfer/sub-v1s21x0050403_ses-1/surf/tmp.pctsurfcon.1341120/lh.wm.mgh
Dim: 153332 1 1
mri_vol2surf --mov /out/sourcedata/freesurfer/sub-v1s21x0050403_ses-1/mri/rawavg.mgz --hemi lh --noreshape --interp trilinear --o /out/sourcedata/freesurfer/sub-v1s21x0050403_ses-1/surf/tmp.pctsurfcon.1341120/lh.gm.mgh --projfrac 0.3 --regheader sub-v1s21x0050403_ses-1 --cortex
srcvol = /out/sourcedata/freesurfer/sub-v1s21x0050403_ses-1/mri/rawavg.mgz
srcreg unspecified
srcregold = 0
srcwarp unspecified
surf = white
hemi = lh
ProjFrac = 0.3
thickness = thickness
reshape = 0
interp = trilinear
float2int = round
GetProjMax = 0
INFO: float2int code = 0
Done loading volume
Computing registration from header.
  Using /out/sourcedata/freesurfer/sub-v1s21x0050403_ses-1/mri/orig.mgz as target reference.
-------- original matrix -----------
-1.00000   0.00000   0.00000   0.00000;
 0.00000   0.00000   1.00000   0.00000;
 0.00000  -1.00000   0.00000   0.00000;
 0.00000   0.00000   0.00000   1.00000;
-------- original matrix -----------
Loading label /out/sourcedata/freesurfer/sub-v1s21x0050403_ses-1/label/lh.cortex.label
Reading surface /out/sourcedata/freesurfer/sub-v1s21x0050403_ses-1/surf/lh.white
Done reading source surface
Reading thickness /out/sourcedata/freesurfer/sub-v1s21x0050403_ses-1/surf/lh.thickness
Done
Mapping Source Volume onto Source Subject Surface
Projecting 0.3 0.3 1
 1 0.3 0.3 0.3
using old
Done mapping volume to surface
Number of source voxels hit = 91379
Masking with /out/sourcedata/freesurfer/sub-v1s21x0050403_ses-1/label/lh.cortex.label
Writing to /out/sourcedata/freesurfer/sub-v1s21x0050403_ses-1/surf/tmp.pctsurfcon.1341120/lh.gm.mgh
Dim: 153332 1 1
mri_concat /out/sourcedata/freesurfer/sub-v1s21x0050403_ses-1/surf/tmp.pctsurfcon.1341120/lh.wm.mgh /out/sourcedata/freesurfer/sub-v1s21x0050403_ses-1/surf/tmp.pctsurfcon.1341120/lh.gm.mgh --paired-diff-norm --mul 100 --o /out/sourcedata/freesurfer/sub-v1s21x0050403_ses-1/surf/lh.w-g.pct.mgh
ninputs = 2
Checking inputs
nframestot = 2
Allocing output
Done allocing
Combining pairs
nframes = 1
Multiplying by 100.000000
Writing to /out/sourcedata/freesurfer/sub-v1s21x0050403_ses-1/surf/lh.w-g.pct.mgh
mri_segstats --in /out/sourcedata/freesurfer/sub-v1s21x0050403_ses-1/surf/lh.w-g.pct.mgh --annot sub-v1s21x0050403_ses-1 lh aparc --sum /out/sourcedata/freesurfer/sub-v1s21x0050403_ses-1/stats/lh.w-g.pct.stats --snr

7.3.2
cwd 
cmdline mri_segstats --in /out/sourcedata/freesurfer/sub-v1s21x0050403_ses-1/surf/lh.w-g.pct.mgh --annot sub-v1s21x0050403_ses-1 lh aparc --sum /out/sourcedata/freesurfer/sub-v1s21x0050403_ses-1/stats/lh.w-g.pct.stats --snr 
sysname  Linux
hostname dna079
machine  x86_64
user     oesteban
whitesurfname  white
UseRobust  0
Constructing seg from annotation

Reading annotation /out/sourcedata/freesurfer/sub-v1s21x0050403_ses-1/label/lh.aparc.annot
Seg base 1000
Loading /out/sourcedata/freesurfer/sub-v1s21x0050403_ses-1/surf/lh.w-g.pct.mgh
Vertex Area is 0.701966 mm^3
Generating list of segmentation ids
Found  36 segmentations
Computing statistics for each segmentation

Reporting on  35 segmentations
Using PrintSegStat
mri_segstats done
Cleaning up

Started at Mon Mar 9 11:36:02 CET 2026 
Ended   at Mon Mar 9 12:09:34 CET 2026
#@#%# recon-all-run-time-hours 0.559
recon-all -s sub-v1s21x0050403_ses-1 finished without error at Mon Mar  9 12:09:34 CET 2026



#New# invocation of recon-all 




Mon Mar  9 12:41:22 CET 2026
cd /out/sourcedata/freesurfer/sub-v1s21x0050403_ses-1
setenv SUBJECTS_DIR /out/sourcedata/freesurfer
/opt/freesurfer/bin/recon-all -autorecon-hemi lh -nohyporelabel -lh-only -openmp 16 -subjid sub-v1s21x0050403_ses-1 -sd /out/sourcedata/freesurfer -notessellate -nosmooth1 -noinflate1 -noqsphere -nofix -nowhite -nosmooth2 -noinflate2 -nocurvHK -nocurvstats -nosphere -nosurfreg -nojacobian_white -noavgcurv -nocortparc -nopial -nocortparc2 -nocortparc3 -nopctsurfcon

subjid sub-v1s21x0050403_ses-1
setenv SUBJECTS_DIR /out/sourcedata/freesurfer
FREESURFER_HOME /opt/freesurfer
Actual FREESURFER_HOME /opt/freesurfer
build-stamp.txt: freesurfer-linux-ubuntu22_x86_64-7.3.2-20220804-6354275
Linux dna079 5.14.0-427.37.1.el9_4.x86_64 #1 SMP PREEMPT_DYNAMIC Fri Sep 13 12:41:50 EDT 2024 x86_64 x86_64 x86_64 GNU/Linux
cputime      unlimited
filesize     unlimited
datasize     unlimited
stacksize    8192 kbytes
coredumpsize 0 kbytes
memoryuse    67108864 kbytes
vmemoryuse   unlimited
descriptors  1024 
memorylocked unlimited
maxproc      2061970 
maxlocks     unlimited
maxsignal    2062029 
maxmessage   819200 
maxnice      0 
maxrtprio    0 
maxrttime    unlimited

               total        used        free      shared  buff/cache   available
Mem:           503Gi        49Gi       379Gi       9.1Gi        74Gi       441Gi
Swap:             0B          0B          0B

########################################
program versions used
7.3.2 (freesurfer-linux-ubuntu22_x86_64-7.3.2-20220804-6354275)
7.3.2

ProgramName: lta_convert  ProgramArguments: lta_convert -all-info  ProgramVersion: 7.3.2  TimeStamp: 2026/03/09-11:41:22-GMT  BuildTime: Aug  4 2022 06:17:15  BuildStamp: freesurfer-linux-ubuntu22_x86_64-7.3.2-20220804-6354275  User: oesteban  Machine: dna079  Platform: Linux  PlatformVersion: 5.14.0-427.37.1.el9_4.x86_64  CompilerName: GCC  CompilerVersion: 8.4.0
ProgramName: mri_and  ProgramArguments: mri_and -all-info  ProgramVersion: 7.3.2  TimeStamp: 2026/03/09-11:41:22-GMT  BuildTime: Aug  4 2022 06:17:15  BuildStamp: freesurfer-linux-ubuntu22_x86_64-7.3.2-20220804-6354275  User: oesteban  Machine: dna079  Platform: Linux  PlatformVersion: 5.14.0-427.37.1.el9_4.x86_64  CompilerName: GCC  CompilerVersion: 8.4.0
ProgramName: mri_annotation2label  ProgramArguments: mri_annotation2label -all-info  ProgramVersion: 7.3.2  TimeStamp: 2026/03/09-11:41:22-GMT  BuildTime: Aug  4 2022 06:17:15  BuildStamp: freesurfer-linux-ubuntu22_x86_64-7.3.2-20220804-6354275  User: oesteban  Machine: dna079  Platform: Linux  PlatformVersion: 5.14.0-427.37.1.el9_4.x86_64  CompilerName: GCC  CompilerVersion: 8.4.0
ProgramName: mri_aparc2aseg  ProgramArguments: mri_aparc2aseg -all-info  ProgramVersion: 7.3.2  TimeStamp: 2026/03/09-11:41:22-GMT  BuildTime: Aug  4 2022 06:17:15  BuildStamp: freesurfer-linux-ubuntu22_x86_64-7.3.2-20220804-6354275  User: oesteban  Machine: dna079  Platform: Linux  PlatformVersion: 5.14.0-427.37.1.el9_4.x86_64  CompilerName: GCC  CompilerVersion: 8.4.0
ProgramName: mri_surf2volseg  ProgramArguments: mri_surf2volseg -all-info  ProgramVersion: 7.3.2  TimeStamp: 2026/03/09-11:41:22-GMT  BuildTime: Aug  4 2022 06:17:15  BuildStamp: freesurfer-linux-ubuntu22_x86_64-7.3.2-20220804-6354275  User: oesteban  Machine: dna079  Platform: Linux  PlatformVersion: 5.14.0-427.37.1.el9_4.x86_64  CompilerName: GCC  CompilerVersion: 8.4.0
ProgramName: mri_binarize  ProgramArguments: mri_binarize -all-info  ProgramVersion: 7.3.2  TimeStamp: 2026/03/09-11:41:22-GMT  BuildTime: Aug  4 2022 06:17:15  BuildStamp: freesurfer-linux-ubuntu22_x86_64-7.3.2-20220804-6354275  User: oesteban  Machine: dna079  Platform: Linux  PlatformVersion: 5.14.0-427.37.1.el9_4.x86_64  CompilerName: GCC  CompilerVersion: 8.4.0
ProgramName: mri_ca_label  ProgramArguments: mri_ca_label -all-info  ProgramVersion: 7.3.2  TimeStamp: 2026/03/09-11:41:22-GMT  BuildTime: Aug  4 2022 06:17:15  BuildStamp: freesurfer-linux-ubuntu22_x86_64-7.3.2-20220804-6354275  User: oesteban  Machine: dna079  Platform: Linux  PlatformVersion: 5.14.0-427.37.1.el9_4.x86_64  CompilerName: GCC  CompilerVersion: 8.4.0
ProgramName: mri_ca_normalize  ProgramArguments: mri_ca_normalize -all-info  ProgramVersion: 7.3.2  TimeStamp: 2026/03/09-11:41:22-GMT  BuildTime: Aug  4 2022 06:17:15  BuildStamp: freesurfer-linux-ubuntu22_x86_64-7.3.2-20220804-6354275  User: oesteban  Machine: dna079  Platform: Linux  PlatformVersion: 5.14.0-427.37.1.el9_4.x86_64  CompilerName: GCC  CompilerVersion: 8.4.0
ProgramName: mri_ca_register  ProgramArguments: mri_ca_register -all-info  ProgramVersion: 7.3.2  TimeStamp: 2026/03/09-11:41:22-GMT  BuildTime: Aug  4 2022 06:17:15  BuildStamp: freesurfer-linux-ubuntu22_x86_64-7.3.2-20220804-6354275  User: oesteban  Machine: dna079  Platform: Linux  PlatformVersion: 5.14.0-427.37.1.el9_4.x86_64  CompilerName: GCC  CompilerVersion: 8.4.0
ProgramName: mri_cc  ProgramArguments: mri_cc -all-info  ProgramVersion: 7.3.2  TimeStamp: 2026/03/09-11:41:22-GMT  BuildTime: Aug  4 2022 06:17:15  BuildStamp: freesurfer-linux-ubuntu22_x86_64-7.3.2-20220804-6354275  User: oesteban  Machine: dna079  Platform: Linux  PlatformVersion: 5.14.0-427.37.1.el9_4.x86_64  CompilerName: GCC  CompilerVersion: 8.4.0
ProgramName: mri_compute_overlap  ProgramArguments: mri_compute_overlap -all-info  ProgramVersion: 7.3.2  TimeStamp: 2026/03/09-11:41:22-GMT  BuildTime: Aug  4 2022 06:17:15  BuildStamp: freesurfer-linux-ubuntu22_x86_64-7.3.2-20220804-6354275  User: oesteban  Machine: dna079  Platform: Linux  PlatformVersion: 5.14.0-427.37.1.el9_4.x86_64  CompilerName: GCC  CompilerVersion: 8.4.0
ProgramName: mri_compute_seg_overlap  ProgramArguments: mri_compute_seg_overlap -all-info  ProgramVersion: 7.3.2  TimeStamp: 2026/03/09-11:41:22-GMT  BuildTime: Aug  4 2022 06:17:15  BuildStamp: freesurfer-linux-ubuntu22_x86_64-7.3.2-20220804-6354275  User: oesteban  Machine: dna079  Platform: Linux  PlatformVersion: 5.14.0-427.37.1.el9_4.x86_64  CompilerName: GCC  CompilerVersion: 8.4.0
ProgramName: mri_concat  ProgramArguments: mri_concat -all-info  ProgramVersion: 7.3.2  TimeStamp: 2026/03/09-11:41:22-GMT  BuildTime: Aug  4 2022 06:17:15  BuildStamp: freesurfer-linux-ubuntu22_x86_64-7.3.2-20220804-6354275  User: oesteban  Machine: dna079  Platform: Linux  PlatformVersion: 5.14.0-427.37.1.el9_4.x86_64  CompilerName: GCC  CompilerVersion: 8.4.0
ProgramName: mri_concatenate_lta  ProgramArguments: mri_concatenate_lta -all-info  ProgramVersion: 7.3.2  TimeStamp: 2026/03/09-11:41:22-GMT  BuildTime: Aug  4 2022 06:17:15  BuildStamp: freesurfer-linux-ubuntu22_x86_64-7.3.2-20220804-6354275  User: oesteban  Machine: dna079  Platform: Linux  PlatformVersion: 5.14.0-427.37.1.el9_4.x86_64  CompilerName: GCC  CompilerVersion: 8.4.0
mri_convert -all-info 
ProgramName: mri_convert  ProgramArguments: mri_convert -all-info  ProgramVersion: 7.3.2  TimeStamp: 2026/03/09-11:41:22-GMT  BuildTime: Aug  4 2022 06:17:15  BuildStamp: freesurfer-linux-ubuntu22_x86_64-7.3.2-20220804-6354275  User: oesteban  Machine: dna079  Platform: Linux  PlatformVersion: 5.14.0-427.37.1.el9_4.x86_64  CompilerName: GCC  CompilerVersion: 8.4.0
ProgramName: mri_diff  ProgramArguments: mri_diff -all-info  ProgramVersion: 7.3.2  TimeStamp: 2026/03/09-11:41:22-GMT  BuildTime: Aug  4 2022 06:17:15  BuildStamp: freesurfer-linux-ubuntu22_x86_64-7.3.2-20220804-6354275  User: oesteban  Machine: dna079  Platform: Linux  PlatformVersion: 5.14.0-427.37.1.el9_4.x86_64  CompilerName: GCC  CompilerVersion: 8.4.0
ProgramName: mri_edit_wm_with_aseg  ProgramArguments: mri_edit_wm_with_aseg -all-info  ProgramVersion: 7.3.2  TimeStamp: 2026/03/09-11:41:22-GMT  BuildTime: Aug  4 2022 06:17:15  BuildStamp: freesurfer-linux-ubuntu22_x86_64-7.3.2-20220804-6354275  User: oesteban  Machine: dna079  Platform: Linux  PlatformVersion: 5.14.0-427.37.1.el9_4.x86_64  CompilerName: GCC  CompilerVersion: 8.4.0
ProgramName: mri_em_register  ProgramArguments: mri_em_register -all-info  ProgramVersion: 7.3.2  TimeStamp: 2026/03/09-11:41:22-GMT  BuildTime: Aug  4 2022 06:17:15  BuildStamp: freesurfer-linux-ubuntu22_x86_64-7.3.2-20220804-6354275  User: oesteban  Machine: dna079  Platform: Linux  PlatformVersion: 5.14.0-427.37.1.el9_4.x86_64  CompilerName: GCC  CompilerVersion: 8.4.0
ProgramName: mri_fill  ProgramArguments: mri_fill -all-info  ProgramVersion: 7.3.2  TimeStamp: 2026/03/09-11:41:22-GMT  BuildTime: Aug  4 2022 06:17:15  BuildStamp: freesurfer-linux-ubuntu22_x86_64-7.3.2-20220804-6354275  User: oesteban  Machine: dna079  Platform: Linux  PlatformVersion: 5.14.0-427.37.1.el9_4.x86_64  CompilerName: GCC  CompilerVersion: 8.4.0
ProgramName: mri_fuse_segmentations  ProgramArguments: mri_fuse_segmentations -all-info  ProgramVersion: 7.3.2  TimeStamp: 2026/03/09-11:41:22-GMT  BuildTime: Aug  4 2022 06:17:15  BuildStamp: freesurfer-linux-ubuntu22_x86_64-7.3.2-20220804-6354275  User: oesteban  Machine: dna079  Platform: Linux  PlatformVersion: 5.14.0-427.37.1.el9_4.x86_64  CompilerName: GCC  CompilerVersion: 8.4.0
ProgramName: mri_fwhm  ProgramArguments: mri_fwhm -all-info  ProgramVersion: 7.3.2  TimeStamp: 2026/03/09-11:41:22-GMT  BuildTime: Aug  4 2022 06:17:15  BuildStamp: freesurfer-linux-ubuntu22_x86_64-7.3.2-20220804-6354275  User: oesteban  Machine: dna079  Platform: Linux  PlatformVersion: 5.14.0-427.37.1.el9_4.x86_64  CompilerName: GCC  CompilerVersion: 8.4.0
ProgramName: mri_gcut  ProgramArguments: mri_gcut -all-info  ProgramVersion: 7.3.2  TimeStamp: 2026/03/09-11:41:22-GMT  BuildTime: Aug  4 2022 06:17:15  BuildStamp: freesurfer-linux-ubuntu22_x86_64-7.3.2-20220804-6354275  User: oesteban  Machine: dna079  Platform: Linux  PlatformVersion: 5.14.0-427.37.1.el9_4.x86_64  CompilerName: GCC  CompilerVersion: 8.4.0
ProgramName: mri_info  ProgramArguments: mri_info -all-info  ProgramVersion: 7.3.2  TimeStamp: 2026/03/09-11:41:22-GMT  BuildTime: Aug  4 2022 06:17:15  BuildStamp: freesurfer-linux-ubuntu22_x86_64-7.3.2-20220804-6354275  User: oesteban  Machine: dna079  Platform: Linux  PlatformVersion: 5.14.0-427.37.1.el9_4.x86_64  CompilerName: GCC  CompilerVersion: 8.4.0
ProgramName: mri_label2label  ProgramArguments: mri_label2label -all-info  ProgramVersion: 7.3.2  TimeStamp: 2026/03/09-11:41:22-GMT  BuildTime: Aug  4 2022 06:17:15  BuildStamp: freesurfer-linux-ubuntu22_x86_64-7.3.2-20220804-6354275  User: oesteban  Machine: dna079  Platform: Linux  PlatformVersion: 5.14.0-427.37.1.el9_4.x86_64  CompilerName: GCC  CompilerVersion: 8.4.0
ProgramName: mri_label2vol  ProgramArguments: mri_label2vol -all-info  ProgramVersion: 7.3.2  TimeStamp: 2026/03/09-11:41:22-GMT  BuildTime: Aug  4 2022 06:17:15  BuildStamp: freesurfer-linux-ubuntu22_x86_64-7.3.2-20220804-6354275  User: oesteban  Machine: dna079  Platform: Linux  PlatformVersion: 5.14.0-427.37.1.el9_4.x86_64  CompilerName: GCC  CompilerVersion: 8.4.0
ProgramName: mri_log_likelihood  ProgramArguments: mri_log_likelihood -all-info  ProgramVersion: 7.3.2  TimeStamp: 2026/03/09-11:41:22-GMT  BuildTime: Aug  4 2022 06:17:15  BuildStamp: freesurfer-linux-ubuntu22_x86_64-7.3.2-20220804-6354275  User: oesteban  Machine: dna079  Platform: Linux  PlatformVersion: 5.14.0-427.37.1.el9_4.x86_64  CompilerName: GCC  CompilerVersion: 8.4.0
ProgramName: mri_mask  ProgramArguments: mri_mask -all-info  ProgramVersion: 7.3.2  TimeStamp: 2026/03/09-11:41:22-GMT  BuildTime: Aug  4 2022 06:17:15  BuildStamp: freesurfer-linux-ubuntu22_x86_64-7.3.2-20220804-6354275  User: oesteban  Machine: dna079  Platform: Linux  PlatformVersion: 5.14.0-427.37.1.el9_4.x86_64  CompilerName: GCC  CompilerVersion: 8.4.0
ProgramName: mri_matrix_multiply  ProgramArguments: mri_matrix_multiply -all-info  ProgramVersion: 7.3.2  TimeStamp: 2026/03/09-11:41:22-GMT  BuildTime: Aug  4 2022 06:17:15  BuildStamp: freesurfer-linux-ubuntu22_x86_64-7.3.2-20220804-6354275  User: oesteban  Machine: dna079  Platform: Linux  PlatformVersion: 5.14.0-427.37.1.el9_4.x86_64  CompilerName: GCC  CompilerVersion: 8.4.0
ProgramName: mri_normalize  ProgramArguments: mri_normalize -all-info  ProgramVersion: 7.3.2  TimeStamp: 2026/03/09-11:41:22-GMT  BuildTime: Aug  4 2022 06:17:15  BuildStamp: freesurfer-linux-ubuntu22_x86_64-7.3.2-20220804-6354275  User: oesteban  Machine: dna079  Platform: Linux  PlatformVersion: 5.14.0-427.37.1.el9_4.x86_64  CompilerName: GCC  CompilerVersion: 8.4.0
ProgramName: mri_normalize_tp2  ProgramArguments: mri_normalize_tp2 -all-info  ProgramVersion: 7.3.2  TimeStamp: 2026/03/09-11:41:22-GMT  BuildTime: Aug  4 2022 06:17:15  BuildStamp: freesurfer-linux-ubuntu22_x86_64-7.3.2-20220804-6354275  User: oesteban  Machine: dna079  Platform: Linux  PlatformVersion: 5.14.0-427.37.1.el9_4.x86_64  CompilerName: GCC  CompilerVersion: 8.4.0
ProgramName: mri_or  ProgramArguments: mri_or -all-info  ProgramVersion: 7.3.2  TimeStamp: 2026/03/09-11:41:22-GMT  BuildTime: Aug  4 2022 06:17:15  BuildStamp: freesurfer-linux-ubuntu22_x86_64-7.3.2-20220804-6354275  User: oesteban  Machine: dna079  Platform: Linux  PlatformVersion: 5.14.0-427.37.1.el9_4.x86_64  CompilerName: GCC  CompilerVersion: 8.4.0
ProgramName: mri_relabel_hypointensities  ProgramArguments: mri_relabel_hypointensities -all-info  ProgramVersion: 7.3.2  TimeStamp: 2026/03/09-11:41:22-GMT  BuildTime: Aug  4 2022 06:17:15  BuildStamp: freesurfer-linux-ubuntu22_x86_64-7.3.2-20220804-6354275  User: oesteban  Machine: dna079  Platform: Linux  PlatformVersion: 5.14.0-427.37.1.el9_4.x86_64  CompilerName: GCC  CompilerVersion: 8.4.0
ProgramName: mri_relabel_nonwm_hypos  ProgramArguments: mri_relabel_nonwm_hypos -all-info  ProgramVersion: 7.3.2  TimeStamp: 2026/03/09-11:41:22-GMT  BuildTime: Aug  4 2022 06:17:15  BuildStamp: freesurfer-linux-ubuntu22_x86_64-7.3.2-20220804-6354275  User: oesteban  Machine: dna079  Platform: Linux  PlatformVersion: 5.14.0-427.37.1.el9_4.x86_64  CompilerName: GCC  CompilerVersion: 8.4.0
ProgramName: mri_remove_neck  ProgramArguments: mri_remove_neck -all-info  ProgramVersion: 7.3.2  TimeStamp: 2026/03/09-11:41:22-GMT  BuildTime: Aug  4 2022 06:17:15  BuildStamp: freesurfer-linux-ubuntu22_x86_64-7.3.2-20220804-6354275  User: oesteban  Machine: dna079  Platform: Linux  PlatformVersion: 5.14.0-427.37.1.el9_4.x86_64  CompilerName: GCC  CompilerVersion: 8.4.0
7.3.2

ProgramName: mri_robust_register  ProgramArguments: mri_robust_register -all-info  ProgramVersion: 7.3.2  TimeStamp: 2026/03/09-11:41:22-GMT  BuildTime: Aug  4 2022 06:17:15  BuildStamp: freesurfer-linux-ubuntu22_x86_64-7.3.2-20220804-6354275  User: oesteban  Machine: dna079  Platform: Linux  PlatformVersion: 5.14.0-427.37.1.el9_4.x86_64  CompilerName: GCC  CompilerVersion: 8.4.0
7.3.2

ProgramName: mri_robust_template  ProgramArguments: mri_robust_template -all-info  ProgramVersion: 7.3.2  TimeStamp: 2026/03/09-11:41:22-GMT  BuildTime: Aug  4 2022 06:17:15  BuildStamp: freesurfer-linux-ubuntu22_x86_64-7.3.2-20220804-6354275  User: oesteban  Machine: dna079  Platform: Linux  PlatformVersion: 5.14.0-427.37.1.el9_4.x86_64  CompilerName: GCC  CompilerVersion: 8.4.0
ProgramName: mris_anatomical_stats  ProgramArguments: mris_anatomical_stats -all-info  ProgramVersion: 7.3.2  TimeStamp: 2026/03/09-11:41:22-GMT  BuildTime: Aug  4 2022 06:17:15  BuildStamp: freesurfer-linux-ubuntu22_x86_64-7.3.2-20220804-6354275  User: oesteban  Machine: dna079  Platform: Linux  PlatformVersion: 5.14.0-427.37.1.el9_4.x86_64  CompilerName: GCC  CompilerVersion: 8.4.0
ProgramName: mris_ca_label  ProgramArguments: mris_ca_label -all-info  ProgramVersion: 7.3.2  TimeStamp: 2026/03/09-11:41:22-GMT  BuildTime: Aug  4 2022 06:17:15  BuildStamp: freesurfer-linux-ubuntu22_x86_64-7.3.2-20220804-6354275  User: oesteban  Machine: dna079  Platform: Linux  PlatformVersion: 5.14.0-427.37.1.el9_4.x86_64  CompilerName: GCC  CompilerVersion: 8.4.0
ProgramName: mris_calc  ProgramArguments: mris_calc -all-info  ProgramVersion: 7.3.2  TimeStamp: 2026/03/09-11:41:22-GMT  BuildTime: Aug  4 2022 06:17:15  BuildStamp: freesurfer-linux-ubuntu22_x86_64-7.3.2-20220804-6354275  User: oesteban  Machine: dna079  Platform: Linux  PlatformVersion: 5.14.0-427.37.1.el9_4.x86_64  CompilerName: GCC  CompilerVersion: 8.4.0
ProgramName: mris_convert  ProgramArguments: mris_convert -all-info  ProgramVersion: 7.3.2  TimeStamp: 2026/03/09-11:41:22-GMT  BuildTime: Aug  4 2022 06:17:15  BuildStamp: freesurfer-linux-ubuntu22_x86_64-7.3.2-20220804-6354275  User: oesteban  Machine: dna079  Platform: Linux  PlatformVersion: 5.14.0-427.37.1.el9_4.x86_64  CompilerName: GCC  CompilerVersion: 8.4.0
ProgramName: mris_curvature  ProgramArguments: mris_curvature -all-info  ProgramVersion: 7.3.2  TimeStamp: 2026/03/09-11:41:22-GMT  BuildTime: Aug  4 2022 06:17:15  BuildStamp: freesurfer-linux-ubuntu22_x86_64-7.3.2-20220804-6354275  User: oesteban  Machine: dna079  Platform: Linux  PlatformVersion: 5.14.0-427.37.1.el9_4.x86_64  CompilerName: GCC  CompilerVersion: 8.4.0
ProgramName: mris_curvature_stats  ProgramArguments: mris_curvature_stats -all-info  ProgramVersion: 7.3.2  TimeStamp: 2026/03/09-11:41:22-GMT  BuildTime: Aug  4 2022 06:17:15  BuildStamp: freesurfer-linux-ubuntu22_x86_64-7.3.2-20220804-6354275  User: oesteban  Machine: dna079  Platform: Linux  PlatformVersion: 5.14.0-427.37.1.el9_4.x86_64  CompilerName: GCC  CompilerVersion: 8.4.0
ProgramName: mris_diff  ProgramArguments: mris_diff -all-info  ProgramVersion: 7.3.2  TimeStamp: 2026/03/09-11:41:22-GMT  BuildTime: Aug  4 2022 06:17:15  BuildStamp: freesurfer-linux-ubuntu22_x86_64-7.3.2-20220804-6354275  User: oesteban  Machine: dna079  Platform: Linux  PlatformVersion: 5.14.0-427.37.1.el9_4.x86_64  CompilerName: GCC  CompilerVersion: 8.4.0
ProgramName: mris_divide_parcellation  ProgramArguments: mris_divide_parcellation -all-info  ProgramVersion: 7.3.2  TimeStamp: 2026/03/09-11:41:22-GMT  BuildTime: Aug  4 2022 06:17:15  BuildStamp: freesurfer-linux-ubuntu22_x86_64-7.3.2-20220804-6354275  User: oesteban  Machine: dna079  Platform: Linux  PlatformVersion: 5.14.0-427.37.1.el9_4.x86_64  CompilerName: GCC  CompilerVersion: 8.4.0
ProgramName: mri_segment  ProgramArguments: mri_segment -all-info  ProgramVersion: 7.3.2  TimeStamp: 2026/03/09-11:41:22-GMT  BuildTime: Aug  4 2022 06:17:15  BuildStamp: freesurfer-linux-ubuntu22_x86_64-7.3.2-20220804-6354275  User: oesteban  Machine: dna079  Platform: Linux  PlatformVersion: 5.14.0-427.37.1.el9_4.x86_64  CompilerName: GCC  CompilerVersion: 8.4.0
ProgramName: mri_segstats  ProgramArguments: mri_segstats -all-info  ProgramVersion: 7.3.2  TimeStamp: 2026/03/09-11:41:22-GMT  BuildTime: Aug  4 2022 06:17:15  BuildStamp: freesurfer-linux-ubuntu22_x86_64-7.3.2-20220804-6354275  User: oesteban  Machine: dna079  Platform: Linux  PlatformVersion: 5.14.0-427.37.1.el9_4.x86_64  CompilerName: GCC  CompilerVersion: 8.4.0
ProgramName: mris_euler_number  ProgramArguments: mris_euler_number -all-info  ProgramVersion: 7.3.2  TimeStamp: 2026/03/09-11:41:22-GMT  BuildTime: Aug  4 2022 06:17:15  BuildStamp: freesurfer-linux-ubuntu22_x86_64-7.3.2-20220804-6354275  User: oesteban  Machine: dna079  Platform: Linux  PlatformVersion: 5.14.0-427.37.1.el9_4.x86_64  CompilerName: GCC  CompilerVersion: 8.4.0
ProgramName: mris_fix_topology  ProgramArguments: mris_fix_topology -all-info  ProgramVersion: 7.3.2  TimeStamp: 2026/03/09-11:41:22-GMT  BuildTime: Aug  4 2022 06:17:15  BuildStamp: freesurfer-linux-ubuntu22_x86_64-7.3.2-20220804-6354275  User: oesteban  Machine: dna079  Platform: Linux  PlatformVersion: 5.14.0-427.37.1.el9_4.x86_64  CompilerName: GCC  CompilerVersion: 8.4.0
ProgramName: mris_topo_fixer  ProgramArguments: mris_topo_fixer -all-info  ProgramVersion: 7.3.2  TimeStamp: 2026/03/09-11:41:22-GMT  BuildTime: Aug  4 2022 06:17:15  BuildStamp: freesurfer-linux-ubuntu22_x86_64-7.3.2-20220804-6354275  User: oesteban  Machine: dna079  Platform: Linux  PlatformVersion: 5.14.0-427.37.1.el9_4.x86_64  CompilerName: GCC  CompilerVersion: 8.4.0
ProgramName: mris_jacobian  ProgramArguments: mris_jacobian -all-info  ProgramVersion: 7.3.2  TimeStamp: 2026/03/09-11:41:22-GMT  BuildTime: Aug  4 2022 06:17:15  BuildStamp: freesurfer-linux-ubuntu22_x86_64-7.3.2-20220804-6354275  User: oesteban  Machine: dna079  Platform: Linux  PlatformVersion: 5.14.0-427.37.1.el9_4.x86_64  CompilerName: GCC  CompilerVersion: 8.4.0
ProgramName: mris_label2annot  ProgramArguments: mris_label2annot -all-info  ProgramVersion: 7.3.2  TimeStamp: 2026/03/09-11:41:22-GMT  BuildTime: Aug  4 2022 06:17:15  BuildStamp: freesurfer-linux-ubuntu22_x86_64-7.3.2-20220804-6354275  User: oesteban  Machine: dna079  Platform: Linux  PlatformVersion: 5.14.0-427.37.1.el9_4.x86_64  CompilerName: GCC  CompilerVersion: 8.4.0
ProgramName: mris_left_right_register  ProgramArguments: mris_left_right_register -all-info  ProgramVersion: 7.3.2  TimeStamp: 2026/03/09-11:41:22-GMT  BuildTime: Aug  4 2022 06:17:15  BuildStamp: freesurfer-linux-ubuntu22_x86_64-7.3.2-20220804-6354275  User: oesteban  Machine: dna079  Platform: Linux  PlatformVersion: 5.14.0-427.37.1.el9_4.x86_64  CompilerName: GCC  CompilerVersion: 8.4.0
ProgramName: mris_place_surface  ProgramArguments: mris_place_surface -all-info  ProgramVersion: 7.3.2  TimeStamp: 2026/03/09-11:41:22-GMT  BuildTime: Aug  4 2022 06:17:15  BuildStamp: freesurfer-linux-ubuntu22_x86_64-7.3.2-20220804-6354275  User: oesteban  Machine: dna079  Platform: Linux  PlatformVersion: 5.14.0-427.37.1.el9_4.x86_64  CompilerName: GCC  CompilerVersion: 8.4.0
ProgramName: mrisp_paint  ProgramArguments: mrisp_paint -all-info  ProgramVersion: 7.3.2  TimeStamp: 2026/03/09-11:41:22-GMT  BuildTime: Aug  4 2022 06:17:15  BuildStamp: freesurfer-linux-ubuntu22_x86_64-7.3.2-20220804-6354275  User: oesteban  Machine: dna079  Platform: Linux  PlatformVersion: 5.14.0-427.37.1.el9_4.x86_64  CompilerName: GCC  CompilerVersion: 8.4.0
ProgramName: mris_register  ProgramArguments: mris_register -all-info  ProgramVersion: 7.3.2  TimeStamp: 2026/03/09-11:41:22-GMT  BuildTime: Aug  4 2022 06:17:15  BuildStamp: freesurfer-linux-ubuntu22_x86_64-7.3.2-20220804-6354275  User: oesteban  Machine: dna079  Platform: Linux  PlatformVersion: 5.14.0-427.37.1.el9_4.x86_64  CompilerName: GCC  CompilerVersion: 8.4.0
ProgramName: mris_smooth  ProgramArguments: mris_smooth -all-info  ProgramVersion: 7.3.2  TimeStamp: 2026/03/09-11:41:22-GMT  BuildTime: Aug  4 2022 06:17:15  BuildStamp: freesurfer-linux-ubuntu22_x86_64-7.3.2-20220804-6354275  User: oesteban  Machine: dna079  Platform: Linux  PlatformVersion: 5.14.0-427.37.1.el9_4.x86_64  CompilerName: GCC  CompilerVersion: 8.4.0
ProgramName: mris_sphere  ProgramArguments: mris_sphere -all-info  ProgramVersion: 7.3.2  TimeStamp: 2026/03/09-11:41:22-GMT  BuildTime: Aug  4 2022 06:17:15  BuildStamp: freesurfer-linux-ubuntu22_x86_64-7.3.2-20220804-6354275  User: oesteban  Machine: dna079  Platform: Linux  PlatformVersion: 5.14.0-427.37.1.el9_4.x86_64  CompilerName: GCC  CompilerVersion: 8.4.0
ProgramName: mris_surface_stats  ProgramArguments: mris_surface_stats -all-info  ProgramVersion: 7.3.2  TimeStamp: 2026/03/09-11:41:22-GMT  BuildTime: Aug  4 2022 06:17:15  BuildStamp: freesurfer-linux-ubuntu22_x86_64-7.3.2-20220804-6354275  User: oesteban  Machine: dna079  Platform: Linux  PlatformVersion: 5.14.0-427.37.1.el9_4.x86_64  CompilerName: GCC  CompilerVersion: 8.4.0
ProgramName: mri_stats2seg  ProgramArguments: mri_stats2seg -all-info  ProgramVersion: 7.3.2  TimeStamp: 2026/03/09-11:41:22-GMT  BuildTime: Aug  4 2022 06:17:15  BuildStamp: freesurfer-linux-ubuntu22_x86_64-7.3.2-20220804-6354275  User: oesteban  Machine: dna079  Platform: Linux  PlatformVersion: 5.14.0-427.37.1.el9_4.x86_64  CompilerName: GCC  CompilerVersion: 8.4.0
ProgramName: mris_thickness  ProgramArguments: mris_thickness -all-info  ProgramVersion: 7.3.2  TimeStamp: 2026/03/09-11:41:22-GMT  BuildTime: Aug  4 2022 06:17:15  BuildStamp: freesurfer-linux-ubuntu22_x86_64-7.3.2-20220804-6354275  User: oesteban  Machine: dna079  Platform: Linux  PlatformVersion: 5.14.0-427.37.1.el9_4.x86_64  CompilerName: GCC  CompilerVersion: 8.4.0
ProgramName: mris_thickness_diff  ProgramArguments: mris_thickness_diff -all-info  ProgramVersion: 7.3.2  TimeStamp: 2026/03/09-11:41:22-GMT  BuildTime: Aug  4 2022 06:17:15  BuildStamp: freesurfer-linux-ubuntu22_x86_64-7.3.2-20220804-6354275  User: oesteban  Machine: dna079  Platform: Linux  PlatformVersion: 5.14.0-427.37.1.el9_4.x86_64  CompilerName: GCC  CompilerVersion: 8.4.0
ProgramName: mris_topo_fixer  ProgramArguments: mris_topo_fixer -all-info  ProgramVersion: 7.3.2  TimeStamp: 2026/03/09-11:41:22-GMT  BuildTime: Aug  4 2022 06:17:15  BuildStamp: freesurfer-linux-ubuntu22_x86_64-7.3.2-20220804-6354275  User: oesteban  Machine: dna079  Platform: Linux  PlatformVersion: 5.14.0-427.37.1.el9_4.x86_64  CompilerName: GCC  CompilerVersion: 8.4.0
ProgramName: mri_surf2surf  ProgramArguments: mri_surf2surf -all-info  ProgramVersion: 7.3.2  TimeStamp: 2026/03/09-11:41:22-GMT  BuildTime: Aug  4 2022 06:17:15  BuildStamp: freesurfer-linux-ubuntu22_x86_64-7.3.2-20220804-6354275  User: oesteban  Machine: dna079  Platform: Linux  PlatformVersion: 5.14.0-427.37.1.el9_4.x86_64  CompilerName: GCC  CompilerVersion: 8.4.0
ProgramName: mri_surf2vol  ProgramArguments: mri_surf2vol -all-info  ProgramVersion: 7.3.2  TimeStamp: 2026/03/09-11:41:22-GMT  BuildTime: Aug  4 2022 06:17:15  BuildStamp: freesurfer-linux-ubuntu22_x86_64-7.3.2-20220804-6354275  User: oesteban  Machine: dna079  Platform: Linux  PlatformVersion: 5.14.0-427.37.1.el9_4.x86_64  CompilerName: GCC  CompilerVersion: 8.4.0
ProgramName: mri_surfcluster  ProgramArguments: mri_surfcluster -all-info  ProgramVersion: 7.3.2  TimeStamp: 2026/03/09-11:41:22-GMT  BuildTime: Aug  4 2022 06:17:15  BuildStamp: freesurfer-linux-ubuntu22_x86_64-7.3.2-20220804-6354275  User: oesteban  Machine: dna079  Platform: Linux  PlatformVersion: 5.14.0-427.37.1.el9_4.x86_64  CompilerName: GCC  CompilerVersion: 8.4.0
ProgramName: mris_volmask  ProgramArguments: mris_volmask -all-info  ProgramVersion: 7.3.2  TimeStamp: 2026/03/09-11:41:22-GMT  BuildTime: Aug  4 2022 06:17:15  BuildStamp: freesurfer-linux-ubuntu22_x86_64-7.3.2-20220804-6354275  User: oesteban  Machine: dna079  Platform: Linux  PlatformVersion: 5.14.0-427.37.1.el9_4.x86_64  CompilerName: GCC  CompilerVersion: 8.4.0
ProgramName: mri_tessellate  ProgramArguments: mri_tessellate -all-info  ProgramVersion: 7.3.2  TimeStamp: 2026/03/09-11:41:22-GMT  BuildTime: Aug  4 2022 06:17:15  BuildStamp: freesurfer-linux-ubuntu22_x86_64-7.3.2-20220804-6354275  User: oesteban  Machine: dna079  Platform: Linux  PlatformVersion: 5.14.0-427.37.1.el9_4.x86_64  CompilerName: GCC  CompilerVersion: 8.4.0
ProgramName: mri_vol2surf  ProgramArguments: mri_vol2surf -all-info  ProgramVersion: 7.3.2  TimeStamp: 2026/03/09-11:41:22-GMT  BuildTime: Aug  4 2022 06:17:15  BuildStamp: freesurfer-linux-ubuntu22_x86_64-7.3.2-20220804-6354275  User: oesteban  Machine: dna079  Platform: Linux  PlatformVersion: 5.14.0-427.37.1.el9_4.x86_64  CompilerName: GCC  CompilerVersion: 8.4.0
ProgramName: mri_vol2vol  ProgramArguments: mri_vol2vol -all-info  ProgramVersion: 7.3.2  TimeStamp: 2026/03/09-11:41:22-GMT  BuildTime: Aug  4 2022 06:17:15  BuildStamp: freesurfer-linux-ubuntu22_x86_64-7.3.2-20220804-6354275  User: oesteban  Machine: dna079  Platform: Linux  PlatformVersion: 5.14.0-427.37.1.el9_4.x86_64  CompilerName: GCC  CompilerVersion: 8.4.0
ProgramName: mri_voldiff  ProgramArguments: mri_voldiff -all-info  ProgramVersion: 7.3.2  TimeStamp: 2026/03/09-11:41:22-GMT  BuildTime: Aug  4 2022 06:17:15  BuildStamp: freesurfer-linux-ubuntu22_x86_64-7.3.2-20220804-6354275  User: oesteban  Machine: dna079  Platform: Linux  PlatformVersion: 5.14.0-427.37.1.el9_4.x86_64  CompilerName: GCC  CompilerVersion: 8.4.0
ProgramName: mri_watershed  ProgramArguments: mri_watershed -all-info  ProgramVersion: 7.3.2  TimeStamp: 2026/03/09-11:41:22-GMT  BuildTime: Aug  4 2022 06:17:15  BuildStamp: freesurfer-linux-ubuntu22_x86_64-7.3.2-20220804-6354275  User: oesteban  Machine: dna079  Platform: Linux  PlatformVersion: 5.14.0-427.37.1.el9_4.x86_64  CompilerName: GCC  CompilerVersion: 8.4.0
ProgramName: tkregister2  ProgramArguments: tkregister2_cmdl -all-info  ProgramVersion: 7.3.2  TimeStamp: 2026/03/09-11:41:22-GMT  BuildTime: Aug  4 2022 06:17:15  BuildStamp: freesurfer-linux-ubuntu22_x86_64-7.3.2-20220804-6354275  User: oesteban  Machine: dna079  Platform: Linux  PlatformVersion: 5.14.0-427.37.1.el9_4.x86_64  CompilerName: GCC  CompilerVersion: 8.4.0
mri_motion_correct.fsl 7.3.2
mri_convert -all-info 
ProgramName: mri_convert  ProgramArguments: mri_convert -all-info  ProgramVersion: 7.3.2  TimeStamp: 2026/03/09-11:41:22-GMT  BuildTime: Aug  4 2022 06:17:15  BuildStamp: freesurfer-linux-ubuntu22_x86_64-7.3.2-20220804-6354275  User: oesteban  Machine: dna079  Platform: Linux  PlatformVersion: 5.14.0-427.37.1.el9_4.x86_64  CompilerName: GCC  CompilerVersion: 8.4.0
Program nu_correct, built from:
Package MNI N3, version 1.12.0, compiled by nicks@terrier (x86_64-unknown-linux-gnu) on 2015-06-19 at 01:25:34
#######################################
GCADIR /opt/freesurfer/average
GCA RB_all_2020-01-02.gca
GCASkull RB_all_withskull_2020_01_02.gca
AvgCurvTif folding.atlas.acfb40.noaparc.i12.2016-08-02.tif
GCSDIR /opt/freesurfer/average
GCS DKaparc.atlas.acfb40.noaparc.i12.2016-08-02.gcs
#######################################
#--------------------------------------------
#@# AutoDetGWStats lh Mon Mar  9 12:41:22 CET 2026
cd /out/sourcedata/freesurfer/sub-v1s21x0050403_ses-1/mri
mris_autodet_gwstats --o ../surf/autodet.gw.stats.lh.dat --i brain.finalsurfs.mgz --wm wm.mgz --surf ../surf/lh.orig.premesh
  Update not needed
#--------------------------------------------
#@# WhitePreAparc lh Mon Mar  9 12:41:22 CET 2026
cd /out/sourcedata/freesurfer/sub-v1s21x0050403_ses-1/mri
mris_place_surface --adgws-in ../surf/autodet.gw.stats.lh.dat --wm wm.mgz --threads 16 --invol brain.finalsurfs.mgz --lh --i ../surf/lh.orig --o ../surf/lh.white.preaparc --white --seg aseg.presurf.mgz --nsmooth 5
   Update not needed
#--------------------------------------------
#@# CortexLabel lh Mon Mar  9 12:41:22 CET 2026
cd /out/sourcedata/freesurfer/sub-v1s21x0050403_ses-1/mri
mri_label2label --label-cortex ../surf/lh.white.preaparc aseg.presurf.mgz 0 ../label/lh.cortex.label
   Update not needed
#--------------------------------------------
#@# CortexLabel+HipAmyg lh Mon Mar  9 12:41:22 CET 2026
cd /out/sourcedata/freesurfer/sub-v1s21x0050403_ses-1/mri
mri_label2label --label-cortex ../surf/lh.white.preaparc aseg.presurf.mgz 1 ../label/lh.cortex+hipamyg.label
   Update not needed
#@# white curv lh Mon Mar  9 12:41:22 CET 2026
cd /out/sourcedata/freesurfer/sub-v1s21x0050403_ses-1/mri
mris_place_surface --curv-map ../surf/lh.white 2 10 ../surf/lh.curv
   Update not needed
#@# white area lh Mon Mar  9 12:41:22 CET 2026
cd /out/sourcedata/freesurfer/sub-v1s21x0050403_ses-1/mri
mris_place_surface --area-map ../surf/lh.white ../surf/lh.area
   Update not needed
#@# pial curv lh Mon Mar  9 12:41:22 CET 2026
cd /out/sourcedata/freesurfer/sub-v1s21x0050403_ses-1/mri
mris_place_surface --curv-map ../surf/lh.pial 2 10 ../surf/lh.curv.pial
   Update not needed
#@# pial area lh Mon Mar  9 12:41:22 CET 2026
cd /out/sourcedata/freesurfer/sub-v1s21x0050403_ses-1/mri
mris_place_surface --area-map ../surf/lh.pial ../surf/lh.area.pial
   Update not needed
#@# thickness lh Mon Mar  9 12:41:22 CET 2026
cd /out/sourcedata/freesurfer/sub-v1s21x0050403_ses-1/mri
mris_place_surface --thickness ../surf/lh.white ../surf/lh.pial 20 5 ../surf/lh.thickness
   Update not needed
#@# area and vertex vol lh Mon Mar  9 12:41:22 CET 2026
cd /out/sourcedata/freesurfer/sub-v1s21x0050403_ses-1/mri
mris_place_surface --thickness ../surf/lh.white ../surf/lh.pial 20 5 ../surf/lh.thickness
   Update not needed
#-----------------------------------------
#@# Parcellation Stats lh Mon Mar  9 12:41:22 CET 2026
/out/sourcedata/freesurfer/sub-v1s21x0050403_ses-1/scripts

 mris_anatomical_stats -th3 -mgz -noglobal -cortex ../label/lh.cortex.label -f ../stats/lh.aparc.stats -b -a ../label/lh.aparc.annot -c ../label/aparc.annot.ctab sub-v1s21x0050403_ses-1 lh white 

computing statistics for each annotation in ../label/lh.aparc.annot.
reading volume /out/sourcedata/freesurfer/sub-v1s21x0050403_ses-1/mri/wm.mgz...
reading input surface /out/sourcedata/freesurfer/sub-v1s21x0050403_ses-1/surf/lh.white...
reading input pial surface /out/sourcedata/freesurfer/sub-v1s21x0050403_ses-1/surf/lh.pial...
reading input white surface /out/sourcedata/freesurfer/sub-v1s21x0050403_ses-1/surf/lh.white...
INFO: using TH3 volume calc
INFO: assuming MGZ format for volumes.
INFO: not computing global stats
INFO: using ../label/lh.cortex.label as mask to calc cortex NumVert, SurfArea and MeanThickness.
Using TH3 vertex volume calc
Total face volume 301018
Total vertex volume 300801 (mask=0)
Saving annotation colortable ../label/aparc.annot.ctab

table columns are:
    number of vertices
    total surface area (mm^2)
    total gray matter volume (mm^3)
    average cortical thickness +- standard deviation (mm)
    integrated rectified mean curvature
    integrated rectified Gaussian curvature
    folding index
    intrinsic curvature index
    structure name

 1840   1214   2857  2.368 0.555     0.096     0.021       15     1.3  bankssts
 1114    731   1746  2.195 0.663     0.097     0.020       10     1.0  caudalanteriorcingulate
 3724   2644   8226  2.527 0.753     0.123     0.030       35     4.7  caudalmiddlefrontal
 2232   1566   2943  1.781 0.564     0.138     0.035       25     3.3  cuneus
  566    440   1772  2.844 0.682     0.155     0.059       10     1.4  entorhinal
 4786   3378  10626  2.707 0.732     0.119     0.030       49     6.0  fusiform
 7680   5415  15962  2.557 0.678     0.122     0.028       85     9.1  inferiorparietal
 5000   3539  12456  2.807 0.777     0.116     0.028       57     5.3  inferiortemporal
 1534   1119   3467  2.613 0.911     0.126     0.033       18     1.9  isthmuscingulate
 8744   5897  14834  2.181 0.726     0.142     0.041      116    14.7  lateraloccipital
 5190   3691  10566  2.616 0.783     0.145     0.048       77    10.7  lateralorbitofrontal
 5497   3971   9141  2.085 0.698     0.132     0.034       62     8.2  lingual
 3467   2485   7524  2.540 0.734     0.127     0.043       56     5.4  medialorbitofrontal
 4317   3005   9530  2.692 0.722     0.110     0.025       46     4.5  middletemporal
 1352    860   2936  2.811 0.661     0.085     0.019        7     1.0  parahippocampal
 2589   1677   4514  2.479 0.695     0.112     0.029       20     3.1  paracentral
 2974   2108   7310  2.742 0.823     0.117     0.031       26     3.8  parsopercularis
 1191    905   3168  2.512 0.782     0.168     0.079       74     2.6  parsorbitalis
 2344   1755   6288  2.788 0.724     0.128     0.033       29     3.4  parstriangularis
 2254   1577   2349  1.631 0.523     0.135     0.033       24     3.1  pericalcarine
 7000   4656  10662  2.060 0.751     0.113     0.027       57     7.9  postcentral
 1789   1276   4208  2.589 0.870     0.119     0.025       20     2.0  posteriorcingulate
 7860   5316  14616  2.426 0.685     0.113     0.027       61     8.9  precentral
 6063   4389  12398  2.481 0.660     0.125     0.030       69     7.9  precuneus
 1175    822   2460  2.537 0.860     0.120     0.031       16     1.6  rostralanteriorcingulate
 8629   6596  23222  2.659 0.830     0.143     0.040      121    14.6  rostralmiddlefrontal
14847  10904  34941  2.793 0.740     0.134     0.037      169    23.0  superiorfrontal
 8265   5787  14859  2.219 0.683     0.132     0.033       85    11.5  superiorparietal
 6922   4645  15110  2.779 0.804     0.098     0.021       55     6.0  superiortemporal
 7580   5497  16586  2.488 0.814     0.119     0.027       76     8.6  supramarginal
  427    375   1203  2.371 0.733     0.211     0.091       14     1.8  frontalpole
  786    571   2191  2.838 0.882     0.149     0.050       11     1.6  temporalpole
  795    572   1551  2.312 0.515     0.125     0.026       10     0.8  transversetemporal
 4372   2971   8576  2.930 0.842     0.115     0.032       42     5.6  insula

 mris_anatomical_stats -th3 -mgz -noglobal -cortex ../label/lh.cortex.label -f ../stats/lh.aparc.pial.stats -b -a ../label/lh.aparc.annot -c ../label/aparc.annot.ctab sub-v1s21x0050403_ses-1 lh pial 

computing statistics for each annotation in ../label/lh.aparc.annot.
reading volume /out/sourcedata/freesurfer/sub-v1s21x0050403_ses-1/mri/wm.mgz...
reading input surface /out/sourcedata/freesurfer/sub-v1s21x0050403_ses-1/surf/lh.pial...
reading input pial surface /out/sourcedata/freesurfer/sub-v1s21x0050403_ses-1/surf/lh.pial...
reading input white surface /out/sourcedata/freesurfer/sub-v1s21x0050403_ses-1/surf/lh.white...
INFO: using TH3 volume calc
INFO: assuming MGZ format for volumes.
INFO: not computing global stats
INFO: using ../label/lh.cortex.label as mask to calc cortex NumVert, SurfArea and MeanThickness.
Using TH3 vertex volume calc
Total face volume 301018
Total vertex volume 300801 (mask=0)
Saving annotation colortable ../label/aparc.annot.ctab

table columns are:
    number of vertices
    total surface area (mm^2)
    total gray matter volume (mm^3)
    average cortical thickness +- standard deviation (mm)
    integrated rectified mean curvature
    integrated rectified Gaussian curvature
    folding index
    intrinsic curvature index
    structure name

 1840   1215   2857  2.368 0.555     0.115     0.027       35     1.9  bankssts
 1114    870   1746  2.195 0.663     0.129     0.033       24     1.4  caudalanteriorcingulate
 3724   3526   8226  2.527 0.753     0.158     0.034       56     6.0  caudalmiddlefrontal
 2232   1911   2943  1.781 0.564     0.154     0.051      146     3.8  cuneus
  566    922   1772  2.844 0.682     0.390     0.112       24     3.7  entorhinal
 4786   4307  10626  2.707 0.732     0.160     0.042      101     8.4  fusiform
 7680   6827  15962  2.557 0.678     0.148     0.036      130    11.3  inferiorparietal
 5000   5325  12456  2.807 0.777     0.183     0.044       92    10.0  inferiortemporal
 1534   1513   3467  2.613 0.911     0.189     0.066       81     3.2  isthmuscingulate
 8744   7441  14834  2.181 0.726     0.143     0.038      291    14.1  lateraloccipital
 5190   4618  10566  2.616 0.783     0.183     0.058      183    11.6  lateralorbitofrontal
 5497   5109   9141  2.085 0.698     0.159     0.040      108     9.7  lingual
 3467   3528   7524  2.540 0.734     0.194     0.052       90     7.7  medialorbitofrontal
 4317   4105   9530  2.692 0.722     0.160     0.039      125     7.7  middletemporal
 1352   1260   2936  2.811 0.661     0.167     0.042       21     2.9  parahippocampal
 2589   1908   4514  2.479 0.695     0.115     0.029       39     2.9  paracentral
 2974   3019   7310  2.742 0.823     0.182     0.043       49     5.7  parsopercularis
 1191   1613   3168  2.512 0.782     0.263     0.081       48     4.1  parsorbitalis
 2344   2776   6288  2.788 0.724     0.210     0.046       50     5.0  parstriangularis
 2254   1412   2349  1.631 0.523     0.140     0.039      120     3.7  pericalcarine
 7000   5694  10662  2.060 0.751     0.131     0.029      108     8.3  postcentral
 1789   1831   4208  2.589 0.870     0.193     0.054       50     3.7  posteriorcingulate
 7860   6326  14616  2.426 0.685     0.130     0.032      226     9.5  precentral
 6063   5365  12398  2.481 0.660     0.165     0.043      187    10.6  precuneus
 1175   1111   2460  2.537 0.860     0.167     0.043       18     2.1  rostralanteriorcingulate
 8629   9848  23222  2.659 0.830     0.203     0.053      182    19.1  rostralmiddlefrontal
14847  13996  34941  2.793 0.740     0.167     0.041      407    25.9  superiorfrontal
 8265   7470  14859  2.219 0.683     0.153     0.038      177    12.2  superiorparietal
 6922   5910  15110  2.779 0.804     0.140     0.031       92     9.5  superiortemporal
 7580   7295  16586  2.488 0.814     0.159     0.035      116    11.2  supramarginal
  427    684   1203  2.371 0.733     0.275     0.060        9     1.3  frontalpole
  786   1033   2191  2.838 0.882     0.228     0.055       17     1.9  temporalpole
  795    812   1551  2.312 0.515     0.151     0.034        8     1.1  transversetemporal
 4372   3008   8576  2.930 0.842     0.154     0.048      116     9.2  insula
#-----------------------------------------
#@# Parcellation Stats 2 lh Mon Mar  9 12:41:40 CET 2026
/out/sourcedata/freesurfer/sub-v1s21x0050403_ses-1/scripts

 mris_anatomical_stats -th3 -mgz -noglobal -cortex ../label/lh.cortex.label -f ../stats/lh.aparc.a2009s.stats -b -a ../label/lh.aparc.a2009s.annot -c ../label/aparc.annot.a2009s.ctab sub-v1s21x0050403_ses-1 lh white 

computing statistics for each annotation in ../label/lh.aparc.a2009s.annot.
reading volume /out/sourcedata/freesurfer/sub-v1s21x0050403_ses-1/mri/wm.mgz...
reading input surface /out/sourcedata/freesurfer/sub-v1s21x0050403_ses-1/surf/lh.white...
reading input pial surface /out/sourcedata/freesurfer/sub-v1s21x0050403_ses-1/surf/lh.pial...
reading input white surface /out/sourcedata/freesurfer/sub-v1s21x0050403_ses-1/surf/lh.white...
INFO: using TH3 volume calc
INFO: assuming MGZ format for volumes.
INFO: not computing global stats
INFO: using ../label/lh.cortex.label as mask to calc cortex NumVert, SurfArea and MeanThickness.
Using TH3 vertex volume calc
Total face volume 301018
Total vertex volume 300801 (mask=0)
Saving annotation colortable ../label/aparc.annot.a2009s.ctab

table columns are:
    number of vertices
    total surface area (mm^2)
    total gray matter volume (mm^3)
    average cortical thickness +- standard deviation (mm)
    integrated rectified mean curvature
    integrated rectified Gaussian curvature
    folding index
    intrinsic curvature index
    structure name

 1399   1018   3144  2.511 0.627     0.132     0.039       17     2.0  G_and_S_frontomargin
 1738   1245   4249  2.569 0.917     0.138     0.037       21     2.6  G_and_S_occipital_inf
 2032   1301   3214  2.177 0.655     0.122     0.035       17     2.9  G_and_S_paracentral
 1522   1079   3770  2.870 0.732     0.117     0.027       13     1.7  G_and_S_subcentral
  823    719   2428  2.722 0.780     0.181     0.058       21     2.2  G_and_S_transv_frontopol
 3249   2283   6529  2.630 0.682     0.116     0.029       35     4.0  G_and_S_cingul-Ant
 1859   1254   3499  2.713 0.656     0.093     0.019       10     1.6  G_and_S_cingul-Mid-Ant
 1477   1038   3434  2.999 0.745     0.110     0.025       11     1.6  G_and_S_cingul-Mid-Post
  528    449   2036  2.996 0.814     0.170     0.048       10     1.0  G_cingul-Post-dorsal
  282    211    975  3.205 0.970     0.149     0.046        4     0.5  G_cingul-Post-ventral
 2157   1517   2959  1.713 0.599     0.149     0.038       28     3.7  G_cuneus
 1536   1159   4620  2.833 0.777     0.136     0.038       18     2.3  G_front_inf-Opercular
  453    336   1336  2.654 0.781     0.162     0.060       11     0.9  G_front_inf-Orbital
 1603   1243   5743  3.083 0.827     0.152     0.049       27     3.6  G_front_inf-Triangul
 4750   3863  17666  3.042 0.841     0.160     0.047       74     9.4  G_front_middle
 9599   7270  26095  2.855 0.780     0.149     0.045      144    18.1  G_front_sup
  827    593   1935  3.056 1.011     0.132     0.042       11     1.2  G_Ins_lg_and_S_cent_ins
  974    680   2802  3.184 0.897     0.120     0.038       11     1.4  G_insular_short
 2731   1898   6450  2.619 0.727     0.149     0.041       44     4.7  G_occipital_middle
 1502   1035   2588  2.087 0.799     0.141     0.042       18     2.5  G_occipital_sup
 1702   1242   4788  2.915 0.812     0.123     0.035       22     2.3  G_oc-temp_lat-fusifor
 3621   2719   6602  2.004 0.761     0.157     0.045       54     7.3  G_oc-temp_med-Lingual
 1343    905   3416  2.839 0.700     0.112     0.036       13     1.9  G_oc-temp_med-Parahip
 3173   2447   8164  2.541 0.795     0.173     0.069      115     8.5  G_orbital
 2444   1866   7228  2.826 0.785     0.147     0.039       44     3.9  G_pariet_inf-Angular
 3361   2517   9057  2.698 0.812     0.135     0.035       44     4.7  G_pariet_inf-Supramar
 2816   2170   7057  2.411 0.800     0.156     0.045       42     5.3  G_parietal_sup
 2879   1928   4809  2.049 0.680     0.123     0.032       31     3.9  G_postcentral
 2962   2051   6999  2.584 0.735     0.126     0.035       29     4.5  G_precentral
 2815   2149   7571  2.656 0.755     0.147     0.041       44     4.7  G_precuneus
 1232    953   3981  2.828 0.759     0.166     0.071       30     3.5  G_rectus
  857    586   1131  1.924 0.764     0.143     0.057       20     1.5  G_subcallosal
  632    462   1424  2.364 0.534     0.124     0.029        9     0.7  G_temp_sup-G_T_transv
 2200   1608   7112  3.109 0.804     0.139     0.038       37     3.3  G_temp_sup-Lateral
 1001    673   2576  3.215 0.953     0.100     0.027        6     1.0  G_temp_sup-Plan_polar
  977    657   1980  2.593 0.532     0.084     0.015        5     0.6  G_temp_sup-Plan_tempo
 2719   1992   8205  2.912 0.857     0.128     0.034       40     3.5  G_temporal_inf
 2398   1693   6101  2.770 0.756     0.120     0.031       32     2.9  G_temporal_middle
  275    201    484  2.411 0.583     0.105     0.019        2     0.2  Lat_Fis-ant-Horizont
  505    353    749  2.395 0.615     0.092     0.015        2     0.3  Lat_Fis-ant-Vertical
 1382    902   1911  2.407 0.773     0.098     0.017        7     1.1  Lat_Fis-post
 2394   1522   3319  1.981 0.681     0.149     0.055       34     5.2  Pole_occipital
 1467   1187   4837  2.852 0.819     0.162     0.054       28     3.3  Pole_temporal
 3021   2098   3860  1.967 0.717     0.115     0.025       24     3.0  S_calcarine
 3491   2282   3806  1.897 0.493     0.106     0.022       22     3.2  S_central
 1207    797   1713  2.390 0.483     0.099     0.019        8     0.9  S_cingul-Marginalis
  984    655   1560  2.749 0.681     0.111     0.024        6     1.2  S_circular_insula_ant
 1736   1113   2589  2.815 0.611     0.073     0.013        6     0.9  S_circular_insula_inf
 2111   1347   3284  2.908 0.597     0.086     0.016        8     1.4  S_circular_insula_sup
  894    645   1993  2.724 0.765     0.128     0.035       10     1.3  S_collat_transv_ant
  625    424    775  2.166 0.644     0.122     0.030        5     0.8  S_collat_transv_post
 2408   1676   4638  2.537 0.780     0.113     0.024       19     2.3  S_front_inf
 1813   1251   2518  2.159 0.573     0.118     0.028       20     2.3  S_front_middle
 3240   2255   5320  2.483 0.565     0.110     0.027       21     3.6  S_front_sup
  896    588   1041  2.002 0.556     0.097     0.017        5     0.8  S_interm_prim-Jensen
 3339   2264   4510  2.129 0.541     0.109     0.019       24     2.8  S_intrapariet_and_P_trans
 1304    877   1478  2.008 0.392     0.127     0.030       11     1.7  S_oc_middle_and_Lunatus
 1497    984   1986  2.177 0.438     0.118     0.024       12     1.6  S_oc_sup_and_transversal
  935    630   1273  2.084 0.582     0.126     0.024       13     1.1  S_occipital_ant
 1151    746   1740  2.612 0.666     0.092     0.016        5     0.8  S_oc-temp_lat
 2850   1859   4007  2.416 0.507     0.091     0.016       15     2.0  S_oc-temp_med_and_Lingual
  388    272    551  2.140 0.530     0.116     0.024        3     0.4  S_orbital_lateral
  758    527   1223  2.517 0.576     0.109     0.027        6     0.7  S_orbital_med-olfact
 1666   1143   2941  2.706 0.831     0.139     0.046       22     3.3  S_orbital-H_Shaped
 2277   1523   3287  2.280 0.546     0.109     0.024       16     2.3  S_parieto_occipital
 1489    938   1425  1.786 0.494     0.093     0.015       13     1.0  S_pericallosal
 3825   2623   5668  2.111 0.680     0.111     0.024       26     3.9  S_postcentral
 1599   1073   2213  2.155 0.544     0.093     0.015        8     1.1  S_precentral-inf-part
 1530   1005   2157  2.358 0.589     0.105     0.022        9     1.4  S_precentral-sup-part
  909    616   1464  2.391 0.697     0.097     0.023        5     0.9  S_suborbital
 1274    893   2039  2.370 0.536     0.111     0.023       13     1.3  S_subparietal
 1772   1174   2583  2.493 0.593     0.102     0.018       11     1.4  S_temporal_inf
 7132   4735  11535  2.437 0.622     0.093     0.018       43     5.2  S_temporal_sup
  588    370    651  2.181 0.368     0.089     0.010        3     0.3  S_temporal_transverse
#-----------------------------------------
#@# Parcellation Stats 3 lh Mon Mar  9 12:41:49 CET 2026
/out/sourcedata/freesurfer/sub-v1s21x0050403_ses-1/scripts

 mris_anatomical_stats -th3 -mgz -noglobal -cortex ../label/lh.cortex.label -f ../stats/lh.aparc.DKTatlas.stats -b -a ../label/lh.aparc.DKTatlas.annot -c ../label/aparc.annot.DKTatlas.ctab sub-v1s21x0050403_ses-1 lh white 

computing statistics for each annotation in ../label/lh.aparc.DKTatlas.annot.
reading volume /out/sourcedata/freesurfer/sub-v1s21x0050403_ses-1/mri/wm.mgz...
reading input surface /out/sourcedata/freesurfer/sub-v1s21x0050403_ses-1/surf/lh.white...
reading input pial surface /out/sourcedata/freesurfer/sub-v1s21x0050403_ses-1/surf/lh.pial...
reading input white surface /out/sourcedata/freesurfer/sub-v1s21x0050403_ses-1/surf/lh.white...
INFO: using TH3 volume calc
INFO: assuming MGZ format for volumes.
INFO: not computing global stats
INFO: using ../label/lh.cortex.label as mask to calc cortex NumVert, SurfArea and MeanThickness.
Using TH3 vertex volume calc
Total face volume 301018
Total vertex volume 300801 (mask=0)
Saving annotation colortable ../label/aparc.annot.DKTatlas.ctab

table columns are:
    number of vertices
    total surface area (mm^2)
    total gray matter volume (mm^3)
    average cortical thickness +- standard deviation (mm)
    integrated rectified mean curvature
    integrated rectified Gaussian curvature
    folding index
    intrinsic curvature index
    structure name

 2487   1670   4976  2.513 0.748     0.103     0.023       22     2.5  caudalanteriorcingulate
 3943   2795   8635  2.521 0.750     0.122     0.029       36     5.0  caudalmiddlefrontal
 3093   2139   4491  1.933 0.643     0.134     0.034       33     4.4  cuneus
  502    379   1476  2.736 0.668     0.138     0.052        7     1.0  entorhinal
 4451   3086   9512  2.691 0.723     0.114     0.028       41     5.0  fusiform
 7894   5561  16135  2.526 0.680     0.120     0.028       86     9.1  inferiorparietal
 5024   3636  13191  2.841 0.788     0.122     0.031       62     6.5  inferiortemporal
 1525   1110   3451  2.631 0.906     0.126     0.032       17     1.9  isthmuscingulate
 8782   5939  14956  2.186 0.728     0.144     0.041      117    15.2  lateraloccipital
 5549   4016  11563  2.516 0.832     0.150     0.052       92    12.2  lateralorbitofrontal
 5549   3995   9124  2.064 0.700     0.130     0.034       63     8.1  lingual
 2782   2041   6660  2.574 0.749     0.135     0.049       49     4.8  medialorbitofrontal
 5868   4040  11891  2.578 0.723     0.109     0.024       59     5.7  middletemporal
 1388    889   3016  2.800 0.667     0.086     0.019        8     1.0  parahippocampal
 3068   2018   5482  2.570 0.700     0.114     0.030       24     3.8  paracentral
 2742   1957   6345  2.666 0.759     0.119     0.031       24     3.6  parsopercularis
 1376   1008   3256  2.468 0.764     0.149     0.066       70     2.7  parsorbitalis
 2927   2143   8520  2.904 0.814     0.125     0.033       34     4.0  parstriangularis
 2216   1558   2329  1.641 0.519     0.137     0.034       24     3.2  pericalcarine
 7891   5259  12246  2.111 0.760     0.114     0.027       66     8.8  postcentral
 1997   1408   4503  2.609 0.846     0.118     0.025       22     2.2  posteriorcingulate
 7800   5263  14470  2.426 0.684     0.112     0.027       60     8.7  precentral
 5806   4239  12207  2.488 0.677     0.127     0.032       69     7.8  precuneus
 2137   1496   4409  2.599 0.755     0.119     0.030       28     2.8  rostralanteriorcingulate
 6200   4648  16572  2.712 0.847     0.140     0.040       84    10.2  rostralmiddlefrontal
14675  11061  35077  2.730 0.755     0.141     0.040      193    25.0  superiorfrontal
 6680   4697  11966  2.218 0.678     0.130     0.032       66     9.2  superiorparietal
 9281   6258  19958  2.722 0.786     0.103     0.025       83     9.1  superiortemporal
 6852   5003  15206  2.520 0.827     0.124     0.029       71     8.3  supramarginal
  771    558   1510  2.319 0.505     0.124     0.026       10     0.8  transversetemporal
 3649   2483   7668  3.113 0.707     0.108     0.027       28     4.0  insula
/out/sourcedata/freesurfer/sub-v1s21x0050403_ses-1/label
#--------------------------------------------
#@# BA_exvivo Labels lh Mon Mar  9 12:41:58 CET 2026

 mri_label2label --srcsubject fsaverage --srclabel /out/sourcedata/freesurfer/fsaverage/label/lh.BA1_exvivo.label --trgsubject sub-v1s21x0050403_ses-1 --trglabel ./lh.BA1_exvivo.label --hemi lh --regmethod surface 


srclabel = /out/sourcedata/freesurfer/fsaverage/label/lh.BA1_exvivo.label
srcsubject = fsaverage
trgsubject = sub-v1s21x0050403_ses-1
trglabel = ./lh.BA1_exvivo.label
regmethod = surface

srchemi = lh
trghemi = lh
trgsurface = white
srcsurfreg = sphere.reg
trgsurfreg = sphere.reg
usehash = 1
Use ProjAbs  = 0, 0
Use ProjFrac = 0, 0
DoPaint 0

SUBJECTS_DIR    /out/sourcedata/freesurfer
FREESURFER_HOME /opt/freesurfer
Loading source label.
Found 4129 points in source label.
Starting surface-based mapping
Reading source registration 
 /out/sourcedata/freesurfer/fsaverage/surf/lh.sphere.reg
Rescaling ...  original radius = 100
Reading target surface 
 /out/sourcedata/freesurfer/sub-v1s21x0050403_ses-1/surf/lh.white
Reading target registration 
 /out/sourcedata/freesurfer/sub-v1s21x0050403_ses-1/surf/lh.sphere.reg
Rescaling ...  original radius = 100
Building target registration hash (res=16).
Building source registration hash (res=16).
INFO: found  4129 nlabel points
Performing mapping from target back to the source label 153332
Number of reverse mapping hits = 351
Checking for and removing duplicates
Writing label file ./lh.BA1_exvivo.label 4480
mri_label2label: Done


 mri_label2label --srcsubject fsaverage --srclabel /out/sourcedata/freesurfer/fsaverage/label/lh.BA2_exvivo.label --trgsubject sub-v1s21x0050403_ses-1 --trglabel ./lh.BA2_exvivo.label --hemi lh --regmethod surface 


srclabel = /out/sourcedata/freesurfer/fsaverage/label/lh.BA2_exvivo.label
srcsubject = fsaverage
trgsubject = sub-v1s21x0050403_ses-1
trglabel = ./lh.BA2_exvivo.label
regmethod = surface

srchemi = lh
trghemi = lh
trgsurface = white
srcsurfreg = sphere.reg
trgsurfreg = sphere.reg
usehash = 1
Use ProjAbs  = 0, 0
Use ProjFrac = 0, 0
DoPaint 0

SUBJECTS_DIR    /out/sourcedata/freesurfer
FREESURFER_HOME /opt/freesurfer
Loading source label.
Found 7909 points in source label.
Starting surface-based mapping
Reading source registration 
 /out/sourcedata/freesurfer/fsaverage/surf/lh.sphere.reg
Rescaling ...  original radius = 100
Reading target surface 
 /out/sourcedata/freesurfer/sub-v1s21x0050403_ses-1/surf/lh.white
Reading target registration 
 /out/sourcedata/freesurfer/sub-v1s21x0050403_ses-1/surf/lh.sphere.reg
Rescaling ...  original radius = 100
Building target registration hash (res=16).
Building source registration hash (res=16).
INFO: found  7909 nlabel points
Performing mapping from target back to the source label 153332
Number of reverse mapping hits = 731
Checking for and removing duplicates
Writing label file ./lh.BA2_exvivo.label 8640
mri_label2label: Done


 mri_label2label --srcsubject fsaverage --srclabel /out/sourcedata/freesurfer/fsaverage/label/lh.BA3a_exvivo.label --trgsubject sub-v1s21x0050403_ses-1 --trglabel ./lh.BA3a_exvivo.label --hemi lh --regmethod surface 


srclabel = /out/sourcedata/freesurfer/fsaverage/label/lh.BA3a_exvivo.label
srcsubject = fsaverage
trgsubject = sub-v1s21x0050403_ses-1
trglabel = ./lh.BA3a_exvivo.label
regmethod = surface

srchemi = lh
trghemi = lh
trgsurface = white
srcsurfreg = sphere.reg
trgsurfreg = sphere.reg
usehash = 1
Use ProjAbs  = 0, 0
Use ProjFrac = 0, 0
DoPaint 0

SUBJECTS_DIR    /out/sourcedata/freesurfer
FREESURFER_HOME /opt/freesurfer
Loading source label.
Found 4077 points in source label.
Starting surface-based mapping
Reading source registration 
 /out/sourcedata/freesurfer/fsaverage/surf/lh.sphere.reg
Rescaling ...  original radius = 100
Reading target surface 
 /out/sourcedata/freesurfer/sub-v1s21x0050403_ses-1/surf/lh.white
Reading target registration 
 /out/sourcedata/freesurfer/sub-v1s21x0050403_ses-1/surf/lh.sphere.reg
Rescaling ...  original radius = 100
Building target registration hash (res=16).
Building source registration hash (res=16).
INFO: found  4077 nlabel points
Performing mapping from target back to the source label 153332
Number of reverse mapping hits = 128
Checking for and removing duplicates
Writing label file ./lh.BA3a_exvivo.label 4205
mri_label2label: Done


 mri_label2label --srcsubject fsaverage --srclabel /out/sourcedata/freesurfer/fsaverage/label/lh.BA3b_exvivo.label --trgsubject sub-v1s21x0050403_ses-1 --trglabel ./lh.BA3b_exvivo.label --hemi lh --regmethod surface 


srclabel = /out/sourcedata/freesurfer/fsaverage/label/lh.BA3b_exvivo.label
srcsubject = fsaverage
trgsubject = sub-v1s21x0050403_ses-1
trglabel = ./lh.BA3b_exvivo.label
regmethod = surface

srchemi = lh
trghemi = lh
trgsurface = white
srcsurfreg = sphere.reg
trgsurfreg = sphere.reg
usehash = 1
Use ProjAbs  = 0, 0
Use ProjFrac = 0, 0
DoPaint 0

SUBJECTS_DIR    /out/sourcedata/freesurfer
FREESURFER_HOME /opt/freesurfer
Loading source label.
Found 5983 points in source label.
Starting surface-based mapping
Reading source registration 
 /out/sourcedata/freesurfer/fsaverage/surf/lh.sphere.reg
Rescaling ...  original radius = 100
Reading target surface 
 /out/sourcedata/freesurfer/sub-v1s21x0050403_ses-1/surf/lh.white
Reading target registration 
 /out/sourcedata/freesurfer/sub-v1s21x0050403_ses-1/surf/lh.sphere.reg
Rescaling ...  original radius = 100
Building target registration hash (res=16).
Building source registration hash (res=16).
INFO: found  5983 nlabel points
Performing mapping from target back to the source label 153332
Number of reverse mapping hits = 280
Checking for and removing duplicates
Writing label file ./lh.BA3b_exvivo.label 6263
mri_label2label: Done


 mri_label2label --srcsubject fsaverage --srclabel /out/sourcedata/freesurfer/fsaverage/label/lh.BA4a_exvivo.label --trgsubject sub-v1s21x0050403_ses-1 --trglabel ./lh.BA4a_exvivo.label --hemi lh --regmethod surface 


srclabel = /out/sourcedata/freesurfer/fsaverage/label/lh.BA4a_exvivo.label
srcsubject = fsaverage
trgsubject = sub-v1s21x0050403_ses-1
trglabel = ./lh.BA4a_exvivo.label
regmethod = surface

srchemi = lh
trghemi = lh
trgsurface = white
srcsurfreg = sphere.reg
trgsurfreg = sphere.reg
usehash = 1
Use ProjAbs  = 0, 0
Use ProjFrac = 0, 0
DoPaint 0

SUBJECTS_DIR    /out/sourcedata/freesurfer
FREESURFER_HOME /opt/freesurfer
Loading source label.
Found 5784 points in source label.
Starting surface-based mapping
Reading source registration 
 /out/sourcedata/freesurfer/fsaverage/surf/lh.sphere.reg
Rescaling ...  original radius = 100
Reading target surface 
 /out/sourcedata/freesurfer/sub-v1s21x0050403_ses-1/surf/lh.white
Reading target registration 
 /out/sourcedata/freesurfer/sub-v1s21x0050403_ses-1/surf/lh.sphere.reg
Rescaling ...  original radius = 100
Building target registration hash (res=16).
Building source registration hash (res=16).
INFO: found  5784 nlabel points
Performing mapping from target back to the source label 153332
Number of reverse mapping hits = 437
Checking for and removing duplicates
Writing label file ./lh.BA4a_exvivo.label 6221
mri_label2label: Done


 mri_label2label --srcsubject fsaverage --srclabel /out/sourcedata/freesurfer/fsaverage/label/lh.BA4p_exvivo.label --trgsubject sub-v1s21x0050403_ses-1 --trglabel ./lh.BA4p_exvivo.label --hemi lh --regmethod surface 


srclabel = /out/sourcedata/freesurfer/fsaverage/label/lh.BA4p_exvivo.label
srcsubject = fsaverage
trgsubject = sub-v1s21x0050403_ses-1
trglabel = ./lh.BA4p_exvivo.label
regmethod = surface

srchemi = lh
trghemi = lh
trgsurface = white
srcsurfreg = sphere.reg
trgsurfreg = sphere.reg
usehash = 1
Use ProjAbs  = 0, 0
Use ProjFrac = 0, 0
DoPaint 0

SUBJECTS_DIR    /out/sourcedata/freesurfer
FREESURFER_HOME /opt/freesurfer
Loading source label.
Found 4070 points in source label.
Starting surface-based mapping
Reading source registration 
 /out/sourcedata/freesurfer/fsaverage/surf/lh.sphere.reg
Rescaling ...  original radius = 100
Reading target surface 
 /out/sourcedata/freesurfer/sub-v1s21x0050403_ses-1/surf/lh.white
Reading target registration 
 /out/sourcedata/freesurfer/sub-v1s21x0050403_ses-1/surf/lh.sphere.reg
Rescaling ...  original radius = 100
Building target registration hash (res=16).
Building source registration hash (res=16).
INFO: found  4070 nlabel points
Performing mapping from target back to the source label 153332
Number of reverse mapping hits = 254
Checking for and removing duplicates
Writing label file ./lh.BA4p_exvivo.label 4324
mri_label2label: Done


 mri_label2label --srcsubject fsaverage --srclabel /out/sourcedata/freesurfer/fsaverage/label/lh.BA6_exvivo.label --trgsubject sub-v1s21x0050403_ses-1 --trglabel ./lh.BA6_exvivo.label --hemi lh --regmethod surface 


srclabel = /out/sourcedata/freesurfer/fsaverage/label/lh.BA6_exvivo.label
srcsubject = fsaverage
trgsubject = sub-v1s21x0050403_ses-1
trglabel = ./lh.BA6_exvivo.label
regmethod = surface

srchemi = lh
trghemi = lh
trgsurface = white
srcsurfreg = sphere.reg
trgsurfreg = sphere.reg
usehash = 1
Use ProjAbs  = 0, 0
Use ProjFrac = 0, 0
DoPaint 0

SUBJECTS_DIR    /out/sourcedata/freesurfer
FREESURFER_HOME /opt/freesurfer
Loading source label.
Found 13589 points in source label.
Starting surface-based mapping
Reading source registration 
 /out/sourcedata/freesurfer/fsaverage/surf/lh.sphere.reg
Rescaling ...  original radius = 100
Reading target surface 
 /out/sourcedata/freesurfer/sub-v1s21x0050403_ses-1/surf/lh.white
Reading target registration 
 /out/sourcedata/freesurfer/sub-v1s21x0050403_ses-1/surf/lh.sphere.reg
Rescaling ...  original radius = 100
Building target registration hash (res=16).
Building source registration hash (res=16).
INFO: found  13589 nlabel points
Performing mapping from target back to the source label 153332
Number of reverse mapping hits = 1906
Checking for and removing duplicates
Writing label file ./lh.BA6_exvivo.label 15495
mri_label2label: Done


 mri_label2label --srcsubject fsaverage --srclabel /out/sourcedata/freesurfer/fsaverage/label/lh.BA44_exvivo.label --trgsubject sub-v1s21x0050403_ses-1 --trglabel ./lh.BA44_exvivo.label --hemi lh --regmethod surface 


srclabel = /out/sourcedata/freesurfer/fsaverage/label/lh.BA44_exvivo.label
srcsubject = fsaverage
trgsubject = sub-v1s21x0050403_ses-1
trglabel = ./lh.BA44_exvivo.label
regmethod = surface

srchemi = lh
trghemi = lh
trgsurface = white
srcsurfreg = sphere.reg
trgsurfreg = sphere.reg
usehash = 1
Use ProjAbs  = 0, 0
Use ProjFrac = 0, 0
DoPaint 0

SUBJECTS_DIR    /out/sourcedata/freesurfer
FREESURFER_HOME /opt/freesurfer
Loading source label.
Found 4181 points in source label.
Starting surface-based mapping
Reading source registration 
 /out/sourcedata/freesurfer/fsaverage/surf/lh.sphere.reg
Rescaling ...  original radius = 100
Reading target surface 
 /out/sourcedata/freesurfer/sub-v1s21x0050403_ses-1/surf/lh.white
Reading target registration 
 /out/sourcedata/freesurfer/sub-v1s21x0050403_ses-1/surf/lh.sphere.reg
Rescaling ...  original radius = 100
Building target registration hash (res=16).
Building source registration hash (res=16).
INFO: found  4181 nlabel points
Performing mapping from target back to the source label 153332
Number of reverse mapping hits = 398
Checking for and removing duplicates
Writing label file ./lh.BA44_exvivo.label 4579
mri_label2label: Done


 mri_label2label --srcsubject fsaverage --srclabel /out/sourcedata/freesurfer/fsaverage/label/lh.BA45_exvivo.label --trgsubject sub-v1s21x0050403_ses-1 --trglabel ./lh.BA45_exvivo.label --hemi lh --regmethod surface 


srclabel = /out/sourcedata/freesurfer/fsaverage/label/lh.BA45_exvivo.label
srcsubject = fsaverage
trgsubject = sub-v1s21x0050403_ses-1
trglabel = ./lh.BA45_exvivo.label
regmethod = surface

srchemi = lh
trghemi = lh
trgsurface = white
srcsurfreg = sphere.reg
trgsurfreg = sphere.reg
usehash = 1
Use ProjAbs  = 0, 0
Use ProjFrac = 0, 0
DoPaint 0

SUBJECTS_DIR    /out/sourcedata/freesurfer
FREESURFER_HOME /opt/freesurfer
Loading source label.
Found 3422 points in source label.
Starting surface-based mapping
Reading source registration 
 /out/sourcedata/freesurfer/fsaverage/surf/lh.sphere.reg
Rescaling ...  original radius = 100
Reading target surface 
 /out/sourcedata/freesurfer/sub-v1s21x0050403_ses-1/surf/lh.white
Reading target registration 
 /out/sourcedata/freesurfer/sub-v1s21x0050403_ses-1/surf/lh.sphere.reg
Rescaling ...  original radius = 100
Building target registration hash (res=16).
Building source registration hash (res=16).
INFO: found  3422 nlabel points
Performing mapping from target back to the source label 153332
Number of reverse mapping hits = 985
Checking for and removing duplicates
Writing label file ./lh.BA45_exvivo.label 4407
mri_label2label: Done


 mri_label2label --srcsubject fsaverage --srclabel /out/sourcedata/freesurfer/fsaverage/label/lh.V1_exvivo.label --trgsubject sub-v1s21x0050403_ses-1 --trglabel ./lh.V1_exvivo.label --hemi lh --regmethod surface 


srclabel = /out/sourcedata/freesurfer/fsaverage/label/lh.V1_exvivo.label
srcsubject = fsaverage
trgsubject = sub-v1s21x0050403_ses-1
trglabel = ./lh.V1_exvivo.label
regmethod = surface

srchemi = lh
trghemi = lh
trgsurface = white
srcsurfreg = sphere.reg
trgsurfreg = sphere.reg
usehash = 1
Use ProjAbs  = 0, 0
Use ProjFrac = 0, 0
DoPaint 0

SUBJECTS_DIR    /out/sourcedata/freesurfer
FREESURFER_HOME /opt/freesurfer
Loading source label.
Found 4641 points in source label.
Starting surface-based mapping
Reading source registration 
 /out/sourcedata/freesurfer/fsaverage/surf/lh.sphere.reg
Rescaling ...  original radius = 100
Reading target surface 
 /out/sourcedata/freesurfer/sub-v1s21x0050403_ses-1/surf/lh.white
Reading target registration 
 /out/sourcedata/freesurfer/sub-v1s21x0050403_ses-1/surf/lh.sphere.reg
Rescaling ...  original radius = 100
Building target registration hash (res=16).
Building source registration hash (res=16).
INFO: found  4641 nlabel points
Performing mapping from target back to the source label 153332
Number of reverse mapping hits = 1477
Checking for and removing duplicates
Writing label file ./lh.V1_exvivo.label 6118
mri_label2label: Done


 mri_label2label --srcsubject fsaverage --srclabel /out/sourcedata/freesurfer/fsaverage/label/lh.V2_exvivo.label --trgsubject sub-v1s21x0050403_ses-1 --trglabel ./lh.V2_exvivo.label --hemi lh --regmethod surface 


srclabel = /out/sourcedata/freesurfer/fsaverage/label/lh.V2_exvivo.label
srcsubject = fsaverage
trgsubject = sub-v1s21x0050403_ses-1
trglabel = ./lh.V2_exvivo.label
regmethod = surface

srchemi = lh
trghemi = lh
trgsurface = white
srcsurfreg = sphere.reg
trgsurfreg = sphere.reg
usehash = 1
Use ProjAbs  = 0, 0
Use ProjFrac = 0, 0
DoPaint 0

SUBJECTS_DIR    /out/sourcedata/freesurfer
FREESURFER_HOME /opt/freesurfer
Loading source label.
Found 8114 points in source label.
Starting surface-based mapping
Reading source registration 
 /out/sourcedata/freesurfer/fsaverage/surf/lh.sphere.reg
Rescaling ...  original radius = 100
Reading target surface 
 /out/sourcedata/freesurfer/sub-v1s21x0050403_ses-1/surf/lh.white
Reading target registration 
 /out/sourcedata/freesurfer/sub-v1s21x0050403_ses-1/surf/lh.sphere.reg
Rescaling ...  original radius = 100
Building target registration hash (res=16).
Building source registration hash (res=16).
INFO: found  8114 nlabel points
Performing mapping from target back to the source label 153332
Number of reverse mapping hits = 3030
Checking for and removing duplicates
Writing label file ./lh.V2_exvivo.label 11144
mri_label2label: Done


 mri_label2label --srcsubject fsaverage --srclabel /out/sourcedata/freesurfer/fsaverage/label/lh.MT_exvivo.label --trgsubject sub-v1s21x0050403_ses-1 --trglabel ./lh.MT_exvivo.label --hemi lh --regmethod surface 


srclabel = /out/sourcedata/freesurfer/fsaverage/label/lh.MT_exvivo.label
srcsubject = fsaverage
trgsubject = sub-v1s21x0050403_ses-1
trglabel = ./lh.MT_exvivo.label
regmethod = surface

srchemi = lh
trghemi = lh
trgsurface = white
srcsurfreg = sphere.reg
trgsurfreg = sphere.reg
usehash = 1
Use ProjAbs  = 0, 0
Use ProjFrac = 0, 0
DoPaint 0

SUBJECTS_DIR    /out/sourcedata/freesurfer
FREESURFER_HOME /opt/freesurfer
Loading source label.
Found 2018 points in source label.
Starting surface-based mapping
Reading source registration 
 /out/sourcedata/freesurfer/fsaverage/surf/lh.sphere.reg
Rescaling ...  original radius = 100
Reading target surface 
 /out/sourcedata/freesurfer/sub-v1s21x0050403_ses-1/surf/lh.white
Reading target registration 
 /out/sourcedata/freesurfer/sub-v1s21x0050403_ses-1/surf/lh.sphere.reg
Rescaling ...  original radius = 100
Building target registration hash (res=16).
Building source registration hash (res=16).
INFO: found  2018 nlabel points
Performing mapping from target back to the source label 153332
Number of reverse mapping hits = 573
Checking for and removing duplicates
Writing label file ./lh.MT_exvivo.label 2591
mri_label2label: Done


 mri_label2label --srcsubject fsaverage --srclabel /out/sourcedata/freesurfer/fsaverage/label/lh.entorhinal_exvivo.label --trgsubject sub-v1s21x0050403_ses-1 --trglabel ./lh.entorhinal_exvivo.label --hemi lh --regmethod surface 


srclabel = /out/sourcedata/freesurfer/fsaverage/label/lh.entorhinal_exvivo.label
srcsubject = fsaverage
trgsubject = sub-v1s21x0050403_ses-1
trglabel = ./lh.entorhinal_exvivo.label
regmethod = surface

srchemi = lh
trghemi = lh
trgsurface = white
srcsurfreg = sphere.reg
trgsurfreg = sphere.reg
usehash = 1
Use ProjAbs  = 0, 0
Use ProjFrac = 0, 0
DoPaint 0

SUBJECTS_DIR    /out/sourcedata/freesurfer
FREESURFER_HOME /opt/freesurfer
Loading source label.
Found 1290 points in source label.
Starting surface-based mapping
Reading source registration 
 /out/sourcedata/freesurfer/fsaverage/surf/lh.sphere.reg
Rescaling ...  original radius = 100
Reading target surface 
 /out/sourcedata/freesurfer/sub-v1s21x0050403_ses-1/surf/lh.white
Reading target registration 
 /out/sourcedata/freesurfer/sub-v1s21x0050403_ses-1/surf/lh.sphere.reg
Rescaling ...  original radius = 100
Building target registration hash (res=16).
Building source registration hash (res=16).
INFO: found  1290 nlabel points
Performing mapping from target back to the source label 153332
Number of reverse mapping hits = 72
Checking for and removing duplicates
Writing label file ./lh.entorhinal_exvivo.label 1362
mri_label2label: Done


 mri_label2label --srcsubject fsaverage --srclabel /out/sourcedata/freesurfer/fsaverage/label/lh.perirhinal_exvivo.label --trgsubject sub-v1s21x0050403_ses-1 --trglabel ./lh.perirhinal_exvivo.label --hemi lh --regmethod surface 


srclabel = /out/sourcedata/freesurfer/fsaverage/label/lh.perirhinal_exvivo.label
srcsubject = fsaverage
trgsubject = sub-v1s21x0050403_ses-1
trglabel = ./lh.perirhinal_exvivo.label
regmethod = surface

srchemi = lh
trghemi = lh
trgsurface = white
srcsurfreg = sphere.reg
trgsurfreg = sphere.reg
usehash = 1
Use ProjAbs  = 0, 0
Use ProjFrac = 0, 0
DoPaint 0

SUBJECTS_DIR    /out/sourcedata/freesurfer
FREESURFER_HOME /opt/freesurfer
Loading source label.
Found 1199 points in source label.
Starting surface-based mapping
Reading source registration 
 /out/sourcedata/freesurfer/fsaverage/surf/lh.sphere.reg
Rescaling ...  original radius = 100
Reading target surface 
 /out/sourcedata/freesurfer/sub-v1s21x0050403_ses-1/surf/lh.white
Reading target registration 
 /out/sourcedata/freesurfer/sub-v1s21x0050403_ses-1/surf/lh.sphere.reg
Rescaling ...  original radius = 100
Building target registration hash (res=16).
Building source registration hash (res=16).
INFO: found  1199 nlabel points
Performing mapping from target back to the source label 153332
Number of reverse mapping hits = 49
Checking for and removing duplicates
Writing label file ./lh.perirhinal_exvivo.label 1248
mri_label2label: Done


 mri_label2label --srcsubject fsaverage --srclabel /out/sourcedata/freesurfer/fsaverage/label/lh.FG1.mpm.vpnl.label --trgsubject sub-v1s21x0050403_ses-1 --trglabel ./lh.FG1.mpm.vpnl.label --hemi lh --regmethod surface 


srclabel = /out/sourcedata/freesurfer/fsaverage/label/lh.FG1.mpm.vpnl.label
srcsubject = fsaverage
trgsubject = sub-v1s21x0050403_ses-1
trglabel = ./lh.FG1.mpm.vpnl.label
regmethod = surface

srchemi = lh
trghemi = lh
trgsurface = white
srcsurfreg = sphere.reg
trgsurfreg = sphere.reg
usehash = 1
Use ProjAbs  = 0, 0
Use ProjFrac = 0, 0
DoPaint 0

SUBJECTS_DIR    /out/sourcedata/freesurfer
FREESURFER_HOME /opt/freesurfer
Loading source label.
Found 414 points in source label.
Starting surface-based mapping
Reading source registration 
 /out/sourcedata/freesurfer/fsaverage/surf/lh.sphere.reg
Rescaling ...  original radius = 100
Reading target surface 
 /out/sourcedata/freesurfer/sub-v1s21x0050403_ses-1/surf/lh.white
Reading target registration 
 /out/sourcedata/freesurfer/sub-v1s21x0050403_ses-1/surf/lh.sphere.reg
Rescaling ...  original radius = 100
Building target registration hash (res=16).
Building source registration hash (res=16).
INFO: found  414 nlabel points
Performing mapping from target back to the source label 153332
Number of reverse mapping hits = 162
Checking for and removing duplicates
Writing label file ./lh.FG1.mpm.vpnl.label 576
mri_label2label: Done


 mri_label2label --srcsubject fsaverage --srclabel /out/sourcedata/freesurfer/fsaverage/label/lh.FG2.mpm.vpnl.label --trgsubject sub-v1s21x0050403_ses-1 --trglabel ./lh.FG2.mpm.vpnl.label --hemi lh --regmethod surface 


srclabel = /out/sourcedata/freesurfer/fsaverage/label/lh.FG2.mpm.vpnl.label
srcsubject = fsaverage
trgsubject = sub-v1s21x0050403_ses-1
trglabel = ./lh.FG2.mpm.vpnl.label
regmethod = surface

srchemi = lh
trghemi = lh
trgsurface = white
srcsurfreg = sphere.reg
trgsurfreg = sphere.reg
usehash = 1
Use ProjAbs  = 0, 0
Use ProjFrac = 0, 0
DoPaint 0

SUBJECTS_DIR    /out/sourcedata/freesurfer
FREESURFER_HOME /opt/freesurfer
Loading source label.
Found 703 points in source label.
Starting surface-based mapping
Reading source registration 
 /out/sourcedata/freesurfer/fsaverage/surf/lh.sphere.reg
Rescaling ...  original radius = 100
Reading target surface 
 /out/sourcedata/freesurfer/sub-v1s21x0050403_ses-1/surf/lh.white
Reading target registration 
 /out/sourcedata/freesurfer/sub-v1s21x0050403_ses-1/surf/lh.sphere.reg
Rescaling ...  original radius = 100
Building target registration hash (res=16).
Building source registration hash (res=16).
INFO: found  703 nlabel points
Performing mapping from target back to the source label 153332
Number of reverse mapping hits = 151
Checking for and removing duplicates
Writing label file ./lh.FG2.mpm.vpnl.label 854
mri_label2label: Done


 mri_label2label --srcsubject fsaverage --srclabel /out/sourcedata/freesurfer/fsaverage/label/lh.FG3.mpm.vpnl.label --trgsubject sub-v1s21x0050403_ses-1 --trglabel ./lh.FG3.mpm.vpnl.label --hemi lh --regmethod surface 


srclabel = /out/sourcedata/freesurfer/fsaverage/label/lh.FG3.mpm.vpnl.label
srcsubject = fsaverage
trgsubject = sub-v1s21x0050403_ses-1
trglabel = ./lh.FG3.mpm.vpnl.label
regmethod = surface

srchemi = lh
trghemi = lh
trgsurface = white
srcsurfreg = sphere.reg
trgsurfreg = sphere.reg
usehash = 1
Use ProjAbs  = 0, 0
Use ProjFrac = 0, 0
DoPaint 0

SUBJECTS_DIR    /out/sourcedata/freesurfer
FREESURFER_HOME /opt/freesurfer
Loading source label.
Found 1873 points in source label.
Starting surface-based mapping
Reading source registration 
 /out/sourcedata/freesurfer/fsaverage/surf/lh.sphere.reg
Rescaling ...  original radius = 100
Reading target surface 
 /out/sourcedata/freesurfer/sub-v1s21x0050403_ses-1/surf/lh.white
Reading target registration 
 /out/sourcedata/freesurfer/sub-v1s21x0050403_ses-1/surf/lh.sphere.reg
Rescaling ...  original radius = 100
Building target registration hash (res=16).
Building source registration hash (res=16).
INFO: found  1873 nlabel points
Performing mapping from target back to the source label 153332
Number of reverse mapping hits = 327
Checking for and removing duplicates
Writing label file ./lh.FG3.mpm.vpnl.label 2200
mri_label2label: Done


 mri_label2label --srcsubject fsaverage --srclabel /out/sourcedata/freesurfer/fsaverage/label/lh.FG4.mpm.vpnl.label --trgsubject sub-v1s21x0050403_ses-1 --trglabel ./lh.FG4.mpm.vpnl.label --hemi lh --regmethod surface 


srclabel = /out/sourcedata/freesurfer/fsaverage/label/lh.FG4.mpm.vpnl.label
srcsubject = fsaverage
trgsubject = sub-v1s21x0050403_ses-1
trglabel = ./lh.FG4.mpm.vpnl.label
regmethod = surface

srchemi = lh
trghemi = lh
trgsurface = white
srcsurfreg = sphere.reg
trgsurfreg = sphere.reg
usehash = 1
Use ProjAbs  = 0, 0
Use ProjFrac = 0, 0
DoPaint 0

SUBJECTS_DIR    /out/sourcedata/freesurfer
FREESURFER_HOME /opt/freesurfer
Loading source label.
Found 2101 points in source label.
Starting surface-based mapping
Reading source registration 
 /out/sourcedata/freesurfer/fsaverage/surf/lh.sphere.reg
Rescaling ...  original radius = 100
Reading target surface 
 /out/sourcedata/freesurfer/sub-v1s21x0050403_ses-1/surf/lh.white
Reading target registration 
 /out/sourcedata/freesurfer/sub-v1s21x0050403_ses-1/surf/lh.sphere.reg
Rescaling ...  original radius = 100
Building target registration hash (res=16).
Building source registration hash (res=16).
INFO: found  2101 nlabel points
Performing mapping from target back to the source label 153332
Number of reverse mapping hits = 549
Checking for and removing duplicates
Writing label file ./lh.FG4.mpm.vpnl.label 2650
mri_label2label: Done


 mri_label2label --srcsubject fsaverage --srclabel /out/sourcedata/freesurfer/fsaverage/label/lh.hOc1.mpm.vpnl.label --trgsubject sub-v1s21x0050403_ses-1 --trglabel ./lh.hOc1.mpm.vpnl.label --hemi lh --regmethod surface 


srclabel = /out/sourcedata/freesurfer/fsaverage/label/lh.hOc1.mpm.vpnl.label
srcsubject = fsaverage
trgsubject = sub-v1s21x0050403_ses-1
trglabel = ./lh.hOc1.mpm.vpnl.label
regmethod = surface

srchemi = lh
trghemi = lh
trgsurface = white
srcsurfreg = sphere.reg
trgsurfreg = sphere.reg
usehash = 1
Use ProjAbs  = 0, 0
Use ProjFrac = 0, 0
DoPaint 0

SUBJECTS_DIR    /out/sourcedata/freesurfer
FREESURFER_HOME /opt/freesurfer
Loading source label.
Found 3877 points in source label.
Starting surface-based mapping
Reading source registration 
 /out/sourcedata/freesurfer/fsaverage/surf/lh.sphere.reg
Rescaling ...  original radius = 100
Reading target surface 
 /out/sourcedata/freesurfer/sub-v1s21x0050403_ses-1/surf/lh.white
Reading target registration 
 /out/sourcedata/freesurfer/sub-v1s21x0050403_ses-1/surf/lh.sphere.reg
Rescaling ...  original radius = 100
Building target registration hash (res=16).
Building source registration hash (res=16).
INFO: found  3877 nlabel points
Performing mapping from target back to the source label 153332
Number of reverse mapping hits = 1181
Checking for and removing duplicates
Writing label file ./lh.hOc1.mpm.vpnl.label 5058
mri_label2label: Done


 mri_label2label --srcsubject fsaverage --srclabel /out/sourcedata/freesurfer/fsaverage/label/lh.hOc2.mpm.vpnl.label --trgsubject sub-v1s21x0050403_ses-1 --trglabel ./lh.hOc2.mpm.vpnl.label --hemi lh --regmethod surface 


srclabel = /out/sourcedata/freesurfer/fsaverage/label/lh.hOc2.mpm.vpnl.label
srcsubject = fsaverage
trgsubject = sub-v1s21x0050403_ses-1
trglabel = ./lh.hOc2.mpm.vpnl.label
regmethod = surface

srchemi = lh
trghemi = lh
trgsurface = white
srcsurfreg = sphere.reg
trgsurfreg = sphere.reg
usehash = 1
Use ProjAbs  = 0, 0
Use ProjFrac = 0, 0
DoPaint 0

SUBJECTS_DIR    /out/sourcedata/freesurfer
FREESURFER_HOME /opt/freesurfer
Loading source label.
Found 2919 points in source label.
Starting surface-based mapping
Reading source registration 
 /out/sourcedata/freesurfer/fsaverage/surf/lh.sphere.reg
Rescaling ...  original radius = 100
Reading target surface 
 /out/sourcedata/freesurfer/sub-v1s21x0050403_ses-1/surf/lh.white
Reading target registration 
 /out/sourcedata/freesurfer/sub-v1s21x0050403_ses-1/surf/lh.sphere.reg
Rescaling ...  original radius = 100
Building target registration hash (res=16).
Building source registration hash (res=16).
INFO: found  2919 nlabel points
Performing mapping from target back to the source label 153332
Number of reverse mapping hits = 1077
Checking for and removing duplicates
Writing label file ./lh.hOc2.mpm.vpnl.label 3996
mri_label2label: Done


 mri_label2label --srcsubject fsaverage --srclabel /out/sourcedata/freesurfer/fsaverage/label/lh.hOc3v.mpm.vpnl.label --trgsubject sub-v1s21x0050403_ses-1 --trglabel ./lh.hOc3v.mpm.vpnl.label --hemi lh --regmethod surface 


srclabel = /out/sourcedata/freesurfer/fsaverage/label/lh.hOc3v.mpm.vpnl.label
srcsubject = fsaverage
trgsubject = sub-v1s21x0050403_ses-1
trglabel = ./lh.hOc3v.mpm.vpnl.label
regmethod = surface

srchemi = lh
trghemi = lh
trgsurface = white
srcsurfreg = sphere.reg
trgsurfreg = sphere.reg
usehash = 1
Use ProjAbs  = 0, 0
Use ProjFrac = 0, 0
DoPaint 0

SUBJECTS_DIR    /out/sourcedata/freesurfer
FREESURFER_HOME /opt/freesurfer
Loading source label.
Found 1286 points in source label.
Starting surface-based mapping
Reading source registration 
 /out/sourcedata/freesurfer/fsaverage/surf/lh.sphere.reg
Rescaling ...  original radius = 100
Reading target surface 
 /out/sourcedata/freesurfer/sub-v1s21x0050403_ses-1/surf/lh.white
Reading target registration 
 /out/sourcedata/freesurfer/sub-v1s21x0050403_ses-1/surf/lh.sphere.reg
Rescaling ...  original radius = 100
Building target registration hash (res=16).
Building source registration hash (res=16).
INFO: found  1286 nlabel points
Performing mapping from target back to the source label 153332
Number of reverse mapping hits = 731
Checking for and removing duplicates
Writing label file ./lh.hOc3v.mpm.vpnl.label 2017
mri_label2label: Done


 mri_label2label --srcsubject fsaverage --srclabel /out/sourcedata/freesurfer/fsaverage/label/lh.hOc4v.mpm.vpnl.label --trgsubject sub-v1s21x0050403_ses-1 --trglabel ./lh.hOc4v.mpm.vpnl.label --hemi lh --regmethod surface 


srclabel = /out/sourcedata/freesurfer/fsaverage/label/lh.hOc4v.mpm.vpnl.label
srcsubject = fsaverage
trgsubject = sub-v1s21x0050403_ses-1
trglabel = ./lh.hOc4v.mpm.vpnl.label
regmethod = surface

srchemi = lh
trghemi = lh
trgsurface = white
srcsurfreg = sphere.reg
trgsurfreg = sphere.reg
usehash = 1
Use ProjAbs  = 0, 0
Use ProjFrac = 0, 0
DoPaint 0

SUBJECTS_DIR    /out/sourcedata/freesurfer
FREESURFER_HOME /opt/freesurfer
Loading source label.
Found 1006 points in source label.
Starting surface-based mapping
Reading source registration 
 /out/sourcedata/freesurfer/fsaverage/surf/lh.sphere.reg
Rescaling ...  original radius = 100
Reading target surface 
 /out/sourcedata/freesurfer/sub-v1s21x0050403_ses-1/surf/lh.white
Reading target registration 
 /out/sourcedata/freesurfer/sub-v1s21x0050403_ses-1/surf/lh.sphere.reg
Rescaling ...  original radius = 100
Building target registration hash (res=16).
Building source registration hash (res=16).
INFO: found  1006 nlabel points
Performing mapping from target back to the source label 153332
Number of reverse mapping hits = 489
Checking for and removing duplicates
Writing label file ./lh.hOc4v.mpm.vpnl.label 1495
mri_label2label: Done


 mris_label2annot --s sub-v1s21x0050403_ses-1 --ctab /opt/freesurfer/average/colortable_vpnl.txt --hemi lh --a mpm.vpnl --maxstatwinner --noverbose --l lh.FG1.mpm.vpnl.label --l lh.FG2.mpm.vpnl.label --l lh.FG3.mpm.vpnl.label --l lh.FG4.mpm.vpnl.label --l lh.hOc1.mpm.vpnl.label --l lh.hOc2.mpm.vpnl.label --l lh.hOc3v.mpm.vpnl.label --l lh.hOc4v.mpm.vpnl.label 

Reading ctab /opt/freesurfer/average/colortable_vpnl.txt
Number of ctab entries 9

7.3.2
cwd /out/sourcedata/freesurfer/sub-v1s21x0050403_ses-1/label
cmdline mris_label2annot --s sub-v1s21x0050403_ses-1 --ctab /opt/freesurfer/average/colortable_vpnl.txt --hemi lh --a mpm.vpnl --maxstatwinner --noverbose --l lh.FG1.mpm.vpnl.label --l lh.FG2.mpm.vpnl.label --l lh.FG3.mpm.vpnl.label --l lh.FG4.mpm.vpnl.label --l lh.hOc1.mpm.vpnl.label --l lh.hOc2.mpm.vpnl.label --l lh.hOc3v.mpm.vpnl.label --l lh.hOc4v.mpm.vpnl.label 
sysname  Linux
hostname dna079
machine  x86_64
user     oesteban

subject sub-v1s21x0050403_ses-1
hemi    lh
SUBJECTS_DIR /out/sourcedata/freesurfer
ColorTable /opt/freesurfer/average/colortable_vpnl.txt
AnnotName  mpm.vpnl
nlables 8
LabelThresh 0 0.000000
Loading /out/sourcedata/freesurfer/sub-v1s21x0050403_ses-1/surf/lh.orig
 1 1376057 FG1
 2 16711935 FG2
 3 16711680 FG3
 4 1705837 FG4
 5 25600 hOc1
 6 255 hOc2
 7 16776960 hOc3v
 8 65535 hOc4v
Mapping unhit to unknown
Found 135482 unhit vertices
Writing annot to /out/sourcedata/freesurfer/sub-v1s21x0050403_ses-1/label/lh.mpm.vpnl.annot

 mri_label2label --srcsubject fsaverage --srclabel /out/sourcedata/freesurfer/fsaverage/label/lh.BA1_exvivo.thresh.label --trgsubject sub-v1s21x0050403_ses-1 --trglabel ./lh.BA1_exvivo.thresh.label --hemi lh --regmethod surface 


srclabel = /out/sourcedata/freesurfer/fsaverage/label/lh.BA1_exvivo.thresh.label
srcsubject = fsaverage
trgsubject = sub-v1s21x0050403_ses-1
trglabel = ./lh.BA1_exvivo.thresh.label
regmethod = surface

srchemi = lh
trghemi = lh
trgsurface = white
srcsurfreg = sphere.reg
trgsurfreg = sphere.reg
usehash = 1
Use ProjAbs  = 0, 0
Use ProjFrac = 0, 0
DoPaint 0

SUBJECTS_DIR    /out/sourcedata/freesurfer
FREESURFER_HOME /opt/freesurfer
Loading source label.
Found 1014 points in source label.
Starting surface-based mapping
Reading source registration 
 /out/sourcedata/freesurfer/fsaverage/surf/lh.sphere.reg
Rescaling ...  original radius = 100
Reading target surface 
 /out/sourcedata/freesurfer/sub-v1s21x0050403_ses-1/surf/lh.white
Reading target registration 
 /out/sourcedata/freesurfer/sub-v1s21x0050403_ses-1/surf/lh.sphere.reg
Rescaling ...  original radius = 100
Building target registration hash (res=16).
Building source registration hash (res=16).
INFO: found  1014 nlabel points
Performing mapping from target back to the source label 153332
Number of reverse mapping hits = 63
Checking for and removing duplicates
Writing label file ./lh.BA1_exvivo.thresh.label 1077
mri_label2label: Done


 mri_label2label --srcsubject fsaverage --srclabel /out/sourcedata/freesurfer/fsaverage/label/lh.BA2_exvivo.thresh.label --trgsubject sub-v1s21x0050403_ses-1 --trglabel ./lh.BA2_exvivo.thresh.label --hemi lh --regmethod surface 


srclabel = /out/sourcedata/freesurfer/fsaverage/label/lh.BA2_exvivo.thresh.label
srcsubject = fsaverage
trgsubject = sub-v1s21x0050403_ses-1
trglabel = ./lh.BA2_exvivo.thresh.label
regmethod = surface

srchemi = lh
trghemi = lh
trgsurface = white
srcsurfreg = sphere.reg
trgsurfreg = sphere.reg
usehash = 1
Use ProjAbs  = 0, 0
Use ProjFrac = 0, 0
DoPaint 0

SUBJECTS_DIR    /out/sourcedata/freesurfer
FREESURFER_HOME /opt/freesurfer
Loading source label.
Found 2092 points in source label.
Starting surface-based mapping
Reading source registration 
 /out/sourcedata/freesurfer/fsaverage/surf/lh.sphere.reg
Rescaling ...  original radius = 100
Reading target surface 
 /out/sourcedata/freesurfer/sub-v1s21x0050403_ses-1/surf/lh.white
Reading target registration 
 /out/sourcedata/freesurfer/sub-v1s21x0050403_ses-1/surf/lh.sphere.reg
Rescaling ...  original radius = 100
Building target registration hash (res=16).
Building source registration hash (res=16).
INFO: found  2092 nlabel points
Performing mapping from target back to the source label 153332
Number of reverse mapping hits = 253
Checking for and removing duplicates
Writing label file ./lh.BA2_exvivo.thresh.label 2345
mri_label2label: Done


 mri_label2label --srcsubject fsaverage --srclabel /out/sourcedata/freesurfer/fsaverage/label/lh.BA3a_exvivo.thresh.label --trgsubject sub-v1s21x0050403_ses-1 --trglabel ./lh.BA3a_exvivo.thresh.label --hemi lh --regmethod surface 


srclabel = /out/sourcedata/freesurfer/fsaverage/label/lh.BA3a_exvivo.thresh.label
srcsubject = fsaverage
trgsubject = sub-v1s21x0050403_ses-1
trglabel = ./lh.BA3a_exvivo.thresh.label
regmethod = surface

srchemi = lh
trghemi = lh
trgsurface = white
srcsurfreg = sphere.reg
trgsurfreg = sphere.reg
usehash = 1
Use ProjAbs  = 0, 0
Use ProjFrac = 0, 0
DoPaint 0

SUBJECTS_DIR    /out/sourcedata/freesurfer
FREESURFER_HOME /opt/freesurfer
Loading source label.
Found 1504 points in source label.
Starting surface-based mapping
Reading source registration 
 /out/sourcedata/freesurfer/fsaverage/surf/lh.sphere.reg
Rescaling ...  original radius = 100
Reading target surface 
 /out/sourcedata/freesurfer/sub-v1s21x0050403_ses-1/surf/lh.white
Reading target registration 
 /out/sourcedata/freesurfer/sub-v1s21x0050403_ses-1/surf/lh.sphere.reg
Rescaling ...  original radius = 100
Building target registration hash (res=16).
Building source registration hash (res=16).
INFO: found  1504 nlabel points
Performing mapping from target back to the source label 153332
Number of reverse mapping hits = 41
Checking for and removing duplicates
Writing label file ./lh.BA3a_exvivo.thresh.label 1545
mri_label2label: Done


 mri_label2label --srcsubject fsaverage --srclabel /out/sourcedata/freesurfer/fsaverage/label/lh.BA3b_exvivo.thresh.label --trgsubject sub-v1s21x0050403_ses-1 --trglabel ./lh.BA3b_exvivo.thresh.label --hemi lh --regmethod surface 


srclabel = /out/sourcedata/freesurfer/fsaverage/label/lh.BA3b_exvivo.thresh.label
srcsubject = fsaverage
trgsubject = sub-v1s21x0050403_ses-1
trglabel = ./lh.BA3b_exvivo.thresh.label
regmethod = surface

srchemi = lh
trghemi = lh
trgsurface = white
srcsurfreg = sphere.reg
trgsurfreg = sphere.reg
usehash = 1
Use ProjAbs  = 0, 0
Use ProjFrac = 0, 0
DoPaint 0

SUBJECTS_DIR    /out/sourcedata/freesurfer
FREESURFER_HOME /opt/freesurfer
Loading source label.
Found 1996 points in source label.
Starting surface-based mapping
Reading source registration 
 /out/sourcedata/freesurfer/fsaverage/surf/lh.sphere.reg
Rescaling ...  original radius = 100
Reading target surface 
 /out/sourcedata/freesurfer/sub-v1s21x0050403_ses-1/surf/lh.white
Reading target registration 
 /out/sourcedata/freesurfer/sub-v1s21x0050403_ses-1/surf/lh.sphere.reg
Rescaling ...  original radius = 100
Building target registration hash (res=16).
Building source registration hash (res=16).
INFO: found  1996 nlabel points
Performing mapping from target back to the source label 153332
Number of reverse mapping hits = 68
Checking for and removing duplicates
Writing label file ./lh.BA3b_exvivo.thresh.label 2064
mri_label2label: Done


 mri_label2label --srcsubject fsaverage --srclabel /out/sourcedata/freesurfer/fsaverage/label/lh.BA4a_exvivo.thresh.label --trgsubject sub-v1s21x0050403_ses-1 --trglabel ./lh.BA4a_exvivo.thresh.label --hemi lh --regmethod surface 


srclabel = /out/sourcedata/freesurfer/fsaverage/label/lh.BA4a_exvivo.thresh.label
srcsubject = fsaverage
trgsubject = sub-v1s21x0050403_ses-1
trglabel = ./lh.BA4a_exvivo.thresh.label
regmethod = surface

srchemi = lh
trghemi = lh
trgsurface = white
srcsurfreg = sphere.reg
trgsurfreg = sphere.reg
usehash = 1
Use ProjAbs  = 0, 0
Use ProjFrac = 0, 0
DoPaint 0

SUBJECTS_DIR    /out/sourcedata/freesurfer
FREESURFER_HOME /opt/freesurfer
Loading source label.
Found 2319 points in source label.
Starting surface-based mapping
Reading source registration 
 /out/sourcedata/freesurfer/fsaverage/surf/lh.sphere.reg
Rescaling ...  original radius = 100
Reading target surface 
 /out/sourcedata/freesurfer/sub-v1s21x0050403_ses-1/surf/lh.white
Reading target registration 
 /out/sourcedata/freesurfer/sub-v1s21x0050403_ses-1/surf/lh.sphere.reg
Rescaling ...  original radius = 100
Building target registration hash (res=16).
Building source registration hash (res=16).
INFO: found  2319 nlabel points
Performing mapping from target back to the source label 153332
Number of reverse mapping hits = 200
Checking for and removing duplicates
Writing label file ./lh.BA4a_exvivo.thresh.label 2519
mri_label2label: Done


 mri_label2label --srcsubject fsaverage --srclabel /out/sourcedata/freesurfer/fsaverage/label/lh.BA4p_exvivo.thresh.label --trgsubject sub-v1s21x0050403_ses-1 --trglabel ./lh.BA4p_exvivo.thresh.label --hemi lh --regmethod surface 


srclabel = /out/sourcedata/freesurfer/fsaverage/label/lh.BA4p_exvivo.thresh.label
srcsubject = fsaverage
trgsubject = sub-v1s21x0050403_ses-1
trglabel = ./lh.BA4p_exvivo.thresh.label
regmethod = surface

srchemi = lh
trghemi = lh
trgsurface = white
srcsurfreg = sphere.reg
trgsurfreg = sphere.reg
usehash = 1
Use ProjAbs  = 0, 0
Use ProjFrac = 0, 0
DoPaint 0

SUBJECTS_DIR    /out/sourcedata/freesurfer
FREESURFER_HOME /opt/freesurfer
Loading source label.
Found 1549 points in source label.
Starting surface-based mapping
Reading source registration 
 /out/sourcedata/freesurfer/fsaverage/surf/lh.sphere.reg
Rescaling ...  original radius = 100
Reading target surface 
 /out/sourcedata/freesurfer/sub-v1s21x0050403_ses-1/surf/lh.white
Reading target registration 
 /out/sourcedata/freesurfer/sub-v1s21x0050403_ses-1/surf/lh.sphere.reg
Rescaling ...  original radius = 100
Building target registration hash (res=16).
Building source registration hash (res=16).
INFO: found  1549 nlabel points
Performing mapping from target back to the source label 153332
Number of reverse mapping hits = 91
Checking for and removing duplicates
Writing label file ./lh.BA4p_exvivo.thresh.label 1640
mri_label2label: Done


 mri_label2label --srcsubject fsaverage --srclabel /out/sourcedata/freesurfer/fsaverage/label/lh.BA6_exvivo.thresh.label --trgsubject sub-v1s21x0050403_ses-1 --trglabel ./lh.BA6_exvivo.thresh.label --hemi lh --regmethod surface 


srclabel = /out/sourcedata/freesurfer/fsaverage/label/lh.BA6_exvivo.thresh.label
srcsubject = fsaverage
trgsubject = sub-v1s21x0050403_ses-1
trglabel = ./lh.BA6_exvivo.thresh.label
regmethod = surface

srchemi = lh
trghemi = lh
trgsurface = white
srcsurfreg = sphere.reg
trgsurfreg = sphere.reg
usehash = 1
Use ProjAbs  = 0, 0
Use ProjFrac = 0, 0
DoPaint 0

SUBJECTS_DIR    /out/sourcedata/freesurfer
FREESURFER_HOME /opt/freesurfer
Loading source label.
Found 7035 points in source label.
Starting surface-based mapping
Reading source registration 
 /out/sourcedata/freesurfer/fsaverage/surf/lh.sphere.reg
Rescaling ...  original radius = 100
Reading target surface 
 /out/sourcedata/freesurfer/sub-v1s21x0050403_ses-1/surf/lh.white
Reading target registration 
 /out/sourcedata/freesurfer/sub-v1s21x0050403_ses-1/surf/lh.sphere.reg
Rescaling ...  original radius = 100
Building target registration hash (res=16).
Building source registration hash (res=16).
INFO: found  7035 nlabel points
Performing mapping from target back to the source label 153332
Number of reverse mapping hits = 815
Checking for and removing duplicates
Writing label file ./lh.BA6_exvivo.thresh.label 7850
mri_label2label: Done


 mri_label2label --srcsubject fsaverage --srclabel /out/sourcedata/freesurfer/fsaverage/label/lh.BA44_exvivo.thresh.label --trgsubject sub-v1s21x0050403_ses-1 --trglabel ./lh.BA44_exvivo.thresh.label --hemi lh --regmethod surface 


srclabel = /out/sourcedata/freesurfer/fsaverage/label/lh.BA44_exvivo.thresh.label
srcsubject = fsaverage
trgsubject = sub-v1s21x0050403_ses-1
trglabel = ./lh.BA44_exvivo.thresh.label
regmethod = surface

srchemi = lh
trghemi = lh
trgsurface = white
srcsurfreg = sphere.reg
trgsurfreg = sphere.reg
usehash = 1
Use ProjAbs  = 0, 0
Use ProjFrac = 0, 0
DoPaint 0

SUBJECTS_DIR    /out/sourcedata/freesurfer
FREESURFER_HOME /opt/freesurfer
Loading source label.
Found 1912 points in source label.
Starting surface-based mapping
Reading source registration 
 /out/sourcedata/freesurfer/fsaverage/surf/lh.sphere.reg
Rescaling ...  original radius = 100
Reading target surface 
 /out/sourcedata/freesurfer/sub-v1s21x0050403_ses-1/surf/lh.white
Reading target registration 
 /out/sourcedata/freesurfer/sub-v1s21x0050403_ses-1/surf/lh.sphere.reg
Rescaling ...  original radius = 100
Building target registration hash (res=16).
Building source registration hash (res=16).
INFO: found  1912 nlabel points
Performing mapping from target back to the source label 153332
Number of reverse mapping hits = 196
Checking for and removing duplicates
Writing label file ./lh.BA44_exvivo.thresh.label 2108
mri_label2label: Done


 mri_label2label --srcsubject fsaverage --srclabel /out/sourcedata/freesurfer/fsaverage/label/lh.BA45_exvivo.thresh.label --trgsubject sub-v1s21x0050403_ses-1 --trglabel ./lh.BA45_exvivo.thresh.label --hemi lh --regmethod surface 


srclabel = /out/sourcedata/freesurfer/fsaverage/label/lh.BA45_exvivo.thresh.label
srcsubject = fsaverage
trgsubject = sub-v1s21x0050403_ses-1
trglabel = ./lh.BA45_exvivo.thresh.label
regmethod = surface

srchemi = lh
trghemi = lh
trgsurface = white
srcsurfreg = sphere.reg
trgsurfreg = sphere.reg
usehash = 1
Use ProjAbs  = 0, 0
Use ProjFrac = 0, 0
DoPaint 0

SUBJECTS_DIR    /out/sourcedata/freesurfer
FREESURFER_HOME /opt/freesurfer
Loading source label.
Found 1151 points in source label.
Starting surface-based mapping
Reading source registration 
 /out/sourcedata/freesurfer/fsaverage/surf/lh.sphere.reg
Rescaling ...  original radius = 100
Reading target surface 
 /out/sourcedata/freesurfer/sub-v1s21x0050403_ses-1/surf/lh.white
Reading target registration 
 /out/sourcedata/freesurfer/sub-v1s21x0050403_ses-1/surf/lh.sphere.reg
Rescaling ...  original radius = 100
Building target registration hash (res=16).
Building source registration hash (res=16).
INFO: found  1151 nlabel points
Performing mapping from target back to the source label 153332
Number of reverse mapping hits = 487
Checking for and removing duplicates
Writing label file ./lh.BA45_exvivo.thresh.label 1638
mri_label2label: Done


 mri_label2label --srcsubject fsaverage --srclabel /out/sourcedata/freesurfer/fsaverage/label/lh.V1_exvivo.thresh.label --trgsubject sub-v1s21x0050403_ses-1 --trglabel ./lh.V1_exvivo.thresh.label --hemi lh --regmethod surface 


srclabel = /out/sourcedata/freesurfer/fsaverage/label/lh.V1_exvivo.thresh.label
srcsubject = fsaverage
trgsubject = sub-v1s21x0050403_ses-1
trglabel = ./lh.V1_exvivo.thresh.label
regmethod = surface

srchemi = lh
trghemi = lh
trgsurface = white
srcsurfreg = sphere.reg
trgsurfreg = sphere.reg
usehash = 1
Use ProjAbs  = 0, 0
Use ProjFrac = 0, 0
DoPaint 0

SUBJECTS_DIR    /out/sourcedata/freesurfer
FREESURFER_HOME /opt/freesurfer
Loading source label.
Found 3405 points in source label.
Starting surface-based mapping
Reading source registration 
 /out/sourcedata/freesurfer/fsaverage/surf/lh.sphere.reg
Rescaling ...  original radius = 100
Reading target surface 
 /out/sourcedata/freesurfer/sub-v1s21x0050403_ses-1/surf/lh.white
Reading target registration 
 /out/sourcedata/freesurfer/sub-v1s21x0050403_ses-1/surf/lh.sphere.reg
Rescaling ...  original radius = 100
Building target registration hash (res=16).
Building source registration hash (res=16).
INFO: found  3405 nlabel points
Performing mapping from target back to the source label 153332
Number of reverse mapping hits = 1041
Checking for and removing duplicates
Writing label file ./lh.V1_exvivo.thresh.label 4446
mri_label2label: Done


 mri_label2label --srcsubject fsaverage --srclabel /out/sourcedata/freesurfer/fsaverage/label/lh.V2_exvivo.thresh.label --trgsubject sub-v1s21x0050403_ses-1 --trglabel ./lh.V2_exvivo.thresh.label --hemi lh --regmethod surface 


srclabel = /out/sourcedata/freesurfer/fsaverage/label/lh.V2_exvivo.thresh.label
srcsubject = fsaverage
trgsubject = sub-v1s21x0050403_ses-1
trglabel = ./lh.V2_exvivo.thresh.label
regmethod = surface

srchemi = lh
trghemi = lh
trgsurface = white
srcsurfreg = sphere.reg
trgsurfreg = sphere.reg
usehash = 1
Use ProjAbs  = 0, 0
Use ProjFrac = 0, 0
DoPaint 0

SUBJECTS_DIR    /out/sourcedata/freesurfer
FREESURFER_HOME /opt/freesurfer
Loading source label.
Found 3334 points in source label.
Starting surface-based mapping
Reading source registration 
 /out/sourcedata/freesurfer/fsaverage/surf/lh.sphere.reg
Rescaling ...  original radius = 100
Reading target surface 
 /out/sourcedata/freesurfer/sub-v1s21x0050403_ses-1/surf/lh.white
Reading target registration 
 /out/sourcedata/freesurfer/sub-v1s21x0050403_ses-1/surf/lh.sphere.reg
Rescaling ...  original radius = 100
Building target registration hash (res=16).
Building source registration hash (res=16).
INFO: found  3334 nlabel points
Performing mapping from target back to the source label 153332
Number of reverse mapping hits = 1360
Checking for and removing duplicates
Writing label file ./lh.V2_exvivo.thresh.label 4694
mri_label2label: Done


 mri_label2label --srcsubject fsaverage --srclabel /out/sourcedata/freesurfer/fsaverage/label/lh.MT_exvivo.thresh.label --trgsubject sub-v1s21x0050403_ses-1 --trglabel ./lh.MT_exvivo.thresh.label --hemi lh --regmethod surface 


srclabel = /out/sourcedata/freesurfer/fsaverage/label/lh.MT_exvivo.thresh.label
srcsubject = fsaverage
trgsubject = sub-v1s21x0050403_ses-1
trglabel = ./lh.MT_exvivo.thresh.label
regmethod = surface

srchemi = lh
trghemi = lh
trgsurface = white
srcsurfreg = sphere.reg
trgsurfreg = sphere.reg
usehash = 1
Use ProjAbs  = 0, 0
Use ProjFrac = 0, 0
DoPaint 0

SUBJECTS_DIR    /out/sourcedata/freesurfer
FREESURFER_HOME /opt/freesurfer
Loading source label.
Found 513 points in source label.
Starting surface-based mapping
Reading source registration 
 /out/sourcedata/freesurfer/fsaverage/surf/lh.sphere.reg
Rescaling ...  original radius = 100
Reading target surface 
 /out/sourcedata/freesurfer/sub-v1s21x0050403_ses-1/surf/lh.white
Reading target registration 
 /out/sourcedata/freesurfer/sub-v1s21x0050403_ses-1/surf/lh.sphere.reg
Rescaling ...  original radius = 100
Building target registration hash (res=16).
Building source registration hash (res=16).
INFO: found  513 nlabel points
Performing mapping from target back to the source label 153332
Number of reverse mapping hits = 137
Checking for and removing duplicates
Writing label file ./lh.MT_exvivo.thresh.label 650
mri_label2label: Done


 mri_label2label --srcsubject fsaverage --srclabel /out/sourcedata/freesurfer/fsaverage/label/lh.entorhinal_exvivo.thresh.label --trgsubject sub-v1s21x0050403_ses-1 --trglabel ./lh.entorhinal_exvivo.thresh.label --hemi lh --regmethod surface 


srclabel = /out/sourcedata/freesurfer/fsaverage/label/lh.entorhinal_exvivo.thresh.label
srcsubject = fsaverage
trgsubject = sub-v1s21x0050403_ses-1
trglabel = ./lh.entorhinal_exvivo.thresh.label
regmethod = surface

srchemi = lh
trghemi = lh
trgsurface = white
srcsurfreg = sphere.reg
trgsurfreg = sphere.reg
usehash = 1
Use ProjAbs  = 0, 0
Use ProjFrac = 0, 0
DoPaint 0

SUBJECTS_DIR    /out/sourcedata/freesurfer
FREESURFER_HOME /opt/freesurfer
Loading source label.
Found 470 points in source label.
Starting surface-based mapping
Reading source registration 
 /out/sourcedata/freesurfer/fsaverage/surf/lh.sphere.reg
Rescaling ...  original radius = 100
Reading target surface 
 /out/sourcedata/freesurfer/sub-v1s21x0050403_ses-1/surf/lh.white
Reading target registration 
 /out/sourcedata/freesurfer/sub-v1s21x0050403_ses-1/surf/lh.sphere.reg
Rescaling ...  original radius = 100
Building target registration hash (res=16).
Building source registration hash (res=16).
INFO: found  470 nlabel points
Performing mapping from target back to the source label 153332
Number of reverse mapping hits = 44
Checking for and removing duplicates
Writing label file ./lh.entorhinal_exvivo.thresh.label 514
mri_label2label: Done


 mri_label2label --srcsubject fsaverage --srclabel /out/sourcedata/freesurfer/fsaverage/label/lh.perirhinal_exvivo.thresh.label --trgsubject sub-v1s21x0050403_ses-1 --trglabel ./lh.perirhinal_exvivo.thresh.label --hemi lh --regmethod surface 


srclabel = /out/sourcedata/freesurfer/fsaverage/label/lh.perirhinal_exvivo.thresh.label
srcsubject = fsaverage
trgsubject = sub-v1s21x0050403_ses-1
trglabel = ./lh.perirhinal_exvivo.thresh.label
regmethod = surface

srchemi = lh
trghemi = lh
trgsurface = white
srcsurfreg = sphere.reg
trgsurfreg = sphere.reg
usehash = 1
Use ProjAbs  = 0, 0
Use ProjFrac = 0, 0
DoPaint 0

SUBJECTS_DIR    /out/sourcedata/freesurfer
FREESURFER_HOME /opt/freesurfer
Loading source label.
Found 450 points in source label.
Starting surface-based mapping
Reading source registration 
 /out/sourcedata/freesurfer/fsaverage/surf/lh.sphere.reg
Rescaling ...  original radius = 100
Reading target surface 
 /out/sourcedata/freesurfer/sub-v1s21x0050403_ses-1/surf/lh.white
Reading target registration 
 /out/sourcedata/freesurfer/sub-v1s21x0050403_ses-1/surf/lh.sphere.reg
Rescaling ...  original radius = 100
Building target registration hash (res=16).
Building source registration hash (res=16).
INFO: found  450 nlabel points
Performing mapping from target back to the source label 153332
Number of reverse mapping hits = 17
Checking for and removing duplicates
Writing label file ./lh.perirhinal_exvivo.thresh.label 467
mri_label2label: Done


 mris_label2annot --s sub-v1s21x0050403_ses-1 --hemi lh --ctab /opt/freesurfer/average/colortable_BA.txt --l lh.BA1_exvivo.label --l lh.BA2_exvivo.label --l lh.BA3a_exvivo.label --l lh.BA3b_exvivo.label --l lh.BA4a_exvivo.label --l lh.BA4p_exvivo.label --l lh.BA6_exvivo.label --l lh.BA44_exvivo.label --l lh.BA45_exvivo.label --l lh.V1_exvivo.label --l lh.V2_exvivo.label --l lh.MT_exvivo.label --l lh.perirhinal_exvivo.label --l lh.entorhinal_exvivo.label --a BA_exvivo --maxstatwinner --noverbose 

Reading ctab /opt/freesurfer/average/colortable_BA.txt
Number of ctab entries 15

7.3.2
cwd /out/sourcedata/freesurfer/sub-v1s21x0050403_ses-1/label
cmdline mris_label2annot --s sub-v1s21x0050403_ses-1 --hemi lh --ctab /opt/freesurfer/average/colortable_BA.txt --l lh.BA1_exvivo.label --l lh.BA2_exvivo.label --l lh.BA3a_exvivo.label --l lh.BA3b_exvivo.label --l lh.BA4a_exvivo.label --l lh.BA4p_exvivo.label --l lh.BA6_exvivo.label --l lh.BA44_exvivo.label --l lh.BA45_exvivo.label --l lh.V1_exvivo.label --l lh.V2_exvivo.label --l lh.MT_exvivo.label --l lh.perirhinal_exvivo.label --l lh.entorhinal_exvivo.label --a BA_exvivo --maxstatwinner --noverbose 
sysname  Linux
hostname dna079
machine  x86_64
user     oesteban

subject sub-v1s21x0050403_ses-1
hemi    lh
SUBJECTS_DIR /out/sourcedata/freesurfer
ColorTable /opt/freesurfer/average/colortable_BA.txt
AnnotName  BA_exvivo
nlables 14
LabelThresh 0 0.000000
Loading /out/sourcedata/freesurfer/sub-v1s21x0050403_ses-1/surf/lh.orig
 1 1530880 BA1_exvivo
 2 16749699 BA2_exvivo
 3 16711680 BA3a_exvivo
 4 3368703 BA3b_exvivo
 5 1376196 BA4a_exvivo
 6 13382655 BA4p_exvivo
 7 10036737 BA6_exvivo
 8 2490521 BA44_exvivo
 9 39283 BA45_exvivo
10 3993 V1_exvivo
11 8508928 V2_exvivo
12 10027163 MT_exvivo
13 16422433 perirhinal_exvivo
14 16392598 entorhinal_exvivo
Mapping unhit to unknown
Found 105594 unhit vertices
Writing annot to /out/sourcedata/freesurfer/sub-v1s21x0050403_ses-1/label/lh.BA_exvivo.annot

 mris_label2annot --s sub-v1s21x0050403_ses-1 --hemi lh --ctab /opt/freesurfer/average/colortable_BA.txt --l lh.BA1_exvivo.thresh.label --l lh.BA2_exvivo.thresh.label --l lh.BA3a_exvivo.thresh.label --l lh.BA3b_exvivo.thresh.label --l lh.BA4a_exvivo.thresh.label --l lh.BA4p_exvivo.thresh.label --l lh.BA6_exvivo.thresh.label --l lh.BA44_exvivo.thresh.label --l lh.BA45_exvivo.thresh.label --l lh.V1_exvivo.thresh.label --l lh.V2_exvivo.thresh.label --l lh.MT_exvivo.thresh.label --l lh.perirhinal_exvivo.thresh.label --l lh.entorhinal_exvivo.thresh.label --a BA_exvivo.thresh --maxstatwinner --noverbose 

Reading ctab /opt/freesurfer/average/colortable_BA.txt
Number of ctab entries 15

7.3.2
cwd /out/sourcedata/freesurfer/sub-v1s21x0050403_ses-1/label
cmdline mris_label2annot --s sub-v1s21x0050403_ses-1 --hemi lh --ctab /opt/freesurfer/average/colortable_BA.txt --l lh.BA1_exvivo.thresh.label --l lh.BA2_exvivo.thresh.label --l lh.BA3a_exvivo.thresh.label --l lh.BA3b_exvivo.thresh.label --l lh.BA4a_exvivo.thresh.label --l lh.BA4p_exvivo.thresh.label --l lh.BA6_exvivo.thresh.label --l lh.BA44_exvivo.thresh.label --l lh.BA45_exvivo.thresh.label --l lh.V1_exvivo.thresh.label --l lh.V2_exvivo.thresh.label --l lh.MT_exvivo.thresh.label --l lh.perirhinal_exvivo.thresh.label --l lh.entorhinal_exvivo.thresh.label --a BA_exvivo.thresh --maxstatwinner --noverbose 
sysname  Linux
hostname dna079
machine  x86_64
user     oesteban

subject sub-v1s21x0050403_ses-1
hemi    lh
SUBJECTS_DIR /out/sourcedata/freesurfer
ColorTable /opt/freesurfer/average/colortable_BA.txt
AnnotName  BA_exvivo.thresh
nlables 14
LabelThresh 0 0.000000
Loading /out/sourcedata/freesurfer/sub-v1s21x0050403_ses-1/surf/lh.orig
 1 1530880 BA1_exvivo
 2 16749699 BA2_exvivo
 3 16711680 BA3a_exvivo
 4 3368703 BA3b_exvivo
 5 1376196 BA4a_exvivo
 6 13382655 BA4p_exvivo
 7 10036737 BA6_exvivo
 8 2490521 BA44_exvivo
 9 39283 BA45_exvivo
10 3993 V1_exvivo
11 8508928 V2_exvivo
12 10027163 MT_exvivo
13 16422433 perirhinal_exvivo
14 16392598 entorhinal_exvivo
Mapping unhit to unknown
Found 125215 unhit vertices
Writing annot to /out/sourcedata/freesurfer/sub-v1s21x0050403_ses-1/label/lh.BA_exvivo.thresh.annot

 mris_anatomical_stats -th3 -mgz -noglobal -f ../stats/lh.BA_exvivo.stats -b -a ./lh.BA_exvivo.annot -c ./BA_exvivo.ctab sub-v1s21x0050403_ses-1 lh white 

computing statistics for each annotation in ./lh.BA_exvivo.annot.
reading volume /out/sourcedata/freesurfer/sub-v1s21x0050403_ses-1/mri/wm.mgz...
reading input surface /out/sourcedata/freesurfer/sub-v1s21x0050403_ses-1/surf/lh.white...
reading input pial surface /out/sourcedata/freesurfer/sub-v1s21x0050403_ses-1/surf/lh.pial...
reading input white surface /out/sourcedata/freesurfer/sub-v1s21x0050403_ses-1/surf/lh.white...
INFO: using TH3 volume calc
INFO: assuming MGZ format for volumes.
INFO: not computing global stats
Using TH3 vertex volume calc
Total face volume 301018
Total vertex volume 300801 (mask=0)
Saving annotation colortable ./BA_exvivo.ctab

table columns are:
    number of vertices
    total surface area (mm^2)
    total gray matter volume (mm^3)
    average cortical thickness +- standard deviation (mm)
    integrated rectified mean curvature
    integrated rectified Gaussian curvature
    folding index
    intrinsic curvature index
    structure name

 1261    842   2384  2.226 0.733     0.133     0.040       15     1.8  BA1_exvivo
 4940   3316   7203  2.097 0.650     0.109     0.024       36     5.0  BA2_exvivo
 1100    718   1037  1.906 0.423     0.121     0.029        9     1.2  BA3a_exvivo
 2396   1616   3213  1.880 0.662     0.108     0.023       19     2.4  BA3b_exvivo
 1972   1263   3544  2.440 0.669     0.104     0.029       13     2.2  BA4a_exvivo
 1593   1023   2189  2.167 0.542     0.108     0.024       10     1.7  BA4p_exvivo
11468   8177  25075  2.682 0.732     0.127     0.035      108    17.0  BA6_exvivo
 2617   1851   5460  2.470 0.750     0.116     0.027       22     3.0  BA44_exvivo
 3635   2720  10488  2.791 0.853     0.129     0.035       44     5.3  BA45_exvivo
 4002   2763   4575  1.646 0.550     0.137     0.039       47     6.5  V1_exvivo
 9099   6383  14228  2.002 0.703     0.146     0.042      117    16.2  V2_exvivo
 2390   1678   4699  2.411 0.647     0.132     0.032       28     3.1  MT_exvivo
  647    461   1589  2.811 0.596     0.107     0.030        6     0.9  perirhinal_exvivo
  618    445   1736  2.723 1.083     0.141     0.053        8     1.3  entorhinal_exvivo

 mris_anatomical_stats -th3 -mgz -f ../stats/lh.BA_exvivo.thresh.stats -noglobal -b -a ./lh.BA_exvivo.thresh.annot -c ./BA_exvivo.thresh.ctab sub-v1s21x0050403_ses-1 lh white 

computing statistics for each annotation in ./lh.BA_exvivo.thresh.annot.
reading volume /out/sourcedata/freesurfer/sub-v1s21x0050403_ses-1/mri/wm.mgz...
reading input surface /out/sourcedata/freesurfer/sub-v1s21x0050403_ses-1/surf/lh.white...
reading input pial surface /out/sourcedata/freesurfer/sub-v1s21x0050403_ses-1/surf/lh.pial...
reading input white surface /out/sourcedata/freesurfer/sub-v1s21x0050403_ses-1/surf/lh.white...
INFO: using TH3 volume calc
INFO: assuming MGZ format for volumes.
INFO: not computing global stats
Using TH3 vertex volume calc
Total face volume 301018
Total vertex volume 300801 (mask=0)
Saving annotation colortable ./BA_exvivo.thresh.ctab

table columns are:
    number of vertices
    total surface area (mm^2)
    total gray matter volume (mm^3)
    average cortical thickness +- standard deviation (mm)
    integrated rectified mean curvature
    integrated rectified Gaussian curvature
    folding index
    intrinsic curvature index
    structure name

  763    489   1461  2.286 0.670     0.137     0.046       11     1.2  BA1_exvivo
 2025   1302   2790  1.981 0.632     0.100     0.023       13     1.9  BA2_exvivo
  960    632    891  1.899 0.415     0.128     0.030        8     1.1  BA3a_exvivo
 1447    974   1592  1.617 0.477     0.097     0.019        8     1.2  BA3b_exvivo
 1923   1221   3119  2.346 0.602     0.101     0.026       11     2.1  BA4a_exvivo
 1259    814   1654  2.106 0.526     0.111     0.025        9     1.3  BA4p_exvivo
 6296   4358  13583  2.666 0.734     0.123     0.034       57     8.8  BA6_exvivo
 1761   1258   3682  2.401 0.727     0.119     0.029       16     2.2  BA44_exvivo
 1609   1253   5710  3.005 0.829     0.146     0.044       24     3.2  BA45_exvivo
 4269   2951   5052  1.675 0.568     0.137     0.038       49     6.7  V1_exvivo
 4536   3101   6346  1.879 0.699     0.147     0.043       61     8.3  V2_exvivo
  612    448   1324  2.480 0.651     0.135     0.031        8     0.7  MT_exvivo
  250    168    512  2.771 0.498     0.081     0.021        1     0.2  perirhinal_exvivo
  407    283   1196  2.905 0.793     0.127     0.038        4     0.7  entorhinal_exvivo

Started at Mon Mar 9 12:41:22 CET 2026 
Ended   at Mon Mar 9 12:44:07 CET 2026
#@#%# recon-all-run-time-hours 0.046
recon-all -s sub-v1s21x0050403_ses-1 finished without error at Mon Mar  9 12:44:07 CET 2026
