
Mon Mar  9 10:03:49 CET 2026
cd /out/sourcedata/freesurfer/sub-v1s21x0050403_ses-1
setenv SUBJECTS_DIR /out/sourcedata/freesurfer
/opt/freesurfer/bin/recon-all -autorecon1 -i /work/fmriprep_25_2_wf/sub_v1s21x0050403_ses_1_wf/anat_fit_wf/anat_validate/sub-v1s21x0050403_ses-1_T1w_noise_corrected_ras_valid.nii.gz -noskullstrip -noT2pial -noFLAIRpial -openmp 16 -subjid sub-v1s21x0050403_ses-1 -sd /out/sourcedata/freesurfer

subjid sub-v1s21x0050403_ses-1
setenv SUBJECTS_DIR /out/sourcedata/freesurfer
FREESURFER_HOME /opt/freesurfer
Actual FREESURFER_HOME /opt/freesurfer
build-stamp.txt: freesurfer-linux-ubuntu22_x86_64-7.3.2-20220804-6354275
Linux dna079 5.14.0-427.37.1.el9_4.x86_64 #1 SMP PREEMPT_DYNAMIC Fri Sep 13 12:41:50 EDT 2024 x86_64 x86_64 x86_64 GNU/Linux
cputime      unlimited
filesize     unlimited
datasize     unlimited
stacksize    8192 kbytes
coredumpsize 0 kbytes
memoryuse    67108864 kbytes
vmemoryuse   unlimited
descriptors  1024 
memorylocked unlimited
maxproc      2061970 
maxlocks     unlimited
maxsignal    2062029 
maxmessage   819200 
maxnice      0 
maxrtprio    0 
maxrttime    unlimited

               total        used        free      shared  buff/cache   available
Mem:           503Gi        49Gi       392Gi       9.2Gi        61Gi       441Gi
Swap:             0B          0B          0B

########################################
program versions used
7.3.2 (freesurfer-linux-ubuntu22_x86_64-7.3.2-20220804-6354275)
7.3.2

ProgramName: lta_convert  ProgramArguments: lta_convert -all-info  ProgramVersion: 7.3.2  TimeStamp: 2026/03/09-09:03:49-GMT  BuildTime: Aug  4 2022 06:17:15  BuildStamp: freesurfer-linux-ubuntu22_x86_64-7.3.2-20220804-6354275  User: oesteban  Machine: dna079  Platform: Linux  PlatformVersion: 5.14.0-427.37.1.el9_4.x86_64  CompilerName: GCC  CompilerVersion: 8.4.0
ProgramName: mri_and  ProgramArguments: mri_and -all-info  ProgramVersion: 7.3.2  TimeStamp: 2026/03/09-09:03:49-GMT  BuildTime: Aug  4 2022 06:17:15  BuildStamp: freesurfer-linux-ubuntu22_x86_64-7.3.2-20220804-6354275  User: oesteban  Machine: dna079  Platform: Linux  PlatformVersion: 5.14.0-427.37.1.el9_4.x86_64  CompilerName: GCC  CompilerVersion: 8.4.0
ProgramName: mri_annotation2label  ProgramArguments: mri_annotation2label -all-info  ProgramVersion: 7.3.2  TimeStamp: 2026/03/09-09:03:49-GMT  BuildTime: Aug  4 2022 06:17:15  BuildStamp: freesurfer-linux-ubuntu22_x86_64-7.3.2-20220804-6354275  User: oesteban  Machine: dna079  Platform: Linux  PlatformVersion: 5.14.0-427.37.1.el9_4.x86_64  CompilerName: GCC  CompilerVersion: 8.4.0
ProgramName: mri_aparc2aseg  ProgramArguments: mri_aparc2aseg -all-info  ProgramVersion: 7.3.2  TimeStamp: 2026/03/09-09:03:49-GMT  BuildTime: Aug  4 2022 06:17:15  BuildStamp: freesurfer-linux-ubuntu22_x86_64-7.3.2-20220804-6354275  User: oesteban  Machine: dna079  Platform: Linux  PlatformVersion: 5.14.0-427.37.1.el9_4.x86_64  CompilerName: GCC  CompilerVersion: 8.4.0
ProgramName: mri_surf2volseg  ProgramArguments: mri_surf2volseg -all-info  ProgramVersion: 7.3.2  TimeStamp: 2026/03/09-09:03:49-GMT  BuildTime: Aug  4 2022 06:17:15  BuildStamp: freesurfer-linux-ubuntu22_x86_64-7.3.2-20220804-6354275  User: oesteban  Machine: dna079  Platform: Linux  PlatformVersion: 5.14.0-427.37.1.el9_4.x86_64  CompilerName: GCC  CompilerVersion: 8.4.0
ProgramName: mri_binarize  ProgramArguments: mri_binarize -all-info  ProgramVersion: 7.3.2  TimeStamp: 2026/03/09-09:03:49-GMT  BuildTime: Aug  4 2022 06:17:15  BuildStamp: freesurfer-linux-ubuntu22_x86_64-7.3.2-20220804-6354275  User: oesteban  Machine: dna079  Platform: Linux  PlatformVersion: 5.14.0-427.37.1.el9_4.x86_64  CompilerName: GCC  CompilerVersion: 8.4.0
ProgramName: mri_ca_label  ProgramArguments: mri_ca_label -all-info  ProgramVersion: 7.3.2  TimeStamp: 2026/03/09-09:03:49-GMT  BuildTime: Aug  4 2022 06:17:15  BuildStamp: freesurfer-linux-ubuntu22_x86_64-7.3.2-20220804-6354275  User: oesteban  Machine: dna079  Platform: Linux  PlatformVersion: 5.14.0-427.37.1.el9_4.x86_64  CompilerName: GCC  CompilerVersion: 8.4.0
ProgramName: mri_ca_normalize  ProgramArguments: mri_ca_normalize -all-info  ProgramVersion: 7.3.2  TimeStamp: 2026/03/09-09:03:49-GMT  BuildTime: Aug  4 2022 06:17:15  BuildStamp: freesurfer-linux-ubuntu22_x86_64-7.3.2-20220804-6354275  User: oesteban  Machine: dna079  Platform: Linux  PlatformVersion: 5.14.0-427.37.1.el9_4.x86_64  CompilerName: GCC  CompilerVersion: 8.4.0
ProgramName: mri_ca_register  ProgramArguments: mri_ca_register -all-info  ProgramVersion: 7.3.2  TimeStamp: 2026/03/09-09:03:49-GMT  BuildTime: Aug  4 2022 06:17:15  BuildStamp: freesurfer-linux-ubuntu22_x86_64-7.3.2-20220804-6354275  User: oesteban  Machine: dna079  Platform: Linux  PlatformVersion: 5.14.0-427.37.1.el9_4.x86_64  CompilerName: GCC  CompilerVersion: 8.4.0
ProgramName: mri_cc  ProgramArguments: mri_cc -all-info  ProgramVersion: 7.3.2  TimeStamp: 2026/03/09-09:03:49-GMT  BuildTime: Aug  4 2022 06:17:15  BuildStamp: freesurfer-linux-ubuntu22_x86_64-7.3.2-20220804-6354275  User: oesteban  Machine: dna079  Platform: Linux  PlatformVersion: 5.14.0-427.37.1.el9_4.x86_64  CompilerName: GCC  CompilerVersion: 8.4.0
ProgramName: mri_compute_overlap  ProgramArguments: mri_compute_overlap -all-info  ProgramVersion: 7.3.2  TimeStamp: 2026/03/09-09:03:49-GMT  BuildTime: Aug  4 2022 06:17:15  BuildStamp: freesurfer-linux-ubuntu22_x86_64-7.3.2-20220804-6354275  User: oesteban  Machine: dna079  Platform: Linux  PlatformVersion: 5.14.0-427.37.1.el9_4.x86_64  CompilerName: GCC  CompilerVersion: 8.4.0
ProgramName: mri_compute_seg_overlap  ProgramArguments: mri_compute_seg_overlap -all-info  ProgramVersion: 7.3.2  TimeStamp: 2026/03/09-09:03:49-GMT  BuildTime: Aug  4 2022 06:17:15  BuildStamp: freesurfer-linux-ubuntu22_x86_64-7.3.2-20220804-6354275  User: oesteban  Machine: dna079  Platform: Linux  PlatformVersion: 5.14.0-427.37.1.el9_4.x86_64  CompilerName: GCC  CompilerVersion: 8.4.0
ProgramName: mri_concat  ProgramArguments: mri_concat -all-info  ProgramVersion: 7.3.2  TimeStamp: 2026/03/09-09:03:49-GMT  BuildTime: Aug  4 2022 06:17:15  BuildStamp: freesurfer-linux-ubuntu22_x86_64-7.3.2-20220804-6354275  User: oesteban  Machine: dna079  Platform: Linux  PlatformVersion: 5.14.0-427.37.1.el9_4.x86_64  CompilerName: GCC  CompilerVersion: 8.4.0
ProgramName: mri_concatenate_lta  ProgramArguments: mri_concatenate_lta -all-info  ProgramVersion: 7.3.2  TimeStamp: 2026/03/09-09:03:49-GMT  BuildTime: Aug  4 2022 06:17:15  BuildStamp: freesurfer-linux-ubuntu22_x86_64-7.3.2-20220804-6354275  User: oesteban  Machine: dna079  Platform: Linux  PlatformVersion: 5.14.0-427.37.1.el9_4.x86_64  CompilerName: GCC  CompilerVersion: 8.4.0
mri_convert -all-info 
ProgramName: mri_convert  ProgramArguments: mri_convert -all-info  ProgramVersion: 7.3.2  TimeStamp: 2026/03/09-09:03:49-GMT  BuildTime: Aug  4 2022 06:17:15  BuildStamp: freesurfer-linux-ubuntu22_x86_64-7.3.2-20220804-6354275  User: oesteban  Machine: dna079  Platform: Linux  PlatformVersion: 5.14.0-427.37.1.el9_4.x86_64  CompilerName: GCC  CompilerVersion: 8.4.0
ProgramName: mri_diff  ProgramArguments: mri_diff -all-info  ProgramVersion: 7.3.2  TimeStamp: 2026/03/09-09:03:49-GMT  BuildTime: Aug  4 2022 06:17:15  BuildStamp: freesurfer-linux-ubuntu22_x86_64-7.3.2-20220804-6354275  User: oesteban  Machine: dna079  Platform: Linux  PlatformVersion: 5.14.0-427.37.1.el9_4.x86_64  CompilerName: GCC  CompilerVersion: 8.4.0
ProgramName: mri_edit_wm_with_aseg  ProgramArguments: mri_edit_wm_with_aseg -all-info  ProgramVersion: 7.3.2  TimeStamp: 2026/03/09-09:03:49-GMT  BuildTime: Aug  4 2022 06:17:15  BuildStamp: freesurfer-linux-ubuntu22_x86_64-7.3.2-20220804-6354275  User: oesteban  Machine: dna079  Platform: Linux  PlatformVersion: 5.14.0-427.37.1.el9_4.x86_64  CompilerName: GCC  CompilerVersion: 8.4.0
ProgramName: mri_em_register  ProgramArguments: mri_em_register -all-info  ProgramVersion: 7.3.2  TimeStamp: 2026/03/09-09:03:49-GMT  BuildTime: Aug  4 2022 06:17:15  BuildStamp: freesurfer-linux-ubuntu22_x86_64-7.3.2-20220804-6354275  User: oesteban  Machine: dna079  Platform: Linux  PlatformVersion: 5.14.0-427.37.1.el9_4.x86_64  CompilerName: GCC  CompilerVersion: 8.4.0
ProgramName: mri_fill  ProgramArguments: mri_fill -all-info  ProgramVersion: 7.3.2  TimeStamp: 2026/03/09-09:03:49-GMT  BuildTime: Aug  4 2022 06:17:15  BuildStamp: freesurfer-linux-ubuntu22_x86_64-7.3.2-20220804-6354275  User: oesteban  Machine: dna079  Platform: Linux  PlatformVersion: 5.14.0-427.37.1.el9_4.x86_64  CompilerName: GCC  CompilerVersion: 8.4.0
ProgramName: mri_fuse_segmentations  ProgramArguments: mri_fuse_segmentations -all-info  ProgramVersion: 7.3.2  TimeStamp: 2026/03/09-09:03:49-GMT  BuildTime: Aug  4 2022 06:17:15  BuildStamp: freesurfer-linux-ubuntu22_x86_64-7.3.2-20220804-6354275  User: oesteban  Machine: dna079  Platform: Linux  PlatformVersion: 5.14.0-427.37.1.el9_4.x86_64  CompilerName: GCC  CompilerVersion: 8.4.0
ProgramName: mri_fwhm  ProgramArguments: mri_fwhm -all-info  ProgramVersion: 7.3.2  TimeStamp: 2026/03/09-09:03:49-GMT  BuildTime: Aug  4 2022 06:17:15  BuildStamp: freesurfer-linux-ubuntu22_x86_64-7.3.2-20220804-6354275  User: oesteban  Machine: dna079  Platform: Linux  PlatformVersion: 5.14.0-427.37.1.el9_4.x86_64  CompilerName: GCC  CompilerVersion: 8.4.0
ProgramName: mri_gcut  ProgramArguments: mri_gcut -all-info  ProgramVersion: 7.3.2  TimeStamp: 2026/03/09-09:03:49-GMT  BuildTime: Aug  4 2022 06:17:15  BuildStamp: freesurfer-linux-ubuntu22_x86_64-7.3.2-20220804-6354275  User: oesteban  Machine: dna079  Platform: Linux  PlatformVersion: 5.14.0-427.37.1.el9_4.x86_64  CompilerName: GCC  CompilerVersion: 8.4.0
ProgramName: mri_info  ProgramArguments: mri_info -all-info  ProgramVersion: 7.3.2  TimeStamp: 2026/03/09-09:03:49-GMT  BuildTime: Aug  4 2022 06:17:15  BuildStamp: freesurfer-linux-ubuntu22_x86_64-7.3.2-20220804-6354275  User: oesteban  Machine: dna079  Platform: Linux  PlatformVersion: 5.14.0-427.37.1.el9_4.x86_64  CompilerName: GCC  CompilerVersion: 8.4.0
ProgramName: mri_label2label  ProgramArguments: mri_label2label -all-info  ProgramVersion: 7.3.2  TimeStamp: 2026/03/09-09:03:49-GMT  BuildTime: Aug  4 2022 06:17:15  BuildStamp: freesurfer-linux-ubuntu22_x86_64-7.3.2-20220804-6354275  User: oesteban  Machine: dna079  Platform: Linux  PlatformVersion: 5.14.0-427.37.1.el9_4.x86_64  CompilerName: GCC  CompilerVersion: 8.4.0
ProgramName: mri_label2vol  ProgramArguments: mri_label2vol -all-info  ProgramVersion: 7.3.2  TimeStamp: 2026/03/09-09:03:49-GMT  BuildTime: Aug  4 2022 06:17:15  BuildStamp: freesurfer-linux-ubuntu22_x86_64-7.3.2-20220804-6354275  User: oesteban  Machine: dna079  Platform: Linux  PlatformVersion: 5.14.0-427.37.1.el9_4.x86_64  CompilerName: GCC  CompilerVersion: 8.4.0
ProgramName: mri_log_likelihood  ProgramArguments: mri_log_likelihood -all-info  ProgramVersion: 7.3.2  TimeStamp: 2026/03/09-09:03:49-GMT  BuildTime: Aug  4 2022 06:17:15  BuildStamp: freesurfer-linux-ubuntu22_x86_64-7.3.2-20220804-6354275  User: oesteban  Machine: dna079  Platform: Linux  PlatformVersion: 5.14.0-427.37.1.el9_4.x86_64  CompilerName: GCC  CompilerVersion: 8.4.0
ProgramName: mri_mask  ProgramArguments: mri_mask -all-info  ProgramVersion: 7.3.2  TimeStamp: 2026/03/09-09:03:49-GMT  BuildTime: Aug  4 2022 06:17:15  BuildStamp: freesurfer-linux-ubuntu22_x86_64-7.3.2-20220804-6354275  User: oesteban  Machine: dna079  Platform: Linux  PlatformVersion: 5.14.0-427.37.1.el9_4.x86_64  CompilerName: GCC  CompilerVersion: 8.4.0
ProgramName: mri_matrix_multiply  ProgramArguments: mri_matrix_multiply -all-info  ProgramVersion: 7.3.2  TimeStamp: 2026/03/09-09:03:49-GMT  BuildTime: Aug  4 2022 06:17:15  BuildStamp: freesurfer-linux-ubuntu22_x86_64-7.3.2-20220804-6354275  User: oesteban  Machine: dna079  Platform: Linux  PlatformVersion: 5.14.0-427.37.1.el9_4.x86_64  CompilerName: GCC  CompilerVersion: 8.4.0
ProgramName: mri_normalize  ProgramArguments: mri_normalize -all-info  ProgramVersion: 7.3.2  TimeStamp: 2026/03/09-09:03:49-GMT  BuildTime: Aug  4 2022 06:17:15  BuildStamp: freesurfer-linux-ubuntu22_x86_64-7.3.2-20220804-6354275  User: oesteban  Machine: dna079  Platform: Linux  PlatformVersion: 5.14.0-427.37.1.el9_4.x86_64  CompilerName: GCC  CompilerVersion: 8.4.0
ProgramName: mri_normalize_tp2  ProgramArguments: mri_normalize_tp2 -all-info  ProgramVersion: 7.3.2  TimeStamp: 2026/03/09-09:03:49-GMT  BuildTime: Aug  4 2022 06:17:15  BuildStamp: freesurfer-linux-ubuntu22_x86_64-7.3.2-20220804-6354275  User: oesteban  Machine: dna079  Platform: Linux  PlatformVersion: 5.14.0-427.37.1.el9_4.x86_64  CompilerName: GCC  CompilerVersion: 8.4.0
ProgramName: mri_or  ProgramArguments: mri_or -all-info  ProgramVersion: 7.3.2  TimeStamp: 2026/03/09-09:03:49-GMT  BuildTime: Aug  4 2022 06:17:15  BuildStamp: freesurfer-linux-ubuntu22_x86_64-7.3.2-20220804-6354275  User: oesteban  Machine: dna079  Platform: Linux  PlatformVersion: 5.14.0-427.37.1.el9_4.x86_64  CompilerName: GCC  CompilerVersion: 8.4.0
ProgramName: mri_relabel_hypointensities  ProgramArguments: mri_relabel_hypointensities -all-info  ProgramVersion: 7.3.2  TimeStamp: 2026/03/09-09:03:49-GMT  BuildTime: Aug  4 2022 06:17:15  BuildStamp: freesurfer-linux-ubuntu22_x86_64-7.3.2-20220804-6354275  User: oesteban  Machine: dna079  Platform: Linux  PlatformVersion: 5.14.0-427.37.1.el9_4.x86_64  CompilerName: GCC  CompilerVersion: 8.4.0
ProgramName: mri_relabel_nonwm_hypos  ProgramArguments: mri_relabel_nonwm_hypos -all-info  ProgramVersion: 7.3.2  TimeStamp: 2026/03/09-09:03:49-GMT  BuildTime: Aug  4 2022 06:17:15  BuildStamp: freesurfer-linux-ubuntu22_x86_64-7.3.2-20220804-6354275  User: oesteban  Machine: dna079  Platform: Linux  PlatformVersion: 5.14.0-427.37.1.el9_4.x86_64  CompilerName: GCC  CompilerVersion: 8.4.0
ProgramName: mri_remove_neck  ProgramArguments: mri_remove_neck -all-info  ProgramVersion: 7.3.2  TimeStamp: 2026/03/09-09:03:50-GMT  BuildTime: Aug  4 2022 06:17:15  BuildStamp: freesurfer-linux-ubuntu22_x86_64-7.3.2-20220804-6354275  User: oesteban  Machine: dna079  Platform: Linux  PlatformVersion: 5.14.0-427.37.1.el9_4.x86_64  CompilerName: GCC  CompilerVersion: 8.4.0
7.3.2

ProgramName: mri_robust_register  ProgramArguments: mri_robust_register -all-info  ProgramVersion: 7.3.2  TimeStamp: 2026/03/09-09:03:50-GMT  BuildTime: Aug  4 2022 06:17:15  BuildStamp: freesurfer-linux-ubuntu22_x86_64-7.3.2-20220804-6354275  User: oesteban  Machine: dna079  Platform: Linux  PlatformVersion: 5.14.0-427.37.1.el9_4.x86_64  CompilerName: GCC  CompilerVersion: 8.4.0
7.3.2

ProgramName: mri_robust_template  ProgramArguments: mri_robust_template -all-info  ProgramVersion: 7.3.2  TimeStamp: 2026/03/09-09:03:50-GMT  BuildTime: Aug  4 2022 06:17:15  BuildStamp: freesurfer-linux-ubuntu22_x86_64-7.3.2-20220804-6354275  User: oesteban  Machine: dna079  Platform: Linux  PlatformVersion: 5.14.0-427.37.1.el9_4.x86_64  CompilerName: GCC  CompilerVersion: 8.4.0
ProgramName: mris_anatomical_stats  ProgramArguments: mris_anatomical_stats -all-info  ProgramVersion: 7.3.2  TimeStamp: 2026/03/09-09:03:50-GMT  BuildTime: Aug  4 2022 06:17:15  BuildStamp: freesurfer-linux-ubuntu22_x86_64-7.3.2-20220804-6354275  User: oesteban  Machine: dna079  Platform: Linux  PlatformVersion: 5.14.0-427.37.1.el9_4.x86_64  CompilerName: GCC  CompilerVersion: 8.4.0
ProgramName: mris_ca_label  ProgramArguments: mris_ca_label -all-info  ProgramVersion: 7.3.2  TimeStamp: 2026/03/09-09:03:50-GMT  BuildTime: Aug  4 2022 06:17:15  BuildStamp: freesurfer-linux-ubuntu22_x86_64-7.3.2-20220804-6354275  User: oesteban  Machine: dna079  Platform: Linux  PlatformVersion: 5.14.0-427.37.1.el9_4.x86_64  CompilerName: GCC  CompilerVersion: 8.4.0
ProgramName: mris_calc  ProgramArguments: mris_calc -all-info  ProgramVersion: 7.3.2  TimeStamp: 2026/03/09-09:03:50-GMT  BuildTime: Aug  4 2022 06:17:15  BuildStamp: freesurfer-linux-ubuntu22_x86_64-7.3.2-20220804-6354275  User: oesteban  Machine: dna079  Platform: Linux  PlatformVersion: 5.14.0-427.37.1.el9_4.x86_64  CompilerName: GCC  CompilerVersion: 8.4.0
ProgramName: mris_convert  ProgramArguments: mris_convert -all-info  ProgramVersion: 7.3.2  TimeStamp: 2026/03/09-09:03:50-GMT  BuildTime: Aug  4 2022 06:17:15  BuildStamp: freesurfer-linux-ubuntu22_x86_64-7.3.2-20220804-6354275  User: oesteban  Machine: dna079  Platform: Linux  PlatformVersion: 5.14.0-427.37.1.el9_4.x86_64  CompilerName: GCC  CompilerVersion: 8.4.0
ProgramName: mris_curvature  ProgramArguments: mris_curvature -all-info  ProgramVersion: 7.3.2  TimeStamp: 2026/03/09-09:03:50-GMT  BuildTime: Aug  4 2022 06:17:15  BuildStamp: freesurfer-linux-ubuntu22_x86_64-7.3.2-20220804-6354275  User: oesteban  Machine: dna079  Platform: Linux  PlatformVersion: 5.14.0-427.37.1.el9_4.x86_64  CompilerName: GCC  CompilerVersion: 8.4.0
ProgramName: mris_curvature_stats  ProgramArguments: mris_curvature_stats -all-info  ProgramVersion: 7.3.2  TimeStamp: 2026/03/09-09:03:50-GMT  BuildTime: Aug  4 2022 06:17:15  BuildStamp: freesurfer-linux-ubuntu22_x86_64-7.3.2-20220804-6354275  User: oesteban  Machine: dna079  Platform: Linux  PlatformVersion: 5.14.0-427.37.1.el9_4.x86_64  CompilerName: GCC  CompilerVersion: 8.4.0
ProgramName: mris_diff  ProgramArguments: mris_diff -all-info  ProgramVersion: 7.3.2  TimeStamp: 2026/03/09-09:03:50-GMT  BuildTime: Aug  4 2022 06:17:15  BuildStamp: freesurfer-linux-ubuntu22_x86_64-7.3.2-20220804-6354275  User: oesteban  Machine: dna079  Platform: Linux  PlatformVersion: 5.14.0-427.37.1.el9_4.x86_64  CompilerName: GCC  CompilerVersion: 8.4.0
ProgramName: mris_divide_parcellation  ProgramArguments: mris_divide_parcellation -all-info  ProgramVersion: 7.3.2  TimeStamp: 2026/03/09-09:03:50-GMT  BuildTime: Aug  4 2022 06:17:15  BuildStamp: freesurfer-linux-ubuntu22_x86_64-7.3.2-20220804-6354275  User: oesteban  Machine: dna079  Platform: Linux  PlatformVersion: 5.14.0-427.37.1.el9_4.x86_64  CompilerName: GCC  CompilerVersion: 8.4.0
ProgramName: mri_segment  ProgramArguments: mri_segment -all-info  ProgramVersion: 7.3.2  TimeStamp: 2026/03/09-09:03:50-GMT  BuildTime: Aug  4 2022 06:17:15  BuildStamp: freesurfer-linux-ubuntu22_x86_64-7.3.2-20220804-6354275  User: oesteban  Machine: dna079  Platform: Linux  PlatformVersion: 5.14.0-427.37.1.el9_4.x86_64  CompilerName: GCC  CompilerVersion: 8.4.0
ProgramName: mri_segstats  ProgramArguments: mri_segstats -all-info  ProgramVersion: 7.3.2  TimeStamp: 2026/03/09-09:03:50-GMT  BuildTime: Aug  4 2022 06:17:15  BuildStamp: freesurfer-linux-ubuntu22_x86_64-7.3.2-20220804-6354275  User: oesteban  Machine: dna079  Platform: Linux  PlatformVersion: 5.14.0-427.37.1.el9_4.x86_64  CompilerName: GCC  CompilerVersion: 8.4.0
ProgramName: mris_euler_number  ProgramArguments: mris_euler_number -all-info  ProgramVersion: 7.3.2  TimeStamp: 2026/03/09-09:03:50-GMT  BuildTime: Aug  4 2022 06:17:15  BuildStamp: freesurfer-linux-ubuntu22_x86_64-7.3.2-20220804-6354275  User: oesteban  Machine: dna079  Platform: Linux  PlatformVersion: 5.14.0-427.37.1.el9_4.x86_64  CompilerName: GCC  CompilerVersion: 8.4.0
ProgramName: mris_fix_topology  ProgramArguments: mris_fix_topology -all-info  ProgramVersion: 7.3.2  TimeStamp: 2026/03/09-09:03:50-GMT  BuildTime: Aug  4 2022 06:17:15  BuildStamp: freesurfer-linux-ubuntu22_x86_64-7.3.2-20220804-6354275  User: oesteban  Machine: dna079  Platform: Linux  PlatformVersion: 5.14.0-427.37.1.el9_4.x86_64  CompilerName: GCC  CompilerVersion: 8.4.0
ProgramName: mris_topo_fixer  ProgramArguments: mris_topo_fixer -all-info  ProgramVersion: 7.3.2  TimeStamp: 2026/03/09-09:03:50-GMT  BuildTime: Aug  4 2022 06:17:15  BuildStamp: freesurfer-linux-ubuntu22_x86_64-7.3.2-20220804-6354275  User: oesteban  Machine: dna079  Platform: Linux  PlatformVersion: 5.14.0-427.37.1.el9_4.x86_64  CompilerName: GCC  CompilerVersion: 8.4.0
ProgramName: mris_jacobian  ProgramArguments: mris_jacobian -all-info  ProgramVersion: 7.3.2  TimeStamp: 2026/03/09-09:03:50-GMT  BuildTime: Aug  4 2022 06:17:15  BuildStamp: freesurfer-linux-ubuntu22_x86_64-7.3.2-20220804-6354275  User: oesteban  Machine: dna079  Platform: Linux  PlatformVersion: 5.14.0-427.37.1.el9_4.x86_64  CompilerName: GCC  CompilerVersion: 8.4.0
ProgramName: mris_label2annot  ProgramArguments: mris_label2annot -all-info  ProgramVersion: 7.3.2  TimeStamp: 2026/03/09-09:03:50-GMT  BuildTime: Aug  4 2022 06:17:15  BuildStamp: freesurfer-linux-ubuntu22_x86_64-7.3.2-20220804-6354275  User: oesteban  Machine: dna079  Platform: Linux  PlatformVersion: 5.14.0-427.37.1.el9_4.x86_64  CompilerName: GCC  CompilerVersion: 8.4.0
ProgramName: mris_left_right_register  ProgramArguments: mris_left_right_register -all-info  ProgramVersion: 7.3.2  TimeStamp: 2026/03/09-09:03:50-GMT  BuildTime: Aug  4 2022 06:17:15  BuildStamp: freesurfer-linux-ubuntu22_x86_64-7.3.2-20220804-6354275  User: oesteban  Machine: dna079  Platform: Linux  PlatformVersion: 5.14.0-427.37.1.el9_4.x86_64  CompilerName: GCC  CompilerVersion: 8.4.0
ProgramName: mris_place_surface  ProgramArguments: mris_place_surface -all-info  ProgramVersion: 7.3.2  TimeStamp: 2026/03/09-09:03:50-GMT  BuildTime: Aug  4 2022 06:17:15  BuildStamp: freesurfer-linux-ubuntu22_x86_64-7.3.2-20220804-6354275  User: oesteban  Machine: dna079  Platform: Linux  PlatformVersion: 5.14.0-427.37.1.el9_4.x86_64  CompilerName: GCC  CompilerVersion: 8.4.0
ProgramName: mrisp_paint  ProgramArguments: mrisp_paint -all-info  ProgramVersion: 7.3.2  TimeStamp: 2026/03/09-09:03:50-GMT  BuildTime: Aug  4 2022 06:17:15  BuildStamp: freesurfer-linux-ubuntu22_x86_64-7.3.2-20220804-6354275  User: oesteban  Machine: dna079  Platform: Linux  PlatformVersion: 5.14.0-427.37.1.el9_4.x86_64  CompilerName: GCC  CompilerVersion: 8.4.0
ProgramName: mris_register  ProgramArguments: mris_register -all-info  ProgramVersion: 7.3.2  TimeStamp: 2026/03/09-09:03:50-GMT  BuildTime: Aug  4 2022 06:17:15  BuildStamp: freesurfer-linux-ubuntu22_x86_64-7.3.2-20220804-6354275  User: oesteban  Machine: dna079  Platform: Linux  PlatformVersion: 5.14.0-427.37.1.el9_4.x86_64  CompilerName: GCC  CompilerVersion: 8.4.0
ProgramName: mris_smooth  ProgramArguments: mris_smooth -all-info  ProgramVersion: 7.3.2  TimeStamp: 2026/03/09-09:03:50-GMT  BuildTime: Aug  4 2022 06:17:15  BuildStamp: freesurfer-linux-ubuntu22_x86_64-7.3.2-20220804-6354275  User: oesteban  Machine: dna079  Platform: Linux  PlatformVersion: 5.14.0-427.37.1.el9_4.x86_64  CompilerName: GCC  CompilerVersion: 8.4.0
ProgramName: mris_sphere  ProgramArguments: mris_sphere -all-info  ProgramVersion: 7.3.2  TimeStamp: 2026/03/09-09:03:50-GMT  BuildTime: Aug  4 2022 06:17:15  BuildStamp: freesurfer-linux-ubuntu22_x86_64-7.3.2-20220804-6354275  User: oesteban  Machine: dna079  Platform: Linux  PlatformVersion: 5.14.0-427.37.1.el9_4.x86_64  CompilerName: GCC  CompilerVersion: 8.4.0
ProgramName: mris_surface_stats  ProgramArguments: mris_surface_stats -all-info  ProgramVersion: 7.3.2  TimeStamp: 2026/03/09-09:03:50-GMT  BuildTime: Aug  4 2022 06:17:15  BuildStamp: freesurfer-linux-ubuntu22_x86_64-7.3.2-20220804-6354275  User: oesteban  Machine: dna079  Platform: Linux  PlatformVersion: 5.14.0-427.37.1.el9_4.x86_64  CompilerName: GCC  CompilerVersion: 8.4.0
ProgramName: mri_stats2seg  ProgramArguments: mri_stats2seg -all-info  ProgramVersion: 7.3.2  TimeStamp: 2026/03/09-09:03:50-GMT  BuildTime: Aug  4 2022 06:17:15  BuildStamp: freesurfer-linux-ubuntu22_x86_64-7.3.2-20220804-6354275  User: oesteban  Machine: dna079  Platform: Linux  PlatformVersion: 5.14.0-427.37.1.el9_4.x86_64  CompilerName: GCC  CompilerVersion: 8.4.0
ProgramName: mris_thickness  ProgramArguments: mris_thickness -all-info  ProgramVersion: 7.3.2  TimeStamp: 2026/03/09-09:03:50-GMT  BuildTime: Aug  4 2022 06:17:15  BuildStamp: freesurfer-linux-ubuntu22_x86_64-7.3.2-20220804-6354275  User: oesteban  Machine: dna079  Platform: Linux  PlatformVersion: 5.14.0-427.37.1.el9_4.x86_64  CompilerName: GCC  CompilerVersion: 8.4.0
ProgramName: mris_thickness_diff  ProgramArguments: mris_thickness_diff -all-info  ProgramVersion: 7.3.2  TimeStamp: 2026/03/09-09:03:50-GMT  BuildTime: Aug  4 2022 06:17:15  BuildStamp: freesurfer-linux-ubuntu22_x86_64-7.3.2-20220804-6354275  User: oesteban  Machine: dna079  Platform: Linux  PlatformVersion: 5.14.0-427.37.1.el9_4.x86_64  CompilerName: GCC  CompilerVersion: 8.4.0
ProgramName: mris_topo_fixer  ProgramArguments: mris_topo_fixer -all-info  ProgramVersion: 7.3.2  TimeStamp: 2026/03/09-09:03:50-GMT  BuildTime: Aug  4 2022 06:17:15  BuildStamp: freesurfer-linux-ubuntu22_x86_64-7.3.2-20220804-6354275  User: oesteban  Machine: dna079  Platform: Linux  PlatformVersion: 5.14.0-427.37.1.el9_4.x86_64  CompilerName: GCC  CompilerVersion: 8.4.0
ProgramName: mri_surf2surf  ProgramArguments: mri_surf2surf -all-info  ProgramVersion: 7.3.2  TimeStamp: 2026/03/09-09:03:50-GMT  BuildTime: Aug  4 2022 06:17:15  BuildStamp: freesurfer-linux-ubuntu22_x86_64-7.3.2-20220804-6354275  User: oesteban  Machine: dna079  Platform: Linux  PlatformVersion: 5.14.0-427.37.1.el9_4.x86_64  CompilerName: GCC  CompilerVersion: 8.4.0
ProgramName: mri_surf2vol  ProgramArguments: mri_surf2vol -all-info  ProgramVersion: 7.3.2  TimeStamp: 2026/03/09-09:03:50-GMT  BuildTime: Aug  4 2022 06:17:15  BuildStamp: freesurfer-linux-ubuntu22_x86_64-7.3.2-20220804-6354275  User: oesteban  Machine: dna079  Platform: Linux  PlatformVersion: 5.14.0-427.37.1.el9_4.x86_64  CompilerName: GCC  CompilerVersion: 8.4.0
ProgramName: mri_surfcluster  ProgramArguments: mri_surfcluster -all-info  ProgramVersion: 7.3.2  TimeStamp: 2026/03/09-09:03:50-GMT  BuildTime: Aug  4 2022 06:17:15  BuildStamp: freesurfer-linux-ubuntu22_x86_64-7.3.2-20220804-6354275  User: oesteban  Machine: dna079  Platform: Linux  PlatformVersion: 5.14.0-427.37.1.el9_4.x86_64  CompilerName: GCC  CompilerVersion: 8.4.0
ProgramName: mris_volmask  ProgramArguments: mris_volmask -all-info  ProgramVersion: 7.3.2  TimeStamp: 2026/03/09-09:03:50-GMT  BuildTime: Aug  4 2022 06:17:15  BuildStamp: freesurfer-linux-ubuntu22_x86_64-7.3.2-20220804-6354275  User: oesteban  Machine: dna079  Platform: Linux  PlatformVersion: 5.14.0-427.37.1.el9_4.x86_64  CompilerName: GCC  CompilerVersion: 8.4.0
ProgramName: mri_tessellate  ProgramArguments: mri_tessellate -all-info  ProgramVersion: 7.3.2  TimeStamp: 2026/03/09-09:03:50-GMT  BuildTime: Aug  4 2022 06:17:15  BuildStamp: freesurfer-linux-ubuntu22_x86_64-7.3.2-20220804-6354275  User: oesteban  Machine: dna079  Platform: Linux  PlatformVersion: 5.14.0-427.37.1.el9_4.x86_64  CompilerName: GCC  CompilerVersion: 8.4.0
ProgramName: mri_vol2surf  ProgramArguments: mri_vol2surf -all-info  ProgramVersion: 7.3.2  TimeStamp: 2026/03/09-09:03:50-GMT  BuildTime: Aug  4 2022 06:17:15  BuildStamp: freesurfer-linux-ubuntu22_x86_64-7.3.2-20220804-6354275  User: oesteban  Machine: dna079  Platform: Linux  PlatformVersion: 5.14.0-427.37.1.el9_4.x86_64  CompilerName: GCC  CompilerVersion: 8.4.0
ProgramName: mri_vol2vol  ProgramArguments: mri_vol2vol -all-info  ProgramVersion: 7.3.2  TimeStamp: 2026/03/09-09:03:50-GMT  BuildTime: Aug  4 2022 06:17:15  BuildStamp: freesurfer-linux-ubuntu22_x86_64-7.3.2-20220804-6354275  User: oesteban  Machine: dna079  Platform: Linux  PlatformVersion: 5.14.0-427.37.1.el9_4.x86_64  CompilerName: GCC  CompilerVersion: 8.4.0
ProgramName: mri_voldiff  ProgramArguments: mri_voldiff -all-info  ProgramVersion: 7.3.2  TimeStamp: 2026/03/09-09:03:50-GMT  BuildTime: Aug  4 2022 06:17:15  BuildStamp: freesurfer-linux-ubuntu22_x86_64-7.3.2-20220804-6354275  User: oesteban  Machine: dna079  Platform: Linux  PlatformVersion: 5.14.0-427.37.1.el9_4.x86_64  CompilerName: GCC  CompilerVersion: 8.4.0
ProgramName: mri_watershed  ProgramArguments: mri_watershed -all-info  ProgramVersion: 7.3.2  TimeStamp: 2026/03/09-09:03:50-GMT  BuildTime: Aug  4 2022 06:17:15  BuildStamp: freesurfer-linux-ubuntu22_x86_64-7.3.2-20220804-6354275  User: oesteban  Machine: dna079  Platform: Linux  PlatformVersion: 5.14.0-427.37.1.el9_4.x86_64  CompilerName: GCC  CompilerVersion: 8.4.0
ProgramName: tkregister2  ProgramArguments: tkregister2_cmdl -all-info  ProgramVersion: 7.3.2  TimeStamp: 2026/03/09-09:03:50-GMT  BuildTime: Aug  4 2022 06:17:15  BuildStamp: freesurfer-linux-ubuntu22_x86_64-7.3.2-20220804-6354275  User: oesteban  Machine: dna079  Platform: Linux  PlatformVersion: 5.14.0-427.37.1.el9_4.x86_64  CompilerName: GCC  CompilerVersion: 8.4.0
mri_motion_correct.fsl 7.3.2
mri_convert -all-info 
ProgramName: mri_convert  ProgramArguments: mri_convert -all-info  ProgramVersion: 7.3.2  TimeStamp: 2026/03/09-09:03:50-GMT  BuildTime: Aug  4 2022 06:17:15  BuildStamp: freesurfer-linux-ubuntu22_x86_64-7.3.2-20220804-6354275  User: oesteban  Machine: dna079  Platform: Linux  PlatformVersion: 5.14.0-427.37.1.el9_4.x86_64  CompilerName: GCC  CompilerVersion: 8.4.0
Program nu_correct, built from:
Package MNI N3, version 1.12.0, compiled by nicks@terrier (x86_64-unknown-linux-gnu) on 2015-06-19 at 01:25:34
#######################################
GCADIR /opt/freesurfer/average
GCA RB_all_2020-01-02.gca
GCASkull RB_all_withskull_2020_01_02.gca
AvgCurvTif folding.atlas.acfb40.noaparc.i12.2016-08-02.tif
GCSDIR /opt/freesurfer/average
GCS DKaparc.atlas.acfb40.noaparc.i12.2016-08-02.gcs
#######################################
/out/sourcedata/freesurfer/sub-v1s21x0050403_ses-1

 mri_convert /work/fmriprep_25_2_wf/sub_v1s21x0050403_ses_1_wf/anat_fit_wf/anat_validate/sub-v1s21x0050403_ses-1_T1w_noise_corrected_ras_valid.nii.gz /out/sourcedata/freesurfer/sub-v1s21x0050403_ses-1/mri/orig/001.mgz 

mri_convert /work/fmriprep_25_2_wf/sub_v1s21x0050403_ses_1_wf/anat_fit_wf/anat_validate/sub-v1s21x0050403_ses-1_T1w_noise_corrected_ras_valid.nii.gz /out/sourcedata/freesurfer/sub-v1s21x0050403_ses-1/mri/orig/001.mgz 
reading from /work/fmriprep_25_2_wf/sub_v1s21x0050403_ses_1_wf/anat_fit_wf/anat_validate/sub-v1s21x0050403_ses-1_T1w_noise_corrected_ras_valid.nii.gz...
TR=0.00, TE=0.00, TI=0.00, flip angle=0.00
i_ras = (1, 0, 0)
j_ras = (0, 1, 0)
k_ras = (0, 0, 1)
writing to /out/sourcedata/freesurfer/sub-v1s21x0050403_ses-1/mri/orig/001.mgz...
#--------------------------------------------
#@# MotionCor Mon Mar  9 10:03:51 CET 2026
Found 1 runs
/out/sourcedata/freesurfer/sub-v1s21x0050403_ses-1/mri/orig/001.mgz
Checking for (invalid) multi-frame inputs...
Only one run found so motion
correction will not be performed. I'll
copy the run to rawavg and continue.

 cp /out/sourcedata/freesurfer/sub-v1s21x0050403_ses-1/mri/orig/001.mgz /out/sourcedata/freesurfer/sub-v1s21x0050403_ses-1/mri/rawavg.mgz 


 mri_info /out/sourcedata/freesurfer/sub-v1s21x0050403_ses-1/mri/rawavg.mgz 

rawavg.mgz ========================================
Volume information for /out/sourcedata/freesurfer/sub-v1s21x0050403_ses-1/mri/rawavg.mgz
          type: MGH
    dimensions: 106 x 256 x 256
   voxel sizes: 1.400000, 1.000000, 1.000000
          type: FLOAT (3)
           fov: 256.000
           dof: 1
        xstart: -74.2, xend: 74.2
        ystart: -128.0, yend: 128.0
        zstart: -128.0, zend: 128.0
            TR: 0.00 msec, TE: 0.00 msec, TI: 0.00 msec, flip angle: 0.00 degrees
       nframes: 1
       PhEncDir: UNKNOWN
       FieldStrength: 0.000000
ras xform present
    xform info: x_r =   1.0000, y_r =   0.0000, z_r =   0.0000, c_r =     0.7000
              : x_a =   0.0000, y_a =   1.0000, z_a =   0.0000, c_a =     0.5000
              : x_s =   0.0000, y_s =   0.0000, z_s =   1.0000, c_s =     0.5000

talairach xfm : 
Orientation   : RAS
Primary Slice Direction: axial

voxel to ras transform:
                1.4000   0.0000   0.0000   -73.5000
                0.0000   1.0000   0.0000  -127.5000
                0.0000   0.0000   1.0000  -127.5000
                0.0000   0.0000   0.0000     1.0000

voxel-to-ras determinant 1.4

ras to voxel transform:
                0.7143   0.0000   0.0000    52.5000
                0.0000   1.0000   0.0000   127.5000
                0.0000   0.0000   1.0000   127.5000
                0.0000   0.0000   0.0000     1.0000
/out/sourcedata/freesurfer/sub-v1s21x0050403_ses-1

 mri_convert /out/sourcedata/freesurfer/sub-v1s21x0050403_ses-1/mri/rawavg.mgz /out/sourcedata/freesurfer/sub-v1s21x0050403_ses-1/mri/orig.mgz --conform 

mri_convert /out/sourcedata/freesurfer/sub-v1s21x0050403_ses-1/mri/rawavg.mgz /out/sourcedata/freesurfer/sub-v1s21x0050403_ses-1/mri/orig.mgz --conform 
reading from /out/sourcedata/freesurfer/sub-v1s21x0050403_ses-1/mri/rawavg.mgz...
TR=0.00, TE=0.00, TI=0.00, flip angle=0.00
i_ras = (1, 0, 0)
j_ras = (0, 1, 0)
k_ras = (0, 0, 1)
changing data type from float to uchar (noscale = 0)...
MRIchangeType: Building histogram 0 3065.38 1000, flo=0, fhi=0.999, dest_type=0
Reslicing using trilinear interpolation 
writing to /out/sourcedata/freesurfer/sub-v1s21x0050403_ses-1/mri/orig.mgz...

 mri_add_xform_to_header -c /out/sourcedata/freesurfer/sub-v1s21x0050403_ses-1/mri/transforms/talairach.xfm /out/sourcedata/freesurfer/sub-v1s21x0050403_ses-1/mri/orig.mgz /out/sourcedata/freesurfer/sub-v1s21x0050403_ses-1/mri/orig.mgz 

INFO: extension is mgz

 mri_info /out/sourcedata/freesurfer/sub-v1s21x0050403_ses-1/mri/orig.mgz 

orig.mgz ========================================
Volume information for /out/sourcedata/freesurfer/sub-v1s21x0050403_ses-1/mri/orig.mgz
          type: MGH
    dimensions: 256 x 256 x 256
   voxel sizes: 1.000000, 1.000000, 1.000000
          type: UCHAR (0)
           fov: 256.000
           dof: 1
        xstart: -128.0, xend: 128.0
        ystart: -128.0, yend: 128.0
        zstart: -128.0, zend: 128.0
            TR: 0.00 msec, TE: 0.00 msec, TI: 0.00 msec, flip angle: 0.00 degrees
       nframes: 1
       PhEncDir: UNKNOWN
       FieldStrength: 0.000000
ras xform present
    xform info: x_r =  -1.0000, y_r =   0.0000, z_r =   0.0000, c_r =     0.7000
              : x_a =   0.0000, y_a =   0.0000, z_a =   1.0000, c_a =     0.5000
              : x_s =   0.0000, y_s =  -1.0000, z_s =   0.0000, c_s =     0.5000

talairach xfm : /out/sourcedata/freesurfer/sub-v1s21x0050403_ses-1/mri/transforms/talairach.xfm
Orientation   : LIA
Primary Slice Direction: coronal

voxel to ras transform:
               -1.0000   0.0000   0.0000   128.7000
                0.0000   0.0000   1.0000  -127.5000
                0.0000  -1.0000   0.0000   128.5000
                0.0000   0.0000   0.0000     1.0000

voxel-to-ras determinant -1

ras to voxel transform:
               -1.0000  -0.0000  -0.0000   128.7000
               -0.0000  -0.0000  -1.0000   128.5000
               -0.0000   1.0000  -0.0000   127.5000
               -0.0000  -0.0000  -0.0000     1.0000
#--------------------------------------------
#@# Talairach Mon Mar  9 10:03:56 CET 2026
/out/sourcedata/freesurfer/sub-v1s21x0050403_ses-1/mri

 mri_nu_correct.mni --no-rescale --i orig.mgz --o orig_nu.mgz --ants-n4 --n 1 --proto-iters 1000 --distance 50 

/usr/bin/bc
/out/sourcedata/freesurfer/sub-v1s21x0050403_ses-1/mri
/opt/freesurfer/bin/mri_nu_correct.mni
--no-rescale --i orig.mgz --o orig_nu.mgz --ants-n4 --n 1 --proto-iters 1000 --distance 50
nIters 1
mri_nu_correct.mni 7.3.2
Linux dna079 5.14.0-427.37.1.el9_4.x86_64 #1 SMP PREEMPT_DYNAMIC Fri Sep 13 12:41:50 EDT 2024 x86_64 x86_64 x86_64 GNU/Linux
Mon Mar  9 10:03:56 CET 2026
tmpdir is ./tmp.mri_nu_correct.mni.1289487
cd /out/sourcedata/freesurfer/sub-v1s21x0050403_ses-1/mri
AntsN4BiasFieldCorrectionFs -i orig.mgz -o ./tmp.mri_nu_correct.mni.1289487/nu0.mgz --dtype uchar
AntsN4BiasFieldCorrectionFs done
mri_convert ./tmp.mri_nu_correct.mni.1289487/nu0.mgz orig_nu.mgz --like orig.mgz --conform
mri_convert ./tmp.mri_nu_correct.mni.1289487/nu0.mgz orig_nu.mgz --like orig.mgz --conform 
reading from ./tmp.mri_nu_correct.mni.1289487/nu0.mgz...
TR=0.00, TE=0.00, TI=0.00, flip angle=0.00
i_ras = (-1, 0, 0)
j_ras = (0, 0, -1)
k_ras = (0, 1, 0)
INFO: transform src into the like-volume: orig.mgz
writing to orig_nu.mgz...
 
 
Mon Mar  9 10:06:29 CET 2026
mri_nu_correct.mni done

 talairach_avi --i orig_nu.mgz --xfm transforms/talairach.auto.xfm 

talairach_avi log file is transforms/talairach_avi.log...
mv -f /out/sourcedata/freesurfer/sub-v1s21x0050403_ses-1/mri/talsrcimg_to_711-2C_as_mni_average_305_t4_vox2vox.txt /out/sourcedata/freesurfer/sub-v1s21x0050403_ses-1/mri/transforms/talsrcimg_to_711-2C_as_mni_average_305_t4_vox2vox.txt
Started at Mon Mar 9 10:06:29 CET 2026
Ended   at Mon Mar  9 10:06:43 CET 2026
talairach_avi done

 cp transforms/talairach.auto.xfm transforms/talairach.xfm 

lta_convert --src orig.mgz --trg /opt/freesurfer/average/mni305.cor.mgz --inxfm transforms/talairach.xfm --outlta transforms/talairach.xfm.lta --subject fsaverage --ltavox2vox
7.3.2

--src: orig.mgz src image (geometry).
--trg: /opt/freesurfer/average/mni305.cor.mgz trg image (geometry).
--inmni: transforms/talairach.xfm input MNI/XFM transform.
--outlta: transforms/talairach.xfm.lta output LTA.
--s: fsaverage subject name
--ltavox2vox: output LTA as VOX_TO_VOX transform.
 LTA read, type : 1
 1.01058  -0.04001  -0.06900   2.81029;
 0.06550   0.98249   0.03288  -15.83568;
 0.04932  -0.02163   1.07592  -14.52495;
 0.00000   0.00000   0.00000   1.00000;
setting subject to fsaverage
Writing  LTA to file transforms/talairach.xfm.lta...
lta_convert successful.
#--------------------------------------------
#@# Talairach Failure Detection Mon Mar  9 10:06:45 CET 2026
/out/sourcedata/freesurfer/sub-v1s21x0050403_ses-1/mri

 talairach_afd -T 0.005 -xfm transforms/talairach.xfm 

talairach_afd: Talairach Transform: transforms/talairach.xfm OK (p=0.6498, pval=0.3663 >= threshold=0.0050)

 awk -f /opt/freesurfer/bin/extract_talairach_avi_QA.awk /out/sourcedata/freesurfer/sub-v1s21x0050403_ses-1/mri/transforms/talairach_avi.log 


 tal_QC_AZS /out/sourcedata/freesurfer/sub-v1s21x0050403_ses-1/mri/transforms/talairach_avi.log 

TalAviQA: 0.97581
z-score: 0
#--------------------------------------------
#@# Nu Intensity Correction Mon Mar  9 10:06:45 CET 2026

 mri_nu_correct.mni --i orig.mgz --o nu.mgz --uchar transforms/talairach.xfm --n 2 --ants-n4 

/usr/bin/bc
/out/sourcedata/freesurfer/sub-v1s21x0050403_ses-1/mri
/opt/freesurfer/bin/mri_nu_correct.mni
--i orig.mgz --o nu.mgz --uchar transforms/talairach.xfm --n 2 --ants-n4
nIters 2
mri_nu_correct.mni 7.3.2
Linux dna079 5.14.0-427.37.1.el9_4.x86_64 #1 SMP PREEMPT_DYNAMIC Fri Sep 13 12:41:50 EDT 2024 x86_64 x86_64 x86_64 GNU/Linux
Mon Mar  9 10:06:45 CET 2026
tmpdir is ./tmp.mri_nu_correct.mni.1292649
cd /out/sourcedata/freesurfer/sub-v1s21x0050403_ses-1/mri
AntsN4BiasFieldCorrectionFs -i orig.mgz -o ./tmp.mri_nu_correct.mni.1292649/nu0.mgz --dtype uchar
AntsN4BiasFieldCorrectionFs done
mri_binarize --i ./tmp.mri_nu_correct.mni.1292649/nu0.mgz --min -1 --o ./tmp.mri_nu_correct.mni.1292649/ones.mgz

7.3.2
cwd /out/sourcedata/freesurfer/sub-v1s21x0050403_ses-1/mri
cmdline mri_binarize --i ./tmp.mri_nu_correct.mni.1292649/nu0.mgz --min -1 --o ./tmp.mri_nu_correct.mni.1292649/ones.mgz 
sysname  Linux
hostname dna079
machine  x86_64
user     oesteban

input      ./tmp.mri_nu_correct.mni.1292649/nu0.mgz
frame      0
nErode3d   0
nErode2d   0
output     ./tmp.mri_nu_correct.mni.1292649/ones.mgz
Binarizing based on threshold
min        -1
max        +infinity
binval        1
binvalnot     0
fstart = 0, fend = 0, nframes = 1
Starting parallel 1
Found 16777216 values in range
Counting number of voxels in first frame
Found 16777215 voxels in final mask
Writing output to ./tmp.mri_nu_correct.mni.1292649/ones.mgz
Count: 16777215 16777215.000000 16777216 99.999994
mri_binarize done
mri_segstats --id 1 --seg ./tmp.mri_nu_correct.mni.1292649/ones.mgz --i orig.mgz --sum ./tmp.mri_nu_correct.mni.1292649/sum.junk --avgwf ./tmp.mri_nu_correct.mni.1292649/input.mean.dat

7.3.2
cwd 
cmdline mri_segstats --id 1 --seg ./tmp.mri_nu_correct.mni.1292649/ones.mgz --i orig.mgz --sum ./tmp.mri_nu_correct.mni.1292649/sum.junk --avgwf ./tmp.mri_nu_correct.mni.1292649/input.mean.dat 
sysname  Linux
hostname dna079
machine  x86_64
user     oesteban
whitesurfname  white
UseRobust  0
Loading ./tmp.mri_nu_correct.mni.1292649/ones.mgz
Loading orig.mgz
Voxel Volume is 1 mm^3
Generating list of segmentation ids
Found   1 segmentations
Computing statistics for each segmentation

Reporting on   1 segmentations
Using PrintSegStat
Computing spatial average of each frame

Writing to ./tmp.mri_nu_correct.mni.1292649/input.mean.dat
mri_segstats done
mri_segstats --id 1 --seg ./tmp.mri_nu_correct.mni.1292649/ones.mgz --i ./tmp.mri_nu_correct.mni.1292649/nu0.mgz --sum ./tmp.mri_nu_correct.mni.1292649/sum.junk --avgwf ./tmp.mri_nu_correct.mni.1292649/output.mean.dat

7.3.2
cwd 
cmdline mri_segstats --id 1 --seg ./tmp.mri_nu_correct.mni.1292649/ones.mgz --i ./tmp.mri_nu_correct.mni.1292649/nu0.mgz --sum ./tmp.mri_nu_correct.mni.1292649/sum.junk --avgwf ./tmp.mri_nu_correct.mni.1292649/output.mean.dat 
sysname  Linux
hostname dna079
machine  x86_64
user     oesteban
whitesurfname  white
UseRobust  0
Loading ./tmp.mri_nu_correct.mni.1292649/ones.mgz
Loading ./tmp.mri_nu_correct.mni.1292649/nu0.mgz
Voxel Volume is 1 mm^3
Generating list of segmentation ids
Found   1 segmentations
Computing statistics for each segmentation

Reporting on   1 segmentations
Using PrintSegStat
Computing spatial average of each frame

Writing to ./tmp.mri_nu_correct.mni.1292649/output.mean.dat
mri_segstats done
mris_calc -o ./tmp.mri_nu_correct.mni.1292649/nu0.mgz ./tmp.mri_nu_correct.mni.1292649/nu0.mgz mul 1.18229961052568759679
Saving result to './tmp.mri_nu_correct.mni.1292649/nu0.mgz' (type = MGH )                       [ ok ]
mri_convert ./tmp.mri_nu_correct.mni.1292649/nu0.mgz nu.mgz --like orig.mgz
mri_convert ./tmp.mri_nu_correct.mni.1292649/nu0.mgz nu.mgz --like orig.mgz 
reading from ./tmp.mri_nu_correct.mni.1292649/nu0.mgz...
TR=0.00, TE=0.00, TI=0.00, flip angle=0.00
i_ras = (-1, 0, 0)
j_ras = (0, 0, -1)
k_ras = (0, 1, 0)
INFO: transform src into the like-volume: orig.mgz
writing to nu.mgz...
mri_make_uchar nu.mgz transforms/talairach.xfm nu.mgz
type change took 0 minutes and 3 seconds.
FIRST_PERCENTILE 0.010000
WM_PERCENTILE    0.900000
MAX_R 50.000000
i1 = 8, i2 = 40
#mri_make_uchar# mapping 21 103 to  3 110  :  b -24.3125 m 1.30362 : thresh 18.65 maxsat 214.259 : nzero 14131892 nsat 5930
 
 
Mon Mar  9 10:09:31 CET 2026
mri_nu_correct.mni done

 mri_add_xform_to_header -c /out/sourcedata/freesurfer/sub-v1s21x0050403_ses-1/mri/transforms/talairach.xfm nu.mgz nu.mgz 

INFO: extension is mgz
#--------------------------------------------
#@# Intensity Normalization Mon Mar  9 10:09:31 CET 2026
/out/sourcedata/freesurfer/sub-v1s21x0050403_ses-1/mri

 mri_normalize -g 1 -seed 1234 -mprage nu.mgz T1.mgz 

using max gradient = 1.000
setting seed for random number genererator to 1234
assuming input volume is MGH (Van der Kouwe) MP-RAGE
reading mri_src from nu.mgz...
normalizing image...
NOT doing gentle normalization with control points/label
talairach transform
 1.01058  -0.04001  -0.06900   2.81029;
 0.06550   0.98249   0.03288  -15.83568;
 0.04932  -0.02163   1.07592  -14.52495;
 0.00000   0.00000   0.00000   1.00000;
processing without aseg, no1d=0
MRInormInit(): 
INFO: Modifying talairach volume c_(r,a,s) based on average_305
MRInormalize(): 
MRIsplineNormalize(): npeaks = 15
Starting OpenSpline(): npoints = 15
building Voronoi diagram...
performing soap bubble smoothing, sigma = 8...

Iterating 2 times
---------------------------------
3d normalization pass 1 of 2
white matter peak found at 110
white matter peak found at 109
gm peak at 73 (73), valley at 39 (39)
csf peak at 15, setting threshold to 53
building Voronoi diagram...
performing soap bubble smoothing, sigma = 8...
---------------------------------
3d normalization pass 2 of 2
white matter peak found at 110
white matter peak found at 110
gm peak at 69 (69), valley at 18 (18)
csf peak at 35, setting threshold to 57
building Voronoi diagram...
performing soap bubble smoothing, sigma = 8...
Done iterating ---------------------------------
writing output to T1.mgz
3D bias adjustment took 1 minutes and 5 seconds.

Started at Mon Mar 9 10:03:49 CET 2026 
Ended   at Mon Mar 9 10:10:36 CET 2026
#@#%# recon-all-run-time-hours 0.113
recon-all -s sub-v1s21x0050403_ses-1 finished without error at Mon Mar  9 10:10:36 CET 2026



#New# invocation of recon-all 




Mon Mar  9 10:16:30 CET 2026
cd /out/sourcedata/freesurfer/sub-v1s21x0050403_ses-1
setenv SUBJECTS_DIR /out/sourcedata/freesurfer
/opt/freesurfer/bin/recon-all -openmp 16 -subjid sub-v1s21x0050403_ses-1 -sd /out/sourcedata/freesurfer -gcareg

subjid sub-v1s21x0050403_ses-1
setenv SUBJECTS_DIR /out/sourcedata/freesurfer
FREESURFER_HOME /opt/freesurfer
Actual FREESURFER_HOME /opt/freesurfer
build-stamp.txt: freesurfer-linux-ubuntu22_x86_64-7.3.2-20220804-6354275
Linux dna079 5.14.0-427.37.1.el9_4.x86_64 #1 SMP PREEMPT_DYNAMIC Fri Sep 13 12:41:50 EDT 2024 x86_64 x86_64 x86_64 GNU/Linux
cputime      unlimited
filesize     unlimited
datasize     unlimited
stacksize    8192 kbytes
coredumpsize 0 kbytes
memoryuse    67108864 kbytes
vmemoryuse   unlimited
descriptors  1024 
memorylocked unlimited
maxproc      2061970 
maxlocks     unlimited
maxsignal    2062029 
maxmessage   819200 
maxnice      0 
maxrtprio    0 
maxrttime    unlimited

               total        used        free      shared  buff/cache   available
Mem:           503Gi        50Gi       390Gi       9.2Gi        62Gi       440Gi
Swap:             0B          0B          0B

########################################
program versions used
7.3.2 (freesurfer-linux-ubuntu22_x86_64-7.3.2-20220804-6354275)
7.3.2

ProgramName: lta_convert  ProgramArguments: lta_convert -all-info  ProgramVersion: 7.3.2  TimeStamp: 2026/03/09-09:16:30-GMT  BuildTime: Aug  4 2022 06:17:15  BuildStamp: freesurfer-linux-ubuntu22_x86_64-7.3.2-20220804-6354275  User: oesteban  Machine: dna079  Platform: Linux  PlatformVersion: 5.14.0-427.37.1.el9_4.x86_64  CompilerName: GCC  CompilerVersion: 8.4.0
ProgramName: mri_and  ProgramArguments: mri_and -all-info  ProgramVersion: 7.3.2  TimeStamp: 2026/03/09-09:16:30-GMT  BuildTime: Aug  4 2022 06:17:15  BuildStamp: freesurfer-linux-ubuntu22_x86_64-7.3.2-20220804-6354275  User: oesteban  Machine: dna079  Platform: Linux  PlatformVersion: 5.14.0-427.37.1.el9_4.x86_64  CompilerName: GCC  CompilerVersion: 8.4.0
ProgramName: mri_annotation2label  ProgramArguments: mri_annotation2label -all-info  ProgramVersion: 7.3.2  TimeStamp: 2026/03/09-09:16:30-GMT  BuildTime: Aug  4 2022 06:17:15  BuildStamp: freesurfer-linux-ubuntu22_x86_64-7.3.2-20220804-6354275  User: oesteban  Machine: dna079  Platform: Linux  PlatformVersion: 5.14.0-427.37.1.el9_4.x86_64  CompilerName: GCC  CompilerVersion: 8.4.0
ProgramName: mri_aparc2aseg  ProgramArguments: mri_aparc2aseg -all-info  ProgramVersion: 7.3.2  TimeStamp: 2026/03/09-09:16:30-GMT  BuildTime: Aug  4 2022 06:17:15  BuildStamp: freesurfer-linux-ubuntu22_x86_64-7.3.2-20220804-6354275  User: oesteban  Machine: dna079  Platform: Linux  PlatformVersion: 5.14.0-427.37.1.el9_4.x86_64  CompilerName: GCC  CompilerVersion: 8.4.0
ProgramName: mri_surf2volseg  ProgramArguments: mri_surf2volseg -all-info  ProgramVersion: 7.3.2  TimeStamp: 2026/03/09-09:16:30-GMT  BuildTime: Aug  4 2022 06:17:15  BuildStamp: freesurfer-linux-ubuntu22_x86_64-7.3.2-20220804-6354275  User: oesteban  Machine: dna079  Platform: Linux  PlatformVersion: 5.14.0-427.37.1.el9_4.x86_64  CompilerName: GCC  CompilerVersion: 8.4.0
ProgramName: mri_binarize  ProgramArguments: mri_binarize -all-info  ProgramVersion: 7.3.2  TimeStamp: 2026/03/09-09:16:30-GMT  BuildTime: Aug  4 2022 06:17:15  BuildStamp: freesurfer-linux-ubuntu22_x86_64-7.3.2-20220804-6354275  User: oesteban  Machine: dna079  Platform: Linux  PlatformVersion: 5.14.0-427.37.1.el9_4.x86_64  CompilerName: GCC  CompilerVersion: 8.4.0
ProgramName: mri_ca_label  ProgramArguments: mri_ca_label -all-info  ProgramVersion: 7.3.2  TimeStamp: 2026/03/09-09:16:30-GMT  BuildTime: Aug  4 2022 06:17:15  BuildStamp: freesurfer-linux-ubuntu22_x86_64-7.3.2-20220804-6354275  User: oesteban  Machine: dna079  Platform: Linux  PlatformVersion: 5.14.0-427.37.1.el9_4.x86_64  CompilerName: GCC  CompilerVersion: 8.4.0
ProgramName: mri_ca_normalize  ProgramArguments: mri_ca_normalize -all-info  ProgramVersion: 7.3.2  TimeStamp: 2026/03/09-09:16:30-GMT  BuildTime: Aug  4 2022 06:17:15  BuildStamp: freesurfer-linux-ubuntu22_x86_64-7.3.2-20220804-6354275  User: oesteban  Machine: dna079  Platform: Linux  PlatformVersion: 5.14.0-427.37.1.el9_4.x86_64  CompilerName: GCC  CompilerVersion: 8.4.0
ProgramName: mri_ca_register  ProgramArguments: mri_ca_register -all-info  ProgramVersion: 7.3.2  TimeStamp: 2026/03/09-09:16:30-GMT  BuildTime: Aug  4 2022 06:17:15  BuildStamp: freesurfer-linux-ubuntu22_x86_64-7.3.2-20220804-6354275  User: oesteban  Machine: dna079  Platform: Linux  PlatformVersion: 5.14.0-427.37.1.el9_4.x86_64  CompilerName: GCC  CompilerVersion: 8.4.0
ProgramName: mri_cc  ProgramArguments: mri_cc -all-info  ProgramVersion: 7.3.2  TimeStamp: 2026/03/09-09:16:30-GMT  BuildTime: Aug  4 2022 06:17:15  BuildStamp: freesurfer-linux-ubuntu22_x86_64-7.3.2-20220804-6354275  User: oesteban  Machine: dna079  Platform: Linux  PlatformVersion: 5.14.0-427.37.1.el9_4.x86_64  CompilerName: GCC  CompilerVersion: 8.4.0
ProgramName: mri_compute_overlap  ProgramArguments: mri_compute_overlap -all-info  ProgramVersion: 7.3.2  TimeStamp: 2026/03/09-09:16:30-GMT  BuildTime: Aug  4 2022 06:17:15  BuildStamp: freesurfer-linux-ubuntu22_x86_64-7.3.2-20220804-6354275  User: oesteban  Machine: dna079  Platform: Linux  PlatformVersion: 5.14.0-427.37.1.el9_4.x86_64  CompilerName: GCC  CompilerVersion: 8.4.0
ProgramName: mri_compute_seg_overlap  ProgramArguments: mri_compute_seg_overlap -all-info  ProgramVersion: 7.3.2  TimeStamp: 2026/03/09-09:16:30-GMT  BuildTime: Aug  4 2022 06:17:15  BuildStamp: freesurfer-linux-ubuntu22_x86_64-7.3.2-20220804-6354275  User: oesteban  Machine: dna079  Platform: Linux  PlatformVersion: 5.14.0-427.37.1.el9_4.x86_64  CompilerName: GCC  CompilerVersion: 8.4.0
ProgramName: mri_concat  ProgramArguments: mri_concat -all-info  ProgramVersion: 7.3.2  TimeStamp: 2026/03/09-09:16:30-GMT  BuildTime: Aug  4 2022 06:17:15  BuildStamp: freesurfer-linux-ubuntu22_x86_64-7.3.2-20220804-6354275  User: oesteban  Machine: dna079  Platform: Linux  PlatformVersion: 5.14.0-427.37.1.el9_4.x86_64  CompilerName: GCC  CompilerVersion: 8.4.0
ProgramName: mri_concatenate_lta  ProgramArguments: mri_concatenate_lta -all-info  ProgramVersion: 7.3.2  TimeStamp: 2026/03/09-09:16:30-GMT  BuildTime: Aug  4 2022 06:17:15  BuildStamp: freesurfer-linux-ubuntu22_x86_64-7.3.2-20220804-6354275  User: oesteban  Machine: dna079  Platform: Linux  PlatformVersion: 5.14.0-427.37.1.el9_4.x86_64  CompilerName: GCC  CompilerVersion: 8.4.0
mri_convert -all-info 
ProgramName: mri_convert  ProgramArguments: mri_convert -all-info  ProgramVersion: 7.3.2  TimeStamp: 2026/03/09-09:16:30-GMT  BuildTime: Aug  4 2022 06:17:15  BuildStamp: freesurfer-linux-ubuntu22_x86_64-7.3.2-20220804-6354275  User: oesteban  Machine: dna079  Platform: Linux  PlatformVersion: 5.14.0-427.37.1.el9_4.x86_64  CompilerName: GCC  CompilerVersion: 8.4.0
ProgramName: mri_diff  ProgramArguments: mri_diff -all-info  ProgramVersion: 7.3.2  TimeStamp: 2026/03/09-09:16:30-GMT  BuildTime: Aug  4 2022 06:17:15  BuildStamp: freesurfer-linux-ubuntu22_x86_64-7.3.2-20220804-6354275  User: oesteban  Machine: dna079  Platform: Linux  PlatformVersion: 5.14.0-427.37.1.el9_4.x86_64  CompilerName: GCC  CompilerVersion: 8.4.0
ProgramName: mri_edit_wm_with_aseg  ProgramArguments: mri_edit_wm_with_aseg -all-info  ProgramVersion: 7.3.2  TimeStamp: 2026/03/09-09:16:30-GMT  BuildTime: Aug  4 2022 06:17:15  BuildStamp: freesurfer-linux-ubuntu22_x86_64-7.3.2-20220804-6354275  User: oesteban  Machine: dna079  Platform: Linux  PlatformVersion: 5.14.0-427.37.1.el9_4.x86_64  CompilerName: GCC  CompilerVersion: 8.4.0
ProgramName: mri_em_register  ProgramArguments: mri_em_register -all-info  ProgramVersion: 7.3.2  TimeStamp: 2026/03/09-09:16:30-GMT  BuildTime: Aug  4 2022 06:17:15  BuildStamp: freesurfer-linux-ubuntu22_x86_64-7.3.2-20220804-6354275  User: oesteban  Machine: dna079  Platform: Linux  PlatformVersion: 5.14.0-427.37.1.el9_4.x86_64  CompilerName: GCC  CompilerVersion: 8.4.0
ProgramName: mri_fill  ProgramArguments: mri_fill -all-info  ProgramVersion: 7.3.2  TimeStamp: 2026/03/09-09:16:30-GMT  BuildTime: Aug  4 2022 06:17:15  BuildStamp: freesurfer-linux-ubuntu22_x86_64-7.3.2-20220804-6354275  User: oesteban  Machine: dna079  Platform: Linux  PlatformVersion: 5.14.0-427.37.1.el9_4.x86_64  CompilerName: GCC  CompilerVersion: 8.4.0
ProgramName: mri_fuse_segmentations  ProgramArguments: mri_fuse_segmentations -all-info  ProgramVersion: 7.3.2  TimeStamp: 2026/03/09-09:16:30-GMT  BuildTime: Aug  4 2022 06:17:15  BuildStamp: freesurfer-linux-ubuntu22_x86_64-7.3.2-20220804-6354275  User: oesteban  Machine: dna079  Platform: Linux  PlatformVersion: 5.14.0-427.37.1.el9_4.x86_64  CompilerName: GCC  CompilerVersion: 8.4.0
ProgramName: mri_fwhm  ProgramArguments: mri_fwhm -all-info  ProgramVersion: 7.3.2  TimeStamp: 2026/03/09-09:16:30-GMT  BuildTime: Aug  4 2022 06:17:15  BuildStamp: freesurfer-linux-ubuntu22_x86_64-7.3.2-20220804-6354275  User: oesteban  Machine: dna079  Platform: Linux  PlatformVersion: 5.14.0-427.37.1.el9_4.x86_64  CompilerName: GCC  CompilerVersion: 8.4.0
ProgramName: mri_gcut  ProgramArguments: mri_gcut -all-info  ProgramVersion: 7.3.2  TimeStamp: 2026/03/09-09:16:30-GMT  BuildTime: Aug  4 2022 06:17:15  BuildStamp: freesurfer-linux-ubuntu22_x86_64-7.3.2-20220804-6354275  User: oesteban  Machine: dna079  Platform: Linux  PlatformVersion: 5.14.0-427.37.1.el9_4.x86_64  CompilerName: GCC  CompilerVersion: 8.4.0
ProgramName: mri_info  ProgramArguments: mri_info -all-info  ProgramVersion: 7.3.2  TimeStamp: 2026/03/09-09:16:30-GMT  BuildTime: Aug  4 2022 06:17:15  BuildStamp: freesurfer-linux-ubuntu22_x86_64-7.3.2-20220804-6354275  User: oesteban  Machine: dna079  Platform: Linux  PlatformVersion: 5.14.0-427.37.1.el9_4.x86_64  CompilerName: GCC  CompilerVersion: 8.4.0
ProgramName: mri_label2label  ProgramArguments: mri_label2label -all-info  ProgramVersion: 7.3.2  TimeStamp: 2026/03/09-09:16:30-GMT  BuildTime: Aug  4 2022 06:17:15  BuildStamp: freesurfer-linux-ubuntu22_x86_64-7.3.2-20220804-6354275  User: oesteban  Machine: dna079  Platform: Linux  PlatformVersion: 5.14.0-427.37.1.el9_4.x86_64  CompilerName: GCC  CompilerVersion: 8.4.0
ProgramName: mri_label2vol  ProgramArguments: mri_label2vol -all-info  ProgramVersion: 7.3.2  TimeStamp: 2026/03/09-09:16:30-GMT  BuildTime: Aug  4 2022 06:17:15  BuildStamp: freesurfer-linux-ubuntu22_x86_64-7.3.2-20220804-6354275  User: oesteban  Machine: dna079  Platform: Linux  PlatformVersion: 5.14.0-427.37.1.el9_4.x86_64  CompilerName: GCC  CompilerVersion: 8.4.0
ProgramName: mri_log_likelihood  ProgramArguments: mri_log_likelihood -all-info  ProgramVersion: 7.3.2  TimeStamp: 2026/03/09-09:16:30-GMT  BuildTime: Aug  4 2022 06:17:15  BuildStamp: freesurfer-linux-ubuntu22_x86_64-7.3.2-20220804-6354275  User: oesteban  Machine: dna079  Platform: Linux  PlatformVersion: 5.14.0-427.37.1.el9_4.x86_64  CompilerName: GCC  CompilerVersion: 8.4.0
ProgramName: mri_mask  ProgramArguments: mri_mask -all-info  ProgramVersion: 7.3.2  TimeStamp: 2026/03/09-09:16:30-GMT  BuildTime: Aug  4 2022 06:17:15  BuildStamp: freesurfer-linux-ubuntu22_x86_64-7.3.2-20220804-6354275  User: oesteban  Machine: dna079  Platform: Linux  PlatformVersion: 5.14.0-427.37.1.el9_4.x86_64  CompilerName: GCC  CompilerVersion: 8.4.0
ProgramName: mri_matrix_multiply  ProgramArguments: mri_matrix_multiply -all-info  ProgramVersion: 7.3.2  TimeStamp: 2026/03/09-09:16:30-GMT  BuildTime: Aug  4 2022 06:17:15  BuildStamp: freesurfer-linux-ubuntu22_x86_64-7.3.2-20220804-6354275  User: oesteban  Machine: dna079  Platform: Linux  PlatformVersion: 5.14.0-427.37.1.el9_4.x86_64  CompilerName: GCC  CompilerVersion: 8.4.0
ProgramName: mri_normalize  ProgramArguments: mri_normalize -all-info  ProgramVersion: 7.3.2  TimeStamp: 2026/03/09-09:16:30-GMT  BuildTime: Aug  4 2022 06:17:15  BuildStamp: freesurfer-linux-ubuntu22_x86_64-7.3.2-20220804-6354275  User: oesteban  Machine: dna079  Platform: Linux  PlatformVersion: 5.14.0-427.37.1.el9_4.x86_64  CompilerName: GCC  CompilerVersion: 8.4.0
ProgramName: mri_normalize_tp2  ProgramArguments: mri_normalize_tp2 -all-info  ProgramVersion: 7.3.2  TimeStamp: 2026/03/09-09:16:30-GMT  BuildTime: Aug  4 2022 06:17:15  BuildStamp: freesurfer-linux-ubuntu22_x86_64-7.3.2-20220804-6354275  User: oesteban  Machine: dna079  Platform: Linux  PlatformVersion: 5.14.0-427.37.1.el9_4.x86_64  CompilerName: GCC  CompilerVersion: 8.4.0
ProgramName: mri_or  ProgramArguments: mri_or -all-info  ProgramVersion: 7.3.2  TimeStamp: 2026/03/09-09:16:30-GMT  BuildTime: Aug  4 2022 06:17:15  BuildStamp: freesurfer-linux-ubuntu22_x86_64-7.3.2-20220804-6354275  User: oesteban  Machine: dna079  Platform: Linux  PlatformVersion: 5.14.0-427.37.1.el9_4.x86_64  CompilerName: GCC  CompilerVersion: 8.4.0
ProgramName: mri_relabel_hypointensities  ProgramArguments: mri_relabel_hypointensities -all-info  ProgramVersion: 7.3.2  TimeStamp: 2026/03/09-09:16:30-GMT  BuildTime: Aug  4 2022 06:17:15  BuildStamp: freesurfer-linux-ubuntu22_x86_64-7.3.2-20220804-6354275  User: oesteban  Machine: dna079  Platform: Linux  PlatformVersion: 5.14.0-427.37.1.el9_4.x86_64  CompilerName: GCC  CompilerVersion: 8.4.0
ProgramName: mri_relabel_nonwm_hypos  ProgramArguments: mri_relabel_nonwm_hypos -all-info  ProgramVersion: 7.3.2  TimeStamp: 2026/03/09-09:16:30-GMT  BuildTime: Aug  4 2022 06:17:15  BuildStamp: freesurfer-linux-ubuntu22_x86_64-7.3.2-20220804-6354275  User: oesteban  Machine: dna079  Platform: Linux  PlatformVersion: 5.14.0-427.37.1.el9_4.x86_64  CompilerName: GCC  CompilerVersion: 8.4.0
ProgramName: mri_remove_neck  ProgramArguments: mri_remove_neck -all-info  ProgramVersion: 7.3.2  TimeStamp: 2026/03/09-09:16:30-GMT  BuildTime: Aug  4 2022 06:17:15  BuildStamp: freesurfer-linux-ubuntu22_x86_64-7.3.2-20220804-6354275  User: oesteban  Machine: dna079  Platform: Linux  PlatformVersion: 5.14.0-427.37.1.el9_4.x86_64  CompilerName: GCC  CompilerVersion: 8.4.0
7.3.2

ProgramName: mri_robust_register  ProgramArguments: mri_robust_register -all-info  ProgramVersion: 7.3.2  TimeStamp: 2026/03/09-09:16:30-GMT  BuildTime: Aug  4 2022 06:17:15  BuildStamp: freesurfer-linux-ubuntu22_x86_64-7.3.2-20220804-6354275  User: oesteban  Machine: dna079  Platform: Linux  PlatformVersion: 5.14.0-427.37.1.el9_4.x86_64  CompilerName: GCC  CompilerVersion: 8.4.0
7.3.2

ProgramName: mri_robust_template  ProgramArguments: mri_robust_template -all-info  ProgramVersion: 7.3.2  TimeStamp: 2026/03/09-09:16:30-GMT  BuildTime: Aug  4 2022 06:17:15  BuildStamp: freesurfer-linux-ubuntu22_x86_64-7.3.2-20220804-6354275  User: oesteban  Machine: dna079  Platform: Linux  PlatformVersion: 5.14.0-427.37.1.el9_4.x86_64  CompilerName: GCC  CompilerVersion: 8.4.0
ProgramName: mris_anatomical_stats  ProgramArguments: mris_anatomical_stats -all-info  ProgramVersion: 7.3.2  TimeStamp: 2026/03/09-09:16:30-GMT  BuildTime: Aug  4 2022 06:17:15  BuildStamp: freesurfer-linux-ubuntu22_x86_64-7.3.2-20220804-6354275  User: oesteban  Machine: dna079  Platform: Linux  PlatformVersion: 5.14.0-427.37.1.el9_4.x86_64  CompilerName: GCC  CompilerVersion: 8.4.0
ProgramName: mris_ca_label  ProgramArguments: mris_ca_label -all-info  ProgramVersion: 7.3.2  TimeStamp: 2026/03/09-09:16:30-GMT  BuildTime: Aug  4 2022 06:17:15  BuildStamp: freesurfer-linux-ubuntu22_x86_64-7.3.2-20220804-6354275  User: oesteban  Machine: dna079  Platform: Linux  PlatformVersion: 5.14.0-427.37.1.el9_4.x86_64  CompilerName: GCC  CompilerVersion: 8.4.0
ProgramName: mris_calc  ProgramArguments: mris_calc -all-info  ProgramVersion: 7.3.2  TimeStamp: 2026/03/09-09:16:30-GMT  BuildTime: Aug  4 2022 06:17:15  BuildStamp: freesurfer-linux-ubuntu22_x86_64-7.3.2-20220804-6354275  User: oesteban  Machine: dna079  Platform: Linux  PlatformVersion: 5.14.0-427.37.1.el9_4.x86_64  CompilerName: GCC  CompilerVersion: 8.4.0
ProgramName: mris_convert  ProgramArguments: mris_convert -all-info  ProgramVersion: 7.3.2  TimeStamp: 2026/03/09-09:16:30-GMT  BuildTime: Aug  4 2022 06:17:15  BuildStamp: freesurfer-linux-ubuntu22_x86_64-7.3.2-20220804-6354275  User: oesteban  Machine: dna079  Platform: Linux  PlatformVersion: 5.14.0-427.37.1.el9_4.x86_64  CompilerName: GCC  CompilerVersion: 8.4.0
ProgramName: mris_curvature  ProgramArguments: mris_curvature -all-info  ProgramVersion: 7.3.2  TimeStamp: 2026/03/09-09:16:30-GMT  BuildTime: Aug  4 2022 06:17:15  BuildStamp: freesurfer-linux-ubuntu22_x86_64-7.3.2-20220804-6354275  User: oesteban  Machine: dna079  Platform: Linux  PlatformVersion: 5.14.0-427.37.1.el9_4.x86_64  CompilerName: GCC  CompilerVersion: 8.4.0
ProgramName: mris_curvature_stats  ProgramArguments: mris_curvature_stats -all-info  ProgramVersion: 7.3.2  TimeStamp: 2026/03/09-09:16:30-GMT  BuildTime: Aug  4 2022 06:17:15  BuildStamp: freesurfer-linux-ubuntu22_x86_64-7.3.2-20220804-6354275  User: oesteban  Machine: dna079  Platform: Linux  PlatformVersion: 5.14.0-427.37.1.el9_4.x86_64  CompilerName: GCC  CompilerVersion: 8.4.0
ProgramName: mris_diff  ProgramArguments: mris_diff -all-info  ProgramVersion: 7.3.2  TimeStamp: 2026/03/09-09:16:30-GMT  BuildTime: Aug  4 2022 06:17:15  BuildStamp: freesurfer-linux-ubuntu22_x86_64-7.3.2-20220804-6354275  User: oesteban  Machine: dna079  Platform: Linux  PlatformVersion: 5.14.0-427.37.1.el9_4.x86_64  CompilerName: GCC  CompilerVersion: 8.4.0
ProgramName: mris_divide_parcellation  ProgramArguments: mris_divide_parcellation -all-info  ProgramVersion: 7.3.2  TimeStamp: 2026/03/09-09:16:30-GMT  BuildTime: Aug  4 2022 06:17:15  BuildStamp: freesurfer-linux-ubuntu22_x86_64-7.3.2-20220804-6354275  User: oesteban  Machine: dna079  Platform: Linux  PlatformVersion: 5.14.0-427.37.1.el9_4.x86_64  CompilerName: GCC  CompilerVersion: 8.4.0
ProgramName: mri_segment  ProgramArguments: mri_segment -all-info  ProgramVersion: 7.3.2  TimeStamp: 2026/03/09-09:16:30-GMT  BuildTime: Aug  4 2022 06:17:15  BuildStamp: freesurfer-linux-ubuntu22_x86_64-7.3.2-20220804-6354275  User: oesteban  Machine: dna079  Platform: Linux  PlatformVersion: 5.14.0-427.37.1.el9_4.x86_64  CompilerName: GCC  CompilerVersion: 8.4.0
ProgramName: mri_segstats  ProgramArguments: mri_segstats -all-info  ProgramVersion: 7.3.2  TimeStamp: 2026/03/09-09:16:30-GMT  BuildTime: Aug  4 2022 06:17:15  BuildStamp: freesurfer-linux-ubuntu22_x86_64-7.3.2-20220804-6354275  User: oesteban  Machine: dna079  Platform: Linux  PlatformVersion: 5.14.0-427.37.1.el9_4.x86_64  CompilerName: GCC  CompilerVersion: 8.4.0
ProgramName: mris_euler_number  ProgramArguments: mris_euler_number -all-info  ProgramVersion: 7.3.2  TimeStamp: 2026/03/09-09:16:30-GMT  BuildTime: Aug  4 2022 06:17:15  BuildStamp: freesurfer-linux-ubuntu22_x86_64-7.3.2-20220804-6354275  User: oesteban  Machine: dna079  Platform: Linux  PlatformVersion: 5.14.0-427.37.1.el9_4.x86_64  CompilerName: GCC  CompilerVersion: 8.4.0
ProgramName: mris_fix_topology  ProgramArguments: mris_fix_topology -all-info  ProgramVersion: 7.3.2  TimeStamp: 2026/03/09-09:16:30-GMT  BuildTime: Aug  4 2022 06:17:15  BuildStamp: freesurfer-linux-ubuntu22_x86_64-7.3.2-20220804-6354275  User: oesteban  Machine: dna079  Platform: Linux  PlatformVersion: 5.14.0-427.37.1.el9_4.x86_64  CompilerName: GCC  CompilerVersion: 8.4.0
ProgramName: mris_topo_fixer  ProgramArguments: mris_topo_fixer -all-info  ProgramVersion: 7.3.2  TimeStamp: 2026/03/09-09:16:30-GMT  BuildTime: Aug  4 2022 06:17:15  BuildStamp: freesurfer-linux-ubuntu22_x86_64-7.3.2-20220804-6354275  User: oesteban  Machine: dna079  Platform: Linux  PlatformVersion: 5.14.0-427.37.1.el9_4.x86_64  CompilerName: GCC  CompilerVersion: 8.4.0
ProgramName: mris_jacobian  ProgramArguments: mris_jacobian -all-info  ProgramVersion: 7.3.2  TimeStamp: 2026/03/09-09:16:30-GMT  BuildTime: Aug  4 2022 06:17:15  BuildStamp: freesurfer-linux-ubuntu22_x86_64-7.3.2-20220804-6354275  User: oesteban  Machine: dna079  Platform: Linux  PlatformVersion: 5.14.0-427.37.1.el9_4.x86_64  CompilerName: GCC  CompilerVersion: 8.4.0
ProgramName: mris_label2annot  ProgramArguments: mris_label2annot -all-info  ProgramVersion: 7.3.2  TimeStamp: 2026/03/09-09:16:30-GMT  BuildTime: Aug  4 2022 06:17:15  BuildStamp: freesurfer-linux-ubuntu22_x86_64-7.3.2-20220804-6354275  User: oesteban  Machine: dna079  Platform: Linux  PlatformVersion: 5.14.0-427.37.1.el9_4.x86_64  CompilerName: GCC  CompilerVersion: 8.4.0
ProgramName: mris_left_right_register  ProgramArguments: mris_left_right_register -all-info  ProgramVersion: 7.3.2  TimeStamp: 2026/03/09-09:16:30-GMT  BuildTime: Aug  4 2022 06:17:15  BuildStamp: freesurfer-linux-ubuntu22_x86_64-7.3.2-20220804-6354275  User: oesteban  Machine: dna079  Platform: Linux  PlatformVersion: 5.14.0-427.37.1.el9_4.x86_64  CompilerName: GCC  CompilerVersion: 8.4.0
ProgramName: mris_place_surface  ProgramArguments: mris_place_surface -all-info  ProgramVersion: 7.3.2  TimeStamp: 2026/03/09-09:16:30-GMT  BuildTime: Aug  4 2022 06:17:15  BuildStamp: freesurfer-linux-ubuntu22_x86_64-7.3.2-20220804-6354275  User: oesteban  Machine: dna079  Platform: Linux  PlatformVersion: 5.14.0-427.37.1.el9_4.x86_64  CompilerName: GCC  CompilerVersion: 8.4.0
ProgramName: mrisp_paint  ProgramArguments: mrisp_paint -all-info  ProgramVersion: 7.3.2  TimeStamp: 2026/03/09-09:16:30-GMT  BuildTime: Aug  4 2022 06:17:15  BuildStamp: freesurfer-linux-ubuntu22_x86_64-7.3.2-20220804-6354275  User: oesteban  Machine: dna079  Platform: Linux  PlatformVersion: 5.14.0-427.37.1.el9_4.x86_64  CompilerName: GCC  CompilerVersion: 8.4.0
ProgramName: mris_register  ProgramArguments: mris_register -all-info  ProgramVersion: 7.3.2  TimeStamp: 2026/03/09-09:16:30-GMT  BuildTime: Aug  4 2022 06:17:15  BuildStamp: freesurfer-linux-ubuntu22_x86_64-7.3.2-20220804-6354275  User: oesteban  Machine: dna079  Platform: Linux  PlatformVersion: 5.14.0-427.37.1.el9_4.x86_64  CompilerName: GCC  CompilerVersion: 8.4.0
ProgramName: mris_smooth  ProgramArguments: mris_smooth -all-info  ProgramVersion: 7.3.2  TimeStamp: 2026/03/09-09:16:30-GMT  BuildTime: Aug  4 2022 06:17:15  BuildStamp: freesurfer-linux-ubuntu22_x86_64-7.3.2-20220804-6354275  User: oesteban  Machine: dna079  Platform: Linux  PlatformVersion: 5.14.0-427.37.1.el9_4.x86_64  CompilerName: GCC  CompilerVersion: 8.4.0
ProgramName: mris_sphere  ProgramArguments: mris_sphere -all-info  ProgramVersion: 7.3.2  TimeStamp: 2026/03/09-09:16:30-GMT  BuildTime: Aug  4 2022 06:17:15  BuildStamp: freesurfer-linux-ubuntu22_x86_64-7.3.2-20220804-6354275  User: oesteban  Machine: dna079  Platform: Linux  PlatformVersion: 5.14.0-427.37.1.el9_4.x86_64  CompilerName: GCC  CompilerVersion: 8.4.0
ProgramName: mris_surface_stats  ProgramArguments: mris_surface_stats -all-info  ProgramVersion: 7.3.2  TimeStamp: 2026/03/09-09:16:30-GMT  BuildTime: Aug  4 2022 06:17:15  BuildStamp: freesurfer-linux-ubuntu22_x86_64-7.3.2-20220804-6354275  User: oesteban  Machine: dna079  Platform: Linux  PlatformVersion: 5.14.0-427.37.1.el9_4.x86_64  CompilerName: GCC  CompilerVersion: 8.4.0
ProgramName: mri_stats2seg  ProgramArguments: mri_stats2seg -all-info  ProgramVersion: 7.3.2  TimeStamp: 2026/03/09-09:16:30-GMT  BuildTime: Aug  4 2022 06:17:15  BuildStamp: freesurfer-linux-ubuntu22_x86_64-7.3.2-20220804-6354275  User: oesteban  Machine: dna079  Platform: Linux  PlatformVersion: 5.14.0-427.37.1.el9_4.x86_64  CompilerName: GCC  CompilerVersion: 8.4.0
ProgramName: mris_thickness  ProgramArguments: mris_thickness -all-info  ProgramVersion: 7.3.2  TimeStamp: 2026/03/09-09:16:30-GMT  BuildTime: Aug  4 2022 06:17:15  BuildStamp: freesurfer-linux-ubuntu22_x86_64-7.3.2-20220804-6354275  User: oesteban  Machine: dna079  Platform: Linux  PlatformVersion: 5.14.0-427.37.1.el9_4.x86_64  CompilerName: GCC  CompilerVersion: 8.4.0
ProgramName: mris_thickness_diff  ProgramArguments: mris_thickness_diff -all-info  ProgramVersion: 7.3.2  TimeStamp: 2026/03/09-09:16:30-GMT  BuildTime: Aug  4 2022 06:17:15  BuildStamp: freesurfer-linux-ubuntu22_x86_64-7.3.2-20220804-6354275  User: oesteban  Machine: dna079  Platform: Linux  PlatformVersion: 5.14.0-427.37.1.el9_4.x86_64  CompilerName: GCC  CompilerVersion: 8.4.0
ProgramName: mris_topo_fixer  ProgramArguments: mris_topo_fixer -all-info  ProgramVersion: 7.3.2  TimeStamp: 2026/03/09-09:16:30-GMT  BuildTime: Aug  4 2022 06:17:15  BuildStamp: freesurfer-linux-ubuntu22_x86_64-7.3.2-20220804-6354275  User: oesteban  Machine: dna079  Platform: Linux  PlatformVersion: 5.14.0-427.37.1.el9_4.x86_64  CompilerName: GCC  CompilerVersion: 8.4.0
ProgramName: mri_surf2surf  ProgramArguments: mri_surf2surf -all-info  ProgramVersion: 7.3.2  TimeStamp: 2026/03/09-09:16:30-GMT  BuildTime: Aug  4 2022 06:17:15  BuildStamp: freesurfer-linux-ubuntu22_x86_64-7.3.2-20220804-6354275  User: oesteban  Machine: dna079  Platform: Linux  PlatformVersion: 5.14.0-427.37.1.el9_4.x86_64  CompilerName: GCC  CompilerVersion: 8.4.0
ProgramName: mri_surf2vol  ProgramArguments: mri_surf2vol -all-info  ProgramVersion: 7.3.2  TimeStamp: 2026/03/09-09:16:30-GMT  BuildTime: Aug  4 2022 06:17:15  BuildStamp: freesurfer-linux-ubuntu22_x86_64-7.3.2-20220804-6354275  User: oesteban  Machine: dna079  Platform: Linux  PlatformVersion: 5.14.0-427.37.1.el9_4.x86_64  CompilerName: GCC  CompilerVersion: 8.4.0
ProgramName: mri_surfcluster  ProgramArguments: mri_surfcluster -all-info  ProgramVersion: 7.3.2  TimeStamp: 2026/03/09-09:16:30-GMT  BuildTime: Aug  4 2022 06:17:15  BuildStamp: freesurfer-linux-ubuntu22_x86_64-7.3.2-20220804-6354275  User: oesteban  Machine: dna079  Platform: Linux  PlatformVersion: 5.14.0-427.37.1.el9_4.x86_64  CompilerName: GCC  CompilerVersion: 8.4.0
ProgramName: mris_volmask  ProgramArguments: mris_volmask -all-info  ProgramVersion: 7.3.2  TimeStamp: 2026/03/09-09:16:30-GMT  BuildTime: Aug  4 2022 06:17:15  BuildStamp: freesurfer-linux-ubuntu22_x86_64-7.3.2-20220804-6354275  User: oesteban  Machine: dna079  Platform: Linux  PlatformVersion: 5.14.0-427.37.1.el9_4.x86_64  CompilerName: GCC  CompilerVersion: 8.4.0
ProgramName: mri_tessellate  ProgramArguments: mri_tessellate -all-info  ProgramVersion: 7.3.2  TimeStamp: 2026/03/09-09:16:30-GMT  BuildTime: Aug  4 2022 06:17:15  BuildStamp: freesurfer-linux-ubuntu22_x86_64-7.3.2-20220804-6354275  User: oesteban  Machine: dna079  Platform: Linux  PlatformVersion: 5.14.0-427.37.1.el9_4.x86_64  CompilerName: GCC  CompilerVersion: 8.4.0
ProgramName: mri_vol2surf  ProgramArguments: mri_vol2surf -all-info  ProgramVersion: 7.3.2  TimeStamp: 2026/03/09-09:16:30-GMT  BuildTime: Aug  4 2022 06:17:15  BuildStamp: freesurfer-linux-ubuntu22_x86_64-7.3.2-20220804-6354275  User: oesteban  Machine: dna079  Platform: Linux  PlatformVersion: 5.14.0-427.37.1.el9_4.x86_64  CompilerName: GCC  CompilerVersion: 8.4.0
ProgramName: mri_vol2vol  ProgramArguments: mri_vol2vol -all-info  ProgramVersion: 7.3.2  TimeStamp: 2026/03/09-09:16:30-GMT  BuildTime: Aug  4 2022 06:17:15  BuildStamp: freesurfer-linux-ubuntu22_x86_64-7.3.2-20220804-6354275  User: oesteban  Machine: dna079  Platform: Linux  PlatformVersion: 5.14.0-427.37.1.el9_4.x86_64  CompilerName: GCC  CompilerVersion: 8.4.0
ProgramName: mri_voldiff  ProgramArguments: mri_voldiff -all-info  ProgramVersion: 7.3.2  TimeStamp: 2026/03/09-09:16:30-GMT  BuildTime: Aug  4 2022 06:17:15  BuildStamp: freesurfer-linux-ubuntu22_x86_64-7.3.2-20220804-6354275  User: oesteban  Machine: dna079  Platform: Linux  PlatformVersion: 5.14.0-427.37.1.el9_4.x86_64  CompilerName: GCC  CompilerVersion: 8.4.0
ProgramName: mri_watershed  ProgramArguments: mri_watershed -all-info  ProgramVersion: 7.3.2  TimeStamp: 2026/03/09-09:16:30-GMT  BuildTime: Aug  4 2022 06:17:15  BuildStamp: freesurfer-linux-ubuntu22_x86_64-7.3.2-20220804-6354275  User: oesteban  Machine: dna079  Platform: Linux  PlatformVersion: 5.14.0-427.37.1.el9_4.x86_64  CompilerName: GCC  CompilerVersion: 8.4.0
ProgramName: tkregister2  ProgramArguments: tkregister2_cmdl -all-info  ProgramVersion: 7.3.2  TimeStamp: 2026/03/09-09:16:30-GMT  BuildTime: Aug  4 2022 06:17:15  BuildStamp: freesurfer-linux-ubuntu22_x86_64-7.3.2-20220804-6354275  User: oesteban  Machine: dna079  Platform: Linux  PlatformVersion: 5.14.0-427.37.1.el9_4.x86_64  CompilerName: GCC  CompilerVersion: 8.4.0
mri_motion_correct.fsl 7.3.2
mri_convert -all-info 
ProgramName: mri_convert  ProgramArguments: mri_convert -all-info  ProgramVersion: 7.3.2  TimeStamp: 2026/03/09-09:16:30-GMT  BuildTime: Aug  4 2022 06:17:15  BuildStamp: freesurfer-linux-ubuntu22_x86_64-7.3.2-20220804-6354275  User: oesteban  Machine: dna079  Platform: Linux  PlatformVersion: 5.14.0-427.37.1.el9_4.x86_64  CompilerName: GCC  CompilerVersion: 8.4.0
Program nu_correct, built from:
Package MNI N3, version 1.12.0, compiled by nicks@terrier (x86_64-unknown-linux-gnu) on 2015-06-19 at 01:25:34
#######################################
GCADIR /opt/freesurfer/average
GCA RB_all_2020-01-02.gca
GCASkull RB_all_withskull_2020_01_02.gca
AvgCurvTif folding.atlas.acfb40.noaparc.i12.2016-08-02.tif
GCSDIR /opt/freesurfer/average
GCS DKaparc.atlas.acfb40.noaparc.i12.2016-08-02.gcs
#######################################
#-------------------------------------
#@# EM Registration Mon Mar  9 10:16:30 CET 2026
/out/sourcedata/freesurfer/sub-v1s21x0050403_ses-1/mri

 mri_em_register -uns 3 -mask brainmask.mgz nu.mgz /opt/freesurfer/average/RB_all_2020-01-02.gca transforms/talairach.lta 

setting unknown_nbr_spacing = 3
using MR volume brainmask.mgz to mask input volume...

== Number of threads available to mri_em_register for OpenMP = 16 == 
reading 1 input volumes...
logging results to talairach.log
reading '/opt/freesurfer/average/RB_all_2020-01-02.gca'...
GCAread took 0 minutes and 1 seconds.
average std = 7.2   using min determinant for regularization = 5.2
0 singular and 884 ill-conditioned covariance matrices regularized
reading 'nu.mgz'...
MRImask(): AllowDiffGeom = 1
MRImask(): AllowDiffGeom = 1
MRImask(): AllowDiffGeom = 1
MRImask(): AllowDiffGeom = 1
MRImask(): AllowDiffGeom = 1
freeing gibbs priors...done.
accounting for voxel sizes in initial transform
bounding unknown intensity as < 5.9 or > 519.0 
total sample mean = 79.1 (1017 zeros)
************************************************
spacing=8, using 2841 sample points, tol=1.00e-05...
************************************************
register_mri: find_optimal_transform
find_optimal_transform: nsamples 2841, passno 0, spacing 8
resetting wm mean[0]: 98 --> 107
resetting gm mean[0]: 61 --> 61
input volume #1 is the most T1-like
using real data threshold=31.0
skull bounding box = (61, 42, 41) --> (197, 157, 215)
finding center of left hemi white matter
using (106, 80, 128) as brain centroid of Right_Cerebral_White_Matter...
MRImask(): AllowDiffGeom = 1
mean wm in atlas = 107, using box (89,66,107) --> (122, 94,149) to find MRI wm
before smoothing, mri peak at 105
robust fit to distribution - 105 +- 5.2
after smoothing, mri peak at 105, scaling input intensities by 1.019
scaling channel 0 by 1.01905
initial log_p = -4.433
************************************************
First Search limited to translation only.
************************************************
max log p =    -4.048033 @ (-10.526, 10.526, -10.526)
max log p =    -3.761442 @ (5.263, 5.263, -5.263)
max log p =    -3.761442 @ (0.000, 0.000, 0.000)
max log p =    -3.761442 @ (0.000, 0.000, 0.000)
max log p =    -3.745762 @ (1.974, -4.605, -0.658)
max log p =    -3.744686 @ (-0.987, -0.329, 0.329)
max log p =    -3.744686 @ (0.000, 0.000, 0.000)
max log p =    -3.744686 @ (0.000, 0.000, 0.000)
Found translation: (-4.3, 10.9, -16.1): log p = -3.745
****************************************
Nine parameter search.  iteration 0 nscales = 0 ...
****************************************
Result so far: scale 1.000: max_log_p=-3.671, old_max_log_p =-3.745 (thresh=-3.7)
 0.99144   0.00000   0.11095  -16.63938;
 0.00000   1.06375   0.00000   3.94253;
-0.14032   0.00000   0.90593   13.70679;
 0.00000   0.00000   0.00000   1.00000;
iteration took 0 minutes and 11 seconds.
****************************************
Nine parameter search.  iteration 1 nscales = 0 ...
****************************************
Result so far: scale 1.000: max_log_p=-3.671, old_max_log_p =-3.671 (thresh=-3.7)
 0.99144   0.00000   0.11095  -16.63938;
 0.00000   1.06375   0.00000   3.94253;
-0.14032   0.00000   0.90593   13.70679;
 0.00000   0.00000   0.00000   1.00000;
reducing scale to 0.2500
iteration took 0 minutes and 12 seconds.
****************************************
Nine parameter search.  iteration 2 nscales = 1 ...
****************************************
Result so far: scale 0.250: max_log_p=-3.594, old_max_log_p =-3.671 (thresh=-3.7)
 0.97673  -0.00438   0.08094  -10.58754;
 0.00408   1.06391   0.00258   3.07737;
-0.11074   0.00260   0.94307   5.03442;
 0.00000   0.00000   0.00000   1.00000;
iteration took 0 minutes and 10 seconds.
****************************************
Nine parameter search.  iteration 3 nscales = 1 ...
****************************************
Result so far: scale 0.250: max_log_p=-3.584, old_max_log_p =-3.594 (thresh=-3.6)
 0.95841  -0.00430   0.07942  -8.01148;
 0.00784   1.08319  -0.02881   6.18291;
-0.11055   0.03741   0.94265   3.16079;
 0.00000   0.00000   0.00000   1.00000;
iteration took 0 minutes and 10 seconds.
****************************************
Nine parameter search.  iteration 4 nscales = 1 ...
****************************************
Result so far: scale 0.250: max_log_p=-3.575, old_max_log_p =-3.584 (thresh=-3.6)
 0.97954  -0.00563   0.04945  -7.05711;
 0.00799   1.10350  -0.02935   2.18715;
-0.08061   0.03794   0.96246  -3.19449;
 0.00000   0.00000   0.00000   1.00000;
iteration took 0 minutes and 10 seconds.
****************************************
Nine parameter search.  iteration 5 nscales = 1 ...
****************************************
Result so far: scale 0.250: max_log_p=-3.575, old_max_log_p =-3.575 (thresh=-3.6)
 0.97954  -0.00563   0.04945  -7.05711;
 0.00799   1.10350  -0.02935   2.18715;
-0.08061   0.03794   0.96246  -3.19449;
 0.00000   0.00000   0.00000   1.00000;
reducing scale to 0.0625
iteration took 0 minutes and 10 seconds.
****************************************
Nine parameter search.  iteration 6 nscales = 2 ...
****************************************
Result so far: scale 0.062: max_log_p=-3.553, old_max_log_p =-3.575 (thresh=-3.6)
 0.97896  -0.02278   0.06598  -7.09933;
 0.02522   1.09864  -0.04387   2.18876;
-0.09649   0.05608   0.96091  -2.89099;
 0.00000   0.00000   0.00000   1.00000;
iteration took 0 minutes and 10 seconds.
****************************************
Nine parameter search.  iteration 7 nscales = 2 ...
****************************************
Result so far: scale 0.062: max_log_p=-3.553, old_max_log_p =-3.553 (thresh=-3.5)
 0.97896  -0.02278   0.06598  -7.09933;
 0.02522   1.09864  -0.04387   2.18876;
-0.09649   0.05608   0.96091  -2.89099;
 0.00000   0.00000   0.00000   1.00000;
min search scale 0.025000 reached
***********************************************
Computing MAP estimate using 2841 samples...
***********************************************
dt = 5.00e-06, momentum=0.80, tol=1.00e-05
l_intensity = 1.0000
Aligning input volume to GCA...
Transform matrix
 0.97896  -0.02278   0.06598  -7.09933;
 0.02522   1.09864  -0.04387   2.18876;
-0.09649   0.05608   0.96091  -2.89099;
 0.00000   0.00000   0.00000   1.00000;
nsamples 2841
Quasinewton: input matrix
 0.97896  -0.02278   0.06598  -7.09933;
 0.02522   1.09864  -0.04387   2.18876;
-0.09649   0.05608   0.96091  -2.89099;
 0.00000   0.00000   0.00000   1.00000;
 IFLAG= -1  LINE SEARCH FAILED. SEE DOCUMENTATION OF ROUTINE MCSRCH ERROR RETURN OF LINE SEARCH: INFO= 3 POSSIBLE CAUSES: FUNCTION OR GRADIENT ARE INCORRECT OR INCORRECT TOLERANCESoutof QuasiNewtonEMA: 010: -log(p) =   -0.0  tol 0.000010
Resulting transform:
 0.97896  -0.02278   0.06598  -7.09933;
 0.02522   1.09864  -0.04387   2.18876;
-0.09649   0.05608   0.96091  -2.89099;
 0.00000   0.00000   0.00000   1.00000;

pass 1, spacing 8: log(p) = -3.553 (old=-4.433)
transform before final EM align:
 0.97896  -0.02278   0.06598  -7.09933;
 0.02522   1.09864  -0.04387   2.18876;
-0.09649   0.05608   0.96091  -2.89099;
 0.00000   0.00000   0.00000   1.00000;

**************************************************
 EM alignment process ...
 Computing final MAP estimate using 315638 samples. 
**************************************************
dt = 5.00e-06, momentum=0.80, tol=1.00e-07
l_intensity = 1.0000
Aligning input volume to GCA...
Transform matrix
 0.97896  -0.02278   0.06598  -7.09933;
 0.02522   1.09864  -0.04387   2.18876;
-0.09649   0.05608   0.96091  -2.89099;
 0.00000   0.00000   0.00000   1.00000;
nsamples 315638
Quasinewton: input matrix
 0.97896  -0.02278   0.06598  -7.09933;
 0.02522   1.09864  -0.04387   2.18876;
-0.09649   0.05608   0.96091  -2.89099;
 0.00000   0.00000   0.00000   1.00000;
 IFLAG= -1  LINE SEARCH FAILED. SEE DOCUMENTATION OF ROUTINE MCSRCH ERROR RETURN OF LINE SEARCH: INFO= 6 POSSIBLE CAUSES: FUNCTION OR GRADIENT ARE INCORRECT OR INCORRECT TOLERANCESoutof QuasiNewtonEMA: 012: -log(p) =    4.0  tol 0.000000
final transform:
 0.97896  -0.02278   0.06598  -7.09933;
 0.02522   1.09864  -0.04387   2.18876;
-0.09649   0.05608   0.96091  -2.89099;
 0.00000   0.00000   0.00000   1.00000;

writing output transformation to transforms/talairach.lta...
#VMPC# mri_em_register VmPeak  891280
FSRUNTIME@ mri_em_register  0.0297 hours 16 threads
registration took 1 minutes and 47 seconds.

Started at Mon Mar 9 10:16:30 CET 2026 
Ended   at Mon Mar 9 10:18:17 CET 2026
#@#%# recon-all-run-time-hours 0.030
recon-all -s sub-v1s21x0050403_ses-1 finished without error at Mon Mar  9 10:18:17 CET 2026



#New# invocation of recon-all 




Mon Mar  9 10:18:21 CET 2026
cd /out/sourcedata/freesurfer/sub-v1s21x0050403_ses-1
setenv SUBJECTS_DIR /out/sourcedata/freesurfer
/opt/freesurfer/bin/recon-all -autorecon2-volonly -openmp 16 -subjid sub-v1s21x0050403_ses-1 -sd /out/sourcedata/freesurfer -nogcareg

subjid sub-v1s21x0050403_ses-1
setenv SUBJECTS_DIR /out/sourcedata/freesurfer
FREESURFER_HOME /opt/freesurfer
Actual FREESURFER_HOME /opt/freesurfer
build-stamp.txt: freesurfer-linux-ubuntu22_x86_64-7.3.2-20220804-6354275
Linux dna079 5.14.0-427.37.1.el9_4.x86_64 #1 SMP PREEMPT_DYNAMIC Fri Sep 13 12:41:50 EDT 2024 x86_64 x86_64 x86_64 GNU/Linux
cputime      unlimited
filesize     unlimited
datasize     unlimited
stacksize    8192 kbytes
coredumpsize 0 kbytes
memoryuse    67108864 kbytes
vmemoryuse   unlimited
descriptors  1024 
memorylocked unlimited
maxproc      2061970 
maxlocks     unlimited
maxsignal    2062029 
maxmessage   819200 
maxnice      0 
maxrtprio    0 
maxrttime    unlimited

               total        used        free      shared  buff/cache   available
Mem:           503Gi        50Gi       390Gi       9.2Gi        62Gi       440Gi
Swap:             0B          0B          0B

########################################
program versions used
7.3.2 (freesurfer-linux-ubuntu22_x86_64-7.3.2-20220804-6354275)
7.3.2

ProgramName: lta_convert  ProgramArguments: lta_convert -all-info  ProgramVersion: 7.3.2  TimeStamp: 2026/03/09-09:18:21-GMT  BuildTime: Aug  4 2022 06:17:15  BuildStamp: freesurfer-linux-ubuntu22_x86_64-7.3.2-20220804-6354275  User: oesteban  Machine: dna079  Platform: Linux  PlatformVersion: 5.14.0-427.37.1.el9_4.x86_64  CompilerName: GCC  CompilerVersion: 8.4.0
ProgramName: mri_and  ProgramArguments: mri_and -all-info  ProgramVersion: 7.3.2  TimeStamp: 2026/03/09-09:18:21-GMT  BuildTime: Aug  4 2022 06:17:15  BuildStamp: freesurfer-linux-ubuntu22_x86_64-7.3.2-20220804-6354275  User: oesteban  Machine: dna079  Platform: Linux  PlatformVersion: 5.14.0-427.37.1.el9_4.x86_64  CompilerName: GCC  CompilerVersion: 8.4.0
ProgramName: mri_annotation2label  ProgramArguments: mri_annotation2label -all-info  ProgramVersion: 7.3.2  TimeStamp: 2026/03/09-09:18:21-GMT  BuildTime: Aug  4 2022 06:17:15  BuildStamp: freesurfer-linux-ubuntu22_x86_64-7.3.2-20220804-6354275  User: oesteban  Machine: dna079  Platform: Linux  PlatformVersion: 5.14.0-427.37.1.el9_4.x86_64  CompilerName: GCC  CompilerVersion: 8.4.0
ProgramName: mri_aparc2aseg  ProgramArguments: mri_aparc2aseg -all-info  ProgramVersion: 7.3.2  TimeStamp: 2026/03/09-09:18:21-GMT  BuildTime: Aug  4 2022 06:17:15  BuildStamp: freesurfer-linux-ubuntu22_x86_64-7.3.2-20220804-6354275  User: oesteban  Machine: dna079  Platform: Linux  PlatformVersion: 5.14.0-427.37.1.el9_4.x86_64  CompilerName: GCC  CompilerVersion: 8.4.0
ProgramName: mri_surf2volseg  ProgramArguments: mri_surf2volseg -all-info  ProgramVersion: 7.3.2  TimeStamp: 2026/03/09-09:18:21-GMT  BuildTime: Aug  4 2022 06:17:15  BuildStamp: freesurfer-linux-ubuntu22_x86_64-7.3.2-20220804-6354275  User: oesteban  Machine: dna079  Platform: Linux  PlatformVersion: 5.14.0-427.37.1.el9_4.x86_64  CompilerName: GCC  CompilerVersion: 8.4.0
ProgramName: mri_binarize  ProgramArguments: mri_binarize -all-info  ProgramVersion: 7.3.2  TimeStamp: 2026/03/09-09:18:21-GMT  BuildTime: Aug  4 2022 06:17:15  BuildStamp: freesurfer-linux-ubuntu22_x86_64-7.3.2-20220804-6354275  User: oesteban  Machine: dna079  Platform: Linux  PlatformVersion: 5.14.0-427.37.1.el9_4.x86_64  CompilerName: GCC  CompilerVersion: 8.4.0
ProgramName: mri_ca_label  ProgramArguments: mri_ca_label -all-info  ProgramVersion: 7.3.2  TimeStamp: 2026/03/09-09:18:21-GMT  BuildTime: Aug  4 2022 06:17:15  BuildStamp: freesurfer-linux-ubuntu22_x86_64-7.3.2-20220804-6354275  User: oesteban  Machine: dna079  Platform: Linux  PlatformVersion: 5.14.0-427.37.1.el9_4.x86_64  CompilerName: GCC  CompilerVersion: 8.4.0
ProgramName: mri_ca_normalize  ProgramArguments: mri_ca_normalize -all-info  ProgramVersion: 7.3.2  TimeStamp: 2026/03/09-09:18:21-GMT  BuildTime: Aug  4 2022 06:17:15  BuildStamp: freesurfer-linux-ubuntu22_x86_64-7.3.2-20220804-6354275  User: oesteban  Machine: dna079  Platform: Linux  PlatformVersion: 5.14.0-427.37.1.el9_4.x86_64  CompilerName: GCC  CompilerVersion: 8.4.0
ProgramName: mri_ca_register  ProgramArguments: mri_ca_register -all-info  ProgramVersion: 7.3.2  TimeStamp: 2026/03/09-09:18:21-GMT  BuildTime: Aug  4 2022 06:17:15  BuildStamp: freesurfer-linux-ubuntu22_x86_64-7.3.2-20220804-6354275  User: oesteban  Machine: dna079  Platform: Linux  PlatformVersion: 5.14.0-427.37.1.el9_4.x86_64  CompilerName: GCC  CompilerVersion: 8.4.0
ProgramName: mri_cc  ProgramArguments: mri_cc -all-info  ProgramVersion: 7.3.2  TimeStamp: 2026/03/09-09:18:21-GMT  BuildTime: Aug  4 2022 06:17:15  BuildStamp: freesurfer-linux-ubuntu22_x86_64-7.3.2-20220804-6354275  User: oesteban  Machine: dna079  Platform: Linux  PlatformVersion: 5.14.0-427.37.1.el9_4.x86_64  CompilerName: GCC  CompilerVersion: 8.4.0
ProgramName: mri_compute_overlap  ProgramArguments: mri_compute_overlap -all-info  ProgramVersion: 7.3.2  TimeStamp: 2026/03/09-09:18:21-GMT  BuildTime: Aug  4 2022 06:17:15  BuildStamp: freesurfer-linux-ubuntu22_x86_64-7.3.2-20220804-6354275  User: oesteban  Machine: dna079  Platform: Linux  PlatformVersion: 5.14.0-427.37.1.el9_4.x86_64  CompilerName: GCC  CompilerVersion: 8.4.0
ProgramName: mri_compute_seg_overlap  ProgramArguments: mri_compute_seg_overlap -all-info  ProgramVersion: 7.3.2  TimeStamp: 2026/03/09-09:18:21-GMT  BuildTime: Aug  4 2022 06:17:15  BuildStamp: freesurfer-linux-ubuntu22_x86_64-7.3.2-20220804-6354275  User: oesteban  Machine: dna079  Platform: Linux  PlatformVersion: 5.14.0-427.37.1.el9_4.x86_64  CompilerName: GCC  CompilerVersion: 8.4.0
ProgramName: mri_concat  ProgramArguments: mri_concat -all-info  ProgramVersion: 7.3.2  TimeStamp: 2026/03/09-09:18:21-GMT  BuildTime: Aug  4 2022 06:17:15  BuildStamp: freesurfer-linux-ubuntu22_x86_64-7.3.2-20220804-6354275  User: oesteban  Machine: dna079  Platform: Linux  PlatformVersion: 5.14.0-427.37.1.el9_4.x86_64  CompilerName: GCC  CompilerVersion: 8.4.0
ProgramName: mri_concatenate_lta  ProgramArguments: mri_concatenate_lta -all-info  ProgramVersion: 7.3.2  TimeStamp: 2026/03/09-09:18:21-GMT  BuildTime: Aug  4 2022 06:17:15  BuildStamp: freesurfer-linux-ubuntu22_x86_64-7.3.2-20220804-6354275  User: oesteban  Machine: dna079  Platform: Linux  PlatformVersion: 5.14.0-427.37.1.el9_4.x86_64  CompilerName: GCC  CompilerVersion: 8.4.0
mri_convert -all-info 
ProgramName: mri_convert  ProgramArguments: mri_convert -all-info  ProgramVersion: 7.3.2  TimeStamp: 2026/03/09-09:18:21-GMT  BuildTime: Aug  4 2022 06:17:15  BuildStamp: freesurfer-linux-ubuntu22_x86_64-7.3.2-20220804-6354275  User: oesteban  Machine: dna079  Platform: Linux  PlatformVersion: 5.14.0-427.37.1.el9_4.x86_64  CompilerName: GCC  CompilerVersion: 8.4.0
ProgramName: mri_diff  ProgramArguments: mri_diff -all-info  ProgramVersion: 7.3.2  TimeStamp: 2026/03/09-09:18:21-GMT  BuildTime: Aug  4 2022 06:17:15  BuildStamp: freesurfer-linux-ubuntu22_x86_64-7.3.2-20220804-6354275  User: oesteban  Machine: dna079  Platform: Linux  PlatformVersion: 5.14.0-427.37.1.el9_4.x86_64  CompilerName: GCC  CompilerVersion: 8.4.0
ProgramName: mri_edit_wm_with_aseg  ProgramArguments: mri_edit_wm_with_aseg -all-info  ProgramVersion: 7.3.2  TimeStamp: 2026/03/09-09:18:21-GMT  BuildTime: Aug  4 2022 06:17:15  BuildStamp: freesurfer-linux-ubuntu22_x86_64-7.3.2-20220804-6354275  User: oesteban  Machine: dna079  Platform: Linux  PlatformVersion: 5.14.0-427.37.1.el9_4.x86_64  CompilerName: GCC  CompilerVersion: 8.4.0
ProgramName: mri_em_register  ProgramArguments: mri_em_register -all-info  ProgramVersion: 7.3.2  TimeStamp: 2026/03/09-09:18:21-GMT  BuildTime: Aug  4 2022 06:17:15  BuildStamp: freesurfer-linux-ubuntu22_x86_64-7.3.2-20220804-6354275  User: oesteban  Machine: dna079  Platform: Linux  PlatformVersion: 5.14.0-427.37.1.el9_4.x86_64  CompilerName: GCC  CompilerVersion: 8.4.0
ProgramName: mri_fill  ProgramArguments: mri_fill -all-info  ProgramVersion: 7.3.2  TimeStamp: 2026/03/09-09:18:21-GMT  BuildTime: Aug  4 2022 06:17:15  BuildStamp: freesurfer-linux-ubuntu22_x86_64-7.3.2-20220804-6354275  User: oesteban  Machine: dna079  Platform: Linux  PlatformVersion: 5.14.0-427.37.1.el9_4.x86_64  CompilerName: GCC  CompilerVersion: 8.4.0
ProgramName: mri_fuse_segmentations  ProgramArguments: mri_fuse_segmentations -all-info  ProgramVersion: 7.3.2  TimeStamp: 2026/03/09-09:18:21-GMT  BuildTime: Aug  4 2022 06:17:15  BuildStamp: freesurfer-linux-ubuntu22_x86_64-7.3.2-20220804-6354275  User: oesteban  Machine: dna079  Platform: Linux  PlatformVersion: 5.14.0-427.37.1.el9_4.x86_64  CompilerName: GCC  CompilerVersion: 8.4.0
ProgramName: mri_fwhm  ProgramArguments: mri_fwhm -all-info  ProgramVersion: 7.3.2  TimeStamp: 2026/03/09-09:18:21-GMT  BuildTime: Aug  4 2022 06:17:15  BuildStamp: freesurfer-linux-ubuntu22_x86_64-7.3.2-20220804-6354275  User: oesteban  Machine: dna079  Platform: Linux  PlatformVersion: 5.14.0-427.37.1.el9_4.x86_64  CompilerName: GCC  CompilerVersion: 8.4.0
ProgramName: mri_gcut  ProgramArguments: mri_gcut -all-info  ProgramVersion: 7.3.2  TimeStamp: 2026/03/09-09:18:21-GMT  BuildTime: Aug  4 2022 06:17:15  BuildStamp: freesurfer-linux-ubuntu22_x86_64-7.3.2-20220804-6354275  User: oesteban  Machine: dna079  Platform: Linux  PlatformVersion: 5.14.0-427.37.1.el9_4.x86_64  CompilerName: GCC  CompilerVersion: 8.4.0
ProgramName: mri_info  ProgramArguments: mri_info -all-info  ProgramVersion: 7.3.2  TimeStamp: 2026/03/09-09:18:21-GMT  BuildTime: Aug  4 2022 06:17:15  BuildStamp: freesurfer-linux-ubuntu22_x86_64-7.3.2-20220804-6354275  User: oesteban  Machine: dna079  Platform: Linux  PlatformVersion: 5.14.0-427.37.1.el9_4.x86_64  CompilerName: GCC  CompilerVersion: 8.4.0
ProgramName: mri_label2label  ProgramArguments: mri_label2label -all-info  ProgramVersion: 7.3.2  TimeStamp: 2026/03/09-09:18:21-GMT  BuildTime: Aug  4 2022 06:17:15  BuildStamp: freesurfer-linux-ubuntu22_x86_64-7.3.2-20220804-6354275  User: oesteban  Machine: dna079  Platform: Linux  PlatformVersion: 5.14.0-427.37.1.el9_4.x86_64  CompilerName: GCC  CompilerVersion: 8.4.0
ProgramName: mri_label2vol  ProgramArguments: mri_label2vol -all-info  ProgramVersion: 7.3.2  TimeStamp: 2026/03/09-09:18:21-GMT  BuildTime: Aug  4 2022 06:17:15  BuildStamp: freesurfer-linux-ubuntu22_x86_64-7.3.2-20220804-6354275  User: oesteban  Machine: dna079  Platform: Linux  PlatformVersion: 5.14.0-427.37.1.el9_4.x86_64  CompilerName: GCC  CompilerVersion: 8.4.0
ProgramName: mri_log_likelihood  ProgramArguments: mri_log_likelihood -all-info  ProgramVersion: 7.3.2  TimeStamp: 2026/03/09-09:18:21-GMT  BuildTime: Aug  4 2022 06:17:15  BuildStamp: freesurfer-linux-ubuntu22_x86_64-7.3.2-20220804-6354275  User: oesteban  Machine: dna079  Platform: Linux  PlatformVersion: 5.14.0-427.37.1.el9_4.x86_64  CompilerName: GCC  CompilerVersion: 8.4.0
ProgramName: mri_mask  ProgramArguments: mri_mask -all-info  ProgramVersion: 7.3.2  TimeStamp: 2026/03/09-09:18:21-GMT  BuildTime: Aug  4 2022 06:17:15  BuildStamp: freesurfer-linux-ubuntu22_x86_64-7.3.2-20220804-6354275  User: oesteban  Machine: dna079  Platform: Linux  PlatformVersion: 5.14.0-427.37.1.el9_4.x86_64  CompilerName: GCC  CompilerVersion: 8.4.0
ProgramName: mri_matrix_multiply  ProgramArguments: mri_matrix_multiply -all-info  ProgramVersion: 7.3.2  TimeStamp: 2026/03/09-09:18:21-GMT  BuildTime: Aug  4 2022 06:17:15  BuildStamp: freesurfer-linux-ubuntu22_x86_64-7.3.2-20220804-6354275  User: oesteban  Machine: dna079  Platform: Linux  PlatformVersion: 5.14.0-427.37.1.el9_4.x86_64  CompilerName: GCC  CompilerVersion: 8.4.0
ProgramName: mri_normalize  ProgramArguments: mri_normalize -all-info  ProgramVersion: 7.3.2  TimeStamp: 2026/03/09-09:18:21-GMT  BuildTime: Aug  4 2022 06:17:15  BuildStamp: freesurfer-linux-ubuntu22_x86_64-7.3.2-20220804-6354275  User: oesteban  Machine: dna079  Platform: Linux  PlatformVersion: 5.14.0-427.37.1.el9_4.x86_64  CompilerName: GCC  CompilerVersion: 8.4.0
ProgramName: mri_normalize_tp2  ProgramArguments: mri_normalize_tp2 -all-info  ProgramVersion: 7.3.2  TimeStamp: 2026/03/09-09:18:21-GMT  BuildTime: Aug  4 2022 06:17:15  BuildStamp: freesurfer-linux-ubuntu22_x86_64-7.3.2-20220804-6354275  User: oesteban  Machine: dna079  Platform: Linux  PlatformVersion: 5.14.0-427.37.1.el9_4.x86_64  CompilerName: GCC  CompilerVersion: 8.4.0
ProgramName: mri_or  ProgramArguments: mri_or -all-info  ProgramVersion: 7.3.2  TimeStamp: 2026/03/09-09:18:21-GMT  BuildTime: Aug  4 2022 06:17:15  BuildStamp: freesurfer-linux-ubuntu22_x86_64-7.3.2-20220804-6354275  User: oesteban  Machine: dna079  Platform: Linux  PlatformVersion: 5.14.0-427.37.1.el9_4.x86_64  CompilerName: GCC  CompilerVersion: 8.4.0
ProgramName: mri_relabel_hypointensities  ProgramArguments: mri_relabel_hypointensities -all-info  ProgramVersion: 7.3.2  TimeStamp: 2026/03/09-09:18:21-GMT  BuildTime: Aug  4 2022 06:17:15  BuildStamp: freesurfer-linux-ubuntu22_x86_64-7.3.2-20220804-6354275  User: oesteban  Machine: dna079  Platform: Linux  PlatformVersion: 5.14.0-427.37.1.el9_4.x86_64  CompilerName: GCC  CompilerVersion: 8.4.0
ProgramName: mri_relabel_nonwm_hypos  ProgramArguments: mri_relabel_nonwm_hypos -all-info  ProgramVersion: 7.3.2  TimeStamp: 2026/03/09-09:18:21-GMT  BuildTime: Aug  4 2022 06:17:15  BuildStamp: freesurfer-linux-ubuntu22_x86_64-7.3.2-20220804-6354275  User: oesteban  Machine: dna079  Platform: Linux  PlatformVersion: 5.14.0-427.37.1.el9_4.x86_64  CompilerName: GCC  CompilerVersion: 8.4.0
ProgramName: mri_remove_neck  ProgramArguments: mri_remove_neck -all-info  ProgramVersion: 7.3.2  TimeStamp: 2026/03/09-09:18:21-GMT  BuildTime: Aug  4 2022 06:17:15  BuildStamp: freesurfer-linux-ubuntu22_x86_64-7.3.2-20220804-6354275  User: oesteban  Machine: dna079  Platform: Linux  PlatformVersion: 5.14.0-427.37.1.el9_4.x86_64  CompilerName: GCC  CompilerVersion: 8.4.0
7.3.2

ProgramName: mri_robust_register  ProgramArguments: mri_robust_register -all-info  ProgramVersion: 7.3.2  TimeStamp: 2026/03/09-09:18:21-GMT  BuildTime: Aug  4 2022 06:17:15  BuildStamp: freesurfer-linux-ubuntu22_x86_64-7.3.2-20220804-6354275  User: oesteban  Machine: dna079  Platform: Linux  PlatformVersion: 5.14.0-427.37.1.el9_4.x86_64  CompilerName: GCC  CompilerVersion: 8.4.0
7.3.2

ProgramName: mri_robust_template  ProgramArguments: mri_robust_template -all-info  ProgramVersion: 7.3.2  TimeStamp: 2026/03/09-09:18:21-GMT  BuildTime: Aug  4 2022 06:17:15  BuildStamp: freesurfer-linux-ubuntu22_x86_64-7.3.2-20220804-6354275  User: oesteban  Machine: dna079  Platform: Linux  PlatformVersion: 5.14.0-427.37.1.el9_4.x86_64  CompilerName: GCC  CompilerVersion: 8.4.0
ProgramName: mris_anatomical_stats  ProgramArguments: mris_anatomical_stats -all-info  ProgramVersion: 7.3.2  TimeStamp: 2026/03/09-09:18:21-GMT  BuildTime: Aug  4 2022 06:17:15  BuildStamp: freesurfer-linux-ubuntu22_x86_64-7.3.2-20220804-6354275  User: oesteban  Machine: dna079  Platform: Linux  PlatformVersion: 5.14.0-427.37.1.el9_4.x86_64  CompilerName: GCC  CompilerVersion: 8.4.0
ProgramName: mris_ca_label  ProgramArguments: mris_ca_label -all-info  ProgramVersion: 7.3.2  TimeStamp: 2026/03/09-09:18:21-GMT  BuildTime: Aug  4 2022 06:17:15  BuildStamp: freesurfer-linux-ubuntu22_x86_64-7.3.2-20220804-6354275  User: oesteban  Machine: dna079  Platform: Linux  PlatformVersion: 5.14.0-427.37.1.el9_4.x86_64  CompilerName: GCC  CompilerVersion: 8.4.0
ProgramName: mris_calc  ProgramArguments: mris_calc -all-info  ProgramVersion: 7.3.2  TimeStamp: 2026/03/09-09:18:21-GMT  BuildTime: Aug  4 2022 06:17:15  BuildStamp: freesurfer-linux-ubuntu22_x86_64-7.3.2-20220804-6354275  User: oesteban  Machine: dna079  Platform: Linux  PlatformVersion: 5.14.0-427.37.1.el9_4.x86_64  CompilerName: GCC  CompilerVersion: 8.4.0
ProgramName: mris_convert  ProgramArguments: mris_convert -all-info  ProgramVersion: 7.3.2  TimeStamp: 2026/03/09-09:18:21-GMT  BuildTime: Aug  4 2022 06:17:15  BuildStamp: freesurfer-linux-ubuntu22_x86_64-7.3.2-20220804-6354275  User: oesteban  Machine: dna079  Platform: Linux  PlatformVersion: 5.14.0-427.37.1.el9_4.x86_64  CompilerName: GCC  CompilerVersion: 8.4.0
ProgramName: mris_curvature  ProgramArguments: mris_curvature -all-info  ProgramVersion: 7.3.2  TimeStamp: 2026/03/09-09:18:21-GMT  BuildTime: Aug  4 2022 06:17:15  BuildStamp: freesurfer-linux-ubuntu22_x86_64-7.3.2-20220804-6354275  User: oesteban  Machine: dna079  Platform: Linux  PlatformVersion: 5.14.0-427.37.1.el9_4.x86_64  CompilerName: GCC  CompilerVersion: 8.4.0
ProgramName: mris_curvature_stats  ProgramArguments: mris_curvature_stats -all-info  ProgramVersion: 7.3.2  TimeStamp: 2026/03/09-09:18:21-GMT  BuildTime: Aug  4 2022 06:17:15  BuildStamp: freesurfer-linux-ubuntu22_x86_64-7.3.2-20220804-6354275  User: oesteban  Machine: dna079  Platform: Linux  PlatformVersion: 5.14.0-427.37.1.el9_4.x86_64  CompilerName: GCC  CompilerVersion: 8.4.0
ProgramName: mris_diff  ProgramArguments: mris_diff -all-info  ProgramVersion: 7.3.2  TimeStamp: 2026/03/09-09:18:21-GMT  BuildTime: Aug  4 2022 06:17:15  BuildStamp: freesurfer-linux-ubuntu22_x86_64-7.3.2-20220804-6354275  User: oesteban  Machine: dna079  Platform: Linux  PlatformVersion: 5.14.0-427.37.1.el9_4.x86_64  CompilerName: GCC  CompilerVersion: 8.4.0
ProgramName: mris_divide_parcellation  ProgramArguments: mris_divide_parcellation -all-info  ProgramVersion: 7.3.2  TimeStamp: 2026/03/09-09:18:21-GMT  BuildTime: Aug  4 2022 06:17:15  BuildStamp: freesurfer-linux-ubuntu22_x86_64-7.3.2-20220804-6354275  User: oesteban  Machine: dna079  Platform: Linux  PlatformVersion: 5.14.0-427.37.1.el9_4.x86_64  CompilerName: GCC  CompilerVersion: 8.4.0
ProgramName: mri_segment  ProgramArguments: mri_segment -all-info  ProgramVersion: 7.3.2  TimeStamp: 2026/03/09-09:18:21-GMT  BuildTime: Aug  4 2022 06:17:15  BuildStamp: freesurfer-linux-ubuntu22_x86_64-7.3.2-20220804-6354275  User: oesteban  Machine: dna079  Platform: Linux  PlatformVersion: 5.14.0-427.37.1.el9_4.x86_64  CompilerName: GCC  CompilerVersion: 8.4.0
ProgramName: mri_segstats  ProgramArguments: mri_segstats -all-info  ProgramVersion: 7.3.2  TimeStamp: 2026/03/09-09:18:21-GMT  BuildTime: Aug  4 2022 06:17:15  BuildStamp: freesurfer-linux-ubuntu22_x86_64-7.3.2-20220804-6354275  User: oesteban  Machine: dna079  Platform: Linux  PlatformVersion: 5.14.0-427.37.1.el9_4.x86_64  CompilerName: GCC  CompilerVersion: 8.4.0
ProgramName: mris_euler_number  ProgramArguments: mris_euler_number -all-info  ProgramVersion: 7.3.2  TimeStamp: 2026/03/09-09:18:21-GMT  BuildTime: Aug  4 2022 06:17:15  BuildStamp: freesurfer-linux-ubuntu22_x86_64-7.3.2-20220804-6354275  User: oesteban  Machine: dna079  Platform: Linux  PlatformVersion: 5.14.0-427.37.1.el9_4.x86_64  CompilerName: GCC  CompilerVersion: 8.4.0
ProgramName: mris_fix_topology  ProgramArguments: mris_fix_topology -all-info  ProgramVersion: 7.3.2  TimeStamp: 2026/03/09-09:18:21-GMT  BuildTime: Aug  4 2022 06:17:15  BuildStamp: freesurfer-linux-ubuntu22_x86_64-7.3.2-20220804-6354275  User: oesteban  Machine: dna079  Platform: Linux  PlatformVersion: 5.14.0-427.37.1.el9_4.x86_64  CompilerName: GCC  CompilerVersion: 8.4.0
ProgramName: mris_topo_fixer  ProgramArguments: mris_topo_fixer -all-info  ProgramVersion: 7.3.2  TimeStamp: 2026/03/09-09:18:21-GMT  BuildTime: Aug  4 2022 06:17:15  BuildStamp: freesurfer-linux-ubuntu22_x86_64-7.3.2-20220804-6354275  User: oesteban  Machine: dna079  Platform: Linux  PlatformVersion: 5.14.0-427.37.1.el9_4.x86_64  CompilerName: GCC  CompilerVersion: 8.4.0
ProgramName: mris_jacobian  ProgramArguments: mris_jacobian -all-info  ProgramVersion: 7.3.2  TimeStamp: 2026/03/09-09:18:21-GMT  BuildTime: Aug  4 2022 06:17:15  BuildStamp: freesurfer-linux-ubuntu22_x86_64-7.3.2-20220804-6354275  User: oesteban  Machine: dna079  Platform: Linux  PlatformVersion: 5.14.0-427.37.1.el9_4.x86_64  CompilerName: GCC  CompilerVersion: 8.4.0
ProgramName: mris_label2annot  ProgramArguments: mris_label2annot -all-info  ProgramVersion: 7.3.2  TimeStamp: 2026/03/09-09:18:21-GMT  BuildTime: Aug  4 2022 06:17:15  BuildStamp: freesurfer-linux-ubuntu22_x86_64-7.3.2-20220804-6354275  User: oesteban  Machine: dna079  Platform: Linux  PlatformVersion: 5.14.0-427.37.1.el9_4.x86_64  CompilerName: GCC  CompilerVersion: 8.4.0
ProgramName: mris_left_right_register  ProgramArguments: mris_left_right_register -all-info  ProgramVersion: 7.3.2  TimeStamp: 2026/03/09-09:18:21-GMT  BuildTime: Aug  4 2022 06:17:15  BuildStamp: freesurfer-linux-ubuntu22_x86_64-7.3.2-20220804-6354275  User: oesteban  Machine: dna079  Platform: Linux  PlatformVersion: 5.14.0-427.37.1.el9_4.x86_64  CompilerName: GCC  CompilerVersion: 8.4.0
ProgramName: mris_place_surface  ProgramArguments: mris_place_surface -all-info  ProgramVersion: 7.3.2  TimeStamp: 2026/03/09-09:18:21-GMT  BuildTime: Aug  4 2022 06:17:15  BuildStamp: freesurfer-linux-ubuntu22_x86_64-7.3.2-20220804-6354275  User: oesteban  Machine: dna079  Platform: Linux  PlatformVersion: 5.14.0-427.37.1.el9_4.x86_64  CompilerName: GCC  CompilerVersion: 8.4.0
ProgramName: mrisp_paint  ProgramArguments: mrisp_paint -all-info  ProgramVersion: 7.3.2  TimeStamp: 2026/03/09-09:18:21-GMT  BuildTime: Aug  4 2022 06:17:15  BuildStamp: freesurfer-linux-ubuntu22_x86_64-7.3.2-20220804-6354275  User: oesteban  Machine: dna079  Platform: Linux  PlatformVersion: 5.14.0-427.37.1.el9_4.x86_64  CompilerName: GCC  CompilerVersion: 8.4.0
ProgramName: mris_register  ProgramArguments: mris_register -all-info  ProgramVersion: 7.3.2  TimeStamp: 2026/03/09-09:18:21-GMT  BuildTime: Aug  4 2022 06:17:15  BuildStamp: freesurfer-linux-ubuntu22_x86_64-7.3.2-20220804-6354275  User: oesteban  Machine: dna079  Platform: Linux  PlatformVersion: 5.14.0-427.37.1.el9_4.x86_64  CompilerName: GCC  CompilerVersion: 8.4.0
ProgramName: mris_smooth  ProgramArguments: mris_smooth -all-info  ProgramVersion: 7.3.2  TimeStamp: 2026/03/09-09:18:21-GMT  BuildTime: Aug  4 2022 06:17:15  BuildStamp: freesurfer-linux-ubuntu22_x86_64-7.3.2-20220804-6354275  User: oesteban  Machine: dna079  Platform: Linux  PlatformVersion: 5.14.0-427.37.1.el9_4.x86_64  CompilerName: GCC  CompilerVersion: 8.4.0
ProgramName: mris_sphere  ProgramArguments: mris_sphere -all-info  ProgramVersion: 7.3.2  TimeStamp: 2026/03/09-09:18:21-GMT  BuildTime: Aug  4 2022 06:17:15  BuildStamp: freesurfer-linux-ubuntu22_x86_64-7.3.2-20220804-6354275  User: oesteban  Machine: dna079  Platform: Linux  PlatformVersion: 5.14.0-427.37.1.el9_4.x86_64  CompilerName: GCC  CompilerVersion: 8.4.0
ProgramName: mris_surface_stats  ProgramArguments: mris_surface_stats -all-info  ProgramVersion: 7.3.2  TimeStamp: 2026/03/09-09:18:21-GMT  BuildTime: Aug  4 2022 06:17:15  BuildStamp: freesurfer-linux-ubuntu22_x86_64-7.3.2-20220804-6354275  User: oesteban  Machine: dna079  Platform: Linux  PlatformVersion: 5.14.0-427.37.1.el9_4.x86_64  CompilerName: GCC  CompilerVersion: 8.4.0
ProgramName: mri_stats2seg  ProgramArguments: mri_stats2seg -all-info  ProgramVersion: 7.3.2  TimeStamp: 2026/03/09-09:18:21-GMT  BuildTime: Aug  4 2022 06:17:15  BuildStamp: freesurfer-linux-ubuntu22_x86_64-7.3.2-20220804-6354275  User: oesteban  Machine: dna079  Platform: Linux  PlatformVersion: 5.14.0-427.37.1.el9_4.x86_64  CompilerName: GCC  CompilerVersion: 8.4.0
ProgramName: mris_thickness  ProgramArguments: mris_thickness -all-info  ProgramVersion: 7.3.2  TimeStamp: 2026/03/09-09:18:21-GMT  BuildTime: Aug  4 2022 06:17:15  BuildStamp: freesurfer-linux-ubuntu22_x86_64-7.3.2-20220804-6354275  User: oesteban  Machine: dna079  Platform: Linux  PlatformVersion: 5.14.0-427.37.1.el9_4.x86_64  CompilerName: GCC  CompilerVersion: 8.4.0
ProgramName: mris_thickness_diff  ProgramArguments: mris_thickness_diff -all-info  ProgramVersion: 7.3.2  TimeStamp: 2026/03/09-09:18:21-GMT  BuildTime: Aug  4 2022 06:17:15  BuildStamp: freesurfer-linux-ubuntu22_x86_64-7.3.2-20220804-6354275  User: oesteban  Machine: dna079  Platform: Linux  PlatformVersion: 5.14.0-427.37.1.el9_4.x86_64  CompilerName: GCC  CompilerVersion: 8.4.0
ProgramName: mris_topo_fixer  ProgramArguments: mris_topo_fixer -all-info  ProgramVersion: 7.3.2  TimeStamp: 2026/03/09-09:18:21-GMT  BuildTime: Aug  4 2022 06:17:15  BuildStamp: freesurfer-linux-ubuntu22_x86_64-7.3.2-20220804-6354275  User: oesteban  Machine: dna079  Platform: Linux  PlatformVersion: 5.14.0-427.37.1.el9_4.x86_64  CompilerName: GCC  CompilerVersion: 8.4.0
ProgramName: mri_surf2surf  ProgramArguments: mri_surf2surf -all-info  ProgramVersion: 7.3.2  TimeStamp: 2026/03/09-09:18:21-GMT  BuildTime: Aug  4 2022 06:17:15  BuildStamp: freesurfer-linux-ubuntu22_x86_64-7.3.2-20220804-6354275  User: oesteban  Machine: dna079  Platform: Linux  PlatformVersion: 5.14.0-427.37.1.el9_4.x86_64  CompilerName: GCC  CompilerVersion: 8.4.0
ProgramName: mri_surf2vol  ProgramArguments: mri_surf2vol -all-info  ProgramVersion: 7.3.2  TimeStamp: 2026/03/09-09:18:21-GMT  BuildTime: Aug  4 2022 06:17:15  BuildStamp: freesurfer-linux-ubuntu22_x86_64-7.3.2-20220804-6354275  User: oesteban  Machine: dna079  Platform: Linux  PlatformVersion: 5.14.0-427.37.1.el9_4.x86_64  CompilerName: GCC  CompilerVersion: 8.4.0
ProgramName: mri_surfcluster  ProgramArguments: mri_surfcluster -all-info  ProgramVersion: 7.3.2  TimeStamp: 2026/03/09-09:18:21-GMT  BuildTime: Aug  4 2022 06:17:15  BuildStamp: freesurfer-linux-ubuntu22_x86_64-7.3.2-20220804-6354275  User: oesteban  Machine: dna079  Platform: Linux  PlatformVersion: 5.14.0-427.37.1.el9_4.x86_64  CompilerName: GCC  CompilerVersion: 8.4.0
ProgramName: mris_volmask  ProgramArguments: mris_volmask -all-info  ProgramVersion: 7.3.2  TimeStamp: 2026/03/09-09:18:21-GMT  BuildTime: Aug  4 2022 06:17:15  BuildStamp: freesurfer-linux-ubuntu22_x86_64-7.3.2-20220804-6354275  User: oesteban  Machine: dna079  Platform: Linux  PlatformVersion: 5.14.0-427.37.1.el9_4.x86_64  CompilerName: GCC  CompilerVersion: 8.4.0
ProgramName: mri_tessellate  ProgramArguments: mri_tessellate -all-info  ProgramVersion: 7.3.2  TimeStamp: 2026/03/09-09:18:21-GMT  BuildTime: Aug  4 2022 06:17:15  BuildStamp: freesurfer-linux-ubuntu22_x86_64-7.3.2-20220804-6354275  User: oesteban  Machine: dna079  Platform: Linux  PlatformVersion: 5.14.0-427.37.1.el9_4.x86_64  CompilerName: GCC  CompilerVersion: 8.4.0
ProgramName: mri_vol2surf  ProgramArguments: mri_vol2surf -all-info  ProgramVersion: 7.3.2  TimeStamp: 2026/03/09-09:18:21-GMT  BuildTime: Aug  4 2022 06:17:15  BuildStamp: freesurfer-linux-ubuntu22_x86_64-7.3.2-20220804-6354275  User: oesteban  Machine: dna079  Platform: Linux  PlatformVersion: 5.14.0-427.37.1.el9_4.x86_64  CompilerName: GCC  CompilerVersion: 8.4.0
ProgramName: mri_vol2vol  ProgramArguments: mri_vol2vol -all-info  ProgramVersion: 7.3.2  TimeStamp: 2026/03/09-09:18:21-GMT  BuildTime: Aug  4 2022 06:17:15  BuildStamp: freesurfer-linux-ubuntu22_x86_64-7.3.2-20220804-6354275  User: oesteban  Machine: dna079  Platform: Linux  PlatformVersion: 5.14.0-427.37.1.el9_4.x86_64  CompilerName: GCC  CompilerVersion: 8.4.0
ProgramName: mri_voldiff  ProgramArguments: mri_voldiff -all-info  ProgramVersion: 7.3.2  TimeStamp: 2026/03/09-09:18:21-GMT  BuildTime: Aug  4 2022 06:17:15  BuildStamp: freesurfer-linux-ubuntu22_x86_64-7.3.2-20220804-6354275  User: oesteban  Machine: dna079  Platform: Linux  PlatformVersion: 5.14.0-427.37.1.el9_4.x86_64  CompilerName: GCC  CompilerVersion: 8.4.0
ProgramName: mri_watershed  ProgramArguments: mri_watershed -all-info  ProgramVersion: 7.3.2  TimeStamp: 2026/03/09-09:18:21-GMT  BuildTime: Aug  4 2022 06:17:15  BuildStamp: freesurfer-linux-ubuntu22_x86_64-7.3.2-20220804-6354275  User: oesteban  Machine: dna079  Platform: Linux  PlatformVersion: 5.14.0-427.37.1.el9_4.x86_64  CompilerName: GCC  CompilerVersion: 8.4.0
ProgramName: tkregister2  ProgramArguments: tkregister2_cmdl -all-info  ProgramVersion: 7.3.2  TimeStamp: 2026/03/09-09:18:21-GMT  BuildTime: Aug  4 2022 06:17:15  BuildStamp: freesurfer-linux-ubuntu22_x86_64-7.3.2-20220804-6354275  User: oesteban  Machine: dna079  Platform: Linux  PlatformVersion: 5.14.0-427.37.1.el9_4.x86_64  CompilerName: GCC  CompilerVersion: 8.4.0
mri_motion_correct.fsl 7.3.2
mri_convert -all-info 
ProgramName: mri_convert  ProgramArguments: mri_convert -all-info  ProgramVersion: 7.3.2  TimeStamp: 2026/03/09-09:18:21-GMT  BuildTime: Aug  4 2022 06:17:15  BuildStamp: freesurfer-linux-ubuntu22_x86_64-7.3.2-20220804-6354275  User: oesteban  Machine: dna079  Platform: Linux  PlatformVersion: 5.14.0-427.37.1.el9_4.x86_64  CompilerName: GCC  CompilerVersion: 8.4.0
Program nu_correct, built from:
Package MNI N3, version 1.12.0, compiled by nicks@terrier (x86_64-unknown-linux-gnu) on 2015-06-19 at 01:25:34
#######################################
GCADIR /opt/freesurfer/average
GCA RB_all_2020-01-02.gca
GCASkull RB_all_withskull_2020_01_02.gca
AvgCurvTif folding.atlas.acfb40.noaparc.i12.2016-08-02.tif
GCSDIR /opt/freesurfer/average
GCS DKaparc.atlas.acfb40.noaparc.i12.2016-08-02.gcs
#######################################
#--------------------------------------
#@# CA Normalize Mon Mar  9 10:18:22 CET 2026
/out/sourcedata/freesurfer/sub-v1s21x0050403_ses-1/mri

 mri_ca_normalize -c ctrl_pts.mgz -mask brainmask.mgz nu.mgz /opt/freesurfer/average/RB_all_2020-01-02.gca transforms/talairach.lta norm.mgz 

writing control point volume to ctrl_pts.mgz
using MR volume brainmask.mgz to mask input volume...
reading 1 input volume
reading atlas from '/opt/freesurfer/average/RB_all_2020-01-02.gca'...
reading transform from 'transforms/talairach.lta'...
reading input volume from nu.mgz...
resetting wm mean[0]: 98 --> 107
resetting gm mean[0]: 61 --> 61
input volume #1 is the most T1-like
using real data threshold=31.1
skull bounding box = (61, 42, 41) --> (197, 157, 215)
finding center of left hemi white matter
using (106, 80, 128) as brain centroid of Right_Cerebral_White_Matter...
mean wm in atlas = 107, using box (89,66,107) --> (122, 94,149) to find MRI wm
before smoothing, mri peak at 105
robust fit to distribution - 105 +- 5.2
after smoothing, mri peak at 105, scaling input intensities by 1.019
scaling channel 0 by 1.01905
using 246437 sample points...
INFO: compute sample coordinates transform
 0.97896  -0.02278   0.06598  -7.09933;
 0.02522   1.09864  -0.04387   2.18876;
-0.09649   0.05608   0.96091  -2.89099;
 0.00000   0.00000   0.00000   1.00000;
INFO: transform used
finding control points in Left_Cerebral_White_Matter....
found 40230 control points for structure...
bounding box (129, 46, 37) --> (199, 155, 212)
Left_Cerebral_White_Matter: limiting intensities to 88.0 --> 132.0
8 of 2435 (0.3%) samples deleted
finding control points in Right_Cerebral_White_Matter....
found 39478 control points for structure...
bounding box (65, 47, 36) --> (132, 158, 210)
Right_Cerebral_White_Matter: limiting intensities to 91.0 --> 132.0
2 of 3130 (0.1%) samples deleted
finding control points in Left_Cerebellum_White_Matter....
found 3105 control points for structure...
bounding box (135, 120, 59) --> (185, 162, 116)
Left_Cerebellum_White_Matter: limiting intensities to 115.0 --> 132.0
7 of 11 (63.6%) samples deleted
finding control points in Right_Cerebellum_White_Matter....
found 2710 control points for structure...
bounding box (89, 120, 54) --> (134, 163, 114)
Right_Cerebellum_White_Matter: limiting intensities to 106.0 --> 132.0
0 of 16 (0.0%) samples deleted
finding control points in Brain_Stem....
found 3475 control points for structure...
bounding box (115, 118, 93) --> (150, 179, 128)
Brain_Stem: limiting intensities to 88.0 --> 132.0
6 of 201 (3.0%) samples deleted
using 5793 total control points for intensity normalization...
bias field = 1.006 +- 0.087
0 of 5770 control points discarded
finding control points in Left_Cerebral_White_Matter....
found 40230 control points for structure...
bounding box (129, 46, 37) --> (199, 155, 212)
Left_Cerebral_White_Matter: limiting intensities to 88.0 --> 132.0
274 of 2599 (10.5%) samples deleted
finding control points in Right_Cerebral_White_Matter....
found 39478 control points for structure...
bounding box (65, 47, 36) --> (132, 158, 210)
Right_Cerebral_White_Matter: limiting intensities to 88.0 --> 132.0
2 of 3348 (0.1%) samples deleted
finding control points in Left_Cerebellum_White_Matter....
found 3105 control points for structure...
bounding box (135, 120, 59) --> (185, 162, 116)
Left_Cerebellum_White_Matter: limiting intensities to 88.0 --> 132.0
2 of 67 (3.0%) samples deleted
finding control points in Right_Cerebellum_White_Matter....
found 2710 control points for structure...
bounding box (89, 120, 54) --> (134, 163, 114)
Right_Cerebellum_White_Matter: limiting intensities to 88.0 --> 132.0
13 of 88 (14.8%) samples deleted
finding control points in Brain_Stem....
found 3475 control points for structure...
bounding box (115, 118, 93) --> (150, 179, 128)
Brain_Stem: limiting intensities to 88.0 --> 132.0
189 of 296 (63.9%) samples deleted
using 6398 total control points for intensity normalization...
bias field = 1.048 +- 0.079
0 of 5868 control points discarded
finding control points in Left_Cerebral_White_Matter....
found 40230 control points for structure...
bounding box (129, 46, 37) --> (199, 155, 212)
Left_Cerebral_White_Matter: limiting intensities to 88.0 --> 132.0
138 of 2506 (5.5%) samples deleted
finding control points in Right_Cerebral_White_Matter....
found 39478 control points for structure...
bounding box (65, 47, 36) --> (132, 158, 210)
Right_Cerebral_White_Matter: limiting intensities to 88.0 --> 132.0
5 of 3333 (0.2%) samples deleted
finding control points in Left_Cerebellum_White_Matter....
found 3105 control points for structure...
bounding box (135, 120, 59) --> (185, 162, 116)
Left_Cerebellum_White_Matter: limiting intensities to 88.0 --> 132.0
44 of 125 (35.2%) samples deleted
finding control points in Right_Cerebellum_White_Matter....
found 2710 control points for structure...
bounding box (89, 120, 54) --> (134, 163, 114)
Right_Cerebellum_White_Matter: limiting intensities to 88.0 --> 132.0
39 of 99 (39.4%) samples deleted
finding control points in Brain_Stem....
found 3475 control points for structure...
bounding box (115, 118, 93) --> (150, 179, 128)
Brain_Stem: limiting intensities to 88.0 --> 132.0
286 of 345 (82.9%) samples deleted
using 6408 total control points for intensity normalization...
bias field = 1.052 +- 0.075
0 of 5768 control points discarded
writing normalized volume to norm.mgz...
writing control points to ctrl_pts.mgz
freeing GCA...done.
normalization took 0 minutes and 54 seconds.
#--------------------------------------
#@# CA Reg Mon Mar  9 10:19:16 CET 2026
/out/sourcedata/freesurfer/sub-v1s21x0050403_ses-1/mri

 mri_ca_register -nobigventricles -T transforms/talairach.lta -align-after -mask brainmask.mgz norm.mgz /opt/freesurfer/average/RB_all_2020-01-02.gca transforms/talairach.m3z 

not handling expanded ventricles...
using previously computed transform transforms/talairach.lta
renormalizing sequences with structure alignment, equivalent to:
	-renormalize
	-regularize_mean 0.500
	-regularize 0.500
using MR volume brainmask.mgz to mask input volume...

== Number of threads available to mri_ca_register for OpenMP = 16 == 
reading 1 input volumes...
logging results to talairach.log
reading input volume 'norm.mgz'...
reading GCA '/opt/freesurfer/average/RB_all_2020-01-02.gca'...
label assignment complete, 0 changed (0.00%)
freeing gibbs priors...done.
average std[0] = 5.0
Starting GCAMregister()
label assignment complete, 0 changed (0.00%)
npasses = 1, nlevels = 6
#pass# 1 of 1 ************************
enabling zero nodes
setting smoothness cost coefficient to 0.156

#GCAMreg# pass 0 level1 5 level2 0 tsec 0 sigma 2
l_jacobian=1.00 l_label=1.00 l_log_likelihood=0.20 l_smoothness=0.16 
tol=2.50e-01, dt=5.00e-02, exp_k=20.0, momentum=0.90, levels=6, niter=500, lbl_dist=10.00, avgs=256, sigma=2.0,type=2, relabel=0, neg=no

blurring input image with Gaussian with sigma=2.000...
GCAMRegisterLevel(): init RMS 0.887798
#FOTS# QuadFit found better minimum quadopt=(dt=221.952,rms=0.810379) vs oldopt=(dt=369.92,rms=0.833887)
#GCMRL#    0 dt 221.952000 rms  0.810  8.720% neg 0  invalid 762 tFOTS 4.8030 tGradient 2.6350 tsec 7.7830
#FOTS# QuadFit found better minimum quadopt=(dt=243.7,rms=0.791467) vs oldopt=(dt=369.92,rms=0.794968)
#GCMRL#    1 dt 243.700106 rms  0.791  2.334% neg 0  invalid 762 tFOTS 5.2480 tGradient 2.5110 tsec 8.0640
#FOTS# QuadFit found better minimum quadopt=(dt=300.592,rms=0.774537) vs oldopt=(dt=369.92,rms=0.775254)
#GCMRL#    2 dt 300.592384 rms  0.775  2.139% neg 0  invalid 762 tFOTS 4.9650 tGradient 2.9070 tsec 8.2270
#FOTS# QuadFit found better minimum quadopt=(dt=129.472,rms=0.769504) vs oldopt=(dt=92.48,rms=0.769993)
#GCMRL#    3 dt 129.472000 rms  0.770  0.650% neg 0  invalid 762 tFOTS 4.7060 tGradient 3.1020 tsec 8.1710
#FOTS# QuadFit found better minimum quadopt=(dt=1183.74,rms=0.753576) vs oldopt=(dt=1479.68,rms=0.754207)
#GCMRL#    4 dt 1183.744000 rms  0.754  2.070% neg 0  invalid 762 tFOTS 4.3540 tGradient 2.6610 tsec 7.3950
#FOTS# QuadFit found better minimum quadopt=(dt=129.472,rms=0.75193) vs oldopt=(dt=92.48,rms=0.752241)
#GCMRL#    5 dt 129.472000 rms  0.752  0.000% neg 0  invalid 762 tFOTS 4.6800 tGradient 2.8860 tsec 7.9420
#GCMRL#    6 dt 129.472000 rms  0.751  0.126% neg 0  invalid 762 tFOTS 0.0000 tGradient 2.6340 tsec 2.9120
#GCMRL#    7 dt 129.472000 rms  0.750  0.168% neg 0  invalid 762 tFOTS 0.0000 tGradient 2.5070 tsec 2.8320
#GCMRL#    8 dt 129.472000 rms  0.748  0.182% neg 0  invalid 762 tFOTS 0.0000 tGradient 2.4310 tsec 2.8640
#GCMRL#    9 dt 129.472000 rms  0.747  0.191% neg 0  invalid 762 tFOTS 0.0000 tGradient 2.6270 tsec 2.9560
#GCMRL#   10 dt 129.472000 rms  0.745  0.290% neg 0  invalid 762 tFOTS 0.0000 tGradient 2.5550 tsec 2.8690
#GCMRL#   11 dt 129.472000 rms  0.742  0.330% neg 0  invalid 762 tFOTS 0.0000 tGradient 2.6330 tsec 2.9200
#GCMRL#   12 dt 129.472000 rms  0.740  0.329% neg 0  invalid 762 tFOTS 0.0000 tGradient 2.5220 tsec 2.8060
#GCMRL#   13 dt 129.472000 rms  0.738  0.269% neg 0  invalid 762 tFOTS 0.0000 tGradient 2.5850 tsec 2.8830
#GCMRL#   14 dt 129.472000 rms  0.736  0.209% neg 0  invalid 762 tFOTS 0.0000 tGradient 2.4480 tsec 2.7290
#GCMRL#   15 dt 129.472000 rms  0.735  0.190% neg 0  invalid 762 tFOTS 0.0000 tGradient 2.5110 tsec 2.8020
#GCMRL#   16 dt 129.472000 rms  0.734  0.184% neg 0  invalid 762 tFOTS 0.0000 tGradient 2.5640 tsec 2.8520
#GCMRL#   17 dt 129.472000 rms  0.732  0.177% neg 0  invalid 762 tFOTS 0.0000 tGradient 2.4790 tsec 2.7630
#GCMRL#   18 dt 129.472000 rms  0.731  0.153% neg 0  invalid 762 tFOTS 0.0000 tGradient 2.5680 tsec 2.8680
#GCMRL#   19 dt 129.472000 rms  0.730  0.150% neg 0  invalid 762 tFOTS 0.0000 tGradient 2.6330 tsec 2.9210
#GCMRL#   20 dt 129.472000 rms  0.729  0.147% neg 0  invalid 762 tFOTS 0.0000 tGradient 2.5780 tsec 2.8670
#GCMRL#   21 dt 129.472000 rms  0.728  0.136% neg 0  invalid 762 tFOTS 0.0000 tGradient 2.6650 tsec 2.9540
#GCMRL#   22 dt 129.472000 rms  0.727  0.076% neg 0  invalid 762 tFOTS 0.0000 tGradient 2.6990 tsec 2.9770
#GCMRL#   23 dt 129.472000 rms  0.727  0.042% neg 0  invalid 762 tFOTS 0.0000 tGradient 2.5480 tsec 2.8550
#GCMRL#   24 dt 369.920000 rms  0.727  0.000% neg 0  invalid 762 tFOTS 4.9450 tGradient 2.7850 tsec 8.1010
#GCMRL#   25 dt 369.920000 rms  0.727  0.007% neg 0  invalid 762 tFOTS 0.0000 tGradient 2.4010 tsec 2.6960
#GCMRL#   26 dt 369.920000 rms  0.726  0.086% neg 0  invalid 762 tFOTS 0.0000 tGradient 2.4950 tsec 2.7680
#GCMRL#   27 dt 369.920000 rms  0.726  0.040% neg 0  invalid 762 tFOTS 0.0000 tGradient 2.5150 tsec 2.7960

#GCAMreg# pass 0 level1 5 level2 1 tsec 126.748 sigma 0.5
l_jacobian=1.00 l_label=1.00 l_log_likelihood=0.20 l_smoothness=0.16 
tol=2.50e-01, dt=5.00e-02, exp_k=20.0, momentum=0.90, levels=6, niter=500, lbl_dist=10.00, avgs=256, sigma=0.5,type=2, relabel=0, neg=no

blurring input image with Gaussian with sigma=0.500...
GCAMRegisterLevel(): init RMS 0.726383
#FOTS# QuadFit found better minimum quadopt=(dt=295.936,rms=0.725113) vs oldopt=(dt=369.92,rms=0.725123)
#GCMRL#   29 dt 295.936000 rms  0.725  0.175% neg 0  invalid 762 tFOTS 4.4220 tGradient 2.5160 tsec 7.2650
#FOTS# QuadFit found better minimum quadopt=(dt=517.888,rms=0.724259) vs oldopt=(dt=369.92,rms=0.724343)
#GCMRL#   30 dt 517.888000 rms  0.724  0.000% neg 0  invalid 762 tFOTS 4.9290 tGradient 2.6340 tsec 7.9420
setting smoothness cost coefficient to 0.615

#GCAMreg# pass 0 level1 4 level2 0 tsec 0 sigma 2
l_jacobian=1.00 l_label=1.00 l_log_likelihood=0.20 l_smoothness=0.62 
tol=2.50e-01, dt=5.00e-02, exp_k=20.0, momentum=0.90, levels=6, niter=500, lbl_dist=10.00, avgs=64, sigma=2.0,type=2, relabel=0, neg=no

blurring input image with Gaussian with sigma=2.000...
GCAMRegisterLevel(): init RMS 0.736895
#FOTS# QuadFit found better minimum quadopt=(dt=36.288,rms=0.735026) vs oldopt=(dt=25.92,rms=0.735216)
#GCMRL#   32 dt  36.288000 rms  0.735  0.254% neg 0  invalid 762 tFOTS 4.5240 tGradient 2.0210 tsec 6.8820
#FOTS# QuadFit found better minimum quadopt=(dt=36.288,rms=0.734152) vs oldopt=(dt=25.92,rms=0.734351)
#GCMRL#   33 dt  36.288000 rms  0.734  0.000% neg 0  invalid 762 tFOTS 4.6340 tGradient 2.0900 tsec 7.0750
#GCMRL#   34 dt  36.288000 rms  0.733  0.134% neg 0  invalid 762 tFOTS 0.0000 tGradient 2.0690 tsec 2.3780
#GCMRL#   35 dt  36.288000 rms  0.732  0.151% neg 0  invalid 762 tFOTS 0.0000 tGradient 2.1970 tsec 2.5140
#GCMRL#   36 dt  36.288000 rms  0.731  0.187% neg 0  invalid 762 tFOTS 0.0000 tGradient 2.1080 tsec 2.4520
#GCMRL#   37 dt  36.288000 rms  0.729  0.269% neg 0  invalid 762 tFOTS 0.0000 tGradient 2.0610 tsec 2.3420
#GCMRL#   38 dt  36.288000 rms  0.726  0.368% neg 0  invalid 762 tFOTS 0.0000 tGradient 2.1270 tsec 2.4180
#GCMRL#   39 dt  36.288000 rms  0.723  0.474% neg 0  invalid 762 tFOTS 0.0000 tGradient 1.9980 tsec 2.2850
#GCMRL#   40 dt  36.288000 rms  0.719  0.505% neg 0  invalid 762 tFOTS 0.0000 tGradient 2.0720 tsec 2.3580
#GCMRL#   41 dt  36.288000 rms  0.716  0.474% neg 0  invalid 762 tFOTS 0.0000 tGradient 2.0530 tsec 2.3360
#GCMRL#   42 dt  36.288000 rms  0.713  0.401% neg 0  invalid 762 tFOTS 0.0000 tGradient 2.0700 tsec 2.3580
#GCMRL#   43 dt  36.288000 rms  0.711  0.302% neg 0  invalid 762 tFOTS 0.0000 tGradient 1.9330 tsec 2.2160
#GCMRL#   44 dt  36.288000 rms  0.709  0.190% neg 0  invalid 762 tFOTS 0.0000 tGradient 2.0540 tsec 2.3340
#GCMRL#   45 dt  36.288000 rms  0.709  0.090% neg 0  invalid 762 tFOTS 0.0000 tGradient 2.0540 tsec 2.3540
#GCMRL#   46 dt  36.288000 rms  0.708  0.025% neg 0  invalid 762 tFOTS 0.0000 tGradient 2.0530 tsec 2.4120
#FOTS# QuadFit found better minimum quadopt=(dt=82.944,rms=0.70806) vs oldopt=(dt=103.68,rms=0.708072)
#GCMRL#   47 dt  82.944000 rms  0.708  0.043% neg 0  invalid 762 tFOTS 4.4660 tGradient 1.9310 tsec 6.7530

#GCAMreg# pass 0 level1 4 level2 1 tsec 66.499 sigma 0.5
l_jacobian=1.00 l_label=1.00 l_log_likelihood=0.20 l_smoothness=0.62 
tol=2.50e-01, dt=5.00e-02, exp_k=20.0, momentum=0.90, levels=6, niter=500, lbl_dist=10.00, avgs=64, sigma=0.5,type=2, relabel=0, neg=no

blurring input image with Gaussian with sigma=0.500...
GCAMRegisterLevel(): init RMS 0.708594
#GCMRL#   49 dt   0.000000 rms  0.708  0.074% neg 0  invalid 762 tFOTS 4.3900 tGradient 2.0010 tsec 6.7570
setting smoothness cost coefficient to 2.353

#GCAMreg# pass 0 level1 3 level2 0 tsec 0 sigma 2
l_jacobian=1.00 l_label=1.00 l_log_likelihood=0.20 l_smoothness=2.35 
tol=2.50e-01, dt=5.00e-02, exp_k=20.0, momentum=0.90, levels=6, niter=500, lbl_dist=10.00, avgs=16, sigma=2.0,type=2, relabel=0, neg=no

blurring input image with Gaussian with sigma=2.000...
GCAMRegisterLevel(): init RMS 0.742145
#FOTS# QuadFit found better minimum quadopt=(dt=1.6,rms=0.7414) vs oldopt=(dt=2,rms=0.741408)
#GCMRL#   51 dt   1.600000 rms  0.741  0.100% neg 0  invalid 762 tFOTS 4.5230 tGradient 1.9450 tsec 6.8130
#FOTS# QuadFit found better minimum quadopt=(dt=0.175,rms=0.741395) vs oldopt=(dt=0.125,rms=0.741396)
#GCMRL#   52 dt   0.175000 rms  0.741  0.000% neg 0  invalid 762 tFOTS 4.2540 tGradient 2.0910 tsec 6.7220

#GCAMreg# pass 0 level1 3 level2 1 tsec 24.008 sigma 0.5
l_jacobian=1.00 l_label=1.00 l_log_likelihood=0.20 l_smoothness=2.35 
tol=2.50e-01, dt=5.00e-02, exp_k=20.0, momentum=0.90, levels=6, niter=500, lbl_dist=10.00, avgs=16, sigma=0.5,type=2, relabel=0, neg=no

blurring input image with Gaussian with sigma=0.500...
GCAMRegisterLevel(): init RMS 0.7419
#FOTS# QuadFit found better minimum quadopt=(dt=0.175,rms=0.741393) vs oldopt=(dt=0.125,rms=0.741394)
#GCMRL#   54 dt   0.175000 rms  0.741  0.068% neg 0  invalid 762 tFOTS 4.2790 tGradient 1.8260 tsec 6.4500
#FOTS# QuadFit found better minimum quadopt=(dt=0.1,rms=0.741399) vs oldopt=(dt=0.125,rms=0.741399)
setting smoothness cost coefficient to 8.000

#GCAMreg# pass 0 level1 2 level2 0 tsec 0 sigma 2
l_jacobian=1.00 l_label=1.00 l_log_likelihood=0.20 l_smoothness=8.00 
tol=2.50e-01, dt=5.00e-02, exp_k=20.0, momentum=0.90, levels=6, niter=500, lbl_dist=10.00, avgs=4, sigma=2.0,type=2, relabel=0, neg=no

blurring input image with Gaussian with sigma=2.000...
GCAMRegisterLevel(): init RMS 0.832326
#GCMRL#   56 dt   2.880000 rms  0.801  3.737% neg 0  invalid 762 tFOTS 4.2950 tGradient 1.7330 tsec 6.3730
#FOTS# QuadFit found better minimum quadopt=(dt=1.952,rms=0.797073) vs oldopt=(dt=2.88,rms=0.797897)
#GCMRL#   57 dt   1.952000 rms  0.797  0.518% neg 0  invalid 762 tFOTS 4.5300 tGradient 1.7550 tsec 6.5860
#FOTS# QuadFit found better minimum quadopt=(dt=1.53846,rms=0.796183) vs oldopt=(dt=0.72,rms=0.796427)
#GCMRL#   58 dt   1.538462 rms  0.796  0.000% neg 0  invalid 762 tFOTS 3.8310 tGradient 1.5850 tsec 5.7350

#GCAMreg# pass 0 level1 2 level2 1 tsec 28.781 sigma 0.5
l_jacobian=1.00 l_label=1.00 l_log_likelihood=0.20 l_smoothness=8.00 
tol=2.50e-01, dt=5.00e-02, exp_k=20.0, momentum=0.90, levels=6, niter=500, lbl_dist=10.00, avgs=4, sigma=0.5,type=2, relabel=0, neg=no

blurring input image with Gaussian with sigma=0.500...
GCAMRegisterLevel(): init RMS 0.796653
#GCMRL#   60 dt   0.000000 rms  0.796  0.057% neg 0  invalid 762 tFOTS 3.6440 tGradient 1.5780 tsec 5.5220
setting smoothness cost coefficient to 20.000

#GCAMreg# pass 0 level1 1 level2 0 tsec 0 sigma 2
l_jacobian=1.00 l_label=1.00 l_log_likelihood=0.20 l_smoothness=20.00 
tol=2.50e-01, dt=5.00e-02, exp_k=20.0, momentum=0.90, levels=6, niter=500, lbl_dist=10.00, avgs=1, sigma=2.0,type=2, relabel=0, neg=no

blurring input image with Gaussian with sigma=2.000...
GCAMRegisterLevel(): init RMS 0.859668
#FOTS# QuadFit found better minimum quadopt=(dt=0.384,rms=0.857862) vs oldopt=(dt=0.32,rms=0.8579)
#GCMRL#   62 dt   0.384000 rms  0.858  0.210% neg 0  invalid 762 tFOTS 4.4170 tGradient 1.4820 tsec 6.2170
#FOTS# QuadFit found better minimum quadopt=(dt=1.03365,rms=0.850749) vs oldopt=(dt=1.28,rms=0.850991)
#GCMRL#   63 dt   1.033654 rms  0.851  0.829% neg 0  invalid 762 tFOTS 4.3020 tGradient 1.4330 tsec 6.0830
#FOTS# QuadFit found better minimum quadopt=(dt=0.192,rms=0.849051) vs oldopt=(dt=0.32,rms=0.849459)
#GCMRL#   64 dt   0.192000 rms  0.849  0.000% neg 0  invalid 762 tFOTS 4.5930 tGradient 1.5020 tsec 6.4600
#GCMRL#   65 dt   0.192000 rms  0.848  0.067% neg 0  invalid 762 tFOTS 0.0000 tGradient 1.4850 tsec 1.8020
#GCMRL#   66 dt   0.192000 rms  0.848  0.074% neg 0  invalid 762 tFOTS 0.0000 tGradient 1.5700 tsec 1.8850
#GCMRL#   67 dt   0.192000 rms  0.846  0.216% neg 0  invalid 762 tFOTS 0.0000 tGradient 1.5770 tsec 1.9000
#GCMRL#   68 dt   0.192000 rms  0.843  0.318% neg 0  invalid 762 tFOTS 0.0000 tGradient 1.4280 tsec 1.7310
#GCMRL#   69 dt   0.192000 rms  0.841  0.237% neg 0  invalid 762 tFOTS 0.0000 tGradient 1.4710 tsec 1.7740
#GCMRL#   70 dt   0.192000 rms  0.840  0.102% neg 0  invalid 762 tFOTS 0.0000 tGradient 1.5210 tsec 1.8240
#GCMRL#   71 dt   0.192000 rms  0.840 -0.016% neg 0  invalid 762 tFOTS 0.0000 tGradient 1.8390 tsec 2.3970
#FOTS# QuadFit found better minimum quadopt=(dt=0.048,rms=0.84045) vs oldopt=(dt=0.08,rms=0.840454)
#GCMRL#   72 dt   0.048000 rms  0.840  0.002% neg 0  invalid 762 tFOTS 4.5090 tGradient 1.5870 tsec 6.4180

#GCAMreg# pass 0 level1 1 level2 1 tsec 52.763 sigma 0.5
l_jacobian=1.00 l_label=1.00 l_log_likelihood=0.20 l_smoothness=20.00 
tol=2.50e-01, dt=5.00e-02, exp_k=20.0, momentum=0.90, levels=6, niter=500, lbl_dist=10.00, avgs=1, sigma=0.5,type=2, relabel=0, neg=no

blurring input image with Gaussian with sigma=0.500...
GCAMRegisterLevel(): init RMS 0.840923
#GCMRL#   74 dt   0.320000 rms  0.840  0.101% neg 0  invalid 762 tFOTS 4.5340 tGradient 1.5810 tsec 6.4290
#FOTS# QuadFit found better minimum quadopt=(dt=1.024,rms=0.838793) vs oldopt=(dt=1.28,rms=0.838924)
#GCMRL#   75 dt   1.024000 rms  0.839  0.152% neg 0  invalid 762 tFOTS 4.3100 tGradient 1.4580 tsec 6.1040
#FOTS# QuadFit found better minimum quadopt=(dt=0.112,rms=0.838351) vs oldopt=(dt=0.08,rms=0.838439)
#GCMRL#   76 dt   0.112000 rms  0.838  0.000% neg 0  invalid 762 tFOTS 4.5650 tGradient 1.3640 tsec 6.3200
#GCMRL#   77 dt   0.112000 rms  0.838  0.013% neg 0  invalid 762 tFOTS 0.0000 tGradient 1.5580 tsec 1.8870
resetting metric properties...
setting smoothness cost coefficient to 40.000

#GCAMreg# pass 0 level1 0 level2 0 tsec 0 sigma 2
l_jacobian=1.00 l_label=1.00 l_log_likelihood=0.20 l_smoothness=40.00 
tol=2.50e-01, dt=5.00e-02, exp_k=20.0, momentum=0.90, levels=6, niter=500, lbl_dist=10.00, avgs=0, sigma=2.0,type=2, relabel=0, neg=no

blurring input image with Gaussian with sigma=2.000...
GCAMRegisterLevel(): init RMS 0.796589
#FOTS# QuadFit found better minimum quadopt=(dt=0.231156,rms=0.790501) vs oldopt=(dt=0.32,rms=0.791081)
#GCMRL#   79 dt   0.231156 rms  0.791  0.764% neg 0  invalid 762 tFOTS 4.1210 tGradient 0.8960 tsec 5.3860
#FOTS# QuadFit found better minimum quadopt=(dt=0.024,rms=0.79024) vs oldopt=(dt=0.02,rms=0.790243)
#GCMRL#   80 dt   0.024000 rms  0.790  0.000% neg 0  invalid 762 tFOTS 4.1880 tGradient 0.9470 tsec 5.4980

#GCAMreg# pass 0 level1 0 level2 1 tsec 20.335 sigma 0.5
l_jacobian=1.00 l_label=1.00 l_log_likelihood=0.20 l_smoothness=40.00 
tol=2.50e-01, dt=5.00e-02, exp_k=20.0, momentum=0.90, levels=6, niter=500, lbl_dist=10.00, avgs=0, sigma=0.5,type=2, relabel=0, neg=no

blurring input image with Gaussian with sigma=0.500...
GCAMRegisterLevel(): init RMS 0.790788
#FOTS# QuadFit found better minimum quadopt=(dt=0.007,rms=0.79023) vs oldopt=(dt=0.005,rms=0.790234)
#GCMRL#   82 dt   0.007000 rms  0.790  0.071% neg 0  invalid 762 tFOTS 4.2030 tGradient 0.9050 tsec 5.5190
#FOTS# QuadFit found better minimum quadopt=(dt=0.00175,rms=0.790232) vs oldopt=(dt=0.00125,rms=0.790233)
GCAMregister done in 6.9507 min
Starting GCAmapRenormalizeWithAlignment() without scales
renormalizing by structure alignment....
renormalizing input #0
gca peak = 0.10253 (16)
mri peak = 0.12329 (11)
Left_Lateral_Ventricle (4): linear fit = 0.64 x + 0.0 (1503 voxels, overlap=0.568)
Left_Lateral_Ventricle (4): linear fit = 0.64 x + 0.0 (1503 voxels, peak = 10), gca=10.3
gca peak = 0.17690 (16)
mri peak = 0.07367 (11)
Right_Lateral_Ventricle (43): linear fit = 0.69 x + 0.0 (950 voxels, overlap=0.762)
Right_Lateral_Ventricle (43): linear fit = 0.69 x + 0.0 (950 voxels, peak = 11), gca=11.0
gca peak = 0.28275 (96)
mri peak = 0.06152 (89)
Right_Pallidum (52): linear fit = 0.92 x + 0.0 (1051 voxels, overlap=0.926)
Right_Pallidum (52): linear fit = 0.92 x + 0.0 (1051 voxels, peak = 88), gca=87.8
gca peak = 0.18948 (93)
mri peak = 0.09675 (81)
Left_Pallidum (13): linear fit = 0.86 x + 0.0 (805 voxels, overlap=0.354)
Left_Pallidum (13): linear fit = 0.86 x + 0.0 (805 voxels, peak = 80), gca=79.5
gca peak = 0.20755 (55)
mri peak = 0.10483 (68)
Right_Hippocampus (53): linear fit = 1.15 x + 0.0 (1001 voxels, overlap=0.050)
Right_Hippocampus (53): linear fit = 1.15 x + 0.0 (1001 voxels, peak = 64), gca=63.5
gca peak = 0.31831 (58)
mri peak = 0.08578 (65)
Left_Hippocampus (17): linear fit = 1.10 x + 0.0 (839 voxels, overlap=0.303)
Left_Hippocampus (17): linear fit = 1.10 x + 0.0 (839 voxels, peak = 64), gca=63.5
gca peak = 0.11957 (102)
mri peak = 0.07691 (105)
Right_Cerebral_White_Matter (41): linear fit = 1.03 x + 0.0 (71716 voxels, overlap=0.773)
Right_Cerebral_White_Matter (41): linear fit = 1.03 x + 0.0 (71716 voxels, peak = 106), gca=105.6
gca peak = 0.11429 (102)
mri peak = 0.05645 (97)
Left_Cerebral_White_Matter (2): linear fit = 1.00 x + 0.0 (78020 voxels, overlap=0.980)
Left_Cerebral_White_Matter (2): linear fit = 1.00 x + 0.0 (78020 voxels, peak = 103), gca=102.5
gca peak = 0.14521 (59)
mri peak = 0.03577 (62)
Left_Cerebral_Cortex (3): linear fit = 1.08 x + 0.0 (32077 voxels, overlap=0.820)
Left_Cerebral_Cortex (3): linear fit = 1.08 x + 0.0 (32077 voxels, peak = 63), gca=63.4
gca peak = 0.14336 (58)
mri peak = 0.03389 (66)
Right_Cerebral_Cortex (42): linear fit = 1.14 x + 0.0 (31830 voxels, overlap=0.545)
Right_Cerebral_Cortex (42): linear fit = 1.14 x + 0.0 (31830 voxels, peak = 66), gca=66.4
gca peak = 0.13305 (70)
mri peak = 0.14157 (70)
Right_Caudate (50): linear fit = 1.01 x + 0.0 (881 voxels, overlap=0.856)
Right_Caudate (50): linear fit = 1.01 x + 0.0 (881 voxels, peak = 71), gca=71.0
gca peak = 0.15761 (71)
mri peak = 0.07573 (69)
Left_Caudate (11): linear fit = 0.98 x + 0.0 (1345 voxels, overlap=0.769)
Left_Caudate (11): linear fit = 0.98 x + 0.0 (1345 voxels, peak = 69), gca=69.2
gca peak = 0.13537 (57)
mri peak = 0.05194 (62)
Left_Cerebellum_Cortex (8): linear fit = 1.10 x + 0.0 (26657 voxels, overlap=0.871)
Left_Cerebellum_Cortex (8): linear fit = 1.10 x + 0.0 (26657 voxels, peak = 62), gca=62.4
gca peak = 0.13487 (56)
mri peak = 0.05019 (65)
Right_Cerebellum_Cortex (47): linear fit = 1.13 x + 0.0 (32417 voxels, overlap=0.695)
Right_Cerebellum_Cortex (47): linear fit = 1.13 x + 0.0 (32417 voxels, peak = 64), gca=63.6
gca peak = 0.19040 (84)
mri peak = 0.04792 (91)
Left_Cerebellum_White_Matter (7): linear fit = 1.05 x + 0.0 (10782 voxels, overlap=0.668)
Left_Cerebellum_White_Matter (7): linear fit = 1.05 x + 0.0 (10782 voxels, peak = 89), gca=88.6
gca peak = 0.18871 (83)
mri peak = 0.05462 (88)
Right_Cerebellum_White_Matter (46): linear fit = 1.11 x + 0.0 (9469 voxels, overlap=0.428)
Right_Cerebellum_White_Matter (46): linear fit = 1.11 x + 0.0 (9469 voxels, peak = 92), gca=91.7
gca peak = 0.24248 (57)
mri peak = 0.07231 (70)
Left_Amygdala (18): linear fit = 1.21 x + 0.0 (478 voxels, overlap=0.261)
Left_Amygdala (18): linear fit = 1.21 x + 0.0 (478 voxels, peak = 69), gca=68.7
gca peak = 0.35833 (56)
mri peak = 0.10763 (70)
Right_Amygdala (54): linear fit = 1.23 x + 0.0 (539 voxels, overlap=0.036)
Right_Amygdala (54): linear fit = 1.23 x + 0.0 (539 voxels, peak = 69), gca=68.6
gca peak = 0.12897 (85)
mri peak = 0.05471 (93)
Left_Thalamus (10): linear fit = 1.05 x + 0.0 (6604 voxels, overlap=0.989)
Left_Thalamus (10): linear fit = 1.05 x + 0.0 (6604 voxels, peak = 90), gca=89.7
gca peak = 0.13127 (83)
mri peak = 0.04941 (89)
Right_Thalamus (49): linear fit = 1.07 x + 0.0 (5195 voxels, overlap=0.899)
Right_Thalamus (49): linear fit = 1.07 x + 0.0 (5195 voxels, peak = 88), gca=88.4
gca peak = 0.12974 (78)
mri peak = 0.06697 (79)
Left_Putamen (12): linear fit = 1.02 x + 0.0 (2718 voxels, overlap=0.985)
Left_Putamen (12): linear fit = 1.02 x + 0.0 (2718 voxels, peak = 80), gca=79.9
gca peak = 0.17796 (79)
mri peak = 0.08775 (82)
Right_Putamen (51): linear fit = 1.05 x + 0.0 (2762 voxels, overlap=0.842)
Right_Putamen (51): linear fit = 1.05 x + 0.0 (2762 voxels, peak = 83), gca=83.3
gca peak = 0.10999 (80)
mri peak = 0.08501 (81)
Brain_Stem (16): linear fit = 1.10 x + 0.0 (14306 voxels, overlap=0.416)
Brain_Stem (16): linear fit = 1.10 x + 0.0 (14306 voxels, peak = 88), gca=87.6
gca peak = 0.13215 (88)
mri peak = 0.06699 (86)
Right_VentralDC (60): linear fit = 1.07 x + 0.0 (1272 voxels, overlap=0.631)
Right_VentralDC (60): linear fit = 1.07 x + 0.0 (1272 voxels, peak = 94), gca=93.7
gca peak = 0.11941 (89)
mri peak = 0.06108 (92)
Left_VentralDC (28): linear fit = 1.04 x + 0.0 (1342 voxels, overlap=0.790)
Left_VentralDC (28): linear fit = 1.04 x + 0.0 (1342 voxels, peak = 93), gca=93.0
gca peak = 0.20775 (25)
mri peak = 0.25018 (13)
gca peak = 0.13297 (21)
mri peak = 0.13641 ( 8)
Fourth_Ventricle (15): linear fit = 0.38 x + 0.0 (497 voxels, overlap=0.105)
Fourth_Ventricle (15): linear fit = 0.38 x + 0.0 (497 voxels, peak =  8), gca=8.1
gca peak Unknown = 0.94777 ( 0)
gca peak Left_Inf_Lat_Vent = 0.19087 (28)
gca peak Third_Ventricle = 0.20775 (25)
gca peak Fourth_Ventricle = 0.13297 (21)
gca peak CSF = 0.16821 (33)
gca peak Left_Accumbens_area = 0.32850 (63)
gca peak Left_undetermined = 0.98480 (28)
gca peak Left_vessel = 0.40887 (53)
gca peak Left_choroid_plexus = 0.10898 (46)
gca peak Right_Inf_Lat_Vent = 0.17798 (26)
gca peak Right_Accumbens_area = 0.30137 (64)
gca peak Right_vessel = 0.47828 (52)
gca peak Right_choroid_plexus = 0.11612 (45)
gca peak Fifth_Ventricle = 0.59466 (35)
gca peak WM_hypointensities = 0.10053 (78)
gca peak non_WM_hypointensities = 0.07253 (60)
gca peak Optic_Chiasm = 0.25330 (73)
not using caudate to estimate GM means
estimating mean gm scale to be 1.15 x + 0.0
estimating mean wm scale to be 1.02 x + 0.0
estimating mean csf scale to be 0.66 x + 0.0
saving intensity scales to talairach.label_intensities.txt
GCAmapRenormalizeWithAlignment() took 2.16908 min
noneg pre
Starting GCAMregister()
label assignment complete, 0 changed (0.00%)
npasses = 1, nlevels = 6
#pass# 1 of 1 ************************
enabling zero nodes
setting smoothness cost coefficient to 0.008

#GCAMreg# pass 0 level1 5 level2 0 tsec 0 sigma 2
l_jacobian=1.00 l_label=1.00 l_log_likelihood=0.20 l_smoothness=0.01 
tol=5.00e-02, dt=5.00e-02, exp_k=20.0, momentum=0.90, levels=6, niter=500, lbl_dist=10.00, avgs=256, sigma=2.0,type=2, relabel=0, neg=no

blurring input image with Gaussian with sigma=2.000...
GCAMRegisterLevel(): init RMS 0.794816
#FOTS# QuadFit found better minimum quadopt=(dt=234.516,rms=0.765214) vs oldopt=(dt=369.92,rms=0.770694)
#GCMRL#   84 dt 234.516153 rms  0.765  3.724% neg 0  invalid 762 tFOTS 4.5100 tGradient 2.4690 tsec 7.3230
#FOTS# QuadFit found better minimum quadopt=(dt=253.232,rms=0.757028) vs oldopt=(dt=369.92,rms=0.758616)
#GCMRL#   85 dt 253.232432 rms  0.757  1.070% neg 0  invalid 762 tFOTS 4.3740 tGradient 2.7160 tsec 7.4410
#FOTS# QuadFit found better minimum quadopt=(dt=221.952,rms=0.749616) vs oldopt=(dt=369.92,rms=0.751303)
#GCMRL#   86 dt 221.952000 rms  0.750  0.979% neg 0  invalid 762 tFOTS 4.4590 tGradient 2.5840 tsec 7.4040
#FOTS# QuadFit found better minimum quadopt=(dt=129.472,rms=0.747777) vs oldopt=(dt=92.48,rms=0.748037)
#GCMRL#   87 dt 129.472000 rms  0.748  0.245% neg 0  invalid 762 tFOTS 4.3960 tGradient 2.3880 tsec 7.1780
#GCMRL#   88 dt 1479.680000 rms  0.734  1.787% neg 0  invalid 762 tFOTS 4.9440 tGradient 2.5260 tsec 7.8540
#GCMRL#   89 dt  92.480000 rms  0.733  0.166% neg 0  invalid 762 tFOTS 5.1350 tGradient 2.6100 tsec 8.1220
#FOTS# QuadFit found better minimum quadopt=(dt=129.472,rms=0.732696) vs oldopt=(dt=92.48,rms=0.732773)
#GCMRL#   90 dt 129.472000 rms  0.733  0.067% neg 0  invalid 762 tFOTS 4.5610 tGradient 2.5710 tsec 7.4750
#GCMRL#   91 dt 1479.680000 rms  0.728  0.587% neg 0  invalid 762 tFOTS 4.5280 tGradient 2.4150 tsec 7.2870
#FOTS# QuadFit found better minimum quadopt=(dt=295.936,rms=0.726635) vs oldopt=(dt=369.92,rms=0.726904)
#GCMRL#   92 dt 295.936000 rms  0.727  0.241% neg 0  invalid 762 tFOTS 4.3750 tGradient 2.4920 tsec 7.1970
#FOTS# QuadFit found better minimum quadopt=(dt=295.936,rms=0.724804) vs oldopt=(dt=369.92,rms=0.725028)
#GCMRL#   93 dt 295.936000 rms  0.725  0.252% neg 0  invalid 762 tFOTS 4.3820 tGradient 2.5950 tsec 7.3390
#FOTS# QuadFit found better minimum quadopt=(dt=73.984,rms=0.724517) vs oldopt=(dt=92.48,rms=0.724521)
#GCMRL#   94 dt  73.984000 rms  0.725  0.000% neg 0  invalid 762 tFOTS 4.5190 tGradient 2.4450 tsec 7.3530
#GCMRL#   95 dt  73.984000 rms  0.724  0.015% neg 0  invalid 762 tFOTS 0.0000 tGradient 2.5370 tsec 2.8320
#GCMRL#   96 dt  73.984000 rms  0.724  0.020% neg 0  invalid 762 tFOTS 0.0000 tGradient 2.4340 tsec 2.7430
#GCMRL#   97 dt  73.984000 rms  0.724  0.043% neg 0  invalid 762 tFOTS 0.0000 tGradient 2.8250 tsec 3.1360
#GCMRL#   98 dt  73.984000 rms  0.723  0.097% neg 0  invalid 762 tFOTS 0.0000 tGradient 2.6990 tsec 2.9960
#GCMRL#   99 dt  73.984000 rms  0.722  0.130% neg 0  invalid 762 tFOTS 0.0000 tGradient 2.5640 tsec 2.8570
#GCMRL#  100 dt  73.984000 rms  0.721  0.131% neg 0  invalid 762 tFOTS 0.0000 tGradient 2.5220 tsec 2.8210
#GCMRL#  101 dt  73.984000 rms  0.721  0.115% neg 0  invalid 762 tFOTS 0.0000 tGradient 2.6940 tsec 3.0270
#GCMRL#  102 dt  73.984000 rms  0.720  0.101% neg 0  invalid 762 tFOTS 0.0000 tGradient 2.6380 tsec 2.9870
#GCMRL#  103 dt  73.984000 rms  0.719  0.096% neg 0  invalid 762 tFOTS 0.0000 tGradient 2.4800 tsec 2.7970
#GCMRL#  104 dt  73.984000 rms  0.718  0.102% neg 0  invalid 762 tFOTS 0.0000 tGradient 2.5880 tsec 2.8910
#GCMRL#  105 dt  73.984000 rms  0.718  0.114% neg 0  invalid 762 tFOTS 0.0000 tGradient 2.5350 tsec 2.8370
#GCMRL#  106 dt  73.984000 rms  0.717  0.123% neg 0  invalid 762 tFOTS 0.0000 tGradient 2.4760 tsec 2.7880
#GCMRL#  107 dt  73.984000 rms  0.716  0.131% neg 0  invalid 762 tFOTS 0.0000 tGradient 2.5220 tsec 2.8500
#GCMRL#  108 dt  73.984000 rms  0.715  0.125% neg 0  invalid 762 tFOTS 0.0000 tGradient 2.6020 tsec 2.8990
#GCMRL#  109 dt  73.984000 rms  0.714  0.109% neg 0  invalid 762 tFOTS 0.0000 tGradient 2.5100 tsec 2.8010
#GCMRL#  110 dt  73.984000 rms  0.713  0.096% neg 0  invalid 762 tFOTS 0.0000 tGradient 2.5460 tsec 2.8660
#GCMRL#  111 dt  73.984000 rms  0.713  0.103% neg 0  invalid 762 tFOTS 0.0000 tGradient 2.5490 tsec 2.8880
#GCMRL#  112 dt  73.984000 rms  0.712  0.101% neg 0  invalid 762 tFOTS 0.0000 tGradient 2.6190 tsec 2.9430
#GCMRL#  113 dt  73.984000 rms  0.711  0.102% neg 0  invalid 762 tFOTS 0.0000 tGradient 2.4490 tsec 2.7450
#GCMRL#  114 dt  73.984000 rms  0.711  0.094% neg 0  invalid 762 tFOTS 0.0000 tGradient 2.4710 tsec 2.7640
#GCMRL#  115 dt  73.984000 rms  0.710  0.092% neg 0  invalid 762 tFOTS 0.0000 tGradient 2.4900 tsec 2.7990
#GCMRL#  116 dt  73.984000 rms  0.709  0.082% neg 0  invalid 762 tFOTS 0.0000 tGradient 2.5780 tsec 2.8810
#GCMRL#  117 dt  73.984000 rms  0.709  0.080% neg 0  invalid 762 tFOTS 0.0000 tGradient 2.6050 tsec 2.9230
#GCMRL#  118 dt  73.984000 rms  0.708  0.081% neg 0  invalid 762 tFOTS 0.0000 tGradient 2.5950 tsec 2.9140
#GCMRL#  119 dt  73.984000 rms  0.708  0.086% neg 0  invalid 762 tFOTS 0.0000 tGradient 2.5530 tsec 2.8780
#GCMRL#  120 dt  73.984000 rms  0.707  0.086% neg 0  invalid 762 tFOTS 0.0000 tGradient 2.6160 tsec 2.9360
#GCMRL#  121 dt  73.984000 rms  0.706  0.078% neg 0  invalid 762 tFOTS 0.0000 tGradient 2.6150 tsec 2.9300
#GCMRL#  122 dt  73.984000 rms  0.706  0.075% neg 0  invalid 762 tFOTS 0.0000 tGradient 2.5140 tsec 2.8410
#GCMRL#  123 dt  73.984000 rms  0.705  0.070% neg 0  invalid 762 tFOTS 0.0000 tGradient 2.5950 tsec 2.9250
#GCMRL#  124 dt  73.984000 rms  0.705  0.073% neg 0  invalid 762 tFOTS 0.0000 tGradient 2.4810 tsec 2.8090
#GCMRL#  125 dt  73.984000 rms  0.704  0.069% neg 0  invalid 762 tFOTS 0.0000 tGradient 2.6200 tsec 2.9600
#GCMRL#  126 dt  73.984000 rms  0.704  0.065% neg 0  invalid 762 tFOTS 0.0000 tGradient 2.6680 tsec 3.0080
#GCMRL#  127 dt  73.984000 rms  0.703  0.069% neg 0  invalid 762 tFOTS 0.0000 tGradient 2.4180 tsec 2.7670
#GCMRL#  128 dt  73.984000 rms  0.703  0.068% neg 0  invalid 762 tFOTS 0.0000 tGradient 2.5970 tsec 2.8940
#GCMRL#  129 dt  73.984000 rms  0.702  0.065% neg 0  invalid 762 tFOTS 0.0000 tGradient 2.6500 tsec 2.9650
#GCMRL#  130 dt  73.984000 rms  0.702  0.057% neg 0  invalid 762 tFOTS 0.0000 tGradient 2.5710 tsec 2.8810
#GCMRL#  131 dt  73.984000 rms  0.702  0.054% neg 0  invalid 762 tFOTS 0.0000 tGradient 2.5340 tsec 2.8770
#GCMRL#  132 dt  73.984000 rms  0.701  0.055% neg 0  invalid 762 tFOTS 0.0000 tGradient 2.6220 tsec 2.9660
#GCMRL#  133 dt  73.984000 rms  0.701  0.057% neg 0  invalid 762 tFOTS 0.0000 tGradient 2.5200 tsec 2.8540
#GCMRL#  134 dt  73.984000 rms  0.701  0.058% neg 0  invalid 762 tFOTS 0.0000 tGradient 2.5950 tsec 2.9400
#GCMRL#  135 dt  73.984000 rms  0.700  0.056% neg 0  invalid 762 tFOTS 0.0000 tGradient 2.6720 tsec 3.0040
#GCMRL#  136 dt  73.984000 rms  0.700  0.053% neg 0  invalid 762 tFOTS 0.0000 tGradient 2.5760 tsec 2.9190
#GCMRL#  137 dt  73.984000 rms  0.699  0.054% neg 0  invalid 762 tFOTS 0.0000 tGradient 2.6210 tsec 2.9710
#GCMRL#  138 dt  73.984000 rms  0.699  0.051% neg 0  invalid 762 tFOTS 0.0000 tGradient 2.5750 tsec 2.9170
#GCMRL#  139 dt  73.984000 rms  0.699  0.051% neg 0  invalid 762 tFOTS 0.0000 tGradient 2.5350 tsec 2.8840
#GCMRL#  140 dt  73.984000 rms  0.698  0.044% neg 0  invalid 762 tFOTS 0.0000 tGradient 2.5680 tsec 2.9120
#GCMRL#  141 dt  73.984000 rms  0.698  0.044% neg 0  invalid 762 tFOTS 0.0000 tGradient 2.6680 tsec 2.9810
#GCMRL#  142 dt  73.984000 rms  0.698  0.044% neg 0  invalid 762 tFOTS 0.0000 tGradient 2.6090 tsec 2.9260
#GCMRL#  143 dt  73.984000 rms  0.697  0.042% neg 0  invalid 762 tFOTS 0.0000 tGradient 2.4990 tsec 2.8210
#GCMRL#  144 dt  73.984000 rms  0.697  0.038% neg 0  invalid 762 tFOTS 0.0000 tGradient 2.5130 tsec 2.8560
#GCMRL#  145 dt  73.984000 rms  0.697  0.047% neg 0  invalid 762 tFOTS 0.0000 tGradient 2.6840 tsec 3.0270
#GCMRL#  146 dt  73.984000 rms  0.697  0.043% neg 0  invalid 762 tFOTS 0.0000 tGradient 2.6650 tsec 3.0020
#GCMRL#  147 dt  73.984000 rms  0.696  0.040% neg 0  invalid 762 tFOTS 0.0000 tGradient 3.0290 tsec 3.3660
#GCMRL#  148 dt  73.984000 rms  0.696  0.040% neg 0  invalid 762 tFOTS 0.0000 tGradient 2.4990 tsec 2.8060
#GCMRL#  149 dt  73.984000 rms  0.696  0.040% neg 0  invalid 762 tFOTS 0.0000 tGradient 2.5390 tsec 2.8410
#GCMRL#  150 dt  73.984000 rms  0.695  0.043% neg 0  invalid 762 tFOTS 0.0000 tGradient 2.6430 tsec 2.9850
#GCMRL#  151 dt  73.984000 rms  0.695  0.044% neg 0  invalid 762 tFOTS 0.0000 tGradient 2.6380 tsec 2.9560
#GCMRL#  152 dt  73.984000 rms  0.695  0.041% neg 0  invalid 762 tFOTS 0.0000 tGradient 2.5490 tsec 2.8610
#GCMRL#  153 dt  73.984000 rms  0.695  0.030% neg 0  invalid 762 tFOTS 0.0000 tGradient 2.5410 tsec 2.8980
#GCMRL#  154 dt  73.984000 rms  0.694  0.035% neg 0  invalid 762 tFOTS 0.0000 tGradient 2.5960 tsec 2.9480
#GCMRL#  155 dt  73.984000 rms  0.694  0.038% neg 0  invalid 762 tFOTS 0.0000 tGradient 2.5380 tsec 2.8470
#GCMRL#  156 dt  73.984000 rms  0.694  0.033% neg 0  invalid 762 tFOTS 0.0000 tGradient 2.5390 tsec 2.8450
#GCMRL#  157 dt  73.984000 rms  0.694  0.027% neg 0  invalid 762 tFOTS 0.0000 tGradient 2.4560 tsec 2.7710
#GCMRL#  158 dt  73.984000 rms  0.693  0.030% neg 0  invalid 762 tFOTS 0.0000 tGradient 2.5130 tsec 2.8280
#GCMRL#  159 dt  73.984000 rms  0.693  0.030% neg 0  invalid 762 tFOTS 0.0000 tGradient 2.4780 tsec 2.8240
#GCMRL#  160 dt  73.984000 rms  0.693  0.035% neg 0  invalid 762 tFOTS 0.0000 tGradient 2.5310 tsec 2.8360
#GCMRL#  161 dt  73.984000 rms  0.693  0.028% neg 0  invalid 762 tFOTS 0.0000 tGradient 2.5280 tsec 2.8280
#GCMRL#  162 dt  73.984000 rms  0.693  0.024% neg 0  invalid 762 tFOTS 0.0000 tGradient 2.5960 tsec 2.9000
#GCMRL#  163 dt  73.984000 rms  0.693  0.022% neg 0  invalid 762 tFOTS 0.0000 tGradient 2.4820 tsec 2.8060
#FOTS# QuadFit found better minimum quadopt=(dt=2071.55,rms=0.69178) vs oldopt=(dt=1479.68,rms=0.691835)
#GCMRL#  164 dt 2071.552000 rms  0.692  0.105% neg 0  invalid 762 tFOTS 5.1040 tGradient 2.6310 tsec 8.0820
#FOTS# QuadFit found better minimum quadopt=(dt=32.368,rms=0.691722) vs oldopt=(dt=23.12,rms=0.691738)
#GCMRL#  165 dt  32.368000 rms  0.692  0.000% neg 0  invalid 762 tFOTS 5.1110 tGradient 2.5720 tsec 8.1270
#GCMRL#  166 dt  32.368000 rms  0.692  0.005% neg 0  invalid 762 tFOTS 0.0000 tGradient 3.1160 tsec 3.4770

#GCAMreg# pass 0 level1 5 level2 1 tsec 313.219 sigma 0.5
l_jacobian=1.00 l_label=1.00 l_log_likelihood=0.20 l_smoothness=0.01 
tol=5.00e-02, dt=5.00e-02, exp_k=20.0, momentum=0.90, levels=6, niter=500, lbl_dist=10.00, avgs=256, sigma=0.5,type=2, relabel=0, neg=no

blurring input image with Gaussian with sigma=0.500...
GCAMRegisterLevel(): init RMS 0.691979
#FOTS# QuadFit found better minimum quadopt=(dt=129.472,rms=0.691047) vs oldopt=(dt=92.48,rms=0.69117)
#GCMRL#  168 dt 129.472000 rms  0.691  0.135% neg 0  invalid 762 tFOTS 5.0920 tGradient 2.4830 tsec 7.9790
#GCMRL#  169 dt 369.920000 rms  0.691  0.067% neg 0  invalid 762 tFOTS 4.7520 tGradient 2.8450 tsec 7.9810
#FOTS# QuadFit found better minimum quadopt=(dt=517.888,rms=0.689873) vs oldopt=(dt=369.92,rms=0.689975)
#GCMRL#  170 dt 517.888000 rms  0.690  0.103% neg 0  invalid 762 tFOTS 4.9930 tGradient 2.6320 tsec 8.0040
#FOTS# QuadFit found better minimum quadopt=(dt=55.488,rms=0.68987) vs oldopt=(dt=92.48,rms=0.689878)
#GCMRL#  171 dt  55.488000 rms  0.690  0.000% neg 0  invalid 762 tFOTS 5.0430 tGradient 2.6800 tsec 8.1240
#GCMRL#  172 dt  55.488000 rms  0.690  0.003% neg 0  invalid 762 tFOTS 0.0000 tGradient 2.5400 tsec 2.8910
#GCMRL#  173 dt  55.488000 rms  0.690  0.003% neg 0  invalid 762 tFOTS 0.0000 tGradient 2.6670 tsec 2.9990
#GCMRL#  174 dt  55.488000 rms  0.690  0.003% neg 0  invalid 762 tFOTS 0.0000 tGradient 2.6890 tsec 3.0630
#FOTS# QuadFit found better minimum quadopt=(dt=1183.74,rms=0.689294) vs oldopt=(dt=1479.68,rms=0.689322)
#GCMRL#  175 dt 1183.744000 rms  0.689  0.075% neg 0  invalid 762 tFOTS 5.2090 tGradient 2.5400 tsec 8.1250
#FOTS# QuadFit found better minimum quadopt=(dt=73.984,rms=0.689218) vs oldopt=(dt=92.48,rms=0.689219)
#GCMRL#  176 dt  73.984000 rms  0.689  0.000% neg 0  invalid 762 tFOTS 5.1200 tGradient 2.6000 tsec 8.0990
#GCMRL#  177 dt  73.984000 rms  0.689  0.001% neg 0  invalid 762 tFOTS 0.0000 tGradient 2.6600 tsec 2.9980
setting smoothness cost coefficient to 0.031

#GCAMreg# pass 0 level1 4 level2 0 tsec 0 sigma 2
l_jacobian=1.00 l_label=1.00 l_log_likelihood=0.20 l_smoothness=0.03 
tol=5.00e-02, dt=5.00e-02, exp_k=20.0, momentum=0.90, levels=6, niter=500, lbl_dist=10.00, avgs=64, sigma=2.0,type=2, relabel=0, neg=no

blurring input image with Gaussian with sigma=2.000...
GCAMRegisterLevel(): init RMS 0.691444
#FOTS# QuadFit found better minimum quadopt=(dt=192.295,rms=0.683535) vs oldopt=(dt=103.68,rms=0.685222)
#GCMRL#  179 dt 192.294931 rms  0.684  1.144% neg 0  invalid 762 tFOTS 4.9370 tGradient 2.1900 tsec 7.4850
#FOTS# QuadFit found better minimum quadopt=(dt=227.727,rms=0.671861) vs oldopt=(dt=103.68,rms=0.67504)
#GCMRL#  180 dt 227.726908 rms  0.672  1.708% neg 0  invalid 762 tFOTS 4.5620 tGradient 2.1240 tsec 7.0580
#FOTS# QuadFit found better minimum quadopt=(dt=60.8395,rms=0.667539) vs oldopt=(dt=25.92,rms=0.668681)
#GCMRL#  181 dt  60.839506 rms  0.668  0.643% neg 0  invalid 762 tFOTS 4.5070 tGradient 2.0010 tsec 6.8770
#FOTS# QuadFit found better minimum quadopt=(dt=145.152,rms=0.663857) vs oldopt=(dt=103.68,rms=0.664582)
#GCMRL#  182 dt 145.152000 rms  0.664  0.552% neg 0  invalid 762 tFOTS 4.1650 tGradient 2.0500 tsec 6.5810
#FOTS# QuadFit found better minimum quadopt=(dt=145.152,rms=0.661182) vs oldopt=(dt=103.68,rms=0.661384)
#GCMRL#  183 dt 145.152000 rms  0.661  0.403% neg 0  invalid 762 tFOTS 4.1800 tGradient 2.1420 tsec 6.6900
#FOTS# QuadFit found better minimum quadopt=(dt=87.0503,rms=0.657527) vs oldopt=(dt=103.68,rms=0.657674)
#GCMRL#  184 dt  87.050302 rms  0.658  0.553% neg 0  invalid 762 tFOTS 4.6710 tGradient 2.0680 tsec 7.0910
#FOTS# QuadFit found better minimum quadopt=(dt=36.288,rms=0.656567) vs oldopt=(dt=25.92,rms=0.656745)
#GCMRL#  185 dt  36.288000 rms  0.657  0.146% neg 0  invalid 762 tFOTS 4.6550 tGradient 2.0720 tsec 7.0850
#GCMRL#  186 dt 414.720000 rms  0.653  0.576% neg 0  invalid 762 tFOTS 4.5850 tGradient 2.0420 tsec 7.0170
#FOTS# QuadFit found better minimum quadopt=(dt=36.288,rms=0.648308) vs oldopt=(dt=25.92,rms=0.649317)
#GCMRL#  187 dt  36.288000 rms  0.648  0.686% neg 0  invalid 762 tFOTS 4.7900 tGradient 2.4550 tsec 7.5910
#FOTS# QuadFit found better minimum quadopt=(dt=145.152,rms=0.645701) vs oldopt=(dt=103.68,rms=0.645998)
#GCMRL#  188 dt 145.152000 rms  0.646  0.402% neg 0  invalid 762 tFOTS 4.4320 tGradient 2.0020 tsec 6.7830
#FOTS# QuadFit found better minimum quadopt=(dt=36.288,rms=0.644977) vs oldopt=(dt=25.92,rms=0.645055)
#GCMRL#  189 dt  36.288000 rms  0.645  0.112% neg 0  invalid 762 tFOTS 4.7130 tGradient 2.2030 tsec 7.2730
#FOTS# QuadFit found better minimum quadopt=(dt=145.152,rms=0.643825) vs oldopt=(dt=103.68,rms=0.64405)
#GCMRL#  190 dt 145.152000 rms  0.644  0.179% neg 0  invalid 762 tFOTS 4.7220 tGradient 2.0450 tsec 7.1040
#FOTS# QuadFit found better minimum quadopt=(dt=124.416,rms=0.641587) vs oldopt=(dt=103.68,rms=0.641685)
#GCMRL#  191 dt 124.416000 rms  0.642  0.348% neg 0  invalid 762 tFOTS 4.4070 tGradient 2.1440 tsec 6.9060
#FOTS# QuadFit found better minimum quadopt=(dt=36.288,rms=0.64102) vs oldopt=(dt=25.92,rms=0.641082)
#GCMRL#  192 dt  36.288000 rms  0.641  0.088% neg 0  invalid 762 tFOTS 4.5390 tGradient 2.3400 tsec 7.2490
#FOTS# QuadFit found better minimum quadopt=(dt=331.776,rms=0.639238) vs oldopt=(dt=414.72,rms=0.639336)
#GCMRL#  193 dt 331.776000 rms  0.639  0.278% neg 0  invalid 762 tFOTS 4.9310 tGradient 2.0570 tsec 7.3630
#FOTS# QuadFit found better minimum quadopt=(dt=89.3793,rms=0.637032) vs oldopt=(dt=25.92,rms=0.637508)
#GCMRL#  194 dt  89.379310 rms  0.637  0.345% neg 0  invalid 762 tFOTS 4.8270 tGradient 1.9780 tsec 7.1590
#FOTS# QuadFit found better minimum quadopt=(dt=36.288,rms=0.636052) vs oldopt=(dt=25.92,rms=0.636133)
#GCMRL#  195 dt  36.288000 rms  0.636  0.154% neg 0  invalid 762 tFOTS 4.6000 tGradient 2.0450 tsec 7.0050
#GCMRL#  196 dt 103.680000 rms  0.636  0.063% neg 0  invalid 762 tFOTS 4.6150 tGradient 2.0640 tsec 7.0380
#FOTS# QuadFit found better minimum quadopt=(dt=145.152,rms=0.634079) vs oldopt=(dt=103.68,rms=0.634179)
#GCMRL#  197 dt 145.152000 rms  0.634  0.248% neg 0  invalid 762 tFOTS 4.2830 tGradient 2.0450 tsec 6.6870
#FOTS# QuadFit found better minimum quadopt=(dt=31.104,rms=0.633619) vs oldopt=(dt=25.92,rms=0.633636)
#GCMRL#  198 dt  31.104000 rms  0.634  0.072% neg 0  invalid 762 tFOTS 4.6180 tGradient 2.0480 tsec 7.0210
#FOTS# QuadFit found better minimum quadopt=(dt=82.944,rms=0.633275) vs oldopt=(dt=103.68,rms=0.633301)
#GCMRL#  199 dt  82.944000 rms  0.633  0.054% neg 0  invalid 762 tFOTS 4.7720 tGradient 2.1360 tsec 7.2610
#FOTS# QuadFit found better minimum quadopt=(dt=145.152,rms=0.631903) vs oldopt=(dt=103.68,rms=0.632123)
#GCMRL#  200 dt 145.152000 rms  0.632  0.217% neg 0  invalid 762 tFOTS 4.5010 tGradient 2.1470 tsec 7.0090
#FOTS# QuadFit found better minimum quadopt=(dt=36.288,rms=0.631554) vs oldopt=(dt=25.92,rms=0.631596)
#GCMRL#  201 dt  36.288000 rms  0.632  0.055% neg 0  invalid 762 tFOTS 4.7840 tGradient 2.1010 tsec 7.2450
#FOTS# QuadFit found better minimum quadopt=(dt=580.608,rms=0.629492) vs oldopt=(dt=414.72,rms=0.629639)
#GCMRL#  202 dt 580.608000 rms  0.629  0.327% neg 0  invalid 762 tFOTS 4.8350 tGradient 2.1440 tsec 7.3360
#FOTS# QuadFit found better minimum quadopt=(dt=70.9189,rms=0.627243) vs oldopt=(dt=25.92,rms=0.627785)
#GCMRL#  203 dt  70.918919 rms  0.627  0.357% neg 0  invalid 762 tFOTS 4.8130 tGradient 2.1370 tsec 7.3070
#FOTS# QuadFit found better minimum quadopt=(dt=36.288,rms=0.626825) vs oldopt=(dt=25.92,rms=0.62686)
#GCMRL#  204 dt  36.288000 rms  0.627  0.067% neg 0  invalid 762 tFOTS 4.5020 tGradient 2.0640 tsec 6.9200
#FOTS# QuadFit found better minimum quadopt=(dt=145.152,rms=0.626497) vs oldopt=(dt=103.68,rms=0.626539)
#GCMRL#  205 dt 145.152000 rms  0.626  0.052% neg 0  invalid 762 tFOTS 4.6890 tGradient 2.3350 tsec 7.3890
#FOTS# QuadFit found better minimum quadopt=(dt=124.416,rms=0.625568) vs oldopt=(dt=103.68,rms=0.625602)
#GCMRL#  206 dt 124.416000 rms  0.626  0.148% neg 0  invalid 762 tFOTS 4.4350 tGradient 2.0700 tsec 6.8650
#FOTS# QuadFit found better minimum quadopt=(dt=36.288,rms=0.625304) vs oldopt=(dt=25.92,rms=0.625323)
#GCMRL#  207 dt  36.288000 rms  0.625  0.000% neg 0  invalid 762 tFOTS 4.7190 tGradient 2.1410 tsec 7.2450
#GCMRL#  208 dt  36.288000 rms  0.625  0.023% neg 0  invalid 762 tFOTS 0.0000 tGradient 2.0290 tsec 2.3490
#GCMRL#  209 dt  36.288000 rms  0.625  0.046% neg 0  invalid 762 tFOTS 0.0000 tGradient 2.0360 tsec 2.3580
#GCMRL#  210 dt  36.288000 rms  0.624  0.067% neg 0  invalid 762 tFOTS 0.0000 tGradient 2.0760 tsec 2.4080
#GCMRL#  211 dt  36.288000 rms  0.624  0.097% neg 0  invalid 762 tFOTS 0.0000 tGradient 1.9980 tsec 2.3310
#GCMRL#  212 dt  36.288000 rms  0.623  0.104% neg 0  invalid 762 tFOTS 0.0000 tGradient 2.1620 tsec 2.4700
#GCMRL#  213 dt  36.288000 rms  0.622  0.120% neg 0  invalid 762 tFOTS 0.0000 tGradient 2.0920 tsec 2.4070
#GCMRL#  214 dt  36.288000 rms  0.622  0.121% neg 0  invalid 762 tFOTS 0.0000 tGradient 2.0880 tsec 2.4050
#GCMRL#  215 dt  36.288000 rms  0.621  0.136% neg 0  invalid 762 tFOTS 0.0000 tGradient 2.0870 tsec 2.4020
#GCMRL#  216 dt  36.288000 rms  0.620  0.134% neg 0  invalid 762 tFOTS 0.0000 tGradient 2.1130 tsec 2.4490
#GCMRL#  217 dt  36.288000 rms  0.619  0.139% neg 0  invalid 762 tFOTS 0.0000 tGradient 2.0690 tsec 2.3870
#GCMRL#  218 dt  36.288000 rms  0.618  0.152% neg 0  invalid 762 tFOTS 0.0000 tGradient 2.0920 tsec 2.4140
#GCMRL#  219 dt  36.288000 rms  0.617  0.144% neg 0  invalid 762 tFOTS 0.0000 tGradient 2.0640 tsec 2.3570
#GCMRL#  220 dt  36.288000 rms  0.617  0.135% neg 0  invalid 762 tFOTS 0.0000 tGradient 2.0580 tsec 2.3490
#GCMRL#  221 dt  36.288000 rms  0.616  0.126% neg 0  invalid 762 tFOTS 0.0000 tGradient 2.0330 tsec 2.3270
#GCMRL#  222 dt  36.288000 rms  0.615  0.121% neg 0  invalid 762 tFOTS 0.0000 tGradient 2.0700 tsec 2.3770
#GCMRL#  223 dt  36.288000 rms  0.614  0.116% neg 0  invalid 762 tFOTS 0.0000 tGradient 2.0660 tsec 2.3680
#GCMRL#  224 dt  36.288000 rms  0.614  0.107% neg 0  invalid 762 tFOTS 0.0000 tGradient 2.1220 tsec 2.4350
#GCMRL#  225 dt  36.288000 rms  0.613  0.111% neg 0  invalid 762 tFOTS 0.0000 tGradient 2.0830 tsec 2.3910
#GCMRL#  226 dt  36.288000 rms  0.612  0.118% neg 0  invalid 762 tFOTS 0.0000 tGradient 2.0400 tsec 2.3530
#GCMRL#  227 dt  36.288000 rms  0.612  0.107% neg 0  invalid 762 tFOTS 0.0000 tGradient 2.0900 tsec 2.4030
#GCMRL#  228 dt  36.288000 rms  0.611  0.094% neg 0  invalid 762 tFOTS 0.0000 tGradient 2.0040 tsec 2.3120
#GCMRL#  229 dt  36.288000 rms  0.610  0.094% neg 0  invalid 762 tFOTS 0.0000 tGradient 2.0390 tsec 2.3390
#GCMRL#  230 dt  36.288000 rms  0.610  0.093% neg 0  invalid 762 tFOTS 0.0000 tGradient 2.0650 tsec 2.3610
#GCMRL#  231 dt  36.288000 rms  0.609  0.102% neg 0  invalid 762 tFOTS 0.0000 tGradient 2.0330 tsec 2.3380
#GCMRL#  232 dt  36.288000 rms  0.609  0.102% neg 0  invalid 762 tFOTS 0.0000 tGradient 2.2630 tsec 2.5270
#GCMRL#  233 dt  36.288000 rms  0.608  0.094% neg 0  invalid 762 tFOTS 0.0000 tGradient 1.9070 tsec 2.1970
#GCMRL#  234 dt  36.288000 rms  0.607  0.093% neg 0  invalid 762 tFOTS 0.0000 tGradient 1.9270 tsec 2.2110
#GCMRL#  235 dt  36.288000 rms  0.607  0.079% neg 0  invalid 762 tFOTS 0.0000 tGradient 1.9910 tsec 2.2850
#GCMRL#  236 dt  36.288000 rms  0.606  0.082% neg 0  invalid 762 tFOTS 0.0000 tGradient 1.9590 tsec 2.2500
#GCMRL#  237 dt  36.288000 rms  0.606  0.080% neg 0  invalid 762 tFOTS 0.0000 tGradient 1.9010 tsec 2.1900
#GCMRL#  238 dt  36.288000 rms  0.606  0.079% neg 0  invalid 762 tFOTS 0.0000 tGradient 1.9410 tsec 2.2520
#GCMRL#  239 dt  36.288000 rms  0.605  0.067% neg 0  invalid 762 tFOTS 0.0000 tGradient 2.0310 tsec 2.3410
#GCMRL#  240 dt  36.288000 rms  0.605  0.060% neg 0  invalid 762 tFOTS 0.0000 tGradient 2.0170 tsec 2.3290
#GCMRL#  241 dt  36.288000 rms  0.604  0.073% neg 0  invalid 762 tFOTS 0.0000 tGradient 1.9830 tsec 2.2890
#GCMRL#  242 dt  36.288000 rms  0.604  0.063% neg 0  invalid 762 tFOTS 0.0000 tGradient 2.0700 tsec 2.3850
#GCMRL#  243 dt  36.288000 rms  0.604  0.063% neg 0  invalid 762 tFOTS 0.0000 tGradient 2.1050 tsec 2.4050
#GCMRL#  244 dt  36.288000 rms  0.603  0.054% neg 0  invalid 762 tFOTS 0.0000 tGradient 2.0460 tsec 2.3420
#GCMRL#  245 dt  36.288000 rms  0.603  0.063% neg 0  invalid 762 tFOTS 0.0000 tGradient 2.0270 tsec 2.3220
#GCMRL#  246 dt  36.288000 rms  0.602  0.074% neg 0  invalid 762 tFOTS 0.0000 tGradient 2.0640 tsec 2.3720
#GCMRL#  247 dt  36.288000 rms  0.602  0.059% neg 0  invalid 762 tFOTS 0.0000 tGradient 2.0860 tsec 2.3900
#GCMRL#  248 dt  36.288000 rms  0.602  0.054% neg 0  invalid 762 tFOTS 0.0000 tGradient 2.0800 tsec 2.3930
#GCMRL#  249 dt  36.288000 rms  0.601  0.050% neg 0  invalid 762 tFOTS 0.0000 tGradient 2.0460 tsec 2.3540
#GCMRL#  250 dt  36.288000 rms  0.601  0.051% neg 0  invalid 762 tFOTS 0.0000 tGradient 2.0590 tsec 2.3530
#GCMRL#  251 dt  36.288000 rms  0.601  0.055% neg 0  invalid 762 tFOTS 0.0000 tGradient 2.0090 tsec 2.3170
#GCMRL#  252 dt  36.288000 rms  0.600  0.050% neg 0  invalid 762 tFOTS 0.0000 tGradient 1.9810 tsec 2.2810
#GCMRL#  253 dt  36.288000 rms  0.600  0.054% neg 0  invalid 762 tFOTS 0.0000 tGradient 2.0290 tsec 2.3380
#GCMRL#  254 dt  36.288000 rms  0.600  0.045% neg 0  invalid 762 tFOTS 0.0000 tGradient 1.9930 tsec 2.2810
#GCMRL#  255 dt  36.288000 rms  0.600  0.048% neg 0  invalid 762 tFOTS 0.0000 tGradient 2.0830 tsec 2.3730
#GCMRL#  256 dt  36.288000 rms  0.599  0.047% neg 0  invalid 762 tFOTS 0.0000 tGradient 2.0450 tsec 2.3520
#GCMRL#  257 dt  36.288000 rms  0.599  0.039% neg 0  invalid 762 tFOTS 0.0000 tGradient 2.0130 tsec 2.3060
#GCMRL#  258 dt  36.288000 rms  0.599  0.040% neg 0  invalid 762 tFOTS 0.0000 tGradient 2.0840 tsec 2.3670
#GCMRL#  259 dt  36.288000 rms  0.599  0.044% neg 0  invalid 762 tFOTS 0.0000 tGradient 2.0360 tsec 2.3170
#GCMRL#  260 dt  36.288000 rms  0.598  0.047% neg 0  invalid 762 tFOTS 0.0000 tGradient 2.0970 tsec 2.3990
#GCMRL#  261 dt  36.288000 rms  0.598  0.040% neg 0  invalid 762 tFOTS 0.0000 tGradient 2.0570 tsec 2.3630
#GCMRL#  262 dt  36.288000 rms  0.598  0.030% neg 0  invalid 762 tFOTS 0.0000 tGradient 2.1190 tsec 2.4210
#GCMRL#  263 dt  36.288000 rms  0.598  0.023% neg 0  invalid 762 tFOTS 0.0000 tGradient 2.1120 tsec 2.4290
#GCMRL#  264 dt  36.288000 rms  0.598  0.029% neg 0  invalid 762 tFOTS 0.0000 tGradient 2.1500 tsec 2.4410
#GCMRL#  265 dt  36.288000 rms  0.597  0.039% neg 0  invalid 762 tFOTS 0.0000 tGradient 2.0180 tsec 2.3130
#GCMRL#  266 dt  36.288000 rms  0.597  0.043% neg 0  invalid 762 tFOTS 0.0000 tGradient 2.0640 tsec 2.3470
#GCMRL#  267 dt  36.288000 rms  0.597  0.037% neg 0  invalid 762 tFOTS 0.0000 tGradient 1.9460 tsec 2.2360
#GCMRL#  268 dt  36.288000 rms  0.597  0.030% neg 0  invalid 762 tFOTS 0.0000 tGradient 2.1550 tsec 2.4580
#GCMRL#  269 dt  36.288000 rms  0.596  0.035% neg 0  invalid 762 tFOTS 0.0000 tGradient 2.0750 tsec 2.3830
#GCMRL#  270 dt  36.288000 rms  0.596  0.026% neg 0  invalid 762 tFOTS 0.0000 tGradient 2.1370 tsec 2.4360
#GCMRL#  271 dt  36.288000 rms  0.596  0.030% neg 0  invalid 762 tFOTS 0.0000 tGradient 2.0690 tsec 2.3690
#GCMRL#  272 dt  36.288000 rms  0.596  0.032% neg 0  invalid 762 tFOTS 0.0000 tGradient 2.1660 tsec 2.4650
#GCMRL#  273 dt  36.288000 rms  0.596  0.030% neg 0  invalid 762 tFOTS 0.0000 tGradient 2.1540 tsec 2.4390
#GCMRL#  274 dt  36.288000 rms  0.596  0.024% neg 0  invalid 762 tFOTS 0.0000 tGradient 2.0450 tsec 2.3490
#GCMRL#  275 dt  36.288000 rms  0.595  0.027% neg 0  invalid 762 tFOTS 0.0000 tGradient 2.0210 tsec 2.3030
#GCMRL#  276 dt  36.288000 rms  0.595  0.028% neg 0  invalid 762 tFOTS 0.0000 tGradient 2.0650 tsec 2.3460
#GCMRL#  277 dt  36.288000 rms  0.595  0.024% neg 0  invalid 762 tFOTS 0.0000 tGradient 2.0050 tsec 2.2910
#GCMRL#  278 dt  36.288000 rms  0.595  0.036% neg 0  invalid 762 tFOTS 0.0000 tGradient 2.1880 tsec 2.4880
#GCMRL#  279 dt  36.288000 rms  0.595  0.028% neg 0  invalid 762 tFOTS 0.0000 tGradient 2.0480 tsec 2.3570
#GCMRL#  280 dt  36.288000 rms  0.595  0.028% neg 0  invalid 762 tFOTS 0.0000 tGradient 2.1140 tsec 2.4080
#GCMRL#  281 dt  36.288000 rms  0.594  0.020% neg 0  invalid 762 tFOTS 0.0000 tGradient 2.0370 tsec 2.3440
#GCMRL#  282 dt  36.288000 rms  0.594  0.024% neg 0  invalid 762 tFOTS 0.0000 tGradient 2.0990 tsec 2.3910
#GCMRL#  283 dt  36.288000 rms  0.594  0.029% neg 0  invalid 762 tFOTS 0.0000 tGradient 2.1130 tsec 2.4020
#GCMRL#  284 dt  36.288000 rms  0.594  0.025% neg 0  invalid 762 tFOTS 0.0000 tGradient 2.0780 tsec 2.3840
#GCMRL#  285 dt  36.288000 rms  0.594  0.027% neg 0  invalid 762 tFOTS 0.0000 tGradient 2.0930 tsec 2.3800
#GCMRL#  286 dt  36.288000 rms  0.594  0.025% neg 0  invalid 762 tFOTS 0.0000 tGradient 2.0540 tsec 2.3430
#GCMRL#  287 dt  36.288000 rms  0.594  0.034% neg 0  invalid 762 tFOTS 0.0000 tGradient 2.0270 tsec 2.3150
#GCMRL#  288 dt  36.288000 rms  0.593  0.023% neg 0  invalid 762 tFOTS 0.0000 tGradient 2.0600 tsec 2.3480
#GCMRL#  289 dt  36.288000 rms  0.593  0.029% neg 0  invalid 762 tFOTS 0.0000 tGradient 2.0880 tsec 2.3820
#GCMRL#  290 dt  36.288000 rms  0.593  0.022% neg 0  invalid 762 tFOTS 0.0000 tGradient 2.2110 tsec 2.4850
#GCMRL#  291 dt  36.288000 rms  0.593  0.026% neg 0  invalid 762 tFOTS 0.0000 tGradient 2.0990 tsec 2.4550
#GCMRL#  292 dt  36.288000 rms  0.593  0.019% neg 0  invalid 762 tFOTS 0.0000 tGradient 2.0690 tsec 2.3710
#GCMRL#  293 dt  36.288000 rms  0.593  0.016% neg 0  invalid 762 tFOTS 0.0000 tGradient 2.1120 tsec 2.4420
#FOTS# QuadFit found better minimum quadopt=(dt=145.152,rms=0.592659) vs oldopt=(dt=103.68,rms=0.592671)
#GCMRL#  294 dt 145.152000 rms  0.593  0.000% neg 0  invalid 762 tFOTS 4.7960 tGradient 2.0410 tsec 7.1820
#GCMRL#  295 dt 145.152000 rms  0.593  0.006% neg 0  invalid 762 tFOTS 0.0000 tGradient 2.1140 tsec 2.3980
#GCMRL#  296 dt 145.152000 rms  0.593  0.006% neg 0  invalid 762 tFOTS 0.0000 tGradient 2.1260 tsec 2.4060
#GCMRL#  297 dt 145.152000 rms  0.592  0.044% neg 0  invalid 762 tFOTS 0.0000 tGradient 2.1310 tsec 2.4220
#GCMRL#  298 dt 145.152000 rms  0.592 -0.012% neg 0  invalid 762 tFOTS 0.0000 tGradient 2.1350 tsec 2.6820

#GCAMreg# pass 0 level1 4 level2 1 tsec 442.342 sigma 0.5
l_jacobian=1.00 l_label=1.00 l_log_likelihood=0.20 l_smoothness=0.03 
tol=5.00e-02, dt=5.00e-02, exp_k=20.0, momentum=0.90, levels=6, niter=500, lbl_dist=10.00, avgs=64, sigma=0.5,type=2, relabel=0, neg=no

blurring input image with Gaussian with sigma=0.500...
GCAMRegisterLevel(): init RMS 0.592824
#GCMRL#  300 dt 103.680000 rms  0.590  0.408% neg 0  invalid 762 tFOTS 4.8620 tGradient 2.1240 tsec 7.3210
#FOTS# QuadFit found better minimum quadopt=(dt=62.208,rms=0.589761) vs oldopt=(dt=103.68,rms=0.589934)
#GCMRL#  301 dt  62.208000 rms  0.590  0.109% neg 0  invalid 762 tFOTS 4.3890 tGradient 2.0790 tsec 6.7830
#FOTS# QuadFit found better minimum quadopt=(dt=145.152,rms=0.588947) vs oldopt=(dt=103.68,rms=0.589015)
#GCMRL#  302 dt 145.152000 rms  0.589  0.138% neg 0  invalid 762 tFOTS 4.6440 tGradient 2.0710 tsec 7.0690
#FOTS# QuadFit found better minimum quadopt=(dt=36.288,rms=0.588641) vs oldopt=(dt=25.92,rms=0.588672)
#GCMRL#  303 dt  36.288000 rms  0.589  0.052% neg 0  invalid 762 tFOTS 4.4050 tGradient 2.0630 tsec 6.8130
#GCMRL#  304 dt 414.720000 rms  0.588  0.134% neg 0  invalid 762 tFOTS 4.9560 tGradient 2.1030 tsec 7.3910
#FOTS# QuadFit found better minimum quadopt=(dt=36.288,rms=0.587374) vs oldopt=(dt=25.92,rms=0.587461)
#GCMRL#  305 dt  36.288000 rms  0.587  0.082% neg 0  invalid 762 tFOTS 4.2740 tGradient 1.9340 tsec 6.5200
#FOTS# QuadFit found better minimum quadopt=(dt=145.152,rms=0.587044) vs oldopt=(dt=103.68,rms=0.587108)
#GCMRL#  306 dt 145.152000 rms  0.587  0.056% neg 0  invalid 762 tFOTS 4.6600 tGradient 1.9240 tsec 6.9150
#FOTS# QuadFit found better minimum quadopt=(dt=36.288,rms=0.586994) vs oldopt=(dt=25.92,rms=0.587004)
#GCMRL#  307 dt  36.288000 rms  0.587  0.000% neg 0  invalid 762 tFOTS 4.9080 tGradient 1.9730 tsec 7.2380
#GCMRL#  308 dt  36.288000 rms  0.587  0.010% neg 0  invalid 762 tFOTS 0.0000 tGradient 2.0010 tsec 2.2970
#GCMRL#  309 dt  36.288000 rms  0.587  0.018% neg 0  invalid 762 tFOTS 0.0000 tGradient 1.9060 tsec 2.2070
#GCMRL#  310 dt  36.288000 rms  0.587  0.028% neg 0  invalid 762 tFOTS 0.0000 tGradient 2.0160 tsec 2.3130
#GCMRL#  311 dt  36.288000 rms  0.586  0.035% neg 0  invalid 762 tFOTS 0.0000 tGradient 2.2710 tsec 2.6090
#GCMRL#  312 dt  36.288000 rms  0.586  0.034% neg 0  invalid 762 tFOTS 0.0000 tGradient 1.9140 tsec 2.2230
#GCMRL#  313 dt  36.288000 rms  0.586  0.039% neg 0  invalid 762 tFOTS 0.0000 tGradient 1.9250 tsec 2.2240
#GCMRL#  314 dt  36.288000 rms  0.586  0.036% neg 0  invalid 762 tFOTS 0.0000 tGradient 1.8810 tsec 2.1710
#GCMRL#  315 dt  36.288000 rms  0.586  0.041% neg 0  invalid 762 tFOTS 0.0000 tGradient 1.8430 tsec 2.1380
#GCMRL#  316 dt  36.288000 rms  0.585  0.036% neg 0  invalid 762 tFOTS 0.0000 tGradient 1.8380 tsec 2.1220
#GCMRL#  317 dt  36.288000 rms  0.585  0.040% neg 0  invalid 762 tFOTS 0.0000 tGradient 1.8740 tsec 2.1900
#GCMRL#  318 dt  36.288000 rms  0.585  0.040% neg 0  invalid 762 tFOTS 0.0000 tGradient 1.9450 tsec 2.2570
#GCMRL#  319 dt  36.288000 rms  0.585  0.042% neg 0  invalid 762 tFOTS 0.0000 tGradient 1.9410 tsec 2.2510
#GCMRL#  320 dt  36.288000 rms  0.584  0.041% neg 0  invalid 762 tFOTS 0.0000 tGradient 2.0090 tsec 2.3140
#GCMRL#  321 dt  36.288000 rms  0.584  0.040% neg 0  invalid 762 tFOTS 0.0000 tGradient 1.9310 tsec 2.2450
#GCMRL#  322 dt  36.288000 rms  0.584  0.038% neg 0  invalid 762 tFOTS 0.0000 tGradient 1.8540 tsec 2.1580
#GCMRL#  323 dt  36.288000 rms  0.584  0.037% neg 0  invalid 762 tFOTS 0.0000 tGradient 1.9560 tsec 2.2630
#GCMRL#  324 dt  36.288000 rms  0.584  0.035% neg 0  invalid 762 tFOTS 0.0000 tGradient 2.0790 tsec 2.4160
#GCMRL#  325 dt  36.288000 rms  0.583  0.035% neg 0  invalid 762 tFOTS 0.0000 tGradient 1.9490 tsec 2.2620
#GCMRL#  326 dt  36.288000 rms  0.583  0.034% neg 0  invalid 762 tFOTS 0.0000 tGradient 2.1050 tsec 2.4160
#GCMRL#  327 dt  36.288000 rms  0.583  0.034% neg 0  invalid 762 tFOTS 0.0000 tGradient 1.9740 tsec 2.2770
#GCMRL#  328 dt  36.288000 rms  0.583  0.032% neg 0  invalid 762 tFOTS 0.0000 tGradient 1.9790 tsec 2.3040
#GCMRL#  329 dt  36.288000 rms  0.583  0.030% neg 0  invalid 762 tFOTS 0.0000 tGradient 2.0080 tsec 2.3370
#GCMRL#  330 dt  36.288000 rms  0.582  0.042% neg 0  invalid 762 tFOTS 0.0000 tGradient 1.9840 tsec 2.3060
#GCMRL#  331 dt  36.288000 rms  0.582  0.039% neg 0  invalid 762 tFOTS 0.0000 tGradient 1.9270 tsec 2.2390
#GCMRL#  332 dt  36.288000 rms  0.582  0.038% neg 0  invalid 762 tFOTS 0.0000 tGradient 1.9750 tsec 2.3050
#GCMRL#  333 dt  36.288000 rms  0.582  0.028% neg 0  invalid 762 tFOTS 0.0000 tGradient 2.0080 tsec 2.3150
#GCMRL#  334 dt  36.288000 rms  0.582  0.030% neg 0  invalid 762 tFOTS 0.0000 tGradient 2.0110 tsec 2.2920
#GCMRL#  335 dt  36.288000 rms  0.581  0.021% neg 0  invalid 762 tFOTS 0.0000 tGradient 2.0140 tsec 2.3080
#GCMRL#  336 dt  36.288000 rms  0.581  0.031% neg 0  invalid 762 tFOTS 0.0000 tGradient 1.9160 tsec 2.2300
#GCMRL#  337 dt  36.288000 rms  0.581  0.034% neg 0  invalid 762 tFOTS 0.0000 tGradient 1.9080 tsec 2.2040
#GCMRL#  338 dt  36.288000 rms  0.581  0.034% neg 0  invalid 762 tFOTS 0.0000 tGradient 1.9150 tsec 2.2160
#GCMRL#  339 dt  36.288000 rms  0.581  0.030% neg 0  invalid 762 tFOTS 0.0000 tGradient 1.8840 tsec 2.1760
#GCMRL#  340 dt  36.288000 rms  0.581  0.032% neg 0  invalid 762 tFOTS 0.0000 tGradient 2.0460 tsec 2.3320
#GCMRL#  341 dt  36.288000 rms  0.580  0.031% neg 0  invalid 762 tFOTS 0.0000 tGradient 1.9750 tsec 2.2770
#GCMRL#  342 dt  36.288000 rms  0.580  0.025% neg 0  invalid 762 tFOTS 0.0000 tGradient 1.9760 tsec 2.2700
#GCMRL#  343 dt  36.288000 rms  0.580  0.033% neg 0  invalid 762 tFOTS 0.0000 tGradient 1.9970 tsec 2.3110
#GCMRL#  344 dt  36.288000 rms  0.580  0.029% neg 0  invalid 762 tFOTS 0.0000 tGradient 1.9630 tsec 2.2650
#GCMRL#  345 dt  36.288000 rms  0.580  0.025% neg 0  invalid 762 tFOTS 0.0000 tGradient 1.8670 tsec 2.1640
#GCMRL#  346 dt  36.288000 rms  0.580  0.015% neg 0  invalid 762 tFOTS 0.0000 tGradient 1.9020 tsec 2.2140
#FOTS# QuadFit found better minimum quadopt=(dt=36.288,rms=0.579567) vs oldopt=(dt=25.92,rms=0.579568)
#GCMRL#  347 dt  36.288000 rms  0.580  0.000% neg 0  invalid 762 tFOTS 5.0870 tGradient 1.9010 tsec 7.3250
#GCMRL#  348 dt  36.288000 rms  0.580  0.002% neg 0  invalid 762 tFOTS 0.0000 tGradient 1.9140 tsec 2.2160
#GCMRL#  349 dt  36.288000 rms  0.580  0.004% neg 0  invalid 762 tFOTS 0.0000 tGradient 1.9400 tsec 2.2340
#GCMRL#  350 dt  36.288000 rms  0.580  0.003% neg 0  invalid 762 tFOTS 0.0000 tGradient 1.9210 tsec 2.2370
#GCMRL#  351 dt  36.288000 rms  0.579  0.005% neg 0  invalid 762 tFOTS 0.0000 tGradient 1.9760 tsec 2.2620
setting smoothness cost coefficient to 0.118

#GCAMreg# pass 0 level1 3 level2 0 tsec 0 sigma 2
l_jacobian=1.00 l_label=1.00 l_log_likelihood=0.20 l_smoothness=0.12 
tol=5.00e-02, dt=5.00e-02, exp_k=20.0, momentum=0.90, levels=6, niter=500, lbl_dist=10.00, avgs=16, sigma=2.0,type=2, relabel=0, neg=no

blurring input image with Gaussian with sigma=2.000...
GCAMRegisterLevel(): init RMS 0.594036
#FOTS# QuadFit found better minimum quadopt=(dt=11.2,rms=0.592825) vs oldopt=(dt=8,rms=0.592951)
#GCMRL#  353 dt  11.200000 rms  0.593  0.204% neg 0  invalid 762 tFOTS 4.7310 tGradient 1.7030 tsec 6.7430
#FOTS# QuadFit found better minimum quadopt=(dt=25.0141,rms=0.592348) vs oldopt=(dt=32,rms=0.592466)
#GCMRL#  354 dt  25.014085 rms  0.592  0.081% neg 0  invalid 762 tFOTS 4.7730 tGradient 1.7900 tsec 6.8880
#FOTS# QuadFit found better minimum quadopt=(dt=97.641,rms=0.59055) vs oldopt=(dt=32,rms=0.590979)
#GCMRL#  355 dt  97.641026 rms  0.591  0.304% neg 0  invalid 762 tFOTS 4.6270 tGradient 1.7000 tsec 6.6650
#FOTS# QuadFit found better minimum quadopt=(dt=151.858,rms=0.582403) vs oldopt=(dt=128,rms=0.582488)
#GCMRL#  356 dt 151.857988 rms  0.582  1.380% neg 0  invalid 762 tFOTS 4.6250 tGradient 1.7000 tsec 6.6370
#FOTS# QuadFit found better minimum quadopt=(dt=24.9089,rms=0.578769) vs oldopt=(dt=32,rms=0.579184)
#GCMRL#  357 dt  24.908886 rms  0.579  0.624% neg 0  invalid 762 tFOTS 4.3220 tGradient 1.6910 tsec 6.3260
#FOTS# QuadFit found better minimum quadopt=(dt=11.2,rms=0.578355) vs oldopt=(dt=8,rms=0.578394)
#GCMRL#  358 dt  11.200000 rms  0.578  0.072% neg 0  invalid 762 tFOTS 4.3230 tGradient 1.9880 tsec 6.6450
#FOTS# QuadFit found better minimum quadopt=(dt=11.2,rms=0.578212) vs oldopt=(dt=8,rms=0.578234)
#GCMRL#  359 dt  11.200000 rms  0.578  0.000% neg 0  invalid 762 tFOTS 4.6760 tGradient 1.7180 tsec 6.7480
#GCMRL#  360 dt  11.200000 rms  0.578  0.024% neg 0  invalid 762 tFOTS 0.0000 tGradient 1.7530 tsec 2.0680
#GCMRL#  361 dt  11.200000 rms  0.578  0.046% neg 0  invalid 762 tFOTS 0.0000 tGradient 1.6770 tsec 1.9930
#GCMRL#  362 dt  11.200000 rms  0.577  0.063% neg 0  invalid 762 tFOTS 0.0000 tGradient 1.7240 tsec 2.0370
#GCMRL#  363 dt  11.200000 rms  0.577  0.110% neg 0  invalid 762 tFOTS 0.0000 tGradient 1.6250 tsec 1.9320
#GCMRL#  364 dt  11.200000 rms  0.576  0.170% neg 0  invalid 762 tFOTS 0.0000 tGradient 1.7530 tsec 2.0620
#GCMRL#  365 dt  11.200000 rms  0.575  0.223% neg 0  invalid 762 tFOTS 0.0000 tGradient 1.6880 tsec 2.0010
#GCMRL#  366 dt  11.200000 rms  0.573  0.261% neg 0  invalid 762 tFOTS 0.0000 tGradient 1.9600 tsec 2.2950
#GCMRL#  367 dt  11.200000 rms  0.571  0.273% neg 0  invalid 762 tFOTS 0.0000 tGradient 1.7190 tsec 2.0260
#GCMRL#  368 dt  11.200000 rms  0.570  0.264% neg 0  invalid 762 tFOTS 0.0000 tGradient 1.6640 tsec 1.9660
#GCMRL#  369 dt  11.200000 rms  0.570  0.029% neg 0  invalid 762 tFOTS 0.0000 tGradient 1.7110 tsec 2.1740
#GCMRL#  370 dt  11.200000 rms  0.570  0.039% neg 0  invalid 762 tFOTS 0.0000 tGradient 1.6750 tsec 1.9750
#GCMRL#  371 dt  11.200000 rms  0.569  0.061% neg 0  invalid 762 tFOTS 0.0000 tGradient 1.6490 tsec 1.9380
#GCMRL#  372 dt  11.200000 rms  0.569  0.069% neg 0  invalid 762 tFOTS 0.0000 tGradient 1.6110 tsec 1.8960
#GCMRL#  373 dt  11.200000 rms  0.568  0.096% neg 0  invalid 762 tFOTS 0.0000 tGradient 1.6220 tsec 1.9180
#GCMRL#  374 dt  11.200000 rms  0.568  0.112% neg 0  invalid 762 tFOTS 0.0000 tGradient 1.7300 tsec 2.0430
#GCMRL#  375 dt  11.200000 rms  0.567  0.128% neg 0  invalid 762 tFOTS 0.0000 tGradient 1.7030 tsec 2.0110
#GCMRL#  376 dt  11.200000 rms  0.567  0.019% neg 0  invalid 762 tFOTS 0.0000 tGradient 1.6220 tsec 2.0990
#GCMRL#  377 dt   5.600000 rms  0.567  0.013% neg 0  invalid 762 tFOTS 0.0000 tGradient 1.6120 tsec 2.3020
#FOTS# QuadFit found better minimum quadopt=(dt=0.6,rms=0.566769) vs oldopt=(dt=0.5,rms=0.56677)

#GCAMreg# pass 0 level1 3 level2 1 tsec 97.372 sigma 0.5
l_jacobian=1.00 l_label=1.00 l_log_likelihood=0.20 l_smoothness=0.12 
tol=5.00e-02, dt=5.00e-02, exp_k=20.0, momentum=0.90, levels=6, niter=500, lbl_dist=10.00, avgs=16, sigma=0.5,type=2, relabel=0, neg=no

blurring input image with Gaussian with sigma=0.500...
GCAMRegisterLevel(): init RMS 0.567212
#FOTS# QuadFit found better minimum quadopt=(dt=44.8,rms=0.563386) vs oldopt=(dt=32,rms=0.563767)
#GCMRL#  379 dt  44.800000 rms  0.563  0.675% neg 0  invalid 762 tFOTS 4.4550 tGradient 1.6440 tsec 6.4410
#FOTS# QuadFit found better minimum quadopt=(dt=25.2549,rms=0.562455) vs oldopt=(dt=32,rms=0.562578)
#GCMRL#  380 dt  25.254902 rms  0.562  0.165% neg 0  invalid 762 tFOTS 4.4690 tGradient 1.5880 tsec 6.3830
#FOTS# QuadFit found better minimum quadopt=(dt=38.4,rms=0.561422) vs oldopt=(dt=32,rms=0.561435)
#GCMRL#  381 dt  38.400000 rms  0.561  0.184% neg 0  invalid 762 tFOTS 4.5010 tGradient 1.6850 tsec 6.5070
#FOTS# QuadFit found better minimum quadopt=(dt=11.2,rms=0.560854) vs oldopt=(dt=8,rms=0.560971)
#GCMRL#  382 dt  11.200000 rms  0.561  0.101% neg 0  invalid 762 tFOTS 4.6200 tGradient 1.6150 tsec 6.5800
#FOTS# QuadFit found better minimum quadopt=(dt=44.8,rms=0.5599) vs oldopt=(dt=32,rms=0.560082)
#GCMRL#  383 dt  44.800000 rms  0.560  0.170% neg 0  invalid 762 tFOTS 4.5790 tGradient 1.6260 tsec 6.5310
#FOTS# QuadFit found better minimum quadopt=(dt=25.6,rms=0.559509) vs oldopt=(dt=32,rms=0.55954)
#GCMRL#  384 dt  25.600000 rms  0.560  0.070% neg 0  invalid 762 tFOTS 4.4920 tGradient 1.5820 tsec 6.3980
#FOTS# QuadFit found better minimum quadopt=(dt=38.4,rms=0.558974) vs oldopt=(dt=32,rms=0.558982)
#GCMRL#  385 dt  38.400000 rms  0.559  0.096% neg 0  invalid 762 tFOTS 4.4660 tGradient 1.6850 tsec 6.4710
#FOTS# QuadFit found better minimum quadopt=(dt=25.6,rms=0.558475) vs oldopt=(dt=32,rms=0.558541)
#GCMRL#  386 dt  25.600000 rms  0.558  0.089% neg 0  invalid 762 tFOTS 4.4450 tGradient 1.6380 tsec 6.4140
#FOTS# QuadFit found better minimum quadopt=(dt=25.6,rms=0.558113) vs oldopt=(dt=32,rms=0.558148)
#GCMRL#  387 dt  25.600000 rms  0.558  0.065% neg 0  invalid 762 tFOTS 4.4330 tGradient 1.6730 tsec 6.4340
#GCMRL#  388 dt  32.000000 rms  0.558  0.086% neg 0  invalid 762 tFOTS 4.4180 tGradient 1.6220 tsec 6.3880
#FOTS# QuadFit found better minimum quadopt=(dt=11.2,rms=0.557423) vs oldopt=(dt=8,rms=0.557465)
#GCMRL#  389 dt  11.200000 rms  0.557  0.000% neg 0  invalid 762 tFOTS 4.3470 tGradient 1.6800 tsec 6.3670
#GCMRL#  390 dt  11.200000 rms  0.557  0.031% neg 0  invalid 762 tFOTS 0.0000 tGradient 1.7230 tsec 2.0160
#GCMRL#  391 dt  11.200000 rms  0.557  0.046% neg 0  invalid 762 tFOTS 0.0000 tGradient 1.7510 tsec 2.0320
#GCMRL#  392 dt  11.200000 rms  0.557  0.064% neg 0  invalid 762 tFOTS 0.0000 tGradient 1.6370 tsec 1.9290
#GCMRL#  393 dt  11.200000 rms  0.556  0.085% neg 0  invalid 762 tFOTS 0.0000 tGradient 1.7430 tsec 2.0210
#GCMRL#  394 dt  11.200000 rms  0.556  0.090% neg 0  invalid 762 tFOTS 0.0000 tGradient 1.7240 tsec 2.0160
#GCMRL#  395 dt  11.200000 rms  0.555  0.099% neg 0  invalid 762 tFOTS 0.0000 tGradient 1.7390 tsec 2.0360
#GCMRL#  396 dt  11.200000 rms  0.555  0.103% neg 0  invalid 762 tFOTS 0.0000 tGradient 1.6980 tsec 1.9880
#GCMRL#  397 dt  11.200000 rms  0.554  0.106% neg 0  invalid 762 tFOTS 0.0000 tGradient 1.7120 tsec 2.0030
#GCMRL#  398 dt  11.200000 rms  0.553  0.095% neg 0  invalid 762 tFOTS 0.0000 tGradient 1.6730 tsec 1.9760
#GCMRL#  399 dt  11.200000 rms  0.553  0.097% neg 0  invalid 762 tFOTS 0.0000 tGradient 1.6460 tsec 1.9410
#GCMRL#  400 dt  11.200000 rms  0.552  0.095% neg 0  invalid 762 tFOTS 0.0000 tGradient 1.6550 tsec 1.9530
#GCMRL#  401 dt  11.200000 rms  0.552  0.094% neg 0  invalid 762 tFOTS 0.0000 tGradient 1.6790 tsec 1.9760
#GCMRL#  402 dt  11.200000 rms  0.551  0.089% neg 0  invalid 762 tFOTS 0.0000 tGradient 1.7330 tsec 2.0290
#GCMRL#  403 dt  11.200000 rms  0.551  0.096% neg 0  invalid 762 tFOTS 0.0000 tGradient 1.7330 tsec 2.0240
#GCMRL#  404 dt  11.200000 rms  0.550  0.101% neg 0  invalid 762 tFOTS 0.0000 tGradient 1.6820 tsec 1.9750
#GCMRL#  405 dt  11.200000 rms  0.550  0.108% neg 0  invalid 762 tFOTS 0.0000 tGradient 1.7430 tsec 2.0360
#GCMRL#  406 dt  11.200000 rms  0.549  0.108% neg 0  invalid 762 tFOTS 0.0000 tGradient 1.6030 tsec 1.8960
#GCMRL#  407 dt  11.200000 rms  0.549  0.104% neg 0  invalid 762 tFOTS 0.0000 tGradient 1.5820 tsec 1.8720
#GCMRL#  408 dt  11.200000 rms  0.548  0.099% neg 0  invalid 762 tFOTS 0.0000 tGradient 1.6110 tsec 1.9010
#GCMRL#  409 dt  11.200000 rms  0.547  0.098% neg 0  invalid 762 tFOTS 0.0000 tGradient 1.6680 tsec 1.9710
#GCMRL#  410 dt  11.200000 rms  0.547  0.095% neg 0  invalid 762 tFOTS 0.0000 tGradient 1.6790 tsec 1.9720
#GCMRL#  411 dt  11.200000 rms  0.546  0.090% neg 0  invalid 762 tFOTS 0.0000 tGradient 1.6780 tsec 1.9640
#GCMRL#  412 dt  11.200000 rms  0.546  0.081% neg 0  invalid 762 tFOTS 0.0000 tGradient 1.6930 tsec 1.9920
#GCMRL#  413 dt  11.200000 rms  0.546  0.080% neg 0  invalid 762 tFOTS 0.0000 tGradient 1.6430 tsec 1.9330
#GCMRL#  414 dt  11.200000 rms  0.545  0.073% neg 0  invalid 762 tFOTS 0.0000 tGradient 1.7000 tsec 1.9930
#GCMRL#  415 dt  11.200000 rms  0.545  0.067% neg 0  invalid 762 tFOTS 0.0000 tGradient 1.6890 tsec 1.9860
#GCMRL#  416 dt  11.200000 rms  0.544  0.065% neg 0  invalid 762 tFOTS 0.0000 tGradient 1.6960 tsec 1.9910
#GCMRL#  417 dt  11.200000 rms  0.544  0.061% neg 0  invalid 762 tFOTS 0.0000 tGradient 1.6350 tsec 1.9330
#GCMRL#  418 dt  11.200000 rms  0.544  0.059% neg 0  invalid 762 tFOTS 0.0000 tGradient 1.7440 tsec 2.0360
#GCMRL#  419 dt  11.200000 rms  0.543  0.058% neg 0  invalid 762 tFOTS 0.0000 tGradient 1.6890 tsec 1.9830
#GCMRL#  420 dt  11.200000 rms  0.543  0.056% neg 0  invalid 762 tFOTS 0.0000 tGradient 1.6510 tsec 1.9540
#GCMRL#  421 dt  11.200000 rms  0.543  0.063% neg 0  invalid 762 tFOTS 0.0000 tGradient 1.6250 tsec 1.9160
#GCMRL#  422 dt  11.200000 rms  0.543  0.056% neg 0  invalid 762 tFOTS 0.0000 tGradient 1.6160 tsec 1.9050
#GCMRL#  423 dt  11.200000 rms  0.542  0.049% neg 0  invalid 762 tFOTS 0.0000 tGradient 1.6250 tsec 1.9200
#GCMRL#  424 dt  11.200000 rms  0.542  0.049% neg 0  invalid 762 tFOTS 0.0000 tGradient 1.6300 tsec 1.9330
#GCMRL#  425 dt  11.200000 rms  0.542  0.042% neg 0  invalid 762 tFOTS 0.0000 tGradient 1.6510 tsec 1.9470
#GCMRL#  426 dt  11.200000 rms  0.541  0.049% neg 0  invalid 762 tFOTS 0.0000 tGradient 1.6690 tsec 1.9610
#GCMRL#  427 dt  11.200000 rms  0.541  0.041% neg 0  invalid 762 tFOTS 0.0000 tGradient 1.6530 tsec 1.9490
#GCMRL#  428 dt  11.200000 rms  0.541  0.035% neg 0  invalid 762 tFOTS 0.0000 tGradient 1.6420 tsec 1.9300
#GCMRL#  429 dt  11.200000 rms  0.541  0.036% neg 0  invalid 762 tFOTS 0.0000 tGradient 1.6330 tsec 1.9340
#GCMRL#  430 dt  11.200000 rms  0.541  0.039% neg 0  invalid 762 tFOTS 0.0000 tGradient 1.6320 tsec 1.9160
#GCMRL#  431 dt  11.200000 rms  0.540  0.037% neg 0  invalid 762 tFOTS 0.0000 tGradient 1.6640 tsec 1.9600
#GCMRL#  432 dt  11.200000 rms  0.540  0.037% neg 0  invalid 762 tFOTS 0.0000 tGradient 1.6250 tsec 1.9190
#GCMRL#  433 dt  11.200000 rms  0.540  0.044% neg 0  invalid 762 tFOTS 0.0000 tGradient 1.6720 tsec 1.9720
#GCMRL#  434 dt  11.200000 rms  0.540  0.041% neg 0  invalid 762 tFOTS 0.0000 tGradient 1.6190 tsec 1.9170
#GCMRL#  435 dt  11.200000 rms  0.540  0.031% neg 0  invalid 762 tFOTS 0.0000 tGradient 1.6550 tsec 1.9420
#GCMRL#  436 dt  11.200000 rms  0.539  0.030% neg 0  invalid 762 tFOTS 0.0000 tGradient 1.7180 tsec 2.0110
#GCMRL#  437 dt  11.200000 rms  0.539  0.024% neg 0  invalid 762 tFOTS 0.0000 tGradient 1.6710 tsec 1.9890
#GCMRL#  438 dt  11.200000 rms  0.539  0.025% neg 0  invalid 762 tFOTS 0.0000 tGradient 1.6420 tsec 1.9460
#GCMRL#  439 dt  11.200000 rms  0.539  0.024% neg 0  invalid 762 tFOTS 0.0000 tGradient 1.6500 tsec 1.9600
#GCMRL#  440 dt  11.200000 rms  0.539  0.026% neg 0  invalid 762 tFOTS 0.0000 tGradient 1.6440 tsec 1.9590
#GCMRL#  441 dt  11.200000 rms  0.539  0.027% neg 0  invalid 762 tFOTS 0.0000 tGradient 1.6860 tsec 1.9920
#GCMRL#  442 dt  11.200000 rms  0.539  0.028% neg 0  invalid 762 tFOTS 0.0000 tGradient 1.6670 tsec 1.9660
#GCMRL#  443 dt  11.200000 rms  0.538  0.027% neg 0  invalid 762 tFOTS 0.0000 tGradient 1.6870 tsec 2.0010
#GCMRL#  444 dt  11.200000 rms  0.538  0.031% neg 0  invalid 762 tFOTS 0.0000 tGradient 1.6500 tsec 1.9490
#GCMRL#  445 dt  11.200000 rms  0.538  0.030% neg 0  invalid 762 tFOTS 0.0000 tGradient 1.5890 tsec 1.8930
#GCMRL#  446 dt  11.200000 rms  0.538  0.022% neg 0  invalid 762 tFOTS 0.0000 tGradient 1.6760 tsec 1.9800
#GCMRL#  447 dt  11.200000 rms  0.538  0.017% neg 0  invalid 762 tFOTS 0.0000 tGradient 1.6590 tsec 1.9870
#FOTS# QuadFit found better minimum quadopt=(dt=25.6,rms=0.537901) vs oldopt=(dt=32,rms=0.537903)
#GCMRL#  448 dt  25.600000 rms  0.538  0.000% neg 0  invalid 762 tFOTS 4.3930 tGradient 1.6850 tsec 6.4340
#GCMRL#  449 dt  25.600000 rms  0.538  0.003% neg 0  invalid 762 tFOTS 0.0000 tGradient 1.5960 tsec 1.9030
#GCMRL#  450 dt  25.600000 rms  0.538  0.006% neg 0  invalid 762 tFOTS 0.0000 tGradient 1.6190 tsec 1.9100
#GCMRL#  451 dt  25.600000 rms  0.538  0.013% neg 0  invalid 762 tFOTS 0.0000 tGradient 1.6080 tsec 1.8990
#GCMRL#  452 dt  25.600000 rms  0.538  0.013% neg 0  invalid 762 tFOTS 0.0000 tGradient 1.6090 tsec 1.9250
#GCMRL#  453 dt  25.600000 rms  0.538  0.020% neg 0  invalid 762 tFOTS 0.0000 tGradient 1.6050 tsec 1.9080
#GCMRL#  454 dt  25.600000 rms  0.537  0.023% neg 0  invalid 762 tFOTS 0.0000 tGradient 1.6300 tsec 1.9310
setting smoothness cost coefficient to 0.400

#GCAMreg# pass 0 level1 2 level2 0 tsec 0 sigma 2
l_jacobian=1.00 l_label=1.00 l_log_likelihood=0.20 l_smoothness=0.40 
tol=5.00e-02, dt=5.00e-02, exp_k=20.0, momentum=0.90, levels=6, niter=500, lbl_dist=10.00, avgs=4, sigma=2.0,type=2, relabel=0, neg=no

blurring input image with Gaussian with sigma=2.000...
GCAMRegisterLevel(): init RMS 0.56705
#GCMRL#  456 dt   0.000000 rms  0.567  0.068% neg 0  invalid 762 tFOTS 4.2210 tGradient 1.5790 tsec 6.1310
#GCMRL#  457 dt   0.150000 rms  0.567  0.000% neg 0  invalid 762 tFOTS 4.5090 tGradient 1.5830 tsec 6.7280

#GCAMreg# pass 0 level1 2 level2 1 tsec 23.148 sigma 0.5
l_jacobian=1.00 l_label=1.00 l_log_likelihood=0.20 l_smoothness=0.40 
tol=5.00e-02, dt=5.00e-02, exp_k=20.0, momentum=0.90, levels=6, niter=500, lbl_dist=10.00, avgs=4, sigma=0.5,type=2, relabel=0, neg=no

blurring input image with Gaussian with sigma=0.500...
GCAMRegisterLevel(): init RMS 0.56705
#GCMRL#  459 dt   0.000000 rms  0.567  0.068% neg 0  invalid 762 tFOTS 4.3350 tGradient 1.6010 tsec 6.2990
#GCMRL#  460 dt   0.150000 rms  0.567  0.000% neg 0  invalid 762 tFOTS 3.9240 tGradient 1.6300 tsec 6.1770
setting smoothness cost coefficient to 1.000

#GCAMreg# pass 0 level1 1 level2 0 tsec 0 sigma 2
l_jacobian=1.00 l_label=1.00 l_log_likelihood=0.20 l_smoothness=1.00 
tol=5.00e-02, dt=5.00e-02, exp_k=20.0, momentum=0.90, levels=6, niter=500, lbl_dist=10.00, avgs=1, sigma=2.0,type=2, relabel=0, neg=no

blurring input image with Gaussian with sigma=2.000...
GCAMRegisterLevel(): init RMS 0.624624
#FOTS# QuadFit found better minimum quadopt=(dt=1.536,rms=0.620052) vs oldopt=(dt=1.28,rms=0.620086)
#GCMRL#  462 dt   1.536000 rms  0.620  0.732% neg 0  invalid 762 tFOTS 4.2230 tGradient 1.4200 tsec 6.0090
#FOTS# QuadFit found better minimum quadopt=(dt=0.192,rms=0.620003) vs oldopt=(dt=0.32,rms=0.620017)
#GCMRL#  463 dt   0.192000 rms  0.620  0.000% neg 0  invalid 762 tFOTS 4.1380 tGradient 1.4330 tsec 5.9360

#GCAMreg# pass 0 level1 1 level2 1 tsec 21.88 sigma 0.5
l_jacobian=1.00 l_label=1.00 l_log_likelihood=0.20 l_smoothness=1.00 
tol=5.00e-02, dt=5.00e-02, exp_k=20.0, momentum=0.90, levels=6, niter=500, lbl_dist=10.00, avgs=1, sigma=0.5,type=2, relabel=0, neg=no

blurring input image with Gaussian with sigma=0.500...
GCAMRegisterLevel(): init RMS 0.620369
#FOTS# QuadFit found better minimum quadopt=(dt=0.448,rms=0.619602) vs oldopt=(dt=0.32,rms=0.619675)
#GCMRL#  465 dt   0.448000 rms  0.620  0.124% neg 0  invalid 762 tFOTS 3.9280 tGradient 1.4150 tsec 5.7180
#FOTS# QuadFit found better minimum quadopt=(dt=0.384,rms=0.6195) vs oldopt=(dt=0.32,rms=0.6195)
#GCMRL#  466 dt   0.384000 rms  0.619  0.000% neg 0  invalid 762 tFOTS 3.8440 tGradient 1.4220 tsec 5.6450
resetting metric properties...
setting smoothness cost coefficient to 2.000

#GCAMreg# pass 0 level1 0 level2 0 tsec 0 sigma 2
l_jacobian=1.00 l_label=1.00 l_log_likelihood=0.20 l_smoothness=2.00 
tol=5.00e-02, dt=5.00e-02, exp_k=20.0, momentum=0.90, levels=6, niter=500, lbl_dist=10.00, avgs=0, sigma=2.0,type=2, relabel=0, neg=no

blurring input image with Gaussian with sigma=2.000...
GCAMRegisterLevel(): init RMS 0.550606
#FOTS# QuadFit found better minimum quadopt=(dt=0.448,rms=0.534425) vs oldopt=(dt=0.32,rms=0.538745)
#GCMRL#  468 dt   0.448000 rms  0.534  2.939% neg 0  invalid 762 tFOTS 3.6610 tGradient 0.9170 tsec 4.9390
#FOTS# QuadFit found better minimum quadopt=(dt=0.448,rms=0.530145) vs oldopt=(dt=0.32,rms=0.531347)
#GCMRL#  469 dt   0.448000 rms  0.530  0.801% neg 0  invalid 762 tFOTS 3.6520 tGradient 0.8900 tsec 4.8960
#FOTS# QuadFit found better minimum quadopt=(dt=0.448,rms=0.52776) vs oldopt=(dt=0.32,rms=0.528437)
#GCMRL#  470 dt   0.448000 rms  0.528  0.450% neg 0  invalid 762 tFOTS 3.7180 tGradient 0.9370 tsec 5.0310
#FOTS# QuadFit found better minimum quadopt=(dt=0.448,rms=0.52632) vs oldopt=(dt=0.32,rms=0.526747)
#GCMRL#  471 dt   0.448000 rms  0.526  0.273% neg 0  invalid 762 tFOTS 4.1580 tGradient 0.9230 tsec 5.4960
#FOTS# QuadFit found better minimum quadopt=(dt=0.448,rms=0.525258) vs oldopt=(dt=0.32,rms=0.52556)
#GCMRL#  472 dt   0.448000 rms  0.525  0.202% neg 0  invalid 762 tFOTS 4.2120 tGradient 0.9210 tsec 5.4920
#FOTS# QuadFit found better minimum quadopt=(dt=0.448,rms=0.524558) vs oldopt=(dt=0.32,rms=0.524755)
#GCMRL#  473 dt   0.448000 rms  0.525  0.133% neg 0  invalid 762 tFOTS 4.2300 tGradient 0.8760 tsec 5.4330
#FOTS# QuadFit found better minimum quadopt=(dt=0.384,rms=0.524059) vs oldopt=(dt=0.32,rms=0.52414)
#GCMRL#  474 dt   0.384000 rms  0.524  0.095% neg 0  invalid 762 tFOTS 4.6230 tGradient 0.8890 tsec 5.8700
#FOTS# QuadFit found better minimum quadopt=(dt=0.384,rms=0.523664) vs oldopt=(dt=0.32,rms=0.523729)
#GCMRL#  475 dt   0.384000 rms  0.524  0.075% neg 0  invalid 762 tFOTS 4.4620 tGradient 0.8330 tsec 5.6300
#FOTS# QuadFit found better minimum quadopt=(dt=0.384,rms=0.523304) vs oldopt=(dt=0.32,rms=0.523362)
#GCMRL#  476 dt   0.384000 rms  0.523  0.069% neg 0  invalid 762 tFOTS 4.5360 tGradient 0.8620 tsec 5.7380
#FOTS# QuadFit found better minimum quadopt=(dt=0.384,rms=0.523009) vs oldopt=(dt=0.32,rms=0.523056)
#GCMRL#  477 dt   0.384000 rms  0.523  0.056% neg 0  invalid 762 tFOTS 4.2660 tGradient 0.9070 tsec 5.5210
#FOTS# QuadFit found better minimum quadopt=(dt=0.384,rms=0.522758) vs oldopt=(dt=0.32,rms=0.5228)
#GCMRL#  478 dt   0.384000 rms  0.523  0.000% neg 0  invalid 762 tFOTS 4.1910 tGradient 0.8530 tsec 5.4030
#GCMRL#  479 dt   0.384000 rms  0.523  0.045% neg 0  invalid 762 tFOTS 0.0000 tGradient 0.8450 tsec 1.2250
#GCMRL#  480 dt   0.384000 rms  0.522  0.070% neg 0  invalid 762 tFOTS 0.0000 tGradient 0.9210 tsec 1.2710
#GCMRL#  481 dt   0.384000 rms  0.522  0.032% neg 0  invalid 762 tFOTS 0.0000 tGradient 0.9000 tsec 1.4840
#GCMRL#  482 dt   0.384000 rms  0.522  0.050% neg 0  invalid 762 tFOTS 0.0000 tGradient 0.8830 tsec 1.2540
#GCMRL#  483 dt   0.384000 rms  0.522  0.020% neg 0  invalid 762 tFOTS 0.0000 tGradient 0.8540 tsec 1.4410
#GCMRL#  484 dt   0.384000 rms  0.521  0.033% neg 0  invalid 762 tFOTS 0.0000 tGradient 0.9470 tsec 1.2960
#GCMRL#  485 dt   0.384000 rms  0.521  0.017% neg 0  invalid 762 tFOTS 0.0000 tGradient 0.7940 tsec 1.3380
#GCMRL#  486 dt   0.192000 rms  0.521  0.011% neg 0  invalid 762 tFOTS 0.0000 tGradient 0.8460 tsec 1.6160
#FOTS# QuadFit found better minimum quadopt=(dt=0.448,rms=0.521211) vs oldopt=(dt=0.32,rms=0.521233)
#GCMRL#  487 dt   0.448000 rms  0.521  0.018% neg 0  invalid 762 tFOTS 4.0790 tGradient 0.8330 tsec 5.2680
#FOTS# QuadFit found better minimum quadopt=(dt=0.384,rms=0.521176) vs oldopt=(dt=0.32,rms=0.521185)
#GCMRL#  488 dt   0.384000 rms  0.521  0.000% neg 0  invalid 762 tFOTS 4.1000 tGradient 0.8740 tsec 5.3350
#GCMRL#  489 dt   0.384000 rms  0.521  0.012% neg 0  invalid 762 tFOTS 0.0000 tGradient 0.8100 tsec 1.1630
#GCMRL#  490 dt   0.384000 rms  0.521  0.021% neg 0  invalid 762 tFOTS 0.0000 tGradient 0.9080 tsec 1.2520
#GCMRL#  491 dt   0.384000 rms  0.521  0.012% neg 0  invalid 762 tFOTS 0.0000 tGradient 0.8420 tsec 1.3810
#GCMRL#  492 dt   0.384000 rms  0.521  0.016% neg 0  invalid 762 tFOTS 0.0000 tGradient 0.8290 tsec 1.1890
#GCMRL#  493 dt   0.384000 rms  0.521  0.019% neg 0  invalid 762 tFOTS 0.0000 tGradient 0.7750 tsec 1.1060
#GCMRL#  494 dt   0.384000 rms  0.521  0.025% neg 0  invalid 762 tFOTS 0.0000 tGradient 0.8170 tsec 1.1550
#GCMRL#  495 dt   0.384000 rms  0.521  0.023% neg 0  invalid 762 tFOTS 0.0000 tGradient 0.8060 tsec 1.1480
#GCMRL#  496 dt   0.192000 rms  0.521 -0.001% neg 0  invalid 762 tFOTS 0.0000 tGradient 0.8160 tsec 1.7810
#FOTS# QuadFit found better minimum quadopt=(dt=0.112,rms=0.520522) vs oldopt=(dt=0.08,rms=0.520524)
#GCMRL#  497 dt   0.112000 rms  0.521  0.002% neg 0  invalid 762 tFOTS 3.8250 tGradient 0.7890 tsec 4.9600
#FOTS# QuadFit found better minimum quadopt=(dt=0.384,rms=0.520487) vs oldopt=(dt=0.32,rms=0.52049)
#GCMRL#  498 dt   0.384000 rms  0.520  0.007% neg 0  invalid 762 tFOTS 4.2360 tGradient 0.8040 tsec 5.3930
#FOTS# QuadFit found better minimum quadopt=(dt=0.384,rms=0.520485) vs oldopt=(dt=0.32,rms=0.520486)

#GCAMreg# pass 0 level1 0 level2 1 tsec 114.612 sigma 0.5
l_jacobian=1.00 l_label=1.00 l_log_likelihood=0.20 l_smoothness=2.00 
tol=5.00e-02, dt=5.00e-02, exp_k=20.0, momentum=0.90, levels=6, niter=500, lbl_dist=10.00, avgs=0, sigma=0.5,type=2, relabel=0, neg=no

blurring input image with Gaussian with sigma=0.500...
GCAMRegisterLevel(): init RMS 0.520949
#FOTS# QuadFit found better minimum quadopt=(dt=0.384,rms=0.516007) vs oldopt=(dt=0.32,rms=0.516715)
#GCMRL#  500 dt   0.384000 rms  0.516  0.949% neg 0  invalid 762 tFOTS 4.1420 tGradient 0.8310 tsec 5.3410
#FOTS# QuadFit found better minimum quadopt=(dt=0.384,rms=0.514723) vs oldopt=(dt=0.32,rms=0.514937)
#GCMRL#  501 dt   0.384000 rms  0.515  0.249% neg 0  invalid 762 tFOTS 4.1150 tGradient 0.7940 tsec 5.2640
#FOTS# QuadFit found better minimum quadopt=(dt=0.448,rms=0.514069) vs oldopt=(dt=0.32,rms=0.514243)
#GCMRL#  502 dt   0.448000 rms  0.514  0.127% neg 0  invalid 762 tFOTS 4.1310 tGradient 0.7820 tsec 5.2840
#FOTS# QuadFit found better minimum quadopt=(dt=0.448,rms=0.513857) vs oldopt=(dt=0.32,rms=0.513919)
#GCMRL#  503 dt   0.448000 rms  0.514  0.000% neg 0  invalid 762 tFOTS 4.2090 tGradient 0.7860 tsec 5.3700
#GCMRL#  504 dt   0.448000 rms  0.514  0.033% neg 0  invalid 762 tFOTS 0.0000 tGradient 0.8080 tsec 1.1510
#GCMRL#  505 dt   0.448000 rms  0.513  0.044% neg 0  invalid 762 tFOTS 0.0000 tGradient 0.8240 tsec 1.1710
#GCMRL#  506 dt   0.224000 rms  0.513 -0.008% neg 0  invalid 762 tFOTS 0.0000 tGradient 0.8380 tsec 1.8810
GCAMregister done in 25.1725 min
********************* ALLOWING NEGATIVE NODES IN DEFORMATION********************************
noneg post
Starting GCAMregister()
label assignment complete, 0 changed (0.00%)
npasses = 1, nlevels = 6
#pass# 1 of 1 ************************
enabling zero nodes
setting smoothness cost coefficient to 0.008

#GCAMreg# pass 0 level1 5 level2 0 tsec 0 sigma 2
l_jacobian=1.00 l_label=1.00 l_log_likelihood=0.20 l_smoothness=0.01 
tol=2.50e-01, dt=5.00e-02, exp_k=20.0, momentum=0.90, levels=6, niter=500, lbl_dist=10.00, avgs=256, sigma=2.0,type=2, relabel=0, neg=yes

blurring input image with Gaussian with sigma=2.000...
GCAMRegisterLevel(): init RMS 0.511361
#GCMRL#  508 dt   0.000000 rms  0.511  0.096% neg 0  invalid 762 tFOTS 5.0880 tGradient 2.3900 tsec 7.8610

#GCAMreg# pass 0 level1 5 level2 1 tsec 24.776 sigma 0.5
l_jacobian=1.00 l_label=1.00 l_log_likelihood=0.20 l_smoothness=0.01 
tol=2.50e-01, dt=5.00e-02, exp_k=20.0, momentum=0.90, levels=6, niter=500, lbl_dist=10.00, avgs=256, sigma=0.5,type=2, relabel=0, neg=yes

blurring input image with Gaussian with sigma=0.500...
GCAMRegisterLevel(): init RMS 0.511361
#FOTS# QuadFit found better minimum quadopt=(dt=110.976,rms=0.510586) vs oldopt=(dt=92.48,rms=0.510589)
#GCMRL#  510 dt 110.976000 rms  0.511  0.152% neg 0  invalid 762 tFOTS 4.9410 tGradient 2.3260 tsec 7.6270
#FOTS# QuadFit found better minimum quadopt=(dt=129.472,rms=0.510412) vs oldopt=(dt=92.48,rms=0.510423)
#GCMRL#  511 dt 129.472000 rms  0.510  0.000% neg 0  invalid 762 tFOTS 4.8010 tGradient 2.3690 tsec 7.5350
#GCMRL#  512 dt 129.472000 rms  0.510  0.023% neg 0  invalid 762 tFOTS 0.0000 tGradient 2.3270 tsec 2.6320
#GCMRL#  513 dt 129.472000 rms  0.510  0.031% neg 0  invalid 762 tFOTS 0.0000 tGradient 2.3340 tsec 2.6560
#GCMRL#  514 dt 129.472000 rms  0.510  0.004% neg 0  invalid 762 tFOTS 0.0000 tGradient 2.3200 tsec 2.6150
#GCMRL#  515 dt 129.472000 rms  0.510  0.031% neg 0  invalid 762 tFOTS 0.0000 tGradient 2.3790 tsec 2.6810
setting smoothness cost coefficient to 0.031

#GCAMreg# pass 0 level1 4 level2 0 tsec 0 sigma 2
l_jacobian=1.00 l_label=1.00 l_log_likelihood=0.20 l_smoothness=0.03 
tol=2.50e-01, dt=5.00e-02, exp_k=20.0, momentum=0.90, levels=6, niter=500, lbl_dist=10.00, avgs=64, sigma=2.0,type=2, relabel=0, neg=yes

blurring input image with Gaussian with sigma=2.000...
GCAMRegisterLevel(): init RMS 0.510381
#FOTS# QuadFit found better minimum quadopt=(dt=22.5882,rms=0.509659) vs oldopt=(dt=25.92,rms=0.509665)
#GCMRL#  517 dt  22.588235 rms  0.510  0.142% neg 0  invalid 762 tFOTS 4.9610 tGradient 1.8340 tsec 7.1350
#FOTS# QuadFit found better minimum quadopt=(dt=9.072,rms=0.50963) vs oldopt=(dt=6.48,rms=0.509637)
#GCMRL#  518 dt   9.072000 rms  0.510  0.000% neg 0  invalid 762 tFOTS 5.0720 tGradient 1.8920 tsec 7.3450
#GCMRL#  519 dt   9.072000 rms  0.510  0.008% neg 0  invalid 762 tFOTS 0.0000 tGradient 1.9120 tsec 2.2090
#GCMRL#  520 dt   9.072000 rms  0.510  0.002% neg 0  invalid 762 tFOTS 0.0000 tGradient 1.8310 tsec 2.1360

#GCAMreg# pass 0 level1 4 level2 1 tsec 29.293 sigma 0.5
l_jacobian=1.00 l_label=1.00 l_log_likelihood=0.20 l_smoothness=0.03 
tol=2.50e-01, dt=5.00e-02, exp_k=20.0, momentum=0.90, levels=6, niter=500, lbl_dist=10.00, avgs=64, sigma=0.5,type=2, relabel=0, neg=yes

blurring input image with Gaussian with sigma=0.500...
GCAMRegisterLevel(): init RMS 0.510058
#FOTS# QuadFit found better minimum quadopt=(dt=70.3297,rms=0.508022) vs oldopt=(dt=103.68,rms=0.508299)
#GCMRL#  522 dt  70.329670 rms  0.508  0.399% neg 0  invalid 762 tFOTS 5.4280 tGradient 1.8630 tsec 7.6590
#FOTS# QuadFit found better minimum quadopt=(dt=36.288,rms=0.507425) vs oldopt=(dt=25.92,rms=0.507523)
#GCMRL#  523 dt  36.288000 rms  0.507  0.000% neg 0  invalid 762 tFOTS 4.9960 tGradient 1.8810 tsec 7.2440
#GCMRL#  524 dt  36.288000 rms  0.507  0.081% neg 0  invalid 762 tFOTS 0.0000 tGradient 1.8680 tsec 2.1480
#GCMRL#  525 dt  36.288000 rms  0.506  0.126% neg 0  invalid 762 tFOTS 0.0000 tGradient 1.8760 tsec 2.1930
#GCMRL#  526 dt  36.288000 rms  0.506  0.135% neg 0  invalid 762 tFOTS 0.0000 tGradient 1.8210 tsec 2.0940
#GCMRL#  527 dt  36.288000 rms  0.505  0.126% neg 0  invalid 762 tFOTS 0.0000 tGradient 1.8990 tsec 2.1880
#GCMRL#  528 dt  36.288000 rms  0.505  0.110% neg 0  invalid 762 tFOTS 0.0000 tGradient 1.8470 tsec 2.1340
#GCMRL#  529 dt  36.288000 rms  0.504  0.094% neg 0  invalid 762 tFOTS 0.0000 tGradient 1.8590 tsec 2.1620
#FOTS# QuadFit found better minimum quadopt=(dt=145.152,rms=0.503673) vs oldopt=(dt=103.68,rms=0.503724)
#GCMRL#  530 dt 145.152000 rms  0.504  0.000% neg 0  invalid 762 tFOTS 4.9790 tGradient 1.9460 tsec 7.2780
setting smoothness cost coefficient to 0.118

#GCAMreg# pass 0 level1 3 level2 0 tsec 0 sigma 2
l_jacobian=1.00 l_label=1.00 l_log_likelihood=0.20 l_smoothness=0.12 
tol=2.50e-01, dt=5.00e-02, exp_k=20.0, momentum=0.90, levels=6, niter=500, lbl_dist=10.00, avgs=16, sigma=2.0,type=2, relabel=0, neg=yes

blurring input image with Gaussian with sigma=2.000...
GCAMRegisterLevel(): init RMS 0.504498
#FOTS# QuadFit found better minimum quadopt=(dt=24.6948,rms=0.5021) vs oldopt=(dt=32,rms=0.50231)
iter 0, gcam->neg = 7
after 4 iterations, nbhd size=0, neg = 0
#GCMRL#  532 dt  24.694789 rms  0.502  0.468% neg 0  invalid 762 tFOTS 4.5730 tGradient 1.4480 tsec 8.0230
#FOTS# QuadFit found better minimum quadopt=(dt=58.6667,rms=0.499585) vs oldopt=(dt=32,rms=0.499905)
iter 0, gcam->neg = 13
after 6 iterations, nbhd size=0, neg = 0
#GCMRL#  533 dt  58.666667 rms  0.500  0.499% neg 0  invalid 762 tFOTS 4.6770 tGradient 1.3860 tsec 8.8510
#FOTS# QuadFit found better minimum quadopt=(dt=24.1983,rms=0.498437) vs oldopt=(dt=32,rms=0.498615)
iter 0, gcam->neg = 4
after 6 iterations, nbhd size=1, neg = 0
#GCMRL#  534 dt  24.198347 rms  0.499  0.000% neg 0  invalid 762 tFOTS 4.8680 tGradient 1.5990 tsec 9.2340
iter 0, gcam->neg = 3
after 2 iterations, nbhd size=0, neg = 0
#GCMRL#  535 dt  24.198347 rms  0.497  0.282% neg 0  invalid 762 tFOTS 0.0000 tGradient 1.6610 tsec 3.1440
iter 0, gcam->neg = 11
after 6 iterations, nbhd size=0, neg = 0
#GCMRL#  536 dt  24.198347 rms  0.496  0.259% neg 0  invalid 762 tFOTS 0.0000 tGradient 1.4500 tsec 4.3430
iter 0, gcam->neg = 18
after 8 iterations, nbhd size=0, neg = 0
#GCMRL#  537 dt  24.198347 rms  0.495  0.226% neg 0  invalid 762 tFOTS 0.0000 tGradient 1.4920 tsec 5.1630
iter 0, gcam->neg = 27
after 12 iterations, nbhd size=1, neg = 0
#GCMRL#  538 dt  24.198347 rms  0.494  0.158% neg 0  invalid 762 tFOTS 0.0000 tGradient 1.3670 tsec 6.4400
iter 0, gcam->neg = 31
after 16 iterations, nbhd size=1, neg = 0
#GCMRL#  539 dt  24.198347 rms  0.493  0.176% neg 0  invalid 762 tFOTS 0.0000 tGradient 1.6170 tsec 8.1150
iter 0, gcam->neg = 31
after 12 iterations, nbhd size=1, neg = 0
#GCMRL#  540 dt  24.198347 rms  0.493  0.099% neg 0  invalid 762 tFOTS 0.0000 tGradient 1.4050 tsec 6.5040
iter 0, gcam->neg = 28
after 15 iterations, nbhd size=1, neg = 0
#GCMRL#  541 dt  24.198347 rms  0.492  0.079% neg 0  invalid 762 tFOTS 0.0000 tGradient 1.6030 tsec 7.6240
#FOTS# QuadFit found better minimum quadopt=(dt=44.8,rms=0.491408) vs oldopt=(dt=32,rms=0.491461)
#GCMRL#  542 dt  44.800000 rms  0.491  0.163% neg 0  invalid 762 tFOTS 4.9830 tGradient 1.4490 tsec 6.7670
#FOTS# QuadFit found better minimum quadopt=(dt=19.2,rms=0.491032) vs oldopt=(dt=32,rms=0.491118)
#GCMRL#  543 dt  19.200000 rms  0.491  0.000% neg 0  invalid 762 tFOTS 5.0280 tGradient 1.4100 tsec 6.8160
#GCMRL#  544 dt  19.200000 rms  0.491  0.033% neg 0  invalid 762 tFOTS 0.0000 tGradient 1.4490 tsec 1.7420
#GCMRL#  545 dt  19.200000 rms  0.490  0.087% neg 0  invalid 762 tFOTS 0.0000 tGradient 1.3750 tsec 1.6380
iter 0, gcam->neg = 5
after 3 iterations, nbhd size=0, neg = 0
#GCMRL#  546 dt  19.200000 rms  0.490  0.093% neg 0  invalid 762 tFOTS 0.0000 tGradient 1.5680 tsec 3.5410
iter 0, gcam->neg = 8
after 4 iterations, nbhd size=0, neg = 0
#GCMRL#  547 dt  19.200000 rms  0.490  0.096% neg 0  invalid 762 tFOTS 0.0000 tGradient 1.4010 tsec 3.5510
iter 0, gcam->neg = 9
after 5 iterations, nbhd size=0, neg = 0
#GCMRL#  548 dt  19.200000 rms  0.489  0.067% neg 0  invalid 762 tFOTS 0.0000 tGradient 1.4890 tsec 3.9890
iter 0, gcam->neg = 8
after 4 iterations, nbhd size=0, neg = 0

#GCAMreg# pass 0 level1 3 level2 1 tsec 107.626 sigma 0.5
l_jacobian=1.00 l_label=1.00 l_log_likelihood=0.20 l_smoothness=0.12 
tol=2.50e-01, dt=5.00e-02, exp_k=20.0, momentum=0.90, levels=6, niter=500, lbl_dist=10.00, avgs=16, sigma=0.5,type=2, relabel=0, neg=yes

blurring input image with Gaussian with sigma=0.500...
GCAMRegisterLevel(): init RMS 0.489413
#FOTS# QuadFit found better minimum quadopt=(dt=43.8588,rms=0.484238) vs oldopt=(dt=32,rms=0.484496)
iter 0, gcam->neg = 1
after 2 iterations, nbhd size=0, neg = 0
#GCMRL#  550 dt  43.858824 rms  0.484  1.057% neg 0  invalid 762 tFOTS 5.0710 tGradient 1.3950 tsec 8.0600
#FOTS# QuadFit found better minimum quadopt=(dt=11.2,rms=0.483308) vs oldopt=(dt=8,rms=0.483498)
#GCMRL#  551 dt  11.200000 rms  0.483  0.000% neg 0  invalid 762 tFOTS 5.1130 tGradient 1.5300 tsec 7.0090
#GCMRL#  552 dt  11.200000 rms  0.483  0.102% neg 0  invalid 762 tFOTS 0.0000 tGradient 1.4380 tsec 1.7290
iter 0, gcam->neg = 1
after 0 iterations, nbhd size=0, neg = 0
#GCMRL#  553 dt  11.200000 rms  0.482  0.128% neg 0  invalid 762 tFOTS 0.0000 tGradient 1.5030 tsec 2.3860
#GCMRL#  554 dt  11.200000 rms  0.481  0.148% neg 0  invalid 762 tFOTS 0.0000 tGradient 1.4360 tsec 1.7230
#GCMRL#  555 dt  11.200000 rms  0.481  0.171% neg 0  invalid 762 tFOTS 0.0000 tGradient 1.4720 tsec 1.7540
#GCMRL#  556 dt  11.200000 rms  0.480  0.168% neg 0  invalid 762 tFOTS 0.0000 tGradient 1.4790 tsec 1.7580
iter 0, gcam->neg = 1
after 1 iterations, nbhd size=0, neg = 0
#GCMRL#  557 dt  11.200000 rms  0.479  0.127% neg 0  invalid 762 tFOTS 0.0000 tGradient 1.4950 tsec 2.7070
iter 0, gcam->neg = 1
after 1 iterations, nbhd size=0, neg = 0
#GCMRL#  558 dt  11.200000 rms  0.479  0.088% neg 0  invalid 762 tFOTS 0.0000 tGradient 1.5250 tsec 2.6980
#GCMRL#  559 dt  11.200000 rms  0.479  0.066% neg 0  invalid 762 tFOTS 0.0000 tGradient 1.4540 tsec 1.7580
#GCMRL#  560 dt  32.000000 rms  0.478  0.090% neg 0  invalid 762 tFOTS 5.2400 tGradient 1.4440 tsec 7.0260
#FOTS# QuadFit found better minimum quadopt=(dt=11.2,rms=0.477957) vs oldopt=(dt=8,rms=0.477971)
#GCMRL#  561 dt  11.200000 rms  0.478  0.000% neg 0  invalid 762 tFOTS 5.2990 tGradient 1.4960 tsec 7.1360
#GCMRL#  562 dt  11.200000 rms  0.478  0.015% neg 0  invalid 762 tFOTS 0.0000 tGradient 1.5300 tsec 1.8560
#GCMRL#  563 dt  11.200000 rms  0.478  0.021% neg 0  invalid 762 tFOTS 0.0000 tGradient 1.4700 tsec 1.7590
#GCMRL#  564 dt  11.200000 rms  0.478  0.027% neg 0  invalid 762 tFOTS 0.0000 tGradient 1.5030 tsec 1.7840
#GCMRL#  565 dt  11.200000 rms  0.477  0.048% neg 0  invalid 762 tFOTS 0.0000 tGradient 1.4620 tsec 1.7530
#GCMRL#  566 dt  11.200000 rms  0.477  0.043% neg 0  invalid 762 tFOTS 0.0000 tGradient 1.4880 tsec 1.7780
setting smoothness cost coefficient to 0.400

#GCAMreg# pass 0 level1 2 level2 0 tsec 0 sigma 2
l_jacobian=1.00 l_label=1.00 l_log_likelihood=0.20 l_smoothness=0.40 
tol=2.50e-01, dt=5.00e-02, exp_k=20.0, momentum=0.90, levels=6, niter=500, lbl_dist=10.00, avgs=4, sigma=2.0,type=2, relabel=0, neg=yes

blurring input image with Gaussian with sigma=2.000...
GCAMRegisterLevel(): init RMS 0.483442
#FOTS# QuadFit found better minimum quadopt=(dt=1.008,rms=0.482891) vs oldopt=(dt=0.72,rms=0.482897)
#GCMRL#  568 dt   1.008000 rms  0.483  0.114% neg 0  invalid 762 tFOTS 5.4950 tGradient 1.4900 tsec 7.3310
#FOTS# QuadFit found better minimum quadopt=(dt=0.576,rms=0.482884) vs oldopt=(dt=0.72,rms=0.482884)
#GCMRL#  569 dt   0.576000 rms  0.483  0.000% neg 0  invalid 762 tFOTS 5.4460 tGradient 1.4840 tsec 7.2970
#GCMRL#  570 dt   0.576000 rms  0.483  0.001% neg 0  invalid 762 tFOTS 0.0000 tGradient 1.5340 tsec 1.8260

#GCAMreg# pass 0 level1 2 level2 1 tsec 26.509 sigma 0.5
l_jacobian=1.00 l_label=1.00 l_log_likelihood=0.20 l_smoothness=0.40 
tol=2.50e-01, dt=5.00e-02, exp_k=20.0, momentum=0.90, levels=6, niter=500, lbl_dist=10.00, avgs=4, sigma=0.5,type=2, relabel=0, neg=yes

blurring input image with Gaussian with sigma=0.500...
GCAMRegisterLevel(): init RMS 0.483393
#FOTS# QuadFit found better minimum quadopt=(dt=4.53333,rms=0.482598) vs oldopt=(dt=2.88,rms=0.482629)
#GCMRL#  572 dt   4.533333 rms  0.483  0.165% neg 0  invalid 762 tFOTS 5.4580 tGradient 1.3890 tsec 7.1590
#FOTS# QuadFit found better minimum quadopt=(dt=5.5,rms=0.482388) vs oldopt=(dt=2.88,rms=0.482424)
#GCMRL#  573 dt   5.500000 rms  0.482  0.000% neg 0  invalid 762 tFOTS 5.1710 tGradient 1.3430 tsec 6.8590
#GCMRL#  574 dt   5.500000 rms  0.482  0.049% neg 0  invalid 762 tFOTS 0.0000 tGradient 1.3980 tsec 1.6850
#GCMRL#  575 dt   5.500000 rms  0.482  0.034% neg 0  invalid 762 tFOTS 0.0000 tGradient 1.4060 tsec 1.6800
iter 0, gcam->neg = 1
after 7 iterations, nbhd size=1, neg = 0
setting smoothness cost coefficient to 1.000

#GCAMreg# pass 0 level1 1 level2 0 tsec 0 sigma 2
l_jacobian=1.00 l_label=1.00 l_log_likelihood=0.20 l_smoothness=1.00 
tol=2.50e-01, dt=5.00e-02, exp_k=20.0, momentum=0.90, levels=6, niter=500, lbl_dist=10.00, avgs=1, sigma=2.0,type=2, relabel=0, neg=yes

blurring input image with Gaussian with sigma=2.000...
GCAMRegisterLevel(): init RMS 0.488654
#GCMRL#  577 dt   0.000000 rms  0.488  0.100% neg 0  invalid 762 tFOTS 5.1260 tGradient 1.2580 tsec 6.7140

#GCAMreg# pass 0 level1 1 level2 1 tsec 21.544 sigma 0.5
l_jacobian=1.00 l_label=1.00 l_log_likelihood=0.20 l_smoothness=1.00 
tol=2.50e-01, dt=5.00e-02, exp_k=20.0, momentum=0.90, levels=6, niter=500, lbl_dist=10.00, avgs=1, sigma=0.5,type=2, relabel=0, neg=yes

blurring input image with Gaussian with sigma=0.500...
GCAMRegisterLevel(): init RMS 0.488654
#GCMRL#  579 dt   0.000000 rms  0.488  0.100% neg 0  invalid 762 tFOTS 5.0880 tGradient 1.3040 tsec 6.7860
resetting metric properties...
setting smoothness cost coefficient to 2.000

#GCAMreg# pass 0 level1 0 level2 0 tsec 0 sigma 2
l_jacobian=1.00 l_label=1.00 l_log_likelihood=0.20 l_smoothness=2.00 
tol=2.50e-01, dt=5.00e-02, exp_k=20.0, momentum=0.90, levels=6, niter=500, lbl_dist=10.00, avgs=0, sigma=2.0,type=2, relabel=0, neg=yes

blurring input image with Gaussian with sigma=2.000...
GCAMRegisterLevel(): init RMS 0.478303
#FOTS# QuadFit found better minimum quadopt=(dt=2.09289,rms=0.443093) vs oldopt=(dt=1.28,rms=0.448579)
iter 0, gcam->neg = 648
after 15 iterations, nbhd size=1, neg = 0
#GCMRL#  581 dt   2.092894 rms  0.444  7.071% neg 0  invalid 762 tFOTS 5.3270 tGradient 0.7690 tsec 11.9110
#FOTS# QuadFit found better minimum quadopt=(dt=0.048,rms=0.444351) vs oldopt=(dt=0.08,rms=0.444385)
#GCMRL#  582 dt   0.048000 rms  0.444  0.000% neg 0  invalid 762 tFOTS 5.3290 tGradient 0.8110 tsec 6.5150

#GCAMreg# pass 0 level1 0 level2 1 tsec 27.478 sigma 0.5
l_jacobian=1.00 l_label=1.00 l_log_likelihood=0.20 l_smoothness=2.00 
tol=2.50e-01, dt=5.00e-02, exp_k=20.0, momentum=0.90, levels=6, niter=500, lbl_dist=10.00, avgs=0, sigma=0.5,type=2, relabel=0, neg=yes

blurring input image with Gaussian with sigma=0.500...
GCAMRegisterLevel(): init RMS 0.444955
#GCMRL#  584 dt   0.080000 rms  0.444  0.189% neg 0  invalid 762 tFOTS 5.4090 tGradient 0.8570 tsec 6.6160
label assignment complete, 0 changed (0.00%)
GCAMregister done in 6.93727 min
Starting GCAMcomputeMaxPriorLabels()
Morphing with label term set to 0 *******************************
Starting GCAMregister()
label assignment complete, 0 changed (0.00%)
npasses = 1, nlevels = 6
#pass# 1 of 1 ************************
enabling zero nodes
setting smoothness cost coefficient to 0.008

#GCAMreg# pass 0 level1 5 level2 0 tsec 0 sigma 2
l_jacobian=1.00 l_log_likelihood=0.20 l_smoothness=0.01 
tol=2.50e-01, dt=5.00e-02, exp_k=20.0, momentum=0.90, levels=6, niter=500, lbl_dist=10.00, avgs=256, sigma=2.0,type=2, relabel=0, neg=yes

blurring input image with Gaussian with sigma=2.000...
GCAMRegisterLevel(): init RMS 0.429518

#GCAMreg# pass 0 level1 5 level2 1 tsec 14.253 sigma 0.5
l_jacobian=1.00 l_log_likelihood=0.20 l_smoothness=0.01 
tol=2.50e-01, dt=5.00e-02, exp_k=20.0, momentum=0.90, levels=6, niter=500, lbl_dist=10.00, avgs=256, sigma=0.5,type=2, relabel=0, neg=yes

blurring input image with Gaussian with sigma=0.500...
GCAMRegisterLevel(): init RMS 0.429518
#FOTS# QuadFit found better minimum quadopt=(dt=32.368,rms=0.42948) vs oldopt=(dt=23.12,rms=0.429488)
#GCMRL#  587 dt  32.368000 rms  0.429  0.009% neg 0  invalid 762 tFOTS 4.7460 tGradient 1.6580 tsec 6.6960
#FOTS# QuadFit found better minimum quadopt=(dt=32.368,rms=0.429475) vs oldopt=(dt=23.12,rms=0.429475)
#GCMRL#  588 dt  32.368000 rms  0.429  0.000% neg 0  invalid 762 tFOTS 4.6890 tGradient 1.5100 tsec 6.5500
setting smoothness cost coefficient to 0.031

#GCAMreg# pass 0 level1 4 level2 0 tsec 0 sigma 2
l_jacobian=1.00 l_log_likelihood=0.20 l_smoothness=0.03 
tol=2.50e-01, dt=5.00e-02, exp_k=20.0, momentum=0.90, levels=6, niter=500, lbl_dist=10.00, avgs=64, sigma=2.0,type=2, relabel=0, neg=yes

blurring input image with Gaussian with sigma=2.000...
GCAMRegisterLevel(): init RMS 0.429653

#GCAMreg# pass 0 level1 4 level2 1 tsec 13.967 sigma 0.5
l_jacobian=1.00 l_log_likelihood=0.20 l_smoothness=0.03 
tol=2.50e-01, dt=5.00e-02, exp_k=20.0, momentum=0.90, levels=6, niter=500, lbl_dist=10.00, avgs=64, sigma=0.5,type=2, relabel=0, neg=yes

blurring input image with Gaussian with sigma=0.500...
GCAMRegisterLevel(): init RMS 0.429653
#FOTS# QuadFit found better minimum quadopt=(dt=36.288,rms=0.429531) vs oldopt=(dt=25.92,rms=0.42955)
#GCMRL#  591 dt  36.288000 rms  0.430  0.028% neg 0  invalid 762 tFOTS 4.3050 tGradient 1.2830 tsec 5.8920
#FOTS# QuadFit found better minimum quadopt=(dt=62.208,rms=0.429451) vs oldopt=(dt=103.68,rms=0.429467)
#GCMRL#  592 dt  62.208000 rms  0.429  0.000% neg 0  invalid 762 tFOTS 4.5530 tGradient 1.1270 tsec 6.0150
#GCMRL#  593 dt  62.208000 rms  0.429  0.014% neg 0  invalid 762 tFOTS 0.0000 tGradient 1.1620 tsec 1.4240
#GCMRL#  594 dt  62.208000 rms  0.429  0.010% neg 0  invalid 762 tFOTS 0.0000 tGradient 1.1210 tsec 1.3740
setting smoothness cost coefficient to 0.118

#GCAMreg# pass 0 level1 3 level2 0 tsec 0 sigma 2
l_jacobian=1.00 l_log_likelihood=0.20 l_smoothness=0.12 
tol=2.50e-01, dt=5.00e-02, exp_k=20.0, momentum=0.90, levels=6, niter=500, lbl_dist=10.00, avgs=16, sigma=2.0,type=2, relabel=0, neg=yes

blurring input image with Gaussian with sigma=2.000...
GCAMRegisterLevel(): init RMS 0.430032
#FOTS# QuadFit found better minimum quadopt=(dt=4.8,rms=0.429929) vs oldopt=(dt=8,rms=0.429958)
#GCMRL#  596 dt   4.800000 rms  0.430  0.024% neg 0  invalid 762 tFOTS 4.8830 tGradient 1.0110 tsec 6.2410
#GCMRL#  597 dt   2.000000 rms  0.430  0.000% neg 0  invalid 762 tFOTS 4.9790 tGradient 1.0200 tsec 6.3620

#GCAMreg# pass 0 level1 3 level2 1 tsec 21.912 sigma 0.5
l_jacobian=1.00 l_log_likelihood=0.20 l_smoothness=0.12 
tol=2.50e-01, dt=5.00e-02, exp_k=20.0, momentum=0.90, levels=6, niter=500, lbl_dist=10.00, avgs=16, sigma=0.5,type=2, relabel=0, neg=yes

blurring input image with Gaussian with sigma=0.500...
GCAMRegisterLevel(): init RMS 0.429917
#FOTS# QuadFit found better minimum quadopt=(dt=80.2623,rms=0.427618) vs oldopt=(dt=32,rms=0.428173)
#GCMRL#  599 dt  80.262295 rms  0.428  0.535% neg 0  invalid 762 tFOTS 5.0640 tGradient 1.0420 tsec 6.4490
#FOTS# QuadFit found better minimum quadopt=(dt=11.2,rms=0.426668) vs oldopt=(dt=8,rms=0.426847)
#GCMRL#  600 dt  11.200000 rms  0.427  0.000% neg 0  invalid 762 tFOTS 4.9310 tGradient 1.0680 tsec 6.3570
#GCMRL#  601 dt  11.200000 rms  0.426  0.061% neg 0  invalid 762 tFOTS 0.0000 tGradient 1.0170 tsec 1.3080
#GCMRL#  602 dt  11.200000 rms  0.426  0.057% neg 0  invalid 762 tFOTS 0.0000 tGradient 1.1380 tsec 1.4320
iter 0, gcam->neg = 1
after 6 iterations, nbhd size=1, neg = 0
#GCMRL#  603 dt  11.200000 rms  0.426  0.055% neg 0  invalid 762 tFOTS 0.0000 tGradient 0.9830 tsec 4.0860
#FOTS# QuadFit found better minimum quadopt=(dt=38.4,rms=0.425398) vs oldopt=(dt=32,rms=0.425417)
iter 0, gcam->neg = 1
after 0 iterations, nbhd size=0, neg = 0
#GCMRL#  604 dt  38.400000 rms  0.425  0.125% neg 0  invalid 762 tFOTS 4.8830 tGradient 1.0130 tsec 6.9350
#FOTS# QuadFit found better minimum quadopt=(dt=11.2,rms=0.425211) vs oldopt=(dt=8,rms=0.425249)
iter 0, gcam->neg = 1
after 6 iterations, nbhd size=1, neg = 0
setting smoothness cost coefficient to 0.400

#GCAMreg# pass 0 level1 2 level2 0 tsec 0 sigma 2
l_jacobian=1.00 l_log_likelihood=0.20 l_smoothness=0.40 
tol=2.50e-01, dt=5.00e-02, exp_k=20.0, momentum=0.90, levels=6, niter=500, lbl_dist=10.00, avgs=4, sigma=2.0,type=2, relabel=0, neg=yes

blurring input image with Gaussian with sigma=2.000...
GCAMRegisterLevel(): init RMS 0.428043
#FOTS# QuadFit found better minimum quadopt=(dt=3.68421,rms=0.427805) vs oldopt=(dt=2.88,rms=0.427813)
iter 0, gcam->neg = 1
after 0 iterations, nbhd size=0, neg = 0
#GCMRL#  606 dt   3.684211 rms  0.428  0.056% neg 0  invalid 762 tFOTS 4.6210 tGradient 0.9490 tsec 6.6070
#FOTS# QuadFit found better minimum quadopt=(dt=1.008,rms=0.427789) vs oldopt=(dt=0.72,rms=0.427791)
#GCMRL#  607 dt   1.008000 rms  0.428  0.000% neg 0  invalid 762 tFOTS 5.3980 tGradient 0.9390 tsec 6.8360
#GCMRL#  608 dt   1.008000 rms  0.428  0.001% neg 0  invalid 762 tFOTS 0.0000 tGradient 0.9720 tsec 1.2890

#GCAMreg# pass 0 level1 2 level2 1 tsec 24.043 sigma 0.5
l_jacobian=1.00 l_log_likelihood=0.20 l_smoothness=0.40 
tol=2.50e-01, dt=5.00e-02, exp_k=20.0, momentum=0.90, levels=6, niter=500, lbl_dist=10.00, avgs=4, sigma=0.5,type=2, relabel=0, neg=yes

blurring input image with Gaussian with sigma=0.500...
GCAMRegisterLevel(): init RMS 0.427785
#FOTS# QuadFit found better minimum quadopt=(dt=20.1143,rms=0.425286) vs oldopt=(dt=11.52,rms=0.425748)
iter 0, gcam->neg = 4
after 0 iterations, nbhd size=0, neg = 0
#GCMRL#  610 dt  20.114286 rms  0.425  0.584% neg 0  invalid 762 tFOTS 4.8780 tGradient 0.9610 tsec 6.7460
#FOTS# QuadFit found better minimum quadopt=(dt=10.5753,rms=0.424245) vs oldopt=(dt=11.52,rms=0.424254)
#GCMRL#  611 dt  10.575342 rms  0.424  0.000% neg 0  invalid 762 tFOTS 4.6990 tGradient 0.8950 tsec 5.9180
#GCMRL#  612 dt  10.575342 rms  0.424  0.110% neg 0  invalid 762 tFOTS 0.0000 tGradient 0.9030 tsec 1.1690
#GCMRL#  613 dt  10.575342 rms  0.423  0.144% neg 0  invalid 762 tFOTS 0.0000 tGradient 0.8930 tsec 1.1590
iter 0, gcam->neg = 4
after 1 iterations, nbhd size=0, neg = 0
#GCMRL#  614 dt  10.575342 rms  0.422  0.198% neg 0  invalid 762 tFOTS 0.0000 tGradient 0.8790 tsec 2.1070
iter 0, gcam->neg = 6
after 5 iterations, nbhd size=0, neg = 0
#GCMRL#  615 dt  10.575342 rms  0.422  0.128% neg 0  invalid 762 tFOTS 0.0000 tGradient 0.9070 tsec 3.5930
iter 0, gcam->neg = 10
after 4 iterations, nbhd size=0, neg = 0
#GCMRL#  616 dt  10.575342 rms  0.421  0.117% neg 0  invalid 762 tFOTS 0.0000 tGradient 0.9010 tsec 2.9080
iter 0, gcam->neg = 15
after 4 iterations, nbhd size=0, neg = 0
#GCMRL#  617 dt  10.575342 rms  0.421  0.067% neg 0  invalid 762 tFOTS 0.0000 tGradient 0.8560 tsec 2.8150
#FOTS# QuadFit found better minimum quadopt=(dt=6,rms=0.420931) vs oldopt=(dt=2.88,rms=0.420953)
#GCMRL#  618 dt   6.000000 rms  0.421  0.000% neg 0  invalid 762 tFOTS 4.8410 tGradient 0.9130 tsec 6.1170
iter 0, gcam->neg = 1
after 1 iterations, nbhd size=0, neg = 0
setting smoothness cost coefficient to 1.000

#GCAMreg# pass 0 level1 1 level2 0 tsec 0 sigma 2
l_jacobian=1.00 l_log_likelihood=0.20 l_smoothness=1.00 
tol=2.50e-01, dt=5.00e-02, exp_k=20.0, momentum=0.90, levels=6, niter=500, lbl_dist=10.00, avgs=1, sigma=2.0,type=2, relabel=0, neg=yes

blurring input image with Gaussian with sigma=2.000...
GCAMRegisterLevel(): init RMS 0.427554

#GCAMreg# pass 0 level1 1 level2 1 tsec 14.028 sigma 0.5
l_jacobian=1.00 l_log_likelihood=0.20 l_smoothness=1.00 
tol=2.50e-01, dt=5.00e-02, exp_k=20.0, momentum=0.90, levels=6, niter=500, lbl_dist=10.00, avgs=1, sigma=0.5,type=2, relabel=0, neg=yes

blurring input image with Gaussian with sigma=0.500...
GCAMRegisterLevel(): init RMS 0.427554
resetting metric properties...
setting smoothness cost coefficient to 2.000

#GCAMreg# pass 0 level1 0 level2 0 tsec 0 sigma 2
l_jacobian=1.00 l_log_likelihood=0.20 l_smoothness=2.00 
tol=2.50e-01, dt=5.00e-02, exp_k=20.0, momentum=0.90, levels=6, niter=500, lbl_dist=10.00, avgs=0, sigma=2.0,type=2, relabel=0, neg=yes

blurring input image with Gaussian with sigma=2.000...
GCAMRegisterLevel(): init RMS 0.416458
#FOTS# QuadFit found better minimum quadopt=(dt=1.30923,rms=0.404312) vs oldopt=(dt=1.28,rms=0.404331)
iter 0, gcam->neg = 606
after 14 iterations, nbhd size=1, neg = 0
#GCMRL#  622 dt   1.309229 rms  0.406  2.423% neg 0  invalid 762 tFOTS 4.8090 tGradient 0.3520 tsec 10.3210
#FOTS# QuadFit found better minimum quadopt=(dt=1.5625e-05,rms=0.406369) vs oldopt=(dt=1.95313e-05,rms=0.406369)
#GCMRL#  623 dt   0.000016 rms  0.406  0.000% neg 0  invalid 762 tFOTS 6.0660 tGradient 0.3150 tsec 6.7280

#GCAMreg# pass 0 level1 0 level2 1 tsec 25.929 sigma 0.5
l_jacobian=1.00 l_log_likelihood=0.20 l_smoothness=2.00 
tol=2.50e-01, dt=5.00e-02, exp_k=20.0, momentum=0.90, levels=6, niter=500, lbl_dist=10.00, avgs=0, sigma=0.5,type=2, relabel=0, neg=yes

blurring input image with Gaussian with sigma=0.500...
GCAMRegisterLevel(): init RMS 0.406369
#GCMRL#  625 dt   0.080000 rms  0.406  0.043% neg 0  invalid 762 tFOTS 4.6520 tGradient 0.3290 tsec 5.3060
#FOTS# QuadFit found better minimum quadopt=(dt=0.028,rms=0.406166) vs oldopt=(dt=0.02,rms=0.406171)
#GCMRL#  626 dt   0.028000 rms  0.406  0.000% neg 0  invalid 762 tFOTS 4.7060 tGradient 0.3030 tsec 5.4400
#GCMRL#  627 dt   0.028000 rms  0.406  0.003% neg 0  invalid 762 tFOTS 0.0000 tGradient 0.2930 tsec 0.6130
GCAMregister done in 4.01443 min
writing output transformation to transforms/talairach.m3z...
GCAMwrite
Calls to gcamLogLikelihoodEnergy 4174 tmin = 1.53627
Calls to gcamLabelEnergy         3647 tmin = 1.11628
Calls to gcamJacobianEnergy      4174 tmin = 1.22302
Calls to gcamSmoothnessEnergy    4174 tmin = 4.28852
Calls to gcamLogLikelihoodTerm 629 tmin = 0.571117
Calls to gcamLabelTerm         586 tmin = 6.20428
Calls to gcamJacobianTerm      629 tmin = 1.09127
Calls to gcamSmoothnessTerm    629 tmin = 0.456133
Calls to gcamComputeGradient    629 tmin = 19.3781
Calls to gcamComputeMetricProperties    5949 tmin = 2.62222
mri_ca_register took 0 hours, 45 minutes and 25 seconds.
#VMPC# mri_ca_register VmPeak  3126344
FSRUNTIME@ mri_ca_register  0.7570 hours 16 threads
#--------------------------------------
#@# SubCort Seg Mon Mar  9 11:04:41 CET 2026

 mri_ca_label -relabel_unlikely 9 .3 -prior 0.5 -align norm.mgz transforms/talairach.m3z /opt/freesurfer/average/RB_all_2020-01-02.gca aseg.auto_noCCseg.mgz 

sysname  Linux
hostname dna079
machine  x86_64

setenv SUBJECTS_DIR /out/sourcedata/freesurfer
cd /out/sourcedata/freesurfer/sub-v1s21x0050403_ses-1/mri
mri_ca_label -relabel_unlikely 9 .3 -prior 0.5 -align norm.mgz transforms/talairach.m3z /opt/freesurfer/average/RB_all_2020-01-02.gca aseg.auto_noCCseg.mgz 

relabeling unlikely voxels with window_size = 9 and prior threshold 0.30
using Gibbs prior factor = 0.500
renormalizing sequences with structure alignment, equivalent to:
	-renormalize
	-renormalize_mean 0.500
	-regularize 0.500

== Number of threads available to for OpenMP = 16 == 
reading 1 input volumes
reading classifier array from /opt/freesurfer/average/RB_all_2020-01-02.gca
reading input volume from norm.mgz
average std[0] = 7.2
reading transform from transforms/talairach.m3z
setting orig areas to linear transform determinant scaled 7.67
Atlas used for the 3D morph was /opt/freesurfer/average/RB_all_2020-01-02.gca
average std = 7.2   using min determinant for regularization = 5.2
0 singular and 0 ill-conditioned covariance matrices regularized
labeling volume...
renormalizing by structure alignment....
renormalizing input #0
gca peak = 0.15521 (20)
mri peak = 0.14422 (11)
Left_Lateral_Ventricle (4): linear fit = 0.62 x + 0.0 (954 voxels, overlap=0.602)
Left_Lateral_Ventricle (4): linear fit = 0.62 x + 0.0 (954 voxels, peak = 12), gca=12.3
gca peak = 0.20380 (13)
mri peak = 0.10595 (11)
Right_Lateral_Ventricle (43): linear fit = 0.76 x + 0.0 (1215 voxels, overlap=0.684)
Right_Lateral_Ventricle (43): linear fit = 0.76 x + 0.0 (1215 voxels, peak = 10), gca=9.9
gca peak = 0.26283 (96)
mri peak = 0.09293 (95)
Right_Pallidum (52): linear fit = 1.01 x + 0.0 (1029 voxels, overlap=1.021)
Right_Pallidum (52): linear fit = 1.01 x + 0.0 (1029 voxels, peak = 97), gca=97.4
gca peak = 0.15814 (97)
mri peak = 0.10226 (88)
Left_Pallidum (13): linear fit = 0.92 x + 0.0 (755 voxels, overlap=0.542)
Left_Pallidum (13): linear fit = 0.92 x + 0.0 (755 voxels, peak = 89), gca=88.8
gca peak = 0.27624 (56)
mri peak = 0.12306 (68)
Right_Hippocampus (53): linear fit = 1.15 x + 0.0 (1476 voxels, overlap=0.076)
Right_Hippocampus (53): linear fit = 1.15 x + 0.0 (1476 voxels, peak = 65), gca=64.7
gca peak = 0.28723 (59)
mri peak = 0.12408 (66)
Left_Hippocampus (17): linear fit = 1.13 x + 0.0 (1285 voxels, overlap=0.426)
Left_Hippocampus (17): linear fit = 1.13 x + 0.0 (1285 voxels, peak = 67), gca=67.0
gca peak = 0.07623 (103)
mri peak = 0.08684 (105)
Right_Cerebral_White_Matter (41): linear fit = 1.03 x + 0.0 (40717 voxels, overlap=0.618)
Right_Cerebral_White_Matter (41): linear fit = 1.03 x + 0.0 (40717 voxels, peak = 107), gca=106.6
gca peak = 0.07837 (105)
mri peak = 0.05183 (97)
Left_Cerebral_White_Matter (2): linear fit = 1.01 x + 0.0 (48293 voxels, overlap=0.913)
Left_Cerebral_White_Matter (2): linear fit = 1.01 x + 0.0 (48293 voxels, peak = 107), gca=106.6
gca peak = 0.10165 (58)
mri peak = 0.04189 (62)
Left_Cerebral_Cortex (3): linear fit = 1.10 x + 0.0 (42746 voxels, overlap=0.865)
Left_Cerebral_Cortex (3): linear fit = 1.10 x + 0.0 (42746 voxels, peak = 64), gca=63.5
gca peak = 0.11113 (58)
mri peak = 0.03837 (66)
Right_Cerebral_Cortex (42): linear fit = 1.12 x + 0.0 (44386 voxels, overlap=0.804)
Right_Cerebral_Cortex (42): linear fit = 1.12 x + 0.0 (44386 voxels, peak = 65), gca=65.2
gca peak = 0.27796 (67)
mri peak = 0.19119 (70)
Right_Caudate (50): linear fit = 1.03 x + 0.0 (1387 voxels, overlap=0.904)
Right_Caudate (50): linear fit = 1.03 x + 0.0 (1387 voxels, peak = 69), gca=69.3
gca peak = 0.14473 (69)
mri peak = 0.14494 (70)
Left_Caudate (11): linear fit = 0.96 x + 0.0 (1495 voxels, overlap=0.794)
Left_Caudate (11): linear fit = 0.96 x + 0.0 (1495 voxels, peak = 67), gca=66.6
gca peak = 0.14301 (56)
mri peak = 0.05687 (62)
Left_Cerebellum_Cortex (8): linear fit = 1.12 x + 0.0 (28795 voxels, overlap=0.872)
Left_Cerebellum_Cortex (8): linear fit = 1.12 x + 0.0 (28795 voxels, peak = 62), gca=62.4
gca peak = 0.14610 (55)
mri peak = 0.05799 (65)
Right_Cerebellum_Cortex (47): linear fit = 1.15 x + 0.0 (28346 voxels, overlap=0.746)
Right_Cerebellum_Cortex (47): linear fit = 1.15 x + 0.0 (28346 voxels, peak = 64), gca=63.5
gca peak = 0.16309 (85)
mri peak = 0.07308 (91)
Left_Cerebellum_White_Matter (7): linear fit = 1.07 x + 0.0 (6672 voxels, overlap=0.745)
Left_Cerebellum_White_Matter (7): linear fit = 1.07 x + 0.0 (6672 voxels, peak = 91), gca=90.5
gca peak = 0.15172 (84)
mri peak = 0.06925 (88)
Right_Cerebellum_White_Matter (46): linear fit = 1.13 x + 0.0 (5704 voxels, overlap=0.367)
Right_Cerebellum_White_Matter (46): linear fit = 1.13 x + 0.0 (5704 voxels, peak = 95), gca=95.3
gca peak = 0.30461 (58)
mri peak = 0.11765 (65)
Left_Amygdala (18): linear fit = 1.10 x + 0.0 (544 voxels, overlap=0.214)
Left_Amygdala (18): linear fit = 1.10 x + 0.0 (544 voxels, peak = 64), gca=63.5
gca peak = 0.32293 (57)
mri peak = 0.08610 (70)
Right_Amygdala (54): linear fit = 1.18 x + 0.0 (542 voxels, overlap=0.050)
Right_Amygdala (54): linear fit = 1.18 x + 0.0 (542 voxels, peak = 68), gca=67.5
gca peak = 0.11083 (90)
mri peak = 0.06956 (88)
Left_Thalamus (10): linear fit = 0.99 x + 0.0 (5634 voxels, overlap=1.000)
Left_Thalamus (10): linear fit = 0.99 x + 0.0 (5634 voxels, peak = 89), gca=88.7
gca peak = 0.11393 (83)
mri peak = 0.08495 (89)
Right_Thalamus (49): linear fit = 1.05 x + 0.0 (4288 voxels, overlap=0.842)
Right_Thalamus (49): linear fit = 1.05 x + 0.0 (4288 voxels, peak = 88), gca=87.6
gca peak = 0.08575 (81)
mri peak = 0.07902 (77)
Left_Putamen (12): linear fit = 0.94 x + 0.0 (2607 voxels, overlap=0.869)
Left_Putamen (12): linear fit = 0.94 x + 0.0 (2607 voxels, peak = 76), gca=75.7
gca peak = 0.08618 (78)
mri peak = 0.15302 (79)
Right_Putamen (51): linear fit = 1.03 x + 0.0 (1849 voxels, overlap=0.759)
Right_Putamen (51): linear fit = 1.03 x + 0.0 (1849 voxels, peak = 81), gca=80.7
gca peak = 0.08005 (78)
mri peak = 0.07966 (84)
Brain_Stem (16): linear fit = 1.05 x + 0.0 (12593 voxels, overlap=0.491)
Brain_Stem (16): linear fit = 1.05 x + 0.0 (12593 voxels, peak = 82), gca=82.3
gca peak = 0.12854 (88)
mri peak = 0.07830 (95)
Right_VentralDC (60): linear fit = 1.11 x + 0.0 (1381 voxels, overlap=0.741)
Right_VentralDC (60): linear fit = 1.11 x + 0.0 (1381 voxels, peak = 97), gca=97.2
gca peak = 0.15703 (87)
mri peak = 0.07093 (94)
Left_VentralDC (28): linear fit = 1.07 x + 0.0 (1419 voxels, overlap=0.896)
Left_VentralDC (28): linear fit = 1.07 x + 0.0 (1419 voxels, peak = 93), gca=92.7
gca peak = 0.17522 (25)
mri peak = 0.18606 (16)
Third_Ventricle (14): linear fit = 0.61 x + 0.0 (77 voxels, overlap=0.582)
Third_Ventricle (14): linear fit = 0.61 x + 0.0 (77 voxels, peak = 15), gca=15.1
gca peak = 0.17113 (14)
mri peak = 0.16050 ( 8)
Fourth_Ventricle (15): linear fit = 0.44 x + 0.0 (426 voxels, overlap=0.085)
Fourth_Ventricle (15): linear fit = 0.44 x + 0.0 (426 voxels, peak =  6), gca=6.1
gca peak Unknown = 0.94777 ( 0)
gca peak Left_Inf_Lat_Vent = 0.16627 (28)
gca peak Third_Ventricle = 0.17522 (25)
gca peak Fourth_Ventricle = 0.17113 (14)
gca peak CSF = 0.20346 (36)
gca peak Left_Accumbens_area = 0.70646 (62)
gca peak Left_undetermined = 1.00000 (28)
gca peak Left_vessel = 0.89917 (53)
gca peak Left_choroid_plexus = 0.11689 (35)
gca peak Right_Inf_Lat_Vent = 0.25504 (23)
gca peak Right_Accumbens_area = 0.31650 (65)
gca peak Right_vessel = 0.77268 (52)
gca peak Right_choroid_plexus = 0.13275 (38)
gca peak Fifth_Ventricle = 0.60973 (33)
gca peak WM_hypointensities = 0.11013 (77)
gca peak non_WM_hypointensities = 0.11354 (41)
gca peak Optic_Chiasm = 0.51646 (76)
not using caudate to estimate GM means
estimating mean gm scale to be 1.13 x + 0.0
estimating mean wm scale to be 1.02 x + 0.0
estimating mean csf scale to be 0.69 x + 0.0
saving intensity scales to aseg.auto_noCCseg.label_intensities.txt
renormalizing by structure alignment....
renormalizing input #0
gca peak = 0.22170 (11)
mri peak = 0.14422 (11)
Left_Lateral_Ventricle (4): linear fit = 1.04 x + 0.0 (954 voxels, overlap=0.749)
Left_Lateral_Ventricle (4): linear fit = 1.04 x + 0.0 (954 voxels, peak = 11), gca=11.5
gca peak = 0.26365 (10)
mri peak = 0.10595 (11)
Right_Lateral_Ventricle (43): linear fit = 1.04 x + 0.0 (1215 voxels, overlap=0.913)
Right_Lateral_Ventricle (43): linear fit = 1.04 x + 0.0 (1215 voxels, peak = 10), gca=10.4
gca peak = 0.22116 (97)
mri peak = 0.09293 (95)
Right_Pallidum (52): linear fit = 1.00 x + 0.0 (1029 voxels, overlap=1.012)
Right_Pallidum (52): linear fit = 1.00 x + 0.0 (1029 voxels, peak = 97), gca=96.5
gca peak = 0.18267 (88)
mri peak = 0.10226 (88)
Left_Pallidum (13): linear fit = 1.00 x + 0.0 (755 voxels, overlap=1.004)
Left_Pallidum (13): linear fit = 1.00 x + 0.0 (755 voxels, peak = 88), gca=88.0
gca peak = 0.24398 (64)
mri peak = 0.12306 (68)
Right_Hippocampus (53): linear fit = 1.00 x + 0.0 (1476 voxels, overlap=1.005)
Right_Hippocampus (53): linear fit = 1.00 x + 0.0 (1476 voxels, peak = 64), gca=64.0
gca peak = 0.33060 (64)
mri peak = 0.12408 (66)
Left_Hippocampus (17): linear fit = 1.00 x + 0.0 (1285 voxels, overlap=1.006)
Left_Hippocampus (17): linear fit = 1.00 x + 0.0 (1285 voxels, peak = 64), gca=64.0
gca peak = 0.07631 (107)
mri peak = 0.08684 (105)
Right_Cerebral_White_Matter (41): linear fit = 1.00 x + 0.0 (40717 voxels, overlap=0.770)
Right_Cerebral_White_Matter (41): linear fit = 1.00 x + 0.0 (40717 voxels, peak = 106), gca=106.5
gca peak = 0.07852 (106)
mri peak = 0.05183 (97)
Left_Cerebral_White_Matter (2): linear fit = 1.00 x + 0.0 (48293 voxels, overlap=0.942)
Left_Cerebral_White_Matter (2): linear fit = 1.00 x + 0.0 (48293 voxels, peak = 107), gca=106.5
gca peak = 0.08815 (63)
mri peak = 0.04189 (62)
Left_Cerebral_Cortex (3): linear fit = 0.99 x + 0.0 (42746 voxels, overlap=0.979)
Left_Cerebral_Cortex (3): linear fit = 0.99 x + 0.0 (42746 voxels, peak = 62), gca=62.1
gca peak = 0.10017 (66)
mri peak = 0.03837 (66)
Right_Cerebral_Cortex (42): linear fit = 0.99 x + 0.0 (44386 voxels, overlap=0.945)
Right_Cerebral_Cortex (42): linear fit = 0.99 x + 0.0 (44386 voxels, peak = 65), gca=65.0
gca peak = 0.22980 (69)
mri peak = 0.19119 (70)
Right_Caudate (50): linear fit = 1.00 x + 0.0 (1387 voxels, overlap=1.002)
Right_Caudate (50): linear fit = 1.00 x + 0.0 (1387 voxels, peak = 69), gca=69.0
gca peak = 0.14004 (66)
mri peak = 0.14494 (70)
Left_Caudate (11): linear fit = 1.00 x + 0.0 (1495 voxels, overlap=0.966)
Left_Caudate (11): linear fit = 1.00 x + 0.0 (1495 voxels, peak = 66), gca=66.0
gca peak = 0.12476 (62)
mri peak = 0.05687 (62)
Left_Cerebellum_Cortex (8): linear fit = 0.99 x + 0.0 (28795 voxels, overlap=0.999)
Left_Cerebellum_Cortex (8): linear fit = 0.99 x + 0.0 (28795 voxels, peak = 61), gca=61.1
gca peak = 0.13454 (64)
mri peak = 0.05799 (65)
Right_Cerebellum_Cortex (47): linear fit = 1.00 x + 0.0 (28346 voxels, overlap=0.995)
Right_Cerebellum_Cortex (47): linear fit = 1.00 x + 0.0 (28346 voxels, peak = 64), gca=63.7
gca peak = 0.15236 (90)
mri peak = 0.07308 (91)
Left_Cerebellum_White_Matter (7): linear fit = 1.01 x + 0.0 (6672 voxels, overlap=0.964)
Left_Cerebellum_White_Matter (7): linear fit = 1.01 x + 0.0 (6672 voxels, peak = 91), gca=91.3
gca peak = 0.14519 (96)
mri peak = 0.06925 (88)
Right_Cerebellum_White_Matter (46): linear fit = 0.98 x + 0.0 (5704 voxels, overlap=0.983)
Right_Cerebellum_White_Matter (46): linear fit = 0.98 x + 0.0 (5704 voxels, peak = 94), gca=93.6
gca peak = 0.24371 (64)
mri peak = 0.11765 (65)
Left_Amygdala (18): linear fit = 1.05 x + 0.0 (544 voxels, overlap=1.024)
Left_Amygdala (18): linear fit = 1.05 x + 0.0 (544 voxels, peak = 68), gca=67.5
gca peak = 0.27370 (68)
mri peak = 0.08610 (70)
Right_Amygdala (54): linear fit = 1.01 x + 0.0 (542 voxels, overlap=1.002)
Right_Amygdala (54): linear fit = 1.01 x + 0.0 (542 voxels, peak = 69), gca=69.0
gca peak = 0.10749 (88)
mri peak = 0.06956 (88)
Left_Thalamus (10): linear fit = 1.02 x + 0.0 (5634 voxels, overlap=0.996)
Left_Thalamus (10): linear fit = 1.02 x + 0.0 (5634 voxels, peak = 90), gca=90.2
gca peak = 0.09997 (85)
mri peak = 0.08495 (89)
Right_Thalamus (49): linear fit = 1.01 x + 0.0 (4288 voxels, overlap=0.929)
Right_Thalamus (49): linear fit = 1.01 x + 0.0 (4288 voxels, peak = 86), gca=86.3
gca peak = 0.08458 (74)
mri peak = 0.07902 (77)
Left_Putamen (12): linear fit = 1.02 x + 0.0 (2607 voxels, overlap=0.947)
Left_Putamen (12): linear fit = 1.02 x + 0.0 (2607 voxels, peak = 76), gca=75.8
gca peak = 0.09160 (80)
mri peak = 0.15302 (79)
Right_Putamen (51): linear fit = 0.98 x + 0.0 (1849 voxels, overlap=0.756)
Right_Putamen (51): linear fit = 0.98 x + 0.0 (1849 voxels, peak = 78), gca=78.0
gca peak = 0.08502 (83)
mri peak = 0.07966 (84)
Brain_Stem (16): linear fit = 1.00 x + 0.0 (12593 voxels, overlap=0.724)
Brain_Stem (16): linear fit = 1.00 x + 0.0 (12593 voxels, peak = 83), gca=82.6
gca peak = 0.11003 (97)
mri peak = 0.07830 (95)
Right_VentralDC (60): linear fit = 1.01 x + 0.0 (1381 voxels, overlap=0.792)
Right_VentralDC (60): linear fit = 1.01 x + 0.0 (1381 voxels, peak = 98), gca=98.5
gca peak = 0.16146 (91)
mri peak = 0.07093 (94)
Left_VentralDC (28): linear fit = 0.98 x + 0.0 (1419 voxels, overlap=0.829)
Left_VentralDC (28): linear fit = 0.98 x + 0.0 (1419 voxels, peak = 89), gca=88.7
gca peak = 0.26907 (17)
mri peak = 0.18606 (16)
Third_Ventricle (14): linear fit = 0.88 x + 0.0 (77 voxels, overlap=1.018)
Third_Ventricle (14): linear fit = 0.88 x + 0.0 (77 voxels, peak = 15), gca=15.0
gca peak = 0.29318 (10)
mri peak = 0.16050 ( 8)
Fourth_Ventricle (15): linear fit = 0.68 x + 0.0 (426 voxels, overlap=0.693)
Fourth_Ventricle (15): linear fit = 0.68 x + 0.0 (426 voxels, peak =  7), gca=6.8
gca peak Unknown = 0.94777 ( 0)
gca peak Left_Inf_Lat_Vent = 0.19610 (32)
gca peak CSF = 0.27293 (25)
gca peak Left_Accumbens_area = 0.65513 (60)
gca peak Left_undetermined = 1.00000 (28)
gca peak Left_vessel = 0.89837 (53)
gca peak Left_choroid_plexus = 0.11689 (35)
gca peak Right_Inf_Lat_Vent = 0.24875 (27)
gca peak Right_Accumbens_area = 0.36939 (67)
gca peak Right_vessel = 0.77268 (52)
gca peak Right_choroid_plexus = 0.13275 (38)
gca peak Fifth_Ventricle = 0.60941 (23)
gca peak WM_hypointensities = 0.10293 (78)
gca peak non_WM_hypointensities = 0.11377 (42)
gca peak Optic_Chiasm = 0.51654 (76)
not using caudate to estimate GM means
estimating mean gm scale to be 1.01 x + 0.0
estimating mean wm scale to be 1.00 x + 0.0
estimating mean csf scale to be 0.91 x + 0.0
saving intensity scales to aseg.auto_noCCseg.label_intensities.txt
saving sequentially combined intensity scales to aseg.auto_noCCseg.label_intensities.txt
77561 voxels changed in iteration 0 of unlikely voxel relabeling
353 voxels changed in iteration 1 of unlikely voxel relabeling
3 voxels changed in iteration 2 of unlikely voxel relabeling
0 voxels changed in iteration 3 of unlikely voxel relabeling
56137 gm and wm labels changed (%27 to gray, %73 to white out of all changed labels)
404 hippocampal voxels changed.
0 amygdala voxels changed.
Reclassifying using Gibbs Priors
pass 1: 82998 changed. image ll: -2.161, PF=0.500
pass 2: 23106 changed. image ll: -2.160, PF=0.500
pass 3: 7309 changed.
pass 4: 2622 changed.
55458 voxels changed in iteration 0 of unlikely voxel relabeling
325 voxels changed in iteration 1 of unlikely voxel relabeling
54 voxels changed in iteration 2 of unlikely voxel relabeling
1 voxels changed in iteration 3 of unlikely voxel relabeling
0 voxels changed in iteration 4 of unlikely voxel relabeling
9392 voxels changed in iteration 0 of unlikely voxel relabeling
222 voxels changed in iteration 1 of unlikely voxel relabeling
15 voxels changed in iteration 2 of unlikely voxel relabeling
0 voxels changed in iteration 3 of unlikely voxel relabeling
7568 voxels changed in iteration 0 of unlikely voxel relabeling
93 voxels changed in iteration 1 of unlikely voxel relabeling
3 voxels changed in iteration 2 of unlikely voxel relabeling
0 voxels changed in iteration 3 of unlikely voxel relabeling
7135 voxels changed in iteration 0 of unlikely voxel relabeling
31 voxels changed in iteration 1 of unlikely voxel relabeling
0 voxels changed in iteration 2 of unlikely voxel relabeling
 !!!!!!!!! ventricle segment 3 with volume 6479 above threshold 100 - not erasing !!!!!!!!!!
 !!!!!!!!! ventricle segment 0 with volume 149 above threshold 100 - not erasing !!!!!!!!!!
 !!!!!!!!! ventricle segment 3 with volume 121 above threshold 100 - not erasing !!!!!!!!!!
 !!!!!!!!! ventricle segment 0 with volume 130 above threshold 100 - not erasing !!!!!!!!!!
 !!!!!!!!! ventricle segment 1 with volume 8584 above threshold 100 - not erasing !!!!!!!!!!
 !!!!!!!!! ventricle segment 0 with volume 144 above threshold 100 - not erasing !!!!!!!!!!
 !!!!!!!!! ventricle segment 7 with volume 122 above threshold 100 - not erasing !!!!!!!!!!
writing labeled volume to aseg.auto_noCCseg.mgz
mri_ca_label utimesec    1656.904024
mri_ca_label stimesec    4.299297
mri_ca_label ru_maxrss   2115184
mri_ca_label ru_ixrss    0
mri_ca_label ru_idrss    0
mri_ca_label ru_isrss    0
mri_ca_label ru_minflt   3656036
mri_ca_label ru_majflt   15
mri_ca_label ru_nswap    0
mri_ca_label ru_inblock  1142
mri_ca_label ru_oublock  744
mri_ca_label ru_msgsnd   0
mri_ca_label ru_msgrcv   0
mri_ca_label ru_nsignals 0
mri_ca_label ru_nvcsw    2229
mri_ca_label ru_nivcsw   17413
auto-labeling took 26 minutes and 38 seconds.
#--------------------------------------
#@# CC Seg Mon Mar  9 11:31:20 CET 2026

 mri_cc -aseg aseg.auto_noCCseg.mgz -o aseg.auto.mgz -lta /out/sourcedata/freesurfer/sub-v1s21x0050403_ses-1/mri/transforms/cc_up.lta sub-v1s21x0050403_ses-1 

will read input aseg from aseg.auto_noCCseg.mgz
writing aseg with cc labels to aseg.auto.mgz
will write lta as /out/sourcedata/freesurfer/sub-v1s21x0050403_ses-1/mri/transforms/cc_up.lta
reading aseg from /out/sourcedata/freesurfer/sub-v1s21x0050403_ses-1/mri/aseg.auto_noCCseg.mgz
reading norm from /out/sourcedata/freesurfer/sub-v1s21x0050403_ses-1/mri/norm.mgz
86655 voxels in left wm, 74363 in right wm, xrange [122, 137]
searching rotation angles z=[-5  9], y=[-4 10]
searching scale 1 Z rot -4.6  searching scale 1 Z rot -4.3  searching scale 1 Z rot -4.1  searching scale 1 Z rot -3.8  searching scale 1 Z rot -3.6  searching scale 1 Z rot -3.3  searching scale 1 Z rot -3.1  searching scale 1 Z rot -2.8  searching scale 1 Z rot -2.6  searching scale 1 Z rot -2.3  searching scale 1 Z rot -2.1  searching scale 1 Z rot -1.8  searching scale 1 Z rot -1.6  searching scale 1 Z rot -1.3  searching scale 1 Z rot -1.1  searching scale 1 Z rot -0.8  searching scale 1 Z rot -0.6  searching scale 1 Z rot -0.3  searching scale 1 Z rot -0.1  searching scale 1 Z rot 0.2  searching scale 1 Z rot 0.4  searching scale 1 Z rot 0.7  searching scale 1 Z rot 0.9  searching scale 1 Z rot 1.2  searching scale 1 Z rot 1.4  searching scale 1 Z rot 1.7  searching scale 1 Z rot 1.9  searching scale 1 Z rot 2.2  searching scale 1 Z rot 2.4  searching scale 1 Z rot 2.7  searching scale 1 Z rot 2.9  searching scale 1 Z rot 3.2  searching scale 1 Z rot 3.4  searching scale 1 Z rot 3.7  searching scale 1 Z rot 3.9  searching scale 1 Z rot 4.2  searching scale 1 Z rot 4.4  searching scale 1 Z rot 4.7  searching scale 1 Z rot 4.9  searching scale 1 Z rot 5.2  searching scale 1 Z rot 5.4  searching scale 1 Z rot 5.7  searching scale 1 Z rot 5.9  searching scale 1 Z rot 6.2  searching scale 1 Z rot 6.4  searching scale 1 Z rot 6.7  searching scale 1 Z rot 6.9  searching scale 1 Z rot 7.2  searching scale 1 Z rot 7.4  searching scale 1 Z rot 7.7  searching scale 1 Z rot 7.9  searching scale 1 Z rot 8.2  searching scale 1 Z rot 8.4  searching scale 1 Z rot 8.7  searching scale 1 Z rot 8.9  searching scale 1 Z rot 9.2  global minimum found at slice 128.4, rotations (2.95, 2.43)
final transformation (x=128.4, yr=2.947, zr=2.433):
 0.99778  -0.04246   0.05136  -2.76299;
 0.04240   0.99910   0.00218   30.36000;
-0.05141  -0.00000   0.99868   6.76940;
 0.00000   0.00000   0.00000   1.00000;
updating x range to be [126, 132] in xformed coordinates
best xformed slice 129
min_x_fornix = 133
min_x_fornix = 136
min_x_fornix = 135
min_x_fornix = 134
min_x_fornix = 128
cc center is found at 129 92 128
eigenvectors:
-0.00094  -0.00630   0.99998;
 0.08448  -0.99641  -0.00620;
 0.99643   0.08447   0.00147;
writing aseg with callosum to /out/sourcedata/freesurfer/sub-v1s21x0050403_ses-1/mri/aseg.auto.mgz...
corpus callosum segmentation took 0.5 minutes
#VMPC# mri_cc VmPeak  556284
mri_cc done
#--------------------------------------
#@# Merge ASeg Mon Mar  9 11:31:51 CET 2026

 cp aseg.auto.mgz aseg.presurf.mgz 

#--------------------------------------------
#@# Intensity Normalization2 Mon Mar  9 11:31:51 CET 2026
/out/sourcedata/freesurfer/sub-v1s21x0050403_ses-1/mri

 mri_normalize -seed 1234 -mprage -aseg aseg.presurf.mgz -mask brainmask.mgz norm.mgz brain.mgz 

setting seed for random number genererator to 1234
assuming input volume is MGH (Van der Kouwe) MP-RAGE
using segmentation for initial intensity normalization
using MR volume brainmask.mgz to mask input volume...
reading mri_src from norm.mgz...
Reading aseg aseg.presurf.mgz
normalizing image...
NOT doing gentle normalization with control points/label
processing with aseg
removing outliers in the aseg WM...
2368 control points removed
Building bias image
building Voronoi diagram...
performing soap bubble smoothing, sigma = 0...
Smoothing with sigma 8
Applying bias correction
building Voronoi diagram...
performing soap bubble smoothing, sigma = 8...

Iterating 2 times
---------------------------------
3d normalization pass 1 of 2
white matter peak found at 110
white matter peak found at 108
gm peak at 68 (68), valley at  0 (-1)
csf peak at 34, setting threshold to 56
building Voronoi diagram...
performing soap bubble smoothing, sigma = 8...
---------------------------------
3d normalization pass 2 of 2
white matter peak found at 110
white matter peak found at 110
gm peak at 68 (68), valley at  0 (-1)
csf peak at 34, setting threshold to 56
building Voronoi diagram...
performing soap bubble smoothing, sigma = 8...
Done iterating ---------------------------------
writing output to brain.mgz
3D bias adjustment took 1 minutes and 31 seconds.
#--------------------------------------------
#@# Mask BFS Mon Mar  9 11:33:22 CET 2026
/out/sourcedata/freesurfer/sub-v1s21x0050403_ses-1/mri

 mri_mask -T 5 brain.mgz brainmask.mgz brain.finalsurfs.mgz 

threshold mask volume at 5
DoAbs = 0
Found 1719676 voxels in mask (pct= 10.25)
Writing masked volume to brain.finalsurfs.mgz...done.
#--------------------------------------------
#@# WM Segmentation Mon Mar  9 11:33:23 CET 2026

 AntsDenoiseImageFs -i brain.mgz -o antsdn.brain.mgz 


 mri_segment -wsizemm 13 -mprage antsdn.brain.mgz wm.seg.mgz 

wsizemm = 13, voxres = 1, wsize = 13
Widening wm low from 89 to 79
assuming input volume is MGH (Van der Kouwe) MP-RAGE
wm mean:  110
wsize:    13
wm low:   79
wm hi:    125
gray low: 30
gray hi:  99
Doing initial trinary intensity segmentation 
Using local statistics to label ambiguous voxels
Autodetecting stats
Computing class statistics for intensity windows...
CCS WM (102.0): 102.8 +- 6.5 [79.0 --> 125.0]
CCS GM (73.0) : 70.9 +- 10.9 [30.0 --> 95.0]
 white_mean 102.811
 white_sigma 6.45555
 gray_mean 70.93
 gray_sigma 10.8999
setting bottom of white matter range wm_low to 81.8
setting top of gray matter range gray_hi to 92.7
 wm_low 81.8299
 wm_hi  125
 gray_low 30
 gray_hi  92.7298
Redoing initial intensity segmentation...
Recomputing local statistics to label ambiguous voxels...
 wm_low 81.8299
 wm_hi  125
 gray_low 30
 gray_hi  92.7298
using local geometry to label remaining ambiguous voxels...
polvwsize = 5, polvlen = 3, gray_hi = 92.7298, wm_low = 81.8299
MRIcpolvMedianCurveSegment(): wsize=5, len=3, gmhi=92.7298, wmlow=81.8299
    203761 voxels processed (1.21%)
     92608 voxels white (0.55%)
    111153 voxels non-white (0.66%)

Reclassifying voxels using Gaussian border classifier niter=1
MRIreclassify(): wm_low=76.8299, gray_hi=92.7298, wsize=13
    332781 voxels tested (1.98%)
     66004 voxels changed (0.39%)
     77624 multi-scale searches  (0.46%)
Recovering bright white
MRIrecoverBrightWhite()
 wm_low 81.8299
 wm_hi 125
 slack 6.45555
 pct_thresh 0.33
 intensity_thresh 131.456
 nvox_thresh 8.58
      515 voxels tested (0.00%)
      308 voxels changed (0.00%)

removing voxels with positive offset direction...
MRIremoveWrongDirection() wsize=3, lowthr=76.8299, hithr=92.7298
  smoothing input volume with sigma = 0.250
   127438 voxels tested (0.76%)
    20660 voxels changed (0.12%)
thicken = 1
removing 1-dimensional structures...
MRIremove1dStructures(): max_iter=10000, thresh=2, WM_MIN_VAL=5
 4043 sparsely connected voxels removed in 1 iterations
thickening thin strands....
thickness 4
nsegments 20
wm_hi 125
2079 diagonally connected voxels added...
MRIthickenThinWMStrands(): thickness=4, nsegments=20
  20 segments, 4296 filled
MRIfindBrightNonWM(): 2859 bright non-wm voxels segmented.
MRIfilterMorphology() WM_MIN_VAL=5, DIAGONAL_FILL=230
white matter segmentation took 1.0 minutes
writing output to wm.seg.mgz...

 mri_edit_wm_with_aseg -keep-in wm.seg.mgz brain.mgz aseg.presurf.mgz wm.asegedit.mgz 

preserving editing changes in input volume...
auto filling took 0.35 minutes
reading wm segmentation from wm.seg.mgz...
0 voxels added to wm to prevent paths from MTL structures to cortex
5408 additional wm voxels added
0 additional wm voxels added
SEG EDIT: 59928 voxels turned on, 35959 voxels turned off.
propagating editing to output volume from wm.seg.mgz
writing edited volume to wm.asegedit.mgz....

 mri_pretess wm.asegedit.mgz wm norm.mgz wm.mgz 


Iteration Number : 1
pass   1 (xy+):  27 found -  27 modified     |    TOTAL:  27
pass   2 (xy+):   0 found -  27 modified     |    TOTAL:  27
pass   1 (xy-):  32 found -  32 modified     |    TOTAL:  59
pass   2 (xy-):   0 found -  32 modified     |    TOTAL:  59
pass   1 (yz+):  37 found -  37 modified     |    TOTAL:  96
pass   2 (yz+):   0 found -  37 modified     |    TOTAL:  96
pass   1 (yz-):  26 found -  26 modified     |    TOTAL: 122
pass   2 (yz-):   0 found -  26 modified     |    TOTAL: 122
pass   1 (xz+):  26 found -  26 modified     |    TOTAL: 148
pass   2 (xz+):   0 found -  26 modified     |    TOTAL: 148
pass   1 (xz-):  24 found -  24 modified     |    TOTAL: 172
pass   2 (xz-):   0 found -  24 modified     |    TOTAL: 172
Iteration Number : 1
pass   1 (+++):  24 found -  24 modified     |    TOTAL:  24
pass   2 (+++):   0 found -  24 modified     |    TOTAL:  24
pass   1 (+++):  31 found -  31 modified     |    TOTAL:  55
pass   2 (+++):   0 found -  31 modified     |    TOTAL:  55
pass   1 (+++):  16 found -  16 modified     |    TOTAL:  71
pass   2 (+++):   0 found -  16 modified     |    TOTAL:  71
pass   1 (+++):  36 found -  36 modified     |    TOTAL: 107
pass   2 (+++):   0 found -  36 modified     |    TOTAL: 107
Iteration Number : 1
pass   1 (++):  81 found -  81 modified     |    TOTAL:  81
pass   2 (++):   0 found -  81 modified     |    TOTAL:  81
pass   1 (+-):  91 found -  91 modified     |    TOTAL: 172
pass   2 (+-):   0 found -  91 modified     |    TOTAL: 172
pass   1 (--):  73 found -  73 modified     |    TOTAL: 245
pass   2 (--):   0 found -  73 modified     |    TOTAL: 245
pass   1 (-+):  74 found -  74 modified     |    TOTAL: 319
pass   2 (-+):   0 found -  74 modified     |    TOTAL: 319
Iteration Number : 2
pass   1 (xy+):  11 found -  11 modified     |    TOTAL:  11
pass   2 (xy+):   0 found -  11 modified     |    TOTAL:  11
pass   1 (xy-):   6 found -   6 modified     |    TOTAL:  17
pass   2 (xy-):   0 found -   6 modified     |    TOTAL:  17
pass   1 (yz+):   4 found -   4 modified     |    TOTAL:  21
pass   2 (yz+):   0 found -   4 modified     |    TOTAL:  21
pass   1 (yz-):   6 found -   6 modified     |    TOTAL:  27
pass   2 (yz-):   0 found -   6 modified     |    TOTAL:  27
pass   1 (xz+):   4 found -   4 modified     |    TOTAL:  31
pass   2 (xz+):   0 found -   4 modified     |    TOTAL:  31
pass   1 (xz-):   1 found -   1 modified     |    TOTAL:  32
pass   2 (xz-):   0 found -   1 modified     |    TOTAL:  32
Iteration Number : 2
pass   1 (+++):   2 found -   2 modified     |    TOTAL:   2
pass   2 (+++):   0 found -   2 modified     |    TOTAL:   2
pass   1 (+++):   2 found -   2 modified     |    TOTAL:   4
pass   2 (+++):   0 found -   2 modified     |    TOTAL:   4
pass   1 (+++):   4 found -   4 modified     |    TOTAL:   8
pass   2 (+++):   0 found -   4 modified     |    TOTAL:   8
pass   1 (+++):   0 found -   0 modified     |    TOTAL:   8
Iteration Number : 2
pass   1 (++):   1 found -   1 modified     |    TOTAL:   1
pass   2 (++):   0 found -   1 modified     |    TOTAL:   1
pass   1 (+-):   3 found -   3 modified     |    TOTAL:   4
pass   2 (+-):   0 found -   3 modified     |    TOTAL:   4
pass   1 (--):   2 found -   2 modified     |    TOTAL:   6
pass   2 (--):   0 found -   2 modified     |    TOTAL:   6
pass   1 (-+):   2 found -   2 modified     |    TOTAL:   8
pass   2 (-+):   0 found -   2 modified     |    TOTAL:   8
Iteration Number : 3
pass   1 (xy+):   1 found -   1 modified     |    TOTAL:   1
pass   2 (xy+):   0 found -   1 modified     |    TOTAL:   1
pass   1 (xy-):   1 found -   1 modified     |    TOTAL:   2
pass   2 (xy-):   0 found -   1 modified     |    TOTAL:   2
pass   1 (yz+):   0 found -   0 modified     |    TOTAL:   2
pass   1 (yz-):   0 found -   0 modified     |    TOTAL:   2
pass   1 (xz+):   0 found -   0 modified     |    TOTAL:   2
pass   1 (xz-):   0 found -   0 modified     |    TOTAL:   2
Iteration Number : 3
pass   1 (+++):   0 found -   0 modified     |    TOTAL:   0
pass   1 (+++):   0 found -   0 modified     |    TOTAL:   0
pass   1 (+++):   0 found -   0 modified     |    TOTAL:   0
pass   1 (+++):   0 found -   0 modified     |    TOTAL:   0
Iteration Number : 3
pass   1 (++):   1 found -   1 modified     |    TOTAL:   1
pass   2 (++):   0 found -   1 modified     |    TOTAL:   1
pass   1 (+-):   0 found -   0 modified     |    TOTAL:   1
pass   1 (--):   0 found -   0 modified     |    TOTAL:   1
pass   1 (-+):   0 found -   0 modified     |    TOTAL:   1
Iteration Number : 4
pass   1 (xy+):   0 found -   0 modified     |    TOTAL:   0
pass   1 (xy-):   0 found -   0 modified     |    TOTAL:   0
pass   1 (yz+):   0 found -   0 modified     |    TOTAL:   0
pass   1 (yz-):   0 found -   0 modified     |    TOTAL:   0
pass   1 (xz+):   0 found -   0 modified     |    TOTAL:   0
pass   1 (xz-):   0 found -   0 modified     |    TOTAL:   0
Iteration Number : 4
pass   1 (+++):   0 found -   0 modified     |    TOTAL:   0
pass   1 (+++):   0 found -   0 modified     |    TOTAL:   0
pass   1 (+++):   0 found -   0 modified     |    TOTAL:   0
pass   1 (+++):   0 found -   0 modified     |    TOTAL:   0
Iteration Number : 4
pass   1 (++):   0 found -   0 modified     |    TOTAL:   0
pass   1 (+-):   0 found -   0 modified     |    TOTAL:   0
pass   1 (--):   0 found -   0 modified     |    TOTAL:   0
pass   1 (-+):   0 found -   0 modified     |    TOTAL:   0

Total Number of Modified Voxels = 649 (out of 608205: 0.106707)
binarizing input wm segmentation...
Ambiguous edge configurations... 

mri_pretess done

#--------------------------------------------
#@# Fill Mon Mar  9 11:35:19 CET 2026
/out/sourcedata/freesurfer/sub-v1s21x0050403_ses-1/mri

 mri_fill -a ../scripts/ponscc.cut.log -xform transforms/talairach.lta -segmentation aseg.presurf.mgz -ctab /opt/freesurfer/SubCorticalMassLUT.txt wm.mgz filled.mgz 

logging cutting plane coordinates to ../scripts/ponscc.cut.log...
INFO: Using transforms/talairach.lta and its offset for Talairach volume ...
using segmentation aseg.presurf.mgz...
reading input volume...done.
searching for cutting planes...voxel to talairach voxel transform
 0.97896  -0.02278   0.06598  -7.09935;
 0.02522   1.09864  -0.04387   2.18875;
-0.09649   0.05608   0.96091  -2.89099;
 0.00000   0.00000   0.00000   1.00000;
voxel to talairach voxel transform
 0.97896  -0.02278   0.06598  -7.09935;
 0.02522   1.09864  -0.04387   2.18875;
-0.09649   0.05608   0.96091  -2.89099;
 0.00000   0.00000   0.00000   1.00000;
reading segmented volume aseg.presurf.mgz
removing CC from segmentation
Looking for area (min, max) = (350, 1400)
area[0] = 914 (min = 350, max = 1400), aspect = 0.36 (min = 0.10, max = 0.75)
no need to search
using seed (126, 107, 116), TAL = (2.0, -12.0, 21.0)
talairach voxel to voxel transform
 1.01411   0.02452  -0.06852   6.94772;
-0.01917   0.90764   0.04275  -1.99911;
 0.10295  -0.05051   1.03130   3.82288;
 0.00000   0.00000   0.00000   1.00000;
segmentation indicates cc at (126,  107,  116) --> (2.0, -12.0, 21.0)
done.
filling took 0.7 minutes
talairach cc position changed to (2.00, -12.00, 21.00)
Erasing brainstem...done.
seed_search_size = 9, min_neighbors = 5
search rh wm seed point around talairach space:(20.00, -12.00, 21.00) SRC: (111.15, 98.01, 129.17)
search lh wm seed point around talairach space (-16.00, -12.00, 21.00), SRC: (147.66, 97.32, 132.87)
compute mri_fill using aseg
Erasing Brain Stem and Cerebellum ...
Define left and right masks using aseg:
Building Voronoi diagram ...
Using the Voronoi diagram for separating WM into two hemispheres ...
Find the largest connected component for each hemisphere ...
Embedding colortable
mri_fill done, writing output to filled.mgz...
 cp filled.mgz filled.auto.mgz

Started at Mon Mar 9 10:18:21 CET 2026 
Ended   at Mon Mar 9 11:36:00 CET 2026
#@#%# recon-all-run-time-hours 1.294
recon-all -s sub-v1s21x0050403_ses-1 finished without error at Mon Mar  9 11:36:00 CET 2026



#New# invocation of recon-all 




Mon Mar  9 12:36:09 CET 2026
cd /out/sourcedata/freesurfer/sub-v1s21x0050403_ses-1
setenv SUBJECTS_DIR /out/sourcedata/freesurfer
/opt/freesurfer/bin/recon-all -parallel -subjid sub-v1s21x0050403_ses-1 -sd /out/sourcedata/freesurfer -cortribbon

subjid sub-v1s21x0050403_ses-1
setenv SUBJECTS_DIR /out/sourcedata/freesurfer
FREESURFER_HOME /opt/freesurfer
Actual FREESURFER_HOME /opt/freesurfer
build-stamp.txt: freesurfer-linux-ubuntu22_x86_64-7.3.2-20220804-6354275
Linux dna079 5.14.0-427.37.1.el9_4.x86_64 #1 SMP PREEMPT_DYNAMIC Fri Sep 13 12:41:50 EDT 2024 x86_64 x86_64 x86_64 GNU/Linux
cputime      unlimited
filesize     unlimited
datasize     unlimited
stacksize    8192 kbytes
coredumpsize 0 kbytes
memoryuse    67108864 kbytes
vmemoryuse   unlimited
descriptors  1024 
memorylocked unlimited
maxproc      2061970 
maxlocks     unlimited
maxsignal    2062029 
maxmessage   819200 
maxnice      0 
maxrtprio    0 
maxrttime    unlimited

               total        used        free      shared  buff/cache   available
Mem:           503Gi        49Gi       379Gi       9.1Gi        74Gi       441Gi
Swap:             0B          0B          0B

########################################
program versions used
7.3.2 (freesurfer-linux-ubuntu22_x86_64-7.3.2-20220804-6354275)
7.3.2

ProgramName: lta_convert  ProgramArguments: lta_convert -all-info  ProgramVersion: 7.3.2  TimeStamp: 2026/03/09-11:36:09-GMT  BuildTime: Aug  4 2022 06:17:15  BuildStamp: freesurfer-linux-ubuntu22_x86_64-7.3.2-20220804-6354275  User: oesteban  Machine: dna079  Platform: Linux  PlatformVersion: 5.14.0-427.37.1.el9_4.x86_64  CompilerName: GCC  CompilerVersion: 8.4.0
ProgramName: mri_and  ProgramArguments: mri_and -all-info  ProgramVersion: 7.3.2  TimeStamp: 2026/03/09-11:36:09-GMT  BuildTime: Aug  4 2022 06:17:15  BuildStamp: freesurfer-linux-ubuntu22_x86_64-7.3.2-20220804-6354275  User: oesteban  Machine: dna079  Platform: Linux  PlatformVersion: 5.14.0-427.37.1.el9_4.x86_64  CompilerName: GCC  CompilerVersion: 8.4.0
ProgramName: mri_annotation2label  ProgramArguments: mri_annotation2label -all-info  ProgramVersion: 7.3.2  TimeStamp: 2026/03/09-11:36:09-GMT  BuildTime: Aug  4 2022 06:17:15  BuildStamp: freesurfer-linux-ubuntu22_x86_64-7.3.2-20220804-6354275  User: oesteban  Machine: dna079  Platform: Linux  PlatformVersion: 5.14.0-427.37.1.el9_4.x86_64  CompilerName: GCC  CompilerVersion: 8.4.0
ProgramName: mri_aparc2aseg  ProgramArguments: mri_aparc2aseg -all-info  ProgramVersion: 7.3.2  TimeStamp: 2026/03/09-11:36:09-GMT  BuildTime: Aug  4 2022 06:17:15  BuildStamp: freesurfer-linux-ubuntu22_x86_64-7.3.2-20220804-6354275  User: oesteban  Machine: dna079  Platform: Linux  PlatformVersion: 5.14.0-427.37.1.el9_4.x86_64  CompilerName: GCC  CompilerVersion: 8.4.0
ProgramName: mri_surf2volseg  ProgramArguments: mri_surf2volseg -all-info  ProgramVersion: 7.3.2  TimeStamp: 2026/03/09-11:36:09-GMT  BuildTime: Aug  4 2022 06:17:15  BuildStamp: freesurfer-linux-ubuntu22_x86_64-7.3.2-20220804-6354275  User: oesteban  Machine: dna079  Platform: Linux  PlatformVersion: 5.14.0-427.37.1.el9_4.x86_64  CompilerName: GCC  CompilerVersion: 8.4.0
ProgramName: mri_binarize  ProgramArguments: mri_binarize -all-info  ProgramVersion: 7.3.2  TimeStamp: 2026/03/09-11:36:09-GMT  BuildTime: Aug  4 2022 06:17:15  BuildStamp: freesurfer-linux-ubuntu22_x86_64-7.3.2-20220804-6354275  User: oesteban  Machine: dna079  Platform: Linux  PlatformVersion: 5.14.0-427.37.1.el9_4.x86_64  CompilerName: GCC  CompilerVersion: 8.4.0
ProgramName: mri_ca_label  ProgramArguments: mri_ca_label -all-info  ProgramVersion: 7.3.2  TimeStamp: 2026/03/09-11:36:09-GMT  BuildTime: Aug  4 2022 06:17:15  BuildStamp: freesurfer-linux-ubuntu22_x86_64-7.3.2-20220804-6354275  User: oesteban  Machine: dna079  Platform: Linux  PlatformVersion: 5.14.0-427.37.1.el9_4.x86_64  CompilerName: GCC  CompilerVersion: 8.4.0
ProgramName: mri_ca_normalize  ProgramArguments: mri_ca_normalize -all-info  ProgramVersion: 7.3.2  TimeStamp: 2026/03/09-11:36:09-GMT  BuildTime: Aug  4 2022 06:17:15  BuildStamp: freesurfer-linux-ubuntu22_x86_64-7.3.2-20220804-6354275  User: oesteban  Machine: dna079  Platform: Linux  PlatformVersion: 5.14.0-427.37.1.el9_4.x86_64  CompilerName: GCC  CompilerVersion: 8.4.0
ProgramName: mri_ca_register  ProgramArguments: mri_ca_register -all-info  ProgramVersion: 7.3.2  TimeStamp: 2026/03/09-11:36:09-GMT  BuildTime: Aug  4 2022 06:17:15  BuildStamp: freesurfer-linux-ubuntu22_x86_64-7.3.2-20220804-6354275  User: oesteban  Machine: dna079  Platform: Linux  PlatformVersion: 5.14.0-427.37.1.el9_4.x86_64  CompilerName: GCC  CompilerVersion: 8.4.0
ProgramName: mri_cc  ProgramArguments: mri_cc -all-info  ProgramVersion: 7.3.2  TimeStamp: 2026/03/09-11:36:09-GMT  BuildTime: Aug  4 2022 06:17:15  BuildStamp: freesurfer-linux-ubuntu22_x86_64-7.3.2-20220804-6354275  User: oesteban  Machine: dna079  Platform: Linux  PlatformVersion: 5.14.0-427.37.1.el9_4.x86_64  CompilerName: GCC  CompilerVersion: 8.4.0
ProgramName: mri_compute_overlap  ProgramArguments: mri_compute_overlap -all-info  ProgramVersion: 7.3.2  TimeStamp: 2026/03/09-11:36:09-GMT  BuildTime: Aug  4 2022 06:17:15  BuildStamp: freesurfer-linux-ubuntu22_x86_64-7.3.2-20220804-6354275  User: oesteban  Machine: dna079  Platform: Linux  PlatformVersion: 5.14.0-427.37.1.el9_4.x86_64  CompilerName: GCC  CompilerVersion: 8.4.0
ProgramName: mri_compute_seg_overlap  ProgramArguments: mri_compute_seg_overlap -all-info  ProgramVersion: 7.3.2  TimeStamp: 2026/03/09-11:36:09-GMT  BuildTime: Aug  4 2022 06:17:15  BuildStamp: freesurfer-linux-ubuntu22_x86_64-7.3.2-20220804-6354275  User: oesteban  Machine: dna079  Platform: Linux  PlatformVersion: 5.14.0-427.37.1.el9_4.x86_64  CompilerName: GCC  CompilerVersion: 8.4.0
ProgramName: mri_concat  ProgramArguments: mri_concat -all-info  ProgramVersion: 7.3.2  TimeStamp: 2026/03/09-11:36:09-GMT  BuildTime: Aug  4 2022 06:17:15  BuildStamp: freesurfer-linux-ubuntu22_x86_64-7.3.2-20220804-6354275  User: oesteban  Machine: dna079  Platform: Linux  PlatformVersion: 5.14.0-427.37.1.el9_4.x86_64  CompilerName: GCC  CompilerVersion: 8.4.0
ProgramName: mri_concatenate_lta  ProgramArguments: mri_concatenate_lta -all-info  ProgramVersion: 7.3.2  TimeStamp: 2026/03/09-11:36:09-GMT  BuildTime: Aug  4 2022 06:17:15  BuildStamp: freesurfer-linux-ubuntu22_x86_64-7.3.2-20220804-6354275  User: oesteban  Machine: dna079  Platform: Linux  PlatformVersion: 5.14.0-427.37.1.el9_4.x86_64  CompilerName: GCC  CompilerVersion: 8.4.0
mri_convert -all-info 
ProgramName: mri_convert  ProgramArguments: mri_convert -all-info  ProgramVersion: 7.3.2  TimeStamp: 2026/03/09-11:36:09-GMT  BuildTime: Aug  4 2022 06:17:15  BuildStamp: freesurfer-linux-ubuntu22_x86_64-7.3.2-20220804-6354275  User: oesteban  Machine: dna079  Platform: Linux  PlatformVersion: 5.14.0-427.37.1.el9_4.x86_64  CompilerName: GCC  CompilerVersion: 8.4.0
ProgramName: mri_diff  ProgramArguments: mri_diff -all-info  ProgramVersion: 7.3.2  TimeStamp: 2026/03/09-11:36:09-GMT  BuildTime: Aug  4 2022 06:17:15  BuildStamp: freesurfer-linux-ubuntu22_x86_64-7.3.2-20220804-6354275  User: oesteban  Machine: dna079  Platform: Linux  PlatformVersion: 5.14.0-427.37.1.el9_4.x86_64  CompilerName: GCC  CompilerVersion: 8.4.0
ProgramName: mri_edit_wm_with_aseg  ProgramArguments: mri_edit_wm_with_aseg -all-info  ProgramVersion: 7.3.2  TimeStamp: 2026/03/09-11:36:09-GMT  BuildTime: Aug  4 2022 06:17:15  BuildStamp: freesurfer-linux-ubuntu22_x86_64-7.3.2-20220804-6354275  User: oesteban  Machine: dna079  Platform: Linux  PlatformVersion: 5.14.0-427.37.1.el9_4.x86_64  CompilerName: GCC  CompilerVersion: 8.4.0
ProgramName: mri_em_register  ProgramArguments: mri_em_register -all-info  ProgramVersion: 7.3.2  TimeStamp: 2026/03/09-11:36:09-GMT  BuildTime: Aug  4 2022 06:17:15  BuildStamp: freesurfer-linux-ubuntu22_x86_64-7.3.2-20220804-6354275  User: oesteban  Machine: dna079  Platform: Linux  PlatformVersion: 5.14.0-427.37.1.el9_4.x86_64  CompilerName: GCC  CompilerVersion: 8.4.0
ProgramName: mri_fill  ProgramArguments: mri_fill -all-info  ProgramVersion: 7.3.2  TimeStamp: 2026/03/09-11:36:09-GMT  BuildTime: Aug  4 2022 06:17:15  BuildStamp: freesurfer-linux-ubuntu22_x86_64-7.3.2-20220804-6354275  User: oesteban  Machine: dna079  Platform: Linux  PlatformVersion: 5.14.0-427.37.1.el9_4.x86_64  CompilerName: GCC  CompilerVersion: 8.4.0
ProgramName: mri_fuse_segmentations  ProgramArguments: mri_fuse_segmentations -all-info  ProgramVersion: 7.3.2  TimeStamp: 2026/03/09-11:36:09-GMT  BuildTime: Aug  4 2022 06:17:15  BuildStamp: freesurfer-linux-ubuntu22_x86_64-7.3.2-20220804-6354275  User: oesteban  Machine: dna079  Platform: Linux  PlatformVersion: 5.14.0-427.37.1.el9_4.x86_64  CompilerName: GCC  CompilerVersion: 8.4.0
ProgramName: mri_fwhm  ProgramArguments: mri_fwhm -all-info  ProgramVersion: 7.3.2  TimeStamp: 2026/03/09-11:36:09-GMT  BuildTime: Aug  4 2022 06:17:15  BuildStamp: freesurfer-linux-ubuntu22_x86_64-7.3.2-20220804-6354275  User: oesteban  Machine: dna079  Platform: Linux  PlatformVersion: 5.14.0-427.37.1.el9_4.x86_64  CompilerName: GCC  CompilerVersion: 8.4.0
ProgramName: mri_gcut  ProgramArguments: mri_gcut -all-info  ProgramVersion: 7.3.2  TimeStamp: 2026/03/09-11:36:09-GMT  BuildTime: Aug  4 2022 06:17:15  BuildStamp: freesurfer-linux-ubuntu22_x86_64-7.3.2-20220804-6354275  User: oesteban  Machine: dna079  Platform: Linux  PlatformVersion: 5.14.0-427.37.1.el9_4.x86_64  CompilerName: GCC  CompilerVersion: 8.4.0
ProgramName: mri_info  ProgramArguments: mri_info -all-info  ProgramVersion: 7.3.2  TimeStamp: 2026/03/09-11:36:09-GMT  BuildTime: Aug  4 2022 06:17:15  BuildStamp: freesurfer-linux-ubuntu22_x86_64-7.3.2-20220804-6354275  User: oesteban  Machine: dna079  Platform: Linux  PlatformVersion: 5.14.0-427.37.1.el9_4.x86_64  CompilerName: GCC  CompilerVersion: 8.4.0
ProgramName: mri_label2label  ProgramArguments: mri_label2label -all-info  ProgramVersion: 7.3.2  TimeStamp: 2026/03/09-11:36:09-GMT  BuildTime: Aug  4 2022 06:17:15  BuildStamp: freesurfer-linux-ubuntu22_x86_64-7.3.2-20220804-6354275  User: oesteban  Machine: dna079  Platform: Linux  PlatformVersion: 5.14.0-427.37.1.el9_4.x86_64  CompilerName: GCC  CompilerVersion: 8.4.0
ProgramName: mri_label2vol  ProgramArguments: mri_label2vol -all-info  ProgramVersion: 7.3.2  TimeStamp: 2026/03/09-11:36:09-GMT  BuildTime: Aug  4 2022 06:17:15  BuildStamp: freesurfer-linux-ubuntu22_x86_64-7.3.2-20220804-6354275  User: oesteban  Machine: dna079  Platform: Linux  PlatformVersion: 5.14.0-427.37.1.el9_4.x86_64  CompilerName: GCC  CompilerVersion: 8.4.0
ProgramName: mri_log_likelihood  ProgramArguments: mri_log_likelihood -all-info  ProgramVersion: 7.3.2  TimeStamp: 2026/03/09-11:36:09-GMT  BuildTime: Aug  4 2022 06:17:15  BuildStamp: freesurfer-linux-ubuntu22_x86_64-7.3.2-20220804-6354275  User: oesteban  Machine: dna079  Platform: Linux  PlatformVersion: 5.14.0-427.37.1.el9_4.x86_64  CompilerName: GCC  CompilerVersion: 8.4.0
ProgramName: mri_mask  ProgramArguments: mri_mask -all-info  ProgramVersion: 7.3.2  TimeStamp: 2026/03/09-11:36:09-GMT  BuildTime: Aug  4 2022 06:17:15  BuildStamp: freesurfer-linux-ubuntu22_x86_64-7.3.2-20220804-6354275  User: oesteban  Machine: dna079  Platform: Linux  PlatformVersion: 5.14.0-427.37.1.el9_4.x86_64  CompilerName: GCC  CompilerVersion: 8.4.0
ProgramName: mri_matrix_multiply  ProgramArguments: mri_matrix_multiply -all-info  ProgramVersion: 7.3.2  TimeStamp: 2026/03/09-11:36:09-GMT  BuildTime: Aug  4 2022 06:17:15  BuildStamp: freesurfer-linux-ubuntu22_x86_64-7.3.2-20220804-6354275  User: oesteban  Machine: dna079  Platform: Linux  PlatformVersion: 5.14.0-427.37.1.el9_4.x86_64  CompilerName: GCC  CompilerVersion: 8.4.0
ProgramName: mri_normalize  ProgramArguments: mri_normalize -all-info  ProgramVersion: 7.3.2  TimeStamp: 2026/03/09-11:36:09-GMT  BuildTime: Aug  4 2022 06:17:15  BuildStamp: freesurfer-linux-ubuntu22_x86_64-7.3.2-20220804-6354275  User: oesteban  Machine: dna079  Platform: Linux  PlatformVersion: 5.14.0-427.37.1.el9_4.x86_64  CompilerName: GCC  CompilerVersion: 8.4.0
ProgramName: mri_normalize_tp2  ProgramArguments: mri_normalize_tp2 -all-info  ProgramVersion: 7.3.2  TimeStamp: 2026/03/09-11:36:09-GMT  BuildTime: Aug  4 2022 06:17:15  BuildStamp: freesurfer-linux-ubuntu22_x86_64-7.3.2-20220804-6354275  User: oesteban  Machine: dna079  Platform: Linux  PlatformVersion: 5.14.0-427.37.1.el9_4.x86_64  CompilerName: GCC  CompilerVersion: 8.4.0
ProgramName: mri_or  ProgramArguments: mri_or -all-info  ProgramVersion: 7.3.2  TimeStamp: 2026/03/09-11:36:09-GMT  BuildTime: Aug  4 2022 06:17:15  BuildStamp: freesurfer-linux-ubuntu22_x86_64-7.3.2-20220804-6354275  User: oesteban  Machine: dna079  Platform: Linux  PlatformVersion: 5.14.0-427.37.1.el9_4.x86_64  CompilerName: GCC  CompilerVersion: 8.4.0
ProgramName: mri_relabel_hypointensities  ProgramArguments: mri_relabel_hypointensities -all-info  ProgramVersion: 7.3.2  TimeStamp: 2026/03/09-11:36:09-GMT  BuildTime: Aug  4 2022 06:17:15  BuildStamp: freesurfer-linux-ubuntu22_x86_64-7.3.2-20220804-6354275  User: oesteban  Machine: dna079  Platform: Linux  PlatformVersion: 5.14.0-427.37.1.el9_4.x86_64  CompilerName: GCC  CompilerVersion: 8.4.0
ProgramName: mri_relabel_nonwm_hypos  ProgramArguments: mri_relabel_nonwm_hypos -all-info  ProgramVersion: 7.3.2  TimeStamp: 2026/03/09-11:36:09-GMT  BuildTime: Aug  4 2022 06:17:15  BuildStamp: freesurfer-linux-ubuntu22_x86_64-7.3.2-20220804-6354275  User: oesteban  Machine: dna079  Platform: Linux  PlatformVersion: 5.14.0-427.37.1.el9_4.x86_64  CompilerName: GCC  CompilerVersion: 8.4.0
ProgramName: mri_remove_neck  ProgramArguments: mri_remove_neck -all-info  ProgramVersion: 7.3.2  TimeStamp: 2026/03/09-11:36:09-GMT  BuildTime: Aug  4 2022 06:17:15  BuildStamp: freesurfer-linux-ubuntu22_x86_64-7.3.2-20220804-6354275  User: oesteban  Machine: dna079  Platform: Linux  PlatformVersion: 5.14.0-427.37.1.el9_4.x86_64  CompilerName: GCC  CompilerVersion: 8.4.0
7.3.2

ProgramName: mri_robust_register  ProgramArguments: mri_robust_register -all-info  ProgramVersion: 7.3.2  TimeStamp: 2026/03/09-11:36:09-GMT  BuildTime: Aug  4 2022 06:17:15  BuildStamp: freesurfer-linux-ubuntu22_x86_64-7.3.2-20220804-6354275  User: oesteban  Machine: dna079  Platform: Linux  PlatformVersion: 5.14.0-427.37.1.el9_4.x86_64  CompilerName: GCC  CompilerVersion: 8.4.0
7.3.2

ProgramName: mri_robust_template  ProgramArguments: mri_robust_template -all-info  ProgramVersion: 7.3.2  TimeStamp: 2026/03/09-11:36:09-GMT  BuildTime: Aug  4 2022 06:17:15  BuildStamp: freesurfer-linux-ubuntu22_x86_64-7.3.2-20220804-6354275  User: oesteban  Machine: dna079  Platform: Linux  PlatformVersion: 5.14.0-427.37.1.el9_4.x86_64  CompilerName: GCC  CompilerVersion: 8.4.0
ProgramName: mris_anatomical_stats  ProgramArguments: mris_anatomical_stats -all-info  ProgramVersion: 7.3.2  TimeStamp: 2026/03/09-11:36:09-GMT  BuildTime: Aug  4 2022 06:17:15  BuildStamp: freesurfer-linux-ubuntu22_x86_64-7.3.2-20220804-6354275  User: oesteban  Machine: dna079  Platform: Linux  PlatformVersion: 5.14.0-427.37.1.el9_4.x86_64  CompilerName: GCC  CompilerVersion: 8.4.0
ProgramName: mris_ca_label  ProgramArguments: mris_ca_label -all-info  ProgramVersion: 7.3.2  TimeStamp: 2026/03/09-11:36:09-GMT  BuildTime: Aug  4 2022 06:17:15  BuildStamp: freesurfer-linux-ubuntu22_x86_64-7.3.2-20220804-6354275  User: oesteban  Machine: dna079  Platform: Linux  PlatformVersion: 5.14.0-427.37.1.el9_4.x86_64  CompilerName: GCC  CompilerVersion: 8.4.0
ProgramName: mris_calc  ProgramArguments: mris_calc -all-info  ProgramVersion: 7.3.2  TimeStamp: 2026/03/09-11:36:09-GMT  BuildTime: Aug  4 2022 06:17:15  BuildStamp: freesurfer-linux-ubuntu22_x86_64-7.3.2-20220804-6354275  User: oesteban  Machine: dna079  Platform: Linux  PlatformVersion: 5.14.0-427.37.1.el9_4.x86_64  CompilerName: GCC  CompilerVersion: 8.4.0
ProgramName: mris_convert  ProgramArguments: mris_convert -all-info  ProgramVersion: 7.3.2  TimeStamp: 2026/03/09-11:36:09-GMT  BuildTime: Aug  4 2022 06:17:15  BuildStamp: freesurfer-linux-ubuntu22_x86_64-7.3.2-20220804-6354275  User: oesteban  Machine: dna079  Platform: Linux  PlatformVersion: 5.14.0-427.37.1.el9_4.x86_64  CompilerName: GCC  CompilerVersion: 8.4.0
ProgramName: mris_curvature  ProgramArguments: mris_curvature -all-info  ProgramVersion: 7.3.2  TimeStamp: 2026/03/09-11:36:09-GMT  BuildTime: Aug  4 2022 06:17:15  BuildStamp: freesurfer-linux-ubuntu22_x86_64-7.3.2-20220804-6354275  User: oesteban  Machine: dna079  Platform: Linux  PlatformVersion: 5.14.0-427.37.1.el9_4.x86_64  CompilerName: GCC  CompilerVersion: 8.4.0
ProgramName: mris_curvature_stats  ProgramArguments: mris_curvature_stats -all-info  ProgramVersion: 7.3.2  TimeStamp: 2026/03/09-11:36:09-GMT  BuildTime: Aug  4 2022 06:17:15  BuildStamp: freesurfer-linux-ubuntu22_x86_64-7.3.2-20220804-6354275  User: oesteban  Machine: dna079  Platform: Linux  PlatformVersion: 5.14.0-427.37.1.el9_4.x86_64  CompilerName: GCC  CompilerVersion: 8.4.0
ProgramName: mris_diff  ProgramArguments: mris_diff -all-info  ProgramVersion: 7.3.2  TimeStamp: 2026/03/09-11:36:09-GMT  BuildTime: Aug  4 2022 06:17:15  BuildStamp: freesurfer-linux-ubuntu22_x86_64-7.3.2-20220804-6354275  User: oesteban  Machine: dna079  Platform: Linux  PlatformVersion: 5.14.0-427.37.1.el9_4.x86_64  CompilerName: GCC  CompilerVersion: 8.4.0
ProgramName: mris_divide_parcellation  ProgramArguments: mris_divide_parcellation -all-info  ProgramVersion: 7.3.2  TimeStamp: 2026/03/09-11:36:09-GMT  BuildTime: Aug  4 2022 06:17:15  BuildStamp: freesurfer-linux-ubuntu22_x86_64-7.3.2-20220804-6354275  User: oesteban  Machine: dna079  Platform: Linux  PlatformVersion: 5.14.0-427.37.1.el9_4.x86_64  CompilerName: GCC  CompilerVersion: 8.4.0
ProgramName: mri_segment  ProgramArguments: mri_segment -all-info  ProgramVersion: 7.3.2  TimeStamp: 2026/03/09-11:36:09-GMT  BuildTime: Aug  4 2022 06:17:15  BuildStamp: freesurfer-linux-ubuntu22_x86_64-7.3.2-20220804-6354275  User: oesteban  Machine: dna079  Platform: Linux  PlatformVersion: 5.14.0-427.37.1.el9_4.x86_64  CompilerName: GCC  CompilerVersion: 8.4.0
ProgramName: mri_segstats  ProgramArguments: mri_segstats -all-info  ProgramVersion: 7.3.2  TimeStamp: 2026/03/09-11:36:09-GMT  BuildTime: Aug  4 2022 06:17:15  BuildStamp: freesurfer-linux-ubuntu22_x86_64-7.3.2-20220804-6354275  User: oesteban  Machine: dna079  Platform: Linux  PlatformVersion: 5.14.0-427.37.1.el9_4.x86_64  CompilerName: GCC  CompilerVersion: 8.4.0
ProgramName: mris_euler_number  ProgramArguments: mris_euler_number -all-info  ProgramVersion: 7.3.2  TimeStamp: 2026/03/09-11:36:09-GMT  BuildTime: Aug  4 2022 06:17:15  BuildStamp: freesurfer-linux-ubuntu22_x86_64-7.3.2-20220804-6354275  User: oesteban  Machine: dna079  Platform: Linux  PlatformVersion: 5.14.0-427.37.1.el9_4.x86_64  CompilerName: GCC  CompilerVersion: 8.4.0
ProgramName: mris_fix_topology  ProgramArguments: mris_fix_topology -all-info  ProgramVersion: 7.3.2  TimeStamp: 2026/03/09-11:36:09-GMT  BuildTime: Aug  4 2022 06:17:15  BuildStamp: freesurfer-linux-ubuntu22_x86_64-7.3.2-20220804-6354275  User: oesteban  Machine: dna079  Platform: Linux  PlatformVersion: 5.14.0-427.37.1.el9_4.x86_64  CompilerName: GCC  CompilerVersion: 8.4.0
ProgramName: mris_topo_fixer  ProgramArguments: mris_topo_fixer -all-info  ProgramVersion: 7.3.2  TimeStamp: 2026/03/09-11:36:09-GMT  BuildTime: Aug  4 2022 06:17:15  BuildStamp: freesurfer-linux-ubuntu22_x86_64-7.3.2-20220804-6354275  User: oesteban  Machine: dna079  Platform: Linux  PlatformVersion: 5.14.0-427.37.1.el9_4.x86_64  CompilerName: GCC  CompilerVersion: 8.4.0
ProgramName: mris_jacobian  ProgramArguments: mris_jacobian -all-info  ProgramVersion: 7.3.2  TimeStamp: 2026/03/09-11:36:09-GMT  BuildTime: Aug  4 2022 06:17:15  BuildStamp: freesurfer-linux-ubuntu22_x86_64-7.3.2-20220804-6354275  User: oesteban  Machine: dna079  Platform: Linux  PlatformVersion: 5.14.0-427.37.1.el9_4.x86_64  CompilerName: GCC  CompilerVersion: 8.4.0
ProgramName: mris_label2annot  ProgramArguments: mris_label2annot -all-info  ProgramVersion: 7.3.2  TimeStamp: 2026/03/09-11:36:09-GMT  BuildTime: Aug  4 2022 06:17:15  BuildStamp: freesurfer-linux-ubuntu22_x86_64-7.3.2-20220804-6354275  User: oesteban  Machine: dna079  Platform: Linux  PlatformVersion: 5.14.0-427.37.1.el9_4.x86_64  CompilerName: GCC  CompilerVersion: 8.4.0
ProgramName: mris_left_right_register  ProgramArguments: mris_left_right_register -all-info  ProgramVersion: 7.3.2  TimeStamp: 2026/03/09-11:36:09-GMT  BuildTime: Aug  4 2022 06:17:15  BuildStamp: freesurfer-linux-ubuntu22_x86_64-7.3.2-20220804-6354275  User: oesteban  Machine: dna079  Platform: Linux  PlatformVersion: 5.14.0-427.37.1.el9_4.x86_64  CompilerName: GCC  CompilerVersion: 8.4.0
ProgramName: mris_place_surface  ProgramArguments: mris_place_surface -all-info  ProgramVersion: 7.3.2  TimeStamp: 2026/03/09-11:36:09-GMT  BuildTime: Aug  4 2022 06:17:15  BuildStamp: freesurfer-linux-ubuntu22_x86_64-7.3.2-20220804-6354275  User: oesteban  Machine: dna079  Platform: Linux  PlatformVersion: 5.14.0-427.37.1.el9_4.x86_64  CompilerName: GCC  CompilerVersion: 8.4.0
ProgramName: mrisp_paint  ProgramArguments: mrisp_paint -all-info  ProgramVersion: 7.3.2  TimeStamp: 2026/03/09-11:36:09-GMT  BuildTime: Aug  4 2022 06:17:15  BuildStamp: freesurfer-linux-ubuntu22_x86_64-7.3.2-20220804-6354275  User: oesteban  Machine: dna079  Platform: Linux  PlatformVersion: 5.14.0-427.37.1.el9_4.x86_64  CompilerName: GCC  CompilerVersion: 8.4.0
ProgramName: mris_register  ProgramArguments: mris_register -all-info  ProgramVersion: 7.3.2  TimeStamp: 2026/03/09-11:36:09-GMT  BuildTime: Aug  4 2022 06:17:15  BuildStamp: freesurfer-linux-ubuntu22_x86_64-7.3.2-20220804-6354275  User: oesteban  Machine: dna079  Platform: Linux  PlatformVersion: 5.14.0-427.37.1.el9_4.x86_64  CompilerName: GCC  CompilerVersion: 8.4.0
ProgramName: mris_smooth  ProgramArguments: mris_smooth -all-info  ProgramVersion: 7.3.2  TimeStamp: 2026/03/09-11:36:09-GMT  BuildTime: Aug  4 2022 06:17:15  BuildStamp: freesurfer-linux-ubuntu22_x86_64-7.3.2-20220804-6354275  User: oesteban  Machine: dna079  Platform: Linux  PlatformVersion: 5.14.0-427.37.1.el9_4.x86_64  CompilerName: GCC  CompilerVersion: 8.4.0
ProgramName: mris_sphere  ProgramArguments: mris_sphere -all-info  ProgramVersion: 7.3.2  TimeStamp: 2026/03/09-11:36:09-GMT  BuildTime: Aug  4 2022 06:17:15  BuildStamp: freesurfer-linux-ubuntu22_x86_64-7.3.2-20220804-6354275  User: oesteban  Machine: dna079  Platform: Linux  PlatformVersion: 5.14.0-427.37.1.el9_4.x86_64  CompilerName: GCC  CompilerVersion: 8.4.0
ProgramName: mris_surface_stats  ProgramArguments: mris_surface_stats -all-info  ProgramVersion: 7.3.2  TimeStamp: 2026/03/09-11:36:09-GMT  BuildTime: Aug  4 2022 06:17:15  BuildStamp: freesurfer-linux-ubuntu22_x86_64-7.3.2-20220804-6354275  User: oesteban  Machine: dna079  Platform: Linux  PlatformVersion: 5.14.0-427.37.1.el9_4.x86_64  CompilerName: GCC  CompilerVersion: 8.4.0
ProgramName: mri_stats2seg  ProgramArguments: mri_stats2seg -all-info  ProgramVersion: 7.3.2  TimeStamp: 2026/03/09-11:36:09-GMT  BuildTime: Aug  4 2022 06:17:15  BuildStamp: freesurfer-linux-ubuntu22_x86_64-7.3.2-20220804-6354275  User: oesteban  Machine: dna079  Platform: Linux  PlatformVersion: 5.14.0-427.37.1.el9_4.x86_64  CompilerName: GCC  CompilerVersion: 8.4.0
ProgramName: mris_thickness  ProgramArguments: mris_thickness -all-info  ProgramVersion: 7.3.2  TimeStamp: 2026/03/09-11:36:09-GMT  BuildTime: Aug  4 2022 06:17:15  BuildStamp: freesurfer-linux-ubuntu22_x86_64-7.3.2-20220804-6354275  User: oesteban  Machine: dna079  Platform: Linux  PlatformVersion: 5.14.0-427.37.1.el9_4.x86_64  CompilerName: GCC  CompilerVersion: 8.4.0
ProgramName: mris_thickness_diff  ProgramArguments: mris_thickness_diff -all-info  ProgramVersion: 7.3.2  TimeStamp: 2026/03/09-11:36:09-GMT  BuildTime: Aug  4 2022 06:17:15  BuildStamp: freesurfer-linux-ubuntu22_x86_64-7.3.2-20220804-6354275  User: oesteban  Machine: dna079  Platform: Linux  PlatformVersion: 5.14.0-427.37.1.el9_4.x86_64  CompilerName: GCC  CompilerVersion: 8.4.0
ProgramName: mris_topo_fixer  ProgramArguments: mris_topo_fixer -all-info  ProgramVersion: 7.3.2  TimeStamp: 2026/03/09-11:36:09-GMT  BuildTime: Aug  4 2022 06:17:15  BuildStamp: freesurfer-linux-ubuntu22_x86_64-7.3.2-20220804-6354275  User: oesteban  Machine: dna079  Platform: Linux  PlatformVersion: 5.14.0-427.37.1.el9_4.x86_64  CompilerName: GCC  CompilerVersion: 8.4.0
ProgramName: mri_surf2surf  ProgramArguments: mri_surf2surf -all-info  ProgramVersion: 7.3.2  TimeStamp: 2026/03/09-11:36:09-GMT  BuildTime: Aug  4 2022 06:17:15  BuildStamp: freesurfer-linux-ubuntu22_x86_64-7.3.2-20220804-6354275  User: oesteban  Machine: dna079  Platform: Linux  PlatformVersion: 5.14.0-427.37.1.el9_4.x86_64  CompilerName: GCC  CompilerVersion: 8.4.0
ProgramName: mri_surf2vol  ProgramArguments: mri_surf2vol -all-info  ProgramVersion: 7.3.2  TimeStamp: 2026/03/09-11:36:09-GMT  BuildTime: Aug  4 2022 06:17:15  BuildStamp: freesurfer-linux-ubuntu22_x86_64-7.3.2-20220804-6354275  User: oesteban  Machine: dna079  Platform: Linux  PlatformVersion: 5.14.0-427.37.1.el9_4.x86_64  CompilerName: GCC  CompilerVersion: 8.4.0
ProgramName: mri_surfcluster  ProgramArguments: mri_surfcluster -all-info  ProgramVersion: 7.3.2  TimeStamp: 2026/03/09-11:36:09-GMT  BuildTime: Aug  4 2022 06:17:15  BuildStamp: freesurfer-linux-ubuntu22_x86_64-7.3.2-20220804-6354275  User: oesteban  Machine: dna079  Platform: Linux  PlatformVersion: 5.14.0-427.37.1.el9_4.x86_64  CompilerName: GCC  CompilerVersion: 8.4.0
ProgramName: mris_volmask  ProgramArguments: mris_volmask -all-info  ProgramVersion: 7.3.2  TimeStamp: 2026/03/09-11:36:09-GMT  BuildTime: Aug  4 2022 06:17:15  BuildStamp: freesurfer-linux-ubuntu22_x86_64-7.3.2-20220804-6354275  User: oesteban  Machine: dna079  Platform: Linux  PlatformVersion: 5.14.0-427.37.1.el9_4.x86_64  CompilerName: GCC  CompilerVersion: 8.4.0
ProgramName: mri_tessellate  ProgramArguments: mri_tessellate -all-info  ProgramVersion: 7.3.2  TimeStamp: 2026/03/09-11:36:09-GMT  BuildTime: Aug  4 2022 06:17:15  BuildStamp: freesurfer-linux-ubuntu22_x86_64-7.3.2-20220804-6354275  User: oesteban  Machine: dna079  Platform: Linux  PlatformVersion: 5.14.0-427.37.1.el9_4.x86_64  CompilerName: GCC  CompilerVersion: 8.4.0
ProgramName: mri_vol2surf  ProgramArguments: mri_vol2surf -all-info  ProgramVersion: 7.3.2  TimeStamp: 2026/03/09-11:36:09-GMT  BuildTime: Aug  4 2022 06:17:15  BuildStamp: freesurfer-linux-ubuntu22_x86_64-7.3.2-20220804-6354275  User: oesteban  Machine: dna079  Platform: Linux  PlatformVersion: 5.14.0-427.37.1.el9_4.x86_64  CompilerName: GCC  CompilerVersion: 8.4.0
ProgramName: mri_vol2vol  ProgramArguments: mri_vol2vol -all-info  ProgramVersion: 7.3.2  TimeStamp: 2026/03/09-11:36:09-GMT  BuildTime: Aug  4 2022 06:17:15  BuildStamp: freesurfer-linux-ubuntu22_x86_64-7.3.2-20220804-6354275  User: oesteban  Machine: dna079  Platform: Linux  PlatformVersion: 5.14.0-427.37.1.el9_4.x86_64  CompilerName: GCC  CompilerVersion: 8.4.0
ProgramName: mri_voldiff  ProgramArguments: mri_voldiff -all-info  ProgramVersion: 7.3.2  TimeStamp: 2026/03/09-11:36:09-GMT  BuildTime: Aug  4 2022 06:17:15  BuildStamp: freesurfer-linux-ubuntu22_x86_64-7.3.2-20220804-6354275  User: oesteban  Machine: dna079  Platform: Linux  PlatformVersion: 5.14.0-427.37.1.el9_4.x86_64  CompilerName: GCC  CompilerVersion: 8.4.0
ProgramName: mri_watershed  ProgramArguments: mri_watershed -all-info  ProgramVersion: 7.3.2  TimeStamp: 2026/03/09-11:36:09-GMT  BuildTime: Aug  4 2022 06:17:15  BuildStamp: freesurfer-linux-ubuntu22_x86_64-7.3.2-20220804-6354275  User: oesteban  Machine: dna079  Platform: Linux  PlatformVersion: 5.14.0-427.37.1.el9_4.x86_64  CompilerName: GCC  CompilerVersion: 8.4.0
ProgramName: tkregister2  ProgramArguments: tkregister2_cmdl -all-info  ProgramVersion: 7.3.2  TimeStamp: 2026/03/09-11:36:09-GMT  BuildTime: Aug  4 2022 06:17:15  BuildStamp: freesurfer-linux-ubuntu22_x86_64-7.3.2-20220804-6354275  User: oesteban  Machine: dna079  Platform: Linux  PlatformVersion: 5.14.0-427.37.1.el9_4.x86_64  CompilerName: GCC  CompilerVersion: 8.4.0
mri_motion_correct.fsl 7.3.2
mri_convert -all-info 
ProgramName: mri_convert  ProgramArguments: mri_convert -all-info  ProgramVersion: 7.3.2  TimeStamp: 2026/03/09-11:36:09-GMT  BuildTime: Aug  4 2022 06:17:15  BuildStamp: freesurfer-linux-ubuntu22_x86_64-7.3.2-20220804-6354275  User: oesteban  Machine: dna079  Platform: Linux  PlatformVersion: 5.14.0-427.37.1.el9_4.x86_64  CompilerName: GCC  CompilerVersion: 8.4.0
Program nu_correct, built from:
Package MNI N3, version 1.12.0, compiled by nicks@terrier (x86_64-unknown-linux-gnu) on 2015-06-19 at 01:25:34
#######################################
GCADIR /opt/freesurfer/average
GCA RB_all_2020-01-02.gca
GCASkull RB_all_withskull_2020_01_02.gca
AvgCurvTif folding.atlas.acfb40.noaparc.i12.2016-08-02.tif
GCSDIR /opt/freesurfer/average
GCS DKaparc.atlas.acfb40.noaparc.i12.2016-08-02.gcs
#######################################
#@# white curv lh Mon Mar  9 12:36:09 CET 2026
cd /out/sourcedata/freesurfer/sub-v1s21x0050403_ses-1/mri
mris_place_surface --curv-map ../surf/lh.white 2 10 ../surf/lh.curv
   Update not needed
#@# white area lh Mon Mar  9 12:36:09 CET 2026
cd /out/sourcedata/freesurfer/sub-v1s21x0050403_ses-1/mri
mris_place_surface --area-map ../surf/lh.white ../surf/lh.area
   Update not needed
#@# pial curv lh Mon Mar  9 12:36:09 CET 2026
cd /out/sourcedata/freesurfer/sub-v1s21x0050403_ses-1/mri
mris_place_surface --curv-map ../surf/lh.pial 2 10 ../surf/lh.curv.pial
   Update not needed
#@# pial area lh Mon Mar  9 12:36:09 CET 2026
cd /out/sourcedata/freesurfer/sub-v1s21x0050403_ses-1/mri
mris_place_surface --area-map ../surf/lh.pial ../surf/lh.area.pial
   Update not needed
#@# thickness lh Mon Mar  9 12:36:09 CET 2026
cd /out/sourcedata/freesurfer/sub-v1s21x0050403_ses-1/mri
mris_place_surface --thickness ../surf/lh.white ../surf/lh.pial 20 5 ../surf/lh.thickness
   Update not needed
#@# area and vertex vol lh Mon Mar  9 12:36:09 CET 2026
cd /out/sourcedata/freesurfer/sub-v1s21x0050403_ses-1/mri
mris_place_surface --thickness ../surf/lh.white ../surf/lh.pial 20 5 ../surf/lh.thickness
   Update not needed
#@# white curv rh Mon Mar  9 12:36:09 CET 2026
cd /out/sourcedata/freesurfer/sub-v1s21x0050403_ses-1/mri
mris_place_surface --curv-map ../surf/rh.white 2 10 ../surf/rh.curv
   Update not needed
#@# white area rh Mon Mar  9 12:36:09 CET 2026
cd /out/sourcedata/freesurfer/sub-v1s21x0050403_ses-1/mri
mris_place_surface --area-map ../surf/rh.white ../surf/rh.area
   Update not needed
#@# pial curv rh Mon Mar  9 12:36:09 CET 2026
cd /out/sourcedata/freesurfer/sub-v1s21x0050403_ses-1/mri
mris_place_surface --curv-map ../surf/rh.pial 2 10 ../surf/rh.curv.pial
   Update not needed
#@# pial area rh Mon Mar  9 12:36:09 CET 2026
cd /out/sourcedata/freesurfer/sub-v1s21x0050403_ses-1/mri
mris_place_surface --area-map ../surf/rh.pial ../surf/rh.area.pial
   Update not needed
#@# thickness rh Mon Mar  9 12:36:09 CET 2026
cd /out/sourcedata/freesurfer/sub-v1s21x0050403_ses-1/mri
mris_place_surface --thickness ../surf/rh.white ../surf/rh.pial 20 5 ../surf/rh.thickness
   Update not needed
#@# area and vertex vol rh Mon Mar  9 12:36:09 CET 2026
cd /out/sourcedata/freesurfer/sub-v1s21x0050403_ses-1/mri
mris_place_surface --thickness ../surf/rh.white ../surf/rh.pial 20 5 ../surf/rh.thickness
   Update not needed
#--------------------------------------------
#@# Cortical ribbon mask Mon Mar  9 12:36:09 CET 2026
/out/sourcedata/freesurfer/sub-v1s21x0050403_ses-1/mri

 mris_volmask --aseg_name aseg.presurf --label_left_white 2 --label_left_ribbon 3 --label_right_white 41 --label_right_ribbon 42 --save_ribbon sub-v1s21x0050403_ses-1 

SUBJECTS_DIR is /out/sourcedata/freesurfer
loading input data...
Running hemis serially
Processing left hemi
computing distance to left white surface 
computing distance to left pial surface 
Processing right hemi
computing distance to right white surface 
computing distance to right pial surface 
 hemi masks overlap voxels = 510
writing volume /out/sourcedata/freesurfer/sub-v1s21x0050403_ses-1/mri/ribbon.mgz
mris_volmask took 5.11 minutes
 writing ribbon files

Started at Mon Mar 9 12:36:09 CET 2026 
Ended   at Mon Mar 9 12:41:16 CET 2026
#@#%# recon-all-run-time-hours 0.085
recon-all -s sub-v1s21x0050403_ses-1 finished without error at Mon Mar  9 12:41:16 CET 2026



#New# invocation of recon-all 




Mon Mar  9 12:47:01 CET 2026
cd /out/sourcedata/freesurfer/sub-v1s21x0050403_ses-1
setenv SUBJECTS_DIR /out/sourcedata/freesurfer
/opt/freesurfer/bin/recon-all -autorecon3 -openmp 16 -subjid sub-v1s21x0050403_ses-1 -sd /out/sourcedata/freesurfer -nosphere -nosurfreg -nojacobian_white -noavgcurv -nocortparc -nopial -noparcstats -nocortparc2 -noparcstats2 -nocortparc3 -noparcstats3 -nopctsurfcon -nocortribbon -nobalabels

subjid sub-v1s21x0050403_ses-1
setenv SUBJECTS_DIR /out/sourcedata/freesurfer
FREESURFER_HOME /opt/freesurfer
Actual FREESURFER_HOME /opt/freesurfer
build-stamp.txt: freesurfer-linux-ubuntu22_x86_64-7.3.2-20220804-6354275
Linux dna079 5.14.0-427.37.1.el9_4.x86_64 #1 SMP PREEMPT_DYNAMIC Fri Sep 13 12:41:50 EDT 2024 x86_64 x86_64 x86_64 GNU/Linux
cputime      unlimited
filesize     unlimited
datasize     unlimited
stacksize    8192 kbytes
coredumpsize 0 kbytes
memoryuse    67108864 kbytes
vmemoryuse   unlimited
descriptors  1024 
memorylocked unlimited
maxproc      2061970 
maxlocks     unlimited
maxsignal    2062029 
maxmessage   819200 
maxnice      0 
maxrtprio    0 
maxrttime    unlimited

               total        used        free      shared  buff/cache   available
Mem:           503Gi        49Gi       379Gi       9.1Gi        74Gi       441Gi
Swap:             0B          0B          0B

########################################
program versions used
7.3.2 (freesurfer-linux-ubuntu22_x86_64-7.3.2-20220804-6354275)
7.3.2

ProgramName: lta_convert  ProgramArguments: lta_convert -all-info  ProgramVersion: 7.3.2  TimeStamp: 2026/03/09-11:47:01-GMT  BuildTime: Aug  4 2022 06:17:15  BuildStamp: freesurfer-linux-ubuntu22_x86_64-7.3.2-20220804-6354275  User: oesteban  Machine: dna079  Platform: Linux  PlatformVersion: 5.14.0-427.37.1.el9_4.x86_64  CompilerName: GCC  CompilerVersion: 8.4.0
ProgramName: mri_and  ProgramArguments: mri_and -all-info  ProgramVersion: 7.3.2  TimeStamp: 2026/03/09-11:47:01-GMT  BuildTime: Aug  4 2022 06:17:15  BuildStamp: freesurfer-linux-ubuntu22_x86_64-7.3.2-20220804-6354275  User: oesteban  Machine: dna079  Platform: Linux  PlatformVersion: 5.14.0-427.37.1.el9_4.x86_64  CompilerName: GCC  CompilerVersion: 8.4.0
ProgramName: mri_annotation2label  ProgramArguments: mri_annotation2label -all-info  ProgramVersion: 7.3.2  TimeStamp: 2026/03/09-11:47:01-GMT  BuildTime: Aug  4 2022 06:17:15  BuildStamp: freesurfer-linux-ubuntu22_x86_64-7.3.2-20220804-6354275  User: oesteban  Machine: dna079  Platform: Linux  PlatformVersion: 5.14.0-427.37.1.el9_4.x86_64  CompilerName: GCC  CompilerVersion: 8.4.0
ProgramName: mri_aparc2aseg  ProgramArguments: mri_aparc2aseg -all-info  ProgramVersion: 7.3.2  TimeStamp: 2026/03/09-11:47:01-GMT  BuildTime: Aug  4 2022 06:17:15  BuildStamp: freesurfer-linux-ubuntu22_x86_64-7.3.2-20220804-6354275  User: oesteban  Machine: dna079  Platform: Linux  PlatformVersion: 5.14.0-427.37.1.el9_4.x86_64  CompilerName: GCC  CompilerVersion: 8.4.0
ProgramName: mri_surf2volseg  ProgramArguments: mri_surf2volseg -all-info  ProgramVersion: 7.3.2  TimeStamp: 2026/03/09-11:47:01-GMT  BuildTime: Aug  4 2022 06:17:15  BuildStamp: freesurfer-linux-ubuntu22_x86_64-7.3.2-20220804-6354275  User: oesteban  Machine: dna079  Platform: Linux  PlatformVersion: 5.14.0-427.37.1.el9_4.x86_64  CompilerName: GCC  CompilerVersion: 8.4.0
ProgramName: mri_binarize  ProgramArguments: mri_binarize -all-info  ProgramVersion: 7.3.2  TimeStamp: 2026/03/09-11:47:01-GMT  BuildTime: Aug  4 2022 06:17:15  BuildStamp: freesurfer-linux-ubuntu22_x86_64-7.3.2-20220804-6354275  User: oesteban  Machine: dna079  Platform: Linux  PlatformVersion: 5.14.0-427.37.1.el9_4.x86_64  CompilerName: GCC  CompilerVersion: 8.4.0
ProgramName: mri_ca_label  ProgramArguments: mri_ca_label -all-info  ProgramVersion: 7.3.2  TimeStamp: 2026/03/09-11:47:01-GMT  BuildTime: Aug  4 2022 06:17:15  BuildStamp: freesurfer-linux-ubuntu22_x86_64-7.3.2-20220804-6354275  User: oesteban  Machine: dna079  Platform: Linux  PlatformVersion: 5.14.0-427.37.1.el9_4.x86_64  CompilerName: GCC  CompilerVersion: 8.4.0
ProgramName: mri_ca_normalize  ProgramArguments: mri_ca_normalize -all-info  ProgramVersion: 7.3.2  TimeStamp: 2026/03/09-11:47:01-GMT  BuildTime: Aug  4 2022 06:17:15  BuildStamp: freesurfer-linux-ubuntu22_x86_64-7.3.2-20220804-6354275  User: oesteban  Machine: dna079  Platform: Linux  PlatformVersion: 5.14.0-427.37.1.el9_4.x86_64  CompilerName: GCC  CompilerVersion: 8.4.0
ProgramName: mri_ca_register  ProgramArguments: mri_ca_register -all-info  ProgramVersion: 7.3.2  TimeStamp: 2026/03/09-11:47:01-GMT  BuildTime: Aug  4 2022 06:17:15  BuildStamp: freesurfer-linux-ubuntu22_x86_64-7.3.2-20220804-6354275  User: oesteban  Machine: dna079  Platform: Linux  PlatformVersion: 5.14.0-427.37.1.el9_4.x86_64  CompilerName: GCC  CompilerVersion: 8.4.0
ProgramName: mri_cc  ProgramArguments: mri_cc -all-info  ProgramVersion: 7.3.2  TimeStamp: 2026/03/09-11:47:01-GMT  BuildTime: Aug  4 2022 06:17:15  BuildStamp: freesurfer-linux-ubuntu22_x86_64-7.3.2-20220804-6354275  User: oesteban  Machine: dna079  Platform: Linux  PlatformVersion: 5.14.0-427.37.1.el9_4.x86_64  CompilerName: GCC  CompilerVersion: 8.4.0
ProgramName: mri_compute_overlap  ProgramArguments: mri_compute_overlap -all-info  ProgramVersion: 7.3.2  TimeStamp: 2026/03/09-11:47:01-GMT  BuildTime: Aug  4 2022 06:17:15  BuildStamp: freesurfer-linux-ubuntu22_x86_64-7.3.2-20220804-6354275  User: oesteban  Machine: dna079  Platform: Linux  PlatformVersion: 5.14.0-427.37.1.el9_4.x86_64  CompilerName: GCC  CompilerVersion: 8.4.0
ProgramName: mri_compute_seg_overlap  ProgramArguments: mri_compute_seg_overlap -all-info  ProgramVersion: 7.3.2  TimeStamp: 2026/03/09-11:47:01-GMT  BuildTime: Aug  4 2022 06:17:15  BuildStamp: freesurfer-linux-ubuntu22_x86_64-7.3.2-20220804-6354275  User: oesteban  Machine: dna079  Platform: Linux  PlatformVersion: 5.14.0-427.37.1.el9_4.x86_64  CompilerName: GCC  CompilerVersion: 8.4.0
ProgramName: mri_concat  ProgramArguments: mri_concat -all-info  ProgramVersion: 7.3.2  TimeStamp: 2026/03/09-11:47:01-GMT  BuildTime: Aug  4 2022 06:17:15  BuildStamp: freesurfer-linux-ubuntu22_x86_64-7.3.2-20220804-6354275  User: oesteban  Machine: dna079  Platform: Linux  PlatformVersion: 5.14.0-427.37.1.el9_4.x86_64  CompilerName: GCC  CompilerVersion: 8.4.0
ProgramName: mri_concatenate_lta  ProgramArguments: mri_concatenate_lta -all-info  ProgramVersion: 7.3.2  TimeStamp: 2026/03/09-11:47:01-GMT  BuildTime: Aug  4 2022 06:17:15  BuildStamp: freesurfer-linux-ubuntu22_x86_64-7.3.2-20220804-6354275  User: oesteban  Machine: dna079  Platform: Linux  PlatformVersion: 5.14.0-427.37.1.el9_4.x86_64  CompilerName: GCC  CompilerVersion: 8.4.0
mri_convert -all-info 
ProgramName: mri_convert  ProgramArguments: mri_convert -all-info  ProgramVersion: 7.3.2  TimeStamp: 2026/03/09-11:47:01-GMT  BuildTime: Aug  4 2022 06:17:15  BuildStamp: freesurfer-linux-ubuntu22_x86_64-7.3.2-20220804-6354275  User: oesteban  Machine: dna079  Platform: Linux  PlatformVersion: 5.14.0-427.37.1.el9_4.x86_64  CompilerName: GCC  CompilerVersion: 8.4.0
ProgramName: mri_diff  ProgramArguments: mri_diff -all-info  ProgramVersion: 7.3.2  TimeStamp: 2026/03/09-11:47:01-GMT  BuildTime: Aug  4 2022 06:17:15  BuildStamp: freesurfer-linux-ubuntu22_x86_64-7.3.2-20220804-6354275  User: oesteban  Machine: dna079  Platform: Linux  PlatformVersion: 5.14.0-427.37.1.el9_4.x86_64  CompilerName: GCC  CompilerVersion: 8.4.0
ProgramName: mri_edit_wm_with_aseg  ProgramArguments: mri_edit_wm_with_aseg -all-info  ProgramVersion: 7.3.2  TimeStamp: 2026/03/09-11:47:01-GMT  BuildTime: Aug  4 2022 06:17:15  BuildStamp: freesurfer-linux-ubuntu22_x86_64-7.3.2-20220804-6354275  User: oesteban  Machine: dna079  Platform: Linux  PlatformVersion: 5.14.0-427.37.1.el9_4.x86_64  CompilerName: GCC  CompilerVersion: 8.4.0
ProgramName: mri_em_register  ProgramArguments: mri_em_register -all-info  ProgramVersion: 7.3.2  TimeStamp: 2026/03/09-11:47:01-GMT  BuildTime: Aug  4 2022 06:17:15  BuildStamp: freesurfer-linux-ubuntu22_x86_64-7.3.2-20220804-6354275  User: oesteban  Machine: dna079  Platform: Linux  PlatformVersion: 5.14.0-427.37.1.el9_4.x86_64  CompilerName: GCC  CompilerVersion: 8.4.0
ProgramName: mri_fill  ProgramArguments: mri_fill -all-info  ProgramVersion: 7.3.2  TimeStamp: 2026/03/09-11:47:01-GMT  BuildTime: Aug  4 2022 06:17:15  BuildStamp: freesurfer-linux-ubuntu22_x86_64-7.3.2-20220804-6354275  User: oesteban  Machine: dna079  Platform: Linux  PlatformVersion: 5.14.0-427.37.1.el9_4.x86_64  CompilerName: GCC  CompilerVersion: 8.4.0
ProgramName: mri_fuse_segmentations  ProgramArguments: mri_fuse_segmentations -all-info  ProgramVersion: 7.3.2  TimeStamp: 2026/03/09-11:47:01-GMT  BuildTime: Aug  4 2022 06:17:15  BuildStamp: freesurfer-linux-ubuntu22_x86_64-7.3.2-20220804-6354275  User: oesteban  Machine: dna079  Platform: Linux  PlatformVersion: 5.14.0-427.37.1.el9_4.x86_64  CompilerName: GCC  CompilerVersion: 8.4.0
ProgramName: mri_fwhm  ProgramArguments: mri_fwhm -all-info  ProgramVersion: 7.3.2  TimeStamp: 2026/03/09-11:47:01-GMT  BuildTime: Aug  4 2022 06:17:15  BuildStamp: freesurfer-linux-ubuntu22_x86_64-7.3.2-20220804-6354275  User: oesteban  Machine: dna079  Platform: Linux  PlatformVersion: 5.14.0-427.37.1.el9_4.x86_64  CompilerName: GCC  CompilerVersion: 8.4.0
ProgramName: mri_gcut  ProgramArguments: mri_gcut -all-info  ProgramVersion: 7.3.2  TimeStamp: 2026/03/09-11:47:01-GMT  BuildTime: Aug  4 2022 06:17:15  BuildStamp: freesurfer-linux-ubuntu22_x86_64-7.3.2-20220804-6354275  User: oesteban  Machine: dna079  Platform: Linux  PlatformVersion: 5.14.0-427.37.1.el9_4.x86_64  CompilerName: GCC  CompilerVersion: 8.4.0
ProgramName: mri_info  ProgramArguments: mri_info -all-info  ProgramVersion: 7.3.2  TimeStamp: 2026/03/09-11:47:01-GMT  BuildTime: Aug  4 2022 06:17:15  BuildStamp: freesurfer-linux-ubuntu22_x86_64-7.3.2-20220804-6354275  User: oesteban  Machine: dna079  Platform: Linux  PlatformVersion: 5.14.0-427.37.1.el9_4.x86_64  CompilerName: GCC  CompilerVersion: 8.4.0
ProgramName: mri_label2label  ProgramArguments: mri_label2label -all-info  ProgramVersion: 7.3.2  TimeStamp: 2026/03/09-11:47:01-GMT  BuildTime: Aug  4 2022 06:17:15  BuildStamp: freesurfer-linux-ubuntu22_x86_64-7.3.2-20220804-6354275  User: oesteban  Machine: dna079  Platform: Linux  PlatformVersion: 5.14.0-427.37.1.el9_4.x86_64  CompilerName: GCC  CompilerVersion: 8.4.0
ProgramName: mri_label2vol  ProgramArguments: mri_label2vol -all-info  ProgramVersion: 7.3.2  TimeStamp: 2026/03/09-11:47:01-GMT  BuildTime: Aug  4 2022 06:17:15  BuildStamp: freesurfer-linux-ubuntu22_x86_64-7.3.2-20220804-6354275  User: oesteban  Machine: dna079  Platform: Linux  PlatformVersion: 5.14.0-427.37.1.el9_4.x86_64  CompilerName: GCC  CompilerVersion: 8.4.0
ProgramName: mri_log_likelihood  ProgramArguments: mri_log_likelihood -all-info  ProgramVersion: 7.3.2  TimeStamp: 2026/03/09-11:47:01-GMT  BuildTime: Aug  4 2022 06:17:15  BuildStamp: freesurfer-linux-ubuntu22_x86_64-7.3.2-20220804-6354275  User: oesteban  Machine: dna079  Platform: Linux  PlatformVersion: 5.14.0-427.37.1.el9_4.x86_64  CompilerName: GCC  CompilerVersion: 8.4.0
ProgramName: mri_mask  ProgramArguments: mri_mask -all-info  ProgramVersion: 7.3.2  TimeStamp: 2026/03/09-11:47:01-GMT  BuildTime: Aug  4 2022 06:17:15  BuildStamp: freesurfer-linux-ubuntu22_x86_64-7.3.2-20220804-6354275  User: oesteban  Machine: dna079  Platform: Linux  PlatformVersion: 5.14.0-427.37.1.el9_4.x86_64  CompilerName: GCC  CompilerVersion: 8.4.0
ProgramName: mri_matrix_multiply  ProgramArguments: mri_matrix_multiply -all-info  ProgramVersion: 7.3.2  TimeStamp: 2026/03/09-11:47:01-GMT  BuildTime: Aug  4 2022 06:17:15  BuildStamp: freesurfer-linux-ubuntu22_x86_64-7.3.2-20220804-6354275  User: oesteban  Machine: dna079  Platform: Linux  PlatformVersion: 5.14.0-427.37.1.el9_4.x86_64  CompilerName: GCC  CompilerVersion: 8.4.0
ProgramName: mri_normalize  ProgramArguments: mri_normalize -all-info  ProgramVersion: 7.3.2  TimeStamp: 2026/03/09-11:47:01-GMT  BuildTime: Aug  4 2022 06:17:15  BuildStamp: freesurfer-linux-ubuntu22_x86_64-7.3.2-20220804-6354275  User: oesteban  Machine: dna079  Platform: Linux  PlatformVersion: 5.14.0-427.37.1.el9_4.x86_64  CompilerName: GCC  CompilerVersion: 8.4.0
ProgramName: mri_normalize_tp2  ProgramArguments: mri_normalize_tp2 -all-info  ProgramVersion: 7.3.2  TimeStamp: 2026/03/09-11:47:01-GMT  BuildTime: Aug  4 2022 06:17:15  BuildStamp: freesurfer-linux-ubuntu22_x86_64-7.3.2-20220804-6354275  User: oesteban  Machine: dna079  Platform: Linux  PlatformVersion: 5.14.0-427.37.1.el9_4.x86_64  CompilerName: GCC  CompilerVersion: 8.4.0
ProgramName: mri_or  ProgramArguments: mri_or -all-info  ProgramVersion: 7.3.2  TimeStamp: 2026/03/09-11:47:01-GMT  BuildTime: Aug  4 2022 06:17:15  BuildStamp: freesurfer-linux-ubuntu22_x86_64-7.3.2-20220804-6354275  User: oesteban  Machine: dna079  Platform: Linux  PlatformVersion: 5.14.0-427.37.1.el9_4.x86_64  CompilerName: GCC  CompilerVersion: 8.4.0
ProgramName: mri_relabel_hypointensities  ProgramArguments: mri_relabel_hypointensities -all-info  ProgramVersion: 7.3.2  TimeStamp: 2026/03/09-11:47:01-GMT  BuildTime: Aug  4 2022 06:17:15  BuildStamp: freesurfer-linux-ubuntu22_x86_64-7.3.2-20220804-6354275  User: oesteban  Machine: dna079  Platform: Linux  PlatformVersion: 5.14.0-427.37.1.el9_4.x86_64  CompilerName: GCC  CompilerVersion: 8.4.0
ProgramName: mri_relabel_nonwm_hypos  ProgramArguments: mri_relabel_nonwm_hypos -all-info  ProgramVersion: 7.3.2  TimeStamp: 2026/03/09-11:47:01-GMT  BuildTime: Aug  4 2022 06:17:15  BuildStamp: freesurfer-linux-ubuntu22_x86_64-7.3.2-20220804-6354275  User: oesteban  Machine: dna079  Platform: Linux  PlatformVersion: 5.14.0-427.37.1.el9_4.x86_64  CompilerName: GCC  CompilerVersion: 8.4.0
ProgramName: mri_remove_neck  ProgramArguments: mri_remove_neck -all-info  ProgramVersion: 7.3.2  TimeStamp: 2026/03/09-11:47:01-GMT  BuildTime: Aug  4 2022 06:17:15  BuildStamp: freesurfer-linux-ubuntu22_x86_64-7.3.2-20220804-6354275  User: oesteban  Machine: dna079  Platform: Linux  PlatformVersion: 5.14.0-427.37.1.el9_4.x86_64  CompilerName: GCC  CompilerVersion: 8.4.0
7.3.2

ProgramName: mri_robust_register  ProgramArguments: mri_robust_register -all-info  ProgramVersion: 7.3.2  TimeStamp: 2026/03/09-11:47:01-GMT  BuildTime: Aug  4 2022 06:17:15  BuildStamp: freesurfer-linux-ubuntu22_x86_64-7.3.2-20220804-6354275  User: oesteban  Machine: dna079  Platform: Linux  PlatformVersion: 5.14.0-427.37.1.el9_4.x86_64  CompilerName: GCC  CompilerVersion: 8.4.0
7.3.2

ProgramName: mri_robust_template  ProgramArguments: mri_robust_template -all-info  ProgramVersion: 7.3.2  TimeStamp: 2026/03/09-11:47:01-GMT  BuildTime: Aug  4 2022 06:17:15  BuildStamp: freesurfer-linux-ubuntu22_x86_64-7.3.2-20220804-6354275  User: oesteban  Machine: dna079  Platform: Linux  PlatformVersion: 5.14.0-427.37.1.el9_4.x86_64  CompilerName: GCC  CompilerVersion: 8.4.0
ProgramName: mris_anatomical_stats  ProgramArguments: mris_anatomical_stats -all-info  ProgramVersion: 7.3.2  TimeStamp: 2026/03/09-11:47:01-GMT  BuildTime: Aug  4 2022 06:17:15  BuildStamp: freesurfer-linux-ubuntu22_x86_64-7.3.2-20220804-6354275  User: oesteban  Machine: dna079  Platform: Linux  PlatformVersion: 5.14.0-427.37.1.el9_4.x86_64  CompilerName: GCC  CompilerVersion: 8.4.0
ProgramName: mris_ca_label  ProgramArguments: mris_ca_label -all-info  ProgramVersion: 7.3.2  TimeStamp: 2026/03/09-11:47:01-GMT  BuildTime: Aug  4 2022 06:17:15  BuildStamp: freesurfer-linux-ubuntu22_x86_64-7.3.2-20220804-6354275  User: oesteban  Machine: dna079  Platform: Linux  PlatformVersion: 5.14.0-427.37.1.el9_4.x86_64  CompilerName: GCC  CompilerVersion: 8.4.0
ProgramName: mris_calc  ProgramArguments: mris_calc -all-info  ProgramVersion: 7.3.2  TimeStamp: 2026/03/09-11:47:01-GMT  BuildTime: Aug  4 2022 06:17:15  BuildStamp: freesurfer-linux-ubuntu22_x86_64-7.3.2-20220804-6354275  User: oesteban  Machine: dna079  Platform: Linux  PlatformVersion: 5.14.0-427.37.1.el9_4.x86_64  CompilerName: GCC  CompilerVersion: 8.4.0
ProgramName: mris_convert  ProgramArguments: mris_convert -all-info  ProgramVersion: 7.3.2  TimeStamp: 2026/03/09-11:47:01-GMT  BuildTime: Aug  4 2022 06:17:15  BuildStamp: freesurfer-linux-ubuntu22_x86_64-7.3.2-20220804-6354275  User: oesteban  Machine: dna079  Platform: Linux  PlatformVersion: 5.14.0-427.37.1.el9_4.x86_64  CompilerName: GCC  CompilerVersion: 8.4.0
ProgramName: mris_curvature  ProgramArguments: mris_curvature -all-info  ProgramVersion: 7.3.2  TimeStamp: 2026/03/09-11:47:01-GMT  BuildTime: Aug  4 2022 06:17:15  BuildStamp: freesurfer-linux-ubuntu22_x86_64-7.3.2-20220804-6354275  User: oesteban  Machine: dna079  Platform: Linux  PlatformVersion: 5.14.0-427.37.1.el9_4.x86_64  CompilerName: GCC  CompilerVersion: 8.4.0
ProgramName: mris_curvature_stats  ProgramArguments: mris_curvature_stats -all-info  ProgramVersion: 7.3.2  TimeStamp: 2026/03/09-11:47:01-GMT  BuildTime: Aug  4 2022 06:17:15  BuildStamp: freesurfer-linux-ubuntu22_x86_64-7.3.2-20220804-6354275  User: oesteban  Machine: dna079  Platform: Linux  PlatformVersion: 5.14.0-427.37.1.el9_4.x86_64  CompilerName: GCC  CompilerVersion: 8.4.0
ProgramName: mris_diff  ProgramArguments: mris_diff -all-info  ProgramVersion: 7.3.2  TimeStamp: 2026/03/09-11:47:01-GMT  BuildTime: Aug  4 2022 06:17:15  BuildStamp: freesurfer-linux-ubuntu22_x86_64-7.3.2-20220804-6354275  User: oesteban  Machine: dna079  Platform: Linux  PlatformVersion: 5.14.0-427.37.1.el9_4.x86_64  CompilerName: GCC  CompilerVersion: 8.4.0
ProgramName: mris_divide_parcellation  ProgramArguments: mris_divide_parcellation -all-info  ProgramVersion: 7.3.2  TimeStamp: 2026/03/09-11:47:01-GMT  BuildTime: Aug  4 2022 06:17:15  BuildStamp: freesurfer-linux-ubuntu22_x86_64-7.3.2-20220804-6354275  User: oesteban  Machine: dna079  Platform: Linux  PlatformVersion: 5.14.0-427.37.1.el9_4.x86_64  CompilerName: GCC  CompilerVersion: 8.4.0
ProgramName: mri_segment  ProgramArguments: mri_segment -all-info  ProgramVersion: 7.3.2  TimeStamp: 2026/03/09-11:47:01-GMT  BuildTime: Aug  4 2022 06:17:15  BuildStamp: freesurfer-linux-ubuntu22_x86_64-7.3.2-20220804-6354275  User: oesteban  Machine: dna079  Platform: Linux  PlatformVersion: 5.14.0-427.37.1.el9_4.x86_64  CompilerName: GCC  CompilerVersion: 8.4.0
ProgramName: mri_segstats  ProgramArguments: mri_segstats -all-info  ProgramVersion: 7.3.2  TimeStamp: 2026/03/09-11:47:01-GMT  BuildTime: Aug  4 2022 06:17:15  BuildStamp: freesurfer-linux-ubuntu22_x86_64-7.3.2-20220804-6354275  User: oesteban  Machine: dna079  Platform: Linux  PlatformVersion: 5.14.0-427.37.1.el9_4.x86_64  CompilerName: GCC  CompilerVersion: 8.4.0
ProgramName: mris_euler_number  ProgramArguments: mris_euler_number -all-info  ProgramVersion: 7.3.2  TimeStamp: 2026/03/09-11:47:01-GMT  BuildTime: Aug  4 2022 06:17:15  BuildStamp: freesurfer-linux-ubuntu22_x86_64-7.3.2-20220804-6354275  User: oesteban  Machine: dna079  Platform: Linux  PlatformVersion: 5.14.0-427.37.1.el9_4.x86_64  CompilerName: GCC  CompilerVersion: 8.4.0
ProgramName: mris_fix_topology  ProgramArguments: mris_fix_topology -all-info  ProgramVersion: 7.3.2  TimeStamp: 2026/03/09-11:47:01-GMT  BuildTime: Aug  4 2022 06:17:15  BuildStamp: freesurfer-linux-ubuntu22_x86_64-7.3.2-20220804-6354275  User: oesteban  Machine: dna079  Platform: Linux  PlatformVersion: 5.14.0-427.37.1.el9_4.x86_64  CompilerName: GCC  CompilerVersion: 8.4.0
ProgramName: mris_topo_fixer  ProgramArguments: mris_topo_fixer -all-info  ProgramVersion: 7.3.2  TimeStamp: 2026/03/09-11:47:01-GMT  BuildTime: Aug  4 2022 06:17:15  BuildStamp: freesurfer-linux-ubuntu22_x86_64-7.3.2-20220804-6354275  User: oesteban  Machine: dna079  Platform: Linux  PlatformVersion: 5.14.0-427.37.1.el9_4.x86_64  CompilerName: GCC  CompilerVersion: 8.4.0
ProgramName: mris_jacobian  ProgramArguments: mris_jacobian -all-info  ProgramVersion: 7.3.2  TimeStamp: 2026/03/09-11:47:01-GMT  BuildTime: Aug  4 2022 06:17:15  BuildStamp: freesurfer-linux-ubuntu22_x86_64-7.3.2-20220804-6354275  User: oesteban  Machine: dna079  Platform: Linux  PlatformVersion: 5.14.0-427.37.1.el9_4.x86_64  CompilerName: GCC  CompilerVersion: 8.4.0
ProgramName: mris_label2annot  ProgramArguments: mris_label2annot -all-info  ProgramVersion: 7.3.2  TimeStamp: 2026/03/09-11:47:01-GMT  BuildTime: Aug  4 2022 06:17:15  BuildStamp: freesurfer-linux-ubuntu22_x86_64-7.3.2-20220804-6354275  User: oesteban  Machine: dna079  Platform: Linux  PlatformVersion: 5.14.0-427.37.1.el9_4.x86_64  CompilerName: GCC  CompilerVersion: 8.4.0
ProgramName: mris_left_right_register  ProgramArguments: mris_left_right_register -all-info  ProgramVersion: 7.3.2  TimeStamp: 2026/03/09-11:47:01-GMT  BuildTime: Aug  4 2022 06:17:15  BuildStamp: freesurfer-linux-ubuntu22_x86_64-7.3.2-20220804-6354275  User: oesteban  Machine: dna079  Platform: Linux  PlatformVersion: 5.14.0-427.37.1.el9_4.x86_64  CompilerName: GCC  CompilerVersion: 8.4.0
ProgramName: mris_place_surface  ProgramArguments: mris_place_surface -all-info  ProgramVersion: 7.3.2  TimeStamp: 2026/03/09-11:47:01-GMT  BuildTime: Aug  4 2022 06:17:15  BuildStamp: freesurfer-linux-ubuntu22_x86_64-7.3.2-20220804-6354275  User: oesteban  Machine: dna079  Platform: Linux  PlatformVersion: 5.14.0-427.37.1.el9_4.x86_64  CompilerName: GCC  CompilerVersion: 8.4.0
ProgramName: mrisp_paint  ProgramArguments: mrisp_paint -all-info  ProgramVersion: 7.3.2  TimeStamp: 2026/03/09-11:47:01-GMT  BuildTime: Aug  4 2022 06:17:15  BuildStamp: freesurfer-linux-ubuntu22_x86_64-7.3.2-20220804-6354275  User: oesteban  Machine: dna079  Platform: Linux  PlatformVersion: 5.14.0-427.37.1.el9_4.x86_64  CompilerName: GCC  CompilerVersion: 8.4.0
ProgramName: mris_register  ProgramArguments: mris_register -all-info  ProgramVersion: 7.3.2  TimeStamp: 2026/03/09-11:47:01-GMT  BuildTime: Aug  4 2022 06:17:15  BuildStamp: freesurfer-linux-ubuntu22_x86_64-7.3.2-20220804-6354275  User: oesteban  Machine: dna079  Platform: Linux  PlatformVersion: 5.14.0-427.37.1.el9_4.x86_64  CompilerName: GCC  CompilerVersion: 8.4.0
ProgramName: mris_smooth  ProgramArguments: mris_smooth -all-info  ProgramVersion: 7.3.2  TimeStamp: 2026/03/09-11:47:01-GMT  BuildTime: Aug  4 2022 06:17:15  BuildStamp: freesurfer-linux-ubuntu22_x86_64-7.3.2-20220804-6354275  User: oesteban  Machine: dna079  Platform: Linux  PlatformVersion: 5.14.0-427.37.1.el9_4.x86_64  CompilerName: GCC  CompilerVersion: 8.4.0
ProgramName: mris_sphere  ProgramArguments: mris_sphere -all-info  ProgramVersion: 7.3.2  TimeStamp: 2026/03/09-11:47:01-GMT  BuildTime: Aug  4 2022 06:17:15  BuildStamp: freesurfer-linux-ubuntu22_x86_64-7.3.2-20220804-6354275  User: oesteban  Machine: dna079  Platform: Linux  PlatformVersion: 5.14.0-427.37.1.el9_4.x86_64  CompilerName: GCC  CompilerVersion: 8.4.0
ProgramName: mris_surface_stats  ProgramArguments: mris_surface_stats -all-info  ProgramVersion: 7.3.2  TimeStamp: 2026/03/09-11:47:01-GMT  BuildTime: Aug  4 2022 06:17:15  BuildStamp: freesurfer-linux-ubuntu22_x86_64-7.3.2-20220804-6354275  User: oesteban  Machine: dna079  Platform: Linux  PlatformVersion: 5.14.0-427.37.1.el9_4.x86_64  CompilerName: GCC  CompilerVersion: 8.4.0
ProgramName: mri_stats2seg  ProgramArguments: mri_stats2seg -all-info  ProgramVersion: 7.3.2  TimeStamp: 2026/03/09-11:47:01-GMT  BuildTime: Aug  4 2022 06:17:15  BuildStamp: freesurfer-linux-ubuntu22_x86_64-7.3.2-20220804-6354275  User: oesteban  Machine: dna079  Platform: Linux  PlatformVersion: 5.14.0-427.37.1.el9_4.x86_64  CompilerName: GCC  CompilerVersion: 8.4.0
ProgramName: mris_thickness  ProgramArguments: mris_thickness -all-info  ProgramVersion: 7.3.2  TimeStamp: 2026/03/09-11:47:01-GMT  BuildTime: Aug  4 2022 06:17:15  BuildStamp: freesurfer-linux-ubuntu22_x86_64-7.3.2-20220804-6354275  User: oesteban  Machine: dna079  Platform: Linux  PlatformVersion: 5.14.0-427.37.1.el9_4.x86_64  CompilerName: GCC  CompilerVersion: 8.4.0
ProgramName: mris_thickness_diff  ProgramArguments: mris_thickness_diff -all-info  ProgramVersion: 7.3.2  TimeStamp: 2026/03/09-11:47:01-GMT  BuildTime: Aug  4 2022 06:17:15  BuildStamp: freesurfer-linux-ubuntu22_x86_64-7.3.2-20220804-6354275  User: oesteban  Machine: dna079  Platform: Linux  PlatformVersion: 5.14.0-427.37.1.el9_4.x86_64  CompilerName: GCC  CompilerVersion: 8.4.0
ProgramName: mris_topo_fixer  ProgramArguments: mris_topo_fixer -all-info  ProgramVersion: 7.3.2  TimeStamp: 2026/03/09-11:47:01-GMT  BuildTime: Aug  4 2022 06:17:15  BuildStamp: freesurfer-linux-ubuntu22_x86_64-7.3.2-20220804-6354275  User: oesteban  Machine: dna079  Platform: Linux  PlatformVersion: 5.14.0-427.37.1.el9_4.x86_64  CompilerName: GCC  CompilerVersion: 8.4.0
ProgramName: mri_surf2surf  ProgramArguments: mri_surf2surf -all-info  ProgramVersion: 7.3.2  TimeStamp: 2026/03/09-11:47:01-GMT  BuildTime: Aug  4 2022 06:17:15  BuildStamp: freesurfer-linux-ubuntu22_x86_64-7.3.2-20220804-6354275  User: oesteban  Machine: dna079  Platform: Linux  PlatformVersion: 5.14.0-427.37.1.el9_4.x86_64  CompilerName: GCC  CompilerVersion: 8.4.0
ProgramName: mri_surf2vol  ProgramArguments: mri_surf2vol -all-info  ProgramVersion: 7.3.2  TimeStamp: 2026/03/09-11:47:01-GMT  BuildTime: Aug  4 2022 06:17:15  BuildStamp: freesurfer-linux-ubuntu22_x86_64-7.3.2-20220804-6354275  User: oesteban  Machine: dna079  Platform: Linux  PlatformVersion: 5.14.0-427.37.1.el9_4.x86_64  CompilerName: GCC  CompilerVersion: 8.4.0
ProgramName: mri_surfcluster  ProgramArguments: mri_surfcluster -all-info  ProgramVersion: 7.3.2  TimeStamp: 2026/03/09-11:47:01-GMT  BuildTime: Aug  4 2022 06:17:15  BuildStamp: freesurfer-linux-ubuntu22_x86_64-7.3.2-20220804-6354275  User: oesteban  Machine: dna079  Platform: Linux  PlatformVersion: 5.14.0-427.37.1.el9_4.x86_64  CompilerName: GCC  CompilerVersion: 8.4.0
ProgramName: mris_volmask  ProgramArguments: mris_volmask -all-info  ProgramVersion: 7.3.2  TimeStamp: 2026/03/09-11:47:01-GMT  BuildTime: Aug  4 2022 06:17:15  BuildStamp: freesurfer-linux-ubuntu22_x86_64-7.3.2-20220804-6354275  User: oesteban  Machine: dna079  Platform: Linux  PlatformVersion: 5.14.0-427.37.1.el9_4.x86_64  CompilerName: GCC  CompilerVersion: 8.4.0
ProgramName: mri_tessellate  ProgramArguments: mri_tessellate -all-info  ProgramVersion: 7.3.2  TimeStamp: 2026/03/09-11:47:01-GMT  BuildTime: Aug  4 2022 06:17:15  BuildStamp: freesurfer-linux-ubuntu22_x86_64-7.3.2-20220804-6354275  User: oesteban  Machine: dna079  Platform: Linux  PlatformVersion: 5.14.0-427.37.1.el9_4.x86_64  CompilerName: GCC  CompilerVersion: 8.4.0
ProgramName: mri_vol2surf  ProgramArguments: mri_vol2surf -all-info  ProgramVersion: 7.3.2  TimeStamp: 2026/03/09-11:47:01-GMT  BuildTime: Aug  4 2022 06:17:15  BuildStamp: freesurfer-linux-ubuntu22_x86_64-7.3.2-20220804-6354275  User: oesteban  Machine: dna079  Platform: Linux  PlatformVersion: 5.14.0-427.37.1.el9_4.x86_64  CompilerName: GCC  CompilerVersion: 8.4.0
ProgramName: mri_vol2vol  ProgramArguments: mri_vol2vol -all-info  ProgramVersion: 7.3.2  TimeStamp: 2026/03/09-11:47:01-GMT  BuildTime: Aug  4 2022 06:17:15  BuildStamp: freesurfer-linux-ubuntu22_x86_64-7.3.2-20220804-6354275  User: oesteban  Machine: dna079  Platform: Linux  PlatformVersion: 5.14.0-427.37.1.el9_4.x86_64  CompilerName: GCC  CompilerVersion: 8.4.0
ProgramName: mri_voldiff  ProgramArguments: mri_voldiff -all-info  ProgramVersion: 7.3.2  TimeStamp: 2026/03/09-11:47:01-GMT  BuildTime: Aug  4 2022 06:17:15  BuildStamp: freesurfer-linux-ubuntu22_x86_64-7.3.2-20220804-6354275  User: oesteban  Machine: dna079  Platform: Linux  PlatformVersion: 5.14.0-427.37.1.el9_4.x86_64  CompilerName: GCC  CompilerVersion: 8.4.0
ProgramName: mri_watershed  ProgramArguments: mri_watershed -all-info  ProgramVersion: 7.3.2  TimeStamp: 2026/03/09-11:47:01-GMT  BuildTime: Aug  4 2022 06:17:15  BuildStamp: freesurfer-linux-ubuntu22_x86_64-7.3.2-20220804-6354275  User: oesteban  Machine: dna079  Platform: Linux  PlatformVersion: 5.14.0-427.37.1.el9_4.x86_64  CompilerName: GCC  CompilerVersion: 8.4.0
ProgramName: tkregister2  ProgramArguments: tkregister2_cmdl -all-info  ProgramVersion: 7.3.2  TimeStamp: 2026/03/09-11:47:01-GMT  BuildTime: Aug  4 2022 06:17:15  BuildStamp: freesurfer-linux-ubuntu22_x86_64-7.3.2-20220804-6354275  User: oesteban  Machine: dna079  Platform: Linux  PlatformVersion: 5.14.0-427.37.1.el9_4.x86_64  CompilerName: GCC  CompilerVersion: 8.4.0
mri_motion_correct.fsl 7.3.2
mri_convert -all-info 
ProgramName: mri_convert  ProgramArguments: mri_convert -all-info  ProgramVersion: 7.3.2  TimeStamp: 2026/03/09-11:47:01-GMT  BuildTime: Aug  4 2022 06:17:15  BuildStamp: freesurfer-linux-ubuntu22_x86_64-7.3.2-20220804-6354275  User: oesteban  Machine: dna079  Platform: Linux  PlatformVersion: 5.14.0-427.37.1.el9_4.x86_64  CompilerName: GCC  CompilerVersion: 8.4.0
Program nu_correct, built from:
Package MNI N3, version 1.12.0, compiled by nicks@terrier (x86_64-unknown-linux-gnu) on 2015-06-19 at 01:25:34
#######################################
GCADIR /opt/freesurfer/average
GCA RB_all_2020-01-02.gca
GCASkull RB_all_withskull_2020_01_02.gca
AvgCurvTif folding.atlas.acfb40.noaparc.i12.2016-08-02.tif
GCSDIR /opt/freesurfer/average
GCS DKaparc.atlas.acfb40.noaparc.i12.2016-08-02.gcs
#######################################
#--------------------------------------------
#@# WhiteSurfs lh Mon Mar  9 12:47:01 CET 2026
cd /out/sourcedata/freesurfer/sub-v1s21x0050403_ses-1/mri
mris_place_surface --adgws-in ../surf/autodet.gw.stats.lh.dat --seg aseg.presurf.mgz --threads 16 --wm wm.mgz --invol brain.finalsurfs.mgz --lh --i ../surf/lh.white.preaparc --o ../surf/lh.white --white --nsmooth 0 --rip-label ../label/lh.cortex.label --rip-bg --rip-surf ../surf/lh.white.preaparc --aparc ../label/lh.aparc.annot
   Update not needed
#--------------------------------------------
#@# WhiteSurfs rh Mon Mar  9 12:47:01 CET 2026
cd /out/sourcedata/freesurfer/sub-v1s21x0050403_ses-1/mri
mris_place_surface --adgws-in ../surf/autodet.gw.stats.rh.dat --seg aseg.presurf.mgz --threads 16 --wm wm.mgz --invol brain.finalsurfs.mgz --rh --i ../surf/rh.white.preaparc --o ../surf/rh.white --white --nsmooth 0 --rip-label ../label/rh.cortex.label --rip-bg --rip-surf ../surf/rh.white.preaparc --aparc ../label/rh.aparc.annot
   Update not needed
#@# white curv lh Mon Mar  9 12:47:01 CET 2026
cd /out/sourcedata/freesurfer/sub-v1s21x0050403_ses-1/mri
mris_place_surface --curv-map ../surf/lh.white 2 10 ../surf/lh.curv
   Update not needed
#@# white area lh Mon Mar  9 12:47:01 CET 2026
cd /out/sourcedata/freesurfer/sub-v1s21x0050403_ses-1/mri
mris_place_surface --area-map ../surf/lh.white ../surf/lh.area
   Update not needed
#@# pial curv lh Mon Mar  9 12:47:01 CET 2026
cd /out/sourcedata/freesurfer/sub-v1s21x0050403_ses-1/mri
mris_place_surface --curv-map ../surf/lh.pial 2 10 ../surf/lh.curv.pial
   Update not needed
#@# pial area lh Mon Mar  9 12:47:01 CET 2026
cd /out/sourcedata/freesurfer/sub-v1s21x0050403_ses-1/mri
mris_place_surface --area-map ../surf/lh.pial ../surf/lh.area.pial
   Update not needed
#@# thickness lh Mon Mar  9 12:47:01 CET 2026
cd /out/sourcedata/freesurfer/sub-v1s21x0050403_ses-1/mri
mris_place_surface --thickness ../surf/lh.white ../surf/lh.pial 20 5 ../surf/lh.thickness
   Update not needed
#@# area and vertex vol lh Mon Mar  9 12:47:01 CET 2026
cd /out/sourcedata/freesurfer/sub-v1s21x0050403_ses-1/mri
mris_place_surface --thickness ../surf/lh.white ../surf/lh.pial 20 5 ../surf/lh.thickness
   Update not needed
#@# white curv rh Mon Mar  9 12:47:01 CET 2026
cd /out/sourcedata/freesurfer/sub-v1s21x0050403_ses-1/mri
mris_place_surface --curv-map ../surf/rh.white 2 10 ../surf/rh.curv
   Update not needed
#@# white area rh Mon Mar  9 12:47:01 CET 2026
cd /out/sourcedata/freesurfer/sub-v1s21x0050403_ses-1/mri
mris_place_surface --area-map ../surf/rh.white ../surf/rh.area
   Update not needed
#@# pial curv rh Mon Mar  9 12:47:01 CET 2026
cd /out/sourcedata/freesurfer/sub-v1s21x0050403_ses-1/mri
mris_place_surface --curv-map ../surf/rh.pial 2 10 ../surf/rh.curv.pial
   Update not needed
#@# pial area rh Mon Mar  9 12:47:01 CET 2026
cd /out/sourcedata/freesurfer/sub-v1s21x0050403_ses-1/mri
mris_place_surface --area-map ../surf/rh.pial ../surf/rh.area.pial
   Update not needed
#@# thickness rh Mon Mar  9 12:47:01 CET 2026
cd /out/sourcedata/freesurfer/sub-v1s21x0050403_ses-1/mri
mris_place_surface --thickness ../surf/rh.white ../surf/rh.pial 20 5 ../surf/rh.thickness
   Update not needed
#@# area and vertex vol rh Mon Mar  9 12:47:01 CET 2026
cd /out/sourcedata/freesurfer/sub-v1s21x0050403_ses-1/mri
mris_place_surface --thickness ../surf/rh.white ../surf/rh.pial 20 5 ../surf/rh.thickness
   Update not needed

#-----------------------------------------
#@# Curvature Stats lh Mon Mar  9 12:47:01 CET 2026
/out/sourcedata/freesurfer/sub-v1s21x0050403_ses-1/surf

 mris_curvature_stats -m --writeCurvatureFiles -G -o ../stats/lh.curv.stats -F smoothwm sub-v1s21x0050403_ses-1 lh curv sulc 

             Toggling save flag on curvature files                       [ ok ]
                 Outputting results using filestem   [ ../stats/lh.curv.stats ]
             Toggling save flag on curvature files                       [ ok ]
                                   Setting surface [ sub-v1s21x0050403_ses-1/lh.smoothwm ]
                                Reading surface...                       [ ok ]
                                   Setting texture                     [ curv ]
                                Reading texture...                       [ ok ]
                                   Setting texture                     [ sulc ]
                                Reading texture...Gb_filter = 0
                       [ ok ]
      Calculating Discrete Principal Curvatures...
      Determining geometric order for vno faces... [####################] [ ok ]
                      Determining KH curvatures... [####################] [ ok ]
                    Determining k1k2 curvatures... [####################] [ ok ]
                                   deltaViolations                      [ 302 ]
Gb_filter = 0

WARN:    S lookup   min:                          -0.109777
WARN:    S explicit min:                          0.000000	vertex = 75

#-----------------------------------------
#@# Curvature Stats rh Mon Mar  9 12:47:04 CET 2026
/out/sourcedata/freesurfer/sub-v1s21x0050403_ses-1/surf

 mris_curvature_stats -m --writeCurvatureFiles -G -o ../stats/rh.curv.stats -F smoothwm sub-v1s21x0050403_ses-1 rh curv sulc 

             Toggling save flag on curvature files                       [ ok ]
                 Outputting results using filestem   [ ../stats/rh.curv.stats ]
             Toggling save flag on curvature files                       [ ok ]
                                   Setting surface [ sub-v1s21x0050403_ses-1/rh.smoothwm ]
                                Reading surface...                       [ ok ]
                                   Setting texture                     [ curv ]
                                Reading texture...                       [ ok ]
                                   Setting texture                     [ sulc ]
                                Reading texture...Gb_filter = 0
                       [ ok ]
      Calculating Discrete Principal Curvatures...
      Determining geometric order for vno faces... [####################] [ ok ]
                      Determining KH curvatures... [####################] [ ok ]
                    Determining k1k2 curvatures... [####################] [ ok ]
                                   deltaViolations                      [ 289 ]
Gb_filter = 0

WARN:    S lookup   min:                          -0.178630
WARN:    S explicit min:                          0.000000	vertex = 17
#-----------------------------------------
#@# Relabel Hypointensities Mon Mar  9 12:47:06 CET 2026
/out/sourcedata/freesurfer/sub-v1s21x0050403_ses-1/mri

 mri_relabel_hypointensities aseg.presurf.mgz ../surf aseg.presurf.hypos.mgz 

reading input surface ../surf/lh.white...
relabeling lh hypointensities...
2563 voxels changed to hypointensity...
reading input surface ../surf/rh.white...
relabeling rh hypointensities...
5469 voxels changed to hypointensity...
8213 hypointense voxels neighboring cortex changed
#-----------------------------------------
#@# APas-to-ASeg Mon Mar  9 12:47:17 CET 2026
/out/sourcedata/freesurfer/sub-v1s21x0050403_ses-1/mri

 mri_surf2volseg --o aseg.mgz --i aseg.presurf.hypos.mgz --fix-presurf-with-ribbon /out/sourcedata/freesurfer/sub-v1s21x0050403_ses-1/mri/ribbon.mgz --threads 16 --lh-cortex-mask /out/sourcedata/freesurfer/sub-v1s21x0050403_ses-1/label/lh.cortex.label --lh-white /out/sourcedata/freesurfer/sub-v1s21x0050403_ses-1/surf/lh.white --lh-pial /out/sourcedata/freesurfer/sub-v1s21x0050403_ses-1/surf/lh.pial --rh-cortex-mask /out/sourcedata/freesurfer/sub-v1s21x0050403_ses-1/label/rh.cortex.label --rh-white /out/sourcedata/freesurfer/sub-v1s21x0050403_ses-1/surf/rh.white --rh-pial /out/sourcedata/freesurfer/sub-v1s21x0050403_ses-1/surf/rh.pial 

SUBJECTS_DIR /out/sourcedata/freesurfer
outvol aseg.mgz
16 avail.processors, using 16
Loading aseg.presurf.hypos.mgz
Loading /out/sourcedata/freesurfer/sub-v1s21x0050403_ses-1/mri/ribbon.mgz
Loading /out/sourcedata/freesurfer/sub-v1s21x0050403_ses-1/surf/lh.white
Loading /out/sourcedata/freesurfer/sub-v1s21x0050403_ses-1/surf/lh.pial
Loading /out/sourcedata/freesurfer/sub-v1s21x0050403_ses-1/label/lh.cortex.label
Loading /out/sourcedata/freesurfer/sub-v1s21x0050403_ses-1/surf/rh.white
Loading /out/sourcedata/freesurfer/sub-v1s21x0050403_ses-1/surf/rh.pial
Loading /out/sourcedata/freesurfer/sub-v1s21x0050403_ses-1/label/rh.cortex.label
Done loading
 96 144 240 224  80 128 160 192  32  64  48 208  16 112 176   0   1  49 241 225  33 209  17  65 193  34   2 242 210 226  50  18   3  35 243 211 227  51  19 
 66  36   4 194 244 212 228  52  97  20 177 161 113  37   5 245 213 229  53  21  67  38   6 246 145 214 230  54  22 195   7  39 
247 215  81 231  68  55  23  40   8 248 216 232  56  24  98 196  41   9 162 249 217 233  69  57 146  25  42  10 250 218 178 234  58 197  26 219 
 43  11 251 235  70  59 
220  27  44  12 252 198 236  60 221  28 253  13  45 199 
237 147 163 222  61  71  99 
 29 254  14  46 200 238 223  62 239 
 30 255 201  15  47  82  72 114  31 202  63 203 148 204 179 
100 205  73 206 164 207 149  83 180 115 101 150  74 165 129 181 151 102  75 166 116  84 182 152 103  76 167 183 153 117 104  77 184 185 154 168  78 105  85 186 118 130 187 155  79 
169 188 106 189 156 190 119 
107 170  86 191 157 108 171 109 131 158 120 110 172 159 
 87 111 121 173 132 122  88 174 123 133 175  89 124 134  90 135 125 136  91 137  92 126 138  93 139 
 94 127 140  95 141 142 143 
nrelabeled = 214560
ndotcheck = 0
Starting Surf2VolSeg free
free done
#VMPC# mri_surf2volseg VmPeak  2017156
mri_surf2volseg done

 mri_brainvol_stats sub-v1s21x0050403_ses-1 

ComputeBrainVolumeStats2 VoxelVol=1, KeepCSF=1
  #CBVS2 MaskVol              1726726.0
  #CBVS2 BrainSegVol          1375848.0
  #CBVS2 BrainSegVolNotVent   1354955.0
  #CBVS2 SupraTentVol         1228641.0
  #CBVS2 SupraTentVolNotVent  1207748.0
  #CBVS2 lhCtxGM               299803.4
  #CBVS2 rhCtxGM               306945.3
  #CBVS2 lhCerebralWM          263165.5
  #CBVS2 rhCerebralWM          272072.5
  #CBVS2 SubCortGMVol           67734.0
  #CBVS2 CerebellumVol         147207.0
  #CBVS2 CerebellumGMVol       118549.0
  #CBVS2 VentChorVol            16784.0
  #CBVS2 3rd4th5thCSF            4109.0
  #CBVS2 AllCSF                 20893.0
  #CBVS2 CCVol                   3387.0
#-----------------------------------------
#@# AParc-to-ASeg aparc Mon Mar  9 12:47:24 CET 2026
/out/sourcedata/freesurfer/sub-v1s21x0050403_ses-1/mri

 mri_surf2volseg --o aparc+aseg.mgz --label-cortex --i aseg.mgz --threads 16 --lh-annot /out/sourcedata/freesurfer/sub-v1s21x0050403_ses-1/label/lh.aparc.annot 1000 --lh-cortex-mask /out/sourcedata/freesurfer/sub-v1s21x0050403_ses-1/label/lh.cortex.label --lh-white /out/sourcedata/freesurfer/sub-v1s21x0050403_ses-1/surf/lh.white --lh-pial /out/sourcedata/freesurfer/sub-v1s21x0050403_ses-1/surf/lh.pial --rh-annot /out/sourcedata/freesurfer/sub-v1s21x0050403_ses-1/label/rh.aparc.annot 2000 --rh-cortex-mask /out/sourcedata/freesurfer/sub-v1s21x0050403_ses-1/label/rh.cortex.label --rh-white /out/sourcedata/freesurfer/sub-v1s21x0050403_ses-1/surf/rh.white --rh-pial /out/sourcedata/freesurfer/sub-v1s21x0050403_ses-1/surf/rh.pial 

SUBJECTS_DIR /out/sourcedata/freesurfer
outvol aparc+aseg.mgz
16 avail.processors, using 16
Loading aseg.mgz
Loading /out/sourcedata/freesurfer/sub-v1s21x0050403_ses-1/surf/lh.white
Loading /out/sourcedata/freesurfer/sub-v1s21x0050403_ses-1/surf/lh.pial
Loading /out/sourcedata/freesurfer/sub-v1s21x0050403_ses-1/label/lh.cortex.label
Ripping lh vertices labeled not in lh.cortex.label
  ripped 8427 vertices from lh hemi
Loading /out/sourcedata/freesurfer/sub-v1s21x0050403_ses-1/label/lh.aparc.annot
Loading /out/sourcedata/freesurfer/sub-v1s21x0050403_ses-1/surf/rh.white
Loading /out/sourcedata/freesurfer/sub-v1s21x0050403_ses-1/surf/rh.pial
Loading /out/sourcedata/freesurfer/sub-v1s21x0050403_ses-1/label/rh.cortex.label
Ripping rh vertices labeled not in rh.cortex.label
  ripped 8424 vertices from rh hemi
Loading /out/sourcedata/freesurfer/sub-v1s21x0050403_ses-1/label/rh.aparc.annot
Done loading
  0 192  48 224 208 112  32 240  64 144 176 128  80 160  16  96  33 209  17   1 225  49 241  34 210   2  18  50 226 242  35 211   3  19 
243 227  51  36 212  37  20   4 244 228  52  38 213   5  21 245 229  53  39 
214   6  22  40 246 230  54 215   7  23 247 231  41  55 216   8  24  42 232 248  56 217  43   9  25 233 249  57  44 218  10  26 250 234  58  45 219 
 11  27 251 235  46  59 
220  47  12  28 252 236  60 221  29  13 237 253  61 222  14  30 254 238 223  15  31 255  62 239 
 63  65 193  66 194 195 196 197 198 199 
200 201 202 203 204 205 206 207  67  81 113 177  68  97 129 145  82 161  69 178 114  70  83  98 146 130 179 
 71  84 162 115  99 
147  85 180  72 131 116 148 100  86 163 181  73 149  87 101 117 182 150 132 164  88  74 102 183 118 151  89 184 103 165  75 133 185 119 
152  90 104  76 166 186 134  91 105 153 187  77 120 167 188  92 106 135  78 154 189 107 168 190  93  79 
121 191 136 155 108  94 169 109 156 137 122  95 170 110 157 138 171 111 123 158 172 139 
159 
124 173 140 174 125 141 175 142 126 143 127 
nrelabeled = 604701
ndotcheck = 37376
Starting Surf2VolSeg free
free done
#VMPC# mri_surf2volseg VmPeak  2001504
mri_surf2volseg done
#-----------------------------------------
#@# AParc-to-ASeg aparc.a2009s Mon Mar  9 12:47:53 CET 2026
/out/sourcedata/freesurfer/sub-v1s21x0050403_ses-1/mri

 mri_surf2volseg --o aparc.a2009s+aseg.mgz --label-cortex --i aseg.mgz --threads 16 --lh-annot /out/sourcedata/freesurfer/sub-v1s21x0050403_ses-1/label/lh.aparc.a2009s.annot 11100 --lh-cortex-mask /out/sourcedata/freesurfer/sub-v1s21x0050403_ses-1/label/lh.cortex.label --lh-white /out/sourcedata/freesurfer/sub-v1s21x0050403_ses-1/surf/lh.white --lh-pial /out/sourcedata/freesurfer/sub-v1s21x0050403_ses-1/surf/lh.pial --rh-annot /out/sourcedata/freesurfer/sub-v1s21x0050403_ses-1/label/rh.aparc.a2009s.annot 12100 --rh-cortex-mask /out/sourcedata/freesurfer/sub-v1s21x0050403_ses-1/label/rh.cortex.label --rh-white /out/sourcedata/freesurfer/sub-v1s21x0050403_ses-1/surf/rh.white --rh-pial /out/sourcedata/freesurfer/sub-v1s21x0050403_ses-1/surf/rh.pial 

SUBJECTS_DIR /out/sourcedata/freesurfer
outvol aparc.a2009s+aseg.mgz
16 avail.processors, using 16
Loading aseg.mgz
Loading /out/sourcedata/freesurfer/sub-v1s21x0050403_ses-1/surf/lh.white
Loading /out/sourcedata/freesurfer/sub-v1s21x0050403_ses-1/surf/lh.pial
Loading /out/sourcedata/freesurfer/sub-v1s21x0050403_ses-1/label/lh.cortex.label
Ripping lh vertices labeled not in lh.cortex.label
  ripped 8427 vertices from lh hemi
Loading /out/sourcedata/freesurfer/sub-v1s21x0050403_ses-1/label/lh.aparc.a2009s.annot
Loading /out/sourcedata/freesurfer/sub-v1s21x0050403_ses-1/surf/rh.white
Loading /out/sourcedata/freesurfer/sub-v1s21x0050403_ses-1/surf/rh.pial
Loading /out/sourcedata/freesurfer/sub-v1s21x0050403_ses-1/label/rh.cortex.label
Ripping rh vertices labeled not in rh.cortex.label
  ripped 8424 vertices from rh hemi
Loading /out/sourcedata/freesurfer/sub-v1s21x0050403_ses-1/label/rh.aparc.a2009s.annot
Done loading
192 144  96 240   0 224  80 160 112 128  32  64 208  16  48 176  17 209   1 241 225  33  49  18 210   2 242 226  34  50  19 
211   3 243  35 227  20  51 212   4  21 244  36 228  52 213  22   5 245 229  37  23  53 214   6 246 230  38  24 215  54   7 231  25  39 
247 216  55  26 232  40   8 248  27 217 233  56 249   9  28 218 234  57 250  10  29 219 
235 251  58  11  30 220 236  31 252  59 
 41  12 237  42 238 253  13  60 239 
 43 254  61  14  44 255  15 221  62  45 222  46 223  47  63  65 193  66 194 195 196 197 198 199 
200 201 202 203 204 205 206 207  67 113 177  81  68 145 129 161  97  69  82 178 114 146  70 130 162  98  83 179 
 71 147 115  84 131 180 148  99 
 72 163 116  85 149 181 100  73 150 164  86 132 182 117 101 151  87  74 183 165 118 102 133 152 184  88  75 166 103 185 119 
134 153  89  76 186 167 104 135  90  77 154 187 105 120 168 188  78  91 136 106 155 189 169  79 
121 107 190  92 156 137 191 170 108  93 157 122 109 138 171 110 158  94 172 123 139 
111 173 159 
 95 140 124 174 175 141 125 142 126 143 127 
nrelabeled = 604701
ndotcheck = 37376
Starting Surf2VolSeg free
free done
#VMPC# mri_surf2volseg VmPeak  2001596
mri_surf2volseg done
#-----------------------------------------
#@# AParc-to-ASeg aparc.DKTatlas Mon Mar  9 12:48:28 CET 2026
/out/sourcedata/freesurfer/sub-v1s21x0050403_ses-1/mri

 mri_surf2volseg --o aparc.DKTatlas+aseg.mgz --label-cortex --i aseg.mgz --threads 16 --lh-annot /out/sourcedata/freesurfer/sub-v1s21x0050403_ses-1/label/lh.aparc.DKTatlas.annot 1000 --lh-cortex-mask /out/sourcedata/freesurfer/sub-v1s21x0050403_ses-1/label/lh.cortex.label --lh-white /out/sourcedata/freesurfer/sub-v1s21x0050403_ses-1/surf/lh.white --lh-pial /out/sourcedata/freesurfer/sub-v1s21x0050403_ses-1/surf/lh.pial --rh-annot /out/sourcedata/freesurfer/sub-v1s21x0050403_ses-1/label/rh.aparc.DKTatlas.annot 2000 --rh-cortex-mask /out/sourcedata/freesurfer/sub-v1s21x0050403_ses-1/label/rh.cortex.label --rh-white /out/sourcedata/freesurfer/sub-v1s21x0050403_ses-1/surf/rh.white --rh-pial /out/sourcedata/freesurfer/sub-v1s21x0050403_ses-1/surf/rh.pial 

SUBJECTS_DIR /out/sourcedata/freesurfer
outvol aparc.DKTatlas+aseg.mgz
16 avail.processors, using 16
Loading aseg.mgz
Loading /out/sourcedata/freesurfer/sub-v1s21x0050403_ses-1/surf/lh.white
Loading /out/sourcedata/freesurfer/sub-v1s21x0050403_ses-1/surf/lh.pial
Loading /out/sourcedata/freesurfer/sub-v1s21x0050403_ses-1/label/lh.cortex.label
Ripping lh vertices labeled not in lh.cortex.label
  ripped 8427 vertices from lh hemi
Loading /out/sourcedata/freesurfer/sub-v1s21x0050403_ses-1/label/lh.aparc.DKTatlas.annot
Loading /out/sourcedata/freesurfer/sub-v1s21x0050403_ses-1/surf/rh.white
Loading /out/sourcedata/freesurfer/sub-v1s21x0050403_ses-1/surf/rh.pial
Loading /out/sourcedata/freesurfer/sub-v1s21x0050403_ses-1/label/rh.cortex.label
Ripping rh vertices labeled not in rh.cortex.label
  ripped 8424 vertices from rh hemi
Loading /out/sourcedata/freesurfer/sub-v1s21x0050403_ses-1/label/rh.aparc.DKTatlas.annot
Done loading
  0 112  32 176  48 144 240 160 128 192 208 224  80  64  96  16 225   1 209 241  49  17  33 226   2 242  50  34 210  18 227   3  51 243  35 211 228  19 
  4  52 244  36 229 212  20   5  53  37 245 230  21 213   6  38 246  54 214 231  22   7  39 
247  55  23 232 215   8  40  24 248 233  56 216   9  41  25 249 234  57 217  26  42  10 250 235  43 218  27  58  11 251  44 236  28 219 
 12  59 
252 237  45  29 220  13  60 238 253  30 221  46  61 239 
 14 222 254  31  15 223 255  62  47  63  65 193  66 194 195 196 197 198 199 
200 201 202 203 204 205 206 207  81  67 145 161 177 113  68  97 129  82  69 146 178 162  83  70 147 114  98 130  84 179 
148  71 163  99 
149 115 131  85 180  72 164 150 100 181  86 151 116 165  73  87 132 101 182 152 166 117  88 102 183  74 153 167 133  89 184 118 103 154  75 168 185  90 134 104 155 119 
 76 169 186  91 105 135 170 156  77 187  92 171 120 106 188 157 136 172  78  93 107 189 173 158 121  79 
190 108 174  94 137 191 175 159 
109  95 122 110 138 111 123 139 
124 140 141 125 142 126 143 127 
nrelabeled = 604701
ndotcheck = 37376
Starting Surf2VolSeg free
free done
#VMPC# mri_surf2volseg VmPeak  2041040
mri_surf2volseg done
#-----------------------------------------
#@# WMParc Mon Mar  9 12:49:01 CET 2026
/out/sourcedata/freesurfer/sub-v1s21x0050403_ses-1/mri

 mri_surf2volseg --o wmparc.mgz --label-wm --i aparc+aseg.mgz --threads 16 --lh-annot /out/sourcedata/freesurfer/sub-v1s21x0050403_ses-1/label/lh.aparc.annot 3000 --lh-cortex-mask /out/sourcedata/freesurfer/sub-v1s21x0050403_ses-1/label/lh.cortex.label --lh-white /out/sourcedata/freesurfer/sub-v1s21x0050403_ses-1/surf/lh.white --lh-pial /out/sourcedata/freesurfer/sub-v1s21x0050403_ses-1/surf/lh.pial --rh-annot /out/sourcedata/freesurfer/sub-v1s21x0050403_ses-1/label/rh.aparc.annot 4000 --rh-cortex-mask /out/sourcedata/freesurfer/sub-v1s21x0050403_ses-1/label/rh.cortex.label --rh-white /out/sourcedata/freesurfer/sub-v1s21x0050403_ses-1/surf/rh.white --rh-pial /out/sourcedata/freesurfer/sub-v1s21x0050403_ses-1/surf/rh.pial 

SUBJECTS_DIR /out/sourcedata/freesurfer
outvol wmparc.mgz
16 avail.processors, using 16
Loading aparc+aseg.mgz
Loading /out/sourcedata/freesurfer/sub-v1s21x0050403_ses-1/surf/lh.white
Loading /out/sourcedata/freesurfer/sub-v1s21x0050403_ses-1/surf/lh.pial
Loading /out/sourcedata/freesurfer/sub-v1s21x0050403_ses-1/label/lh.cortex.label
Ripping lh vertices labeled not in lh.cortex.label
  ripped 8427 vertices from lh hemi
Loading /out/sourcedata/freesurfer/sub-v1s21x0050403_ses-1/label/lh.aparc.annot
Loading /out/sourcedata/freesurfer/sub-v1s21x0050403_ses-1/surf/rh.white
Loading /out/sourcedata/freesurfer/sub-v1s21x0050403_ses-1/surf/rh.pial
Loading /out/sourcedata/freesurfer/sub-v1s21x0050403_ses-1/label/rh.cortex.label
Ripping rh vertices labeled not in rh.cortex.label
  ripped 8424 vertices from rh hemi
Loading /out/sourcedata/freesurfer/sub-v1s21x0050403_ses-1/label/rh.aparc.annot
Done loading
  0 176  96 128 224 192 208  48  32 144  64 240 160 112  16  80 209  49   1  33 241  17 225  65 210  50   2  34 242 226  18 211  51   3 243  35 227  19 
212  52   4 244 228  20  36 213  53   5 245  21 193 229  37 214  54  66   6  22 246 230  38 215  55   7  23 247 231  39 
 56 216   8  24 248 232  40  57 194 217   9  25 249  58 233  41 218 195  10  26 250  59 
234  42 196 219 
 11  27 251  60 235 197  43 220  28  12 252  61 198 236 221  29  44  13 253 199 
 62 237  30 222  45  14 200 254  63  31 238 223  46 201  15 255 202 239 
 47  67 203 204 205 206 207  68  69  81  70 129 177  71  97 145  72  82 130 161 178 131  73 113 132  83 179 
 98  74 133 146 180  84 134 162  75 181  99 
135 114  85 182 136  76 147 163 183  86 100  77 184 137 185 148 115  87  78 186 164 138 101 187  79 
188  88 189 149 190 139 
191 102 116 165  89 140 150  90 103 166 141 117 151  91 142 104 167 152  92 118 143 153 105  93 168 119 
154  94 169 106 155 120  95 170 121 156 107 122 171 157 123 108 172 158 124 125 173 159 
126 109 127 174 175 110 111 
nrelabeled = 531851
ndotcheck = 4634
Starting Surf2VolSeg free
free done
#VMPC# mri_surf2volseg VmPeak  2001504
mri_surf2volseg done

 mri_segstats --seed 1234 --seg mri/wmparc.mgz --sum stats/wmparc.stats --pv mri/norm.mgz --excludeid 0 --brainmask mri/brainmask.mgz --in mri/norm.mgz --in-intensity-name norm --in-intensity-units MR --subject sub-v1s21x0050403_ses-1 --surf-wm-vol --ctab /opt/freesurfer/WMParcStatsLUT.txt --etiv 

setting seed for random number genererator to 1234

7.3.2
cwd 
cmdline mri_segstats --seed 1234 --seg mri/wmparc.mgz --sum stats/wmparc.stats --pv mri/norm.mgz --excludeid 0 --brainmask mri/brainmask.mgz --in mri/norm.mgz --in-intensity-name norm --in-intensity-units MR --subject sub-v1s21x0050403_ses-1 --surf-wm-vol --ctab /opt/freesurfer/WMParcStatsLUT.txt --etiv 
sysname  Linux
hostname dna079
machine  x86_64
user     oesteban
whitesurfname  white
UseRobust  0
atlas_icv (eTIV) = 1811885 mm^3    (det: 1.075181 )
Loading mri/wmparc.mgz
Getting Brain Volume Statistics
Loading mri/norm.mgz
Loading mri/norm.mgz
Voxel Volume is 1 mm^3
Generating list of segmentation ids
Found 390 segmentations
Computing statistics for each segmentation

Reporting on  70 segmentations
Using PrintSegStat
mri_segstats done
#--------------------------------------------
#@# ASeg Stats Mon Mar  9 12:51:10 CET 2026
/out/sourcedata/freesurfer/sub-v1s21x0050403_ses-1

 mri_segstats --seed 1234 --seg mri/aseg.mgz --sum stats/aseg.stats --pv mri/norm.mgz --empty --brainmask mri/brainmask.mgz --brain-vol-from-seg --excludeid 0 --excl-ctxgmwm --supratent --subcortgray --in mri/norm.mgz --in-intensity-name norm --in-intensity-units MR --etiv --surf-wm-vol --surf-ctx-vol --totalgray --euler --ctab /opt/freesurfer/ASegStatsLUT.txt --subject sub-v1s21x0050403_ses-1 

setting seed for random number genererator to 1234

7.3.2
cwd 
cmdline mri_segstats --seed 1234 --seg mri/aseg.mgz --sum stats/aseg.stats --pv mri/norm.mgz --empty --brainmask mri/brainmask.mgz --brain-vol-from-seg --excludeid 0 --excl-ctxgmwm --supratent --subcortgray --in mri/norm.mgz --in-intensity-name norm --in-intensity-units MR --etiv --surf-wm-vol --surf-ctx-vol --totalgray --euler --ctab /opt/freesurfer/ASegStatsLUT.txt --subject sub-v1s21x0050403_ses-1 
sysname  Linux
hostname dna079
machine  x86_64
user     oesteban
whitesurfname  white
UseRobust  0
atlas_icv (eTIV) = 1811885 mm^3    (det: 1.075181 )
Computing euler number
orig.nofix lheno = -112, rheno = -90
orig.nofix lhholes =   57, rhholes = 46
Loading mri/aseg.mgz
Getting Brain Volume Statistics
Loading mri/norm.mgz
Loading mri/norm.mgz
Voxel Volume is 1 mm^3
Generating list of segmentation ids
Found  50 segmentations
Computing statistics for each segmentation

Reporting on  45 segmentations
Using PrintSegStat
mri_segstats done

Started at Mon Mar 9 12:47:01 CET 2026 
Ended   at Mon Mar 9 12:51:29 CET 2026
#@#%# recon-all-run-time-hours 0.074
recon-all -s sub-v1s21x0050403_ses-1 finished without error at Mon Mar  9 12:51:29 CET 2026
