
Mon Mar  9 13:37:25 CET 2026
cd /out/sourcedata/freesurfer/sub-v1s21x0050411_ses-1
setenv SUBJECTS_DIR /out/sourcedata/freesurfer
/opt/freesurfer/bin/recon-all -autorecon-hemi rh -noparcstats -noparcstats2 -noparcstats3 -nohyporelabel -nobalabels -rh-only -openmp 16 -subjid sub-v1s21x0050411_ses-1 -sd /out/sourcedata/freesurfer

subjid sub-v1s21x0050411_ses-1
setenv SUBJECTS_DIR /out/sourcedata/freesurfer
FREESURFER_HOME /opt/freesurfer
Actual FREESURFER_HOME /opt/freesurfer
build-stamp.txt: freesurfer-linux-ubuntu22_x86_64-7.3.2-20220804-6354275
Linux dna060 5.14.0-427.37.1.el9_4.x86_64 #1 SMP PREEMPT_DYNAMIC Fri Sep 13 12:41:50 EDT 2024 x86_64 x86_64 x86_64 GNU/Linux
cputime      unlimited
filesize     unlimited
datasize     unlimited
stacksize    8192 kbytes
coredumpsize 0 kbytes
memoryuse    67108864 kbytes
vmemoryuse   unlimited
descriptors  1024 
memorylocked unlimited
maxproc      2061970 
maxlocks     unlimited
maxsignal    2061971 
maxmessage   819200 
maxnice      0 
maxrtprio    0 
maxrttime    unlimited

               total        used        free      shared  buff/cache   available
Mem:           503Gi        42Gi       423Gi        10Gi        37Gi       447Gi
Swap:             0B          0B          0B

########################################
program versions used
7.3.2 (freesurfer-linux-ubuntu22_x86_64-7.3.2-20220804-6354275)
7.3.2

ProgramName: lta_convert  ProgramArguments: lta_convert -all-info  ProgramVersion: 7.3.2  TimeStamp: 2026/03/09-12:37:25-GMT  BuildTime: Aug  4 2022 06:17:15  BuildStamp: freesurfer-linux-ubuntu22_x86_64-7.3.2-20220804-6354275  User: oesteban  Machine: dna060  Platform: Linux  PlatformVersion: 5.14.0-427.37.1.el9_4.x86_64  CompilerName: GCC  CompilerVersion: 8.4.0
ProgramName: mri_and  ProgramArguments: mri_and -all-info  ProgramVersion: 7.3.2  TimeStamp: 2026/03/09-12:37:25-GMT  BuildTime: Aug  4 2022 06:17:15  BuildStamp: freesurfer-linux-ubuntu22_x86_64-7.3.2-20220804-6354275  User: oesteban  Machine: dna060  Platform: Linux  PlatformVersion: 5.14.0-427.37.1.el9_4.x86_64  CompilerName: GCC  CompilerVersion: 8.4.0
ProgramName: mri_annotation2label  ProgramArguments: mri_annotation2label -all-info  ProgramVersion: 7.3.2  TimeStamp: 2026/03/09-12:37:25-GMT  BuildTime: Aug  4 2022 06:17:15  BuildStamp: freesurfer-linux-ubuntu22_x86_64-7.3.2-20220804-6354275  User: oesteban  Machine: dna060  Platform: Linux  PlatformVersion: 5.14.0-427.37.1.el9_4.x86_64  CompilerName: GCC  CompilerVersion: 8.4.0
ProgramName: mri_aparc2aseg  ProgramArguments: mri_aparc2aseg -all-info  ProgramVersion: 7.3.2  TimeStamp: 2026/03/09-12:37:25-GMT  BuildTime: Aug  4 2022 06:17:15  BuildStamp: freesurfer-linux-ubuntu22_x86_64-7.3.2-20220804-6354275  User: oesteban  Machine: dna060  Platform: Linux  PlatformVersion: 5.14.0-427.37.1.el9_4.x86_64  CompilerName: GCC  CompilerVersion: 8.4.0
ProgramName: mri_surf2volseg  ProgramArguments: mri_surf2volseg -all-info  ProgramVersion: 7.3.2  TimeStamp: 2026/03/09-12:37:25-GMT  BuildTime: Aug  4 2022 06:17:15  BuildStamp: freesurfer-linux-ubuntu22_x86_64-7.3.2-20220804-6354275  User: oesteban  Machine: dna060  Platform: Linux  PlatformVersion: 5.14.0-427.37.1.el9_4.x86_64  CompilerName: GCC  CompilerVersion: 8.4.0
ProgramName: mri_binarize  ProgramArguments: mri_binarize -all-info  ProgramVersion: 7.3.2  TimeStamp: 2026/03/09-12:37:25-GMT  BuildTime: Aug  4 2022 06:17:15  BuildStamp: freesurfer-linux-ubuntu22_x86_64-7.3.2-20220804-6354275  User: oesteban  Machine: dna060  Platform: Linux  PlatformVersion: 5.14.0-427.37.1.el9_4.x86_64  CompilerName: GCC  CompilerVersion: 8.4.0
ProgramName: mri_ca_label  ProgramArguments: mri_ca_label -all-info  ProgramVersion: 7.3.2  TimeStamp: 2026/03/09-12:37:25-GMT  BuildTime: Aug  4 2022 06:17:15  BuildStamp: freesurfer-linux-ubuntu22_x86_64-7.3.2-20220804-6354275  User: oesteban  Machine: dna060  Platform: Linux  PlatformVersion: 5.14.0-427.37.1.el9_4.x86_64  CompilerName: GCC  CompilerVersion: 8.4.0
ProgramName: mri_ca_normalize  ProgramArguments: mri_ca_normalize -all-info  ProgramVersion: 7.3.2  TimeStamp: 2026/03/09-12:37:25-GMT  BuildTime: Aug  4 2022 06:17:15  BuildStamp: freesurfer-linux-ubuntu22_x86_64-7.3.2-20220804-6354275  User: oesteban  Machine: dna060  Platform: Linux  PlatformVersion: 5.14.0-427.37.1.el9_4.x86_64  CompilerName: GCC  CompilerVersion: 8.4.0
ProgramName: mri_ca_register  ProgramArguments: mri_ca_register -all-info  ProgramVersion: 7.3.2  TimeStamp: 2026/03/09-12:37:25-GMT  BuildTime: Aug  4 2022 06:17:15  BuildStamp: freesurfer-linux-ubuntu22_x86_64-7.3.2-20220804-6354275  User: oesteban  Machine: dna060  Platform: Linux  PlatformVersion: 5.14.0-427.37.1.el9_4.x86_64  CompilerName: GCC  CompilerVersion: 8.4.0
ProgramName: mri_cc  ProgramArguments: mri_cc -all-info  ProgramVersion: 7.3.2  TimeStamp: 2026/03/09-12:37:25-GMT  BuildTime: Aug  4 2022 06:17:15  BuildStamp: freesurfer-linux-ubuntu22_x86_64-7.3.2-20220804-6354275  User: oesteban  Machine: dna060  Platform: Linux  PlatformVersion: 5.14.0-427.37.1.el9_4.x86_64  CompilerName: GCC  CompilerVersion: 8.4.0
ProgramName: mri_compute_overlap  ProgramArguments: mri_compute_overlap -all-info  ProgramVersion: 7.3.2  TimeStamp: 2026/03/09-12:37:25-GMT  BuildTime: Aug  4 2022 06:17:15  BuildStamp: freesurfer-linux-ubuntu22_x86_64-7.3.2-20220804-6354275  User: oesteban  Machine: dna060  Platform: Linux  PlatformVersion: 5.14.0-427.37.1.el9_4.x86_64  CompilerName: GCC  CompilerVersion: 8.4.0
ProgramName: mri_compute_seg_overlap  ProgramArguments: mri_compute_seg_overlap -all-info  ProgramVersion: 7.3.2  TimeStamp: 2026/03/09-12:37:25-GMT  BuildTime: Aug  4 2022 06:17:15  BuildStamp: freesurfer-linux-ubuntu22_x86_64-7.3.2-20220804-6354275  User: oesteban  Machine: dna060  Platform: Linux  PlatformVersion: 5.14.0-427.37.1.el9_4.x86_64  CompilerName: GCC  CompilerVersion: 8.4.0
ProgramName: mri_concat  ProgramArguments: mri_concat -all-info  ProgramVersion: 7.3.2  TimeStamp: 2026/03/09-12:37:25-GMT  BuildTime: Aug  4 2022 06:17:15  BuildStamp: freesurfer-linux-ubuntu22_x86_64-7.3.2-20220804-6354275  User: oesteban  Machine: dna060  Platform: Linux  PlatformVersion: 5.14.0-427.37.1.el9_4.x86_64  CompilerName: GCC  CompilerVersion: 8.4.0
ProgramName: mri_concatenate_lta  ProgramArguments: mri_concatenate_lta -all-info  ProgramVersion: 7.3.2  TimeStamp: 2026/03/09-12:37:25-GMT  BuildTime: Aug  4 2022 06:17:15  BuildStamp: freesurfer-linux-ubuntu22_x86_64-7.3.2-20220804-6354275  User: oesteban  Machine: dna060  Platform: Linux  PlatformVersion: 5.14.0-427.37.1.el9_4.x86_64  CompilerName: GCC  CompilerVersion: 8.4.0
mri_convert -all-info 
ProgramName: mri_convert  ProgramArguments: mri_convert -all-info  ProgramVersion: 7.3.2  TimeStamp: 2026/03/09-12:37:25-GMT  BuildTime: Aug  4 2022 06:17:15  BuildStamp: freesurfer-linux-ubuntu22_x86_64-7.3.2-20220804-6354275  User: oesteban  Machine: dna060  Platform: Linux  PlatformVersion: 5.14.0-427.37.1.el9_4.x86_64  CompilerName: GCC  CompilerVersion: 8.4.0
ProgramName: mri_diff  ProgramArguments: mri_diff -all-info  ProgramVersion: 7.3.2  TimeStamp: 2026/03/09-12:37:25-GMT  BuildTime: Aug  4 2022 06:17:15  BuildStamp: freesurfer-linux-ubuntu22_x86_64-7.3.2-20220804-6354275  User: oesteban  Machine: dna060  Platform: Linux  PlatformVersion: 5.14.0-427.37.1.el9_4.x86_64  CompilerName: GCC  CompilerVersion: 8.4.0
ProgramName: mri_edit_wm_with_aseg  ProgramArguments: mri_edit_wm_with_aseg -all-info  ProgramVersion: 7.3.2  TimeStamp: 2026/03/09-12:37:25-GMT  BuildTime: Aug  4 2022 06:17:15  BuildStamp: freesurfer-linux-ubuntu22_x86_64-7.3.2-20220804-6354275  User: oesteban  Machine: dna060  Platform: Linux  PlatformVersion: 5.14.0-427.37.1.el9_4.x86_64  CompilerName: GCC  CompilerVersion: 8.4.0
ProgramName: mri_em_register  ProgramArguments: mri_em_register -all-info  ProgramVersion: 7.3.2  TimeStamp: 2026/03/09-12:37:25-GMT  BuildTime: Aug  4 2022 06:17:15  BuildStamp: freesurfer-linux-ubuntu22_x86_64-7.3.2-20220804-6354275  User: oesteban  Machine: dna060  Platform: Linux  PlatformVersion: 5.14.0-427.37.1.el9_4.x86_64  CompilerName: GCC  CompilerVersion: 8.4.0
ProgramName: mri_fill  ProgramArguments: mri_fill -all-info  ProgramVersion: 7.3.2  TimeStamp: 2026/03/09-12:37:25-GMT  BuildTime: Aug  4 2022 06:17:15  BuildStamp: freesurfer-linux-ubuntu22_x86_64-7.3.2-20220804-6354275  User: oesteban  Machine: dna060  Platform: Linux  PlatformVersion: 5.14.0-427.37.1.el9_4.x86_64  CompilerName: GCC  CompilerVersion: 8.4.0
ProgramName: mri_fuse_segmentations  ProgramArguments: mri_fuse_segmentations -all-info  ProgramVersion: 7.3.2  TimeStamp: 2026/03/09-12:37:25-GMT  BuildTime: Aug  4 2022 06:17:15  BuildStamp: freesurfer-linux-ubuntu22_x86_64-7.3.2-20220804-6354275  User: oesteban  Machine: dna060  Platform: Linux  PlatformVersion: 5.14.0-427.37.1.el9_4.x86_64  CompilerName: GCC  CompilerVersion: 8.4.0
ProgramName: mri_fwhm  ProgramArguments: mri_fwhm -all-info  ProgramVersion: 7.3.2  TimeStamp: 2026/03/09-12:37:25-GMT  BuildTime: Aug  4 2022 06:17:15  BuildStamp: freesurfer-linux-ubuntu22_x86_64-7.3.2-20220804-6354275  User: oesteban  Machine: dna060  Platform: Linux  PlatformVersion: 5.14.0-427.37.1.el9_4.x86_64  CompilerName: GCC  CompilerVersion: 8.4.0
ProgramName: mri_gcut  ProgramArguments: mri_gcut -all-info  ProgramVersion: 7.3.2  TimeStamp: 2026/03/09-12:37:25-GMT  BuildTime: Aug  4 2022 06:17:15  BuildStamp: freesurfer-linux-ubuntu22_x86_64-7.3.2-20220804-6354275  User: oesteban  Machine: dna060  Platform: Linux  PlatformVersion: 5.14.0-427.37.1.el9_4.x86_64  CompilerName: GCC  CompilerVersion: 8.4.0
ProgramName: mri_info  ProgramArguments: mri_info -all-info  ProgramVersion: 7.3.2  TimeStamp: 2026/03/09-12:37:25-GMT  BuildTime: Aug  4 2022 06:17:15  BuildStamp: freesurfer-linux-ubuntu22_x86_64-7.3.2-20220804-6354275  User: oesteban  Machine: dna060  Platform: Linux  PlatformVersion: 5.14.0-427.37.1.el9_4.x86_64  CompilerName: GCC  CompilerVersion: 8.4.0
ProgramName: mri_label2label  ProgramArguments: mri_label2label -all-info  ProgramVersion: 7.3.2  TimeStamp: 2026/03/09-12:37:25-GMT  BuildTime: Aug  4 2022 06:17:15  BuildStamp: freesurfer-linux-ubuntu22_x86_64-7.3.2-20220804-6354275  User: oesteban  Machine: dna060  Platform: Linux  PlatformVersion: 5.14.0-427.37.1.el9_4.x86_64  CompilerName: GCC  CompilerVersion: 8.4.0
ProgramName: mri_label2vol  ProgramArguments: mri_label2vol -all-info  ProgramVersion: 7.3.2  TimeStamp: 2026/03/09-12:37:25-GMT  BuildTime: Aug  4 2022 06:17:15  BuildStamp: freesurfer-linux-ubuntu22_x86_64-7.3.2-20220804-6354275  User: oesteban  Machine: dna060  Platform: Linux  PlatformVersion: 5.14.0-427.37.1.el9_4.x86_64  CompilerName: GCC  CompilerVersion: 8.4.0
ProgramName: mri_log_likelihood  ProgramArguments: mri_log_likelihood -all-info  ProgramVersion: 7.3.2  TimeStamp: 2026/03/09-12:37:25-GMT  BuildTime: Aug  4 2022 06:17:15  BuildStamp: freesurfer-linux-ubuntu22_x86_64-7.3.2-20220804-6354275  User: oesteban  Machine: dna060  Platform: Linux  PlatformVersion: 5.14.0-427.37.1.el9_4.x86_64  CompilerName: GCC  CompilerVersion: 8.4.0
ProgramName: mri_mask  ProgramArguments: mri_mask -all-info  ProgramVersion: 7.3.2  TimeStamp: 2026/03/09-12:37:25-GMT  BuildTime: Aug  4 2022 06:17:15  BuildStamp: freesurfer-linux-ubuntu22_x86_64-7.3.2-20220804-6354275  User: oesteban  Machine: dna060  Platform: Linux  PlatformVersion: 5.14.0-427.37.1.el9_4.x86_64  CompilerName: GCC  CompilerVersion: 8.4.0
ProgramName: mri_matrix_multiply  ProgramArguments: mri_matrix_multiply -all-info  ProgramVersion: 7.3.2  TimeStamp: 2026/03/09-12:37:25-GMT  BuildTime: Aug  4 2022 06:17:15  BuildStamp: freesurfer-linux-ubuntu22_x86_64-7.3.2-20220804-6354275  User: oesteban  Machine: dna060  Platform: Linux  PlatformVersion: 5.14.0-427.37.1.el9_4.x86_64  CompilerName: GCC  CompilerVersion: 8.4.0
ProgramName: mri_normalize  ProgramArguments: mri_normalize -all-info  ProgramVersion: 7.3.2  TimeStamp: 2026/03/09-12:37:25-GMT  BuildTime: Aug  4 2022 06:17:15  BuildStamp: freesurfer-linux-ubuntu22_x86_64-7.3.2-20220804-6354275  User: oesteban  Machine: dna060  Platform: Linux  PlatformVersion: 5.14.0-427.37.1.el9_4.x86_64  CompilerName: GCC  CompilerVersion: 8.4.0
ProgramName: mri_normalize_tp2  ProgramArguments: mri_normalize_tp2 -all-info  ProgramVersion: 7.3.2  TimeStamp: 2026/03/09-12:37:25-GMT  BuildTime: Aug  4 2022 06:17:15  BuildStamp: freesurfer-linux-ubuntu22_x86_64-7.3.2-20220804-6354275  User: oesteban  Machine: dna060  Platform: Linux  PlatformVersion: 5.14.0-427.37.1.el9_4.x86_64  CompilerName: GCC  CompilerVersion: 8.4.0
ProgramName: mri_or  ProgramArguments: mri_or -all-info  ProgramVersion: 7.3.2  TimeStamp: 2026/03/09-12:37:25-GMT  BuildTime: Aug  4 2022 06:17:15  BuildStamp: freesurfer-linux-ubuntu22_x86_64-7.3.2-20220804-6354275  User: oesteban  Machine: dna060  Platform: Linux  PlatformVersion: 5.14.0-427.37.1.el9_4.x86_64  CompilerName: GCC  CompilerVersion: 8.4.0
ProgramName: mri_relabel_hypointensities  ProgramArguments: mri_relabel_hypointensities -all-info  ProgramVersion: 7.3.2  TimeStamp: 2026/03/09-12:37:25-GMT  BuildTime: Aug  4 2022 06:17:15  BuildStamp: freesurfer-linux-ubuntu22_x86_64-7.3.2-20220804-6354275  User: oesteban  Machine: dna060  Platform: Linux  PlatformVersion: 5.14.0-427.37.1.el9_4.x86_64  CompilerName: GCC  CompilerVersion: 8.4.0
ProgramName: mri_relabel_nonwm_hypos  ProgramArguments: mri_relabel_nonwm_hypos -all-info  ProgramVersion: 7.3.2  TimeStamp: 2026/03/09-12:37:25-GMT  BuildTime: Aug  4 2022 06:17:15  BuildStamp: freesurfer-linux-ubuntu22_x86_64-7.3.2-20220804-6354275  User: oesteban  Machine: dna060  Platform: Linux  PlatformVersion: 5.14.0-427.37.1.el9_4.x86_64  CompilerName: GCC  CompilerVersion: 8.4.0
ProgramName: mri_remove_neck  ProgramArguments: mri_remove_neck -all-info  ProgramVersion: 7.3.2  TimeStamp: 2026/03/09-12:37:25-GMT  BuildTime: Aug  4 2022 06:17:15  BuildStamp: freesurfer-linux-ubuntu22_x86_64-7.3.2-20220804-6354275  User: oesteban  Machine: dna060  Platform: Linux  PlatformVersion: 5.14.0-427.37.1.el9_4.x86_64  CompilerName: GCC  CompilerVersion: 8.4.0
7.3.2

ProgramName: mri_robust_register  ProgramArguments: mri_robust_register -all-info  ProgramVersion: 7.3.2  TimeStamp: 2026/03/09-12:37:25-GMT  BuildTime: Aug  4 2022 06:17:15  BuildStamp: freesurfer-linux-ubuntu22_x86_64-7.3.2-20220804-6354275  User: oesteban  Machine: dna060  Platform: Linux  PlatformVersion: 5.14.0-427.37.1.el9_4.x86_64  CompilerName: GCC  CompilerVersion: 8.4.0
7.3.2

ProgramName: mri_robust_template  ProgramArguments: mri_robust_template -all-info  ProgramVersion: 7.3.2  TimeStamp: 2026/03/09-12:37:25-GMT  BuildTime: Aug  4 2022 06:17:15  BuildStamp: freesurfer-linux-ubuntu22_x86_64-7.3.2-20220804-6354275  User: oesteban  Machine: dna060  Platform: Linux  PlatformVersion: 5.14.0-427.37.1.el9_4.x86_64  CompilerName: GCC  CompilerVersion: 8.4.0
ProgramName: mris_anatomical_stats  ProgramArguments: mris_anatomical_stats -all-info  ProgramVersion: 7.3.2  TimeStamp: 2026/03/09-12:37:25-GMT  BuildTime: Aug  4 2022 06:17:15  BuildStamp: freesurfer-linux-ubuntu22_x86_64-7.3.2-20220804-6354275  User: oesteban  Machine: dna060  Platform: Linux  PlatformVersion: 5.14.0-427.37.1.el9_4.x86_64  CompilerName: GCC  CompilerVersion: 8.4.0
ProgramName: mris_ca_label  ProgramArguments: mris_ca_label -all-info  ProgramVersion: 7.3.2  TimeStamp: 2026/03/09-12:37:25-GMT  BuildTime: Aug  4 2022 06:17:15  BuildStamp: freesurfer-linux-ubuntu22_x86_64-7.3.2-20220804-6354275  User: oesteban  Machine: dna060  Platform: Linux  PlatformVersion: 5.14.0-427.37.1.el9_4.x86_64  CompilerName: GCC  CompilerVersion: 8.4.0
ProgramName: mris_calc  ProgramArguments: mris_calc -all-info  ProgramVersion: 7.3.2  TimeStamp: 2026/03/09-12:37:25-GMT  BuildTime: Aug  4 2022 06:17:15  BuildStamp: freesurfer-linux-ubuntu22_x86_64-7.3.2-20220804-6354275  User: oesteban  Machine: dna060  Platform: Linux  PlatformVersion: 5.14.0-427.37.1.el9_4.x86_64  CompilerName: GCC  CompilerVersion: 8.4.0
ProgramName: mris_convert  ProgramArguments: mris_convert -all-info  ProgramVersion: 7.3.2  TimeStamp: 2026/03/09-12:37:25-GMT  BuildTime: Aug  4 2022 06:17:15  BuildStamp: freesurfer-linux-ubuntu22_x86_64-7.3.2-20220804-6354275  User: oesteban  Machine: dna060  Platform: Linux  PlatformVersion: 5.14.0-427.37.1.el9_4.x86_64  CompilerName: GCC  CompilerVersion: 8.4.0
ProgramName: mris_curvature  ProgramArguments: mris_curvature -all-info  ProgramVersion: 7.3.2  TimeStamp: 2026/03/09-12:37:25-GMT  BuildTime: Aug  4 2022 06:17:15  BuildStamp: freesurfer-linux-ubuntu22_x86_64-7.3.2-20220804-6354275  User: oesteban  Machine: dna060  Platform: Linux  PlatformVersion: 5.14.0-427.37.1.el9_4.x86_64  CompilerName: GCC  CompilerVersion: 8.4.0
ProgramName: mris_curvature_stats  ProgramArguments: mris_curvature_stats -all-info  ProgramVersion: 7.3.2  TimeStamp: 2026/03/09-12:37:25-GMT  BuildTime: Aug  4 2022 06:17:15  BuildStamp: freesurfer-linux-ubuntu22_x86_64-7.3.2-20220804-6354275  User: oesteban  Machine: dna060  Platform: Linux  PlatformVersion: 5.14.0-427.37.1.el9_4.x86_64  CompilerName: GCC  CompilerVersion: 8.4.0
ProgramName: mris_diff  ProgramArguments: mris_diff -all-info  ProgramVersion: 7.3.2  TimeStamp: 2026/03/09-12:37:25-GMT  BuildTime: Aug  4 2022 06:17:15  BuildStamp: freesurfer-linux-ubuntu22_x86_64-7.3.2-20220804-6354275  User: oesteban  Machine: dna060  Platform: Linux  PlatformVersion: 5.14.0-427.37.1.el9_4.x86_64  CompilerName: GCC  CompilerVersion: 8.4.0
ProgramName: mris_divide_parcellation  ProgramArguments: mris_divide_parcellation -all-info  ProgramVersion: 7.3.2  TimeStamp: 2026/03/09-12:37:25-GMT  BuildTime: Aug  4 2022 06:17:15  BuildStamp: freesurfer-linux-ubuntu22_x86_64-7.3.2-20220804-6354275  User: oesteban  Machine: dna060  Platform: Linux  PlatformVersion: 5.14.0-427.37.1.el9_4.x86_64  CompilerName: GCC  CompilerVersion: 8.4.0
ProgramName: mri_segment  ProgramArguments: mri_segment -all-info  ProgramVersion: 7.3.2  TimeStamp: 2026/03/09-12:37:25-GMT  BuildTime: Aug  4 2022 06:17:15  BuildStamp: freesurfer-linux-ubuntu22_x86_64-7.3.2-20220804-6354275  User: oesteban  Machine: dna060  Platform: Linux  PlatformVersion: 5.14.0-427.37.1.el9_4.x86_64  CompilerName: GCC  CompilerVersion: 8.4.0
ProgramName: mri_segstats  ProgramArguments: mri_segstats -all-info  ProgramVersion: 7.3.2  TimeStamp: 2026/03/09-12:37:25-GMT  BuildTime: Aug  4 2022 06:17:15  BuildStamp: freesurfer-linux-ubuntu22_x86_64-7.3.2-20220804-6354275  User: oesteban  Machine: dna060  Platform: Linux  PlatformVersion: 5.14.0-427.37.1.el9_4.x86_64  CompilerName: GCC  CompilerVersion: 8.4.0
ProgramName: mris_euler_number  ProgramArguments: mris_euler_number -all-info  ProgramVersion: 7.3.2  TimeStamp: 2026/03/09-12:37:25-GMT  BuildTime: Aug  4 2022 06:17:15  BuildStamp: freesurfer-linux-ubuntu22_x86_64-7.3.2-20220804-6354275  User: oesteban  Machine: dna060  Platform: Linux  PlatformVersion: 5.14.0-427.37.1.el9_4.x86_64  CompilerName: GCC  CompilerVersion: 8.4.0
ProgramName: mris_fix_topology  ProgramArguments: mris_fix_topology -all-info  ProgramVersion: 7.3.2  TimeStamp: 2026/03/09-12:37:25-GMT  BuildTime: Aug  4 2022 06:17:15  BuildStamp: freesurfer-linux-ubuntu22_x86_64-7.3.2-20220804-6354275  User: oesteban  Machine: dna060  Platform: Linux  PlatformVersion: 5.14.0-427.37.1.el9_4.x86_64  CompilerName: GCC  CompilerVersion: 8.4.0
ProgramName: mris_topo_fixer  ProgramArguments: mris_topo_fixer -all-info  ProgramVersion: 7.3.2  TimeStamp: 2026/03/09-12:37:25-GMT  BuildTime: Aug  4 2022 06:17:15  BuildStamp: freesurfer-linux-ubuntu22_x86_64-7.3.2-20220804-6354275  User: oesteban  Machine: dna060  Platform: Linux  PlatformVersion: 5.14.0-427.37.1.el9_4.x86_64  CompilerName: GCC  CompilerVersion: 8.4.0
ProgramName: mris_jacobian  ProgramArguments: mris_jacobian -all-info  ProgramVersion: 7.3.2  TimeStamp: 2026/03/09-12:37:25-GMT  BuildTime: Aug  4 2022 06:17:15  BuildStamp: freesurfer-linux-ubuntu22_x86_64-7.3.2-20220804-6354275  User: oesteban  Machine: dna060  Platform: Linux  PlatformVersion: 5.14.0-427.37.1.el9_4.x86_64  CompilerName: GCC  CompilerVersion: 8.4.0
ProgramName: mris_label2annot  ProgramArguments: mris_label2annot -all-info  ProgramVersion: 7.3.2  TimeStamp: 2026/03/09-12:37:25-GMT  BuildTime: Aug  4 2022 06:17:15  BuildStamp: freesurfer-linux-ubuntu22_x86_64-7.3.2-20220804-6354275  User: oesteban  Machine: dna060  Platform: Linux  PlatformVersion: 5.14.0-427.37.1.el9_4.x86_64  CompilerName: GCC  CompilerVersion: 8.4.0
ProgramName: mris_left_right_register  ProgramArguments: mris_left_right_register -all-info  ProgramVersion: 7.3.2  TimeStamp: 2026/03/09-12:37:25-GMT  BuildTime: Aug  4 2022 06:17:15  BuildStamp: freesurfer-linux-ubuntu22_x86_64-7.3.2-20220804-6354275  User: oesteban  Machine: dna060  Platform: Linux  PlatformVersion: 5.14.0-427.37.1.el9_4.x86_64  CompilerName: GCC  CompilerVersion: 8.4.0
ProgramName: mris_place_surface  ProgramArguments: mris_place_surface -all-info  ProgramVersion: 7.3.2  TimeStamp: 2026/03/09-12:37:25-GMT  BuildTime: Aug  4 2022 06:17:15  BuildStamp: freesurfer-linux-ubuntu22_x86_64-7.3.2-20220804-6354275  User: oesteban  Machine: dna060  Platform: Linux  PlatformVersion: 5.14.0-427.37.1.el9_4.x86_64  CompilerName: GCC  CompilerVersion: 8.4.0
ProgramName: mrisp_paint  ProgramArguments: mrisp_paint -all-info  ProgramVersion: 7.3.2  TimeStamp: 2026/03/09-12:37:25-GMT  BuildTime: Aug  4 2022 06:17:15  BuildStamp: freesurfer-linux-ubuntu22_x86_64-7.3.2-20220804-6354275  User: oesteban  Machine: dna060  Platform: Linux  PlatformVersion: 5.14.0-427.37.1.el9_4.x86_64  CompilerName: GCC  CompilerVersion: 8.4.0
ProgramName: mris_register  ProgramArguments: mris_register -all-info  ProgramVersion: 7.3.2  TimeStamp: 2026/03/09-12:37:25-GMT  BuildTime: Aug  4 2022 06:17:15  BuildStamp: freesurfer-linux-ubuntu22_x86_64-7.3.2-20220804-6354275  User: oesteban  Machine: dna060  Platform: Linux  PlatformVersion: 5.14.0-427.37.1.el9_4.x86_64  CompilerName: GCC  CompilerVersion: 8.4.0
ProgramName: mris_smooth  ProgramArguments: mris_smooth -all-info  ProgramVersion: 7.3.2  TimeStamp: 2026/03/09-12:37:25-GMT  BuildTime: Aug  4 2022 06:17:15  BuildStamp: freesurfer-linux-ubuntu22_x86_64-7.3.2-20220804-6354275  User: oesteban  Machine: dna060  Platform: Linux  PlatformVersion: 5.14.0-427.37.1.el9_4.x86_64  CompilerName: GCC  CompilerVersion: 8.4.0
ProgramName: mris_sphere  ProgramArguments: mris_sphere -all-info  ProgramVersion: 7.3.2  TimeStamp: 2026/03/09-12:37:25-GMT  BuildTime: Aug  4 2022 06:17:15  BuildStamp: freesurfer-linux-ubuntu22_x86_64-7.3.2-20220804-6354275  User: oesteban  Machine: dna060  Platform: Linux  PlatformVersion: 5.14.0-427.37.1.el9_4.x86_64  CompilerName: GCC  CompilerVersion: 8.4.0
ProgramName: mris_surface_stats  ProgramArguments: mris_surface_stats -all-info  ProgramVersion: 7.3.2  TimeStamp: 2026/03/09-12:37:25-GMT  BuildTime: Aug  4 2022 06:17:15  BuildStamp: freesurfer-linux-ubuntu22_x86_64-7.3.2-20220804-6354275  User: oesteban  Machine: dna060  Platform: Linux  PlatformVersion: 5.14.0-427.37.1.el9_4.x86_64  CompilerName: GCC  CompilerVersion: 8.4.0
ProgramName: mri_stats2seg  ProgramArguments: mri_stats2seg -all-info  ProgramVersion: 7.3.2  TimeStamp: 2026/03/09-12:37:25-GMT  BuildTime: Aug  4 2022 06:17:15  BuildStamp: freesurfer-linux-ubuntu22_x86_64-7.3.2-20220804-6354275  User: oesteban  Machine: dna060  Platform: Linux  PlatformVersion: 5.14.0-427.37.1.el9_4.x86_64  CompilerName: GCC  CompilerVersion: 8.4.0
ProgramName: mris_thickness  ProgramArguments: mris_thickness -all-info  ProgramVersion: 7.3.2  TimeStamp: 2026/03/09-12:37:25-GMT  BuildTime: Aug  4 2022 06:17:15  BuildStamp: freesurfer-linux-ubuntu22_x86_64-7.3.2-20220804-6354275  User: oesteban  Machine: dna060  Platform: Linux  PlatformVersion: 5.14.0-427.37.1.el9_4.x86_64  CompilerName: GCC  CompilerVersion: 8.4.0
ProgramName: mris_thickness_diff  ProgramArguments: mris_thickness_diff -all-info  ProgramVersion: 7.3.2  TimeStamp: 2026/03/09-12:37:25-GMT  BuildTime: Aug  4 2022 06:17:15  BuildStamp: freesurfer-linux-ubuntu22_x86_64-7.3.2-20220804-6354275  User: oesteban  Machine: dna060  Platform: Linux  PlatformVersion: 5.14.0-427.37.1.el9_4.x86_64  CompilerName: GCC  CompilerVersion: 8.4.0
ProgramName: mris_topo_fixer  ProgramArguments: mris_topo_fixer -all-info  ProgramVersion: 7.3.2  TimeStamp: 2026/03/09-12:37:25-GMT  BuildTime: Aug  4 2022 06:17:15  BuildStamp: freesurfer-linux-ubuntu22_x86_64-7.3.2-20220804-6354275  User: oesteban  Machine: dna060  Platform: Linux  PlatformVersion: 5.14.0-427.37.1.el9_4.x86_64  CompilerName: GCC  CompilerVersion: 8.4.0
ProgramName: mri_surf2surf  ProgramArguments: mri_surf2surf -all-info  ProgramVersion: 7.3.2  TimeStamp: 2026/03/09-12:37:25-GMT  BuildTime: Aug  4 2022 06:17:15  BuildStamp: freesurfer-linux-ubuntu22_x86_64-7.3.2-20220804-6354275  User: oesteban  Machine: dna060  Platform: Linux  PlatformVersion: 5.14.0-427.37.1.el9_4.x86_64  CompilerName: GCC  CompilerVersion: 8.4.0
ProgramName: mri_surf2vol  ProgramArguments: mri_surf2vol -all-info  ProgramVersion: 7.3.2  TimeStamp: 2026/03/09-12:37:25-GMT  BuildTime: Aug  4 2022 06:17:15  BuildStamp: freesurfer-linux-ubuntu22_x86_64-7.3.2-20220804-6354275  User: oesteban  Machine: dna060  Platform: Linux  PlatformVersion: 5.14.0-427.37.1.el9_4.x86_64  CompilerName: GCC  CompilerVersion: 8.4.0
ProgramName: mri_surfcluster  ProgramArguments: mri_surfcluster -all-info  ProgramVersion: 7.3.2  TimeStamp: 2026/03/09-12:37:25-GMT  BuildTime: Aug  4 2022 06:17:15  BuildStamp: freesurfer-linux-ubuntu22_x86_64-7.3.2-20220804-6354275  User: oesteban  Machine: dna060  Platform: Linux  PlatformVersion: 5.14.0-427.37.1.el9_4.x86_64  CompilerName: GCC  CompilerVersion: 8.4.0
ProgramName: mris_volmask  ProgramArguments: mris_volmask -all-info  ProgramVersion: 7.3.2  TimeStamp: 2026/03/09-12:37:25-GMT  BuildTime: Aug  4 2022 06:17:15  BuildStamp: freesurfer-linux-ubuntu22_x86_64-7.3.2-20220804-6354275  User: oesteban  Machine: dna060  Platform: Linux  PlatformVersion: 5.14.0-427.37.1.el9_4.x86_64  CompilerName: GCC  CompilerVersion: 8.4.0
ProgramName: mri_tessellate  ProgramArguments: mri_tessellate -all-info  ProgramVersion: 7.3.2  TimeStamp: 2026/03/09-12:37:25-GMT  BuildTime: Aug  4 2022 06:17:15  BuildStamp: freesurfer-linux-ubuntu22_x86_64-7.3.2-20220804-6354275  User: oesteban  Machine: dna060  Platform: Linux  PlatformVersion: 5.14.0-427.37.1.el9_4.x86_64  CompilerName: GCC  CompilerVersion: 8.4.0
ProgramName: mri_vol2surf  ProgramArguments: mri_vol2surf -all-info  ProgramVersion: 7.3.2  TimeStamp: 2026/03/09-12:37:25-GMT  BuildTime: Aug  4 2022 06:17:15  BuildStamp: freesurfer-linux-ubuntu22_x86_64-7.3.2-20220804-6354275  User: oesteban  Machine: dna060  Platform: Linux  PlatformVersion: 5.14.0-427.37.1.el9_4.x86_64  CompilerName: GCC  CompilerVersion: 8.4.0
ProgramName: mri_vol2vol  ProgramArguments: mri_vol2vol -all-info  ProgramVersion: 7.3.2  TimeStamp: 2026/03/09-12:37:25-GMT  BuildTime: Aug  4 2022 06:17:15  BuildStamp: freesurfer-linux-ubuntu22_x86_64-7.3.2-20220804-6354275  User: oesteban  Machine: dna060  Platform: Linux  PlatformVersion: 5.14.0-427.37.1.el9_4.x86_64  CompilerName: GCC  CompilerVersion: 8.4.0
ProgramName: mri_voldiff  ProgramArguments: mri_voldiff -all-info  ProgramVersion: 7.3.2  TimeStamp: 2026/03/09-12:37:25-GMT  BuildTime: Aug  4 2022 06:17:15  BuildStamp: freesurfer-linux-ubuntu22_x86_64-7.3.2-20220804-6354275  User: oesteban  Machine: dna060  Platform: Linux  PlatformVersion: 5.14.0-427.37.1.el9_4.x86_64  CompilerName: GCC  CompilerVersion: 8.4.0
ProgramName: mri_watershed  ProgramArguments: mri_watershed -all-info  ProgramVersion: 7.3.2  TimeStamp: 2026/03/09-12:37:25-GMT  BuildTime: Aug  4 2022 06:17:15  BuildStamp: freesurfer-linux-ubuntu22_x86_64-7.3.2-20220804-6354275  User: oesteban  Machine: dna060  Platform: Linux  PlatformVersion: 5.14.0-427.37.1.el9_4.x86_64  CompilerName: GCC  CompilerVersion: 8.4.0
ProgramName: tkregister2  ProgramArguments: tkregister2_cmdl -all-info  ProgramVersion: 7.3.2  TimeStamp: 2026/03/09-12:37:25-GMT  BuildTime: Aug  4 2022 06:17:15  BuildStamp: freesurfer-linux-ubuntu22_x86_64-7.3.2-20220804-6354275  User: oesteban  Machine: dna060  Platform: Linux  PlatformVersion: 5.14.0-427.37.1.el9_4.x86_64  CompilerName: GCC  CompilerVersion: 8.4.0
mri_motion_correct.fsl 7.3.2
mri_convert -all-info 
ProgramName: mri_convert  ProgramArguments: mri_convert -all-info  ProgramVersion: 7.3.2  TimeStamp: 2026/03/09-12:37:25-GMT  BuildTime: Aug  4 2022 06:17:15  BuildStamp: freesurfer-linux-ubuntu22_x86_64-7.3.2-20220804-6354275  User: oesteban  Machine: dna060  Platform: Linux  PlatformVersion: 5.14.0-427.37.1.el9_4.x86_64  CompilerName: GCC  CompilerVersion: 8.4.0
Program nu_correct, built from:
Package MNI N3, version 1.12.0, compiled by nicks@terrier (x86_64-unknown-linux-gnu) on 2015-06-19 at 01:25:34
#######################################
GCADIR /opt/freesurfer/average
GCA RB_all_2020-01-02.gca
GCASkull RB_all_withskull_2020_01_02.gca
AvgCurvTif folding.atlas.acfb40.noaparc.i12.2016-08-02.tif
GCSDIR /opt/freesurfer/average
GCS DKaparc.atlas.acfb40.noaparc.i12.2016-08-02.gcs
#######################################
#--------------------------------------------
#@# Tessellate rh Mon Mar  9 13:37:25 CET 2026
/out/sourcedata/freesurfer/sub-v1s21x0050411_ses-1/scripts

 mri_pretess ../mri/filled.mgz 127 ../mri/norm.mgz ../mri/filled-pretess127.mgz 


Iteration Number : 1
pass   1 (xy+):   0 found -   0 modified     |    TOTAL:   0
pass   1 (xy-):   0 found -   0 modified     |    TOTAL:   0
pass   1 (yz+):   6 found -   6 modified     |    TOTAL:   6
pass   2 (yz+):   0 found -   6 modified     |    TOTAL:   6
pass   1 (yz-):   5 found -   5 modified     |    TOTAL:  11
pass   2 (yz-):   0 found -   5 modified     |    TOTAL:  11
pass   1 (xz+):   1 found -   1 modified     |    TOTAL:  12
pass   2 (xz+):   0 found -   1 modified     |    TOTAL:  12
pass   1 (xz-):   2 found -   2 modified     |    TOTAL:  14
pass   2 (xz-):   0 found -   2 modified     |    TOTAL:  14
Iteration Number : 1
pass   1 (+++):   0 found -   0 modified     |    TOTAL:   0
pass   1 (+++):   0 found -   0 modified     |    TOTAL:   0
pass   1 (+++):   0 found -   0 modified     |    TOTAL:   0
pass   1 (+++):   0 found -   0 modified     |    TOTAL:   0
Iteration Number : 1
pass   1 (++):   0 found -   0 modified     |    TOTAL:   0
pass   1 (+-):   0 found -   0 modified     |    TOTAL:   0
pass   1 (--):   0 found -   0 modified     |    TOTAL:   0
pass   1 (-+):   1 found -   1 modified     |    TOTAL:   1
pass   2 (-+):   0 found -   1 modified     |    TOTAL:   1
Iteration Number : 2
pass   1 (xy+):   0 found -   0 modified     |    TOTAL:   0
pass   1 (xy-):   0 found -   0 modified     |    TOTAL:   0
pass   1 (yz+):   1 found -   1 modified     |    TOTAL:   1
pass   2 (yz+):   0 found -   1 modified     |    TOTAL:   1
pass   1 (yz-):   0 found -   0 modified     |    TOTAL:   1
pass   1 (xz+):   0 found -   0 modified     |    TOTAL:   1
pass   1 (xz-):   0 found -   0 modified     |    TOTAL:   1
Iteration Number : 2
pass   1 (+++):   0 found -   0 modified     |    TOTAL:   0
pass   1 (+++):   0 found -   0 modified     |    TOTAL:   0
pass   1 (+++):   0 found -   0 modified     |    TOTAL:   0
pass   1 (+++):   0 found -   0 modified     |    TOTAL:   0
Iteration Number : 2
pass   1 (++):   0 found -   0 modified     |    TOTAL:   0
pass   1 (+-):   0 found -   0 modified     |    TOTAL:   0
pass   1 (--):   0 found -   0 modified     |    TOTAL:   0
pass   1 (-+):   0 found -   0 modified     |    TOTAL:   0
Iteration Number : 3
pass   1 (xy+):   0 found -   0 modified     |    TOTAL:   0
pass   1 (xy-):   0 found -   0 modified     |    TOTAL:   0
pass   1 (yz+):   0 found -   0 modified     |    TOTAL:   0
pass   1 (yz-):   0 found -   0 modified     |    TOTAL:   0
pass   1 (xz+):   0 found -   0 modified     |    TOTAL:   0
pass   1 (xz-):   0 found -   0 modified     |    TOTAL:   0
Iteration Number : 3
pass   1 (+++):   0 found -   0 modified     |    TOTAL:   0
pass   1 (+++):   0 found -   0 modified     |    TOTAL:   0
pass   1 (+++):   0 found -   0 modified     |    TOTAL:   0
pass   1 (+++):   0 found -   0 modified     |    TOTAL:   0
Iteration Number : 3
pass   1 (++):   0 found -   0 modified     |    TOTAL:   0
pass   1 (+-):   0 found -   0 modified     |    TOTAL:   0
pass   1 (--):   0 found -   0 modified     |    TOTAL:   0
pass   1 (-+):   0 found -   0 modified     |    TOTAL:   0

Total Number of Modified Voxels = 16 (out of 324664: 0.004928)
Ambiguous edge configurations... 

mri_pretess done


 mri_tessellate ../mri/filled-pretess127.mgz 127 ../surf/rh.orig.nofix 

7.3.2
  7.3.2
slice 30: 30 vertices, 41 faces
slice 40: 3111 vertices, 3278 faces
slice 50: 9366 vertices, 9623 faces
slice 60: 16898 vertices, 17180 faces
slice 70: 26652 vertices, 27077 faces
slice 80: 37802 vertices, 38216 faces
slice 90: 49239 vertices, 49617 faces
slice 100: 62131 vertices, 62622 faces
slice 110: 77606 vertices, 78226 faces
slice 120: 92955 vertices, 93532 faces
slice 130: 107055 vertices, 107568 faces
slice 140: 120146 vertices, 120612 faces
slice 150: 129220 vertices, 129591 faces
slice 160: 138505 vertices, 138907 faces
slice 170: 147260 vertices, 147632 faces
slice 180: 154898 vertices, 155273 faces
slice 190: 161647 vertices, 161938 faces
slice 200: 165378 vertices, 165533 faces
slice 210: 165722 vertices, 165810 faces
slice 220: 165722 vertices, 165810 faces
slice 230: 165722 vertices, 165810 faces
slice 240: 165722 vertices, 165810 faces
slice 250: 165722 vertices, 165810 faces
using the conformed surface RAS to save vertex points...
writing ../surf/rh.orig.nofix
using vox2ras matrix:
-1.00000   0.00000   0.00000   128.00000;
 0.00000   0.00000   1.00000  -128.00000;
 0.00000  -1.00000   0.00000   128.00000;
 0.00000   0.00000   0.00000   1.00000;

 rm -f ../mri/filled-pretess127.mgz 


 mris_extract_main_component ../surf/rh.orig.nofix ../surf/rh.orig.nofix 


counting number of connected components...
   165722 voxel in cpt #1: X=-88 [v=165722,e=497430,f=331620] located at (27.877464, -14.532832, 39.699097)
For the whole surface: X=-88 [v=165722,e=497430,f=331620]
One single component has been found
nothing to do
done

#--------------------------------------------
#@# Smooth1 rh Mon Mar  9 13:37:29 CET 2026
/out/sourcedata/freesurfer/sub-v1s21x0050411_ses-1/scripts

 mris_smooth -nw -seed 1234 ../surf/rh.orig.nofix ../surf/rh.smoothwm.nofix 

setting seed for random number generator to 1234
smoothing surface tessellation for 10 iterations...
smoothing complete - recomputing first and second fundamental forms...
#--------------------------------------------
#@# Inflation1 rh Mon Mar  9 13:37:32 CET 2026
/out/sourcedata/freesurfer/sub-v1s21x0050411_ses-1/scripts

 mris_inflate -no-save-sulc ../surf/rh.smoothwm.nofix ../surf/rh.inflated.nofix 

Not saving sulc
Reading ../surf/rh.smoothwm.nofix
avg radius = 49.7 mm, total surface area = 89032 mm^2
step 000: RMS=0.156 (target=0.015)   step 005: RMS=0.121 (target=0.015)   step 010: RMS=0.096 (target=0.015)   step 015: RMS=0.083 (target=0.015)   step 020: RMS=0.074 (target=0.015)   step 025: RMS=0.067 (target=0.015)   step 030: RMS=0.063 (target=0.015)   step 035: RMS=0.059 (target=0.015)   step 040: RMS=0.058 (target=0.015)   step 045: RMS=0.055 (target=0.015)   step 050: RMS=0.054 (target=0.015)   step 055: RMS=0.055 (target=0.015)   step 060: RMS=0.055 (target=0.015)   writing inflated surface to ../surf/rh.inflated.nofix
inflation took 0.3 minutes

inflation complete.
Not saving sulc
mris_inflate utimesec    61.056338
mris_inflate stimesec    2.331292
mris_inflate ru_maxrss   260940
mris_inflate ru_ixrss    0
mris_inflate ru_idrss    0
mris_inflate ru_isrss    0
mris_inflate ru_minflt   691771
mris_inflate ru_majflt   16
mris_inflate ru_nswap    0
mris_inflate ru_inblock  0
mris_inflate ru_oublock  11664
mris_inflate ru_msgsnd   0
mris_inflate ru_msgrcv   0
mris_inflate ru_nsignals 0
mris_inflate ru_nvcsw    10354
mris_inflate ru_nivcsw   385
#--------------------------------------------
#@# QSphere rh Mon Mar  9 13:37:48 CET 2026
/out/sourcedata/freesurfer/sub-v1s21x0050411_ses-1/scripts

 mris_sphere -q -p 6 -a 128 -seed 1234 ../surf/rh.inflated.nofix ../surf/rh.qsphere.nofix 

doing quick spherical unfolding.
limitting unfolding to 6 passes
using n_averages = 128
setting seed for random number genererator to 1234
version: 7.3.2
available threads: 16
scaling brain by 0.289...
inflating...
projecting onto sphere...
surface projected - minimizing metric distortion...
vertex spacing 0.91 +- 0.54 (0.00-->6.96) (max @ vno 49943 --> 51082)
face area 0.02 +- 0.03 (-0.16-->0.72)
Entering MRISinflateToSphere()
inflating to sphere (rms error < 2.00)
000: dt: 0.0000, rms radial error=176.827, avgs=0
005/300: dt: 0.9000, rms radial error=176.569, avgs=0
010/300: dt: 0.9000, rms radial error=176.015, avgs=0
015/300: dt: 0.9000, rms radial error=175.287, avgs=0
020/300: dt: 0.9000, rms radial error=174.456, avgs=0
025/300: dt: 0.9000, rms radial error=173.568, avgs=0
030/300: dt: 0.9000, rms radial error=172.646, avgs=0
035/300: dt: 0.9000, rms radial error=171.707, avgs=0
040/300: dt: 0.9000, rms radial error=170.760, avgs=0
045/300: dt: 0.9000, rms radial error=169.810, avgs=0
050/300: dt: 0.9000, rms radial error=168.860, avgs=0
055/300: dt: 0.9000, rms radial error=167.913, avgs=0
060/300: dt: 0.9000, rms radial error=166.969, avgs=0
065/300: dt: 0.9000, rms radial error=166.028, avgs=0
070/300: dt: 0.9000, rms radial error=165.093, avgs=0
075/300: dt: 0.9000, rms radial error=164.161, avgs=0
080/300: dt: 0.9000, rms radial error=163.235, avgs=0
085/300: dt: 0.9000, rms radial error=162.313, avgs=0
090/300: dt: 0.9000, rms radial error=161.396, avgs=0
095/300: dt: 0.9000, rms radial error=160.484, avgs=0
100/300: dt: 0.9000, rms radial error=159.576, avgs=0
105/300: dt: 0.9000, rms radial error=158.680, avgs=0
110/300: dt: 0.9000, rms radial error=157.789, avgs=0
115/300: dt: 0.9000, rms radial error=156.904, avgs=0
120/300: dt: 0.9000, rms radial error=156.024, avgs=0
125/300: dt: 0.9000, rms radial error=155.148, avgs=0
130/300: dt: 0.9000, rms radial error=154.277, avgs=0
135/300: dt: 0.9000, rms radial error=153.411, avgs=0
140/300: dt: 0.9000, rms radial error=152.550, avgs=0
145/300: dt: 0.9000, rms radial error=151.693, avgs=0
150/300: dt: 0.9000, rms radial error=150.841, avgs=0
155/300: dt: 0.9000, rms radial error=149.993, avgs=0
160/300: dt: 0.9000, rms radial error=149.150, avgs=0
165/300: dt: 0.9000, rms radial error=148.312, avgs=0
170/300: dt: 0.9000, rms radial error=147.478, avgs=0
175/300: dt: 0.9000, rms radial error=146.649, avgs=0
180/300: dt: 0.9000, rms radial error=145.824, avgs=0
185/300: dt: 0.9000, rms radial error=145.004, avgs=0
190/300: dt: 0.9000, rms radial error=144.188, avgs=0
195/300: dt: 0.9000, rms radial error=143.376, avgs=0
200/300: dt: 0.9000, rms radial error=142.569, avgs=0
205/300: dt: 0.9000, rms radial error=141.767, avgs=0
210/300: dt: 0.9000, rms radial error=140.969, avgs=0
215/300: dt: 0.9000, rms radial error=140.175, avgs=0
220/300: dt: 0.9000, rms radial error=139.386, avgs=0
225/300: dt: 0.9000, rms radial error=138.601, avgs=0
230/300: dt: 0.9000, rms radial error=137.820, avgs=0
235/300: dt: 0.9000, rms radial error=137.044, avgs=0
240/300: dt: 0.9000, rms radial error=136.272, avgs=0
245/300: dt: 0.9000, rms radial error=135.504, avgs=0
250/300: dt: 0.9000, rms radial error=134.741, avgs=0
255/300: dt: 0.9000, rms radial error=133.982, avgs=0
260/300: dt: 0.9000, rms radial error=133.227, avgs=0
265/300: dt: 0.9000, rms radial error=132.476, avgs=0
270/300: dt: 0.9000, rms radial error=131.729, avgs=0
275/300: dt: 0.9000, rms radial error=130.987, avgs=0
280/300: dt: 0.9000, rms radial error=130.248, avgs=0
285/300: dt: 0.9000, rms radial error=129.514, avgs=0
290/300: dt: 0.9000, rms radial error=128.784, avgs=0
295/300: dt: 0.9000, rms radial error=128.058, avgs=0
300/300: dt: 0.9000, rms radial error=127.336, avgs=0

spherical inflation complete.
epoch 1 (K=10.0), pass 1, starting sse = 19771.20
taking momentum steps...
taking momentum steps...
taking momentum steps...
taking momentum steps...
pass 1 complete, delta sse/iter = 0.00/13 = 0.00023
epoch 2 (K=40.0), pass 1, starting sse = 3390.06
taking momentum steps...
taking momentum steps...
taking momentum steps...
taking momentum steps...
pass 1 complete, delta sse/iter = 0.00/13 = 0.00026
epoch 3 (K=160.0), pass 1, starting sse = 357.58
taking momentum steps...
taking momentum steps...
taking momentum steps...
taking momentum steps...
pass 1 complete, delta sse/iter = 0.07/13 = 0.00504
epoch 4 (K=640.0), pass 1, starting sse = 26.79
taking momentum steps...
taking momentum steps...
taking momentum steps...
taking momentum steps...
pass 1 complete, delta sse/iter = 0.05/14 = 0.00360
final distance error %100000.00
writing spherical brain to ../surf/rh.qsphere.nofix
spherical transformation took 0.0210 hours
FSRUNTIME@ mris_sphere  0.0210 hours 16 threads
#VMPC# mris_sphere VmPeak  1675764
mris_sphere done
#@# Fix Topology rh Mon Mar  9 13:39:03 CET 2026

 mris_fix_topology -mgz -sphere qsphere.nofix -inflated inflated.nofix -orig orig.nofix -out orig.premesh -ga -seed 1234 sub-v1s21x0050411_ses-1 rh 

reading spherical homeomorphism from 'qsphere.nofix'
reading inflated coordinates from 'inflated.nofix'
reading original coordinates from 'orig.nofix'
using genetic algorithm with optimized parameters
setting seed for random number genererator to 1234

*************************************************************
Topology Correction Parameters
retessellation mode:           genetic search
number of patches/generation : 10
number of generations :        10
surface mri loglikelihood coefficient :         1.0
volume mri loglikelihood coefficient :          10.0
normal dot loglikelihood coefficient :          1.0
quadratic curvature loglikelihood coefficient : 1.0
volume resolution :                             2
eliminate vertices during search :              1
initial patch selection :                       1
select all defect vertices :                    0
ordering dependant retessellation:              0
use precomputed edge table :                    0
smooth retessellated patch :                    2
match retessellated patch :                     1
verbose mode :                                  0

*************************************************************
INFO: assuming .mgz format
writing corrected surface to 'orig.premesh'
7.3.2
  7.3.2
before topology correction, eno=-88 (nv=165722, nf=331620, ne=497430, g=45)
using quasi-homeomorphic spherical map to tessellate cortical surface...

Correction of the Topology
Finding true center and radius of Spherical Surface...done
Surface centered at (0,0,0) with radius 100.0 in 8 iterations
marking ambiguous vertices...
11013 ambiguous faces found in tessellation
segmenting defects...
68 defects found, arbitrating ambiguous regions...
analyzing neighboring defects...
      -merging segment 50 into 40
      -merging segment 52 into 47
      -merging segment 66 into 65
65 defects to be corrected 
0 vertices coincident
reading input surface /out/sourcedata/freesurfer/sub-v1s21x0050411_ses-1/surf/rh.qsphere.nofix...
reading brain volume from brain...
reading wm segmentation from wm...
Reading original properties of orig.nofix
Reading vertex positions of inflated.nofix
Computing Initial Surface Statistics
      -face       loglikelihood: -9.5086  (-4.7543)
      -vertex     loglikelihood: -6.2843  (-3.1422)
      -normal dot loglikelihood: -3.6184  (-3.6184)
      -quad curv  loglikelihood: -6.2260  (-3.1130)
      Total Loglikelihood : -25.6373
CORRECTING DEFECT 0 (vertices=19, convex hull=22, v0=0)
After retessellation of defect 0 (v0=0), euler #=-64 (159217,475601,316320) : difference with theory (-62) = 2 
CORRECTING DEFECT 1 (vertices=386, convex hull=165, v0=2455)
After retessellation of defect 1 (v0=2455), euler #=-63 (159285,475882,316534) : difference with theory (-61) = 2 
CORRECTING DEFECT 2 (vertices=5, convex hull=20, v0=2592)
After retessellation of defect 2 (v0=2592), euler #=-62 (159286,475890,316542) : difference with theory (-60) = 2 
CORRECTING DEFECT 3 (vertices=140, convex hull=124, v0=4360)
After retessellation of defect 3 (v0=4360), euler #=-61 (159337,476104,316706) : difference with theory (-59) = 2 
CORRECTING DEFECT 4 (vertices=287, convex hull=87, v0=8279)
After retessellation of defect 4 (v0=8279), euler #=-60 (159358,476205,316787) : difference with theory (-58) = 2 
CORRECTING DEFECT 5 (vertices=49, convex hull=70, v0=15119)
After retessellation of defect 5 (v0=15119), euler #=-59 (159371,476271,316841) : difference with theory (-57) = 2 
CORRECTING DEFECT 6 (vertices=74, convex hull=58, v0=17441)
After retessellation of defect 6 (v0=17441), euler #=-58 (159386,476340,316896) : difference with theory (-56) = 2 
CORRECTING DEFECT 7 (vertices=43, convex hull=64, v0=18568)
After retessellation of defect 7 (v0=18568), euler #=-57 (159404,476421,316960) : difference with theory (-55) = 2 
CORRECTING DEFECT 8 (vertices=49, convex hull=76, v0=20138)
After retessellation of defect 8 (v0=20138), euler #=-56 (159415,476487,317016) : difference with theory (-54) = 2 
CORRECTING DEFECT 9 (vertices=26, convex hull=70, v0=22609)
After retessellation of defect 9 (v0=22609), euler #=-55 (159431,476558,317072) : difference with theory (-53) = 2 
CORRECTING DEFECT 10 (vertices=211, convex hull=134, v0=27320)
After retessellation of defect 10 (v0=27320), euler #=-54 (159473,476747,317220) : difference with theory (-52) = 2 
CORRECTING DEFECT 11 (vertices=16, convex hull=41, v0=27491)
After retessellation of defect 11 (v0=27491), euler #=-53 (159481,476787,317253) : difference with theory (-51) = 2 
CORRECTING DEFECT 12 (vertices=7, convex hull=23, v0=30842)
After retessellation of defect 12 (v0=30842), euler #=-52 (159482,476796,317262) : difference with theory (-50) = 2 
CORRECTING DEFECT 13 (vertices=7, convex hull=34, v0=35231)
After retessellation of defect 13 (v0=35231), euler #=-51 (159484,476814,317279) : difference with theory (-49) = 2 
CORRECTING DEFECT 14 (vertices=32, convex hull=83, v0=36591)
After retessellation of defect 14 (v0=36591), euler #=-50 (159504,476902,317348) : difference with theory (-48) = 2 
CORRECTING DEFECT 15 (vertices=72, convex hull=87, v0=39427)
After retessellation of defect 15 (v0=39427), euler #=-49 (159535,477038,317454) : difference with theory (-47) = 2 
CORRECTING DEFECT 16 (vertices=82, convex hull=98, v0=42418)
After retessellation of defect 16 (v0=42418), euler #=-48 (159577,477208,317583) : difference with theory (-46) = 2 
CORRECTING DEFECT 17 (vertices=36, convex hull=42, v0=47015)
After retessellation of defect 17 (v0=47015), euler #=-47 (159581,477237,317609) : difference with theory (-45) = 2 
CORRECTING DEFECT 18 (vertices=17, convex hull=53, v0=48521)
After retessellation of defect 18 (v0=48521), euler #=-46 (159591,477289,317652) : difference with theory (-44) = 2 
CORRECTING DEFECT 19 (vertices=82, convex hull=135, v0=48806)
After retessellation of defect 19 (v0=48806), euler #=-45 (159633,477473,317795) : difference with theory (-43) = 2 
CORRECTING DEFECT 20 (vertices=198, convex hull=73, v0=50143)
After retessellation of defect 20 (v0=50143), euler #=-44 (159658,477588,317886) : difference with theory (-42) = 2 
CORRECTING DEFECT 21 (vertices=33, convex hull=71, v0=55116)
After retessellation of defect 21 (v0=55116), euler #=-43 (159675,477665,317947) : difference with theory (-41) = 2 
CORRECTING DEFECT 22 (vertices=119, convex hull=46, v0=58060)
After retessellation of defect 22 (v0=58060), euler #=-42 (159687,477719,317990) : difference with theory (-40) = 2 
CORRECTING DEFECT 23 (vertices=89, convex hull=45, v0=58875)
After retessellation of defect 23 (v0=58875), euler #=-41 (159704,477792,318047) : difference with theory (-39) = 2 
CORRECTING DEFECT 24 (vertices=548, convex hull=521, v0=61706)
A large defect has been detected...
This often happens because cerebellum or dura has not been removed from wm.mgz.
This may cause recon-all to run very slowly or crash.
if so, see https://surfer.nmr.mgh.harvard.edu/fswiki/FsTutorial/TopologicalDefect_freeview
After retessellation of defect 24 (v0=61706), euler #=-40 (159984,478893,318869) : difference with theory (-38) = 2 
CORRECTING DEFECT 25 (vertices=55, convex hull=34, v0=62131)
After retessellation of defect 25 (v0=62131), euler #=-39 (159992,478930,318899) : difference with theory (-37) = 2 
CORRECTING DEFECT 26 (vertices=6, convex hull=19, v0=65789)
After retessellation of defect 26 (v0=65789), euler #=-38 (159995,478943,318910) : difference with theory (-36) = 2 
CORRECTING DEFECT 27 (vertices=16, convex hull=25, v0=67172)
After retessellation of defect 27 (v0=67172), euler #=-37 (159996,478955,318922) : difference with theory (-35) = 2 
CORRECTING DEFECT 28 (vertices=162, convex hull=128, v0=67824)
After retessellation of defect 28 (v0=67824), euler #=-36 (160069,479236,319131) : difference with theory (-34) = 2 
CORRECTING DEFECT 29 (vertices=26, convex hull=24, v0=70270)
After retessellation of defect 29 (v0=70270), euler #=-35 (160072,479251,319144) : difference with theory (-33) = 2 
CORRECTING DEFECT 30 (vertices=127, convex hull=103, v0=70704)
After retessellation of defect 30 (v0=70704), euler #=-34 (160127,479465,319304) : difference with theory (-32) = 2 
CORRECTING DEFECT 31 (vertices=39, convex hull=25, v0=70898)
After retessellation of defect 31 (v0=70898), euler #=-33 (160131,479488,319324) : difference with theory (-31) = 2 
CORRECTING DEFECT 32 (vertices=57, convex hull=49, v0=71888)
After retessellation of defect 32 (v0=71888), euler #=-32 (160143,479542,319367) : difference with theory (-30) = 2 
CORRECTING DEFECT 33 (vertices=40, convex hull=46, v0=75844)
After retessellation of defect 33 (v0=75844), euler #=-31 (160147,479572,319394) : difference with theory (-29) = 2 
CORRECTING DEFECT 34 (vertices=12, convex hull=37, v0=76774)
After retessellation of defect 34 (v0=76774), euler #=-30 (160149,479591,319412) : difference with theory (-28) = 2 
CORRECTING DEFECT 35 (vertices=57, convex hull=61, v0=82577)
After retessellation of defect 35 (v0=82577), euler #=-29 (160163,479658,319466) : difference with theory (-27) = 2 
CORRECTING DEFECT 36 (vertices=35, convex hull=43, v0=82593)
After retessellation of defect 36 (v0=82593), euler #=-28 (160166,479679,319485) : difference with theory (-26) = 2 
CORRECTING DEFECT 37 (vertices=11, convex hull=27, v0=84094)
After retessellation of defect 37 (v0=84094), euler #=-27 (160168,479694,319499) : difference with theory (-25) = 2 
CORRECTING DEFECT 38 (vertices=50, convex hull=33, v0=92454)
After retessellation of defect 38 (v0=92454), euler #=-26 (160174,479726,319526) : difference with theory (-24) = 2 
CORRECTING DEFECT 39 (vertices=99, convex hull=24, v0=92510)
After retessellation of defect 39 (v0=92510), euler #=-25 (160182,479756,319549) : difference with theory (-23) = 2 
CORRECTING DEFECT 40 (vertices=487, convex hull=305, v0=92852)
After retessellation of defect 40 (v0=92852), euler #=-23 (160279,480199,319897) : difference with theory (-22) = 1 
CORRECTING DEFECT 41 (vertices=7, convex hull=29, v0=96049)
After retessellation of defect 41 (v0=96049), euler #=-22 (160279,480207,319906) : difference with theory (-21) = 1 
CORRECTING DEFECT 42 (vertices=895, convex hull=220, v0=96062)
After retessellation of defect 42 (v0=96062), euler #=-22 (160378,480636,320236) : difference with theory (-20) = 2 
CORRECTING DEFECT 43 (vertices=56, convex hull=94, v0=97233)
After retessellation of defect 43 (v0=97233), euler #=-21 (160408,480767,320338) : difference with theory (-19) = 2 
CORRECTING DEFECT 44 (vertices=10, convex hull=34, v0=98450)
After retessellation of defect 44 (v0=98450), euler #=-20 (160411,480787,320356) : difference with theory (-18) = 2 
CORRECTING DEFECT 45 (vertices=30, convex hull=59, v0=99210)
After retessellation of defect 45 (v0=99210), euler #=-19 (160420,480838,320399) : difference with theory (-17) = 2 
CORRECTING DEFECT 46 (vertices=7, convex hull=17, v0=100164)
After retessellation of defect 46 (v0=100164), euler #=-18 (160422,480848,320408) : difference with theory (-16) = 2 
CORRECTING DEFECT 47 (vertices=108, convex hull=122, v0=102825)
After retessellation of defect 47 (v0=102825), euler #=-16 (160463,481031,320552) : difference with theory (-15) = 1 
CORRECTING DEFECT 48 (vertices=105, convex hull=70, v0=105051)
After retessellation of defect 48 (v0=105051), euler #=-15 (160488,481136,320633) : difference with theory (-14) = 1 
CORRECTING DEFECT 49 (vertices=449, convex hull=60, v0=105331)
After retessellation of defect 49 (v0=105331), euler #=-14 (160506,481212,320692) : difference with theory (-13) = 1 
CORRECTING DEFECT 50 (vertices=29, convex hull=37, v0=108098)
After retessellation of defect 50 (v0=108098), euler #=-13 (160514,481247,320720) : difference with theory (-12) = 1 
CORRECTING DEFECT 51 (vertices=86, convex hull=42, v0=109334)
After retessellation of defect 51 (v0=109334), euler #=-12 (160524,481293,320757) : difference with theory (-11) = 1 
CORRECTING DEFECT 52 (vertices=111, convex hull=154, v0=109407)
After retessellation of defect 52 (v0=109407), euler #=-11 (160577,481524,320936) : difference with theory (-10) = 1 
CORRECTING DEFECT 53 (vertices=95, convex hull=35, v0=109598)
After retessellation of defect 53 (v0=109598), euler #=-10 (160586,481561,320965) : difference with theory (-9) = 1 
CORRECTING DEFECT 54 (vertices=122, convex hull=82, v0=111996)
After retessellation of defect 54 (v0=111996), euler #=-9 (160605,481657,321043) : difference with theory (-8) = 1 
CORRECTING DEFECT 55 (vertices=62, convex hull=54, v0=118931)
After retessellation of defect 55 (v0=118931), euler #=-8 (160623,481731,321100) : difference with theory (-7) = 1 
CORRECTING DEFECT 56 (vertices=22, convex hull=38, v0=126645)
After retessellation of defect 56 (v0=126645), euler #=-7 (160634,481779,321138) : difference with theory (-6) = 1 
CORRECTING DEFECT 57 (vertices=179, convex hull=62, v0=127573)
After retessellation of defect 57 (v0=127573), euler #=-6 (160637,481816,321173) : difference with theory (-5) = 1 
CORRECTING DEFECT 58 (vertices=16, convex hull=19, v0=130700)
After retessellation of defect 58 (v0=130700), euler #=-5 (160640,481829,321184) : difference with theory (-4) = 1 
CORRECTING DEFECT 59 (vertices=78, convex hull=51, v0=130883)
After retessellation of defect 59 (v0=130883), euler #=-4 (160662,481914,321248) : difference with theory (-3) = 1 
CORRECTING DEFECT 60 (vertices=17, convex hull=24, v0=131877)
After retessellation of defect 60 (v0=131877), euler #=-3 (160663,481924,321258) : difference with theory (-2) = 1 
CORRECTING DEFECT 61 (vertices=12, convex hull=17, v0=132495)
After retessellation of defect 61 (v0=132495), euler #=-2 (160665,481933,321266) : difference with theory (-1) = 1 
CORRECTING DEFECT 62 (vertices=46, convex hull=53, v0=137574)
After retessellation of defect 62 (v0=137574), euler #=-1 (160668,481961,321292) : difference with theory (0) = 1 
CORRECTING DEFECT 63 (vertices=28, convex hull=65, v0=143781)
After retessellation of defect 63 (v0=143781), euler #=1 (160673,482002,321330) : difference with theory (1) = 0 
CORRECTING DEFECT 64 (vertices=29, convex hull=30, v0=153353)
After retessellation of defect 64 (v0=153353), euler #=2 (160675,482019,321346) : difference with theory (2) = 0 
computing original vertex metric properties...
storing new metric properties...
computing tessellation statistics...
vertex spacing 0.89 +- 0.23 (0.09-->12.59) (max @ vno 92548 --> 102643)
face area -nan +- -nan (1000.00-->-1.00)
performing soap bubble on retessellated vertices for 0 iterations...
vertex spacing 0.89 +- 0.23 (0.09-->12.59) (max @ vno 92548 --> 102643)
face area -nan +- -nan (1000.00-->-1.00)
tessellation finished, orienting corrected surface...
224 mutations (37.6%), 371 crossovers (62.4%), 253 vertices were eliminated
building final representation...
5047 vertices and 0 faces have been removed from triangulation
after topology correction, eno=2 (nv=160675, nf=321346, ne=482019, g=0)
writing corrected surface to /out/sourcedata/freesurfer/sub-v1s21x0050411_ses-1/surf/rh.orig.premesh...

0.000 % of the vertices (0 vertices) exhibit an orientation change
removing intersecting faces
000: 473 intersecting
001: 63 intersecting
002: 2 intersecting
step 1 with no progress (num=8, old_num=2)
003: 8 intersecting
terminating search with 0 intersecting
topology fixing took 2.9 minutes
FSRUNTIME@ mris_fix_topology rh  0.0489 hours 16 threads
#VMPC# mris_fix_topology VmPeak  1991348

 mris_euler_number ../surf/rh.orig.premesh 

euler # = v-e+f = 2g-2: 160675 - 482019 + 321346 = 2 --> 0 holes
      F =2V-4:          321346 = 321350-4 (0)
      2E=3F:            964038 = 964038 (0)

total defect index = 0
Mon Mar  9 13:42:00 CET 2026

setenv SUBJECTS_DIR /out/sourcedata/freesurfer
cd /out/sourcedata/freesurfer/sub-v1s21x0050411_ses-1/scripts
/opt/freesurfer/bin/defect2seg --s sub-v1s21x0050411_ses-1 --rh-only --cortex

freesurfer-linux-ubuntu22_x86_64-7.3.2-20220804-6354275
defect2seg 7.3.2
Linux dna060 5.14.0-427.37.1.el9_4.x86_64 #1 SMP PREEMPT_DYNAMIC Fri Sep 13 12:41:50 EDT 2024 x86_64 x86_64 x86_64 GNU/Linux
pid 2448850
mri_label2label --label-cortex /out/sourcedata/freesurfer/sub-v1s21x0050411_ses-1/surf/rh.orig.nofix /out/sourcedata/freesurfer/sub-v1s21x0050411_ses-1/mri/aseg.presurf.mgz 0 /out/sourcedata/freesurfer/sub-v1s21x0050411_ses-1/label/rh.nofix.cortex.label

 Generating cortex label... RemoveHipAmgy=0
 NucAccIsMedialWall=0
 mris->useRealRAS=0
18 non-cortical segments detected
only using segment with 7853 vertices
erasing segment 1 (vno[0] = 69132)
erasing segment 2 (vno[0] = 69155)
erasing segment 3 (vno[0] = 89451)
erasing segment 4 (vno[0] = 92451)
erasing segment 5 (vno[0] = 94029)
erasing segment 6 (vno[0] = 95901)
erasing segment 7 (vno[0] = 106734)
erasing segment 8 (vno[0] = 108125)
erasing segment 9 (vno[0] = 108170)
erasing segment 10 (vno[0] = 109347)
erasing segment 11 (vno[0] = 109474)
erasing segment 12 (vno[0] = 109599)
erasing segment 13 (vno[0] = 112120)
erasing segment 14 (vno[0] = 113766)
erasing segment 15 (vno[0] = 114681)
erasing segment 16 (vno[0] = 115247)
erasing segment 17 (vno[0] = 128826)
mri_label2vol --defects /out/sourcedata/freesurfer/sub-v1s21x0050411_ses-1/surf/rh.orig.nofix /out/sourcedata/freesurfer/sub-v1s21x0050411_ses-1/surf/rh.defect_labels /out/sourcedata/freesurfer/sub-v1s21x0050411_ses-1/mri/orig.mgz 2000 0 /out/sourcedata/freesurfer/sub-v1s21x0050411_ses-1/mri/rh.surface.defects.mgz /out/sourcedata/freesurfer/sub-v1s21x0050411_ses-1/label/rh.nofix.cortex.label
mri_label2vol supposed to be reproducible but seed not set
Contraining to label /out/sourcedata/freesurfer/sub-v1s21x0050411_ses-1/label/rh.nofix.cortex.label
Changing input type 0 to MRI_INT
Converting defects to volume: offset=2000, merge=0
Writing to /out/sourcedata/freesurfer/sub-v1s21x0050411_ses-1/mri/rh.surface.defects.mgz
mris_defects_pointset -s /out/sourcedata/freesurfer/sub-v1s21x0050411_ses-1/surf/rh.orig.nofix -d /out/sourcedata/freesurfer/sub-v1s21x0050411_ses-1/surf/rh.defect_labels -o /out/sourcedata/freesurfer/sub-v1s21x0050411_ses-1/surf/rh.defects.pointset --label /out/sourcedata/freesurfer/sub-v1s21x0050411_ses-1/label/rh.nofix.cortex.label
Reading in surface /out/sourcedata/freesurfer/sub-v1s21x0050411_ses-1/surf/rh.orig.nofix
Reading in defect segmentation /out/sourcedata/freesurfer/sub-v1s21x0050411_ses-1/surf/rh.defect_labels
Reading in label /out/sourcedata/freesurfer/sub-v1s21x0050411_ses-1/label/rh.nofix.cortex.label
#VMPC# mris_defects_pointset 1389888
mris_defects_pointset done
 
Started at Mon Mar 9 13:42:00 CET 2026 
Ended   at Mon Mar  9 13:42:21 CET 2026
Defect2seg-Run-Time-Sec 21
Defect2seg-Run-Time-Min 0.42
Defect2seg-Run-Time-Hours 0.01
 
tkmeditfv sub-v1s21x0050411_ses-1 brain.finalsurfs.mgz -defect
defect2seg Done

 mris_remesh --remesh --iters 3 --input /out/sourcedata/freesurfer/sub-v1s21x0050411_ses-1/surf/rh.orig.premesh --output /out/sourcedata/freesurfer/sub-v1s21x0050411_ses-1/surf/rh.orig 

iters = 3
standard remeshing without target
   adjusted l: 0.712823
remeshing to edge length 0.712823 with 3 iterations

avg qual before   : 0.889205  after: 0.971233

Removing intersections
Remeshed surface quality stats nv0 = 160675  nv = 167195  1.04058
Area    334386  0.30417  0.03383 0.072466   0.5049
Corner 1003158 60.00000  8.79633 15.255002 148.6478
Edge    501579  0.84610  0.08251 0.463732   1.2927
Hinge   501579  9.69790 10.43119 0.000014 150.8296
mris_remesh done
/out/sourcedata/freesurfer/sub-v1s21x0050411_ses-1/scripts

 mris_remove_intersection ../surf/rh.orig ../surf/rh.orig 

intersection removal took 0.00 hours
writing corrected surface to ../surf/rh.orig

 rm -f ../surf/rh.inflated 

#--------------------------------------------
#@# AutoDetGWStats rh Mon Mar  9 13:43:01 CET 2026
cd /out/sourcedata/freesurfer/sub-v1s21x0050411_ses-1/mri
mris_autodet_gwstats --o ../surf/autodet.gw.stats.rh.dat --i brain.finalsurfs.mgz --wm wm.mgz --surf ../surf/rh.orig.premesh
7.3.2

cd /out/sourcedata/freesurfer/sub-v1s21x0050411_ses-1/mri
setenv SUBJECTS_DIR /out/sourcedata/freesurfer
mris_autodet_gwstats --o ../surf/autodet.gw.stats.rh.dat --i brain.finalsurfs.mgz --wm wm.mgz --surf ../surf/rh.orig.premesh 

border white:    306710 voxels (1.83%)
border gray      353412 voxels (2.11%)
Reading in intensity volume brain.finalsurfs.mgz
Reading in wm volume wm.mgz
Reading in surf ../surf/rh.orig.premesh
Auto detecting stats
MRIclipBrightWM(): nthresh=19359, wmmin=5, clip=110 
Binarizing thresholding at 5
computing class statistics... low=30, hi=110.000000
CCS WM (97.0): 97.4 +- 8.0 [70.0 --> 110.0]
CCS GM (74.0) : 73.7 +- 10.0 [30.0 --> 110.0]
white_mean = 97.3554 +/- 7.99349, gray_mean = 73.7009 +/- 9.96111
using class modes intead of means, discounting robust sigmas....
MRIScomputeClassModes(): min=0 max=236 nbins=237
intensity peaks found at WM=102+-7.0,    GM=69+-7.0
white_mode = 102, gray_mode = 69
std_scale = 1
Applying sanity checks, max_scale_down = 0.2
setting MIN_GRAY_AT_WHITE_BORDER to 59.0 (was 70.000000)
setting MAX_BORDER_WHITE to 110.0 (was 105.000000)
setting MIN_BORDER_WHITE to 69.0 (was 85.000000)
setting MAX_CSF to 49.1 (was 40.000000)
setting MAX_GRAY to 94.0 (was 95.000000)
setting MAX_GRAY_AT_CSF_BORDER to 59.0 (was 75.000000)
setting MIN_GRAY_AT_CSF_BORDER to 39.1 (was 40.000000)
When placing the white surface
  white_border_hi   = 109.993;
  white_border_low  = 69;
  white_outside_low = 59.0389;
  white_inside_hi   = 120;
  white_outside_hi  = 109.993;
When placing the pial surface
  pial_border_hi   = 59.0389;
  pial_border_low  = 39.1167;
  pial_outside_low = 10;
  pial_inside_hi   = 94.0065;
  pial_outside_hi  = 54.0583;
#VMPC# mris_autodet_gwstats VmPeak  1414200
mris_autodet_gwstats done
#--------------------------------------------
#@# WhitePreAparc rh Mon Mar  9 13:43:04 CET 2026
cd /out/sourcedata/freesurfer/sub-v1s21x0050411_ses-1/mri
mris_place_surface --adgws-in ../surf/autodet.gw.stats.rh.dat --wm wm.mgz --threads 16 --invol brain.finalsurfs.mgz --rh --i ../surf/rh.orig --o ../surf/rh.white.preaparc --white --seg aseg.presurf.mgz --nsmooth 5
7.3.2
7.3.2

cd /out/sourcedata/freesurfer/sub-v1s21x0050411_ses-1/mri
setenv SUBJECTS_DIR /out/sourcedata/freesurfer
mris_place_surface --adgws-in ../surf/autodet.gw.stats.rh.dat --wm wm.mgz --threads 16 --invol brain.finalsurfs.mgz --rh --i ../surf/rh.orig --o ../surf/rh.white.preaparc --white --seg aseg.presurf.mgz --nsmooth 5 

Reading in input surface ../surf/rh.orig
Smoothing surface before ripping with 5 iterations
Area    334386  0.26903  0.06485 0.001107   0.5927
Corner 1003158 60.00000  9.45666 3.676071 158.2353
Edge    501579  0.79143  0.11735 0.027652   1.3225
Hinge   501579  6.40940  6.70715 0.000013 151.7249
Not reading in aparc
Reading in input volume brain.finalsurfs.mgz
Reading in wm volume wm.mgz
MRIclipBrightWM(): nthresh=19359, wmmin=5, clip=110 
MRIfindBrightNonWM(): 1256 bright non-wm voxels segmented.
Masking bright non-wm for white surface
MRImask(): AllowDiffGeom = 1
MRImask(): AllowDiffGeom = 1
Reading in seg volume aseg.presurf.mgz
Ripping frozen voxels
INFO: rip surface needed but not specified, so using input surface
Freezing midline and others
Entering: MRISripMidline(): inhibiting deformation at non-cortical midline structures...
  which=1, fix_mtl=0, using annot = 0
#FML0# MRISripMidline(): nripped=0
removing 3 vertices from ripped group in thread:0
#FML# MRISripMidline(): nmarked=6806, nmarked2=20, nripped=6806
Ripping segs (eg, WMSA, BG, frozen)
Starting MRISripSegs() d = (-2 2 0.5) segnos: 247 
MRISripSegs(): -2 2 0.5 ripped 0
vertex 83598: xyz = (51.4774,-3.63214,-1.55185) oxyz = (51.4774,-3.63214,-1.55185) wxzy = (51.4774,-3.63214,-1.55185) pxyz = (0,0,0) 
CBVO Creating mask 167195
n_averages 4
Iteration 0 =========================================
n_averages=4, current_sigma=2
Freezing midline and others
Ripping frozen voxels
INFO: rip surface needed but not specified, so using input surface
Freezing midline and others
Entering: MRISripMidline(): inhibiting deformation at non-cortical midline structures...
  which=1, fix_mtl=0, using annot = 0
#FML0# MRISripMidline(): nripped=6806
removing 3 vertices from ripped group in thread:0
#FML# MRISripMidline(): nmarked=6806, nmarked2=20, nripped=6806
Ripping segs (eg, WMSA, BG, frozen)
Starting MRISripSegs() d = (-2 2 0.5) segnos: 247 247 
MRISripSegs(): -2 2 0.5 ripped 0
Computing target border values 
Entering MRIScomputeBorderValues_new(): 
  inside_hi   = 120.0000000;
  border_hi   = 109.9934840;
  border_low  =  69.0000000;
  outside_low =  59.0388910;
  outside_hi  = 109.9934840;
  sigma = 2;
  max_thickness = 10;
  step_size=0.5;
  STEP_SIZE=0.1;
  which = 1
  thresh = 0
  flags = 0
  CBVfindFirstPeakD1=0
  CBVfindFirstPeakD2=0
  nvertices=167195
  Gdiag_no=-1
  vno start=0, stop=167195
Replacing 255s with 0s
#SI# sigma=2 had to be increased for 191 vertices, nripped=6806
mean border=81.5, 102 (102) missing vertices, mean dist 0.3 [0.5 (%37.4)->0.8 (%62.6))]
%75 local maxima, %20 large gradients and % 0 min vals, 0 gradients ignored
nFirstPeakD1 0
MRIScomputeBorderValues_new() finished in 0.0166 min


Finding expansion regions
mean absolute distance = 0.68 +- 0.86
5826 vertices more than 2 sigmas from mean.
Averaging target values for 5 iterations...
Positioning Surface: tspring = 0.3, nspring = 0.3, spring = 0, niters = 100 l_repulse = 5, l_surf_repulse = 0, checktol = 0
Positioning pial surface
Entering MRISpositionSurface()
  max_mm = 0.3
  MAX_REDUCTIONS = 2, REDUCTION_PCT = 0.5
  parms->check_tol = 0, niterations = 100
tol=1.0e-04, sigma=2.0, host=dna06, nav=4, nbrs=2, l_repulse=5.000, l_tspring=0.300, l_nspring=0.300, l_intensity=0.200, l_curv=1.000
mom=0.00, dt=0.50
complete_dist_mat 0
rms 0
smooth_averages 0
remove_neg 0
ico_order 0
which_surface 0
target_radius 0.000000
nfields 0
scale 0.000000
desired_rms_height 0.000000
momentum 0.000000
nbhd_size 0
max_nbrs 0
niterations 100
nsurfaces 0
SURFACES 3
flags 0 (0)
use curv 0
no sulc 0
no rigid align 0
mris->nsize 2
mris->hemisphere 1
randomSeed 0

000: dt: 0.0000, sse=2961258.5, rms=9.303
001: dt: 0.5000, sse=1581748.1, rms=6.607 (28.977%)
002: dt: 0.5000, sse=1003006.5, rms=5.065 (23.343%)
003: dt: 0.5000, sse=737504.2, rms=4.161 (17.835%)
004: dt: 0.5000, sse=602092.5, rms=3.607 (13.315%)
005: dt: 0.5000, sse=530202.6, rms=3.281 (9.039%)
006: dt: 0.5000, sse=496178.2, rms=3.093 (5.750%)
007: dt: 0.5000, sse=476136.6, rms=2.974 (3.841%)
008: dt: 0.5000, sse=467183.9, rms=2.919 (1.839%)
rms = 2.8894/2.9190, sse=465340.3/467184.0, time step reduction 1 of 3 to 0.250  0 0 1
009: dt: 0.5000, sse=465340.3, rms=2.889 (1.017%)
010: dt: 0.2500, sse=283947.9, rms=1.677 (41.961%)
011: dt: 0.2500, sse=262097.1, rms=1.446 (13.795%)
012: dt: 0.2500, sse=256532.1, rms=1.387 (4.060%)
rms = 1.3574/1.3869, sse=255453.4/256532.1, time step reduction 2 of 3 to 0.125  0 0 1
013: dt: 0.2500, sse=255453.4, rms=1.357 (2.126%)
rms = 1.3195/1.3574, sse=252426.9/255453.4, time step reduction 3 of 3 to 0.062  0 0 1
014: dt: 0.1250, sse=252426.9, rms=1.320 (2.791%)
  maximum number of reductions reached, breaking from loop
positioning took 1.5 minutes
Iteration 1 =========================================
n_averages=2, current_sigma=1
Freezing midline and others
Ripping frozen voxels
INFO: rip surface needed but not specified, so using input surface
Freezing midline and others
Entering: MRISripMidline(): inhibiting deformation at non-cortical midline structures...
  which=1, fix_mtl=0, using annot = 0
#FML0# MRISripMidline(): nripped=6806
removing 4 vertices from ripped group in thread:0
removing 3 vertices from ripped group in thread:0
removing 2 vertices from ripped group in thread:0
removing 4 vertices from ripped group in thread:0
removing 4 vertices from ripped group in thread:0
removing 4 vertices from ripped group in thread:0
#FML# MRISripMidline(): nmarked=6880, nmarked2=26, nripped=6880
Ripping segs (eg, WMSA, BG, frozen)
Starting MRISripSegs() d = (-2 2 0.5) segnos: 247 247 247 
MRISripSegs(): -2 2 0.5 ripped 0
Computing target border values 
Entering MRIScomputeBorderValues_new(): 
  inside_hi   = 120.0000000;
  border_hi   = 109.9934840;
  border_low  =  69.0000000;
  outside_low =  59.0388910;
  outside_hi  = 109.9934840;
  sigma = 1;
  max_thickness = 10;
  step_size=0.5;
  STEP_SIZE=0.1;
  which = 1
  thresh = 0
  flags = 0
  CBVfindFirstPeakD1=0
  CBVfindFirstPeakD2=0
  nvertices=167195
  Gdiag_no=-1
  vno start=0, stop=167195
Replacing 255s with 0s
#SI# sigma=1 had to be increased for 242 vertices, nripped=6880
mean border=83.5, 120 (10) missing vertices, mean dist -0.2 [0.4 (%66.0)->0.3 (%34.0))]
%80 local maxima, %16 large gradients and % 0 min vals, 0 gradients ignored
nFirstPeakD1 0
MRIScomputeBorderValues_new() finished in 0.0115 min


Finding expansion regions
mean absolute distance = 0.35 +- 0.62
4970 vertices more than 2 sigmas from mean.
Averaging target values for 5 iterations...
Positioning Surface: tspring = 0.3, nspring = 0.3, spring = 0, niters = 100 l_repulse = 5, l_surf_repulse = 0, checktol = 0
Positioning pial surface
Entering MRISpositionSurface()
  max_mm = 0.3
  MAX_REDUCTIONS = 2, REDUCTION_PCT = 0.5
  parms->check_tol = 0, niterations = 100
tol=1.0e-04, sigma=1.0, host=dna06, nav=2, nbrs=2, l_repulse=5.000, l_tspring=0.300, l_nspring=0.300, l_intensity=0.200, l_curv=1.000
mom=0.00, dt=0.50
000: dt: 0.0000, sse=711755.9, rms=3.776
015: dt: 0.5000, sse=463229.2, rms=2.502 (33.757%)
016: dt: 0.5000, sse=444185.8, rms=2.398 (4.129%)
rms = 2.4242/2.3983, sse=447908.8/444185.8, time step reduction 1 of 3 to 0.250  0 1 1
   RMS increased, rejecting step
017: dt: 0.2500, sse=353254.3, rms=1.735 (27.670%)
018: dt: 0.2500, sse=320122.9, rms=1.363 (21.429%)
rms = 1.2698/1.3630, sse=321787.0/320122.9, time step reduction 2 of 3 to 0.125  0 1 0
019: dt: 0.2500, sse=321787.0, rms=1.270 (6.838%)
020: dt: 0.1250, sse=316454.5, rms=1.218 (4.109%)
rms = 1.1979/1.2176, sse=304875.6/316454.5, time step reduction 3 of 3 to 0.062  0 0 1
021: dt: 0.1250, sse=304875.6, rms=1.198 (1.616%)
  maximum number of reductions reached, breaking from loop
positioning took 0.8 minutes
Iteration 2 =========================================
n_averages=1, current_sigma=0.5
Freezing midline and others
Ripping frozen voxels
INFO: rip surface needed but not specified, so using input surface
Freezing midline and others
Entering: MRISripMidline(): inhibiting deformation at non-cortical midline structures...
  which=1, fix_mtl=0, using annot = 0
#FML0# MRISripMidline(): nripped=6880
removing 2 vertices from ripped group in thread:0
removing 3 vertices from ripped group in thread:0
removing 3 vertices from ripped group in thread:0
removing 2 vertices from ripped group in thread:0
removing 4 vertices from ripped group in thread:0
removing 4 vertices from ripped group in thread:0
removing 4 vertices from ripped group in thread:0
removing 4 vertices from ripped group in thread:0
#FML# MRISripMidline(): nmarked=6944, nmarked2=26, nripped=6944
Ripping segs (eg, WMSA, BG, frozen)
Starting MRISripSegs() d = (-2 2 0.5) segnos: 247 247 247 247 
MRISripSegs(): -2 2 0.5 ripped 0
Computing target border values 
Entering MRIScomputeBorderValues_new(): 
  inside_hi   = 120.0000000;
  border_hi   = 109.9934840;
  border_low  =  69.0000000;
  outside_low =  59.0388910;
  outside_hi  = 109.9934840;
  sigma = 0.5;
  max_thickness = 10;
  step_size=0.5;
  STEP_SIZE=0.1;
  which = 1
  thresh = 0
  flags = 0
  CBVfindFirstPeakD1=0
  CBVfindFirstPeakD2=0
  nvertices=167195
  Gdiag_no=-1
  vno start=0, stop=167195
Replacing 255s with 0s
#SI# sigma=0.5 had to be increased for 364 vertices, nripped=6944
mean border=84.8, 141 (2) missing vertices, mean dist -0.1 [0.3 (%61.3)->0.3 (%38.7))]
%83 local maxima, %12 large gradients and % 0 min vals, 0 gradients ignored
nFirstPeakD1 0
MRIScomputeBorderValues_new() finished in 0.0067 min


Finding expansion regions
mean absolute distance = 0.30 +- 0.50
4702 vertices more than 2 sigmas from mean.
Averaging target values for 5 iterations...
Positioning Surface: tspring = 0.3, nspring = 0.3, spring = 0, niters = 100 l_repulse = 5, l_surf_repulse = 0, checktol = 0
Positioning pial surface
Entering MRISpositionSurface()
  max_mm = 0.3
  MAX_REDUCTIONS = 2, REDUCTION_PCT = 0.5
  parms->check_tol = 0, niterations = 100
tol=1.0e-04, sigma=0.5, host=dna06, nav=1, nbrs=2, l_repulse=5.000, l_tspring=0.300, l_nspring=0.300, l_intensity=0.200, l_curv=1.000
mom=0.00, dt=0.50
000: dt: 0.0000, sse=447029.2, rms=2.432
022: dt: 0.5000, sse=405330.5, rms=2.025 (16.735%)
rms = 2.1220/2.0254, sse=414941.1/405330.5, time step reduction 1 of 3 to 0.250  0 1 1
   RMS increased, rejecting step
023: dt: 0.2500, sse=340588.2, rms=1.476 (27.147%)
024: dt: 0.2500, sse=308029.3, rms=1.210 (18.013%)
025: dt: 0.2500, sse=301506.3, rms=1.149 (5.029%)
rms = 1.1247/1.1489, sse=305230.7/301506.3, time step reduction 2 of 3 to 0.125  0 1 1
026: dt: 0.2500, sse=305230.7, rms=1.125 (2.104%)
rms = 1.0788/1.1247, sse=299165.3/305230.7, time step reduction 3 of 3 to 0.062  0 0 1
027: dt: 0.1250, sse=299165.2, rms=1.079 (4.088%)
  maximum number of reductions reached, breaking from loop
positioning took 0.7 minutes
Iteration 3 =========================================
n_averages=0, current_sigma=0.25
Freezing midline and others
Ripping frozen voxels
INFO: rip surface needed but not specified, so using input surface
Freezing midline and others
Entering: MRISripMidline(): inhibiting deformation at non-cortical midline structures...
  which=1, fix_mtl=0, using annot = 0
#FML0# MRISripMidline(): nripped=6944
removing 2 vertices from ripped group in thread:0
removing 3 vertices from ripped group in thread:0
removing 3 vertices from ripped group in thread:0
removing 2 vertices from ripped group in thread:0
removing 2 vertices from ripped group in thread:0
removing 4 vertices from ripped group in thread:0
removing 4 vertices from ripped group in thread:0
#FML# MRISripMidline(): nmarked=6972, nmarked2=26, nripped=6972
Ripping segs (eg, WMSA, BG, frozen)
Starting MRISripSegs() d = (-2 2 0.5) segnos: 247 247 247 247 247 
MRISripSegs(): -2 2 0.5 ripped 0
Computing target border values 
Entering MRIScomputeBorderValues_new(): 
  inside_hi   = 120.0000000;
  border_hi   = 109.9934840;
  border_low  =  69.0000000;
  outside_low =  59.0388910;
  outside_hi  = 109.9934840;
  sigma = 0.25;
  max_thickness = 10;
  step_size=0.5;
  STEP_SIZE=0.1;
  which = 1
  thresh = 0
  flags = 0
  CBVfindFirstPeakD1=0
  CBVfindFirstPeakD2=0
  nvertices=167195
  Gdiag_no=-1
  vno start=0, stop=167195
Replacing 255s with 0s
#SI# sigma=0.25 had to be increased for 346 vertices, nripped=6972
mean border=85.4, 180 (2) missing vertices, mean dist -0.0 [0.3 (%54.0)->0.3 (%46.0))]
%86 local maxima, %10 large gradients and % 0 min vals, 0 gradients ignored
nFirstPeakD1 0
MRIScomputeBorderValues_new() finished in 0.0045 min


Finding expansion regions
mean absolute distance = 0.28 +- 0.43
4743 vertices more than 2 sigmas from mean.
Averaging target values for 5 iterations...
Positioning Surface: tspring = 0.3, nspring = 0.3, spring = 0, niters = 100 l_repulse = 5, l_surf_repulse = 0, checktol = 0
Positioning pial surface
Entering MRISpositionSurface()
  max_mm = 0.3
  MAX_REDUCTIONS = 2, REDUCTION_PCT = 0.5
  parms->check_tol = 0, niterations = 100
tol=1.0e-04, sigma=0.2, host=dna06, nav=0, nbrs=2, l_repulse=5.000, l_tspring=0.300, l_nspring=0.300, l_intensity=0.200, l_curv=1.000
mom=0.00, dt=0.50
000: dt: 0.0000, sse=339572.2, rms=1.571
028: dt: 0.5000, sse=332700.6, rms=1.447 (7.900%)
rms = 1.7411/1.4466, sse=352097.3/332700.6, time step reduction 1 of 3 to 0.250  0 1 1
   RMS increased, rejecting step
029: dt: 0.2500, sse=293847.6, rms=1.034 (28.515%)
030: dt: 0.2500, sse=287758.6, rms=0.968 (6.405%)
031: dt: 0.2500, sse=283359.7, rms=0.904 (6.605%)
rms = 0.9358/0.9039, sse=281863.3/283359.7, time step reduction 2 of 3 to 0.125  0 0 1
   RMS increased, rejecting step
rms = 0.8726/0.9039, sse=280211.5/283359.7, time step reduction 3 of 3 to 0.062  0 0 1
032: dt: 0.1250, sse=280211.5, rms=0.873 (3.462%)
  maximum number of reductions reached, breaking from loop
positioning took 0.7 minutes


Writing output to ../surf/rh.white.preaparc
#ET# mris_place_surface  3.93 minutes
#VMPC# mris_place_surfaces VmPeak  3408828
mris_place_surface done
#--------------------------------------------
#@# CortexLabel rh Mon Mar  9 13:47:06 CET 2026
cd /out/sourcedata/freesurfer/sub-v1s21x0050411_ses-1/mri
mri_label2label --label-cortex ../surf/rh.white.preaparc aseg.presurf.mgz 0 ../label/rh.cortex.label

 Generating cortex label... RemoveHipAmgy=0
 NucAccIsMedialWall=0
 mris->useRealRAS=0
9 non-cortical segments detected
only using segment with 8380 vertices
erasing segment 1 (vno[0] = 49764)
erasing segment 2 (vno[0] = 58481)
erasing segment 3 (vno[0] = 76578)
erasing segment 4 (vno[0] = 88732)
erasing segment 5 (vno[0] = 88804)
erasing segment 6 (vno[0] = 105075)
erasing segment 7 (vno[0] = 158241)
erasing segment 8 (vno[0] = 160370)
#--------------------------------------------
#@# CortexLabel+HipAmyg rh Mon Mar  9 13:47:25 CET 2026
cd /out/sourcedata/freesurfer/sub-v1s21x0050411_ses-1/mri
mri_label2label --label-cortex ../surf/rh.white.preaparc aseg.presurf.mgz 1 ../label/rh.cortex+hipamyg.label

 Generating cortex label... RemoveHipAmgy=1
 NucAccIsMedialWall=0
 mris->useRealRAS=0
13 non-cortical segments detected
only using segment with 5982 vertices
erasing segment 1 (vno[0] = 43149)
erasing segment 2 (vno[0] = 44227)
erasing segment 3 (vno[0] = 45508)
erasing segment 4 (vno[0] = 46692)
erasing segment 5 (vno[0] = 49764)
erasing segment 6 (vno[0] = 58481)
erasing segment 7 (vno[0] = 88732)
erasing segment 8 (vno[0] = 88745)
erasing segment 9 (vno[0] = 105075)
erasing segment 10 (vno[0] = 136565)
erasing segment 11 (vno[0] = 158241)
erasing segment 12 (vno[0] = 160370)
#--------------------------------------------
#@# Smooth2 rh Mon Mar  9 13:47:44 CET 2026
/out/sourcedata/freesurfer/sub-v1s21x0050411_ses-1/scripts

 mris_smooth -n 3 -nw -seed 1234 ../surf/rh.white.preaparc ../surf/rh.smoothwm 

smoothing for 3 iterations
setting seed for random number generator to 1234
smoothing surface tessellation for 3 iterations...
smoothing complete - recomputing first and second fundamental forms...
#--------------------------------------------
#@# Inflation2 rh Mon Mar  9 13:47:48 CET 2026
/out/sourcedata/freesurfer/sub-v1s21x0050411_ses-1/scripts

 mris_inflate ../surf/rh.smoothwm ../surf/rh.inflated 

Reading ../surf/rh.smoothwm
avg radius = 49.4 mm, total surface area = 104033 mm^2
step 000: RMS=0.173 (target=0.015)   step 005: RMS=0.116 (target=0.015)   step 010: RMS=0.091 (target=0.015)   step 015: RMS=0.075 (target=0.015)   step 020: RMS=0.063 (target=0.015)   step 025: RMS=0.054 (target=0.015)   step 030: RMS=0.045 (target=0.015)   step 035: RMS=0.039 (target=0.015)   step 040: RMS=0.034 (target=0.015)   step 045: RMS=0.030 (target=0.015)   step 050: RMS=0.027 (target=0.015)   step 055: RMS=0.025 (target=0.015)   step 060: RMS=0.024 (target=0.015)   writing inflated surface to ../surf/rh.inflated
writing sulcal depths to ../surf/rh.sulc

inflation complete.
inflation took 0.3 minutes
mris_inflate utimesec    77.354902
mris_inflate stimesec    2.131233
mris_inflate ru_maxrss   254780
mris_inflate ru_ixrss    0
mris_inflate ru_idrss    0
mris_inflate ru_isrss    0
mris_inflate ru_minflt   600388
mris_inflate ru_majflt   0
mris_inflate ru_nswap    0
mris_inflate ru_inblock  0
mris_inflate ru_oublock  13072
mris_inflate ru_msgsnd   0
mris_inflate ru_msgrcv   0
mris_inflate ru_nsignals 0
mris_inflate ru_nvcsw    10097
mris_inflate ru_nivcsw   367
#--------------------------------------------
#@# Curv .H and .K rh Mon Mar  9 13:48:05 CET 2026
/out/sourcedata/freesurfer/sub-v1s21x0050411_ses-1/surf

 mris_curvature -w -seed 1234 rh.white.preaparc 

setting seed for random number generator to 1234
total integrated curvature = 41.720*4pi (524.272) --> -41 handles
ICI = 228.2, FI = 1902.6, variation=30989.045
writing Gaussian curvature to ./rh.white.preaparc.K...done.
writing mean curvature to ./rh.white.preaparc.H...done.
rm -f rh.white.H
ln -s rh.white.preaparc.H rh.white.H
rm -f rh.white.K
ln -s rh.white.preaparc.K rh.white.K

 mris_curvature -seed 1234 -thresh .999 -n -a 5 -w -distances 10 10 rh.inflated 

setting seed for random number generator to 1234
normalizing curvature values.
averaging curvature patterns 5 times.
sampling 10 neighbors out to a distance of 10 mm
236 vertices thresholded to be in k1 ~ [-0.91 0.50], k2 ~ [-0.16 0.14]
total integrated curvature = 0.023*4pi (0.292) --> 1 handles
ICI = 1.6, FI = 17.1, variation=267.787
193 vertices thresholded to be in [-0.04 0.05]
writing Gaussian curvature to ./rh.inflated.K...thresholding curvature at 99.90% level
curvature mean = 0.000, std = 0.002
161 vertices thresholded to be in [-0.36 0.25]
done.
writing mean curvature to ./rh.inflated.H...curvature mean = -0.016, std = 0.031
done.
#--------------------------------------------
#@# Sphere rh Mon Mar  9 13:49:01 CET 2026
/out/sourcedata/freesurfer/sub-v1s21x0050411_ses-1/scripts

 mris_sphere -seed 1234 ../surf/rh.inflated ../surf/rh.sphere 

setting seed for random number genererator to 1234
version: 7.3.2
available threads: 16
reading original vertex positions...
projecting onto sphere...
surface projected - minimizing metric distortion...
scaling brain by 0.265...
MRISunfold() max_passes = 1 -------
tol=5.0e-01, sigma=0.0, host=dna06, nav=1024, nbrs=2, l_area=1.000, l_dist=1.000
using quadratic fit line minimization
complete_dist_mat 0
rms 0
smooth_averages 0
remove_neg 0
ico_order 0
which_surface 0
target_radius 0.000000
nfields 0
scale 1.000000
desired_rms_height -1.000000
momentum 0.900000
nbhd_size 7
max_nbrs 8
niterations 25
nsurfaces 0
SURFACES 3
flags 0 (0)
use curv 0
no sulc 0
no rigid align 0
mris->nsize 2
mris->hemisphere 1
randomSeed 1234

singular matrix in quadratic form
--------------------
  mrisRemoveNegativeArea()
pass 1: epoch 1 of 3 starting distance error %20.98
pass 1: epoch 2 of 3 starting distance error %20.89
unfolding complete - removing small folds...
starting distance error %20.77
removing remaining folds...
final distance error %20.81
MRISunfold() return, current seed 1234
-01: dt=0.0000,  40 negative triangles  VmPeak 1649164
175: dt=0.9900,  40 negative triangles
176: dt=0.9900,  20 negative triangles
177: dt=0.9900,  10 negative triangles
178: dt=0.9900,   6 negative triangles
179: dt=0.9900,   6 negative triangles
180: dt=0.9900,   2 negative triangles
181: dt=0.9900,   1 negative triangles
182: dt=0.9900,   2 negative triangles
183: dt=0.9900,   1 negative triangles
writing spherical brain to ../surf/rh.sphere
spherical transformation took 0.0764 hours
FSRUNTIME@ mris_sphere  0.0764 hours 16 threads
#VMPC# mris_sphere VmPeak  1649164
mris_sphere done
#--------------------------------------------
#@# Surf Reg rh Mon Mar  9 13:53:36 CET 2026
/out/sourcedata/freesurfer/sub-v1s21x0050411_ses-1/scripts

 mris_register -curv ../surf/rh.sphere /opt/freesurfer/average/rh.folding.atlas.acfb40.noaparc.i12.2016-08-02.tif ../surf/rh.sphere.reg 

using smoothwm curvature for final alignment

cwd /out/sourcedata/freesurfer/sub-v1s21x0050411_ses-1/scripts
cmdline mris_register -curv ../surf/rh.sphere /opt/freesurfer/average/rh.folding.atlas.acfb40.noaparc.i12.2016-08-02.tif ../surf/rh.sphere.reg 

0 inflated.H
1 sulc
2 smoothwm (computed)
7.3.2
  7.3.2
reading surface from ../surf/rh.sphere...
reading template parameterization from /opt/freesurfer/average/rh.folding.atlas.acfb40.noaparc.i12.2016-08-02.tif...
MRISregister() -------
max_passes = 4 
min_degrees = 0.500000 
max_degrees = 64.000000 
nangles = 8 
tol=5.0e-01, sigma=0.0, host=dna06, nav=1024, nbrs=1, l_extern=10000.000, l_parea=0.200, l_nlarea=1.000, l_corr=1.000, l_dist=5.000
using quadratic fit line minimization
complete_dist_mat 0
rms 0
smooth_averages 0
remove_neg 0
ico_order 0
which_surface 0
target_radius 0.000000
nfields 0
scale 0.000000
desired_rms_height -1.000000
momentum 0.950000
nbhd_size -10
max_nbrs 10
niterations 25
nsurfaces 0
SURFACES 3
flags 16 (10)
use curv 16
no sulc 0
no rigid align 0
mris->nsize 1
mris->hemisphere 1
randomSeed 0

tol=5.0e-01, sigma=0.0, host=dna06, nav=1024, nbrs=1, l_extern=10000.000, l_parea=0.200, l_nlarea=1.000, l_corr=1.000, l_dist=5.000
using quadratic fit line minimization
--------------------
1 Reading rh.sulc
tol=1.0e+00, sigma=0.5, host=dna06, nav=1024, nbrs=1, l_extern=10000.000, l_parea=0.200, l_nlarea=1.000, l_corr=0.050, l_spring=0.500, l_dist=5.000
using quadratic fit line minimization
curvature mean = -0.000, std = 5.738
curvature mean = 0.047, std = 0.813
curvature mean = 0.006, std = 0.846
Starting MRISrigidBodyAlignGlobal()
Starting new MRISrigidBodyAlignGlobal_findMinSSE()
  new MRISrigidBodyAlignGlobal_findMinSSE min @ (3.00, -5.00, 23.00) sse = 356439.0, elapsed since starting=0.1214 min
MRISrigidBodyAlignGlobal() done   0.12 min
curvature mean = 0.021, std = 0.810
curvature mean = 0.001, std = 0.939
curvature mean = 0.014, std = 0.816
curvature mean = 0.000, std = 0.975
curvature mean = 0.012, std = 0.815
curvature mean = -0.000, std = 0.990
2 Reading smoothwm
curvature mean = -0.022, std = 0.261
curvature mean = 0.038, std = 0.234
curvature mean = 0.049, std = 0.354
curvature mean = 0.029, std = 0.292
curvature mean = 0.041, std = 0.535
curvature mean = 0.028, std = 0.318
curvature mean = 0.024, std = 0.683
curvature mean = 0.028, std = 0.330
curvature mean = 0.008, std = 0.795
MRISregister() return, current seed 0
-01: dt=0.0000,  21 negative triangles  VmPeak 1642248
131: dt=0.9900,  21 negative triangles
132: dt=0.9900,  14 negative triangles
133: dt=0.9900,  18 negative triangles
134: dt=0.9900,  13 negative triangles
135: dt=0.9900,  14 negative triangles
136: dt=0.9900,  17 negative triangles
137: dt=0.9900,  14 negative triangles
138: dt=0.9900,   8 negative triangles
139: dt=0.9900,  16 negative triangles
140: dt=0.9900,  10 negative triangles
141: dt=0.9900,  12 negative triangles
142: dt=0.9900,   7 negative triangles
143: dt=0.9900,   7 negative triangles
144: dt=0.9900,   7 negative triangles
145: dt=0.9900,   6 negative triangles
146: dt=0.9900,   5 negative triangles
147: dt=0.9900,   6 negative triangles
148: dt=0.9900,   4 negative triangles
149: dt=0.9900,   5 negative triangles
150: dt=0.9900,   4 negative triangles
151: dt=0.9900,   7 negative triangles
152: dt=0.9900,   2 negative triangles
153: dt=0.9900,   6 negative triangles
154: dt=0.9900,   3 negative triangles
155: dt=0.9900,   2 negative triangles
156: dt=0.9900,   2 negative triangles
157: dt=0.9900,   4 negative triangles
158: dt=0.9900,   2 negative triangles
159: dt=0.9900,   1 negative triangles
160: dt=0.9900,   1 negative triangles
161: dt=0.9900,   1 negative triangles
162: dt=0.9900,   1 negative triangles
writing registered surface to ../surf/rh.sphere.reg...
registration took 0.10 hours
#VMPC# mris_register VmPeak  1642248
FSRUNTIME@ mris_register  0.0989 hours 16 threads

 ln -sf rh.sphere.reg rh.fsaverage.sphere.reg 

#--------------------------------------------
#@# Jacobian white rh Mon Mar  9 13:59:32 CET 2026
/out/sourcedata/freesurfer/sub-v1s21x0050411_ses-1/scripts

 mris_jacobian ../surf/rh.white.preaparc ../surf/rh.sphere.reg ../surf/rh.jacobian_white 

reading surface from ../surf/rh.white.preaparc...
writing curvature file ../surf/rh.jacobian_white
#--------------------------------------------
#@# AvgCurv rh Mon Mar  9 13:59:33 CET 2026
/out/sourcedata/freesurfer/sub-v1s21x0050411_ses-1/scripts

 mrisp_paint -a 5 /opt/freesurfer/average/rh.folding.atlas.acfb40.noaparc.i12.2016-08-02.tif#6 ../surf/rh.sphere.reg ../surf/rh.avg_curv 

averaging curvature patterns 5 times...
reading surface from ../surf/rh.sphere.reg...
reading template parameterization from /opt/freesurfer/average/rh.folding.atlas.acfb40.noaparc.i12.2016-08-02.tif...
writing curvature file to ../surf/rh.avg_curv...
#-----------------------------------------
#@# Cortical Parc rh Mon Mar  9 13:59:34 CET 2026
/out/sourcedata/freesurfer/sub-v1s21x0050411_ses-1/scripts

 mris_ca_label -l ../label/rh.cortex.label -aseg ../mri/aseg.presurf.mgz -seed 1234 sub-v1s21x0050411_ses-1 rh ../surf/rh.sphere.reg /opt/freesurfer/average/rh.DKaparc.atlas.acfb40.noaparc.i12.2016-08-02.gcs ../label/rh.aparc.annot 

setting seed for random number generator to 1234
using ../mri/aseg.presurf.mgz aseg volume to correct midline
7.3.2
  7.3.2
reading atlas from /opt/freesurfer/average/rh.DKaparc.atlas.acfb40.noaparc.i12.2016-08-02.gcs...
reading color table from GCSA file....
average std = 0.7   using min determinant for regularization = 0.004
0 singular and 309 ill-conditioned covariance matrices regularized
input 0: MEAN CURVATURE, flags 0, avgs 5, name mean_curvature
labeling surface...
1071 labels changed using aseg
relabeling using gibbs priors...
000:   3418 changed, 167195 examined...
001:    784 changed, 14348 examined...
002:    208 changed, 4484 examined...
003:     75 changed, 1282 examined...
004:     28 changed, 465 examined...
005:     20 changed, 175 examined...
006:      8 changed, 106 examined...
007:      8 changed, 52 examined...
008:      2 changed, 50 examined...
009:      1 changed, 11 examined...
010:      0 changed, 7 examined...
179 labels changed using aseg
000: 97 total segments, 56 labels (265 vertices) changed
001: 41 total segments, 0 labels (0 vertices) changed
10 filter iterations complete (10 requested, 5 changed)
rationalizing unknown annotations with cortex label
relabeling unknown label...
relabeling corpuscallosum label...
1826 vertices marked for relabeling...
1826 labels changed in reclassification.
writing output to ../label/rh.aparc.annot...
classification took 0 minutes and 11 seconds.
#--------------------------------------------
#@# WhiteSurfs rh Mon Mar  9 13:59:45 CET 2026
cd /out/sourcedata/freesurfer/sub-v1s21x0050411_ses-1/mri
mris_place_surface --adgws-in ../surf/autodet.gw.stats.rh.dat --seg aseg.presurf.mgz --threads 16 --wm wm.mgz --invol brain.finalsurfs.mgz --rh --i ../surf/rh.white.preaparc --o ../surf/rh.white --white --nsmooth 0 --rip-label ../label/rh.cortex.label --rip-bg --rip-surf ../surf/rh.white.preaparc --aparc ../label/rh.aparc.annot
7.3.2
7.3.2

cd /out/sourcedata/freesurfer/sub-v1s21x0050411_ses-1/mri
setenv SUBJECTS_DIR /out/sourcedata/freesurfer
mris_place_surface --adgws-in ../surf/autodet.gw.stats.rh.dat --seg aseg.presurf.mgz --threads 16 --wm wm.mgz --invol brain.finalsurfs.mgz --rh --i ../surf/rh.white.preaparc --o ../surf/rh.white --white --nsmooth 0 --rip-label ../label/rh.cortex.label --rip-bg --rip-surf ../surf/rh.white.preaparc --aparc ../label/rh.aparc.annot 

Reading in input surface ../surf/rh.white.preaparc
Not smoothing input surface
Area    334386  0.34505  0.12197 0.000275   2.3333
Corner 1003158 60.00000 13.73494 0.455008 178.4901
Edge    501579  0.90401  0.20097 0.019019   3.0121
Hinge   501579 10.51854 12.22434 0.000013 179.9623
Reading in aparc ../label/rh.aparc.annot
Reading in input volume brain.finalsurfs.mgz
Reading in wm volume wm.mgz
MRIclipBrightWM(): nthresh=19359, wmmin=5, clip=110 
MRIfindBrightNonWM(): 1256 bright non-wm voxels segmented.
Masking bright non-wm for white surface
MRImask(): AllowDiffGeom = 1
MRImask(): AllowDiffGeom = 1
Reading in seg volume aseg.presurf.mgz
Ripping frozen voxels
Ripping vertices not in label ../label/rh.cortex.label
MRISripNotLabel() ripped 8600/167195 vertices (158595 unripped)
Reading in ripping surface ../surf/rh.white.preaparc
Reading in aparc ../label/rh.aparc.annot for ripsurf
Ripping BG
MRISripBasalGanglia(): 1 -2 2 0.5 ripped 266
Ripping segs (eg, WMSA, BG, frozen)
Starting MRISripSegs() d = (-2 2 0.5) segnos: 247 
MRISripSegs(): -2 2 0.5 ripped 0
vertex 83598: xyz = (51.5164,-3.59624,-1.52473) oxyz = (51.5164,-3.59624,-1.52473) wxzy = (51.5164,-3.59624,-1.52473) pxyz = (0,0,0) 
CBVO Creating mask 167195
n_averages 4
Iteration 0 =========================================
n_averages=4, current_sigma=2
Computing target border values 
Entering MRIScomputeBorderValues_new(): 
  inside_hi   = 120.0000000;
  border_hi   = 109.9934840;
  border_low  =  69.0000000;
  outside_low =  59.0388910;
  outside_hi  = 109.9934840;
  sigma = 2;
  max_thickness = 10;
  step_size=0.5;
  STEP_SIZE=0.1;
  which = 1
  thresh = 0
  flags = 0
  CBVfindFirstPeakD1=0
  CBVfindFirstPeakD2=0
  nvertices=167195
  Gdiag_no=-1
  vno start=0, stop=167195
Replacing 255s with 0s
#SI# sigma=2 had to be increased for 264 vertices, nripped=8866
mean border=81.0, 142 (142) missing vertices, mean dist 0.3 [0.6 (%21.5)->0.5 (%78.5))]
%71 local maxima, %24 large gradients and % 0 min vals, 0 gradients ignored
nFirstPeakD1 0
MRIScomputeBorderValues_new() finished in 0.0152 min


Finding expansion regions
mean absolute distance = 0.55 +- 0.86
4096 vertices more than 2 sigmas from mean.
Averaging target values for 5 iterations...
Positioning Surface: tspring = 0.3, nspring = 0.3, spring = 0, niters = 100 l_repulse = 5, l_surf_repulse = 0, checktol = 0
Positioning pial surface
Entering MRISpositionSurface()
  max_mm = 0.3
  MAX_REDUCTIONS = 2, REDUCTION_PCT = 0.5
  parms->check_tol = 0, niterations = 100
tol=1.0e-04, sigma=2.0, host=dna06, nav=4, nbrs=2, l_repulse=5.000, l_tspring=0.300, l_nspring=0.300, l_intensity=0.200, l_curv=1.000
mom=0.00, dt=0.50
complete_dist_mat 0
rms 0
smooth_averages 0
remove_neg 0
ico_order 0
which_surface 0
target_radius 0.000000
nfields 0
scale 0.000000
desired_rms_height 0.000000
momentum 0.000000
nbhd_size 0
max_nbrs 0
niterations 100
nsurfaces 0
SURFACES 3
flags 0 (0)
use curv 0
no sulc 0
no rigid align 0
mris->nsize 2
mris->hemisphere 1
randomSeed 0

000: dt: 0.0000, sse=1504821.6, rms=6.295
001: dt: 0.5000, sse=714088.8, rms=3.825 (39.238%)
002: dt: 0.5000, sse=527679.2, rms=2.961 (22.591%)
003: dt: 0.5000, sse=485079.2, rms=2.735 (7.631%)
004: dt: 0.5000, sse=467566.1, rms=2.622 (4.126%)
rms = 2.6475/2.6220, sse=473499.4/467566.1, time step reduction 1 of 3 to 0.250  0 1 1
   RMS increased, rejecting step
005: dt: 0.2500, sse=367533.1, rms=1.917 (26.894%)
006: dt: 0.2500, sse=328652.8, rms=1.554 (18.933%)
007: dt: 0.2500, sse=322201.3, rms=1.458 (6.145%)
rms = 1.4183/1.4584, sse=318567.4/322201.3, time step reduction 2 of 3 to 0.125  0 0 1
008: dt: 0.2500, sse=318567.4, rms=1.418 (2.752%)
rms = 1.3768/1.4183, sse=315259.1/318567.4, time step reduction 3 of 3 to 0.062  0 0 1
009: dt: 0.1250, sse=315259.1, rms=1.377 (2.927%)
  maximum number of reductions reached, breaking from loop
positioning took 1.1 minutes
Iteration 1 =========================================
n_averages=2, current_sigma=1
Computing target border values 
Entering MRIScomputeBorderValues_new(): 
  inside_hi   = 120.0000000;
  border_hi   = 109.9934840;
  border_low  =  69.0000000;
  outside_low =  59.0388910;
  outside_hi  = 109.9934840;
  sigma = 1;
  max_thickness = 10;
  step_size=0.5;
  STEP_SIZE=0.1;
  which = 1
  thresh = 0
  flags = 0
  CBVfindFirstPeakD1=0
  CBVfindFirstPeakD2=0
  nvertices=167195
  Gdiag_no=-1
  vno start=0, stop=167195
Replacing 255s with 0s
#SI# sigma=1 had to be increased for 303 vertices, nripped=8866
mean border=83.2, 127 (18) missing vertices, mean dist -0.2 [0.4 (%67.3)->0.3 (%32.7))]
%78 local maxima, %16 large gradients and % 0 min vals, 0 gradients ignored
nFirstPeakD1 0
MRIScomputeBorderValues_new() finished in 0.0113 min


Finding expansion regions
mean absolute distance = 0.36 +- 0.65
4327 vertices more than 2 sigmas from mean.
Averaging target values for 5 iterations...
Positioning Surface: tspring = 0.3, nspring = 0.3, spring = 0, niters = 100 l_repulse = 5, l_surf_repulse = 0, checktol = 0
Positioning pial surface
Entering MRISpositionSurface()
  max_mm = 0.3
  MAX_REDUCTIONS = 2, REDUCTION_PCT = 0.5
  parms->check_tol = 0, niterations = 100
tol=1.0e-04, sigma=1.0, host=dna06, nav=2, nbrs=2, l_repulse=5.000, l_tspring=0.300, l_nspring=0.300, l_intensity=0.200, l_curv=1.000
mom=0.00, dt=0.50
000: dt: 0.0000, sse=701134.2, rms=3.700
010: dt: 0.5000, sse=461660.6, rms=2.421 (34.574%)
011: dt: 0.5000, sse=434237.2, rms=2.301 (4.943%)
rms = 2.3345/2.3010, sse=442021.8/434237.2, time step reduction 1 of 3 to 0.250  0 1 1
   RMS increased, rejecting step
012: dt: 0.2500, sse=354242.8, rms=1.659 (27.887%)
013: dt: 0.2500, sse=321440.1, rms=1.295 (21.951%)
014: dt: 0.2500, sse=314395.7, rms=1.210 (6.552%)
rms = 1.1773/1.2102, sse=313052.0/314395.7, time step reduction 2 of 3 to 0.125  0 0 1
015: dt: 0.2500, sse=313052.0, rms=1.177 (2.719%)
rms = 1.1424/1.1773, sse=310880.6/313052.0, time step reduction 3 of 3 to 0.062  0 0 1
016: dt: 0.1250, sse=310880.6, rms=1.142 (2.966%)
  maximum number of reductions reached, breaking from loop
positioning took 0.8 minutes
Iteration 2 =========================================
n_averages=1, current_sigma=0.5
Computing target border values 
Entering MRIScomputeBorderValues_new(): 
  inside_hi   = 120.0000000;
  border_hi   = 109.9934840;
  border_low  =  69.0000000;
  outside_low =  59.0388910;
  outside_hi  = 109.9934840;
  sigma = 0.5;
  max_thickness = 10;
  step_size=0.5;
  STEP_SIZE=0.1;
  which = 1
  thresh = 0
  flags = 0
  CBVfindFirstPeakD1=0
  CBVfindFirstPeakD2=0
  nvertices=167195
  Gdiag_no=-1
  vno start=0, stop=167195
Replacing 255s with 0s
#SI# sigma=0.5 had to be increased for 353 vertices, nripped=8866
mean border=84.6, 167 (11) missing vertices, mean dist -0.1 [0.3 (%61.6)->0.3 (%38.4))]
%82 local maxima, %12 large gradients and % 0 min vals, 0 gradients ignored
nFirstPeakD1 0
MRIScomputeBorderValues_new() finished in 0.0068 min


Finding expansion regions
mean absolute distance = 0.30 +- 0.51
4783 vertices more than 2 sigmas from mean.
Averaging target values for 5 iterations...
Positioning Surface: tspring = 0.3, nspring = 0.3, spring = 0, niters = 100 l_repulse = 5, l_surf_repulse = 0, checktol = 0
Positioning pial surface
Entering MRISpositionSurface()
  max_mm = 0.3
  MAX_REDUCTIONS = 2, REDUCTION_PCT = 0.5
  parms->check_tol = 0, niterations = 100
tol=1.0e-04, sigma=0.5, host=dna06, nav=1, nbrs=2, l_repulse=5.000, l_tspring=0.300, l_nspring=0.300, l_intensity=0.200, l_curv=1.000
mom=0.00, dt=0.50
000: dt: 0.0000, sse=454034.6, rms=2.450
017: dt: 0.5000, sse=397887.3, rms=2.014 (17.800%)
rms = 2.0999/2.0135, sse=407226.6/397887.4, time step reduction 1 of 3 to 0.250  0 1 1
   RMS increased, rejecting step
018: dt: 0.2500, sse=335847.5, rms=1.461 (27.457%)
019: dt: 0.2500, sse=316506.0, rms=1.195 (18.193%)
020: dt: 0.2500, sse=309944.5, rms=1.115 (6.732%)
rms = 1.1062/1.1145, sse=306182.1/309944.5, time step reduction 2 of 3 to 0.125  0 0 1
021: dt: 0.2500, sse=306182.2, rms=1.106 (0.742%)
rms = 1.0583/1.1062, sse=301506.5/306182.1, time step reduction 3 of 3 to 0.062  0 0 1
022: dt: 0.1250, sse=301506.5, rms=1.058 (4.331%)
  maximum number of reductions reached, breaking from loop
positioning took 0.7 minutes
Iteration 3 =========================================
n_averages=0, current_sigma=0.25
Computing target border values 
Entering MRIScomputeBorderValues_new(): 
  inside_hi   = 120.0000000;
  border_hi   = 109.9934840;
  border_low  =  69.0000000;
  outside_low =  59.0388910;
  outside_hi  = 109.9934840;
  sigma = 0.25;
  max_thickness = 10;
  step_size=0.5;
  STEP_SIZE=0.1;
  which = 1
  thresh = 0
  flags = 0
  CBVfindFirstPeakD1=0
  CBVfindFirstPeakD2=0
  nvertices=167195
  Gdiag_no=-1
  vno start=0, stop=167195
Replacing 255s with 0s
#SI# sigma=0.25 had to be increased for 308 vertices, nripped=8866
mean border=85.2, 284 (11) missing vertices, mean dist -0.0 [0.3 (%53.9)->0.3 (%46.1))]
%85 local maxima, %10 large gradients and % 0 min vals, 0 gradients ignored
nFirstPeakD1 0
MRIScomputeBorderValues_new() finished in 0.0046 min


Finding expansion regions
mean absolute distance = 0.28 +- 0.44
3923 vertices more than 2 sigmas from mean.
Averaging target values for 5 iterations...
Positioning Surface: tspring = 0.3, nspring = 0.3, spring = 0, niters = 100 l_repulse = 5, l_surf_repulse = 0, checktol = 0
Positioning pial surface
Entering MRISpositionSurface()
  max_mm = 0.3
  MAX_REDUCTIONS = 2, REDUCTION_PCT = 0.5
  parms->check_tol = 0, niterations = 100
tol=1.0e-04, sigma=0.2, host=dna06, nav=0, nbrs=2, l_repulse=5.000, l_tspring=0.300, l_nspring=0.300, l_intensity=0.200, l_curv=1.000
mom=0.00, dt=0.50
000: dt: 0.0000, sse=339756.6, rms=1.549
023: dt: 0.5000, sse=332909.2, rms=1.454 (6.145%)
rms = 1.7322/1.4541, sse=357152.5/332909.2, time step reduction 1 of 3 to 0.250  0 1 1
   RMS increased, rejecting step
024: dt: 0.2500, sse=298572.4, rms=1.045 (28.165%)
025: dt: 0.2500, sse=296674.8, rms=0.994 (4.876%)
026: dt: 0.2500, sse=288541.4, rms=0.910 (8.448%)
rms = 0.9537/0.9097, sse=293179.4/288541.4, time step reduction 2 of 3 to 0.125  0 1 1
   RMS increased, rejecting step
rms = 0.8765/0.9097, sse=296526.1/288541.4, time step reduction 3 of 3 to 0.062  0 1 1
027: dt: 0.1250, sse=296526.1, rms=0.877 (3.649%)
  maximum number of reductions reached, breaking from loop
positioning took 0.7 minutes


Writing output to ../surf/rh.white
#ET# mris_place_surface  3.34 minutes
#VMPC# mris_place_surfaces VmPeak  3318020
mris_place_surface done
#--------------------------------------------
#@# T1PialSurf rh Mon Mar  9 14:03:13 CET 2026
cd /out/sourcedata/freesurfer/sub-v1s21x0050411_ses-1/mri
mris_place_surface --adgws-in ../surf/autodet.gw.stats.rh.dat --seg aseg.presurf.mgz --threads 16 --wm wm.mgz --invol brain.finalsurfs.mgz --rh --i ../surf/rh.white --o ../surf/rh.pial.T1 --pial --nsmooth 0 --rip-label ../label/rh.cortex+hipamyg.label --pin-medial-wall ../label/rh.cortex.label --aparc ../label/rh.aparc.annot --repulse-surf ../surf/rh.white --white-surf ../surf/rh.white
7.3.2
7.3.2

cd /out/sourcedata/freesurfer/sub-v1s21x0050411_ses-1/mri
setenv SUBJECTS_DIR /out/sourcedata/freesurfer
mris_place_surface --adgws-in ../surf/autodet.gw.stats.rh.dat --seg aseg.presurf.mgz --threads 16 --wm wm.mgz --invol brain.finalsurfs.mgz --rh --i ../surf/rh.white --o ../surf/rh.pial.T1 --pial --nsmooth 0 --rip-label ../label/rh.cortex+hipamyg.label --pin-medial-wall ../label/rh.cortex.label --aparc ../label/rh.aparc.annot --repulse-surf ../surf/rh.white --white-surf ../surf/rh.white 

Reading in input surface ../surf/rh.white
Not smoothing input surface
Area    334386  0.34946  0.13781 0.001889   2.3513
Corner 1003158 60.00000 15.09142 0.387232 177.5276
Edge    501579  0.91156  0.22292 0.028774   3.8044
Hinge   501579 10.66804 12.47012 0.000002 179.9711
Reading white surface coordinates from ../surf/rh.white
Reading repulsion surface coordinates from ../surf/rh.white
Reading in aparc ../label/rh.aparc.annot
Reading in input volume brain.finalsurfs.mgz
Reading in wm volume wm.mgz
MRIclipBrightWM(): nthresh=19359, wmmin=5, clip=110 
MRIfindBrightNonWM(): 1256 bright non-wm voxels segmented.
Masking bright non-wm for pial surface mid_gray = 66.5616
MRImask(): AllowDiffGeom = 1
MRImask(): AllowDiffGeom = 1
MRImask(): AllowDiffGeom = 1
Reading in seg volume aseg.presurf.mgz
Ripping frozen voxels
Ripping vertices not in label ../label/rh.cortex+hipamyg.label
MRISripNotLabel() ripped 6273/167195 vertices (160922 unripped)
INFO: rip surface needed but not specified, so using input surface
Ripping segs (eg, WMSA, BG, frozen)
Starting MRISripSegs() d = (-2 2 0.5) segnos: 247 
MRISripSegs(): -2 2 0.5 ripped 0
vertex 83598: xyz = (51.5427,-3.60884,-1.51282) oxyz = (51.5427,-3.60884,-1.51282) wxzy = (51.5427,-3.60884,-1.51282) pxyz = (51.5427,-3.60884,-1.51282) 
CBVO Creating mask 167195
n_averages 16
Iteration 0 =========================================
n_averages=16, current_sigma=2
Computing target border values 
Entering MRIScomputeBorderValues_new(): 
  inside_hi   =  94.0065160;
  border_hi   =  59.0388910;
  border_low  =  39.1166760;
  outside_low =  10.0000000;
  outside_hi  =  54.0583340;
  sigma = 2;
  max_thickness = 10;
  step_size=0.5;
  STEP_SIZE=0.1;
  which = 2
  thresh = 0
  flags = 0
  CBVfindFirstPeakD1=0
  CBVfindFirstPeakD2=0
  nvertices=167195
  Gdiag_no=-1
  vno start=0, stop=167195
Replacing 255s with 0s
#SI# sigma=2 had to be increased for 375 vertices, nripped=6273
mean border=57.8, 273 (273) missing vertices, mean dist 1.5 [1.2 (%0.1)->3.0 (%99.9))]
%10 local maxima, %39 large gradients and %48 min vals, 0 gradients ignored
nFirstPeakD1 0
MRIScomputeBorderValues_new() finished in 0.0161 min


Averaging target values for 5 iterations...
Positioning Surface: tspring = 0.3, nspring = 0.3, spring = 0, niters = 100 l_repulse = 0, l_surf_repulse = 5, checktol = 0
Positioning pial surface
Entering MRISpositionSurface()
  max_mm = 0.3
  MAX_REDUCTIONS = 2, REDUCTION_PCT = 0.5
  parms->check_tol = 0, niterations = 100
tol=1.0e-04, sigma=2.0, host=dna06, nav=16, nbrs=2, l_surf_repulse=5.000, l_tspring=0.300, l_nspring=0.300, l_intensity=0.200, l_curv=1.000
mom=0.00, dt=0.50
complete_dist_mat 0
rms 0
smooth_averages 0
remove_neg 0
ico_order 0
which_surface 0
target_radius 0.000000
nfields 0
scale 0.000000
desired_rms_height 0.000000
momentum 0.000000
nbhd_size 0
max_nbrs 0
niterations 100
nsurfaces 0
SURFACES 3
flags 0 (0)
use curv 0
no sulc 0
no rigid align 0
mris->nsize 2
mris->hemisphere 1
randomSeed 0

000: dt: 0.0000, sse=25613436.0, rms=28.096
001: dt: 0.5000, sse=17942272.0, rms=23.465 (16.483%)
002: dt: 0.5000, sse=12369515.0, rms=19.418 (17.244%)
003: dt: 0.5000, sse=8680840.0, rms=16.191 (16.619%)
004: dt: 0.5000, sse=6387609.0, rms=13.808 (14.720%)
005: dt: 0.5000, sse=4967556.0, rms=12.097 (12.390%)
006: dt: 0.5000, sse=4036748.5, rms=10.828 (10.490%)
007: dt: 0.5000, sse=3375327.8, rms=9.825 (9.261%)
008: dt: 0.5000, sse=2863430.2, rms=8.971 (8.698%)
009: dt: 0.5000, sse=2431564.8, rms=8.179 (8.820%)
010: dt: 0.5000, sse=2065771.1, rms=7.443 (9.007%)
011: dt: 0.5000, sse=1770225.2, rms=6.788 (8.792%)
012: dt: 0.5000, sse=1548523.9, rms=6.251 (7.913%)
013: dt: 0.5000, sse=1380335.6, rms=5.810 (7.066%)
014: dt: 0.5000, sse=1259624.5, rms=5.469 (5.863%)
015: dt: 0.5000, sse=1173103.9, rms=5.209 (4.746%)
016: dt: 0.5000, sse=1113758.4, rms=5.022 (3.588%)
017: dt: 0.5000, sse=1072604.8, rms=4.887 (2.705%)
018: dt: 0.5000, sse=1045105.3, rms=4.792 (1.932%)
019: dt: 0.5000, sse=1026168.4, rms=4.725 (1.408%)
020: dt: 0.5000, sse=1008819.8, rms=4.661 (1.337%)
rms = 4.6176/4.6615, sse=997355.3/1008819.7, time step reduction 1 of 3 to 0.250  0 0 1
021: dt: 0.5000, sse=997355.3, rms=4.618 (0.941%)
022: dt: 0.2500, sse=886925.8, rms=4.212 (8.774%)
023: dt: 0.2500, sse=858714.9, rms=4.103 (2.591%)
rms = 4.0967/4.1033, sse=857616.8/858714.8, time step reduction 2 of 3 to 0.125  0 0 1
024: dt: 0.2500, sse=857616.8, rms=4.097 (0.162%)
025: dt: 0.1250, sse=827242.0, rms=3.975 (2.962%)
rms = 3.9336/3.9753, sse=817004.2/827242.0, time step reduction 3 of 3 to 0.062  0 0 1
026: dt: 0.1250, sse=817004.2, rms=3.934 (1.049%)
  maximum number of reductions reached, breaking from loop
positioning took 2.7 minutes
Iteration 1 =========================================
n_averages=8, current_sigma=1
Computing target border values 
Entering MRIScomputeBorderValues_new(): 
  inside_hi   =  94.0065160;
  border_hi   =  59.0388910;
  border_low  =  39.1166760;
  outside_low =  10.0000000;
  outside_hi  =  54.0583340;
  sigma = 1;
  max_thickness = 10;
  step_size=0.5;
  STEP_SIZE=0.1;
  which = 2
  thresh = 0
  flags = 0
  CBVfindFirstPeakD1=0
  CBVfindFirstPeakD2=0
  nvertices=167195
  Gdiag_no=-1
  vno start=0, stop=167195
Replacing 255s with 0s
#SI# sigma=1 had to be increased for 16809 vertices, nripped=6273
mean border=56.9, 2940 (46) missing vertices, mean dist 0.2 [0.2 (%48.2)->0.8 (%51.8))]
%17 local maxima, %33 large gradients and %44 min vals, 0 gradients ignored
nFirstPeakD1 0
MRIScomputeBorderValues_new() finished in 0.0062 min


Averaging target values for 5 iterations...
Positioning Surface: tspring = 0.3, nspring = 0.3, spring = 0, niters = 100 l_repulse = 0, l_surf_repulse = 5, checktol = 0
Positioning pial surface
Entering MRISpositionSurface()
  max_mm = 0.3
  MAX_REDUCTIONS = 2, REDUCTION_PCT = 0.5
  parms->check_tol = 0, niterations = 100
tol=1.0e-04, sigma=1.0, host=dna06, nav=8, nbrs=2, l_surf_repulse=5.000, l_tspring=0.300, l_nspring=0.300, l_intensity=0.200, l_curv=1.000
mom=0.00, dt=0.50
000: dt: 0.0000, sse=1053981.2, rms=4.506
rms = 4.5921/4.5059, sse=1078572.4/1053981.2, time step reduction 1 of 3 to 0.250  0 1 1
   RMS increased, rejecting step
027: dt: 0.2500, sse=989777.5, rms=4.276 (5.099%)
028: dt: 0.2500, sse=950464.6, rms=4.129 (3.435%)
rms = 4.1321/4.1292, sse=950978.6/950464.5, time step reduction 2 of 3 to 0.125  0 1 1
   RMS increased, rejecting step
029: dt: 0.1250, sse=937269.8, rms=4.078 (1.235%)
030: dt: 0.1250, sse=920217.2, rms=4.011 (1.651%)
031: dt: 0.1250, sse=905202.1, rms=3.952 (1.477%)
rms = 3.9245/3.9517, sse=898400.4/905202.2, time step reduction 3 of 3 to 0.062  0 0 1
032: dt: 0.1250, sse=898400.4, rms=3.925 (0.688%)
  maximum number of reductions reached, breaking from loop
positioning took 0.7 minutes
Iteration 2 =========================================
n_averages=4, current_sigma=0.5
Computing target border values 
Entering MRIScomputeBorderValues_new(): 
  inside_hi   =  94.0065160;
  border_hi   =  59.0388910;
  border_low  =  39.1166760;
  outside_low =  10.0000000;
  outside_hi  =  54.0583340;
  sigma = 0.5;
  max_thickness = 10;
  step_size=0.5;
  STEP_SIZE=0.1;
  which = 2
  thresh = 0
  flags = 0
  CBVfindFirstPeakD1=0
  CBVfindFirstPeakD2=0
  nvertices=167195
  Gdiag_no=-1
  vno start=0, stop=167195
Replacing 255s with 0s
#SI# sigma=0.5 had to be increased for 18766 vertices, nripped=6273
mean border=56.4, 3450 (31) missing vertices, mean dist 0.1 [0.2 (%46.5)->0.7 (%53.5))]
%24 local maxima, %25 large gradients and %45 min vals, 0 gradients ignored
nFirstPeakD1 0
MRIScomputeBorderValues_new() finished in 0.0033 min


Averaging target values for 5 iterations...
Positioning Surface: tspring = 0.3, nspring = 0.3, spring = 0, niters = 100 l_repulse = 0, l_surf_repulse = 5, checktol = 0
Positioning pial surface
Entering MRISpositionSurface()
  max_mm = 0.3
  MAX_REDUCTIONS = 2, REDUCTION_PCT = 0.5
  parms->check_tol = 0, niterations = 100
tol=1.0e-04, sigma=0.5, host=dna06, nav=4, nbrs=2, l_surf_repulse=5.000, l_tspring=0.300, l_nspring=0.300, l_intensity=0.200, l_curv=1.000
mom=0.00, dt=0.50
000: dt: 0.0000, sse=945433.2, rms=4.094
rms = 4.3495/4.0942, sse=1011666.4/945433.3, time step reduction 1 of 3 to 0.250  0 1 1
   RMS increased, rejecting step
033: dt: 0.2500, sse=915994.3, rms=3.981 (2.768%)
rms = 3.9402/3.9809, sse=904638.2/915994.3, time step reduction 2 of 3 to 0.125  0 0 1
034: dt: 0.2500, sse=904638.2, rms=3.940 (1.021%)
035: dt: 0.1250, sse=887292.3, rms=3.870 (1.785%)
036: dt: 0.1250, sse=872357.5, rms=3.810 (1.541%)
rms = 3.7856/3.8102, sse=866069.3/872357.5, time step reduction 3 of 3 to 0.062  0 0 1
037: dt: 0.1250, sse=866069.3, rms=3.786 (0.648%)
  maximum number of reductions reached, breaking from loop
positioning took 0.5 minutes
Iteration 3 =========================================
n_averages=2, current_sigma=0.25
Computing target border values 
Entering MRIScomputeBorderValues_new(): 
  inside_hi   =  94.0065160;
  border_hi   =  59.0388910;
  border_low  =  39.1166760;
  outside_low =  10.0000000;
  outside_hi  =  54.0583340;
  sigma = 0.25;
  max_thickness = 10;
  step_size=0.5;
  STEP_SIZE=0.1;
  which = 2
  thresh = 0
  flags = 0
  CBVfindFirstPeakD1=0
  CBVfindFirstPeakD2=0
  nvertices=167195
  Gdiag_no=-1
  vno start=0, stop=167195
Replacing 255s with 0s
#SI# sigma=0.25 had to be increased for 16091 vertices, nripped=6273
mean border=56.0, 7731 (28) missing vertices, mean dist 0.1 [0.2 (%45.9)->0.5 (%54.1))]
%28 local maxima, %21 large gradients and %43 min vals, 0 gradients ignored
nFirstPeakD1 0
MRIScomputeBorderValues_new() finished in 0.0026 min


Averaging target values for 5 iterations...
Positioning Surface: tspring = 0.3, nspring = 0.3, spring = 0, niters = 100 l_repulse = 0, l_surf_repulse = 5, checktol = 0
Positioning pial surface
Entering MRISpositionSurface()
  max_mm = 0.3
  MAX_REDUCTIONS = 2, REDUCTION_PCT = 0.5
  parms->check_tol = 0, niterations = 100
tol=1.0e-04, sigma=0.2, host=dna06, nav=2, nbrs=2, l_surf_repulse=5.000, l_tspring=0.300, l_nspring=0.300, l_intensity=0.200, l_curv=1.000
mom=0.00, dt=0.50
000: dt: 0.0000, sse=891224.8, rms=3.871
rms = 4.1300/3.8711, sse=953082.1/891224.8, time step reduction 1 of 3 to 0.250  0 1 1
   RMS increased, rejecting step
038: dt: 0.2500, sse=870157.8, rms=3.787 (2.180%)
rms = 3.7372/3.7867, sse=856267.9/870157.8, time step reduction 2 of 3 to 0.125  0 0 1
039: dt: 0.2500, sse=856267.9, rms=3.737 (1.309%)
040: dt: 0.1250, sse=842622.9, rms=3.679 (1.552%)
041: dt: 0.1250, sse=826780.5, rms=3.614 (1.775%)
rms = 3.5977/3.6139, sse=822560.6/826780.5, time step reduction 3 of 3 to 0.062  0 0 1
042: dt: 0.1250, sse=822560.6, rms=3.598 (0.447%)
  maximum number of reductions reached, breaking from loop
positioning took 0.5 minutes
Pinning medial wall to white surface
removing intersecting faces
000: 18 intersecting
001: 3 intersecting
terminating search with 0 intersecting


Writing output to ../surf/rh.pial.T1
#ET# mris_place_surface  4.71 minutes
#VMPC# mris_place_surfaces VmPeak  2579304
mris_place_surface done
#@# white curv rh Mon Mar  9 14:08:03 CET 2026
cd /out/sourcedata/freesurfer/sub-v1s21x0050411_ses-1/mri
mris_place_surface --curv-map ../surf/rh.white 2 10 ../surf/rh.curv
insurf  ../surf/rh.white, nbrs 2, curvature_avgs 10
writing curvature file ../surf/rh.curv
#@# white area rh Mon Mar  9 14:08:05 CET 2026
cd /out/sourcedata/freesurfer/sub-v1s21x0050411_ses-1/mri
mris_place_surface --area-map ../surf/rh.white ../surf/rh.area
writing curvature file ../surf/rh.area
#@# pial curv rh Mon Mar  9 14:08:06 CET 2026
cd /out/sourcedata/freesurfer/sub-v1s21x0050411_ses-1/mri
mris_place_surface --curv-map ../surf/rh.pial 2 10 ../surf/rh.curv.pial
insurf  ../surf/rh.pial, nbrs 2, curvature_avgs 10
writing curvature file ../surf/rh.curv.pial
#@# pial area rh Mon Mar  9 14:08:08 CET 2026
cd /out/sourcedata/freesurfer/sub-v1s21x0050411_ses-1/mri
mris_place_surface --area-map ../surf/rh.pial ../surf/rh.area.pial
writing curvature file ../surf/rh.area.pial
#@# thickness rh Mon Mar  9 14:08:09 CET 2026
cd /out/sourcedata/freesurfer/sub-v1s21x0050411_ses-1/mri
mris_place_surface --thickness ../surf/rh.white ../surf/rh.pial 20 5 ../surf/rh.thickness
0 of 167195 vertices processed
25000 of 167195 vertices processed
50000 of 167195 vertices processed
75000 of 167195 vertices processed
100000 of 167195 vertices processed
125000 of 167195 vertices processed
150000 of 167195 vertices processed
0 of 167195 vertices processed
25000 of 167195 vertices processed
50000 of 167195 vertices processed
75000 of 167195 vertices processed
100000 of 167195 vertices processed
125000 of 167195 vertices processed
150000 of 167195 vertices processed
thickness calculation complete, 219:2712 truncations.
65050 vertices at 0 distance
127958 vertices at 1 distance
85919 vertices at 2 distance
33896 vertices at 3 distance
12447 vertices at 4 distance
4889 vertices at 5 distance
2008 vertices at 6 distance
894 vertices at 7 distance
423 vertices at 8 distance
244 vertices at 9 distance
179 vertices at 10 distance
118 vertices at 11 distance
82 vertices at 12 distance
55 vertices at 13 distance
46 vertices at 14 distance
50 vertices at 15 distance
34 vertices at 16 distance
35 vertices at 17 distance
16 vertices at 18 distance
20 vertices at 19 distance
27 vertices at 20 distance
writing curvature file ../surf/rh.thickness
#@# area and vertex vol rh Mon Mar  9 14:08:45 CET 2026
cd /out/sourcedata/freesurfer/sub-v1s21x0050411_ses-1/mri
mris_place_surface --thickness ../surf/rh.white ../surf/rh.pial 20 5 ../surf/rh.thickness
/out/sourcedata/freesurfer/sub-v1s21x0050411_ses-1/surf
mris_calc -o rh.area.mid rh.area add rh.area.pial
Saving result to 'rh.area.mid' (type = MRI_CURV_FILE)                       [ ok ]
mris_calc -o rh.area.mid rh.area.mid div 2
Saving result to 'rh.area.mid' (type = MRI_CURV_FILE)                       [ ok ]
mris_convert --volume sub-v1s21x0050411_ses-1 rh /out/sourcedata/freesurfer/sub-v1s21x0050411_ses-1/surf/rh.volume
masking with /out/sourcedata/freesurfer/sub-v1s21x0050411_ses-1/label/rh.cortex.label
Total face volume 323837
Total vertex volume 323600 (mask=0)
#@# sub-v1s21x0050411_ses-1 rh 323600
 
vertexvol Done

#-----------------------------------------
#@# Curvature Stats rh Mon Mar  9 14:08:47 CET 2026
/out/sourcedata/freesurfer/sub-v1s21x0050411_ses-1/surf

 mris_curvature_stats -m --writeCurvatureFiles -G -o ../stats/rh.curv.stats -F smoothwm sub-v1s21x0050411_ses-1 rh curv sulc 

             Toggling save flag on curvature files                       [ ok ]
                 Outputting results using filestem   [ ../stats/rh.curv.stats ]
             Toggling save flag on curvature files                       [ ok ]
                                   Setting surface [ sub-v1s21x0050411_ses-1/rh.smoothwm ]
                                Reading surface...                       [ ok ]
                                   Setting texture                     [ curv ]
                                Reading texture...                       [ ok ]
                                   Setting texture                     [ sulc ]
                                Reading texture...Gb_filter = 0
                       [ ok ]
      Calculating Discrete Principal Curvatures...
      Determining geometric order for vno faces... [####################] [ ok ]
                      Determining KH curvatures... [####################] [ ok ]
                    Determining k1k2 curvatures... [####################] [ ok ]
                                   deltaViolations                      [ 304 ]
Gb_filter = 0

WARN:    S lookup   min:                          -0.725858
WARN:    S explicit min:                          0.000000	vertex = 195
#-----------------------------------------
#@# Cortical Parc 2 rh Mon Mar  9 14:08:50 CET 2026
/out/sourcedata/freesurfer/sub-v1s21x0050411_ses-1/scripts

 mris_ca_label -l ../label/rh.cortex.label -aseg ../mri/aseg.presurf.mgz -seed 1234 sub-v1s21x0050411_ses-1 rh ../surf/rh.sphere.reg /opt/freesurfer/average/rh.CDaparc.atlas.acfb40.noaparc.i12.2016-08-02.gcs ../label/rh.aparc.a2009s.annot 

setting seed for random number generator to 1234
using ../mri/aseg.presurf.mgz aseg volume to correct midline
7.3.2
  7.3.2
reading atlas from /opt/freesurfer/average/rh.CDaparc.atlas.acfb40.noaparc.i12.2016-08-02.gcs...
reading color table from GCSA file....
average std = 1.4   using min determinant for regularization = 0.021
0 singular and 0 ill-conditioned covariance matrices regularized
input 0: MEAN CURVATURE, flags 0, avgs 5, name mean_curvature
labeling surface...
11 labels changed using aseg
relabeling using gibbs priors...
000:  10873 changed, 167195 examined...
001:   2444 changed, 42748 examined...
002:    719 changed, 13136 examined...
003:    324 changed, 4186 examined...
004:    171 changed, 1840 examined...
005:     70 changed, 910 examined...
006:     46 changed, 404 examined...
007:     30 changed, 258 examined...
008:     12 changed, 174 examined...
009:     11 changed, 70 examined...
010:      6 changed, 56 examined...
011:      4 changed, 35 examined...
012:      2 changed, 27 examined...
013:      1 changed, 11 examined...
014:      1 changed, 7 examined...
015:      2 changed, 7 examined...
016:      3 changed, 12 examined...
017:      0 changed, 15 examined...
10 labels changed using aseg
000: 262 total segments, 176 labels (3332 vertices) changed
001: 100 total segments, 14 labels (58 vertices) changed
002: 86 total segments, 0 labels (0 vertices) changed
10 filter iterations complete (10 requested, 53 changed)
rationalizing unknown annotations with cortex label
relabeling Medial_wall label...
1281 vertices marked for relabeling...
1281 labels changed in reclassification.
writing output to ../label/rh.aparc.a2009s.annot...
classification took 0 minutes and 15 seconds.
#-----------------------------------------
#@# Cortical Parc 3 rh Mon Mar  9 14:09:06 CET 2026
/out/sourcedata/freesurfer/sub-v1s21x0050411_ses-1/scripts

 mris_ca_label -l ../label/rh.cortex.label -aseg ../mri/aseg.presurf.mgz -seed 1234 sub-v1s21x0050411_ses-1 rh ../surf/rh.sphere.reg /opt/freesurfer/average/rh.DKTaparc.atlas.acfb40.noaparc.i12.2016-08-02.gcs ../label/rh.aparc.DKTatlas.annot 

setting seed for random number generator to 1234
using ../mri/aseg.presurf.mgz aseg volume to correct midline
7.3.2
  7.3.2
reading atlas from /opt/freesurfer/average/rh.DKTaparc.atlas.acfb40.noaparc.i12.2016-08-02.gcs...
reading color table from GCSA file....
average std = 0.9   using min determinant for regularization = 0.009
0 singular and 325 ill-conditioned covariance matrices regularized
input 0: MEAN CURVATURE, flags 0, avgs 5, name mean_curvature
labeling surface...
1975 labels changed using aseg
relabeling using gibbs priors...
000:   2512 changed, 167195 examined...
001:    616 changed, 11300 examined...
002:    185 changed, 3528 examined...
003:     76 changed, 1068 examined...
004:     58 changed, 454 examined...
005:     39 changed, 318 examined...
006:     27 changed, 214 examined...
007:     23 changed, 160 examined...
008:     15 changed, 131 examined...
009:     12 changed, 88 examined...
010:     11 changed, 72 examined...
011:      8 changed, 63 examined...
012:      6 changed, 43 examined...
013:      6 changed, 34 examined...
014:      4 changed, 30 examined...
015:      2 changed, 21 examined...
016:      2 changed, 15 examined...
017:      1 changed, 8 examined...
018:      2 changed, 8 examined...
019:      1 changed, 11 examined...
020:      1 changed, 8 examined...
021:      1 changed, 9 examined...
022:      1 changed, 7 examined...
023:      1 changed, 7 examined...
024:      0 changed, 6 examined...
385 labels changed using aseg
000: 55 total segments, 22 labels (291 vertices) changed
001: 33 total segments, 0 labels (0 vertices) changed
10 filter iterations complete (10 requested, 21 changed)
rationalizing unknown annotations with cortex label
relabeling unknown label...
relabeling corpuscallosum label...
994 vertices marked for relabeling...
994 labels changed in reclassification.
writing output to ../label/rh.aparc.DKTatlas.annot...
classification took 0 minutes and 12 seconds.
#-----------------------------------------
#@# WM/GM Contrast rh Mon Mar  9 14:09:18 CET 2026
/out/sourcedata/freesurfer/sub-v1s21x0050411_ses-1/scripts

 pctsurfcon --s sub-v1s21x0050411_ses-1 --rh-only 

Log file is /out/sourcedata/freesurfer/sub-v1s21x0050411_ses-1/scripts/pctsurfcon.log
Mon Mar  9 14:09:18 CET 2026
setenv SUBJECTS_DIR /out/sourcedata/freesurfer
cd /out/sourcedata/freesurfer/sub-v1s21x0050411_ses-1/scripts
/opt/freesurfer/bin/pctsurfcon
pctsurfcon 7.3.2
Linux dna060 5.14.0-427.37.1.el9_4.x86_64 #1 SMP PREEMPT_DYNAMIC Fri Sep 13 12:41:50 EDT 2024 x86_64 x86_64 x86_64 GNU/Linux
FREESURFER_HOME /opt/freesurfer
mri_vol2surf --mov /out/sourcedata/freesurfer/sub-v1s21x0050411_ses-1/mri/rawavg.mgz --hemi rh --noreshape --interp trilinear --projdist -1 --o /out/sourcedata/freesurfer/sub-v1s21x0050411_ses-1/surf/tmp.pctsurfcon.2457185/rh.wm.mgh --regheader sub-v1s21x0050411_ses-1 --cortex
srcvol = /out/sourcedata/freesurfer/sub-v1s21x0050411_ses-1/mri/rawavg.mgz
srcreg unspecified
srcregold = 0
srcwarp unspecified
surf = white
hemi = rh
ProjDist = -1
reshape = 0
interp = trilinear
float2int = round
GetProjMax = 0
INFO: float2int code = 0
Done loading volume
Computing registration from header.
  Using /out/sourcedata/freesurfer/sub-v1s21x0050411_ses-1/mri/orig.mgz as target reference.
-------- original matrix -----------
-1.00000   0.00000   0.00000   0.00000;
 0.00000   0.00000   1.00000   0.00000;
 0.00000  -1.00000   0.00000   0.00000;
 0.00000   0.00000   0.00000   1.00000;
-------- original matrix -----------
Loading label /out/sourcedata/freesurfer/sub-v1s21x0050411_ses-1/label/rh.cortex.label
Reading surface /out/sourcedata/freesurfer/sub-v1s21x0050411_ses-1/surf/rh.white
Done reading source surface
Mapping Source Volume onto Source Subject Surface
Projecting -1 -1 1
 1 -1 -1 -1
using old
Done mapping volume to surface
Number of source voxels hit = 86818
Masking with /out/sourcedata/freesurfer/sub-v1s21x0050411_ses-1/label/rh.cortex.label
Writing to /out/sourcedata/freesurfer/sub-v1s21x0050411_ses-1/surf/tmp.pctsurfcon.2457185/rh.wm.mgh
Dim: 167195 1 1
mri_vol2surf --mov /out/sourcedata/freesurfer/sub-v1s21x0050411_ses-1/mri/rawavg.mgz --hemi rh --noreshape --interp trilinear --o /out/sourcedata/freesurfer/sub-v1s21x0050411_ses-1/surf/tmp.pctsurfcon.2457185/rh.gm.mgh --projfrac 0.3 --regheader sub-v1s21x0050411_ses-1 --cortex
srcvol = /out/sourcedata/freesurfer/sub-v1s21x0050411_ses-1/mri/rawavg.mgz
srcreg unspecified
srcregold = 0
srcwarp unspecified
surf = white
hemi = rh
ProjFrac = 0.3
thickness = thickness
reshape = 0
interp = trilinear
float2int = round
GetProjMax = 0
INFO: float2int code = 0
Done loading volume
Computing registration from header.
  Using /out/sourcedata/freesurfer/sub-v1s21x0050411_ses-1/mri/orig.mgz as target reference.
-------- original matrix -----------
-1.00000   0.00000   0.00000   0.00000;
 0.00000   0.00000   1.00000   0.00000;
 0.00000  -1.00000   0.00000   0.00000;
 0.00000   0.00000   0.00000   1.00000;
-------- original matrix -----------
Loading label /out/sourcedata/freesurfer/sub-v1s21x0050411_ses-1/label/rh.cortex.label
Reading surface /out/sourcedata/freesurfer/sub-v1s21x0050411_ses-1/surf/rh.white
Done reading source surface
Reading thickness /out/sourcedata/freesurfer/sub-v1s21x0050411_ses-1/surf/rh.thickness
Done
Mapping Source Volume onto Source Subject Surface
Projecting 0.3 0.3 1
 1 0.3 0.3 0.3
using old
Done mapping volume to surface
Number of source voxels hit = 99598
Masking with /out/sourcedata/freesurfer/sub-v1s21x0050411_ses-1/label/rh.cortex.label
Writing to /out/sourcedata/freesurfer/sub-v1s21x0050411_ses-1/surf/tmp.pctsurfcon.2457185/rh.gm.mgh
Dim: 167195 1 1
mri_concat /out/sourcedata/freesurfer/sub-v1s21x0050411_ses-1/surf/tmp.pctsurfcon.2457185/rh.wm.mgh /out/sourcedata/freesurfer/sub-v1s21x0050411_ses-1/surf/tmp.pctsurfcon.2457185/rh.gm.mgh --paired-diff-norm --mul 100 --o /out/sourcedata/freesurfer/sub-v1s21x0050411_ses-1/surf/rh.w-g.pct.mgh
ninputs = 2
Checking inputs
nframestot = 2
Allocing output
Done allocing
Combining pairs
nframes = 1
Multiplying by 100.000000
Writing to /out/sourcedata/freesurfer/sub-v1s21x0050411_ses-1/surf/rh.w-g.pct.mgh
mri_segstats --in /out/sourcedata/freesurfer/sub-v1s21x0050411_ses-1/surf/rh.w-g.pct.mgh --annot sub-v1s21x0050411_ses-1 rh aparc --sum /out/sourcedata/freesurfer/sub-v1s21x0050411_ses-1/stats/rh.w-g.pct.stats --snr

7.3.2
cwd 
cmdline mri_segstats --in /out/sourcedata/freesurfer/sub-v1s21x0050411_ses-1/surf/rh.w-g.pct.mgh --annot sub-v1s21x0050411_ses-1 rh aparc --sum /out/sourcedata/freesurfer/sub-v1s21x0050411_ses-1/stats/rh.w-g.pct.stats --snr 
sysname  Linux
hostname dna060
machine  x86_64
user     oesteban
whitesurfname  white
UseRobust  0
Constructing seg from annotation

Reading annotation /out/sourcedata/freesurfer/sub-v1s21x0050411_ses-1/label/rh.aparc.annot
Seg base 2000
Loading /out/sourcedata/freesurfer/sub-v1s21x0050411_ses-1/surf/rh.w-g.pct.mgh
Vertex Area is 0.698913 mm^3
Generating list of segmentation ids
Found  36 segmentations
Computing statistics for each segmentation

Reporting on  35 segmentations
Using PrintSegStat
mri_segstats done
Cleaning up

Started at Mon Mar 9 13:37:25 CET 2026 
Ended   at Mon Mar 9 14:09:21 CET 2026
#@#%# recon-all-run-time-hours 0.532
recon-all -s sub-v1s21x0050411_ses-1 finished without error at Mon Mar  9 14:09:21 CET 2026



#New# invocation of recon-all 




Mon Mar  9 14:21:35 CET 2026
cd /out/sourcedata/freesurfer/sub-v1s21x0050411_ses-1
setenv SUBJECTS_DIR /out/sourcedata/freesurfer
/opt/freesurfer/bin/recon-all -autorecon-hemi rh -nohyporelabel -rh-only -openmp 16 -subjid sub-v1s21x0050411_ses-1 -sd /out/sourcedata/freesurfer -notessellate -nosmooth1 -noinflate1 -noqsphere -nofix -nowhite -nosmooth2 -noinflate2 -nocurvHK -nocurvstats -nosphere -nosurfreg -nojacobian_white -noavgcurv -nocortparc -nopial -nocortparc2 -nocortparc3 -nopctsurfcon

subjid sub-v1s21x0050411_ses-1
setenv SUBJECTS_DIR /out/sourcedata/freesurfer
FREESURFER_HOME /opt/freesurfer
Actual FREESURFER_HOME /opt/freesurfer
build-stamp.txt: freesurfer-linux-ubuntu22_x86_64-7.3.2-20220804-6354275
Linux dna060 5.14.0-427.37.1.el9_4.x86_64 #1 SMP PREEMPT_DYNAMIC Fri Sep 13 12:41:50 EDT 2024 x86_64 x86_64 x86_64 GNU/Linux
cputime      unlimited
filesize     unlimited
datasize     unlimited
stacksize    8192 kbytes
coredumpsize 0 kbytes
memoryuse    67108864 kbytes
vmemoryuse   unlimited
descriptors  1024 
memorylocked unlimited
maxproc      2061970 
maxlocks     unlimited
maxsignal    2061971 
maxmessage   819200 
maxnice      0 
maxrtprio    0 
maxrttime    unlimited

               total        used        free      shared  buff/cache   available
Mem:           503Gi        46Gi       410Gi        10Gi        46Gi       442Gi
Swap:             0B          0B          0B

########################################
program versions used
7.3.2 (freesurfer-linux-ubuntu22_x86_64-7.3.2-20220804-6354275)
7.3.2

ProgramName: lta_convert  ProgramArguments: lta_convert -all-info  ProgramVersion: 7.3.2  TimeStamp: 2026/03/09-13:21:35-GMT  BuildTime: Aug  4 2022 06:17:15  BuildStamp: freesurfer-linux-ubuntu22_x86_64-7.3.2-20220804-6354275  User: oesteban  Machine: dna060  Platform: Linux  PlatformVersion: 5.14.0-427.37.1.el9_4.x86_64  CompilerName: GCC  CompilerVersion: 8.4.0
ProgramName: mri_and  ProgramArguments: mri_and -all-info  ProgramVersion: 7.3.2  TimeStamp: 2026/03/09-13:21:35-GMT  BuildTime: Aug  4 2022 06:17:15  BuildStamp: freesurfer-linux-ubuntu22_x86_64-7.3.2-20220804-6354275  User: oesteban  Machine: dna060  Platform: Linux  PlatformVersion: 5.14.0-427.37.1.el9_4.x86_64  CompilerName: GCC  CompilerVersion: 8.4.0
ProgramName: mri_annotation2label  ProgramArguments: mri_annotation2label -all-info  ProgramVersion: 7.3.2  TimeStamp: 2026/03/09-13:21:35-GMT  BuildTime: Aug  4 2022 06:17:15  BuildStamp: freesurfer-linux-ubuntu22_x86_64-7.3.2-20220804-6354275  User: oesteban  Machine: dna060  Platform: Linux  PlatformVersion: 5.14.0-427.37.1.el9_4.x86_64  CompilerName: GCC  CompilerVersion: 8.4.0
ProgramName: mri_aparc2aseg  ProgramArguments: mri_aparc2aseg -all-info  ProgramVersion: 7.3.2  TimeStamp: 2026/03/09-13:21:35-GMT  BuildTime: Aug  4 2022 06:17:15  BuildStamp: freesurfer-linux-ubuntu22_x86_64-7.3.2-20220804-6354275  User: oesteban  Machine: dna060  Platform: Linux  PlatformVersion: 5.14.0-427.37.1.el9_4.x86_64  CompilerName: GCC  CompilerVersion: 8.4.0
ProgramName: mri_surf2volseg  ProgramArguments: mri_surf2volseg -all-info  ProgramVersion: 7.3.2  TimeStamp: 2026/03/09-13:21:35-GMT  BuildTime: Aug  4 2022 06:17:15  BuildStamp: freesurfer-linux-ubuntu22_x86_64-7.3.2-20220804-6354275  User: oesteban  Machine: dna060  Platform: Linux  PlatformVersion: 5.14.0-427.37.1.el9_4.x86_64  CompilerName: GCC  CompilerVersion: 8.4.0
ProgramName: mri_binarize  ProgramArguments: mri_binarize -all-info  ProgramVersion: 7.3.2  TimeStamp: 2026/03/09-13:21:35-GMT  BuildTime: Aug  4 2022 06:17:15  BuildStamp: freesurfer-linux-ubuntu22_x86_64-7.3.2-20220804-6354275  User: oesteban  Machine: dna060  Platform: Linux  PlatformVersion: 5.14.0-427.37.1.el9_4.x86_64  CompilerName: GCC  CompilerVersion: 8.4.0
ProgramName: mri_ca_label  ProgramArguments: mri_ca_label -all-info  ProgramVersion: 7.3.2  TimeStamp: 2026/03/09-13:21:35-GMT  BuildTime: Aug  4 2022 06:17:15  BuildStamp: freesurfer-linux-ubuntu22_x86_64-7.3.2-20220804-6354275  User: oesteban  Machine: dna060  Platform: Linux  PlatformVersion: 5.14.0-427.37.1.el9_4.x86_64  CompilerName: GCC  CompilerVersion: 8.4.0
ProgramName: mri_ca_normalize  ProgramArguments: mri_ca_normalize -all-info  ProgramVersion: 7.3.2  TimeStamp: 2026/03/09-13:21:35-GMT  BuildTime: Aug  4 2022 06:17:15  BuildStamp: freesurfer-linux-ubuntu22_x86_64-7.3.2-20220804-6354275  User: oesteban  Machine: dna060  Platform: Linux  PlatformVersion: 5.14.0-427.37.1.el9_4.x86_64  CompilerName: GCC  CompilerVersion: 8.4.0
ProgramName: mri_ca_register  ProgramArguments: mri_ca_register -all-info  ProgramVersion: 7.3.2  TimeStamp: 2026/03/09-13:21:35-GMT  BuildTime: Aug  4 2022 06:17:15  BuildStamp: freesurfer-linux-ubuntu22_x86_64-7.3.2-20220804-6354275  User: oesteban  Machine: dna060  Platform: Linux  PlatformVersion: 5.14.0-427.37.1.el9_4.x86_64  CompilerName: GCC  CompilerVersion: 8.4.0
ProgramName: mri_cc  ProgramArguments: mri_cc -all-info  ProgramVersion: 7.3.2  TimeStamp: 2026/03/09-13:21:35-GMT  BuildTime: Aug  4 2022 06:17:15  BuildStamp: freesurfer-linux-ubuntu22_x86_64-7.3.2-20220804-6354275  User: oesteban  Machine: dna060  Platform: Linux  PlatformVersion: 5.14.0-427.37.1.el9_4.x86_64  CompilerName: GCC  CompilerVersion: 8.4.0
ProgramName: mri_compute_overlap  ProgramArguments: mri_compute_overlap -all-info  ProgramVersion: 7.3.2  TimeStamp: 2026/03/09-13:21:35-GMT  BuildTime: Aug  4 2022 06:17:15  BuildStamp: freesurfer-linux-ubuntu22_x86_64-7.3.2-20220804-6354275  User: oesteban  Machine: dna060  Platform: Linux  PlatformVersion: 5.14.0-427.37.1.el9_4.x86_64  CompilerName: GCC  CompilerVersion: 8.4.0
ProgramName: mri_compute_seg_overlap  ProgramArguments: mri_compute_seg_overlap -all-info  ProgramVersion: 7.3.2  TimeStamp: 2026/03/09-13:21:35-GMT  BuildTime: Aug  4 2022 06:17:15  BuildStamp: freesurfer-linux-ubuntu22_x86_64-7.3.2-20220804-6354275  User: oesteban  Machine: dna060  Platform: Linux  PlatformVersion: 5.14.0-427.37.1.el9_4.x86_64  CompilerName: GCC  CompilerVersion: 8.4.0
ProgramName: mri_concat  ProgramArguments: mri_concat -all-info  ProgramVersion: 7.3.2  TimeStamp: 2026/03/09-13:21:35-GMT  BuildTime: Aug  4 2022 06:17:15  BuildStamp: freesurfer-linux-ubuntu22_x86_64-7.3.2-20220804-6354275  User: oesteban  Machine: dna060  Platform: Linux  PlatformVersion: 5.14.0-427.37.1.el9_4.x86_64  CompilerName: GCC  CompilerVersion: 8.4.0
ProgramName: mri_concatenate_lta  ProgramArguments: mri_concatenate_lta -all-info  ProgramVersion: 7.3.2  TimeStamp: 2026/03/09-13:21:35-GMT  BuildTime: Aug  4 2022 06:17:15  BuildStamp: freesurfer-linux-ubuntu22_x86_64-7.3.2-20220804-6354275  User: oesteban  Machine: dna060  Platform: Linux  PlatformVersion: 5.14.0-427.37.1.el9_4.x86_64  CompilerName: GCC  CompilerVersion: 8.4.0
mri_convert -all-info 
ProgramName: mri_convert  ProgramArguments: mri_convert -all-info  ProgramVersion: 7.3.2  TimeStamp: 2026/03/09-13:21:35-GMT  BuildTime: Aug  4 2022 06:17:15  BuildStamp: freesurfer-linux-ubuntu22_x86_64-7.3.2-20220804-6354275  User: oesteban  Machine: dna060  Platform: Linux  PlatformVersion: 5.14.0-427.37.1.el9_4.x86_64  CompilerName: GCC  CompilerVersion: 8.4.0
ProgramName: mri_diff  ProgramArguments: mri_diff -all-info  ProgramVersion: 7.3.2  TimeStamp: 2026/03/09-13:21:35-GMT  BuildTime: Aug  4 2022 06:17:15  BuildStamp: freesurfer-linux-ubuntu22_x86_64-7.3.2-20220804-6354275  User: oesteban  Machine: dna060  Platform: Linux  PlatformVersion: 5.14.0-427.37.1.el9_4.x86_64  CompilerName: GCC  CompilerVersion: 8.4.0
ProgramName: mri_edit_wm_with_aseg  ProgramArguments: mri_edit_wm_with_aseg -all-info  ProgramVersion: 7.3.2  TimeStamp: 2026/03/09-13:21:35-GMT  BuildTime: Aug  4 2022 06:17:15  BuildStamp: freesurfer-linux-ubuntu22_x86_64-7.3.2-20220804-6354275  User: oesteban  Machine: dna060  Platform: Linux  PlatformVersion: 5.14.0-427.37.1.el9_4.x86_64  CompilerName: GCC  CompilerVersion: 8.4.0
ProgramName: mri_em_register  ProgramArguments: mri_em_register -all-info  ProgramVersion: 7.3.2  TimeStamp: 2026/03/09-13:21:35-GMT  BuildTime: Aug  4 2022 06:17:15  BuildStamp: freesurfer-linux-ubuntu22_x86_64-7.3.2-20220804-6354275  User: oesteban  Machine: dna060  Platform: Linux  PlatformVersion: 5.14.0-427.37.1.el9_4.x86_64  CompilerName: GCC  CompilerVersion: 8.4.0
ProgramName: mri_fill  ProgramArguments: mri_fill -all-info  ProgramVersion: 7.3.2  TimeStamp: 2026/03/09-13:21:35-GMT  BuildTime: Aug  4 2022 06:17:15  BuildStamp: freesurfer-linux-ubuntu22_x86_64-7.3.2-20220804-6354275  User: oesteban  Machine: dna060  Platform: Linux  PlatformVersion: 5.14.0-427.37.1.el9_4.x86_64  CompilerName: GCC  CompilerVersion: 8.4.0
ProgramName: mri_fuse_segmentations  ProgramArguments: mri_fuse_segmentations -all-info  ProgramVersion: 7.3.2  TimeStamp: 2026/03/09-13:21:35-GMT  BuildTime: Aug  4 2022 06:17:15  BuildStamp: freesurfer-linux-ubuntu22_x86_64-7.3.2-20220804-6354275  User: oesteban  Machine: dna060  Platform: Linux  PlatformVersion: 5.14.0-427.37.1.el9_4.x86_64  CompilerName: GCC  CompilerVersion: 8.4.0
ProgramName: mri_fwhm  ProgramArguments: mri_fwhm -all-info  ProgramVersion: 7.3.2  TimeStamp: 2026/03/09-13:21:35-GMT  BuildTime: Aug  4 2022 06:17:15  BuildStamp: freesurfer-linux-ubuntu22_x86_64-7.3.2-20220804-6354275  User: oesteban  Machine: dna060  Platform: Linux  PlatformVersion: 5.14.0-427.37.1.el9_4.x86_64  CompilerName: GCC  CompilerVersion: 8.4.0
ProgramName: mri_gcut  ProgramArguments: mri_gcut -all-info  ProgramVersion: 7.3.2  TimeStamp: 2026/03/09-13:21:35-GMT  BuildTime: Aug  4 2022 06:17:15  BuildStamp: freesurfer-linux-ubuntu22_x86_64-7.3.2-20220804-6354275  User: oesteban  Machine: dna060  Platform: Linux  PlatformVersion: 5.14.0-427.37.1.el9_4.x86_64  CompilerName: GCC  CompilerVersion: 8.4.0
ProgramName: mri_info  ProgramArguments: mri_info -all-info  ProgramVersion: 7.3.2  TimeStamp: 2026/03/09-13:21:35-GMT  BuildTime: Aug  4 2022 06:17:15  BuildStamp: freesurfer-linux-ubuntu22_x86_64-7.3.2-20220804-6354275  User: oesteban  Machine: dna060  Platform: Linux  PlatformVersion: 5.14.0-427.37.1.el9_4.x86_64  CompilerName: GCC  CompilerVersion: 8.4.0
ProgramName: mri_label2label  ProgramArguments: mri_label2label -all-info  ProgramVersion: 7.3.2  TimeStamp: 2026/03/09-13:21:35-GMT  BuildTime: Aug  4 2022 06:17:15  BuildStamp: freesurfer-linux-ubuntu22_x86_64-7.3.2-20220804-6354275  User: oesteban  Machine: dna060  Platform: Linux  PlatformVersion: 5.14.0-427.37.1.el9_4.x86_64  CompilerName: GCC  CompilerVersion: 8.4.0
ProgramName: mri_label2vol  ProgramArguments: mri_label2vol -all-info  ProgramVersion: 7.3.2  TimeStamp: 2026/03/09-13:21:35-GMT  BuildTime: Aug  4 2022 06:17:15  BuildStamp: freesurfer-linux-ubuntu22_x86_64-7.3.2-20220804-6354275  User: oesteban  Machine: dna060  Platform: Linux  PlatformVersion: 5.14.0-427.37.1.el9_4.x86_64  CompilerName: GCC  CompilerVersion: 8.4.0
ProgramName: mri_log_likelihood  ProgramArguments: mri_log_likelihood -all-info  ProgramVersion: 7.3.2  TimeStamp: 2026/03/09-13:21:35-GMT  BuildTime: Aug  4 2022 06:17:15  BuildStamp: freesurfer-linux-ubuntu22_x86_64-7.3.2-20220804-6354275  User: oesteban  Machine: dna060  Platform: Linux  PlatformVersion: 5.14.0-427.37.1.el9_4.x86_64  CompilerName: GCC  CompilerVersion: 8.4.0
ProgramName: mri_mask  ProgramArguments: mri_mask -all-info  ProgramVersion: 7.3.2  TimeStamp: 2026/03/09-13:21:35-GMT  BuildTime: Aug  4 2022 06:17:15  BuildStamp: freesurfer-linux-ubuntu22_x86_64-7.3.2-20220804-6354275  User: oesteban  Machine: dna060  Platform: Linux  PlatformVersion: 5.14.0-427.37.1.el9_4.x86_64  CompilerName: GCC  CompilerVersion: 8.4.0
ProgramName: mri_matrix_multiply  ProgramArguments: mri_matrix_multiply -all-info  ProgramVersion: 7.3.2  TimeStamp: 2026/03/09-13:21:35-GMT  BuildTime: Aug  4 2022 06:17:15  BuildStamp: freesurfer-linux-ubuntu22_x86_64-7.3.2-20220804-6354275  User: oesteban  Machine: dna060  Platform: Linux  PlatformVersion: 5.14.0-427.37.1.el9_4.x86_64  CompilerName: GCC  CompilerVersion: 8.4.0
ProgramName: mri_normalize  ProgramArguments: mri_normalize -all-info  ProgramVersion: 7.3.2  TimeStamp: 2026/03/09-13:21:35-GMT  BuildTime: Aug  4 2022 06:17:15  BuildStamp: freesurfer-linux-ubuntu22_x86_64-7.3.2-20220804-6354275  User: oesteban  Machine: dna060  Platform: Linux  PlatformVersion: 5.14.0-427.37.1.el9_4.x86_64  CompilerName: GCC  CompilerVersion: 8.4.0
ProgramName: mri_normalize_tp2  ProgramArguments: mri_normalize_tp2 -all-info  ProgramVersion: 7.3.2  TimeStamp: 2026/03/09-13:21:35-GMT  BuildTime: Aug  4 2022 06:17:15  BuildStamp: freesurfer-linux-ubuntu22_x86_64-7.3.2-20220804-6354275  User: oesteban  Machine: dna060  Platform: Linux  PlatformVersion: 5.14.0-427.37.1.el9_4.x86_64  CompilerName: GCC  CompilerVersion: 8.4.0
ProgramName: mri_or  ProgramArguments: mri_or -all-info  ProgramVersion: 7.3.2  TimeStamp: 2026/03/09-13:21:35-GMT  BuildTime: Aug  4 2022 06:17:15  BuildStamp: freesurfer-linux-ubuntu22_x86_64-7.3.2-20220804-6354275  User: oesteban  Machine: dna060  Platform: Linux  PlatformVersion: 5.14.0-427.37.1.el9_4.x86_64  CompilerName: GCC  CompilerVersion: 8.4.0
ProgramName: mri_relabel_hypointensities  ProgramArguments: mri_relabel_hypointensities -all-info  ProgramVersion: 7.3.2  TimeStamp: 2026/03/09-13:21:35-GMT  BuildTime: Aug  4 2022 06:17:15  BuildStamp: freesurfer-linux-ubuntu22_x86_64-7.3.2-20220804-6354275  User: oesteban  Machine: dna060  Platform: Linux  PlatformVersion: 5.14.0-427.37.1.el9_4.x86_64  CompilerName: GCC  CompilerVersion: 8.4.0
ProgramName: mri_relabel_nonwm_hypos  ProgramArguments: mri_relabel_nonwm_hypos -all-info  ProgramVersion: 7.3.2  TimeStamp: 2026/03/09-13:21:35-GMT  BuildTime: Aug  4 2022 06:17:15  BuildStamp: freesurfer-linux-ubuntu22_x86_64-7.3.2-20220804-6354275  User: oesteban  Machine: dna060  Platform: Linux  PlatformVersion: 5.14.0-427.37.1.el9_4.x86_64  CompilerName: GCC  CompilerVersion: 8.4.0
ProgramName: mri_remove_neck  ProgramArguments: mri_remove_neck -all-info  ProgramVersion: 7.3.2  TimeStamp: 2026/03/09-13:21:35-GMT  BuildTime: Aug  4 2022 06:17:15  BuildStamp: freesurfer-linux-ubuntu22_x86_64-7.3.2-20220804-6354275  User: oesteban  Machine: dna060  Platform: Linux  PlatformVersion: 5.14.0-427.37.1.el9_4.x86_64  CompilerName: GCC  CompilerVersion: 8.4.0
7.3.2

ProgramName: mri_robust_register  ProgramArguments: mri_robust_register -all-info  ProgramVersion: 7.3.2  TimeStamp: 2026/03/09-13:21:35-GMT  BuildTime: Aug  4 2022 06:17:15  BuildStamp: freesurfer-linux-ubuntu22_x86_64-7.3.2-20220804-6354275  User: oesteban  Machine: dna060  Platform: Linux  PlatformVersion: 5.14.0-427.37.1.el9_4.x86_64  CompilerName: GCC  CompilerVersion: 8.4.0
7.3.2

ProgramName: mri_robust_template  ProgramArguments: mri_robust_template -all-info  ProgramVersion: 7.3.2  TimeStamp: 2026/03/09-13:21:35-GMT  BuildTime: Aug  4 2022 06:17:15  BuildStamp: freesurfer-linux-ubuntu22_x86_64-7.3.2-20220804-6354275  User: oesteban  Machine: dna060  Platform: Linux  PlatformVersion: 5.14.0-427.37.1.el9_4.x86_64  CompilerName: GCC  CompilerVersion: 8.4.0
ProgramName: mris_anatomical_stats  ProgramArguments: mris_anatomical_stats -all-info  ProgramVersion: 7.3.2  TimeStamp: 2026/03/09-13:21:35-GMT  BuildTime: Aug  4 2022 06:17:15  BuildStamp: freesurfer-linux-ubuntu22_x86_64-7.3.2-20220804-6354275  User: oesteban  Machine: dna060  Platform: Linux  PlatformVersion: 5.14.0-427.37.1.el9_4.x86_64  CompilerName: GCC  CompilerVersion: 8.4.0
ProgramName: mris_ca_label  ProgramArguments: mris_ca_label -all-info  ProgramVersion: 7.3.2  TimeStamp: 2026/03/09-13:21:35-GMT  BuildTime: Aug  4 2022 06:17:15  BuildStamp: freesurfer-linux-ubuntu22_x86_64-7.3.2-20220804-6354275  User: oesteban  Machine: dna060  Platform: Linux  PlatformVersion: 5.14.0-427.37.1.el9_4.x86_64  CompilerName: GCC  CompilerVersion: 8.4.0
ProgramName: mris_calc  ProgramArguments: mris_calc -all-info  ProgramVersion: 7.3.2  TimeStamp: 2026/03/09-13:21:35-GMT  BuildTime: Aug  4 2022 06:17:15  BuildStamp: freesurfer-linux-ubuntu22_x86_64-7.3.2-20220804-6354275  User: oesteban  Machine: dna060  Platform: Linux  PlatformVersion: 5.14.0-427.37.1.el9_4.x86_64  CompilerName: GCC  CompilerVersion: 8.4.0
ProgramName: mris_convert  ProgramArguments: mris_convert -all-info  ProgramVersion: 7.3.2  TimeStamp: 2026/03/09-13:21:35-GMT  BuildTime: Aug  4 2022 06:17:15  BuildStamp: freesurfer-linux-ubuntu22_x86_64-7.3.2-20220804-6354275  User: oesteban  Machine: dna060  Platform: Linux  PlatformVersion: 5.14.0-427.37.1.el9_4.x86_64  CompilerName: GCC  CompilerVersion: 8.4.0
ProgramName: mris_curvature  ProgramArguments: mris_curvature -all-info  ProgramVersion: 7.3.2  TimeStamp: 2026/03/09-13:21:35-GMT  BuildTime: Aug  4 2022 06:17:15  BuildStamp: freesurfer-linux-ubuntu22_x86_64-7.3.2-20220804-6354275  User: oesteban  Machine: dna060  Platform: Linux  PlatformVersion: 5.14.0-427.37.1.el9_4.x86_64  CompilerName: GCC  CompilerVersion: 8.4.0
ProgramName: mris_curvature_stats  ProgramArguments: mris_curvature_stats -all-info  ProgramVersion: 7.3.2  TimeStamp: 2026/03/09-13:21:35-GMT  BuildTime: Aug  4 2022 06:17:15  BuildStamp: freesurfer-linux-ubuntu22_x86_64-7.3.2-20220804-6354275  User: oesteban  Machine: dna060  Platform: Linux  PlatformVersion: 5.14.0-427.37.1.el9_4.x86_64  CompilerName: GCC  CompilerVersion: 8.4.0
ProgramName: mris_diff  ProgramArguments: mris_diff -all-info  ProgramVersion: 7.3.2  TimeStamp: 2026/03/09-13:21:35-GMT  BuildTime: Aug  4 2022 06:17:15  BuildStamp: freesurfer-linux-ubuntu22_x86_64-7.3.2-20220804-6354275  User: oesteban  Machine: dna060  Platform: Linux  PlatformVersion: 5.14.0-427.37.1.el9_4.x86_64  CompilerName: GCC  CompilerVersion: 8.4.0
ProgramName: mris_divide_parcellation  ProgramArguments: mris_divide_parcellation -all-info  ProgramVersion: 7.3.2  TimeStamp: 2026/03/09-13:21:35-GMT  BuildTime: Aug  4 2022 06:17:15  BuildStamp: freesurfer-linux-ubuntu22_x86_64-7.3.2-20220804-6354275  User: oesteban  Machine: dna060  Platform: Linux  PlatformVersion: 5.14.0-427.37.1.el9_4.x86_64  CompilerName: GCC  CompilerVersion: 8.4.0
ProgramName: mri_segment  ProgramArguments: mri_segment -all-info  ProgramVersion: 7.3.2  TimeStamp: 2026/03/09-13:21:35-GMT  BuildTime: Aug  4 2022 06:17:15  BuildStamp: freesurfer-linux-ubuntu22_x86_64-7.3.2-20220804-6354275  User: oesteban  Machine: dna060  Platform: Linux  PlatformVersion: 5.14.0-427.37.1.el9_4.x86_64  CompilerName: GCC  CompilerVersion: 8.4.0
ProgramName: mri_segstats  ProgramArguments: mri_segstats -all-info  ProgramVersion: 7.3.2  TimeStamp: 2026/03/09-13:21:35-GMT  BuildTime: Aug  4 2022 06:17:15  BuildStamp: freesurfer-linux-ubuntu22_x86_64-7.3.2-20220804-6354275  User: oesteban  Machine: dna060  Platform: Linux  PlatformVersion: 5.14.0-427.37.1.el9_4.x86_64  CompilerName: GCC  CompilerVersion: 8.4.0
ProgramName: mris_euler_number  ProgramArguments: mris_euler_number -all-info  ProgramVersion: 7.3.2  TimeStamp: 2026/03/09-13:21:35-GMT  BuildTime: Aug  4 2022 06:17:15  BuildStamp: freesurfer-linux-ubuntu22_x86_64-7.3.2-20220804-6354275  User: oesteban  Machine: dna060  Platform: Linux  PlatformVersion: 5.14.0-427.37.1.el9_4.x86_64  CompilerName: GCC  CompilerVersion: 8.4.0
ProgramName: mris_fix_topology  ProgramArguments: mris_fix_topology -all-info  ProgramVersion: 7.3.2  TimeStamp: 2026/03/09-13:21:35-GMT  BuildTime: Aug  4 2022 06:17:15  BuildStamp: freesurfer-linux-ubuntu22_x86_64-7.3.2-20220804-6354275  User: oesteban  Machine: dna060  Platform: Linux  PlatformVersion: 5.14.0-427.37.1.el9_4.x86_64  CompilerName: GCC  CompilerVersion: 8.4.0
ProgramName: mris_topo_fixer  ProgramArguments: mris_topo_fixer -all-info  ProgramVersion: 7.3.2  TimeStamp: 2026/03/09-13:21:35-GMT  BuildTime: Aug  4 2022 06:17:15  BuildStamp: freesurfer-linux-ubuntu22_x86_64-7.3.2-20220804-6354275  User: oesteban  Machine: dna060  Platform: Linux  PlatformVersion: 5.14.0-427.37.1.el9_4.x86_64  CompilerName: GCC  CompilerVersion: 8.4.0
ProgramName: mris_jacobian  ProgramArguments: mris_jacobian -all-info  ProgramVersion: 7.3.2  TimeStamp: 2026/03/09-13:21:35-GMT  BuildTime: Aug  4 2022 06:17:15  BuildStamp: freesurfer-linux-ubuntu22_x86_64-7.3.2-20220804-6354275  User: oesteban  Machine: dna060  Platform: Linux  PlatformVersion: 5.14.0-427.37.1.el9_4.x86_64  CompilerName: GCC  CompilerVersion: 8.4.0
ProgramName: mris_label2annot  ProgramArguments: mris_label2annot -all-info  ProgramVersion: 7.3.2  TimeStamp: 2026/03/09-13:21:35-GMT  BuildTime: Aug  4 2022 06:17:15  BuildStamp: freesurfer-linux-ubuntu22_x86_64-7.3.2-20220804-6354275  User: oesteban  Machine: dna060  Platform: Linux  PlatformVersion: 5.14.0-427.37.1.el9_4.x86_64  CompilerName: GCC  CompilerVersion: 8.4.0
ProgramName: mris_left_right_register  ProgramArguments: mris_left_right_register -all-info  ProgramVersion: 7.3.2  TimeStamp: 2026/03/09-13:21:35-GMT  BuildTime: Aug  4 2022 06:17:15  BuildStamp: freesurfer-linux-ubuntu22_x86_64-7.3.2-20220804-6354275  User: oesteban  Machine: dna060  Platform: Linux  PlatformVersion: 5.14.0-427.37.1.el9_4.x86_64  CompilerName: GCC  CompilerVersion: 8.4.0
ProgramName: mris_place_surface  ProgramArguments: mris_place_surface -all-info  ProgramVersion: 7.3.2  TimeStamp: 2026/03/09-13:21:35-GMT  BuildTime: Aug  4 2022 06:17:15  BuildStamp: freesurfer-linux-ubuntu22_x86_64-7.3.2-20220804-6354275  User: oesteban  Machine: dna060  Platform: Linux  PlatformVersion: 5.14.0-427.37.1.el9_4.x86_64  CompilerName: GCC  CompilerVersion: 8.4.0
ProgramName: mrisp_paint  ProgramArguments: mrisp_paint -all-info  ProgramVersion: 7.3.2  TimeStamp: 2026/03/09-13:21:35-GMT  BuildTime: Aug  4 2022 06:17:15  BuildStamp: freesurfer-linux-ubuntu22_x86_64-7.3.2-20220804-6354275  User: oesteban  Machine: dna060  Platform: Linux  PlatformVersion: 5.14.0-427.37.1.el9_4.x86_64  CompilerName: GCC  CompilerVersion: 8.4.0
ProgramName: mris_register  ProgramArguments: mris_register -all-info  ProgramVersion: 7.3.2  TimeStamp: 2026/03/09-13:21:35-GMT  BuildTime: Aug  4 2022 06:17:15  BuildStamp: freesurfer-linux-ubuntu22_x86_64-7.3.2-20220804-6354275  User: oesteban  Machine: dna060  Platform: Linux  PlatformVersion: 5.14.0-427.37.1.el9_4.x86_64  CompilerName: GCC  CompilerVersion: 8.4.0
ProgramName: mris_smooth  ProgramArguments: mris_smooth -all-info  ProgramVersion: 7.3.2  TimeStamp: 2026/03/09-13:21:35-GMT  BuildTime: Aug  4 2022 06:17:15  BuildStamp: freesurfer-linux-ubuntu22_x86_64-7.3.2-20220804-6354275  User: oesteban  Machine: dna060  Platform: Linux  PlatformVersion: 5.14.0-427.37.1.el9_4.x86_64  CompilerName: GCC  CompilerVersion: 8.4.0
ProgramName: mris_sphere  ProgramArguments: mris_sphere -all-info  ProgramVersion: 7.3.2  TimeStamp: 2026/03/09-13:21:35-GMT  BuildTime: Aug  4 2022 06:17:15  BuildStamp: freesurfer-linux-ubuntu22_x86_64-7.3.2-20220804-6354275  User: oesteban  Machine: dna060  Platform: Linux  PlatformVersion: 5.14.0-427.37.1.el9_4.x86_64  CompilerName: GCC  CompilerVersion: 8.4.0
ProgramName: mris_surface_stats  ProgramArguments: mris_surface_stats -all-info  ProgramVersion: 7.3.2  TimeStamp: 2026/03/09-13:21:35-GMT  BuildTime: Aug  4 2022 06:17:15  BuildStamp: freesurfer-linux-ubuntu22_x86_64-7.3.2-20220804-6354275  User: oesteban  Machine: dna060  Platform: Linux  PlatformVersion: 5.14.0-427.37.1.el9_4.x86_64  CompilerName: GCC  CompilerVersion: 8.4.0
ProgramName: mri_stats2seg  ProgramArguments: mri_stats2seg -all-info  ProgramVersion: 7.3.2  TimeStamp: 2026/03/09-13:21:35-GMT  BuildTime: Aug  4 2022 06:17:15  BuildStamp: freesurfer-linux-ubuntu22_x86_64-7.3.2-20220804-6354275  User: oesteban  Machine: dna060  Platform: Linux  PlatformVersion: 5.14.0-427.37.1.el9_4.x86_64  CompilerName: GCC  CompilerVersion: 8.4.0
ProgramName: mris_thickness  ProgramArguments: mris_thickness -all-info  ProgramVersion: 7.3.2  TimeStamp: 2026/03/09-13:21:35-GMT  BuildTime: Aug  4 2022 06:17:15  BuildStamp: freesurfer-linux-ubuntu22_x86_64-7.3.2-20220804-6354275  User: oesteban  Machine: dna060  Platform: Linux  PlatformVersion: 5.14.0-427.37.1.el9_4.x86_64  CompilerName: GCC  CompilerVersion: 8.4.0
ProgramName: mris_thickness_diff  ProgramArguments: mris_thickness_diff -all-info  ProgramVersion: 7.3.2  TimeStamp: 2026/03/09-13:21:35-GMT  BuildTime: Aug  4 2022 06:17:15  BuildStamp: freesurfer-linux-ubuntu22_x86_64-7.3.2-20220804-6354275  User: oesteban  Machine: dna060  Platform: Linux  PlatformVersion: 5.14.0-427.37.1.el9_4.x86_64  CompilerName: GCC  CompilerVersion: 8.4.0
ProgramName: mris_topo_fixer  ProgramArguments: mris_topo_fixer -all-info  ProgramVersion: 7.3.2  TimeStamp: 2026/03/09-13:21:35-GMT  BuildTime: Aug  4 2022 06:17:15  BuildStamp: freesurfer-linux-ubuntu22_x86_64-7.3.2-20220804-6354275  User: oesteban  Machine: dna060  Platform: Linux  PlatformVersion: 5.14.0-427.37.1.el9_4.x86_64  CompilerName: GCC  CompilerVersion: 8.4.0
ProgramName: mri_surf2surf  ProgramArguments: mri_surf2surf -all-info  ProgramVersion: 7.3.2  TimeStamp: 2026/03/09-13:21:35-GMT  BuildTime: Aug  4 2022 06:17:15  BuildStamp: freesurfer-linux-ubuntu22_x86_64-7.3.2-20220804-6354275  User: oesteban  Machine: dna060  Platform: Linux  PlatformVersion: 5.14.0-427.37.1.el9_4.x86_64  CompilerName: GCC  CompilerVersion: 8.4.0
ProgramName: mri_surf2vol  ProgramArguments: mri_surf2vol -all-info  ProgramVersion: 7.3.2  TimeStamp: 2026/03/09-13:21:35-GMT  BuildTime: Aug  4 2022 06:17:15  BuildStamp: freesurfer-linux-ubuntu22_x86_64-7.3.2-20220804-6354275  User: oesteban  Machine: dna060  Platform: Linux  PlatformVersion: 5.14.0-427.37.1.el9_4.x86_64  CompilerName: GCC  CompilerVersion: 8.4.0
ProgramName: mri_surfcluster  ProgramArguments: mri_surfcluster -all-info  ProgramVersion: 7.3.2  TimeStamp: 2026/03/09-13:21:35-GMT  BuildTime: Aug  4 2022 06:17:15  BuildStamp: freesurfer-linux-ubuntu22_x86_64-7.3.2-20220804-6354275  User: oesteban  Machine: dna060  Platform: Linux  PlatformVersion: 5.14.0-427.37.1.el9_4.x86_64  CompilerName: GCC  CompilerVersion: 8.4.0
ProgramName: mris_volmask  ProgramArguments: mris_volmask -all-info  ProgramVersion: 7.3.2  TimeStamp: 2026/03/09-13:21:35-GMT  BuildTime: Aug  4 2022 06:17:15  BuildStamp: freesurfer-linux-ubuntu22_x86_64-7.3.2-20220804-6354275  User: oesteban  Machine: dna060  Platform: Linux  PlatformVersion: 5.14.0-427.37.1.el9_4.x86_64  CompilerName: GCC  CompilerVersion: 8.4.0
ProgramName: mri_tessellate  ProgramArguments: mri_tessellate -all-info  ProgramVersion: 7.3.2  TimeStamp: 2026/03/09-13:21:35-GMT  BuildTime: Aug  4 2022 06:17:15  BuildStamp: freesurfer-linux-ubuntu22_x86_64-7.3.2-20220804-6354275  User: oesteban  Machine: dna060  Platform: Linux  PlatformVersion: 5.14.0-427.37.1.el9_4.x86_64  CompilerName: GCC  CompilerVersion: 8.4.0
ProgramName: mri_vol2surf  ProgramArguments: mri_vol2surf -all-info  ProgramVersion: 7.3.2  TimeStamp: 2026/03/09-13:21:35-GMT  BuildTime: Aug  4 2022 06:17:15  BuildStamp: freesurfer-linux-ubuntu22_x86_64-7.3.2-20220804-6354275  User: oesteban  Machine: dna060  Platform: Linux  PlatformVersion: 5.14.0-427.37.1.el9_4.x86_64  CompilerName: GCC  CompilerVersion: 8.4.0
ProgramName: mri_vol2vol  ProgramArguments: mri_vol2vol -all-info  ProgramVersion: 7.3.2  TimeStamp: 2026/03/09-13:21:35-GMT  BuildTime: Aug  4 2022 06:17:15  BuildStamp: freesurfer-linux-ubuntu22_x86_64-7.3.2-20220804-6354275  User: oesteban  Machine: dna060  Platform: Linux  PlatformVersion: 5.14.0-427.37.1.el9_4.x86_64  CompilerName: GCC  CompilerVersion: 8.4.0
ProgramName: mri_voldiff  ProgramArguments: mri_voldiff -all-info  ProgramVersion: 7.3.2  TimeStamp: 2026/03/09-13:21:35-GMT  BuildTime: Aug  4 2022 06:17:15  BuildStamp: freesurfer-linux-ubuntu22_x86_64-7.3.2-20220804-6354275  User: oesteban  Machine: dna060  Platform: Linux  PlatformVersion: 5.14.0-427.37.1.el9_4.x86_64  CompilerName: GCC  CompilerVersion: 8.4.0
ProgramName: mri_watershed  ProgramArguments: mri_watershed -all-info  ProgramVersion: 7.3.2  TimeStamp: 2026/03/09-13:21:35-GMT  BuildTime: Aug  4 2022 06:17:15  BuildStamp: freesurfer-linux-ubuntu22_x86_64-7.3.2-20220804-6354275  User: oesteban  Machine: dna060  Platform: Linux  PlatformVersion: 5.14.0-427.37.1.el9_4.x86_64  CompilerName: GCC  CompilerVersion: 8.4.0
ProgramName: tkregister2  ProgramArguments: tkregister2_cmdl -all-info  ProgramVersion: 7.3.2  TimeStamp: 2026/03/09-13:21:35-GMT  BuildTime: Aug  4 2022 06:17:15  BuildStamp: freesurfer-linux-ubuntu22_x86_64-7.3.2-20220804-6354275  User: oesteban  Machine: dna060  Platform: Linux  PlatformVersion: 5.14.0-427.37.1.el9_4.x86_64  CompilerName: GCC  CompilerVersion: 8.4.0
mri_motion_correct.fsl 7.3.2
mri_convert -all-info 
ProgramName: mri_convert  ProgramArguments: mri_convert -all-info  ProgramVersion: 7.3.2  TimeStamp: 2026/03/09-13:21:35-GMT  BuildTime: Aug  4 2022 06:17:15  BuildStamp: freesurfer-linux-ubuntu22_x86_64-7.3.2-20220804-6354275  User: oesteban  Machine: dna060  Platform: Linux  PlatformVersion: 5.14.0-427.37.1.el9_4.x86_64  CompilerName: GCC  CompilerVersion: 8.4.0
Program nu_correct, built from:
Package MNI N3, version 1.12.0, compiled by nicks@terrier (x86_64-unknown-linux-gnu) on 2015-06-19 at 01:25:34
#######################################
GCADIR /opt/freesurfer/average
GCA RB_all_2020-01-02.gca
GCASkull RB_all_withskull_2020_01_02.gca
AvgCurvTif folding.atlas.acfb40.noaparc.i12.2016-08-02.tif
GCSDIR /opt/freesurfer/average
GCS DKaparc.atlas.acfb40.noaparc.i12.2016-08-02.gcs
#######################################
#--------------------------------------------
#@# AutoDetGWStats rh Mon Mar  9 14:21:35 CET 2026
cd /out/sourcedata/freesurfer/sub-v1s21x0050411_ses-1/mri
mris_autodet_gwstats --o ../surf/autodet.gw.stats.rh.dat --i brain.finalsurfs.mgz --wm wm.mgz --surf ../surf/rh.orig.premesh
  Update not needed
#--------------------------------------------
#@# WhitePreAparc rh Mon Mar  9 14:21:35 CET 2026
cd /out/sourcedata/freesurfer/sub-v1s21x0050411_ses-1/mri
mris_place_surface --adgws-in ../surf/autodet.gw.stats.rh.dat --wm wm.mgz --threads 16 --invol brain.finalsurfs.mgz --rh --i ../surf/rh.orig --o ../surf/rh.white.preaparc --white --seg aseg.presurf.mgz --nsmooth 5
   Update not needed
#--------------------------------------------
#@# CortexLabel rh Mon Mar  9 14:21:35 CET 2026
cd /out/sourcedata/freesurfer/sub-v1s21x0050411_ses-1/mri
mri_label2label --label-cortex ../surf/rh.white.preaparc aseg.presurf.mgz 0 ../label/rh.cortex.label
   Update not needed
#--------------------------------------------
#@# CortexLabel+HipAmyg rh Mon Mar  9 14:21:35 CET 2026
cd /out/sourcedata/freesurfer/sub-v1s21x0050411_ses-1/mri
mri_label2label --label-cortex ../surf/rh.white.preaparc aseg.presurf.mgz 1 ../label/rh.cortex+hipamyg.label
   Update not needed
#@# white curv rh Mon Mar  9 14:21:35 CET 2026
cd /out/sourcedata/freesurfer/sub-v1s21x0050411_ses-1/mri
mris_place_surface --curv-map ../surf/rh.white 2 10 ../surf/rh.curv
   Update not needed
#@# white area rh Mon Mar  9 14:21:35 CET 2026
cd /out/sourcedata/freesurfer/sub-v1s21x0050411_ses-1/mri
mris_place_surface --area-map ../surf/rh.white ../surf/rh.area
   Update not needed
#@# pial curv rh Mon Mar  9 14:21:36 CET 2026
cd /out/sourcedata/freesurfer/sub-v1s21x0050411_ses-1/mri
mris_place_surface --curv-map ../surf/rh.pial 2 10 ../surf/rh.curv.pial
   Update not needed
#@# pial area rh Mon Mar  9 14:21:36 CET 2026
cd /out/sourcedata/freesurfer/sub-v1s21x0050411_ses-1/mri
mris_place_surface --area-map ../surf/rh.pial ../surf/rh.area.pial
   Update not needed
#@# thickness rh Mon Mar  9 14:21:36 CET 2026
cd /out/sourcedata/freesurfer/sub-v1s21x0050411_ses-1/mri
mris_place_surface --thickness ../surf/rh.white ../surf/rh.pial 20 5 ../surf/rh.thickness
   Update not needed
#@# area and vertex vol rh Mon Mar  9 14:21:36 CET 2026
cd /out/sourcedata/freesurfer/sub-v1s21x0050411_ses-1/mri
mris_place_surface --thickness ../surf/rh.white ../surf/rh.pial 20 5 ../surf/rh.thickness
   Update not needed
#-----------------------------------------
#@# Parcellation Stats rh Mon Mar  9 14:21:36 CET 2026
/out/sourcedata/freesurfer/sub-v1s21x0050411_ses-1/scripts

 mris_anatomical_stats -th3 -mgz -noglobal -cortex ../label/rh.cortex.label -f ../stats/rh.aparc.stats -b -a ../label/rh.aparc.annot -c ../label/aparc.annot.ctab sub-v1s21x0050411_ses-1 rh white 

computing statistics for each annotation in ../label/rh.aparc.annot.
reading volume /out/sourcedata/freesurfer/sub-v1s21x0050411_ses-1/mri/wm.mgz...
reading input surface /out/sourcedata/freesurfer/sub-v1s21x0050411_ses-1/surf/rh.white...
reading input pial surface /out/sourcedata/freesurfer/sub-v1s21x0050411_ses-1/surf/rh.pial...
reading input white surface /out/sourcedata/freesurfer/sub-v1s21x0050411_ses-1/surf/rh.white...
INFO: using TH3 volume calc
INFO: assuming MGZ format for volumes.
INFO: not computing global stats
INFO: using ../label/rh.cortex.label as mask to calc cortex NumVert, SurfArea and MeanThickness.
Using TH3 vertex volume calc
Total face volume 323837
Total vertex volume 323600 (mask=0)
Saving annotation colortable ../label/aparc.annot.ctab

table columns are:
    number of vertices
    total surface area (mm^2)
    total gray matter volume (mm^3)
    average cortical thickness +- standard deviation (mm)
    integrated rectified mean curvature
    integrated rectified Gaussian curvature
    folding index
    intrinsic curvature index
    structure name

 1984   1317   3209  2.503 0.582     0.093     0.015       11     1.3  bankssts
 1102    748   1783  2.328 0.609     0.130     0.021       15     1.0  caudalanteriorcingulate
 5606   3879  11825  2.738 0.623     0.111     0.023       49     5.5  caudalmiddlefrontal
 2318   1711   3419  1.955 0.517     0.168     0.051       39     5.0  cuneus
  812    559   1673  2.317 0.825     0.158     0.058       13     2.1  entorhinal
 5274   3775  10889  2.514 0.693     0.122     0.031       66     7.2  fusiform
11517   8545  25096  2.485 0.693     0.126     0.027      138    13.3  inferiorparietal
 6166   4502  14302  2.565 0.806     0.126     0.032       90     8.6  inferiortemporal
 1226    860   2426  2.340 0.842     0.128     0.026       15     1.4  isthmuscingulate
 9735   7129  20569  2.390 0.709     0.146     0.038      134    14.9  lateraloccipital
 4580   3214   9243  2.611 0.795     0.135     0.039       54     7.9  lateralorbitofrontal
 3562   2717   6791  2.235 0.653     0.155     0.044       54     6.6  lingual
 3467   2284   6474  2.410 0.770     0.120     0.035       54     5.3  medialorbitofrontal
 7345   5370  17779  2.733 0.764     0.128     0.034      104    11.0  middletemporal
 1086    667   1593  2.132 0.718     0.080     0.015        6     0.5  parahippocampal
 3147   2085   5473  2.498 0.643     0.120     0.030       27     4.0  paracentral
 2400   1647   4940  2.691 0.591     0.111     0.022       20     2.2  parsopercularis
 1345    983   3629  2.861 0.727     0.138     0.042       23     2.1  parsorbitalis
 2363   1716   5599  2.694 0.683     0.113     0.027       24     2.8  parstriangularis
 1632   1189   2312  1.952 0.611     0.127     0.033       19     2.4  pericalcarine
 8540   5542  11578  1.960 0.684     0.111     0.028       91    10.2  postcentral
 1812   1314   3971  2.755 0.774     0.137     0.025       22     2.1  posteriorcingulate
 9151   6093  16555  2.483 0.671     0.116     0.029       84    11.2  precentral
 5806   4171  11774  2.579 0.725     0.126     0.027       61     7.1  precuneus
  974    710   2694  2.703 0.992     0.134     0.035       14     1.5  rostralanteriorcingulate
11537   8482  26447  2.569 0.725     0.133     0.032      150    15.5  rostralmiddlefrontal
15795  10818  39217  3.003 0.768     0.118     0.028      164    18.1  superiorfrontal
 8984   6278  15380  2.172 0.627     0.131     0.031       96    11.6  superiorparietal
 7169   4748  13343  2.568 0.749     0.101     0.025       59     8.0  superiortemporal
 6688   4616  11896  2.450 0.633     0.125     0.032       73     8.8  supramarginal
  527    393   1787  3.082 1.015     0.168     0.068       12     1.2  frontalpole
  763    580   2089  2.714 0.871     0.154     0.050       14     1.5  temporalpole
  581    389   1031  2.357 0.656     0.107     0.024        7     0.7  transversetemporal
 3601   2538   6813  2.713 0.794     0.122     0.034       36     4.8  insula

 mris_anatomical_stats -th3 -mgz -noglobal -cortex ../label/rh.cortex.label -f ../stats/rh.aparc.pial.stats -b -a ../label/rh.aparc.annot -c ../label/aparc.annot.ctab sub-v1s21x0050411_ses-1 rh pial 

computing statistics for each annotation in ../label/rh.aparc.annot.
reading volume /out/sourcedata/freesurfer/sub-v1s21x0050411_ses-1/mri/wm.mgz...
reading input surface /out/sourcedata/freesurfer/sub-v1s21x0050411_ses-1/surf/rh.pial...
reading input pial surface /out/sourcedata/freesurfer/sub-v1s21x0050411_ses-1/surf/rh.pial...
reading input white surface /out/sourcedata/freesurfer/sub-v1s21x0050411_ses-1/surf/rh.white...
INFO: using TH3 volume calc
INFO: assuming MGZ format for volumes.
INFO: not computing global stats
INFO: using ../label/rh.cortex.label as mask to calc cortex NumVert, SurfArea and MeanThickness.
Using TH3 vertex volume calc
Total face volume 323837
Total vertex volume 323600 (mask=0)
Saving annotation colortable ../label/aparc.annot.ctab

table columns are:
    number of vertices
    total surface area (mm^2)
    total gray matter volume (mm^3)
    average cortical thickness +- standard deviation (mm)
    integrated rectified mean curvature
    integrated rectified Gaussian curvature
    folding index
    intrinsic curvature index
    structure name

 1984   1310   3209  2.503 0.582     0.117     0.030       24     2.4  bankssts
 1102    804   1783  2.328 0.609     0.141     0.042       45     1.5  caudalanteriorcingulate
 5606   4675  11825  2.738 0.623     0.131     0.033       80     7.7  caudalmiddlefrontal
 2318   1914   3419  1.955 0.517     0.150     0.041       51     3.5  cuneus
  812    940   1673  2.317 0.825     0.261     0.092       31     3.8  entorhinal
 5274   4915  10889  2.514 0.693     0.163     0.039      103     8.7  fusiform
11517  11560  25096  2.485 0.693     0.157     0.034      259    18.3  inferiorparietal
 6166   6421  14302  2.565 0.806     0.193     0.052      313    13.0  inferiortemporal
 1226   1156   2426  2.340 0.842     0.182     0.055      104     3.0  isthmuscingulate
 9735  10047  20569  2.390 0.709     0.168     0.041      285    17.0  lateraloccipital
 4580   4024   9243  2.611 0.795     0.170     0.047      118     9.2  lateralorbitofrontal
 3562   3552   6791  2.235 0.653     0.187     0.050      108     7.0  lingual
 3467   3182   6474  2.410 0.770     0.190     0.057      194     7.6  medialorbitofrontal
 7345   7671  17779  2.733 0.764     0.179     0.043      240    13.1  middletemporal
 1086    873   1593  2.132 0.718     0.177     0.054      512     2.6  parahippocampal
 3147   2395   5473  2.498 0.643     0.129     0.034       56     4.3  paracentral
 2400   2038   4940  2.691 0.591     0.150     0.041       46     4.0  parsopercularis
 1345   1599   3629  2.861 0.727     0.193     0.048       24     2.8  parsorbitalis
 2363   2333   5599  2.694 0.683     0.170     0.040       43     4.1  parstriangularis
 1632   1280   2312  1.952 0.611     0.162     0.044       75     2.7  pericalcarine
 8540   6702  11578  1.960 0.684     0.124     0.030      118    10.6  postcentral
 1812   1575   3971  2.755 0.774     0.175     0.045      118     3.3  posteriorcingulate
 9151   7140  16555  2.483 0.671     0.125     0.077     1782    11.3  precentral
 5806   5001  11774  2.579 0.725     0.152     0.046      120     9.3  precuneus
  974   1167   2694  2.703 0.992     0.208     0.050       14     2.2  rostralanteriorcingulate
11537  11631  26447  2.569 0.725     0.175     0.043      255    20.6  rostralmiddlefrontal
15795  14831  39217  3.003 0.768     0.161     0.043      293    27.0  superiorfrontal
 8984   7776  15380  2.172 0.627     0.143     0.034      183    12.7  superiorparietal
 7169   5855  13343  2.568 0.749     0.145     0.035      168    10.9  superiortemporal
 6688   5241  11896  2.450 0.633     0.136     0.036      118     9.4  supramarginal
  527    744   1787  3.082 1.015     0.256     0.055       11     1.2  frontalpole
  763   1054   2089  2.714 0.871     0.242     0.056       12     2.2  temporalpole
  581    509   1031  2.357 0.656     0.130     0.029        4     0.8  transversetemporal
 3601   2637   6813  2.713 0.794     0.165     0.054      104     8.1  insula
#-----------------------------------------
#@# Parcellation Stats 2 rh Mon Mar  9 14:22:01 CET 2026
/out/sourcedata/freesurfer/sub-v1s21x0050411_ses-1/scripts

 mris_anatomical_stats -th3 -mgz -noglobal -cortex ../label/rh.cortex.label -f ../stats/rh.aparc.a2009s.stats -b -a ../label/rh.aparc.a2009s.annot -c ../label/aparc.annot.a2009s.ctab sub-v1s21x0050411_ses-1 rh white 

computing statistics for each annotation in ../label/rh.aparc.a2009s.annot.
reading volume /out/sourcedata/freesurfer/sub-v1s21x0050411_ses-1/mri/wm.mgz...
reading input surface /out/sourcedata/freesurfer/sub-v1s21x0050411_ses-1/surf/rh.white...
reading input pial surface /out/sourcedata/freesurfer/sub-v1s21x0050411_ses-1/surf/rh.pial...
reading input white surface /out/sourcedata/freesurfer/sub-v1s21x0050411_ses-1/surf/rh.white...
INFO: using TH3 volume calc
INFO: assuming MGZ format for volumes.
INFO: not computing global stats
INFO: using ../label/rh.cortex.label as mask to calc cortex NumVert, SurfArea and MeanThickness.
Using TH3 vertex volume calc
Total face volume 323837
Total vertex volume 323600 (mask=0)
Saving annotation colortable ../label/aparc.annot.a2009s.ctab

table columns are:
    number of vertices
    total surface area (mm^2)
    total gray matter volume (mm^3)
    average cortical thickness +- standard deviation (mm)
    integrated rectified mean curvature
    integrated rectified Gaussian curvature
    folding index
    intrinsic curvature index
    structure name

  992    677   1822  2.231 0.831     0.118     0.039       13     1.3  G_and_S_frontomargin
 1821   1372   4242  2.481 0.701     0.151     0.040       25     2.9  G_and_S_occipital_inf
 1805   1236   3109  2.154 0.697     0.133     0.038       21     3.0  G_and_S_paracentral
 2353   1542   4195  2.344 0.673     0.129     0.040       29     3.7  G_and_S_subcentral
 1415   1137   4452  2.842 0.817     0.165     0.046       26     3.1  G_and_S_transv_frontopol
 3789   2599   8168  2.791 0.692     0.113     0.026       36     4.2  G_and_S_cingul-Ant
 2155   1421   4720  2.927 0.718     0.109     0.023       18     2.0  G_and_S_cingul-Mid-Ant
 1925   1347   3791  2.819 0.605     0.115     0.021       15     1.7  G_and_S_cingul-Mid-Post
  404    338   1407  3.156 0.901     0.172     0.041        7     0.8  G_cingul-Post-dorsal
  294    240    890  2.832 0.641     0.161     0.037        4     0.5  G_cingul-Post-ventral
 2171   1657   3562  1.954 0.568     0.173     0.055       41     5.2  G_cuneus
 1637   1157   4222  2.703 0.756     0.139     0.039       24     2.8  G_front_inf-Opercular
  358    295   1357  3.132 0.594     0.165     0.053       11     0.8  G_front_inf-Orbital
  929    737   3197  3.054 0.652     0.135     0.039       14     1.6  G_front_inf-Triangul
 5434   4294  17463  2.903 0.699     0.153     0.038       96     8.6  G_front_middle
 9952   6761  28094  3.113 0.833     0.125     0.033      126    13.2  G_front_sup
  901    648   1721  2.506 0.832     0.141     0.044       14     1.4  G_Ins_lg_and_S_cent_ins
  653    545   1987  2.840 0.808     0.161     0.052       11     1.4  G_insular_short
 2687   2123   7654  2.702 0.663     0.156     0.037       47     4.0  G_occipital_middle
 1681   1252   3772  2.224 0.784     0.162     0.047       27     3.3  G_occipital_sup
 2407   1832   6354  2.717 0.725     0.136     0.035       41     3.6  G_oc-temp_lat-fusifor
 2021   1622   4521  2.280 0.674     0.170     0.049       37     4.1  G_oc-temp_med-Lingual
 1452    945   2963  2.290 0.832     0.128     0.042       18     2.7  G_oc-temp_med-Parahip
 2930   2158   7808  2.696 0.853     0.143     0.041       46     4.9  G_orbital
 3998   3247  12058  2.712 0.800     0.157     0.040       70     7.3  G_pariet_inf-Angular
 3232   2290   6140  2.349 0.715     0.142     0.044       51     5.6  G_pariet_inf-Supramar
 3068   2171   6539  2.305 0.730     0.142     0.037       38     4.7  G_parietal_sup
 2996   1908   4351  1.965 0.708     0.124     0.036       45     4.7  G_postcentral
 3391   2228   7559  2.698 0.697     0.121     0.034       34     4.6  G_precentral
 2422   1874   6386  2.688 0.721     0.152     0.036       36     4.0  G_precuneus
 1140    711   2241  2.192 0.789     0.147     0.057       33     2.9  G_rectus
  611    424   1003  2.293 0.795     0.145     0.056        8     1.6  G_subcallosal
  624    416   1226  2.522 0.737     0.102     0.027        8     0.8  G_temp_sup-G_T_transv
 2494   1687   5653  2.478 0.776     0.136     0.041       35     4.7  G_temp_sup-Lateral
 1066    715   2296  2.787 0.881     0.084     0.016        5     0.7  G_temp_sup-Plan_polar
  799    528   1124  2.150 0.638     0.079     0.020        4     0.7  G_temp_sup-Plan_tempo
 3403   2599   9344  2.572 0.861     0.152     0.044       76     6.5  G_temporal_inf
 4151   3169  12146  2.811 0.839     0.149     0.046       81     8.7  G_temporal_middle
  439    290    623  2.375 0.537     0.079     0.009        1     0.2  Lat_Fis-ant-Horizont
  294    198    554  2.694 0.567     0.084     0.017        1     0.3  Lat_Fis-ant-Vertical
 1376    899   1752  2.474 0.543     0.114     0.020       10     1.2  Lat_Fis-post
 3668   2682   6939  2.190 0.729     0.159     0.048       59     7.1  Pole_occipital
 1713   1354   4721  2.642 0.846     0.157     0.052       31     3.7  Pole_temporal
 1847   1276   2650  2.299 0.710     0.116     0.027       16     2.0  S_calcarine
 3632   2410   3824  1.809 0.560     0.103     0.020       22     3.1  S_central
 1378    975   2291  2.496 0.466     0.119     0.022       12     1.3  S_cingul-Marginalis
  622    410   1223  3.259 0.650     0.093     0.019        2     0.5  S_circular_insula_ant
 1363    855   1898  2.676 0.712     0.064     0.011        3     0.6  S_circular_insula_inf
 1631   1071   2311  2.754 0.492     0.095     0.020        6     1.4  S_circular_insula_sup
 1366    934   2599  2.581 0.653     0.096     0.021       10     1.1  S_collat_transv_ant
  409    291    452  1.827 0.362     0.146     0.027        5     0.5  S_collat_transv_post
 2998   2049   5104  2.512 0.645     0.110     0.020       24     2.4  S_front_inf
 3686   2510   6355  2.456 0.632     0.110     0.023       29     3.6  S_front_middle
 4879   3359   8504  2.595 0.562     0.110     0.023       38     4.9  S_front_sup
  654    448    929  2.514 0.482     0.106     0.018        3     0.5  S_interm_prim-Jensen
 3615   2423   5125  2.200 0.478     0.099     0.017       23     2.4  S_intrapariet_and_P_trans
 1570   1083   2399  2.336 0.503     0.124     0.029       13     2.0  S_oc_middle_and_Lunatus
 1715   1209   2779  2.337 0.654     0.131     0.029       17     2.1  S_oc_sup_and_transversal
 1366    931   1710  2.115 0.388     0.110     0.022       10     1.2  S_occipital_ant
 1484    985   2406  2.297 0.598     0.078     0.012        6     0.7  S_oc-temp_lat
 2179   1440   2897  2.220 0.598     0.097     0.018       12     1.7  S_oc-temp_med_and_Lingual
  632    431    881  2.380 0.564     0.118     0.032        5     0.8  S_orbital_lateral
  918    648   1345  2.309 0.658     0.117     0.031        7     1.3  S_orbital_med-olfact
 1656   1084   2504  2.471 0.725     0.116     0.032       13     2.2  S_orbital-H_Shaped
 2641   1787   3558  2.277 0.665     0.115     0.024       21     2.6  S_parieto_occipital
 1412    901   1254  1.760 0.521     0.119     0.018       18     1.0  S_pericallosal
 3647   2385   4753  2.177 0.587     0.100     0.018       23     2.9  S_postcentral
 2874   1923   4575  2.683 0.508     0.095     0.015       17     2.0  S_precentral-inf-part
 1383    918   1971  2.331 0.549     0.092     0.015        6     0.9  S_precentral-sup-part
  341    237    487  2.250 0.571     0.126     0.019        3     0.3  S_suborbital
 1113    783   2443  2.773 0.781     0.130     0.028       11     1.5  S_subparietal
 1959   1331   2808  2.445 0.609     0.097     0.016       10     1.5  S_temporal_inf
10319   6965  16986  2.510 0.641     0.097     0.016       73     7.4  S_temporal_sup
  255    191    454  2.985 0.703     0.135     0.026        3     0.3  S_temporal_transverse
#-----------------------------------------
#@# Parcellation Stats 3 rh Mon Mar  9 14:22:14 CET 2026
/out/sourcedata/freesurfer/sub-v1s21x0050411_ses-1/scripts

 mris_anatomical_stats -th3 -mgz -noglobal -cortex ../label/rh.cortex.label -f ../stats/rh.aparc.DKTatlas.stats -b -a ../label/rh.aparc.DKTatlas.annot -c ../label/aparc.annot.DKTatlas.ctab sub-v1s21x0050411_ses-1 rh white 

computing statistics for each annotation in ../label/rh.aparc.DKTatlas.annot.
reading volume /out/sourcedata/freesurfer/sub-v1s21x0050411_ses-1/mri/wm.mgz...
reading input surface /out/sourcedata/freesurfer/sub-v1s21x0050411_ses-1/surf/rh.white...
reading input pial surface /out/sourcedata/freesurfer/sub-v1s21x0050411_ses-1/surf/rh.pial...
reading input white surface /out/sourcedata/freesurfer/sub-v1s21x0050411_ses-1/surf/rh.white...
INFO: using TH3 volume calc
INFO: assuming MGZ format for volumes.
INFO: not computing global stats
INFO: using ../label/rh.cortex.label as mask to calc cortex NumVert, SurfArea and MeanThickness.
Using TH3 vertex volume calc
Total face volume 323837
Total vertex volume 323600 (mask=0)
Saving annotation colortable ../label/aparc.annot.DKTatlas.ctab

table columns are:
    number of vertices
    total surface area (mm^2)
    total gray matter volume (mm^3)
    average cortical thickness +- standard deviation (mm)
    integrated rectified mean curvature
    integrated rectified Gaussian curvature
    folding index
    intrinsic curvature index
    structure name

 1570   1026   3184  2.661 0.789     0.129     0.025       21     1.6  caudalanteriorcingulate
 5717   3956  12057  2.744 0.616     0.112     0.024       51     5.9  caudalmiddlefrontal
 2893   2126   4164  1.932 0.499     0.163     0.047       45     5.9  cuneus
  739    516   1631  2.323 0.849     0.158     0.059       12     1.9  entorhinal
 4976   3573  10241  2.508 0.693     0.119     0.029       59     6.2  fusiform
11359   8431  25070  2.506 0.695     0.127     0.027      136    13.2  inferiorparietal
 6600   4825  15453  2.568 0.807     0.130     0.034      100     9.8  inferiortemporal
 1223    859   2414  2.340 0.825     0.127     0.026       14     1.4  isthmuscingulate
 9578   7029  20376  2.396 0.704     0.147     0.039      133    14.9  lateraloccipital
 4763   3296   9082  2.442 0.830     0.132     0.038       59     7.6  lateralorbitofrontal
 3534   2697   6703  2.225 0.655     0.154     0.043       53     6.5  lingual
 2720   1812   5396  2.369 0.759     0.137     0.047       53     5.8  medialorbitofrontal
 9035   6540  20760  2.674 0.751     0.121     0.030      113    12.3  middletemporal
 1151    703   1652  2.136 0.716     0.085     0.017        8     0.7  parahippocampal
 3290   2194   5839  2.501 0.651     0.121     0.030       29     4.3  paracentral
 2784   1903   5853  2.718 0.610     0.110     0.023       24     2.5  parsopercularis
 1239    889   3225  2.893 0.699     0.121     0.035       17     1.7  parsorbitalis
 2328   1688   5033  2.619 0.664     0.119     0.028       25     3.0  parstriangularis
 1600   1169   2267  1.939 0.619     0.129     0.033       19     2.3  pericalcarine
 9387   6084  12763  1.976 0.677     0.110     0.027       96    10.7  postcentral
 1901   1372   4106  2.772 0.762     0.133     0.025       22     2.2  posteriorcingulate
 8780   5857  16038  2.500 0.678     0.117     0.030       82    11.0  precentral
 5902   4260  12166  2.589 0.718     0.126     0.027       63     7.0  precuneus
 1423   1002   3203  2.538 0.955     0.123     0.032       18     1.9  rostralanteriorcingulate
 8296   6212  20045  2.611 0.718     0.135     0.031      107    10.5  rostralmiddlefrontal
19113  13252  46785  2.934 0.772     0.120     0.029      206    23.1  superiorfrontal
 7466   5175  12556  2.166 0.621     0.130     0.031       81     9.8  superiorparietal
 8977   6021  16868  2.568 0.745     0.108     0.027       82    10.5  superiortemporal
 6348   4364  11026  2.418 0.639     0.125     0.033       72     8.9  supramarginal
  582    390   1064  2.393 0.671     0.094     0.019        5     0.6  transversetemporal
 3321   2347   6583  2.834 0.731     0.117     0.031       30     4.0  insula
/out/sourcedata/freesurfer/sub-v1s21x0050411_ses-1/label
#--------------------------------------------
#@# BA_exvivo Labels rh Mon Mar  9 14:22:27 CET 2026

 mri_label2label --srcsubject fsaverage --srclabel /out/sourcedata/freesurfer/fsaverage/label/rh.BA1_exvivo.label --trgsubject sub-v1s21x0050411_ses-1 --trglabel ./rh.BA1_exvivo.label --hemi rh --regmethod surface 


srclabel = /out/sourcedata/freesurfer/fsaverage/label/rh.BA1_exvivo.label
srcsubject = fsaverage
trgsubject = sub-v1s21x0050411_ses-1
trglabel = ./rh.BA1_exvivo.label
regmethod = surface

srchemi = rh
trghemi = rh
trgsurface = white
srcsurfreg = sphere.reg
trgsurfreg = sphere.reg
usehash = 1
Use ProjAbs  = 0, 0
Use ProjFrac = 0, 0
DoPaint 0

SUBJECTS_DIR    /out/sourcedata/freesurfer
FREESURFER_HOME /opt/freesurfer
Loading source label.
Found 3962 points in source label.
Starting surface-based mapping
Reading source registration 
 /out/sourcedata/freesurfer/fsaverage/surf/rh.sphere.reg
Rescaling ...  original radius = 100
Reading target surface 
 /out/sourcedata/freesurfer/sub-v1s21x0050411_ses-1/surf/rh.white
Reading target registration 
 /out/sourcedata/freesurfer/sub-v1s21x0050411_ses-1/surf/rh.sphere.reg
Rescaling ...  original radius = 100
Building target registration hash (res=16).
Building source registration hash (res=16).
INFO: found  3962 nlabel points
Performing mapping from target back to the source label 167195
Number of reverse mapping hits = 824
Checking for and removing duplicates
Writing label file ./rh.BA1_exvivo.label 4786
mri_label2label: Done


 mri_label2label --srcsubject fsaverage --srclabel /out/sourcedata/freesurfer/fsaverage/label/rh.BA2_exvivo.label --trgsubject sub-v1s21x0050411_ses-1 --trglabel ./rh.BA2_exvivo.label --hemi rh --regmethod surface 


srclabel = /out/sourcedata/freesurfer/fsaverage/label/rh.BA2_exvivo.label
srcsubject = fsaverage
trgsubject = sub-v1s21x0050411_ses-1
trglabel = ./rh.BA2_exvivo.label
regmethod = surface

srchemi = rh
trghemi = rh
trgsurface = white
srcsurfreg = sphere.reg
trgsurfreg = sphere.reg
usehash = 1
Use ProjAbs  = 0, 0
Use ProjFrac = 0, 0
DoPaint 0

SUBJECTS_DIR    /out/sourcedata/freesurfer
FREESURFER_HOME /opt/freesurfer
Loading source label.
Found 6687 points in source label.
Starting surface-based mapping
Reading source registration 
 /out/sourcedata/freesurfer/fsaverage/surf/rh.sphere.reg
Rescaling ...  original radius = 100
Reading target surface 
 /out/sourcedata/freesurfer/sub-v1s21x0050411_ses-1/surf/rh.white
Reading target registration 
 /out/sourcedata/freesurfer/sub-v1s21x0050411_ses-1/surf/rh.sphere.reg
Rescaling ...  original radius = 100
Building target registration hash (res=16).
Building source registration hash (res=16).
INFO: found  6687 nlabel points
Performing mapping from target back to the source label 167195
Number of reverse mapping hits = 994
Checking for and removing duplicates
Writing label file ./rh.BA2_exvivo.label 7681
mri_label2label: Done


 mri_label2label --srcsubject fsaverage --srclabel /out/sourcedata/freesurfer/fsaverage/label/rh.BA3a_exvivo.label --trgsubject sub-v1s21x0050411_ses-1 --trglabel ./rh.BA3a_exvivo.label --hemi rh --regmethod surface 


srclabel = /out/sourcedata/freesurfer/fsaverage/label/rh.BA3a_exvivo.label
srcsubject = fsaverage
trgsubject = sub-v1s21x0050411_ses-1
trglabel = ./rh.BA3a_exvivo.label
regmethod = surface

srchemi = rh
trghemi = rh
trgsurface = white
srcsurfreg = sphere.reg
trgsurfreg = sphere.reg
usehash = 1
Use ProjAbs  = 0, 0
Use ProjFrac = 0, 0
DoPaint 0

SUBJECTS_DIR    /out/sourcedata/freesurfer
FREESURFER_HOME /opt/freesurfer
Loading source label.
Found 3980 points in source label.
Starting surface-based mapping
Reading source registration 
 /out/sourcedata/freesurfer/fsaverage/surf/rh.sphere.reg
Rescaling ...  original radius = 100
Reading target surface 
 /out/sourcedata/freesurfer/sub-v1s21x0050411_ses-1/surf/rh.white
Reading target registration 
 /out/sourcedata/freesurfer/sub-v1s21x0050411_ses-1/surf/rh.sphere.reg
Rescaling ...  original radius = 100
Building target registration hash (res=16).
Building source registration hash (res=16).
INFO: found  3980 nlabel points
Performing mapping from target back to the source label 167195
Number of reverse mapping hits = 268
Checking for and removing duplicates
Writing label file ./rh.BA3a_exvivo.label 4248
mri_label2label: Done


 mri_label2label --srcsubject fsaverage --srclabel /out/sourcedata/freesurfer/fsaverage/label/rh.BA3b_exvivo.label --trgsubject sub-v1s21x0050411_ses-1 --trglabel ./rh.BA3b_exvivo.label --hemi rh --regmethod surface 


srclabel = /out/sourcedata/freesurfer/fsaverage/label/rh.BA3b_exvivo.label
srcsubject = fsaverage
trgsubject = sub-v1s21x0050411_ses-1
trglabel = ./rh.BA3b_exvivo.label
regmethod = surface

srchemi = rh
trghemi = rh
trgsurface = white
srcsurfreg = sphere.reg
trgsurfreg = sphere.reg
usehash = 1
Use ProjAbs  = 0, 0
Use ProjFrac = 0, 0
DoPaint 0

SUBJECTS_DIR    /out/sourcedata/freesurfer
FREESURFER_HOME /opt/freesurfer
Loading source label.
Found 4522 points in source label.
Starting surface-based mapping
Reading source registration 
 /out/sourcedata/freesurfer/fsaverage/surf/rh.sphere.reg
Rescaling ...  original radius = 100
Reading target surface 
 /out/sourcedata/freesurfer/sub-v1s21x0050411_ses-1/surf/rh.white
Reading target registration 
 /out/sourcedata/freesurfer/sub-v1s21x0050411_ses-1/surf/rh.sphere.reg
Rescaling ...  original radius = 100
Building target registration hash (res=16).
Building source registration hash (res=16).
INFO: found  4522 nlabel points
Performing mapping from target back to the source label 167195
Number of reverse mapping hits = 613
Checking for and removing duplicates
Writing label file ./rh.BA3b_exvivo.label 5135
mri_label2label: Done


 mri_label2label --srcsubject fsaverage --srclabel /out/sourcedata/freesurfer/fsaverage/label/rh.BA4a_exvivo.label --trgsubject sub-v1s21x0050411_ses-1 --trglabel ./rh.BA4a_exvivo.label --hemi rh --regmethod surface 


srclabel = /out/sourcedata/freesurfer/fsaverage/label/rh.BA4a_exvivo.label
srcsubject = fsaverage
trgsubject = sub-v1s21x0050411_ses-1
trglabel = ./rh.BA4a_exvivo.label
regmethod = surface

srchemi = rh
trghemi = rh
trgsurface = white
srcsurfreg = sphere.reg
trgsurfreg = sphere.reg
usehash = 1
Use ProjAbs  = 0, 0
Use ProjFrac = 0, 0
DoPaint 0

SUBJECTS_DIR    /out/sourcedata/freesurfer
FREESURFER_HOME /opt/freesurfer
Loading source label.
Found 5747 points in source label.
Starting surface-based mapping
Reading source registration 
 /out/sourcedata/freesurfer/fsaverage/surf/rh.sphere.reg
Rescaling ...  original radius = 100
Reading target surface 
 /out/sourcedata/freesurfer/sub-v1s21x0050411_ses-1/surf/rh.white
Reading target registration 
 /out/sourcedata/freesurfer/sub-v1s21x0050411_ses-1/surf/rh.sphere.reg
Rescaling ...  original radius = 100
Building target registration hash (res=16).
Building source registration hash (res=16).
INFO: found  5747 nlabel points
Performing mapping from target back to the source label 167195
Number of reverse mapping hits = 669
Checking for and removing duplicates
Writing label file ./rh.BA4a_exvivo.label 6416
mri_label2label: Done


 mri_label2label --srcsubject fsaverage --srclabel /out/sourcedata/freesurfer/fsaverage/label/rh.BA4p_exvivo.label --trgsubject sub-v1s21x0050411_ses-1 --trglabel ./rh.BA4p_exvivo.label --hemi rh --regmethod surface 


srclabel = /out/sourcedata/freesurfer/fsaverage/label/rh.BA4p_exvivo.label
srcsubject = fsaverage
trgsubject = sub-v1s21x0050411_ses-1
trglabel = ./rh.BA4p_exvivo.label
regmethod = surface

srchemi = rh
trghemi = rh
trgsurface = white
srcsurfreg = sphere.reg
trgsurfreg = sphere.reg
usehash = 1
Use ProjAbs  = 0, 0
Use ProjFrac = 0, 0
DoPaint 0

SUBJECTS_DIR    /out/sourcedata/freesurfer
FREESURFER_HOME /opt/freesurfer
Loading source label.
Found 4473 points in source label.
Starting surface-based mapping
Reading source registration 
 /out/sourcedata/freesurfer/fsaverage/surf/rh.sphere.reg
Rescaling ...  original radius = 100
Reading target surface 
 /out/sourcedata/freesurfer/sub-v1s21x0050411_ses-1/surf/rh.white
Reading target registration 
 /out/sourcedata/freesurfer/sub-v1s21x0050411_ses-1/surf/rh.sphere.reg
Rescaling ...  original radius = 100
Building target registration hash (res=16).
Building source registration hash (res=16).
INFO: found  4473 nlabel points
Performing mapping from target back to the source label 167195
Number of reverse mapping hits = 300
Checking for and removing duplicates
Writing label file ./rh.BA4p_exvivo.label 4773
mri_label2label: Done


 mri_label2label --srcsubject fsaverage --srclabel /out/sourcedata/freesurfer/fsaverage/label/rh.BA6_exvivo.label --trgsubject sub-v1s21x0050411_ses-1 --trglabel ./rh.BA6_exvivo.label --hemi rh --regmethod surface 


srclabel = /out/sourcedata/freesurfer/fsaverage/label/rh.BA6_exvivo.label
srcsubject = fsaverage
trgsubject = sub-v1s21x0050411_ses-1
trglabel = ./rh.BA6_exvivo.label
regmethod = surface

srchemi = rh
trghemi = rh
trgsurface = white
srcsurfreg = sphere.reg
trgsurfreg = sphere.reg
usehash = 1
Use ProjAbs  = 0, 0
Use ProjFrac = 0, 0
DoPaint 0

SUBJECTS_DIR    /out/sourcedata/freesurfer
FREESURFER_HOME /opt/freesurfer
Loading source label.
Found 12256 points in source label.
Starting surface-based mapping
Reading source registration 
 /out/sourcedata/freesurfer/fsaverage/surf/rh.sphere.reg
Rescaling ...  original radius = 100
Reading target surface 
 /out/sourcedata/freesurfer/sub-v1s21x0050411_ses-1/surf/rh.white
Reading target registration 
 /out/sourcedata/freesurfer/sub-v1s21x0050411_ses-1/surf/rh.sphere.reg
Rescaling ...  original radius = 100
Building target registration hash (res=16).
Building source registration hash (res=16).
INFO: found  12256 nlabel points
Performing mapping from target back to the source label 167195
Number of reverse mapping hits = 2275
Checking for and removing duplicates
Writing label file ./rh.BA6_exvivo.label 14531
mri_label2label: Done


 mri_label2label --srcsubject fsaverage --srclabel /out/sourcedata/freesurfer/fsaverage/label/rh.BA44_exvivo.label --trgsubject sub-v1s21x0050411_ses-1 --trglabel ./rh.BA44_exvivo.label --hemi rh --regmethod surface 


srclabel = /out/sourcedata/freesurfer/fsaverage/label/rh.BA44_exvivo.label
srcsubject = fsaverage
trgsubject = sub-v1s21x0050411_ses-1
trglabel = ./rh.BA44_exvivo.label
regmethod = surface

srchemi = rh
trghemi = rh
trgsurface = white
srcsurfreg = sphere.reg
trgsurfreg = sphere.reg
usehash = 1
Use ProjAbs  = 0, 0
Use ProjFrac = 0, 0
DoPaint 0

SUBJECTS_DIR    /out/sourcedata/freesurfer
FREESURFER_HOME /opt/freesurfer
Loading source label.
Found 6912 points in source label.
Starting surface-based mapping
Reading source registration 
 /out/sourcedata/freesurfer/fsaverage/surf/rh.sphere.reg
Rescaling ...  original radius = 100
Reading target surface 
 /out/sourcedata/freesurfer/sub-v1s21x0050411_ses-1/surf/rh.white
Reading target registration 
 /out/sourcedata/freesurfer/sub-v1s21x0050411_ses-1/surf/rh.sphere.reg
Rescaling ...  original radius = 100
Building target registration hash (res=16).
Building source registration hash (res=16).
INFO: found  6912 nlabel points
Performing mapping from target back to the source label 167195
Number of reverse mapping hits = 1654
Checking for and removing duplicates
Writing label file ./rh.BA44_exvivo.label 8566
mri_label2label: Done


 mri_label2label --srcsubject fsaverage --srclabel /out/sourcedata/freesurfer/fsaverage/label/rh.BA45_exvivo.label --trgsubject sub-v1s21x0050411_ses-1 --trglabel ./rh.BA45_exvivo.label --hemi rh --regmethod surface 


srclabel = /out/sourcedata/freesurfer/fsaverage/label/rh.BA45_exvivo.label
srcsubject = fsaverage
trgsubject = sub-v1s21x0050411_ses-1
trglabel = ./rh.BA45_exvivo.label
regmethod = surface

srchemi = rh
trghemi = rh
trgsurface = white
srcsurfreg = sphere.reg
trgsurfreg = sphere.reg
usehash = 1
Use ProjAbs  = 0, 0
Use ProjFrac = 0, 0
DoPaint 0

SUBJECTS_DIR    /out/sourcedata/freesurfer
FREESURFER_HOME /opt/freesurfer
Loading source label.
Found 5355 points in source label.
Starting surface-based mapping
Reading source registration 
 /out/sourcedata/freesurfer/fsaverage/surf/rh.sphere.reg
Rescaling ...  original radius = 100
Reading target surface 
 /out/sourcedata/freesurfer/sub-v1s21x0050411_ses-1/surf/rh.white
Reading target registration 
 /out/sourcedata/freesurfer/sub-v1s21x0050411_ses-1/surf/rh.sphere.reg
Rescaling ...  original radius = 100
Building target registration hash (res=16).
Building source registration hash (res=16).
INFO: found  5355 nlabel points
Performing mapping from target back to the source label 167195
Number of reverse mapping hits = 1046
Checking for and removing duplicates
Writing label file ./rh.BA45_exvivo.label 6401
mri_label2label: Done


 mri_label2label --srcsubject fsaverage --srclabel /out/sourcedata/freesurfer/fsaverage/label/rh.V1_exvivo.label --trgsubject sub-v1s21x0050411_ses-1 --trglabel ./rh.V1_exvivo.label --hemi rh --regmethod surface 


srclabel = /out/sourcedata/freesurfer/fsaverage/label/rh.V1_exvivo.label
srcsubject = fsaverage
trgsubject = sub-v1s21x0050411_ses-1
trglabel = ./rh.V1_exvivo.label
regmethod = surface

srchemi = rh
trghemi = rh
trgsurface = white
srcsurfreg = sphere.reg
trgsurfreg = sphere.reg
usehash = 1
Use ProjAbs  = 0, 0
Use ProjFrac = 0, 0
DoPaint 0

SUBJECTS_DIR    /out/sourcedata/freesurfer
FREESURFER_HOME /opt/freesurfer
Loading source label.
Found 4727 points in source label.
Starting surface-based mapping
Reading source registration 
 /out/sourcedata/freesurfer/fsaverage/surf/rh.sphere.reg
Rescaling ...  original radius = 100
Reading target surface 
 /out/sourcedata/freesurfer/sub-v1s21x0050411_ses-1/surf/rh.white
Reading target registration 
 /out/sourcedata/freesurfer/sub-v1s21x0050411_ses-1/surf/rh.sphere.reg
Rescaling ...  original radius = 100
Building target registration hash (res=16).
Building source registration hash (res=16).
INFO: found  4727 nlabel points
Performing mapping from target back to the source label 167195
Number of reverse mapping hits = 900
Checking for and removing duplicates
Writing label file ./rh.V1_exvivo.label 5627
mri_label2label: Done


 mri_label2label --srcsubject fsaverage --srclabel /out/sourcedata/freesurfer/fsaverage/label/rh.V2_exvivo.label --trgsubject sub-v1s21x0050411_ses-1 --trglabel ./rh.V2_exvivo.label --hemi rh --regmethod surface 


srclabel = /out/sourcedata/freesurfer/fsaverage/label/rh.V2_exvivo.label
srcsubject = fsaverage
trgsubject = sub-v1s21x0050411_ses-1
trglabel = ./rh.V2_exvivo.label
regmethod = surface

srchemi = rh
trghemi = rh
trgsurface = white
srcsurfreg = sphere.reg
trgsurfreg = sphere.reg
usehash = 1
Use ProjAbs  = 0, 0
Use ProjFrac = 0, 0
DoPaint 0

SUBJECTS_DIR    /out/sourcedata/freesurfer
FREESURFER_HOME /opt/freesurfer
Loading source label.
Found 8016 points in source label.
Starting surface-based mapping
Reading source registration 
 /out/sourcedata/freesurfer/fsaverage/surf/rh.sphere.reg
Rescaling ...  original radius = 100
Reading target surface 
 /out/sourcedata/freesurfer/sub-v1s21x0050411_ses-1/surf/rh.white
Reading target registration 
 /out/sourcedata/freesurfer/sub-v1s21x0050411_ses-1/surf/rh.sphere.reg
Rescaling ...  original radius = 100
Building target registration hash (res=16).
Building source registration hash (res=16).
INFO: found  8016 nlabel points
Performing mapping from target back to the source label 167195
Number of reverse mapping hits = 2085
Checking for and removing duplicates
Writing label file ./rh.V2_exvivo.label 10101
mri_label2label: Done


 mri_label2label --srcsubject fsaverage --srclabel /out/sourcedata/freesurfer/fsaverage/label/rh.MT_exvivo.label --trgsubject sub-v1s21x0050411_ses-1 --trglabel ./rh.MT_exvivo.label --hemi rh --regmethod surface 


srclabel = /out/sourcedata/freesurfer/fsaverage/label/rh.MT_exvivo.label
srcsubject = fsaverage
trgsubject = sub-v1s21x0050411_ses-1
trglabel = ./rh.MT_exvivo.label
regmethod = surface

srchemi = rh
trghemi = rh
trgsurface = white
srcsurfreg = sphere.reg
trgsurfreg = sphere.reg
usehash = 1
Use ProjAbs  = 0, 0
Use ProjFrac = 0, 0
DoPaint 0

SUBJECTS_DIR    /out/sourcedata/freesurfer
FREESURFER_HOME /opt/freesurfer
Loading source label.
Found 1932 points in source label.
Starting surface-based mapping
Reading source registration 
 /out/sourcedata/freesurfer/fsaverage/surf/rh.sphere.reg
Rescaling ...  original radius = 100
Reading target surface 
 /out/sourcedata/freesurfer/sub-v1s21x0050411_ses-1/surf/rh.white
Reading target registration 
 /out/sourcedata/freesurfer/sub-v1s21x0050411_ses-1/surf/rh.sphere.reg
Rescaling ...  original radius = 100
Building target registration hash (res=16).
Building source registration hash (res=16).
INFO: found  1932 nlabel points
Performing mapping from target back to the source label 167195
Number of reverse mapping hits = 1455
Checking for and removing duplicates
Writing label file ./rh.MT_exvivo.label 3387
mri_label2label: Done


 mri_label2label --srcsubject fsaverage --srclabel /out/sourcedata/freesurfer/fsaverage/label/rh.entorhinal_exvivo.label --trgsubject sub-v1s21x0050411_ses-1 --trglabel ./rh.entorhinal_exvivo.label --hemi rh --regmethod surface 


srclabel = /out/sourcedata/freesurfer/fsaverage/label/rh.entorhinal_exvivo.label
srcsubject = fsaverage
trgsubject = sub-v1s21x0050411_ses-1
trglabel = ./rh.entorhinal_exvivo.label
regmethod = surface

srchemi = rh
trghemi = rh
trgsurface = white
srcsurfreg = sphere.reg
trgsurfreg = sphere.reg
usehash = 1
Use ProjAbs  = 0, 0
Use ProjFrac = 0, 0
DoPaint 0

SUBJECTS_DIR    /out/sourcedata/freesurfer
FREESURFER_HOME /opt/freesurfer
Loading source label.
Found 1038 points in source label.
Starting surface-based mapping
Reading source registration 
 /out/sourcedata/freesurfer/fsaverage/surf/rh.sphere.reg
Rescaling ...  original radius = 100
Reading target surface 
 /out/sourcedata/freesurfer/sub-v1s21x0050411_ses-1/surf/rh.white
Reading target registration 
 /out/sourcedata/freesurfer/sub-v1s21x0050411_ses-1/surf/rh.sphere.reg
Rescaling ...  original radius = 100
Building target registration hash (res=16).
Building source registration hash (res=16).
INFO: found  1038 nlabel points
Performing mapping from target back to the source label 167195
Number of reverse mapping hits = 210
Checking for and removing duplicates
Writing label file ./rh.entorhinal_exvivo.label 1248
mri_label2label: Done


 mri_label2label --srcsubject fsaverage --srclabel /out/sourcedata/freesurfer/fsaverage/label/rh.perirhinal_exvivo.label --trgsubject sub-v1s21x0050411_ses-1 --trglabel ./rh.perirhinal_exvivo.label --hemi rh --regmethod surface 


srclabel = /out/sourcedata/freesurfer/fsaverage/label/rh.perirhinal_exvivo.label
srcsubject = fsaverage
trgsubject = sub-v1s21x0050411_ses-1
trglabel = ./rh.perirhinal_exvivo.label
regmethod = surface

srchemi = rh
trghemi = rh
trgsurface = white
srcsurfreg = sphere.reg
trgsurfreg = sphere.reg
usehash = 1
Use ProjAbs  = 0, 0
Use ProjFrac = 0, 0
DoPaint 0

SUBJECTS_DIR    /out/sourcedata/freesurfer
FREESURFER_HOME /opt/freesurfer
Loading source label.
Found 752 points in source label.
Starting surface-based mapping
Reading source registration 
 /out/sourcedata/freesurfer/fsaverage/surf/rh.sphere.reg
Rescaling ...  original radius = 100
Reading target surface 
 /out/sourcedata/freesurfer/sub-v1s21x0050411_ses-1/surf/rh.white
Reading target registration 
 /out/sourcedata/freesurfer/sub-v1s21x0050411_ses-1/surf/rh.sphere.reg
Rescaling ...  original radius = 100
Building target registration hash (res=16).
Building source registration hash (res=16).
INFO: found  752 nlabel points
Performing mapping from target back to the source label 167195
Number of reverse mapping hits = 129
Checking for and removing duplicates
Writing label file ./rh.perirhinal_exvivo.label 881
mri_label2label: Done


 mri_label2label --srcsubject fsaverage --srclabel /out/sourcedata/freesurfer/fsaverage/label/rh.FG1.mpm.vpnl.label --trgsubject sub-v1s21x0050411_ses-1 --trglabel ./rh.FG1.mpm.vpnl.label --hemi rh --regmethod surface 


srclabel = /out/sourcedata/freesurfer/fsaverage/label/rh.FG1.mpm.vpnl.label
srcsubject = fsaverage
trgsubject = sub-v1s21x0050411_ses-1
trglabel = ./rh.FG1.mpm.vpnl.label
regmethod = surface

srchemi = rh
trghemi = rh
trgsurface = white
srcsurfreg = sphere.reg
trgsurfreg = sphere.reg
usehash = 1
Use ProjAbs  = 0, 0
Use ProjFrac = 0, 0
DoPaint 0

SUBJECTS_DIR    /out/sourcedata/freesurfer
FREESURFER_HOME /opt/freesurfer
Loading source label.
Found 541 points in source label.
Starting surface-based mapping
Reading source registration 
 /out/sourcedata/freesurfer/fsaverage/surf/rh.sphere.reg
Rescaling ...  original radius = 100
Reading target surface 
 /out/sourcedata/freesurfer/sub-v1s21x0050411_ses-1/surf/rh.white
Reading target registration 
 /out/sourcedata/freesurfer/sub-v1s21x0050411_ses-1/surf/rh.sphere.reg
Rescaling ...  original radius = 100
Building target registration hash (res=16).
Building source registration hash (res=16).
INFO: found  541 nlabel points
Performing mapping from target back to the source label 167195
Number of reverse mapping hits = 211
Checking for and removing duplicates
Writing label file ./rh.FG1.mpm.vpnl.label 752
mri_label2label: Done


 mri_label2label --srcsubject fsaverage --srclabel /out/sourcedata/freesurfer/fsaverage/label/rh.FG2.mpm.vpnl.label --trgsubject sub-v1s21x0050411_ses-1 --trglabel ./rh.FG2.mpm.vpnl.label --hemi rh --regmethod surface 


srclabel = /out/sourcedata/freesurfer/fsaverage/label/rh.FG2.mpm.vpnl.label
srcsubject = fsaverage
trgsubject = sub-v1s21x0050411_ses-1
trglabel = ./rh.FG2.mpm.vpnl.label
regmethod = surface

srchemi = rh
trghemi = rh
trgsurface = white
srcsurfreg = sphere.reg
trgsurfreg = sphere.reg
usehash = 1
Use ProjAbs  = 0, 0
Use ProjFrac = 0, 0
DoPaint 0

SUBJECTS_DIR    /out/sourcedata/freesurfer
FREESURFER_HOME /opt/freesurfer
Loading source label.
Found 721 points in source label.
Starting surface-based mapping
Reading source registration 
 /out/sourcedata/freesurfer/fsaverage/surf/rh.sphere.reg
Rescaling ...  original radius = 100
Reading target surface 
 /out/sourcedata/freesurfer/sub-v1s21x0050411_ses-1/surf/rh.white
Reading target registration 
 /out/sourcedata/freesurfer/sub-v1s21x0050411_ses-1/surf/rh.sphere.reg
Rescaling ...  original radius = 100
Building target registration hash (res=16).
Building source registration hash (res=16).
INFO: found  721 nlabel points
Performing mapping from target back to the source label 167195
Number of reverse mapping hits = 483
Checking for and removing duplicates
Writing label file ./rh.FG2.mpm.vpnl.label 1204
mri_label2label: Done


 mri_label2label --srcsubject fsaverage --srclabel /out/sourcedata/freesurfer/fsaverage/label/rh.FG3.mpm.vpnl.label --trgsubject sub-v1s21x0050411_ses-1 --trglabel ./rh.FG3.mpm.vpnl.label --hemi rh --regmethod surface 


srclabel = /out/sourcedata/freesurfer/fsaverage/label/rh.FG3.mpm.vpnl.label
srcsubject = fsaverage
trgsubject = sub-v1s21x0050411_ses-1
trglabel = ./rh.FG3.mpm.vpnl.label
regmethod = surface

srchemi = rh
trghemi = rh
trgsurface = white
srcsurfreg = sphere.reg
trgsurfreg = sphere.reg
usehash = 1
Use ProjAbs  = 0, 0
Use ProjFrac = 0, 0
DoPaint 0

SUBJECTS_DIR    /out/sourcedata/freesurfer
FREESURFER_HOME /opt/freesurfer
Loading source label.
Found 1523 points in source label.
Starting surface-based mapping
Reading source registration 
 /out/sourcedata/freesurfer/fsaverage/surf/rh.sphere.reg
Rescaling ...  original radius = 100
Reading target surface 
 /out/sourcedata/freesurfer/sub-v1s21x0050411_ses-1/surf/rh.white
Reading target registration 
 /out/sourcedata/freesurfer/sub-v1s21x0050411_ses-1/surf/rh.sphere.reg
Rescaling ...  original radius = 100
Building target registration hash (res=16).
Building source registration hash (res=16).
INFO: found  1523 nlabel points
Performing mapping from target back to the source label 167195
Number of reverse mapping hits = 297
Checking for and removing duplicates
Writing label file ./rh.FG3.mpm.vpnl.label 1820
mri_label2label: Done


 mri_label2label --srcsubject fsaverage --srclabel /out/sourcedata/freesurfer/fsaverage/label/rh.FG4.mpm.vpnl.label --trgsubject sub-v1s21x0050411_ses-1 --trglabel ./rh.FG4.mpm.vpnl.label --hemi rh --regmethod surface 


srclabel = /out/sourcedata/freesurfer/fsaverage/label/rh.FG4.mpm.vpnl.label
srcsubject = fsaverage
trgsubject = sub-v1s21x0050411_ses-1
trglabel = ./rh.FG4.mpm.vpnl.label
regmethod = surface

srchemi = rh
trghemi = rh
trgsurface = white
srcsurfreg = sphere.reg
trgsurfreg = sphere.reg
usehash = 1
Use ProjAbs  = 0, 0
Use ProjFrac = 0, 0
DoPaint 0

SUBJECTS_DIR    /out/sourcedata/freesurfer
FREESURFER_HOME /opt/freesurfer
Loading source label.
Found 1586 points in source label.
Starting surface-based mapping
Reading source registration 
 /out/sourcedata/freesurfer/fsaverage/surf/rh.sphere.reg
Rescaling ...  original radius = 100
Reading target surface 
 /out/sourcedata/freesurfer/sub-v1s21x0050411_ses-1/surf/rh.white
Reading target registration 
 /out/sourcedata/freesurfer/sub-v1s21x0050411_ses-1/surf/rh.sphere.reg
Rescaling ...  original radius = 100
Building target registration hash (res=16).
Building source registration hash (res=16).
INFO: found  1586 nlabel points
Performing mapping from target back to the source label 167195
Number of reverse mapping hits = 753
Checking for and removing duplicates
Writing label file ./rh.FG4.mpm.vpnl.label 2339
mri_label2label: Done


 mri_label2label --srcsubject fsaverage --srclabel /out/sourcedata/freesurfer/fsaverage/label/rh.hOc1.mpm.vpnl.label --trgsubject sub-v1s21x0050411_ses-1 --trglabel ./rh.hOc1.mpm.vpnl.label --hemi rh --regmethod surface 


srclabel = /out/sourcedata/freesurfer/fsaverage/label/rh.hOc1.mpm.vpnl.label
srcsubject = fsaverage
trgsubject = sub-v1s21x0050411_ses-1
trglabel = ./rh.hOc1.mpm.vpnl.label
regmethod = surface

srchemi = rh
trghemi = rh
trgsurface = white
srcsurfreg = sphere.reg
trgsurfreg = sphere.reg
usehash = 1
Use ProjAbs  = 0, 0
Use ProjFrac = 0, 0
DoPaint 0

SUBJECTS_DIR    /out/sourcedata/freesurfer
FREESURFER_HOME /opt/freesurfer
Loading source label.
Found 3667 points in source label.
Starting surface-based mapping
Reading source registration 
 /out/sourcedata/freesurfer/fsaverage/surf/rh.sphere.reg
Rescaling ...  original radius = 100
Reading target surface 
 /out/sourcedata/freesurfer/sub-v1s21x0050411_ses-1/surf/rh.white
Reading target registration 
 /out/sourcedata/freesurfer/sub-v1s21x0050411_ses-1/surf/rh.sphere.reg
Rescaling ...  original radius = 100
Building target registration hash (res=16).
Building source registration hash (res=16).
INFO: found  3667 nlabel points
Performing mapping from target back to the source label 167195
Number of reverse mapping hits = 587
Checking for and removing duplicates
Writing label file ./rh.hOc1.mpm.vpnl.label 4254
mri_label2label: Done


 mri_label2label --srcsubject fsaverage --srclabel /out/sourcedata/freesurfer/fsaverage/label/rh.hOc2.mpm.vpnl.label --trgsubject sub-v1s21x0050411_ses-1 --trglabel ./rh.hOc2.mpm.vpnl.label --hemi rh --regmethod surface 


srclabel = /out/sourcedata/freesurfer/fsaverage/label/rh.hOc2.mpm.vpnl.label
srcsubject = fsaverage
trgsubject = sub-v1s21x0050411_ses-1
trglabel = ./rh.hOc2.mpm.vpnl.label
regmethod = surface

srchemi = rh
trghemi = rh
trgsurface = white
srcsurfreg = sphere.reg
trgsurfreg = sphere.reg
usehash = 1
Use ProjAbs  = 0, 0
Use ProjFrac = 0, 0
DoPaint 0

SUBJECTS_DIR    /out/sourcedata/freesurfer
FREESURFER_HOME /opt/freesurfer
Loading source label.
Found 2719 points in source label.
Starting surface-based mapping
Reading source registration 
 /out/sourcedata/freesurfer/fsaverage/surf/rh.sphere.reg
Rescaling ...  original radius = 100
Reading target surface 
 /out/sourcedata/freesurfer/sub-v1s21x0050411_ses-1/surf/rh.white
Reading target registration 
 /out/sourcedata/freesurfer/sub-v1s21x0050411_ses-1/surf/rh.sphere.reg
Rescaling ...  original radius = 100
Building target registration hash (res=16).
Building source registration hash (res=16).
INFO: found  2719 nlabel points
Performing mapping from target back to the source label 167195
Number of reverse mapping hits = 652
Checking for and removing duplicates
Writing label file ./rh.hOc2.mpm.vpnl.label 3371
mri_label2label: Done


 mri_label2label --srcsubject fsaverage --srclabel /out/sourcedata/freesurfer/fsaverage/label/rh.hOc3v.mpm.vpnl.label --trgsubject sub-v1s21x0050411_ses-1 --trglabel ./rh.hOc3v.mpm.vpnl.label --hemi rh --regmethod surface 


srclabel = /out/sourcedata/freesurfer/fsaverage/label/rh.hOc3v.mpm.vpnl.label
srcsubject = fsaverage
trgsubject = sub-v1s21x0050411_ses-1
trglabel = ./rh.hOc3v.mpm.vpnl.label
regmethod = surface

srchemi = rh
trghemi = rh
trgsurface = white
srcsurfreg = sphere.reg
trgsurfreg = sphere.reg
usehash = 1
Use ProjAbs  = 0, 0
Use ProjFrac = 0, 0
DoPaint 0

SUBJECTS_DIR    /out/sourcedata/freesurfer
FREESURFER_HOME /opt/freesurfer
Loading source label.
Found 1228 points in source label.
Starting surface-based mapping
Reading source registration 
 /out/sourcedata/freesurfer/fsaverage/surf/rh.sphere.reg
Rescaling ...  original radius = 100
Reading target surface 
 /out/sourcedata/freesurfer/sub-v1s21x0050411_ses-1/surf/rh.white
Reading target registration 
 /out/sourcedata/freesurfer/sub-v1s21x0050411_ses-1/surf/rh.sphere.reg
Rescaling ...  original radius = 100
Building target registration hash (res=16).
Building source registration hash (res=16).
INFO: found  1228 nlabel points
Performing mapping from target back to the source label 167195
Number of reverse mapping hits = 433
Checking for and removing duplicates
Writing label file ./rh.hOc3v.mpm.vpnl.label 1661
mri_label2label: Done


 mri_label2label --srcsubject fsaverage --srclabel /out/sourcedata/freesurfer/fsaverage/label/rh.hOc4v.mpm.vpnl.label --trgsubject sub-v1s21x0050411_ses-1 --trglabel ./rh.hOc4v.mpm.vpnl.label --hemi rh --regmethod surface 


srclabel = /out/sourcedata/freesurfer/fsaverage/label/rh.hOc4v.mpm.vpnl.label
srcsubject = fsaverage
trgsubject = sub-v1s21x0050411_ses-1
trglabel = ./rh.hOc4v.mpm.vpnl.label
regmethod = surface

srchemi = rh
trghemi = rh
trgsurface = white
srcsurfreg = sphere.reg
trgsurfreg = sphere.reg
usehash = 1
Use ProjAbs  = 0, 0
Use ProjFrac = 0, 0
DoPaint 0

SUBJECTS_DIR    /out/sourcedata/freesurfer
FREESURFER_HOME /opt/freesurfer
Loading source label.
Found 1025 points in source label.
Starting surface-based mapping
Reading source registration 
 /out/sourcedata/freesurfer/fsaverage/surf/rh.sphere.reg
Rescaling ...  original radius = 100
Reading target surface 
 /out/sourcedata/freesurfer/sub-v1s21x0050411_ses-1/surf/rh.white
Reading target registration 
 /out/sourcedata/freesurfer/sub-v1s21x0050411_ses-1/surf/rh.sphere.reg
Rescaling ...  original radius = 100
Building target registration hash (res=16).
Building source registration hash (res=16).
INFO: found  1025 nlabel points
Performing mapping from target back to the source label 167195
Number of reverse mapping hits = 455
Checking for and removing duplicates
Writing label file ./rh.hOc4v.mpm.vpnl.label 1480
mri_label2label: Done


 mris_label2annot --s sub-v1s21x0050411_ses-1 --ctab /opt/freesurfer/average/colortable_vpnl.txt --hemi rh --a mpm.vpnl --maxstatwinner --noverbose --l rh.FG1.mpm.vpnl.label --l rh.FG2.mpm.vpnl.label --l rh.FG3.mpm.vpnl.label --l rh.FG4.mpm.vpnl.label --l rh.hOc1.mpm.vpnl.label --l rh.hOc2.mpm.vpnl.label --l rh.hOc3v.mpm.vpnl.label --l rh.hOc4v.mpm.vpnl.label 

Reading ctab /opt/freesurfer/average/colortable_vpnl.txt
Number of ctab entries 9

7.3.2
cwd /out/sourcedata/freesurfer/sub-v1s21x0050411_ses-1/label
cmdline mris_label2annot --s sub-v1s21x0050411_ses-1 --ctab /opt/freesurfer/average/colortable_vpnl.txt --hemi rh --a mpm.vpnl --maxstatwinner --noverbose --l rh.FG1.mpm.vpnl.label --l rh.FG2.mpm.vpnl.label --l rh.FG3.mpm.vpnl.label --l rh.FG4.mpm.vpnl.label --l rh.hOc1.mpm.vpnl.label --l rh.hOc2.mpm.vpnl.label --l rh.hOc3v.mpm.vpnl.label --l rh.hOc4v.mpm.vpnl.label 
sysname  Linux
hostname dna060
machine  x86_64
user     oesteban

subject sub-v1s21x0050411_ses-1
hemi    rh
SUBJECTS_DIR /out/sourcedata/freesurfer
ColorTable /opt/freesurfer/average/colortable_vpnl.txt
AnnotName  mpm.vpnl
nlables 8
LabelThresh 0 0.000000
Loading /out/sourcedata/freesurfer/sub-v1s21x0050411_ses-1/surf/rh.orig
 1 1376057 FG1
 2 16711935 FG2
 3 16711680 FG3
 4 1705837 FG4
 5 25600 hOc1
 6 255 hOc2
 7 16776960 hOc3v
 8 65535 hOc4v
Mapping unhit to unknown
Found 151916 unhit vertices
Writing annot to /out/sourcedata/freesurfer/sub-v1s21x0050411_ses-1/label/rh.mpm.vpnl.annot

 mri_label2label --srcsubject fsaverage --srclabel /out/sourcedata/freesurfer/fsaverage/label/rh.BA1_exvivo.thresh.label --trgsubject sub-v1s21x0050411_ses-1 --trglabel ./rh.BA1_exvivo.thresh.label --hemi rh --regmethod surface 


srclabel = /out/sourcedata/freesurfer/fsaverage/label/rh.BA1_exvivo.thresh.label
srcsubject = fsaverage
trgsubject = sub-v1s21x0050411_ses-1
trglabel = ./rh.BA1_exvivo.thresh.label
regmethod = surface

srchemi = rh
trghemi = rh
trgsurface = white
srcsurfreg = sphere.reg
trgsurfreg = sphere.reg
usehash = 1
Use ProjAbs  = 0, 0
Use ProjFrac = 0, 0
DoPaint 0

SUBJECTS_DIR    /out/sourcedata/freesurfer
FREESURFER_HOME /opt/freesurfer
Loading source label.
Found 876 points in source label.
Starting surface-based mapping
Reading source registration 
 /out/sourcedata/freesurfer/fsaverage/surf/rh.sphere.reg
Rescaling ...  original radius = 100
Reading target surface 
 /out/sourcedata/freesurfer/sub-v1s21x0050411_ses-1/surf/rh.white
Reading target registration 
 /out/sourcedata/freesurfer/sub-v1s21x0050411_ses-1/surf/rh.sphere.reg
Rescaling ...  original radius = 100
Building target registration hash (res=16).
Building source registration hash (res=16).
INFO: found  876 nlabel points
Performing mapping from target back to the source label 167195
Number of reverse mapping hits = 264
Checking for and removing duplicates
Writing label file ./rh.BA1_exvivo.thresh.label 1140
mri_label2label: Done


 mri_label2label --srcsubject fsaverage --srclabel /out/sourcedata/freesurfer/fsaverage/label/rh.BA2_exvivo.thresh.label --trgsubject sub-v1s21x0050411_ses-1 --trglabel ./rh.BA2_exvivo.thresh.label --hemi rh --regmethod surface 


srclabel = /out/sourcedata/freesurfer/fsaverage/label/rh.BA2_exvivo.thresh.label
srcsubject = fsaverage
trgsubject = sub-v1s21x0050411_ses-1
trglabel = ./rh.BA2_exvivo.thresh.label
regmethod = surface

srchemi = rh
trghemi = rh
trgsurface = white
srcsurfreg = sphere.reg
trgsurfreg = sphere.reg
usehash = 1
Use ProjAbs  = 0, 0
Use ProjFrac = 0, 0
DoPaint 0

SUBJECTS_DIR    /out/sourcedata/freesurfer
FREESURFER_HOME /opt/freesurfer
Loading source label.
Found 2688 points in source label.
Starting surface-based mapping
Reading source registration 
 /out/sourcedata/freesurfer/fsaverage/surf/rh.sphere.reg
Rescaling ...  original radius = 100
Reading target surface 
 /out/sourcedata/freesurfer/sub-v1s21x0050411_ses-1/surf/rh.white
Reading target registration 
 /out/sourcedata/freesurfer/sub-v1s21x0050411_ses-1/surf/rh.sphere.reg
Rescaling ...  original radius = 100
Building target registration hash (res=16).
Building source registration hash (res=16).
INFO: found  2688 nlabel points
Performing mapping from target back to the source label 167195
Number of reverse mapping hits = 397
Checking for and removing duplicates
Writing label file ./rh.BA2_exvivo.thresh.label 3085
mri_label2label: Done


 mri_label2label --srcsubject fsaverage --srclabel /out/sourcedata/freesurfer/fsaverage/label/rh.BA3a_exvivo.thresh.label --trgsubject sub-v1s21x0050411_ses-1 --trglabel ./rh.BA3a_exvivo.thresh.label --hemi rh --regmethod surface 


srclabel = /out/sourcedata/freesurfer/fsaverage/label/rh.BA3a_exvivo.thresh.label
srcsubject = fsaverage
trgsubject = sub-v1s21x0050411_ses-1
trglabel = ./rh.BA3a_exvivo.thresh.label
regmethod = surface

srchemi = rh
trghemi = rh
trgsurface = white
srcsurfreg = sphere.reg
trgsurfreg = sphere.reg
usehash = 1
Use ProjAbs  = 0, 0
Use ProjFrac = 0, 0
DoPaint 0

SUBJECTS_DIR    /out/sourcedata/freesurfer
FREESURFER_HOME /opt/freesurfer
Loading source label.
Found 1698 points in source label.
Starting surface-based mapping
Reading source registration 
 /out/sourcedata/freesurfer/fsaverage/surf/rh.sphere.reg
Rescaling ...  original radius = 100
Reading target surface 
 /out/sourcedata/freesurfer/sub-v1s21x0050411_ses-1/surf/rh.white
Reading target registration 
 /out/sourcedata/freesurfer/sub-v1s21x0050411_ses-1/surf/rh.sphere.reg
Rescaling ...  original radius = 100
Building target registration hash (res=16).
Building source registration hash (res=16).
INFO: found  1698 nlabel points
Performing mapping from target back to the source label 167195
Number of reverse mapping hits = 74
Checking for and removing duplicates
Writing label file ./rh.BA3a_exvivo.thresh.label 1772
mri_label2label: Done


 mri_label2label --srcsubject fsaverage --srclabel /out/sourcedata/freesurfer/fsaverage/label/rh.BA3b_exvivo.thresh.label --trgsubject sub-v1s21x0050411_ses-1 --trglabel ./rh.BA3b_exvivo.thresh.label --hemi rh --regmethod surface 


srclabel = /out/sourcedata/freesurfer/fsaverage/label/rh.BA3b_exvivo.thresh.label
srcsubject = fsaverage
trgsubject = sub-v1s21x0050411_ses-1
trglabel = ./rh.BA3b_exvivo.thresh.label
regmethod = surface

srchemi = rh
trghemi = rh
trgsurface = white
srcsurfreg = sphere.reg
trgsurfreg = sphere.reg
usehash = 1
Use ProjAbs  = 0, 0
Use ProjFrac = 0, 0
DoPaint 0

SUBJECTS_DIR    /out/sourcedata/freesurfer
FREESURFER_HOME /opt/freesurfer
Loading source label.
Found 2183 points in source label.
Starting surface-based mapping
Reading source registration 
 /out/sourcedata/freesurfer/fsaverage/surf/rh.sphere.reg
Rescaling ...  original radius = 100
Reading target surface 
 /out/sourcedata/freesurfer/sub-v1s21x0050411_ses-1/surf/rh.white
Reading target registration 
 /out/sourcedata/freesurfer/sub-v1s21x0050411_ses-1/surf/rh.sphere.reg
Rescaling ...  original radius = 100
Building target registration hash (res=16).
Building source registration hash (res=16).
INFO: found  2183 nlabel points
Performing mapping from target back to the source label 167195
Number of reverse mapping hits = 173
Checking for and removing duplicates
Writing label file ./rh.BA3b_exvivo.thresh.label 2356
mri_label2label: Done


 mri_label2label --srcsubject fsaverage --srclabel /out/sourcedata/freesurfer/fsaverage/label/rh.BA4a_exvivo.thresh.label --trgsubject sub-v1s21x0050411_ses-1 --trglabel ./rh.BA4a_exvivo.thresh.label --hemi rh --regmethod surface 


srclabel = /out/sourcedata/freesurfer/fsaverage/label/rh.BA4a_exvivo.thresh.label
srcsubject = fsaverage
trgsubject = sub-v1s21x0050411_ses-1
trglabel = ./rh.BA4a_exvivo.thresh.label
regmethod = surface

srchemi = rh
trghemi = rh
trgsurface = white
srcsurfreg = sphere.reg
trgsurfreg = sphere.reg
usehash = 1
Use ProjAbs  = 0, 0
Use ProjFrac = 0, 0
DoPaint 0

SUBJECTS_DIR    /out/sourcedata/freesurfer
FREESURFER_HOME /opt/freesurfer
Loading source label.
Found 1388 points in source label.
Starting surface-based mapping
Reading source registration 
 /out/sourcedata/freesurfer/fsaverage/surf/rh.sphere.reg
Rescaling ...  original radius = 100
Reading target surface 
 /out/sourcedata/freesurfer/sub-v1s21x0050411_ses-1/surf/rh.white
Reading target registration 
 /out/sourcedata/freesurfer/sub-v1s21x0050411_ses-1/surf/rh.sphere.reg
Rescaling ...  original radius = 100
Building target registration hash (res=16).
Building source registration hash (res=16).
INFO: found  1388 nlabel points
Performing mapping from target back to the source label 167195
Number of reverse mapping hits = 182
Checking for and removing duplicates
Writing label file ./rh.BA4a_exvivo.thresh.label 1570
mri_label2label: Done


 mri_label2label --srcsubject fsaverage --srclabel /out/sourcedata/freesurfer/fsaverage/label/rh.BA4p_exvivo.thresh.label --trgsubject sub-v1s21x0050411_ses-1 --trglabel ./rh.BA4p_exvivo.thresh.label --hemi rh --regmethod surface 


srclabel = /out/sourcedata/freesurfer/fsaverage/label/rh.BA4p_exvivo.thresh.label
srcsubject = fsaverage
trgsubject = sub-v1s21x0050411_ses-1
trglabel = ./rh.BA4p_exvivo.thresh.label
regmethod = surface

srchemi = rh
trghemi = rh
trgsurface = white
srcsurfreg = sphere.reg
trgsurfreg = sphere.reg
usehash = 1
Use ProjAbs  = 0, 0
Use ProjFrac = 0, 0
DoPaint 0

SUBJECTS_DIR    /out/sourcedata/freesurfer
FREESURFER_HOME /opt/freesurfer
Loading source label.
Found 1489 points in source label.
Starting surface-based mapping
Reading source registration 
 /out/sourcedata/freesurfer/fsaverage/surf/rh.sphere.reg
Rescaling ...  original radius = 100
Reading target surface 
 /out/sourcedata/freesurfer/sub-v1s21x0050411_ses-1/surf/rh.white
Reading target registration 
 /out/sourcedata/freesurfer/sub-v1s21x0050411_ses-1/surf/rh.sphere.reg
Rescaling ...  original radius = 100
Building target registration hash (res=16).
Building source registration hash (res=16).
INFO: found  1489 nlabel points
Performing mapping from target back to the source label 167195
Number of reverse mapping hits = 47
Checking for and removing duplicates
Writing label file ./rh.BA4p_exvivo.thresh.label 1536
mri_label2label: Done


 mri_label2label --srcsubject fsaverage --srclabel /out/sourcedata/freesurfer/fsaverage/label/rh.BA6_exvivo.thresh.label --trgsubject sub-v1s21x0050411_ses-1 --trglabel ./rh.BA6_exvivo.thresh.label --hemi rh --regmethod surface 


srclabel = /out/sourcedata/freesurfer/fsaverage/label/rh.BA6_exvivo.thresh.label
srcsubject = fsaverage
trgsubject = sub-v1s21x0050411_ses-1
trglabel = ./rh.BA6_exvivo.thresh.label
regmethod = surface

srchemi = rh
trghemi = rh
trgsurface = white
srcsurfreg = sphere.reg
trgsurfreg = sphere.reg
usehash = 1
Use ProjAbs  = 0, 0
Use ProjFrac = 0, 0
DoPaint 0

SUBJECTS_DIR    /out/sourcedata/freesurfer
FREESURFER_HOME /opt/freesurfer
Loading source label.
Found 6959 points in source label.
Starting surface-based mapping
Reading source registration 
 /out/sourcedata/freesurfer/fsaverage/surf/rh.sphere.reg
Rescaling ...  original radius = 100
Reading target surface 
 /out/sourcedata/freesurfer/sub-v1s21x0050411_ses-1/surf/rh.white
Reading target registration 
 /out/sourcedata/freesurfer/sub-v1s21x0050411_ses-1/surf/rh.sphere.reg
Rescaling ...  original radius = 100
Building target registration hash (res=16).
Building source registration hash (res=16).
INFO: found  6959 nlabel points
Performing mapping from target back to the source label 167195
Number of reverse mapping hits = 975
Checking for and removing duplicates
Writing label file ./rh.BA6_exvivo.thresh.label 7934
mri_label2label: Done


 mri_label2label --srcsubject fsaverage --srclabel /out/sourcedata/freesurfer/fsaverage/label/rh.BA44_exvivo.thresh.label --trgsubject sub-v1s21x0050411_ses-1 --trglabel ./rh.BA44_exvivo.thresh.label --hemi rh --regmethod surface 


srclabel = /out/sourcedata/freesurfer/fsaverage/label/rh.BA44_exvivo.thresh.label
srcsubject = fsaverage
trgsubject = sub-v1s21x0050411_ses-1
trglabel = ./rh.BA44_exvivo.thresh.label
regmethod = surface

srchemi = rh
trghemi = rh
trgsurface = white
srcsurfreg = sphere.reg
trgsurfreg = sphere.reg
usehash = 1
Use ProjAbs  = 0, 0
Use ProjFrac = 0, 0
DoPaint 0

SUBJECTS_DIR    /out/sourcedata/freesurfer
FREESURFER_HOME /opt/freesurfer
Loading source label.
Found 1012 points in source label.
Starting surface-based mapping
Reading source registration 
 /out/sourcedata/freesurfer/fsaverage/surf/rh.sphere.reg
Rescaling ...  original radius = 100
Reading target surface 
 /out/sourcedata/freesurfer/sub-v1s21x0050411_ses-1/surf/rh.white
Reading target registration 
 /out/sourcedata/freesurfer/sub-v1s21x0050411_ses-1/surf/rh.sphere.reg
Rescaling ...  original radius = 100
Building target registration hash (res=16).
Building source registration hash (res=16).
INFO: found  1012 nlabel points
Performing mapping from target back to the source label 167195
Number of reverse mapping hits = 182
Checking for and removing duplicates
Writing label file ./rh.BA44_exvivo.thresh.label 1194
mri_label2label: Done


 mri_label2label --srcsubject fsaverage --srclabel /out/sourcedata/freesurfer/fsaverage/label/rh.BA45_exvivo.thresh.label --trgsubject sub-v1s21x0050411_ses-1 --trglabel ./rh.BA45_exvivo.thresh.label --hemi rh --regmethod surface 


srclabel = /out/sourcedata/freesurfer/fsaverage/label/rh.BA45_exvivo.thresh.label
srcsubject = fsaverage
trgsubject = sub-v1s21x0050411_ses-1
trglabel = ./rh.BA45_exvivo.thresh.label
regmethod = surface

srchemi = rh
trghemi = rh
trgsurface = white
srcsurfreg = sphere.reg
trgsurfreg = sphere.reg
usehash = 1
Use ProjAbs  = 0, 0
Use ProjFrac = 0, 0
DoPaint 0

SUBJECTS_DIR    /out/sourcedata/freesurfer
FREESURFER_HOME /opt/freesurfer
Loading source label.
Found 1178 points in source label.
Starting surface-based mapping
Reading source registration 
 /out/sourcedata/freesurfer/fsaverage/surf/rh.sphere.reg
Rescaling ...  original radius = 100
Reading target surface 
 /out/sourcedata/freesurfer/sub-v1s21x0050411_ses-1/surf/rh.white
Reading target registration 
 /out/sourcedata/freesurfer/sub-v1s21x0050411_ses-1/surf/rh.sphere.reg
Rescaling ...  original radius = 100
Building target registration hash (res=16).
Building source registration hash (res=16).
INFO: found  1178 nlabel points
Performing mapping from target back to the source label 167195
Number of reverse mapping hits = 115
Checking for and removing duplicates
Writing label file ./rh.BA45_exvivo.thresh.label 1293
mri_label2label: Done


 mri_label2label --srcsubject fsaverage --srclabel /out/sourcedata/freesurfer/fsaverage/label/rh.V1_exvivo.thresh.label --trgsubject sub-v1s21x0050411_ses-1 --trglabel ./rh.V1_exvivo.thresh.label --hemi rh --regmethod surface 


srclabel = /out/sourcedata/freesurfer/fsaverage/label/rh.V1_exvivo.thresh.label
srcsubject = fsaverage
trgsubject = sub-v1s21x0050411_ses-1
trglabel = ./rh.V1_exvivo.thresh.label
regmethod = surface

srchemi = rh
trghemi = rh
trgsurface = white
srcsurfreg = sphere.reg
trgsurfreg = sphere.reg
usehash = 1
Use ProjAbs  = 0, 0
Use ProjFrac = 0, 0
DoPaint 0

SUBJECTS_DIR    /out/sourcedata/freesurfer
FREESURFER_HOME /opt/freesurfer
Loading source label.
Found 3232 points in source label.
Starting surface-based mapping
Reading source registration 
 /out/sourcedata/freesurfer/fsaverage/surf/rh.sphere.reg
Rescaling ...  original radius = 100
Reading target surface 
 /out/sourcedata/freesurfer/sub-v1s21x0050411_ses-1/surf/rh.white
Reading target registration 
 /out/sourcedata/freesurfer/sub-v1s21x0050411_ses-1/surf/rh.sphere.reg
Rescaling ...  original radius = 100
Building target registration hash (res=16).
Building source registration hash (res=16).
INFO: found  3232 nlabel points
Performing mapping from target back to the source label 167195
Number of reverse mapping hits = 528
Checking for and removing duplicates
Writing label file ./rh.V1_exvivo.thresh.label 3760
mri_label2label: Done


 mri_label2label --srcsubject fsaverage --srclabel /out/sourcedata/freesurfer/fsaverage/label/rh.V2_exvivo.thresh.label --trgsubject sub-v1s21x0050411_ses-1 --trglabel ./rh.V2_exvivo.thresh.label --hemi rh --regmethod surface 


srclabel = /out/sourcedata/freesurfer/fsaverage/label/rh.V2_exvivo.thresh.label
srcsubject = fsaverage
trgsubject = sub-v1s21x0050411_ses-1
trglabel = ./rh.V2_exvivo.thresh.label
regmethod = surface

srchemi = rh
trghemi = rh
trgsurface = white
srcsurfreg = sphere.reg
trgsurfreg = sphere.reg
usehash = 1
Use ProjAbs  = 0, 0
Use ProjFrac = 0, 0
DoPaint 0

SUBJECTS_DIR    /out/sourcedata/freesurfer
FREESURFER_HOME /opt/freesurfer
Loading source label.
Found 3437 points in source label.
Starting surface-based mapping
Reading source registration 
 /out/sourcedata/freesurfer/fsaverage/surf/rh.sphere.reg
Rescaling ...  original radius = 100
Reading target surface 
 /out/sourcedata/freesurfer/sub-v1s21x0050411_ses-1/surf/rh.white
Reading target registration 
 /out/sourcedata/freesurfer/sub-v1s21x0050411_ses-1/surf/rh.sphere.reg
Rescaling ...  original radius = 100
Building target registration hash (res=16).
Building source registration hash (res=16).
INFO: found  3437 nlabel points
Performing mapping from target back to the source label 167195
Number of reverse mapping hits = 742
Checking for and removing duplicates
Writing label file ./rh.V2_exvivo.thresh.label 4179
mri_label2label: Done


 mri_label2label --srcsubject fsaverage --srclabel /out/sourcedata/freesurfer/fsaverage/label/rh.MT_exvivo.thresh.label --trgsubject sub-v1s21x0050411_ses-1 --trglabel ./rh.MT_exvivo.thresh.label --hemi rh --regmethod surface 


srclabel = /out/sourcedata/freesurfer/fsaverage/label/rh.MT_exvivo.thresh.label
srcsubject = fsaverage
trgsubject = sub-v1s21x0050411_ses-1
trglabel = ./rh.MT_exvivo.thresh.label
regmethod = surface

srchemi = rh
trghemi = rh
trgsurface = white
srcsurfreg = sphere.reg
trgsurfreg = sphere.reg
usehash = 1
Use ProjAbs  = 0, 0
Use ProjFrac = 0, 0
DoPaint 0

SUBJECTS_DIR    /out/sourcedata/freesurfer
FREESURFER_HOME /opt/freesurfer
Loading source label.
Found 268 points in source label.
Starting surface-based mapping
Reading source registration 
 /out/sourcedata/freesurfer/fsaverage/surf/rh.sphere.reg
Rescaling ...  original radius = 100
Reading target surface 
 /out/sourcedata/freesurfer/sub-v1s21x0050411_ses-1/surf/rh.white
Reading target registration 
 /out/sourcedata/freesurfer/sub-v1s21x0050411_ses-1/surf/rh.sphere.reg
Rescaling ...  original radius = 100
Building target registration hash (res=16).
Building source registration hash (res=16).
INFO: found  268 nlabel points
Performing mapping from target back to the source label 167195
Number of reverse mapping hits = 205
Checking for and removing duplicates
Writing label file ./rh.MT_exvivo.thresh.label 473
mri_label2label: Done


 mri_label2label --srcsubject fsaverage --srclabel /out/sourcedata/freesurfer/fsaverage/label/rh.entorhinal_exvivo.thresh.label --trgsubject sub-v1s21x0050411_ses-1 --trglabel ./rh.entorhinal_exvivo.thresh.label --hemi rh --regmethod surface 


srclabel = /out/sourcedata/freesurfer/fsaverage/label/rh.entorhinal_exvivo.thresh.label
srcsubject = fsaverage
trgsubject = sub-v1s21x0050411_ses-1
trglabel = ./rh.entorhinal_exvivo.thresh.label
regmethod = surface

srchemi = rh
trghemi = rh
trgsurface = white
srcsurfreg = sphere.reg
trgsurfreg = sphere.reg
usehash = 1
Use ProjAbs  = 0, 0
Use ProjFrac = 0, 0
DoPaint 0

SUBJECTS_DIR    /out/sourcedata/freesurfer
FREESURFER_HOME /opt/freesurfer
Loading source label.
Found 694 points in source label.
Starting surface-based mapping
Reading source registration 
 /out/sourcedata/freesurfer/fsaverage/surf/rh.sphere.reg
Rescaling ...  original radius = 100
Reading target surface 
 /out/sourcedata/freesurfer/sub-v1s21x0050411_ses-1/surf/rh.white
Reading target registration 
 /out/sourcedata/freesurfer/sub-v1s21x0050411_ses-1/surf/rh.sphere.reg
Rescaling ...  original radius = 100
Building target registration hash (res=16).
Building source registration hash (res=16).
INFO: found  694 nlabel points
Performing mapping from target back to the source label 167195
Number of reverse mapping hits = 142
Checking for and removing duplicates
Writing label file ./rh.entorhinal_exvivo.thresh.label 836
mri_label2label: Done


 mri_label2label --srcsubject fsaverage --srclabel /out/sourcedata/freesurfer/fsaverage/label/rh.perirhinal_exvivo.thresh.label --trgsubject sub-v1s21x0050411_ses-1 --trglabel ./rh.perirhinal_exvivo.thresh.label --hemi rh --regmethod surface 


srclabel = /out/sourcedata/freesurfer/fsaverage/label/rh.perirhinal_exvivo.thresh.label
srcsubject = fsaverage
trgsubject = sub-v1s21x0050411_ses-1
trglabel = ./rh.perirhinal_exvivo.thresh.label
regmethod = surface

srchemi = rh
trghemi = rh
trgsurface = white
srcsurfreg = sphere.reg
trgsurfreg = sphere.reg
usehash = 1
Use ProjAbs  = 0, 0
Use ProjFrac = 0, 0
DoPaint 0

SUBJECTS_DIR    /out/sourcedata/freesurfer
FREESURFER_HOME /opt/freesurfer
Loading source label.
Found 291 points in source label.
Starting surface-based mapping
Reading source registration 
 /out/sourcedata/freesurfer/fsaverage/surf/rh.sphere.reg
Rescaling ...  original radius = 100
Reading target surface 
 /out/sourcedata/freesurfer/sub-v1s21x0050411_ses-1/surf/rh.white
Reading target registration 
 /out/sourcedata/freesurfer/sub-v1s21x0050411_ses-1/surf/rh.sphere.reg
Rescaling ...  original radius = 100
Building target registration hash (res=16).
Building source registration hash (res=16).
INFO: found  291 nlabel points
Performing mapping from target back to the source label 167195
Number of reverse mapping hits = 55
Checking for and removing duplicates
Writing label file ./rh.perirhinal_exvivo.thresh.label 346
mri_label2label: Done


 mris_label2annot --s sub-v1s21x0050411_ses-1 --hemi rh --ctab /opt/freesurfer/average/colortable_BA.txt --l rh.BA1_exvivo.label --l rh.BA2_exvivo.label --l rh.BA3a_exvivo.label --l rh.BA3b_exvivo.label --l rh.BA4a_exvivo.label --l rh.BA4p_exvivo.label --l rh.BA6_exvivo.label --l rh.BA44_exvivo.label --l rh.BA45_exvivo.label --l rh.V1_exvivo.label --l rh.V2_exvivo.label --l rh.MT_exvivo.label --l rh.perirhinal_exvivo.label --l rh.entorhinal_exvivo.label --a BA_exvivo --maxstatwinner --noverbose 

Reading ctab /opt/freesurfer/average/colortable_BA.txt
Number of ctab entries 15

7.3.2
cwd /out/sourcedata/freesurfer/sub-v1s21x0050411_ses-1/label
cmdline mris_label2annot --s sub-v1s21x0050411_ses-1 --hemi rh --ctab /opt/freesurfer/average/colortable_BA.txt --l rh.BA1_exvivo.label --l rh.BA2_exvivo.label --l rh.BA3a_exvivo.label --l rh.BA3b_exvivo.label --l rh.BA4a_exvivo.label --l rh.BA4p_exvivo.label --l rh.BA6_exvivo.label --l rh.BA44_exvivo.label --l rh.BA45_exvivo.label --l rh.V1_exvivo.label --l rh.V2_exvivo.label --l rh.MT_exvivo.label --l rh.perirhinal_exvivo.label --l rh.entorhinal_exvivo.label --a BA_exvivo --maxstatwinner --noverbose 
sysname  Linux
hostname dna060
machine  x86_64
user     oesteban

subject sub-v1s21x0050411_ses-1
hemi    rh
SUBJECTS_DIR /out/sourcedata/freesurfer
ColorTable /opt/freesurfer/average/colortable_BA.txt
AnnotName  BA_exvivo
nlables 14
LabelThresh 0 0.000000
Loading /out/sourcedata/freesurfer/sub-v1s21x0050411_ses-1/surf/rh.orig
 1 1530880 BA1_exvivo
 2 16749699 BA2_exvivo
 3 16711680 BA3a_exvivo
 4 3368703 BA3b_exvivo
 5 1376196 BA4a_exvivo
 6 13382655 BA4p_exvivo
 7 10036737 BA6_exvivo
 8 2490521 BA44_exvivo
 9 39283 BA45_exvivo
10 3993 V1_exvivo
11 8508928 V2_exvivo
12 10027163 MT_exvivo
13 16422433 perirhinal_exvivo
14 16392598 entorhinal_exvivo
Mapping unhit to unknown
Found 117995 unhit vertices
Writing annot to /out/sourcedata/freesurfer/sub-v1s21x0050411_ses-1/label/rh.BA_exvivo.annot

 mris_label2annot --s sub-v1s21x0050411_ses-1 --hemi rh --ctab /opt/freesurfer/average/colortable_BA.txt --l rh.BA1_exvivo.thresh.label --l rh.BA2_exvivo.thresh.label --l rh.BA3a_exvivo.thresh.label --l rh.BA3b_exvivo.thresh.label --l rh.BA4a_exvivo.thresh.label --l rh.BA4p_exvivo.thresh.label --l rh.BA6_exvivo.thresh.label --l rh.BA44_exvivo.thresh.label --l rh.BA45_exvivo.thresh.label --l rh.V1_exvivo.thresh.label --l rh.V2_exvivo.thresh.label --l rh.MT_exvivo.thresh.label --l rh.perirhinal_exvivo.thresh.label --l rh.entorhinal_exvivo.thresh.label --a BA_exvivo.thresh --maxstatwinner --noverbose 

Reading ctab /opt/freesurfer/average/colortable_BA.txt
Number of ctab entries 15

7.3.2
cwd /out/sourcedata/freesurfer/sub-v1s21x0050411_ses-1/label
cmdline mris_label2annot --s sub-v1s21x0050411_ses-1 --hemi rh --ctab /opt/freesurfer/average/colortable_BA.txt --l rh.BA1_exvivo.thresh.label --l rh.BA2_exvivo.thresh.label --l rh.BA3a_exvivo.thresh.label --l rh.BA3b_exvivo.thresh.label --l rh.BA4a_exvivo.thresh.label --l rh.BA4p_exvivo.thresh.label --l rh.BA6_exvivo.thresh.label --l rh.BA44_exvivo.thresh.label --l rh.BA45_exvivo.thresh.label --l rh.V1_exvivo.thresh.label --l rh.V2_exvivo.thresh.label --l rh.MT_exvivo.thresh.label --l rh.perirhinal_exvivo.thresh.label --l rh.entorhinal_exvivo.thresh.label --a BA_exvivo.thresh --maxstatwinner --noverbose 
sysname  Linux
hostname dna060
machine  x86_64
user     oesteban

subject sub-v1s21x0050411_ses-1
hemi    rh
SUBJECTS_DIR /out/sourcedata/freesurfer
ColorTable /opt/freesurfer/average/colortable_BA.txt
AnnotName  BA_exvivo.thresh
nlables 14
LabelThresh 0 0.000000
Loading /out/sourcedata/freesurfer/sub-v1s21x0050411_ses-1/surf/rh.orig
 1 1530880 BA1_exvivo
 2 16749699 BA2_exvivo
 3 16711680 BA3a_exvivo
 4 3368703 BA3b_exvivo
 5 1376196 BA4a_exvivo
 6 13382655 BA4p_exvivo
 7 10036737 BA6_exvivo
 8 2490521 BA44_exvivo
 9 39283 BA45_exvivo
10 3993 V1_exvivo
11 8508928 V2_exvivo
12 10027163 MT_exvivo
13 16422433 perirhinal_exvivo
14 16392598 entorhinal_exvivo
Mapping unhit to unknown
Found 141976 unhit vertices
Writing annot to /out/sourcedata/freesurfer/sub-v1s21x0050411_ses-1/label/rh.BA_exvivo.thresh.annot

 mris_anatomical_stats -th3 -mgz -noglobal -f ../stats/rh.BA_exvivo.stats -b -a ./rh.BA_exvivo.annot -c ./BA_exvivo.ctab sub-v1s21x0050411_ses-1 rh white 

computing statistics for each annotation in ./rh.BA_exvivo.annot.
reading volume /out/sourcedata/freesurfer/sub-v1s21x0050411_ses-1/mri/wm.mgz...
reading input surface /out/sourcedata/freesurfer/sub-v1s21x0050411_ses-1/surf/rh.white...
reading input pial surface /out/sourcedata/freesurfer/sub-v1s21x0050411_ses-1/surf/rh.pial...
reading input white surface /out/sourcedata/freesurfer/sub-v1s21x0050411_ses-1/surf/rh.white...
INFO: using TH3 volume calc
INFO: assuming MGZ format for volumes.
INFO: not computing global stats
Using TH3 vertex volume calc
Total face volume 323837
Total vertex volume 323600 (mask=0)
Saving annotation colortable ./BA_exvivo.ctab

table columns are:
    number of vertices
    total surface area (mm^2)
    total gray matter volume (mm^3)
    average cortical thickness +- standard deviation (mm)
    integrated rectified mean curvature
    integrated rectified Gaussian curvature
    folding index
    intrinsic curvature index
    structure name

 1439    913   2127  1.937 0.621     0.136     0.041       25     2.4  BA1_exvivo
 4330   2806   6110  2.154 0.671     0.106     0.023       37     4.2  BA2_exvivo
 1365    894   1237  1.738 0.411     0.130     0.032       15     1.8  BA3a_exvivo
 2476   1598   2702  1.558 0.488     0.105     0.025       22     2.8  BA3b_exvivo
 1989   1248   3632  2.555 0.670     0.105     0.032       15     2.7  BA4a_exvivo
 1428    994   1899  2.089 0.578     0.116     0.028        9     1.9  BA4p_exvivo
10985   7342  24518  2.809 0.777     0.116     0.027      104    12.3  BA6_exvivo
 5207   3562  10033  2.657 0.624     0.117     0.027       54     6.0  BA44_exvivo
 4611   3417  11786  2.745 0.722     0.126     0.033       60     6.1  BA45_exvivo
 3217   2414   5213  1.937 0.660     0.156     0.052       58     7.2  V1_exvivo
 7593   5626  14353  2.244 0.671     0.154     0.042      105    12.9  V2_exvivo
 3376   2495   6541  2.358 0.572     0.126     0.029       41     4.1  MT_exvivo
  433    286    767  2.490 0.704     0.085     0.022        2     0.4  perirhinal_exvivo
  751    518   1536  2.221 0.878     0.173     0.068       14     2.3  entorhinal_exvivo

 mris_anatomical_stats -th3 -mgz -f ../stats/rh.BA_exvivo.thresh.stats -noglobal -b -a ./rh.BA_exvivo.thresh.annot -c ./BA_exvivo.thresh.ctab sub-v1s21x0050411_ses-1 rh white 

computing statistics for each annotation in ./rh.BA_exvivo.thresh.annot.
reading volume /out/sourcedata/freesurfer/sub-v1s21x0050411_ses-1/mri/wm.mgz...
reading input surface /out/sourcedata/freesurfer/sub-v1s21x0050411_ses-1/surf/rh.white...
reading input pial surface /out/sourcedata/freesurfer/sub-v1s21x0050411_ses-1/surf/rh.pial...
reading input white surface /out/sourcedata/freesurfer/sub-v1s21x0050411_ses-1/surf/rh.white...
INFO: using TH3 volume calc
INFO: assuming MGZ format for volumes.
INFO: not computing global stats
Using TH3 vertex volume calc
Total face volume 323837
Total vertex volume 323600 (mask=0)
Saving annotation colortable ./BA_exvivo.thresh.ctab

table columns are:
    number of vertices
    total surface area (mm^2)
    total gray matter volume (mm^3)
    average cortical thickness +- standard deviation (mm)
    integrated rectified mean curvature
    integrated rectified Gaussian curvature
    folding index
    intrinsic curvature index
    structure name

  959    610   1317  1.848 0.622     0.133     0.039       16     1.6  BA1_exvivo
 2581   1661   3758  2.184 0.667     0.106     0.025       27     3.1  BA2_exvivo
 1193    790   1018  1.768 0.423     0.133     0.027       11     1.4  BA3a_exvivo
 1775   1193   1681  1.379 0.285     0.091     0.017       10     1.2  BA3b_exvivo
 1153    711   1942  2.497 0.626     0.106     0.031        8     1.5  BA4a_exvivo
 1058    749   1399  2.084 0.545     0.106     0.024        5     1.1  BA4p_exvivo
 6432   4288  14065  2.773 0.750     0.119     0.029       59     7.7  BA6_exvivo
 1054    743   2273  2.628 0.592     0.121     0.028       10     1.2  BA44_exvivo
 1062    815   3529  3.059 0.667     0.123     0.030       13     1.2  BA45_exvivo
 3063   2282   4821  1.958 0.665     0.152     0.049       51     6.4  V1_exvivo
 3649   2816   7083  2.209 0.668     0.168     0.050       61     7.4  V2_exvivo
  473    345    953  2.328 0.558     0.124     0.025        6     0.5  MT_exvivo
   45     28     77  2.747 0.528     0.063     0.013        0     0.0  perirhinal_exvivo
  722    490   1422  2.272 0.791     0.142     0.052       10     1.6  entorhinal_exvivo

Started at Mon Mar 9 14:21:35 CET 2026 
Ended   at Mon Mar 9 14:25:38 CET 2026
#@#%# recon-all-run-time-hours 0.068
recon-all -s sub-v1s21x0050411_ses-1 finished without error at Mon Mar  9 14:25:38 CET 2026
