
Mon Mar  9 11:12:42 CET 2026
cd /out/sourcedata/freesurfer/sub-v1s21x0050411_ses-1
setenv SUBJECTS_DIR /out/sourcedata/freesurfer
/opt/freesurfer/bin/recon-all -autorecon1 -i /work/fmriprep_25_2_wf/sub_v1s21x0050411_ses_1_wf/anat_fit_wf/anat_validate/sub-v1s21x0050411_ses-1_T1w_noise_corrected_ras_valid.nii.gz -noskullstrip -noT2pial -noFLAIRpial -openmp 16 -subjid sub-v1s21x0050411_ses-1 -sd /out/sourcedata/freesurfer

subjid sub-v1s21x0050411_ses-1
setenv SUBJECTS_DIR /out/sourcedata/freesurfer
FREESURFER_HOME /opt/freesurfer
Actual FREESURFER_HOME /opt/freesurfer
build-stamp.txt: freesurfer-linux-ubuntu22_x86_64-7.3.2-20220804-6354275
Linux dna060 5.14.0-427.37.1.el9_4.x86_64 #1 SMP PREEMPT_DYNAMIC Fri Sep 13 12:41:50 EDT 2024 x86_64 x86_64 x86_64 GNU/Linux
cputime      unlimited
filesize     unlimited
datasize     unlimited
stacksize    8192 kbytes
coredumpsize 0 kbytes
memoryuse    67108864 kbytes
vmemoryuse   unlimited
descriptors  1024 
memorylocked unlimited
maxproc      2061970 
maxlocks     unlimited
maxsignal    2061971 
maxmessage   819200 
maxnice      0 
maxrtprio    0 
maxrttime    unlimited

               total        used        free      shared  buff/cache   available
Mem:           503Gi        40Gi       426Gi        10Gi        35Gi       448Gi
Swap:             0B          0B          0B

########################################
program versions used
7.3.2 (freesurfer-linux-ubuntu22_x86_64-7.3.2-20220804-6354275)
7.3.2

ProgramName: lta_convert  ProgramArguments: lta_convert -all-info  ProgramVersion: 7.3.2  TimeStamp: 2026/03/09-10:12:42-GMT  BuildTime: Aug  4 2022 06:17:15  BuildStamp: freesurfer-linux-ubuntu22_x86_64-7.3.2-20220804-6354275  User: oesteban  Machine: dna060  Platform: Linux  PlatformVersion: 5.14.0-427.37.1.el9_4.x86_64  CompilerName: GCC  CompilerVersion: 8.4.0
ProgramName: mri_and  ProgramArguments: mri_and -all-info  ProgramVersion: 7.3.2  TimeStamp: 2026/03/09-10:12:42-GMT  BuildTime: Aug  4 2022 06:17:15  BuildStamp: freesurfer-linux-ubuntu22_x86_64-7.3.2-20220804-6354275  User: oesteban  Machine: dna060  Platform: Linux  PlatformVersion: 5.14.0-427.37.1.el9_4.x86_64  CompilerName: GCC  CompilerVersion: 8.4.0
ProgramName: mri_annotation2label  ProgramArguments: mri_annotation2label -all-info  ProgramVersion: 7.3.2  TimeStamp: 2026/03/09-10:12:42-GMT  BuildTime: Aug  4 2022 06:17:15  BuildStamp: freesurfer-linux-ubuntu22_x86_64-7.3.2-20220804-6354275  User: oesteban  Machine: dna060  Platform: Linux  PlatformVersion: 5.14.0-427.37.1.el9_4.x86_64  CompilerName: GCC  CompilerVersion: 8.4.0
ProgramName: mri_aparc2aseg  ProgramArguments: mri_aparc2aseg -all-info  ProgramVersion: 7.3.2  TimeStamp: 2026/03/09-10:12:42-GMT  BuildTime: Aug  4 2022 06:17:15  BuildStamp: freesurfer-linux-ubuntu22_x86_64-7.3.2-20220804-6354275  User: oesteban  Machine: dna060  Platform: Linux  PlatformVersion: 5.14.0-427.37.1.el9_4.x86_64  CompilerName: GCC  CompilerVersion: 8.4.0
ProgramName: mri_surf2volseg  ProgramArguments: mri_surf2volseg -all-info  ProgramVersion: 7.3.2  TimeStamp: 2026/03/09-10:12:42-GMT  BuildTime: Aug  4 2022 06:17:15  BuildStamp: freesurfer-linux-ubuntu22_x86_64-7.3.2-20220804-6354275  User: oesteban  Machine: dna060  Platform: Linux  PlatformVersion: 5.14.0-427.37.1.el9_4.x86_64  CompilerName: GCC  CompilerVersion: 8.4.0
ProgramName: mri_binarize  ProgramArguments: mri_binarize -all-info  ProgramVersion: 7.3.2  TimeStamp: 2026/03/09-10:12:42-GMT  BuildTime: Aug  4 2022 06:17:15  BuildStamp: freesurfer-linux-ubuntu22_x86_64-7.3.2-20220804-6354275  User: oesteban  Machine: dna060  Platform: Linux  PlatformVersion: 5.14.0-427.37.1.el9_4.x86_64  CompilerName: GCC  CompilerVersion: 8.4.0
ProgramName: mri_ca_label  ProgramArguments: mri_ca_label -all-info  ProgramVersion: 7.3.2  TimeStamp: 2026/03/09-10:12:42-GMT  BuildTime: Aug  4 2022 06:17:15  BuildStamp: freesurfer-linux-ubuntu22_x86_64-7.3.2-20220804-6354275  User: oesteban  Machine: dna060  Platform: Linux  PlatformVersion: 5.14.0-427.37.1.el9_4.x86_64  CompilerName: GCC  CompilerVersion: 8.4.0
ProgramName: mri_ca_normalize  ProgramArguments: mri_ca_normalize -all-info  ProgramVersion: 7.3.2  TimeStamp: 2026/03/09-10:12:42-GMT  BuildTime: Aug  4 2022 06:17:15  BuildStamp: freesurfer-linux-ubuntu22_x86_64-7.3.2-20220804-6354275  User: oesteban  Machine: dna060  Platform: Linux  PlatformVersion: 5.14.0-427.37.1.el9_4.x86_64  CompilerName: GCC  CompilerVersion: 8.4.0
ProgramName: mri_ca_register  ProgramArguments: mri_ca_register -all-info  ProgramVersion: 7.3.2  TimeStamp: 2026/03/09-10:12:42-GMT  BuildTime: Aug  4 2022 06:17:15  BuildStamp: freesurfer-linux-ubuntu22_x86_64-7.3.2-20220804-6354275  User: oesteban  Machine: dna060  Platform: Linux  PlatformVersion: 5.14.0-427.37.1.el9_4.x86_64  CompilerName: GCC  CompilerVersion: 8.4.0
ProgramName: mri_cc  ProgramArguments: mri_cc -all-info  ProgramVersion: 7.3.2  TimeStamp: 2026/03/09-10:12:42-GMT  BuildTime: Aug  4 2022 06:17:15  BuildStamp: freesurfer-linux-ubuntu22_x86_64-7.3.2-20220804-6354275  User: oesteban  Machine: dna060  Platform: Linux  PlatformVersion: 5.14.0-427.37.1.el9_4.x86_64  CompilerName: GCC  CompilerVersion: 8.4.0
ProgramName: mri_compute_overlap  ProgramArguments: mri_compute_overlap -all-info  ProgramVersion: 7.3.2  TimeStamp: 2026/03/09-10:12:42-GMT  BuildTime: Aug  4 2022 06:17:15  BuildStamp: freesurfer-linux-ubuntu22_x86_64-7.3.2-20220804-6354275  User: oesteban  Machine: dna060  Platform: Linux  PlatformVersion: 5.14.0-427.37.1.el9_4.x86_64  CompilerName: GCC  CompilerVersion: 8.4.0
ProgramName: mri_compute_seg_overlap  ProgramArguments: mri_compute_seg_overlap -all-info  ProgramVersion: 7.3.2  TimeStamp: 2026/03/09-10:12:42-GMT  BuildTime: Aug  4 2022 06:17:15  BuildStamp: freesurfer-linux-ubuntu22_x86_64-7.3.2-20220804-6354275  User: oesteban  Machine: dna060  Platform: Linux  PlatformVersion: 5.14.0-427.37.1.el9_4.x86_64  CompilerName: GCC  CompilerVersion: 8.4.0
ProgramName: mri_concat  ProgramArguments: mri_concat -all-info  ProgramVersion: 7.3.2  TimeStamp: 2026/03/09-10:12:42-GMT  BuildTime: Aug  4 2022 06:17:15  BuildStamp: freesurfer-linux-ubuntu22_x86_64-7.3.2-20220804-6354275  User: oesteban  Machine: dna060  Platform: Linux  PlatformVersion: 5.14.0-427.37.1.el9_4.x86_64  CompilerName: GCC  CompilerVersion: 8.4.0
ProgramName: mri_concatenate_lta  ProgramArguments: mri_concatenate_lta -all-info  ProgramVersion: 7.3.2  TimeStamp: 2026/03/09-10:12:42-GMT  BuildTime: Aug  4 2022 06:17:15  BuildStamp: freesurfer-linux-ubuntu22_x86_64-7.3.2-20220804-6354275  User: oesteban  Machine: dna060  Platform: Linux  PlatformVersion: 5.14.0-427.37.1.el9_4.x86_64  CompilerName: GCC  CompilerVersion: 8.4.0
mri_convert -all-info 
ProgramName: mri_convert  ProgramArguments: mri_convert -all-info  ProgramVersion: 7.3.2  TimeStamp: 2026/03/09-10:12:42-GMT  BuildTime: Aug  4 2022 06:17:15  BuildStamp: freesurfer-linux-ubuntu22_x86_64-7.3.2-20220804-6354275  User: oesteban  Machine: dna060  Platform: Linux  PlatformVersion: 5.14.0-427.37.1.el9_4.x86_64  CompilerName: GCC  CompilerVersion: 8.4.0
ProgramName: mri_diff  ProgramArguments: mri_diff -all-info  ProgramVersion: 7.3.2  TimeStamp: 2026/03/09-10:12:42-GMT  BuildTime: Aug  4 2022 06:17:15  BuildStamp: freesurfer-linux-ubuntu22_x86_64-7.3.2-20220804-6354275  User: oesteban  Machine: dna060  Platform: Linux  PlatformVersion: 5.14.0-427.37.1.el9_4.x86_64  CompilerName: GCC  CompilerVersion: 8.4.0
ProgramName: mri_edit_wm_with_aseg  ProgramArguments: mri_edit_wm_with_aseg -all-info  ProgramVersion: 7.3.2  TimeStamp: 2026/03/09-10:12:42-GMT  BuildTime: Aug  4 2022 06:17:15  BuildStamp: freesurfer-linux-ubuntu22_x86_64-7.3.2-20220804-6354275  User: oesteban  Machine: dna060  Platform: Linux  PlatformVersion: 5.14.0-427.37.1.el9_4.x86_64  CompilerName: GCC  CompilerVersion: 8.4.0
ProgramName: mri_em_register  ProgramArguments: mri_em_register -all-info  ProgramVersion: 7.3.2  TimeStamp: 2026/03/09-10:12:42-GMT  BuildTime: Aug  4 2022 06:17:15  BuildStamp: freesurfer-linux-ubuntu22_x86_64-7.3.2-20220804-6354275  User: oesteban  Machine: dna060  Platform: Linux  PlatformVersion: 5.14.0-427.37.1.el9_4.x86_64  CompilerName: GCC  CompilerVersion: 8.4.0
ProgramName: mri_fill  ProgramArguments: mri_fill -all-info  ProgramVersion: 7.3.2  TimeStamp: 2026/03/09-10:12:42-GMT  BuildTime: Aug  4 2022 06:17:15  BuildStamp: freesurfer-linux-ubuntu22_x86_64-7.3.2-20220804-6354275  User: oesteban  Machine: dna060  Platform: Linux  PlatformVersion: 5.14.0-427.37.1.el9_4.x86_64  CompilerName: GCC  CompilerVersion: 8.4.0
ProgramName: mri_fuse_segmentations  ProgramArguments: mri_fuse_segmentations -all-info  ProgramVersion: 7.3.2  TimeStamp: 2026/03/09-10:12:42-GMT  BuildTime: Aug  4 2022 06:17:15  BuildStamp: freesurfer-linux-ubuntu22_x86_64-7.3.2-20220804-6354275  User: oesteban  Machine: dna060  Platform: Linux  PlatformVersion: 5.14.0-427.37.1.el9_4.x86_64  CompilerName: GCC  CompilerVersion: 8.4.0
ProgramName: mri_fwhm  ProgramArguments: mri_fwhm -all-info  ProgramVersion: 7.3.2  TimeStamp: 2026/03/09-10:12:42-GMT  BuildTime: Aug  4 2022 06:17:15  BuildStamp: freesurfer-linux-ubuntu22_x86_64-7.3.2-20220804-6354275  User: oesteban  Machine: dna060  Platform: Linux  PlatformVersion: 5.14.0-427.37.1.el9_4.x86_64  CompilerName: GCC  CompilerVersion: 8.4.0
ProgramName: mri_gcut  ProgramArguments: mri_gcut -all-info  ProgramVersion: 7.3.2  TimeStamp: 2026/03/09-10:12:42-GMT  BuildTime: Aug  4 2022 06:17:15  BuildStamp: freesurfer-linux-ubuntu22_x86_64-7.3.2-20220804-6354275  User: oesteban  Machine: dna060  Platform: Linux  PlatformVersion: 5.14.0-427.37.1.el9_4.x86_64  CompilerName: GCC  CompilerVersion: 8.4.0
ProgramName: mri_info  ProgramArguments: mri_info -all-info  ProgramVersion: 7.3.2  TimeStamp: 2026/03/09-10:12:42-GMT  BuildTime: Aug  4 2022 06:17:15  BuildStamp: freesurfer-linux-ubuntu22_x86_64-7.3.2-20220804-6354275  User: oesteban  Machine: dna060  Platform: Linux  PlatformVersion: 5.14.0-427.37.1.el9_4.x86_64  CompilerName: GCC  CompilerVersion: 8.4.0
ProgramName: mri_label2label  ProgramArguments: mri_label2label -all-info  ProgramVersion: 7.3.2  TimeStamp: 2026/03/09-10:12:42-GMT  BuildTime: Aug  4 2022 06:17:15  BuildStamp: freesurfer-linux-ubuntu22_x86_64-7.3.2-20220804-6354275  User: oesteban  Machine: dna060  Platform: Linux  PlatformVersion: 5.14.0-427.37.1.el9_4.x86_64  CompilerName: GCC  CompilerVersion: 8.4.0
ProgramName: mri_label2vol  ProgramArguments: mri_label2vol -all-info  ProgramVersion: 7.3.2  TimeStamp: 2026/03/09-10:12:42-GMT  BuildTime: Aug  4 2022 06:17:15  BuildStamp: freesurfer-linux-ubuntu22_x86_64-7.3.2-20220804-6354275  User: oesteban  Machine: dna060  Platform: Linux  PlatformVersion: 5.14.0-427.37.1.el9_4.x86_64  CompilerName: GCC  CompilerVersion: 8.4.0
ProgramName: mri_log_likelihood  ProgramArguments: mri_log_likelihood -all-info  ProgramVersion: 7.3.2  TimeStamp: 2026/03/09-10:12:42-GMT  BuildTime: Aug  4 2022 06:17:15  BuildStamp: freesurfer-linux-ubuntu22_x86_64-7.3.2-20220804-6354275  User: oesteban  Machine: dna060  Platform: Linux  PlatformVersion: 5.14.0-427.37.1.el9_4.x86_64  CompilerName: GCC  CompilerVersion: 8.4.0
ProgramName: mri_mask  ProgramArguments: mri_mask -all-info  ProgramVersion: 7.3.2  TimeStamp: 2026/03/09-10:12:42-GMT  BuildTime: Aug  4 2022 06:17:15  BuildStamp: freesurfer-linux-ubuntu22_x86_64-7.3.2-20220804-6354275  User: oesteban  Machine: dna060  Platform: Linux  PlatformVersion: 5.14.0-427.37.1.el9_4.x86_64  CompilerName: GCC  CompilerVersion: 8.4.0
ProgramName: mri_matrix_multiply  ProgramArguments: mri_matrix_multiply -all-info  ProgramVersion: 7.3.2  TimeStamp: 2026/03/09-10:12:42-GMT  BuildTime: Aug  4 2022 06:17:15  BuildStamp: freesurfer-linux-ubuntu22_x86_64-7.3.2-20220804-6354275  User: oesteban  Machine: dna060  Platform: Linux  PlatformVersion: 5.14.0-427.37.1.el9_4.x86_64  CompilerName: GCC  CompilerVersion: 8.4.0
ProgramName: mri_normalize  ProgramArguments: mri_normalize -all-info  ProgramVersion: 7.3.2  TimeStamp: 2026/03/09-10:12:42-GMT  BuildTime: Aug  4 2022 06:17:15  BuildStamp: freesurfer-linux-ubuntu22_x86_64-7.3.2-20220804-6354275  User: oesteban  Machine: dna060  Platform: Linux  PlatformVersion: 5.14.0-427.37.1.el9_4.x86_64  CompilerName: GCC  CompilerVersion: 8.4.0
ProgramName: mri_normalize_tp2  ProgramArguments: mri_normalize_tp2 -all-info  ProgramVersion: 7.3.2  TimeStamp: 2026/03/09-10:12:42-GMT  BuildTime: Aug  4 2022 06:17:15  BuildStamp: freesurfer-linux-ubuntu22_x86_64-7.3.2-20220804-6354275  User: oesteban  Machine: dna060  Platform: Linux  PlatformVersion: 5.14.0-427.37.1.el9_4.x86_64  CompilerName: GCC  CompilerVersion: 8.4.0
ProgramName: mri_or  ProgramArguments: mri_or -all-info  ProgramVersion: 7.3.2  TimeStamp: 2026/03/09-10:12:42-GMT  BuildTime: Aug  4 2022 06:17:15  BuildStamp: freesurfer-linux-ubuntu22_x86_64-7.3.2-20220804-6354275  User: oesteban  Machine: dna060  Platform: Linux  PlatformVersion: 5.14.0-427.37.1.el9_4.x86_64  CompilerName: GCC  CompilerVersion: 8.4.0
ProgramName: mri_relabel_hypointensities  ProgramArguments: mri_relabel_hypointensities -all-info  ProgramVersion: 7.3.2  TimeStamp: 2026/03/09-10:12:42-GMT  BuildTime: Aug  4 2022 06:17:15  BuildStamp: freesurfer-linux-ubuntu22_x86_64-7.3.2-20220804-6354275  User: oesteban  Machine: dna060  Platform: Linux  PlatformVersion: 5.14.0-427.37.1.el9_4.x86_64  CompilerName: GCC  CompilerVersion: 8.4.0
ProgramName: mri_relabel_nonwm_hypos  ProgramArguments: mri_relabel_nonwm_hypos -all-info  ProgramVersion: 7.3.2  TimeStamp: 2026/03/09-10:12:42-GMT  BuildTime: Aug  4 2022 06:17:15  BuildStamp: freesurfer-linux-ubuntu22_x86_64-7.3.2-20220804-6354275  User: oesteban  Machine: dna060  Platform: Linux  PlatformVersion: 5.14.0-427.37.1.el9_4.x86_64  CompilerName: GCC  CompilerVersion: 8.4.0
ProgramName: mri_remove_neck  ProgramArguments: mri_remove_neck -all-info  ProgramVersion: 7.3.2  TimeStamp: 2026/03/09-10:12:42-GMT  BuildTime: Aug  4 2022 06:17:15  BuildStamp: freesurfer-linux-ubuntu22_x86_64-7.3.2-20220804-6354275  User: oesteban  Machine: dna060  Platform: Linux  PlatformVersion: 5.14.0-427.37.1.el9_4.x86_64  CompilerName: GCC  CompilerVersion: 8.4.0
7.3.2

ProgramName: mri_robust_register  ProgramArguments: mri_robust_register -all-info  ProgramVersion: 7.3.2  TimeStamp: 2026/03/09-10:12:42-GMT  BuildTime: Aug  4 2022 06:17:15  BuildStamp: freesurfer-linux-ubuntu22_x86_64-7.3.2-20220804-6354275  User: oesteban  Machine: dna060  Platform: Linux  PlatformVersion: 5.14.0-427.37.1.el9_4.x86_64  CompilerName: GCC  CompilerVersion: 8.4.0
7.3.2

ProgramName: mri_robust_template  ProgramArguments: mri_robust_template -all-info  ProgramVersion: 7.3.2  TimeStamp: 2026/03/09-10:12:42-GMT  BuildTime: Aug  4 2022 06:17:15  BuildStamp: freesurfer-linux-ubuntu22_x86_64-7.3.2-20220804-6354275  User: oesteban  Machine: dna060  Platform: Linux  PlatformVersion: 5.14.0-427.37.1.el9_4.x86_64  CompilerName: GCC  CompilerVersion: 8.4.0
ProgramName: mris_anatomical_stats  ProgramArguments: mris_anatomical_stats -all-info  ProgramVersion: 7.3.2  TimeStamp: 2026/03/09-10:12:42-GMT  BuildTime: Aug  4 2022 06:17:15  BuildStamp: freesurfer-linux-ubuntu22_x86_64-7.3.2-20220804-6354275  User: oesteban  Machine: dna060  Platform: Linux  PlatformVersion: 5.14.0-427.37.1.el9_4.x86_64  CompilerName: GCC  CompilerVersion: 8.4.0
ProgramName: mris_ca_label  ProgramArguments: mris_ca_label -all-info  ProgramVersion: 7.3.2  TimeStamp: 2026/03/09-10:12:42-GMT  BuildTime: Aug  4 2022 06:17:15  BuildStamp: freesurfer-linux-ubuntu22_x86_64-7.3.2-20220804-6354275  User: oesteban  Machine: dna060  Platform: Linux  PlatformVersion: 5.14.0-427.37.1.el9_4.x86_64  CompilerName: GCC  CompilerVersion: 8.4.0
ProgramName: mris_calc  ProgramArguments: mris_calc -all-info  ProgramVersion: 7.3.2  TimeStamp: 2026/03/09-10:12:42-GMT  BuildTime: Aug  4 2022 06:17:15  BuildStamp: freesurfer-linux-ubuntu22_x86_64-7.3.2-20220804-6354275  User: oesteban  Machine: dna060  Platform: Linux  PlatformVersion: 5.14.0-427.37.1.el9_4.x86_64  CompilerName: GCC  CompilerVersion: 8.4.0
ProgramName: mris_convert  ProgramArguments: mris_convert -all-info  ProgramVersion: 7.3.2  TimeStamp: 2026/03/09-10:12:42-GMT  BuildTime: Aug  4 2022 06:17:15  BuildStamp: freesurfer-linux-ubuntu22_x86_64-7.3.2-20220804-6354275  User: oesteban  Machine: dna060  Platform: Linux  PlatformVersion: 5.14.0-427.37.1.el9_4.x86_64  CompilerName: GCC  CompilerVersion: 8.4.0
ProgramName: mris_curvature  ProgramArguments: mris_curvature -all-info  ProgramVersion: 7.3.2  TimeStamp: 2026/03/09-10:12:42-GMT  BuildTime: Aug  4 2022 06:17:15  BuildStamp: freesurfer-linux-ubuntu22_x86_64-7.3.2-20220804-6354275  User: oesteban  Machine: dna060  Platform: Linux  PlatformVersion: 5.14.0-427.37.1.el9_4.x86_64  CompilerName: GCC  CompilerVersion: 8.4.0
ProgramName: mris_curvature_stats  ProgramArguments: mris_curvature_stats -all-info  ProgramVersion: 7.3.2  TimeStamp: 2026/03/09-10:12:42-GMT  BuildTime: Aug  4 2022 06:17:15  BuildStamp: freesurfer-linux-ubuntu22_x86_64-7.3.2-20220804-6354275  User: oesteban  Machine: dna060  Platform: Linux  PlatformVersion: 5.14.0-427.37.1.el9_4.x86_64  CompilerName: GCC  CompilerVersion: 8.4.0
ProgramName: mris_diff  ProgramArguments: mris_diff -all-info  ProgramVersion: 7.3.2  TimeStamp: 2026/03/09-10:12:42-GMT  BuildTime: Aug  4 2022 06:17:15  BuildStamp: freesurfer-linux-ubuntu22_x86_64-7.3.2-20220804-6354275  User: oesteban  Machine: dna060  Platform: Linux  PlatformVersion: 5.14.0-427.37.1.el9_4.x86_64  CompilerName: GCC  CompilerVersion: 8.4.0
ProgramName: mris_divide_parcellation  ProgramArguments: mris_divide_parcellation -all-info  ProgramVersion: 7.3.2  TimeStamp: 2026/03/09-10:12:42-GMT  BuildTime: Aug  4 2022 06:17:15  BuildStamp: freesurfer-linux-ubuntu22_x86_64-7.3.2-20220804-6354275  User: oesteban  Machine: dna060  Platform: Linux  PlatformVersion: 5.14.0-427.37.1.el9_4.x86_64  CompilerName: GCC  CompilerVersion: 8.4.0
ProgramName: mri_segment  ProgramArguments: mri_segment -all-info  ProgramVersion: 7.3.2  TimeStamp: 2026/03/09-10:12:42-GMT  BuildTime: Aug  4 2022 06:17:15  BuildStamp: freesurfer-linux-ubuntu22_x86_64-7.3.2-20220804-6354275  User: oesteban  Machine: dna060  Platform: Linux  PlatformVersion: 5.14.0-427.37.1.el9_4.x86_64  CompilerName: GCC  CompilerVersion: 8.4.0
ProgramName: mri_segstats  ProgramArguments: mri_segstats -all-info  ProgramVersion: 7.3.2  TimeStamp: 2026/03/09-10:12:42-GMT  BuildTime: Aug  4 2022 06:17:15  BuildStamp: freesurfer-linux-ubuntu22_x86_64-7.3.2-20220804-6354275  User: oesteban  Machine: dna060  Platform: Linux  PlatformVersion: 5.14.0-427.37.1.el9_4.x86_64  CompilerName: GCC  CompilerVersion: 8.4.0
ProgramName: mris_euler_number  ProgramArguments: mris_euler_number -all-info  ProgramVersion: 7.3.2  TimeStamp: 2026/03/09-10:12:42-GMT  BuildTime: Aug  4 2022 06:17:15  BuildStamp: freesurfer-linux-ubuntu22_x86_64-7.3.2-20220804-6354275  User: oesteban  Machine: dna060  Platform: Linux  PlatformVersion: 5.14.0-427.37.1.el9_4.x86_64  CompilerName: GCC  CompilerVersion: 8.4.0
ProgramName: mris_fix_topology  ProgramArguments: mris_fix_topology -all-info  ProgramVersion: 7.3.2  TimeStamp: 2026/03/09-10:12:42-GMT  BuildTime: Aug  4 2022 06:17:15  BuildStamp: freesurfer-linux-ubuntu22_x86_64-7.3.2-20220804-6354275  User: oesteban  Machine: dna060  Platform: Linux  PlatformVersion: 5.14.0-427.37.1.el9_4.x86_64  CompilerName: GCC  CompilerVersion: 8.4.0
ProgramName: mris_topo_fixer  ProgramArguments: mris_topo_fixer -all-info  ProgramVersion: 7.3.2  TimeStamp: 2026/03/09-10:12:42-GMT  BuildTime: Aug  4 2022 06:17:15  BuildStamp: freesurfer-linux-ubuntu22_x86_64-7.3.2-20220804-6354275  User: oesteban  Machine: dna060  Platform: Linux  PlatformVersion: 5.14.0-427.37.1.el9_4.x86_64  CompilerName: GCC  CompilerVersion: 8.4.0
ProgramName: mris_jacobian  ProgramArguments: mris_jacobian -all-info  ProgramVersion: 7.3.2  TimeStamp: 2026/03/09-10:12:42-GMT  BuildTime: Aug  4 2022 06:17:15  BuildStamp: freesurfer-linux-ubuntu22_x86_64-7.3.2-20220804-6354275  User: oesteban  Machine: dna060  Platform: Linux  PlatformVersion: 5.14.0-427.37.1.el9_4.x86_64  CompilerName: GCC  CompilerVersion: 8.4.0
ProgramName: mris_label2annot  ProgramArguments: mris_label2annot -all-info  ProgramVersion: 7.3.2  TimeStamp: 2026/03/09-10:12:42-GMT  BuildTime: Aug  4 2022 06:17:15  BuildStamp: freesurfer-linux-ubuntu22_x86_64-7.3.2-20220804-6354275  User: oesteban  Machine: dna060  Platform: Linux  PlatformVersion: 5.14.0-427.37.1.el9_4.x86_64  CompilerName: GCC  CompilerVersion: 8.4.0
ProgramName: mris_left_right_register  ProgramArguments: mris_left_right_register -all-info  ProgramVersion: 7.3.2  TimeStamp: 2026/03/09-10:12:42-GMT  BuildTime: Aug  4 2022 06:17:15  BuildStamp: freesurfer-linux-ubuntu22_x86_64-7.3.2-20220804-6354275  User: oesteban  Machine: dna060  Platform: Linux  PlatformVersion: 5.14.0-427.37.1.el9_4.x86_64  CompilerName: GCC  CompilerVersion: 8.4.0
ProgramName: mris_place_surface  ProgramArguments: mris_place_surface -all-info  ProgramVersion: 7.3.2  TimeStamp: 2026/03/09-10:12:42-GMT  BuildTime: Aug  4 2022 06:17:15  BuildStamp: freesurfer-linux-ubuntu22_x86_64-7.3.2-20220804-6354275  User: oesteban  Machine: dna060  Platform: Linux  PlatformVersion: 5.14.0-427.37.1.el9_4.x86_64  CompilerName: GCC  CompilerVersion: 8.4.0
ProgramName: mrisp_paint  ProgramArguments: mrisp_paint -all-info  ProgramVersion: 7.3.2  TimeStamp: 2026/03/09-10:12:42-GMT  BuildTime: Aug  4 2022 06:17:15  BuildStamp: freesurfer-linux-ubuntu22_x86_64-7.3.2-20220804-6354275  User: oesteban  Machine: dna060  Platform: Linux  PlatformVersion: 5.14.0-427.37.1.el9_4.x86_64  CompilerName: GCC  CompilerVersion: 8.4.0
ProgramName: mris_register  ProgramArguments: mris_register -all-info  ProgramVersion: 7.3.2  TimeStamp: 2026/03/09-10:12:42-GMT  BuildTime: Aug  4 2022 06:17:15  BuildStamp: freesurfer-linux-ubuntu22_x86_64-7.3.2-20220804-6354275  User: oesteban  Machine: dna060  Platform: Linux  PlatformVersion: 5.14.0-427.37.1.el9_4.x86_64  CompilerName: GCC  CompilerVersion: 8.4.0
ProgramName: mris_smooth  ProgramArguments: mris_smooth -all-info  ProgramVersion: 7.3.2  TimeStamp: 2026/03/09-10:12:42-GMT  BuildTime: Aug  4 2022 06:17:15  BuildStamp: freesurfer-linux-ubuntu22_x86_64-7.3.2-20220804-6354275  User: oesteban  Machine: dna060  Platform: Linux  PlatformVersion: 5.14.0-427.37.1.el9_4.x86_64  CompilerName: GCC  CompilerVersion: 8.4.0
ProgramName: mris_sphere  ProgramArguments: mris_sphere -all-info  ProgramVersion: 7.3.2  TimeStamp: 2026/03/09-10:12:43-GMT  BuildTime: Aug  4 2022 06:17:15  BuildStamp: freesurfer-linux-ubuntu22_x86_64-7.3.2-20220804-6354275  User: oesteban  Machine: dna060  Platform: Linux  PlatformVersion: 5.14.0-427.37.1.el9_4.x86_64  CompilerName: GCC  CompilerVersion: 8.4.0
ProgramName: mris_surface_stats  ProgramArguments: mris_surface_stats -all-info  ProgramVersion: 7.3.2  TimeStamp: 2026/03/09-10:12:43-GMT  BuildTime: Aug  4 2022 06:17:15  BuildStamp: freesurfer-linux-ubuntu22_x86_64-7.3.2-20220804-6354275  User: oesteban  Machine: dna060  Platform: Linux  PlatformVersion: 5.14.0-427.37.1.el9_4.x86_64  CompilerName: GCC  CompilerVersion: 8.4.0
ProgramName: mri_stats2seg  ProgramArguments: mri_stats2seg -all-info  ProgramVersion: 7.3.2  TimeStamp: 2026/03/09-10:12:43-GMT  BuildTime: Aug  4 2022 06:17:15  BuildStamp: freesurfer-linux-ubuntu22_x86_64-7.3.2-20220804-6354275  User: oesteban  Machine: dna060  Platform: Linux  PlatformVersion: 5.14.0-427.37.1.el9_4.x86_64  CompilerName: GCC  CompilerVersion: 8.4.0
ProgramName: mris_thickness  ProgramArguments: mris_thickness -all-info  ProgramVersion: 7.3.2  TimeStamp: 2026/03/09-10:12:43-GMT  BuildTime: Aug  4 2022 06:17:15  BuildStamp: freesurfer-linux-ubuntu22_x86_64-7.3.2-20220804-6354275  User: oesteban  Machine: dna060  Platform: Linux  PlatformVersion: 5.14.0-427.37.1.el9_4.x86_64  CompilerName: GCC  CompilerVersion: 8.4.0
ProgramName: mris_thickness_diff  ProgramArguments: mris_thickness_diff -all-info  ProgramVersion: 7.3.2  TimeStamp: 2026/03/09-10:12:43-GMT  BuildTime: Aug  4 2022 06:17:15  BuildStamp: freesurfer-linux-ubuntu22_x86_64-7.3.2-20220804-6354275  User: oesteban  Machine: dna060  Platform: Linux  PlatformVersion: 5.14.0-427.37.1.el9_4.x86_64  CompilerName: GCC  CompilerVersion: 8.4.0
ProgramName: mris_topo_fixer  ProgramArguments: mris_topo_fixer -all-info  ProgramVersion: 7.3.2  TimeStamp: 2026/03/09-10:12:43-GMT  BuildTime: Aug  4 2022 06:17:15  BuildStamp: freesurfer-linux-ubuntu22_x86_64-7.3.2-20220804-6354275  User: oesteban  Machine: dna060  Platform: Linux  PlatformVersion: 5.14.0-427.37.1.el9_4.x86_64  CompilerName: GCC  CompilerVersion: 8.4.0
ProgramName: mri_surf2surf  ProgramArguments: mri_surf2surf -all-info  ProgramVersion: 7.3.2  TimeStamp: 2026/03/09-10:12:43-GMT  BuildTime: Aug  4 2022 06:17:15  BuildStamp: freesurfer-linux-ubuntu22_x86_64-7.3.2-20220804-6354275  User: oesteban  Machine: dna060  Platform: Linux  PlatformVersion: 5.14.0-427.37.1.el9_4.x86_64  CompilerName: GCC  CompilerVersion: 8.4.0
ProgramName: mri_surf2vol  ProgramArguments: mri_surf2vol -all-info  ProgramVersion: 7.3.2  TimeStamp: 2026/03/09-10:12:43-GMT  BuildTime: Aug  4 2022 06:17:15  BuildStamp: freesurfer-linux-ubuntu22_x86_64-7.3.2-20220804-6354275  User: oesteban  Machine: dna060  Platform: Linux  PlatformVersion: 5.14.0-427.37.1.el9_4.x86_64  CompilerName: GCC  CompilerVersion: 8.4.0
ProgramName: mri_surfcluster  ProgramArguments: mri_surfcluster -all-info  ProgramVersion: 7.3.2  TimeStamp: 2026/03/09-10:12:43-GMT  BuildTime: Aug  4 2022 06:17:15  BuildStamp: freesurfer-linux-ubuntu22_x86_64-7.3.2-20220804-6354275  User: oesteban  Machine: dna060  Platform: Linux  PlatformVersion: 5.14.0-427.37.1.el9_4.x86_64  CompilerName: GCC  CompilerVersion: 8.4.0
ProgramName: mris_volmask  ProgramArguments: mris_volmask -all-info  ProgramVersion: 7.3.2  TimeStamp: 2026/03/09-10:12:43-GMT  BuildTime: Aug  4 2022 06:17:15  BuildStamp: freesurfer-linux-ubuntu22_x86_64-7.3.2-20220804-6354275  User: oesteban  Machine: dna060  Platform: Linux  PlatformVersion: 5.14.0-427.37.1.el9_4.x86_64  CompilerName: GCC  CompilerVersion: 8.4.0
ProgramName: mri_tessellate  ProgramArguments: mri_tessellate -all-info  ProgramVersion: 7.3.2  TimeStamp: 2026/03/09-10:12:43-GMT  BuildTime: Aug  4 2022 06:17:15  BuildStamp: freesurfer-linux-ubuntu22_x86_64-7.3.2-20220804-6354275  User: oesteban  Machine: dna060  Platform: Linux  PlatformVersion: 5.14.0-427.37.1.el9_4.x86_64  CompilerName: GCC  CompilerVersion: 8.4.0
ProgramName: mri_vol2surf  ProgramArguments: mri_vol2surf -all-info  ProgramVersion: 7.3.2  TimeStamp: 2026/03/09-10:12:43-GMT  BuildTime: Aug  4 2022 06:17:15  BuildStamp: freesurfer-linux-ubuntu22_x86_64-7.3.2-20220804-6354275  User: oesteban  Machine: dna060  Platform: Linux  PlatformVersion: 5.14.0-427.37.1.el9_4.x86_64  CompilerName: GCC  CompilerVersion: 8.4.0
ProgramName: mri_vol2vol  ProgramArguments: mri_vol2vol -all-info  ProgramVersion: 7.3.2  TimeStamp: 2026/03/09-10:12:43-GMT  BuildTime: Aug  4 2022 06:17:15  BuildStamp: freesurfer-linux-ubuntu22_x86_64-7.3.2-20220804-6354275  User: oesteban  Machine: dna060  Platform: Linux  PlatformVersion: 5.14.0-427.37.1.el9_4.x86_64  CompilerName: GCC  CompilerVersion: 8.4.0
ProgramName: mri_voldiff  ProgramArguments: mri_voldiff -all-info  ProgramVersion: 7.3.2  TimeStamp: 2026/03/09-10:12:43-GMT  BuildTime: Aug  4 2022 06:17:15  BuildStamp: freesurfer-linux-ubuntu22_x86_64-7.3.2-20220804-6354275  User: oesteban  Machine: dna060  Platform: Linux  PlatformVersion: 5.14.0-427.37.1.el9_4.x86_64  CompilerName: GCC  CompilerVersion: 8.4.0
ProgramName: mri_watershed  ProgramArguments: mri_watershed -all-info  ProgramVersion: 7.3.2  TimeStamp: 2026/03/09-10:12:43-GMT  BuildTime: Aug  4 2022 06:17:15  BuildStamp: freesurfer-linux-ubuntu22_x86_64-7.3.2-20220804-6354275  User: oesteban  Machine: dna060  Platform: Linux  PlatformVersion: 5.14.0-427.37.1.el9_4.x86_64  CompilerName: GCC  CompilerVersion: 8.4.0
ProgramName: tkregister2  ProgramArguments: tkregister2_cmdl -all-info  ProgramVersion: 7.3.2  TimeStamp: 2026/03/09-10:12:43-GMT  BuildTime: Aug  4 2022 06:17:15  BuildStamp: freesurfer-linux-ubuntu22_x86_64-7.3.2-20220804-6354275  User: oesteban  Machine: dna060  Platform: Linux  PlatformVersion: 5.14.0-427.37.1.el9_4.x86_64  CompilerName: GCC  CompilerVersion: 8.4.0
mri_motion_correct.fsl 7.3.2
mri_convert -all-info 
ProgramName: mri_convert  ProgramArguments: mri_convert -all-info  ProgramVersion: 7.3.2  TimeStamp: 2026/03/09-10:12:43-GMT  BuildTime: Aug  4 2022 06:17:15  BuildStamp: freesurfer-linux-ubuntu22_x86_64-7.3.2-20220804-6354275  User: oesteban  Machine: dna060  Platform: Linux  PlatformVersion: 5.14.0-427.37.1.el9_4.x86_64  CompilerName: GCC  CompilerVersion: 8.4.0
Program nu_correct, built from:
Package MNI N3, version 1.12.0, compiled by nicks@terrier (x86_64-unknown-linux-gnu) on 2015-06-19 at 01:25:34
#######################################
GCADIR /opt/freesurfer/average
GCA RB_all_2020-01-02.gca
GCASkull RB_all_withskull_2020_01_02.gca
AvgCurvTif folding.atlas.acfb40.noaparc.i12.2016-08-02.tif
GCSDIR /opt/freesurfer/average
GCS DKaparc.atlas.acfb40.noaparc.i12.2016-08-02.gcs
#######################################
/out/sourcedata/freesurfer/sub-v1s21x0050411_ses-1

 mri_convert /work/fmriprep_25_2_wf/sub_v1s21x0050411_ses_1_wf/anat_fit_wf/anat_validate/sub-v1s21x0050411_ses-1_T1w_noise_corrected_ras_valid.nii.gz /out/sourcedata/freesurfer/sub-v1s21x0050411_ses-1/mri/orig/001.mgz 

mri_convert /work/fmriprep_25_2_wf/sub_v1s21x0050411_ses_1_wf/anat_fit_wf/anat_validate/sub-v1s21x0050411_ses-1_T1w_noise_corrected_ras_valid.nii.gz /out/sourcedata/freesurfer/sub-v1s21x0050411_ses-1/mri/orig/001.mgz 
reading from /work/fmriprep_25_2_wf/sub_v1s21x0050411_ses_1_wf/anat_fit_wf/anat_validate/sub-v1s21x0050411_ses-1_T1w_noise_corrected_ras_valid.nii.gz...
TR=0.00, TE=0.00, TI=0.00, flip angle=0.00
i_ras = (1, 0, 0)
j_ras = (0, 1, 0)
k_ras = (0, 0, 1)
writing to /out/sourcedata/freesurfer/sub-v1s21x0050411_ses-1/mri/orig/001.mgz...
#--------------------------------------------
#@# MotionCor Mon Mar  9 11:12:44 CET 2026
Found 1 runs
/out/sourcedata/freesurfer/sub-v1s21x0050411_ses-1/mri/orig/001.mgz
Checking for (invalid) multi-frame inputs...
Only one run found so motion
correction will not be performed. I'll
copy the run to rawavg and continue.

 cp /out/sourcedata/freesurfer/sub-v1s21x0050411_ses-1/mri/orig/001.mgz /out/sourcedata/freesurfer/sub-v1s21x0050411_ses-1/mri/rawavg.mgz 


 mri_info /out/sourcedata/freesurfer/sub-v1s21x0050411_ses-1/mri/rawavg.mgz 

rawavg.mgz ========================================
Volume information for /out/sourcedata/freesurfer/sub-v1s21x0050411_ses-1/mri/rawavg.mgz
          type: MGH
    dimensions: 120 x 256 x 256
   voxel sizes: 1.400000, 1.000000, 1.000000
          type: FLOAT (3)
           fov: 256.000
           dof: 1
        xstart: -84.0, xend: 84.0
        ystart: -128.0, yend: 128.0
        zstart: -128.0, zend: 128.0
            TR: 0.00 msec, TE: 0.00 msec, TI: 0.00 msec, flip angle: 0.00 degrees
       nframes: 1
       PhEncDir: UNKNOWN
       FieldStrength: 0.000000
ras xform present
    xform info: x_r =   1.0000, y_r =   0.0000, z_r =   0.0000, c_r =     0.7000
              : x_a =   0.0000, y_a =   1.0000, z_a =   0.0000, c_a =     0.5000
              : x_s =   0.0000, y_s =   0.0000, z_s =   1.0000, c_s =     0.5000

talairach xfm : 
Orientation   : RAS
Primary Slice Direction: axial

voxel to ras transform:
                1.4000   0.0000   0.0000   -83.3000
                0.0000   1.0000   0.0000  -127.5000
                0.0000   0.0000   1.0000  -127.5000
                0.0000   0.0000   0.0000     1.0000

voxel-to-ras determinant 1.4

ras to voxel transform:
                0.7143   0.0000   0.0000    59.5000
                0.0000   1.0000   0.0000   127.5000
                0.0000   0.0000   1.0000   127.5000
                0.0000   0.0000   0.0000     1.0000
/out/sourcedata/freesurfer/sub-v1s21x0050411_ses-1

 mri_convert /out/sourcedata/freesurfer/sub-v1s21x0050411_ses-1/mri/rawavg.mgz /out/sourcedata/freesurfer/sub-v1s21x0050411_ses-1/mri/orig.mgz --conform 

mri_convert /out/sourcedata/freesurfer/sub-v1s21x0050411_ses-1/mri/rawavg.mgz /out/sourcedata/freesurfer/sub-v1s21x0050411_ses-1/mri/orig.mgz --conform 
reading from /out/sourcedata/freesurfer/sub-v1s21x0050411_ses-1/mri/rawavg.mgz...
TR=0.00, TE=0.00, TI=0.00, flip angle=0.00
i_ras = (1, 0, 0)
j_ras = (0, 1, 0)
k_ras = (0, 0, 1)
changing data type from float to uchar (noscale = 0)...
MRIchangeType: Building histogram 0 4840.63 1000, flo=0, fhi=0.999, dest_type=0
Reslicing using trilinear interpolation 
writing to /out/sourcedata/freesurfer/sub-v1s21x0050411_ses-1/mri/orig.mgz...

 mri_add_xform_to_header -c /out/sourcedata/freesurfer/sub-v1s21x0050411_ses-1/mri/transforms/talairach.xfm /out/sourcedata/freesurfer/sub-v1s21x0050411_ses-1/mri/orig.mgz /out/sourcedata/freesurfer/sub-v1s21x0050411_ses-1/mri/orig.mgz 

INFO: extension is mgz

 mri_info /out/sourcedata/freesurfer/sub-v1s21x0050411_ses-1/mri/orig.mgz 

orig.mgz ========================================
Volume information for /out/sourcedata/freesurfer/sub-v1s21x0050411_ses-1/mri/orig.mgz
          type: MGH
    dimensions: 256 x 256 x 256
   voxel sizes: 1.000000, 1.000000, 1.000000
          type: UCHAR (0)
           fov: 256.000
           dof: 1
        xstart: -128.0, xend: 128.0
        ystart: -128.0, yend: 128.0
        zstart: -128.0, zend: 128.0
            TR: 0.00 msec, TE: 0.00 msec, TI: 0.00 msec, flip angle: 0.00 degrees
       nframes: 1
       PhEncDir: UNKNOWN
       FieldStrength: 0.000000
ras xform present
    xform info: x_r =  -1.0000, y_r =   0.0000, z_r =   0.0000, c_r =     0.7000
              : x_a =   0.0000, y_a =   0.0000, z_a =   1.0000, c_a =     0.5000
              : x_s =   0.0000, y_s =  -1.0000, z_s =   0.0000, c_s =     0.5000

talairach xfm : /out/sourcedata/freesurfer/sub-v1s21x0050411_ses-1/mri/transforms/talairach.xfm
Orientation   : LIA
Primary Slice Direction: coronal

voxel to ras transform:
               -1.0000   0.0000   0.0000   128.7000
                0.0000   0.0000   1.0000  -127.5000
                0.0000  -1.0000   0.0000   128.5000
                0.0000   0.0000   0.0000     1.0000

voxel-to-ras determinant -1

ras to voxel transform:
               -1.0000  -0.0000  -0.0000   128.7000
               -0.0000  -0.0000  -1.0000   128.5000
               -0.0000   1.0000  -0.0000   127.5000
               -0.0000  -0.0000  -0.0000     1.0000
#--------------------------------------------
#@# Talairach Mon Mar  9 11:12:51 CET 2026
/out/sourcedata/freesurfer/sub-v1s21x0050411_ses-1/mri

 mri_nu_correct.mni --no-rescale --i orig.mgz --o orig_nu.mgz --ants-n4 --n 1 --proto-iters 1000 --distance 50 

/usr/bin/bc
/out/sourcedata/freesurfer/sub-v1s21x0050411_ses-1/mri
/opt/freesurfer/bin/mri_nu_correct.mni
--no-rescale --i orig.mgz --o orig_nu.mgz --ants-n4 --n 1 --proto-iters 1000 --distance 50
nIters 1
mri_nu_correct.mni 7.3.2
Linux dna060 5.14.0-427.37.1.el9_4.x86_64 #1 SMP PREEMPT_DYNAMIC Fri Sep 13 12:41:50 EDT 2024 x86_64 x86_64 x86_64 GNU/Linux
Mon Mar  9 11:12:52 CET 2026
tmpdir is ./tmp.mri_nu_correct.mni.2414611
cd /out/sourcedata/freesurfer/sub-v1s21x0050411_ses-1/mri
AntsN4BiasFieldCorrectionFs -i orig.mgz -o ./tmp.mri_nu_correct.mni.2414611/nu0.mgz --dtype uchar
AntsN4BiasFieldCorrectionFs done
mri_convert ./tmp.mri_nu_correct.mni.2414611/nu0.mgz orig_nu.mgz --like orig.mgz --conform
mri_convert ./tmp.mri_nu_correct.mni.2414611/nu0.mgz orig_nu.mgz --like orig.mgz --conform 
reading from ./tmp.mri_nu_correct.mni.2414611/nu0.mgz...
TR=0.00, TE=0.00, TI=0.00, flip angle=0.00
i_ras = (-1, 0, 0)
j_ras = (0, 0, -1)
k_ras = (0, 1, 0)
INFO: transform src into the like-volume: orig.mgz
writing to orig_nu.mgz...
 
 
Mon Mar  9 11:15:47 CET 2026
mri_nu_correct.mni done

 talairach_avi --i orig_nu.mgz --xfm transforms/talairach.auto.xfm 

talairach_avi log file is transforms/talairach_avi.log...
mv -f /out/sourcedata/freesurfer/sub-v1s21x0050411_ses-1/mri/talsrcimg_to_711-2C_as_mni_average_305_t4_vox2vox.txt /out/sourcedata/freesurfer/sub-v1s21x0050411_ses-1/mri/transforms/talsrcimg_to_711-2C_as_mni_average_305_t4_vox2vox.txt
Started at Mon Mar 9 11:15:47 CET 2026
Ended   at Mon Mar  9 11:17:14 CET 2026
talairach_avi done

 cp transforms/talairach.auto.xfm transforms/talairach.xfm 

lta_convert --src orig.mgz --trg /opt/freesurfer/average/mni305.cor.mgz --inxfm transforms/talairach.xfm --outlta transforms/talairach.xfm.lta --subject fsaverage --ltavox2vox
7.3.2

--src: orig.mgz src image (geometry).
--trg: /opt/freesurfer/average/mni305.cor.mgz trg image (geometry).
--inmni: transforms/talairach.xfm input MNI/XFM transform.
--outlta: transforms/talairach.xfm.lta output LTA.
--s: fsaverage subject name
--ltavox2vox: output LTA as VOX_TO_VOX transform.
 LTA read, type : 1
 1.00486  -0.03600  -0.03682   2.44232;
 0.01939   0.99173  -0.08201  -5.00459;
 0.04746   0.14966   1.03588  -24.65894;
 0.00000   0.00000   0.00000   1.00000;
setting subject to fsaverage
Writing  LTA to file transforms/talairach.xfm.lta...
lta_convert successful.
#--------------------------------------------
#@# Talairach Failure Detection Mon Mar  9 11:17:16 CET 2026
/out/sourcedata/freesurfer/sub-v1s21x0050411_ses-1/mri

 talairach_afd -T 0.005 -xfm transforms/talairach.xfm 

talairach_afd: Talairach Transform: transforms/talairach.xfm OK (p=0.4701, pval=0.1049 >= threshold=0.0050)

 awk -f /opt/freesurfer/bin/extract_talairach_avi_QA.awk /out/sourcedata/freesurfer/sub-v1s21x0050411_ses-1/mri/transforms/talairach_avi.log 


 tal_QC_AZS /out/sourcedata/freesurfer/sub-v1s21x0050411_ses-1/mri/transforms/talairach_avi.log 

TalAviQA: 0.97684
z-score: 0
#--------------------------------------------
#@# Nu Intensity Correction Mon Mar  9 11:17:16 CET 2026

 mri_nu_correct.mni --i orig.mgz --o nu.mgz --uchar transforms/talairach.xfm --n 2 --ants-n4 

/usr/bin/bc
/out/sourcedata/freesurfer/sub-v1s21x0050411_ses-1/mri
/opt/freesurfer/bin/mri_nu_correct.mni
--i orig.mgz --o nu.mgz --uchar transforms/talairach.xfm --n 2 --ants-n4
nIters 2
mri_nu_correct.mni 7.3.2
Linux dna060 5.14.0-427.37.1.el9_4.x86_64 #1 SMP PREEMPT_DYNAMIC Fri Sep 13 12:41:50 EDT 2024 x86_64 x86_64 x86_64 GNU/Linux
Mon Mar  9 11:17:16 CET 2026
tmpdir is ./tmp.mri_nu_correct.mni.2417018
cd /out/sourcedata/freesurfer/sub-v1s21x0050411_ses-1/mri
AntsN4BiasFieldCorrectionFs -i orig.mgz -o ./tmp.mri_nu_correct.mni.2417018/nu0.mgz --dtype uchar
AntsN4BiasFieldCorrectionFs done
mri_binarize --i ./tmp.mri_nu_correct.mni.2417018/nu0.mgz --min -1 --o ./tmp.mri_nu_correct.mni.2417018/ones.mgz

7.3.2
cwd /out/sourcedata/freesurfer/sub-v1s21x0050411_ses-1/mri
cmdline mri_binarize --i ./tmp.mri_nu_correct.mni.2417018/nu0.mgz --min -1 --o ./tmp.mri_nu_correct.mni.2417018/ones.mgz 
sysname  Linux
hostname dna060
machine  x86_64
user     oesteban

input      ./tmp.mri_nu_correct.mni.2417018/nu0.mgz
frame      0
nErode3d   0
nErode2d   0
output     ./tmp.mri_nu_correct.mni.2417018/ones.mgz
Binarizing based on threshold
min        -1
max        +infinity
binval        1
binvalnot     0
fstart = 0, fend = 0, nframes = 1
Starting parallel 1
Found 16777216 values in range
Counting number of voxels in first frame
Found 16777215 voxels in final mask
Writing output to ./tmp.mri_nu_correct.mni.2417018/ones.mgz
Count: 16777215 16777215.000000 16777216 99.999994
mri_binarize done
mri_segstats --id 1 --seg ./tmp.mri_nu_correct.mni.2417018/ones.mgz --i orig.mgz --sum ./tmp.mri_nu_correct.mni.2417018/sum.junk --avgwf ./tmp.mri_nu_correct.mni.2417018/input.mean.dat

7.3.2
cwd 
cmdline mri_segstats --id 1 --seg ./tmp.mri_nu_correct.mni.2417018/ones.mgz --i orig.mgz --sum ./tmp.mri_nu_correct.mni.2417018/sum.junk --avgwf ./tmp.mri_nu_correct.mni.2417018/input.mean.dat 
sysname  Linux
hostname dna060
machine  x86_64
user     oesteban
whitesurfname  white
UseRobust  0
Loading ./tmp.mri_nu_correct.mni.2417018/ones.mgz
Loading orig.mgz
Voxel Volume is 1 mm^3
Generating list of segmentation ids
Found   1 segmentations
Computing statistics for each segmentation

Reporting on   1 segmentations
Using PrintSegStat
Computing spatial average of each frame

Writing to ./tmp.mri_nu_correct.mni.2417018/input.mean.dat
mri_segstats done
mri_segstats --id 1 --seg ./tmp.mri_nu_correct.mni.2417018/ones.mgz --i ./tmp.mri_nu_correct.mni.2417018/nu0.mgz --sum ./tmp.mri_nu_correct.mni.2417018/sum.junk --avgwf ./tmp.mri_nu_correct.mni.2417018/output.mean.dat

7.3.2
cwd 
cmdline mri_segstats --id 1 --seg ./tmp.mri_nu_correct.mni.2417018/ones.mgz --i ./tmp.mri_nu_correct.mni.2417018/nu0.mgz --sum ./tmp.mri_nu_correct.mni.2417018/sum.junk --avgwf ./tmp.mri_nu_correct.mni.2417018/output.mean.dat 
sysname  Linux
hostname dna060
machine  x86_64
user     oesteban
whitesurfname  white
UseRobust  0
Loading ./tmp.mri_nu_correct.mni.2417018/ones.mgz
Loading ./tmp.mri_nu_correct.mni.2417018/nu0.mgz
Voxel Volume is 1 mm^3
Generating list of segmentation ids
Found   1 segmentations
Computing statistics for each segmentation

Reporting on   1 segmentations
Using PrintSegStat
Computing spatial average of each frame

Writing to ./tmp.mri_nu_correct.mni.2417018/output.mean.dat
mri_segstats done
mris_calc -o ./tmp.mri_nu_correct.mni.2417018/nu0.mgz ./tmp.mri_nu_correct.mni.2417018/nu0.mgz mul 1.17689493713925222542
Saving result to './tmp.mri_nu_correct.mni.2417018/nu0.mgz' (type = MGH )                       [ ok ]
mri_convert ./tmp.mri_nu_correct.mni.2417018/nu0.mgz nu.mgz --like orig.mgz
mri_convert ./tmp.mri_nu_correct.mni.2417018/nu0.mgz nu.mgz --like orig.mgz 
reading from ./tmp.mri_nu_correct.mni.2417018/nu0.mgz...
TR=0.00, TE=0.00, TI=0.00, flip angle=0.00
i_ras = (-1, 0, 0)
j_ras = (0, 0, -1)
k_ras = (0, 1, 0)
INFO: transform src into the like-volume: orig.mgz
writing to nu.mgz...
mri_make_uchar nu.mgz transforms/talairach.xfm nu.mgz
type change took 0 minutes and 6 seconds.
FIRST_PERCENTILE 0.010000
WM_PERCENTILE    0.900000
MAX_R 50.000000
i1 = 5, i2 = 34
#mri_make_uchar# mapping 13 88 to  3 110  :  b -15.9759 m 1.43848 : thresh 11.1061 maxsat 188.377 : nzero 13241618 nsat 30921
 
 
Mon Mar  9 11:20:33 CET 2026
mri_nu_correct.mni done

 mri_add_xform_to_header -c /out/sourcedata/freesurfer/sub-v1s21x0050411_ses-1/mri/transforms/talairach.xfm nu.mgz nu.mgz 

INFO: extension is mgz
#--------------------------------------------
#@# Intensity Normalization Mon Mar  9 11:20:33 CET 2026
/out/sourcedata/freesurfer/sub-v1s21x0050411_ses-1/mri

 mri_normalize -g 1 -seed 1234 -mprage nu.mgz T1.mgz 

using max gradient = 1.000
setting seed for random number genererator to 1234
assuming input volume is MGH (Van der Kouwe) MP-RAGE
reading mri_src from nu.mgz...
normalizing image...
NOT doing gentle normalization with control points/label
talairach transform
 1.00486  -0.03600  -0.03682   2.44232;
 0.01939   0.99173  -0.08201  -5.00459;
 0.04746   0.14966   1.03588  -24.65894;
 0.00000   0.00000   0.00000   1.00000;
processing without aseg, no1d=0
MRInormInit(): 
INFO: Modifying talairach volume c_(r,a,s) based on average_305
MRInormalize(): 
MRIsplineNormalize(): npeaks = 9
Starting OpenSpline(): npoints = 9
building Voronoi diagram...
performing soap bubble smoothing, sigma = 8...

Iterating 2 times
---------------------------------
3d normalization pass 1 of 2
white matter peak found at 110
white matter peak found at 110
gm peak at 69 (69), valley at 32 (32)
csf peak at 13, setting threshold to 50
building Voronoi diagram...
performing soap bubble smoothing, sigma = 8...
---------------------------------
3d normalization pass 2 of 2
white matter peak found at 110
white matter peak found at 110
gm peak at 67 (67), valley at 31 (31)
csf peak at 34, setting threshold to 56
building Voronoi diagram...
performing soap bubble smoothing, sigma = 8...
Done iterating ---------------------------------
writing output to T1.mgz
3D bias adjustment took 1 minutes and 26 seconds.

Started at Mon Mar 9 11:12:42 CET 2026 
Ended   at Mon Mar 9 11:21:59 CET 2026
#@#%# recon-all-run-time-hours 0.155
recon-all -s sub-v1s21x0050411_ses-1 finished without error at Mon Mar  9 11:21:59 CET 2026



#New# invocation of recon-all 




Mon Mar  9 11:29:21 CET 2026
cd /out/sourcedata/freesurfer/sub-v1s21x0050411_ses-1
setenv SUBJECTS_DIR /out/sourcedata/freesurfer
/opt/freesurfer/bin/recon-all -openmp 16 -subjid sub-v1s21x0050411_ses-1 -sd /out/sourcedata/freesurfer -gcareg

subjid sub-v1s21x0050411_ses-1
setenv SUBJECTS_DIR /out/sourcedata/freesurfer
FREESURFER_HOME /opt/freesurfer
Actual FREESURFER_HOME /opt/freesurfer
build-stamp.txt: freesurfer-linux-ubuntu22_x86_64-7.3.2-20220804-6354275
Linux dna060 5.14.0-427.37.1.el9_4.x86_64 #1 SMP PREEMPT_DYNAMIC Fri Sep 13 12:41:50 EDT 2024 x86_64 x86_64 x86_64 GNU/Linux
cputime      unlimited
filesize     unlimited
datasize     unlimited
stacksize    8192 kbytes
coredumpsize 0 kbytes
memoryuse    67108864 kbytes
vmemoryuse   unlimited
descriptors  1024 
memorylocked unlimited
maxproc      2061970 
maxlocks     unlimited
maxsignal    2061971 
maxmessage   819200 
maxnice      0 
maxrtprio    0 
maxrttime    unlimited

               total        used        free      shared  buff/cache   available
Mem:           503Gi        42Gi       424Gi        10Gi        36Gi       446Gi
Swap:             0B          0B          0B

########################################
program versions used
7.3.2 (freesurfer-linux-ubuntu22_x86_64-7.3.2-20220804-6354275)
7.3.2

ProgramName: lta_convert  ProgramArguments: lta_convert -all-info  ProgramVersion: 7.3.2  TimeStamp: 2026/03/09-10:29:21-GMT  BuildTime: Aug  4 2022 06:17:15  BuildStamp: freesurfer-linux-ubuntu22_x86_64-7.3.2-20220804-6354275  User: oesteban  Machine: dna060  Platform: Linux  PlatformVersion: 5.14.0-427.37.1.el9_4.x86_64  CompilerName: GCC  CompilerVersion: 8.4.0
ProgramName: mri_and  ProgramArguments: mri_and -all-info  ProgramVersion: 7.3.2  TimeStamp: 2026/03/09-10:29:21-GMT  BuildTime: Aug  4 2022 06:17:15  BuildStamp: freesurfer-linux-ubuntu22_x86_64-7.3.2-20220804-6354275  User: oesteban  Machine: dna060  Platform: Linux  PlatformVersion: 5.14.0-427.37.1.el9_4.x86_64  CompilerName: GCC  CompilerVersion: 8.4.0
ProgramName: mri_annotation2label  ProgramArguments: mri_annotation2label -all-info  ProgramVersion: 7.3.2  TimeStamp: 2026/03/09-10:29:21-GMT  BuildTime: Aug  4 2022 06:17:15  BuildStamp: freesurfer-linux-ubuntu22_x86_64-7.3.2-20220804-6354275  User: oesteban  Machine: dna060  Platform: Linux  PlatformVersion: 5.14.0-427.37.1.el9_4.x86_64  CompilerName: GCC  CompilerVersion: 8.4.0
ProgramName: mri_aparc2aseg  ProgramArguments: mri_aparc2aseg -all-info  ProgramVersion: 7.3.2  TimeStamp: 2026/03/09-10:29:21-GMT  BuildTime: Aug  4 2022 06:17:15  BuildStamp: freesurfer-linux-ubuntu22_x86_64-7.3.2-20220804-6354275  User: oesteban  Machine: dna060  Platform: Linux  PlatformVersion: 5.14.0-427.37.1.el9_4.x86_64  CompilerName: GCC  CompilerVersion: 8.4.0
ProgramName: mri_surf2volseg  ProgramArguments: mri_surf2volseg -all-info  ProgramVersion: 7.3.2  TimeStamp: 2026/03/09-10:29:21-GMT  BuildTime: Aug  4 2022 06:17:15  BuildStamp: freesurfer-linux-ubuntu22_x86_64-7.3.2-20220804-6354275  User: oesteban  Machine: dna060  Platform: Linux  PlatformVersion: 5.14.0-427.37.1.el9_4.x86_64  CompilerName: GCC  CompilerVersion: 8.4.0
ProgramName: mri_binarize  ProgramArguments: mri_binarize -all-info  ProgramVersion: 7.3.2  TimeStamp: 2026/03/09-10:29:21-GMT  BuildTime: Aug  4 2022 06:17:15  BuildStamp: freesurfer-linux-ubuntu22_x86_64-7.3.2-20220804-6354275  User: oesteban  Machine: dna060  Platform: Linux  PlatformVersion: 5.14.0-427.37.1.el9_4.x86_64  CompilerName: GCC  CompilerVersion: 8.4.0
ProgramName: mri_ca_label  ProgramArguments: mri_ca_label -all-info  ProgramVersion: 7.3.2  TimeStamp: 2026/03/09-10:29:21-GMT  BuildTime: Aug  4 2022 06:17:15  BuildStamp: freesurfer-linux-ubuntu22_x86_64-7.3.2-20220804-6354275  User: oesteban  Machine: dna060  Platform: Linux  PlatformVersion: 5.14.0-427.37.1.el9_4.x86_64  CompilerName: GCC  CompilerVersion: 8.4.0
ProgramName: mri_ca_normalize  ProgramArguments: mri_ca_normalize -all-info  ProgramVersion: 7.3.2  TimeStamp: 2026/03/09-10:29:21-GMT  BuildTime: Aug  4 2022 06:17:15  BuildStamp: freesurfer-linux-ubuntu22_x86_64-7.3.2-20220804-6354275  User: oesteban  Machine: dna060  Platform: Linux  PlatformVersion: 5.14.0-427.37.1.el9_4.x86_64  CompilerName: GCC  CompilerVersion: 8.4.0
ProgramName: mri_ca_register  ProgramArguments: mri_ca_register -all-info  ProgramVersion: 7.3.2  TimeStamp: 2026/03/09-10:29:21-GMT  BuildTime: Aug  4 2022 06:17:15  BuildStamp: freesurfer-linux-ubuntu22_x86_64-7.3.2-20220804-6354275  User: oesteban  Machine: dna060  Platform: Linux  PlatformVersion: 5.14.0-427.37.1.el9_4.x86_64  CompilerName: GCC  CompilerVersion: 8.4.0
ProgramName: mri_cc  ProgramArguments: mri_cc -all-info  ProgramVersion: 7.3.2  TimeStamp: 2026/03/09-10:29:21-GMT  BuildTime: Aug  4 2022 06:17:15  BuildStamp: freesurfer-linux-ubuntu22_x86_64-7.3.2-20220804-6354275  User: oesteban  Machine: dna060  Platform: Linux  PlatformVersion: 5.14.0-427.37.1.el9_4.x86_64  CompilerName: GCC  CompilerVersion: 8.4.0
ProgramName: mri_compute_overlap  ProgramArguments: mri_compute_overlap -all-info  ProgramVersion: 7.3.2  TimeStamp: 2026/03/09-10:29:21-GMT  BuildTime: Aug  4 2022 06:17:15  BuildStamp: freesurfer-linux-ubuntu22_x86_64-7.3.2-20220804-6354275  User: oesteban  Machine: dna060  Platform: Linux  PlatformVersion: 5.14.0-427.37.1.el9_4.x86_64  CompilerName: GCC  CompilerVersion: 8.4.0
ProgramName: mri_compute_seg_overlap  ProgramArguments: mri_compute_seg_overlap -all-info  ProgramVersion: 7.3.2  TimeStamp: 2026/03/09-10:29:21-GMT  BuildTime: Aug  4 2022 06:17:15  BuildStamp: freesurfer-linux-ubuntu22_x86_64-7.3.2-20220804-6354275  User: oesteban  Machine: dna060  Platform: Linux  PlatformVersion: 5.14.0-427.37.1.el9_4.x86_64  CompilerName: GCC  CompilerVersion: 8.4.0
ProgramName: mri_concat  ProgramArguments: mri_concat -all-info  ProgramVersion: 7.3.2  TimeStamp: 2026/03/09-10:29:21-GMT  BuildTime: Aug  4 2022 06:17:15  BuildStamp: freesurfer-linux-ubuntu22_x86_64-7.3.2-20220804-6354275  User: oesteban  Machine: dna060  Platform: Linux  PlatformVersion: 5.14.0-427.37.1.el9_4.x86_64  CompilerName: GCC  CompilerVersion: 8.4.0
ProgramName: mri_concatenate_lta  ProgramArguments: mri_concatenate_lta -all-info  ProgramVersion: 7.3.2  TimeStamp: 2026/03/09-10:29:21-GMT  BuildTime: Aug  4 2022 06:17:15  BuildStamp: freesurfer-linux-ubuntu22_x86_64-7.3.2-20220804-6354275  User: oesteban  Machine: dna060  Platform: Linux  PlatformVersion: 5.14.0-427.37.1.el9_4.x86_64  CompilerName: GCC  CompilerVersion: 8.4.0
mri_convert -all-info 
ProgramName: mri_convert  ProgramArguments: mri_convert -all-info  ProgramVersion: 7.3.2  TimeStamp: 2026/03/09-10:29:21-GMT  BuildTime: Aug  4 2022 06:17:15  BuildStamp: freesurfer-linux-ubuntu22_x86_64-7.3.2-20220804-6354275  User: oesteban  Machine: dna060  Platform: Linux  PlatformVersion: 5.14.0-427.37.1.el9_4.x86_64  CompilerName: GCC  CompilerVersion: 8.4.0
ProgramName: mri_diff  ProgramArguments: mri_diff -all-info  ProgramVersion: 7.3.2  TimeStamp: 2026/03/09-10:29:21-GMT  BuildTime: Aug  4 2022 06:17:15  BuildStamp: freesurfer-linux-ubuntu22_x86_64-7.3.2-20220804-6354275  User: oesteban  Machine: dna060  Platform: Linux  PlatformVersion: 5.14.0-427.37.1.el9_4.x86_64  CompilerName: GCC  CompilerVersion: 8.4.0
ProgramName: mri_edit_wm_with_aseg  ProgramArguments: mri_edit_wm_with_aseg -all-info  ProgramVersion: 7.3.2  TimeStamp: 2026/03/09-10:29:21-GMT  BuildTime: Aug  4 2022 06:17:15  BuildStamp: freesurfer-linux-ubuntu22_x86_64-7.3.2-20220804-6354275  User: oesteban  Machine: dna060  Platform: Linux  PlatformVersion: 5.14.0-427.37.1.el9_4.x86_64  CompilerName: GCC  CompilerVersion: 8.4.0
ProgramName: mri_em_register  ProgramArguments: mri_em_register -all-info  ProgramVersion: 7.3.2  TimeStamp: 2026/03/09-10:29:21-GMT  BuildTime: Aug  4 2022 06:17:15  BuildStamp: freesurfer-linux-ubuntu22_x86_64-7.3.2-20220804-6354275  User: oesteban  Machine: dna060  Platform: Linux  PlatformVersion: 5.14.0-427.37.1.el9_4.x86_64  CompilerName: GCC  CompilerVersion: 8.4.0
ProgramName: mri_fill  ProgramArguments: mri_fill -all-info  ProgramVersion: 7.3.2  TimeStamp: 2026/03/09-10:29:21-GMT  BuildTime: Aug  4 2022 06:17:15  BuildStamp: freesurfer-linux-ubuntu22_x86_64-7.3.2-20220804-6354275  User: oesteban  Machine: dna060  Platform: Linux  PlatformVersion: 5.14.0-427.37.1.el9_4.x86_64  CompilerName: GCC  CompilerVersion: 8.4.0
ProgramName: mri_fuse_segmentations  ProgramArguments: mri_fuse_segmentations -all-info  ProgramVersion: 7.3.2  TimeStamp: 2026/03/09-10:29:21-GMT  BuildTime: Aug  4 2022 06:17:15  BuildStamp: freesurfer-linux-ubuntu22_x86_64-7.3.2-20220804-6354275  User: oesteban  Machine: dna060  Platform: Linux  PlatformVersion: 5.14.0-427.37.1.el9_4.x86_64  CompilerName: GCC  CompilerVersion: 8.4.0
ProgramName: mri_fwhm  ProgramArguments: mri_fwhm -all-info  ProgramVersion: 7.3.2  TimeStamp: 2026/03/09-10:29:21-GMT  BuildTime: Aug  4 2022 06:17:15  BuildStamp: freesurfer-linux-ubuntu22_x86_64-7.3.2-20220804-6354275  User: oesteban  Machine: dna060  Platform: Linux  PlatformVersion: 5.14.0-427.37.1.el9_4.x86_64  CompilerName: GCC  CompilerVersion: 8.4.0
ProgramName: mri_gcut  ProgramArguments: mri_gcut -all-info  ProgramVersion: 7.3.2  TimeStamp: 2026/03/09-10:29:21-GMT  BuildTime: Aug  4 2022 06:17:15  BuildStamp: freesurfer-linux-ubuntu22_x86_64-7.3.2-20220804-6354275  User: oesteban  Machine: dna060  Platform: Linux  PlatformVersion: 5.14.0-427.37.1.el9_4.x86_64  CompilerName: GCC  CompilerVersion: 8.4.0
ProgramName: mri_info  ProgramArguments: mri_info -all-info  ProgramVersion: 7.3.2  TimeStamp: 2026/03/09-10:29:21-GMT  BuildTime: Aug  4 2022 06:17:15  BuildStamp: freesurfer-linux-ubuntu22_x86_64-7.3.2-20220804-6354275  User: oesteban  Machine: dna060  Platform: Linux  PlatformVersion: 5.14.0-427.37.1.el9_4.x86_64  CompilerName: GCC  CompilerVersion: 8.4.0
ProgramName: mri_label2label  ProgramArguments: mri_label2label -all-info  ProgramVersion: 7.3.2  TimeStamp: 2026/03/09-10:29:21-GMT  BuildTime: Aug  4 2022 06:17:15  BuildStamp: freesurfer-linux-ubuntu22_x86_64-7.3.2-20220804-6354275  User: oesteban  Machine: dna060  Platform: Linux  PlatformVersion: 5.14.0-427.37.1.el9_4.x86_64  CompilerName: GCC  CompilerVersion: 8.4.0
ProgramName: mri_label2vol  ProgramArguments: mri_label2vol -all-info  ProgramVersion: 7.3.2  TimeStamp: 2026/03/09-10:29:21-GMT  BuildTime: Aug  4 2022 06:17:15  BuildStamp: freesurfer-linux-ubuntu22_x86_64-7.3.2-20220804-6354275  User: oesteban  Machine: dna060  Platform: Linux  PlatformVersion: 5.14.0-427.37.1.el9_4.x86_64  CompilerName: GCC  CompilerVersion: 8.4.0
ProgramName: mri_log_likelihood  ProgramArguments: mri_log_likelihood -all-info  ProgramVersion: 7.3.2  TimeStamp: 2026/03/09-10:29:21-GMT  BuildTime: Aug  4 2022 06:17:15  BuildStamp: freesurfer-linux-ubuntu22_x86_64-7.3.2-20220804-6354275  User: oesteban  Machine: dna060  Platform: Linux  PlatformVersion: 5.14.0-427.37.1.el9_4.x86_64  CompilerName: GCC  CompilerVersion: 8.4.0
ProgramName: mri_mask  ProgramArguments: mri_mask -all-info  ProgramVersion: 7.3.2  TimeStamp: 2026/03/09-10:29:21-GMT  BuildTime: Aug  4 2022 06:17:15  BuildStamp: freesurfer-linux-ubuntu22_x86_64-7.3.2-20220804-6354275  User: oesteban  Machine: dna060  Platform: Linux  PlatformVersion: 5.14.0-427.37.1.el9_4.x86_64  CompilerName: GCC  CompilerVersion: 8.4.0
ProgramName: mri_matrix_multiply  ProgramArguments: mri_matrix_multiply -all-info  ProgramVersion: 7.3.2  TimeStamp: 2026/03/09-10:29:21-GMT  BuildTime: Aug  4 2022 06:17:15  BuildStamp: freesurfer-linux-ubuntu22_x86_64-7.3.2-20220804-6354275  User: oesteban  Machine: dna060  Platform: Linux  PlatformVersion: 5.14.0-427.37.1.el9_4.x86_64  CompilerName: GCC  CompilerVersion: 8.4.0
ProgramName: mri_normalize  ProgramArguments: mri_normalize -all-info  ProgramVersion: 7.3.2  TimeStamp: 2026/03/09-10:29:21-GMT  BuildTime: Aug  4 2022 06:17:15  BuildStamp: freesurfer-linux-ubuntu22_x86_64-7.3.2-20220804-6354275  User: oesteban  Machine: dna060  Platform: Linux  PlatformVersion: 5.14.0-427.37.1.el9_4.x86_64  CompilerName: GCC  CompilerVersion: 8.4.0
ProgramName: mri_normalize_tp2  ProgramArguments: mri_normalize_tp2 -all-info  ProgramVersion: 7.3.2  TimeStamp: 2026/03/09-10:29:21-GMT  BuildTime: Aug  4 2022 06:17:15  BuildStamp: freesurfer-linux-ubuntu22_x86_64-7.3.2-20220804-6354275  User: oesteban  Machine: dna060  Platform: Linux  PlatformVersion: 5.14.0-427.37.1.el9_4.x86_64  CompilerName: GCC  CompilerVersion: 8.4.0
ProgramName: mri_or  ProgramArguments: mri_or -all-info  ProgramVersion: 7.3.2  TimeStamp: 2026/03/09-10:29:21-GMT  BuildTime: Aug  4 2022 06:17:15  BuildStamp: freesurfer-linux-ubuntu22_x86_64-7.3.2-20220804-6354275  User: oesteban  Machine: dna060  Platform: Linux  PlatformVersion: 5.14.0-427.37.1.el9_4.x86_64  CompilerName: GCC  CompilerVersion: 8.4.0
ProgramName: mri_relabel_hypointensities  ProgramArguments: mri_relabel_hypointensities -all-info  ProgramVersion: 7.3.2  TimeStamp: 2026/03/09-10:29:21-GMT  BuildTime: Aug  4 2022 06:17:15  BuildStamp: freesurfer-linux-ubuntu22_x86_64-7.3.2-20220804-6354275  User: oesteban  Machine: dna060  Platform: Linux  PlatformVersion: 5.14.0-427.37.1.el9_4.x86_64  CompilerName: GCC  CompilerVersion: 8.4.0
ProgramName: mri_relabel_nonwm_hypos  ProgramArguments: mri_relabel_nonwm_hypos -all-info  ProgramVersion: 7.3.2  TimeStamp: 2026/03/09-10:29:21-GMT  BuildTime: Aug  4 2022 06:17:15  BuildStamp: freesurfer-linux-ubuntu22_x86_64-7.3.2-20220804-6354275  User: oesteban  Machine: dna060  Platform: Linux  PlatformVersion: 5.14.0-427.37.1.el9_4.x86_64  CompilerName: GCC  CompilerVersion: 8.4.0
ProgramName: mri_remove_neck  ProgramArguments: mri_remove_neck -all-info  ProgramVersion: 7.3.2  TimeStamp: 2026/03/09-10:29:21-GMT  BuildTime: Aug  4 2022 06:17:15  BuildStamp: freesurfer-linux-ubuntu22_x86_64-7.3.2-20220804-6354275  User: oesteban  Machine: dna060  Platform: Linux  PlatformVersion: 5.14.0-427.37.1.el9_4.x86_64  CompilerName: GCC  CompilerVersion: 8.4.0
7.3.2

ProgramName: mri_robust_register  ProgramArguments: mri_robust_register -all-info  ProgramVersion: 7.3.2  TimeStamp: 2026/03/09-10:29:21-GMT  BuildTime: Aug  4 2022 06:17:15  BuildStamp: freesurfer-linux-ubuntu22_x86_64-7.3.2-20220804-6354275  User: oesteban  Machine: dna060  Platform: Linux  PlatformVersion: 5.14.0-427.37.1.el9_4.x86_64  CompilerName: GCC  CompilerVersion: 8.4.0
7.3.2

ProgramName: mri_robust_template  ProgramArguments: mri_robust_template -all-info  ProgramVersion: 7.3.2  TimeStamp: 2026/03/09-10:29:21-GMT  BuildTime: Aug  4 2022 06:17:15  BuildStamp: freesurfer-linux-ubuntu22_x86_64-7.3.2-20220804-6354275  User: oesteban  Machine: dna060  Platform: Linux  PlatformVersion: 5.14.0-427.37.1.el9_4.x86_64  CompilerName: GCC  CompilerVersion: 8.4.0
ProgramName: mris_anatomical_stats  ProgramArguments: mris_anatomical_stats -all-info  ProgramVersion: 7.3.2  TimeStamp: 2026/03/09-10:29:21-GMT  BuildTime: Aug  4 2022 06:17:15  BuildStamp: freesurfer-linux-ubuntu22_x86_64-7.3.2-20220804-6354275  User: oesteban  Machine: dna060  Platform: Linux  PlatformVersion: 5.14.0-427.37.1.el9_4.x86_64  CompilerName: GCC  CompilerVersion: 8.4.0
ProgramName: mris_ca_label  ProgramArguments: mris_ca_label -all-info  ProgramVersion: 7.3.2  TimeStamp: 2026/03/09-10:29:21-GMT  BuildTime: Aug  4 2022 06:17:15  BuildStamp: freesurfer-linux-ubuntu22_x86_64-7.3.2-20220804-6354275  User: oesteban  Machine: dna060  Platform: Linux  PlatformVersion: 5.14.0-427.37.1.el9_4.x86_64  CompilerName: GCC  CompilerVersion: 8.4.0
ProgramName: mris_calc  ProgramArguments: mris_calc -all-info  ProgramVersion: 7.3.2  TimeStamp: 2026/03/09-10:29:21-GMT  BuildTime: Aug  4 2022 06:17:15  BuildStamp: freesurfer-linux-ubuntu22_x86_64-7.3.2-20220804-6354275  User: oesteban  Machine: dna060  Platform: Linux  PlatformVersion: 5.14.0-427.37.1.el9_4.x86_64  CompilerName: GCC  CompilerVersion: 8.4.0
ProgramName: mris_convert  ProgramArguments: mris_convert -all-info  ProgramVersion: 7.3.2  TimeStamp: 2026/03/09-10:29:21-GMT  BuildTime: Aug  4 2022 06:17:15  BuildStamp: freesurfer-linux-ubuntu22_x86_64-7.3.2-20220804-6354275  User: oesteban  Machine: dna060  Platform: Linux  PlatformVersion: 5.14.0-427.37.1.el9_4.x86_64  CompilerName: GCC  CompilerVersion: 8.4.0
ProgramName: mris_curvature  ProgramArguments: mris_curvature -all-info  ProgramVersion: 7.3.2  TimeStamp: 2026/03/09-10:29:21-GMT  BuildTime: Aug  4 2022 06:17:15  BuildStamp: freesurfer-linux-ubuntu22_x86_64-7.3.2-20220804-6354275  User: oesteban  Machine: dna060  Platform: Linux  PlatformVersion: 5.14.0-427.37.1.el9_4.x86_64  CompilerName: GCC  CompilerVersion: 8.4.0
ProgramName: mris_curvature_stats  ProgramArguments: mris_curvature_stats -all-info  ProgramVersion: 7.3.2  TimeStamp: 2026/03/09-10:29:21-GMT  BuildTime: Aug  4 2022 06:17:15  BuildStamp: freesurfer-linux-ubuntu22_x86_64-7.3.2-20220804-6354275  User: oesteban  Machine: dna060  Platform: Linux  PlatformVersion: 5.14.0-427.37.1.el9_4.x86_64  CompilerName: GCC  CompilerVersion: 8.4.0
ProgramName: mris_diff  ProgramArguments: mris_diff -all-info  ProgramVersion: 7.3.2  TimeStamp: 2026/03/09-10:29:21-GMT  BuildTime: Aug  4 2022 06:17:15  BuildStamp: freesurfer-linux-ubuntu22_x86_64-7.3.2-20220804-6354275  User: oesteban  Machine: dna060  Platform: Linux  PlatformVersion: 5.14.0-427.37.1.el9_4.x86_64  CompilerName: GCC  CompilerVersion: 8.4.0
ProgramName: mris_divide_parcellation  ProgramArguments: mris_divide_parcellation -all-info  ProgramVersion: 7.3.2  TimeStamp: 2026/03/09-10:29:21-GMT  BuildTime: Aug  4 2022 06:17:15  BuildStamp: freesurfer-linux-ubuntu22_x86_64-7.3.2-20220804-6354275  User: oesteban  Machine: dna060  Platform: Linux  PlatformVersion: 5.14.0-427.37.1.el9_4.x86_64  CompilerName: GCC  CompilerVersion: 8.4.0
ProgramName: mri_segment  ProgramArguments: mri_segment -all-info  ProgramVersion: 7.3.2  TimeStamp: 2026/03/09-10:29:21-GMT  BuildTime: Aug  4 2022 06:17:15  BuildStamp: freesurfer-linux-ubuntu22_x86_64-7.3.2-20220804-6354275  User: oesteban  Machine: dna060  Platform: Linux  PlatformVersion: 5.14.0-427.37.1.el9_4.x86_64  CompilerName: GCC  CompilerVersion: 8.4.0
ProgramName: mri_segstats  ProgramArguments: mri_segstats -all-info  ProgramVersion: 7.3.2  TimeStamp: 2026/03/09-10:29:21-GMT  BuildTime: Aug  4 2022 06:17:15  BuildStamp: freesurfer-linux-ubuntu22_x86_64-7.3.2-20220804-6354275  User: oesteban  Machine: dna060  Platform: Linux  PlatformVersion: 5.14.0-427.37.1.el9_4.x86_64  CompilerName: GCC  CompilerVersion: 8.4.0
ProgramName: mris_euler_number  ProgramArguments: mris_euler_number -all-info  ProgramVersion: 7.3.2  TimeStamp: 2026/03/09-10:29:21-GMT  BuildTime: Aug  4 2022 06:17:15  BuildStamp: freesurfer-linux-ubuntu22_x86_64-7.3.2-20220804-6354275  User: oesteban  Machine: dna060  Platform: Linux  PlatformVersion: 5.14.0-427.37.1.el9_4.x86_64  CompilerName: GCC  CompilerVersion: 8.4.0
ProgramName: mris_fix_topology  ProgramArguments: mris_fix_topology -all-info  ProgramVersion: 7.3.2  TimeStamp: 2026/03/09-10:29:21-GMT  BuildTime: Aug  4 2022 06:17:15  BuildStamp: freesurfer-linux-ubuntu22_x86_64-7.3.2-20220804-6354275  User: oesteban  Machine: dna060  Platform: Linux  PlatformVersion: 5.14.0-427.37.1.el9_4.x86_64  CompilerName: GCC  CompilerVersion: 8.4.0
ProgramName: mris_topo_fixer  ProgramArguments: mris_topo_fixer -all-info  ProgramVersion: 7.3.2  TimeStamp: 2026/03/09-10:29:21-GMT  BuildTime: Aug  4 2022 06:17:15  BuildStamp: freesurfer-linux-ubuntu22_x86_64-7.3.2-20220804-6354275  User: oesteban  Machine: dna060  Platform: Linux  PlatformVersion: 5.14.0-427.37.1.el9_4.x86_64  CompilerName: GCC  CompilerVersion: 8.4.0
ProgramName: mris_jacobian  ProgramArguments: mris_jacobian -all-info  ProgramVersion: 7.3.2  TimeStamp: 2026/03/09-10:29:21-GMT  BuildTime: Aug  4 2022 06:17:15  BuildStamp: freesurfer-linux-ubuntu22_x86_64-7.3.2-20220804-6354275  User: oesteban  Machine: dna060  Platform: Linux  PlatformVersion: 5.14.0-427.37.1.el9_4.x86_64  CompilerName: GCC  CompilerVersion: 8.4.0
ProgramName: mris_label2annot  ProgramArguments: mris_label2annot -all-info  ProgramVersion: 7.3.2  TimeStamp: 2026/03/09-10:29:21-GMT  BuildTime: Aug  4 2022 06:17:15  BuildStamp: freesurfer-linux-ubuntu22_x86_64-7.3.2-20220804-6354275  User: oesteban  Machine: dna060  Platform: Linux  PlatformVersion: 5.14.0-427.37.1.el9_4.x86_64  CompilerName: GCC  CompilerVersion: 8.4.0
ProgramName: mris_left_right_register  ProgramArguments: mris_left_right_register -all-info  ProgramVersion: 7.3.2  TimeStamp: 2026/03/09-10:29:21-GMT  BuildTime: Aug  4 2022 06:17:15  BuildStamp: freesurfer-linux-ubuntu22_x86_64-7.3.2-20220804-6354275  User: oesteban  Machine: dna060  Platform: Linux  PlatformVersion: 5.14.0-427.37.1.el9_4.x86_64  CompilerName: GCC  CompilerVersion: 8.4.0
ProgramName: mris_place_surface  ProgramArguments: mris_place_surface -all-info  ProgramVersion: 7.3.2  TimeStamp: 2026/03/09-10:29:21-GMT  BuildTime: Aug  4 2022 06:17:15  BuildStamp: freesurfer-linux-ubuntu22_x86_64-7.3.2-20220804-6354275  User: oesteban  Machine: dna060  Platform: Linux  PlatformVersion: 5.14.0-427.37.1.el9_4.x86_64  CompilerName: GCC  CompilerVersion: 8.4.0
ProgramName: mrisp_paint  ProgramArguments: mrisp_paint -all-info  ProgramVersion: 7.3.2  TimeStamp: 2026/03/09-10:29:21-GMT  BuildTime: Aug  4 2022 06:17:15  BuildStamp: freesurfer-linux-ubuntu22_x86_64-7.3.2-20220804-6354275  User: oesteban  Machine: dna060  Platform: Linux  PlatformVersion: 5.14.0-427.37.1.el9_4.x86_64  CompilerName: GCC  CompilerVersion: 8.4.0
ProgramName: mris_register  ProgramArguments: mris_register -all-info  ProgramVersion: 7.3.2  TimeStamp: 2026/03/09-10:29:21-GMT  BuildTime: Aug  4 2022 06:17:15  BuildStamp: freesurfer-linux-ubuntu22_x86_64-7.3.2-20220804-6354275  User: oesteban  Machine: dna060  Platform: Linux  PlatformVersion: 5.14.0-427.37.1.el9_4.x86_64  CompilerName: GCC  CompilerVersion: 8.4.0
ProgramName: mris_smooth  ProgramArguments: mris_smooth -all-info  ProgramVersion: 7.3.2  TimeStamp: 2026/03/09-10:29:21-GMT  BuildTime: Aug  4 2022 06:17:15  BuildStamp: freesurfer-linux-ubuntu22_x86_64-7.3.2-20220804-6354275  User: oesteban  Machine: dna060  Platform: Linux  PlatformVersion: 5.14.0-427.37.1.el9_4.x86_64  CompilerName: GCC  CompilerVersion: 8.4.0
ProgramName: mris_sphere  ProgramArguments: mris_sphere -all-info  ProgramVersion: 7.3.2  TimeStamp: 2026/03/09-10:29:21-GMT  BuildTime: Aug  4 2022 06:17:15  BuildStamp: freesurfer-linux-ubuntu22_x86_64-7.3.2-20220804-6354275  User: oesteban  Machine: dna060  Platform: Linux  PlatformVersion: 5.14.0-427.37.1.el9_4.x86_64  CompilerName: GCC  CompilerVersion: 8.4.0
ProgramName: mris_surface_stats  ProgramArguments: mris_surface_stats -all-info  ProgramVersion: 7.3.2  TimeStamp: 2026/03/09-10:29:21-GMT  BuildTime: Aug  4 2022 06:17:15  BuildStamp: freesurfer-linux-ubuntu22_x86_64-7.3.2-20220804-6354275  User: oesteban  Machine: dna060  Platform: Linux  PlatformVersion: 5.14.0-427.37.1.el9_4.x86_64  CompilerName: GCC  CompilerVersion: 8.4.0
ProgramName: mri_stats2seg  ProgramArguments: mri_stats2seg -all-info  ProgramVersion: 7.3.2  TimeStamp: 2026/03/09-10:29:21-GMT  BuildTime: Aug  4 2022 06:17:15  BuildStamp: freesurfer-linux-ubuntu22_x86_64-7.3.2-20220804-6354275  User: oesteban  Machine: dna060  Platform: Linux  PlatformVersion: 5.14.0-427.37.1.el9_4.x86_64  CompilerName: GCC  CompilerVersion: 8.4.0
ProgramName: mris_thickness  ProgramArguments: mris_thickness -all-info  ProgramVersion: 7.3.2  TimeStamp: 2026/03/09-10:29:21-GMT  BuildTime: Aug  4 2022 06:17:15  BuildStamp: freesurfer-linux-ubuntu22_x86_64-7.3.2-20220804-6354275  User: oesteban  Machine: dna060  Platform: Linux  PlatformVersion: 5.14.0-427.37.1.el9_4.x86_64  CompilerName: GCC  CompilerVersion: 8.4.0
ProgramName: mris_thickness_diff  ProgramArguments: mris_thickness_diff -all-info  ProgramVersion: 7.3.2  TimeStamp: 2026/03/09-10:29:21-GMT  BuildTime: Aug  4 2022 06:17:15  BuildStamp: freesurfer-linux-ubuntu22_x86_64-7.3.2-20220804-6354275  User: oesteban  Machine: dna060  Platform: Linux  PlatformVersion: 5.14.0-427.37.1.el9_4.x86_64  CompilerName: GCC  CompilerVersion: 8.4.0
ProgramName: mris_topo_fixer  ProgramArguments: mris_topo_fixer -all-info  ProgramVersion: 7.3.2  TimeStamp: 2026/03/09-10:29:21-GMT  BuildTime: Aug  4 2022 06:17:15  BuildStamp: freesurfer-linux-ubuntu22_x86_64-7.3.2-20220804-6354275  User: oesteban  Machine: dna060  Platform: Linux  PlatformVersion: 5.14.0-427.37.1.el9_4.x86_64  CompilerName: GCC  CompilerVersion: 8.4.0
ProgramName: mri_surf2surf  ProgramArguments: mri_surf2surf -all-info  ProgramVersion: 7.3.2  TimeStamp: 2026/03/09-10:29:21-GMT  BuildTime: Aug  4 2022 06:17:15  BuildStamp: freesurfer-linux-ubuntu22_x86_64-7.3.2-20220804-6354275  User: oesteban  Machine: dna060  Platform: Linux  PlatformVersion: 5.14.0-427.37.1.el9_4.x86_64  CompilerName: GCC  CompilerVersion: 8.4.0
ProgramName: mri_surf2vol  ProgramArguments: mri_surf2vol -all-info  ProgramVersion: 7.3.2  TimeStamp: 2026/03/09-10:29:21-GMT  BuildTime: Aug  4 2022 06:17:15  BuildStamp: freesurfer-linux-ubuntu22_x86_64-7.3.2-20220804-6354275  User: oesteban  Machine: dna060  Platform: Linux  PlatformVersion: 5.14.0-427.37.1.el9_4.x86_64  CompilerName: GCC  CompilerVersion: 8.4.0
ProgramName: mri_surfcluster  ProgramArguments: mri_surfcluster -all-info  ProgramVersion: 7.3.2  TimeStamp: 2026/03/09-10:29:21-GMT  BuildTime: Aug  4 2022 06:17:15  BuildStamp: freesurfer-linux-ubuntu22_x86_64-7.3.2-20220804-6354275  User: oesteban  Machine: dna060  Platform: Linux  PlatformVersion: 5.14.0-427.37.1.el9_4.x86_64  CompilerName: GCC  CompilerVersion: 8.4.0
ProgramName: mris_volmask  ProgramArguments: mris_volmask -all-info  ProgramVersion: 7.3.2  TimeStamp: 2026/03/09-10:29:21-GMT  BuildTime: Aug  4 2022 06:17:15  BuildStamp: freesurfer-linux-ubuntu22_x86_64-7.3.2-20220804-6354275  User: oesteban  Machine: dna060  Platform: Linux  PlatformVersion: 5.14.0-427.37.1.el9_4.x86_64  CompilerName: GCC  CompilerVersion: 8.4.0
ProgramName: mri_tessellate  ProgramArguments: mri_tessellate -all-info  ProgramVersion: 7.3.2  TimeStamp: 2026/03/09-10:29:21-GMT  BuildTime: Aug  4 2022 06:17:15  BuildStamp: freesurfer-linux-ubuntu22_x86_64-7.3.2-20220804-6354275  User: oesteban  Machine: dna060  Platform: Linux  PlatformVersion: 5.14.0-427.37.1.el9_4.x86_64  CompilerName: GCC  CompilerVersion: 8.4.0
ProgramName: mri_vol2surf  ProgramArguments: mri_vol2surf -all-info  ProgramVersion: 7.3.2  TimeStamp: 2026/03/09-10:29:21-GMT  BuildTime: Aug  4 2022 06:17:15  BuildStamp: freesurfer-linux-ubuntu22_x86_64-7.3.2-20220804-6354275  User: oesteban  Machine: dna060  Platform: Linux  PlatformVersion: 5.14.0-427.37.1.el9_4.x86_64  CompilerName: GCC  CompilerVersion: 8.4.0
ProgramName: mri_vol2vol  ProgramArguments: mri_vol2vol -all-info  ProgramVersion: 7.3.2  TimeStamp: 2026/03/09-10:29:21-GMT  BuildTime: Aug  4 2022 06:17:15  BuildStamp: freesurfer-linux-ubuntu22_x86_64-7.3.2-20220804-6354275  User: oesteban  Machine: dna060  Platform: Linux  PlatformVersion: 5.14.0-427.37.1.el9_4.x86_64  CompilerName: GCC  CompilerVersion: 8.4.0
ProgramName: mri_voldiff  ProgramArguments: mri_voldiff -all-info  ProgramVersion: 7.3.2  TimeStamp: 2026/03/09-10:29:21-GMT  BuildTime: Aug  4 2022 06:17:15  BuildStamp: freesurfer-linux-ubuntu22_x86_64-7.3.2-20220804-6354275  User: oesteban  Machine: dna060  Platform: Linux  PlatformVersion: 5.14.0-427.37.1.el9_4.x86_64  CompilerName: GCC  CompilerVersion: 8.4.0
ProgramName: mri_watershed  ProgramArguments: mri_watershed -all-info  ProgramVersion: 7.3.2  TimeStamp: 2026/03/09-10:29:21-GMT  BuildTime: Aug  4 2022 06:17:15  BuildStamp: freesurfer-linux-ubuntu22_x86_64-7.3.2-20220804-6354275  User: oesteban  Machine: dna060  Platform: Linux  PlatformVersion: 5.14.0-427.37.1.el9_4.x86_64  CompilerName: GCC  CompilerVersion: 8.4.0
ProgramName: tkregister2  ProgramArguments: tkregister2_cmdl -all-info  ProgramVersion: 7.3.2  TimeStamp: 2026/03/09-10:29:21-GMT  BuildTime: Aug  4 2022 06:17:15  BuildStamp: freesurfer-linux-ubuntu22_x86_64-7.3.2-20220804-6354275  User: oesteban  Machine: dna060  Platform: Linux  PlatformVersion: 5.14.0-427.37.1.el9_4.x86_64  CompilerName: GCC  CompilerVersion: 8.4.0
mri_motion_correct.fsl 7.3.2
mri_convert -all-info 
ProgramName: mri_convert  ProgramArguments: mri_convert -all-info  ProgramVersion: 7.3.2  TimeStamp: 2026/03/09-10:29:21-GMT  BuildTime: Aug  4 2022 06:17:15  BuildStamp: freesurfer-linux-ubuntu22_x86_64-7.3.2-20220804-6354275  User: oesteban  Machine: dna060  Platform: Linux  PlatformVersion: 5.14.0-427.37.1.el9_4.x86_64  CompilerName: GCC  CompilerVersion: 8.4.0
Program nu_correct, built from:
Package MNI N3, version 1.12.0, compiled by nicks@terrier (x86_64-unknown-linux-gnu) on 2015-06-19 at 01:25:34
#######################################
GCADIR /opt/freesurfer/average
GCA RB_all_2020-01-02.gca
GCASkull RB_all_withskull_2020_01_02.gca
AvgCurvTif folding.atlas.acfb40.noaparc.i12.2016-08-02.tif
GCSDIR /opt/freesurfer/average
GCS DKaparc.atlas.acfb40.noaparc.i12.2016-08-02.gcs
#######################################
#-------------------------------------
#@# EM Registration Mon Mar  9 11:29:21 CET 2026
/out/sourcedata/freesurfer/sub-v1s21x0050411_ses-1/mri

 mri_em_register -uns 3 -mask brainmask.mgz nu.mgz /opt/freesurfer/average/RB_all_2020-01-02.gca transforms/talairach.lta 

setting unknown_nbr_spacing = 3
using MR volume brainmask.mgz to mask input volume...

== Number of threads available to mri_em_register for OpenMP = 16 == 
reading 1 input volumes...
logging results to talairach.log
reading '/opt/freesurfer/average/RB_all_2020-01-02.gca'...
GCAread took 0 minutes and 1 seconds.
average std = 7.2   using min determinant for regularization = 5.2
0 singular and 884 ill-conditioned covariance matrices regularized
reading 'nu.mgz'...
MRImask(): AllowDiffGeom = 1
MRImask(): AllowDiffGeom = 1
MRImask(): AllowDiffGeom = 1
MRImask(): AllowDiffGeom = 1
MRImask(): AllowDiffGeom = 1
freeing gibbs priors...done.
accounting for voxel sizes in initial transform
bounding unknown intensity as < 5.9 or > 519.0 
total sample mean = 79.1 (1017 zeros)
************************************************
spacing=8, using 2841 sample points, tol=1.00e-05...
************************************************
register_mri: find_optimal_transform
find_optimal_transform: nsamples 2841, passno 0, spacing 8
resetting wm mean[0]: 98 --> 107
resetting gm mean[0]: 61 --> 61
input volume #1 is the most T1-like
using real data threshold=27.0
skull bounding box = (60, 26, 26) --> (201, 141, 205)
finding center of left hemi white matter
using (107, 64, 116) as brain centroid of Right_Cerebral_White_Matter...
MRImask(): AllowDiffGeom = 1
mean wm in atlas = 107, using box (90,50,94) --> (124, 78,138) to find MRI wm
before smoothing, mri peak at 104
robust fit to distribution - 105 +- 5.6
after smoothing, mri peak at 104, scaling input intensities by 1.029
scaling channel 0 by 1.02885
initial log_p = -4.626
************************************************
First Search limited to translation only.
************************************************
max log p =    -4.122895 @ (-10.526, 31.579, -10.526)
max log p =    -3.838897 @ (5.263, -5.263, 5.263)
max log p =    -3.831202 @ (2.632, -2.632, -2.632)
max log p =    -3.777035 @ (-1.316, -1.316, 1.316)
max log p =    -3.777035 @ (0.000, 0.000, 0.000)
max log p =    -3.776513 @ (-0.329, -0.329, 0.329)
max log p =    -3.776513 @ (0.000, 0.000, 0.000)
max log p =    -3.776513 @ (0.000, 0.000, 0.000)
Found translation: (-4.3, 22.0, -6.3): log p = -3.777
****************************************
Nine parameter search.  iteration 0 nscales = 0 ...
****************************************
Result so far: scale 1.000: max_log_p=-3.686, old_max_log_p =-3.777 (thresh=-3.8)
 1.00000   0.00000   0.00000  -4.27632;
 0.00000   1.06036  -0.16065   34.10928;
 0.00000   0.09894   0.91138  -5.97557;
 0.00000   0.00000   0.00000   1.00000;
iteration took 0 minutes and 12 seconds.
****************************************
Nine parameter search.  iteration 1 nscales = 0 ...
****************************************
Result so far: scale 1.000: max_log_p=-3.686, old_max_log_p =-3.686 (thresh=-3.7)
 1.00000   0.00000   0.00000  -4.27632;
 0.00000   1.06036  -0.16065   34.10928;
 0.00000   0.09894   0.91138  -5.97557;
 0.00000   0.00000   0.00000   1.00000;
reducing scale to 0.2500
iteration took 0 minutes and 12 seconds.
****************************************
Nine parameter search.  iteration 2 nscales = 1 ...
****************************************
Result so far: scale 0.250: max_log_p=-3.534, old_max_log_p =-3.686 (thresh=-3.7)
 0.98018   0.00612   0.02637  -5.21549;
-0.00222   1.05674  -0.18934   41.70395;
-0.03636   0.13978   0.93868  -10.22775;
 0.00000   0.00000   0.00000   1.00000;
iteration took 0 minutes and 11 seconds.
****************************************
Nine parameter search.  iteration 3 nscales = 1 ...
****************************************
Result so far: scale 0.250: max_log_p=-3.534, old_max_log_p =-3.534 (thresh=-3.5)
 0.98018   0.00612   0.02637  -5.21549;
-0.00222   1.05674  -0.18934   41.70395;
-0.03636   0.13978   0.93868  -10.22775;
 0.00000   0.00000   0.00000   1.00000;
reducing scale to 0.0625
iteration took 0 minutes and 11 seconds.
****************************************
Nine parameter search.  iteration 4 nscales = 2 ...
****************************************
Result so far: scale 0.062: max_log_p=-3.511, old_max_log_p =-3.534 (thresh=-3.5)
 0.98275   0.00499   0.01874  -4.10370;
-0.00223   1.05924  -0.18966   41.49118;
-0.02841   0.14001   0.94109  -11.09054;
 0.00000   0.00000   0.00000   1.00000;
iteration took 0 minutes and 11 seconds.
****************************************
Nine parameter search.  iteration 5 nscales = 2 ...
****************************************
Result so far: scale 0.062: max_log_p=-3.511, old_max_log_p =-3.511 (thresh=-3.5)
 0.98275   0.00499   0.01874  -4.10370;
-0.00223   1.05924  -0.18966   41.49118;
-0.02841   0.14001   0.94109  -11.09054;
 0.00000   0.00000   0.00000   1.00000;
min search scale 0.025000 reached
***********************************************
Computing MAP estimate using 2841 samples...
***********************************************
dt = 5.00e-06, momentum=0.80, tol=1.00e-05
l_intensity = 1.0000
Aligning input volume to GCA...
Transform matrix
 0.98275   0.00499   0.01874  -4.10370;
-0.00223   1.05924  -0.18966   41.49118;
-0.02841   0.14001   0.94109  -11.09054;
 0.00000   0.00000   0.00000   1.00000;
nsamples 2841
Quasinewton: input matrix
 0.98275   0.00499   0.01874  -4.10370;
-0.00223   1.05924  -0.18966   41.49118;
-0.02841   0.14001   0.94109  -11.09054;
 0.00000   0.00000   0.00000   1.00000;
 IFLAG= -1  LINE SEARCH FAILED. SEE DOCUMENTATION OF ROUTINE MCSRCH ERROR RETURN OF LINE SEARCH: INFO= 3 POSSIBLE CAUSES: FUNCTION OR GRADIENT ARE INCORRECT OR INCORRECT TOLERANCESoutof QuasiNewtonEMA: 008: -log(p) =   -0.0  tol 0.000010
Resulting transform:
 0.98275   0.00499   0.01874  -4.10370;
-0.00223   1.05924  -0.18966   41.49118;
-0.02841   0.14001   0.94109  -11.09054;
 0.00000   0.00000   0.00000   1.00000;

pass 1, spacing 8: log(p) = -3.511 (old=-4.626)
transform before final EM align:
 0.98275   0.00499   0.01874  -4.10370;
-0.00223   1.05924  -0.18966   41.49118;
-0.02841   0.14001   0.94109  -11.09054;
 0.00000   0.00000   0.00000   1.00000;

**************************************************
 EM alignment process ...
 Computing final MAP estimate using 315638 samples. 
**************************************************
dt = 5.00e-06, momentum=0.80, tol=1.00e-07
l_intensity = 1.0000
Aligning input volume to GCA...
Transform matrix
 0.98275   0.00499   0.01874  -4.10370;
-0.00223   1.05924  -0.18966   41.49118;
-0.02841   0.14001   0.94109  -11.09054;
 0.00000   0.00000   0.00000   1.00000;
nsamples 315638
Quasinewton: input matrix
 0.98275   0.00499   0.01874  -4.10370;
-0.00223   1.05924  -0.18966   41.49118;
-0.02841   0.14001   0.94109  -11.09054;
 0.00000   0.00000   0.00000   1.00000;
 IFLAG= -1  LINE SEARCH FAILED. SEE DOCUMENTATION OF ROUTINE MCSRCH ERROR RETURN OF LINE SEARCH: INFO= 6 POSSIBLE CAUSES: FUNCTION OR GRADIENT ARE INCORRECT OR INCORRECT TOLERANCESoutof QuasiNewtonEMA: 010: -log(p) =    4.0  tol 0.000000
final transform:
 0.98275   0.00499   0.01874  -4.10370;
-0.00223   1.05924  -0.18966   41.49118;
-0.02841   0.14001   0.94109  -11.09054;
 0.00000   0.00000   0.00000   1.00000;

writing output transformation to transforms/talairach.lta...
#VMPC# mri_em_register VmPeak  891284
FSRUNTIME@ mri_em_register  0.0286 hours 16 threads
registration took 1 minutes and 43 seconds.

Started at Mon Mar 9 11:29:21 CET 2026 
Ended   at Mon Mar 9 11:31:04 CET 2026
#@#%# recon-all-run-time-hours 0.029
recon-all -s sub-v1s21x0050411_ses-1 finished without error at Mon Mar  9 11:31:04 CET 2026



#New# invocation of recon-all 




Mon Mar  9 11:31:05 CET 2026
cd /out/sourcedata/freesurfer/sub-v1s21x0050411_ses-1
setenv SUBJECTS_DIR /out/sourcedata/freesurfer
/opt/freesurfer/bin/recon-all -autorecon2-volonly -openmp 16 -subjid sub-v1s21x0050411_ses-1 -sd /out/sourcedata/freesurfer -nogcareg

subjid sub-v1s21x0050411_ses-1
setenv SUBJECTS_DIR /out/sourcedata/freesurfer
FREESURFER_HOME /opt/freesurfer
Actual FREESURFER_HOME /opt/freesurfer
build-stamp.txt: freesurfer-linux-ubuntu22_x86_64-7.3.2-20220804-6354275
Linux dna060 5.14.0-427.37.1.el9_4.x86_64 #1 SMP PREEMPT_DYNAMIC Fri Sep 13 12:41:50 EDT 2024 x86_64 x86_64 x86_64 GNU/Linux
cputime      unlimited
filesize     unlimited
datasize     unlimited
stacksize    8192 kbytes
coredumpsize 0 kbytes
memoryuse    67108864 kbytes
vmemoryuse   unlimited
descriptors  1024 
memorylocked unlimited
maxproc      2061970 
maxlocks     unlimited
maxsignal    2061971 
maxmessage   819200 
maxnice      0 
maxrtprio    0 
maxrttime    unlimited

               total        used        free      shared  buff/cache   available
Mem:           503Gi        42Gi       424Gi        10Gi        36Gi       446Gi
Swap:             0B          0B          0B

########################################
program versions used
7.3.2 (freesurfer-linux-ubuntu22_x86_64-7.3.2-20220804-6354275)
7.3.2

ProgramName: lta_convert  ProgramArguments: lta_convert -all-info  ProgramVersion: 7.3.2  TimeStamp: 2026/03/09-10:31:05-GMT  BuildTime: Aug  4 2022 06:17:15  BuildStamp: freesurfer-linux-ubuntu22_x86_64-7.3.2-20220804-6354275  User: oesteban  Machine: dna060  Platform: Linux  PlatformVersion: 5.14.0-427.37.1.el9_4.x86_64  CompilerName: GCC  CompilerVersion: 8.4.0
ProgramName: mri_and  ProgramArguments: mri_and -all-info  ProgramVersion: 7.3.2  TimeStamp: 2026/03/09-10:31:05-GMT  BuildTime: Aug  4 2022 06:17:15  BuildStamp: freesurfer-linux-ubuntu22_x86_64-7.3.2-20220804-6354275  User: oesteban  Machine: dna060  Platform: Linux  PlatformVersion: 5.14.0-427.37.1.el9_4.x86_64  CompilerName: GCC  CompilerVersion: 8.4.0
ProgramName: mri_annotation2label  ProgramArguments: mri_annotation2label -all-info  ProgramVersion: 7.3.2  TimeStamp: 2026/03/09-10:31:05-GMT  BuildTime: Aug  4 2022 06:17:15  BuildStamp: freesurfer-linux-ubuntu22_x86_64-7.3.2-20220804-6354275  User: oesteban  Machine: dna060  Platform: Linux  PlatformVersion: 5.14.0-427.37.1.el9_4.x86_64  CompilerName: GCC  CompilerVersion: 8.4.0
ProgramName: mri_aparc2aseg  ProgramArguments: mri_aparc2aseg -all-info  ProgramVersion: 7.3.2  TimeStamp: 2026/03/09-10:31:05-GMT  BuildTime: Aug  4 2022 06:17:15  BuildStamp: freesurfer-linux-ubuntu22_x86_64-7.3.2-20220804-6354275  User: oesteban  Machine: dna060  Platform: Linux  PlatformVersion: 5.14.0-427.37.1.el9_4.x86_64  CompilerName: GCC  CompilerVersion: 8.4.0
ProgramName: mri_surf2volseg  ProgramArguments: mri_surf2volseg -all-info  ProgramVersion: 7.3.2  TimeStamp: 2026/03/09-10:31:05-GMT  BuildTime: Aug  4 2022 06:17:15  BuildStamp: freesurfer-linux-ubuntu22_x86_64-7.3.2-20220804-6354275  User: oesteban  Machine: dna060  Platform: Linux  PlatformVersion: 5.14.0-427.37.1.el9_4.x86_64  CompilerName: GCC  CompilerVersion: 8.4.0
ProgramName: mri_binarize  ProgramArguments: mri_binarize -all-info  ProgramVersion: 7.3.2  TimeStamp: 2026/03/09-10:31:05-GMT  BuildTime: Aug  4 2022 06:17:15  BuildStamp: freesurfer-linux-ubuntu22_x86_64-7.3.2-20220804-6354275  User: oesteban  Machine: dna060  Platform: Linux  PlatformVersion: 5.14.0-427.37.1.el9_4.x86_64  CompilerName: GCC  CompilerVersion: 8.4.0
ProgramName: mri_ca_label  ProgramArguments: mri_ca_label -all-info  ProgramVersion: 7.3.2  TimeStamp: 2026/03/09-10:31:05-GMT  BuildTime: Aug  4 2022 06:17:15  BuildStamp: freesurfer-linux-ubuntu22_x86_64-7.3.2-20220804-6354275  User: oesteban  Machine: dna060  Platform: Linux  PlatformVersion: 5.14.0-427.37.1.el9_4.x86_64  CompilerName: GCC  CompilerVersion: 8.4.0
ProgramName: mri_ca_normalize  ProgramArguments: mri_ca_normalize -all-info  ProgramVersion: 7.3.2  TimeStamp: 2026/03/09-10:31:05-GMT  BuildTime: Aug  4 2022 06:17:15  BuildStamp: freesurfer-linux-ubuntu22_x86_64-7.3.2-20220804-6354275  User: oesteban  Machine: dna060  Platform: Linux  PlatformVersion: 5.14.0-427.37.1.el9_4.x86_64  CompilerName: GCC  CompilerVersion: 8.4.0
ProgramName: mri_ca_register  ProgramArguments: mri_ca_register -all-info  ProgramVersion: 7.3.2  TimeStamp: 2026/03/09-10:31:05-GMT  BuildTime: Aug  4 2022 06:17:15  BuildStamp: freesurfer-linux-ubuntu22_x86_64-7.3.2-20220804-6354275  User: oesteban  Machine: dna060  Platform: Linux  PlatformVersion: 5.14.0-427.37.1.el9_4.x86_64  CompilerName: GCC  CompilerVersion: 8.4.0
ProgramName: mri_cc  ProgramArguments: mri_cc -all-info  ProgramVersion: 7.3.2  TimeStamp: 2026/03/09-10:31:05-GMT  BuildTime: Aug  4 2022 06:17:15  BuildStamp: freesurfer-linux-ubuntu22_x86_64-7.3.2-20220804-6354275  User: oesteban  Machine: dna060  Platform: Linux  PlatformVersion: 5.14.0-427.37.1.el9_4.x86_64  CompilerName: GCC  CompilerVersion: 8.4.0
ProgramName: mri_compute_overlap  ProgramArguments: mri_compute_overlap -all-info  ProgramVersion: 7.3.2  TimeStamp: 2026/03/09-10:31:05-GMT  BuildTime: Aug  4 2022 06:17:15  BuildStamp: freesurfer-linux-ubuntu22_x86_64-7.3.2-20220804-6354275  User: oesteban  Machine: dna060  Platform: Linux  PlatformVersion: 5.14.0-427.37.1.el9_4.x86_64  CompilerName: GCC  CompilerVersion: 8.4.0
ProgramName: mri_compute_seg_overlap  ProgramArguments: mri_compute_seg_overlap -all-info  ProgramVersion: 7.3.2  TimeStamp: 2026/03/09-10:31:05-GMT  BuildTime: Aug  4 2022 06:17:15  BuildStamp: freesurfer-linux-ubuntu22_x86_64-7.3.2-20220804-6354275  User: oesteban  Machine: dna060  Platform: Linux  PlatformVersion: 5.14.0-427.37.1.el9_4.x86_64  CompilerName: GCC  CompilerVersion: 8.4.0
ProgramName: mri_concat  ProgramArguments: mri_concat -all-info  ProgramVersion: 7.3.2  TimeStamp: 2026/03/09-10:31:05-GMT  BuildTime: Aug  4 2022 06:17:15  BuildStamp: freesurfer-linux-ubuntu22_x86_64-7.3.2-20220804-6354275  User: oesteban  Machine: dna060  Platform: Linux  PlatformVersion: 5.14.0-427.37.1.el9_4.x86_64  CompilerName: GCC  CompilerVersion: 8.4.0
ProgramName: mri_concatenate_lta  ProgramArguments: mri_concatenate_lta -all-info  ProgramVersion: 7.3.2  TimeStamp: 2026/03/09-10:31:05-GMT  BuildTime: Aug  4 2022 06:17:15  BuildStamp: freesurfer-linux-ubuntu22_x86_64-7.3.2-20220804-6354275  User: oesteban  Machine: dna060  Platform: Linux  PlatformVersion: 5.14.0-427.37.1.el9_4.x86_64  CompilerName: GCC  CompilerVersion: 8.4.0
mri_convert -all-info 
ProgramName: mri_convert  ProgramArguments: mri_convert -all-info  ProgramVersion: 7.3.2  TimeStamp: 2026/03/09-10:31:05-GMT  BuildTime: Aug  4 2022 06:17:15  BuildStamp: freesurfer-linux-ubuntu22_x86_64-7.3.2-20220804-6354275  User: oesteban  Machine: dna060  Platform: Linux  PlatformVersion: 5.14.0-427.37.1.el9_4.x86_64  CompilerName: GCC  CompilerVersion: 8.4.0
ProgramName: mri_diff  ProgramArguments: mri_diff -all-info  ProgramVersion: 7.3.2  TimeStamp: 2026/03/09-10:31:05-GMT  BuildTime: Aug  4 2022 06:17:15  BuildStamp: freesurfer-linux-ubuntu22_x86_64-7.3.2-20220804-6354275  User: oesteban  Machine: dna060  Platform: Linux  PlatformVersion: 5.14.0-427.37.1.el9_4.x86_64  CompilerName: GCC  CompilerVersion: 8.4.0
ProgramName: mri_edit_wm_with_aseg  ProgramArguments: mri_edit_wm_with_aseg -all-info  ProgramVersion: 7.3.2  TimeStamp: 2026/03/09-10:31:05-GMT  BuildTime: Aug  4 2022 06:17:15  BuildStamp: freesurfer-linux-ubuntu22_x86_64-7.3.2-20220804-6354275  User: oesteban  Machine: dna060  Platform: Linux  PlatformVersion: 5.14.0-427.37.1.el9_4.x86_64  CompilerName: GCC  CompilerVersion: 8.4.0
ProgramName: mri_em_register  ProgramArguments: mri_em_register -all-info  ProgramVersion: 7.3.2  TimeStamp: 2026/03/09-10:31:05-GMT  BuildTime: Aug  4 2022 06:17:15  BuildStamp: freesurfer-linux-ubuntu22_x86_64-7.3.2-20220804-6354275  User: oesteban  Machine: dna060  Platform: Linux  PlatformVersion: 5.14.0-427.37.1.el9_4.x86_64  CompilerName: GCC  CompilerVersion: 8.4.0
ProgramName: mri_fill  ProgramArguments: mri_fill -all-info  ProgramVersion: 7.3.2  TimeStamp: 2026/03/09-10:31:05-GMT  BuildTime: Aug  4 2022 06:17:15  BuildStamp: freesurfer-linux-ubuntu22_x86_64-7.3.2-20220804-6354275  User: oesteban  Machine: dna060  Platform: Linux  PlatformVersion: 5.14.0-427.37.1.el9_4.x86_64  CompilerName: GCC  CompilerVersion: 8.4.0
ProgramName: mri_fuse_segmentations  ProgramArguments: mri_fuse_segmentations -all-info  ProgramVersion: 7.3.2  TimeStamp: 2026/03/09-10:31:05-GMT  BuildTime: Aug  4 2022 06:17:15  BuildStamp: freesurfer-linux-ubuntu22_x86_64-7.3.2-20220804-6354275  User: oesteban  Machine: dna060  Platform: Linux  PlatformVersion: 5.14.0-427.37.1.el9_4.x86_64  CompilerName: GCC  CompilerVersion: 8.4.0
ProgramName: mri_fwhm  ProgramArguments: mri_fwhm -all-info  ProgramVersion: 7.3.2  TimeStamp: 2026/03/09-10:31:06-GMT  BuildTime: Aug  4 2022 06:17:15  BuildStamp: freesurfer-linux-ubuntu22_x86_64-7.3.2-20220804-6354275  User: oesteban  Machine: dna060  Platform: Linux  PlatformVersion: 5.14.0-427.37.1.el9_4.x86_64  CompilerName: GCC  CompilerVersion: 8.4.0
ProgramName: mri_gcut  ProgramArguments: mri_gcut -all-info  ProgramVersion: 7.3.2  TimeStamp: 2026/03/09-10:31:06-GMT  BuildTime: Aug  4 2022 06:17:15  BuildStamp: freesurfer-linux-ubuntu22_x86_64-7.3.2-20220804-6354275  User: oesteban  Machine: dna060  Platform: Linux  PlatformVersion: 5.14.0-427.37.1.el9_4.x86_64  CompilerName: GCC  CompilerVersion: 8.4.0
ProgramName: mri_info  ProgramArguments: mri_info -all-info  ProgramVersion: 7.3.2  TimeStamp: 2026/03/09-10:31:06-GMT  BuildTime: Aug  4 2022 06:17:15  BuildStamp: freesurfer-linux-ubuntu22_x86_64-7.3.2-20220804-6354275  User: oesteban  Machine: dna060  Platform: Linux  PlatformVersion: 5.14.0-427.37.1.el9_4.x86_64  CompilerName: GCC  CompilerVersion: 8.4.0
ProgramName: mri_label2label  ProgramArguments: mri_label2label -all-info  ProgramVersion: 7.3.2  TimeStamp: 2026/03/09-10:31:06-GMT  BuildTime: Aug  4 2022 06:17:15  BuildStamp: freesurfer-linux-ubuntu22_x86_64-7.3.2-20220804-6354275  User: oesteban  Machine: dna060  Platform: Linux  PlatformVersion: 5.14.0-427.37.1.el9_4.x86_64  CompilerName: GCC  CompilerVersion: 8.4.0
ProgramName: mri_label2vol  ProgramArguments: mri_label2vol -all-info  ProgramVersion: 7.3.2  TimeStamp: 2026/03/09-10:31:06-GMT  BuildTime: Aug  4 2022 06:17:15  BuildStamp: freesurfer-linux-ubuntu22_x86_64-7.3.2-20220804-6354275  User: oesteban  Machine: dna060  Platform: Linux  PlatformVersion: 5.14.0-427.37.1.el9_4.x86_64  CompilerName: GCC  CompilerVersion: 8.4.0
ProgramName: mri_log_likelihood  ProgramArguments: mri_log_likelihood -all-info  ProgramVersion: 7.3.2  TimeStamp: 2026/03/09-10:31:06-GMT  BuildTime: Aug  4 2022 06:17:15  BuildStamp: freesurfer-linux-ubuntu22_x86_64-7.3.2-20220804-6354275  User: oesteban  Machine: dna060  Platform: Linux  PlatformVersion: 5.14.0-427.37.1.el9_4.x86_64  CompilerName: GCC  CompilerVersion: 8.4.0
ProgramName: mri_mask  ProgramArguments: mri_mask -all-info  ProgramVersion: 7.3.2  TimeStamp: 2026/03/09-10:31:06-GMT  BuildTime: Aug  4 2022 06:17:15  BuildStamp: freesurfer-linux-ubuntu22_x86_64-7.3.2-20220804-6354275  User: oesteban  Machine: dna060  Platform: Linux  PlatformVersion: 5.14.0-427.37.1.el9_4.x86_64  CompilerName: GCC  CompilerVersion: 8.4.0
ProgramName: mri_matrix_multiply  ProgramArguments: mri_matrix_multiply -all-info  ProgramVersion: 7.3.2  TimeStamp: 2026/03/09-10:31:06-GMT  BuildTime: Aug  4 2022 06:17:15  BuildStamp: freesurfer-linux-ubuntu22_x86_64-7.3.2-20220804-6354275  User: oesteban  Machine: dna060  Platform: Linux  PlatformVersion: 5.14.0-427.37.1.el9_4.x86_64  CompilerName: GCC  CompilerVersion: 8.4.0
ProgramName: mri_normalize  ProgramArguments: mri_normalize -all-info  ProgramVersion: 7.3.2  TimeStamp: 2026/03/09-10:31:06-GMT  BuildTime: Aug  4 2022 06:17:15  BuildStamp: freesurfer-linux-ubuntu22_x86_64-7.3.2-20220804-6354275  User: oesteban  Machine: dna060  Platform: Linux  PlatformVersion: 5.14.0-427.37.1.el9_4.x86_64  CompilerName: GCC  CompilerVersion: 8.4.0
ProgramName: mri_normalize_tp2  ProgramArguments: mri_normalize_tp2 -all-info  ProgramVersion: 7.3.2  TimeStamp: 2026/03/09-10:31:06-GMT  BuildTime: Aug  4 2022 06:17:15  BuildStamp: freesurfer-linux-ubuntu22_x86_64-7.3.2-20220804-6354275  User: oesteban  Machine: dna060  Platform: Linux  PlatformVersion: 5.14.0-427.37.1.el9_4.x86_64  CompilerName: GCC  CompilerVersion: 8.4.0
ProgramName: mri_or  ProgramArguments: mri_or -all-info  ProgramVersion: 7.3.2  TimeStamp: 2026/03/09-10:31:06-GMT  BuildTime: Aug  4 2022 06:17:15  BuildStamp: freesurfer-linux-ubuntu22_x86_64-7.3.2-20220804-6354275  User: oesteban  Machine: dna060  Platform: Linux  PlatformVersion: 5.14.0-427.37.1.el9_4.x86_64  CompilerName: GCC  CompilerVersion: 8.4.0
ProgramName: mri_relabel_hypointensities  ProgramArguments: mri_relabel_hypointensities -all-info  ProgramVersion: 7.3.2  TimeStamp: 2026/03/09-10:31:06-GMT  BuildTime: Aug  4 2022 06:17:15  BuildStamp: freesurfer-linux-ubuntu22_x86_64-7.3.2-20220804-6354275  User: oesteban  Machine: dna060  Platform: Linux  PlatformVersion: 5.14.0-427.37.1.el9_4.x86_64  CompilerName: GCC  CompilerVersion: 8.4.0
ProgramName: mri_relabel_nonwm_hypos  ProgramArguments: mri_relabel_nonwm_hypos -all-info  ProgramVersion: 7.3.2  TimeStamp: 2026/03/09-10:31:06-GMT  BuildTime: Aug  4 2022 06:17:15  BuildStamp: freesurfer-linux-ubuntu22_x86_64-7.3.2-20220804-6354275  User: oesteban  Machine: dna060  Platform: Linux  PlatformVersion: 5.14.0-427.37.1.el9_4.x86_64  CompilerName: GCC  CompilerVersion: 8.4.0
ProgramName: mri_remove_neck  ProgramArguments: mri_remove_neck -all-info  ProgramVersion: 7.3.2  TimeStamp: 2026/03/09-10:31:06-GMT  BuildTime: Aug  4 2022 06:17:15  BuildStamp: freesurfer-linux-ubuntu22_x86_64-7.3.2-20220804-6354275  User: oesteban  Machine: dna060  Platform: Linux  PlatformVersion: 5.14.0-427.37.1.el9_4.x86_64  CompilerName: GCC  CompilerVersion: 8.4.0
7.3.2

ProgramName: mri_robust_register  ProgramArguments: mri_robust_register -all-info  ProgramVersion: 7.3.2  TimeStamp: 2026/03/09-10:31:06-GMT  BuildTime: Aug  4 2022 06:17:15  BuildStamp: freesurfer-linux-ubuntu22_x86_64-7.3.2-20220804-6354275  User: oesteban  Machine: dna060  Platform: Linux  PlatformVersion: 5.14.0-427.37.1.el9_4.x86_64  CompilerName: GCC  CompilerVersion: 8.4.0
7.3.2

ProgramName: mri_robust_template  ProgramArguments: mri_robust_template -all-info  ProgramVersion: 7.3.2  TimeStamp: 2026/03/09-10:31:06-GMT  BuildTime: Aug  4 2022 06:17:15  BuildStamp: freesurfer-linux-ubuntu22_x86_64-7.3.2-20220804-6354275  User: oesteban  Machine: dna060  Platform: Linux  PlatformVersion: 5.14.0-427.37.1.el9_4.x86_64  CompilerName: GCC  CompilerVersion: 8.4.0
ProgramName: mris_anatomical_stats  ProgramArguments: mris_anatomical_stats -all-info  ProgramVersion: 7.3.2  TimeStamp: 2026/03/09-10:31:06-GMT  BuildTime: Aug  4 2022 06:17:15  BuildStamp: freesurfer-linux-ubuntu22_x86_64-7.3.2-20220804-6354275  User: oesteban  Machine: dna060  Platform: Linux  PlatformVersion: 5.14.0-427.37.1.el9_4.x86_64  CompilerName: GCC  CompilerVersion: 8.4.0
ProgramName: mris_ca_label  ProgramArguments: mris_ca_label -all-info  ProgramVersion: 7.3.2  TimeStamp: 2026/03/09-10:31:06-GMT  BuildTime: Aug  4 2022 06:17:15  BuildStamp: freesurfer-linux-ubuntu22_x86_64-7.3.2-20220804-6354275  User: oesteban  Machine: dna060  Platform: Linux  PlatformVersion: 5.14.0-427.37.1.el9_4.x86_64  CompilerName: GCC  CompilerVersion: 8.4.0
ProgramName: mris_calc  ProgramArguments: mris_calc -all-info  ProgramVersion: 7.3.2  TimeStamp: 2026/03/09-10:31:06-GMT  BuildTime: Aug  4 2022 06:17:15  BuildStamp: freesurfer-linux-ubuntu22_x86_64-7.3.2-20220804-6354275  User: oesteban  Machine: dna060  Platform: Linux  PlatformVersion: 5.14.0-427.37.1.el9_4.x86_64  CompilerName: GCC  CompilerVersion: 8.4.0
ProgramName: mris_convert  ProgramArguments: mris_convert -all-info  ProgramVersion: 7.3.2  TimeStamp: 2026/03/09-10:31:06-GMT  BuildTime: Aug  4 2022 06:17:15  BuildStamp: freesurfer-linux-ubuntu22_x86_64-7.3.2-20220804-6354275  User: oesteban  Machine: dna060  Platform: Linux  PlatformVersion: 5.14.0-427.37.1.el9_4.x86_64  CompilerName: GCC  CompilerVersion: 8.4.0
ProgramName: mris_curvature  ProgramArguments: mris_curvature -all-info  ProgramVersion: 7.3.2  TimeStamp: 2026/03/09-10:31:06-GMT  BuildTime: Aug  4 2022 06:17:15  BuildStamp: freesurfer-linux-ubuntu22_x86_64-7.3.2-20220804-6354275  User: oesteban  Machine: dna060  Platform: Linux  PlatformVersion: 5.14.0-427.37.1.el9_4.x86_64  CompilerName: GCC  CompilerVersion: 8.4.0
ProgramName: mris_curvature_stats  ProgramArguments: mris_curvature_stats -all-info  ProgramVersion: 7.3.2  TimeStamp: 2026/03/09-10:31:06-GMT  BuildTime: Aug  4 2022 06:17:15  BuildStamp: freesurfer-linux-ubuntu22_x86_64-7.3.2-20220804-6354275  User: oesteban  Machine: dna060  Platform: Linux  PlatformVersion: 5.14.0-427.37.1.el9_4.x86_64  CompilerName: GCC  CompilerVersion: 8.4.0
ProgramName: mris_diff  ProgramArguments: mris_diff -all-info  ProgramVersion: 7.3.2  TimeStamp: 2026/03/09-10:31:06-GMT  BuildTime: Aug  4 2022 06:17:15  BuildStamp: freesurfer-linux-ubuntu22_x86_64-7.3.2-20220804-6354275  User: oesteban  Machine: dna060  Platform: Linux  PlatformVersion: 5.14.0-427.37.1.el9_4.x86_64  CompilerName: GCC  CompilerVersion: 8.4.0
ProgramName: mris_divide_parcellation  ProgramArguments: mris_divide_parcellation -all-info  ProgramVersion: 7.3.2  TimeStamp: 2026/03/09-10:31:06-GMT  BuildTime: Aug  4 2022 06:17:15  BuildStamp: freesurfer-linux-ubuntu22_x86_64-7.3.2-20220804-6354275  User: oesteban  Machine: dna060  Platform: Linux  PlatformVersion: 5.14.0-427.37.1.el9_4.x86_64  CompilerName: GCC  CompilerVersion: 8.4.0
ProgramName: mri_segment  ProgramArguments: mri_segment -all-info  ProgramVersion: 7.3.2  TimeStamp: 2026/03/09-10:31:06-GMT  BuildTime: Aug  4 2022 06:17:15  BuildStamp: freesurfer-linux-ubuntu22_x86_64-7.3.2-20220804-6354275  User: oesteban  Machine: dna060  Platform: Linux  PlatformVersion: 5.14.0-427.37.1.el9_4.x86_64  CompilerName: GCC  CompilerVersion: 8.4.0
ProgramName: mri_segstats  ProgramArguments: mri_segstats -all-info  ProgramVersion: 7.3.2  TimeStamp: 2026/03/09-10:31:06-GMT  BuildTime: Aug  4 2022 06:17:15  BuildStamp: freesurfer-linux-ubuntu22_x86_64-7.3.2-20220804-6354275  User: oesteban  Machine: dna060  Platform: Linux  PlatformVersion: 5.14.0-427.37.1.el9_4.x86_64  CompilerName: GCC  CompilerVersion: 8.4.0
ProgramName: mris_euler_number  ProgramArguments: mris_euler_number -all-info  ProgramVersion: 7.3.2  TimeStamp: 2026/03/09-10:31:06-GMT  BuildTime: Aug  4 2022 06:17:15  BuildStamp: freesurfer-linux-ubuntu22_x86_64-7.3.2-20220804-6354275  User: oesteban  Machine: dna060  Platform: Linux  PlatformVersion: 5.14.0-427.37.1.el9_4.x86_64  CompilerName: GCC  CompilerVersion: 8.4.0
ProgramName: mris_fix_topology  ProgramArguments: mris_fix_topology -all-info  ProgramVersion: 7.3.2  TimeStamp: 2026/03/09-10:31:06-GMT  BuildTime: Aug  4 2022 06:17:15  BuildStamp: freesurfer-linux-ubuntu22_x86_64-7.3.2-20220804-6354275  User: oesteban  Machine: dna060  Platform: Linux  PlatformVersion: 5.14.0-427.37.1.el9_4.x86_64  CompilerName: GCC  CompilerVersion: 8.4.0
ProgramName: mris_topo_fixer  ProgramArguments: mris_topo_fixer -all-info  ProgramVersion: 7.3.2  TimeStamp: 2026/03/09-10:31:06-GMT  BuildTime: Aug  4 2022 06:17:15  BuildStamp: freesurfer-linux-ubuntu22_x86_64-7.3.2-20220804-6354275  User: oesteban  Machine: dna060  Platform: Linux  PlatformVersion: 5.14.0-427.37.1.el9_4.x86_64  CompilerName: GCC  CompilerVersion: 8.4.0
ProgramName: mris_jacobian  ProgramArguments: mris_jacobian -all-info  ProgramVersion: 7.3.2  TimeStamp: 2026/03/09-10:31:06-GMT  BuildTime: Aug  4 2022 06:17:15  BuildStamp: freesurfer-linux-ubuntu22_x86_64-7.3.2-20220804-6354275  User: oesteban  Machine: dna060  Platform: Linux  PlatformVersion: 5.14.0-427.37.1.el9_4.x86_64  CompilerName: GCC  CompilerVersion: 8.4.0
ProgramName: mris_label2annot  ProgramArguments: mris_label2annot -all-info  ProgramVersion: 7.3.2  TimeStamp: 2026/03/09-10:31:06-GMT  BuildTime: Aug  4 2022 06:17:15  BuildStamp: freesurfer-linux-ubuntu22_x86_64-7.3.2-20220804-6354275  User: oesteban  Machine: dna060  Platform: Linux  PlatformVersion: 5.14.0-427.37.1.el9_4.x86_64  CompilerName: GCC  CompilerVersion: 8.4.0
ProgramName: mris_left_right_register  ProgramArguments: mris_left_right_register -all-info  ProgramVersion: 7.3.2  TimeStamp: 2026/03/09-10:31:06-GMT  BuildTime: Aug  4 2022 06:17:15  BuildStamp: freesurfer-linux-ubuntu22_x86_64-7.3.2-20220804-6354275  User: oesteban  Machine: dna060  Platform: Linux  PlatformVersion: 5.14.0-427.37.1.el9_4.x86_64  CompilerName: GCC  CompilerVersion: 8.4.0
ProgramName: mris_place_surface  ProgramArguments: mris_place_surface -all-info  ProgramVersion: 7.3.2  TimeStamp: 2026/03/09-10:31:06-GMT  BuildTime: Aug  4 2022 06:17:15  BuildStamp: freesurfer-linux-ubuntu22_x86_64-7.3.2-20220804-6354275  User: oesteban  Machine: dna060  Platform: Linux  PlatformVersion: 5.14.0-427.37.1.el9_4.x86_64  CompilerName: GCC  CompilerVersion: 8.4.0
ProgramName: mrisp_paint  ProgramArguments: mrisp_paint -all-info  ProgramVersion: 7.3.2  TimeStamp: 2026/03/09-10:31:06-GMT  BuildTime: Aug  4 2022 06:17:15  BuildStamp: freesurfer-linux-ubuntu22_x86_64-7.3.2-20220804-6354275  User: oesteban  Machine: dna060  Platform: Linux  PlatformVersion: 5.14.0-427.37.1.el9_4.x86_64  CompilerName: GCC  CompilerVersion: 8.4.0
ProgramName: mris_register  ProgramArguments: mris_register -all-info  ProgramVersion: 7.3.2  TimeStamp: 2026/03/09-10:31:06-GMT  BuildTime: Aug  4 2022 06:17:15  BuildStamp: freesurfer-linux-ubuntu22_x86_64-7.3.2-20220804-6354275  User: oesteban  Machine: dna060  Platform: Linux  PlatformVersion: 5.14.0-427.37.1.el9_4.x86_64  CompilerName: GCC  CompilerVersion: 8.4.0
ProgramName: mris_smooth  ProgramArguments: mris_smooth -all-info  ProgramVersion: 7.3.2  TimeStamp: 2026/03/09-10:31:06-GMT  BuildTime: Aug  4 2022 06:17:15  BuildStamp: freesurfer-linux-ubuntu22_x86_64-7.3.2-20220804-6354275  User: oesteban  Machine: dna060  Platform: Linux  PlatformVersion: 5.14.0-427.37.1.el9_4.x86_64  CompilerName: GCC  CompilerVersion: 8.4.0
ProgramName: mris_sphere  ProgramArguments: mris_sphere -all-info  ProgramVersion: 7.3.2  TimeStamp: 2026/03/09-10:31:06-GMT  BuildTime: Aug  4 2022 06:17:15  BuildStamp: freesurfer-linux-ubuntu22_x86_64-7.3.2-20220804-6354275  User: oesteban  Machine: dna060  Platform: Linux  PlatformVersion: 5.14.0-427.37.1.el9_4.x86_64  CompilerName: GCC  CompilerVersion: 8.4.0
ProgramName: mris_surface_stats  ProgramArguments: mris_surface_stats -all-info  ProgramVersion: 7.3.2  TimeStamp: 2026/03/09-10:31:06-GMT  BuildTime: Aug  4 2022 06:17:15  BuildStamp: freesurfer-linux-ubuntu22_x86_64-7.3.2-20220804-6354275  User: oesteban  Machine: dna060  Platform: Linux  PlatformVersion: 5.14.0-427.37.1.el9_4.x86_64  CompilerName: GCC  CompilerVersion: 8.4.0
ProgramName: mri_stats2seg  ProgramArguments: mri_stats2seg -all-info  ProgramVersion: 7.3.2  TimeStamp: 2026/03/09-10:31:06-GMT  BuildTime: Aug  4 2022 06:17:15  BuildStamp: freesurfer-linux-ubuntu22_x86_64-7.3.2-20220804-6354275  User: oesteban  Machine: dna060  Platform: Linux  PlatformVersion: 5.14.0-427.37.1.el9_4.x86_64  CompilerName: GCC  CompilerVersion: 8.4.0
ProgramName: mris_thickness  ProgramArguments: mris_thickness -all-info  ProgramVersion: 7.3.2  TimeStamp: 2026/03/09-10:31:06-GMT  BuildTime: Aug  4 2022 06:17:15  BuildStamp: freesurfer-linux-ubuntu22_x86_64-7.3.2-20220804-6354275  User: oesteban  Machine: dna060  Platform: Linux  PlatformVersion: 5.14.0-427.37.1.el9_4.x86_64  CompilerName: GCC  CompilerVersion: 8.4.0
ProgramName: mris_thickness_diff  ProgramArguments: mris_thickness_diff -all-info  ProgramVersion: 7.3.2  TimeStamp: 2026/03/09-10:31:06-GMT  BuildTime: Aug  4 2022 06:17:15  BuildStamp: freesurfer-linux-ubuntu22_x86_64-7.3.2-20220804-6354275  User: oesteban  Machine: dna060  Platform: Linux  PlatformVersion: 5.14.0-427.37.1.el9_4.x86_64  CompilerName: GCC  CompilerVersion: 8.4.0
ProgramName: mris_topo_fixer  ProgramArguments: mris_topo_fixer -all-info  ProgramVersion: 7.3.2  TimeStamp: 2026/03/09-10:31:06-GMT  BuildTime: Aug  4 2022 06:17:15  BuildStamp: freesurfer-linux-ubuntu22_x86_64-7.3.2-20220804-6354275  User: oesteban  Machine: dna060  Platform: Linux  PlatformVersion: 5.14.0-427.37.1.el9_4.x86_64  CompilerName: GCC  CompilerVersion: 8.4.0
ProgramName: mri_surf2surf  ProgramArguments: mri_surf2surf -all-info  ProgramVersion: 7.3.2  TimeStamp: 2026/03/09-10:31:06-GMT  BuildTime: Aug  4 2022 06:17:15  BuildStamp: freesurfer-linux-ubuntu22_x86_64-7.3.2-20220804-6354275  User: oesteban  Machine: dna060  Platform: Linux  PlatformVersion: 5.14.0-427.37.1.el9_4.x86_64  CompilerName: GCC  CompilerVersion: 8.4.0
ProgramName: mri_surf2vol  ProgramArguments: mri_surf2vol -all-info  ProgramVersion: 7.3.2  TimeStamp: 2026/03/09-10:31:06-GMT  BuildTime: Aug  4 2022 06:17:15  BuildStamp: freesurfer-linux-ubuntu22_x86_64-7.3.2-20220804-6354275  User: oesteban  Machine: dna060  Platform: Linux  PlatformVersion: 5.14.0-427.37.1.el9_4.x86_64  CompilerName: GCC  CompilerVersion: 8.4.0
ProgramName: mri_surfcluster  ProgramArguments: mri_surfcluster -all-info  ProgramVersion: 7.3.2  TimeStamp: 2026/03/09-10:31:06-GMT  BuildTime: Aug  4 2022 06:17:15  BuildStamp: freesurfer-linux-ubuntu22_x86_64-7.3.2-20220804-6354275  User: oesteban  Machine: dna060  Platform: Linux  PlatformVersion: 5.14.0-427.37.1.el9_4.x86_64  CompilerName: GCC  CompilerVersion: 8.4.0
ProgramName: mris_volmask  ProgramArguments: mris_volmask -all-info  ProgramVersion: 7.3.2  TimeStamp: 2026/03/09-10:31:06-GMT  BuildTime: Aug  4 2022 06:17:15  BuildStamp: freesurfer-linux-ubuntu22_x86_64-7.3.2-20220804-6354275  User: oesteban  Machine: dna060  Platform: Linux  PlatformVersion: 5.14.0-427.37.1.el9_4.x86_64  CompilerName: GCC  CompilerVersion: 8.4.0
ProgramName: mri_tessellate  ProgramArguments: mri_tessellate -all-info  ProgramVersion: 7.3.2  TimeStamp: 2026/03/09-10:31:06-GMT  BuildTime: Aug  4 2022 06:17:15  BuildStamp: freesurfer-linux-ubuntu22_x86_64-7.3.2-20220804-6354275  User: oesteban  Machine: dna060  Platform: Linux  PlatformVersion: 5.14.0-427.37.1.el9_4.x86_64  CompilerName: GCC  CompilerVersion: 8.4.0
ProgramName: mri_vol2surf  ProgramArguments: mri_vol2surf -all-info  ProgramVersion: 7.3.2  TimeStamp: 2026/03/09-10:31:06-GMT  BuildTime: Aug  4 2022 06:17:15  BuildStamp: freesurfer-linux-ubuntu22_x86_64-7.3.2-20220804-6354275  User: oesteban  Machine: dna060  Platform: Linux  PlatformVersion: 5.14.0-427.37.1.el9_4.x86_64  CompilerName: GCC  CompilerVersion: 8.4.0
ProgramName: mri_vol2vol  ProgramArguments: mri_vol2vol -all-info  ProgramVersion: 7.3.2  TimeStamp: 2026/03/09-10:31:06-GMT  BuildTime: Aug  4 2022 06:17:15  BuildStamp: freesurfer-linux-ubuntu22_x86_64-7.3.2-20220804-6354275  User: oesteban  Machine: dna060  Platform: Linux  PlatformVersion: 5.14.0-427.37.1.el9_4.x86_64  CompilerName: GCC  CompilerVersion: 8.4.0
ProgramName: mri_voldiff  ProgramArguments: mri_voldiff -all-info  ProgramVersion: 7.3.2  TimeStamp: 2026/03/09-10:31:06-GMT  BuildTime: Aug  4 2022 06:17:15  BuildStamp: freesurfer-linux-ubuntu22_x86_64-7.3.2-20220804-6354275  User: oesteban  Machine: dna060  Platform: Linux  PlatformVersion: 5.14.0-427.37.1.el9_4.x86_64  CompilerName: GCC  CompilerVersion: 8.4.0
ProgramName: mri_watershed  ProgramArguments: mri_watershed -all-info  ProgramVersion: 7.3.2  TimeStamp: 2026/03/09-10:31:06-GMT  BuildTime: Aug  4 2022 06:17:15  BuildStamp: freesurfer-linux-ubuntu22_x86_64-7.3.2-20220804-6354275  User: oesteban  Machine: dna060  Platform: Linux  PlatformVersion: 5.14.0-427.37.1.el9_4.x86_64  CompilerName: GCC  CompilerVersion: 8.4.0
ProgramName: tkregister2  ProgramArguments: tkregister2_cmdl -all-info  ProgramVersion: 7.3.2  TimeStamp: 2026/03/09-10:31:06-GMT  BuildTime: Aug  4 2022 06:17:15  BuildStamp: freesurfer-linux-ubuntu22_x86_64-7.3.2-20220804-6354275  User: oesteban  Machine: dna060  Platform: Linux  PlatformVersion: 5.14.0-427.37.1.el9_4.x86_64  CompilerName: GCC  CompilerVersion: 8.4.0
mri_motion_correct.fsl 7.3.2
mri_convert -all-info 
ProgramName: mri_convert  ProgramArguments: mri_convert -all-info  ProgramVersion: 7.3.2  TimeStamp: 2026/03/09-10:31:06-GMT  BuildTime: Aug  4 2022 06:17:15  BuildStamp: freesurfer-linux-ubuntu22_x86_64-7.3.2-20220804-6354275  User: oesteban  Machine: dna060  Platform: Linux  PlatformVersion: 5.14.0-427.37.1.el9_4.x86_64  CompilerName: GCC  CompilerVersion: 8.4.0
Program nu_correct, built from:
Package MNI N3, version 1.12.0, compiled by nicks@terrier (x86_64-unknown-linux-gnu) on 2015-06-19 at 01:25:34
#######################################
GCADIR /opt/freesurfer/average
GCA RB_all_2020-01-02.gca
GCASkull RB_all_withskull_2020_01_02.gca
AvgCurvTif folding.atlas.acfb40.noaparc.i12.2016-08-02.tif
GCSDIR /opt/freesurfer/average
GCS DKaparc.atlas.acfb40.noaparc.i12.2016-08-02.gcs
#######################################
#--------------------------------------
#@# CA Normalize Mon Mar  9 11:31:06 CET 2026
/out/sourcedata/freesurfer/sub-v1s21x0050411_ses-1/mri

 mri_ca_normalize -c ctrl_pts.mgz -mask brainmask.mgz nu.mgz /opt/freesurfer/average/RB_all_2020-01-02.gca transforms/talairach.lta norm.mgz 

writing control point volume to ctrl_pts.mgz
using MR volume brainmask.mgz to mask input volume...
reading 1 input volume
reading atlas from '/opt/freesurfer/average/RB_all_2020-01-02.gca'...
reading transform from 'transforms/talairach.lta'...
reading input volume from nu.mgz...
resetting wm mean[0]: 98 --> 107
resetting gm mean[0]: 61 --> 61
input volume #1 is the most T1-like
using real data threshold=27.0
skull bounding box = (60, 26, 26) --> (201, 141, 205)
finding center of left hemi white matter
using (107, 64, 116) as brain centroid of Right_Cerebral_White_Matter...
mean wm in atlas = 107, using box (90,50,94) --> (124, 78,138) to find MRI wm
before smoothing, mri peak at 104
robust fit to distribution - 105 +- 5.6
after smoothing, mri peak at 104, scaling input intensities by 1.029
scaling channel 0 by 1.02885
using 246437 sample points...
INFO: compute sample coordinates transform
 0.98275   0.00499   0.01874  -4.10370;
-0.00223   1.05924  -0.18966   41.49118;
-0.02841   0.14001   0.94109  -11.09054;
 0.00000   0.00000   0.00000   1.00000;
INFO: transform used
finding control points in Left_Cerebral_White_Matter....
found 40230 control points for structure...
bounding box (131, 29, 29) --> (197, 146, 206)
Left_Cerebral_White_Matter: limiting intensities to 105.0 --> 129.0
2117 of 3442 (61.5%) samples deleted
finding control points in Right_Cerebral_White_Matter....
found 39478 control points for structure...
bounding box (65, 29, 30) --> (131, 147, 206)
Right_Cerebral_White_Matter: limiting intensities to 105.0 --> 132.0
1811 of 4550 (39.8%) samples deleted
finding control points in Left_Cerebellum_White_Matter....
found 3105 control points for structure...
bounding box (132, 102, 48) --> (181, 146, 106)
Left_Cerebellum_White_Matter: limiting intensities to 117.0 --> 132.0
11 of 18 (61.1%) samples deleted
finding control points in Right_Cerebellum_White_Matter....
found 2710 control points for structure...
bounding box (85, 102, 45) --> (131, 145, 106)
Right_Cerebellum_White_Matter: limiting intensities to 112.0 --> 132.0
3 of 9 (33.3%) samples deleted
finding control points in Brain_Stem....
found 3475 control points for structure...
bounding box (113, 103, 81) --> (148, 164, 118)
Brain_Stem: limiting intensities to 104.0 --> 132.0
165 of 209 (78.9%) samples deleted
using 8228 total control points for intensity normalization...
bias field = 0.961 +- 0.053
25 of 4121 control points discarded
finding control points in Left_Cerebral_White_Matter....
found 40230 control points for structure...
bounding box (131, 29, 29) --> (197, 146, 206)
Left_Cerebral_White_Matter: limiting intensities to 96.0 --> 132.0
2216 of 4283 (51.7%) samples deleted
finding control points in Right_Cerebral_White_Matter....
found 39478 control points for structure...
bounding box (65, 29, 30) --> (131, 147, 206)
Right_Cerebral_White_Matter: limiting intensities to 95.0 --> 132.0
1950 of 5324 (36.6%) samples deleted
finding control points in Left_Cerebellum_White_Matter....
found 3105 control points for structure...
bounding box (132, 102, 48) --> (181, 146, 106)
Left_Cerebellum_White_Matter: limiting intensities to 88.0 --> 132.0
5 of 58 (8.6%) samples deleted
finding control points in Right_Cerebellum_White_Matter....
found 2710 control points for structure...
bounding box (85, 102, 45) --> (131, 145, 106)
Right_Cerebellum_White_Matter: limiting intensities to 100.0 --> 132.0
39 of 67 (58.2%) samples deleted
finding control points in Brain_Stem....
found 3475 control points for structure...
bounding box (113, 103, 81) --> (148, 164, 118)
Brain_Stem: limiting intensities to 88.0 --> 132.0
191 of 315 (60.6%) samples deleted
using 10047 total control points for intensity normalization...
bias field = 1.046 +- 0.061
15 of 5608 control points discarded
finding control points in Left_Cerebral_White_Matter....
found 40230 control points for structure...
bounding box (131, 29, 29) --> (197, 146, 206)
Left_Cerebral_White_Matter: limiting intensities to 88.0 --> 132.0
378 of 4321 (8.7%) samples deleted
finding control points in Right_Cerebral_White_Matter....
found 39478 control points for structure...
bounding box (65, 29, 30) --> (131, 147, 206)
Right_Cerebral_White_Matter: limiting intensities to 88.0 --> 132.0
43 of 5358 (0.8%) samples deleted
finding control points in Left_Cerebellum_White_Matter....
found 3105 control points for structure...
bounding box (132, 102, 48) --> (181, 146, 106)
Left_Cerebellum_White_Matter: limiting intensities to 88.0 --> 132.0
20 of 122 (16.4%) samples deleted
finding control points in Right_Cerebellum_White_Matter....
found 2710 control points for structure...
bounding box (85, 102, 45) --> (131, 145, 106)
Right_Cerebellum_White_Matter: limiting intensities to 88.0 --> 132.0
11 of 88 (12.5%) samples deleted
finding control points in Brain_Stem....
found 3475 control points for structure...
bounding box (113, 103, 81) --> (148, 164, 118)
Brain_Stem: limiting intensities to 88.0 --> 132.0
329 of 402 (81.8%) samples deleted
using 10291 total control points for intensity normalization...
bias field = 1.101 +- 0.071
5 of 9339 control points discarded
writing normalized volume to norm.mgz...
writing control points to ctrl_pts.mgz
freeing GCA...done.
normalization took 1 minutes and 21 seconds.
#--------------------------------------
#@# CA Reg Mon Mar  9 11:32:27 CET 2026
/out/sourcedata/freesurfer/sub-v1s21x0050411_ses-1/mri

 mri_ca_register -nobigventricles -T transforms/talairach.lta -align-after -mask brainmask.mgz norm.mgz /opt/freesurfer/average/RB_all_2020-01-02.gca transforms/talairach.m3z 

not handling expanded ventricles...
using previously computed transform transforms/talairach.lta
renormalizing sequences with structure alignment, equivalent to:
	-renormalize
	-regularize_mean 0.500
	-regularize 0.500
using MR volume brainmask.mgz to mask input volume...

== Number of threads available to mri_ca_register for OpenMP = 16 == 
reading 1 input volumes...
logging results to talairach.log
reading input volume 'norm.mgz'...
reading GCA '/opt/freesurfer/average/RB_all_2020-01-02.gca'...
label assignment complete, 0 changed (0.00%)
freeing gibbs priors...done.
average std[0] = 5.0
Starting GCAMregister()
label assignment complete, 0 changed (0.00%)
npasses = 1, nlevels = 6
#pass# 1 of 1 ************************
enabling zero nodes
setting smoothness cost coefficient to 0.156

#GCAMreg# pass 0 level1 5 level2 0 tsec 0 sigma 2
l_jacobian=1.00 l_label=1.00 l_log_likelihood=0.20 l_smoothness=0.16 
tol=2.50e-01, dt=5.00e-02, exp_k=20.0, momentum=0.90, levels=6, niter=500, lbl_dist=10.00, avgs=256, sigma=2.0,type=2, relabel=0, neg=no

blurring input image with Gaussian with sigma=2.000...
GCAMRegisterLevel(): init RMS 0.826483
#FOTS# QuadFit found better minimum quadopt=(dt=286.946,rms=0.757465) vs oldopt=(dt=369.92,rms=0.763353)
#GCMRL#    0 dt 286.945929 rms  0.757  8.351% neg 0  invalid 762 tFOTS 5.0730 tGradient 3.4800 tsec 8.9380
#FOTS# QuadFit found better minimum quadopt=(dt=176.471,rms=0.740966) vs oldopt=(dt=92.48,rms=0.745058)
#GCMRL#    1 dt 176.470588 rms  0.741  2.178% neg 0  invalid 762 tFOTS 4.7860 tGradient 2.9890 tsec 8.1180
#FOTS# QuadFit found better minimum quadopt=(dt=295.936,rms=0.731158) vs oldopt=(dt=369.92,rms=0.73132)
#GCMRL#    2 dt 295.936000 rms  0.731  1.324% neg 0  invalid 762 tFOTS 4.4360 tGradient 3.1210 tsec 7.9000
#FOTS# QuadFit found better minimum quadopt=(dt=134.321,rms=0.727743) vs oldopt=(dt=92.48,rms=0.72827)
#GCMRL#    3 dt 134.320988 rms  0.728  0.467% neg 0  invalid 762 tFOTS 5.2880 tGradient 2.9970 tsec 8.6430
#FOTS# QuadFit found better minimum quadopt=(dt=887.808,rms=0.720516) vs oldopt=(dt=1479.68,rms=0.722582)
#GCMRL#    4 dt 887.808000 rms  0.721  0.993% neg 0  invalid 762 tFOTS 4.7060 tGradient 2.8290 tsec 7.8850
#FOTS# QuadFit found better minimum quadopt=(dt=110.976,rms=0.719045) vs oldopt=(dt=92.48,rms=0.719063)
#GCMRL#    5 dt 110.976000 rms  0.719  0.000% neg 0  invalid 762 tFOTS 5.0850 tGradient 2.8020 tsec 8.2560
#GCMRL#    6 dt 110.976000 rms  0.718  0.089% neg 0  invalid 762 tFOTS 0.0000 tGradient 3.1140 tsec 3.4530
#GCMRL#    7 dt 110.976000 rms  0.717  0.137% neg 0  invalid 762 tFOTS 0.0000 tGradient 2.9690 tsec 3.3060
#GCMRL#    8 dt 110.976000 rms  0.716  0.176% neg 0  invalid 762 tFOTS 0.0000 tGradient 2.9500 tsec 3.2870
#GCMRL#    9 dt 110.976000 rms  0.715  0.190% neg 0  invalid 762 tFOTS 0.0000 tGradient 3.2190 tsec 3.5460
#GCMRL#   10 dt 110.976000 rms  0.713  0.199% neg 0  invalid 762 tFOTS 0.0000 tGradient 3.0130 tsec 3.3840
#GCMRL#   11 dt 110.976000 rms  0.712  0.210% neg 0  invalid 762 tFOTS 0.0000 tGradient 2.8290 tsec 3.1660
#GCMRL#   12 dt 110.976000 rms  0.710  0.211% neg 0  invalid 762 tFOTS 0.0000 tGradient 3.0090 tsec 3.3450
#GCMRL#   13 dt 110.976000 rms  0.709  0.178% neg 0  invalid 762 tFOTS 0.0000 tGradient 3.0410 tsec 3.3700
#GCMRL#   14 dt 110.976000 rms  0.708  0.162% neg 0  invalid 762 tFOTS 0.0000 tGradient 2.9550 tsec 3.2860
#GCMRL#   15 dt 110.976000 rms  0.707  0.137% neg 0  invalid 762 tFOTS 0.0000 tGradient 2.9350 tsec 3.2740
#GCMRL#   16 dt 110.976000 rms  0.706  0.122% neg 0  invalid 762 tFOTS 0.0000 tGradient 3.0210 tsec 3.3560
#GCMRL#   17 dt 110.976000 rms  0.705  0.117% neg 0  invalid 762 tFOTS 0.0000 tGradient 2.9880 tsec 3.3410
#FOTS# QuadFit found better minimum quadopt=(dt=887.808,rms=0.704822) vs oldopt=(dt=1479.68,rms=0.704943)
#GCMRL#   18 dt 887.808000 rms  0.705  0.000% neg 0  invalid 762 tFOTS 5.4410 tGradient 2.8930 tsec 8.7480

#GCAMreg# pass 0 level1 5 level2 1 tsec 111.889 sigma 0.5
l_jacobian=1.00 l_label=1.00 l_log_likelihood=0.20 l_smoothness=0.16 
tol=2.50e-01, dt=5.00e-02, exp_k=20.0, momentum=0.90, levels=6, niter=500, lbl_dist=10.00, avgs=256, sigma=0.5,type=2, relabel=0, neg=no

blurring input image with Gaussian with sigma=0.500...
GCAMRegisterLevel(): init RMS 0.705324
#GCMRL#   20 dt 369.920000 rms  0.703  0.264% neg 0  invalid 762 tFOTS 4.9800 tGradient 2.9140 tsec 8.2470
#FOTS# QuadFit found better minimum quadopt=(dt=129.472,rms=0.703129) vs oldopt=(dt=92.48,rms=0.703189)
#GCMRL#   21 dt 129.472000 rms  0.703  0.000% neg 0  invalid 762 tFOTS 4.9840 tGradient 2.9640 tsec 8.3330
#GCMRL#   22 dt 129.472000 rms  0.703  0.030% neg 0  invalid 762 tFOTS 0.0000 tGradient 2.9580 tsec 3.2960
#GCMRL#   23 dt 129.472000 rms  0.703  0.044% neg 0  invalid 762 tFOTS 0.0000 tGradient 2.9690 tsec 3.3120
#GCMRL#   24 dt 129.472000 rms  0.702  0.061% neg 0  invalid 762 tFOTS 0.0000 tGradient 2.8520 tsec 3.1950
#GCMRL#   25 dt 129.472000 rms  0.702  0.071% neg 0  invalid 762 tFOTS 0.0000 tGradient 3.0810 tsec 3.4260
#GCMRL#   26 dt 129.472000 rms  0.701  0.081% neg 0  invalid 762 tFOTS 0.0000 tGradient 2.8370 tsec 3.1840
#GCMRL#   27 dt 129.472000 rms  0.701  0.078% neg 0  invalid 762 tFOTS 0.0000 tGradient 2.9800 tsec 3.3300
#GCMRL#   28 dt 129.472000 rms  0.700  0.065% neg 0  invalid 762 tFOTS 0.0000 tGradient 3.0350 tsec 3.4820
#FOTS# QuadFit found better minimum quadopt=(dt=517.888,rms=0.699818) vs oldopt=(dt=369.92,rms=0.699868)
setting smoothness cost coefficient to 0.615

#GCAMreg# pass 0 level1 4 level2 0 tsec 0 sigma 2
l_jacobian=1.00 l_label=1.00 l_log_likelihood=0.20 l_smoothness=0.62 
tol=2.50e-01, dt=5.00e-02, exp_k=20.0, momentum=0.90, levels=6, niter=500, lbl_dist=10.00, avgs=64, sigma=2.0,type=2, relabel=0, neg=no

blurring input image with Gaussian with sigma=2.000...
GCAMRegisterLevel(): init RMS 0.709241
#FOTS# QuadFit found better minimum quadopt=(dt=84.3709,rms=0.70598) vs oldopt=(dt=103.68,rms=0.706117)
#GCMRL#   30 dt  84.370927 rms  0.706  0.460% neg 0  invalid 762 tFOTS 4.6870 tGradient 2.6330 tsec 7.6800
#FOTS# QuadFit found better minimum quadopt=(dt=331.776,rms=0.696981) vs oldopt=(dt=414.72,rms=0.697006)
#GCMRL#   31 dt 331.776000 rms  0.697  1.275% neg 0  invalid 762 tFOTS 4.7620 tGradient 2.5450 tsec 7.6630
#FOTS# QuadFit found better minimum quadopt=(dt=76.3077,rms=0.695183) vs oldopt=(dt=103.68,rms=0.695408)
#GCMRL#   32 dt  76.307692 rms  0.695  0.258% neg 0  invalid 762 tFOTS 4.9470 tGradient 2.5360 tsec 7.8610
#FOTS# QuadFit found better minimum quadopt=(dt=331.776,rms=0.689807) vs oldopt=(dt=414.72,rms=0.689916)
#GCMRL#   33 dt 331.776000 rms  0.690  0.773% neg 0  invalid 762 tFOTS 4.9020 tGradient 2.4750 tsec 7.7210
#FOTS# QuadFit found better minimum quadopt=(dt=31.104,rms=0.688991) vs oldopt=(dt=25.92,rms=0.689024)
#GCMRL#   34 dt  31.104000 rms  0.689  0.000% neg 0  invalid 762 tFOTS 4.9670 tGradient 2.4720 tsec 7.8510

#GCAMreg# pass 0 level1 4 level2 1 tsec 51.05 sigma 0.5
l_jacobian=1.00 l_label=1.00 l_log_likelihood=0.20 l_smoothness=0.62 
tol=2.50e-01, dt=5.00e-02, exp_k=20.0, momentum=0.90, levels=6, niter=500, lbl_dist=10.00, avgs=64, sigma=0.5,type=2, relabel=0, neg=no

blurring input image with Gaussian with sigma=0.500...
GCAMRegisterLevel(): init RMS 0.689315
#GCMRL#   36 dt   0.000000 rms  0.689  0.059% neg 0  invalid 762 tFOTS 4.7390 tGradient 2.3360 tsec 7.4120
setting smoothness cost coefficient to 2.353

#GCAMreg# pass 0 level1 3 level2 0 tsec 0 sigma 2
l_jacobian=1.00 l_label=1.00 l_log_likelihood=0.20 l_smoothness=2.35 
tol=2.50e-01, dt=5.00e-02, exp_k=20.0, momentum=0.90, levels=6, niter=500, lbl_dist=10.00, avgs=16, sigma=2.0,type=2, relabel=0, neg=no

blurring input image with Gaussian with sigma=2.000...
GCAMRegisterLevel(): init RMS 0.716048
#FOTS# QuadFit found better minimum quadopt=(dt=2.8,rms=0.715295) vs oldopt=(dt=2,rms=0.715325)
#GCMRL#   38 dt   2.800000 rms  0.715  0.105% neg 0  invalid 762 tFOTS 4.5340 tGradient 1.9700 tsec 6.8520
#GCMRL#   39 dt   0.500000 rms  0.715  0.000% neg 0  invalid 762 tFOTS 4.8870 tGradient 1.8980 tsec 7.2370
#GCMRL#   40 dt   0.500000 rms  0.715  0.000% neg 0  invalid 762 tFOTS 0.0000 tGradient 2.2870 tsec 2.6470

#GCAMreg# pass 0 level1 3 level2 1 tsec 28.772 sigma 0.5
l_jacobian=1.00 l_label=1.00 l_log_likelihood=0.20 l_smoothness=2.35 
tol=2.50e-01, dt=5.00e-02, exp_k=20.0, momentum=0.90, levels=6, niter=500, lbl_dist=10.00, avgs=16, sigma=0.5,type=2, relabel=0, neg=no

blurring input image with Gaussian with sigma=0.500...
GCAMRegisterLevel(): init RMS 0.715682
#GCMRL#   42 dt   0.000000 rms  0.715  0.057% neg 0  invalid 762 tFOTS 4.3360 tGradient 2.0210 tsec 6.7650
setting smoothness cost coefficient to 8.000

#GCAMreg# pass 0 level1 2 level2 0 tsec 0 sigma 2
l_jacobian=1.00 l_label=1.00 l_log_likelihood=0.20 l_smoothness=8.00 
tol=2.50e-01, dt=5.00e-02, exp_k=20.0, momentum=0.90, levels=6, niter=500, lbl_dist=10.00, avgs=4, sigma=2.0,type=2, relabel=0, neg=no

blurring input image with Gaussian with sigma=2.000...
GCAMRegisterLevel(): init RMS 0.786426
#FOTS# QuadFit found better minimum quadopt=(dt=3.01566,rms=0.768177) vs oldopt=(dt=2.88,rms=0.76822)
#GCMRL#   44 dt   3.015656 rms  0.768  2.320% neg 0  invalid 762 tFOTS 4.9050 tGradient 2.0650 tsec 7.3190
#FOTS# QuadFit found better minimum quadopt=(dt=2.139,rms=0.765832) vs oldopt=(dt=2.88,rms=0.766126)
#GCMRL#   45 dt   2.138996 rms  0.766  0.305% neg 0  invalid 762 tFOTS 4.7150 tGradient 1.9340 tsec 7.0730
#FOTS# QuadFit found better minimum quadopt=(dt=3.78846,rms=0.762934) vs oldopt=(dt=2.88,rms=0.763101)
#GCMRL#   46 dt   3.788462 rms  0.763  0.378% neg 0  invalid 762 tFOTS 5.1850 tGradient 1.7720 tsec 7.4460
#GCMRL#   47 dt   0.150000 rms  0.763  0.000% neg 0  invalid 762 tFOTS 4.7790 tGradient 2.1930 tsec 7.3580

#GCAMreg# pass 0 level1 2 level2 1 tsec 41.004 sigma 0.5
l_jacobian=1.00 l_label=1.00 l_log_likelihood=0.20 l_smoothness=8.00 
tol=2.50e-01, dt=5.00e-02, exp_k=20.0, momentum=0.90, levels=6, niter=500, lbl_dist=10.00, avgs=4, sigma=0.5,type=2, relabel=0, neg=no

blurring input image with Gaussian with sigma=0.500...
GCAMRegisterLevel(): init RMS 0.763395
#GCMRL#   49 dt   0.000000 rms  0.763  0.065% neg 0  invalid 762 tFOTS 4.4570 tGradient 1.8400 tsec 6.6670
setting smoothness cost coefficient to 20.000

#GCAMreg# pass 0 level1 1 level2 0 tsec 0 sigma 2
l_jacobian=1.00 l_label=1.00 l_log_likelihood=0.20 l_smoothness=20.00 
tol=2.50e-01, dt=5.00e-02, exp_k=20.0, momentum=0.90, levels=6, niter=500, lbl_dist=10.00, avgs=1, sigma=2.0,type=2, relabel=0, neg=no

blurring input image with Gaussian with sigma=2.000...
GCAMRegisterLevel(): init RMS 0.8173
#FOTS# QuadFit found better minimum quadopt=(dt=0.112,rms=0.816318) vs oldopt=(dt=0.08,rms=0.816423)
#GCMRL#   51 dt   0.112000 rms  0.816  0.120% neg 0  invalid 762 tFOTS 4.6530 tGradient 1.5920 tsec 6.5930
#FOTS# QuadFit found better minimum quadopt=(dt=0.256,rms=0.815809) vs oldopt=(dt=0.32,rms=0.815854)
#GCMRL#   52 dt   0.256000 rms  0.816  0.000% neg 0  invalid 762 tFOTS 4.6610 tGradient 1.6020 tsec 6.6540
#GCMRL#   53 dt   0.256000 rms  0.815  0.156% neg 0  invalid 762 tFOTS 0.0000 tGradient 1.6430 tsec 1.9670
#GCMRL#   54 dt   0.256000 rms  0.813  0.242% neg 0  invalid 762 tFOTS 0.0000 tGradient 1.5440 tsec 1.9050
#GCMRL#   55 dt   0.256000 rms  0.810  0.309% neg 0  invalid 762 tFOTS 0.0000 tGradient 1.5720 tsec 1.9250
#GCMRL#   56 dt   0.256000 rms  0.807  0.361% neg 0  invalid 762 tFOTS 0.0000 tGradient 1.6400 tsec 1.9720
#GCMRL#   57 dt   0.256000 rms  0.804  0.373% neg 0  invalid 762 tFOTS 0.0000 tGradient 1.7080 tsec 2.0700
#GCMRL#   58 dt   0.256000 rms  0.802  0.302% neg 0  invalid 762 tFOTS 0.0000 tGradient 1.6580 tsec 2.0170
#GCMRL#   59 dt   0.256000 rms  0.800  0.183% neg 0  invalid 762 tFOTS 0.0000 tGradient 1.6030 tsec 1.9480
#GCMRL#   60 dt   0.256000 rms  0.800  0.079% neg 0  invalid 762 tFOTS 0.0000 tGradient 1.6360 tsec 1.9600
#GCMRL#   61 dt   0.256000 rms  0.800  0.011% neg 0  invalid 762 tFOTS 0.0000 tGradient 1.6670 tsec 2.0430
#FOTS# QuadFit found better minimum quadopt=(dt=1.792,rms=0.796627) vs oldopt=(dt=1.28,rms=0.796959)
#GCMRL#   62 dt   1.792000 rms  0.797  0.359% neg 0  invalid 762 tFOTS 4.6920 tGradient 1.5660 tsec 6.6100
#FOTS# QuadFit found better minimum quadopt=(dt=0.112,rms=0.796213) vs oldopt=(dt=0.08,rms=0.796292)
#GCMRL#   63 dt   0.112000 rms  0.796  0.000% neg 0  invalid 762 tFOTS 4.5840 tGradient 1.6380 tsec 6.5890
#GCMRL#   64 dt   0.112000 rms  0.796  0.021% neg 0  invalid 762 tFOTS 0.0000 tGradient 1.6670 tsec 1.9950
#GCMRL#   65 dt   0.112000 rms  0.796  0.010% neg 0  invalid 762 tFOTS 0.0000 tGradient 1.5550 tsec 1.9090

#GCAMreg# pass 0 level1 1 level2 1 tsec 59.721 sigma 0.5
l_jacobian=1.00 l_label=1.00 l_log_likelihood=0.20 l_smoothness=20.00 
tol=2.50e-01, dt=5.00e-02, exp_k=20.0, momentum=0.90, levels=6, niter=500, lbl_dist=10.00, avgs=1, sigma=0.5,type=2, relabel=0, neg=no

blurring input image with Gaussian with sigma=0.500...
GCAMRegisterLevel(): init RMS 0.796504
#FOTS# QuadFit found better minimum quadopt=(dt=0.448,rms=0.795185) vs oldopt=(dt=0.32,rms=0.795321)
#GCMRL#   67 dt   0.448000 rms  0.795  0.166% neg 0  invalid 762 tFOTS 4.5750 tGradient 1.5570 tsec 6.4770
#FOTS# QuadFit found better minimum quadopt=(dt=0.007,rms=0.795168) vs oldopt=(dt=0.005,rms=0.795168)
#GCMRL#   68 dt   0.007000 rms  0.795  0.000% neg 0  invalid 762 tFOTS 4.6590 tGradient 1.6750 tsec 6.7290
#GCMRL#   69 dt   0.007000 rms  0.795  0.000% neg 0  invalid 762 tFOTS 0.0000 tGradient 1.7310 tsec 2.0830
resetting metric properties...
setting smoothness cost coefficient to 40.000

#GCAMreg# pass 0 level1 0 level2 0 tsec 0 sigma 2
l_jacobian=1.00 l_label=1.00 l_log_likelihood=0.20 l_smoothness=40.00 
tol=2.50e-01, dt=5.00e-02, exp_k=20.0, momentum=0.90, levels=6, niter=500, lbl_dist=10.00, avgs=0, sigma=2.0,type=2, relabel=0, neg=no

blurring input image with Gaussian with sigma=2.000...
GCAMRegisterLevel(): init RMS 0.770548
#FOTS# QuadFit found better minimum quadopt=(dt=0.198084,rms=0.76576) vs oldopt=(dt=0.32,rms=0.766977)
#GCMRL#   71 dt   0.198084 rms  0.766  0.621% neg 0  invalid 762 tFOTS 4.9870 tGradient 1.1570 tsec 6.4820
#GCMRL#   72 dt   0.020000 rms  0.766  0.000% neg 0  invalid 762 tFOTS 4.7720 tGradient 1.2850 tsec 6.5380

#GCAMreg# pass 0 level1 0 level2 1 tsec 24.133 sigma 0.5
l_jacobian=1.00 l_label=1.00 l_log_likelihood=0.20 l_smoothness=40.00 
tol=2.50e-01, dt=5.00e-02, exp_k=20.0, momentum=0.90, levels=6, niter=500, lbl_dist=10.00, avgs=0, sigma=0.5,type=2, relabel=0, neg=no

blurring input image with Gaussian with sigma=0.500...
GCAMRegisterLevel(): init RMS 0.766136
#FOTS# QuadFit found better minimum quadopt=(dt=0.007,rms=0.765577) vs oldopt=(dt=0.005,rms=0.765581)
#GCMRL#   74 dt   0.007000 rms  0.766  0.073% neg 0  invalid 762 tFOTS 4.7770 tGradient 1.0870 tsec 6.3190
#FOTS# QuadFit found better minimum quadopt=(dt=0.00175,rms=0.765577) vs oldopt=(dt=0.00125,rms=0.765577)
#GCMRL#   75 dt   0.001750 rms  0.766  0.000% neg 0  invalid 762 tFOTS 4.8870 tGradient 1.0340 tsec 6.2800
GCAMregister done in 7.45397 min
Starting GCAmapRenormalizeWithAlignment() without scales
renormalizing by structure alignment....
renormalizing input #0
gca peak = 0.10253 (16)
mri peak = 0.08221 (16)
Left_Lateral_Ventricle (4): linear fit = 0.62 x + 0.0 (1302 voxels, overlap=0.407)
Left_Lateral_Ventricle (4): linear fit = 0.62 x + 0.0 (1302 voxels, peak = 10), gca=9.8
gca peak = 0.17690 (16)
mri peak = 0.09542 (14)
Right_Lateral_Ventricle (43): linear fit = 0.74 x + 0.0 (881 voxels, overlap=0.617)
Right_Lateral_Ventricle (43): linear fit = 0.74 x + 0.0 (881 voxels, peak = 12), gca=11.8
gca peak = 0.28275 (96)
mri peak = 0.08075 (90)
Right_Pallidum (52): linear fit = 0.98 x + 0.0 (1254 voxels, overlap=0.941)
Right_Pallidum (52): linear fit = 0.98 x + 0.0 (1254 voxels, peak = 94), gca=93.6
gca peak = 0.18948 (93)
mri peak = 0.09225 (82)
Left_Pallidum (13): linear fit = 0.88 x + 0.0 (993 voxels, overlap=0.121)
Left_Pallidum (13): linear fit = 0.88 x + 0.0 (993 voxels, peak = 81), gca=81.4
gca peak = 0.20755 (55)
mri peak = 0.09177 (64)
Right_Hippocampus (53): linear fit = 1.12 x + 0.0 (1243 voxels, overlap=0.986)
Right_Hippocampus (53): linear fit = 1.12 x + 0.0 (1243 voxels, peak = 61), gca=61.3
gca peak = 0.31831 (58)
mri peak = 0.10012 (60)
Left_Hippocampus (17): linear fit = 1.10 x + 0.0 (1255 voxels, overlap=0.978)
Left_Hippocampus (17): linear fit = 1.10 x + 0.0 (1255 voxels, peak = 64), gca=63.5
gca peak = 0.11957 (102)
mri peak = 0.08704 (95)
Right_Cerebral_White_Matter (41): linear fit = 1.00 x + 0.0 (81873 voxels, overlap=0.929)
Right_Cerebral_White_Matter (41): linear fit = 1.00 x + 0.0 (81873 voxels, peak = 103), gca=102.5
gca peak = 0.11429 (102)
mri peak = 0.07845 (93)
Left_Cerebral_White_Matter (2): linear fit = 1.00 x + 0.0 (85633 voxels, overlap=0.976)
Left_Cerebral_White_Matter (2): linear fit = 1.00 x + 0.0 (85633 voxels, peak = 103), gca=102.5
gca peak = 0.14521 (59)
mri peak = 0.03717 (57)
Left_Cerebral_Cortex (3): linear fit = 1.08 x + 0.0 (37312 voxels, overlap=0.909)
Left_Cerebral_Cortex (3): linear fit = 1.08 x + 0.0 (37312 voxels, peak = 63), gca=63.4
gca peak = 0.14336 (58)
mri peak = 0.03948 (57)
Right_Cerebral_Cortex (42): linear fit = 1.02 x + 0.0 (37092 voxels, overlap=0.824)
Right_Cerebral_Cortex (42): linear fit = 1.02 x + 0.0 (37092 voxels, peak = 59), gca=59.4
gca peak = 0.13305 (70)
mri peak = 0.13333 (65)
Right_Caudate (50): linear fit = 0.95 x + 0.0 (642 voxels, overlap=0.760)
Right_Caudate (50): linear fit = 0.95 x + 0.0 (642 voxels, peak = 67), gca=66.8
gca peak = 0.15761 (71)
mri peak = 0.10256 (70)
Left_Caudate (11): linear fit = 0.90 x + 0.0 (1384 voxels, overlap=0.747)
Left_Caudate (11): linear fit = 0.90 x + 0.0 (1384 voxels, peak = 64), gca=64.3
gca peak = 0.13537 (57)
mri peak = 0.05218 (57)
Left_Cerebellum_Cortex (8): linear fit = 1.07 x + 0.0 (36144 voxels, overlap=0.941)
Left_Cerebellum_Cortex (8): linear fit = 1.07 x + 0.0 (36144 voxels, peak = 61), gca=60.7
gca peak = 0.13487 (56)
mri peak = 0.05405 (53)
Right_Cerebellum_Cortex (47): linear fit = 1.04 x + 0.0 (37467 voxels, overlap=0.989)
Right_Cerebellum_Cortex (47): linear fit = 1.04 x + 0.0 (37467 voxels, peak = 59), gca=58.5
gca peak = 0.19040 (84)
mri peak = 0.05374 (86)
Left_Cerebellum_White_Matter (7): linear fit = 1.07 x + 0.0 (10802 voxels, overlap=0.723)
Left_Cerebellum_White_Matter (7): linear fit = 1.07 x + 0.0 (10802 voxels, peak = 89), gca=89.5
gca peak = 0.18871 (83)
mri peak = 0.04192 (89)
Right_Cerebellum_White_Matter (46): linear fit = 1.12 x + 0.0 (9441 voxels, overlap=0.634)
Right_Cerebellum_White_Matter (46): linear fit = 1.12 x + 0.0 (9441 voxels, peak = 93), gca=92.5
gca peak = 0.24248 (57)
mri peak = 0.12232 (70)
Left_Amygdala (18): linear fit = 1.21 x + 0.0 (479 voxels, overlap=0.092)
Left_Amygdala (18): linear fit = 1.21 x + 0.0 (479 voxels, peak = 69), gca=68.7
gca peak = 0.35833 (56)
mri peak = 0.07892 (64)
Right_Amygdala (54): linear fit = 1.13 x + 0.0 (470 voxels, overlap=0.550)
Right_Amygdala (54): linear fit = 1.13 x + 0.0 (470 voxels, peak = 64), gca=63.6
gca peak = 0.12897 (85)
mri peak = 0.06869 (92)
Left_Thalamus (10): linear fit = 1.07 x + 0.0 (7103 voxels, overlap=0.863)
Left_Thalamus (10): linear fit = 1.07 x + 0.0 (7103 voxels, peak = 91), gca=90.5
gca peak = 0.13127 (83)
mri peak = 0.07126 (86)
Right_Thalamus (49): linear fit = 1.04 x + 0.0 (5679 voxels, overlap=0.757)
Right_Thalamus (49): linear fit = 1.04 x + 0.0 (5679 voxels, peak = 87), gca=86.7
gca peak = 0.12974 (78)
mri peak = 0.05875 (87)
Left_Putamen (12): linear fit = 1.09 x + 0.0 (3021 voxels, overlap=0.774)
Left_Putamen (12): linear fit = 1.09 x + 0.0 (3021 voxels, peak = 85), gca=84.6
gca peak = 0.17796 (79)
mri peak = 0.08421 (72)
Right_Putamen (51): linear fit = 0.98 x + 0.0 (3198 voxels, overlap=0.994)
Right_Putamen (51): linear fit = 0.98 x + 0.0 (3198 voxels, peak = 77), gca=77.0
gca peak = 0.10999 (80)
mri peak = 0.09118 (81)
Brain_Stem (16): linear fit = 1.10 x + 0.0 (15492 voxels, overlap=0.416)
Brain_Stem (16): linear fit = 1.10 x + 0.0 (15492 voxels, peak = 88), gca=87.6
gca peak = 0.13215 (88)
mri peak = 0.07003 (87)
Right_VentralDC (60): linear fit = 1.12 x + 0.0 (1667 voxels, overlap=0.640)
Right_VentralDC (60): linear fit = 1.12 x + 0.0 (1667 voxels, peak = 99), gca=99.0
gca peak = 0.11941 (89)
mri peak = 0.07375 (96)
Left_VentralDC (28): linear fit = 1.09 x + 0.0 (1719 voxels, overlap=0.663)
Left_VentralDC (28): linear fit = 1.09 x + 0.0 (1719 voxels, peak = 97), gca=96.6
gca peak = 0.20775 (25)
uniform distribution in MR - rejecting arbitrary fit
gca peak = 0.13297 (21)
mri peak = 0.14719 (14)
Fourth_Ventricle (15): linear fit = 0.61 x + 0.0 (393 voxels, overlap=0.381)
Fourth_Ventricle (15): linear fit = 0.61 x + 0.0 (393 voxels, peak = 13), gca=12.7
gca peak Unknown = 0.94777 ( 0)
gca peak Left_Inf_Lat_Vent = 0.19087 (28)
gca peak Third_Ventricle = 0.20775 (25)
gca peak Fourth_Ventricle = 0.13297 (21)
gca peak CSF = 0.16821 (33)
gca peak Left_Accumbens_area = 0.32850 (63)
gca peak Left_undetermined = 0.98480 (28)
gca peak Left_vessel = 0.40887 (53)
gca peak Left_choroid_plexus = 0.10898 (46)
gca peak Right_Inf_Lat_Vent = 0.17798 (26)
gca peak Right_Accumbens_area = 0.30137 (64)
gca peak Right_vessel = 0.47828 (52)
gca peak Right_choroid_plexus = 0.11612 (45)
gca peak Fifth_Ventricle = 0.59466 (35)
gca peak WM_hypointensities = 0.10053 (78)
gca peak non_WM_hypointensities = 0.07253 (60)
gca peak Optic_Chiasm = 0.25330 (73)
not using caudate to estimate GM means
estimating mean gm scale to be 1.11 x + 0.0
estimating mean wm scale to be 1.00 x + 0.0
estimating mean csf scale to be 0.68 x + 0.0
saving intensity scales to talairach.label_intensities.txt
GCAmapRenormalizeWithAlignment() took 3.40507 min
noneg pre
Starting GCAMregister()
label assignment complete, 0 changed (0.00%)
npasses = 1, nlevels = 6
#pass# 1 of 1 ************************
enabling zero nodes
setting smoothness cost coefficient to 0.008

#GCAMreg# pass 0 level1 5 level2 0 tsec 0 sigma 2
l_jacobian=1.00 l_label=1.00 l_log_likelihood=0.20 l_smoothness=0.01 
tol=5.00e-02, dt=5.00e-02, exp_k=20.0, momentum=0.90, levels=6, niter=500, lbl_dist=10.00, avgs=256, sigma=2.0,type=2, relabel=0, neg=no

blurring input image with Gaussian with sigma=2.000...
GCAMRegisterLevel(): init RMS 0.766682
#FOTS# QuadFit found better minimum quadopt=(dt=283.598,rms=0.730601) vs oldopt=(dt=369.92,rms=0.73358)
#GCMRL#   77 dt 283.597935 rms  0.731  4.706% neg 0  invalid 762 tFOTS 5.1570 tGradient 2.6310 tsec 8.2590
#FOTS# QuadFit found better minimum quadopt=(dt=172.522,rms=0.722108) vs oldopt=(dt=92.48,rms=0.724285)
#GCMRL#   78 dt 172.521739 rms  0.722  1.163% neg 0  invalid 762 tFOTS 5.0790 tGradient 2.5430 tsec 8.0960
#FOTS# QuadFit found better minimum quadopt=(dt=295.936,rms=0.716812) vs oldopt=(dt=369.92,rms=0.716897)
#GCMRL#   79 dt 295.936000 rms  0.717  0.733% neg 0  invalid 762 tFOTS 5.1750 tGradient 2.6270 tsec 8.2820
#FOTS# QuadFit found better minimum quadopt=(dt=129.472,rms=0.714618) vs oldopt=(dt=92.48,rms=0.71487)
#GCMRL#   80 dt 129.472000 rms  0.715  0.306% neg 0  invalid 762 tFOTS 5.6930 tGradient 2.4080 tsec 8.5800
#FOTS# QuadFit found better minimum quadopt=(dt=1183.74,rms=0.708225) vs oldopt=(dt=1479.68,rms=0.709318)
#GCMRL#   81 dt 1183.744000 rms  0.708  0.895% neg 0  invalid 762 tFOTS 5.3030 tGradient 2.3410 tsec 8.0110
#FOTS# QuadFit found better minimum quadopt=(dt=110.976,rms=0.705915) vs oldopt=(dt=92.48,rms=0.705937)
#GCMRL#   82 dt 110.976000 rms  0.706  0.326% neg 0  invalid 762 tFOTS 4.8880 tGradient 2.3710 tsec 7.6290
#FOTS# QuadFit found better minimum quadopt=(dt=1775.62,rms=0.698347) vs oldopt=(dt=1479.68,rms=0.69839)
#GCMRL#   83 dt 1775.616000 rms  0.698  1.072% neg 0  invalid 762 tFOTS 4.8690 tGradient 2.4220 tsec 7.6330
#FOTS# QuadFit found better minimum quadopt=(dt=129.472,rms=0.696735) vs oldopt=(dt=92.48,rms=0.697029)
#GCMRL#   84 dt 129.472000 rms  0.697  0.231% neg 0  invalid 762 tFOTS 4.9270 tGradient 2.5140 tsec 7.7900
#GCMRL#   85 dt 369.920000 rms  0.696  0.177% neg 0  invalid 762 tFOTS 4.9740 tGradient 2.3180 tsec 7.6590
#FOTS# QuadFit found better minimum quadopt=(dt=295.936,rms=0.694944) vs oldopt=(dt=369.92,rms=0.69499)
#GCMRL#   86 dt 295.936000 rms  0.695  0.081% neg 0  invalid 762 tFOTS 4.8980 tGradient 2.2940 tsec 7.5640
#FOTS# QuadFit found better minimum quadopt=(dt=129.472,rms=0.694488) vs oldopt=(dt=92.48,rms=0.694547)
#GCMRL#   87 dt 129.472000 rms  0.694  0.066% neg 0  invalid 762 tFOTS 4.9100 tGradient 2.3250 tsec 7.5850
#FOTS# QuadFit found better minimum quadopt=(dt=517.888,rms=0.693861) vs oldopt=(dt=369.92,rms=0.693991)
#GCMRL#   88 dt 517.888000 rms  0.694  0.090% neg 0  invalid 762 tFOTS 5.0770 tGradient 2.3740 tsec 7.7940
#FOTS# QuadFit found better minimum quadopt=(dt=129.472,rms=0.693407) vs oldopt=(dt=92.48,rms=0.693467)
#GCMRL#   89 dt 129.472000 rms  0.693  0.065% neg 0  invalid 762 tFOTS 5.1990 tGradient 2.5050 tsec 8.0500
#FOTS# QuadFit found better minimum quadopt=(dt=887.808,rms=0.692435) vs oldopt=(dt=1479.68,rms=0.692735)
#GCMRL#   90 dt 887.808000 rms  0.692  0.140% neg 0  invalid 762 tFOTS 4.7690 tGradient 2.3720 tsec 7.4900
#FOTS# QuadFit found better minimum quadopt=(dt=110.976,rms=0.691761) vs oldopt=(dt=92.48,rms=0.691768)
#GCMRL#   91 dt 110.976000 rms  0.692  0.097% neg 0  invalid 762 tFOTS 4.6960 tGradient 2.4140 tsec 7.5010
#FOTS# QuadFit found better minimum quadopt=(dt=4734.98,rms=0.687245) vs oldopt=(dt=5918.72,rms=0.687441)
#GCMRL#   92 dt 4734.976000 rms  0.687  0.653% neg 0  invalid 762 tFOTS 4.2610 tGradient 2.3550 tsec 6.9480
#FOTS# QuadFit found better minimum quadopt=(dt=110.976,rms=0.686513) vs oldopt=(dt=92.48,rms=0.686531)
#GCMRL#   93 dt 110.976000 rms  0.687  0.106% neg 0  invalid 762 tFOTS 4.6930 tGradient 2.2970 tsec 7.3310
#FOTS# QuadFit found better minimum quadopt=(dt=129.472,rms=0.686464) vs oldopt=(dt=92.48,rms=0.686472)
#GCMRL#   94 dt 129.472000 rms  0.686  0.000% neg 0  invalid 762 tFOTS 4.7540 tGradient 2.3350 tsec 7.4630
#GCMRL#   95 dt 129.472000 rms  0.686  0.013% neg 0  invalid 762 tFOTS 0.0000 tGradient 2.2800 tsec 2.6100
#GCMRL#   96 dt 129.472000 rms  0.686  0.016% neg 0  invalid 762 tFOTS 0.0000 tGradient 2.3110 tsec 2.6370
#GCMRL#   97 dt 129.472000 rms  0.686  0.029% neg 0  invalid 762 tFOTS 0.0000 tGradient 2.2290 tsec 2.5430
#GCMRL#   98 dt 129.472000 rms  0.686  0.041% neg 0  invalid 762 tFOTS 0.0000 tGradient 2.2510 tsec 2.5720
#GCMRL#   99 dt 129.472000 rms  0.685  0.060% neg 0  invalid 762 tFOTS 0.0000 tGradient 2.3300 tsec 2.6490
#GCMRL#  100 dt 129.472000 rms  0.685  0.069% neg 0  invalid 762 tFOTS 0.0000 tGradient 2.4930 tsec 2.8090
#GCMRL#  101 dt 129.472000 rms  0.684  0.082% neg 0  invalid 762 tFOTS 0.0000 tGradient 2.2950 tsec 2.6100
#GCMRL#  102 dt 129.472000 rms  0.684  0.088% neg 0  invalid 762 tFOTS 0.0000 tGradient 2.2910 tsec 2.6120
#GCMRL#  103 dt 129.472000 rms  0.683  0.086% neg 0  invalid 762 tFOTS 0.0000 tGradient 2.3300 tsec 2.6460
#GCMRL#  104 dt 129.472000 rms  0.683  0.080% neg 0  invalid 762 tFOTS 0.0000 tGradient 2.3080 tsec 2.6260
#GCMRL#  105 dt 129.472000 rms  0.682  0.071% neg 0  invalid 762 tFOTS 0.0000 tGradient 2.2970 tsec 2.6190
#GCMRL#  106 dt 129.472000 rms  0.682  0.056% neg 0  invalid 762 tFOTS 0.0000 tGradient 2.2550 tsec 2.5670
#GCMRL#  107 dt 129.472000 rms  0.681  0.052% neg 0  invalid 762 tFOTS 0.0000 tGradient 2.2990 tsec 2.6160
#GCMRL#  108 dt 129.472000 rms  0.681  0.050% neg 0  invalid 762 tFOTS 0.0000 tGradient 2.3430 tsec 2.6580
#GCMRL#  109 dt 129.472000 rms  0.681  0.056% neg 0  invalid 762 tFOTS 0.0000 tGradient 2.3460 tsec 2.6620
#GCMRL#  110 dt 129.472000 rms  0.680  0.064% neg 0  invalid 762 tFOTS 0.0000 tGradient 2.2650 tsec 2.5810
#GCMRL#  111 dt 129.472000 rms  0.680  0.062% neg 0  invalid 762 tFOTS 0.0000 tGradient 2.6470 tsec 3.0030
#GCMRL#  112 dt 129.472000 rms  0.679  0.056% neg 0  invalid 762 tFOTS 0.0000 tGradient 2.4160 tsec 2.7540
#GCMRL#  113 dt 129.472000 rms  0.679  0.049% neg 0  invalid 762 tFOTS 0.0000 tGradient 2.3620 tsec 2.6820
#GCMRL#  114 dt 129.472000 rms  0.679  0.047% neg 0  invalid 762 tFOTS 0.0000 tGradient 2.4280 tsec 2.8030
#GCMRL#  115 dt 129.472000 rms  0.678  0.051% neg 0  invalid 762 tFOTS 0.0000 tGradient 2.4140 tsec 2.7450
#GCMRL#  116 dt 129.472000 rms  0.678  0.048% neg 0  invalid 762 tFOTS 0.0000 tGradient 2.4200 tsec 2.7490
#GCMRL#  117 dt 129.472000 rms  0.678  0.050% neg 0  invalid 762 tFOTS 0.0000 tGradient 2.3690 tsec 2.6980
#GCMRL#  118 dt 129.472000 rms  0.677  0.048% neg 0  invalid 762 tFOTS 0.0000 tGradient 2.4750 tsec 2.7930
#GCMRL#  119 dt 129.472000 rms  0.677  0.047% neg 0  invalid 762 tFOTS 0.0000 tGradient 2.5500 tsec 2.8750
#GCMRL#  120 dt 129.472000 rms  0.677  0.040% neg 0  invalid 762 tFOTS 0.0000 tGradient 2.3260 tsec 2.6550
#GCMRL#  121 dt 129.472000 rms  0.677  0.047% neg 0  invalid 762 tFOTS 0.0000 tGradient 2.5630 tsec 2.8890
#GCMRL#  122 dt 129.472000 rms  0.676  0.044% neg 0  invalid 762 tFOTS 0.0000 tGradient 2.4130 tsec 2.7390
#GCMRL#  123 dt 129.472000 rms  0.676  0.046% neg 0  invalid 762 tFOTS 0.0000 tGradient 2.3700 tsec 2.6980
#GCMRL#  124 dt 129.472000 rms  0.676  0.045% neg 0  invalid 762 tFOTS 0.0000 tGradient 2.6480 tsec 2.9730
#GCMRL#  125 dt 129.472000 rms  0.675  0.040% neg 0  invalid 762 tFOTS 0.0000 tGradient 2.6930 tsec 3.0230
#GCMRL#  126 dt 129.472000 rms  0.675  0.037% neg 0  invalid 762 tFOTS 0.0000 tGradient 2.4100 tsec 2.7340
#GCMRL#  127 dt 129.472000 rms  0.675  0.037% neg 0  invalid 762 tFOTS 0.0000 tGradient 2.5490 tsec 2.8710
#GCMRL#  128 dt 129.472000 rms  0.675  0.037% neg 0  invalid 762 tFOTS 0.0000 tGradient 2.3310 tsec 2.6610
#GCMRL#  129 dt 129.472000 rms  0.674  0.041% neg 0  invalid 762 tFOTS 0.0000 tGradient 2.4930 tsec 2.8200
#GCMRL#  130 dt 129.472000 rms  0.674  0.039% neg 0  invalid 762 tFOTS 0.0000 tGradient 2.3890 tsec 2.7180
#GCMRL#  131 dt 129.472000 rms  0.674  0.039% neg 0  invalid 762 tFOTS 0.0000 tGradient 2.3500 tsec 2.6800
#GCMRL#  132 dt 129.472000 rms  0.674  0.041% neg 0  invalid 762 tFOTS 0.0000 tGradient 2.5510 tsec 2.8770
#GCMRL#  133 dt 129.472000 rms  0.673  0.034% neg 0  invalid 762 tFOTS 0.0000 tGradient 2.5670 tsec 2.8960
#GCMRL#  134 dt 129.472000 rms  0.673  0.039% neg 0  invalid 762 tFOTS 0.0000 tGradient 2.5220 tsec 2.8500
#GCMRL#  135 dt 129.472000 rms  0.673  0.034% neg 0  invalid 762 tFOTS 0.0000 tGradient 2.3910 tsec 2.7200
#GCMRL#  136 dt 129.472000 rms  0.673  0.034% neg 0  invalid 762 tFOTS 0.0000 tGradient 2.3220 tsec 2.6500
#GCMRL#  137 dt 129.472000 rms  0.672  0.034% neg 0  invalid 762 tFOTS 0.0000 tGradient 2.4510 tsec 2.7780
#GCMRL#  138 dt 129.472000 rms  0.672  0.032% neg 0  invalid 762 tFOTS 0.0000 tGradient 2.3420 tsec 2.6690
#GCMRL#  139 dt 129.472000 rms  0.672  0.032% neg 0  invalid 762 tFOTS 0.0000 tGradient 2.3880 tsec 2.7190
#GCMRL#  140 dt 129.472000 rms  0.672  0.040% neg 0  invalid 762 tFOTS 0.0000 tGradient 2.3610 tsec 2.6920
#GCMRL#  141 dt 129.472000 rms  0.671  0.042% neg 0  invalid 762 tFOTS 0.0000 tGradient 2.4000 tsec 2.7310
#GCMRL#  142 dt 129.472000 rms  0.671  0.038% neg 0  invalid 762 tFOTS 0.0000 tGradient 2.4430 tsec 2.7740
#GCMRL#  143 dt 129.472000 rms  0.671  0.031% neg 0  invalid 762 tFOTS 0.0000 tGradient 2.3390 tsec 2.6630
#GCMRL#  144 dt 129.472000 rms  0.671  0.022% neg 0  invalid 762 tFOTS 0.0000 tGradient 2.2790 tsec 2.6060
#GCMRL#  145 dt 129.472000 rms  0.671  0.024% neg 0  invalid 762 tFOTS 0.0000 tGradient 2.3210 tsec 2.6520
#GCMRL#  146 dt 129.472000 rms  0.670  0.028% neg 0  invalid 762 tFOTS 0.0000 tGradient 2.3260 tsec 2.6530
#GCMRL#  147 dt 129.472000 rms  0.670  0.034% neg 0  invalid 762 tFOTS 0.0000 tGradient 2.3280 tsec 2.6570
#GCMRL#  148 dt 129.472000 rms  0.670  0.036% neg 0  invalid 762 tFOTS 0.0000 tGradient 2.3130 tsec 2.6420
#GCMRL#  149 dt 129.472000 rms  0.670  0.032% neg 0  invalid 762 tFOTS 0.0000 tGradient 2.3010 tsec 2.6300
#GCMRL#  150 dt 129.472000 rms  0.670  0.029% neg 0  invalid 762 tFOTS 0.0000 tGradient 2.2890 tsec 2.6190
#GCMRL#  151 dt 129.472000 rms  0.669  0.025% neg 0  invalid 762 tFOTS 0.0000 tGradient 2.3560 tsec 2.6870
#GCMRL#  152 dt 129.472000 rms  0.669  0.028% neg 0  invalid 762 tFOTS 0.0000 tGradient 2.2590 tsec 2.5900
#GCMRL#  153 dt 129.472000 rms  0.669  0.026% neg 0  invalid 762 tFOTS 0.0000 tGradient 2.3500 tsec 2.6790
#GCMRL#  154 dt 129.472000 rms  0.669  0.024% neg 0  invalid 762 tFOTS 0.0000 tGradient 2.2950 tsec 2.6180
#GCMRL#  155 dt 129.472000 rms  0.669  0.021% neg 0  invalid 762 tFOTS 0.0000 tGradient 2.2940 tsec 2.6490
#FOTS# QuadFit found better minimum quadopt=(dt=1183.74,rms=0.668627) vs oldopt=(dt=1479.68,rms=0.668631)
#GCMRL#  156 dt 1183.744000 rms  0.669  0.000% neg 0  invalid 762 tFOTS 5.1580 tGradient 2.3290 tsec 7.8650

#GCAMreg# pass 0 level1 5 level2 1 tsec 325.27 sigma 0.5
l_jacobian=1.00 l_label=1.00 l_log_likelihood=0.20 l_smoothness=0.01 
tol=5.00e-02, dt=5.00e-02, exp_k=20.0, momentum=0.90, levels=6, niter=500, lbl_dist=10.00, avgs=256, sigma=0.5,type=2, relabel=0, neg=no

blurring input image with Gaussian with sigma=0.500...
GCAMRegisterLevel(): init RMS 0.668918
#GCMRL#  158 dt 369.920000 rms  0.667  0.266% neg 0  invalid 762 tFOTS 4.8580 tGradient 2.3500 tsec 7.5560
#FOTS# QuadFit found better minimum quadopt=(dt=129.472,rms=0.666834) vs oldopt=(dt=92.48,rms=0.666892)
#GCMRL#  159 dt 129.472000 rms  0.667  0.000% neg 0  invalid 762 tFOTS 5.1730 tGradient 2.3340 tsec 7.8800
#GCMRL#  160 dt 129.472000 rms  0.667  0.021% neg 0  invalid 762 tFOTS 0.0000 tGradient 2.3970 tsec 2.7220
#GCMRL#  161 dt 129.472000 rms  0.666  0.036% neg 0  invalid 762 tFOTS 0.0000 tGradient 2.2640 tsec 2.5910
#GCMRL#  162 dt 129.472000 rms  0.666  0.051% neg 0  invalid 762 tFOTS 0.0000 tGradient 2.3210 tsec 2.6480
#GCMRL#  163 dt 129.472000 rms  0.666  0.058% neg 0  invalid 762 tFOTS 0.0000 tGradient 2.3180 tsec 2.6440
#GCMRL#  164 dt 129.472000 rms  0.665  0.059% neg 0  invalid 762 tFOTS 0.0000 tGradient 2.2910 tsec 2.6230
#GCMRL#  165 dt 129.472000 rms  0.665  0.051% neg 0  invalid 762 tFOTS 0.0000 tGradient 2.3260 tsec 2.6560
#GCMRL#  166 dt 129.472000 rms  0.665  0.046% neg 0  invalid 762 tFOTS 0.0000 tGradient 2.3160 tsec 2.6400
#GCMRL#  167 dt 129.472000 rms  0.664  0.037% neg 0  invalid 762 tFOTS 0.0000 tGradient 2.3230 tsec 2.6530
#GCMRL#  168 dt 129.472000 rms  0.664  0.035% neg 0  invalid 762 tFOTS 0.0000 tGradient 2.3910 tsec 2.7180
#GCMRL#  169 dt 129.472000 rms  0.664  0.027% neg 0  invalid 762 tFOTS 0.0000 tGradient 2.4030 tsec 2.7650
#GCMRL#  170 dt 129.472000 rms  0.664  0.035% neg 0  invalid 762 tFOTS 0.0000 tGradient 2.3840 tsec 2.7140
#GCMRL#  171 dt 129.472000 rms  0.664  0.040% neg 0  invalid 762 tFOTS 0.0000 tGradient 2.3900 tsec 2.7140
#GCMRL#  172 dt 129.472000 rms  0.663  0.041% neg 0  invalid 762 tFOTS 0.0000 tGradient 2.3240 tsec 2.6500
#GCMRL#  173 dt 129.472000 rms  0.663  0.039% neg 0  invalid 762 tFOTS 0.0000 tGradient 2.3720 tsec 2.6990
#GCMRL#  174 dt 129.472000 rms  0.663  0.037% neg 0  invalid 762 tFOTS 0.0000 tGradient 2.2760 tsec 2.6030
#GCMRL#  175 dt 129.472000 rms  0.663  0.030% neg 0  invalid 762 tFOTS 0.0000 tGradient 2.3530 tsec 2.6780
#GCMRL#  176 dt 129.472000 rms  0.662  0.027% neg 0  invalid 762 tFOTS 0.0000 tGradient 2.2940 tsec 2.6220
#GCMRL#  177 dt 129.472000 rms  0.662  0.035% neg 0  invalid 762 tFOTS 0.0000 tGradient 2.2700 tsec 2.5980
#GCMRL#  178 dt 129.472000 rms  0.662  0.032% neg 0  invalid 762 tFOTS 0.0000 tGradient 2.2360 tsec 2.5610
#GCMRL#  179 dt 129.472000 rms  0.662  0.026% neg 0  invalid 762 tFOTS 0.0000 tGradient 2.3780 tsec 2.6970
#GCMRL#  180 dt 129.472000 rms  0.662  0.027% neg 0  invalid 762 tFOTS 0.0000 tGradient 2.3430 tsec 2.6640
#GCMRL#  181 dt 129.472000 rms  0.661  0.025% neg 0  invalid 762 tFOTS 0.0000 tGradient 2.3360 tsec 2.6600
#GCMRL#  182 dt 129.472000 rms  0.661  0.023% neg 0  invalid 762 tFOTS 0.0000 tGradient 2.3190 tsec 2.6660
#FOTS# QuadFit found better minimum quadopt=(dt=0.00338672,rms=0.661269) vs oldopt=(dt=0.00564453,rms=0.661269)
#GCMRL#  183 dt   0.003387 rms  0.661  0.000% neg 0  invalid 762 tFOTS 6.6970 tGradient 2.3840 tsec 9.4520
setting smoothness cost coefficient to 0.031

#GCAMreg# pass 0 level1 4 level2 0 tsec 0 sigma 2
l_jacobian=1.00 l_label=1.00 l_log_likelihood=0.20 l_smoothness=0.03 
tol=5.00e-02, dt=5.00e-02, exp_k=20.0, momentum=0.90, levels=6, niter=500, lbl_dist=10.00, avgs=64, sigma=2.0,type=2, relabel=0, neg=no

blurring input image with Gaussian with sigma=2.000...
GCAMRegisterLevel(): init RMS 0.663764
#FOTS# QuadFit found better minimum quadopt=(dt=145.152,rms=0.659251) vs oldopt=(dt=103.68,rms=0.659608)
#GCMRL#  185 dt 145.152000 rms  0.659  0.680% neg 0  invalid 762 tFOTS 4.7240 tGradient 1.9760 tsec 7.0480
#FOTS# QuadFit found better minimum quadopt=(dt=209.013,rms=0.653023) vs oldopt=(dt=103.68,rms=0.654402)
#GCMRL#  186 dt 209.012658 rms  0.653  0.945% neg 0  invalid 762 tFOTS 5.2010 tGradient 2.2390 tsec 7.7780
#FOTS# QuadFit found better minimum quadopt=(dt=88.4211,rms=0.650081) vs oldopt=(dt=25.92,rms=0.650705)
#GCMRL#  187 dt  88.421053 rms  0.650  0.451% neg 0  invalid 762 tFOTS 4.7630 tGradient 1.9580 tsec 7.0620
#FOTS# QuadFit found better minimum quadopt=(dt=99.6964,rms=0.646995) vs oldopt=(dt=103.68,rms=0.647002)
#GCMRL#  188 dt  99.696370 rms  0.647  0.475% neg 0  invalid 762 tFOTS 4.7430 tGradient 2.0190 tsec 7.1070
#FOTS# QuadFit found better minimum quadopt=(dt=84.8372,rms=0.644998) vs oldopt=(dt=103.68,rms=0.645079)
#GCMRL#  189 dt  84.837209 rms  0.645  0.309% neg 0  invalid 762 tFOTS 4.7880 tGradient 2.0280 tsec 7.1590
#FOTS# QuadFit found better minimum quadopt=(dt=145.152,rms=0.642579) vs oldopt=(dt=103.68,rms=0.642774)
#GCMRL#  190 dt 145.152000 rms  0.643  0.375% neg 0  invalid 762 tFOTS 4.4460 tGradient 1.9670 tsec 6.8290
#FOTS# QuadFit found better minimum quadopt=(dt=71.031,rms=0.640711) vs oldopt=(dt=103.68,rms=0.641076)
#GCMRL#  191 dt  71.030986 rms  0.641  0.291% neg 0  invalid 762 tFOTS 4.7320 tGradient 1.9460 tsec 7.0200
#FOTS# QuadFit found better minimum quadopt=(dt=145.152,rms=0.638518) vs oldopt=(dt=103.68,rms=0.638887)
#GCMRL#  192 dt 145.152000 rms  0.639  0.342% neg 0  invalid 762 tFOTS 4.4020 tGradient 1.9530 tsec 6.6930
#FOTS# QuadFit found better minimum quadopt=(dt=82.944,rms=0.637267) vs oldopt=(dt=103.68,rms=0.637352)
#GCMRL#  193 dt  82.944000 rms  0.637  0.196% neg 0  invalid 762 tFOTS 4.7130 tGradient 2.0190 tsec 7.0710
#FOTS# QuadFit found better minimum quadopt=(dt=124.416,rms=0.635644) vs oldopt=(dt=103.68,rms=0.635713)
#GCMRL#  194 dt 124.416000 rms  0.636  0.255% neg 0  invalid 762 tFOTS 4.4250 tGradient 1.9320 tsec 6.7000
#FOTS# QuadFit found better minimum quadopt=(dt=73.2444,rms=0.634661) vs oldopt=(dt=103.68,rms=0.634818)
#GCMRL#  195 dt  73.244444 rms  0.635  0.155% neg 0  invalid 762 tFOTS 4.7190 tGradient 2.0590 tsec 7.1210
#FOTS# QuadFit found better minimum quadopt=(dt=145.152,rms=0.632998) vs oldopt=(dt=103.68,rms=0.633257)
#GCMRL#  196 dt 145.152000 rms  0.633  0.262% neg 0  invalid 762 tFOTS 4.6950 tGradient 1.9930 tsec 7.0270
#FOTS# QuadFit found better minimum quadopt=(dt=72.3478,rms=0.632143) vs oldopt=(dt=103.68,rms=0.632289)
#GCMRL#  197 dt  72.347826 rms  0.632  0.135% neg 0  invalid 762 tFOTS 4.6590 tGradient 2.0510 tsec 7.0440
#FOTS# QuadFit found better minimum quadopt=(dt=145.152,rms=0.63063) vs oldopt=(dt=103.68,rms=0.630883)
#GCMRL#  198 dt 145.152000 rms  0.631  0.239% neg 0  invalid 762 tFOTS 4.7160 tGradient 2.0300 tsec 7.0770
#FOTS# QuadFit found better minimum quadopt=(dt=66.6301,rms=0.629908) vs oldopt=(dt=103.68,rms=0.630084)
#GCMRL#  199 dt  66.630137 rms  0.630  0.114% neg 0  invalid 762 tFOTS 4.6520 tGradient 1.9340 tsec 6.9210
#FOTS# QuadFit found better minimum quadopt=(dt=248.832,rms=0.628178) vs oldopt=(dt=414.72,rms=0.628678)
#GCMRL#  200 dt 248.832000 rms  0.628  0.275% neg 0  invalid 762 tFOTS 4.8080 tGradient 1.9940 tsec 7.1340
#FOTS# QuadFit found better minimum quadopt=(dt=36.288,rms=0.627219) vs oldopt=(dt=25.92,rms=0.627407)
#GCMRL#  201 dt  36.288000 rms  0.627  0.153% neg 0  invalid 762 tFOTS 4.7160 tGradient 1.9040 tsec 6.9870
#FOTS# QuadFit found better minimum quadopt=(dt=145.152,rms=0.626367) vs oldopt=(dt=103.68,rms=0.626483)
#GCMRL#  202 dt 145.152000 rms  0.626  0.136% neg 0  invalid 762 tFOTS 4.5190 tGradient 2.2800 tsec 7.1420
#FOTS# QuadFit found better minimum quadopt=(dt=82.944,rms=0.625483) vs oldopt=(dt=103.68,rms=0.625515)
#GCMRL#  203 dt  82.944000 rms  0.625  0.141% neg 0  invalid 762 tFOTS 4.5460 tGradient 1.9490 tsec 6.8340
#FOTS# QuadFit found better minimum quadopt=(dt=82.944,rms=0.625015) vs oldopt=(dt=103.68,rms=0.625037)
#GCMRL#  204 dt  82.944000 rms  0.625  0.075% neg 0  invalid 762 tFOTS 4.5470 tGradient 1.9680 tsec 6.8460
#FOTS# QuadFit found better minimum quadopt=(dt=145.152,rms=0.624008) vs oldopt=(dt=103.68,rms=0.624129)
#GCMRL#  205 dt 145.152000 rms  0.624  0.161% neg 0  invalid 762 tFOTS 4.5800 tGradient 2.0580 tsec 6.9720
#FOTS# QuadFit found better minimum quadopt=(dt=36.288,rms=0.62359) vs oldopt=(dt=25.92,rms=0.623683)
#GCMRL#  206 dt  36.288000 rms  0.624  0.067% neg 0  invalid 762 tFOTS 4.8270 tGradient 1.9450 tsec 7.1060
#FOTS# QuadFit found better minimum quadopt=(dt=248.832,rms=0.622737) vs oldopt=(dt=414.72,rms=0.622889)
#GCMRL#  207 dt 248.832000 rms  0.623  0.137% neg 0  invalid 762 tFOTS 5.6650 tGradient 2.2430 tsec 8.2770
#FOTS# QuadFit found better minimum quadopt=(dt=82.944,rms=0.621451) vs oldopt=(dt=103.68,rms=0.621529)
#GCMRL#  208 dt  82.944000 rms  0.621  0.206% neg 0  invalid 762 tFOTS 5.9090 tGradient 2.4310 tsec 8.7020
#FOTS# QuadFit found better minimum quadopt=(dt=36.288,rms=0.621217) vs oldopt=(dt=25.92,rms=0.621272)
#GCMRL#  209 dt  36.288000 rms  0.621  0.000% neg 0  invalid 762 tFOTS 5.2340 tGradient 2.3120 tsec 7.9420
#GCMRL#  210 dt  36.288000 rms  0.621  0.036% neg 0  invalid 762 tFOTS 0.0000 tGradient 2.2040 tsec 2.5510
#GCMRL#  211 dt  36.288000 rms  0.621  0.058% neg 0  invalid 762 tFOTS 0.0000 tGradient 2.1690 tsec 2.5180
#GCMRL#  212 dt  36.288000 rms  0.620  0.090% neg 0  invalid 762 tFOTS 0.0000 tGradient 2.5710 tsec 2.8980
#GCMRL#  213 dt  36.288000 rms  0.619  0.113% neg 0  invalid 762 tFOTS 0.0000 tGradient 2.1490 tsec 2.4650
#GCMRL#  214 dt  36.288000 rms  0.619  0.125% neg 0  invalid 762 tFOTS 0.0000 tGradient 2.4830 tsec 2.8520
#GCMRL#  215 dt  36.288000 rms  0.618  0.138% neg 0  invalid 762 tFOTS 0.0000 tGradient 2.1800 tsec 2.5250
#GCMRL#  216 dt  36.288000 rms  0.617  0.150% neg 0  invalid 762 tFOTS 0.0000 tGradient 2.1580 tsec 2.5000
#GCMRL#  217 dt  36.288000 rms  0.616  0.147% neg 0  invalid 762 tFOTS 0.0000 tGradient 2.1210 tsec 2.4660
#GCMRL#  218 dt  36.288000 rms  0.615  0.150% neg 0  invalid 762 tFOTS 0.0000 tGradient 2.1040 tsec 2.4480
#GCMRL#  219 dt  36.288000 rms  0.614  0.159% neg 0  invalid 762 tFOTS 0.0000 tGradient 2.1210 tsec 2.4650
#GCMRL#  220 dt  36.288000 rms  0.613  0.165% neg 0  invalid 762 tFOTS 0.0000 tGradient 2.1630 tsec 2.5050
#GCMRL#  221 dt  36.288000 rms  0.612  0.162% neg 0  invalid 762 tFOTS 0.0000 tGradient 2.3230 tsec 2.6640
#GCMRL#  222 dt  36.288000 rms  0.611  0.161% neg 0  invalid 762 tFOTS 0.0000 tGradient 2.1170 tsec 2.4620
#GCMRL#  223 dt  36.288000 rms  0.610  0.159% neg 0  invalid 762 tFOTS 0.0000 tGradient 2.0760 tsec 2.4230
#GCMRL#  224 dt  36.288000 rms  0.609  0.158% neg 0  invalid 762 tFOTS 0.0000 tGradient 2.2320 tsec 2.5780
#GCMRL#  225 dt  36.288000 rms  0.608  0.142% neg 0  invalid 762 tFOTS 0.0000 tGradient 2.2150 tsec 2.5680
#GCMRL#  226 dt  36.288000 rms  0.607  0.121% neg 0  invalid 762 tFOTS 0.0000 tGradient 2.2510 tsec 2.5970
#GCMRL#  227 dt  36.288000 rms  0.607  0.101% neg 0  invalid 762 tFOTS 0.0000 tGradient 2.2290 tsec 2.5730
#GCMRL#  228 dt  36.288000 rms  0.606  0.104% neg 0  invalid 762 tFOTS 0.0000 tGradient 2.1990 tsec 2.5440
#GCMRL#  229 dt  36.288000 rms  0.606  0.106% neg 0  invalid 762 tFOTS 0.0000 tGradient 2.1420 tsec 2.4670
#GCMRL#  230 dt  36.288000 rms  0.605  0.124% neg 0  invalid 762 tFOTS 0.0000 tGradient 2.1990 tsec 2.5350
#GCMRL#  231 dt  36.288000 rms  0.604  0.127% neg 0  invalid 762 tFOTS 0.0000 tGradient 2.0890 tsec 2.4420
#GCMRL#  232 dt  36.288000 rms  0.603  0.128% neg 0  invalid 762 tFOTS 0.0000 tGradient 2.2680 tsec 2.6080
#GCMRL#  233 dt  36.288000 rms  0.603  0.114% neg 0  invalid 762 tFOTS 0.0000 tGradient 1.9420 tsec 2.3940
#GCMRL#  234 dt  36.288000 rms  0.602  0.097% neg 0  invalid 762 tFOTS 0.0000 tGradient 2.0100 tsec 2.3270
#GCMRL#  235 dt  36.288000 rms  0.601  0.092% neg 0  invalid 762 tFOTS 0.0000 tGradient 1.8950 tsec 2.2180
#GCMRL#  236 dt  36.288000 rms  0.601  0.080% neg 0  invalid 762 tFOTS 0.0000 tGradient 1.9680 tsec 2.2870
#GCMRL#  237 dt  36.288000 rms  0.601  0.078% neg 0  invalid 762 tFOTS 0.0000 tGradient 1.9170 tsec 2.2390
#GCMRL#  238 dt  36.288000 rms  0.600  0.081% neg 0  invalid 762 tFOTS 0.0000 tGradient 1.9380 tsec 2.2590
#GCMRL#  239 dt  36.288000 rms  0.600  0.073% neg 0  invalid 762 tFOTS 0.0000 tGradient 1.9440 tsec 2.2650
#GCMRL#  240 dt  36.288000 rms  0.599  0.071% neg 0  invalid 762 tFOTS 0.0000 tGradient 1.9730 tsec 2.2930
#GCMRL#  241 dt  36.288000 rms  0.599  0.066% neg 0  invalid 762 tFOTS 0.0000 tGradient 1.9760 tsec 2.2950
#GCMRL#  242 dt  36.288000 rms  0.598  0.058% neg 0  invalid 762 tFOTS 0.0000 tGradient 2.0600 tsec 2.4250
#GCMRL#  243 dt  36.288000 rms  0.598  0.047% neg 0  invalid 762 tFOTS 0.0000 tGradient 2.1170 tsec 2.4420
#GCMRL#  244 dt  36.288000 rms  0.598  0.050% neg 0  invalid 762 tFOTS 0.0000 tGradient 1.9730 tsec 2.2960
#GCMRL#  245 dt  36.288000 rms  0.598  0.057% neg 0  invalid 762 tFOTS 0.0000 tGradient 1.9070 tsec 2.2270
#GCMRL#  246 dt  36.288000 rms  0.597  0.055% neg 0  invalid 762 tFOTS 0.0000 tGradient 2.0060 tsec 2.3330
#GCMRL#  247 dt  36.288000 rms  0.597  0.050% neg 0  invalid 762 tFOTS 0.0000 tGradient 2.0260 tsec 2.3520
#GCMRL#  248 dt  36.288000 rms  0.597  0.045% neg 0  invalid 762 tFOTS 0.0000 tGradient 2.0460 tsec 2.3740
#GCMRL#  249 dt  36.288000 rms  0.596  0.046% neg 0  invalid 762 tFOTS 0.0000 tGradient 2.3480 tsec 2.7320
#GCMRL#  250 dt  36.288000 rms  0.596  0.054% neg 0  invalid 762 tFOTS 0.0000 tGradient 2.3650 tsec 2.7260
#GCMRL#  251 dt  36.288000 rms  0.596  0.045% neg 0  invalid 762 tFOTS 0.0000 tGradient 1.9460 tsec 2.2670
#GCMRL#  252 dt  36.288000 rms  0.595  0.049% neg 0  invalid 762 tFOTS 0.0000 tGradient 1.9010 tsec 2.2170
#GCMRL#  253 dt  36.288000 rms  0.595  0.048% neg 0  invalid 762 tFOTS 0.0000 tGradient 1.9080 tsec 2.2300
#GCMRL#  254 dt  36.288000 rms  0.595  0.052% neg 0  invalid 762 tFOTS 0.0000 tGradient 1.9270 tsec 2.2450
#GCMRL#  255 dt  36.288000 rms  0.595  0.048% neg 0  invalid 762 tFOTS 0.0000 tGradient 1.9400 tsec 2.2630
#GCMRL#  256 dt  36.288000 rms  0.594  0.042% neg 0  invalid 762 tFOTS 0.0000 tGradient 1.8860 tsec 2.2050
#GCMRL#  257 dt  36.288000 rms  0.594  0.041% neg 0  invalid 762 tFOTS 0.0000 tGradient 1.9060 tsec 2.2220
#GCMRL#  258 dt  36.288000 rms  0.594  0.037% neg 0  invalid 762 tFOTS 0.0000 tGradient 1.9550 tsec 2.2780
#GCMRL#  259 dt  36.288000 rms  0.594  0.040% neg 0  invalid 762 tFOTS 0.0000 tGradient 1.9220 tsec 2.2460
#GCMRL#  260 dt  36.288000 rms  0.593  0.033% neg 0  invalid 762 tFOTS 0.0000 tGradient 1.9220 tsec 2.2530
#GCMRL#  261 dt  36.288000 rms  0.593  0.044% neg 0  invalid 762 tFOTS 0.0000 tGradient 1.9060 tsec 2.2410
#GCMRL#  262 dt  36.288000 rms  0.593  0.039% neg 0  invalid 762 tFOTS 0.0000 tGradient 1.9850 tsec 2.3150
#GCMRL#  263 dt  36.288000 rms  0.593  0.036% neg 0  invalid 762 tFOTS 0.0000 tGradient 2.0010 tsec 2.3290
#GCMRL#  264 dt  36.288000 rms  0.592  0.040% neg 0  invalid 762 tFOTS 0.0000 tGradient 1.9260 tsec 2.3340
#GCMRL#  265 dt  36.288000 rms  0.592  0.041% neg 0  invalid 762 tFOTS 0.0000 tGradient 1.8860 tsec 2.2100
#GCMRL#  266 dt  36.288000 rms  0.592  0.036% neg 0  invalid 762 tFOTS 0.0000 tGradient 1.8820 tsec 2.2030
#GCMRL#  267 dt  36.288000 rms  0.592  0.042% neg 0  invalid 762 tFOTS 0.0000 tGradient 1.9340 tsec 2.2570
#GCMRL#  268 dt  36.288000 rms  0.592  0.036% neg 0  invalid 762 tFOTS 0.0000 tGradient 1.9080 tsec 2.2310
#GCMRL#  269 dt  36.288000 rms  0.591  0.033% neg 0  invalid 762 tFOTS 0.0000 tGradient 1.9210 tsec 2.2420
#GCMRL#  270 dt  36.288000 rms  0.591  0.039% neg 0  invalid 762 tFOTS 0.0000 tGradient 1.9530 tsec 2.2740
#GCMRL#  271 dt  36.288000 rms  0.591  0.044% neg 0  invalid 762 tFOTS 0.0000 tGradient 1.9950 tsec 2.3160
#GCMRL#  272 dt  36.288000 rms  0.591  0.039% neg 0  invalid 762 tFOTS 0.0000 tGradient 2.1460 tsec 2.4700
#GCMRL#  273 dt  36.288000 rms  0.590  0.035% neg 0  invalid 762 tFOTS 0.0000 tGradient 2.0450 tsec 2.3670
#GCMRL#  274 dt  36.288000 rms  0.590  0.035% neg 0  invalid 762 tFOTS 0.0000 tGradient 1.9790 tsec 2.3000
#GCMRL#  275 dt  36.288000 rms  0.590  0.039% neg 0  invalid 762 tFOTS 0.0000 tGradient 1.9150 tsec 2.2340
#GCMRL#  276 dt  36.288000 rms  0.590  0.040% neg 0  invalid 762 tFOTS 0.0000 tGradient 1.9760 tsec 2.2990
#GCMRL#  277 dt  36.288000 rms  0.590  0.035% neg 0  invalid 762 tFOTS 0.0000 tGradient 2.0310 tsec 2.3520
#GCMRL#  278 dt  36.288000 rms  0.589  0.032% neg 0  invalid 762 tFOTS 0.0000 tGradient 2.1200 tsec 2.4430
#GCMRL#  279 dt  36.288000 rms  0.589  0.023% neg 0  invalid 762 tFOTS 0.0000 tGradient 1.9310 tsec 2.2540
#GCMRL#  280 dt  36.288000 rms  0.589  0.027% neg 0  invalid 762 tFOTS 0.0000 tGradient 1.9620 tsec 2.2850
#GCMRL#  281 dt  36.288000 rms  0.589  0.028% neg 0  invalid 762 tFOTS 0.0000 tGradient 2.1360 tsec 2.4580
#GCMRL#  282 dt  36.288000 rms  0.589  0.030% neg 0  invalid 762 tFOTS 0.0000 tGradient 1.9790 tsec 2.3010
#GCMRL#  283 dt  36.288000 rms  0.589  0.028% neg 0  invalid 762 tFOTS 0.0000 tGradient 2.0090 tsec 2.3310
#GCMRL#  284 dt  36.288000 rms  0.588  0.031% neg 0  invalid 762 tFOTS 0.0000 tGradient 2.0080 tsec 2.3290
#GCMRL#  285 dt  36.288000 rms  0.588  0.027% neg 0  invalid 762 tFOTS 0.0000 tGradient 2.0800 tsec 2.3990
#GCMRL#  286 dt  36.288000 rms  0.588  0.024% neg 0  invalid 762 tFOTS 0.0000 tGradient 1.9980 tsec 2.3200
#GCMRL#  287 dt  36.288000 rms  0.588  0.027% neg 0  invalid 762 tFOTS 0.0000 tGradient 2.0280 tsec 2.3510
#GCMRL#  288 dt  36.288000 rms  0.588  0.019% neg 0  invalid 762 tFOTS 0.0000 tGradient 1.9910 tsec 2.3140
#GCMRL#  289 dt  36.288000 rms  0.588  0.026% neg 0  invalid 762 tFOTS 0.0000 tGradient 2.2960 tsec 2.6550
#GCMRL#  290 dt  36.288000 rms  0.588  0.026% neg 0  invalid 762 tFOTS 0.0000 tGradient 2.4060 tsec 2.7550
#GCMRL#  291 dt  36.288000 rms  0.587  0.030% neg 0  invalid 762 tFOTS 0.0000 tGradient 2.3600 tsec 2.7260
#GCMRL#  292 dt  36.288000 rms  0.587  0.034% neg 0  invalid 762 tFOTS 0.0000 tGradient 2.3850 tsec 2.7530
#GCMRL#  293 dt  36.288000 rms  0.587  0.025% neg 0  invalid 762 tFOTS 0.0000 tGradient 2.3830 tsec 2.7190
#GCMRL#  294 dt  36.288000 rms  0.587  0.035% neg 0  invalid 762 tFOTS 0.0000 tGradient 2.3260 tsec 2.6630
#GCMRL#  295 dt  36.288000 rms  0.587  0.025% neg 0  invalid 762 tFOTS 0.0000 tGradient 2.4090 tsec 2.8190
#GCMRL#  296 dt  36.288000 rms  0.587  0.024% neg 0  invalid 762 tFOTS 0.0000 tGradient 2.5140 tsec 2.9160
#GCMRL#  297 dt  36.288000 rms  0.586  0.020% neg 0  invalid 762 tFOTS 0.0000 tGradient 2.1480 tsec 2.4930
#FOTS# QuadFit found better minimum quadopt=(dt=82.944,rms=0.58636) vs oldopt=(dt=103.68,rms=0.586362)
#GCMRL#  298 dt  82.944000 rms  0.586  0.000% neg 0  invalid 762 tFOTS 4.5960 tGradient 1.9440 tsec 6.9230
#GCMRL#  299 dt  82.944000 rms  0.586  0.008% neg 0  invalid 762 tFOTS 0.0000 tGradient 1.9270 tsec 2.2540
#GCMRL#  300 dt  82.944000 rms  0.586  0.005% neg 0  invalid 762 tFOTS 0.0000 tGradient 1.9540 tsec 2.2720
#GCMRL#  301 dt  82.944000 rms  0.586  0.012% neg 0  invalid 762 tFOTS 0.0000 tGradient 1.9270 tsec 2.2520
#GCMRL#  302 dt  82.944000 rms  0.586  0.020% neg 0  invalid 762 tFOTS 0.0000 tGradient 1.9690 tsec 2.2920

#GCAMreg# pass 0 level1 4 level2 1 tsec 420.252 sigma 0.5
l_jacobian=1.00 l_label=1.00 l_log_likelihood=0.20 l_smoothness=0.03 
tol=5.00e-02, dt=5.00e-02, exp_k=20.0, momentum=0.90, levels=6, niter=500, lbl_dist=10.00, avgs=64, sigma=0.5,type=2, relabel=0, neg=no

blurring input image with Gaussian with sigma=0.500...
GCAMRegisterLevel(): init RMS 0.586524
#FOTS# QuadFit found better minimum quadopt=(dt=124.416,rms=0.583835) vs oldopt=(dt=103.68,rms=0.583888)
#GCMRL#  304 dt 124.416000 rms  0.584  0.458% neg 0  invalid 762 tFOTS 4.8490 tGradient 1.9230 tsec 7.1230
#FOTS# QuadFit found better minimum quadopt=(dt=36.288,rms=0.583233) vs oldopt=(dt=25.92,rms=0.583327)
#GCMRL#  305 dt  36.288000 rms  0.583  0.103% neg 0  invalid 762 tFOTS 4.7620 tGradient 1.9620 tsec 7.0660
#FOTS# QuadFit found better minimum quadopt=(dt=248.832,rms=0.582062) vs oldopt=(dt=414.72,rms=0.582352)
#GCMRL#  306 dt 248.832000 rms  0.582  0.201% neg 0  invalid 762 tFOTS 4.9710 tGradient 1.9710 tsec 7.2890
#FOTS# QuadFit found better minimum quadopt=(dt=62.208,rms=0.581546) vs oldopt=(dt=103.68,rms=0.581724)
#GCMRL#  307 dt  62.208000 rms  0.582  0.089% neg 0  invalid 762 tFOTS 4.7570 tGradient 1.9610 tsec 7.0580
#FOTS# QuadFit found better minimum quadopt=(dt=145.152,rms=0.581178) vs oldopt=(dt=103.68,rms=0.581216)
#GCMRL#  308 dt 145.152000 rms  0.581  0.063% neg 0  invalid 762 tFOTS 4.8230 tGradient 1.9430 tsec 7.1070
#FOTS# QuadFit found better minimum quadopt=(dt=36.288,rms=0.580942) vs oldopt=(dt=25.92,rms=0.580986)
#GCMRL#  309 dt  36.288000 rms  0.581  0.000% neg 0  invalid 762 tFOTS 5.0100 tGradient 1.9440 tsec 7.3160
#GCMRL#  310 dt  36.288000 rms  0.581  0.017% neg 0  invalid 762 tFOTS 0.0000 tGradient 1.9280 tsec 2.2520
#GCMRL#  311 dt  36.288000 rms  0.581  0.029% neg 0  invalid 762 tFOTS 0.0000 tGradient 1.9730 tsec 2.2910
#GCMRL#  312 dt  36.288000 rms  0.580  0.034% neg 0  invalid 762 tFOTS 0.0000 tGradient 2.0190 tsec 2.3390
#GCMRL#  313 dt  36.288000 rms  0.580  0.047% neg 0  invalid 762 tFOTS 0.0000 tGradient 1.9600 tsec 2.2800
#GCMRL#  314 dt  36.288000 rms  0.580  0.052% neg 0  invalid 762 tFOTS 0.0000 tGradient 1.9460 tsec 2.2620
#GCMRL#  315 dt  36.288000 rms  0.580  0.051% neg 0  invalid 762 tFOTS 0.0000 tGradient 1.9810 tsec 2.2960
#GCMRL#  316 dt  36.288000 rms  0.579  0.057% neg 0  invalid 762 tFOTS 0.0000 tGradient 1.9610 tsec 2.2790
#GCMRL#  317 dt  36.288000 rms  0.579  0.052% neg 0  invalid 762 tFOTS 0.0000 tGradient 2.0640 tsec 2.3770
#GCMRL#  318 dt  36.288000 rms  0.579  0.053% neg 0  invalid 762 tFOTS 0.0000 tGradient 1.9430 tsec 2.2620
#GCMRL#  319 dt  36.288000 rms  0.578  0.056% neg 0  invalid 762 tFOTS 0.0000 tGradient 2.0250 tsec 2.3420
#GCMRL#  320 dt  36.288000 rms  0.578  0.054% neg 0  invalid 762 tFOTS 0.0000 tGradient 1.9910 tsec 2.3100
#GCMRL#  321 dt  36.288000 rms  0.578  0.047% neg 0  invalid 762 tFOTS 0.0000 tGradient 2.0140 tsec 2.3260
#GCMRL#  322 dt  36.288000 rms  0.577  0.047% neg 0  invalid 762 tFOTS 0.0000 tGradient 2.0320 tsec 2.3400
#GCMRL#  323 dt  36.288000 rms  0.577  0.046% neg 0  invalid 762 tFOTS 0.0000 tGradient 1.9090 tsec 2.2280
#GCMRL#  324 dt  36.288000 rms  0.577  0.046% neg 0  invalid 762 tFOTS 0.0000 tGradient 1.9620 tsec 2.2770
#GCMRL#  325 dt  36.288000 rms  0.577  0.048% neg 0  invalid 762 tFOTS 0.0000 tGradient 2.0210 tsec 2.3350
#GCMRL#  326 dt  36.288000 rms  0.576  0.042% neg 0  invalid 762 tFOTS 0.0000 tGradient 1.9580 tsec 2.2770
#GCMRL#  327 dt  36.288000 rms  0.576  0.052% neg 0  invalid 762 tFOTS 0.0000 tGradient 1.9680 tsec 2.2770
#GCMRL#  328 dt  36.288000 rms  0.576  0.047% neg 0  invalid 762 tFOTS 0.0000 tGradient 2.0020 tsec 2.3190
#GCMRL#  329 dt  36.288000 rms  0.576  0.057% neg 0  invalid 762 tFOTS 0.0000 tGradient 2.0300 tsec 2.3440
#GCMRL#  330 dt  36.288000 rms  0.575  0.048% neg 0  invalid 762 tFOTS 0.0000 tGradient 1.9510 tsec 2.2670
#GCMRL#  331 dt  36.288000 rms  0.575  0.047% neg 0  invalid 762 tFOTS 0.0000 tGradient 2.2030 tsec 2.5150
#GCMRL#  332 dt  36.288000 rms  0.575  0.039% neg 0  invalid 762 tFOTS 0.0000 tGradient 2.0190 tsec 2.3240
#GCMRL#  333 dt  36.288000 rms  0.575  0.031% neg 0  invalid 762 tFOTS 0.0000 tGradient 1.9540 tsec 2.2670
#GCMRL#  334 dt  36.288000 rms  0.574  0.040% neg 0  invalid 762 tFOTS 0.0000 tGradient 1.9920 tsec 2.3110
#GCMRL#  335 dt  36.288000 rms  0.574  0.036% neg 0  invalid 762 tFOTS 0.0000 tGradient 2.1270 tsec 2.4690
#GCMRL#  336 dt  36.288000 rms  0.574  0.038% neg 0  invalid 762 tFOTS 0.0000 tGradient 2.4950 tsec 2.8240
#GCMRL#  337 dt  36.288000 rms  0.574  0.033% neg 0  invalid 762 tFOTS 0.0000 tGradient 2.1770 tsec 2.4930
#GCMRL#  338 dt  36.288000 rms  0.574  0.028% neg 0  invalid 762 tFOTS 0.0000 tGradient 2.1490 tsec 2.4620
#GCMRL#  339 dt  36.288000 rms  0.573  0.027% neg 0  invalid 762 tFOTS 0.0000 tGradient 2.0980 tsec 2.4140
#GCMRL#  340 dt  36.288000 rms  0.573  0.025% neg 0  invalid 762 tFOTS 0.0000 tGradient 2.0590 tsec 2.3730
#GCMRL#  341 dt  36.288000 rms  0.573  0.028% neg 0  invalid 762 tFOTS 0.0000 tGradient 2.0950 tsec 2.4070
#GCMRL#  342 dt  36.288000 rms  0.573  0.032% neg 0  invalid 762 tFOTS 0.0000 tGradient 2.0820 tsec 2.3960
#GCMRL#  343 dt  36.288000 rms  0.573  0.029% neg 0  invalid 762 tFOTS 0.0000 tGradient 2.1090 tsec 2.4130
#GCMRL#  344 dt  36.288000 rms  0.573  0.028% neg 0  invalid 762 tFOTS 0.0000 tGradient 2.0010 tsec 2.3170
#GCMRL#  345 dt  36.288000 rms  0.573  0.021% neg 0  invalid 762 tFOTS 0.0000 tGradient 1.9500 tsec 2.2690
#GCMRL#  346 dt  36.288000 rms  0.572  0.027% neg 0  invalid 762 tFOTS 0.0000 tGradient 1.9940 tsec 2.3090
#GCMRL#  347 dt  36.288000 rms  0.572  0.028% neg 0  invalid 762 tFOTS 0.0000 tGradient 2.1340 tsec 2.4430
#GCMRL#  348 dt  36.288000 rms  0.572  0.022% neg 0  invalid 762 tFOTS 0.0000 tGradient 1.9490 tsec 2.2670
#GCMRL#  349 dt  36.288000 rms  0.572  0.027% neg 0  invalid 762 tFOTS 0.0000 tGradient 1.9610 tsec 2.2710
#GCMRL#  350 dt  36.288000 rms  0.572  0.032% neg 0  invalid 762 tFOTS 0.0000 tGradient 2.0010 tsec 2.3170
#GCMRL#  351 dt  36.288000 rms  0.572  0.026% neg 0  invalid 762 tFOTS 0.0000 tGradient 2.0150 tsec 2.3270
#GCMRL#  352 dt  36.288000 rms  0.571  0.026% neg 0  invalid 762 tFOTS 0.0000 tGradient 2.0570 tsec 2.3690
#GCMRL#  353 dt  36.288000 rms  0.571  0.020% neg 0  invalid 762 tFOTS 0.0000 tGradient 2.0240 tsec 2.3480
#GCMRL#  354 dt  36.288000 rms  0.571  0.028% neg 0  invalid 762 tFOTS 0.0000 tGradient 2.1210 tsec 2.4410
#GCMRL#  355 dt  36.288000 rms  0.571  0.021% neg 0  invalid 762 tFOTS 0.0000 tGradient 2.0710 tsec 2.3850
#GCMRL#  356 dt  36.288000 rms  0.571  0.020% neg 0  invalid 762 tFOTS 0.0000 tGradient 2.1440 tsec 2.4780
#FOTS# QuadFit found better minimum quadopt=(dt=36.288,rms=0.5709) vs oldopt=(dt=25.92,rms=0.5709)
#GCMRL#  357 dt  36.288000 rms  0.571  0.000% neg 0  invalid 762 tFOTS 5.0120 tGradient 2.1900 tsec 7.5720
#GCMRL#  358 dt  36.288000 rms  0.571  0.003% neg 0  invalid 762 tFOTS 0.0000 tGradient 2.2360 tsec 2.5590
#GCMRL#  359 dt  36.288000 rms  0.571  0.005% neg 0  invalid 762 tFOTS 0.0000 tGradient 2.1300 tsec 2.4470
#GCMRL#  360 dt  36.288000 rms  0.571  0.003% neg 0  invalid 762 tFOTS 0.0000 tGradient 2.0600 tsec 2.3700
setting smoothness cost coefficient to 0.118

#GCAMreg# pass 0 level1 3 level2 0 tsec 0 sigma 2
l_jacobian=1.00 l_label=1.00 l_log_likelihood=0.20 l_smoothness=0.12 
tol=5.00e-02, dt=5.00e-02, exp_k=20.0, momentum=0.90, levels=6, niter=500, lbl_dist=10.00, avgs=16, sigma=2.0,type=2, relabel=0, neg=no

blurring input image with Gaussian with sigma=2.000...
GCAMRegisterLevel(): init RMS 0.586245
#FOTS# QuadFit found better minimum quadopt=(dt=25.6,rms=0.584082) vs oldopt=(dt=32,rms=0.584148)
#GCMRL#  362 dt  25.600000 rms  0.584  0.369% neg 0  invalid 762 tFOTS 4.9010 tGradient 1.9620 tsec 7.2280
#FOTS# QuadFit found better minimum quadopt=(dt=91.5692,rms=0.581078) vs oldopt=(dt=32,rms=0.581891)
#GCMRL#  363 dt  91.569231 rms  0.581  0.514% neg 0  invalid 762 tFOTS 4.7530 tGradient 1.9440 tsec 7.0490
#GCMRL#  364 dt  32.000000 rms  0.579  0.368% neg 0  invalid 762 tFOTS 4.7030 tGradient 1.9860 tsec 7.0310
#FOTS# QuadFit found better minimum quadopt=(dt=38.4,rms=0.57599) vs oldopt=(dt=32,rms=0.576042)
#GCMRL#  365 dt  38.400000 rms  0.576  0.510% neg 0  invalid 762 tFOTS 4.7300 tGradient 1.8240 tsec 6.9000
#FOTS# QuadFit found better minimum quadopt=(dt=11.2,rms=0.574845) vs oldopt=(dt=8,rms=0.575035)
#GCMRL#  366 dt  11.200000 rms  0.575  0.199% neg 0  invalid 762 tFOTS 4.7160 tGradient 1.7740 tsec 6.8290
#FOTS# QuadFit found better minimum quadopt=(dt=84.066,rms=0.573) vs oldopt=(dt=128,rms=0.573357)
#GCMRL#  367 dt  84.066007 rms  0.573  0.321% neg 0  invalid 762 tFOTS 4.7810 tGradient 1.8350 tsec 6.9490
#FOTS# QuadFit found better minimum quadopt=(dt=24.0762,rms=0.570224) vs oldopt=(dt=32,rms=0.570516)
#GCMRL#  368 dt  24.076190 rms  0.570  0.484% neg 0  invalid 762 tFOTS 4.6700 tGradient 1.7930 tsec 6.8610
#FOTS# QuadFit found better minimum quadopt=(dt=11.2,rms=0.569733) vs oldopt=(dt=8,rms=0.569822)
#GCMRL#  369 dt  11.200000 rms  0.570  0.086% neg 0  invalid 762 tFOTS 5.2840 tGradient 2.0360 tsec 7.6610
#FOTS# QuadFit found better minimum quadopt=(dt=179.2,rms=0.566178) vs oldopt=(dt=128,rms=0.566677)
#GCMRL#  370 dt 179.200000 rms  0.566  0.624% neg 0  invalid 762 tFOTS 4.5760 tGradient 1.7410 tsec 6.6650
#FOTS# QuadFit found better minimum quadopt=(dt=26.6047,rms=0.564063) vs oldopt=(dt=8,rms=0.564573)
#GCMRL#  371 dt  26.604651 rms  0.564  0.374% neg 0  invalid 762 tFOTS 4.6680 tGradient 1.6490 tsec 6.6940
#FOTS# QuadFit found better minimum quadopt=(dt=11.2,rms=0.563235) vs oldopt=(dt=8,rms=0.563343)
#GCMRL#  372 dt  11.200000 rms  0.563  0.147% neg 0  invalid 762 tFOTS 4.7340 tGradient 1.7100 tsec 6.7940
#FOTS# QuadFit found better minimum quadopt=(dt=44.8,rms=0.562594) vs oldopt=(dt=32,rms=0.562691)
#GCMRL#  373 dt  44.800000 rms  0.563  0.114% neg 0  invalid 762 tFOTS 4.5090 tGradient 1.7310 tsec 6.5890
#GCMRL#  374 dt  32.000000 rms  0.562  0.146% neg 0  invalid 762 tFOTS 4.9600 tGradient 1.7060 tsec 7.0410
#FOTS# QuadFit found better minimum quadopt=(dt=11.2,rms=0.561442) vs oldopt=(dt=8,rms=0.561506)
#GCMRL#  375 dt  11.200000 rms  0.561  0.059% neg 0  invalid 762 tFOTS 4.7790 tGradient 1.6870 tsec 6.8110
#GCMRL#  376 dt 128.000000 rms  0.560  0.197% neg 0  invalid 762 tFOTS 4.5520 tGradient 1.7010 tsec 6.5970
#FOTS# QuadFit found better minimum quadopt=(dt=22.8428,rms=0.558928) vs oldopt=(dt=32,rms=0.559197)
#GCMRL#  377 dt  22.842767 rms  0.559  0.252% neg 0  invalid 762 tFOTS 5.1540 tGradient 1.8890 tsec 7.3900
#FOTS# QuadFit found better minimum quadopt=(dt=11.2,rms=0.558746) vs oldopt=(dt=8,rms=0.55878)
#GCMRL#  378 dt  11.200000 rms  0.559  0.000% neg 0  invalid 762 tFOTS 4.8920 tGradient 1.7770 tsec 7.0470
#GCMRL#  379 dt  11.200000 rms  0.559  0.025% neg 0  invalid 762 tFOTS 0.0000 tGradient 1.6810 tsec 2.0070
#GCMRL#  380 dt  11.200000 rms  0.558  0.045% neg 0  invalid 762 tFOTS 0.0000 tGradient 1.6830 tsec 2.0040
#GCMRL#  381 dt  11.200000 rms  0.558  0.070% neg 0  invalid 762 tFOTS 0.0000 tGradient 1.7350 tsec 2.0650
#GCMRL#  382 dt  11.200000 rms  0.557  0.090% neg 0  invalid 762 tFOTS 0.0000 tGradient 1.7090 tsec 2.0400
#GCMRL#  383 dt  11.200000 rms  0.557  0.109% neg 0  invalid 762 tFOTS 0.0000 tGradient 1.6590 tsec 1.9910
#GCMRL#  384 dt  11.200000 rms  0.556  0.118% neg 0  invalid 762 tFOTS 0.0000 tGradient 1.6960 tsec 2.0430
#GCMRL#  385 dt  11.200000 rms  0.555  0.133% neg 0  invalid 762 tFOTS 0.0000 tGradient 1.7410 tsec 2.0760
#GCMRL#  386 dt  11.200000 rms  0.555  0.136% neg 0  invalid 762 tFOTS 0.0000 tGradient 1.7440 tsec 2.0760
#GCMRL#  387 dt  11.200000 rms  0.554  0.128% neg 0  invalid 762 tFOTS 0.0000 tGradient 1.7470 tsec 2.0780
#GCMRL#  388 dt  11.200000 rms  0.553  0.130% neg 0  invalid 762 tFOTS 0.0000 tGradient 1.7480 tsec 2.0780
#GCMRL#  389 dt  11.200000 rms  0.553  0.139% neg 0  invalid 762 tFOTS 0.0000 tGradient 1.6890 tsec 2.0150
#GCMRL#  390 dt  11.200000 rms  0.552  0.136% neg 0  invalid 762 tFOTS 0.0000 tGradient 1.7030 tsec 2.0280
#GCMRL#  391 dt  11.200000 rms  0.551  0.132% neg 0  invalid 762 tFOTS 0.0000 tGradient 1.6910 tsec 2.0180
#GCMRL#  392 dt  11.200000 rms  0.550  0.123% neg 0  invalid 762 tFOTS 0.0000 tGradient 1.6950 tsec 2.0270
#GCMRL#  393 dt  11.200000 rms  0.550  0.116% neg 0  invalid 762 tFOTS 0.0000 tGradient 1.6980 tsec 2.0290
#GCMRL#  394 dt  11.200000 rms  0.549  0.105% neg 0  invalid 762 tFOTS 0.0000 tGradient 1.6890 tsec 2.0140
#GCMRL#  395 dt  11.200000 rms  0.549  0.100% neg 0  invalid 762 tFOTS 0.0000 tGradient 1.6190 tsec 1.9500
#GCMRL#  396 dt  11.200000 rms  0.548  0.102% neg 0  invalid 762 tFOTS 0.0000 tGradient 1.6520 tsec 1.9780
#GCMRL#  397 dt  11.200000 rms  0.547  0.105% neg 0  invalid 762 tFOTS 0.0000 tGradient 1.6260 tsec 1.9580
#GCMRL#  398 dt  11.200000 rms  0.547  0.105% neg 0  invalid 762 tFOTS 0.0000 tGradient 1.6290 tsec 1.9560
#GCMRL#  399 dt  11.200000 rms  0.546  0.093% neg 0  invalid 762 tFOTS 0.0000 tGradient 1.6280 tsec 1.9550
#GCMRL#  400 dt  11.200000 rms  0.546  0.080% neg 0  invalid 762 tFOTS 0.0000 tGradient 1.6490 tsec 1.9820
#GCMRL#  401 dt  11.200000 rms  0.546  0.068% neg 0  invalid 762 tFOTS 0.0000 tGradient 1.6480 tsec 1.9780
#GCMRL#  402 dt  11.200000 rms  0.545  0.070% neg 0  invalid 762 tFOTS 0.0000 tGradient 1.6280 tsec 1.9680
#GCMRL#  403 dt  11.200000 rms  0.545  0.072% neg 0  invalid 762 tFOTS 0.0000 tGradient 1.6730 tsec 2.0040
#GCMRL#  404 dt  11.200000 rms  0.544  0.071% neg 0  invalid 762 tFOTS 0.0000 tGradient 1.6730 tsec 1.9990
#GCMRL#  405 dt  11.200000 rms  0.544  0.071% neg 0  invalid 762 tFOTS 0.0000 tGradient 1.6440 tsec 1.9710
#GCMRL#  406 dt  11.200000 rms  0.544  0.060% neg 0  invalid 762 tFOTS 0.0000 tGradient 1.6220 tsec 1.9510
#GCMRL#  407 dt  11.200000 rms  0.543  0.051% neg 0  invalid 762 tFOTS 0.0000 tGradient 1.6330 tsec 1.9590
#GCMRL#  408 dt  11.200000 rms  0.543  0.052% neg 0  invalid 762 tFOTS 0.0000 tGradient 1.6260 tsec 1.9560
#GCMRL#  409 dt  11.200000 rms  0.543  0.046% neg 0  invalid 762 tFOTS 0.0000 tGradient 1.6340 tsec 1.9630
#GCMRL#  410 dt  11.200000 rms  0.543  0.039% neg 0  invalid 762 tFOTS 0.0000 tGradient 1.6500 tsec 1.9840
#GCMRL#  411 dt  11.200000 rms  0.542  0.043% neg 0  invalid 762 tFOTS 0.0000 tGradient 1.6330 tsec 1.9590
#GCMRL#  412 dt  11.200000 rms  0.542  0.038% neg 0  invalid 762 tFOTS 0.0000 tGradient 1.6780 tsec 2.0140
#GCMRL#  413 dt  11.200000 rms  0.542  0.047% neg 0  invalid 762 tFOTS 0.0000 tGradient 1.6360 tsec 1.9700
#GCMRL#  414 dt  11.200000 rms  0.542  0.039% neg 0  invalid 762 tFOTS 0.0000 tGradient 1.6230 tsec 1.9520
#GCMRL#  415 dt  11.200000 rms  0.542  0.037% neg 0  invalid 762 tFOTS 0.0000 tGradient 1.6350 tsec 1.9620
#GCMRL#  416 dt  11.200000 rms  0.541  0.030% neg 0  invalid 762 tFOTS 0.0000 tGradient 1.6980 tsec 2.0280
#GCMRL#  417 dt  11.200000 rms  0.541  0.036% neg 0  invalid 762 tFOTS 0.0000 tGradient 1.6790 tsec 2.0060
#GCMRL#  418 dt  11.200000 rms  0.541  0.027% neg 0  invalid 762 tFOTS 0.0000 tGradient 1.6880 tsec 2.0210
#GCMRL#  419 dt  11.200000 rms  0.541  0.026% neg 0  invalid 762 tFOTS 0.0000 tGradient 1.6520 tsec 1.9760
#GCMRL#  420 dt  11.200000 rms  0.541  0.028% neg 0  invalid 762 tFOTS 0.0000 tGradient 1.6260 tsec 1.9560
#GCMRL#  421 dt  11.200000 rms  0.541  0.029% neg 0  invalid 762 tFOTS 0.0000 tGradient 1.6430 tsec 1.9690
#GCMRL#  422 dt  11.200000 rms  0.541  0.007% neg 0  invalid 762 tFOTS 0.0000 tGradient 1.6300 tsec 2.1430
#GCMRL#  423 dt  11.200000 rms  0.541  0.004% neg 0  invalid 762 tFOTS 0.0000 tGradient 1.6750 tsec 2.0310
#FOTS# QuadFit found better minimum quadopt=(dt=11.2,rms=0.540545) vs oldopt=(dt=8,rms=0.540546)
#GCMRL#  424 dt  11.200000 rms  0.541  0.000% neg 0  invalid 762 tFOTS 4.9940 tGradient 1.6340 tsec 7.0040
#GCMRL#  425 dt  11.200000 rms  0.541  0.007% neg 0  invalid 762 tFOTS 0.0000 tGradient 1.6610 tsec 1.9920
#GCMRL#  426 dt  11.200000 rms  0.540  0.003% neg 0  invalid 762 tFOTS 0.0000 tGradient 1.6280 tsec 1.9600
#GCMRL#  427 dt  11.200000 rms  0.540  0.007% neg 0  invalid 762 tFOTS 0.0000 tGradient 1.6190 tsec 1.9490

#GCAMreg# pass 0 level1 3 level2 1 tsec 232.475 sigma 0.5
l_jacobian=1.00 l_label=1.00 l_log_likelihood=0.20 l_smoothness=0.12 
tol=5.00e-02, dt=5.00e-02, exp_k=20.0, momentum=0.90, levels=6, niter=500, lbl_dist=10.00, avgs=16, sigma=0.5,type=2, relabel=0, neg=no

blurring input image with Gaussian with sigma=0.500...
GCAMRegisterLevel(): init RMS 0.540845
#FOTS# QuadFit found better minimum quadopt=(dt=38.4,rms=0.538709) vs oldopt=(dt=32,rms=0.538768)
#GCMRL#  429 dt  38.400000 rms  0.539  0.395% neg 0  invalid 762 tFOTS 4.9090 tGradient 1.6470 tsec 6.9500
#GCMRL#  430 dt  32.000000 rms  0.538  0.107% neg 0  invalid 762 tFOTS 4.8530 tGradient 1.6770 tsec 6.8790
#GCMRL#  431 dt  32.000000 rms  0.538  0.081% neg 0  invalid 762 tFOTS 4.8190 tGradient 1.6700 tsec 6.8370
#FOTS# QuadFit found better minimum quadopt=(dt=25.6,rms=0.537408) vs oldopt=(dt=32,rms=0.537435)
#GCMRL#  432 dt  25.600000 rms  0.537  0.053% neg 0  invalid 762 tFOTS 4.8570 tGradient 1.6720 tsec 6.8800
#FOTS# QuadFit found better minimum quadopt=(dt=38.4,rms=0.537106) vs oldopt=(dt=32,rms=0.537108)
#GCMRL#  433 dt  38.400000 rms  0.537  0.056% neg 0  invalid 762 tFOTS 4.8290 tGradient 1.7040 tsec 6.8840
#FOTS# QuadFit found better minimum quadopt=(dt=19.2,rms=0.536901) vs oldopt=(dt=32,rms=0.536962)
#GCMRL#  434 dt  19.200000 rms  0.537  0.000% neg 0  invalid 762 tFOTS 4.7910 tGradient 1.7150 tsec 6.8820
#GCMRL#  435 dt  19.200000 rms  0.537  0.030% neg 0  invalid 762 tFOTS 0.0000 tGradient 1.6430 tsec 1.9750
#GCMRL#  436 dt  19.200000 rms  0.536  0.053% neg 0  invalid 762 tFOTS 0.0000 tGradient 1.6930 tsec 2.0220
#GCMRL#  437 dt  19.200000 rms  0.536  0.060% neg 0  invalid 762 tFOTS 0.0000 tGradient 1.6640 tsec 1.9950
#GCMRL#  438 dt  19.200000 rms  0.536  0.060% neg 0  invalid 762 tFOTS 0.0000 tGradient 1.6870 tsec 2.0170
#GCMRL#  439 dt  19.200000 rms  0.535  0.073% neg 0  invalid 762 tFOTS 0.0000 tGradient 1.6450 tsec 1.9770
#GCMRL#  440 dt  19.200000 rms  0.535  0.076% neg 0  invalid 762 tFOTS 0.0000 tGradient 1.6410 tsec 1.9730
#GCMRL#  441 dt  19.200000 rms  0.535  0.077% neg 0  invalid 762 tFOTS 0.0000 tGradient 1.6670 tsec 2.0000
#GCMRL#  442 dt  19.200000 rms  0.534  0.086% neg 0  invalid 762 tFOTS 0.0000 tGradient 1.6960 tsec 2.0240
#GCMRL#  443 dt  19.200000 rms  0.534  0.065% neg 0  invalid 762 tFOTS 0.0000 tGradient 1.7040 tsec 2.0240
#GCMRL#  444 dt  19.200000 rms  0.534  0.053% neg 0  invalid 762 tFOTS 0.0000 tGradient 1.6740 tsec 1.9940
#GCMRL#  445 dt  19.200000 rms  0.533  0.047% neg 0  invalid 762 tFOTS 0.0000 tGradient 1.8260 tsec 2.2100
#GCMRL#  446 dt  19.200000 rms  0.533  0.058% neg 0  invalid 762 tFOTS 0.0000 tGradient 1.9310 tsec 2.2750
#GCMRL#  447 dt  19.200000 rms  0.533  0.052% neg 0  invalid 762 tFOTS 0.0000 tGradient 1.5950 tsec 1.9180
#GCMRL#  448 dt  19.200000 rms  0.532  0.048% neg 0  invalid 762 tFOTS 0.0000 tGradient 1.6200 tsec 1.9430
#GCMRL#  449 dt  19.200000 rms  0.532  0.055% neg 0  invalid 762 tFOTS 0.0000 tGradient 1.6740 tsec 1.9990
#GCMRL#  450 dt  19.200000 rms  0.532  0.060% neg 0  invalid 762 tFOTS 0.0000 tGradient 1.6640 tsec 1.9850
#GCMRL#  451 dt  19.200000 rms  0.532  0.057% neg 0  invalid 762 tFOTS 0.0000 tGradient 1.6470 tsec 1.9700
#GCMRL#  452 dt  19.200000 rms  0.531  0.053% neg 0  invalid 762 tFOTS 0.0000 tGradient 1.6960 tsec 2.0140
#GCMRL#  453 dt  19.200000 rms  0.531  0.058% neg 0  invalid 762 tFOTS 0.0000 tGradient 1.7140 tsec 2.0330
#GCMRL#  454 dt  19.200000 rms  0.531  0.054% neg 0  invalid 762 tFOTS 0.0000 tGradient 1.6620 tsec 1.9800
#GCMRL#  455 dt  19.200000 rms  0.530  0.062% neg 0  invalid 762 tFOTS 0.0000 tGradient 1.6680 tsec 1.9890
#GCMRL#  456 dt  19.200000 rms  0.530  0.056% neg 0  invalid 762 tFOTS 0.0000 tGradient 1.6010 tsec 1.9220
#GCMRL#  457 dt  19.200000 rms  0.530  0.054% neg 0  invalid 762 tFOTS 0.0000 tGradient 1.6010 tsec 1.9220
#GCMRL#  458 dt  19.200000 rms  0.529  0.056% neg 0  invalid 762 tFOTS 0.0000 tGradient 1.5790 tsec 1.8970
#GCMRL#  459 dt  19.200000 rms  0.529  0.052% neg 0  invalid 762 tFOTS 0.0000 tGradient 1.5880 tsec 1.9060
#GCMRL#  460 dt  19.200000 rms  0.529  0.037% neg 0  invalid 762 tFOTS 0.0000 tGradient 1.5630 tsec 1.8800
#GCMRL#  461 dt  19.200000 rms  0.529  0.037% neg 0  invalid 762 tFOTS 0.0000 tGradient 1.5640 tsec 1.8840
#GCMRL#  462 dt  19.200000 rms  0.529  0.048% neg 0  invalid 762 tFOTS 0.0000 tGradient 1.5940 tsec 1.9160
#GCMRL#  463 dt  19.200000 rms  0.528  0.048% neg 0  invalid 762 tFOTS 0.0000 tGradient 1.5820 tsec 1.9000
#GCMRL#  464 dt  19.200000 rms  0.528  0.045% neg 0  invalid 762 tFOTS 0.0000 tGradient 1.6320 tsec 1.9520
#GCMRL#  465 dt  19.200000 rms  0.528  0.035% neg 0  invalid 762 tFOTS 0.0000 tGradient 1.6110 tsec 1.9380
#GCMRL#  466 dt  19.200000 rms  0.528  0.046% neg 0  invalid 762 tFOTS 0.0000 tGradient 1.6290 tsec 1.9460
#GCMRL#  467 dt  19.200000 rms  0.527  0.042% neg 0  invalid 762 tFOTS 0.0000 tGradient 1.5750 tsec 1.8910
#GCMRL#  468 dt  19.200000 rms  0.527  0.035% neg 0  invalid 762 tFOTS 0.0000 tGradient 1.6360 tsec 1.9530
#GCMRL#  469 dt  19.200000 rms  0.527  0.031% neg 0  invalid 762 tFOTS 0.0000 tGradient 1.6270 tsec 1.9470
#GCMRL#  470 dt  19.200000 rms  0.527  0.040% neg 0  invalid 762 tFOTS 0.0000 tGradient 1.6400 tsec 1.9600
#GCMRL#  471 dt  19.200000 rms  0.527  0.039% neg 0  invalid 762 tFOTS 0.0000 tGradient 1.6330 tsec 1.9510
#GCMRL#  472 dt  19.200000 rms  0.526  0.037% neg 0  invalid 762 tFOTS 0.0000 tGradient 1.6360 tsec 1.9540
#GCMRL#  473 dt  19.200000 rms  0.526  0.029% neg 0  invalid 762 tFOTS 0.0000 tGradient 1.5900 tsec 1.9110
#GCMRL#  474 dt  19.200000 rms  0.526  0.021% neg 0  invalid 762 tFOTS 0.0000 tGradient 1.6040 tsec 1.9250
#GCMRL#  475 dt  19.200000 rms  0.526  0.031% neg 0  invalid 762 tFOTS 0.0000 tGradient 1.7060 tsec 2.0210
#GCMRL#  476 dt  19.200000 rms  0.526  0.035% neg 0  invalid 762 tFOTS 0.0000 tGradient 1.6340 tsec 1.9480
#GCMRL#  477 dt  19.200000 rms  0.526  0.029% neg 0  invalid 762 tFOTS 0.0000 tGradient 1.6890 tsec 2.0080
#GCMRL#  478 dt  19.200000 rms  0.526  0.021% neg 0  invalid 762 tFOTS 0.0000 tGradient 1.6400 tsec 1.9570
#GCMRL#  479 dt  19.200000 rms  0.525  0.019% neg 0  invalid 762 tFOTS 0.0000 tGradient 1.5860 tsec 1.9320
#FOTS# QuadFit found better minimum quadopt=(dt=44.8,rms=0.525309) vs oldopt=(dt=32,rms=0.525318)
#GCMRL#  480 dt  44.800000 rms  0.525  0.023% neg 0  invalid 762 tFOTS 4.3810 tGradient 1.6310 tsec 6.3540
setting smoothness cost coefficient to 0.400

#GCAMreg# pass 0 level1 2 level2 0 tsec 0 sigma 2
l_jacobian=1.00 l_label=1.00 l_log_likelihood=0.20 l_smoothness=0.40 
tol=5.00e-02, dt=5.00e-02, exp_k=20.0, momentum=0.90, levels=6, niter=500, lbl_dist=10.00, avgs=4, sigma=2.0,type=2, relabel=0, neg=no

blurring input image with Gaussian with sigma=2.000...
GCAMRegisterLevel(): init RMS 0.555847
#GCMRL#  482 dt   0.000000 rms  0.556  0.046% neg 0  invalid 762 tFOTS 4.4350 tGradient 1.4700 tsec 6.2480

#GCAMreg# pass 0 level1 2 level2 1 tsec 21.924 sigma 0.5
l_jacobian=1.00 l_label=1.00 l_log_likelihood=0.20 l_smoothness=0.40 
tol=5.00e-02, dt=5.00e-02, exp_k=20.0, momentum=0.90, levels=6, niter=500, lbl_dist=10.00, avgs=4, sigma=0.5,type=2, relabel=0, neg=no

blurring input image with Gaussian with sigma=0.500...
GCAMRegisterLevel(): init RMS 0.555847
#GCMRL#  484 dt   0.000000 rms  0.556  0.046% neg 0  invalid 762 tFOTS 4.3610 tGradient 1.4490 tsec 6.1510
setting smoothness cost coefficient to 1.000

#GCAMreg# pass 0 level1 1 level2 0 tsec 0 sigma 2
l_jacobian=1.00 l_label=1.00 l_log_likelihood=0.20 l_smoothness=1.00 
tol=5.00e-02, dt=5.00e-02, exp_k=20.0, momentum=0.90, levels=6, niter=500, lbl_dist=10.00, avgs=1, sigma=2.0,type=2, relabel=0, neg=no

blurring input image with Gaussian with sigma=2.000...
GCAMRegisterLevel(): init RMS 0.615111
#FOTS# QuadFit found better minimum quadopt=(dt=1.536,rms=0.609641) vs oldopt=(dt=1.28,rms=0.609808)
#GCMRL#  486 dt   1.536000 rms  0.610  0.889% neg 0  invalid 762 tFOTS 4.4220 tGradient 1.3570 tsec 6.1230
#FOTS# QuadFit found better minimum quadopt=(dt=0.448,rms=0.609367) vs oldopt=(dt=0.32,rms=0.609389)
#GCMRL#  487 dt   0.448000 rms  0.609  0.000% neg 0  invalid 762 tFOTS 4.4450 tGradient 1.3770 tsec 6.1890

#GCAMreg# pass 0 level1 1 level2 1 tsec 23.516 sigma 0.5
l_jacobian=1.00 l_label=1.00 l_log_likelihood=0.20 l_smoothness=1.00 
tol=5.00e-02, dt=5.00e-02, exp_k=20.0, momentum=0.90, levels=6, niter=500, lbl_dist=10.00, avgs=1, sigma=0.5,type=2, relabel=0, neg=no

blurring input image with Gaussian with sigma=0.500...
GCAMRegisterLevel(): init RMS 0.609656
#FOTS# QuadFit found better minimum quadopt=(dt=0.448,rms=0.608943) vs oldopt=(dt=0.32,rms=0.609029)
#GCMRL#  489 dt   0.448000 rms  0.609  0.117% neg 0  invalid 762 tFOTS 4.4750 tGradient 1.3520 tsec 6.1730
#FOTS# QuadFit found better minimum quadopt=(dt=0.448,rms=0.608779) vs oldopt=(dt=0.32,rms=0.608797)
#GCMRL#  490 dt   0.448000 rms  0.609  0.000% neg 0  invalid 762 tFOTS 4.4470 tGradient 1.3710 tsec 6.1870
resetting metric properties...
setting smoothness cost coefficient to 2.000

#GCAMreg# pass 0 level1 0 level2 0 tsec 0 sigma 2
l_jacobian=1.00 l_label=1.00 l_log_likelihood=0.20 l_smoothness=2.00 
tol=5.00e-02, dt=5.00e-02, exp_k=20.0, momentum=0.90, levels=6, niter=500, lbl_dist=10.00, avgs=0, sigma=2.0,type=2, relabel=0, neg=no

blurring input image with Gaussian with sigma=2.000...
GCAMRegisterLevel(): init RMS 0.541943
#FOTS# QuadFit found better minimum quadopt=(dt=0.448,rms=0.527422) vs oldopt=(dt=0.32,rms=0.531318)
#GCMRL#  492 dt   0.448000 rms  0.527  2.679% neg 0  invalid 762 tFOTS 3.9910 tGradient 0.9120 tsec 5.2500
#FOTS# QuadFit found better minimum quadopt=(dt=0.448,rms=0.524044) vs oldopt=(dt=0.32,rms=0.524994)
#GCMRL#  493 dt   0.448000 rms  0.524  0.641% neg 0  invalid 762 tFOTS 4.1420 tGradient 0.8870 tsec 5.3780
#FOTS# QuadFit found better minimum quadopt=(dt=0.448,rms=0.521967) vs oldopt=(dt=0.32,rms=0.522546)
#GCMRL#  494 dt   0.448000 rms  0.522  0.396% neg 0  invalid 762 tFOTS 4.1690 tGradient 0.9030 tsec 5.4220
#FOTS# QuadFit found better minimum quadopt=(dt=0.448,rms=0.520726) vs oldopt=(dt=0.32,rms=0.521078)
#GCMRL#  495 dt   0.448000 rms  0.521  0.238% neg 0  invalid 762 tFOTS 4.1760 tGradient 0.8960 tsec 5.4200
#FOTS# QuadFit found better minimum quadopt=(dt=0.448,rms=0.519793) vs oldopt=(dt=0.32,rms=0.520055)
#GCMRL#  496 dt   0.448000 rms  0.520  0.179% neg 0  invalid 762 tFOTS 4.1740 tGradient 0.8870 tsec 5.4080
#FOTS# QuadFit found better minimum quadopt=(dt=0.448,rms=0.519103) vs oldopt=(dt=0.32,rms=0.519291)
#GCMRL#  497 dt   0.448000 rms  0.519  0.133% neg 0  invalid 762 tFOTS 4.0340 tGradient 0.8750 tsec 5.2590
#FOTS# QuadFit found better minimum quadopt=(dt=0.448,rms=0.518542) vs oldopt=(dt=0.32,rms=0.518699)
#GCMRL#  498 dt   0.448000 rms  0.519  0.108% neg 0  invalid 762 tFOTS 4.1230 tGradient 0.8780 tsec 5.3470
#FOTS# QuadFit found better minimum quadopt=(dt=0.448,rms=0.518098) vs oldopt=(dt=0.32,rms=0.518216)
#GCMRL#  499 dt   0.448000 rms  0.518  0.086% neg 0  invalid 762 tFOTS 4.1540 tGradient 0.8770 tsec 5.3790
#FOTS# QuadFit found better minimum quadopt=(dt=0.448,rms=0.517707) vs oldopt=(dt=0.32,rms=0.51781)
#GCMRL#  500 dt   0.448000 rms  0.518  0.076% neg 0  invalid 762 tFOTS 4.1680 tGradient 0.8990 tsec 5.4120
#FOTS# QuadFit found better minimum quadopt=(dt=0.448,rms=0.517403) vs oldopt=(dt=0.32,rms=0.517483)
#GCMRL#  501 dt   0.448000 rms  0.517  0.059% neg 0  invalid 762 tFOTS 4.1610 tGradient 0.8790 tsec 5.3880
#FOTS# QuadFit found better minimum quadopt=(dt=0.448,rms=0.517123) vs oldopt=(dt=0.32,rms=0.517196)
#GCMRL#  502 dt   0.448000 rms  0.517  0.054% neg 0  invalid 762 tFOTS 4.1560 tGradient 0.8790 tsec 5.3820
#FOTS# QuadFit found better minimum quadopt=(dt=0.448,rms=0.516905) vs oldopt=(dt=0.32,rms=0.51696)
#GCMRL#  503 dt   0.448000 rms  0.517  0.000% neg 0  invalid 762 tFOTS 4.1630 tGradient 0.8760 tsec 5.4130
#GCMRL#  504 dt   0.448000 rms  0.517  0.039% neg 0  invalid 762 tFOTS 0.0000 tGradient 0.8760 tsec 1.2050
#GCMRL#  505 dt   0.448000 rms  0.516  0.067% neg 0  invalid 762 tFOTS 0.0000 tGradient 0.8840 tsec 1.2140
#GCMRL#  506 dt   0.448000 rms  0.516  0.081% neg 0  invalid 762 tFOTS 0.0000 tGradient 0.9210 tsec 1.2510
#GCMRL#  507 dt   0.448000 rms  0.515  0.088% neg 0  invalid 762 tFOTS 0.0000 tGradient 0.8800 tsec 1.2110
#GCMRL#  508 dt   0.224000 rms  0.515  0.005% neg 0  invalid 762 tFOTS 0.0000 tGradient 0.8800 tsec 1.5770
#GCMRL#  509 dt   0.224000 rms  0.515  0.007% neg 0  invalid 762 tFOTS 0.0000 tGradient 0.8810 tsec 1.2100
#GCMRL#  510 dt   0.224000 rms  0.515  0.009% neg 0  invalid 762 tFOTS 0.0000 tGradient 0.8680 tsec 1.1960
#GCMRL#  511 dt   0.224000 rms  0.515  0.010% neg 0  invalid 762 tFOTS 0.0000 tGradient 0.8740 tsec 1.2040
#GCMRL#  512 dt   0.224000 rms  0.515  0.008% neg 0  invalid 762 tFOTS 0.0000 tGradient 0.8620 tsec 1.4150
#GCMRL#  513 dt   0.320000 rms  0.515  0.000% neg 0  invalid 762 tFOTS 4.1080 tGradient 0.8520 tsec 5.3320
#GCMRL#  514 dt   0.320000 rms  0.515  0.004% neg 0  invalid 762 tFOTS 0.0000 tGradient 0.8710 tsec 1.2040
#GCMRL#  515 dt   0.320000 rms  0.515  0.009% neg 0  invalid 762 tFOTS 0.0000 tGradient 0.8710 tsec 1.2040
#GCMRL#  516 dt   0.320000 rms  0.515  0.007% neg 0  invalid 762 tFOTS 0.0000 tGradient 0.8840 tsec 1.2220
#GCMRL#  517 dt   0.320000 rms  0.515  0.012% neg 0  invalid 762 tFOTS 0.0000 tGradient 0.8800 tsec 1.2170

#GCAMreg# pass 0 level1 0 level2 1 tsec 96.886 sigma 0.5
l_jacobian=1.00 l_label=1.00 l_log_likelihood=0.20 l_smoothness=2.00 
tol=5.00e-02, dt=5.00e-02, exp_k=20.0, momentum=0.90, levels=6, niter=500, lbl_dist=10.00, avgs=0, sigma=0.5,type=2, relabel=0, neg=no

blurring input image with Gaussian with sigma=0.500...
GCAMRegisterLevel(): init RMS 0.515446
#FOTS# QuadFit found better minimum quadopt=(dt=0.384,rms=0.511223) vs oldopt=(dt=0.32,rms=0.511822)
#GCMRL#  519 dt   0.384000 rms  0.511  0.819% neg 0  invalid 762 tFOTS 4.1420 tGradient 0.8840 tsec 5.3800
#FOTS# QuadFit found better minimum quadopt=(dt=0.384,rms=0.51018) vs oldopt=(dt=0.32,rms=0.510347)
#GCMRL#  520 dt   0.384000 rms  0.510  0.204% neg 0  invalid 762 tFOTS 4.1260 tGradient 0.8770 tsec 5.3580
#FOTS# QuadFit found better minimum quadopt=(dt=0.384,rms=0.509828) vs oldopt=(dt=0.32,rms=0.509883)
#GCMRL#  521 dt   0.384000 rms  0.510  0.069% neg 0  invalid 762 tFOTS 4.0680 tGradient 0.8510 tsec 5.2700
#FOTS# QuadFit found better minimum quadopt=(dt=0.384,rms=0.509703) vs oldopt=(dt=0.32,rms=0.509723)
#GCMRL#  522 dt   0.384000 rms  0.510  0.000% neg 0  invalid 762 tFOTS 4.1210 tGradient 0.8650 tsec 5.3660
#GCMRL#  523 dt   0.384000 rms  0.510  0.015% neg 0  invalid 762 tFOTS 0.0000 tGradient 0.8720 tsec 1.2060
#GCMRL#  524 dt   0.384000 rms  0.510  0.014% neg 0  invalid 762 tFOTS 0.0000 tGradient 0.8650 tsec 1.1980
GCAMregister done in 26.3931 min
********************* ALLOWING NEGATIVE NODES IN DEFORMATION********************************
noneg post
Starting GCAMregister()
label assignment complete, 0 changed (0.00%)
npasses = 1, nlevels = 6
#pass# 1 of 1 ************************
enabling zero nodes
setting smoothness cost coefficient to 0.008

#GCAMreg# pass 0 level1 5 level2 0 tsec 0 sigma 2
l_jacobian=1.00 l_label=1.00 l_log_likelihood=0.20 l_smoothness=0.01 
tol=2.50e-01, dt=5.00e-02, exp_k=20.0, momentum=0.90, levels=6, niter=500, lbl_dist=10.00, avgs=256, sigma=2.0,type=2, relabel=0, neg=yes

blurring input image with Gaussian with sigma=2.000...
GCAMRegisterLevel(): init RMS 0.507273
#FOTS# QuadFit found better minimum quadopt=(dt=2.023,rms=0.506892) vs oldopt=(dt=1.445,rms=0.506892)
#GCMRL#  526 dt   2.023000 rms  0.507  0.075% neg 0  invalid 762 tFOTS 5.2480 tGradient 2.1320 tsec 7.7690
#FOTS# QuadFit found better minimum quadopt=(dt=1.156,rms=0.506893) vs oldopt=(dt=1.445,rms=0.506893)

#GCAMreg# pass 0 level1 5 level2 1 tsec 25.29 sigma 0.5
l_jacobian=1.00 l_label=1.00 l_log_likelihood=0.20 l_smoothness=0.01 
tol=2.50e-01, dt=5.00e-02, exp_k=20.0, momentum=0.90, levels=6, niter=500, lbl_dist=10.00, avgs=256, sigma=0.5,type=2, relabel=0, neg=yes

blurring input image with Gaussian with sigma=0.500...
GCAMRegisterLevel(): init RMS 0.507273
#FOTS# QuadFit found better minimum quadopt=(dt=110.976,rms=0.506697) vs oldopt=(dt=92.48,rms=0.506706)
#GCMRL#  528 dt 110.976000 rms  0.507  0.113% neg 0  invalid 762 tFOTS 5.2190 tGradient 2.1050 tsec 7.6840
#GCMRL#  529 dt 369.920000 rms  0.506  0.000% neg 0  invalid 762 tFOTS 5.3330 tGradient 2.1100 tsec 7.8990
setting smoothness cost coefficient to 0.031

#GCAMreg# pass 0 level1 4 level2 0 tsec 0 sigma 2
l_jacobian=1.00 l_label=1.00 l_log_likelihood=0.20 l_smoothness=0.03 
tol=2.50e-01, dt=5.00e-02, exp_k=20.0, momentum=0.90, levels=6, niter=500, lbl_dist=10.00, avgs=64, sigma=2.0,type=2, relabel=0, neg=yes

blurring input image with Gaussian with sigma=2.000...
GCAMRegisterLevel(): init RMS 0.506725
#GCMRL#  531 dt  25.920000 rms  0.506  0.118% neg 0  invalid 762 tFOTS 4.8060 tGradient 1.7110 tsec 6.8670
#FOTS# QuadFit found better minimum quadopt=(dt=36.288,rms=0.505961) vs oldopt=(dt=25.92,rms=0.50597)
#GCMRL#  532 dt  36.288000 rms  0.506  0.000% neg 0  invalid 762 tFOTS 5.1150 tGradient 1.7100 tsec 7.2050
#GCMRL#  533 dt  36.288000 rms  0.506  0.027% neg 0  invalid 762 tFOTS 0.0000 tGradient 1.7080 tsec 2.0330

#GCAMreg# pass 0 level1 4 level2 1 tsec 27.686 sigma 0.5
l_jacobian=1.00 l_label=1.00 l_log_likelihood=0.20 l_smoothness=0.03 
tol=2.50e-01, dt=5.00e-02, exp_k=20.0, momentum=0.90, levels=6, niter=500, lbl_dist=10.00, avgs=64, sigma=0.5,type=2, relabel=0, neg=yes

blurring input image with Gaussian with sigma=0.500...
GCAMRegisterLevel(): init RMS 0.506206
#FOTS# QuadFit found better minimum quadopt=(dt=72.5605,rms=0.504149) vs oldopt=(dt=103.68,rms=0.504431)
#GCMRL#  535 dt  72.560510 rms  0.504  0.406% neg 0  invalid 762 tFOTS 5.3950 tGradient 1.7180 tsec 7.5080
#FOTS# QuadFit found better minimum quadopt=(dt=36.288,rms=0.503471) vs oldopt=(dt=25.92,rms=0.503606)
#GCMRL#  536 dt  36.288000 rms  0.503  0.000% neg 0  invalid 762 tFOTS 5.0570 tGradient 1.7000 tsec 7.1370
#GCMRL#  537 dt  36.288000 rms  0.503  0.067% neg 0  invalid 762 tFOTS 0.0000 tGradient 1.7050 tsec 2.0280
iter 0, gcam->neg = 1
after 1 iterations, nbhd size=0, neg = 0
#GCMRL#  538 dt  36.288000 rms  0.503  0.113% neg 0  invalid 762 tFOTS 0.0000 tGradient 1.7160 tsec 3.6250
#GCMRL#  539 dt  36.288000 rms  0.502  0.134% neg 0  invalid 762 tFOTS 0.0000 tGradient 1.5140 tsec 1.8400
iter 0, gcam->neg = 1
after 0 iterations, nbhd size=0, neg = 0
#GCMRL#  540 dt  36.288000 rms  0.501  0.122% neg 0  invalid 762 tFOTS 0.0000 tGradient 1.5130 tsec 2.9300
#GCMRL#  541 dt  36.288000 rms  0.501  0.120% neg 0  invalid 762 tFOTS 0.0000 tGradient 1.5190 tsec 1.8770
#FOTS# QuadFit found better minimum quadopt=(dt=124.416,rms=0.500491) vs oldopt=(dt=103.68,rms=0.500494)
iter 0, gcam->neg = 1
after 1 iterations, nbhd size=0, neg = 0
#GCMRL#  542 dt 124.416000 rms  0.500  0.000% neg 0  invalid 762 tFOTS 5.0080 tGradient 1.5130 tsec 8.4650
setting smoothness cost coefficient to 0.118

#GCAMreg# pass 0 level1 3 level2 0 tsec 0 sigma 2
l_jacobian=1.00 l_label=1.00 l_log_likelihood=0.20 l_smoothness=0.12 
tol=2.50e-01, dt=5.00e-02, exp_k=20.0, momentum=0.90, levels=6, niter=500, lbl_dist=10.00, avgs=16, sigma=2.0,type=2, relabel=0, neg=yes

blurring input image with Gaussian with sigma=2.000...
GCAMRegisterLevel(): init RMS 0.50119
#FOTS# QuadFit found better minimum quadopt=(dt=25.6,rms=0.498501) vs oldopt=(dt=32,rms=0.498606)
iter 0, gcam->neg = 3
after 1 iterations, nbhd size=0, neg = 0
#GCMRL#  544 dt  25.600000 rms  0.499  0.534% neg 0  invalid 762 tFOTS 5.3760 tGradient 1.9890 tsec 9.3350
#FOTS# QuadFit found better minimum quadopt=(dt=44.8,rms=0.4956) vs oldopt=(dt=32,rms=0.495933)
iter 0, gcam->neg = 12
after 3 iterations, nbhd size=0, neg = 0
#GCMRL#  545 dt  44.800000 rms  0.496  0.574% neg 0  invalid 762 tFOTS 5.3690 tGradient 1.8390 tsec 10.0610
#FOTS# QuadFit found better minimum quadopt=(dt=11.2,rms=0.494939) vs oldopt=(dt=8,rms=0.495093)
iter 0, gcam->neg = 4
after 2 iterations, nbhd size=0, neg = 0
#GCMRL#  546 dt  11.200000 rms  0.495  0.000% neg 0  invalid 762 tFOTS 5.3590 tGradient 1.8190 tsec 9.6630
#GCMRL#  547 dt  11.200000 rms  0.494  0.102% neg 0  invalid 762 tFOTS 0.0000 tGradient 1.7250 tsec 2.0410
iter 0, gcam->neg = 4
after 2 iterations, nbhd size=0, neg = 0
#GCMRL#  548 dt  11.200000 rms  0.494  0.125% neg 0  invalid 762 tFOTS 0.0000 tGradient 1.7530 tsec 4.1310
iter 0, gcam->neg = 2
after 1 iterations, nbhd size=0, neg = 0
#GCMRL#  549 dt  11.200000 rms  0.493  0.150% neg 0  invalid 762 tFOTS 0.0000 tGradient 1.7480 tsec 3.6780
iter 0, gcam->neg = 4
after 2 iterations, nbhd size=0, neg = 0
#GCMRL#  550 dt  11.200000 rms  0.492  0.170% neg 0  invalid 762 tFOTS 0.0000 tGradient 1.7300 tsec 4.0860
iter 0, gcam->neg = 13
after 4 iterations, nbhd size=0, neg = 0
#GCMRL#  551 dt  11.200000 rms  0.492  0.137% neg 0  invalid 762 tFOTS 0.0000 tGradient 1.7480 tsec 5.1570
iter 0, gcam->neg = 13
after 12 iterations, nbhd size=1, neg = 0
#GCMRL#  552 dt  11.200000 rms  0.491  0.096% neg 0  invalid 762 tFOTS 0.0000 tGradient 1.7400 tsec 9.0530
iter 0, gcam->neg = 8
after 8 iterations, nbhd size=1, neg = 0
#GCMRL#  553 dt  11.200000 rms  0.491  0.053% neg 0  invalid 762 tFOTS 0.0000 tGradient 1.7540 tsec 6.9560
#FOTS# QuadFit found better minimum quadopt=(dt=44.8,rms=0.490264) vs oldopt=(dt=32,rms=0.49036)
iter 0, gcam->neg = 1
after 0 iterations, nbhd size=0, neg = 0
#GCMRL#  554 dt  44.800000 rms  0.490  0.117% neg 0  invalid 762 tFOTS 5.0120 tGradient 1.7490 tsec 8.2180
#FOTS# QuadFit found better minimum quadopt=(dt=44.8,rms=0.489574) vs oldopt=(dt=32,rms=0.489607)
iter 0, gcam->neg = 2
after 1 iterations, nbhd size=0, neg = 0
#GCMRL#  555 dt  44.800000 rms  0.490  0.140% neg 0  invalid 762 tFOTS 5.4540 tGradient 1.8070 tsec 9.1350
#FOTS# QuadFit found better minimum quadopt=(dt=11.2,rms=0.489373) vs oldopt=(dt=8,rms=0.48942)
#GCMRL#  556 dt  11.200000 rms  0.489  0.000% neg 0  invalid 762 tFOTS 5.3420 tGradient 2.0270 tsec 7.7510
#GCMRL#  557 dt  11.200000 rms  0.489  0.039% neg 0  invalid 762 tFOTS 0.0000 tGradient 1.7390 tsec 2.0560
#GCMRL#  558 dt  11.200000 rms  0.489  0.028% neg 0  invalid 762 tFOTS 0.0000 tGradient 1.7600 tsec 2.0740
iter 0, gcam->neg = 1
after 0 iterations, nbhd size=0, neg = 0
#GCMRL#  559 dt  11.200000 rms  0.489  0.044% neg 0  invalid 762 tFOTS 0.0000 tGradient 1.7530 tsec 3.1810
#GCMRL#  560 dt  11.200000 rms  0.488  0.073% neg 0  invalid 762 tFOTS 0.0000 tGradient 1.7790 tsec 2.0970
iter 0, gcam->neg = 1
after 0 iterations, nbhd size=0, neg = 0
#GCMRL#  561 dt  11.200000 rms  0.488  0.075% neg 0  invalid 762 tFOTS 0.0000 tGradient 1.7710 tsec 3.1800
iter 0, gcam->neg = 1
after 2 iterations, nbhd size=0, neg = 0

#GCAMreg# pass 0 level1 3 level2 1 tsec 116.226 sigma 0.5
l_jacobian=1.00 l_label=1.00 l_log_likelihood=0.20 l_smoothness=0.12 
tol=2.50e-01, dt=5.00e-02, exp_k=20.0, momentum=0.90, levels=6, niter=500, lbl_dist=10.00, avgs=16, sigma=0.5,type=2, relabel=0, neg=yes

blurring input image with Gaussian with sigma=0.500...
GCAMRegisterLevel(): init RMS 0.488244
#FOTS# QuadFit found better minimum quadopt=(dt=44.8,rms=0.483133) vs oldopt=(dt=32,rms=0.483604)
iter 0, gcam->neg = 1
after 1 iterations, nbhd size=0, neg = 0
#GCMRL#  563 dt  44.800000 rms  0.483  1.047% neg 0  invalid 762 tFOTS 5.3290 tGradient 1.7700 tsec 9.0750
#FOTS# QuadFit found better minimum quadopt=(dt=25.6,rms=0.481912) vs oldopt=(dt=32,rms=0.482009)
#GCMRL#  564 dt  25.600000 rms  0.482  0.253% neg 0  invalid 762 tFOTS 5.3120 tGradient 1.7870 tsec 7.4560
#FOTS# QuadFit found better minimum quadopt=(dt=44.8,rms=0.480481) vs oldopt=(dt=32,rms=0.480571)
#GCMRL#  565 dt  44.800000 rms  0.480  0.297% neg 0  invalid 762 tFOTS 5.5030 tGradient 1.8630 tsec 7.7350
#FOTS# QuadFit found better minimum quadopt=(dt=11.2,rms=0.479935) vs oldopt=(dt=8,rms=0.480057)
#GCMRL#  566 dt  11.200000 rms  0.480  0.000% neg 0  invalid 762 tFOTS 5.4540 tGradient 1.8070 tsec 7.6510
iter 0, gcam->neg = 1
after 1 iterations, nbhd size=0, neg = 0
#GCMRL#  567 dt  11.200000 rms  0.480  0.073% neg 0  invalid 762 tFOTS 0.0000 tGradient 1.8020 tsec 3.6680
#GCMRL#  568 dt  11.200000 rms  0.479  0.084% neg 0  invalid 762 tFOTS 0.0000 tGradient 1.7520 tsec 2.0780
#GCMRL#  569 dt  11.200000 rms  0.479  0.123% neg 0  invalid 762 tFOTS 0.0000 tGradient 1.7980 tsec 2.1270
iter 0, gcam->neg = 1
after 1 iterations, nbhd size=0, neg = 0
#GCMRL#  570 dt  11.200000 rms  0.478  0.142% neg 0  invalid 762 tFOTS 0.0000 tGradient 1.7320 tsec 3.6510
#GCMRL#  571 dt  11.200000 rms  0.477  0.124% neg 0  invalid 762 tFOTS 0.0000 tGradient 1.7360 tsec 2.0670
iter 0, gcam->neg = 1
after 0 iterations, nbhd size=0, neg = 0
#GCMRL#  572 dt  11.200000 rms  0.477  0.115% neg 0  invalid 762 tFOTS 0.0000 tGradient 1.8610 tsec 3.3200
#FOTS# QuadFit found better minimum quadopt=(dt=38.4,rms=0.476547) vs oldopt=(dt=32,rms=0.476557)
iter 0, gcam->neg = 1
after 0 iterations, nbhd size=0, neg = 0
#GCMRL#  573 dt  38.400000 rms  0.477  0.000% neg 0  invalid 762 tFOTS 5.0270 tGradient 1.7250 tsec 8.0860
#GCMRL#  574 dt  38.400000 rms  0.476  0.063% neg 0  invalid 762 tFOTS 0.0000 tGradient 1.7300 tsec 2.0520
iter 0, gcam->neg = 1
after 6 iterations, nbhd size=1, neg = 0
#GCMRL#  575 dt  38.400000 rms  0.476  0.075% neg 0  invalid 762 tFOTS 0.0000 tGradient 1.7840 tsec 6.1460
iter 0, gcam->neg = 2
after 0 iterations, nbhd size=0, neg = 0
#GCMRL#  576 dt  38.400000 rms  0.475  0.122% neg 0  invalid 762 tFOTS 0.0000 tGradient 1.8220 tsec 3.2410
#GCMRL#  577 dt  38.400000 rms  0.474  0.173% neg 0  invalid 762 tFOTS 0.0000 tGradient 1.7670 tsec 2.0890
iter 0, gcam->neg = 2
after 3 iterations, nbhd size=0, neg = 0
#GCMRL#  578 dt  38.400000 rms  0.474  0.111% neg 0  invalid 762 tFOTS 0.0000 tGradient 1.7070 tsec 4.6070
iter 0, gcam->neg = 1
after 3 iterations, nbhd size=0, neg = 0
#GCMRL#  579 dt  38.400000 rms  0.473  0.135% neg 0  invalid 762 tFOTS 0.0000 tGradient 1.7690 tsec 4.6830
iter 0, gcam->neg = 1
after 0 iterations, nbhd size=0, neg = 0
#GCMRL#  580 dt  38.400000 rms  0.473  0.160% neg 0  invalid 762 tFOTS 0.0000 tGradient 1.7580 tsec 3.1760
iter 0, gcam->neg = 2
after 2 iterations, nbhd size=0, neg = 0
#GCMRL#  581 dt  38.400000 rms  0.472  0.122% neg 0  invalid 762 tFOTS 0.0000 tGradient 1.8060 tsec 4.1110
iter 0, gcam->neg = 3
after 2 iterations, nbhd size=0, neg = 0
#GCMRL#  582 dt  38.400000 rms  0.471  0.119% neg 0  invalid 762 tFOTS 0.0000 tGradient 1.7520 tsec 4.1800
#FOTS# QuadFit found better minimum quadopt=(dt=11.2,rms=0.471282) vs oldopt=(dt=8,rms=0.471308)
#GCMRL#  583 dt  11.200000 rms  0.471  0.000% neg 0  invalid 762 tFOTS 5.1820 tGradient 1.7520 tsec 7.3250
#GCMRL#  584 dt  11.200000 rms  0.471  0.008% neg 0  invalid 762 tFOTS 0.0000 tGradient 1.7460 tsec 2.0630
#GCMRL#  585 dt  11.200000 rms  0.471  0.013% neg 0  invalid 762 tFOTS 0.0000 tGradient 1.7680 tsec 2.0890
#GCMRL#  586 dt  11.200000 rms  0.471  0.022% neg 0  invalid 762 tFOTS 0.0000 tGradient 1.7470 tsec 2.0700
iter 0, gcam->neg = 1
after 0 iterations, nbhd size=0, neg = 0
#GCMRL#  587 dt  11.200000 rms  0.471  0.012% neg 0  invalid 762 tFOTS 0.0000 tGradient 1.7680 tsec 3.1250
setting smoothness cost coefficient to 0.400

#GCAMreg# pass 0 level1 2 level2 0 tsec 0 sigma 2
l_jacobian=1.00 l_label=1.00 l_log_likelihood=0.20 l_smoothness=0.40 
tol=2.50e-01, dt=5.00e-02, exp_k=20.0, momentum=0.90, levels=6, niter=500, lbl_dist=10.00, avgs=4, sigma=2.0,type=2, relabel=0, neg=yes

blurring input image with Gaussian with sigma=2.000...
GCAMRegisterLevel(): init RMS 0.47769
#FOTS# QuadFit found better minimum quadopt=(dt=0.000135,rms=0.477278) vs oldopt=(dt=0.0001125,rms=0.477278)
#GCMRL#  589 dt   0.000135 rms  0.477  0.086% neg 0  invalid 762 tFOTS 6.6310 tGradient 1.5350 tsec 8.5250

#GCAMreg# pass 0 level1 2 level2 1 tsec 25.703 sigma 0.5
l_jacobian=1.00 l_label=1.00 l_log_likelihood=0.20 l_smoothness=0.40 
tol=2.50e-01, dt=5.00e-02, exp_k=20.0, momentum=0.90, levels=6, niter=500, lbl_dist=10.00, avgs=4, sigma=0.5,type=2, relabel=0, neg=yes

blurring input image with Gaussian with sigma=0.500...
GCAMRegisterLevel(): init RMS 0.47769
#FOTS# QuadFit found better minimum quadopt=(dt=0.252,rms=0.477276) vs oldopt=(dt=0.18,rms=0.477276)
#GCMRL#  591 dt   0.252000 rms  0.477  0.087% neg 0  invalid 762 tFOTS 5.2740 tGradient 1.5620 tsec 7.1980
#FOTS# QuadFit found better minimum quadopt=(dt=0.063,rms=0.477283) vs oldopt=(dt=0.045,rms=0.477283)
setting smoothness cost coefficient to 1.000

#GCAMreg# pass 0 level1 1 level2 0 tsec 0 sigma 2
l_jacobian=1.00 l_label=1.00 l_log_likelihood=0.20 l_smoothness=1.00 
tol=2.50e-01, dt=5.00e-02, exp_k=20.0, momentum=0.90, levels=6, niter=500, lbl_dist=10.00, avgs=1, sigma=2.0,type=2, relabel=0, neg=yes

blurring input image with Gaussian with sigma=2.000...
GCAMRegisterLevel(): init RMS 0.490711
#GCMRL#  593 dt   1.280000 rms  0.489  0.345% neg 0  invalid 762 tFOTS 5.1950 tGradient 1.3100 tsec 6.8540
#FOTS# QuadFit found better minimum quadopt=(dt=0.448,rms=0.488931) vs oldopt=(dt=0.32,rms=0.488936)
#GCMRL#  594 dt   0.448000 rms  0.489  0.000% neg 0  invalid 762 tFOTS 5.2330 tGradient 1.2830 tsec 6.8840

#GCAMreg# pass 0 level1 1 level2 1 tsec 25.714 sigma 0.5
l_jacobian=1.00 l_label=1.00 l_log_likelihood=0.20 l_smoothness=1.00 
tol=2.50e-01, dt=5.00e-02, exp_k=20.0, momentum=0.90, levels=6, niter=500, lbl_dist=10.00, avgs=1, sigma=0.5,type=2, relabel=0, neg=yes

blurring input image with Gaussian with sigma=0.500...
GCAMRegisterLevel(): init RMS 0.489333
#FOTS# QuadFit found better minimum quadopt=(dt=1.536,rms=0.488031) vs oldopt=(dt=1.28,rms=0.488066)
#GCMRL#  596 dt   1.536000 rms  0.488  0.266% neg 0  invalid 762 tFOTS 5.2180 tGradient 1.3240 tsec 6.9000
#FOTS# QuadFit found better minimum quadopt=(dt=0.768,rms=0.487907) vs oldopt=(dt=1.28,rms=0.487929)
#GCMRL#  597 dt   0.768000 rms  0.488  0.000% neg 0  invalid 762 tFOTS 5.8310 tGradient 1.3070 tsec 7.5460
#GCMRL#  598 dt   0.768000 rms  0.488  0.005% neg 0  invalid 762 tFOTS 0.0000 tGradient 1.4320 tsec 1.7760
resetting metric properties...
setting smoothness cost coefficient to 2.000

#GCAMreg# pass 0 level1 0 level2 0 tsec 0 sigma 2
l_jacobian=1.00 l_label=1.00 l_log_likelihood=0.20 l_smoothness=2.00 
tol=2.50e-01, dt=5.00e-02, exp_k=20.0, momentum=0.90, levels=6, niter=500, lbl_dist=10.00, avgs=0, sigma=2.0,type=2, relabel=0, neg=yes

blurring input image with Gaussian with sigma=2.000...
GCAMRegisterLevel(): init RMS 0.478535
#FOTS# QuadFit found better minimum quadopt=(dt=2.16811,rms=0.445993) vs oldopt=(dt=1.28,rms=0.451555)
iter 0, gcam->neg = 632
after 15 iterations, nbhd size=1, neg = 0
#GCMRL#  600 dt   2.168113 rms  0.447  6.527% neg 0  invalid 762 tFOTS 5.8460 tGradient 0.9490 tsec 13.8010
#GCMRL#  601 dt   0.080000 rms  0.447  0.000% neg 0  invalid 762 tFOTS 5.1940 tGradient 0.8720 tsec 6.4340

#GCAMreg# pass 0 level1 0 level2 1 tsec 31.834 sigma 0.5
l_jacobian=1.00 l_label=1.00 l_log_likelihood=0.20 l_smoothness=2.00 
tol=2.50e-01, dt=5.00e-02, exp_k=20.0, momentum=0.90, levels=6, niter=500, lbl_dist=10.00, avgs=0, sigma=0.5,type=2, relabel=0, neg=yes

blurring input image with Gaussian with sigma=0.500...
GCAMRegisterLevel(): init RMS 0.447554
#FOTS# QuadFit found better minimum quadopt=(dt=0.064,rms=0.446934) vs oldopt=(dt=0.08,rms=0.446939)
#GCMRL#  603 dt   0.064000 rms  0.447  0.139% neg 0  invalid 762 tFOTS 5.1740 tGradient 0.8730 tsec 6.3900
#FOTS# QuadFit found better minimum quadopt=(dt=0.004,rms=0.446907) vs oldopt=(dt=0.005,rms=0.446907)
#GCMRL#  604 dt   0.004000 rms  0.447  0.000% neg 0  invalid 762 tFOTS 5.2120 tGradient 0.8590 tsec 6.4460
#GCMRL#  605 dt   0.004000 rms  0.447  0.000% neg 0  invalid 762 tFOTS 0.0000 tGradient 0.8420 tsec 1.1550
label assignment complete, 0 changed (0.00%)
GCAMregister done in 7.90067 min
Starting GCAMcomputeMaxPriorLabels()
Morphing with label term set to 0 *******************************
Starting GCAMregister()
label assignment complete, 0 changed (0.00%)
npasses = 1, nlevels = 6
#pass# 1 of 1 ************************
enabling zero nodes
setting smoothness cost coefficient to 0.008

#GCAMreg# pass 0 level1 5 level2 0 tsec 0 sigma 2
l_jacobian=1.00 l_log_likelihood=0.20 l_smoothness=0.01 
tol=2.50e-01, dt=5.00e-02, exp_k=20.0, momentum=0.90, levels=6, niter=500, lbl_dist=10.00, avgs=256, sigma=2.0,type=2, relabel=0, neg=yes

blurring input image with Gaussian with sigma=2.000...
GCAMRegisterLevel(): init RMS 0.4321

#GCAMreg# pass 0 level1 5 level2 1 tsec 17.446 sigma 0.5
l_jacobian=1.00 l_log_likelihood=0.20 l_smoothness=0.01 
tol=2.50e-01, dt=5.00e-02, exp_k=20.0, momentum=0.90, levels=6, niter=500, lbl_dist=10.00, avgs=256, sigma=0.5,type=2, relabel=0, neg=yes

blurring input image with Gaussian with sigma=0.500...
GCAMRegisterLevel(): init RMS 0.4321
#FOTS# QuadFit found better minimum quadopt=(dt=32.368,rms=0.43208) vs oldopt=(dt=23.12,rms=0.432083)
#GCMRL#  608 dt  32.368000 rms  0.432  0.005% neg 0  invalid 762 tFOTS 4.8490 tGradient 2.2370 tsec 7.3860
#FOTS# QuadFit found better minimum quadopt=(dt=6.936,rms=0.43208) vs oldopt=(dt=5.78,rms=0.43208)
#GCMRL#  609 dt   6.936000 rms  0.432  0.000% neg 0  invalid 762 tFOTS 4.1880 tGradient 2.2140 tsec 6.7200
setting smoothness cost coefficient to 0.031

#GCAMreg# pass 0 level1 4 level2 0 tsec 0 sigma 2
l_jacobian=1.00 l_log_likelihood=0.20 l_smoothness=0.03 
tol=2.50e-01, dt=5.00e-02, exp_k=20.0, momentum=0.90, levels=6, niter=500, lbl_dist=10.00, avgs=64, sigma=2.0,type=2, relabel=0, neg=yes

blurring input image with Gaussian with sigma=2.000...
GCAMRegisterLevel(): init RMS 0.43226

#GCAMreg# pass 0 level1 4 level2 1 tsec 16.212 sigma 0.5
l_jacobian=1.00 l_log_likelihood=0.20 l_smoothness=0.03 
tol=2.50e-01, dt=5.00e-02, exp_k=20.0, momentum=0.90, levels=6, niter=500, lbl_dist=10.00, avgs=64, sigma=0.5,type=2, relabel=0, neg=yes

blurring input image with Gaussian with sigma=0.500...
GCAMRegisterLevel(): init RMS 0.43226
#FOTS# QuadFit found better minimum quadopt=(dt=36.288,rms=0.432135) vs oldopt=(dt=25.92,rms=0.432154)
#GCMRL#  612 dt  36.288000 rms  0.432  0.029% neg 0  invalid 762 tFOTS 4.3040 tGradient 1.6370 tsec 6.2470
#FOTS# QuadFit found better minimum quadopt=(dt=82.944,rms=0.432029) vs oldopt=(dt=103.68,rms=0.432037)
#GCMRL#  613 dt  82.944000 rms  0.432  0.000% neg 0  invalid 762 tFOTS 4.0170 tGradient 1.5910 tsec 5.9320
#GCMRL#  614 dt  82.944000 rms  0.432  0.025% neg 0  invalid 762 tFOTS 0.0000 tGradient 1.6700 tsec 1.9410
#GCMRL#  615 dt  82.944000 rms  0.432  0.026% neg 0  invalid 762 tFOTS 0.0000 tGradient 1.7400 tsec 2.0250
#GCMRL#  616 dt  82.944000 rms  0.432  0.003% neg 0  invalid 762 tFOTS 0.0000 tGradient 1.7170 tsec 1.9850
setting smoothness cost coefficient to 0.118

#GCAMreg# pass 0 level1 3 level2 0 tsec 0 sigma 2
l_jacobian=1.00 l_log_likelihood=0.20 l_smoothness=0.12 
tol=2.50e-01, dt=5.00e-02, exp_k=20.0, momentum=0.90, levels=6, niter=500, lbl_dist=10.00, avgs=16, sigma=2.0,type=2, relabel=0, neg=yes

blurring input image with Gaussian with sigma=2.000...
GCAMRegisterLevel(): init RMS 0.432504
#FOTS# QuadFit found better minimum quadopt=(dt=6.4,rms=0.43236) vs oldopt=(dt=8,rms=0.432366)
#GCMRL#  618 dt   6.400000 rms  0.432  0.033% neg 0  invalid 762 tFOTS 4.6920 tGradient 1.2990 tsec 6.3120
#FOTS# QuadFit found better minimum quadopt=(dt=2.8,rms=0.432341) vs oldopt=(dt=2,rms=0.432343)
#GCMRL#  619 dt   2.800000 rms  0.432  0.000% neg 0  invalid 762 tFOTS 4.6730 tGradient 1.3380 tsec 6.3730
#GCMRL#  620 dt   2.800000 rms  0.432  0.001% neg 0  invalid 762 tFOTS 0.0000 tGradient 1.2520 tsec 1.5310

#GCAMreg# pass 0 level1 3 level2 1 tsec 26.09 sigma 0.5
l_jacobian=1.00 l_log_likelihood=0.20 l_smoothness=0.12 
tol=2.50e-01, dt=5.00e-02, exp_k=20.0, momentum=0.90, levels=6, niter=500, lbl_dist=10.00, avgs=16, sigma=0.5,type=2, relabel=0, neg=yes

blurring input image with Gaussian with sigma=0.500...
GCAMRegisterLevel(): init RMS 0.432338
#FOTS# QuadFit found better minimum quadopt=(dt=72.1951,rms=0.429709) vs oldopt=(dt=32,rms=0.430259)
#GCMRL#  622 dt  72.195122 rms  0.430  0.608% neg 0  invalid 762 tFOTS 4.6510 tGradient 1.2740 tsec 6.2290
#FOTS# QuadFit found better minimum quadopt=(dt=11.2,rms=0.428729) vs oldopt=(dt=8,rms=0.428909)
#GCMRL#  623 dt  11.200000 rms  0.429  0.000% neg 0  invalid 762 tFOTS 4.6780 tGradient 1.2920 tsec 6.3290
#GCMRL#  624 dt  11.200000 rms  0.428  0.059% neg 0  invalid 762 tFOTS 0.0000 tGradient 1.2980 tsec 1.5820
#GCMRL#  625 dt  11.200000 rms  0.428  0.050% neg 0  invalid 762 tFOTS 0.0000 tGradient 1.2780 tsec 1.5590
iter 0, gcam->neg = 1
after 0 iterations, nbhd size=0, neg = 0
#GCMRL#  626 dt  11.200000 rms  0.428  0.047% neg 0  invalid 762 tFOTS 0.0000 tGradient 1.3290 tsec 2.7510
#FOTS# QuadFit found better minimum quadopt=(dt=44.8,rms=0.427355) vs oldopt=(dt=32,rms=0.427412)
#GCMRL#  627 dt  44.800000 rms  0.427  0.164% neg 0  invalid 762 tFOTS 4.6730 tGradient 1.2930 tsec 6.2630
#FOTS# QuadFit found better minimum quadopt=(dt=11.2,rms=0.427124) vs oldopt=(dt=8,rms=0.427168)
setting smoothness cost coefficient to 0.400

#GCAMreg# pass 0 level1 2 level2 0 tsec 0 sigma 2
l_jacobian=1.00 l_log_likelihood=0.20 l_smoothness=0.40 
tol=2.50e-01, dt=5.00e-02, exp_k=20.0, momentum=0.90, levels=6, niter=500, lbl_dist=10.00, avgs=4, sigma=2.0,type=2, relabel=0, neg=yes

blurring input image with Gaussian with sigma=2.000...
GCAMRegisterLevel(): init RMS 0.430102
#FOTS# QuadFit found better minimum quadopt=(dt=3.456,rms=0.429896) vs oldopt=(dt=2.88,rms=0.429903)
#GCMRL#  629 dt   3.456000 rms  0.430  0.048% neg 0  invalid 762 tFOTS 4.6920 tGradient 1.0250 tsec 6.0510
#FOTS# QuadFit found better minimum quadopt=(dt=1.008,rms=0.429885) vs oldopt=(dt=0.72,rms=0.429886)
#GCMRL#  630 dt   1.008000 rms  0.430  0.000% neg 0  invalid 762 tFOTS 4.6800 tGradient 1.0260 tsec 6.0660

#GCAMreg# pass 0 level1 2 level2 1 tsec 23.705 sigma 0.5
l_jacobian=1.00 l_log_likelihood=0.20 l_smoothness=0.40 
tol=2.50e-01, dt=5.00e-02, exp_k=20.0, momentum=0.90, levels=6, niter=500, lbl_dist=10.00, avgs=4, sigma=0.5,type=2, relabel=0, neg=yes

blurring input image with Gaussian with sigma=0.500...
GCAMRegisterLevel(): init RMS 0.429885
#FOTS# QuadFit found better minimum quadopt=(dt=22.4928,rms=0.427909) vs oldopt=(dt=11.52,rms=0.42833)
iter 0, gcam->neg = 8
after 3 iterations, nbhd size=0, neg = 0
#GCMRL#  632 dt  22.492754 rms  0.428  0.455% neg 0  invalid 762 tFOTS 4.6510 tGradient 1.0230 tsec 8.4580
#FOTS# QuadFit found better minimum quadopt=(dt=15.36,rms=0.426574) vs oldopt=(dt=11.52,rms=0.426656)
iter 0, gcam->neg = 6
after 5 iterations, nbhd size=0, neg = 0
#GCMRL#  633 dt  15.360000 rms  0.427  0.318% neg 0  invalid 762 tFOTS 4.6500 tGradient 1.0230 tsec 9.5230
#FOTS# QuadFit found better minimum quadopt=(dt=7.48387,rms=0.426255) vs oldopt=(dt=11.52,rms=0.426348)
iter 0, gcam->neg = 3
after 1 iterations, nbhd size=0, neg = 0
#GCMRL#  634 dt   7.483871 rms  0.426  0.000% neg 0  invalid 762 tFOTS 4.6740 tGradient 0.9970 tsec 7.6140
#GCMRL#  635 dt   7.483871 rms  0.426  0.044% neg 0  invalid 762 tFOTS 0.0000 tGradient 1.0160 tsec 1.3040
iter 0, gcam->neg = 2
after 3 iterations, nbhd size=0, neg = 0
#GCMRL#  636 dt   7.483871 rms  0.426  0.077% neg 0  invalid 762 tFOTS 0.0000 tGradient 1.0820 tsec 3.7850
iter 0, gcam->neg = 4
after 2 iterations, nbhd size=0, neg = 0
#GCMRL#  637 dt   7.483871 rms  0.425  0.097% neg 0  invalid 762 tFOTS 0.0000 tGradient 1.0040 tsec 3.3370
iter 0, gcam->neg = 14
after 5 iterations, nbhd size=0, neg = 0
#GCMRL#  638 dt   7.483871 rms  0.425  0.073% neg 0  invalid 762 tFOTS 0.0000 tGradient 1.0260 tsec 4.8210
iter 0, gcam->neg = 18
after 3 iterations, nbhd size=0, neg = 0
#GCMRL#  639 dt   7.483871 rms  0.425  0.062% neg 0  invalid 762 tFOTS 0.0000 tGradient 1.0310 tsec 3.8500
iter 0, gcam->neg = 4
after 5 iterations, nbhd size=0, neg = 0
setting smoothness cost coefficient to 1.000

#GCAMreg# pass 0 level1 1 level2 0 tsec 0 sigma 2
l_jacobian=1.00 l_log_likelihood=0.20 l_smoothness=1.00 
tol=2.50e-01, dt=5.00e-02, exp_k=20.0, momentum=0.90, levels=6, niter=500, lbl_dist=10.00, avgs=1, sigma=2.0,type=2, relabel=0, neg=yes

blurring input image with Gaussian with sigma=2.000...
GCAMRegisterLevel(): init RMS 0.431214
#FOTS# QuadFit found better minimum quadopt=(dt=4e-05,rms=0.431213) vs oldopt=(dt=5e-05,rms=0.431213)
#GCMRL#  641 dt   0.000040 rms  0.431  0.000% neg 0  invalid 762 tFOTS 6.0380 tGradient 0.8350 tsec 7.2050

#GCAMreg# pass 0 level1 1 level2 1 tsec 23.126 sigma 0.5
l_jacobian=1.00 l_log_likelihood=0.20 l_smoothness=1.00 
tol=2.50e-01, dt=5.00e-02, exp_k=20.0, momentum=0.90, levels=6, niter=500, lbl_dist=10.00, avgs=1, sigma=0.5,type=2, relabel=0, neg=yes

blurring input image with Gaussian with sigma=0.500...
GCAMRegisterLevel(): init RMS 0.431213
resetting metric properties...
setting smoothness cost coefficient to 2.000

#GCAMreg# pass 0 level1 0 level2 0 tsec 0 sigma 2
l_jacobian=1.00 l_log_likelihood=0.20 l_smoothness=2.00 
tol=2.50e-01, dt=5.00e-02, exp_k=20.0, momentum=0.90, levels=6, niter=500, lbl_dist=10.00, avgs=0, sigma=2.0,type=2, relabel=0, neg=yes

blurring input image with Gaussian with sigma=2.000...
GCAMRegisterLevel(): init RMS 0.420244
#FOTS# QuadFit found better minimum quadopt=(dt=1.18682,rms=0.411023) vs oldopt=(dt=1.28,rms=0.411045)
iter 0, gcam->neg = 441
after 13 iterations, nbhd size=1, neg = 0
#GCMRL#  644 dt   1.186824 rms  0.412  1.977% neg 0  invalid 762 tFOTS 4.7170 tGradient 0.4020 tsec 11.4220
#FOTS# QuadFit found better minimum quadopt=(dt=2.73438e-05,rms=0.411936) vs oldopt=(dt=1.95313e-05,rms=0.411936)
#GCMRL#  645 dt   0.000027 rms  0.412  0.000% neg 0  invalid 762 tFOTS 5.9760 tGradient 0.4070 tsec 6.7310

#GCAMreg# pass 0 level1 0 level2 1 tsec 29.167 sigma 0.5
l_jacobian=1.00 l_log_likelihood=0.20 l_smoothness=2.00 
tol=2.50e-01, dt=5.00e-02, exp_k=20.0, momentum=0.90, levels=6, niter=500, lbl_dist=10.00, avgs=0, sigma=0.5,type=2, relabel=0, neg=yes

blurring input image with Gaussian with sigma=0.500...
GCAMRegisterLevel(): init RMS 0.411936
#FOTS# QuadFit found better minimum quadopt=(dt=0.112,rms=0.411499) vs oldopt=(dt=0.08,rms=0.411574)
#GCMRL#  647 dt   0.112000 rms  0.411  0.106% neg 0  invalid 762 tFOTS 4.6940 tGradient 0.3980 tsec 5.4130
#FOTS# QuadFit found better minimum quadopt=(dt=0.112,rms=0.411276) vs oldopt=(dt=0.08,rms=0.411312)
#GCMRL#  648 dt   0.112000 rms  0.411  0.000% neg 0  invalid 762 tFOTS 4.7530 tGradient 0.4040 tsec 5.5100
#GCMRL#  649 dt   0.112000 rms  0.411  0.039% neg 0  invalid 762 tFOTS 0.0000 tGradient 0.3960 tsec 0.6700
#GCMRL#  650 dt   0.112000 rms  0.411  0.006% neg 0  invalid 762 tFOTS 0.0000 tGradient 0.3980 tsec 0.6770
GCAMregister done in 4.70447 min
writing output transformation to transforms/talairach.m3z...
GCAMwrite
Calls to gcamLogLikelihoodEnergy 4314 tmin = 1.79435
Calls to gcamLabelEnergy         3743 tmin = 1.33093
Calls to gcamJacobianEnergy      4314 tmin = 0.829033
Calls to gcamSmoothnessEnergy    4314 tmin = 5.53007
Calls to gcamLogLikelihoodTerm 652 tmin = 1.09597
Calls to gcamLabelTerm         607 tmin = 6.62138
Calls to gcamJacobianTerm      652 tmin = 1.39773
Calls to gcamSmoothnessTerm    652 tmin = 0.547933
Calls to gcamComputeGradient    652 tmin = 20.436
Calls to gcamComputeMetricProperties    6083 tmin = 2.3151
mri_ca_register took 0 hours, 50 minutes and 5 seconds.
#VMPC# mri_ca_register VmPeak  3122076
FSRUNTIME@ mri_ca_register  0.8347 hours 16 threads
#--------------------------------------
#@# SubCort Seg Mon Mar  9 12:22:32 CET 2026

 mri_ca_label -relabel_unlikely 9 .3 -prior 0.5 -align norm.mgz transforms/talairach.m3z /opt/freesurfer/average/RB_all_2020-01-02.gca aseg.auto_noCCseg.mgz 

sysname  Linux
hostname dna060
machine  x86_64

setenv SUBJECTS_DIR /out/sourcedata/freesurfer
cd /out/sourcedata/freesurfer/sub-v1s21x0050411_ses-1/mri
mri_ca_label -relabel_unlikely 9 .3 -prior 0.5 -align norm.mgz transforms/talairach.m3z /opt/freesurfer/average/RB_all_2020-01-02.gca aseg.auto_noCCseg.mgz 

relabeling unlikely voxels with window_size = 9 and prior threshold 0.30
using Gibbs prior factor = 0.500
renormalizing sequences with structure alignment, equivalent to:
	-renormalize
	-renormalize_mean 0.500
	-regularize 0.500

== Number of threads available to for OpenMP = 16 == 
reading 1 input volumes
reading classifier array from /opt/freesurfer/average/RB_all_2020-01-02.gca
reading input volume from norm.mgz
average std[0] = 7.2
reading transform from transforms/talairach.m3z
setting orig areas to linear transform determinant scaled 7.95
Atlas used for the 3D morph was /opt/freesurfer/average/RB_all_2020-01-02.gca
average std = 7.2   using min determinant for regularization = 5.2
0 singular and 0 ill-conditioned covariance matrices regularized
labeling volume...
renormalizing by structure alignment....
renormalizing input #0
gca peak = 0.15521 (20)
mri peak = 0.09273 (14)
Left_Lateral_Ventricle (4): linear fit = 0.61 x + 0.0 (952 voxels, overlap=0.188)
Left_Lateral_Ventricle (4): linear fit = 0.61 x + 0.0 (952 voxels, peak = 12), gca=12.1
gca peak = 0.20380 (13)
mri peak = 0.10172 (14)
Right_Lateral_Ventricle (43): linear fit = 1.03 x + 0.0 (535 voxels, overlap=0.704)
Right_Lateral_Ventricle (43): linear fit = 1.03 x + 0.0 (535 voxels, peak = 13), gca=13.5
gca peak = 0.26283 (96)
mri peak = 0.10457 (95)
Right_Pallidum (52): linear fit = 1.00 x + 0.0 (982 voxels, overlap=1.010)
Right_Pallidum (52): linear fit = 1.00 x + 0.0 (982 voxels, peak = 96), gca=95.5
gca peak = 0.15814 (97)
mri peak = 0.11021 (88)
Left_Pallidum (13): linear fit = 0.94 x + 0.0 (851 voxels, overlap=0.820)
Left_Pallidum (13): linear fit = 0.94 x + 0.0 (851 voxels, peak = 91), gca=90.7
gca peak = 0.27624 (56)
mri peak = 0.11111 (62)
Right_Hippocampus (53): linear fit = 1.04 x + 0.0 (967 voxels, overlap=0.968)
Right_Hippocampus (53): linear fit = 1.04 x + 0.0 (967 voxels, peak = 59), gca=58.5
gca peak = 0.28723 (59)
mri peak = 0.11528 (60)
Left_Hippocampus (17): linear fit = 1.04 x + 0.0 (1068 voxels, overlap=1.007)
Left_Hippocampus (17): linear fit = 1.04 x + 0.0 (1068 voxels, peak = 62), gca=61.7
gca peak = 0.07623 (103)
mri peak = 0.07811 (97)
Right_Cerebral_White_Matter (41): linear fit = 0.99 x + 0.0 (62245 voxels, overlap=0.827)
Right_Cerebral_White_Matter (41): linear fit = 0.99 x + 0.0 (62245 voxels, peak = 101), gca=101.5
gca peak = 0.07837 (105)
mri peak = 0.07060 (93)
Left_Cerebral_White_Matter (2): linear fit = 1.00 x + 0.0 (59320 voxels, overlap=0.915)
Left_Cerebral_White_Matter (2): linear fit = 1.00 x + 0.0 (59320 voxels, peak = 104), gca=104.5
gca peak = 0.10165 (58)
mri peak = 0.04319 (62)
Left_Cerebral_Cortex (3): linear fit = 1.08 x + 0.0 (49509 voxels, overlap=0.917)
Left_Cerebral_Cortex (3): linear fit = 1.08 x + 0.0 (49509 voxels, peak = 62), gca=62.4
gca peak = 0.11113 (58)
mri peak = 0.04808 (57)
Right_Cerebral_Cortex (42): linear fit = 1.02 x + 0.0 (46124 voxels, overlap=0.956)
Right_Cerebral_Cortex (42): linear fit = 1.02 x + 0.0 (46124 voxels, peak = 59), gca=59.4
gca peak = 0.27796 (67)
mri peak = 0.12938 (71)
Right_Caudate (50): linear fit = 1.04 x + 0.0 (1651 voxels, overlap=0.832)
Right_Caudate (50): linear fit = 1.04 x + 0.0 (1651 voxels, peak = 70), gca=70.0
gca peak = 0.14473 (69)
mri peak = 0.09106 (66)
Left_Caudate (11): linear fit = 0.89 x + 0.0 (1830 voxels, overlap=0.511)
Left_Caudate (11): linear fit = 0.89 x + 0.0 (1830 voxels, peak = 62), gca=61.8
gca peak = 0.14301 (56)
mri peak = 0.05904 (62)
Left_Cerebellum_Cortex (8): linear fit = 1.04 x + 0.0 (35784 voxels, overlap=0.981)
Left_Cerebellum_Cortex (8): linear fit = 1.04 x + 0.0 (35784 voxels, peak = 59), gca=58.5
gca peak = 0.14610 (55)
mri peak = 0.05401 (58)
Right_Cerebellum_Cortex (47): linear fit = 1.04 x + 0.0 (35506 voxels, overlap=0.997)
Right_Cerebellum_Cortex (47): linear fit = 1.04 x + 0.0 (35506 voxels, peak = 57), gca=57.5
gca peak = 0.16309 (85)
mri peak = 0.06671 (90)
Left_Cerebellum_White_Matter (7): linear fit = 1.07 x + 0.0 (6351 voxels, overlap=0.745)
Left_Cerebellum_White_Matter (7): linear fit = 1.07 x + 0.0 (6351 voxels, peak = 91), gca=90.5
gca peak = 0.15172 (84)
mri peak = 0.06427 (91)
Right_Cerebellum_White_Matter (46): linear fit = 1.11 x + 0.0 (4619 voxels, overlap=0.704)
Right_Cerebellum_White_Matter (46): linear fit = 1.11 x + 0.0 (4619 voxels, peak = 93), gca=92.8
gca peak = 0.30461 (58)
mri peak = 0.11135 (68)
Left_Amygdala (18): linear fit = 1.18 x + 0.0 (458 voxels, overlap=0.651)
Left_Amygdala (18): linear fit = 1.18 x + 0.0 (458 voxels, peak = 69), gca=68.7
gca peak = 0.32293 (57)
mri peak = 0.14197 (64)
Right_Amygdala (54): linear fit = 1.12 x + 0.0 (459 voxels, overlap=0.572)
Right_Amygdala (54): linear fit = 1.12 x + 0.0 (459 voxels, peak = 64), gca=64.1
gca peak = 0.11083 (90)
mri peak = 0.09583 (82)
Left_Thalamus (10): linear fit = 0.99 x + 0.0 (5740 voxels, overlap=0.930)
Left_Thalamus (10): linear fit = 0.99 x + 0.0 (5740 voxels, peak = 89), gca=88.7
gca peak = 0.11393 (83)
mri peak = 0.09222 (86)
Right_Thalamus (49): linear fit = 1.04 x + 0.0 (4341 voxels, overlap=0.843)
Right_Thalamus (49): linear fit = 1.04 x + 0.0 (4341 voxels, peak = 87), gca=86.7
gca peak = 0.08575 (81)
mri peak = 0.08788 (78)
Left_Putamen (12): linear fit = 0.94 x + 0.0 (3211 voxels, overlap=0.776)
Left_Putamen (12): linear fit = 0.94 x + 0.0 (3211 voxels, peak = 77), gca=76.5
gca peak = 0.08618 (78)
mri peak = 0.10082 (78)
Right_Putamen (51): linear fit = 0.98 x + 0.0 (2682 voxels, overlap=0.902)
Right_Putamen (51): linear fit = 0.98 x + 0.0 (2682 voxels, peak = 76), gca=76.1
gca peak = 0.08005 (78)
mri peak = 0.09340 (81)
Brain_Stem (16): linear fit = 1.05 x + 0.0 (14510 voxels, overlap=0.492)
Brain_Stem (16): linear fit = 1.05 x + 0.0 (14510 voxels, peak = 82), gca=82.3
gca peak = 0.12854 (88)
mri peak = 0.05692 (87)
Right_VentralDC (60): linear fit = 1.11 x + 0.0 (1239 voxels, overlap=0.638)
Right_VentralDC (60): linear fit = 1.11 x + 0.0 (1239 voxels, peak = 97), gca=97.2
gca peak = 0.15703 (87)
mri peak = 0.06463 (91)
Left_VentralDC (28): linear fit = 1.09 x + 0.0 (1490 voxels, overlap=0.656)
Left_VentralDC (28): linear fit = 1.09 x + 0.0 (1490 voxels, peak = 94), gca=94.4
gca peak = 0.17522 (25)
mri peak = 0.06207 (19)
gca peak = 0.17113 (14)
mri peak = 0.13409 (14)
Fourth_Ventricle (15): linear fit = 0.70 x + 0.0 (387 voxels, overlap=0.399)
Fourth_Ventricle (15): linear fit = 0.70 x + 0.0 (387 voxels, peak = 10), gca=9.9
gca peak Unknown = 0.94777 ( 0)
gca peak Left_Inf_Lat_Vent = 0.16627 (28)
gca peak Third_Ventricle = 0.17522 (25)
gca peak CSF = 0.20346 (36)
gca peak Left_Accumbens_area = 0.70646 (62)
gca peak Left_undetermined = 1.00000 (28)
gca peak Left_vessel = 0.89917 (53)
gca peak Left_choroid_plexus = 0.11689 (35)
gca peak Right_Inf_Lat_Vent = 0.25504 (23)
gca peak Right_Accumbens_area = 0.31650 (65)
gca peak Right_vessel = 0.77268 (52)
gca peak Right_choroid_plexus = 0.13275 (38)
gca peak Fifth_Ventricle = 0.60973 (33)
gca peak WM_hypointensities = 0.11013 (77)
gca peak non_WM_hypointensities = 0.11354 (41)
gca peak Optic_Chiasm = 0.51646 (76)
not using caudate to estimate GM means
estimating mean gm scale to be 1.08 x + 0.0
estimating mean wm scale to be 0.99 x + 0.0
estimating mean csf scale to be 0.78 x + 0.0
saving intensity scales to aseg.auto_noCCseg.label_intensities.txt
renormalizing by structure alignment....
renormalizing input #0
gca peak = 0.23265 (11)
mri peak = 0.09273 (14)
Left_Lateral_Ventricle (4): linear fit = 1.04 x + 0.0 (952 voxels, overlap=0.953)
Left_Lateral_Ventricle (4): linear fit = 1.04 x + 0.0 (952 voxels, peak = 11), gca=11.5
gca peak = 0.17125 (13)
mri peak = 0.10172 (14)
Right_Lateral_Ventricle (43): linear fit = 0.83 x + 0.0 (535 voxels, overlap=0.711)
Right_Lateral_Ventricle (43): linear fit = 0.83 x + 0.0 (535 voxels, peak = 11), gca=10.9
gca peak = 0.22283 (94)
mri peak = 0.10457 (95)
Right_Pallidum (52): linear fit = 1.00 x + 0.0 (982 voxels, overlap=1.002)
Right_Pallidum (52): linear fit = 1.00 x + 0.0 (982 voxels, peak = 94), gca=93.5
gca peak = 0.18630 (90)
mri peak = 0.11021 (88)
Left_Pallidum (13): linear fit = 1.01 x + 0.0 (851 voxels, overlap=1.000)
Left_Pallidum (13): linear fit = 1.01 x + 0.0 (851 voxels, peak = 91), gca=91.3
gca peak = 0.27398 (58)
mri peak = 0.11111 (62)
Right_Hippocampus (53): linear fit = 1.05 x + 0.0 (967 voxels, overlap=1.003)
Right_Hippocampus (53): linear fit = 1.05 x + 0.0 (967 voxels, peak = 61), gca=61.2
gca peak = 0.34656 (59)
mri peak = 0.11528 (60)
Left_Hippocampus (17): linear fit = 1.00 x + 0.0 (1068 voxels, overlap=1.004)
Left_Hippocampus (17): linear fit = 1.00 x + 0.0 (1068 voxels, peak = 59), gca=59.0
gca peak = 0.08067 (102)
mri peak = 0.07811 (97)
Right_Cerebral_White_Matter (41): linear fit = 1.00 x + 0.0 (62245 voxels, overlap=0.819)
Right_Cerebral_White_Matter (41): linear fit = 1.00 x + 0.0 (62245 voxels, peak = 102), gca=102.0
gca peak = 0.08125 (104)
mri peak = 0.07060 (93)
Left_Cerebral_White_Matter (2): linear fit = 1.00 x + 0.0 (59320 voxels, overlap=0.918)
Left_Cerebral_White_Matter (2): linear fit = 1.00 x + 0.0 (59320 voxels, peak = 103), gca=103.5
gca peak = 0.09075 (62)
mri peak = 0.04319 (62)
Left_Cerebral_Cortex (3): linear fit = 0.99 x + 0.0 (49509 voxels, overlap=0.974)
Left_Cerebral_Cortex (3): linear fit = 0.99 x + 0.0 (49509 voxels, peak = 61), gca=61.1
gca peak = 0.11175 (60)
mri peak = 0.04808 (57)
Right_Cerebral_Cortex (42): linear fit = 1.02 x + 0.0 (46124 voxels, overlap=0.971)
Right_Cerebral_Cortex (42): linear fit = 1.02 x + 0.0 (46124 voxels, peak = 62), gca=61.5
gca peak = 0.26566 (70)
mri peak = 0.12938 (71)
Right_Caudate (50): linear fit = 1.00 x + 0.0 (1651 voxels, overlap=0.816)
Right_Caudate (50): linear fit = 1.00 x + 0.0 (1651 voxels, peak = 70), gca=70.0
gca peak = 0.13581 (62)
mri peak = 0.09106 (66)
Left_Caudate (11): linear fit = 1.01 x + 0.0 (1830 voxels, overlap=1.001)
Left_Caudate (11): linear fit = 1.01 x + 0.0 (1830 voxels, peak = 63), gca=62.9
gca peak = 0.13218 (58)
mri peak = 0.05904 (62)
Left_Cerebellum_Cortex (8): linear fit = 1.04 x + 0.0 (35784 voxels, overlap=1.000)
Left_Cerebellum_Cortex (8): linear fit = 1.04 x + 0.0 (35784 voxels, peak = 61), gca=60.6
gca peak = 0.15509 (58)
mri peak = 0.05401 (58)
Right_Cerebellum_Cortex (47): linear fit = 0.99 x + 0.0 (35506 voxels, overlap=1.000)
Right_Cerebellum_Cortex (47): linear fit = 0.99 x + 0.0 (35506 voxels, peak = 57), gca=57.1
gca peak = 0.15236 (90)
mri peak = 0.06671 (90)
Left_Cerebellum_White_Matter (7): linear fit = 1.00 x + 0.0 (6351 voxels, overlap=0.966)
Left_Cerebellum_White_Matter (7): linear fit = 1.00 x + 0.0 (6351 voxels, peak = 90), gca=89.6
gca peak = 0.14420 (93)
mri peak = 0.06427 (91)
Right_Cerebellum_White_Matter (46): linear fit = 0.99 x + 0.0 (4619 voxels, overlap=0.989)
Right_Cerebellum_White_Matter (46): linear fit = 0.99 x + 0.0 (4619 voxels, peak = 92), gca=91.6
gca peak = 0.26951 (69)
mri peak = 0.11135 (68)
Left_Amygdala (18): linear fit = 1.00 x + 0.0 (458 voxels, overlap=0.997)
Left_Amygdala (18): linear fit = 1.00 x + 0.0 (458 voxels, peak = 69), gca=69.0
gca peak = 0.27322 (64)
mri peak = 0.14197 (64)
Right_Amygdala (54): linear fit = 0.99 x + 0.0 (459 voxels, overlap=1.014)
Right_Amygdala (54): linear fit = 0.99 x + 0.0 (459 voxels, peak = 63), gca=63.0
gca peak = 0.10524 (87)
mri peak = 0.09583 (82)
Left_Thalamus (10): linear fit = 1.00 x + 0.0 (5740 voxels, overlap=0.942)
Left_Thalamus (10): linear fit = 1.00 x + 0.0 (5740 voxels, peak = 87), gca=86.6
gca peak = 0.09464 (86)
mri peak = 0.09222 (86)
Right_Thalamus (49): linear fit = 0.99 x + 0.0 (4341 voxels, overlap=0.863)
Right_Thalamus (49): linear fit = 0.99 x + 0.0 (4341 voxels, peak = 85), gca=84.7
gca peak = 0.09010 (73)
mri peak = 0.08788 (78)
Left_Putamen (12): linear fit = 1.02 x + 0.0 (3211 voxels, overlap=0.855)
Left_Putamen (12): linear fit = 1.02 x + 0.0 (3211 voxels, peak = 75), gca=74.8
gca peak = 0.08745 (74)
mri peak = 0.10082 (78)
Right_Putamen (51): linear fit = 1.00 x + 0.0 (2682 voxels, overlap=0.908)
Right_Putamen (51): linear fit = 1.00 x + 0.0 (2682 voxels, peak = 74), gca=74.0
gca peak = 0.08502 (83)
mri peak = 0.09340 (81)
Brain_Stem (16): linear fit = 1.00 x + 0.0 (14510 voxels, overlap=0.724)
Brain_Stem (16): linear fit = 1.00 x + 0.0 (14510 voxels, peak = 83), gca=82.6
gca peak = 0.11360 (97)
mri peak = 0.05692 (87)
Right_VentralDC (60): linear fit = 1.01 x + 0.0 (1239 voxels, overlap=0.850)
Right_VentralDC (60): linear fit = 1.01 x + 0.0 (1239 voxels, peak = 98), gca=98.5
gca peak = 0.14286 (93)
mri peak = 0.06463 (91)
Left_VentralDC (28): linear fit = 0.99 x + 0.0 (1490 voxels, overlap=0.857)
Left_VentralDC (28): linear fit = 0.99 x + 0.0 (1490 voxels, peak = 92), gca=91.6
gca peak = 0.22007 (20)
mri peak = 0.06207 (19)
gca peak = 0.25847 (10)
mri peak = 0.13409 (14)
Fourth_Ventricle (15): linear fit = 1.14 x + 0.0 (387 voxels, overlap=0.740)
Fourth_Ventricle (15): linear fit = 1.14 x + 0.0 (387 voxels, peak = 11), gca=11.4
gca peak Unknown = 0.94777 ( 0)
gca peak Left_Inf_Lat_Vent = 0.18810 (29)
gca peak Third_Ventricle = 0.22007 (20)
gca peak CSF = 0.24528 (28)
gca peak Left_Accumbens_area = 0.72228 (56)
gca peak Left_undetermined = 1.00000 (28)
gca peak Left_vessel = 0.89917 (53)
gca peak Left_choroid_plexus = 0.11689 (35)
gca peak Right_Inf_Lat_Vent = 0.24866 (24)
gca peak Right_Accumbens_area = 0.32370 (68)
gca peak Right_vessel = 0.77268 (52)
gca peak Right_choroid_plexus = 0.13275 (38)
gca peak Fifth_Ventricle = 0.60973 (26)
gca peak WM_hypointensities = 0.09938 (76)
gca peak non_WM_hypointensities = 0.13982 (40)
gca peak Optic_Chiasm = 0.52448 (76)
not using caudate to estimate GM means
estimating mean gm scale to be 1.01 x + 0.0
estimating mean wm scale to be 1.00 x + 0.0
estimating mean csf scale to be 1.01 x + 0.0
saving intensity scales to aseg.auto_noCCseg.label_intensities.txt
saving sequentially combined intensity scales to aseg.auto_noCCseg.label_intensities.txt
73664 voxels changed in iteration 0 of unlikely voxel relabeling
330 voxels changed in iteration 1 of unlikely voxel relabeling
30 voxels changed in iteration 2 of unlikely voxel relabeling
0 voxels changed in iteration 3 of unlikely voxel relabeling
60506 gm and wm labels changed (%24 to gray, %76 to white out of all changed labels)
381 hippocampal voxels changed.
0 amygdala voxels changed.
Reclassifying using Gibbs Priors
pass 1: 80930 changed. image ll: -2.155, PF=0.500
pass 2: 22223 changed. image ll: -2.154, PF=0.500
pass 3: 7141 changed.
pass 4: 2488 changed.
55757 voxels changed in iteration 0 of unlikely voxel relabeling
394 voxels changed in iteration 1 of unlikely voxel relabeling
26 voxels changed in iteration 2 of unlikely voxel relabeling
1 voxels changed in iteration 3 of unlikely voxel relabeling
0 voxels changed in iteration 4 of unlikely voxel relabeling
9551 voxels changed in iteration 0 of unlikely voxel relabeling
189 voxels changed in iteration 1 of unlikely voxel relabeling
2 voxels changed in iteration 2 of unlikely voxel relabeling
0 voxels changed in iteration 3 of unlikely voxel relabeling
7924 voxels changed in iteration 0 of unlikely voxel relabeling
117 voxels changed in iteration 1 of unlikely voxel relabeling
15 voxels changed in iteration 2 of unlikely voxel relabeling
17 voxels changed in iteration 3 of unlikely voxel relabeling
15 voxels changed in iteration 4 of unlikely voxel relabeling
6822 voxels changed in iteration 0 of unlikely voxel relabeling
43 voxels changed in iteration 1 of unlikely voxel relabeling
1 voxels changed in iteration 2 of unlikely voxel relabeling
0 voxels changed in iteration 3 of unlikely voxel relabeling
 !!!!!!!!! ventricle segment 1 with volume 6707 above threshold 100 - not erasing !!!!!!!!!!
 !!!!!!!!! ventricle segment 2 with volume 5674 above threshold 100 - not erasing !!!!!!!!!!
 !!!!!!!!! ventricle segment 1 with volume 109 above threshold 100 - not erasing !!!!!!!!!!
writing labeled volume to aseg.auto_noCCseg.mgz
mri_ca_label utimesec    2125.681040
mri_ca_label stimesec    2.365593
mri_ca_label ru_maxrss   2186540
mri_ca_label ru_ixrss    0
mri_ca_label ru_idrss    0
mri_ca_label ru_isrss    0
mri_ca_label ru_minflt   3438503
mri_ca_label ru_majflt   16
mri_ca_label ru_nswap    0
mri_ca_label ru_inblock  1142
mri_ca_label ru_oublock  744
mri_ca_label ru_msgsnd   0
mri_ca_label ru_msgrcv   0
mri_ca_label ru_nsignals 0
mri_ca_label ru_nvcsw    1982
mri_ca_label ru_nivcsw   1971
auto-labeling took 34 minutes and 11 seconds.
#--------------------------------------
#@# CC Seg Mon Mar  9 12:56:43 CET 2026

 mri_cc -aseg aseg.auto_noCCseg.mgz -o aseg.auto.mgz -lta /out/sourcedata/freesurfer/sub-v1s21x0050411_ses-1/mri/transforms/cc_up.lta sub-v1s21x0050411_ses-1 

will read input aseg from aseg.auto_noCCseg.mgz
writing aseg with cc labels to aseg.auto.mgz
will write lta as /out/sourcedata/freesurfer/sub-v1s21x0050411_ses-1/mri/transforms/cc_up.lta
reading aseg from /out/sourcedata/freesurfer/sub-v1s21x0050411_ses-1/mri/aseg.auto_noCCseg.mgz
reading norm from /out/sourcedata/freesurfer/sub-v1s21x0050411_ses-1/mri/norm.mgz
99296 voxels in left wm, 70192 in right wm, xrange [124, 138]
searching rotation angles z=[-4 10], y=[-5  9]
searching scale 1 Z rot -4.4  searching scale 1 Z rot -4.1  searching scale 1 Z rot -3.9  searching scale 1 Z rot -3.6  searching scale 1 Z rot -3.4  searching scale 1 Z rot -3.1  searching scale 1 Z rot -2.9  searching scale 1 Z rot -2.6  searching scale 1 Z rot -2.4  searching scale 1 Z rot -2.1  searching scale 1 Z rot -1.9  searching scale 1 Z rot -1.6  searching scale 1 Z rot -1.4  searching scale 1 Z rot -1.1  searching scale 1 Z rot -0.9  searching scale 1 Z rot -0.6  searching scale 1 Z rot -0.4  searching scale 1 Z rot -0.1  searching scale 1 Z rot 0.1  searching scale 1 Z rot 0.4  searching scale 1 Z rot 0.6  searching scale 1 Z rot 0.9  searching scale 1 Z rot 1.1  searching scale 1 Z rot 1.4  searching scale 1 Z rot 1.6  searching scale 1 Z rot 1.9  searching scale 1 Z rot 2.1  searching scale 1 Z rot 2.4  searching scale 1 Z rot 2.6  searching scale 1 Z rot 2.9  searching scale 1 Z rot 3.1  searching scale 1 Z rot 3.4  searching scale 1 Z rot 3.6  searching scale 1 Z rot 3.9  searching scale 1 Z rot 4.1  searching scale 1 Z rot 4.4  searching scale 1 Z rot 4.6  searching scale 1 Z rot 4.9  searching scale 1 Z rot 5.1  searching scale 1 Z rot 5.4  searching scale 1 Z rot 5.6  searching scale 1 Z rot 5.9  searching scale 1 Z rot 6.1  searching scale 1 Z rot 6.4  searching scale 1 Z rot 6.6  searching scale 1 Z rot 6.9  searching scale 1 Z rot 7.1  searching scale 1 Z rot 7.4  searching scale 1 Z rot 7.6  searching scale 1 Z rot 7.9  searching scale 1 Z rot 8.1  searching scale 1 Z rot 8.4  searching scale 1 Z rot 8.6  searching scale 1 Z rot 8.9  searching scale 1 Z rot 9.1  global minimum found at slice 129.0, rotations (1.96, 2.39)
final transformation (x=129.0, yr=1.962, zr=2.393):
 0.99854  -0.04175   0.03421  -1.68261;
 0.04173   0.99913   0.00143   47.51519;
-0.03424   0.00000   0.99941   15.48504;
 0.00000   0.00000   0.00000   1.00000;
updating x range to be [125, 131] in xformed coordinates
best xformed slice 127
min_x_fornix = 127
min_x_fornix = 135
min_x_fornix = 135
min_x_fornix = 133
min_x_fornix = 130
cc center is found at 127 75 117
eigenvectors:
 0.00006  -0.00316   0.99999;
 0.26780  -0.96347  -0.00306;
 0.96347   0.26780   0.00079;
error in mid anterior detected - correcting...
writing aseg with callosum to /out/sourcedata/freesurfer/sub-v1s21x0050411_ses-1/mri/aseg.auto.mgz...
corpus callosum segmentation took 0.8 minutes
#VMPC# mri_cc VmPeak  556572
mri_cc done
#--------------------------------------
#@# Merge ASeg Mon Mar  9 12:57:30 CET 2026

 cp aseg.auto.mgz aseg.presurf.mgz 

#--------------------------------------------
#@# Intensity Normalization2 Mon Mar  9 12:57:30 CET 2026
/out/sourcedata/freesurfer/sub-v1s21x0050411_ses-1/mri

 mri_normalize -seed 1234 -mprage -aseg aseg.presurf.mgz -mask brainmask.mgz norm.mgz brain.mgz 

setting seed for random number genererator to 1234
assuming input volume is MGH (Van der Kouwe) MP-RAGE
using segmentation for initial intensity normalization
using MR volume brainmask.mgz to mask input volume...
reading mri_src from norm.mgz...
Reading aseg aseg.presurf.mgz
normalizing image...
NOT doing gentle normalization with control points/label
processing with aseg
removing outliers in the aseg WM...
940 control points removed
Building bias image
building Voronoi diagram...
performing soap bubble smoothing, sigma = 0...
Smoothing with sigma 8
Applying bias correction
building Voronoi diagram...
performing soap bubble smoothing, sigma = 8...

Iterating 2 times
---------------------------------
3d normalization pass 1 of 2
white matter peak found at 110
white matter peak found at 109
gm peak at 65 (65), valley at 30 (30)
csf peak at 33, setting threshold to 54
building Voronoi diagram...
performing soap bubble smoothing, sigma = 8...
---------------------------------
3d normalization pass 2 of 2
white matter peak found at 110
white matter peak found at 110
gm peak at 65 (65), valley at 30 (30)
csf peak at 33, setting threshold to 54
building Voronoi diagram...
performing soap bubble smoothing, sigma = 8...
Done iterating ---------------------------------
writing output to brain.mgz
3D bias adjustment took 2 minutes and 16 seconds.
#--------------------------------------------
#@# Mask BFS Mon Mar  9 12:59:47 CET 2026
/out/sourcedata/freesurfer/sub-v1s21x0050411_ses-1/mri

 mri_mask -T 5 brain.mgz brainmask.mgz brain.finalsurfs.mgz 

threshold mask volume at 5
DoAbs = 0
Found 1812520 voxels in mask (pct= 10.80)
Writing masked volume to brain.finalsurfs.mgz...done.
#--------------------------------------------
#@# WM Segmentation Mon Mar  9 12:59:48 CET 2026

 AntsDenoiseImageFs -i brain.mgz -o antsdn.brain.mgz 


 mri_segment -wsizemm 13 -mprage antsdn.brain.mgz wm.seg.mgz 

wsizemm = 13, voxres = 1, wsize = 13
Widening wm low from 89 to 79
assuming input volume is MGH (Van der Kouwe) MP-RAGE
wm mean:  110
wsize:    13
wm low:   79
wm hi:    125
gray low: 30
gray hi:  99
Doing initial trinary intensity segmentation 
Using local statistics to label ambiguous voxels
Autodetecting stats
Computing class statistics for intensity windows...
CCS WM (102.0): 102.6 +- 5.8 [79.0 --> 125.0]
CCS GM (73.0) : 72.1 +- 9.6 [30.0 --> 95.0]
 white_mean 102.589
 white_sigma 5.76942
 gray_mean 72.1046
 gray_sigma 9.64279
setting bottom of white matter range wm_low to 81.7
setting top of gray matter range gray_hi to 91.4
 wm_low 81.7474
 wm_hi  125
 gray_low 30
 gray_hi  91.3902
Redoing initial intensity segmentation...
Recomputing local statistics to label ambiguous voxels...
 wm_low 81.7474
 wm_hi  125
 gray_low 30
 gray_hi  91.3902
using local geometry to label remaining ambiguous voxels...
polvwsize = 5, polvlen = 3, gray_hi = 91.3902, wm_low = 81.7474
MRIcpolvMedianCurveSegment(): wsize=5, len=3, gmhi=91.3902, wmlow=81.7474
    178560 voxels processed (1.06%)
     83448 voxels white (0.50%)
     95112 voxels non-white (0.57%)

Reclassifying voxels using Gaussian border classifier niter=1
MRIreclassify(): wm_low=76.7474, gray_hi=91.3902, wsize=13
    305624 voxels tested (1.82%)
     61505 voxels changed (0.37%)
     71833 multi-scale searches  (0.43%)
Recovering bright white
MRIrecoverBrightWhite()
 wm_low 81.7474
 wm_hi 125
 slack 5.76942
 pct_thresh 0.33
 intensity_thresh 130.769
 nvox_thresh 8.58
      232 voxels tested (0.00%)
      147 voxels changed (0.00%)

removing voxels with positive offset direction...
MRIremoveWrongDirection() wsize=3, lowthr=76.7474, hithr=91.3902
  smoothing input volume with sigma = 0.250
   112881 voxels tested (0.67%)
    20029 voxels changed (0.12%)
thicken = 1
removing 1-dimensional structures...
MRIremove1dStructures(): max_iter=10000, thresh=2, WM_MIN_VAL=5
 3232 sparsely connected voxels removed in 1 iterations
thickening thin strands....
thickness 4
nsegments 20
wm_hi 125
1556 diagonally connected voxels added...
MRIthickenThinWMStrands(): thickness=4, nsegments=20
  20 segments, 4677 filled
MRIfindBrightNonWM(): 952 bright non-wm voxels segmented.
MRIfilterMorphology() WM_MIN_VAL=5, DIAGONAL_FILL=230
white matter segmentation took 1.1 minutes
writing output to wm.seg.mgz...

 mri_edit_wm_with_aseg -keep-in wm.seg.mgz brain.mgz aseg.presurf.mgz wm.asegedit.mgz 

preserving editing changes in input volume...
auto filling took 0.41 minutes
reading wm segmentation from wm.seg.mgz...
0 voxels added to wm to prevent paths from MTL structures to cortex
5391 additional wm voxels added
0 additional wm voxels added
SEG EDIT: 53495 voxels turned on, 32077 voxels turned off.
propagating editing to output volume from wm.seg.mgz
writing edited volume to wm.asegedit.mgz....

 mri_pretess wm.asegedit.mgz wm norm.mgz wm.mgz 


Iteration Number : 1
pass   1 (xy+):  20 found -  20 modified     |    TOTAL:  20
pass   2 (xy+):   0 found -  20 modified     |    TOTAL:  20
pass   1 (xy-):  12 found -  12 modified     |    TOTAL:  32
pass   2 (xy-):   0 found -  12 modified     |    TOTAL:  32
pass   1 (yz+):  30 found -  30 modified     |    TOTAL:  62
pass   2 (yz+):   0 found -  30 modified     |    TOTAL:  62
pass   1 (yz-):  29 found -  29 modified     |    TOTAL:  91
pass   2 (yz-):   0 found -  29 modified     |    TOTAL:  91
pass   1 (xz+):  23 found -  23 modified     |    TOTAL: 114
pass   2 (xz+):   0 found -  23 modified     |    TOTAL: 114
pass   1 (xz-):  15 found -  15 modified     |    TOTAL: 129
pass   2 (xz-):   0 found -  15 modified     |    TOTAL: 129
Iteration Number : 1
pass   1 (+++):  16 found -  16 modified     |    TOTAL:  16
pass   2 (+++):   0 found -  16 modified     |    TOTAL:  16
pass   1 (+++):  12 found -  12 modified     |    TOTAL:  28
pass   2 (+++):   0 found -  12 modified     |    TOTAL:  28
pass   1 (+++):   8 found -   8 modified     |    TOTAL:  36
pass   2 (+++):   0 found -   8 modified     |    TOTAL:  36
pass   1 (+++):  12 found -  12 modified     |    TOTAL:  48
pass   2 (+++):   0 found -  12 modified     |    TOTAL:  48
Iteration Number : 1
pass   1 (++):  66 found -  66 modified     |    TOTAL:  66
pass   2 (++):   0 found -  66 modified     |    TOTAL:  66
pass   1 (+-):  88 found -  88 modified     |    TOTAL: 154
pass   2 (+-):   0 found -  88 modified     |    TOTAL: 154
pass   1 (--):  62 found -  62 modified     |    TOTAL: 216
pass   2 (--):   0 found -  62 modified     |    TOTAL: 216
pass   1 (-+):  90 found -  90 modified     |    TOTAL: 306
pass   2 (-+):   0 found -  90 modified     |    TOTAL: 306
Iteration Number : 2
pass   1 (xy+):   5 found -   5 modified     |    TOTAL:   5
pass   2 (xy+):   0 found -   5 modified     |    TOTAL:   5
pass   1 (xy-):   2 found -   2 modified     |    TOTAL:   7
pass   2 (xy-):   0 found -   2 modified     |    TOTAL:   7
pass   1 (yz+):   4 found -   4 modified     |    TOTAL:  11
pass   2 (yz+):   0 found -   4 modified     |    TOTAL:  11
pass   1 (yz-):   5 found -   5 modified     |    TOTAL:  16
pass   2 (yz-):   0 found -   5 modified     |    TOTAL:  16
pass   1 (xz+):   4 found -   4 modified     |    TOTAL:  20
pass   2 (xz+):   0 found -   4 modified     |    TOTAL:  20
pass   1 (xz-):   4 found -   4 modified     |    TOTAL:  24
pass   2 (xz-):   0 found -   4 modified     |    TOTAL:  24
Iteration Number : 2
pass   1 (+++):   2 found -   2 modified     |    TOTAL:   2
pass   2 (+++):   0 found -   2 modified     |    TOTAL:   2
pass   1 (+++):   4 found -   4 modified     |    TOTAL:   6
pass   2 (+++):   0 found -   4 modified     |    TOTAL:   6
pass   1 (+++):   0 found -   0 modified     |    TOTAL:   6
pass   1 (+++):   2 found -   2 modified     |    TOTAL:   8
pass   2 (+++):   0 found -   2 modified     |    TOTAL:   8
Iteration Number : 2
pass   1 (++):   1 found -   1 modified     |    TOTAL:   1
pass   2 (++):   0 found -   1 modified     |    TOTAL:   1
pass   1 (+-):   2 found -   2 modified     |    TOTAL:   3
pass   2 (+-):   0 found -   2 modified     |    TOTAL:   3
pass   1 (--):   4 found -   4 modified     |    TOTAL:   7
pass   2 (--):   0 found -   4 modified     |    TOTAL:   7
pass   1 (-+):   5 found -   5 modified     |    TOTAL:  12
pass   2 (-+):   0 found -   5 modified     |    TOTAL:  12
Iteration Number : 3
pass   1 (xy+):   0 found -   0 modified     |    TOTAL:   0
pass   1 (xy-):   1 found -   1 modified     |    TOTAL:   1
pass   2 (xy-):   0 found -   1 modified     |    TOTAL:   1
pass   1 (yz+):   0 found -   0 modified     |    TOTAL:   1
pass   1 (yz-):   1 found -   1 modified     |    TOTAL:   2
pass   2 (yz-):   0 found -   1 modified     |    TOTAL:   2
pass   1 (xz+):   0 found -   0 modified     |    TOTAL:   2
pass   1 (xz-):   0 found -   0 modified     |    TOTAL:   2
Iteration Number : 3
pass   1 (+++):   0 found -   0 modified     |    TOTAL:   0
pass   1 (+++):   0 found -   0 modified     |    TOTAL:   0
pass   1 (+++):   0 found -   0 modified     |    TOTAL:   0
pass   1 (+++):   0 found -   0 modified     |    TOTAL:   0
Iteration Number : 3
pass   1 (++):   0 found -   0 modified     |    TOTAL:   0
pass   1 (+-):   0 found -   0 modified     |    TOTAL:   0
pass   1 (--):   0 found -   0 modified     |    TOTAL:   0
pass   1 (-+):   0 found -   0 modified     |    TOTAL:   0
Iteration Number : 4
pass   1 (xy+):   0 found -   0 modified     |    TOTAL:   0
pass   1 (xy-):   0 found -   0 modified     |    TOTAL:   0
pass   1 (yz+):   0 found -   0 modified     |    TOTAL:   0
pass   1 (yz-):   0 found -   0 modified     |    TOTAL:   0
pass   1 (xz+):   0 found -   0 modified     |    TOTAL:   0
pass   1 (xz-):   0 found -   0 modified     |    TOTAL:   0
Iteration Number : 4
pass   1 (+++):   0 found -   0 modified     |    TOTAL:   0
pass   1 (+++):   0 found -   0 modified     |    TOTAL:   0
pass   1 (+++):   0 found -   0 modified     |    TOTAL:   0
pass   1 (+++):   0 found -   0 modified     |    TOTAL:   0
Iteration Number : 4
pass   1 (++):   0 found -   0 modified     |    TOTAL:   0
pass   1 (+-):   0 found -   0 modified     |    TOTAL:   0
pass   1 (--):   0 found -   0 modified     |    TOTAL:   0
pass   1 (-+):   0 found -   0 modified     |    TOTAL:   0

Total Number of Modified Voxels = 529 (out of 673833: 0.078506)
binarizing input wm segmentation...
Ambiguous edge configurations... 

mri_pretess done

#--------------------------------------------
#@# Fill Mon Mar  9 13:02:02 CET 2026
/out/sourcedata/freesurfer/sub-v1s21x0050411_ses-1/mri

 mri_fill -a ../scripts/ponscc.cut.log -xform transforms/talairach.lta -segmentation aseg.presurf.mgz -ctab /opt/freesurfer/SubCorticalMassLUT.txt wm.mgz filled.mgz 

logging cutting plane coordinates to ../scripts/ponscc.cut.log...
INFO: Using transforms/talairach.lta and its offset for Talairach volume ...
using segmentation aseg.presurf.mgz...
reading input volume...done.
searching for cutting planes...voxel to talairach voxel transform
 0.98275   0.00499   0.01874  -4.10370;
-0.00223   1.05924  -0.18966   41.49117;
-0.02841   0.14001   0.94109  -11.09055;
 0.00000   0.00000   0.00000   1.00000;
voxel to talairach voxel transform
 0.98275   0.00499   0.01874  -4.10370;
-0.00223   1.05924  -0.18966   41.49117;
-0.02841   0.14001   0.94109  -11.09055;
 0.00000   0.00000   0.00000   1.00000;
reading segmented volume aseg.presurf.mgz
removing CC from segmentation
Looking for area (min, max) = (350, 1400)
area[0] = 2186 (min = 350, max = 1400), aspect = 1.00 (min = 0.10, max = 0.75)
need search nearby
using seed (125, 125, 149), TAL = (3.0, 21.0, 3.0)
talairach voxel to voxel transform
 1.01695  -0.00206  -0.02066   4.02963;
 0.00744   0.91956   0.18517  -36.06949;
 0.02959  -0.13687   1.03442   17.27254;
 0.00000   0.00000   0.00000   1.00000;
segmentation indicates cc at (125,  125,  149) --> (3.0, 21.0, 3.0)
done.
filling took 1.1 minutes
talairach cc position changed to (3.00, 21.00, 3.00)
Erasing brainstem...done.
seed_search_size = 9, min_neighbors = 5
search rh wm seed point around talairach space:(21.00, 21.00, 3.00) SRC: (109.51, 107.26, 157.46)
search lh wm seed point around talairach space (-15.00, 21.00, 3.00), SRC: (146.12, 107.53, 158.52)
compute mri_fill using aseg
Erasing Brain Stem and Cerebellum ...
Define left and right masks using aseg:
Building Voronoi diagram ...
Using the Voronoi diagram for separating WM into two hemispheres ...
Find the largest connected component for each hemisphere ...
Embedding colortable
mri_fill done, writing output to filled.mgz...
 cp filled.mgz filled.auto.mgz

Started at Mon Mar 9 11:31:05 CET 2026 
Ended   at Mon Mar 9 13:03:08 CET 2026
#@#%# recon-all-run-time-hours 1.534
recon-all -s sub-v1s21x0050411_ses-1 finished without error at Mon Mar  9 13:03:08 CET 2026



#New# invocation of recon-all 




Mon Mar  9 14:09:26 CET 2026
cd /out/sourcedata/freesurfer/sub-v1s21x0050411_ses-1
setenv SUBJECTS_DIR /out/sourcedata/freesurfer
/opt/freesurfer/bin/recon-all -parallel -subjid sub-v1s21x0050411_ses-1 -sd /out/sourcedata/freesurfer -cortribbon

subjid sub-v1s21x0050411_ses-1
setenv SUBJECTS_DIR /out/sourcedata/freesurfer
FREESURFER_HOME /opt/freesurfer
Actual FREESURFER_HOME /opt/freesurfer
build-stamp.txt: freesurfer-linux-ubuntu22_x86_64-7.3.2-20220804-6354275
Linux dna060 5.14.0-427.37.1.el9_4.x86_64 #1 SMP PREEMPT_DYNAMIC Fri Sep 13 12:41:50 EDT 2024 x86_64 x86_64 x86_64 GNU/Linux
cputime      unlimited
filesize     unlimited
datasize     unlimited
stacksize    8192 kbytes
coredumpsize 0 kbytes
memoryuse    67108864 kbytes
vmemoryuse   unlimited
descriptors  1024 
memorylocked unlimited
maxproc      2061970 
maxlocks     unlimited
maxsignal    2061971 
maxmessage   819200 
maxnice      0 
maxrtprio    0 
maxrttime    unlimited

               total        used        free      shared  buff/cache   available
Mem:           503Gi        46Gi       411Gi        10Gi        45Gi       442Gi
Swap:             0B          0B          0B

########################################
program versions used
7.3.2 (freesurfer-linux-ubuntu22_x86_64-7.3.2-20220804-6354275)
7.3.2

ProgramName: lta_convert  ProgramArguments: lta_convert -all-info  ProgramVersion: 7.3.2  TimeStamp: 2026/03/09-13:09:26-GMT  BuildTime: Aug  4 2022 06:17:15  BuildStamp: freesurfer-linux-ubuntu22_x86_64-7.3.2-20220804-6354275  User: oesteban  Machine: dna060  Platform: Linux  PlatformVersion: 5.14.0-427.37.1.el9_4.x86_64  CompilerName: GCC  CompilerVersion: 8.4.0
ProgramName: mri_and  ProgramArguments: mri_and -all-info  ProgramVersion: 7.3.2  TimeStamp: 2026/03/09-13:09:26-GMT  BuildTime: Aug  4 2022 06:17:15  BuildStamp: freesurfer-linux-ubuntu22_x86_64-7.3.2-20220804-6354275  User: oesteban  Machine: dna060  Platform: Linux  PlatformVersion: 5.14.0-427.37.1.el9_4.x86_64  CompilerName: GCC  CompilerVersion: 8.4.0
ProgramName: mri_annotation2label  ProgramArguments: mri_annotation2label -all-info  ProgramVersion: 7.3.2  TimeStamp: 2026/03/09-13:09:26-GMT  BuildTime: Aug  4 2022 06:17:15  BuildStamp: freesurfer-linux-ubuntu22_x86_64-7.3.2-20220804-6354275  User: oesteban  Machine: dna060  Platform: Linux  PlatformVersion: 5.14.0-427.37.1.el9_4.x86_64  CompilerName: GCC  CompilerVersion: 8.4.0
ProgramName: mri_aparc2aseg  ProgramArguments: mri_aparc2aseg -all-info  ProgramVersion: 7.3.2  TimeStamp: 2026/03/09-13:09:26-GMT  BuildTime: Aug  4 2022 06:17:15  BuildStamp: freesurfer-linux-ubuntu22_x86_64-7.3.2-20220804-6354275  User: oesteban  Machine: dna060  Platform: Linux  PlatformVersion: 5.14.0-427.37.1.el9_4.x86_64  CompilerName: GCC  CompilerVersion: 8.4.0
ProgramName: mri_surf2volseg  ProgramArguments: mri_surf2volseg -all-info  ProgramVersion: 7.3.2  TimeStamp: 2026/03/09-13:09:26-GMT  BuildTime: Aug  4 2022 06:17:15  BuildStamp: freesurfer-linux-ubuntu22_x86_64-7.3.2-20220804-6354275  User: oesteban  Machine: dna060  Platform: Linux  PlatformVersion: 5.14.0-427.37.1.el9_4.x86_64  CompilerName: GCC  CompilerVersion: 8.4.0
ProgramName: mri_binarize  ProgramArguments: mri_binarize -all-info  ProgramVersion: 7.3.2  TimeStamp: 2026/03/09-13:09:26-GMT  BuildTime: Aug  4 2022 06:17:15  BuildStamp: freesurfer-linux-ubuntu22_x86_64-7.3.2-20220804-6354275  User: oesteban  Machine: dna060  Platform: Linux  PlatformVersion: 5.14.0-427.37.1.el9_4.x86_64  CompilerName: GCC  CompilerVersion: 8.4.0
ProgramName: mri_ca_label  ProgramArguments: mri_ca_label -all-info  ProgramVersion: 7.3.2  TimeStamp: 2026/03/09-13:09:26-GMT  BuildTime: Aug  4 2022 06:17:15  BuildStamp: freesurfer-linux-ubuntu22_x86_64-7.3.2-20220804-6354275  User: oesteban  Machine: dna060  Platform: Linux  PlatformVersion: 5.14.0-427.37.1.el9_4.x86_64  CompilerName: GCC  CompilerVersion: 8.4.0
ProgramName: mri_ca_normalize  ProgramArguments: mri_ca_normalize -all-info  ProgramVersion: 7.3.2  TimeStamp: 2026/03/09-13:09:26-GMT  BuildTime: Aug  4 2022 06:17:15  BuildStamp: freesurfer-linux-ubuntu22_x86_64-7.3.2-20220804-6354275  User: oesteban  Machine: dna060  Platform: Linux  PlatformVersion: 5.14.0-427.37.1.el9_4.x86_64  CompilerName: GCC  CompilerVersion: 8.4.0
ProgramName: mri_ca_register  ProgramArguments: mri_ca_register -all-info  ProgramVersion: 7.3.2  TimeStamp: 2026/03/09-13:09:26-GMT  BuildTime: Aug  4 2022 06:17:15  BuildStamp: freesurfer-linux-ubuntu22_x86_64-7.3.2-20220804-6354275  User: oesteban  Machine: dna060  Platform: Linux  PlatformVersion: 5.14.0-427.37.1.el9_4.x86_64  CompilerName: GCC  CompilerVersion: 8.4.0
ProgramName: mri_cc  ProgramArguments: mri_cc -all-info  ProgramVersion: 7.3.2  TimeStamp: 2026/03/09-13:09:26-GMT  BuildTime: Aug  4 2022 06:17:15  BuildStamp: freesurfer-linux-ubuntu22_x86_64-7.3.2-20220804-6354275  User: oesteban  Machine: dna060  Platform: Linux  PlatformVersion: 5.14.0-427.37.1.el9_4.x86_64  CompilerName: GCC  CompilerVersion: 8.4.0
ProgramName: mri_compute_overlap  ProgramArguments: mri_compute_overlap -all-info  ProgramVersion: 7.3.2  TimeStamp: 2026/03/09-13:09:26-GMT  BuildTime: Aug  4 2022 06:17:15  BuildStamp: freesurfer-linux-ubuntu22_x86_64-7.3.2-20220804-6354275  User: oesteban  Machine: dna060  Platform: Linux  PlatformVersion: 5.14.0-427.37.1.el9_4.x86_64  CompilerName: GCC  CompilerVersion: 8.4.0
ProgramName: mri_compute_seg_overlap  ProgramArguments: mri_compute_seg_overlap -all-info  ProgramVersion: 7.3.2  TimeStamp: 2026/03/09-13:09:26-GMT  BuildTime: Aug  4 2022 06:17:15  BuildStamp: freesurfer-linux-ubuntu22_x86_64-7.3.2-20220804-6354275  User: oesteban  Machine: dna060  Platform: Linux  PlatformVersion: 5.14.0-427.37.1.el9_4.x86_64  CompilerName: GCC  CompilerVersion: 8.4.0
ProgramName: mri_concat  ProgramArguments: mri_concat -all-info  ProgramVersion: 7.3.2  TimeStamp: 2026/03/09-13:09:26-GMT  BuildTime: Aug  4 2022 06:17:15  BuildStamp: freesurfer-linux-ubuntu22_x86_64-7.3.2-20220804-6354275  User: oesteban  Machine: dna060  Platform: Linux  PlatformVersion: 5.14.0-427.37.1.el9_4.x86_64  CompilerName: GCC  CompilerVersion: 8.4.0
ProgramName: mri_concatenate_lta  ProgramArguments: mri_concatenate_lta -all-info  ProgramVersion: 7.3.2  TimeStamp: 2026/03/09-13:09:26-GMT  BuildTime: Aug  4 2022 06:17:15  BuildStamp: freesurfer-linux-ubuntu22_x86_64-7.3.2-20220804-6354275  User: oesteban  Machine: dna060  Platform: Linux  PlatformVersion: 5.14.0-427.37.1.el9_4.x86_64  CompilerName: GCC  CompilerVersion: 8.4.0
mri_convert -all-info 
ProgramName: mri_convert  ProgramArguments: mri_convert -all-info  ProgramVersion: 7.3.2  TimeStamp: 2026/03/09-13:09:26-GMT  BuildTime: Aug  4 2022 06:17:15  BuildStamp: freesurfer-linux-ubuntu22_x86_64-7.3.2-20220804-6354275  User: oesteban  Machine: dna060  Platform: Linux  PlatformVersion: 5.14.0-427.37.1.el9_4.x86_64  CompilerName: GCC  CompilerVersion: 8.4.0
ProgramName: mri_diff  ProgramArguments: mri_diff -all-info  ProgramVersion: 7.3.2  TimeStamp: 2026/03/09-13:09:26-GMT  BuildTime: Aug  4 2022 06:17:15  BuildStamp: freesurfer-linux-ubuntu22_x86_64-7.3.2-20220804-6354275  User: oesteban  Machine: dna060  Platform: Linux  PlatformVersion: 5.14.0-427.37.1.el9_4.x86_64  CompilerName: GCC  CompilerVersion: 8.4.0
ProgramName: mri_edit_wm_with_aseg  ProgramArguments: mri_edit_wm_with_aseg -all-info  ProgramVersion: 7.3.2  TimeStamp: 2026/03/09-13:09:26-GMT  BuildTime: Aug  4 2022 06:17:15  BuildStamp: freesurfer-linux-ubuntu22_x86_64-7.3.2-20220804-6354275  User: oesteban  Machine: dna060  Platform: Linux  PlatformVersion: 5.14.0-427.37.1.el9_4.x86_64  CompilerName: GCC  CompilerVersion: 8.4.0
ProgramName: mri_em_register  ProgramArguments: mri_em_register -all-info  ProgramVersion: 7.3.2  TimeStamp: 2026/03/09-13:09:26-GMT  BuildTime: Aug  4 2022 06:17:15  BuildStamp: freesurfer-linux-ubuntu22_x86_64-7.3.2-20220804-6354275  User: oesteban  Machine: dna060  Platform: Linux  PlatformVersion: 5.14.0-427.37.1.el9_4.x86_64  CompilerName: GCC  CompilerVersion: 8.4.0
ProgramName: mri_fill  ProgramArguments: mri_fill -all-info  ProgramVersion: 7.3.2  TimeStamp: 2026/03/09-13:09:26-GMT  BuildTime: Aug  4 2022 06:17:15  BuildStamp: freesurfer-linux-ubuntu22_x86_64-7.3.2-20220804-6354275  User: oesteban  Machine: dna060  Platform: Linux  PlatformVersion: 5.14.0-427.37.1.el9_4.x86_64  CompilerName: GCC  CompilerVersion: 8.4.0
ProgramName: mri_fuse_segmentations  ProgramArguments: mri_fuse_segmentations -all-info  ProgramVersion: 7.3.2  TimeStamp: 2026/03/09-13:09:26-GMT  BuildTime: Aug  4 2022 06:17:15  BuildStamp: freesurfer-linux-ubuntu22_x86_64-7.3.2-20220804-6354275  User: oesteban  Machine: dna060  Platform: Linux  PlatformVersion: 5.14.0-427.37.1.el9_4.x86_64  CompilerName: GCC  CompilerVersion: 8.4.0
ProgramName: mri_fwhm  ProgramArguments: mri_fwhm -all-info  ProgramVersion: 7.3.2  TimeStamp: 2026/03/09-13:09:26-GMT  BuildTime: Aug  4 2022 06:17:15  BuildStamp: freesurfer-linux-ubuntu22_x86_64-7.3.2-20220804-6354275  User: oesteban  Machine: dna060  Platform: Linux  PlatformVersion: 5.14.0-427.37.1.el9_4.x86_64  CompilerName: GCC  CompilerVersion: 8.4.0
ProgramName: mri_gcut  ProgramArguments: mri_gcut -all-info  ProgramVersion: 7.3.2  TimeStamp: 2026/03/09-13:09:26-GMT  BuildTime: Aug  4 2022 06:17:15  BuildStamp: freesurfer-linux-ubuntu22_x86_64-7.3.2-20220804-6354275  User: oesteban  Machine: dna060  Platform: Linux  PlatformVersion: 5.14.0-427.37.1.el9_4.x86_64  CompilerName: GCC  CompilerVersion: 8.4.0
ProgramName: mri_info  ProgramArguments: mri_info -all-info  ProgramVersion: 7.3.2  TimeStamp: 2026/03/09-13:09:26-GMT  BuildTime: Aug  4 2022 06:17:15  BuildStamp: freesurfer-linux-ubuntu22_x86_64-7.3.2-20220804-6354275  User: oesteban  Machine: dna060  Platform: Linux  PlatformVersion: 5.14.0-427.37.1.el9_4.x86_64  CompilerName: GCC  CompilerVersion: 8.4.0
ProgramName: mri_label2label  ProgramArguments: mri_label2label -all-info  ProgramVersion: 7.3.2  TimeStamp: 2026/03/09-13:09:26-GMT  BuildTime: Aug  4 2022 06:17:15  BuildStamp: freesurfer-linux-ubuntu22_x86_64-7.3.2-20220804-6354275  User: oesteban  Machine: dna060  Platform: Linux  PlatformVersion: 5.14.0-427.37.1.el9_4.x86_64  CompilerName: GCC  CompilerVersion: 8.4.0
ProgramName: mri_label2vol  ProgramArguments: mri_label2vol -all-info  ProgramVersion: 7.3.2  TimeStamp: 2026/03/09-13:09:26-GMT  BuildTime: Aug  4 2022 06:17:15  BuildStamp: freesurfer-linux-ubuntu22_x86_64-7.3.2-20220804-6354275  User: oesteban  Machine: dna060  Platform: Linux  PlatformVersion: 5.14.0-427.37.1.el9_4.x86_64  CompilerName: GCC  CompilerVersion: 8.4.0
ProgramName: mri_log_likelihood  ProgramArguments: mri_log_likelihood -all-info  ProgramVersion: 7.3.2  TimeStamp: 2026/03/09-13:09:26-GMT  BuildTime: Aug  4 2022 06:17:15  BuildStamp: freesurfer-linux-ubuntu22_x86_64-7.3.2-20220804-6354275  User: oesteban  Machine: dna060  Platform: Linux  PlatformVersion: 5.14.0-427.37.1.el9_4.x86_64  CompilerName: GCC  CompilerVersion: 8.4.0
ProgramName: mri_mask  ProgramArguments: mri_mask -all-info  ProgramVersion: 7.3.2  TimeStamp: 2026/03/09-13:09:26-GMT  BuildTime: Aug  4 2022 06:17:15  BuildStamp: freesurfer-linux-ubuntu22_x86_64-7.3.2-20220804-6354275  User: oesteban  Machine: dna060  Platform: Linux  PlatformVersion: 5.14.0-427.37.1.el9_4.x86_64  CompilerName: GCC  CompilerVersion: 8.4.0
ProgramName: mri_matrix_multiply  ProgramArguments: mri_matrix_multiply -all-info  ProgramVersion: 7.3.2  TimeStamp: 2026/03/09-13:09:26-GMT  BuildTime: Aug  4 2022 06:17:15  BuildStamp: freesurfer-linux-ubuntu22_x86_64-7.3.2-20220804-6354275  User: oesteban  Machine: dna060  Platform: Linux  PlatformVersion: 5.14.0-427.37.1.el9_4.x86_64  CompilerName: GCC  CompilerVersion: 8.4.0
ProgramName: mri_normalize  ProgramArguments: mri_normalize -all-info  ProgramVersion: 7.3.2  TimeStamp: 2026/03/09-13:09:26-GMT  BuildTime: Aug  4 2022 06:17:15  BuildStamp: freesurfer-linux-ubuntu22_x86_64-7.3.2-20220804-6354275  User: oesteban  Machine: dna060  Platform: Linux  PlatformVersion: 5.14.0-427.37.1.el9_4.x86_64  CompilerName: GCC  CompilerVersion: 8.4.0
ProgramName: mri_normalize_tp2  ProgramArguments: mri_normalize_tp2 -all-info  ProgramVersion: 7.3.2  TimeStamp: 2026/03/09-13:09:26-GMT  BuildTime: Aug  4 2022 06:17:15  BuildStamp: freesurfer-linux-ubuntu22_x86_64-7.3.2-20220804-6354275  User: oesteban  Machine: dna060  Platform: Linux  PlatformVersion: 5.14.0-427.37.1.el9_4.x86_64  CompilerName: GCC  CompilerVersion: 8.4.0
ProgramName: mri_or  ProgramArguments: mri_or -all-info  ProgramVersion: 7.3.2  TimeStamp: 2026/03/09-13:09:26-GMT  BuildTime: Aug  4 2022 06:17:15  BuildStamp: freesurfer-linux-ubuntu22_x86_64-7.3.2-20220804-6354275  User: oesteban  Machine: dna060  Platform: Linux  PlatformVersion: 5.14.0-427.37.1.el9_4.x86_64  CompilerName: GCC  CompilerVersion: 8.4.0
ProgramName: mri_relabel_hypointensities  ProgramArguments: mri_relabel_hypointensities -all-info  ProgramVersion: 7.3.2  TimeStamp: 2026/03/09-13:09:26-GMT  BuildTime: Aug  4 2022 06:17:15  BuildStamp: freesurfer-linux-ubuntu22_x86_64-7.3.2-20220804-6354275  User: oesteban  Machine: dna060  Platform: Linux  PlatformVersion: 5.14.0-427.37.1.el9_4.x86_64  CompilerName: GCC  CompilerVersion: 8.4.0
ProgramName: mri_relabel_nonwm_hypos  ProgramArguments: mri_relabel_nonwm_hypos -all-info  ProgramVersion: 7.3.2  TimeStamp: 2026/03/09-13:09:26-GMT  BuildTime: Aug  4 2022 06:17:15  BuildStamp: freesurfer-linux-ubuntu22_x86_64-7.3.2-20220804-6354275  User: oesteban  Machine: dna060  Platform: Linux  PlatformVersion: 5.14.0-427.37.1.el9_4.x86_64  CompilerName: GCC  CompilerVersion: 8.4.0
ProgramName: mri_remove_neck  ProgramArguments: mri_remove_neck -all-info  ProgramVersion: 7.3.2  TimeStamp: 2026/03/09-13:09:26-GMT  BuildTime: Aug  4 2022 06:17:15  BuildStamp: freesurfer-linux-ubuntu22_x86_64-7.3.2-20220804-6354275  User: oesteban  Machine: dna060  Platform: Linux  PlatformVersion: 5.14.0-427.37.1.el9_4.x86_64  CompilerName: GCC  CompilerVersion: 8.4.0
7.3.2

ProgramName: mri_robust_register  ProgramArguments: mri_robust_register -all-info  ProgramVersion: 7.3.2  TimeStamp: 2026/03/09-13:09:26-GMT  BuildTime: Aug  4 2022 06:17:15  BuildStamp: freesurfer-linux-ubuntu22_x86_64-7.3.2-20220804-6354275  User: oesteban  Machine: dna060  Platform: Linux  PlatformVersion: 5.14.0-427.37.1.el9_4.x86_64  CompilerName: GCC  CompilerVersion: 8.4.0
7.3.2

ProgramName: mri_robust_template  ProgramArguments: mri_robust_template -all-info  ProgramVersion: 7.3.2  TimeStamp: 2026/03/09-13:09:26-GMT  BuildTime: Aug  4 2022 06:17:15  BuildStamp: freesurfer-linux-ubuntu22_x86_64-7.3.2-20220804-6354275  User: oesteban  Machine: dna060  Platform: Linux  PlatformVersion: 5.14.0-427.37.1.el9_4.x86_64  CompilerName: GCC  CompilerVersion: 8.4.0
ProgramName: mris_anatomical_stats  ProgramArguments: mris_anatomical_stats -all-info  ProgramVersion: 7.3.2  TimeStamp: 2026/03/09-13:09:26-GMT  BuildTime: Aug  4 2022 06:17:15  BuildStamp: freesurfer-linux-ubuntu22_x86_64-7.3.2-20220804-6354275  User: oesteban  Machine: dna060  Platform: Linux  PlatformVersion: 5.14.0-427.37.1.el9_4.x86_64  CompilerName: GCC  CompilerVersion: 8.4.0
ProgramName: mris_ca_label  ProgramArguments: mris_ca_label -all-info  ProgramVersion: 7.3.2  TimeStamp: 2026/03/09-13:09:26-GMT  BuildTime: Aug  4 2022 06:17:15  BuildStamp: freesurfer-linux-ubuntu22_x86_64-7.3.2-20220804-6354275  User: oesteban  Machine: dna060  Platform: Linux  PlatformVersion: 5.14.0-427.37.1.el9_4.x86_64  CompilerName: GCC  CompilerVersion: 8.4.0
ProgramName: mris_calc  ProgramArguments: mris_calc -all-info  ProgramVersion: 7.3.2  TimeStamp: 2026/03/09-13:09:26-GMT  BuildTime: Aug  4 2022 06:17:15  BuildStamp: freesurfer-linux-ubuntu22_x86_64-7.3.2-20220804-6354275  User: oesteban  Machine: dna060  Platform: Linux  PlatformVersion: 5.14.0-427.37.1.el9_4.x86_64  CompilerName: GCC  CompilerVersion: 8.4.0
ProgramName: mris_convert  ProgramArguments: mris_convert -all-info  ProgramVersion: 7.3.2  TimeStamp: 2026/03/09-13:09:26-GMT  BuildTime: Aug  4 2022 06:17:15  BuildStamp: freesurfer-linux-ubuntu22_x86_64-7.3.2-20220804-6354275  User: oesteban  Machine: dna060  Platform: Linux  PlatformVersion: 5.14.0-427.37.1.el9_4.x86_64  CompilerName: GCC  CompilerVersion: 8.4.0
ProgramName: mris_curvature  ProgramArguments: mris_curvature -all-info  ProgramVersion: 7.3.2  TimeStamp: 2026/03/09-13:09:26-GMT  BuildTime: Aug  4 2022 06:17:15  BuildStamp: freesurfer-linux-ubuntu22_x86_64-7.3.2-20220804-6354275  User: oesteban  Machine: dna060  Platform: Linux  PlatformVersion: 5.14.0-427.37.1.el9_4.x86_64  CompilerName: GCC  CompilerVersion: 8.4.0
ProgramName: mris_curvature_stats  ProgramArguments: mris_curvature_stats -all-info  ProgramVersion: 7.3.2  TimeStamp: 2026/03/09-13:09:26-GMT  BuildTime: Aug  4 2022 06:17:15  BuildStamp: freesurfer-linux-ubuntu22_x86_64-7.3.2-20220804-6354275  User: oesteban  Machine: dna060  Platform: Linux  PlatformVersion: 5.14.0-427.37.1.el9_4.x86_64  CompilerName: GCC  CompilerVersion: 8.4.0
ProgramName: mris_diff  ProgramArguments: mris_diff -all-info  ProgramVersion: 7.3.2  TimeStamp: 2026/03/09-13:09:26-GMT  BuildTime: Aug  4 2022 06:17:15  BuildStamp: freesurfer-linux-ubuntu22_x86_64-7.3.2-20220804-6354275  User: oesteban  Machine: dna060  Platform: Linux  PlatformVersion: 5.14.0-427.37.1.el9_4.x86_64  CompilerName: GCC  CompilerVersion: 8.4.0
ProgramName: mris_divide_parcellation  ProgramArguments: mris_divide_parcellation -all-info  ProgramVersion: 7.3.2  TimeStamp: 2026/03/09-13:09:26-GMT  BuildTime: Aug  4 2022 06:17:15  BuildStamp: freesurfer-linux-ubuntu22_x86_64-7.3.2-20220804-6354275  User: oesteban  Machine: dna060  Platform: Linux  PlatformVersion: 5.14.0-427.37.1.el9_4.x86_64  CompilerName: GCC  CompilerVersion: 8.4.0
ProgramName: mri_segment  ProgramArguments: mri_segment -all-info  ProgramVersion: 7.3.2  TimeStamp: 2026/03/09-13:09:26-GMT  BuildTime: Aug  4 2022 06:17:15  BuildStamp: freesurfer-linux-ubuntu22_x86_64-7.3.2-20220804-6354275  User: oesteban  Machine: dna060  Platform: Linux  PlatformVersion: 5.14.0-427.37.1.el9_4.x86_64  CompilerName: GCC  CompilerVersion: 8.4.0
ProgramName: mri_segstats  ProgramArguments: mri_segstats -all-info  ProgramVersion: 7.3.2  TimeStamp: 2026/03/09-13:09:26-GMT  BuildTime: Aug  4 2022 06:17:15  BuildStamp: freesurfer-linux-ubuntu22_x86_64-7.3.2-20220804-6354275  User: oesteban  Machine: dna060  Platform: Linux  PlatformVersion: 5.14.0-427.37.1.el9_4.x86_64  CompilerName: GCC  CompilerVersion: 8.4.0
ProgramName: mris_euler_number  ProgramArguments: mris_euler_number -all-info  ProgramVersion: 7.3.2  TimeStamp: 2026/03/09-13:09:26-GMT  BuildTime: Aug  4 2022 06:17:15  BuildStamp: freesurfer-linux-ubuntu22_x86_64-7.3.2-20220804-6354275  User: oesteban  Machine: dna060  Platform: Linux  PlatformVersion: 5.14.0-427.37.1.el9_4.x86_64  CompilerName: GCC  CompilerVersion: 8.4.0
ProgramName: mris_fix_topology  ProgramArguments: mris_fix_topology -all-info  ProgramVersion: 7.3.2  TimeStamp: 2026/03/09-13:09:26-GMT  BuildTime: Aug  4 2022 06:17:15  BuildStamp: freesurfer-linux-ubuntu22_x86_64-7.3.2-20220804-6354275  User: oesteban  Machine: dna060  Platform: Linux  PlatformVersion: 5.14.0-427.37.1.el9_4.x86_64  CompilerName: GCC  CompilerVersion: 8.4.0
ProgramName: mris_topo_fixer  ProgramArguments: mris_topo_fixer -all-info  ProgramVersion: 7.3.2  TimeStamp: 2026/03/09-13:09:26-GMT  BuildTime: Aug  4 2022 06:17:15  BuildStamp: freesurfer-linux-ubuntu22_x86_64-7.3.2-20220804-6354275  User: oesteban  Machine: dna060  Platform: Linux  PlatformVersion: 5.14.0-427.37.1.el9_4.x86_64  CompilerName: GCC  CompilerVersion: 8.4.0
ProgramName: mris_jacobian  ProgramArguments: mris_jacobian -all-info  ProgramVersion: 7.3.2  TimeStamp: 2026/03/09-13:09:26-GMT  BuildTime: Aug  4 2022 06:17:15  BuildStamp: freesurfer-linux-ubuntu22_x86_64-7.3.2-20220804-6354275  User: oesteban  Machine: dna060  Platform: Linux  PlatformVersion: 5.14.0-427.37.1.el9_4.x86_64  CompilerName: GCC  CompilerVersion: 8.4.0
ProgramName: mris_label2annot  ProgramArguments: mris_label2annot -all-info  ProgramVersion: 7.3.2  TimeStamp: 2026/03/09-13:09:26-GMT  BuildTime: Aug  4 2022 06:17:15  BuildStamp: freesurfer-linux-ubuntu22_x86_64-7.3.2-20220804-6354275  User: oesteban  Machine: dna060  Platform: Linux  PlatformVersion: 5.14.0-427.37.1.el9_4.x86_64  CompilerName: GCC  CompilerVersion: 8.4.0
ProgramName: mris_left_right_register  ProgramArguments: mris_left_right_register -all-info  ProgramVersion: 7.3.2  TimeStamp: 2026/03/09-13:09:26-GMT  BuildTime: Aug  4 2022 06:17:15  BuildStamp: freesurfer-linux-ubuntu22_x86_64-7.3.2-20220804-6354275  User: oesteban  Machine: dna060  Platform: Linux  PlatformVersion: 5.14.0-427.37.1.el9_4.x86_64  CompilerName: GCC  CompilerVersion: 8.4.0
ProgramName: mris_place_surface  ProgramArguments: mris_place_surface -all-info  ProgramVersion: 7.3.2  TimeStamp: 2026/03/09-13:09:26-GMT  BuildTime: Aug  4 2022 06:17:15  BuildStamp: freesurfer-linux-ubuntu22_x86_64-7.3.2-20220804-6354275  User: oesteban  Machine: dna060  Platform: Linux  PlatformVersion: 5.14.0-427.37.1.el9_4.x86_64  CompilerName: GCC  CompilerVersion: 8.4.0
ProgramName: mrisp_paint  ProgramArguments: mrisp_paint -all-info  ProgramVersion: 7.3.2  TimeStamp: 2026/03/09-13:09:26-GMT  BuildTime: Aug  4 2022 06:17:15  BuildStamp: freesurfer-linux-ubuntu22_x86_64-7.3.2-20220804-6354275  User: oesteban  Machine: dna060  Platform: Linux  PlatformVersion: 5.14.0-427.37.1.el9_4.x86_64  CompilerName: GCC  CompilerVersion: 8.4.0
ProgramName: mris_register  ProgramArguments: mris_register -all-info  ProgramVersion: 7.3.2  TimeStamp: 2026/03/09-13:09:26-GMT  BuildTime: Aug  4 2022 06:17:15  BuildStamp: freesurfer-linux-ubuntu22_x86_64-7.3.2-20220804-6354275  User: oesteban  Machine: dna060  Platform: Linux  PlatformVersion: 5.14.0-427.37.1.el9_4.x86_64  CompilerName: GCC  CompilerVersion: 8.4.0
ProgramName: mris_smooth  ProgramArguments: mris_smooth -all-info  ProgramVersion: 7.3.2  TimeStamp: 2026/03/09-13:09:26-GMT  BuildTime: Aug  4 2022 06:17:15  BuildStamp: freesurfer-linux-ubuntu22_x86_64-7.3.2-20220804-6354275  User: oesteban  Machine: dna060  Platform: Linux  PlatformVersion: 5.14.0-427.37.1.el9_4.x86_64  CompilerName: GCC  CompilerVersion: 8.4.0
ProgramName: mris_sphere  ProgramArguments: mris_sphere -all-info  ProgramVersion: 7.3.2  TimeStamp: 2026/03/09-13:09:26-GMT  BuildTime: Aug  4 2022 06:17:15  BuildStamp: freesurfer-linux-ubuntu22_x86_64-7.3.2-20220804-6354275  User: oesteban  Machine: dna060  Platform: Linux  PlatformVersion: 5.14.0-427.37.1.el9_4.x86_64  CompilerName: GCC  CompilerVersion: 8.4.0
ProgramName: mris_surface_stats  ProgramArguments: mris_surface_stats -all-info  ProgramVersion: 7.3.2  TimeStamp: 2026/03/09-13:09:26-GMT  BuildTime: Aug  4 2022 06:17:15  BuildStamp: freesurfer-linux-ubuntu22_x86_64-7.3.2-20220804-6354275  User: oesteban  Machine: dna060  Platform: Linux  PlatformVersion: 5.14.0-427.37.1.el9_4.x86_64  CompilerName: GCC  CompilerVersion: 8.4.0
ProgramName: mri_stats2seg  ProgramArguments: mri_stats2seg -all-info  ProgramVersion: 7.3.2  TimeStamp: 2026/03/09-13:09:26-GMT  BuildTime: Aug  4 2022 06:17:15  BuildStamp: freesurfer-linux-ubuntu22_x86_64-7.3.2-20220804-6354275  User: oesteban  Machine: dna060  Platform: Linux  PlatformVersion: 5.14.0-427.37.1.el9_4.x86_64  CompilerName: GCC  CompilerVersion: 8.4.0
ProgramName: mris_thickness  ProgramArguments: mris_thickness -all-info  ProgramVersion: 7.3.2  TimeStamp: 2026/03/09-13:09:26-GMT  BuildTime: Aug  4 2022 06:17:15  BuildStamp: freesurfer-linux-ubuntu22_x86_64-7.3.2-20220804-6354275  User: oesteban  Machine: dna060  Platform: Linux  PlatformVersion: 5.14.0-427.37.1.el9_4.x86_64  CompilerName: GCC  CompilerVersion: 8.4.0
ProgramName: mris_thickness_diff  ProgramArguments: mris_thickness_diff -all-info  ProgramVersion: 7.3.2  TimeStamp: 2026/03/09-13:09:26-GMT  BuildTime: Aug  4 2022 06:17:15  BuildStamp: freesurfer-linux-ubuntu22_x86_64-7.3.2-20220804-6354275  User: oesteban  Machine: dna060  Platform: Linux  PlatformVersion: 5.14.0-427.37.1.el9_4.x86_64  CompilerName: GCC  CompilerVersion: 8.4.0
ProgramName: mris_topo_fixer  ProgramArguments: mris_topo_fixer -all-info  ProgramVersion: 7.3.2  TimeStamp: 2026/03/09-13:09:26-GMT  BuildTime: Aug  4 2022 06:17:15  BuildStamp: freesurfer-linux-ubuntu22_x86_64-7.3.2-20220804-6354275  User: oesteban  Machine: dna060  Platform: Linux  PlatformVersion: 5.14.0-427.37.1.el9_4.x86_64  CompilerName: GCC  CompilerVersion: 8.4.0
ProgramName: mri_surf2surf  ProgramArguments: mri_surf2surf -all-info  ProgramVersion: 7.3.2  TimeStamp: 2026/03/09-13:09:26-GMT  BuildTime: Aug  4 2022 06:17:15  BuildStamp: freesurfer-linux-ubuntu22_x86_64-7.3.2-20220804-6354275  User: oesteban  Machine: dna060  Platform: Linux  PlatformVersion: 5.14.0-427.37.1.el9_4.x86_64  CompilerName: GCC  CompilerVersion: 8.4.0
ProgramName: mri_surf2vol  ProgramArguments: mri_surf2vol -all-info  ProgramVersion: 7.3.2  TimeStamp: 2026/03/09-13:09:26-GMT  BuildTime: Aug  4 2022 06:17:15  BuildStamp: freesurfer-linux-ubuntu22_x86_64-7.3.2-20220804-6354275  User: oesteban  Machine: dna060  Platform: Linux  PlatformVersion: 5.14.0-427.37.1.el9_4.x86_64  CompilerName: GCC  CompilerVersion: 8.4.0
ProgramName: mri_surfcluster  ProgramArguments: mri_surfcluster -all-info  ProgramVersion: 7.3.2  TimeStamp: 2026/03/09-13:09:26-GMT  BuildTime: Aug  4 2022 06:17:15  BuildStamp: freesurfer-linux-ubuntu22_x86_64-7.3.2-20220804-6354275  User: oesteban  Machine: dna060  Platform: Linux  PlatformVersion: 5.14.0-427.37.1.el9_4.x86_64  CompilerName: GCC  CompilerVersion: 8.4.0
ProgramName: mris_volmask  ProgramArguments: mris_volmask -all-info  ProgramVersion: 7.3.2  TimeStamp: 2026/03/09-13:09:26-GMT  BuildTime: Aug  4 2022 06:17:15  BuildStamp: freesurfer-linux-ubuntu22_x86_64-7.3.2-20220804-6354275  User: oesteban  Machine: dna060  Platform: Linux  PlatformVersion: 5.14.0-427.37.1.el9_4.x86_64  CompilerName: GCC  CompilerVersion: 8.4.0
ProgramName: mri_tessellate  ProgramArguments: mri_tessellate -all-info  ProgramVersion: 7.3.2  TimeStamp: 2026/03/09-13:09:26-GMT  BuildTime: Aug  4 2022 06:17:15  BuildStamp: freesurfer-linux-ubuntu22_x86_64-7.3.2-20220804-6354275  User: oesteban  Machine: dna060  Platform: Linux  PlatformVersion: 5.14.0-427.37.1.el9_4.x86_64  CompilerName: GCC  CompilerVersion: 8.4.0
ProgramName: mri_vol2surf  ProgramArguments: mri_vol2surf -all-info  ProgramVersion: 7.3.2  TimeStamp: 2026/03/09-13:09:26-GMT  BuildTime: Aug  4 2022 06:17:15  BuildStamp: freesurfer-linux-ubuntu22_x86_64-7.3.2-20220804-6354275  User: oesteban  Machine: dna060  Platform: Linux  PlatformVersion: 5.14.0-427.37.1.el9_4.x86_64  CompilerName: GCC  CompilerVersion: 8.4.0
ProgramName: mri_vol2vol  ProgramArguments: mri_vol2vol -all-info  ProgramVersion: 7.3.2  TimeStamp: 2026/03/09-13:09:26-GMT  BuildTime: Aug  4 2022 06:17:15  BuildStamp: freesurfer-linux-ubuntu22_x86_64-7.3.2-20220804-6354275  User: oesteban  Machine: dna060  Platform: Linux  PlatformVersion: 5.14.0-427.37.1.el9_4.x86_64  CompilerName: GCC  CompilerVersion: 8.4.0
ProgramName: mri_voldiff  ProgramArguments: mri_voldiff -all-info  ProgramVersion: 7.3.2  TimeStamp: 2026/03/09-13:09:26-GMT  BuildTime: Aug  4 2022 06:17:15  BuildStamp: freesurfer-linux-ubuntu22_x86_64-7.3.2-20220804-6354275  User: oesteban  Machine: dna060  Platform: Linux  PlatformVersion: 5.14.0-427.37.1.el9_4.x86_64  CompilerName: GCC  CompilerVersion: 8.4.0
ProgramName: mri_watershed  ProgramArguments: mri_watershed -all-info  ProgramVersion: 7.3.2  TimeStamp: 2026/03/09-13:09:26-GMT  BuildTime: Aug  4 2022 06:17:15  BuildStamp: freesurfer-linux-ubuntu22_x86_64-7.3.2-20220804-6354275  User: oesteban  Machine: dna060  Platform: Linux  PlatformVersion: 5.14.0-427.37.1.el9_4.x86_64  CompilerName: GCC  CompilerVersion: 8.4.0
ProgramName: tkregister2  ProgramArguments: tkregister2_cmdl -all-info  ProgramVersion: 7.3.2  TimeStamp: 2026/03/09-13:09:26-GMT  BuildTime: Aug  4 2022 06:17:15  BuildStamp: freesurfer-linux-ubuntu22_x86_64-7.3.2-20220804-6354275  User: oesteban  Machine: dna060  Platform: Linux  PlatformVersion: 5.14.0-427.37.1.el9_4.x86_64  CompilerName: GCC  CompilerVersion: 8.4.0
mri_motion_correct.fsl 7.3.2
mri_convert -all-info 
ProgramName: mri_convert  ProgramArguments: mri_convert -all-info  ProgramVersion: 7.3.2  TimeStamp: 2026/03/09-13:09:26-GMT  BuildTime: Aug  4 2022 06:17:15  BuildStamp: freesurfer-linux-ubuntu22_x86_64-7.3.2-20220804-6354275  User: oesteban  Machine: dna060  Platform: Linux  PlatformVersion: 5.14.0-427.37.1.el9_4.x86_64  CompilerName: GCC  CompilerVersion: 8.4.0
Program nu_correct, built from:
Package MNI N3, version 1.12.0, compiled by nicks@terrier (x86_64-unknown-linux-gnu) on 2015-06-19 at 01:25:34
#######################################
GCADIR /opt/freesurfer/average
GCA RB_all_2020-01-02.gca
GCASkull RB_all_withskull_2020_01_02.gca
AvgCurvTif folding.atlas.acfb40.noaparc.i12.2016-08-02.tif
GCSDIR /opt/freesurfer/average
GCS DKaparc.atlas.acfb40.noaparc.i12.2016-08-02.gcs
#######################################
#@# white curv lh Mon Mar  9 14:09:26 CET 2026
cd /out/sourcedata/freesurfer/sub-v1s21x0050411_ses-1/mri
mris_place_surface --curv-map ../surf/lh.white 2 10 ../surf/lh.curv
   Update not needed
#@# white area lh Mon Mar  9 14:09:26 CET 2026
cd /out/sourcedata/freesurfer/sub-v1s21x0050411_ses-1/mri
mris_place_surface --area-map ../surf/lh.white ../surf/lh.area
   Update not needed
#@# pial curv lh Mon Mar  9 14:09:26 CET 2026
cd /out/sourcedata/freesurfer/sub-v1s21x0050411_ses-1/mri
mris_place_surface --curv-map ../surf/lh.pial 2 10 ../surf/lh.curv.pial
   Update not needed
#@# pial area lh Mon Mar  9 14:09:26 CET 2026
cd /out/sourcedata/freesurfer/sub-v1s21x0050411_ses-1/mri
mris_place_surface --area-map ../surf/lh.pial ../surf/lh.area.pial
   Update not needed
#@# thickness lh Mon Mar  9 14:09:26 CET 2026
cd /out/sourcedata/freesurfer/sub-v1s21x0050411_ses-1/mri
mris_place_surface --thickness ../surf/lh.white ../surf/lh.pial 20 5 ../surf/lh.thickness
   Update not needed
#@# area and vertex vol lh Mon Mar  9 14:09:26 CET 2026
cd /out/sourcedata/freesurfer/sub-v1s21x0050411_ses-1/mri
mris_place_surface --thickness ../surf/lh.white ../surf/lh.pial 20 5 ../surf/lh.thickness
   Update not needed
#@# white curv rh Mon Mar  9 14:09:26 CET 2026
cd /out/sourcedata/freesurfer/sub-v1s21x0050411_ses-1/mri
mris_place_surface --curv-map ../surf/rh.white 2 10 ../surf/rh.curv
   Update not needed
#@# white area rh Mon Mar  9 14:09:26 CET 2026
cd /out/sourcedata/freesurfer/sub-v1s21x0050411_ses-1/mri
mris_place_surface --area-map ../surf/rh.white ../surf/rh.area
   Update not needed
#@# pial curv rh Mon Mar  9 14:09:26 CET 2026
cd /out/sourcedata/freesurfer/sub-v1s21x0050411_ses-1/mri
mris_place_surface --curv-map ../surf/rh.pial 2 10 ../surf/rh.curv.pial
   Update not needed
#@# pial area rh Mon Mar  9 14:09:26 CET 2026
cd /out/sourcedata/freesurfer/sub-v1s21x0050411_ses-1/mri
mris_place_surface --area-map ../surf/rh.pial ../surf/rh.area.pial
   Update not needed
#@# thickness rh Mon Mar  9 14:09:26 CET 2026
cd /out/sourcedata/freesurfer/sub-v1s21x0050411_ses-1/mri
mris_place_surface --thickness ../surf/rh.white ../surf/rh.pial 20 5 ../surf/rh.thickness
   Update not needed
#@# area and vertex vol rh Mon Mar  9 14:09:26 CET 2026
cd /out/sourcedata/freesurfer/sub-v1s21x0050411_ses-1/mri
mris_place_surface --thickness ../surf/rh.white ../surf/rh.pial 20 5 ../surf/rh.thickness
   Update not needed
#--------------------------------------------
#@# Cortical ribbon mask Mon Mar  9 14:09:26 CET 2026
/out/sourcedata/freesurfer/sub-v1s21x0050411_ses-1/mri

 mris_volmask --aseg_name aseg.presurf --label_left_white 2 --label_left_ribbon 3 --label_right_white 41 --label_right_ribbon 42 --save_ribbon sub-v1s21x0050411_ses-1 

SUBJECTS_DIR is /out/sourcedata/freesurfer
loading input data...
Running hemis serially
Processing left hemi
computing distance to left white surface 
computing distance to left pial surface 
Processing right hemi
computing distance to right white surface 
computing distance to right pial surface 
 hemi masks overlap voxels = 1353
writing volume /out/sourcedata/freesurfer/sub-v1s21x0050411_ses-1/mri/ribbon.mgz
mris_volmask took 7.81 minutes
 writing ribbon files

Started at Mon Mar 9 14:09:26 CET 2026 
Ended   at Mon Mar 9 14:17:15 CET 2026
#@#%# recon-all-run-time-hours 0.130
recon-all -s sub-v1s21x0050411_ses-1 finished without error at Mon Mar  9 14:17:15 CET 2026



#New# invocation of recon-all 




Mon Mar  9 14:25:42 CET 2026
cd /out/sourcedata/freesurfer/sub-v1s21x0050411_ses-1
setenv SUBJECTS_DIR /out/sourcedata/freesurfer
/opt/freesurfer/bin/recon-all -autorecon3 -openmp 16 -subjid sub-v1s21x0050411_ses-1 -sd /out/sourcedata/freesurfer -nosphere -nosurfreg -nojacobian_white -noavgcurv -nocortparc -nopial -noparcstats -nocortparc2 -noparcstats2 -nocortparc3 -noparcstats3 -nopctsurfcon -nocortribbon -nobalabels

subjid sub-v1s21x0050411_ses-1
setenv SUBJECTS_DIR /out/sourcedata/freesurfer
FREESURFER_HOME /opt/freesurfer
Actual FREESURFER_HOME /opt/freesurfer
build-stamp.txt: freesurfer-linux-ubuntu22_x86_64-7.3.2-20220804-6354275
Linux dna060 5.14.0-427.37.1.el9_4.x86_64 #1 SMP PREEMPT_DYNAMIC Fri Sep 13 12:41:50 EDT 2024 x86_64 x86_64 x86_64 GNU/Linux
cputime      unlimited
filesize     unlimited
datasize     unlimited
stacksize    8192 kbytes
coredumpsize 0 kbytes
memoryuse    67108864 kbytes
vmemoryuse   unlimited
descriptors  1024 
memorylocked unlimited
maxproc      2061970 
maxlocks     unlimited
maxsignal    2061971 
maxmessage   819200 
maxnice      0 
maxrtprio    0 
maxrttime    unlimited

               total        used        free      shared  buff/cache   available
Mem:           503Gi        46Gi       410Gi        10Gi        46Gi       442Gi
Swap:             0B          0B          0B

########################################
program versions used
7.3.2 (freesurfer-linux-ubuntu22_x86_64-7.3.2-20220804-6354275)
7.3.2

ProgramName: lta_convert  ProgramArguments: lta_convert -all-info  ProgramVersion: 7.3.2  TimeStamp: 2026/03/09-13:25:42-GMT  BuildTime: Aug  4 2022 06:17:15  BuildStamp: freesurfer-linux-ubuntu22_x86_64-7.3.2-20220804-6354275  User: oesteban  Machine: dna060  Platform: Linux  PlatformVersion: 5.14.0-427.37.1.el9_4.x86_64  CompilerName: GCC  CompilerVersion: 8.4.0
ProgramName: mri_and  ProgramArguments: mri_and -all-info  ProgramVersion: 7.3.2  TimeStamp: 2026/03/09-13:25:42-GMT  BuildTime: Aug  4 2022 06:17:15  BuildStamp: freesurfer-linux-ubuntu22_x86_64-7.3.2-20220804-6354275  User: oesteban  Machine: dna060  Platform: Linux  PlatformVersion: 5.14.0-427.37.1.el9_4.x86_64  CompilerName: GCC  CompilerVersion: 8.4.0
ProgramName: mri_annotation2label  ProgramArguments: mri_annotation2label -all-info  ProgramVersion: 7.3.2  TimeStamp: 2026/03/09-13:25:42-GMT  BuildTime: Aug  4 2022 06:17:15  BuildStamp: freesurfer-linux-ubuntu22_x86_64-7.3.2-20220804-6354275  User: oesteban  Machine: dna060  Platform: Linux  PlatformVersion: 5.14.0-427.37.1.el9_4.x86_64  CompilerName: GCC  CompilerVersion: 8.4.0
ProgramName: mri_aparc2aseg  ProgramArguments: mri_aparc2aseg -all-info  ProgramVersion: 7.3.2  TimeStamp: 2026/03/09-13:25:42-GMT  BuildTime: Aug  4 2022 06:17:15  BuildStamp: freesurfer-linux-ubuntu22_x86_64-7.3.2-20220804-6354275  User: oesteban  Machine: dna060  Platform: Linux  PlatformVersion: 5.14.0-427.37.1.el9_4.x86_64  CompilerName: GCC  CompilerVersion: 8.4.0
ProgramName: mri_surf2volseg  ProgramArguments: mri_surf2volseg -all-info  ProgramVersion: 7.3.2  TimeStamp: 2026/03/09-13:25:42-GMT  BuildTime: Aug  4 2022 06:17:15  BuildStamp: freesurfer-linux-ubuntu22_x86_64-7.3.2-20220804-6354275  User: oesteban  Machine: dna060  Platform: Linux  PlatformVersion: 5.14.0-427.37.1.el9_4.x86_64  CompilerName: GCC  CompilerVersion: 8.4.0
ProgramName: mri_binarize  ProgramArguments: mri_binarize -all-info  ProgramVersion: 7.3.2  TimeStamp: 2026/03/09-13:25:42-GMT  BuildTime: Aug  4 2022 06:17:15  BuildStamp: freesurfer-linux-ubuntu22_x86_64-7.3.2-20220804-6354275  User: oesteban  Machine: dna060  Platform: Linux  PlatformVersion: 5.14.0-427.37.1.el9_4.x86_64  CompilerName: GCC  CompilerVersion: 8.4.0
ProgramName: mri_ca_label  ProgramArguments: mri_ca_label -all-info  ProgramVersion: 7.3.2  TimeStamp: 2026/03/09-13:25:42-GMT  BuildTime: Aug  4 2022 06:17:15  BuildStamp: freesurfer-linux-ubuntu22_x86_64-7.3.2-20220804-6354275  User: oesteban  Machine: dna060  Platform: Linux  PlatformVersion: 5.14.0-427.37.1.el9_4.x86_64  CompilerName: GCC  CompilerVersion: 8.4.0
ProgramName: mri_ca_normalize  ProgramArguments: mri_ca_normalize -all-info  ProgramVersion: 7.3.2  TimeStamp: 2026/03/09-13:25:42-GMT  BuildTime: Aug  4 2022 06:17:15  BuildStamp: freesurfer-linux-ubuntu22_x86_64-7.3.2-20220804-6354275  User: oesteban  Machine: dna060  Platform: Linux  PlatformVersion: 5.14.0-427.37.1.el9_4.x86_64  CompilerName: GCC  CompilerVersion: 8.4.0
ProgramName: mri_ca_register  ProgramArguments: mri_ca_register -all-info  ProgramVersion: 7.3.2  TimeStamp: 2026/03/09-13:25:42-GMT  BuildTime: Aug  4 2022 06:17:15  BuildStamp: freesurfer-linux-ubuntu22_x86_64-7.3.2-20220804-6354275  User: oesteban  Machine: dna060  Platform: Linux  PlatformVersion: 5.14.0-427.37.1.el9_4.x86_64  CompilerName: GCC  CompilerVersion: 8.4.0
ProgramName: mri_cc  ProgramArguments: mri_cc -all-info  ProgramVersion: 7.3.2  TimeStamp: 2026/03/09-13:25:42-GMT  BuildTime: Aug  4 2022 06:17:15  BuildStamp: freesurfer-linux-ubuntu22_x86_64-7.3.2-20220804-6354275  User: oesteban  Machine: dna060  Platform: Linux  PlatformVersion: 5.14.0-427.37.1.el9_4.x86_64  CompilerName: GCC  CompilerVersion: 8.4.0
ProgramName: mri_compute_overlap  ProgramArguments: mri_compute_overlap -all-info  ProgramVersion: 7.3.2  TimeStamp: 2026/03/09-13:25:42-GMT  BuildTime: Aug  4 2022 06:17:15  BuildStamp: freesurfer-linux-ubuntu22_x86_64-7.3.2-20220804-6354275  User: oesteban  Machine: dna060  Platform: Linux  PlatformVersion: 5.14.0-427.37.1.el9_4.x86_64  CompilerName: GCC  CompilerVersion: 8.4.0
ProgramName: mri_compute_seg_overlap  ProgramArguments: mri_compute_seg_overlap -all-info  ProgramVersion: 7.3.2  TimeStamp: 2026/03/09-13:25:42-GMT  BuildTime: Aug  4 2022 06:17:15  BuildStamp: freesurfer-linux-ubuntu22_x86_64-7.3.2-20220804-6354275  User: oesteban  Machine: dna060  Platform: Linux  PlatformVersion: 5.14.0-427.37.1.el9_4.x86_64  CompilerName: GCC  CompilerVersion: 8.4.0
ProgramName: mri_concat  ProgramArguments: mri_concat -all-info  ProgramVersion: 7.3.2  TimeStamp: 2026/03/09-13:25:42-GMT  BuildTime: Aug  4 2022 06:17:15  BuildStamp: freesurfer-linux-ubuntu22_x86_64-7.3.2-20220804-6354275  User: oesteban  Machine: dna060  Platform: Linux  PlatformVersion: 5.14.0-427.37.1.el9_4.x86_64  CompilerName: GCC  CompilerVersion: 8.4.0
ProgramName: mri_concatenate_lta  ProgramArguments: mri_concatenate_lta -all-info  ProgramVersion: 7.3.2  TimeStamp: 2026/03/09-13:25:42-GMT  BuildTime: Aug  4 2022 06:17:15  BuildStamp: freesurfer-linux-ubuntu22_x86_64-7.3.2-20220804-6354275  User: oesteban  Machine: dna060  Platform: Linux  PlatformVersion: 5.14.0-427.37.1.el9_4.x86_64  CompilerName: GCC  CompilerVersion: 8.4.0
mri_convert -all-info 
ProgramName: mri_convert  ProgramArguments: mri_convert -all-info  ProgramVersion: 7.3.2  TimeStamp: 2026/03/09-13:25:42-GMT  BuildTime: Aug  4 2022 06:17:15  BuildStamp: freesurfer-linux-ubuntu22_x86_64-7.3.2-20220804-6354275  User: oesteban  Machine: dna060  Platform: Linux  PlatformVersion: 5.14.0-427.37.1.el9_4.x86_64  CompilerName: GCC  CompilerVersion: 8.4.0
ProgramName: mri_diff  ProgramArguments: mri_diff -all-info  ProgramVersion: 7.3.2  TimeStamp: 2026/03/09-13:25:42-GMT  BuildTime: Aug  4 2022 06:17:15  BuildStamp: freesurfer-linux-ubuntu22_x86_64-7.3.2-20220804-6354275  User: oesteban  Machine: dna060  Platform: Linux  PlatformVersion: 5.14.0-427.37.1.el9_4.x86_64  CompilerName: GCC  CompilerVersion: 8.4.0
ProgramName: mri_edit_wm_with_aseg  ProgramArguments: mri_edit_wm_with_aseg -all-info  ProgramVersion: 7.3.2  TimeStamp: 2026/03/09-13:25:42-GMT  BuildTime: Aug  4 2022 06:17:15  BuildStamp: freesurfer-linux-ubuntu22_x86_64-7.3.2-20220804-6354275  User: oesteban  Machine: dna060  Platform: Linux  PlatformVersion: 5.14.0-427.37.1.el9_4.x86_64  CompilerName: GCC  CompilerVersion: 8.4.0
ProgramName: mri_em_register  ProgramArguments: mri_em_register -all-info  ProgramVersion: 7.3.2  TimeStamp: 2026/03/09-13:25:42-GMT  BuildTime: Aug  4 2022 06:17:15  BuildStamp: freesurfer-linux-ubuntu22_x86_64-7.3.2-20220804-6354275  User: oesteban  Machine: dna060  Platform: Linux  PlatformVersion: 5.14.0-427.37.1.el9_4.x86_64  CompilerName: GCC  CompilerVersion: 8.4.0
ProgramName: mri_fill  ProgramArguments: mri_fill -all-info  ProgramVersion: 7.3.2  TimeStamp: 2026/03/09-13:25:42-GMT  BuildTime: Aug  4 2022 06:17:15  BuildStamp: freesurfer-linux-ubuntu22_x86_64-7.3.2-20220804-6354275  User: oesteban  Machine: dna060  Platform: Linux  PlatformVersion: 5.14.0-427.37.1.el9_4.x86_64  CompilerName: GCC  CompilerVersion: 8.4.0
ProgramName: mri_fuse_segmentations  ProgramArguments: mri_fuse_segmentations -all-info  ProgramVersion: 7.3.2  TimeStamp: 2026/03/09-13:25:42-GMT  BuildTime: Aug  4 2022 06:17:15  BuildStamp: freesurfer-linux-ubuntu22_x86_64-7.3.2-20220804-6354275  User: oesteban  Machine: dna060  Platform: Linux  PlatformVersion: 5.14.0-427.37.1.el9_4.x86_64  CompilerName: GCC  CompilerVersion: 8.4.0
ProgramName: mri_fwhm  ProgramArguments: mri_fwhm -all-info  ProgramVersion: 7.3.2  TimeStamp: 2026/03/09-13:25:42-GMT  BuildTime: Aug  4 2022 06:17:15  BuildStamp: freesurfer-linux-ubuntu22_x86_64-7.3.2-20220804-6354275  User: oesteban  Machine: dna060  Platform: Linux  PlatformVersion: 5.14.0-427.37.1.el9_4.x86_64  CompilerName: GCC  CompilerVersion: 8.4.0
ProgramName: mri_gcut  ProgramArguments: mri_gcut -all-info  ProgramVersion: 7.3.2  TimeStamp: 2026/03/09-13:25:42-GMT  BuildTime: Aug  4 2022 06:17:15  BuildStamp: freesurfer-linux-ubuntu22_x86_64-7.3.2-20220804-6354275  User: oesteban  Machine: dna060  Platform: Linux  PlatformVersion: 5.14.0-427.37.1.el9_4.x86_64  CompilerName: GCC  CompilerVersion: 8.4.0
ProgramName: mri_info  ProgramArguments: mri_info -all-info  ProgramVersion: 7.3.2  TimeStamp: 2026/03/09-13:25:42-GMT  BuildTime: Aug  4 2022 06:17:15  BuildStamp: freesurfer-linux-ubuntu22_x86_64-7.3.2-20220804-6354275  User: oesteban  Machine: dna060  Platform: Linux  PlatformVersion: 5.14.0-427.37.1.el9_4.x86_64  CompilerName: GCC  CompilerVersion: 8.4.0
ProgramName: mri_label2label  ProgramArguments: mri_label2label -all-info  ProgramVersion: 7.3.2  TimeStamp: 2026/03/09-13:25:42-GMT  BuildTime: Aug  4 2022 06:17:15  BuildStamp: freesurfer-linux-ubuntu22_x86_64-7.3.2-20220804-6354275  User: oesteban  Machine: dna060  Platform: Linux  PlatformVersion: 5.14.0-427.37.1.el9_4.x86_64  CompilerName: GCC  CompilerVersion: 8.4.0
ProgramName: mri_label2vol  ProgramArguments: mri_label2vol -all-info  ProgramVersion: 7.3.2  TimeStamp: 2026/03/09-13:25:42-GMT  BuildTime: Aug  4 2022 06:17:15  BuildStamp: freesurfer-linux-ubuntu22_x86_64-7.3.2-20220804-6354275  User: oesteban  Machine: dna060  Platform: Linux  PlatformVersion: 5.14.0-427.37.1.el9_4.x86_64  CompilerName: GCC  CompilerVersion: 8.4.0
ProgramName: mri_log_likelihood  ProgramArguments: mri_log_likelihood -all-info  ProgramVersion: 7.3.2  TimeStamp: 2026/03/09-13:25:42-GMT  BuildTime: Aug  4 2022 06:17:15  BuildStamp: freesurfer-linux-ubuntu22_x86_64-7.3.2-20220804-6354275  User: oesteban  Machine: dna060  Platform: Linux  PlatformVersion: 5.14.0-427.37.1.el9_4.x86_64  CompilerName: GCC  CompilerVersion: 8.4.0
ProgramName: mri_mask  ProgramArguments: mri_mask -all-info  ProgramVersion: 7.3.2  TimeStamp: 2026/03/09-13:25:42-GMT  BuildTime: Aug  4 2022 06:17:15  BuildStamp: freesurfer-linux-ubuntu22_x86_64-7.3.2-20220804-6354275  User: oesteban  Machine: dna060  Platform: Linux  PlatformVersion: 5.14.0-427.37.1.el9_4.x86_64  CompilerName: GCC  CompilerVersion: 8.4.0
ProgramName: mri_matrix_multiply  ProgramArguments: mri_matrix_multiply -all-info  ProgramVersion: 7.3.2  TimeStamp: 2026/03/09-13:25:42-GMT  BuildTime: Aug  4 2022 06:17:15  BuildStamp: freesurfer-linux-ubuntu22_x86_64-7.3.2-20220804-6354275  User: oesteban  Machine: dna060  Platform: Linux  PlatformVersion: 5.14.0-427.37.1.el9_4.x86_64  CompilerName: GCC  CompilerVersion: 8.4.0
ProgramName: mri_normalize  ProgramArguments: mri_normalize -all-info  ProgramVersion: 7.3.2  TimeStamp: 2026/03/09-13:25:42-GMT  BuildTime: Aug  4 2022 06:17:15  BuildStamp: freesurfer-linux-ubuntu22_x86_64-7.3.2-20220804-6354275  User: oesteban  Machine: dna060  Platform: Linux  PlatformVersion: 5.14.0-427.37.1.el9_4.x86_64  CompilerName: GCC  CompilerVersion: 8.4.0
ProgramName: mri_normalize_tp2  ProgramArguments: mri_normalize_tp2 -all-info  ProgramVersion: 7.3.2  TimeStamp: 2026/03/09-13:25:42-GMT  BuildTime: Aug  4 2022 06:17:15  BuildStamp: freesurfer-linux-ubuntu22_x86_64-7.3.2-20220804-6354275  User: oesteban  Machine: dna060  Platform: Linux  PlatformVersion: 5.14.0-427.37.1.el9_4.x86_64  CompilerName: GCC  CompilerVersion: 8.4.0
ProgramName: mri_or  ProgramArguments: mri_or -all-info  ProgramVersion: 7.3.2  TimeStamp: 2026/03/09-13:25:42-GMT  BuildTime: Aug  4 2022 06:17:15  BuildStamp: freesurfer-linux-ubuntu22_x86_64-7.3.2-20220804-6354275  User: oesteban  Machine: dna060  Platform: Linux  PlatformVersion: 5.14.0-427.37.1.el9_4.x86_64  CompilerName: GCC  CompilerVersion: 8.4.0
ProgramName: mri_relabel_hypointensities  ProgramArguments: mri_relabel_hypointensities -all-info  ProgramVersion: 7.3.2  TimeStamp: 2026/03/09-13:25:42-GMT  BuildTime: Aug  4 2022 06:17:15  BuildStamp: freesurfer-linux-ubuntu22_x86_64-7.3.2-20220804-6354275  User: oesteban  Machine: dna060  Platform: Linux  PlatformVersion: 5.14.0-427.37.1.el9_4.x86_64  CompilerName: GCC  CompilerVersion: 8.4.0
ProgramName: mri_relabel_nonwm_hypos  ProgramArguments: mri_relabel_nonwm_hypos -all-info  ProgramVersion: 7.3.2  TimeStamp: 2026/03/09-13:25:42-GMT  BuildTime: Aug  4 2022 06:17:15  BuildStamp: freesurfer-linux-ubuntu22_x86_64-7.3.2-20220804-6354275  User: oesteban  Machine: dna060  Platform: Linux  PlatformVersion: 5.14.0-427.37.1.el9_4.x86_64  CompilerName: GCC  CompilerVersion: 8.4.0
ProgramName: mri_remove_neck  ProgramArguments: mri_remove_neck -all-info  ProgramVersion: 7.3.2  TimeStamp: 2026/03/09-13:25:42-GMT  BuildTime: Aug  4 2022 06:17:15  BuildStamp: freesurfer-linux-ubuntu22_x86_64-7.3.2-20220804-6354275  User: oesteban  Machine: dna060  Platform: Linux  PlatformVersion: 5.14.0-427.37.1.el9_4.x86_64  CompilerName: GCC  CompilerVersion: 8.4.0
7.3.2

ProgramName: mri_robust_register  ProgramArguments: mri_robust_register -all-info  ProgramVersion: 7.3.2  TimeStamp: 2026/03/09-13:25:42-GMT  BuildTime: Aug  4 2022 06:17:15  BuildStamp: freesurfer-linux-ubuntu22_x86_64-7.3.2-20220804-6354275  User: oesteban  Machine: dna060  Platform: Linux  PlatformVersion: 5.14.0-427.37.1.el9_4.x86_64  CompilerName: GCC  CompilerVersion: 8.4.0
7.3.2

ProgramName: mri_robust_template  ProgramArguments: mri_robust_template -all-info  ProgramVersion: 7.3.2  TimeStamp: 2026/03/09-13:25:42-GMT  BuildTime: Aug  4 2022 06:17:15  BuildStamp: freesurfer-linux-ubuntu22_x86_64-7.3.2-20220804-6354275  User: oesteban  Machine: dna060  Platform: Linux  PlatformVersion: 5.14.0-427.37.1.el9_4.x86_64  CompilerName: GCC  CompilerVersion: 8.4.0
ProgramName: mris_anatomical_stats  ProgramArguments: mris_anatomical_stats -all-info  ProgramVersion: 7.3.2  TimeStamp: 2026/03/09-13:25:42-GMT  BuildTime: Aug  4 2022 06:17:15  BuildStamp: freesurfer-linux-ubuntu22_x86_64-7.3.2-20220804-6354275  User: oesteban  Machine: dna060  Platform: Linux  PlatformVersion: 5.14.0-427.37.1.el9_4.x86_64  CompilerName: GCC  CompilerVersion: 8.4.0
ProgramName: mris_ca_label  ProgramArguments: mris_ca_label -all-info  ProgramVersion: 7.3.2  TimeStamp: 2026/03/09-13:25:42-GMT  BuildTime: Aug  4 2022 06:17:15  BuildStamp: freesurfer-linux-ubuntu22_x86_64-7.3.2-20220804-6354275  User: oesteban  Machine: dna060  Platform: Linux  PlatformVersion: 5.14.0-427.37.1.el9_4.x86_64  CompilerName: GCC  CompilerVersion: 8.4.0
ProgramName: mris_calc  ProgramArguments: mris_calc -all-info  ProgramVersion: 7.3.2  TimeStamp: 2026/03/09-13:25:42-GMT  BuildTime: Aug  4 2022 06:17:15  BuildStamp: freesurfer-linux-ubuntu22_x86_64-7.3.2-20220804-6354275  User: oesteban  Machine: dna060  Platform: Linux  PlatformVersion: 5.14.0-427.37.1.el9_4.x86_64  CompilerName: GCC  CompilerVersion: 8.4.0
ProgramName: mris_convert  ProgramArguments: mris_convert -all-info  ProgramVersion: 7.3.2  TimeStamp: 2026/03/09-13:25:42-GMT  BuildTime: Aug  4 2022 06:17:15  BuildStamp: freesurfer-linux-ubuntu22_x86_64-7.3.2-20220804-6354275  User: oesteban  Machine: dna060  Platform: Linux  PlatformVersion: 5.14.0-427.37.1.el9_4.x86_64  CompilerName: GCC  CompilerVersion: 8.4.0
ProgramName: mris_curvature  ProgramArguments: mris_curvature -all-info  ProgramVersion: 7.3.2  TimeStamp: 2026/03/09-13:25:42-GMT  BuildTime: Aug  4 2022 06:17:15  BuildStamp: freesurfer-linux-ubuntu22_x86_64-7.3.2-20220804-6354275  User: oesteban  Machine: dna060  Platform: Linux  PlatformVersion: 5.14.0-427.37.1.el9_4.x86_64  CompilerName: GCC  CompilerVersion: 8.4.0
ProgramName: mris_curvature_stats  ProgramArguments: mris_curvature_stats -all-info  ProgramVersion: 7.3.2  TimeStamp: 2026/03/09-13:25:42-GMT  BuildTime: Aug  4 2022 06:17:15  BuildStamp: freesurfer-linux-ubuntu22_x86_64-7.3.2-20220804-6354275  User: oesteban  Machine: dna060  Platform: Linux  PlatformVersion: 5.14.0-427.37.1.el9_4.x86_64  CompilerName: GCC  CompilerVersion: 8.4.0
ProgramName: mris_diff  ProgramArguments: mris_diff -all-info  ProgramVersion: 7.3.2  TimeStamp: 2026/03/09-13:25:42-GMT  BuildTime: Aug  4 2022 06:17:15  BuildStamp: freesurfer-linux-ubuntu22_x86_64-7.3.2-20220804-6354275  User: oesteban  Machine: dna060  Platform: Linux  PlatformVersion: 5.14.0-427.37.1.el9_4.x86_64  CompilerName: GCC  CompilerVersion: 8.4.0
ProgramName: mris_divide_parcellation  ProgramArguments: mris_divide_parcellation -all-info  ProgramVersion: 7.3.2  TimeStamp: 2026/03/09-13:25:42-GMT  BuildTime: Aug  4 2022 06:17:15  BuildStamp: freesurfer-linux-ubuntu22_x86_64-7.3.2-20220804-6354275  User: oesteban  Machine: dna060  Platform: Linux  PlatformVersion: 5.14.0-427.37.1.el9_4.x86_64  CompilerName: GCC  CompilerVersion: 8.4.0
ProgramName: mri_segment  ProgramArguments: mri_segment -all-info  ProgramVersion: 7.3.2  TimeStamp: 2026/03/09-13:25:42-GMT  BuildTime: Aug  4 2022 06:17:15  BuildStamp: freesurfer-linux-ubuntu22_x86_64-7.3.2-20220804-6354275  User: oesteban  Machine: dna060  Platform: Linux  PlatformVersion: 5.14.0-427.37.1.el9_4.x86_64  CompilerName: GCC  CompilerVersion: 8.4.0
ProgramName: mri_segstats  ProgramArguments: mri_segstats -all-info  ProgramVersion: 7.3.2  TimeStamp: 2026/03/09-13:25:42-GMT  BuildTime: Aug  4 2022 06:17:15  BuildStamp: freesurfer-linux-ubuntu22_x86_64-7.3.2-20220804-6354275  User: oesteban  Machine: dna060  Platform: Linux  PlatformVersion: 5.14.0-427.37.1.el9_4.x86_64  CompilerName: GCC  CompilerVersion: 8.4.0
ProgramName: mris_euler_number  ProgramArguments: mris_euler_number -all-info  ProgramVersion: 7.3.2  TimeStamp: 2026/03/09-13:25:42-GMT  BuildTime: Aug  4 2022 06:17:15  BuildStamp: freesurfer-linux-ubuntu22_x86_64-7.3.2-20220804-6354275  User: oesteban  Machine: dna060  Platform: Linux  PlatformVersion: 5.14.0-427.37.1.el9_4.x86_64  CompilerName: GCC  CompilerVersion: 8.4.0
ProgramName: mris_fix_topology  ProgramArguments: mris_fix_topology -all-info  ProgramVersion: 7.3.2  TimeStamp: 2026/03/09-13:25:42-GMT  BuildTime: Aug  4 2022 06:17:15  BuildStamp: freesurfer-linux-ubuntu22_x86_64-7.3.2-20220804-6354275  User: oesteban  Machine: dna060  Platform: Linux  PlatformVersion: 5.14.0-427.37.1.el9_4.x86_64  CompilerName: GCC  CompilerVersion: 8.4.0
ProgramName: mris_topo_fixer  ProgramArguments: mris_topo_fixer -all-info  ProgramVersion: 7.3.2  TimeStamp: 2026/03/09-13:25:42-GMT  BuildTime: Aug  4 2022 06:17:15  BuildStamp: freesurfer-linux-ubuntu22_x86_64-7.3.2-20220804-6354275  User: oesteban  Machine: dna060  Platform: Linux  PlatformVersion: 5.14.0-427.37.1.el9_4.x86_64  CompilerName: GCC  CompilerVersion: 8.4.0
ProgramName: mris_jacobian  ProgramArguments: mris_jacobian -all-info  ProgramVersion: 7.3.2  TimeStamp: 2026/03/09-13:25:42-GMT  BuildTime: Aug  4 2022 06:17:15  BuildStamp: freesurfer-linux-ubuntu22_x86_64-7.3.2-20220804-6354275  User: oesteban  Machine: dna060  Platform: Linux  PlatformVersion: 5.14.0-427.37.1.el9_4.x86_64  CompilerName: GCC  CompilerVersion: 8.4.0
ProgramName: mris_label2annot  ProgramArguments: mris_label2annot -all-info  ProgramVersion: 7.3.2  TimeStamp: 2026/03/09-13:25:42-GMT  BuildTime: Aug  4 2022 06:17:15  BuildStamp: freesurfer-linux-ubuntu22_x86_64-7.3.2-20220804-6354275  User: oesteban  Machine: dna060  Platform: Linux  PlatformVersion: 5.14.0-427.37.1.el9_4.x86_64  CompilerName: GCC  CompilerVersion: 8.4.0
ProgramName: mris_left_right_register  ProgramArguments: mris_left_right_register -all-info  ProgramVersion: 7.3.2  TimeStamp: 2026/03/09-13:25:42-GMT  BuildTime: Aug  4 2022 06:17:15  BuildStamp: freesurfer-linux-ubuntu22_x86_64-7.3.2-20220804-6354275  User: oesteban  Machine: dna060  Platform: Linux  PlatformVersion: 5.14.0-427.37.1.el9_4.x86_64  CompilerName: GCC  CompilerVersion: 8.4.0
ProgramName: mris_place_surface  ProgramArguments: mris_place_surface -all-info  ProgramVersion: 7.3.2  TimeStamp: 2026/03/09-13:25:42-GMT  BuildTime: Aug  4 2022 06:17:15  BuildStamp: freesurfer-linux-ubuntu22_x86_64-7.3.2-20220804-6354275  User: oesteban  Machine: dna060  Platform: Linux  PlatformVersion: 5.14.0-427.37.1.el9_4.x86_64  CompilerName: GCC  CompilerVersion: 8.4.0
ProgramName: mrisp_paint  ProgramArguments: mrisp_paint -all-info  ProgramVersion: 7.3.2  TimeStamp: 2026/03/09-13:25:42-GMT  BuildTime: Aug  4 2022 06:17:15  BuildStamp: freesurfer-linux-ubuntu22_x86_64-7.3.2-20220804-6354275  User: oesteban  Machine: dna060  Platform: Linux  PlatformVersion: 5.14.0-427.37.1.el9_4.x86_64  CompilerName: GCC  CompilerVersion: 8.4.0
ProgramName: mris_register  ProgramArguments: mris_register -all-info  ProgramVersion: 7.3.2  TimeStamp: 2026/03/09-13:25:42-GMT  BuildTime: Aug  4 2022 06:17:15  BuildStamp: freesurfer-linux-ubuntu22_x86_64-7.3.2-20220804-6354275  User: oesteban  Machine: dna060  Platform: Linux  PlatformVersion: 5.14.0-427.37.1.el9_4.x86_64  CompilerName: GCC  CompilerVersion: 8.4.0
ProgramName: mris_smooth  ProgramArguments: mris_smooth -all-info  ProgramVersion: 7.3.2  TimeStamp: 2026/03/09-13:25:42-GMT  BuildTime: Aug  4 2022 06:17:15  BuildStamp: freesurfer-linux-ubuntu22_x86_64-7.3.2-20220804-6354275  User: oesteban  Machine: dna060  Platform: Linux  PlatformVersion: 5.14.0-427.37.1.el9_4.x86_64  CompilerName: GCC  CompilerVersion: 8.4.0
ProgramName: mris_sphere  ProgramArguments: mris_sphere -all-info  ProgramVersion: 7.3.2  TimeStamp: 2026/03/09-13:25:42-GMT  BuildTime: Aug  4 2022 06:17:15  BuildStamp: freesurfer-linux-ubuntu22_x86_64-7.3.2-20220804-6354275  User: oesteban  Machine: dna060  Platform: Linux  PlatformVersion: 5.14.0-427.37.1.el9_4.x86_64  CompilerName: GCC  CompilerVersion: 8.4.0
ProgramName: mris_surface_stats  ProgramArguments: mris_surface_stats -all-info  ProgramVersion: 7.3.2  TimeStamp: 2026/03/09-13:25:42-GMT  BuildTime: Aug  4 2022 06:17:15  BuildStamp: freesurfer-linux-ubuntu22_x86_64-7.3.2-20220804-6354275  User: oesteban  Machine: dna060  Platform: Linux  PlatformVersion: 5.14.0-427.37.1.el9_4.x86_64  CompilerName: GCC  CompilerVersion: 8.4.0
ProgramName: mri_stats2seg  ProgramArguments: mri_stats2seg -all-info  ProgramVersion: 7.3.2  TimeStamp: 2026/03/09-13:25:42-GMT  BuildTime: Aug  4 2022 06:17:15  BuildStamp: freesurfer-linux-ubuntu22_x86_64-7.3.2-20220804-6354275  User: oesteban  Machine: dna060  Platform: Linux  PlatformVersion: 5.14.0-427.37.1.el9_4.x86_64  CompilerName: GCC  CompilerVersion: 8.4.0
ProgramName: mris_thickness  ProgramArguments: mris_thickness -all-info  ProgramVersion: 7.3.2  TimeStamp: 2026/03/09-13:25:42-GMT  BuildTime: Aug  4 2022 06:17:15  BuildStamp: freesurfer-linux-ubuntu22_x86_64-7.3.2-20220804-6354275  User: oesteban  Machine: dna060  Platform: Linux  PlatformVersion: 5.14.0-427.37.1.el9_4.x86_64  CompilerName: GCC  CompilerVersion: 8.4.0
ProgramName: mris_thickness_diff  ProgramArguments: mris_thickness_diff -all-info  ProgramVersion: 7.3.2  TimeStamp: 2026/03/09-13:25:42-GMT  BuildTime: Aug  4 2022 06:17:15  BuildStamp: freesurfer-linux-ubuntu22_x86_64-7.3.2-20220804-6354275  User: oesteban  Machine: dna060  Platform: Linux  PlatformVersion: 5.14.0-427.37.1.el9_4.x86_64  CompilerName: GCC  CompilerVersion: 8.4.0
ProgramName: mris_topo_fixer  ProgramArguments: mris_topo_fixer -all-info  ProgramVersion: 7.3.2  TimeStamp: 2026/03/09-13:25:42-GMT  BuildTime: Aug  4 2022 06:17:15  BuildStamp: freesurfer-linux-ubuntu22_x86_64-7.3.2-20220804-6354275  User: oesteban  Machine: dna060  Platform: Linux  PlatformVersion: 5.14.0-427.37.1.el9_4.x86_64  CompilerName: GCC  CompilerVersion: 8.4.0
ProgramName: mri_surf2surf  ProgramArguments: mri_surf2surf -all-info  ProgramVersion: 7.3.2  TimeStamp: 2026/03/09-13:25:42-GMT  BuildTime: Aug  4 2022 06:17:15  BuildStamp: freesurfer-linux-ubuntu22_x86_64-7.3.2-20220804-6354275  User: oesteban  Machine: dna060  Platform: Linux  PlatformVersion: 5.14.0-427.37.1.el9_4.x86_64  CompilerName: GCC  CompilerVersion: 8.4.0
ProgramName: mri_surf2vol  ProgramArguments: mri_surf2vol -all-info  ProgramVersion: 7.3.2  TimeStamp: 2026/03/09-13:25:42-GMT  BuildTime: Aug  4 2022 06:17:15  BuildStamp: freesurfer-linux-ubuntu22_x86_64-7.3.2-20220804-6354275  User: oesteban  Machine: dna060  Platform: Linux  PlatformVersion: 5.14.0-427.37.1.el9_4.x86_64  CompilerName: GCC  CompilerVersion: 8.4.0
ProgramName: mri_surfcluster  ProgramArguments: mri_surfcluster -all-info  ProgramVersion: 7.3.2  TimeStamp: 2026/03/09-13:25:42-GMT  BuildTime: Aug  4 2022 06:17:15  BuildStamp: freesurfer-linux-ubuntu22_x86_64-7.3.2-20220804-6354275  User: oesteban  Machine: dna060  Platform: Linux  PlatformVersion: 5.14.0-427.37.1.el9_4.x86_64  CompilerName: GCC  CompilerVersion: 8.4.0
ProgramName: mris_volmask  ProgramArguments: mris_volmask -all-info  ProgramVersion: 7.3.2  TimeStamp: 2026/03/09-13:25:42-GMT  BuildTime: Aug  4 2022 06:17:15  BuildStamp: freesurfer-linux-ubuntu22_x86_64-7.3.2-20220804-6354275  User: oesteban  Machine: dna060  Platform: Linux  PlatformVersion: 5.14.0-427.37.1.el9_4.x86_64  CompilerName: GCC  CompilerVersion: 8.4.0
ProgramName: mri_tessellate  ProgramArguments: mri_tessellate -all-info  ProgramVersion: 7.3.2  TimeStamp: 2026/03/09-13:25:42-GMT  BuildTime: Aug  4 2022 06:17:15  BuildStamp: freesurfer-linux-ubuntu22_x86_64-7.3.2-20220804-6354275  User: oesteban  Machine: dna060  Platform: Linux  PlatformVersion: 5.14.0-427.37.1.el9_4.x86_64  CompilerName: GCC  CompilerVersion: 8.4.0
ProgramName: mri_vol2surf  ProgramArguments: mri_vol2surf -all-info  ProgramVersion: 7.3.2  TimeStamp: 2026/03/09-13:25:42-GMT  BuildTime: Aug  4 2022 06:17:15  BuildStamp: freesurfer-linux-ubuntu22_x86_64-7.3.2-20220804-6354275  User: oesteban  Machine: dna060  Platform: Linux  PlatformVersion: 5.14.0-427.37.1.el9_4.x86_64  CompilerName: GCC  CompilerVersion: 8.4.0
ProgramName: mri_vol2vol  ProgramArguments: mri_vol2vol -all-info  ProgramVersion: 7.3.2  TimeStamp: 2026/03/09-13:25:42-GMT  BuildTime: Aug  4 2022 06:17:15  BuildStamp: freesurfer-linux-ubuntu22_x86_64-7.3.2-20220804-6354275  User: oesteban  Machine: dna060  Platform: Linux  PlatformVersion: 5.14.0-427.37.1.el9_4.x86_64  CompilerName: GCC  CompilerVersion: 8.4.0
ProgramName: mri_voldiff  ProgramArguments: mri_voldiff -all-info  ProgramVersion: 7.3.2  TimeStamp: 2026/03/09-13:25:42-GMT  BuildTime: Aug  4 2022 06:17:15  BuildStamp: freesurfer-linux-ubuntu22_x86_64-7.3.2-20220804-6354275  User: oesteban  Machine: dna060  Platform: Linux  PlatformVersion: 5.14.0-427.37.1.el9_4.x86_64  CompilerName: GCC  CompilerVersion: 8.4.0
ProgramName: mri_watershed  ProgramArguments: mri_watershed -all-info  ProgramVersion: 7.3.2  TimeStamp: 2026/03/09-13:25:42-GMT  BuildTime: Aug  4 2022 06:17:15  BuildStamp: freesurfer-linux-ubuntu22_x86_64-7.3.2-20220804-6354275  User: oesteban  Machine: dna060  Platform: Linux  PlatformVersion: 5.14.0-427.37.1.el9_4.x86_64  CompilerName: GCC  CompilerVersion: 8.4.0
ProgramName: tkregister2  ProgramArguments: tkregister2_cmdl -all-info  ProgramVersion: 7.3.2  TimeStamp: 2026/03/09-13:25:42-GMT  BuildTime: Aug  4 2022 06:17:15  BuildStamp: freesurfer-linux-ubuntu22_x86_64-7.3.2-20220804-6354275  User: oesteban  Machine: dna060  Platform: Linux  PlatformVersion: 5.14.0-427.37.1.el9_4.x86_64  CompilerName: GCC  CompilerVersion: 8.4.0
mri_motion_correct.fsl 7.3.2
mri_convert -all-info 
ProgramName: mri_convert  ProgramArguments: mri_convert -all-info  ProgramVersion: 7.3.2  TimeStamp: 2026/03/09-13:25:42-GMT  BuildTime: Aug  4 2022 06:17:15  BuildStamp: freesurfer-linux-ubuntu22_x86_64-7.3.2-20220804-6354275  User: oesteban  Machine: dna060  Platform: Linux  PlatformVersion: 5.14.0-427.37.1.el9_4.x86_64  CompilerName: GCC  CompilerVersion: 8.4.0
Program nu_correct, built from:
Package MNI N3, version 1.12.0, compiled by nicks@terrier (x86_64-unknown-linux-gnu) on 2015-06-19 at 01:25:34
#######################################
GCADIR /opt/freesurfer/average
GCA RB_all_2020-01-02.gca
GCASkull RB_all_withskull_2020_01_02.gca
AvgCurvTif folding.atlas.acfb40.noaparc.i12.2016-08-02.tif
GCSDIR /opt/freesurfer/average
GCS DKaparc.atlas.acfb40.noaparc.i12.2016-08-02.gcs
#######################################
#--------------------------------------------
#@# WhiteSurfs lh Mon Mar  9 14:25:42 CET 2026
cd /out/sourcedata/freesurfer/sub-v1s21x0050411_ses-1/mri
mris_place_surface --adgws-in ../surf/autodet.gw.stats.lh.dat --seg aseg.presurf.mgz --threads 16 --wm wm.mgz --invol brain.finalsurfs.mgz --lh --i ../surf/lh.white.preaparc --o ../surf/lh.white --white --nsmooth 0 --rip-label ../label/lh.cortex.label --rip-bg --rip-surf ../surf/lh.white.preaparc --aparc ../label/lh.aparc.annot
   Update not needed
#--------------------------------------------
#@# WhiteSurfs rh Mon Mar  9 14:25:42 CET 2026
cd /out/sourcedata/freesurfer/sub-v1s21x0050411_ses-1/mri
mris_place_surface --adgws-in ../surf/autodet.gw.stats.rh.dat --seg aseg.presurf.mgz --threads 16 --wm wm.mgz --invol brain.finalsurfs.mgz --rh --i ../surf/rh.white.preaparc --o ../surf/rh.white --white --nsmooth 0 --rip-label ../label/rh.cortex.label --rip-bg --rip-surf ../surf/rh.white.preaparc --aparc ../label/rh.aparc.annot
   Update not needed
#@# white curv lh Mon Mar  9 14:25:42 CET 2026
cd /out/sourcedata/freesurfer/sub-v1s21x0050411_ses-1/mri
mris_place_surface --curv-map ../surf/lh.white 2 10 ../surf/lh.curv
   Update not needed
#@# white area lh Mon Mar  9 14:25:42 CET 2026
cd /out/sourcedata/freesurfer/sub-v1s21x0050411_ses-1/mri
mris_place_surface --area-map ../surf/lh.white ../surf/lh.area
   Update not needed
#@# pial curv lh Mon Mar  9 14:25:42 CET 2026
cd /out/sourcedata/freesurfer/sub-v1s21x0050411_ses-1/mri
mris_place_surface --curv-map ../surf/lh.pial 2 10 ../surf/lh.curv.pial
   Update not needed
#@# pial area lh Mon Mar  9 14:25:42 CET 2026
cd /out/sourcedata/freesurfer/sub-v1s21x0050411_ses-1/mri
mris_place_surface --area-map ../surf/lh.pial ../surf/lh.area.pial
   Update not needed
#@# thickness lh Mon Mar  9 14:25:42 CET 2026
cd /out/sourcedata/freesurfer/sub-v1s21x0050411_ses-1/mri
mris_place_surface --thickness ../surf/lh.white ../surf/lh.pial 20 5 ../surf/lh.thickness
   Update not needed
#@# area and vertex vol lh Mon Mar  9 14:25:42 CET 2026
cd /out/sourcedata/freesurfer/sub-v1s21x0050411_ses-1/mri
mris_place_surface --thickness ../surf/lh.white ../surf/lh.pial 20 5 ../surf/lh.thickness
   Update not needed
#@# white curv rh Mon Mar  9 14:25:42 CET 2026
cd /out/sourcedata/freesurfer/sub-v1s21x0050411_ses-1/mri
mris_place_surface --curv-map ../surf/rh.white 2 10 ../surf/rh.curv
   Update not needed
#@# white area rh Mon Mar  9 14:25:42 CET 2026
cd /out/sourcedata/freesurfer/sub-v1s21x0050411_ses-1/mri
mris_place_surface --area-map ../surf/rh.white ../surf/rh.area
   Update not needed
#@# pial curv rh Mon Mar  9 14:25:42 CET 2026
cd /out/sourcedata/freesurfer/sub-v1s21x0050411_ses-1/mri
mris_place_surface --curv-map ../surf/rh.pial 2 10 ../surf/rh.curv.pial
   Update not needed
#@# pial area rh Mon Mar  9 14:25:42 CET 2026
cd /out/sourcedata/freesurfer/sub-v1s21x0050411_ses-1/mri
mris_place_surface --area-map ../surf/rh.pial ../surf/rh.area.pial
   Update not needed
#@# thickness rh Mon Mar  9 14:25:42 CET 2026
cd /out/sourcedata/freesurfer/sub-v1s21x0050411_ses-1/mri
mris_place_surface --thickness ../surf/rh.white ../surf/rh.pial 20 5 ../surf/rh.thickness
   Update not needed
#@# area and vertex vol rh Mon Mar  9 14:25:42 CET 2026
cd /out/sourcedata/freesurfer/sub-v1s21x0050411_ses-1/mri
mris_place_surface --thickness ../surf/rh.white ../surf/rh.pial 20 5 ../surf/rh.thickness
   Update not needed

#-----------------------------------------
#@# Curvature Stats lh Mon Mar  9 14:25:42 CET 2026
/out/sourcedata/freesurfer/sub-v1s21x0050411_ses-1/surf

 mris_curvature_stats -m --writeCurvatureFiles -G -o ../stats/lh.curv.stats -F smoothwm sub-v1s21x0050411_ses-1 lh curv sulc 

             Toggling save flag on curvature files                       [ ok ]
                 Outputting results using filestem   [ ../stats/lh.curv.stats ]
             Toggling save flag on curvature files                       [ ok ]
                                   Setting surface [ sub-v1s21x0050411_ses-1/lh.smoothwm ]
                                Reading surface...                       [ ok ]
                                   Setting texture                     [ curv ]
                                Reading texture...                       [ ok ]
                                   Setting texture                     [ sulc ]
                                Reading texture...Gb_filter = 0
                       [ ok ]
      Calculating Discrete Principal Curvatures...
      Determining geometric order for vno faces... [####################] [ ok ]
                      Determining KH curvatures... [####################] [ ok ]
                    Determining k1k2 curvatures... [####################] [ ok ]
                                   deltaViolations                      [ 331 ]
Gb_filter = 0

WARN:    S lookup   min:                          -0.040276
WARN:    S explicit min:                          0.000000	vertex = 182

#-----------------------------------------
#@# Curvature Stats rh Mon Mar  9 14:25:46 CET 2026
/out/sourcedata/freesurfer/sub-v1s21x0050411_ses-1/surf

 mris_curvature_stats -m --writeCurvatureFiles -G -o ../stats/rh.curv.stats -F smoothwm sub-v1s21x0050411_ses-1 rh curv sulc 

             Toggling save flag on curvature files                       [ ok ]
                 Outputting results using filestem   [ ../stats/rh.curv.stats ]
             Toggling save flag on curvature files                       [ ok ]
                                   Setting surface [ sub-v1s21x0050411_ses-1/rh.smoothwm ]
                                Reading surface...                       [ ok ]
                                   Setting texture                     [ curv ]
                                Reading texture...                       [ ok ]
                                   Setting texture                     [ sulc ]
                                Reading texture...Gb_filter = 0
                       [ ok ]
      Calculating Discrete Principal Curvatures...
      Determining geometric order for vno faces... [####################] [ ok ]
                      Determining KH curvatures... [####################] [ ok ]
                    Determining k1k2 curvatures... [####################] [ ok ]
                                   deltaViolations                      [ 304 ]
Gb_filter = 0

WARN:    S lookup   min:                          -0.725858
WARN:    S explicit min:                          0.000000	vertex = 195
#-----------------------------------------
#@# Relabel Hypointensities Mon Mar  9 14:25:49 CET 2026
/out/sourcedata/freesurfer/sub-v1s21x0050411_ses-1/mri

 mri_relabel_hypointensities aseg.presurf.mgz ../surf aseg.presurf.hypos.mgz 

reading input surface ../surf/lh.white...
relabeling lh hypointensities...
3826 voxels changed to hypointensity...
reading input surface ../surf/rh.white...
relabeling rh hypointensities...
3568 voxels changed to hypointensity...
7484 hypointense voxels neighboring cortex changed
#-----------------------------------------
#@# APas-to-ASeg Mon Mar  9 14:26:07 CET 2026
/out/sourcedata/freesurfer/sub-v1s21x0050411_ses-1/mri

 mri_surf2volseg --o aseg.mgz --i aseg.presurf.hypos.mgz --fix-presurf-with-ribbon /out/sourcedata/freesurfer/sub-v1s21x0050411_ses-1/mri/ribbon.mgz --threads 16 --lh-cortex-mask /out/sourcedata/freesurfer/sub-v1s21x0050411_ses-1/label/lh.cortex.label --lh-white /out/sourcedata/freesurfer/sub-v1s21x0050411_ses-1/surf/lh.white --lh-pial /out/sourcedata/freesurfer/sub-v1s21x0050411_ses-1/surf/lh.pial --rh-cortex-mask /out/sourcedata/freesurfer/sub-v1s21x0050411_ses-1/label/rh.cortex.label --rh-white /out/sourcedata/freesurfer/sub-v1s21x0050411_ses-1/surf/rh.white --rh-pial /out/sourcedata/freesurfer/sub-v1s21x0050411_ses-1/surf/rh.pial 

SUBJECTS_DIR /out/sourcedata/freesurfer
outvol aseg.mgz
16 avail.processors, using 16
Loading aseg.presurf.hypos.mgz
Loading /out/sourcedata/freesurfer/sub-v1s21x0050411_ses-1/mri/ribbon.mgz
Loading /out/sourcedata/freesurfer/sub-v1s21x0050411_ses-1/surf/lh.white
Loading /out/sourcedata/freesurfer/sub-v1s21x0050411_ses-1/surf/lh.pial
Loading /out/sourcedata/freesurfer/sub-v1s21x0050411_ses-1/label/lh.cortex.label
Loading /out/sourcedata/freesurfer/sub-v1s21x0050411_ses-1/surf/rh.white
Loading /out/sourcedata/freesurfer/sub-v1s21x0050411_ses-1/surf/rh.pial
Loading /out/sourcedata/freesurfer/sub-v1s21x0050411_ses-1/label/rh.cortex.label
Done loading
  0 224 176  48  32 160 112  80 144  64 192 240 128  16  96 208   1 241 209  17  33  49  65 225   2 193  34 242 210  18  50 113 177 161   3  35  66 145 243  97 211 194  19 
 51 226   4  36 244 212  67  20  52 195 178  81 162  37 146   5 245 114 213  98  21  68  53 196  38   6 227 246  22 214  54 179 
163  69 147  39 
  7 197 247  23 215  99 
 55  40   8 228 248  70 129 198 115  24  82 164 216 180  56 148   9  41 249 199 
 25  71 217  57 100  10  42 250 181 200  26 218  58 165 149  11  43 229  72 251 116 201  27  59 
219 
182  12  44 252 101 202  83  60 220  73  28  13 150 166  45 253 230 203 183 221  29  61  14  46 117 254 102 204  30 222 151  62  15 255  74  47 167 231 205 184  31  84 223  63 103 232 206  75 152 185 168 118 233 207 130 104  85  76 186 234 153 169 235 187 105  77 119 
 86 154 236 188 170 106  78 237  87 120 155 189 238  79 
107 171 190 239 
156  88 121 191 108 157 172 131  89 122 109 158 173  90 123 159 
110 174  91 111 124 132 175  92 125 133  93 126 134  94 135  95 127 136 137 138 139 
140 141 142 143 
nrelabeled = 235585
ndotcheck = 0
Starting Surf2VolSeg free
free done
#VMPC# mri_surf2volseg VmPeak  2064160
mri_surf2volseg done

 mri_brainvol_stats sub-v1s21x0050411_ses-1 

ComputeBrainVolumeStats2 VoxelVol=1, KeepCSF=1
  #CBVS2 MaskVol              1821694.0
  #CBVS2 BrainSegVol          1497923.0
  #CBVS2 BrainSegVolNotVent   1480686.0
  #CBVS2 SupraTentVol         1329146.0
  #CBVS2 SupraTentVolNotVent  1311909.0
  #CBVS2 lhCtxGM               324652.0
  #CBVS2 rhCtxGM               322894.5
  #CBVS2 lhCerebralWM          300170.5
  #CBVS2 rhCerebralWM          298750.5
  #CBVS2 SubCortGMVol           68057.0
  #CBVS2 CerebellumVol         168777.0
  #CBVS2 CerebellumGMVol       141298.0
  #CBVS2 VentChorVol            13500.0
  #CBVS2 3rd4th5thCSF            3737.0
  #CBVS2 AllCSF                 17237.0
  #CBVS2 CCVol                   4873.0
#-----------------------------------------
#@# AParc-to-ASeg aparc Mon Mar  9 14:26:16 CET 2026
/out/sourcedata/freesurfer/sub-v1s21x0050411_ses-1/mri

 mri_surf2volseg --o aparc+aseg.mgz --label-cortex --i aseg.mgz --threads 16 --lh-annot /out/sourcedata/freesurfer/sub-v1s21x0050411_ses-1/label/lh.aparc.annot 1000 --lh-cortex-mask /out/sourcedata/freesurfer/sub-v1s21x0050411_ses-1/label/lh.cortex.label --lh-white /out/sourcedata/freesurfer/sub-v1s21x0050411_ses-1/surf/lh.white --lh-pial /out/sourcedata/freesurfer/sub-v1s21x0050411_ses-1/surf/lh.pial --rh-annot /out/sourcedata/freesurfer/sub-v1s21x0050411_ses-1/label/rh.aparc.annot 2000 --rh-cortex-mask /out/sourcedata/freesurfer/sub-v1s21x0050411_ses-1/label/rh.cortex.label --rh-white /out/sourcedata/freesurfer/sub-v1s21x0050411_ses-1/surf/rh.white --rh-pial /out/sourcedata/freesurfer/sub-v1s21x0050411_ses-1/surf/rh.pial 

SUBJECTS_DIR /out/sourcedata/freesurfer
outvol aparc+aseg.mgz
16 avail.processors, using 16
Loading aseg.mgz
Loading /out/sourcedata/freesurfer/sub-v1s21x0050411_ses-1/surf/lh.white
Loading /out/sourcedata/freesurfer/sub-v1s21x0050411_ses-1/surf/lh.pial
Loading /out/sourcedata/freesurfer/sub-v1s21x0050411_ses-1/label/lh.cortex.label
Ripping lh vertices labeled not in lh.cortex.label
  ripped 8991 vertices from lh hemi
Loading /out/sourcedata/freesurfer/sub-v1s21x0050411_ses-1/label/lh.aparc.annot
Loading /out/sourcedata/freesurfer/sub-v1s21x0050411_ses-1/surf/rh.white
Loading /out/sourcedata/freesurfer/sub-v1s21x0050411_ses-1/surf/rh.pial
Loading /out/sourcedata/freesurfer/sub-v1s21x0050411_ses-1/label/rh.cortex.label
Ripping rh vertices labeled not in rh.cortex.label
  ripped 8600 vertices from rh hemi
Loading /out/sourcedata/freesurfer/sub-v1s21x0050411_ses-1/label/rh.aparc.annot
Done loading
  0 176 112 240  48  16  32  96 208 160 192 224  80 144 128  64 209  49   1  17  33 241 225 210  50   2  18  34 242 226 211  51   3  19 
 35 243 212   4  52 227   5  20  36  53 244 213 228   6  21  37  54 245 214 229   7  38  55  22 246 215   8 230  39 
 56   9  23 247 216 231  40  57  10  24 248 217  41  58 232  11  25  42  59 
249 218 233  12 219 
 13  26  43 250 234 220  14  44  27 251 221 235  15  45  28 252 222 236  46 223  29  47 253 237  30 238 254  31 239 
255  60  61  62  65  63 193 145 161  66 177  81  97 113 194 129 146  67 162 195 147 178  82  68 196 130 114  98 148 197 163  69 198 179 
 83 199 
149 200 201 202 203 204 205 206 207 131  70 115  99 
164 180  84 150  71 116 165 132  72 100 181 151  85 166  73 117 152 182 101 133  86 167  74 153 183 118  75 168 102  87 154 134 184  76 169 119 
155 103 185  88 170 156  77 135 186 104 120 157  89 171 187  78 136 158 172 105 188  90 121  79 
159 
173 189 137 106  91 190 174 138 122 191 107 175  92 139 
108 123 140 109  93 141 110 124 111 142  94 143 125  95 126 127 
nrelabeled = 644911
ndotcheck = 50937
Starting Surf2VolSeg free
free done
#VMPC# mri_surf2volseg VmPeak  2048600
mri_surf2volseg done
#-----------------------------------------
#@# AParc-to-ASeg aparc.a2009s Mon Mar  9 14:27:19 CET 2026
/out/sourcedata/freesurfer/sub-v1s21x0050411_ses-1/mri

 mri_surf2volseg --o aparc.a2009s+aseg.mgz --label-cortex --i aseg.mgz --threads 16 --lh-annot /out/sourcedata/freesurfer/sub-v1s21x0050411_ses-1/label/lh.aparc.a2009s.annot 11100 --lh-cortex-mask /out/sourcedata/freesurfer/sub-v1s21x0050411_ses-1/label/lh.cortex.label --lh-white /out/sourcedata/freesurfer/sub-v1s21x0050411_ses-1/surf/lh.white --lh-pial /out/sourcedata/freesurfer/sub-v1s21x0050411_ses-1/surf/lh.pial --rh-annot /out/sourcedata/freesurfer/sub-v1s21x0050411_ses-1/label/rh.aparc.a2009s.annot 12100 --rh-cortex-mask /out/sourcedata/freesurfer/sub-v1s21x0050411_ses-1/label/rh.cortex.label --rh-white /out/sourcedata/freesurfer/sub-v1s21x0050411_ses-1/surf/rh.white --rh-pial /out/sourcedata/freesurfer/sub-v1s21x0050411_ses-1/surf/rh.pial 

SUBJECTS_DIR /out/sourcedata/freesurfer
outvol aparc.a2009s+aseg.mgz
16 avail.processors, using 16
Loading aseg.mgz
Loading /out/sourcedata/freesurfer/sub-v1s21x0050411_ses-1/surf/lh.white
Loading /out/sourcedata/freesurfer/sub-v1s21x0050411_ses-1/surf/lh.pial
Loading /out/sourcedata/freesurfer/sub-v1s21x0050411_ses-1/label/lh.cortex.label
Ripping lh vertices labeled not in lh.cortex.label
  ripped 8991 vertices from lh hemi
Loading /out/sourcedata/freesurfer/sub-v1s21x0050411_ses-1/label/lh.aparc.a2009s.annot
Loading /out/sourcedata/freesurfer/sub-v1s21x0050411_ses-1/surf/rh.white
Loading /out/sourcedata/freesurfer/sub-v1s21x0050411_ses-1/surf/rh.pial
Loading /out/sourcedata/freesurfer/sub-v1s21x0050411_ses-1/label/rh.cortex.label
Ripping rh vertices labeled not in rh.cortex.label
  ripped 8600 vertices from rh hemi
Loading /out/sourcedata/freesurfer/sub-v1s21x0050411_ses-1/label/rh.aparc.a2009s.annot
Done loading
 96  48 176 128  32 192 112 144  80  64 240  16 208 160 224   0   1  17  49 209 241 225  33  18   2 210 242  50 226 211  34 243 227   3  19 
 51 212 244 228  35   4  20  52 213 245 229 214 246 230  36   5  21  53 215 247 231  37   6  22  54 216 248 232 217 249 233  38   7  55  23 218 250 234 219 
 39 
  8  56  24 251 235 220 252 236  57  40   9  25 221 237 253  58 222 238  41  10  26 254  59 
223 239 
 42  27  11 255  28  43  12  29  44  13  30  45  14  31  46  15  47  60  61  62  63  65 193 113  81 145  97 161  66 177 129 194  67 114 146  82 195  98 162 130  68 178 196 115 147  83  69 197  99 
163 198 131 148 116  70 199 
 84 200 201 202 203 204 205 206 207 179 
100  71 117 149 164  85 132 180  72 118 101 150 165  86  73 181 119 
102 133 166  74 151  87 103 182  75 120 167  88 152  76 104 134 183 168  89 121 153  77 105 169 184  90 122 154 135  78 106 185 170  91 155 107  79 
123 186 136 171 156  92 108 187 124 109 172 157 137  93 110 188 125 173 158 111 138 189  94 159 
174 126 190 139 
 95 175 191 127 140 141 142 143 
nrelabeled = 644911
ndotcheck = 50937
Starting Surf2VolSeg free
free done
#VMPC# mri_surf2volseg VmPeak  2048700
mri_surf2volseg done
#-----------------------------------------
#@# AParc-to-ASeg aparc.DKTatlas Mon Mar  9 14:28:23 CET 2026
/out/sourcedata/freesurfer/sub-v1s21x0050411_ses-1/mri

 mri_surf2volseg --o aparc.DKTatlas+aseg.mgz --label-cortex --i aseg.mgz --threads 16 --lh-annot /out/sourcedata/freesurfer/sub-v1s21x0050411_ses-1/label/lh.aparc.DKTatlas.annot 1000 --lh-cortex-mask /out/sourcedata/freesurfer/sub-v1s21x0050411_ses-1/label/lh.cortex.label --lh-white /out/sourcedata/freesurfer/sub-v1s21x0050411_ses-1/surf/lh.white --lh-pial /out/sourcedata/freesurfer/sub-v1s21x0050411_ses-1/surf/lh.pial --rh-annot /out/sourcedata/freesurfer/sub-v1s21x0050411_ses-1/label/rh.aparc.DKTatlas.annot 2000 --rh-cortex-mask /out/sourcedata/freesurfer/sub-v1s21x0050411_ses-1/label/rh.cortex.label --rh-white /out/sourcedata/freesurfer/sub-v1s21x0050411_ses-1/surf/rh.white --rh-pial /out/sourcedata/freesurfer/sub-v1s21x0050411_ses-1/surf/rh.pial 

SUBJECTS_DIR /out/sourcedata/freesurfer
outvol aparc.DKTatlas+aseg.mgz
16 avail.processors, using 16
Loading aseg.mgz
Loading /out/sourcedata/freesurfer/sub-v1s21x0050411_ses-1/surf/lh.white
Loading /out/sourcedata/freesurfer/sub-v1s21x0050411_ses-1/surf/lh.pial
Loading /out/sourcedata/freesurfer/sub-v1s21x0050411_ses-1/label/lh.cortex.label
Ripping lh vertices labeled not in lh.cortex.label
  ripped 8991 vertices from lh hemi
Loading /out/sourcedata/freesurfer/sub-v1s21x0050411_ses-1/label/lh.aparc.DKTatlas.annot
Loading /out/sourcedata/freesurfer/sub-v1s21x0050411_ses-1/surf/rh.white
Loading /out/sourcedata/freesurfer/sub-v1s21x0050411_ses-1/surf/rh.pial
Loading /out/sourcedata/freesurfer/sub-v1s21x0050411_ses-1/label/rh.cortex.label
Ripping rh vertices labeled not in rh.cortex.label
  ripped 8600 vertices from rh hemi
Loading /out/sourcedata/freesurfer/sub-v1s21x0050411_ses-1/label/rh.aparc.DKTatlas.annot
Done loading
128  80  48 208 176 112   0 224 240  64 160  16  32 144 192  96 241  33  49 225  17 209   1  34 242 226  50  18 243 210  35   2 227  51 244  36  19 
211 228   3  52 245  37  20 212 229 246   4  53  38 247  21  39  54 
213 230   5 248  55  40  22 214 231   6 249  56  41  23 250 215 232   7  57  42 251  24 216 233   8  58  43 252  25  59 
 44 217 234   9 253  26  45 254  10 218 235  46 255 236  27  11 219 
 47 237  28  12 220 238  29  13 221 239 
 30  14 222  31  15 223  60  61  62  65  63 193 145 113  66 161  81  97 177 129 194 146  67 114  82 195 162  68 147  98 130 178 196  69  83 115 148 197 163  99 
 70 198 131 199 
200 201 202  84 203 204 205 206 207 149 179 
116  71 100 164  72  85 150 117 132 180  73 101 165  86 151 118  74 181 102 133 166  75  87 152 119 
182 103  76 167  88 153 134 120  77 104 183 168  89 154 105  78 169 184 121 155  90 135 106  79 
170 156 185  91 122 107 136 157 171 186 108  92 158 123 172 187 137 109 159 
 93 110 188 173 138 124 111 189 174  94 139 
125 190 175 140  95 191 126 141 127 142 143 
nrelabeled = 644911
ndotcheck = 50937
Starting Surf2VolSeg free
free done
#VMPC# mri_surf2volseg VmPeak  2048628
mri_surf2volseg done
#-----------------------------------------
#@# WMParc Mon Mar  9 14:29:26 CET 2026
/out/sourcedata/freesurfer/sub-v1s21x0050411_ses-1/mri

 mri_surf2volseg --o wmparc.mgz --label-wm --i aparc+aseg.mgz --threads 16 --lh-annot /out/sourcedata/freesurfer/sub-v1s21x0050411_ses-1/label/lh.aparc.annot 3000 --lh-cortex-mask /out/sourcedata/freesurfer/sub-v1s21x0050411_ses-1/label/lh.cortex.label --lh-white /out/sourcedata/freesurfer/sub-v1s21x0050411_ses-1/surf/lh.white --lh-pial /out/sourcedata/freesurfer/sub-v1s21x0050411_ses-1/surf/lh.pial --rh-annot /out/sourcedata/freesurfer/sub-v1s21x0050411_ses-1/label/rh.aparc.annot 4000 --rh-cortex-mask /out/sourcedata/freesurfer/sub-v1s21x0050411_ses-1/label/rh.cortex.label --rh-white /out/sourcedata/freesurfer/sub-v1s21x0050411_ses-1/surf/rh.white --rh-pial /out/sourcedata/freesurfer/sub-v1s21x0050411_ses-1/surf/rh.pial 

SUBJECTS_DIR /out/sourcedata/freesurfer
outvol wmparc.mgz
16 avail.processors, using 16
Loading aparc+aseg.mgz
Loading /out/sourcedata/freesurfer/sub-v1s21x0050411_ses-1/surf/lh.white
Loading /out/sourcedata/freesurfer/sub-v1s21x0050411_ses-1/surf/lh.pial
Loading /out/sourcedata/freesurfer/sub-v1s21x0050411_ses-1/label/lh.cortex.label
Ripping lh vertices labeled not in lh.cortex.label
  ripped 8991 vertices from lh hemi
Loading /out/sourcedata/freesurfer/sub-v1s21x0050411_ses-1/label/lh.aparc.annot
Loading /out/sourcedata/freesurfer/sub-v1s21x0050411_ses-1/surf/rh.white
Loading /out/sourcedata/freesurfer/sub-v1s21x0050411_ses-1/surf/rh.pial
Loading /out/sourcedata/freesurfer/sub-v1s21x0050411_ses-1/label/rh.cortex.label
Ripping rh vertices labeled not in rh.cortex.label
  ripped 8600 vertices from rh hemi
Loading /out/sourcedata/freesurfer/sub-v1s21x0050411_ses-1/label/rh.aparc.annot
Done loading
176 128  64 224   0 192  32 144 160 208 240  48  16 112  96  80  49 225 241  17 209  33   1  50 226 242 210  18  34   2  51 227 243 211  19 
 35   3  52 228  65 244 212  20  36   4  53 229 245 213  21  37   5  54 230 246 214  22  38  55   6 231 247 215  23  56  39 
  7 232 248 216  24  57  40   8 233 249 217  25  58  41   9 234 250 218  26  59 
 42  10 193 235 251 219 
 27  60  43  11 236 252 220  61  28  44  12 237 253 221  62  29  45  13  66 238 254 222  30  46  14 239 
223 255  31  63  47  15 194 177  81 195  67 196 197 198 199 
200  68 201 202 203 204 205 206 207 178  97 161 129  69  82 145  70 130 179 
 71  83  72  98 162 180 131 113  73  84 181  74 146 132 163  75 182  85 133  99 
183  76 134 164  86  77 184 135 185 100  78 114 147  87 186 165 136 187  79 
 88 188 189 137 101 166 190  89 191 148 115  90 138 167 102  91 168 139 
149 103  92 169 140  93 116 104 170 150  94 141 171 105 172 117  95 142 151 106 173 143 174 118 152 107 175 153 108 119 
154 120 109 155 121 156 110 122 157 123 158 111 124 159 
125 126 127 
nrelabeled = 594048
ndotcheck = 5296
Starting Surf2VolSeg free
free done
#VMPC# mri_surf2volseg VmPeak  2048600
mri_surf2volseg done

 mri_segstats --seed 1234 --seg mri/wmparc.mgz --sum stats/wmparc.stats --pv mri/norm.mgz --excludeid 0 --brainmask mri/brainmask.mgz --in mri/norm.mgz --in-intensity-name norm --in-intensity-units MR --subject sub-v1s21x0050411_ses-1 --surf-wm-vol --ctab /opt/freesurfer/WMParcStatsLUT.txt --etiv 

setting seed for random number genererator to 1234

7.3.2
cwd 
cmdline mri_segstats --seed 1234 --seg mri/wmparc.mgz --sum stats/wmparc.stats --pv mri/norm.mgz --excludeid 0 --brainmask mri/brainmask.mgz --in mri/norm.mgz --in-intensity-name norm --in-intensity-units MR --subject sub-v1s21x0050411_ses-1 --surf-wm-vol --ctab /opt/freesurfer/WMParcStatsLUT.txt --etiv 
sysname  Linux
hostname dna060
machine  x86_64
user     oesteban
whitesurfname  white
UseRobust  0
atlas_icv (eTIV) = 1860431 mm^3    (det: 1.047126 )
Loading mri/wmparc.mgz
Getting Brain Volume Statistics
Loading mri/norm.mgz
Loading mri/norm.mgz
Voxel Volume is 1 mm^3
Generating list of segmentation ids
Found 390 segmentations
Computing statistics for each segmentation

Reporting on  70 segmentations
Using PrintSegStat
mri_segstats done
#--------------------------------------------
#@# ASeg Stats Mon Mar  9 14:34:15 CET 2026
/out/sourcedata/freesurfer/sub-v1s21x0050411_ses-1

 mri_segstats --seed 1234 --seg mri/aseg.mgz --sum stats/aseg.stats --pv mri/norm.mgz --empty --brainmask mri/brainmask.mgz --brain-vol-from-seg --excludeid 0 --excl-ctxgmwm --supratent --subcortgray --in mri/norm.mgz --in-intensity-name norm --in-intensity-units MR --etiv --surf-wm-vol --surf-ctx-vol --totalgray --euler --ctab /opt/freesurfer/ASegStatsLUT.txt --subject sub-v1s21x0050411_ses-1 

setting seed for random number genererator to 1234

7.3.2
cwd 
cmdline mri_segstats --seed 1234 --seg mri/aseg.mgz --sum stats/aseg.stats --pv mri/norm.mgz --empty --brainmask mri/brainmask.mgz --brain-vol-from-seg --excludeid 0 --excl-ctxgmwm --supratent --subcortgray --in mri/norm.mgz --in-intensity-name norm --in-intensity-units MR --etiv --surf-wm-vol --surf-ctx-vol --totalgray --euler --ctab /opt/freesurfer/ASegStatsLUT.txt --subject sub-v1s21x0050411_ses-1 
sysname  Linux
hostname dna060
machine  x86_64
user     oesteban
whitesurfname  white
UseRobust  0
atlas_icv (eTIV) = 1860431 mm^3    (det: 1.047126 )
Computing euler number
orig.nofix lheno =  -60, rheno = -88
orig.nofix lhholes =   31, rhholes = 45
Loading mri/aseg.mgz
Getting Brain Volume Statistics
Loading mri/norm.mgz
Loading mri/norm.mgz
Voxel Volume is 1 mm^3
Generating list of segmentation ids
Found  50 segmentations
Computing statistics for each segmentation

Reporting on  45 segmentations
Using PrintSegStat
mri_segstats done

Started at Mon Mar 9 14:25:42 CET 2026 
Ended   at Mon Mar 9 14:34:57 CET 2026
#@#%# recon-all-run-time-hours 0.154
recon-all -s sub-v1s21x0050411_ses-1 finished without error at Mon Mar  9 14:34:57 CET 2026
