
Mon Mar  9 12:15:50 CET 2026
cd /out/sourcedata/freesurfer/sub-v1s21x0050408_ses-1
setenv SUBJECTS_DIR /out/sourcedata/freesurfer
/opt/freesurfer/bin/recon-all -autorecon-hemi rh -noparcstats -noparcstats2 -noparcstats3 -nohyporelabel -nobalabels -rh-only -openmp 16 -subjid sub-v1s21x0050408_ses-1 -sd /out/sourcedata/freesurfer

subjid sub-v1s21x0050408_ses-1
setenv SUBJECTS_DIR /out/sourcedata/freesurfer
FREESURFER_HOME /opt/freesurfer
Actual FREESURFER_HOME /opt/freesurfer
build-stamp.txt: freesurfer-linux-ubuntu22_x86_64-7.3.2-20220804-6354275
Linux dna078 5.14.0-427.37.1.el9_4.x86_64 #1 SMP PREEMPT_DYNAMIC Fri Sep 13 12:41:50 EDT 2024 x86_64 x86_64 x86_64 GNU/Linux
cputime      unlimited
filesize     unlimited
datasize     unlimited
stacksize    8192 kbytes
coredumpsize 0 kbytes
memoryuse    67108864 kbytes
vmemoryuse   unlimited
descriptors  1024 
memorylocked unlimited
maxproc      2061970 
maxlocks     unlimited
maxsignal    2062029 
maxmessage   819200 
maxnice      0 
maxrtprio    0 
maxrttime    unlimited

               total        used        free      shared  buff/cache   available
Mem:           503Gi        49Gi       410Gi       6.5Gi        43Gi       444Gi
Swap:             0B          0B          0B

########################################
program versions used
7.3.2 (freesurfer-linux-ubuntu22_x86_64-7.3.2-20220804-6354275)
7.3.2

ProgramName: lta_convert  ProgramArguments: lta_convert -all-info  ProgramVersion: 7.3.2  TimeStamp: 2026/03/09-11:15:50-GMT  BuildTime: Aug  4 2022 06:17:15  BuildStamp: freesurfer-linux-ubuntu22_x86_64-7.3.2-20220804-6354275  User: oesteban  Machine: dna078  Platform: Linux  PlatformVersion: 5.14.0-427.37.1.el9_4.x86_64  CompilerName: GCC  CompilerVersion: 8.4.0
ProgramName: mri_and  ProgramArguments: mri_and -all-info  ProgramVersion: 7.3.2  TimeStamp: 2026/03/09-11:15:50-GMT  BuildTime: Aug  4 2022 06:17:15  BuildStamp: freesurfer-linux-ubuntu22_x86_64-7.3.2-20220804-6354275  User: oesteban  Machine: dna078  Platform: Linux  PlatformVersion: 5.14.0-427.37.1.el9_4.x86_64  CompilerName: GCC  CompilerVersion: 8.4.0
ProgramName: mri_annotation2label  ProgramArguments: mri_annotation2label -all-info  ProgramVersion: 7.3.2  TimeStamp: 2026/03/09-11:15:50-GMT  BuildTime: Aug  4 2022 06:17:15  BuildStamp: freesurfer-linux-ubuntu22_x86_64-7.3.2-20220804-6354275  User: oesteban  Machine: dna078  Platform: Linux  PlatformVersion: 5.14.0-427.37.1.el9_4.x86_64  CompilerName: GCC  CompilerVersion: 8.4.0
ProgramName: mri_aparc2aseg  ProgramArguments: mri_aparc2aseg -all-info  ProgramVersion: 7.3.2  TimeStamp: 2026/03/09-11:15:50-GMT  BuildTime: Aug  4 2022 06:17:15  BuildStamp: freesurfer-linux-ubuntu22_x86_64-7.3.2-20220804-6354275  User: oesteban  Machine: dna078  Platform: Linux  PlatformVersion: 5.14.0-427.37.1.el9_4.x86_64  CompilerName: GCC  CompilerVersion: 8.4.0
ProgramName: mri_surf2volseg  ProgramArguments: mri_surf2volseg -all-info  ProgramVersion: 7.3.2  TimeStamp: 2026/03/09-11:15:50-GMT  BuildTime: Aug  4 2022 06:17:15  BuildStamp: freesurfer-linux-ubuntu22_x86_64-7.3.2-20220804-6354275  User: oesteban  Machine: dna078  Platform: Linux  PlatformVersion: 5.14.0-427.37.1.el9_4.x86_64  CompilerName: GCC  CompilerVersion: 8.4.0
ProgramName: mri_binarize  ProgramArguments: mri_binarize -all-info  ProgramVersion: 7.3.2  TimeStamp: 2026/03/09-11:15:50-GMT  BuildTime: Aug  4 2022 06:17:15  BuildStamp: freesurfer-linux-ubuntu22_x86_64-7.3.2-20220804-6354275  User: oesteban  Machine: dna078  Platform: Linux  PlatformVersion: 5.14.0-427.37.1.el9_4.x86_64  CompilerName: GCC  CompilerVersion: 8.4.0
ProgramName: mri_ca_label  ProgramArguments: mri_ca_label -all-info  ProgramVersion: 7.3.2  TimeStamp: 2026/03/09-11:15:50-GMT  BuildTime: Aug  4 2022 06:17:15  BuildStamp: freesurfer-linux-ubuntu22_x86_64-7.3.2-20220804-6354275  User: oesteban  Machine: dna078  Platform: Linux  PlatformVersion: 5.14.0-427.37.1.el9_4.x86_64  CompilerName: GCC  CompilerVersion: 8.4.0
ProgramName: mri_ca_normalize  ProgramArguments: mri_ca_normalize -all-info  ProgramVersion: 7.3.2  TimeStamp: 2026/03/09-11:15:50-GMT  BuildTime: Aug  4 2022 06:17:15  BuildStamp: freesurfer-linux-ubuntu22_x86_64-7.3.2-20220804-6354275  User: oesteban  Machine: dna078  Platform: Linux  PlatformVersion: 5.14.0-427.37.1.el9_4.x86_64  CompilerName: GCC  CompilerVersion: 8.4.0
ProgramName: mri_ca_register  ProgramArguments: mri_ca_register -all-info  ProgramVersion: 7.3.2  TimeStamp: 2026/03/09-11:15:50-GMT  BuildTime: Aug  4 2022 06:17:15  BuildStamp: freesurfer-linux-ubuntu22_x86_64-7.3.2-20220804-6354275  User: oesteban  Machine: dna078  Platform: Linux  PlatformVersion: 5.14.0-427.37.1.el9_4.x86_64  CompilerName: GCC  CompilerVersion: 8.4.0
ProgramName: mri_cc  ProgramArguments: mri_cc -all-info  ProgramVersion: 7.3.2  TimeStamp: 2026/03/09-11:15:50-GMT  BuildTime: Aug  4 2022 06:17:15  BuildStamp: freesurfer-linux-ubuntu22_x86_64-7.3.2-20220804-6354275  User: oesteban  Machine: dna078  Platform: Linux  PlatformVersion: 5.14.0-427.37.1.el9_4.x86_64  CompilerName: GCC  CompilerVersion: 8.4.0
ProgramName: mri_compute_overlap  ProgramArguments: mri_compute_overlap -all-info  ProgramVersion: 7.3.2  TimeStamp: 2026/03/09-11:15:50-GMT  BuildTime: Aug  4 2022 06:17:15  BuildStamp: freesurfer-linux-ubuntu22_x86_64-7.3.2-20220804-6354275  User: oesteban  Machine: dna078  Platform: Linux  PlatformVersion: 5.14.0-427.37.1.el9_4.x86_64  CompilerName: GCC  CompilerVersion: 8.4.0
ProgramName: mri_compute_seg_overlap  ProgramArguments: mri_compute_seg_overlap -all-info  ProgramVersion: 7.3.2  TimeStamp: 2026/03/09-11:15:50-GMT  BuildTime: Aug  4 2022 06:17:15  BuildStamp: freesurfer-linux-ubuntu22_x86_64-7.3.2-20220804-6354275  User: oesteban  Machine: dna078  Platform: Linux  PlatformVersion: 5.14.0-427.37.1.el9_4.x86_64  CompilerName: GCC  CompilerVersion: 8.4.0
ProgramName: mri_concat  ProgramArguments: mri_concat -all-info  ProgramVersion: 7.3.2  TimeStamp: 2026/03/09-11:15:50-GMT  BuildTime: Aug  4 2022 06:17:15  BuildStamp: freesurfer-linux-ubuntu22_x86_64-7.3.2-20220804-6354275  User: oesteban  Machine: dna078  Platform: Linux  PlatformVersion: 5.14.0-427.37.1.el9_4.x86_64  CompilerName: GCC  CompilerVersion: 8.4.0
ProgramName: mri_concatenate_lta  ProgramArguments: mri_concatenate_lta -all-info  ProgramVersion: 7.3.2  TimeStamp: 2026/03/09-11:15:50-GMT  BuildTime: Aug  4 2022 06:17:15  BuildStamp: freesurfer-linux-ubuntu22_x86_64-7.3.2-20220804-6354275  User: oesteban  Machine: dna078  Platform: Linux  PlatformVersion: 5.14.0-427.37.1.el9_4.x86_64  CompilerName: GCC  CompilerVersion: 8.4.0
mri_convert -all-info 
ProgramName: mri_convert  ProgramArguments: mri_convert -all-info  ProgramVersion: 7.3.2  TimeStamp: 2026/03/09-11:15:50-GMT  BuildTime: Aug  4 2022 06:17:15  BuildStamp: freesurfer-linux-ubuntu22_x86_64-7.3.2-20220804-6354275  User: oesteban  Machine: dna078  Platform: Linux  PlatformVersion: 5.14.0-427.37.1.el9_4.x86_64  CompilerName: GCC  CompilerVersion: 8.4.0
ProgramName: mri_diff  ProgramArguments: mri_diff -all-info  ProgramVersion: 7.3.2  TimeStamp: 2026/03/09-11:15:50-GMT  BuildTime: Aug  4 2022 06:17:15  BuildStamp: freesurfer-linux-ubuntu22_x86_64-7.3.2-20220804-6354275  User: oesteban  Machine: dna078  Platform: Linux  PlatformVersion: 5.14.0-427.37.1.el9_4.x86_64  CompilerName: GCC  CompilerVersion: 8.4.0
ProgramName: mri_edit_wm_with_aseg  ProgramArguments: mri_edit_wm_with_aseg -all-info  ProgramVersion: 7.3.2  TimeStamp: 2026/03/09-11:15:50-GMT  BuildTime: Aug  4 2022 06:17:15  BuildStamp: freesurfer-linux-ubuntu22_x86_64-7.3.2-20220804-6354275  User: oesteban  Machine: dna078  Platform: Linux  PlatformVersion: 5.14.0-427.37.1.el9_4.x86_64  CompilerName: GCC  CompilerVersion: 8.4.0
ProgramName: mri_em_register  ProgramArguments: mri_em_register -all-info  ProgramVersion: 7.3.2  TimeStamp: 2026/03/09-11:15:50-GMT  BuildTime: Aug  4 2022 06:17:15  BuildStamp: freesurfer-linux-ubuntu22_x86_64-7.3.2-20220804-6354275  User: oesteban  Machine: dna078  Platform: Linux  PlatformVersion: 5.14.0-427.37.1.el9_4.x86_64  CompilerName: GCC  CompilerVersion: 8.4.0
ProgramName: mri_fill  ProgramArguments: mri_fill -all-info  ProgramVersion: 7.3.2  TimeStamp: 2026/03/09-11:15:50-GMT  BuildTime: Aug  4 2022 06:17:15  BuildStamp: freesurfer-linux-ubuntu22_x86_64-7.3.2-20220804-6354275  User: oesteban  Machine: dna078  Platform: Linux  PlatformVersion: 5.14.0-427.37.1.el9_4.x86_64  CompilerName: GCC  CompilerVersion: 8.4.0
ProgramName: mri_fuse_segmentations  ProgramArguments: mri_fuse_segmentations -all-info  ProgramVersion: 7.3.2  TimeStamp: 2026/03/09-11:15:50-GMT  BuildTime: Aug  4 2022 06:17:15  BuildStamp: freesurfer-linux-ubuntu22_x86_64-7.3.2-20220804-6354275  User: oesteban  Machine: dna078  Platform: Linux  PlatformVersion: 5.14.0-427.37.1.el9_4.x86_64  CompilerName: GCC  CompilerVersion: 8.4.0
ProgramName: mri_fwhm  ProgramArguments: mri_fwhm -all-info  ProgramVersion: 7.3.2  TimeStamp: 2026/03/09-11:15:50-GMT  BuildTime: Aug  4 2022 06:17:15  BuildStamp: freesurfer-linux-ubuntu22_x86_64-7.3.2-20220804-6354275  User: oesteban  Machine: dna078  Platform: Linux  PlatformVersion: 5.14.0-427.37.1.el9_4.x86_64  CompilerName: GCC  CompilerVersion: 8.4.0
ProgramName: mri_gcut  ProgramArguments: mri_gcut -all-info  ProgramVersion: 7.3.2  TimeStamp: 2026/03/09-11:15:50-GMT  BuildTime: Aug  4 2022 06:17:15  BuildStamp: freesurfer-linux-ubuntu22_x86_64-7.3.2-20220804-6354275  User: oesteban  Machine: dna078  Platform: Linux  PlatformVersion: 5.14.0-427.37.1.el9_4.x86_64  CompilerName: GCC  CompilerVersion: 8.4.0
ProgramName: mri_info  ProgramArguments: mri_info -all-info  ProgramVersion: 7.3.2  TimeStamp: 2026/03/09-11:15:50-GMT  BuildTime: Aug  4 2022 06:17:15  BuildStamp: freesurfer-linux-ubuntu22_x86_64-7.3.2-20220804-6354275  User: oesteban  Machine: dna078  Platform: Linux  PlatformVersion: 5.14.0-427.37.1.el9_4.x86_64  CompilerName: GCC  CompilerVersion: 8.4.0
ProgramName: mri_label2label  ProgramArguments: mri_label2label -all-info  ProgramVersion: 7.3.2  TimeStamp: 2026/03/09-11:15:50-GMT  BuildTime: Aug  4 2022 06:17:15  BuildStamp: freesurfer-linux-ubuntu22_x86_64-7.3.2-20220804-6354275  User: oesteban  Machine: dna078  Platform: Linux  PlatformVersion: 5.14.0-427.37.1.el9_4.x86_64  CompilerName: GCC  CompilerVersion: 8.4.0
ProgramName: mri_label2vol  ProgramArguments: mri_label2vol -all-info  ProgramVersion: 7.3.2  TimeStamp: 2026/03/09-11:15:50-GMT  BuildTime: Aug  4 2022 06:17:15  BuildStamp: freesurfer-linux-ubuntu22_x86_64-7.3.2-20220804-6354275  User: oesteban  Machine: dna078  Platform: Linux  PlatformVersion: 5.14.0-427.37.1.el9_4.x86_64  CompilerName: GCC  CompilerVersion: 8.4.0
ProgramName: mri_log_likelihood  ProgramArguments: mri_log_likelihood -all-info  ProgramVersion: 7.3.2  TimeStamp: 2026/03/09-11:15:50-GMT  BuildTime: Aug  4 2022 06:17:15  BuildStamp: freesurfer-linux-ubuntu22_x86_64-7.3.2-20220804-6354275  User: oesteban  Machine: dna078  Platform: Linux  PlatformVersion: 5.14.0-427.37.1.el9_4.x86_64  CompilerName: GCC  CompilerVersion: 8.4.0
ProgramName: mri_mask  ProgramArguments: mri_mask -all-info  ProgramVersion: 7.3.2  TimeStamp: 2026/03/09-11:15:50-GMT  BuildTime: Aug  4 2022 06:17:15  BuildStamp: freesurfer-linux-ubuntu22_x86_64-7.3.2-20220804-6354275  User: oesteban  Machine: dna078  Platform: Linux  PlatformVersion: 5.14.0-427.37.1.el9_4.x86_64  CompilerName: GCC  CompilerVersion: 8.4.0
ProgramName: mri_matrix_multiply  ProgramArguments: mri_matrix_multiply -all-info  ProgramVersion: 7.3.2  TimeStamp: 2026/03/09-11:15:50-GMT  BuildTime: Aug  4 2022 06:17:15  BuildStamp: freesurfer-linux-ubuntu22_x86_64-7.3.2-20220804-6354275  User: oesteban  Machine: dna078  Platform: Linux  PlatformVersion: 5.14.0-427.37.1.el9_4.x86_64  CompilerName: GCC  CompilerVersion: 8.4.0
ProgramName: mri_normalize  ProgramArguments: mri_normalize -all-info  ProgramVersion: 7.3.2  TimeStamp: 2026/03/09-11:15:50-GMT  BuildTime: Aug  4 2022 06:17:15  BuildStamp: freesurfer-linux-ubuntu22_x86_64-7.3.2-20220804-6354275  User: oesteban  Machine: dna078  Platform: Linux  PlatformVersion: 5.14.0-427.37.1.el9_4.x86_64  CompilerName: GCC  CompilerVersion: 8.4.0
ProgramName: mri_normalize_tp2  ProgramArguments: mri_normalize_tp2 -all-info  ProgramVersion: 7.3.2  TimeStamp: 2026/03/09-11:15:50-GMT  BuildTime: Aug  4 2022 06:17:15  BuildStamp: freesurfer-linux-ubuntu22_x86_64-7.3.2-20220804-6354275  User: oesteban  Machine: dna078  Platform: Linux  PlatformVersion: 5.14.0-427.37.1.el9_4.x86_64  CompilerName: GCC  CompilerVersion: 8.4.0
ProgramName: mri_or  ProgramArguments: mri_or -all-info  ProgramVersion: 7.3.2  TimeStamp: 2026/03/09-11:15:50-GMT  BuildTime: Aug  4 2022 06:17:15  BuildStamp: freesurfer-linux-ubuntu22_x86_64-7.3.2-20220804-6354275  User: oesteban  Machine: dna078  Platform: Linux  PlatformVersion: 5.14.0-427.37.1.el9_4.x86_64  CompilerName: GCC  CompilerVersion: 8.4.0
ProgramName: mri_relabel_hypointensities  ProgramArguments: mri_relabel_hypointensities -all-info  ProgramVersion: 7.3.2  TimeStamp: 2026/03/09-11:15:50-GMT  BuildTime: Aug  4 2022 06:17:15  BuildStamp: freesurfer-linux-ubuntu22_x86_64-7.3.2-20220804-6354275  User: oesteban  Machine: dna078  Platform: Linux  PlatformVersion: 5.14.0-427.37.1.el9_4.x86_64  CompilerName: GCC  CompilerVersion: 8.4.0
ProgramName: mri_relabel_nonwm_hypos  ProgramArguments: mri_relabel_nonwm_hypos -all-info  ProgramVersion: 7.3.2  TimeStamp: 2026/03/09-11:15:50-GMT  BuildTime: Aug  4 2022 06:17:15  BuildStamp: freesurfer-linux-ubuntu22_x86_64-7.3.2-20220804-6354275  User: oesteban  Machine: dna078  Platform: Linux  PlatformVersion: 5.14.0-427.37.1.el9_4.x86_64  CompilerName: GCC  CompilerVersion: 8.4.0
ProgramName: mri_remove_neck  ProgramArguments: mri_remove_neck -all-info  ProgramVersion: 7.3.2  TimeStamp: 2026/03/09-11:15:50-GMT  BuildTime: Aug  4 2022 06:17:15  BuildStamp: freesurfer-linux-ubuntu22_x86_64-7.3.2-20220804-6354275  User: oesteban  Machine: dna078  Platform: Linux  PlatformVersion: 5.14.0-427.37.1.el9_4.x86_64  CompilerName: GCC  CompilerVersion: 8.4.0
7.3.2

ProgramName: mri_robust_register  ProgramArguments: mri_robust_register -all-info  ProgramVersion: 7.3.2  TimeStamp: 2026/03/09-11:15:50-GMT  BuildTime: Aug  4 2022 06:17:15  BuildStamp: freesurfer-linux-ubuntu22_x86_64-7.3.2-20220804-6354275  User: oesteban  Machine: dna078  Platform: Linux  PlatformVersion: 5.14.0-427.37.1.el9_4.x86_64  CompilerName: GCC  CompilerVersion: 8.4.0
7.3.2

ProgramName: mri_robust_template  ProgramArguments: mri_robust_template -all-info  ProgramVersion: 7.3.2  TimeStamp: 2026/03/09-11:15:50-GMT  BuildTime: Aug  4 2022 06:17:15  BuildStamp: freesurfer-linux-ubuntu22_x86_64-7.3.2-20220804-6354275  User: oesteban  Machine: dna078  Platform: Linux  PlatformVersion: 5.14.0-427.37.1.el9_4.x86_64  CompilerName: GCC  CompilerVersion: 8.4.0
ProgramName: mris_anatomical_stats  ProgramArguments: mris_anatomical_stats -all-info  ProgramVersion: 7.3.2  TimeStamp: 2026/03/09-11:15:50-GMT  BuildTime: Aug  4 2022 06:17:15  BuildStamp: freesurfer-linux-ubuntu22_x86_64-7.3.2-20220804-6354275  User: oesteban  Machine: dna078  Platform: Linux  PlatformVersion: 5.14.0-427.37.1.el9_4.x86_64  CompilerName: GCC  CompilerVersion: 8.4.0
ProgramName: mris_ca_label  ProgramArguments: mris_ca_label -all-info  ProgramVersion: 7.3.2  TimeStamp: 2026/03/09-11:15:50-GMT  BuildTime: Aug  4 2022 06:17:15  BuildStamp: freesurfer-linux-ubuntu22_x86_64-7.3.2-20220804-6354275  User: oesteban  Machine: dna078  Platform: Linux  PlatformVersion: 5.14.0-427.37.1.el9_4.x86_64  CompilerName: GCC  CompilerVersion: 8.4.0
ProgramName: mris_calc  ProgramArguments: mris_calc -all-info  ProgramVersion: 7.3.2  TimeStamp: 2026/03/09-11:15:50-GMT  BuildTime: Aug  4 2022 06:17:15  BuildStamp: freesurfer-linux-ubuntu22_x86_64-7.3.2-20220804-6354275  User: oesteban  Machine: dna078  Platform: Linux  PlatformVersion: 5.14.0-427.37.1.el9_4.x86_64  CompilerName: GCC  CompilerVersion: 8.4.0
ProgramName: mris_convert  ProgramArguments: mris_convert -all-info  ProgramVersion: 7.3.2  TimeStamp: 2026/03/09-11:15:50-GMT  BuildTime: Aug  4 2022 06:17:15  BuildStamp: freesurfer-linux-ubuntu22_x86_64-7.3.2-20220804-6354275  User: oesteban  Machine: dna078  Platform: Linux  PlatformVersion: 5.14.0-427.37.1.el9_4.x86_64  CompilerName: GCC  CompilerVersion: 8.4.0
ProgramName: mris_curvature  ProgramArguments: mris_curvature -all-info  ProgramVersion: 7.3.2  TimeStamp: 2026/03/09-11:15:50-GMT  BuildTime: Aug  4 2022 06:17:15  BuildStamp: freesurfer-linux-ubuntu22_x86_64-7.3.2-20220804-6354275  User: oesteban  Machine: dna078  Platform: Linux  PlatformVersion: 5.14.0-427.37.1.el9_4.x86_64  CompilerName: GCC  CompilerVersion: 8.4.0
ProgramName: mris_curvature_stats  ProgramArguments: mris_curvature_stats -all-info  ProgramVersion: 7.3.2  TimeStamp: 2026/03/09-11:15:50-GMT  BuildTime: Aug  4 2022 06:17:15  BuildStamp: freesurfer-linux-ubuntu22_x86_64-7.3.2-20220804-6354275  User: oesteban  Machine: dna078  Platform: Linux  PlatformVersion: 5.14.0-427.37.1.el9_4.x86_64  CompilerName: GCC  CompilerVersion: 8.4.0
ProgramName: mris_diff  ProgramArguments: mris_diff -all-info  ProgramVersion: 7.3.2  TimeStamp: 2026/03/09-11:15:50-GMT  BuildTime: Aug  4 2022 06:17:15  BuildStamp: freesurfer-linux-ubuntu22_x86_64-7.3.2-20220804-6354275  User: oesteban  Machine: dna078  Platform: Linux  PlatformVersion: 5.14.0-427.37.1.el9_4.x86_64  CompilerName: GCC  CompilerVersion: 8.4.0
ProgramName: mris_divide_parcellation  ProgramArguments: mris_divide_parcellation -all-info  ProgramVersion: 7.3.2  TimeStamp: 2026/03/09-11:15:50-GMT  BuildTime: Aug  4 2022 06:17:15  BuildStamp: freesurfer-linux-ubuntu22_x86_64-7.3.2-20220804-6354275  User: oesteban  Machine: dna078  Platform: Linux  PlatformVersion: 5.14.0-427.37.1.el9_4.x86_64  CompilerName: GCC  CompilerVersion: 8.4.0
ProgramName: mri_segment  ProgramArguments: mri_segment -all-info  ProgramVersion: 7.3.2  TimeStamp: 2026/03/09-11:15:50-GMT  BuildTime: Aug  4 2022 06:17:15  BuildStamp: freesurfer-linux-ubuntu22_x86_64-7.3.2-20220804-6354275  User: oesteban  Machine: dna078  Platform: Linux  PlatformVersion: 5.14.0-427.37.1.el9_4.x86_64  CompilerName: GCC  CompilerVersion: 8.4.0
ProgramName: mri_segstats  ProgramArguments: mri_segstats -all-info  ProgramVersion: 7.3.2  TimeStamp: 2026/03/09-11:15:50-GMT  BuildTime: Aug  4 2022 06:17:15  BuildStamp: freesurfer-linux-ubuntu22_x86_64-7.3.2-20220804-6354275  User: oesteban  Machine: dna078  Platform: Linux  PlatformVersion: 5.14.0-427.37.1.el9_4.x86_64  CompilerName: GCC  CompilerVersion: 8.4.0
ProgramName: mris_euler_number  ProgramArguments: mris_euler_number -all-info  ProgramVersion: 7.3.2  TimeStamp: 2026/03/09-11:15:50-GMT  BuildTime: Aug  4 2022 06:17:15  BuildStamp: freesurfer-linux-ubuntu22_x86_64-7.3.2-20220804-6354275  User: oesteban  Machine: dna078  Platform: Linux  PlatformVersion: 5.14.0-427.37.1.el9_4.x86_64  CompilerName: GCC  CompilerVersion: 8.4.0
ProgramName: mris_fix_topology  ProgramArguments: mris_fix_topology -all-info  ProgramVersion: 7.3.2  TimeStamp: 2026/03/09-11:15:50-GMT  BuildTime: Aug  4 2022 06:17:15  BuildStamp: freesurfer-linux-ubuntu22_x86_64-7.3.2-20220804-6354275  User: oesteban  Machine: dna078  Platform: Linux  PlatformVersion: 5.14.0-427.37.1.el9_4.x86_64  CompilerName: GCC  CompilerVersion: 8.4.0
ProgramName: mris_topo_fixer  ProgramArguments: mris_topo_fixer -all-info  ProgramVersion: 7.3.2  TimeStamp: 2026/03/09-11:15:50-GMT  BuildTime: Aug  4 2022 06:17:15  BuildStamp: freesurfer-linux-ubuntu22_x86_64-7.3.2-20220804-6354275  User: oesteban  Machine: dna078  Platform: Linux  PlatformVersion: 5.14.0-427.37.1.el9_4.x86_64  CompilerName: GCC  CompilerVersion: 8.4.0
ProgramName: mris_jacobian  ProgramArguments: mris_jacobian -all-info  ProgramVersion: 7.3.2  TimeStamp: 2026/03/09-11:15:50-GMT  BuildTime: Aug  4 2022 06:17:15  BuildStamp: freesurfer-linux-ubuntu22_x86_64-7.3.2-20220804-6354275  User: oesteban  Machine: dna078  Platform: Linux  PlatformVersion: 5.14.0-427.37.1.el9_4.x86_64  CompilerName: GCC  CompilerVersion: 8.4.0
ProgramName: mris_label2annot  ProgramArguments: mris_label2annot -all-info  ProgramVersion: 7.3.2  TimeStamp: 2026/03/09-11:15:50-GMT  BuildTime: Aug  4 2022 06:17:15  BuildStamp: freesurfer-linux-ubuntu22_x86_64-7.3.2-20220804-6354275  User: oesteban  Machine: dna078  Platform: Linux  PlatformVersion: 5.14.0-427.37.1.el9_4.x86_64  CompilerName: GCC  CompilerVersion: 8.4.0
ProgramName: mris_left_right_register  ProgramArguments: mris_left_right_register -all-info  ProgramVersion: 7.3.2  TimeStamp: 2026/03/09-11:15:50-GMT  BuildTime: Aug  4 2022 06:17:15  BuildStamp: freesurfer-linux-ubuntu22_x86_64-7.3.2-20220804-6354275  User: oesteban  Machine: dna078  Platform: Linux  PlatformVersion: 5.14.0-427.37.1.el9_4.x86_64  CompilerName: GCC  CompilerVersion: 8.4.0
ProgramName: mris_place_surface  ProgramArguments: mris_place_surface -all-info  ProgramVersion: 7.3.2  TimeStamp: 2026/03/09-11:15:50-GMT  BuildTime: Aug  4 2022 06:17:15  BuildStamp: freesurfer-linux-ubuntu22_x86_64-7.3.2-20220804-6354275  User: oesteban  Machine: dna078  Platform: Linux  PlatformVersion: 5.14.0-427.37.1.el9_4.x86_64  CompilerName: GCC  CompilerVersion: 8.4.0
ProgramName: mrisp_paint  ProgramArguments: mrisp_paint -all-info  ProgramVersion: 7.3.2  TimeStamp: 2026/03/09-11:15:50-GMT  BuildTime: Aug  4 2022 06:17:15  BuildStamp: freesurfer-linux-ubuntu22_x86_64-7.3.2-20220804-6354275  User: oesteban  Machine: dna078  Platform: Linux  PlatformVersion: 5.14.0-427.37.1.el9_4.x86_64  CompilerName: GCC  CompilerVersion: 8.4.0
ProgramName: mris_register  ProgramArguments: mris_register -all-info  ProgramVersion: 7.3.2  TimeStamp: 2026/03/09-11:15:50-GMT  BuildTime: Aug  4 2022 06:17:15  BuildStamp: freesurfer-linux-ubuntu22_x86_64-7.3.2-20220804-6354275  User: oesteban  Machine: dna078  Platform: Linux  PlatformVersion: 5.14.0-427.37.1.el9_4.x86_64  CompilerName: GCC  CompilerVersion: 8.4.0
ProgramName: mris_smooth  ProgramArguments: mris_smooth -all-info  ProgramVersion: 7.3.2  TimeStamp: 2026/03/09-11:15:50-GMT  BuildTime: Aug  4 2022 06:17:15  BuildStamp: freesurfer-linux-ubuntu22_x86_64-7.3.2-20220804-6354275  User: oesteban  Machine: dna078  Platform: Linux  PlatformVersion: 5.14.0-427.37.1.el9_4.x86_64  CompilerName: GCC  CompilerVersion: 8.4.0
ProgramName: mris_sphere  ProgramArguments: mris_sphere -all-info  ProgramVersion: 7.3.2  TimeStamp: 2026/03/09-11:15:50-GMT  BuildTime: Aug  4 2022 06:17:15  BuildStamp: freesurfer-linux-ubuntu22_x86_64-7.3.2-20220804-6354275  User: oesteban  Machine: dna078  Platform: Linux  PlatformVersion: 5.14.0-427.37.1.el9_4.x86_64  CompilerName: GCC  CompilerVersion: 8.4.0
ProgramName: mris_surface_stats  ProgramArguments: mris_surface_stats -all-info  ProgramVersion: 7.3.2  TimeStamp: 2026/03/09-11:15:50-GMT  BuildTime: Aug  4 2022 06:17:15  BuildStamp: freesurfer-linux-ubuntu22_x86_64-7.3.2-20220804-6354275  User: oesteban  Machine: dna078  Platform: Linux  PlatformVersion: 5.14.0-427.37.1.el9_4.x86_64  CompilerName: GCC  CompilerVersion: 8.4.0
ProgramName: mri_stats2seg  ProgramArguments: mri_stats2seg -all-info  ProgramVersion: 7.3.2  TimeStamp: 2026/03/09-11:15:50-GMT  BuildTime: Aug  4 2022 06:17:15  BuildStamp: freesurfer-linux-ubuntu22_x86_64-7.3.2-20220804-6354275  User: oesteban  Machine: dna078  Platform: Linux  PlatformVersion: 5.14.0-427.37.1.el9_4.x86_64  CompilerName: GCC  CompilerVersion: 8.4.0
ProgramName: mris_thickness  ProgramArguments: mris_thickness -all-info  ProgramVersion: 7.3.2  TimeStamp: 2026/03/09-11:15:50-GMT  BuildTime: Aug  4 2022 06:17:15  BuildStamp: freesurfer-linux-ubuntu22_x86_64-7.3.2-20220804-6354275  User: oesteban  Machine: dna078  Platform: Linux  PlatformVersion: 5.14.0-427.37.1.el9_4.x86_64  CompilerName: GCC  CompilerVersion: 8.4.0
ProgramName: mris_thickness_diff  ProgramArguments: mris_thickness_diff -all-info  ProgramVersion: 7.3.2  TimeStamp: 2026/03/09-11:15:50-GMT  BuildTime: Aug  4 2022 06:17:15  BuildStamp: freesurfer-linux-ubuntu22_x86_64-7.3.2-20220804-6354275  User: oesteban  Machine: dna078  Platform: Linux  PlatformVersion: 5.14.0-427.37.1.el9_4.x86_64  CompilerName: GCC  CompilerVersion: 8.4.0
ProgramName: mris_topo_fixer  ProgramArguments: mris_topo_fixer -all-info  ProgramVersion: 7.3.2  TimeStamp: 2026/03/09-11:15:50-GMT  BuildTime: Aug  4 2022 06:17:15  BuildStamp: freesurfer-linux-ubuntu22_x86_64-7.3.2-20220804-6354275  User: oesteban  Machine: dna078  Platform: Linux  PlatformVersion: 5.14.0-427.37.1.el9_4.x86_64  CompilerName: GCC  CompilerVersion: 8.4.0
ProgramName: mri_surf2surf  ProgramArguments: mri_surf2surf -all-info  ProgramVersion: 7.3.2  TimeStamp: 2026/03/09-11:15:50-GMT  BuildTime: Aug  4 2022 06:17:15  BuildStamp: freesurfer-linux-ubuntu22_x86_64-7.3.2-20220804-6354275  User: oesteban  Machine: dna078  Platform: Linux  PlatformVersion: 5.14.0-427.37.1.el9_4.x86_64  CompilerName: GCC  CompilerVersion: 8.4.0
ProgramName: mri_surf2vol  ProgramArguments: mri_surf2vol -all-info  ProgramVersion: 7.3.2  TimeStamp: 2026/03/09-11:15:50-GMT  BuildTime: Aug  4 2022 06:17:15  BuildStamp: freesurfer-linux-ubuntu22_x86_64-7.3.2-20220804-6354275  User: oesteban  Machine: dna078  Platform: Linux  PlatformVersion: 5.14.0-427.37.1.el9_4.x86_64  CompilerName: GCC  CompilerVersion: 8.4.0
ProgramName: mri_surfcluster  ProgramArguments: mri_surfcluster -all-info  ProgramVersion: 7.3.2  TimeStamp: 2026/03/09-11:15:50-GMT  BuildTime: Aug  4 2022 06:17:15  BuildStamp: freesurfer-linux-ubuntu22_x86_64-7.3.2-20220804-6354275  User: oesteban  Machine: dna078  Platform: Linux  PlatformVersion: 5.14.0-427.37.1.el9_4.x86_64  CompilerName: GCC  CompilerVersion: 8.4.0
ProgramName: mris_volmask  ProgramArguments: mris_volmask -all-info  ProgramVersion: 7.3.2  TimeStamp: 2026/03/09-11:15:50-GMT  BuildTime: Aug  4 2022 06:17:15  BuildStamp: freesurfer-linux-ubuntu22_x86_64-7.3.2-20220804-6354275  User: oesteban  Machine: dna078  Platform: Linux  PlatformVersion: 5.14.0-427.37.1.el9_4.x86_64  CompilerName: GCC  CompilerVersion: 8.4.0
ProgramName: mri_tessellate  ProgramArguments: mri_tessellate -all-info  ProgramVersion: 7.3.2  TimeStamp: 2026/03/09-11:15:50-GMT  BuildTime: Aug  4 2022 06:17:15  BuildStamp: freesurfer-linux-ubuntu22_x86_64-7.3.2-20220804-6354275  User: oesteban  Machine: dna078  Platform: Linux  PlatformVersion: 5.14.0-427.37.1.el9_4.x86_64  CompilerName: GCC  CompilerVersion: 8.4.0
ProgramName: mri_vol2surf  ProgramArguments: mri_vol2surf -all-info  ProgramVersion: 7.3.2  TimeStamp: 2026/03/09-11:15:50-GMT  BuildTime: Aug  4 2022 06:17:15  BuildStamp: freesurfer-linux-ubuntu22_x86_64-7.3.2-20220804-6354275  User: oesteban  Machine: dna078  Platform: Linux  PlatformVersion: 5.14.0-427.37.1.el9_4.x86_64  CompilerName: GCC  CompilerVersion: 8.4.0
ProgramName: mri_vol2vol  ProgramArguments: mri_vol2vol -all-info  ProgramVersion: 7.3.2  TimeStamp: 2026/03/09-11:15:50-GMT  BuildTime: Aug  4 2022 06:17:15  BuildStamp: freesurfer-linux-ubuntu22_x86_64-7.3.2-20220804-6354275  User: oesteban  Machine: dna078  Platform: Linux  PlatformVersion: 5.14.0-427.37.1.el9_4.x86_64  CompilerName: GCC  CompilerVersion: 8.4.0
ProgramName: mri_voldiff  ProgramArguments: mri_voldiff -all-info  ProgramVersion: 7.3.2  TimeStamp: 2026/03/09-11:15:50-GMT  BuildTime: Aug  4 2022 06:17:15  BuildStamp: freesurfer-linux-ubuntu22_x86_64-7.3.2-20220804-6354275  User: oesteban  Machine: dna078  Platform: Linux  PlatformVersion: 5.14.0-427.37.1.el9_4.x86_64  CompilerName: GCC  CompilerVersion: 8.4.0
ProgramName: mri_watershed  ProgramArguments: mri_watershed -all-info  ProgramVersion: 7.3.2  TimeStamp: 2026/03/09-11:15:50-GMT  BuildTime: Aug  4 2022 06:17:15  BuildStamp: freesurfer-linux-ubuntu22_x86_64-7.3.2-20220804-6354275  User: oesteban  Machine: dna078  Platform: Linux  PlatformVersion: 5.14.0-427.37.1.el9_4.x86_64  CompilerName: GCC  CompilerVersion: 8.4.0
ProgramName: tkregister2  ProgramArguments: tkregister2_cmdl -all-info  ProgramVersion: 7.3.2  TimeStamp: 2026/03/09-11:15:50-GMT  BuildTime: Aug  4 2022 06:17:15  BuildStamp: freesurfer-linux-ubuntu22_x86_64-7.3.2-20220804-6354275  User: oesteban  Machine: dna078  Platform: Linux  PlatformVersion: 5.14.0-427.37.1.el9_4.x86_64  CompilerName: GCC  CompilerVersion: 8.4.0
mri_motion_correct.fsl 7.3.2
mri_convert -all-info 
ProgramName: mri_convert  ProgramArguments: mri_convert -all-info  ProgramVersion: 7.3.2  TimeStamp: 2026/03/09-11:15:50-GMT  BuildTime: Aug  4 2022 06:17:15  BuildStamp: freesurfer-linux-ubuntu22_x86_64-7.3.2-20220804-6354275  User: oesteban  Machine: dna078  Platform: Linux  PlatformVersion: 5.14.0-427.37.1.el9_4.x86_64  CompilerName: GCC  CompilerVersion: 8.4.0
Program nu_correct, built from:
Package MNI N3, version 1.12.0, compiled by nicks@terrier (x86_64-unknown-linux-gnu) on 2015-06-19 at 01:25:34
#######################################
GCADIR /opt/freesurfer/average
GCA RB_all_2020-01-02.gca
GCASkull RB_all_withskull_2020_01_02.gca
AvgCurvTif folding.atlas.acfb40.noaparc.i12.2016-08-02.tif
GCSDIR /opt/freesurfer/average
GCS DKaparc.atlas.acfb40.noaparc.i12.2016-08-02.gcs
#######################################
#--------------------------------------------
#@# Tessellate rh Mon Mar  9 12:15:50 CET 2026
/out/sourcedata/freesurfer/sub-v1s21x0050408_ses-1/scripts

 mri_pretess ../mri/filled.mgz 127 ../mri/norm.mgz ../mri/filled-pretess127.mgz 


Iteration Number : 1
pass   1 (xy+):   1 found -   1 modified     |    TOTAL:   1
pass   2 (xy+):   0 found -   1 modified     |    TOTAL:   1
pass   1 (xy-):   2 found -   2 modified     |    TOTAL:   3
pass   2 (xy-):   0 found -   2 modified     |    TOTAL:   3
pass   1 (yz+):   6 found -   6 modified     |    TOTAL:   9
pass   2 (yz+):   0 found -   6 modified     |    TOTAL:   9
pass   1 (yz-):  12 found -  12 modified     |    TOTAL:  21
pass   2 (yz-):   0 found -  12 modified     |    TOTAL:  21
pass   1 (xz+):   1 found -   1 modified     |    TOTAL:  22
pass   2 (xz+):   0 found -   1 modified     |    TOTAL:  22
pass   1 (xz-):   0 found -   0 modified     |    TOTAL:  22
Iteration Number : 1
pass   1 (+++):   0 found -   0 modified     |    TOTAL:   0
pass   1 (+++):   0 found -   0 modified     |    TOTAL:   0
pass   1 (+++):   0 found -   0 modified     |    TOTAL:   0
pass   1 (+++):   0 found -   0 modified     |    TOTAL:   0
Iteration Number : 1
pass   1 (++):   1 found -   1 modified     |    TOTAL:   1
pass   2 (++):   0 found -   1 modified     |    TOTAL:   1
pass   1 (+-):   1 found -   1 modified     |    TOTAL:   2
pass   2 (+-):   0 found -   1 modified     |    TOTAL:   2
pass   1 (--):   0 found -   0 modified     |    TOTAL:   2
pass   1 (-+):   0 found -   0 modified     |    TOTAL:   2
Iteration Number : 2
pass   1 (xy+):   0 found -   0 modified     |    TOTAL:   0
pass   1 (xy-):   0 found -   0 modified     |    TOTAL:   0
pass   1 (yz+):   0 found -   0 modified     |    TOTAL:   0
pass   1 (yz-):   0 found -   0 modified     |    TOTAL:   0
pass   1 (xz+):   0 found -   0 modified     |    TOTAL:   0
pass   1 (xz-):   0 found -   0 modified     |    TOTAL:   0
Iteration Number : 2
pass   1 (+++):   0 found -   0 modified     |    TOTAL:   0
pass   1 (+++):   0 found -   0 modified     |    TOTAL:   0
pass   1 (+++):   0 found -   0 modified     |    TOTAL:   0
pass   1 (+++):   0 found -   0 modified     |    TOTAL:   0
Iteration Number : 2
pass   1 (++):   0 found -   0 modified     |    TOTAL:   0
pass   1 (+-):   0 found -   0 modified     |    TOTAL:   0
pass   1 (--):   0 found -   0 modified     |    TOTAL:   0
pass   1 (-+):   0 found -   0 modified     |    TOTAL:   0

Total Number of Modified Voxels = 24 (out of 276331: 0.008685)
Ambiguous edge configurations... 

mri_pretess done


 mri_tessellate ../mri/filled-pretess127.mgz 127 ../surf/rh.orig.nofix 

7.3.2
  7.3.2
slice 40: 2512 vertices, 2689 faces
slice 50: 9240 vertices, 9574 faces
slice 60: 19213 vertices, 19584 faces
slice 70: 30101 vertices, 30482 faces
slice 80: 40730 vertices, 41072 faces
slice 90: 51355 vertices, 51740 faces
slice 100: 63700 vertices, 64147 faces
slice 110: 75541 vertices, 75972 faces
slice 120: 87214 vertices, 87637 faces
slice 130: 98580 vertices, 99052 faces
slice 140: 109618 vertices, 110016 faces
slice 150: 118505 vertices, 118883 faces
slice 160: 126792 vertices, 127118 faces
slice 170: 133292 vertices, 133567 faces
slice 180: 138822 vertices, 139101 faces
slice 190: 143224 vertices, 143445 faces
slice 200: 144532 vertices, 144612 faces
slice 210: 144532 vertices, 144612 faces
slice 220: 144532 vertices, 144612 faces
slice 230: 144532 vertices, 144612 faces
slice 240: 144532 vertices, 144612 faces
slice 250: 144532 vertices, 144612 faces
using the conformed surface RAS to save vertex points...
writing ../surf/rh.orig.nofix
using vox2ras matrix:
-1.00000   0.00000   0.00000   128.00000;
 0.00000   0.00000   1.00000  -128.00000;
 0.00000  -1.00000   0.00000   128.00000;
 0.00000   0.00000   0.00000   1.00000;

 rm -f ../mri/filled-pretess127.mgz 


 mris_extract_main_component ../surf/rh.orig.nofix ../surf/rh.orig.nofix 


counting number of connected components...
   144532 voxel in cpt #1: X=-80 [v=144532,e=433836,f=289224] located at (26.683275, -20.361511, 34.943703)
For the whole surface: X=-80 [v=144532,e=433836,f=289224]
One single component has been found
nothing to do
done

#--------------------------------------------
#@# Smooth1 rh Mon Mar  9 12:15:53 CET 2026
/out/sourcedata/freesurfer/sub-v1s21x0050408_ses-1/scripts

 mris_smooth -nw -seed 1234 ../surf/rh.orig.nofix ../surf/rh.smoothwm.nofix 

setting seed for random number generator to 1234
smoothing surface tessellation for 10 iterations...
smoothing complete - recomputing first and second fundamental forms...
#--------------------------------------------
#@# Inflation1 rh Mon Mar  9 12:15:55 CET 2026
/out/sourcedata/freesurfer/sub-v1s21x0050408_ses-1/scripts

 mris_inflate -no-save-sulc ../surf/rh.smoothwm.nofix ../surf/rh.inflated.nofix 

Not saving sulc
Reading ../surf/rh.smoothwm.nofix
avg radius = 48.4 mm, total surface area = 77826 mm^2
step 000: RMS=0.156 (target=0.015)   step 005: RMS=0.122 (target=0.015)   step 010: RMS=0.094 (target=0.015)   step 015: RMS=0.081 (target=0.015)   step 020: RMS=0.073 (target=0.015)   step 025: RMS=0.065 (target=0.015)   step 030: RMS=0.061 (target=0.015)   step 035: RMS=0.057 (target=0.015)   step 040: RMS=0.055 (target=0.015)   step 045: RMS=0.053 (target=0.015)   step 050: RMS=0.052 (target=0.015)   step 055: RMS=0.051 (target=0.015)   step 060: RMS=0.051 (target=0.015)   writing inflated surface to ../surf/rh.inflated.nofix
inflation took 0.2 minutes

inflation complete.
Not saving sulc
mris_inflate utimesec    52.620851
mris_inflate stimesec    2.178392
mris_inflate ru_maxrss   228520
mris_inflate ru_ixrss    0
mris_inflate ru_idrss    0
mris_inflate ru_isrss    0
mris_inflate ru_minflt   526052
mris_inflate ru_majflt   17
mris_inflate ru_nswap    0
mris_inflate ru_inblock  0
mris_inflate ru_oublock  10176
mris_inflate ru_msgsnd   0
mris_inflate ru_msgrcv   0
mris_inflate ru_nsignals 0
mris_inflate ru_nvcsw    8371
mris_inflate ru_nivcsw   276
#--------------------------------------------
#@# QSphere rh Mon Mar  9 12:16:09 CET 2026
/out/sourcedata/freesurfer/sub-v1s21x0050408_ses-1/scripts

 mris_sphere -q -p 6 -a 128 -seed 1234 ../surf/rh.inflated.nofix ../surf/rh.qsphere.nofix 

doing quick spherical unfolding.
limitting unfolding to 6 passes
using n_averages = 128
setting seed for random number genererator to 1234
version: 7.3.2
available threads: 16
scaling brain by 0.307...
inflating...
projecting onto sphere...
surface projected - minimizing metric distortion...
vertex spacing 0.96 +- 0.61 (0.00-->9.27) (max @ vno 106184 --> 106193)
face area 0.03 +- 0.03 (-0.22-->0.78)
Entering MRISinflateToSphere()
inflating to sphere (rms error < 2.00)
000: dt: 0.0000, rms radial error=176.362, avgs=0
005/300: dt: 0.9000, rms radial error=176.106, avgs=0
010/300: dt: 0.9000, rms radial error=175.549, avgs=0
015/300: dt: 0.9000, rms radial error=174.819, avgs=0
020/300: dt: 0.9000, rms radial error=173.987, avgs=0
025/300: dt: 0.9000, rms radial error=173.098, avgs=0
030/300: dt: 0.9000, rms radial error=172.178, avgs=0
035/300: dt: 0.9000, rms radial error=171.242, avgs=0
040/300: dt: 0.9000, rms radial error=170.299, avgs=0
045/300: dt: 0.9000, rms radial error=169.352, avgs=0
050/300: dt: 0.9000, rms radial error=168.407, avgs=0
055/300: dt: 0.9000, rms radial error=167.464, avgs=0
060/300: dt: 0.9000, rms radial error=166.526, avgs=0
065/300: dt: 0.9000, rms radial error=165.592, avgs=0
070/300: dt: 0.9000, rms radial error=164.664, avgs=0
075/300: dt: 0.9000, rms radial error=163.740, avgs=0
080/300: dt: 0.9000, rms radial error=162.821, avgs=0
085/300: dt: 0.9000, rms radial error=161.906, avgs=0
090/300: dt: 0.9000, rms radial error=160.998, avgs=0
095/300: dt: 0.9000, rms radial error=160.095, avgs=0
100/300: dt: 0.9000, rms radial error=159.197, avgs=0
105/300: dt: 0.9000, rms radial error=158.303, avgs=0
110/300: dt: 0.9000, rms radial error=157.416, avgs=0
115/300: dt: 0.9000, rms radial error=156.534, avgs=0
120/300: dt: 0.9000, rms radial error=155.656, avgs=0
125/300: dt: 0.9000, rms radial error=154.784, avgs=0
130/300: dt: 0.9000, rms radial error=153.916, avgs=0
135/300: dt: 0.9000, rms radial error=153.053, avgs=0
140/300: dt: 0.9000, rms radial error=152.194, avgs=0
145/300: dt: 0.9000, rms radial error=151.341, avgs=0
150/300: dt: 0.9000, rms radial error=150.491, avgs=0
155/300: dt: 0.9000, rms radial error=149.646, avgs=0
160/300: dt: 0.9000, rms radial error=148.806, avgs=0
165/300: dt: 0.9000, rms radial error=147.970, avgs=0
170/300: dt: 0.9000, rms radial error=147.139, avgs=0
175/300: dt: 0.9000, rms radial error=146.313, avgs=0
180/300: dt: 0.9000, rms radial error=145.490, avgs=0
185/300: dt: 0.9000, rms radial error=144.673, avgs=0
190/300: dt: 0.9000, rms radial error=143.860, avgs=0
195/300: dt: 0.9000, rms radial error=143.051, avgs=0
200/300: dt: 0.9000, rms radial error=142.246, avgs=0
205/300: dt: 0.9000, rms radial error=141.446, avgs=0
210/300: dt: 0.9000, rms radial error=140.651, avgs=0
215/300: dt: 0.9000, rms radial error=139.860, avgs=0
220/300: dt: 0.9000, rms radial error=139.073, avgs=0
225/300: dt: 0.9000, rms radial error=138.290, avgs=0
230/300: dt: 0.9000, rms radial error=137.512, avgs=0
235/300: dt: 0.9000, rms radial error=136.738, avgs=0
240/300: dt: 0.9000, rms radial error=135.968, avgs=0
245/300: dt: 0.9000, rms radial error=135.203, avgs=0
250/300: dt: 0.9000, rms radial error=134.442, avgs=0
255/300: dt: 0.9000, rms radial error=133.685, avgs=0
260/300: dt: 0.9000, rms radial error=132.933, avgs=0
265/300: dt: 0.9000, rms radial error=132.184, avgs=0
270/300: dt: 0.9000, rms radial error=131.440, avgs=0
275/300: dt: 0.9000, rms radial error=130.701, avgs=0
280/300: dt: 0.9000, rms radial error=129.966, avgs=0
285/300: dt: 0.9000, rms radial error=129.235, avgs=0
290/300: dt: 0.9000, rms radial error=128.508, avgs=0
295/300: dt: 0.9000, rms radial error=127.785, avgs=0
300/300: dt: 0.9000, rms radial error=127.066, avgs=0

spherical inflation complete.
epoch 1 (K=10.0), pass 1, starting sse = 16963.08
taking momentum steps...
taking momentum steps...
taking momentum steps...
taking momentum steps...
pass 1 complete, delta sse/iter = 0.00/13 = 0.00022
epoch 2 (K=40.0), pass 1, starting sse = 2868.69
taking momentum steps...
taking momentum steps...
taking momentum steps...
taking momentum steps...
pass 1 complete, delta sse/iter = 0.00/13 = 0.00018
epoch 3 (K=160.0), pass 1, starting sse = 316.02
taking momentum steps...
taking momentum steps...
taking momentum steps...
taking momentum steps...
pass 1 complete, delta sse/iter = 0.01/13 = 0.00098
epoch 4 (K=640.0), pass 1, starting sse = 32.40
taking momentum steps...
taking momentum steps...
taking momentum steps...
taking momentum steps...
pass 1 complete, delta sse/iter = 0.04/14 = 0.00268
final distance error %100000.00
writing spherical brain to ../surf/rh.qsphere.nofix
spherical transformation took 0.0159 hours
FSRUNTIME@ mris_sphere  0.0159 hours 16 threads
#VMPC# mris_sphere VmPeak  1566940
mris_sphere done
#@# Fix Topology rh Mon Mar  9 12:17:06 CET 2026

 mris_fix_topology -mgz -sphere qsphere.nofix -inflated inflated.nofix -orig orig.nofix -out orig.premesh -ga -seed 1234 sub-v1s21x0050408_ses-1 rh 

reading spherical homeomorphism from 'qsphere.nofix'
reading inflated coordinates from 'inflated.nofix'
reading original coordinates from 'orig.nofix'
using genetic algorithm with optimized parameters
setting seed for random number genererator to 1234

*************************************************************
Topology Correction Parameters
retessellation mode:           genetic search
number of patches/generation : 10
number of generations :        10
surface mri loglikelihood coefficient :         1.0
volume mri loglikelihood coefficient :          10.0
normal dot loglikelihood coefficient :          1.0
quadratic curvature loglikelihood coefficient : 1.0
volume resolution :                             2
eliminate vertices during search :              1
initial patch selection :                       1
select all defect vertices :                    0
ordering dependant retessellation:              0
use precomputed edge table :                    0
smooth retessellated patch :                    2
match retessellated patch :                     1
verbose mode :                                  0

*************************************************************
INFO: assuming .mgz format
writing corrected surface to 'orig.premesh'
7.3.2
  7.3.2
before topology correction, eno=-80 (nv=144532, nf=289224, ne=433836, g=41)
using quasi-homeomorphic spherical map to tessellate cortical surface...

Correction of the Topology
Finding true center and radius of Spherical Surface...done
Surface centered at (0,0,0) with radius 100.0 in 9 iterations
marking ambiguous vertices...
11478 ambiguous faces found in tessellation
segmenting defects...
47 defects found, arbitrating ambiguous regions...
analyzing neighboring defects...
47 defects to be corrected 
0 vertices coincident
reading input surface /out/sourcedata/freesurfer/sub-v1s21x0050408_ses-1/surf/rh.qsphere.nofix...
reading brain volume from brain...
reading wm segmentation from wm...
Reading original properties of orig.nofix
Reading vertex positions of inflated.nofix
Computing Initial Surface Statistics
      -face       loglikelihood: -9.4385  (-4.7193)
      -vertex     loglikelihood: -6.3340  (-3.1670)
      -normal dot loglikelihood: -3.5990  (-3.5990)
      -quad curv  loglikelihood: -5.9708  (-2.9854)
      Total Loglikelihood : -25.3423
CORRECTING DEFECT 0 (vertices=532, convex hull=239, v0=69)
After retessellation of defect 0 (v0=69), euler #=-41 (137913,411703,273749) : difference with theory (-44) = -3 
CORRECTING DEFECT 1 (vertices=278, convex hull=224, v0=1430)
After retessellation of defect 1 (v0=1430), euler #=-40 (138023,412141,274078) : difference with theory (-43) = -3 
CORRECTING DEFECT 2 (vertices=52, convex hull=99, v0=6089)
After retessellation of defect 2 (v0=6089), euler #=-39 (138039,412230,274152) : difference with theory (-42) = -3 
CORRECTING DEFECT 3 (vertices=28, convex hull=32, v0=7377)
After retessellation of defect 3 (v0=7377), euler #=-38 (138042,412250,274170) : difference with theory (-41) = -3 
CORRECTING DEFECT 4 (vertices=8, convex hull=36, v0=11052)
After retessellation of defect 4 (v0=11052), euler #=-37 (138045,412271,274189) : difference with theory (-40) = -3 
CORRECTING DEFECT 5 (vertices=205, convex hull=111, v0=20133)
After retessellation of defect 5 (v0=20133), euler #=-36 (138080,412423,274307) : difference with theory (-39) = -3 
CORRECTING DEFECT 6 (vertices=82, convex hull=106, v0=23526)
After retessellation of defect 6 (v0=23526), euler #=-35 (138099,412527,274393) : difference with theory (-38) = -3 
CORRECTING DEFECT 7 (vertices=25, convex hull=62, v0=26445)
After retessellation of defect 7 (v0=26445), euler #=-34 (138115,412600,274451) : difference with theory (-37) = -3 
CORRECTING DEFECT 8 (vertices=54, convex hull=45, v0=31769)
After retessellation of defect 8 (v0=31769), euler #=-33 (138123,412640,274484) : difference with theory (-36) = -3 
CORRECTING DEFECT 9 (vertices=7, convex hull=17, v0=32158)
After retessellation of defect 9 (v0=32158), euler #=-32 (138124,412649,274493) : difference with theory (-35) = -3 
CORRECTING DEFECT 10 (vertices=156, convex hull=151, v0=34148)
After retessellation of defect 10 (v0=34148), euler #=-31 (138157,412816,274628) : difference with theory (-34) = -3 
CORRECTING DEFECT 11 (vertices=37, convex hull=66, v0=35893)
After retessellation of defect 11 (v0=35893), euler #=-30 (138175,412896,274691) : difference with theory (-33) = -3 
CORRECTING DEFECT 12 (vertices=528, convex hull=205, v0=44677)
After retessellation of defect 12 (v0=44677), euler #=-29 (138267,413272,274976) : difference with theory (-32) = -3 
CORRECTING DEFECT 13 (vertices=23, convex hull=65, v0=51312)
After retessellation of defect 13 (v0=51312), euler #=-28 (138276,413323,275019) : difference with theory (-31) = -3 
CORRECTING DEFECT 14 (vertices=76, convex hull=26, v0=52431)
After retessellation of defect 14 (v0=52431), euler #=-27 (138280,413344,275037) : difference with theory (-30) = -3 
CORRECTING DEFECT 15 (vertices=136, convex hull=98, v0=57390)
After retessellation of defect 15 (v0=57390), euler #=-26 (138330,413538,275182) : difference with theory (-29) = -3 
CORRECTING DEFECT 16 (vertices=8, convex hull=14, v0=58307)
After retessellation of defect 16 (v0=58307), euler #=-25 (138331,413544,275188) : difference with theory (-28) = -3 
CORRECTING DEFECT 17 (vertices=895, convex hull=398, v0=66016)
A large defect has been detected...
This often happens because cerebellum or dura has not been removed from wm.mgz.
This may cause recon-all to run very slowly or crash.
if so, see https://surfer.nmr.mgh.harvard.edu/fswiki/FsTutorial/TopologicalDefect_freeview
Warning - incorrect dp selected!!!!(-94.065419 >= -94.065013 ) 
After retessellation of defect 17 (v0=66016), euler #=-26 (138409,414004,275569) : difference with theory (-27) = -1 
CORRECTING DEFECT 18 (vertices=26, convex hull=63, v0=66733)
After retessellation of defect 18 (v0=66733), euler #=-25 (138418,414057,275614) : difference with theory (-26) = -1 
CORRECTING DEFECT 19 (vertices=27, convex hull=49, v0=69149)
After retessellation of defect 19 (v0=69149), euler #=-24 (138429,414105,275652) : difference with theory (-25) = -1 
CORRECTING DEFECT 20 (vertices=171, convex hull=38, v0=76695)
After retessellation of defect 20 (v0=76695), euler #=-23 (138438,414146,275685) : difference with theory (-24) = -1 
CORRECTING DEFECT 21 (vertices=29, convex hull=65, v0=77230)
After retessellation of defect 21 (v0=77230), euler #=-22 (138451,414209,275736) : difference with theory (-23) = -1 
CORRECTING DEFECT 22 (vertices=28, convex hull=65, v0=77820)
After retessellation of defect 22 (v0=77820), euler #=-21 (138468,414288,275799) : difference with theory (-22) = -1 
CORRECTING DEFECT 23 (vertices=16, convex hull=38, v0=80945)
After retessellation of defect 23 (v0=80945), euler #=-20 (138471,414310,275819) : difference with theory (-21) = -1 
CORRECTING DEFECT 24 (vertices=306, convex hull=221, v0=81385)
After retessellation of defect 24 (v0=81385), euler #=-19 (138569,414716,276128) : difference with theory (-20) = -1 
CORRECTING DEFECT 25 (vertices=51, convex hull=27, v0=81420)
After retessellation of defect 25 (v0=81420), euler #=-18 (138573,414739,276148) : difference with theory (-19) = -1 
CORRECTING DEFECT 26 (vertices=827, convex hull=724, v0=82212)
An extra large defect has been detected...
This often happens because cerebellum or dura has not been removed from wm.mgz.
This may cause recon-all to run very slowly or crash.
if so, see https://surfer.nmr.mgh.harvard.edu/fswiki/FsTutorial/TopologicalDefect_freeview
After retessellation of defect 26 (v0=82212), euler #=-17 (138957,416262,277288) : difference with theory (-18) = -1 
CORRECTING DEFECT 27 (vertices=51, convex hull=35, v0=90246)
After retessellation of defect 27 (v0=90246), euler #=-16 (138960,416284,277308) : difference with theory (-17) = -1 
CORRECTING DEFECT 28 (vertices=84, convex hull=115, v0=97466)
After retessellation of defect 28 (v0=97466), euler #=-15 (139005,416468,277448) : difference with theory (-16) = -1 
CORRECTING DEFECT 29 (vertices=20, convex hull=35, v0=98315)
After retessellation of defect 29 (v0=98315), euler #=-14 (139010,416498,277474) : difference with theory (-15) = -1 
CORRECTING DEFECT 30 (vertices=6, convex hull=21, v0=98553)
After retessellation of defect 30 (v0=98553), euler #=-13 (139011,416507,277483) : difference with theory (-14) = -1 
CORRECTING DEFECT 31 (vertices=42, convex hull=62, v0=100107)
After retessellation of defect 31 (v0=100107), euler #=-12 (139037,416614,277565) : difference with theory (-13) = -1 
CORRECTING DEFECT 32 (vertices=11, convex hull=13, v0=100532)
After retessellation of defect 32 (v0=100532), euler #=-11 (139041,416629,277577) : difference with theory (-12) = -1 
CORRECTING DEFECT 33 (vertices=384, convex hull=201, v0=110493)
After retessellation of defect 33 (v0=110493), euler #=-10 (139088,416864,277766) : difference with theory (-11) = -1 
CORRECTING DEFECT 34 (vertices=76, convex hull=61, v0=111219)
After retessellation of defect 34 (v0=111219), euler #=-9 (139097,416916,277810) : difference with theory (-10) = -1 
CORRECTING DEFECT 35 (vertices=155, convex hull=136, v0=112004)
After retessellation of defect 35 (v0=112004), euler #=-8 (139115,417030,277907) : difference with theory (-9) = -1 
CORRECTING DEFECT 36 (vertices=121, convex hull=34, v0=115644)
After retessellation of defect 36 (v0=115644), euler #=-7 (139125,417071,277939) : difference with theory (-8) = -1 
CORRECTING DEFECT 37 (vertices=24, convex hull=33, v0=115680)
After retessellation of defect 37 (v0=115680), euler #=-6 (139131,417101,277964) : difference with theory (-7) = -1 
CORRECTING DEFECT 38 (vertices=5, convex hull=18, v0=117425)
After retessellation of defect 38 (v0=117425), euler #=-5 (139133,417112,277974) : difference with theory (-6) = -1 
CORRECTING DEFECT 39 (vertices=14, convex hull=32, v0=117628)
After retessellation of defect 39 (v0=117628), euler #=-4 (139136,417132,277992) : difference with theory (-5) = -1 
CORRECTING DEFECT 40 (vertices=707, convex hull=198, v0=120949)
After retessellation of defect 40 (v0=120949), euler #=-3 (139295,417709,278411) : difference with theory (-4) = -1 
CORRECTING DEFECT 41 (vertices=19, convex hull=16, v0=128684)
After retessellation of defect 41 (v0=128684), euler #=-2 (139297,417719,278420) : difference with theory (-3) = -1 
CORRECTING DEFECT 42 (vertices=25, convex hull=32, v0=131963)
After retessellation of defect 42 (v0=131963), euler #=-1 (139297,417733,278435) : difference with theory (-2) = -1 
CORRECTING DEFECT 43 (vertices=29, convex hull=53, v0=135707)
After retessellation of defect 43 (v0=135707), euler #=0 (139314,417804,278490) : difference with theory (-1) = -1 
CORRECTING DEFECT 44 (vertices=84, convex hull=36, v0=140168)
After retessellation of defect 44 (v0=140168), euler #=1 (139319,417830,278512) : difference with theory (0) = -1 
CORRECTING DEFECT 45 (vertices=189, convex hull=171, v0=141418)
After retessellation of defect 45 (v0=141418), euler #=2 (139362,418041,278681) : difference with theory (1) = -1 
CORRECTING DEFECT 46 (vertices=77, convex hull=72, v0=141966)
After retessellation of defect 46 (v0=141966), euler #=2 (139369,418101,278734) : difference with theory (2) = 0 
computing original vertex metric properties...
storing new metric properties...
computing tessellation statistics...
vertex spacing 0.90 +- 0.26 (0.04-->11.59) (max @ vno 32941 --> 44203)
face area -nan +- -nan (1000.00-->-1.00)
performing soap bubble on retessellated vertices for 0 iterations...
vertex spacing 0.90 +- 0.26 (0.04-->11.59) (max @ vno 32941 --> 44203)
face area -nan +- -nan (1000.00-->-1.00)
tessellation finished, orienting corrected surface...
189 mutations (35.1%), 349 crossovers (64.9%), 476 vertices were eliminated
building final representation...
5163 vertices and 0 faces have been removed from triangulation
after topology correction, eno=2 (nv=139369, nf=278734, ne=418101, g=0)
writing corrected surface to /out/sourcedata/freesurfer/sub-v1s21x0050408_ses-1/surf/rh.orig.premesh...

0.000 % of the vertices (0 vertices) exhibit an orientation change
removing intersecting faces
000: 716 intersecting
001: 107 intersecting
002: 6 intersecting
003: 4 intersecting
step 1 with no progress (num=4, old_num=4)
004: 4 intersecting
step 2 with no progress (num=4, old_num=4)
005: 4 intersecting
step 3 with no progress (num=4, old_num=4)
006: 4 intersecting
step 4 with no progress (num=4, old_num=4)
007: 4 intersecting
step 5 with no progress (num=4, old_num=4)
008: 4 intersecting
step 6 with no progress (num=4, old_num=4)
009: 4 intersecting
step 7 with no progress (num=4, old_num=4)
010: 4 intersecting
step 8 with no progress (num=4, old_num=4)
011: 4 intersecting
step 9 with no progress (num=4, old_num=4)
012: 4 intersecting
step 10 with no progress (num=4, old_num=4)
013: 4 intersecting
step 11 with no progress (num=4, old_num=4)
014: 4 intersecting
step 12 with no progress (num=4, old_num=4)
015: 4 intersecting
step 13 with no progress (num=4, old_num=4)
016: 4 intersecting
step 14 with no progress (num=4, old_num=4)
017: 4 intersecting
step 15 with no progress (num=4, old_num=4)
018: 4 intersecting
step 16 with no progress (num=4, old_num=4)
terminating search with 4 intersecting
topology fixing took 3.8 minutes
FSRUNTIME@ mris_fix_topology rh  0.0626 hours 16 threads
#VMPC# mris_fix_topology VmPeak  1860732

 mris_euler_number ../surf/rh.orig.premesh 

euler # = v-e+f = 2g-2: 139369 - 418101 + 278734 = 2 --> 0 holes
      F =2V-4:          278734 = 278738-4 (0)
      2E=3F:            836202 = 836202 (0)

total defect index = 0
Mon Mar  9 12:20:52 CET 2026

setenv SUBJECTS_DIR /out/sourcedata/freesurfer
cd /out/sourcedata/freesurfer/sub-v1s21x0050408_ses-1/scripts
/opt/freesurfer/bin/defect2seg --s sub-v1s21x0050408_ses-1 --rh-only --cortex

freesurfer-linux-ubuntu22_x86_64-7.3.2-20220804-6354275
defect2seg 7.3.2
Linux dna078 5.14.0-427.37.1.el9_4.x86_64 #1 SMP PREEMPT_DYNAMIC Fri Sep 13 12:41:50 EDT 2024 x86_64 x86_64 x86_64 GNU/Linux
pid 3487776
mri_label2label --label-cortex /out/sourcedata/freesurfer/sub-v1s21x0050408_ses-1/surf/rh.orig.nofix /out/sourcedata/freesurfer/sub-v1s21x0050408_ses-1/mri/aseg.presurf.mgz 0 /out/sourcedata/freesurfer/sub-v1s21x0050408_ses-1/label/rh.nofix.cortex.label

 Generating cortex label... RemoveHipAmgy=0
 NucAccIsMedialWall=0
 mris->useRealRAS=0
7 non-cortical segments detected
only using segment with 7589 vertices
erasing segment 1 (vno[0] = 63317)
erasing segment 2 (vno[0] = 89010)
erasing segment 3 (vno[0] = 91519)
erasing segment 4 (vno[0] = 104030)
erasing segment 5 (vno[0] = 109252)
erasing segment 6 (vno[0] = 127911)
mri_label2vol --defects /out/sourcedata/freesurfer/sub-v1s21x0050408_ses-1/surf/rh.orig.nofix /out/sourcedata/freesurfer/sub-v1s21x0050408_ses-1/surf/rh.defect_labels /out/sourcedata/freesurfer/sub-v1s21x0050408_ses-1/mri/orig.mgz 2000 0 /out/sourcedata/freesurfer/sub-v1s21x0050408_ses-1/mri/rh.surface.defects.mgz /out/sourcedata/freesurfer/sub-v1s21x0050408_ses-1/label/rh.nofix.cortex.label
mri_label2vol supposed to be reproducible but seed not set
Contraining to label /out/sourcedata/freesurfer/sub-v1s21x0050408_ses-1/label/rh.nofix.cortex.label
Changing input type 0 to MRI_INT
Converting defects to volume: offset=2000, merge=0
Writing to /out/sourcedata/freesurfer/sub-v1s21x0050408_ses-1/mri/rh.surface.defects.mgz
mris_defects_pointset -s /out/sourcedata/freesurfer/sub-v1s21x0050408_ses-1/surf/rh.orig.nofix -d /out/sourcedata/freesurfer/sub-v1s21x0050408_ses-1/surf/rh.defect_labels -o /out/sourcedata/freesurfer/sub-v1s21x0050408_ses-1/surf/rh.defects.pointset --label /out/sourcedata/freesurfer/sub-v1s21x0050408_ses-1/label/rh.nofix.cortex.label
Reading in surface /out/sourcedata/freesurfer/sub-v1s21x0050408_ses-1/surf/rh.orig.nofix
Reading in defect segmentation /out/sourcedata/freesurfer/sub-v1s21x0050408_ses-1/surf/rh.defect_labels
Reading in label /out/sourcedata/freesurfer/sub-v1s21x0050408_ses-1/label/rh.nofix.cortex.label
#VMPC# mris_defects_pointset 1275756
mris_defects_pointset done
 
Started at Mon Mar 9 12:20:52 CET 2026 
Ended   at Mon Mar  9 12:21:04 CET 2026
Defect2seg-Run-Time-Sec 12
Defect2seg-Run-Time-Min 0.24
Defect2seg-Run-Time-Hours 0.00
 
tkmeditfv sub-v1s21x0050408_ses-1 brain.finalsurfs.mgz -defect
defect2seg Done

 mris_remesh --remesh --iters 3 --input /out/sourcedata/freesurfer/sub-v1s21x0050408_ses-1/surf/rh.orig.premesh --output /out/sourcedata/freesurfer/sub-v1s21x0050408_ses-1/surf/rh.orig 

iters = 3
standard remeshing without target
   adjusted l: 0.717653
remeshing to edge length 0.717653 with 3 iterations

avg qual before   : 0.886089  after: 0.971428

Removing intersections
removing intersecting faces
000: 29 intersecting
001: 7 intersecting
terminating search with 0 intersecting
Remeshed surface quality stats nv0 = 139369  nv = 144468  1.03659
Area    288932  0.30851  0.03423 0.079308   0.4982
Corner  866796 60.00000  8.76631 15.388051 148.9207
Edge    433398  0.85205  0.08286 0.388628   1.3845
Hinge   433398  9.84364 10.55795 0.000002 169.3635
mris_remesh done
/out/sourcedata/freesurfer/sub-v1s21x0050408_ses-1/scripts

 mris_remove_intersection ../surf/rh.orig ../surf/rh.orig 

intersection removal took 0.00 hours
writing corrected surface to ../surf/rh.orig

 rm -f ../surf/rh.inflated 

#--------------------------------------------
#@# AutoDetGWStats rh Mon Mar  9 12:21:36 CET 2026
cd /out/sourcedata/freesurfer/sub-v1s21x0050408_ses-1/mri
mris_autodet_gwstats --o ../surf/autodet.gw.stats.rh.dat --i brain.finalsurfs.mgz --wm wm.mgz --surf ../surf/rh.orig.premesh
7.3.2

cd /out/sourcedata/freesurfer/sub-v1s21x0050408_ses-1/mri
setenv SUBJECTS_DIR /out/sourcedata/freesurfer
mris_autodet_gwstats --o ../surf/autodet.gw.stats.rh.dat --i brain.finalsurfs.mgz --wm wm.mgz --surf ../surf/rh.orig.premesh 

border white:    259890 voxels (1.55%)
border gray      307460 voxels (1.83%)
Reading in intensity volume brain.finalsurfs.mgz
Reading in wm volume wm.mgz
Reading in surf ../surf/rh.orig.premesh
Auto detecting stats
MRIclipBrightWM(): nthresh=19821, wmmin=5, clip=110 
Binarizing thresholding at 5
computing class statistics... low=30, hi=110.000000
CCS WM (97.0): 98.1 +- 7.8 [70.0 --> 110.0]
CCS GM (76.0) : 75.2 +- 10.2 [30.0 --> 110.0]
white_mean = 98.0515 +/- 7.76933, gray_mean = 75.1899 +/- 10.19
using class modes intead of means, discounting robust sigmas....
MRIScomputeClassModes(): min=0 max=242 nbins=243
intensity peaks found at WM=102+-7.0,    GM=71+-8.7
white_mode = 102, gray_mode = 71
std_scale = 1
Applying sanity checks, max_scale_down = 0.2
setting MIN_GRAY_AT_WHITE_BORDER to 60.8 (was 70.000000)
setting MAX_BORDER_WHITE to 109.8 (was 105.000000)
setting MIN_BORDER_WHITE to 71.0 (was 85.000000)
setting MAX_CSF to 50.6 (was 40.000000)
setting MAX_GRAY to 94.2 (was 95.000000)
setting MAX_GRAY_AT_CSF_BORDER to 60.8 (was 75.000000)
setting MIN_GRAY_AT_CSF_BORDER to 40.4 (was 40.000000)
When placing the white surface
  white_border_hi   = 109.769;
  white_border_low  = 71;
  white_outside_low = 60.81;
  white_inside_hi   = 120;
  white_outside_hi  = 109.769;
When placing the pial surface
  pial_border_hi   = 60.81;
  pial_border_low  = 40.4299;
  pial_outside_low = 10;
  pial_inside_hi   = 94.2307;
  pial_outside_hi  = 55.715;
#VMPC# mris_autodet_gwstats VmPeak  1467720
mris_autodet_gwstats done
#--------------------------------------------
#@# WhitePreAparc rh Mon Mar  9 12:21:38 CET 2026
cd /out/sourcedata/freesurfer/sub-v1s21x0050408_ses-1/mri
mris_place_surface --adgws-in ../surf/autodet.gw.stats.rh.dat --wm wm.mgz --threads 16 --invol brain.finalsurfs.mgz --rh --i ../surf/rh.orig --o ../surf/rh.white.preaparc --white --seg aseg.presurf.mgz --nsmooth 5
7.3.2
7.3.2

cd /out/sourcedata/freesurfer/sub-v1s21x0050408_ses-1/mri
setenv SUBJECTS_DIR /out/sourcedata/freesurfer
mris_place_surface --adgws-in ../surf/autodet.gw.stats.rh.dat --wm wm.mgz --threads 16 --invol brain.finalsurfs.mgz --rh --i ../surf/rh.orig --o ../surf/rh.white.preaparc --white --seg aseg.presurf.mgz --nsmooth 5 

Reading in input surface ../surf/rh.orig
Smoothing surface before ripping with 5 iterations
removing intersecting faces
000: 8 intersecting
step 1 with no progress (num=8, old_num=8)
001: 8 intersecting
002: 5 intersecting
terminating search with 0 intersecting
Area    288932  0.27177  0.06584 0.000000   0.5864
Corner  866796 60.00000  9.56144 2.751906 170.1797
Edge    433398  0.79558  0.11849 0.000020   1.4094
Hinge   433398  6.54083  6.76770 0.000051 146.4740
Not reading in aparc
Reading in input volume brain.finalsurfs.mgz
Reading in wm volume wm.mgz
MRIclipBrightWM(): nthresh=19821, wmmin=5, clip=110 
MRIfindBrightNonWM(): 4504 bright non-wm voxels segmented.
Masking bright non-wm for white surface
MRImask(): AllowDiffGeom = 1
MRImask(): AllowDiffGeom = 1
Reading in seg volume aseg.presurf.mgz
Ripping frozen voxels
INFO: rip surface needed but not specified, so using input surface
Freezing midline and others
Entering: MRISripMidline(): inhibiting deformation at non-cortical midline structures...
  which=1, fix_mtl=0, using annot = 0
#FML0# MRISripMidline(): nripped=0
removing 4 vertices from ripped group in thread:0
#FML# MRISripMidline(): nmarked=6709, nmarked2=55, nripped=6709
Ripping segs (eg, WMSA, BG, frozen)
Starting MRISripSegs() d = (-2 2 0.5) segnos: 247 
MRISripSegs(): -2 2 0.5 ripped 0
vertex 72234: xyz = (15.6782,-7.34495,83.4504) oxyz = (15.6782,-7.34495,83.4504) wxzy = (15.6782,-7.34495,83.4504) pxyz = (0,0,0) 
CBVO Creating mask 144468
n_averages 4
Iteration 0 =========================================
n_averages=4, current_sigma=2
Freezing midline and others
Ripping frozen voxels
INFO: rip surface needed but not specified, so using input surface
Freezing midline and others
Entering: MRISripMidline(): inhibiting deformation at non-cortical midline structures...
  which=1, fix_mtl=0, using annot = 0
#FML0# MRISripMidline(): nripped=6709
removing 4 vertices from ripped group in thread:0
#FML# MRISripMidline(): nmarked=6709, nmarked2=55, nripped=6709
Ripping segs (eg, WMSA, BG, frozen)
Starting MRISripSegs() d = (-2 2 0.5) segnos: 247 247 
MRISripSegs(): -2 2 0.5 ripped 0
Computing target border values 
Entering MRIScomputeBorderValues_new(): 
  inside_hi   = 120.0000000;
  border_hi   = 109.7693250;
  border_low  =  71.0000000;
  outside_low =  60.8099750;
  outside_hi  = 109.7693250;
  sigma = 2;
  max_thickness = 10;
  step_size=0.5;
  STEP_SIZE=0.1;
  which = 1
  thresh = 0
  flags = 0
  CBVfindFirstPeakD1=0
  CBVfindFirstPeakD2=0
  nvertices=144468
  Gdiag_no=-1
  vno start=0, stop=144468
Replacing 255s with 0s
#SI# sigma=2 had to be increased for 182 vertices, nripped=6709
mean border=83.0, 158 (158) missing vertices, mean dist 0.3 [0.5 (%38.1)->0.8 (%61.9))]
%73 local maxima, %22 large gradients and % 0 min vals, 0 gradients ignored
nFirstPeakD1 0
MRIScomputeBorderValues_new() finished in 0.0113 min


Finding expansion regions
mean absolute distance = 0.69 +- 0.85
5239 vertices more than 2 sigmas from mean.
Averaging target values for 5 iterations...
Positioning Surface: tspring = 0.3, nspring = 0.3, spring = 0, niters = 100 l_repulse = 5, l_surf_repulse = 0, checktol = 0
Positioning pial surface
Entering MRISpositionSurface()
  max_mm = 0.3
  MAX_REDUCTIONS = 2, REDUCTION_PCT = 0.5
  parms->check_tol = 0, niterations = 100
tol=1.0e-04, sigma=2.0, host=dna07, nav=4, nbrs=2, l_repulse=5.000, l_tspring=0.300, l_nspring=0.300, l_intensity=0.200, l_curv=1.000
mom=0.00, dt=0.50
complete_dist_mat 0
rms 0
smooth_averages 0
remove_neg 0
ico_order 0
which_surface 0
target_radius 0.000000
nfields 0
scale 0.000000
desired_rms_height 0.000000
momentum 0.000000
nbhd_size 0
max_nbrs 0
niterations 100
nsurfaces 0
SURFACES 3
flags 0 (0)
use curv 0
no sulc 0
no rigid align 0
mris->nsize 2
mris->hemisphere 1
randomSeed 0

000: dt: 0.0000, sse=3057799.8, rms=9.006
001: dt: 0.5000, sse=1568208.6, rms=6.437 (28.528%)
002: dt: 0.5000, sse=1016333.7, rms=4.958 (22.973%)
003: dt: 0.5000, sse=690682.5, rms=4.069 (17.925%)
004: dt: 0.5000, sse=502666.4, rms=3.527 (13.339%)
005: dt: 0.5000, sse=447878.6, rms=3.220 (8.696%)
006: dt: 0.5000, sse=420763.9, rms=3.040 (5.597%)
007: dt: 0.5000, sse=407750.3, rms=2.958 (2.693%)
008: dt: 0.5000, sse=397833.3, rms=2.896 (2.092%)
rms = 2.8722/2.8960, sse=394005.0/397833.3, time step reduction 1 of 3 to 0.250  0 0 1
009: dt: 0.5000, sse=394005.0, rms=2.872 (0.822%)
010: dt: 0.2500, sse=255785.2, rms=1.687 (41.260%)
011: dt: 0.2500, sse=231685.7, rms=1.467 (13.076%)
012: dt: 0.2500, sse=228614.6, rms=1.414 (3.555%)
rms = 1.3746/1.4144, sse=227399.4/228614.6, time step reduction 2 of 3 to 0.125  0 0 1
013: dt: 0.2500, sse=227399.4, rms=1.375 (2.811%)
014: dt: 0.1250, sse=222649.4, rms=1.309 (4.755%)
rms = 1.2974/1.3093, sse=225216.7/222649.4, time step reduction 3 of 3 to 0.062  0 1 1
015: dt: 0.1250, sse=225216.7, rms=1.297 (0.905%)
  maximum number of reductions reached, breaking from loop
positioning took 1.2 minutes
Iteration 1 =========================================
n_averages=2, current_sigma=1
Freezing midline and others
Ripping frozen voxels
INFO: rip surface needed but not specified, so using input surface
Freezing midline and others
Entering: MRISripMidline(): inhibiting deformation at non-cortical midline structures...
  which=1, fix_mtl=0, using annot = 0
#FML0# MRISripMidline(): nripped=6709
removing 3 vertices from ripped group in thread:0
removing 3 vertices from ripped group in thread:0
removing 4 vertices from ripped group in thread:0
removing 4 vertices from ripped group in thread:0
removing 2 vertices from ripped group in thread:0
#FML# MRISripMidline(): nmarked=6862, nmarked2=66, nripped=6862
Ripping segs (eg, WMSA, BG, frozen)
Starting MRISripSegs() d = (-2 2 0.5) segnos: 247 247 247 
MRISripSegs(): -2 2 0.5 ripped 0
Computing target border values 
Entering MRIScomputeBorderValues_new(): 
  inside_hi   = 120.0000000;
  border_hi   = 109.7693250;
  border_low  =  71.0000000;
  outside_low =  60.8099750;
  outside_hi  = 109.7693250;
  sigma = 1;
  max_thickness = 10;
  step_size=0.5;
  STEP_SIZE=0.1;
  which = 1
  thresh = 0
  flags = 0
  CBVfindFirstPeakD1=0
  CBVfindFirstPeakD2=0
  nvertices=144468
  Gdiag_no=-1
  vno start=0, stop=144468
Replacing 255s with 0s
#SI# sigma=1 had to be increased for 182 vertices, nripped=6862
mean border=85.0, 129 (50) missing vertices, mean dist -0.2 [0.4 (%68.3)->0.3 (%31.7))]
%79 local maxima, %16 large gradients and % 0 min vals, 0 gradients ignored
nFirstPeakD1 0
MRIScomputeBorderValues_new() finished in 0.0079 min


Finding expansion regions
mean absolute distance = 0.36 +- 0.63
4829 vertices more than 2 sigmas from mean.
Averaging target values for 5 iterations...
Positioning Surface: tspring = 0.3, nspring = 0.3, spring = 0, niters = 100 l_repulse = 5, l_surf_repulse = 0, checktol = 0
Positioning pial surface
Entering MRISpositionSurface()
  max_mm = 0.3
  MAX_REDUCTIONS = 2, REDUCTION_PCT = 0.5
  parms->check_tol = 0, niterations = 100
tol=1.0e-04, sigma=1.0, host=dna07, nav=2, nbrs=2, l_repulse=5.000, l_tspring=0.300, l_nspring=0.300, l_intensity=0.200, l_curv=1.000
mom=0.00, dt=0.50
000: dt: 0.0000, sse=591359.8, rms=3.620
016: dt: 0.5000, sse=394614.0, rms=2.459 (32.074%)
017: dt: 0.5000, sse=380755.5, rms=2.356 (4.163%)
rms = 2.4007/2.3564, sse=386824.0/380755.5, time step reduction 1 of 3 to 0.250  0 1 1
   RMS increased, rejecting step
018: dt: 0.2500, sse=308211.1, rms=1.709 (27.472%)
019: dt: 0.2500, sse=281585.7, rms=1.393 (18.479%)
020: dt: 0.2500, sse=272466.2, rms=1.297 (6.918%)
rms = 1.2580/1.2969, sse=269779.8/272466.2, time step reduction 2 of 3 to 0.125  0 0 1
021: dt: 0.2500, sse=269779.8, rms=1.258 (2.999%)
022: dt: 0.1250, sse=265132.7, rms=1.177 (6.410%)
rms = 1.1597/1.1773, sse=262335.1/265132.7, time step reduction 3 of 3 to 0.062  0 0 1
023: dt: 0.1250, sse=262335.1, rms=1.160 (1.501%)
  maximum number of reductions reached, breaking from loop
positioning took 0.7 minutes
Iteration 2 =========================================
n_averages=1, current_sigma=0.5
Freezing midline and others
Ripping frozen voxels
INFO: rip surface needed but not specified, so using input surface
Freezing midline and others
Entering: MRISripMidline(): inhibiting deformation at non-cortical midline structures...
  which=1, fix_mtl=0, using annot = 0
#FML0# MRISripMidline(): nripped=6862
removing 3 vertices from ripped group in thread:0
removing 3 vertices from ripped group in thread:0
removing 4 vertices from ripped group in thread:0
removing 2 vertices from ripped group in thread:0
removing 3 vertices from ripped group in thread:0
removing 2 vertices from ripped group in thread:0
#FML# MRISripMidline(): nmarked=6985, nmarked2=66, nripped=6985
Ripping segs (eg, WMSA, BG, frozen)
Starting MRISripSegs() d = (-2 2 0.5) segnos: 247 247 247 247 
MRISripSegs(): -2 2 0.5 ripped 0
Computing target border values 
Entering MRIScomputeBorderValues_new(): 
  inside_hi   = 120.0000000;
  border_hi   = 109.7693250;
  border_low  =  71.0000000;
  outside_low =  60.8099750;
  outside_hi  = 109.7693250;
  sigma = 0.5;
  max_thickness = 10;
  step_size=0.5;
  STEP_SIZE=0.1;
  which = 1
  thresh = 0
  flags = 0
  CBVfindFirstPeakD1=0
  CBVfindFirstPeakD2=0
  nvertices=144468
  Gdiag_no=-1
  vno start=0, stop=144468
Replacing 255s with 0s
#SI# sigma=0.5 had to be increased for 279 vertices, nripped=6985
mean border=86.3, 137 (37) missing vertices, mean dist -0.1 [0.3 (%63.0)->0.3 (%37.0))]
%83 local maxima, %12 large gradients and % 0 min vals, 0 gradients ignored
nFirstPeakD1 0
MRIScomputeBorderValues_new() finished in 0.0047 min


Finding expansion regions
mean absolute distance = 0.30 +- 0.51
4630 vertices more than 2 sigmas from mean.
Averaging target values for 5 iterations...
Positioning Surface: tspring = 0.3, nspring = 0.3, spring = 0, niters = 100 l_repulse = 5, l_surf_repulse = 0, checktol = 0
Positioning pial surface
Entering MRISpositionSurface()
  max_mm = 0.3
  MAX_REDUCTIONS = 2, REDUCTION_PCT = 0.5
  parms->check_tol = 0, niterations = 100
tol=1.0e-04, sigma=0.5, host=dna07, nav=1, nbrs=2, l_repulse=5.000, l_tspring=0.300, l_nspring=0.300, l_intensity=0.200, l_curv=1.000
mom=0.00, dt=0.50
000: dt: 0.0000, sse=369244.6, rms=2.311
024: dt: 0.5000, sse=335446.0, rms=2.006 (13.175%)
rms = 2.0630/2.0063, sse=347481.0/335446.0, time step reduction 1 of 3 to 0.250  0 1 1
   RMS increased, rejecting step
025: dt: 0.2500, sse=284861.7, rms=1.474 (26.535%)
026: dt: 0.2500, sse=267151.9, rms=1.182 (19.773%)
rms = 1.1465/1.1825, sse=260800.7/267151.9, time step reduction 2 of 3 to 0.125  0 0 1
027: dt: 0.2500, sse=260800.7, rms=1.146 (3.046%)
028: dt: 0.1250, sse=256753.8, rms=1.051 (8.315%)
rms = 1.0361/1.0511, sse=273627.1/256753.8, time step reduction 3 of 3 to 0.062  0 1 1
029: dt: 0.1250, sse=273627.1, rms=1.036 (1.433%)
  maximum number of reductions reached, breaking from loop
positioning took 0.5 minutes
Iteration 3 =========================================
n_averages=0, current_sigma=0.25
Freezing midline and others
Ripping frozen voxels
INFO: rip surface needed but not specified, so using input surface
Freezing midline and others
Entering: MRISripMidline(): inhibiting deformation at non-cortical midline structures...
  which=1, fix_mtl=0, using annot = 0
#FML0# MRISripMidline(): nripped=6985
removing 3 vertices from ripped group in thread:0
removing 4 vertices from ripped group in thread:0
removing 2 vertices from ripped group in thread:0
#FML# MRISripMidline(): nmarked=7032, nmarked2=66, nripped=7032
Ripping segs (eg, WMSA, BG, frozen)
Starting MRISripSegs() d = (-2 2 0.5) segnos: 247 247 247 247 247 
MRISripSegs(): -2 2 0.5 ripped 0
Computing target border values 
Entering MRIScomputeBorderValues_new(): 
  inside_hi   = 120.0000000;
  border_hi   = 109.7693250;
  border_low  =  71.0000000;
  outside_low =  60.8099750;
  outside_hi  = 109.7693250;
  sigma = 0.25;
  max_thickness = 10;
  step_size=0.5;
  STEP_SIZE=0.1;
  which = 1
  thresh = 0
  flags = 0
  CBVfindFirstPeakD1=0
  CBVfindFirstPeakD2=0
  nvertices=144468
  Gdiag_no=-1
  vno start=0, stop=144468
Replacing 255s with 0s
#SI# sigma=0.25 had to be increased for 260 vertices, nripped=7032
mean border=86.9, 182 (31) missing vertices, mean dist -0.0 [0.3 (%54.5)->0.3 (%45.5))]
%85 local maxima, %10 large gradients and % 0 min vals, 0 gradients ignored
nFirstPeakD1 0
MRIScomputeBorderValues_new() finished in 0.0031 min


Finding expansion regions
mean absolute distance = 0.28 +- 0.44
3886 vertices more than 2 sigmas from mean.
Averaging target values for 5 iterations...
Positioning Surface: tspring = 0.3, nspring = 0.3, spring = 0, niters = 100 l_repulse = 5, l_surf_repulse = 0, checktol = 0
Positioning pial surface
Entering MRISpositionSurface()
  max_mm = 0.3
  MAX_REDUCTIONS = 2, REDUCTION_PCT = 0.5
  parms->check_tol = 0, niterations = 100
tol=1.0e-04, sigma=0.2, host=dna07, nav=0, nbrs=2, l_repulse=5.000, l_tspring=0.300, l_nspring=0.300, l_intensity=0.200, l_curv=1.000
mom=0.00, dt=0.50
000: dt: 0.0000, sse=301538.2, rms=1.473
rms = 1.4568/1.4734, sse=288961.8/301538.2, time step reduction 1 of 3 to 0.250  0 0 1
030: dt: 0.5000, sse=288961.8, rms=1.457 (1.122%)
031: dt: 0.2500, sse=248746.0, rms=1.006 (30.948%)
rms = 0.9760/1.0060, sse=247125.0/248746.0, time step reduction 2 of 3 to 0.125  0 0 1
032: dt: 0.2500, sse=247125.0, rms=0.976 (2.979%)
033: dt: 0.1250, sse=239463.4, rms=0.828 (15.160%)
rms = 0.8138/0.8280, sse=238942.2/239463.4, time step reduction 3 of 3 to 0.062  0 0 1
034: dt: 0.1250, sse=238942.2, rms=0.814 (1.723%)
  maximum number of reductions reached, breaking from loop
positioning took 0.4 minutes


Writing output to ../surf/rh.white.preaparc
#ET# mris_place_surface  2.93 minutes
#VMPC# mris_place_surfaces VmPeak  3213112
mris_place_surface done
#--------------------------------------------
#@# CortexLabel rh Mon Mar  9 12:24:44 CET 2026
cd /out/sourcedata/freesurfer/sub-v1s21x0050408_ses-1/mri
mri_label2label --label-cortex ../surf/rh.white.preaparc aseg.presurf.mgz 0 ../label/rh.cortex.label

 Generating cortex label... RemoveHipAmgy=0
 NucAccIsMedialWall=0
 mris->useRealRAS=0
2 non-cortical segments detected
only using segment with 8329 vertices
erasing segment 1 (vno[0] = 84411)
#--------------------------------------------
#@# CortexLabel+HipAmyg rh Mon Mar  9 12:24:52 CET 2026
cd /out/sourcedata/freesurfer/sub-v1s21x0050408_ses-1/mri
mri_label2label --label-cortex ../surf/rh.white.preaparc aseg.presurf.mgz 1 ../label/rh.cortex+hipamyg.label

 Generating cortex label... RemoveHipAmgy=1
 NucAccIsMedialWall=0
 mris->useRealRAS=0
9 non-cortical segments detected
only using segment with 5751 vertices
erasing segment 1 (vno[0] = 43839)
erasing segment 2 (vno[0] = 48059)
erasing segment 3 (vno[0] = 51238)
erasing segment 4 (vno[0] = 59931)
erasing segment 5 (vno[0] = 72981)
erasing segment 6 (vno[0] = 84411)
erasing segment 7 (vno[0] = 133295)
erasing segment 8 (vno[0] = 141743)
#--------------------------------------------
#@# Smooth2 rh Mon Mar  9 12:25:01 CET 2026
/out/sourcedata/freesurfer/sub-v1s21x0050408_ses-1/scripts

 mris_smooth -n 3 -nw -seed 1234 ../surf/rh.white.preaparc ../surf/rh.smoothwm 

smoothing for 3 iterations
setting seed for random number generator to 1234
smoothing surface tessellation for 3 iterations...
smoothing complete - recomputing first and second fundamental forms...
#--------------------------------------------
#@# Inflation2 rh Mon Mar  9 12:25:03 CET 2026
/out/sourcedata/freesurfer/sub-v1s21x0050408_ses-1/scripts

 mris_inflate ../surf/rh.smoothwm ../surf/rh.inflated 

Reading ../surf/rh.smoothwm
avg radius = 48.1 mm, total surface area = 90545 mm^2
step 000: RMS=0.174 (target=0.015)   step 005: RMS=0.118 (target=0.015)   step 010: RMS=0.091 (target=0.015)   step 015: RMS=0.077 (target=0.015)   step 020: RMS=0.065 (target=0.015)   step 025: RMS=0.054 (target=0.015)   step 030: RMS=0.046 (target=0.015)   step 035: RMS=0.040 (target=0.015)   step 040: RMS=0.035 (target=0.015)   step 045: RMS=0.031 (target=0.015)   step 050: RMS=0.028 (target=0.015)   step 055: RMS=0.026 (target=0.015)   step 060: RMS=0.024 (target=0.015)   writing inflated surface to ../surf/rh.inflated
writing sulcal depths to ../surf/rh.sulc

inflation complete.
inflation took 0.2 minutes
mris_inflate utimesec    55.558406
mris_inflate stimesec    1.732824
mris_inflate ru_maxrss   221576
mris_inflate ru_ixrss    0
mris_inflate ru_idrss    0
mris_inflate ru_isrss    0
mris_inflate ru_minflt   503344
mris_inflate ru_majflt   12
mris_inflate ru_nswap    0
mris_inflate ru_inblock  0
mris_inflate ru_oublock  11304
mris_inflate ru_msgsnd   0
mris_inflate ru_msgrcv   0
mris_inflate ru_nsignals 0
mris_inflate ru_nvcsw    11709
mris_inflate ru_nivcsw   334
#--------------------------------------------
#@# Curv .H and .K rh Mon Mar  9 12:25:16 CET 2026
/out/sourcedata/freesurfer/sub-v1s21x0050408_ses-1/surf

 mris_curvature -w -seed 1234 rh.white.preaparc 

setting seed for random number generator to 1234
total integrated curvature = 38.464*4pi (483.358) --> -37 handles
ICI = 199.4, FI = 1645.3, variation=26839.084
writing Gaussian curvature to ./rh.white.preaparc.K...done.
writing mean curvature to ./rh.white.preaparc.H...done.
rm -f rh.white.H
ln -s rh.white.preaparc.H rh.white.H
rm -f rh.white.K
ln -s rh.white.preaparc.K rh.white.K

 mris_curvature -seed 1234 -thresh .999 -n -a 5 -w -distances 10 10 rh.inflated 

setting seed for random number generator to 1234
normalizing curvature values.
averaging curvature patterns 5 times.
sampling 10 neighbors out to a distance of 10 mm
192 vertices thresholded to be in k1 ~ [-0.44 0.90], k2 ~ [-0.17 0.29]
total integrated curvature = 0.155*4pi (1.952) --> 1 handles
ICI = 1.6, FI = 12.9, variation=213.633
149 vertices thresholded to be in [-0.05 0.05]
writing Gaussian curvature to ./rh.inflated.K...thresholding curvature at 99.90% level
curvature mean = 0.000, std = 0.002
166 vertices thresholded to be in [-0.23 0.39]
done.
writing mean curvature to ./rh.inflated.H...curvature mean = -0.017, std = 0.030
done.
#--------------------------------------------
#@# Sphere rh Mon Mar  9 12:25:55 CET 2026
/out/sourcedata/freesurfer/sub-v1s21x0050408_ses-1/scripts

 mris_sphere -seed 1234 ../surf/rh.inflated ../surf/rh.sphere 

setting seed for random number genererator to 1234
version: 7.3.2
available threads: 16
reading original vertex positions...
projecting onto sphere...
surface projected - minimizing metric distortion...
scaling brain by 0.281...
MRISunfold() max_passes = 1 -------
tol=5.0e-01, sigma=0.0, host=dna07, nav=1024, nbrs=2, l_area=1.000, l_dist=1.000
using quadratic fit line minimization
complete_dist_mat 0
rms 0
smooth_averages 0
remove_neg 0
ico_order 0
which_surface 0
target_radius 0.000000
nfields 0
scale 1.000000
desired_rms_height -1.000000
momentum 0.900000
nbhd_size 7
max_nbrs 8
niterations 25
nsurfaces 0
SURFACES 3
flags 0 (0)
use curv 0
no sulc 0
no rigid align 0
mris->nsize 2
mris->hemisphere 1
randomSeed 1234

singular matrix in quadratic form
singular matrix in quadratic form
singular matrix in quadratic form
--------------------
  mrisRemoveNegativeArea()
pass 1: epoch 1 of 3 starting distance error %22.53
pass 1: epoch 2 of 3 starting distance error %22.48
unfolding complete - removing small folds...
starting distance error %22.29
removing remaining folds...
final distance error %22.34
MRISunfold() return, current seed 1234
-01: dt=0.0000,  38 negative triangles  VmPeak 1610396
212: dt=0.9900,  38 negative triangles
213: dt=0.9900,  22 negative triangles
214: dt=0.9900,  24 negative triangles
215: dt=0.9900,  22 negative triangles
216: dt=0.9900,  22 negative triangles
217: dt=0.9900,  25 negative triangles
218: dt=0.9900,  24 negative triangles
219: dt=0.9900,  24 negative triangles
220: dt=0.9900,  29 negative triangles
221: dt=0.9900,  24 negative triangles
222: dt=0.9900,  24 negative triangles
223: dt=0.9405,  28 negative triangles
224: dt=0.9405,  25 negative triangles
225: dt=0.9405,  27 negative triangles
226: dt=0.9405,  24 negative triangles
227: dt=0.9405,  23 negative triangles
228: dt=0.9405,  27 negative triangles
229: dt=0.9405,  23 negative triangles
230: dt=0.9405,  26 negative triangles
231: dt=0.9405,  26 negative triangles
232: dt=0.9405,  22 negative triangles
233: dt=0.9405,  21 negative triangles
234: dt=0.9405,  27 negative triangles
235: dt=0.9405,  23 negative triangles
236: dt=0.9405,  22 negative triangles
237: dt=0.9405,  23 negative triangles
238: dt=0.9405,  24 negative triangles
239: dt=0.9405,  27 negative triangles
240: dt=0.9405,  20 negative triangles
241: dt=0.9405,  24 negative triangles
242: dt=0.9405,  25 negative triangles
243: dt=0.9405,  24 negative triangles
244: dt=0.9405,  21 negative triangles
245: dt=0.9405,  25 negative triangles
246: dt=0.9405,  21 negative triangles
247: dt=0.9405,  22 negative triangles
248: dt=0.9405,  22 negative triangles
249: dt=0.9405,  25 negative triangles
250: dt=0.8935,  20 negative triangles
251: dt=0.8935,  19 negative triangles
252: dt=0.8935,  21 negative triangles
253: dt=0.8935,  19 negative triangles
254: dt=0.8935,  18 negative triangles
255: dt=0.8935,  21 negative triangles
256: dt=0.8935,  18 negative triangles
257: dt=0.8935,  19 negative triangles
258: dt=0.8935,  18 negative triangles
259: dt=0.8935,  20 negative triangles
260: dt=0.8935,  16 negative triangles
261: dt=0.8935,  19 negative triangles
262: dt=0.8935,  19 negative triangles
263: dt=0.8935,  18 negative triangles
264: dt=0.8935,  15 negative triangles
265: dt=0.8935,  18 negative triangles
266: dt=0.8935,  14 negative triangles
267: dt=0.8935,  18 negative triangles
268: dt=0.8935,  13 negative triangles
269: dt=0.8935,  16 negative triangles
270: dt=0.8935,  13 negative triangles
271: dt=0.8935,  14 negative triangles
272: dt=0.8935,  12 negative triangles
273: dt=0.8935,  16 negative triangles
274: dt=0.8935,  12 negative triangles
275: dt=0.8935,  14 negative triangles
276: dt=0.8935,  11 negative triangles
277: dt=0.8935,  14 negative triangles
278: dt=0.8935,  11 negative triangles
279: dt=0.8935,  14 negative triangles
280: dt=0.8935,  10 negative triangles
281: dt=0.8935,  12 negative triangles
282: dt=0.8935,  10 negative triangles
283: dt=0.8935,  13 negative triangles
284: dt=0.8935,  10 negative triangles
285: dt=0.8935,  13 negative triangles
286: dt=0.8935,  10 negative triangles
287: dt=0.8935,  12 negative triangles
288: dt=0.8935,  10 negative triangles
289: dt=0.8935,  11 negative triangles
290: dt=0.8488,  11 negative triangles
291: dt=0.8488,  11 negative triangles
292: dt=0.8488,   9 negative triangles
293: dt=0.8488,  11 negative triangles
294: dt=0.8488,   9 negative triangles
295: dt=0.8488,  11 negative triangles
296: dt=0.8488,  11 negative triangles
297: dt=0.8488,  11 negative triangles
298: dt=0.8488,   9 negative triangles
299: dt=0.8488,  11 negative triangles
300: dt=0.8488,   9 negative triangles
301: dt=0.8488,  11 negative triangles
302: dt=0.8064,  11 negative triangles
303: dt=0.8064,  11 negative triangles
304: dt=0.8064,   9 negative triangles
305: dt=0.8064,  11 negative triangles
306: dt=0.8064,   9 negative triangles
307: dt=0.8064,  11 negative triangles
308: dt=0.8064,  10 negative triangles
309: dt=0.8064,  11 negative triangles
310: dt=0.8064,   9 negative triangles
311: dt=0.8064,  11 negative triangles
312: dt=0.8064,   8 negative triangles
313: dt=0.8064,  11 negative triangles
314: dt=0.8064,   8 negative triangles
315: dt=0.8064,  10 negative triangles
316: dt=0.8064,   8 negative triangles
317: dt=0.8064,  10 negative triangles
318: dt=0.8064,   8 negative triangles
319: dt=0.8064,  11 negative triangles
320: dt=0.8064,   8 negative triangles
321: dt=0.8064,  10 negative triangles
322: dt=0.7660,   8 negative triangles
323: dt=0.7660,  10 negative triangles
324: dt=0.7660,   8 negative triangles
325: dt=0.7660,  11 negative triangles
326: dt=0.7660,   8 negative triangles
327: dt=0.7660,  10 negative triangles
328: dt=0.7660,   8 negative triangles
329: dt=0.7660,  10 negative triangles
330: dt=0.7660,   8 negative triangles
331: dt=0.7660,  11 negative triangles
332: dt=0.7277,   8 negative triangles
333: dt=0.7277,  10 negative triangles
334: dt=0.7277,   8 negative triangles
335: dt=0.7277,  10 negative triangles
336: dt=0.7277,   8 negative triangles
337: dt=0.7277,  10 negative triangles
338: dt=0.7277,   9 negative triangles
339: dt=0.7277,  10 negative triangles
340: dt=0.7277,   8 negative triangles
341: dt=0.7277,  10 negative triangles
342: dt=0.6914,   8 negative triangles
343: dt=0.6914,  11 negative triangles
344: dt=0.6914,   8 negative triangles
345: dt=0.6914,   8 negative triangles
346: dt=0.6914,   6 negative triangles
347: dt=0.6914,   8 negative triangles
348: dt=0.6914,   6 negative triangles
349: dt=0.6914,   9 negative triangles
350: dt=0.6914,   6 negative triangles
351: dt=0.6914,   8 negative triangles
352: dt=0.6914,   6 negative triangles
353: dt=0.6914,   8 negative triangles
354: dt=0.6914,   6 negative triangles
355: dt=0.6914,   8 negative triangles
356: dt=0.6568,   7 negative triangles
357: dt=0.6568,   8 negative triangles
358: dt=0.6568,   6 negative triangles
359: dt=0.6568,   8 negative triangles
360: dt=0.6568,   6 negative triangles
361: dt=0.6568,   8 negative triangles
362: dt=0.6568,   6 negative triangles
363: dt=0.6568,   9 negative triangles
364: dt=0.6568,   6 negative triangles
365: dt=0.6568,   8 negative triangles
366: dt=0.6239,   6 negative triangles
367: dt=0.6239,   8 negative triangles
368: dt=0.6239,   6 negative triangles
369: dt=0.6239,   8 negative triangles
370: dt=0.6239,   7 negative triangles
371: dt=0.6239,   8 negative triangles
372: dt=0.6239,   6 negative triangles
373: dt=0.6239,   8 negative triangles
374: dt=0.6239,   6 negative triangles
375: dt=0.6239,   8 negative triangles
376: dt=0.5927,   6 negative triangles
377: dt=0.5927,   9 negative triangles
378: dt=0.5927,   6 negative triangles
379: dt=0.5927,   8 negative triangles
380: dt=0.5927,   6 negative triangles
381: dt=0.5927,   8 negative triangles
382: dt=0.5927,   6 negative triangles
383: dt=0.5927,   9 negative triangles
384: dt=0.5927,   6 negative triangles
385: dt=0.5927,   8 negative triangles
386: dt=0.5631,   6 negative triangles
387: dt=0.5631,   8 negative triangles
388: dt=0.5631,   7 negative triangles
389: dt=0.5631,   8 negative triangles
390: dt=0.5631,   6 negative triangles
391: dt=0.5631,   8 negative triangles
392: dt=0.5631,   6 negative triangles
393: dt=0.5631,   8 negative triangles
394: dt=0.5631,   6 negative triangles
395: dt=0.5631,   9 negative triangles
396: dt=0.5350,   6 negative triangles
expanding nbhd size to 1
397: dt=0.9900,   8 negative triangles
398: dt=0.9900,   6 negative triangles
399: dt=0.9900,   6 negative triangles
400: dt=0.9900,   6 negative triangles
401: dt=0.9900,   6 negative triangles
402: dt=0.9900,   6 negative triangles
403: dt=0.9900,   6 negative triangles
404: dt=0.9900,   6 negative triangles
405: dt=0.9900,   6 negative triangles
406: dt=0.9405,   6 negative triangles
407: dt=0.9405,   6 negative triangles
408: dt=0.9405,   6 negative triangles
409: dt=0.9405,   6 negative triangles
410: dt=0.9405,   6 negative triangles
411: dt=0.9405,   6 negative triangles
412: dt=0.9405,   6 negative triangles
413: dt=0.9405,   6 negative triangles
414: dt=0.9405,   6 negative triangles
415: dt=0.9405,   6 negative triangles
416: dt=0.8935,   6 negative triangles
417: dt=0.8935,   6 negative triangles
418: dt=0.8935,   6 negative triangles
419: dt=0.8935,   6 negative triangles
420: dt=0.8935,   6 negative triangles
421: dt=0.8935,   6 negative triangles
422: dt=0.8935,   6 negative triangles
423: dt=0.8935,   6 negative triangles
424: dt=0.8935,   6 negative triangles
425: dt=0.8935,   6 negative triangles
426: dt=0.8488,   6 negative triangles
427: dt=0.8488,   6 negative triangles
428: dt=0.8488,   6 negative triangles
429: dt=0.8488,   6 negative triangles
430: dt=0.8488,   6 negative triangles
431: dt=0.8488,   6 negative triangles
432: dt=0.8488,   6 negative triangles
433: dt=0.8488,   6 negative triangles
434: dt=0.8488,   6 negative triangles
435: dt=0.8488,   6 negative triangles
436: dt=0.8064,   6 negative triangles
437: dt=0.8064,   6 negative triangles
438: dt=0.8064,   6 negative triangles
439: dt=0.8064,   6 negative triangles
440: dt=0.8064,   6 negative triangles
441: dt=0.8064,   5 negative triangles
442: dt=0.8064,   5 negative triangles
443: dt=0.8064,   5 negative triangles
444: dt=0.8064,   5 negative triangles
445: dt=0.8064,   5 negative triangles
446: dt=0.8064,   5 negative triangles
447: dt=0.8064,   5 negative triangles
448: dt=0.8064,   5 negative triangles
449: dt=0.8064,   5 negative triangles
450: dt=0.8064,   5 negative triangles
451: dt=0.7660,   5 negative triangles
452: dt=0.7660,   5 negative triangles
453: dt=0.7660,   5 negative triangles
454: dt=0.7660,   5 negative triangles
455: dt=0.7660,   5 negative triangles
456: dt=0.7660,   5 negative triangles
457: dt=0.7660,   5 negative triangles
458: dt=0.7660,   5 negative triangles
459: dt=0.7660,   5 negative triangles
460: dt=0.7660,   5 negative triangles
461: dt=0.7277,   5 negative triangles
462: dt=0.7277,   5 negative triangles
463: dt=0.7277,   5 negative triangles
464: dt=0.7277,   5 negative triangles
465: dt=0.7277,   5 negative triangles
466: dt=0.7277,   5 negative triangles
467: dt=0.7277,   5 negative triangles
468: dt=0.7277,   5 negative triangles
469: dt=0.7277,   5 negative triangles
470: dt=0.7277,   5 negative triangles
471: dt=0.6914,   5 negative triangles
472: dt=0.6914,   5 negative triangles
473: dt=0.6914,   5 negative triangles
474: dt=0.6914,   5 negative triangles
475: dt=0.6914,   5 negative triangles
476: dt=0.6914,   5 negative triangles
477: dt=0.6914,   5 negative triangles
478: dt=0.6914,   5 negative triangles
479: dt=0.6914,   5 negative triangles
480: dt=0.6914,   5 negative triangles
481: dt=0.6568,   5 negative triangles
482: dt=0.6568,   5 negative triangles
483: dt=0.6568,   5 negative triangles
484: dt=0.6568,   5 negative triangles
485: dt=0.6568,   5 negative triangles
486: dt=0.6568,   5 negative triangles
487: dt=0.6568,   5 negative triangles
488: dt=0.6568,   5 negative triangles
489: dt=0.6568,   5 negative triangles
490: dt=0.6568,   5 negative triangles
491: dt=0.6239,   5 negative triangles
492: dt=0.6239,   5 negative triangles
493: dt=0.6239,   5 negative triangles
494: dt=0.6239,   5 negative triangles
495: dt=0.6239,   5 negative triangles
496: dt=0.6239,   5 negative triangles
497: dt=0.6239,   5 negative triangles
498: dt=0.6239,   5 negative triangles
499: dt=0.6239,   4 negative triangles
500: dt=0.6239,   4 negative triangles
501: dt=0.6239,   4 negative triangles
502: dt=0.6239,   4 negative triangles
503: dt=0.6239,   4 negative triangles
504: dt=0.6239,   4 negative triangles
505: dt=0.6239,   4 negative triangles
506: dt=0.6239,   4 negative triangles
507: dt=0.6239,   4 negative triangles
508: dt=0.6239,   3 negative triangles
509: dt=0.6239,   3 negative triangles
510: dt=0.6239,   3 negative triangles
511: dt=0.6239,   3 negative triangles
512: dt=0.6239,   3 negative triangles
513: dt=0.6239,   3 negative triangles
514: dt=0.6239,   3 negative triangles
515: dt=0.6239,   3 negative triangles
516: dt=0.6239,   3 negative triangles
517: dt=0.6239,   3 negative triangles
518: dt=0.5927,   3 negative triangles
519: dt=0.5927,   3 negative triangles
520: dt=0.5927,   3 negative triangles
521: dt=0.5927,   3 negative triangles
522: dt=0.5927,   3 negative triangles
523: dt=0.5927,   3 negative triangles
524: dt=0.5927,   2 negative triangles
525: dt=0.5927,   2 negative triangles
526: dt=0.5927,   2 negative triangles
527: dt=0.5927,   2 negative triangles
528: dt=0.5927,   2 negative triangles
529: dt=0.5927,   2 negative triangles
530: dt=0.5927,   2 negative triangles
531: dt=0.5927,   2 negative triangles
532: dt=0.5927,   2 negative triangles
533: dt=0.5927,   2 negative triangles
534: dt=0.5631,   2 negative triangles
535: dt=0.5631,   2 negative triangles
536: dt=0.5631,   2 negative triangles
writing spherical brain to ../surf/rh.sphere
spherical transformation took 0.0758 hours
FSRUNTIME@ mris_sphere  0.0758 hours 16 threads
#VMPC# mris_sphere VmPeak  1610396
mris_sphere done
#--------------------------------------------
#@# Surf Reg rh Mon Mar  9 12:30:28 CET 2026
/out/sourcedata/freesurfer/sub-v1s21x0050408_ses-1/scripts

 mris_register -curv ../surf/rh.sphere /opt/freesurfer/average/rh.folding.atlas.acfb40.noaparc.i12.2016-08-02.tif ../surf/rh.sphere.reg 

using smoothwm curvature for final alignment

cwd /out/sourcedata/freesurfer/sub-v1s21x0050408_ses-1/scripts
cmdline mris_register -curv ../surf/rh.sphere /opt/freesurfer/average/rh.folding.atlas.acfb40.noaparc.i12.2016-08-02.tif ../surf/rh.sphere.reg 

0 inflated.H
1 sulc
2 smoothwm (computed)
7.3.2
  7.3.2
reading surface from ../surf/rh.sphere...
reading template parameterization from /opt/freesurfer/average/rh.folding.atlas.acfb40.noaparc.i12.2016-08-02.tif...
MRISregister() -------
max_passes = 4 
min_degrees = 0.500000 
max_degrees = 64.000000 
nangles = 8 
tol=5.0e-01, sigma=0.0, host=dna07, nav=1024, nbrs=1, l_extern=10000.000, l_parea=0.200, l_nlarea=1.000, l_corr=1.000, l_dist=5.000
using quadratic fit line minimization
complete_dist_mat 0
rms 0
smooth_averages 0
remove_neg 0
ico_order 0
which_surface 0
target_radius 0.000000
nfields 0
scale 0.000000
desired_rms_height -1.000000
momentum 0.950000
nbhd_size -10
max_nbrs 10
niterations 25
nsurfaces 0
SURFACES 3
flags 16 (10)
use curv 16
no sulc 0
no rigid align 0
mris->nsize 1
mris->hemisphere 1
randomSeed 0

tol=5.0e-01, sigma=0.0, host=dna07, nav=1024, nbrs=1, l_extern=10000.000, l_parea=0.200, l_nlarea=1.000, l_corr=1.000, l_dist=5.000
using quadratic fit line minimization
--------------------
1 Reading rh.sulc
tol=1.0e+00, sigma=0.5, host=dna07, nav=1024, nbrs=1, l_extern=10000.000, l_parea=0.200, l_nlarea=1.000, l_corr=0.050, l_spring=0.500, l_dist=5.000
using quadratic fit line minimization
curvature mean = -0.000, std = 5.583
curvature mean = 0.030, std = 0.815
curvature mean = 0.006, std = 0.855
Starting MRISrigidBodyAlignGlobal()
Starting new MRISrigidBodyAlignGlobal_findMinSSE()
  new MRISrigidBodyAlignGlobal_findMinSSE min @ (7.50, -5.50, -1.00) sse = 322855.4, elapsed since starting=0.0677 min
MRISrigidBodyAlignGlobal() done   0.07 min
curvature mean = 0.004, std = 0.829
curvature mean = 0.003, std = 0.945
curvature mean = -0.000, std = 0.838
curvature mean = 0.001, std = 0.977
curvature mean = -0.003, std = 0.839
curvature mean = 0.000, std = 0.991
2 Reading smoothwm
curvature mean = -0.026, std = 0.272
curvature mean = 0.037, std = 0.241
curvature mean = 0.049, std = 0.359
curvature mean = 0.028, std = 0.299
curvature mean = 0.036, std = 0.544
curvature mean = 0.027, std = 0.326
curvature mean = 0.020, std = 0.684
curvature mean = 0.027, std = 0.338
curvature mean = 0.006, std = 0.791
MRISregister() return, current seed 0
-01: dt=0.0000,  30 negative triangles  VmPeak 1610216
122: dt=0.9900,  30 negative triangles
expanding nbhd size to 1
123: dt=0.9900,  32 negative triangles
124: dt=0.9900,  26 negative triangles
125: dt=0.9900,  24 negative triangles
126: dt=0.9900,  26 negative triangles
127: dt=0.9900,  26 negative triangles
128: dt=0.9900,  28 negative triangles
129: dt=0.9900,  26 negative triangles
130: dt=0.9900,  29 negative triangles
131: dt=0.9900,  26 negative triangles
132: dt=0.9900,  27 negative triangles
133: dt=0.9900,  24 negative triangles
134: dt=0.9900,  23 negative triangles
135: dt=0.9900,  23 negative triangles
136: dt=0.9900,  22 negative triangles
137: dt=0.9900,  22 negative triangles
138: dt=0.9900,  22 negative triangles
139: dt=0.9900,  21 negative triangles
140: dt=0.9900,  21 negative triangles
141: dt=0.9900,  21 negative triangles
142: dt=0.9900,  21 negative triangles
143: dt=0.9900,  20 negative triangles
144: dt=0.9900,  20 negative triangles
145: dt=0.9900,  20 negative triangles
146: dt=0.9900,  20 negative triangles
147: dt=0.9900,  19 negative triangles
148: dt=0.9900,  19 negative triangles
149: dt=0.9900,  18 negative triangles
150: dt=0.9900,  17 negative triangles
151: dt=0.9900,  16 negative triangles
152: dt=0.9900,  16 negative triangles
153: dt=0.9900,  16 negative triangles
154: dt=0.9900,  16 negative triangles
155: dt=0.9900,  15 negative triangles
156: dt=0.9900,  15 negative triangles
157: dt=0.9900,  15 negative triangles
158: dt=0.9900,  15 negative triangles
159: dt=0.9900,  14 negative triangles
160: dt=0.9900,  14 negative triangles
161: dt=0.9900,  14 negative triangles
162: dt=0.9900,  13 negative triangles
163: dt=0.9900,  13 negative triangles
164: dt=0.9900,  13 negative triangles
165: dt=0.9900,  12 negative triangles
166: dt=0.9900,  12 negative triangles
167: dt=0.9900,  12 negative triangles
168: dt=0.9900,  12 negative triangles
169: dt=0.9900,  12 negative triangles
170: dt=0.9900,  12 negative triangles
171: dt=0.9900,  11 negative triangles
172: dt=0.9900,  11 negative triangles
173: dt=0.9900,  11 negative triangles
174: dt=0.9900,  11 negative triangles
175: dt=0.9900,  11 negative triangles
176: dt=0.9900,  11 negative triangles
177: dt=0.9900,  11 negative triangles
178: dt=0.9900,  11 negative triangles
179: dt=0.9900,  11 negative triangles
180: dt=0.9900,  11 negative triangles
181: dt=0.9405,  11 negative triangles
182: dt=0.9405,  11 negative triangles
183: dt=0.9405,  11 negative triangles
184: dt=0.9405,  11 negative triangles
185: dt=0.9405,  11 negative triangles
186: dt=0.9405,  11 negative triangles
187: dt=0.9405,  11 negative triangles
188: dt=0.9405,  11 negative triangles
189: dt=0.9405,  11 negative triangles
190: dt=0.9405,  11 negative triangles
191: dt=0.8935,  11 negative triangles
192: dt=0.8935,  11 negative triangles
193: dt=0.8935,  11 negative triangles
194: dt=0.8935,  11 negative triangles
195: dt=0.8935,  11 negative triangles
196: dt=0.8935,  11 negative triangles
197: dt=0.8935,  11 negative triangles
198: dt=0.8935,  10 negative triangles
199: dt=0.8935,  10 negative triangles
200: dt=0.8935,  10 negative triangles
201: dt=0.8935,  10 negative triangles
202: dt=0.8935,  10 negative triangles
203: dt=0.8935,  10 negative triangles
204: dt=0.8935,  10 negative triangles
205: dt=0.8935,  10 negative triangles
206: dt=0.8935,  10 negative triangles
207: dt=0.8935,  10 negative triangles
208: dt=0.8488,  10 negative triangles
209: dt=0.8488,  10 negative triangles
210: dt=0.8488,  10 negative triangles
211: dt=0.8488,  10 negative triangles
212: dt=0.8488,  10 negative triangles
213: dt=0.8488,  10 negative triangles
214: dt=0.8488,   9 negative triangles
215: dt=0.8488,   9 negative triangles
216: dt=0.8488,   9 negative triangles
217: dt=0.8488,   9 negative triangles
218: dt=0.8488,   9 negative triangles
219: dt=0.8488,   9 negative triangles
220: dt=0.8488,   9 negative triangles
221: dt=0.8488,   9 negative triangles
222: dt=0.8488,   8 negative triangles
223: dt=0.8488,   8 negative triangles
224: dt=0.8488,   8 negative triangles
225: dt=0.8488,   8 negative triangles
226: dt=0.8488,   8 negative triangles
227: dt=0.8488,   8 negative triangles
228: dt=0.8488,   8 negative triangles
229: dt=0.8488,   8 negative triangles
230: dt=0.8488,   8 negative triangles
231: dt=0.8488,   8 negative triangles
232: dt=0.8064,   8 negative triangles
233: dt=0.8064,   8 negative triangles
234: dt=0.8064,   8 negative triangles
235: dt=0.8064,   7 negative triangles
236: dt=0.8064,   7 negative triangles
237: dt=0.8064,   7 negative triangles
238: dt=0.8064,   7 negative triangles
239: dt=0.8064,   7 negative triangles
240: dt=0.8064,   7 negative triangles
241: dt=0.8064,   7 negative triangles
242: dt=0.8064,   7 negative triangles
243: dt=0.8064,   7 negative triangles
244: dt=0.8064,   7 negative triangles
245: dt=0.7660,   7 negative triangles
246: dt=0.7660,   7 negative triangles
247: dt=0.7660,   7 negative triangles
248: dt=0.7660,   7 negative triangles
249: dt=0.7660,   7 negative triangles
250: dt=0.7660,   7 negative triangles
251: dt=0.7660,   7 negative triangles
252: dt=0.7660,   7 negative triangles
253: dt=0.7660,   6 negative triangles
254: dt=0.7660,   6 negative triangles
255: dt=0.7660,   6 negative triangles
256: dt=0.7660,   5 negative triangles
257: dt=0.7660,   5 negative triangles
258: dt=0.7660,   5 negative triangles
259: dt=0.7660,   5 negative triangles
260: dt=0.7660,   5 negative triangles
261: dt=0.7660,   5 negative triangles
262: dt=0.7660,   5 negative triangles
263: dt=0.7660,   5 negative triangles
264: dt=0.7660,   5 negative triangles
265: dt=0.7660,   5 negative triangles
266: dt=0.7277,   5 negative triangles
267: dt=0.7277,   5 negative triangles
268: dt=0.7277,   5 negative triangles
269: dt=0.7277,   5 negative triangles
270: dt=0.7277,   5 negative triangles
271: dt=0.7277,   5 negative triangles
272: dt=0.7277,   5 negative triangles
273: dt=0.7277,   5 negative triangles
274: dt=0.7277,   5 negative triangles
275: dt=0.7277,   5 negative triangles
276: dt=0.6914,   5 negative triangles
277: dt=0.6914,   5 negative triangles
278: dt=0.6914,   5 negative triangles
279: dt=0.6914,   5 negative triangles
280: dt=0.6914,   5 negative triangles
281: dt=0.6914,   5 negative triangles
282: dt=0.6914,   5 negative triangles
283: dt=0.6914,   5 negative triangles
284: dt=0.6914,   5 negative triangles
285: dt=0.6914,   5 negative triangles
286: dt=0.6568,   5 negative triangles
287: dt=0.6568,   5 negative triangles
288: dt=0.6568,   5 negative triangles
289: dt=0.6568,   5 negative triangles
290: dt=0.6568,   5 negative triangles
291: dt=0.6568,   5 negative triangles
292: dt=0.6568,   5 negative triangles
293: dt=0.6568,   5 negative triangles
294: dt=0.6568,   5 negative triangles
295: dt=0.6568,   5 negative triangles
296: dt=0.6239,   5 negative triangles
297: dt=0.6239,   5 negative triangles
298: dt=0.6239,   5 negative triangles
299: dt=0.6239,   5 negative triangles
300: dt=0.6239,   5 negative triangles
301: dt=0.6239,   5 negative triangles
302: dt=0.6239,   5 negative triangles
303: dt=0.6239,   5 negative triangles
304: dt=0.6239,   5 negative triangles
305: dt=0.6239,   5 negative triangles
306: dt=0.5927,   5 negative triangles
307: dt=0.5927,   5 negative triangles
308: dt=0.5927,   5 negative triangles
309: dt=0.5927,   5 negative triangles
310: dt=0.5927,   5 negative triangles
311: dt=0.5927,   5 negative triangles
312: dt=0.5927,   5 negative triangles
313: dt=0.5927,   5 negative triangles
314: dt=0.5927,   5 negative triangles
315: dt=0.5927,   5 negative triangles
316: dt=0.5631,   5 negative triangles
317: dt=0.5631,   5 negative triangles
318: dt=0.5631,   5 negative triangles
319: dt=0.5631,   5 negative triangles
320: dt=0.5631,   5 negative triangles
321: dt=0.5631,   5 negative triangles
322: dt=0.5631,   5 negative triangles
323: dt=0.5631,   5 negative triangles
324: dt=0.5631,   5 negative triangles
325: dt=0.5631,   5 negative triangles
326: dt=0.5350,   5 negative triangles
327: dt=0.5350,   4 negative triangles
328: dt=0.5350,   4 negative triangles
329: dt=0.5350,   4 negative triangles
330: dt=0.5350,   4 negative triangles
331: dt=0.5350,   4 negative triangles
332: dt=0.5350,   4 negative triangles
333: dt=0.5350,   4 negative triangles
334: dt=0.5350,   4 negative triangles
335: dt=0.5350,   4 negative triangles
336: dt=0.5350,   3 negative triangles
337: dt=0.5350,   3 negative triangles
338: dt=0.5350,   3 negative triangles
339: dt=0.5350,   3 negative triangles
340: dt=0.5350,   3 negative triangles
341: dt=0.5350,   3 negative triangles
342: dt=0.5350,   3 negative triangles
343: dt=0.5350,   3 negative triangles
344: dt=0.5350,   3 negative triangles
345: dt=0.5350,   3 negative triangles
346: dt=0.5082,   3 negative triangles
347: dt=0.5082,   3 negative triangles
348: dt=0.5082,   3 negative triangles
349: dt=0.5082,   3 negative triangles
350: dt=0.5082,   3 negative triangles
351: dt=0.5082,   3 negative triangles
352: dt=0.5082,   3 negative triangles
353: dt=0.5082,   3 negative triangles
354: dt=0.5082,   3 negative triangles
355: dt=0.5082,   3 negative triangles
356: dt=0.4828,   3 negative triangles
357: dt=0.4828,   3 negative triangles
358: dt=0.4828,   3 negative triangles
359: dt=0.4828,   3 negative triangles
360: dt=0.4828,   3 negative triangles
361: dt=0.4828,   3 negative triangles
362: dt=0.4828,   3 negative triangles
363: dt=0.4828,   3 negative triangles
364: dt=0.4828,   3 negative triangles
365: dt=0.4828,   2 negative triangles
366: dt=0.4828,   2 negative triangles
367: dt=0.4828,   2 negative triangles
368: dt=0.4828,   2 negative triangles
369: dt=0.4828,   2 negative triangles
370: dt=0.4828,   2 negative triangles
371: dt=0.4828,   2 negative triangles
372: dt=0.4828,   2 negative triangles
373: dt=0.4828,   2 negative triangles
374: dt=0.4828,   2 negative triangles
375: dt=0.4828,   1 negative triangles
writing registered surface to ../surf/rh.sphere.reg...
registration took 0.08 hours
#VMPC# mris_register VmPeak  1610216
FSRUNTIME@ mris_register  0.0776 hours 16 threads

 ln -sf rh.sphere.reg rh.fsaverage.sphere.reg 

#--------------------------------------------
#@# Jacobian white rh Mon Mar  9 12:35:07 CET 2026
/out/sourcedata/freesurfer/sub-v1s21x0050408_ses-1/scripts

 mris_jacobian ../surf/rh.white.preaparc ../surf/rh.sphere.reg ../surf/rh.jacobian_white 

reading surface from ../surf/rh.white.preaparc...
writing curvature file ../surf/rh.jacobian_white
#--------------------------------------------
#@# AvgCurv rh Mon Mar  9 12:35:08 CET 2026
/out/sourcedata/freesurfer/sub-v1s21x0050408_ses-1/scripts

 mrisp_paint -a 5 /opt/freesurfer/average/rh.folding.atlas.acfb40.noaparc.i12.2016-08-02.tif#6 ../surf/rh.sphere.reg ../surf/rh.avg_curv 

averaging curvature patterns 5 times...
reading surface from ../surf/rh.sphere.reg...
reading template parameterization from /opt/freesurfer/average/rh.folding.atlas.acfb40.noaparc.i12.2016-08-02.tif...
writing curvature file to ../surf/rh.avg_curv...
#-----------------------------------------
#@# Cortical Parc rh Mon Mar  9 12:35:09 CET 2026
/out/sourcedata/freesurfer/sub-v1s21x0050408_ses-1/scripts

 mris_ca_label -l ../label/rh.cortex.label -aseg ../mri/aseg.presurf.mgz -seed 1234 sub-v1s21x0050408_ses-1 rh ../surf/rh.sphere.reg /opt/freesurfer/average/rh.DKaparc.atlas.acfb40.noaparc.i12.2016-08-02.gcs ../label/rh.aparc.annot 

setting seed for random number generator to 1234
using ../mri/aseg.presurf.mgz aseg volume to correct midline
7.3.2
  7.3.2
reading atlas from /opt/freesurfer/average/rh.DKaparc.atlas.acfb40.noaparc.i12.2016-08-02.gcs...
reading color table from GCSA file....
average std = 0.7   using min determinant for regularization = 0.004
0 singular and 309 ill-conditioned covariance matrices regularized
input 0: MEAN CURVATURE, flags 0, avgs 5, name mean_curvature
labeling surface...
1157 labels changed using aseg
relabeling using gibbs priors...
000:   2907 changed, 144468 examined...
001:    705 changed, 12740 examined...
002:    187 changed, 4038 examined...
003:     57 changed, 1161 examined...
004:     21 changed, 384 examined...
005:     11 changed, 137 examined...
006:      4 changed, 65 examined...
007:      4 changed, 26 examined...
008:      2 changed, 20 examined...
009:      2 changed, 14 examined...
010:      4 changed, 14 examined...
011:      1 changed, 18 examined...
012:      1 changed, 8 examined...
013:      0 changed, 6 examined...
174 labels changed using aseg
000: 76 total segments, 37 labels (161 vertices) changed
001: 39 total segments, 0 labels (0 vertices) changed
10 filter iterations complete (10 requested, 3 changed)
rationalizing unknown annotations with cortex label
relabeling unknown label...
relabeling corpuscallosum label...
1500 vertices marked for relabeling...
1500 labels changed in reclassification.
writing output to ../label/rh.aparc.annot...
classification took 0 minutes and 7 seconds.
#--------------------------------------------
#@# WhiteSurfs rh Mon Mar  9 12:35:15 CET 2026
cd /out/sourcedata/freesurfer/sub-v1s21x0050408_ses-1/mri
mris_place_surface --adgws-in ../surf/autodet.gw.stats.rh.dat --seg aseg.presurf.mgz --threads 16 --wm wm.mgz --invol brain.finalsurfs.mgz --rh --i ../surf/rh.white.preaparc --o ../surf/rh.white --white --nsmooth 0 --rip-label ../label/rh.cortex.label --rip-bg --rip-surf ../surf/rh.white.preaparc --aparc ../label/rh.aparc.annot
7.3.2
7.3.2

cd /out/sourcedata/freesurfer/sub-v1s21x0050408_ses-1/mri
setenv SUBJECTS_DIR /out/sourcedata/freesurfer
mris_place_surface --adgws-in ../surf/autodet.gw.stats.rh.dat --seg aseg.presurf.mgz --threads 16 --wm wm.mgz --invol brain.finalsurfs.mgz --rh --i ../surf/rh.white.preaparc --o ../surf/rh.white --white --nsmooth 0 --rip-label ../label/rh.cortex.label --rip-bg --rip-surf ../surf/rh.white.preaparc --aparc ../label/rh.aparc.annot 

Reading in input surface ../surf/rh.white.preaparc
Not smoothing input surface
Area    288932  0.34719  0.12247 0.000735   1.8603
Corner  866796 60.00000 13.93227 0.214728 178.7920
Edge    433398  0.90717  0.20150 0.009820   3.4538
Hinge   433398 10.45547 12.09102 0.000102 179.9930
Reading in aparc ../label/rh.aparc.annot
Reading in input volume brain.finalsurfs.mgz
Reading in wm volume wm.mgz
MRIclipBrightWM(): nthresh=19821, wmmin=5, clip=110 
MRIfindBrightNonWM(): 4504 bright non-wm voxels segmented.
Masking bright non-wm for white surface
MRImask(): AllowDiffGeom = 1
MRImask(): AllowDiffGeom = 1
Reading in seg volume aseg.presurf.mgz
Ripping frozen voxels
Ripping vertices not in label ../label/rh.cortex.label
MRISripNotLabel() ripped 8548/144468 vertices (135920 unripped)
Reading in ripping surface ../surf/rh.white.preaparc
Reading in aparc ../label/rh.aparc.annot for ripsurf
Ripping BG
MRISripBasalGanglia(): 1 -2 2 0.5 ripped 501
Ripping segs (eg, WMSA, BG, frozen)
Starting MRISripSegs() d = (-2 2 0.5) segnos: 247 
MRISripSegs(): -2 2 0.5 ripped 0
vertex 72234: xyz = (15.7069,-7.21916,83.4643) oxyz = (15.7069,-7.21916,83.4643) wxzy = (15.7069,-7.21916,83.4643) pxyz = (0,0,0) 
CBVO Creating mask 144468
n_averages 4
Iteration 0 =========================================
n_averages=4, current_sigma=2
Computing target border values 
Entering MRIScomputeBorderValues_new(): 
  inside_hi   = 120.0000000;
  border_hi   = 109.7693250;
  border_low  =  71.0000000;
  outside_low =  60.8099750;
  outside_hi  = 109.7693250;
  sigma = 2;
  max_thickness = 10;
  step_size=0.5;
  STEP_SIZE=0.1;
  which = 1
  thresh = 0
  flags = 0
  CBVfindFirstPeakD1=0
  CBVfindFirstPeakD2=0
  nvertices=144468
  Gdiag_no=-1
  vno start=0, stop=144468
Replacing 255s with 0s
#SI# sigma=2 had to be increased for 265 vertices, nripped=9049
mean border=82.5, 145 (145) missing vertices, mean dist 0.3 [0.7 (%19.8)->0.5 (%80.2))]
%68 local maxima, %25 large gradients and % 0 min vals, 0 gradients ignored
nFirstPeakD1 0
MRIScomputeBorderValues_new() finished in 0.0110 min


Finding expansion regions
mean absolute distance = 0.56 +- 0.89
4136 vertices more than 2 sigmas from mean.
Averaging target values for 5 iterations...
Positioning Surface: tspring = 0.3, nspring = 0.3, spring = 0, niters = 100 l_repulse = 5, l_surf_repulse = 0, checktol = 0
Positioning pial surface
Entering MRISpositionSurface()
  max_mm = 0.3
  MAX_REDUCTIONS = 2, REDUCTION_PCT = 0.5
  parms->check_tol = 0, niterations = 100
tol=1.0e-04, sigma=2.0, host=dna07, nav=4, nbrs=2, l_repulse=5.000, l_tspring=0.300, l_nspring=0.300, l_intensity=0.200, l_curv=1.000
mom=0.00, dt=0.50
complete_dist_mat 0
rms 0
smooth_averages 0
remove_neg 0
ico_order 0
which_surface 0
target_radius 0.000000
nfields 0
scale 0.000000
desired_rms_height 0.000000
momentum 0.000000
nbhd_size 0
max_nbrs 0
niterations 100
nsurfaces 0
SURFACES 3
flags 0 (0)
use curv 0
no sulc 0
no rigid align 0
mris->nsize 2
mris->hemisphere 1
randomSeed 0

000: dt: 0.0000, sse=1211650.9, rms=6.065
001: dt: 0.5000, sse=619763.2, rms=3.890 (35.867%)
002: dt: 0.5000, sse=459357.7, rms=3.033 (22.015%)
003: dt: 0.5000, sse=432209.0, rms=2.858 (5.765%)
004: dt: 0.5000, sse=400864.4, rms=2.640 (7.653%)
rms = 2.7087/2.6397, sse=413153.2/400864.4, time step reduction 1 of 3 to 0.250  0 1 1
   RMS increased, rejecting step
005: dt: 0.2500, sse=319268.6, rms=1.974 (25.210%)
006: dt: 0.2500, sse=289232.3, rms=1.663 (15.786%)
007: dt: 0.2500, sse=280367.6, rms=1.553 (6.589%)
008: dt: 0.2500, sse=275315.5, rms=1.482 (4.573%)
rms = 1.4577/1.4820, sse=273835.4/275315.5, time step reduction 2 of 3 to 0.125  0 0 1
009: dt: 0.2500, sse=273835.4, rms=1.458 (1.639%)
010: dt: 0.1250, sse=268670.4, rms=1.384 (5.024%)
rms = 1.3673/1.3845, sse=267616.9/268670.4, time step reduction 3 of 3 to 0.062  0 0 1
011: dt: 0.1250, sse=267616.9, rms=1.367 (1.243%)
  maximum number of reductions reached, breaking from loop
positioning took 1.0 minutes
Iteration 1 =========================================
n_averages=2, current_sigma=1
Computing target border values 
Entering MRIScomputeBorderValues_new(): 
  inside_hi   = 120.0000000;
  border_hi   = 109.7693250;
  border_low  =  71.0000000;
  outside_low =  60.8099750;
  outside_hi  = 109.7693250;
  sigma = 1;
  max_thickness = 10;
  step_size=0.5;
  STEP_SIZE=0.1;
  which = 1
  thresh = 0
  flags = 0
  CBVfindFirstPeakD1=0
  CBVfindFirstPeakD2=0
  nvertices=144468
  Gdiag_no=-1
  vno start=0, stop=144468
Replacing 255s with 0s
#SI# sigma=1 had to be increased for 248 vertices, nripped=9049
mean border=84.8, 149 (19) missing vertices, mean dist -0.2 [0.4 (%69.1)->0.3 (%30.9))]
%77 local maxima, %17 large gradients and % 0 min vals, 0 gradients ignored
nFirstPeakD1 0
MRIScomputeBorderValues_new() finished in 0.0080 min


Finding expansion regions
mean absolute distance = 0.38 +- 0.67
4541 vertices more than 2 sigmas from mean.
Averaging target values for 5 iterations...
Positioning Surface: tspring = 0.3, nspring = 0.3, spring = 0, niters = 100 l_repulse = 5, l_surf_repulse = 0, checktol = 0
Positioning pial surface
Entering MRISpositionSurface()
  max_mm = 0.3
  MAX_REDUCTIONS = 2, REDUCTION_PCT = 0.5
  parms->check_tol = 0, niterations = 100
tol=1.0e-04, sigma=1.0, host=dna07, nav=2, nbrs=2, l_repulse=5.000, l_tspring=0.300, l_nspring=0.300, l_intensity=0.200, l_curv=1.000
mom=0.00, dt=0.50
000: dt: 0.0000, sse=578197.4, rms=3.579
012: dt: 0.5000, sse=389264.8, rms=2.402 (32.902%)
013: dt: 0.5000, sse=371085.1, rms=2.273 (5.356%)
rms = 2.3360/2.2729, sse=385969.6/371085.1, time step reduction 1 of 3 to 0.250  0 1 1
   RMS increased, rejecting step
014: dt: 0.2500, sse=308183.5, rms=1.674 (26.353%)
015: dt: 0.2500, sse=283829.3, rms=1.354 (19.100%)
016: dt: 0.2500, sse=278969.1, rms=1.272 (6.069%)
017: dt: 0.2500, sse=273924.9, rms=1.219 (4.140%)
rms = 1.2052/1.2194, sse=272633.2/273924.9, time step reduction 2 of 3 to 0.125  0 0 1
018: dt: 0.2500, sse=272633.2, rms=1.205 (1.168%)
019: dt: 0.1250, sse=268234.8, rms=1.124 (6.754%)
rms = 1.1118/1.1238, sse=268631.1/268234.8, time step reduction 3 of 3 to 0.062  0 1 1
020: dt: 0.1250, sse=268631.1, rms=1.112 (1.061%)
  maximum number of reductions reached, breaking from loop
positioning took 0.8 minutes
Iteration 2 =========================================
n_averages=1, current_sigma=0.5
Computing target border values 
Entering MRIScomputeBorderValues_new(): 
  inside_hi   = 120.0000000;
  border_hi   = 109.7693250;
  border_low  =  71.0000000;
  outside_low =  60.8099750;
  outside_hi  = 109.7693250;
  sigma = 0.5;
  max_thickness = 10;
  step_size=0.5;
  STEP_SIZE=0.1;
  which = 1
  thresh = 0
  flags = 0
  CBVfindFirstPeakD1=0
  CBVfindFirstPeakD2=0
  nvertices=144468
  Gdiag_no=-1
  vno start=0, stop=144468
Replacing 255s with 0s
#SI# sigma=0.5 had to be increased for 247 vertices, nripped=9049
mean border=86.2, 179 (9) missing vertices, mean dist -0.1 [0.3 (%63.4)->0.3 (%36.6))]
%81 local maxima, %12 large gradients and % 0 min vals, 0 gradients ignored
nFirstPeakD1 0
MRIScomputeBorderValues_new() finished in 0.0047 min


Finding expansion regions
mean absolute distance = 0.31 +- 0.53
4331 vertices more than 2 sigmas from mean.
Averaging target values for 5 iterations...
Positioning Surface: tspring = 0.3, nspring = 0.3, spring = 0, niters = 100 l_repulse = 5, l_surf_repulse = 0, checktol = 0
Positioning pial surface
Entering MRISpositionSurface()
  max_mm = 0.3
  MAX_REDUCTIONS = 2, REDUCTION_PCT = 0.5
  parms->check_tol = 0, niterations = 100
tol=1.0e-04, sigma=0.5, host=dna07, nav=1, nbrs=2, l_repulse=5.000, l_tspring=0.300, l_nspring=0.300, l_intensity=0.200, l_curv=1.000
mom=0.00, dt=0.50
000: dt: 0.0000, sse=373963.1, rms=2.317
021: dt: 0.5000, sse=338043.1, rms=1.981 (14.497%)
rms = 2.0315/1.9808, sse=340290.1/338043.1, time step reduction 1 of 3 to 0.250  0 1 1
   RMS increased, rejecting step
022: dt: 0.2500, sse=286589.3, rms=1.447 (26.938%)
023: dt: 0.2500, sse=269888.9, rms=1.173 (18.934%)
rms = 1.1361/1.1732, sse=265013.4/269888.9, time step reduction 2 of 3 to 0.125  0 0 1
024: dt: 0.2500, sse=265013.4, rms=1.136 (3.164%)
025: dt: 0.1250, sse=258302.9, rms=1.023 (9.964%)
rms = 1.0082/1.0229, sse=257861.5/258302.9, time step reduction 3 of 3 to 0.062  0 0 1
026: dt: 0.1250, sse=257861.5, rms=1.008 (1.435%)
  maximum number of reductions reached, breaking from loop
positioning took 0.5 minutes
Iteration 3 =========================================
n_averages=0, current_sigma=0.25
Computing target border values 
Entering MRIScomputeBorderValues_new(): 
  inside_hi   = 120.0000000;
  border_hi   = 109.7693250;
  border_low  =  71.0000000;
  outside_low =  60.8099750;
  outside_hi  = 109.7693250;
  sigma = 0.25;
  max_thickness = 10;
  step_size=0.5;
  STEP_SIZE=0.1;
  which = 1
  thresh = 0
  flags = 0
  CBVfindFirstPeakD1=0
  CBVfindFirstPeakD2=0
  nvertices=144468
  Gdiag_no=-1
  vno start=0, stop=144468
Replacing 255s with 0s
#SI# sigma=0.25 had to be increased for 265 vertices, nripped=9049
mean border=86.7, 241 (6) missing vertices, mean dist -0.1 [0.3 (%54.6)->0.3 (%45.4))]
%84 local maxima, %10 large gradients and % 0 min vals, 0 gradients ignored
nFirstPeakD1 0
MRIScomputeBorderValues_new() finished in 0.0032 min


Finding expansion regions
mean absolute distance = 0.29 +- 0.46
4045 vertices more than 2 sigmas from mean.
Averaging target values for 5 iterations...
Positioning Surface: tspring = 0.3, nspring = 0.3, spring = 0, niters = 100 l_repulse = 5, l_surf_repulse = 0, checktol = 0
Positioning pial surface
Entering MRISpositionSurface()
  max_mm = 0.3
  MAX_REDUCTIONS = 2, REDUCTION_PCT = 0.5
  parms->check_tol = 0, niterations = 100
tol=1.0e-04, sigma=0.2, host=dna07, nav=0, nbrs=2, l_repulse=5.000, l_tspring=0.300, l_nspring=0.300, l_intensity=0.200, l_curv=1.000
mom=0.00, dt=0.50
000: dt: 0.0000, sse=283376.0, rms=1.438
rms = 1.4541/1.4377, sse=295534.9/283376.0, time step reduction 1 of 3 to 0.250  0 1 1
   RMS increased, rejecting step
027: dt: 0.2500, sse=260710.3, rms=1.095 (23.854%)
028: dt: 0.2500, sse=251656.6, rms=0.893 (18.393%)
rms = 0.9406/0.8934, sse=255872.6/251656.6, time step reduction 2 of 3 to 0.125  0 1 1
   RMS increased, rejecting step
rms = 0.8560/0.8934, sse=249595.9/251656.6, time step reduction 3 of 3 to 0.062  0 0 1
029: dt: 0.1250, sse=249595.9, rms=0.856 (4.185%)
  maximum number of reductions reached, breaking from loop
positioning took 0.4 minutes


Writing output to ../surf/rh.white
#ET# mris_place_surface  2.69 minutes
#VMPC# mris_place_surfaces VmPeak  3159680
mris_place_surface done
#--------------------------------------------
#@# T1PialSurf rh Mon Mar  9 12:38:02 CET 2026
cd /out/sourcedata/freesurfer/sub-v1s21x0050408_ses-1/mri
mris_place_surface --adgws-in ../surf/autodet.gw.stats.rh.dat --seg aseg.presurf.mgz --threads 16 --wm wm.mgz --invol brain.finalsurfs.mgz --rh --i ../surf/rh.white --o ../surf/rh.pial.T1 --pial --nsmooth 0 --rip-label ../label/rh.cortex+hipamyg.label --pin-medial-wall ../label/rh.cortex.label --aparc ../label/rh.aparc.annot --repulse-surf ../surf/rh.white --white-surf ../surf/rh.white
7.3.2
7.3.2

cd /out/sourcedata/freesurfer/sub-v1s21x0050408_ses-1/mri
setenv SUBJECTS_DIR /out/sourcedata/freesurfer
mris_place_surface --adgws-in ../surf/autodet.gw.stats.rh.dat --seg aseg.presurf.mgz --threads 16 --wm wm.mgz --invol brain.finalsurfs.mgz --rh --i ../surf/rh.white --o ../surf/rh.pial.T1 --pial --nsmooth 0 --rip-label ../label/rh.cortex+hipamyg.label --pin-medial-wall ../label/rh.cortex.label --aparc ../label/rh.aparc.annot --repulse-surf ../surf/rh.white --white-surf ../surf/rh.white 

Reading in input surface ../surf/rh.white
Not smoothing input surface
Area    288932  0.35346  0.14647 0.000518   2.2996
Corner  866796 60.00000 16.08599 0.174271 179.6506
Edge    433398  0.91844  0.23555 0.011888   4.1237
Hinge   433398 10.65356 12.48599 0.000118 179.7581
Reading white surface coordinates from ../surf/rh.white
Reading repulsion surface coordinates from ../surf/rh.white
Reading in aparc ../label/rh.aparc.annot
Reading in input volume brain.finalsurfs.mgz
Reading in wm volume wm.mgz
MRIclipBrightWM(): nthresh=19821, wmmin=5, clip=110 
MRIfindBrightNonWM(): 4504 bright non-wm voxels segmented.
Masking bright non-wm for pial surface mid_gray = 67.3303
MRImask(): AllowDiffGeom = 1
MRImask(): AllowDiffGeom = 1
MRImask(): AllowDiffGeom = 1
Reading in seg volume aseg.presurf.mgz
Ripping frozen voxels
Ripping vertices not in label ../label/rh.cortex+hipamyg.label
MRISripNotLabel() ripped 6118/144468 vertices (138350 unripped)
INFO: rip surface needed but not specified, so using input surface
Ripping segs (eg, WMSA, BG, frozen)
Starting MRISripSegs() d = (-2 2 0.5) segnos: 247 
MRISripSegs(): -2 2 0.5 ripped 0
vertex 72234: xyz = (15.7157,-7.23798,83.4723) oxyz = (15.7157,-7.23798,83.4723) wxzy = (15.7157,-7.23798,83.4723) pxyz = (15.7157,-7.23798,83.4723) 
CBVO Creating mask 144468
n_averages 16
Iteration 0 =========================================
n_averages=16, current_sigma=2
Computing target border values 
Entering MRIScomputeBorderValues_new(): 
  inside_hi   =  94.2306750;
  border_hi   =  60.8099750;
  border_low  =  40.4299280;
  outside_low =  10.0000000;
  outside_hi  =  55.7149620;
  sigma = 2;
  max_thickness = 10;
  step_size=0.5;
  STEP_SIZE=0.1;
  which = 2
  thresh = 0
  flags = 0
  CBVfindFirstPeakD1=0
  CBVfindFirstPeakD2=0
  nvertices=144468
  Gdiag_no=-1
  vno start=0, stop=144468
Replacing 255s with 0s
#SI# sigma=2 had to be increased for 367 vertices, nripped=6118
mean border=60.1, 222 (222) missing vertices, mean dist 1.5 [0.0 (%0.0)->3.1 (%100.0))]
%10 local maxima, %36 large gradients and %49 min vals, 0 gradients ignored
nFirstPeakD1 0
MRIScomputeBorderValues_new() finished in 0.0108 min


Averaging target values for 5 iterations...
Positioning Surface: tspring = 0.3, nspring = 0.3, spring = 0, niters = 100 l_repulse = 0, l_surf_repulse = 5, checktol = 0
Positioning pial surface
Entering MRISpositionSurface()
  max_mm = 0.3
  MAX_REDUCTIONS = 2, REDUCTION_PCT = 0.5
  parms->check_tol = 0, niterations = 100
tol=1.0e-04, sigma=2.0, host=dna07, nav=16, nbrs=2, l_surf_repulse=5.000, l_tspring=0.300, l_nspring=0.300, l_intensity=0.200, l_curv=1.000
mom=0.00, dt=0.50
complete_dist_mat 0
rms 0
smooth_averages 0
remove_neg 0
ico_order 0
which_surface 0
target_radius 0.000000
nfields 0
scale 0.000000
desired_rms_height 0.000000
momentum 0.000000
nbhd_size 0
max_nbrs 0
niterations 100
nsurfaces 0
SURFACES 3
flags 0 (0)
use curv 0
no sulc 0
no rigid align 0
mris->nsize 2
mris->hemisphere 1
randomSeed 0

000: dt: 0.0000, sse=20950472.0, rms=27.393
001: dt: 0.5000, sse=14720884.0, rms=22.910 (16.367%)
002: dt: 0.5000, sse=10258810.0, rms=19.060 (16.806%)
003: dt: 0.5000, sse=7372103.5, rms=16.083 (15.616%)
004: dt: 0.5000, sse=5597380.5, rms=13.939 (13.329%)
005: dt: 0.5000, sse=4479118.5, rms=12.398 (11.055%)
006: dt: 0.5000, sse=3704901.8, rms=11.206 (9.616%)
007: dt: 0.5000, sse=3111822.8, rms=10.197 (9.003%)
008: dt: 0.5000, sse=2635236.5, rms=9.306 (8.742%)
009: dt: 0.5000, sse=2239325.0, rms=8.493 (8.731%)
010: dt: 0.5000, sse=1921216.2, rms=7.778 (8.424%)
011: dt: 0.5000, sse=1654213.9, rms=7.121 (8.442%)
012: dt: 0.5000, sse=1447639.5, rms=6.567 (7.787%)
013: dt: 0.5000, sse=1285025.8, rms=6.094 (7.200%)
014: dt: 0.5000, sse=1167007.5, rms=5.725 (6.058%)
015: dt: 0.5000, sse=1078310.0, rms=5.429 (5.157%)
016: dt: 0.5000, sse=1014937.0, rms=5.207 (4.095%)
017: dt: 0.5000, sse=972756.1, rms=5.052 (2.983%)
018: dt: 0.5000, sse=939794.2, rms=4.926 (2.484%)
019: dt: 0.5000, sse=918134.7, rms=4.841 (1.741%)
020: dt: 0.5000, sse=899688.5, rms=4.766 (1.546%)
rms = 4.7210/4.7658, sse=889127.0/899688.5, time step reduction 1 of 3 to 0.250  0 0 1
021: dt: 0.5000, sse=889126.9, rms=4.721 (0.941%)
022: dt: 0.2500, sse=799222.4, rms=4.346 (7.945%)
023: dt: 0.2500, sse=774942.8, rms=4.240 (2.428%)
rms = 4.2486/4.2404, sse=777462.3/774942.8, time step reduction 2 of 3 to 0.125  0 1 1
   RMS increased, rejecting step
rms = 4.1912/4.2404, sse=763790.0/774942.8, time step reduction 3 of 3 to 0.062  0 0 1
024: dt: 0.1250, sse=763790.0, rms=4.191 (1.160%)
  maximum number of reductions reached, breaking from loop
positioning took 1.9 minutes
Iteration 1 =========================================
n_averages=8, current_sigma=1
Computing target border values 
Entering MRIScomputeBorderValues_new(): 
  inside_hi   =  94.2306750;
  border_hi   =  60.8099750;
  border_low  =  40.4299280;
  outside_low =  10.0000000;
  outside_hi  =  55.7149620;
  sigma = 1;
  max_thickness = 10;
  step_size=0.5;
  STEP_SIZE=0.1;
  which = 2
  thresh = 0
  flags = 0
  CBVfindFirstPeakD1=0
  CBVfindFirstPeakD2=0
  nvertices=144468
  Gdiag_no=-1
  vno start=0, stop=144468
Replacing 255s with 0s
#SI# sigma=1 had to be increased for 14506 vertices, nripped=6118
mean border=59.0, 2505 (57) missing vertices, mean dist 0.2 [0.2 (%45.3)->0.9 (%54.7))]
%18 local maxima, %31 large gradients and %45 min vals, 0 gradients ignored
nFirstPeakD1 0
MRIScomputeBorderValues_new() finished in 0.0035 min


Averaging target values for 5 iterations...
Positioning Surface: tspring = 0.3, nspring = 0.3, spring = 0, niters = 100 l_repulse = 0, l_surf_repulse = 5, checktol = 0
Positioning pial surface
Entering MRISpositionSurface()
  max_mm = 0.3
  MAX_REDUCTIONS = 2, REDUCTION_PCT = 0.5
  parms->check_tol = 0, niterations = 100
tol=1.0e-04, sigma=1.0, host=dna07, nav=8, nbrs=2, l_surf_repulse=5.000, l_tspring=0.300, l_nspring=0.300, l_intensity=0.200, l_curv=1.000
mom=0.00, dt=0.50
000: dt: 0.0000, sse=973410.5, rms=4.735
rms = 4.7600/4.7347, sse=979605.1/973410.5, time step reduction 1 of 3 to 0.250  0 1 1
   RMS increased, rejecting step
025: dt: 0.2500, sse=908956.6, rms=4.478 (5.421%)
026: dt: 0.2500, sse=869335.1, rms=4.312 (3.713%)
rms = 4.2654/4.3118, sse=858273.2/869335.1, time step reduction 2 of 3 to 0.125  0 0 1
027: dt: 0.2500, sse=858273.1, rms=4.265 (1.076%)
028: dt: 0.1250, sse=819541.4, rms=4.094 (4.027%)
029: dt: 0.1250, sse=807485.1, rms=4.039 (1.325%)
rms = 4.0186/4.0394, sse=802971.7/807485.1, time step reduction 3 of 3 to 0.062  0 0 1
030: dt: 0.1250, sse=802971.8, rms=4.019 (0.516%)
  maximum number of reductions reached, breaking from loop
positioning took 0.5 minutes
Iteration 2 =========================================
n_averages=4, current_sigma=0.5
Computing target border values 
Entering MRIScomputeBorderValues_new(): 
  inside_hi   =  94.2306750;
  border_hi   =  60.8099750;
  border_low  =  40.4299280;
  outside_low =  10.0000000;
  outside_hi  =  55.7149620;
  sigma = 0.5;
  max_thickness = 10;
  step_size=0.5;
  STEP_SIZE=0.1;
  which = 2
  thresh = 0
  flags = 0
  CBVfindFirstPeakD1=0
  CBVfindFirstPeakD2=0
  nvertices=144468
  Gdiag_no=-1
  vno start=0, stop=144468
Replacing 255s with 0s
#SI# sigma=0.5 had to be increased for 16405 vertices, nripped=6118
mean border=58.6, 3295 (46) missing vertices, mean dist 0.2 [0.2 (%43.5)->0.7 (%56.5))]
%25 local maxima, %24 large gradients and %45 min vals, 0 gradients ignored
nFirstPeakD1 0
MRIScomputeBorderValues_new() finished in 0.0020 min


Averaging target values for 5 iterations...
Positioning Surface: tspring = 0.3, nspring = 0.3, spring = 0, niters = 100 l_repulse = 0, l_surf_repulse = 5, checktol = 0
Positioning pial surface
Entering MRISpositionSurface()
  max_mm = 0.3
  MAX_REDUCTIONS = 2, REDUCTION_PCT = 0.5
  parms->check_tol = 0, niterations = 100
tol=1.0e-04, sigma=0.5, host=dna07, nav=4, nbrs=2, l_surf_repulse=5.000, l_tspring=0.300, l_nspring=0.300, l_intensity=0.200, l_curv=1.000
mom=0.00, dt=0.50
000: dt: 0.0000, sse=843403.2, rms=4.184
rms = 4.4087/4.1836, sse=894851.2/843403.2, time step reduction 1 of 3 to 0.250  0 1 1
   RMS increased, rejecting step
031: dt: 0.2500, sse=820648.6, rms=4.083 (2.400%)
rms = 4.0406/4.0832, sse=810456.4/820648.6, time step reduction 2 of 3 to 0.125  0 0 1
032: dt: 0.2500, sse=810456.4, rms=4.041 (1.044%)
033: dt: 0.1250, sse=796838.9, rms=3.977 (1.567%)
rms = 3.9382/3.9773, sse=788129.3/796838.9, time step reduction 3 of 3 to 0.062  0 0 1
034: dt: 0.1250, sse=788129.2, rms=3.938 (0.984%)
  maximum number of reductions reached, breaking from loop
positioning took 0.4 minutes
Iteration 3 =========================================
n_averages=2, current_sigma=0.25
Computing target border values 
Entering MRIScomputeBorderValues_new(): 
  inside_hi   =  94.2306750;
  border_hi   =  60.8099750;
  border_low  =  40.4299280;
  outside_low =  10.0000000;
  outside_hi  =  55.7149620;
  sigma = 0.25;
  max_thickness = 10;
  step_size=0.5;
  STEP_SIZE=0.1;
  which = 2
  thresh = 0
  flags = 0
  CBVfindFirstPeakD1=0
  CBVfindFirstPeakD2=0
  nvertices=144468
  Gdiag_no=-1
  vno start=0, stop=144468
Replacing 255s with 0s
#SI# sigma=0.25 had to be increased for 13739 vertices, nripped=6118
mean border=58.1, 7411 (43) missing vertices, mean dist 0.1 [0.2 (%41.7)->0.5 (%58.3))]
%29 local maxima, %19 large gradients and %43 min vals, 0 gradients ignored
nFirstPeakD1 0
MRIScomputeBorderValues_new() finished in 0.0014 min


Averaging target values for 5 iterations...
Positioning Surface: tspring = 0.3, nspring = 0.3, spring = 0, niters = 100 l_repulse = 0, l_surf_repulse = 5, checktol = 0
Positioning pial surface
Entering MRISpositionSurface()
  max_mm = 0.3
  MAX_REDUCTIONS = 2, REDUCTION_PCT = 0.5
  parms->check_tol = 0, niterations = 100
tol=1.0e-04, sigma=0.2, host=dna07, nav=2, nbrs=2, l_surf_repulse=5.000, l_tspring=0.300, l_nspring=0.300, l_intensity=0.200, l_curv=1.000
mom=0.00, dt=0.50
000: dt: 0.0000, sse=807226.2, rms=4.014
rms = 4.1942/4.0138, sse=844260.0/807226.2, time step reduction 1 of 3 to 0.250  0 1 1
   RMS increased, rejecting step
035: dt: 0.2500, sse=787729.0, rms=3.926 (2.196%)
rms = 3.8810/3.9257, sse=776395.8/787729.0, time step reduction 2 of 3 to 0.125  0 0 1
036: dt: 0.2500, sse=776395.8, rms=3.881 (1.137%)
037: dt: 0.1250, sse=757290.2, rms=3.790 (2.348%)
038: dt: 0.1250, sse=746117.4, rms=3.738 (1.364%)
rms = 3.7155/3.7382, sse=741086.2/746117.4, time step reduction 3 of 3 to 0.062  0 0 1
039: dt: 0.1250, sse=741086.2, rms=3.715 (0.607%)
  maximum number of reductions reached, breaking from loop
positioning took 0.4 minutes
Pinning medial wall to white surface
removing intersecting faces
000: 19 intersecting
001: 7 intersecting
terminating search with 0 intersecting


Writing output to ../surf/rh.pial.T1
#ET# mris_place_surface  3.28 minutes
#VMPC# mris_place_surfaces VmPeak  2443996
mris_place_surface done
#@# white curv rh Mon Mar  9 12:41:23 CET 2026
cd /out/sourcedata/freesurfer/sub-v1s21x0050408_ses-1/mri
mris_place_surface --curv-map ../surf/rh.white 2 10 ../surf/rh.curv
insurf  ../surf/rh.white, nbrs 2, curvature_avgs 10
writing curvature file ../surf/rh.curv
#@# white area rh Mon Mar  9 12:41:24 CET 2026
cd /out/sourcedata/freesurfer/sub-v1s21x0050408_ses-1/mri
mris_place_surface --area-map ../surf/rh.white ../surf/rh.area
writing curvature file ../surf/rh.area
#@# pial curv rh Mon Mar  9 12:41:25 CET 2026
cd /out/sourcedata/freesurfer/sub-v1s21x0050408_ses-1/mri
mris_place_surface --curv-map ../surf/rh.pial 2 10 ../surf/rh.curv.pial
insurf  ../surf/rh.pial, nbrs 2, curvature_avgs 10
writing curvature file ../surf/rh.curv.pial
#@# pial area rh Mon Mar  9 12:41:26 CET 2026
cd /out/sourcedata/freesurfer/sub-v1s21x0050408_ses-1/mri
mris_place_surface --area-map ../surf/rh.pial ../surf/rh.area.pial
writing curvature file ../surf/rh.area.pial
#@# thickness rh Mon Mar  9 12:41:27 CET 2026
cd /out/sourcedata/freesurfer/sub-v1s21x0050408_ses-1/mri
mris_place_surface --thickness ../surf/rh.white ../surf/rh.pial 20 5 ../surf/rh.thickness
0 of 144468 vertices processed
25000 of 144468 vertices processed
50000 of 144468 vertices processed
75000 of 144468 vertices processed
100000 of 144468 vertices processed
125000 of 144468 vertices processed
0 of 144468 vertices processed
25000 of 144468 vertices processed
50000 of 144468 vertices processed
75000 of 144468 vertices processed
100000 of 144468 vertices processed
125000 of 144468 vertices processed
thickness calculation complete, 473:3077 truncations.
57033 vertices at 0 distance
108167 vertices at 1 distance
73501 vertices at 2 distance
29843 vertices at 3 distance
11433 vertices at 4 distance
4657 vertices at 5 distance
2009 vertices at 6 distance
832 vertices at 7 distance
388 vertices at 8 distance
239 vertices at 9 distance
183 vertices at 10 distance
127 vertices at 11 distance
79 vertices at 12 distance
72 vertices at 13 distance
67 vertices at 14 distance
73 vertices at 15 distance
57 vertices at 16 distance
56 vertices at 17 distance
43 vertices at 18 distance
43 vertices at 19 distance
34 vertices at 20 distance
writing curvature file ../surf/rh.thickness
#@# area and vertex vol rh Mon Mar  9 12:41:47 CET 2026
cd /out/sourcedata/freesurfer/sub-v1s21x0050408_ses-1/mri
mris_place_surface --thickness ../surf/rh.white ../surf/rh.pial 20 5 ../surf/rh.thickness
/out/sourcedata/freesurfer/sub-v1s21x0050408_ses-1/surf
mris_calc -o rh.area.mid rh.area add rh.area.pial
Saving result to 'rh.area.mid' (type = MRI_CURV_FILE)                       [ ok ]
mris_calc -o rh.area.mid rh.area.mid div 2
Saving result to 'rh.area.mid' (type = MRI_CURV_FILE)                       [ ok ]
mris_convert --volume sub-v1s21x0050408_ses-1 rh /out/sourcedata/freesurfer/sub-v1s21x0050408_ses-1/surf/rh.volume
masking with /out/sourcedata/freesurfer/sub-v1s21x0050408_ses-1/label/rh.cortex.label
Total face volume 291189
Total vertex volume 290990 (mask=0)
#@# sub-v1s21x0050408_ses-1 rh 290990
 
vertexvol Done

#-----------------------------------------
#@# Curvature Stats rh Mon Mar  9 12:41:48 CET 2026
/out/sourcedata/freesurfer/sub-v1s21x0050408_ses-1/surf

 mris_curvature_stats -m --writeCurvatureFiles -G -o ../stats/rh.curv.stats -F smoothwm sub-v1s21x0050408_ses-1 rh curv sulc 

             Toggling save flag on curvature files                       [ ok ]
                 Outputting results using filestem   [ ../stats/rh.curv.stats ]
             Toggling save flag on curvature files                       [ ok ]
                                   Setting surface [ sub-v1s21x0050408_ses-1/rh.smoothwm ]
                                Reading surface...                       [ ok ]
                                   Setting texture                     [ curv ]
                                Reading texture...                       [ ok ]
                                   Setting texture                     [ sulc ]
                                Reading texture...Gb_filter = 0
                       [ ok ]
      Calculating Discrete Principal Curvatures...
      Determining geometric order for vno faces... [####################] [ ok ]
                      Determining KH curvatures... [####################] [ ok ]
                    Determining k1k2 curvatures... [####################] [ ok ]
                                   deltaViolations                      [ 294 ]
Gb_filter = 0

WARN:    S lookup   min:                          -0.207794
WARN:    S explicit min:                          0.000000	vertex = 163
#-----------------------------------------
#@# Cortical Parc 2 rh Mon Mar  9 12:41:50 CET 2026
/out/sourcedata/freesurfer/sub-v1s21x0050408_ses-1/scripts

 mris_ca_label -l ../label/rh.cortex.label -aseg ../mri/aseg.presurf.mgz -seed 1234 sub-v1s21x0050408_ses-1 rh ../surf/rh.sphere.reg /opt/freesurfer/average/rh.CDaparc.atlas.acfb40.noaparc.i12.2016-08-02.gcs ../label/rh.aparc.a2009s.annot 

setting seed for random number generator to 1234
using ../mri/aseg.presurf.mgz aseg volume to correct midline
7.3.2
  7.3.2
reading atlas from /opt/freesurfer/average/rh.CDaparc.atlas.acfb40.noaparc.i12.2016-08-02.gcs...
reading color table from GCSA file....
average std = 1.4   using min determinant for regularization = 0.021
0 singular and 0 ill-conditioned covariance matrices regularized
input 0: MEAN CURVATURE, flags 0, avgs 5, name mean_curvature
labeling surface...
39 labels changed using aseg
relabeling using gibbs priors...
000:   9662 changed, 144468 examined...
001:   2176 changed, 37237 examined...
002:    620 changed, 11684 examined...
003:    247 changed, 3610 examined...
004:    117 changed, 1415 examined...
005:     66 changed, 710 examined...
006:     42 changed, 379 examined...
007:     27 changed, 242 examined...
008:      9 changed, 158 examined...
009:      7 changed, 51 examined...
010:      8 changed, 40 examined...
011:      4 changed, 43 examined...
012:      4 changed, 19 examined...
013:      2 changed, 19 examined...
014:      0 changed, 11 examined...
22 labels changed using aseg
000: 250 total segments, 164 labels (2765 vertices) changed
001: 97 total segments, 11 labels (69 vertices) changed
002: 86 total segments, 0 labels (0 vertices) changed
10 filter iterations complete (10 requested, 31 changed)
rationalizing unknown annotations with cortex label
relabeling Medial_wall label...
990 vertices marked for relabeling...
990 labels changed in reclassification.
writing output to ../label/rh.aparc.a2009s.annot...
classification took 0 minutes and 10 seconds.
#-----------------------------------------
#@# Cortical Parc 3 rh Mon Mar  9 12:42:00 CET 2026
/out/sourcedata/freesurfer/sub-v1s21x0050408_ses-1/scripts

 mris_ca_label -l ../label/rh.cortex.label -aseg ../mri/aseg.presurf.mgz -seed 1234 sub-v1s21x0050408_ses-1 rh ../surf/rh.sphere.reg /opt/freesurfer/average/rh.DKTaparc.atlas.acfb40.noaparc.i12.2016-08-02.gcs ../label/rh.aparc.DKTatlas.annot 

setting seed for random number generator to 1234
using ../mri/aseg.presurf.mgz aseg volume to correct midline
7.3.2
  7.3.2
reading atlas from /opt/freesurfer/average/rh.DKTaparc.atlas.acfb40.noaparc.i12.2016-08-02.gcs...
reading color table from GCSA file....
average std = 0.9   using min determinant for regularization = 0.009
0 singular and 325 ill-conditioned covariance matrices regularized
input 0: MEAN CURVATURE, flags 0, avgs 5, name mean_curvature
labeling surface...
1711 labels changed using aseg
relabeling using gibbs priors...
000:   2163 changed, 144468 examined...
001:    510 changed, 9903 examined...
002:    177 changed, 2884 examined...
003:     91 changed, 1022 examined...
004:     55 changed, 494 examined...
005:     18 changed, 305 examined...
006:      8 changed, 110 examined...
007:      8 changed, 52 examined...
008:      2 changed, 38 examined...
009:      2 changed, 14 examined...
010:      1 changed, 10 examined...
011:      0 changed, 7 examined...
309 labels changed using aseg
000: 45 total segments, 12 labels (134 vertices) changed
001: 33 total segments, 0 labels (0 vertices) changed
10 filter iterations complete (10 requested, 3 changed)
rationalizing unknown annotations with cortex label
relabeling unknown label...
relabeling corpuscallosum label...
814 vertices marked for relabeling...
814 labels changed in reclassification.
writing output to ../label/rh.aparc.DKTatlas.annot...
classification took 0 minutes and 8 seconds.
#-----------------------------------------
#@# WM/GM Contrast rh Mon Mar  9 12:42:08 CET 2026
/out/sourcedata/freesurfer/sub-v1s21x0050408_ses-1/scripts

 pctsurfcon --s sub-v1s21x0050408_ses-1 --rh-only 

Log file is /out/sourcedata/freesurfer/sub-v1s21x0050408_ses-1/scripts/pctsurfcon.log
Mon Mar  9 12:42:08 CET 2026
setenv SUBJECTS_DIR /out/sourcedata/freesurfer
cd /out/sourcedata/freesurfer/sub-v1s21x0050408_ses-1/scripts
/opt/freesurfer/bin/pctsurfcon
pctsurfcon 7.3.2
Linux dna078 5.14.0-427.37.1.el9_4.x86_64 #1 SMP PREEMPT_DYNAMIC Fri Sep 13 12:41:50 EDT 2024 x86_64 x86_64 x86_64 GNU/Linux
FREESURFER_HOME /opt/freesurfer
mri_vol2surf --mov /out/sourcedata/freesurfer/sub-v1s21x0050408_ses-1/mri/rawavg.mgz --hemi rh --noreshape --interp trilinear --projdist -1 --o /out/sourcedata/freesurfer/sub-v1s21x0050408_ses-1/surf/tmp.pctsurfcon.3492836/rh.wm.mgh --regheader sub-v1s21x0050408_ses-1 --cortex
srcvol = /out/sourcedata/freesurfer/sub-v1s21x0050408_ses-1/mri/rawavg.mgz
srcreg unspecified
srcregold = 0
srcwarp unspecified
surf = white
hemi = rh
ProjDist = -1
reshape = 0
interp = trilinear
float2int = round
GetProjMax = 0
INFO: float2int code = 0
Done loading volume
Computing registration from header.
  Using /out/sourcedata/freesurfer/sub-v1s21x0050408_ses-1/mri/orig.mgz as target reference.
-------- original matrix -----------
-1.00000   0.00000   0.00000   0.00000;
 0.00000   0.00000   1.00000   0.00000;
 0.00000  -1.00000   0.00000   0.00000;
 0.00000   0.00000   0.00000   1.00000;
-------- original matrix -----------
Loading label /out/sourcedata/freesurfer/sub-v1s21x0050408_ses-1/label/rh.cortex.label
Reading surface /out/sourcedata/freesurfer/sub-v1s21x0050408_ses-1/surf/rh.white
Done reading source surface
Mapping Source Volume onto Source Subject Surface
Projecting -1 -1 1
 1 -1 -1 -1
using old
Done mapping volume to surface
Number of source voxels hit = 74929
Masking with /out/sourcedata/freesurfer/sub-v1s21x0050408_ses-1/label/rh.cortex.label
Writing to /out/sourcedata/freesurfer/sub-v1s21x0050408_ses-1/surf/tmp.pctsurfcon.3492836/rh.wm.mgh
Dim: 144468 1 1
mri_vol2surf --mov /out/sourcedata/freesurfer/sub-v1s21x0050408_ses-1/mri/rawavg.mgz --hemi rh --noreshape --interp trilinear --o /out/sourcedata/freesurfer/sub-v1s21x0050408_ses-1/surf/tmp.pctsurfcon.3492836/rh.gm.mgh --projfrac 0.3 --regheader sub-v1s21x0050408_ses-1 --cortex
srcvol = /out/sourcedata/freesurfer/sub-v1s21x0050408_ses-1/mri/rawavg.mgz
srcreg unspecified
srcregold = 0
srcwarp unspecified
surf = white
hemi = rh
ProjFrac = 0.3
thickness = thickness
reshape = 0
interp = trilinear
float2int = round
GetProjMax = 0
INFO: float2int code = 0
Done loading volume
Computing registration from header.
  Using /out/sourcedata/freesurfer/sub-v1s21x0050408_ses-1/mri/orig.mgz as target reference.
-------- original matrix -----------
-1.00000   0.00000   0.00000   0.00000;
 0.00000   0.00000   1.00000   0.00000;
 0.00000  -1.00000   0.00000   0.00000;
 0.00000   0.00000   0.00000   1.00000;
-------- original matrix -----------
Loading label /out/sourcedata/freesurfer/sub-v1s21x0050408_ses-1/label/rh.cortex.label
Reading surface /out/sourcedata/freesurfer/sub-v1s21x0050408_ses-1/surf/rh.white
Done reading source surface
Reading thickness /out/sourcedata/freesurfer/sub-v1s21x0050408_ses-1/surf/rh.thickness
Done
Mapping Source Volume onto Source Subject Surface
Projecting 0.3 0.3 1
 1 0.3 0.3 0.3
using old
Done mapping volume to surface
Number of source voxels hit = 86560
Masking with /out/sourcedata/freesurfer/sub-v1s21x0050408_ses-1/label/rh.cortex.label
Writing to /out/sourcedata/freesurfer/sub-v1s21x0050408_ses-1/surf/tmp.pctsurfcon.3492836/rh.gm.mgh
Dim: 144468 1 1
mri_concat /out/sourcedata/freesurfer/sub-v1s21x0050408_ses-1/surf/tmp.pctsurfcon.3492836/rh.wm.mgh /out/sourcedata/freesurfer/sub-v1s21x0050408_ses-1/surf/tmp.pctsurfcon.3492836/rh.gm.mgh --paired-diff-norm --mul 100 --o /out/sourcedata/freesurfer/sub-v1s21x0050408_ses-1/surf/rh.w-g.pct.mgh
ninputs = 2
Checking inputs
nframestot = 2
Allocing output
Done allocing
Combining pairs
nframes = 1
Multiplying by 100.000000
Writing to /out/sourcedata/freesurfer/sub-v1s21x0050408_ses-1/surf/rh.w-g.pct.mgh
mri_segstats --in /out/sourcedata/freesurfer/sub-v1s21x0050408_ses-1/surf/rh.w-g.pct.mgh --annot sub-v1s21x0050408_ses-1 rh aparc --sum /out/sourcedata/freesurfer/sub-v1s21x0050408_ses-1/stats/rh.w-g.pct.stats --snr

7.3.2
cwd 
cmdline mri_segstats --in /out/sourcedata/freesurfer/sub-v1s21x0050408_ses-1/surf/rh.w-g.pct.mgh --annot sub-v1s21x0050408_ses-1 rh aparc --sum /out/sourcedata/freesurfer/sub-v1s21x0050408_ses-1/stats/rh.w-g.pct.stats --snr 
sysname  Linux
hostname dna078
machine  x86_64
user     oesteban
whitesurfname  white
UseRobust  0
Constructing seg from annotation

Reading annotation /out/sourcedata/freesurfer/sub-v1s21x0050408_ses-1/label/rh.aparc.annot
Seg base 2000
Loading /out/sourcedata/freesurfer/sub-v1s21x0050408_ses-1/surf/rh.w-g.pct.mgh
Vertex Area is 0.706916 mm^3
Generating list of segmentation ids
Found  36 segmentations
Computing statistics for each segmentation

Reporting on  35 segmentations
Using PrintSegStat
mri_segstats done
Cleaning up

Started at Mon Mar 9 12:15:50 CET 2026 
Ended   at Mon Mar 9 12:42:10 CET 2026
#@#%# recon-all-run-time-hours 0.439
recon-all -s sub-v1s21x0050408_ses-1 finished without error at Mon Mar  9 12:42:10 CET 2026



#New# invocation of recon-all 




Mon Mar  9 12:49:29 CET 2026
cd /out/sourcedata/freesurfer/sub-v1s21x0050408_ses-1
setenv SUBJECTS_DIR /out/sourcedata/freesurfer
/opt/freesurfer/bin/recon-all -autorecon-hemi rh -nohyporelabel -rh-only -openmp 16 -subjid sub-v1s21x0050408_ses-1 -sd /out/sourcedata/freesurfer -notessellate -nosmooth1 -noinflate1 -noqsphere -nofix -nowhite -nosmooth2 -noinflate2 -nocurvHK -nocurvstats -nosphere -nosurfreg -nojacobian_white -noavgcurv -nocortparc -nopial -nocortparc2 -nocortparc3 -nopctsurfcon

subjid sub-v1s21x0050408_ses-1
setenv SUBJECTS_DIR /out/sourcedata/freesurfer
FREESURFER_HOME /opt/freesurfer
Actual FREESURFER_HOME /opt/freesurfer
build-stamp.txt: freesurfer-linux-ubuntu22_x86_64-7.3.2-20220804-6354275
Linux dna078 5.14.0-427.37.1.el9_4.x86_64 #1 SMP PREEMPT_DYNAMIC Fri Sep 13 12:41:50 EDT 2024 x86_64 x86_64 x86_64 GNU/Linux
cputime      unlimited
filesize     unlimited
datasize     unlimited
stacksize    8192 kbytes
coredumpsize 0 kbytes
memoryuse    67108864 kbytes
vmemoryuse   unlimited
descriptors  1024 
memorylocked unlimited
maxproc      2061970 
maxlocks     unlimited
maxsignal    2062029 
maxmessage   819200 
maxnice      0 
maxrtprio    0 
maxrttime    unlimited

               total        used        free      shared  buff/cache   available
Mem:           503Gi        51Gi       407Gi       6.5Gi        44Gi       442Gi
Swap:             0B          0B          0B

########################################
program versions used
7.3.2 (freesurfer-linux-ubuntu22_x86_64-7.3.2-20220804-6354275)
7.3.2

ProgramName: lta_convert  ProgramArguments: lta_convert -all-info  ProgramVersion: 7.3.2  TimeStamp: 2026/03/09-11:49:29-GMT  BuildTime: Aug  4 2022 06:17:15  BuildStamp: freesurfer-linux-ubuntu22_x86_64-7.3.2-20220804-6354275  User: oesteban  Machine: dna078  Platform: Linux  PlatformVersion: 5.14.0-427.37.1.el9_4.x86_64  CompilerName: GCC  CompilerVersion: 8.4.0
ProgramName: mri_and  ProgramArguments: mri_and -all-info  ProgramVersion: 7.3.2  TimeStamp: 2026/03/09-11:49:29-GMT  BuildTime: Aug  4 2022 06:17:15  BuildStamp: freesurfer-linux-ubuntu22_x86_64-7.3.2-20220804-6354275  User: oesteban  Machine: dna078  Platform: Linux  PlatformVersion: 5.14.0-427.37.1.el9_4.x86_64  CompilerName: GCC  CompilerVersion: 8.4.0
ProgramName: mri_annotation2label  ProgramArguments: mri_annotation2label -all-info  ProgramVersion: 7.3.2  TimeStamp: 2026/03/09-11:49:29-GMT  BuildTime: Aug  4 2022 06:17:15  BuildStamp: freesurfer-linux-ubuntu22_x86_64-7.3.2-20220804-6354275  User: oesteban  Machine: dna078  Platform: Linux  PlatformVersion: 5.14.0-427.37.1.el9_4.x86_64  CompilerName: GCC  CompilerVersion: 8.4.0
ProgramName: mri_aparc2aseg  ProgramArguments: mri_aparc2aseg -all-info  ProgramVersion: 7.3.2  TimeStamp: 2026/03/09-11:49:29-GMT  BuildTime: Aug  4 2022 06:17:15  BuildStamp: freesurfer-linux-ubuntu22_x86_64-7.3.2-20220804-6354275  User: oesteban  Machine: dna078  Platform: Linux  PlatformVersion: 5.14.0-427.37.1.el9_4.x86_64  CompilerName: GCC  CompilerVersion: 8.4.0
ProgramName: mri_surf2volseg  ProgramArguments: mri_surf2volseg -all-info  ProgramVersion: 7.3.2  TimeStamp: 2026/03/09-11:49:29-GMT  BuildTime: Aug  4 2022 06:17:15  BuildStamp: freesurfer-linux-ubuntu22_x86_64-7.3.2-20220804-6354275  User: oesteban  Machine: dna078  Platform: Linux  PlatformVersion: 5.14.0-427.37.1.el9_4.x86_64  CompilerName: GCC  CompilerVersion: 8.4.0
ProgramName: mri_binarize  ProgramArguments: mri_binarize -all-info  ProgramVersion: 7.3.2  TimeStamp: 2026/03/09-11:49:29-GMT  BuildTime: Aug  4 2022 06:17:15  BuildStamp: freesurfer-linux-ubuntu22_x86_64-7.3.2-20220804-6354275  User: oesteban  Machine: dna078  Platform: Linux  PlatformVersion: 5.14.0-427.37.1.el9_4.x86_64  CompilerName: GCC  CompilerVersion: 8.4.0
ProgramName: mri_ca_label  ProgramArguments: mri_ca_label -all-info  ProgramVersion: 7.3.2  TimeStamp: 2026/03/09-11:49:29-GMT  BuildTime: Aug  4 2022 06:17:15  BuildStamp: freesurfer-linux-ubuntu22_x86_64-7.3.2-20220804-6354275  User: oesteban  Machine: dna078  Platform: Linux  PlatformVersion: 5.14.0-427.37.1.el9_4.x86_64  CompilerName: GCC  CompilerVersion: 8.4.0
ProgramName: mri_ca_normalize  ProgramArguments: mri_ca_normalize -all-info  ProgramVersion: 7.3.2  TimeStamp: 2026/03/09-11:49:29-GMT  BuildTime: Aug  4 2022 06:17:15  BuildStamp: freesurfer-linux-ubuntu22_x86_64-7.3.2-20220804-6354275  User: oesteban  Machine: dna078  Platform: Linux  PlatformVersion: 5.14.0-427.37.1.el9_4.x86_64  CompilerName: GCC  CompilerVersion: 8.4.0
ProgramName: mri_ca_register  ProgramArguments: mri_ca_register -all-info  ProgramVersion: 7.3.2  TimeStamp: 2026/03/09-11:49:29-GMT  BuildTime: Aug  4 2022 06:17:15  BuildStamp: freesurfer-linux-ubuntu22_x86_64-7.3.2-20220804-6354275  User: oesteban  Machine: dna078  Platform: Linux  PlatformVersion: 5.14.0-427.37.1.el9_4.x86_64  CompilerName: GCC  CompilerVersion: 8.4.0
ProgramName: mri_cc  ProgramArguments: mri_cc -all-info  ProgramVersion: 7.3.2  TimeStamp: 2026/03/09-11:49:29-GMT  BuildTime: Aug  4 2022 06:17:15  BuildStamp: freesurfer-linux-ubuntu22_x86_64-7.3.2-20220804-6354275  User: oesteban  Machine: dna078  Platform: Linux  PlatformVersion: 5.14.0-427.37.1.el9_4.x86_64  CompilerName: GCC  CompilerVersion: 8.4.0
ProgramName: mri_compute_overlap  ProgramArguments: mri_compute_overlap -all-info  ProgramVersion: 7.3.2  TimeStamp: 2026/03/09-11:49:29-GMT  BuildTime: Aug  4 2022 06:17:15  BuildStamp: freesurfer-linux-ubuntu22_x86_64-7.3.2-20220804-6354275  User: oesteban  Machine: dna078  Platform: Linux  PlatformVersion: 5.14.0-427.37.1.el9_4.x86_64  CompilerName: GCC  CompilerVersion: 8.4.0
ProgramName: mri_compute_seg_overlap  ProgramArguments: mri_compute_seg_overlap -all-info  ProgramVersion: 7.3.2  TimeStamp: 2026/03/09-11:49:29-GMT  BuildTime: Aug  4 2022 06:17:15  BuildStamp: freesurfer-linux-ubuntu22_x86_64-7.3.2-20220804-6354275  User: oesteban  Machine: dna078  Platform: Linux  PlatformVersion: 5.14.0-427.37.1.el9_4.x86_64  CompilerName: GCC  CompilerVersion: 8.4.0
ProgramName: mri_concat  ProgramArguments: mri_concat -all-info  ProgramVersion: 7.3.2  TimeStamp: 2026/03/09-11:49:29-GMT  BuildTime: Aug  4 2022 06:17:15  BuildStamp: freesurfer-linux-ubuntu22_x86_64-7.3.2-20220804-6354275  User: oesteban  Machine: dna078  Platform: Linux  PlatformVersion: 5.14.0-427.37.1.el9_4.x86_64  CompilerName: GCC  CompilerVersion: 8.4.0
ProgramName: mri_concatenate_lta  ProgramArguments: mri_concatenate_lta -all-info  ProgramVersion: 7.3.2  TimeStamp: 2026/03/09-11:49:29-GMT  BuildTime: Aug  4 2022 06:17:15  BuildStamp: freesurfer-linux-ubuntu22_x86_64-7.3.2-20220804-6354275  User: oesteban  Machine: dna078  Platform: Linux  PlatformVersion: 5.14.0-427.37.1.el9_4.x86_64  CompilerName: GCC  CompilerVersion: 8.4.0
mri_convert -all-info 
ProgramName: mri_convert  ProgramArguments: mri_convert -all-info  ProgramVersion: 7.3.2  TimeStamp: 2026/03/09-11:49:29-GMT  BuildTime: Aug  4 2022 06:17:15  BuildStamp: freesurfer-linux-ubuntu22_x86_64-7.3.2-20220804-6354275  User: oesteban  Machine: dna078  Platform: Linux  PlatformVersion: 5.14.0-427.37.1.el9_4.x86_64  CompilerName: GCC  CompilerVersion: 8.4.0
ProgramName: mri_diff  ProgramArguments: mri_diff -all-info  ProgramVersion: 7.3.2  TimeStamp: 2026/03/09-11:49:29-GMT  BuildTime: Aug  4 2022 06:17:15  BuildStamp: freesurfer-linux-ubuntu22_x86_64-7.3.2-20220804-6354275  User: oesteban  Machine: dna078  Platform: Linux  PlatformVersion: 5.14.0-427.37.1.el9_4.x86_64  CompilerName: GCC  CompilerVersion: 8.4.0
ProgramName: mri_edit_wm_with_aseg  ProgramArguments: mri_edit_wm_with_aseg -all-info  ProgramVersion: 7.3.2  TimeStamp: 2026/03/09-11:49:29-GMT  BuildTime: Aug  4 2022 06:17:15  BuildStamp: freesurfer-linux-ubuntu22_x86_64-7.3.2-20220804-6354275  User: oesteban  Machine: dna078  Platform: Linux  PlatformVersion: 5.14.0-427.37.1.el9_4.x86_64  CompilerName: GCC  CompilerVersion: 8.4.0
ProgramName: mri_em_register  ProgramArguments: mri_em_register -all-info  ProgramVersion: 7.3.2  TimeStamp: 2026/03/09-11:49:29-GMT  BuildTime: Aug  4 2022 06:17:15  BuildStamp: freesurfer-linux-ubuntu22_x86_64-7.3.2-20220804-6354275  User: oesteban  Machine: dna078  Platform: Linux  PlatformVersion: 5.14.0-427.37.1.el9_4.x86_64  CompilerName: GCC  CompilerVersion: 8.4.0
ProgramName: mri_fill  ProgramArguments: mri_fill -all-info  ProgramVersion: 7.3.2  TimeStamp: 2026/03/09-11:49:29-GMT  BuildTime: Aug  4 2022 06:17:15  BuildStamp: freesurfer-linux-ubuntu22_x86_64-7.3.2-20220804-6354275  User: oesteban  Machine: dna078  Platform: Linux  PlatformVersion: 5.14.0-427.37.1.el9_4.x86_64  CompilerName: GCC  CompilerVersion: 8.4.0
ProgramName: mri_fuse_segmentations  ProgramArguments: mri_fuse_segmentations -all-info  ProgramVersion: 7.3.2  TimeStamp: 2026/03/09-11:49:29-GMT  BuildTime: Aug  4 2022 06:17:15  BuildStamp: freesurfer-linux-ubuntu22_x86_64-7.3.2-20220804-6354275  User: oesteban  Machine: dna078  Platform: Linux  PlatformVersion: 5.14.0-427.37.1.el9_4.x86_64  CompilerName: GCC  CompilerVersion: 8.4.0
ProgramName: mri_fwhm  ProgramArguments: mri_fwhm -all-info  ProgramVersion: 7.3.2  TimeStamp: 2026/03/09-11:49:29-GMT  BuildTime: Aug  4 2022 06:17:15  BuildStamp: freesurfer-linux-ubuntu22_x86_64-7.3.2-20220804-6354275  User: oesteban  Machine: dna078  Platform: Linux  PlatformVersion: 5.14.0-427.37.1.el9_4.x86_64  CompilerName: GCC  CompilerVersion: 8.4.0
ProgramName: mri_gcut  ProgramArguments: mri_gcut -all-info  ProgramVersion: 7.3.2  TimeStamp: 2026/03/09-11:49:29-GMT  BuildTime: Aug  4 2022 06:17:15  BuildStamp: freesurfer-linux-ubuntu22_x86_64-7.3.2-20220804-6354275  User: oesteban  Machine: dna078  Platform: Linux  PlatformVersion: 5.14.0-427.37.1.el9_4.x86_64  CompilerName: GCC  CompilerVersion: 8.4.0
ProgramName: mri_info  ProgramArguments: mri_info -all-info  ProgramVersion: 7.3.2  TimeStamp: 2026/03/09-11:49:29-GMT  BuildTime: Aug  4 2022 06:17:15  BuildStamp: freesurfer-linux-ubuntu22_x86_64-7.3.2-20220804-6354275  User: oesteban  Machine: dna078  Platform: Linux  PlatformVersion: 5.14.0-427.37.1.el9_4.x86_64  CompilerName: GCC  CompilerVersion: 8.4.0
ProgramName: mri_label2label  ProgramArguments: mri_label2label -all-info  ProgramVersion: 7.3.2  TimeStamp: 2026/03/09-11:49:29-GMT  BuildTime: Aug  4 2022 06:17:15  BuildStamp: freesurfer-linux-ubuntu22_x86_64-7.3.2-20220804-6354275  User: oesteban  Machine: dna078  Platform: Linux  PlatformVersion: 5.14.0-427.37.1.el9_4.x86_64  CompilerName: GCC  CompilerVersion: 8.4.0
ProgramName: mri_label2vol  ProgramArguments: mri_label2vol -all-info  ProgramVersion: 7.3.2  TimeStamp: 2026/03/09-11:49:29-GMT  BuildTime: Aug  4 2022 06:17:15  BuildStamp: freesurfer-linux-ubuntu22_x86_64-7.3.2-20220804-6354275  User: oesteban  Machine: dna078  Platform: Linux  PlatformVersion: 5.14.0-427.37.1.el9_4.x86_64  CompilerName: GCC  CompilerVersion: 8.4.0
ProgramName: mri_log_likelihood  ProgramArguments: mri_log_likelihood -all-info  ProgramVersion: 7.3.2  TimeStamp: 2026/03/09-11:49:29-GMT  BuildTime: Aug  4 2022 06:17:15  BuildStamp: freesurfer-linux-ubuntu22_x86_64-7.3.2-20220804-6354275  User: oesteban  Machine: dna078  Platform: Linux  PlatformVersion: 5.14.0-427.37.1.el9_4.x86_64  CompilerName: GCC  CompilerVersion: 8.4.0
ProgramName: mri_mask  ProgramArguments: mri_mask -all-info  ProgramVersion: 7.3.2  TimeStamp: 2026/03/09-11:49:29-GMT  BuildTime: Aug  4 2022 06:17:15  BuildStamp: freesurfer-linux-ubuntu22_x86_64-7.3.2-20220804-6354275  User: oesteban  Machine: dna078  Platform: Linux  PlatformVersion: 5.14.0-427.37.1.el9_4.x86_64  CompilerName: GCC  CompilerVersion: 8.4.0
ProgramName: mri_matrix_multiply  ProgramArguments: mri_matrix_multiply -all-info  ProgramVersion: 7.3.2  TimeStamp: 2026/03/09-11:49:29-GMT  BuildTime: Aug  4 2022 06:17:15  BuildStamp: freesurfer-linux-ubuntu22_x86_64-7.3.2-20220804-6354275  User: oesteban  Machine: dna078  Platform: Linux  PlatformVersion: 5.14.0-427.37.1.el9_4.x86_64  CompilerName: GCC  CompilerVersion: 8.4.0
ProgramName: mri_normalize  ProgramArguments: mri_normalize -all-info  ProgramVersion: 7.3.2  TimeStamp: 2026/03/09-11:49:29-GMT  BuildTime: Aug  4 2022 06:17:15  BuildStamp: freesurfer-linux-ubuntu22_x86_64-7.3.2-20220804-6354275  User: oesteban  Machine: dna078  Platform: Linux  PlatformVersion: 5.14.0-427.37.1.el9_4.x86_64  CompilerName: GCC  CompilerVersion: 8.4.0
ProgramName: mri_normalize_tp2  ProgramArguments: mri_normalize_tp2 -all-info  ProgramVersion: 7.3.2  TimeStamp: 2026/03/09-11:49:29-GMT  BuildTime: Aug  4 2022 06:17:15  BuildStamp: freesurfer-linux-ubuntu22_x86_64-7.3.2-20220804-6354275  User: oesteban  Machine: dna078  Platform: Linux  PlatformVersion: 5.14.0-427.37.1.el9_4.x86_64  CompilerName: GCC  CompilerVersion: 8.4.0
ProgramName: mri_or  ProgramArguments: mri_or -all-info  ProgramVersion: 7.3.2  TimeStamp: 2026/03/09-11:49:29-GMT  BuildTime: Aug  4 2022 06:17:15  BuildStamp: freesurfer-linux-ubuntu22_x86_64-7.3.2-20220804-6354275  User: oesteban  Machine: dna078  Platform: Linux  PlatformVersion: 5.14.0-427.37.1.el9_4.x86_64  CompilerName: GCC  CompilerVersion: 8.4.0
ProgramName: mri_relabel_hypointensities  ProgramArguments: mri_relabel_hypointensities -all-info  ProgramVersion: 7.3.2  TimeStamp: 2026/03/09-11:49:29-GMT  BuildTime: Aug  4 2022 06:17:15  BuildStamp: freesurfer-linux-ubuntu22_x86_64-7.3.2-20220804-6354275  User: oesteban  Machine: dna078  Platform: Linux  PlatformVersion: 5.14.0-427.37.1.el9_4.x86_64  CompilerName: GCC  CompilerVersion: 8.4.0
ProgramName: mri_relabel_nonwm_hypos  ProgramArguments: mri_relabel_nonwm_hypos -all-info  ProgramVersion: 7.3.2  TimeStamp: 2026/03/09-11:49:29-GMT  BuildTime: Aug  4 2022 06:17:15  BuildStamp: freesurfer-linux-ubuntu22_x86_64-7.3.2-20220804-6354275  User: oesteban  Machine: dna078  Platform: Linux  PlatformVersion: 5.14.0-427.37.1.el9_4.x86_64  CompilerName: GCC  CompilerVersion: 8.4.0
ProgramName: mri_remove_neck  ProgramArguments: mri_remove_neck -all-info  ProgramVersion: 7.3.2  TimeStamp: 2026/03/09-11:49:29-GMT  BuildTime: Aug  4 2022 06:17:15  BuildStamp: freesurfer-linux-ubuntu22_x86_64-7.3.2-20220804-6354275  User: oesteban  Machine: dna078  Platform: Linux  PlatformVersion: 5.14.0-427.37.1.el9_4.x86_64  CompilerName: GCC  CompilerVersion: 8.4.0
7.3.2

ProgramName: mri_robust_register  ProgramArguments: mri_robust_register -all-info  ProgramVersion: 7.3.2  TimeStamp: 2026/03/09-11:49:29-GMT  BuildTime: Aug  4 2022 06:17:15  BuildStamp: freesurfer-linux-ubuntu22_x86_64-7.3.2-20220804-6354275  User: oesteban  Machine: dna078  Platform: Linux  PlatformVersion: 5.14.0-427.37.1.el9_4.x86_64  CompilerName: GCC  CompilerVersion: 8.4.0
7.3.2

ProgramName: mri_robust_template  ProgramArguments: mri_robust_template -all-info  ProgramVersion: 7.3.2  TimeStamp: 2026/03/09-11:49:29-GMT  BuildTime: Aug  4 2022 06:17:15  BuildStamp: freesurfer-linux-ubuntu22_x86_64-7.3.2-20220804-6354275  User: oesteban  Machine: dna078  Platform: Linux  PlatformVersion: 5.14.0-427.37.1.el9_4.x86_64  CompilerName: GCC  CompilerVersion: 8.4.0
ProgramName: mris_anatomical_stats  ProgramArguments: mris_anatomical_stats -all-info  ProgramVersion: 7.3.2  TimeStamp: 2026/03/09-11:49:29-GMT  BuildTime: Aug  4 2022 06:17:15  BuildStamp: freesurfer-linux-ubuntu22_x86_64-7.3.2-20220804-6354275  User: oesteban  Machine: dna078  Platform: Linux  PlatformVersion: 5.14.0-427.37.1.el9_4.x86_64  CompilerName: GCC  CompilerVersion: 8.4.0
ProgramName: mris_ca_label  ProgramArguments: mris_ca_label -all-info  ProgramVersion: 7.3.2  TimeStamp: 2026/03/09-11:49:29-GMT  BuildTime: Aug  4 2022 06:17:15  BuildStamp: freesurfer-linux-ubuntu22_x86_64-7.3.2-20220804-6354275  User: oesteban  Machine: dna078  Platform: Linux  PlatformVersion: 5.14.0-427.37.1.el9_4.x86_64  CompilerName: GCC  CompilerVersion: 8.4.0
ProgramName: mris_calc  ProgramArguments: mris_calc -all-info  ProgramVersion: 7.3.2  TimeStamp: 2026/03/09-11:49:29-GMT  BuildTime: Aug  4 2022 06:17:15  BuildStamp: freesurfer-linux-ubuntu22_x86_64-7.3.2-20220804-6354275  User: oesteban  Machine: dna078  Platform: Linux  PlatformVersion: 5.14.0-427.37.1.el9_4.x86_64  CompilerName: GCC  CompilerVersion: 8.4.0
ProgramName: mris_convert  ProgramArguments: mris_convert -all-info  ProgramVersion: 7.3.2  TimeStamp: 2026/03/09-11:49:29-GMT  BuildTime: Aug  4 2022 06:17:15  BuildStamp: freesurfer-linux-ubuntu22_x86_64-7.3.2-20220804-6354275  User: oesteban  Machine: dna078  Platform: Linux  PlatformVersion: 5.14.0-427.37.1.el9_4.x86_64  CompilerName: GCC  CompilerVersion: 8.4.0
ProgramName: mris_curvature  ProgramArguments: mris_curvature -all-info  ProgramVersion: 7.3.2  TimeStamp: 2026/03/09-11:49:29-GMT  BuildTime: Aug  4 2022 06:17:15  BuildStamp: freesurfer-linux-ubuntu22_x86_64-7.3.2-20220804-6354275  User: oesteban  Machine: dna078  Platform: Linux  PlatformVersion: 5.14.0-427.37.1.el9_4.x86_64  CompilerName: GCC  CompilerVersion: 8.4.0
ProgramName: mris_curvature_stats  ProgramArguments: mris_curvature_stats -all-info  ProgramVersion: 7.3.2  TimeStamp: 2026/03/09-11:49:29-GMT  BuildTime: Aug  4 2022 06:17:15  BuildStamp: freesurfer-linux-ubuntu22_x86_64-7.3.2-20220804-6354275  User: oesteban  Machine: dna078  Platform: Linux  PlatformVersion: 5.14.0-427.37.1.el9_4.x86_64  CompilerName: GCC  CompilerVersion: 8.4.0
ProgramName: mris_diff  ProgramArguments: mris_diff -all-info  ProgramVersion: 7.3.2  TimeStamp: 2026/03/09-11:49:29-GMT  BuildTime: Aug  4 2022 06:17:15  BuildStamp: freesurfer-linux-ubuntu22_x86_64-7.3.2-20220804-6354275  User: oesteban  Machine: dna078  Platform: Linux  PlatformVersion: 5.14.0-427.37.1.el9_4.x86_64  CompilerName: GCC  CompilerVersion: 8.4.0
ProgramName: mris_divide_parcellation  ProgramArguments: mris_divide_parcellation -all-info  ProgramVersion: 7.3.2  TimeStamp: 2026/03/09-11:49:29-GMT  BuildTime: Aug  4 2022 06:17:15  BuildStamp: freesurfer-linux-ubuntu22_x86_64-7.3.2-20220804-6354275  User: oesteban  Machine: dna078  Platform: Linux  PlatformVersion: 5.14.0-427.37.1.el9_4.x86_64  CompilerName: GCC  CompilerVersion: 8.4.0
ProgramName: mri_segment  ProgramArguments: mri_segment -all-info  ProgramVersion: 7.3.2  TimeStamp: 2026/03/09-11:49:29-GMT  BuildTime: Aug  4 2022 06:17:15  BuildStamp: freesurfer-linux-ubuntu22_x86_64-7.3.2-20220804-6354275  User: oesteban  Machine: dna078  Platform: Linux  PlatformVersion: 5.14.0-427.37.1.el9_4.x86_64  CompilerName: GCC  CompilerVersion: 8.4.0
ProgramName: mri_segstats  ProgramArguments: mri_segstats -all-info  ProgramVersion: 7.3.2  TimeStamp: 2026/03/09-11:49:29-GMT  BuildTime: Aug  4 2022 06:17:15  BuildStamp: freesurfer-linux-ubuntu22_x86_64-7.3.2-20220804-6354275  User: oesteban  Machine: dna078  Platform: Linux  PlatformVersion: 5.14.0-427.37.1.el9_4.x86_64  CompilerName: GCC  CompilerVersion: 8.4.0
ProgramName: mris_euler_number  ProgramArguments: mris_euler_number -all-info  ProgramVersion: 7.3.2  TimeStamp: 2026/03/09-11:49:29-GMT  BuildTime: Aug  4 2022 06:17:15  BuildStamp: freesurfer-linux-ubuntu22_x86_64-7.3.2-20220804-6354275  User: oesteban  Machine: dna078  Platform: Linux  PlatformVersion: 5.14.0-427.37.1.el9_4.x86_64  CompilerName: GCC  CompilerVersion: 8.4.0
ProgramName: mris_fix_topology  ProgramArguments: mris_fix_topology -all-info  ProgramVersion: 7.3.2  TimeStamp: 2026/03/09-11:49:29-GMT  BuildTime: Aug  4 2022 06:17:15  BuildStamp: freesurfer-linux-ubuntu22_x86_64-7.3.2-20220804-6354275  User: oesteban  Machine: dna078  Platform: Linux  PlatformVersion: 5.14.0-427.37.1.el9_4.x86_64  CompilerName: GCC  CompilerVersion: 8.4.0
ProgramName: mris_topo_fixer  ProgramArguments: mris_topo_fixer -all-info  ProgramVersion: 7.3.2  TimeStamp: 2026/03/09-11:49:29-GMT  BuildTime: Aug  4 2022 06:17:15  BuildStamp: freesurfer-linux-ubuntu22_x86_64-7.3.2-20220804-6354275  User: oesteban  Machine: dna078  Platform: Linux  PlatformVersion: 5.14.0-427.37.1.el9_4.x86_64  CompilerName: GCC  CompilerVersion: 8.4.0
ProgramName: mris_jacobian  ProgramArguments: mris_jacobian -all-info  ProgramVersion: 7.3.2  TimeStamp: 2026/03/09-11:49:29-GMT  BuildTime: Aug  4 2022 06:17:15  BuildStamp: freesurfer-linux-ubuntu22_x86_64-7.3.2-20220804-6354275  User: oesteban  Machine: dna078  Platform: Linux  PlatformVersion: 5.14.0-427.37.1.el9_4.x86_64  CompilerName: GCC  CompilerVersion: 8.4.0
ProgramName: mris_label2annot  ProgramArguments: mris_label2annot -all-info  ProgramVersion: 7.3.2  TimeStamp: 2026/03/09-11:49:29-GMT  BuildTime: Aug  4 2022 06:17:15  BuildStamp: freesurfer-linux-ubuntu22_x86_64-7.3.2-20220804-6354275  User: oesteban  Machine: dna078  Platform: Linux  PlatformVersion: 5.14.0-427.37.1.el9_4.x86_64  CompilerName: GCC  CompilerVersion: 8.4.0
ProgramName: mris_left_right_register  ProgramArguments: mris_left_right_register -all-info  ProgramVersion: 7.3.2  TimeStamp: 2026/03/09-11:49:29-GMT  BuildTime: Aug  4 2022 06:17:15  BuildStamp: freesurfer-linux-ubuntu22_x86_64-7.3.2-20220804-6354275  User: oesteban  Machine: dna078  Platform: Linux  PlatformVersion: 5.14.0-427.37.1.el9_4.x86_64  CompilerName: GCC  CompilerVersion: 8.4.0
ProgramName: mris_place_surface  ProgramArguments: mris_place_surface -all-info  ProgramVersion: 7.3.2  TimeStamp: 2026/03/09-11:49:29-GMT  BuildTime: Aug  4 2022 06:17:15  BuildStamp: freesurfer-linux-ubuntu22_x86_64-7.3.2-20220804-6354275  User: oesteban  Machine: dna078  Platform: Linux  PlatformVersion: 5.14.0-427.37.1.el9_4.x86_64  CompilerName: GCC  CompilerVersion: 8.4.0
ProgramName: mrisp_paint  ProgramArguments: mrisp_paint -all-info  ProgramVersion: 7.3.2  TimeStamp: 2026/03/09-11:49:29-GMT  BuildTime: Aug  4 2022 06:17:15  BuildStamp: freesurfer-linux-ubuntu22_x86_64-7.3.2-20220804-6354275  User: oesteban  Machine: dna078  Platform: Linux  PlatformVersion: 5.14.0-427.37.1.el9_4.x86_64  CompilerName: GCC  CompilerVersion: 8.4.0
ProgramName: mris_register  ProgramArguments: mris_register -all-info  ProgramVersion: 7.3.2  TimeStamp: 2026/03/09-11:49:29-GMT  BuildTime: Aug  4 2022 06:17:15  BuildStamp: freesurfer-linux-ubuntu22_x86_64-7.3.2-20220804-6354275  User: oesteban  Machine: dna078  Platform: Linux  PlatformVersion: 5.14.0-427.37.1.el9_4.x86_64  CompilerName: GCC  CompilerVersion: 8.4.0
ProgramName: mris_smooth  ProgramArguments: mris_smooth -all-info  ProgramVersion: 7.3.2  TimeStamp: 2026/03/09-11:49:29-GMT  BuildTime: Aug  4 2022 06:17:15  BuildStamp: freesurfer-linux-ubuntu22_x86_64-7.3.2-20220804-6354275  User: oesteban  Machine: dna078  Platform: Linux  PlatformVersion: 5.14.0-427.37.1.el9_4.x86_64  CompilerName: GCC  CompilerVersion: 8.4.0
ProgramName: mris_sphere  ProgramArguments: mris_sphere -all-info  ProgramVersion: 7.3.2  TimeStamp: 2026/03/09-11:49:29-GMT  BuildTime: Aug  4 2022 06:17:15  BuildStamp: freesurfer-linux-ubuntu22_x86_64-7.3.2-20220804-6354275  User: oesteban  Machine: dna078  Platform: Linux  PlatformVersion: 5.14.0-427.37.1.el9_4.x86_64  CompilerName: GCC  CompilerVersion: 8.4.0
ProgramName: mris_surface_stats  ProgramArguments: mris_surface_stats -all-info  ProgramVersion: 7.3.2  TimeStamp: 2026/03/09-11:49:29-GMT  BuildTime: Aug  4 2022 06:17:15  BuildStamp: freesurfer-linux-ubuntu22_x86_64-7.3.2-20220804-6354275  User: oesteban  Machine: dna078  Platform: Linux  PlatformVersion: 5.14.0-427.37.1.el9_4.x86_64  CompilerName: GCC  CompilerVersion: 8.4.0
ProgramName: mri_stats2seg  ProgramArguments: mri_stats2seg -all-info  ProgramVersion: 7.3.2  TimeStamp: 2026/03/09-11:49:29-GMT  BuildTime: Aug  4 2022 06:17:15  BuildStamp: freesurfer-linux-ubuntu22_x86_64-7.3.2-20220804-6354275  User: oesteban  Machine: dna078  Platform: Linux  PlatformVersion: 5.14.0-427.37.1.el9_4.x86_64  CompilerName: GCC  CompilerVersion: 8.4.0
ProgramName: mris_thickness  ProgramArguments: mris_thickness -all-info  ProgramVersion: 7.3.2  TimeStamp: 2026/03/09-11:49:29-GMT  BuildTime: Aug  4 2022 06:17:15  BuildStamp: freesurfer-linux-ubuntu22_x86_64-7.3.2-20220804-6354275  User: oesteban  Machine: dna078  Platform: Linux  PlatformVersion: 5.14.0-427.37.1.el9_4.x86_64  CompilerName: GCC  CompilerVersion: 8.4.0
ProgramName: mris_thickness_diff  ProgramArguments: mris_thickness_diff -all-info  ProgramVersion: 7.3.2  TimeStamp: 2026/03/09-11:49:29-GMT  BuildTime: Aug  4 2022 06:17:15  BuildStamp: freesurfer-linux-ubuntu22_x86_64-7.3.2-20220804-6354275  User: oesteban  Machine: dna078  Platform: Linux  PlatformVersion: 5.14.0-427.37.1.el9_4.x86_64  CompilerName: GCC  CompilerVersion: 8.4.0
ProgramName: mris_topo_fixer  ProgramArguments: mris_topo_fixer -all-info  ProgramVersion: 7.3.2  TimeStamp: 2026/03/09-11:49:29-GMT  BuildTime: Aug  4 2022 06:17:15  BuildStamp: freesurfer-linux-ubuntu22_x86_64-7.3.2-20220804-6354275  User: oesteban  Machine: dna078  Platform: Linux  PlatformVersion: 5.14.0-427.37.1.el9_4.x86_64  CompilerName: GCC  CompilerVersion: 8.4.0
ProgramName: mri_surf2surf  ProgramArguments: mri_surf2surf -all-info  ProgramVersion: 7.3.2  TimeStamp: 2026/03/09-11:49:29-GMT  BuildTime: Aug  4 2022 06:17:15  BuildStamp: freesurfer-linux-ubuntu22_x86_64-7.3.2-20220804-6354275  User: oesteban  Machine: dna078  Platform: Linux  PlatformVersion: 5.14.0-427.37.1.el9_4.x86_64  CompilerName: GCC  CompilerVersion: 8.4.0
ProgramName: mri_surf2vol  ProgramArguments: mri_surf2vol -all-info  ProgramVersion: 7.3.2  TimeStamp: 2026/03/09-11:49:29-GMT  BuildTime: Aug  4 2022 06:17:15  BuildStamp: freesurfer-linux-ubuntu22_x86_64-7.3.2-20220804-6354275  User: oesteban  Machine: dna078  Platform: Linux  PlatformVersion: 5.14.0-427.37.1.el9_4.x86_64  CompilerName: GCC  CompilerVersion: 8.4.0
ProgramName: mri_surfcluster  ProgramArguments: mri_surfcluster -all-info  ProgramVersion: 7.3.2  TimeStamp: 2026/03/09-11:49:29-GMT  BuildTime: Aug  4 2022 06:17:15  BuildStamp: freesurfer-linux-ubuntu22_x86_64-7.3.2-20220804-6354275  User: oesteban  Machine: dna078  Platform: Linux  PlatformVersion: 5.14.0-427.37.1.el9_4.x86_64  CompilerName: GCC  CompilerVersion: 8.4.0
ProgramName: mris_volmask  ProgramArguments: mris_volmask -all-info  ProgramVersion: 7.3.2  TimeStamp: 2026/03/09-11:49:29-GMT  BuildTime: Aug  4 2022 06:17:15  BuildStamp: freesurfer-linux-ubuntu22_x86_64-7.3.2-20220804-6354275  User: oesteban  Machine: dna078  Platform: Linux  PlatformVersion: 5.14.0-427.37.1.el9_4.x86_64  CompilerName: GCC  CompilerVersion: 8.4.0
ProgramName: mri_tessellate  ProgramArguments: mri_tessellate -all-info  ProgramVersion: 7.3.2  TimeStamp: 2026/03/09-11:49:29-GMT  BuildTime: Aug  4 2022 06:17:15  BuildStamp: freesurfer-linux-ubuntu22_x86_64-7.3.2-20220804-6354275  User: oesteban  Machine: dna078  Platform: Linux  PlatformVersion: 5.14.0-427.37.1.el9_4.x86_64  CompilerName: GCC  CompilerVersion: 8.4.0
ProgramName: mri_vol2surf  ProgramArguments: mri_vol2surf -all-info  ProgramVersion: 7.3.2  TimeStamp: 2026/03/09-11:49:29-GMT  BuildTime: Aug  4 2022 06:17:15  BuildStamp: freesurfer-linux-ubuntu22_x86_64-7.3.2-20220804-6354275  User: oesteban  Machine: dna078  Platform: Linux  PlatformVersion: 5.14.0-427.37.1.el9_4.x86_64  CompilerName: GCC  CompilerVersion: 8.4.0
ProgramName: mri_vol2vol  ProgramArguments: mri_vol2vol -all-info  ProgramVersion: 7.3.2  TimeStamp: 2026/03/09-11:49:29-GMT  BuildTime: Aug  4 2022 06:17:15  BuildStamp: freesurfer-linux-ubuntu22_x86_64-7.3.2-20220804-6354275  User: oesteban  Machine: dna078  Platform: Linux  PlatformVersion: 5.14.0-427.37.1.el9_4.x86_64  CompilerName: GCC  CompilerVersion: 8.4.0
ProgramName: mri_voldiff  ProgramArguments: mri_voldiff -all-info  ProgramVersion: 7.3.2  TimeStamp: 2026/03/09-11:49:29-GMT  BuildTime: Aug  4 2022 06:17:15  BuildStamp: freesurfer-linux-ubuntu22_x86_64-7.3.2-20220804-6354275  User: oesteban  Machine: dna078  Platform: Linux  PlatformVersion: 5.14.0-427.37.1.el9_4.x86_64  CompilerName: GCC  CompilerVersion: 8.4.0
ProgramName: mri_watershed  ProgramArguments: mri_watershed -all-info  ProgramVersion: 7.3.2  TimeStamp: 2026/03/09-11:49:29-GMT  BuildTime: Aug  4 2022 06:17:15  BuildStamp: freesurfer-linux-ubuntu22_x86_64-7.3.2-20220804-6354275  User: oesteban  Machine: dna078  Platform: Linux  PlatformVersion: 5.14.0-427.37.1.el9_4.x86_64  CompilerName: GCC  CompilerVersion: 8.4.0
ProgramName: tkregister2  ProgramArguments: tkregister2_cmdl -all-info  ProgramVersion: 7.3.2  TimeStamp: 2026/03/09-11:49:29-GMT  BuildTime: Aug  4 2022 06:17:15  BuildStamp: freesurfer-linux-ubuntu22_x86_64-7.3.2-20220804-6354275  User: oesteban  Machine: dna078  Platform: Linux  PlatformVersion: 5.14.0-427.37.1.el9_4.x86_64  CompilerName: GCC  CompilerVersion: 8.4.0
mri_motion_correct.fsl 7.3.2
mri_convert -all-info 
ProgramName: mri_convert  ProgramArguments: mri_convert -all-info  ProgramVersion: 7.3.2  TimeStamp: 2026/03/09-11:49:29-GMT  BuildTime: Aug  4 2022 06:17:15  BuildStamp: freesurfer-linux-ubuntu22_x86_64-7.3.2-20220804-6354275  User: oesteban  Machine: dna078  Platform: Linux  PlatformVersion: 5.14.0-427.37.1.el9_4.x86_64  CompilerName: GCC  CompilerVersion: 8.4.0
Program nu_correct, built from:
Package MNI N3, version 1.12.0, compiled by nicks@terrier (x86_64-unknown-linux-gnu) on 2015-06-19 at 01:25:34
#######################################
GCADIR /opt/freesurfer/average
GCA RB_all_2020-01-02.gca
GCASkull RB_all_withskull_2020_01_02.gca
AvgCurvTif folding.atlas.acfb40.noaparc.i12.2016-08-02.tif
GCSDIR /opt/freesurfer/average
GCS DKaparc.atlas.acfb40.noaparc.i12.2016-08-02.gcs
#######################################
#--------------------------------------------
#@# AutoDetGWStats rh Mon Mar  9 12:49:29 CET 2026
cd /out/sourcedata/freesurfer/sub-v1s21x0050408_ses-1/mri
mris_autodet_gwstats --o ../surf/autodet.gw.stats.rh.dat --i brain.finalsurfs.mgz --wm wm.mgz --surf ../surf/rh.orig.premesh
  Update not needed
#--------------------------------------------
#@# WhitePreAparc rh Mon Mar  9 12:49:29 CET 2026
cd /out/sourcedata/freesurfer/sub-v1s21x0050408_ses-1/mri
mris_place_surface --adgws-in ../surf/autodet.gw.stats.rh.dat --wm wm.mgz --threads 16 --invol brain.finalsurfs.mgz --rh --i ../surf/rh.orig --o ../surf/rh.white.preaparc --white --seg aseg.presurf.mgz --nsmooth 5
   Update not needed
#--------------------------------------------
#@# CortexLabel rh Mon Mar  9 12:49:29 CET 2026
cd /out/sourcedata/freesurfer/sub-v1s21x0050408_ses-1/mri
mri_label2label --label-cortex ../surf/rh.white.preaparc aseg.presurf.mgz 0 ../label/rh.cortex.label
   Update not needed
#--------------------------------------------
#@# CortexLabel+HipAmyg rh Mon Mar  9 12:49:29 CET 2026
cd /out/sourcedata/freesurfer/sub-v1s21x0050408_ses-1/mri
mri_label2label --label-cortex ../surf/rh.white.preaparc aseg.presurf.mgz 1 ../label/rh.cortex+hipamyg.label
   Update not needed
#@# white curv rh Mon Mar  9 12:49:29 CET 2026
cd /out/sourcedata/freesurfer/sub-v1s21x0050408_ses-1/mri
mris_place_surface --curv-map ../surf/rh.white 2 10 ../surf/rh.curv
   Update not needed
#@# white area rh Mon Mar  9 12:49:29 CET 2026
cd /out/sourcedata/freesurfer/sub-v1s21x0050408_ses-1/mri
mris_place_surface --area-map ../surf/rh.white ../surf/rh.area
   Update not needed
#@# pial curv rh Mon Mar  9 12:49:29 CET 2026
cd /out/sourcedata/freesurfer/sub-v1s21x0050408_ses-1/mri
mris_place_surface --curv-map ../surf/rh.pial 2 10 ../surf/rh.curv.pial
   Update not needed
#@# pial area rh Mon Mar  9 12:49:29 CET 2026
cd /out/sourcedata/freesurfer/sub-v1s21x0050408_ses-1/mri
mris_place_surface --area-map ../surf/rh.pial ../surf/rh.area.pial
   Update not needed
#@# thickness rh Mon Mar  9 12:49:30 CET 2026
cd /out/sourcedata/freesurfer/sub-v1s21x0050408_ses-1/mri
mris_place_surface --thickness ../surf/rh.white ../surf/rh.pial 20 5 ../surf/rh.thickness
   Update not needed
#@# area and vertex vol rh Mon Mar  9 12:49:30 CET 2026
cd /out/sourcedata/freesurfer/sub-v1s21x0050408_ses-1/mri
mris_place_surface --thickness ../surf/rh.white ../surf/rh.pial 20 5 ../surf/rh.thickness
   Update not needed
#-----------------------------------------
#@# Parcellation Stats rh Mon Mar  9 12:49:30 CET 2026
/out/sourcedata/freesurfer/sub-v1s21x0050408_ses-1/scripts

 mris_anatomical_stats -th3 -mgz -noglobal -cortex ../label/rh.cortex.label -f ../stats/rh.aparc.stats -b -a ../label/rh.aparc.annot -c ../label/aparc.annot.ctab sub-v1s21x0050408_ses-1 rh white 

computing statistics for each annotation in ../label/rh.aparc.annot.
reading volume /out/sourcedata/freesurfer/sub-v1s21x0050408_ses-1/mri/wm.mgz...
reading input surface /out/sourcedata/freesurfer/sub-v1s21x0050408_ses-1/surf/rh.white...
reading input pial surface /out/sourcedata/freesurfer/sub-v1s21x0050408_ses-1/surf/rh.pial...
reading input white surface /out/sourcedata/freesurfer/sub-v1s21x0050408_ses-1/surf/rh.white...
INFO: using TH3 volume calc
INFO: assuming MGZ format for volumes.
INFO: not computing global stats
INFO: using ../label/rh.cortex.label as mask to calc cortex NumVert, SurfArea and MeanThickness.
Using TH3 vertex volume calc
Total face volume 291189
Total vertex volume 290990 (mask=0)
Saving annotation colortable ../label/aparc.annot.ctab

table columns are:
    number of vertices
    total surface area (mm^2)
    total gray matter volume (mm^3)
    average cortical thickness +- standard deviation (mm)
    integrated rectified mean curvature
    integrated rectified Gaussian curvature
    folding index
    intrinsic curvature index
    structure name

 1627   1136   2709  2.403 0.751     0.108     0.020       10     1.5  bankssts
 1229    800   2650  2.709 0.782     0.112     0.016       14     0.9  caudalanteriorcingulate
 2777   2003   6539  2.859 0.713     0.121     0.025       24     2.9  caudalmiddlefrontal
 2253   1714   3494  1.972 0.566     0.162     0.044       32     4.4  cuneus
  680    459   1280  2.510 0.876     0.133     0.040       10     1.0  entorhinal
 4653   3279   9128  2.574 0.727     0.123     0.031       59     6.1  fusiform
 7898   5875  18145  2.466 0.768     0.122     0.027       94     8.7  inferiorparietal
 6219   4492  12843  2.436 0.916     0.133     0.037       99    10.2  inferiortemporal
 1347    963   3189  2.797 0.932     0.119     0.025       14     1.4  isthmuscingulate
 7940   6080  16063  2.244 0.680     0.148     0.041      120    13.0  lateraloccipital
 3827   2719   7567  2.623 0.738     0.134     0.040       47     6.3  lateralorbitofrontal
 5015   3792  10545  2.359 0.736     0.148     0.042       70     8.6  lingual
 2380   1797   7134  3.108 0.847     0.132     0.031       41     3.0  medialorbitofrontal
 6382   4618  17792  2.968 0.855     0.117     0.027       67     7.1  middletemporal
 1222    754   2079  2.459 0.753     0.101     0.025       14     1.0  parahippocampal
 2916   1926   4823  2.293 0.692     0.124     0.030       29     3.8  paracentral
 1956   1490   4846  2.626 0.662     0.132     0.031       25     2.4  parsopercularis
 1432   1062   3074  2.386 0.716     0.149     0.043       32     2.5  parsorbitalis
 3125   2311   7581  2.582 0.859     0.128     0.028       35     3.6  parstriangularis
 2001   1472   2059  1.600 0.398     0.140     0.043       21     3.3  pericalcarine
 6438   4373   9567  1.965 0.648     0.108     0.023       52     6.1  postcentral
 1643   1154   3699  2.806 0.901     0.127     0.025       21     1.8  posteriorcingulate
 7664   5081  14437  2.594 0.701     0.112     0.025       69     8.3  precentral
 6582   4599  14475  2.807 0.813     0.117     0.024       59     6.4  precuneus
  672    543   2091  2.712 1.053     0.135     0.032        8     1.0  rostralanteriorcingulate
 8687   6410  21394  2.745 0.733     0.131     0.033      118    11.1  rostralmiddlefrontal
 9818   6804  25066  3.165 0.735     0.114     0.027       85    10.4  superiorfrontal
 9810   6682  18243  2.353 0.738     0.123     0.029      100    11.5  superiorparietal
 6411   4419  14031  2.834 0.755     0.106     0.024       52     6.1  superiortemporal
 5791   4025  11993  2.581 0.756     0.114     0.023       60     6.0  supramarginal
  624    500   2108  2.806 0.900     0.165     0.052       12     1.5  frontalpole
  901    647   1916  2.453 1.053     0.122     0.036        9     1.2  temporalpole
  568    406   1129  2.861 0.757     0.142     0.033        7     0.8  transversetemporal
 3432   2374   7303  3.058 0.725     0.110     0.028       29     3.6  insula

 mris_anatomical_stats -th3 -mgz -noglobal -cortex ../label/rh.cortex.label -f ../stats/rh.aparc.pial.stats -b -a ../label/rh.aparc.annot -c ../label/aparc.annot.ctab sub-v1s21x0050408_ses-1 rh pial 

computing statistics for each annotation in ../label/rh.aparc.annot.
reading volume /out/sourcedata/freesurfer/sub-v1s21x0050408_ses-1/mri/wm.mgz...
reading input surface /out/sourcedata/freesurfer/sub-v1s21x0050408_ses-1/surf/rh.pial...
reading input pial surface /out/sourcedata/freesurfer/sub-v1s21x0050408_ses-1/surf/rh.pial...
reading input white surface /out/sourcedata/freesurfer/sub-v1s21x0050408_ses-1/surf/rh.white...
INFO: using TH3 volume calc
INFO: assuming MGZ format for volumes.
INFO: not computing global stats
INFO: using ../label/rh.cortex.label as mask to calc cortex NumVert, SurfArea and MeanThickness.
Using TH3 vertex volume calc
Total face volume 291189
Total vertex volume 290990 (mask=0)
Saving annotation colortable ../label/aparc.annot.ctab

table columns are:
    number of vertices
    total surface area (mm^2)
    total gray matter volume (mm^3)
    average cortical thickness +- standard deviation (mm)
    integrated rectified mean curvature
    integrated rectified Gaussian curvature
    folding index
    intrinsic curvature index
    structure name

 1627   1150   2709  2.403 0.751     0.137     0.042       44     2.5  bankssts
 1229   1175   2650  2.709 0.782     0.167     0.042       27     2.2  caudalanteriorcingulate
 2777   2491   6539  2.859 0.713     0.142     0.034       68     3.8  caudalmiddlefrontal
 2253   2036   3494  1.972 0.566     0.168     0.046       78     4.1  cuneus
  680    687   1280  2.510 0.876     0.213     0.074       25     2.5  entorhinal
 4653   3973   9128  2.574 0.727     0.154     0.038      120     7.8  fusiform
 7898   8177  18145  2.466 0.768     0.167     0.036      164    13.2  inferiorparietal
 6219   6122  12843  2.436 0.916     0.180     0.050      137    13.4  inferiortemporal
 1347   1262   3189  2.797 0.932     0.192     0.052       87     2.9  isthmuscingulate
 7940   8180  16063  2.244 0.680     0.181     0.047      204    16.2  lateraloccipital
 3827   3292   7567  2.623 0.738     0.181     0.067      127    12.2  lateralorbitofrontal
 5015   5218  10545  2.359 0.736     0.195     0.052      170    11.3  lingual
 2380   2767   7134  3.108 0.847     0.217     0.053       68     5.9  medialorbitofrontal
 6382   7062  17792  2.968 0.855     0.176     0.039      117    10.9  middletemporal
 1222    957   2079  2.459 0.753     0.156     0.048       24     2.6  parahippocampal
 2916   2371   4823  2.293 0.692     0.131     0.034       51     3.9  paracentral
 1956   2255   4846  2.626 0.662     0.187     0.045       34     3.8  parsopercularis
 1432   1522   3074  2.386 0.716     0.170     0.038       21     2.3  parsorbitalis
 3125   3481   7581  2.582 0.859     0.184     0.042       52     5.7  parstriangularis
 2001   1288   2059  1.600 0.398     0.141     0.046       63     3.5  pericalcarine
 6438   5578   9567  1.965 0.648     0.131     0.029       90     8.4  postcentral
 1643   1520   3699  2.806 0.901     0.210     0.073      111     4.5  posteriorcingulate
 7664   5957  14437  2.594 0.701     0.119     0.030      140     8.9  precentral
 6582   5585  14475  2.807 0.813     0.163     0.122     8817    11.6  precuneus
  672    839   2091  2.712 1.053     0.217     0.041       10     1.4  rostralanteriorcingulate
 8687   8792  21394  2.745 0.733     0.172     0.054      599    14.7  rostralmiddlefrontal
 9818   8868  25066  3.165 0.735     0.148     0.044      433    14.7  superiorfrontal
 9810   8535  18243  2.353 0.738     0.134     0.033      163    14.2  superiorparietal
 6411   5549  14031  2.834 0.755     0.150     0.036      288    10.1  superiortemporal
 5791   5254  11993  2.581 0.756     0.154     0.039       99     9.4  supramarginal
  624   1016   2108  2.806 0.900     0.288     0.070       13     2.1  frontalpole
  901   1013   1916  2.453 1.053     0.204     0.056       13     2.3  temporalpole
  568    422   1129  2.861 0.757     0.176     0.053       26     1.2  transversetemporal
 3432   2438   7303  3.058 0.725     0.161     0.075      365     8.3  insula
#-----------------------------------------
#@# Parcellation Stats 2 rh Mon Mar  9 12:49:45 CET 2026
/out/sourcedata/freesurfer/sub-v1s21x0050408_ses-1/scripts

 mris_anatomical_stats -th3 -mgz -noglobal -cortex ../label/rh.cortex.label -f ../stats/rh.aparc.a2009s.stats -b -a ../label/rh.aparc.a2009s.annot -c ../label/aparc.annot.a2009s.ctab sub-v1s21x0050408_ses-1 rh white 

computing statistics for each annotation in ../label/rh.aparc.a2009s.annot.
reading volume /out/sourcedata/freesurfer/sub-v1s21x0050408_ses-1/mri/wm.mgz...
reading input surface /out/sourcedata/freesurfer/sub-v1s21x0050408_ses-1/surf/rh.white...
reading input pial surface /out/sourcedata/freesurfer/sub-v1s21x0050408_ses-1/surf/rh.pial...
reading input white surface /out/sourcedata/freesurfer/sub-v1s21x0050408_ses-1/surf/rh.white...
INFO: using TH3 volume calc
INFO: assuming MGZ format for volumes.
INFO: not computing global stats
INFO: using ../label/rh.cortex.label as mask to calc cortex NumVert, SurfArea and MeanThickness.
Using TH3 vertex volume calc
Total face volume 291189
Total vertex volume 290990 (mask=0)
Saving annotation colortable ../label/aparc.annot.a2009s.ctab

table columns are:
    number of vertices
    total surface area (mm^2)
    total gray matter volume (mm^3)
    average cortical thickness +- standard deviation (mm)
    integrated rectified mean curvature
    integrated rectified Gaussian curvature
    folding index
    intrinsic curvature index
    structure name

 1201    878   2315  2.354 0.734     0.138     0.043       18     2.1  G_and_S_frontomargin
 1477   1180   3436  2.394 0.659     0.145     0.035       21     2.1  G_and_S_occipital_inf
 1641   1076   2366  1.964 0.641     0.126     0.033       16     2.2  G_and_S_paracentral
 1617   1063   3212  2.554 0.722     0.135     0.042       21     3.1  G_and_S_subcentral
 1448   1197   4422  2.838 0.691     0.158     0.043       26     2.8  G_and_S_transv_frontopol
 2489   1784   6347  3.035 0.703     0.111     0.023       19     2.4  G_and_S_cingul-Ant
 1515    974   2880  2.781 0.635     0.100     0.014       13     0.9  G_and_S_cingul-Mid-Ant
 1483   1008   3248  2.971 0.618     0.122     0.027       16     1.5  G_and_S_cingul-Mid-Post
  528    424   1937  3.233 0.833     0.171     0.041        9     1.1  G_cingul-Post-dorsal
  277    204   1010  3.407 1.083     0.136     0.034        3     0.3  G_cingul-Post-ventral
 2001   1556   3181  1.867 0.550     0.159     0.044       28     3.7  G_cuneus
 1583   1197   4756  2.893 0.633     0.153     0.041       26     2.6  G_front_inf-Opercular
  500    374   1453  2.783 0.914     0.154     0.040        8     0.9  G_front_inf-Orbital
 1248    966   3565  2.709 0.883     0.154     0.037       19     1.9  G_front_inf-Triangul
 3566   2733  12833  3.237 0.684     0.141     0.036       62     5.0  G_front_middle
 6652   4661  19918  3.291 0.831     0.129     0.035       82     9.1  G_front_sup
  614    466   1525  3.200 0.788     0.117     0.033        8     0.6  G_Ins_lg_and_S_cent_ins
  753    554   2217  3.170 0.921     0.134     0.044       10     1.2  G_insular_short
 2268   1906   7734  2.788 0.805     0.159     0.045       47     4.2  G_occipital_middle
 1725   1255   3910  2.395 0.813     0.140     0.034       21     2.1  G_occipital_sup
 1900   1382   4971  2.796 0.787     0.142     0.042       37     3.6  G_oc-temp_lat-fusifor
 3118   2440   7168  2.353 0.763     0.163     0.049       51     6.2  G_oc-temp_med-Lingual
 1331    813   2628  2.594 0.885     0.116     0.034       20     1.6  G_oc-temp_med-Parahip
 2919   2152   6873  2.462 0.794     0.147     0.047       59     5.4  G_orbital
 3801   2912  10968  2.664 0.846     0.135     0.032       58     4.7  G_pariet_inf-Angular
 2743   1980   7014  2.752 0.655     0.126     0.029       34     3.1  G_pariet_inf-Supramar
 3629   2439   7804  2.442 0.846     0.123     0.032       43     4.8  G_parietal_sup
 2445   1709   4179  2.033 0.643     0.128     0.029       27     3.0  G_postcentral
 2851   1885   7473  2.911 0.722     0.112     0.028       29     3.0  G_precentral
 2888   2063   8695  3.054 0.810     0.138     0.032       36     3.6  G_precuneus
  698    590   2890  3.299 0.809     0.164     0.042       13     1.3  G_rectus
  383    263    703  2.396 0.981     0.135     0.046        4     0.8  G_subcallosal
  385    292    816  2.672 0.930     0.155     0.042        6     0.7  G_temp_sup-G_T_transv
 2276   1619   6345  2.930 0.875     0.135     0.038       31     3.2  G_temp_sup-Lateral
  941    623   2183  2.963 0.757     0.070     0.013        3     0.5  G_temp_sup-Plan_polar
 1135    810   2277  2.574 0.654     0.112     0.025       10     1.2  G_temp_sup-Plan_tempo
 3480   2593   8298  2.303 1.020     0.154     0.049       79     7.5  G_temporal_inf
 3752   2830  12393  3.015 0.900     0.131     0.032       51     5.0  G_temporal_middle
  471    339    786  2.380 0.783     0.100     0.013        2     0.3  Lat_Fis-ant-Horizont
  228    163    357  1.903 0.649     0.085     0.014        1     0.1  Lat_Fis-ant-Vertical
 1554   1008   2190  2.566 0.756     0.099     0.017       12     1.3  Lat_Fis-post
 3629   2772   5945  1.955 0.564     0.169     0.057       65     8.4  Pole_occipital
 2221   1632   4730  2.392 0.898     0.136     0.042       31     3.6  Pole_temporal
 2246   1561   3141  2.266 1.027     0.122     0.031       18     3.0  S_calcarine
 3023   2017   3271  1.883 0.600     0.095     0.016       16     2.1  S_central
 1307    900   2114  2.511 0.533     0.107     0.021        9     1.1  S_cingul-Marginalis
  718    481   1125  2.958 0.592     0.098     0.017        3     0.6  S_circular_insula_ant
 1263    817   1994  2.941 0.574     0.075     0.015        5     0.9  S_circular_insula_inf
 1573   1045   2448  2.675 0.526     0.097     0.019        8     1.2  S_circular_insula_sup
 1329    878   2116  2.802 0.657     0.094     0.016        8     0.9  S_collat_transv_ant
  366    262    534  2.311 0.523     0.127     0.029        3     0.4  S_collat_transv_post
 2160   1539   3622  2.530 0.491     0.114     0.022       17     2.0  S_front_inf
 2108   1540   4728  2.739 0.670     0.115     0.024       17     2.0  S_front_middle
 2418   1640   4109  2.816 0.496     0.098     0.018       13     1.8  S_front_sup
  633    429    751  1.940 0.708     0.094     0.015        3     0.4  S_interm_prim-Jensen
 3803   2531   5616  2.338 0.517     0.110     0.022       29     3.6  S_intrapariet_and_P_trans
 1217    834   1504  1.944 0.434     0.114     0.025       11     1.4  S_oc_middle_and_Lunatus
 1505   1047   2281  2.399 0.596     0.117     0.023       11     1.5  S_oc_sup_and_transversal
  810    576   1279  2.327 0.646     0.117     0.029        6     0.9  S_occipital_ant
 1253    856   1775  2.367 0.797     0.103     0.021        7     1.2  S_oc-temp_lat
 2574   1815   4205  2.464 0.512     0.104     0.020       19     2.0  S_oc-temp_med_and_Lingual
  764    543   1116  2.155 0.608     0.133     0.032        9     1.0  S_orbital_lateral
  568    427   1198  2.843 0.701     0.131     0.030        5     0.7  S_orbital_med-olfact
 1324    893   2119  2.444 0.707     0.117     0.030       11     1.6  S_orbital-H_Shaped
 2402   1670   3612  2.386 0.767     0.112     0.021       20     2.2  S_parieto_occipital
 1476    961   1686  1.986 0.676     0.103     0.014       16     0.9  S_pericallosal
 2550   1689   3139  2.176 0.608     0.097     0.015       14     1.8  S_postcentral
 1631   1155   2407  2.164 0.635     0.105     0.019       14     1.3  S_precentral-inf-part
 1450    962   2121  2.623 0.524     0.092     0.013        7     0.8  S_precentral-sup-part
  323    237    707  2.865 0.696     0.147     0.032       12     0.3  S_suborbital
 1720   1209   3011  2.654 0.579     0.115     0.022       13     1.7  S_subparietal
 1458   1024   2276  2.405 0.663     0.109     0.018        9     1.3  S_temporal_inf
 6295   4246  10590  2.586 0.799     0.093     0.015       35     4.2  S_temporal_sup
  289    211    445  2.612 0.680     0.105     0.011        2     0.1  S_temporal_transverse
#-----------------------------------------
#@# Parcellation Stats 3 rh Mon Mar  9 12:49:53 CET 2026
/out/sourcedata/freesurfer/sub-v1s21x0050408_ses-1/scripts

 mris_anatomical_stats -th3 -mgz -noglobal -cortex ../label/rh.cortex.label -f ../stats/rh.aparc.DKTatlas.stats -b -a ../label/rh.aparc.DKTatlas.annot -c ../label/aparc.annot.DKTatlas.ctab sub-v1s21x0050408_ses-1 rh white 

computing statistics for each annotation in ../label/rh.aparc.DKTatlas.annot.
reading volume /out/sourcedata/freesurfer/sub-v1s21x0050408_ses-1/mri/wm.mgz...
reading input surface /out/sourcedata/freesurfer/sub-v1s21x0050408_ses-1/surf/rh.white...
reading input pial surface /out/sourcedata/freesurfer/sub-v1s21x0050408_ses-1/surf/rh.pial...
reading input white surface /out/sourcedata/freesurfer/sub-v1s21x0050408_ses-1/surf/rh.white...
INFO: using TH3 volume calc
INFO: assuming MGZ format for volumes.
INFO: not computing global stats
INFO: using ../label/rh.cortex.label as mask to calc cortex NumVert, SurfArea and MeanThickness.
Using TH3 vertex volume calc
Total face volume 291189
Total vertex volume 290990 (mask=0)
Saving annotation colortable ../label/aparc.annot.DKTatlas.ctab

table columns are:
    number of vertices
    total surface area (mm^2)
    total gray matter volume (mm^3)
    average cortical thickness +- standard deviation (mm)
    integrated rectified mean curvature
    integrated rectified Gaussian curvature
    folding index
    intrinsic curvature index
    structure name

 1327    862   2775  2.684 0.768     0.112     0.015       15     0.9  caudalanteriorcingulate
 2883   2078   6794  2.887 0.684     0.123     0.025       25     3.1  caudalmiddlefrontal
 2776   2084   4150  1.926 0.548     0.153     0.039       37     4.6  cuneus
  599    400   1188  2.597 0.896     0.130     0.041        9     0.9  entorhinal
 4339   3043   8546  2.617 0.728     0.120     0.029       52     5.5  fusiform
 8009   5939  18002  2.450 0.762     0.122     0.027       94     8.8  inferiorparietal
 6517   4706  13067  2.403 0.895     0.133     0.038      104    10.6  inferiortemporal
 1362    966   3183  2.792 0.918     0.118     0.025       14     1.4  isthmuscingulate
 7937   6087  15983  2.229 0.680     0.149     0.041      121    13.0  lateraloccipital
 4319   3064   8349  2.448 0.784     0.136     0.042       59     7.3  lateralorbitofrontal
 4879   3698  10334  2.371 0.736     0.147     0.041       68     8.2  lingual
 1778   1376   5718  3.133 0.853     0.152     0.041       36     3.2  medialorbitofrontal
 7676   5553  20347  2.888 0.867     0.119     0.027       81     8.8  middletemporal
 1299    813   2211  2.434 0.743     0.102     0.025       15     1.1  parahippocampal
 3054   2015   5076  2.315 0.701     0.122     0.030       29     4.0  paracentral
 2490   1870   6307  2.666 0.712     0.134     0.032       33     3.3  parsopercularis
 1257    901   2360  2.375 0.631     0.127     0.029       14     1.5  parsorbitalis
 3084   2288   7034  2.552 0.806     0.130     0.028       44     3.7  parstriangularis
 2014   1487   2099  1.595 0.393     0.145     0.045       22     3.6  pericalcarine
 7212   4898  10419  1.978 0.651     0.112     0.024       60     7.3  postcentral
 1740   1223   3981  2.851 0.883     0.128     0.026       23     2.0  posteriorcingulate
 7271   4808  13924  2.603 0.709     0.111     0.025       65     7.8  precentral
 6663   4692  14913  2.808 0.806     0.118     0.025       61     6.7  precuneus
  917    714   2778  2.728 1.097     0.130     0.028       10     1.3  rostralanteriorcingulate
 6050   4419  15427  2.841 0.714     0.128     0.031       81     7.3  rostralmiddlefrontal
12663   9048  32699  3.076 0.748     0.119     0.029      128    14.4  superiorfrontal
 8352   5603  16313  2.449 0.740     0.120     0.028       84     9.7  superiorparietal
 8421   5812  17932  2.745 0.809     0.108     0.026       72     8.4  superiortemporal
 5346   3733  11152  2.570 0.760     0.112     0.023       52     5.4  supramarginal
  557    401   1129  2.846 0.748     0.142     0.033        7     0.8  transversetemporal
 3129   2181   6797  3.113 0.719     0.107     0.026       25     3.1  insula
/out/sourcedata/freesurfer/sub-v1s21x0050408_ses-1/label
#--------------------------------------------
#@# BA_exvivo Labels rh Mon Mar  9 12:50:01 CET 2026

 mri_label2label --srcsubject fsaverage --srclabel /out/sourcedata/freesurfer/fsaverage/label/rh.BA1_exvivo.label --trgsubject sub-v1s21x0050408_ses-1 --trglabel ./rh.BA1_exvivo.label --hemi rh --regmethod surface 


srclabel = /out/sourcedata/freesurfer/fsaverage/label/rh.BA1_exvivo.label
srcsubject = fsaverage
trgsubject = sub-v1s21x0050408_ses-1
trglabel = ./rh.BA1_exvivo.label
regmethod = surface

srchemi = rh
trghemi = rh
trgsurface = white
srcsurfreg = sphere.reg
trgsurfreg = sphere.reg
usehash = 1
Use ProjAbs  = 0, 0
Use ProjFrac = 0, 0
DoPaint 0

SUBJECTS_DIR    /out/sourcedata/freesurfer
FREESURFER_HOME /opt/freesurfer
Loading source label.
Found 3962 points in source label.
Starting surface-based mapping
Reading source registration 
 /out/sourcedata/freesurfer/fsaverage/surf/rh.sphere.reg
Rescaling ...  original radius = 100
Reading target surface 
 /out/sourcedata/freesurfer/sub-v1s21x0050408_ses-1/surf/rh.white
Reading target registration 
 /out/sourcedata/freesurfer/sub-v1s21x0050408_ses-1/surf/rh.sphere.reg
Rescaling ...  original radius = 100
Building target registration hash (res=16).
Building source registration hash (res=16).
INFO: found  3962 nlabel points
Performing mapping from target back to the source label 144468
Number of reverse mapping hits = 195
Checking for and removing duplicates
Writing label file ./rh.BA1_exvivo.label 4157
mri_label2label: Done


 mri_label2label --srcsubject fsaverage --srclabel /out/sourcedata/freesurfer/fsaverage/label/rh.BA2_exvivo.label --trgsubject sub-v1s21x0050408_ses-1 --trglabel ./rh.BA2_exvivo.label --hemi rh --regmethod surface 


srclabel = /out/sourcedata/freesurfer/fsaverage/label/rh.BA2_exvivo.label
srcsubject = fsaverage
trgsubject = sub-v1s21x0050408_ses-1
trglabel = ./rh.BA2_exvivo.label
regmethod = surface

srchemi = rh
trghemi = rh
trgsurface = white
srcsurfreg = sphere.reg
trgsurfreg = sphere.reg
usehash = 1
Use ProjAbs  = 0, 0
Use ProjFrac = 0, 0
DoPaint 0

SUBJECTS_DIR    /out/sourcedata/freesurfer
FREESURFER_HOME /opt/freesurfer
Loading source label.
Found 6687 points in source label.
Starting surface-based mapping
Reading source registration 
 /out/sourcedata/freesurfer/fsaverage/surf/rh.sphere.reg
Rescaling ...  original radius = 100
Reading target surface 
 /out/sourcedata/freesurfer/sub-v1s21x0050408_ses-1/surf/rh.white
Reading target registration 
 /out/sourcedata/freesurfer/sub-v1s21x0050408_ses-1/surf/rh.sphere.reg
Rescaling ...  original radius = 100
Building target registration hash (res=16).
Building source registration hash (res=16).
INFO: found  6687 nlabel points
Performing mapping from target back to the source label 144468
Number of reverse mapping hits = 217
Checking for and removing duplicates
Writing label file ./rh.BA2_exvivo.label 6904
mri_label2label: Done


 mri_label2label --srcsubject fsaverage --srclabel /out/sourcedata/freesurfer/fsaverage/label/rh.BA3a_exvivo.label --trgsubject sub-v1s21x0050408_ses-1 --trglabel ./rh.BA3a_exvivo.label --hemi rh --regmethod surface 


srclabel = /out/sourcedata/freesurfer/fsaverage/label/rh.BA3a_exvivo.label
srcsubject = fsaverage
trgsubject = sub-v1s21x0050408_ses-1
trglabel = ./rh.BA3a_exvivo.label
regmethod = surface

srchemi = rh
trghemi = rh
trgsurface = white
srcsurfreg = sphere.reg
trgsurfreg = sphere.reg
usehash = 1
Use ProjAbs  = 0, 0
Use ProjFrac = 0, 0
DoPaint 0

SUBJECTS_DIR    /out/sourcedata/freesurfer
FREESURFER_HOME /opt/freesurfer
Loading source label.
Found 3980 points in source label.
Starting surface-based mapping
Reading source registration 
 /out/sourcedata/freesurfer/fsaverage/surf/rh.sphere.reg
Rescaling ...  original radius = 100
Reading target surface 
 /out/sourcedata/freesurfer/sub-v1s21x0050408_ses-1/surf/rh.white
Reading target registration 
 /out/sourcedata/freesurfer/sub-v1s21x0050408_ses-1/surf/rh.sphere.reg
Rescaling ...  original radius = 100
Building target registration hash (res=16).
Building source registration hash (res=16).
INFO: found  3980 nlabel points
Performing mapping from target back to the source label 144468
Number of reverse mapping hits = 34
Checking for and removing duplicates
Writing label file ./rh.BA3a_exvivo.label 4014
mri_label2label: Done


 mri_label2label --srcsubject fsaverage --srclabel /out/sourcedata/freesurfer/fsaverage/label/rh.BA3b_exvivo.label --trgsubject sub-v1s21x0050408_ses-1 --trglabel ./rh.BA3b_exvivo.label --hemi rh --regmethod surface 


srclabel = /out/sourcedata/freesurfer/fsaverage/label/rh.BA3b_exvivo.label
srcsubject = fsaverage
trgsubject = sub-v1s21x0050408_ses-1
trglabel = ./rh.BA3b_exvivo.label
regmethod = surface

srchemi = rh
trghemi = rh
trgsurface = white
srcsurfreg = sphere.reg
trgsurfreg = sphere.reg
usehash = 1
Use ProjAbs  = 0, 0
Use ProjFrac = 0, 0
DoPaint 0

SUBJECTS_DIR    /out/sourcedata/freesurfer
FREESURFER_HOME /opt/freesurfer
Loading source label.
Found 4522 points in source label.
Starting surface-based mapping
Reading source registration 
 /out/sourcedata/freesurfer/fsaverage/surf/rh.sphere.reg
Rescaling ...  original radius = 100
Reading target surface 
 /out/sourcedata/freesurfer/sub-v1s21x0050408_ses-1/surf/rh.white
Reading target registration 
 /out/sourcedata/freesurfer/sub-v1s21x0050408_ses-1/surf/rh.sphere.reg
Rescaling ...  original radius = 100
Building target registration hash (res=16).
Building source registration hash (res=16).
INFO: found  4522 nlabel points
Performing mapping from target back to the source label 144468
Number of reverse mapping hits = 193
Checking for and removing duplicates
Writing label file ./rh.BA3b_exvivo.label 4715
mri_label2label: Done


 mri_label2label --srcsubject fsaverage --srclabel /out/sourcedata/freesurfer/fsaverage/label/rh.BA4a_exvivo.label --trgsubject sub-v1s21x0050408_ses-1 --trglabel ./rh.BA4a_exvivo.label --hemi rh --regmethod surface 


srclabel = /out/sourcedata/freesurfer/fsaverage/label/rh.BA4a_exvivo.label
srcsubject = fsaverage
trgsubject = sub-v1s21x0050408_ses-1
trglabel = ./rh.BA4a_exvivo.label
regmethod = surface

srchemi = rh
trghemi = rh
trgsurface = white
srcsurfreg = sphere.reg
trgsurfreg = sphere.reg
usehash = 1
Use ProjAbs  = 0, 0
Use ProjFrac = 0, 0
DoPaint 0

SUBJECTS_DIR    /out/sourcedata/freesurfer
FREESURFER_HOME /opt/freesurfer
Loading source label.
Found 5747 points in source label.
Starting surface-based mapping
Reading source registration 
 /out/sourcedata/freesurfer/fsaverage/surf/rh.sphere.reg
Rescaling ...  original radius = 100
Reading target surface 
 /out/sourcedata/freesurfer/sub-v1s21x0050408_ses-1/surf/rh.white
Reading target registration 
 /out/sourcedata/freesurfer/sub-v1s21x0050408_ses-1/surf/rh.sphere.reg
Rescaling ...  original radius = 100
Building target registration hash (res=16).
Building source registration hash (res=16).
INFO: found  5747 nlabel points
Performing mapping from target back to the source label 144468
Number of reverse mapping hits = 412
Checking for and removing duplicates
Writing label file ./rh.BA4a_exvivo.label 6159
mri_label2label: Done


 mri_label2label --srcsubject fsaverage --srclabel /out/sourcedata/freesurfer/fsaverage/label/rh.BA4p_exvivo.label --trgsubject sub-v1s21x0050408_ses-1 --trglabel ./rh.BA4p_exvivo.label --hemi rh --regmethod surface 


srclabel = /out/sourcedata/freesurfer/fsaverage/label/rh.BA4p_exvivo.label
srcsubject = fsaverage
trgsubject = sub-v1s21x0050408_ses-1
trglabel = ./rh.BA4p_exvivo.label
regmethod = surface

srchemi = rh
trghemi = rh
trgsurface = white
srcsurfreg = sphere.reg
trgsurfreg = sphere.reg
usehash = 1
Use ProjAbs  = 0, 0
Use ProjFrac = 0, 0
DoPaint 0

SUBJECTS_DIR    /out/sourcedata/freesurfer
FREESURFER_HOME /opt/freesurfer
Loading source label.
Found 4473 points in source label.
Starting surface-based mapping
Reading source registration 
 /out/sourcedata/freesurfer/fsaverage/surf/rh.sphere.reg
Rescaling ...  original radius = 100
Reading target surface 
 /out/sourcedata/freesurfer/sub-v1s21x0050408_ses-1/surf/rh.white
Reading target registration 
 /out/sourcedata/freesurfer/sub-v1s21x0050408_ses-1/surf/rh.sphere.reg
Rescaling ...  original radius = 100
Building target registration hash (res=16).
Building source registration hash (res=16).
INFO: found  4473 nlabel points
Performing mapping from target back to the source label 144468
Number of reverse mapping hits = 85
Checking for and removing duplicates
Writing label file ./rh.BA4p_exvivo.label 4558
mri_label2label: Done


 mri_label2label --srcsubject fsaverage --srclabel /out/sourcedata/freesurfer/fsaverage/label/rh.BA6_exvivo.label --trgsubject sub-v1s21x0050408_ses-1 --trglabel ./rh.BA6_exvivo.label --hemi rh --regmethod surface 


srclabel = /out/sourcedata/freesurfer/fsaverage/label/rh.BA6_exvivo.label
srcsubject = fsaverage
trgsubject = sub-v1s21x0050408_ses-1
trglabel = ./rh.BA6_exvivo.label
regmethod = surface

srchemi = rh
trghemi = rh
trgsurface = white
srcsurfreg = sphere.reg
trgsurfreg = sphere.reg
usehash = 1
Use ProjAbs  = 0, 0
Use ProjFrac = 0, 0
DoPaint 0

SUBJECTS_DIR    /out/sourcedata/freesurfer
FREESURFER_HOME /opt/freesurfer
Loading source label.
Found 12256 points in source label.
Starting surface-based mapping
Reading source registration 
 /out/sourcedata/freesurfer/fsaverage/surf/rh.sphere.reg
Rescaling ...  original radius = 100
Reading target surface 
 /out/sourcedata/freesurfer/sub-v1s21x0050408_ses-1/surf/rh.white
Reading target registration 
 /out/sourcedata/freesurfer/sub-v1s21x0050408_ses-1/surf/rh.sphere.reg
Rescaling ...  original radius = 100
Building target registration hash (res=16).
Building source registration hash (res=16).
INFO: found  12256 nlabel points
Performing mapping from target back to the source label 144468
Number of reverse mapping hits = 783
Checking for and removing duplicates
Writing label file ./rh.BA6_exvivo.label 13039
mri_label2label: Done


 mri_label2label --srcsubject fsaverage --srclabel /out/sourcedata/freesurfer/fsaverage/label/rh.BA44_exvivo.label --trgsubject sub-v1s21x0050408_ses-1 --trglabel ./rh.BA44_exvivo.label --hemi rh --regmethod surface 


srclabel = /out/sourcedata/freesurfer/fsaverage/label/rh.BA44_exvivo.label
srcsubject = fsaverage
trgsubject = sub-v1s21x0050408_ses-1
trglabel = ./rh.BA44_exvivo.label
regmethod = surface

srchemi = rh
trghemi = rh
trgsurface = white
srcsurfreg = sphere.reg
trgsurfreg = sphere.reg
usehash = 1
Use ProjAbs  = 0, 0
Use ProjFrac = 0, 0
DoPaint 0

SUBJECTS_DIR    /out/sourcedata/freesurfer
FREESURFER_HOME /opt/freesurfer
Loading source label.
Found 6912 points in source label.
Starting surface-based mapping
Reading source registration 
 /out/sourcedata/freesurfer/fsaverage/surf/rh.sphere.reg
Rescaling ...  original radius = 100
Reading target surface 
 /out/sourcedata/freesurfer/sub-v1s21x0050408_ses-1/surf/rh.white
Reading target registration 
 /out/sourcedata/freesurfer/sub-v1s21x0050408_ses-1/surf/rh.sphere.reg
Rescaling ...  original radius = 100
Building target registration hash (res=16).
Building source registration hash (res=16).
INFO: found  6912 nlabel points
Performing mapping from target back to the source label 144468
Number of reverse mapping hits = 932
Checking for and removing duplicates
Writing label file ./rh.BA44_exvivo.label 7844
mri_label2label: Done


 mri_label2label --srcsubject fsaverage --srclabel /out/sourcedata/freesurfer/fsaverage/label/rh.BA45_exvivo.label --trgsubject sub-v1s21x0050408_ses-1 --trglabel ./rh.BA45_exvivo.label --hemi rh --regmethod surface 


srclabel = /out/sourcedata/freesurfer/fsaverage/label/rh.BA45_exvivo.label
srcsubject = fsaverage
trgsubject = sub-v1s21x0050408_ses-1
trglabel = ./rh.BA45_exvivo.label
regmethod = surface

srchemi = rh
trghemi = rh
trgsurface = white
srcsurfreg = sphere.reg
trgsurfreg = sphere.reg
usehash = 1
Use ProjAbs  = 0, 0
Use ProjFrac = 0, 0
DoPaint 0

SUBJECTS_DIR    /out/sourcedata/freesurfer
FREESURFER_HOME /opt/freesurfer
Loading source label.
Found 5355 points in source label.
Starting surface-based mapping
Reading source registration 
 /out/sourcedata/freesurfer/fsaverage/surf/rh.sphere.reg
Rescaling ...  original radius = 100
Reading target surface 
 /out/sourcedata/freesurfer/sub-v1s21x0050408_ses-1/surf/rh.white
Reading target registration 
 /out/sourcedata/freesurfer/sub-v1s21x0050408_ses-1/surf/rh.sphere.reg
Rescaling ...  original radius = 100
Building target registration hash (res=16).
Building source registration hash (res=16).
INFO: found  5355 nlabel points
Performing mapping from target back to the source label 144468
Number of reverse mapping hits = 1533
Checking for and removing duplicates
Writing label file ./rh.BA45_exvivo.label 6888
mri_label2label: Done


 mri_label2label --srcsubject fsaverage --srclabel /out/sourcedata/freesurfer/fsaverage/label/rh.V1_exvivo.label --trgsubject sub-v1s21x0050408_ses-1 --trglabel ./rh.V1_exvivo.label --hemi rh --regmethod surface 


srclabel = /out/sourcedata/freesurfer/fsaverage/label/rh.V1_exvivo.label
srcsubject = fsaverage
trgsubject = sub-v1s21x0050408_ses-1
trglabel = ./rh.V1_exvivo.label
regmethod = surface

srchemi = rh
trghemi = rh
trgsurface = white
srcsurfreg = sphere.reg
trgsurfreg = sphere.reg
usehash = 1
Use ProjAbs  = 0, 0
Use ProjFrac = 0, 0
DoPaint 0

SUBJECTS_DIR    /out/sourcedata/freesurfer
FREESURFER_HOME /opt/freesurfer
Loading source label.
Found 4727 points in source label.
Starting surface-based mapping
Reading source registration 
 /out/sourcedata/freesurfer/fsaverage/surf/rh.sphere.reg
Rescaling ...  original radius = 100
Reading target surface 
 /out/sourcedata/freesurfer/sub-v1s21x0050408_ses-1/surf/rh.white
Reading target registration 
 /out/sourcedata/freesurfer/sub-v1s21x0050408_ses-1/surf/rh.sphere.reg
Rescaling ...  original radius = 100
Building target registration hash (res=16).
Building source registration hash (res=16).
INFO: found  4727 nlabel points
Performing mapping from target back to the source label 144468
Number of reverse mapping hits = 1115
Checking for and removing duplicates
Writing label file ./rh.V1_exvivo.label 5842
mri_label2label: Done


 mri_label2label --srcsubject fsaverage --srclabel /out/sourcedata/freesurfer/fsaverage/label/rh.V2_exvivo.label --trgsubject sub-v1s21x0050408_ses-1 --trglabel ./rh.V2_exvivo.label --hemi rh --regmethod surface 


srclabel = /out/sourcedata/freesurfer/fsaverage/label/rh.V2_exvivo.label
srcsubject = fsaverage
trgsubject = sub-v1s21x0050408_ses-1
trglabel = ./rh.V2_exvivo.label
regmethod = surface

srchemi = rh
trghemi = rh
trgsurface = white
srcsurfreg = sphere.reg
trgsurfreg = sphere.reg
usehash = 1
Use ProjAbs  = 0, 0
Use ProjFrac = 0, 0
DoPaint 0

SUBJECTS_DIR    /out/sourcedata/freesurfer
FREESURFER_HOME /opt/freesurfer
Loading source label.
Found 8016 points in source label.
Starting surface-based mapping
Reading source registration 
 /out/sourcedata/freesurfer/fsaverage/surf/rh.sphere.reg
Rescaling ...  original radius = 100
Reading target surface 
 /out/sourcedata/freesurfer/sub-v1s21x0050408_ses-1/surf/rh.white
Reading target registration 
 /out/sourcedata/freesurfer/sub-v1s21x0050408_ses-1/surf/rh.sphere.reg
Rescaling ...  original radius = 100
Building target registration hash (res=16).
Building source registration hash (res=16).
INFO: found  8016 nlabel points
Performing mapping from target back to the source label 144468
Number of reverse mapping hits = 2350
Checking for and removing duplicates
Writing label file ./rh.V2_exvivo.label 10366
mri_label2label: Done


 mri_label2label --srcsubject fsaverage --srclabel /out/sourcedata/freesurfer/fsaverage/label/rh.MT_exvivo.label --trgsubject sub-v1s21x0050408_ses-1 --trglabel ./rh.MT_exvivo.label --hemi rh --regmethod surface 


srclabel = /out/sourcedata/freesurfer/fsaverage/label/rh.MT_exvivo.label
srcsubject = fsaverage
trgsubject = sub-v1s21x0050408_ses-1
trglabel = ./rh.MT_exvivo.label
regmethod = surface

srchemi = rh
trghemi = rh
trgsurface = white
srcsurfreg = sphere.reg
trgsurfreg = sphere.reg
usehash = 1
Use ProjAbs  = 0, 0
Use ProjFrac = 0, 0
DoPaint 0

SUBJECTS_DIR    /out/sourcedata/freesurfer
FREESURFER_HOME /opt/freesurfer
Loading source label.
Found 1932 points in source label.
Starting surface-based mapping
Reading source registration 
 /out/sourcedata/freesurfer/fsaverage/surf/rh.sphere.reg
Rescaling ...  original radius = 100
Reading target surface 
 /out/sourcedata/freesurfer/sub-v1s21x0050408_ses-1/surf/rh.white
Reading target registration 
 /out/sourcedata/freesurfer/sub-v1s21x0050408_ses-1/surf/rh.sphere.reg
Rescaling ...  original radius = 100
Building target registration hash (res=16).
Building source registration hash (res=16).
INFO: found  1932 nlabel points
Performing mapping from target back to the source label 144468
Number of reverse mapping hits = 539
Checking for and removing duplicates
Writing label file ./rh.MT_exvivo.label 2471
mri_label2label: Done


 mri_label2label --srcsubject fsaverage --srclabel /out/sourcedata/freesurfer/fsaverage/label/rh.entorhinal_exvivo.label --trgsubject sub-v1s21x0050408_ses-1 --trglabel ./rh.entorhinal_exvivo.label --hemi rh --regmethod surface 


srclabel = /out/sourcedata/freesurfer/fsaverage/label/rh.entorhinal_exvivo.label
srcsubject = fsaverage
trgsubject = sub-v1s21x0050408_ses-1
trglabel = ./rh.entorhinal_exvivo.label
regmethod = surface

srchemi = rh
trghemi = rh
trgsurface = white
srcsurfreg = sphere.reg
trgsurfreg = sphere.reg
usehash = 1
Use ProjAbs  = 0, 0
Use ProjFrac = 0, 0
DoPaint 0

SUBJECTS_DIR    /out/sourcedata/freesurfer
FREESURFER_HOME /opt/freesurfer
Loading source label.
Found 1038 points in source label.
Starting surface-based mapping
Reading source registration 
 /out/sourcedata/freesurfer/fsaverage/surf/rh.sphere.reg
Rescaling ...  original radius = 100
Reading target surface 
 /out/sourcedata/freesurfer/sub-v1s21x0050408_ses-1/surf/rh.white
Reading target registration 
 /out/sourcedata/freesurfer/sub-v1s21x0050408_ses-1/surf/rh.sphere.reg
Rescaling ...  original radius = 100
Building target registration hash (res=16).
Building source registration hash (res=16).
INFO: found  1038 nlabel points
Performing mapping from target back to the source label 144468
Number of reverse mapping hits = 169
Checking for and removing duplicates
Writing label file ./rh.entorhinal_exvivo.label 1207
mri_label2label: Done


 mri_label2label --srcsubject fsaverage --srclabel /out/sourcedata/freesurfer/fsaverage/label/rh.perirhinal_exvivo.label --trgsubject sub-v1s21x0050408_ses-1 --trglabel ./rh.perirhinal_exvivo.label --hemi rh --regmethod surface 


srclabel = /out/sourcedata/freesurfer/fsaverage/label/rh.perirhinal_exvivo.label
srcsubject = fsaverage
trgsubject = sub-v1s21x0050408_ses-1
trglabel = ./rh.perirhinal_exvivo.label
regmethod = surface

srchemi = rh
trghemi = rh
trgsurface = white
srcsurfreg = sphere.reg
trgsurfreg = sphere.reg
usehash = 1
Use ProjAbs  = 0, 0
Use ProjFrac = 0, 0
DoPaint 0

SUBJECTS_DIR    /out/sourcedata/freesurfer
FREESURFER_HOME /opt/freesurfer
Loading source label.
Found 752 points in source label.
Starting surface-based mapping
Reading source registration 
 /out/sourcedata/freesurfer/fsaverage/surf/rh.sphere.reg
Rescaling ...  original radius = 100
Reading target surface 
 /out/sourcedata/freesurfer/sub-v1s21x0050408_ses-1/surf/rh.white
Reading target registration 
 /out/sourcedata/freesurfer/sub-v1s21x0050408_ses-1/surf/rh.sphere.reg
Rescaling ...  original radius = 100
Building target registration hash (res=16).
Building source registration hash (res=16).
INFO: found  752 nlabel points
Performing mapping from target back to the source label 144468
Number of reverse mapping hits = 146
Checking for and removing duplicates
Writing label file ./rh.perirhinal_exvivo.label 898
mri_label2label: Done


 mri_label2label --srcsubject fsaverage --srclabel /out/sourcedata/freesurfer/fsaverage/label/rh.FG1.mpm.vpnl.label --trgsubject sub-v1s21x0050408_ses-1 --trglabel ./rh.FG1.mpm.vpnl.label --hemi rh --regmethod surface 


srclabel = /out/sourcedata/freesurfer/fsaverage/label/rh.FG1.mpm.vpnl.label
srcsubject = fsaverage
trgsubject = sub-v1s21x0050408_ses-1
trglabel = ./rh.FG1.mpm.vpnl.label
regmethod = surface

srchemi = rh
trghemi = rh
trgsurface = white
srcsurfreg = sphere.reg
trgsurfreg = sphere.reg
usehash = 1
Use ProjAbs  = 0, 0
Use ProjFrac = 0, 0
DoPaint 0

SUBJECTS_DIR    /out/sourcedata/freesurfer
FREESURFER_HOME /opt/freesurfer
Loading source label.
Found 541 points in source label.
Starting surface-based mapping
Reading source registration 
 /out/sourcedata/freesurfer/fsaverage/surf/rh.sphere.reg
Rescaling ...  original radius = 100
Reading target surface 
 /out/sourcedata/freesurfer/sub-v1s21x0050408_ses-1/surf/rh.white
Reading target registration 
 /out/sourcedata/freesurfer/sub-v1s21x0050408_ses-1/surf/rh.sphere.reg
Rescaling ...  original radius = 100
Building target registration hash (res=16).
Building source registration hash (res=16).
INFO: found  541 nlabel points
Performing mapping from target back to the source label 144468
Number of reverse mapping hits = 222
Checking for and removing duplicates
Writing label file ./rh.FG1.mpm.vpnl.label 763
mri_label2label: Done


 mri_label2label --srcsubject fsaverage --srclabel /out/sourcedata/freesurfer/fsaverage/label/rh.FG2.mpm.vpnl.label --trgsubject sub-v1s21x0050408_ses-1 --trglabel ./rh.FG2.mpm.vpnl.label --hemi rh --regmethod surface 


srclabel = /out/sourcedata/freesurfer/fsaverage/label/rh.FG2.mpm.vpnl.label
srcsubject = fsaverage
trgsubject = sub-v1s21x0050408_ses-1
trglabel = ./rh.FG2.mpm.vpnl.label
regmethod = surface

srchemi = rh
trghemi = rh
trgsurface = white
srcsurfreg = sphere.reg
trgsurfreg = sphere.reg
usehash = 1
Use ProjAbs  = 0, 0
Use ProjFrac = 0, 0
DoPaint 0

SUBJECTS_DIR    /out/sourcedata/freesurfer
FREESURFER_HOME /opt/freesurfer
Loading source label.
Found 721 points in source label.
Starting surface-based mapping
Reading source registration 
 /out/sourcedata/freesurfer/fsaverage/surf/rh.sphere.reg
Rescaling ...  original radius = 100
Reading target surface 
 /out/sourcedata/freesurfer/sub-v1s21x0050408_ses-1/surf/rh.white
Reading target registration 
 /out/sourcedata/freesurfer/sub-v1s21x0050408_ses-1/surf/rh.sphere.reg
Rescaling ...  original radius = 100
Building target registration hash (res=16).
Building source registration hash (res=16).
INFO: found  721 nlabel points
Performing mapping from target back to the source label 144468
Number of reverse mapping hits = 261
Checking for and removing duplicates
Writing label file ./rh.FG2.mpm.vpnl.label 982
mri_label2label: Done


 mri_label2label --srcsubject fsaverage --srclabel /out/sourcedata/freesurfer/fsaverage/label/rh.FG3.mpm.vpnl.label --trgsubject sub-v1s21x0050408_ses-1 --trglabel ./rh.FG3.mpm.vpnl.label --hemi rh --regmethod surface 


srclabel = /out/sourcedata/freesurfer/fsaverage/label/rh.FG3.mpm.vpnl.label
srcsubject = fsaverage
trgsubject = sub-v1s21x0050408_ses-1
trglabel = ./rh.FG3.mpm.vpnl.label
regmethod = surface

srchemi = rh
trghemi = rh
trgsurface = white
srcsurfreg = sphere.reg
trgsurfreg = sphere.reg
usehash = 1
Use ProjAbs  = 0, 0
Use ProjFrac = 0, 0
DoPaint 0

SUBJECTS_DIR    /out/sourcedata/freesurfer
FREESURFER_HOME /opt/freesurfer
Loading source label.
Found 1523 points in source label.
Starting surface-based mapping
Reading source registration 
 /out/sourcedata/freesurfer/fsaverage/surf/rh.sphere.reg
Rescaling ...  original radius = 100
Reading target surface 
 /out/sourcedata/freesurfer/sub-v1s21x0050408_ses-1/surf/rh.white
Reading target registration 
 /out/sourcedata/freesurfer/sub-v1s21x0050408_ses-1/surf/rh.sphere.reg
Rescaling ...  original radius = 100
Building target registration hash (res=16).
Building source registration hash (res=16).
INFO: found  1523 nlabel points
Performing mapping from target back to the source label 144468
Number of reverse mapping hits = 310
Checking for and removing duplicates
Writing label file ./rh.FG3.mpm.vpnl.label 1833
mri_label2label: Done


 mri_label2label --srcsubject fsaverage --srclabel /out/sourcedata/freesurfer/fsaverage/label/rh.FG4.mpm.vpnl.label --trgsubject sub-v1s21x0050408_ses-1 --trglabel ./rh.FG4.mpm.vpnl.label --hemi rh --regmethod surface 


srclabel = /out/sourcedata/freesurfer/fsaverage/label/rh.FG4.mpm.vpnl.label
srcsubject = fsaverage
trgsubject = sub-v1s21x0050408_ses-1
trglabel = ./rh.FG4.mpm.vpnl.label
regmethod = surface

srchemi = rh
trghemi = rh
trgsurface = white
srcsurfreg = sphere.reg
trgsurfreg = sphere.reg
usehash = 1
Use ProjAbs  = 0, 0
Use ProjFrac = 0, 0
DoPaint 0

SUBJECTS_DIR    /out/sourcedata/freesurfer
FREESURFER_HOME /opt/freesurfer
Loading source label.
Found 1586 points in source label.
Starting surface-based mapping
Reading source registration 
 /out/sourcedata/freesurfer/fsaverage/surf/rh.sphere.reg
Rescaling ...  original radius = 100
Reading target surface 
 /out/sourcedata/freesurfer/sub-v1s21x0050408_ses-1/surf/rh.white
Reading target registration 
 /out/sourcedata/freesurfer/sub-v1s21x0050408_ses-1/surf/rh.sphere.reg
Rescaling ...  original radius = 100
Building target registration hash (res=16).
Building source registration hash (res=16).
INFO: found  1586 nlabel points
Performing mapping from target back to the source label 144468
Number of reverse mapping hits = 393
Checking for and removing duplicates
Writing label file ./rh.FG4.mpm.vpnl.label 1979
mri_label2label: Done


 mri_label2label --srcsubject fsaverage --srclabel /out/sourcedata/freesurfer/fsaverage/label/rh.hOc1.mpm.vpnl.label --trgsubject sub-v1s21x0050408_ses-1 --trglabel ./rh.hOc1.mpm.vpnl.label --hemi rh --regmethod surface 


srclabel = /out/sourcedata/freesurfer/fsaverage/label/rh.hOc1.mpm.vpnl.label
srcsubject = fsaverage
trgsubject = sub-v1s21x0050408_ses-1
trglabel = ./rh.hOc1.mpm.vpnl.label
regmethod = surface

srchemi = rh
trghemi = rh
trgsurface = white
srcsurfreg = sphere.reg
trgsurfreg = sphere.reg
usehash = 1
Use ProjAbs  = 0, 0
Use ProjFrac = 0, 0
DoPaint 0

SUBJECTS_DIR    /out/sourcedata/freesurfer
FREESURFER_HOME /opt/freesurfer
Loading source label.
Found 3667 points in source label.
Starting surface-based mapping
Reading source registration 
 /out/sourcedata/freesurfer/fsaverage/surf/rh.sphere.reg
Rescaling ...  original radius = 100
Reading target surface 
 /out/sourcedata/freesurfer/sub-v1s21x0050408_ses-1/surf/rh.white
Reading target registration 
 /out/sourcedata/freesurfer/sub-v1s21x0050408_ses-1/surf/rh.sphere.reg
Rescaling ...  original radius = 100
Building target registration hash (res=16).
Building source registration hash (res=16).
INFO: found  3667 nlabel points
Performing mapping from target back to the source label 144468
Number of reverse mapping hits = 795
Checking for and removing duplicates
Writing label file ./rh.hOc1.mpm.vpnl.label 4462
mri_label2label: Done


 mri_label2label --srcsubject fsaverage --srclabel /out/sourcedata/freesurfer/fsaverage/label/rh.hOc2.mpm.vpnl.label --trgsubject sub-v1s21x0050408_ses-1 --trglabel ./rh.hOc2.mpm.vpnl.label --hemi rh --regmethod surface 


srclabel = /out/sourcedata/freesurfer/fsaverage/label/rh.hOc2.mpm.vpnl.label
srcsubject = fsaverage
trgsubject = sub-v1s21x0050408_ses-1
trglabel = ./rh.hOc2.mpm.vpnl.label
regmethod = surface

srchemi = rh
trghemi = rh
trgsurface = white
srcsurfreg = sphere.reg
trgsurfreg = sphere.reg
usehash = 1
Use ProjAbs  = 0, 0
Use ProjFrac = 0, 0
DoPaint 0

SUBJECTS_DIR    /out/sourcedata/freesurfer
FREESURFER_HOME /opt/freesurfer
Loading source label.
Found 2719 points in source label.
Starting surface-based mapping
Reading source registration 
 /out/sourcedata/freesurfer/fsaverage/surf/rh.sphere.reg
Rescaling ...  original radius = 100
Reading target surface 
 /out/sourcedata/freesurfer/sub-v1s21x0050408_ses-1/surf/rh.white
Reading target registration 
 /out/sourcedata/freesurfer/sub-v1s21x0050408_ses-1/surf/rh.sphere.reg
Rescaling ...  original radius = 100
Building target registration hash (res=16).
Building source registration hash (res=16).
INFO: found  2719 nlabel points
Performing mapping from target back to the source label 144468
Number of reverse mapping hits = 790
Checking for and removing duplicates
Writing label file ./rh.hOc2.mpm.vpnl.label 3509
mri_label2label: Done


 mri_label2label --srcsubject fsaverage --srclabel /out/sourcedata/freesurfer/fsaverage/label/rh.hOc3v.mpm.vpnl.label --trgsubject sub-v1s21x0050408_ses-1 --trglabel ./rh.hOc3v.mpm.vpnl.label --hemi rh --regmethod surface 


srclabel = /out/sourcedata/freesurfer/fsaverage/label/rh.hOc3v.mpm.vpnl.label
srcsubject = fsaverage
trgsubject = sub-v1s21x0050408_ses-1
trglabel = ./rh.hOc3v.mpm.vpnl.label
regmethod = surface

srchemi = rh
trghemi = rh
trgsurface = white
srcsurfreg = sphere.reg
trgsurfreg = sphere.reg
usehash = 1
Use ProjAbs  = 0, 0
Use ProjFrac = 0, 0
DoPaint 0

SUBJECTS_DIR    /out/sourcedata/freesurfer
FREESURFER_HOME /opt/freesurfer
Loading source label.
Found 1228 points in source label.
Starting surface-based mapping
Reading source registration 
 /out/sourcedata/freesurfer/fsaverage/surf/rh.sphere.reg
Rescaling ...  original radius = 100
Reading target surface 
 /out/sourcedata/freesurfer/sub-v1s21x0050408_ses-1/surf/rh.white
Reading target registration 
 /out/sourcedata/freesurfer/sub-v1s21x0050408_ses-1/surf/rh.sphere.reg
Rescaling ...  original radius = 100
Building target registration hash (res=16).
Building source registration hash (res=16).
INFO: found  1228 nlabel points
Performing mapping from target back to the source label 144468
Number of reverse mapping hits = 593
Checking for and removing duplicates
Writing label file ./rh.hOc3v.mpm.vpnl.label 1821
mri_label2label: Done


 mri_label2label --srcsubject fsaverage --srclabel /out/sourcedata/freesurfer/fsaverage/label/rh.hOc4v.mpm.vpnl.label --trgsubject sub-v1s21x0050408_ses-1 --trglabel ./rh.hOc4v.mpm.vpnl.label --hemi rh --regmethod surface 


srclabel = /out/sourcedata/freesurfer/fsaverage/label/rh.hOc4v.mpm.vpnl.label
srcsubject = fsaverage
trgsubject = sub-v1s21x0050408_ses-1
trglabel = ./rh.hOc4v.mpm.vpnl.label
regmethod = surface

srchemi = rh
trghemi = rh
trgsurface = white
srcsurfreg = sphere.reg
trgsurfreg = sphere.reg
usehash = 1
Use ProjAbs  = 0, 0
Use ProjFrac = 0, 0
DoPaint 0

SUBJECTS_DIR    /out/sourcedata/freesurfer
FREESURFER_HOME /opt/freesurfer
Loading source label.
Found 1025 points in source label.
Starting surface-based mapping
Reading source registration 
 /out/sourcedata/freesurfer/fsaverage/surf/rh.sphere.reg
Rescaling ...  original radius = 100
Reading target surface 
 /out/sourcedata/freesurfer/sub-v1s21x0050408_ses-1/surf/rh.white
Reading target registration 
 /out/sourcedata/freesurfer/sub-v1s21x0050408_ses-1/surf/rh.sphere.reg
Rescaling ...  original radius = 100
Building target registration hash (res=16).
Building source registration hash (res=16).
INFO: found  1025 nlabel points
Performing mapping from target back to the source label 144468
Number of reverse mapping hits = 400
Checking for and removing duplicates
Writing label file ./rh.hOc4v.mpm.vpnl.label 1425
mri_label2label: Done


 mris_label2annot --s sub-v1s21x0050408_ses-1 --ctab /opt/freesurfer/average/colortable_vpnl.txt --hemi rh --a mpm.vpnl --maxstatwinner --noverbose --l rh.FG1.mpm.vpnl.label --l rh.FG2.mpm.vpnl.label --l rh.FG3.mpm.vpnl.label --l rh.FG4.mpm.vpnl.label --l rh.hOc1.mpm.vpnl.label --l rh.hOc2.mpm.vpnl.label --l rh.hOc3v.mpm.vpnl.label --l rh.hOc4v.mpm.vpnl.label 

Reading ctab /opt/freesurfer/average/colortable_vpnl.txt
Number of ctab entries 9

7.3.2
cwd /out/sourcedata/freesurfer/sub-v1s21x0050408_ses-1/label
cmdline mris_label2annot --s sub-v1s21x0050408_ses-1 --ctab /opt/freesurfer/average/colortable_vpnl.txt --hemi rh --a mpm.vpnl --maxstatwinner --noverbose --l rh.FG1.mpm.vpnl.label --l rh.FG2.mpm.vpnl.label --l rh.FG3.mpm.vpnl.label --l rh.FG4.mpm.vpnl.label --l rh.hOc1.mpm.vpnl.label --l rh.hOc2.mpm.vpnl.label --l rh.hOc3v.mpm.vpnl.label --l rh.hOc4v.mpm.vpnl.label 
sysname  Linux
hostname dna078
machine  x86_64
user     oesteban

subject sub-v1s21x0050408_ses-1
hemi    rh
SUBJECTS_DIR /out/sourcedata/freesurfer
ColorTable /opt/freesurfer/average/colortable_vpnl.txt
AnnotName  mpm.vpnl
nlables 8
LabelThresh 0 0.000000
Loading /out/sourcedata/freesurfer/sub-v1s21x0050408_ses-1/surf/rh.orig
 1 1376057 FG1
 2 16711935 FG2
 3 16711680 FG3
 4 1705837 FG4
 5 25600 hOc1
 6 255 hOc2
 7 16776960 hOc3v
 8 65535 hOc4v
Mapping unhit to unknown
Found 128893 unhit vertices
Writing annot to /out/sourcedata/freesurfer/sub-v1s21x0050408_ses-1/label/rh.mpm.vpnl.annot

 mri_label2label --srcsubject fsaverage --srclabel /out/sourcedata/freesurfer/fsaverage/label/rh.BA1_exvivo.thresh.label --trgsubject sub-v1s21x0050408_ses-1 --trglabel ./rh.BA1_exvivo.thresh.label --hemi rh --regmethod surface 


srclabel = /out/sourcedata/freesurfer/fsaverage/label/rh.BA1_exvivo.thresh.label
srcsubject = fsaverage
trgsubject = sub-v1s21x0050408_ses-1
trglabel = ./rh.BA1_exvivo.thresh.label
regmethod = surface

srchemi = rh
trghemi = rh
trgsurface = white
srcsurfreg = sphere.reg
trgsurfreg = sphere.reg
usehash = 1
Use ProjAbs  = 0, 0
Use ProjFrac = 0, 0
DoPaint 0

SUBJECTS_DIR    /out/sourcedata/freesurfer
FREESURFER_HOME /opt/freesurfer
Loading source label.
Found 876 points in source label.
Starting surface-based mapping
Reading source registration 
 /out/sourcedata/freesurfer/fsaverage/surf/rh.sphere.reg
Rescaling ...  original radius = 100
Reading target surface 
 /out/sourcedata/freesurfer/sub-v1s21x0050408_ses-1/surf/rh.white
Reading target registration 
 /out/sourcedata/freesurfer/sub-v1s21x0050408_ses-1/surf/rh.sphere.reg
Rescaling ...  original radius = 100
Building target registration hash (res=16).
Building source registration hash (res=16).
INFO: found  876 nlabel points
Performing mapping from target back to the source label 144468
Number of reverse mapping hits = 29
Checking for and removing duplicates
Writing label file ./rh.BA1_exvivo.thresh.label 905
mri_label2label: Done


 mri_label2label --srcsubject fsaverage --srclabel /out/sourcedata/freesurfer/fsaverage/label/rh.BA2_exvivo.thresh.label --trgsubject sub-v1s21x0050408_ses-1 --trglabel ./rh.BA2_exvivo.thresh.label --hemi rh --regmethod surface 


srclabel = /out/sourcedata/freesurfer/fsaverage/label/rh.BA2_exvivo.thresh.label
srcsubject = fsaverage
trgsubject = sub-v1s21x0050408_ses-1
trglabel = ./rh.BA2_exvivo.thresh.label
regmethod = surface

srchemi = rh
trghemi = rh
trgsurface = white
srcsurfreg = sphere.reg
trgsurfreg = sphere.reg
usehash = 1
Use ProjAbs  = 0, 0
Use ProjFrac = 0, 0
DoPaint 0

SUBJECTS_DIR    /out/sourcedata/freesurfer
FREESURFER_HOME /opt/freesurfer
Loading source label.
Found 2688 points in source label.
Starting surface-based mapping
Reading source registration 
 /out/sourcedata/freesurfer/fsaverage/surf/rh.sphere.reg
Rescaling ...  original radius = 100
Reading target surface 
 /out/sourcedata/freesurfer/sub-v1s21x0050408_ses-1/surf/rh.white
Reading target registration 
 /out/sourcedata/freesurfer/sub-v1s21x0050408_ses-1/surf/rh.sphere.reg
Rescaling ...  original radius = 100
Building target registration hash (res=16).
Building source registration hash (res=16).
INFO: found  2688 nlabel points
Performing mapping from target back to the source label 144468
Number of reverse mapping hits = 69
Checking for and removing duplicates
Writing label file ./rh.BA2_exvivo.thresh.label 2757
mri_label2label: Done


 mri_label2label --srcsubject fsaverage --srclabel /out/sourcedata/freesurfer/fsaverage/label/rh.BA3a_exvivo.thresh.label --trgsubject sub-v1s21x0050408_ses-1 --trglabel ./rh.BA3a_exvivo.thresh.label --hemi rh --regmethod surface 


srclabel = /out/sourcedata/freesurfer/fsaverage/label/rh.BA3a_exvivo.thresh.label
srcsubject = fsaverage
trgsubject = sub-v1s21x0050408_ses-1
trglabel = ./rh.BA3a_exvivo.thresh.label
regmethod = surface

srchemi = rh
trghemi = rh
trgsurface = white
srcsurfreg = sphere.reg
trgsurfreg = sphere.reg
usehash = 1
Use ProjAbs  = 0, 0
Use ProjFrac = 0, 0
DoPaint 0

SUBJECTS_DIR    /out/sourcedata/freesurfer
FREESURFER_HOME /opt/freesurfer
Loading source label.
Found 1698 points in source label.
Starting surface-based mapping
Reading source registration 
 /out/sourcedata/freesurfer/fsaverage/surf/rh.sphere.reg
Rescaling ...  original radius = 100
Reading target surface 
 /out/sourcedata/freesurfer/sub-v1s21x0050408_ses-1/surf/rh.white
Reading target registration 
 /out/sourcedata/freesurfer/sub-v1s21x0050408_ses-1/surf/rh.sphere.reg
Rescaling ...  original radius = 100
Building target registration hash (res=16).
Building source registration hash (res=16).
INFO: found  1698 nlabel points
Performing mapping from target back to the source label 144468
Number of reverse mapping hits = 4
Checking for and removing duplicates
Writing label file ./rh.BA3a_exvivo.thresh.label 1702
mri_label2label: Done


 mri_label2label --srcsubject fsaverage --srclabel /out/sourcedata/freesurfer/fsaverage/label/rh.BA3b_exvivo.thresh.label --trgsubject sub-v1s21x0050408_ses-1 --trglabel ./rh.BA3b_exvivo.thresh.label --hemi rh --regmethod surface 


srclabel = /out/sourcedata/freesurfer/fsaverage/label/rh.BA3b_exvivo.thresh.label
srcsubject = fsaverage
trgsubject = sub-v1s21x0050408_ses-1
trglabel = ./rh.BA3b_exvivo.thresh.label
regmethod = surface

srchemi = rh
trghemi = rh
trgsurface = white
srcsurfreg = sphere.reg
trgsurfreg = sphere.reg
usehash = 1
Use ProjAbs  = 0, 0
Use ProjFrac = 0, 0
DoPaint 0

SUBJECTS_DIR    /out/sourcedata/freesurfer
FREESURFER_HOME /opt/freesurfer
Loading source label.
Found 2183 points in source label.
Starting surface-based mapping
Reading source registration 
 /out/sourcedata/freesurfer/fsaverage/surf/rh.sphere.reg
Rescaling ...  original radius = 100
Reading target surface 
 /out/sourcedata/freesurfer/sub-v1s21x0050408_ses-1/surf/rh.white
Reading target registration 
 /out/sourcedata/freesurfer/sub-v1s21x0050408_ses-1/surf/rh.sphere.reg
Rescaling ...  original radius = 100
Building target registration hash (res=16).
Building source registration hash (res=16).
INFO: found  2183 nlabel points
Performing mapping from target back to the source label 144468
Number of reverse mapping hits = 65
Checking for and removing duplicates
Writing label file ./rh.BA3b_exvivo.thresh.label 2248
mri_label2label: Done


 mri_label2label --srcsubject fsaverage --srclabel /out/sourcedata/freesurfer/fsaverage/label/rh.BA4a_exvivo.thresh.label --trgsubject sub-v1s21x0050408_ses-1 --trglabel ./rh.BA4a_exvivo.thresh.label --hemi rh --regmethod surface 


srclabel = /out/sourcedata/freesurfer/fsaverage/label/rh.BA4a_exvivo.thresh.label
srcsubject = fsaverage
trgsubject = sub-v1s21x0050408_ses-1
trglabel = ./rh.BA4a_exvivo.thresh.label
regmethod = surface

srchemi = rh
trghemi = rh
trgsurface = white
srcsurfreg = sphere.reg
trgsurfreg = sphere.reg
usehash = 1
Use ProjAbs  = 0, 0
Use ProjFrac = 0, 0
DoPaint 0

SUBJECTS_DIR    /out/sourcedata/freesurfer
FREESURFER_HOME /opt/freesurfer
Loading source label.
Found 1388 points in source label.
Starting surface-based mapping
Reading source registration 
 /out/sourcedata/freesurfer/fsaverage/surf/rh.sphere.reg
Rescaling ...  original radius = 100
Reading target surface 
 /out/sourcedata/freesurfer/sub-v1s21x0050408_ses-1/surf/rh.white
Reading target registration 
 /out/sourcedata/freesurfer/sub-v1s21x0050408_ses-1/surf/rh.sphere.reg
Rescaling ...  original radius = 100
Building target registration hash (res=16).
Building source registration hash (res=16).
INFO: found  1388 nlabel points
Performing mapping from target back to the source label 144468
Number of reverse mapping hits = 165
Checking for and removing duplicates
Writing label file ./rh.BA4a_exvivo.thresh.label 1553
mri_label2label: Done


 mri_label2label --srcsubject fsaverage --srclabel /out/sourcedata/freesurfer/fsaverage/label/rh.BA4p_exvivo.thresh.label --trgsubject sub-v1s21x0050408_ses-1 --trglabel ./rh.BA4p_exvivo.thresh.label --hemi rh --regmethod surface 


srclabel = /out/sourcedata/freesurfer/fsaverage/label/rh.BA4p_exvivo.thresh.label
srcsubject = fsaverage
trgsubject = sub-v1s21x0050408_ses-1
trglabel = ./rh.BA4p_exvivo.thresh.label
regmethod = surface

srchemi = rh
trghemi = rh
trgsurface = white
srcsurfreg = sphere.reg
trgsurfreg = sphere.reg
usehash = 1
Use ProjAbs  = 0, 0
Use ProjFrac = 0, 0
DoPaint 0

SUBJECTS_DIR    /out/sourcedata/freesurfer
FREESURFER_HOME /opt/freesurfer
Loading source label.
Found 1489 points in source label.
Starting surface-based mapping
Reading source registration 
 /out/sourcedata/freesurfer/fsaverage/surf/rh.sphere.reg
Rescaling ...  original radius = 100
Reading target surface 
 /out/sourcedata/freesurfer/sub-v1s21x0050408_ses-1/surf/rh.white
Reading target registration 
 /out/sourcedata/freesurfer/sub-v1s21x0050408_ses-1/surf/rh.sphere.reg
Rescaling ...  original radius = 100
Building target registration hash (res=16).
Building source registration hash (res=16).
INFO: found  1489 nlabel points
Performing mapping from target back to the source label 144468
Number of reverse mapping hits = 18
Checking for and removing duplicates
Writing label file ./rh.BA4p_exvivo.thresh.label 1507
mri_label2label: Done


 mri_label2label --srcsubject fsaverage --srclabel /out/sourcedata/freesurfer/fsaverage/label/rh.BA6_exvivo.thresh.label --trgsubject sub-v1s21x0050408_ses-1 --trglabel ./rh.BA6_exvivo.thresh.label --hemi rh --regmethod surface 


srclabel = /out/sourcedata/freesurfer/fsaverage/label/rh.BA6_exvivo.thresh.label
srcsubject = fsaverage
trgsubject = sub-v1s21x0050408_ses-1
trglabel = ./rh.BA6_exvivo.thresh.label
regmethod = surface

srchemi = rh
trghemi = rh
trgsurface = white
srcsurfreg = sphere.reg
trgsurfreg = sphere.reg
usehash = 1
Use ProjAbs  = 0, 0
Use ProjFrac = 0, 0
DoPaint 0

SUBJECTS_DIR    /out/sourcedata/freesurfer
FREESURFER_HOME /opt/freesurfer
Loading source label.
Found 6959 points in source label.
Starting surface-based mapping
Reading source registration 
 /out/sourcedata/freesurfer/fsaverage/surf/rh.sphere.reg
Rescaling ...  original radius = 100
Reading target surface 
 /out/sourcedata/freesurfer/sub-v1s21x0050408_ses-1/surf/rh.white
Reading target registration 
 /out/sourcedata/freesurfer/sub-v1s21x0050408_ses-1/surf/rh.sphere.reg
Rescaling ...  original radius = 100
Building target registration hash (res=16).
Building source registration hash (res=16).
INFO: found  6959 nlabel points
Performing mapping from target back to the source label 144468
Number of reverse mapping hits = 396
Checking for and removing duplicates
Writing label file ./rh.BA6_exvivo.thresh.label 7355
mri_label2label: Done


 mri_label2label --srcsubject fsaverage --srclabel /out/sourcedata/freesurfer/fsaverage/label/rh.BA44_exvivo.thresh.label --trgsubject sub-v1s21x0050408_ses-1 --trglabel ./rh.BA44_exvivo.thresh.label --hemi rh --regmethod surface 


srclabel = /out/sourcedata/freesurfer/fsaverage/label/rh.BA44_exvivo.thresh.label
srcsubject = fsaverage
trgsubject = sub-v1s21x0050408_ses-1
trglabel = ./rh.BA44_exvivo.thresh.label
regmethod = surface

srchemi = rh
trghemi = rh
trgsurface = white
srcsurfreg = sphere.reg
trgsurfreg = sphere.reg
usehash = 1
Use ProjAbs  = 0, 0
Use ProjFrac = 0, 0
DoPaint 0

SUBJECTS_DIR    /out/sourcedata/freesurfer
FREESURFER_HOME /opt/freesurfer
Loading source label.
Found 1012 points in source label.
Starting surface-based mapping
Reading source registration 
 /out/sourcedata/freesurfer/fsaverage/surf/rh.sphere.reg
Rescaling ...  original radius = 100
Reading target surface 
 /out/sourcedata/freesurfer/sub-v1s21x0050408_ses-1/surf/rh.white
Reading target registration 
 /out/sourcedata/freesurfer/sub-v1s21x0050408_ses-1/surf/rh.sphere.reg
Rescaling ...  original radius = 100
Building target registration hash (res=16).
Building source registration hash (res=16).
INFO: found  1012 nlabel points
Performing mapping from target back to the source label 144468
Number of reverse mapping hits = 122
Checking for and removing duplicates
Writing label file ./rh.BA44_exvivo.thresh.label 1134
mri_label2label: Done


 mri_label2label --srcsubject fsaverage --srclabel /out/sourcedata/freesurfer/fsaverage/label/rh.BA45_exvivo.thresh.label --trgsubject sub-v1s21x0050408_ses-1 --trglabel ./rh.BA45_exvivo.thresh.label --hemi rh --regmethod surface 


srclabel = /out/sourcedata/freesurfer/fsaverage/label/rh.BA45_exvivo.thresh.label
srcsubject = fsaverage
trgsubject = sub-v1s21x0050408_ses-1
trglabel = ./rh.BA45_exvivo.thresh.label
regmethod = surface

srchemi = rh
trghemi = rh
trgsurface = white
srcsurfreg = sphere.reg
trgsurfreg = sphere.reg
usehash = 1
Use ProjAbs  = 0, 0
Use ProjFrac = 0, 0
DoPaint 0

SUBJECTS_DIR    /out/sourcedata/freesurfer
FREESURFER_HOME /opt/freesurfer
Loading source label.
Found 1178 points in source label.
Starting surface-based mapping
Reading source registration 
 /out/sourcedata/freesurfer/fsaverage/surf/rh.sphere.reg
Rescaling ...  original radius = 100
Reading target surface 
 /out/sourcedata/freesurfer/sub-v1s21x0050408_ses-1/surf/rh.white
Reading target registration 
 /out/sourcedata/freesurfer/sub-v1s21x0050408_ses-1/surf/rh.sphere.reg
Rescaling ...  original radius = 100
Building target registration hash (res=16).
Building source registration hash (res=16).
INFO: found  1178 nlabel points
Performing mapping from target back to the source label 144468
Number of reverse mapping hits = 409
Checking for and removing duplicates
Writing label file ./rh.BA45_exvivo.thresh.label 1587
mri_label2label: Done


 mri_label2label --srcsubject fsaverage --srclabel /out/sourcedata/freesurfer/fsaverage/label/rh.V1_exvivo.thresh.label --trgsubject sub-v1s21x0050408_ses-1 --trglabel ./rh.V1_exvivo.thresh.label --hemi rh --regmethod surface 


srclabel = /out/sourcedata/freesurfer/fsaverage/label/rh.V1_exvivo.thresh.label
srcsubject = fsaverage
trgsubject = sub-v1s21x0050408_ses-1
trglabel = ./rh.V1_exvivo.thresh.label
regmethod = surface

srchemi = rh
trghemi = rh
trgsurface = white
srcsurfreg = sphere.reg
trgsurfreg = sphere.reg
usehash = 1
Use ProjAbs  = 0, 0
Use ProjFrac = 0, 0
DoPaint 0

SUBJECTS_DIR    /out/sourcedata/freesurfer
FREESURFER_HOME /opt/freesurfer
Loading source label.
Found 3232 points in source label.
Starting surface-based mapping
Reading source registration 
 /out/sourcedata/freesurfer/fsaverage/surf/rh.sphere.reg
Rescaling ...  original radius = 100
Reading target surface 
 /out/sourcedata/freesurfer/sub-v1s21x0050408_ses-1/surf/rh.white
Reading target registration 
 /out/sourcedata/freesurfer/sub-v1s21x0050408_ses-1/surf/rh.sphere.reg
Rescaling ...  original radius = 100
Building target registration hash (res=16).
Building source registration hash (res=16).
INFO: found  3232 nlabel points
Performing mapping from target back to the source label 144468
Number of reverse mapping hits = 700
Checking for and removing duplicates
Writing label file ./rh.V1_exvivo.thresh.label 3932
mri_label2label: Done


 mri_label2label --srcsubject fsaverage --srclabel /out/sourcedata/freesurfer/fsaverage/label/rh.V2_exvivo.thresh.label --trgsubject sub-v1s21x0050408_ses-1 --trglabel ./rh.V2_exvivo.thresh.label --hemi rh --regmethod surface 


srclabel = /out/sourcedata/freesurfer/fsaverage/label/rh.V2_exvivo.thresh.label
srcsubject = fsaverage
trgsubject = sub-v1s21x0050408_ses-1
trglabel = ./rh.V2_exvivo.thresh.label
regmethod = surface

srchemi = rh
trghemi = rh
trgsurface = white
srcsurfreg = sphere.reg
trgsurfreg = sphere.reg
usehash = 1
Use ProjAbs  = 0, 0
Use ProjFrac = 0, 0
DoPaint 0

SUBJECTS_DIR    /out/sourcedata/freesurfer
FREESURFER_HOME /opt/freesurfer
Loading source label.
Found 3437 points in source label.
Starting surface-based mapping
Reading source registration 
 /out/sourcedata/freesurfer/fsaverage/surf/rh.sphere.reg
Rescaling ...  original radius = 100
Reading target surface 
 /out/sourcedata/freesurfer/sub-v1s21x0050408_ses-1/surf/rh.white
Reading target registration 
 /out/sourcedata/freesurfer/sub-v1s21x0050408_ses-1/surf/rh.sphere.reg
Rescaling ...  original radius = 100
Building target registration hash (res=16).
Building source registration hash (res=16).
INFO: found  3437 nlabel points
Performing mapping from target back to the source label 144468
Number of reverse mapping hits = 1107
Checking for and removing duplicates
Writing label file ./rh.V2_exvivo.thresh.label 4544
mri_label2label: Done


 mri_label2label --srcsubject fsaverage --srclabel /out/sourcedata/freesurfer/fsaverage/label/rh.MT_exvivo.thresh.label --trgsubject sub-v1s21x0050408_ses-1 --trglabel ./rh.MT_exvivo.thresh.label --hemi rh --regmethod surface 


srclabel = /out/sourcedata/freesurfer/fsaverage/label/rh.MT_exvivo.thresh.label
srcsubject = fsaverage
trgsubject = sub-v1s21x0050408_ses-1
trglabel = ./rh.MT_exvivo.thresh.label
regmethod = surface

srchemi = rh
trghemi = rh
trgsurface = white
srcsurfreg = sphere.reg
trgsurfreg = sphere.reg
usehash = 1
Use ProjAbs  = 0, 0
Use ProjFrac = 0, 0
DoPaint 0

SUBJECTS_DIR    /out/sourcedata/freesurfer
FREESURFER_HOME /opt/freesurfer
Loading source label.
Found 268 points in source label.
Starting surface-based mapping
Reading source registration 
 /out/sourcedata/freesurfer/fsaverage/surf/rh.sphere.reg
Rescaling ...  original radius = 100
Reading target surface 
 /out/sourcedata/freesurfer/sub-v1s21x0050408_ses-1/surf/rh.white
Reading target registration 
 /out/sourcedata/freesurfer/sub-v1s21x0050408_ses-1/surf/rh.sphere.reg
Rescaling ...  original radius = 100
Building target registration hash (res=16).
Building source registration hash (res=16).
INFO: found  268 nlabel points
Performing mapping from target back to the source label 144468
Number of reverse mapping hits = 73
Checking for and removing duplicates
Writing label file ./rh.MT_exvivo.thresh.label 341
mri_label2label: Done


 mri_label2label --srcsubject fsaverage --srclabel /out/sourcedata/freesurfer/fsaverage/label/rh.entorhinal_exvivo.thresh.label --trgsubject sub-v1s21x0050408_ses-1 --trglabel ./rh.entorhinal_exvivo.thresh.label --hemi rh --regmethod surface 


srclabel = /out/sourcedata/freesurfer/fsaverage/label/rh.entorhinal_exvivo.thresh.label
srcsubject = fsaverage
trgsubject = sub-v1s21x0050408_ses-1
trglabel = ./rh.entorhinal_exvivo.thresh.label
regmethod = surface

srchemi = rh
trghemi = rh
trgsurface = white
srcsurfreg = sphere.reg
trgsurfreg = sphere.reg
usehash = 1
Use ProjAbs  = 0, 0
Use ProjFrac = 0, 0
DoPaint 0

SUBJECTS_DIR    /out/sourcedata/freesurfer
FREESURFER_HOME /opt/freesurfer
Loading source label.
Found 694 points in source label.
Starting surface-based mapping
Reading source registration 
 /out/sourcedata/freesurfer/fsaverage/surf/rh.sphere.reg
Rescaling ...  original radius = 100
Reading target surface 
 /out/sourcedata/freesurfer/sub-v1s21x0050408_ses-1/surf/rh.white
Reading target registration 
 /out/sourcedata/freesurfer/sub-v1s21x0050408_ses-1/surf/rh.sphere.reg
Rescaling ...  original radius = 100
Building target registration hash (res=16).
Building source registration hash (res=16).
INFO: found  694 nlabel points
Performing mapping from target back to the source label 144468
Number of reverse mapping hits = 133
Checking for and removing duplicates
Writing label file ./rh.entorhinal_exvivo.thresh.label 827
mri_label2label: Done


 mri_label2label --srcsubject fsaverage --srclabel /out/sourcedata/freesurfer/fsaverage/label/rh.perirhinal_exvivo.thresh.label --trgsubject sub-v1s21x0050408_ses-1 --trglabel ./rh.perirhinal_exvivo.thresh.label --hemi rh --regmethod surface 


srclabel = /out/sourcedata/freesurfer/fsaverage/label/rh.perirhinal_exvivo.thresh.label
srcsubject = fsaverage
trgsubject = sub-v1s21x0050408_ses-1
trglabel = ./rh.perirhinal_exvivo.thresh.label
regmethod = surface

srchemi = rh
trghemi = rh
trgsurface = white
srcsurfreg = sphere.reg
trgsurfreg = sphere.reg
usehash = 1
Use ProjAbs  = 0, 0
Use ProjFrac = 0, 0
DoPaint 0

SUBJECTS_DIR    /out/sourcedata/freesurfer
FREESURFER_HOME /opt/freesurfer
Loading source label.
Found 291 points in source label.
Starting surface-based mapping
Reading source registration 
 /out/sourcedata/freesurfer/fsaverage/surf/rh.sphere.reg
Rescaling ...  original radius = 100
Reading target surface 
 /out/sourcedata/freesurfer/sub-v1s21x0050408_ses-1/surf/rh.white
Reading target registration 
 /out/sourcedata/freesurfer/sub-v1s21x0050408_ses-1/surf/rh.sphere.reg
Rescaling ...  original radius = 100
Building target registration hash (res=16).
Building source registration hash (res=16).
INFO: found  291 nlabel points
Performing mapping from target back to the source label 144468
Number of reverse mapping hits = 70
Checking for and removing duplicates
Writing label file ./rh.perirhinal_exvivo.thresh.label 361
mri_label2label: Done


 mris_label2annot --s sub-v1s21x0050408_ses-1 --hemi rh --ctab /opt/freesurfer/average/colortable_BA.txt --l rh.BA1_exvivo.label --l rh.BA2_exvivo.label --l rh.BA3a_exvivo.label --l rh.BA3b_exvivo.label --l rh.BA4a_exvivo.label --l rh.BA4p_exvivo.label --l rh.BA6_exvivo.label --l rh.BA44_exvivo.label --l rh.BA45_exvivo.label --l rh.V1_exvivo.label --l rh.V2_exvivo.label --l rh.MT_exvivo.label --l rh.perirhinal_exvivo.label --l rh.entorhinal_exvivo.label --a BA_exvivo --maxstatwinner --noverbose 

Reading ctab /opt/freesurfer/average/colortable_BA.txt
Number of ctab entries 15

7.3.2
cwd /out/sourcedata/freesurfer/sub-v1s21x0050408_ses-1/label
cmdline mris_label2annot --s sub-v1s21x0050408_ses-1 --hemi rh --ctab /opt/freesurfer/average/colortable_BA.txt --l rh.BA1_exvivo.label --l rh.BA2_exvivo.label --l rh.BA3a_exvivo.label --l rh.BA3b_exvivo.label --l rh.BA4a_exvivo.label --l rh.BA4p_exvivo.label --l rh.BA6_exvivo.label --l rh.BA44_exvivo.label --l rh.BA45_exvivo.label --l rh.V1_exvivo.label --l rh.V2_exvivo.label --l rh.MT_exvivo.label --l rh.perirhinal_exvivo.label --l rh.entorhinal_exvivo.label --a BA_exvivo --maxstatwinner --noverbose 
sysname  Linux
hostname dna078
machine  x86_64
user     oesteban

subject sub-v1s21x0050408_ses-1
hemi    rh
SUBJECTS_DIR /out/sourcedata/freesurfer
ColorTable /opt/freesurfer/average/colortable_BA.txt
AnnotName  BA_exvivo
nlables 14
LabelThresh 0 0.000000
Loading /out/sourcedata/freesurfer/sub-v1s21x0050408_ses-1/surf/rh.orig
 1 1530880 BA1_exvivo
 2 16749699 BA2_exvivo
 3 16711680 BA3a_exvivo
 4 3368703 BA3b_exvivo
 5 1376196 BA4a_exvivo
 6 13382655 BA4p_exvivo
 7 10036737 BA6_exvivo
 8 2490521 BA44_exvivo
 9 39283 BA45_exvivo
10 3993 V1_exvivo
11 8508928 V2_exvivo
12 10027163 MT_exvivo
13 16422433 perirhinal_exvivo
14 16392598 entorhinal_exvivo
Mapping unhit to unknown
Found 101445 unhit vertices
Writing annot to /out/sourcedata/freesurfer/sub-v1s21x0050408_ses-1/label/rh.BA_exvivo.annot

 mris_label2annot --s sub-v1s21x0050408_ses-1 --hemi rh --ctab /opt/freesurfer/average/colortable_BA.txt --l rh.BA1_exvivo.thresh.label --l rh.BA2_exvivo.thresh.label --l rh.BA3a_exvivo.thresh.label --l rh.BA3b_exvivo.thresh.label --l rh.BA4a_exvivo.thresh.label --l rh.BA4p_exvivo.thresh.label --l rh.BA6_exvivo.thresh.label --l rh.BA44_exvivo.thresh.label --l rh.BA45_exvivo.thresh.label --l rh.V1_exvivo.thresh.label --l rh.V2_exvivo.thresh.label --l rh.MT_exvivo.thresh.label --l rh.perirhinal_exvivo.thresh.label --l rh.entorhinal_exvivo.thresh.label --a BA_exvivo.thresh --maxstatwinner --noverbose 

Reading ctab /opt/freesurfer/average/colortable_BA.txt
Number of ctab entries 15

7.3.2
cwd /out/sourcedata/freesurfer/sub-v1s21x0050408_ses-1/label
cmdline mris_label2annot --s sub-v1s21x0050408_ses-1 --hemi rh --ctab /opt/freesurfer/average/colortable_BA.txt --l rh.BA1_exvivo.thresh.label --l rh.BA2_exvivo.thresh.label --l rh.BA3a_exvivo.thresh.label --l rh.BA3b_exvivo.thresh.label --l rh.BA4a_exvivo.thresh.label --l rh.BA4p_exvivo.thresh.label --l rh.BA6_exvivo.thresh.label --l rh.BA44_exvivo.thresh.label --l rh.BA45_exvivo.thresh.label --l rh.V1_exvivo.thresh.label --l rh.V2_exvivo.thresh.label --l rh.MT_exvivo.thresh.label --l rh.perirhinal_exvivo.thresh.label --l rh.entorhinal_exvivo.thresh.label --a BA_exvivo.thresh --maxstatwinner --noverbose 
sysname  Linux
hostname dna078
machine  x86_64
user     oesteban

subject sub-v1s21x0050408_ses-1
hemi    rh
SUBJECTS_DIR /out/sourcedata/freesurfer
ColorTable /opt/freesurfer/average/colortable_BA.txt
AnnotName  BA_exvivo.thresh
nlables 14
LabelThresh 0 0.000000
Loading /out/sourcedata/freesurfer/sub-v1s21x0050408_ses-1/surf/rh.orig
 1 1530880 BA1_exvivo
 2 16749699 BA2_exvivo
 3 16711680 BA3a_exvivo
 4 3368703 BA3b_exvivo
 5 1376196 BA4a_exvivo
 6 13382655 BA4p_exvivo
 7 10036737 BA6_exvivo
 8 2490521 BA44_exvivo
 9 39283 BA45_exvivo
10 3993 V1_exvivo
11 8508928 V2_exvivo
12 10027163 MT_exvivo
13 16422433 perirhinal_exvivo
14 16392598 entorhinal_exvivo
Mapping unhit to unknown
Found 120546 unhit vertices
Writing annot to /out/sourcedata/freesurfer/sub-v1s21x0050408_ses-1/label/rh.BA_exvivo.thresh.annot

 mris_anatomical_stats -th3 -mgz -noglobal -f ../stats/rh.BA_exvivo.stats -b -a ./rh.BA_exvivo.annot -c ./BA_exvivo.ctab sub-v1s21x0050408_ses-1 rh white 

computing statistics for each annotation in ./rh.BA_exvivo.annot.
reading volume /out/sourcedata/freesurfer/sub-v1s21x0050408_ses-1/mri/wm.mgz...
reading input surface /out/sourcedata/freesurfer/sub-v1s21x0050408_ses-1/surf/rh.white...
reading input pial surface /out/sourcedata/freesurfer/sub-v1s21x0050408_ses-1/surf/rh.pial...
reading input white surface /out/sourcedata/freesurfer/sub-v1s21x0050408_ses-1/surf/rh.white...
INFO: using TH3 volume calc
INFO: assuming MGZ format for volumes.
INFO: not computing global stats
Using TH3 vertex volume calc
Total face volume 291189
Total vertex volume 290990 (mask=0)
Saving annotation colortable ./BA_exvivo.ctab

table columns are:
    number of vertices
    total surface area (mm^2)
    total gray matter volume (mm^3)
    average cortical thickness +- standard deviation (mm)
    integrated rectified mean curvature
    integrated rectified Gaussian curvature
    folding index
    intrinsic curvature index
    structure name

  970    665   1973  2.302 0.637     0.149     0.036       13     1.4  BA1_exvivo
 3327   2253   4545  2.063 0.569     0.107     0.021       25     2.9  BA2_exvivo
 1072    702    947  1.810 0.407     0.127     0.026       10     1.2  BA3a_exvivo
 2178   1445   2541  1.617 0.498     0.099     0.021       17     1.9  BA3b_exvivo
 1727   1077   2774  2.349 0.656     0.101     0.024       12     1.8  BA4a_exvivo
 1240    827   1754  2.248 0.633     0.094     0.018        6     1.0  BA4p_exvivo
 8268   5567  19056  2.932 0.750     0.114     0.027       73     8.8  BA6_exvivo
 3560   2565   7748  2.614 0.686     0.133     0.033       47     5.3  BA44_exvivo
 5382   3957  12238  2.575 0.753     0.133     0.030       74     7.0  BA45_exvivo
 3741   2888   5667  1.830 0.626     0.159     0.051       53     7.9  V1_exvivo
 8161   6113  15109  2.207 0.730     0.150     0.043      119    14.2  V2_exvivo
 2272   1684   4787  2.356 0.683     0.123     0.033       26     3.2  MT_exvivo
  439    266    747  2.506 0.973     0.094     0.027        4     0.4  perirhinal_exvivo
  686    453   1132  2.168 0.880     0.142     0.044       13     1.1  entorhinal_exvivo

 mris_anatomical_stats -th3 -mgz -f ../stats/rh.BA_exvivo.thresh.stats -noglobal -b -a ./rh.BA_exvivo.thresh.annot -c ./BA_exvivo.thresh.ctab sub-v1s21x0050408_ses-1 rh white 

computing statistics for each annotation in ./rh.BA_exvivo.thresh.annot.
reading volume /out/sourcedata/freesurfer/sub-v1s21x0050408_ses-1/mri/wm.mgz...
reading input surface /out/sourcedata/freesurfer/sub-v1s21x0050408_ses-1/surf/rh.white...
reading input pial surface /out/sourcedata/freesurfer/sub-v1s21x0050408_ses-1/surf/rh.pial...
reading input white surface /out/sourcedata/freesurfer/sub-v1s21x0050408_ses-1/surf/rh.white...
INFO: using TH3 volume calc
INFO: assuming MGZ format for volumes.
INFO: not computing global stats
Using TH3 vertex volume calc
Total face volume 291189
Total vertex volume 290990 (mask=0)
Saving annotation colortable ./BA_exvivo.thresh.ctab

table columns are:
    number of vertices
    total surface area (mm^2)
    total gray matter volume (mm^3)
    average cortical thickness +- standard deviation (mm)
    integrated rectified mean curvature
    integrated rectified Gaussian curvature
    folding index
    intrinsic curvature index
    structure name

  599    442   1250  2.250 0.672     0.160     0.039       10     1.0  BA1_exvivo
 1855   1271   2706  2.018 0.565     0.100     0.019       12     1.4  BA2_exvivo
  948    613    770  1.790 0.386     0.130     0.026        9     1.0  BA3a_exvivo
 1616   1109   1693  1.486 0.365     0.087     0.013       10     1.0  BA3b_exvivo
 1210    716   1926  2.335 0.654     0.110     0.030       11     1.6  BA4a_exvivo
 1008    677   1515  2.332 0.607     0.091     0.019        4     0.8  BA4p_exvivo
 5419   3640  12127  2.855 0.705     0.113     0.027       47     5.4  BA6_exvivo
  918    714   2496  2.616 0.765     0.147     0.036       15     1.3  BA44_exvivo
 1511   1114   3844  2.649 0.856     0.134     0.033       19     2.0  BA45_exvivo
 3571   2734   5098  1.800 0.605     0.157     0.049       49     7.4  V1_exvivo
 4220   3265   8149  2.202 0.717     0.164     0.050       68     8.6  V2_exvivo
  318    262    856  2.453 0.702     0.155     0.073        8     1.1  MT_exvivo
   35     25     78  3.227 0.459     0.057     0.005        0     0.0  perirhinal_exvivo
  694    428   1197  2.386 0.921     0.116     0.036        8     0.9  entorhinal_exvivo

Started at Mon Mar 9 12:49:29 CET 2026 
Ended   at Mon Mar 9 12:52:01 CET 2026
#@#%# recon-all-run-time-hours 0.042
recon-all -s sub-v1s21x0050408_ses-1 finished without error at Mon Mar  9 12:52:01 CET 2026
