#!ascii label  , from subject sub-v1s21x0050428_ses-1 vox2ras=TkReg
3585
45263  0.746  -14.250  49.580 0.2222220004
47440  0.708  -12.790  49.623 0.3333329856
49574  0.076  -10.752  49.482 0.4444440007
49575  -0.326  -10.190  48.910 0.5555559993
49576  -1.013  -9.804  48.316 0.5555559993
50640  -1.471  -9.168  48.266 0.5555559993
51703  -1.552  -8.244  48.645 0.4444440007
103800  -2.023  -9.131  47.796 0.4444440007
51704  -2.335  -8.506  47.726 0.5555559993
45270  1.603  -14.477  49.082 0.4444440007
46316  1.272  -13.577  49.206 0.3333329856
46311  0.436  -13.504  49.804 0.3333329856
42428  1.861  -17.179  49.566 0.3333329856
43322  1.183  -16.857  49.961 0.3333329856
43331  1.794  -16.323  49.462 0.3333329856
107245  0.947  -15.068  49.508 0.3333329856
47444  1.297  -12.761  49.009 0.4444440007
48556  0.239  -11.386  49.905 0.4444440007
42420  1.340  -17.703  50.032 0.1111110002
47450  0.939  -12.226  48.727 0.5555559993
48565  0.528  -11.518  49.121 0.4444440007
48566  0.061  -11.038  48.585 0.5555559993
48576  0.446  -11.789  48.284 0.5555559993
48577  -0.243  -11.457  47.787 0.5555559993
49586  -0.628  -10.724  48.055 0.5555559993
47460  -0.721  -12.021  47.155 0.5555559993
121853  -1.496  -11.110  47.210 0.6666669846
49588  -1.887  -9.962  47.485 0.5555559993
120600  -2.939  -8.724  47.054 0.6666669846
52761  -2.612  -6.681  48.478 0.4444440007
48593  -2.180  -11.657  46.667 0.6666669846
49601  -2.571  -10.387  46.858 0.6666669846
50658  -3.391  -9.335  46.559 0.7777780294
101635  -3.567  -8.370  46.663 0.7777780294
47474  -3.113  -11.942  45.878 0.7777780294
48594  -2.934  -11.204  46.378 0.7777780294
49618  -3.694  -10.667  45.873 0.7777780294
50659  -3.948  -9.137  46.154 0.7777780294
47490  -2.885  -12.623  45.729 0.7777780294
46352  -3.253  -13.055  45.161 0.7777780294
48608  -3.606  -11.477  45.613 0.7777780294
48609  -4.135  -10.979  45.222 0.7777780294
50673  -3.846  -9.847  46.011 0.7777780294
46369  -3.546  -13.443  44.477 0.7777780294
47491  -3.492  -12.261  45.344 0.7777780294
48622  -4.126  -11.792  44.893 0.7777780294
43330  2.443  -16.737  49.086 0.4444440007
44267  2.521  -15.812  49.065 0.3333329856
44268  1.716  -15.413  49.211 0.3333329856
46315  2.085  -14.063  48.989 0.4444440007
118627  1.749  -13.419  48.554 0.4444440007
40479  2.363  -19.322  49.082 0.4444440007
41506  2.092  -18.673  49.269 0.1111110002
43329  2.397  -17.561  49.079 0.4444440007
45274  2.409  -14.872  48.325 0.4444440007
45271  2.186  -14.194  48.494 0.4444440007
47449  1.324  -12.817  48.501 0.5555559993
47459  0.852  -12.523  47.914 0.5555559993
41505  2.727  -18.698  48.846 0.5555559993
42436  2.811  -18.060  48.731 0.4444440007
43339  2.830  -17.280  48.690 0.4444440007
110576  2.765  -16.143  47.910 0.4444440007
44284  2.443  -15.416  47.663 0.5555559993
45275  2.083  -14.577  47.521 0.5555559993
46321  1.406  -13.119  48.024 0.5555559993
46322  0.993  -13.271  47.352 0.5555559993
105711  0.138  -12.065  47.595 0.5555559993
41520  2.991  -18.654  47.956 0.5555559993
42443  2.851  -17.800  47.644 0.4444440007
43347  2.739  -16.880  47.461 0.5555559993
44289  2.402  -16.142  47.116 0.5555559993
118734  1.516  -14.827  46.835 0.5555559993
113075  0.668  -14.671  46.577 0.5555559993
121901  0.297  -13.317  46.955 0.5555559993
46334  -0.429  -13.506  46.653 0.5555559993
115718  -0.993  -11.247  47.409 0.5555559993
41530  2.550  -18.635  47.166 0.4444440007
111251  1.614  -17.843  46.078 0.5555559993
43356  1.742  -16.350  46.449 0.5555559993
120881  0.977  -16.395  45.990 0.6666669846
45281  0.004  -15.264  46.096 0.6666669846
107302  -0.262  -14.412  46.383 0.6666669846
45282  -1.106  -14.088  46.152 0.7777780294
47473  -1.676  -12.359  46.646 0.7777780294
52772  -4.974  -7.025  46.502 0.7777780294
40502  1.419  -19.652  46.157 0.5555559993
41532  1.138  -18.763  45.861 0.4444440007
42461  0.682  -17.880  45.554 0.5555559993
43357  0.510  -16.891  45.565 0.6666669846
45293  -0.845  -14.920  45.842 0.7777780294
45294  -1.606  -14.550  45.596 0.7777780294
46336  -2.207  -12.945  46.120 0.7777780294
110621  -2.532  -12.132  46.257 0.7777780294
51725  -4.369  -8.571  46.018 0.7777780294
41543  0.295  -18.960  45.426 0.4444440007
43369  -0.137  -16.574  45.344 0.6666669846
43370  -0.642  -16.678  44.965 0.6666669846
44302  -1.353  -15.327  45.279 0.7777780294
45313  -2.020  -14.944  45.032 0.7777780294
46351  -2.607  -13.411  45.548 0.7777780294
49619  -4.230  -10.226  45.401 0.7777780294
50674  -4.448  -9.406  45.539 0.7777780294
44316  -1.697  -15.585  44.656 0.6666669846
46368  -2.947  -13.825  44.935 0.7777780294
47514  -4.149  -13.075  44.012 0.7777780294
114494  -4.484  -11.166  44.686 0.7777780294
49635  -4.594  -10.550  44.809 0.7777780294
43387  -1.462  -16.132  44.329 0.5555559993
45314  -2.605  -14.549  44.640 0.6666669846
46383  -3.842  -13.819  43.755 0.6666669846
119119  -4.464  -13.460  43.316 0.7777780294
48637  -4.634  -11.608  44.240 0.6666669846
43403  -1.551  -16.600  43.731 0.5555559993
43388  -1.916  -15.863  43.972 0.5555559993
44328  -2.529  -15.545  43.570 0.5555559993
45330  -3.560  -14.554  43.492 0.5555559993
43404  -2.159  -16.233  43.249 0.5555559993
44342  -2.844  -15.902  42.794 0.5555559993
44329  -3.234  -15.233  43.167 0.5555559993
45331  -4.208  -14.203  43.075 0.5555559993
53877  -5.918  -6.881  46.178 0.6666669846
53866  -5.414  -6.093  46.977 0.4444440007
52783  -5.591  -7.564  45.669 0.7777780294
104234  -5.383  -8.134  45.254 0.7777780294
50675  -5.041  -9.368  44.840 0.7777780294
47515  -4.687  -12.693  43.546 0.7777780294
49648  -4.875  -10.920  44.213 0.7777780294
110814  -4.795  -12.037  43.739 0.6666669846
45344  -3.964  -14.898  42.778 0.6666669846
45345  -4.501  -14.493  42.452 0.6666669846
46395  -4.770  -13.822  42.601 0.5555559993
53867  -6.311  -6.126  46.650 0.5555559993
56021  -6.954  -4.236  47.864 0.4444440007
52784  -6.264  -7.230  45.284 0.8888890147
51734  -6.309  -8.272  44.243 0.8888890147
102811  -5.582  -9.434  44.303 0.7777780294
51741  -6.088  -9.025  43.915 0.8888890147
49649  -5.450  -10.718  43.642 0.7777780294
50687  -5.883  -9.880  43.618 0.7777780294
48654  -5.605  -11.340  42.986 0.6666669846
49655  -5.970  -10.570  42.952 0.7777780294
46406  -4.984  -14.231  41.801 0.5555559993
47529  -5.445  -12.691  42.404 0.5555559993
48655  -6.109  -11.154  42.288 0.7777780294
50693  -6.352  -9.962  42.934 0.7777780294
46396  -5.261  -13.378  42.108 0.5555559993
47548  -5.784  -12.783  41.595 0.4444440007
48668  -6.347  -11.772  41.486 0.6666669846
107552  -5.850  -13.478  40.697 0.5555559993
120783  -8.566  -4.071  47.651 0.4444440007
53879  -7.418  -6.488  45.556 0.8888890147
54960  -7.503  -5.195  46.978 0.5555559993
51696  -19.463  -8.551  48.010 0.3333329856
53888  -6.942  -6.922  44.970 0.8888890147
52794  -7.343  -7.329  44.330 0.8888890147
52793  -6.613  -7.571  44.576 0.8888890147
52755  -20.056  -8.066  47.546 0.4444440007
52806  -6.941  -7.895  43.878 0.8888890147
51742  -6.687  -8.600  43.541 0.8888890147
51709  -20.718  -7.907  47.363 0.5555559993
50688  -6.474  -9.318  43.221 0.8888890147
52773  -21.346  -7.282  46.329 0.5555559993
50694  -6.786  -9.600  42.545 0.8888890147
53870  -22.449  -7.517  46.159 0.6666669846
49656  -6.544  -10.386  42.295 0.7777780294
50706  -7.009  -9.870  41.853 0.7777780294
51744  -21.381  -8.408  43.469 0.8888890147
102681  -22.277  -7.375  45.335 0.7777780294
51735  -26.675  -8.969  44.058 0.3333329856
104170  -6.564  -10.964  41.752 0.6666669846
51745  -22.351  -8.441  43.711 0.8888890147
52817  -22.908  -7.895  44.417 0.6666669846
52820  -25.692  -8.644  43.859 0.4444440007
52800  -26.255  -8.736  43.759 0.4444440007
47568  -6.313  -12.588  40.753 0.5555559993
51760  -23.799  -9.015  43.170 0.6666669846
51747  -24.312  -8.540  43.795 0.6666669846
51748  -25.332  -8.621  43.515 0.5555559993
51762  -25.616  -8.733  42.583 0.6666669846
51761  -24.744  -8.897  42.979 0.6666669846
56023  -9.085  -4.797  46.869 0.6666669846
57025  -9.827  -4.622  46.977 0.2222220004
57016  -9.969  -4.314  47.371 0.1111110002
51695  -17.747  -8.308  48.073 0.2222220004
54974  -7.896  -5.942  46.079 0.7777780294
54961  -8.388  -5.330  46.623 0.7777780294
102695  -18.683  -8.053  47.782 0.4444440007
53880  -8.093  -6.357  45.363 0.7777780294
53848  -18.759  -7.260  47.297 0.5555559993
53889  -7.733  -6.772  44.812 0.8888890147
52754  -19.462  -7.717  47.432 0.5555559993
51743  -7.307  -8.247  43.222 0.8888890147
52807  -7.697  -7.680  43.679 0.8888890147
53858  -20.261  -6.887  46.650 0.5555559993
54966  -20.120  -6.729  45.973 0.5555559993
53868  -20.642  -6.910  46.063 0.5555559993
51754  -6.972  -8.855  42.809 0.7777780294
51755  -7.646  -8.533  42.537 0.8888890147
53902  -20.825  -6.915  45.029 0.7777780294
53869  -21.584  -7.199  45.751 0.5555559993
52822  -27.682  -7.561  43.234 0.5555559993
50707  -7.603  -9.507  41.496 0.7777780294
53923  -21.155  -7.328  44.590 0.8888890147
53882  -21.507  -7.148  45.399 0.7777780294
52821  -26.966  -8.258  43.124 0.5555559993
48683  -6.783  -11.885  40.565 0.6666669846
49669  -6.943  -11.023  41.039 0.7777780294
49662  -7.273  -10.200  41.202 0.6666669846
105871  -21.901  -9.064  43.000 0.8888890147
52842  -26.327  -8.433  42.975 0.6666669846
49670  -7.570  -10.569  40.498 0.6666669846
50696  -21.585  -9.447  42.291 1.0000000000
50697  -22.397  -9.637  42.488 0.8888890147
50700  -25.002  -9.308  42.195 0.7777780294
117887  -6.684  -12.502  40.119 0.5555559993
50710  -21.925  -9.929  41.697 1.0000000000
50699  -24.187  -9.651  42.523 0.8888890147
50713  -24.526  -10.101  41.832 0.8888890147
47584  -7.212  -12.359  39.017 0.6666669846
48696  -7.579  -11.689  39.261 0.6666669846
50711  -22.896  -10.180  41.945 0.8888890147
50712  -23.754  -10.246  42.021 0.8888890147
47597  -7.495  -12.493  38.251 0.5555559993
57017  -10.814  -4.006  47.797 0.1111110002
52752  -17.296  -7.250  47.837 0.3333329856
56025  -10.449  -4.844  46.539 0.5555559993
57026  -10.565  -4.358  47.263 0.1111110002
54962  -9.114  -5.400  46.275 0.7777780294
56024  -9.741  -5.097  46.402 0.7777780294
52753  -18.091  -7.513  47.615 0.4444440007
54975  -8.747  -5.944  45.700 0.7777780294
54976  -9.692  -5.682  45.717 0.7777780294
52795  -8.132  -7.118  44.159 0.7777780294
54991  -9.352  -6.156  45.110 0.7777780294
54951  -18.715  -6.434  46.599 0.5555559993
105584  -19.400  -6.669  46.652 0.5555559993
53910  -8.963  -6.989  43.986 0.7777780294
54952  -19.704  -6.657  46.355 0.6666669846
52808  -8.463  -7.497  43.514 0.7777780294
55002  -19.979  -6.770  45.353 0.8888890147
52844  -27.660  -7.234  42.786 0.5555559993
51756  -8.328  -8.181  42.261 0.8888890147
53922  -20.430  -7.303  44.353 0.8888890147
52843  -27.081  -7.989  42.377 0.5555559993
51769  -7.943  -8.789  41.826 0.8888890147
105324  -20.867  -7.822  43.929 1.0000000000
51763  -26.336  -8.424  42.078 0.5555559993
50720  -7.848  -9.804  40.781 0.6666669846
51758  -21.073  -8.917  42.685 1.0000000000
49686  -7.834  -10.848  39.670 0.6666669846
49664  -24.071  -10.662  41.384 0.8888890147
50714  -25.252  -9.689  41.440 0.8888890147
49672  -22.592  -10.590  41.123 1.0000000000
49663  -23.368  -10.568  41.487 0.8888890147
47607  -6.975  -13.071  37.749 0.4444440007
48705  -7.883  -11.846  38.489 0.6666669846
49687  -8.434  -10.398  39.268 0.7777780294
48706  -8.462  -11.453  38.118 0.6666669846
48713  -8.043  -12.076  37.720 0.6666669846
57019  -12.406  -4.221  47.951 0.1111110002
57018  -11.578  -3.994  48.013 0.1111110002
57009  -11.979  -4.226  48.481 0.1111110002
57027  -11.204  -4.155  47.538 0.1111110002
56026  -11.304  -4.636  46.707 0.2222220004
54936  -16.792  -6.002  47.807 0.3333329856
56036  -10.283  -5.246  45.986 0.5555559993
54937  -17.524  -6.026  47.192 0.4444440007
53847  -17.977  -6.687  47.287 0.5555559993
54950  -17.754  -5.796  46.867 0.6666669846
53856  -18.131  -6.125  46.982 0.6666669846
54992  -10.089  -6.090  44.976 0.7777780294
113258  -18.133  -5.900  45.965 0.6666669846
103181  -18.211  -6.033  46.618 0.6666669846
53924  -28.080  -6.738  42.968 0.4444440007
53925  -28.673  -6.720  42.906 0.3333329856
52809  -9.155  -7.366  43.368 0.7777780294
53911  -9.863  -7.014  43.688 0.7777780294
55001  -18.590  -6.354  45.482 0.7777780294
118416  -19.253  -6.570  45.645 0.6666669846
52823  -28.504  -7.464  43.389 0.3333329856
53901  -19.187  -6.808  44.837 0.8888890147
107603  -20.008  -6.982  44.727 0.8888890147
51770  -8.651  -8.486  41.555 0.7777780294
52851  -9.116  -7.959  42.086 0.7777780294
53930  -10.439  -7.284  43.166 0.7777780294
53921  -19.521  -7.338  43.984 0.8888890147
52815  -20.132  -7.733  43.696 1.0000000000
51776  -26.119  -8.324  41.251 0.7777780294
51771  -9.427  -8.267  41.334 0.7777780294
51757  -20.325  -8.848  42.232 1.0000000000
51796  -25.771  -9.069  40.961 0.8888890147
50739  -8.087  -10.076  40.009 0.6666669846
50721  -8.526  -9.446  40.429 0.8888890147
51772  -10.250  -8.184  41.158 0.7777780294
51774  -20.947  -9.312  41.982 1.0000000000
50724  -24.807  -10.431  41.049 0.8888890147
50740  -8.802  -9.721  39.675 0.7777780294
50722  -9.211  -9.081  40.088 0.7777780294
51807  -9.953  -8.864  39.807 0.7777780294
50709  -20.376  -9.286  41.638 0.8888890147
116051  -20.981  -9.781  41.308 1.0000000000
49704  -8.754  -10.692  38.506 0.7777780294
51789  -10.516  -8.503  40.386 0.8888890147
120663  -21.691  -10.287  41.009 1.0000000000
106043  -22.930  -11.104  40.318 1.0000000000
50754  -9.771  -9.678  38.580 0.7777780294
50742  -10.208  -9.134  39.020 0.7777780294
120389  -20.585  -9.821  40.756 0.8888890147
48724  -8.124  -12.242  36.818 0.5555559993
49715  -9.041  -10.988  37.739 0.5555559993
50769  -10.044  -10.009  37.841 0.6666669846
48715  -9.302  -11.322  36.950 0.4444440007
49716  -9.723  -10.666  37.430 0.5555559993
49717  -10.329  -10.356  37.077 0.6666669846
57020  -13.252  -4.452  47.899 0.1111110002
55999  -13.257  -4.908  48.618 0.1111110002
57028  -12.026  -4.316  47.314 0.1111110002
57029  -12.797  -4.413  47.502 0.1111110002
56013  -14.644  -4.953  48.038 0.1111110002
54948  -16.498  -5.522  47.574 0.3333329856
54978  -11.385  -5.695  45.473 0.6666669846
56037  -10.958  -5.107  45.945 0.5555559993
56027  -12.094  -4.734  46.535 0.1111110002
56028  -13.503  -4.598  47.303 0.2222220004
56029  -14.438  -4.835  47.003 0.5555559993
115713  -15.538  -5.068  46.921 0.6666669846
56002  -15.951  -5.281  47.659 0.5555559993
54977  -10.562  -5.698  45.524 0.7777780294
56030  -16.821  -5.399  46.994 0.5555559993
54949  -17.129  -5.661  47.181 0.4444440007
54993  -10.930  -6.136  44.908 0.7777780294
54983  -16.694  -5.580  46.011 0.7777780294
54984  -17.516  -5.661  45.986 0.7777780294
121865  -17.777  -5.741  46.785 0.7777780294
52824  -29.239  -7.239  42.981 0.2222220004
53892  -10.441  -6.614  44.384 0.7777780294
54999  -16.982  -6.020  45.299 1.0000000000
52864  -27.492  -7.309  41.860 0.6666669846
53934  -28.032  -6.532  42.317 0.4444440007
53936  -29.188  -6.328  42.440 0.2222220004
53912  -10.823  -6.940  43.704 0.7777780294
53899  -17.292  -6.652  44.696 1.0000000000
53900  -18.200  -6.696  44.713 1.0000000000
52852  -9.980  -7.889  41.942 0.7777780294
53919  -17.640  -7.155  44.045 1.0000000000
53920  -18.551  -7.210  44.016 0.8888890147
52883  -26.461  -7.797  40.853 0.6666669846
108989  -27.807  -6.554  41.447 0.5555559993
53931  -11.175  -7.297  43.073 0.7777780294
52832  -11.437  -7.722  42.423 0.7777780294
52813  -17.941  -7.560  43.361 1.0000000000
106717  -19.536  -7.905  43.158 1.0000000000
52894  -26.634  -7.745  40.195 0.7777780294
52895  -27.331  -7.135  39.975 0.8888890147
53944  -28.406  -5.834  41.869 0.5555559993
52853  -10.848  -7.956  41.814 0.7777780294
52839  -18.134  -7.842  42.601 1.0000000000
115429  -19.039  -8.377  41.929 1.0000000000
52840  -19.614  -8.397  42.427 1.0000000000
50725  -25.495  -9.967  40.613 0.8888890147
51818  -26.382  -8.572  39.695 0.7777780294
52904  -27.751  -7.639  38.995 0.8888890147
52874  -11.103  -8.211  41.020 0.7777780294
52861  -18.360  -8.056  41.854 1.0000000000
116637  -19.634  -8.868  41.623 1.0000000000
49673  -23.489  -10.914  40.878 0.8888890147
49675  -25.019  -10.698  40.192 0.8888890147
50745  -25.651  -10.141  39.737 0.8888890147
51819  -26.968  -7.969  39.323 0.8888890147
51808  -10.776  -8.782  39.577 0.8888890147
52875  -11.959  -8.281  40.915 0.8888890147
50723  -20.089  -9.448  40.982 0.8888890147
49690  -22.436  -11.101  39.576 1.0000000000
49674  -24.267  -10.986  40.618 0.8888890147
51826  -11.005  -9.058  38.752 0.7777780294
51809  -11.743  -8.761  39.362 0.8888890147
106141  -21.079  -10.160  40.396 1.0000000000
49671  -22.027  -10.660  40.340 0.8888890147
50755  -10.475  -9.524  38.292 0.6666669846
51827  -11.814  -9.011  38.448 0.8888890147
51810  -12.664  -8.669  39.524 0.8888890147
108990  -9.422  -11.553  36.097 0.5555559993
50756  -11.236  -9.458  38.003 0.6666669846
51846  -12.036  -9.339  37.679 0.6666669846
49731  -10.544  -10.624  36.252 0.5555559993
50771  -11.422  -9.793  37.207 0.6666669846
56038  -11.765  -5.071  45.955 0.5555559993
56039  -12.590  -5.053  46.062 0.6666669846
117038  -13.433  -4.978  46.454 0.6666669846
54980  -13.273  -5.680  45.597 0.6666669846
122266  -14.046  -5.355  46.092 0.7777780294
56040  -14.858  -5.458  46.147 0.7777780294
54982  -15.798  -5.527  46.087 0.7777780294
54981  -14.252  -5.887  45.445 0.7777780294
109342  -15.160  -5.974  45.388 1.0000000000
54998  -16.067  -6.038  45.346 1.0000000000
52845  -29.880  -6.879  42.198 0.3333329856
54995  -12.722  -6.145  44.811 0.6666669846
54996  -13.666  -6.274  44.802 0.7777780294
54997  -14.595  -6.407  44.769 1.0000000000
53897  -15.495  -6.523  44.754 1.0000000000
53898  -16.389  -6.613  44.728 1.0000000000
54994  -11.806  -6.141  44.859 0.7777780294
109344  -14.985  -6.881  44.138 1.0000000000
53917  -15.862  -6.982  44.122 1.0000000000
53918  -16.747  -7.105  44.102 1.0000000000
55010  -28.887  -5.351  42.016 0.4444440007
55011  -29.290  -5.487  42.116 0.4444440007
55012  -30.182  -5.032  41.972 0.4444440007
53932  -11.996  -7.377  42.970 0.7777780294
53896  -14.075  -6.789  44.118 0.7777780294
55049  -28.900  -5.207  41.688 0.5555559993
55021  -29.486  -4.874  42.020 0.5555559993
55022  -30.253  -4.620  42.002 0.4444440007
52854  -11.693  -8.018  41.681 0.7777780294
53914  -12.567  -7.040  43.523 0.7777780294
53915  -13.561  -7.245  43.366 0.8888890147
53916  -14.542  -7.238  43.490 1.0000000000
52811  -16.229  -7.384  43.439 1.0000000000
52812  -17.105  -7.476  43.396 1.0000000000
53962  -27.993  -6.618  40.286 0.6666669846
53953  -29.027  -5.405  40.794 0.6666669846
55050  -29.598  -4.805  41.527 0.4444440007
55051  -30.470  -4.779  41.087 0.4444440007
52833  -12.263  -7.823  42.301 0.7777780294
52834  -13.068  -7.926  42.162 0.8888890147
52859  -16.477  -7.933  41.740 1.0000000000
52838  -17.447  -7.715  42.755 1.0000000000
52896  -28.191  -6.997  39.548 0.8888890147
52897  -29.051  -6.863  39.289 0.7777780294
53964  -29.423  -5.969  39.788 0.6666669846
55075  -29.881  -5.189  40.411 0.4444440007
52855  -12.532  -8.110  41.556 0.8888890147
52860  -17.393  -7.904  41.794 1.0000000000
50746  -26.077  -9.366  39.252 0.8888890147
53965  -30.325  -5.853  39.500 0.4444440007
51791  -12.247  -8.509  40.171 0.8888890147
52882  -17.988  -8.179  41.233 0.8888890147
103175  -23.708  -11.278  40.247 1.0000000000
49693  -25.153  -10.871  39.280 0.8888890147
50760  -25.696  -10.142  38.820 0.8888890147
51836  -27.366  -8.351  38.486 0.8888890147
52905  -28.628  -7.541  38.747 0.8888890147
52906  -29.550  -7.516  38.590 0.8888890147
53976  -29.919  -6.695  39.013 0.7777780294
51792  -12.945  -8.484  40.153 0.8888890147
51794  -18.069  -8.555  40.550 0.8888890147
105854  -19.356  -9.048  40.901 0.8888890147
50744  -20.597  -10.133  39.496 0.8888890147
48697  -24.095  -11.593  39.155 1.0000000000
49708  -24.536  -11.407  38.842 0.8888890147
50761  -26.202  -9.384  38.340 0.8888890147
50762  -26.869  -8.931  37.975 0.8888890147
51854  -27.742  -8.827  37.754 0.8888890147
51837  -28.186  -8.122  38.163 0.8888890147
51838  -29.085  -8.091  37.993 0.8888890147
116639  -12.379  -8.843  38.870 0.8888890147
116941  -13.102  -8.792  38.862 0.8888890147
51829  -13.945  -8.728  38.809 0.8888890147
51815  -18.150  -8.889  39.680 0.8888890147
51795  -19.523  -9.406  40.288 0.8888890147
49689  -21.493  -10.615  39.524 0.8888890147
105712  -24.364  -11.235  37.956 0.8888890147
115598  -25.665  -9.991  37.858 0.8888890147
106788  -13.441  -8.872  38.066 0.8888890147
110066  -19.440  -10.096  38.150 0.8888890147
50759  -20.032  -10.115  38.766 0.8888890147
49706  -22.000  -10.998  38.702 0.8888890147
49707  -23.699  -11.561  38.598 0.7777780294
50777  -27.225  -9.357  37.228 0.8888890147
51855  -28.688  -8.838  37.581 0.7777780294
50772  -12.208  -9.677  36.894 0.6666669846
51847  -12.919  -9.194  37.317 0.6666669846
50775  -20.173  -10.612  37.980 0.8888890147
49688  -20.969  -10.623  38.623 0.8888890147
102048  -21.953  -11.218  37.883 0.7777780294
49722  -23.513  -11.386  37.630 0.7777780294
49724  -24.954  -10.545  37.261 0.8888890147
50792  -25.744  -9.938  36.943 0.8888890147
50776  -26.370  -9.531  37.494 0.8888890147
50778  -28.205  -9.378  37.080 0.7777780294
49718  -19.533  -10.484  37.427 0.7777780294
120332  -21.486  -10.963  38.229 0.7777780294
49721  -22.623  -11.379  37.339 0.7777780294
49723  -24.151  -11.112  37.074 0.7777780294
115432  -24.551  -10.735  36.570 0.8888890147
49739  -25.156  -10.337  36.356 0.8888890147
50793  -26.652  -9.767  36.638 1.0000000000
49733  -19.533  -10.737  36.619 0.7777780294
101667  -21.067  -11.012  37.682 0.7777780294
49720  -21.753  -11.364  37.118 0.7777780294
49736  -22.362  -11.408  36.521 0.7777780294
49737  -23.313  -11.285  36.669 0.7777780294
49759  -25.358  -10.437  35.562 0.7777780294
50810  -27.040  -10.177  35.684 0.7777780294
49753  -19.564  -10.933  35.726 0.6666669846
49734  -20.292  -11.057  36.258 0.6666669846
49735  -21.623  -11.407  36.405 0.7777780294
49755  -21.998  -11.395  35.616 0.6666669846
49757  -23.597  -11.042  35.786 0.7777780294
49760  -26.179  -10.404  35.252 0.6666669846
49754  -20.342  -11.217  35.401 0.6666669846
102366  -21.121  -11.345  35.050 0.5555559993
49756  -22.964  -11.187  35.031 0.6666669846
109037  -23.969  -10.915  35.005 0.5555559993
112978  -24.836  -10.651  34.939 0.5555559993
116281  -25.569  -10.540  34.882 0.6666669846
49781  -26.165  -10.544  34.449 0.7777780294
49775  -20.974  -11.289  34.169 0.5555559993
107241  -21.975  -11.231  34.445 0.5555559993
49778  -23.543  -10.967  34.281 0.4444440007
49779  -24.369  -10.798  34.228 0.5555559993
49780  -25.304  -10.640  34.123 0.5555559993
49777  -22.831  -11.098  34.178 0.4444440007
108592  -23.922  -10.861  33.677 0.5555559993
103258  -24.633  -10.748  33.327 0.5555559993
52846  -30.637  -7.038  41.934 0.3333329856
114704  -29.769  -5.850  42.175 0.4444440007
53937  -30.588  -5.975  42.094 0.4444440007
53938  -31.354  -6.054  41.939 0.4444440007
109704  -30.749  -4.858  42.019 0.4444440007
115759  -13.516  -7.716  42.662 0.8888890147
121837  -14.987  -7.532  42.990 1.0000000000
55023  -31.450  -5.059  41.801 0.4444440007
52835  -14.280  -7.698  42.740 1.0000000000
117925  -15.674  -7.632  42.824 1.0000000000
52837  -16.600  -7.720  42.578 1.0000000000
56089  -31.135  -4.809  41.484 0.4444440007
52876  -12.767  -8.332  40.800 0.8888890147
102428  -13.835  -7.998  42.109 1.0000000000
52836  -15.041  -7.901  42.393 1.0000000000
104717  -15.876  -7.986  41.217 1.0000000000
116019  -16.645  -7.991  40.982 0.8888890147
55052  -31.329  -4.918  40.652 0.4444440007
52856  -13.413  -8.177  41.385 1.0000000000
52857  -14.224  -8.151  41.506 1.0000000000
52858  -15.041  -8.117  41.596 1.0000000000
52880  -16.794  -8.142  40.312 0.8888890147
55076  -30.790  -5.165  40.063 0.6666669846
52877  -13.476  -8.367  40.546 1.0000000000
52878  -14.616  -8.175  40.863 1.0000000000
51793  -17.379  -8.469  39.939 0.8888890147
52907  -30.487  -7.495  38.458 0.8888890147
52918  -30.072  -8.116  37.890 0.8888890147
51811  -13.552  -8.573  39.678 0.8888890147
51812  -14.471  -8.530  39.499 0.8888890147
52892  -15.974  -8.065  40.189 0.8888890147
52893  -16.658  -8.286  39.735 0.8888890147
51816  -18.971  -9.350  39.620 0.8888890147
106005  -14.273  -8.782  38.000 0.7777780294
104099  -17.725  -8.931  38.944 0.8888890147
51834  -18.437  -9.342  38.945 0.8888890147
50758  -19.198  -9.749  38.884 0.8888890147
51856  -29.644  -8.780  37.409 0.8888890147
113674  -30.668  -8.698  37.181 0.8888890147
50787  -12.340  -9.786  36.114 0.4444440007
108014  -12.811  -9.504  36.570 0.5555559993
51848  -13.839  -8.967  37.290 0.6666669846
51868  -29.152  -9.327  36.892 0.7777780294
50788  -13.045  -9.559  35.920 0.5555559993
51863  -13.478  -9.248  36.566 0.6666669846
50774  -18.241  -9.673  37.450 0.7777780294
50757  -18.698  -9.703  38.230 0.7777780294
106830  -18.998  -9.964  37.615 0.7777780294
50795  -28.640  -9.749  36.267 0.7777780294
50790  -18.094  -9.908  36.502 0.7777780294
50791  -18.899  -10.167  36.944 0.7777780294
118754  -27.707  -10.401  34.986 0.7777780294
50811  -28.117  -10.096  35.585 0.8888890147
49732  -18.812  -10.540  36.119 0.5555559993
49761  -26.973  -10.520  34.764 0.7777780294
49773  -18.743  -10.936  34.361 0.5555559993
49774  -19.606  -11.122  34.742 0.5555559993
118048  -26.872  -10.606  33.942 0.7777780294
49793  -18.637  -10.941  33.609 0.4444440007
49794  -19.314  -11.093  33.811 0.5555559993
115507  -20.427  -11.278  34.669 0.5555559993
116881  -21.559  -11.119  33.497 0.3333329856
108051  -26.099  -10.608  33.646 0.5555559993
109856  -19.838  -11.095  33.160 0.3333329856
49795  -20.691  -11.143  33.338 0.3333329856
49776  -22.435  -11.018  33.536 0.2222220004
122179  -25.453  -10.667  33.308 0.5555559993
113124  -21.256  -10.977  32.678 0.1111110002
49810  -22.400  -10.856  31.965 0.1111110002
103260  -22.970  -10.895  32.699 0.2222220004
49812  -24.374  -10.797  32.362 0.3333329856
115529  -25.220  -10.732  32.547 0.4444440007
102298  -23.178  -10.832  31.747 0.1111110002
49811  -23.661  -10.834  32.266 0.2222220004
52847  -31.300  -6.784  41.788 0.2222220004
55014  -31.740  -5.714  41.746 0.3333329856
55024  -32.147  -5.598  41.290 0.4444440007
56115  -32.354  -5.126  40.566 0.4444440007
55077  -31.674  -5.329  39.855 0.4444440007
53977  -30.853  -6.698  38.858 0.8888890147
53978  -31.769  -6.644  38.679 0.8888890147
51814  -16.157  -8.339  39.195 0.8888890147
52919  -31.009  -8.067  37.775 0.8888890147
52908  -31.394  -7.429  38.289 0.8888890147
51813  -15.329  -8.409  39.364 0.8888890147
51831  -15.596  -8.534  38.509 0.7777780294
51832  -16.408  -8.630  38.366 0.8888890147
120269  -17.565  -8.729  39.422 0.8888890147
51853  -17.968  -9.246  38.232 0.8888890147
118488  -31.497  -8.470  37.120 0.8888890147
51849  -15.057  -8.687  37.848 0.6666669846
51851  -16.679  -8.871  37.480 0.7777780294
51833  -17.212  -8.874  38.275 0.8888890147
112559  -14.563  -8.852  37.320 0.6666669846
51867  -17.132  -9.144  37.014 0.7777780294
50773  -17.633  -9.486  37.011 0.7777780294
50806  -13.217  -9.540  34.968 0.4444440007
51864  -13.814  -9.270  35.754 0.4444440007
50807  -16.898  -9.503  35.845 0.6666669846
113005  -17.542  -9.853  35.924 0.6666669846
121443  -14.517  -9.063  35.673 0.4444440007
50808  -17.390  -9.965  35.104 0.6666669846
50829  -18.089  -10.603  34.779 0.5555559993
50828  -17.568  -10.389  34.328 0.5555559993
49772  -18.062  -10.756  33.941 0.5555559993
49807  -19.546  -10.959  32.301 0.1111110002
49825  -20.169  -10.854  31.619 0.1111110002
49824  -19.270  -10.793  31.379 0.1111110002
116682  -21.295  -10.759  31.207 0.1111110002
102768  -21.818  -10.793  31.368 0.1111110002
49813  -25.898  -10.745  31.904 0.4444440007
53939  -32.066  -6.537  41.537 0.1111110002
55015  -32.315  -6.185  41.366 0.3333329856
53940  -32.712  -6.679  41.309 0.2222220004
55025  -32.930  -6.161  41.103 0.2222220004
53945  -33.369  -6.870  41.326 0.1111110002
56091  -32.662  -5.461  40.790 0.3333329856
55053  -33.602  -5.656  40.701 0.1111110002
56126  -32.859  -5.078  40.151 0.5555559993
56117  -33.945  -5.077  40.111 0.1111110002
55101  -32.121  -5.838  39.102 0.7777780294
52920  -31.875  -7.923  37.571 0.8888890147
53979  -32.692  -6.504  38.482 0.8888890147
52921  -32.840  -7.748  37.182 0.8888890147
112221  -15.265  -8.827  36.956 0.6666669846
114768  -16.050  -8.835  36.990 0.7777780294
51866  -15.844  -8.917  36.313 0.5555559993
111263  -30.940  -8.931  36.271 0.8888890147
52932  -32.166  -8.238  36.916 0.8888890147
51865  -15.122  -8.931  36.031 0.5555559993
51880  -15.712  -9.072  35.525 0.5555559993
51881  -16.277  -9.179  35.864 0.5555559993
51892  -16.418  -9.510  35.058 0.5555559993
50827  -16.957  -9.917  34.246 0.5555559993
50860  -17.233  -10.353  32.665 0.3333329856
104426  -35.066  -6.182  40.651 0.1111110002
55054  -34.454  -5.538  40.425 0.1111110002
55078  -33.315  -5.179  39.570 0.5555559993
56118  -34.621  -4.913  39.852 0.1111110002
53955  -35.749  -6.299  40.120 0.1111110002
53980  -33.528  -6.220  38.252 0.7777780294
55079  -34.027  -4.788  39.385 0.2222220004
55103  -33.747  -5.394  38.816 0.7777780294
52922  -33.691  -7.274  37.102 0.8888890147
114888  -34.058  -6.624  37.485 0.8888890147
51870  -31.813  -8.594  36.358 0.8888890147
52933  -32.699  -8.142  36.338 1.0000000000
51882  -31.482  -8.801  35.478 1.0000000000
51871  -32.358  -8.367  35.566 1.0000000000
55105  -36.338  -4.885  38.961 0.1111110002
56129  -34.901  -4.239  39.474 0.2222220004
56130  -35.438  -4.362  39.380 0.1111110002
55125  -34.689  -5.151  37.595 0.4444440007
56136  -34.613  -4.038  39.036 0.2222220004
56128  -34.435  -4.622  39.458 0.2222220004
53996  -34.700  -6.111  37.145 0.5555559993
55124  -34.218  -5.741  37.961 0.6666669846
54013  -34.340  -6.885  36.603 0.6666669846
106349  -34.032  -7.107  35.618 1.0000000000
52945  -33.178  -7.809  35.601 1.0000000000
52957  -33.473  -7.242  34.733 1.0000000000
52956  -32.693  -7.898  34.785 1.0000000000
56138  -35.760  -3.811  38.739 0.1111110002
57099  -35.689  -3.029  38.122 0.2222220004
57098  -35.108  -3.102  38.539 0.2222220004
56139  -36.699  -4.487  38.391 0.2222220004
56137  -35.081  -3.690  39.170 0.1111110002
56145  -34.717  -4.094  38.179 0.2222220004
57097  -34.946  -3.162  38.479 0.2222220004
57103  -34.910  -2.739  37.777 0.2222220004
56151  -34.831  -4.327  37.133 0.5555559993
57107  -34.804  -3.197  37.047 0.2222220004
55143  -34.908  -5.447  36.710 0.5555559993
56157  -34.971  -4.818  36.262 0.6666669846
110048  -34.888  -3.956  36.354 0.5555559993
119911  -33.989  -6.804  34.961 0.8888890147
54045  -34.558  -6.340  35.099 0.8888890147
55155  -34.960  -5.670  35.784 0.7777780294
54044  -33.972  -6.502  34.405 1.0000000000
55164  -34.455  -5.938  34.311 0.7777780294
105364  -32.827  -7.366  34.017 1.0000000000
54043  -33.389  -6.726  33.819 1.0000000000
54062  -32.809  -6.918  33.275 1.0000000000
54084  -32.258  -7.086  32.007 1.0000000000
52993  -32.403  -7.317  32.796 1.0000000000
56146  -36.585  -3.766  38.041 0.1111110002
58038  -35.418  -2.789  38.021 0.2222220004
58043  -35.424  -2.621  37.608 0.2222220004
58915  -35.461  -2.425  37.027 0.3333329856
117532  -35.220  -2.550  37.596 0.2222220004
58050  -34.949  -2.544  37.007 0.2222220004
57113  -34.882  -2.944  35.956 0.2222220004
104705  -34.973  -4.433  35.448 0.5555559993
57119  -34.988  -3.534  34.791 0.6666669846
103625  -34.849  -5.408  34.778 0.7777780294
56162  -34.971  -4.540  34.343 0.7777780294
55178  -34.657  -5.307  33.878 1.0000000000
54086  -33.316  -6.336  33.011 1.0000000000
54085  -32.819  -6.592  32.441 1.0000000000
119915  -33.220  -6.123  32.477 1.0000000000
54119  -32.110  -6.768  31.225 1.0000000000
54118  -31.743  -7.164  30.814 1.0000000000
104647  -37.285  -3.900  37.423 0.1111110002
58044  -35.662  -2.560  37.543 0.2222220004
58916  -35.846  -2.348  36.862 0.2222220004
115605  -35.108  -2.055  35.551 0.4444440007
111908  -34.973  -2.450  34.955 0.5555559993
56169  -34.892  -4.580  33.436 0.7777780294
57126  -35.256  -3.811  33.832 0.7777780294
55191  -34.426  -5.198  33.050 0.8888890147
56175  -34.767  -4.568  32.711 0.8888890147
55189  -33.063  -5.861  31.910 1.0000000000
55190  -33.718  -5.682  32.577 1.0000000000
55211  -32.618  -5.958  30.992 1.0000000000
54104  -32.631  -6.489  31.678 1.0000000000
55210  -31.960  -6.459  30.361 1.0000000000
54127  -31.532  -6.772  29.573 1.0000000000
105991  -30.567  -6.900  28.072 0.7777780294
54135  -30.949  -7.040  28.828 0.8888890147
53052  -30.146  -7.313  27.577 0.4444440007
58045  -36.437  -3.009  37.347 0.1111110002
58051  -36.052  -2.134  36.811 0.1111110002
58926  -35.840  -1.951  36.219 0.2222220004
58940  -35.646  -1.617  35.601 0.4444440007
106485  -35.256  -3.015  34.222 0.5555559993
58061  -35.504  -2.136  34.076 0.7777780294
57132  -35.200  -3.907  32.924 0.7777780294
112034  -35.540  -3.076  33.365 0.6666669846
56186  -34.808  -4.100  31.974 0.7777780294
56174  -34.182  -4.903  32.281 1.0000000000
55203  -33.623  -5.278  31.883 1.0000000000
116782  -33.968  -4.680  31.507 1.0000000000
56185  -33.293  -5.270  31.221 1.0000000000
56199  -33.604  -4.599  30.700 1.0000000000
116266  -34.294  -3.961  31.029 1.0000000000
110147  -32.441  -5.737  30.160 1.0000000000
107288  -32.894  -5.168  30.460 1.0000000000
54136  -31.431  -6.258  28.931 0.8888890147
55217  -31.921  -5.829  29.493 1.0000000000
55218  -32.560  -5.148  29.665 1.0000000000
55224  -30.933  -6.111  28.181 0.8888890147
54146  -29.930  -6.839  27.066 0.3333329856
55234  -30.719  -5.691  27.273 0.3333329856
54156  -30.127  -6.137  26.798 0.2222220004
57108  -37.529  -3.537  36.761 0.1111110002
58052  -36.867  -2.628  36.463 0.1111110002
58927  -36.225  -1.619  36.022 0.3333329856
58939  -35.317  -1.637  34.906 0.3333329856
59928  -35.914  -1.113  35.002 0.3333329856
117831  -35.946  -1.278  34.461 0.4444440007
58067  -35.664  -2.201  32.989 0.4444440007
59942  -36.053  -1.190  33.747 0.4444440007
106096  -35.442  -3.104  32.298 0.7777780294
58078  -35.087  -2.566  31.505 0.7777780294
58083  -34.703  -2.170  30.755 0.7777780294
57140  -34.922  -3.321  31.358 0.7777780294
121377  -34.867  -2.869  30.995 0.7777780294
58082  -34.151  -2.295  29.913 0.7777780294
57150  -33.788  -3.859  30.210 0.8888890147
57151  -34.502  -3.142  30.508 0.8888890147
58090  -33.654  -2.369  29.126 0.7777780294
59024  -33.970  -1.499  29.333 0.6666669846
60001  -34.147  -0.900  28.712 0.6666669846
56198  -33.120  -4.501  29.927 1.0000000000
57161  -33.812  -3.136  29.678 1.0000000000
59038  -33.662  -1.670  28.520 0.7777780294
59039  -33.761  -1.282  27.886 0.7777780294
56210  -32.681  -4.443  29.035 0.8888890147
57160  -33.313  -3.832  29.413 1.0000000000
58089  -33.291  -3.133  28.938 1.0000000000
58096  -33.255  -2.439  28.328 0.8888890147
117844  -33.366  -1.881  27.871 0.8888890147
56209  -32.161  -5.126  29.009 0.8888890147
106099  -32.910  -3.714  28.795 1.0000000000
58102  -32.880  -2.503  27.384 1.0000000000
59053  -33.431  -1.754  27.260 1.0000000000
55225  -31.650  -5.546  28.592 0.8888890147
56220  -31.930  -4.650  28.280 0.8888890147
57169  -32.469  -3.923  28.267 0.8888890147
59052  -33.119  -1.999  26.691 1.0000000000
59068  -33.674  -1.703  26.526 1.0000000000
55235  -31.305  -5.228  27.780 0.8888890147
57174  -31.969  -4.022  27.732 0.8888890147
57175  -32.398  -3.434  27.546 1.0000000000
58095  -32.837  -3.189  28.222 1.0000000000
56233  -31.602  -4.514  27.385 0.7777780294
105012  -31.825  -3.785  26.984 0.8888890147
57183  -32.264  -3.089  26.779 1.0000000000
58107  -32.675  -2.496  26.385 1.0000000000
59085  -33.179  -1.975  25.970 1.0000000000
55254  -30.203  -5.069  25.636 0.2222220004
56247  -30.891  -4.556  26.105 0.6666669846
57182  -31.526  -3.815  26.153 0.6666669846
121241  -31.904  -3.418  26.458 0.8888890147
57191  -31.080  -4.014  25.551 0.5555559993
58106  -31.982  -2.983  25.970 0.8888890147
58114  -32.630  -2.458  25.530 0.8888890147
56263  -29.987  -4.819  24.823 0.4444440007
56277  -29.894  -4.685  23.972 0.5555559993
56264  -30.631  -4.463  25.220 0.5555559993
57192  -31.549  -3.507  25.329 0.6666669846
58124  -32.102  -2.837  24.124 0.8888890147
56278  -30.488  -4.294  24.411 0.5555559993
57208  -30.395  -4.106  23.590 0.5555559993
57199  -30.996  -3.856  24.852 0.6666669846
116081  -36.504  -1.080  35.611 0.1111110002
117847  -37.279  -2.325  35.835 0.1111110002
58941  -36.551  -1.038  35.323 0.3333329856
106557  -36.516  -0.991  34.826 0.3333329856
59943  -36.450  -1.066  34.115 0.2222220004
58966  -35.782  -1.471  33.453 0.4444440007
112638  -35.404  -1.366  32.576 0.4444440007
58072  -35.325  -2.128  32.175 0.6666669846
58994  -34.983  -1.506  31.658 0.6666669846
59010  -34.433  -1.409  30.123 0.7777780294
59025  -34.495  -0.851  29.592 0.6666669846
60002  -34.824  -0.400  29.333 0.5555559993
107179  -34.854  -0.475  28.486 0.6666669846
60014  -34.400  -0.821  27.821 0.7777780294
60029  -35.263  -0.668  27.744 0.6666669846
60042  -35.794  -1.109  27.101 0.7777780294
59054  -34.017  -1.195  27.115 0.8888890147
59069  -34.424  -1.519  26.378 0.8888890147
59070  -35.329  -1.532  26.367 0.8888890147
59088  -35.848  -1.998  25.690 0.8888890147
59087  -34.844  -1.954  25.537 0.8888890147
59086  -33.911  -1.868  25.738 0.8888890147
58115  -34.092  -2.183  24.914 0.7777780294
59105  -35.531  -2.389  24.994 0.7777780294
105027  -33.318  -2.123  25.145 0.7777780294
58113  -31.997  -2.850  25.053 0.8888890147
58125  -32.695  -2.533  24.679 0.8888890147
57200  -31.544  -3.334  24.483 0.6666669846
116801  -32.766  -2.674  24.012 0.8888890147
117203  -30.941  -3.673  23.295 0.7777780294
57209  -31.570  -3.206  23.554 0.7777780294
58942  -37.166  -1.452  35.390 0.1111110002
59929  -36.828  -0.743  35.050 0.1111110002
59944  -36.888  -0.681  34.598 0.2222220004
60923  -37.071  -0.191  33.871 0.2222220004
59956  -36.047  -0.789  33.176 0.3333329856
121697  -36.352  -0.378  32.705 0.3333329856
111430  -36.437  -0.139  32.370 0.3333329856
59967  -35.335  -0.754  32.220 0.5555559993
60971  -35.625  -0.242  31.936 0.3333329856
60972  -36.037  0.144  31.728 0.3333329856
60985  -35.855  0.253  30.967 0.3333329856
106776  -34.757  -1.220  30.848 0.5555559993
60984  -35.386  -0.102  31.127 0.4444440007
60999  -35.169  -0.057  30.195 0.3333329856
59989  -34.857  -0.596  30.421 0.6666669846
121784  -34.831  -0.454  29.869 0.6666669846
61000  -35.358  -0.020  29.542 0.3333329856
61001  -36.803  0.410  29.955 0.3333329856
60015  -35.663  -0.325  28.424 0.6666669846
61016  -36.056  0.054  29.204 0.3333329856
60016  -36.610  -0.289  28.467 0.3333329856
60030  -36.225  -0.729  27.805 0.5555559993
108219  -37.201  -0.716  27.896 0.4444440007
59055  -36.875  -1.304  27.270 0.6666669846
102583  -36.349  -1.663  26.479 0.8888890147
60031  -37.947  -1.117  27.289 0.5555559993
59089  -36.799  -2.071  25.752 0.7777780294
59090  -37.735  -2.018  25.702 0.7777780294
58116  -36.322  -2.410  25.045 0.8888890147
58117  -37.189  -2.378  25.046 0.8888890147
117720  -34.917  -2.482  24.711 0.7777780294
58128  -35.877  -2.679  24.443 0.7777780294
103015  -35.247  -2.774  24.053 0.7777780294
58126  -33.476  -2.510  24.254 0.8888890147
58127  -34.404  -2.637  24.160 0.7777780294
58139  -33.125  -2.721  23.488 0.7777780294
58138  -32.443  -2.792  23.518 0.7777780294
57232  -30.650  -3.783  21.757 0.6666669846
57217  -31.291  -3.359  22.539 0.7777780294
121040  -32.015  -2.864  23.528 0.7777780294
58137  -32.033  -2.865  22.940 0.7777780294
115784  -32.710  -2.808  23.002 0.7777780294
58152  -32.622  -2.914  22.373 0.6666669846
58151  -31.914  -2.976  22.074 0.6666669846
114968  -32.491  -3.008  21.758 0.6666669846
115552  -32.030  -3.148  21.339 0.6666669846
58163  -32.714  -3.101  21.273 0.6666669846
59945  -37.164  -0.414  34.263 0.2222220004
60938  -37.006  -0.215  33.209 0.2222220004
101697  -37.353  -0.079  33.487 0.2222220004
59957  -37.917  0.017  33.168 0.1111110002
60954  -37.084  -0.191  32.909 0.3333329856
60955  -37.108  -0.044  32.818 0.3333329856
118530  -36.665  0.095  32.082 0.3333329856
60973  -36.552  0.302  31.646 0.3333329856
62051  -37.219  0.421  31.604 0.3333329856
60986  -36.575  0.453  30.877 0.3333329856
60958  -38.963  0.355  31.977 0.2222220004
60987  -37.562  0.478  30.763 0.3333329856
61017  -37.163  0.147  29.114 0.3333329856
60959  -39.974  0.036  31.610 0.2222220004
61002  -37.948  0.413  29.852 0.3333329856
115034  -37.442  -0.187  28.453 0.3333329856
61003  -39.110  0.380  29.780 0.3333329856
61018  -38.312  0.209  28.913 0.3333329856
60032  -38.936  -0.127  27.539 0.3333329856
119220  -40.019  0.347  27.428 0.3333329856
59072  -38.300  -1.595  26.413 0.6666669846
110771  -39.381  -0.266  26.822 0.3333329856
60044  -39.142  -1.074  26.067 0.5555559993
58129  -36.735  -2.635  24.299 0.7777780294
59106  -38.059  -2.300  24.937 0.8888890147
58131  -38.964  -2.176  24.569 0.7777780294
109210  -36.026  -2.826  23.710 0.7777780294
116604  -37.410  -2.630  23.950 0.7777780294
58130  -38.129  -2.520  24.190 0.8888890147
58140  -34.699  -2.812  23.527 0.7777780294
58142  -36.889  -2.695  23.328 0.7777780294
103505  -33.950  -2.763  23.476 0.7777780294
58156  -36.079  -2.828  22.850 0.7777780294
58144  -38.747  -2.476  23.618 0.8888890147
58155  -35.385  -2.868  22.303 0.7777780294
115660  -36.710  -2.717  22.506 0.7777780294
58153  -33.452  -2.865  22.692 0.7777780294
116546  -34.679  -2.890  21.754 0.7777780294
103217  -33.982  -2.919  22.047 0.7777780294
108625  -35.523  -2.800  21.296 0.7777780294
103216  -36.163  -2.783  22.003 0.7777780294
58179  -33.307  -3.079  20.926 0.7777780294
109306  -34.652  -2.866  20.871 0.7777780294
58180  -33.964  -2.987  20.611 0.7777780294
58196  -34.458  -2.988  19.963 0.7777780294
58181  -35.312  -2.845  20.354 0.7777780294
57261  -33.914  -3.223  19.197 0.5555559993
58197  -35.281  -2.914  19.559 0.7777780294
113511  -35.864  -2.800  19.925 0.7777780294
57270  -33.467  -3.463  18.312 0.5555559993
57271  -34.446  -3.221  18.491 0.5555559993
58207  -34.689  -3.054  19.179 0.6666669846
57285  -33.434  -3.609  17.391 0.3333329856
103294  -34.224  -3.410  17.666 0.5555559993
58967  -38.011  -0.627  33.794 0.2222220004
60940  -37.643  0.000  33.090 0.2222220004
59968  -38.200  0.288  32.582 0.2222220004
60956  -37.486  0.068  32.636 0.3333329856
60957  -38.214  0.250  32.346 0.3333329856
62025  -37.845  0.308  32.195 0.3333329856
60974  -38.505  0.423  31.728 0.3333329856
62040  -38.357  0.397  31.665 0.3333329856
62053  -38.795  0.454  30.902 0.3333329856
60975  -39.348  0.483  31.108 0.3333329856
121962  -39.719  0.478  30.667 0.3333329856
62063  -38.629  0.465  30.582 0.3333329856
60988  -40.119  0.381  30.297 0.3333329856
61004  -39.902  0.357  29.928 0.3333329856
61005  -40.247  0.242  29.526 0.3333329856
61019  -39.552  0.277  28.919 0.3333329856
61021  -40.371  0.313  28.722 0.2222220004
61022  -40.847  0.169  28.580 0.2222220004
122519  -40.005  0.456  28.519 0.3333329856
115786  -40.498  0.498  28.183 0.3333329856
60045  -40.774  0.283  26.774 0.2222220004
60019  -41.365  -0.405  28.234 0.2222220004
109622  -39.941  -0.025  26.290 0.3333329856
60046  -42.014  0.167  26.487 0.2222220004
59092  -39.296  -1.570  25.190 0.6666669846
60058  -40.645  0.186  25.804 0.4444440007
61052  -41.606  0.689  26.382 0.3333329856
60057  -39.876  -0.687  25.270 0.6666669846
59107  -39.909  -1.644  24.507 0.6666669846
116417  -40.572  -0.325  24.902 0.4444440007
58143  -37.856  -2.598  23.396 0.7777780294
58158  -38.416  -2.528  22.701 0.7777780294
59115  -39.626  -2.229  23.758 0.7777780294
58157  -37.467  -2.624  22.558 0.7777780294
115483  -36.379  -2.703  21.282 0.7777780294
115687  -37.989  -2.493  21.649 0.7777780294
58166  -36.966  -2.633  21.792 0.7777780294
58182  -36.121  -2.730  20.581 0.7777780294
58183  -37.094  -2.544  20.804 0.7777780294
109865  -36.611  -2.670  19.908 0.6666669846
58208  -35.351  -2.975  18.687 0.6666669846
58198  -36.042  -2.811  19.270 0.6666669846
58199  -36.920  -2.679  19.089 0.6666669846
57272  -35.038  -3.164  17.858 0.6666669846
58217  -35.750  -3.002  17.971 0.6666669846
58210  -37.168  -2.740  18.224 0.6666669846
102260  -32.189  -4.149  15.639 0.1111110002
57298  -33.295  -3.749  16.616 0.3333329856
102261  -34.074  -3.567  16.822 0.5555559993
57287  -35.658  -3.202  17.255 0.5555559993
58218  -36.498  -2.941  17.551 0.6666669846
61054  -43.517  1.044  26.242 0.2222220004
60060  -43.919  1.116  26.039 0.2222220004
61067  -41.440  0.429  25.490 0.3333329856
118492  -43.500  0.165  25.843 0.1111110002
115950  -40.619  -1.166  24.318 0.5555559993
60070  -41.398  -0.388  24.427 0.4444440007
60081  -41.007  -1.085  23.739 0.6666669846
59125  -39.936  -2.196  22.953 0.7777780294
59116  -40.487  -1.826  23.618 0.7777780294
59124  -39.256  -2.406  22.943 0.8888890147
122901  -39.561  -2.328  22.523 0.7777780294
106310  -39.115  -2.405  22.044 0.7777780294
58184  -38.016  -2.387  20.668 0.7777780294
103859  -38.822  -2.302  21.013 0.7777780294
111960  -37.620  -2.461  19.817 0.6666669846
59140  -38.591  -2.275  20.083 0.7777780294
116723  -38.366  -2.320  19.339 0.7777780294
58211  -38.032  -2.562  18.001 0.6666669846
59153  -38.621  -2.284  18.607 0.7777780294
102258  -33.874  -3.719  15.991 0.3333329856
57299  -34.694  -3.571  16.196 0.5555559993
57300  -35.492  -3.397  16.425 0.5555559993
57301  -36.263  -3.148  16.666 0.5555559993
58220  -38.238  -2.492  17.179 0.7777780294
59163  -38.804  -2.249  17.757 0.7777780294
57312  -34.473  -3.690  15.323 0.3333329856
57313  -35.300  -3.532  15.546 0.4444440007
57314  -36.094  -3.279  15.803 0.5555559993
58226  -36.949  -2.896  16.835 0.6666669846
58219  -37.436  -2.743  17.380 0.6666669846
59170  -38.900  -2.129  16.957 0.7777780294
61068  -42.186  0.608  25.147 0.4444440007
61069  -43.328  1.116  25.475 0.3333329856
61055  -44.005  1.154  25.885 0.2222220004
60082  -41.714  -0.767  23.548 0.4444440007
59126  -40.566  -1.952  22.571 0.5555559993
60092  -41.129  -1.374  22.965 0.5555559993
114984  -39.923  -2.231  22.171 0.8888890147
60099  -41.182  -1.583  21.997 0.5555559993
59133  -39.724  -2.211  21.315 0.7777780294
59141  -39.514  -2.129  20.338 0.7777780294
59154  -39.240  -2.089  19.331 0.7777780294
59155  -40.312  -1.858  19.603 0.7777780294
120079  -39.863  -1.926  18.967 0.7777780294
59165  -40.284  -1.690  18.612 0.7777780294
59164  -39.490  -1.960  18.353 0.7777780294
59171  -39.433  -1.868  17.435 0.7777780294
57327  -35.088  -3.669  14.633 0.3333329856
58235  -36.872  -2.971  16.077 0.5555559993
58227  -37.696  -2.669  16.459 0.7777780294
58228  -38.440  -2.327  16.496 0.7777780294
113846  -39.386  -1.771  16.752 0.7777780294
57345  -35.687  -3.466  13.940 0.4444440007
58244  -36.703  -2.993  15.183 0.5555559993
58236  -37.517  -2.676  15.484 0.6666669846
58237  -38.270  -2.305  15.769 0.7777780294
59178  -38.980  -1.875  16.125 0.7777780294
60071  -44.399  0.812  25.144 0.2222220004
60083  -42.463  -0.301  23.312 0.4444440007
61080  -43.414  0.456  24.049 0.3333329856
59134  -40.491  -1.989  21.634 0.8888890147
60108  -41.042  -1.624  21.045 0.6666669846
59142  -40.348  -1.958  20.700 0.8888890147
114988  -40.885  -1.677  20.276 0.6666669846
60119  -41.067  -1.440  19.714 0.5555559993
60128  -40.939  -1.334  18.977 0.6666669846
59172  -40.068  -1.560  17.778 0.7777780294
60136  -40.799  -1.055  18.004 0.6666669846
59180  -39.868  -1.432  16.995 0.7777780294
60144  -40.323  -0.953  16.433 0.7777780294
59179  -39.680  -1.454  16.243 0.7777780294
101724  -36.529  -3.011  14.238 0.4444440007
58245  -37.340  -2.635  14.574 0.5555559993
58246  -38.072  -2.208  14.894 0.7777780294
59187  -38.788  -1.829  15.194 0.7777780294
58259  -37.164  -2.526  13.678 0.5555559993
61070  -44.411  0.864  24.983 0.3333329856
61081  -44.309  0.919  24.002 0.3333329856
60093  -41.853  -0.870  22.469 0.4444440007
107260  -42.995  0.091  22.993 0.4444440007
105942  -43.680  0.622  23.115 0.3333329856
60094  -42.555  -0.340  22.494 0.4444440007
61097  -43.019  0.249  22.131 0.4444440007
60101  -42.389  -0.487  21.697 0.4444440007
60100  -41.700  -1.059  21.367 0.5555559993
60110  -42.208  -0.553  20.756 0.5555559993
60109  -41.532  -1.155  20.334 0.5555559993
61126  -42.110  -0.498  19.845 0.5555559993
60120  -41.539  -0.934  19.395 0.5555559993
61138  -42.049  -0.338  18.975 0.5555559993
60129  -41.510  -0.774  18.538 0.5555559993
61151  -41.971  -0.234  18.250 0.5555559993
114848  -42.178  0.107  17.604 0.5555559993
106044  -40.393  -1.108  17.267 0.7777780294
60137  -41.565  -0.494  17.702 0.6666669846
60145  -40.969  -0.666  17.065 0.6666669846
60153  -40.469  -0.686  15.531 0.7777780294
59207  -37.748  -1.973  13.212 0.2222220004
59208  -38.454  -1.687  13.539 0.7777780294
59197  -39.283  -1.359  14.641 0.7777780294
60152  -39.948  -1.080  15.740 0.7777780294
117292  -36.400  -2.492  12.441 0.2222220004
59195  -37.899  -2.115  14.040 0.6666669846
59196  -38.611  -1.756  14.342 0.7777780294
61216  -40.536  0.091  12.580 0.7777780294
61230  -40.982  0.472  11.947 0.7777780294
62272  -41.548  1.004  12.164 0.7777780294
62127  -44.560  1.318  23.347 0.3333329856
62117  -45.485  1.648  23.737 0.4444440007
61098  -43.740  1.075  22.332 0.3333329856
61111  -42.731  0.092  21.132 0.4444440007
61112  -43.374  0.656  21.370 0.4444440007
61127  -42.605  0.056  20.282 0.4444440007
62182  -43.742  1.199  19.783 0.4444440007
61140  -43.153  0.549  19.957 0.4444440007
62198  -43.855  1.308  18.740 0.4444440007
61139  -42.605  0.117  19.419 0.4444440007
62181  -43.206  0.682  19.093 0.5555559993
61152  -42.617  0.240  18.436 0.5555559993
62197  -43.224  0.824  18.311 0.5555559993
107793  -43.583  1.163  17.890 0.4444440007
62209  -42.922  0.746  17.451 0.5555559993
62211  -44.199  1.608  17.918 0.4444440007
61162  -41.690  -0.043  16.804 0.7777780294
61163  -42.369  0.357  16.950 0.6666669846
61173  -41.021  -0.385  16.149 0.7777780294
59209  -39.088  -1.294  13.813 0.7777780294
60175  -39.796  -0.758  14.079 0.7777780294
108132  -40.412  -0.215  13.935 0.7777780294
59242  -37.422  -1.682  11.504 0.2222220004
59243  -38.245  -1.430  11.900 0.2222220004
116800  -38.890  -1.297  13.124 0.6666669846
104357  -39.462  -0.853  13.182 0.7777780294
60176  -40.136  -0.332  13.264 0.7777780294
61206  -40.744  0.211  13.380 0.7777780294
61217  -41.130  0.662  12.737 0.7777780294
62259  -41.734  1.171  12.912 0.7777780294
61259  -42.405  0.266  9.728 0.6666669846
118226  -45.197  1.951  23.412 0.4444440007
104216  -44.567  1.738  22.588 0.4444440007
111361  -43.981  1.429  21.563 0.4444440007
62142  -44.785  2.186  21.950 0.4444440007
61128  -43.535  1.039  20.653 0.4444440007
62164  -44.297  1.681  20.745 0.4444440007
62210  -43.763  1.404  17.066 0.5555559993
108763  -42.692  0.701  16.653 0.7777780294
107657  -43.107  1.096  16.660 0.4444440007
119566  -41.618  0.179  15.803 0.7777780294
61174  -42.237  0.465  16.264 0.7777780294
61183  -42.169  0.714  15.413 0.7777780294
61182  -40.984  -0.068  15.246 0.7777780294
116820  -41.589  0.425  14.911 0.7777780294
62232  -42.072  0.990  14.563 0.7777780294
62233  -42.693  1.261  14.980 0.7777780294
60163  -40.450  -0.453  14.673 0.7777780294
61193  -40.983  0.220  14.275 0.7777780294
61194  -41.601  0.676  14.191 0.7777780294
62244  -41.955  1.147  13.722 0.7777780294
62245  -42.587  1.488  14.087 0.7777780294
61207  -41.357  0.689  13.521 0.7777780294
63351  -43.759  2.153  12.326 0.7777780294
62291  -43.404  1.665  11.539 0.7777780294
62290  -42.518  1.406  11.673 0.7777780294
62299  -42.800  1.150  10.983 0.7777780294
61232  -42.066  1.009  11.169 0.7777780294
61244  -42.303  0.698  10.523 0.6666669846
61245  -43.014  0.841  10.207 0.7777780294
61273  -42.616  0.000  8.731 0.4444440007
62183  -44.513  2.020  19.672 0.4444440007
108683  -45.467  2.660  19.964 0.4444440007
62199  -44.464  1.909  18.646 0.4444440007
63305  -45.878  2.915  19.248 0.4444440007
63311  -44.834  2.186  18.066 0.4444440007
115813  -45.567  2.634  18.382 0.4444440007
63310  -44.527  2.049  17.216 0.4444440007
62221  -43.533  1.461  16.106 0.5555559993
62220  -42.783  1.056  15.938 0.7777780294
62234  -43.237  1.493  15.378 0.7777780294
63324  -43.800  1.958  15.353 0.6666669846
62246  -43.277  1.862  14.534 0.7777780294
63352  -44.683  2.589  12.396 0.7777780294
63362  -44.344  1.993  11.690 0.7777780294
62292  -44.111  1.624  11.082 0.7777780294
62300  -43.583  1.276  10.707 0.7777780294
62309  -43.811  1.017  9.910 0.7777780294
61260  -43.241  0.484  9.367 0.5555559993
64301  -46.303  3.116  18.147 0.4444440007
115478  -45.422  2.537  17.437 0.5555559993
108185  -45.028  2.550  15.941 0.5555559993
63317  -44.966  2.372  16.669 0.5555559993
116249  -44.286  2.037  16.239 0.5555559993
122033  -45.089  2.747  15.241 0.5555559993
63325  -44.515  2.366  15.321 0.5555559993
63363  -45.217  2.237  11.652 0.7777780294
63369  -44.856  1.737  11.034 0.7777780294
62301  -44.391  1.347  10.473 0.7777780294
61274  -43.458  0.136  8.375 0.4444440007
61261  -44.081  0.629  9.130 0.5555559993
105638  -42.692  -0.072  7.877 0.4444440007
61285  -42.254  -0.004  7.114 0.4444440007
107176  -46.139  3.064  17.244 0.4444440007
64302  -47.120  3.614  17.601 0.3333329856
64310  -46.424  3.333  16.581 0.5555559993
63318  -45.625  2.760  16.565 0.5555559993
63330  -44.746  2.721  14.592 0.6666669846
63331  -45.412  3.106  14.689 0.6666669846
64323  -45.030  3.109  13.912 0.6666669846
64329  -44.771  3.007  13.151 0.6666669846
64345  -45.383  3.158  12.681 0.6666669846
64355  -45.430  2.807  12.121 0.7777780294
62310  -44.667  1.078  9.713 0.7777780294
62302  -45.240  1.417  10.335 0.7777780294
118313  -43.910  0.090  7.747 0.4444440007
64317  -45.770  3.099  15.639 0.6666669846
110635  -46.238  3.663  14.721 0.6666669846
104817  -45.629  3.426  14.044 0.6666669846
64330  -45.490  3.364  13.339 0.6666669846
64346  -45.989  3.730  12.802 0.6666669846
101574  -45.962  3.341  12.243 0.6666669846
63364  -46.065  2.577  11.591 0.7777780294
63371  -46.515  2.116  10.770 0.7777780294
62303  -46.100  1.521  10.205 0.7777780294
61262  -44.967  0.684  8.969 0.6666669846
61275  -44.372  0.320  8.349 0.6666669846
65273  -48.199  4.369  16.839 0.3333329856
64311  -47.339  3.986  16.751 0.4444440007
64318  -46.719  3.802  15.824 0.5555559993
65278  -47.651  4.447  16.121 0.5555559993
112498  -48.139  5.029  15.688 0.5555559993
64331  -46.096  3.854  13.640 0.6666669846
65292  -46.945  4.286  14.163 0.6666669846
65304  -46.776  4.233  13.134 0.6666669846
65318  -46.597  4.052  12.156 0.6666669846
64357  -46.961  3.883  11.429 0.6666669846
64356  -46.453  3.382  11.768 0.7777780294
64362  -46.826  2.868  11.207 0.7777780294
64363  -47.467  3.296  10.828 0.6666669846
63379  -46.898  1.739  10.027 0.7777780294
63373  -47.979  2.784  10.230 0.7777780294
62312  -46.396  1.238  9.421 0.7777780294
61298  -43.513  0.332  6.507 0.4444440007
106517  -43.934  0.091  7.120 0.5555559993
62320  -45.831  0.789  8.803 0.6666669846
61287  -44.563  0.171  7.552 0.5555559993
61276  -45.221  0.408  8.169 0.6666669846
62321  -46.671  0.976  8.628 0.7777780294
65285  -47.218  4.335  15.190 0.5555559993
66189  -49.203  5.276  15.638 0.4444440007
65286  -47.813  4.975  14.748 0.5555559993
122700  -48.883  5.246  15.958 0.4444440007
65287  -49.384  5.034  15.585 0.4444440007
65293  -47.597  4.881  13.709 0.6666669846
65305  -47.463  4.733  12.670 0.6666669846
66202  -48.223  5.595  13.317 0.6666669846
65306  -48.075  5.430  12.260 0.6666669846
65319  -47.471  4.524  11.754 0.6666669846
65328  -47.651  4.251  11.016 0.6666669846
64364  -48.062  3.754  10.374 0.7777780294
61299  -44.458  0.285  6.597 0.5555559993
61288  -45.413  0.279  7.200 0.5555559993
62313  -47.184  1.492  9.223 0.7777780294
63380  -47.637  2.080  9.788 0.7777780294
66188  -48.764  5.464  15.325 0.4444440007
66195  -49.302  5.900  14.843 0.4444440007
66196  -49.471  5.582  14.878 0.4444440007
66203  -49.103  6.328  13.945 0.5555559993
108091  -48.684  6.203  11.745 0.6666669846
66223  -49.460  6.991  11.691 0.5555559993
66229  -48.519  5.535  10.877 0.6666669846
65329  -48.247  4.694  10.579 0.6666669846
64370  -48.644  3.180  9.836 0.7777780294
61300  -45.223  0.389  6.353 0.5555559993
62330  -46.965  0.735  7.828 0.6666669846
63381  -48.405  2.430  9.586 0.7777780294
62322  -47.490  1.211  8.454 0.7777780294
63390  -47.962  1.814  9.028 0.7777780294
66230  -49.134  6.400  10.756 0.5555559993
65330  -48.780  5.277  10.180 0.6666669846
66224  -51.308  6.446  11.471 0.3333329856
65331  -51.514  5.221  11.549 0.3333329856
65339  -49.175  4.848  9.469 0.6666669846
64371  -49.311  3.615  9.293 0.7777780294
63391  -48.817  2.194  8.896 0.7777780294
63382  -49.079  2.752  9.351 0.7777780294
67125  -50.649  7.354  10.691 0.4444440007
67887  -50.727  7.334  11.267 0.3333329856
67126  -51.209  7.118  10.802 0.3333329856
67136  -49.951  7.001  10.238 0.6666669846
66231  -51.809  6.333  10.762 0.3333329856
110504  -49.323  6.032  9.773 0.6666669846
64376  -49.970  3.660  8.583 0.7777780294
65346  -49.566  4.461  8.884 0.6666669846
111914  -51.181  7.372  10.056 0.4444440007
114032  -49.954  6.640  9.482 0.6666669846
67127  -51.632  7.001  9.960 0.3333329856
66244  -49.700  5.683  8.950 0.6666669846
66253  -50.876  6.281  7.513 0.6666669846
66245  -50.423  6.257  8.235 0.6666669846
65347  -49.977  4.805  8.305 0.6666669846
67138  -51.515  7.303  9.363 0.4444440007
66237  -50.364  6.725  9.000 0.6666669846
66254  -51.656  6.667  7.308 0.5555559993
67146  -51.145  7.264  8.810 0.5555559993
67147  -51.883  7.277  8.623 0.4444440007
67154  -51.422  6.995  8.055 0.5555559993
67155  -52.131  7.101  7.945 0.5555559993
66255  -52.545  6.587  7.431 0.3333329856
61231  -41.491  0.766  11.455 0.7777780294
62273  -42.152  1.437  12.304 0.7777780294
62289  -41.933  1.164  11.743 0.7777780294
61243  -41.619  0.433  10.703 0.7777780294
62260  -42.491  1.657  13.121 0.7777780294
62274  -42.888  1.841  12.293 0.7777780294
105173  -43.300  2.115  13.004 0.7777780294
62261  -43.025  1.957  13.685 0.7777780294
63338  -43.651  2.309  13.757 0.7777780294
103458  -44.045  2.575  13.033 0.7777780294
106898  -44.037  2.356  14.563 0.6666669846
63339  -44.354  2.729  13.811 0.6666669846
65267  -48.432  3.989  17.029 0.3333329856
47441  0.273  -12.089  50.164 0.4444440007
49587  -1.354  -10.640  47.533 0.5555559993
50657  -2.655  -9.506  47.097 0.5555559993
51717  -2.756  -7.790  47.555 0.5555559993
45269  2.355  -14.808  48.982 0.3333329856
42419  1.952  -17.976  49.544 0.4444440007
48553  -0.538  -10.596  50.888 0.4444440007
46323  0.069  -12.753  47.153 0.5555559993
47472  -0.849  -12.783  46.779 0.7777780294
48578  -2.023  -10.946  47.001 0.6666669846
49602  -3.236  -10.199  46.489 0.6666669846
52771  -4.235  -7.669  46.513 0.7777780294
52770  -3.425  -7.215  47.260 0.5555559993
45315  -3.208  -14.175  44.199 0.7777780294
47503  -4.392  -12.313  44.203 0.7777780294
43340  2.828  -16.437  48.655 0.4444440007
107568  1.745  -13.722  47.810 0.4444440007
40478  2.795  -19.394  48.710 0.5555559993
43346  2.993  -17.132  48.235 0.4444440007
44277  2.627  -15.551  48.571 0.4444440007
41519  2.942  -18.676  48.549 0.5555559993
42442  2.991  -17.924  48.372 0.5555559993
43355  2.301  -16.818  46.783 0.5555559993
44290  1.998  -15.416  46.877 0.5555559993
45280  1.357  -14.088  47.092 0.5555559993
46333  0.457  -13.854  46.801 0.5555559993
40501  2.164  -19.633  46.727 0.5555559993
42449  2.367  -17.662  46.780 0.4444440007
119351  0.303  -16.077  45.766 0.6666669846
41531  1.951  -18.668  46.419 0.5555559993
42451  1.269  -17.070  45.939 0.5555559993
44301  -0.568  -15.823  45.445 0.6666669846
46335  -1.404  -13.266  46.404 0.7777780294
52782  -4.916  -7.950  45.859 0.7777780294
108173  -4.101  -6.795  47.047 0.5555559993
53865  -4.501  -6.088  47.490 0.5555559993
111949  -0.050  -18.346  45.158 0.4444440007
42462  -0.159  -17.451  45.126 0.5555559993
46350  -1.889  -13.751  45.866 0.7777780294
51726  -4.950  -8.685  45.343 0.7777780294
42476  -0.716  -17.455  44.530 0.3333329856
43371  -1.139  -16.023  44.868 0.6666669846
45295  -2.319  -14.204  45.319 0.7777780294
44317  -2.266  -15.227  44.310 0.7777780294
50682  -4.671  -9.922  44.966 0.7777780294
48638  -5.079  -11.452  43.642 0.6666669846
44343  -3.634  -15.561  42.411 0.5555559993
51733  -5.614  -8.679  44.677 0.8888890147
49636  -5.169  -10.122  44.356 0.7777780294
47528  -5.016  -13.061  42.868 0.6666669846
47516  -5.212  -12.182  43.081 0.6666669846
52792  -5.910  -7.849  44.880 0.8888890147
54959  -6.686  -5.243  47.200 0.4444440007
54973  -7.116  -6.038  46.351 0.6666669846
53878  -6.684  -6.688  45.850 0.8888890147
48667  -5.779  -11.990  42.315 0.5555559993
46407  -5.489  -13.642  41.434 0.6666669846
57015  -9.037  -4.296  47.411 0.1111110002
56022  -7.996  -4.147  47.649 0.4444440007
52763  -20.196  -7.372  47.185 0.5555559993
52762  -19.555  -6.934  47.057 0.5555559993
122307  -20.827  -7.304  46.953 0.5555559993
52764  -21.442  -7.707  47.018 0.5555559993
54967  -20.883  -6.984  45.692 0.5555559993
52774  -22.256  -7.696  46.515 0.4444440007
52816  -21.867  -7.704  44.322 0.8888890147
53903  -21.738  -7.172  44.984 0.7777780294
51736  -27.748  -8.742  44.076 0.2222220004
51746  -23.348  -8.469  43.824 0.7777780294
50698  -23.315  -9.742  42.604 0.8888890147
53857  -18.758  -6.779  47.047 0.5555559993
50695  -7.322  -9.193  42.168 0.8888890147
52828  -8.025  -7.968  43.000 0.7777780294
53881  -20.522  -6.894  45.556 0.7777780294
54986  -19.654  -6.639  45.890 0.7777780294
51759  -22.826  -9.098  43.149 0.8888890147
51775  -25.670  -8.919  41.759 0.7777780294
48695  -7.040  -12.080  39.760 0.6666669846
48684  -7.303  -11.352  40.153 0.6666669846
47583  -6.781  -12.761  39.447 0.5555559993
120562  -7.558  -12.126  38.750 0.6666669846
103874  -17.251  -6.431  47.613 0.3333329856
53890  -8.653  -6.567  44.796 0.7777780294
53891  -9.571  -6.608  44.516 0.7777780294
122693  -18.132  -6.048  46.819 0.6666669846
54965  -19.140  -6.536  46.303 0.5555559993
52829  -8.793  -7.755  42.845 0.7777780294
52863  -26.713  -7.811  41.509 0.6666669846
50708  -8.227  -9.113  41.131 0.8888890147
52841  -20.398  -8.291  43.077 1.0000000000
49703  -8.111  -11.121  38.862 0.6666669846
48714  -8.684  -11.720  37.319 0.5555559993
53846  -16.657  -6.564  48.057 0.2222220004
56016  -17.386  -5.617  46.899 0.5555559993
104496  -17.882  -5.713  46.581 0.6666669846
55000  -17.826  -6.116  45.366 0.8888890147
54985  -18.617  -6.263  46.029 0.6666669846
52830  -9.706  -7.551  42.807 0.7777780294
51787  -8.932  -8.788  40.827 0.8888890147
52831  -10.605  -7.629  42.548 0.7777780294
52814  -18.758  -7.676  43.287 1.0000000000
51797  -26.176  -8.397  40.510 0.7777780294
51788  -9.705  -8.606  40.594 0.7777780294
50741  -9.497  -9.377  39.336 0.7777780294
50753  -9.052  -9.951  38.879 0.7777780294
51790  -11.385  -8.499  40.233 0.8888890147
49705  -9.403  -10.302  38.169 0.7777780294
106196  -20.258  -9.786  40.248 0.8888890147
48725  -8.764  -11.884  36.418 0.4444440007
49730  -9.927  -10.943  36.605 0.4444440007
50770  -10.716  -9.911  37.536 0.6666669846
56012  -13.729  -4.756  48.166 0.1111110002
106419  -12.745  -4.658  46.828 0.1111110002
102578  -14.175  -4.668  47.765 0.2222220004
56014  -15.208  -4.969  47.659 0.4444440007
103791  -16.117  -5.233  47.297 0.6666669846
54963  -16.437  -5.327  46.772 0.6666669846
54964  -17.211  -5.494  46.683 0.7777780294
53935  -28.586  -6.068  42.399 0.4444440007
53893  -11.317  -6.613  44.322 0.7777780294
52884  -26.975  -7.124  40.912 0.6666669846
53951  -27.646  -6.688  40.751 0.6666669846
52862  -18.893  -8.019  42.534 1.0000000000
51817  -25.920  -9.246  40.121 0.8888890147
53952  -28.298  -5.995  41.050 0.6666669846
51773  -18.737  -8.605  41.224 1.0000000000
49692  -24.375  -11.333  39.711 0.8888890147
51835  -26.654  -8.755  38.850 0.8888890147
101703  -18.813  -8.948  40.370 0.8888890147
50786  -10.900  -10.149  36.700 0.6666669846
51828  -12.603  -8.956  38.183 0.7777780294
119026  -11.583  -9.975  36.351 0.5555559993
54979  -12.258  -5.686  45.483 0.7777780294
53894  -12.204  -6.632  44.243 0.7777780294
53895  -13.128  -6.686  44.140 0.7777780294
53913  -11.684  -6.956  43.636 0.7777780294
52810  -15.378  -7.284  43.519 1.0000000000
53933  -12.829  -7.543  42.847 0.7777780294
53963  -28.624  -6.268  40.106 0.6666669846
52881  -17.370  -8.190  40.800 0.8888890147
49691  -23.442  -11.479  39.522 1.0000000000
49709  -25.086  -10.766  38.324 0.7777780294
52890  -14.184  -8.360  40.276 1.0000000000
51830  -14.782  -8.632  38.676 0.8888890147
50743  -19.751  -9.752  39.543 0.8888890147
102109  -22.852  -11.461  38.936 0.7777780294
102526  -22.790  -11.404  38.166 0.7777780294
49719  -20.245  -10.903  37.135 0.7777780294
50794  -27.655  -9.784  36.430 0.7777780294
49738  -24.019  -10.972  36.383 0.7777780294
49740  -25.962  -10.083  36.085 0.7777780294
102066  -20.981  -11.273  36.774 0.7777780294
103279  -22.851  -11.329  35.924 0.7777780294
49758  -24.503  -10.706  35.795 0.6666669846
49752  -18.792  -10.834  35.238 0.5555559993
102197  -21.050  -11.351  35.928 0.6666669846
108593  -23.250  -10.950  33.561 0.4444440007
105067  -14.484  -8.058  42.094 1.0000000000
104718  -15.780  -7.968  42.079 1.0000000000
56114  -31.785  -4.900  40.886 0.4444440007
52879  -15.301  -8.093  40.788 1.0000000000
53966  -31.232  -5.827  39.285 0.4444440007
122246  -13.981  -8.229  40.914 1.0000000000
52891  -14.983  -8.259  40.156 0.8888890147
103410  -17.009  -8.597  39.120 0.8888890147
50809  -18.098  -10.341  35.626 0.6666669846
109124  -18.995  -11.012  32.994 0.4444440007
108652  -20.129  -11.222  33.985 0.5555559993
103937  -22.060  -10.948  32.759 0.2222220004
49808  -20.425  -10.978  32.492 0.1111110002
103259  -23.799  -10.828  32.989 0.4444440007
49826  -21.072  -10.857  31.798 0.1111110002
49809  -21.726  -10.889  32.123 0.1111110002
56125  -32.108  -5.037  40.375 0.4444440007
51850  -15.840  -8.694  37.681 0.7777780294
51852  -17.471  -9.184  37.574 0.7777780294
107491  -14.369  -8.973  36.509 0.5555559993
50789  -17.288  -9.515  36.490 0.7777780294
114478  -16.595  -9.066  36.564 0.7777780294
51878  -14.238  -9.269  34.840 0.4444440007
51879  -15.030  -9.083  35.195 0.5555559993
50846  -17.409  -10.435  33.580 0.4444440007
49792  -18.083  -10.803  32.970 0.3333329856
102296  -20.771  -10.728  31.008 0.1111110002
49842  -19.925  -10.658  30.682 0.1111110002
55026  -33.705  -6.364  41.135 0.1111110002
55027  -34.341  -6.202  40.981 0.1111110002
56116  -33.143  -5.218  40.309 0.3333329856
56127  -33.626  -5.022  39.882 0.2222220004
55102  -32.990  -5.720  38.953 0.6666669846
109826  -32.534  -5.350  39.700 0.5555559993
53994  -32.298  -7.251  38.014 0.8888890147
53995  -33.213  -6.977  37.745 0.8888890147
122734  -30.908  -9.053  35.650 0.8888890147
50845  -16.698  -9.927  33.355 0.5555559993
55055  -35.190  -5.492  40.115 0.1111110002
55080  -35.186  -4.825  39.723 0.2222220004
55081  -35.909  -5.479  39.555 0.1111110002
55104  -34.371  -4.821  38.559 0.4444440007
52934  -33.539  -7.601  36.429 0.8888890147
51894  -31.992  -8.433  34.750 1.0000000000
57092  -34.867  -3.681  39.075 0.2222220004
54014  -34.848  -6.182  36.423 0.6666669846
54028  -34.712  -6.511  35.897 0.8888890147
52955  -32.281  -7.972  34.023 1.0000000000
119424  -34.799  -3.381  37.802 0.2222220004
55177  -33.968  -5.953  33.568 1.0000000000
52992  -31.902  -7.794  32.458 1.0000000000
113410  -31.563  -7.226  30.218 1.0000000000
54147  -30.429  -6.487  27.479 0.4444440007
55246  -30.501  -5.377  26.446 0.4444440007
58928  -36.452  -1.684  36.044 0.1111110002
58952  -35.756  -1.534  34.217 0.4444440007
109881  -35.743  -0.922  32.957 0.4444440007
56232  -31.028  -4.917  26.966 0.5555559993
56248  -31.399  -4.337  26.704 0.8888890147
55261  -29.534  -5.191  24.378 0.2222220004
103949  -30.950  -3.711  24.042 0.6666669846
60937  -36.850  -0.564  33.388 0.2222220004
60003  -35.295  -0.181  28.957 0.5555559993
60028  -34.815  -0.994  27.034 0.8888890147
122514  -35.395  -2.612  24.550 0.7777780294
57215  -29.996  -4.074  22.239 0.4444440007
57216  -30.498  -3.911  22.741 0.6666669846
60953  -35.934  -0.448  32.627 0.3333329856
59980  -35.044  -0.619  31.400 0.4444440007
109106  -35.883  0.268  30.101 0.3333329856
60017  -38.075  -0.251  28.025 0.3333329856
59071  -37.383  -1.726  26.554 0.7777780294
60043  -38.712  -0.942  26.858 0.3333329856
57233  -31.349  -3.289  21.539 0.7777780294
58164  -33.230  -3.004  21.766 0.7777780294
62023  -37.062  -0.035  32.493 0.3333329856
62038  -36.873  0.221  31.980 0.3333329856
62052  -37.928  0.440  31.277 0.3333329856
62064  -39.537  0.424  30.332 0.3333329856
60018  -38.943  0.179  28.305 0.3333329856
61031  -39.741  0.425  28.135 0.3333329856
110664  -40.247  0.531  28.219 0.3333329856
59091  -38.613  -1.873  25.508 0.7777780294
58141  -35.338  -2.856  23.201 0.7777780294
58154  -34.508  -2.883  22.716 0.7777780294
58165  -33.977  -2.940  21.319 0.7777780294
58195  -33.405  -3.225  20.044 0.7777780294
102106  -32.998  -3.446  19.190 0.5555559993
57297  -32.544  -3.985  16.464 0.2222220004
57286  -34.869  -3.379  17.039 0.5555559993
61020  -40.060  0.316  29.024 0.3333329856
61006  -40.857  0.076  29.294 0.2222220004
61032  -40.629  0.415  27.713 0.2222220004
61033  -40.797  0.304  27.810 0.2222220004
60033  -41.388  -0.265  27.187 0.2222220004
101626  -41.283  0.290  26.855 0.2222220004
61053  -42.540  0.968  26.428 0.2222220004
58209  -36.290  -2.860  18.468 0.6666669846
116795  -32.826  -3.811  17.099 0.1111110002
58200  -37.791  -2.526  18.846 0.6666669846
60059  -43.169  0.744  26.331 0.2222220004
103983  -42.486  1.157  26.089 0.2222220004
61079  -42.409  0.076  24.234 0.4444440007
57328  -35.908  -3.368  14.886 0.3333329856
59188  -39.449  -1.452  15.477 0.7777780294
58272  -37.028  -2.305  12.824 0.2222220004
60162  -39.875  -0.936  15.025 0.7777780294
121619  -43.094  0.448  20.656 0.4444440007
59223  -38.361  -1.570  12.746 0.3333329856
60191  -39.052  -1.049  12.345 0.5555559993
116559  -42.003  0.328  10.239 0.6666669846
63267  -45.323  2.453  21.095 0.4444440007
63304  -45.055  2.413  18.967 0.4444440007
121226  -46.036  3.026  18.701 0.4444440007
64312  -47.932  4.066  17.443 0.3333329856
63370  -45.704  1.888  10.949 0.7777780294
62311  -45.548  1.121  9.567 0.7777780294
63372  -47.271  2.403  10.526 0.7777780294
65320  -48.058  5.113  11.332 0.6666669846
61277  -46.090  0.572  7.976 0.5555559993
66194  -48.493  5.621  14.372 0.5555559993
66211  -48.764  6.422  12.922 0.5555559993
65338  -48.645  4.229  9.902 0.6666669846
67124  -49.977  7.326  11.198 0.4444440007
67137  -50.796  7.300  9.676 0.6666669846
39423  2.002  -19.889  49.463 0.2222220004
39431  2.670  -20.123  49.011 0.4444440007
40487  2.942  -19.467  48.327 0.4444440007
38451  2.798  -21.032  48.888 0.3333329856
39441  2.857  -20.211  48.696 0.4444440007
40492  2.658  -19.583  47.541 0.4444440007
39450  2.816  -20.414  47.994 0.4444440007
39457  2.418  -20.700  46.994 0.4444440007
38472  2.822  -21.367  47.551 0.3333329856
39458  1.619  -20.642  46.260 0.4444440007
122761  3.120  -21.833  47.010 0.3333329856
119926  2.547  -21.198  46.835 0.3333329856
38488  3.653  -21.908  45.807 0.2222220004
115526  2.950  -21.514  46.518 0.3333329856
38489  2.166  -21.360  45.800 0.3333329856
39459  0.990  -20.410  45.864 0.3333329856
38491  0.546  -21.234  45.238 0.1111110002
117994  3.478  -22.177  46.559 0.3333329856
38481  1.891  -21.163  46.183 0.3333329856
39467  2.614  -21.220  45.250 0.2222220004
38499  1.839  -21.376  45.108 0.2222220004
38500  1.388  -21.404  44.690 0.1111110002
39465  3.937  -21.405  45.211 0.3333329856
38487  4.350  -22.083  45.231 0.2222220004
40503  0.658  -19.723  45.699 0.3333329856
40510  -0.063  -19.910  45.283 0.3333329856
39481  0.057  -21.152  45.008 0.1111110002
39470  -0.165  -20.647  45.033 0.1111110002
39466  3.234  -21.398  45.457 0.2222220004
39482  -0.070  -20.794  44.447 0.1111110002
39495  -0.062  -20.323  43.406 0.1111110002
39492  1.890  -20.624  43.643 0.2222220004
39493  1.232  -20.667  43.331 0.2222220004
39478  3.963  -20.411  44.802 0.2222220004
109346  4.408  -21.158  44.724 0.2222220004
41544  -0.310  -19.147  45.001 0.3333329856
41557  -0.552  -19.110  44.329 0.1111110002
40522  -0.382  -19.886  43.912 0.1111110002
39507  0.642  -20.120  42.786 0.2222220004
40521  3.124  -19.361  44.502 0.2222220004
40533  1.585  -19.986  42.952 0.1111110002
40544  0.576  -19.410  42.068 0.1111110002
41558  -0.845  -18.208  44.043 0.1111110002
40535  -0.792  -18.928  43.373 0.1111110002
42477  -1.116  -17.362  43.886 0.3333329856
40534  -0.415  -19.648  42.974 0.1111110002
41569  -1.214  -18.004  43.286 0.1111110002
39508  -0.029  -19.892  42.699 0.2222220004
40547  -0.877  -19.097  42.422 0.1111110002
122776  1.173  -19.505  42.449 0.1111110002
40545  0.109  -19.681  42.206 0.1111110002
40546  -0.348  -19.480  42.183 0.1111110002
43386  -1.071  -16.697  44.397 0.4444440007
42490  -1.494  -17.278  43.284 0.4444440007
40555  -0.792  -18.984  41.626 0.1111110002
42499  -1.739  -17.676  42.479 0.2222220004
41568  1.703  -19.028  42.732 0.1111110002
40554  -0.052  -19.254  41.541 0.1111110002
107172  -1.384  -18.589  41.911 0.1111110002
41578  1.049  -18.973  42.055 0.1111110002
40553  0.524  -18.967  41.630 0.1111110002
42510  -1.831  -17.940  41.472 0.1111110002
43421  -1.836  -16.869  43.021 0.3333329856
43422  -2.440  -16.739  42.413 0.4444440007
42500  -2.275  -17.347  41.820 0.2222220004
43423  -3.211  -16.225  42.021 0.3333329856
42509  0.410  -17.863  41.153 0.1111110002
41587  -0.512  -18.545  40.831 0.1111110002
101972  -1.250  -18.482  41.019 0.1111110002
42511  -2.314  -17.429  41.027 0.1111110002
43434  -3.386  -16.369  41.172 0.3333329856
41596  -1.069  -18.136  40.207 0.1111110002
42522  -2.202  -17.392  40.127 0.1111110002
43446  -2.815  -16.888  40.644 0.1111110002
43447  -3.410  -16.443  40.251 0.1111110002
105737  -2.748  -16.885  39.747 0.1111110002
44359  -3.861  -15.777  41.605 0.4444440007
45359  -4.383  -15.094  41.940 0.5555559993
42530  -1.424  -17.178  39.316 0.1111110002
44396  -3.969  -15.925  39.844 0.1111110002
43461  -3.333  -16.449  39.337 0.1111110002
43473  -3.183  -16.308  38.514 0.1111110002
45360  -4.853  -14.855  41.108 0.5555559993
44379  -4.619  -15.374  40.348 0.5555559993
45361  -5.380  -14.209  40.965 0.5555559993
45373  -5.608  -14.172  40.302 0.3333329856
45383  -5.528  -14.508  39.674 0.3333329856
44397  -4.582  -15.519  39.351 0.2222220004
45400  -5.186  -14.933  38.828 0.2222220004
45417  -4.943  -15.081  37.730 0.2222220004
113209  -5.700  -14.500  37.955 0.2222220004
44430  -4.157  -15.473  37.459 0.1111110002
46416  -6.355  -13.116  40.003 0.4444440007
46425  -5.898  -14.195  38.927 0.3333329856
46426  -6.445  -13.485  39.161 0.3333329856
45418  -5.326  -14.622  37.005 0.2222220004
46438  -6.409  -13.729  38.129 0.3333329856
46457  -5.994  -14.013  37.202 0.2222220004
47596  -6.872  -12.967  38.621 0.4444440007
47615  -6.981  -13.151  36.856 0.3333329856
47608  -7.572  -12.673  37.304 0.3333329856
47616  -7.507  -12.752  36.330 0.2222220004
121147  -7.779  -12.460  35.138 0.2222220004
47617  -8.078  -12.330  35.783 0.3333329856
47625  -8.208  -12.277  34.880 0.3333329856
107835  -9.497  -11.744  35.310 0.3333329856
50814  -30.829  -9.209  35.044 0.7777780294
111959  -31.422  -8.824  34.694 0.8888890147
48739  -8.976  -11.953  34.459 0.3333329856
49769  -9.934  -11.494  34.715 0.3333329856
49750  -10.658  -10.925  35.257 0.3333329856
50812  -29.057  -9.955  35.396 0.6666669846
50830  -28.549  -10.307  34.673 0.6666669846
50813  -29.978  -9.695  35.097 0.6666669846
51893  -31.046  -9.000  34.282 0.7777780294
50833  -30.475  -9.515  34.220 0.7777780294
51907  -31.683  -8.584  33.917 0.8888890147
51906  -30.983  -8.974  33.566 0.7777780294
120147  -29.899  -9.767  34.440 0.7777780294
51919  -30.904  -8.933  32.710 0.7777780294
50831  -29.087  -10.195  34.016 0.6666669846
50832  -29.757  -9.842  33.814 0.7777780294
50863  -30.370  -9.505  32.488 0.7777780294
49782  -27.759  -10.518  34.141 0.6666669846
50848  -29.901  -9.778  33.022 0.7777780294
51938  -30.800  -8.906  31.776 0.7777780294
49797  -27.418  -10.596  33.432 0.6666669846
50847  -29.106  -10.181  33.086 0.6666669846
50862  -29.746  -9.819  32.425 0.6666669846
50874  -30.094  -9.561  31.725 0.7777780294
49815  -28.352  -10.444  32.393 0.6666669846
50861  -29.164  -9.995  31.861 0.6666669846
107038  -28.299  -10.385  31.545 0.5555559993
49798  -28.137  -10.519  33.264 0.6666669846
105531  -27.801  -10.554  31.973 0.5555559993
52971  -32.499  -7.533  33.452 0.8888890147
52970  -32.006  -7.921  33.267 0.8888890147
51920  -31.577  -8.524  32.979 0.7777780294
51939  -31.481  -8.435  32.116 0.7777780294
53007  -31.389  -8.355  31.401 0.7777780294
105421  -30.996  -8.566  31.017 0.7777780294
51937  -30.477  -9.132  30.969 0.7777780294
51959  -30.175  -9.188  30.177 0.4444440007
115737  -26.693  -10.689  32.304 0.5555559993
50872  -28.834  -9.991  30.886 0.4444440007
115491  -27.251  -10.650  31.920 0.4444440007
50884  -29.390  -9.697  30.095 0.4444440007
49832  -27.563  -10.563  31.353 0.4444440007
49833  -28.025  -10.378  30.746 0.4444440007
50883  -28.425  -10.012  29.983 0.4444440007
53008  -31.774  -7.659  31.526 0.8888890147
50825  -13.683  -9.404  34.026 0.3333329856
53025  -31.426  -7.959  30.685 0.7777780294
51889  -14.372  -9.232  33.955 0.3333329856
51890  -14.964  -9.124  34.324 0.3333329856
51904  -14.849  -9.091  33.430 0.3333329856
51960  -30.854  -8.583  30.308 0.6666669846
53036  -31.104  -7.746  29.713 0.7777780294
50873  -29.745  -9.650  30.935 0.4444440007
51975  -30.560  -8.628  29.470 0.4444440007
51974  -29.795  -9.222  29.370 0.4444440007
50896  -29.016  -9.700  29.290 0.2222220004
51987  -29.322  -9.342  28.608 0.2222220004
51891  -15.619  -9.257  34.684 0.3333329856
121746  -30.702  -8.002  28.938 0.7777780294
51905  -15.495  -9.263  33.768 0.3333329856
111646  -29.416  -8.925  28.018 0.2222220004
50826  -16.193  -9.548  34.057 0.3333329856
120500  -30.470  -7.745  28.232 0.3333329856
49806  -17.794  -10.598  31.933 0.1111110002
51988  -30.078  -8.626  28.594 0.2222220004
53044  -29.797  -8.256  27.670 0.3333329856
120394  -29.378  -8.336  27.162 0.2222220004
53051  -29.567  -7.669  26.975 0.2222220004
108239  -27.990  -6.366  23.801 0.1111110002
55260  -28.996  -5.683  24.392 0.1111110002
118055  -32.144  -3.926  17.933 0.4444440007
105089  -27.415  -6.798  23.504 0.1111110002
57246  -32.022  -3.626  20.099 0.4444440007
58178  -32.510  -3.309  20.613 0.4444440007
54196  -28.535  -5.856  23.725 0.1111110002
55272  -29.185  -5.182  23.612 0.1111110002
105278  -30.317  -3.940  21.000 0.3333329856
115408  -31.488  -3.475  20.754 0.4444440007
56290  -29.781  -4.507  23.000 0.2222220004
57231  -29.897  -4.142  21.514 0.3333329856
63402  -49.152  1.949  8.059 0.6666669846
62333  -49.447  1.655  7.231 0.6666669846
63404  -50.703  2.770  7.371 0.6666669846
62323  -48.297  1.558  8.259 0.6666669846
63413  -50.226  2.057  6.954 0.6666669846
62331  -47.808  0.957  7.667 0.6666669846
62343  -49.746  1.452  6.565 0.6666669846
62344  -50.400  1.704  6.223 0.6666669846
63423  -51.048  2.090  5.795 0.6666669846
64403  -51.715  3.940  5.031 0.6666669846
63433  -51.738  3.111  4.371 0.6666669846
60192  -39.861  -0.465  12.453 0.5555559993
60205  -39.597  -0.629  11.617 0.5555559993
60206  -40.325  -0.082  11.768 0.5555559993
64377  -50.378  4.003  7.916 0.6666669846
63403  -50.068  2.371  7.815 0.6666669846
117556  -50.681  3.469  7.520 0.6666669846
63434  -52.219  3.526  3.811 0.6666669846
61290  -47.251  0.594  6.983 0.6666669846
62341  -48.099  0.754  6.847 0.6666669846
62342  -48.977  0.954  6.550 0.6666669846
62356  -50.479  1.516  5.479 0.6666669846
62357  -51.065  1.830  5.161 0.6666669846
62369  -51.441  1.872  4.433 0.6666669846
63442  -51.952  2.485  3.737 0.6666669846
63443  -52.497  3.342  3.082 0.6666669846
64421  -53.570  4.359  3.001 0.6666669846
61303  -48.261  0.664  6.123 0.6666669846
62355  -49.658  1.123  5.788 0.6666669846
119123  -45.865  0.391  6.511 0.4444440007
62368  -50.586  1.415  4.738 0.6666669846
105321  -39.286  -0.789  10.791 0.5555559993
61242  -40.845  0.151  11.115 0.5555559993
63392  -49.740  2.731  8.735 0.6666669846
63393  -50.429  3.035  8.118 0.6666669846
65389  -53.699  5.458  4.346 0.3333329856
65399  -53.802  4.968  3.730 0.5555559993
62384  -51.549  1.650  3.477 0.6666669846
62385  -52.132  2.118  3.121 0.6666669846
63460  -53.269  3.569  2.343 0.6666669846
61310  -45.675  0.572  5.672 0.4444440007
61301  -46.617  0.480  6.160 0.5555559993
61302  -47.547  0.572  6.158 0.5555559993
61312  -47.926  0.631  5.457 0.6666669846
61314  -49.228  0.885  4.944 0.6666669846
62407  -52.528  2.435  2.456 0.6666669846
118525  -54.190  4.331  2.358 0.6666669846
61308  -43.859  0.752  5.838 0.4444440007
61309  -44.718  0.662  5.740 0.4444440007
61311  -47.125  0.636  5.408 0.5555559993
61318  -47.541  0.782  4.740 0.6666669846
116201  -49.961  1.120  5.064 0.6666669846
120912  -46.410  0.659  5.328 0.4444440007
61317  -46.733  0.865  4.723 0.4444440007
61319  -48.371  0.766  4.807 0.6666669846
66238  -52.601  6.236  8.954 0.1111110002
65279  -48.565  4.848  16.311 0.3333329856
65340  -52.415  5.213  9.700 0.1111110002
66232  -52.089  6.224  9.830 0.1111110002
65294  -50.034  4.644  13.801 0.2222220004
65307  -50.361  5.287  13.307 0.2222220004
67139  -52.104  7.002  9.157 0.1111110002
66213  -51.120  5.847  12.090 0.2222220004
65366  -51.615  5.672  5.900 0.5555559993
60236  -40.293  -0.472  9.724 0.3333329856
64432  -54.625  4.140  1.821 0.5555559993
62383  -50.606  1.295  3.772 0.6666669846
102342  -48.868  0.967  4.138 0.6666669846
106840  -49.775  1.097  4.325 0.6666669846
62354  -45.040  0.982  4.919 0.4444440007
61316  -45.915  0.908  4.801 0.4444440007
62366  -47.145  1.118  4.071 0.4444440007
62367  -47.989  0.989  4.087 0.6666669846
66204  -49.665  6.215  14.123 0.3333329856
66197  -49.984  5.877  14.127 0.2222220004
108439  -50.200  6.305  13.362 0.2222220004
66212  -50.642  6.021  12.707 0.2222220004
67101  -50.182  6.993  12.679 0.3333329856
67115  -50.485  7.246  11.828 0.2222220004
67100  -49.934  7.238  12.928 0.4444440007
67114  -50.060  7.416  12.158 0.3333329856
63461  -53.949  3.879  1.609 0.6666669846
62405  -51.011  1.352  2.976 0.6666669846
63481  -53.132  2.632  1.674 0.6666669846
62363  -44.516  1.666  4.258 0.3333329856
62365  -46.297  1.251  4.121 0.4444440007
62380  -47.618  1.362  3.442 0.4444440007
62382  -49.461  1.243  3.346 0.6666669846
109462  -50.340  1.329  2.941 0.6666669846
62406  -51.744  1.567  2.559 0.6666669846
63482  -53.905  3.105  0.953 0.5555559993
111651  -54.628  3.464  0.537 0.4444440007
62403  -48.742  1.653  2.600 0.4444440007
106591  -52.359  1.735  1.815 0.6666669846
63532  -55.150  2.635  -0.654 0.4444440007
62404  -49.744  1.522  2.463 0.6666669846
62422  -50.797  1.425  2.099 0.6666669846
64453  -54.757  3.509  0.712 0.4444440007
63507  -54.759  3.066  -0.120 0.4444440007
63508  -54.782  3.057  0.078 0.4444440007
62421  -49.829  1.821  1.656 0.6666669846
101923  -51.426  1.532  1.239 0.6666669846
62424  -52.895  1.917  0.987 0.6666669846
62425  -53.836  2.657  0.127 0.5555559993
63531  -54.904  2.769  -0.930 0.4444440007
104083  -52.137  1.643  0.695 0.6666669846
62438  -52.801  1.985  0.194 0.5555559993
121692  -54.404  2.821  -0.511 0.5555559993
63529  -52.514  2.231  -1.008 0.5555559993
62447  -53.320  2.293  -0.657 0.5555559993
104837  -49.157  1.911  1.966 0.4444440007
63480  -48.981  2.307  1.187 0.4444440007
62436  -49.758  2.202  0.994 0.6666669846
63506  -51.287  1.853  0.360 0.5555559993
62446  -52.258  1.946  -0.140 0.5555559993
63503  -48.358  2.836  0.472 0.5555559993
63505  -50.188  2.351  0.433 0.5555559993
63504  -49.264  2.652  0.437 0.5555559993
63526  -49.677  2.947  -0.181 0.5555559993
64452  -48.797  3.222  -0.121 0.4444440007
64470  -49.245  3.653  -0.620 0.3333329856
64486  -49.636  3.973  -1.050 0.4444440007
64469  -48.583  3.915  -0.416 0.3333329856
65416  -49.845  4.631  -1.282 0.2222220004
49796  -26.771  -10.648  33.141 0.5555559993
103257  -26.025  -10.687  32.820 0.5555559993
66274  -53.123  6.376  5.648 0.4444440007
64413  -52.923  4.394  3.624 0.6666669846
64412  -52.325  4.308  4.237 0.6666669846
65388  -53.128  5.359  4.161 0.4444440007
65378  -53.260  6.043  4.813 0.5555559993
63415  -51.253  3.082  5.875 0.6666669846
65354  -50.436  5.236  7.607 0.5555559993
63414  -50.910  2.469  6.531 0.6666669846
64393  -51.014  3.524  6.707 0.6666669846
49749  -10.023  -11.201  35.729 0.3333329856
114277  -30.891  -3.570  21.069 0.5555559993
57259  -31.402  -3.908  19.932 0.4444440007
58194  -32.609  -3.476  19.845 0.4444440007
57284  -32.745  -3.724  17.742 0.4444440007
57269  -32.529  -3.693  18.483 0.4444440007
65288  -49.724  5.056  14.777 0.2222220004
67113  -49.516  7.038  12.565 0.5555559993
61289  -46.377  0.461  7.123 0.4444440007
67116  -50.938  7.111  11.497 0.2222220004
67874  -50.414  7.384  11.465 0.3333329856
65355  -50.977  5.737  6.789 0.6666669846
108955  -0.473  -18.307  44.691 0.3333329856
45372  -5.198  -14.698  40.362 0.4444440007
48731  -8.823  -11.967  35.492 0.3333329856
67092  -49.620  6.757  13.357 0.4444440007
39432  2.110  -20.822  49.362 0.2222220004
37374  3.690  -22.890  46.714 0.2222220004
37383  4.068  -22.601  46.008 0.2222220004
38490  1.185  -21.327  45.392 0.3333329856
38501  0.591  -21.319  44.687 0.1111110002
39480  2.122  -21.095  44.465 0.2222220004
38510  1.308  -21.186  44.006 0.2222220004
40511  -0.333  -20.008  44.722 0.1111110002
41579  -1.215  -18.498  42.664 0.1111110002
40532  2.316  -19.525  43.616 0.1111110002
41586  0.194  -18.574  41.176 0.1111110002
108844  -1.683  -17.882  40.550 0.1111110002
43433  -2.768  -16.826  41.549 0.3333329856
41595  -0.717  -17.852  40.143 0.1111110002
44378  -3.953  -15.881  40.752 0.5555559993
44360  -4.382  -15.427  41.176 0.5555559993
45382  -5.010  -14.988  39.721 0.3333329856
44414  -4.457  -15.547  38.369 0.2222220004
44441  -3.637  -15.164  36.770 0.1111110002
113150  -4.539  -14.995  36.877 0.1111110002
46415  -5.940  -13.822  39.793 0.3333329856
46458  -6.586  -13.560  37.283 0.3333329856
48738  -8.042  -12.267  33.970 0.2222220004
116495  -29.388  -9.973  34.589 0.6666669846
50849  -30.452  -9.514  33.298 0.7777780294
49783  -28.550  -10.403  33.848 0.6666669846
49814  -27.498  -10.610  32.642 0.5555559993
49831  -26.697  -10.701  31.320 0.4444440007
51903  -14.039  -9.177  33.152 0.3333329856
57260  -32.078  -3.770  19.299 0.4444440007
56289  -28.974  -4.940  22.713 0.1111110002
104454  -31.279  -4.213  19.167 0.4444440007
57245  -30.721  -3.987  20.446 0.4444440007
62332  -48.639  1.247  7.457 0.6666669846
63424  -51.351  2.584  5.122 0.6666669846
64394  -51.367  4.264  5.854 0.6666669846
113486  -40.044  -0.358  11.024 0.4444440007
110289  -50.691  4.388  7.158 0.6666669846
61313  -48.739  0.753  5.605 0.6666669846
60223  -39.733  -0.644  10.235 0.3333329856
60224  -40.390  -0.338  10.541 0.4444440007
62353  -44.171  1.148  5.083 0.4444440007
65295  -50.487  4.072  13.096 0.2222220004
65308  -50.863  4.742  12.483 0.2222220004
67102  -50.832  6.735  12.060 0.2222220004
65377  -52.479  6.016  5.282 0.5555559993
66273  -52.498  6.381  5.929 0.5555559993
116756  -51.774  5.168  5.213 0.6666669846
62364  -45.442  1.374  4.218 0.4444440007
62379  -46.737  1.626  3.395 0.4444440007
67093  -49.924  6.648  13.434 0.3333329856
62381  -48.445  1.266  3.417 0.4444440007
62423  -51.657  1.477  1.799 0.6666669846
122461  -52.095  1.549  1.320 0.6666669846
62437  -50.531  1.769  1.127 0.6666669846
63527  -50.651  2.588  -0.269 0.5555559993
63528  -51.613  2.247  -0.567 0.5555559993
64471  -50.111  3.367  -0.719 0.4444440007
122590  -49.098  4.717  -0.699 0.3333329856
66275  -53.686  5.884  5.541 0.3333329856
65387  -52.434  5.328  4.673 0.6666669846
64384  -51.005  4.717  6.414 0.6666669846
49561  -0.228  -10.627  50.301 0.3333329856
49566  -0.399  -9.920  49.867 0.3333329856
50599  -0.826  -9.396  50.680 0.2222220004
50615  -1.049  -8.876  49.949 0.2222220004
54918  -4.154  -6.224  49.038 0.1111110002
50628  -0.645  -9.317  49.323 0.4444440007
53840  -3.357  -6.432  48.974 0.3333329856
53855  -3.937  -5.937  47.958 0.3333329856
54944  -3.918  -5.970  48.618 0.2222220004
54928  -4.580  -5.926  48.666 0.2222220004
102293  -19.747  -9.280  48.269 0.2222220004
50638  -20.290  -9.765  48.320 0.2222220004
103158  -20.945  -10.370  48.265 0.2222220004
49584  -21.642  -11.027  48.083 0.2222220004
51698  -21.129  -9.377  48.019 0.3333329856
50649  -21.741  -10.004  47.912 0.2222220004
51710  -21.282  -8.508  47.530 0.3333329856
104919  -21.880  -9.120  47.535 0.2222220004
106838  -23.068  -9.472  47.017 0.2222220004
51711  -22.664  -8.820  47.041 0.3333329856
49593  -22.884  -10.335  47.353 0.2222220004
52765  -22.051  -8.288  47.092 0.2222220004
50650  -22.413  -9.707  47.438 0.2222220004
108780  -23.554  -10.048  46.932 0.2222220004
48600  -24.626  -11.169  46.608 0.2222220004
49585  -22.268  -10.475  47.734 0.2222220004
51727  -25.288  -8.896  44.985 0.3333329856
51728  -26.200  -9.146  44.736 0.2222220004
106318  -25.375  -8.704  44.351 0.3333329856
52787  -25.707  -8.858  44.407 0.3333329856
52799  -24.635  -8.445  44.701 0.3333329856
52819  -24.646  -8.389  44.355 0.3333329856
120565  -23.110  -8.973  46.893 0.2222220004
50667  -23.722  -9.026  46.523 0.2222220004
49611  -24.755  -10.146  46.329 0.2222220004
51718  -22.745  -8.074  46.702 0.3333329856
103189  -23.807  -8.180  46.161 0.3333329856
50668  -24.439  -9.177  46.201 0.2222220004
50669  -25.057  -9.366  45.884 0.2222220004
52775  -23.201  -7.727  46.223 0.3333329856
107816  -23.625  -7.940  46.111 0.3333329856
52776  -23.948  -8.073  45.886 0.3333329856
51720  -24.453  -8.845  45.994 0.3333329856
51721  -25.097  -9.057  45.449 0.3333329856
53883  -22.545  -7.438  45.648 0.5555559993
53884  -23.283  -7.665  45.714 0.3333329856
53872  -23.619  -7.861  45.714 0.3333329856
52785  -23.980  -8.207  45.423 0.3333329856
52777  -24.442  -8.600  45.413 0.3333329856
53904  -22.783  -7.536  45.279 0.6666669846
53906  -23.846  -8.015  45.093 0.3333329856
52786  -24.677  -8.539  44.926 0.3333329856
52796  -22.536  -7.610  44.781 0.5555559993
52798  -23.957  -8.097  44.817 0.3333329856
52818  -23.785  -8.106  44.475 0.3333329856
52797  -23.312  -7.844  44.806 0.4444440007
51869  -30.070  -9.162  36.640 0.7777780294
50796  -29.580  -9.624  36.048 0.7777780294
50797  -30.410  -9.360  35.815 0.7777780294
54945  -4.661  -5.673  48.087 0.2222220004
54957  -5.143  -5.562  47.702 0.2222220004
50614  -0.758  -9.156  50.247 0.3333329856
50629  -0.983  -8.756  48.941 0.4444440007
52760  -1.939  -7.404  48.594 0.3333329856
52746  -2.177  -7.034  49.071 0.3333329856
51697  -20.418  -8.741  47.947 0.3333329856
53864  -3.598  -6.397  47.771 0.4444440007
49551  -1.111  -9.951  50.943 0.2222220004
51672  -1.160  -8.870  49.308 0.3333329856
53854  -3.246  -6.144  48.634 0.3333329856
102626  -20.668  -11.244  48.304 0.1111110002
50651  -24.144  -9.788  46.564 0.2222220004
48587  -23.932  -11.739  47.012 0.2222220004
49595  -24.073  -10.647  46.806 0.2222220004
51719  -23.258  -8.350  46.570 0.3333329856
53905  -23.561  -7.820  45.464 0.3333329856
41498  0.781  -18.245  50.402 0.1111110002
43323  0.409  -16.619  50.079 0.1111110002
44258  0.962  -15.937  49.709 0.2222220004
46303  -0.405  -12.985  50.844 0.1111110002
48539  -0.522  -11.520  50.972 0.1111110002
107528  0.147  -12.833  50.314 0.1111110002
47429  -0.761  -12.487  51.144 0.1111110002
48540  -1.045  -10.820  51.011 0.1111110002
47428  -0.165  -12.199  50.829 0.1111110002
55991  -6.219  -4.818  48.137 0.1111110002
55992  -6.899  -4.902  48.132 0.1111110002
54930  -6.378  -5.869  48.269 0.1111110002
54946  -5.554  -5.118  47.999 0.1111110002
50617  -2.958  -9.368  49.477 0.1111110002
54947  -6.211  -4.559  47.971 0.1111110002
51675  -3.434  -8.739  49.200 0.1111110002
52734  -4.249  -7.479  49.315 0.1111110002
54958  -5.810  -5.294  47.537 0.2222220004
49552  -1.695  -10.213  51.163 0.1111110002
50600  -1.724  -9.774  50.887 0.1111110002
50616  -2.047  -9.253  49.412 0.1111110002
51674  -2.586  -8.250  49.110 0.1111110002
51686  -1.465  -8.134  49.056 0.1111110002
52732  -2.566  -7.160  49.171 0.2222220004
53825  -3.046  -6.708  49.073 0.2222220004
61258  -41.667  -0.029  9.888 0.4444440007
63547  -55.182  2.527  -1.614 0.3333329856
63445  -55.154  3.523  3.033 0.2222220004
64424  -55.107  3.799  2.317 0.3333329856
63545  -53.433  2.494  -1.570 0.4444440007
63546  -55.062  2.740  -1.901 0.3333329856
101654  -53.527  2.729  -2.445 0.2222220004
63556  -54.483  2.926  -2.891 0.2222220004
63557  -55.152  2.825  -2.744 0.3333329856
64422  -54.472  4.679  3.040 0.2222220004
111445  -54.855  4.290  2.675 0.2222220004
64438  -54.600  3.864  1.116 0.3333329856
63530  -54.659  2.824  -1.163 0.3333329856
119083  -54.701  4.348  2.444 0.4444440007
64433  -54.897  4.068  2.044 0.4444440007
64440  -55.195  3.578  1.597 0.3333329856
64439  -54.903  3.870  1.320 0.3333329856
64454  -55.055  3.499  0.821 0.3333329856
114226  -55.343  2.927  1.027 0.3333329856
63509  -55.179  2.858  0.275 0.3333329856
44259  0.155  -14.865  49.686 0.2222220004
46312  -0.102  -13.416  50.307 0.1111110002
48552  -0.122  -11.378  50.633 0.1111110002
50803  -11.077  -10.267  35.801 0.4444440007
115496  -1.746  -7.522  49.061 0.2222220004
61257  -41.013  -0.202  10.257 0.4444440007
62448  -55.447  1.867  -1.137 0.3333329856
60204  -38.828  -1.075  11.382 0.2222220004
50609  -2.341  -9.815  49.904 0.1111110002
53826  -3.777  -6.797  49.307 0.1111110002
54929  -5.352  -5.640  48.114 0.1111110002
51673  -1.804  -8.522  49.123 0.1111110002
52733  -3.373  -7.444  49.247 0.1111110002
121352  -3.906  -7.937  49.442 0.1111110002
53842  -5.741  -6.294  48.305 0.1111110002
52731  -2.079  -7.634  49.079 0.1111110002
103726  -52.648  2.574  -1.864 0.4444440007
102645  -54.499  2.796  -2.162 0.3333329856
43430  -28.889  -15.539  43.145 0.1111110002
106869  -27.873  -15.514  43.290 0.1111110002
47511  -28.957  -13.399  43.987 0.1111110002
46363  -28.851  -14.384  44.959 0.1111110002
45307  -29.217  -14.808  44.854 0.1111110002
46377  -30.371  -14.457  44.155 0.1111110002
43381  -27.078  -15.267  44.951 0.1111110002
109890  -27.892  -14.829  45.364 0.1111110002
43400  -29.258  -15.380  44.225 0.1111110002
44335  -29.926  -15.402  43.936 0.1111110002
44306  -25.225  -14.863  45.136 0.1111110002
43379  -25.694  -15.178  44.822 0.1111110002
43397  -26.771  -15.462  44.289 0.1111110002
113521  -28.061  -15.510  43.989 0.1111110002
43411  -24.566  -15.726  42.938 0.1111110002
102310  -25.027  -15.801  42.681 0.1111110002
102473  -25.694  -15.743  42.774 0.1111110002
43427  -24.266  -15.743  42.498 0.1111110002
103281  -25.200  -15.861  42.297 0.1111110002
47538  -28.524  -12.085  42.803 0.1111110002
47510  -28.027  -12.872  44.224 0.1111110002
45305  -27.679  -14.432  45.475 0.1111110002
47497  -26.976  -12.581  45.121 0.1111110002
102931  -22.204  -13.067  47.065 0.1111110002
44307  -25.982  -14.921  45.340 0.1111110002
46346  -26.380  -13.857  46.028 0.1111110002
46360  -26.645  -13.425  45.769 0.1111110002
45277  -22.897  -13.354  46.334 0.1111110002
45288  -23.591  -13.670  45.748 0.1111110002
44298  -24.546  -14.317  45.413 0.1111110002
109249  -25.420  -13.051  46.250 0.1111110002
44334  -23.491  -15.381  43.761 0.1111110002
43409  -23.602  -15.595  42.768 0.1111110002
102946  -23.812  -15.758  41.939 0.1111110002
105247  -29.310  -9.623  43.039 0.1111110002
49657  -29.001  -10.420  42.507 0.1111110002
49650  -28.031  -10.657  43.735 0.1111110002
48648  -27.964  -11.630  43.266 0.1111110002
49643  -27.784  -10.745  44.545 0.1111110002
49629  -27.010  -10.657  45.321 0.1111110002
47470  -21.973  -12.716  47.395 0.1111110002
48601  -25.124  -11.666  46.357 0.1111110002
48616  -26.395  -11.621  45.372 0.1111110002
48586  -23.179  -11.860  47.349 0.1111110002
47471  -24.215  -12.631  46.770 0.1111110002
47483  -24.954  -12.513  46.461 0.1111110002
51750  -29.204  -8.327  43.448 0.1111110002
50689  -29.169  -9.270  43.572 0.1111110002
49644  -28.536  -9.763  43.981 0.1111110002
51737  -28.737  -8.949  44.024 0.1111110002
110318  -28.064  -10.129  44.555 0.1111110002
50683  -28.049  -9.479  44.363 0.1111110002
51729  -27.275  -9.395  44.709 0.1111110002
49628  -26.212  -10.728  45.530 0.1111110002
50676  -26.529  -9.500  45.178 0.1111110002
49594  -23.386  -10.990  47.240 0.1111110002
50670  -25.770  -9.540  45.461 0.1111110002
51749  -28.513  -8.279  43.777 0.1111110002
108436  -27.711  -10.338  30.056 0.2222220004
52801  -27.165  -8.414  43.521 0.2222220004
52802  -27.927  -7.952  43.673 0.2222220004
54935  -15.969  -5.565  48.073 0.2222220004
53845  -16.219  -6.064  48.255 0.2222220004
49849  -27.253  -10.554  30.550 0.2222220004
48575  -21.145  -11.720  47.989 0.1111110002
110023  -25.185  -10.862  46.276 0.1111110002
120751  -22.562  -11.301  47.632 0.1111110002
49612  -25.592  -10.218  45.821 0.1111110002
43415  -28.772  -15.494  43.859 0.1111110002
43414  -27.245  -15.534  43.755 0.1111110002
47522  -28.250  -12.530  43.507 0.1111110002
46376  -29.479  -14.232  44.479 0.1111110002
46388  -30.033  -13.641  43.759 0.1111110002
44311  -28.956  -15.040  44.965 0.1111110002
46362  -28.200  -14.082  45.165 0.1111110002
46375  -28.599  -13.767  44.665 0.1111110002
44310  -28.426  -15.047  45.125 0.1111110002
44323  -29.486  -15.141  44.475 0.1111110002
45323  -29.911  -14.856  44.407 0.1111110002
44324  -30.210  -15.217  44.042 0.1111110002
43380  -26.372  -15.234  44.885 0.1111110002
44308  -26.743  -14.965  45.364 0.1111110002
44309  -27.632  -15.078  45.214 0.1111110002
45304  -27.072  -14.649  45.603 0.1111110002
43399  -28.562  -15.400  44.401 0.1111110002
44299  -25.521  -14.561  45.516 0.1111110002
105467  -24.391  -14.948  44.808 0.1111110002
43395  -25.065  -15.305  44.391 0.1111110002
105160  -25.019  -15.641  43.455 0.1111110002
43396  -25.820  -15.530  44.080 0.1111110002
43413  -26.280  -15.627  43.455 0.1111110002
43428  -24.625  -15.762  42.377 0.1111110002
43410  -24.079  -15.664  43.174 0.1111110002
43412  -25.526  -15.700  43.168 0.1111110002
122646  -24.834  -15.826  42.244 0.1111110002
43440  -25.430  -15.819  41.736 0.1111110002
109835  -24.844  -15.785  40.977 0.1111110002
47498  -27.782  -13.207  44.869 0.1111110002
47509  -27.466  -12.133  44.530 0.1111110002
46361  -27.351  -13.693  45.389 0.1111110002
45292  -26.924  -14.128  45.829 0.1111110002
105479  -22.675  -13.087  47.150 0.1111110002
46330  -22.765  -13.263  46.818 0.1111110002
45290  -25.706  -14.255  45.872 0.1111110002
44300  -26.242  -14.657  45.658 0.1111110002
112285  -26.046  -13.210  46.067 0.1111110002
46345  -25.736  -13.714  46.118 0.1111110002
47496  -26.300  -12.631  45.631 0.1111110002
45303  -22.935  -13.809  45.707 0.1111110002
45278  -23.359  -13.301  46.340 0.1111110002
45289  -24.226  -13.639  45.827 0.1111110002
44297  -23.666  -14.435  45.209 0.1111110002
45279  -23.994  -13.246  46.302 0.1111110002
111115  -25.029  -14.106  45.663 0.1111110002
46344  -24.932  -13.665  45.986 0.1111110002
47484  -25.683  -12.277  46.023 0.1111110002
46332  -24.717  -13.187  46.388 0.1111110002
44333  -22.858  -15.198  43.165 0.1111110002
106284  -23.609  -15.061  44.528 0.1111110002
120568  -22.874  -15.050  43.962 0.1111110002
49651  -28.814  -10.074  43.350 0.1111110002
48649  -28.355  -11.083  42.840 0.1111110002
48633  -27.669  -11.670  44.068 0.1111110002
49630  -27.748  -10.478  44.996 0.1111110002
118079  -27.602  -11.152  44.690 0.1111110002
50677  -27.314  -9.961  45.233 0.1111110002
48617  -27.317  -11.379  44.999 0.1111110002
113700  -21.823  -11.964  47.697 0.1111110002
109955  -22.587  -12.386  47.444 0.1111110002
48602  -25.687  -11.211  45.897 0.1111110002
112753  -23.374  -12.745  47.139 0.1111110002
113917  -23.824  -13.067  46.698 0.1111110002
47482  -24.570  -11.968  46.654 0.1111110002
50678  -27.906  -9.873  45.002 0.1111110002
110117  -26.468  -10.028  45.472 0.1111110002
46331  -23.252  -13.230  46.840 0.1111110002
56001  -15.348  -5.174  48.044 0.1111110002
54934  -15.345  -5.487  48.441 0.1111110002
52745  -16.470  -7.328  48.364 0.1111110002
51694  -16.928  -8.037  48.244 0.1111110002
51685  -17.780  -9.320  48.429 0.1111110002
111205  -30.485  -4.557  19.113 0.2222220004
57267  -30.013  -4.946  18.189 0.2222220004
102864  -30.969  -4.526  18.376 0.2222220004
57283  -31.517  -4.269  17.738 0.2222220004
57282  -30.654  -4.570  17.516 0.2222220004
115721  -29.755  -4.260  20.912 0.2222220004
56367  -29.440  -4.562  19.877 0.1111110002
57258  -30.817  -4.244  19.736 0.2222220004
57256  -29.654  -4.776  19.166 0.2222220004
60976  -40.132  0.405  30.856 0.1111110002
59991  -41.858  -0.819  30.214 0.1111110002
107877  -41.492  -0.392  29.697 0.1111110002
63247  -47.163  2.384  22.124 0.3333329856
58256  -30.237  -2.714  13.293 0.1111110002
57340  -31.456  -3.259  13.241 0.1111110002
109510  -32.223  -3.624  13.389 0.1111110002
57342  -33.938  -3.829  13.635 0.1111110002
60047  -42.222  -0.714  26.779 0.1111110002
63268  -46.175  2.844  20.880 0.3333329856
62215  -29.635  1.433  15.854 0.1111110002
61180  -28.027  0.601  15.608 0.1111110002
61172  -28.769  1.135  16.219 0.1111110002
60160  -28.055  -0.568  14.155 0.1111110002
59205  -29.078  -1.529  13.502 0.1111110002
58267  -31.425  -2.632  12.509 0.1111110002
115911  -33.629  -3.526  12.967 0.1111110002
57358  -34.384  -3.462  13.039 0.1111110002
58258  -36.273  -2.872  13.222 0.2222220004
61181  -28.923  1.068  15.258 0.1111110002
61190  -28.371  0.427  14.630 0.1111110002
61203  -29.526  0.520  13.596 0.1111110002
59206  -29.689  -1.535  13.093 0.1111110002
60189  -30.448  -0.584  12.416 0.1111110002
60188  -29.957  -0.841  12.875 0.1111110002
59219  -30.340  -1.587  12.549 0.1111110002
118556  -30.723  -1.324  12.168 0.1111110002
59220  -31.080  -1.868  12.017 0.1111110002
58268  -32.314  -2.730  12.278 0.1111110002
57357  -33.993  -3.225  12.543 0.1111110002
117131  -34.645  -2.920  12.318 0.1111110002
59235  -31.029  -1.020  11.836 0.1111110002
122622  -32.617  -2.366  11.788 0.1111110002
58284  -34.269  -2.391  11.579 0.1111110002
58285  -35.181  -2.435  11.658 0.1111110002
62239  -30.580  1.484  14.631 0.1111110002
62225  -29.769  1.378  14.916 0.1111110002
62254  -30.763  1.389  13.844 0.1111110002
61204  -30.210  0.927  13.324 0.1111110002
61214  -30.540  0.496  12.682 0.1111110002
60174  -29.936  0.059  12.965 0.1111110002
60190  -30.949  0.005  12.028 0.1111110002
59236  -31.763  -1.358  11.419 0.1111110002
58282  -32.533  -1.842  11.380 0.1111110002
59238  -33.885  -1.781  11.037 0.1111110002
59239  -34.763  -1.962  11.011 0.1111110002
59240  -35.659  -1.988  11.078 0.1111110002
59221  -36.870  -2.100  12.022 0.1111110002
60202  -31.386  -0.485  11.499 0.1111110002
110739  -33.150  -1.617  11.080 0.1111110002
60216  -32.639  -0.340  10.484 0.1111110002
59254  -34.349  -1.365  10.485 0.1111110002
59255  -35.212  -1.497  10.482 0.1111110002
59241  -36.557  -1.879  11.225 0.1111110002
60217  -33.379  -0.175  10.029 0.1111110002
60230  -34.246  -0.023  9.574 0.1111110002
60218  -34.784  -0.904  9.972 0.1111110002
60220  -36.404  -1.058  9.968 0.1111110002
59257  -37.039  -1.309  10.619 0.1111110002
119998  -38.549  -1.032  10.644 0.1111110002
60231  -35.263  -0.380  9.544 0.1111110002
107942  -35.956  -0.627  9.592 0.1111110002
60232  -36.598  -0.620  9.395 0.1111110002
60221  -37.842  -1.063  10.085 0.1111110002
60222  -38.806  -0.853  9.897 0.1111110002
61256  -35.916  0.009  8.971 0.1111110002
60238  -36.883  -0.182  8.739 0.1111110002
60233  -37.374  -0.752  9.302 0.1111110002
60234  -38.655  -0.663  8.933 0.1111110002
60235  -39.462  -0.607  9.316 0.2222220004
105764  -39.218  -0.450  8.571 0.1111110002
61241  -32.686  0.652  10.201 0.1111110002
61253  -33.322  0.842  9.624 0.1111110002
61255  -34.933  0.478  9.024 0.1111110002
61266  -35.449  0.880  8.371 0.1111110002
60239  -37.819  -0.417  8.592 0.1111110002
61268  -37.288  0.183  8.083 0.1111110002
61269  -38.013  0.001  7.950 0.1111110002
60240  -38.598  -0.296  8.194 0.1111110002
61270  -39.363  -0.199  7.923 0.1111110002
61271  -40.049  -0.320  8.646 0.2222220004
61272  -41.787  -0.171  8.946 0.3333329856
61282  -39.604  0.190  7.208 0.1111110002
104806  -40.930  -0.122  8.083 0.3333329856
105208  -41.927  -0.088  7.955 0.3333329856
62297  -32.899  1.686  10.183 0.1111110002
62307  -33.446  1.755  9.509 0.1111110002
62308  -34.054  2.331  9.172 0.1111110002
62319  -35.885  1.563  8.001 0.1111110002
62327  -36.526  1.524  7.684 0.1111110002
61279  -36.985  0.814  7.669 0.1111110002
61280  -37.709  0.587  7.510 0.1111110002
61296  -40.888  0.495  6.531 0.2222220004
61284  -41.349  0.044  7.100 0.3333329856
62329  -38.152  1.173  6.904 0.1111110002
61295  -40.024  0.585  6.597 0.1111110002
63376  -34.678  3.147  9.426 0.1111110002
63386  -35.627  2.601  8.301 0.1111110002
64367  -36.630  3.610  8.477 0.1111110002
63388  -36.957  3.211  7.861 0.1111110002
63387  -36.295  2.665  7.946 0.1111110002
63398  -36.792  2.344  7.585 0.1111110002
62328  -37.228  1.558  7.265 0.1111110002
61297  -41.766  0.451  6.523 0.2222220004
61286  -43.203  -0.025  7.270 0.3333329856
121597  -38.187  1.868  6.587 0.1111110002
62337  -39.611  1.350  6.219 0.1111110002
62338  -40.475  1.201  6.120 0.1111110002
62339  -41.315  1.136  6.074 0.2222220004
104390  -42.651  0.367  6.509 0.2222220004
62348  -40.127  1.983  5.795 0.1111110002
62350  -41.717  1.761  5.592 0.1111110002
62340  -42.180  1.069  6.029 0.2222220004
62351  -42.622  1.653  5.393 0.2222220004
62352  -43.413  1.340  5.304 0.2222220004
121349  -35.087  3.551  9.711 0.1111110002
119276  -35.480  3.855  9.980 0.1111110002
63377  -35.425  3.391  9.090 0.1111110002
63378  -36.061  3.328  8.576 0.1111110002
64373  -37.407  4.047  8.368 0.1111110002
121751  -38.087  4.193  8.049 0.1111110002
64381  -38.509  3.943  7.579 0.1111110002
63399  -37.317  2.684  7.373 0.1111110002
63400  -38.019  3.043  7.101 0.1111110002
63401  -38.784  3.252  6.791 0.1111110002
63409  -38.400  2.415  6.590 0.1111110002
63410  -39.301  2.433  6.216 0.1111110002
63411  -40.167  2.783  6.035 0.1111110002
63420  -40.643  2.347  5.736 0.1111110002
63422  -42.155  2.449  5.354 0.1111110002
63430  -42.827  2.459  5.022 0.1111110002
62361  -43.187  1.873  4.989 0.2222220004
62362  -43.729  1.744  4.678 0.1111110002
62377  -45.112  1.897  3.709 0.2222220004
62378  -45.840  1.759  3.589 0.3333329856
62401  -47.372  1.823  2.828 0.3333329856
104466  -48.022  1.583  2.915 0.3333329856
64353  -35.386  3.867  10.948 0.1111110002
64366  -36.233  3.976  9.327 0.1111110002
109710  -36.933  4.240  9.007 0.1111110002
64368  -37.568  4.673  9.124 0.1111110002
64369  -38.146  4.657  8.593 0.1111110002
65342  -38.741  5.082  8.653 0.1111110002
65343  -39.301  5.130  8.301 0.1111110002
64375  -39.050  4.586  7.788 0.1111110002
65350  -39.672  4.772  7.701 0.1111110002
64382  -39.255  4.117  7.270 0.1111110002
64383  -40.010  4.348  7.053 0.1111110002
64390  -40.503  3.713  6.384 0.1111110002
64391  -41.209  3.469  5.863 0.1111110002
64409  -43.076  3.175  4.751 0.1111110002
63431  -43.360  2.448  4.607 0.1111110002
64410  -43.518  3.465  4.263 0.1111110002
63432  -43.900  2.424  4.103 0.1111110002
63440  -44.556  2.590  3.501 0.1111110002
63441  -45.319  2.406  3.124 0.1111110002
62400  -46.124  2.210  2.956 0.1111110002
119856  -46.749  2.097  2.728 0.2222220004
62402  -47.900  2.020  2.312 0.3333329856
62420  -48.433  2.173  1.789 0.3333329856
65334  -37.684  5.115  9.808 0.1111110002
65344  -40.103  5.293  8.143 0.1111110002
65345  -40.911  5.438  7.986 0.1111110002
65351  -40.452  4.919  7.573 0.1111110002
65361  -40.809  4.513  6.926 0.1111110002
116469  -41.157  4.168  6.306 0.1111110002
64392  -41.948  4.177  5.852 0.1111110002
65373  -42.912  4.670  5.481 0.1111110002
64402  -43.203  4.161  4.834 0.1111110002
64419  -44.003  3.215  3.716 0.1111110002
63457  -45.620  2.829  2.465 0.1111110002
63458  -46.343  2.569  2.203 0.1111110002
63459  -47.085  2.291  2.112 0.3333329856
63478  -47.568  2.468  1.482 0.3333329856
66262  -52.018  6.465  6.576 0.3333329856
65352  -41.274  5.092  7.395 0.1111110002
65353  -42.156  5.395  7.144 0.1111110002
66263  -52.851  6.458  6.445 0.3333329856
65363  -42.672  5.206  6.330 0.1111110002
65364  -43.584  5.507  5.832 0.1111110002
65383  -43.782  4.721  4.521 0.1111110002
64420  -44.391  3.695  3.189 0.1111110002
63456  -44.961  3.215  2.766 0.1111110002
64430  -45.470  3.526  2.351 0.1111110002
63477  -46.013  3.204  1.927 0.1111110002
105530  -46.728  2.843  1.407 0.1111110002
63479  -48.082  2.545  1.010 0.2222220004
66249  -42.661  6.028  7.487 0.1111110002
66258  -43.570  5.930  6.445 0.1111110002
66259  -44.183  6.142  5.950 0.1111110002
65375  -44.270  5.578  4.969 0.1111110002
65384  -44.432  5.228  4.234 0.1111110002
64411  -44.020  4.228  3.850 0.1111110002
65396  -44.613  4.752  3.431 0.1111110002
112381  -45.195  5.143  3.164 0.1111110002
64431  -45.902  4.192  2.071 0.1111110002
64436  -46.401  3.620  1.570 0.1111110002
64437  -46.923  3.671  1.093 0.1111110002
63502  -47.478  2.938  0.721 0.2222220004
63544  -51.844  2.636  -1.372 0.4444440007
65365  -44.561  6.192  5.420 0.1111110002
65376  -44.941  6.047  4.699 0.1111110002
66271  -45.549  6.710  4.698 0.1111110002
65385  -45.106  5.575  3.886 0.1111110002
65386  -45.576  6.172  4.120 0.1111110002
66285  -46.083  6.385  3.595 0.1111110002
65398  -45.696  5.757  3.420 0.1111110002
66292  -46.237  5.920  2.899 0.1111110002
101949  -45.706  5.122  2.670 0.1111110002
65405  -46.282  5.278  2.146 0.1111110002
64450  -47.402  3.860  0.647 0.1111110002
64451  -48.029  3.622  0.140 0.2222220004
63543  -51.007  3.058  -0.953 0.3333329856
66278  -45.945  6.708  4.168 0.1111110002
66279  -46.499  7.052  3.890 0.1111110002
66293  -46.746  6.174  2.357 0.1111110002
65410  -46.953  4.876  1.027 0.1111110002
65412  -47.504  4.689  0.364 0.1111110002
113800  -47.731  5.543  0.157 0.1111110002
64487  -50.348  3.806  -1.455 0.2222220004
64488  -51.253  3.381  -1.731 0.2222220004
63554  -51.978  3.052  -2.046 0.2222220004
63555  -52.642  3.052  -2.791 0.2222220004
63563  -53.850  2.964  -3.426 0.2222220004
66297  -46.956  6.047  1.549 0.1111110002
66300  -47.253  5.795  0.764 0.1111110002
65413  -48.188  4.679  -0.189 0.2222220004
65417  -50.364  4.667  -1.898 0.1111110002
65424  -50.873  4.676  -2.601 0.2222220004
64507  -50.803  3.939  -2.124 0.2222220004
64508  -51.518  3.624  -2.637 0.2222220004
64528  -52.212  3.621  -3.549 0.2222220004
64529  -53.064  3.229  -3.724 0.2222220004
116474  -54.677  2.926  -4.144 0.2222220004
61391  -54.684  1.006  -4.626 0.2222220004
61390  -53.698  0.951  -4.760 0.2222220004
102966  -52.675  0.497  -4.050 0.2222220004
66287  -47.090  6.992  2.760 0.1111110002
66294  -47.301  6.869  2.171 0.1111110002
66298  -47.545  6.723  1.358 0.1111110002
66301  -47.863  6.454  0.529 0.1111110002
66302  -48.418  5.993  -0.213 0.1111110002
66304  -49.125  5.996  -0.670 0.1111110002
66309  -49.563  5.490  -1.005 0.1111110002
65425  -51.442  4.517  -3.347 0.2222220004
61359  -44.736  -0.007  0.073 0.1111110002
61360  -45.384  0.299  -0.409 0.1111110002
65435  -53.069  3.692  -4.532 0.2222220004
61361  -46.052  0.528  -0.921 0.1111110002
64530  -53.947  3.144  -4.380 0.2222220004
64547  -54.216  3.334  -5.360 0.2222220004
108708  -47.364  -0.186  -1.494 0.1111110002
64548  -54.592  2.892  -5.761 0.2222220004
63570  -54.770  2.855  -4.923 0.2222220004
63571  -54.946  2.340  -5.179 0.2222220004
62477  -54.784  2.052  -5.624 0.2222220004
62472  -55.098  1.772  -4.978 0.2222220004
120775  -52.199  0.192  -3.501 0.1111110002
67189  -48.522  6.942  0.360 0.1111110002
66310  -50.040  5.600  -1.496 0.1111110002
66314  -50.533  5.662  -2.223 0.1111110002
66315  -51.037  5.748  -3.053 0.1111110002
65434  -52.079  4.476  -4.133 0.2222220004
65448  -52.643  4.540  -4.894 0.2222220004
61367  -46.831  0.671  -1.241 0.1111110002
122946  -54.306  3.370  -6.089 0.2222220004
61368  -47.788  0.748  -1.590 0.1111110002
62452  -48.390  1.357  -1.984 0.1111110002
62453  -49.066  0.906  -2.233 0.1111110002
63576  -54.534  2.467  -5.992 0.2222220004
62457  -49.668  1.133  -2.668 0.1111110002
62476  -54.308  2.032  -6.069 0.2222220004
62470  -53.584  1.557  -5.496 0.2222220004
61370  -49.539  0.219  -2.274 0.1111110002
62471  -54.486  1.594  -5.312 0.2222220004
61374  -50.410  0.153  -2.699 0.1111110002
61383  -51.644  0.622  -3.558 0.1111110002
105534  -52.619  1.244  -4.715 0.2222220004
62463  -51.920  1.140  -4.060 0.2222220004
105839  -50.158  7.509  -0.939 0.1111110002
112619  -50.358  6.723  -1.662 0.1111110002
67190  -49.095  7.039  -0.138 0.1111110002
66305  -49.678  6.623  -0.900 0.1111110002
119207  -50.765  6.496  -2.400 0.1111110002
111994  -51.566  5.308  -3.809 0.1111110002
104954  -47.295  2.325  -1.532 0.1111110002
66324  -52.074  5.463  -4.624 0.2222220004
62445  -46.292  1.457  -0.935 0.1111110002
63552  -48.336  2.646  -2.386 0.1111110002
64563  -53.575  4.082  -5.703 0.2222220004
62451  -47.716  1.675  -1.624 0.1111110002
122598  -48.557  1.999  -2.255 0.1111110002
64564  -54.318  3.056  -6.398 0.2222220004
62456  -48.954  1.519  -2.370 0.1111110002
63582  -54.084  2.563  -6.532 0.2222220004
63575  -53.525  2.041  -6.366 0.2222220004
62462  -49.885  1.958  -3.264 0.1111110002
62458  -50.684  1.063  -3.235 0.1111110002
118362  -51.309  1.365  -3.753 0.1111110002
114208  -51.187  6.916  -2.825 0.1111110002
66323  -51.581  6.422  -3.800 0.1111110002
110057  -52.737  5.081  -5.546 0.2222220004
65459  -53.327  4.764  -6.520 0.2222220004
63551  -47.584  2.860  -2.073 0.2222220004
65460  -53.887  3.759  -6.626 0.2222220004
65476  -53.527  4.520  -7.481 0.2222220004
63553  -48.741  3.044  -2.903 0.2222220004
64577  -53.671  3.463  -7.122 0.2222220004
63561  -49.362  2.693  -3.238 0.2222220004
63562  -49.974  2.869  -3.847 0.1111110002
63574  -52.444  2.261  -6.306 0.2222220004
106795  -49.082  2.178  -2.698 0.1111110002
63568  -51.551  2.236  -5.509 0.1111110002
63569  -52.511  1.729  -5.516 0.2222220004
107755  -50.707  1.962  -3.812 0.1111110002
62469  -51.567  1.721  -4.504 0.1111110002
64576  -52.912  3.270  -7.296 0.2222220004
64527  -49.116  3.310  -3.561 0.2222220004
64546  -50.889  3.043  -5.402 0.2222220004
63580  -52.367  2.936  -6.721 0.2222220004
62468  -50.791  2.533  -4.624 0.1111110002
62107  -45.062  0.985  24.034 0.2222220004
62128  -45.391  2.323  23.061 0.3333329856
61082  -45.493  1.200  23.677 0.2222220004
110525  -46.461  2.823  21.981 0.3333329856
63205  -45.877  2.155  23.700 0.3333329856
63462  -55.376  3.056  2.283 0.1111110002
63483  -55.445  2.737  1.677 0.3333329856
59990  -40.969  -0.010  30.562 0.1111110002
60989  -40.951  0.133  29.972 0.1111110002
60004  -41.510  -0.406  29.157 0.1111110002
60020  -42.367  -1.119  28.887 0.1111110002
60034  -42.183  -1.007  27.679 0.1111110002
57344  -35.257  -3.255  13.096 0.1111110002
57343  -34.809  -3.724  13.768 0.2222220004
58286  -36.077  -2.319  11.780 0.1111110002
59222  -37.627  -1.844  12.373 0.1111110002
59258  -37.977  -1.242  11.036 0.1111110002
63288  -46.349  3.048  20.159 0.3333329856
61307  -43.018  0.897  5.905 0.2222220004
102262  -32.121  -4.034  17.185 0.2222220004
57326  -34.227  -3.853  14.442 0.1111110002
64293  -46.667  3.203  19.151 0.3333329856
57268  -31.775  -4.059  18.492 0.2222220004
57244  -29.945  -4.263  20.442 0.2222220004
57257  -30.170  -4.404  19.849 0.2222220004
101763  -40.970  -0.267  9.257 0.3333329856
101695  -16.361  -8.241  48.761 0.1111110002
56382  -29.027  -4.990  18.364 0.1111110002
63269  -47.059  2.997  21.127 0.3333329856
57339  -30.698  -3.386  13.712 0.1111110002
58255  -29.502  -2.351  13.482 0.1111110002
58265  -30.035  -2.143  12.966 0.1111110002
57355  -32.050  -3.093  12.860 0.1111110002
58257  -30.872  -2.872  13.081 0.1111110002
57341  -33.073  -3.809  13.493 0.1111110002
60151  -27.698  0.014  14.854 0.1111110002
59194  -28.440  -1.544  13.886 0.1111110002
60172  -28.703  -0.824  13.676 0.1111110002
60173  -29.350  -0.565  13.302 0.1111110002
58266  -30.614  -2.333  12.668 0.1111110002
58269  -33.067  -2.785  12.131 0.1111110002
57356  -32.837  -3.315  12.763 0.1111110002
61191  -29.171  0.894  14.337 0.1111110002
60161  -28.791  0.044  13.858 0.1111110002
58281  -31.905  -2.177  11.795 0.1111110002
58270  -33.800  -2.812  12.074 0.1111110002
58271  -35.658  -2.754  12.401 0.1111110002
58283  -33.330  -2.252  11.549 0.1111110002
61192  -29.958  1.229  14.060 0.1111110002
60203  -31.926  -0.444  10.994 0.1111110002
59237  -32.557  -1.156  10.923 0.1111110002
59256  -36.092  -1.494  10.535 0.1111110002
59253  -33.410  -1.091  10.505 0.1111110002
118660  -34.038  -0.760  10.084 0.1111110002
60219  -35.619  -1.034  9.986 0.1111110002
113500  -37.064  -1.033  9.857 0.1111110002
61254  -34.023  1.127  9.102 0.1111110002
111478  -38.091  -0.824  9.329 0.1111110002
61267  -36.369  0.607  8.129 0.1111110002
61265  -34.679  1.493  8.623 0.1111110002
61281  -38.655  0.228  7.451 0.1111110002
120818  -40.070  -0.090  7.766 0.1111110002
61283  -40.455  0.094  7.114 0.1111110002
62298  -33.531  2.453  10.012 0.1111110002
62318  -35.270  1.734  8.267 0.1111110002
61294  -39.132  0.726  6.739 0.1111110002
62317  -34.872  2.542  8.663 0.1111110002
62336  -37.752  2.173  6.815 0.1111110002
116930  -38.748  1.611  6.424 0.1111110002
62349  -40.891  1.827  5.697 0.1111110002
63421  -41.305  2.517  5.591 0.1111110002
63389  -37.686  3.551  7.714 0.1111110002
64374  -38.650  4.639  8.129 0.1111110002
64389  -39.654  3.480  6.598 0.1111110002
63412  -40.766  2.923  5.865 0.1111110002
64400  -41.845  3.182  5.518 0.1111110002
65335  -38.321  5.217  9.336 0.1111110002
64401  -42.527  3.467  5.159 0.1111110002
65362  -41.647  4.755  6.674 0.1111110002
65374  -43.663  5.145  5.193 0.1111110002
66248  -41.777  5.660  7.791 0.1111110002
66257  -42.914  5.795  6.904 0.1111110002
66269  -44.115  5.760  5.511 0.1111110002
65397  -45.032  4.261  2.653 0.1111110002
66250  -43.471  6.387  7.027 0.1111110002
65409  -46.525  4.501  1.556 0.1111110002
66270  -45.080  6.703  5.302 0.1111110002
65406  -46.645  5.423  1.685 0.1111110002
66286  -46.629  6.702  3.122 0.1111110002
67184  -48.306  7.299  1.089 0.1111110002
63564  -55.177  2.582  -4.285 0.2222220004
62473  -55.378  1.989  -4.391 0.2222220004
62444  -45.515  1.244  -0.581 0.1111110002
62450  -47.096  1.581  -1.277 0.1111110002
113345  -49.030  7.675  0.733 0.1111110002
63542  -47.989  2.182  -1.932 0.1111110002
66330  -52.487  5.936  -5.361 0.1111110002
63581  -53.317  2.702  -6.788 0.2222220004
66336  -52.995  5.803  -6.167 0.2222220004
64545  -50.149  3.339  -4.774 0.2222220004
64562  -51.571  2.799  -6.148 0.2222220004
62408  -55.382  1.947  2.162 0.1111110002
49751  -11.204  -10.416  34.822 0.2222220004
50804  -11.775  -9.975  35.388 0.2222220004
50805  -12.536  -9.733  35.436 0.2222220004
46477  -6.330  -13.648  36.473 0.2222220004
48746  -9.553  -11.557  33.504 0.2222220004
49789  -10.120  -11.101  33.034 0.2222220004
49790  -10.740  -10.585  33.076 0.2222220004
108712  -11.679  -10.020  34.529 0.2222220004
106558  -12.322  -9.785  34.689 0.2222220004
49791  -11.412  -10.066  33.032 0.2222220004
50823  -11.997  -9.845  33.762 0.2222220004
50843  -13.308  -9.378  33.256 0.2222220004
46476  -5.598  -14.119  36.299 0.1111110002
46494  -5.893  -13.588  35.634 0.1111110002
47624  -7.258  -12.713  35.302 0.1111110002
47633  -6.648  -12.507  34.338 0.1111110002
47634  -7.532  -12.431  34.575 0.1111110002
48743  -6.512  -11.305  33.196 0.1111110002
48744  -7.586  -11.734  33.079 0.1111110002
118380  -8.202  -11.627  32.824 0.1111110002
48750  -8.789  -11.454  32.569 0.1111110002
49805  -10.899  -10.134  32.274 0.1111110002
50841  -12.006  -9.764  32.904 0.2222220004
50824  -12.863  -9.598  33.972 0.2222220004
50857  -13.058  -9.224  32.436 0.1111110002
121628  -13.548  -9.181  32.762 0.1111110002
51917  -14.656  -8.948  32.459 0.1111110002
49804  -10.088  -10.701  32.235 0.1111110002
50868  -11.203  -9.685  31.558 0.1111110002
50877  -10.760  -9.387  30.981 0.1111110002
50869  -12.024  -9.386  31.440 0.1111110002
51916  -13.794  -8.935  32.122 0.1111110002
51918  -15.331  -9.178  32.830 0.1111110002
112731  -12.665  -9.210  31.723 0.1111110002
102297  -23.994  -10.845  31.451 0.1111110002
49830  -24.957  -10.818  31.489 0.1111110002
49829  -24.471  -10.851  30.749 0.1111110002
102295  -25.771  -10.771  30.888 0.1111110002
49848  -26.426  -10.614  30.244 0.1111110002
50906  -28.660  -9.650  28.649 0.1111110002
51986  -28.643  -9.364  27.923 0.1111110002
51994  -29.106  -8.800  27.373 0.1111110002
52002  -28.928  -8.392  26.703 0.1111110002
49865  -27.074  -10.378  29.568 0.1111110002
50895  -28.235  -9.918  29.104 0.1111110002
53060  -29.101  -7.679  26.342 0.1111110002
54155  -29.497  -6.796  26.385 0.1111110002
51993  -28.267  -8.940  27.079 0.1111110002
52001  -28.249  -8.535  26.374 0.1111110002
53059  -28.531  -8.064  26.016 0.1111110002
53074  -28.820  -7.214  25.802 0.1111110002
54164  -29.162  -6.335  25.606 0.1111110002
53073  -28.108  -7.670  25.306 0.1111110002
55245  -29.806  -5.836  26.031 0.2222220004
52000  -27.562  -8.641  26.440 0.1111110002
52020  -27.860  -8.333  25.810 0.1111110002
54163  -28.572  -6.781  25.145 0.1111110002
102175  -33.614  -3.847  15.136 0.2222220004
55253  -29.516  -5.554  25.131 0.1111110002
110226  -6.743  -13.163  35.903 0.1111110002
48745  -8.555  -11.884  33.360 0.1111110002
49770  -10.538  -10.974  34.037 0.2222220004
49866  -27.785  -10.182  29.502 0.1111110002
49771  -11.262  -10.324  33.896 0.2222220004
114312  -9.562  -11.203  32.616 0.1111110002
50842  -12.612  -9.587  33.115 0.1111110002
47623  -6.163  -12.939  34.917 0.1111110002
48736  -6.102  -11.760  33.756 0.1111110002
48737  -7.084  -12.107  33.788 0.1111110002
50856  -12.345  -9.504  32.305 0.1111110002
49820  -9.606  -10.250  31.598 0.1111110002
50855  -11.645  -9.759  32.246 0.1111110002
111097  -11.521  -9.348  31.061 0.1111110002
118053  -11.439  -9.148  30.744 0.1111110002
111014  -13.159  -8.954  31.628 0.1111110002
104742  -25.618  -10.659  29.905 0.1111110002
50905  -28.044  -9.751  28.416 0.1111110002
53072  -27.337  -8.113  25.238 0.1111110002
52019  -27.237  -8.383  25.789 0.1111110002
121295  2.588  -20.232  44.278 0.1111110002
53208  -49.399  -7.635  14.871 0.1111110002
53194  -50.691  -7.656  16.456 0.1111110002
51057  -49.983  -9.300  18.660 0.1111110002
51056  -49.136  -9.713  18.932 0.1111110002
53225  -48.492  -7.169  12.604 0.1111110002
53217  -49.101  -7.966  13.971 0.1111110002
52149  -50.361  -8.259  15.442 0.1111110002
52150  -51.422  -8.805  15.969 0.1111110002
51074  -51.571  -8.834  16.976 0.1111110002
51073  -51.348  -9.070  17.474 0.1111110002
51072  -50.435  -9.499  17.822 0.1111110002
121788  -48.784  -6.824  11.698 0.1111110002
51083  -51.503  -9.476  16.535 0.1111110002
51082  -50.882  -9.824  17.030 0.1111110002
53231  -49.461  -7.477  11.954 0.1111110002
51021  -49.130  -9.415  20.544 0.1111110002
54313  -47.856  -6.264  12.326 0.1111110002
54307  -48.181  -6.066  13.974 0.1111110002
51023  -50.453  -8.696  20.068 0.1111110002
51038  -49.702  -9.217  19.644 0.1111110002
106003  -47.815  -5.917  11.510 0.1111110002
54314  -48.006  -6.608  13.135 0.1111110002
53207  -48.614  -6.990  14.423 0.1111110002
53193  -49.835  -7.001  15.892 0.1111110002
53162  -51.257  -7.106  17.706 0.1111110002
52120  -51.208  -8.474  18.113 0.1111110002
51039  -50.499  -8.811  19.202 0.1111110002
53176  -51.276  -7.909  17.261 0.1111110002
51058  -50.863  -8.906  18.344 0.1111110002
54321  -48.295  -6.295  11.420 0.1111110002
53216  -48.429  -7.288  13.506 0.1111110002
52136  -51.300  -8.317  16.762 0.1111110002
54330  -49.194  -6.225  10.908 0.1111110002
54322  -49.967  -6.899  11.274 0.1111110002
110898  -50.495  -8.601  20.638 0.1111110002
54286  -49.318  -6.011  16.345 0.1111110002
52078  -51.267  -7.560  20.139 0.1111110002
53192  -49.094  -6.276  15.367 0.1111110002
53174  -50.098  -6.545  16.882 0.1111110002
53175  -50.946  -6.974  17.250 0.1111110002
52101  -51.328  -7.486  18.352 0.1111110002
52100  -51.127  -8.316  18.835 0.1111110002
54329  -48.271  -5.801  10.894 0.1111110002
55420  -48.923  -5.406  10.492 0.1111110002
53234  -53.043  -7.996  11.556 0.1111110002
54356  -52.949  -7.035  8.133 0.1111110002
53275  -52.277  -7.507  8.660 0.1111110002
53129  -50.575  -7.115  21.658 0.1111110002
55413  -47.004  -4.988  11.503 0.1111110002
55405  -46.892  -5.014  12.499 0.1111110002
55406  -47.254  -5.325  13.017 0.1111110002
54306  -47.706  -5.615  13.507 0.1111110002
52069  -51.102  -7.370  20.946 0.1111110002
56454  -46.445  -4.494  11.000 0.1111110002
55398  -48.046  -5.095  14.523 0.1111110002
54285  -48.753  -5.386  15.858 0.1111110002
54243  -50.866  -6.202  19.361 0.1111110002
54233  -50.823  -6.263  20.016 0.1111110002
111687  -47.387  -5.483  11.987 0.1111110002
54299  -48.529  -5.523  14.949 0.1111110002
54270  -50.216  -6.397  17.592 0.1111110002
54252  -50.544  -6.262  18.754 0.1111110002
52087  -51.340  -7.532  19.277 0.1111110002
52086  -51.017  -8.281  19.709 0.1111110002
56455  -47.296  -4.603  10.660 0.1111110002
55414  -47.612  -5.386  11.098 0.1111110002
54263  -50.374  -6.357  18.098 0.1111110002
53161  -51.063  -6.421  18.217 0.1111110002
117389  -50.828  -6.444  17.824 0.1111110002
55419  -48.113  -5.085  10.573 0.1111110002
54331  -50.433  -6.234  10.844 0.1111110002
54324  -51.883  -6.965  11.124 0.1111110002
54325  -52.892  -7.181  11.196 0.1111110002
54340  -54.445  -6.644  9.830 0.1111110002
54358  -54.329  -6.855  8.966 0.1111110002
55429  -54.160  -6.310  8.239 0.1111110002
53235  -53.746  -7.912  11.323 0.1111110002
53240  -54.163  -7.914  10.888 0.1111110002
53257  -54.372  -7.484  9.794 0.1111110002
54377  -53.425  -6.509  7.951 0.1111110002
53276  -54.039  -7.380  9.023 0.1111110002
54357  -53.731  -6.988  8.323 0.1111110002
53256  -54.025  -7.925  9.505 0.1111110002
110782  -53.316  -7.603  8.848 0.1111110002
54376  -52.572  -6.530  7.944 0.1111110002
110864  -43.799  -8.774  18.174 0.1111110002
52066  -47.401  -8.215  21.748 0.1111110002
53126  -48.339  -7.631  22.028 0.1111110002
52116  -43.472  -8.572  17.214 0.1111110002
53128  -49.791  -6.893  22.009 0.1111110002
53122  -50.291  -7.284  22.434 0.1111110002
53136  -50.736  -6.549  20.749 0.1111110002
56446  -46.332  -4.711  11.929 0.1111110002
55397  -47.431  -4.943  14.065 0.1111110002
55390  -48.336  -4.984  15.419 0.1111110002
55376  -49.004  -5.693  16.442 0.1111110002
54232  -50.312  -6.159  20.323 0.1111110002
118887  -46.627  -4.062  10.488 0.1111110002
54269  -49.430  -6.138  17.110 0.1111110002
54262  -49.634  -6.366  17.680 0.1111110002
57380  -47.287  -3.693  10.196 0.1111110002
56456  -48.689  -4.703  10.311 0.1111110002
55421  -49.931  -5.571  10.542 0.1111110002
114765  -50.854  -5.642  10.703 0.1111110002
54332  -51.629  -6.122  10.885 0.1111110002
55423  -52.592  -5.492  10.997 0.1111110002
54333  -52.630  -6.289  10.920 0.1111110002
117827  -53.100  -6.432  10.890 0.1111110002
55424  -53.801  -5.495  10.799 0.1111110002
116076  -54.059  -6.251  10.475 0.1111110002
55427  -54.661  -6.114  9.036 0.1111110002
120624  -54.562  -5.305  8.329 0.1111110002
56474  -54.069  -4.398  7.808 0.1111110002
54326  -53.528  -7.107  10.882 0.1111110002
118350  -54.080  -7.115  10.471 0.1111110002
55439  -53.749  -5.509  7.782 0.1111110002
56473  -53.348  -4.375  7.406 0.1111110002
56472  -52.713  -5.088  7.520 0.1111110002
56484  -52.440  -4.243  7.155 0.1111110002
57248  -43.400  -3.580  20.408 0.1111110002
57262  -42.990  -3.738  19.629 0.1111110002
57273  -42.237  -4.108  18.197 0.1111110002
56401  -41.427  -4.374  16.805 0.1111110002
56407  -41.343  -4.450  15.839 0.1111110002
55383  -41.099  -5.776  14.866 0.1111110002
54295  -42.120  -6.510  14.563 0.1111110002
53204  -42.645  -7.220  14.674 0.1111110002
52074  -46.046  -8.564  20.578 0.1111110002
53189  -42.390  -7.833  15.010 0.1111110002
119973  -43.777  -7.716  15.355 0.1111110002
52117  -44.475  -8.465  17.497 0.1111110002
52098  -45.273  -8.595  18.926 0.1111110002
52099  -46.355  -8.419  19.060 0.1111110002
106681  -46.704  -8.400  19.922 0.1111110002
52134  -43.557  -8.209  16.209 0.1111110002
53134  -48.041  -7.766  21.083 0.1111110002
57369  -44.269  -3.269  10.988 0.1111110002
53127  -49.183  -7.214  22.086 0.1111110002
57377  -44.891  -3.150  10.554 0.1111110002
57370  -45.089  -3.747  10.796 0.1111110002
58298  -45.269  -2.684  10.422 0.1111110002
56445  -45.632  -4.300  11.327 0.1111110002
56437  -46.368  -4.777  12.868 0.1111110002
54222  -49.989  -6.411  21.403 0.1111110002
56453  -45.900  -3.961  10.608 0.1111110002
55396  -46.846  -4.835  13.482 0.1111110002
54223  -50.206  -6.370  21.153 0.1111110002
57379  -46.364  -3.428  10.245 0.1111110002
54242  -50.365  -6.155  19.509 0.1111110002
55375  -48.556  -5.258  16.092 0.1111110002
55362  -48.702  -5.606  16.494 0.1111110002
55363  -49.024  -5.969  17.034 0.1111110002
54251  -49.922  -6.404  18.286 0.1111110002
57388  -46.976  -2.890  10.029 0.1111110002
57389  -47.773  -3.036  9.948 0.1111110002
102820  -48.048  -4.278  10.305 0.1111110002
110756  -48.109  -3.591  10.090 0.1111110002
57381  -48.951  -3.923  10.119 0.1111110002
56457  -49.562  -4.761  10.270 0.1111110002
109105  -50.652  -4.952  10.495 0.1111110002
55422  -51.669  -5.271  10.857 0.1111110002
112735  -53.069  -4.912  11.357 0.1111110002
56461  -53.628  -4.702  11.200 0.1111110002
56462  -54.365  -5.014  10.517 0.1111110002
117512  -53.085  -5.624  10.954 0.1111110002
116613  -53.312  -5.113  11.119 0.1111110002
56465  -54.774  -5.268  9.419 0.1111110002
118167  -54.756  -4.652  8.882 0.1111110002
104227  -54.526  -4.197  8.210 0.1111110002
107926  -53.467  -6.138  10.787 0.1111110002
57396  -53.830  -3.608  7.217 0.1111110002
117953  -53.933  -3.183  6.604 0.1111110002
57274  -43.021  -3.472  18.660 0.1111110002
57288  -42.673  -3.229  17.584 0.1111110002
57316  -41.736  -3.017  15.668 0.1111110002
59212  -43.983  -1.110  12.679 0.1111110002
56402  -41.968  -3.865  17.191 0.1111110002
57302  -41.642  -3.750  16.229 0.1111110002
56413  -41.495  -4.359  15.031 0.1111110002
56414  -41.778  -4.292  14.270 0.1111110002
59224  -43.327  -1.743  12.249 0.1111110002
59244  -43.802  -1.933  11.545 0.1111110002
55371  -41.099  -5.227  15.430 0.1111110002
102054  -41.565  -5.103  14.780 0.1111110002
107428  -42.393  -5.887  14.469 0.1111110002
53205  -43.477  -7.217  14.731 0.1111110002
58287  -43.350  -2.462  11.735 0.1111110002
52148  -44.201  -7.984  16.073 0.1111110002
110014  -45.150  -8.480  18.060 0.1111110002
52119  -46.033  -8.349  18.164 0.1111110002
58288  -43.962  -2.475  11.167 0.1111110002
57368  -43.571  -2.991  11.418 0.1111110002
110058  -43.827  -3.574  11.791 0.1111110002
56435  -44.436  -4.156  12.601 0.1111110002
53141  -47.446  -7.966  19.264 0.1111110002
52085  -47.799  -7.900  20.146 0.1111110002
59245  -44.589  -1.778  11.125 0.1111110002
57361  -44.720  -4.023  11.582 0.1111110002
56436  -45.505  -4.494  12.538 0.1111110002
56418  -45.822  -4.691  14.266 0.1111110002
58297  -44.658  -2.535  10.699 0.1111110002
56428  -46.117  -4.641  13.643 0.1111110002
55373  -47.364  -4.809  15.201 0.1111110002
121603  -48.809  -7.294  21.352 0.1111110002
55388  -46.864  -4.764  14.429 0.1111110002
121282  -47.598  -4.938  15.640 0.1111110002
54284  -47.803  -5.226  16.094 0.1111110002
103028  -48.662  -6.179  17.444 0.1111110002
53151  -48.910  -6.791  18.777 0.1111110002
53143  -49.333  -6.707  19.625 0.1111110002
54221  -49.581  -6.718  21.199 0.1111110002
55389  -47.775  -4.782  14.970 0.1111110002
55374  -48.076  -4.910  15.707 0.1111110002
55361  -48.406  -5.349  16.308 0.1111110002
55355  -48.699  -5.804  16.851 0.1111110002
54250  -49.106  -6.443  18.192 0.1111110002
54240  -49.561  -6.488  18.966 0.1111110002
54241  -49.963  -6.242  19.810 0.1111110002
54231  -49.999  -6.218  20.733 0.1111110002
57378  -45.546  -3.304  10.380 0.1111110002
54261  -49.224  -6.333  17.655 0.1111110002
117136  -49.595  -6.492  18.433 0.1111110002
106760  -50.013  -6.317  18.976 0.1111110002
58315  -54.495  -2.543  7.224 0.1111110002
59279  -54.706  -2.175  6.567 0.1111110002
107186  -54.819  -2.327  6.061 0.1111110002
57382  -50.282  -3.937  10.264 0.1111110002
117551  -52.492  -4.857  11.213 0.1111110002
56459  -52.776  -4.290  11.544 0.1111110002
56460  -53.206  -4.416  11.497 0.1111110002
119783  -53.411  -3.748  11.532 0.1111110002
104525  -54.652  -3.887  8.919 0.1111110002
102957  -54.503  -3.265  7.972 0.1111110002
58318  -54.525  -2.585  6.585 0.1111110002
57393  -54.689  -4.419  9.792 0.1111110002
117084  -54.375  -2.918  7.173 0.1111110002
110594  -54.255  -3.523  7.546 0.1111110002
58317  -54.380  -2.773  6.245 0.1111110002
58325  -54.418  -2.539  5.774 0.1111110002
59211  -43.422  -1.230  13.197 0.1111110002
55384  -42.127  -5.210  14.344 0.1111110002
109087  -43.868  -6.668  14.612 0.1111110002
53206  -44.329  -7.147  14.853 0.1111110002
53190  -44.802  -7.534  15.603 0.1111110002
52118  -45.594  -8.130  17.180 0.1111110002
59225  -44.210  -1.395  11.950 0.1111110002
56427  -45.174  -4.478  13.566 0.1111110002
53159  -46.775  -7.794  17.451 0.1111110002
55372  -46.288  -4.943  14.916 0.1111110002
54283  -46.986  -5.388  15.606 0.1111110002
53160  -47.473  -6.843  17.024 0.1111110002
53150  -48.041  -7.291  18.637 0.1111110002
54268  -47.264  -6.134  16.322 0.1111110002
54260  -47.995  -5.889  16.811 0.1111110002
54249  -48.120  -6.346  17.456 0.1111110002
117197  -48.518  -6.640  18.016 0.1111110002
53142  -48.443  -7.317  19.460 0.1111110002
103799  -48.876  -7.207  20.441 0.1111110002
53135  -49.668  -6.479  20.374 0.1111110002
59259  -45.359  -2.053  10.565 0.1111110002
58299  -46.075  -2.574  10.249 0.1111110002
58307  -47.575  -2.475  10.054 0.1111110002
57390  -48.591  -3.098  9.919 0.1111110002
58311  -54.356  -2.492  9.481 0.1111110002
58313  -54.511  -2.563  8.209 0.1111110002
59277  -54.509  -1.948  7.513 0.1111110002
59281  -54.937  -1.838  6.053 0.1111110002
58326  -54.872  -2.053  5.587 0.1111110002
57384  -52.270  -3.494  11.535 0.1111110002
58304  -54.045  -3.246  11.172 0.1111110002
105331  -54.490  -3.431  9.984 0.1111110002
121867  -54.560  -3.142  8.865 0.1111110002
57386  -54.162  -4.133  10.852 0.1111110002
58335  -54.296  -2.191  5.172 0.1111110002
61164  -45.030  0.219  17.469 0.1111110002
60147  -44.418  -0.332  16.303 0.1111110002
60165  -44.398  -0.438  14.616 0.1111110002
60155  -44.369  -0.377  15.500 0.1111110002
60164  -43.667  -0.815  15.065 0.1111110002
60178  -44.410  -0.641  13.562 0.1111110002
57360  -42.977  -3.124  12.050 0.1111110002
60193  -44.826  -0.789  12.678 0.1111110002
56417  -44.880  -4.672  14.175 0.1111110002
114510  -45.759  -7.110  15.633 0.1111110002
53173  -46.440  -7.292  16.452 0.1111110002
59226  -45.172  -1.048  11.861 0.1111110002
53191  -46.480  -6.519  15.816 0.1111110002
59246  -45.649  -1.367  11.095 0.1111110002
59260  -46.282  -1.738  10.555 0.1111110002
111753  -47.254  -1.339  10.662 0.1111110002
58300  -46.996  -2.152  10.239 0.1111110002
59270  -48.693  -1.908  9.937 0.1111110002
58308  -48.254  -2.457  9.936 0.1111110002
59271  -49.514  -1.689  9.850 0.1111110002
58309  -49.070  -2.453  9.843 0.1111110002
59272  -50.472  -1.568  9.964 0.1111110002
58310  -50.032  -2.366  9.832 0.1111110002
58301  -51.109  -2.242  10.421 0.1111110002
57391  -49.534  -3.134  9.955 0.1111110002
57392  -50.438  -3.016  10.114 0.1111110002
58302  -51.917  -2.613  11.530 0.1111110002
57371  -52.509  -2.710  11.856 0.1111110002
58290  -52.545  -2.114  12.062 0.1111110002
59276  -54.356  -1.939  8.631 0.1111110002
119522  -54.632  -1.770  6.738 0.1111110002
57383  -51.293  -3.338  10.781 0.1111110002
57372  -52.939  -2.818  11.833 0.1111110002
58303  -53.409  -2.733  11.631 0.1111110002
115812  -54.218  -2.762  10.567 0.1111110002
61184  -44.901  0.062  15.860 0.1111110002
60156  -45.115  0.032  15.151 0.1111110002
60154  -43.786  -0.808  15.973 0.1111110002
60177  -43.594  -0.892  14.114 0.1111110002
59210  -42.528  -1.830  13.030 0.1111110002
57348  -43.441  -3.843  12.645 0.1111110002
60179  -45.490  -0.233  13.427 0.1111110002
55387  -45.451  -4.953  14.541 0.1111110002
59247  -46.619  -1.012  11.248 0.1111110002
59261  -47.962  -1.780  10.175 0.1111110002
59262  -48.902  -1.180  10.157 0.1111110002
59264  -51.323  -1.020  10.573 0.1111110002
108502  -51.806  -1.824  11.459 0.1111110002
58289  -52.016  -2.100  12.170 0.1111110002
59249  -52.400  -1.605  12.195 0.1111110002
60237  -53.749  -0.775  9.788 0.1111110002
60242  -54.112  -1.187  8.497 0.1111110002
109289  -54.360  -1.356  7.360 0.1111110002
58291  -52.890  -2.059  12.009 0.1111110002
59266  -53.471  -1.836  11.518 0.1111110002
59273  -53.793  -1.216  10.742 0.1111110002
59274  -54.065  -1.587  9.617 0.1111110002
121695  -53.894  -2.549  11.222 0.1111110002
59267  -54.024  -2.060  10.569 0.1111110002
61100  -46.184  1.766  23.587 0.2222220004
111109  -46.180  1.444  23.264 0.2222220004
61113  -45.591  0.483  22.537 0.1111110002
62129  -46.313  2.101  23.525 0.2222220004
61114  -46.214  1.163  22.394 0.2222220004
61130  -45.722  0.670  21.122 0.1111110002
105032  -46.845  1.187  19.321 0.1111110002
61142  -45.975  0.814  20.078 0.1111110002
61154  -45.796  0.723  18.829 0.1111110002
61165  -45.767  0.661  17.904 0.1111110002
61153  -45.004  0.202  18.326 0.1111110002
113336  -45.738  0.606  17.176 0.1111110002
119427  -44.494  -0.323  17.072 0.1111110002
61185  -45.709  0.444  15.804 0.1111110002
59199  -42.945  -1.258  14.541 0.1111110002
61195  -46.010  0.408  14.975 0.1111110002
108842  -42.899  -1.333  13.739 0.1111110002
58273  -42.163  -2.579  12.835 0.1111110002
57359  -42.326  -2.972  12.564 0.1111110002
56425  -43.030  -4.224  13.385 0.1111110002
56426  -44.126  -4.384  13.472 0.1111110002
60166  -45.285  -0.082  14.293 0.1111110002
55386  -44.675  -5.279  14.500 0.1111110002
54282  -45.991  -6.160  15.315 0.1111110002
60194  -45.776  -0.429  12.625 0.1111110002
60207  -46.125  -0.704  11.894 0.1111110002
60208  -46.832  -0.398  11.907 0.1111110002
60196  -47.290  0.151  12.326 0.1111110002
61233  -48.051  0.475  12.052 0.1111110002
61234  -48.918  0.986  11.750 0.1111110002
59248  -48.177  -0.806  10.680 0.1111110002
60210  -48.480  0.117  11.258 0.1111110002
61246  -49.314  0.566  11.140 0.1111110002
61235  -49.866  1.128  11.525 0.1111110002
60225  -49.181  -0.172  10.589 0.1111110002
61247  -50.253  0.421  10.827 0.1111110002
60226  -50.922  -0.151  10.737 0.1111110002
59263  -50.144  -0.635  10.118 0.1111110002
61250  -53.203  -0.114  11.125 0.1111110002
115586  -53.412  0.047  10.005 0.1111110002
59265  -51.951  -1.184  12.039 0.1111110002
60214  -52.782  -0.754  12.106 0.1111110002
101831  -53.547  -0.540  10.744 0.1111110002
105141  -53.668  -0.354  8.953 0.1111110002
59227  -52.145  -1.294  12.230 0.1111110002
59228  -52.336  -1.269  12.189 0.1111110002
59250  -52.845  -1.438  12.045 0.1111110002
111953  -53.283  -0.890  11.580 0.1111110002
60243  -54.469  -1.179  6.690 0.1111110002
62143  -46.702  1.862  23.105 0.2222220004
61115  -47.337  1.834  22.197 0.2222220004
62165  -47.691  1.711  21.270 0.2222220004
106722  -46.752  1.060  18.364 0.1111110002
61176  -46.245  0.775  16.610 0.1111110002
61167  -47.576  1.336  18.121 0.1111110002
112493  -46.810  0.921  15.903 0.1111110002
60167  -46.162  0.306  14.099 0.1111110002
61196  -46.839  0.848  14.855 0.1111110002
61208  -46.914  0.675  13.940 0.1111110002
60180  -46.344  0.135  13.280 0.1111110002
60181  -47.064  0.459  13.117 0.1111110002
61209  -47.498  1.064  13.729 0.1111110002
60195  -46.589  -0.114  12.542 0.1111110002
61218  -47.735  0.826  12.878 0.1111110002
61219  -48.526  1.378  12.527 0.1111110002
109337  -50.914  0.849  11.588 0.1111110002
61221  -51.172  0.982  11.640 0.1111110002
60211  -51.674  0.006  11.666 0.1111110002
111137  -51.963  -0.500  11.893 0.1111110002
61249  -52.645  0.336  11.369 0.1111110002
62305  -52.953  0.554  10.611 0.1111110002
60227  -51.640  -0.412  11.545 0.1111110002
60213  -52.166  -0.926  12.080 0.1111110002
61238  -52.653  -0.457  11.780 0.1111110002
60212  -52.030  -0.864  12.081 0.1111110002
63223  -46.032  2.452  23.404 0.2222220004
62130  -46.757  2.076  22.948 0.2222220004
63245  -45.768  2.598  22.582 0.2222220004
63246  -46.483  2.504  23.003 0.2222220004
62184  -47.733  1.612  20.503 0.2222220004
61144  -47.703  1.481  19.666 0.2222220004
62185  -47.767  1.659  19.986 0.2222220004
61155  -47.612  1.346  18.848 0.1111110002
61156  -47.729  1.496  19.020 0.2222220004
61177  -47.262  1.153  17.031 0.1111110002
61178  -47.885  1.435  17.495 0.1111110002
61187  -48.105  1.465  16.559 0.1111110002
61186  -47.533  1.252  15.696 0.1111110002
62235  -48.093  1.543  15.487 0.1111110002
118624  -48.036  1.558  14.401 0.1111110002
61197  -47.454  1.205  14.687 0.1111110002
112575  -48.523  2.064  14.004 0.1111110002
61210  -48.179  1.563  13.416 0.1111110002
107250  -49.000  2.244  13.050 0.1111110002
62275  -50.048  2.318  12.429 0.1111110002
114060  -50.825  1.914  12.017 0.1111110002
62277  -51.350  1.277  11.689 0.1111110002
62293  -51.986  1.007  11.595 0.1111110002
61236  -51.693  0.300  11.628 0.1111110002
62304  -52.612  0.975  10.999 0.1111110002
63248  -47.548  2.268  21.496 0.2222220004
62167  -47.838  1.967  20.831 0.2222220004
63289  -47.044  3.168  20.099 0.2222220004
115738  -47.718  2.112  21.007 0.2222220004
63270  -47.831  2.198  20.328 0.2222220004
63290  -48.030  2.064  19.619 0.2222220004
103975  -47.913  1.784  19.429 0.2222220004
62201  -48.117  2.348  18.920 0.2222220004
62212  -48.137  1.791  18.054 0.1111110002
118662  -48.350  1.695  17.197 0.1111110002
62236  -48.597  1.913  16.183 0.1111110002
62247  -48.550  2.045  14.953 0.1111110002
62262  -49.039  2.585  14.225 0.1111110002
63341  -49.949  3.252  13.549 0.1111110002
63353  -50.464  2.638  12.653 0.1111110002
63340  -49.763  2.785  13.376 0.1111110002
63342  -50.670  2.966  12.815 0.1111110002
112837  -51.117  2.252  12.098 0.1111110002
118620  -46.470  3.140  19.650 0.2222220004
64279  -47.436  2.859  20.536 0.2222220004
64280  -47.718  2.725  19.823 0.2222220004
105077  -47.351  3.421  18.611 0.2222220004
64294  -47.747  3.143  18.785 0.2222220004
64295  -47.931  2.923  18.742 0.2222220004
62223  -48.453  2.241  17.713 0.2222220004
62222  -48.678  2.004  16.926 0.1111110002
62237  -48.731  2.595  16.323 0.1111110002
63319  -48.727  3.257  16.549 0.1111110002
62248  -48.872  2.665  15.324 0.1111110002
112586  -49.401  3.088  14.448 0.1111110002
118070  -49.499  3.601  14.567 0.1111110002
64332  -50.239  3.633  13.367 0.1111110002
64333  -50.706  3.324  12.869 0.1111110002
64347  -51.195  2.948  12.363 0.1111110002
65321  -51.236  3.806  12.020 0.1111110002
64303  -48.241  3.938  17.382 0.2222220004
65275  -48.832  4.525  16.431 0.1111110002
115085  -48.620  2.416  17.082 0.1111110002
115088  -49.106  3.419  15.537 0.1111110002
64324  -49.452  4.290  15.182 0.1111110002
64325  -49.753  4.052  14.184 0.1111110002
114320  -50.896  3.617  12.623 0.1111110002
65274  -48.695  4.427  16.620 0.2222220004
65281  -49.139  4.937  16.048 0.1111110002
64319  -49.101  4.285  16.096 0.1111110002
65280  -49.037  4.968  16.201 0.2222220004
65367  -53.838  5.061  6.474 0.1111110002
64395  -54.004  3.937  6.352 0.1111110002
64385  -53.599  3.893  7.109 0.2222220004
63416  -53.563  2.931  6.964 0.1111110002
64396  -54.334  3.839  5.749 0.1111110002
62346  -54.002  1.946  5.993 0.1111110002
63425  -54.354  3.055  5.518 0.1111110002
62358  -54.378  2.053  5.223 0.1111110002
63435  -54.682  3.242  4.794 0.1111110002
62370  -54.695  2.154  4.457 0.1111110002
107938  -55.437  2.267  0.627 0.2222220004
118851  -55.413  1.443  0.707 0.1111110002
62439  -55.389  1.888  -0.099 0.2222220004
61372  -55.452  0.944  -1.551 0.2222220004
62454  -55.497  1.821  -2.035 0.2222220004
61380  -55.410  0.942  -2.384 0.2222220004
63558  -55.289  2.507  -2.484 0.2222220004
63565  -55.436  2.417  -3.468 0.2222220004
62459  -55.497  1.724  -2.913 0.2222220004
62465  -55.505  1.482  -3.777 0.2222220004
66264  -53.315  6.033  6.275 0.2222220004
65379  -53.940  5.622  4.966 0.1111110002
65368  -54.248  4.860  5.567 0.1111110002
65390  -54.265  4.894  4.724 0.1111110002
64404  -54.605  4.095  5.154 0.1111110002
64414  -54.730  4.248  4.351 0.1111110002
65400  -54.217  4.831  3.878 0.1111110002
64423  -54.781  4.346  3.441 0.1111110002
63444  -54.917  3.441  3.976 0.1111110002
104872  -47.920  3.712  18.045 0.2222220004
64304  -48.134  3.455  17.784 0.2222220004
39449  2.849  -20.921  48.498 0.2222220004
104602  -47.550  2.022  21.905 0.2222220004
62144  -47.263  1.963  22.371 0.2222220004
104942  -47.494  3.117  19.574 0.2222220004
52155  -50.102  -8.514  14.464 0.1111110002
51022  -50.024  -8.903  20.593 0.1111110002
52121  -51.320  -8.216  17.621 0.1111110002
52077  -50.941  -8.229  20.674 0.1111110002
52068  -50.948  -7.983  21.670 0.1111110002
53144  -51.257  -6.696  19.691 0.1111110002
53152  -51.211  -6.574  18.921 0.1111110002
55438  -52.959  -5.935  7.757 0.1111110002
120205  -44.097  -8.293  16.705 0.1111110002
55425  -54.505  -5.840  10.109 0.1111110002
102527  -44.090  -3.334  21.074 0.1111110002
117269  -43.645  -3.193  19.274 0.1111110002
111451  -41.701  -4.388  17.597 0.1111110002
55360  -41.015  -4.889  16.339 0.1111110002
106787  -41.740  -5.807  14.590 0.1111110002
54294  -41.264  -6.407  14.677 0.1111110002
54296  -43.052  -6.441  14.528 0.1111110002
120101  -43.064  -7.673  14.963 0.1111110002
117626  -42.974  -8.084  15.537 0.1111110002
52135  -44.774  -8.070  16.533 0.1111110002
56458  -51.677  -4.348  10.975 0.1111110002
120298  -53.211  -3.600  6.747 0.1111110002
57402  -54.233  -3.034  6.860 0.1111110002
58212  -43.724  -2.754  18.710 0.1111110002
57303  -42.147  -3.127  16.591 0.1111110002
57315  -41.526  -3.640  15.291 0.1111110002
58274  -42.701  -2.478  12.341 0.1111110002
55385  -42.933  -5.466  14.309 0.1111110002
116685  -47.110  -8.011  18.372 0.1111110002
57385  -52.937  -3.625  11.752 0.1111110002
57411  -53.811  -3.044  6.087 0.1111110002
58324  -53.421  -2.700  5.518 0.1111110002
53172  -45.470  -7.668  16.251 0.1111110002
53149  -47.737  -7.232  17.803 0.1111110002
61175  -45.165  0.255  16.591 0.1111110002
59285  -54.054  -1.716  4.337 0.1111110002
61131  -46.802  1.334  21.366 0.2222220004
61143  -47.295  1.377  20.414 0.2222220004
61166  -46.630  0.955  17.484 0.1111110002
60209  -47.509  -0.408  11.446 0.1111110002
61248  -51.081  0.140  11.104 0.1111110002
103985  -47.604  1.887  21.721 0.2222220004
119908  -47.661  1.272  16.593 0.1111110002
61220  -49.432  1.769  12.107 0.1111110002
62276  -50.456  1.607  11.869 0.1111110002
61237  -52.152  0.051  11.807 0.1111110002
62145  -47.695  1.944  21.372 0.2222220004
62186  -47.908  1.943  20.230 0.2222220004
122063  -47.893  1.674  18.753 0.1111110002
61168  -47.766  1.538  18.325 0.1111110002
62294  -52.161  1.028  11.463 0.1111110002
64281  -47.941  2.411  19.540 0.2222220004
62200  -48.136  1.914  18.885 0.2222220004
62213  -48.272  2.228  18.314 0.2222220004
121127  -48.497  1.931  17.451 0.1111110002
103940  -47.935  3.485  18.086 0.2222220004
64296  -48.187  2.813  18.196 0.2222220004
118771  -48.356  2.658  17.828 0.2222220004
63312  -48.512  2.921  17.277 0.2222220004
64313  -48.634  3.771  16.823 0.2222220004
63417  -53.959  2.942  6.228 0.1111110002
61363  -55.327  0.821  -0.604 0.1111110002
107641  0.979  -20.870  50.204 0.1111110002
36234  3.168  -24.102  47.550 0.1111110002
35310  2.778  -24.834  47.391 0.1111110002
34389  2.293  -25.235  47.046 0.1111110002
39424  1.496  -20.366  49.884 0.1111110002
118288  1.498  -21.086  49.851 0.1111110002
38464  2.763  -22.005  48.864 0.1111110002
36225  2.864  -23.493  48.188 0.1111110002
38463  2.880  -21.701  48.366 0.1111110002
37363  3.313  -23.179  47.494 0.1111110002
106740  3.182  -22.247  47.409 0.1111110002
35309  3.278  -24.592  46.983 0.1111110002
35334  3.061  -25.214  45.900 0.1111110002
37382  4.442  -23.151  45.413 0.1111110002
35332  4.158  -24.386  44.730 0.1111110002
37391  4.683  -22.745  44.607 0.1111110002
119288  4.902  -22.482  44.019 0.1111110002
38497  4.938  -21.059  44.197 0.1111110002
38509  5.117  -21.892  43.757 0.1111110002
39491  5.144  -20.273  43.838 0.1111110002
40519  4.316  -19.309  44.476 0.1111110002
37399  5.219  -22.083  42.811 0.1111110002
40518  4.903  -19.397  44.114 0.1111110002
41553  4.690  -18.395  44.278 0.1111110002
41566  5.236  -18.734  43.618 0.1111110002
39506  5.399  -20.391  42.840 0.1111110002
42472  4.939  -17.481  44.198 0.1111110002
118325  5.231  -18.031  43.796 0.1111110002
42474  3.825  -17.708  44.667 0.1111110002
103955  5.493  -18.948  42.849 0.1111110002
41554  4.120  -18.436  44.617 0.1111110002
40543  5.527  -19.575  42.226 0.1111110002
43382  5.260  -16.721  44.061 0.1111110002
43383  4.674  -16.798  44.512 0.1111110002
42473  4.357  -17.598  44.565 0.1111110002
42487  5.469  -17.368  43.467 0.1111110002
43384  4.007  -16.829  44.792 0.1111110002
105357  5.589  -18.173  42.880 0.1111110002
41577  5.651  -18.765  42.219 0.1111110002
121999  5.479  -14.740  44.408 0.1111110002
109015  5.199  -15.357  44.612 0.1111110002
44313  4.509  -16.012  44.750 0.1111110002
44326  5.581  -15.922  43.903 0.1111110002
43418  5.690  -16.549  43.187 0.1111110002
121236  3.439  -17.181  44.537 0.1111110002
42497  5.836  -17.200  42.385 0.1111110002
104877  5.927  -14.934  43.670 0.1111110002
44339  6.003  -15.696  42.861 0.1111110002
43431  5.993  -16.503  41.522 0.1111110002
43385  3.227  -16.494  44.494 0.1111110002
119576  -54.423  -0.360  -0.422 0.1111110002
60308  -54.527  -0.250  -1.180 0.1111110002
60296  -53.921  -0.636  -0.708 0.1111110002
61362  -55.118  0.299  -1.160 0.1111110002
61371  -55.008  0.265  -1.822 0.1111110002
60306  -52.983  -0.677  -2.118 0.1111110002
60317  -54.337  -0.199  -1.929 0.1111110002
60316  -53.696  -0.338  -2.353 0.1111110002
110920  -45.150  0.349  24.186 0.1111110002
61083  -46.035  1.916  23.763 0.1111110002
61386  -55.349  0.956  -3.173 0.1111110002
60315  -52.878  -0.507  -2.646 0.1111110002
61379  -54.674  0.302  -2.648 0.1111110002
112186  -53.496  4.680  7.293 0.1111110002
122866  -53.217  5.621  7.587 0.1111110002
61385  -54.899  0.640  -3.828 0.1111110002
61378  -53.747  0.085  -3.081 0.1111110002
65356  -53.318  5.373  7.086 0.1111110002
104978  -55.027  2.903  -3.505 0.1111110002
62464  -55.258  1.377  -4.392 0.1111110002
63525  -45.702  2.154  -0.742 0.1111110002
63540  -45.732  3.017  -1.159 0.1111110002
62434  -43.174  1.312  0.474 0.1111110002
62442  -44.221  1.875  -0.085 0.1111110002
109016  -44.937  1.916  -0.427 0.1111110002
107749  -46.663  3.078  -1.719 0.1111110002
116099  -44.418  2.484  -0.421 0.1111110002
64485  -45.878  3.577  -1.795 0.1111110002
64506  -47.994  3.315  -2.638 0.1111110002
64505  -47.142  3.445  -2.476 0.1111110002
64525  -47.504  3.729  -3.139 0.1111110002
64526  -48.284  3.614  -3.425 0.1111110002
64544  -49.377  3.599  -4.316 0.1111110002
119777  -43.584  1.875  0.221 0.1111110002
63539  -44.935  3.262  -1.130 0.1111110002
64504  -46.303  3.775  -2.396 0.1111110002
64523  -45.881  4.216  -3.154 0.1111110002
117119  -46.434  4.128  -3.766 0.1111110002
64524  -47.023  3.997  -3.826 0.1111110002
64543  -48.011  3.941  -4.326 0.1111110002
117670  -48.737  3.769  -4.023 0.1111110002
63523  -43.638  2.661  -0.141 0.1111110002
64585  -53.546  4.087  -7.985 0.1111110002
64468  -44.242  3.212  -0.803 0.1111110002
65475  -51.204  4.023  -7.319 0.1111110002
64542  -47.268  4.053  -4.544 0.1111110002
64574  -50.566  3.858  -6.458 0.1111110002
64575  -51.645  3.565  -6.786 0.1111110002
64560  -49.392  3.825  -5.258 0.1111110002
64561  -50.234  3.625  -5.633 0.1111110002
119781  -50.923  3.385  -6.045 0.1111110002
66347  -53.521  5.494  -7.948 0.1111110002
65488  -53.416  4.980  -8.278 0.1111110002
65487  -53.147  4.418  -8.359 0.1111110002
64584  -53.242  3.741  -7.933 0.1111110002
65486  -51.833  4.058  -8.286 0.1111110002
64583  -52.366  3.670  -7.765 0.1111110002
64573  -49.550  3.983  -6.216 0.1111110002
65498  -52.335  4.716  -8.896 0.1111110002
51764  -29.820  -7.963  42.608 0.1111110002
51765  -30.448  -7.798  41.979 0.1111110002
102259  -33.046  -3.892  15.809 0.1111110002
61071  -44.930  0.724  24.401 0.1111110002
56010  -7.482  -4.114  48.064 0.1111110002
38498  4.797  -21.859  44.503 0.1111110002
113654  4.183  -23.385  46.146 0.1111110002
39477  4.601  -20.237  44.392 0.1111110002
118780  0.540  -15.425  49.645 0.1111110002
56011  -8.259  -4.092  47.917 0.1111110002
66256  -52.956  5.982  7.110 0.1111110002
61384  -53.850  0.320  -4.039 0.1111110002
61377  -52.753  -0.100  -3.278 0.1111110002
61099  -45.606  0.895  23.456 0.1111110002
62426  -55.470  1.811  1.356 0.1111110002
36246  3.696  -23.860  46.784 0.1111110002
35322  3.563  -24.693  46.328 0.1111110002
37355  2.955  -22.569  48.211 0.1111110002
36255  4.171  -24.079  46.023 0.1111110002
36263  4.516  -23.731  44.500 0.1111110002
38508  5.261  -21.166  43.350 0.1111110002
40531  5.331  -19.527  43.310 0.1111110002
44312  5.070  -16.165  44.442 0.1111110002
41585  5.559  -19.002  41.427 0.1111110002
40552  5.430  -19.936  41.113 0.1111110002
44314  3.755  -15.873  44.825 0.1111110002
103557  5.763  -18.076  41.722 0.1111110002
108936  6.005  -16.322  42.322 0.1111110002
44356  6.153  -15.583  41.539 0.1111110002
63524  -44.995  2.674  -0.764 0.1111110002
63501  -42.919  2.207  0.329 0.1111110002
64503  -45.455  4.056  -2.302 0.1111110002
64483  -44.558  3.722  -1.350 0.1111110002
118845  -46.729  3.928  -3.084 0.1111110002
106220  -47.601  3.915  -3.848 0.1111110002
64540  -45.934  4.246  -4.094 0.1111110002
64559  -48.587  3.930  -4.856 0.1111110002
64558  -47.602  4.067  -5.309 0.1111110002
65499  -53.130  5.366  -8.997 0.1111110002
119752  -52.716  4.010  -8.301 0.1111110002
35300  2.552  -24.357  48.054 0.1111110002
35323  2.935  -25.120  46.672 0.1111110002
36254  4.354  -24.000  45.360 0.1111110002
36272  4.722  -23.209  43.820 0.1111110002
39468  1.019  -21.068  45.703 0.4444440007
39469  0.354  -20.680  45.425 0.1111110002
39494  0.532  -20.927  43.744 0.2222220004
40470  1.867  -19.196  49.540 0.4444440007
42450  1.887  -17.141  46.366 0.5555559993
43394  -24.267  -15.496  43.888 0.1111110002
43398  -27.698  -15.404  44.530 0.1111110002
43416  -29.565  -15.490  43.698 0.1111110002
43429  -26.719  -15.645  42.958 0.1111110002
44291  1.029  -15.572  46.353 0.5555559993
44321  -28.300  -15.273  44.867 0.1111110002
44322  -28.893  -15.239  44.732 0.1111110002
45291  -26.383  -14.278  45.947 0.1111110002
45306  -28.522  -14.729  45.215 0.1111110002
45324  -30.484  -14.990  44.066 0.1111110002
45329  -2.869  -14.872  43.893 0.5555559993
47445  0.650  -12.115  49.393 0.4444440007
47502  -3.837  -12.658  44.694 0.7777780294
48592  -1.534  -11.561  46.996 0.5555559993
49562  -0.706  -9.813  50.644 0.3333329856
49661  -6.863  -10.486  41.628 0.7777780294
50608  -1.537  -9.493  50.068 0.2222220004
51722  -25.776  -9.232  45.140 0.3333329856
52848  -32.880  -7.107  41.416 0.2222220004
53839  -2.740  -6.598  49.024 0.2222220004
53871  -23.196  -7.715  46.122 0.3333329856
54211  -50.096  -6.774  21.889 0.1111110002
55013  -30.982  -5.247  41.996 0.4444440007
55998  -12.417  -4.631  48.763 0.1111110002
56015  -16.671  -5.436  47.245 0.5555559993
56090  -31.939  -5.006  41.094 0.4444440007
58037  -35.297  -2.746  38.025 0.2222220004
58925  -35.263  -2.185  36.287 0.3333329856
59912  -36.107  -1.229  35.542 0.3333329856
60922  -36.954  -0.695  34.003 0.2222220004
60939  -37.321  -0.137  33.134 0.3333329856
62024  -37.375  0.064  32.439 0.3333329856
62039  -37.677  0.370  31.806 0.3333329856
62054  -39.544  0.439  30.608 0.3333329856
62166  -47.716  1.806  20.891 0.2222220004
64258  -47.385  2.636  21.276 0.2222220004
64267  -47.601  2.504  20.818 0.2222220004
64305  -48.348  3.287  17.494 0.2222220004
102623  -39.855  0.343  29.664 0.3333329856
103058  -25.976  -15.755  42.331 0.1111110002
106293  -1.104  -11.775  51.123 0.1111110002
117493  -51.158  -6.780  20.360 0.1111110002
118480  4.328  -23.661  45.751 0.1111110002
118638  -38.952  0.454  31.160 0.3333329856
119540  -37.502  -2.524  24.493 0.7777780294
119982  -27.361  -15.556  42.729 0.1111110002
120786  2.905  -16.625  48.088 0.4444440007
121233  -21.351  -9.632  41.822 1.0000000000
121462  -33.474  -3.147  12.482 0.1111110002
121657  -24.180  -8.650  46.145 0.3333329856
121675  2.412  -18.182  49.066 0.4444440007
121800  -40.225  -1.011  24.721 0.6666669846
122015  -23.090  -15.051  44.408 0.1111110002
122924  -31.235  -8.718  36.749 0.8888890147
