
Mon Mar  9 10:20:14 CET 2026
cd /out/sourcedata/freesurfer/sub-v1s21x0050407_ses-1
setenv SUBJECTS_DIR /out/sourcedata/freesurfer
/opt/freesurfer/bin/recon-all -autorecon1 -i /work/fmriprep_25_2_wf/sub_v1s21x0050407_ses_1_wf/anat_fit_wf/anat_validate/sub-v1s21x0050407_ses-1_T1w_noise_corrected_ras_valid.nii.gz -noskullstrip -noT2pial -noFLAIRpial -openmp 16 -subjid sub-v1s21x0050407_ses-1 -sd /out/sourcedata/freesurfer

subjid sub-v1s21x0050407_ses-1
setenv SUBJECTS_DIR /out/sourcedata/freesurfer
FREESURFER_HOME /opt/freesurfer
Actual FREESURFER_HOME /opt/freesurfer
build-stamp.txt: freesurfer-linux-ubuntu22_x86_64-7.3.2-20220804-6354275
Linux dna030 5.14.0-427.37.1.el9_4.x86_64 #1 SMP PREEMPT_DYNAMIC Fri Sep 13 12:41:50 EDT 2024 x86_64 x86_64 x86_64 GNU/Linux
cputime      unlimited
filesize     unlimited
datasize     unlimited
stacksize    8192 kbytes
coredumpsize 0 kbytes
memoryuse    67108864 kbytes
vmemoryuse   unlimited
descriptors  1024 
memorylocked unlimited
maxproc      2061970 
maxlocks     unlimited
maxsignal    2061970 
maxmessage   819200 
maxnice      0 
maxrtprio    0 
maxrttime    unlimited

               total        used        free      shared  buff/cache   available
Mem:           503Gi        43Gi       364Gi       7.4Gi        95Gi       449Gi
Swap:             0B          0B          0B

########################################
program versions used
7.3.2 (freesurfer-linux-ubuntu22_x86_64-7.3.2-20220804-6354275)
7.3.2

ProgramName: lta_convert  ProgramArguments: lta_convert -all-info  ProgramVersion: 7.3.2  TimeStamp: 2026/03/09-09:20:14-GMT  BuildTime: Aug  4 2022 06:17:15  BuildStamp: freesurfer-linux-ubuntu22_x86_64-7.3.2-20220804-6354275  User: oesteban  Machine: dna030  Platform: Linux  PlatformVersion: 5.14.0-427.37.1.el9_4.x86_64  CompilerName: GCC  CompilerVersion: 8.4.0
ProgramName: mri_and  ProgramArguments: mri_and -all-info  ProgramVersion: 7.3.2  TimeStamp: 2026/03/09-09:20:14-GMT  BuildTime: Aug  4 2022 06:17:15  BuildStamp: freesurfer-linux-ubuntu22_x86_64-7.3.2-20220804-6354275  User: oesteban  Machine: dna030  Platform: Linux  PlatformVersion: 5.14.0-427.37.1.el9_4.x86_64  CompilerName: GCC  CompilerVersion: 8.4.0
ProgramName: mri_annotation2label  ProgramArguments: mri_annotation2label -all-info  ProgramVersion: 7.3.2  TimeStamp: 2026/03/09-09:20:14-GMT  BuildTime: Aug  4 2022 06:17:15  BuildStamp: freesurfer-linux-ubuntu22_x86_64-7.3.2-20220804-6354275  User: oesteban  Machine: dna030  Platform: Linux  PlatformVersion: 5.14.0-427.37.1.el9_4.x86_64  CompilerName: GCC  CompilerVersion: 8.4.0
ProgramName: mri_aparc2aseg  ProgramArguments: mri_aparc2aseg -all-info  ProgramVersion: 7.3.2  TimeStamp: 2026/03/09-09:20:14-GMT  BuildTime: Aug  4 2022 06:17:15  BuildStamp: freesurfer-linux-ubuntu22_x86_64-7.3.2-20220804-6354275  User: oesteban  Machine: dna030  Platform: Linux  PlatformVersion: 5.14.0-427.37.1.el9_4.x86_64  CompilerName: GCC  CompilerVersion: 8.4.0
ProgramName: mri_surf2volseg  ProgramArguments: mri_surf2volseg -all-info  ProgramVersion: 7.3.2  TimeStamp: 2026/03/09-09:20:14-GMT  BuildTime: Aug  4 2022 06:17:15  BuildStamp: freesurfer-linux-ubuntu22_x86_64-7.3.2-20220804-6354275  User: oesteban  Machine: dna030  Platform: Linux  PlatformVersion: 5.14.0-427.37.1.el9_4.x86_64  CompilerName: GCC  CompilerVersion: 8.4.0
ProgramName: mri_binarize  ProgramArguments: mri_binarize -all-info  ProgramVersion: 7.3.2  TimeStamp: 2026/03/09-09:20:14-GMT  BuildTime: Aug  4 2022 06:17:15  BuildStamp: freesurfer-linux-ubuntu22_x86_64-7.3.2-20220804-6354275  User: oesteban  Machine: dna030  Platform: Linux  PlatformVersion: 5.14.0-427.37.1.el9_4.x86_64  CompilerName: GCC  CompilerVersion: 8.4.0
ProgramName: mri_ca_label  ProgramArguments: mri_ca_label -all-info  ProgramVersion: 7.3.2  TimeStamp: 2026/03/09-09:20:14-GMT  BuildTime: Aug  4 2022 06:17:15  BuildStamp: freesurfer-linux-ubuntu22_x86_64-7.3.2-20220804-6354275  User: oesteban  Machine: dna030  Platform: Linux  PlatformVersion: 5.14.0-427.37.1.el9_4.x86_64  CompilerName: GCC  CompilerVersion: 8.4.0
ProgramName: mri_ca_normalize  ProgramArguments: mri_ca_normalize -all-info  ProgramVersion: 7.3.2  TimeStamp: 2026/03/09-09:20:14-GMT  BuildTime: Aug  4 2022 06:17:15  BuildStamp: freesurfer-linux-ubuntu22_x86_64-7.3.2-20220804-6354275  User: oesteban  Machine: dna030  Platform: Linux  PlatformVersion: 5.14.0-427.37.1.el9_4.x86_64  CompilerName: GCC  CompilerVersion: 8.4.0
ProgramName: mri_ca_register  ProgramArguments: mri_ca_register -all-info  ProgramVersion: 7.3.2  TimeStamp: 2026/03/09-09:20:14-GMT  BuildTime: Aug  4 2022 06:17:15  BuildStamp: freesurfer-linux-ubuntu22_x86_64-7.3.2-20220804-6354275  User: oesteban  Machine: dna030  Platform: Linux  PlatformVersion: 5.14.0-427.37.1.el9_4.x86_64  CompilerName: GCC  CompilerVersion: 8.4.0
ProgramName: mri_cc  ProgramArguments: mri_cc -all-info  ProgramVersion: 7.3.2  TimeStamp: 2026/03/09-09:20:14-GMT  BuildTime: Aug  4 2022 06:17:15  BuildStamp: freesurfer-linux-ubuntu22_x86_64-7.3.2-20220804-6354275  User: oesteban  Machine: dna030  Platform: Linux  PlatformVersion: 5.14.0-427.37.1.el9_4.x86_64  CompilerName: GCC  CompilerVersion: 8.4.0
ProgramName: mri_compute_overlap  ProgramArguments: mri_compute_overlap -all-info  ProgramVersion: 7.3.2  TimeStamp: 2026/03/09-09:20:14-GMT  BuildTime: Aug  4 2022 06:17:15  BuildStamp: freesurfer-linux-ubuntu22_x86_64-7.3.2-20220804-6354275  User: oesteban  Machine: dna030  Platform: Linux  PlatformVersion: 5.14.0-427.37.1.el9_4.x86_64  CompilerName: GCC  CompilerVersion: 8.4.0
ProgramName: mri_compute_seg_overlap  ProgramArguments: mri_compute_seg_overlap -all-info  ProgramVersion: 7.3.2  TimeStamp: 2026/03/09-09:20:14-GMT  BuildTime: Aug  4 2022 06:17:15  BuildStamp: freesurfer-linux-ubuntu22_x86_64-7.3.2-20220804-6354275  User: oesteban  Machine: dna030  Platform: Linux  PlatformVersion: 5.14.0-427.37.1.el9_4.x86_64  CompilerName: GCC  CompilerVersion: 8.4.0
ProgramName: mri_concat  ProgramArguments: mri_concat -all-info  ProgramVersion: 7.3.2  TimeStamp: 2026/03/09-09:20:14-GMT  BuildTime: Aug  4 2022 06:17:15  BuildStamp: freesurfer-linux-ubuntu22_x86_64-7.3.2-20220804-6354275  User: oesteban  Machine: dna030  Platform: Linux  PlatformVersion: 5.14.0-427.37.1.el9_4.x86_64  CompilerName: GCC  CompilerVersion: 8.4.0
ProgramName: mri_concatenate_lta  ProgramArguments: mri_concatenate_lta -all-info  ProgramVersion: 7.3.2  TimeStamp: 2026/03/09-09:20:14-GMT  BuildTime: Aug  4 2022 06:17:15  BuildStamp: freesurfer-linux-ubuntu22_x86_64-7.3.2-20220804-6354275  User: oesteban  Machine: dna030  Platform: Linux  PlatformVersion: 5.14.0-427.37.1.el9_4.x86_64  CompilerName: GCC  CompilerVersion: 8.4.0
mri_convert -all-info 
ProgramName: mri_convert  ProgramArguments: mri_convert -all-info  ProgramVersion: 7.3.2  TimeStamp: 2026/03/09-09:20:14-GMT  BuildTime: Aug  4 2022 06:17:15  BuildStamp: freesurfer-linux-ubuntu22_x86_64-7.3.2-20220804-6354275  User: oesteban  Machine: dna030  Platform: Linux  PlatformVersion: 5.14.0-427.37.1.el9_4.x86_64  CompilerName: GCC  CompilerVersion: 8.4.0
ProgramName: mri_diff  ProgramArguments: mri_diff -all-info  ProgramVersion: 7.3.2  TimeStamp: 2026/03/09-09:20:14-GMT  BuildTime: Aug  4 2022 06:17:15  BuildStamp: freesurfer-linux-ubuntu22_x86_64-7.3.2-20220804-6354275  User: oesteban  Machine: dna030  Platform: Linux  PlatformVersion: 5.14.0-427.37.1.el9_4.x86_64  CompilerName: GCC  CompilerVersion: 8.4.0
ProgramName: mri_edit_wm_with_aseg  ProgramArguments: mri_edit_wm_with_aseg -all-info  ProgramVersion: 7.3.2  TimeStamp: 2026/03/09-09:20:14-GMT  BuildTime: Aug  4 2022 06:17:15  BuildStamp: freesurfer-linux-ubuntu22_x86_64-7.3.2-20220804-6354275  User: oesteban  Machine: dna030  Platform: Linux  PlatformVersion: 5.14.0-427.37.1.el9_4.x86_64  CompilerName: GCC  CompilerVersion: 8.4.0
ProgramName: mri_em_register  ProgramArguments: mri_em_register -all-info  ProgramVersion: 7.3.2  TimeStamp: 2026/03/09-09:20:14-GMT  BuildTime: Aug  4 2022 06:17:15  BuildStamp: freesurfer-linux-ubuntu22_x86_64-7.3.2-20220804-6354275  User: oesteban  Machine: dna030  Platform: Linux  PlatformVersion: 5.14.0-427.37.1.el9_4.x86_64  CompilerName: GCC  CompilerVersion: 8.4.0
ProgramName: mri_fill  ProgramArguments: mri_fill -all-info  ProgramVersion: 7.3.2  TimeStamp: 2026/03/09-09:20:14-GMT  BuildTime: Aug  4 2022 06:17:15  BuildStamp: freesurfer-linux-ubuntu22_x86_64-7.3.2-20220804-6354275  User: oesteban  Machine: dna030  Platform: Linux  PlatformVersion: 5.14.0-427.37.1.el9_4.x86_64  CompilerName: GCC  CompilerVersion: 8.4.0
ProgramName: mri_fuse_segmentations  ProgramArguments: mri_fuse_segmentations -all-info  ProgramVersion: 7.3.2  TimeStamp: 2026/03/09-09:20:14-GMT  BuildTime: Aug  4 2022 06:17:15  BuildStamp: freesurfer-linux-ubuntu22_x86_64-7.3.2-20220804-6354275  User: oesteban  Machine: dna030  Platform: Linux  PlatformVersion: 5.14.0-427.37.1.el9_4.x86_64  CompilerName: GCC  CompilerVersion: 8.4.0
ProgramName: mri_fwhm  ProgramArguments: mri_fwhm -all-info  ProgramVersion: 7.3.2  TimeStamp: 2026/03/09-09:20:14-GMT  BuildTime: Aug  4 2022 06:17:15  BuildStamp: freesurfer-linux-ubuntu22_x86_64-7.3.2-20220804-6354275  User: oesteban  Machine: dna030  Platform: Linux  PlatformVersion: 5.14.0-427.37.1.el9_4.x86_64  CompilerName: GCC  CompilerVersion: 8.4.0
ProgramName: mri_gcut  ProgramArguments: mri_gcut -all-info  ProgramVersion: 7.3.2  TimeStamp: 2026/03/09-09:20:14-GMT  BuildTime: Aug  4 2022 06:17:15  BuildStamp: freesurfer-linux-ubuntu22_x86_64-7.3.2-20220804-6354275  User: oesteban  Machine: dna030  Platform: Linux  PlatformVersion: 5.14.0-427.37.1.el9_4.x86_64  CompilerName: GCC  CompilerVersion: 8.4.0
ProgramName: mri_info  ProgramArguments: mri_info -all-info  ProgramVersion: 7.3.2  TimeStamp: 2026/03/09-09:20:14-GMT  BuildTime: Aug  4 2022 06:17:15  BuildStamp: freesurfer-linux-ubuntu22_x86_64-7.3.2-20220804-6354275  User: oesteban  Machine: dna030  Platform: Linux  PlatformVersion: 5.14.0-427.37.1.el9_4.x86_64  CompilerName: GCC  CompilerVersion: 8.4.0
ProgramName: mri_label2label  ProgramArguments: mri_label2label -all-info  ProgramVersion: 7.3.2  TimeStamp: 2026/03/09-09:20:14-GMT  BuildTime: Aug  4 2022 06:17:15  BuildStamp: freesurfer-linux-ubuntu22_x86_64-7.3.2-20220804-6354275  User: oesteban  Machine: dna030  Platform: Linux  PlatformVersion: 5.14.0-427.37.1.el9_4.x86_64  CompilerName: GCC  CompilerVersion: 8.4.0
ProgramName: mri_label2vol  ProgramArguments: mri_label2vol -all-info  ProgramVersion: 7.3.2  TimeStamp: 2026/03/09-09:20:14-GMT  BuildTime: Aug  4 2022 06:17:15  BuildStamp: freesurfer-linux-ubuntu22_x86_64-7.3.2-20220804-6354275  User: oesteban  Machine: dna030  Platform: Linux  PlatformVersion: 5.14.0-427.37.1.el9_4.x86_64  CompilerName: GCC  CompilerVersion: 8.4.0
ProgramName: mri_log_likelihood  ProgramArguments: mri_log_likelihood -all-info  ProgramVersion: 7.3.2  TimeStamp: 2026/03/09-09:20:14-GMT  BuildTime: Aug  4 2022 06:17:15  BuildStamp: freesurfer-linux-ubuntu22_x86_64-7.3.2-20220804-6354275  User: oesteban  Machine: dna030  Platform: Linux  PlatformVersion: 5.14.0-427.37.1.el9_4.x86_64  CompilerName: GCC  CompilerVersion: 8.4.0
ProgramName: mri_mask  ProgramArguments: mri_mask -all-info  ProgramVersion: 7.3.2  TimeStamp: 2026/03/09-09:20:14-GMT  BuildTime: Aug  4 2022 06:17:15  BuildStamp: freesurfer-linux-ubuntu22_x86_64-7.3.2-20220804-6354275  User: oesteban  Machine: dna030  Platform: Linux  PlatformVersion: 5.14.0-427.37.1.el9_4.x86_64  CompilerName: GCC  CompilerVersion: 8.4.0
ProgramName: mri_matrix_multiply  ProgramArguments: mri_matrix_multiply -all-info  ProgramVersion: 7.3.2  TimeStamp: 2026/03/09-09:20:14-GMT  BuildTime: Aug  4 2022 06:17:15  BuildStamp: freesurfer-linux-ubuntu22_x86_64-7.3.2-20220804-6354275  User: oesteban  Machine: dna030  Platform: Linux  PlatformVersion: 5.14.0-427.37.1.el9_4.x86_64  CompilerName: GCC  CompilerVersion: 8.4.0
ProgramName: mri_normalize  ProgramArguments: mri_normalize -all-info  ProgramVersion: 7.3.2  TimeStamp: 2026/03/09-09:20:14-GMT  BuildTime: Aug  4 2022 06:17:15  BuildStamp: freesurfer-linux-ubuntu22_x86_64-7.3.2-20220804-6354275  User: oesteban  Machine: dna030  Platform: Linux  PlatformVersion: 5.14.0-427.37.1.el9_4.x86_64  CompilerName: GCC  CompilerVersion: 8.4.0
ProgramName: mri_normalize_tp2  ProgramArguments: mri_normalize_tp2 -all-info  ProgramVersion: 7.3.2  TimeStamp: 2026/03/09-09:20:14-GMT  BuildTime: Aug  4 2022 06:17:15  BuildStamp: freesurfer-linux-ubuntu22_x86_64-7.3.2-20220804-6354275  User: oesteban  Machine: dna030  Platform: Linux  PlatformVersion: 5.14.0-427.37.1.el9_4.x86_64  CompilerName: GCC  CompilerVersion: 8.4.0
ProgramName: mri_or  ProgramArguments: mri_or -all-info  ProgramVersion: 7.3.2  TimeStamp: 2026/03/09-09:20:14-GMT  BuildTime: Aug  4 2022 06:17:15  BuildStamp: freesurfer-linux-ubuntu22_x86_64-7.3.2-20220804-6354275  User: oesteban  Machine: dna030  Platform: Linux  PlatformVersion: 5.14.0-427.37.1.el9_4.x86_64  CompilerName: GCC  CompilerVersion: 8.4.0
ProgramName: mri_relabel_hypointensities  ProgramArguments: mri_relabel_hypointensities -all-info  ProgramVersion: 7.3.2  TimeStamp: 2026/03/09-09:20:14-GMT  BuildTime: Aug  4 2022 06:17:15  BuildStamp: freesurfer-linux-ubuntu22_x86_64-7.3.2-20220804-6354275  User: oesteban  Machine: dna030  Platform: Linux  PlatformVersion: 5.14.0-427.37.1.el9_4.x86_64  CompilerName: GCC  CompilerVersion: 8.4.0
ProgramName: mri_relabel_nonwm_hypos  ProgramArguments: mri_relabel_nonwm_hypos -all-info  ProgramVersion: 7.3.2  TimeStamp: 2026/03/09-09:20:14-GMT  BuildTime: Aug  4 2022 06:17:15  BuildStamp: freesurfer-linux-ubuntu22_x86_64-7.3.2-20220804-6354275  User: oesteban  Machine: dna030  Platform: Linux  PlatformVersion: 5.14.0-427.37.1.el9_4.x86_64  CompilerName: GCC  CompilerVersion: 8.4.0
ProgramName: mri_remove_neck  ProgramArguments: mri_remove_neck -all-info  ProgramVersion: 7.3.2  TimeStamp: 2026/03/09-09:20:14-GMT  BuildTime: Aug  4 2022 06:17:15  BuildStamp: freesurfer-linux-ubuntu22_x86_64-7.3.2-20220804-6354275  User: oesteban  Machine: dna030  Platform: Linux  PlatformVersion: 5.14.0-427.37.1.el9_4.x86_64  CompilerName: GCC  CompilerVersion: 8.4.0
7.3.2

ProgramName: mri_robust_register  ProgramArguments: mri_robust_register -all-info  ProgramVersion: 7.3.2  TimeStamp: 2026/03/09-09:20:14-GMT  BuildTime: Aug  4 2022 06:17:15  BuildStamp: freesurfer-linux-ubuntu22_x86_64-7.3.2-20220804-6354275  User: oesteban  Machine: dna030  Platform: Linux  PlatformVersion: 5.14.0-427.37.1.el9_4.x86_64  CompilerName: GCC  CompilerVersion: 8.4.0
7.3.2

ProgramName: mri_robust_template  ProgramArguments: mri_robust_template -all-info  ProgramVersion: 7.3.2  TimeStamp: 2026/03/09-09:20:15-GMT  BuildTime: Aug  4 2022 06:17:15  BuildStamp: freesurfer-linux-ubuntu22_x86_64-7.3.2-20220804-6354275  User: oesteban  Machine: dna030  Platform: Linux  PlatformVersion: 5.14.0-427.37.1.el9_4.x86_64  CompilerName: GCC  CompilerVersion: 8.4.0
ProgramName: mris_anatomical_stats  ProgramArguments: mris_anatomical_stats -all-info  ProgramVersion: 7.3.2  TimeStamp: 2026/03/09-09:20:15-GMT  BuildTime: Aug  4 2022 06:17:15  BuildStamp: freesurfer-linux-ubuntu22_x86_64-7.3.2-20220804-6354275  User: oesteban  Machine: dna030  Platform: Linux  PlatformVersion: 5.14.0-427.37.1.el9_4.x86_64  CompilerName: GCC  CompilerVersion: 8.4.0
ProgramName: mris_ca_label  ProgramArguments: mris_ca_label -all-info  ProgramVersion: 7.3.2  TimeStamp: 2026/03/09-09:20:15-GMT  BuildTime: Aug  4 2022 06:17:15  BuildStamp: freesurfer-linux-ubuntu22_x86_64-7.3.2-20220804-6354275  User: oesteban  Machine: dna030  Platform: Linux  PlatformVersion: 5.14.0-427.37.1.el9_4.x86_64  CompilerName: GCC  CompilerVersion: 8.4.0
ProgramName: mris_calc  ProgramArguments: mris_calc -all-info  ProgramVersion: 7.3.2  TimeStamp: 2026/03/09-09:20:15-GMT  BuildTime: Aug  4 2022 06:17:15  BuildStamp: freesurfer-linux-ubuntu22_x86_64-7.3.2-20220804-6354275  User: oesteban  Machine: dna030  Platform: Linux  PlatformVersion: 5.14.0-427.37.1.el9_4.x86_64  CompilerName: GCC  CompilerVersion: 8.4.0
ProgramName: mris_convert  ProgramArguments: mris_convert -all-info  ProgramVersion: 7.3.2  TimeStamp: 2026/03/09-09:20:15-GMT  BuildTime: Aug  4 2022 06:17:15  BuildStamp: freesurfer-linux-ubuntu22_x86_64-7.3.2-20220804-6354275  User: oesteban  Machine: dna030  Platform: Linux  PlatformVersion: 5.14.0-427.37.1.el9_4.x86_64  CompilerName: GCC  CompilerVersion: 8.4.0
ProgramName: mris_curvature  ProgramArguments: mris_curvature -all-info  ProgramVersion: 7.3.2  TimeStamp: 2026/03/09-09:20:15-GMT  BuildTime: Aug  4 2022 06:17:15  BuildStamp: freesurfer-linux-ubuntu22_x86_64-7.3.2-20220804-6354275  User: oesteban  Machine: dna030  Platform: Linux  PlatformVersion: 5.14.0-427.37.1.el9_4.x86_64  CompilerName: GCC  CompilerVersion: 8.4.0
ProgramName: mris_curvature_stats  ProgramArguments: mris_curvature_stats -all-info  ProgramVersion: 7.3.2  TimeStamp: 2026/03/09-09:20:15-GMT  BuildTime: Aug  4 2022 06:17:15  BuildStamp: freesurfer-linux-ubuntu22_x86_64-7.3.2-20220804-6354275  User: oesteban  Machine: dna030  Platform: Linux  PlatformVersion: 5.14.0-427.37.1.el9_4.x86_64  CompilerName: GCC  CompilerVersion: 8.4.0
ProgramName: mris_diff  ProgramArguments: mris_diff -all-info  ProgramVersion: 7.3.2  TimeStamp: 2026/03/09-09:20:15-GMT  BuildTime: Aug  4 2022 06:17:15  BuildStamp: freesurfer-linux-ubuntu22_x86_64-7.3.2-20220804-6354275  User: oesteban  Machine: dna030  Platform: Linux  PlatformVersion: 5.14.0-427.37.1.el9_4.x86_64  CompilerName: GCC  CompilerVersion: 8.4.0
ProgramName: mris_divide_parcellation  ProgramArguments: mris_divide_parcellation -all-info  ProgramVersion: 7.3.2  TimeStamp: 2026/03/09-09:20:15-GMT  BuildTime: Aug  4 2022 06:17:15  BuildStamp: freesurfer-linux-ubuntu22_x86_64-7.3.2-20220804-6354275  User: oesteban  Machine: dna030  Platform: Linux  PlatformVersion: 5.14.0-427.37.1.el9_4.x86_64  CompilerName: GCC  CompilerVersion: 8.4.0
ProgramName: mri_segment  ProgramArguments: mri_segment -all-info  ProgramVersion: 7.3.2  TimeStamp: 2026/03/09-09:20:15-GMT  BuildTime: Aug  4 2022 06:17:15  BuildStamp: freesurfer-linux-ubuntu22_x86_64-7.3.2-20220804-6354275  User: oesteban  Machine: dna030  Platform: Linux  PlatformVersion: 5.14.0-427.37.1.el9_4.x86_64  CompilerName: GCC  CompilerVersion: 8.4.0
ProgramName: mri_segstats  ProgramArguments: mri_segstats -all-info  ProgramVersion: 7.3.2  TimeStamp: 2026/03/09-09:20:15-GMT  BuildTime: Aug  4 2022 06:17:15  BuildStamp: freesurfer-linux-ubuntu22_x86_64-7.3.2-20220804-6354275  User: oesteban  Machine: dna030  Platform: Linux  PlatformVersion: 5.14.0-427.37.1.el9_4.x86_64  CompilerName: GCC  CompilerVersion: 8.4.0
ProgramName: mris_euler_number  ProgramArguments: mris_euler_number -all-info  ProgramVersion: 7.3.2  TimeStamp: 2026/03/09-09:20:15-GMT  BuildTime: Aug  4 2022 06:17:15  BuildStamp: freesurfer-linux-ubuntu22_x86_64-7.3.2-20220804-6354275  User: oesteban  Machine: dna030  Platform: Linux  PlatformVersion: 5.14.0-427.37.1.el9_4.x86_64  CompilerName: GCC  CompilerVersion: 8.4.0
ProgramName: mris_fix_topology  ProgramArguments: mris_fix_topology -all-info  ProgramVersion: 7.3.2  TimeStamp: 2026/03/09-09:20:15-GMT  BuildTime: Aug  4 2022 06:17:15  BuildStamp: freesurfer-linux-ubuntu22_x86_64-7.3.2-20220804-6354275  User: oesteban  Machine: dna030  Platform: Linux  PlatformVersion: 5.14.0-427.37.1.el9_4.x86_64  CompilerName: GCC  CompilerVersion: 8.4.0
ProgramName: mris_topo_fixer  ProgramArguments: mris_topo_fixer -all-info  ProgramVersion: 7.3.2  TimeStamp: 2026/03/09-09:20:15-GMT  BuildTime: Aug  4 2022 06:17:15  BuildStamp: freesurfer-linux-ubuntu22_x86_64-7.3.2-20220804-6354275  User: oesteban  Machine: dna030  Platform: Linux  PlatformVersion: 5.14.0-427.37.1.el9_4.x86_64  CompilerName: GCC  CompilerVersion: 8.4.0
ProgramName: mris_jacobian  ProgramArguments: mris_jacobian -all-info  ProgramVersion: 7.3.2  TimeStamp: 2026/03/09-09:20:15-GMT  BuildTime: Aug  4 2022 06:17:15  BuildStamp: freesurfer-linux-ubuntu22_x86_64-7.3.2-20220804-6354275  User: oesteban  Machine: dna030  Platform: Linux  PlatformVersion: 5.14.0-427.37.1.el9_4.x86_64  CompilerName: GCC  CompilerVersion: 8.4.0
ProgramName: mris_label2annot  ProgramArguments: mris_label2annot -all-info  ProgramVersion: 7.3.2  TimeStamp: 2026/03/09-09:20:15-GMT  BuildTime: Aug  4 2022 06:17:15  BuildStamp: freesurfer-linux-ubuntu22_x86_64-7.3.2-20220804-6354275  User: oesteban  Machine: dna030  Platform: Linux  PlatformVersion: 5.14.0-427.37.1.el9_4.x86_64  CompilerName: GCC  CompilerVersion: 8.4.0
ProgramName: mris_left_right_register  ProgramArguments: mris_left_right_register -all-info  ProgramVersion: 7.3.2  TimeStamp: 2026/03/09-09:20:15-GMT  BuildTime: Aug  4 2022 06:17:15  BuildStamp: freesurfer-linux-ubuntu22_x86_64-7.3.2-20220804-6354275  User: oesteban  Machine: dna030  Platform: Linux  PlatformVersion: 5.14.0-427.37.1.el9_4.x86_64  CompilerName: GCC  CompilerVersion: 8.4.0
ProgramName: mris_place_surface  ProgramArguments: mris_place_surface -all-info  ProgramVersion: 7.3.2  TimeStamp: 2026/03/09-09:20:15-GMT  BuildTime: Aug  4 2022 06:17:15  BuildStamp: freesurfer-linux-ubuntu22_x86_64-7.3.2-20220804-6354275  User: oesteban  Machine: dna030  Platform: Linux  PlatformVersion: 5.14.0-427.37.1.el9_4.x86_64  CompilerName: GCC  CompilerVersion: 8.4.0
ProgramName: mrisp_paint  ProgramArguments: mrisp_paint -all-info  ProgramVersion: 7.3.2  TimeStamp: 2026/03/09-09:20:15-GMT  BuildTime: Aug  4 2022 06:17:15  BuildStamp: freesurfer-linux-ubuntu22_x86_64-7.3.2-20220804-6354275  User: oesteban  Machine: dna030  Platform: Linux  PlatformVersion: 5.14.0-427.37.1.el9_4.x86_64  CompilerName: GCC  CompilerVersion: 8.4.0
ProgramName: mris_register  ProgramArguments: mris_register -all-info  ProgramVersion: 7.3.2  TimeStamp: 2026/03/09-09:20:15-GMT  BuildTime: Aug  4 2022 06:17:15  BuildStamp: freesurfer-linux-ubuntu22_x86_64-7.3.2-20220804-6354275  User: oesteban  Machine: dna030  Platform: Linux  PlatformVersion: 5.14.0-427.37.1.el9_4.x86_64  CompilerName: GCC  CompilerVersion: 8.4.0
ProgramName: mris_smooth  ProgramArguments: mris_smooth -all-info  ProgramVersion: 7.3.2  TimeStamp: 2026/03/09-09:20:15-GMT  BuildTime: Aug  4 2022 06:17:15  BuildStamp: freesurfer-linux-ubuntu22_x86_64-7.3.2-20220804-6354275  User: oesteban  Machine: dna030  Platform: Linux  PlatformVersion: 5.14.0-427.37.1.el9_4.x86_64  CompilerName: GCC  CompilerVersion: 8.4.0
ProgramName: mris_sphere  ProgramArguments: mris_sphere -all-info  ProgramVersion: 7.3.2  TimeStamp: 2026/03/09-09:20:15-GMT  BuildTime: Aug  4 2022 06:17:15  BuildStamp: freesurfer-linux-ubuntu22_x86_64-7.3.2-20220804-6354275  User: oesteban  Machine: dna030  Platform: Linux  PlatformVersion: 5.14.0-427.37.1.el9_4.x86_64  CompilerName: GCC  CompilerVersion: 8.4.0
ProgramName: mris_surface_stats  ProgramArguments: mris_surface_stats -all-info  ProgramVersion: 7.3.2  TimeStamp: 2026/03/09-09:20:15-GMT  BuildTime: Aug  4 2022 06:17:15  BuildStamp: freesurfer-linux-ubuntu22_x86_64-7.3.2-20220804-6354275  User: oesteban  Machine: dna030  Platform: Linux  PlatformVersion: 5.14.0-427.37.1.el9_4.x86_64  CompilerName: GCC  CompilerVersion: 8.4.0
ProgramName: mri_stats2seg  ProgramArguments: mri_stats2seg -all-info  ProgramVersion: 7.3.2  TimeStamp: 2026/03/09-09:20:15-GMT  BuildTime: Aug  4 2022 06:17:15  BuildStamp: freesurfer-linux-ubuntu22_x86_64-7.3.2-20220804-6354275  User: oesteban  Machine: dna030  Platform: Linux  PlatformVersion: 5.14.0-427.37.1.el9_4.x86_64  CompilerName: GCC  CompilerVersion: 8.4.0
ProgramName: mris_thickness  ProgramArguments: mris_thickness -all-info  ProgramVersion: 7.3.2  TimeStamp: 2026/03/09-09:20:15-GMT  BuildTime: Aug  4 2022 06:17:15  BuildStamp: freesurfer-linux-ubuntu22_x86_64-7.3.2-20220804-6354275  User: oesteban  Machine: dna030  Platform: Linux  PlatformVersion: 5.14.0-427.37.1.el9_4.x86_64  CompilerName: GCC  CompilerVersion: 8.4.0
ProgramName: mris_thickness_diff  ProgramArguments: mris_thickness_diff -all-info  ProgramVersion: 7.3.2  TimeStamp: 2026/03/09-09:20:15-GMT  BuildTime: Aug  4 2022 06:17:15  BuildStamp: freesurfer-linux-ubuntu22_x86_64-7.3.2-20220804-6354275  User: oesteban  Machine: dna030  Platform: Linux  PlatformVersion: 5.14.0-427.37.1.el9_4.x86_64  CompilerName: GCC  CompilerVersion: 8.4.0
ProgramName: mris_topo_fixer  ProgramArguments: mris_topo_fixer -all-info  ProgramVersion: 7.3.2  TimeStamp: 2026/03/09-09:20:15-GMT  BuildTime: Aug  4 2022 06:17:15  BuildStamp: freesurfer-linux-ubuntu22_x86_64-7.3.2-20220804-6354275  User: oesteban  Machine: dna030  Platform: Linux  PlatformVersion: 5.14.0-427.37.1.el9_4.x86_64  CompilerName: GCC  CompilerVersion: 8.4.0
ProgramName: mri_surf2surf  ProgramArguments: mri_surf2surf -all-info  ProgramVersion: 7.3.2  TimeStamp: 2026/03/09-09:20:15-GMT  BuildTime: Aug  4 2022 06:17:15  BuildStamp: freesurfer-linux-ubuntu22_x86_64-7.3.2-20220804-6354275  User: oesteban  Machine: dna030  Platform: Linux  PlatformVersion: 5.14.0-427.37.1.el9_4.x86_64  CompilerName: GCC  CompilerVersion: 8.4.0
ProgramName: mri_surf2vol  ProgramArguments: mri_surf2vol -all-info  ProgramVersion: 7.3.2  TimeStamp: 2026/03/09-09:20:15-GMT  BuildTime: Aug  4 2022 06:17:15  BuildStamp: freesurfer-linux-ubuntu22_x86_64-7.3.2-20220804-6354275  User: oesteban  Machine: dna030  Platform: Linux  PlatformVersion: 5.14.0-427.37.1.el9_4.x86_64  CompilerName: GCC  CompilerVersion: 8.4.0
ProgramName: mri_surfcluster  ProgramArguments: mri_surfcluster -all-info  ProgramVersion: 7.3.2  TimeStamp: 2026/03/09-09:20:15-GMT  BuildTime: Aug  4 2022 06:17:15  BuildStamp: freesurfer-linux-ubuntu22_x86_64-7.3.2-20220804-6354275  User: oesteban  Machine: dna030  Platform: Linux  PlatformVersion: 5.14.0-427.37.1.el9_4.x86_64  CompilerName: GCC  CompilerVersion: 8.4.0
ProgramName: mris_volmask  ProgramArguments: mris_volmask -all-info  ProgramVersion: 7.3.2  TimeStamp: 2026/03/09-09:20:15-GMT  BuildTime: Aug  4 2022 06:17:15  BuildStamp: freesurfer-linux-ubuntu22_x86_64-7.3.2-20220804-6354275  User: oesteban  Machine: dna030  Platform: Linux  PlatformVersion: 5.14.0-427.37.1.el9_4.x86_64  CompilerName: GCC  CompilerVersion: 8.4.0
ProgramName: mri_tessellate  ProgramArguments: mri_tessellate -all-info  ProgramVersion: 7.3.2  TimeStamp: 2026/03/09-09:20:15-GMT  BuildTime: Aug  4 2022 06:17:15  BuildStamp: freesurfer-linux-ubuntu22_x86_64-7.3.2-20220804-6354275  User: oesteban  Machine: dna030  Platform: Linux  PlatformVersion: 5.14.0-427.37.1.el9_4.x86_64  CompilerName: GCC  CompilerVersion: 8.4.0
ProgramName: mri_vol2surf  ProgramArguments: mri_vol2surf -all-info  ProgramVersion: 7.3.2  TimeStamp: 2026/03/09-09:20:15-GMT  BuildTime: Aug  4 2022 06:17:15  BuildStamp: freesurfer-linux-ubuntu22_x86_64-7.3.2-20220804-6354275  User: oesteban  Machine: dna030  Platform: Linux  PlatformVersion: 5.14.0-427.37.1.el9_4.x86_64  CompilerName: GCC  CompilerVersion: 8.4.0
ProgramName: mri_vol2vol  ProgramArguments: mri_vol2vol -all-info  ProgramVersion: 7.3.2  TimeStamp: 2026/03/09-09:20:15-GMT  BuildTime: Aug  4 2022 06:17:15  BuildStamp: freesurfer-linux-ubuntu22_x86_64-7.3.2-20220804-6354275  User: oesteban  Machine: dna030  Platform: Linux  PlatformVersion: 5.14.0-427.37.1.el9_4.x86_64  CompilerName: GCC  CompilerVersion: 8.4.0
ProgramName: mri_voldiff  ProgramArguments: mri_voldiff -all-info  ProgramVersion: 7.3.2  TimeStamp: 2026/03/09-09:20:15-GMT  BuildTime: Aug  4 2022 06:17:15  BuildStamp: freesurfer-linux-ubuntu22_x86_64-7.3.2-20220804-6354275  User: oesteban  Machine: dna030  Platform: Linux  PlatformVersion: 5.14.0-427.37.1.el9_4.x86_64  CompilerName: GCC  CompilerVersion: 8.4.0
ProgramName: mri_watershed  ProgramArguments: mri_watershed -all-info  ProgramVersion: 7.3.2  TimeStamp: 2026/03/09-09:20:15-GMT  BuildTime: Aug  4 2022 06:17:15  BuildStamp: freesurfer-linux-ubuntu22_x86_64-7.3.2-20220804-6354275  User: oesteban  Machine: dna030  Platform: Linux  PlatformVersion: 5.14.0-427.37.1.el9_4.x86_64  CompilerName: GCC  CompilerVersion: 8.4.0
ProgramName: tkregister2  ProgramArguments: tkregister2_cmdl -all-info  ProgramVersion: 7.3.2  TimeStamp: 2026/03/09-09:20:15-GMT  BuildTime: Aug  4 2022 06:17:15  BuildStamp: freesurfer-linux-ubuntu22_x86_64-7.3.2-20220804-6354275  User: oesteban  Machine: dna030  Platform: Linux  PlatformVersion: 5.14.0-427.37.1.el9_4.x86_64  CompilerName: GCC  CompilerVersion: 8.4.0
mri_motion_correct.fsl 7.3.2
mri_convert -all-info 
ProgramName: mri_convert  ProgramArguments: mri_convert -all-info  ProgramVersion: 7.3.2  TimeStamp: 2026/03/09-09:20:15-GMT  BuildTime: Aug  4 2022 06:17:15  BuildStamp: freesurfer-linux-ubuntu22_x86_64-7.3.2-20220804-6354275  User: oesteban  Machine: dna030  Platform: Linux  PlatformVersion: 5.14.0-427.37.1.el9_4.x86_64  CompilerName: GCC  CompilerVersion: 8.4.0
Program nu_correct, built from:
Package MNI N3, version 1.12.0, compiled by nicks@terrier (x86_64-unknown-linux-gnu) on 2015-06-19 at 01:25:34
#######################################
GCADIR /opt/freesurfer/average
GCA RB_all_2020-01-02.gca
GCASkull RB_all_withskull_2020_01_02.gca
AvgCurvTif folding.atlas.acfb40.noaparc.i12.2016-08-02.tif
GCSDIR /opt/freesurfer/average
GCS DKaparc.atlas.acfb40.noaparc.i12.2016-08-02.gcs
#######################################
/out/sourcedata/freesurfer/sub-v1s21x0050407_ses-1

 mri_convert /work/fmriprep_25_2_wf/sub_v1s21x0050407_ses_1_wf/anat_fit_wf/anat_validate/sub-v1s21x0050407_ses-1_T1w_noise_corrected_ras_valid.nii.gz /out/sourcedata/freesurfer/sub-v1s21x0050407_ses-1/mri/orig/001.mgz 

mri_convert /work/fmriprep_25_2_wf/sub_v1s21x0050407_ses_1_wf/anat_fit_wf/anat_validate/sub-v1s21x0050407_ses-1_T1w_noise_corrected_ras_valid.nii.gz /out/sourcedata/freesurfer/sub-v1s21x0050407_ses-1/mri/orig/001.mgz 
reading from /work/fmriprep_25_2_wf/sub_v1s21x0050407_ses_1_wf/anat_fit_wf/anat_validate/sub-v1s21x0050407_ses-1_T1w_noise_corrected_ras_valid.nii.gz...
TR=0.00, TE=0.00, TI=0.00, flip angle=0.00
i_ras = (1, 0, 0)
j_ras = (0, 1, 0)
k_ras = (0, 0, 1)
writing to /out/sourcedata/freesurfer/sub-v1s21x0050407_ses-1/mri/orig/001.mgz...
#--------------------------------------------
#@# MotionCor Mon Mar  9 10:20:16 CET 2026
Found 1 runs
/out/sourcedata/freesurfer/sub-v1s21x0050407_ses-1/mri/orig/001.mgz
Checking for (invalid) multi-frame inputs...
Only one run found so motion
correction will not be performed. I'll
copy the run to rawavg and continue.

 cp /out/sourcedata/freesurfer/sub-v1s21x0050407_ses-1/mri/orig/001.mgz /out/sourcedata/freesurfer/sub-v1s21x0050407_ses-1/mri/rawavg.mgz 


 mri_info /out/sourcedata/freesurfer/sub-v1s21x0050407_ses-1/mri/rawavg.mgz 

rawavg.mgz ========================================
Volume information for /out/sourcedata/freesurfer/sub-v1s21x0050407_ses-1/mri/rawavg.mgz
          type: MGH
    dimensions: 105 x 256 x 256
   voxel sizes: 1.400000, 1.000000, 1.000000
          type: FLOAT (3)
           fov: 256.000
           dof: 1
        xstart: -73.5, xend: 73.5
        ystart: -128.0, yend: 128.0
        zstart: -128.0, zend: 128.0
            TR: 0.00 msec, TE: 0.00 msec, TI: 0.00 msec, flip angle: 0.00 degrees
       nframes: 1
       PhEncDir: UNKNOWN
       FieldStrength: 0.000000
ras xform present
    xform info: x_r =   1.0000, y_r =   0.0000, z_r =   0.0000, c_r =     0.7000
              : x_a =   0.0000, y_a =   1.0000, z_a =   0.0000, c_a =     0.5000
              : x_s =   0.0000, y_s =   0.0000, z_s =   1.0000, c_s =     0.5000

talairach xfm : 
Orientation   : RAS
Primary Slice Direction: axial

voxel to ras transform:
                1.4000   0.0000   0.0000   -72.8000
                0.0000   1.0000   0.0000  -127.5000
                0.0000   0.0000   1.0000  -127.5000
                0.0000   0.0000   0.0000     1.0000

voxel-to-ras determinant 1.4

ras to voxel transform:
                0.7143   0.0000   0.0000    52.0000
                0.0000   1.0000   0.0000   127.5000
                0.0000   0.0000   1.0000   127.5000
                0.0000   0.0000   0.0000     1.0000
/out/sourcedata/freesurfer/sub-v1s21x0050407_ses-1

 mri_convert /out/sourcedata/freesurfer/sub-v1s21x0050407_ses-1/mri/rawavg.mgz /out/sourcedata/freesurfer/sub-v1s21x0050407_ses-1/mri/orig.mgz --conform 

mri_convert /out/sourcedata/freesurfer/sub-v1s21x0050407_ses-1/mri/rawavg.mgz /out/sourcedata/freesurfer/sub-v1s21x0050407_ses-1/mri/orig.mgz --conform 
reading from /out/sourcedata/freesurfer/sub-v1s21x0050407_ses-1/mri/rawavg.mgz...
TR=0.00, TE=0.00, TI=0.00, flip angle=0.00
i_ras = (1, 0, 0)
j_ras = (0, 1, 0)
k_ras = (0, 0, 1)
changing data type from float to uchar (noscale = 0)...
MRIchangeType: Building histogram 0 3682.38 1000, flo=0, fhi=0.999, dest_type=0
Reslicing using trilinear interpolation 
writing to /out/sourcedata/freesurfer/sub-v1s21x0050407_ses-1/mri/orig.mgz...

 mri_add_xform_to_header -c /out/sourcedata/freesurfer/sub-v1s21x0050407_ses-1/mri/transforms/talairach.xfm /out/sourcedata/freesurfer/sub-v1s21x0050407_ses-1/mri/orig.mgz /out/sourcedata/freesurfer/sub-v1s21x0050407_ses-1/mri/orig.mgz 

INFO: extension is mgz

 mri_info /out/sourcedata/freesurfer/sub-v1s21x0050407_ses-1/mri/orig.mgz 

orig.mgz ========================================
Volume information for /out/sourcedata/freesurfer/sub-v1s21x0050407_ses-1/mri/orig.mgz
          type: MGH
    dimensions: 256 x 256 x 256
   voxel sizes: 1.000000, 1.000000, 1.000000
          type: UCHAR (0)
           fov: 256.000
           dof: 1
        xstart: -128.0, xend: 128.0
        ystart: -128.0, yend: 128.0
        zstart: -128.0, zend: 128.0
            TR: 0.00 msec, TE: 0.00 msec, TI: 0.00 msec, flip angle: 0.00 degrees
       nframes: 1
       PhEncDir: UNKNOWN
       FieldStrength: 0.000000
ras xform present
    xform info: x_r =  -1.0000, y_r =   0.0000, z_r =   0.0000, c_r =     0.7000
              : x_a =   0.0000, y_a =   0.0000, z_a =   1.0000, c_a =     0.5000
              : x_s =   0.0000, y_s =  -1.0000, z_s =   0.0000, c_s =     0.5000

talairach xfm : /out/sourcedata/freesurfer/sub-v1s21x0050407_ses-1/mri/transforms/talairach.xfm
Orientation   : LIA
Primary Slice Direction: coronal

voxel to ras transform:
               -1.0000   0.0000   0.0000   128.7000
                0.0000   0.0000   1.0000  -127.5000
                0.0000  -1.0000   0.0000   128.5000
                0.0000   0.0000   0.0000     1.0000

voxel-to-ras determinant -1

ras to voxel transform:
               -1.0000  -0.0000  -0.0000   128.7000
               -0.0000  -0.0000  -1.0000   128.5000
               -0.0000   1.0000  -0.0000   127.5000
               -0.0000  -0.0000  -0.0000     1.0000
#--------------------------------------------
#@# Talairach Mon Mar  9 10:20:23 CET 2026
/out/sourcedata/freesurfer/sub-v1s21x0050407_ses-1/mri

 mri_nu_correct.mni --no-rescale --i orig.mgz --o orig_nu.mgz --ants-n4 --n 1 --proto-iters 1000 --distance 50 

/usr/bin/bc
/out/sourcedata/freesurfer/sub-v1s21x0050407_ses-1/mri
/opt/freesurfer/bin/mri_nu_correct.mni
--no-rescale --i orig.mgz --o orig_nu.mgz --ants-n4 --n 1 --proto-iters 1000 --distance 50
nIters 1
mri_nu_correct.mni 7.3.2
Linux dna030 5.14.0-427.37.1.el9_4.x86_64 #1 SMP PREEMPT_DYNAMIC Fri Sep 13 12:41:50 EDT 2024 x86_64 x86_64 x86_64 GNU/Linux
Mon Mar  9 10:20:23 CET 2026
tmpdir is ./tmp.mri_nu_correct.mni.2609901
cd /out/sourcedata/freesurfer/sub-v1s21x0050407_ses-1/mri
AntsN4BiasFieldCorrectionFs -i orig.mgz -o ./tmp.mri_nu_correct.mni.2609901/nu0.mgz --dtype uchar
AntsN4BiasFieldCorrectionFs done
mri_convert ./tmp.mri_nu_correct.mni.2609901/nu0.mgz orig_nu.mgz --like orig.mgz --conform
mri_convert ./tmp.mri_nu_correct.mni.2609901/nu0.mgz orig_nu.mgz --like orig.mgz --conform 
reading from ./tmp.mri_nu_correct.mni.2609901/nu0.mgz...
TR=0.00, TE=0.00, TI=0.00, flip angle=0.00
i_ras = (-1, 0, 0)
j_ras = (0, 0, -1)
k_ras = (0, 1, 0)
INFO: transform src into the like-volume: orig.mgz
writing to orig_nu.mgz...
 
 
Mon Mar  9 10:23:18 CET 2026
mri_nu_correct.mni done

 talairach_avi --i orig_nu.mgz --xfm transforms/talairach.auto.xfm 

talairach_avi log file is transforms/talairach_avi.log...
mv -f /out/sourcedata/freesurfer/sub-v1s21x0050407_ses-1/mri/talsrcimg_to_711-2C_as_mni_average_305_t4_vox2vox.txt /out/sourcedata/freesurfer/sub-v1s21x0050407_ses-1/mri/transforms/talsrcimg_to_711-2C_as_mni_average_305_t4_vox2vox.txt
Started at Mon Mar 9 10:23:18 CET 2026
Ended   at Mon Mar  9 10:24:47 CET 2026
talairach_avi done

 cp transforms/talairach.auto.xfm transforms/talairach.xfm 

lta_convert --src orig.mgz --trg /opt/freesurfer/average/mni305.cor.mgz --inxfm transforms/talairach.xfm --outlta transforms/talairach.xfm.lta --subject fsaverage --ltavox2vox
7.3.2

--src: orig.mgz src image (geometry).
--trg: /opt/freesurfer/average/mni305.cor.mgz trg image (geometry).
--inmni: transforms/talairach.xfm input MNI/XFM transform.
--outlta: transforms/talairach.xfm.lta output LTA.
--s: fsaverage subject name
--ltavox2vox: output LTA as VOX_TO_VOX transform.
 LTA read, type : 1
 1.12251  -0.04594  -0.04627  -1.11874;
 0.05837   1.04423   0.31055  -4.53112;
 0.03726  -0.37598   1.15980  -25.11595;
 0.00000   0.00000   0.00000   1.00000;
setting subject to fsaverage
Writing  LTA to file transforms/talairach.xfm.lta...
lta_convert successful.
#--------------------------------------------
#@# Talairach Failure Detection Mon Mar  9 10:24:49 CET 2026
/out/sourcedata/freesurfer/sub-v1s21x0050407_ses-1/mri

 talairach_afd -T 0.005 -xfm transforms/talairach.xfm 

talairach_afd: Talairach Transform: transforms/talairach.xfm OK (p=0.7394, pval=0.6675 >= threshold=0.0050)

 awk -f /opt/freesurfer/bin/extract_talairach_avi_QA.awk /out/sourcedata/freesurfer/sub-v1s21x0050407_ses-1/mri/transforms/talairach_avi.log 


 tal_QC_AZS /out/sourcedata/freesurfer/sub-v1s21x0050407_ses-1/mri/transforms/talairach_avi.log 

TalAviQA: 0.97325
z-score: -1
#--------------------------------------------
#@# Nu Intensity Correction Mon Mar  9 10:24:49 CET 2026

 mri_nu_correct.mni --i orig.mgz --o nu.mgz --uchar transforms/talairach.xfm --n 2 --ants-n4 

/usr/bin/bc
/out/sourcedata/freesurfer/sub-v1s21x0050407_ses-1/mri
/opt/freesurfer/bin/mri_nu_correct.mni
--i orig.mgz --o nu.mgz --uchar transforms/talairach.xfm --n 2 --ants-n4
nIters 2
mri_nu_correct.mni 7.3.2
Linux dna030 5.14.0-427.37.1.el9_4.x86_64 #1 SMP PREEMPT_DYNAMIC Fri Sep 13 12:41:50 EDT 2024 x86_64 x86_64 x86_64 GNU/Linux
Mon Mar  9 10:24:49 CET 2026
tmpdir is ./tmp.mri_nu_correct.mni.2611134
cd /out/sourcedata/freesurfer/sub-v1s21x0050407_ses-1/mri
AntsN4BiasFieldCorrectionFs -i orig.mgz -o ./tmp.mri_nu_correct.mni.2611134/nu0.mgz --dtype uchar
AntsN4BiasFieldCorrectionFs done
mri_binarize --i ./tmp.mri_nu_correct.mni.2611134/nu0.mgz --min -1 --o ./tmp.mri_nu_correct.mni.2611134/ones.mgz

7.3.2
cwd /out/sourcedata/freesurfer/sub-v1s21x0050407_ses-1/mri
cmdline mri_binarize --i ./tmp.mri_nu_correct.mni.2611134/nu0.mgz --min -1 --o ./tmp.mri_nu_correct.mni.2611134/ones.mgz 
sysname  Linux
hostname dna030
machine  x86_64
user     oesteban

input      ./tmp.mri_nu_correct.mni.2611134/nu0.mgz
frame      0
nErode3d   0
nErode2d   0
output     ./tmp.mri_nu_correct.mni.2611134/ones.mgz
Binarizing based on threshold
min        -1
max        +infinity
binval        1
binvalnot     0
fstart = 0, fend = 0, nframes = 1
Starting parallel 1
Found 16777216 values in range
Counting number of voxels in first frame
Found 16777215 voxels in final mask
Writing output to ./tmp.mri_nu_correct.mni.2611134/ones.mgz
Count: 16777215 16777215.000000 16777216 99.999994
mri_binarize done
mri_segstats --id 1 --seg ./tmp.mri_nu_correct.mni.2611134/ones.mgz --i orig.mgz --sum ./tmp.mri_nu_correct.mni.2611134/sum.junk --avgwf ./tmp.mri_nu_correct.mni.2611134/input.mean.dat

7.3.2
cwd 
cmdline mri_segstats --id 1 --seg ./tmp.mri_nu_correct.mni.2611134/ones.mgz --i orig.mgz --sum ./tmp.mri_nu_correct.mni.2611134/sum.junk --avgwf ./tmp.mri_nu_correct.mni.2611134/input.mean.dat 
sysname  Linux
hostname dna030
machine  x86_64
user     oesteban
whitesurfname  white
UseRobust  0
Loading ./tmp.mri_nu_correct.mni.2611134/ones.mgz
Loading orig.mgz
Voxel Volume is 1 mm^3
Generating list of segmentation ids
Found   1 segmentations
Computing statistics for each segmentation

Reporting on   1 segmentations
Using PrintSegStat
Computing spatial average of each frame

Writing to ./tmp.mri_nu_correct.mni.2611134/input.mean.dat
mri_segstats done
mri_segstats --id 1 --seg ./tmp.mri_nu_correct.mni.2611134/ones.mgz --i ./tmp.mri_nu_correct.mni.2611134/nu0.mgz --sum ./tmp.mri_nu_correct.mni.2611134/sum.junk --avgwf ./tmp.mri_nu_correct.mni.2611134/output.mean.dat

7.3.2
cwd 
cmdline mri_segstats --id 1 --seg ./tmp.mri_nu_correct.mni.2611134/ones.mgz --i ./tmp.mri_nu_correct.mni.2611134/nu0.mgz --sum ./tmp.mri_nu_correct.mni.2611134/sum.junk --avgwf ./tmp.mri_nu_correct.mni.2611134/output.mean.dat 
sysname  Linux
hostname dna030
machine  x86_64
user     oesteban
whitesurfname  white
UseRobust  0
Loading ./tmp.mri_nu_correct.mni.2611134/ones.mgz
Loading ./tmp.mri_nu_correct.mni.2611134/nu0.mgz
Voxel Volume is 1 mm^3
Generating list of segmentation ids
Found   1 segmentations
Computing statistics for each segmentation

Reporting on   1 segmentations
Using PrintSegStat
Computing spatial average of each frame

Writing to ./tmp.mri_nu_correct.mni.2611134/output.mean.dat
mri_segstats done
mris_calc -o ./tmp.mri_nu_correct.mni.2611134/nu0.mgz ./tmp.mri_nu_correct.mni.2611134/nu0.mgz mul 1.13071673275606269051
Saving result to './tmp.mri_nu_correct.mni.2611134/nu0.mgz' (type = MGH )                       [ ok ]
mri_convert ./tmp.mri_nu_correct.mni.2611134/nu0.mgz nu.mgz --like orig.mgz
mri_convert ./tmp.mri_nu_correct.mni.2611134/nu0.mgz nu.mgz --like orig.mgz 
reading from ./tmp.mri_nu_correct.mni.2611134/nu0.mgz...
TR=0.00, TE=0.00, TI=0.00, flip angle=0.00
i_ras = (-1, 0, 0)
j_ras = (0, 0, -1)
k_ras = (0, 1, 0)
INFO: transform src into the like-volume: orig.mgz
writing to nu.mgz...
mri_make_uchar nu.mgz transforms/talairach.xfm nu.mgz
type change took 0 minutes and 6 seconds.
FIRST_PERCENTILE 0.010000
WM_PERCENTILE    0.900000
MAX_R 50.000000
i1 = 6, i2 = 33
#mri_make_uchar# mapping 15 85 to  3 110  :  b -21.3278 m 1.54503 : thresh 13.8041 maxsat 178.849 : nzero 14729054 nsat 29663
 
 
Mon Mar  9 10:28:05 CET 2026
mri_nu_correct.mni done

 mri_add_xform_to_header -c /out/sourcedata/freesurfer/sub-v1s21x0050407_ses-1/mri/transforms/talairach.xfm nu.mgz nu.mgz 

INFO: extension is mgz
#--------------------------------------------
#@# Intensity Normalization Mon Mar  9 10:28:05 CET 2026
/out/sourcedata/freesurfer/sub-v1s21x0050407_ses-1/mri

 mri_normalize -g 1 -seed 1234 -mprage nu.mgz T1.mgz 

using max gradient = 1.000
setting seed for random number genererator to 1234
assuming input volume is MGH (Van der Kouwe) MP-RAGE
reading mri_src from nu.mgz...
normalizing image...
NOT doing gentle normalization with control points/label
talairach transform
 1.12251  -0.04594  -0.04627  -1.11874;
 0.05837   1.04423   0.31055  -4.53112;
 0.03726  -0.37598   1.15980  -25.11595;
 0.00000   0.00000   0.00000   1.00000;
processing without aseg, no1d=0
MRInormInit(): 
INFO: Modifying talairach volume c_(r,a,s) based on average_305
MRInormalize(): 
MRIsplineNormalize(): npeaks = 11
Starting OpenSpline(): npoints = 11
building Voronoi diagram...
performing soap bubble smoothing, sigma = 8...

Iterating 2 times
---------------------------------
3d normalization pass 1 of 2
white matter peak found at 110
white matter peak found at 109
gm peak at 70 (70), valley at 35 (35)
csf peak at 36, setting threshold to 58
building Voronoi diagram...
performing soap bubble smoothing, sigma = 8...
---------------------------------
3d normalization pass 2 of 2
white matter peak found at 110
white matter peak found at 110
gm peak at 69 (69), valley at 31 (31)
csf peak at 35, setting threshold to 57
building Voronoi diagram...
performing soap bubble smoothing, sigma = 8...
Done iterating ---------------------------------
writing output to T1.mgz
3D bias adjustment took 1 minutes and 29 seconds.

Started at Mon Mar 9 10:20:14 CET 2026 
Ended   at Mon Mar 9 10:29:34 CET 2026
#@#%# recon-all-run-time-hours 0.156
recon-all -s sub-v1s21x0050407_ses-1 finished without error at Mon Mar  9 10:29:34 CET 2026



#New# invocation of recon-all 




Mon Mar  9 10:36:26 CET 2026
cd /out/sourcedata/freesurfer/sub-v1s21x0050407_ses-1
setenv SUBJECTS_DIR /out/sourcedata/freesurfer
/opt/freesurfer/bin/recon-all -openmp 16 -subjid sub-v1s21x0050407_ses-1 -sd /out/sourcedata/freesurfer -gcareg

subjid sub-v1s21x0050407_ses-1
setenv SUBJECTS_DIR /out/sourcedata/freesurfer
FREESURFER_HOME /opt/freesurfer
Actual FREESURFER_HOME /opt/freesurfer
build-stamp.txt: freesurfer-linux-ubuntu22_x86_64-7.3.2-20220804-6354275
Linux dna030 5.14.0-427.37.1.el9_4.x86_64 #1 SMP PREEMPT_DYNAMIC Fri Sep 13 12:41:50 EDT 2024 x86_64 x86_64 x86_64 GNU/Linux
cputime      unlimited
filesize     unlimited
datasize     unlimited
stacksize    8192 kbytes
coredumpsize 0 kbytes
memoryuse    67108864 kbytes
vmemoryuse   unlimited
descriptors  1024 
memorylocked unlimited
maxproc      2061970 
maxlocks     unlimited
maxsignal    2061970 
maxmessage   819200 
maxnice      0 
maxrtprio    0 
maxrttime    unlimited

               total        used        free      shared  buff/cache   available
Mem:           503Gi        45Gi       361Gi       7.4Gi        96Gi       447Gi
Swap:             0B          0B          0B

########################################
program versions used
7.3.2 (freesurfer-linux-ubuntu22_x86_64-7.3.2-20220804-6354275)
7.3.2

ProgramName: lta_convert  ProgramArguments: lta_convert -all-info  ProgramVersion: 7.3.2  TimeStamp: 2026/03/09-09:36:26-GMT  BuildTime: Aug  4 2022 06:17:15  BuildStamp: freesurfer-linux-ubuntu22_x86_64-7.3.2-20220804-6354275  User: oesteban  Machine: dna030  Platform: Linux  PlatformVersion: 5.14.0-427.37.1.el9_4.x86_64  CompilerName: GCC  CompilerVersion: 8.4.0
ProgramName: mri_and  ProgramArguments: mri_and -all-info  ProgramVersion: 7.3.2  TimeStamp: 2026/03/09-09:36:26-GMT  BuildTime: Aug  4 2022 06:17:15  BuildStamp: freesurfer-linux-ubuntu22_x86_64-7.3.2-20220804-6354275  User: oesteban  Machine: dna030  Platform: Linux  PlatformVersion: 5.14.0-427.37.1.el9_4.x86_64  CompilerName: GCC  CompilerVersion: 8.4.0
ProgramName: mri_annotation2label  ProgramArguments: mri_annotation2label -all-info  ProgramVersion: 7.3.2  TimeStamp: 2026/03/09-09:36:26-GMT  BuildTime: Aug  4 2022 06:17:15  BuildStamp: freesurfer-linux-ubuntu22_x86_64-7.3.2-20220804-6354275  User: oesteban  Machine: dna030  Platform: Linux  PlatformVersion: 5.14.0-427.37.1.el9_4.x86_64  CompilerName: GCC  CompilerVersion: 8.4.0
ProgramName: mri_aparc2aseg  ProgramArguments: mri_aparc2aseg -all-info  ProgramVersion: 7.3.2  TimeStamp: 2026/03/09-09:36:26-GMT  BuildTime: Aug  4 2022 06:17:15  BuildStamp: freesurfer-linux-ubuntu22_x86_64-7.3.2-20220804-6354275  User: oesteban  Machine: dna030  Platform: Linux  PlatformVersion: 5.14.0-427.37.1.el9_4.x86_64  CompilerName: GCC  CompilerVersion: 8.4.0
ProgramName: mri_surf2volseg  ProgramArguments: mri_surf2volseg -all-info  ProgramVersion: 7.3.2  TimeStamp: 2026/03/09-09:36:26-GMT  BuildTime: Aug  4 2022 06:17:15  BuildStamp: freesurfer-linux-ubuntu22_x86_64-7.3.2-20220804-6354275  User: oesteban  Machine: dna030  Platform: Linux  PlatformVersion: 5.14.0-427.37.1.el9_4.x86_64  CompilerName: GCC  CompilerVersion: 8.4.0
ProgramName: mri_binarize  ProgramArguments: mri_binarize -all-info  ProgramVersion: 7.3.2  TimeStamp: 2026/03/09-09:36:26-GMT  BuildTime: Aug  4 2022 06:17:15  BuildStamp: freesurfer-linux-ubuntu22_x86_64-7.3.2-20220804-6354275  User: oesteban  Machine: dna030  Platform: Linux  PlatformVersion: 5.14.0-427.37.1.el9_4.x86_64  CompilerName: GCC  CompilerVersion: 8.4.0
ProgramName: mri_ca_label  ProgramArguments: mri_ca_label -all-info  ProgramVersion: 7.3.2  TimeStamp: 2026/03/09-09:36:26-GMT  BuildTime: Aug  4 2022 06:17:15  BuildStamp: freesurfer-linux-ubuntu22_x86_64-7.3.2-20220804-6354275  User: oesteban  Machine: dna030  Platform: Linux  PlatformVersion: 5.14.0-427.37.1.el9_4.x86_64  CompilerName: GCC  CompilerVersion: 8.4.0
ProgramName: mri_ca_normalize  ProgramArguments: mri_ca_normalize -all-info  ProgramVersion: 7.3.2  TimeStamp: 2026/03/09-09:36:26-GMT  BuildTime: Aug  4 2022 06:17:15  BuildStamp: freesurfer-linux-ubuntu22_x86_64-7.3.2-20220804-6354275  User: oesteban  Machine: dna030  Platform: Linux  PlatformVersion: 5.14.0-427.37.1.el9_4.x86_64  CompilerName: GCC  CompilerVersion: 8.4.0
ProgramName: mri_ca_register  ProgramArguments: mri_ca_register -all-info  ProgramVersion: 7.3.2  TimeStamp: 2026/03/09-09:36:26-GMT  BuildTime: Aug  4 2022 06:17:15  BuildStamp: freesurfer-linux-ubuntu22_x86_64-7.3.2-20220804-6354275  User: oesteban  Machine: dna030  Platform: Linux  PlatformVersion: 5.14.0-427.37.1.el9_4.x86_64  CompilerName: GCC  CompilerVersion: 8.4.0
ProgramName: mri_cc  ProgramArguments: mri_cc -all-info  ProgramVersion: 7.3.2  TimeStamp: 2026/03/09-09:36:26-GMT  BuildTime: Aug  4 2022 06:17:15  BuildStamp: freesurfer-linux-ubuntu22_x86_64-7.3.2-20220804-6354275  User: oesteban  Machine: dna030  Platform: Linux  PlatformVersion: 5.14.0-427.37.1.el9_4.x86_64  CompilerName: GCC  CompilerVersion: 8.4.0
ProgramName: mri_compute_overlap  ProgramArguments: mri_compute_overlap -all-info  ProgramVersion: 7.3.2  TimeStamp: 2026/03/09-09:36:26-GMT  BuildTime: Aug  4 2022 06:17:15  BuildStamp: freesurfer-linux-ubuntu22_x86_64-7.3.2-20220804-6354275  User: oesteban  Machine: dna030  Platform: Linux  PlatformVersion: 5.14.0-427.37.1.el9_4.x86_64  CompilerName: GCC  CompilerVersion: 8.4.0
ProgramName: mri_compute_seg_overlap  ProgramArguments: mri_compute_seg_overlap -all-info  ProgramVersion: 7.3.2  TimeStamp: 2026/03/09-09:36:26-GMT  BuildTime: Aug  4 2022 06:17:15  BuildStamp: freesurfer-linux-ubuntu22_x86_64-7.3.2-20220804-6354275  User: oesteban  Machine: dna030  Platform: Linux  PlatformVersion: 5.14.0-427.37.1.el9_4.x86_64  CompilerName: GCC  CompilerVersion: 8.4.0
ProgramName: mri_concat  ProgramArguments: mri_concat -all-info  ProgramVersion: 7.3.2  TimeStamp: 2026/03/09-09:36:26-GMT  BuildTime: Aug  4 2022 06:17:15  BuildStamp: freesurfer-linux-ubuntu22_x86_64-7.3.2-20220804-6354275  User: oesteban  Machine: dna030  Platform: Linux  PlatformVersion: 5.14.0-427.37.1.el9_4.x86_64  CompilerName: GCC  CompilerVersion: 8.4.0
ProgramName: mri_concatenate_lta  ProgramArguments: mri_concatenate_lta -all-info  ProgramVersion: 7.3.2  TimeStamp: 2026/03/09-09:36:26-GMT  BuildTime: Aug  4 2022 06:17:15  BuildStamp: freesurfer-linux-ubuntu22_x86_64-7.3.2-20220804-6354275  User: oesteban  Machine: dna030  Platform: Linux  PlatformVersion: 5.14.0-427.37.1.el9_4.x86_64  CompilerName: GCC  CompilerVersion: 8.4.0
mri_convert -all-info 
ProgramName: mri_convert  ProgramArguments: mri_convert -all-info  ProgramVersion: 7.3.2  TimeStamp: 2026/03/09-09:36:26-GMT  BuildTime: Aug  4 2022 06:17:15  BuildStamp: freesurfer-linux-ubuntu22_x86_64-7.3.2-20220804-6354275  User: oesteban  Machine: dna030  Platform: Linux  PlatformVersion: 5.14.0-427.37.1.el9_4.x86_64  CompilerName: GCC  CompilerVersion: 8.4.0
ProgramName: mri_diff  ProgramArguments: mri_diff -all-info  ProgramVersion: 7.3.2  TimeStamp: 2026/03/09-09:36:26-GMT  BuildTime: Aug  4 2022 06:17:15  BuildStamp: freesurfer-linux-ubuntu22_x86_64-7.3.2-20220804-6354275  User: oesteban  Machine: dna030  Platform: Linux  PlatformVersion: 5.14.0-427.37.1.el9_4.x86_64  CompilerName: GCC  CompilerVersion: 8.4.0
ProgramName: mri_edit_wm_with_aseg  ProgramArguments: mri_edit_wm_with_aseg -all-info  ProgramVersion: 7.3.2  TimeStamp: 2026/03/09-09:36:26-GMT  BuildTime: Aug  4 2022 06:17:15  BuildStamp: freesurfer-linux-ubuntu22_x86_64-7.3.2-20220804-6354275  User: oesteban  Machine: dna030  Platform: Linux  PlatformVersion: 5.14.0-427.37.1.el9_4.x86_64  CompilerName: GCC  CompilerVersion: 8.4.0
ProgramName: mri_em_register  ProgramArguments: mri_em_register -all-info  ProgramVersion: 7.3.2  TimeStamp: 2026/03/09-09:36:26-GMT  BuildTime: Aug  4 2022 06:17:15  BuildStamp: freesurfer-linux-ubuntu22_x86_64-7.3.2-20220804-6354275  User: oesteban  Machine: dna030  Platform: Linux  PlatformVersion: 5.14.0-427.37.1.el9_4.x86_64  CompilerName: GCC  CompilerVersion: 8.4.0
ProgramName: mri_fill  ProgramArguments: mri_fill -all-info  ProgramVersion: 7.3.2  TimeStamp: 2026/03/09-09:36:26-GMT  BuildTime: Aug  4 2022 06:17:15  BuildStamp: freesurfer-linux-ubuntu22_x86_64-7.3.2-20220804-6354275  User: oesteban  Machine: dna030  Platform: Linux  PlatformVersion: 5.14.0-427.37.1.el9_4.x86_64  CompilerName: GCC  CompilerVersion: 8.4.0
ProgramName: mri_fuse_segmentations  ProgramArguments: mri_fuse_segmentations -all-info  ProgramVersion: 7.3.2  TimeStamp: 2026/03/09-09:36:26-GMT  BuildTime: Aug  4 2022 06:17:15  BuildStamp: freesurfer-linux-ubuntu22_x86_64-7.3.2-20220804-6354275  User: oesteban  Machine: dna030  Platform: Linux  PlatformVersion: 5.14.0-427.37.1.el9_4.x86_64  CompilerName: GCC  CompilerVersion: 8.4.0
ProgramName: mri_fwhm  ProgramArguments: mri_fwhm -all-info  ProgramVersion: 7.3.2  TimeStamp: 2026/03/09-09:36:26-GMT  BuildTime: Aug  4 2022 06:17:15  BuildStamp: freesurfer-linux-ubuntu22_x86_64-7.3.2-20220804-6354275  User: oesteban  Machine: dna030  Platform: Linux  PlatformVersion: 5.14.0-427.37.1.el9_4.x86_64  CompilerName: GCC  CompilerVersion: 8.4.0
ProgramName: mri_gcut  ProgramArguments: mri_gcut -all-info  ProgramVersion: 7.3.2  TimeStamp: 2026/03/09-09:36:26-GMT  BuildTime: Aug  4 2022 06:17:15  BuildStamp: freesurfer-linux-ubuntu22_x86_64-7.3.2-20220804-6354275  User: oesteban  Machine: dna030  Platform: Linux  PlatformVersion: 5.14.0-427.37.1.el9_4.x86_64  CompilerName: GCC  CompilerVersion: 8.4.0
ProgramName: mri_info  ProgramArguments: mri_info -all-info  ProgramVersion: 7.3.2  TimeStamp: 2026/03/09-09:36:26-GMT  BuildTime: Aug  4 2022 06:17:15  BuildStamp: freesurfer-linux-ubuntu22_x86_64-7.3.2-20220804-6354275  User: oesteban  Machine: dna030  Platform: Linux  PlatformVersion: 5.14.0-427.37.1.el9_4.x86_64  CompilerName: GCC  CompilerVersion: 8.4.0
ProgramName: mri_label2label  ProgramArguments: mri_label2label -all-info  ProgramVersion: 7.3.2  TimeStamp: 2026/03/09-09:36:26-GMT  BuildTime: Aug  4 2022 06:17:15  BuildStamp: freesurfer-linux-ubuntu22_x86_64-7.3.2-20220804-6354275  User: oesteban  Machine: dna030  Platform: Linux  PlatformVersion: 5.14.0-427.37.1.el9_4.x86_64  CompilerName: GCC  CompilerVersion: 8.4.0
ProgramName: mri_label2vol  ProgramArguments: mri_label2vol -all-info  ProgramVersion: 7.3.2  TimeStamp: 2026/03/09-09:36:26-GMT  BuildTime: Aug  4 2022 06:17:15  BuildStamp: freesurfer-linux-ubuntu22_x86_64-7.3.2-20220804-6354275  User: oesteban  Machine: dna030  Platform: Linux  PlatformVersion: 5.14.0-427.37.1.el9_4.x86_64  CompilerName: GCC  CompilerVersion: 8.4.0
ProgramName: mri_log_likelihood  ProgramArguments: mri_log_likelihood -all-info  ProgramVersion: 7.3.2  TimeStamp: 2026/03/09-09:36:26-GMT  BuildTime: Aug  4 2022 06:17:15  BuildStamp: freesurfer-linux-ubuntu22_x86_64-7.3.2-20220804-6354275  User: oesteban  Machine: dna030  Platform: Linux  PlatformVersion: 5.14.0-427.37.1.el9_4.x86_64  CompilerName: GCC  CompilerVersion: 8.4.0
ProgramName: mri_mask  ProgramArguments: mri_mask -all-info  ProgramVersion: 7.3.2  TimeStamp: 2026/03/09-09:36:26-GMT  BuildTime: Aug  4 2022 06:17:15  BuildStamp: freesurfer-linux-ubuntu22_x86_64-7.3.2-20220804-6354275  User: oesteban  Machine: dna030  Platform: Linux  PlatformVersion: 5.14.0-427.37.1.el9_4.x86_64  CompilerName: GCC  CompilerVersion: 8.4.0
ProgramName: mri_matrix_multiply  ProgramArguments: mri_matrix_multiply -all-info  ProgramVersion: 7.3.2  TimeStamp: 2026/03/09-09:36:26-GMT  BuildTime: Aug  4 2022 06:17:15  BuildStamp: freesurfer-linux-ubuntu22_x86_64-7.3.2-20220804-6354275  User: oesteban  Machine: dna030  Platform: Linux  PlatformVersion: 5.14.0-427.37.1.el9_4.x86_64  CompilerName: GCC  CompilerVersion: 8.4.0
ProgramName: mri_normalize  ProgramArguments: mri_normalize -all-info  ProgramVersion: 7.3.2  TimeStamp: 2026/03/09-09:36:26-GMT  BuildTime: Aug  4 2022 06:17:15  BuildStamp: freesurfer-linux-ubuntu22_x86_64-7.3.2-20220804-6354275  User: oesteban  Machine: dna030  Platform: Linux  PlatformVersion: 5.14.0-427.37.1.el9_4.x86_64  CompilerName: GCC  CompilerVersion: 8.4.0
ProgramName: mri_normalize_tp2  ProgramArguments: mri_normalize_tp2 -all-info  ProgramVersion: 7.3.2  TimeStamp: 2026/03/09-09:36:26-GMT  BuildTime: Aug  4 2022 06:17:15  BuildStamp: freesurfer-linux-ubuntu22_x86_64-7.3.2-20220804-6354275  User: oesteban  Machine: dna030  Platform: Linux  PlatformVersion: 5.14.0-427.37.1.el9_4.x86_64  CompilerName: GCC  CompilerVersion: 8.4.0
ProgramName: mri_or  ProgramArguments: mri_or -all-info  ProgramVersion: 7.3.2  TimeStamp: 2026/03/09-09:36:26-GMT  BuildTime: Aug  4 2022 06:17:15  BuildStamp: freesurfer-linux-ubuntu22_x86_64-7.3.2-20220804-6354275  User: oesteban  Machine: dna030  Platform: Linux  PlatformVersion: 5.14.0-427.37.1.el9_4.x86_64  CompilerName: GCC  CompilerVersion: 8.4.0
ProgramName: mri_relabel_hypointensities  ProgramArguments: mri_relabel_hypointensities -all-info  ProgramVersion: 7.3.2  TimeStamp: 2026/03/09-09:36:26-GMT  BuildTime: Aug  4 2022 06:17:15  BuildStamp: freesurfer-linux-ubuntu22_x86_64-7.3.2-20220804-6354275  User: oesteban  Machine: dna030  Platform: Linux  PlatformVersion: 5.14.0-427.37.1.el9_4.x86_64  CompilerName: GCC  CompilerVersion: 8.4.0
ProgramName: mri_relabel_nonwm_hypos  ProgramArguments: mri_relabel_nonwm_hypos -all-info  ProgramVersion: 7.3.2  TimeStamp: 2026/03/09-09:36:26-GMT  BuildTime: Aug  4 2022 06:17:15  BuildStamp: freesurfer-linux-ubuntu22_x86_64-7.3.2-20220804-6354275  User: oesteban  Machine: dna030  Platform: Linux  PlatformVersion: 5.14.0-427.37.1.el9_4.x86_64  CompilerName: GCC  CompilerVersion: 8.4.0
ProgramName: mri_remove_neck  ProgramArguments: mri_remove_neck -all-info  ProgramVersion: 7.3.2  TimeStamp: 2026/03/09-09:36:26-GMT  BuildTime: Aug  4 2022 06:17:15  BuildStamp: freesurfer-linux-ubuntu22_x86_64-7.3.2-20220804-6354275  User: oesteban  Machine: dna030  Platform: Linux  PlatformVersion: 5.14.0-427.37.1.el9_4.x86_64  CompilerName: GCC  CompilerVersion: 8.4.0
7.3.2

ProgramName: mri_robust_register  ProgramArguments: mri_robust_register -all-info  ProgramVersion: 7.3.2  TimeStamp: 2026/03/09-09:36:26-GMT  BuildTime: Aug  4 2022 06:17:15  BuildStamp: freesurfer-linux-ubuntu22_x86_64-7.3.2-20220804-6354275  User: oesteban  Machine: dna030  Platform: Linux  PlatformVersion: 5.14.0-427.37.1.el9_4.x86_64  CompilerName: GCC  CompilerVersion: 8.4.0
7.3.2

ProgramName: mri_robust_template  ProgramArguments: mri_robust_template -all-info  ProgramVersion: 7.3.2  TimeStamp: 2026/03/09-09:36:26-GMT  BuildTime: Aug  4 2022 06:17:15  BuildStamp: freesurfer-linux-ubuntu22_x86_64-7.3.2-20220804-6354275  User: oesteban  Machine: dna030  Platform: Linux  PlatformVersion: 5.14.0-427.37.1.el9_4.x86_64  CompilerName: GCC  CompilerVersion: 8.4.0
ProgramName: mris_anatomical_stats  ProgramArguments: mris_anatomical_stats -all-info  ProgramVersion: 7.3.2  TimeStamp: 2026/03/09-09:36:26-GMT  BuildTime: Aug  4 2022 06:17:15  BuildStamp: freesurfer-linux-ubuntu22_x86_64-7.3.2-20220804-6354275  User: oesteban  Machine: dna030  Platform: Linux  PlatformVersion: 5.14.0-427.37.1.el9_4.x86_64  CompilerName: GCC  CompilerVersion: 8.4.0
ProgramName: mris_ca_label  ProgramArguments: mris_ca_label -all-info  ProgramVersion: 7.3.2  TimeStamp: 2026/03/09-09:36:26-GMT  BuildTime: Aug  4 2022 06:17:15  BuildStamp: freesurfer-linux-ubuntu22_x86_64-7.3.2-20220804-6354275  User: oesteban  Machine: dna030  Platform: Linux  PlatformVersion: 5.14.0-427.37.1.el9_4.x86_64  CompilerName: GCC  CompilerVersion: 8.4.0
ProgramName: mris_calc  ProgramArguments: mris_calc -all-info  ProgramVersion: 7.3.2  TimeStamp: 2026/03/09-09:36:26-GMT  BuildTime: Aug  4 2022 06:17:15  BuildStamp: freesurfer-linux-ubuntu22_x86_64-7.3.2-20220804-6354275  User: oesteban  Machine: dna030  Platform: Linux  PlatformVersion: 5.14.0-427.37.1.el9_4.x86_64  CompilerName: GCC  CompilerVersion: 8.4.0
ProgramName: mris_convert  ProgramArguments: mris_convert -all-info  ProgramVersion: 7.3.2  TimeStamp: 2026/03/09-09:36:26-GMT  BuildTime: Aug  4 2022 06:17:15  BuildStamp: freesurfer-linux-ubuntu22_x86_64-7.3.2-20220804-6354275  User: oesteban  Machine: dna030  Platform: Linux  PlatformVersion: 5.14.0-427.37.1.el9_4.x86_64  CompilerName: GCC  CompilerVersion: 8.4.0
ProgramName: mris_curvature  ProgramArguments: mris_curvature -all-info  ProgramVersion: 7.3.2  TimeStamp: 2026/03/09-09:36:26-GMT  BuildTime: Aug  4 2022 06:17:15  BuildStamp: freesurfer-linux-ubuntu22_x86_64-7.3.2-20220804-6354275  User: oesteban  Machine: dna030  Platform: Linux  PlatformVersion: 5.14.0-427.37.1.el9_4.x86_64  CompilerName: GCC  CompilerVersion: 8.4.0
ProgramName: mris_curvature_stats  ProgramArguments: mris_curvature_stats -all-info  ProgramVersion: 7.3.2  TimeStamp: 2026/03/09-09:36:26-GMT  BuildTime: Aug  4 2022 06:17:15  BuildStamp: freesurfer-linux-ubuntu22_x86_64-7.3.2-20220804-6354275  User: oesteban  Machine: dna030  Platform: Linux  PlatformVersion: 5.14.0-427.37.1.el9_4.x86_64  CompilerName: GCC  CompilerVersion: 8.4.0
ProgramName: mris_diff  ProgramArguments: mris_diff -all-info  ProgramVersion: 7.3.2  TimeStamp: 2026/03/09-09:36:26-GMT  BuildTime: Aug  4 2022 06:17:15  BuildStamp: freesurfer-linux-ubuntu22_x86_64-7.3.2-20220804-6354275  User: oesteban  Machine: dna030  Platform: Linux  PlatformVersion: 5.14.0-427.37.1.el9_4.x86_64  CompilerName: GCC  CompilerVersion: 8.4.0
ProgramName: mris_divide_parcellation  ProgramArguments: mris_divide_parcellation -all-info  ProgramVersion: 7.3.2  TimeStamp: 2026/03/09-09:36:26-GMT  BuildTime: Aug  4 2022 06:17:15  BuildStamp: freesurfer-linux-ubuntu22_x86_64-7.3.2-20220804-6354275  User: oesteban  Machine: dna030  Platform: Linux  PlatformVersion: 5.14.0-427.37.1.el9_4.x86_64  CompilerName: GCC  CompilerVersion: 8.4.0
ProgramName: mri_segment  ProgramArguments: mri_segment -all-info  ProgramVersion: 7.3.2  TimeStamp: 2026/03/09-09:36:26-GMT  BuildTime: Aug  4 2022 06:17:15  BuildStamp: freesurfer-linux-ubuntu22_x86_64-7.3.2-20220804-6354275  User: oesteban  Machine: dna030  Platform: Linux  PlatformVersion: 5.14.0-427.37.1.el9_4.x86_64  CompilerName: GCC  CompilerVersion: 8.4.0
ProgramName: mri_segstats  ProgramArguments: mri_segstats -all-info  ProgramVersion: 7.3.2  TimeStamp: 2026/03/09-09:36:26-GMT  BuildTime: Aug  4 2022 06:17:15  BuildStamp: freesurfer-linux-ubuntu22_x86_64-7.3.2-20220804-6354275  User: oesteban  Machine: dna030  Platform: Linux  PlatformVersion: 5.14.0-427.37.1.el9_4.x86_64  CompilerName: GCC  CompilerVersion: 8.4.0
ProgramName: mris_euler_number  ProgramArguments: mris_euler_number -all-info  ProgramVersion: 7.3.2  TimeStamp: 2026/03/09-09:36:26-GMT  BuildTime: Aug  4 2022 06:17:15  BuildStamp: freesurfer-linux-ubuntu22_x86_64-7.3.2-20220804-6354275  User: oesteban  Machine: dna030  Platform: Linux  PlatformVersion: 5.14.0-427.37.1.el9_4.x86_64  CompilerName: GCC  CompilerVersion: 8.4.0
ProgramName: mris_fix_topology  ProgramArguments: mris_fix_topology -all-info  ProgramVersion: 7.3.2  TimeStamp: 2026/03/09-09:36:26-GMT  BuildTime: Aug  4 2022 06:17:15  BuildStamp: freesurfer-linux-ubuntu22_x86_64-7.3.2-20220804-6354275  User: oesteban  Machine: dna030  Platform: Linux  PlatformVersion: 5.14.0-427.37.1.el9_4.x86_64  CompilerName: GCC  CompilerVersion: 8.4.0
ProgramName: mris_topo_fixer  ProgramArguments: mris_topo_fixer -all-info  ProgramVersion: 7.3.2  TimeStamp: 2026/03/09-09:36:26-GMT  BuildTime: Aug  4 2022 06:17:15  BuildStamp: freesurfer-linux-ubuntu22_x86_64-7.3.2-20220804-6354275  User: oesteban  Machine: dna030  Platform: Linux  PlatformVersion: 5.14.0-427.37.1.el9_4.x86_64  CompilerName: GCC  CompilerVersion: 8.4.0
ProgramName: mris_jacobian  ProgramArguments: mris_jacobian -all-info  ProgramVersion: 7.3.2  TimeStamp: 2026/03/09-09:36:26-GMT  BuildTime: Aug  4 2022 06:17:15  BuildStamp: freesurfer-linux-ubuntu22_x86_64-7.3.2-20220804-6354275  User: oesteban  Machine: dna030  Platform: Linux  PlatformVersion: 5.14.0-427.37.1.el9_4.x86_64  CompilerName: GCC  CompilerVersion: 8.4.0
ProgramName: mris_label2annot  ProgramArguments: mris_label2annot -all-info  ProgramVersion: 7.3.2  TimeStamp: 2026/03/09-09:36:26-GMT  BuildTime: Aug  4 2022 06:17:15  BuildStamp: freesurfer-linux-ubuntu22_x86_64-7.3.2-20220804-6354275  User: oesteban  Machine: dna030  Platform: Linux  PlatformVersion: 5.14.0-427.37.1.el9_4.x86_64  CompilerName: GCC  CompilerVersion: 8.4.0
ProgramName: mris_left_right_register  ProgramArguments: mris_left_right_register -all-info  ProgramVersion: 7.3.2  TimeStamp: 2026/03/09-09:36:26-GMT  BuildTime: Aug  4 2022 06:17:15  BuildStamp: freesurfer-linux-ubuntu22_x86_64-7.3.2-20220804-6354275  User: oesteban  Machine: dna030  Platform: Linux  PlatformVersion: 5.14.0-427.37.1.el9_4.x86_64  CompilerName: GCC  CompilerVersion: 8.4.0
ProgramName: mris_place_surface  ProgramArguments: mris_place_surface -all-info  ProgramVersion: 7.3.2  TimeStamp: 2026/03/09-09:36:26-GMT  BuildTime: Aug  4 2022 06:17:15  BuildStamp: freesurfer-linux-ubuntu22_x86_64-7.3.2-20220804-6354275  User: oesteban  Machine: dna030  Platform: Linux  PlatformVersion: 5.14.0-427.37.1.el9_4.x86_64  CompilerName: GCC  CompilerVersion: 8.4.0
ProgramName: mrisp_paint  ProgramArguments: mrisp_paint -all-info  ProgramVersion: 7.3.2  TimeStamp: 2026/03/09-09:36:26-GMT  BuildTime: Aug  4 2022 06:17:15  BuildStamp: freesurfer-linux-ubuntu22_x86_64-7.3.2-20220804-6354275  User: oesteban  Machine: dna030  Platform: Linux  PlatformVersion: 5.14.0-427.37.1.el9_4.x86_64  CompilerName: GCC  CompilerVersion: 8.4.0
ProgramName: mris_register  ProgramArguments: mris_register -all-info  ProgramVersion: 7.3.2  TimeStamp: 2026/03/09-09:36:26-GMT  BuildTime: Aug  4 2022 06:17:15  BuildStamp: freesurfer-linux-ubuntu22_x86_64-7.3.2-20220804-6354275  User: oesteban  Machine: dna030  Platform: Linux  PlatformVersion: 5.14.0-427.37.1.el9_4.x86_64  CompilerName: GCC  CompilerVersion: 8.4.0
ProgramName: mris_smooth  ProgramArguments: mris_smooth -all-info  ProgramVersion: 7.3.2  TimeStamp: 2026/03/09-09:36:26-GMT  BuildTime: Aug  4 2022 06:17:15  BuildStamp: freesurfer-linux-ubuntu22_x86_64-7.3.2-20220804-6354275  User: oesteban  Machine: dna030  Platform: Linux  PlatformVersion: 5.14.0-427.37.1.el9_4.x86_64  CompilerName: GCC  CompilerVersion: 8.4.0
ProgramName: mris_sphere  ProgramArguments: mris_sphere -all-info  ProgramVersion: 7.3.2  TimeStamp: 2026/03/09-09:36:26-GMT  BuildTime: Aug  4 2022 06:17:15  BuildStamp: freesurfer-linux-ubuntu22_x86_64-7.3.2-20220804-6354275  User: oesteban  Machine: dna030  Platform: Linux  PlatformVersion: 5.14.0-427.37.1.el9_4.x86_64  CompilerName: GCC  CompilerVersion: 8.4.0
ProgramName: mris_surface_stats  ProgramArguments: mris_surface_stats -all-info  ProgramVersion: 7.3.2  TimeStamp: 2026/03/09-09:36:26-GMT  BuildTime: Aug  4 2022 06:17:15  BuildStamp: freesurfer-linux-ubuntu22_x86_64-7.3.2-20220804-6354275  User: oesteban  Machine: dna030  Platform: Linux  PlatformVersion: 5.14.0-427.37.1.el9_4.x86_64  CompilerName: GCC  CompilerVersion: 8.4.0
ProgramName: mri_stats2seg  ProgramArguments: mri_stats2seg -all-info  ProgramVersion: 7.3.2  TimeStamp: 2026/03/09-09:36:26-GMT  BuildTime: Aug  4 2022 06:17:15  BuildStamp: freesurfer-linux-ubuntu22_x86_64-7.3.2-20220804-6354275  User: oesteban  Machine: dna030  Platform: Linux  PlatformVersion: 5.14.0-427.37.1.el9_4.x86_64  CompilerName: GCC  CompilerVersion: 8.4.0
ProgramName: mris_thickness  ProgramArguments: mris_thickness -all-info  ProgramVersion: 7.3.2  TimeStamp: 2026/03/09-09:36:26-GMT  BuildTime: Aug  4 2022 06:17:15  BuildStamp: freesurfer-linux-ubuntu22_x86_64-7.3.2-20220804-6354275  User: oesteban  Machine: dna030  Platform: Linux  PlatformVersion: 5.14.0-427.37.1.el9_4.x86_64  CompilerName: GCC  CompilerVersion: 8.4.0
ProgramName: mris_thickness_diff  ProgramArguments: mris_thickness_diff -all-info  ProgramVersion: 7.3.2  TimeStamp: 2026/03/09-09:36:26-GMT  BuildTime: Aug  4 2022 06:17:15  BuildStamp: freesurfer-linux-ubuntu22_x86_64-7.3.2-20220804-6354275  User: oesteban  Machine: dna030  Platform: Linux  PlatformVersion: 5.14.0-427.37.1.el9_4.x86_64  CompilerName: GCC  CompilerVersion: 8.4.0
ProgramName: mris_topo_fixer  ProgramArguments: mris_topo_fixer -all-info  ProgramVersion: 7.3.2  TimeStamp: 2026/03/09-09:36:26-GMT  BuildTime: Aug  4 2022 06:17:15  BuildStamp: freesurfer-linux-ubuntu22_x86_64-7.3.2-20220804-6354275  User: oesteban  Machine: dna030  Platform: Linux  PlatformVersion: 5.14.0-427.37.1.el9_4.x86_64  CompilerName: GCC  CompilerVersion: 8.4.0
ProgramName: mri_surf2surf  ProgramArguments: mri_surf2surf -all-info  ProgramVersion: 7.3.2  TimeStamp: 2026/03/09-09:36:26-GMT  BuildTime: Aug  4 2022 06:17:15  BuildStamp: freesurfer-linux-ubuntu22_x86_64-7.3.2-20220804-6354275  User: oesteban  Machine: dna030  Platform: Linux  PlatformVersion: 5.14.0-427.37.1.el9_4.x86_64  CompilerName: GCC  CompilerVersion: 8.4.0
ProgramName: mri_surf2vol  ProgramArguments: mri_surf2vol -all-info  ProgramVersion: 7.3.2  TimeStamp: 2026/03/09-09:36:26-GMT  BuildTime: Aug  4 2022 06:17:15  BuildStamp: freesurfer-linux-ubuntu22_x86_64-7.3.2-20220804-6354275  User: oesteban  Machine: dna030  Platform: Linux  PlatformVersion: 5.14.0-427.37.1.el9_4.x86_64  CompilerName: GCC  CompilerVersion: 8.4.0
ProgramName: mri_surfcluster  ProgramArguments: mri_surfcluster -all-info  ProgramVersion: 7.3.2  TimeStamp: 2026/03/09-09:36:26-GMT  BuildTime: Aug  4 2022 06:17:15  BuildStamp: freesurfer-linux-ubuntu22_x86_64-7.3.2-20220804-6354275  User: oesteban  Machine: dna030  Platform: Linux  PlatformVersion: 5.14.0-427.37.1.el9_4.x86_64  CompilerName: GCC  CompilerVersion: 8.4.0
ProgramName: mris_volmask  ProgramArguments: mris_volmask -all-info  ProgramVersion: 7.3.2  TimeStamp: 2026/03/09-09:36:26-GMT  BuildTime: Aug  4 2022 06:17:15  BuildStamp: freesurfer-linux-ubuntu22_x86_64-7.3.2-20220804-6354275  User: oesteban  Machine: dna030  Platform: Linux  PlatformVersion: 5.14.0-427.37.1.el9_4.x86_64  CompilerName: GCC  CompilerVersion: 8.4.0
ProgramName: mri_tessellate  ProgramArguments: mri_tessellate -all-info  ProgramVersion: 7.3.2  TimeStamp: 2026/03/09-09:36:26-GMT  BuildTime: Aug  4 2022 06:17:15  BuildStamp: freesurfer-linux-ubuntu22_x86_64-7.3.2-20220804-6354275  User: oesteban  Machine: dna030  Platform: Linux  PlatformVersion: 5.14.0-427.37.1.el9_4.x86_64  CompilerName: GCC  CompilerVersion: 8.4.0
ProgramName: mri_vol2surf  ProgramArguments: mri_vol2surf -all-info  ProgramVersion: 7.3.2  TimeStamp: 2026/03/09-09:36:26-GMT  BuildTime: Aug  4 2022 06:17:15  BuildStamp: freesurfer-linux-ubuntu22_x86_64-7.3.2-20220804-6354275  User: oesteban  Machine: dna030  Platform: Linux  PlatformVersion: 5.14.0-427.37.1.el9_4.x86_64  CompilerName: GCC  CompilerVersion: 8.4.0
ProgramName: mri_vol2vol  ProgramArguments: mri_vol2vol -all-info  ProgramVersion: 7.3.2  TimeStamp: 2026/03/09-09:36:26-GMT  BuildTime: Aug  4 2022 06:17:15  BuildStamp: freesurfer-linux-ubuntu22_x86_64-7.3.2-20220804-6354275  User: oesteban  Machine: dna030  Platform: Linux  PlatformVersion: 5.14.0-427.37.1.el9_4.x86_64  CompilerName: GCC  CompilerVersion: 8.4.0
ProgramName: mri_voldiff  ProgramArguments: mri_voldiff -all-info  ProgramVersion: 7.3.2  TimeStamp: 2026/03/09-09:36:26-GMT  BuildTime: Aug  4 2022 06:17:15  BuildStamp: freesurfer-linux-ubuntu22_x86_64-7.3.2-20220804-6354275  User: oesteban  Machine: dna030  Platform: Linux  PlatformVersion: 5.14.0-427.37.1.el9_4.x86_64  CompilerName: GCC  CompilerVersion: 8.4.0
ProgramName: mri_watershed  ProgramArguments: mri_watershed -all-info  ProgramVersion: 7.3.2  TimeStamp: 2026/03/09-09:36:26-GMT  BuildTime: Aug  4 2022 06:17:15  BuildStamp: freesurfer-linux-ubuntu22_x86_64-7.3.2-20220804-6354275  User: oesteban  Machine: dna030  Platform: Linux  PlatformVersion: 5.14.0-427.37.1.el9_4.x86_64  CompilerName: GCC  CompilerVersion: 8.4.0
ProgramName: tkregister2  ProgramArguments: tkregister2_cmdl -all-info  ProgramVersion: 7.3.2  TimeStamp: 2026/03/09-09:36:26-GMT  BuildTime: Aug  4 2022 06:17:15  BuildStamp: freesurfer-linux-ubuntu22_x86_64-7.3.2-20220804-6354275  User: oesteban  Machine: dna030  Platform: Linux  PlatformVersion: 5.14.0-427.37.1.el9_4.x86_64  CompilerName: GCC  CompilerVersion: 8.4.0
mri_motion_correct.fsl 7.3.2
mri_convert -all-info 
ProgramName: mri_convert  ProgramArguments: mri_convert -all-info  ProgramVersion: 7.3.2  TimeStamp: 2026/03/09-09:36:26-GMT  BuildTime: Aug  4 2022 06:17:15  BuildStamp: freesurfer-linux-ubuntu22_x86_64-7.3.2-20220804-6354275  User: oesteban  Machine: dna030  Platform: Linux  PlatformVersion: 5.14.0-427.37.1.el9_4.x86_64  CompilerName: GCC  CompilerVersion: 8.4.0
Program nu_correct, built from:
Package MNI N3, version 1.12.0, compiled by nicks@terrier (x86_64-unknown-linux-gnu) on 2015-06-19 at 01:25:34
#######################################
GCADIR /opt/freesurfer/average
GCA RB_all_2020-01-02.gca
GCASkull RB_all_withskull_2020_01_02.gca
AvgCurvTif folding.atlas.acfb40.noaparc.i12.2016-08-02.tif
GCSDIR /opt/freesurfer/average
GCS DKaparc.atlas.acfb40.noaparc.i12.2016-08-02.gcs
#######################################
#-------------------------------------
#@# EM Registration Mon Mar  9 10:36:26 CET 2026
/out/sourcedata/freesurfer/sub-v1s21x0050407_ses-1/mri

 mri_em_register -uns 3 -mask brainmask.mgz nu.mgz /opt/freesurfer/average/RB_all_2020-01-02.gca transforms/talairach.lta 

setting unknown_nbr_spacing = 3
using MR volume brainmask.mgz to mask input volume...

== Number of threads available to mri_em_register for OpenMP = 16 == 
reading 1 input volumes...
logging results to talairach.log
reading '/opt/freesurfer/average/RB_all_2020-01-02.gca'...
GCAread took 0 minutes and 1 seconds.
average std = 7.2   using min determinant for regularization = 5.2
0 singular and 884 ill-conditioned covariance matrices regularized
reading 'nu.mgz'...
MRImask(): AllowDiffGeom = 1
MRImask(): AllowDiffGeom = 1
MRImask(): AllowDiffGeom = 1
MRImask(): AllowDiffGeom = 1
MRImask(): AllowDiffGeom = 1
freeing gibbs priors...done.
accounting for voxel sizes in initial transform
bounding unknown intensity as < 5.9 or > 519.0 
total sample mean = 79.1 (1017 zeros)
************************************************
spacing=8, using 2841 sample points, tol=1.00e-05...
************************************************
register_mri: find_optimal_transform
find_optimal_transform: nsamples 2841, passno 0, spacing 8
resetting wm mean[0]: 98 --> 107
resetting gm mean[0]: 61 --> 61
input volume #1 is the most T1-like
using real data threshold=29.0
skull bounding box = (64, 47, 33) --> (193, 177, 190)
finding center of left hemi white matter
using (107, 90, 112) as brain centroid of Right_Cerebral_White_Matter...
MRImask(): AllowDiffGeom = 1
mean wm in atlas = 107, using box (91,74,93) --> (122, 105,131) to find MRI wm
before smoothing, mri peak at 97
robust fit to distribution - 97 +- 8.3
after smoothing, mri peak at 97, scaling input intensities by 1.103
scaling channel 0 by 1.10309
initial log_p = -4.128
************************************************
First Search limited to translation only.
************************************************
max log p =    -4.251163 @ (-10.526, 10.526, -10.526)
max log p =    -4.102826 @ (5.263, 5.263, 5.263)
max log p =    -4.043725 @ (7.895, -2.632, 2.632)
max log p =    -4.043725 @ (0.000, 0.000, 0.000)
max log p =    -4.043725 @ (0.000, 0.000, 0.000)
max log p =    -4.043725 @ (0.000, 0.000, 0.000)
max log p =    -4.043725 @ (0.000, 0.000, 0.000)
max log p =    -4.043725 @ (0.000, 0.000, 0.000)
Found translation: (2.6, 13.2, -2.6): log p = -4.044
****************************************
Nine parameter search.  iteration 0 nscales = 0 ...
****************************************
Result so far: scale 1.000: max_log_p=-3.974, old_max_log_p =-4.044 (thresh=-4.0)
 1.05669  -0.17154   0.09806  -4.29658;
 0.13912   1.02475   0.29354  -38.46038;
-0.14032  -0.27585   1.02949   48.38198;
 0.00000   0.00000   0.00000   1.00000;
iteration took 0 minutes and 11 seconds.
****************************************
Nine parameter search.  iteration 1 nscales = 0 ...
****************************************
Result so far: scale 1.000: max_log_p=-3.933, old_max_log_p =-3.974 (thresh=-4.0)
 1.06580  -0.03632   0.13553  -23.76560;
 0.00000   1.11625   0.29910  -30.44570;
-0.14032  -0.27585   1.02949   48.38198;
 0.00000   0.00000   0.00000   1.00000;
iteration took 0 minutes and 11 seconds.
****************************************
Nine parameter search.  iteration 2 nscales = 0 ...
****************************************
Result so far: scale 1.000: max_log_p=-3.933, old_max_log_p =-3.933 (thresh=-3.9)
 1.06580  -0.03632   0.13553  -23.76560;
 0.00000   1.11625   0.29910  -30.44570;
-0.14032  -0.27585   1.02949   48.38198;
 0.00000   0.00000   0.00000   1.00000;
reducing scale to 0.2500
iteration took 0 minutes and 11 seconds.
****************************************
Nine parameter search.  iteration 3 nscales = 1 ...
****************************************
Result so far: scale 0.250: max_log_p=-3.830, old_max_log_p =-3.933 (thresh=-3.9)
 1.09512   0.00963   0.00289  -15.18996;
-0.00935   1.12700   0.33983  -34.51414;
-0.00001  -0.30651   1.00867   33.39370;
 0.00000   0.00000   0.00000   1.00000;
iteration took 0 minutes and 12 seconds.
****************************************
Nine parameter search.  iteration 4 nscales = 1 ...
****************************************
Result so far: scale 0.250: max_log_p=-3.812, old_max_log_p =-3.830 (thresh=-3.8)
 1.09427  -0.02024  -0.03969  -7.49120;
 0.02599   1.12312   0.26688  -31.07677;
 0.03521  -0.23170   1.02828   18.88665;
 0.00000   0.00000   0.00000   1.00000;
iteration took 0 minutes and 12 seconds.
****************************************
Nine parameter search.  iteration 5 nscales = 1 ...
****************************************
Result so far: scale 0.250: max_log_p=-3.812, old_max_log_p =-3.812 (thresh=-3.8)
 1.09427  -0.02024  -0.03969  -7.49120;
 0.02599   1.12312   0.26688  -31.07677;
 0.03521  -0.23170   1.02828   18.88665;
 0.00000   0.00000   0.00000   1.00000;
reducing scale to 0.0625
iteration took 0 minutes and 12 seconds.
****************************************
Nine parameter search.  iteration 6 nscales = 2 ...
****************************************
Result so far: scale 0.062: max_log_p=-3.773, old_max_log_p =-3.812 (thresh=-3.8)
 1.09381   0.00169  -0.05248  -7.49880;
 0.00707   1.12727   0.24216  -27.00050;
 0.05365  -0.20463   1.03494   13.88637;
 0.00000   0.00000   0.00000   1.00000;
iteration took 0 minutes and 12 seconds.
****************************************
Nine parameter search.  iteration 7 nscales = 2 ...
****************************************
Result so far: scale 0.062: max_log_p=-3.773, old_max_log_p =-3.773 (thresh=-3.8)
 1.09381   0.00169  -0.05248  -7.49880;
 0.00707   1.12727   0.24216  -27.00050;
 0.05365  -0.20463   1.03494   13.88637;
 0.00000   0.00000   0.00000   1.00000;
min search scale 0.025000 reached
***********************************************
Computing MAP estimate using 2841 samples...
***********************************************
dt = 5.00e-06, momentum=0.80, tol=1.00e-05
l_intensity = 1.0000
Aligning input volume to GCA...
Transform matrix
 1.09381   0.00169  -0.05248  -7.49880;
 0.00707   1.12727   0.24216  -27.00050;
 0.05365  -0.20463   1.03494   13.88637;
 0.00000   0.00000   0.00000   1.00000;
nsamples 2841
Quasinewton: input matrix
 1.09381   0.00169  -0.05248  -7.49880;
 0.00707   1.12727   0.24216  -27.00050;
 0.05365  -0.20463   1.03494   13.88637;
 0.00000   0.00000   0.00000   1.00000;
 IFLAG= -1  LINE SEARCH FAILED. SEE DOCUMENTATION OF ROUTINE MCSRCH ERROR RETURN OF LINE SEARCH: INFO= 4 POSSIBLE CAUSES: FUNCTION OR GRADIENT ARE INCORRECT OR INCORRECT TOLERANCESoutof QuasiNewtonEMA: 010: -log(p) =   -0.0  tol 0.000010
Resulting transform:
 1.09381   0.00169  -0.05248  -7.49880;
 0.00707   1.12727   0.24216  -27.00050;
 0.05365  -0.20463   1.03494   13.88637;
 0.00000   0.00000   0.00000   1.00000;

pass 1, spacing 8: log(p) = -3.773 (old=-4.128)
transform before final EM align:
 1.09381   0.00169  -0.05248  -7.49880;
 0.00707   1.12727   0.24216  -27.00050;
 0.05365  -0.20463   1.03494   13.88637;
 0.00000   0.00000   0.00000   1.00000;

**************************************************
 EM alignment process ...
 Computing final MAP estimate using 315638 samples. 
**************************************************
dt = 5.00e-06, momentum=0.80, tol=1.00e-07
l_intensity = 1.0000
Aligning input volume to GCA...
Transform matrix
 1.09381   0.00169  -0.05248  -7.49880;
 0.00707   1.12727   0.24216  -27.00050;
 0.05365  -0.20463   1.03494   13.88637;
 0.00000   0.00000   0.00000   1.00000;
nsamples 315638
Quasinewton: input matrix
 1.09381   0.00169  -0.05248  -7.49880;
 0.00707   1.12727   0.24216  -27.00050;
 0.05365  -0.20463   1.03494   13.88637;
 0.00000   0.00000   0.00000   1.00000;
 IFLAG= -1  LINE SEARCH FAILED. SEE DOCUMENTATION OF ROUTINE MCSRCH ERROR RETURN OF LINE SEARCH: INFO= 6 POSSIBLE CAUSES: FUNCTION OR GRADIENT ARE INCORRECT OR INCORRECT TOLERANCESoutof QuasiNewtonEMA: 012: -log(p) =    4.2  tol 0.000000
final transform:
 1.09381   0.00169  -0.05248  -7.49880;
 0.00707   1.12727   0.24216  -27.00050;
 0.05365  -0.20463   1.03494   13.88637;
 0.00000   0.00000   0.00000   1.00000;

writing output transformation to transforms/talairach.lta...
#VMPC# mri_em_register VmPeak  891284
FSRUNTIME@ mri_em_register  0.0341 hours 16 threads
registration took 2 minutes and 3 seconds.

Started at Mon Mar 9 10:36:26 CET 2026 
Ended   at Mon Mar 9 10:38:29 CET 2026
#@#%# recon-all-run-time-hours 0.034
recon-all -s sub-v1s21x0050407_ses-1 finished without error at Mon Mar  9 10:38:29 CET 2026



#New# invocation of recon-all 




Mon Mar  9 10:38:31 CET 2026
cd /out/sourcedata/freesurfer/sub-v1s21x0050407_ses-1
setenv SUBJECTS_DIR /out/sourcedata/freesurfer
/opt/freesurfer/bin/recon-all -autorecon2-volonly -openmp 16 -subjid sub-v1s21x0050407_ses-1 -sd /out/sourcedata/freesurfer -nogcareg

subjid sub-v1s21x0050407_ses-1
setenv SUBJECTS_DIR /out/sourcedata/freesurfer
FREESURFER_HOME /opt/freesurfer
Actual FREESURFER_HOME /opt/freesurfer
build-stamp.txt: freesurfer-linux-ubuntu22_x86_64-7.3.2-20220804-6354275
Linux dna030 5.14.0-427.37.1.el9_4.x86_64 #1 SMP PREEMPT_DYNAMIC Fri Sep 13 12:41:50 EDT 2024 x86_64 x86_64 x86_64 GNU/Linux
cputime      unlimited
filesize     unlimited
datasize     unlimited
stacksize    8192 kbytes
coredumpsize 0 kbytes
memoryuse    67108864 kbytes
vmemoryuse   unlimited
descriptors  1024 
memorylocked unlimited
maxproc      2061970 
maxlocks     unlimited
maxsignal    2061970 
maxmessage   819200 
maxnice      0 
maxrtprio    0 
maxrttime    unlimited

               total        used        free      shared  buff/cache   available
Mem:           503Gi        45Gi       361Gi       7.4Gi        96Gi       447Gi
Swap:             0B          0B          0B

########################################
program versions used
7.3.2 (freesurfer-linux-ubuntu22_x86_64-7.3.2-20220804-6354275)
7.3.2

ProgramName: lta_convert  ProgramArguments: lta_convert -all-info  ProgramVersion: 7.3.2  TimeStamp: 2026/03/09-09:38:31-GMT  BuildTime: Aug  4 2022 06:17:15  BuildStamp: freesurfer-linux-ubuntu22_x86_64-7.3.2-20220804-6354275  User: oesteban  Machine: dna030  Platform: Linux  PlatformVersion: 5.14.0-427.37.1.el9_4.x86_64  CompilerName: GCC  CompilerVersion: 8.4.0
ProgramName: mri_and  ProgramArguments: mri_and -all-info  ProgramVersion: 7.3.2  TimeStamp: 2026/03/09-09:38:31-GMT  BuildTime: Aug  4 2022 06:17:15  BuildStamp: freesurfer-linux-ubuntu22_x86_64-7.3.2-20220804-6354275  User: oesteban  Machine: dna030  Platform: Linux  PlatformVersion: 5.14.0-427.37.1.el9_4.x86_64  CompilerName: GCC  CompilerVersion: 8.4.0
ProgramName: mri_annotation2label  ProgramArguments: mri_annotation2label -all-info  ProgramVersion: 7.3.2  TimeStamp: 2026/03/09-09:38:31-GMT  BuildTime: Aug  4 2022 06:17:15  BuildStamp: freesurfer-linux-ubuntu22_x86_64-7.3.2-20220804-6354275  User: oesteban  Machine: dna030  Platform: Linux  PlatformVersion: 5.14.0-427.37.1.el9_4.x86_64  CompilerName: GCC  CompilerVersion: 8.4.0
ProgramName: mri_aparc2aseg  ProgramArguments: mri_aparc2aseg -all-info  ProgramVersion: 7.3.2  TimeStamp: 2026/03/09-09:38:31-GMT  BuildTime: Aug  4 2022 06:17:15  BuildStamp: freesurfer-linux-ubuntu22_x86_64-7.3.2-20220804-6354275  User: oesteban  Machine: dna030  Platform: Linux  PlatformVersion: 5.14.0-427.37.1.el9_4.x86_64  CompilerName: GCC  CompilerVersion: 8.4.0
ProgramName: mri_surf2volseg  ProgramArguments: mri_surf2volseg -all-info  ProgramVersion: 7.3.2  TimeStamp: 2026/03/09-09:38:31-GMT  BuildTime: Aug  4 2022 06:17:15  BuildStamp: freesurfer-linux-ubuntu22_x86_64-7.3.2-20220804-6354275  User: oesteban  Machine: dna030  Platform: Linux  PlatformVersion: 5.14.0-427.37.1.el9_4.x86_64  CompilerName: GCC  CompilerVersion: 8.4.0
ProgramName: mri_binarize  ProgramArguments: mri_binarize -all-info  ProgramVersion: 7.3.2  TimeStamp: 2026/03/09-09:38:31-GMT  BuildTime: Aug  4 2022 06:17:15  BuildStamp: freesurfer-linux-ubuntu22_x86_64-7.3.2-20220804-6354275  User: oesteban  Machine: dna030  Platform: Linux  PlatformVersion: 5.14.0-427.37.1.el9_4.x86_64  CompilerName: GCC  CompilerVersion: 8.4.0
ProgramName: mri_ca_label  ProgramArguments: mri_ca_label -all-info  ProgramVersion: 7.3.2  TimeStamp: 2026/03/09-09:38:31-GMT  BuildTime: Aug  4 2022 06:17:15  BuildStamp: freesurfer-linux-ubuntu22_x86_64-7.3.2-20220804-6354275  User: oesteban  Machine: dna030  Platform: Linux  PlatformVersion: 5.14.0-427.37.1.el9_4.x86_64  CompilerName: GCC  CompilerVersion: 8.4.0
ProgramName: mri_ca_normalize  ProgramArguments: mri_ca_normalize -all-info  ProgramVersion: 7.3.2  TimeStamp: 2026/03/09-09:38:31-GMT  BuildTime: Aug  4 2022 06:17:15  BuildStamp: freesurfer-linux-ubuntu22_x86_64-7.3.2-20220804-6354275  User: oesteban  Machine: dna030  Platform: Linux  PlatformVersion: 5.14.0-427.37.1.el9_4.x86_64  CompilerName: GCC  CompilerVersion: 8.4.0
ProgramName: mri_ca_register  ProgramArguments: mri_ca_register -all-info  ProgramVersion: 7.3.2  TimeStamp: 2026/03/09-09:38:31-GMT  BuildTime: Aug  4 2022 06:17:15  BuildStamp: freesurfer-linux-ubuntu22_x86_64-7.3.2-20220804-6354275  User: oesteban  Machine: dna030  Platform: Linux  PlatformVersion: 5.14.0-427.37.1.el9_4.x86_64  CompilerName: GCC  CompilerVersion: 8.4.0
ProgramName: mri_cc  ProgramArguments: mri_cc -all-info  ProgramVersion: 7.3.2  TimeStamp: 2026/03/09-09:38:31-GMT  BuildTime: Aug  4 2022 06:17:15  BuildStamp: freesurfer-linux-ubuntu22_x86_64-7.3.2-20220804-6354275  User: oesteban  Machine: dna030  Platform: Linux  PlatformVersion: 5.14.0-427.37.1.el9_4.x86_64  CompilerName: GCC  CompilerVersion: 8.4.0
ProgramName: mri_compute_overlap  ProgramArguments: mri_compute_overlap -all-info  ProgramVersion: 7.3.2  TimeStamp: 2026/03/09-09:38:31-GMT  BuildTime: Aug  4 2022 06:17:15  BuildStamp: freesurfer-linux-ubuntu22_x86_64-7.3.2-20220804-6354275  User: oesteban  Machine: dna030  Platform: Linux  PlatformVersion: 5.14.0-427.37.1.el9_4.x86_64  CompilerName: GCC  CompilerVersion: 8.4.0
ProgramName: mri_compute_seg_overlap  ProgramArguments: mri_compute_seg_overlap -all-info  ProgramVersion: 7.3.2  TimeStamp: 2026/03/09-09:38:31-GMT  BuildTime: Aug  4 2022 06:17:15  BuildStamp: freesurfer-linux-ubuntu22_x86_64-7.3.2-20220804-6354275  User: oesteban  Machine: dna030  Platform: Linux  PlatformVersion: 5.14.0-427.37.1.el9_4.x86_64  CompilerName: GCC  CompilerVersion: 8.4.0
ProgramName: mri_concat  ProgramArguments: mri_concat -all-info  ProgramVersion: 7.3.2  TimeStamp: 2026/03/09-09:38:31-GMT  BuildTime: Aug  4 2022 06:17:15  BuildStamp: freesurfer-linux-ubuntu22_x86_64-7.3.2-20220804-6354275  User: oesteban  Machine: dna030  Platform: Linux  PlatformVersion: 5.14.0-427.37.1.el9_4.x86_64  CompilerName: GCC  CompilerVersion: 8.4.0
ProgramName: mri_concatenate_lta  ProgramArguments: mri_concatenate_lta -all-info  ProgramVersion: 7.3.2  TimeStamp: 2026/03/09-09:38:31-GMT  BuildTime: Aug  4 2022 06:17:15  BuildStamp: freesurfer-linux-ubuntu22_x86_64-7.3.2-20220804-6354275  User: oesteban  Machine: dna030  Platform: Linux  PlatformVersion: 5.14.0-427.37.1.el9_4.x86_64  CompilerName: GCC  CompilerVersion: 8.4.0
mri_convert -all-info 
ProgramName: mri_convert  ProgramArguments: mri_convert -all-info  ProgramVersion: 7.3.2  TimeStamp: 2026/03/09-09:38:31-GMT  BuildTime: Aug  4 2022 06:17:15  BuildStamp: freesurfer-linux-ubuntu22_x86_64-7.3.2-20220804-6354275  User: oesteban  Machine: dna030  Platform: Linux  PlatformVersion: 5.14.0-427.37.1.el9_4.x86_64  CompilerName: GCC  CompilerVersion: 8.4.0
ProgramName: mri_diff  ProgramArguments: mri_diff -all-info  ProgramVersion: 7.3.2  TimeStamp: 2026/03/09-09:38:31-GMT  BuildTime: Aug  4 2022 06:17:15  BuildStamp: freesurfer-linux-ubuntu22_x86_64-7.3.2-20220804-6354275  User: oesteban  Machine: dna030  Platform: Linux  PlatformVersion: 5.14.0-427.37.1.el9_4.x86_64  CompilerName: GCC  CompilerVersion: 8.4.0
ProgramName: mri_edit_wm_with_aseg  ProgramArguments: mri_edit_wm_with_aseg -all-info  ProgramVersion: 7.3.2  TimeStamp: 2026/03/09-09:38:31-GMT  BuildTime: Aug  4 2022 06:17:15  BuildStamp: freesurfer-linux-ubuntu22_x86_64-7.3.2-20220804-6354275  User: oesteban  Machine: dna030  Platform: Linux  PlatformVersion: 5.14.0-427.37.1.el9_4.x86_64  CompilerName: GCC  CompilerVersion: 8.4.0
ProgramName: mri_em_register  ProgramArguments: mri_em_register -all-info  ProgramVersion: 7.3.2  TimeStamp: 2026/03/09-09:38:31-GMT  BuildTime: Aug  4 2022 06:17:15  BuildStamp: freesurfer-linux-ubuntu22_x86_64-7.3.2-20220804-6354275  User: oesteban  Machine: dna030  Platform: Linux  PlatformVersion: 5.14.0-427.37.1.el9_4.x86_64  CompilerName: GCC  CompilerVersion: 8.4.0
ProgramName: mri_fill  ProgramArguments: mri_fill -all-info  ProgramVersion: 7.3.2  TimeStamp: 2026/03/09-09:38:31-GMT  BuildTime: Aug  4 2022 06:17:15  BuildStamp: freesurfer-linux-ubuntu22_x86_64-7.3.2-20220804-6354275  User: oesteban  Machine: dna030  Platform: Linux  PlatformVersion: 5.14.0-427.37.1.el9_4.x86_64  CompilerName: GCC  CompilerVersion: 8.4.0
ProgramName: mri_fuse_segmentations  ProgramArguments: mri_fuse_segmentations -all-info  ProgramVersion: 7.3.2  TimeStamp: 2026/03/09-09:38:31-GMT  BuildTime: Aug  4 2022 06:17:15  BuildStamp: freesurfer-linux-ubuntu22_x86_64-7.3.2-20220804-6354275  User: oesteban  Machine: dna030  Platform: Linux  PlatformVersion: 5.14.0-427.37.1.el9_4.x86_64  CompilerName: GCC  CompilerVersion: 8.4.0
ProgramName: mri_fwhm  ProgramArguments: mri_fwhm -all-info  ProgramVersion: 7.3.2  TimeStamp: 2026/03/09-09:38:31-GMT  BuildTime: Aug  4 2022 06:17:15  BuildStamp: freesurfer-linux-ubuntu22_x86_64-7.3.2-20220804-6354275  User: oesteban  Machine: dna030  Platform: Linux  PlatformVersion: 5.14.0-427.37.1.el9_4.x86_64  CompilerName: GCC  CompilerVersion: 8.4.0
ProgramName: mri_gcut  ProgramArguments: mri_gcut -all-info  ProgramVersion: 7.3.2  TimeStamp: 2026/03/09-09:38:31-GMT  BuildTime: Aug  4 2022 06:17:15  BuildStamp: freesurfer-linux-ubuntu22_x86_64-7.3.2-20220804-6354275  User: oesteban  Machine: dna030  Platform: Linux  PlatformVersion: 5.14.0-427.37.1.el9_4.x86_64  CompilerName: GCC  CompilerVersion: 8.4.0
ProgramName: mri_info  ProgramArguments: mri_info -all-info  ProgramVersion: 7.3.2  TimeStamp: 2026/03/09-09:38:31-GMT  BuildTime: Aug  4 2022 06:17:15  BuildStamp: freesurfer-linux-ubuntu22_x86_64-7.3.2-20220804-6354275  User: oesteban  Machine: dna030  Platform: Linux  PlatformVersion: 5.14.0-427.37.1.el9_4.x86_64  CompilerName: GCC  CompilerVersion: 8.4.0
ProgramName: mri_label2label  ProgramArguments: mri_label2label -all-info  ProgramVersion: 7.3.2  TimeStamp: 2026/03/09-09:38:31-GMT  BuildTime: Aug  4 2022 06:17:15  BuildStamp: freesurfer-linux-ubuntu22_x86_64-7.3.2-20220804-6354275  User: oesteban  Machine: dna030  Platform: Linux  PlatformVersion: 5.14.0-427.37.1.el9_4.x86_64  CompilerName: GCC  CompilerVersion: 8.4.0
ProgramName: mri_label2vol  ProgramArguments: mri_label2vol -all-info  ProgramVersion: 7.3.2  TimeStamp: 2026/03/09-09:38:31-GMT  BuildTime: Aug  4 2022 06:17:15  BuildStamp: freesurfer-linux-ubuntu22_x86_64-7.3.2-20220804-6354275  User: oesteban  Machine: dna030  Platform: Linux  PlatformVersion: 5.14.0-427.37.1.el9_4.x86_64  CompilerName: GCC  CompilerVersion: 8.4.0
ProgramName: mri_log_likelihood  ProgramArguments: mri_log_likelihood -all-info  ProgramVersion: 7.3.2  TimeStamp: 2026/03/09-09:38:31-GMT  BuildTime: Aug  4 2022 06:17:15  BuildStamp: freesurfer-linux-ubuntu22_x86_64-7.3.2-20220804-6354275  User: oesteban  Machine: dna030  Platform: Linux  PlatformVersion: 5.14.0-427.37.1.el9_4.x86_64  CompilerName: GCC  CompilerVersion: 8.4.0
ProgramName: mri_mask  ProgramArguments: mri_mask -all-info  ProgramVersion: 7.3.2  TimeStamp: 2026/03/09-09:38:31-GMT  BuildTime: Aug  4 2022 06:17:15  BuildStamp: freesurfer-linux-ubuntu22_x86_64-7.3.2-20220804-6354275  User: oesteban  Machine: dna030  Platform: Linux  PlatformVersion: 5.14.0-427.37.1.el9_4.x86_64  CompilerName: GCC  CompilerVersion: 8.4.0
ProgramName: mri_matrix_multiply  ProgramArguments: mri_matrix_multiply -all-info  ProgramVersion: 7.3.2  TimeStamp: 2026/03/09-09:38:31-GMT  BuildTime: Aug  4 2022 06:17:15  BuildStamp: freesurfer-linux-ubuntu22_x86_64-7.3.2-20220804-6354275  User: oesteban  Machine: dna030  Platform: Linux  PlatformVersion: 5.14.0-427.37.1.el9_4.x86_64  CompilerName: GCC  CompilerVersion: 8.4.0
ProgramName: mri_normalize  ProgramArguments: mri_normalize -all-info  ProgramVersion: 7.3.2  TimeStamp: 2026/03/09-09:38:31-GMT  BuildTime: Aug  4 2022 06:17:15  BuildStamp: freesurfer-linux-ubuntu22_x86_64-7.3.2-20220804-6354275  User: oesteban  Machine: dna030  Platform: Linux  PlatformVersion: 5.14.0-427.37.1.el9_4.x86_64  CompilerName: GCC  CompilerVersion: 8.4.0
ProgramName: mri_normalize_tp2  ProgramArguments: mri_normalize_tp2 -all-info  ProgramVersion: 7.3.2  TimeStamp: 2026/03/09-09:38:31-GMT  BuildTime: Aug  4 2022 06:17:15  BuildStamp: freesurfer-linux-ubuntu22_x86_64-7.3.2-20220804-6354275  User: oesteban  Machine: dna030  Platform: Linux  PlatformVersion: 5.14.0-427.37.1.el9_4.x86_64  CompilerName: GCC  CompilerVersion: 8.4.0
ProgramName: mri_or  ProgramArguments: mri_or -all-info  ProgramVersion: 7.3.2  TimeStamp: 2026/03/09-09:38:31-GMT  BuildTime: Aug  4 2022 06:17:15  BuildStamp: freesurfer-linux-ubuntu22_x86_64-7.3.2-20220804-6354275  User: oesteban  Machine: dna030  Platform: Linux  PlatformVersion: 5.14.0-427.37.1.el9_4.x86_64  CompilerName: GCC  CompilerVersion: 8.4.0
ProgramName: mri_relabel_hypointensities  ProgramArguments: mri_relabel_hypointensities -all-info  ProgramVersion: 7.3.2  TimeStamp: 2026/03/09-09:38:31-GMT  BuildTime: Aug  4 2022 06:17:15  BuildStamp: freesurfer-linux-ubuntu22_x86_64-7.3.2-20220804-6354275  User: oesteban  Machine: dna030  Platform: Linux  PlatformVersion: 5.14.0-427.37.1.el9_4.x86_64  CompilerName: GCC  CompilerVersion: 8.4.0
ProgramName: mri_relabel_nonwm_hypos  ProgramArguments: mri_relabel_nonwm_hypos -all-info  ProgramVersion: 7.3.2  TimeStamp: 2026/03/09-09:38:31-GMT  BuildTime: Aug  4 2022 06:17:15  BuildStamp: freesurfer-linux-ubuntu22_x86_64-7.3.2-20220804-6354275  User: oesteban  Machine: dna030  Platform: Linux  PlatformVersion: 5.14.0-427.37.1.el9_4.x86_64  CompilerName: GCC  CompilerVersion: 8.4.0
ProgramName: mri_remove_neck  ProgramArguments: mri_remove_neck -all-info  ProgramVersion: 7.3.2  TimeStamp: 2026/03/09-09:38:31-GMT  BuildTime: Aug  4 2022 06:17:15  BuildStamp: freesurfer-linux-ubuntu22_x86_64-7.3.2-20220804-6354275  User: oesteban  Machine: dna030  Platform: Linux  PlatformVersion: 5.14.0-427.37.1.el9_4.x86_64  CompilerName: GCC  CompilerVersion: 8.4.0
7.3.2

ProgramName: mri_robust_register  ProgramArguments: mri_robust_register -all-info  ProgramVersion: 7.3.2  TimeStamp: 2026/03/09-09:38:31-GMT  BuildTime: Aug  4 2022 06:17:15  BuildStamp: freesurfer-linux-ubuntu22_x86_64-7.3.2-20220804-6354275  User: oesteban  Machine: dna030  Platform: Linux  PlatformVersion: 5.14.0-427.37.1.el9_4.x86_64  CompilerName: GCC  CompilerVersion: 8.4.0
7.3.2

ProgramName: mri_robust_template  ProgramArguments: mri_robust_template -all-info  ProgramVersion: 7.3.2  TimeStamp: 2026/03/09-09:38:31-GMT  BuildTime: Aug  4 2022 06:17:15  BuildStamp: freesurfer-linux-ubuntu22_x86_64-7.3.2-20220804-6354275  User: oesteban  Machine: dna030  Platform: Linux  PlatformVersion: 5.14.0-427.37.1.el9_4.x86_64  CompilerName: GCC  CompilerVersion: 8.4.0
ProgramName: mris_anatomical_stats  ProgramArguments: mris_anatomical_stats -all-info  ProgramVersion: 7.3.2  TimeStamp: 2026/03/09-09:38:31-GMT  BuildTime: Aug  4 2022 06:17:15  BuildStamp: freesurfer-linux-ubuntu22_x86_64-7.3.2-20220804-6354275  User: oesteban  Machine: dna030  Platform: Linux  PlatformVersion: 5.14.0-427.37.1.el9_4.x86_64  CompilerName: GCC  CompilerVersion: 8.4.0
ProgramName: mris_ca_label  ProgramArguments: mris_ca_label -all-info  ProgramVersion: 7.3.2  TimeStamp: 2026/03/09-09:38:31-GMT  BuildTime: Aug  4 2022 06:17:15  BuildStamp: freesurfer-linux-ubuntu22_x86_64-7.3.2-20220804-6354275  User: oesteban  Machine: dna030  Platform: Linux  PlatformVersion: 5.14.0-427.37.1.el9_4.x86_64  CompilerName: GCC  CompilerVersion: 8.4.0
ProgramName: mris_calc  ProgramArguments: mris_calc -all-info  ProgramVersion: 7.3.2  TimeStamp: 2026/03/09-09:38:31-GMT  BuildTime: Aug  4 2022 06:17:15  BuildStamp: freesurfer-linux-ubuntu22_x86_64-7.3.2-20220804-6354275  User: oesteban  Machine: dna030  Platform: Linux  PlatformVersion: 5.14.0-427.37.1.el9_4.x86_64  CompilerName: GCC  CompilerVersion: 8.4.0
ProgramName: mris_convert  ProgramArguments: mris_convert -all-info  ProgramVersion: 7.3.2  TimeStamp: 2026/03/09-09:38:31-GMT  BuildTime: Aug  4 2022 06:17:15  BuildStamp: freesurfer-linux-ubuntu22_x86_64-7.3.2-20220804-6354275  User: oesteban  Machine: dna030  Platform: Linux  PlatformVersion: 5.14.0-427.37.1.el9_4.x86_64  CompilerName: GCC  CompilerVersion: 8.4.0
ProgramName: mris_curvature  ProgramArguments: mris_curvature -all-info  ProgramVersion: 7.3.2  TimeStamp: 2026/03/09-09:38:31-GMT  BuildTime: Aug  4 2022 06:17:15  BuildStamp: freesurfer-linux-ubuntu22_x86_64-7.3.2-20220804-6354275  User: oesteban  Machine: dna030  Platform: Linux  PlatformVersion: 5.14.0-427.37.1.el9_4.x86_64  CompilerName: GCC  CompilerVersion: 8.4.0
ProgramName: mris_curvature_stats  ProgramArguments: mris_curvature_stats -all-info  ProgramVersion: 7.3.2  TimeStamp: 2026/03/09-09:38:31-GMT  BuildTime: Aug  4 2022 06:17:15  BuildStamp: freesurfer-linux-ubuntu22_x86_64-7.3.2-20220804-6354275  User: oesteban  Machine: dna030  Platform: Linux  PlatformVersion: 5.14.0-427.37.1.el9_4.x86_64  CompilerName: GCC  CompilerVersion: 8.4.0
ProgramName: mris_diff  ProgramArguments: mris_diff -all-info  ProgramVersion: 7.3.2  TimeStamp: 2026/03/09-09:38:31-GMT  BuildTime: Aug  4 2022 06:17:15  BuildStamp: freesurfer-linux-ubuntu22_x86_64-7.3.2-20220804-6354275  User: oesteban  Machine: dna030  Platform: Linux  PlatformVersion: 5.14.0-427.37.1.el9_4.x86_64  CompilerName: GCC  CompilerVersion: 8.4.0
ProgramName: mris_divide_parcellation  ProgramArguments: mris_divide_parcellation -all-info  ProgramVersion: 7.3.2  TimeStamp: 2026/03/09-09:38:31-GMT  BuildTime: Aug  4 2022 06:17:15  BuildStamp: freesurfer-linux-ubuntu22_x86_64-7.3.2-20220804-6354275  User: oesteban  Machine: dna030  Platform: Linux  PlatformVersion: 5.14.0-427.37.1.el9_4.x86_64  CompilerName: GCC  CompilerVersion: 8.4.0
ProgramName: mri_segment  ProgramArguments: mri_segment -all-info  ProgramVersion: 7.3.2  TimeStamp: 2026/03/09-09:38:31-GMT  BuildTime: Aug  4 2022 06:17:15  BuildStamp: freesurfer-linux-ubuntu22_x86_64-7.3.2-20220804-6354275  User: oesteban  Machine: dna030  Platform: Linux  PlatformVersion: 5.14.0-427.37.1.el9_4.x86_64  CompilerName: GCC  CompilerVersion: 8.4.0
ProgramName: mri_segstats  ProgramArguments: mri_segstats -all-info  ProgramVersion: 7.3.2  TimeStamp: 2026/03/09-09:38:31-GMT  BuildTime: Aug  4 2022 06:17:15  BuildStamp: freesurfer-linux-ubuntu22_x86_64-7.3.2-20220804-6354275  User: oesteban  Machine: dna030  Platform: Linux  PlatformVersion: 5.14.0-427.37.1.el9_4.x86_64  CompilerName: GCC  CompilerVersion: 8.4.0
ProgramName: mris_euler_number  ProgramArguments: mris_euler_number -all-info  ProgramVersion: 7.3.2  TimeStamp: 2026/03/09-09:38:31-GMT  BuildTime: Aug  4 2022 06:17:15  BuildStamp: freesurfer-linux-ubuntu22_x86_64-7.3.2-20220804-6354275  User: oesteban  Machine: dna030  Platform: Linux  PlatformVersion: 5.14.0-427.37.1.el9_4.x86_64  CompilerName: GCC  CompilerVersion: 8.4.0
ProgramName: mris_fix_topology  ProgramArguments: mris_fix_topology -all-info  ProgramVersion: 7.3.2  TimeStamp: 2026/03/09-09:38:31-GMT  BuildTime: Aug  4 2022 06:17:15  BuildStamp: freesurfer-linux-ubuntu22_x86_64-7.3.2-20220804-6354275  User: oesteban  Machine: dna030  Platform: Linux  PlatformVersion: 5.14.0-427.37.1.el9_4.x86_64  CompilerName: GCC  CompilerVersion: 8.4.0
ProgramName: mris_topo_fixer  ProgramArguments: mris_topo_fixer -all-info  ProgramVersion: 7.3.2  TimeStamp: 2026/03/09-09:38:31-GMT  BuildTime: Aug  4 2022 06:17:15  BuildStamp: freesurfer-linux-ubuntu22_x86_64-7.3.2-20220804-6354275  User: oesteban  Machine: dna030  Platform: Linux  PlatformVersion: 5.14.0-427.37.1.el9_4.x86_64  CompilerName: GCC  CompilerVersion: 8.4.0
ProgramName: mris_jacobian  ProgramArguments: mris_jacobian -all-info  ProgramVersion: 7.3.2  TimeStamp: 2026/03/09-09:38:31-GMT  BuildTime: Aug  4 2022 06:17:15  BuildStamp: freesurfer-linux-ubuntu22_x86_64-7.3.2-20220804-6354275  User: oesteban  Machine: dna030  Platform: Linux  PlatformVersion: 5.14.0-427.37.1.el9_4.x86_64  CompilerName: GCC  CompilerVersion: 8.4.0
ProgramName: mris_label2annot  ProgramArguments: mris_label2annot -all-info  ProgramVersion: 7.3.2  TimeStamp: 2026/03/09-09:38:31-GMT  BuildTime: Aug  4 2022 06:17:15  BuildStamp: freesurfer-linux-ubuntu22_x86_64-7.3.2-20220804-6354275  User: oesteban  Machine: dna030  Platform: Linux  PlatformVersion: 5.14.0-427.37.1.el9_4.x86_64  CompilerName: GCC  CompilerVersion: 8.4.0
ProgramName: mris_left_right_register  ProgramArguments: mris_left_right_register -all-info  ProgramVersion: 7.3.2  TimeStamp: 2026/03/09-09:38:31-GMT  BuildTime: Aug  4 2022 06:17:15  BuildStamp: freesurfer-linux-ubuntu22_x86_64-7.3.2-20220804-6354275  User: oesteban  Machine: dna030  Platform: Linux  PlatformVersion: 5.14.0-427.37.1.el9_4.x86_64  CompilerName: GCC  CompilerVersion: 8.4.0
ProgramName: mris_place_surface  ProgramArguments: mris_place_surface -all-info  ProgramVersion: 7.3.2  TimeStamp: 2026/03/09-09:38:31-GMT  BuildTime: Aug  4 2022 06:17:15  BuildStamp: freesurfer-linux-ubuntu22_x86_64-7.3.2-20220804-6354275  User: oesteban  Machine: dna030  Platform: Linux  PlatformVersion: 5.14.0-427.37.1.el9_4.x86_64  CompilerName: GCC  CompilerVersion: 8.4.0
ProgramName: mrisp_paint  ProgramArguments: mrisp_paint -all-info  ProgramVersion: 7.3.2  TimeStamp: 2026/03/09-09:38:31-GMT  BuildTime: Aug  4 2022 06:17:15  BuildStamp: freesurfer-linux-ubuntu22_x86_64-7.3.2-20220804-6354275  User: oesteban  Machine: dna030  Platform: Linux  PlatformVersion: 5.14.0-427.37.1.el9_4.x86_64  CompilerName: GCC  CompilerVersion: 8.4.0
ProgramName: mris_register  ProgramArguments: mris_register -all-info  ProgramVersion: 7.3.2  TimeStamp: 2026/03/09-09:38:31-GMT  BuildTime: Aug  4 2022 06:17:15  BuildStamp: freesurfer-linux-ubuntu22_x86_64-7.3.2-20220804-6354275  User: oesteban  Machine: dna030  Platform: Linux  PlatformVersion: 5.14.0-427.37.1.el9_4.x86_64  CompilerName: GCC  CompilerVersion: 8.4.0
ProgramName: mris_smooth  ProgramArguments: mris_smooth -all-info  ProgramVersion: 7.3.2  TimeStamp: 2026/03/09-09:38:31-GMT  BuildTime: Aug  4 2022 06:17:15  BuildStamp: freesurfer-linux-ubuntu22_x86_64-7.3.2-20220804-6354275  User: oesteban  Machine: dna030  Platform: Linux  PlatformVersion: 5.14.0-427.37.1.el9_4.x86_64  CompilerName: GCC  CompilerVersion: 8.4.0
ProgramName: mris_sphere  ProgramArguments: mris_sphere -all-info  ProgramVersion: 7.3.2  TimeStamp: 2026/03/09-09:38:31-GMT  BuildTime: Aug  4 2022 06:17:15  BuildStamp: freesurfer-linux-ubuntu22_x86_64-7.3.2-20220804-6354275  User: oesteban  Machine: dna030  Platform: Linux  PlatformVersion: 5.14.0-427.37.1.el9_4.x86_64  CompilerName: GCC  CompilerVersion: 8.4.0
ProgramName: mris_surface_stats  ProgramArguments: mris_surface_stats -all-info  ProgramVersion: 7.3.2  TimeStamp: 2026/03/09-09:38:31-GMT  BuildTime: Aug  4 2022 06:17:15  BuildStamp: freesurfer-linux-ubuntu22_x86_64-7.3.2-20220804-6354275  User: oesteban  Machine: dna030  Platform: Linux  PlatformVersion: 5.14.0-427.37.1.el9_4.x86_64  CompilerName: GCC  CompilerVersion: 8.4.0
ProgramName: mri_stats2seg  ProgramArguments: mri_stats2seg -all-info  ProgramVersion: 7.3.2  TimeStamp: 2026/03/09-09:38:31-GMT  BuildTime: Aug  4 2022 06:17:15  BuildStamp: freesurfer-linux-ubuntu22_x86_64-7.3.2-20220804-6354275  User: oesteban  Machine: dna030  Platform: Linux  PlatformVersion: 5.14.0-427.37.1.el9_4.x86_64  CompilerName: GCC  CompilerVersion: 8.4.0
ProgramName: mris_thickness  ProgramArguments: mris_thickness -all-info  ProgramVersion: 7.3.2  TimeStamp: 2026/03/09-09:38:31-GMT  BuildTime: Aug  4 2022 06:17:15  BuildStamp: freesurfer-linux-ubuntu22_x86_64-7.3.2-20220804-6354275  User: oesteban  Machine: dna030  Platform: Linux  PlatformVersion: 5.14.0-427.37.1.el9_4.x86_64  CompilerName: GCC  CompilerVersion: 8.4.0
ProgramName: mris_thickness_diff  ProgramArguments: mris_thickness_diff -all-info  ProgramVersion: 7.3.2  TimeStamp: 2026/03/09-09:38:31-GMT  BuildTime: Aug  4 2022 06:17:15  BuildStamp: freesurfer-linux-ubuntu22_x86_64-7.3.2-20220804-6354275  User: oesteban  Machine: dna030  Platform: Linux  PlatformVersion: 5.14.0-427.37.1.el9_4.x86_64  CompilerName: GCC  CompilerVersion: 8.4.0
ProgramName: mris_topo_fixer  ProgramArguments: mris_topo_fixer -all-info  ProgramVersion: 7.3.2  TimeStamp: 2026/03/09-09:38:31-GMT  BuildTime: Aug  4 2022 06:17:15  BuildStamp: freesurfer-linux-ubuntu22_x86_64-7.3.2-20220804-6354275  User: oesteban  Machine: dna030  Platform: Linux  PlatformVersion: 5.14.0-427.37.1.el9_4.x86_64  CompilerName: GCC  CompilerVersion: 8.4.0
ProgramName: mri_surf2surf  ProgramArguments: mri_surf2surf -all-info  ProgramVersion: 7.3.2  TimeStamp: 2026/03/09-09:38:31-GMT  BuildTime: Aug  4 2022 06:17:15  BuildStamp: freesurfer-linux-ubuntu22_x86_64-7.3.2-20220804-6354275  User: oesteban  Machine: dna030  Platform: Linux  PlatformVersion: 5.14.0-427.37.1.el9_4.x86_64  CompilerName: GCC  CompilerVersion: 8.4.0
ProgramName: mri_surf2vol  ProgramArguments: mri_surf2vol -all-info  ProgramVersion: 7.3.2  TimeStamp: 2026/03/09-09:38:31-GMT  BuildTime: Aug  4 2022 06:17:15  BuildStamp: freesurfer-linux-ubuntu22_x86_64-7.3.2-20220804-6354275  User: oesteban  Machine: dna030  Platform: Linux  PlatformVersion: 5.14.0-427.37.1.el9_4.x86_64  CompilerName: GCC  CompilerVersion: 8.4.0
ProgramName: mri_surfcluster  ProgramArguments: mri_surfcluster -all-info  ProgramVersion: 7.3.2  TimeStamp: 2026/03/09-09:38:31-GMT  BuildTime: Aug  4 2022 06:17:15  BuildStamp: freesurfer-linux-ubuntu22_x86_64-7.3.2-20220804-6354275  User: oesteban  Machine: dna030  Platform: Linux  PlatformVersion: 5.14.0-427.37.1.el9_4.x86_64  CompilerName: GCC  CompilerVersion: 8.4.0
ProgramName: mris_volmask  ProgramArguments: mris_volmask -all-info  ProgramVersion: 7.3.2  TimeStamp: 2026/03/09-09:38:31-GMT  BuildTime: Aug  4 2022 06:17:15  BuildStamp: freesurfer-linux-ubuntu22_x86_64-7.3.2-20220804-6354275  User: oesteban  Machine: dna030  Platform: Linux  PlatformVersion: 5.14.0-427.37.1.el9_4.x86_64  CompilerName: GCC  CompilerVersion: 8.4.0
ProgramName: mri_tessellate  ProgramArguments: mri_tessellate -all-info  ProgramVersion: 7.3.2  TimeStamp: 2026/03/09-09:38:31-GMT  BuildTime: Aug  4 2022 06:17:15  BuildStamp: freesurfer-linux-ubuntu22_x86_64-7.3.2-20220804-6354275  User: oesteban  Machine: dna030  Platform: Linux  PlatformVersion: 5.14.0-427.37.1.el9_4.x86_64  CompilerName: GCC  CompilerVersion: 8.4.0
ProgramName: mri_vol2surf  ProgramArguments: mri_vol2surf -all-info  ProgramVersion: 7.3.2  TimeStamp: 2026/03/09-09:38:31-GMT  BuildTime: Aug  4 2022 06:17:15  BuildStamp: freesurfer-linux-ubuntu22_x86_64-7.3.2-20220804-6354275  User: oesteban  Machine: dna030  Platform: Linux  PlatformVersion: 5.14.0-427.37.1.el9_4.x86_64  CompilerName: GCC  CompilerVersion: 8.4.0
ProgramName: mri_vol2vol  ProgramArguments: mri_vol2vol -all-info  ProgramVersion: 7.3.2  TimeStamp: 2026/03/09-09:38:31-GMT  BuildTime: Aug  4 2022 06:17:15  BuildStamp: freesurfer-linux-ubuntu22_x86_64-7.3.2-20220804-6354275  User: oesteban  Machine: dna030  Platform: Linux  PlatformVersion: 5.14.0-427.37.1.el9_4.x86_64  CompilerName: GCC  CompilerVersion: 8.4.0
ProgramName: mri_voldiff  ProgramArguments: mri_voldiff -all-info  ProgramVersion: 7.3.2  TimeStamp: 2026/03/09-09:38:31-GMT  BuildTime: Aug  4 2022 06:17:15  BuildStamp: freesurfer-linux-ubuntu22_x86_64-7.3.2-20220804-6354275  User: oesteban  Machine: dna030  Platform: Linux  PlatformVersion: 5.14.0-427.37.1.el9_4.x86_64  CompilerName: GCC  CompilerVersion: 8.4.0
ProgramName: mri_watershed  ProgramArguments: mri_watershed -all-info  ProgramVersion: 7.3.2  TimeStamp: 2026/03/09-09:38:31-GMT  BuildTime: Aug  4 2022 06:17:15  BuildStamp: freesurfer-linux-ubuntu22_x86_64-7.3.2-20220804-6354275  User: oesteban  Machine: dna030  Platform: Linux  PlatformVersion: 5.14.0-427.37.1.el9_4.x86_64  CompilerName: GCC  CompilerVersion: 8.4.0
ProgramName: tkregister2  ProgramArguments: tkregister2_cmdl -all-info  ProgramVersion: 7.3.2  TimeStamp: 2026/03/09-09:38:31-GMT  BuildTime: Aug  4 2022 06:17:15  BuildStamp: freesurfer-linux-ubuntu22_x86_64-7.3.2-20220804-6354275  User: oesteban  Machine: dna030  Platform: Linux  PlatformVersion: 5.14.0-427.37.1.el9_4.x86_64  CompilerName: GCC  CompilerVersion: 8.4.0
mri_motion_correct.fsl 7.3.2
mri_convert -all-info 
ProgramName: mri_convert  ProgramArguments: mri_convert -all-info  ProgramVersion: 7.3.2  TimeStamp: 2026/03/09-09:38:31-GMT  BuildTime: Aug  4 2022 06:17:15  BuildStamp: freesurfer-linux-ubuntu22_x86_64-7.3.2-20220804-6354275  User: oesteban  Machine: dna030  Platform: Linux  PlatformVersion: 5.14.0-427.37.1.el9_4.x86_64  CompilerName: GCC  CompilerVersion: 8.4.0
Program nu_correct, built from:
Package MNI N3, version 1.12.0, compiled by nicks@terrier (x86_64-unknown-linux-gnu) on 2015-06-19 at 01:25:34
#######################################
GCADIR /opt/freesurfer/average
GCA RB_all_2020-01-02.gca
GCASkull RB_all_withskull_2020_01_02.gca
AvgCurvTif folding.atlas.acfb40.noaparc.i12.2016-08-02.tif
GCSDIR /opt/freesurfer/average
GCS DKaparc.atlas.acfb40.noaparc.i12.2016-08-02.gcs
#######################################
#--------------------------------------
#@# CA Normalize Mon Mar  9 10:38:31 CET 2026
/out/sourcedata/freesurfer/sub-v1s21x0050407_ses-1/mri

 mri_ca_normalize -c ctrl_pts.mgz -mask brainmask.mgz nu.mgz /opt/freesurfer/average/RB_all_2020-01-02.gca transforms/talairach.lta norm.mgz 

writing control point volume to ctrl_pts.mgz
using MR volume brainmask.mgz to mask input volume...
reading 1 input volume
reading atlas from '/opt/freesurfer/average/RB_all_2020-01-02.gca'...
reading transform from 'transforms/talairach.lta'...
reading input volume from nu.mgz...
resetting wm mean[0]: 98 --> 107
resetting gm mean[0]: 61 --> 61
input volume #1 is the most T1-like
using real data threshold=29.0
skull bounding box = (64, 47, 33) --> (193, 177, 190)
finding center of left hemi white matter
using (107, 90, 112) as brain centroid of Right_Cerebral_White_Matter...
mean wm in atlas = 107, using box (91,74,93) --> (122, 105,131) to find MRI wm
before smoothing, mri peak at 97
robust fit to distribution - 97 +- 8.3
after smoothing, mri peak at 97, scaling input intensities by 1.103
scaling channel 0 by 1.10309
using 246437 sample points...
INFO: compute sample coordinates transform
 1.09381   0.00169  -0.05248  -7.49880;
 0.00707   1.12727   0.24216  -27.00050;
 0.05365  -0.20463   1.03494   13.88637;
 0.00000   0.00000   0.00000   1.00000;
INFO: transform used
finding control points in Left_Cerebral_White_Matter....
found 40230 control points for structure...
bounding box (123, 48, 30) --> (187, 150, 186)
Left_Cerebral_White_Matter: limiting intensities to 117.0 --> 132.0
2550 of 3241 (78.7%) samples deleted
finding control points in Right_Cerebral_White_Matter....
found 39478 control points for structure...
bounding box (68, 49, 30) --> (130, 148, 188)
Right_Cerebral_White_Matter: limiting intensities to 116.0 --> 132.0
2843 of 4018 (70.8%) samples deleted
finding control points in Left_Cerebellum_White_Matter....
found 3105 control points for structure...
bounding box (127, 125, 56) --> (172, 167, 107)
Left_Cerebellum_White_Matter: limiting intensities to 123.0 --> 132.0
34 of 67 (50.7%) samples deleted
finding control points in Right_Cerebellum_White_Matter....
found 2710 control points for structure...
bounding box (86, 125, 55) --> (126, 165, 109)
Right_Cerebellum_White_Matter: limiting intensities to 127.0 --> 132.0
36 of 44 (81.8%) samples deleted
finding control points in Brain_Stem....
found 3475 control points for structure...
bounding box (112, 117, 91) --> (143, 177, 119)
Brain_Stem: limiting intensities to 116.0 --> 132.0
73 of 119 (61.3%) samples deleted
using 7489 total control points for intensity normalization...
bias field = 0.864 +- 0.059
12 of 1953 control points discarded
finding control points in Left_Cerebral_White_Matter....
found 40230 control points for structure...
bounding box (123, 48, 30) --> (187, 150, 186)
Left_Cerebral_White_Matter: limiting intensities to 88.0 --> 132.0
522 of 3965 (13.2%) samples deleted
finding control points in Right_Cerebral_White_Matter....
found 39478 control points for structure...
bounding box (68, 49, 30) --> (130, 148, 188)
Right_Cerebral_White_Matter: limiting intensities to 88.0 --> 132.0
663 of 4836 (13.7%) samples deleted
finding control points in Left_Cerebellum_White_Matter....
found 3105 control points for structure...
bounding box (127, 125, 56) --> (172, 167, 107)
Left_Cerebellum_White_Matter: limiting intensities to 88.0 --> 132.0
0 of 129 (0.0%) samples deleted
finding control points in Right_Cerebellum_White_Matter....
found 2710 control points for structure...
bounding box (86, 125, 55) --> (126, 165, 109)
Right_Cerebellum_White_Matter: limiting intensities to 88.0 --> 132.0
14 of 114 (12.3%) samples deleted
finding control points in Brain_Stem....
found 3475 control points for structure...
bounding box (112, 117, 91) --> (143, 177, 119)
Brain_Stem: limiting intensities to 88.0 --> 132.0
199 of 273 (72.9%) samples deleted
using 9317 total control points for intensity normalization...
bias field = 1.104 +- 0.083
2 of 7819 control points discarded
finding control points in Left_Cerebral_White_Matter....
found 40230 control points for structure...
bounding box (123, 48, 30) --> (187, 150, 186)
Left_Cerebral_White_Matter: limiting intensities to 88.0 --> 132.0
472 of 3819 (12.4%) samples deleted
finding control points in Right_Cerebral_White_Matter....
found 39478 control points for structure...
bounding box (68, 49, 30) --> (130, 148, 188)
Right_Cerebral_White_Matter: limiting intensities to 88.0 --> 132.0
325 of 4705 (6.9%) samples deleted
finding control points in Left_Cerebellum_White_Matter....
found 3105 control points for structure...
bounding box (127, 125, 56) --> (172, 167, 107)
Left_Cerebellum_White_Matter: limiting intensities to 88.0 --> 132.0
20 of 172 (11.6%) samples deleted
finding control points in Right_Cerebellum_White_Matter....
found 2710 control points for structure...
bounding box (86, 125, 55) --> (126, 165, 109)
Right_Cerebellum_White_Matter: limiting intensities to 88.0 --> 132.0
50 of 148 (33.8%) samples deleted
finding control points in Brain_Stem....
found 3475 control points for structure...
bounding box (112, 117, 91) --> (143, 177, 119)
Brain_Stem: limiting intensities to 88.0 --> 132.0
281 of 333 (84.4%) samples deleted
using 9177 total control points for intensity normalization...
bias field = 1.097 +- 0.076
1 of 7848 control points discarded
writing normalized volume to norm.mgz...
writing control points to ctrl_pts.mgz
freeing GCA...done.
normalization took 1 minutes and 22 seconds.
#--------------------------------------
#@# CA Reg Mon Mar  9 10:39:53 CET 2026
/out/sourcedata/freesurfer/sub-v1s21x0050407_ses-1/mri

 mri_ca_register -nobigventricles -T transforms/talairach.lta -align-after -mask brainmask.mgz norm.mgz /opt/freesurfer/average/RB_all_2020-01-02.gca transforms/talairach.m3z 

not handling expanded ventricles...
using previously computed transform transforms/talairach.lta
renormalizing sequences with structure alignment, equivalent to:
	-renormalize
	-regularize_mean 0.500
	-regularize 0.500
using MR volume brainmask.mgz to mask input volume...

== Number of threads available to mri_ca_register for OpenMP = 16 == 
reading 1 input volumes...
logging results to talairach.log
reading input volume 'norm.mgz'...
reading GCA '/opt/freesurfer/average/RB_all_2020-01-02.gca'...
label assignment complete, 0 changed (0.00%)
freeing gibbs priors...done.
average std[0] = 5.0
Starting GCAMregister()
label assignment complete, 0 changed (0.00%)
npasses = 1, nlevels = 6
#pass# 1 of 1 ************************
enabling zero nodes
setting smoothness cost coefficient to 0.156

#GCAMreg# pass 0 level1 5 level2 0 tsec 0 sigma 2
l_jacobian=1.00 l_label=1.00 l_log_likelihood=0.20 l_smoothness=0.16 
tol=2.50e-01, dt=5.00e-02, exp_k=20.0, momentum=0.90, levels=6, niter=500, lbl_dist=10.00, avgs=256, sigma=2.0,type=2, relabel=0, neg=no

blurring input image with Gaussian with sigma=2.000...
GCAMRegisterLevel(): init RMS 0.898873
#FOTS# QuadFit found better minimum quadopt=(dt=264.046,rms=0.801554) vs oldopt=(dt=369.92,rms=0.812442)
#GCMRL#    0 dt 264.045983 rms  0.802 10.827% neg 0  invalid 762 tFOTS 4.9780 tGradient 2.8550 tsec 8.2420
#FOTS# QuadFit found better minimum quadopt=(dt=221.952,rms=0.780996) vs oldopt=(dt=369.92,rms=0.788338)
#GCMRL#    1 dt 221.952000 rms  0.781  2.565% neg 0  invalid 762 tFOTS 4.9730 tGradient 3.0030 tsec 8.3100
#FOTS# QuadFit found better minimum quadopt=(dt=252.082,rms=0.768985) vs oldopt=(dt=369.92,rms=0.770826)
#GCMRL#    2 dt 252.081633 rms  0.769  1.538% neg 0  invalid 762 tFOTS 4.6440 tGradient 3.0170 tsec 7.9850
#FOTS# QuadFit found better minimum quadopt=(dt=129.472,rms=0.765107) vs oldopt=(dt=92.48,rms=0.765409)
#GCMRL#    3 dt 129.472000 rms  0.765  0.504% neg 0  invalid 762 tFOTS 5.0400 tGradient 3.1210 tsec 8.5150
#FOTS# QuadFit found better minimum quadopt=(dt=887.808,rms=0.753129) vs oldopt=(dt=1479.68,rms=0.757168)
#GCMRL#    4 dt 887.808000 rms  0.753  1.566% neg 0  invalid 762 tFOTS 4.5840 tGradient 2.9530 tsec 7.8780
#GCMRL#    5 dt  92.480000 rms  0.751  0.278% neg 0  invalid 762 tFOTS 4.5720 tGradient 2.9240 tsec 7.8300
#FOTS# QuadFit found better minimum quadopt=(dt=517.888,rms=0.748572) vs oldopt=(dt=369.92,rms=0.748866)
#GCMRL#    6 dt 517.888000 rms  0.749  0.327% neg 0  invalid 762 tFOTS 4.6550 tGradient 3.0240 tsec 8.0210
#FOTS# QuadFit found better minimum quadopt=(dt=129.472,rms=0.745703) vs oldopt=(dt=92.48,rms=0.746199)
#GCMRL#    7 dt 129.472000 rms  0.746  0.383% neg 0  invalid 762 tFOTS 4.6960 tGradient 3.0730 tsec 8.1010
#FOTS# QuadFit found better minimum quadopt=(dt=295.936,rms=0.745253) vs oldopt=(dt=369.92,rms=0.745263)
#GCMRL#    8 dt 295.936000 rms  0.745  0.000% neg 0  invalid 762 tFOTS 4.7490 tGradient 2.8980 tsec 8.0450
#GCMRL#    9 dt 295.936000 rms  0.743  0.350% neg 0  invalid 762 tFOTS 0.0000 tGradient 2.8800 tsec 3.3030
#GCMRL#   10 dt 295.936000 rms  0.741  0.155% neg 0  invalid 762 tFOTS 0.0000 tGradient 2.9140 tsec 3.2290
#GCMRL#   11 dt 295.936000 rms  0.738  0.418% neg 0  invalid 762 tFOTS 0.0000 tGradient 2.8800 tsec 3.1920
#GCMRL#   12 dt 295.936000 rms  0.734  0.528% neg 0  invalid 762 tFOTS 0.0000 tGradient 2.9430 tsec 3.3770
#GCMRL#   13 dt 295.936000 rms  0.733  0.268% neg 0  invalid 762 tFOTS 0.0000 tGradient 2.9440 tsec 3.3760
#GCMRL#   14 dt 295.936000 rms  0.730  0.342% neg 0  invalid 762 tFOTS 0.0000 tGradient 3.1500 tsec 3.5330
#GCMRL#   15 dt 295.936000 rms  0.727  0.382% neg 0  invalid 762 tFOTS 0.0000 tGradient 3.0920 tsec 3.4500
#GCMRL#   16 dt 295.936000 rms  0.726  0.132% neg 0  invalid 762 tFOTS 0.0000 tGradient 3.1320 tsec 3.4480
#GCMRL#   17 dt 295.936000 rms  0.724  0.306% neg 0  invalid 762 tFOTS 0.0000 tGradient 3.0450 tsec 3.3650
#GCMRL#   18 dt 295.936000 rms  0.722  0.215% neg 0  invalid 762 tFOTS 0.0000 tGradient 3.0720 tsec 3.4000
#GCMRL#   19 dt 295.936000 rms  0.722  0.073% neg 0  invalid 762 tFOTS 0.0000 tGradient 2.8280 tsec 3.1460
#GCMRL#   20 dt 295.936000 rms  0.720  0.313% neg 0  invalid 762 tFOTS 0.0000 tGradient 2.7820 tsec 3.1030
#GCMRL#   21 dt 295.936000 rms  0.719  0.139% neg 0  invalid 762 tFOTS 0.0000 tGradient 2.7810 tsec 3.1050
#GCMRL#   22 dt 295.936000 rms  0.718  0.046% neg 0  invalid 762 tFOTS 0.0000 tGradient 3.0350 tsec 3.3590
#GCMRL#   23 dt 295.936000 rms  0.717  0.198% neg 0  invalid 762 tFOTS 0.0000 tGradient 2.7710 tsec 3.0830
#GCMRL#   24 dt 295.936000 rms  0.717  0.038% neg 0  invalid 762 tFOTS 0.0000 tGradient 2.8320 tsec 3.1430
#GCMRL#   25 dt 295.936000 rms  0.717 -0.014% neg 0  invalid 762 tFOTS 0.0000 tGradient 2.7540 tsec 3.3300
#FOTS# QuadFit found better minimum quadopt=(dt=129.472,rms=0.716608) vs oldopt=(dt=92.48,rms=0.716613)
#GCMRL#   26 dt 129.472000 rms  0.717  0.007% neg 0  invalid 762 tFOTS 4.8490 tGradient 2.8350 tsec 8.0170
#FOTS# QuadFit found better minimum quadopt=(dt=517.888,rms=0.716422) vs oldopt=(dt=369.92,rms=0.716448)
#GCMRL#   27 dt 517.888000 rms  0.716  0.026% neg 0  invalid 762 tFOTS 4.9230 tGradient 2.9410 tsec 8.1850
#FOTS# QuadFit found better minimum quadopt=(dt=0.0180625,rms=0.716432) vs oldopt=(dt=0.0225781,rms=0.716432)

#GCAMreg# pass 0 level1 5 level2 1 tsec 162.869 sigma 0.5
l_jacobian=1.00 l_label=1.00 l_log_likelihood=0.20 l_smoothness=0.16 
tol=2.50e-01, dt=5.00e-02, exp_k=20.0, momentum=0.90, levels=6, niter=500, lbl_dist=10.00, avgs=256, sigma=0.5,type=2, relabel=0, neg=no

blurring input image with Gaussian with sigma=0.500...
GCAMRegisterLevel(): init RMS 0.716866
#FOTS# QuadFit found better minimum quadopt=(dt=295.936,rms=0.71415) vs oldopt=(dt=369.92,rms=0.714205)
#GCMRL#   29 dt 295.936000 rms  0.714  0.379% neg 0  invalid 762 tFOTS 4.3360 tGradient 3.0330 tsec 7.6920
#FOTS# QuadFit found better minimum quadopt=(dt=129.472,rms=0.713837) vs oldopt=(dt=92.48,rms=0.713878)
#GCMRL#   30 dt 129.472000 rms  0.714  0.000% neg 0  invalid 762 tFOTS 4.6720 tGradient 2.9190 tsec 7.9420
#GCMRL#   31 dt 129.472000 rms  0.714  0.027% neg 0  invalid 762 tFOTS 0.0000 tGradient 2.8590 tsec 3.1730
#GCMRL#   32 dt 129.472000 rms  0.713  0.046% neg 0  invalid 762 tFOTS 0.0000 tGradient 2.9260 tsec 3.2450
#GCMRL#   33 dt 129.472000 rms  0.713  0.052% neg 0  invalid 762 tFOTS 0.0000 tGradient 2.6810 tsec 2.9960
#GCMRL#   34 dt 129.472000 rms  0.713  0.043% neg 0  invalid 762 tFOTS 0.0000 tGradient 3.0790 tsec 3.3970
#GCMRL#   35 dt 129.472000 rms  0.712  0.029% neg 0  invalid 762 tFOTS 0.0000 tGradient 2.8040 tsec 3.1440
#FOTS# QuadFit found better minimum quadopt=(dt=517.888,rms=0.712328) vs oldopt=(dt=369.92,rms=0.712339)
setting smoothness cost coefficient to 0.615

#GCAMreg# pass 0 level1 4 level2 0 tsec 0 sigma 2
l_jacobian=1.00 l_label=1.00 l_log_likelihood=0.20 l_smoothness=0.62 
tol=2.50e-01, dt=5.00e-02, exp_k=20.0, momentum=0.90, levels=6, niter=500, lbl_dist=10.00, avgs=64, sigma=2.0,type=2, relabel=0, neg=no

blurring input image with Gaussian with sigma=2.000...
GCAMRegisterLevel(): init RMS 0.728323
#GCMRL#   37 dt  25.920000 rms  0.727  0.196% neg 0  invalid 762 tFOTS 4.5160 tGradient 2.3470 tsec 7.2150
#GCMRL#   38 dt  25.920000 rms  0.727  0.000% neg 0  invalid 762 tFOTS 4.5320 tGradient 2.3370 tsec 7.2340
#GCMRL#   39 dt  25.920000 rms  0.726  0.036% neg 0  invalid 762 tFOTS 0.0000 tGradient 2.3220 tsec 2.6520

#GCAMreg# pass 0 level1 4 level2 1 tsec 29.317 sigma 0.5
l_jacobian=1.00 l_label=1.00 l_log_likelihood=0.20 l_smoothness=0.62 
tol=2.50e-01, dt=5.00e-02, exp_k=20.0, momentum=0.90, levels=6, niter=500, lbl_dist=10.00, avgs=64, sigma=0.5,type=2, relabel=0, neg=no

blurring input image with Gaussian with sigma=0.500...
GCAMRegisterLevel(): init RMS 0.726743
#FOTS# QuadFit found better minimum quadopt=(dt=36.288,rms=0.725438) vs oldopt=(dt=25.92,rms=0.725601)
#GCMRL#   41 dt  36.288000 rms  0.725  0.180% neg 0  invalid 762 tFOTS 4.2470 tGradient 2.3890 tsec 6.9790
#FOTS# QuadFit found better minimum quadopt=(dt=36.288,rms=0.72503) vs oldopt=(dt=25.92,rms=0.72512)
#GCMRL#   42 dt  36.288000 rms  0.725  0.000% neg 0  invalid 762 tFOTS 4.7970 tGradient 2.2870 tsec 7.4440
#GCMRL#   43 dt  36.288000 rms  0.725  0.045% neg 0  invalid 762 tFOTS 0.0000 tGradient 2.3740 tsec 2.6970
#GCMRL#   44 dt  36.288000 rms  0.724  0.040% neg 0  invalid 762 tFOTS 0.0000 tGradient 2.3090 tsec 2.6410
setting smoothness cost coefficient to 2.353

#GCAMreg# pass 0 level1 3 level2 0 tsec 0 sigma 2
l_jacobian=1.00 l_label=1.00 l_log_likelihood=0.20 l_smoothness=2.35 
tol=2.50e-01, dt=5.00e-02, exp_k=20.0, momentum=0.90, levels=6, niter=500, lbl_dist=10.00, avgs=16, sigma=2.0,type=2, relabel=0, neg=no

blurring input image with Gaussian with sigma=2.000...
GCAMRegisterLevel(): init RMS 0.754424
#FOTS# QuadFit found better minimum quadopt=(dt=11.2,rms=0.751676) vs oldopt=(dt=8,rms=0.75176)
#GCMRL#   46 dt  11.200000 rms  0.752  0.364% neg 0  invalid 762 tFOTS 4.5360 tGradient 1.9780 tsec 6.8580
#FOTS# QuadFit found better minimum quadopt=(dt=4.8,rms=0.751452) vs oldopt=(dt=8,rms=0.751493)
#GCMRL#   47 dt   4.800000 rms  0.751  0.000% neg 0  invalid 762 tFOTS 4.2840 tGradient 1.9300 tsec 6.5810

#GCAMreg# pass 0 level1 3 level2 1 tsec 25.381 sigma 0.5
l_jacobian=1.00 l_label=1.00 l_log_likelihood=0.20 l_smoothness=2.35 
tol=2.50e-01, dt=5.00e-02, exp_k=20.0, momentum=0.90, levels=6, niter=500, lbl_dist=10.00, avgs=16, sigma=0.5,type=2, relabel=0, neg=no

blurring input image with Gaussian with sigma=0.500...
GCAMRegisterLevel(): init RMS 0.751888
#GCMRL#   49 dt   0.000000 rms  0.751  0.057% neg 0  invalid 762 tFOTS 4.3010 tGradient 1.9820 tsec 6.6300
setting smoothness cost coefficient to 8.000

#GCAMreg# pass 0 level1 2 level2 0 tsec 0 sigma 2
l_jacobian=1.00 l_label=1.00 l_log_likelihood=0.20 l_smoothness=8.00 
tol=2.50e-01, dt=5.00e-02, exp_k=20.0, momentum=0.90, levels=6, niter=500, lbl_dist=10.00, avgs=4, sigma=2.0,type=2, relabel=0, neg=no

blurring input image with Gaussian with sigma=2.000...
GCAMRegisterLevel(): init RMS 0.818068
#FOTS# QuadFit found better minimum quadopt=(dt=2.11738,rms=0.814103) vs oldopt=(dt=2.88,rms=0.814588)
#GCMRL#   51 dt   2.117381 rms  0.814  0.485% neg 0  invalid 762 tFOTS 4.3040 tGradient 1.6600 tsec 6.3100
#FOTS# QuadFit found better minimum quadopt=(dt=3.456,rms=0.811806) vs oldopt=(dt=2.88,rms=0.811874)
#GCMRL#   52 dt   3.456000 rms  0.812  0.282% neg 0  invalid 762 tFOTS 4.5780 tGradient 1.6800 tsec 6.6020
#FOTS# QuadFit found better minimum quadopt=(dt=3.78571,rms=0.81024) vs oldopt=(dt=2.88,rms=0.810294)
#GCMRL#   53 dt   3.785714 rms  0.810  0.000% neg 0  invalid 762 tFOTS 4.3100 tGradient 1.6880 tsec 6.3610

#GCAMreg# pass 0 level1 2 level2 1 tsec 30.931 sigma 0.5
l_jacobian=1.00 l_label=1.00 l_log_likelihood=0.20 l_smoothness=8.00 
tol=2.50e-01, dt=5.00e-02, exp_k=20.0, momentum=0.90, levels=6, niter=500, lbl_dist=10.00, avgs=4, sigma=0.5,type=2, relabel=0, neg=no

blurring input image with Gaussian with sigma=0.500...
GCAMRegisterLevel(): init RMS 0.810639
#FOTS# QuadFit found better minimum quadopt=(dt=0.432,rms=0.810181) vs oldopt=(dt=0.72,rms=0.810196)
#GCMRL#   55 dt   0.432000 rms  0.810  0.056% neg 0  invalid 762 tFOTS 4.3230 tGradient 1.6800 tsec 6.3540
#FOTS# QuadFit found better minimum quadopt=(dt=0.216,rms=0.810178) vs oldopt=(dt=0.18,rms=0.810178)
#GCMRL#   56 dt   0.216000 rms  0.810  0.000% neg 0  invalid 762 tFOTS 4.2970 tGradient 1.6840 tsec 6.3680
setting smoothness cost coefficient to 20.000

#GCAMreg# pass 0 level1 1 level2 0 tsec 0 sigma 2
l_jacobian=1.00 l_label=1.00 l_log_likelihood=0.20 l_smoothness=20.00 
tol=2.50e-01, dt=5.00e-02, exp_k=20.0, momentum=0.90, levels=6, niter=500, lbl_dist=10.00, avgs=1, sigma=2.0,type=2, relabel=0, neg=no

blurring input image with Gaussian with sigma=2.000...
GCAMRegisterLevel(): init RMS 0.87982
#FOTS# QuadFit found better minimum quadopt=(dt=0.028,rms=0.879437) vs oldopt=(dt=0.02,rms=0.87944)
#GCMRL#   58 dt   0.028000 rms  0.879  0.044% neg 0  invalid 762 tFOTS 4.2050 tGradient 1.7030 tsec 6.2520
#FOTS# QuadFit found better minimum quadopt=(dt=0.028,rms=0.879418) vs oldopt=(dt=0.02,rms=0.87942)
#GCMRL#   59 dt   0.028000 rms  0.879  0.000% neg 0  invalid 762 tFOTS 4.2780 tGradient 1.5870 tsec 6.2340

#GCAMreg# pass 0 level1 1 level2 1 tsec 24.122 sigma 0.5
l_jacobian=1.00 l_label=1.00 l_log_likelihood=0.20 l_smoothness=20.00 
tol=2.50e-01, dt=5.00e-02, exp_k=20.0, momentum=0.90, levels=6, niter=500, lbl_dist=10.00, avgs=1, sigma=0.5,type=2, relabel=0, neg=no

blurring input image with Gaussian with sigma=0.500...
GCAMRegisterLevel(): init RMS 0.879788
#FOTS# QuadFit found better minimum quadopt=(dt=0.112,rms=0.879283) vs oldopt=(dt=0.08,rms=0.879297)
#GCMRL#   61 dt   0.112000 rms  0.879  0.057% neg 0  invalid 762 tFOTS 4.1950 tGradient 1.5090 tsec 6.0480
#FOTS# QuadFit found better minimum quadopt=(dt=0.192,rms=0.879039) vs oldopt=(dt=0.32,rms=0.87908)
#GCMRL#   62 dt   0.192000 rms  0.879  0.000% neg 0  invalid 762 tFOTS 4.2000 tGradient 1.5570 tsec 6.1220
#GCMRL#   63 dt   0.192000 rms  0.878  0.071% neg 0  invalid 762 tFOTS 0.0000 tGradient 1.5200 tsec 1.8550
#GCMRL#   64 dt   0.192000 rms  0.877  0.122% neg 0  invalid 762 tFOTS 0.0000 tGradient 1.5060 tsec 1.8330
#GCMRL#   65 dt   0.192000 rms  0.876  0.169% neg 0  invalid 762 tFOTS 0.0000 tGradient 1.4850 tsec 1.8130
#GCMRL#   66 dt   0.192000 rms  0.874  0.214% neg 0  invalid 762 tFOTS 0.0000 tGradient 1.4980 tsec 1.8280
#GCMRL#   67 dt   0.192000 rms  0.872  0.247% neg 0  invalid 762 tFOTS 0.0000 tGradient 1.5050 tsec 1.8390
#GCMRL#   68 dt   0.192000 rms  0.870  0.243% neg 0  invalid 762 tFOTS 0.0000 tGradient 1.5700 tsec 1.8990
#GCMRL#   69 dt   0.192000 rms  0.868  0.210% neg 0  invalid 762 tFOTS 0.0000 tGradient 1.5140 tsec 1.8510
#GCMRL#   70 dt   0.192000 rms  0.866  0.179% neg 0  invalid 762 tFOTS 0.0000 tGradient 1.5200 tsec 1.8750
#GCMRL#   71 dt   0.192000 rms  0.865  0.172% neg 0  invalid 762 tFOTS 0.0000 tGradient 1.5030 tsec 1.8260
#GCMRL#   72 dt   0.192000 rms  0.864  0.151% neg 0  invalid 762 tFOTS 0.0000 tGradient 1.5300 tsec 1.8590
#GCMRL#   73 dt   0.192000 rms  0.862  0.135% neg 0  invalid 762 tFOTS 0.0000 tGradient 1.5840 tsec 1.9080
#GCMRL#   74 dt   0.192000 rms  0.861  0.119% neg 0  invalid 762 tFOTS 0.0000 tGradient 1.4040 tsec 1.7420
#GCMRL#   75 dt   0.192000 rms  0.861  0.096% neg 0  invalid 762 tFOTS 0.0000 tGradient 1.4550 tsec 1.7950
#FOTS# QuadFit found better minimum quadopt=(dt=1.792,rms=0.858793) vs oldopt=(dt=1.28,rms=0.858985)
#GCMRL#   76 dt   1.792000 rms  0.859  0.200% neg 0  invalid 762 tFOTS 4.5660 tGradient 1.6340 tsec 6.5280
#FOTS# QuadFit found better minimum quadopt=(dt=0.448,rms=0.857161) vs oldopt=(dt=0.32,rms=0.857272)
#GCMRL#   77 dt   0.448000 rms  0.857  0.000% neg 0  invalid 762 tFOTS 4.1780 tGradient 1.4510 tsec 5.9820
resetting metric properties...
setting smoothness cost coefficient to 40.000

#GCAMreg# pass 0 level1 0 level2 0 tsec 0 sigma 2
l_jacobian=1.00 l_label=1.00 l_log_likelihood=0.20 l_smoothness=40.00 
tol=2.50e-01, dt=5.00e-02, exp_k=20.0, momentum=0.90, levels=6, niter=500, lbl_dist=10.00, avgs=0, sigma=2.0,type=2, relabel=0, neg=no

blurring input image with Gaussian with sigma=2.000...
GCAMRegisterLevel(): init RMS 0.812797
#FOTS# QuadFit found better minimum quadopt=(dt=0.256,rms=0.80652) vs oldopt=(dt=0.32,rms=0.8069)
#GCMRL#   79 dt   0.256000 rms  0.807  0.772% neg 0  invalid 762 tFOTS 4.1840 tGradient 0.9480 tsec 5.4600
#FOTS# QuadFit found better minimum quadopt=(dt=0.028,rms=0.806147) vs oldopt=(dt=0.02,rms=0.80618)
#GCMRL#   80 dt   0.028000 rms  0.806  0.000% neg 0  invalid 762 tFOTS 4.2030 tGradient 0.9850 tsec 5.5380

#GCAMreg# pass 0 level1 0 level2 1 tsec 21.812 sigma 0.5
l_jacobian=1.00 l_label=1.00 l_log_likelihood=0.20 l_smoothness=40.00 
tol=2.50e-01, dt=5.00e-02, exp_k=20.0, momentum=0.90, levels=6, niter=500, lbl_dist=10.00, avgs=0, sigma=0.5,type=2, relabel=0, neg=no

blurring input image with Gaussian with sigma=0.500...
GCAMRegisterLevel(): init RMS 0.806578
#FOTS# QuadFit found better minimum quadopt=(dt=0.016,rms=0.806085) vs oldopt=(dt=0.02,rms=0.806095)
#GCMRL#   82 dt   0.016000 rms  0.806  0.061% neg 0  invalid 762 tFOTS 4.3840 tGradient 0.9790 tsec 5.7710
GCAMregister done in 7.58875 min
Starting GCAmapRenormalizeWithAlignment() without scales
renormalizing by structure alignment....
renormalizing input #0
gca peak = 0.10253 (16)
mri peak = 0.11105 (20)
Left_Lateral_Ventricle (4): linear fit = 0.83 x + 0.0 (1028 voxels, overlap=0.591)
Left_Lateral_Ventricle (4): linear fit = 0.83 x + 0.0 (1028 voxels, peak = 13), gca=13.4
gca peak = 0.17690 (16)
mri peak = 0.13366 (14)
Right_Lateral_Ventricle (43): linear fit = 0.89 x + 0.0 (695 voxels, overlap=0.608)
Right_Lateral_Ventricle (43): linear fit = 0.89 x + 0.0 (695 voxels, peak = 14), gca=14.3
gca peak = 0.28275 (96)
mri peak = 0.10480 (92)
Right_Pallidum (52): linear fit = 0.94 x + 0.0 (914 voxels, overlap=0.677)
Right_Pallidum (52): linear fit = 0.94 x + 0.0 (914 voxels, peak = 91), gca=90.7
gca peak = 0.18948 (93)
mri peak = 0.13612 (94)
Left_Pallidum (13): linear fit = 0.96 x + 0.0 (727 voxels, overlap=0.752)
Left_Pallidum (13): linear fit = 0.96 x + 0.0 (727 voxels, peak = 90), gca=89.7
gca peak = 0.20755 (55)
mri peak = 0.11024 (68)
Right_Hippocampus (53): linear fit = 1.23 x + 0.0 (738 voxels, overlap=0.268)
Right_Hippocampus (53): linear fit = 1.23 x + 0.0 (738 voxels, peak = 67), gca=67.4
gca peak = 0.31831 (58)
mri peak = 0.10542 (65)
Left_Hippocampus (17): linear fit = 1.10 x + 0.0 (414 voxels, overlap=0.188)
Left_Hippocampus (17): linear fit = 1.10 x + 0.0 (414 voxels, peak = 64), gca=63.5
gca peak = 0.11957 (102)
mri peak = 0.06642 (96)
Right_Cerebral_White_Matter (41): linear fit = 1.00 x + 0.0 (55501 voxels, overlap=0.952)
Right_Cerebral_White_Matter (41): linear fit = 1.00 x + 0.0 (55501 voxels, peak = 103), gca=102.5
gca peak = 0.11429 (102)
mri peak = 0.07758 (93)
Left_Cerebral_White_Matter (2): linear fit = 0.96 x + 0.0 (56209 voxels, overlap=0.884)
Left_Cerebral_White_Matter (2): linear fit = 0.96 x + 0.0 (56209 voxels, peak = 98), gca=98.4
gca peak = 0.14521 (59)
mri peak = 0.03526 (67)
Left_Cerebral_Cortex (3): linear fit = 1.10 x + 0.0 (18719 voxels, overlap=0.777)
Left_Cerebral_Cortex (3): linear fit = 1.10 x + 0.0 (18719 voxels, peak = 65), gca=64.6
gca peak = 0.14336 (58)
mri peak = 0.03633 (61)
Right_Cerebral_Cortex (42): linear fit = 1.02 x + 0.0 (18732 voxels, overlap=0.882)
Right_Cerebral_Cortex (42): linear fit = 1.02 x + 0.0 (18732 voxels, peak = 59), gca=59.4
gca peak = 0.13305 (70)
mri peak = 0.18409 (68)
Right_Caudate (50): linear fit = 0.98 x + 0.0 (581 voxels, overlap=0.472)
Right_Caudate (50): linear fit = 0.98 x + 0.0 (581 voxels, peak = 68), gca=68.2
gca peak = 0.15761 (71)
mri peak = 0.10182 (78)
Left_Caudate (11): linear fit = 1.03 x + 0.0 (973 voxels, overlap=0.839)
Left_Caudate (11): linear fit = 1.03 x + 0.0 (973 voxels, peak = 73), gca=73.5
gca peak = 0.13537 (57)
mri peak = 0.04806 (61)
Left_Cerebellum_Cortex (8): linear fit = 1.12 x + 0.0 (20529 voxels, overlap=0.859)
Left_Cerebellum_Cortex (8): linear fit = 1.12 x + 0.0 (20529 voxels, peak = 64), gca=63.6
gca peak = 0.13487 (56)
mri peak = 0.04871 (58)
Right_Cerebellum_Cortex (47): linear fit = 1.04 x + 0.0 (20719 voxels, overlap=0.947)
Right_Cerebellum_Cortex (47): linear fit = 1.04 x + 0.0 (20719 voxels, peak = 59), gca=58.5
gca peak = 0.19040 (84)
mri peak = 0.05989 (91)
Left_Cerebellum_White_Matter (7): linear fit = 1.12 x + 0.0 (8190 voxels, overlap=0.670)
Left_Cerebellum_White_Matter (7): linear fit = 1.12 x + 0.0 (8190 voxels, peak = 94), gca=93.7
gca peak = 0.18871 (83)
mri peak = 0.07112 (86)
Right_Cerebellum_White_Matter (46): linear fit = 1.05 x + 0.0 (6717 voxels, overlap=0.754)
Right_Cerebellum_White_Matter (46): linear fit = 1.05 x + 0.0 (6717 voxels, peak = 88), gca=87.6
gca peak = 0.24248 (57)
mri peak = 0.12050 (70)
Left_Amygdala (18): linear fit = 1.21 x + 0.0 (322 voxels, overlap=0.033)
Left_Amygdala (18): linear fit = 1.21 x + 0.0 (322 voxels, peak = 69), gca=68.7
gca peak = 0.35833 (56)
mri peak = 0.08477 (72)
Right_Amygdala (54): linear fit = 1.27 x + 0.0 (459 voxels, overlap=0.036)
Right_Amygdala (54): linear fit = 1.27 x + 0.0 (459 voxels, peak = 71), gca=71.4
gca peak = 0.12897 (85)
mri peak = 0.08405 (84)
Left_Thalamus (10): linear fit = 0.98 x + 0.0 (4984 voxels, overlap=0.860)
Left_Thalamus (10): linear fit = 0.98 x + 0.0 (4984 voxels, peak = 83), gca=82.9
gca peak = 0.13127 (83)
mri peak = 0.09598 (87)
Right_Thalamus (49): linear fit = 1.07 x + 0.0 (4393 voxels, overlap=0.887)
Right_Thalamus (49): linear fit = 1.07 x + 0.0 (4393 voxels, peak = 88), gca=88.4
gca peak = 0.12974 (78)
mri peak = 0.07213 (83)
Left_Putamen (12): linear fit = 1.04 x + 0.0 (2186 voxels, overlap=0.871)
Left_Putamen (12): linear fit = 1.04 x + 0.0 (2186 voxels, peak = 82), gca=81.5
gca peak = 0.17796 (79)
mri peak = 0.06843 (79)
Right_Putamen (51): linear fit = 0.99 x + 0.0 (2227 voxels, overlap=0.866)
Right_Putamen (51): linear fit = 0.99 x + 0.0 (2227 voxels, peak = 78), gca=77.8
gca peak = 0.10999 (80)
mri peak = 0.09361 (81)
Brain_Stem (16): linear fit = 1.10 x + 0.0 (11577 voxels, overlap=0.416)
Brain_Stem (16): linear fit = 1.10 x + 0.0 (11577 voxels, peak = 88), gca=87.6
gca peak = 0.13215 (88)
mri peak = 0.08838 (88)
Right_VentralDC (60): linear fit = 1.04 x + 0.0 (1192 voxels, overlap=0.654)
Right_VentralDC (60): linear fit = 1.04 x + 0.0 (1192 voxels, peak = 92), gca=92.0
gca peak = 0.11941 (89)
mri peak = 0.07310 (97)
Left_VentralDC (28): linear fit = 1.10 x + 0.0 (1258 voxels, overlap=0.628)
Left_VentralDC (28): linear fit = 1.10 x + 0.0 (1258 voxels, peak = 97), gca=97.5
gca peak = 0.20775 (25)
mri peak = 0.07240 (33)
Third_Ventricle (14): linear fit = 1.85 x + 0.0 (60 voxels, overlap=0.109)
Third_Ventricle (14): linear fit = 1.85 x + 0.0 (60 voxels, peak = 46), gca=46.1
gca peak = 0.13297 (21)
mri peak = 0.14267 ( 9)
Fourth_Ventricle (15): linear fit = 0.47 x + 0.0 (311 voxels, overlap=0.089)
Fourth_Ventricle (15): linear fit = 0.47 x + 0.0 (311 voxels, peak = 10), gca=10.0
gca peak Unknown = 0.94777 ( 0)
gca peak Left_Inf_Lat_Vent = 0.19087 (28)
gca peak Third_Ventricle = 0.20775 (25)
gca peak Fourth_Ventricle = 0.13297 (21)
gca peak CSF = 0.16821 (33)
gca peak Left_Accumbens_area = 0.32850 (63)
gca peak Left_undetermined = 0.98480 (28)
gca peak Left_vessel = 0.40887 (53)
gca peak Left_choroid_plexus = 0.10898 (46)
gca peak Right_Inf_Lat_Vent = 0.17798 (26)
gca peak Right_Accumbens_area = 0.30137 (64)
gca peak Right_vessel = 0.47828 (52)
gca peak Right_choroid_plexus = 0.11612 (45)
gca peak Fifth_Ventricle = 0.59466 (35)
gca peak WM_hypointensities = 0.10053 (78)
gca peak non_WM_hypointensities = 0.07253 (60)
gca peak Optic_Chiasm = 0.25330 (73)
not using caudate to estimate GM means
estimating mean gm scale to be 1.15 x + 0.0
estimating mean wm scale to be 0.99 x + 0.0
estimating mean csf scale to be 0.87 x + 0.0
saving intensity scales to talairach.label_intensities.txt
GCAmapRenormalizeWithAlignment() took 3.57983 min
noneg pre
Starting GCAMregister()
label assignment complete, 0 changed (0.00%)
npasses = 1, nlevels = 6
#pass# 1 of 1 ************************
enabling zero nodes
setting smoothness cost coefficient to 0.008

#GCAMreg# pass 0 level1 5 level2 0 tsec 0 sigma 2
l_jacobian=1.00 l_label=1.00 l_log_likelihood=0.20 l_smoothness=0.01 
tol=5.00e-02, dt=5.00e-02, exp_k=20.0, momentum=0.90, levels=6, niter=500, lbl_dist=10.00, avgs=256, sigma=2.0,type=2, relabel=0, neg=no

blurring input image with Gaussian with sigma=2.000...
GCAMRegisterLevel(): init RMS 0.794182
#FOTS# QuadFit found better minimum quadopt=(dt=247.571,rms=0.754091) vs oldopt=(dt=369.92,rms=0.760207)
#GCMRL#   84 dt 247.571156 rms  0.754  5.048% neg 0  invalid 762 tFOTS 4.5780 tGradient 2.5160 tsec 7.4320
#FOTS# QuadFit found better minimum quadopt=(dt=228.571,rms=0.740595) vs oldopt=(dt=92.48,rms=0.745643)
#GCMRL#   85 dt 228.571429 rms  0.741  1.790% neg 0  invalid 762 tFOTS 4.5820 tGradient 2.3740 tsec 7.2960
#FOTS# QuadFit found better minimum quadopt=(dt=137.752,rms=0.736147) vs oldopt=(dt=92.48,rms=0.736874)
#GCMRL#   86 dt 137.752381 rms  0.736  0.601% neg 0  invalid 762 tFOTS 4.9160 tGradient 2.3760 tsec 7.6340
#FOTS# QuadFit found better minimum quadopt=(dt=517.888,rms=0.728809) vs oldopt=(dt=369.92,rms=0.729849)
#GCMRL#   87 dt 517.888000 rms  0.729  0.997% neg 0  invalid 762 tFOTS 4.7040 tGradient 2.4870 tsec 7.5270
#FOTS# QuadFit found better minimum quadopt=(dt=110.976,rms=0.727239) vs oldopt=(dt=92.48,rms=0.727292)
#GCMRL#   88 dt 110.976000 rms  0.727  0.215% neg 0  invalid 762 tFOTS 4.9410 tGradient 2.3340 tsec 7.6100
#FOTS# QuadFit found better minimum quadopt=(dt=1775.62,rms=0.71743) vs oldopt=(dt=1479.68,rms=0.717923)
#GCMRL#   89 dt 1775.616000 rms  0.717  1.349% neg 0  invalid 762 tFOTS 4.6490 tGradient 2.3650 tsec 7.3560
#FOTS# QuadFit found better minimum quadopt=(dt=129.472,rms=0.716573) vs oldopt=(dt=92.48,rms=0.716648)
#GCMRL#   90 dt 129.472000 rms  0.717  0.119% neg 0  invalid 762 tFOTS 4.6530 tGradient 2.3300 tsec 7.3260
#FOTS# QuadFit found better minimum quadopt=(dt=1183.74,rms=0.711155) vs oldopt=(dt=1479.68,rms=0.711817)
#GCMRL#   91 dt 1183.744000 rms  0.711  0.756% neg 0  invalid 762 tFOTS 4.5890 tGradient 2.4270 tsec 7.3600
#GCMRL#   92 dt  92.480000 rms  0.710  0.209% neg 0  invalid 762 tFOTS 4.8640 tGradient 2.3770 tsec 7.6020
#FOTS# QuadFit found better minimum quadopt=(dt=129.472,rms=0.709148) vs oldopt=(dt=92.48,rms=0.709248)
#GCMRL#   93 dt 129.472000 rms  0.709  0.074% neg 0  invalid 762 tFOTS 4.5930 tGradient 2.3580 tsec 7.2970
#FOTS# QuadFit found better minimum quadopt=(dt=887.808,rms=0.707102) vs oldopt=(dt=1479.68,rms=0.707461)
#GCMRL#   94 dt 887.808000 rms  0.707  0.288% neg 0  invalid 762 tFOTS 4.5870 tGradient 2.4410 tsec 7.3740
#FOTS# QuadFit found better minimum quadopt=(dt=129.472,rms=0.706526) vs oldopt=(dt=92.48,rms=0.706602)
#GCMRL#   95 dt 129.472000 rms  0.707  0.081% neg 0  invalid 762 tFOTS 4.7390 tGradient 2.4120 tsec 7.5010
#FOTS# QuadFit found better minimum quadopt=(dt=517.888,rms=0.704638) vs oldopt=(dt=369.92,rms=0.705029)
#GCMRL#   96 dt 517.888000 rms  0.705  0.267% neg 0  invalid 762 tFOTS 4.6480 tGradient 2.4410 tsec 7.4280
#FOTS# QuadFit found better minimum quadopt=(dt=129.472,rms=0.704383) vs oldopt=(dt=92.48,rms=0.704425)
#GCMRL#   97 dt 129.472000 rms  0.704  0.000% neg 0  invalid 762 tFOTS 4.6620 tGradient 2.1560 tsec 7.1790
#GCMRL#   98 dt 129.472000 rms  0.704  0.050% neg 0  invalid 762 tFOTS 0.0000 tGradient 2.1510 tsec 2.4860
#GCMRL#   99 dt 129.472000 rms  0.704  0.074% neg 0  invalid 762 tFOTS 0.0000 tGradient 2.2130 tsec 2.5460
#GCMRL#  100 dt 129.472000 rms  0.703  0.087% neg 0  invalid 762 tFOTS 0.0000 tGradient 2.3010 tsec 2.6360
#GCMRL#  101 dt 129.472000 rms  0.702  0.117% neg 0  invalid 762 tFOTS 0.0000 tGradient 2.1100 tsec 2.4870
#GCMRL#  102 dt 129.472000 rms  0.701  0.145% neg 0  invalid 762 tFOTS 0.0000 tGradient 2.1920 tsec 2.5490
#GCMRL#  103 dt 129.472000 rms  0.700  0.155% neg 0  invalid 762 tFOTS 0.0000 tGradient 2.5030 tsec 2.8440
#GCMRL#  104 dt 129.472000 rms  0.699  0.161% neg 0  invalid 762 tFOTS 0.0000 tGradient 2.2840 tsec 2.6170
#GCMRL#  105 dt 129.472000 rms  0.698  0.161% neg 0  invalid 762 tFOTS 0.0000 tGradient 2.1930 tsec 2.5200
#GCMRL#  106 dt 129.472000 rms  0.697  0.168% neg 0  invalid 762 tFOTS 0.0000 tGradient 2.2290 tsec 2.5530
#GCMRL#  107 dt 129.472000 rms  0.695  0.170% neg 0  invalid 762 tFOTS 0.0000 tGradient 2.2310 tsec 2.5620
#GCMRL#  108 dt 129.472000 rms  0.694  0.151% neg 0  invalid 762 tFOTS 0.0000 tGradient 2.1510 tsec 2.4730
#GCMRL#  109 dt 129.472000 rms  0.693  0.137% neg 0  invalid 762 tFOTS 0.0000 tGradient 2.1260 tsec 2.4600
#GCMRL#  110 dt 129.472000 rms  0.692  0.125% neg 0  invalid 762 tFOTS 0.0000 tGradient 2.2250 tsec 2.5500
#GCMRL#  111 dt 129.472000 rms  0.692  0.128% neg 0  invalid 762 tFOTS 0.0000 tGradient 2.2860 tsec 2.6100
#GCMRL#  112 dt 129.472000 rms  0.691  0.129% neg 0  invalid 762 tFOTS 0.0000 tGradient 2.1770 tsec 2.5070
#GCMRL#  113 dt 129.472000 rms  0.690  0.127% neg 0  invalid 762 tFOTS 0.0000 tGradient 2.2110 tsec 2.5370
#GCMRL#  114 dt 129.472000 rms  0.689  0.105% neg 0  invalid 762 tFOTS 0.0000 tGradient 2.1520 tsec 2.4840
#GCMRL#  115 dt 129.472000 rms  0.688  0.094% neg 0  invalid 762 tFOTS 0.0000 tGradient 2.1680 tsec 2.4990
#GCMRL#  116 dt 129.472000 rms  0.688  0.082% neg 0  invalid 762 tFOTS 0.0000 tGradient 2.1570 tsec 2.4780
#GCMRL#  117 dt 129.472000 rms  0.687  0.082% neg 0  invalid 762 tFOTS 0.0000 tGradient 2.1640 tsec 2.5010
#GCMRL#  118 dt 129.472000 rms  0.687  0.087% neg 0  invalid 762 tFOTS 0.0000 tGradient 2.1080 tsec 2.4330
#GCMRL#  119 dt 129.472000 rms  0.686  0.078% neg 0  invalid 762 tFOTS 0.0000 tGradient 2.2000 tsec 2.5310
#GCMRL#  120 dt 129.472000 rms  0.686  0.080% neg 0  invalid 762 tFOTS 0.0000 tGradient 2.1540 tsec 2.4850
#GCMRL#  121 dt 129.472000 rms  0.685  0.077% neg 0  invalid 762 tFOTS 0.0000 tGradient 2.2050 tsec 2.5280
#GCMRL#  122 dt 129.472000 rms  0.685  0.084% neg 0  invalid 762 tFOTS 0.0000 tGradient 2.0860 tsec 2.4130
#GCMRL#  123 dt 129.472000 rms  0.684  0.078% neg 0  invalid 762 tFOTS 0.0000 tGradient 2.1070 tsec 2.4370
#GCMRL#  124 dt 129.472000 rms  0.684  0.065% neg 0  invalid 762 tFOTS 0.0000 tGradient 2.1500 tsec 2.4750
#GCMRL#  125 dt 129.472000 rms  0.683  0.056% neg 0  invalid 762 tFOTS 0.0000 tGradient 2.0880 tsec 2.4160
#GCMRL#  126 dt 129.472000 rms  0.683  0.052% neg 0  invalid 762 tFOTS 0.0000 tGradient 2.1680 tsec 2.4940
#GCMRL#  127 dt 129.472000 rms  0.682  0.068% neg 0  invalid 762 tFOTS 0.0000 tGradient 2.2230 tsec 2.5480
#GCMRL#  128 dt 129.472000 rms  0.682  0.063% neg 0  invalid 762 tFOTS 0.0000 tGradient 2.1940 tsec 2.5230
#GCMRL#  129 dt 129.472000 rms  0.681  0.068% neg 0  invalid 762 tFOTS 0.0000 tGradient 2.2240 tsec 2.5490
#GCMRL#  130 dt 129.472000 rms  0.681  0.050% neg 0  invalid 762 tFOTS 0.0000 tGradient 2.1360 tsec 2.4660
#GCMRL#  131 dt 129.472000 rms  0.681  0.038% neg 0  invalid 762 tFOTS 0.0000 tGradient 2.1970 tsec 2.5250
#GCMRL#  132 dt 129.472000 rms  0.681  0.039% neg 0  invalid 762 tFOTS 0.0000 tGradient 2.3860 tsec 2.7060
#GCMRL#  133 dt 129.472000 rms  0.680  0.054% neg 0  invalid 762 tFOTS 0.0000 tGradient 2.2250 tsec 2.5480
#GCMRL#  134 dt 129.472000 rms  0.680  0.056% neg 0  invalid 762 tFOTS 0.0000 tGradient 2.1570 tsec 2.4860
#GCMRL#  135 dt 129.472000 rms  0.680  0.044% neg 0  invalid 762 tFOTS 0.0000 tGradient 2.1350 tsec 2.4570
#GCMRL#  136 dt 129.472000 rms  0.679  0.036% neg 0  invalid 762 tFOTS 0.0000 tGradient 2.2010 tsec 2.5320
#GCMRL#  137 dt 129.472000 rms  0.679  0.044% neg 0  invalid 762 tFOTS 0.0000 tGradient 2.1030 tsec 2.4350
#GCMRL#  138 dt 129.472000 rms  0.679  0.036% neg 0  invalid 762 tFOTS 0.0000 tGradient 2.3430 tsec 2.6680
#GCMRL#  139 dt 129.472000 rms  0.679  0.037% neg 0  invalid 762 tFOTS 0.0000 tGradient 2.1450 tsec 2.4810
#GCMRL#  140 dt 129.472000 rms  0.678  0.047% neg 0  invalid 762 tFOTS 0.0000 tGradient 2.1210 tsec 2.4560
#GCMRL#  141 dt 129.472000 rms  0.678  0.042% neg 0  invalid 762 tFOTS 0.0000 tGradient 2.1980 tsec 2.5240
#GCMRL#  142 dt 129.472000 rms  0.678  0.038% neg 0  invalid 762 tFOTS 0.0000 tGradient 2.3370 tsec 2.6590
#GCMRL#  143 dt 129.472000 rms  0.677  0.033% neg 0  invalid 762 tFOTS 0.0000 tGradient 2.2610 tsec 2.5890
#GCMRL#  144 dt 129.472000 rms  0.677  0.040% neg 0  invalid 762 tFOTS 0.0000 tGradient 2.3710 tsec 2.7060
#GCMRL#  145 dt 129.472000 rms  0.677  0.033% neg 0  invalid 762 tFOTS 0.0000 tGradient 2.3960 tsec 2.7250
#GCMRL#  146 dt 129.472000 rms  0.677  0.033% neg 0  invalid 762 tFOTS 0.0000 tGradient 2.3840 tsec 2.7620
#GCMRL#  147 dt 129.472000 rms  0.676  0.033% neg 0  invalid 762 tFOTS 0.0000 tGradient 2.6470 tsec 3.0370
#GCMRL#  148 dt 129.472000 rms  0.676  0.031% neg 0  invalid 762 tFOTS 0.0000 tGradient 2.6130 tsec 2.9850
#GCMRL#  149 dt 129.472000 rms  0.676  0.027% neg 0  invalid 762 tFOTS 0.0000 tGradient 2.5960 tsec 2.9820
#GCMRL#  150 dt 129.472000 rms  0.676  0.030% neg 0  invalid 762 tFOTS 0.0000 tGradient 2.5880 tsec 2.9600
#GCMRL#  151 dt 129.472000 rms  0.676  0.029% neg 0  invalid 762 tFOTS 0.0000 tGradient 2.5890 tsec 2.9530
#GCMRL#  152 dt 129.472000 rms  0.676  0.022% neg 0  invalid 762 tFOTS 0.0000 tGradient 2.6030 tsec 2.9820
#GCMRL#  153 dt 129.472000 rms  0.675  0.017% neg 0  invalid 762 tFOTS 0.0000 tGradient 2.6070 tsec 3.0020
#FOTS# QuadFit found better minimum quadopt=(dt=2071.55,rms=0.674623) vs oldopt=(dt=1479.68,rms=0.674738)
#GCMRL#  154 dt 2071.552000 rms  0.675  0.122% neg 0  invalid 762 tFOTS 5.0020 tGradient 2.6170 tsec 7.9560
#FOTS# QuadFit found better minimum quadopt=(dt=8.092,rms=0.674635) vs oldopt=(dt=5.78,rms=0.674636)
#GCMRL#  155 dt   8.092000 rms  0.675  0.000% neg 0  invalid 762 tFOTS 4.8280 tGradient 2.3830 tsec 7.7940
#GCMRL#  156 dt   8.092000 rms  0.675  0.001% neg 0  invalid 762 tFOTS 0.0000 tGradient 2.3340 tsec 2.6540
#GCMRL#  157 dt   8.092000 rms  0.675  0.000% neg 0  invalid 762 tFOTS 0.0000 tGradient 2.3210 tsec 2.6480

#GCAMreg# pass 0 level1 5 level2 1 tsec 283.109 sigma 0.5
l_jacobian=1.00 l_label=1.00 l_log_likelihood=0.20 l_smoothness=0.01 
tol=5.00e-02, dt=5.00e-02, exp_k=20.0, momentum=0.90, levels=6, niter=500, lbl_dist=10.00, avgs=256, sigma=0.5,type=2, relabel=0, neg=no

blurring input image with Gaussian with sigma=0.500...
GCAMRegisterLevel(): init RMS 0.674899
#FOTS# QuadFit found better minimum quadopt=(dt=295.936,rms=0.672939) vs oldopt=(dt=369.92,rms=0.673197)
#GCMRL#  159 dt 295.936000 rms  0.673  0.290% neg 0  invalid 762 tFOTS 4.5740 tGradient 2.4000 tsec 7.3110
#FOTS# QuadFit found better minimum quadopt=(dt=129.472,rms=0.672011) vs oldopt=(dt=92.48,rms=0.672163)
#GCMRL#  160 dt 129.472000 rms  0.672  0.138% neg 0  invalid 762 tFOTS 4.5680 tGradient 2.3280 tsec 7.2320
#FOTS# QuadFit found better minimum quadopt=(dt=517.888,rms=0.671503) vs oldopt=(dt=369.92,rms=0.671543)
#GCMRL#  161 dt 517.888000 rms  0.672  0.076% neg 0  invalid 762 tFOTS 4.8470 tGradient 2.3480 tsec 7.5300
#FOTS# QuadFit found better minimum quadopt=(dt=129.472,rms=0.671067) vs oldopt=(dt=92.48,rms=0.671134)
#GCMRL#  162 dt 129.472000 rms  0.671  0.065% neg 0  invalid 762 tFOTS 4.5730 tGradient 2.3590 tsec 7.2720
#FOTS# QuadFit found better minimum quadopt=(dt=517.888,rms=0.670666) vs oldopt=(dt=369.92,rms=0.670745)
#GCMRL#  163 dt 517.888000 rms  0.671  0.060% neg 0  invalid 762 tFOTS 4.8330 tGradient 2.3520 tsec 7.5210
#FOTS# QuadFit found better minimum quadopt=(dt=129.472,rms=0.670504) vs oldopt=(dt=92.48,rms=0.670512)
#GCMRL#  164 dt 129.472000 rms  0.671  0.000% neg 0  invalid 762 tFOTS 4.5550 tGradient 2.3420 tsec 7.2600
#GCMRL#  165 dt 129.472000 rms  0.670  0.010% neg 0  invalid 762 tFOTS 0.0000 tGradient 2.3390 tsec 2.6640
#GCMRL#  166 dt 129.472000 rms  0.670  0.021% neg 0  invalid 762 tFOTS 0.0000 tGradient 2.3440 tsec 2.6740
#GCMRL#  167 dt 129.472000 rms  0.670  0.027% neg 0  invalid 762 tFOTS 0.0000 tGradient 2.3600 tsec 2.6880
#GCMRL#  168 dt 129.472000 rms  0.670  0.030% neg 0  invalid 762 tFOTS 0.0000 tGradient 2.3190 tsec 2.6410
#GCMRL#  169 dt 129.472000 rms  0.670  0.039% neg 0  invalid 762 tFOTS 0.0000 tGradient 2.2460 tsec 2.5720
#GCMRL#  170 dt 129.472000 rms  0.669  0.040% neg 0  invalid 762 tFOTS 0.0000 tGradient 2.3480 tsec 2.6750
#GCMRL#  171 dt 129.472000 rms  0.669  0.036% neg 0  invalid 762 tFOTS 0.0000 tGradient 2.3580 tsec 2.6830
#GCMRL#  172 dt 129.472000 rms  0.669  0.037% neg 0  invalid 762 tFOTS 0.0000 tGradient 2.3420 tsec 2.6700
#GCMRL#  173 dt 129.472000 rms  0.669  0.031% neg 0  invalid 762 tFOTS 0.0000 tGradient 2.3150 tsec 2.6380
#GCMRL#  174 dt 129.472000 rms  0.668  0.031% neg 0  invalid 762 tFOTS 0.0000 tGradient 2.2910 tsec 2.6140
#GCMRL#  175 dt 129.472000 rms  0.668  0.034% neg 0  invalid 762 tFOTS 0.0000 tGradient 2.3240 tsec 2.6480
#GCMRL#  176 dt 129.472000 rms  0.668  0.035% neg 0  invalid 762 tFOTS 0.0000 tGradient 2.3680 tsec 2.7010
#GCMRL#  177 dt 129.472000 rms  0.668  0.036% neg 0  invalid 762 tFOTS 0.0000 tGradient 2.3930 tsec 2.7110
#GCMRL#  178 dt 129.472000 rms  0.668  0.032% neg 0  invalid 762 tFOTS 0.0000 tGradient 2.4050 tsec 2.7260
#GCMRL#  179 dt 129.472000 rms  0.667  0.025% neg 0  invalid 762 tFOTS 0.0000 tGradient 2.3860 tsec 2.7090
#GCMRL#  180 dt 129.472000 rms  0.667  0.021% neg 0  invalid 762 tFOTS 0.0000 tGradient 2.3660 tsec 2.7140
#FOTS# QuadFit found better minimum quadopt=(dt=1183.74,rms=0.667028) vs oldopt=(dt=1479.68,rms=0.667031)
#GCMRL#  181 dt 1183.744000 rms  0.667  0.034% neg 0  invalid 762 tFOTS 4.8370 tGradient 2.4040 tsec 7.6410
#FOTS# QuadFit found better minimum quadopt=(dt=32.368,rms=0.66703) vs oldopt=(dt=23.12,rms=0.667031)
setting smoothness cost coefficient to 0.031

#GCAMreg# pass 0 level1 4 level2 0 tsec 0 sigma 2
l_jacobian=1.00 l_label=1.00 l_log_likelihood=0.20 l_smoothness=0.03 
tol=5.00e-02, dt=5.00e-02, exp_k=20.0, momentum=0.90, levels=6, niter=500, lbl_dist=10.00, avgs=64, sigma=2.0,type=2, relabel=0, neg=no

blurring input image with Gaussian with sigma=2.000...
GCAMRegisterLevel(): init RMS 0.669668
#FOTS# QuadFit found better minimum quadopt=(dt=36.288,rms=0.668384) vs oldopt=(dt=25.92,rms=0.66855)
#GCMRL#  183 dt  36.288000 rms  0.668  0.192% neg 0  invalid 762 tFOTS 4.6080 tGradient 1.8090 tsec 6.7570
#FOTS# QuadFit found better minimum quadopt=(dt=124.416,rms=0.666542) vs oldopt=(dt=103.68,rms=0.666621)
#GCMRL#  184 dt 124.416000 rms  0.667  0.276% neg 0  invalid 762 tFOTS 4.3030 tGradient 1.8230 tsec 6.4660
#GCMRL#  185 dt 414.720000 rms  0.655  1.683% neg 0  invalid 762 tFOTS 4.3760 tGradient 1.8310 tsec 6.5500
#FOTS# QuadFit found better minimum quadopt=(dt=36.288,rms=0.652217) vs oldopt=(dt=25.92,rms=0.652569)
#GCMRL#  186 dt  36.288000 rms  0.652  0.474% neg 0  invalid 762 tFOTS 4.6240 tGradient 1.8120 tsec 6.7780
#FOTS# QuadFit found better minimum quadopt=(dt=64,rms=0.651264) vs oldopt=(dt=103.68,rms=0.651546)
#GCMRL#  187 dt  64.000000 rms  0.651  0.146% neg 0  invalid 762 tFOTS 4.6400 tGradient 1.8840 tsec 6.8640
#FOTS# QuadFit found better minimum quadopt=(dt=497.664,rms=0.645317) vs oldopt=(dt=414.72,rms=0.645577)
#GCMRL#  188 dt 497.664000 rms  0.645  0.913% neg 0  invalid 762 tFOTS 4.3610 tGradient 1.8580 tsec 6.5580
#FOTS# QuadFit found better minimum quadopt=(dt=52.4944,rms=0.641844) vs oldopt=(dt=25.92,rms=0.642543)
#GCMRL#  189 dt  52.494382 rms  0.642  0.538% neg 0  invalid 762 tFOTS 4.6500 tGradient 1.8720 tsec 6.8660
#FOTS# QuadFit found better minimum quadopt=(dt=36.288,rms=0.64119) vs oldopt=(dt=25.92,rms=0.641316)
#GCMRL#  190 dt  36.288000 rms  0.641  0.102% neg 0  invalid 762 tFOTS 4.3610 tGradient 1.8480 tsec 6.5460
#FOTS# QuadFit found better minimum quadopt=(dt=580.608,rms=0.636162) vs oldopt=(dt=414.72,rms=0.636659)
#GCMRL#  191 dt 580.608000 rms  0.636  0.784% neg 0  invalid 762 tFOTS 4.3580 tGradient 1.8730 tsec 6.5710
#FOTS# QuadFit found better minimum quadopt=(dt=25.3465,rms=0.635039) vs oldopt=(dt=25.92,rms=0.635041)
#GCMRL#  192 dt  25.346535 rms  0.635  0.177% neg 0  invalid 762 tFOTS 4.6240 tGradient 1.8830 tsec 6.8480
#FOTS# QuadFit found better minimum quadopt=(dt=36.288,rms=0.634811) vs oldopt=(dt=25.92,rms=0.634822)
#GCMRL#  193 dt  36.288000 rms  0.635  0.000% neg 0  invalid 762 tFOTS 4.3350 tGradient 1.8360 tsec 6.5340
#GCMRL#  194 dt  36.288000 rms  0.634  0.073% neg 0  invalid 762 tFOTS 0.0000 tGradient 1.8520 tsec 2.1710
#GCMRL#  195 dt  36.288000 rms  0.634  0.106% neg 0  invalid 762 tFOTS 0.0000 tGradient 1.8700 tsec 2.1880
#GCMRL#  196 dt  36.288000 rms  0.633  0.128% neg 0  invalid 762 tFOTS 0.0000 tGradient 1.8660 tsec 2.1940
#GCMRL#  197 dt  36.288000 rms  0.632  0.154% neg 0  invalid 762 tFOTS 0.0000 tGradient 1.8400 tsec 2.1560
#GCMRL#  198 dt  36.288000 rms  0.631  0.196% neg 0  invalid 762 tFOTS 0.0000 tGradient 1.8320 tsec 2.1490
#GCMRL#  199 dt  36.288000 rms  0.629  0.225% neg 0  invalid 762 tFOTS 0.0000 tGradient 1.8710 tsec 2.1910
#GCMRL#  200 dt  36.288000 rms  0.628  0.216% neg 0  invalid 762 tFOTS 0.0000 tGradient 1.8390 tsec 2.1650
#GCMRL#  201 dt  36.288000 rms  0.627  0.195% neg 0  invalid 762 tFOTS 0.0000 tGradient 1.8590 tsec 2.1740
#GCMRL#  202 dt  36.288000 rms  0.626  0.177% neg 0  invalid 762 tFOTS 0.0000 tGradient 1.8580 tsec 2.1740
#GCMRL#  203 dt  36.288000 rms  0.625  0.159% neg 0  invalid 762 tFOTS 0.0000 tGradient 1.8040 tsec 2.1290
#GCMRL#  204 dt  36.288000 rms  0.624  0.155% neg 0  invalid 762 tFOTS 0.0000 tGradient 1.7840 tsec 2.1010
#GCMRL#  205 dt  36.288000 rms  0.623  0.165% neg 0  invalid 762 tFOTS 0.0000 tGradient 1.8310 tsec 2.1550
#GCMRL#  206 dt  36.288000 rms  0.622  0.036% neg 0  invalid 762 tFOTS 0.0000 tGradient 1.8080 tsec 2.2940
#GCMRL#  207 dt  36.288000 rms  0.622  0.068% neg 0  invalid 762 tFOTS 0.0000 tGradient 1.8120 tsec 2.1300
#GCMRL#  208 dt  36.288000 rms  0.621  0.085% neg 0  invalid 762 tFOTS 0.0000 tGradient 1.8730 tsec 2.1920
#GCMRL#  209 dt  36.288000 rms  0.621  0.095% neg 0  invalid 762 tFOTS 0.0000 tGradient 1.8170 tsec 2.1300
#GCMRL#  210 dt  36.288000 rms  0.620  0.081% neg 0  invalid 762 tFOTS 0.0000 tGradient 1.8880 tsec 2.2030
#GCMRL#  211 dt  36.288000 rms  0.620  0.073% neg 0  invalid 762 tFOTS 0.0000 tGradient 1.9060 tsec 2.2220
#GCMRL#  212 dt  36.288000 rms  0.619  0.082% neg 0  invalid 762 tFOTS 0.0000 tGradient 1.8300 tsec 2.1600
#GCMRL#  213 dt  36.288000 rms  0.619  0.092% neg 0  invalid 762 tFOTS 0.0000 tGradient 1.7960 tsec 2.1160
#GCMRL#  214 dt  36.288000 rms  0.618  0.093% neg 0  invalid 762 tFOTS 0.0000 tGradient 1.7510 tsec 2.0740
#GCMRL#  215 dt  36.288000 rms  0.618  0.089% neg 0  invalid 762 tFOTS 0.0000 tGradient 1.7960 tsec 2.1220
#GCMRL#  216 dt  36.288000 rms  0.617  0.104% neg 0  invalid 762 tFOTS 0.0000 tGradient 1.7920 tsec 2.1120
#GCMRL#  217 dt  36.288000 rms  0.616  0.108% neg 0  invalid 762 tFOTS 0.0000 tGradient 1.8390 tsec 2.1650
#GCMRL#  218 dt  36.288000 rms  0.616  0.114% neg 0  invalid 762 tFOTS 0.0000 tGradient 1.7940 tsec 2.1170
#GCMRL#  219 dt  36.288000 rms  0.615  0.124% neg 0  invalid 762 tFOTS 0.0000 tGradient 1.8010 tsec 2.1250
#GCMRL#  220 dt  36.288000 rms  0.614  0.116% neg 0  invalid 762 tFOTS 0.0000 tGradient 1.7540 tsec 2.0740
#GCMRL#  221 dt  36.288000 rms  0.614  0.099% neg 0  invalid 762 tFOTS 0.0000 tGradient 1.7760 tsec 2.0920
#GCMRL#  222 dt  36.288000 rms  0.613  0.102% neg 0  invalid 762 tFOTS 0.0000 tGradient 1.7990 tsec 2.1240
#GCMRL#  223 dt  36.288000 rms  0.612  0.111% neg 0  invalid 762 tFOTS 0.0000 tGradient 1.8040 tsec 2.1340
#GCMRL#  224 dt  36.288000 rms  0.612  0.110% neg 0  invalid 762 tFOTS 0.0000 tGradient 1.7690 tsec 2.0880
#GCMRL#  225 dt  36.288000 rms  0.611  0.098% neg 0  invalid 762 tFOTS 0.0000 tGradient 1.7570 tsec 2.0740
#GCMRL#  226 dt  36.288000 rms  0.610  0.097% neg 0  invalid 762 tFOTS 0.0000 tGradient 1.7410 tsec 2.0570
#GCMRL#  227 dt  36.288000 rms  0.610  0.089% neg 0  invalid 762 tFOTS 0.0000 tGradient 1.7560 tsec 2.0820
#GCMRL#  228 dt  36.288000 rms  0.609  0.081% neg 0  invalid 762 tFOTS 0.0000 tGradient 1.7830 tsec 2.1020
#GCMRL#  229 dt  36.288000 rms  0.609  0.087% neg 0  invalid 762 tFOTS 0.0000 tGradient 1.7640 tsec 2.0800
#GCMRL#  230 dt  36.288000 rms  0.608  0.091% neg 0  invalid 762 tFOTS 0.0000 tGradient 1.7350 tsec 2.0580
#GCMRL#  231 dt  36.288000 rms  0.608  0.092% neg 0  invalid 762 tFOTS 0.0000 tGradient 1.8470 tsec 2.1650
#GCMRL#  232 dt  36.288000 rms  0.607  0.086% neg 0  invalid 762 tFOTS 0.0000 tGradient 1.9210 tsec 2.2410
#GCMRL#  233 dt  36.288000 rms  0.607  0.078% neg 0  invalid 762 tFOTS 0.0000 tGradient 1.9020 tsec 2.2180
#GCMRL#  234 dt  36.288000 rms  0.606  0.077% neg 0  invalid 762 tFOTS 0.0000 tGradient 1.9700 tsec 2.2990
#GCMRL#  235 dt  36.288000 rms  0.606  0.070% neg 0  invalid 762 tFOTS 0.0000 tGradient 1.8190 tsec 2.1530
#GCMRL#  236 dt  36.288000 rms  0.605  0.060% neg 0  invalid 762 tFOTS 0.0000 tGradient 1.7730 tsec 2.0930
#GCMRL#  237 dt  36.288000 rms  0.605  0.008% neg 0  invalid 762 tFOTS 0.0000 tGradient 1.8510 tsec 2.3440
#GCMRL#  238 dt  36.288000 rms  0.605  0.015% neg 0  invalid 762 tFOTS 0.0000 tGradient 1.8300 tsec 2.1540
#GCMRL#  239 dt  36.288000 rms  0.605  0.009% neg 0  invalid 762 tFOTS 0.0000 tGradient 1.7620 tsec 2.1040
#FOTS# QuadFit found better minimum quadopt=(dt=36.288,rms=0.605225) vs oldopt=(dt=25.92,rms=0.605228)
#GCMRL#  240 dt  36.288000 rms  0.605  0.000% neg 0  invalid 762 tFOTS 4.6220 tGradient 1.8740 tsec 6.8630
#GCMRL#  241 dt  36.288000 rms  0.605  0.012% neg 0  invalid 762 tFOTS 0.0000 tGradient 1.7600 tsec 2.0880
#GCMRL#  242 dt  36.288000 rms  0.605  0.013% neg 0  invalid 762 tFOTS 0.0000 tGradient 1.7640 tsec 2.0940
#GCMRL#  243 dt  36.288000 rms  0.605  0.017% neg 0  invalid 762 tFOTS 0.0000 tGradient 1.7760 tsec 2.1030
#GCMRL#  244 dt  36.288000 rms  0.605  0.021% neg 0  invalid 762 tFOTS 0.0000 tGradient 1.9370 tsec 2.2650
#GCMRL#  245 dt  36.288000 rms  0.605  0.022% neg 0  invalid 762 tFOTS 0.0000 tGradient 1.7710 tsec 2.0870
#GCMRL#  246 dt  36.288000 rms  0.605  0.028% neg 0  invalid 762 tFOTS 0.0000 tGradient 1.8070 tsec 2.1320
#GCMRL#  247 dt  36.288000 rms  0.604  0.031% neg 0  invalid 762 tFOTS 0.0000 tGradient 1.7780 tsec 2.1000
#GCMRL#  248 dt  36.288000 rms  0.604  0.033% neg 0  invalid 762 tFOTS 0.0000 tGradient 1.7510 tsec 2.0730
#GCMRL#  249 dt  36.288000 rms  0.604  0.036% neg 0  invalid 762 tFOTS 0.0000 tGradient 1.7160 tsec 2.0310
#GCMRL#  250 dt  36.288000 rms  0.604  0.033% neg 0  invalid 762 tFOTS 0.0000 tGradient 1.7640 tsec 2.0880
#GCMRL#  251 dt  36.288000 rms  0.604  0.032% neg 0  invalid 762 tFOTS 0.0000 tGradient 1.9180 tsec 2.2410
#GCMRL#  252 dt  36.288000 rms  0.603  0.036% neg 0  invalid 762 tFOTS 0.0000 tGradient 1.9080 tsec 2.2210
#GCMRL#  253 dt  36.288000 rms  0.603  0.039% neg 0  invalid 762 tFOTS 0.0000 tGradient 1.8980 tsec 2.2280
#GCMRL#  254 dt  36.288000 rms  0.603  0.043% neg 0  invalid 762 tFOTS 0.0000 tGradient 1.7950 tsec 2.1230
#GCMRL#  255 dt  36.288000 rms  0.603  0.045% neg 0  invalid 762 tFOTS 0.0000 tGradient 1.8080 tsec 2.1350
#GCMRL#  256 dt  36.288000 rms  0.602  0.046% neg 0  invalid 762 tFOTS 0.0000 tGradient 1.7740 tsec 2.1030
#GCMRL#  257 dt  36.288000 rms  0.602  0.040% neg 0  invalid 762 tFOTS 0.0000 tGradient 1.7730 tsec 2.1040
#GCMRL#  258 dt  36.288000 rms  0.602  0.036% neg 0  invalid 762 tFOTS 0.0000 tGradient 1.7880 tsec 2.1150
#GCMRL#  259 dt  36.288000 rms  0.602  0.039% neg 0  invalid 762 tFOTS 0.0000 tGradient 1.7690 tsec 2.0950
#GCMRL#  260 dt  36.288000 rms  0.601  0.045% neg 0  invalid 762 tFOTS 0.0000 tGradient 1.7400 tsec 2.0720
#GCMRL#  261 dt  36.288000 rms  0.601  0.041% neg 0  invalid 762 tFOTS 0.0000 tGradient 1.7660 tsec 2.0950
#GCMRL#  262 dt  36.288000 rms  0.601  0.041% neg 0  invalid 762 tFOTS 0.0000 tGradient 1.7550 tsec 2.0830
#GCMRL#  263 dt  36.288000 rms  0.601  0.033% neg 0  invalid 762 tFOTS 0.0000 tGradient 1.7350 tsec 2.0650
#GCMRL#  264 dt  36.288000 rms  0.600  0.043% neg 0  invalid 762 tFOTS 0.0000 tGradient 1.7920 tsec 2.1220
#GCMRL#  265 dt  36.288000 rms  0.600  0.041% neg 0  invalid 762 tFOTS 0.0000 tGradient 1.7550 tsec 2.0880
#GCMRL#  266 dt  36.288000 rms  0.600  0.040% neg 0  invalid 762 tFOTS 0.0000 tGradient 1.7760 tsec 2.1060
#GCMRL#  267 dt  36.288000 rms  0.600  0.033% neg 0  invalid 762 tFOTS 0.0000 tGradient 1.7940 tsec 2.1230
#GCMRL#  268 dt  36.288000 rms  0.600  0.031% neg 0  invalid 762 tFOTS 0.0000 tGradient 1.8090 tsec 2.1350
#GCMRL#  269 dt  36.288000 rms  0.599  0.039% neg 0  invalid 762 tFOTS 0.0000 tGradient 1.7910 tsec 2.1230
#GCMRL#  270 dt  36.288000 rms  0.599  0.036% neg 0  invalid 762 tFOTS 0.0000 tGradient 1.8460 tsec 2.1760
#GCMRL#  271 dt  36.288000 rms  0.599  0.031% neg 0  invalid 762 tFOTS 0.0000 tGradient 1.8010 tsec 2.1310
#GCMRL#  272 dt  36.288000 rms  0.599  0.026% neg 0  invalid 762 tFOTS 0.0000 tGradient 1.7680 tsec 2.0950
#GCMRL#  273 dt  36.288000 rms  0.599  0.006% neg 0  invalid 762 tFOTS 0.0000 tGradient 1.8620 tsec 2.3630
#GCMRL#  274 dt  36.288000 rms  0.599  0.002% neg 0  invalid 762 tFOTS 0.0000 tGradient 1.7860 tsec 2.1410
#FOTS# QuadFit found better minimum quadopt=(dt=145.152,rms=0.598581) vs oldopt=(dt=103.68,rms=0.5986)
#GCMRL#  275 dt 145.152000 rms  0.599  0.017% neg 0  invalid 762 tFOTS 4.0650 tGradient 1.7470 tsec 6.1510
#FOTS# QuadFit found better minimum quadopt=(dt=21.3333,rms=0.598572) vs oldopt=(dt=25.92,rms=0.598572)
#GCMRL#  276 dt  21.333333 rms  0.599  0.000% neg 0  invalid 762 tFOTS 4.0970 tGradient 1.7960 tsec 6.2520
#GCMRL#  277 dt  21.333333 rms  0.599  0.001% neg 0  invalid 762 tFOTS 0.0000 tGradient 1.8120 tsec 2.1440

#GCAMreg# pass 0 level1 4 level2 1 tsec 278.172 sigma 0.5
l_jacobian=1.00 l_label=1.00 l_log_likelihood=0.20 l_smoothness=0.03 
tol=5.00e-02, dt=5.00e-02, exp_k=20.0, momentum=0.90, levels=6, niter=500, lbl_dist=10.00, avgs=64, sigma=0.5,type=2, relabel=0, neg=no

blurring input image with Gaussian with sigma=0.500...
GCAMRegisterLevel(): init RMS 0.598896
#FOTS# QuadFit found better minimum quadopt=(dt=92.5217,rms=0.596033) vs oldopt=(dt=103.68,rms=0.596052)
#GCMRL#  279 dt  92.521739 rms  0.596  0.478% neg 0  invalid 762 tFOTS 4.6560 tGradient 1.8450 tsec 6.8370
#GCMRL#  280 dt  25.920000 rms  0.596  0.073% neg 0  invalid 762 tFOTS 4.6420 tGradient 1.8110 tsec 6.7960
#FOTS# QuadFit found better minimum quadopt=(dt=248.832,rms=0.593984) vs oldopt=(dt=414.72,rms=0.5944)
#GCMRL#  281 dt 248.832000 rms  0.594  0.271% neg 0  invalid 762 tFOTS 4.6480 tGradient 1.7540 tsec 6.7400
#FOTS# QuadFit found better minimum quadopt=(dt=36.288,rms=0.593198) vs oldopt=(dt=25.92,rms=0.593325)
#GCMRL#  282 dt  36.288000 rms  0.593  0.132% neg 0  invalid 762 tFOTS 4.4150 tGradient 1.7540 tsec 6.4950
#FOTS# QuadFit found better minimum quadopt=(dt=36.288,rms=0.593117) vs oldopt=(dt=25.92,rms=0.59313)
#GCMRL#  283 dt  36.288000 rms  0.593  0.000% neg 0  invalid 762 tFOTS 4.8840 tGradient 1.8060 tsec 7.0400
#GCMRL#  284 dt  36.288000 rms  0.593  0.031% neg 0  invalid 762 tFOTS 0.0000 tGradient 1.8250 tsec 2.1380
#GCMRL#  285 dt  36.288000 rms  0.593  0.057% neg 0  invalid 762 tFOTS 0.0000 tGradient 1.7970 tsec 2.1190
#GCMRL#  286 dt  36.288000 rms  0.592  0.069% neg 0  invalid 762 tFOTS 0.0000 tGradient 1.8240 tsec 2.1430
#GCMRL#  287 dt  36.288000 rms  0.592  0.085% neg 0  invalid 762 tFOTS 0.0000 tGradient 1.8570 tsec 2.1720
#GCMRL#  288 dt  36.288000 rms  0.591  0.096% neg 0  invalid 762 tFOTS 0.0000 tGradient 1.8720 tsec 2.1970
#GCMRL#  289 dt  36.288000 rms  0.590  0.111% neg 0  invalid 762 tFOTS 0.0000 tGradient 2.0940 tsec 2.4700
#GCMRL#  290 dt  36.288000 rms  0.590  0.108% neg 0  invalid 762 tFOTS 0.0000 tGradient 2.1770 tsec 2.5510
#GCMRL#  291 dt  36.288000 rms  0.589  0.113% neg 0  invalid 762 tFOTS 0.0000 tGradient 1.9380 tsec 2.2590
#GCMRL#  292 dt  36.288000 rms  0.589  0.101% neg 0  invalid 762 tFOTS 0.0000 tGradient 1.9360 tsec 2.2590
#GCMRL#  293 dt  36.288000 rms  0.588  0.103% neg 0  invalid 762 tFOTS 0.0000 tGradient 1.9190 tsec 2.2350
#GCMRL#  294 dt  36.288000 rms  0.587  0.103% neg 0  invalid 762 tFOTS 0.0000 tGradient 1.8980 tsec 2.2190
#GCMRL#  295 dt  36.288000 rms  0.587  0.092% neg 0  invalid 762 tFOTS 0.0000 tGradient 1.8720 tsec 2.1930
#GCMRL#  296 dt  36.288000 rms  0.586  0.086% neg 0  invalid 762 tFOTS 0.0000 tGradient 1.8050 tsec 2.1260
#GCMRL#  297 dt  36.288000 rms  0.586  0.082% neg 0  invalid 762 tFOTS 0.0000 tGradient 1.9900 tsec 2.3070
#GCMRL#  298 dt  36.288000 rms  0.585  0.088% neg 0  invalid 762 tFOTS 0.0000 tGradient 1.8990 tsec 2.2200
#GCMRL#  299 dt  36.288000 rms  0.585  0.082% neg 0  invalid 762 tFOTS 0.0000 tGradient 1.8960 tsec 2.2160
#GCMRL#  300 dt  36.288000 rms  0.584  0.074% neg 0  invalid 762 tFOTS 0.0000 tGradient 1.8130 tsec 2.1350
#GCMRL#  301 dt  36.288000 rms  0.584  0.064% neg 0  invalid 762 tFOTS 0.0000 tGradient 1.8610 tsec 2.1730
#GCMRL#  302 dt  36.288000 rms  0.584  0.059% neg 0  invalid 762 tFOTS 0.0000 tGradient 1.8200 tsec 2.1390
#GCMRL#  303 dt  36.288000 rms  0.583  0.057% neg 0  invalid 762 tFOTS 0.0000 tGradient 1.8030 tsec 2.1210
#GCMRL#  304 dt  36.288000 rms  0.583  0.053% neg 0  invalid 762 tFOTS 0.0000 tGradient 1.7800 tsec 2.1000
#GCMRL#  305 dt  36.288000 rms  0.583  0.045% neg 0  invalid 762 tFOTS 0.0000 tGradient 1.8900 tsec 2.2070
#GCMRL#  306 dt  36.288000 rms  0.583  0.044% neg 0  invalid 762 tFOTS 0.0000 tGradient 1.9500 tsec 2.2700
#GCMRL#  307 dt  36.288000 rms  0.582  0.048% neg 0  invalid 762 tFOTS 0.0000 tGradient 1.8530 tsec 2.1720
#GCMRL#  308 dt  36.288000 rms  0.582  0.051% neg 0  invalid 762 tFOTS 0.0000 tGradient 1.9010 tsec 2.2290
#GCMRL#  309 dt  36.288000 rms  0.582  0.053% neg 0  invalid 762 tFOTS 0.0000 tGradient 1.8900 tsec 2.2070
#GCMRL#  310 dt  36.288000 rms  0.581  0.045% neg 0  invalid 762 tFOTS 0.0000 tGradient 1.8860 tsec 2.1930
#GCMRL#  311 dt  36.288000 rms  0.581  0.033% neg 0  invalid 762 tFOTS 0.0000 tGradient 1.8460 tsec 2.1550
#GCMRL#  312 dt  36.288000 rms  0.581  0.035% neg 0  invalid 762 tFOTS 0.0000 tGradient 1.8680 tsec 2.1760
#GCMRL#  313 dt  36.288000 rms  0.581  0.038% neg 0  invalid 762 tFOTS 0.0000 tGradient 1.8330 tsec 2.1530
#GCMRL#  314 dt  36.288000 rms  0.581  0.040% neg 0  invalid 762 tFOTS 0.0000 tGradient 1.8840 tsec 2.2010
#GCMRL#  315 dt  36.288000 rms  0.580  0.043% neg 0  invalid 762 tFOTS 0.0000 tGradient 1.8640 tsec 2.1740
#GCMRL#  316 dt  36.288000 rms  0.580  0.047% neg 0  invalid 762 tFOTS 0.0000 tGradient 1.9040 tsec 2.2150
#GCMRL#  317 dt  36.288000 rms  0.580  0.047% neg 0  invalid 762 tFOTS 0.0000 tGradient 1.9270 tsec 2.2350
#GCMRL#  318 dt  36.288000 rms  0.580  0.040% neg 0  invalid 762 tFOTS 0.0000 tGradient 1.7550 tsec 2.0650
#GCMRL#  319 dt  36.288000 rms  0.579  0.036% neg 0  invalid 762 tFOTS 0.0000 tGradient 1.8280 tsec 2.1390
#GCMRL#  320 dt  36.288000 rms  0.579  0.036% neg 0  invalid 762 tFOTS 0.0000 tGradient 1.9000 tsec 2.2070
#GCMRL#  321 dt  36.288000 rms  0.579  0.035% neg 0  invalid 762 tFOTS 0.0000 tGradient 1.8340 tsec 2.1460
#GCMRL#  322 dt  36.288000 rms  0.579  0.037% neg 0  invalid 762 tFOTS 0.0000 tGradient 1.8250 tsec 2.1650
#GCMRL#  323 dt  36.288000 rms  0.578  0.038% neg 0  invalid 762 tFOTS 0.0000 tGradient 1.8460 tsec 2.1640
#GCMRL#  324 dt  36.288000 rms  0.578  0.040% neg 0  invalid 762 tFOTS 0.0000 tGradient 1.8440 tsec 2.1540
#GCMRL#  325 dt  36.288000 rms  0.578  0.043% neg 0  invalid 762 tFOTS 0.0000 tGradient 1.8280 tsec 2.1490
#GCMRL#  326 dt  36.288000 rms  0.578  0.040% neg 0  invalid 762 tFOTS 0.0000 tGradient 1.8560 tsec 2.1670
#GCMRL#  327 dt  36.288000 rms  0.577  0.043% neg 0  invalid 762 tFOTS 0.0000 tGradient 1.8280 tsec 2.1490
#GCMRL#  328 dt  36.288000 rms  0.577  0.042% neg 0  invalid 762 tFOTS 0.0000 tGradient 1.8420 tsec 2.1630
#GCMRL#  329 dt  36.288000 rms  0.577  0.044% neg 0  invalid 762 tFOTS 0.0000 tGradient 1.8800 tsec 2.2010
#GCMRL#  330 dt  36.288000 rms  0.577  0.039% neg 0  invalid 762 tFOTS 0.0000 tGradient 1.8420 tsec 2.1540
#GCMRL#  331 dt  36.288000 rms  0.577  0.031% neg 0  invalid 762 tFOTS 0.0000 tGradient 1.8710 tsec 2.1920
#GCMRL#  332 dt  36.288000 rms  0.576  0.028% neg 0  invalid 762 tFOTS 0.0000 tGradient 1.8160 tsec 2.1310
#GCMRL#  333 dt  36.288000 rms  0.576  0.032% neg 0  invalid 762 tFOTS 0.0000 tGradient 1.8810 tsec 2.2050
#GCMRL#  334 dt  36.288000 rms  0.576  0.029% neg 0  invalid 762 tFOTS 0.0000 tGradient 1.8500 tsec 2.1760
#GCMRL#  335 dt  36.288000 rms  0.576  0.032% neg 0  invalid 762 tFOTS 0.0000 tGradient 1.8960 tsec 2.2120
#GCMRL#  336 dt  36.288000 rms  0.576  0.036% neg 0  invalid 762 tFOTS 0.0000 tGradient 1.7830 tsec 2.1100
#GCMRL#  337 dt  36.288000 rms  0.576  0.031% neg 0  invalid 762 tFOTS 0.0000 tGradient 1.8880 tsec 2.2070
#GCMRL#  338 dt  36.288000 rms  0.575  0.029% neg 0  invalid 762 tFOTS 0.0000 tGradient 1.8220 tsec 2.1450
#GCMRL#  339 dt  36.288000 rms  0.575  0.029% neg 0  invalid 762 tFOTS 0.0000 tGradient 1.9020 tsec 2.2220
#GCMRL#  340 dt  36.288000 rms  0.575  0.030% neg 0  invalid 762 tFOTS 0.0000 tGradient 1.8870 tsec 2.1990
#GCMRL#  341 dt  36.288000 rms  0.575  0.037% neg 0  invalid 762 tFOTS 0.0000 tGradient 1.9090 tsec 2.2340
#GCMRL#  342 dt  36.288000 rms  0.575  0.035% neg 0  invalid 762 tFOTS 0.0000 tGradient 1.8990 tsec 2.2170
#GCMRL#  343 dt  36.288000 rms  0.574  0.032% neg 0  invalid 762 tFOTS 0.0000 tGradient 1.9540 tsec 2.2680
#GCMRL#  344 dt  36.288000 rms  0.574  0.030% neg 0  invalid 762 tFOTS 0.0000 tGradient 1.8680 tsec 2.1870
#GCMRL#  345 dt  36.288000 rms  0.574  0.031% neg 0  invalid 762 tFOTS 0.0000 tGradient 1.8690 tsec 2.1830
#GCMRL#  346 dt  36.288000 rms  0.574  0.038% neg 0  invalid 762 tFOTS 0.0000 tGradient 1.8200 tsec 2.1440
#GCMRL#  347 dt  36.288000 rms  0.574  0.037% neg 0  invalid 762 tFOTS 0.0000 tGradient 1.8770 tsec 2.1950
#GCMRL#  348 dt  36.288000 rms  0.573  0.041% neg 0  invalid 762 tFOTS 0.0000 tGradient 1.7780 tsec 2.1010
#GCMRL#  349 dt  36.288000 rms  0.573  0.040% neg 0  invalid 762 tFOTS 0.0000 tGradient 1.8430 tsec 2.1610
#GCMRL#  350 dt  36.288000 rms  0.573  0.044% neg 0  invalid 762 tFOTS 0.0000 tGradient 1.8320 tsec 2.1410
#GCMRL#  351 dt  36.288000 rms  0.573  0.039% neg 0  invalid 762 tFOTS 0.0000 tGradient 1.8470 tsec 2.1730
#GCMRL#  352 dt  36.288000 rms  0.572  0.047% neg 0  invalid 762 tFOTS 0.0000 tGradient 1.8780 tsec 2.2050
#GCMRL#  353 dt  36.288000 rms  0.572  0.044% neg 0  invalid 762 tFOTS 0.0000 tGradient 1.8220 tsec 2.1360
#GCMRL#  354 dt  36.288000 rms  0.572  0.042% neg 0  invalid 762 tFOTS 0.0000 tGradient 1.8660 tsec 2.1890
#GCMRL#  355 dt  36.288000 rms  0.572  0.037% neg 0  invalid 762 tFOTS 0.0000 tGradient 1.8270 tsec 2.1450
#GCMRL#  356 dt  36.288000 rms  0.572  0.034% neg 0  invalid 762 tFOTS 0.0000 tGradient 1.8400 tsec 2.1570
#GCMRL#  357 dt  36.288000 rms  0.571  0.034% neg 0  invalid 762 tFOTS 0.0000 tGradient 1.8590 tsec 2.2340
#GCMRL#  358 dt  36.288000 rms  0.571  0.037% neg 0  invalid 762 tFOTS 0.0000 tGradient 1.8010 tsec 2.1750
#GCMRL#  359 dt  36.288000 rms  0.571  0.035% neg 0  invalid 762 tFOTS 0.0000 tGradient 1.8280 tsec 2.1470
#GCMRL#  360 dt  36.288000 rms  0.571  0.034% neg 0  invalid 762 tFOTS 0.0000 tGradient 1.8250 tsec 2.1470
#GCMRL#  361 dt  36.288000 rms  0.571  0.027% neg 0  invalid 762 tFOTS 0.0000 tGradient 1.7740 tsec 2.0930
#GCMRL#  362 dt  36.288000 rms  0.570  0.019% neg 0  invalid 762 tFOTS 0.0000 tGradient 1.7830 tsec 2.1100
#GCMRL#  363 dt  36.288000 rms  0.570  0.016% neg 0  invalid 762 tFOTS 0.0000 tGradient 1.7700 tsec 2.1080
#FOTS# QuadFit found better minimum quadopt=(dt=82.944,rms=0.570317) vs oldopt=(dt=103.68,rms=0.570322)
#GCMRL#  364 dt  82.944000 rms  0.570  0.000% neg 0  invalid 762 tFOTS 4.6050 tGradient 1.8050 tsec 6.7670
setting smoothness cost coefficient to 0.118

#GCAMreg# pass 0 level1 3 level2 0 tsec 0 sigma 2
l_jacobian=1.00 l_label=1.00 l_log_likelihood=0.20 l_smoothness=0.12 
tol=5.00e-02, dt=5.00e-02, exp_k=20.0, momentum=0.90, levels=6, niter=500, lbl_dist=10.00, avgs=16, sigma=2.0,type=2, relabel=0, neg=no

blurring input image with Gaussian with sigma=2.000...
GCAMRegisterLevel(): init RMS 0.583847
#FOTS# QuadFit found better minimum quadopt=(dt=11.2,rms=0.582966) vs oldopt=(dt=8,rms=0.583054)
#GCMRL#  366 dt  11.200000 rms  0.583  0.151% neg 0  invalid 762 tFOTS 4.3260 tGradient 1.5960 tsec 6.2570
#FOTS# QuadFit found better minimum quadopt=(dt=25.5385,rms=0.582294) vs oldopt=(dt=32,rms=0.582406)
#GCMRL#  367 dt  25.538462 rms  0.582  0.115% neg 0  invalid 762 tFOTS 4.5830 tGradient 1.5790 tsec 6.4900
#FOTS# QuadFit found better minimum quadopt=(dt=38.4,rms=0.581298) vs oldopt=(dt=32,rms=0.581313)
#GCMRL#  368 dt  38.400000 rms  0.581  0.171% neg 0  invalid 762 tFOTS 4.6070 tGradient 1.6180 tsec 6.5510
#FOTS# QuadFit found better minimum quadopt=(dt=44.8,rms=0.579703) vs oldopt=(dt=32,rms=0.579974)
#GCMRL#  369 dt  44.800000 rms  0.580  0.274% neg 0  invalid 762 tFOTS 4.6000 tGradient 1.5720 tsec 6.4970
#FOTS# QuadFit found better minimum quadopt=(dt=11.2,rms=0.579316) vs oldopt=(dt=8,rms=0.579366)
#GCMRL#  370 dt  11.200000 rms  0.579  0.067% neg 0  invalid 762 tFOTS 4.6230 tGradient 1.5930 tsec 6.5440
#FOTS# QuadFit found better minimum quadopt=(dt=153.6,rms=0.576233) vs oldopt=(dt=128,rms=0.576363)
#GCMRL#  371 dt 153.600000 rms  0.576  0.532% neg 0  invalid 762 tFOTS 4.3250 tGradient 1.6030 tsec 6.2520
#GCMRL#  372 dt   8.000000 rms  0.576  0.054% neg 0  invalid 762 tFOTS 4.6100 tGradient 1.6400 tsec 6.5740
#FOTS# QuadFit found better minimum quadopt=(dt=11.2,rms=0.575675) vs oldopt=(dt=8,rms=0.575714)
#GCMRL#  373 dt  11.200000 rms  0.576  0.000% neg 0  invalid 762 tFOTS 4.6080 tGradient 1.6760 tsec 6.6330
#GCMRL#  374 dt  11.200000 rms  0.575  0.069% neg 0  invalid 762 tFOTS 0.0000 tGradient 2.0250 tsec 2.4360
#GCMRL#  375 dt  11.200000 rms  0.575  0.101% neg 0  invalid 762 tFOTS 0.0000 tGradient 1.8690 tsec 2.2530
#GCMRL#  376 dt  11.200000 rms  0.574  0.127% neg 0  invalid 762 tFOTS 0.0000 tGradient 1.8340 tsec 2.2240
#GCMRL#  377 dt  11.200000 rms  0.573  0.169% neg 0  invalid 762 tFOTS 0.0000 tGradient 1.7760 tsec 2.1600
#GCMRL#  378 dt  11.200000 rms  0.572  0.226% neg 0  invalid 762 tFOTS 0.0000 tGradient 1.7930 tsec 2.1810
#GCMRL#  379 dt  11.200000 rms  0.570  0.235% neg 0  invalid 762 tFOTS 0.0000 tGradient 1.8460 tsec 2.2340
#GCMRL#  380 dt  11.200000 rms  0.569  0.242% neg 0  invalid 762 tFOTS 0.0000 tGradient 1.8420 tsec 2.2290
#GCMRL#  381 dt  11.200000 rms  0.568  0.251% neg 0  invalid 762 tFOTS 0.0000 tGradient 1.8390 tsec 2.2280
#GCMRL#  382 dt  11.200000 rms  0.567  0.019% neg 0  invalid 762 tFOTS 0.0000 tGradient 1.7950 tsec 2.3840
#GCMRL#  383 dt  11.200000 rms  0.567  0.041% neg 0  invalid 762 tFOTS 0.0000 tGradient 1.7790 tsec 2.1630
#GCMRL#  384 dt  11.200000 rms  0.567  0.051% neg 0  invalid 762 tFOTS 0.0000 tGradient 1.7570 tsec 2.1390
#GCMRL#  385 dt  11.200000 rms  0.567  0.069% neg 0  invalid 762 tFOTS 0.0000 tGradient 1.7680 tsec 2.1540
#GCMRL#  386 dt  11.200000 rms  0.566  0.101% neg 0  invalid 762 tFOTS 0.0000 tGradient 1.7790 tsec 2.1620
#GCMRL#  387 dt  11.200000 rms  0.565  0.133% neg 0  invalid 762 tFOTS 0.0000 tGradient 1.7490 tsec 2.1320
#GCMRL#  388 dt  11.200000 rms  0.565  0.026% neg 0  invalid 762 tFOTS 0.0000 tGradient 1.7630 tsec 2.3600
#GCMRL#  389 dt  11.200000 rms  0.565  0.048% neg 0  invalid 762 tFOTS 0.0000 tGradient 1.8360 tsec 2.2180
#GCMRL#  390 dt  11.200000 rms  0.564  0.077% neg 0  invalid 762 tFOTS 0.0000 tGradient 1.8310 tsec 2.2140
#GCMRL#  391 dt  11.200000 rms  0.564  0.095% neg 0  invalid 762 tFOTS 0.0000 tGradient 1.7700 tsec 2.1910
#GCMRL#  392 dt  11.200000 rms  0.564  0.025% neg 0  invalid 762 tFOTS 0.0000 tGradient 2.0660 tsec 2.6580
#GCMRL#  393 dt  11.200000 rms  0.563  0.046% neg 0  invalid 762 tFOTS 0.0000 tGradient 1.7730 tsec 2.1570
#GCMRL#  394 dt  11.200000 rms  0.563  0.023% neg 0  invalid 762 tFOTS 0.0000 tGradient 1.8420 tsec 2.4300
#GCMRL#  395 dt   5.600000 rms  0.563  0.011% neg 0  invalid 762 tFOTS 0.0000 tGradient 1.9530 tsec 2.7600
#FOTS# QuadFit found better minimum quadopt=(dt=0.7,rms=0.563213) vs oldopt=(dt=0.5,rms=0.563215)
#GCMRL#  396 dt   0.700000 rms  0.563  0.000% neg 0  invalid 762 tFOTS 3.8950 tGradient 1.8400 tsec 6.1910

#GCAMreg# pass 0 level1 3 level2 1 tsec 121.024 sigma 0.5
l_jacobian=1.00 l_label=1.00 l_log_likelihood=0.20 l_smoothness=0.12 
tol=5.00e-02, dt=5.00e-02, exp_k=20.0, momentum=0.90, levels=6, niter=500, lbl_dist=10.00, avgs=16, sigma=0.5,type=2, relabel=0, neg=no

blurring input image with Gaussian with sigma=0.500...
GCAMRegisterLevel(): init RMS 0.563515
#FOTS# QuadFit found better minimum quadopt=(dt=38.4,rms=0.559593) vs oldopt=(dt=32,rms=0.55978)
#GCMRL#  398 dt  38.400000 rms  0.560  0.696% neg 0  invalid 762 tFOTS 4.6020 tGradient 1.8330 tsec 6.7940
#GCMRL#  399 dt  32.000000 rms  0.558  0.290% neg 0  invalid 762 tFOTS 4.7200 tGradient 1.8320 tsec 6.9150
#FOTS# QuadFit found better minimum quadopt=(dt=21.8764,rms=0.556887) vs oldopt=(dt=32,rms=0.557184)
#GCMRL#  400 dt  21.876364 rms  0.557  0.194% neg 0  invalid 762 tFOTS 5.0750 tGradient 1.9210 tsec 7.4160
#FOTS# QuadFit found better minimum quadopt=(dt=11.2,rms=0.556521) vs oldopt=(dt=8,rms=0.556576)
#GCMRL#  401 dt  11.200000 rms  0.557  0.066% neg 0  invalid 762 tFOTS 5.0200 tGradient 1.9000 tsec 7.3130
#FOTS# QuadFit found better minimum quadopt=(dt=179.2,rms=0.553297) vs oldopt=(dt=128,rms=0.553641)
#GCMRL#  402 dt 179.200000 rms  0.553  0.579% neg 0  invalid 762 tFOTS 4.6860 tGradient 1.8310 tsec 6.9090
#FOTS# QuadFit found better minimum quadopt=(dt=11.2,rms=0.552138) vs oldopt=(dt=8,rms=0.55231)
#GCMRL#  403 dt  11.200000 rms  0.552  0.209% neg 0  invalid 762 tFOTS 5.0320 tGradient 1.8300 tsec 7.2560
#FOTS# QuadFit found better minimum quadopt=(dt=44.8,rms=0.55106) vs oldopt=(dt=32,rms=0.551123)
#GCMRL#  404 dt  44.800000 rms  0.551  0.195% neg 0  invalid 762 tFOTS 5.0330 tGradient 1.8350 tsec 7.2580
#FOTS# QuadFit found better minimum quadopt=(dt=25.6,rms=0.550495) vs oldopt=(dt=32,rms=0.550513)
#GCMRL#  405 dt  25.600000 rms  0.550  0.103% neg 0  invalid 762 tFOTS 4.8960 tGradient 1.8410 tsec 7.1490
#GCMRL#  406 dt  32.000000 rms  0.550  0.090% neg 0  invalid 762 tFOTS 5.2530 tGradient 2.2880 tsec 7.9210
#FOTS# QuadFit found better minimum quadopt=(dt=11.2,rms=0.549728) vs oldopt=(dt=8,rms=0.549763)
#GCMRL#  407 dt  11.200000 rms  0.550  0.000% neg 0  invalid 762 tFOTS 4.6800 tGradient 1.8630 tsec 6.9990
#GCMRL#  408 dt  11.200000 rms  0.550  0.032% neg 0  invalid 762 tFOTS 0.0000 tGradient 1.8090 tsec 2.1810
#GCMRL#  409 dt  11.200000 rms  0.549  0.062% neg 0  invalid 762 tFOTS 0.0000 tGradient 1.8530 tsec 2.2270
#GCMRL#  410 dt  11.200000 rms  0.549  0.083% neg 0  invalid 762 tFOTS 0.0000 tGradient 1.8080 tsec 2.1740
#GCMRL#  411 dt  11.200000 rms  0.548  0.101% neg 0  invalid 762 tFOTS 0.0000 tGradient 1.9220 tsec 2.2830
#GCMRL#  412 dt  11.200000 rms  0.548  0.125% neg 0  invalid 762 tFOTS 0.0000 tGradient 1.6270 tsec 2.1120
#GCMRL#  413 dt  11.200000 rms  0.547  0.141% neg 0  invalid 762 tFOTS 0.0000 tGradient 1.5650 tsec 1.9320
#GCMRL#  414 dt  11.200000 rms  0.546  0.136% neg 0  invalid 762 tFOTS 0.0000 tGradient 1.5560 tsec 1.8670
#GCMRL#  415 dt  11.200000 rms  0.545  0.138% neg 0  invalid 762 tFOTS 0.0000 tGradient 1.5930 tsec 1.9010
#GCMRL#  416 dt  11.200000 rms  0.544  0.141% neg 0  invalid 762 tFOTS 0.0000 tGradient 1.6090 tsec 1.9230
#GCMRL#  417 dt  11.200000 rms  0.544  0.142% neg 0  invalid 762 tFOTS 0.0000 tGradient 1.6040 tsec 1.9120
#GCMRL#  418 dt  11.200000 rms  0.543  0.140% neg 0  invalid 762 tFOTS 0.0000 tGradient 1.6170 tsec 1.9240
#GCMRL#  419 dt  11.200000 rms  0.542  0.131% neg 0  invalid 762 tFOTS 0.0000 tGradient 1.5510 tsec 1.9160
#GCMRL#  420 dt  11.200000 rms  0.542  0.125% neg 0  invalid 762 tFOTS 0.0000 tGradient 1.8080 tsec 2.1340
#GCMRL#  421 dt  11.200000 rms  0.541  0.123% neg 0  invalid 762 tFOTS 0.0000 tGradient 1.6350 tsec 1.9630
#GCMRL#  422 dt  11.200000 rms  0.540  0.111% neg 0  invalid 762 tFOTS 0.0000 tGradient 1.7070 tsec 2.0400
#GCMRL#  423 dt  11.200000 rms  0.540  0.108% neg 0  invalid 762 tFOTS 0.0000 tGradient 1.6910 tsec 2.0230
#GCMRL#  424 dt  11.200000 rms  0.539  0.111% neg 0  invalid 762 tFOTS 0.0000 tGradient 1.5980 tsec 1.9360
#GCMRL#  425 dt  11.200000 rms  0.539  0.099% neg 0  invalid 762 tFOTS 0.0000 tGradient 1.8810 tsec 2.2090
#GCMRL#  426 dt  11.200000 rms  0.538  0.092% neg 0  invalid 762 tFOTS 0.0000 tGradient 1.6260 tsec 1.9390
#GCMRL#  427 dt  11.200000 rms  0.538  0.087% neg 0  invalid 762 tFOTS 0.0000 tGradient 1.8100 tsec 2.1690
#GCMRL#  428 dt  11.200000 rms  0.537  0.073% neg 0  invalid 762 tFOTS 0.0000 tGradient 1.7500 tsec 2.0730
#GCMRL#  429 dt  11.200000 rms  0.537  0.070% neg 0  invalid 762 tFOTS 0.0000 tGradient 1.7360 tsec 2.0850
#GCMRL#  430 dt  11.200000 rms  0.536  0.069% neg 0  invalid 762 tFOTS 0.0000 tGradient 1.9220 tsec 2.2350
#GCMRL#  431 dt  11.200000 rms  0.536  0.075% neg 0  invalid 762 tFOTS 0.0000 tGradient 1.5730 tsec 1.8860
#GCMRL#  432 dt  11.200000 rms  0.536  0.074% neg 0  invalid 762 tFOTS 0.0000 tGradient 1.5840 tsec 1.8970
#GCMRL#  433 dt  11.200000 rms  0.535  0.075% neg 0  invalid 762 tFOTS 0.0000 tGradient 1.5830 tsec 1.9280
#GCMRL#  434 dt  11.200000 rms  0.535  0.069% neg 0  invalid 762 tFOTS 0.0000 tGradient 1.5670 tsec 1.8830
#GCMRL#  435 dt  11.200000 rms  0.535  0.064% neg 0  invalid 762 tFOTS 0.0000 tGradient 1.5770 tsec 1.9070
#GCMRL#  436 dt  11.200000 rms  0.534  0.054% neg 0  invalid 762 tFOTS 0.0000 tGradient 1.6160 tsec 1.9670
#GCMRL#  437 dt  11.200000 rms  0.534  0.059% neg 0  invalid 762 tFOTS 0.0000 tGradient 1.6220 tsec 1.9510
#GCMRL#  438 dt  11.200000 rms  0.534  0.062% neg 0  invalid 762 tFOTS 0.0000 tGradient 1.5780 tsec 1.8940
#GCMRL#  439 dt  11.200000 rms  0.533  0.063% neg 0  invalid 762 tFOTS 0.0000 tGradient 1.6140 tsec 1.9280
#GCMRL#  440 dt  11.200000 rms  0.533  0.064% neg 0  invalid 762 tFOTS 0.0000 tGradient 1.8310 tsec 2.1850
#GCMRL#  441 dt  11.200000 rms  0.533  0.067% neg 0  invalid 762 tFOTS 0.0000 tGradient 1.7550 tsec 2.0680
#GCMRL#  442 dt  11.200000 rms  0.532  0.074% neg 0  invalid 762 tFOTS 0.0000 tGradient 1.5880 tsec 1.9010
#GCMRL#  443 dt  11.200000 rms  0.532  0.071% neg 0  invalid 762 tFOTS 0.0000 tGradient 1.6500 tsec 1.9600
#GCMRL#  444 dt  11.200000 rms  0.531  0.062% neg 0  invalid 762 tFOTS 0.0000 tGradient 1.6830 tsec 2.0100
#GCMRL#  445 dt  11.200000 rms  0.531  0.055% neg 0  invalid 762 tFOTS 0.0000 tGradient 1.6890 tsec 2.0230
#GCMRL#  446 dt  11.200000 rms  0.531  0.052% neg 0  invalid 762 tFOTS 0.0000 tGradient 1.5610 tsec 1.8780
#GCMRL#  447 dt  11.200000 rms  0.531  0.056% neg 0  invalid 762 tFOTS 0.0000 tGradient 1.6160 tsec 1.9420
#GCMRL#  448 dt  11.200000 rms  0.530  0.054% neg 0  invalid 762 tFOTS 0.0000 tGradient 1.6110 tsec 1.9370
#GCMRL#  449 dt  11.200000 rms  0.530  0.053% neg 0  invalid 762 tFOTS 0.0000 tGradient 1.5730 tsec 1.9060
#GCMRL#  450 dt  11.200000 rms  0.530  0.058% neg 0  invalid 762 tFOTS 0.0000 tGradient 1.6400 tsec 1.9650
#GCMRL#  451 dt  11.200000 rms  0.529  0.054% neg 0  invalid 762 tFOTS 0.0000 tGradient 1.5780 tsec 1.8980
#GCMRL#  452 dt  11.200000 rms  0.529  0.050% neg 0  invalid 762 tFOTS 0.0000 tGradient 1.6730 tsec 1.9850
#GCMRL#  453 dt  11.200000 rms  0.529  0.050% neg 0  invalid 762 tFOTS 0.0000 tGradient 1.6330 tsec 1.9410
#GCMRL#  454 dt  11.200000 rms  0.529  0.042% neg 0  invalid 762 tFOTS 0.0000 tGradient 1.6360 tsec 1.9560
#GCMRL#  455 dt  11.200000 rms  0.529  0.037% neg 0  invalid 762 tFOTS 0.0000 tGradient 1.6160 tsec 1.9780
#GCMRL#  456 dt  11.200000 rms  0.528  0.038% neg 0  invalid 762 tFOTS 0.0000 tGradient 1.6000 tsec 1.9230
#GCMRL#  457 dt  11.200000 rms  0.528  0.034% neg 0  invalid 762 tFOTS 0.0000 tGradient 1.6100 tsec 1.9490
#GCMRL#  458 dt  11.200000 rms  0.528  0.035% neg 0  invalid 762 tFOTS 0.0000 tGradient 1.6460 tsec 1.9830
#GCMRL#  459 dt  11.200000 rms  0.528  0.040% neg 0  invalid 762 tFOTS 0.0000 tGradient 1.6430 tsec 1.9780
#GCMRL#  460 dt  11.200000 rms  0.528  0.036% neg 0  invalid 762 tFOTS 0.0000 tGradient 1.6050 tsec 1.9220
#GCMRL#  461 dt  11.200000 rms  0.527  0.033% neg 0  invalid 762 tFOTS 0.0000 tGradient 1.6230 tsec 1.9580
#GCMRL#  462 dt  11.200000 rms  0.527  0.032% neg 0  invalid 762 tFOTS 0.0000 tGradient 1.7610 tsec 2.1340
#GCMRL#  463 dt  11.200000 rms  0.527  0.005% neg 0  invalid 762 tFOTS 0.0000 tGradient 1.5960 tsec 2.0830
#GCMRL#  464 dt  11.200000 rms  0.527  0.012% neg 0  invalid 762 tFOTS 0.0000 tGradient 1.6310 tsec 1.9400
#GCMRL#  465 dt  11.200000 rms  0.527  0.012% neg 0  invalid 762 tFOTS 0.0000 tGradient 1.6260 tsec 1.9780
#FOTS# QuadFit found better minimum quadopt=(dt=44.8,rms=0.526995) vs oldopt=(dt=32,rms=0.527008)
#GCMRL#  466 dt  44.800000 rms  0.527  0.012% neg 0  invalid 762 tFOTS 4.0000 tGradient 1.5860 tsec 5.9220
#FOTS# QuadFit found better minimum quadopt=(dt=11.2,rms=0.526973) vs oldopt=(dt=8,rms=0.526976)
#GCMRL#  467 dt  11.200000 rms  0.527  0.000% neg 0  invalid 762 tFOTS 4.3410 tGradient 1.6540 tsec 6.3520
setting smoothness cost coefficient to 0.400

#GCAMreg# pass 0 level1 2 level2 0 tsec 0 sigma 2
l_jacobian=1.00 l_label=1.00 l_log_likelihood=0.20 l_smoothness=0.40 
tol=5.00e-02, dt=5.00e-02, exp_k=20.0, momentum=0.90, levels=6, niter=500, lbl_dist=10.00, avgs=4, sigma=2.0,type=2, relabel=0, neg=no

blurring input image with Gaussian with sigma=2.000...
GCAMRegisterLevel(): init RMS 0.556294
#GCMRL#  469 dt   0.000000 rms  0.556  0.051% neg 0  invalid 762 tFOTS 4.0730 tGradient 1.6180 tsec 6.0190
#GCMRL#  470 dt   0.150000 rms  0.556  0.000% neg 0  invalid 762 tFOTS 4.3410 tGradient 1.4780 tsec 6.3970

#GCAMreg# pass 0 level1 2 level2 1 tsec 24.229 sigma 0.5
l_jacobian=1.00 l_label=1.00 l_log_likelihood=0.20 l_smoothness=0.40 
tol=5.00e-02, dt=5.00e-02, exp_k=20.0, momentum=0.90, levels=6, niter=500, lbl_dist=10.00, avgs=4, sigma=0.5,type=2, relabel=0, neg=no

blurring input image with Gaussian with sigma=0.500...
GCAMRegisterLevel(): init RMS 0.556294
#GCMRL#  472 dt   0.000000 rms  0.556  0.051% neg 0  invalid 762 tFOTS 4.4670 tGradient 1.5280 tsec 6.3520
#GCMRL#  473 dt   0.150000 rms  0.556  0.000% neg 0  invalid 762 tFOTS 4.3480 tGradient 1.5310 tsec 6.4700
setting smoothness cost coefficient to 1.000

#GCAMreg# pass 0 level1 1 level2 0 tsec 0 sigma 2
l_jacobian=1.00 l_label=1.00 l_log_likelihood=0.20 l_smoothness=1.00 
tol=5.00e-02, dt=5.00e-02, exp_k=20.0, momentum=0.90, levels=6, niter=500, lbl_dist=10.00, avgs=1, sigma=2.0,type=2, relabel=0, neg=no

blurring input image with Gaussian with sigma=2.000...
GCAMRegisterLevel(): init RMS 0.613412
#GCMRL#  475 dt   1.280000 rms  0.609  0.675% neg 0  invalid 762 tFOTS 4.4400 tGradient 1.4310 tsec 6.2090
#FOTS# QuadFit found better minimum quadopt=(dt=0.448,rms=0.609016) vs oldopt=(dt=0.32,rms=0.609041)
#GCMRL#  476 dt   0.448000 rms  0.609  0.000% neg 0  invalid 762 tFOTS 4.4420 tGradient 1.4030 tsec 6.2080

#GCAMreg# pass 0 level1 1 level2 1 tsec 23.957 sigma 0.5
l_jacobian=1.00 l_label=1.00 l_log_likelihood=0.20 l_smoothness=1.00 
tol=5.00e-02, dt=5.00e-02, exp_k=20.0, momentum=0.90, levels=6, niter=500, lbl_dist=10.00, avgs=1, sigma=0.5,type=2, relabel=0, neg=no

blurring input image with Gaussian with sigma=0.500...
GCAMRegisterLevel(): init RMS 0.60928
#FOTS# QuadFit found better minimum quadopt=(dt=0.768,rms=0.608404) vs oldopt=(dt=1.28,rms=0.608611)
#GCMRL#  478 dt   0.768000 rms  0.608  0.144% neg 0  invalid 762 tFOTS 4.1550 tGradient 1.4450 tsec 5.9390
#FOTS# QuadFit found better minimum quadopt=(dt=0.256,rms=0.60835) vs oldopt=(dt=0.32,rms=0.608353)
#GCMRL#  479 dt   0.256000 rms  0.608  0.000% neg 0  invalid 762 tFOTS 4.5110 tGradient 1.4360 tsec 6.3190
resetting metric properties...
setting smoothness cost coefficient to 2.000

#GCAMreg# pass 0 level1 0 level2 0 tsec 0 sigma 2
l_jacobian=1.00 l_label=1.00 l_log_likelihood=0.20 l_smoothness=2.00 
tol=5.00e-02, dt=5.00e-02, exp_k=20.0, momentum=0.90, levels=6, niter=500, lbl_dist=10.00, avgs=0, sigma=2.0,type=2, relabel=0, neg=no

blurring input image with Gaussian with sigma=2.000...
GCAMRegisterLevel(): init RMS 0.540351
#FOTS# QuadFit found better minimum quadopt=(dt=0.448,rms=0.524983) vs oldopt=(dt=0.32,rms=0.529128)
#GCMRL#  481 dt   0.448000 rms  0.525  2.844% neg 0  invalid 762 tFOTS 4.2020 tGradient 0.9090 tsec 5.4680
#FOTS# QuadFit found better minimum quadopt=(dt=0.384,rms=0.521374) vs oldopt=(dt=0.32,rms=0.521965)
#GCMRL#  482 dt   0.384000 rms  0.521  0.687% neg 0  invalid 762 tFOTS 4.1790 tGradient 0.8730 tsec 5.3910
#FOTS# QuadFit found better minimum quadopt=(dt=0.448,rms=0.51854) vs oldopt=(dt=0.32,rms=0.519334)
#GCMRL#  483 dt   0.448000 rms  0.519  0.544% neg 0  invalid 762 tFOTS 4.2010 tGradient 0.8550 tsec 5.4130
#FOTS# QuadFit found better minimum quadopt=(dt=0.448,rms=0.517096) vs oldopt=(dt=0.32,rms=0.5175)
#GCMRL#  484 dt   0.448000 rms  0.517  0.278% neg 0  invalid 762 tFOTS 4.1440 tGradient 0.8590 tsec 5.3430
#FOTS# QuadFit found better minimum quadopt=(dt=0.448,rms=0.515944) vs oldopt=(dt=0.32,rms=0.516249)
#GCMRL#  485 dt   0.448000 rms  0.516  0.223% neg 0  invalid 762 tFOTS 4.1930 tGradient 0.8400 tsec 5.3900
#FOTS# QuadFit found better minimum quadopt=(dt=0.448,rms=0.515252) vs oldopt=(dt=0.32,rms=0.515438)
#GCMRL#  486 dt   0.448000 rms  0.515  0.134% neg 0  invalid 762 tFOTS 4.2040 tGradient 0.8560 tsec 5.4020
#FOTS# QuadFit found better minimum quadopt=(dt=0.448,rms=0.514592) vs oldopt=(dt=0.32,rms=0.514751)
#GCMRL#  487 dt   0.448000 rms  0.515  0.128% neg 0  invalid 762 tFOTS 4.2530 tGradient 0.8430 tsec 5.4550
#FOTS# QuadFit found better minimum quadopt=(dt=0.448,rms=0.514203) vs oldopt=(dt=0.32,rms=0.514285)
#GCMRL#  488 dt   0.448000 rms  0.514  0.076% neg 0  invalid 762 tFOTS 4.1780 tGradient 0.8800 tsec 5.3950
#FOTS# QuadFit found better minimum quadopt=(dt=0.448,rms=0.513765) vs oldopt=(dt=0.32,rms=0.513851)
#GCMRL#  489 dt   0.448000 rms  0.514  0.085% neg 0  invalid 762 tFOTS 4.2060 tGradient 0.8420 tsec 5.4050
#FOTS# QuadFit found better minimum quadopt=(dt=0.448,rms=0.513552) vs oldopt=(dt=0.32,rms=0.513581)
#GCMRL#  490 dt   0.448000 rms  0.514  0.000% neg 0  invalid 762 tFOTS 4.1920 tGradient 0.8830 tsec 5.4410
#GCMRL#  491 dt   0.448000 rms  0.513  0.066% neg 0  invalid 762 tFOTS 0.0000 tGradient 0.8660 tsec 1.2250
#GCMRL#  492 dt   0.448000 rms  0.513  0.080% neg 0  invalid 762 tFOTS 0.0000 tGradient 0.8650 tsec 1.1980
#GCMRL#  493 dt   0.224000 rms  0.513  0.019% neg 0  invalid 762 tFOTS 0.0000 tGradient 0.8310 tsec 1.5080
#GCMRL#  494 dt   0.224000 rms  0.512  0.042% neg 0  invalid 762 tFOTS 0.0000 tGradient 0.8230 tsec 1.1520
#GCMRL#  495 dt   0.224000 rms  0.512  0.021% neg 0  invalid 762 tFOTS 0.0000 tGradient 0.8370 tsec 1.3370
#GCMRL#  496 dt   0.224000 rms  0.512  0.022% neg 0  invalid 762 tFOTS 0.0000 tGradient 0.8190 tsec 1.1570
#GCMRL#  497 dt   0.224000 rms  0.512  0.030% neg 0  invalid 762 tFOTS 0.0000 tGradient 0.8810 tsec 1.2080
#GCMRL#  498 dt   0.224000 rms  0.512  0.034% neg 0  invalid 762 tFOTS 0.0000 tGradient 0.8430 tsec 1.1880
#GCMRL#  499 dt   0.224000 rms  0.512  0.040% neg 0  invalid 762 tFOTS 0.0000 tGradient 0.8910 tsec 1.2440
#GCMRL#  500 dt   0.224000 rms  0.512  0.008% neg 0  invalid 762 tFOTS 0.0000 tGradient 0.8850 tsec 1.4370
#GCMRL#  501 dt   0.224000 rms  0.512  0.006% neg 0  invalid 762 tFOTS 0.0000 tGradient 0.9130 tsec 1.5070
#FOTS# QuadFit found better minimum quadopt=(dt=0.256,rms=0.511638) vs oldopt=(dt=0.32,rms=0.511638)
#GCMRL#  502 dt   0.256000 rms  0.512  0.007% neg 0  invalid 762 tFOTS 4.1490 tGradient 0.9310 tsec 5.4080
#FOTS# QuadFit found better minimum quadopt=(dt=0.192,rms=0.511627) vs oldopt=(dt=0.32,rms=0.511631)
#GCMRL#  503 dt   0.192000 rms  0.512  0.000% neg 0  invalid 762 tFOTS 4.0870 tGradient 0.8360 tsec 5.3280
#GCMRL#  504 dt   0.192000 rms  0.512  0.007% neg 0  invalid 762 tFOTS 0.0000 tGradient 0.8320 tsec 1.1610
#GCMRL#  505 dt   0.192000 rms  0.512  0.006% neg 0  invalid 762 tFOTS 0.0000 tGradient 0.8370 tsec 1.1790
#GCMRL#  506 dt   0.192000 rms  0.512  0.007% neg 0  invalid 762 tFOTS 0.0000 tGradient 0.8490 tsec 1.1740
#GCMRL#  507 dt   0.192000 rms  0.511  0.011% neg 0  invalid 762 tFOTS 0.0000 tGradient 0.8360 tsec 1.1820

#GCAMreg# pass 0 level1 0 level2 1 tsec 94.456 sigma 0.5
l_jacobian=1.00 l_label=1.00 l_log_likelihood=0.20 l_smoothness=2.00 
tol=5.00e-02, dt=5.00e-02, exp_k=20.0, momentum=0.90, levels=6, niter=500, lbl_dist=10.00, avgs=0, sigma=0.5,type=2, relabel=0, neg=no

blurring input image with Gaussian with sigma=0.500...
GCAMRegisterLevel(): init RMS 0.511779
#FOTS# QuadFit found better minimum quadopt=(dt=0.112,rms=0.510072) vs oldopt=(dt=0.08,rms=0.510455)
#GCMRL#  509 dt   0.112000 rms  0.510  0.334% neg 0  invalid 762 tFOTS 4.0510 tGradient 0.8180 tsec 5.2000
#FOTS# QuadFit found better minimum quadopt=(dt=0.25,rms=0.507707) vs oldopt=(dt=0.08,rms=0.509297)
#GCMRL#  510 dt   0.250000 rms  0.508  0.464% neg 0  invalid 762 tFOTS 3.7270 tGradient 0.8220 tsec 4.8750
#FOTS# QuadFit found better minimum quadopt=(dt=0.112,rms=0.507136) vs oldopt=(dt=0.08,rms=0.507296)
#GCMRL#  511 dt   0.112000 rms  0.507  0.112% neg 0  invalid 762 tFOTS 3.7650 tGradient 0.8350 tsec 4.9460
#FOTS# QuadFit found better minimum quadopt=(dt=0.112,rms=0.506672) vs oldopt=(dt=0.08,rms=0.506803)
#GCMRL#  512 dt   0.112000 rms  0.507  0.092% neg 0  invalid 762 tFOTS 4.0170 tGradient 0.9060 tsec 5.2530
#FOTS# QuadFit found better minimum quadopt=(dt=0.112,rms=0.506301) vs oldopt=(dt=0.08,rms=0.506407)
#GCMRL#  513 dt   0.112000 rms  0.506  0.073% neg 0  invalid 762 tFOTS 3.8640 tGradient 0.8340 tsec 5.0460
#FOTS# QuadFit found better minimum quadopt=(dt=0.112,rms=0.505991) vs oldopt=(dt=0.08,rms=0.50608)
#GCMRL#  514 dt   0.112000 rms  0.506  0.061% neg 0  invalid 762 tFOTS 3.9370 tGradient 0.9000 tsec 5.2400
#FOTS# QuadFit found better minimum quadopt=(dt=0.112,rms=0.505736) vs oldopt=(dt=0.08,rms=0.505809)
#GCMRL#  515 dt   0.112000 rms  0.506  0.050% neg 0  invalid 762 tFOTS 4.0530 tGradient 0.8560 tsec 5.3000
#FOTS# QuadFit found better minimum quadopt=(dt=0.112,rms=0.505521) vs oldopt=(dt=0.08,rms=0.505581)
#GCMRL#  516 dt   0.112000 rms  0.506  0.000% neg 0  invalid 762 tFOTS 3.6820 tGradient 0.8650 tsec 4.8940
#GCMRL#  517 dt   0.112000 rms  0.505  0.034% neg 0  invalid 762 tFOTS 0.0000 tGradient 0.8500 tsec 1.1710
#GCMRL#  518 dt   0.112000 rms  0.505  0.058% neg 0  invalid 762 tFOTS 0.0000 tGradient 0.8470 tsec 1.1660
#GCMRL#  519 dt   0.112000 rms  0.505  0.071% neg 0  invalid 762 tFOTS 0.0000 tGradient 0.8370 tsec 1.1560
#GCMRL#  520 dt   0.112000 rms  0.504  0.060% neg 0  invalid 762 tFOTS 0.0000 tGradient 0.8500 tsec 1.1680
#GCMRL#  521 dt   0.112000 rms  0.504  0.047% neg 0  invalid 762 tFOTS 0.0000 tGradient 0.8520 tsec 1.1650
#GCMRL#  522 dt   0.112000 rms  0.504  0.027% neg 0  invalid 762 tFOTS 0.0000 tGradient 0.8710 tsec 1.1940
#GCMRL#  523 dt   0.112000 rms  0.504  0.007% neg 0  invalid 762 tFOTS 0.0000 tGradient 0.8620 tsec 1.1860
#GCMRL#  524 dt   0.112000 rms  0.504 -0.011% neg 0  invalid 762 tFOTS 0.0000 tGradient 0.8500 tsec 1.4640
GCAMregister done in 24.0007 min
********************* ALLOWING NEGATIVE NODES IN DEFORMATION********************************
noneg post
Starting GCAMregister()
label assignment complete, 0 changed (0.00%)
npasses = 1, nlevels = 6
#pass# 1 of 1 ************************
enabling zero nodes
setting smoothness cost coefficient to 0.008

#GCAMreg# pass 0 level1 5 level2 0 tsec 0 sigma 2
l_jacobian=1.00 l_label=1.00 l_log_likelihood=0.20 l_smoothness=0.01 
tol=2.50e-01, dt=5.00e-02, exp_k=20.0, momentum=0.90, levels=6, niter=500, lbl_dist=10.00, avgs=256, sigma=2.0,type=2, relabel=0, neg=yes

blurring input image with Gaussian with sigma=2.000...
GCAMRegisterLevel(): init RMS 0.501843
#FOTS# QuadFit found better minimum quadopt=(dt=18.496,rms=0.501468) vs oldopt=(dt=23.12,rms=0.501469)
#GCMRL#  526 dt  18.496000 rms  0.501  0.075% neg 0  invalid 762 tFOTS 5.0100 tGradient 2.2210 tsec 7.5590
#FOTS# QuadFit found better minimum quadopt=(dt=3.468,rms=0.501478) vs oldopt=(dt=5.78,rms=0.501478)

#GCAMreg# pass 0 level1 5 level2 1 tsec 22.773 sigma 0.5
l_jacobian=1.00 l_label=1.00 l_log_likelihood=0.20 l_smoothness=0.01 
tol=2.50e-01, dt=5.00e-02, exp_k=20.0, momentum=0.90, levels=6, niter=500, lbl_dist=10.00, avgs=256, sigma=0.5,type=2, relabel=0, neg=yes

blurring input image with Gaussian with sigma=0.500...
GCAMRegisterLevel(): init RMS 0.501835
#FOTS# QuadFit found better minimum quadopt=(dt=32.368,rms=0.501361) vs oldopt=(dt=23.12,rms=0.501385)
#GCMRL#  528 dt  32.368000 rms  0.501  0.094% neg 0  invalid 762 tFOTS 4.9100 tGradient 2.3030 tsec 7.5610
#GCMRL#  529 dt  92.480000 rms  0.501  0.000% neg 0  invalid 762 tFOTS 5.1330 tGradient 2.5480 tsec 8.0540
#GCMRL#  530 dt  92.480000 rms  0.501  0.042% neg 0  invalid 762 tFOTS 0.0000 tGradient 2.3620 tsec 2.6870
#GCMRL#  531 dt  92.480000 rms  0.501  0.037% neg 0  invalid 762 tFOTS 0.0000 tGradient 2.2370 tsec 2.5710
setting smoothness cost coefficient to 0.031

#GCAMreg# pass 0 level1 4 level2 0 tsec 0 sigma 2
l_jacobian=1.00 l_label=1.00 l_log_likelihood=0.20 l_smoothness=0.03 
tol=2.50e-01, dt=5.00e-02, exp_k=20.0, momentum=0.90, levels=6, niter=500, lbl_dist=10.00, avgs=64, sigma=2.0,type=2, relabel=0, neg=yes

blurring input image with Gaussian with sigma=2.000...
GCAMRegisterLevel(): init RMS 0.501139
#FOTS# QuadFit found better minimum quadopt=(dt=24.4706,rms=0.500395) vs oldopt=(dt=25.92,rms=0.500398)
#GCMRL#  533 dt  24.470588 rms  0.500  0.149% neg 0  invalid 762 tFOTS 5.1060 tGradient 1.8380 tsec 7.2760
#FOTS# QuadFit found better minimum quadopt=(dt=20.736,rms=0.500305) vs oldopt=(dt=25.92,rms=0.500308)
#GCMRL#  534 dt  20.736000 rms  0.500  0.000% neg 0  invalid 762 tFOTS 4.9300 tGradient 1.9160 tsec 7.2100
#GCMRL#  535 dt  20.736000 rms  0.500  0.007% neg 0  invalid 762 tFOTS 0.0000 tGradient 1.8470 tsec 2.1830

#GCAMreg# pass 0 level1 4 level2 1 tsec 26.222 sigma 0.5
l_jacobian=1.00 l_label=1.00 l_log_likelihood=0.20 l_smoothness=0.03 
tol=2.50e-01, dt=5.00e-02, exp_k=20.0, momentum=0.90, levels=6, niter=500, lbl_dist=10.00, avgs=64, sigma=0.5,type=2, relabel=0, neg=yes

blurring input image with Gaussian with sigma=0.500...
GCAMRegisterLevel(): init RMS 0.500631
#FOTS# QuadFit found better minimum quadopt=(dt=36.288,rms=0.49916) vs oldopt=(dt=25.92,rms=0.499357)
#GCMRL#  537 dt  36.288000 rms  0.499  0.294% neg 0  invalid 762 tFOTS 5.4510 tGradient 2.0720 tsec 7.8850
#FOTS# QuadFit found better minimum quadopt=(dt=145.152,rms=0.497438) vs oldopt=(dt=103.68,rms=0.497598)
#GCMRL#  538 dt 145.152000 rms  0.497  0.345% neg 0  invalid 762 tFOTS 5.2880 tGradient 1.8920 tsec 7.5390
#GCMRL#  539 dt  25.920000 rms  0.497  0.000% neg 0  invalid 762 tFOTS 5.4040 tGradient 1.8680 tsec 7.6600
#GCMRL#  540 dt  25.920000 rms  0.497  0.037% neg 0  invalid 762 tFOTS 0.0000 tGradient 1.8460 tsec 2.2420
#GCMRL#  541 dt  25.920000 rms  0.496  0.053% neg 0  invalid 762 tFOTS 0.0000 tGradient 2.0240 tsec 2.3840
#GCMRL#  542 dt  25.920000 rms  0.496  0.068% neg 0  invalid 762 tFOTS 0.0000 tGradient 2.1840 tsec 2.5930
#GCMRL#  543 dt  25.920000 rms  0.496  0.090% neg 0  invalid 762 tFOTS 0.0000 tGradient 1.9630 tsec 2.3360
#GCMRL#  544 dt  25.920000 rms  0.495  0.104% neg 0  invalid 762 tFOTS 0.0000 tGradient 1.9510 tsec 2.2990
#GCMRL#  545 dt  25.920000 rms  0.495  0.105% neg 0  invalid 762 tFOTS 0.0000 tGradient 1.9840 tsec 2.3300
#GCMRL#  546 dt  25.920000 rms  0.494  0.096% neg 0  invalid 762 tFOTS 0.0000 tGradient 1.9130 tsec 2.2600
#GCMRL#  547 dt  25.920000 rms  0.494  0.085% neg 0  invalid 762 tFOTS 0.0000 tGradient 1.9570 tsec 2.3310
setting smoothness cost coefficient to 0.118

#GCAMreg# pass 0 level1 3 level2 0 tsec 0 sigma 2
l_jacobian=1.00 l_label=1.00 l_log_likelihood=0.20 l_smoothness=0.12 
tol=2.50e-01, dt=5.00e-02, exp_k=20.0, momentum=0.90, levels=6, niter=500, lbl_dist=10.00, avgs=16, sigma=2.0,type=2, relabel=0, neg=yes

blurring input image with Gaussian with sigma=2.000...
GCAMRegisterLevel(): init RMS 0.494159
#FOTS# QuadFit found better minimum quadopt=(dt=11.2,rms=0.492501) vs oldopt=(dt=8,rms=0.492754)
#GCMRL#  549 dt  11.200000 rms  0.493  0.336% neg 0  invalid 762 tFOTS 5.2920 tGradient 1.6510 tsec 7.3000
#FOTS# QuadFit found better minimum quadopt=(dt=25.6,rms=0.491282) vs oldopt=(dt=32,rms=0.491317)
#GCMRL#  550 dt  25.600000 rms  0.491  0.000% neg 0  invalid 762 tFOTS 5.3040 tGradient 1.6690 tsec 7.3340
#GCMRL#  551 dt  25.600000 rms  0.490  0.171% neg 0  invalid 762 tFOTS 0.0000 tGradient 1.6500 tsec 1.9880
iter 0, gcam->neg = 1
after 0 iterations, nbhd size=0, neg = 0
#GCMRL#  552 dt  25.600000 rms  0.490  0.150% neg 0  invalid 762 tFOTS 0.0000 tGradient 1.6950 tsec 2.7950
iter 0, gcam->neg = 6
after 12 iterations, nbhd size=1, neg = 0
#GCMRL#  553 dt  25.600000 rms  0.490 -0.032% neg 0  invalid 762 tFOTS 0.0000 tGradient 1.6990 tsec 7.6610
#FOTS# QuadFit found better minimum quadopt=(dt=80.0483,rms=0.488411) vs oldopt=(dt=128,rms=0.488851)
iter 0, gcam->neg = 3
after 12 iterations, nbhd size=1, neg = 0
#GCMRL#  554 dt  80.048338 rms  0.488  0.260% neg 0  invalid 762 tFOTS 5.9590 tGradient 1.9670 tsec 14.7170
#FOTS# QuadFit found better minimum quadopt=(dt=11.2,rms=0.487823) vs oldopt=(dt=8,rms=0.487949)
#GCMRL#  555 dt  11.200000 rms  0.488  0.000% neg 0  invalid 762 tFOTS 5.3640 tGradient 1.6600 tsec 7.3790
#GCMRL#  556 dt  11.200000 rms  0.488  0.054% neg 0  invalid 762 tFOTS 0.0000 tGradient 1.5820 tsec 1.8950
#GCMRL#  557 dt  11.200000 rms  0.487  0.061% neg 0  invalid 762 tFOTS 0.0000 tGradient 1.6800 tsec 2.0050
#GCMRL#  558 dt  11.200000 rms  0.487  0.060% neg 0  invalid 762 tFOTS 0.0000 tGradient 1.7960 tsec 2.2540
iter 0, gcam->neg = 1
after 3 iterations, nbhd size=0, neg = 0
#GCMRL#  559 dt  11.200000 rms  0.487  0.042% neg 0  invalid 762 tFOTS 0.0000 tGradient 1.6200 tsec 4.0690
#FOTS# QuadFit found better minimum quadopt=(dt=38.4,rms=0.486542) vs oldopt=(dt=32,rms=0.48655)
#GCMRL#  560 dt  38.400000 rms  0.487  0.046% neg 0  invalid 762 tFOTS 5.1890 tGradient 1.7830 tsec 7.3100
#GCMRL#  561 dt  32.000000 rms  0.486  0.053% neg 0  invalid 762 tFOTS 5.6050 tGradient 1.5390 tsec 7.4750
#FOTS# QuadFit found better minimum quadopt=(dt=19.2,rms=0.486079) vs oldopt=(dt=32,rms=0.486151)

#GCAMreg# pass 0 level1 3 level2 1 tsec 88.598 sigma 0.5
l_jacobian=1.00 l_label=1.00 l_log_likelihood=0.20 l_smoothness=0.12 
tol=2.50e-01, dt=5.00e-02, exp_k=20.0, momentum=0.90, levels=6, niter=500, lbl_dist=10.00, avgs=16, sigma=0.5,type=2, relabel=0, neg=yes

blurring input image with Gaussian with sigma=0.500...
GCAMRegisterLevel(): init RMS 0.486398
#FOTS# QuadFit found better minimum quadopt=(dt=36.3797,rms=0.481395) vs oldopt=(dt=32,rms=0.48143)
#GCMRL#  563 dt  36.379691 rms  0.481  1.028% neg 0  invalid 762 tFOTS 5.9850 tGradient 1.7160 tsec 8.2040
#FOTS# QuadFit found better minimum quadopt=(dt=25.6,rms=0.479161) vs oldopt=(dt=32,rms=0.479332)
#GCMRL#  564 dt  25.600000 rms  0.479  0.464% neg 0  invalid 762 tFOTS 5.2800 tGradient 1.9790 tsec 7.6090
#FOTS# QuadFit found better minimum quadopt=(dt=11.2,rms=0.478225) vs oldopt=(dt=8,rms=0.478393)
#GCMRL#  565 dt  11.200000 rms  0.478  0.000% neg 0  invalid 762 tFOTS 5.3220 tGradient 1.7310 tsec 7.4200
#GCMRL#  566 dt  11.200000 rms  0.478  0.098% neg 0  invalid 762 tFOTS 0.0000 tGradient 1.6060 tsec 1.9310
#GCMRL#  567 dt  11.200000 rms  0.477  0.158% neg 0  invalid 762 tFOTS 0.0000 tGradient 1.6080 tsec 1.9310
#GCMRL#  568 dt  11.200000 rms  0.476  0.181% neg 0  invalid 762 tFOTS 0.0000 tGradient 1.5230 tsec 1.8460
#GCMRL#  569 dt  11.200000 rms  0.475  0.183% neg 0  invalid 762 tFOTS 0.0000 tGradient 1.5200 tsec 1.8500
#GCMRL#  570 dt  11.200000 rms  0.474  0.166% neg 0  invalid 762 tFOTS 0.0000 tGradient 1.5450 tsec 1.8700
iter 0, gcam->neg = 1
after 0 iterations, nbhd size=0, neg = 0
#GCMRL#  571 dt  11.200000 rms  0.474  0.145% neg 0  invalid 762 tFOTS 0.0000 tGradient 1.5280 tsec 2.7000
#GCMRL#  572 dt  11.200000 rms  0.473  0.132% neg 0  invalid 762 tFOTS 0.0000 tGradient 1.7320 tsec 2.0900
#GCMRL#  573 dt  11.200000 rms  0.473  0.126% neg 0  invalid 762 tFOTS 0.0000 tGradient 1.5700 tsec 1.8970
#GCMRL#  574 dt  11.200000 rms  0.472  0.111% neg 0  invalid 762 tFOTS 0.0000 tGradient 1.5160 tsec 1.8400
iter 0, gcam->neg = 1
after 0 iterations, nbhd size=0, neg = 0
#GCMRL#  575 dt  11.200000 rms  0.472  0.113% neg 0  invalid 762 tFOTS 0.0000 tGradient 1.7830 tsec 2.9950
#GCMRL#  576 dt  11.200000 rms  0.471  0.102% neg 0  invalid 762 tFOTS 0.0000 tGradient 1.5820 tsec 1.9390
#FOTS# QuadFit found better minimum quadopt=(dt=44.8,rms=0.470701) vs oldopt=(dt=32,rms=0.470758)
#GCMRL#  577 dt  44.800000 rms  0.471  0.000% neg 0  invalid 762 tFOTS 5.0060 tGradient 1.5120 tsec 6.9250
setting smoothness cost coefficient to 0.400

#GCAMreg# pass 0 level1 2 level2 0 tsec 0 sigma 2
l_jacobian=1.00 l_label=1.00 l_log_likelihood=0.20 l_smoothness=0.40 
tol=2.50e-01, dt=5.00e-02, exp_k=20.0, momentum=0.90, levels=6, niter=500, lbl_dist=10.00, avgs=4, sigma=2.0,type=2, relabel=0, neg=yes

blurring input image with Gaussian with sigma=2.000...
GCAMRegisterLevel(): init RMS 0.475653
#FOTS# QuadFit found better minimum quadopt=(dt=3.35484,rms=0.474956) vs oldopt=(dt=2.88,rms=0.474962)
#GCMRL#  579 dt   3.354839 rms  0.475  0.147% neg 0  invalid 762 tFOTS 5.2760 tGradient 1.4700 tsec 7.1650
#FOTS# QuadFit found better minimum quadopt=(dt=1.008,rms=0.474908) vs oldopt=(dt=0.72,rms=0.474916)
#GCMRL#  580 dt   1.008000 rms  0.475  0.000% neg 0  invalid 762 tFOTS 5.3720 tGradient 1.3980 tsec 7.1610
#GCMRL#  581 dt   1.008000 rms  0.475  0.006% neg 0  invalid 762 tFOTS 0.0000 tGradient 1.4350 tsec 1.7690

#GCAMreg# pass 0 level1 2 level2 1 tsec 25.5 sigma 0.5
l_jacobian=1.00 l_label=1.00 l_log_likelihood=0.20 l_smoothness=0.40 
tol=2.50e-01, dt=5.00e-02, exp_k=20.0, momentum=0.90, levels=6, niter=500, lbl_dist=10.00, avgs=4, sigma=0.5,type=2, relabel=0, neg=yes

blurring input image with Gaussian with sigma=0.500...
GCAMRegisterLevel(): init RMS 0.475246
#FOTS# QuadFit found better minimum quadopt=(dt=6,rms=0.47441) vs oldopt=(dt=2.88,rms=0.474537)
#GCMRL#  583 dt   6.000000 rms  0.474  0.176% neg 0  invalid 762 tFOTS 5.9440 tGradient 1.5980 tsec 7.9050
#FOTS# QuadFit found better minimum quadopt=(dt=15.2471,rms=0.473311) vs oldopt=(dt=11.52,rms=0.473373)
iter 0, gcam->neg = 1
after 3 iterations, nbhd size=0, neg = 0
#GCMRL#  584 dt  15.247059 rms  0.473  0.231% neg 0  invalid 762 tFOTS 5.0670 tGradient 1.4600 tsec 9.3060
#FOTS# QuadFit found better minimum quadopt=(dt=5,rms=0.47298) vs oldopt=(dt=2.88,rms=0.473041)
#GCMRL#  585 dt   5.000000 rms  0.473  0.000% neg 0  invalid 762 tFOTS 5.0680 tGradient 1.6360 tsec 7.1060
#GCMRL#  586 dt   5.000000 rms  0.472  0.155% neg 0  invalid 762 tFOTS 0.0000 tGradient 1.6000 tsec 1.9260
#GCMRL#  587 dt   5.000000 rms  0.471  0.192% neg 0  invalid 762 tFOTS 0.0000 tGradient 1.5020 tsec 1.7970
#GCMRL#  588 dt   5.000000 rms  0.470  0.204% neg 0  invalid 762 tFOTS 0.0000 tGradient 1.4520 tsec 1.7580
#GCMRL#  589 dt   5.000000 rms  0.469  0.209% neg 0  invalid 762 tFOTS 0.0000 tGradient 1.5820 tsec 1.9360
iter 0, gcam->neg = 1
after 3 iterations, nbhd size=0, neg = 0
#GCMRL#  590 dt   5.000000 rms  0.468  0.263% neg 0  invalid 762 tFOTS 0.0000 tGradient 1.4320 tsec 3.6020
iter 0, gcam->neg = 8
after 3 iterations, nbhd size=0, neg = 0
#GCMRL#  591 dt   5.000000 rms  0.467  0.251% neg 0  invalid 762 tFOTS 0.0000 tGradient 1.6990 tsec 4.9080
iter 0, gcam->neg = 9
after 4 iterations, nbhd size=0, neg = 0
#GCMRL#  592 dt   5.000000 rms  0.466  0.231% neg 0  invalid 762 tFOTS 0.0000 tGradient 1.8770 tsec 5.5080
iter 0, gcam->neg = 11
after 3 iterations, nbhd size=0, neg = 0
#GCMRL#  593 dt   5.000000 rms  0.465  0.191% neg 0  invalid 762 tFOTS 0.0000 tGradient 1.8430 tsec 5.0670
iter 0, gcam->neg = 8
after 7 iterations, nbhd size=0, neg = 0
#GCMRL#  594 dt   5.000000 rms  0.464  0.193% neg 0  invalid 762 tFOTS 0.0000 tGradient 1.7010 tsec 6.7600
iter 0, gcam->neg = 4
after 3 iterations, nbhd size=0, neg = 0
#GCMRL#  595 dt   5.000000 rms  0.463  0.176% neg 0  invalid 762 tFOTS 0.0000 tGradient 1.6610 tsec 4.6700
iter 0, gcam->neg = 1
after 3 iterations, nbhd size=0, neg = 0
#GCMRL#  596 dt   5.000000 rms  0.463  0.123% neg 0  invalid 762 tFOTS 0.0000 tGradient 1.7710 tsec 4.8810
iter 0, gcam->neg = 1
after 6 iterations, nbhd size=1, neg = 0
#GCMRL#  597 dt   5.000000 rms  0.462  0.057% neg 0  invalid 762 tFOTS 0.0000 tGradient 1.5930 tsec 5.7370
iter 0, gcam->neg = 1
after 0 iterations, nbhd size=0, neg = 0
#GCMRL#  598 dt   0.720000 rms  0.462  0.000% neg 0  invalid 762 tFOTS 4.8340 tGradient 1.5090 tsec 7.6970
iter 0, gcam->neg = 1
after 1 iterations, nbhd size=0, neg = 0
setting smoothness cost coefficient to 1.000

#GCAMreg# pass 0 level1 1 level2 0 tsec 0 sigma 2
l_jacobian=1.00 l_label=1.00 l_log_likelihood=0.20 l_smoothness=1.00 
tol=2.50e-01, dt=5.00e-02, exp_k=20.0, momentum=0.90, levels=6, niter=500, lbl_dist=10.00, avgs=1, sigma=2.0,type=2, relabel=0, neg=yes

blurring input image with Gaussian with sigma=2.000...
GCAMRegisterLevel(): init RMS 0.469381
#GCMRL#  600 dt   0.000000 rms  0.469  0.076% neg 0  invalid 762 tFOTS 4.9410 tGradient 1.4030 tsec 6.6890

#GCAMreg# pass 0 level1 1 level2 1 tsec 20.845 sigma 0.5
l_jacobian=1.00 l_label=1.00 l_log_likelihood=0.20 l_smoothness=1.00 
tol=2.50e-01, dt=5.00e-02, exp_k=20.0, momentum=0.90, levels=6, niter=500, lbl_dist=10.00, avgs=1, sigma=0.5,type=2, relabel=0, neg=yes

blurring input image with Gaussian with sigma=0.500...
GCAMRegisterLevel(): init RMS 0.469381
#GCMRL#  602 dt   0.000000 rms  0.469  0.076% neg 0  invalid 762 tFOTS 5.2480 tGradient 1.4100 tsec 7.0680
resetting metric properties...
setting smoothness cost coefficient to 2.000

#GCAMreg# pass 0 level1 0 level2 0 tsec 0 sigma 2
l_jacobian=1.00 l_label=1.00 l_log_likelihood=0.20 l_smoothness=2.00 
tol=2.50e-01, dt=5.00e-02, exp_k=20.0, momentum=0.90, levels=6, niter=500, lbl_dist=10.00, avgs=0, sigma=2.0,type=2, relabel=0, neg=yes

blurring input image with Gaussian with sigma=2.000...
GCAMRegisterLevel(): init RMS 0.458418
#FOTS# QuadFit found better minimum quadopt=(dt=1.70181,rms=0.435337) vs oldopt=(dt=1.28,rms=0.436934)
iter 0, gcam->neg = 860
after 17 iterations, nbhd size=1, neg = 0
#GCMRL#  604 dt   1.701811 rms  0.438  4.454% neg 0  invalid 762 tFOTS 4.9720 tGradient 0.8600 tsec 13.0860
#GCMRL#  605 dt   0.000013 rms  0.438  0.000% neg 0  invalid 762 tFOTS 6.6020 tGradient 0.8590 tsec 7.8230

#GCAMreg# pass 0 level1 0 level2 1 tsec 29.47 sigma 0.5
l_jacobian=1.00 l_label=1.00 l_log_likelihood=0.20 l_smoothness=2.00 
tol=2.50e-01, dt=5.00e-02, exp_k=20.0, momentum=0.90, levels=6, niter=500, lbl_dist=10.00, avgs=0, sigma=0.5,type=2, relabel=0, neg=yes

blurring input image with Gaussian with sigma=0.500...
GCAMRegisterLevel(): init RMS 0.438435
#GCMRL#  607 dt   0.080000 rms  0.438  0.161% neg 0  invalid 762 tFOTS 5.4220 tGradient 0.8740 tsec 6.6550
#FOTS# QuadFit found better minimum quadopt=(dt=0.016,rms=0.437704) vs oldopt=(dt=0.02,rms=0.437704)
#GCMRL#  608 dt   0.016000 rms  0.438  0.000% neg 0  invalid 762 tFOTS 4.9500 tGradient 0.8970 tsec 6.2040
label assignment complete, 0 changed (0.00%)
GCAMregister done in 7.69905 min
Starting GCAMcomputeMaxPriorLabels()
Morphing with label term set to 0 *******************************
Starting GCAMregister()
label assignment complete, 0 changed (0.00%)
npasses = 1, nlevels = 6
#pass# 1 of 1 ************************
enabling zero nodes
setting smoothness cost coefficient to 0.008

#GCAMreg# pass 0 level1 5 level2 0 tsec 0 sigma 2
l_jacobian=1.00 l_log_likelihood=0.20 l_smoothness=0.01 
tol=2.50e-01, dt=5.00e-02, exp_k=20.0, momentum=0.90, levels=6, niter=500, lbl_dist=10.00, avgs=256, sigma=2.0,type=2, relabel=0, neg=yes

blurring input image with Gaussian with sigma=2.000...
GCAMRegisterLevel(): init RMS 0.428676

#GCAMreg# pass 0 level1 5 level2 1 tsec 14.234 sigma 0.5
l_jacobian=1.00 l_log_likelihood=0.20 l_smoothness=0.01 
tol=2.50e-01, dt=5.00e-02, exp_k=20.0, momentum=0.90, levels=6, niter=500, lbl_dist=10.00, avgs=256, sigma=0.5,type=2, relabel=0, neg=yes

blurring input image with Gaussian with sigma=0.500...
GCAMRegisterLevel(): init RMS 0.428676
#GCMRL#  611 dt  23.120000 rms  0.429  0.002% neg 0  invalid 762 tFOTS 4.9950 tGradient 1.6810 tsec 6.9670
#FOTS# QuadFit found better minimum quadopt=(dt=0.00451563,rms=0.428668) vs oldopt=(dt=0.00564453,rms=0.428668)
#GCMRL#  612 dt   0.004516 rms  0.429  0.000% neg 0  invalid 762 tFOTS 5.8560 tGradient 1.6890 tsec 7.8980
setting smoothness cost coefficient to 0.031

#GCAMreg# pass 0 level1 4 level2 0 tsec 0 sigma 2
l_jacobian=1.00 l_log_likelihood=0.20 l_smoothness=0.03 
tol=2.50e-01, dt=5.00e-02, exp_k=20.0, momentum=0.90, levels=6, niter=500, lbl_dist=10.00, avgs=64, sigma=2.0,type=2, relabel=0, neg=yes

blurring input image with Gaussian with sigma=2.000...
GCAMRegisterLevel(): init RMS 0.428779

#GCAMreg# pass 0 level1 4 level2 1 tsec 13.063 sigma 0.5
l_jacobian=1.00 l_log_likelihood=0.20 l_smoothness=0.03 
tol=2.50e-01, dt=5.00e-02, exp_k=20.0, momentum=0.90, levels=6, niter=500, lbl_dist=10.00, avgs=64, sigma=0.5,type=2, relabel=0, neg=yes

blurring input image with Gaussian with sigma=0.500...
GCAMRegisterLevel(): init RMS 0.428779
#GCMRL#  615 dt  25.920000 rms  0.429  0.018% neg 0  invalid 762 tFOTS 4.4850 tGradient 1.2260 tsec 6.0190
#FOTS# QuadFit found better minimum quadopt=(dt=36.288,rms=0.42865) vs oldopt=(dt=25.92,rms=0.428657)
#GCMRL#  616 dt  36.288000 rms  0.429  0.000% neg 0  invalid 762 tFOTS 5.1120 tGradient 1.2500 tsec 6.7890
#GCMRL#  617 dt  36.288000 rms  0.429  0.011% neg 0  invalid 762 tFOTS 0.0000 tGradient 1.3080 tsec 1.6760
#GCMRL#  618 dt  36.288000 rms  0.429  0.010% neg 0  invalid 762 tFOTS 0.0000 tGradient 1.2770 tsec 1.5880
setting smoothness cost coefficient to 0.118

#GCAMreg# pass 0 level1 3 level2 0 tsec 0 sigma 2
l_jacobian=1.00 l_log_likelihood=0.20 l_smoothness=0.12 
tol=2.50e-01, dt=5.00e-02, exp_k=20.0, momentum=0.90, levels=6, niter=500, lbl_dist=10.00, avgs=16, sigma=2.0,type=2, relabel=0, neg=yes

blurring input image with Gaussian with sigma=2.000...
GCAMRegisterLevel(): init RMS 0.428981
#FOTS# QuadFit found better minimum quadopt=(dt=6.4,rms=0.428802) vs oldopt=(dt=8,rms=0.428806)
#GCMRL#  620 dt   6.400000 rms  0.429  0.042% neg 0  invalid 762 tFOTS 4.8760 tGradient 1.1140 tsec 6.3780
#FOTS# QuadFit found better minimum quadopt=(dt=2.8,rms=0.428785) vs oldopt=(dt=2,rms=0.428786)
#GCMRL#  621 dt   2.800000 rms  0.429  0.000% neg 0  invalid 762 tFOTS 4.9680 tGradient 1.1420 tsec 6.5050

#GCAMreg# pass 0 level1 3 level2 1 tsec 21.627 sigma 0.5
l_jacobian=1.00 l_log_likelihood=0.20 l_smoothness=0.12 
tol=2.50e-01, dt=5.00e-02, exp_k=20.0, momentum=0.90, levels=6, niter=500, lbl_dist=10.00, avgs=16, sigma=0.5,type=2, relabel=0, neg=yes

blurring input image with Gaussian with sigma=0.500...
GCAMRegisterLevel(): init RMS 0.428785
#FOTS# QuadFit found better minimum quadopt=(dt=62.2796,rms=0.426564) vs oldopt=(dt=32,rms=0.426882)
iter 0, gcam->neg = 1
after 3 iterations, nbhd size=0, neg = 0
#GCMRL#  623 dt  62.279570 rms  0.427  0.517% neg 0  invalid 762 tFOTS 4.7960 tGradient 1.0970 tsec 8.1910
#FOTS# QuadFit found better minimum quadopt=(dt=11.2,rms=0.425712) vs oldopt=(dt=8,rms=0.425873)
iter 0, gcam->neg = 4
after 8 iterations, nbhd size=1, neg = 0
#GCMRL#  624 dt  11.200000 rms  0.426  0.000% neg 0  invalid 762 tFOTS 5.0870 tGradient 1.0800 tsec 10.3060
iter 0, gcam->neg = 1
after 0 iterations, nbhd size=0, neg = 0
#GCMRL#  625 dt  11.200000 rms  0.425  0.067% neg 0  invalid 762 tFOTS 0.0000 tGradient 1.1640 tsec 2.3030
iter 0, gcam->neg = 1
after 6 iterations, nbhd size=1, neg = 0
#GCMRL#  626 dt  11.200000 rms  0.425  0.064% neg 0  invalid 762 tFOTS 0.0000 tGradient 1.0720 tsec 4.2510
iter 0, gcam->neg = 4
after 2 iterations, nbhd size=0, neg = 0
#GCMRL#  627 dt  11.200000 rms  0.425  0.079% neg 0  invalid 762 tFOTS 0.0000 tGradient 1.0480 tsec 2.8500
iter 0, gcam->neg = 2
after 7 iterations, nbhd size=1, neg = 0
#GCMRL#  628 dt  11.200000 rms  0.424  0.101% neg 0  invalid 762 tFOTS 0.0000 tGradient 1.1410 tsec 4.6730
iter 0, gcam->neg = 4
after 1 iterations, nbhd size=0, neg = 0
#GCMRL#  629 dt  11.200000 rms  0.424  0.128% neg 0  invalid 762 tFOTS 0.0000 tGradient 1.2010 tsec 2.6230
iter 0, gcam->neg = 5
after 0 iterations, nbhd size=0, neg = 0
#GCMRL#  630 dt  11.200000 rms  0.423  0.115% neg 0  invalid 762 tFOTS 0.0000 tGradient 1.0810 tsec 2.1310
iter 0, gcam->neg = 4
after 10 iterations, nbhd size=1, neg = 0
#GCMRL#  631 dt  11.200000 rms  0.423  0.092% neg 0  invalid 762 tFOTS 0.0000 tGradient 1.0600 tsec 5.7850
#FOTS# QuadFit found better minimum quadopt=(dt=38.4,rms=0.422834) vs oldopt=(dt=32,rms=0.422836)
iter 0, gcam->neg = 2
after 0 iterations, nbhd size=0, neg = 0
#GCMRL#  632 dt  38.400000 rms  0.423  0.000% neg 0  invalid 762 tFOTS 4.3190 tGradient 1.0760 tsec 6.4610
iter 0, gcam->neg = 1
after 0 iterations, nbhd size=0, neg = 0
#GCMRL#  633 dt  38.400000 rms  0.423  0.050% neg 0  invalid 762 tFOTS 0.0000 tGradient 1.2690 tsec 2.2710
iter 0, gcam->neg = 2
after 0 iterations, nbhd size=0, neg = 0
#GCMRL#  634 dt  38.400000 rms  0.422  0.081% neg 0  invalid 762 tFOTS 0.0000 tGradient 1.0530 tsec 2.0620
iter 0, gcam->neg = 3
after 2 iterations, nbhd size=0, neg = 0
#GCMRL#  635 dt  38.400000 rms  0.422  0.079% neg 0  invalid 762 tFOTS 0.0000 tGradient 1.0440 tsec 2.7270
iter 0, gcam->neg = 6
after 2 iterations, nbhd size=0, neg = 0
#GCMRL#  636 dt  38.400000 rms  0.421  0.108% neg 0  invalid 762 tFOTS 0.0000 tGradient 1.0390 tsec 2.7240
iter 0, gcam->neg = 16
after 5 iterations, nbhd size=0, neg = 0
setting smoothness cost coefficient to 0.400

#GCAMreg# pass 0 level1 2 level2 0 tsec 0 sigma 2
l_jacobian=1.00 l_log_likelihood=0.20 l_smoothness=0.40 
tol=2.50e-01, dt=5.00e-02, exp_k=20.0, momentum=0.90, levels=6, niter=500, lbl_dist=10.00, avgs=4, sigma=2.0,type=2, relabel=0, neg=yes

blurring input image with Gaussian with sigma=2.000...
GCAMRegisterLevel(): init RMS 0.424165
iter 0, gcam->neg = 4
after 13 iterations, nbhd size=1, neg = 0
#GCMRL#  638 dt   2.880000 rms  0.424  0.035% neg 0  invalid 762 tFOTS 4.5190 tGradient 0.9480 tsec 11.0200
#FOTS# QuadFit found better minimum quadopt=(dt=0.252,rms=0.424016) vs oldopt=(dt=0.18,rms=0.424016)
#GCMRL#  639 dt   0.252000 rms  0.424  0.000% neg 0  invalid 762 tFOTS 4.0670 tGradient 0.9740 tsec 5.3910

#GCAMreg# pass 0 level1 2 level2 1 tsec 24.799 sigma 0.5
l_jacobian=1.00 l_log_likelihood=0.20 l_smoothness=0.40 
tol=2.50e-01, dt=5.00e-02, exp_k=20.0, momentum=0.90, levels=6, niter=500, lbl_dist=10.00, avgs=4, sigma=0.5,type=2, relabel=0, neg=yes

blurring input image with Gaussian with sigma=0.500...
GCAMRegisterLevel(): init RMS 0.424016
#FOTS# QuadFit found better minimum quadopt=(dt=13.0833,rms=0.423074) vs oldopt=(dt=11.52,rms=0.423085)
iter 0, gcam->neg = 9
after 2 iterations, nbhd size=0, neg = 0
#GCMRL#  641 dt  13.083333 rms  0.423  0.219% neg 0  invalid 762 tFOTS 4.6800 tGradient 1.1230 tsec 7.5710
#FOTS# QuadFit found better minimum quadopt=(dt=19.8788,rms=0.421497) vs oldopt=(dt=11.52,rms=0.421829)
iter 0, gcam->neg = 12
after 4 iterations, nbhd size=0, neg = 0
#GCMRL#  642 dt  19.878788 rms  0.422  0.374% neg 0  invalid 762 tFOTS 4.7080 tGradient 1.1890 tsec 8.2990
#FOTS# QuadFit found better minimum quadopt=(dt=4.11111,rms=0.421229) vs oldopt=(dt=2.88,rms=0.421263)
iter 0, gcam->neg = 1
after 0 iterations, nbhd size=0, neg = 0
#GCMRL#  643 dt   4.111111 rms  0.421  0.000% neg 0  invalid 762 tFOTS 4.5900 tGradient 0.9620 tsec 6.6510
iter 0, gcam->neg = 1
after 0 iterations, nbhd size=0, neg = 0
#GCMRL#  644 dt   4.111111 rms  0.421  0.041% neg 0  invalid 762 tFOTS 0.0000 tGradient 1.0120 tsec 2.0390
iter 0, gcam->neg = 6
after 3 iterations, nbhd size=0, neg = 0
#GCMRL#  645 dt   4.111111 rms  0.421  0.035% neg 0  invalid 762 tFOTS 0.0000 tGradient 0.9920 tsec 3.1250
iter 0, gcam->neg = 7
after 2 iterations, nbhd size=0, neg = 0
#GCMRL#  646 dt   4.111111 rms  0.421  0.064% neg 0  invalid 762 tFOTS 0.0000 tGradient 0.9800 tsec 2.7300
iter 0, gcam->neg = 20
after 6 iterations, nbhd size=0, neg = 0
#GCMRL#  647 dt   4.111111 rms  0.420  0.093% neg 0  invalid 762 tFOTS 0.0000 tGradient 0.9700 tsec 4.2090
iter 0, gcam->neg = 9
after 4 iterations, nbhd size=0, neg = 0
#GCMRL#  648 dt   4.111111 rms  0.420  0.098% neg 0  invalid 762 tFOTS 0.0000 tGradient 1.0380 tsec 3.4730
iter 0, gcam->neg = 10
after 6 iterations, nbhd size=0, neg = 0
#GCMRL#  649 dt   4.111111 rms  0.419  0.106% neg 0  invalid 762 tFOTS 0.0000 tGradient 0.9930 tsec 4.1470
iter 0, gcam->neg = 21
after 15 iterations, nbhd size=1, neg = 0
#GCMRL#  650 dt   4.111111 rms  0.419  0.076% neg 0  invalid 762 tFOTS 0.0000 tGradient 0.9950 tsec 7.3330
#FOTS# QuadFit found better minimum quadopt=(dt=4.032,rms=0.419055) vs oldopt=(dt=2.88,rms=0.41906)
iter 0, gcam->neg = 1
after 1 iterations, nbhd size=0, neg = 0
setting smoothness cost coefficient to 1.000

#GCAMreg# pass 0 level1 1 level2 0 tsec 0 sigma 2
l_jacobian=1.00 l_log_likelihood=0.20 l_smoothness=1.00 
tol=2.50e-01, dt=5.00e-02, exp_k=20.0, momentum=0.90, levels=6, niter=500, lbl_dist=10.00, avgs=1, sigma=2.0,type=2, relabel=0, neg=yes

blurring input image with Gaussian with sigma=2.000...
GCAMRegisterLevel(): init RMS 0.423761
#GCMRL#  652 dt   0.000050 rms  0.424  0.000% neg 0  invalid 762 tFOTS 6.1910 tGradient 0.8900 tsec 7.4100

#GCAMreg# pass 0 level1 1 level2 1 tsec 20.501 sigma 0.5
l_jacobian=1.00 l_log_likelihood=0.20 l_smoothness=1.00 
tol=2.50e-01, dt=5.00e-02, exp_k=20.0, momentum=0.90, levels=6, niter=500, lbl_dist=10.00, avgs=1, sigma=0.5,type=2, relabel=0, neg=yes

blurring input image with Gaussian with sigma=0.500...
GCAMRegisterLevel(): init RMS 0.423761
resetting metric properties...
setting smoothness cost coefficient to 2.000

#GCAMreg# pass 0 level1 0 level2 0 tsec 0 sigma 2
l_jacobian=1.00 l_log_likelihood=0.20 l_smoothness=2.00 
tol=2.50e-01, dt=5.00e-02, exp_k=20.0, momentum=0.90, levels=6, niter=500, lbl_dist=10.00, avgs=0, sigma=2.0,type=2, relabel=0, neg=yes

blurring input image with Gaussian with sigma=2.000...
GCAMRegisterLevel(): init RMS 0.415886
#FOTS# QuadFit found better minimum quadopt=(dt=0.869297,rms=0.409037) vs oldopt=(dt=1.28,rms=0.410982)
iter 0, gcam->neg = 479
after 18 iterations, nbhd size=1, neg = 0
#GCMRL#  655 dt   0.869297 rms  0.411  1.149% neg 0  invalid 762 tFOTS 4.9130 tGradient 0.3690 tsec 12.5340
#GCMRL#  656 dt   0.080000 rms  0.411  0.000% neg 0  invalid 762 tFOTS 4.6110 tGradient 0.3640 tsec 5.2980
#GCMRL#  657 dt   0.080000 rms  0.411  0.011% neg 0  invalid 762 tFOTS 0.0000 tGradient 0.3670 tsec 0.6620

#GCAMreg# pass 0 level1 0 level2 1 tsec 26.4 sigma 0.5
l_jacobian=1.00 l_log_likelihood=0.20 l_smoothness=2.00 
tol=2.50e-01, dt=5.00e-02, exp_k=20.0, momentum=0.90, levels=6, niter=500, lbl_dist=10.00, avgs=0, sigma=0.5,type=2, relabel=0, neg=yes

blurring input image with Gaussian with sigma=0.500...
GCAMRegisterLevel(): init RMS 0.41095
#FOTS# QuadFit found better minimum quadopt=(dt=0.5,rms=0.408231) vs oldopt=(dt=0.32,rms=0.408736)
iter 0, gcam->neg = 11
after 3 iterations, nbhd size=0, neg = 0
#GCMRL#  659 dt   0.500000 rms  0.408  0.649% neg 0  invalid 762 tFOTS 4.6130 tGradient 0.3630 tsec 7.0360
#FOTS# QuadFit found better minimum quadopt=(dt=0.384,rms=0.407426) vs oldopt=(dt=0.32,rms=0.407449)
iter 0, gcam->neg = 5
after 9 iterations, nbhd size=1, neg = 0
#GCMRL#  660 dt   0.384000 rms  0.408  0.000% neg 0  invalid 762 tFOTS 4.7450 tGradient 0.3660 tsec 9.3420
#GCMRL#  661 dt   0.384000 rms  0.406  0.260% neg 0  invalid 762 tFOTS 0.0000 tGradient 0.4870 tsec 0.8470
iter 0, gcam->neg = 14
after 6 iterations, nbhd size=0, neg = 0
#GCMRL#  662 dt   0.384000 rms  0.406  0.178% neg 0  invalid 762 tFOTS 0.0000 tGradient 0.3540 tsec 3.4940
iter 0, gcam->neg = 41
after 12 iterations, nbhd size=1, neg = 0
#GCMRL#  663 dt   0.384000 rms  0.406  0.005% neg 0  invalid 762 tFOTS 0.0000 tGradient 0.3540 tsec 5.6080
iter 0, gcam->neg = 61
after 15 iterations, nbhd size=1, neg = 0
#GCMRL#  664 dt   0.384000 rms  0.406 -0.141% neg 0  invalid 762 tFOTS 0.0000 tGradient 0.3630 tsec 7.1580
#FOTS# QuadFit found better minimum quadopt=(dt=0.256,rms=0.405262) vs oldopt=(dt=0.32,rms=0.405288)
iter 0, gcam->neg = 4
after 1 iterations, nbhd size=0, neg = 0
#GCMRL#  665 dt   0.256000 rms  0.405  0.116% neg 0  invalid 762 tFOTS 4.8400 tGradient 0.3580 tsec 6.5920
iter 0, gcam->neg = 2
after 0 iterations, nbhd size=0, neg = 0
GCAMregister done in 5.58362 min
writing output transformation to transforms/talairach.m3z...
GCAMwrite
Calls to gcamLogLikelihoodEnergy 4172 tmin = 1.85023
Calls to gcamLabelEnergy         3573 tmin = 1.30752
Calls to gcamJacobianEnergy      4172 tmin = 0.883433
Calls to gcamSmoothnessEnergy    4172 tmin = 5.04575
Calls to gcamLogLikelihoodTerm 667 tmin = 0.8907
Calls to gcamLabelTerm         610 tmin = 5.56232
Calls to gcamJacobianTerm      667 tmin = 1.31565
Calls to gcamSmoothnessTerm    667 tmin = 0.53915
Calls to gcamComputeGradient    667 tmin = 19.7203
Calls to gcamComputeMetricProperties    6145 tmin = 2.51382
mri_ca_register took 0 hours, 48 minutes and 41 seconds.
#VMPC# mri_ca_register VmPeak  3188216
FSRUNTIME@ mri_ca_register  0.8114 hours 16 threads
#--------------------------------------
#@# SubCort Seg Mon Mar  9 11:28:34 CET 2026

 mri_ca_label -relabel_unlikely 9 .3 -prior 0.5 -align norm.mgz transforms/talairach.m3z /opt/freesurfer/average/RB_all_2020-01-02.gca aseg.auto_noCCseg.mgz 

sysname  Linux
hostname dna030
machine  x86_64

setenv SUBJECTS_DIR /out/sourcedata/freesurfer
cd /out/sourcedata/freesurfer/sub-v1s21x0050407_ses-1/mri
mri_ca_label -relabel_unlikely 9 .3 -prior 0.5 -align norm.mgz transforms/talairach.m3z /opt/freesurfer/average/RB_all_2020-01-02.gca aseg.auto_noCCseg.mgz 

relabeling unlikely voxels with window_size = 9 and prior threshold 0.30
using Gibbs prior factor = 0.500
renormalizing sequences with structure alignment, equivalent to:
	-renormalize
	-renormalize_mean 0.500
	-regularize 0.500

== Number of threads available to for OpenMP = 16 == 
reading 1 input volumes
reading classifier array from /opt/freesurfer/average/RB_all_2020-01-02.gca
reading input volume from norm.mgz
average std[0] = 7.2
reading transform from transforms/talairach.m3z
setting orig areas to linear transform determinant scaled 6.00
Atlas used for the 3D morph was /opt/freesurfer/average/RB_all_2020-01-02.gca
average std = 7.2   using min determinant for regularization = 5.2
0 singular and 0 ill-conditioned covariance matrices regularized
labeling volume...
renormalizing by structure alignment....
renormalizing input #0
gca peak = 0.15521 (20)
mri peak = 0.11379 (14)
Left_Lateral_Ventricle (4): linear fit = 0.85 x + 0.0 (337 voxels, overlap=0.732)
Left_Lateral_Ventricle (4): linear fit = 0.85 x + 0.0 (337 voxels, peak = 17), gca=16.9
gca peak = 0.20380 (13)
mri peak = 0.15038 (14)
Right_Lateral_Ventricle (43): linear fit = 1.03 x + 0.0 (538 voxels, overlap=0.780)
Right_Lateral_Ventricle (43): linear fit = 1.03 x + 0.0 (538 voxels, peak = 13), gca=13.5
gca peak = 0.26283 (96)
mri peak = 0.14484 (92)
Right_Pallidum (52): linear fit = 0.96 x + 0.0 (641 voxels, overlap=0.996)
Right_Pallidum (52): linear fit = 0.96 x + 0.0 (641 voxels, peak = 93), gca=92.6
gca peak = 0.15814 (97)
mri peak = 0.10461 (91)
Left_Pallidum (13): linear fit = 0.96 x + 0.0 (555 voxels, overlap=0.726)
Left_Pallidum (13): linear fit = 0.96 x + 0.0 (555 voxels, peak = 94), gca=93.6
gca peak = 0.27624 (56)
mri peak = 0.11511 (63)
Right_Hippocampus (53): linear fit = 1.12 x + 0.0 (797 voxels, overlap=0.566)
Right_Hippocampus (53): linear fit = 1.12 x + 0.0 (797 voxels, peak = 62), gca=62.4
gca peak = 0.28723 (59)
mri peak = 0.15418 (65)
Left_Hippocampus (17): linear fit = 1.09 x + 0.0 (684 voxels, overlap=0.261)
Left_Hippocampus (17): linear fit = 1.09 x + 0.0 (684 voxels, peak = 64), gca=64.0
gca peak = 0.07623 (103)
mri peak = 0.06281 (99)
Right_Cerebral_White_Matter (41): linear fit = 1.02 x + 0.0 (41363 voxels, overlap=0.903)
Right_Cerebral_White_Matter (41): linear fit = 1.02 x + 0.0 (41363 voxels, peak = 106), gca=105.6
gca peak = 0.07837 (105)
mri peak = 0.06801 (98)
Left_Cerebral_White_Matter (2): linear fit = 1.00 x + 0.0 (45225 voxels, overlap=0.905)
Left_Cerebral_White_Matter (2): linear fit = 1.00 x + 0.0 (45225 voxels, peak = 106), gca=105.5
gca peak = 0.10165 (58)
mri peak = 0.04143 (61)
Left_Cerebral_Cortex (3): linear fit = 1.02 x + 0.0 (19182 voxels, overlap=0.895)
Left_Cerebral_Cortex (3): linear fit = 1.02 x + 0.0 (19182 voxels, peak = 59), gca=59.4
gca peak = 0.11113 (58)
mri peak = 0.04360 (61)
Right_Cerebral_Cortex (42): linear fit = 1.10 x + 0.0 (18994 voxels, overlap=0.895)
Right_Cerebral_Cortex (42): linear fit = 1.10 x + 0.0 (18994 voxels, peak = 64), gca=63.5
gca peak = 0.27796 (67)
mri peak = 0.18478 (67)
Right_Caudate (50): linear fit = 1.01 x + 0.0 (1000 voxels, overlap=0.726)
Right_Caudate (50): linear fit = 1.01 x + 0.0 (1000 voxels, peak = 68), gca=68.0
gca peak = 0.14473 (69)
mri peak = 0.18037 (73)
Left_Caudate (11): linear fit = 0.96 x + 0.0 (910 voxels, overlap=0.731)
Left_Caudate (11): linear fit = 0.96 x + 0.0 (910 voxels, peak = 67), gca=66.6
gca peak = 0.14301 (56)
mri peak = 0.05295 (61)
Left_Cerebellum_Cortex (8): linear fit = 1.12 x + 0.0 (22162 voxels, overlap=0.911)
Left_Cerebellum_Cortex (8): linear fit = 1.12 x + 0.0 (22162 voxels, peak = 62), gca=62.4
gca peak = 0.14610 (55)
mri peak = 0.05427 (59)
Right_Cerebellum_Cortex (47): linear fit = 1.04 x + 0.0 (23465 voxels, overlap=0.975)
Right_Cerebellum_Cortex (47): linear fit = 1.04 x + 0.0 (23465 voxels, peak = 57), gca=57.5
gca peak = 0.16309 (85)
mri peak = 0.07923 (95)
Left_Cerebellum_White_Matter (7): linear fit = 1.13 x + 0.0 (5488 voxels, overlap=0.285)
Left_Cerebellum_White_Matter (7): linear fit = 1.13 x + 0.0 (5488 voxels, peak = 96), gca=96.5
gca peak = 0.15172 (84)
mri peak = 0.08255 (86)
Right_Cerebellum_White_Matter (46): linear fit = 1.07 x + 0.0 (4843 voxels, overlap=0.877)
Right_Cerebellum_White_Matter (46): linear fit = 1.07 x + 0.0 (4843 voxels, peak = 89), gca=89.5
gca peak = 0.30461 (58)
mri peak = 0.12129 (70)
Left_Amygdala (18): linear fit = 1.18 x + 0.0 (361 voxels, overlap=0.053)
Left_Amygdala (18): linear fit = 1.18 x + 0.0 (361 voxels, peak = 69), gca=68.7
gca peak = 0.32293 (57)
mri peak = 0.10996 (68)
Right_Amygdala (54): linear fit = 1.21 x + 0.0 (309 voxels, overlap=0.054)
Right_Amygdala (54): linear fit = 1.21 x + 0.0 (309 voxels, peak = 69), gca=68.7
gca peak = 0.11083 (90)
mri peak = 0.10412 (84)
Left_Thalamus (10): linear fit = 0.98 x + 0.0 (4380 voxels, overlap=0.881)
Left_Thalamus (10): linear fit = 0.98 x + 0.0 (4380 voxels, peak = 88), gca=87.8
gca peak = 0.11393 (83)
mri peak = 0.11692 (87)
Right_Thalamus (49): linear fit = 1.03 x + 0.0 (4355 voxels, overlap=0.952)
Right_Thalamus (49): linear fit = 1.03 x + 0.0 (4355 voxels, peak = 86), gca=85.9
gca peak = 0.08575 (81)
mri peak = 0.10567 (71)
Left_Putamen (12): linear fit = 0.93 x + 0.0 (2422 voxels, overlap=0.747)
Left_Putamen (12): linear fit = 0.93 x + 0.0 (2422 voxels, peak = 75), gca=74.9
gca peak = 0.08618 (78)
mri peak = 0.07869 (74)
Right_Putamen (51): linear fit = 0.95 x + 0.0 (1727 voxels, overlap=0.752)
Right_Putamen (51): linear fit = 0.95 x + 0.0 (1727 voxels, peak = 74), gca=74.5
gca peak = 0.08005 (78)
mri peak = 0.09051 (81)
Brain_Stem (16): linear fit = 1.05 x + 0.0 (10963 voxels, overlap=0.491)
Brain_Stem (16): linear fit = 1.05 x + 0.0 (10963 voxels, peak = 82), gca=82.3
gca peak = 0.12854 (88)
mri peak = 0.08054 (88)
Right_VentralDC (60): linear fit = 1.02 x + 0.0 (1047 voxels, overlap=0.744)
Right_VentralDC (60): linear fit = 1.02 x + 0.0 (1047 voxels, peak = 90), gca=90.2
gca peak = 0.15703 (87)
mri peak = 0.06579 (97)
Left_VentralDC (28): linear fit = 1.11 x + 0.0 (1430 voxels, overlap=0.662)
Left_VentralDC (28): linear fit = 1.11 x + 0.0 (1430 voxels, peak = 96), gca=96.1
gca peak = 0.17522 (25)
mri peak = 0.19358 (32)
gca peak = 0.17113 (14)
mri peak = 0.16399 ( 9)
Fourth_Ventricle (15): linear fit = 0.58 x + 0.0 (299 voxels, overlap=0.194)
Fourth_Ventricle (15): linear fit = 0.58 x + 0.0 (299 voxels, peak =  8), gca=8.2
gca peak Unknown = 0.94777 ( 0)
gca peak Left_Inf_Lat_Vent = 0.16627 (28)
gca peak Third_Ventricle = 0.17522 (25)
gca peak Fourth_Ventricle = 0.17113 (14)
gca peak CSF = 0.20346 (36)
gca peak Left_Accumbens_area = 0.70646 (62)
gca peak Left_undetermined = 1.00000 (28)
gca peak Left_vessel = 0.89917 (53)
gca peak Left_choroid_plexus = 0.11689 (35)
gca peak Right_Inf_Lat_Vent = 0.25504 (23)
gca peak Right_Accumbens_area = 0.31650 (65)
gca peak Right_vessel = 0.77268 (52)
gca peak Right_choroid_plexus = 0.13275 (38)
gca peak Fifth_Ventricle = 0.60973 (33)
gca peak WM_hypointensities = 0.11013 (77)
gca peak non_WM_hypointensities = 0.11354 (41)
gca peak Optic_Chiasm = 0.51646 (76)
not using caudate to estimate GM means
estimating mean gm scale to be 1.12 x + 0.0
estimating mean wm scale to be 1.01 x + 0.0
estimating mean csf scale to be 0.94 x + 0.0
saving intensity scales to aseg.auto_noCCseg.label_intensities.txt
renormalizing by structure alignment....
renormalizing input #0
gca peak = 0.16519 (17)
mri peak = 0.11379 (14)
Left_Lateral_Ventricle (4): linear fit = 0.83 x + 0.0 (337 voxels, overlap=0.793)
Left_Lateral_Ventricle (4): linear fit = 0.83 x + 0.0 (337 voxels, peak = 14), gca=14.2
gca peak = 0.17681 (13)
mri peak = 0.15038 (14)
Right_Lateral_Ventricle (43): linear fit = 1.02 x + 0.0 (538 voxels, overlap=0.756)
Right_Lateral_Ventricle (43): linear fit = 1.02 x + 0.0 (538 voxels, peak = 13), gca=13.3
gca peak = 0.23767 (91)
mri peak = 0.14484 (92)
Right_Pallidum (52): linear fit = 1.01 x + 0.0 (641 voxels, overlap=1.006)
Right_Pallidum (52): linear fit = 1.01 x + 0.0 (641 voxels, peak = 92), gca=92.4
gca peak = 0.17959 (93)
mri peak = 0.10461 (91)
Left_Pallidum (13): linear fit = 1.00 x + 0.0 (555 voxels, overlap=0.992)
Left_Pallidum (13): linear fit = 1.00 x + 0.0 (555 voxels, peak = 93), gca=92.5
gca peak = 0.27404 (62)
mri peak = 0.11511 (63)
Right_Hippocampus (53): linear fit = 1.00 x + 0.0 (797 voxels, overlap=0.755)
Right_Hippocampus (53): linear fit = 1.00 x + 0.0 (797 voxels, peak = 62), gca=62.0
gca peak = 0.28832 (61)
mri peak = 0.15418 (65)
Left_Hippocampus (17): linear fit = 1.00 x + 0.0 (684 voxels, overlap=1.003)
Left_Hippocampus (17): linear fit = 1.00 x + 0.0 (684 voxels, peak = 61), gca=61.0
gca peak = 0.07778 (106)
mri peak = 0.06281 (99)
Right_Cerebral_White_Matter (41): linear fit = 1.00 x + 0.0 (41363 voxels, overlap=0.919)
Right_Cerebral_White_Matter (41): linear fit = 1.00 x + 0.0 (41363 voxels, peak = 105), gca=105.5
gca peak = 0.07990 (105)
mri peak = 0.06801 (98)
Left_Cerebral_White_Matter (2): linear fit = 1.00 x + 0.0 (45225 voxels, overlap=0.916)
Left_Cerebral_White_Matter (2): linear fit = 1.00 x + 0.0 (45225 voxels, peak = 106), gca=105.5
gca peak = 0.09353 (59)
mri peak = 0.04143 (61)
Left_Cerebral_Cortex (3): linear fit = 1.02 x + 0.0 (19182 voxels, overlap=0.946)
Left_Cerebral_Cortex (3): linear fit = 1.02 x + 0.0 (19182 voxels, peak = 60), gca=60.5
gca peak = 0.10323 (64)
mri peak = 0.04360 (61)
Right_Cerebral_Cortex (42): linear fit = 0.95 x + 0.0 (18994 voxels, overlap=0.885)
Right_Cerebral_Cortex (42): linear fit = 0.95 x + 0.0 (18994 voxels, peak = 61), gca=61.1
gca peak = 0.26372 (68)
mri peak = 0.18478 (67)
Right_Caudate (50): linear fit = 0.99 x + 0.0 (1000 voxels, overlap=0.797)
Right_Caudate (50): linear fit = 0.99 x + 0.0 (1000 voxels, peak = 67), gca=67.0
gca peak = 0.14004 (66)
mri peak = 0.18037 (73)
Left_Caudate (11): linear fit = 1.00 x + 0.0 (910 voxels, overlap=0.864)
Left_Caudate (11): linear fit = 1.00 x + 0.0 (910 voxels, peak = 66), gca=66.0
gca peak = 0.12605 (62)
mri peak = 0.05295 (61)
Left_Cerebellum_Cortex (8): linear fit = 0.96 x + 0.0 (22162 voxels, overlap=0.999)
Left_Cerebellum_Cortex (8): linear fit = 0.96 x + 0.0 (22162 voxels, peak = 60), gca=59.8
gca peak = 0.15465 (58)
mri peak = 0.05427 (59)
Right_Cerebellum_Cortex (47): linear fit = 1.02 x + 0.0 (23465 voxels, overlap=0.995)
Right_Cerebellum_Cortex (47): linear fit = 1.02 x + 0.0 (23465 voxels, peak = 59), gca=59.4
gca peak = 0.15417 (96)
mri peak = 0.07923 (95)
Left_Cerebellum_White_Matter (7): linear fit = 0.99 x + 0.0 (5488 voxels, overlap=0.980)
Left_Cerebellum_White_Matter (7): linear fit = 0.99 x + 0.0 (5488 voxels, peak = 95), gca=94.6
gca peak = 0.16978 (90)
mri peak = 0.08255 (86)
Right_Cerebellum_White_Matter (46): linear fit = 0.99 x + 0.0 (4843 voxels, overlap=0.990)
Right_Cerebellum_White_Matter (46): linear fit = 0.99 x + 0.0 (4843 voxels, peak = 89), gca=88.7
gca peak = 0.23884 (69)
mri peak = 0.12129 (70)
Left_Amygdala (18): linear fit = 0.99 x + 0.0 (361 voxels, overlap=1.004)
Left_Amygdala (18): linear fit = 0.99 x + 0.0 (361 voxels, peak = 68), gca=68.0
gca peak = 0.23344 (69)
mri peak = 0.10996 (68)
Right_Amygdala (54): linear fit = 1.01 x + 0.0 (309 voxels, overlap=0.784)
Right_Amygdala (54): linear fit = 1.01 x + 0.0 (309 voxels, peak = 70), gca=70.0
gca peak = 0.10620 (86)
mri peak = 0.10412 (84)
Left_Thalamus (10): linear fit = 1.00 x + 0.0 (4380 voxels, overlap=0.924)
Left_Thalamus (10): linear fit = 1.00 x + 0.0 (4380 voxels, peak = 86), gca=85.6
gca peak = 0.10394 (86)
mri peak = 0.11692 (87)
Right_Thalamus (49): linear fit = 1.00 x + 0.0 (4355 voxels, overlap=0.954)
Right_Thalamus (49): linear fit = 1.00 x + 0.0 (4355 voxels, peak = 86), gca=85.6
gca peak = 0.08522 (75)
mri peak = 0.10567 (71)
Left_Putamen (12): linear fit = 1.00 x + 0.0 (2422 voxels, overlap=0.833)
Left_Putamen (12): linear fit = 1.00 x + 0.0 (2422 voxels, peak = 75), gca=75.0
gca peak = 0.10231 (76)
mri peak = 0.07869 (74)
Right_Putamen (51): linear fit = 1.01 x + 0.0 (1727 voxels, overlap=0.846)
Right_Putamen (51): linear fit = 1.01 x + 0.0 (1727 voxels, peak = 77), gca=77.1
gca peak = 0.08364 (83)
mri peak = 0.09051 (81)
Brain_Stem (16): linear fit = 1.00 x + 0.0 (10963 voxels, overlap=0.724)
Brain_Stem (16): linear fit = 1.00 x + 0.0 (10963 voxels, peak = 83), gca=82.6
gca peak = 0.12723 (91)
mri peak = 0.08054 (88)
Right_VentralDC (60): linear fit = 1.01 x + 0.0 (1047 voxels, overlap=0.785)
Right_VentralDC (60): linear fit = 1.01 x + 0.0 (1047 voxels, peak = 92), gca=92.4
gca peak = 0.14159 (96)
mri peak = 0.06579 (97)
Left_VentralDC (28): linear fit = 1.00 x + 0.0 (1430 voxels, overlap=0.769)
Left_VentralDC (28): linear fit = 1.00 x + 0.0 (1430 voxels, peak = 96), gca=96.5
gca peak = 0.21066 (24)
mri peak = 0.19358 (32)
gca peak = 0.18997 (13)
mri peak = 0.16399 ( 9)
Fourth_Ventricle (15): linear fit = 0.60 x + 0.0 (299 voxels, overlap=0.207)
Fourth_Ventricle (15): linear fit = 0.60 x + 0.0 (299 voxels, peak =  8), gca=7.7
gca peak Unknown = 0.94777 ( 0)
gca peak Left_Inf_Lat_Vent = 0.18098 (30)
gca peak Third_Ventricle = 0.21066 (24)
gca peak Fourth_Ventricle = 0.18997 (13)
gca peak CSF = 0.22913 (34)
gca peak Left_Accumbens_area = 0.77520 (60)
gca peak Left_undetermined = 1.00000 (28)
gca peak Left_vessel = 0.89917 (53)
gca peak Left_choroid_plexus = 0.11689 (35)
gca peak Right_Inf_Lat_Vent = 0.24881 (26)
gca peak Right_Accumbens_area = 0.29323 (66)
gca peak Right_vessel = 0.77268 (52)
gca peak Right_choroid_plexus = 0.13275 (38)
gca peak Fifth_Ventricle = 0.60973 (31)
gca peak WM_hypointensities = 0.09766 (77)
gca peak non_WM_hypointensities = 0.13982 (41)
gca peak Optic_Chiasm = 0.61278 (76)
not using caudate to estimate GM means
estimating mean gm scale to be 1.00 x + 0.0
estimating mean wm scale to be 1.00 x + 0.0
estimating mean csf scale to be 0.93 x + 0.0
saving intensity scales to aseg.auto_noCCseg.label_intensities.txt
saving sequentially combined intensity scales to aseg.auto_noCCseg.label_intensities.txt
49229 voxels changed in iteration 0 of unlikely voxel relabeling
219 voxels changed in iteration 1 of unlikely voxel relabeling
4 voxels changed in iteration 2 of unlikely voxel relabeling
0 voxels changed in iteration 3 of unlikely voxel relabeling
34961 gm and wm labels changed (%30 to gray, %70 to white out of all changed labels)
304 hippocampal voxels changed.
0 amygdala voxels changed.
Reclassifying using Gibbs Priors
pass 1: 57883 changed. image ll: -2.087, PF=0.500
pass 2: 15419 changed. image ll: -2.086, PF=0.500
pass 3: 5128 changed.
pass 4: 1905 changed.
32943 voxels changed in iteration 0 of unlikely voxel relabeling
239 voxels changed in iteration 1 of unlikely voxel relabeling
4 voxels changed in iteration 2 of unlikely voxel relabeling
0 voxels changed in iteration 3 of unlikely voxel relabeling
6143 voxels changed in iteration 0 of unlikely voxel relabeling
81 voxels changed in iteration 1 of unlikely voxel relabeling
5 voxels changed in iteration 2 of unlikely voxel relabeling
0 voxels changed in iteration 3 of unlikely voxel relabeling
5673 voxels changed in iteration 0 of unlikely voxel relabeling
95 voxels changed in iteration 1 of unlikely voxel relabeling
1 voxels changed in iteration 2 of unlikely voxel relabeling
0 voxels changed in iteration 3 of unlikely voxel relabeling
5630 voxels changed in iteration 0 of unlikely voxel relabeling
39 voxels changed in iteration 1 of unlikely voxel relabeling
4 voxels changed in iteration 2 of unlikely voxel relabeling
0 voxels changed in iteration 3 of unlikely voxel relabeling
 !!!!!!!!! ventricle segment 6 with volume 3121 above threshold 100 - not erasing !!!!!!!!!!
 !!!!!!!!! ventricle segment 1 with volume 3821 above threshold 100 - not erasing !!!!!!!!!!
writing labeled volume to aseg.auto_noCCseg.mgz
mri_ca_label utimesec    1739.831839
mri_ca_label stimesec    2.629446
mri_ca_label ru_maxrss   2139492
mri_ca_label ru_ixrss    0
mri_ca_label ru_idrss    0
mri_ca_label ru_isrss    0
mri_ca_label ru_minflt   3714665
mri_ca_label ru_majflt   9
mri_ca_label ru_nswap    0
mri_ca_label ru_inblock  1142
mri_ca_label ru_oublock  624
mri_ca_label ru_msgsnd   0
mri_ca_label ru_msgrcv   0
mri_ca_label ru_nsignals 0
mri_ca_label ru_nvcsw    2880
mri_ca_label ru_nivcsw   1065
auto-labeling took 27 minutes and 32 seconds.
#--------------------------------------
#@# CC Seg Mon Mar  9 11:56:06 CET 2026

 mri_cc -aseg aseg.auto_noCCseg.mgz -o aseg.auto.mgz -lta /out/sourcedata/freesurfer/sub-v1s21x0050407_ses-1/mri/transforms/cc_up.lta sub-v1s21x0050407_ses-1 

will read input aseg from aseg.auto_noCCseg.mgz
writing aseg with cc labels to aseg.auto.mgz
will write lta as /out/sourcedata/freesurfer/sub-v1s21x0050407_ses-1/mri/transforms/cc_up.lta
reading aseg from /out/sourcedata/freesurfer/sub-v1s21x0050407_ses-1/mri/aseg.auto_noCCseg.mgz
reading norm from /out/sourcedata/freesurfer/sub-v1s21x0050407_ses-1/mri/norm.mgz
39170 voxels in left wm, 39713 in right wm, xrange [123, 131]
searching rotation angles z=[-6  8], y=[-6  8]
searching scale 1 Z rot -5.6  searching scale 1 Z rot -5.3  searching scale 1 Z rot -5.1  searching scale 1 Z rot -4.8  searching scale 1 Z rot -4.6  searching scale 1 Z rot -4.3  searching scale 1 Z rot -4.1  searching scale 1 Z rot -3.8  searching scale 1 Z rot -3.6  searching scale 1 Z rot -3.3  searching scale 1 Z rot -3.1  searching scale 1 Z rot -2.8  searching scale 1 Z rot -2.6  searching scale 1 Z rot -2.3  searching scale 1 Z rot -2.1  searching scale 1 Z rot -1.8  searching scale 1 Z rot -1.6  searching scale 1 Z rot -1.3  searching scale 1 Z rot -1.1  searching scale 1 Z rot -0.8  searching scale 1 Z rot -0.6  searching scale 1 Z rot -0.3  searching scale 1 Z rot -0.1  searching scale 1 Z rot 0.2  searching scale 1 Z rot 0.4  searching scale 1 Z rot 0.7  searching scale 1 Z rot 0.9  searching scale 1 Z rot 1.2  searching scale 1 Z rot 1.4  searching scale 1 Z rot 1.7  searching scale 1 Z rot 1.9  searching scale 1 Z rot 2.2  searching scale 1 Z rot 2.4  searching scale 1 Z rot 2.7  searching scale 1 Z rot 2.9  searching scale 1 Z rot 3.2  searching scale 1 Z rot 3.4  searching scale 1 Z rot 3.7  searching scale 1 Z rot 3.9  searching scale 1 Z rot 4.2  searching scale 1 Z rot 4.4  searching scale 1 Z rot 4.7  searching scale 1 Z rot 4.9  searching scale 1 Z rot 5.2  searching scale 1 Z rot 5.4  searching scale 1 Z rot 5.7  searching scale 1 Z rot 5.9  searching scale 1 Z rot 6.2  searching scale 1 Z rot 6.4  searching scale 1 Z rot 6.7  searching scale 1 Z rot 6.9  searching scale 1 Z rot 7.2  searching scale 1 Z rot 7.4  searching scale 1 Z rot 7.7  searching scale 1 Z rot 7.9  searching scale 1 Z rot 8.2  global minimum found at slice 126.4, rotations (1.06, 1.41)
final transformation (x=126.4, yr=1.060, zr=1.410):
 0.99953  -0.02461   0.01849   1.78260;
 0.02460   0.99970   0.00046   38.86705;
-0.01849   0.00000   0.99983   22.35589;
 0.00000   0.00000   0.00000   1.00000;
updating x range to be [126, 131] in xformed coordinates
best xformed slice 129
min_x_fornix = 134
min_x_fornix = 138
min_x_fornix = 138
min_x_fornix = 140
min_x_fornix = 133
cc center is found at 129 86 108
eigenvectors:
 0.00065   0.00480   0.99999;
-0.13902  -0.99028   0.00484;
 0.99029  -0.13902   0.00003;
writing aseg with callosum to /out/sourcedata/freesurfer/sub-v1s21x0050407_ses-1/mri/aseg.auto.mgz...
corpus callosum segmentation took 0.5 minutes
#VMPC# mri_cc VmPeak  554468
mri_cc done
#--------------------------------------
#@# Merge ASeg Mon Mar  9 11:56:39 CET 2026

 cp aseg.auto.mgz aseg.presurf.mgz 

#--------------------------------------------
#@# Intensity Normalization2 Mon Mar  9 11:56:39 CET 2026
/out/sourcedata/freesurfer/sub-v1s21x0050407_ses-1/mri

 mri_normalize -seed 1234 -mprage -aseg aseg.presurf.mgz -mask brainmask.mgz norm.mgz brain.mgz 

setting seed for random number genererator to 1234
assuming input volume is MGH (Van der Kouwe) MP-RAGE
using segmentation for initial intensity normalization
using MR volume brainmask.mgz to mask input volume...
reading mri_src from norm.mgz...
Reading aseg aseg.presurf.mgz
normalizing image...
NOT doing gentle normalization with control points/label
processing with aseg
removing outliers in the aseg WM...
297 control points removed
Building bias image
building Voronoi diagram...
performing soap bubble smoothing, sigma = 0...
Smoothing with sigma 8
Applying bias correction
building Voronoi diagram...
performing soap bubble smoothing, sigma = 8...

Iterating 2 times
---------------------------------
3d normalization pass 1 of 2
white matter peak found at 110
white matter peak found at 101
gm peak at 70 (70), valley at 16 (16)
csf peak at 36, setting threshold to 58
building Voronoi diagram...
performing soap bubble smoothing, sigma = 8...
---------------------------------
3d normalization pass 2 of 2
white matter peak found at 110
white matter peak found at 110
gm peak at 69 (69), valley at 15 (15)
csf peak at 35, setting threshold to 57
building Voronoi diagram...
performing soap bubble smoothing, sigma = 8...
Done iterating ---------------------------------
writing output to brain.mgz
3D bias adjustment took 2 minutes and 13 seconds.
#--------------------------------------------
#@# Mask BFS Mon Mar  9 11:58:53 CET 2026
/out/sourcedata/freesurfer/sub-v1s21x0050407_ses-1/mri

 mri_mask -T 5 brain.mgz brainmask.mgz brain.finalsurfs.mgz 

threshold mask volume at 5
DoAbs = 0
Found 1291686 voxels in mask (pct=  7.70)
Writing masked volume to brain.finalsurfs.mgz...done.
#--------------------------------------------
#@# WM Segmentation Mon Mar  9 11:58:54 CET 2026

 AntsDenoiseImageFs -i brain.mgz -o antsdn.brain.mgz 


 mri_segment -wsizemm 13 -mprage antsdn.brain.mgz wm.seg.mgz 

wsizemm = 13, voxres = 1, wsize = 13
Widening wm low from 89 to 79
assuming input volume is MGH (Van der Kouwe) MP-RAGE
wm mean:  110
wsize:    13
wm low:   79
wm hi:    125
gray low: 30
gray hi:  99
Doing initial trinary intensity segmentation 
Using local statistics to label ambiguous voxels
Autodetecting stats
Computing class statistics for intensity windows...
CCS WM (102.0): 102.2 +- 6.6 [79.0 --> 125.0]
CCS GM (73.0) : 71.4 +- 10.1 [30.0 --> 95.0]
 white_mean 102.151
 white_sigma 6.55507
 gray_mean 71.3626
 gray_sigma 10.1059
setting bottom of white matter range wm_low to 81.5
setting top of gray matter range gray_hi to 91.6
 wm_low 81.4684
 wm_hi  125
 gray_low 30
 gray_hi  91.5743
Redoing initial intensity segmentation...
Recomputing local statistics to label ambiguous voxels...
 wm_low 81.4684
 wm_hi  125
 gray_low 30
 gray_hi  91.5743
using local geometry to label remaining ambiguous voxels...
polvwsize = 5, polvlen = 3, gray_hi = 91.5743, wm_low = 81.4684
MRIcpolvMedianCurveSegment(): wsize=5, len=3, gmhi=91.5743, wmlow=81.4684
    134724 voxels processed (0.80%)
     64294 voxels white (0.38%)
     70430 voxels non-white (0.42%)

Reclassifying voxels using Gaussian border classifier niter=1
MRIreclassify(): wm_low=76.4684, gray_hi=91.5743, wsize=13
    224428 voxels tested (1.34%)
     45118 voxels changed (0.27%)
     54050 multi-scale searches  (0.32%)
Recovering bright white
MRIrecoverBrightWhite()
 wm_low 81.4684
 wm_hi 125
 slack 6.55507
 pct_thresh 0.33
 intensity_thresh 131.555
 nvox_thresh 8.58
      496 voxels tested (0.00%)
      259 voxels changed (0.00%)

removing voxels with positive offset direction...
MRIremoveWrongDirection() wsize=3, lowthr=76.4684, hithr=91.5743
  smoothing input volume with sigma = 0.250
    88751 voxels tested (0.53%)
    15696 voxels changed (0.09%)
thicken = 1
removing 1-dimensional structures...
MRIremove1dStructures(): max_iter=10000, thresh=2, WM_MIN_VAL=5
 2833 sparsely connected voxels removed in 1 iterations
thickening thin strands....
thickness 4
nsegments 20
wm_hi 125
1349 diagonally connected voxels added...
MRIthickenThinWMStrands(): thickness=4, nsegments=20
  20 segments, 4510 filled
MRIfindBrightNonWM(): 4091 bright non-wm voxels segmented.
MRIfilterMorphology() WM_MIN_VAL=5, DIAGONAL_FILL=230
white matter segmentation took 1.0 minutes
writing output to wm.seg.mgz...

 mri_edit_wm_with_aseg -keep-in wm.seg.mgz brain.mgz aseg.presurf.mgz wm.asegedit.mgz 

preserving editing changes in input volume...
auto filling took 0.42 minutes
reading wm segmentation from wm.seg.mgz...
0 voxels added to wm to prevent paths from MTL structures to cortex
3239 additional wm voxels added
0 additional wm voxels added
SEG EDIT: 36078 voxels turned on, 32365 voxels turned off.
propagating editing to output volume from wm.seg.mgz
writing edited volume to wm.asegedit.mgz....

 mri_pretess wm.asegedit.mgz wm norm.mgz wm.mgz 


Iteration Number : 1
pass   1 (xy+):  24 found -  24 modified     |    TOTAL:  24
pass   2 (xy+):   0 found -  24 modified     |    TOTAL:  24
pass   1 (xy-):  14 found -  14 modified     |    TOTAL:  38
pass   2 (xy-):   0 found -  14 modified     |    TOTAL:  38
pass   1 (yz+):  12 found -  12 modified     |    TOTAL:  50
pass   2 (yz+):   0 found -  12 modified     |    TOTAL:  50
pass   1 (yz-):  12 found -  12 modified     |    TOTAL:  62
pass   2 (yz-):   0 found -  12 modified     |    TOTAL:  62
pass   1 (xz+):  24 found -  24 modified     |    TOTAL:  86
pass   2 (xz+):   0 found -  24 modified     |    TOTAL:  86
pass   1 (xz-):  15 found -  15 modified     |    TOTAL: 101
pass   2 (xz-):   0 found -  15 modified     |    TOTAL: 101
Iteration Number : 1
pass   1 (+++):   7 found -   7 modified     |    TOTAL:   7
pass   2 (+++):   0 found -   7 modified     |    TOTAL:   7
pass   1 (+++):  16 found -  16 modified     |    TOTAL:  23
pass   2 (+++):   0 found -  16 modified     |    TOTAL:  23
pass   1 (+++):  10 found -  10 modified     |    TOTAL:  33
pass   2 (+++):   0 found -  10 modified     |    TOTAL:  33
pass   1 (+++):  18 found -  18 modified     |    TOTAL:  51
pass   2 (+++):   0 found -  18 modified     |    TOTAL:  51
Iteration Number : 1
pass   1 (++):  48 found -  48 modified     |    TOTAL:  48
pass   2 (++):   0 found -  48 modified     |    TOTAL:  48
pass   1 (+-):  49 found -  49 modified     |    TOTAL:  97
pass   2 (+-):   0 found -  49 modified     |    TOTAL:  97
pass   1 (--):  41 found -  41 modified     |    TOTAL: 138
pass   2 (--):   0 found -  41 modified     |    TOTAL: 138
pass   1 (-+):  40 found -  40 modified     |    TOTAL: 178
pass   2 (-+):   0 found -  40 modified     |    TOTAL: 178
Iteration Number : 2
pass   1 (xy+):   1 found -   1 modified     |    TOTAL:   1
pass   2 (xy+):   0 found -   1 modified     |    TOTAL:   1
pass   1 (xy-):   2 found -   2 modified     |    TOTAL:   3
pass   2 (xy-):   0 found -   2 modified     |    TOTAL:   3
pass   1 (yz+):   3 found -   3 modified     |    TOTAL:   6
pass   2 (yz+):   0 found -   3 modified     |    TOTAL:   6
pass   1 (yz-):   6 found -   6 modified     |    TOTAL:  12
pass   2 (yz-):   0 found -   6 modified     |    TOTAL:  12
pass   1 (xz+):   2 found -   2 modified     |    TOTAL:  14
pass   2 (xz+):   0 found -   2 modified     |    TOTAL:  14
pass   1 (xz-):   4 found -   4 modified     |    TOTAL:  18
pass   2 (xz-):   0 found -   4 modified     |    TOTAL:  18
Iteration Number : 2
pass   1 (+++):   0 found -   0 modified     |    TOTAL:   0
pass   1 (+++):   0 found -   0 modified     |    TOTAL:   0
pass   1 (+++):   0 found -   0 modified     |    TOTAL:   0
pass   1 (+++):   2 found -   2 modified     |    TOTAL:   2
pass   2 (+++):   0 found -   2 modified     |    TOTAL:   2
Iteration Number : 2
pass   1 (++):   2 found -   2 modified     |    TOTAL:   2
pass   2 (++):   0 found -   2 modified     |    TOTAL:   2
pass   1 (+-):   1 found -   1 modified     |    TOTAL:   3
pass   2 (+-):   0 found -   1 modified     |    TOTAL:   3
pass   1 (--):   3 found -   3 modified     |    TOTAL:   6
pass   2 (--):   0 found -   3 modified     |    TOTAL:   6
pass   1 (-+):   1 found -   1 modified     |    TOTAL:   7
pass   2 (-+):   0 found -   1 modified     |    TOTAL:   7
Iteration Number : 3
pass   1 (xy+):   0 found -   0 modified     |    TOTAL:   0
pass   1 (xy-):   1 found -   1 modified     |    TOTAL:   1
pass   2 (xy-):   0 found -   1 modified     |    TOTAL:   1
pass   1 (yz+):   0 found -   0 modified     |    TOTAL:   1
pass   1 (yz-):   0 found -   0 modified     |    TOTAL:   1
pass   1 (xz+):   0 found -   0 modified     |    TOTAL:   1
pass   1 (xz-):   1 found -   1 modified     |    TOTAL:   2
pass   2 (xz-):   0 found -   1 modified     |    TOTAL:   2
Iteration Number : 3
pass   1 (+++):   0 found -   0 modified     |    TOTAL:   0
pass   1 (+++):   0 found -   0 modified     |    TOTAL:   0
pass   1 (+++):   0 found -   0 modified     |    TOTAL:   0
pass   1 (+++):   0 found -   0 modified     |    TOTAL:   0
Iteration Number : 3
pass   1 (++):   0 found -   0 modified     |    TOTAL:   0
pass   1 (+-):   0 found -   0 modified     |    TOTAL:   0
pass   1 (--):   0 found -   0 modified     |    TOTAL:   0
pass   1 (-+):   0 found -   0 modified     |    TOTAL:   0
Iteration Number : 4
pass   1 (xy+):   0 found -   0 modified     |    TOTAL:   0
pass   1 (xy-):   0 found -   0 modified     |    TOTAL:   0
pass   1 (yz+):   0 found -   0 modified     |    TOTAL:   0
pass   1 (yz-):   0 found -   0 modified     |    TOTAL:   0
pass   1 (xz+):   0 found -   0 modified     |    TOTAL:   0
pass   1 (xz-):   0 found -   0 modified     |    TOTAL:   0
Iteration Number : 4
pass   1 (+++):   0 found -   0 modified     |    TOTAL:   0
pass   1 (+++):   0 found -   0 modified     |    TOTAL:   0
pass   1 (+++):   0 found -   0 modified     |    TOTAL:   0
pass   1 (+++):   0 found -   0 modified     |    TOTAL:   0
Iteration Number : 4
pass   1 (++):   0 found -   0 modified     |    TOTAL:   0
pass   1 (+-):   0 found -   0 modified     |    TOTAL:   0
pass   1 (--):   0 found -   0 modified     |    TOTAL:   0
pass   1 (-+):   0 found -   0 modified     |    TOTAL:   0

Total Number of Modified Voxels = 359 (out of 490130: 0.073246)
binarizing input wm segmentation...
Ambiguous edge configurations... 

mri_pretess done

#--------------------------------------------
#@# Fill Mon Mar  9 12:00:55 CET 2026
/out/sourcedata/freesurfer/sub-v1s21x0050407_ses-1/mri

 mri_fill -a ../scripts/ponscc.cut.log -xform transforms/talairach.lta -segmentation aseg.presurf.mgz -ctab /opt/freesurfer/SubCorticalMassLUT.txt wm.mgz filled.mgz 

logging cutting plane coordinates to ../scripts/ponscc.cut.log...
INFO: Using transforms/talairach.lta and its offset for Talairach volume ...
using segmentation aseg.presurf.mgz...
reading input volume...done.
searching for cutting planes...voxel to talairach voxel transform
 1.09381   0.00169  -0.05248  -7.49879;
 0.00707   1.12727   0.24216  -27.00050;
 0.05365  -0.20463   1.03494   13.88638;
 0.00000   0.00000   0.00000   1.00000;
voxel to talairach voxel transform
 1.09381   0.00169  -0.05248  -7.49879;
 0.00707   1.12727   0.24216  -27.00050;
 0.05365  -0.20463   1.03494   13.88638;
 0.00000   0.00000   0.00000   1.00000;
reading segmented volume aseg.presurf.mgz
removing CC from segmentation
Looking for area (min, max) = (350, 1400)
area[0] = 2156 (min = 350, max = 1400), aspect = 0.93 (min = 0.10, max = 0.75)
need search nearby
using seed (124, 119, 147), TAL = (4.0, 19.0, 9.0)
talairach voxel to voxel transform
 0.91200   0.00674   0.04467   6.40067;
 0.00426   0.85098  -0.19890   25.77090;
-0.04643   0.16791   0.92460  -8.65382;
 0.00000   0.00000   0.00000   1.00000;
segmentation indicates cc at (124,  119,  147) --> (4.0, 19.0, 9.0)
done.
filling took 1.0 minutes
talairach cc position changed to (4.00, 19.00, 9.00)
Erasing brainstem...done.
seed_search_size = 9, min_neighbors = 5
search rh wm seed point around talairach space:(22.00, 19.00, 9.00) SRC: (110.44, 98.25, 142.32)
search lh wm seed point around talairach space (-14.00, 19.00, 9.00), SRC: (143.27, 98.40, 140.65)
compute mri_fill using aseg
Erasing Brain Stem and Cerebellum ...
Define left and right masks using aseg:
Building Voronoi diagram ...
Using the Voronoi diagram for separating WM into two hemispheres ...
Find the largest connected component for each hemisphere ...
Embedding colortable
mri_fill done, writing output to filled.mgz...
 cp filled.mgz filled.auto.mgz

Started at Mon Mar 9 10:38:31 CET 2026 
Ended   at Mon Mar 9 12:01:56 CET 2026
#@#%# recon-all-run-time-hours 1.390
recon-all -s sub-v1s21x0050407_ses-1 finished without error at Mon Mar  9 12:01:56 CET 2026



#New# invocation of recon-all 




Mon Mar  9 12:46:31 CET 2026
cd /out/sourcedata/freesurfer/sub-v1s21x0050407_ses-1
setenv SUBJECTS_DIR /out/sourcedata/freesurfer
/opt/freesurfer/bin/recon-all -parallel -subjid sub-v1s21x0050407_ses-1 -sd /out/sourcedata/freesurfer -cortribbon

subjid sub-v1s21x0050407_ses-1
setenv SUBJECTS_DIR /out/sourcedata/freesurfer
FREESURFER_HOME /opt/freesurfer
Actual FREESURFER_HOME /opt/freesurfer
build-stamp.txt: freesurfer-linux-ubuntu22_x86_64-7.3.2-20220804-6354275
Linux dna030 5.14.0-427.37.1.el9_4.x86_64 #1 SMP PREEMPT_DYNAMIC Fri Sep 13 12:41:50 EDT 2024 x86_64 x86_64 x86_64 GNU/Linux
cputime      unlimited
filesize     unlimited
datasize     unlimited
stacksize    8192 kbytes
coredumpsize 0 kbytes
memoryuse    67108864 kbytes
vmemoryuse   unlimited
descriptors  1024 
memorylocked unlimited
maxproc      2061970 
maxlocks     unlimited
maxsignal    2061970 
maxmessage   819200 
maxnice      0 
maxrtprio    0 
maxrttime    unlimited

               total        used        free      shared  buff/cache   available
Mem:           503Gi        43Gi       363Gi       7.4Gi        97Gi       449Gi
Swap:             0B          0B          0B

########################################
program versions used
7.3.2 (freesurfer-linux-ubuntu22_x86_64-7.3.2-20220804-6354275)
7.3.2

ProgramName: lta_convert  ProgramArguments: lta_convert -all-info  ProgramVersion: 7.3.2  TimeStamp: 2026/03/09-11:46:31-GMT  BuildTime: Aug  4 2022 06:17:15  BuildStamp: freesurfer-linux-ubuntu22_x86_64-7.3.2-20220804-6354275  User: oesteban  Machine: dna030  Platform: Linux  PlatformVersion: 5.14.0-427.37.1.el9_4.x86_64  CompilerName: GCC  CompilerVersion: 8.4.0
ProgramName: mri_and  ProgramArguments: mri_and -all-info  ProgramVersion: 7.3.2  TimeStamp: 2026/03/09-11:46:31-GMT  BuildTime: Aug  4 2022 06:17:15  BuildStamp: freesurfer-linux-ubuntu22_x86_64-7.3.2-20220804-6354275  User: oesteban  Machine: dna030  Platform: Linux  PlatformVersion: 5.14.0-427.37.1.el9_4.x86_64  CompilerName: GCC  CompilerVersion: 8.4.0
ProgramName: mri_annotation2label  ProgramArguments: mri_annotation2label -all-info  ProgramVersion: 7.3.2  TimeStamp: 2026/03/09-11:46:31-GMT  BuildTime: Aug  4 2022 06:17:15  BuildStamp: freesurfer-linux-ubuntu22_x86_64-7.3.2-20220804-6354275  User: oesteban  Machine: dna030  Platform: Linux  PlatformVersion: 5.14.0-427.37.1.el9_4.x86_64  CompilerName: GCC  CompilerVersion: 8.4.0
ProgramName: mri_aparc2aseg  ProgramArguments: mri_aparc2aseg -all-info  ProgramVersion: 7.3.2  TimeStamp: 2026/03/09-11:46:31-GMT  BuildTime: Aug  4 2022 06:17:15  BuildStamp: freesurfer-linux-ubuntu22_x86_64-7.3.2-20220804-6354275  User: oesteban  Machine: dna030  Platform: Linux  PlatformVersion: 5.14.0-427.37.1.el9_4.x86_64  CompilerName: GCC  CompilerVersion: 8.4.0
ProgramName: mri_surf2volseg  ProgramArguments: mri_surf2volseg -all-info  ProgramVersion: 7.3.2  TimeStamp: 2026/03/09-11:46:31-GMT  BuildTime: Aug  4 2022 06:17:15  BuildStamp: freesurfer-linux-ubuntu22_x86_64-7.3.2-20220804-6354275  User: oesteban  Machine: dna030  Platform: Linux  PlatformVersion: 5.14.0-427.37.1.el9_4.x86_64  CompilerName: GCC  CompilerVersion: 8.4.0
ProgramName: mri_binarize  ProgramArguments: mri_binarize -all-info  ProgramVersion: 7.3.2  TimeStamp: 2026/03/09-11:46:31-GMT  BuildTime: Aug  4 2022 06:17:15  BuildStamp: freesurfer-linux-ubuntu22_x86_64-7.3.2-20220804-6354275  User: oesteban  Machine: dna030  Platform: Linux  PlatformVersion: 5.14.0-427.37.1.el9_4.x86_64  CompilerName: GCC  CompilerVersion: 8.4.0
ProgramName: mri_ca_label  ProgramArguments: mri_ca_label -all-info  ProgramVersion: 7.3.2  TimeStamp: 2026/03/09-11:46:31-GMT  BuildTime: Aug  4 2022 06:17:15  BuildStamp: freesurfer-linux-ubuntu22_x86_64-7.3.2-20220804-6354275  User: oesteban  Machine: dna030  Platform: Linux  PlatformVersion: 5.14.0-427.37.1.el9_4.x86_64  CompilerName: GCC  CompilerVersion: 8.4.0
ProgramName: mri_ca_normalize  ProgramArguments: mri_ca_normalize -all-info  ProgramVersion: 7.3.2  TimeStamp: 2026/03/09-11:46:31-GMT  BuildTime: Aug  4 2022 06:17:15  BuildStamp: freesurfer-linux-ubuntu22_x86_64-7.3.2-20220804-6354275  User: oesteban  Machine: dna030  Platform: Linux  PlatformVersion: 5.14.0-427.37.1.el9_4.x86_64  CompilerName: GCC  CompilerVersion: 8.4.0
ProgramName: mri_ca_register  ProgramArguments: mri_ca_register -all-info  ProgramVersion: 7.3.2  TimeStamp: 2026/03/09-11:46:31-GMT  BuildTime: Aug  4 2022 06:17:15  BuildStamp: freesurfer-linux-ubuntu22_x86_64-7.3.2-20220804-6354275  User: oesteban  Machine: dna030  Platform: Linux  PlatformVersion: 5.14.0-427.37.1.el9_4.x86_64  CompilerName: GCC  CompilerVersion: 8.4.0
ProgramName: mri_cc  ProgramArguments: mri_cc -all-info  ProgramVersion: 7.3.2  TimeStamp: 2026/03/09-11:46:31-GMT  BuildTime: Aug  4 2022 06:17:15  BuildStamp: freesurfer-linux-ubuntu22_x86_64-7.3.2-20220804-6354275  User: oesteban  Machine: dna030  Platform: Linux  PlatformVersion: 5.14.0-427.37.1.el9_4.x86_64  CompilerName: GCC  CompilerVersion: 8.4.0
ProgramName: mri_compute_overlap  ProgramArguments: mri_compute_overlap -all-info  ProgramVersion: 7.3.2  TimeStamp: 2026/03/09-11:46:31-GMT  BuildTime: Aug  4 2022 06:17:15  BuildStamp: freesurfer-linux-ubuntu22_x86_64-7.3.2-20220804-6354275  User: oesteban  Machine: dna030  Platform: Linux  PlatformVersion: 5.14.0-427.37.1.el9_4.x86_64  CompilerName: GCC  CompilerVersion: 8.4.0
ProgramName: mri_compute_seg_overlap  ProgramArguments: mri_compute_seg_overlap -all-info  ProgramVersion: 7.3.2  TimeStamp: 2026/03/09-11:46:31-GMT  BuildTime: Aug  4 2022 06:17:15  BuildStamp: freesurfer-linux-ubuntu22_x86_64-7.3.2-20220804-6354275  User: oesteban  Machine: dna030  Platform: Linux  PlatformVersion: 5.14.0-427.37.1.el9_4.x86_64  CompilerName: GCC  CompilerVersion: 8.4.0
ProgramName: mri_concat  ProgramArguments: mri_concat -all-info  ProgramVersion: 7.3.2  TimeStamp: 2026/03/09-11:46:31-GMT  BuildTime: Aug  4 2022 06:17:15  BuildStamp: freesurfer-linux-ubuntu22_x86_64-7.3.2-20220804-6354275  User: oesteban  Machine: dna030  Platform: Linux  PlatformVersion: 5.14.0-427.37.1.el9_4.x86_64  CompilerName: GCC  CompilerVersion: 8.4.0
ProgramName: mri_concatenate_lta  ProgramArguments: mri_concatenate_lta -all-info  ProgramVersion: 7.3.2  TimeStamp: 2026/03/09-11:46:31-GMT  BuildTime: Aug  4 2022 06:17:15  BuildStamp: freesurfer-linux-ubuntu22_x86_64-7.3.2-20220804-6354275  User: oesteban  Machine: dna030  Platform: Linux  PlatformVersion: 5.14.0-427.37.1.el9_4.x86_64  CompilerName: GCC  CompilerVersion: 8.4.0
mri_convert -all-info 
ProgramName: mri_convert  ProgramArguments: mri_convert -all-info  ProgramVersion: 7.3.2  TimeStamp: 2026/03/09-11:46:31-GMT  BuildTime: Aug  4 2022 06:17:15  BuildStamp: freesurfer-linux-ubuntu22_x86_64-7.3.2-20220804-6354275  User: oesteban  Machine: dna030  Platform: Linux  PlatformVersion: 5.14.0-427.37.1.el9_4.x86_64  CompilerName: GCC  CompilerVersion: 8.4.0
ProgramName: mri_diff  ProgramArguments: mri_diff -all-info  ProgramVersion: 7.3.2  TimeStamp: 2026/03/09-11:46:31-GMT  BuildTime: Aug  4 2022 06:17:15  BuildStamp: freesurfer-linux-ubuntu22_x86_64-7.3.2-20220804-6354275  User: oesteban  Machine: dna030  Platform: Linux  PlatformVersion: 5.14.0-427.37.1.el9_4.x86_64  CompilerName: GCC  CompilerVersion: 8.4.0
ProgramName: mri_edit_wm_with_aseg  ProgramArguments: mri_edit_wm_with_aseg -all-info  ProgramVersion: 7.3.2  TimeStamp: 2026/03/09-11:46:31-GMT  BuildTime: Aug  4 2022 06:17:15  BuildStamp: freesurfer-linux-ubuntu22_x86_64-7.3.2-20220804-6354275  User: oesteban  Machine: dna030  Platform: Linux  PlatformVersion: 5.14.0-427.37.1.el9_4.x86_64  CompilerName: GCC  CompilerVersion: 8.4.0
ProgramName: mri_em_register  ProgramArguments: mri_em_register -all-info  ProgramVersion: 7.3.2  TimeStamp: 2026/03/09-11:46:31-GMT  BuildTime: Aug  4 2022 06:17:15  BuildStamp: freesurfer-linux-ubuntu22_x86_64-7.3.2-20220804-6354275  User: oesteban  Machine: dna030  Platform: Linux  PlatformVersion: 5.14.0-427.37.1.el9_4.x86_64  CompilerName: GCC  CompilerVersion: 8.4.0
ProgramName: mri_fill  ProgramArguments: mri_fill -all-info  ProgramVersion: 7.3.2  TimeStamp: 2026/03/09-11:46:31-GMT  BuildTime: Aug  4 2022 06:17:15  BuildStamp: freesurfer-linux-ubuntu22_x86_64-7.3.2-20220804-6354275  User: oesteban  Machine: dna030  Platform: Linux  PlatformVersion: 5.14.0-427.37.1.el9_4.x86_64  CompilerName: GCC  CompilerVersion: 8.4.0
ProgramName: mri_fuse_segmentations  ProgramArguments: mri_fuse_segmentations -all-info  ProgramVersion: 7.3.2  TimeStamp: 2026/03/09-11:46:31-GMT  BuildTime: Aug  4 2022 06:17:15  BuildStamp: freesurfer-linux-ubuntu22_x86_64-7.3.2-20220804-6354275  User: oesteban  Machine: dna030  Platform: Linux  PlatformVersion: 5.14.0-427.37.1.el9_4.x86_64  CompilerName: GCC  CompilerVersion: 8.4.0
ProgramName: mri_fwhm  ProgramArguments: mri_fwhm -all-info  ProgramVersion: 7.3.2  TimeStamp: 2026/03/09-11:46:31-GMT  BuildTime: Aug  4 2022 06:17:15  BuildStamp: freesurfer-linux-ubuntu22_x86_64-7.3.2-20220804-6354275  User: oesteban  Machine: dna030  Platform: Linux  PlatformVersion: 5.14.0-427.37.1.el9_4.x86_64  CompilerName: GCC  CompilerVersion: 8.4.0
ProgramName: mri_gcut  ProgramArguments: mri_gcut -all-info  ProgramVersion: 7.3.2  TimeStamp: 2026/03/09-11:46:31-GMT  BuildTime: Aug  4 2022 06:17:15  BuildStamp: freesurfer-linux-ubuntu22_x86_64-7.3.2-20220804-6354275  User: oesteban  Machine: dna030  Platform: Linux  PlatformVersion: 5.14.0-427.37.1.el9_4.x86_64  CompilerName: GCC  CompilerVersion: 8.4.0
ProgramName: mri_info  ProgramArguments: mri_info -all-info  ProgramVersion: 7.3.2  TimeStamp: 2026/03/09-11:46:31-GMT  BuildTime: Aug  4 2022 06:17:15  BuildStamp: freesurfer-linux-ubuntu22_x86_64-7.3.2-20220804-6354275  User: oesteban  Machine: dna030  Platform: Linux  PlatformVersion: 5.14.0-427.37.1.el9_4.x86_64  CompilerName: GCC  CompilerVersion: 8.4.0
ProgramName: mri_label2label  ProgramArguments: mri_label2label -all-info  ProgramVersion: 7.3.2  TimeStamp: 2026/03/09-11:46:31-GMT  BuildTime: Aug  4 2022 06:17:15  BuildStamp: freesurfer-linux-ubuntu22_x86_64-7.3.2-20220804-6354275  User: oesteban  Machine: dna030  Platform: Linux  PlatformVersion: 5.14.0-427.37.1.el9_4.x86_64  CompilerName: GCC  CompilerVersion: 8.4.0
ProgramName: mri_label2vol  ProgramArguments: mri_label2vol -all-info  ProgramVersion: 7.3.2  TimeStamp: 2026/03/09-11:46:31-GMT  BuildTime: Aug  4 2022 06:17:15  BuildStamp: freesurfer-linux-ubuntu22_x86_64-7.3.2-20220804-6354275  User: oesteban  Machine: dna030  Platform: Linux  PlatformVersion: 5.14.0-427.37.1.el9_4.x86_64  CompilerName: GCC  CompilerVersion: 8.4.0
ProgramName: mri_log_likelihood  ProgramArguments: mri_log_likelihood -all-info  ProgramVersion: 7.3.2  TimeStamp: 2026/03/09-11:46:31-GMT  BuildTime: Aug  4 2022 06:17:15  BuildStamp: freesurfer-linux-ubuntu22_x86_64-7.3.2-20220804-6354275  User: oesteban  Machine: dna030  Platform: Linux  PlatformVersion: 5.14.0-427.37.1.el9_4.x86_64  CompilerName: GCC  CompilerVersion: 8.4.0
ProgramName: mri_mask  ProgramArguments: mri_mask -all-info  ProgramVersion: 7.3.2  TimeStamp: 2026/03/09-11:46:31-GMT  BuildTime: Aug  4 2022 06:17:15  BuildStamp: freesurfer-linux-ubuntu22_x86_64-7.3.2-20220804-6354275  User: oesteban  Machine: dna030  Platform: Linux  PlatformVersion: 5.14.0-427.37.1.el9_4.x86_64  CompilerName: GCC  CompilerVersion: 8.4.0
ProgramName: mri_matrix_multiply  ProgramArguments: mri_matrix_multiply -all-info  ProgramVersion: 7.3.2  TimeStamp: 2026/03/09-11:46:31-GMT  BuildTime: Aug  4 2022 06:17:15  BuildStamp: freesurfer-linux-ubuntu22_x86_64-7.3.2-20220804-6354275  User: oesteban  Machine: dna030  Platform: Linux  PlatformVersion: 5.14.0-427.37.1.el9_4.x86_64  CompilerName: GCC  CompilerVersion: 8.4.0
ProgramName: mri_normalize  ProgramArguments: mri_normalize -all-info  ProgramVersion: 7.3.2  TimeStamp: 2026/03/09-11:46:31-GMT  BuildTime: Aug  4 2022 06:17:15  BuildStamp: freesurfer-linux-ubuntu22_x86_64-7.3.2-20220804-6354275  User: oesteban  Machine: dna030  Platform: Linux  PlatformVersion: 5.14.0-427.37.1.el9_4.x86_64  CompilerName: GCC  CompilerVersion: 8.4.0
ProgramName: mri_normalize_tp2  ProgramArguments: mri_normalize_tp2 -all-info  ProgramVersion: 7.3.2  TimeStamp: 2026/03/09-11:46:31-GMT  BuildTime: Aug  4 2022 06:17:15  BuildStamp: freesurfer-linux-ubuntu22_x86_64-7.3.2-20220804-6354275  User: oesteban  Machine: dna030  Platform: Linux  PlatformVersion: 5.14.0-427.37.1.el9_4.x86_64  CompilerName: GCC  CompilerVersion: 8.4.0
ProgramName: mri_or  ProgramArguments: mri_or -all-info  ProgramVersion: 7.3.2  TimeStamp: 2026/03/09-11:46:31-GMT  BuildTime: Aug  4 2022 06:17:15  BuildStamp: freesurfer-linux-ubuntu22_x86_64-7.3.2-20220804-6354275  User: oesteban  Machine: dna030  Platform: Linux  PlatformVersion: 5.14.0-427.37.1.el9_4.x86_64  CompilerName: GCC  CompilerVersion: 8.4.0
ProgramName: mri_relabel_hypointensities  ProgramArguments: mri_relabel_hypointensities -all-info  ProgramVersion: 7.3.2  TimeStamp: 2026/03/09-11:46:31-GMT  BuildTime: Aug  4 2022 06:17:15  BuildStamp: freesurfer-linux-ubuntu22_x86_64-7.3.2-20220804-6354275  User: oesteban  Machine: dna030  Platform: Linux  PlatformVersion: 5.14.0-427.37.1.el9_4.x86_64  CompilerName: GCC  CompilerVersion: 8.4.0
ProgramName: mri_relabel_nonwm_hypos  ProgramArguments: mri_relabel_nonwm_hypos -all-info  ProgramVersion: 7.3.2  TimeStamp: 2026/03/09-11:46:31-GMT  BuildTime: Aug  4 2022 06:17:15  BuildStamp: freesurfer-linux-ubuntu22_x86_64-7.3.2-20220804-6354275  User: oesteban  Machine: dna030  Platform: Linux  PlatformVersion: 5.14.0-427.37.1.el9_4.x86_64  CompilerName: GCC  CompilerVersion: 8.4.0
ProgramName: mri_remove_neck  ProgramArguments: mri_remove_neck -all-info  ProgramVersion: 7.3.2  TimeStamp: 2026/03/09-11:46:31-GMT  BuildTime: Aug  4 2022 06:17:15  BuildStamp: freesurfer-linux-ubuntu22_x86_64-7.3.2-20220804-6354275  User: oesteban  Machine: dna030  Platform: Linux  PlatformVersion: 5.14.0-427.37.1.el9_4.x86_64  CompilerName: GCC  CompilerVersion: 8.4.0
7.3.2

ProgramName: mri_robust_register  ProgramArguments: mri_robust_register -all-info  ProgramVersion: 7.3.2  TimeStamp: 2026/03/09-11:46:31-GMT  BuildTime: Aug  4 2022 06:17:15  BuildStamp: freesurfer-linux-ubuntu22_x86_64-7.3.2-20220804-6354275  User: oesteban  Machine: dna030  Platform: Linux  PlatformVersion: 5.14.0-427.37.1.el9_4.x86_64  CompilerName: GCC  CompilerVersion: 8.4.0
7.3.2

ProgramName: mri_robust_template  ProgramArguments: mri_robust_template -all-info  ProgramVersion: 7.3.2  TimeStamp: 2026/03/09-11:46:31-GMT  BuildTime: Aug  4 2022 06:17:15  BuildStamp: freesurfer-linux-ubuntu22_x86_64-7.3.2-20220804-6354275  User: oesteban  Machine: dna030  Platform: Linux  PlatformVersion: 5.14.0-427.37.1.el9_4.x86_64  CompilerName: GCC  CompilerVersion: 8.4.0
ProgramName: mris_anatomical_stats  ProgramArguments: mris_anatomical_stats -all-info  ProgramVersion: 7.3.2  TimeStamp: 2026/03/09-11:46:31-GMT  BuildTime: Aug  4 2022 06:17:15  BuildStamp: freesurfer-linux-ubuntu22_x86_64-7.3.2-20220804-6354275  User: oesteban  Machine: dna030  Platform: Linux  PlatformVersion: 5.14.0-427.37.1.el9_4.x86_64  CompilerName: GCC  CompilerVersion: 8.4.0
ProgramName: mris_ca_label  ProgramArguments: mris_ca_label -all-info  ProgramVersion: 7.3.2  TimeStamp: 2026/03/09-11:46:31-GMT  BuildTime: Aug  4 2022 06:17:15  BuildStamp: freesurfer-linux-ubuntu22_x86_64-7.3.2-20220804-6354275  User: oesteban  Machine: dna030  Platform: Linux  PlatformVersion: 5.14.0-427.37.1.el9_4.x86_64  CompilerName: GCC  CompilerVersion: 8.4.0
ProgramName: mris_calc  ProgramArguments: mris_calc -all-info  ProgramVersion: 7.3.2  TimeStamp: 2026/03/09-11:46:31-GMT  BuildTime: Aug  4 2022 06:17:15  BuildStamp: freesurfer-linux-ubuntu22_x86_64-7.3.2-20220804-6354275  User: oesteban  Machine: dna030  Platform: Linux  PlatformVersion: 5.14.0-427.37.1.el9_4.x86_64  CompilerName: GCC  CompilerVersion: 8.4.0
ProgramName: mris_convert  ProgramArguments: mris_convert -all-info  ProgramVersion: 7.3.2  TimeStamp: 2026/03/09-11:46:31-GMT  BuildTime: Aug  4 2022 06:17:15  BuildStamp: freesurfer-linux-ubuntu22_x86_64-7.3.2-20220804-6354275  User: oesteban  Machine: dna030  Platform: Linux  PlatformVersion: 5.14.0-427.37.1.el9_4.x86_64  CompilerName: GCC  CompilerVersion: 8.4.0
ProgramName: mris_curvature  ProgramArguments: mris_curvature -all-info  ProgramVersion: 7.3.2  TimeStamp: 2026/03/09-11:46:31-GMT  BuildTime: Aug  4 2022 06:17:15  BuildStamp: freesurfer-linux-ubuntu22_x86_64-7.3.2-20220804-6354275  User: oesteban  Machine: dna030  Platform: Linux  PlatformVersion: 5.14.0-427.37.1.el9_4.x86_64  CompilerName: GCC  CompilerVersion: 8.4.0
ProgramName: mris_curvature_stats  ProgramArguments: mris_curvature_stats -all-info  ProgramVersion: 7.3.2  TimeStamp: 2026/03/09-11:46:31-GMT  BuildTime: Aug  4 2022 06:17:15  BuildStamp: freesurfer-linux-ubuntu22_x86_64-7.3.2-20220804-6354275  User: oesteban  Machine: dna030  Platform: Linux  PlatformVersion: 5.14.0-427.37.1.el9_4.x86_64  CompilerName: GCC  CompilerVersion: 8.4.0
ProgramName: mris_diff  ProgramArguments: mris_diff -all-info  ProgramVersion: 7.3.2  TimeStamp: 2026/03/09-11:46:31-GMT  BuildTime: Aug  4 2022 06:17:15  BuildStamp: freesurfer-linux-ubuntu22_x86_64-7.3.2-20220804-6354275  User: oesteban  Machine: dna030  Platform: Linux  PlatformVersion: 5.14.0-427.37.1.el9_4.x86_64  CompilerName: GCC  CompilerVersion: 8.4.0
ProgramName: mris_divide_parcellation  ProgramArguments: mris_divide_parcellation -all-info  ProgramVersion: 7.3.2  TimeStamp: 2026/03/09-11:46:31-GMT  BuildTime: Aug  4 2022 06:17:15  BuildStamp: freesurfer-linux-ubuntu22_x86_64-7.3.2-20220804-6354275  User: oesteban  Machine: dna030  Platform: Linux  PlatformVersion: 5.14.0-427.37.1.el9_4.x86_64  CompilerName: GCC  CompilerVersion: 8.4.0
ProgramName: mri_segment  ProgramArguments: mri_segment -all-info  ProgramVersion: 7.3.2  TimeStamp: 2026/03/09-11:46:31-GMT  BuildTime: Aug  4 2022 06:17:15  BuildStamp: freesurfer-linux-ubuntu22_x86_64-7.3.2-20220804-6354275  User: oesteban  Machine: dna030  Platform: Linux  PlatformVersion: 5.14.0-427.37.1.el9_4.x86_64  CompilerName: GCC  CompilerVersion: 8.4.0
ProgramName: mri_segstats  ProgramArguments: mri_segstats -all-info  ProgramVersion: 7.3.2  TimeStamp: 2026/03/09-11:46:31-GMT  BuildTime: Aug  4 2022 06:17:15  BuildStamp: freesurfer-linux-ubuntu22_x86_64-7.3.2-20220804-6354275  User: oesteban  Machine: dna030  Platform: Linux  PlatformVersion: 5.14.0-427.37.1.el9_4.x86_64  CompilerName: GCC  CompilerVersion: 8.4.0
ProgramName: mris_euler_number  ProgramArguments: mris_euler_number -all-info  ProgramVersion: 7.3.2  TimeStamp: 2026/03/09-11:46:31-GMT  BuildTime: Aug  4 2022 06:17:15  BuildStamp: freesurfer-linux-ubuntu22_x86_64-7.3.2-20220804-6354275  User: oesteban  Machine: dna030  Platform: Linux  PlatformVersion: 5.14.0-427.37.1.el9_4.x86_64  CompilerName: GCC  CompilerVersion: 8.4.0
ProgramName: mris_fix_topology  ProgramArguments: mris_fix_topology -all-info  ProgramVersion: 7.3.2  TimeStamp: 2026/03/09-11:46:31-GMT  BuildTime: Aug  4 2022 06:17:15  BuildStamp: freesurfer-linux-ubuntu22_x86_64-7.3.2-20220804-6354275  User: oesteban  Machine: dna030  Platform: Linux  PlatformVersion: 5.14.0-427.37.1.el9_4.x86_64  CompilerName: GCC  CompilerVersion: 8.4.0
ProgramName: mris_topo_fixer  ProgramArguments: mris_topo_fixer -all-info  ProgramVersion: 7.3.2  TimeStamp: 2026/03/09-11:46:31-GMT  BuildTime: Aug  4 2022 06:17:15  BuildStamp: freesurfer-linux-ubuntu22_x86_64-7.3.2-20220804-6354275  User: oesteban  Machine: dna030  Platform: Linux  PlatformVersion: 5.14.0-427.37.1.el9_4.x86_64  CompilerName: GCC  CompilerVersion: 8.4.0
ProgramName: mris_jacobian  ProgramArguments: mris_jacobian -all-info  ProgramVersion: 7.3.2  TimeStamp: 2026/03/09-11:46:31-GMT  BuildTime: Aug  4 2022 06:17:15  BuildStamp: freesurfer-linux-ubuntu22_x86_64-7.3.2-20220804-6354275  User: oesteban  Machine: dna030  Platform: Linux  PlatformVersion: 5.14.0-427.37.1.el9_4.x86_64  CompilerName: GCC  CompilerVersion: 8.4.0
ProgramName: mris_label2annot  ProgramArguments: mris_label2annot -all-info  ProgramVersion: 7.3.2  TimeStamp: 2026/03/09-11:46:31-GMT  BuildTime: Aug  4 2022 06:17:15  BuildStamp: freesurfer-linux-ubuntu22_x86_64-7.3.2-20220804-6354275  User: oesteban  Machine: dna030  Platform: Linux  PlatformVersion: 5.14.0-427.37.1.el9_4.x86_64  CompilerName: GCC  CompilerVersion: 8.4.0
ProgramName: mris_left_right_register  ProgramArguments: mris_left_right_register -all-info  ProgramVersion: 7.3.2  TimeStamp: 2026/03/09-11:46:31-GMT  BuildTime: Aug  4 2022 06:17:15  BuildStamp: freesurfer-linux-ubuntu22_x86_64-7.3.2-20220804-6354275  User: oesteban  Machine: dna030  Platform: Linux  PlatformVersion: 5.14.0-427.37.1.el9_4.x86_64  CompilerName: GCC  CompilerVersion: 8.4.0
ProgramName: mris_place_surface  ProgramArguments: mris_place_surface -all-info  ProgramVersion: 7.3.2  TimeStamp: 2026/03/09-11:46:31-GMT  BuildTime: Aug  4 2022 06:17:15  BuildStamp: freesurfer-linux-ubuntu22_x86_64-7.3.2-20220804-6354275  User: oesteban  Machine: dna030  Platform: Linux  PlatformVersion: 5.14.0-427.37.1.el9_4.x86_64  CompilerName: GCC  CompilerVersion: 8.4.0
ProgramName: mrisp_paint  ProgramArguments: mrisp_paint -all-info  ProgramVersion: 7.3.2  TimeStamp: 2026/03/09-11:46:31-GMT  BuildTime: Aug  4 2022 06:17:15  BuildStamp: freesurfer-linux-ubuntu22_x86_64-7.3.2-20220804-6354275  User: oesteban  Machine: dna030  Platform: Linux  PlatformVersion: 5.14.0-427.37.1.el9_4.x86_64  CompilerName: GCC  CompilerVersion: 8.4.0
ProgramName: mris_register  ProgramArguments: mris_register -all-info  ProgramVersion: 7.3.2  TimeStamp: 2026/03/09-11:46:31-GMT  BuildTime: Aug  4 2022 06:17:15  BuildStamp: freesurfer-linux-ubuntu22_x86_64-7.3.2-20220804-6354275  User: oesteban  Machine: dna030  Platform: Linux  PlatformVersion: 5.14.0-427.37.1.el9_4.x86_64  CompilerName: GCC  CompilerVersion: 8.4.0
ProgramName: mris_smooth  ProgramArguments: mris_smooth -all-info  ProgramVersion: 7.3.2  TimeStamp: 2026/03/09-11:46:31-GMT  BuildTime: Aug  4 2022 06:17:15  BuildStamp: freesurfer-linux-ubuntu22_x86_64-7.3.2-20220804-6354275  User: oesteban  Machine: dna030  Platform: Linux  PlatformVersion: 5.14.0-427.37.1.el9_4.x86_64  CompilerName: GCC  CompilerVersion: 8.4.0
ProgramName: mris_sphere  ProgramArguments: mris_sphere -all-info  ProgramVersion: 7.3.2  TimeStamp: 2026/03/09-11:46:31-GMT  BuildTime: Aug  4 2022 06:17:15  BuildStamp: freesurfer-linux-ubuntu22_x86_64-7.3.2-20220804-6354275  User: oesteban  Machine: dna030  Platform: Linux  PlatformVersion: 5.14.0-427.37.1.el9_4.x86_64  CompilerName: GCC  CompilerVersion: 8.4.0
ProgramName: mris_surface_stats  ProgramArguments: mris_surface_stats -all-info  ProgramVersion: 7.3.2  TimeStamp: 2026/03/09-11:46:31-GMT  BuildTime: Aug  4 2022 06:17:15  BuildStamp: freesurfer-linux-ubuntu22_x86_64-7.3.2-20220804-6354275  User: oesteban  Machine: dna030  Platform: Linux  PlatformVersion: 5.14.0-427.37.1.el9_4.x86_64  CompilerName: GCC  CompilerVersion: 8.4.0
ProgramName: mri_stats2seg  ProgramArguments: mri_stats2seg -all-info  ProgramVersion: 7.3.2  TimeStamp: 2026/03/09-11:46:31-GMT  BuildTime: Aug  4 2022 06:17:15  BuildStamp: freesurfer-linux-ubuntu22_x86_64-7.3.2-20220804-6354275  User: oesteban  Machine: dna030  Platform: Linux  PlatformVersion: 5.14.0-427.37.1.el9_4.x86_64  CompilerName: GCC  CompilerVersion: 8.4.0
ProgramName: mris_thickness  ProgramArguments: mris_thickness -all-info  ProgramVersion: 7.3.2  TimeStamp: 2026/03/09-11:46:31-GMT  BuildTime: Aug  4 2022 06:17:15  BuildStamp: freesurfer-linux-ubuntu22_x86_64-7.3.2-20220804-6354275  User: oesteban  Machine: dna030  Platform: Linux  PlatformVersion: 5.14.0-427.37.1.el9_4.x86_64  CompilerName: GCC  CompilerVersion: 8.4.0
ProgramName: mris_thickness_diff  ProgramArguments: mris_thickness_diff -all-info  ProgramVersion: 7.3.2  TimeStamp: 2026/03/09-11:46:31-GMT  BuildTime: Aug  4 2022 06:17:15  BuildStamp: freesurfer-linux-ubuntu22_x86_64-7.3.2-20220804-6354275  User: oesteban  Machine: dna030  Platform: Linux  PlatformVersion: 5.14.0-427.37.1.el9_4.x86_64  CompilerName: GCC  CompilerVersion: 8.4.0
ProgramName: mris_topo_fixer  ProgramArguments: mris_topo_fixer -all-info  ProgramVersion: 7.3.2  TimeStamp: 2026/03/09-11:46:31-GMT  BuildTime: Aug  4 2022 06:17:15  BuildStamp: freesurfer-linux-ubuntu22_x86_64-7.3.2-20220804-6354275  User: oesteban  Machine: dna030  Platform: Linux  PlatformVersion: 5.14.0-427.37.1.el9_4.x86_64  CompilerName: GCC  CompilerVersion: 8.4.0
ProgramName: mri_surf2surf  ProgramArguments: mri_surf2surf -all-info  ProgramVersion: 7.3.2  TimeStamp: 2026/03/09-11:46:31-GMT  BuildTime: Aug  4 2022 06:17:15  BuildStamp: freesurfer-linux-ubuntu22_x86_64-7.3.2-20220804-6354275  User: oesteban  Machine: dna030  Platform: Linux  PlatformVersion: 5.14.0-427.37.1.el9_4.x86_64  CompilerName: GCC  CompilerVersion: 8.4.0
ProgramName: mri_surf2vol  ProgramArguments: mri_surf2vol -all-info  ProgramVersion: 7.3.2  TimeStamp: 2026/03/09-11:46:31-GMT  BuildTime: Aug  4 2022 06:17:15  BuildStamp: freesurfer-linux-ubuntu22_x86_64-7.3.2-20220804-6354275  User: oesteban  Machine: dna030  Platform: Linux  PlatformVersion: 5.14.0-427.37.1.el9_4.x86_64  CompilerName: GCC  CompilerVersion: 8.4.0
ProgramName: mri_surfcluster  ProgramArguments: mri_surfcluster -all-info  ProgramVersion: 7.3.2  TimeStamp: 2026/03/09-11:46:31-GMT  BuildTime: Aug  4 2022 06:17:15  BuildStamp: freesurfer-linux-ubuntu22_x86_64-7.3.2-20220804-6354275  User: oesteban  Machine: dna030  Platform: Linux  PlatformVersion: 5.14.0-427.37.1.el9_4.x86_64  CompilerName: GCC  CompilerVersion: 8.4.0
ProgramName: mris_volmask  ProgramArguments: mris_volmask -all-info  ProgramVersion: 7.3.2  TimeStamp: 2026/03/09-11:46:31-GMT  BuildTime: Aug  4 2022 06:17:15  BuildStamp: freesurfer-linux-ubuntu22_x86_64-7.3.2-20220804-6354275  User: oesteban  Machine: dna030  Platform: Linux  PlatformVersion: 5.14.0-427.37.1.el9_4.x86_64  CompilerName: GCC  CompilerVersion: 8.4.0
ProgramName: mri_tessellate  ProgramArguments: mri_tessellate -all-info  ProgramVersion: 7.3.2  TimeStamp: 2026/03/09-11:46:31-GMT  BuildTime: Aug  4 2022 06:17:15  BuildStamp: freesurfer-linux-ubuntu22_x86_64-7.3.2-20220804-6354275  User: oesteban  Machine: dna030  Platform: Linux  PlatformVersion: 5.14.0-427.37.1.el9_4.x86_64  CompilerName: GCC  CompilerVersion: 8.4.0
ProgramName: mri_vol2surf  ProgramArguments: mri_vol2surf -all-info  ProgramVersion: 7.3.2  TimeStamp: 2026/03/09-11:46:31-GMT  BuildTime: Aug  4 2022 06:17:15  BuildStamp: freesurfer-linux-ubuntu22_x86_64-7.3.2-20220804-6354275  User: oesteban  Machine: dna030  Platform: Linux  PlatformVersion: 5.14.0-427.37.1.el9_4.x86_64  CompilerName: GCC  CompilerVersion: 8.4.0
ProgramName: mri_vol2vol  ProgramArguments: mri_vol2vol -all-info  ProgramVersion: 7.3.2  TimeStamp: 2026/03/09-11:46:31-GMT  BuildTime: Aug  4 2022 06:17:15  BuildStamp: freesurfer-linux-ubuntu22_x86_64-7.3.2-20220804-6354275  User: oesteban  Machine: dna030  Platform: Linux  PlatformVersion: 5.14.0-427.37.1.el9_4.x86_64  CompilerName: GCC  CompilerVersion: 8.4.0
ProgramName: mri_voldiff  ProgramArguments: mri_voldiff -all-info  ProgramVersion: 7.3.2  TimeStamp: 2026/03/09-11:46:31-GMT  BuildTime: Aug  4 2022 06:17:15  BuildStamp: freesurfer-linux-ubuntu22_x86_64-7.3.2-20220804-6354275  User: oesteban  Machine: dna030  Platform: Linux  PlatformVersion: 5.14.0-427.37.1.el9_4.x86_64  CompilerName: GCC  CompilerVersion: 8.4.0
ProgramName: mri_watershed  ProgramArguments: mri_watershed -all-info  ProgramVersion: 7.3.2  TimeStamp: 2026/03/09-11:46:31-GMT  BuildTime: Aug  4 2022 06:17:15  BuildStamp: freesurfer-linux-ubuntu22_x86_64-7.3.2-20220804-6354275  User: oesteban  Machine: dna030  Platform: Linux  PlatformVersion: 5.14.0-427.37.1.el9_4.x86_64  CompilerName: GCC  CompilerVersion: 8.4.0
ProgramName: tkregister2  ProgramArguments: tkregister2_cmdl -all-info  ProgramVersion: 7.3.2  TimeStamp: 2026/03/09-11:46:31-GMT  BuildTime: Aug  4 2022 06:17:15  BuildStamp: freesurfer-linux-ubuntu22_x86_64-7.3.2-20220804-6354275  User: oesteban  Machine: dna030  Platform: Linux  PlatformVersion: 5.14.0-427.37.1.el9_4.x86_64  CompilerName: GCC  CompilerVersion: 8.4.0
mri_motion_correct.fsl 7.3.2
mri_convert -all-info 
ProgramName: mri_convert  ProgramArguments: mri_convert -all-info  ProgramVersion: 7.3.2  TimeStamp: 2026/03/09-11:46:31-GMT  BuildTime: Aug  4 2022 06:17:15  BuildStamp: freesurfer-linux-ubuntu22_x86_64-7.3.2-20220804-6354275  User: oesteban  Machine: dna030  Platform: Linux  PlatformVersion: 5.14.0-427.37.1.el9_4.x86_64  CompilerName: GCC  CompilerVersion: 8.4.0
Program nu_correct, built from:
Package MNI N3, version 1.12.0, compiled by nicks@terrier (x86_64-unknown-linux-gnu) on 2015-06-19 at 01:25:34
#######################################
GCADIR /opt/freesurfer/average
GCA RB_all_2020-01-02.gca
GCASkull RB_all_withskull_2020_01_02.gca
AvgCurvTif folding.atlas.acfb40.noaparc.i12.2016-08-02.tif
GCSDIR /opt/freesurfer/average
GCS DKaparc.atlas.acfb40.noaparc.i12.2016-08-02.gcs
#######################################
#@# white curv lh Mon Mar  9 12:46:31 CET 2026
cd /out/sourcedata/freesurfer/sub-v1s21x0050407_ses-1/mri
mris_place_surface --curv-map ../surf/lh.white 2 10 ../surf/lh.curv
   Update not needed
#@# white area lh Mon Mar  9 12:46:31 CET 2026
cd /out/sourcedata/freesurfer/sub-v1s21x0050407_ses-1/mri
mris_place_surface --area-map ../surf/lh.white ../surf/lh.area
   Update not needed
#@# pial curv lh Mon Mar  9 12:46:31 CET 2026
cd /out/sourcedata/freesurfer/sub-v1s21x0050407_ses-1/mri
mris_place_surface --curv-map ../surf/lh.pial 2 10 ../surf/lh.curv.pial
   Update not needed
#@# pial area lh Mon Mar  9 12:46:31 CET 2026
cd /out/sourcedata/freesurfer/sub-v1s21x0050407_ses-1/mri
mris_place_surface --area-map ../surf/lh.pial ../surf/lh.area.pial
   Update not needed
#@# thickness lh Mon Mar  9 12:46:31 CET 2026
cd /out/sourcedata/freesurfer/sub-v1s21x0050407_ses-1/mri
mris_place_surface --thickness ../surf/lh.white ../surf/lh.pial 20 5 ../surf/lh.thickness
   Update not needed
#@# area and vertex vol lh Mon Mar  9 12:46:31 CET 2026
cd /out/sourcedata/freesurfer/sub-v1s21x0050407_ses-1/mri
mris_place_surface --thickness ../surf/lh.white ../surf/lh.pial 20 5 ../surf/lh.thickness
   Update not needed
#@# white curv rh Mon Mar  9 12:46:31 CET 2026
cd /out/sourcedata/freesurfer/sub-v1s21x0050407_ses-1/mri
mris_place_surface --curv-map ../surf/rh.white 2 10 ../surf/rh.curv
   Update not needed
#@# white area rh Mon Mar  9 12:46:31 CET 2026
cd /out/sourcedata/freesurfer/sub-v1s21x0050407_ses-1/mri
mris_place_surface --area-map ../surf/rh.white ../surf/rh.area
   Update not needed
#@# pial curv rh Mon Mar  9 12:46:31 CET 2026
cd /out/sourcedata/freesurfer/sub-v1s21x0050407_ses-1/mri
mris_place_surface --curv-map ../surf/rh.pial 2 10 ../surf/rh.curv.pial
   Update not needed
#@# pial area rh Mon Mar  9 12:46:31 CET 2026
cd /out/sourcedata/freesurfer/sub-v1s21x0050407_ses-1/mri
mris_place_surface --area-map ../surf/rh.pial ../surf/rh.area.pial
   Update not needed
#@# thickness rh Mon Mar  9 12:46:31 CET 2026
cd /out/sourcedata/freesurfer/sub-v1s21x0050407_ses-1/mri
mris_place_surface --thickness ../surf/rh.white ../surf/rh.pial 20 5 ../surf/rh.thickness
   Update not needed
#@# area and vertex vol rh Mon Mar  9 12:46:31 CET 2026
cd /out/sourcedata/freesurfer/sub-v1s21x0050407_ses-1/mri
mris_place_surface --thickness ../surf/rh.white ../surf/rh.pial 20 5 ../surf/rh.thickness
   Update not needed
#--------------------------------------------
#@# Cortical ribbon mask Mon Mar  9 12:46:31 CET 2026
/out/sourcedata/freesurfer/sub-v1s21x0050407_ses-1/mri

 mris_volmask --aseg_name aseg.presurf --label_left_white 2 --label_left_ribbon 3 --label_right_white 41 --label_right_ribbon 42 --save_ribbon sub-v1s21x0050407_ses-1 

SUBJECTS_DIR is /out/sourcedata/freesurfer
loading input data...
Running hemis serially
Processing left hemi
computing distance to left white surface 
computing distance to left pial surface 
Processing right hemi
computing distance to right white surface 
computing distance to right pial surface 
 hemi masks overlap voxels = 1034
writing volume /out/sourcedata/freesurfer/sub-v1s21x0050407_ses-1/mri/ribbon.mgz
mris_volmask took 3.96 minutes
 writing ribbon files

Started at Mon Mar 9 12:46:31 CET 2026 
Ended   at Mon Mar 9 12:50:29 CET 2026
#@#%# recon-all-run-time-hours 0.066
recon-all -s sub-v1s21x0050407_ses-1 finished without error at Mon Mar  9 12:50:29 CET 2026



#New# invocation of recon-all 




Mon Mar  9 12:56:05 CET 2026
cd /out/sourcedata/freesurfer/sub-v1s21x0050407_ses-1
setenv SUBJECTS_DIR /out/sourcedata/freesurfer
/opt/freesurfer/bin/recon-all -autorecon3 -openmp 16 -subjid sub-v1s21x0050407_ses-1 -sd /out/sourcedata/freesurfer -nosphere -nosurfreg -nojacobian_white -noavgcurv -nocortparc -nopial -noparcstats -nocortparc2 -noparcstats2 -nocortparc3 -noparcstats3 -nopctsurfcon -nocortribbon -nobalabels

subjid sub-v1s21x0050407_ses-1
setenv SUBJECTS_DIR /out/sourcedata/freesurfer
FREESURFER_HOME /opt/freesurfer
Actual FREESURFER_HOME /opt/freesurfer
build-stamp.txt: freesurfer-linux-ubuntu22_x86_64-7.3.2-20220804-6354275
Linux dna030 5.14.0-427.37.1.el9_4.x86_64 #1 SMP PREEMPT_DYNAMIC Fri Sep 13 12:41:50 EDT 2024 x86_64 x86_64 x86_64 GNU/Linux
cputime      unlimited
filesize     unlimited
datasize     unlimited
stacksize    8192 kbytes
coredumpsize 0 kbytes
memoryuse    67108864 kbytes
vmemoryuse   unlimited
descriptors  1024 
memorylocked unlimited
maxproc      2061970 
maxlocks     unlimited
maxsignal    2061970 
maxmessage   819200 
maxnice      0 
maxrtprio    0 
maxrttime    unlimited

               total        used        free      shared  buff/cache   available
Mem:           503Gi        45Gi       360Gi       7.4Gi        97Gi       447Gi
Swap:             0B          0B          0B

########################################
program versions used
7.3.2 (freesurfer-linux-ubuntu22_x86_64-7.3.2-20220804-6354275)
7.3.2

ProgramName: lta_convert  ProgramArguments: lta_convert -all-info  ProgramVersion: 7.3.2  TimeStamp: 2026/03/09-11:56:05-GMT  BuildTime: Aug  4 2022 06:17:15  BuildStamp: freesurfer-linux-ubuntu22_x86_64-7.3.2-20220804-6354275  User: oesteban  Machine: dna030  Platform: Linux  PlatformVersion: 5.14.0-427.37.1.el9_4.x86_64  CompilerName: GCC  CompilerVersion: 8.4.0
ProgramName: mri_and  ProgramArguments: mri_and -all-info  ProgramVersion: 7.3.2  TimeStamp: 2026/03/09-11:56:05-GMT  BuildTime: Aug  4 2022 06:17:15  BuildStamp: freesurfer-linux-ubuntu22_x86_64-7.3.2-20220804-6354275  User: oesteban  Machine: dna030  Platform: Linux  PlatformVersion: 5.14.0-427.37.1.el9_4.x86_64  CompilerName: GCC  CompilerVersion: 8.4.0
ProgramName: mri_annotation2label  ProgramArguments: mri_annotation2label -all-info  ProgramVersion: 7.3.2  TimeStamp: 2026/03/09-11:56:05-GMT  BuildTime: Aug  4 2022 06:17:15  BuildStamp: freesurfer-linux-ubuntu22_x86_64-7.3.2-20220804-6354275  User: oesteban  Machine: dna030  Platform: Linux  PlatformVersion: 5.14.0-427.37.1.el9_4.x86_64  CompilerName: GCC  CompilerVersion: 8.4.0
ProgramName: mri_aparc2aseg  ProgramArguments: mri_aparc2aseg -all-info  ProgramVersion: 7.3.2  TimeStamp: 2026/03/09-11:56:05-GMT  BuildTime: Aug  4 2022 06:17:15  BuildStamp: freesurfer-linux-ubuntu22_x86_64-7.3.2-20220804-6354275  User: oesteban  Machine: dna030  Platform: Linux  PlatformVersion: 5.14.0-427.37.1.el9_4.x86_64  CompilerName: GCC  CompilerVersion: 8.4.0
ProgramName: mri_surf2volseg  ProgramArguments: mri_surf2volseg -all-info  ProgramVersion: 7.3.2  TimeStamp: 2026/03/09-11:56:05-GMT  BuildTime: Aug  4 2022 06:17:15  BuildStamp: freesurfer-linux-ubuntu22_x86_64-7.3.2-20220804-6354275  User: oesteban  Machine: dna030  Platform: Linux  PlatformVersion: 5.14.0-427.37.1.el9_4.x86_64  CompilerName: GCC  CompilerVersion: 8.4.0
ProgramName: mri_binarize  ProgramArguments: mri_binarize -all-info  ProgramVersion: 7.3.2  TimeStamp: 2026/03/09-11:56:05-GMT  BuildTime: Aug  4 2022 06:17:15  BuildStamp: freesurfer-linux-ubuntu22_x86_64-7.3.2-20220804-6354275  User: oesteban  Machine: dna030  Platform: Linux  PlatformVersion: 5.14.0-427.37.1.el9_4.x86_64  CompilerName: GCC  CompilerVersion: 8.4.0
ProgramName: mri_ca_label  ProgramArguments: mri_ca_label -all-info  ProgramVersion: 7.3.2  TimeStamp: 2026/03/09-11:56:05-GMT  BuildTime: Aug  4 2022 06:17:15  BuildStamp: freesurfer-linux-ubuntu22_x86_64-7.3.2-20220804-6354275  User: oesteban  Machine: dna030  Platform: Linux  PlatformVersion: 5.14.0-427.37.1.el9_4.x86_64  CompilerName: GCC  CompilerVersion: 8.4.0
ProgramName: mri_ca_normalize  ProgramArguments: mri_ca_normalize -all-info  ProgramVersion: 7.3.2  TimeStamp: 2026/03/09-11:56:05-GMT  BuildTime: Aug  4 2022 06:17:15  BuildStamp: freesurfer-linux-ubuntu22_x86_64-7.3.2-20220804-6354275  User: oesteban  Machine: dna030  Platform: Linux  PlatformVersion: 5.14.0-427.37.1.el9_4.x86_64  CompilerName: GCC  CompilerVersion: 8.4.0
ProgramName: mri_ca_register  ProgramArguments: mri_ca_register -all-info  ProgramVersion: 7.3.2  TimeStamp: 2026/03/09-11:56:05-GMT  BuildTime: Aug  4 2022 06:17:15  BuildStamp: freesurfer-linux-ubuntu22_x86_64-7.3.2-20220804-6354275  User: oesteban  Machine: dna030  Platform: Linux  PlatformVersion: 5.14.0-427.37.1.el9_4.x86_64  CompilerName: GCC  CompilerVersion: 8.4.0
ProgramName: mri_cc  ProgramArguments: mri_cc -all-info  ProgramVersion: 7.3.2  TimeStamp: 2026/03/09-11:56:05-GMT  BuildTime: Aug  4 2022 06:17:15  BuildStamp: freesurfer-linux-ubuntu22_x86_64-7.3.2-20220804-6354275  User: oesteban  Machine: dna030  Platform: Linux  PlatformVersion: 5.14.0-427.37.1.el9_4.x86_64  CompilerName: GCC  CompilerVersion: 8.4.0
ProgramName: mri_compute_overlap  ProgramArguments: mri_compute_overlap -all-info  ProgramVersion: 7.3.2  TimeStamp: 2026/03/09-11:56:05-GMT  BuildTime: Aug  4 2022 06:17:15  BuildStamp: freesurfer-linux-ubuntu22_x86_64-7.3.2-20220804-6354275  User: oesteban  Machine: dna030  Platform: Linux  PlatformVersion: 5.14.0-427.37.1.el9_4.x86_64  CompilerName: GCC  CompilerVersion: 8.4.0
ProgramName: mri_compute_seg_overlap  ProgramArguments: mri_compute_seg_overlap -all-info  ProgramVersion: 7.3.2  TimeStamp: 2026/03/09-11:56:05-GMT  BuildTime: Aug  4 2022 06:17:15  BuildStamp: freesurfer-linux-ubuntu22_x86_64-7.3.2-20220804-6354275  User: oesteban  Machine: dna030  Platform: Linux  PlatformVersion: 5.14.0-427.37.1.el9_4.x86_64  CompilerName: GCC  CompilerVersion: 8.4.0
ProgramName: mri_concat  ProgramArguments: mri_concat -all-info  ProgramVersion: 7.3.2  TimeStamp: 2026/03/09-11:56:05-GMT  BuildTime: Aug  4 2022 06:17:15  BuildStamp: freesurfer-linux-ubuntu22_x86_64-7.3.2-20220804-6354275  User: oesteban  Machine: dna030  Platform: Linux  PlatformVersion: 5.14.0-427.37.1.el9_4.x86_64  CompilerName: GCC  CompilerVersion: 8.4.0
ProgramName: mri_concatenate_lta  ProgramArguments: mri_concatenate_lta -all-info  ProgramVersion: 7.3.2  TimeStamp: 2026/03/09-11:56:05-GMT  BuildTime: Aug  4 2022 06:17:15  BuildStamp: freesurfer-linux-ubuntu22_x86_64-7.3.2-20220804-6354275  User: oesteban  Machine: dna030  Platform: Linux  PlatformVersion: 5.14.0-427.37.1.el9_4.x86_64  CompilerName: GCC  CompilerVersion: 8.4.0
mri_convert -all-info 
ProgramName: mri_convert  ProgramArguments: mri_convert -all-info  ProgramVersion: 7.3.2  TimeStamp: 2026/03/09-11:56:05-GMT  BuildTime: Aug  4 2022 06:17:15  BuildStamp: freesurfer-linux-ubuntu22_x86_64-7.3.2-20220804-6354275  User: oesteban  Machine: dna030  Platform: Linux  PlatformVersion: 5.14.0-427.37.1.el9_4.x86_64  CompilerName: GCC  CompilerVersion: 8.4.0
ProgramName: mri_diff  ProgramArguments: mri_diff -all-info  ProgramVersion: 7.3.2  TimeStamp: 2026/03/09-11:56:05-GMT  BuildTime: Aug  4 2022 06:17:15  BuildStamp: freesurfer-linux-ubuntu22_x86_64-7.3.2-20220804-6354275  User: oesteban  Machine: dna030  Platform: Linux  PlatformVersion: 5.14.0-427.37.1.el9_4.x86_64  CompilerName: GCC  CompilerVersion: 8.4.0
ProgramName: mri_edit_wm_with_aseg  ProgramArguments: mri_edit_wm_with_aseg -all-info  ProgramVersion: 7.3.2  TimeStamp: 2026/03/09-11:56:05-GMT  BuildTime: Aug  4 2022 06:17:15  BuildStamp: freesurfer-linux-ubuntu22_x86_64-7.3.2-20220804-6354275  User: oesteban  Machine: dna030  Platform: Linux  PlatformVersion: 5.14.0-427.37.1.el9_4.x86_64  CompilerName: GCC  CompilerVersion: 8.4.0
ProgramName: mri_em_register  ProgramArguments: mri_em_register -all-info  ProgramVersion: 7.3.2  TimeStamp: 2026/03/09-11:56:05-GMT  BuildTime: Aug  4 2022 06:17:15  BuildStamp: freesurfer-linux-ubuntu22_x86_64-7.3.2-20220804-6354275  User: oesteban  Machine: dna030  Platform: Linux  PlatformVersion: 5.14.0-427.37.1.el9_4.x86_64  CompilerName: GCC  CompilerVersion: 8.4.0
ProgramName: mri_fill  ProgramArguments: mri_fill -all-info  ProgramVersion: 7.3.2  TimeStamp: 2026/03/09-11:56:05-GMT  BuildTime: Aug  4 2022 06:17:15  BuildStamp: freesurfer-linux-ubuntu22_x86_64-7.3.2-20220804-6354275  User: oesteban  Machine: dna030  Platform: Linux  PlatformVersion: 5.14.0-427.37.1.el9_4.x86_64  CompilerName: GCC  CompilerVersion: 8.4.0
ProgramName: mri_fuse_segmentations  ProgramArguments: mri_fuse_segmentations -all-info  ProgramVersion: 7.3.2  TimeStamp: 2026/03/09-11:56:05-GMT  BuildTime: Aug  4 2022 06:17:15  BuildStamp: freesurfer-linux-ubuntu22_x86_64-7.3.2-20220804-6354275  User: oesteban  Machine: dna030  Platform: Linux  PlatformVersion: 5.14.0-427.37.1.el9_4.x86_64  CompilerName: GCC  CompilerVersion: 8.4.0
ProgramName: mri_fwhm  ProgramArguments: mri_fwhm -all-info  ProgramVersion: 7.3.2  TimeStamp: 2026/03/09-11:56:05-GMT  BuildTime: Aug  4 2022 06:17:15  BuildStamp: freesurfer-linux-ubuntu22_x86_64-7.3.2-20220804-6354275  User: oesteban  Machine: dna030  Platform: Linux  PlatformVersion: 5.14.0-427.37.1.el9_4.x86_64  CompilerName: GCC  CompilerVersion: 8.4.0
ProgramName: mri_gcut  ProgramArguments: mri_gcut -all-info  ProgramVersion: 7.3.2  TimeStamp: 2026/03/09-11:56:05-GMT  BuildTime: Aug  4 2022 06:17:15  BuildStamp: freesurfer-linux-ubuntu22_x86_64-7.3.2-20220804-6354275  User: oesteban  Machine: dna030  Platform: Linux  PlatformVersion: 5.14.0-427.37.1.el9_4.x86_64  CompilerName: GCC  CompilerVersion: 8.4.0
ProgramName: mri_info  ProgramArguments: mri_info -all-info  ProgramVersion: 7.3.2  TimeStamp: 2026/03/09-11:56:05-GMT  BuildTime: Aug  4 2022 06:17:15  BuildStamp: freesurfer-linux-ubuntu22_x86_64-7.3.2-20220804-6354275  User: oesteban  Machine: dna030  Platform: Linux  PlatformVersion: 5.14.0-427.37.1.el9_4.x86_64  CompilerName: GCC  CompilerVersion: 8.4.0
ProgramName: mri_label2label  ProgramArguments: mri_label2label -all-info  ProgramVersion: 7.3.2  TimeStamp: 2026/03/09-11:56:05-GMT  BuildTime: Aug  4 2022 06:17:15  BuildStamp: freesurfer-linux-ubuntu22_x86_64-7.3.2-20220804-6354275  User: oesteban  Machine: dna030  Platform: Linux  PlatformVersion: 5.14.0-427.37.1.el9_4.x86_64  CompilerName: GCC  CompilerVersion: 8.4.0
ProgramName: mri_label2vol  ProgramArguments: mri_label2vol -all-info  ProgramVersion: 7.3.2  TimeStamp: 2026/03/09-11:56:05-GMT  BuildTime: Aug  4 2022 06:17:15  BuildStamp: freesurfer-linux-ubuntu22_x86_64-7.3.2-20220804-6354275  User: oesteban  Machine: dna030  Platform: Linux  PlatformVersion: 5.14.0-427.37.1.el9_4.x86_64  CompilerName: GCC  CompilerVersion: 8.4.0
ProgramName: mri_log_likelihood  ProgramArguments: mri_log_likelihood -all-info  ProgramVersion: 7.3.2  TimeStamp: 2026/03/09-11:56:05-GMT  BuildTime: Aug  4 2022 06:17:15  BuildStamp: freesurfer-linux-ubuntu22_x86_64-7.3.2-20220804-6354275  User: oesteban  Machine: dna030  Platform: Linux  PlatformVersion: 5.14.0-427.37.1.el9_4.x86_64  CompilerName: GCC  CompilerVersion: 8.4.0
ProgramName: mri_mask  ProgramArguments: mri_mask -all-info  ProgramVersion: 7.3.2  TimeStamp: 2026/03/09-11:56:05-GMT  BuildTime: Aug  4 2022 06:17:15  BuildStamp: freesurfer-linux-ubuntu22_x86_64-7.3.2-20220804-6354275  User: oesteban  Machine: dna030  Platform: Linux  PlatformVersion: 5.14.0-427.37.1.el9_4.x86_64  CompilerName: GCC  CompilerVersion: 8.4.0
ProgramName: mri_matrix_multiply  ProgramArguments: mri_matrix_multiply -all-info  ProgramVersion: 7.3.2  TimeStamp: 2026/03/09-11:56:05-GMT  BuildTime: Aug  4 2022 06:17:15  BuildStamp: freesurfer-linux-ubuntu22_x86_64-7.3.2-20220804-6354275  User: oesteban  Machine: dna030  Platform: Linux  PlatformVersion: 5.14.0-427.37.1.el9_4.x86_64  CompilerName: GCC  CompilerVersion: 8.4.0
ProgramName: mri_normalize  ProgramArguments: mri_normalize -all-info  ProgramVersion: 7.3.2  TimeStamp: 2026/03/09-11:56:05-GMT  BuildTime: Aug  4 2022 06:17:15  BuildStamp: freesurfer-linux-ubuntu22_x86_64-7.3.2-20220804-6354275  User: oesteban  Machine: dna030  Platform: Linux  PlatformVersion: 5.14.0-427.37.1.el9_4.x86_64  CompilerName: GCC  CompilerVersion: 8.4.0
ProgramName: mri_normalize_tp2  ProgramArguments: mri_normalize_tp2 -all-info  ProgramVersion: 7.3.2  TimeStamp: 2026/03/09-11:56:05-GMT  BuildTime: Aug  4 2022 06:17:15  BuildStamp: freesurfer-linux-ubuntu22_x86_64-7.3.2-20220804-6354275  User: oesteban  Machine: dna030  Platform: Linux  PlatformVersion: 5.14.0-427.37.1.el9_4.x86_64  CompilerName: GCC  CompilerVersion: 8.4.0
ProgramName: mri_or  ProgramArguments: mri_or -all-info  ProgramVersion: 7.3.2  TimeStamp: 2026/03/09-11:56:05-GMT  BuildTime: Aug  4 2022 06:17:15  BuildStamp: freesurfer-linux-ubuntu22_x86_64-7.3.2-20220804-6354275  User: oesteban  Machine: dna030  Platform: Linux  PlatformVersion: 5.14.0-427.37.1.el9_4.x86_64  CompilerName: GCC  CompilerVersion: 8.4.0
ProgramName: mri_relabel_hypointensities  ProgramArguments: mri_relabel_hypointensities -all-info  ProgramVersion: 7.3.2  TimeStamp: 2026/03/09-11:56:05-GMT  BuildTime: Aug  4 2022 06:17:15  BuildStamp: freesurfer-linux-ubuntu22_x86_64-7.3.2-20220804-6354275  User: oesteban  Machine: dna030  Platform: Linux  PlatformVersion: 5.14.0-427.37.1.el9_4.x86_64  CompilerName: GCC  CompilerVersion: 8.4.0
ProgramName: mri_relabel_nonwm_hypos  ProgramArguments: mri_relabel_nonwm_hypos -all-info  ProgramVersion: 7.3.2  TimeStamp: 2026/03/09-11:56:05-GMT  BuildTime: Aug  4 2022 06:17:15  BuildStamp: freesurfer-linux-ubuntu22_x86_64-7.3.2-20220804-6354275  User: oesteban  Machine: dna030  Platform: Linux  PlatformVersion: 5.14.0-427.37.1.el9_4.x86_64  CompilerName: GCC  CompilerVersion: 8.4.0
ProgramName: mri_remove_neck  ProgramArguments: mri_remove_neck -all-info  ProgramVersion: 7.3.2  TimeStamp: 2026/03/09-11:56:05-GMT  BuildTime: Aug  4 2022 06:17:15  BuildStamp: freesurfer-linux-ubuntu22_x86_64-7.3.2-20220804-6354275  User: oesteban  Machine: dna030  Platform: Linux  PlatformVersion: 5.14.0-427.37.1.el9_4.x86_64  CompilerName: GCC  CompilerVersion: 8.4.0
7.3.2

ProgramName: mri_robust_register  ProgramArguments: mri_robust_register -all-info  ProgramVersion: 7.3.2  TimeStamp: 2026/03/09-11:56:05-GMT  BuildTime: Aug  4 2022 06:17:15  BuildStamp: freesurfer-linux-ubuntu22_x86_64-7.3.2-20220804-6354275  User: oesteban  Machine: dna030  Platform: Linux  PlatformVersion: 5.14.0-427.37.1.el9_4.x86_64  CompilerName: GCC  CompilerVersion: 8.4.0
7.3.2

ProgramName: mri_robust_template  ProgramArguments: mri_robust_template -all-info  ProgramVersion: 7.3.2  TimeStamp: 2026/03/09-11:56:05-GMT  BuildTime: Aug  4 2022 06:17:15  BuildStamp: freesurfer-linux-ubuntu22_x86_64-7.3.2-20220804-6354275  User: oesteban  Machine: dna030  Platform: Linux  PlatformVersion: 5.14.0-427.37.1.el9_4.x86_64  CompilerName: GCC  CompilerVersion: 8.4.0
ProgramName: mris_anatomical_stats  ProgramArguments: mris_anatomical_stats -all-info  ProgramVersion: 7.3.2  TimeStamp: 2026/03/09-11:56:05-GMT  BuildTime: Aug  4 2022 06:17:15  BuildStamp: freesurfer-linux-ubuntu22_x86_64-7.3.2-20220804-6354275  User: oesteban  Machine: dna030  Platform: Linux  PlatformVersion: 5.14.0-427.37.1.el9_4.x86_64  CompilerName: GCC  CompilerVersion: 8.4.0
ProgramName: mris_ca_label  ProgramArguments: mris_ca_label -all-info  ProgramVersion: 7.3.2  TimeStamp: 2026/03/09-11:56:05-GMT  BuildTime: Aug  4 2022 06:17:15  BuildStamp: freesurfer-linux-ubuntu22_x86_64-7.3.2-20220804-6354275  User: oesteban  Machine: dna030  Platform: Linux  PlatformVersion: 5.14.0-427.37.1.el9_4.x86_64  CompilerName: GCC  CompilerVersion: 8.4.0
ProgramName: mris_calc  ProgramArguments: mris_calc -all-info  ProgramVersion: 7.3.2  TimeStamp: 2026/03/09-11:56:05-GMT  BuildTime: Aug  4 2022 06:17:15  BuildStamp: freesurfer-linux-ubuntu22_x86_64-7.3.2-20220804-6354275  User: oesteban  Machine: dna030  Platform: Linux  PlatformVersion: 5.14.0-427.37.1.el9_4.x86_64  CompilerName: GCC  CompilerVersion: 8.4.0
ProgramName: mris_convert  ProgramArguments: mris_convert -all-info  ProgramVersion: 7.3.2  TimeStamp: 2026/03/09-11:56:05-GMT  BuildTime: Aug  4 2022 06:17:15  BuildStamp: freesurfer-linux-ubuntu22_x86_64-7.3.2-20220804-6354275  User: oesteban  Machine: dna030  Platform: Linux  PlatformVersion: 5.14.0-427.37.1.el9_4.x86_64  CompilerName: GCC  CompilerVersion: 8.4.0
ProgramName: mris_curvature  ProgramArguments: mris_curvature -all-info  ProgramVersion: 7.3.2  TimeStamp: 2026/03/09-11:56:05-GMT  BuildTime: Aug  4 2022 06:17:15  BuildStamp: freesurfer-linux-ubuntu22_x86_64-7.3.2-20220804-6354275  User: oesteban  Machine: dna030  Platform: Linux  PlatformVersion: 5.14.0-427.37.1.el9_4.x86_64  CompilerName: GCC  CompilerVersion: 8.4.0
ProgramName: mris_curvature_stats  ProgramArguments: mris_curvature_stats -all-info  ProgramVersion: 7.3.2  TimeStamp: 2026/03/09-11:56:05-GMT  BuildTime: Aug  4 2022 06:17:15  BuildStamp: freesurfer-linux-ubuntu22_x86_64-7.3.2-20220804-6354275  User: oesteban  Machine: dna030  Platform: Linux  PlatformVersion: 5.14.0-427.37.1.el9_4.x86_64  CompilerName: GCC  CompilerVersion: 8.4.0
ProgramName: mris_diff  ProgramArguments: mris_diff -all-info  ProgramVersion: 7.3.2  TimeStamp: 2026/03/09-11:56:05-GMT  BuildTime: Aug  4 2022 06:17:15  BuildStamp: freesurfer-linux-ubuntu22_x86_64-7.3.2-20220804-6354275  User: oesteban  Machine: dna030  Platform: Linux  PlatformVersion: 5.14.0-427.37.1.el9_4.x86_64  CompilerName: GCC  CompilerVersion: 8.4.0
ProgramName: mris_divide_parcellation  ProgramArguments: mris_divide_parcellation -all-info  ProgramVersion: 7.3.2  TimeStamp: 2026/03/09-11:56:05-GMT  BuildTime: Aug  4 2022 06:17:15  BuildStamp: freesurfer-linux-ubuntu22_x86_64-7.3.2-20220804-6354275  User: oesteban  Machine: dna030  Platform: Linux  PlatformVersion: 5.14.0-427.37.1.el9_4.x86_64  CompilerName: GCC  CompilerVersion: 8.4.0
ProgramName: mri_segment  ProgramArguments: mri_segment -all-info  ProgramVersion: 7.3.2  TimeStamp: 2026/03/09-11:56:05-GMT  BuildTime: Aug  4 2022 06:17:15  BuildStamp: freesurfer-linux-ubuntu22_x86_64-7.3.2-20220804-6354275  User: oesteban  Machine: dna030  Platform: Linux  PlatformVersion: 5.14.0-427.37.1.el9_4.x86_64  CompilerName: GCC  CompilerVersion: 8.4.0
ProgramName: mri_segstats  ProgramArguments: mri_segstats -all-info  ProgramVersion: 7.3.2  TimeStamp: 2026/03/09-11:56:05-GMT  BuildTime: Aug  4 2022 06:17:15  BuildStamp: freesurfer-linux-ubuntu22_x86_64-7.3.2-20220804-6354275  User: oesteban  Machine: dna030  Platform: Linux  PlatformVersion: 5.14.0-427.37.1.el9_4.x86_64  CompilerName: GCC  CompilerVersion: 8.4.0
ProgramName: mris_euler_number  ProgramArguments: mris_euler_number -all-info  ProgramVersion: 7.3.2  TimeStamp: 2026/03/09-11:56:05-GMT  BuildTime: Aug  4 2022 06:17:15  BuildStamp: freesurfer-linux-ubuntu22_x86_64-7.3.2-20220804-6354275  User: oesteban  Machine: dna030  Platform: Linux  PlatformVersion: 5.14.0-427.37.1.el9_4.x86_64  CompilerName: GCC  CompilerVersion: 8.4.0
ProgramName: mris_fix_topology  ProgramArguments: mris_fix_topology -all-info  ProgramVersion: 7.3.2  TimeStamp: 2026/03/09-11:56:05-GMT  BuildTime: Aug  4 2022 06:17:15  BuildStamp: freesurfer-linux-ubuntu22_x86_64-7.3.2-20220804-6354275  User: oesteban  Machine: dna030  Platform: Linux  PlatformVersion: 5.14.0-427.37.1.el9_4.x86_64  CompilerName: GCC  CompilerVersion: 8.4.0
ProgramName: mris_topo_fixer  ProgramArguments: mris_topo_fixer -all-info  ProgramVersion: 7.3.2  TimeStamp: 2026/03/09-11:56:05-GMT  BuildTime: Aug  4 2022 06:17:15  BuildStamp: freesurfer-linux-ubuntu22_x86_64-7.3.2-20220804-6354275  User: oesteban  Machine: dna030  Platform: Linux  PlatformVersion: 5.14.0-427.37.1.el9_4.x86_64  CompilerName: GCC  CompilerVersion: 8.4.0
ProgramName: mris_jacobian  ProgramArguments: mris_jacobian -all-info  ProgramVersion: 7.3.2  TimeStamp: 2026/03/09-11:56:05-GMT  BuildTime: Aug  4 2022 06:17:15  BuildStamp: freesurfer-linux-ubuntu22_x86_64-7.3.2-20220804-6354275  User: oesteban  Machine: dna030  Platform: Linux  PlatformVersion: 5.14.0-427.37.1.el9_4.x86_64  CompilerName: GCC  CompilerVersion: 8.4.0
ProgramName: mris_label2annot  ProgramArguments: mris_label2annot -all-info  ProgramVersion: 7.3.2  TimeStamp: 2026/03/09-11:56:05-GMT  BuildTime: Aug  4 2022 06:17:15  BuildStamp: freesurfer-linux-ubuntu22_x86_64-7.3.2-20220804-6354275  User: oesteban  Machine: dna030  Platform: Linux  PlatformVersion: 5.14.0-427.37.1.el9_4.x86_64  CompilerName: GCC  CompilerVersion: 8.4.0
ProgramName: mris_left_right_register  ProgramArguments: mris_left_right_register -all-info  ProgramVersion: 7.3.2  TimeStamp: 2026/03/09-11:56:05-GMT  BuildTime: Aug  4 2022 06:17:15  BuildStamp: freesurfer-linux-ubuntu22_x86_64-7.3.2-20220804-6354275  User: oesteban  Machine: dna030  Platform: Linux  PlatformVersion: 5.14.0-427.37.1.el9_4.x86_64  CompilerName: GCC  CompilerVersion: 8.4.0
ProgramName: mris_place_surface  ProgramArguments: mris_place_surface -all-info  ProgramVersion: 7.3.2  TimeStamp: 2026/03/09-11:56:05-GMT  BuildTime: Aug  4 2022 06:17:15  BuildStamp: freesurfer-linux-ubuntu22_x86_64-7.3.2-20220804-6354275  User: oesteban  Machine: dna030  Platform: Linux  PlatformVersion: 5.14.0-427.37.1.el9_4.x86_64  CompilerName: GCC  CompilerVersion: 8.4.0
ProgramName: mrisp_paint  ProgramArguments: mrisp_paint -all-info  ProgramVersion: 7.3.2  TimeStamp: 2026/03/09-11:56:05-GMT  BuildTime: Aug  4 2022 06:17:15  BuildStamp: freesurfer-linux-ubuntu22_x86_64-7.3.2-20220804-6354275  User: oesteban  Machine: dna030  Platform: Linux  PlatformVersion: 5.14.0-427.37.1.el9_4.x86_64  CompilerName: GCC  CompilerVersion: 8.4.0
ProgramName: mris_register  ProgramArguments: mris_register -all-info  ProgramVersion: 7.3.2  TimeStamp: 2026/03/09-11:56:05-GMT  BuildTime: Aug  4 2022 06:17:15  BuildStamp: freesurfer-linux-ubuntu22_x86_64-7.3.2-20220804-6354275  User: oesteban  Machine: dna030  Platform: Linux  PlatformVersion: 5.14.0-427.37.1.el9_4.x86_64  CompilerName: GCC  CompilerVersion: 8.4.0
ProgramName: mris_smooth  ProgramArguments: mris_smooth -all-info  ProgramVersion: 7.3.2  TimeStamp: 2026/03/09-11:56:05-GMT  BuildTime: Aug  4 2022 06:17:15  BuildStamp: freesurfer-linux-ubuntu22_x86_64-7.3.2-20220804-6354275  User: oesteban  Machine: dna030  Platform: Linux  PlatformVersion: 5.14.0-427.37.1.el9_4.x86_64  CompilerName: GCC  CompilerVersion: 8.4.0
ProgramName: mris_sphere  ProgramArguments: mris_sphere -all-info  ProgramVersion: 7.3.2  TimeStamp: 2026/03/09-11:56:05-GMT  BuildTime: Aug  4 2022 06:17:15  BuildStamp: freesurfer-linux-ubuntu22_x86_64-7.3.2-20220804-6354275  User: oesteban  Machine: dna030  Platform: Linux  PlatformVersion: 5.14.0-427.37.1.el9_4.x86_64  CompilerName: GCC  CompilerVersion: 8.4.0
ProgramName: mris_surface_stats  ProgramArguments: mris_surface_stats -all-info  ProgramVersion: 7.3.2  TimeStamp: 2026/03/09-11:56:05-GMT  BuildTime: Aug  4 2022 06:17:15  BuildStamp: freesurfer-linux-ubuntu22_x86_64-7.3.2-20220804-6354275  User: oesteban  Machine: dna030  Platform: Linux  PlatformVersion: 5.14.0-427.37.1.el9_4.x86_64  CompilerName: GCC  CompilerVersion: 8.4.0
ProgramName: mri_stats2seg  ProgramArguments: mri_stats2seg -all-info  ProgramVersion: 7.3.2  TimeStamp: 2026/03/09-11:56:05-GMT  BuildTime: Aug  4 2022 06:17:15  BuildStamp: freesurfer-linux-ubuntu22_x86_64-7.3.2-20220804-6354275  User: oesteban  Machine: dna030  Platform: Linux  PlatformVersion: 5.14.0-427.37.1.el9_4.x86_64  CompilerName: GCC  CompilerVersion: 8.4.0
ProgramName: mris_thickness  ProgramArguments: mris_thickness -all-info  ProgramVersion: 7.3.2  TimeStamp: 2026/03/09-11:56:05-GMT  BuildTime: Aug  4 2022 06:17:15  BuildStamp: freesurfer-linux-ubuntu22_x86_64-7.3.2-20220804-6354275  User: oesteban  Machine: dna030  Platform: Linux  PlatformVersion: 5.14.0-427.37.1.el9_4.x86_64  CompilerName: GCC  CompilerVersion: 8.4.0
ProgramName: mris_thickness_diff  ProgramArguments: mris_thickness_diff -all-info  ProgramVersion: 7.3.2  TimeStamp: 2026/03/09-11:56:05-GMT  BuildTime: Aug  4 2022 06:17:15  BuildStamp: freesurfer-linux-ubuntu22_x86_64-7.3.2-20220804-6354275  User: oesteban  Machine: dna030  Platform: Linux  PlatformVersion: 5.14.0-427.37.1.el9_4.x86_64  CompilerName: GCC  CompilerVersion: 8.4.0
ProgramName: mris_topo_fixer  ProgramArguments: mris_topo_fixer -all-info  ProgramVersion: 7.3.2  TimeStamp: 2026/03/09-11:56:05-GMT  BuildTime: Aug  4 2022 06:17:15  BuildStamp: freesurfer-linux-ubuntu22_x86_64-7.3.2-20220804-6354275  User: oesteban  Machine: dna030  Platform: Linux  PlatformVersion: 5.14.0-427.37.1.el9_4.x86_64  CompilerName: GCC  CompilerVersion: 8.4.0
ProgramName: mri_surf2surf  ProgramArguments: mri_surf2surf -all-info  ProgramVersion: 7.3.2  TimeStamp: 2026/03/09-11:56:05-GMT  BuildTime: Aug  4 2022 06:17:15  BuildStamp: freesurfer-linux-ubuntu22_x86_64-7.3.2-20220804-6354275  User: oesteban  Machine: dna030  Platform: Linux  PlatformVersion: 5.14.0-427.37.1.el9_4.x86_64  CompilerName: GCC  CompilerVersion: 8.4.0
ProgramName: mri_surf2vol  ProgramArguments: mri_surf2vol -all-info  ProgramVersion: 7.3.2  TimeStamp: 2026/03/09-11:56:05-GMT  BuildTime: Aug  4 2022 06:17:15  BuildStamp: freesurfer-linux-ubuntu22_x86_64-7.3.2-20220804-6354275  User: oesteban  Machine: dna030  Platform: Linux  PlatformVersion: 5.14.0-427.37.1.el9_4.x86_64  CompilerName: GCC  CompilerVersion: 8.4.0
ProgramName: mri_surfcluster  ProgramArguments: mri_surfcluster -all-info  ProgramVersion: 7.3.2  TimeStamp: 2026/03/09-11:56:05-GMT  BuildTime: Aug  4 2022 06:17:15  BuildStamp: freesurfer-linux-ubuntu22_x86_64-7.3.2-20220804-6354275  User: oesteban  Machine: dna030  Platform: Linux  PlatformVersion: 5.14.0-427.37.1.el9_4.x86_64  CompilerName: GCC  CompilerVersion: 8.4.0
ProgramName: mris_volmask  ProgramArguments: mris_volmask -all-info  ProgramVersion: 7.3.2  TimeStamp: 2026/03/09-11:56:05-GMT  BuildTime: Aug  4 2022 06:17:15  BuildStamp: freesurfer-linux-ubuntu22_x86_64-7.3.2-20220804-6354275  User: oesteban  Machine: dna030  Platform: Linux  PlatformVersion: 5.14.0-427.37.1.el9_4.x86_64  CompilerName: GCC  CompilerVersion: 8.4.0
ProgramName: mri_tessellate  ProgramArguments: mri_tessellate -all-info  ProgramVersion: 7.3.2  TimeStamp: 2026/03/09-11:56:05-GMT  BuildTime: Aug  4 2022 06:17:15  BuildStamp: freesurfer-linux-ubuntu22_x86_64-7.3.2-20220804-6354275  User: oesteban  Machine: dna030  Platform: Linux  PlatformVersion: 5.14.0-427.37.1.el9_4.x86_64  CompilerName: GCC  CompilerVersion: 8.4.0
ProgramName: mri_vol2surf  ProgramArguments: mri_vol2surf -all-info  ProgramVersion: 7.3.2  TimeStamp: 2026/03/09-11:56:05-GMT  BuildTime: Aug  4 2022 06:17:15  BuildStamp: freesurfer-linux-ubuntu22_x86_64-7.3.2-20220804-6354275  User: oesteban  Machine: dna030  Platform: Linux  PlatformVersion: 5.14.0-427.37.1.el9_4.x86_64  CompilerName: GCC  CompilerVersion: 8.4.0
ProgramName: mri_vol2vol  ProgramArguments: mri_vol2vol -all-info  ProgramVersion: 7.3.2  TimeStamp: 2026/03/09-11:56:05-GMT  BuildTime: Aug  4 2022 06:17:15  BuildStamp: freesurfer-linux-ubuntu22_x86_64-7.3.2-20220804-6354275  User: oesteban  Machine: dna030  Platform: Linux  PlatformVersion: 5.14.0-427.37.1.el9_4.x86_64  CompilerName: GCC  CompilerVersion: 8.4.0
ProgramName: mri_voldiff  ProgramArguments: mri_voldiff -all-info  ProgramVersion: 7.3.2  TimeStamp: 2026/03/09-11:56:05-GMT  BuildTime: Aug  4 2022 06:17:15  BuildStamp: freesurfer-linux-ubuntu22_x86_64-7.3.2-20220804-6354275  User: oesteban  Machine: dna030  Platform: Linux  PlatformVersion: 5.14.0-427.37.1.el9_4.x86_64  CompilerName: GCC  CompilerVersion: 8.4.0
ProgramName: mri_watershed  ProgramArguments: mri_watershed -all-info  ProgramVersion: 7.3.2  TimeStamp: 2026/03/09-11:56:05-GMT  BuildTime: Aug  4 2022 06:17:15  BuildStamp: freesurfer-linux-ubuntu22_x86_64-7.3.2-20220804-6354275  User: oesteban  Machine: dna030  Platform: Linux  PlatformVersion: 5.14.0-427.37.1.el9_4.x86_64  CompilerName: GCC  CompilerVersion: 8.4.0
ProgramName: tkregister2  ProgramArguments: tkregister2_cmdl -all-info  ProgramVersion: 7.3.2  TimeStamp: 2026/03/09-11:56:05-GMT  BuildTime: Aug  4 2022 06:17:15  BuildStamp: freesurfer-linux-ubuntu22_x86_64-7.3.2-20220804-6354275  User: oesteban  Machine: dna030  Platform: Linux  PlatformVersion: 5.14.0-427.37.1.el9_4.x86_64  CompilerName: GCC  CompilerVersion: 8.4.0
mri_motion_correct.fsl 7.3.2
mri_convert -all-info 
ProgramName: mri_convert  ProgramArguments: mri_convert -all-info  ProgramVersion: 7.3.2  TimeStamp: 2026/03/09-11:56:05-GMT  BuildTime: Aug  4 2022 06:17:15  BuildStamp: freesurfer-linux-ubuntu22_x86_64-7.3.2-20220804-6354275  User: oesteban  Machine: dna030  Platform: Linux  PlatformVersion: 5.14.0-427.37.1.el9_4.x86_64  CompilerName: GCC  CompilerVersion: 8.4.0
Program nu_correct, built from:
Package MNI N3, version 1.12.0, compiled by nicks@terrier (x86_64-unknown-linux-gnu) on 2015-06-19 at 01:25:34
#######################################
GCADIR /opt/freesurfer/average
GCA RB_all_2020-01-02.gca
GCASkull RB_all_withskull_2020_01_02.gca
AvgCurvTif folding.atlas.acfb40.noaparc.i12.2016-08-02.tif
GCSDIR /opt/freesurfer/average
GCS DKaparc.atlas.acfb40.noaparc.i12.2016-08-02.gcs
#######################################
#--------------------------------------------
#@# WhiteSurfs lh Mon Mar  9 12:56:05 CET 2026
cd /out/sourcedata/freesurfer/sub-v1s21x0050407_ses-1/mri
mris_place_surface --adgws-in ../surf/autodet.gw.stats.lh.dat --seg aseg.presurf.mgz --threads 16 --wm wm.mgz --invol brain.finalsurfs.mgz --lh --i ../surf/lh.white.preaparc --o ../surf/lh.white --white --nsmooth 0 --rip-label ../label/lh.cortex.label --rip-bg --rip-surf ../surf/lh.white.preaparc --aparc ../label/lh.aparc.annot
   Update not needed
#--------------------------------------------
#@# WhiteSurfs rh Mon Mar  9 12:56:05 CET 2026
cd /out/sourcedata/freesurfer/sub-v1s21x0050407_ses-1/mri
mris_place_surface --adgws-in ../surf/autodet.gw.stats.rh.dat --seg aseg.presurf.mgz --threads 16 --wm wm.mgz --invol brain.finalsurfs.mgz --rh --i ../surf/rh.white.preaparc --o ../surf/rh.white --white --nsmooth 0 --rip-label ../label/rh.cortex.label --rip-bg --rip-surf ../surf/rh.white.preaparc --aparc ../label/rh.aparc.annot
   Update not needed
#@# white curv lh Mon Mar  9 12:56:05 CET 2026
cd /out/sourcedata/freesurfer/sub-v1s21x0050407_ses-1/mri
mris_place_surface --curv-map ../surf/lh.white 2 10 ../surf/lh.curv
   Update not needed
#@# white area lh Mon Mar  9 12:56:05 CET 2026
cd /out/sourcedata/freesurfer/sub-v1s21x0050407_ses-1/mri
mris_place_surface --area-map ../surf/lh.white ../surf/lh.area
   Update not needed
#@# pial curv lh Mon Mar  9 12:56:05 CET 2026
cd /out/sourcedata/freesurfer/sub-v1s21x0050407_ses-1/mri
mris_place_surface --curv-map ../surf/lh.pial 2 10 ../surf/lh.curv.pial
   Update not needed
#@# pial area lh Mon Mar  9 12:56:05 CET 2026
cd /out/sourcedata/freesurfer/sub-v1s21x0050407_ses-1/mri
mris_place_surface --area-map ../surf/lh.pial ../surf/lh.area.pial
   Update not needed
#@# thickness lh Mon Mar  9 12:56:05 CET 2026
cd /out/sourcedata/freesurfer/sub-v1s21x0050407_ses-1/mri
mris_place_surface --thickness ../surf/lh.white ../surf/lh.pial 20 5 ../surf/lh.thickness
   Update not needed
#@# area and vertex vol lh Mon Mar  9 12:56:05 CET 2026
cd /out/sourcedata/freesurfer/sub-v1s21x0050407_ses-1/mri
mris_place_surface --thickness ../surf/lh.white ../surf/lh.pial 20 5 ../surf/lh.thickness
   Update not needed
#@# white curv rh Mon Mar  9 12:56:05 CET 2026
cd /out/sourcedata/freesurfer/sub-v1s21x0050407_ses-1/mri
mris_place_surface --curv-map ../surf/rh.white 2 10 ../surf/rh.curv
   Update not needed
#@# white area rh Mon Mar  9 12:56:05 CET 2026
cd /out/sourcedata/freesurfer/sub-v1s21x0050407_ses-1/mri
mris_place_surface --area-map ../surf/rh.white ../surf/rh.area
   Update not needed
#@# pial curv rh Mon Mar  9 12:56:05 CET 2026
cd /out/sourcedata/freesurfer/sub-v1s21x0050407_ses-1/mri
mris_place_surface --curv-map ../surf/rh.pial 2 10 ../surf/rh.curv.pial
   Update not needed
#@# pial area rh Mon Mar  9 12:56:05 CET 2026
cd /out/sourcedata/freesurfer/sub-v1s21x0050407_ses-1/mri
mris_place_surface --area-map ../surf/rh.pial ../surf/rh.area.pial
   Update not needed
#@# thickness rh Mon Mar  9 12:56:05 CET 2026
cd /out/sourcedata/freesurfer/sub-v1s21x0050407_ses-1/mri
mris_place_surface --thickness ../surf/rh.white ../surf/rh.pial 20 5 ../surf/rh.thickness
   Update not needed
#@# area and vertex vol rh Mon Mar  9 12:56:05 CET 2026
cd /out/sourcedata/freesurfer/sub-v1s21x0050407_ses-1/mri
mris_place_surface --thickness ../surf/rh.white ../surf/rh.pial 20 5 ../surf/rh.thickness
   Update not needed

#-----------------------------------------
#@# Curvature Stats lh Mon Mar  9 12:56:05 CET 2026
/out/sourcedata/freesurfer/sub-v1s21x0050407_ses-1/surf

 mris_curvature_stats -m --writeCurvatureFiles -G -o ../stats/lh.curv.stats -F smoothwm sub-v1s21x0050407_ses-1 lh curv sulc 

             Toggling save flag on curvature files                       [ ok ]
                 Outputting results using filestem   [ ../stats/lh.curv.stats ]
             Toggling save flag on curvature files                       [ ok ]
                                   Setting surface [ sub-v1s21x0050407_ses-1/lh.smoothwm ]
                                Reading surface...                       [ ok ]
                                   Setting texture                     [ curv ]
                                Reading texture...                       [ ok ]
                                   Setting texture                     [ sulc ]
                                Reading texture...Gb_filter = 0
                       [ ok ]
      Calculating Discrete Principal Curvatures...
      Determining geometric order for vno faces... [####################] [ ok ]
                      Determining KH curvatures... [####################] [ ok ]
                    Determining k1k2 curvatures... [####################] [ ok ]
                                   deltaViolations                      [ 204 ]
Gb_filter = 0

WARN:    S lookup   min:                          -0.123236
WARN:    S explicit min:                          0.000000	vertex = 180

#-----------------------------------------
#@# Curvature Stats rh Mon Mar  9 12:56:08 CET 2026
/out/sourcedata/freesurfer/sub-v1s21x0050407_ses-1/surf

 mris_curvature_stats -m --writeCurvatureFiles -G -o ../stats/rh.curv.stats -F smoothwm sub-v1s21x0050407_ses-1 rh curv sulc 

             Toggling save flag on curvature files                       [ ok ]
                 Outputting results using filestem   [ ../stats/rh.curv.stats ]
             Toggling save flag on curvature files                       [ ok ]
                                   Setting surface [ sub-v1s21x0050407_ses-1/rh.smoothwm ]
                                Reading surface...                       [ ok ]
                                   Setting texture                     [ curv ]
                                Reading texture...                       [ ok ]
                                   Setting texture                     [ sulc ]
                                Reading texture...Gb_filter = 0
                       [ ok ]
      Calculating Discrete Principal Curvatures...
      Determining geometric order for vno faces... [####################] [ ok ]
                      Determining KH curvatures... [####################] [ ok ]
                    Determining k1k2 curvatures... [####################] [ ok ]
                                   deltaViolations                      [ 206 ]
Gb_filter = 0
#-----------------------------------------
#@# Relabel Hypointensities Mon Mar  9 12:56:10 CET 2026
/out/sourcedata/freesurfer/sub-v1s21x0050407_ses-1/mri

 mri_relabel_hypointensities aseg.presurf.mgz ../surf aseg.presurf.hypos.mgz 

reading input surface ../surf/lh.white...
relabeling lh hypointensities...
1444 voxels changed to hypointensity...
reading input surface ../surf/rh.white...
relabeling rh hypointensities...
1138 voxels changed to hypointensity...
2726 hypointense voxels neighboring cortex changed
#-----------------------------------------
#@# APas-to-ASeg Mon Mar  9 12:56:23 CET 2026
/out/sourcedata/freesurfer/sub-v1s21x0050407_ses-1/mri

 mri_surf2volseg --o aseg.mgz --i aseg.presurf.hypos.mgz --fix-presurf-with-ribbon /out/sourcedata/freesurfer/sub-v1s21x0050407_ses-1/mri/ribbon.mgz --threads 16 --lh-cortex-mask /out/sourcedata/freesurfer/sub-v1s21x0050407_ses-1/label/lh.cortex.label --lh-white /out/sourcedata/freesurfer/sub-v1s21x0050407_ses-1/surf/lh.white --lh-pial /out/sourcedata/freesurfer/sub-v1s21x0050407_ses-1/surf/lh.pial --rh-cortex-mask /out/sourcedata/freesurfer/sub-v1s21x0050407_ses-1/label/rh.cortex.label --rh-white /out/sourcedata/freesurfer/sub-v1s21x0050407_ses-1/surf/rh.white --rh-pial /out/sourcedata/freesurfer/sub-v1s21x0050407_ses-1/surf/rh.pial 

SUBJECTS_DIR /out/sourcedata/freesurfer
outvol aseg.mgz
16 avail.processors, using 16
Loading aseg.presurf.hypos.mgz
Loading /out/sourcedata/freesurfer/sub-v1s21x0050407_ses-1/mri/ribbon.mgz
Loading /out/sourcedata/freesurfer/sub-v1s21x0050407_ses-1/surf/lh.white
Loading /out/sourcedata/freesurfer/sub-v1s21x0050407_ses-1/surf/lh.pial
Loading /out/sourcedata/freesurfer/sub-v1s21x0050407_ses-1/label/lh.cortex.label
Loading /out/sourcedata/freesurfer/sub-v1s21x0050407_ses-1/surf/rh.white
Loading /out/sourcedata/freesurfer/sub-v1s21x0050407_ses-1/surf/rh.pial
Loading /out/sourcedata/freesurfer/sub-v1s21x0050407_ses-1/label/rh.cortex.label
Done loading
  0  16 128 240 192  48 160 144  96  80  32 224  64 208 176 112   1  33 241 193  17  49 225 209  65 177  81 113  97 161  34   2 242 194  18  50 226 210  66 178   3  35 243  82 195  51 145 227  19 
211  67  98 114 162  36 244 129 196 179 
228 212  20  83  68   4  37 146  99 
245  52 197 229 163 213 115  21 180  69  38 246  84 130 100 198 230 214 147  22  39 
247 181  70 164  53 116  85 199 
231   5 215  23 101  40 248 131 148 182  71 200 232  86 216  24  41 249 117 165  54   6 102 201 132 233 183  72 217  87 149 250  42  25 202 118 234 218  43 251 184  26 166 103  73   7  88 133 150 203 235  55  44 219 
252 185  27  74 204  89 104 119 
236 151  45 253   8 220 167 134 186 205  28  56 237  46 254  75 221  90 105 187 120 152 206  29   9 238 135 255 168  47 222  76 207 188  91  57 106  30 239 
121 153 223 136 189  10  31  92  77 169 107  58 122 190 154  11  59 
 78  93 108 170 137 191 123  12  60 155  79 
 94 109  61  13 171 124 138 156  62  14  95 110 172  63 157  15 139 
111 173 125 158 140 174 159 
175 141 126 142 127 143 
nrelabeled = 156287
ndotcheck = 0
Starting Surf2VolSeg free
free done
#VMPC# mri_surf2volseg VmPeak  1878396
mri_surf2volseg done

 mri_brainvol_stats sub-v1s21x0050407_ses-1 

ComputeBrainVolumeStats2 VoxelVol=1, KeepCSF=1
  #CBVS2 MaskVol              1297592.0
  #CBVS2 BrainSegVol          1043214.0
  #CBVS2 BrainSegVolNotVent   1032087.0
  #CBVS2 SupraTentVol          912955.0
  #CBVS2 SupraTentVolNotVent   901828.0
  #CBVS2 lhCtxGM               208905.7
  #CBVS2 rhCtxGM               209962.5
  #CBVS2 lhCerebralWM          213548.5
  #CBVS2 rhCerebralWM          214917.5
  #CBVS2 SubCortGMVol           56472.0
  #CBVS2 CerebellumVol         130259.0
  #CBVS2 CerebellumGMVol       104640.0
  #CBVS2 VentChorVol             8023.0
  #CBVS2 3rd4th5thCSF            3104.0
  #CBVS2 AllCSF                 11127.0
  #CBVS2 CCVol                   4065.0
#-----------------------------------------
#@# AParc-to-ASeg aparc Mon Mar  9 12:56:30 CET 2026
/out/sourcedata/freesurfer/sub-v1s21x0050407_ses-1/mri

 mri_surf2volseg --o aparc+aseg.mgz --label-cortex --i aseg.mgz --threads 16 --lh-annot /out/sourcedata/freesurfer/sub-v1s21x0050407_ses-1/label/lh.aparc.annot 1000 --lh-cortex-mask /out/sourcedata/freesurfer/sub-v1s21x0050407_ses-1/label/lh.cortex.label --lh-white /out/sourcedata/freesurfer/sub-v1s21x0050407_ses-1/surf/lh.white --lh-pial /out/sourcedata/freesurfer/sub-v1s21x0050407_ses-1/surf/lh.pial --rh-annot /out/sourcedata/freesurfer/sub-v1s21x0050407_ses-1/label/rh.aparc.annot 2000 --rh-cortex-mask /out/sourcedata/freesurfer/sub-v1s21x0050407_ses-1/label/rh.cortex.label --rh-white /out/sourcedata/freesurfer/sub-v1s21x0050407_ses-1/surf/rh.white --rh-pial /out/sourcedata/freesurfer/sub-v1s21x0050407_ses-1/surf/rh.pial 

SUBJECTS_DIR /out/sourcedata/freesurfer
outvol aparc+aseg.mgz
16 avail.processors, using 16
Loading aseg.mgz
Loading /out/sourcedata/freesurfer/sub-v1s21x0050407_ses-1/surf/lh.white
Loading /out/sourcedata/freesurfer/sub-v1s21x0050407_ses-1/surf/lh.pial
Loading /out/sourcedata/freesurfer/sub-v1s21x0050407_ses-1/label/lh.cortex.label
Ripping lh vertices labeled not in lh.cortex.label
  ripped 7876 vertices from lh hemi
Loading /out/sourcedata/freesurfer/sub-v1s21x0050407_ses-1/label/lh.aparc.annot
Loading /out/sourcedata/freesurfer/sub-v1s21x0050407_ses-1/surf/rh.white
Loading /out/sourcedata/freesurfer/sub-v1s21x0050407_ses-1/surf/rh.pial
Loading /out/sourcedata/freesurfer/sub-v1s21x0050407_ses-1/label/rh.cortex.label
Ripping rh vertices labeled not in rh.cortex.label
  ripped 7721 vertices from rh hemi
Loading /out/sourcedata/freesurfer/sub-v1s21x0050407_ses-1/label/rh.aparc.annot
Done loading
  0 240  16  80 112 192 224  48 208  96  32  64 128 176 144 160  49  33  65 241   1  17 225 209  50  34   2 193 242 226  18 210  51  35   3  66 194 227  52  36  19 
211   4 195  53 243  37 228   5 212 196  54  38   6 229  20 213  55 197  39 
  7 244 230  56 214  40   8 198  21 245  57 231 215  41   9 199 
 22  58 246  42 216  10 232 200  23  59 
 11  43 217 247 233 201 218  24  44  60  12 248 234 202 219 
 45  13  61  25  67 249 235 220 203  46  14  62  26 250 236 221 204  15  47  63  27 251 237 222 205  28 223 238 252 206 239 
 29 253 207  30 254  31 255  68  81  69 145 113 177 161  70 129  97  82 146 114  71  83 178 162 130 147  72  98  84 115 179 
163 148  85  73 131  99 
116  86 180 149  74 164 181  87 150 100  75 132 117 182 151 165  88 101 183 152  76  89 166 184 133 102 153 185 118  77  90 167 186 154 187  78 103  91 188 134 168 189 190 191 155  79 
104 119 
 92 169 156 135 170  93 105 171 157 106  94 172 120 136 173 107  95 158 174 108 137 175 159 
121 109 138 110 111 122 139 
140 123 141 124 142 143 125 126 127 
nrelabeled = 416890
ndotcheck = 26836
Starting Surf2VolSeg free
free done
#VMPC# mri_surf2volseg VmPeak  1862428
mri_surf2volseg done
#-----------------------------------------
#@# AParc-to-ASeg aparc.a2009s Mon Mar  9 12:57:00 CET 2026
/out/sourcedata/freesurfer/sub-v1s21x0050407_ses-1/mri

 mri_surf2volseg --o aparc.a2009s+aseg.mgz --label-cortex --i aseg.mgz --threads 16 --lh-annot /out/sourcedata/freesurfer/sub-v1s21x0050407_ses-1/label/lh.aparc.a2009s.annot 11100 --lh-cortex-mask /out/sourcedata/freesurfer/sub-v1s21x0050407_ses-1/label/lh.cortex.label --lh-white /out/sourcedata/freesurfer/sub-v1s21x0050407_ses-1/surf/lh.white --lh-pial /out/sourcedata/freesurfer/sub-v1s21x0050407_ses-1/surf/lh.pial --rh-annot /out/sourcedata/freesurfer/sub-v1s21x0050407_ses-1/label/rh.aparc.a2009s.annot 12100 --rh-cortex-mask /out/sourcedata/freesurfer/sub-v1s21x0050407_ses-1/label/rh.cortex.label --rh-white /out/sourcedata/freesurfer/sub-v1s21x0050407_ses-1/surf/rh.white --rh-pial /out/sourcedata/freesurfer/sub-v1s21x0050407_ses-1/surf/rh.pial 

SUBJECTS_DIR /out/sourcedata/freesurfer
outvol aparc.a2009s+aseg.mgz
16 avail.processors, using 16
Loading aseg.mgz
Loading /out/sourcedata/freesurfer/sub-v1s21x0050407_ses-1/surf/lh.white
Loading /out/sourcedata/freesurfer/sub-v1s21x0050407_ses-1/surf/lh.pial
Loading /out/sourcedata/freesurfer/sub-v1s21x0050407_ses-1/label/lh.cortex.label
Ripping lh vertices labeled not in lh.cortex.label
  ripped 7876 vertices from lh hemi
Loading /out/sourcedata/freesurfer/sub-v1s21x0050407_ses-1/label/lh.aparc.a2009s.annot
Loading /out/sourcedata/freesurfer/sub-v1s21x0050407_ses-1/surf/rh.white
Loading /out/sourcedata/freesurfer/sub-v1s21x0050407_ses-1/surf/rh.pial
Loading /out/sourcedata/freesurfer/sub-v1s21x0050407_ses-1/label/rh.cortex.label
Ripping rh vertices labeled not in rh.cortex.label
  ripped 7721 vertices from rh hemi
Loading /out/sourcedata/freesurfer/sub-v1s21x0050407_ses-1/label/rh.aparc.a2009s.annot
Done loading
160 224  16 192   0 144 176  80 112  96  32  64  48 240 128 208   1 209 225  17  33 241 193  65  49   2 210 226 242  18  34 194  50   3  66 211 227 243  19 
 35   4 195  51 212 228 244  20   5  36 196  52  37 229   6  21 245 213 197  53  38 230   7  22 246 214 198  54 231  39 
 23   8 247 215 199 
232  55   9  40  24 248 216 200 233  56  10  41  25 249 217 201 234  57  11  42  26 250 218  27  12  43 202 235  58  67 251  13  28  44 219 
 59 
203 236  29  14  45 252 220  60 204 237  30  15  46 253  31  47 221  61 238 205 254 255 222  62 239 
206 223  63 207  68  81  69 145 113 161 177  97 129  70  82 146 162 114  98 130 178  71  83 147 163 115  99 
179 
 72  84 131 148 164  73  85 116 180 100 149 132 165  74  86 181 150 117 166 133  75  87 151 101 182 167  76 134  88 152 118 168 183  77 135 169 102 153  89  78 184 170 136 119 
 79 
154 185  90 171 137 103 172 155 186  91 173 187 138 120 156 188 174  92 104 189 139 
190 191 175  93 157 121 140 105  94 141 106 158 122 142  95 107 159 
143 108 123 109 124 110 111 125 126 127 
nrelabeled = 416890
ndotcheck = 26836
Starting Surf2VolSeg free
free done
#VMPC# mri_surf2volseg VmPeak  1862496
mri_surf2volseg done
#-----------------------------------------
#@# AParc-to-ASeg aparc.DKTatlas Mon Mar  9 12:57:28 CET 2026
/out/sourcedata/freesurfer/sub-v1s21x0050407_ses-1/mri

 mri_surf2volseg --o aparc.DKTatlas+aseg.mgz --label-cortex --i aseg.mgz --threads 16 --lh-annot /out/sourcedata/freesurfer/sub-v1s21x0050407_ses-1/label/lh.aparc.DKTatlas.annot 1000 --lh-cortex-mask /out/sourcedata/freesurfer/sub-v1s21x0050407_ses-1/label/lh.cortex.label --lh-white /out/sourcedata/freesurfer/sub-v1s21x0050407_ses-1/surf/lh.white --lh-pial /out/sourcedata/freesurfer/sub-v1s21x0050407_ses-1/surf/lh.pial --rh-annot /out/sourcedata/freesurfer/sub-v1s21x0050407_ses-1/label/rh.aparc.DKTatlas.annot 2000 --rh-cortex-mask /out/sourcedata/freesurfer/sub-v1s21x0050407_ses-1/label/rh.cortex.label --rh-white /out/sourcedata/freesurfer/sub-v1s21x0050407_ses-1/surf/rh.white --rh-pial /out/sourcedata/freesurfer/sub-v1s21x0050407_ses-1/surf/rh.pial 

SUBJECTS_DIR /out/sourcedata/freesurfer
outvol aparc.DKTatlas+aseg.mgz
16 avail.processors, using 16
Loading aseg.mgz
Loading /out/sourcedata/freesurfer/sub-v1s21x0050407_ses-1/surf/lh.white
Loading /out/sourcedata/freesurfer/sub-v1s21x0050407_ses-1/surf/lh.pial
Loading /out/sourcedata/freesurfer/sub-v1s21x0050407_ses-1/label/lh.cortex.label
Ripping lh vertices labeled not in lh.cortex.label
  ripped 7876 vertices from lh hemi
Loading /out/sourcedata/freesurfer/sub-v1s21x0050407_ses-1/label/lh.aparc.DKTatlas.annot
Loading /out/sourcedata/freesurfer/sub-v1s21x0050407_ses-1/surf/rh.white
Loading /out/sourcedata/freesurfer/sub-v1s21x0050407_ses-1/surf/rh.pial
Loading /out/sourcedata/freesurfer/sub-v1s21x0050407_ses-1/label/rh.cortex.label
Ripping rh vertices labeled not in rh.cortex.label
  ripped 7721 vertices from rh hemi
Loading /out/sourcedata/freesurfer/sub-v1s21x0050407_ses-1/label/rh.aparc.DKTatlas.annot
Done loading
  0 160 192  16  48 112  80  32 240 224 144  64  96 208 176 128 209 225 241 193  65  17   1  33  49 210 226 242 194  18   2  34  50 227 211 243  66 228 212 195  19 
  3  35  51 244 229 213 245 196  20   4  36  52 230 214 246 197  21   5 231 215  53  37 247 198  22 216   6  54 232  38 199 
233 217 248  23   7  55  39 
200 218  56 201   8 219 
249  57 234 202  24 220  40  58 203 221   9  59 
250 204 222 235  25  67  41  60  10 205 223  61  26 206  11 251  42 236  62 207  27  12 252  43 237  63  28  13 253  44 238  29  14 254  45 239 
 30  15 255  46  31  47  68 177  81  69 145 113  97 161  70 178 129  82 146  71 114 179 
 98  83 162 130 147  72 115  84 180  99 
163  73 148  85 181 131 116 100 149 182  74  86 164 183 150  87 101 132  75 184 117 151 165 185  88 186 102 152  76 187 166 133 188  89 189 153 190 191 103  77 118 167  90 154 134  78 104 168  91 155  79 
135 105 169 119 
 92 156 136 106 170  93 137 107 157 171  94 108 120 172 138 158 109  95 173 139 
110 159 
174 140 121 111 175 141 122 142 143 123 124 125 126 127 
nrelabeled = 416890
ndotcheck = 26836
Starting Surf2VolSeg free
free done
#VMPC# mri_surf2volseg VmPeak  1862424
mri_surf2volseg done
#-----------------------------------------
#@# WMParc Mon Mar  9 12:57:58 CET 2026
/out/sourcedata/freesurfer/sub-v1s21x0050407_ses-1/mri

 mri_surf2volseg --o wmparc.mgz --label-wm --i aparc+aseg.mgz --threads 16 --lh-annot /out/sourcedata/freesurfer/sub-v1s21x0050407_ses-1/label/lh.aparc.annot 3000 --lh-cortex-mask /out/sourcedata/freesurfer/sub-v1s21x0050407_ses-1/label/lh.cortex.label --lh-white /out/sourcedata/freesurfer/sub-v1s21x0050407_ses-1/surf/lh.white --lh-pial /out/sourcedata/freesurfer/sub-v1s21x0050407_ses-1/surf/lh.pial --rh-annot /out/sourcedata/freesurfer/sub-v1s21x0050407_ses-1/label/rh.aparc.annot 4000 --rh-cortex-mask /out/sourcedata/freesurfer/sub-v1s21x0050407_ses-1/label/rh.cortex.label --rh-white /out/sourcedata/freesurfer/sub-v1s21x0050407_ses-1/surf/rh.white --rh-pial /out/sourcedata/freesurfer/sub-v1s21x0050407_ses-1/surf/rh.pial 

SUBJECTS_DIR /out/sourcedata/freesurfer
outvol wmparc.mgz
16 avail.processors, using 16
Loading aparc+aseg.mgz
Loading /out/sourcedata/freesurfer/sub-v1s21x0050407_ses-1/surf/lh.white
Loading /out/sourcedata/freesurfer/sub-v1s21x0050407_ses-1/surf/lh.pial
Loading /out/sourcedata/freesurfer/sub-v1s21x0050407_ses-1/label/lh.cortex.label
Ripping lh vertices labeled not in lh.cortex.label
  ripped 7876 vertices from lh hemi
Loading /out/sourcedata/freesurfer/sub-v1s21x0050407_ses-1/label/lh.aparc.annot
Loading /out/sourcedata/freesurfer/sub-v1s21x0050407_ses-1/surf/rh.white
Loading /out/sourcedata/freesurfer/sub-v1s21x0050407_ses-1/surf/rh.pial
Loading /out/sourcedata/freesurfer/sub-v1s21x0050407_ses-1/label/rh.cortex.label
Ripping rh vertices labeled not in rh.cortex.label
  ripped 7721 vertices from rh hemi
Loading /out/sourcedata/freesurfer/sub-v1s21x0050407_ses-1/label/rh.aparc.annot
Done loading
224 112  16 176 240 192 144  48  32  96 128 208  80   0 160  64 209 193  17   1  33 241  49 225 210 194   2  34 226  65  18 242  50 195   3 227  35  66 243 211 196  19 
  4 228  51  36 212 197   5  67 229  20  52 129 213 198   6 230 244 214  21  37 199 
  7  53 231 215  38 200   8  22  68 232  54 216 245 201   9 233  23 217  55  39 
 10 202 234 218  56  24 246  11  69 203 235 219 
 57  25  40 204 236  58 247 220  12  41  26  59 
 13 237 205 221  81 177  42  27  60 248 238 206 222  43  70  61  28 239 
 14  44 207 223  62 249  29  45  63  15  46  30 130 250  47  31 251 252 253  71 254 255 178  72  82 145 161 113 179 
 97  73  83  74 180 146  84  75 181 162 114  98  76 182  85 131 147 183  77 163 184  86 185  78 115 186 187 148  99 
188 189  79 
190 191  87 164 116  88 165 149 132 100 166  89 117 150 133 167 101 168  90 118 134 151 169 102 170  91 119 
171 152 135 103 172 120  92 173 121 136 153 104 174 122 175  93 123 124 154 105 125 137  94 126 127 155 106 138  95 156 107 139 
157 108 158 140 109 159 
141 110 142 111 143 
nrelabeled = 424401
ndotcheck = 4077
Starting Surf2VolSeg free
free done
#VMPC# mri_surf2volseg VmPeak  1862428
mri_surf2volseg done

 mri_segstats --seed 1234 --seg mri/wmparc.mgz --sum stats/wmparc.stats --pv mri/norm.mgz --excludeid 0 --brainmask mri/brainmask.mgz --in mri/norm.mgz --in-intensity-name norm --in-intensity-units MR --subject sub-v1s21x0050407_ses-1 --surf-wm-vol --ctab /opt/freesurfer/WMParcStatsLUT.txt --etiv 

setting seed for random number genererator to 1234

7.3.2
cwd 
cmdline mri_segstats --seed 1234 --seg mri/wmparc.mgz --sum stats/wmparc.stats --pv mri/norm.mgz --excludeid 0 --brainmask mri/brainmask.mgz --in mri/norm.mgz --in-intensity-name norm --in-intensity-units MR --subject sub-v1s21x0050407_ses-1 --surf-wm-vol --ctab /opt/freesurfer/WMParcStatsLUT.txt --etiv 
sysname  Linux
hostname dna030
machine  x86_64
user     oesteban
whitesurfname  white
UseRobust  0
atlas_icv (eTIV) = 1302269 mm^3    (det: 1.495931 )
Loading mri/wmparc.mgz
Getting Brain Volume Statistics
Loading mri/norm.mgz
Loading mri/norm.mgz
Voxel Volume is 1 mm^3
Generating list of segmentation ids
Found 390 segmentations
Computing statistics for each segmentation

Reporting on  70 segmentations
Using PrintSegStat
mri_segstats done
#--------------------------------------------
#@# ASeg Stats Mon Mar  9 13:02:40 CET 2026
/out/sourcedata/freesurfer/sub-v1s21x0050407_ses-1

 mri_segstats --seed 1234 --seg mri/aseg.mgz --sum stats/aseg.stats --pv mri/norm.mgz --empty --brainmask mri/brainmask.mgz --brain-vol-from-seg --excludeid 0 --excl-ctxgmwm --supratent --subcortgray --in mri/norm.mgz --in-intensity-name norm --in-intensity-units MR --etiv --surf-wm-vol --surf-ctx-vol --totalgray --euler --ctab /opt/freesurfer/ASegStatsLUT.txt --subject sub-v1s21x0050407_ses-1 

setting seed for random number genererator to 1234

7.3.2
cwd 
cmdline mri_segstats --seed 1234 --seg mri/aseg.mgz --sum stats/aseg.stats --pv mri/norm.mgz --empty --brainmask mri/brainmask.mgz --brain-vol-from-seg --excludeid 0 --excl-ctxgmwm --supratent --subcortgray --in mri/norm.mgz --in-intensity-name norm --in-intensity-units MR --etiv --surf-wm-vol --surf-ctx-vol --totalgray --euler --ctab /opt/freesurfer/ASegStatsLUT.txt --subject sub-v1s21x0050407_ses-1 
sysname  Linux
hostname dna030
machine  x86_64
user     oesteban
whitesurfname  white
UseRobust  0
atlas_icv (eTIV) = 1302269 mm^3    (det: 1.495931 )
Computing euler number
orig.nofix lheno =  -60, rheno = -74
orig.nofix lhholes =   31, rhholes = 38
Loading mri/aseg.mgz
Getting Brain Volume Statistics
Loading mri/norm.mgz
Loading mri/norm.mgz
Voxel Volume is 1 mm^3
Generating list of segmentation ids
Found  50 segmentations
Computing statistics for each segmentation

Reporting on  45 segmentations
Using PrintSegStat
mri_segstats done

Started at Mon Mar 9 12:56:05 CET 2026 
Ended   at Mon Mar 9 13:03:20 CET 2026
#@#%# recon-all-run-time-hours 0.121
recon-all -s sub-v1s21x0050407_ses-1 finished without error at Mon Mar  9 13:03:20 CET 2026
