
Mon Mar  9 11:19:32 CET 2026
cd /out/sourcedata/freesurfer/sub-v1s21x0050414_ses-1
setenv SUBJECTS_DIR /out/sourcedata/freesurfer
/opt/freesurfer/bin/recon-all -autorecon1 -i /work/fmriprep_25_2_wf/sub_v1s21x0050414_ses_1_wf/anat_fit_wf/anat_validate/sub-v1s21x0050414_ses-1_T1w_noise_corrected_ras_valid.nii.gz -noskullstrip -noT2pial -noFLAIRpial -openmp 16 -subjid sub-v1s21x0050414_ses-1 -sd /out/sourcedata/freesurfer

subjid sub-v1s21x0050414_ses-1
setenv SUBJECTS_DIR /out/sourcedata/freesurfer
FREESURFER_HOME /opt/freesurfer
Actual FREESURFER_HOME /opt/freesurfer
build-stamp.txt: freesurfer-linux-ubuntu22_x86_64-7.3.2-20220804-6354275
Linux dna058 5.14.0-427.37.1.el9_4.x86_64 #1 SMP PREEMPT_DYNAMIC Fri Sep 13 12:41:50 EDT 2024 x86_64 x86_64 x86_64 GNU/Linux
cputime      unlimited
filesize     unlimited
datasize     unlimited
stacksize    8192 kbytes
coredumpsize 0 kbytes
memoryuse    67108864 kbytes
vmemoryuse   unlimited
descriptors  1024 
memorylocked unlimited
maxproc      2061970 
maxlocks     unlimited
maxsignal    2061970 
maxmessage   819200 
maxnice      0 
maxrtprio    0 
maxrttime    unlimited

               total        used        free      shared  buff/cache   available
Mem:           503Gi        52Gi       205Gi        14Gi       245Gi       433Gi
Swap:             0B          0B          0B

########################################
program versions used
7.3.2 (freesurfer-linux-ubuntu22_x86_64-7.3.2-20220804-6354275)
7.3.2

ProgramName: lta_convert  ProgramArguments: lta_convert -all-info  ProgramVersion: 7.3.2  TimeStamp: 2026/03/09-10:19:32-GMT  BuildTime: Aug  4 2022 06:17:15  BuildStamp: freesurfer-linux-ubuntu22_x86_64-7.3.2-20220804-6354275  User: oesteban  Machine: dna058  Platform: Linux  PlatformVersion: 5.14.0-427.37.1.el9_4.x86_64  CompilerName: GCC  CompilerVersion: 8.4.0
ProgramName: mri_and  ProgramArguments: mri_and -all-info  ProgramVersion: 7.3.2  TimeStamp: 2026/03/09-10:19:32-GMT  BuildTime: Aug  4 2022 06:17:15  BuildStamp: freesurfer-linux-ubuntu22_x86_64-7.3.2-20220804-6354275  User: oesteban  Machine: dna058  Platform: Linux  PlatformVersion: 5.14.0-427.37.1.el9_4.x86_64  CompilerName: GCC  CompilerVersion: 8.4.0
ProgramName: mri_annotation2label  ProgramArguments: mri_annotation2label -all-info  ProgramVersion: 7.3.2  TimeStamp: 2026/03/09-10:19:32-GMT  BuildTime: Aug  4 2022 06:17:15  BuildStamp: freesurfer-linux-ubuntu22_x86_64-7.3.2-20220804-6354275  User: oesteban  Machine: dna058  Platform: Linux  PlatformVersion: 5.14.0-427.37.1.el9_4.x86_64  CompilerName: GCC  CompilerVersion: 8.4.0
ProgramName: mri_aparc2aseg  ProgramArguments: mri_aparc2aseg -all-info  ProgramVersion: 7.3.2  TimeStamp: 2026/03/09-10:19:32-GMT  BuildTime: Aug  4 2022 06:17:15  BuildStamp: freesurfer-linux-ubuntu22_x86_64-7.3.2-20220804-6354275  User: oesteban  Machine: dna058  Platform: Linux  PlatformVersion: 5.14.0-427.37.1.el9_4.x86_64  CompilerName: GCC  CompilerVersion: 8.4.0
ProgramName: mri_surf2volseg  ProgramArguments: mri_surf2volseg -all-info  ProgramVersion: 7.3.2  TimeStamp: 2026/03/09-10:19:32-GMT  BuildTime: Aug  4 2022 06:17:15  BuildStamp: freesurfer-linux-ubuntu22_x86_64-7.3.2-20220804-6354275  User: oesteban  Machine: dna058  Platform: Linux  PlatformVersion: 5.14.0-427.37.1.el9_4.x86_64  CompilerName: GCC  CompilerVersion: 8.4.0
ProgramName: mri_binarize  ProgramArguments: mri_binarize -all-info  ProgramVersion: 7.3.2  TimeStamp: 2026/03/09-10:19:32-GMT  BuildTime: Aug  4 2022 06:17:15  BuildStamp: freesurfer-linux-ubuntu22_x86_64-7.3.2-20220804-6354275  User: oesteban  Machine: dna058  Platform: Linux  PlatformVersion: 5.14.0-427.37.1.el9_4.x86_64  CompilerName: GCC  CompilerVersion: 8.4.0
ProgramName: mri_ca_label  ProgramArguments: mri_ca_label -all-info  ProgramVersion: 7.3.2  TimeStamp: 2026/03/09-10:19:32-GMT  BuildTime: Aug  4 2022 06:17:15  BuildStamp: freesurfer-linux-ubuntu22_x86_64-7.3.2-20220804-6354275  User: oesteban  Machine: dna058  Platform: Linux  PlatformVersion: 5.14.0-427.37.1.el9_4.x86_64  CompilerName: GCC  CompilerVersion: 8.4.0
ProgramName: mri_ca_normalize  ProgramArguments: mri_ca_normalize -all-info  ProgramVersion: 7.3.2  TimeStamp: 2026/03/09-10:19:32-GMT  BuildTime: Aug  4 2022 06:17:15  BuildStamp: freesurfer-linux-ubuntu22_x86_64-7.3.2-20220804-6354275  User: oesteban  Machine: dna058  Platform: Linux  PlatformVersion: 5.14.0-427.37.1.el9_4.x86_64  CompilerName: GCC  CompilerVersion: 8.4.0
ProgramName: mri_ca_register  ProgramArguments: mri_ca_register -all-info  ProgramVersion: 7.3.2  TimeStamp: 2026/03/09-10:19:32-GMT  BuildTime: Aug  4 2022 06:17:15  BuildStamp: freesurfer-linux-ubuntu22_x86_64-7.3.2-20220804-6354275  User: oesteban  Machine: dna058  Platform: Linux  PlatformVersion: 5.14.0-427.37.1.el9_4.x86_64  CompilerName: GCC  CompilerVersion: 8.4.0
ProgramName: mri_cc  ProgramArguments: mri_cc -all-info  ProgramVersion: 7.3.2  TimeStamp: 2026/03/09-10:19:32-GMT  BuildTime: Aug  4 2022 06:17:15  BuildStamp: freesurfer-linux-ubuntu22_x86_64-7.3.2-20220804-6354275  User: oesteban  Machine: dna058  Platform: Linux  PlatformVersion: 5.14.0-427.37.1.el9_4.x86_64  CompilerName: GCC  CompilerVersion: 8.4.0
ProgramName: mri_compute_overlap  ProgramArguments: mri_compute_overlap -all-info  ProgramVersion: 7.3.2  TimeStamp: 2026/03/09-10:19:32-GMT  BuildTime: Aug  4 2022 06:17:15  BuildStamp: freesurfer-linux-ubuntu22_x86_64-7.3.2-20220804-6354275  User: oesteban  Machine: dna058  Platform: Linux  PlatformVersion: 5.14.0-427.37.1.el9_4.x86_64  CompilerName: GCC  CompilerVersion: 8.4.0
ProgramName: mri_compute_seg_overlap  ProgramArguments: mri_compute_seg_overlap -all-info  ProgramVersion: 7.3.2  TimeStamp: 2026/03/09-10:19:32-GMT  BuildTime: Aug  4 2022 06:17:15  BuildStamp: freesurfer-linux-ubuntu22_x86_64-7.3.2-20220804-6354275  User: oesteban  Machine: dna058  Platform: Linux  PlatformVersion: 5.14.0-427.37.1.el9_4.x86_64  CompilerName: GCC  CompilerVersion: 8.4.0
ProgramName: mri_concat  ProgramArguments: mri_concat -all-info  ProgramVersion: 7.3.2  TimeStamp: 2026/03/09-10:19:32-GMT  BuildTime: Aug  4 2022 06:17:15  BuildStamp: freesurfer-linux-ubuntu22_x86_64-7.3.2-20220804-6354275  User: oesteban  Machine: dna058  Platform: Linux  PlatformVersion: 5.14.0-427.37.1.el9_4.x86_64  CompilerName: GCC  CompilerVersion: 8.4.0
ProgramName: mri_concatenate_lta  ProgramArguments: mri_concatenate_lta -all-info  ProgramVersion: 7.3.2  TimeStamp: 2026/03/09-10:19:32-GMT  BuildTime: Aug  4 2022 06:17:15  BuildStamp: freesurfer-linux-ubuntu22_x86_64-7.3.2-20220804-6354275  User: oesteban  Machine: dna058  Platform: Linux  PlatformVersion: 5.14.0-427.37.1.el9_4.x86_64  CompilerName: GCC  CompilerVersion: 8.4.0
mri_convert -all-info 
ProgramName: mri_convert  ProgramArguments: mri_convert -all-info  ProgramVersion: 7.3.2  TimeStamp: 2026/03/09-10:19:32-GMT  BuildTime: Aug  4 2022 06:17:15  BuildStamp: freesurfer-linux-ubuntu22_x86_64-7.3.2-20220804-6354275  User: oesteban  Machine: dna058  Platform: Linux  PlatformVersion: 5.14.0-427.37.1.el9_4.x86_64  CompilerName: GCC  CompilerVersion: 8.4.0
ProgramName: mri_diff  ProgramArguments: mri_diff -all-info  ProgramVersion: 7.3.2  TimeStamp: 2026/03/09-10:19:32-GMT  BuildTime: Aug  4 2022 06:17:15  BuildStamp: freesurfer-linux-ubuntu22_x86_64-7.3.2-20220804-6354275  User: oesteban  Machine: dna058  Platform: Linux  PlatformVersion: 5.14.0-427.37.1.el9_4.x86_64  CompilerName: GCC  CompilerVersion: 8.4.0
ProgramName: mri_edit_wm_with_aseg  ProgramArguments: mri_edit_wm_with_aseg -all-info  ProgramVersion: 7.3.2  TimeStamp: 2026/03/09-10:19:32-GMT  BuildTime: Aug  4 2022 06:17:15  BuildStamp: freesurfer-linux-ubuntu22_x86_64-7.3.2-20220804-6354275  User: oesteban  Machine: dna058  Platform: Linux  PlatformVersion: 5.14.0-427.37.1.el9_4.x86_64  CompilerName: GCC  CompilerVersion: 8.4.0
ProgramName: mri_em_register  ProgramArguments: mri_em_register -all-info  ProgramVersion: 7.3.2  TimeStamp: 2026/03/09-10:19:32-GMT  BuildTime: Aug  4 2022 06:17:15  BuildStamp: freesurfer-linux-ubuntu22_x86_64-7.3.2-20220804-6354275  User: oesteban  Machine: dna058  Platform: Linux  PlatformVersion: 5.14.0-427.37.1.el9_4.x86_64  CompilerName: GCC  CompilerVersion: 8.4.0
ProgramName: mri_fill  ProgramArguments: mri_fill -all-info  ProgramVersion: 7.3.2  TimeStamp: 2026/03/09-10:19:32-GMT  BuildTime: Aug  4 2022 06:17:15  BuildStamp: freesurfer-linux-ubuntu22_x86_64-7.3.2-20220804-6354275  User: oesteban  Machine: dna058  Platform: Linux  PlatformVersion: 5.14.0-427.37.1.el9_4.x86_64  CompilerName: GCC  CompilerVersion: 8.4.0
ProgramName: mri_fuse_segmentations  ProgramArguments: mri_fuse_segmentations -all-info  ProgramVersion: 7.3.2  TimeStamp: 2026/03/09-10:19:32-GMT  BuildTime: Aug  4 2022 06:17:15  BuildStamp: freesurfer-linux-ubuntu22_x86_64-7.3.2-20220804-6354275  User: oesteban  Machine: dna058  Platform: Linux  PlatformVersion: 5.14.0-427.37.1.el9_4.x86_64  CompilerName: GCC  CompilerVersion: 8.4.0
ProgramName: mri_fwhm  ProgramArguments: mri_fwhm -all-info  ProgramVersion: 7.3.2  TimeStamp: 2026/03/09-10:19:32-GMT  BuildTime: Aug  4 2022 06:17:15  BuildStamp: freesurfer-linux-ubuntu22_x86_64-7.3.2-20220804-6354275  User: oesteban  Machine: dna058  Platform: Linux  PlatformVersion: 5.14.0-427.37.1.el9_4.x86_64  CompilerName: GCC  CompilerVersion: 8.4.0
ProgramName: mri_gcut  ProgramArguments: mri_gcut -all-info  ProgramVersion: 7.3.2  TimeStamp: 2026/03/09-10:19:32-GMT  BuildTime: Aug  4 2022 06:17:15  BuildStamp: freesurfer-linux-ubuntu22_x86_64-7.3.2-20220804-6354275  User: oesteban  Machine: dna058  Platform: Linux  PlatformVersion: 5.14.0-427.37.1.el9_4.x86_64  CompilerName: GCC  CompilerVersion: 8.4.0
ProgramName: mri_info  ProgramArguments: mri_info -all-info  ProgramVersion: 7.3.2  TimeStamp: 2026/03/09-10:19:32-GMT  BuildTime: Aug  4 2022 06:17:15  BuildStamp: freesurfer-linux-ubuntu22_x86_64-7.3.2-20220804-6354275  User: oesteban  Machine: dna058  Platform: Linux  PlatformVersion: 5.14.0-427.37.1.el9_4.x86_64  CompilerName: GCC  CompilerVersion: 8.4.0
ProgramName: mri_label2label  ProgramArguments: mri_label2label -all-info  ProgramVersion: 7.3.2  TimeStamp: 2026/03/09-10:19:32-GMT  BuildTime: Aug  4 2022 06:17:15  BuildStamp: freesurfer-linux-ubuntu22_x86_64-7.3.2-20220804-6354275  User: oesteban  Machine: dna058  Platform: Linux  PlatformVersion: 5.14.0-427.37.1.el9_4.x86_64  CompilerName: GCC  CompilerVersion: 8.4.0
ProgramName: mri_label2vol  ProgramArguments: mri_label2vol -all-info  ProgramVersion: 7.3.2  TimeStamp: 2026/03/09-10:19:32-GMT  BuildTime: Aug  4 2022 06:17:15  BuildStamp: freesurfer-linux-ubuntu22_x86_64-7.3.2-20220804-6354275  User: oesteban  Machine: dna058  Platform: Linux  PlatformVersion: 5.14.0-427.37.1.el9_4.x86_64  CompilerName: GCC  CompilerVersion: 8.4.0
ProgramName: mri_log_likelihood  ProgramArguments: mri_log_likelihood -all-info  ProgramVersion: 7.3.2  TimeStamp: 2026/03/09-10:19:32-GMT  BuildTime: Aug  4 2022 06:17:15  BuildStamp: freesurfer-linux-ubuntu22_x86_64-7.3.2-20220804-6354275  User: oesteban  Machine: dna058  Platform: Linux  PlatformVersion: 5.14.0-427.37.1.el9_4.x86_64  CompilerName: GCC  CompilerVersion: 8.4.0
ProgramName: mri_mask  ProgramArguments: mri_mask -all-info  ProgramVersion: 7.3.2  TimeStamp: 2026/03/09-10:19:32-GMT  BuildTime: Aug  4 2022 06:17:15  BuildStamp: freesurfer-linux-ubuntu22_x86_64-7.3.2-20220804-6354275  User: oesteban  Machine: dna058  Platform: Linux  PlatformVersion: 5.14.0-427.37.1.el9_4.x86_64  CompilerName: GCC  CompilerVersion: 8.4.0
ProgramName: mri_matrix_multiply  ProgramArguments: mri_matrix_multiply -all-info  ProgramVersion: 7.3.2  TimeStamp: 2026/03/09-10:19:32-GMT  BuildTime: Aug  4 2022 06:17:15  BuildStamp: freesurfer-linux-ubuntu22_x86_64-7.3.2-20220804-6354275  User: oesteban  Machine: dna058  Platform: Linux  PlatformVersion: 5.14.0-427.37.1.el9_4.x86_64  CompilerName: GCC  CompilerVersion: 8.4.0
ProgramName: mri_normalize  ProgramArguments: mri_normalize -all-info  ProgramVersion: 7.3.2  TimeStamp: 2026/03/09-10:19:32-GMT  BuildTime: Aug  4 2022 06:17:15  BuildStamp: freesurfer-linux-ubuntu22_x86_64-7.3.2-20220804-6354275  User: oesteban  Machine: dna058  Platform: Linux  PlatformVersion: 5.14.0-427.37.1.el9_4.x86_64  CompilerName: GCC  CompilerVersion: 8.4.0
ProgramName: mri_normalize_tp2  ProgramArguments: mri_normalize_tp2 -all-info  ProgramVersion: 7.3.2  TimeStamp: 2026/03/09-10:19:32-GMT  BuildTime: Aug  4 2022 06:17:15  BuildStamp: freesurfer-linux-ubuntu22_x86_64-7.3.2-20220804-6354275  User: oesteban  Machine: dna058  Platform: Linux  PlatformVersion: 5.14.0-427.37.1.el9_4.x86_64  CompilerName: GCC  CompilerVersion: 8.4.0
ProgramName: mri_or  ProgramArguments: mri_or -all-info  ProgramVersion: 7.3.2  TimeStamp: 2026/03/09-10:19:32-GMT  BuildTime: Aug  4 2022 06:17:15  BuildStamp: freesurfer-linux-ubuntu22_x86_64-7.3.2-20220804-6354275  User: oesteban  Machine: dna058  Platform: Linux  PlatformVersion: 5.14.0-427.37.1.el9_4.x86_64  CompilerName: GCC  CompilerVersion: 8.4.0
ProgramName: mri_relabel_hypointensities  ProgramArguments: mri_relabel_hypointensities -all-info  ProgramVersion: 7.3.2  TimeStamp: 2026/03/09-10:19:32-GMT  BuildTime: Aug  4 2022 06:17:15  BuildStamp: freesurfer-linux-ubuntu22_x86_64-7.3.2-20220804-6354275  User: oesteban  Machine: dna058  Platform: Linux  PlatformVersion: 5.14.0-427.37.1.el9_4.x86_64  CompilerName: GCC  CompilerVersion: 8.4.0
ProgramName: mri_relabel_nonwm_hypos  ProgramArguments: mri_relabel_nonwm_hypos -all-info  ProgramVersion: 7.3.2  TimeStamp: 2026/03/09-10:19:32-GMT  BuildTime: Aug  4 2022 06:17:15  BuildStamp: freesurfer-linux-ubuntu22_x86_64-7.3.2-20220804-6354275  User: oesteban  Machine: dna058  Platform: Linux  PlatformVersion: 5.14.0-427.37.1.el9_4.x86_64  CompilerName: GCC  CompilerVersion: 8.4.0
ProgramName: mri_remove_neck  ProgramArguments: mri_remove_neck -all-info  ProgramVersion: 7.3.2  TimeStamp: 2026/03/09-10:19:32-GMT  BuildTime: Aug  4 2022 06:17:15  BuildStamp: freesurfer-linux-ubuntu22_x86_64-7.3.2-20220804-6354275  User: oesteban  Machine: dna058  Platform: Linux  PlatformVersion: 5.14.0-427.37.1.el9_4.x86_64  CompilerName: GCC  CompilerVersion: 8.4.0
7.3.2

ProgramName: mri_robust_register  ProgramArguments: mri_robust_register -all-info  ProgramVersion: 7.3.2  TimeStamp: 2026/03/09-10:19:32-GMT  BuildTime: Aug  4 2022 06:17:15  BuildStamp: freesurfer-linux-ubuntu22_x86_64-7.3.2-20220804-6354275  User: oesteban  Machine: dna058  Platform: Linux  PlatformVersion: 5.14.0-427.37.1.el9_4.x86_64  CompilerName: GCC  CompilerVersion: 8.4.0
7.3.2

ProgramName: mri_robust_template  ProgramArguments: mri_robust_template -all-info  ProgramVersion: 7.3.2  TimeStamp: 2026/03/09-10:19:32-GMT  BuildTime: Aug  4 2022 06:17:15  BuildStamp: freesurfer-linux-ubuntu22_x86_64-7.3.2-20220804-6354275  User: oesteban  Machine: dna058  Platform: Linux  PlatformVersion: 5.14.0-427.37.1.el9_4.x86_64  CompilerName: GCC  CompilerVersion: 8.4.0
ProgramName: mris_anatomical_stats  ProgramArguments: mris_anatomical_stats -all-info  ProgramVersion: 7.3.2  TimeStamp: 2026/03/09-10:19:32-GMT  BuildTime: Aug  4 2022 06:17:15  BuildStamp: freesurfer-linux-ubuntu22_x86_64-7.3.2-20220804-6354275  User: oesteban  Machine: dna058  Platform: Linux  PlatformVersion: 5.14.0-427.37.1.el9_4.x86_64  CompilerName: GCC  CompilerVersion: 8.4.0
ProgramName: mris_ca_label  ProgramArguments: mris_ca_label -all-info  ProgramVersion: 7.3.2  TimeStamp: 2026/03/09-10:19:32-GMT  BuildTime: Aug  4 2022 06:17:15  BuildStamp: freesurfer-linux-ubuntu22_x86_64-7.3.2-20220804-6354275  User: oesteban  Machine: dna058  Platform: Linux  PlatformVersion: 5.14.0-427.37.1.el9_4.x86_64  CompilerName: GCC  CompilerVersion: 8.4.0
ProgramName: mris_calc  ProgramArguments: mris_calc -all-info  ProgramVersion: 7.3.2  TimeStamp: 2026/03/09-10:19:32-GMT  BuildTime: Aug  4 2022 06:17:15  BuildStamp: freesurfer-linux-ubuntu22_x86_64-7.3.2-20220804-6354275  User: oesteban  Machine: dna058  Platform: Linux  PlatformVersion: 5.14.0-427.37.1.el9_4.x86_64  CompilerName: GCC  CompilerVersion: 8.4.0
ProgramName: mris_convert  ProgramArguments: mris_convert -all-info  ProgramVersion: 7.3.2  TimeStamp: 2026/03/09-10:19:32-GMT  BuildTime: Aug  4 2022 06:17:15  BuildStamp: freesurfer-linux-ubuntu22_x86_64-7.3.2-20220804-6354275  User: oesteban  Machine: dna058  Platform: Linux  PlatformVersion: 5.14.0-427.37.1.el9_4.x86_64  CompilerName: GCC  CompilerVersion: 8.4.0
ProgramName: mris_curvature  ProgramArguments: mris_curvature -all-info  ProgramVersion: 7.3.2  TimeStamp: 2026/03/09-10:19:32-GMT  BuildTime: Aug  4 2022 06:17:15  BuildStamp: freesurfer-linux-ubuntu22_x86_64-7.3.2-20220804-6354275  User: oesteban  Machine: dna058  Platform: Linux  PlatformVersion: 5.14.0-427.37.1.el9_4.x86_64  CompilerName: GCC  CompilerVersion: 8.4.0
ProgramName: mris_curvature_stats  ProgramArguments: mris_curvature_stats -all-info  ProgramVersion: 7.3.2  TimeStamp: 2026/03/09-10:19:32-GMT  BuildTime: Aug  4 2022 06:17:15  BuildStamp: freesurfer-linux-ubuntu22_x86_64-7.3.2-20220804-6354275  User: oesteban  Machine: dna058  Platform: Linux  PlatformVersion: 5.14.0-427.37.1.el9_4.x86_64  CompilerName: GCC  CompilerVersion: 8.4.0
ProgramName: mris_diff  ProgramArguments: mris_diff -all-info  ProgramVersion: 7.3.2  TimeStamp: 2026/03/09-10:19:32-GMT  BuildTime: Aug  4 2022 06:17:15  BuildStamp: freesurfer-linux-ubuntu22_x86_64-7.3.2-20220804-6354275  User: oesteban  Machine: dna058  Platform: Linux  PlatformVersion: 5.14.0-427.37.1.el9_4.x86_64  CompilerName: GCC  CompilerVersion: 8.4.0
ProgramName: mris_divide_parcellation  ProgramArguments: mris_divide_parcellation -all-info  ProgramVersion: 7.3.2  TimeStamp: 2026/03/09-10:19:32-GMT  BuildTime: Aug  4 2022 06:17:15  BuildStamp: freesurfer-linux-ubuntu22_x86_64-7.3.2-20220804-6354275  User: oesteban  Machine: dna058  Platform: Linux  PlatformVersion: 5.14.0-427.37.1.el9_4.x86_64  CompilerName: GCC  CompilerVersion: 8.4.0
ProgramName: mri_segment  ProgramArguments: mri_segment -all-info  ProgramVersion: 7.3.2  TimeStamp: 2026/03/09-10:19:32-GMT  BuildTime: Aug  4 2022 06:17:15  BuildStamp: freesurfer-linux-ubuntu22_x86_64-7.3.2-20220804-6354275  User: oesteban  Machine: dna058  Platform: Linux  PlatformVersion: 5.14.0-427.37.1.el9_4.x86_64  CompilerName: GCC  CompilerVersion: 8.4.0
ProgramName: mri_segstats  ProgramArguments: mri_segstats -all-info  ProgramVersion: 7.3.2  TimeStamp: 2026/03/09-10:19:32-GMT  BuildTime: Aug  4 2022 06:17:15  BuildStamp: freesurfer-linux-ubuntu22_x86_64-7.3.2-20220804-6354275  User: oesteban  Machine: dna058  Platform: Linux  PlatformVersion: 5.14.0-427.37.1.el9_4.x86_64  CompilerName: GCC  CompilerVersion: 8.4.0
ProgramName: mris_euler_number  ProgramArguments: mris_euler_number -all-info  ProgramVersion: 7.3.2  TimeStamp: 2026/03/09-10:19:32-GMT  BuildTime: Aug  4 2022 06:17:15  BuildStamp: freesurfer-linux-ubuntu22_x86_64-7.3.2-20220804-6354275  User: oesteban  Machine: dna058  Platform: Linux  PlatformVersion: 5.14.0-427.37.1.el9_4.x86_64  CompilerName: GCC  CompilerVersion: 8.4.0
ProgramName: mris_fix_topology  ProgramArguments: mris_fix_topology -all-info  ProgramVersion: 7.3.2  TimeStamp: 2026/03/09-10:19:32-GMT  BuildTime: Aug  4 2022 06:17:15  BuildStamp: freesurfer-linux-ubuntu22_x86_64-7.3.2-20220804-6354275  User: oesteban  Machine: dna058  Platform: Linux  PlatformVersion: 5.14.0-427.37.1.el9_4.x86_64  CompilerName: GCC  CompilerVersion: 8.4.0
ProgramName: mris_topo_fixer  ProgramArguments: mris_topo_fixer -all-info  ProgramVersion: 7.3.2  TimeStamp: 2026/03/09-10:19:32-GMT  BuildTime: Aug  4 2022 06:17:15  BuildStamp: freesurfer-linux-ubuntu22_x86_64-7.3.2-20220804-6354275  User: oesteban  Machine: dna058  Platform: Linux  PlatformVersion: 5.14.0-427.37.1.el9_4.x86_64  CompilerName: GCC  CompilerVersion: 8.4.0
ProgramName: mris_jacobian  ProgramArguments: mris_jacobian -all-info  ProgramVersion: 7.3.2  TimeStamp: 2026/03/09-10:19:32-GMT  BuildTime: Aug  4 2022 06:17:15  BuildStamp: freesurfer-linux-ubuntu22_x86_64-7.3.2-20220804-6354275  User: oesteban  Machine: dna058  Platform: Linux  PlatformVersion: 5.14.0-427.37.1.el9_4.x86_64  CompilerName: GCC  CompilerVersion: 8.4.0
ProgramName: mris_label2annot  ProgramArguments: mris_label2annot -all-info  ProgramVersion: 7.3.2  TimeStamp: 2026/03/09-10:19:32-GMT  BuildTime: Aug  4 2022 06:17:15  BuildStamp: freesurfer-linux-ubuntu22_x86_64-7.3.2-20220804-6354275  User: oesteban  Machine: dna058  Platform: Linux  PlatformVersion: 5.14.0-427.37.1.el9_4.x86_64  CompilerName: GCC  CompilerVersion: 8.4.0
ProgramName: mris_left_right_register  ProgramArguments: mris_left_right_register -all-info  ProgramVersion: 7.3.2  TimeStamp: 2026/03/09-10:19:32-GMT  BuildTime: Aug  4 2022 06:17:15  BuildStamp: freesurfer-linux-ubuntu22_x86_64-7.3.2-20220804-6354275  User: oesteban  Machine: dna058  Platform: Linux  PlatformVersion: 5.14.0-427.37.1.el9_4.x86_64  CompilerName: GCC  CompilerVersion: 8.4.0
ProgramName: mris_place_surface  ProgramArguments: mris_place_surface -all-info  ProgramVersion: 7.3.2  TimeStamp: 2026/03/09-10:19:32-GMT  BuildTime: Aug  4 2022 06:17:15  BuildStamp: freesurfer-linux-ubuntu22_x86_64-7.3.2-20220804-6354275  User: oesteban  Machine: dna058  Platform: Linux  PlatformVersion: 5.14.0-427.37.1.el9_4.x86_64  CompilerName: GCC  CompilerVersion: 8.4.0
ProgramName: mrisp_paint  ProgramArguments: mrisp_paint -all-info  ProgramVersion: 7.3.2  TimeStamp: 2026/03/09-10:19:32-GMT  BuildTime: Aug  4 2022 06:17:15  BuildStamp: freesurfer-linux-ubuntu22_x86_64-7.3.2-20220804-6354275  User: oesteban  Machine: dna058  Platform: Linux  PlatformVersion: 5.14.0-427.37.1.el9_4.x86_64  CompilerName: GCC  CompilerVersion: 8.4.0
ProgramName: mris_register  ProgramArguments: mris_register -all-info  ProgramVersion: 7.3.2  TimeStamp: 2026/03/09-10:19:32-GMT  BuildTime: Aug  4 2022 06:17:15  BuildStamp: freesurfer-linux-ubuntu22_x86_64-7.3.2-20220804-6354275  User: oesteban  Machine: dna058  Platform: Linux  PlatformVersion: 5.14.0-427.37.1.el9_4.x86_64  CompilerName: GCC  CompilerVersion: 8.4.0
ProgramName: mris_smooth  ProgramArguments: mris_smooth -all-info  ProgramVersion: 7.3.2  TimeStamp: 2026/03/09-10:19:32-GMT  BuildTime: Aug  4 2022 06:17:15  BuildStamp: freesurfer-linux-ubuntu22_x86_64-7.3.2-20220804-6354275  User: oesteban  Machine: dna058  Platform: Linux  PlatformVersion: 5.14.0-427.37.1.el9_4.x86_64  CompilerName: GCC  CompilerVersion: 8.4.0
ProgramName: mris_sphere  ProgramArguments: mris_sphere -all-info  ProgramVersion: 7.3.2  TimeStamp: 2026/03/09-10:19:32-GMT  BuildTime: Aug  4 2022 06:17:15  BuildStamp: freesurfer-linux-ubuntu22_x86_64-7.3.2-20220804-6354275  User: oesteban  Machine: dna058  Platform: Linux  PlatformVersion: 5.14.0-427.37.1.el9_4.x86_64  CompilerName: GCC  CompilerVersion: 8.4.0
ProgramName: mris_surface_stats  ProgramArguments: mris_surface_stats -all-info  ProgramVersion: 7.3.2  TimeStamp: 2026/03/09-10:19:32-GMT  BuildTime: Aug  4 2022 06:17:15  BuildStamp: freesurfer-linux-ubuntu22_x86_64-7.3.2-20220804-6354275  User: oesteban  Machine: dna058  Platform: Linux  PlatformVersion: 5.14.0-427.37.1.el9_4.x86_64  CompilerName: GCC  CompilerVersion: 8.4.0
ProgramName: mri_stats2seg  ProgramArguments: mri_stats2seg -all-info  ProgramVersion: 7.3.2  TimeStamp: 2026/03/09-10:19:32-GMT  BuildTime: Aug  4 2022 06:17:15  BuildStamp: freesurfer-linux-ubuntu22_x86_64-7.3.2-20220804-6354275  User: oesteban  Machine: dna058  Platform: Linux  PlatformVersion: 5.14.0-427.37.1.el9_4.x86_64  CompilerName: GCC  CompilerVersion: 8.4.0
ProgramName: mris_thickness  ProgramArguments: mris_thickness -all-info  ProgramVersion: 7.3.2  TimeStamp: 2026/03/09-10:19:32-GMT  BuildTime: Aug  4 2022 06:17:15  BuildStamp: freesurfer-linux-ubuntu22_x86_64-7.3.2-20220804-6354275  User: oesteban  Machine: dna058  Platform: Linux  PlatformVersion: 5.14.0-427.37.1.el9_4.x86_64  CompilerName: GCC  CompilerVersion: 8.4.0
ProgramName: mris_thickness_diff  ProgramArguments: mris_thickness_diff -all-info  ProgramVersion: 7.3.2  TimeStamp: 2026/03/09-10:19:32-GMT  BuildTime: Aug  4 2022 06:17:15  BuildStamp: freesurfer-linux-ubuntu22_x86_64-7.3.2-20220804-6354275  User: oesteban  Machine: dna058  Platform: Linux  PlatformVersion: 5.14.0-427.37.1.el9_4.x86_64  CompilerName: GCC  CompilerVersion: 8.4.0
ProgramName: mris_topo_fixer  ProgramArguments: mris_topo_fixer -all-info  ProgramVersion: 7.3.2  TimeStamp: 2026/03/09-10:19:32-GMT  BuildTime: Aug  4 2022 06:17:15  BuildStamp: freesurfer-linux-ubuntu22_x86_64-7.3.2-20220804-6354275  User: oesteban  Machine: dna058  Platform: Linux  PlatformVersion: 5.14.0-427.37.1.el9_4.x86_64  CompilerName: GCC  CompilerVersion: 8.4.0
ProgramName: mri_surf2surf  ProgramArguments: mri_surf2surf -all-info  ProgramVersion: 7.3.2  TimeStamp: 2026/03/09-10:19:32-GMT  BuildTime: Aug  4 2022 06:17:15  BuildStamp: freesurfer-linux-ubuntu22_x86_64-7.3.2-20220804-6354275  User: oesteban  Machine: dna058  Platform: Linux  PlatformVersion: 5.14.0-427.37.1.el9_4.x86_64  CompilerName: GCC  CompilerVersion: 8.4.0
ProgramName: mri_surf2vol  ProgramArguments: mri_surf2vol -all-info  ProgramVersion: 7.3.2  TimeStamp: 2026/03/09-10:19:32-GMT  BuildTime: Aug  4 2022 06:17:15  BuildStamp: freesurfer-linux-ubuntu22_x86_64-7.3.2-20220804-6354275  User: oesteban  Machine: dna058  Platform: Linux  PlatformVersion: 5.14.0-427.37.1.el9_4.x86_64  CompilerName: GCC  CompilerVersion: 8.4.0
ProgramName: mri_surfcluster  ProgramArguments: mri_surfcluster -all-info  ProgramVersion: 7.3.2  TimeStamp: 2026/03/09-10:19:32-GMT  BuildTime: Aug  4 2022 06:17:15  BuildStamp: freesurfer-linux-ubuntu22_x86_64-7.3.2-20220804-6354275  User: oesteban  Machine: dna058  Platform: Linux  PlatformVersion: 5.14.0-427.37.1.el9_4.x86_64  CompilerName: GCC  CompilerVersion: 8.4.0
ProgramName: mris_volmask  ProgramArguments: mris_volmask -all-info  ProgramVersion: 7.3.2  TimeStamp: 2026/03/09-10:19:32-GMT  BuildTime: Aug  4 2022 06:17:15  BuildStamp: freesurfer-linux-ubuntu22_x86_64-7.3.2-20220804-6354275  User: oesteban  Machine: dna058  Platform: Linux  PlatformVersion: 5.14.0-427.37.1.el9_4.x86_64  CompilerName: GCC  CompilerVersion: 8.4.0
ProgramName: mri_tessellate  ProgramArguments: mri_tessellate -all-info  ProgramVersion: 7.3.2  TimeStamp: 2026/03/09-10:19:32-GMT  BuildTime: Aug  4 2022 06:17:15  BuildStamp: freesurfer-linux-ubuntu22_x86_64-7.3.2-20220804-6354275  User: oesteban  Machine: dna058  Platform: Linux  PlatformVersion: 5.14.0-427.37.1.el9_4.x86_64  CompilerName: GCC  CompilerVersion: 8.4.0
ProgramName: mri_vol2surf  ProgramArguments: mri_vol2surf -all-info  ProgramVersion: 7.3.2  TimeStamp: 2026/03/09-10:19:32-GMT  BuildTime: Aug  4 2022 06:17:15  BuildStamp: freesurfer-linux-ubuntu22_x86_64-7.3.2-20220804-6354275  User: oesteban  Machine: dna058  Platform: Linux  PlatformVersion: 5.14.0-427.37.1.el9_4.x86_64  CompilerName: GCC  CompilerVersion: 8.4.0
ProgramName: mri_vol2vol  ProgramArguments: mri_vol2vol -all-info  ProgramVersion: 7.3.2  TimeStamp: 2026/03/09-10:19:32-GMT  BuildTime: Aug  4 2022 06:17:15  BuildStamp: freesurfer-linux-ubuntu22_x86_64-7.3.2-20220804-6354275  User: oesteban  Machine: dna058  Platform: Linux  PlatformVersion: 5.14.0-427.37.1.el9_4.x86_64  CompilerName: GCC  CompilerVersion: 8.4.0
ProgramName: mri_voldiff  ProgramArguments: mri_voldiff -all-info  ProgramVersion: 7.3.2  TimeStamp: 2026/03/09-10:19:32-GMT  BuildTime: Aug  4 2022 06:17:15  BuildStamp: freesurfer-linux-ubuntu22_x86_64-7.3.2-20220804-6354275  User: oesteban  Machine: dna058  Platform: Linux  PlatformVersion: 5.14.0-427.37.1.el9_4.x86_64  CompilerName: GCC  CompilerVersion: 8.4.0
ProgramName: mri_watershed  ProgramArguments: mri_watershed -all-info  ProgramVersion: 7.3.2  TimeStamp: 2026/03/09-10:19:32-GMT  BuildTime: Aug  4 2022 06:17:15  BuildStamp: freesurfer-linux-ubuntu22_x86_64-7.3.2-20220804-6354275  User: oesteban  Machine: dna058  Platform: Linux  PlatformVersion: 5.14.0-427.37.1.el9_4.x86_64  CompilerName: GCC  CompilerVersion: 8.4.0
ProgramName: tkregister2  ProgramArguments: tkregister2_cmdl -all-info  ProgramVersion: 7.3.2  TimeStamp: 2026/03/09-10:19:32-GMT  BuildTime: Aug  4 2022 06:17:15  BuildStamp: freesurfer-linux-ubuntu22_x86_64-7.3.2-20220804-6354275  User: oesteban  Machine: dna058  Platform: Linux  PlatformVersion: 5.14.0-427.37.1.el9_4.x86_64  CompilerName: GCC  CompilerVersion: 8.4.0
mri_motion_correct.fsl 7.3.2
mri_convert -all-info 
ProgramName: mri_convert  ProgramArguments: mri_convert -all-info  ProgramVersion: 7.3.2  TimeStamp: 2026/03/09-10:19:32-GMT  BuildTime: Aug  4 2022 06:17:15  BuildStamp: freesurfer-linux-ubuntu22_x86_64-7.3.2-20220804-6354275  User: oesteban  Machine: dna058  Platform: Linux  PlatformVersion: 5.14.0-427.37.1.el9_4.x86_64  CompilerName: GCC  CompilerVersion: 8.4.0
Program nu_correct, built from:
Package MNI N3, version 1.12.0, compiled by nicks@terrier (x86_64-unknown-linux-gnu) on 2015-06-19 at 01:25:34
#######################################
GCADIR /opt/freesurfer/average
GCA RB_all_2020-01-02.gca
GCASkull RB_all_withskull_2020_01_02.gca
AvgCurvTif folding.atlas.acfb40.noaparc.i12.2016-08-02.tif
GCSDIR /opt/freesurfer/average
GCS DKaparc.atlas.acfb40.noaparc.i12.2016-08-02.gcs
#######################################
/out/sourcedata/freesurfer/sub-v1s21x0050414_ses-1

 mri_convert /work/fmriprep_25_2_wf/sub_v1s21x0050414_ses_1_wf/anat_fit_wf/anat_validate/sub-v1s21x0050414_ses-1_T1w_noise_corrected_ras_valid.nii.gz /out/sourcedata/freesurfer/sub-v1s21x0050414_ses-1/mri/orig/001.mgz 

mri_convert /work/fmriprep_25_2_wf/sub_v1s21x0050414_ses_1_wf/anat_fit_wf/anat_validate/sub-v1s21x0050414_ses-1_T1w_noise_corrected_ras_valid.nii.gz /out/sourcedata/freesurfer/sub-v1s21x0050414_ses-1/mri/orig/001.mgz 
reading from /work/fmriprep_25_2_wf/sub_v1s21x0050414_ses_1_wf/anat_fit_wf/anat_validate/sub-v1s21x0050414_ses-1_T1w_noise_corrected_ras_valid.nii.gz...
TR=0.00, TE=0.00, TI=0.00, flip angle=0.00
i_ras = (1, 0, 0)
j_ras = (0, 1, 0)
k_ras = (0, 0, 1)
writing to /out/sourcedata/freesurfer/sub-v1s21x0050414_ses-1/mri/orig/001.mgz...
#--------------------------------------------
#@# MotionCor Mon Mar  9 11:19:33 CET 2026
Found 1 runs
/out/sourcedata/freesurfer/sub-v1s21x0050414_ses-1/mri/orig/001.mgz
Checking for (invalid) multi-frame inputs...
Only one run found so motion
correction will not be performed. I'll
copy the run to rawavg and continue.

 cp /out/sourcedata/freesurfer/sub-v1s21x0050414_ses-1/mri/orig/001.mgz /out/sourcedata/freesurfer/sub-v1s21x0050414_ses-1/mri/rawavg.mgz 


 mri_info /out/sourcedata/freesurfer/sub-v1s21x0050414_ses-1/mri/rawavg.mgz 

rawavg.mgz ========================================
Volume information for /out/sourcedata/freesurfer/sub-v1s21x0050414_ses-1/mri/rawavg.mgz
          type: MGH
    dimensions: 106 x 256 x 256
   voxel sizes: 1.400000, 1.000000, 1.000000
          type: FLOAT (3)
           fov: 256.000
           dof: 1
        xstart: -74.2, xend: 74.2
        ystart: -128.0, yend: 128.0
        zstart: -128.0, zend: 128.0
            TR: 0.00 msec, TE: 0.00 msec, TI: 0.00 msec, flip angle: 0.00 degrees
       nframes: 1
       PhEncDir: UNKNOWN
       FieldStrength: 0.000000
ras xform present
    xform info: x_r =   1.0000, y_r =   0.0000, z_r =   0.0000, c_r =     0.7000
              : x_a =   0.0000, y_a =   1.0000, z_a =   0.0000, c_a =     0.5000
              : x_s =   0.0000, y_s =   0.0000, z_s =   1.0000, c_s =     0.5000

talairach xfm : 
Orientation   : RAS
Primary Slice Direction: axial

voxel to ras transform:
                1.4000   0.0000   0.0000   -73.5000
                0.0000   1.0000   0.0000  -127.5000
                0.0000   0.0000   1.0000  -127.5000
                0.0000   0.0000   0.0000     1.0000

voxel-to-ras determinant 1.4

ras to voxel transform:
                0.7143   0.0000   0.0000    52.5000
                0.0000   1.0000   0.0000   127.5000
                0.0000   0.0000   1.0000   127.5000
                0.0000   0.0000   0.0000     1.0000
/out/sourcedata/freesurfer/sub-v1s21x0050414_ses-1

 mri_convert /out/sourcedata/freesurfer/sub-v1s21x0050414_ses-1/mri/rawavg.mgz /out/sourcedata/freesurfer/sub-v1s21x0050414_ses-1/mri/orig.mgz --conform 

mri_convert /out/sourcedata/freesurfer/sub-v1s21x0050414_ses-1/mri/rawavg.mgz /out/sourcedata/freesurfer/sub-v1s21x0050414_ses-1/mri/orig.mgz --conform 
reading from /out/sourcedata/freesurfer/sub-v1s21x0050414_ses-1/mri/rawavg.mgz...
TR=0.00, TE=0.00, TI=0.00, flip angle=0.00
i_ras = (1, 0, 0)
j_ras = (0, 1, 0)
k_ras = (0, 0, 1)
changing data type from float to uchar (noscale = 0)...
MRIchangeType: Building histogram 0 3947.27 1000, flo=0, fhi=0.999, dest_type=0
Reslicing using trilinear interpolation 
writing to /out/sourcedata/freesurfer/sub-v1s21x0050414_ses-1/mri/orig.mgz...

 mri_add_xform_to_header -c /out/sourcedata/freesurfer/sub-v1s21x0050414_ses-1/mri/transforms/talairach.xfm /out/sourcedata/freesurfer/sub-v1s21x0050414_ses-1/mri/orig.mgz /out/sourcedata/freesurfer/sub-v1s21x0050414_ses-1/mri/orig.mgz 

INFO: extension is mgz

 mri_info /out/sourcedata/freesurfer/sub-v1s21x0050414_ses-1/mri/orig.mgz 

orig.mgz ========================================
Volume information for /out/sourcedata/freesurfer/sub-v1s21x0050414_ses-1/mri/orig.mgz
          type: MGH
    dimensions: 256 x 256 x 256
   voxel sizes: 1.000000, 1.000000, 1.000000
          type: UCHAR (0)
           fov: 256.000
           dof: 1
        xstart: -128.0, xend: 128.0
        ystart: -128.0, yend: 128.0
        zstart: -128.0, zend: 128.0
            TR: 0.00 msec, TE: 0.00 msec, TI: 0.00 msec, flip angle: 0.00 degrees
       nframes: 1
       PhEncDir: UNKNOWN
       FieldStrength: 0.000000
ras xform present
    xform info: x_r =  -1.0000, y_r =   0.0000, z_r =   0.0000, c_r =     0.7000
              : x_a =   0.0000, y_a =   0.0000, z_a =   1.0000, c_a =     0.5000
              : x_s =   0.0000, y_s =  -1.0000, z_s =   0.0000, c_s =     0.5000

talairach xfm : /out/sourcedata/freesurfer/sub-v1s21x0050414_ses-1/mri/transforms/talairach.xfm
Orientation   : LIA
Primary Slice Direction: coronal

voxel to ras transform:
               -1.0000   0.0000   0.0000   128.7000
                0.0000   0.0000   1.0000  -127.5000
                0.0000  -1.0000   0.0000   128.5000
                0.0000   0.0000   0.0000     1.0000

voxel-to-ras determinant -1

ras to voxel transform:
               -1.0000  -0.0000  -0.0000   128.7000
               -0.0000  -0.0000  -1.0000   128.5000
               -0.0000   1.0000  -0.0000   127.5000
               -0.0000  -0.0000  -0.0000     1.0000
#--------------------------------------------
#@# Talairach Mon Mar  9 11:19:40 CET 2026
/out/sourcedata/freesurfer/sub-v1s21x0050414_ses-1/mri

 mri_nu_correct.mni --no-rescale --i orig.mgz --o orig_nu.mgz --ants-n4 --n 1 --proto-iters 1000 --distance 50 

/usr/bin/bc
/out/sourcedata/freesurfer/sub-v1s21x0050414_ses-1/mri
/opt/freesurfer/bin/mri_nu_correct.mni
--no-rescale --i orig.mgz --o orig_nu.mgz --ants-n4 --n 1 --proto-iters 1000 --distance 50
nIters 1
mri_nu_correct.mni 7.3.2
Linux dna058 5.14.0-427.37.1.el9_4.x86_64 #1 SMP PREEMPT_DYNAMIC Fri Sep 13 12:41:50 EDT 2024 x86_64 x86_64 x86_64 GNU/Linux
Mon Mar  9 11:19:40 CET 2026
tmpdir is ./tmp.mri_nu_correct.mni.3539433
cd /out/sourcedata/freesurfer/sub-v1s21x0050414_ses-1/mri
AntsN4BiasFieldCorrectionFs -i orig.mgz -o ./tmp.mri_nu_correct.mni.3539433/nu0.mgz --dtype uchar
AntsN4BiasFieldCorrectionFs done
mri_convert ./tmp.mri_nu_correct.mni.3539433/nu0.mgz orig_nu.mgz --like orig.mgz --conform
mri_convert ./tmp.mri_nu_correct.mni.3539433/nu0.mgz orig_nu.mgz --like orig.mgz --conform 
reading from ./tmp.mri_nu_correct.mni.3539433/nu0.mgz...
TR=0.00, TE=0.00, TI=0.00, flip angle=0.00
i_ras = (-1, 0, 0)
j_ras = (0, 0, -1)
k_ras = (0, 1, 0)
INFO: transform src into the like-volume: orig.mgz
writing to orig_nu.mgz...
 
 
Mon Mar  9 11:22:34 CET 2026
mri_nu_correct.mni done

 talairach_avi --i orig_nu.mgz --xfm transforms/talairach.auto.xfm 

talairach_avi log file is transforms/talairach_avi.log...
mv -f /out/sourcedata/freesurfer/sub-v1s21x0050414_ses-1/mri/talsrcimg_to_711-2C_as_mni_average_305_t4_vox2vox.txt /out/sourcedata/freesurfer/sub-v1s21x0050414_ses-1/mri/transforms/talsrcimg_to_711-2C_as_mni_average_305_t4_vox2vox.txt
Started at Mon Mar 9 11:22:34 CET 2026
Ended   at Mon Mar  9 11:24:02 CET 2026
talairach_avi done

 cp transforms/talairach.auto.xfm transforms/talairach.xfm 

lta_convert --src orig.mgz --trg /opt/freesurfer/average/mni305.cor.mgz --inxfm transforms/talairach.xfm --outlta transforms/talairach.xfm.lta --subject fsaverage --ltavox2vox
7.3.2

--src: orig.mgz src image (geometry).
--trg: /opt/freesurfer/average/mni305.cor.mgz trg image (geometry).
--inmni: transforms/talairach.xfm input MNI/XFM transform.
--outlta: transforms/talairach.xfm.lta output LTA.
--s: fsaverage subject name
--ltavox2vox: output LTA as VOX_TO_VOX transform.
 LTA read, type : 1
 1.14025  -0.01717   0.03795  -0.09151;
-0.05037   0.97895   0.42599  -14.84126;
-0.03090  -0.39636   1.11099  -24.34190;
 0.00000   0.00000   0.00000   1.00000;
setting subject to fsaverage
Writing  LTA to file transforms/talairach.xfm.lta...
lta_convert successful.
#--------------------------------------------
#@# Talairach Failure Detection Mon Mar  9 11:24:04 CET 2026
/out/sourcedata/freesurfer/sub-v1s21x0050414_ses-1/mri

 talairach_afd -T 0.005 -xfm transforms/talairach.xfm 

talairach_afd: Talairach Transform: transforms/talairach.xfm OK (p=0.6157, pval=0.2817 >= threshold=0.0050)

 awk -f /opt/freesurfer/bin/extract_talairach_avi_QA.awk /out/sourcedata/freesurfer/sub-v1s21x0050414_ses-1/mri/transforms/talairach_avi.log 


 tal_QC_AZS /out/sourcedata/freesurfer/sub-v1s21x0050414_ses-1/mri/transforms/talairach_avi.log 

TalAviQA: 0.97096
z-score: -1
#--------------------------------------------
#@# Nu Intensity Correction Mon Mar  9 11:24:04 CET 2026

 mri_nu_correct.mni --i orig.mgz --o nu.mgz --uchar transforms/talairach.xfm --n 2 --ants-n4 

/usr/bin/bc
/out/sourcedata/freesurfer/sub-v1s21x0050414_ses-1/mri
/opt/freesurfer/bin/mri_nu_correct.mni
--i orig.mgz --o nu.mgz --uchar transforms/talairach.xfm --n 2 --ants-n4
nIters 2
mri_nu_correct.mni 7.3.2
Linux dna058 5.14.0-427.37.1.el9_4.x86_64 #1 SMP PREEMPT_DYNAMIC Fri Sep 13 12:41:50 EDT 2024 x86_64 x86_64 x86_64 GNU/Linux
Mon Mar  9 11:24:04 CET 2026
tmpdir is ./tmp.mri_nu_correct.mni.3540344
cd /out/sourcedata/freesurfer/sub-v1s21x0050414_ses-1/mri
AntsN4BiasFieldCorrectionFs -i orig.mgz -o ./tmp.mri_nu_correct.mni.3540344/nu0.mgz --dtype uchar
AntsN4BiasFieldCorrectionFs done
mri_binarize --i ./tmp.mri_nu_correct.mni.3540344/nu0.mgz --min -1 --o ./tmp.mri_nu_correct.mni.3540344/ones.mgz

7.3.2
cwd /out/sourcedata/freesurfer/sub-v1s21x0050414_ses-1/mri
cmdline mri_binarize --i ./tmp.mri_nu_correct.mni.3540344/nu0.mgz --min -1 --o ./tmp.mri_nu_correct.mni.3540344/ones.mgz 
sysname  Linux
hostname dna058
machine  x86_64
user     oesteban

input      ./tmp.mri_nu_correct.mni.3540344/nu0.mgz
frame      0
nErode3d   0
nErode2d   0
output     ./tmp.mri_nu_correct.mni.3540344/ones.mgz
Binarizing based on threshold
min        -1
max        +infinity
binval        1
binvalnot     0
fstart = 0, fend = 0, nframes = 1
Starting parallel 1
Found 16777216 values in range
Counting number of voxels in first frame
Found 16777215 voxels in final mask
Writing output to ./tmp.mri_nu_correct.mni.3540344/ones.mgz
Count: 16777215 16777215.000000 16777216 99.999994
mri_binarize done
mri_segstats --id 1 --seg ./tmp.mri_nu_correct.mni.3540344/ones.mgz --i orig.mgz --sum ./tmp.mri_nu_correct.mni.3540344/sum.junk --avgwf ./tmp.mri_nu_correct.mni.3540344/input.mean.dat

7.3.2
cwd 
cmdline mri_segstats --id 1 --seg ./tmp.mri_nu_correct.mni.3540344/ones.mgz --i orig.mgz --sum ./tmp.mri_nu_correct.mni.3540344/sum.junk --avgwf ./tmp.mri_nu_correct.mni.3540344/input.mean.dat 
sysname  Linux
hostname dna058
machine  x86_64
user     oesteban
whitesurfname  white
UseRobust  0
Loading ./tmp.mri_nu_correct.mni.3540344/ones.mgz
Loading orig.mgz
Voxel Volume is 1 mm^3
Generating list of segmentation ids
Found   1 segmentations
Computing statistics for each segmentation

Reporting on   1 segmentations
Using PrintSegStat
Computing spatial average of each frame

Writing to ./tmp.mri_nu_correct.mni.3540344/input.mean.dat
mri_segstats done
mri_segstats --id 1 --seg ./tmp.mri_nu_correct.mni.3540344/ones.mgz --i ./tmp.mri_nu_correct.mni.3540344/nu0.mgz --sum ./tmp.mri_nu_correct.mni.3540344/sum.junk --avgwf ./tmp.mri_nu_correct.mni.3540344/output.mean.dat

7.3.2
cwd 
cmdline mri_segstats --id 1 --seg ./tmp.mri_nu_correct.mni.3540344/ones.mgz --i ./tmp.mri_nu_correct.mni.3540344/nu0.mgz --sum ./tmp.mri_nu_correct.mni.3540344/sum.junk --avgwf ./tmp.mri_nu_correct.mni.3540344/output.mean.dat 
sysname  Linux
hostname dna058
machine  x86_64
user     oesteban
whitesurfname  white
UseRobust  0
Loading ./tmp.mri_nu_correct.mni.3540344/ones.mgz
Loading ./tmp.mri_nu_correct.mni.3540344/nu0.mgz
Voxel Volume is 1 mm^3
Generating list of segmentation ids
Found   1 segmentations
Computing statistics for each segmentation

Reporting on   1 segmentations
Using PrintSegStat
Computing spatial average of each frame

Writing to ./tmp.mri_nu_correct.mni.3540344/output.mean.dat
mri_segstats done
mris_calc -o ./tmp.mri_nu_correct.mni.3540344/nu0.mgz ./tmp.mri_nu_correct.mni.3540344/nu0.mgz mul 1.13527506170495538257
Saving result to './tmp.mri_nu_correct.mni.3540344/nu0.mgz' (type = MGH )                       [ ok ]
mri_convert ./tmp.mri_nu_correct.mni.3540344/nu0.mgz nu.mgz --like orig.mgz
mri_convert ./tmp.mri_nu_correct.mni.3540344/nu0.mgz nu.mgz --like orig.mgz 
reading from ./tmp.mri_nu_correct.mni.3540344/nu0.mgz...
TR=0.00, TE=0.00, TI=0.00, flip angle=0.00
i_ras = (-1, 0, 0)
j_ras = (0, 0, -1)
k_ras = (0, 1, 0)
INFO: transform src into the like-volume: orig.mgz
writing to nu.mgz...
mri_make_uchar nu.mgz transforms/talairach.xfm nu.mgz
type change took 0 minutes and 6 seconds.
FIRST_PERCENTILE 0.010000
WM_PERCENTILE    0.900000
MAX_R 50.000000
i1 = 6, i2 = 35
#mri_make_uchar# mapping 15 90 to  3 110  :  b -19.681 m 1.43848 : thresh 13.6818 maxsat 190.952 : nzero 14496887 nsat 23312
 
 
Mon Mar  9 11:27:19 CET 2026
mri_nu_correct.mni done

 mri_add_xform_to_header -c /out/sourcedata/freesurfer/sub-v1s21x0050414_ses-1/mri/transforms/talairach.xfm nu.mgz nu.mgz 

INFO: extension is mgz
#--------------------------------------------
#@# Intensity Normalization Mon Mar  9 11:27:19 CET 2026
/out/sourcedata/freesurfer/sub-v1s21x0050414_ses-1/mri

 mri_normalize -g 1 -seed 1234 -mprage nu.mgz T1.mgz 

using max gradient = 1.000
setting seed for random number genererator to 1234
assuming input volume is MGH (Van der Kouwe) MP-RAGE
reading mri_src from nu.mgz...
normalizing image...
NOT doing gentle normalization with control points/label
talairach transform
 1.14025  -0.01717   0.03795  -0.09151;
-0.05037   0.97895   0.42599  -14.84126;
-0.03090  -0.39636   1.11099  -24.34190;
 0.00000   0.00000   0.00000   1.00000;
processing without aseg, no1d=0
MRInormInit(): 
INFO: Modifying talairach volume c_(r,a,s) based on average_305
MRInormalize(): 
MRIsplineNormalize(): npeaks = 14
Starting OpenSpline(): npoints = 14
building Voronoi diagram...
performing soap bubble smoothing, sigma = 8...

Iterating 2 times
---------------------------------
3d normalization pass 1 of 2
white matter peak found at 110
white matter peak found at 110
gm peak at 66 (66), valley at 42 (42)
csf peak at 33, setting threshold to 55
building Voronoi diagram...
performing soap bubble smoothing, sigma = 8...
---------------------------------
3d normalization pass 2 of 2
white matter peak found at 110
white matter peak found at 110
gm peak at 67 (67), valley at 26 (26)
csf peak at 34, setting threshold to 56
building Voronoi diagram...
performing soap bubble smoothing, sigma = 8...
Done iterating ---------------------------------
writing output to T1.mgz
3D bias adjustment took 1 minutes and 30 seconds.

Started at Mon Mar 9 11:19:32 CET 2026 
Ended   at Mon Mar 9 11:28:50 CET 2026
#@#%# recon-all-run-time-hours 0.155
recon-all -s sub-v1s21x0050414_ses-1 finished without error at Mon Mar  9 11:28:50 CET 2026



#New# invocation of recon-all 




Mon Mar  9 11:35:48 CET 2026
cd /out/sourcedata/freesurfer/sub-v1s21x0050414_ses-1
setenv SUBJECTS_DIR /out/sourcedata/freesurfer
/opt/freesurfer/bin/recon-all -openmp 16 -subjid sub-v1s21x0050414_ses-1 -sd /out/sourcedata/freesurfer -gcareg

subjid sub-v1s21x0050414_ses-1
setenv SUBJECTS_DIR /out/sourcedata/freesurfer
FREESURFER_HOME /opt/freesurfer
Actual FREESURFER_HOME /opt/freesurfer
build-stamp.txt: freesurfer-linux-ubuntu22_x86_64-7.3.2-20220804-6354275
Linux dna058 5.14.0-427.37.1.el9_4.x86_64 #1 SMP PREEMPT_DYNAMIC Fri Sep 13 12:41:50 EDT 2024 x86_64 x86_64 x86_64 GNU/Linux
cputime      unlimited
filesize     unlimited
datasize     unlimited
stacksize    8192 kbytes
coredumpsize 0 kbytes
memoryuse    67108864 kbytes
vmemoryuse   unlimited
descriptors  1024 
memorylocked unlimited
maxproc      2061970 
maxlocks     unlimited
maxsignal    2061970 
maxmessage   819200 
maxnice      0 
maxrtprio    0 
maxrttime    unlimited

               total        used        free      shared  buff/cache   available
Mem:           503Gi        53Gi       200Gi        14Gi       249Gi       432Gi
Swap:             0B          0B          0B

########################################
program versions used
7.3.2 (freesurfer-linux-ubuntu22_x86_64-7.3.2-20220804-6354275)
7.3.2

ProgramName: lta_convert  ProgramArguments: lta_convert -all-info  ProgramVersion: 7.3.2  TimeStamp: 2026/03/09-10:35:48-GMT  BuildTime: Aug  4 2022 06:17:15  BuildStamp: freesurfer-linux-ubuntu22_x86_64-7.3.2-20220804-6354275  User: oesteban  Machine: dna058  Platform: Linux  PlatformVersion: 5.14.0-427.37.1.el9_4.x86_64  CompilerName: GCC  CompilerVersion: 8.4.0
ProgramName: mri_and  ProgramArguments: mri_and -all-info  ProgramVersion: 7.3.2  TimeStamp: 2026/03/09-10:35:48-GMT  BuildTime: Aug  4 2022 06:17:15  BuildStamp: freesurfer-linux-ubuntu22_x86_64-7.3.2-20220804-6354275  User: oesteban  Machine: dna058  Platform: Linux  PlatformVersion: 5.14.0-427.37.1.el9_4.x86_64  CompilerName: GCC  CompilerVersion: 8.4.0
ProgramName: mri_annotation2label  ProgramArguments: mri_annotation2label -all-info  ProgramVersion: 7.3.2  TimeStamp: 2026/03/09-10:35:48-GMT  BuildTime: Aug  4 2022 06:17:15  BuildStamp: freesurfer-linux-ubuntu22_x86_64-7.3.2-20220804-6354275  User: oesteban  Machine: dna058  Platform: Linux  PlatformVersion: 5.14.0-427.37.1.el9_4.x86_64  CompilerName: GCC  CompilerVersion: 8.4.0
ProgramName: mri_aparc2aseg  ProgramArguments: mri_aparc2aseg -all-info  ProgramVersion: 7.3.2  TimeStamp: 2026/03/09-10:35:48-GMT  BuildTime: Aug  4 2022 06:17:15  BuildStamp: freesurfer-linux-ubuntu22_x86_64-7.3.2-20220804-6354275  User: oesteban  Machine: dna058  Platform: Linux  PlatformVersion: 5.14.0-427.37.1.el9_4.x86_64  CompilerName: GCC  CompilerVersion: 8.4.0
ProgramName: mri_surf2volseg  ProgramArguments: mri_surf2volseg -all-info  ProgramVersion: 7.3.2  TimeStamp: 2026/03/09-10:35:48-GMT  BuildTime: Aug  4 2022 06:17:15  BuildStamp: freesurfer-linux-ubuntu22_x86_64-7.3.2-20220804-6354275  User: oesteban  Machine: dna058  Platform: Linux  PlatformVersion: 5.14.0-427.37.1.el9_4.x86_64  CompilerName: GCC  CompilerVersion: 8.4.0
ProgramName: mri_binarize  ProgramArguments: mri_binarize -all-info  ProgramVersion: 7.3.2  TimeStamp: 2026/03/09-10:35:48-GMT  BuildTime: Aug  4 2022 06:17:15  BuildStamp: freesurfer-linux-ubuntu22_x86_64-7.3.2-20220804-6354275  User: oesteban  Machine: dna058  Platform: Linux  PlatformVersion: 5.14.0-427.37.1.el9_4.x86_64  CompilerName: GCC  CompilerVersion: 8.4.0
ProgramName: mri_ca_label  ProgramArguments: mri_ca_label -all-info  ProgramVersion: 7.3.2  TimeStamp: 2026/03/09-10:35:48-GMT  BuildTime: Aug  4 2022 06:17:15  BuildStamp: freesurfer-linux-ubuntu22_x86_64-7.3.2-20220804-6354275  User: oesteban  Machine: dna058  Platform: Linux  PlatformVersion: 5.14.0-427.37.1.el9_4.x86_64  CompilerName: GCC  CompilerVersion: 8.4.0
ProgramName: mri_ca_normalize  ProgramArguments: mri_ca_normalize -all-info  ProgramVersion: 7.3.2  TimeStamp: 2026/03/09-10:35:48-GMT  BuildTime: Aug  4 2022 06:17:15  BuildStamp: freesurfer-linux-ubuntu22_x86_64-7.3.2-20220804-6354275  User: oesteban  Machine: dna058  Platform: Linux  PlatformVersion: 5.14.0-427.37.1.el9_4.x86_64  CompilerName: GCC  CompilerVersion: 8.4.0
ProgramName: mri_ca_register  ProgramArguments: mri_ca_register -all-info  ProgramVersion: 7.3.2  TimeStamp: 2026/03/09-10:35:48-GMT  BuildTime: Aug  4 2022 06:17:15  BuildStamp: freesurfer-linux-ubuntu22_x86_64-7.3.2-20220804-6354275  User: oesteban  Machine: dna058  Platform: Linux  PlatformVersion: 5.14.0-427.37.1.el9_4.x86_64  CompilerName: GCC  CompilerVersion: 8.4.0
ProgramName: mri_cc  ProgramArguments: mri_cc -all-info  ProgramVersion: 7.3.2  TimeStamp: 2026/03/09-10:35:48-GMT  BuildTime: Aug  4 2022 06:17:15  BuildStamp: freesurfer-linux-ubuntu22_x86_64-7.3.2-20220804-6354275  User: oesteban  Machine: dna058  Platform: Linux  PlatformVersion: 5.14.0-427.37.1.el9_4.x86_64  CompilerName: GCC  CompilerVersion: 8.4.0
ProgramName: mri_compute_overlap  ProgramArguments: mri_compute_overlap -all-info  ProgramVersion: 7.3.2  TimeStamp: 2026/03/09-10:35:48-GMT  BuildTime: Aug  4 2022 06:17:15  BuildStamp: freesurfer-linux-ubuntu22_x86_64-7.3.2-20220804-6354275  User: oesteban  Machine: dna058  Platform: Linux  PlatformVersion: 5.14.0-427.37.1.el9_4.x86_64  CompilerName: GCC  CompilerVersion: 8.4.0
ProgramName: mri_compute_seg_overlap  ProgramArguments: mri_compute_seg_overlap -all-info  ProgramVersion: 7.3.2  TimeStamp: 2026/03/09-10:35:48-GMT  BuildTime: Aug  4 2022 06:17:15  BuildStamp: freesurfer-linux-ubuntu22_x86_64-7.3.2-20220804-6354275  User: oesteban  Machine: dna058  Platform: Linux  PlatformVersion: 5.14.0-427.37.1.el9_4.x86_64  CompilerName: GCC  CompilerVersion: 8.4.0
ProgramName: mri_concat  ProgramArguments: mri_concat -all-info  ProgramVersion: 7.3.2  TimeStamp: 2026/03/09-10:35:48-GMT  BuildTime: Aug  4 2022 06:17:15  BuildStamp: freesurfer-linux-ubuntu22_x86_64-7.3.2-20220804-6354275  User: oesteban  Machine: dna058  Platform: Linux  PlatformVersion: 5.14.0-427.37.1.el9_4.x86_64  CompilerName: GCC  CompilerVersion: 8.4.0
ProgramName: mri_concatenate_lta  ProgramArguments: mri_concatenate_lta -all-info  ProgramVersion: 7.3.2  TimeStamp: 2026/03/09-10:35:48-GMT  BuildTime: Aug  4 2022 06:17:15  BuildStamp: freesurfer-linux-ubuntu22_x86_64-7.3.2-20220804-6354275  User: oesteban  Machine: dna058  Platform: Linux  PlatformVersion: 5.14.0-427.37.1.el9_4.x86_64  CompilerName: GCC  CompilerVersion: 8.4.0
mri_convert -all-info 
ProgramName: mri_convert  ProgramArguments: mri_convert -all-info  ProgramVersion: 7.3.2  TimeStamp: 2026/03/09-10:35:48-GMT  BuildTime: Aug  4 2022 06:17:15  BuildStamp: freesurfer-linux-ubuntu22_x86_64-7.3.2-20220804-6354275  User: oesteban  Machine: dna058  Platform: Linux  PlatformVersion: 5.14.0-427.37.1.el9_4.x86_64  CompilerName: GCC  CompilerVersion: 8.4.0
ProgramName: mri_diff  ProgramArguments: mri_diff -all-info  ProgramVersion: 7.3.2  TimeStamp: 2026/03/09-10:35:48-GMT  BuildTime: Aug  4 2022 06:17:15  BuildStamp: freesurfer-linux-ubuntu22_x86_64-7.3.2-20220804-6354275  User: oesteban  Machine: dna058  Platform: Linux  PlatformVersion: 5.14.0-427.37.1.el9_4.x86_64  CompilerName: GCC  CompilerVersion: 8.4.0
ProgramName: mri_edit_wm_with_aseg  ProgramArguments: mri_edit_wm_with_aseg -all-info  ProgramVersion: 7.3.2  TimeStamp: 2026/03/09-10:35:48-GMT  BuildTime: Aug  4 2022 06:17:15  BuildStamp: freesurfer-linux-ubuntu22_x86_64-7.3.2-20220804-6354275  User: oesteban  Machine: dna058  Platform: Linux  PlatformVersion: 5.14.0-427.37.1.el9_4.x86_64  CompilerName: GCC  CompilerVersion: 8.4.0
ProgramName: mri_em_register  ProgramArguments: mri_em_register -all-info  ProgramVersion: 7.3.2  TimeStamp: 2026/03/09-10:35:48-GMT  BuildTime: Aug  4 2022 06:17:15  BuildStamp: freesurfer-linux-ubuntu22_x86_64-7.3.2-20220804-6354275  User: oesteban  Machine: dna058  Platform: Linux  PlatformVersion: 5.14.0-427.37.1.el9_4.x86_64  CompilerName: GCC  CompilerVersion: 8.4.0
ProgramName: mri_fill  ProgramArguments: mri_fill -all-info  ProgramVersion: 7.3.2  TimeStamp: 2026/03/09-10:35:48-GMT  BuildTime: Aug  4 2022 06:17:15  BuildStamp: freesurfer-linux-ubuntu22_x86_64-7.3.2-20220804-6354275  User: oesteban  Machine: dna058  Platform: Linux  PlatformVersion: 5.14.0-427.37.1.el9_4.x86_64  CompilerName: GCC  CompilerVersion: 8.4.0
ProgramName: mri_fuse_segmentations  ProgramArguments: mri_fuse_segmentations -all-info  ProgramVersion: 7.3.2  TimeStamp: 2026/03/09-10:35:48-GMT  BuildTime: Aug  4 2022 06:17:15  BuildStamp: freesurfer-linux-ubuntu22_x86_64-7.3.2-20220804-6354275  User: oesteban  Machine: dna058  Platform: Linux  PlatformVersion: 5.14.0-427.37.1.el9_4.x86_64  CompilerName: GCC  CompilerVersion: 8.4.0
ProgramName: mri_fwhm  ProgramArguments: mri_fwhm -all-info  ProgramVersion: 7.3.2  TimeStamp: 2026/03/09-10:35:48-GMT  BuildTime: Aug  4 2022 06:17:15  BuildStamp: freesurfer-linux-ubuntu22_x86_64-7.3.2-20220804-6354275  User: oesteban  Machine: dna058  Platform: Linux  PlatformVersion: 5.14.0-427.37.1.el9_4.x86_64  CompilerName: GCC  CompilerVersion: 8.4.0
ProgramName: mri_gcut  ProgramArguments: mri_gcut -all-info  ProgramVersion: 7.3.2  TimeStamp: 2026/03/09-10:35:48-GMT  BuildTime: Aug  4 2022 06:17:15  BuildStamp: freesurfer-linux-ubuntu22_x86_64-7.3.2-20220804-6354275  User: oesteban  Machine: dna058  Platform: Linux  PlatformVersion: 5.14.0-427.37.1.el9_4.x86_64  CompilerName: GCC  CompilerVersion: 8.4.0
ProgramName: mri_info  ProgramArguments: mri_info -all-info  ProgramVersion: 7.3.2  TimeStamp: 2026/03/09-10:35:48-GMT  BuildTime: Aug  4 2022 06:17:15  BuildStamp: freesurfer-linux-ubuntu22_x86_64-7.3.2-20220804-6354275  User: oesteban  Machine: dna058  Platform: Linux  PlatformVersion: 5.14.0-427.37.1.el9_4.x86_64  CompilerName: GCC  CompilerVersion: 8.4.0
ProgramName: mri_label2label  ProgramArguments: mri_label2label -all-info  ProgramVersion: 7.3.2  TimeStamp: 2026/03/09-10:35:48-GMT  BuildTime: Aug  4 2022 06:17:15  BuildStamp: freesurfer-linux-ubuntu22_x86_64-7.3.2-20220804-6354275  User: oesteban  Machine: dna058  Platform: Linux  PlatformVersion: 5.14.0-427.37.1.el9_4.x86_64  CompilerName: GCC  CompilerVersion: 8.4.0
ProgramName: mri_label2vol  ProgramArguments: mri_label2vol -all-info  ProgramVersion: 7.3.2  TimeStamp: 2026/03/09-10:35:48-GMT  BuildTime: Aug  4 2022 06:17:15  BuildStamp: freesurfer-linux-ubuntu22_x86_64-7.3.2-20220804-6354275  User: oesteban  Machine: dna058  Platform: Linux  PlatformVersion: 5.14.0-427.37.1.el9_4.x86_64  CompilerName: GCC  CompilerVersion: 8.4.0
ProgramName: mri_log_likelihood  ProgramArguments: mri_log_likelihood -all-info  ProgramVersion: 7.3.2  TimeStamp: 2026/03/09-10:35:48-GMT  BuildTime: Aug  4 2022 06:17:15  BuildStamp: freesurfer-linux-ubuntu22_x86_64-7.3.2-20220804-6354275  User: oesteban  Machine: dna058  Platform: Linux  PlatformVersion: 5.14.0-427.37.1.el9_4.x86_64  CompilerName: GCC  CompilerVersion: 8.4.0
ProgramName: mri_mask  ProgramArguments: mri_mask -all-info  ProgramVersion: 7.3.2  TimeStamp: 2026/03/09-10:35:48-GMT  BuildTime: Aug  4 2022 06:17:15  BuildStamp: freesurfer-linux-ubuntu22_x86_64-7.3.2-20220804-6354275  User: oesteban  Machine: dna058  Platform: Linux  PlatformVersion: 5.14.0-427.37.1.el9_4.x86_64  CompilerName: GCC  CompilerVersion: 8.4.0
ProgramName: mri_matrix_multiply  ProgramArguments: mri_matrix_multiply -all-info  ProgramVersion: 7.3.2  TimeStamp: 2026/03/09-10:35:48-GMT  BuildTime: Aug  4 2022 06:17:15  BuildStamp: freesurfer-linux-ubuntu22_x86_64-7.3.2-20220804-6354275  User: oesteban  Machine: dna058  Platform: Linux  PlatformVersion: 5.14.0-427.37.1.el9_4.x86_64  CompilerName: GCC  CompilerVersion: 8.4.0
ProgramName: mri_normalize  ProgramArguments: mri_normalize -all-info  ProgramVersion: 7.3.2  TimeStamp: 2026/03/09-10:35:48-GMT  BuildTime: Aug  4 2022 06:17:15  BuildStamp: freesurfer-linux-ubuntu22_x86_64-7.3.2-20220804-6354275  User: oesteban  Machine: dna058  Platform: Linux  PlatformVersion: 5.14.0-427.37.1.el9_4.x86_64  CompilerName: GCC  CompilerVersion: 8.4.0
ProgramName: mri_normalize_tp2  ProgramArguments: mri_normalize_tp2 -all-info  ProgramVersion: 7.3.2  TimeStamp: 2026/03/09-10:35:48-GMT  BuildTime: Aug  4 2022 06:17:15  BuildStamp: freesurfer-linux-ubuntu22_x86_64-7.3.2-20220804-6354275  User: oesteban  Machine: dna058  Platform: Linux  PlatformVersion: 5.14.0-427.37.1.el9_4.x86_64  CompilerName: GCC  CompilerVersion: 8.4.0
ProgramName: mri_or  ProgramArguments: mri_or -all-info  ProgramVersion: 7.3.2  TimeStamp: 2026/03/09-10:35:48-GMT  BuildTime: Aug  4 2022 06:17:15  BuildStamp: freesurfer-linux-ubuntu22_x86_64-7.3.2-20220804-6354275  User: oesteban  Machine: dna058  Platform: Linux  PlatformVersion: 5.14.0-427.37.1.el9_4.x86_64  CompilerName: GCC  CompilerVersion: 8.4.0
ProgramName: mri_relabel_hypointensities  ProgramArguments: mri_relabel_hypointensities -all-info  ProgramVersion: 7.3.2  TimeStamp: 2026/03/09-10:35:48-GMT  BuildTime: Aug  4 2022 06:17:15  BuildStamp: freesurfer-linux-ubuntu22_x86_64-7.3.2-20220804-6354275  User: oesteban  Machine: dna058  Platform: Linux  PlatformVersion: 5.14.0-427.37.1.el9_4.x86_64  CompilerName: GCC  CompilerVersion: 8.4.0
ProgramName: mri_relabel_nonwm_hypos  ProgramArguments: mri_relabel_nonwm_hypos -all-info  ProgramVersion: 7.3.2  TimeStamp: 2026/03/09-10:35:48-GMT  BuildTime: Aug  4 2022 06:17:15  BuildStamp: freesurfer-linux-ubuntu22_x86_64-7.3.2-20220804-6354275  User: oesteban  Machine: dna058  Platform: Linux  PlatformVersion: 5.14.0-427.37.1.el9_4.x86_64  CompilerName: GCC  CompilerVersion: 8.4.0
ProgramName: mri_remove_neck  ProgramArguments: mri_remove_neck -all-info  ProgramVersion: 7.3.2  TimeStamp: 2026/03/09-10:35:48-GMT  BuildTime: Aug  4 2022 06:17:15  BuildStamp: freesurfer-linux-ubuntu22_x86_64-7.3.2-20220804-6354275  User: oesteban  Machine: dna058  Platform: Linux  PlatformVersion: 5.14.0-427.37.1.el9_4.x86_64  CompilerName: GCC  CompilerVersion: 8.4.0
7.3.2

ProgramName: mri_robust_register  ProgramArguments: mri_robust_register -all-info  ProgramVersion: 7.3.2  TimeStamp: 2026/03/09-10:35:48-GMT  BuildTime: Aug  4 2022 06:17:15  BuildStamp: freesurfer-linux-ubuntu22_x86_64-7.3.2-20220804-6354275  User: oesteban  Machine: dna058  Platform: Linux  PlatformVersion: 5.14.0-427.37.1.el9_4.x86_64  CompilerName: GCC  CompilerVersion: 8.4.0
7.3.2

ProgramName: mri_robust_template  ProgramArguments: mri_robust_template -all-info  ProgramVersion: 7.3.2  TimeStamp: 2026/03/09-10:35:48-GMT  BuildTime: Aug  4 2022 06:17:15  BuildStamp: freesurfer-linux-ubuntu22_x86_64-7.3.2-20220804-6354275  User: oesteban  Machine: dna058  Platform: Linux  PlatformVersion: 5.14.0-427.37.1.el9_4.x86_64  CompilerName: GCC  CompilerVersion: 8.4.0
ProgramName: mris_anatomical_stats  ProgramArguments: mris_anatomical_stats -all-info  ProgramVersion: 7.3.2  TimeStamp: 2026/03/09-10:35:48-GMT  BuildTime: Aug  4 2022 06:17:15  BuildStamp: freesurfer-linux-ubuntu22_x86_64-7.3.2-20220804-6354275  User: oesteban  Machine: dna058  Platform: Linux  PlatformVersion: 5.14.0-427.37.1.el9_4.x86_64  CompilerName: GCC  CompilerVersion: 8.4.0
ProgramName: mris_ca_label  ProgramArguments: mris_ca_label -all-info  ProgramVersion: 7.3.2  TimeStamp: 2026/03/09-10:35:48-GMT  BuildTime: Aug  4 2022 06:17:15  BuildStamp: freesurfer-linux-ubuntu22_x86_64-7.3.2-20220804-6354275  User: oesteban  Machine: dna058  Platform: Linux  PlatformVersion: 5.14.0-427.37.1.el9_4.x86_64  CompilerName: GCC  CompilerVersion: 8.4.0
ProgramName: mris_calc  ProgramArguments: mris_calc -all-info  ProgramVersion: 7.3.2  TimeStamp: 2026/03/09-10:35:48-GMT  BuildTime: Aug  4 2022 06:17:15  BuildStamp: freesurfer-linux-ubuntu22_x86_64-7.3.2-20220804-6354275  User: oesteban  Machine: dna058  Platform: Linux  PlatformVersion: 5.14.0-427.37.1.el9_4.x86_64  CompilerName: GCC  CompilerVersion: 8.4.0
ProgramName: mris_convert  ProgramArguments: mris_convert -all-info  ProgramVersion: 7.3.2  TimeStamp: 2026/03/09-10:35:48-GMT  BuildTime: Aug  4 2022 06:17:15  BuildStamp: freesurfer-linux-ubuntu22_x86_64-7.3.2-20220804-6354275  User: oesteban  Machine: dna058  Platform: Linux  PlatformVersion: 5.14.0-427.37.1.el9_4.x86_64  CompilerName: GCC  CompilerVersion: 8.4.0
ProgramName: mris_curvature  ProgramArguments: mris_curvature -all-info  ProgramVersion: 7.3.2  TimeStamp: 2026/03/09-10:35:48-GMT  BuildTime: Aug  4 2022 06:17:15  BuildStamp: freesurfer-linux-ubuntu22_x86_64-7.3.2-20220804-6354275  User: oesteban  Machine: dna058  Platform: Linux  PlatformVersion: 5.14.0-427.37.1.el9_4.x86_64  CompilerName: GCC  CompilerVersion: 8.4.0
ProgramName: mris_curvature_stats  ProgramArguments: mris_curvature_stats -all-info  ProgramVersion: 7.3.2  TimeStamp: 2026/03/09-10:35:48-GMT  BuildTime: Aug  4 2022 06:17:15  BuildStamp: freesurfer-linux-ubuntu22_x86_64-7.3.2-20220804-6354275  User: oesteban  Machine: dna058  Platform: Linux  PlatformVersion: 5.14.0-427.37.1.el9_4.x86_64  CompilerName: GCC  CompilerVersion: 8.4.0
ProgramName: mris_diff  ProgramArguments: mris_diff -all-info  ProgramVersion: 7.3.2  TimeStamp: 2026/03/09-10:35:48-GMT  BuildTime: Aug  4 2022 06:17:15  BuildStamp: freesurfer-linux-ubuntu22_x86_64-7.3.2-20220804-6354275  User: oesteban  Machine: dna058  Platform: Linux  PlatformVersion: 5.14.0-427.37.1.el9_4.x86_64  CompilerName: GCC  CompilerVersion: 8.4.0
ProgramName: mris_divide_parcellation  ProgramArguments: mris_divide_parcellation -all-info  ProgramVersion: 7.3.2  TimeStamp: 2026/03/09-10:35:48-GMT  BuildTime: Aug  4 2022 06:17:15  BuildStamp: freesurfer-linux-ubuntu22_x86_64-7.3.2-20220804-6354275  User: oesteban  Machine: dna058  Platform: Linux  PlatformVersion: 5.14.0-427.37.1.el9_4.x86_64  CompilerName: GCC  CompilerVersion: 8.4.0
ProgramName: mri_segment  ProgramArguments: mri_segment -all-info  ProgramVersion: 7.3.2  TimeStamp: 2026/03/09-10:35:48-GMT  BuildTime: Aug  4 2022 06:17:15  BuildStamp: freesurfer-linux-ubuntu22_x86_64-7.3.2-20220804-6354275  User: oesteban  Machine: dna058  Platform: Linux  PlatformVersion: 5.14.0-427.37.1.el9_4.x86_64  CompilerName: GCC  CompilerVersion: 8.4.0
ProgramName: mri_segstats  ProgramArguments: mri_segstats -all-info  ProgramVersion: 7.3.2  TimeStamp: 2026/03/09-10:35:48-GMT  BuildTime: Aug  4 2022 06:17:15  BuildStamp: freesurfer-linux-ubuntu22_x86_64-7.3.2-20220804-6354275  User: oesteban  Machine: dna058  Platform: Linux  PlatformVersion: 5.14.0-427.37.1.el9_4.x86_64  CompilerName: GCC  CompilerVersion: 8.4.0
ProgramName: mris_euler_number  ProgramArguments: mris_euler_number -all-info  ProgramVersion: 7.3.2  TimeStamp: 2026/03/09-10:35:48-GMT  BuildTime: Aug  4 2022 06:17:15  BuildStamp: freesurfer-linux-ubuntu22_x86_64-7.3.2-20220804-6354275  User: oesteban  Machine: dna058  Platform: Linux  PlatformVersion: 5.14.0-427.37.1.el9_4.x86_64  CompilerName: GCC  CompilerVersion: 8.4.0
ProgramName: mris_fix_topology  ProgramArguments: mris_fix_topology -all-info  ProgramVersion: 7.3.2  TimeStamp: 2026/03/09-10:35:48-GMT  BuildTime: Aug  4 2022 06:17:15  BuildStamp: freesurfer-linux-ubuntu22_x86_64-7.3.2-20220804-6354275  User: oesteban  Machine: dna058  Platform: Linux  PlatformVersion: 5.14.0-427.37.1.el9_4.x86_64  CompilerName: GCC  CompilerVersion: 8.4.0
ProgramName: mris_topo_fixer  ProgramArguments: mris_topo_fixer -all-info  ProgramVersion: 7.3.2  TimeStamp: 2026/03/09-10:35:48-GMT  BuildTime: Aug  4 2022 06:17:15  BuildStamp: freesurfer-linux-ubuntu22_x86_64-7.3.2-20220804-6354275  User: oesteban  Machine: dna058  Platform: Linux  PlatformVersion: 5.14.0-427.37.1.el9_4.x86_64  CompilerName: GCC  CompilerVersion: 8.4.0
ProgramName: mris_jacobian  ProgramArguments: mris_jacobian -all-info  ProgramVersion: 7.3.2  TimeStamp: 2026/03/09-10:35:48-GMT  BuildTime: Aug  4 2022 06:17:15  BuildStamp: freesurfer-linux-ubuntu22_x86_64-7.3.2-20220804-6354275  User: oesteban  Machine: dna058  Platform: Linux  PlatformVersion: 5.14.0-427.37.1.el9_4.x86_64  CompilerName: GCC  CompilerVersion: 8.4.0
ProgramName: mris_label2annot  ProgramArguments: mris_label2annot -all-info  ProgramVersion: 7.3.2  TimeStamp: 2026/03/09-10:35:48-GMT  BuildTime: Aug  4 2022 06:17:15  BuildStamp: freesurfer-linux-ubuntu22_x86_64-7.3.2-20220804-6354275  User: oesteban  Machine: dna058  Platform: Linux  PlatformVersion: 5.14.0-427.37.1.el9_4.x86_64  CompilerName: GCC  CompilerVersion: 8.4.0
ProgramName: mris_left_right_register  ProgramArguments: mris_left_right_register -all-info  ProgramVersion: 7.3.2  TimeStamp: 2026/03/09-10:35:48-GMT  BuildTime: Aug  4 2022 06:17:15  BuildStamp: freesurfer-linux-ubuntu22_x86_64-7.3.2-20220804-6354275  User: oesteban  Machine: dna058  Platform: Linux  PlatformVersion: 5.14.0-427.37.1.el9_4.x86_64  CompilerName: GCC  CompilerVersion: 8.4.0
ProgramName: mris_place_surface  ProgramArguments: mris_place_surface -all-info  ProgramVersion: 7.3.2  TimeStamp: 2026/03/09-10:35:48-GMT  BuildTime: Aug  4 2022 06:17:15  BuildStamp: freesurfer-linux-ubuntu22_x86_64-7.3.2-20220804-6354275  User: oesteban  Machine: dna058  Platform: Linux  PlatformVersion: 5.14.0-427.37.1.el9_4.x86_64  CompilerName: GCC  CompilerVersion: 8.4.0
ProgramName: mrisp_paint  ProgramArguments: mrisp_paint -all-info  ProgramVersion: 7.3.2  TimeStamp: 2026/03/09-10:35:48-GMT  BuildTime: Aug  4 2022 06:17:15  BuildStamp: freesurfer-linux-ubuntu22_x86_64-7.3.2-20220804-6354275  User: oesteban  Machine: dna058  Platform: Linux  PlatformVersion: 5.14.0-427.37.1.el9_4.x86_64  CompilerName: GCC  CompilerVersion: 8.4.0
ProgramName: mris_register  ProgramArguments: mris_register -all-info  ProgramVersion: 7.3.2  TimeStamp: 2026/03/09-10:35:48-GMT  BuildTime: Aug  4 2022 06:17:15  BuildStamp: freesurfer-linux-ubuntu22_x86_64-7.3.2-20220804-6354275  User: oesteban  Machine: dna058  Platform: Linux  PlatformVersion: 5.14.0-427.37.1.el9_4.x86_64  CompilerName: GCC  CompilerVersion: 8.4.0
ProgramName: mris_smooth  ProgramArguments: mris_smooth -all-info  ProgramVersion: 7.3.2  TimeStamp: 2026/03/09-10:35:48-GMT  BuildTime: Aug  4 2022 06:17:15  BuildStamp: freesurfer-linux-ubuntu22_x86_64-7.3.2-20220804-6354275  User: oesteban  Machine: dna058  Platform: Linux  PlatformVersion: 5.14.0-427.37.1.el9_4.x86_64  CompilerName: GCC  CompilerVersion: 8.4.0
ProgramName: mris_sphere  ProgramArguments: mris_sphere -all-info  ProgramVersion: 7.3.2  TimeStamp: 2026/03/09-10:35:48-GMT  BuildTime: Aug  4 2022 06:17:15  BuildStamp: freesurfer-linux-ubuntu22_x86_64-7.3.2-20220804-6354275  User: oesteban  Machine: dna058  Platform: Linux  PlatformVersion: 5.14.0-427.37.1.el9_4.x86_64  CompilerName: GCC  CompilerVersion: 8.4.0
ProgramName: mris_surface_stats  ProgramArguments: mris_surface_stats -all-info  ProgramVersion: 7.3.2  TimeStamp: 2026/03/09-10:35:48-GMT  BuildTime: Aug  4 2022 06:17:15  BuildStamp: freesurfer-linux-ubuntu22_x86_64-7.3.2-20220804-6354275  User: oesteban  Machine: dna058  Platform: Linux  PlatformVersion: 5.14.0-427.37.1.el9_4.x86_64  CompilerName: GCC  CompilerVersion: 8.4.0
ProgramName: mri_stats2seg  ProgramArguments: mri_stats2seg -all-info  ProgramVersion: 7.3.2  TimeStamp: 2026/03/09-10:35:48-GMT  BuildTime: Aug  4 2022 06:17:15  BuildStamp: freesurfer-linux-ubuntu22_x86_64-7.3.2-20220804-6354275  User: oesteban  Machine: dna058  Platform: Linux  PlatformVersion: 5.14.0-427.37.1.el9_4.x86_64  CompilerName: GCC  CompilerVersion: 8.4.0
ProgramName: mris_thickness  ProgramArguments: mris_thickness -all-info  ProgramVersion: 7.3.2  TimeStamp: 2026/03/09-10:35:48-GMT  BuildTime: Aug  4 2022 06:17:15  BuildStamp: freesurfer-linux-ubuntu22_x86_64-7.3.2-20220804-6354275  User: oesteban  Machine: dna058  Platform: Linux  PlatformVersion: 5.14.0-427.37.1.el9_4.x86_64  CompilerName: GCC  CompilerVersion: 8.4.0
ProgramName: mris_thickness_diff  ProgramArguments: mris_thickness_diff -all-info  ProgramVersion: 7.3.2  TimeStamp: 2026/03/09-10:35:48-GMT  BuildTime: Aug  4 2022 06:17:15  BuildStamp: freesurfer-linux-ubuntu22_x86_64-7.3.2-20220804-6354275  User: oesteban  Machine: dna058  Platform: Linux  PlatformVersion: 5.14.0-427.37.1.el9_4.x86_64  CompilerName: GCC  CompilerVersion: 8.4.0
ProgramName: mris_topo_fixer  ProgramArguments: mris_topo_fixer -all-info  ProgramVersion: 7.3.2  TimeStamp: 2026/03/09-10:35:48-GMT  BuildTime: Aug  4 2022 06:17:15  BuildStamp: freesurfer-linux-ubuntu22_x86_64-7.3.2-20220804-6354275  User: oesteban  Machine: dna058  Platform: Linux  PlatformVersion: 5.14.0-427.37.1.el9_4.x86_64  CompilerName: GCC  CompilerVersion: 8.4.0
ProgramName: mri_surf2surf  ProgramArguments: mri_surf2surf -all-info  ProgramVersion: 7.3.2  TimeStamp: 2026/03/09-10:35:48-GMT  BuildTime: Aug  4 2022 06:17:15  BuildStamp: freesurfer-linux-ubuntu22_x86_64-7.3.2-20220804-6354275  User: oesteban  Machine: dna058  Platform: Linux  PlatformVersion: 5.14.0-427.37.1.el9_4.x86_64  CompilerName: GCC  CompilerVersion: 8.4.0
ProgramName: mri_surf2vol  ProgramArguments: mri_surf2vol -all-info  ProgramVersion: 7.3.2  TimeStamp: 2026/03/09-10:35:48-GMT  BuildTime: Aug  4 2022 06:17:15  BuildStamp: freesurfer-linux-ubuntu22_x86_64-7.3.2-20220804-6354275  User: oesteban  Machine: dna058  Platform: Linux  PlatformVersion: 5.14.0-427.37.1.el9_4.x86_64  CompilerName: GCC  CompilerVersion: 8.4.0
ProgramName: mri_surfcluster  ProgramArguments: mri_surfcluster -all-info  ProgramVersion: 7.3.2  TimeStamp: 2026/03/09-10:35:48-GMT  BuildTime: Aug  4 2022 06:17:15  BuildStamp: freesurfer-linux-ubuntu22_x86_64-7.3.2-20220804-6354275  User: oesteban  Machine: dna058  Platform: Linux  PlatformVersion: 5.14.0-427.37.1.el9_4.x86_64  CompilerName: GCC  CompilerVersion: 8.4.0
ProgramName: mris_volmask  ProgramArguments: mris_volmask -all-info  ProgramVersion: 7.3.2  TimeStamp: 2026/03/09-10:35:48-GMT  BuildTime: Aug  4 2022 06:17:15  BuildStamp: freesurfer-linux-ubuntu22_x86_64-7.3.2-20220804-6354275  User: oesteban  Machine: dna058  Platform: Linux  PlatformVersion: 5.14.0-427.37.1.el9_4.x86_64  CompilerName: GCC  CompilerVersion: 8.4.0
ProgramName: mri_tessellate  ProgramArguments: mri_tessellate -all-info  ProgramVersion: 7.3.2  TimeStamp: 2026/03/09-10:35:48-GMT  BuildTime: Aug  4 2022 06:17:15  BuildStamp: freesurfer-linux-ubuntu22_x86_64-7.3.2-20220804-6354275  User: oesteban  Machine: dna058  Platform: Linux  PlatformVersion: 5.14.0-427.37.1.el9_4.x86_64  CompilerName: GCC  CompilerVersion: 8.4.0
ProgramName: mri_vol2surf  ProgramArguments: mri_vol2surf -all-info  ProgramVersion: 7.3.2  TimeStamp: 2026/03/09-10:35:48-GMT  BuildTime: Aug  4 2022 06:17:15  BuildStamp: freesurfer-linux-ubuntu22_x86_64-7.3.2-20220804-6354275  User: oesteban  Machine: dna058  Platform: Linux  PlatformVersion: 5.14.0-427.37.1.el9_4.x86_64  CompilerName: GCC  CompilerVersion: 8.4.0
ProgramName: mri_vol2vol  ProgramArguments: mri_vol2vol -all-info  ProgramVersion: 7.3.2  TimeStamp: 2026/03/09-10:35:48-GMT  BuildTime: Aug  4 2022 06:17:15  BuildStamp: freesurfer-linux-ubuntu22_x86_64-7.3.2-20220804-6354275  User: oesteban  Machine: dna058  Platform: Linux  PlatformVersion: 5.14.0-427.37.1.el9_4.x86_64  CompilerName: GCC  CompilerVersion: 8.4.0
ProgramName: mri_voldiff  ProgramArguments: mri_voldiff -all-info  ProgramVersion: 7.3.2  TimeStamp: 2026/03/09-10:35:48-GMT  BuildTime: Aug  4 2022 06:17:15  BuildStamp: freesurfer-linux-ubuntu22_x86_64-7.3.2-20220804-6354275  User: oesteban  Machine: dna058  Platform: Linux  PlatformVersion: 5.14.0-427.37.1.el9_4.x86_64  CompilerName: GCC  CompilerVersion: 8.4.0
ProgramName: mri_watershed  ProgramArguments: mri_watershed -all-info  ProgramVersion: 7.3.2  TimeStamp: 2026/03/09-10:35:48-GMT  BuildTime: Aug  4 2022 06:17:15  BuildStamp: freesurfer-linux-ubuntu22_x86_64-7.3.2-20220804-6354275  User: oesteban  Machine: dna058  Platform: Linux  PlatformVersion: 5.14.0-427.37.1.el9_4.x86_64  CompilerName: GCC  CompilerVersion: 8.4.0
ProgramName: tkregister2  ProgramArguments: tkregister2_cmdl -all-info  ProgramVersion: 7.3.2  TimeStamp: 2026/03/09-10:35:48-GMT  BuildTime: Aug  4 2022 06:17:15  BuildStamp: freesurfer-linux-ubuntu22_x86_64-7.3.2-20220804-6354275  User: oesteban  Machine: dna058  Platform: Linux  PlatformVersion: 5.14.0-427.37.1.el9_4.x86_64  CompilerName: GCC  CompilerVersion: 8.4.0
mri_motion_correct.fsl 7.3.2
mri_convert -all-info 
ProgramName: mri_convert  ProgramArguments: mri_convert -all-info  ProgramVersion: 7.3.2  TimeStamp: 2026/03/09-10:35:48-GMT  BuildTime: Aug  4 2022 06:17:15  BuildStamp: freesurfer-linux-ubuntu22_x86_64-7.3.2-20220804-6354275  User: oesteban  Machine: dna058  Platform: Linux  PlatformVersion: 5.14.0-427.37.1.el9_4.x86_64  CompilerName: GCC  CompilerVersion: 8.4.0
Program nu_correct, built from:
Package MNI N3, version 1.12.0, compiled by nicks@terrier (x86_64-unknown-linux-gnu) on 2015-06-19 at 01:25:34
#######################################
GCADIR /opt/freesurfer/average
GCA RB_all_2020-01-02.gca
GCASkull RB_all_withskull_2020_01_02.gca
AvgCurvTif folding.atlas.acfb40.noaparc.i12.2016-08-02.tif
GCSDIR /opt/freesurfer/average
GCS DKaparc.atlas.acfb40.noaparc.i12.2016-08-02.gcs
#######################################
#-------------------------------------
#@# EM Registration Mon Mar  9 11:35:49 CET 2026
/out/sourcedata/freesurfer/sub-v1s21x0050414_ses-1/mri

 mri_em_register -uns 3 -mask brainmask.mgz nu.mgz /opt/freesurfer/average/RB_all_2020-01-02.gca transforms/talairach.lta 

setting unknown_nbr_spacing = 3
using MR volume brainmask.mgz to mask input volume...

== Number of threads available to mri_em_register for OpenMP = 16 == 
reading 1 input volumes...
logging results to talairach.log
reading '/opt/freesurfer/average/RB_all_2020-01-02.gca'...
GCAread took 0 minutes and 1 seconds.
average std = 7.2   using min determinant for regularization = 5.2
0 singular and 884 ill-conditioned covariance matrices regularized
reading 'nu.mgz'...
MRImask(): AllowDiffGeom = 1
MRImask(): AllowDiffGeom = 1
MRImask(): AllowDiffGeom = 1
MRImask(): AllowDiffGeom = 1
MRImask(): AllowDiffGeom = 1
freeing gibbs priors...done.
accounting for voxel sizes in initial transform
bounding unknown intensity as < 5.9 or > 519.0 
total sample mean = 79.1 (1017 zeros)
************************************************
spacing=8, using 2841 sample points, tol=1.00e-05...
************************************************
register_mri: find_optimal_transform
find_optimal_transform: nsamples 2841, passno 0, spacing 8
resetting wm mean[0]: 98 --> 107
resetting gm mean[0]: 61 --> 61
input volume #1 is the most T1-like
using real data threshold=31.0
skull bounding box = (64, 45, 37) --> (194, 176, 194)
finding center of left hemi white matter
using (107, 89, 116) as brain centroid of Right_Cerebral_White_Matter...
MRImask(): AllowDiffGeom = 1
mean wm in atlas = 107, using box (91,73,97) --> (122, 105,135) to find MRI wm
before smoothing, mri peak at 103
robust fit to distribution - 101 +- 6.0
after smoothing, mri peak at 101, scaling input intensities by 1.059
scaling channel 0 by 1.05941
initial log_p = -4.262
************************************************
First Search limited to translation only.
************************************************
max log p =    -4.160705 @ (-10.526, 10.526, -10.526)
max log p =    -4.028978 @ (5.263, 5.263, 5.263)
max log p =    -3.966215 @ (2.632, 2.632, -2.632)
max log p =    -3.951503 @ (1.316, -3.947, -1.316)
max log p =    -3.932523 @ (-0.658, 0.658, 3.289)
max log p =    -3.932523 @ (0.000, 0.000, 0.000)
max log p =    -3.932523 @ (0.000, 0.000, 0.000)
max log p =    -3.932523 @ (0.000, 0.000, 0.000)
Found translation: (-2.0, 15.1, -5.9): log p = -3.933
****************************************
Nine parameter search.  iteration 0 nscales = 0 ...
****************************************
Result so far: scale 1.000: max_log_p=-3.752, old_max_log_p =-3.933 (thresh=-3.9)
 1.06580   0.14979   0.05910  -32.62961;
-0.13053   1.05840   0.41757  -20.63544;
 0.00000  -0.40160   0.91881   52.44819;
 0.00000   0.00000   0.00000   1.00000;
iteration took 0 minutes and 12 seconds.
****************************************
Nine parameter search.  iteration 1 nscales = 0 ...
****************************************
Result so far: scale 1.000: max_log_p=-3.725, old_max_log_p =-3.752 (thresh=-3.7)
 1.06580   0.14979   0.05910  -32.62961;
-0.13053   1.05840   0.41757  -20.63544;
 0.00000  -0.37148   0.84990   56.42114;
 0.00000   0.00000   0.00000   1.00000;
iteration took 0 minutes and 11 seconds.
****************************************
Nine parameter search.  iteration 2 nscales = 0 ...
****************************************
Result so far: scale 1.000: max_log_p=-3.725, old_max_log_p =-3.725 (thresh=-3.7)
 1.06580   0.14979   0.05910  -32.62961;
-0.13053   1.05840   0.41757  -20.63544;
 0.00000  -0.37148   0.84990   56.42114;
 0.00000   0.00000   0.00000   1.00000;
reducing scale to 0.2500
iteration took 0 minutes and 11 seconds.
****************************************
Nine parameter search.  iteration 3 nscales = 1 ...
****************************************
Result so far: scale 0.250: max_log_p=-3.593, old_max_log_p =-3.725 (thresh=-3.7)
 1.04582   0.14698   0.05799  -29.64027;
-0.13025   1.08043   0.36109  -15.25611;
-0.00902  -0.31863   0.92525   42.12323;
 0.00000   0.00000   0.00000   1.00000;
iteration took 0 minutes and 11 seconds.
****************************************
Nine parameter search.  iteration 4 nscales = 1 ...
****************************************
Result so far: scale 0.250: max_log_p=-3.589, old_max_log_p =-3.593 (thresh=-3.6)
 1.04953   0.11191   0.04516  -25.08887;
-0.09618   1.07366   0.39286  -24.17565;
-0.00485  -0.36044   0.93006   43.58070;
 0.00000   0.00000   0.00000   1.00000;
iteration took 0 minutes and 11 seconds.
****************************************
Nine parameter search.  iteration 5 nscales = 1 ...
****************************************
Result so far: scale 0.250: max_log_p=-3.586, old_max_log_p =-3.589 (thresh=-3.6)
 1.06544   0.15011   0.05806  -32.56605;
-0.13026   1.08063   0.36055  -15.15506;
-0.00784  -0.31902   0.92474   42.04164;
 0.00000   0.00000   0.00000   1.00000;
reducing scale to 0.0625
iteration took 0 minutes and 11 seconds.
****************************************
Nine parameter search.  iteration 6 nscales = 2 ...
****************************************
Result so far: scale 0.062: max_log_p=-3.553, old_max_log_p =-3.586 (thresh=-3.6)
 1.06612   0.13782   0.03682  -29.59269;
-0.11328   1.08290   0.36963  -19.00496;
 0.01080  -0.32531   0.92260   40.04433;
 0.00000   0.00000   0.00000   1.00000;
iteration took 0 minutes and 11 seconds.
****************************************
Nine parameter search.  iteration 7 nscales = 2 ...
****************************************
Result so far: scale 0.062: max_log_p=-3.538, old_max_log_p =-3.553 (thresh=-3.5)
 1.06987   0.13831   0.03695  -30.14294;
-0.11328   1.08290   0.36963  -19.00496;
 0.01084  -0.32646   0.92585   39.81431;
 0.00000   0.00000   0.00000   1.00000;
iteration took 0 minutes and 11 seconds.
****************************************
Nine parameter search.  iteration 8 nscales = 2 ...
****************************************
Result so far: scale 0.062: max_log_p=-3.535, old_max_log_p =-3.538 (thresh=-3.5)
 1.07238   0.13863   0.03704  -30.51078;
-0.11328   1.08290   0.36963  -19.00496;
 0.01084  -0.32646   0.92585   39.81431;
 0.00000   0.00000   0.00000   1.00000;
min search scale 0.025000 reached
***********************************************
Computing MAP estimate using 2841 samples...
***********************************************
dt = 5.00e-06, momentum=0.80, tol=1.00e-05
l_intensity = 1.0000
Aligning input volume to GCA...
Transform matrix
 1.07238   0.13863   0.03704  -30.51078;
-0.11328   1.08290   0.36963  -19.00496;
 0.01084  -0.32646   0.92585   39.81431;
 0.00000   0.00000   0.00000   1.00000;
nsamples 2841
Quasinewton: input matrix
 1.07238   0.13863   0.03704  -30.51078;
-0.11328   1.08290   0.36963  -19.00496;
 0.01084  -0.32646   0.92585   39.81431;
 0.00000   0.00000   0.00000   1.00000;
 IFLAG= -1  LINE SEARCH FAILED. SEE DOCUMENTATION OF ROUTINE MCSRCH ERROR RETURN OF LINE SEARCH: INFO= 3 POSSIBLE CAUSES: FUNCTION OR GRADIENT ARE INCORRECT OR INCORRECT TOLERANCESoutof QuasiNewtonEMA: 011: -log(p) =   -0.0  tol 0.000010
Resulting transform:
 1.07238   0.13863   0.03704  -30.51078;
-0.11328   1.08290   0.36963  -19.00496;
 0.01084  -0.32646   0.92585   39.81431;
 0.00000   0.00000   0.00000   1.00000;

pass 1, spacing 8: log(p) = -3.535 (old=-4.262)
transform before final EM align:
 1.07238   0.13863   0.03704  -30.51078;
-0.11328   1.08290   0.36963  -19.00496;
 0.01084  -0.32646   0.92585   39.81431;
 0.00000   0.00000   0.00000   1.00000;

**************************************************
 EM alignment process ...
 Computing final MAP estimate using 315638 samples. 
**************************************************
dt = 5.00e-06, momentum=0.80, tol=1.00e-07
l_intensity = 1.0000
Aligning input volume to GCA...
Transform matrix
 1.07238   0.13863   0.03704  -30.51078;
-0.11328   1.08290   0.36963  -19.00496;
 0.01084  -0.32646   0.92585   39.81431;
 0.00000   0.00000   0.00000   1.00000;
nsamples 315638
Quasinewton: input matrix
 1.07238   0.13863   0.03704  -30.51078;
-0.11328   1.08290   0.36963  -19.00496;
 0.01084  -0.32646   0.92585   39.81431;
 0.00000   0.00000   0.00000   1.00000;
 IFLAG= -1  LINE SEARCH FAILED. SEE DOCUMENTATION OF ROUTINE MCSRCH ERROR RETURN OF LINE SEARCH: INFO= 6 POSSIBLE CAUSES: FUNCTION OR GRADIENT ARE INCORRECT OR INCORRECT TOLERANCESoutof QuasiNewtonEMA: 013: -log(p) =    4.0  tol 0.000000
final transform:
 1.07238   0.13863   0.03704  -30.51078;
-0.11328   1.08290   0.36963  -19.00496;
 0.01084  -0.32646   0.92585   39.81431;
 0.00000   0.00000   0.00000   1.00000;

writing output transformation to transforms/talairach.lta...
#VMPC# mri_em_register VmPeak  891288
FSRUNTIME@ mri_em_register  0.0366 hours 16 threads
registration took 2 minutes and 12 seconds.

Started at Mon Mar 9 11:35:48 CET 2026 
Ended   at Mon Mar 9 11:38:00 CET 2026
#@#%# recon-all-run-time-hours 0.037
recon-all -s sub-v1s21x0050414_ses-1 finished without error at Mon Mar  9 11:38:00 CET 2026



#New# invocation of recon-all 




Mon Mar  9 11:38:02 CET 2026
cd /out/sourcedata/freesurfer/sub-v1s21x0050414_ses-1
setenv SUBJECTS_DIR /out/sourcedata/freesurfer
/opt/freesurfer/bin/recon-all -autorecon2-volonly -openmp 16 -subjid sub-v1s21x0050414_ses-1 -sd /out/sourcedata/freesurfer -nogcareg

subjid sub-v1s21x0050414_ses-1
setenv SUBJECTS_DIR /out/sourcedata/freesurfer
FREESURFER_HOME /opt/freesurfer
Actual FREESURFER_HOME /opt/freesurfer
build-stamp.txt: freesurfer-linux-ubuntu22_x86_64-7.3.2-20220804-6354275
Linux dna058 5.14.0-427.37.1.el9_4.x86_64 #1 SMP PREEMPT_DYNAMIC Fri Sep 13 12:41:50 EDT 2024 x86_64 x86_64 x86_64 GNU/Linux
cputime      unlimited
filesize     unlimited
datasize     unlimited
stacksize    8192 kbytes
coredumpsize 0 kbytes
memoryuse    67108864 kbytes
vmemoryuse   unlimited
descriptors  1024 
memorylocked unlimited
maxproc      2061970 
maxlocks     unlimited
maxsignal    2061970 
maxmessage   819200 
maxnice      0 
maxrtprio    0 
maxrttime    unlimited

               total        used        free      shared  buff/cache   available
Mem:           503Gi        47Gi       217Gi        14Gi       238Gi       438Gi
Swap:             0B          0B          0B

########################################
program versions used
7.3.2 (freesurfer-linux-ubuntu22_x86_64-7.3.2-20220804-6354275)
7.3.2

ProgramName: lta_convert  ProgramArguments: lta_convert -all-info  ProgramVersion: 7.3.2  TimeStamp: 2026/03/09-10:38:02-GMT  BuildTime: Aug  4 2022 06:17:15  BuildStamp: freesurfer-linux-ubuntu22_x86_64-7.3.2-20220804-6354275  User: oesteban  Machine: dna058  Platform: Linux  PlatformVersion: 5.14.0-427.37.1.el9_4.x86_64  CompilerName: GCC  CompilerVersion: 8.4.0
ProgramName: mri_and  ProgramArguments: mri_and -all-info  ProgramVersion: 7.3.2  TimeStamp: 2026/03/09-10:38:02-GMT  BuildTime: Aug  4 2022 06:17:15  BuildStamp: freesurfer-linux-ubuntu22_x86_64-7.3.2-20220804-6354275  User: oesteban  Machine: dna058  Platform: Linux  PlatformVersion: 5.14.0-427.37.1.el9_4.x86_64  CompilerName: GCC  CompilerVersion: 8.4.0
ProgramName: mri_annotation2label  ProgramArguments: mri_annotation2label -all-info  ProgramVersion: 7.3.2  TimeStamp: 2026/03/09-10:38:02-GMT  BuildTime: Aug  4 2022 06:17:15  BuildStamp: freesurfer-linux-ubuntu22_x86_64-7.3.2-20220804-6354275  User: oesteban  Machine: dna058  Platform: Linux  PlatformVersion: 5.14.0-427.37.1.el9_4.x86_64  CompilerName: GCC  CompilerVersion: 8.4.0
ProgramName: mri_aparc2aseg  ProgramArguments: mri_aparc2aseg -all-info  ProgramVersion: 7.3.2  TimeStamp: 2026/03/09-10:38:02-GMT  BuildTime: Aug  4 2022 06:17:15  BuildStamp: freesurfer-linux-ubuntu22_x86_64-7.3.2-20220804-6354275  User: oesteban  Machine: dna058  Platform: Linux  PlatformVersion: 5.14.0-427.37.1.el9_4.x86_64  CompilerName: GCC  CompilerVersion: 8.4.0
ProgramName: mri_surf2volseg  ProgramArguments: mri_surf2volseg -all-info  ProgramVersion: 7.3.2  TimeStamp: 2026/03/09-10:38:02-GMT  BuildTime: Aug  4 2022 06:17:15  BuildStamp: freesurfer-linux-ubuntu22_x86_64-7.3.2-20220804-6354275  User: oesteban  Machine: dna058  Platform: Linux  PlatformVersion: 5.14.0-427.37.1.el9_4.x86_64  CompilerName: GCC  CompilerVersion: 8.4.0
ProgramName: mri_binarize  ProgramArguments: mri_binarize -all-info  ProgramVersion: 7.3.2  TimeStamp: 2026/03/09-10:38:02-GMT  BuildTime: Aug  4 2022 06:17:15  BuildStamp: freesurfer-linux-ubuntu22_x86_64-7.3.2-20220804-6354275  User: oesteban  Machine: dna058  Platform: Linux  PlatformVersion: 5.14.0-427.37.1.el9_4.x86_64  CompilerName: GCC  CompilerVersion: 8.4.0
ProgramName: mri_ca_label  ProgramArguments: mri_ca_label -all-info  ProgramVersion: 7.3.2  TimeStamp: 2026/03/09-10:38:02-GMT  BuildTime: Aug  4 2022 06:17:15  BuildStamp: freesurfer-linux-ubuntu22_x86_64-7.3.2-20220804-6354275  User: oesteban  Machine: dna058  Platform: Linux  PlatformVersion: 5.14.0-427.37.1.el9_4.x86_64  CompilerName: GCC  CompilerVersion: 8.4.0
ProgramName: mri_ca_normalize  ProgramArguments: mri_ca_normalize -all-info  ProgramVersion: 7.3.2  TimeStamp: 2026/03/09-10:38:02-GMT  BuildTime: Aug  4 2022 06:17:15  BuildStamp: freesurfer-linux-ubuntu22_x86_64-7.3.2-20220804-6354275  User: oesteban  Machine: dna058  Platform: Linux  PlatformVersion: 5.14.0-427.37.1.el9_4.x86_64  CompilerName: GCC  CompilerVersion: 8.4.0
ProgramName: mri_ca_register  ProgramArguments: mri_ca_register -all-info  ProgramVersion: 7.3.2  TimeStamp: 2026/03/09-10:38:02-GMT  BuildTime: Aug  4 2022 06:17:15  BuildStamp: freesurfer-linux-ubuntu22_x86_64-7.3.2-20220804-6354275  User: oesteban  Machine: dna058  Platform: Linux  PlatformVersion: 5.14.0-427.37.1.el9_4.x86_64  CompilerName: GCC  CompilerVersion: 8.4.0
ProgramName: mri_cc  ProgramArguments: mri_cc -all-info  ProgramVersion: 7.3.2  TimeStamp: 2026/03/09-10:38:02-GMT  BuildTime: Aug  4 2022 06:17:15  BuildStamp: freesurfer-linux-ubuntu22_x86_64-7.3.2-20220804-6354275  User: oesteban  Machine: dna058  Platform: Linux  PlatformVersion: 5.14.0-427.37.1.el9_4.x86_64  CompilerName: GCC  CompilerVersion: 8.4.0
ProgramName: mri_compute_overlap  ProgramArguments: mri_compute_overlap -all-info  ProgramVersion: 7.3.2  TimeStamp: 2026/03/09-10:38:02-GMT  BuildTime: Aug  4 2022 06:17:15  BuildStamp: freesurfer-linux-ubuntu22_x86_64-7.3.2-20220804-6354275  User: oesteban  Machine: dna058  Platform: Linux  PlatformVersion: 5.14.0-427.37.1.el9_4.x86_64  CompilerName: GCC  CompilerVersion: 8.4.0
ProgramName: mri_compute_seg_overlap  ProgramArguments: mri_compute_seg_overlap -all-info  ProgramVersion: 7.3.2  TimeStamp: 2026/03/09-10:38:02-GMT  BuildTime: Aug  4 2022 06:17:15  BuildStamp: freesurfer-linux-ubuntu22_x86_64-7.3.2-20220804-6354275  User: oesteban  Machine: dna058  Platform: Linux  PlatformVersion: 5.14.0-427.37.1.el9_4.x86_64  CompilerName: GCC  CompilerVersion: 8.4.0
ProgramName: mri_concat  ProgramArguments: mri_concat -all-info  ProgramVersion: 7.3.2  TimeStamp: 2026/03/09-10:38:02-GMT  BuildTime: Aug  4 2022 06:17:15  BuildStamp: freesurfer-linux-ubuntu22_x86_64-7.3.2-20220804-6354275  User: oesteban  Machine: dna058  Platform: Linux  PlatformVersion: 5.14.0-427.37.1.el9_4.x86_64  CompilerName: GCC  CompilerVersion: 8.4.0
ProgramName: mri_concatenate_lta  ProgramArguments: mri_concatenate_lta -all-info  ProgramVersion: 7.3.2  TimeStamp: 2026/03/09-10:38:02-GMT  BuildTime: Aug  4 2022 06:17:15  BuildStamp: freesurfer-linux-ubuntu22_x86_64-7.3.2-20220804-6354275  User: oesteban  Machine: dna058  Platform: Linux  PlatformVersion: 5.14.0-427.37.1.el9_4.x86_64  CompilerName: GCC  CompilerVersion: 8.4.0
mri_convert -all-info 
ProgramName: mri_convert  ProgramArguments: mri_convert -all-info  ProgramVersion: 7.3.2  TimeStamp: 2026/03/09-10:38:02-GMT  BuildTime: Aug  4 2022 06:17:15  BuildStamp: freesurfer-linux-ubuntu22_x86_64-7.3.2-20220804-6354275  User: oesteban  Machine: dna058  Platform: Linux  PlatformVersion: 5.14.0-427.37.1.el9_4.x86_64  CompilerName: GCC  CompilerVersion: 8.4.0
ProgramName: mri_diff  ProgramArguments: mri_diff -all-info  ProgramVersion: 7.3.2  TimeStamp: 2026/03/09-10:38:02-GMT  BuildTime: Aug  4 2022 06:17:15  BuildStamp: freesurfer-linux-ubuntu22_x86_64-7.3.2-20220804-6354275  User: oesteban  Machine: dna058  Platform: Linux  PlatformVersion: 5.14.0-427.37.1.el9_4.x86_64  CompilerName: GCC  CompilerVersion: 8.4.0
ProgramName: mri_edit_wm_with_aseg  ProgramArguments: mri_edit_wm_with_aseg -all-info  ProgramVersion: 7.3.2  TimeStamp: 2026/03/09-10:38:02-GMT  BuildTime: Aug  4 2022 06:17:15  BuildStamp: freesurfer-linux-ubuntu22_x86_64-7.3.2-20220804-6354275  User: oesteban  Machine: dna058  Platform: Linux  PlatformVersion: 5.14.0-427.37.1.el9_4.x86_64  CompilerName: GCC  CompilerVersion: 8.4.0
ProgramName: mri_em_register  ProgramArguments: mri_em_register -all-info  ProgramVersion: 7.3.2  TimeStamp: 2026/03/09-10:38:02-GMT  BuildTime: Aug  4 2022 06:17:15  BuildStamp: freesurfer-linux-ubuntu22_x86_64-7.3.2-20220804-6354275  User: oesteban  Machine: dna058  Platform: Linux  PlatformVersion: 5.14.0-427.37.1.el9_4.x86_64  CompilerName: GCC  CompilerVersion: 8.4.0
ProgramName: mri_fill  ProgramArguments: mri_fill -all-info  ProgramVersion: 7.3.2  TimeStamp: 2026/03/09-10:38:02-GMT  BuildTime: Aug  4 2022 06:17:15  BuildStamp: freesurfer-linux-ubuntu22_x86_64-7.3.2-20220804-6354275  User: oesteban  Machine: dna058  Platform: Linux  PlatformVersion: 5.14.0-427.37.1.el9_4.x86_64  CompilerName: GCC  CompilerVersion: 8.4.0
ProgramName: mri_fuse_segmentations  ProgramArguments: mri_fuse_segmentations -all-info  ProgramVersion: 7.3.2  TimeStamp: 2026/03/09-10:38:02-GMT  BuildTime: Aug  4 2022 06:17:15  BuildStamp: freesurfer-linux-ubuntu22_x86_64-7.3.2-20220804-6354275  User: oesteban  Machine: dna058  Platform: Linux  PlatformVersion: 5.14.0-427.37.1.el9_4.x86_64  CompilerName: GCC  CompilerVersion: 8.4.0
ProgramName: mri_fwhm  ProgramArguments: mri_fwhm -all-info  ProgramVersion: 7.3.2  TimeStamp: 2026/03/09-10:38:02-GMT  BuildTime: Aug  4 2022 06:17:15  BuildStamp: freesurfer-linux-ubuntu22_x86_64-7.3.2-20220804-6354275  User: oesteban  Machine: dna058  Platform: Linux  PlatformVersion: 5.14.0-427.37.1.el9_4.x86_64  CompilerName: GCC  CompilerVersion: 8.4.0
ProgramName: mri_gcut  ProgramArguments: mri_gcut -all-info  ProgramVersion: 7.3.2  TimeStamp: 2026/03/09-10:38:02-GMT  BuildTime: Aug  4 2022 06:17:15  BuildStamp: freesurfer-linux-ubuntu22_x86_64-7.3.2-20220804-6354275  User: oesteban  Machine: dna058  Platform: Linux  PlatformVersion: 5.14.0-427.37.1.el9_4.x86_64  CompilerName: GCC  CompilerVersion: 8.4.0
ProgramName: mri_info  ProgramArguments: mri_info -all-info  ProgramVersion: 7.3.2  TimeStamp: 2026/03/09-10:38:02-GMT  BuildTime: Aug  4 2022 06:17:15  BuildStamp: freesurfer-linux-ubuntu22_x86_64-7.3.2-20220804-6354275  User: oesteban  Machine: dna058  Platform: Linux  PlatformVersion: 5.14.0-427.37.1.el9_4.x86_64  CompilerName: GCC  CompilerVersion: 8.4.0
ProgramName: mri_label2label  ProgramArguments: mri_label2label -all-info  ProgramVersion: 7.3.2  TimeStamp: 2026/03/09-10:38:02-GMT  BuildTime: Aug  4 2022 06:17:15  BuildStamp: freesurfer-linux-ubuntu22_x86_64-7.3.2-20220804-6354275  User: oesteban  Machine: dna058  Platform: Linux  PlatformVersion: 5.14.0-427.37.1.el9_4.x86_64  CompilerName: GCC  CompilerVersion: 8.4.0
ProgramName: mri_label2vol  ProgramArguments: mri_label2vol -all-info  ProgramVersion: 7.3.2  TimeStamp: 2026/03/09-10:38:02-GMT  BuildTime: Aug  4 2022 06:17:15  BuildStamp: freesurfer-linux-ubuntu22_x86_64-7.3.2-20220804-6354275  User: oesteban  Machine: dna058  Platform: Linux  PlatformVersion: 5.14.0-427.37.1.el9_4.x86_64  CompilerName: GCC  CompilerVersion: 8.4.0
ProgramName: mri_log_likelihood  ProgramArguments: mri_log_likelihood -all-info  ProgramVersion: 7.3.2  TimeStamp: 2026/03/09-10:38:02-GMT  BuildTime: Aug  4 2022 06:17:15  BuildStamp: freesurfer-linux-ubuntu22_x86_64-7.3.2-20220804-6354275  User: oesteban  Machine: dna058  Platform: Linux  PlatformVersion: 5.14.0-427.37.1.el9_4.x86_64  CompilerName: GCC  CompilerVersion: 8.4.0
ProgramName: mri_mask  ProgramArguments: mri_mask -all-info  ProgramVersion: 7.3.2  TimeStamp: 2026/03/09-10:38:02-GMT  BuildTime: Aug  4 2022 06:17:15  BuildStamp: freesurfer-linux-ubuntu22_x86_64-7.3.2-20220804-6354275  User: oesteban  Machine: dna058  Platform: Linux  PlatformVersion: 5.14.0-427.37.1.el9_4.x86_64  CompilerName: GCC  CompilerVersion: 8.4.0
ProgramName: mri_matrix_multiply  ProgramArguments: mri_matrix_multiply -all-info  ProgramVersion: 7.3.2  TimeStamp: 2026/03/09-10:38:02-GMT  BuildTime: Aug  4 2022 06:17:15  BuildStamp: freesurfer-linux-ubuntu22_x86_64-7.3.2-20220804-6354275  User: oesteban  Machine: dna058  Platform: Linux  PlatformVersion: 5.14.0-427.37.1.el9_4.x86_64  CompilerName: GCC  CompilerVersion: 8.4.0
ProgramName: mri_normalize  ProgramArguments: mri_normalize -all-info  ProgramVersion: 7.3.2  TimeStamp: 2026/03/09-10:38:02-GMT  BuildTime: Aug  4 2022 06:17:15  BuildStamp: freesurfer-linux-ubuntu22_x86_64-7.3.2-20220804-6354275  User: oesteban  Machine: dna058  Platform: Linux  PlatformVersion: 5.14.0-427.37.1.el9_4.x86_64  CompilerName: GCC  CompilerVersion: 8.4.0
ProgramName: mri_normalize_tp2  ProgramArguments: mri_normalize_tp2 -all-info  ProgramVersion: 7.3.2  TimeStamp: 2026/03/09-10:38:02-GMT  BuildTime: Aug  4 2022 06:17:15  BuildStamp: freesurfer-linux-ubuntu22_x86_64-7.3.2-20220804-6354275  User: oesteban  Machine: dna058  Platform: Linux  PlatformVersion: 5.14.0-427.37.1.el9_4.x86_64  CompilerName: GCC  CompilerVersion: 8.4.0
ProgramName: mri_or  ProgramArguments: mri_or -all-info  ProgramVersion: 7.3.2  TimeStamp: 2026/03/09-10:38:02-GMT  BuildTime: Aug  4 2022 06:17:15  BuildStamp: freesurfer-linux-ubuntu22_x86_64-7.3.2-20220804-6354275  User: oesteban  Machine: dna058  Platform: Linux  PlatformVersion: 5.14.0-427.37.1.el9_4.x86_64  CompilerName: GCC  CompilerVersion: 8.4.0
ProgramName: mri_relabel_hypointensities  ProgramArguments: mri_relabel_hypointensities -all-info  ProgramVersion: 7.3.2  TimeStamp: 2026/03/09-10:38:02-GMT  BuildTime: Aug  4 2022 06:17:15  BuildStamp: freesurfer-linux-ubuntu22_x86_64-7.3.2-20220804-6354275  User: oesteban  Machine: dna058  Platform: Linux  PlatformVersion: 5.14.0-427.37.1.el9_4.x86_64  CompilerName: GCC  CompilerVersion: 8.4.0
ProgramName: mri_relabel_nonwm_hypos  ProgramArguments: mri_relabel_nonwm_hypos -all-info  ProgramVersion: 7.3.2  TimeStamp: 2026/03/09-10:38:02-GMT  BuildTime: Aug  4 2022 06:17:15  BuildStamp: freesurfer-linux-ubuntu22_x86_64-7.3.2-20220804-6354275  User: oesteban  Machine: dna058  Platform: Linux  PlatformVersion: 5.14.0-427.37.1.el9_4.x86_64  CompilerName: GCC  CompilerVersion: 8.4.0
ProgramName: mri_remove_neck  ProgramArguments: mri_remove_neck -all-info  ProgramVersion: 7.3.2  TimeStamp: 2026/03/09-10:38:02-GMT  BuildTime: Aug  4 2022 06:17:15  BuildStamp: freesurfer-linux-ubuntu22_x86_64-7.3.2-20220804-6354275  User: oesteban  Machine: dna058  Platform: Linux  PlatformVersion: 5.14.0-427.37.1.el9_4.x86_64  CompilerName: GCC  CompilerVersion: 8.4.0
7.3.2

ProgramName: mri_robust_register  ProgramArguments: mri_robust_register -all-info  ProgramVersion: 7.3.2  TimeStamp: 2026/03/09-10:38:02-GMT  BuildTime: Aug  4 2022 06:17:15  BuildStamp: freesurfer-linux-ubuntu22_x86_64-7.3.2-20220804-6354275  User: oesteban  Machine: dna058  Platform: Linux  PlatformVersion: 5.14.0-427.37.1.el9_4.x86_64  CompilerName: GCC  CompilerVersion: 8.4.0
7.3.2

ProgramName: mri_robust_template  ProgramArguments: mri_robust_template -all-info  ProgramVersion: 7.3.2  TimeStamp: 2026/03/09-10:38:02-GMT  BuildTime: Aug  4 2022 06:17:15  BuildStamp: freesurfer-linux-ubuntu22_x86_64-7.3.2-20220804-6354275  User: oesteban  Machine: dna058  Platform: Linux  PlatformVersion: 5.14.0-427.37.1.el9_4.x86_64  CompilerName: GCC  CompilerVersion: 8.4.0
ProgramName: mris_anatomical_stats  ProgramArguments: mris_anatomical_stats -all-info  ProgramVersion: 7.3.2  TimeStamp: 2026/03/09-10:38:02-GMT  BuildTime: Aug  4 2022 06:17:15  BuildStamp: freesurfer-linux-ubuntu22_x86_64-7.3.2-20220804-6354275  User: oesteban  Machine: dna058  Platform: Linux  PlatformVersion: 5.14.0-427.37.1.el9_4.x86_64  CompilerName: GCC  CompilerVersion: 8.4.0
ProgramName: mris_ca_label  ProgramArguments: mris_ca_label -all-info  ProgramVersion: 7.3.2  TimeStamp: 2026/03/09-10:38:02-GMT  BuildTime: Aug  4 2022 06:17:15  BuildStamp: freesurfer-linux-ubuntu22_x86_64-7.3.2-20220804-6354275  User: oesteban  Machine: dna058  Platform: Linux  PlatformVersion: 5.14.0-427.37.1.el9_4.x86_64  CompilerName: GCC  CompilerVersion: 8.4.0
ProgramName: mris_calc  ProgramArguments: mris_calc -all-info  ProgramVersion: 7.3.2  TimeStamp: 2026/03/09-10:38:02-GMT  BuildTime: Aug  4 2022 06:17:15  BuildStamp: freesurfer-linux-ubuntu22_x86_64-7.3.2-20220804-6354275  User: oesteban  Machine: dna058  Platform: Linux  PlatformVersion: 5.14.0-427.37.1.el9_4.x86_64  CompilerName: GCC  CompilerVersion: 8.4.0
ProgramName: mris_convert  ProgramArguments: mris_convert -all-info  ProgramVersion: 7.3.2  TimeStamp: 2026/03/09-10:38:02-GMT  BuildTime: Aug  4 2022 06:17:15  BuildStamp: freesurfer-linux-ubuntu22_x86_64-7.3.2-20220804-6354275  User: oesteban  Machine: dna058  Platform: Linux  PlatformVersion: 5.14.0-427.37.1.el9_4.x86_64  CompilerName: GCC  CompilerVersion: 8.4.0
ProgramName: mris_curvature  ProgramArguments: mris_curvature -all-info  ProgramVersion: 7.3.2  TimeStamp: 2026/03/09-10:38:02-GMT  BuildTime: Aug  4 2022 06:17:15  BuildStamp: freesurfer-linux-ubuntu22_x86_64-7.3.2-20220804-6354275  User: oesteban  Machine: dna058  Platform: Linux  PlatformVersion: 5.14.0-427.37.1.el9_4.x86_64  CompilerName: GCC  CompilerVersion: 8.4.0
ProgramName: mris_curvature_stats  ProgramArguments: mris_curvature_stats -all-info  ProgramVersion: 7.3.2  TimeStamp: 2026/03/09-10:38:02-GMT  BuildTime: Aug  4 2022 06:17:15  BuildStamp: freesurfer-linux-ubuntu22_x86_64-7.3.2-20220804-6354275  User: oesteban  Machine: dna058  Platform: Linux  PlatformVersion: 5.14.0-427.37.1.el9_4.x86_64  CompilerName: GCC  CompilerVersion: 8.4.0
ProgramName: mris_diff  ProgramArguments: mris_diff -all-info  ProgramVersion: 7.3.2  TimeStamp: 2026/03/09-10:38:02-GMT  BuildTime: Aug  4 2022 06:17:15  BuildStamp: freesurfer-linux-ubuntu22_x86_64-7.3.2-20220804-6354275  User: oesteban  Machine: dna058  Platform: Linux  PlatformVersion: 5.14.0-427.37.1.el9_4.x86_64  CompilerName: GCC  CompilerVersion: 8.4.0
ProgramName: mris_divide_parcellation  ProgramArguments: mris_divide_parcellation -all-info  ProgramVersion: 7.3.2  TimeStamp: 2026/03/09-10:38:02-GMT  BuildTime: Aug  4 2022 06:17:15  BuildStamp: freesurfer-linux-ubuntu22_x86_64-7.3.2-20220804-6354275  User: oesteban  Machine: dna058  Platform: Linux  PlatformVersion: 5.14.0-427.37.1.el9_4.x86_64  CompilerName: GCC  CompilerVersion: 8.4.0
ProgramName: mri_segment  ProgramArguments: mri_segment -all-info  ProgramVersion: 7.3.2  TimeStamp: 2026/03/09-10:38:02-GMT  BuildTime: Aug  4 2022 06:17:15  BuildStamp: freesurfer-linux-ubuntu22_x86_64-7.3.2-20220804-6354275  User: oesteban  Machine: dna058  Platform: Linux  PlatformVersion: 5.14.0-427.37.1.el9_4.x86_64  CompilerName: GCC  CompilerVersion: 8.4.0
ProgramName: mri_segstats  ProgramArguments: mri_segstats -all-info  ProgramVersion: 7.3.2  TimeStamp: 2026/03/09-10:38:02-GMT  BuildTime: Aug  4 2022 06:17:15  BuildStamp: freesurfer-linux-ubuntu22_x86_64-7.3.2-20220804-6354275  User: oesteban  Machine: dna058  Platform: Linux  PlatformVersion: 5.14.0-427.37.1.el9_4.x86_64  CompilerName: GCC  CompilerVersion: 8.4.0
ProgramName: mris_euler_number  ProgramArguments: mris_euler_number -all-info  ProgramVersion: 7.3.2  TimeStamp: 2026/03/09-10:38:02-GMT  BuildTime: Aug  4 2022 06:17:15  BuildStamp: freesurfer-linux-ubuntu22_x86_64-7.3.2-20220804-6354275  User: oesteban  Machine: dna058  Platform: Linux  PlatformVersion: 5.14.0-427.37.1.el9_4.x86_64  CompilerName: GCC  CompilerVersion: 8.4.0
ProgramName: mris_fix_topology  ProgramArguments: mris_fix_topology -all-info  ProgramVersion: 7.3.2  TimeStamp: 2026/03/09-10:38:02-GMT  BuildTime: Aug  4 2022 06:17:15  BuildStamp: freesurfer-linux-ubuntu22_x86_64-7.3.2-20220804-6354275  User: oesteban  Machine: dna058  Platform: Linux  PlatformVersion: 5.14.0-427.37.1.el9_4.x86_64  CompilerName: GCC  CompilerVersion: 8.4.0
ProgramName: mris_topo_fixer  ProgramArguments: mris_topo_fixer -all-info  ProgramVersion: 7.3.2  TimeStamp: 2026/03/09-10:38:02-GMT  BuildTime: Aug  4 2022 06:17:15  BuildStamp: freesurfer-linux-ubuntu22_x86_64-7.3.2-20220804-6354275  User: oesteban  Machine: dna058  Platform: Linux  PlatformVersion: 5.14.0-427.37.1.el9_4.x86_64  CompilerName: GCC  CompilerVersion: 8.4.0
ProgramName: mris_jacobian  ProgramArguments: mris_jacobian -all-info  ProgramVersion: 7.3.2  TimeStamp: 2026/03/09-10:38:02-GMT  BuildTime: Aug  4 2022 06:17:15  BuildStamp: freesurfer-linux-ubuntu22_x86_64-7.3.2-20220804-6354275  User: oesteban  Machine: dna058  Platform: Linux  PlatformVersion: 5.14.0-427.37.1.el9_4.x86_64  CompilerName: GCC  CompilerVersion: 8.4.0
ProgramName: mris_label2annot  ProgramArguments: mris_label2annot -all-info  ProgramVersion: 7.3.2  TimeStamp: 2026/03/09-10:38:02-GMT  BuildTime: Aug  4 2022 06:17:15  BuildStamp: freesurfer-linux-ubuntu22_x86_64-7.3.2-20220804-6354275  User: oesteban  Machine: dna058  Platform: Linux  PlatformVersion: 5.14.0-427.37.1.el9_4.x86_64  CompilerName: GCC  CompilerVersion: 8.4.0
ProgramName: mris_left_right_register  ProgramArguments: mris_left_right_register -all-info  ProgramVersion: 7.3.2  TimeStamp: 2026/03/09-10:38:02-GMT  BuildTime: Aug  4 2022 06:17:15  BuildStamp: freesurfer-linux-ubuntu22_x86_64-7.3.2-20220804-6354275  User: oesteban  Machine: dna058  Platform: Linux  PlatformVersion: 5.14.0-427.37.1.el9_4.x86_64  CompilerName: GCC  CompilerVersion: 8.4.0
ProgramName: mris_place_surface  ProgramArguments: mris_place_surface -all-info  ProgramVersion: 7.3.2  TimeStamp: 2026/03/09-10:38:02-GMT  BuildTime: Aug  4 2022 06:17:15  BuildStamp: freesurfer-linux-ubuntu22_x86_64-7.3.2-20220804-6354275  User: oesteban  Machine: dna058  Platform: Linux  PlatformVersion: 5.14.0-427.37.1.el9_4.x86_64  CompilerName: GCC  CompilerVersion: 8.4.0
ProgramName: mrisp_paint  ProgramArguments: mrisp_paint -all-info  ProgramVersion: 7.3.2  TimeStamp: 2026/03/09-10:38:02-GMT  BuildTime: Aug  4 2022 06:17:15  BuildStamp: freesurfer-linux-ubuntu22_x86_64-7.3.2-20220804-6354275  User: oesteban  Machine: dna058  Platform: Linux  PlatformVersion: 5.14.0-427.37.1.el9_4.x86_64  CompilerName: GCC  CompilerVersion: 8.4.0
ProgramName: mris_register  ProgramArguments: mris_register -all-info  ProgramVersion: 7.3.2  TimeStamp: 2026/03/09-10:38:02-GMT  BuildTime: Aug  4 2022 06:17:15  BuildStamp: freesurfer-linux-ubuntu22_x86_64-7.3.2-20220804-6354275  User: oesteban  Machine: dna058  Platform: Linux  PlatformVersion: 5.14.0-427.37.1.el9_4.x86_64  CompilerName: GCC  CompilerVersion: 8.4.0
ProgramName: mris_smooth  ProgramArguments: mris_smooth -all-info  ProgramVersion: 7.3.2  TimeStamp: 2026/03/09-10:38:02-GMT  BuildTime: Aug  4 2022 06:17:15  BuildStamp: freesurfer-linux-ubuntu22_x86_64-7.3.2-20220804-6354275  User: oesteban  Machine: dna058  Platform: Linux  PlatformVersion: 5.14.0-427.37.1.el9_4.x86_64  CompilerName: GCC  CompilerVersion: 8.4.0
ProgramName: mris_sphere  ProgramArguments: mris_sphere -all-info  ProgramVersion: 7.3.2  TimeStamp: 2026/03/09-10:38:02-GMT  BuildTime: Aug  4 2022 06:17:15  BuildStamp: freesurfer-linux-ubuntu22_x86_64-7.3.2-20220804-6354275  User: oesteban  Machine: dna058  Platform: Linux  PlatformVersion: 5.14.0-427.37.1.el9_4.x86_64  CompilerName: GCC  CompilerVersion: 8.4.0
ProgramName: mris_surface_stats  ProgramArguments: mris_surface_stats -all-info  ProgramVersion: 7.3.2  TimeStamp: 2026/03/09-10:38:02-GMT  BuildTime: Aug  4 2022 06:17:15  BuildStamp: freesurfer-linux-ubuntu22_x86_64-7.3.2-20220804-6354275  User: oesteban  Machine: dna058  Platform: Linux  PlatformVersion: 5.14.0-427.37.1.el9_4.x86_64  CompilerName: GCC  CompilerVersion: 8.4.0
ProgramName: mri_stats2seg  ProgramArguments: mri_stats2seg -all-info  ProgramVersion: 7.3.2  TimeStamp: 2026/03/09-10:38:02-GMT  BuildTime: Aug  4 2022 06:17:15  BuildStamp: freesurfer-linux-ubuntu22_x86_64-7.3.2-20220804-6354275  User: oesteban  Machine: dna058  Platform: Linux  PlatformVersion: 5.14.0-427.37.1.el9_4.x86_64  CompilerName: GCC  CompilerVersion: 8.4.0
ProgramName: mris_thickness  ProgramArguments: mris_thickness -all-info  ProgramVersion: 7.3.2  TimeStamp: 2026/03/09-10:38:02-GMT  BuildTime: Aug  4 2022 06:17:15  BuildStamp: freesurfer-linux-ubuntu22_x86_64-7.3.2-20220804-6354275  User: oesteban  Machine: dna058  Platform: Linux  PlatformVersion: 5.14.0-427.37.1.el9_4.x86_64  CompilerName: GCC  CompilerVersion: 8.4.0
ProgramName: mris_thickness_diff  ProgramArguments: mris_thickness_diff -all-info  ProgramVersion: 7.3.2  TimeStamp: 2026/03/09-10:38:02-GMT  BuildTime: Aug  4 2022 06:17:15  BuildStamp: freesurfer-linux-ubuntu22_x86_64-7.3.2-20220804-6354275  User: oesteban  Machine: dna058  Platform: Linux  PlatformVersion: 5.14.0-427.37.1.el9_4.x86_64  CompilerName: GCC  CompilerVersion: 8.4.0
ProgramName: mris_topo_fixer  ProgramArguments: mris_topo_fixer -all-info  ProgramVersion: 7.3.2  TimeStamp: 2026/03/09-10:38:02-GMT  BuildTime: Aug  4 2022 06:17:15  BuildStamp: freesurfer-linux-ubuntu22_x86_64-7.3.2-20220804-6354275  User: oesteban  Machine: dna058  Platform: Linux  PlatformVersion: 5.14.0-427.37.1.el9_4.x86_64  CompilerName: GCC  CompilerVersion: 8.4.0
ProgramName: mri_surf2surf  ProgramArguments: mri_surf2surf -all-info  ProgramVersion: 7.3.2  TimeStamp: 2026/03/09-10:38:02-GMT  BuildTime: Aug  4 2022 06:17:15  BuildStamp: freesurfer-linux-ubuntu22_x86_64-7.3.2-20220804-6354275  User: oesteban  Machine: dna058  Platform: Linux  PlatformVersion: 5.14.0-427.37.1.el9_4.x86_64  CompilerName: GCC  CompilerVersion: 8.4.0
ProgramName: mri_surf2vol  ProgramArguments: mri_surf2vol -all-info  ProgramVersion: 7.3.2  TimeStamp: 2026/03/09-10:38:02-GMT  BuildTime: Aug  4 2022 06:17:15  BuildStamp: freesurfer-linux-ubuntu22_x86_64-7.3.2-20220804-6354275  User: oesteban  Machine: dna058  Platform: Linux  PlatformVersion: 5.14.0-427.37.1.el9_4.x86_64  CompilerName: GCC  CompilerVersion: 8.4.0
ProgramName: mri_surfcluster  ProgramArguments: mri_surfcluster -all-info  ProgramVersion: 7.3.2  TimeStamp: 2026/03/09-10:38:02-GMT  BuildTime: Aug  4 2022 06:17:15  BuildStamp: freesurfer-linux-ubuntu22_x86_64-7.3.2-20220804-6354275  User: oesteban  Machine: dna058  Platform: Linux  PlatformVersion: 5.14.0-427.37.1.el9_4.x86_64  CompilerName: GCC  CompilerVersion: 8.4.0
ProgramName: mris_volmask  ProgramArguments: mris_volmask -all-info  ProgramVersion: 7.3.2  TimeStamp: 2026/03/09-10:38:02-GMT  BuildTime: Aug  4 2022 06:17:15  BuildStamp: freesurfer-linux-ubuntu22_x86_64-7.3.2-20220804-6354275  User: oesteban  Machine: dna058  Platform: Linux  PlatformVersion: 5.14.0-427.37.1.el9_4.x86_64  CompilerName: GCC  CompilerVersion: 8.4.0
ProgramName: mri_tessellate  ProgramArguments: mri_tessellate -all-info  ProgramVersion: 7.3.2  TimeStamp: 2026/03/09-10:38:02-GMT  BuildTime: Aug  4 2022 06:17:15  BuildStamp: freesurfer-linux-ubuntu22_x86_64-7.3.2-20220804-6354275  User: oesteban  Machine: dna058  Platform: Linux  PlatformVersion: 5.14.0-427.37.1.el9_4.x86_64  CompilerName: GCC  CompilerVersion: 8.4.0
ProgramName: mri_vol2surf  ProgramArguments: mri_vol2surf -all-info  ProgramVersion: 7.3.2  TimeStamp: 2026/03/09-10:38:02-GMT  BuildTime: Aug  4 2022 06:17:15  BuildStamp: freesurfer-linux-ubuntu22_x86_64-7.3.2-20220804-6354275  User: oesteban  Machine: dna058  Platform: Linux  PlatformVersion: 5.14.0-427.37.1.el9_4.x86_64  CompilerName: GCC  CompilerVersion: 8.4.0
ProgramName: mri_vol2vol  ProgramArguments: mri_vol2vol -all-info  ProgramVersion: 7.3.2  TimeStamp: 2026/03/09-10:38:02-GMT  BuildTime: Aug  4 2022 06:17:15  BuildStamp: freesurfer-linux-ubuntu22_x86_64-7.3.2-20220804-6354275  User: oesteban  Machine: dna058  Platform: Linux  PlatformVersion: 5.14.0-427.37.1.el9_4.x86_64  CompilerName: GCC  CompilerVersion: 8.4.0
ProgramName: mri_voldiff  ProgramArguments: mri_voldiff -all-info  ProgramVersion: 7.3.2  TimeStamp: 2026/03/09-10:38:02-GMT  BuildTime: Aug  4 2022 06:17:15  BuildStamp: freesurfer-linux-ubuntu22_x86_64-7.3.2-20220804-6354275  User: oesteban  Machine: dna058  Platform: Linux  PlatformVersion: 5.14.0-427.37.1.el9_4.x86_64  CompilerName: GCC  CompilerVersion: 8.4.0
ProgramName: mri_watershed  ProgramArguments: mri_watershed -all-info  ProgramVersion: 7.3.2  TimeStamp: 2026/03/09-10:38:02-GMT  BuildTime: Aug  4 2022 06:17:15  BuildStamp: freesurfer-linux-ubuntu22_x86_64-7.3.2-20220804-6354275  User: oesteban  Machine: dna058  Platform: Linux  PlatformVersion: 5.14.0-427.37.1.el9_4.x86_64  CompilerName: GCC  CompilerVersion: 8.4.0
ProgramName: tkregister2  ProgramArguments: tkregister2_cmdl -all-info  ProgramVersion: 7.3.2  TimeStamp: 2026/03/09-10:38:02-GMT  BuildTime: Aug  4 2022 06:17:15  BuildStamp: freesurfer-linux-ubuntu22_x86_64-7.3.2-20220804-6354275  User: oesteban  Machine: dna058  Platform: Linux  PlatformVersion: 5.14.0-427.37.1.el9_4.x86_64  CompilerName: GCC  CompilerVersion: 8.4.0
mri_motion_correct.fsl 7.3.2
mri_convert -all-info 
ProgramName: mri_convert  ProgramArguments: mri_convert -all-info  ProgramVersion: 7.3.2  TimeStamp: 2026/03/09-10:38:02-GMT  BuildTime: Aug  4 2022 06:17:15  BuildStamp: freesurfer-linux-ubuntu22_x86_64-7.3.2-20220804-6354275  User: oesteban  Machine: dna058  Platform: Linux  PlatformVersion: 5.14.0-427.37.1.el9_4.x86_64  CompilerName: GCC  CompilerVersion: 8.4.0
Program nu_correct, built from:
Package MNI N3, version 1.12.0, compiled by nicks@terrier (x86_64-unknown-linux-gnu) on 2015-06-19 at 01:25:34
#######################################
GCADIR /opt/freesurfer/average
GCA RB_all_2020-01-02.gca
GCASkull RB_all_withskull_2020_01_02.gca
AvgCurvTif folding.atlas.acfb40.noaparc.i12.2016-08-02.tif
GCSDIR /opt/freesurfer/average
GCS DKaparc.atlas.acfb40.noaparc.i12.2016-08-02.gcs
#######################################
#--------------------------------------
#@# CA Normalize Mon Mar  9 11:38:02 CET 2026
/out/sourcedata/freesurfer/sub-v1s21x0050414_ses-1/mri

 mri_ca_normalize -c ctrl_pts.mgz -mask brainmask.mgz nu.mgz /opt/freesurfer/average/RB_all_2020-01-02.gca transforms/talairach.lta norm.mgz 

writing control point volume to ctrl_pts.mgz
using MR volume brainmask.mgz to mask input volume...
reading 1 input volume
reading atlas from '/opt/freesurfer/average/RB_all_2020-01-02.gca'...
reading transform from 'transforms/talairach.lta'...
reading input volume from nu.mgz...
resetting wm mean[0]: 98 --> 107
resetting gm mean[0]: 61 --> 61
input volume #1 is the most T1-like
using real data threshold=31.0
skull bounding box = (64, 45, 37) --> (194, 176, 194)
finding center of left hemi white matter
using (107, 89, 116) as brain centroid of Right_Cerebral_White_Matter...
mean wm in atlas = 107, using box (91,73,97) --> (122, 105,135) to find MRI wm
before smoothing, mri peak at 103
robust fit to distribution - 101 +- 6.0
after smoothing, mri peak at 101, scaling input intensities by 1.059
scaling channel 0 by 1.05941
using 246437 sample points...
INFO: compute sample coordinates transform
 1.07238   0.13863   0.03704  -30.51078;
-0.11328   1.08290   0.36963  -19.00496;
 0.01084  -0.32646   0.92585   39.81431;
 0.00000   0.00000   0.00000   1.00000;
INFO: transform used
finding control points in Left_Cerebral_White_Matter....
found 40230 control points for structure...
bounding box (125, 48, 31) --> (192, 157, 196)
Left_Cerebral_White_Matter: limiting intensities to 93.0 --> 132.0
0 of 3643 (0.0%) samples deleted
finding control points in Right_Cerebral_White_Matter....
found 39478 control points for structure...
bounding box (67, 45, 30) --> (134, 146, 197)
Right_Cerebral_White_Matter: limiting intensities to 93.0 --> 132.0
1 of 4864 (0.0%) samples deleted
finding control points in Left_Cerebellum_White_Matter....
found 3105 control points for structure...
bounding box (126, 127, 63) --> (169, 171, 117)
Left_Cerebellum_White_Matter: limiting intensities to 99.0 --> 132.0
0 of 344 (0.0%) samples deleted
finding control points in Right_Cerebellum_White_Matter....
found 2710 control points for structure...
bounding box (82, 126, 59) --> (127, 164, 117)
Right_Cerebellum_White_Matter: limiting intensities to 108.0 --> 132.0
1 of 247 (0.4%) samples deleted
finding control points in Brain_Stem....
found 3475 control points for structure...
bounding box (109, 114, 97) --> (143, 175, 127)
Brain_Stem: limiting intensities to 109.0 --> 132.0
287 of 370 (77.6%) samples deleted
using 9468 total control points for intensity normalization...
bias field = 0.947 +- 0.082
0 of 9179 control points discarded
finding control points in Left_Cerebral_White_Matter....
found 40230 control points for structure...
bounding box (125, 48, 31) --> (192, 157, 196)
Left_Cerebral_White_Matter: limiting intensities to 88.0 --> 132.0
33 of 3953 (0.8%) samples deleted
finding control points in Right_Cerebral_White_Matter....
found 39478 control points for structure...
bounding box (67, 45, 30) --> (134, 146, 197)
Right_Cerebral_White_Matter: limiting intensities to 88.0 --> 132.0
22 of 5057 (0.4%) samples deleted
finding control points in Left_Cerebellum_White_Matter....
found 3105 control points for structure...
bounding box (126, 127, 63) --> (169, 171, 117)
Left_Cerebellum_White_Matter: limiting intensities to 88.0 --> 132.0
24 of 374 (6.4%) samples deleted
finding control points in Right_Cerebellum_White_Matter....
found 2710 control points for structure...
bounding box (82, 126, 59) --> (127, 164, 117)
Right_Cerebellum_White_Matter: limiting intensities to 88.0 --> 132.0
13 of 290 (4.5%) samples deleted
finding control points in Brain_Stem....
found 3475 control points for structure...
bounding box (109, 114, 97) --> (143, 175, 127)
Brain_Stem: limiting intensities to 89.0 --> 132.0
324 of 539 (60.1%) samples deleted
using 10213 total control points for intensity normalization...
bias field = 1.056 +- 0.077
1 of 9710 control points discarded
finding control points in Left_Cerebral_White_Matter....
found 40230 control points for structure...
bounding box (125, 48, 31) --> (192, 157, 196)
Left_Cerebral_White_Matter: limiting intensities to 88.0 --> 132.0
32 of 4020 (0.8%) samples deleted
finding control points in Right_Cerebral_White_Matter....
found 39478 control points for structure...
bounding box (67, 45, 30) --> (134, 146, 197)
Right_Cerebral_White_Matter: limiting intensities to 88.0 --> 132.0
32 of 4802 (0.7%) samples deleted
finding control points in Left_Cerebellum_White_Matter....
found 3105 control points for structure...
bounding box (126, 127, 63) --> (169, 171, 117)
Left_Cerebellum_White_Matter: limiting intensities to 88.0 --> 132.0
104 of 437 (23.8%) samples deleted
finding control points in Right_Cerebellum_White_Matter....
found 2710 control points for structure...
bounding box (82, 126, 59) --> (127, 164, 117)
Right_Cerebellum_White_Matter: limiting intensities to 88.0 --> 132.0
78 of 291 (26.8%) samples deleted
finding control points in Brain_Stem....
found 3475 control points for structure...
bounding box (109, 114, 97) --> (143, 175, 127)
Brain_Stem: limiting intensities to 88.0 --> 132.0
444 of 605 (73.4%) samples deleted
using 10155 total control points for intensity normalization...
bias field = 1.059 +- 0.068
0 of 9295 control points discarded
writing normalized volume to norm.mgz...
writing control points to ctrl_pts.mgz
freeing GCA...done.
normalization took 1 minutes and 23 seconds.
#--------------------------------------
#@# CA Reg Mon Mar  9 11:39:25 CET 2026
/out/sourcedata/freesurfer/sub-v1s21x0050414_ses-1/mri

 mri_ca_register -nobigventricles -T transforms/talairach.lta -align-after -mask brainmask.mgz norm.mgz /opt/freesurfer/average/RB_all_2020-01-02.gca transforms/talairach.m3z 

not handling expanded ventricles...
using previously computed transform transforms/talairach.lta
renormalizing sequences with structure alignment, equivalent to:
	-renormalize
	-regularize_mean 0.500
	-regularize 0.500
using MR volume brainmask.mgz to mask input volume...

== Number of threads available to mri_ca_register for OpenMP = 16 == 
reading 1 input volumes...
logging results to talairach.log
reading input volume 'norm.mgz'...
reading GCA '/opt/freesurfer/average/RB_all_2020-01-02.gca'...
label assignment complete, 0 changed (0.00%)
freeing gibbs priors...done.
average std[0] = 5.0
Starting GCAMregister()
label assignment complete, 0 changed (0.00%)
npasses = 1, nlevels = 6
#pass# 1 of 1 ************************
enabling zero nodes
setting smoothness cost coefficient to 0.156

#GCAMreg# pass 0 level1 5 level2 0 tsec 0 sigma 2
l_jacobian=1.00 l_label=1.00 l_log_likelihood=0.20 l_smoothness=0.16 
tol=2.50e-01, dt=5.00e-02, exp_k=20.0, momentum=0.90, levels=6, niter=500, lbl_dist=10.00, avgs=256, sigma=2.0,type=2, relabel=0, neg=no

blurring input image with Gaussian with sigma=2.000...
GCAMRegisterLevel(): init RMS 0.83632
#FOTS# QuadFit found better minimum quadopt=(dt=266.275,rms=0.772473) vs oldopt=(dt=369.92,rms=0.780828)
#GCMRL#    0 dt 266.275047 rms  0.772  7.634% neg 0  invalid 762 tFOTS 4.5550 tGradient 3.2100 tsec 8.1810
#FOTS# QuadFit found better minimum quadopt=(dt=221.945,rms=0.762076) vs oldopt=(dt=92.48,rms=0.76561)
#GCMRL#    1 dt 221.944954 rms  0.762  1.346% neg 0  invalid 762 tFOTS 4.6110 tGradient 3.6090 tsec 8.5510
#FOTS# QuadFit found better minimum quadopt=(dt=161.055,rms=0.756784) vs oldopt=(dt=92.48,rms=0.758019)
#GCMRL#    2 dt 161.054945 rms  0.757  0.694% neg 0  invalid 762 tFOTS 4.6870 tGradient 2.8190 tsec 7.8920
#FOTS# QuadFit found better minimum quadopt=(dt=295.936,rms=0.752662) vs oldopt=(dt=369.92,rms=0.752859)
#GCMRL#    3 dt 295.936000 rms  0.753  0.545% neg 0  invalid 762 tFOTS 4.9150 tGradient 2.9110 tsec 8.1510
#FOTS# QuadFit found better minimum quadopt=(dt=129.472,rms=0.75006) vs oldopt=(dt=92.48,rms=0.750528)
#GCMRL#    4 dt 129.472000 rms  0.750  0.346% neg 0  invalid 762 tFOTS 4.7130 tGradient 2.7910 tsec 7.9030
#FOTS# QuadFit found better minimum quadopt=(dt=1183.74,rms=0.742683) vs oldopt=(dt=1479.68,rms=0.74385)
#GCMRL#    5 dt 1183.744000 rms  0.743  0.984% neg 0  invalid 762 tFOTS 4.8130 tGradient 3.3180 tsec 8.4940
#FOTS# QuadFit found better minimum quadopt=(dt=129.472,rms=0.738863) vs oldopt=(dt=92.48,rms=0.739284)
#GCMRL#    6 dt 129.472000 rms  0.739  0.514% neg 0  invalid 762 tFOTS 5.1630 tGradient 3.1790 tsec 8.7010
#GCMRL#    7 dt 369.920000 rms  0.738  0.000% neg 0  invalid 762 tFOTS 4.8740 tGradient 3.1730 tsec 8.4160
#GCMRL#    8 dt 369.920000 rms  0.737  0.121% neg 0  invalid 762 tFOTS 0.0000 tGradient 2.7930 tsec 3.1130

#GCAMreg# pass 0 level1 5 level2 1 tsec 82.278 sigma 0.5
l_jacobian=1.00 l_label=1.00 l_log_likelihood=0.20 l_smoothness=0.16 
tol=2.50e-01, dt=5.00e-02, exp_k=20.0, momentum=0.90, levels=6, niter=500, lbl_dist=10.00, avgs=256, sigma=0.5,type=2, relabel=0, neg=no

blurring input image with Gaussian with sigma=0.500...
GCAMRegisterLevel(): init RMS 0.737399
#FOTS# QuadFit found better minimum quadopt=(dt=129.472,rms=0.735193) vs oldopt=(dt=92.48,rms=0.735412)
#GCMRL#   10 dt 129.472000 rms  0.735  0.299% neg 0  invalid 762 tFOTS 4.6220 tGradient 2.8380 tsec 7.8320
#FOTS# QuadFit found better minimum quadopt=(dt=517.888,rms=0.73397) vs oldopt=(dt=369.92,rms=0.734097)
#GCMRL#   11 dt 517.888000 rms  0.734  0.000% neg 0  invalid 762 tFOTS 4.5680 tGradient 3.1380 tsec 8.0590
#GCMRL#   12 dt 517.888000 rms  0.732  0.254% neg 0  invalid 762 tFOTS 0.0000 tGradient 2.8800 tsec 3.1920
#GCMRL#   13 dt 517.888000 rms  0.731  0.142% neg 0  invalid 762 tFOTS 0.0000 tGradient 2.8720 tsec 3.1780
#GCMRL#   14 dt 517.888000 rms  0.731 -0.201% neg 0  invalid 762 tFOTS 0.0000 tGradient 2.9650 tsec 3.5200
#FOTS# QuadFit found better minimum quadopt=(dt=129.472,rms=0.729876) vs oldopt=(dt=92.48,rms=0.729983)
#GCMRL#   15 dt 129.472000 rms  0.730  0.165% neg 0  invalid 762 tFOTS 4.3980 tGradient 2.9290 tsec 7.6560
#FOTS# QuadFit found better minimum quadopt=(dt=517.888,rms=0.729033) vs oldopt=(dt=369.92,rms=0.729191)
setting smoothness cost coefficient to 0.615

#GCAMreg# pass 0 level1 4 level2 0 tsec 0 sigma 2
l_jacobian=1.00 l_label=1.00 l_log_likelihood=0.20 l_smoothness=0.62 
tol=2.50e-01, dt=5.00e-02, exp_k=20.0, momentum=0.90, levels=6, niter=500, lbl_dist=10.00, avgs=64, sigma=2.0,type=2, relabel=0, neg=no

blurring input image with Gaussian with sigma=2.000...
GCAMRegisterLevel(): init RMS 0.735174
#FOTS# QuadFit found better minimum quadopt=(dt=118.528,rms=0.727037) vs oldopt=(dt=103.68,rms=0.727109)
#GCMRL#   17 dt 118.527514 rms  0.727  1.107% neg 0  invalid 762 tFOTS 4.3960 tGradient 2.2800 tsec 7.0030
#FOTS# QuadFit found better minimum quadopt=(dt=148.73,rms=0.719236) vs oldopt=(dt=103.68,rms=0.719878)
#GCMRL#   18 dt 148.730077 rms  0.719  1.073% neg 0  invalid 762 tFOTS 4.4130 tGradient 2.3020 tsec 7.0360
#FOTS# QuadFit found better minimum quadopt=(dt=64,rms=0.715702) vs oldopt=(dt=25.92,rms=0.71672)
#GCMRL#   19 dt  64.000000 rms  0.716  0.491% neg 0  invalid 762 tFOTS 4.2810 tGradient 2.3930 tsec 6.9910
#FOTS# QuadFit found better minimum quadopt=(dt=145.152,rms=0.713024) vs oldopt=(dt=103.68,rms=0.713416)
#GCMRL#   20 dt 145.152000 rms  0.713  0.374% neg 0  invalid 762 tFOTS 4.2460 tGradient 2.2840 tsec 6.8480
#FOTS# QuadFit found better minimum quadopt=(dt=76.7179,rms=0.711071) vs oldopt=(dt=103.68,rms=0.711293)
#GCMRL#   21 dt  76.717949 rms  0.711  0.274% neg 0  invalid 762 tFOTS 4.3880 tGradient 2.3200 tsec 7.0370
#GCMRL#   22 dt 103.680000 rms  0.710  0.000% neg 0  invalid 762 tFOTS 4.2400 tGradient 2.2600 tsec 6.8580
#GCMRL#   23 dt 103.680000 rms  0.709  0.178% neg 0  invalid 762 tFOTS 0.0000 tGradient 2.3550 tsec 2.6700
#GCMRL#   24 dt 103.680000 rms  0.706  0.341% neg 0  invalid 762 tFOTS 0.0000 tGradient 2.2720 tsec 2.5830
#GCMRL#   25 dt 103.680000 rms  0.704  0.301% neg 0  invalid 762 tFOTS 0.0000 tGradient 2.2570 tsec 2.5730
#GCMRL#   26 dt 103.680000 rms  0.701  0.474% neg 0  invalid 762 tFOTS 0.0000 tGradient 2.4170 tsec 2.7250
#GCMRL#   27 dt 103.680000 rms  0.699  0.289% neg 0  invalid 762 tFOTS 0.0000 tGradient 2.2660 tsec 2.5740
#GCMRL#   28 dt 103.680000 rms  0.697  0.291% neg 0  invalid 762 tFOTS 0.0000 tGradient 2.3830 tsec 2.6900
#GCMRL#   29 dt 103.680000 rms  0.695  0.234% neg 0  invalid 762 tFOTS 0.0000 tGradient 2.4610 tsec 2.7720
#GCMRL#   30 dt 103.680000 rms  0.694  0.218% neg 0  invalid 762 tFOTS 0.0000 tGradient 2.2840 tsec 2.5950
#GCMRL#   31 dt 103.680000 rms  0.693  0.103% neg 0  invalid 762 tFOTS 0.0000 tGradient 2.2330 tsec 2.5370
#GCMRL#   32 dt 103.680000 rms  0.692  0.121% neg 0  invalid 762 tFOTS 0.0000 tGradient 2.2950 tsec 2.5990
#GCMRL#   33 dt 103.680000 rms  0.691  0.090% neg 0  invalid 762 tFOTS 0.0000 tGradient 2.4480 tsec 2.7770
#FOTS# QuadFit found better minimum quadopt=(dt=36.288,rms=0.691315) vs oldopt=(dt=25.92,rms=0.691325)
#GCMRL#   34 dt  36.288000 rms  0.691  0.000% neg 0  invalid 762 tFOTS 4.3020 tGradient 2.3580 tsec 7.0160
#GCMRL#   35 dt  36.288000 rms  0.691  0.004% neg 0  invalid 762 tFOTS 0.0000 tGradient 2.4080 tsec 2.7240
#GCMRL#   36 dt  36.288000 rms  0.691  0.001% neg 0  invalid 762 tFOTS 0.0000 tGradient 2.4090 tsec 2.7220
#GCMRL#   37 dt  36.288000 rms  0.691  0.003% neg 0  invalid 762 tFOTS 0.0000 tGradient 2.3660 tsec 2.6820

#GCAMreg# pass 0 level1 4 level2 1 tsec 98.126 sigma 0.5
l_jacobian=1.00 l_label=1.00 l_log_likelihood=0.20 l_smoothness=0.62 
tol=2.50e-01, dt=5.00e-02, exp_k=20.0, momentum=0.90, levels=6, niter=500, lbl_dist=10.00, avgs=64, sigma=0.5,type=2, relabel=0, neg=no

blurring input image with Gaussian with sigma=0.500...
GCAMRegisterLevel(): init RMS 0.691865
#FOTS# QuadFit found better minimum quadopt=(dt=2.268,rms=0.691226) vs oldopt=(dt=1.62,rms=0.691226)
#GCMRL#   39 dt   2.268000 rms  0.691  0.092% neg 0  invalid 762 tFOTS 4.6700 tGradient 2.4230 tsec 7.4150
#FOTS# QuadFit found better minimum quadopt=(dt=0.567,rms=0.691225) vs oldopt=(dt=0.405,rms=0.691225)
#GCMRL#   40 dt   0.567000 rms  0.691  0.000% neg 0  invalid 762 tFOTS 4.8120 tGradient 2.4290 tsec 7.5880
#GCMRL#   41 dt   0.567000 rms  0.691  0.000% neg 0  invalid 762 tFOTS 0.0000 tGradient 2.4080 tsec 2.7200
#GCMRL#   42 dt   0.567000 rms  0.691  0.000% neg 0  invalid 762 tFOTS 0.0000 tGradient 2.3700 tsec 2.6900
setting smoothness cost coefficient to 2.353

#GCAMreg# pass 0 level1 3 level2 0 tsec 0 sigma 2
l_jacobian=1.00 l_label=1.00 l_log_likelihood=0.20 l_smoothness=2.35 
tol=2.50e-01, dt=5.00e-02, exp_k=20.0, momentum=0.90, levels=6, niter=500, lbl_dist=10.00, avgs=16, sigma=2.0,type=2, relabel=0, neg=no

blurring input image with Gaussian with sigma=2.000...
GCAMRegisterLevel(): init RMS 0.720953
#FOTS# QuadFit found better minimum quadopt=(dt=1.6,rms=0.720127) vs oldopt=(dt=2,rms=0.720132)
#GCMRL#   44 dt   1.600000 rms  0.720  0.115% neg 0  invalid 762 tFOTS 4.3240 tGradient 1.9470 tsec 6.6730
#FOTS# QuadFit found better minimum quadopt=(dt=0.175,rms=0.720128) vs oldopt=(dt=0.125,rms=0.720129)

#GCAMreg# pass 0 level1 3 level2 1 tsec 24.064 sigma 0.5
l_jacobian=1.00 l_label=1.00 l_log_likelihood=0.20 l_smoothness=2.35 
tol=2.50e-01, dt=5.00e-02, exp_k=20.0, momentum=0.90, levels=6, niter=500, lbl_dist=10.00, avgs=16, sigma=0.5,type=2, relabel=0, neg=no

blurring input image with Gaussian with sigma=0.500...
GCAMRegisterLevel(): init RMS 0.720729
#GCMRL#   46 dt   0.500000 rms  0.720  0.085% neg 0  invalid 762 tFOTS 4.1450 tGradient 1.9280 tsec 6.4090
#FOTS# QuadFit found better minimum quadopt=(dt=0.025,rms=0.720116) vs oldopt=(dt=0.03125,rms=0.720116)
setting smoothness cost coefficient to 8.000

#GCAMreg# pass 0 level1 2 level2 0 tsec 0 sigma 2
l_jacobian=1.00 l_label=1.00 l_log_likelihood=0.20 l_smoothness=8.00 
tol=2.50e-01, dt=5.00e-02, exp_k=20.0, momentum=0.90, levels=6, niter=500, lbl_dist=10.00, avgs=4, sigma=2.0,type=2, relabel=0, neg=no

blurring input image with Gaussian with sigma=2.000...
GCAMRegisterLevel(): init RMS 0.799063
#FOTS# QuadFit found better minimum quadopt=(dt=2.51571,rms=0.772178) vs oldopt=(dt=2.88,rms=0.772728)
#GCMRL#   48 dt   2.515712 rms  0.772  3.365% neg 0  invalid 762 tFOTS 4.4790 tGradient 1.7710 tsec 6.6720
#FOTS# QuadFit found better minimum quadopt=(dt=2.0226,rms=0.76791) vs oldopt=(dt=2.88,rms=0.768654)
#GCMRL#   49 dt   2.022599 rms  0.768  0.553% neg 0  invalid 762 tFOTS 4.9010 tGradient 1.9510 tsec 7.2450
#FOTS# QuadFit found better minimum quadopt=(dt=1.5,rms=0.767246) vs oldopt=(dt=0.72,rms=0.76737)
#GCMRL#   50 dt   1.500000 rms  0.767  0.000% neg 0  invalid 762 tFOTS 5.2060 tGradient 2.1230 tsec 7.7880

#GCAMreg# pass 0 level1 2 level2 1 tsec 33.768 sigma 0.5
l_jacobian=1.00 l_label=1.00 l_log_likelihood=0.20 l_smoothness=8.00 
tol=2.50e-01, dt=5.00e-02, exp_k=20.0, momentum=0.90, levels=6, niter=500, lbl_dist=10.00, avgs=4, sigma=0.5,type=2, relabel=0, neg=no

blurring input image with Gaussian with sigma=0.500...
GCAMRegisterLevel(): init RMS 0.76774
#GCMRL#   52 dt   0.000000 rms  0.767  0.064% neg 0  invalid 762 tFOTS 4.2160 tGradient 1.8580 tsec 6.4440
setting smoothness cost coefficient to 20.000

#GCAMreg# pass 0 level1 1 level2 0 tsec 0 sigma 2
l_jacobian=1.00 l_label=1.00 l_log_likelihood=0.20 l_smoothness=20.00 
tol=2.50e-01, dt=5.00e-02, exp_k=20.0, momentum=0.90, levels=6, niter=500, lbl_dist=10.00, avgs=1, sigma=2.0,type=2, relabel=0, neg=no

blurring input image with Gaussian with sigma=2.000...
GCAMRegisterLevel(): init RMS 0.821517
#GCMRL#   54 dt   0.320000 rms  0.820  0.171% neg 0  invalid 762 tFOTS 4.5120 tGradient 1.7810 tsec 6.6510
#FOTS# QuadFit found better minimum quadopt=(dt=1.06136,rms=0.814476) vs oldopt=(dt=1.28,rms=0.814563)
#GCMRL#   55 dt   1.061360 rms  0.814  0.687% neg 0  invalid 762 tFOTS 4.4860 tGradient 1.5980 tsec 6.4410
#FOTS# QuadFit found better minimum quadopt=(dt=0.112,rms=0.813606) vs oldopt=(dt=0.08,rms=0.813785)
#GCMRL#   56 dt   0.112000 rms  0.814  0.000% neg 0  invalid 762 tFOTS 4.4040 tGradient 1.5120 tsec 6.3030
#GCMRL#   57 dt   0.112000 rms  0.813  0.052% neg 0  invalid 762 tFOTS 0.0000 tGradient 1.5370 tsec 1.8920
#GCMRL#   58 dt   0.112000 rms  0.813  0.053% neg 0  invalid 762 tFOTS 0.0000 tGradient 1.6200 tsec 1.9720
#GCMRL#   59 dt   0.112000 rms  0.812  0.083% neg 0  invalid 762 tFOTS 0.0000 tGradient 1.5740 tsec 1.9250
#GCMRL#   60 dt   0.112000 rms  0.811  0.170% neg 0  invalid 762 tFOTS 0.0000 tGradient 1.7260 tsec 2.1400
#GCMRL#   61 dt   0.112000 rms  0.809  0.226% neg 0  invalid 762 tFOTS 0.0000 tGradient 1.7210 tsec 2.1590
#GCMRL#   62 dt   0.112000 rms  0.807  0.187% neg 0  invalid 762 tFOTS 0.0000 tGradient 1.9500 tsec 2.4150
#GCMRL#   63 dt   0.112000 rms  0.806  0.107% neg 0  invalid 762 tFOTS 0.0000 tGradient 1.6850 tsec 2.1270
#GCMRL#   64 dt   0.112000 rms  0.806  0.041% neg 0  invalid 762 tFOTS 0.0000 tGradient 1.7450 tsec 2.2080
#FOTS# QuadFit found better minimum quadopt=(dt=0.028,rms=0.806146) vs oldopt=(dt=0.02,rms=0.806146)
#GCMRL#   65 dt   0.028000 rms  0.806  0.000% neg 0  invalid 762 tFOTS 5.3920 tGradient 1.8710 tsec 7.7220
#GCMRL#   66 dt   0.028000 rms  0.806  0.002% neg 0  invalid 762 tFOTS 0.0000 tGradient 1.8040 tsec 2.2300
#GCMRL#   67 dt   0.028000 rms  0.806  0.000% neg 0  invalid 762 tFOTS 0.0000 tGradient 1.7960 tsec 2.2160

#GCAMreg# pass 0 level1 1 level2 1 tsec 60.064 sigma 0.5
l_jacobian=1.00 l_label=1.00 l_log_likelihood=0.20 l_smoothness=20.00 
tol=2.50e-01, dt=5.00e-02, exp_k=20.0, momentum=0.90, levels=6, niter=500, lbl_dist=10.00, avgs=1, sigma=0.5,type=2, relabel=0, neg=no

blurring input image with Gaussian with sigma=0.500...
GCAMRegisterLevel(): init RMS 0.806587
#FOTS# QuadFit found better minimum quadopt=(dt=0.448,rms=0.805488) vs oldopt=(dt=0.32,rms=0.805579)
#GCMRL#   69 dt   0.448000 rms  0.805  0.136% neg 0  invalid 762 tFOTS 5.1300 tGradient 1.8350 tsec 7.3280
#FOTS# QuadFit found better minimum quadopt=(dt=0.256,rms=0.805253) vs oldopt=(dt=0.32,rms=0.805255)
#GCMRL#   70 dt   0.256000 rms  0.805  0.000% neg 0  invalid 762 tFOTS 4.6270 tGradient 1.6410 tsec 6.7110
#GCMRL#   71 dt   0.256000 rms  0.805  0.038% neg 0  invalid 762 tFOTS 0.0000 tGradient 1.8500 tsec 2.2620
#GCMRL#   72 dt   0.256000 rms  0.805  0.048% neg 0  invalid 762 tFOTS 0.0000 tGradient 1.7000 tsec 2.0510
#GCMRL#   73 dt   0.256000 rms  0.804  0.047% neg 0  invalid 762 tFOTS 0.0000 tGradient 1.5890 tsec 1.9470
resetting metric properties...
setting smoothness cost coefficient to 40.000

#GCAMreg# pass 0 level1 0 level2 0 tsec 0 sigma 2
l_jacobian=1.00 l_label=1.00 l_log_likelihood=0.20 l_smoothness=40.00 
tol=2.50e-01, dt=5.00e-02, exp_k=20.0, momentum=0.90, levels=6, niter=500, lbl_dist=10.00, avgs=0, sigma=2.0,type=2, relabel=0, neg=no

blurring input image with Gaussian with sigma=2.000...
GCAMRegisterLevel(): init RMS 0.771323
#FOTS# QuadFit found better minimum quadopt=(dt=0.256,rms=0.765199) vs oldopt=(dt=0.32,rms=0.765689)
#GCMRL#   75 dt   0.256000 rms  0.765  0.794% neg 0  invalid 762 tFOTS 4.7730 tGradient 1.1480 tsec 6.3340
#FOTS# QuadFit found better minimum quadopt=(dt=0.028,rms=0.764791) vs oldopt=(dt=0.02,rms=0.764831)
#GCMRL#   76 dt   0.028000 rms  0.765  0.000% neg 0  invalid 762 tFOTS 4.5070 tGradient 1.2080 tsec 6.1120

#GCAMreg# pass 0 level1 0 level2 1 tsec 23.374 sigma 0.5
l_jacobian=1.00 l_label=1.00 l_log_likelihood=0.20 l_smoothness=40.00 
tol=2.50e-01, dt=5.00e-02, exp_k=20.0, momentum=0.90, levels=6, niter=500, lbl_dist=10.00, avgs=0, sigma=0.5,type=2, relabel=0, neg=no

blurring input image with Gaussian with sigma=0.500...
GCAMRegisterLevel(): init RMS 0.76529
#FOTS# QuadFit found better minimum quadopt=(dt=0.016,rms=0.764727) vs oldopt=(dt=0.02,rms=0.764737)
#GCMRL#   78 dt   0.016000 rms  0.765  0.074% neg 0  invalid 762 tFOTS 4.8520 tGradient 1.0500 tsec 6.2950
#GCMRL#   79 dt   0.050000 rms  0.765  0.000% neg 0  invalid 762 tFOTS 3.9540 tGradient 1.0280 tsec 5.3530
GCAMregister done in 7.5961 min
Starting GCAmapRenormalizeWithAlignment() without scales
renormalizing by structure alignment....
renormalizing input #0
gca peak = 0.10253 (16)
mri peak = 0.07036 (15)
Left_Lateral_Ventricle (4): linear fit = 0.85 x + 0.0 (675 voxels, overlap=0.631)
Left_Lateral_Ventricle (4): linear fit = 0.85 x + 0.0 (675 voxels, peak = 14), gca=13.5
gca peak = 0.17690 (16)
mri peak = 0.06232 (35)
Right_Lateral_Ventricle (43): linear fit = 2.12 x + 0.0 (344 voxels, overlap=0.678)
Right_Lateral_Ventricle (43): linear fit = 1.50 x + 0.0 (344 voxels, peak = 34), gca=24.0
gca peak = 0.28275 (96)
mri peak = 0.11252 (91)
Right_Pallidum (52): linear fit = 0.95 x + 0.0 (898 voxels, overlap=0.747)
Right_Pallidum (52): linear fit = 0.95 x + 0.0 (898 voxels, peak = 92), gca=91.7
gca peak = 0.18948 (93)
mri peak = 0.11196 (89)
Left_Pallidum (13): linear fit = 0.93 x + 0.0 (794 voxels, overlap=0.731)
Left_Pallidum (13): linear fit = 0.93 x + 0.0 (794 voxels, peak = 86), gca=86.0
gca peak = 0.20755 (55)
mri peak = 0.16524 (66)
Right_Hippocampus (53): linear fit = 1.15 x + 0.0 (873 voxels, overlap=0.132)
Right_Hippocampus (53): linear fit = 1.15 x + 0.0 (873 voxels, peak = 64), gca=63.5
gca peak = 0.31831 (58)
mri peak = 0.14118 (70)
Left_Hippocampus (17): linear fit = 1.18 x + 0.0 (730 voxels, overlap=0.158)
Left_Hippocampus (17): linear fit = 1.18 x + 0.0 (730 voxels, peak = 69), gca=68.7
gca peak = 0.11957 (102)
mri peak = 0.08187 (101)
Right_Cerebral_White_Matter (41): linear fit = 1.01 x + 0.0 (59229 voxels, overlap=0.915)
Right_Cerebral_White_Matter (41): linear fit = 1.01 x + 0.0 (59229 voxels, peak = 104), gca=103.5
gca peak = 0.11429 (102)
mri peak = 0.06679 (100)
Left_Cerebral_White_Matter (2): linear fit = 1.02 x + 0.0 (60884 voxels, overlap=0.920)
Left_Cerebral_White_Matter (2): linear fit = 1.02 x + 0.0 (60884 voxels, peak = 105), gca=104.5
gca peak = 0.14521 (59)
mri peak = 0.03827 (67)
Left_Cerebral_Cortex (3): linear fit = 1.08 x + 0.0 (20969 voxels, overlap=0.936)
Left_Cerebral_Cortex (3): linear fit = 1.08 x + 0.0 (20969 voxels, peak = 63), gca=63.4
gca peak = 0.14336 (58)
mri peak = 0.03991 (66)
Right_Cerebral_Cortex (42): linear fit = 1.08 x + 0.0 (21689 voxels, overlap=0.879)
Right_Cerebral_Cortex (42): linear fit = 1.08 x + 0.0 (21689 voxels, peak = 62), gca=62.4
gca peak = 0.13305 (70)
mri peak = 0.10935 (80)
Right_Caudate (50): linear fit = 1.13 x + 0.0 (973 voxels, overlap=0.265)
Right_Caudate (50): linear fit = 1.13 x + 0.0 (973 voxels, peak = 79), gca=79.4
gca peak = 0.15761 (71)
mri peak = 0.16392 (71)
Left_Caudate (11): linear fit = 0.98 x + 0.0 (942 voxels, overlap=0.747)
Left_Caudate (11): linear fit = 0.98 x + 0.0 (942 voxels, peak = 69), gca=69.2
gca peak = 0.13537 (57)
mri peak = 0.04602 (57)
Left_Cerebellum_Cortex (8): linear fit = 1.04 x + 0.0 (30777 voxels, overlap=0.941)
Left_Cerebellum_Cortex (8): linear fit = 1.04 x + 0.0 (30777 voxels, peak = 60), gca=59.6
gca peak = 0.13487 (56)
mri peak = 0.05012 (62)
Right_Cerebellum_Cortex (47): linear fit = 1.04 x + 0.0 (30761 voxels, overlap=0.947)
Right_Cerebellum_Cortex (47): linear fit = 1.04 x + 0.0 (30761 voxels, peak = 59), gca=58.5
gca peak = 0.19040 (84)
mri peak = 0.06032 (88)
Left_Cerebellum_White_Matter (7): linear fit = 1.07 x + 0.0 (9728 voxels, overlap=0.916)
Left_Cerebellum_White_Matter (7): linear fit = 1.07 x + 0.0 (9728 voxels, peak = 89), gca=89.5
gca peak = 0.18871 (83)
mri peak = 0.07425 (90)
Right_Cerebellum_White_Matter (46): linear fit = 1.08 x + 0.0 (7677 voxels, overlap=0.496)
Right_Cerebellum_White_Matter (46): linear fit = 1.08 x + 0.0 (7677 voxels, peak = 89), gca=89.2
gca peak = 0.24248 (57)
mri peak = 0.12752 (75)
Left_Amygdala (18): linear fit = 1.23 x + 0.0 (432 voxels, overlap=0.066)
Left_Amygdala (18): linear fit = 1.23 x + 0.0 (432 voxels, peak = 70), gca=69.8
gca peak = 0.35833 (56)
mri peak = 0.08481 (75)
Right_Amygdala (54): linear fit = 1.32 x + 0.0 (546 voxels, overlap=0.050)
Right_Amygdala (54): linear fit = 1.32 x + 0.0 (546 voxels, peak = 74), gca=73.6
gca peak = 0.12897 (85)
mri peak = 0.07298 (89)
Left_Thalamus (10): linear fit = 1.03 x + 0.0 (5341 voxels, overlap=0.875)
Left_Thalamus (10): linear fit = 1.03 x + 0.0 (5341 voxels, peak = 88), gca=88.0
gca peak = 0.13127 (83)
mri peak = 0.07279 (95)
Right_Thalamus (49): linear fit = 1.16 x + 0.0 (4711 voxels, overlap=0.262)
Right_Thalamus (49): linear fit = 1.16 x + 0.0 (4711 voxels, peak = 97), gca=96.7
gca peak = 0.12974 (78)
mri peak = 0.06730 (74)
Left_Putamen (12): linear fit = 1.09 x + 0.0 (2284 voxels, overlap=0.896)
Left_Putamen (12): linear fit = 1.09 x + 0.0 (2284 voxels, peak = 85), gca=84.6
gca peak = 0.17796 (79)
mri peak = 0.08644 (83)
Right_Putamen (51): linear fit = 1.08 x + 0.0 (2354 voxels, overlap=0.821)
Right_Putamen (51): linear fit = 1.08 x + 0.0 (2354 voxels, peak = 85), gca=84.9
gca peak = 0.10999 (80)
mri peak = 0.08575 (81)
Brain_Stem (16): linear fit = 1.10 x + 0.0 (12707 voxels, overlap=0.416)
Brain_Stem (16): linear fit = 1.10 x + 0.0 (12707 voxels, peak = 88), gca=87.6
gca peak = 0.13215 (88)
mri peak = 0.07847 (99)
Right_VentralDC (60): linear fit = 1.13 x + 0.0 (1237 voxels, overlap=0.369)
Right_VentralDC (60): linear fit = 1.13 x + 0.0 (1237 voxels, peak = 100), gca=99.9
gca peak = 0.11941 (89)
mri peak = 0.09507 (87)
Left_VentralDC (28): linear fit = 1.07 x + 0.0 (1385 voxels, overlap=0.823)
Left_VentralDC (28): linear fit = 1.07 x + 0.0 (1385 voxels, peak = 95), gca=94.8
gca peak = 0.20775 (25)
mri peak = 0.09307 (43)
gca peak = 0.13297 (21)
mri peak = 0.09100 (49)
Fourth_Ventricle (15): linear fit = 2.29 x + 0.0 (290 voxels, overlap=0.025)
Fourth_Ventricle (15): linear fit = 2.29 x + 0.0 (290 voxels, peak = 48), gca=48.0
gca peak Unknown = 0.94777 ( 0)
gca peak Left_Inf_Lat_Vent = 0.19087 (28)
gca peak Third_Ventricle = 0.20775 (25)
gca peak Fourth_Ventricle = 0.13297 (21)
gca peak CSF = 0.16821 (33)
gca peak Left_Accumbens_area = 0.32850 (63)
gca peak Left_undetermined = 0.98480 (28)
gca peak Left_vessel = 0.40887 (53)
gca peak Left_choroid_plexus = 0.10898 (46)
gca peak Right_Inf_Lat_Vent = 0.17798 (26)
gca peak Right_Accumbens_area = 0.30137 (64)
gca peak Right_vessel = 0.47828 (52)
gca peak Right_choroid_plexus = 0.11612 (45)
gca peak Fifth_Ventricle = 0.59466 (35)
gca peak WM_hypointensities = 0.10053 (78)
gca peak non_WM_hypointensities = 0.07253 (60)
gca peak Optic_Chiasm = 0.25330 (73)
not using caudate to estimate GM means
estimating mean gm scale to be 1.17 x + 0.0
estimating mean wm scale to be 1.02 x + 0.0
estimating mean csf scale to be 1.17 x + 0.0
saving intensity scales to talairach.label_intensities.txt
GCAmapRenormalizeWithAlignment() took 3.5388 min
noneg pre
Starting GCAMregister()
label assignment complete, 0 changed (0.00%)
npasses = 1, nlevels = 6
#pass# 1 of 1 ************************
enabling zero nodes
setting smoothness cost coefficient to 0.008

#GCAMreg# pass 0 level1 5 level2 0 tsec 0 sigma 2
l_jacobian=1.00 l_label=1.00 l_log_likelihood=0.20 l_smoothness=0.01 
tol=5.00e-02, dt=5.00e-02, exp_k=20.0, momentum=0.90, levels=6, niter=500, lbl_dist=10.00, avgs=256, sigma=2.0,type=2, relabel=0, neg=no

blurring input image with Gaussian with sigma=2.000...
GCAMRegisterLevel(): init RMS 0.762975
#FOTS# QuadFit found better minimum quadopt=(dt=200.03,rms=0.741368) vs oldopt=(dt=92.48,rms=0.748481)
#GCMRL#   81 dt 200.030418 rms  0.741  2.832% neg 0  invalid 762 tFOTS 4.7890 tGradient 2.9720 tsec 8.1180
#FOTS# QuadFit found better minimum quadopt=(dt=295.936,rms=0.733356) vs oldopt=(dt=369.92,rms=0.733879)
#GCMRL#   82 dt 295.936000 rms  0.733  1.081% neg 0  invalid 762 tFOTS 4.7610 tGradient 2.5420 tsec 7.6670
#FOTS# QuadFit found better minimum quadopt=(dt=129.472,rms=0.730069) vs oldopt=(dt=92.48,rms=0.730458)
#GCMRL#   83 dt 129.472000 rms  0.730  0.448% neg 0  invalid 762 tFOTS 4.5650 tGradient 2.7980 tsec 7.7160
#FOTS# QuadFit found better minimum quadopt=(dt=443.904,rms=0.727096) vs oldopt=(dt=369.92,rms=0.727247)
#GCMRL#   84 dt 443.904000 rms  0.727  0.407% neg 0  invalid 762 tFOTS 4.6610 tGradient 2.7840 tsec 7.7960
#FOTS# QuadFit found better minimum quadopt=(dt=129.472,rms=0.725203) vs oldopt=(dt=92.48,rms=0.725436)
#GCMRL#   85 dt 129.472000 rms  0.725  0.260% neg 0  invalid 762 tFOTS 4.6980 tGradient 2.6270 tsec 7.6760
#FOTS# QuadFit found better minimum quadopt=(dt=517.888,rms=0.723245) vs oldopt=(dt=369.92,rms=0.723443)
#GCMRL#   86 dt 517.888000 rms  0.723  0.270% neg 0  invalid 762 tFOTS 4.8150 tGradient 2.7530 tsec 7.9530
#FOTS# QuadFit found better minimum quadopt=(dt=129.472,rms=0.72166) vs oldopt=(dt=92.48,rms=0.721809)
#GCMRL#   87 dt 129.472000 rms  0.722  0.219% neg 0  invalid 762 tFOTS 4.5630 tGradient 2.9240 tsec 7.8370
#GCMRL#   88 dt 369.920000 rms  0.721  0.157% neg 0  invalid 762 tFOTS 4.4940 tGradient 2.7740 tsec 7.6190
#FOTS# QuadFit found better minimum quadopt=(dt=129.472,rms=0.719516) vs oldopt=(dt=92.48,rms=0.719654)
#GCMRL#   89 dt 129.472000 rms  0.720  0.140% neg 0  invalid 762 tFOTS 4.5190 tGradient 2.8030 tsec 7.6790
#FOTS# QuadFit found better minimum quadopt=(dt=517.888,rms=0.718238) vs oldopt=(dt=369.92,rms=0.718392)
#GCMRL#   90 dt 517.888000 rms  0.718  0.178% neg 0  invalid 762 tFOTS 4.4680 tGradient 2.9320 tsec 7.7490
#FOTS# QuadFit found better minimum quadopt=(dt=129.472,rms=0.717206) vs oldopt=(dt=92.48,rms=0.717302)
#GCMRL#   91 dt 129.472000 rms  0.717  0.144% neg 0  invalid 762 tFOTS 4.3430 tGradient 2.7730 tsec 7.4260
#GCMRL#   92 dt 369.920000 rms  0.716  0.102% neg 0  invalid 762 tFOTS 4.3700 tGradient 2.5290 tsec 7.2270
#FOTS# QuadFit found better minimum quadopt=(dt=129.472,rms=0.715742) vs oldopt=(dt=92.48,rms=0.715836)
#GCMRL#   93 dt 129.472000 rms  0.716  0.102% neg 0  invalid 762 tFOTS 4.3460 tGradient 2.6230 tsec 7.2970
#FOTS# QuadFit found better minimum quadopt=(dt=443.904,rms=0.715041) vs oldopt=(dt=369.92,rms=0.71507)
#GCMRL#   94 dt 443.904000 rms  0.715  0.098% neg 0  invalid 762 tFOTS 4.6940 tGradient 2.6070 tsec 7.6310
#FOTS# QuadFit found better minimum quadopt=(dt=129.472,rms=0.714337) vs oldopt=(dt=92.48,rms=0.714421)
#GCMRL#   95 dt 129.472000 rms  0.714  0.098% neg 0  invalid 762 tFOTS 4.4010 tGradient 2.7470 tsec 7.5040
#GCMRL#   96 dt 369.920000 rms  0.714  0.072% neg 0  invalid 762 tFOTS 4.8740 tGradient 2.8890 tsec 8.0950
#FOTS# QuadFit found better minimum quadopt=(dt=129.472,rms=0.713248) vs oldopt=(dt=92.48,rms=0.713336)
#GCMRL#   97 dt 129.472000 rms  0.713  0.080% neg 0  invalid 762 tFOTS 4.4430 tGradient 2.8580 tsec 7.6420
#FOTS# QuadFit found better minimum quadopt=(dt=517.888,rms=0.712485) vs oldopt=(dt=369.92,rms=0.712601)
#GCMRL#   98 dt 517.888000 rms  0.712  0.107% neg 0  invalid 762 tFOTS 4.8650 tGradient 2.7370 tsec 7.9390
#FOTS# QuadFit found better minimum quadopt=(dt=129.472,rms=0.712016) vs oldopt=(dt=92.48,rms=0.712047)
#GCMRL#   99 dt 129.472000 rms  0.712  0.066% neg 0  invalid 762 tFOTS 4.4930 tGradient 2.5860 tsec 7.4120
#FOTS# QuadFit found better minimum quadopt=(dt=443.904,rms=0.711431) vs oldopt=(dt=369.92,rms=0.711451)
#GCMRL#  100 dt 443.904000 rms  0.711  0.082% neg 0  invalid 762 tFOTS 4.7840 tGradient 2.6510 tsec 7.7620
#FOTS# QuadFit found better minimum quadopt=(dt=110.976,rms=0.71102) vs oldopt=(dt=92.48,rms=0.711029)
#GCMRL#  101 dt 110.976000 rms  0.711  0.058% neg 0  invalid 762 tFOTS 4.4540 tGradient 2.6900 tsec 7.4790
#FOTS# QuadFit found better minimum quadopt=(dt=1775.62,rms=0.709334) vs oldopt=(dt=1479.68,rms=0.709405)
#GCMRL#  102 dt 1775.616000 rms  0.709  0.237% neg 0  invalid 762 tFOTS 4.7550 tGradient 2.6840 tsec 7.7750
#FOTS# QuadFit found better minimum quadopt=(dt=110.976,rms=0.708025) vs oldopt=(dt=92.48,rms=0.70806)
#GCMRL#  103 dt 110.976000 rms  0.708  0.185% neg 0  invalid 762 tFOTS 5.0270 tGradient 2.5950 tsec 7.9890
#FOTS# QuadFit found better minimum quadopt=(dt=517.888,rms=0.707429) vs oldopt=(dt=369.92,rms=0.707525)
#GCMRL#  104 dt 517.888000 rms  0.707  0.084% neg 0  invalid 762 tFOTS 4.7450 tGradient 3.0560 tsec 8.1350
#FOTS# QuadFit found better minimum quadopt=(dt=129.472,rms=0.707029) vs oldopt=(dt=92.48,rms=0.707075)
#GCMRL#  105 dt 129.472000 rms  0.707  0.057% neg 0  invalid 762 tFOTS 4.4510 tGradient 2.7490 tsec 7.5400
#FOTS# QuadFit found better minimum quadopt=(dt=443.904,rms=0.706686) vs oldopt=(dt=369.92,rms=0.706694)
#GCMRL#  106 dt 443.904000 rms  0.707  0.000% neg 0  invalid 762 tFOTS 4.7040 tGradient 2.7100 tsec 7.7900

#GCAMreg# pass 0 level1 5 level2 1 tsec 212.958 sigma 0.5
l_jacobian=1.00 l_label=1.00 l_log_likelihood=0.20 l_smoothness=0.01 
tol=5.00e-02, dt=5.00e-02, exp_k=20.0, momentum=0.90, levels=6, niter=500, lbl_dist=10.00, avgs=256, sigma=0.5,type=2, relabel=0, neg=no

blurring input image with Gaussian with sigma=0.500...
GCAMRegisterLevel(): init RMS 0.706999
#FOTS# QuadFit found better minimum quadopt=(dt=129.472,rms=0.70598) vs oldopt=(dt=92.48,rms=0.706055)
#GCMRL#  108 dt 129.472000 rms  0.706  0.144% neg 0  invalid 762 tFOTS 4.3850 tGradient 2.6330 tsec 7.3500
#FOTS# QuadFit found better minimum quadopt=(dt=517.888,rms=0.704991) vs oldopt=(dt=369.92,rms=0.705046)
#GCMRL#  109 dt 517.888000 rms  0.705  0.140% neg 0  invalid 762 tFOTS 4.9720 tGradient 2.6220 tsec 7.9250
#FOTS# QuadFit found better minimum quadopt=(dt=221.952,rms=0.704362) vs oldopt=(dt=369.92,rms=0.704599)
#GCMRL#  110 dt 221.952000 rms  0.704  0.089% neg 0  invalid 762 tFOTS 4.4530 tGradient 2.6640 tsec 7.4360
#FOTS# QuadFit found better minimum quadopt=(dt=129.472,rms=0.703999) vs oldopt=(dt=92.48,rms=0.704058)
#GCMRL#  111 dt 129.472000 rms  0.704  0.051% neg 0  invalid 762 tFOTS 4.6090 tGradient 2.6230 tsec 7.5540
#FOTS# QuadFit found better minimum quadopt=(dt=2071.55,rms=0.702312) vs oldopt=(dt=1479.68,rms=0.702599)
#GCMRL#  112 dt 2071.552000 rms  0.702  0.240% neg 0  invalid 762 tFOTS 5.0400 tGradient 2.5340 tsec 7.9290
#FOTS# QuadFit found better minimum quadopt=(dt=129.472,rms=0.70151) vs oldopt=(dt=92.48,rms=0.701598)
#GCMRL#  113 dt 129.472000 rms  0.702  0.114% neg 0  invalid 762 tFOTS 4.4240 tGradient 2.7180 tsec 7.4630
#FOTS# QuadFit found better minimum quadopt=(dt=443.904,rms=0.701186) vs oldopt=(dt=369.92,rms=0.701202)
#GCMRL#  114 dt 443.904000 rms  0.701  0.000% neg 0  invalid 762 tFOTS 5.1330 tGradient 2.6090 tsec 8.1070
setting smoothness cost coefficient to 0.031

#GCAMreg# pass 0 level1 4 level2 0 tsec 0 sigma 2
l_jacobian=1.00 l_label=1.00 l_log_likelihood=0.20 l_smoothness=0.03 
tol=5.00e-02, dt=5.00e-02, exp_k=20.0, momentum=0.90, levels=6, niter=500, lbl_dist=10.00, avgs=64, sigma=2.0,type=2, relabel=0, neg=no

blurring input image with Gaussian with sigma=2.000...
GCAMRegisterLevel(): init RMS 0.70204
#FOTS# QuadFit found better minimum quadopt=(dt=198.727,rms=0.689928) vs oldopt=(dt=103.68,rms=0.692161)
#GCMRL#  116 dt 198.726727 rms  0.690  1.725% neg 0  invalid 762 tFOTS 4.6680 tGradient 2.0640 tsec 7.0520
#FOTS# QuadFit found better minimum quadopt=(dt=100.421,rms=0.680344) vs oldopt=(dt=103.68,rms=0.680357)
#GCMRL#  117 dt 100.420619 rms  0.680  1.389% neg 0  invalid 762 tFOTS 4.6760 tGradient 2.0290 tsec 7.0280
#FOTS# QuadFit found better minimum quadopt=(dt=82.944,rms=0.675901) vs oldopt=(dt=103.68,rms=0.676149)
#GCMRL#  118 dt  82.944000 rms  0.676  0.653% neg 0  invalid 762 tFOTS 4.8000 tGradient 2.0500 tsec 7.1900
#FOTS# QuadFit found better minimum quadopt=(dt=184.742,rms=0.669884) vs oldopt=(dt=103.68,rms=0.670916)
#GCMRL#  119 dt 184.742268 rms  0.670  0.890% neg 0  invalid 762 tFOTS 4.7680 tGradient 2.1360 tsec 7.2380
#FOTS# QuadFit found better minimum quadopt=(dt=76.6667,rms=0.666468) vs oldopt=(dt=25.92,rms=0.667387)
#GCMRL#  120 dt  76.666667 rms  0.666  0.510% neg 0  invalid 762 tFOTS 4.7330 tGradient 2.1610 tsec 7.2400
#FOTS# QuadFit found better minimum quadopt=(dt=165.87,rms=0.662268) vs oldopt=(dt=103.68,rms=0.66277)
#GCMRL#  121 dt 165.869822 rms  0.662  0.630% neg 0  invalid 762 tFOTS 4.7320 tGradient 2.1930 tsec 7.2580
#FOTS# QuadFit found better minimum quadopt=(dt=36.288,rms=0.660167) vs oldopt=(dt=25.92,rms=0.660559)
#GCMRL#  122 dt  36.288000 rms  0.660  0.317% neg 0  invalid 762 tFOTS 4.7450 tGradient 2.2310 tsec 7.3010
#FOTS# QuadFit found better minimum quadopt=(dt=145.152,rms=0.658368) vs oldopt=(dt=103.68,rms=0.658526)
#GCMRL#  123 dt 145.152000 rms  0.658  0.272% neg 0  invalid 762 tFOTS 4.4750 tGradient 2.0980 tsec 6.8990
#FOTS# QuadFit found better minimum quadopt=(dt=107.656,rms=0.65525) vs oldopt=(dt=103.68,rms=0.655252)
#GCMRL#  124 dt 107.655629 rms  0.655  0.474% neg 0  invalid 762 tFOTS 4.7550 tGradient 2.2100 tsec 7.2890
#FOTS# QuadFit found better minimum quadopt=(dt=36.288,rms=0.654243) vs oldopt=(dt=25.92,rms=0.654427)
#GCMRL#  125 dt  36.288000 rms  0.654  0.154% neg 0  invalid 762 tFOTS 4.4510 tGradient 2.2540 tsec 7.0460
#FOTS# QuadFit found better minimum quadopt=(dt=331.776,rms=0.651761) vs oldopt=(dt=414.72,rms=0.651905)
#GCMRL#  126 dt 331.776000 rms  0.652  0.379% neg 0  invalid 762 tFOTS 4.1400 tGradient 2.2260 tsec 6.7110
#FOTS# QuadFit found better minimum quadopt=(dt=71.927,rms=0.647974) vs oldopt=(dt=103.68,rms=0.648706)
#GCMRL#  127 dt  71.926988 rms  0.648  0.581% neg 0  invalid 762 tFOTS 4.4730 tGradient 2.2390 tsec 7.0960
#FOTS# QuadFit found better minimum quadopt=(dt=62.208,rms=0.647346) vs oldopt=(dt=103.68,rms=0.647456)
#GCMRL#  128 dt  62.208000 rms  0.647  0.097% neg 0  invalid 762 tFOTS 4.4050 tGradient 2.1900 tsec 6.9330
#GCMRL#  129 dt 414.720000 rms  0.644  0.512% neg 0  invalid 762 tFOTS 4.4760 tGradient 2.0080 tsec 6.8170
#FOTS# QuadFit found better minimum quadopt=(dt=36.288,rms=0.64252) vs oldopt=(dt=25.92,rms=0.642781)
#GCMRL#  130 dt  36.288000 rms  0.643  0.234% neg 0  invalid 762 tFOTS 4.5340 tGradient 2.2390 tsec 7.1010
#FOTS# QuadFit found better minimum quadopt=(dt=82.944,rms=0.641991) vs oldopt=(dt=103.68,rms=0.642038)
#GCMRL#  131 dt  82.944000 rms  0.642  0.082% neg 0  invalid 762 tFOTS 4.5270 tGradient 2.1810 tsec 7.0410
#FOTS# QuadFit found better minimum quadopt=(dt=145.152,rms=0.640917) vs oldopt=(dt=103.68,rms=0.641019)
#GCMRL#  132 dt 145.152000 rms  0.641  0.167% neg 0  invalid 762 tFOTS 4.5530 tGradient 2.0700 tsec 6.9540
#FOTS# QuadFit found better minimum quadopt=(dt=36.288,rms=0.640369) vs oldopt=(dt=25.92,rms=0.640446)
#GCMRL#  133 dt  36.288000 rms  0.640  0.086% neg 0  invalid 762 tFOTS 4.2120 tGradient 2.0520 tsec 6.5960
#FOTS# QuadFit found better minimum quadopt=(dt=248.832,rms=0.639404) vs oldopt=(dt=414.72,rms=0.639568)
#GCMRL#  134 dt 248.832000 rms  0.639  0.151% neg 0  invalid 762 tFOTS 4.4820 tGradient 2.1820 tsec 6.9950
#FOTS# QuadFit found better minimum quadopt=(dt=82.944,rms=0.638263) vs oldopt=(dt=103.68,rms=0.638375)
#GCMRL#  135 dt  82.944000 rms  0.638  0.178% neg 0  invalid 762 tFOTS 4.5370 tGradient 2.2020 tsec 7.0690
#FOTS# QuadFit found better minimum quadopt=(dt=82.944,rms=0.637681) vs oldopt=(dt=103.68,rms=0.637761)
#GCMRL#  136 dt  82.944000 rms  0.638  0.091% neg 0  invalid 762 tFOTS 4.5410 tGradient 2.1230 tsec 6.9960
#FOTS# QuadFit found better minimum quadopt=(dt=124.416,rms=0.637007) vs oldopt=(dt=103.68,rms=0.637033)
#GCMRL#  137 dt 124.416000 rms  0.637  0.106% neg 0  invalid 762 tFOTS 4.5640 tGradient 2.2040 tsec 7.1000
#FOTS# QuadFit found better minimum quadopt=(dt=62.208,rms=0.636444) vs oldopt=(dt=103.68,rms=0.6366)
#GCMRL#  138 dt  62.208000 rms  0.636  0.088% neg 0  invalid 762 tFOTS 4.5180 tGradient 2.1060 tsec 6.9600
#FOTS# QuadFit found better minimum quadopt=(dt=248.832,rms=0.635241) vs oldopt=(dt=414.72,rms=0.635534)
#GCMRL#  139 dt 248.832000 rms  0.635  0.189% neg 0  invalid 762 tFOTS 4.5130 tGradient 2.1270 tsec 6.9720
#FOTS# QuadFit found better minimum quadopt=(dt=36.288,rms=0.63457) vs oldopt=(dt=25.92,rms=0.634682)
#GCMRL#  140 dt  36.288000 rms  0.635  0.106% neg 0  invalid 762 tFOTS 4.2580 tGradient 2.1830 tsec 6.7710
#FOTS# QuadFit found better minimum quadopt=(dt=497.664,rms=0.633199) vs oldopt=(dt=414.72,rms=0.633202)
#GCMRL#  141 dt 497.664000 rms  0.633  0.216% neg 0  invalid 762 tFOTS 4.4690 tGradient 2.1790 tsec 6.9780
#FOTS# QuadFit found better minimum quadopt=(dt=36.288,rms=0.631942) vs oldopt=(dt=25.92,rms=0.632179)
#GCMRL#  142 dt  36.288000 rms  0.632  0.199% neg 0  invalid 762 tFOTS 4.5020 tGradient 2.1340 tsec 6.9640
#FOTS# QuadFit found better minimum quadopt=(dt=124.416,rms=0.631299) vs oldopt=(dt=103.68,rms=0.631312)
#GCMRL#  143 dt 124.416000 rms  0.631  0.102% neg 0  invalid 762 tFOTS 4.5070 tGradient 2.1500 tsec 6.9820
#FOTS# QuadFit found better minimum quadopt=(dt=82.944,rms=0.630867) vs oldopt=(dt=103.68,rms=0.630908)
#GCMRL#  144 dt  82.944000 rms  0.631  0.068% neg 0  invalid 762 tFOTS 4.4770 tGradient 2.0900 tsec 6.8940
#GCMRL#  145 dt 103.680000 rms  0.630  0.067% neg 0  invalid 762 tFOTS 4.4660 tGradient 2.1270 tsec 6.9220
#FOTS# QuadFit found better minimum quadopt=(dt=82.944,rms=0.630085) vs oldopt=(dt=103.68,rms=0.630113)
#GCMRL#  146 dt  82.944000 rms  0.630  0.057% neg 0  invalid 762 tFOTS 4.7140 tGradient 2.1480 tsec 7.1910
#GCMRL#  147 dt 103.680000 rms  0.630  0.064% neg 0  invalid 762 tFOTS 4.4790 tGradient 2.0800 tsec 6.8890
#FOTS# QuadFit found better minimum quadopt=(dt=82.944,rms=0.629247) vs oldopt=(dt=103.68,rms=0.629273)
#GCMRL#  148 dt  82.944000 rms  0.629  0.069% neg 0  invalid 762 tFOTS 4.4860 tGradient 2.0780 tsec 6.8900
#FOTS# QuadFit found better minimum quadopt=(dt=62.208,rms=0.629054) vs oldopt=(dt=103.68,rms=0.629115)
#GCMRL#  149 dt  62.208000 rms  0.629  0.000% neg 0  invalid 762 tFOTS 4.5390 tGradient 2.0760 tsec 6.9680
#GCMRL#  150 dt  62.208000 rms  0.629  0.063% neg 0  invalid 762 tFOTS 0.0000 tGradient 2.0940 tsec 2.4110
#GCMRL#  151 dt  62.208000 rms  0.628  0.077% neg 0  invalid 762 tFOTS 0.0000 tGradient 2.1300 tsec 2.4460
#GCMRL#  152 dt  62.208000 rms  0.628  0.095% neg 0  invalid 762 tFOTS 0.0000 tGradient 2.1120 tsec 2.4320
#GCMRL#  153 dt  62.208000 rms  0.627  0.111% neg 0  invalid 762 tFOTS 0.0000 tGradient 2.0630 tsec 2.3780
#GCMRL#  154 dt  62.208000 rms  0.626  0.128% neg 0  invalid 762 tFOTS 0.0000 tGradient 2.0880 tsec 2.4130
#GCMRL#  155 dt  62.208000 rms  0.625  0.168% neg 0  invalid 762 tFOTS 0.0000 tGradient 2.1140 tsec 2.4350
#GCMRL#  156 dt  62.208000 rms  0.624  0.159% neg 0  invalid 762 tFOTS 0.0000 tGradient 2.0510 tsec 2.3720
#GCMRL#  157 dt  62.208000 rms  0.623  0.156% neg 0  invalid 762 tFOTS 0.0000 tGradient 2.1440 tsec 2.4680
#GCMRL#  158 dt  62.208000 rms  0.622  0.152% neg 0  invalid 762 tFOTS 0.0000 tGradient 2.1580 tsec 2.4770
#GCMRL#  159 dt  62.208000 rms  0.621  0.179% neg 0  invalid 762 tFOTS 0.0000 tGradient 2.1370 tsec 2.4540
#GCMRL#  160 dt  62.208000 rms  0.620  0.142% neg 0  invalid 762 tFOTS 0.0000 tGradient 2.0990 tsec 2.4170
#GCMRL#  161 dt  62.208000 rms  0.619  0.144% neg 0  invalid 762 tFOTS 0.0000 tGradient 2.0980 tsec 2.4160
#GCMRL#  162 dt  62.208000 rms  0.618  0.165% neg 0  invalid 762 tFOTS 0.0000 tGradient 2.1270 tsec 2.4470
#GCMRL#  163 dt  62.208000 rms  0.617  0.162% neg 0  invalid 762 tFOTS 0.0000 tGradient 2.1490 tsec 2.4720
#GCMRL#  164 dt  62.208000 rms  0.616  0.139% neg 0  invalid 762 tFOTS 0.0000 tGradient 2.0010 tsec 2.3220
#GCMRL#  165 dt  62.208000 rms  0.616  0.118% neg 0  invalid 762 tFOTS 0.0000 tGradient 2.0680 tsec 2.3840
#GCMRL#  166 dt  62.208000 rms  0.615  0.102% neg 0  invalid 762 tFOTS 0.0000 tGradient 2.0510 tsec 2.3640
#GCMRL#  167 dt  62.208000 rms  0.614  0.093% neg 0  invalid 762 tFOTS 0.0000 tGradient 2.0220 tsec 2.3410
#GCMRL#  168 dt  62.208000 rms  0.614  0.087% neg 0  invalid 762 tFOTS 0.0000 tGradient 2.0060 tsec 2.3210
#GCMRL#  169 dt  62.208000 rms  0.613  0.106% neg 0  invalid 762 tFOTS 0.0000 tGradient 2.0700 tsec 2.3930
#GCMRL#  170 dt  62.208000 rms  0.613  0.112% neg 0  invalid 762 tFOTS 0.0000 tGradient 1.9590 tsec 2.2810
#GCMRL#  171 dt  62.208000 rms  0.612  0.116% neg 0  invalid 762 tFOTS 0.0000 tGradient 2.0550 tsec 2.3770
#GCMRL#  172 dt  62.208000 rms  0.611  0.105% neg 0  invalid 762 tFOTS 0.0000 tGradient 2.1010 tsec 2.4190
#GCMRL#  173 dt  62.208000 rms  0.611  0.096% neg 0  invalid 762 tFOTS 0.0000 tGradient 2.0370 tsec 2.3520
#GCMRL#  174 dt  62.208000 rms  0.610  0.076% neg 0  invalid 762 tFOTS 0.0000 tGradient 2.0760 tsec 2.3960
#GCMRL#  175 dt  62.208000 rms  0.610  0.077% neg 0  invalid 762 tFOTS 0.0000 tGradient 2.0850 tsec 2.4030
#GCMRL#  176 dt  62.208000 rms  0.609  0.099% neg 0  invalid 762 tFOTS 0.0000 tGradient 1.9790 tsec 2.2970
#GCMRL#  177 dt  62.208000 rms  0.609  0.084% neg 0  invalid 762 tFOTS 0.0000 tGradient 2.0050 tsec 2.3230
#GCMRL#  178 dt  62.208000 rms  0.608  0.079% neg 0  invalid 762 tFOTS 0.0000 tGradient 1.9690 tsec 2.2830
#GCMRL#  179 dt  62.208000 rms  0.608  0.062% neg 0  invalid 762 tFOTS 0.0000 tGradient 2.1080 tsec 2.4190
#GCMRL#  180 dt  62.208000 rms  0.607  0.067% neg 0  invalid 762 tFOTS 0.0000 tGradient 1.9430 tsec 2.2490
#GCMRL#  181 dt  62.208000 rms  0.607  0.076% neg 0  invalid 762 tFOTS 0.0000 tGradient 1.8820 tsec 2.1900
#GCMRL#  182 dt  62.208000 rms  0.606  0.060% neg 0  invalid 762 tFOTS 0.0000 tGradient 1.9760 tsec 2.2820
#GCMRL#  183 dt  62.208000 rms  0.606  0.059% neg 0  invalid 762 tFOTS 0.0000 tGradient 1.9560 tsec 2.2660
#GCMRL#  184 dt  62.208000 rms  0.606  0.056% neg 0  invalid 762 tFOTS 0.0000 tGradient 2.0180 tsec 2.3250
#GCMRL#  185 dt  62.208000 rms  0.605  0.068% neg 0  invalid 762 tFOTS 0.0000 tGradient 2.0270 tsec 2.3400
#GCMRL#  186 dt  62.208000 rms  0.605  0.064% neg 0  invalid 762 tFOTS 0.0000 tGradient 2.0370 tsec 2.3590
#GCMRL#  187 dt  62.208000 rms  0.605  0.058% neg 0  invalid 762 tFOTS 0.0000 tGradient 1.9680 tsec 2.2860
#GCMRL#  188 dt  62.208000 rms  0.604  0.055% neg 0  invalid 762 tFOTS 0.0000 tGradient 1.9550 tsec 2.2680
#GCMRL#  189 dt  62.208000 rms  0.604  0.052% neg 0  invalid 762 tFOTS 0.0000 tGradient 2.0370 tsec 2.3550
#GCMRL#  190 dt  62.208000 rms  0.604  0.053% neg 0  invalid 762 tFOTS 0.0000 tGradient 1.9330 tsec 2.2440
#GCMRL#  191 dt  62.208000 rms  0.603  0.050% neg 0  invalid 762 tFOTS 0.0000 tGradient 1.9380 tsec 2.2510
#GCMRL#  192 dt  62.208000 rms  0.603  0.046% neg 0  invalid 762 tFOTS 0.0000 tGradient 1.9590 tsec 2.2700
#GCMRL#  193 dt  62.208000 rms  0.603  0.039% neg 0  invalid 762 tFOTS 0.0000 tGradient 2.0010 tsec 2.3070
#GCMRL#  194 dt  62.208000 rms  0.603  0.045% neg 0  invalid 762 tFOTS 0.0000 tGradient 2.0580 tsec 2.3750
#GCMRL#  195 dt  62.208000 rms  0.602  0.039% neg 0  invalid 762 tFOTS 0.0000 tGradient 1.9980 tsec 2.3110
#GCMRL#  196 dt  62.208000 rms  0.602  0.038% neg 0  invalid 762 tFOTS 0.0000 tGradient 1.9720 tsec 2.2880
#GCMRL#  197 dt  62.208000 rms  0.602  0.032% neg 0  invalid 762 tFOTS 0.0000 tGradient 1.9830 tsec 2.2960
#GCMRL#  198 dt  62.208000 rms  0.602  0.035% neg 0  invalid 762 tFOTS 0.0000 tGradient 2.0510 tsec 2.3590
#GCMRL#  199 dt  62.208000 rms  0.601  0.037% neg 0  invalid 762 tFOTS 0.0000 tGradient 1.9700 tsec 2.2830
#GCMRL#  200 dt  62.208000 rms  0.601  0.036% neg 0  invalid 762 tFOTS 0.0000 tGradient 2.0580 tsec 2.3660
#GCMRL#  201 dt  62.208000 rms  0.601  0.032% neg 0  invalid 762 tFOTS 0.0000 tGradient 2.0540 tsec 2.3610
#GCMRL#  202 dt  62.208000 rms  0.601  0.032% neg 0  invalid 762 tFOTS 0.0000 tGradient 2.0010 tsec 2.3120
#GCMRL#  203 dt  62.208000 rms  0.601  0.039% neg 0  invalid 762 tFOTS 0.0000 tGradient 1.9880 tsec 2.2930
#GCMRL#  204 dt  62.208000 rms  0.600  0.026% neg 0  invalid 762 tFOTS 0.0000 tGradient 1.9580 tsec 2.2630
#GCMRL#  205 dt  62.208000 rms  0.600  0.022% neg 0  invalid 762 tFOTS 0.0000 tGradient 1.9730 tsec 2.2850
#GCMRL#  206 dt  62.208000 rms  0.600  0.032% neg 0  invalid 762 tFOTS 0.0000 tGradient 1.9440 tsec 2.2520
#GCMRL#  207 dt  62.208000 rms  0.600  0.033% neg 0  invalid 762 tFOTS 0.0000 tGradient 1.9970 tsec 2.3050
#GCMRL#  208 dt  62.208000 rms  0.600  0.030% neg 0  invalid 762 tFOTS 0.0000 tGradient 2.0080 tsec 2.3460
#GCMRL#  209 dt  62.208000 rms  0.600  0.030% neg 0  invalid 762 tFOTS 0.0000 tGradient 2.0600 tsec 2.3690
#GCMRL#  210 dt  62.208000 rms  0.599  0.022% neg 0  invalid 762 tFOTS 0.0000 tGradient 1.9850 tsec 2.2820
#GCMRL#  211 dt  62.208000 rms  0.599  0.025% neg 0  invalid 762 tFOTS 0.0000 tGradient 1.9690 tsec 2.2730
#GCMRL#  212 dt  62.208000 rms  0.599  0.031% neg 0  invalid 762 tFOTS 0.0000 tGradient 1.9480 tsec 2.2500
#GCMRL#  213 dt  62.208000 rms  0.599  0.029% neg 0  invalid 762 tFOTS 0.0000 tGradient 2.0890 tsec 2.3960
#GCMRL#  214 dt  62.208000 rms  0.599  0.016% neg 0  invalid 762 tFOTS 0.0000 tGradient 2.0800 tsec 2.3870
#GCMRL#  215 dt  62.208000 rms  0.599  0.015% neg 0  invalid 762 tFOTS 0.0000 tGradient 2.2730 tsec 2.6160
#FOTS# QuadFit found better minimum quadopt=(dt=145.152,rms=0.598626) vs oldopt=(dt=103.68,rms=0.59864)
#GCMRL#  216 dt 145.152000 rms  0.599  0.020% neg 0  invalid 762 tFOTS 4.4480 tGradient 1.9810 tsec 6.7560
#FOTS# QuadFit found better minimum quadopt=(dt=7.776,rms=0.598638) vs oldopt=(dt=6.48,rms=0.598638)

#GCAMreg# pass 0 level1 4 level2 1 tsec 416.602 sigma 0.5
l_jacobian=1.00 l_label=1.00 l_log_likelihood=0.20 l_smoothness=0.03 
tol=5.00e-02, dt=5.00e-02, exp_k=20.0, momentum=0.90, levels=6, niter=500, lbl_dist=10.00, avgs=64, sigma=0.5,type=2, relabel=0, neg=no

blurring input image with Gaussian with sigma=0.500...
GCAMRegisterLevel(): init RMS 0.599205
#FOTS# QuadFit found better minimum quadopt=(dt=140.892,rms=0.596052) vs oldopt=(dt=103.68,rms=0.59618)
#GCMRL#  218 dt 140.892086 rms  0.596  0.526% neg 0  invalid 762 tFOTS 4.4540 tGradient 2.0770 tsec 6.8550
#FOTS# QuadFit found better minimum quadopt=(dt=36.288,rms=0.594995) vs oldopt=(dt=25.92,rms=0.595173)
#GCMRL#  219 dt  36.288000 rms  0.595  0.177% neg 0  invalid 762 tFOTS 4.6070 tGradient 2.0440 tsec 6.9750
#FOTS# QuadFit found better minimum quadopt=(dt=248.832,rms=0.593633) vs oldopt=(dt=414.72,rms=0.593973)
#GCMRL#  220 dt 248.832000 rms  0.594  0.229% neg 0  invalid 762 tFOTS 4.4330 tGradient 2.0910 tsec 6.8450
#FOTS# QuadFit found better minimum quadopt=(dt=36.288,rms=0.592825) vs oldopt=(dt=25.92,rms=0.592975)
#GCMRL#  221 dt  36.288000 rms  0.593  0.136% neg 0  invalid 762 tFOTS 4.0680 tGradient 2.0760 tsec 6.4620
#FOTS# QuadFit found better minimum quadopt=(dt=145.152,rms=0.592119) vs oldopt=(dt=103.68,rms=0.59222)
#GCMRL#  222 dt 145.152000 rms  0.592  0.119% neg 0  invalid 762 tFOTS 4.2700 tGradient 2.2480 tsec 6.8340
#FOTS# QuadFit found better minimum quadopt=(dt=82.944,rms=0.591475) vs oldopt=(dt=103.68,rms=0.591481)
#GCMRL#  223 dt  82.944000 rms  0.591  0.109% neg 0  invalid 762 tFOTS 4.1790 tGradient 2.0590 tsec 6.5590
#GCMRL#  224 dt 103.680000 rms  0.591  0.072% neg 0  invalid 762 tFOTS 4.4260 tGradient 2.0630 tsec 6.8190
#FOTS# QuadFit found better minimum quadopt=(dt=82.944,rms=0.590353) vs oldopt=(dt=103.68,rms=0.590378)
#GCMRL#  225 dt  82.944000 rms  0.590  0.118% neg 0  invalid 762 tFOTS 4.1610 tGradient 2.0550 tsec 6.5510
#FOTS# QuadFit found better minimum quadopt=(dt=82.944,rms=0.590045) vs oldopt=(dt=103.68,rms=0.590087)
#GCMRL#  226 dt  82.944000 rms  0.590  0.052% neg 0  invalid 762 tFOTS 4.4570 tGradient 2.0520 tsec 6.8370
#FOTS# QuadFit found better minimum quadopt=(dt=124.416,rms=0.58943) vs oldopt=(dt=103.68,rms=0.589435)
#GCMRL#  227 dt 124.416000 rms  0.589  0.104% neg 0  invalid 762 tFOTS 4.4120 tGradient 1.8820 tsec 6.6200
#FOTS# QuadFit found better minimum quadopt=(dt=36.288,rms=0.589155) vs oldopt=(dt=25.92,rms=0.589193)
#GCMRL#  228 dt  36.288000 rms  0.589  0.000% neg 0  invalid 762 tFOTS 4.3910 tGradient 1.8890 tsec 6.6720
#GCMRL#  229 dt  36.288000 rms  0.589  0.022% neg 0  invalid 762 tFOTS 0.0000 tGradient 2.2300 tsec 2.5480
#GCMRL#  230 dt  36.288000 rms  0.589  0.041% neg 0  invalid 762 tFOTS 0.0000 tGradient 2.0400 tsec 2.3530
#GCMRL#  231 dt  36.288000 rms  0.588  0.065% neg 0  invalid 762 tFOTS 0.0000 tGradient 1.9720 tsec 2.2850
#GCMRL#  232 dt  36.288000 rms  0.588  0.074% neg 0  invalid 762 tFOTS 0.0000 tGradient 1.9860 tsec 2.3010
#GCMRL#  233 dt  36.288000 rms  0.587  0.087% neg 0  invalid 762 tFOTS 0.0000 tGradient 2.0080 tsec 2.3180
#GCMRL#  234 dt  36.288000 rms  0.587  0.087% neg 0  invalid 762 tFOTS 0.0000 tGradient 1.9620 tsec 2.2740
#GCMRL#  235 dt  36.288000 rms  0.586  0.091% neg 0  invalid 762 tFOTS 0.0000 tGradient 1.9850 tsec 2.2960
#GCMRL#  236 dt  36.288000 rms  0.586  0.091% neg 0  invalid 762 tFOTS 0.0000 tGradient 1.9980 tsec 2.3090
#GCMRL#  237 dt  36.288000 rms  0.585  0.084% neg 0  invalid 762 tFOTS 0.0000 tGradient 2.0030 tsec 2.3100
#GCMRL#  238 dt  36.288000 rms  0.585  0.085% neg 0  invalid 762 tFOTS 0.0000 tGradient 1.9510 tsec 2.2670
#GCMRL#  239 dt  36.288000 rms  0.584  0.085% neg 0  invalid 762 tFOTS 0.0000 tGradient 1.9390 tsec 2.2490
#GCMRL#  240 dt  36.288000 rms  0.584  0.081% neg 0  invalid 762 tFOTS 0.0000 tGradient 2.0400 tsec 2.3500
#GCMRL#  241 dt  36.288000 rms  0.583  0.074% neg 0  invalid 762 tFOTS 0.0000 tGradient 1.9410 tsec 2.2550
#GCMRL#  242 dt  36.288000 rms  0.583  0.077% neg 0  invalid 762 tFOTS 0.0000 tGradient 1.9480 tsec 2.2580
#GCMRL#  243 dt  36.288000 rms  0.583  0.066% neg 0  invalid 762 tFOTS 0.0000 tGradient 2.0950 tsec 2.4030
#GCMRL#  244 dt  36.288000 rms  0.582  0.061% neg 0  invalid 762 tFOTS 0.0000 tGradient 1.9990 tsec 2.3080
#GCMRL#  245 dt  36.288000 rms  0.582  0.058% neg 0  invalid 762 tFOTS 0.0000 tGradient 1.9650 tsec 2.2710
#GCMRL#  246 dt  36.288000 rms  0.582  0.049% neg 0  invalid 762 tFOTS 0.0000 tGradient 2.0810 tsec 2.3900
#GCMRL#  247 dt  36.288000 rms  0.581  0.049% neg 0  invalid 762 tFOTS 0.0000 tGradient 2.0650 tsec 2.3780
#GCMRL#  248 dt  36.288000 rms  0.581  0.044% neg 0  invalid 762 tFOTS 0.0000 tGradient 2.0660 tsec 2.3760
#GCMRL#  249 dt  36.288000 rms  0.581  0.037% neg 0  invalid 762 tFOTS 0.0000 tGradient 2.0520 tsec 2.3610
#GCMRL#  250 dt  36.288000 rms  0.581  0.032% neg 0  invalid 762 tFOTS 0.0000 tGradient 2.0740 tsec 2.3840
#GCMRL#  251 dt  36.288000 rms  0.581  0.027% neg 0  invalid 762 tFOTS 0.0000 tGradient 2.0530 tsec 2.3570
#GCMRL#  252 dt  36.288000 rms  0.580  0.027% neg 0  invalid 762 tFOTS 0.0000 tGradient 2.0890 tsec 2.4010
#GCMRL#  253 dt  36.288000 rms  0.580  0.032% neg 0  invalid 762 tFOTS 0.0000 tGradient 2.0650 tsec 2.3630
#GCMRL#  254 dt  36.288000 rms  0.580  0.031% neg 0  invalid 762 tFOTS 0.0000 tGradient 2.0810 tsec 2.3860
#GCMRL#  255 dt  36.288000 rms  0.580  0.027% neg 0  invalid 762 tFOTS 0.0000 tGradient 2.0190 tsec 2.3270
#GCMRL#  256 dt  36.288000 rms  0.580  0.029% neg 0  invalid 762 tFOTS 0.0000 tGradient 2.0670 tsec 2.3730
#GCMRL#  257 dt  36.288000 rms  0.580  0.035% neg 0  invalid 762 tFOTS 0.0000 tGradient 2.0520 tsec 2.3670
#GCMRL#  258 dt  36.288000 rms  0.579  0.031% neg 0  invalid 762 tFOTS 0.0000 tGradient 1.9940 tsec 2.3070
#GCMRL#  259 dt  36.288000 rms  0.579  0.033% neg 0  invalid 762 tFOTS 0.0000 tGradient 2.0380 tsec 2.3470
#GCMRL#  260 dt  36.288000 rms  0.579  0.033% neg 0  invalid 762 tFOTS 0.0000 tGradient 2.1100 tsec 2.4120
#GCMRL#  261 dt  36.288000 rms  0.579  0.036% neg 0  invalid 762 tFOTS 0.0000 tGradient 2.0760 tsec 2.3840
#GCMRL#  262 dt  36.288000 rms  0.579  0.035% neg 0  invalid 762 tFOTS 0.0000 tGradient 2.0800 tsec 2.3900
#GCMRL#  263 dt  36.288000 rms  0.578  0.031% neg 0  invalid 762 tFOTS 0.0000 tGradient 2.1140 tsec 2.4150
#GCMRL#  264 dt  36.288000 rms  0.578  0.029% neg 0  invalid 762 tFOTS 0.0000 tGradient 2.1240 tsec 2.4260
#GCMRL#  265 dt  36.288000 rms  0.578  0.028% neg 0  invalid 762 tFOTS 0.0000 tGradient 2.0370 tsec 2.3420
#GCMRL#  266 dt  36.288000 rms  0.578  0.021% neg 0  invalid 762 tFOTS 0.0000 tGradient 2.1140 tsec 2.4180
#GCMRL#  267 dt  36.288000 rms  0.578  0.019% neg 0  invalid 762 tFOTS 0.0000 tGradient 2.0820 tsec 2.4140
#FOTS# QuadFit found better minimum quadopt=(dt=145.152,rms=0.577707) vs oldopt=(dt=103.68,rms=0.577711)
#GCMRL#  268 dt 145.152000 rms  0.578  0.000% neg 0  invalid 762 tFOTS 4.4380 tGradient 2.0550 tsec 6.8470
setting smoothness cost coefficient to 0.118

#GCAMreg# pass 0 level1 3 level2 0 tsec 0 sigma 2
l_jacobian=1.00 l_label=1.00 l_log_likelihood=0.20 l_smoothness=0.12 
tol=5.00e-02, dt=5.00e-02, exp_k=20.0, momentum=0.90, levels=6, niter=500, lbl_dist=10.00, avgs=16, sigma=2.0,type=2, relabel=0, neg=no

blurring input image with Gaussian with sigma=2.000...
GCAMRegisterLevel(): init RMS 0.591702
#FOTS# QuadFit found better minimum quadopt=(dt=11.2,rms=0.590293) vs oldopt=(dt=8,rms=0.590465)
#GCMRL#  270 dt  11.200000 rms  0.590  0.238% neg 0  invalid 762 tFOTS 4.4380 tGradient 1.7640 tsec 6.5340
#FOTS# QuadFit found better minimum quadopt=(dt=25.6,rms=0.589432) vs oldopt=(dt=32,rms=0.589452)
#GCMRL#  271 dt  25.600000 rms  0.589  0.146% neg 0  invalid 762 tFOTS 4.4460 tGradient 1.7250 tsec 6.4950
#FOTS# QuadFit found better minimum quadopt=(dt=75.2,rms=0.587376) vs oldopt=(dt=32,rms=0.587878)
#GCMRL#  272 dt  75.200000 rms  0.587  0.349% neg 0  invalid 762 tFOTS 4.4100 tGradient 1.6850 tsec 6.4210
#FOTS# QuadFit found better minimum quadopt=(dt=102.4,rms=0.583556) vs oldopt=(dt=128,rms=0.583828)
#GCMRL#  273 dt 102.400000 rms  0.584  0.650% neg 0  invalid 762 tFOTS 4.4070 tGradient 1.7520 tsec 6.4820
#FOTS# QuadFit found better minimum quadopt=(dt=24.8787,rms=0.58037) vs oldopt=(dt=32,rms=0.580712)
#GCMRL#  274 dt  24.878745 rms  0.580  0.546% neg 0  invalid 762 tFOTS 4.1320 tGradient 1.7060 tsec 6.1640
#FOTS# QuadFit found better minimum quadopt=(dt=25.6,rms=0.579643) vs oldopt=(dt=32,rms=0.579755)
#GCMRL#  275 dt  25.600000 rms  0.580  0.125% neg 0  invalid 762 tFOTS 4.1680 tGradient 1.7570 tsec 6.2480
#FOTS# QuadFit found better minimum quadopt=(dt=44.8,rms=0.578046) vs oldopt=(dt=32,rms=0.578199)
#GCMRL#  276 dt  44.800000 rms  0.578  0.276% neg 0  invalid 762 tFOTS 4.4300 tGradient 1.7080 tsec 6.4640
#FOTS# QuadFit found better minimum quadopt=(dt=11.2,rms=0.577278) vs oldopt=(dt=8,rms=0.577413)
#GCMRL#  277 dt  11.200000 rms  0.577  0.133% neg 0  invalid 762 tFOTS 4.2030 tGradient 1.7200 tsec 6.2480
#FOTS# QuadFit found better minimum quadopt=(dt=102.4,rms=0.575293) vs oldopt=(dt=128,rms=0.575364)
#GCMRL#  278 dt 102.400000 rms  0.575  0.344% neg 0  invalid 762 tFOTS 4.4560 tGradient 1.6570 tsec 6.5200
#FOTS# QuadFit found better minimum quadopt=(dt=11.2,rms=0.573643) vs oldopt=(dt=8,rms=0.574002)
#GCMRL#  279 dt  11.200000 rms  0.574  0.287% neg 0  invalid 762 tFOTS 4.1710 tGradient 1.9250 tsec 6.4280
#FOTS# QuadFit found better minimum quadopt=(dt=38.4,rms=0.57275) vs oldopt=(dt=32,rms=0.572765)
#GCMRL#  280 dt  38.400000 rms  0.573  0.156% neg 0  invalid 762 tFOTS 4.1130 tGradient 1.6390 tsec 6.0820
#FOTS# QuadFit found better minimum quadopt=(dt=25.5215,rms=0.571872) vs oldopt=(dt=32,rms=0.571992)
#GCMRL#  281 dt  25.521472 rms  0.572  0.153% neg 0  invalid 762 tFOTS 4.0930 tGradient 1.7620 tsec 6.1790
#FOTS# QuadFit found better minimum quadopt=(dt=25.6,rms=0.571214) vs oldopt=(dt=32,rms=0.57125)
#GCMRL#  282 dt  25.600000 rms  0.571  0.115% neg 0  invalid 762 tFOTS 4.0930 tGradient 1.7060 tsec 6.1280
#FOTS# QuadFit found better minimum quadopt=(dt=25.6,rms=0.570641) vs oldopt=(dt=32,rms=0.570664)
#GCMRL#  283 dt  25.600000 rms  0.571  0.100% neg 0  invalid 762 tFOTS 4.1130 tGradient 1.7420 tsec 6.1900
#GCMRL#  284 dt  32.000000 rms  0.570  0.118% neg 0  invalid 762 tFOTS 4.3620 tGradient 1.7160 tsec 6.4100
#FOTS# QuadFit found better minimum quadopt=(dt=11.2,rms=0.569577) vs oldopt=(dt=8,rms=0.569654)
#GCMRL#  285 dt  11.200000 rms  0.570  0.069% neg 0  invalid 762 tFOTS 4.1120 tGradient 1.7430 tsec 6.1820
#FOTS# QuadFit found better minimum quadopt=(dt=179.2,rms=0.567578) vs oldopt=(dt=128,rms=0.567711)
#GCMRL#  286 dt 179.200000 rms  0.568  0.351% neg 0  invalid 762 tFOTS 4.1590 tGradient 1.6830 tsec 6.2210
#FOTS# QuadFit found better minimum quadopt=(dt=11.2,rms=0.566383) vs oldopt=(dt=8,rms=0.56665)
#GCMRL#  287 dt  11.200000 rms  0.566  0.211% neg 0  invalid 762 tFOTS 4.2000 tGradient 2.0720 tsec 6.6100
#FOTS# QuadFit found better minimum quadopt=(dt=11.2,rms=0.566014) vs oldopt=(dt=8,rms=0.566058)
#GCMRL#  288 dt  11.200000 rms  0.566  0.065% neg 0  invalid 762 tFOTS 4.0850 tGradient 1.6760 tsec 6.0890
#FOTS# QuadFit found better minimum quadopt=(dt=44.8,rms=0.565715) vs oldopt=(dt=32,rms=0.56574)
#GCMRL#  289 dt  44.800000 rms  0.566  0.053% neg 0  invalid 762 tFOTS 3.8340 tGradient 1.6880 tsec 5.8470
#FOTS# QuadFit found better minimum quadopt=(dt=44.8,rms=0.564914) vs oldopt=(dt=32,rms=0.565002)
#GCMRL#  290 dt  44.800000 rms  0.565  0.141% neg 0  invalid 762 tFOTS 4.3140 tGradient 1.6650 tsec 6.2950
#FOTS# QuadFit found better minimum quadopt=(dt=11.2,rms=0.564716) vs oldopt=(dt=8,rms=0.564757)
#GCMRL#  291 dt  11.200000 rms  0.565  0.000% neg 0  invalid 762 tFOTS 4.0870 tGradient 1.7220 tsec 6.1520
#GCMRL#  292 dt  11.200000 rms  0.565  0.021% neg 0  invalid 762 tFOTS 0.0000 tGradient 1.7820 tsec 2.0820
#GCMRL#  293 dt  11.200000 rms  0.564  0.038% neg 0  invalid 762 tFOTS 0.0000 tGradient 1.6340 tsec 1.9430
#GCMRL#  294 dt  11.200000 rms  0.564  0.041% neg 0  invalid 762 tFOTS 0.0000 tGradient 1.7630 tsec 2.0750
#GCMRL#  295 dt  11.200000 rms  0.564  0.072% neg 0  invalid 762 tFOTS 0.0000 tGradient 1.6760 tsec 1.9820
#GCMRL#  296 dt  11.200000 rms  0.563  0.103% neg 0  invalid 762 tFOTS 0.0000 tGradient 1.6750 tsec 1.9830
#GCMRL#  297 dt  11.200000 rms  0.563  0.116% neg 0  invalid 762 tFOTS 0.0000 tGradient 1.8060 tsec 2.1030
#GCMRL#  298 dt  11.200000 rms  0.562  0.110% neg 0  invalid 762 tFOTS 0.0000 tGradient 1.6750 tsec 1.9790
#GCMRL#  299 dt  11.200000 rms  0.561  0.115% neg 0  invalid 762 tFOTS 0.0000 tGradient 1.6850 tsec 1.9820
#GCMRL#  300 dt  11.200000 rms  0.561  0.013% neg 0  invalid 762 tFOTS 0.0000 tGradient 1.7050 tsec 2.2080
#GCMRL#  301 dt   2.800000 rms  0.561  0.006% neg 0  invalid 762 tFOTS 0.0000 tGradient 1.7410 tsec 2.5370
#GCMRL#  302 dt   2.000000 rms  0.561  0.000% neg 0  invalid 762 tFOTS 3.4670 tGradient 1.8650 tsec 5.6620
#GCMRL#  303 dt   0.250000 rms  0.561  0.001% neg 0  invalid 762 tFOTS 0.0000 tGradient 1.5720 tsec 2.4600

#GCAMreg# pass 0 level1 3 level2 1 tsec 179.275 sigma 0.5
l_jacobian=1.00 l_label=1.00 l_log_likelihood=0.20 l_smoothness=0.12 
tol=5.00e-02, dt=5.00e-02, exp_k=20.0, momentum=0.90, levels=6, niter=500, lbl_dist=10.00, avgs=16, sigma=0.5,type=2, relabel=0, neg=no

blurring input image with Gaussian with sigma=0.500...
GCAMRegisterLevel(): init RMS 0.561659
#FOTS# QuadFit found better minimum quadopt=(dt=44.8,rms=0.55788) vs oldopt=(dt=32,rms=0.558086)
#GCMRL#  305 dt  44.800000 rms  0.558  0.673% neg 0  invalid 762 tFOTS 4.1440 tGradient 1.5730 tsec 6.0190
#FOTS# QuadFit found better minimum quadopt=(dt=25.6,rms=0.556458) vs oldopt=(dt=32,rms=0.556565)
#GCMRL#  306 dt  25.600000 rms  0.556  0.255% neg 0  invalid 762 tFOTS 4.5080 tGradient 1.5830 tsec 6.4160
#FOTS# QuadFit found better minimum quadopt=(dt=25.6,rms=0.555616) vs oldopt=(dt=32,rms=0.555715)
#GCMRL#  307 dt  25.600000 rms  0.556  0.151% neg 0  invalid 762 tFOTS 4.3790 tGradient 1.7340 tsec 6.4330
#FOTS# QuadFit found better minimum quadopt=(dt=25.6,rms=0.554783) vs oldopt=(dt=32,rms=0.55485)
#GCMRL#  308 dt  25.600000 rms  0.555  0.150% neg 0  invalid 762 tFOTS 4.2500 tGradient 1.7540 tsec 6.3620
#FOTS# QuadFit found better minimum quadopt=(dt=25.6,rms=0.554071) vs oldopt=(dt=32,rms=0.554151)
#GCMRL#  309 dt  25.600000 rms  0.554  0.128% neg 0  invalid 762 tFOTS 4.3050 tGradient 1.8030 tsec 6.4320
#FOTS# QuadFit found better minimum quadopt=(dt=25.6,rms=0.5533) vs oldopt=(dt=32,rms=0.553329)
#GCMRL#  310 dt  25.600000 rms  0.553  0.139% neg 0  invalid 762 tFOTS 4.3930 tGradient 1.7890 tsec 6.5540
#FOTS# QuadFit found better minimum quadopt=(dt=25.6,rms=0.552755) vs oldopt=(dt=32,rms=0.55283)
#GCMRL#  311 dt  25.600000 rms  0.553  0.098% neg 0  invalid 762 tFOTS 4.2580 tGradient 1.7690 tsec 6.3500
#FOTS# QuadFit found better minimum quadopt=(dt=25.6,rms=0.552132) vs oldopt=(dt=32,rms=0.552157)
#GCMRL#  312 dt  25.600000 rms  0.552  0.113% neg 0  invalid 762 tFOTS 4.4610 tGradient 1.6800 tsec 6.4620
#FOTS# QuadFit found better minimum quadopt=(dt=19.2,rms=0.551749) vs oldopt=(dt=32,rms=0.551817)
#GCMRL#  313 dt  19.200000 rms  0.552  0.069% neg 0  invalid 762 tFOTS 3.9380 tGradient 1.6650 tsec 5.9100
#FOTS# QuadFit found better minimum quadopt=(dt=44.8,rms=0.551079) vs oldopt=(dt=32,rms=0.551187)
#GCMRL#  314 dt  44.800000 rms  0.551  0.121% neg 0  invalid 762 tFOTS 4.0830 tGradient 1.5770 tsec 5.9670
#FOTS# QuadFit found better minimum quadopt=(dt=11.2,rms=0.550766) vs oldopt=(dt=8,rms=0.550825)
#GCMRL#  315 dt  11.200000 rms  0.551  0.057% neg 0  invalid 762 tFOTS 4.1800 tGradient 1.6010 tsec 6.0910
#FOTS# QuadFit found better minimum quadopt=(dt=179.2,rms=0.549705) vs oldopt=(dt=128,rms=0.549767)
#GCMRL#  316 dt 179.200000 rms  0.550  0.193% neg 0  invalid 762 tFOTS 4.2440 tGradient 1.8960 tsec 6.4620
#FOTS# QuadFit found better minimum quadopt=(dt=11.2,rms=0.548867) vs oldopt=(dt=8,rms=0.549014)
#GCMRL#  317 dt  11.200000 rms  0.549  0.152% neg 0  invalid 762 tFOTS 4.2690 tGradient 1.6200 tsec 6.2100
#FOTS# QuadFit found better minimum quadopt=(dt=44.8,rms=0.548372) vs oldopt=(dt=32,rms=0.548409)
#GCMRL#  318 dt  44.800000 rms  0.548  0.090% neg 0  invalid 762 tFOTS 4.4270 tGradient 1.6310 tsec 6.3810
#FOTS# QuadFit found better minimum quadopt=(dt=11.2,rms=0.548155) vs oldopt=(dt=8,rms=0.548198)
#GCMRL#  319 dt  11.200000 rms  0.548  0.000% neg 0  invalid 762 tFOTS 4.3570 tGradient 1.6320 tsec 6.3280
#GCMRL#  320 dt  11.200000 rms  0.548  0.018% neg 0  invalid 762 tFOTS 0.0000 tGradient 1.5820 tsec 1.8920
#GCMRL#  321 dt  11.200000 rms  0.548  0.022% neg 0  invalid 762 tFOTS 0.0000 tGradient 1.6460 tsec 1.9550
#GCMRL#  322 dt  11.200000 rms  0.548  0.039% neg 0  invalid 762 tFOTS 0.0000 tGradient 1.6190 tsec 1.9260
#GCMRL#  323 dt  11.200000 rms  0.547  0.067% neg 0  invalid 762 tFOTS 0.0000 tGradient 1.6120 tsec 1.9180
#GCMRL#  324 dt  11.200000 rms  0.547  0.079% neg 0  invalid 762 tFOTS 0.0000 tGradient 1.6020 tsec 1.9090
#GCMRL#  325 dt  11.200000 rms  0.546  0.091% neg 0  invalid 762 tFOTS 0.0000 tGradient 1.6310 tsec 1.9430
#GCMRL#  326 dt  11.200000 rms  0.546  0.078% neg 0  invalid 762 tFOTS 0.0000 tGradient 1.6180 tsec 1.9060
#GCMRL#  327 dt  11.200000 rms  0.546  0.088% neg 0  invalid 762 tFOTS 0.0000 tGradient 1.6230 tsec 1.9230
#GCMRL#  328 dt  11.200000 rms  0.545  0.091% neg 0  invalid 762 tFOTS 0.0000 tGradient 1.6180 tsec 1.9250
#GCMRL#  329 dt  11.200000 rms  0.545  0.089% neg 0  invalid 762 tFOTS 0.0000 tGradient 1.5990 tsec 1.9080
#GCMRL#  330 dt  11.200000 rms  0.544  0.090% neg 0  invalid 762 tFOTS 0.0000 tGradient 1.5800 tsec 1.8890
#GCMRL#  331 dt  11.200000 rms  0.544  0.096% neg 0  invalid 762 tFOTS 0.0000 tGradient 1.6180 tsec 1.9310
#GCMRL#  332 dt  11.200000 rms  0.543  0.093% neg 0  invalid 762 tFOTS 0.0000 tGradient 1.5960 tsec 1.9010
#GCMRL#  333 dt  11.200000 rms  0.543  0.088% neg 0  invalid 762 tFOTS 0.0000 tGradient 1.7980 tsec 2.1080
#GCMRL#  334 dt  11.200000 rms  0.542  0.087% neg 0  invalid 762 tFOTS 0.0000 tGradient 1.6440 tsec 1.9580
#GCMRL#  335 dt  11.200000 rms  0.542  0.087% neg 0  invalid 762 tFOTS 0.0000 tGradient 1.6970 tsec 2.0100
#GCMRL#  336 dt  11.200000 rms  0.541  0.076% neg 0  invalid 762 tFOTS 0.0000 tGradient 1.6950 tsec 2.0070
#GCMRL#  337 dt  11.200000 rms  0.541  0.083% neg 0  invalid 762 tFOTS 0.0000 tGradient 1.6710 tsec 1.9720
#GCMRL#  338 dt  11.200000 rms  0.540  0.073% neg 0  invalid 762 tFOTS 0.0000 tGradient 1.7040 tsec 2.0130
#GCMRL#  339 dt  11.200000 rms  0.540  0.066% neg 0  invalid 762 tFOTS 0.0000 tGradient 1.6810 tsec 1.9860
#GCMRL#  340 dt  11.200000 rms  0.540  0.067% neg 0  invalid 762 tFOTS 0.0000 tGradient 1.7400 tsec 2.0560
#GCMRL#  341 dt  11.200000 rms  0.539  0.068% neg 0  invalid 762 tFOTS 0.0000 tGradient 1.7170 tsec 2.0650
#GCMRL#  342 dt  11.200000 rms  0.539  0.065% neg 0  invalid 762 tFOTS 0.0000 tGradient 1.7510 tsec 2.0510
#GCMRL#  343 dt  11.200000 rms  0.539  0.067% neg 0  invalid 762 tFOTS 0.0000 tGradient 1.7010 tsec 2.0220
#GCMRL#  344 dt  11.200000 rms  0.538  0.066% neg 0  invalid 762 tFOTS 0.0000 tGradient 1.6780 tsec 1.9820
#GCMRL#  345 dt  11.200000 rms  0.538  0.057% neg 0  invalid 762 tFOTS 0.0000 tGradient 1.6920 tsec 1.9980
#GCMRL#  346 dt  11.200000 rms  0.538  0.046% neg 0  invalid 762 tFOTS 0.0000 tGradient 1.6990 tsec 1.9990
#GCMRL#  347 dt  11.200000 rms  0.537  0.044% neg 0  invalid 762 tFOTS 0.0000 tGradient 1.6980 tsec 2.0020
#GCMRL#  348 dt  11.200000 rms  0.537  0.053% neg 0  invalid 762 tFOTS 0.0000 tGradient 1.6910 tsec 1.9930
#GCMRL#  349 dt  11.200000 rms  0.537  0.044% neg 0  invalid 762 tFOTS 0.0000 tGradient 1.6760 tsec 1.9810
#GCMRL#  350 dt  11.200000 rms  0.537  0.061% neg 0  invalid 762 tFOTS 0.0000 tGradient 1.6450 tsec 1.9500
#GCMRL#  351 dt  11.200000 rms  0.536  0.050% neg 0  invalid 762 tFOTS 0.0000 tGradient 1.6850 tsec 1.9880
#GCMRL#  352 dt  11.200000 rms  0.536  0.048% neg 0  invalid 762 tFOTS 0.0000 tGradient 1.6470 tsec 1.9500
#GCMRL#  353 dt  11.200000 rms  0.536  0.053% neg 0  invalid 762 tFOTS 0.0000 tGradient 1.6830 tsec 1.9850
#GCMRL#  354 dt  11.200000 rms  0.536  0.044% neg 0  invalid 762 tFOTS 0.0000 tGradient 1.6940 tsec 2.0030
#GCMRL#  355 dt  11.200000 rms  0.535  0.050% neg 0  invalid 762 tFOTS 0.0000 tGradient 1.6680 tsec 1.9720
#GCMRL#  356 dt  11.200000 rms  0.535  0.041% neg 0  invalid 762 tFOTS 0.0000 tGradient 1.6690 tsec 1.9760
#GCMRL#  357 dt  11.200000 rms  0.535  0.040% neg 0  invalid 762 tFOTS 0.0000 tGradient 1.6500 tsec 1.9520
#GCMRL#  358 dt  11.200000 rms  0.535  0.043% neg 0  invalid 762 tFOTS 0.0000 tGradient 1.6430 tsec 1.9430
#GCMRL#  359 dt  11.200000 rms  0.534  0.041% neg 0  invalid 762 tFOTS 0.0000 tGradient 1.6760 tsec 1.9840
#GCMRL#  360 dt  11.200000 rms  0.534  0.028% neg 0  invalid 762 tFOTS 0.0000 tGradient 1.7340 tsec 2.0440
#GCMRL#  361 dt  11.200000 rms  0.534  0.027% neg 0  invalid 762 tFOTS 0.0000 tGradient 1.6890 tsec 1.9990
#GCMRL#  362 dt  11.200000 rms  0.534  0.030% neg 0  invalid 762 tFOTS 0.0000 tGradient 1.6950 tsec 2.0080
#GCMRL#  363 dt  11.200000 rms  0.534  0.040% neg 0  invalid 762 tFOTS 0.0000 tGradient 1.6870 tsec 1.9970
#GCMRL#  364 dt  11.200000 rms  0.533  0.037% neg 0  invalid 762 tFOTS 0.0000 tGradient 1.6630 tsec 1.9720
#GCMRL#  365 dt  11.200000 rms  0.533  0.037% neg 0  invalid 762 tFOTS 0.0000 tGradient 1.6440 tsec 1.9490
#GCMRL#  366 dt  11.200000 rms  0.533  0.032% neg 0  invalid 762 tFOTS 0.0000 tGradient 1.6910 tsec 2.0000
#GCMRL#  367 dt  11.200000 rms  0.533  0.023% neg 0  invalid 762 tFOTS 0.0000 tGradient 1.6610 tsec 1.9770
#GCMRL#  368 dt  11.200000 rms  0.533  0.012% neg 0  invalid 762 tFOTS 0.0000 tGradient 1.9410 tsec 2.3060
#GCMRL#  369 dt  32.000000 rms  0.533  0.028% neg 0  invalid 762 tFOTS 4.0380 tGradient 1.7180 tsec 6.0830
#FOTS# QuadFit found better minimum quadopt=(dt=11.2,rms=0.532746) vs oldopt=(dt=8,rms=0.532747)
#GCMRL#  370 dt  11.200000 rms  0.533  0.000% neg 0  invalid 762 tFOTS 4.0190 tGradient 1.7410 tsec 6.1020
#GCMRL#  371 dt  11.200000 rms  0.533  0.003% neg 0  invalid 762 tFOTS 0.0000 tGradient 1.7030 tsec 2.0200
setting smoothness cost coefficient to 0.400

#GCAMreg# pass 0 level1 2 level2 0 tsec 0 sigma 2
l_jacobian=1.00 l_label=1.00 l_log_likelihood=0.20 l_smoothness=0.40 
tol=5.00e-02, dt=5.00e-02, exp_k=20.0, momentum=0.90, levels=6, niter=500, lbl_dist=10.00, avgs=4, sigma=2.0,type=2, relabel=0, neg=no

blurring input image with Gaussian with sigma=2.000...
GCAMRegisterLevel(): init RMS 0.561064
#GCMRL#  373 dt   0.000000 rms  0.561  0.085% neg 0  invalid 762 tFOTS 4.0150 tGradient 1.4710 tsec 5.8040
#GCMRL#  374 dt   0.150000 rms  0.561  0.000% neg 0  invalid 762 tFOTS 4.0600 tGradient 1.4580 tsec 6.0740

#GCAMreg# pass 0 level1 2 level2 1 tsec 23.196 sigma 0.5
l_jacobian=1.00 l_label=1.00 l_log_likelihood=0.20 l_smoothness=0.40 
tol=5.00e-02, dt=5.00e-02, exp_k=20.0, momentum=0.90, levels=6, niter=500, lbl_dist=10.00, avgs=4, sigma=0.5,type=2, relabel=0, neg=no

blurring input image with Gaussian with sigma=0.500...
GCAMRegisterLevel(): init RMS 0.561064
#GCMRL#  376 dt   0.000000 rms  0.561  0.085% neg 0  invalid 762 tFOTS 4.0770 tGradient 1.4560 tsec 5.8470
#GCMRL#  377 dt   0.150000 rms  0.561  0.000% neg 0  invalid 762 tFOTS 4.2330 tGradient 1.4740 tsec 6.2800
setting smoothness cost coefficient to 1.000

#GCAMreg# pass 0 level1 1 level2 0 tsec 0 sigma 2
l_jacobian=1.00 l_label=1.00 l_log_likelihood=0.20 l_smoothness=1.00 
tol=5.00e-02, dt=5.00e-02, exp_k=20.0, momentum=0.90, levels=6, niter=500, lbl_dist=10.00, avgs=1, sigma=2.0,type=2, relabel=0, neg=no

blurring input image with Gaussian with sigma=2.000...
GCAMRegisterLevel(): init RMS 0.616028
#FOTS# QuadFit found better minimum quadopt=(dt=1.536,rms=0.611011) vs oldopt=(dt=1.28,rms=0.611077)
#GCMRL#  379 dt   1.536000 rms  0.611  0.814% neg 0  invalid 762 tFOTS 4.1410 tGradient 1.2550 tsec 5.7780
#GCMRL#  380 dt   0.320000 rms  0.611  0.000% neg 0  invalid 762 tFOTS 4.0890 tGradient 1.3560 tsec 5.7890

#GCAMreg# pass 0 level1 1 level2 1 tsec 22.772 sigma 0.5
l_jacobian=1.00 l_label=1.00 l_log_likelihood=0.20 l_smoothness=1.00 
tol=5.00e-02, dt=5.00e-02, exp_k=20.0, momentum=0.90, levels=6, niter=500, lbl_dist=10.00, avgs=1, sigma=0.5,type=2, relabel=0, neg=no

blurring input image with Gaussian with sigma=0.500...
GCAMRegisterLevel(): init RMS 0.611346
#FOTS# QuadFit found better minimum quadopt=(dt=0.768,rms=0.610317) vs oldopt=(dt=1.28,rms=0.610506)
#GCMRL#  382 dt   0.768000 rms  0.610  0.168% neg 0  invalid 762 tFOTS 4.1550 tGradient 1.5920 tsec 6.0650
#FOTS# QuadFit found better minimum quadopt=(dt=0.256,rms=0.610255) vs oldopt=(dt=0.32,rms=0.610255)
#GCMRL#  383 dt   0.256000 rms  0.610  0.000% neg 0  invalid 762 tFOTS 4.0810 tGradient 1.2540 tsec 5.6680
resetting metric properties...
setting smoothness cost coefficient to 2.000

#GCAMreg# pass 0 level1 0 level2 0 tsec 0 sigma 2
l_jacobian=1.00 l_label=1.00 l_log_likelihood=0.20 l_smoothness=2.00 
tol=5.00e-02, dt=5.00e-02, exp_k=20.0, momentum=0.90, levels=6, niter=500, lbl_dist=10.00, avgs=0, sigma=2.0,type=2, relabel=0, neg=no

blurring input image with Gaussian with sigma=2.000...
GCAMRegisterLevel(): init RMS 0.548897
#FOTS# QuadFit found better minimum quadopt=(dt=0.448,rms=0.53295) vs oldopt=(dt=0.32,rms=0.537234)
#GCMRL#  385 dt   0.448000 rms  0.533  2.905% neg 0  invalid 762 tFOTS 3.9030 tGradient 0.8270 tsec 5.0580
#FOTS# QuadFit found better minimum quadopt=(dt=0.384,rms=0.529003) vs oldopt=(dt=0.32,rms=0.529649)
#GCMRL#  386 dt   0.384000 rms  0.529  0.741% neg 0  invalid 762 tFOTS 3.9810 tGradient 0.8100 tsec 5.1110
#FOTS# QuadFit found better minimum quadopt=(dt=0.384,rms=0.526431) vs oldopt=(dt=0.32,rms=0.52686)
#GCMRL#  387 dt   0.384000 rms  0.526  0.486% neg 0  invalid 762 tFOTS 3.9500 tGradient 0.8210 tsec 5.0940
#FOTS# QuadFit found better minimum quadopt=(dt=0.384,rms=0.524864) vs oldopt=(dt=0.32,rms=0.525117)
#GCMRL#  388 dt   0.384000 rms  0.525  0.298% neg 0  invalid 762 tFOTS 3.7810 tGradient 0.8130 tsec 4.9090
#FOTS# QuadFit found better minimum quadopt=(dt=0.384,rms=0.523799) vs oldopt=(dt=0.32,rms=0.523978)
#GCMRL#  389 dt   0.384000 rms  0.524  0.203% neg 0  invalid 762 tFOTS 3.7700 tGradient 0.8420 tsec 4.9290
#FOTS# QuadFit found better minimum quadopt=(dt=0.384,rms=0.52299) vs oldopt=(dt=0.32,rms=0.523119)
#GCMRL#  390 dt   0.384000 rms  0.523  0.155% neg 0  invalid 762 tFOTS 3.7420 tGradient 0.8030 tsec 4.8600
#FOTS# QuadFit found better minimum quadopt=(dt=0.384,rms=0.522357) vs oldopt=(dt=0.32,rms=0.522461)
#GCMRL#  391 dt   0.384000 rms  0.522  0.121% neg 0  invalid 762 tFOTS 3.8480 tGradient 0.8000 tsec 4.9640
#FOTS# QuadFit found better minimum quadopt=(dt=0.384,rms=0.521865) vs oldopt=(dt=0.32,rms=0.521937)
#GCMRL#  392 dt   0.384000 rms  0.522  0.094% neg 0  invalid 762 tFOTS 4.0380 tGradient 0.8190 tsec 5.1880
#FOTS# QuadFit found better minimum quadopt=(dt=0.384,rms=0.521474) vs oldopt=(dt=0.32,rms=0.521539)
#GCMRL#  393 dt   0.384000 rms  0.521  0.075% neg 0  invalid 762 tFOTS 4.0230 tGradient 0.8140 tsec 5.1730
#FOTS# QuadFit found better minimum quadopt=(dt=0.384,rms=0.521126) vs oldopt=(dt=0.32,rms=0.521175)
#GCMRL#  394 dt   0.384000 rms  0.521  0.067% neg 0  invalid 762 tFOTS 4.0310 tGradient 0.8100 tsec 5.1710
#FOTS# QuadFit found better minimum quadopt=(dt=0.384,rms=0.520832) vs oldopt=(dt=0.32,rms=0.520877)
#GCMRL#  395 dt   0.384000 rms  0.521  0.057% neg 0  invalid 762 tFOTS 4.0220 tGradient 0.8140 tsec 5.1680
#FOTS# QuadFit found better minimum quadopt=(dt=0.384,rms=0.520585) vs oldopt=(dt=0.32,rms=0.520617)
#GCMRL#  396 dt   0.384000 rms  0.521  0.000% neg 0  invalid 762 tFOTS 4.0370 tGradient 0.8480 tsec 5.2950
#GCMRL#  397 dt   0.384000 rms  0.520  0.041% neg 0  invalid 762 tFOTS 0.0000 tGradient 0.8110 tsec 1.1330
#GCMRL#  398 dt   0.384000 rms  0.520  0.070% neg 0  invalid 762 tFOTS 0.0000 tGradient 0.8120 tsec 1.1370
#GCMRL#  399 dt   0.192000 rms  0.520  0.013% neg 0  invalid 762 tFOTS 0.0000 tGradient 0.8220 tsec 1.4720
#GCMRL#  400 dt   0.192000 rms  0.520  0.026% neg 0  invalid 762 tFOTS 0.0000 tGradient 0.8030 tsec 1.1250
#GCMRL#  401 dt   0.192000 rms  0.520  0.041% neg 0  invalid 762 tFOTS 0.0000 tGradient 0.7620 tsec 1.0860
#GCMRL#  402 dt   0.192000 rms  0.519  0.041% neg 0  invalid 762 tFOTS 0.0000 tGradient 0.8370 tsec 1.1780
#GCMRL#  403 dt   0.192000 rms  0.519  0.006% neg 0  invalid 762 tFOTS 0.0000 tGradient 0.8300 tsec 1.3160
#GCMRL#  404 dt   0.192000 rms  0.519  0.016% neg 0  invalid 762 tFOTS 0.0000 tGradient 0.8130 tsec 1.1240
#GCMRL#  405 dt   0.192000 rms  0.519  0.008% neg 0  invalid 762 tFOTS 0.0000 tGradient 0.8110 tsec 1.3150
#GCMRL#  406 dt   0.320000 rms  0.519  0.011% neg 0  invalid 762 tFOTS 3.9990 tGradient 0.8100 tsec 5.1390
#FOTS# QuadFit found better minimum quadopt=(dt=0.384,rms=0.5191) vs oldopt=(dt=0.32,rms=0.519106)
#GCMRL#  407 dt   0.384000 rms  0.519  0.012% neg 0  invalid 762 tFOTS 3.9720 tGradient 0.8130 tsec 5.1180
#FOTS# QuadFit found better minimum quadopt=(dt=0.384,rms=0.519046) vs oldopt=(dt=0.32,rms=0.519048)
#GCMRL#  408 dt   0.384000 rms  0.519  0.000% neg 0  invalid 762 tFOTS 3.8850 tGradient 0.7840 tsec 5.0170
#GCMRL#  409 dt   0.384000 rms  0.519  0.013% neg 0  invalid 762 tFOTS 0.0000 tGradient 0.7570 tsec 1.0810
#GCMRL#  410 dt   0.384000 rms  0.519  0.017% neg 0  invalid 762 tFOTS 0.0000 tGradient 0.8150 tsec 1.1350
#GCMRL#  411 dt   0.384000 rms  0.519  0.006% neg 0  invalid 762 tFOTS 0.0000 tGradient 0.7870 tsec 1.2770
#GCMRL#  412 dt   0.192000 rms  0.519  0.010% neg 0  invalid 762 tFOTS 0.0000 tGradient 0.7850 tsec 1.4180

#GCAMreg# pass 0 level1 0 level2 1 tsec 102.745 sigma 0.5
l_jacobian=1.00 l_label=1.00 l_log_likelihood=0.20 l_smoothness=2.00 
tol=5.00e-02, dt=5.00e-02, exp_k=20.0, momentum=0.90, levels=6, niter=500, lbl_dist=10.00, avgs=0, sigma=0.5,type=2, relabel=0, neg=no

blurring input image with Gaussian with sigma=0.500...
GCAMRegisterLevel(): init RMS 0.519322
#GCMRL#  414 dt   0.320000 rms  0.515  0.836% neg 0  invalid 762 tFOTS 3.8990 tGradient 0.7950 tsec 5.0210
#FOTS# QuadFit found better minimum quadopt=(dt=0.448,rms=0.512834) vs oldopt=(dt=0.32,rms=0.513426)
#GCMRL#  415 dt   0.448000 rms  0.513  0.417% neg 0  invalid 762 tFOTS 3.9180 tGradient 0.8030 tsec 5.0390
#FOTS# QuadFit found better minimum quadopt=(dt=0.448,rms=0.512253) vs oldopt=(dt=0.32,rms=0.512414)
#GCMRL#  416 dt   0.448000 rms  0.512  0.113% neg 0  invalid 762 tFOTS 3.9380 tGradient 0.8000 tsec 5.0660
#FOTS# QuadFit found better minimum quadopt=(dt=0.448,rms=0.511984) vs oldopt=(dt=0.32,rms=0.512053)
#GCMRL#  417 dt   0.448000 rms  0.512  0.053% neg 0  invalid 762 tFOTS 3.9140 tGradient 0.8170 tsec 5.0590
#FOTS# QuadFit found better minimum quadopt=(dt=0.448,rms=0.511793) vs oldopt=(dt=0.32,rms=0.51183)
#GCMRL#  418 dt   0.448000 rms  0.512  0.000% neg 0  invalid 762 tFOTS 3.9600 tGradient 0.8170 tsec 5.1190
#GCMRL#  419 dt   0.448000 rms  0.512  0.017% neg 0  invalid 762 tFOTS 0.0000 tGradient 0.8030 tsec 1.1190
#GCMRL#  420 dt   0.448000 rms  0.511  0.045% neg 0  invalid 762 tFOTS 0.0000 tGradient 0.8010 tsec 1.1560
#GCMRL#  421 dt   0.448000 rms  0.511 -0.001% neg 0  invalid 762 tFOTS 0.0000 tGradient 0.9170 tsec 1.7310
#FOTS# QuadFit found better minimum quadopt=(dt=0.192,rms=0.511463) vs oldopt=(dt=0.32,rms=0.511467)
#GCMRL#  422 dt   0.192000 rms  0.511  0.003% neg 0  invalid 762 tFOTS 4.0360 tGradient 0.8320 tsec 5.1970
#FOTS# QuadFit found better minimum quadopt=(dt=0.384,rms=0.511412) vs oldopt=(dt=0.32,rms=0.511421)
#GCMRL#  423 dt   0.384000 rms  0.511  0.010% neg 0  invalid 762 tFOTS 4.1680 tGradient 0.8070 tsec 5.3500
#FOTS# QuadFit found better minimum quadopt=(dt=0.112,rms=0.511381) vs oldopt=(dt=0.08,rms=0.511384)
GCAMregister done in 24.6348 min
********************* ALLOWING NEGATIVE NODES IN DEFORMATION********************************
noneg post
Starting GCAMregister()
label assignment complete, 0 changed (0.00%)
npasses = 1, nlevels = 6
#pass# 1 of 1 ************************
enabling zero nodes
setting smoothness cost coefficient to 0.008

#GCAMreg# pass 0 level1 5 level2 0 tsec 0 sigma 2
l_jacobian=1.00 l_label=1.00 l_log_likelihood=0.20 l_smoothness=0.01 
tol=2.50e-01, dt=5.00e-02, exp_k=20.0, momentum=0.90, levels=6, niter=500, lbl_dist=10.00, avgs=256, sigma=2.0,type=2, relabel=0, neg=yes

blurring input image with Gaussian with sigma=2.000...
GCAMRegisterLevel(): init RMS 0.509421
#GCMRL#  425 dt   0.022578 rms  0.509  0.109% neg 0  invalid 762 tFOTS 5.0530 tGradient 2.6440 tsec 8.0270

#GCAMreg# pass 0 level1 5 level2 1 tsec 25.475 sigma 0.5
l_jacobian=1.00 l_label=1.00 l_log_likelihood=0.20 l_smoothness=0.01 
tol=2.50e-01, dt=5.00e-02, exp_k=20.0, momentum=0.90, levels=6, niter=500, lbl_dist=10.00, avgs=256, sigma=0.5,type=2, relabel=0, neg=yes

blurring input image with Gaussian with sigma=0.500...
GCAMRegisterLevel(): init RMS 0.509421
#GCMRL#  427 dt  92.480000 rms  0.509  0.131% neg 0  invalid 762 tFOTS 4.8570 tGradient 2.7500 tsec 7.9300
#GCMRL#  428 dt 369.920000 rms  0.508  0.000% neg 0  invalid 762 tFOTS 4.8090 tGradient 2.5300 tsec 7.6860
setting smoothness cost coefficient to 0.031

#GCAMreg# pass 0 level1 4 level2 0 tsec 0 sigma 2
l_jacobian=1.00 l_label=1.00 l_log_likelihood=0.20 l_smoothness=0.03 
tol=2.50e-01, dt=5.00e-02, exp_k=20.0, momentum=0.90, levels=6, niter=500, lbl_dist=10.00, avgs=64, sigma=2.0,type=2, relabel=0, neg=yes

blurring input image with Gaussian with sigma=2.000...
GCAMRegisterLevel(): init RMS 0.508978
#FOTS# QuadFit found better minimum quadopt=(dt=22.8571,rms=0.508144) vs oldopt=(dt=25.92,rms=0.508151)
#GCMRL#  430 dt  22.857143 rms  0.508  0.164% neg 0  invalid 762 tFOTS 5.1470 tGradient 2.0300 tsec 7.5470
#FOTS# QuadFit found better minimum quadopt=(dt=20.736,rms=0.508063) vs oldopt=(dt=25.92,rms=0.508071)
#GCMRL#  431 dt  20.736000 rms  0.508  0.000% neg 0  invalid 762 tFOTS 4.9860 tGradient 2.3510 tsec 7.6920
#GCMRL#  432 dt  20.736000 rms  0.508  0.017% neg 0  invalid 762 tFOTS 0.0000 tGradient 2.2310 tsec 2.5970

#GCAMreg# pass 0 level1 4 level2 1 tsec 29.728 sigma 0.5
l_jacobian=1.00 l_label=1.00 l_log_likelihood=0.20 l_smoothness=0.03 
tol=2.50e-01, dt=5.00e-02, exp_k=20.0, momentum=0.90, levels=6, niter=500, lbl_dist=10.00, avgs=64, sigma=0.5,type=2, relabel=0, neg=yes

blurring input image with Gaussian with sigma=0.500...
GCAMRegisterLevel(): init RMS 0.508527
#FOTS# QuadFit found better minimum quadopt=(dt=68.1937,rms=0.506407) vs oldopt=(dt=103.68,rms=0.506811)
#GCMRL#  434 dt  68.193732 rms  0.506  0.417% neg 0  invalid 762 tFOTS 4.9580 tGradient 2.0080 tsec 7.2970
#FOTS# QuadFit found better minimum quadopt=(dt=36.288,rms=0.50567) vs oldopt=(dt=25.92,rms=0.505809)
#GCMRL#  435 dt  36.288000 rms  0.506  0.000% neg 0  invalid 762 tFOTS 5.0270 tGradient 2.1540 tsec 7.5760
#GCMRL#  436 dt  36.288000 rms  0.505  0.084% neg 0  invalid 762 tFOTS 0.0000 tGradient 2.1180 tsec 2.4350
#GCMRL#  437 dt  36.288000 rms  0.505  0.129% neg 0  invalid 762 tFOTS 0.0000 tGradient 2.1260 tsec 2.4910
#GCMRL#  438 dt  36.288000 rms  0.504  0.146% neg 0  invalid 762 tFOTS 0.0000 tGradient 2.1750 tsec 2.5050
#GCMRL#  439 dt  36.288000 rms  0.503  0.134% neg 0  invalid 762 tFOTS 0.0000 tGradient 2.0510 tsec 2.3650
#GCMRL#  440 dt  36.288000 rms  0.503  0.125% neg 0  invalid 762 tFOTS 0.0000 tGradient 1.9850 tsec 2.3010
#GCMRL#  441 dt  36.288000 rms  0.502  0.101% neg 0  invalid 762 tFOTS 0.0000 tGradient 2.0390 tsec 2.4180
#FOTS# QuadFit found better minimum quadopt=(dt=124.416,rms=0.501777) vs oldopt=(dt=103.68,rms=0.501779)
#GCMRL#  442 dt 124.416000 rms  0.502  0.000% neg 0  invalid 762 tFOTS 4.8960 tGradient 2.0800 tsec 7.3340
setting smoothness cost coefficient to 0.118

#GCAMreg# pass 0 level1 3 level2 0 tsec 0 sigma 2
l_jacobian=1.00 l_label=1.00 l_log_likelihood=0.20 l_smoothness=0.12 
tol=2.50e-01, dt=5.00e-02, exp_k=20.0, momentum=0.90, levels=6, niter=500, lbl_dist=10.00, avgs=16, sigma=2.0,type=2, relabel=0, neg=yes

blurring input image with Gaussian with sigma=2.000...
GCAMRegisterLevel(): init RMS 0.502662
#FOTS# QuadFit found better minimum quadopt=(dt=11.2,rms=0.500545) vs oldopt=(dt=8,rms=0.500858)
#GCMRL#  444 dt  11.200000 rms  0.501  0.421% neg 0  invalid 762 tFOTS 4.9050 tGradient 1.7490 tsec 6.9890
#FOTS# QuadFit found better minimum quadopt=(dt=31.5102,rms=0.499109) vs oldopt=(dt=32,rms=0.499113)
iter 0, gcam->neg = 1
after 5 iterations, nbhd size=0, neg = 0
#GCMRL#  445 dt  31.510204 rms  0.499  0.278% neg 0  invalid 762 tFOTS 4.7610 tGradient 1.7380 tsec 9.2610
#FOTS# QuadFit found better minimum quadopt=(dt=44.8,rms=0.49751) vs oldopt=(dt=32,rms=0.497611)
iter 0, gcam->neg = 1
after 0 iterations, nbhd size=0, neg = 0
#GCMRL#  446 dt  44.800000 rms  0.498  0.329% neg 0  invalid 762 tFOTS 4.7480 tGradient 1.4320 tsec 7.2450
#FOTS# QuadFit found better minimum quadopt=(dt=24.8492,rms=0.496678) vs oldopt=(dt=32,rms=0.496808)
iter 0, gcam->neg = 2
after 9 iterations, nbhd size=1, neg = 0
#GCMRL#  447 dt  24.849162 rms  0.497  0.000% neg 0  invalid 762 tFOTS 4.8940 tGradient 1.4250 tsec 10.5570
iter 0, gcam->neg = 1
after 1 iterations, nbhd size=0, neg = 0
#GCMRL#  448 dt  24.849162 rms  0.496  0.226% neg 0  invalid 762 tFOTS 0.0000 tGradient 1.3630 tsec 2.7380
iter 0, gcam->neg = 1
after 0 iterations, nbhd size=0, neg = 0
#GCMRL#  449 dt  24.849162 rms  0.495  0.201% neg 0  invalid 762 tFOTS 0.0000 tGradient 1.5300 tsec 2.5700
iter 0, gcam->neg = 9
after 9 iterations, nbhd size=1, neg = 0
#GCMRL#  450 dt  24.849162 rms  0.495 -0.018% neg 0  invalid 762 tFOTS 0.0000 tGradient 1.3900 tsec 5.7660
#FOTS# QuadFit found better minimum quadopt=(dt=9.6,rms=0.494502) vs oldopt=(dt=8,rms=0.494506)
iter 0, gcam->neg = 1
after 8 iterations, nbhd size=1, neg = 0
#GCMRL#  451 dt   9.600000 rms  0.495  0.006% neg 0  invalid 762 tFOTS 4.7350 tGradient 1.3810 tsec 9.9480
#FOTS# QuadFit found better minimum quadopt=(dt=102.4,rms=0.493878) vs oldopt=(dt=128,rms=0.493985)
iter 0, gcam->neg = 9
after 7 iterations, nbhd size=0, neg = 0
#GCMRL#  452 dt 102.400000 rms  0.494  0.141% neg 0  invalid 762 tFOTS 4.5440 tGradient 1.3730 tsec 9.4000
#FOTS# QuadFit found better minimum quadopt=(dt=11.2,rms=0.493331) vs oldopt=(dt=8,rms=0.49344)

#GCAMreg# pass 0 level1 3 level2 1 tsec 80.427 sigma 0.5
l_jacobian=1.00 l_label=1.00 l_log_likelihood=0.20 l_smoothness=0.12 
tol=2.50e-01, dt=5.00e-02, exp_k=20.0, momentum=0.90, levels=6, niter=500, lbl_dist=10.00, avgs=16, sigma=0.5,type=2, relabel=0, neg=yes

blurring input image with Gaussian with sigma=0.500...
GCAMRegisterLevel(): init RMS 0.493924
#FOTS# QuadFit found better minimum quadopt=(dt=40.6078,rms=0.487518) vs oldopt=(dt=32,rms=0.487726)
#GCMRL#  454 dt  40.607803 rms  0.488  1.297% neg 0  invalid 762 tFOTS 4.9160 tGradient 1.3810 tsec 6.6130
#FOTS# QuadFit found better minimum quadopt=(dt=21.7844,rms=0.485603) vs oldopt=(dt=32,rms=0.486056)
#GCMRL#  455 dt  21.784355 rms  0.486  0.393% neg 0  invalid 762 tFOTS 4.9370 tGradient 1.3900 tsec 6.6500
#FOTS# QuadFit found better minimum quadopt=(dt=25.6,rms=0.484294) vs oldopt=(dt=32,rms=0.48435)
#GCMRL#  456 dt  25.600000 rms  0.484  0.270% neg 0  invalid 762 tFOTS 4.9760 tGradient 1.4150 tsec 6.7170
#FOTS# QuadFit found better minimum quadopt=(dt=11.2,rms=0.483692) vs oldopt=(dt=8,rms=0.483812)
#GCMRL#  457 dt  11.200000 rms  0.484  0.000% neg 0  invalid 762 tFOTS 4.9890 tGradient 1.3810 tsec 6.7220
#GCMRL#  458 dt  11.200000 rms  0.483  0.072% neg 0  invalid 762 tFOTS 0.0000 tGradient 1.3470 tsec 1.6580
iter 0, gcam->neg = 1
after 2 iterations, nbhd size=0, neg = 0
#GCMRL#  459 dt  11.200000 rms  0.483  0.125% neg 0  invalid 762 tFOTS 0.0000 tGradient 1.3710 tsec 3.1620
#GCMRL#  460 dt  11.200000 rms  0.482  0.166% neg 0  invalid 762 tFOTS 0.0000 tGradient 1.3810 tsec 1.6910
iter 0, gcam->neg = 1
after 2 iterations, nbhd size=0, neg = 0
#GCMRL#  461 dt  11.200000 rms  0.481  0.174% neg 0  invalid 762 tFOTS 0.0000 tGradient 1.3760 tsec 3.1920
#GCMRL#  462 dt  11.200000 rms  0.480  0.173% neg 0  invalid 762 tFOTS 0.0000 tGradient 1.3830 tsec 1.6830
#GCMRL#  463 dt  11.200000 rms  0.480  0.146% neg 0  invalid 762 tFOTS 0.0000 tGradient 1.3820 tsec 1.6900
#GCMRL#  464 dt  11.200000 rms  0.479  0.139% neg 0  invalid 762 tFOTS 0.0000 tGradient 1.3780 tsec 1.6720
iter 0, gcam->neg = 1
after 6 iterations, nbhd size=1, neg = 0
#GCMRL#  465 dt  11.200000 rms  0.478  0.136% neg 0  invalid 762 tFOTS 0.0000 tGradient 1.3720 tsec 4.4990
#GCMRL#  466 dt  11.200000 rms  0.478  0.132% neg 0  invalid 762 tFOTS 0.0000 tGradient 1.3820 tsec 1.6900
#GCMRL#  467 dt  11.200000 rms  0.477  0.132% neg 0  invalid 762 tFOTS 0.0000 tGradient 1.3400 tsec 1.6450
iter 0, gcam->neg = 1
after 0 iterations, nbhd size=0, neg = 0
#GCMRL#  468 dt  11.200000 rms  0.476  0.125% neg 0  invalid 762 tFOTS 0.0000 tGradient 1.3870 tsec 2.4610
#GCMRL#  469 dt  11.200000 rms  0.476  0.120% neg 0  invalid 762 tFOTS 0.0000 tGradient 1.4270 tsec 1.7540
iter 0, gcam->neg = 1
after 4 iterations, nbhd size=0, neg = 0
#GCMRL#  470 dt  11.200000 rms  0.475  0.111% neg 0  invalid 762 tFOTS 0.0000 tGradient 1.3820 tsec 3.8280
#FOTS# QuadFit found better minimum quadopt=(dt=25.6,rms=0.475188) vs oldopt=(dt=32,rms=0.475195)
#GCMRL#  471 dt  25.600000 rms  0.475  0.000% neg 0  invalid 762 tFOTS 4.6700 tGradient 1.3930 tsec 6.4080
#GCMRL#  472 dt  25.600000 rms  0.475  0.018% neg 0  invalid 762 tFOTS 0.0000 tGradient 1.3860 tsec 1.6990
#GCMRL#  473 dt  25.600000 rms  0.475  0.037% neg 0  invalid 762 tFOTS 0.0000 tGradient 1.3740 tsec 1.6850
#GCMRL#  474 dt  25.600000 rms  0.475  0.022% neg 0  invalid 762 tFOTS 0.0000 tGradient 1.3950 tsec 1.7020
#GCMRL#  475 dt  25.600000 rms  0.474  0.068% neg 0  invalid 762 tFOTS 0.0000 tGradient 1.5480 tsec 1.8870
setting smoothness cost coefficient to 0.400

#GCAMreg# pass 0 level1 2 level2 0 tsec 0 sigma 2
l_jacobian=1.00 l_label=1.00 l_log_likelihood=0.20 l_smoothness=0.40 
tol=2.50e-01, dt=5.00e-02, exp_k=20.0, momentum=0.90, levels=6, niter=500, lbl_dist=10.00, avgs=4, sigma=2.0,type=2, relabel=0, neg=yes

blurring input image with Gaussian with sigma=2.000...
GCAMRegisterLevel(): init RMS 0.480182
#FOTS# QuadFit found better minimum quadopt=(dt=1.33333,rms=0.479588) vs oldopt=(dt=0.72,rms=0.479613)
#GCMRL#  477 dt   1.333333 rms  0.480  0.124% neg 0  invalid 762 tFOTS 4.8210 tGradient 1.3840 tsec 6.5240
#FOTS# QuadFit found better minimum quadopt=(dt=0.864,rms=0.479593) vs oldopt=(dt=0.72,rms=0.479593)

#GCAMreg# pass 0 level1 2 level2 1 tsec 22.357 sigma 0.5
l_jacobian=1.00 l_label=1.00 l_log_likelihood=0.20 l_smoothness=0.40 
tol=2.50e-01, dt=5.00e-02, exp_k=20.0, momentum=0.90, levels=6, niter=500, lbl_dist=10.00, avgs=4, sigma=0.5,type=2, relabel=0, neg=yes

blurring input image with Gaussian with sigma=0.500...
GCAMRegisterLevel(): init RMS 0.480104
#FOTS# QuadFit found better minimum quadopt=(dt=4.032,rms=0.479381) vs oldopt=(dt=2.88,rms=0.479395)
#GCMRL#  479 dt   4.032000 rms  0.479  0.151% neg 0  invalid 762 tFOTS 4.9580 tGradient 1.2830 tsec 6.5640
#FOTS# QuadFit found better minimum quadopt=(dt=4.032,rms=0.479126) vs oldopt=(dt=2.88,rms=0.479158)
#GCMRL#  480 dt   4.032000 rms  0.479  0.000% neg 0  invalid 762 tFOTS 5.2340 tGradient 1.3640 tsec 6.9470
iter 0, gcam->neg = 1
after 4 iterations, nbhd size=0, neg = 0
#GCMRL#  481 dt   4.032000 rms  0.479  0.041% neg 0  invalid 762 tFOTS 0.0000 tGradient 1.4600 tsec 3.9800
iter 0, gcam->neg = 2
after 1 iterations, nbhd size=0, neg = 0
#GCMRL#  482 dt   4.032000 rms  0.479  0.038% neg 0  invalid 762 tFOTS 0.0000 tGradient 1.4690 tsec 2.9350
iter 0, gcam->neg = 2
after 2 iterations, nbhd size=0, neg = 0
setting smoothness cost coefficient to 1.000

#GCAMreg# pass 0 level1 1 level2 0 tsec 0 sigma 2
l_jacobian=1.00 l_label=1.00 l_log_likelihood=0.20 l_smoothness=1.00 
tol=2.50e-01, dt=5.00e-02, exp_k=20.0, momentum=0.90, levels=6, niter=500, lbl_dist=10.00, avgs=1, sigma=2.0,type=2, relabel=0, neg=yes

blurring input image with Gaussian with sigma=2.000...
GCAMRegisterLevel(): init RMS 0.485001
#GCMRL#  484 dt   0.000000 rms  0.484  0.114% neg 0  invalid 762 tFOTS 4.7510 tGradient 1.3050 tsec 6.3870

#GCAMreg# pass 0 level1 1 level2 1 tsec 22.498 sigma 0.5
l_jacobian=1.00 l_label=1.00 l_log_likelihood=0.20 l_smoothness=1.00 
tol=2.50e-01, dt=5.00e-02, exp_k=20.0, momentum=0.90, levels=6, niter=500, lbl_dist=10.00, avgs=1, sigma=0.5,type=2, relabel=0, neg=yes

blurring input image with Gaussian with sigma=0.500...
GCAMRegisterLevel(): init RMS 0.485001
#GCMRL#  486 dt   0.000050 rms  0.484  0.114% neg 0  invalid 762 tFOTS 6.4550 tGradient 1.3560 tsec 8.1400
resetting metric properties...
setting smoothness cost coefficient to 2.000

#GCAMreg# pass 0 level1 0 level2 0 tsec 0 sigma 2
l_jacobian=1.00 l_label=1.00 l_log_likelihood=0.20 l_smoothness=2.00 
tol=2.50e-01, dt=5.00e-02, exp_k=20.0, momentum=0.90, levels=6, niter=500, lbl_dist=10.00, avgs=0, sigma=2.0,type=2, relabel=0, neg=yes

blurring input image with Gaussian with sigma=2.000...
GCAMRegisterLevel(): init RMS 0.475429
#FOTS# QuadFit found better minimum quadopt=(dt=1.97864,rms=0.44376) vs oldopt=(dt=1.28,rms=0.447883)
iter 0, gcam->neg = 837
after 15 iterations, nbhd size=1, neg = 0
#GCMRL#  488 dt   1.978644 rms  0.446  6.224% neg 0  invalid 762 tFOTS 4.8730 tGradient 0.8310 tsec 12.2130
#FOTS# QuadFit found better minimum quadopt=(dt=0.028,rms=0.44581) vs oldopt=(dt=0.02,rms=0.445817)
#GCMRL#  489 dt   0.028000 rms  0.446  0.000% neg 0  invalid 762 tFOTS 4.8970 tGradient 0.7740 tsec 6.0190

#GCAMreg# pass 0 level1 0 level2 1 tsec 28.875 sigma 0.5
l_jacobian=1.00 l_label=1.00 l_log_likelihood=0.20 l_smoothness=2.00 
tol=2.50e-01, dt=5.00e-02, exp_k=20.0, momentum=0.90, levels=6, niter=500, lbl_dist=10.00, avgs=0, sigma=0.5,type=2, relabel=0, neg=yes

blurring input image with Gaussian with sigma=0.500...
GCAMRegisterLevel(): init RMS 0.446478
#GCMRL#  491 dt   0.080000 rms  0.446  0.215% neg 0  invalid 762 tFOTS 4.9850 tGradient 0.7870 tsec 6.0960
#FOTS# QuadFit found better minimum quadopt=(dt=0.007,rms=0.445522) vs oldopt=(dt=0.005,rms=0.445523)
label assignment complete, 0 changed (0.00%)
GCAMregister done in 6.64317 min
Starting GCAMcomputeMaxPriorLabels()
Morphing with label term set to 0 *******************************
Starting GCAMregister()
label assignment complete, 0 changed (0.00%)
npasses = 1, nlevels = 6
#pass# 1 of 1 ************************
enabling zero nodes
setting smoothness cost coefficient to 0.008

#GCAMreg# pass 0 level1 5 level2 0 tsec 0 sigma 2
l_jacobian=1.00 l_log_likelihood=0.20 l_smoothness=0.01 
tol=2.50e-01, dt=5.00e-02, exp_k=20.0, momentum=0.90, levels=6, niter=500, lbl_dist=10.00, avgs=256, sigma=2.0,type=2, relabel=0, neg=yes

blurring input image with Gaussian with sigma=2.000...
GCAMRegisterLevel(): init RMS 0.432706

#GCAMreg# pass 0 level1 5 level2 1 tsec 15.205 sigma 0.5
l_jacobian=1.00 l_log_likelihood=0.20 l_smoothness=0.01 
tol=2.50e-01, dt=5.00e-02, exp_k=20.0, momentum=0.90, levels=6, niter=500, lbl_dist=10.00, avgs=256, sigma=0.5,type=2, relabel=0, neg=yes

blurring input image with Gaussian with sigma=0.500...
GCAMRegisterLevel(): init RMS 0.432706
#FOTS# QuadFit found better minimum quadopt=(dt=32.368,rms=0.432679) vs oldopt=(dt=23.12,rms=0.432684)
#GCMRL#  494 dt  32.368000 rms  0.433  0.006% neg 0  invalid 762 tFOTS 4.6350 tGradient 1.2470 tsec 6.1940
#FOTS# QuadFit found better minimum quadopt=(dt=8.092,rms=0.432679) vs oldopt=(dt=5.78,rms=0.432679)
#GCMRL#  495 dt   8.092000 rms  0.433  0.000% neg 0  invalid 762 tFOTS 4.5100 tGradient 1.2870 tsec 6.1220
setting smoothness cost coefficient to 0.031

#GCAMreg# pass 0 level1 4 level2 0 tsec 0 sigma 2
l_jacobian=1.00 l_log_likelihood=0.20 l_smoothness=0.03 
tol=2.50e-01, dt=5.00e-02, exp_k=20.0, momentum=0.90, levels=6, niter=500, lbl_dist=10.00, avgs=64, sigma=2.0,type=2, relabel=0, neg=yes

blurring input image with Gaussian with sigma=2.000...
GCAMRegisterLevel(): init RMS 0.432837

#GCAMreg# pass 0 level1 4 level2 1 tsec 15.059 sigma 0.5
l_jacobian=1.00 l_log_likelihood=0.20 l_smoothness=0.03 
tol=2.50e-01, dt=5.00e-02, exp_k=20.0, momentum=0.90, levels=6, niter=500, lbl_dist=10.00, avgs=64, sigma=0.5,type=2, relabel=0, neg=yes

blurring input image with Gaussian with sigma=0.500...
GCAMRegisterLevel(): init RMS 0.432837
#FOTS# QuadFit found better minimum quadopt=(dt=31.104,rms=0.43275) vs oldopt=(dt=25.92,rms=0.432753)
#GCMRL#  498 dt  31.104000 rms  0.433  0.020% neg 0  invalid 762 tFOTS 4.3390 tGradient 1.0750 tsec 5.7200
#FOTS# QuadFit found better minimum quadopt=(dt=36.288,rms=0.432699) vs oldopt=(dt=25.92,rms=0.432708)
#GCMRL#  499 dt  36.288000 rms  0.433  0.000% neg 0  invalid 762 tFOTS 4.5490 tGradient 1.0610 tsec 5.9510
#GCMRL#  500 dt  36.288000 rms  0.433  0.008% neg 0  invalid 762 tFOTS 0.0000 tGradient 1.0360 tsec 1.3290
#GCMRL#  501 dt  36.288000 rms  0.433  0.004% neg 0  invalid 762 tFOTS 0.0000 tGradient 1.0400 tsec 1.3300
setting smoothness cost coefficient to 0.118

#GCAMreg# pass 0 level1 3 level2 0 tsec 0 sigma 2
l_jacobian=1.00 l_log_likelihood=0.20 l_smoothness=0.12 
tol=2.50e-01, dt=5.00e-02, exp_k=20.0, momentum=0.90, levels=6, niter=500, lbl_dist=10.00, avgs=16, sigma=2.0,type=2, relabel=0, neg=yes

blurring input image with Gaussian with sigma=2.000...
GCAMRegisterLevel(): init RMS 0.433252
#FOTS# QuadFit found better minimum quadopt=(dt=6.4,rms=0.433118) vs oldopt=(dt=8,rms=0.433132)
#GCMRL#  503 dt   6.400000 rms  0.433  0.031% neg 0  invalid 762 tFOTS 4.8100 tGradient 1.0180 tsec 6.1880
#GCMRL#  504 dt   2.000000 rms  0.433  0.000% neg 0  invalid 762 tFOTS 4.7060 tGradient 1.2100 tsec 6.2560

#GCAMreg# pass 0 level1 3 level2 1 tsec 23.161 sigma 0.5
l_jacobian=1.00 l_log_likelihood=0.20 l_smoothness=0.12 
tol=2.50e-01, dt=5.00e-02, exp_k=20.0, momentum=0.90, levels=6, niter=500, lbl_dist=10.00, avgs=16, sigma=0.5,type=2, relabel=0, neg=yes

blurring input image with Gaussian with sigma=0.500...
GCAMRegisterLevel(): init RMS 0.433108
#FOTS# QuadFit found better minimum quadopt=(dt=66.5347,rms=0.43025) vs oldopt=(dt=32,rms=0.43083)
iter 0, gcam->neg = 3
after 8 iterations, nbhd size=1, neg = 0
#GCMRL#  506 dt  66.534653 rms  0.430  0.656% neg 0  invalid 762 tFOTS 4.5680 tGradient 0.9820 tsec 9.4770
#FOTS# QuadFit found better minimum quadopt=(dt=11.2,rms=0.429458) vs oldopt=(dt=8,rms=0.429619)
iter 0, gcam->neg = 3
after 7 iterations, nbhd size=1, neg = 0
#GCMRL#  507 dt  11.200000 rms  0.430  0.000% neg 0  invalid 762 tFOTS 4.5680 tGradient 0.9770 tsec 9.1170
#GCMRL#  508 dt  11.200000 rms  0.429  0.064% neg 0  invalid 762 tFOTS 0.0000 tGradient 1.0170 tsec 1.3810
iter 0, gcam->neg = 1
after 0 iterations, nbhd size=0, neg = 0
#GCMRL#  509 dt  11.200000 rms  0.429  0.067% neg 0  invalid 762 tFOTS 0.0000 tGradient 0.9740 tsec 2.0000
iter 0, gcam->neg = 6
after 6 iterations, nbhd size=0, neg = 0
#GCMRL#  510 dt  11.200000 rms  0.429  0.060% neg 0  invalid 762 tFOTS 0.0000 tGradient 0.9580 tsec 4.1210
iter 0, gcam->neg = 2
after 6 iterations, nbhd size=0, neg = 0
#GCMRL#  511 dt  11.200000 rms  0.428  0.104% neg 0  invalid 762 tFOTS 0.0000 tGradient 1.0180 tsec 4.2210
iter 0, gcam->neg = 5
after 10 iterations, nbhd size=1, neg = 0
#GCMRL#  512 dt  11.200000 rms  0.428  0.116% neg 0  invalid 762 tFOTS 0.0000 tGradient 0.9680 tsec 5.5790
iter 0, gcam->neg = 3
after 9 iterations, nbhd size=1, neg = 0
#GCMRL#  513 dt  11.200000 rms  0.427  0.129% neg 0  invalid 762 tFOTS 0.0000 tGradient 1.0360 tsec 5.3250
iter 0, gcam->neg = 7
after 11 iterations, nbhd size=1, neg = 0
#GCMRL#  514 dt  11.200000 rms  0.427  0.083% neg 0  invalid 762 tFOTS 0.0000 tGradient 0.9690 tsec 5.9720
iter 0, gcam->neg = 11
after 3 iterations, nbhd size=0, neg = 0
#GCMRL#  515 dt  11.200000 rms  0.426  0.102% neg 0  invalid 762 tFOTS 0.0000 tGradient 0.9650 tsec 3.1480
iter 0, gcam->neg = 9
after 10 iterations, nbhd size=1, neg = 0
#GCMRL#  516 dt  11.200000 rms  0.426  0.091% neg 0  invalid 762 tFOTS 0.0000 tGradient 0.9520 tsec 5.5200
#FOTS# QuadFit found better minimum quadopt=(dt=44.8,rms=0.425807) vs oldopt=(dt=32,rms=0.425829)
iter 0, gcam->neg = 3
after 7 iterations, nbhd size=1, neg = 0
#GCMRL#  517 dt  44.800000 rms  0.426  0.000% neg 0  invalid 762 tFOTS 3.8030 tGradient 0.9910 tsec 8.3350
iter 0, gcam->neg = 5
after 11 iterations, nbhd size=1, neg = 0
#GCMRL#  518 dt  44.800000 rms  0.426  0.040% neg 0  invalid 762 tFOTS 0.0000 tGradient 0.9380 tsec 5.8250
iter 0, gcam->neg = 6
after 13 iterations, nbhd size=1, neg = 0
#GCMRL#  519 dt  44.800000 rms  0.425  0.089% neg 0  invalid 762 tFOTS 0.0000 tGradient 0.9460 tsec 6.5360
iter 0, gcam->neg = 6
after 7 iterations, nbhd size=1, neg = 0
#GCMRL#  520 dt  44.800000 rms  0.425  0.019% neg 0  invalid 762 tFOTS 0.0000 tGradient 0.9490 tsec 4.4250
iter 0, gcam->neg = 6
after 7 iterations, nbhd size=1, neg = 0
#GCMRL#  521 dt  44.800000 rms  0.425  0.051% neg 0  invalid 762 tFOTS 0.0000 tGradient 0.9390 tsec 4.4480
iter 0, gcam->neg = 5
after 8 iterations, nbhd size=1, neg = 0
#GCMRL#  522 dt  44.800000 rms  0.424  0.139% neg 0  invalid 762 tFOTS 0.0000 tGradient 0.9600 tsec 4.7770
iter 0, gcam->neg = 9
after 12 iterations, nbhd size=1, neg = 0
#GCMRL#  523 dt  44.800000 rms  0.424  0.090% neg 0  invalid 762 tFOTS 0.0000 tGradient 0.9380 tsec 6.6710
iter 0, gcam->neg = 10
after 10 iterations, nbhd size=1, neg = 0
#GCMRL#  524 dt  44.800000 rms  0.424  0.112% neg 0  invalid 762 tFOTS 0.0000 tGradient 0.9470 tsec 5.4550
iter 0, gcam->neg = 16
after 14 iterations, nbhd size=1, neg = 0
#GCMRL#  525 dt  44.800000 rms  0.423  0.018% neg 0  invalid 762 tFOTS 0.0000 tGradient 0.9490 tsec 6.9630
#FOTS# QuadFit found better minimum quadopt=(dt=25.6,rms=0.42339) vs oldopt=(dt=32,rms=0.423396)
iter 0, gcam->neg = 5
after 10 iterations, nbhd size=1, neg = 0
#GCMRL#  526 dt  25.600000 rms  0.423  0.000% neg 0  invalid 762 tFOTS 4.2010 tGradient 0.9780 tsec 9.7280
iter 0, gcam->neg = 2
after 4 iterations, nbhd size=0, neg = 0
#GCMRL#  527 dt  25.600000 rms  0.423  0.009% neg 0  invalid 762 tFOTS 0.0000 tGradient 0.9730 tsec 3.3880
iter 0, gcam->neg = 1
after 1 iterations, nbhd size=0, neg = 0
#GCMRL#  528 dt  25.600000 rms  0.423  0.012% neg 0  invalid 762 tFOTS 0.0000 tGradient 0.9350 tsec 2.2950
iter 0, gcam->neg = 3
after 8 iterations, nbhd size=1, neg = 0
setting smoothness cost coefficient to 0.400

#GCAMreg# pass 0 level1 2 level2 0 tsec 0 sigma 2
l_jacobian=1.00 l_log_likelihood=0.20 l_smoothness=0.40 
tol=2.50e-01, dt=5.00e-02, exp_k=20.0, momentum=0.90, levels=6, niter=500, lbl_dist=10.00, avgs=4, sigma=2.0,type=2, relabel=0, neg=yes

blurring input image with Gaussian with sigma=2.000...
GCAMRegisterLevel(): init RMS 0.42788
#FOTS# QuadFit found better minimum quadopt=(dt=0.864,rms=0.427864) vs oldopt=(dt=0.72,rms=0.427864)
iter 0, gcam->neg = 1
after 1 iterations, nbhd size=0, neg = 0
#GCMRL#  530 dt   0.864000 rms  0.428  0.005% neg 0  invalid 762 tFOTS 4.2380 tGradient 0.9330 tsec 6.5560
#FOTS# QuadFit found better minimum quadopt=(dt=0.063,rms=0.427856) vs oldopt=(dt=0.045,rms=0.427856)
#GCMRL#  531 dt   0.063000 rms  0.428  0.000% neg 0  invalid 762 tFOTS 4.0850 tGradient 0.9150 tsec 5.3220

#GCAMreg# pass 0 level1 2 level2 1 tsec 22.502 sigma 0.5
l_jacobian=1.00 l_log_likelihood=0.20 l_smoothness=0.40 
tol=2.50e-01, dt=5.00e-02, exp_k=20.0, momentum=0.90, levels=6, niter=500, lbl_dist=10.00, avgs=4, sigma=0.5,type=2, relabel=0, neg=yes

blurring input image with Gaussian with sigma=0.500...
GCAMRegisterLevel(): init RMS 0.427856
#FOTS# QuadFit found better minimum quadopt=(dt=7.69925,rms=0.427375) vs oldopt=(dt=11.52,rms=0.427494)
iter 0, gcam->neg = 3
after 4 iterations, nbhd size=0, neg = 0
#GCMRL#  533 dt   7.699248 rms  0.427  0.105% neg 0  invalid 762 tFOTS 4.0060 tGradient 0.9130 tsec 7.3330
#FOTS# QuadFit found better minimum quadopt=(dt=16,rms=0.426782) vs oldopt=(dt=11.52,rms=0.426818)
iter 0, gcam->neg = 8
after 5 iterations, nbhd size=0, neg = 0
#GCMRL#  534 dt  16.000000 rms  0.427  0.140% neg 0  invalid 762 tFOTS 3.9020 tGradient 0.9090 tsec 7.5900
#FOTS# QuadFit found better minimum quadopt=(dt=35.3247,rms=0.425729) vs oldopt=(dt=46.08,rms=0.425835)
iter 0, gcam->neg = 38
after 15 iterations, nbhd size=1, neg = 0
#GCMRL#  535 dt  35.324675 rms  0.426  0.207% neg 0  invalid 762 tFOTS 3.9110 tGradient 0.9100 tsec 11.1660
#FOTS# QuadFit found better minimum quadopt=(dt=8.93333,rms=0.425338) vs oldopt=(dt=11.52,rms=0.425398)
iter 0, gcam->neg = 3
after 0 iterations, nbhd size=0, neg = 0
#GCMRL#  536 dt   8.933333 rms  0.425  0.000% neg 0  invalid 762 tFOTS 4.2230 tGradient 0.9070 tsec 6.1810
iter 0, gcam->neg = 9
after 2 iterations, nbhd size=0, neg = 0
#GCMRL#  537 dt   8.933333 rms  0.425  0.020% neg 0  invalid 762 tFOTS 0.0000 tGradient 0.9090 tsec 2.6170
iter 0, gcam->neg = 11
after 8 iterations, nbhd size=0, neg = 0
#GCMRL#  538 dt   8.933333 rms  0.425  0.066% neg 0  invalid 762 tFOTS 0.0000 tGradient 0.9100 tsec 4.7760
iter 0, gcam->neg = 18
after 13 iterations, nbhd size=1, neg = 0
#GCMRL#  539 dt   8.933333 rms  0.424  0.135% neg 0  invalid 762 tFOTS 0.0000 tGradient 0.9140 tsec 6.5130
iter 0, gcam->neg = 39
after 15 iterations, nbhd size=1, neg = 0
#GCMRL#  540 dt   8.933333 rms  0.424  0.113% neg 0  invalid 762 tFOTS 0.0000 tGradient 0.9180 tsec 7.1970
iter 0, gcam->neg = 28
after 17 iterations, nbhd size=1, neg = 0
#GCMRL#  541 dt   8.933333 rms  0.423  0.103% neg 0  invalid 762 tFOTS 0.0000 tGradient 0.9140 tsec 7.9370
#FOTS# QuadFit found better minimum quadopt=(dt=8,rms=0.423437) vs oldopt=(dt=2.88,rms=0.423452)
iter 0, gcam->neg = 8
after 3 iterations, nbhd size=0, neg = 0
#GCMRL#  542 dt   8.000000 rms  0.423  0.000% neg 0  invalid 762 tFOTS 4.3930 tGradient 0.9280 tsec 7.5760
iter 0, gcam->neg = 13
after 5 iterations, nbhd size=0, neg = 0
#GCMRL#  543 dt   8.000000 rms  0.423  0.014% neg 0  invalid 762 tFOTS 0.0000 tGradient 1.0370 tsec 3.8720
iter 0, gcam->neg = 25
after 9 iterations, nbhd size=0, neg = 0
#GCMRL#  544 dt   8.000000 rms  0.423  0.014% neg 0  invalid 762 tFOTS 0.0000 tGradient 0.8840 tsec 5.0450
iter 0, gcam->neg = 35
after 7 iterations, nbhd size=0, neg = 0
#GCMRL#  545 dt   8.000000 rms  0.423  0.019% neg 0  invalid 762 tFOTS 0.0000 tGradient 0.8890 tsec 4.3180
iter 0, gcam->neg = 37
after 15 iterations, nbhd size=1, neg = 0
setting smoothness cost coefficient to 1.000

#GCAMreg# pass 0 level1 1 level2 0 tsec 0 sigma 2
l_jacobian=1.00 l_log_likelihood=0.20 l_smoothness=1.00 
tol=2.50e-01, dt=5.00e-02, exp_k=20.0, momentum=0.90, levels=6, niter=500, lbl_dist=10.00, avgs=1, sigma=2.0,type=2, relabel=0, neg=yes

blurring input image with Gaussian with sigma=2.000...
GCAMRegisterLevel(): init RMS 0.429497
#GCMRL#  547 dt   0.000050 rms  0.429  0.000% neg 0  invalid 762 tFOTS 5.5390 tGradient 0.8910 tsec 6.7250

#GCAMreg# pass 0 level1 1 level2 1 tsec 21.652 sigma 0.5
l_jacobian=1.00 l_log_likelihood=0.20 l_smoothness=1.00 
tol=2.50e-01, dt=5.00e-02, exp_k=20.0, momentum=0.90, levels=6, niter=500, lbl_dist=10.00, avgs=1, sigma=0.5,type=2, relabel=0, neg=yes

blurring input image with Gaussian with sigma=0.500...
GCAMRegisterLevel(): init RMS 0.429497
resetting metric properties...
setting smoothness cost coefficient to 2.000

#GCAMreg# pass 0 level1 0 level2 0 tsec 0 sigma 2
l_jacobian=1.00 l_log_likelihood=0.20 l_smoothness=2.00 
tol=2.50e-01, dt=5.00e-02, exp_k=20.0, momentum=0.90, levels=6, niter=500, lbl_dist=10.00, avgs=0, sigma=2.0,type=2, relabel=0, neg=yes

blurring input image with Gaussian with sigma=2.000...
GCAMRegisterLevel(): init RMS 0.418951
#FOTS# QuadFit found better minimum quadopt=(dt=1.07675,rms=0.409385) vs oldopt=(dt=1.28,rms=0.409724)
iter 0, gcam->neg = 582
after 15 iterations, nbhd size=1, neg = 0
#GCMRL#  550 dt   1.076754 rms  0.411  1.870% neg 0  invalid 762 tFOTS 4.3990 tGradient 0.3450 tsec 11.3160
#FOTS# QuadFit found better minimum quadopt=(dt=2.73438e-05,rms=0.411116) vs oldopt=(dt=1.95313e-05,rms=0.411116)
#GCMRL#  551 dt   0.000027 rms  0.411  0.000% neg 0  invalid 762 tFOTS 5.8610 tGradient 0.3580 tsec 6.5560

#GCAMreg# pass 0 level1 0 level2 1 tsec 27.967 sigma 0.5
l_jacobian=1.00 l_log_likelihood=0.20 l_smoothness=2.00 
tol=2.50e-01, dt=5.00e-02, exp_k=20.0, momentum=0.90, levels=6, niter=500, lbl_dist=10.00, avgs=0, sigma=0.5,type=2, relabel=0, neg=yes

blurring input image with Gaussian with sigma=0.500...
GCAMRegisterLevel(): init RMS 0.411116
#FOTS# QuadFit found better minimum quadopt=(dt=0.112,rms=0.410597) vs oldopt=(dt=0.08,rms=0.410694)
#GCMRL#  553 dt   0.112000 rms  0.411  0.126% neg 0  invalid 762 tFOTS 4.6080 tGradient 0.3620 tsec 5.2790
#FOTS# QuadFit found better minimum quadopt=(dt=0.192,rms=0.410167) vs oldopt=(dt=0.32,rms=0.410281)
#GCMRL#  554 dt   0.192000 rms  0.410  0.000% neg 0  invalid 762 tFOTS 4.6220 tGradient 0.3680 tsec 5.3230
#GCMRL#  555 dt   0.192000 rms  0.410  0.117% neg 0  invalid 762 tFOTS 0.0000 tGradient 0.3670 tsec 0.6770
#GCMRL#  556 dt   0.192000 rms  0.409  0.105% neg 0  invalid 762 tFOTS 0.0000 tGradient 0.3550 tsec 0.6620
iter 0, gcam->neg = 41
after 10 iterations, nbhd size=1, neg = 0
GCAMregister done in 6.74008 min
writing output transformation to transforms/talairach.m3z...
GCAMwrite
Calls to gcamLogLikelihoodEnergy 5032 tmin = 2.14873
Calls to gcamLabelEnergy         4423 tmin = 1.53445
Calls to gcamJacobianEnergy      5032 tmin = 0.965817
Calls to gcamSmoothnessEnergy    5032 tmin = 6.19347
Calls to gcamLogLikelihoodTerm 558 tmin = 0.769033
Calls to gcamLabelTerm         493 tmin = 4.23165
Calls to gcamJacobianTerm      558 tmin = 1.03857
Calls to gcamSmoothnessTerm    558 tmin = 0.4333
Calls to gcamComputeGradient    558 tmin = 16.3291
Calls to gcamComputeMetricProperties    7011 tmin = 2.48537
mri_ca_register took 0 hours, 49 minutes and 23 seconds.
#VMPC# mri_ca_register VmPeak  3450356
FSRUNTIME@ mri_ca_register  0.8231 hours 16 threads
#--------------------------------------
#@# SubCort Seg Mon Mar  9 12:28:49 CET 2026

 mri_ca_label -relabel_unlikely 9 .3 -prior 0.5 -align norm.mgz transforms/talairach.m3z /opt/freesurfer/average/RB_all_2020-01-02.gca aseg.auto_noCCseg.mgz 

sysname  Linux
hostname dna058
machine  x86_64

setenv SUBJECTS_DIR /out/sourcedata/freesurfer
cd /out/sourcedata/freesurfer/sub-v1s21x0050414_ses-1/mri
mri_ca_label -relabel_unlikely 9 .3 -prior 0.5 -align norm.mgz transforms/talairach.m3z /opt/freesurfer/average/RB_all_2020-01-02.gca aseg.auto_noCCseg.mgz 

relabeling unlikely voxels with window_size = 9 and prior threshold 0.30
using Gibbs prior factor = 0.500
renormalizing sequences with structure alignment, equivalent to:
	-renormalize
	-renormalize_mean 0.500
	-regularize 0.500

== Number of threads available to for OpenMP = 16 == 
reading 1 input volumes
reading classifier array from /opt/freesurfer/average/RB_all_2020-01-02.gca
reading input volume from norm.mgz
average std[0] = 7.2
reading transform from transforms/talairach.m3z
setting orig areas to linear transform determinant scaled 6.55
Atlas used for the 3D morph was /opt/freesurfer/average/RB_all_2020-01-02.gca
average std = 7.2   using min determinant for regularization = 5.2
0 singular and 0 ill-conditioned covariance matrices regularized
labeling volume...
renormalizing by structure alignment....
renormalizing input #0
gca peak = 0.15521 (20)
mri peak = 0.08520 (15)
Left_Lateral_Ventricle (4): linear fit = 0.81 x + 0.0 (200 voxels, overlap=0.725)
Left_Lateral_Ventricle (4): linear fit = 0.81 x + 0.0 (200 voxels, peak = 16), gca=16.3
gca peak = 0.20380 (13)
mri peak = 0.10007 (15)
Right_Lateral_Ventricle (43): linear fit = 1.12 x + 0.0 (142 voxels, overlap=0.838)
Right_Lateral_Ventricle (43): linear fit = 1.12 x + 0.0 (142 voxels, peak = 14), gca=14.5
gca peak = 0.26283 (96)
mri peak = 0.12451 (95)
Right_Pallidum (52): linear fit = 0.98 x + 0.0 (734 voxels, overlap=0.845)
Right_Pallidum (52): linear fit = 0.98 x + 0.0 (734 voxels, peak = 94), gca=93.6
gca peak = 0.15814 (97)
mri peak = 0.11747 (89)
Left_Pallidum (13): linear fit = 0.95 x + 0.0 (641 voxels, overlap=0.878)
Left_Pallidum (13): linear fit = 0.95 x + 0.0 (641 voxels, peak = 93), gca=92.6
gca peak = 0.27624 (56)
mri peak = 0.14336 (66)
Right_Hippocampus (53): linear fit = 1.15 x + 0.0 (855 voxels, overlap=0.145)
Right_Hippocampus (53): linear fit = 1.15 x + 0.0 (855 voxels, peak = 65), gca=64.7
gca peak = 0.28723 (59)
mri peak = 0.12642 (70)
Left_Hippocampus (17): linear fit = 1.16 x + 0.0 (880 voxels, overlap=0.526)
Left_Hippocampus (17): linear fit = 1.16 x + 0.0 (880 voxels, peak = 69), gca=68.7
gca peak = 0.07623 (103)
mri peak = 0.08019 (101)
Right_Cerebral_White_Matter (41): linear fit = 1.02 x + 0.0 (39514 voxels, overlap=0.798)
Right_Cerebral_White_Matter (41): linear fit = 1.02 x + 0.0 (39514 voxels, peak = 106), gca=105.6
gca peak = 0.07837 (105)
mri peak = 0.07040 (104)
Left_Cerebral_White_Matter (2): linear fit = 1.02 x + 0.0 (35718 voxels, overlap=0.759)
Left_Cerebral_White_Matter (2): linear fit = 1.02 x + 0.0 (35718 voxels, peak = 108), gca=107.6
gca peak = 0.10165 (58)
mri peak = 0.04292 (67)
Left_Cerebral_Cortex (3): linear fit = 1.08 x + 0.0 (30791 voxels, overlap=0.948)
Left_Cerebral_Cortex (3): linear fit = 1.08 x + 0.0 (30791 voxels, peak = 62), gca=62.4
gca peak = 0.11113 (58)
mri peak = 0.04174 (59)
Right_Cerebral_Cortex (42): linear fit = 1.08 x + 0.0 (28484 voxels, overlap=0.874)
Right_Cerebral_Cortex (42): linear fit = 1.08 x + 0.0 (28484 voxels, peak = 62), gca=62.4
gca peak = 0.27796 (67)
mri peak = 0.11645 (77)
Right_Caudate (50): linear fit = 1.13 x + 0.0 (1100 voxels, overlap=0.059)
Right_Caudate (50): linear fit = 1.13 x + 0.0 (1100 voxels, peak = 76), gca=76.0
gca peak = 0.14473 (69)
mri peak = 0.18572 (71)
Left_Caudate (11): linear fit = 0.96 x + 0.0 (1372 voxels, overlap=0.689)
Left_Caudate (11): linear fit = 0.96 x + 0.0 (1372 voxels, peak = 67), gca=66.6
gca peak = 0.14301 (56)
mri peak = 0.05505 (61)
Left_Cerebellum_Cortex (8): linear fit = 1.04 x + 0.0 (30422 voxels, overlap=0.981)
Left_Cerebellum_Cortex (8): linear fit = 1.04 x + 0.0 (30422 voxels, peak = 59), gca=58.5
gca peak = 0.14610 (55)
mri peak = 0.06215 (62)
Right_Cerebellum_Cortex (47): linear fit = 1.07 x + 0.0 (33547 voxels, overlap=0.949)
Right_Cerebellum_Cortex (47): linear fit = 1.07 x + 0.0 (33547 voxels, peak = 59), gca=58.6
gca peak = 0.16309 (85)
mri peak = 0.08506 (91)
Left_Cerebellum_White_Matter (7): linear fit = 1.07 x + 0.0 (6541 voxels, overlap=0.662)
Left_Cerebellum_White_Matter (7): linear fit = 1.07 x + 0.0 (6541 voxels, peak = 91), gca=90.5
gca peak = 0.15172 (84)
mri peak = 0.10042 (88)
Right_Cerebellum_White_Matter (46): linear fit = 1.07 x + 0.0 (7209 voxels, overlap=0.703)
Right_Cerebellum_White_Matter (46): linear fit = 1.07 x + 0.0 (7209 voxels, peak = 89), gca=89.5
gca peak = 0.30461 (58)
mri peak = 0.11893 (75)
Left_Amygdala (18): linear fit = 1.25 x + 0.0 (406 voxels, overlap=0.065)
Left_Amygdala (18): linear fit = 1.25 x + 0.0 (406 voxels, peak = 73), gca=72.8
gca peak = 0.32293 (57)
mri peak = 0.10919 (71)
Right_Amygdala (54): linear fit = 1.25 x + 0.0 (563 voxels, overlap=0.043)
Right_Amygdala (54): linear fit = 1.25 x + 0.0 (563 voxels, peak = 72), gca=71.5
gca peak = 0.11083 (90)
mri peak = 0.09191 (89)
Left_Thalamus (10): linear fit = 1.00 x + 0.0 (4824 voxels, overlap=0.900)
Left_Thalamus (10): linear fit = 1.00 x + 0.0 (4824 voxels, peak = 90), gca=89.6
gca peak = 0.11393 (83)
mri peak = 0.09807 (93)
Right_Thalamus (49): linear fit = 1.13 x + 0.0 (3980 voxels, overlap=0.437)
Right_Thalamus (49): linear fit = 1.13 x + 0.0 (3980 voxels, peak = 94), gca=94.2
gca peak = 0.08575 (81)
mri peak = 0.10724 (77)
Left_Putamen (12): linear fit = 1.00 x + 0.0 (2163 voxels, overlap=0.667)
Left_Putamen (12): linear fit = 1.00 x + 0.0 (2163 voxels, peak = 81), gca=81.0
gca peak = 0.08618 (78)
mri peak = 0.08503 (79)
Right_Putamen (51): linear fit = 1.04 x + 0.0 (2952 voxels, overlap=0.820)
Right_Putamen (51): linear fit = 1.04 x + 0.0 (2952 voxels, peak = 82), gca=81.5
gca peak = 0.08005 (78)
mri peak = 0.10246 (81)
Brain_Stem (16): linear fit = 1.12 x + 0.0 (12410 voxels, overlap=0.492)
Brain_Stem (16): linear fit = 1.12 x + 0.0 (12410 voxels, peak = 88), gca=87.8
gca peak = 0.12854 (88)
mri peak = 0.08404 (99)
Right_VentralDC (60): linear fit = 1.13 x + 0.0 (1168 voxels, overlap=0.448)
Right_VentralDC (60): linear fit = 1.13 x + 0.0 (1168 voxels, peak = 100), gca=99.9
gca peak = 0.15703 (87)
mri peak = 0.08528 (87)
Left_VentralDC (28): linear fit = 1.09 x + 0.0 (1412 voxels, overlap=0.732)
Left_VentralDC (28): linear fit = 1.09 x + 0.0 (1412 voxels, peak = 94), gca=94.4
gca peak = 0.17522 (25)
mri peak = 0.07763 (49)
gca peak = 0.17113 (14)
mri peak = 0.11787 ( 9)
Fourth_Ventricle (15): linear fit = 0.37 x + 0.0 (165 voxels, overlap=0.193)
Fourth_Ventricle (15): linear fit = 0.37 x + 0.0 (165 voxels, peak =  5), gca=5.1
gca peak Unknown = 0.94777 ( 0)
gca peak Left_Inf_Lat_Vent = 0.16627 (28)
gca peak Third_Ventricle = 0.17522 (25)
gca peak Fourth_Ventricle = 0.17113 (14)
gca peak CSF = 0.20346 (36)
gca peak Left_Accumbens_area = 0.70646 (62)
gca peak Left_undetermined = 1.00000 (28)
gca peak Left_vessel = 0.89917 (53)
gca peak Left_choroid_plexus = 0.11689 (35)
gca peak Right_Inf_Lat_Vent = 0.25504 (23)
gca peak Right_Accumbens_area = 0.31650 (65)
gca peak Right_vessel = 0.77268 (52)
gca peak Right_choroid_plexus = 0.13275 (38)
gca peak Fifth_Ventricle = 0.60973 (33)
gca peak WM_hypointensities = 0.11013 (77)
gca peak non_WM_hypointensities = 0.11354 (41)
gca peak Optic_Chiasm = 0.51646 (76)
not using caudate to estimate GM means
estimating mean gm scale to be 1.16 x + 0.0
estimating mean wm scale to be 1.02 x + 0.0
estimating mean csf scale to be 0.97 x + 0.0
saving intensity scales to aseg.auto_noCCseg.label_intensities.txt
renormalizing by structure alignment....
renormalizing input #0
gca peak = 0.17098 (15)
mri peak = 0.08520 (15)
Left_Lateral_Ventricle (4): linear fit = 1.03 x + 0.0 (200 voxels, overlap=0.942)
Left_Lateral_Ventricle (4): linear fit = 1.03 x + 0.0 (200 voxels, peak = 16), gca=15.5
gca peak = 0.17176 (14)
mri peak = 0.10007 (15)
Right_Lateral_Ventricle (43): linear fit = 0.90 x + 0.0 (142 voxels, overlap=0.786)
Right_Lateral_Ventricle (43): linear fit = 0.90 x + 0.0 (142 voxels, peak = 13), gca=12.7
gca peak = 0.24861 (91)
mri peak = 0.12451 (95)
Right_Pallidum (52): linear fit = 0.99 x + 0.0 (734 voxels, overlap=0.788)
Right_Pallidum (52): linear fit = 0.99 x + 0.0 (734 voxels, peak = 90), gca=89.6
gca peak = 0.18428 (92)
mri peak = 0.11747 (89)
Left_Pallidum (13): linear fit = 1.00 x + 0.0 (641 voxels, overlap=0.881)
Left_Pallidum (13): linear fit = 1.00 x + 0.0 (641 voxels, peak = 92), gca=91.5
gca peak = 0.24393 (64)
mri peak = 0.14336 (66)
Right_Hippocampus (53): linear fit = 1.01 x + 0.0 (855 voxels, overlap=1.001)
Right_Hippocampus (53): linear fit = 1.01 x + 0.0 (855 voxels, peak = 65), gca=65.0
gca peak = 0.29141 (66)
mri peak = 0.12642 (70)
Left_Hippocampus (17): linear fit = 1.01 x + 0.0 (880 voxels, overlap=1.009)
Left_Hippocampus (17): linear fit = 1.01 x + 0.0 (880 voxels, peak = 67), gca=67.0
gca peak = 0.07779 (106)
mri peak = 0.08019 (101)
Right_Cerebral_White_Matter (41): linear fit = 1.00 x + 0.0 (39514 voxels, overlap=0.866)
Right_Cerebral_White_Matter (41): linear fit = 1.00 x + 0.0 (39514 voxels, peak = 105), gca=105.5
gca peak = 0.07733 (107)
mri peak = 0.07040 (104)
Left_Cerebral_White_Matter (2): linear fit = 1.00 x + 0.0 (35718 voxels, overlap=0.844)
Left_Cerebral_White_Matter (2): linear fit = 1.00 x + 0.0 (35718 voxels, peak = 107), gca=107.0
gca peak = 0.09084 (62)
mri peak = 0.04292 (67)
Left_Cerebral_Cortex (3): linear fit = 1.02 x + 0.0 (30791 voxels, overlap=0.994)
Left_Cerebral_Cortex (3): linear fit = 1.02 x + 0.0 (30791 voxels, peak = 64), gca=63.5
gca peak = 0.10673 (63)
mri peak = 0.04174 (59)
Right_Cerebral_Cortex (42): linear fit = 1.02 x + 0.0 (28484 voxels, overlap=0.969)
Right_Cerebral_Cortex (42): linear fit = 1.02 x + 0.0 (28484 voxels, peak = 65), gca=64.6
gca peak = 0.23887 (76)
mri peak = 0.11645 (77)
Right_Caudate (50): linear fit = 1.00 x + 0.0 (1100 voxels, overlap=1.003)
Right_Caudate (50): linear fit = 1.00 x + 0.0 (1100 voxels, peak = 76), gca=76.0
gca peak = 0.14003 (66)
mri peak = 0.18572 (71)
Left_Caudate (11): linear fit = 1.00 x + 0.0 (1372 voxels, overlap=0.880)
Left_Caudate (11): linear fit = 1.00 x + 0.0 (1372 voxels, peak = 66), gca=66.0
gca peak = 0.13218 (58)
mri peak = 0.05505 (61)
Left_Cerebellum_Cortex (8): linear fit = 1.02 x + 0.0 (30422 voxels, overlap=1.000)
Left_Cerebellum_Cortex (8): linear fit = 1.02 x + 0.0 (30422 voxels, peak = 59), gca=59.4
gca peak = 0.14392 (59)
mri peak = 0.06215 (62)
Right_Cerebellum_Cortex (47): linear fit = 1.02 x + 0.0 (33547 voxels, overlap=0.995)
Right_Cerebellum_Cortex (47): linear fit = 1.02 x + 0.0 (33547 voxels, peak = 60), gca=60.5
gca peak = 0.15314 (90)
mri peak = 0.08506 (91)
Left_Cerebellum_White_Matter (7): linear fit = 1.01 x + 0.0 (6541 voxels, overlap=0.953)
Left_Cerebellum_White_Matter (7): linear fit = 1.01 x + 0.0 (6541 voxels, peak = 91), gca=91.3
gca peak = 0.16874 (90)
mri peak = 0.10042 (88)
Right_Cerebellum_White_Matter (46): linear fit = 0.99 x + 0.0 (7209 voxels, overlap=0.948)
Right_Cerebellum_White_Matter (46): linear fit = 0.99 x + 0.0 (7209 voxels, peak = 89), gca=88.7
gca peak = 0.23614 (73)
mri peak = 0.11893 (75)
Left_Amygdala (18): linear fit = 1.01 x + 0.0 (406 voxels, overlap=1.012)
Left_Amygdala (18): linear fit = 1.01 x + 0.0 (406 voxels, peak = 74), gca=74.1
gca peak = 0.24657 (72)
mri peak = 0.10919 (71)
Right_Amygdala (54): linear fit = 1.00 x + 0.0 (563 voxels, overlap=0.989)
Right_Amygdala (54): linear fit = 1.00 x + 0.0 (563 voxels, peak = 72), gca=72.0
gca peak = 0.10233 (88)
mri peak = 0.09191 (89)
Left_Thalamus (10): linear fit = 1.00 x + 0.0 (4824 voxels, overlap=0.892)
Left_Thalamus (10): linear fit = 1.00 x + 0.0 (4824 voxels, peak = 88), gca=87.6
gca peak = 0.08385 (92)
mri peak = 0.09807 (93)
Right_Thalamus (49): linear fit = 1.00 x + 0.0 (3980 voxels, overlap=0.708)
Right_Thalamus (49): linear fit = 1.00 x + 0.0 (3980 voxels, peak = 92), gca=92.0
gca peak = 0.08575 (81)
mri peak = 0.10724 (77)
Left_Putamen (12): linear fit = 1.00 x + 0.0 (2163 voxels, overlap=0.667)
Left_Putamen (12): linear fit = 1.00 x + 0.0 (2163 voxels, peak = 81), gca=81.0
gca peak = 0.11252 (79)
mri peak = 0.08503 (79)
Right_Putamen (51): linear fit = 1.00 x + 0.0 (2952 voxels, overlap=0.957)
Right_Putamen (51): linear fit = 1.00 x + 0.0 (2952 voxels, peak = 79), gca=79.0
gca peak = 0.07551 (88)
mri peak = 0.10246 (81)
Brain_Stem (16): linear fit = 1.00 x + 0.0 (12410 voxels, overlap=0.773)
Brain_Stem (16): linear fit = 1.00 x + 0.0 (12410 voxels, peak = 88), gca=87.6
gca peak = 0.11410 (100)
mri peak = 0.08404 (99)
Right_VentralDC (60): linear fit = 1.01 x + 0.0 (1168 voxels, overlap=0.782)
Right_VentralDC (60): linear fit = 1.01 x + 0.0 (1168 voxels, peak = 102), gca=101.5
gca peak = 0.14321 (94)
mri peak = 0.08528 (87)
Left_VentralDC (28): linear fit = 1.00 x + 0.0 (1412 voxels, overlap=0.726)
Left_VentralDC (28): linear fit = 1.00 x + 0.0 (1412 voxels, peak = 94), gca=94.0
gca peak = 0.18886 (24)
mri peak = 0.07763 (49)
gca peak = 0.23214 (14)
mri peak = 0.11787 ( 9)
Fourth_Ventricle (15): linear fit = 0.37 x + 0.0 (165 voxels, overlap=0.255)
Fourth_Ventricle (15): linear fit = 0.37 x + 0.0 (165 voxels, peak =  5), gca=5.1
gca peak Unknown = 0.94777 ( 0)
gca peak Left_Inf_Lat_Vent = 0.21261 (32)
gca peak Third_Ventricle = 0.18886 (24)
gca peak Fourth_Ventricle = 0.23214 (14)
gca peak CSF = 0.20860 (35)
gca peak Left_Accumbens_area = 0.71553 (60)
gca peak Left_undetermined = 1.00000 (28)
gca peak Left_vessel = 0.89837 (53)
gca peak Left_choroid_plexus = 0.11689 (35)
gca peak Right_Inf_Lat_Vent = 0.24870 (27)
gca peak Right_Accumbens_area = 0.35551 (73)
gca peak Right_vessel = 0.77268 (52)
gca peak Right_choroid_plexus = 0.13275 (38)
gca peak Fifth_Ventricle = 0.60973 (32)
gca peak WM_hypointensities = 0.10313 (78)
gca peak non_WM_hypointensities = 0.11377 (42)
gca peak Optic_Chiasm = 0.45446 (76)
not using caudate to estimate GM means
estimating mean gm scale to be 1.02 x + 0.0
estimating mean wm scale to be 1.00 x + 0.0
estimating mean csf scale to be 0.97 x + 0.0
saving intensity scales to aseg.auto_noCCseg.label_intensities.txt
saving sequentially combined intensity scales to aseg.auto_noCCseg.label_intensities.txt
55887 voxels changed in iteration 0 of unlikely voxel relabeling
215 voxels changed in iteration 1 of unlikely voxel relabeling
13 voxels changed in iteration 2 of unlikely voxel relabeling
0 voxels changed in iteration 3 of unlikely voxel relabeling
40551 gm and wm labels changed (%32 to gray, %68 to white out of all changed labels)
308 hippocampal voxels changed.
0 amygdala voxels changed.
Reclassifying using Gibbs Priors
pass 1: 67012 changed. image ll: -2.114, PF=0.500
pass 2: 17887 changed. image ll: -2.113, PF=0.500
pass 3: 5770 changed.
pass 4: 2004 changed.
37438 voxels changed in iteration 0 of unlikely voxel relabeling
380 voxels changed in iteration 1 of unlikely voxel relabeling
8 voxels changed in iteration 2 of unlikely voxel relabeling
0 voxels changed in iteration 3 of unlikely voxel relabeling
7383 voxels changed in iteration 0 of unlikely voxel relabeling
117 voxels changed in iteration 1 of unlikely voxel relabeling
1 voxels changed in iteration 2 of unlikely voxel relabeling
0 voxels changed in iteration 3 of unlikely voxel relabeling
6829 voxels changed in iteration 0 of unlikely voxel relabeling
107 voxels changed in iteration 1 of unlikely voxel relabeling
4 voxels changed in iteration 2 of unlikely voxel relabeling
0 voxels changed in iteration 3 of unlikely voxel relabeling
6261 voxels changed in iteration 0 of unlikely voxel relabeling
27 voxels changed in iteration 1 of unlikely voxel relabeling
0 voxels changed in iteration 2 of unlikely voxel relabeling
 !!!!!!!!! ventricle segment 2 with volume 3563 above threshold 100 - not erasing !!!!!!!!!!
 !!!!!!!!! ventricle segment 2 with volume 2535 above threshold 100 - not erasing !!!!!!!!!!
 !!!!!!!!! ventricle segment 4 with volume 152 above threshold 100 - not erasing !!!!!!!!!!
writing labeled volume to aseg.auto_noCCseg.mgz
mri_ca_label utimesec    1912.233168
mri_ca_label stimesec    2.964978
mri_ca_label ru_maxrss   2111724
mri_ca_label ru_ixrss    0
mri_ca_label ru_idrss    0
mri_ca_label ru_isrss    0
mri_ca_label ru_minflt   4280550
mri_ca_label ru_majflt   13
mri_ca_label ru_nswap    0
mri_ca_label ru_inblock  1142
mri_ca_label ru_oublock  672
mri_ca_label ru_msgsnd   0
mri_ca_label ru_msgrcv   0
mri_ca_label ru_nsignals 0
mri_ca_label ru_nvcsw    1694
mri_ca_label ru_nivcsw   1927
auto-labeling took 30 minutes and 48 seconds.
#--------------------------------------
#@# CC Seg Mon Mar  9 12:59:36 CET 2026

 mri_cc -aseg aseg.auto_noCCseg.mgz -o aseg.auto.mgz -lta /out/sourcedata/freesurfer/sub-v1s21x0050414_ses-1/mri/transforms/cc_up.lta sub-v1s21x0050414_ses-1 

will read input aseg from aseg.auto_noCCseg.mgz
writing aseg with cc labels to aseg.auto.mgz
will write lta as /out/sourcedata/freesurfer/sub-v1s21x0050414_ses-1/mri/transforms/cc_up.lta
reading aseg from /out/sourcedata/freesurfer/sub-v1s21x0050414_ses-1/mri/aseg.auto_noCCseg.mgz
reading norm from /out/sourcedata/freesurfer/sub-v1s21x0050414_ses-1/mri/norm.mgz
28545 voxels in left wm, 40126 in right wm, xrange [126, 133]
searching rotation angles z=[-9  5], y=[-7  7]
searching scale 1 Z rot -9.2  searching scale 1 Z rot -9.0  searching scale 1 Z rot -8.7  searching scale 1 Z rot -8.5  searching scale 1 Z rot -8.2  searching scale 1 Z rot -8.0  searching scale 1 Z rot -7.7  searching scale 1 Z rot -7.5  searching scale 1 Z rot -7.2  searching scale 1 Z rot -7.0  searching scale 1 Z rot -6.7  searching scale 1 Z rot -6.5  searching scale 1 Z rot -6.2  searching scale 1 Z rot -6.0  searching scale 1 Z rot -5.7  searching scale 1 Z rot -5.5  searching scale 1 Z rot -5.2  searching scale 1 Z rot -5.0  searching scale 1 Z rot -4.7  searching scale 1 Z rot -4.5  searching scale 1 Z rot -4.2  searching scale 1 Z rot -4.0  searching scale 1 Z rot -3.7  searching scale 1 Z rot -3.5  searching scale 1 Z rot -3.2  searching scale 1 Z rot -3.0  searching scale 1 Z rot -2.7  searching scale 1 Z rot -2.5  searching scale 1 Z rot -2.2  searching scale 1 Z rot -2.0  searching scale 1 Z rot -1.7  searching scale 1 Z rot -1.5  searching scale 1 Z rot -1.2  searching scale 1 Z rot -1.0  searching scale 1 Z rot -0.7  searching scale 1 Z rot -0.5  searching scale 1 Z rot -0.2  searching scale 1 Z rot 0.0  searching scale 1 Z rot 0.3  searching scale 1 Z rot 0.5  searching scale 1 Z rot 0.8  searching scale 1 Z rot 1.0  searching scale 1 Z rot 1.3  searching scale 1 Z rot 1.5  searching scale 1 Z rot 1.8  searching scale 1 Z rot 2.0  searching scale 1 Z rot 2.3  searching scale 1 Z rot 2.5  searching scale 1 Z rot 2.8  searching scale 1 Z rot 3.0  searching scale 1 Z rot 3.3  searching scale 1 Z rot 3.5  searching scale 1 Z rot 3.8  searching scale 1 Z rot 4.0  searching scale 1 Z rot 4.3  searching scale 1 Z rot 4.5  global minimum found at slice 129.6, rotations (0.09, -2.24)
final transformation (x=129.6, yr=0.092, zr=-2.239):
 0.99924   0.03906   0.00161  -5.03982;
-0.03906   0.99924  -0.00006   47.13477;
-0.00161   0.00000   1.00000   18.20921;
 0.00000   0.00000   0.00000   1.00000;
updating x range to be [127, 131] in xformed coordinates
best xformed slice 129
min_x_fornix = 137
min_x_fornix = 141
min_x_fornix = 142
min_x_fornix = 142
min_x_fornix = 137
cc center is found at 129 86 110
eigenvectors:
 0.00067  -0.00792   0.99997;
-0.25604  -0.96664  -0.00749;
 0.96667  -0.25603  -0.00268;
error in mid anterior detected - correcting...
error in mid anterior detected - correcting...
writing aseg with callosum to /out/sourcedata/freesurfer/sub-v1s21x0050414_ses-1/mri/aseg.auto.mgz...
corpus callosum segmentation took 0.6 minutes
#VMPC# mri_cc VmPeak  554112
mri_cc done
#--------------------------------------
#@# Merge ASeg Mon Mar  9 13:00:11 CET 2026

 cp aseg.auto.mgz aseg.presurf.mgz 

#--------------------------------------------
#@# Intensity Normalization2 Mon Mar  9 13:00:11 CET 2026
/out/sourcedata/freesurfer/sub-v1s21x0050414_ses-1/mri

 mri_normalize -seed 1234 -mprage -aseg aseg.presurf.mgz -mask brainmask.mgz norm.mgz brain.mgz 

setting seed for random number genererator to 1234
assuming input volume is MGH (Van der Kouwe) MP-RAGE
using segmentation for initial intensity normalization
using MR volume brainmask.mgz to mask input volume...
reading mri_src from norm.mgz...
Reading aseg aseg.presurf.mgz
normalizing image...
NOT doing gentle normalization with control points/label
processing with aseg
removing outliers in the aseg WM...
744 control points removed
Building bias image
building Voronoi diagram...
performing soap bubble smoothing, sigma = 0...
Smoothing with sigma 8
Applying bias correction
building Voronoi diagram...
performing soap bubble smoothing, sigma = 8...

Iterating 2 times
---------------------------------
3d normalization pass 1 of 2
white matter peak found at 110
white matter peak found at 109
gm peak at 69 (69), valley at 15 (15)
csf peak at 35, setting threshold to 57
building Voronoi diagram...
performing soap bubble smoothing, sigma = 8...
---------------------------------
3d normalization pass 2 of 2
white matter peak found at 110
white matter peak found at 110
gm peak at 71 (71), valley at 15 (15)
csf peak at 36, setting threshold to 59
building Voronoi diagram...
performing soap bubble smoothing, sigma = 8...
Done iterating ---------------------------------
writing output to brain.mgz
3D bias adjustment took 2 minutes and 18 seconds.
#--------------------------------------------
#@# Mask BFS Mon Mar  9 13:02:30 CET 2026
/out/sourcedata/freesurfer/sub-v1s21x0050414_ses-1/mri

 mri_mask -T 5 brain.mgz brainmask.mgz brain.finalsurfs.mgz 

threshold mask volume at 5
DoAbs = 0
Found 1480710 voxels in mask (pct=  8.83)
Writing masked volume to brain.finalsurfs.mgz...done.
#--------------------------------------------
#@# WM Segmentation Mon Mar  9 13:02:31 CET 2026

 AntsDenoiseImageFs -i brain.mgz -o antsdn.brain.mgz 


 mri_segment -wsizemm 13 -mprage antsdn.brain.mgz wm.seg.mgz 

wsizemm = 13, voxres = 1, wsize = 13
Widening wm low from 89 to 79
assuming input volume is MGH (Van der Kouwe) MP-RAGE
wm mean:  110
wsize:    13
wm low:   79
wm hi:    125
gray low: 30
gray hi:  99
Doing initial trinary intensity segmentation 
Using local statistics to label ambiguous voxels
Autodetecting stats
Computing class statistics for intensity windows...
CCS WM (102.0): 101.8 +- 7.0 [79.0 --> 125.0]
CCS GM (73.0) : 71.6 +- 10.3 [30.0 --> 95.0]
 white_mean 101.761
 white_sigma 7.0176
 gray_mean 71.6309
 gray_sigma 10.3449
setting bottom of white matter range wm_low to 82.0
setting top of gray matter range gray_hi to 92.3
 wm_low 81.9759
 wm_hi  125
 gray_low 30
 gray_hi  92.3208
Redoing initial intensity segmentation...
Recomputing local statistics to label ambiguous voxels...
 wm_low 81.9759
 wm_hi  125
 gray_low 30
 gray_hi  92.3208
using local geometry to label remaining ambiguous voxels...
polvwsize = 5, polvlen = 3, gray_hi = 92.3208, wm_low = 81.9759
MRIcpolvMedianCurveSegment(): wsize=5, len=3, gmhi=92.3208, wmlow=81.9759
    170987 voxels processed (1.02%)
     78878 voxels white (0.47%)
     92109 voxels non-white (0.55%)

Reclassifying voxels using Gaussian border classifier niter=1
MRIreclassify(): wm_low=76.9759, gray_hi=92.3208, wsize=13
    289127 voxels tested (1.72%)
     55427 voxels changed (0.33%)
     69260 multi-scale searches  (0.41%)
Recovering bright white
MRIrecoverBrightWhite()
 wm_low 81.9759
 wm_hi 125
 slack 7.0176
 pct_thresh 0.33
 intensity_thresh 132.018
 nvox_thresh 8.58
      690 voxels tested (0.00%)
      355 voxels changed (0.00%)

removing voxels with positive offset direction...
MRIremoveWrongDirection() wsize=3, lowthr=76.9759, hithr=92.3208
  smoothing input volume with sigma = 0.250
   110313 voxels tested (0.66%)
    17412 voxels changed (0.10%)
thicken = 1
removing 1-dimensional structures...
MRIremove1dStructures(): max_iter=10000, thresh=2, WM_MIN_VAL=5
 3633 sparsely connected voxels removed in 1 iterations
thickening thin strands....
thickness 4
nsegments 20
wm_hi 125
1714 diagonally connected voxels added...
MRIthickenThinWMStrands(): thickness=4, nsegments=20
  20 segments, 4662 filled
MRIfindBrightNonWM(): 3874 bright non-wm voxels segmented.
MRIfilterMorphology() WM_MIN_VAL=5, DIAGONAL_FILL=230
white matter segmentation took 1.1 minutes
writing output to wm.seg.mgz...

 mri_edit_wm_with_aseg -keep-in wm.seg.mgz brain.mgz aseg.presurf.mgz wm.asegedit.mgz 

preserving editing changes in input volume...
auto filling took 0.44 minutes
reading wm segmentation from wm.seg.mgz...
0 voxels added to wm to prevent paths from MTL structures to cortex
3365 additional wm voxels added
0 additional wm voxels added
SEG EDIT: 35404 voxels turned on, 40230 voxels turned off.
propagating editing to output volume from wm.seg.mgz
writing edited volume to wm.asegedit.mgz....

 mri_pretess wm.asegedit.mgz wm norm.mgz wm.mgz 


Iteration Number : 1
pass   1 (xy+):  16 found -  16 modified     |    TOTAL:  16
pass   2 (xy+):   0 found -  16 modified     |    TOTAL:  16
pass   1 (xy-):  33 found -  33 modified     |    TOTAL:  49
pass   2 (xy-):   0 found -  33 modified     |    TOTAL:  49
pass   1 (yz+):  19 found -  19 modified     |    TOTAL:  68
pass   2 (yz+):   0 found -  19 modified     |    TOTAL:  68
pass   1 (yz-):  32 found -  32 modified     |    TOTAL: 100
pass   2 (yz-):   0 found -  32 modified     |    TOTAL: 100
pass   1 (xz+):  13 found -  13 modified     |    TOTAL: 113
pass   2 (xz+):   0 found -  13 modified     |    TOTAL: 113
pass   1 (xz-):  28 found -  28 modified     |    TOTAL: 141
pass   2 (xz-):   0 found -  28 modified     |    TOTAL: 141
Iteration Number : 1
pass   1 (+++):  15 found -  15 modified     |    TOTAL:  15
pass   2 (+++):   0 found -  15 modified     |    TOTAL:  15
pass   1 (+++):   8 found -   8 modified     |    TOTAL:  23
pass   2 (+++):   0 found -   8 modified     |    TOTAL:  23
pass   1 (+++):  16 found -  16 modified     |    TOTAL:  39
pass   2 (+++):   0 found -  16 modified     |    TOTAL:  39
pass   1 (+++):  18 found -  18 modified     |    TOTAL:  57
pass   2 (+++):   0 found -  18 modified     |    TOTAL:  57
Iteration Number : 1
pass   1 (++):  68 found -  68 modified     |    TOTAL:  68
pass   2 (++):   0 found -  68 modified     |    TOTAL:  68
pass   1 (+-):  31 found -  31 modified     |    TOTAL:  99
pass   2 (+-):   0 found -  31 modified     |    TOTAL:  99
pass   1 (--):  52 found -  52 modified     |    TOTAL: 151
pass   2 (--):   0 found -  52 modified     |    TOTAL: 151
pass   1 (-+):  54 found -  54 modified     |    TOTAL: 205
pass   2 (-+):   0 found -  54 modified     |    TOTAL: 205
Iteration Number : 2
pass   1 (xy+):   2 found -   2 modified     |    TOTAL:   2
pass   2 (xy+):   0 found -   2 modified     |    TOTAL:   2
pass   1 (xy-):   2 found -   2 modified     |    TOTAL:   4
pass   2 (xy-):   0 found -   2 modified     |    TOTAL:   4
pass   1 (yz+):   5 found -   5 modified     |    TOTAL:   9
pass   2 (yz+):   0 found -   5 modified     |    TOTAL:   9
pass   1 (yz-):   8 found -   8 modified     |    TOTAL:  17
pass   2 (yz-):   0 found -   8 modified     |    TOTAL:  17
pass   1 (xz+):   4 found -   4 modified     |    TOTAL:  21
pass   2 (xz+):   0 found -   4 modified     |    TOTAL:  21
pass   1 (xz-):   2 found -   2 modified     |    TOTAL:  23
pass   2 (xz-):   0 found -   2 modified     |    TOTAL:  23
Iteration Number : 2
pass   1 (+++):   4 found -   4 modified     |    TOTAL:   4
pass   2 (+++):   0 found -   4 modified     |    TOTAL:   4
pass   1 (+++):   0 found -   0 modified     |    TOTAL:   4
pass   1 (+++):   0 found -   0 modified     |    TOTAL:   4
pass   1 (+++):   0 found -   0 modified     |    TOTAL:   4
Iteration Number : 2
pass   1 (++):   1 found -   1 modified     |    TOTAL:   1
pass   2 (++):   0 found -   1 modified     |    TOTAL:   1
pass   1 (+-):   3 found -   3 modified     |    TOTAL:   4
pass   2 (+-):   0 found -   3 modified     |    TOTAL:   4
pass   1 (--):   2 found -   2 modified     |    TOTAL:   6
pass   2 (--):   0 found -   2 modified     |    TOTAL:   6
pass   1 (-+):   3 found -   3 modified     |    TOTAL:   9
pass   2 (-+):   0 found -   3 modified     |    TOTAL:   9
Iteration Number : 3
pass   1 (xy+):   0 found -   0 modified     |    TOTAL:   0
pass   1 (xy-):   0 found -   0 modified     |    TOTAL:   0
pass   1 (yz+):   0 found -   0 modified     |    TOTAL:   0
pass   1 (yz-):   0 found -   0 modified     |    TOTAL:   0
pass   1 (xz+):   0 found -   0 modified     |    TOTAL:   0
pass   1 (xz-):   0 found -   0 modified     |    TOTAL:   0
Iteration Number : 3
pass   1 (+++):   0 found -   0 modified     |    TOTAL:   0
pass   1 (+++):   0 found -   0 modified     |    TOTAL:   0
pass   1 (+++):   0 found -   0 modified     |    TOTAL:   0
pass   1 (+++):   0 found -   0 modified     |    TOTAL:   0
Iteration Number : 3
pass   1 (++):   0 found -   0 modified     |    TOTAL:   0
pass   1 (+-):   0 found -   0 modified     |    TOTAL:   0
pass   1 (--):   0 found -   0 modified     |    TOTAL:   0
pass   1 (-+):   0 found -   0 modified     |    TOTAL:   0

Total Number of Modified Voxels = 439 (out of 522254: 0.084059)
binarizing input wm segmentation...
Ambiguous edge configurations... 

mri_pretess done

#--------------------------------------------
#@# Fill Mon Mar  9 13:04:41 CET 2026
/out/sourcedata/freesurfer/sub-v1s21x0050414_ses-1/mri

 mri_fill -a ../scripts/ponscc.cut.log -xform transforms/talairach.lta -segmentation aseg.presurf.mgz -ctab /opt/freesurfer/SubCorticalMassLUT.txt wm.mgz filled.mgz 

logging cutting plane coordinates to ../scripts/ponscc.cut.log...
INFO: Using transforms/talairach.lta and its offset for Talairach volume ...
using segmentation aseg.presurf.mgz...
reading input volume...done.
searching for cutting planes...voxel to talairach voxel transform
 1.07238   0.13863   0.03704  -30.51079;
-0.11328   1.08290   0.36963  -19.00496;
 0.01084  -0.32646   0.92585   39.81430;
 0.00000   0.00000   0.00000   1.00000;
voxel to talairach voxel transform
 1.07238   0.13863   0.03704  -30.51079;
-0.11328   1.08290   0.36963  -19.00496;
 0.01084  -0.32646   0.92585   39.81430;
 0.00000   0.00000   0.00000   1.00000;
reading segmented volume aseg.presurf.mgz
removing CC from segmentation
Looking for area (min, max) = (350, 1400)
area[0] = 1526 (min = 350, max = 1400), aspect = 0.62 (min = 0.10, max = 0.75)
need search nearby
using seed (127, 117, 88), TAL = (1.0, -40.0, 11.0)
talairach voxel to voxel transform
 0.92026  -0.11506   0.00912   25.52779;
 0.08921   0.81309  -0.32818   31.24097;
 0.02068   0.28805   0.96427  -32.28630;
 0.00000   0.00000   0.00000   1.00000;
segmentation indicates cc at (127,  117,  88) --> (1.0, -40.0, 11.0)
done.
filling took 1.0 minutes
talairach cc position changed to (1.00, -40.00, 11.00)
Erasing brainstem...done.
seed_search_size = 9, min_neighbors = 5
search rh wm seed point around talairach space:(19.00, -40.00, 11.00) SRC: (113.18, 107.22, 88.53)
search lh wm seed point around talairach space (-17.00, -40.00, 11.00), SRC: (146.31, 110.43, 89.27)
compute mri_fill using aseg
Erasing Brain Stem and Cerebellum ...
Define left and right masks using aseg:
Building Voronoi diagram ...
Using the Voronoi diagram for separating WM into two hemispheres ...
Find the largest connected component for each hemisphere ...
Embedding colortable
mri_fill done, writing output to filled.mgz...
 cp filled.mgz filled.auto.mgz

Started at Mon Mar 9 11:38:02 CET 2026 
Ended   at Mon Mar 9 13:05:42 CET 2026
#@#%# recon-all-run-time-hours 1.461
recon-all -s sub-v1s21x0050414_ses-1 finished without error at Mon Mar  9 13:05:42 CET 2026



#New# invocation of recon-all 




Mon Mar  9 14:01:38 CET 2026
cd /out/sourcedata/freesurfer/sub-v1s21x0050414_ses-1
setenv SUBJECTS_DIR /out/sourcedata/freesurfer
/opt/freesurfer/bin/recon-all -parallel -subjid sub-v1s21x0050414_ses-1 -sd /out/sourcedata/freesurfer -cortribbon

subjid sub-v1s21x0050414_ses-1
setenv SUBJECTS_DIR /out/sourcedata/freesurfer
FREESURFER_HOME /opt/freesurfer
Actual FREESURFER_HOME /opt/freesurfer
build-stamp.txt: freesurfer-linux-ubuntu22_x86_64-7.3.2-20220804-6354275
Linux dna058 5.14.0-427.37.1.el9_4.x86_64 #1 SMP PREEMPT_DYNAMIC Fri Sep 13 12:41:50 EDT 2024 x86_64 x86_64 x86_64 GNU/Linux
cputime      unlimited
filesize     unlimited
datasize     unlimited
stacksize    8192 kbytes
coredumpsize 0 kbytes
memoryuse    67108864 kbytes
vmemoryuse   unlimited
descriptors  1024 
memorylocked unlimited
maxproc      2061970 
maxlocks     unlimited
maxsignal    2061970 
maxmessage   819200 
maxnice      0 
maxrtprio    0 
maxrttime    unlimited

               total        used        free      shared  buff/cache   available
Mem:           503Gi        78Gi       181Gi        14Gi       243Gi       407Gi
Swap:             0B          0B          0B

########################################
program versions used
7.3.2 (freesurfer-linux-ubuntu22_x86_64-7.3.2-20220804-6354275)
7.3.2

ProgramName: lta_convert  ProgramArguments: lta_convert -all-info  ProgramVersion: 7.3.2  TimeStamp: 2026/03/09-13:01:38-GMT  BuildTime: Aug  4 2022 06:17:15  BuildStamp: freesurfer-linux-ubuntu22_x86_64-7.3.2-20220804-6354275  User: oesteban  Machine: dna058  Platform: Linux  PlatformVersion: 5.14.0-427.37.1.el9_4.x86_64  CompilerName: GCC  CompilerVersion: 8.4.0
ProgramName: mri_and  ProgramArguments: mri_and -all-info  ProgramVersion: 7.3.2  TimeStamp: 2026/03/09-13:01:38-GMT  BuildTime: Aug  4 2022 06:17:15  BuildStamp: freesurfer-linux-ubuntu22_x86_64-7.3.2-20220804-6354275  User: oesteban  Machine: dna058  Platform: Linux  PlatformVersion: 5.14.0-427.37.1.el9_4.x86_64  CompilerName: GCC  CompilerVersion: 8.4.0
ProgramName: mri_annotation2label  ProgramArguments: mri_annotation2label -all-info  ProgramVersion: 7.3.2  TimeStamp: 2026/03/09-13:01:38-GMT  BuildTime: Aug  4 2022 06:17:15  BuildStamp: freesurfer-linux-ubuntu22_x86_64-7.3.2-20220804-6354275  User: oesteban  Machine: dna058  Platform: Linux  PlatformVersion: 5.14.0-427.37.1.el9_4.x86_64  CompilerName: GCC  CompilerVersion: 8.4.0
ProgramName: mri_aparc2aseg  ProgramArguments: mri_aparc2aseg -all-info  ProgramVersion: 7.3.2  TimeStamp: 2026/03/09-13:01:38-GMT  BuildTime: Aug  4 2022 06:17:15  BuildStamp: freesurfer-linux-ubuntu22_x86_64-7.3.2-20220804-6354275  User: oesteban  Machine: dna058  Platform: Linux  PlatformVersion: 5.14.0-427.37.1.el9_4.x86_64  CompilerName: GCC  CompilerVersion: 8.4.0
ProgramName: mri_surf2volseg  ProgramArguments: mri_surf2volseg -all-info  ProgramVersion: 7.3.2  TimeStamp: 2026/03/09-13:01:38-GMT  BuildTime: Aug  4 2022 06:17:15  BuildStamp: freesurfer-linux-ubuntu22_x86_64-7.3.2-20220804-6354275  User: oesteban  Machine: dna058  Platform: Linux  PlatformVersion: 5.14.0-427.37.1.el9_4.x86_64  CompilerName: GCC  CompilerVersion: 8.4.0
ProgramName: mri_binarize  ProgramArguments: mri_binarize -all-info  ProgramVersion: 7.3.2  TimeStamp: 2026/03/09-13:01:38-GMT  BuildTime: Aug  4 2022 06:17:15  BuildStamp: freesurfer-linux-ubuntu22_x86_64-7.3.2-20220804-6354275  User: oesteban  Machine: dna058  Platform: Linux  PlatformVersion: 5.14.0-427.37.1.el9_4.x86_64  CompilerName: GCC  CompilerVersion: 8.4.0
ProgramName: mri_ca_label  ProgramArguments: mri_ca_label -all-info  ProgramVersion: 7.3.2  TimeStamp: 2026/03/09-13:01:38-GMT  BuildTime: Aug  4 2022 06:17:15  BuildStamp: freesurfer-linux-ubuntu22_x86_64-7.3.2-20220804-6354275  User: oesteban  Machine: dna058  Platform: Linux  PlatformVersion: 5.14.0-427.37.1.el9_4.x86_64  CompilerName: GCC  CompilerVersion: 8.4.0
ProgramName: mri_ca_normalize  ProgramArguments: mri_ca_normalize -all-info  ProgramVersion: 7.3.2  TimeStamp: 2026/03/09-13:01:38-GMT  BuildTime: Aug  4 2022 06:17:15  BuildStamp: freesurfer-linux-ubuntu22_x86_64-7.3.2-20220804-6354275  User: oesteban  Machine: dna058  Platform: Linux  PlatformVersion: 5.14.0-427.37.1.el9_4.x86_64  CompilerName: GCC  CompilerVersion: 8.4.0
ProgramName: mri_ca_register  ProgramArguments: mri_ca_register -all-info  ProgramVersion: 7.3.2  TimeStamp: 2026/03/09-13:01:38-GMT  BuildTime: Aug  4 2022 06:17:15  BuildStamp: freesurfer-linux-ubuntu22_x86_64-7.3.2-20220804-6354275  User: oesteban  Machine: dna058  Platform: Linux  PlatformVersion: 5.14.0-427.37.1.el9_4.x86_64  CompilerName: GCC  CompilerVersion: 8.4.0
ProgramName: mri_cc  ProgramArguments: mri_cc -all-info  ProgramVersion: 7.3.2  TimeStamp: 2026/03/09-13:01:38-GMT  BuildTime: Aug  4 2022 06:17:15  BuildStamp: freesurfer-linux-ubuntu22_x86_64-7.3.2-20220804-6354275  User: oesteban  Machine: dna058  Platform: Linux  PlatformVersion: 5.14.0-427.37.1.el9_4.x86_64  CompilerName: GCC  CompilerVersion: 8.4.0
ProgramName: mri_compute_overlap  ProgramArguments: mri_compute_overlap -all-info  ProgramVersion: 7.3.2  TimeStamp: 2026/03/09-13:01:38-GMT  BuildTime: Aug  4 2022 06:17:15  BuildStamp: freesurfer-linux-ubuntu22_x86_64-7.3.2-20220804-6354275  User: oesteban  Machine: dna058  Platform: Linux  PlatformVersion: 5.14.0-427.37.1.el9_4.x86_64  CompilerName: GCC  CompilerVersion: 8.4.0
ProgramName: mri_compute_seg_overlap  ProgramArguments: mri_compute_seg_overlap -all-info  ProgramVersion: 7.3.2  TimeStamp: 2026/03/09-13:01:38-GMT  BuildTime: Aug  4 2022 06:17:15  BuildStamp: freesurfer-linux-ubuntu22_x86_64-7.3.2-20220804-6354275  User: oesteban  Machine: dna058  Platform: Linux  PlatformVersion: 5.14.0-427.37.1.el9_4.x86_64  CompilerName: GCC  CompilerVersion: 8.4.0
ProgramName: mri_concat  ProgramArguments: mri_concat -all-info  ProgramVersion: 7.3.2  TimeStamp: 2026/03/09-13:01:38-GMT  BuildTime: Aug  4 2022 06:17:15  BuildStamp: freesurfer-linux-ubuntu22_x86_64-7.3.2-20220804-6354275  User: oesteban  Machine: dna058  Platform: Linux  PlatformVersion: 5.14.0-427.37.1.el9_4.x86_64  CompilerName: GCC  CompilerVersion: 8.4.0
ProgramName: mri_concatenate_lta  ProgramArguments: mri_concatenate_lta -all-info  ProgramVersion: 7.3.2  TimeStamp: 2026/03/09-13:01:38-GMT  BuildTime: Aug  4 2022 06:17:15  BuildStamp: freesurfer-linux-ubuntu22_x86_64-7.3.2-20220804-6354275  User: oesteban  Machine: dna058  Platform: Linux  PlatformVersion: 5.14.0-427.37.1.el9_4.x86_64  CompilerName: GCC  CompilerVersion: 8.4.0
mri_convert -all-info 
ProgramName: mri_convert  ProgramArguments: mri_convert -all-info  ProgramVersion: 7.3.2  TimeStamp: 2026/03/09-13:01:38-GMT  BuildTime: Aug  4 2022 06:17:15  BuildStamp: freesurfer-linux-ubuntu22_x86_64-7.3.2-20220804-6354275  User: oesteban  Machine: dna058  Platform: Linux  PlatformVersion: 5.14.0-427.37.1.el9_4.x86_64  CompilerName: GCC  CompilerVersion: 8.4.0
ProgramName: mri_diff  ProgramArguments: mri_diff -all-info  ProgramVersion: 7.3.2  TimeStamp: 2026/03/09-13:01:38-GMT  BuildTime: Aug  4 2022 06:17:15  BuildStamp: freesurfer-linux-ubuntu22_x86_64-7.3.2-20220804-6354275  User: oesteban  Machine: dna058  Platform: Linux  PlatformVersion: 5.14.0-427.37.1.el9_4.x86_64  CompilerName: GCC  CompilerVersion: 8.4.0
ProgramName: mri_edit_wm_with_aseg  ProgramArguments: mri_edit_wm_with_aseg -all-info  ProgramVersion: 7.3.2  TimeStamp: 2026/03/09-13:01:38-GMT  BuildTime: Aug  4 2022 06:17:15  BuildStamp: freesurfer-linux-ubuntu22_x86_64-7.3.2-20220804-6354275  User: oesteban  Machine: dna058  Platform: Linux  PlatformVersion: 5.14.0-427.37.1.el9_4.x86_64  CompilerName: GCC  CompilerVersion: 8.4.0
ProgramName: mri_em_register  ProgramArguments: mri_em_register -all-info  ProgramVersion: 7.3.2  TimeStamp: 2026/03/09-13:01:38-GMT  BuildTime: Aug  4 2022 06:17:15  BuildStamp: freesurfer-linux-ubuntu22_x86_64-7.3.2-20220804-6354275  User: oesteban  Machine: dna058  Platform: Linux  PlatformVersion: 5.14.0-427.37.1.el9_4.x86_64  CompilerName: GCC  CompilerVersion: 8.4.0
ProgramName: mri_fill  ProgramArguments: mri_fill -all-info  ProgramVersion: 7.3.2  TimeStamp: 2026/03/09-13:01:38-GMT  BuildTime: Aug  4 2022 06:17:15  BuildStamp: freesurfer-linux-ubuntu22_x86_64-7.3.2-20220804-6354275  User: oesteban  Machine: dna058  Platform: Linux  PlatformVersion: 5.14.0-427.37.1.el9_4.x86_64  CompilerName: GCC  CompilerVersion: 8.4.0
ProgramName: mri_fuse_segmentations  ProgramArguments: mri_fuse_segmentations -all-info  ProgramVersion: 7.3.2  TimeStamp: 2026/03/09-13:01:38-GMT  BuildTime: Aug  4 2022 06:17:15  BuildStamp: freesurfer-linux-ubuntu22_x86_64-7.3.2-20220804-6354275  User: oesteban  Machine: dna058  Platform: Linux  PlatformVersion: 5.14.0-427.37.1.el9_4.x86_64  CompilerName: GCC  CompilerVersion: 8.4.0
ProgramName: mri_fwhm  ProgramArguments: mri_fwhm -all-info  ProgramVersion: 7.3.2  TimeStamp: 2026/03/09-13:01:38-GMT  BuildTime: Aug  4 2022 06:17:15  BuildStamp: freesurfer-linux-ubuntu22_x86_64-7.3.2-20220804-6354275  User: oesteban  Machine: dna058  Platform: Linux  PlatformVersion: 5.14.0-427.37.1.el9_4.x86_64  CompilerName: GCC  CompilerVersion: 8.4.0
ProgramName: mri_gcut  ProgramArguments: mri_gcut -all-info  ProgramVersion: 7.3.2  TimeStamp: 2026/03/09-13:01:38-GMT  BuildTime: Aug  4 2022 06:17:15  BuildStamp: freesurfer-linux-ubuntu22_x86_64-7.3.2-20220804-6354275  User: oesteban  Machine: dna058  Platform: Linux  PlatformVersion: 5.14.0-427.37.1.el9_4.x86_64  CompilerName: GCC  CompilerVersion: 8.4.0
ProgramName: mri_info  ProgramArguments: mri_info -all-info  ProgramVersion: 7.3.2  TimeStamp: 2026/03/09-13:01:38-GMT  BuildTime: Aug  4 2022 06:17:15  BuildStamp: freesurfer-linux-ubuntu22_x86_64-7.3.2-20220804-6354275  User: oesteban  Machine: dna058  Platform: Linux  PlatformVersion: 5.14.0-427.37.1.el9_4.x86_64  CompilerName: GCC  CompilerVersion: 8.4.0
ProgramName: mri_label2label  ProgramArguments: mri_label2label -all-info  ProgramVersion: 7.3.2  TimeStamp: 2026/03/09-13:01:38-GMT  BuildTime: Aug  4 2022 06:17:15  BuildStamp: freesurfer-linux-ubuntu22_x86_64-7.3.2-20220804-6354275  User: oesteban  Machine: dna058  Platform: Linux  PlatformVersion: 5.14.0-427.37.1.el9_4.x86_64  CompilerName: GCC  CompilerVersion: 8.4.0
ProgramName: mri_label2vol  ProgramArguments: mri_label2vol -all-info  ProgramVersion: 7.3.2  TimeStamp: 2026/03/09-13:01:38-GMT  BuildTime: Aug  4 2022 06:17:15  BuildStamp: freesurfer-linux-ubuntu22_x86_64-7.3.2-20220804-6354275  User: oesteban  Machine: dna058  Platform: Linux  PlatformVersion: 5.14.0-427.37.1.el9_4.x86_64  CompilerName: GCC  CompilerVersion: 8.4.0
ProgramName: mri_log_likelihood  ProgramArguments: mri_log_likelihood -all-info  ProgramVersion: 7.3.2  TimeStamp: 2026/03/09-13:01:38-GMT  BuildTime: Aug  4 2022 06:17:15  BuildStamp: freesurfer-linux-ubuntu22_x86_64-7.3.2-20220804-6354275  User: oesteban  Machine: dna058  Platform: Linux  PlatformVersion: 5.14.0-427.37.1.el9_4.x86_64  CompilerName: GCC  CompilerVersion: 8.4.0
ProgramName: mri_mask  ProgramArguments: mri_mask -all-info  ProgramVersion: 7.3.2  TimeStamp: 2026/03/09-13:01:38-GMT  BuildTime: Aug  4 2022 06:17:15  BuildStamp: freesurfer-linux-ubuntu22_x86_64-7.3.2-20220804-6354275  User: oesteban  Machine: dna058  Platform: Linux  PlatformVersion: 5.14.0-427.37.1.el9_4.x86_64  CompilerName: GCC  CompilerVersion: 8.4.0
ProgramName: mri_matrix_multiply  ProgramArguments: mri_matrix_multiply -all-info  ProgramVersion: 7.3.2  TimeStamp: 2026/03/09-13:01:38-GMT  BuildTime: Aug  4 2022 06:17:15  BuildStamp: freesurfer-linux-ubuntu22_x86_64-7.3.2-20220804-6354275  User: oesteban  Machine: dna058  Platform: Linux  PlatformVersion: 5.14.0-427.37.1.el9_4.x86_64  CompilerName: GCC  CompilerVersion: 8.4.0
ProgramName: mri_normalize  ProgramArguments: mri_normalize -all-info  ProgramVersion: 7.3.2  TimeStamp: 2026/03/09-13:01:38-GMT  BuildTime: Aug  4 2022 06:17:15  BuildStamp: freesurfer-linux-ubuntu22_x86_64-7.3.2-20220804-6354275  User: oesteban  Machine: dna058  Platform: Linux  PlatformVersion: 5.14.0-427.37.1.el9_4.x86_64  CompilerName: GCC  CompilerVersion: 8.4.0
ProgramName: mri_normalize_tp2  ProgramArguments: mri_normalize_tp2 -all-info  ProgramVersion: 7.3.2  TimeStamp: 2026/03/09-13:01:38-GMT  BuildTime: Aug  4 2022 06:17:15  BuildStamp: freesurfer-linux-ubuntu22_x86_64-7.3.2-20220804-6354275  User: oesteban  Machine: dna058  Platform: Linux  PlatformVersion: 5.14.0-427.37.1.el9_4.x86_64  CompilerName: GCC  CompilerVersion: 8.4.0
ProgramName: mri_or  ProgramArguments: mri_or -all-info  ProgramVersion: 7.3.2  TimeStamp: 2026/03/09-13:01:38-GMT  BuildTime: Aug  4 2022 06:17:15  BuildStamp: freesurfer-linux-ubuntu22_x86_64-7.3.2-20220804-6354275  User: oesteban  Machine: dna058  Platform: Linux  PlatformVersion: 5.14.0-427.37.1.el9_4.x86_64  CompilerName: GCC  CompilerVersion: 8.4.0
ProgramName: mri_relabel_hypointensities  ProgramArguments: mri_relabel_hypointensities -all-info  ProgramVersion: 7.3.2  TimeStamp: 2026/03/09-13:01:38-GMT  BuildTime: Aug  4 2022 06:17:15  BuildStamp: freesurfer-linux-ubuntu22_x86_64-7.3.2-20220804-6354275  User: oesteban  Machine: dna058  Platform: Linux  PlatformVersion: 5.14.0-427.37.1.el9_4.x86_64  CompilerName: GCC  CompilerVersion: 8.4.0
ProgramName: mri_relabel_nonwm_hypos  ProgramArguments: mri_relabel_nonwm_hypos -all-info  ProgramVersion: 7.3.2  TimeStamp: 2026/03/09-13:01:38-GMT  BuildTime: Aug  4 2022 06:17:15  BuildStamp: freesurfer-linux-ubuntu22_x86_64-7.3.2-20220804-6354275  User: oesteban  Machine: dna058  Platform: Linux  PlatformVersion: 5.14.0-427.37.1.el9_4.x86_64  CompilerName: GCC  CompilerVersion: 8.4.0
ProgramName: mri_remove_neck  ProgramArguments: mri_remove_neck -all-info  ProgramVersion: 7.3.2  TimeStamp: 2026/03/09-13:01:38-GMT  BuildTime: Aug  4 2022 06:17:15  BuildStamp: freesurfer-linux-ubuntu22_x86_64-7.3.2-20220804-6354275  User: oesteban  Machine: dna058  Platform: Linux  PlatformVersion: 5.14.0-427.37.1.el9_4.x86_64  CompilerName: GCC  CompilerVersion: 8.4.0
7.3.2

ProgramName: mri_robust_register  ProgramArguments: mri_robust_register -all-info  ProgramVersion: 7.3.2  TimeStamp: 2026/03/09-13:01:38-GMT  BuildTime: Aug  4 2022 06:17:15  BuildStamp: freesurfer-linux-ubuntu22_x86_64-7.3.2-20220804-6354275  User: oesteban  Machine: dna058  Platform: Linux  PlatformVersion: 5.14.0-427.37.1.el9_4.x86_64  CompilerName: GCC  CompilerVersion: 8.4.0
7.3.2

ProgramName: mri_robust_template  ProgramArguments: mri_robust_template -all-info  ProgramVersion: 7.3.2  TimeStamp: 2026/03/09-13:01:38-GMT  BuildTime: Aug  4 2022 06:17:15  BuildStamp: freesurfer-linux-ubuntu22_x86_64-7.3.2-20220804-6354275  User: oesteban  Machine: dna058  Platform: Linux  PlatformVersion: 5.14.0-427.37.1.el9_4.x86_64  CompilerName: GCC  CompilerVersion: 8.4.0
ProgramName: mris_anatomical_stats  ProgramArguments: mris_anatomical_stats -all-info  ProgramVersion: 7.3.2  TimeStamp: 2026/03/09-13:01:38-GMT  BuildTime: Aug  4 2022 06:17:15  BuildStamp: freesurfer-linux-ubuntu22_x86_64-7.3.2-20220804-6354275  User: oesteban  Machine: dna058  Platform: Linux  PlatformVersion: 5.14.0-427.37.1.el9_4.x86_64  CompilerName: GCC  CompilerVersion: 8.4.0
ProgramName: mris_ca_label  ProgramArguments: mris_ca_label -all-info  ProgramVersion: 7.3.2  TimeStamp: 2026/03/09-13:01:38-GMT  BuildTime: Aug  4 2022 06:17:15  BuildStamp: freesurfer-linux-ubuntu22_x86_64-7.3.2-20220804-6354275  User: oesteban  Machine: dna058  Platform: Linux  PlatformVersion: 5.14.0-427.37.1.el9_4.x86_64  CompilerName: GCC  CompilerVersion: 8.4.0
ProgramName: mris_calc  ProgramArguments: mris_calc -all-info  ProgramVersion: 7.3.2  TimeStamp: 2026/03/09-13:01:38-GMT  BuildTime: Aug  4 2022 06:17:15  BuildStamp: freesurfer-linux-ubuntu22_x86_64-7.3.2-20220804-6354275  User: oesteban  Machine: dna058  Platform: Linux  PlatformVersion: 5.14.0-427.37.1.el9_4.x86_64  CompilerName: GCC  CompilerVersion: 8.4.0
ProgramName: mris_convert  ProgramArguments: mris_convert -all-info  ProgramVersion: 7.3.2  TimeStamp: 2026/03/09-13:01:38-GMT  BuildTime: Aug  4 2022 06:17:15  BuildStamp: freesurfer-linux-ubuntu22_x86_64-7.3.2-20220804-6354275  User: oesteban  Machine: dna058  Platform: Linux  PlatformVersion: 5.14.0-427.37.1.el9_4.x86_64  CompilerName: GCC  CompilerVersion: 8.4.0
ProgramName: mris_curvature  ProgramArguments: mris_curvature -all-info  ProgramVersion: 7.3.2  TimeStamp: 2026/03/09-13:01:38-GMT  BuildTime: Aug  4 2022 06:17:15  BuildStamp: freesurfer-linux-ubuntu22_x86_64-7.3.2-20220804-6354275  User: oesteban  Machine: dna058  Platform: Linux  PlatformVersion: 5.14.0-427.37.1.el9_4.x86_64  CompilerName: GCC  CompilerVersion: 8.4.0
ProgramName: mris_curvature_stats  ProgramArguments: mris_curvature_stats -all-info  ProgramVersion: 7.3.2  TimeStamp: 2026/03/09-13:01:38-GMT  BuildTime: Aug  4 2022 06:17:15  BuildStamp: freesurfer-linux-ubuntu22_x86_64-7.3.2-20220804-6354275  User: oesteban  Machine: dna058  Platform: Linux  PlatformVersion: 5.14.0-427.37.1.el9_4.x86_64  CompilerName: GCC  CompilerVersion: 8.4.0
ProgramName: mris_diff  ProgramArguments: mris_diff -all-info  ProgramVersion: 7.3.2  TimeStamp: 2026/03/09-13:01:38-GMT  BuildTime: Aug  4 2022 06:17:15  BuildStamp: freesurfer-linux-ubuntu22_x86_64-7.3.2-20220804-6354275  User: oesteban  Machine: dna058  Platform: Linux  PlatformVersion: 5.14.0-427.37.1.el9_4.x86_64  CompilerName: GCC  CompilerVersion: 8.4.0
ProgramName: mris_divide_parcellation  ProgramArguments: mris_divide_parcellation -all-info  ProgramVersion: 7.3.2  TimeStamp: 2026/03/09-13:01:38-GMT  BuildTime: Aug  4 2022 06:17:15  BuildStamp: freesurfer-linux-ubuntu22_x86_64-7.3.2-20220804-6354275  User: oesteban  Machine: dna058  Platform: Linux  PlatformVersion: 5.14.0-427.37.1.el9_4.x86_64  CompilerName: GCC  CompilerVersion: 8.4.0
ProgramName: mri_segment  ProgramArguments: mri_segment -all-info  ProgramVersion: 7.3.2  TimeStamp: 2026/03/09-13:01:38-GMT  BuildTime: Aug  4 2022 06:17:15  BuildStamp: freesurfer-linux-ubuntu22_x86_64-7.3.2-20220804-6354275  User: oesteban  Machine: dna058  Platform: Linux  PlatformVersion: 5.14.0-427.37.1.el9_4.x86_64  CompilerName: GCC  CompilerVersion: 8.4.0
ProgramName: mri_segstats  ProgramArguments: mri_segstats -all-info  ProgramVersion: 7.3.2  TimeStamp: 2026/03/09-13:01:38-GMT  BuildTime: Aug  4 2022 06:17:15  BuildStamp: freesurfer-linux-ubuntu22_x86_64-7.3.2-20220804-6354275  User: oesteban  Machine: dna058  Platform: Linux  PlatformVersion: 5.14.0-427.37.1.el9_4.x86_64  CompilerName: GCC  CompilerVersion: 8.4.0
ProgramName: mris_euler_number  ProgramArguments: mris_euler_number -all-info  ProgramVersion: 7.3.2  TimeStamp: 2026/03/09-13:01:38-GMT  BuildTime: Aug  4 2022 06:17:15  BuildStamp: freesurfer-linux-ubuntu22_x86_64-7.3.2-20220804-6354275  User: oesteban  Machine: dna058  Platform: Linux  PlatformVersion: 5.14.0-427.37.1.el9_4.x86_64  CompilerName: GCC  CompilerVersion: 8.4.0
ProgramName: mris_fix_topology  ProgramArguments: mris_fix_topology -all-info  ProgramVersion: 7.3.2  TimeStamp: 2026/03/09-13:01:38-GMT  BuildTime: Aug  4 2022 06:17:15  BuildStamp: freesurfer-linux-ubuntu22_x86_64-7.3.2-20220804-6354275  User: oesteban  Machine: dna058  Platform: Linux  PlatformVersion: 5.14.0-427.37.1.el9_4.x86_64  CompilerName: GCC  CompilerVersion: 8.4.0
ProgramName: mris_topo_fixer  ProgramArguments: mris_topo_fixer -all-info  ProgramVersion: 7.3.2  TimeStamp: 2026/03/09-13:01:38-GMT  BuildTime: Aug  4 2022 06:17:15  BuildStamp: freesurfer-linux-ubuntu22_x86_64-7.3.2-20220804-6354275  User: oesteban  Machine: dna058  Platform: Linux  PlatformVersion: 5.14.0-427.37.1.el9_4.x86_64  CompilerName: GCC  CompilerVersion: 8.4.0
ProgramName: mris_jacobian  ProgramArguments: mris_jacobian -all-info  ProgramVersion: 7.3.2  TimeStamp: 2026/03/09-13:01:38-GMT  BuildTime: Aug  4 2022 06:17:15  BuildStamp: freesurfer-linux-ubuntu22_x86_64-7.3.2-20220804-6354275  User: oesteban  Machine: dna058  Platform: Linux  PlatformVersion: 5.14.0-427.37.1.el9_4.x86_64  CompilerName: GCC  CompilerVersion: 8.4.0
ProgramName: mris_label2annot  ProgramArguments: mris_label2annot -all-info  ProgramVersion: 7.3.2  TimeStamp: 2026/03/09-13:01:38-GMT  BuildTime: Aug  4 2022 06:17:15  BuildStamp: freesurfer-linux-ubuntu22_x86_64-7.3.2-20220804-6354275  User: oesteban  Machine: dna058  Platform: Linux  PlatformVersion: 5.14.0-427.37.1.el9_4.x86_64  CompilerName: GCC  CompilerVersion: 8.4.0
ProgramName: mris_left_right_register  ProgramArguments: mris_left_right_register -all-info  ProgramVersion: 7.3.2  TimeStamp: 2026/03/09-13:01:38-GMT  BuildTime: Aug  4 2022 06:17:15  BuildStamp: freesurfer-linux-ubuntu22_x86_64-7.3.2-20220804-6354275  User: oesteban  Machine: dna058  Platform: Linux  PlatformVersion: 5.14.0-427.37.1.el9_4.x86_64  CompilerName: GCC  CompilerVersion: 8.4.0
ProgramName: mris_place_surface  ProgramArguments: mris_place_surface -all-info  ProgramVersion: 7.3.2  TimeStamp: 2026/03/09-13:01:38-GMT  BuildTime: Aug  4 2022 06:17:15  BuildStamp: freesurfer-linux-ubuntu22_x86_64-7.3.2-20220804-6354275  User: oesteban  Machine: dna058  Platform: Linux  PlatformVersion: 5.14.0-427.37.1.el9_4.x86_64  CompilerName: GCC  CompilerVersion: 8.4.0
ProgramName: mrisp_paint  ProgramArguments: mrisp_paint -all-info  ProgramVersion: 7.3.2  TimeStamp: 2026/03/09-13:01:38-GMT  BuildTime: Aug  4 2022 06:17:15  BuildStamp: freesurfer-linux-ubuntu22_x86_64-7.3.2-20220804-6354275  User: oesteban  Machine: dna058  Platform: Linux  PlatformVersion: 5.14.0-427.37.1.el9_4.x86_64  CompilerName: GCC  CompilerVersion: 8.4.0
ProgramName: mris_register  ProgramArguments: mris_register -all-info  ProgramVersion: 7.3.2  TimeStamp: 2026/03/09-13:01:38-GMT  BuildTime: Aug  4 2022 06:17:15  BuildStamp: freesurfer-linux-ubuntu22_x86_64-7.3.2-20220804-6354275  User: oesteban  Machine: dna058  Platform: Linux  PlatformVersion: 5.14.0-427.37.1.el9_4.x86_64  CompilerName: GCC  CompilerVersion: 8.4.0
ProgramName: mris_smooth  ProgramArguments: mris_smooth -all-info  ProgramVersion: 7.3.2  TimeStamp: 2026/03/09-13:01:38-GMT  BuildTime: Aug  4 2022 06:17:15  BuildStamp: freesurfer-linux-ubuntu22_x86_64-7.3.2-20220804-6354275  User: oesteban  Machine: dna058  Platform: Linux  PlatformVersion: 5.14.0-427.37.1.el9_4.x86_64  CompilerName: GCC  CompilerVersion: 8.4.0
ProgramName: mris_sphere  ProgramArguments: mris_sphere -all-info  ProgramVersion: 7.3.2  TimeStamp: 2026/03/09-13:01:38-GMT  BuildTime: Aug  4 2022 06:17:15  BuildStamp: freesurfer-linux-ubuntu22_x86_64-7.3.2-20220804-6354275  User: oesteban  Machine: dna058  Platform: Linux  PlatformVersion: 5.14.0-427.37.1.el9_4.x86_64  CompilerName: GCC  CompilerVersion: 8.4.0
ProgramName: mris_surface_stats  ProgramArguments: mris_surface_stats -all-info  ProgramVersion: 7.3.2  TimeStamp: 2026/03/09-13:01:38-GMT  BuildTime: Aug  4 2022 06:17:15  BuildStamp: freesurfer-linux-ubuntu22_x86_64-7.3.2-20220804-6354275  User: oesteban  Machine: dna058  Platform: Linux  PlatformVersion: 5.14.0-427.37.1.el9_4.x86_64  CompilerName: GCC  CompilerVersion: 8.4.0
ProgramName: mri_stats2seg  ProgramArguments: mri_stats2seg -all-info  ProgramVersion: 7.3.2  TimeStamp: 2026/03/09-13:01:38-GMT  BuildTime: Aug  4 2022 06:17:15  BuildStamp: freesurfer-linux-ubuntu22_x86_64-7.3.2-20220804-6354275  User: oesteban  Machine: dna058  Platform: Linux  PlatformVersion: 5.14.0-427.37.1.el9_4.x86_64  CompilerName: GCC  CompilerVersion: 8.4.0
ProgramName: mris_thickness  ProgramArguments: mris_thickness -all-info  ProgramVersion: 7.3.2  TimeStamp: 2026/03/09-13:01:38-GMT  BuildTime: Aug  4 2022 06:17:15  BuildStamp: freesurfer-linux-ubuntu22_x86_64-7.3.2-20220804-6354275  User: oesteban  Machine: dna058  Platform: Linux  PlatformVersion: 5.14.0-427.37.1.el9_4.x86_64  CompilerName: GCC  CompilerVersion: 8.4.0
ProgramName: mris_thickness_diff  ProgramArguments: mris_thickness_diff -all-info  ProgramVersion: 7.3.2  TimeStamp: 2026/03/09-13:01:38-GMT  BuildTime: Aug  4 2022 06:17:15  BuildStamp: freesurfer-linux-ubuntu22_x86_64-7.3.2-20220804-6354275  User: oesteban  Machine: dna058  Platform: Linux  PlatformVersion: 5.14.0-427.37.1.el9_4.x86_64  CompilerName: GCC  CompilerVersion: 8.4.0
ProgramName: mris_topo_fixer  ProgramArguments: mris_topo_fixer -all-info  ProgramVersion: 7.3.2  TimeStamp: 2026/03/09-13:01:38-GMT  BuildTime: Aug  4 2022 06:17:15  BuildStamp: freesurfer-linux-ubuntu22_x86_64-7.3.2-20220804-6354275  User: oesteban  Machine: dna058  Platform: Linux  PlatformVersion: 5.14.0-427.37.1.el9_4.x86_64  CompilerName: GCC  CompilerVersion: 8.4.0
ProgramName: mri_surf2surf  ProgramArguments: mri_surf2surf -all-info  ProgramVersion: 7.3.2  TimeStamp: 2026/03/09-13:01:38-GMT  BuildTime: Aug  4 2022 06:17:15  BuildStamp: freesurfer-linux-ubuntu22_x86_64-7.3.2-20220804-6354275  User: oesteban  Machine: dna058  Platform: Linux  PlatformVersion: 5.14.0-427.37.1.el9_4.x86_64  CompilerName: GCC  CompilerVersion: 8.4.0
ProgramName: mri_surf2vol  ProgramArguments: mri_surf2vol -all-info  ProgramVersion: 7.3.2  TimeStamp: 2026/03/09-13:01:38-GMT  BuildTime: Aug  4 2022 06:17:15  BuildStamp: freesurfer-linux-ubuntu22_x86_64-7.3.2-20220804-6354275  User: oesteban  Machine: dna058  Platform: Linux  PlatformVersion: 5.14.0-427.37.1.el9_4.x86_64  CompilerName: GCC  CompilerVersion: 8.4.0
ProgramName: mri_surfcluster  ProgramArguments: mri_surfcluster -all-info  ProgramVersion: 7.3.2  TimeStamp: 2026/03/09-13:01:38-GMT  BuildTime: Aug  4 2022 06:17:15  BuildStamp: freesurfer-linux-ubuntu22_x86_64-7.3.2-20220804-6354275  User: oesteban  Machine: dna058  Platform: Linux  PlatformVersion: 5.14.0-427.37.1.el9_4.x86_64  CompilerName: GCC  CompilerVersion: 8.4.0
ProgramName: mris_volmask  ProgramArguments: mris_volmask -all-info  ProgramVersion: 7.3.2  TimeStamp: 2026/03/09-13:01:38-GMT  BuildTime: Aug  4 2022 06:17:15  BuildStamp: freesurfer-linux-ubuntu22_x86_64-7.3.2-20220804-6354275  User: oesteban  Machine: dna058  Platform: Linux  PlatformVersion: 5.14.0-427.37.1.el9_4.x86_64  CompilerName: GCC  CompilerVersion: 8.4.0
ProgramName: mri_tessellate  ProgramArguments: mri_tessellate -all-info  ProgramVersion: 7.3.2  TimeStamp: 2026/03/09-13:01:38-GMT  BuildTime: Aug  4 2022 06:17:15  BuildStamp: freesurfer-linux-ubuntu22_x86_64-7.3.2-20220804-6354275  User: oesteban  Machine: dna058  Platform: Linux  PlatformVersion: 5.14.0-427.37.1.el9_4.x86_64  CompilerName: GCC  CompilerVersion: 8.4.0
ProgramName: mri_vol2surf  ProgramArguments: mri_vol2surf -all-info  ProgramVersion: 7.3.2  TimeStamp: 2026/03/09-13:01:38-GMT  BuildTime: Aug  4 2022 06:17:15  BuildStamp: freesurfer-linux-ubuntu22_x86_64-7.3.2-20220804-6354275  User: oesteban  Machine: dna058  Platform: Linux  PlatformVersion: 5.14.0-427.37.1.el9_4.x86_64  CompilerName: GCC  CompilerVersion: 8.4.0
ProgramName: mri_vol2vol  ProgramArguments: mri_vol2vol -all-info  ProgramVersion: 7.3.2  TimeStamp: 2026/03/09-13:01:38-GMT  BuildTime: Aug  4 2022 06:17:15  BuildStamp: freesurfer-linux-ubuntu22_x86_64-7.3.2-20220804-6354275  User: oesteban  Machine: dna058  Platform: Linux  PlatformVersion: 5.14.0-427.37.1.el9_4.x86_64  CompilerName: GCC  CompilerVersion: 8.4.0
ProgramName: mri_voldiff  ProgramArguments: mri_voldiff -all-info  ProgramVersion: 7.3.2  TimeStamp: 2026/03/09-13:01:38-GMT  BuildTime: Aug  4 2022 06:17:15  BuildStamp: freesurfer-linux-ubuntu22_x86_64-7.3.2-20220804-6354275  User: oesteban  Machine: dna058  Platform: Linux  PlatformVersion: 5.14.0-427.37.1.el9_4.x86_64  CompilerName: GCC  CompilerVersion: 8.4.0
ProgramName: mri_watershed  ProgramArguments: mri_watershed -all-info  ProgramVersion: 7.3.2  TimeStamp: 2026/03/09-13:01:38-GMT  BuildTime: Aug  4 2022 06:17:15  BuildStamp: freesurfer-linux-ubuntu22_x86_64-7.3.2-20220804-6354275  User: oesteban  Machine: dna058  Platform: Linux  PlatformVersion: 5.14.0-427.37.1.el9_4.x86_64  CompilerName: GCC  CompilerVersion: 8.4.0
ProgramName: tkregister2  ProgramArguments: tkregister2_cmdl -all-info  ProgramVersion: 7.3.2  TimeStamp: 2026/03/09-13:01:38-GMT  BuildTime: Aug  4 2022 06:17:15  BuildStamp: freesurfer-linux-ubuntu22_x86_64-7.3.2-20220804-6354275  User: oesteban  Machine: dna058  Platform: Linux  PlatformVersion: 5.14.0-427.37.1.el9_4.x86_64  CompilerName: GCC  CompilerVersion: 8.4.0
mri_motion_correct.fsl 7.3.2
mri_convert -all-info 
ProgramName: mri_convert  ProgramArguments: mri_convert -all-info  ProgramVersion: 7.3.2  TimeStamp: 2026/03/09-13:01:38-GMT  BuildTime: Aug  4 2022 06:17:15  BuildStamp: freesurfer-linux-ubuntu22_x86_64-7.3.2-20220804-6354275  User: oesteban  Machine: dna058  Platform: Linux  PlatformVersion: 5.14.0-427.37.1.el9_4.x86_64  CompilerName: GCC  CompilerVersion: 8.4.0
Program nu_correct, built from:
Package MNI N3, version 1.12.0, compiled by nicks@terrier (x86_64-unknown-linux-gnu) on 2015-06-19 at 01:25:34
#######################################
GCADIR /opt/freesurfer/average
GCA RB_all_2020-01-02.gca
GCASkull RB_all_withskull_2020_01_02.gca
AvgCurvTif folding.atlas.acfb40.noaparc.i12.2016-08-02.tif
GCSDIR /opt/freesurfer/average
GCS DKaparc.atlas.acfb40.noaparc.i12.2016-08-02.gcs
#######################################
#@# white curv lh Mon Mar  9 14:01:38 CET 2026
cd /out/sourcedata/freesurfer/sub-v1s21x0050414_ses-1/mri
mris_place_surface --curv-map ../surf/lh.white 2 10 ../surf/lh.curv
   Update not needed
#@# white area lh Mon Mar  9 14:01:38 CET 2026
cd /out/sourcedata/freesurfer/sub-v1s21x0050414_ses-1/mri
mris_place_surface --area-map ../surf/lh.white ../surf/lh.area
   Update not needed
#@# pial curv lh Mon Mar  9 14:01:39 CET 2026
cd /out/sourcedata/freesurfer/sub-v1s21x0050414_ses-1/mri
mris_place_surface --curv-map ../surf/lh.pial 2 10 ../surf/lh.curv.pial
   Update not needed
#@# pial area lh Mon Mar  9 14:01:39 CET 2026
cd /out/sourcedata/freesurfer/sub-v1s21x0050414_ses-1/mri
mris_place_surface --area-map ../surf/lh.pial ../surf/lh.area.pial
   Update not needed
#@# thickness lh Mon Mar  9 14:01:39 CET 2026
cd /out/sourcedata/freesurfer/sub-v1s21x0050414_ses-1/mri
mris_place_surface --thickness ../surf/lh.white ../surf/lh.pial 20 5 ../surf/lh.thickness
   Update not needed
#@# area and vertex vol lh Mon Mar  9 14:01:39 CET 2026
cd /out/sourcedata/freesurfer/sub-v1s21x0050414_ses-1/mri
mris_place_surface --thickness ../surf/lh.white ../surf/lh.pial 20 5 ../surf/lh.thickness
   Update not needed
#@# white curv rh Mon Mar  9 14:01:39 CET 2026
cd /out/sourcedata/freesurfer/sub-v1s21x0050414_ses-1/mri
mris_place_surface --curv-map ../surf/rh.white 2 10 ../surf/rh.curv
   Update not needed
#@# white area rh Mon Mar  9 14:01:39 CET 2026
cd /out/sourcedata/freesurfer/sub-v1s21x0050414_ses-1/mri
mris_place_surface --area-map ../surf/rh.white ../surf/rh.area
   Update not needed
#@# pial curv rh Mon Mar  9 14:01:39 CET 2026
cd /out/sourcedata/freesurfer/sub-v1s21x0050414_ses-1/mri
mris_place_surface --curv-map ../surf/rh.pial 2 10 ../surf/rh.curv.pial
   Update not needed
#@# pial area rh Mon Mar  9 14:01:39 CET 2026
cd /out/sourcedata/freesurfer/sub-v1s21x0050414_ses-1/mri
mris_place_surface --area-map ../surf/rh.pial ../surf/rh.area.pial
   Update not needed
#@# thickness rh Mon Mar  9 14:01:39 CET 2026
cd /out/sourcedata/freesurfer/sub-v1s21x0050414_ses-1/mri
mris_place_surface --thickness ../surf/rh.white ../surf/rh.pial 20 5 ../surf/rh.thickness
   Update not needed
#@# area and vertex vol rh Mon Mar  9 14:01:39 CET 2026
cd /out/sourcedata/freesurfer/sub-v1s21x0050414_ses-1/mri
mris_place_surface --thickness ../surf/rh.white ../surf/rh.pial 20 5 ../surf/rh.thickness
   Update not needed
#--------------------------------------------
#@# Cortical ribbon mask Mon Mar  9 14:01:39 CET 2026
/out/sourcedata/freesurfer/sub-v1s21x0050414_ses-1/mri

 mris_volmask --aseg_name aseg.presurf --label_left_white 2 --label_left_ribbon 3 --label_right_white 41 --label_right_ribbon 42 --save_ribbon sub-v1s21x0050414_ses-1 

SUBJECTS_DIR is /out/sourcedata/freesurfer
loading input data...
Running hemis serially
Processing left hemi
computing distance to left white surface 
computing distance to left pial surface 
Processing right hemi
computing distance to right white surface 
computing distance to right pial surface 
 hemi masks overlap voxels = 466
writing volume /out/sourcedata/freesurfer/sub-v1s21x0050414_ses-1/mri/ribbon.mgz
mris_volmask took 4.26 minutes
 writing ribbon files

Started at Mon Mar 9 14:01:38 CET 2026 
Ended   at Mon Mar 9 14:05:54 CET 2026
#@#%# recon-all-run-time-hours 0.071
recon-all -s sub-v1s21x0050414_ses-1 finished without error at Mon Mar  9 14:05:54 CET 2026



#New# invocation of recon-all 




Mon Mar  9 14:12:35 CET 2026
cd /out/sourcedata/freesurfer/sub-v1s21x0050414_ses-1
setenv SUBJECTS_DIR /out/sourcedata/freesurfer
/opt/freesurfer/bin/recon-all -autorecon3 -openmp 16 -subjid sub-v1s21x0050414_ses-1 -sd /out/sourcedata/freesurfer -nosphere -nosurfreg -nojacobian_white -noavgcurv -nocortparc -nopial -noparcstats -nocortparc2 -noparcstats2 -nocortparc3 -noparcstats3 -nopctsurfcon -nocortribbon -nobalabels

subjid sub-v1s21x0050414_ses-1
setenv SUBJECTS_DIR /out/sourcedata/freesurfer
FREESURFER_HOME /opt/freesurfer
Actual FREESURFER_HOME /opt/freesurfer
build-stamp.txt: freesurfer-linux-ubuntu22_x86_64-7.3.2-20220804-6354275
Linux dna058 5.14.0-427.37.1.el9_4.x86_64 #1 SMP PREEMPT_DYNAMIC Fri Sep 13 12:41:50 EDT 2024 x86_64 x86_64 x86_64 GNU/Linux
cputime      unlimited
filesize     unlimited
datasize     unlimited
stacksize    8192 kbytes
coredumpsize 0 kbytes
memoryuse    67108864 kbytes
vmemoryuse   unlimited
descriptors  1024 
memorylocked unlimited
maxproc      2061970 
maxlocks     unlimited
maxsignal    2061970 
maxmessage   819200 
maxnice      0 
maxrtprio    0 
maxrttime    unlimited

               total        used        free      shared  buff/cache   available
Mem:           503Gi        85Gi       177Gi        14Gi       240Gi       399Gi
Swap:             0B          0B          0B

########################################
program versions used
7.3.2 (freesurfer-linux-ubuntu22_x86_64-7.3.2-20220804-6354275)
7.3.2

ProgramName: lta_convert  ProgramArguments: lta_convert -all-info  ProgramVersion: 7.3.2  TimeStamp: 2026/03/09-13:12:35-GMT  BuildTime: Aug  4 2022 06:17:15  BuildStamp: freesurfer-linux-ubuntu22_x86_64-7.3.2-20220804-6354275  User: oesteban  Machine: dna058  Platform: Linux  PlatformVersion: 5.14.0-427.37.1.el9_4.x86_64  CompilerName: GCC  CompilerVersion: 8.4.0
ProgramName: mri_and  ProgramArguments: mri_and -all-info  ProgramVersion: 7.3.2  TimeStamp: 2026/03/09-13:12:35-GMT  BuildTime: Aug  4 2022 06:17:15  BuildStamp: freesurfer-linux-ubuntu22_x86_64-7.3.2-20220804-6354275  User: oesteban  Machine: dna058  Platform: Linux  PlatformVersion: 5.14.0-427.37.1.el9_4.x86_64  CompilerName: GCC  CompilerVersion: 8.4.0
ProgramName: mri_annotation2label  ProgramArguments: mri_annotation2label -all-info  ProgramVersion: 7.3.2  TimeStamp: 2026/03/09-13:12:35-GMT  BuildTime: Aug  4 2022 06:17:15  BuildStamp: freesurfer-linux-ubuntu22_x86_64-7.3.2-20220804-6354275  User: oesteban  Machine: dna058  Platform: Linux  PlatformVersion: 5.14.0-427.37.1.el9_4.x86_64  CompilerName: GCC  CompilerVersion: 8.4.0
ProgramName: mri_aparc2aseg  ProgramArguments: mri_aparc2aseg -all-info  ProgramVersion: 7.3.2  TimeStamp: 2026/03/09-13:12:35-GMT  BuildTime: Aug  4 2022 06:17:15  BuildStamp: freesurfer-linux-ubuntu22_x86_64-7.3.2-20220804-6354275  User: oesteban  Machine: dna058  Platform: Linux  PlatformVersion: 5.14.0-427.37.1.el9_4.x86_64  CompilerName: GCC  CompilerVersion: 8.4.0
ProgramName: mri_surf2volseg  ProgramArguments: mri_surf2volseg -all-info  ProgramVersion: 7.3.2  TimeStamp: 2026/03/09-13:12:35-GMT  BuildTime: Aug  4 2022 06:17:15  BuildStamp: freesurfer-linux-ubuntu22_x86_64-7.3.2-20220804-6354275  User: oesteban  Machine: dna058  Platform: Linux  PlatformVersion: 5.14.0-427.37.1.el9_4.x86_64  CompilerName: GCC  CompilerVersion: 8.4.0
ProgramName: mri_binarize  ProgramArguments: mri_binarize -all-info  ProgramVersion: 7.3.2  TimeStamp: 2026/03/09-13:12:35-GMT  BuildTime: Aug  4 2022 06:17:15  BuildStamp: freesurfer-linux-ubuntu22_x86_64-7.3.2-20220804-6354275  User: oesteban  Machine: dna058  Platform: Linux  PlatformVersion: 5.14.0-427.37.1.el9_4.x86_64  CompilerName: GCC  CompilerVersion: 8.4.0
ProgramName: mri_ca_label  ProgramArguments: mri_ca_label -all-info  ProgramVersion: 7.3.2  TimeStamp: 2026/03/09-13:12:35-GMT  BuildTime: Aug  4 2022 06:17:15  BuildStamp: freesurfer-linux-ubuntu22_x86_64-7.3.2-20220804-6354275  User: oesteban  Machine: dna058  Platform: Linux  PlatformVersion: 5.14.0-427.37.1.el9_4.x86_64  CompilerName: GCC  CompilerVersion: 8.4.0
ProgramName: mri_ca_normalize  ProgramArguments: mri_ca_normalize -all-info  ProgramVersion: 7.3.2  TimeStamp: 2026/03/09-13:12:35-GMT  BuildTime: Aug  4 2022 06:17:15  BuildStamp: freesurfer-linux-ubuntu22_x86_64-7.3.2-20220804-6354275  User: oesteban  Machine: dna058  Platform: Linux  PlatformVersion: 5.14.0-427.37.1.el9_4.x86_64  CompilerName: GCC  CompilerVersion: 8.4.0
ProgramName: mri_ca_register  ProgramArguments: mri_ca_register -all-info  ProgramVersion: 7.3.2  TimeStamp: 2026/03/09-13:12:35-GMT  BuildTime: Aug  4 2022 06:17:15  BuildStamp: freesurfer-linux-ubuntu22_x86_64-7.3.2-20220804-6354275  User: oesteban  Machine: dna058  Platform: Linux  PlatformVersion: 5.14.0-427.37.1.el9_4.x86_64  CompilerName: GCC  CompilerVersion: 8.4.0
ProgramName: mri_cc  ProgramArguments: mri_cc -all-info  ProgramVersion: 7.3.2  TimeStamp: 2026/03/09-13:12:35-GMT  BuildTime: Aug  4 2022 06:17:15  BuildStamp: freesurfer-linux-ubuntu22_x86_64-7.3.2-20220804-6354275  User: oesteban  Machine: dna058  Platform: Linux  PlatformVersion: 5.14.0-427.37.1.el9_4.x86_64  CompilerName: GCC  CompilerVersion: 8.4.0
ProgramName: mri_compute_overlap  ProgramArguments: mri_compute_overlap -all-info  ProgramVersion: 7.3.2  TimeStamp: 2026/03/09-13:12:35-GMT  BuildTime: Aug  4 2022 06:17:15  BuildStamp: freesurfer-linux-ubuntu22_x86_64-7.3.2-20220804-6354275  User: oesteban  Machine: dna058  Platform: Linux  PlatformVersion: 5.14.0-427.37.1.el9_4.x86_64  CompilerName: GCC  CompilerVersion: 8.4.0
ProgramName: mri_compute_seg_overlap  ProgramArguments: mri_compute_seg_overlap -all-info  ProgramVersion: 7.3.2  TimeStamp: 2026/03/09-13:12:35-GMT  BuildTime: Aug  4 2022 06:17:15  BuildStamp: freesurfer-linux-ubuntu22_x86_64-7.3.2-20220804-6354275  User: oesteban  Machine: dna058  Platform: Linux  PlatformVersion: 5.14.0-427.37.1.el9_4.x86_64  CompilerName: GCC  CompilerVersion: 8.4.0
ProgramName: mri_concat  ProgramArguments: mri_concat -all-info  ProgramVersion: 7.3.2  TimeStamp: 2026/03/09-13:12:35-GMT  BuildTime: Aug  4 2022 06:17:15  BuildStamp: freesurfer-linux-ubuntu22_x86_64-7.3.2-20220804-6354275  User: oesteban  Machine: dna058  Platform: Linux  PlatformVersion: 5.14.0-427.37.1.el9_4.x86_64  CompilerName: GCC  CompilerVersion: 8.4.0
ProgramName: mri_concatenate_lta  ProgramArguments: mri_concatenate_lta -all-info  ProgramVersion: 7.3.2  TimeStamp: 2026/03/09-13:12:35-GMT  BuildTime: Aug  4 2022 06:17:15  BuildStamp: freesurfer-linux-ubuntu22_x86_64-7.3.2-20220804-6354275  User: oesteban  Machine: dna058  Platform: Linux  PlatformVersion: 5.14.0-427.37.1.el9_4.x86_64  CompilerName: GCC  CompilerVersion: 8.4.0
mri_convert -all-info 
ProgramName: mri_convert  ProgramArguments: mri_convert -all-info  ProgramVersion: 7.3.2  TimeStamp: 2026/03/09-13:12:35-GMT  BuildTime: Aug  4 2022 06:17:15  BuildStamp: freesurfer-linux-ubuntu22_x86_64-7.3.2-20220804-6354275  User: oesteban  Machine: dna058  Platform: Linux  PlatformVersion: 5.14.0-427.37.1.el9_4.x86_64  CompilerName: GCC  CompilerVersion: 8.4.0
ProgramName: mri_diff  ProgramArguments: mri_diff -all-info  ProgramVersion: 7.3.2  TimeStamp: 2026/03/09-13:12:35-GMT  BuildTime: Aug  4 2022 06:17:15  BuildStamp: freesurfer-linux-ubuntu22_x86_64-7.3.2-20220804-6354275  User: oesteban  Machine: dna058  Platform: Linux  PlatformVersion: 5.14.0-427.37.1.el9_4.x86_64  CompilerName: GCC  CompilerVersion: 8.4.0
ProgramName: mri_edit_wm_with_aseg  ProgramArguments: mri_edit_wm_with_aseg -all-info  ProgramVersion: 7.3.2  TimeStamp: 2026/03/09-13:12:35-GMT  BuildTime: Aug  4 2022 06:17:15  BuildStamp: freesurfer-linux-ubuntu22_x86_64-7.3.2-20220804-6354275  User: oesteban  Machine: dna058  Platform: Linux  PlatformVersion: 5.14.0-427.37.1.el9_4.x86_64  CompilerName: GCC  CompilerVersion: 8.4.0
ProgramName: mri_em_register  ProgramArguments: mri_em_register -all-info  ProgramVersion: 7.3.2  TimeStamp: 2026/03/09-13:12:35-GMT  BuildTime: Aug  4 2022 06:17:15  BuildStamp: freesurfer-linux-ubuntu22_x86_64-7.3.2-20220804-6354275  User: oesteban  Machine: dna058  Platform: Linux  PlatformVersion: 5.14.0-427.37.1.el9_4.x86_64  CompilerName: GCC  CompilerVersion: 8.4.0
ProgramName: mri_fill  ProgramArguments: mri_fill -all-info  ProgramVersion: 7.3.2  TimeStamp: 2026/03/09-13:12:35-GMT  BuildTime: Aug  4 2022 06:17:15  BuildStamp: freesurfer-linux-ubuntu22_x86_64-7.3.2-20220804-6354275  User: oesteban  Machine: dna058  Platform: Linux  PlatformVersion: 5.14.0-427.37.1.el9_4.x86_64  CompilerName: GCC  CompilerVersion: 8.4.0
ProgramName: mri_fuse_segmentations  ProgramArguments: mri_fuse_segmentations -all-info  ProgramVersion: 7.3.2  TimeStamp: 2026/03/09-13:12:35-GMT  BuildTime: Aug  4 2022 06:17:15  BuildStamp: freesurfer-linux-ubuntu22_x86_64-7.3.2-20220804-6354275  User: oesteban  Machine: dna058  Platform: Linux  PlatformVersion: 5.14.0-427.37.1.el9_4.x86_64  CompilerName: GCC  CompilerVersion: 8.4.0
ProgramName: mri_fwhm  ProgramArguments: mri_fwhm -all-info  ProgramVersion: 7.3.2  TimeStamp: 2026/03/09-13:12:35-GMT  BuildTime: Aug  4 2022 06:17:15  BuildStamp: freesurfer-linux-ubuntu22_x86_64-7.3.2-20220804-6354275  User: oesteban  Machine: dna058  Platform: Linux  PlatformVersion: 5.14.0-427.37.1.el9_4.x86_64  CompilerName: GCC  CompilerVersion: 8.4.0
ProgramName: mri_gcut  ProgramArguments: mri_gcut -all-info  ProgramVersion: 7.3.2  TimeStamp: 2026/03/09-13:12:35-GMT  BuildTime: Aug  4 2022 06:17:15  BuildStamp: freesurfer-linux-ubuntu22_x86_64-7.3.2-20220804-6354275  User: oesteban  Machine: dna058  Platform: Linux  PlatformVersion: 5.14.0-427.37.1.el9_4.x86_64  CompilerName: GCC  CompilerVersion: 8.4.0
ProgramName: mri_info  ProgramArguments: mri_info -all-info  ProgramVersion: 7.3.2  TimeStamp: 2026/03/09-13:12:35-GMT  BuildTime: Aug  4 2022 06:17:15  BuildStamp: freesurfer-linux-ubuntu22_x86_64-7.3.2-20220804-6354275  User: oesteban  Machine: dna058  Platform: Linux  PlatformVersion: 5.14.0-427.37.1.el9_4.x86_64  CompilerName: GCC  CompilerVersion: 8.4.0
ProgramName: mri_label2label  ProgramArguments: mri_label2label -all-info  ProgramVersion: 7.3.2  TimeStamp: 2026/03/09-13:12:35-GMT  BuildTime: Aug  4 2022 06:17:15  BuildStamp: freesurfer-linux-ubuntu22_x86_64-7.3.2-20220804-6354275  User: oesteban  Machine: dna058  Platform: Linux  PlatformVersion: 5.14.0-427.37.1.el9_4.x86_64  CompilerName: GCC  CompilerVersion: 8.4.0
ProgramName: mri_label2vol  ProgramArguments: mri_label2vol -all-info  ProgramVersion: 7.3.2  TimeStamp: 2026/03/09-13:12:35-GMT  BuildTime: Aug  4 2022 06:17:15  BuildStamp: freesurfer-linux-ubuntu22_x86_64-7.3.2-20220804-6354275  User: oesteban  Machine: dna058  Platform: Linux  PlatformVersion: 5.14.0-427.37.1.el9_4.x86_64  CompilerName: GCC  CompilerVersion: 8.4.0
ProgramName: mri_log_likelihood  ProgramArguments: mri_log_likelihood -all-info  ProgramVersion: 7.3.2  TimeStamp: 2026/03/09-13:12:35-GMT  BuildTime: Aug  4 2022 06:17:15  BuildStamp: freesurfer-linux-ubuntu22_x86_64-7.3.2-20220804-6354275  User: oesteban  Machine: dna058  Platform: Linux  PlatformVersion: 5.14.0-427.37.1.el9_4.x86_64  CompilerName: GCC  CompilerVersion: 8.4.0
ProgramName: mri_mask  ProgramArguments: mri_mask -all-info  ProgramVersion: 7.3.2  TimeStamp: 2026/03/09-13:12:35-GMT  BuildTime: Aug  4 2022 06:17:15  BuildStamp: freesurfer-linux-ubuntu22_x86_64-7.3.2-20220804-6354275  User: oesteban  Machine: dna058  Platform: Linux  PlatformVersion: 5.14.0-427.37.1.el9_4.x86_64  CompilerName: GCC  CompilerVersion: 8.4.0
ProgramName: mri_matrix_multiply  ProgramArguments: mri_matrix_multiply -all-info  ProgramVersion: 7.3.2  TimeStamp: 2026/03/09-13:12:35-GMT  BuildTime: Aug  4 2022 06:17:15  BuildStamp: freesurfer-linux-ubuntu22_x86_64-7.3.2-20220804-6354275  User: oesteban  Machine: dna058  Platform: Linux  PlatformVersion: 5.14.0-427.37.1.el9_4.x86_64  CompilerName: GCC  CompilerVersion: 8.4.0
ProgramName: mri_normalize  ProgramArguments: mri_normalize -all-info  ProgramVersion: 7.3.2  TimeStamp: 2026/03/09-13:12:35-GMT  BuildTime: Aug  4 2022 06:17:15  BuildStamp: freesurfer-linux-ubuntu22_x86_64-7.3.2-20220804-6354275  User: oesteban  Machine: dna058  Platform: Linux  PlatformVersion: 5.14.0-427.37.1.el9_4.x86_64  CompilerName: GCC  CompilerVersion: 8.4.0
ProgramName: mri_normalize_tp2  ProgramArguments: mri_normalize_tp2 -all-info  ProgramVersion: 7.3.2  TimeStamp: 2026/03/09-13:12:35-GMT  BuildTime: Aug  4 2022 06:17:15  BuildStamp: freesurfer-linux-ubuntu22_x86_64-7.3.2-20220804-6354275  User: oesteban  Machine: dna058  Platform: Linux  PlatformVersion: 5.14.0-427.37.1.el9_4.x86_64  CompilerName: GCC  CompilerVersion: 8.4.0
ProgramName: mri_or  ProgramArguments: mri_or -all-info  ProgramVersion: 7.3.2  TimeStamp: 2026/03/09-13:12:35-GMT  BuildTime: Aug  4 2022 06:17:15  BuildStamp: freesurfer-linux-ubuntu22_x86_64-7.3.2-20220804-6354275  User: oesteban  Machine: dna058  Platform: Linux  PlatformVersion: 5.14.0-427.37.1.el9_4.x86_64  CompilerName: GCC  CompilerVersion: 8.4.0
ProgramName: mri_relabel_hypointensities  ProgramArguments: mri_relabel_hypointensities -all-info  ProgramVersion: 7.3.2  TimeStamp: 2026/03/09-13:12:35-GMT  BuildTime: Aug  4 2022 06:17:15  BuildStamp: freesurfer-linux-ubuntu22_x86_64-7.3.2-20220804-6354275  User: oesteban  Machine: dna058  Platform: Linux  PlatformVersion: 5.14.0-427.37.1.el9_4.x86_64  CompilerName: GCC  CompilerVersion: 8.4.0
ProgramName: mri_relabel_nonwm_hypos  ProgramArguments: mri_relabel_nonwm_hypos -all-info  ProgramVersion: 7.3.2  TimeStamp: 2026/03/09-13:12:35-GMT  BuildTime: Aug  4 2022 06:17:15  BuildStamp: freesurfer-linux-ubuntu22_x86_64-7.3.2-20220804-6354275  User: oesteban  Machine: dna058  Platform: Linux  PlatformVersion: 5.14.0-427.37.1.el9_4.x86_64  CompilerName: GCC  CompilerVersion: 8.4.0
ProgramName: mri_remove_neck  ProgramArguments: mri_remove_neck -all-info  ProgramVersion: 7.3.2  TimeStamp: 2026/03/09-13:12:35-GMT  BuildTime: Aug  4 2022 06:17:15  BuildStamp: freesurfer-linux-ubuntu22_x86_64-7.3.2-20220804-6354275  User: oesteban  Machine: dna058  Platform: Linux  PlatformVersion: 5.14.0-427.37.1.el9_4.x86_64  CompilerName: GCC  CompilerVersion: 8.4.0
7.3.2

ProgramName: mri_robust_register  ProgramArguments: mri_robust_register -all-info  ProgramVersion: 7.3.2  TimeStamp: 2026/03/09-13:12:35-GMT  BuildTime: Aug  4 2022 06:17:15  BuildStamp: freesurfer-linux-ubuntu22_x86_64-7.3.2-20220804-6354275  User: oesteban  Machine: dna058  Platform: Linux  PlatformVersion: 5.14.0-427.37.1.el9_4.x86_64  CompilerName: GCC  CompilerVersion: 8.4.0
7.3.2

ProgramName: mri_robust_template  ProgramArguments: mri_robust_template -all-info  ProgramVersion: 7.3.2  TimeStamp: 2026/03/09-13:12:35-GMT  BuildTime: Aug  4 2022 06:17:15  BuildStamp: freesurfer-linux-ubuntu22_x86_64-7.3.2-20220804-6354275  User: oesteban  Machine: dna058  Platform: Linux  PlatformVersion: 5.14.0-427.37.1.el9_4.x86_64  CompilerName: GCC  CompilerVersion: 8.4.0
ProgramName: mris_anatomical_stats  ProgramArguments: mris_anatomical_stats -all-info  ProgramVersion: 7.3.2  TimeStamp: 2026/03/09-13:12:35-GMT  BuildTime: Aug  4 2022 06:17:15  BuildStamp: freesurfer-linux-ubuntu22_x86_64-7.3.2-20220804-6354275  User: oesteban  Machine: dna058  Platform: Linux  PlatformVersion: 5.14.0-427.37.1.el9_4.x86_64  CompilerName: GCC  CompilerVersion: 8.4.0
ProgramName: mris_ca_label  ProgramArguments: mris_ca_label -all-info  ProgramVersion: 7.3.2  TimeStamp: 2026/03/09-13:12:35-GMT  BuildTime: Aug  4 2022 06:17:15  BuildStamp: freesurfer-linux-ubuntu22_x86_64-7.3.2-20220804-6354275  User: oesteban  Machine: dna058  Platform: Linux  PlatformVersion: 5.14.0-427.37.1.el9_4.x86_64  CompilerName: GCC  CompilerVersion: 8.4.0
ProgramName: mris_calc  ProgramArguments: mris_calc -all-info  ProgramVersion: 7.3.2  TimeStamp: 2026/03/09-13:12:35-GMT  BuildTime: Aug  4 2022 06:17:15  BuildStamp: freesurfer-linux-ubuntu22_x86_64-7.3.2-20220804-6354275  User: oesteban  Machine: dna058  Platform: Linux  PlatformVersion: 5.14.0-427.37.1.el9_4.x86_64  CompilerName: GCC  CompilerVersion: 8.4.0
ProgramName: mris_convert  ProgramArguments: mris_convert -all-info  ProgramVersion: 7.3.2  TimeStamp: 2026/03/09-13:12:35-GMT  BuildTime: Aug  4 2022 06:17:15  BuildStamp: freesurfer-linux-ubuntu22_x86_64-7.3.2-20220804-6354275  User: oesteban  Machine: dna058  Platform: Linux  PlatformVersion: 5.14.0-427.37.1.el9_4.x86_64  CompilerName: GCC  CompilerVersion: 8.4.0
ProgramName: mris_curvature  ProgramArguments: mris_curvature -all-info  ProgramVersion: 7.3.2  TimeStamp: 2026/03/09-13:12:35-GMT  BuildTime: Aug  4 2022 06:17:15  BuildStamp: freesurfer-linux-ubuntu22_x86_64-7.3.2-20220804-6354275  User: oesteban  Machine: dna058  Platform: Linux  PlatformVersion: 5.14.0-427.37.1.el9_4.x86_64  CompilerName: GCC  CompilerVersion: 8.4.0
ProgramName: mris_curvature_stats  ProgramArguments: mris_curvature_stats -all-info  ProgramVersion: 7.3.2  TimeStamp: 2026/03/09-13:12:35-GMT  BuildTime: Aug  4 2022 06:17:15  BuildStamp: freesurfer-linux-ubuntu22_x86_64-7.3.2-20220804-6354275  User: oesteban  Machine: dna058  Platform: Linux  PlatformVersion: 5.14.0-427.37.1.el9_4.x86_64  CompilerName: GCC  CompilerVersion: 8.4.0
ProgramName: mris_diff  ProgramArguments: mris_diff -all-info  ProgramVersion: 7.3.2  TimeStamp: 2026/03/09-13:12:35-GMT  BuildTime: Aug  4 2022 06:17:15  BuildStamp: freesurfer-linux-ubuntu22_x86_64-7.3.2-20220804-6354275  User: oesteban  Machine: dna058  Platform: Linux  PlatformVersion: 5.14.0-427.37.1.el9_4.x86_64  CompilerName: GCC  CompilerVersion: 8.4.0
ProgramName: mris_divide_parcellation  ProgramArguments: mris_divide_parcellation -all-info  ProgramVersion: 7.3.2  TimeStamp: 2026/03/09-13:12:35-GMT  BuildTime: Aug  4 2022 06:17:15  BuildStamp: freesurfer-linux-ubuntu22_x86_64-7.3.2-20220804-6354275  User: oesteban  Machine: dna058  Platform: Linux  PlatformVersion: 5.14.0-427.37.1.el9_4.x86_64  CompilerName: GCC  CompilerVersion: 8.4.0
ProgramName: mri_segment  ProgramArguments: mri_segment -all-info  ProgramVersion: 7.3.2  TimeStamp: 2026/03/09-13:12:35-GMT  BuildTime: Aug  4 2022 06:17:15  BuildStamp: freesurfer-linux-ubuntu22_x86_64-7.3.2-20220804-6354275  User: oesteban  Machine: dna058  Platform: Linux  PlatformVersion: 5.14.0-427.37.1.el9_4.x86_64  CompilerName: GCC  CompilerVersion: 8.4.0
ProgramName: mri_segstats  ProgramArguments: mri_segstats -all-info  ProgramVersion: 7.3.2  TimeStamp: 2026/03/09-13:12:35-GMT  BuildTime: Aug  4 2022 06:17:15  BuildStamp: freesurfer-linux-ubuntu22_x86_64-7.3.2-20220804-6354275  User: oesteban  Machine: dna058  Platform: Linux  PlatformVersion: 5.14.0-427.37.1.el9_4.x86_64  CompilerName: GCC  CompilerVersion: 8.4.0
ProgramName: mris_euler_number  ProgramArguments: mris_euler_number -all-info  ProgramVersion: 7.3.2  TimeStamp: 2026/03/09-13:12:35-GMT  BuildTime: Aug  4 2022 06:17:15  BuildStamp: freesurfer-linux-ubuntu22_x86_64-7.3.2-20220804-6354275  User: oesteban  Machine: dna058  Platform: Linux  PlatformVersion: 5.14.0-427.37.1.el9_4.x86_64  CompilerName: GCC  CompilerVersion: 8.4.0
ProgramName: mris_fix_topology  ProgramArguments: mris_fix_topology -all-info  ProgramVersion: 7.3.2  TimeStamp: 2026/03/09-13:12:35-GMT  BuildTime: Aug  4 2022 06:17:15  BuildStamp: freesurfer-linux-ubuntu22_x86_64-7.3.2-20220804-6354275  User: oesteban  Machine: dna058  Platform: Linux  PlatformVersion: 5.14.0-427.37.1.el9_4.x86_64  CompilerName: GCC  CompilerVersion: 8.4.0
ProgramName: mris_topo_fixer  ProgramArguments: mris_topo_fixer -all-info  ProgramVersion: 7.3.2  TimeStamp: 2026/03/09-13:12:35-GMT  BuildTime: Aug  4 2022 06:17:15  BuildStamp: freesurfer-linux-ubuntu22_x86_64-7.3.2-20220804-6354275  User: oesteban  Machine: dna058  Platform: Linux  PlatformVersion: 5.14.0-427.37.1.el9_4.x86_64  CompilerName: GCC  CompilerVersion: 8.4.0
ProgramName: mris_jacobian  ProgramArguments: mris_jacobian -all-info  ProgramVersion: 7.3.2  TimeStamp: 2026/03/09-13:12:35-GMT  BuildTime: Aug  4 2022 06:17:15  BuildStamp: freesurfer-linux-ubuntu22_x86_64-7.3.2-20220804-6354275  User: oesteban  Machine: dna058  Platform: Linux  PlatformVersion: 5.14.0-427.37.1.el9_4.x86_64  CompilerName: GCC  CompilerVersion: 8.4.0
ProgramName: mris_label2annot  ProgramArguments: mris_label2annot -all-info  ProgramVersion: 7.3.2  TimeStamp: 2026/03/09-13:12:35-GMT  BuildTime: Aug  4 2022 06:17:15  BuildStamp: freesurfer-linux-ubuntu22_x86_64-7.3.2-20220804-6354275  User: oesteban  Machine: dna058  Platform: Linux  PlatformVersion: 5.14.0-427.37.1.el9_4.x86_64  CompilerName: GCC  CompilerVersion: 8.4.0
ProgramName: mris_left_right_register  ProgramArguments: mris_left_right_register -all-info  ProgramVersion: 7.3.2  TimeStamp: 2026/03/09-13:12:35-GMT  BuildTime: Aug  4 2022 06:17:15  BuildStamp: freesurfer-linux-ubuntu22_x86_64-7.3.2-20220804-6354275  User: oesteban  Machine: dna058  Platform: Linux  PlatformVersion: 5.14.0-427.37.1.el9_4.x86_64  CompilerName: GCC  CompilerVersion: 8.4.0
ProgramName: mris_place_surface  ProgramArguments: mris_place_surface -all-info  ProgramVersion: 7.3.2  TimeStamp: 2026/03/09-13:12:35-GMT  BuildTime: Aug  4 2022 06:17:15  BuildStamp: freesurfer-linux-ubuntu22_x86_64-7.3.2-20220804-6354275  User: oesteban  Machine: dna058  Platform: Linux  PlatformVersion: 5.14.0-427.37.1.el9_4.x86_64  CompilerName: GCC  CompilerVersion: 8.4.0
ProgramName: mrisp_paint  ProgramArguments: mrisp_paint -all-info  ProgramVersion: 7.3.2  TimeStamp: 2026/03/09-13:12:35-GMT  BuildTime: Aug  4 2022 06:17:15  BuildStamp: freesurfer-linux-ubuntu22_x86_64-7.3.2-20220804-6354275  User: oesteban  Machine: dna058  Platform: Linux  PlatformVersion: 5.14.0-427.37.1.el9_4.x86_64  CompilerName: GCC  CompilerVersion: 8.4.0
ProgramName: mris_register  ProgramArguments: mris_register -all-info  ProgramVersion: 7.3.2  TimeStamp: 2026/03/09-13:12:35-GMT  BuildTime: Aug  4 2022 06:17:15  BuildStamp: freesurfer-linux-ubuntu22_x86_64-7.3.2-20220804-6354275  User: oesteban  Machine: dna058  Platform: Linux  PlatformVersion: 5.14.0-427.37.1.el9_4.x86_64  CompilerName: GCC  CompilerVersion: 8.4.0
ProgramName: mris_smooth  ProgramArguments: mris_smooth -all-info  ProgramVersion: 7.3.2  TimeStamp: 2026/03/09-13:12:35-GMT  BuildTime: Aug  4 2022 06:17:15  BuildStamp: freesurfer-linux-ubuntu22_x86_64-7.3.2-20220804-6354275  User: oesteban  Machine: dna058  Platform: Linux  PlatformVersion: 5.14.0-427.37.1.el9_4.x86_64  CompilerName: GCC  CompilerVersion: 8.4.0
ProgramName: mris_sphere  ProgramArguments: mris_sphere -all-info  ProgramVersion: 7.3.2  TimeStamp: 2026/03/09-13:12:35-GMT  BuildTime: Aug  4 2022 06:17:15  BuildStamp: freesurfer-linux-ubuntu22_x86_64-7.3.2-20220804-6354275  User: oesteban  Machine: dna058  Platform: Linux  PlatformVersion: 5.14.0-427.37.1.el9_4.x86_64  CompilerName: GCC  CompilerVersion: 8.4.0
ProgramName: mris_surface_stats  ProgramArguments: mris_surface_stats -all-info  ProgramVersion: 7.3.2  TimeStamp: 2026/03/09-13:12:35-GMT  BuildTime: Aug  4 2022 06:17:15  BuildStamp: freesurfer-linux-ubuntu22_x86_64-7.3.2-20220804-6354275  User: oesteban  Machine: dna058  Platform: Linux  PlatformVersion: 5.14.0-427.37.1.el9_4.x86_64  CompilerName: GCC  CompilerVersion: 8.4.0
ProgramName: mri_stats2seg  ProgramArguments: mri_stats2seg -all-info  ProgramVersion: 7.3.2  TimeStamp: 2026/03/09-13:12:35-GMT  BuildTime: Aug  4 2022 06:17:15  BuildStamp: freesurfer-linux-ubuntu22_x86_64-7.3.2-20220804-6354275  User: oesteban  Machine: dna058  Platform: Linux  PlatformVersion: 5.14.0-427.37.1.el9_4.x86_64  CompilerName: GCC  CompilerVersion: 8.4.0
ProgramName: mris_thickness  ProgramArguments: mris_thickness -all-info  ProgramVersion: 7.3.2  TimeStamp: 2026/03/09-13:12:35-GMT  BuildTime: Aug  4 2022 06:17:15  BuildStamp: freesurfer-linux-ubuntu22_x86_64-7.3.2-20220804-6354275  User: oesteban  Machine: dna058  Platform: Linux  PlatformVersion: 5.14.0-427.37.1.el9_4.x86_64  CompilerName: GCC  CompilerVersion: 8.4.0
ProgramName: mris_thickness_diff  ProgramArguments: mris_thickness_diff -all-info  ProgramVersion: 7.3.2  TimeStamp: 2026/03/09-13:12:35-GMT  BuildTime: Aug  4 2022 06:17:15  BuildStamp: freesurfer-linux-ubuntu22_x86_64-7.3.2-20220804-6354275  User: oesteban  Machine: dna058  Platform: Linux  PlatformVersion: 5.14.0-427.37.1.el9_4.x86_64  CompilerName: GCC  CompilerVersion: 8.4.0
ProgramName: mris_topo_fixer  ProgramArguments: mris_topo_fixer -all-info  ProgramVersion: 7.3.2  TimeStamp: 2026/03/09-13:12:35-GMT  BuildTime: Aug  4 2022 06:17:15  BuildStamp: freesurfer-linux-ubuntu22_x86_64-7.3.2-20220804-6354275  User: oesteban  Machine: dna058  Platform: Linux  PlatformVersion: 5.14.0-427.37.1.el9_4.x86_64  CompilerName: GCC  CompilerVersion: 8.4.0
ProgramName: mri_surf2surf  ProgramArguments: mri_surf2surf -all-info  ProgramVersion: 7.3.2  TimeStamp: 2026/03/09-13:12:35-GMT  BuildTime: Aug  4 2022 06:17:15  BuildStamp: freesurfer-linux-ubuntu22_x86_64-7.3.2-20220804-6354275  User: oesteban  Machine: dna058  Platform: Linux  PlatformVersion: 5.14.0-427.37.1.el9_4.x86_64  CompilerName: GCC  CompilerVersion: 8.4.0
ProgramName: mri_surf2vol  ProgramArguments: mri_surf2vol -all-info  ProgramVersion: 7.3.2  TimeStamp: 2026/03/09-13:12:35-GMT  BuildTime: Aug  4 2022 06:17:15  BuildStamp: freesurfer-linux-ubuntu22_x86_64-7.3.2-20220804-6354275  User: oesteban  Machine: dna058  Platform: Linux  PlatformVersion: 5.14.0-427.37.1.el9_4.x86_64  CompilerName: GCC  CompilerVersion: 8.4.0
ProgramName: mri_surfcluster  ProgramArguments: mri_surfcluster -all-info  ProgramVersion: 7.3.2  TimeStamp: 2026/03/09-13:12:35-GMT  BuildTime: Aug  4 2022 06:17:15  BuildStamp: freesurfer-linux-ubuntu22_x86_64-7.3.2-20220804-6354275  User: oesteban  Machine: dna058  Platform: Linux  PlatformVersion: 5.14.0-427.37.1.el9_4.x86_64  CompilerName: GCC  CompilerVersion: 8.4.0
ProgramName: mris_volmask  ProgramArguments: mris_volmask -all-info  ProgramVersion: 7.3.2  TimeStamp: 2026/03/09-13:12:35-GMT  BuildTime: Aug  4 2022 06:17:15  BuildStamp: freesurfer-linux-ubuntu22_x86_64-7.3.2-20220804-6354275  User: oesteban  Machine: dna058  Platform: Linux  PlatformVersion: 5.14.0-427.37.1.el9_4.x86_64  CompilerName: GCC  CompilerVersion: 8.4.0
ProgramName: mri_tessellate  ProgramArguments: mri_tessellate -all-info  ProgramVersion: 7.3.2  TimeStamp: 2026/03/09-13:12:35-GMT  BuildTime: Aug  4 2022 06:17:15  BuildStamp: freesurfer-linux-ubuntu22_x86_64-7.3.2-20220804-6354275  User: oesteban  Machine: dna058  Platform: Linux  PlatformVersion: 5.14.0-427.37.1.el9_4.x86_64  CompilerName: GCC  CompilerVersion: 8.4.0
ProgramName: mri_vol2surf  ProgramArguments: mri_vol2surf -all-info  ProgramVersion: 7.3.2  TimeStamp: 2026/03/09-13:12:35-GMT  BuildTime: Aug  4 2022 06:17:15  BuildStamp: freesurfer-linux-ubuntu22_x86_64-7.3.2-20220804-6354275  User: oesteban  Machine: dna058  Platform: Linux  PlatformVersion: 5.14.0-427.37.1.el9_4.x86_64  CompilerName: GCC  CompilerVersion: 8.4.0
ProgramName: mri_vol2vol  ProgramArguments: mri_vol2vol -all-info  ProgramVersion: 7.3.2  TimeStamp: 2026/03/09-13:12:35-GMT  BuildTime: Aug  4 2022 06:17:15  BuildStamp: freesurfer-linux-ubuntu22_x86_64-7.3.2-20220804-6354275  User: oesteban  Machine: dna058  Platform: Linux  PlatformVersion: 5.14.0-427.37.1.el9_4.x86_64  CompilerName: GCC  CompilerVersion: 8.4.0
ProgramName: mri_voldiff  ProgramArguments: mri_voldiff -all-info  ProgramVersion: 7.3.2  TimeStamp: 2026/03/09-13:12:35-GMT  BuildTime: Aug  4 2022 06:17:15  BuildStamp: freesurfer-linux-ubuntu22_x86_64-7.3.2-20220804-6354275  User: oesteban  Machine: dna058  Platform: Linux  PlatformVersion: 5.14.0-427.37.1.el9_4.x86_64  CompilerName: GCC  CompilerVersion: 8.4.0
ProgramName: mri_watershed  ProgramArguments: mri_watershed -all-info  ProgramVersion: 7.3.2  TimeStamp: 2026/03/09-13:12:35-GMT  BuildTime: Aug  4 2022 06:17:15  BuildStamp: freesurfer-linux-ubuntu22_x86_64-7.3.2-20220804-6354275  User: oesteban  Machine: dna058  Platform: Linux  PlatformVersion: 5.14.0-427.37.1.el9_4.x86_64  CompilerName: GCC  CompilerVersion: 8.4.0
ProgramName: tkregister2  ProgramArguments: tkregister2_cmdl -all-info  ProgramVersion: 7.3.2  TimeStamp: 2026/03/09-13:12:35-GMT  BuildTime: Aug  4 2022 06:17:15  BuildStamp: freesurfer-linux-ubuntu22_x86_64-7.3.2-20220804-6354275  User: oesteban  Machine: dna058  Platform: Linux  PlatformVersion: 5.14.0-427.37.1.el9_4.x86_64  CompilerName: GCC  CompilerVersion: 8.4.0
mri_motion_correct.fsl 7.3.2
mri_convert -all-info 
ProgramName: mri_convert  ProgramArguments: mri_convert -all-info  ProgramVersion: 7.3.2  TimeStamp: 2026/03/09-13:12:35-GMT  BuildTime: Aug  4 2022 06:17:15  BuildStamp: freesurfer-linux-ubuntu22_x86_64-7.3.2-20220804-6354275  User: oesteban  Machine: dna058  Platform: Linux  PlatformVersion: 5.14.0-427.37.1.el9_4.x86_64  CompilerName: GCC  CompilerVersion: 8.4.0
Program nu_correct, built from:
Package MNI N3, version 1.12.0, compiled by nicks@terrier (x86_64-unknown-linux-gnu) on 2015-06-19 at 01:25:34
#######################################
GCADIR /opt/freesurfer/average
GCA RB_all_2020-01-02.gca
GCASkull RB_all_withskull_2020_01_02.gca
AvgCurvTif folding.atlas.acfb40.noaparc.i12.2016-08-02.tif
GCSDIR /opt/freesurfer/average
GCS DKaparc.atlas.acfb40.noaparc.i12.2016-08-02.gcs
#######################################
#--------------------------------------------
#@# WhiteSurfs lh Mon Mar  9 14:12:35 CET 2026
cd /out/sourcedata/freesurfer/sub-v1s21x0050414_ses-1/mri
mris_place_surface --adgws-in ../surf/autodet.gw.stats.lh.dat --seg aseg.presurf.mgz --threads 16 --wm wm.mgz --invol brain.finalsurfs.mgz --lh --i ../surf/lh.white.preaparc --o ../surf/lh.white --white --nsmooth 0 --rip-label ../label/lh.cortex.label --rip-bg --rip-surf ../surf/lh.white.preaparc --aparc ../label/lh.aparc.annot
   Update not needed
#--------------------------------------------
#@# WhiteSurfs rh Mon Mar  9 14:12:35 CET 2026
cd /out/sourcedata/freesurfer/sub-v1s21x0050414_ses-1/mri
mris_place_surface --adgws-in ../surf/autodet.gw.stats.rh.dat --seg aseg.presurf.mgz --threads 16 --wm wm.mgz --invol brain.finalsurfs.mgz --rh --i ../surf/rh.white.preaparc --o ../surf/rh.white --white --nsmooth 0 --rip-label ../label/rh.cortex.label --rip-bg --rip-surf ../surf/rh.white.preaparc --aparc ../label/rh.aparc.annot
   Update not needed
#@# white curv lh Mon Mar  9 14:12:35 CET 2026
cd /out/sourcedata/freesurfer/sub-v1s21x0050414_ses-1/mri
mris_place_surface --curv-map ../surf/lh.white 2 10 ../surf/lh.curv
   Update not needed
#@# white area lh Mon Mar  9 14:12:35 CET 2026
cd /out/sourcedata/freesurfer/sub-v1s21x0050414_ses-1/mri
mris_place_surface --area-map ../surf/lh.white ../surf/lh.area
   Update not needed
#@# pial curv lh Mon Mar  9 14:12:35 CET 2026
cd /out/sourcedata/freesurfer/sub-v1s21x0050414_ses-1/mri
mris_place_surface --curv-map ../surf/lh.pial 2 10 ../surf/lh.curv.pial
   Update not needed
#@# pial area lh Mon Mar  9 14:12:35 CET 2026
cd /out/sourcedata/freesurfer/sub-v1s21x0050414_ses-1/mri
mris_place_surface --area-map ../surf/lh.pial ../surf/lh.area.pial
   Update not needed
#@# thickness lh Mon Mar  9 14:12:35 CET 2026
cd /out/sourcedata/freesurfer/sub-v1s21x0050414_ses-1/mri
mris_place_surface --thickness ../surf/lh.white ../surf/lh.pial 20 5 ../surf/lh.thickness
   Update not needed
#@# area and vertex vol lh Mon Mar  9 14:12:35 CET 2026
cd /out/sourcedata/freesurfer/sub-v1s21x0050414_ses-1/mri
mris_place_surface --thickness ../surf/lh.white ../surf/lh.pial 20 5 ../surf/lh.thickness
   Update not needed
#@# white curv rh Mon Mar  9 14:12:35 CET 2026
cd /out/sourcedata/freesurfer/sub-v1s21x0050414_ses-1/mri
mris_place_surface --curv-map ../surf/rh.white 2 10 ../surf/rh.curv
   Update not needed
#@# white area rh Mon Mar  9 14:12:35 CET 2026
cd /out/sourcedata/freesurfer/sub-v1s21x0050414_ses-1/mri
mris_place_surface --area-map ../surf/rh.white ../surf/rh.area
   Update not needed
#@# pial curv rh Mon Mar  9 14:12:35 CET 2026
cd /out/sourcedata/freesurfer/sub-v1s21x0050414_ses-1/mri
mris_place_surface --curv-map ../surf/rh.pial 2 10 ../surf/rh.curv.pial
   Update not needed
#@# pial area rh Mon Mar  9 14:12:35 CET 2026
cd /out/sourcedata/freesurfer/sub-v1s21x0050414_ses-1/mri
mris_place_surface --area-map ../surf/rh.pial ../surf/rh.area.pial
   Update not needed
#@# thickness rh Mon Mar  9 14:12:35 CET 2026
cd /out/sourcedata/freesurfer/sub-v1s21x0050414_ses-1/mri
mris_place_surface --thickness ../surf/rh.white ../surf/rh.pial 20 5 ../surf/rh.thickness
   Update not needed
#@# area and vertex vol rh Mon Mar  9 14:12:35 CET 2026
cd /out/sourcedata/freesurfer/sub-v1s21x0050414_ses-1/mri
mris_place_surface --thickness ../surf/rh.white ../surf/rh.pial 20 5 ../surf/rh.thickness
   Update not needed

#-----------------------------------------
#@# Curvature Stats lh Mon Mar  9 14:12:35 CET 2026
/out/sourcedata/freesurfer/sub-v1s21x0050414_ses-1/surf

 mris_curvature_stats -m --writeCurvatureFiles -G -o ../stats/lh.curv.stats -F smoothwm sub-v1s21x0050414_ses-1 lh curv sulc 

             Toggling save flag on curvature files                       [ ok ]
                 Outputting results using filestem   [ ../stats/lh.curv.stats ]
             Toggling save flag on curvature files                       [ ok ]
                                   Setting surface [ sub-v1s21x0050414_ses-1/lh.smoothwm ]
                                Reading surface...                       [ ok ]
                                   Setting texture                     [ curv ]
                                Reading texture...                       [ ok ]
                                   Setting texture                     [ sulc ]
                                Reading texture...Gb_filter = 0
                       [ ok ]
      Calculating Discrete Principal Curvatures...
      Determining geometric order for vno faces... [####################] [ ok ]
                      Determining KH curvatures... [####################] [ ok ]
                    Determining k1k2 curvatures... [####################] [ ok ]
                                   deltaViolations                      [ 276 ]
Gb_filter = 0

WARN:    S lookup   min:                          -0.002086
WARN:    S explicit min:                          0.000000	vertex = 198

#-----------------------------------------
#@# Curvature Stats rh Mon Mar  9 14:12:38 CET 2026
/out/sourcedata/freesurfer/sub-v1s21x0050414_ses-1/surf

 mris_curvature_stats -m --writeCurvatureFiles -G -o ../stats/rh.curv.stats -F smoothwm sub-v1s21x0050414_ses-1 rh curv sulc 

             Toggling save flag on curvature files                       [ ok ]
                 Outputting results using filestem   [ ../stats/rh.curv.stats ]
             Toggling save flag on curvature files                       [ ok ]
                                   Setting surface [ sub-v1s21x0050414_ses-1/rh.smoothwm ]
                                Reading surface...                       [ ok ]
                                   Setting texture                     [ curv ]
                                Reading texture...                       [ ok ]
                                   Setting texture                     [ sulc ]
                                Reading texture...Gb_filter = 0
                       [ ok ]
      Calculating Discrete Principal Curvatures...
      Determining geometric order for vno faces... [####################] [ ok ]
                      Determining KH curvatures... [####################] [ ok ]
                    Determining k1k2 curvatures... [####################] [ ok ]
                                   deltaViolations                      [ 233 ]
Gb_filter = 0

WARN:   k2 lookup   min:                          -79.182144
WARN:   k2 explicit min:                          -18.226936	vertex = 80550

WARN:    S lookup   min:                          -6.750980
WARN:    S explicit min:                          0.000000	vertex = 312

WARN:    C lookup   max:                          5246.273926
WARN:    C explicit max:                          175.341736	vertex = 79872
#-----------------------------------------
#@# Relabel Hypointensities Mon Mar  9 14:12:40 CET 2026
/out/sourcedata/freesurfer/sub-v1s21x0050414_ses-1/mri

 mri_relabel_hypointensities aseg.presurf.mgz ../surf aseg.presurf.hypos.mgz 

reading input surface ../surf/lh.white...
relabeling lh hypointensities...
2853 voxels changed to hypointensity...
reading input surface ../surf/rh.white...
relabeling rh hypointensities...
2612 voxels changed to hypointensity...
5577 hypointense voxels neighboring cortex changed
#-----------------------------------------
#@# APas-to-ASeg Mon Mar  9 14:12:55 CET 2026
/out/sourcedata/freesurfer/sub-v1s21x0050414_ses-1/mri

 mri_surf2volseg --o aseg.mgz --i aseg.presurf.hypos.mgz --fix-presurf-with-ribbon /out/sourcedata/freesurfer/sub-v1s21x0050414_ses-1/mri/ribbon.mgz --threads 16 --lh-cortex-mask /out/sourcedata/freesurfer/sub-v1s21x0050414_ses-1/label/lh.cortex.label --lh-white /out/sourcedata/freesurfer/sub-v1s21x0050414_ses-1/surf/lh.white --lh-pial /out/sourcedata/freesurfer/sub-v1s21x0050414_ses-1/surf/lh.pial --rh-cortex-mask /out/sourcedata/freesurfer/sub-v1s21x0050414_ses-1/label/rh.cortex.label --rh-white /out/sourcedata/freesurfer/sub-v1s21x0050414_ses-1/surf/rh.white --rh-pial /out/sourcedata/freesurfer/sub-v1s21x0050414_ses-1/surf/rh.pial 

SUBJECTS_DIR /out/sourcedata/freesurfer
outvol aseg.mgz
16 avail.processors, using 16
Loading aseg.presurf.hypos.mgz
Loading /out/sourcedata/freesurfer/sub-v1s21x0050414_ses-1/mri/ribbon.mgz
Loading /out/sourcedata/freesurfer/sub-v1s21x0050414_ses-1/surf/lh.white
Loading /out/sourcedata/freesurfer/sub-v1s21x0050414_ses-1/surf/lh.pial
Loading /out/sourcedata/freesurfer/sub-v1s21x0050414_ses-1/label/lh.cortex.label
Loading /out/sourcedata/freesurfer/sub-v1s21x0050414_ses-1/surf/rh.white
Loading /out/sourcedata/freesurfer/sub-v1s21x0050414_ses-1/surf/rh.pial
Loading /out/sourcedata/freesurfer/sub-v1s21x0050414_ses-1/label/rh.cortex.label
Done loading
  0 240 144  16  48 208 128 112 192  80  64 176  96 224 160  32   1  65 209  49 225 177  17 241 113  33   2  81 193  66  50 210 161 145  97 178   3  18 194 226 211  51  67 242   4  34  82 195 146 162 179 
212  19 
 68  52 114   5 227  98 196 213 243 180   6  20  35  53  69 147  83 214 197 163 129   7 181  21  54 228  70 215 198 115 244  99 
148   8  36  22  55 182 199 
216  84 245  71 164 229  56  23 149 217 200 246   9  37 183 100  72  57  24 247 201 218  38 116 230 150  85  58 248  10  25 165 202 219 
 39 
 73 101  59 
249  26 231  40 220 184 203 151  11 250  60  41  86 204 221 232  74 117  27  12 251 102  61 166  42 185 152 222 233 205  13 252  28  62  43  75 206 223 234  14 253  87  29  63 103  44 153 118 186 207 235 254  15 167  30  76  45 236 255 154  31  88  46 104 187 237 130  77 119 
155 168 238 105  47 239 
188  78 156  89 189 169 120 106 190 157  79 
 90 191 107 121 158 170  91 159 
108 122 171 131  92 172 109 123 110 173  93 124 111 174  94 125 175 132 126  95 133 127 134 135 136 137 138 139 
140 141 142 143 
nrelabeled = 177332
ndotcheck = 0
Starting Surf2VolSeg free
free done
#VMPC# mri_surf2volseg VmPeak  1936704
mri_surf2volseg done

 mri_brainvol_stats sub-v1s21x0050414_ses-1 

ComputeBrainVolumeStats2 VoxelVol=1, KeepCSF=1
  #CBVS2 MaskVol              1488739.0
  #CBVS2 BrainSegVol          1201490.0
  #CBVS2 BrainSegVolNotVent   1190490.0
  #CBVS2 SupraTentVol         1044579.0
  #CBVS2 SupraTentVolNotVent  1033579.0
  #CBVS2 lhCtxGM               260246.7
  #CBVS2 rhCtxGM               257756.2
  #CBVS2 lhCerebralWM          227938.0
  #CBVS2 rhCerebralWM          225434.0
  #CBVS2 SubCortGMVol           63394.0
  #CBVS2 CerebellumVol         156911.0
  #CBVS2 CerebellumGMVol       126900.0
  #CBVS2 VentChorVol             7339.0
  #CBVS2 3rd4th5thCSF            3661.0
  #CBVS2 AllCSF                 11000.0
  #CBVS2 CCVol                   3824.0
#-----------------------------------------
#@# AParc-to-ASeg aparc Mon Mar  9 14:13:03 CET 2026
/out/sourcedata/freesurfer/sub-v1s21x0050414_ses-1/mri

 mri_surf2volseg --o aparc+aseg.mgz --label-cortex --i aseg.mgz --threads 16 --lh-annot /out/sourcedata/freesurfer/sub-v1s21x0050414_ses-1/label/lh.aparc.annot 1000 --lh-cortex-mask /out/sourcedata/freesurfer/sub-v1s21x0050414_ses-1/label/lh.cortex.label --lh-white /out/sourcedata/freesurfer/sub-v1s21x0050414_ses-1/surf/lh.white --lh-pial /out/sourcedata/freesurfer/sub-v1s21x0050414_ses-1/surf/lh.pial --rh-annot /out/sourcedata/freesurfer/sub-v1s21x0050414_ses-1/label/rh.aparc.annot 2000 --rh-cortex-mask /out/sourcedata/freesurfer/sub-v1s21x0050414_ses-1/label/rh.cortex.label --rh-white /out/sourcedata/freesurfer/sub-v1s21x0050414_ses-1/surf/rh.white --rh-pial /out/sourcedata/freesurfer/sub-v1s21x0050414_ses-1/surf/rh.pial 

SUBJECTS_DIR /out/sourcedata/freesurfer
outvol aparc+aseg.mgz
16 avail.processors, using 16
Loading aseg.mgz
Loading /out/sourcedata/freesurfer/sub-v1s21x0050414_ses-1/surf/lh.white
Loading /out/sourcedata/freesurfer/sub-v1s21x0050414_ses-1/surf/lh.pial
Loading /out/sourcedata/freesurfer/sub-v1s21x0050414_ses-1/label/lh.cortex.label
Ripping lh vertices labeled not in lh.cortex.label
  ripped 8299 vertices from lh hemi
Loading /out/sourcedata/freesurfer/sub-v1s21x0050414_ses-1/label/lh.aparc.annot
Loading /out/sourcedata/freesurfer/sub-v1s21x0050414_ses-1/surf/rh.white
Loading /out/sourcedata/freesurfer/sub-v1s21x0050414_ses-1/surf/rh.pial
Loading /out/sourcedata/freesurfer/sub-v1s21x0050414_ses-1/label/rh.cortex.label
Ripping rh vertices labeled not in rh.cortex.label
  ripped 8338 vertices from rh hemi
Loading /out/sourcedata/freesurfer/sub-v1s21x0050414_ses-1/label/rh.aparc.annot
Done loading
  0  32 144  48 128 224  16 208  96 160  64 192 240  80 176 112 225   1  49 241 209  33  17 242 210   2  34  18 226  50   3 243 211  35  19 
 51   4 212 244  36 227  65  20  52 193   5 213 245  37  21  53 228   6 214 246 194  38  22  54   7 215 247 195  39 
 23  55 229   8 216 248 196  40  24  56   9 217 249 197  41 230  25  57  10 218 250 198  42  26  58  11 231 219 
251 199 
 43  27  59 
232  12 220 252 200  44  28  60  13 221 253  45  61 233  29 201  14 222  62 254  46  30  15 223  63 255 234  47  66  31 202 203 235 204 236 205 237 206 238 207 239 
 67  68  81  69 129 161 145  97 113  70  82 177 130  71 114 162  83 146  98  72 178  84 131 163 115 147  85  73  99 
132 179 
164 116  86 148  87  74 165 133 117 100 149 180  88 166  75  89 150 118 181 167  90 101  76 134  91 151 168 119 
182  77 102  92 169 152  78 183 135 120 170  93 184  79 
103 171 153 121  94 185 172 186 136  95 104 187 122 173 154 188 189 190 191 123 174 137 105 155 124 175 106 138 125 156 107 126 139 
157 108 127 140 158 109 141 110 159 
142 111 143 
nrelabeled = 516813
ndotcheck = 32554
Starting Surf2VolSeg free
free done
#VMPC# mri_surf2volseg VmPeak  1920908
mri_surf2volseg done
#-----------------------------------------
#@# AParc-to-ASeg aparc.a2009s Mon Mar  9 14:13:40 CET 2026
/out/sourcedata/freesurfer/sub-v1s21x0050414_ses-1/mri

 mri_surf2volseg --o aparc.a2009s+aseg.mgz --label-cortex --i aseg.mgz --threads 16 --lh-annot /out/sourcedata/freesurfer/sub-v1s21x0050414_ses-1/label/lh.aparc.a2009s.annot 11100 --lh-cortex-mask /out/sourcedata/freesurfer/sub-v1s21x0050414_ses-1/label/lh.cortex.label --lh-white /out/sourcedata/freesurfer/sub-v1s21x0050414_ses-1/surf/lh.white --lh-pial /out/sourcedata/freesurfer/sub-v1s21x0050414_ses-1/surf/lh.pial --rh-annot /out/sourcedata/freesurfer/sub-v1s21x0050414_ses-1/label/rh.aparc.a2009s.annot 12100 --rh-cortex-mask /out/sourcedata/freesurfer/sub-v1s21x0050414_ses-1/label/rh.cortex.label --rh-white /out/sourcedata/freesurfer/sub-v1s21x0050414_ses-1/surf/rh.white --rh-pial /out/sourcedata/freesurfer/sub-v1s21x0050414_ses-1/surf/rh.pial 

SUBJECTS_DIR /out/sourcedata/freesurfer
outvol aparc.a2009s+aseg.mgz
16 avail.processors, using 16
Loading aseg.mgz
Loading /out/sourcedata/freesurfer/sub-v1s21x0050414_ses-1/surf/lh.white
Loading /out/sourcedata/freesurfer/sub-v1s21x0050414_ses-1/surf/lh.pial
Loading /out/sourcedata/freesurfer/sub-v1s21x0050414_ses-1/label/lh.cortex.label
Ripping lh vertices labeled not in lh.cortex.label
  ripped 8299 vertices from lh hemi
Loading /out/sourcedata/freesurfer/sub-v1s21x0050414_ses-1/label/lh.aparc.a2009s.annot
Loading /out/sourcedata/freesurfer/sub-v1s21x0050414_ses-1/surf/rh.white
Loading /out/sourcedata/freesurfer/sub-v1s21x0050414_ses-1/surf/rh.pial
Loading /out/sourcedata/freesurfer/sub-v1s21x0050414_ses-1/label/rh.cortex.label
Ripping rh vertices labeled not in rh.cortex.label
  ripped 8338 vertices from rh hemi
Loading /out/sourcedata/freesurfer/sub-v1s21x0050414_ses-1/label/rh.aparc.a2009s.annot
Done loading
 16 160 240 128 224  32  64  96  48  80 192 144 208 112 176   0  49   1 209 225  33  17 241  50   2 210 226  34  18 242  51   3 211 227  35  19 
243  52   4 212 228  36  20 244  65  53 193   5 213 229  37  21 245  54   6 214 230 194  38  55  22 246   7 215 231 195  39 
 23  56 247   8 216 232 196  40  57  24 248   9 217 233 197 249  41  58  25  10 218 234 198 250  42  59 
 26  11 219 
235 199 
251  43  60  27  12 220 236 200 252  61  44  28  13 221 237 201  62 253  45  29  14 222 238 202  63 254  46  30  15 223 239 
 66 203 255  47  31 204 205 206 207  67  68  81  69 129 161 113 177 145  97  82  70 130 114 162  83  71 178 146  98  84  72 115 131 163  85 179 
147 116  99 
 73 132 164  86 148 180 165 133  87 117  74 100 149 166 181  88 167 150 118 134  75  89 182 101 168 151  90 183  76 169 119 
184 135 152 170  91 102 185  77 171 186  92 153 120 172 187  78 103 136 188 189 173 190  93  79 
191 154 121 174 104  94 137 175 122 155 105  95 138 123 156 106 139 
124 157 107 158 140 125 108 159 
141 109 126 142 110 127 143 111 
nrelabeled = 516813
ndotcheck = 32554
Starting Surf2VolSeg free
free done
#VMPC# mri_surf2volseg VmPeak  1921008
mri_surf2volseg done
#-----------------------------------------
#@# AParc-to-ASeg aparc.DKTatlas Mon Mar  9 14:14:13 CET 2026
/out/sourcedata/freesurfer/sub-v1s21x0050414_ses-1/mri

 mri_surf2volseg --o aparc.DKTatlas+aseg.mgz --label-cortex --i aseg.mgz --threads 16 --lh-annot /out/sourcedata/freesurfer/sub-v1s21x0050414_ses-1/label/lh.aparc.DKTatlas.annot 1000 --lh-cortex-mask /out/sourcedata/freesurfer/sub-v1s21x0050414_ses-1/label/lh.cortex.label --lh-white /out/sourcedata/freesurfer/sub-v1s21x0050414_ses-1/surf/lh.white --lh-pial /out/sourcedata/freesurfer/sub-v1s21x0050414_ses-1/surf/lh.pial --rh-annot /out/sourcedata/freesurfer/sub-v1s21x0050414_ses-1/label/rh.aparc.DKTatlas.annot 2000 --rh-cortex-mask /out/sourcedata/freesurfer/sub-v1s21x0050414_ses-1/label/rh.cortex.label --rh-white /out/sourcedata/freesurfer/sub-v1s21x0050414_ses-1/surf/rh.white --rh-pial /out/sourcedata/freesurfer/sub-v1s21x0050414_ses-1/surf/rh.pial 

SUBJECTS_DIR /out/sourcedata/freesurfer
outvol aparc.DKTatlas+aseg.mgz
16 avail.processors, using 16
Loading aseg.mgz
Loading /out/sourcedata/freesurfer/sub-v1s21x0050414_ses-1/surf/lh.white
Loading /out/sourcedata/freesurfer/sub-v1s21x0050414_ses-1/surf/lh.pial
Loading /out/sourcedata/freesurfer/sub-v1s21x0050414_ses-1/label/lh.cortex.label
Ripping lh vertices labeled not in lh.cortex.label
  ripped 8299 vertices from lh hemi
Loading /out/sourcedata/freesurfer/sub-v1s21x0050414_ses-1/label/lh.aparc.DKTatlas.annot
Loading /out/sourcedata/freesurfer/sub-v1s21x0050414_ses-1/surf/rh.white
Loading /out/sourcedata/freesurfer/sub-v1s21x0050414_ses-1/surf/rh.pial
Loading /out/sourcedata/freesurfer/sub-v1s21x0050414_ses-1/label/rh.cortex.label
Ripping rh vertices labeled not in rh.cortex.label
  ripped 8338 vertices from rh hemi
Loading /out/sourcedata/freesurfer/sub-v1s21x0050414_ses-1/label/rh.aparc.DKTatlas.annot
Done loading
 16  80  48 176 192 128  64 208   0 224 160  32 240 112 144  96 209 225 241  17  33   1  49 226 242 210  34  18   2  50 227 243 211  35  19 
  3  51 228 244 212  36  20   4 229 245 213 193  52  37  21 230 246 214   5  38  22  53 231 194 247 215   6  39 
 23  54 232  65 195 248 216   7  40  24 233  55 249 217 196  25  41   8 234  56 250 218  26  42 197 235   9 251 219 
 57  27  43 198 236  10 252 220  58  28  44 199 
237 253 221  11  59 
 45  29 254 200 238 222  12  46  60  30 255 201 239 
223  13  47  31  61 202  14  62 203  15  63 204  66 205 206 207  67  68  81 129  69 113 161  97 177 145  70  82 130 114  71 162  83 146 178  98 131  84 147 115 163  72 179 
132  85  99 
148 164 116  86 180 133  73  87 149 117 165 100  88 181 134 150  74  89 118 166 182  90 101 151 167 183  75 119 
 91 135 168 152 102 184  92 169 185 120  76 186 136 153 170 103  93 187 121 171 188  94 189 190  77 191 172 154 104 137 122  95 173  78 105 155 123 138 174  79 
124 106 175 156 139 
125 157 140 107 126 158 141 108 127 159 
142 109 143 110 111 
nrelabeled = 516813
ndotcheck = 32554
Starting Surf2VolSeg free
free done
#VMPC# mri_surf2volseg VmPeak  1920916
mri_surf2volseg done
#-----------------------------------------
#@# WMParc Mon Mar  9 14:14:47 CET 2026
/out/sourcedata/freesurfer/sub-v1s21x0050414_ses-1/mri

 mri_surf2volseg --o wmparc.mgz --label-wm --i aparc+aseg.mgz --threads 16 --lh-annot /out/sourcedata/freesurfer/sub-v1s21x0050414_ses-1/label/lh.aparc.annot 3000 --lh-cortex-mask /out/sourcedata/freesurfer/sub-v1s21x0050414_ses-1/label/lh.cortex.label --lh-white /out/sourcedata/freesurfer/sub-v1s21x0050414_ses-1/surf/lh.white --lh-pial /out/sourcedata/freesurfer/sub-v1s21x0050414_ses-1/surf/lh.pial --rh-annot /out/sourcedata/freesurfer/sub-v1s21x0050414_ses-1/label/rh.aparc.annot 4000 --rh-cortex-mask /out/sourcedata/freesurfer/sub-v1s21x0050414_ses-1/label/rh.cortex.label --rh-white /out/sourcedata/freesurfer/sub-v1s21x0050414_ses-1/surf/rh.white --rh-pial /out/sourcedata/freesurfer/sub-v1s21x0050414_ses-1/surf/rh.pial 

SUBJECTS_DIR /out/sourcedata/freesurfer
outvol wmparc.mgz
16 avail.processors, using 16
Loading aparc+aseg.mgz
Loading /out/sourcedata/freesurfer/sub-v1s21x0050414_ses-1/surf/lh.white
Loading /out/sourcedata/freesurfer/sub-v1s21x0050414_ses-1/surf/lh.pial
Loading /out/sourcedata/freesurfer/sub-v1s21x0050414_ses-1/label/lh.cortex.label
Ripping lh vertices labeled not in lh.cortex.label
  ripped 8299 vertices from lh hemi
Loading /out/sourcedata/freesurfer/sub-v1s21x0050414_ses-1/label/lh.aparc.annot
Loading /out/sourcedata/freesurfer/sub-v1s21x0050414_ses-1/surf/rh.white
Loading /out/sourcedata/freesurfer/sub-v1s21x0050414_ses-1/surf/rh.pial
Loading /out/sourcedata/freesurfer/sub-v1s21x0050414_ses-1/label/rh.cortex.label
Ripping rh vertices labeled not in rh.cortex.label
  ripped 8338 vertices from rh hemi
Loading /out/sourcedata/freesurfer/sub-v1s21x0050414_ses-1/label/rh.aparc.annot
Done loading
  0 224 128  80 192 160  32 144 240  64  16 208 112 176  48  96 241  33   1 225  17  49 209 193  34   2  65 226 210 242  18  50  35   3  66 211  19 
 51  36   4 243 194 227 212  20  52  37   5 244 195 228  67 213  21  53  38   6 245 196 229  54 214  22  39 
  7 246 129 197  55 230 215 247  40  23   8  68  56 198 231  41 216 248  24   9  57 199 
 42 232  10 217 249  25  58  43 200  11 233 218 250  26  59 
 81  44  12  69 201 234 219 
251  27  60  45  13 202 252 235 220  61  28  46  14 253 203 130 236 221  62 177  47  29  15 254 204  63 237 222  30 255 205 238 223  31  70 206 239 
207  71  82  72  97 178 131 161 145  83  73 179 
113 132  74  84 180  98 162 133 181  75  85 146 182 134  76  86 183  99 
114  77 184 135 163 185  87 186  78 187 147 100 188 136 189 190 191  88  79 
164  89 101 115 137 148  90 165 102  91 138 149 166 116  92 103 167 139 
 93 150 104 168 117  94 140 105 169 151  95 118 170 141 106 152 171 119 
172 107 153 142 173 120 108 174 154 121 175 109 122 143 155 123 110 156 124 125 111 126 157 127 158 159 

nrelabeled = 449548
ndotcheck = 3691
Starting Surf2VolSeg free
free done
#VMPC# mri_surf2volseg VmPeak  1920908
mri_surf2volseg done

 mri_segstats --seed 1234 --seg mri/wmparc.mgz --sum stats/wmparc.stats --pv mri/norm.mgz --excludeid 0 --brainmask mri/brainmask.mgz --in mri/norm.mgz --in-intensity-name norm --in-intensity-units MR --subject sub-v1s21x0050414_ses-1 --surf-wm-vol --ctab /opt/freesurfer/WMParcStatsLUT.txt --etiv 

setting seed for random number genererator to 1234

7.3.2
cwd 
cmdline mri_segstats --seed 1234 --seg mri/wmparc.mgz --sum stats/wmparc.stats --pv mri/norm.mgz --excludeid 0 --brainmask mri/brainmask.mgz --in mri/norm.mgz --in-intensity-name norm --in-intensity-units MR --subject sub-v1s21x0050414_ses-1 --surf-wm-vol --ctab /opt/freesurfer/WMParcStatsLUT.txt --etiv 
sysname  Linux
hostname dna058
machine  x86_64
user     oesteban
whitesurfname  white
UseRobust  0
atlas_icv (eTIV) = 1358663 mm^3    (det: 1.433840 )
Loading mri/wmparc.mgz
Getting Brain Volume Statistics
Loading mri/norm.mgz
Loading mri/norm.mgz
Voxel Volume is 1 mm^3
Generating list of segmentation ids
Found 390 segmentations
Computing statistics for each segmentation

Reporting on  70 segmentations
Using PrintSegStat
mri_segstats done
#--------------------------------------------
#@# ASeg Stats Mon Mar  9 14:18:49 CET 2026
/out/sourcedata/freesurfer/sub-v1s21x0050414_ses-1

 mri_segstats --seed 1234 --seg mri/aseg.mgz --sum stats/aseg.stats --pv mri/norm.mgz --empty --brainmask mri/brainmask.mgz --brain-vol-from-seg --excludeid 0 --excl-ctxgmwm --supratent --subcortgray --in mri/norm.mgz --in-intensity-name norm --in-intensity-units MR --etiv --surf-wm-vol --surf-ctx-vol --totalgray --euler --ctab /opt/freesurfer/ASegStatsLUT.txt --subject sub-v1s21x0050414_ses-1 

setting seed for random number genererator to 1234

7.3.2
cwd 
cmdline mri_segstats --seed 1234 --seg mri/aseg.mgz --sum stats/aseg.stats --pv mri/norm.mgz --empty --brainmask mri/brainmask.mgz --brain-vol-from-seg --excludeid 0 --excl-ctxgmwm --supratent --subcortgray --in mri/norm.mgz --in-intensity-name norm --in-intensity-units MR --etiv --surf-wm-vol --surf-ctx-vol --totalgray --euler --ctab /opt/freesurfer/ASegStatsLUT.txt --subject sub-v1s21x0050414_ses-1 
sysname  Linux
hostname dna058
machine  x86_64
user     oesteban
whitesurfname  white
UseRobust  0
atlas_icv (eTIV) = 1358663 mm^3    (det: 1.433840 )
Computing euler number
orig.nofix lheno =  -44, rheno = -86
orig.nofix lhholes =   23, rhholes = 44
Loading mri/aseg.mgz
Getting Brain Volume Statistics
Loading mri/norm.mgz
Loading mri/norm.mgz
Voxel Volume is 1 mm^3
Generating list of segmentation ids
Found  50 segmentations
Computing statistics for each segmentation

Reporting on  45 segmentations
Using PrintSegStat
mri_segstats done

Started at Mon Mar 9 14:12:35 CET 2026 
Ended   at Mon Mar 9 14:19:31 CET 2026
#@#%# recon-all-run-time-hours 0.116
recon-all -s sub-v1s21x0050414_ses-1 finished without error at Mon Mar  9 14:19:31 CET 2026
