#!ascii label  , from subject sub-v1s21x0050413_ses-1 vox2ras=TkReg
8331
51  6.400  -93.923  -1.215 0.6000000238
57  5.207  -94.268  -2.634 0.5000000000
61  6.677  -94.984  -2.880 0.6999999881
56  6.009  -94.615  -2.606 0.5000000000
63  5.023  -94.272  -3.298 0.4000000060
121871  4.695  -93.506  -2.999 0.2000000030
62  5.785  -94.959  -3.106 0.5000000000
264  8.055  -93.064  -0.509 0.8999999762
134  7.289  -93.675  -0.784 0.6999999881
116667  7.501  -92.629  -2.241 0.8000000119
121065  6.509  -94.286  -2.150 0.6999999881
144  7.157  -93.940  -2.436 0.8000000119
70  6.584  -95.435  -3.605 0.6999999881
132978  7.187  -95.357  -3.304 0.6999999881
162  5.406  -93.554  -4.986 0.4000000060
158  5.191  -93.200  -4.506 0.3000000119
44  6.817  -93.568  0.623 0.6999999881
425  9.500  -90.549  -0.175 0.8999999762
262  9.044  -91.396  -0.343 0.8999999762
256  8.780  -92.557  -0.006 0.8000000119
47  6.496  -93.696  -0.298 0.6999999881
48  5.593  -93.455  0.198 0.6999999881
426  8.967  -90.656  -0.973 0.8999999762
263  8.367  -91.817  -1.003 0.8999999762
126978  5.496  -93.647  -0.666 0.5000000000
440  11.824  -90.384  -2.147 1.0000000000
673  11.344  -89.425  -2.348 1.0000000000
664  9.467  -89.410  -1.848 0.8999999762
650  9.062  -90.078  -1.567 0.8999999762
135581  7.850  -91.795  -1.882 0.8999999762
117404  11.555  -91.596  -2.146 0.8999999762
441  11.074  -90.445  -2.558 1.0000000000
444  8.361  -90.759  -2.866 0.8999999762
136901  8.385  -90.871  -1.893 0.8999999762
445  7.778  -91.525  -2.671 0.8999999762
145  4.722  -93.329  -1.921 0.2000000030
282  10.830  -92.923  -2.725 0.8999999762
451  10.798  -91.571  -2.850 0.8999999762
452  10.108  -91.072  -3.431 0.8999999762
454  7.988  -91.526  -3.335 0.8999999762
286  7.895  -92.583  -3.515 0.8000000119
151  7.484  -94.054  -3.110 0.8000000119
133666  4.692  -92.971  -3.361 0.2000000030
75  6.109  -94.843  -4.612 0.5000000000
161  5.957  -93.762  -5.661 0.3000000119
125774  11.111  -93.737  -9.848 0.3000000119
128756  10.071  -93.472  -9.544 0.3000000119
185  11.410  -92.614  -9.502 0.2000000030
129767  12.259  -92.701  -9.615 0.3000000119
323  10.647  -91.486  -9.673 0.2000000030
119  9.496  -93.143  2.493 0.8000000119
118  10.779  -92.743  2.952 1.0000000000
117  8.894  -92.813  3.346 0.6999999881
39  8.121  -93.505  1.589 0.8000000119
120  8.292  -93.215  2.200 0.4000000060
122  9.379  -93.309  1.676 0.8000000119
42  6.771  -93.412  1.131 0.5000000000
124  6.402  -93.057  1.377 0.4000000060
248  10.795  -92.508  2.132 1.0000000000
249  9.979  -92.953  1.413 0.8000000119
40  8.537  -93.533  1.272 0.6999999881
407  10.319  -91.780  1.330 0.8999999762
406  10.697  -90.549  1.504 1.0000000000
136902  9.845  -92.374  0.956 0.8000000119
127  8.580  -93.392  0.619 0.8000000119
43  7.875  -93.582  0.804 0.6999999881
45  5.820  -93.263  0.882 0.5000000000
627  11.068  -89.437  1.557 1.0000000000
119805  9.532  -91.687  0.463 0.8000000119
135009  10.433  -89.832  0.820 0.8999999762
417  10.073  -90.650  0.654 1.0000000000
133  7.636  -93.547  0.121 0.6999999881
647  15.058  -89.388  -0.372 0.6999999881
661  14.312  -88.985  -1.164 0.6999999881
662  13.740  -89.878  -1.169 0.8000000119
134176  13.105  -90.421  -1.274 1.0000000000
914  13.465  -88.554  -1.788 0.8000000119
649  9.470  -89.623  -0.927 0.8999999762
638  10.026  -89.750  0.006 0.8999999762
434  13.510  -91.096  -0.611 0.8999999762
128419  12.874  -91.416  -0.981 0.8999999762
435  12.517  -90.385  -1.699 1.0000000000
927  12.538  -88.532  -2.097 0.8000000119
119528  11.731  -88.561  -2.146 1.0000000000
929  10.148  -89.000  -2.126 0.8999999762
903  9.945  -88.854  -1.333 0.8999999762
58  12.468  -94.643  -2.498 0.8999999762
126340  11.993  -92.950  -1.395 1.0000000000
275  12.251  -91.550  -1.568 0.8999999762
683  9.911  -90.301  -3.129 1.0000000000
55  11.989  -94.649  -2.068 0.8999999762
149  11.386  -94.221  -2.429 0.8999999762
150  10.578  -93.614  -3.092 0.8999999762
284  9.562  -91.785  -3.676 0.8999999762
133197  8.610  -90.988  -3.370 0.8999999762
293  8.369  -92.814  -3.786 0.8999999762
64  12.054  -94.836  -3.220 0.8999999762
65  11.647  -95.125  -3.687 0.8999999762
60  10.958  -94.882  -3.076 0.8999999762
155  9.608  -94.017  -3.872 0.8999999762
292  9.072  -92.692  -3.894 0.8999999762
157  7.943  -94.233  -3.590 0.8999999762
159  11.893  -94.019  -5.173 0.8999999762
72  11.633  -95.206  -4.656 0.8999999762
136148  11.291  -95.473  -4.728 0.8999999762
12  9.581  -95.152  -4.713 0.8999999762
127639  7.880  -95.483  -4.428 0.6999999881
17  7.601  -95.415  -5.126 0.6999999881
164  11.081  -94.568  -6.260 0.8000000119
79  11.359  -95.223  -6.782 0.8000000119
3  10.670  -95.744  -6.686 0.6999999881
132739  9.931  -95.581  -6.510 0.6999999881
118126  8.654  -95.426  -6.258 0.5000000000
19  7.715  -95.084  -6.360 0.5000000000
74  6.834  -94.903  -5.415 0.6000000238
76  6.672  -93.913  -6.563 0.5000000000
168  12.717  -93.344  -7.953 0.6999999881
20  11.616  -96.149  -7.380 0.6999999881
5  10.134  -95.956  -7.219 0.6000000238
22  8.227  -94.720  -7.698 0.5000000000
81  7.298  -93.824  -7.587 0.4000000060
172  5.738  -92.076  -8.302 0.3000000119
113562  15.018  -94.041  -7.701 0.6000000238
113564  13.956  -93.713  -8.136 0.6000000238
77  12.700  -94.751  -8.440 0.6000000238
23  11.704  -95.727  -9.208 0.6000000238
9  10.348  -95.783  -9.248 0.6000000238
29  9.863  -95.121  -9.679 0.6000000238
80  7.804  -93.785  -8.698 0.4000000060
167  17.065  -94.137  -6.838 0.5000000000
113559  15.431  -94.509  -8.083 0.5000000000
113568  14.688  -94.475  -8.580 0.5000000000
27  12.377  -95.246  -9.610 0.6000000238
86  11.774  -94.946  -10.078 0.6000000238
87  10.477  -94.560  -9.956 0.4000000060
88  9.298  -94.033  -9.584 0.4000000060
176  16.135  -94.387  -7.538 0.5000000000
113567  14.887  -94.551  -8.926 0.3000000119
324  9.689  -91.429  -9.707 0.2000000030
320  17.968  -92.981  -8.105 0.5000000000
85  15.543  -94.462  -8.414 0.3000000119
114196  15.298  -94.192  -9.090 0.3000000119
113574  13.100  -93.489  -9.809 0.2000000030
115666  13.629  -92.791  -9.747 0.2000000030
114331  12.711  -92.069  -9.646 0.2000000030
321  17.318  -93.553  -8.195 0.3000000119
123793  16.335  -92.931  -9.113 0.3000000119
118780  14.921  -92.874  -9.598 0.2000000030
113575  13.257  -91.483  -9.882 0.2000000030
489  18.087  -91.855  -9.085 0.3000000119
322  15.387  -92.367  -9.663 0.2000000030
113573  14.111  -92.162  -9.846 0.2000000030
498  18.607  -90.753  -10.095 0.2000000030
490  17.231  -92.247  -9.128 0.2000000030
129498  16.416  -91.457  -9.811 0.2000000030
491  15.574  -91.456  -10.040 0.2000000030
130347  13.788  -91.087  -10.097 0.2000000030
499  18.108  -90.809  -9.796 0.2000000030
500  17.091  -90.691  -10.117 0.2000000030
501  15.942  -90.515  -10.492 0.2000000030
247  7.938  -92.566  2.833 0.4000000060
119153  8.516  -92.458  4.196 0.6000000238
246  11.677  -92.134  2.862 1.0000000000
121  10.187  -93.071  2.074 1.0000000000
250  7.386  -91.778  2.259 0.4000000060
244  7.913  -92.238  3.513 0.4000000060
131197  7.750  -91.940  4.009 0.6000000238
115597  11.238  -91.485  2.161 1.0000000000
128  5.439  -92.793  1.057 0.3000000119
616  11.913  -89.503  2.614 1.0000000000
617  11.503  -90.395  2.323 1.0000000000
888  11.775  -88.525  2.006 1.0000000000
637  10.538  -88.951  0.349 1.0000000000
114321  14.862  -90.602  0.026 0.8000000119
901  14.842  -88.430  -1.051 0.6999999881
912  14.989  -87.627  -1.277 0.6999999881
896  11.048  -87.941  0.172 1.0000000000
423  14.485  -91.595  0.361 0.8999999762
433  14.151  -90.810  -0.284 0.8999999762
1251  14.322  -86.948  -1.583 0.8000000119
1252  13.507  -87.505  -1.763 0.8000000119
648  10.042  -89.048  -0.530 0.8999999762
261  13.391  -92.339  -0.212 0.8999999762
136627  13.166  -93.223  -0.532 1.0000000000
1263  12.144  -87.837  -1.939 0.8000000119
1244  10.997  -87.720  -0.923 0.8999999762
902  10.456  -88.404  -0.654 0.8999999762
132  13.842  -93.167  -0.158 0.8999999762
127767  13.535  -93.603  -0.978 1.0000000000
138  12.609  -93.793  -1.068 1.0000000000
915  11.337  -87.981  -1.781 0.8999999762
147  13.344  -93.744  -2.894 0.8999999762
290  12.785  -92.400  -4.102 0.8999999762
297  11.663  -92.439  -5.608 0.8999999762
462  12.198  -90.676  -5.642 0.8999999762
299  11.492  -92.120  -6.500 0.8000000119
466  12.118  -90.472  -6.502 0.8999999762
113565  13.179  -92.282  -7.702 0.6000000238
114221  12.361  -91.636  -7.316 0.6999999881
113570  12.880  -90.921  -7.534 0.8000000119
130748  13.549  -91.592  -7.645 0.6999999881
304  18.643  -92.627  -6.893 0.6999999881
305  17.080  -93.418  -6.414 0.6000000238
113560  15.420  -93.199  -7.081 0.6000000238
129694  14.351  -91.695  -7.520 0.6000000238
123629  15.348  -91.504  -7.374 0.8000000119
313  18.317  -93.086  -7.191 0.6000000238
175  17.558  -93.778  -7.261 0.5000000000
488  18.883  -91.698  -9.048 0.4000000060
487  19.513  -91.599  -9.285 0.4000000060
497  19.332  -91.109  -10.117 0.4000000060
332  19.461  -91.552  -10.930 0.3000000119
505  18.770  -90.829  -10.769 0.1000000015
506  18.116  -90.309  -11.141 0.2000000030
507  17.642  -90.299  -10.655 0.2000000030
116  10.056  -92.899  3.617 1.0000000000
121414  9.501  -92.699  4.369 0.8999999762
243  11.686  -92.312  3.685 1.0000000000
113  8.930  -92.317  5.046 0.8000000119
251  6.522  -92.309  1.590 0.3000000119
118984  7.353  -91.666  5.014 0.8000000119
400  12.077  -91.226  2.892 1.0000000000
245  12.198  -91.686  3.553 1.0000000000
401  7.556  -91.296  2.890 0.3000000119
397  7.446  -91.158  3.412 0.3000000119
392  7.271  -91.326  4.193 0.6999999881
236  6.912  -91.672  5.667 0.8000000119
409  6.638  -90.278  1.491 0.3000000119
1206  12.286  -87.949  3.326 1.0000000000
1214  12.390  -87.908  2.634 0.8999999762
1222  12.156  -87.738  1.730 1.0000000000
1213  12.592  -87.266  2.302 0.8000000119
636  15.792  -90.411  0.416 0.8999999762
1641  15.632  -86.456  -1.147 0.8000000119
1250  15.107  -86.878  -1.354 0.8000000119
1234  11.924  -87.507  0.730 1.0000000000
1221  12.580  -87.136  1.403 1.0000000000
116787  12.964  -86.576  1.192 0.8000000119
416  15.850  -91.612  0.540 0.8999999762
422  15.194  -91.391  0.443 0.8999999762
2021  15.707  -85.136  -1.032 0.8000000119
1642  14.841  -86.171  -1.386 0.8000000119
121604  14.113  -86.189  -1.478 0.8000000119
1243  11.673  -87.298  -0.285 0.8000000119
125  15.982  -92.248  0.182 0.8000000119
130  15.566  -92.731  -0.321 0.8999999762
2030  14.346  -85.714  -1.282 0.8000000119
2031  13.770  -85.820  -1.153 0.8000000119
1253  12.701  -87.246  -1.661 0.8000000119
1635  12.640  -86.488  -0.401 0.8000000119
141  14.601  -93.262  -1.563 0.8999999762
1254  11.856  -87.278  -1.241 0.8000000119
280  14.401  -91.834  -3.263 0.8999999762
146  14.118  -92.961  -2.626 1.0000000000
458  12.647  -91.001  -4.799 1.0000000000
461  12.774  -90.093  -5.443 0.8999999762
702  12.786  -89.486  -7.240 0.8999999762
114469  17.615  -91.109  -7.168 0.8000000119
114039  15.797  -90.375  -7.714 0.8000000119
114046  13.516  -90.602  -7.785 0.8000000119
472  17.800  -92.575  -6.603 0.6999999881
473  16.677  -91.800  -6.930 0.6999999881
114052  14.265  -90.510  -7.880 0.8999999762
311  20.239  -92.170  -7.706 0.6000000238
122416  20.300  -92.154  -8.442 0.5000000000
125131  19.631  -92.480  -8.063 0.5000000000
328  20.234  -91.795  -9.616 0.6000000238
331  20.339  -92.419  -10.587 0.5000000000
120388  19.668  -92.507  -11.381 0.4000000060
115  10.942  -92.665  3.891 1.0000000000
114  10.442  -92.632  4.545 1.0000000000
239  12.102  -91.790  4.184 1.0000000000
111  10.657  -92.232  5.275 1.0000000000
390  12.172  -91.024  4.346 1.0000000000
127222  6.901  -91.219  1.730 0.3000000119
126409  9.635  -91.645  6.543 1.0000000000
599  12.234  -90.227  4.010 1.0000000000
408  7.101  -90.641  2.263 0.3000000119
618  7.039  -90.246  2.821 0.3000000119
607  12.203  -89.723  3.418 1.0000000000
857  11.919  -89.362  3.934 1.0000000000
418  6.272  -90.043  0.537 0.3000000119
628  6.610  -89.729  2.029 0.3000000119
118228  6.248  -88.999  1.773 0.3000000119
608  6.471  -89.766  3.128 0.3000000119
242  6.602  -91.365  4.747 0.6000000238
866  12.152  -88.812  3.485 1.0000000000
602  5.072  -90.306  3.946 0.4000000060
394  5.631  -91.040  4.495 0.6999999881
1600  12.156  -86.928  3.285 1.0000000000
1609  12.698  -86.822  2.716 0.8000000119
118240  16.266  -85.842  -0.885 0.6999999881
123571  12.980  -86.170  2.435 0.8000000119
415  16.567  -91.085  0.884 0.8000000119
2919  16.508  -83.957  -0.484 0.8000000119
254  16.644  -91.837  0.403 0.8000000119
1626  13.103  -86.110  0.300 0.8000000119
1616  13.395  -85.942  1.634 0.8000000119
268  15.619  -92.793  -1.385 0.8000000119
2022  14.230  -85.153  -0.778 0.6999999881
2023  13.575  -85.528  -0.385 0.8000000119
2014  13.611  -85.391  0.633 0.8000000119
273  15.472  -92.399  -2.333 0.8999999762
1634  13.147  -86.155  -0.781 0.8000000119
449  14.688  -90.852  -3.594 0.8999999762
450  13.951  -91.086  -3.918 0.8999999762
289  13.289  -91.356  -4.229 0.8999999762
457  13.420  -90.340  -4.646 0.8999999762
693  12.789  -89.408  -6.143 0.8999999762
114240  13.305  -89.027  -7.556 0.8999999762
113576  18.402  -90.593  -7.370 0.8999999762
129798  16.684  -89.925  -7.716 1.0000000000
114274  14.769  -89.630  -8.070 0.8999999762
129776  13.740  -89.579  -7.946 0.8999999762
471  19.105  -91.696  -7.102 0.8999999762
302  20.331  -91.935  -7.579 0.6999999881
470  19.772  -91.690  -7.311 0.8000000119
181  22.442  -92.508  -9.017 0.5000000000
310  21.352  -91.955  -8.481 0.6999999881
182  21.857  -92.485  -8.995 0.5000000000
327  21.150  -92.571  -9.603 0.5000000000
192  20.196  -93.122  -11.298 0.5000000000
336  18.779  -92.188  -12.056 0.2000000030
191  21.100  -93.303  -10.692 0.5000000000
31  20.630  -94.093  -11.858 0.5000000000
384  11.589  -91.495  4.902 1.0000000000
240  11.334  -92.224  4.625 1.0000000000
227  8.812  -91.775  6.610 0.8999999762
391  11.566  -90.870  5.048 1.0000000000
595  10.939  -90.443  5.502 1.0000000000
232  10.999  -91.710  5.566 1.0000000000
124702  7.415  -91.727  7.220 0.8999999762
223  6.512  -91.525  7.484 0.8999999762
858  11.074  -88.951  4.330 1.0000000000
119860  11.572  -90.059  4.616 1.0000000000
600  10.289  -89.498  4.929 1.0000000000
230  5.624  -91.533  6.566 0.8000000119
1194  10.663  -87.929  4.041 1.0000000000
867  11.759  -88.378  3.861 1.0000000000
639  6.337  -89.130  1.124 0.3000000119
238  4.900  -91.467  5.697 0.6999999881
133320  11.539  -86.072  3.205 0.8999999762
1207  11.490  -87.406  3.725 1.0000000000
609  4.478  -89.763  3.332 0.4000000060
395  4.436  -90.860  4.562 0.5000000000
396  3.378  -90.493  4.746 0.5000000000
126793  2.781  -89.820  4.227 0.4000000060
597  2.529  -90.055  4.986 0.6000000238
138134  13.133  -84.033  2.576 0.6999999881
1999  12.464  -85.309  2.735 0.8000000119
598  2.343  -89.378  5.234 0.6000000238
2434  13.713  -84.434  2.150 0.6999999881
2435  13.159  -84.848  2.439 0.8000000119
123705  17.144  -83.557  -0.125 0.6999999881
2913  16.450  -83.275  -0.006 0.6999999881
133521  13.714  -85.205  1.428 0.8000000119
258  17.573  -91.994  -0.393 0.8000000119
129  16.729  -92.277  -0.378 0.8000000119
124020  15.160  -84.092  -0.387 0.6999999881
2450  14.033  -84.757  0.791 0.6999999881
267  16.485  -92.489  -1.158 0.8000000119
272  16.324  -92.154  -2.147 0.8000000119
2457  14.480  -84.410  -0.061 0.6999999881
2458  13.902  -84.958  -0.025 0.8000000119
279  15.161  -91.598  -3.056 0.8999999762
448  15.516  -90.590  -3.373 0.8999999762
456  14.256  -90.201  -4.218 0.8999999762
687  14.652  -89.367  -4.428 0.8999999762
688  13.900  -89.586  -4.774 0.8000000119
952  13.245  -88.827  -6.077 0.8000000119
114193  13.508  -88.301  -7.355 0.8000000119
114156  15.078  -88.377  -8.277 0.8000000119
137580  18.629  -89.862  -7.630 0.8999999762
129739  15.658  -89.240  -8.089 0.8999999762
701  19.238  -90.510  -7.586 0.8999999762
480  20.105  -91.041  -7.825 0.8000000119
173  23.153  -91.978  -8.721 0.8000000119
174  22.772  -92.232  -8.717 0.8000000119
478  22.073  -91.374  -8.545 0.8000000119
180  22.978  -92.336  -8.994 0.5000000000
188  22.469  -92.801  -9.970 0.5000000000
90  21.965  -93.597  -10.609 0.5000000000
187  22.967  -93.085  -10.690 0.6000000238
93  21.318  -93.863  -11.358 0.5000000000
94  20.161  -93.845  -11.715 0.5000000000
97  18.927  -93.989  -12.382 0.5000000000
96  23.387  -94.077  -12.195 0.5000000000
92  22.376  -94.007  -11.480 0.5000000000
30  21.454  -94.163  -11.807 0.5000000000
32  22.223  -94.224  -12.467 0.5000000000
130182  21.225  -94.173  -13.045 0.5000000000
34  19.639  -94.207  -12.377 0.5000000000
100  23.598  -93.832  -13.188 0.5000000000
101  22.133  -93.898  -13.491 0.5000000000
102  20.905  -93.781  -13.832 0.5000000000
135053  20.094  -93.631  -13.959 0.5000000000
107  22.883  -93.308  -14.024 0.5000000000
108  21.469  -93.346  -14.331 0.5000000000
132535  19.460  -93.651  -15.710 0.4000000060
204  22.009  -92.616  -14.654 0.5000000000
346  19.934  -93.325  -16.178 0.4000000060
352  19.399  -92.340  -16.170 0.4000000060
233  10.259  -91.811  6.023 1.0000000000
224  5.282  -91.377  7.399 1.0000000000
225  10.547  -91.284  6.276 1.0000000000
114482  9.321  -91.445  7.117 1.0000000000
222  8.388  -91.566  7.411 0.8999999762
859  9.586  -88.568  4.320 1.0000000000
231  4.517  -91.307  6.599 0.6999999881
1208  10.107  -86.857  3.799 1.0000000000
1195  9.241  -87.484  4.058 1.0000000000
123229  3.536  -91.065  6.630 0.8999999762
1990  10.699  -85.370  3.457 0.8999999762
1983  9.861  -85.009  3.888 0.8000000119
1984  9.467  -85.648  4.471 0.8000000119
1584  8.773  -86.284  5.204 0.8000000119
382  3.721  -91.164  5.936 0.6999999881
389  3.000  -90.728  5.469 0.8000000119
380  2.891  -90.557  6.997 0.8000000119
1989  11.649  -85.506  3.077 0.8999999762
2429  10.469  -84.563  3.724 0.8000000119
383  2.739  -90.794  6.184 0.6999999881
589  2.290  -89.767  6.497 0.8000000119
854  2.273  -88.769  5.437 0.6999999881
584  1.343  -88.642  7.611 0.8000000119
2898  13.731  -83.478  2.543 0.6999999881
2441  14.273  -83.980  1.897 0.6999999881
2897  14.499  -83.339  2.217 0.6999999881
266  17.227  -92.135  -1.159 0.8000000119
432  17.060  -91.853  -1.883 0.8000000119
3432  16.370  -82.843  0.880 0.6999999881
2914  15.695  -83.292  0.434 0.6999999881
2915  15.099  -83.492  0.883 0.6999999881
438  16.653  -91.275  -2.482 0.8000000119
447  16.247  -90.699  -3.001 0.8999999762
681  15.441  -89.649  -3.884 0.8999999762
686  15.359  -89.005  -4.342 0.8999999762
116663  13.985  -88.768  -5.339 0.8999999762
951  14.587  -87.948  -5.648 0.8999999762
113585  15.561  -87.493  -8.094 0.8999999762
129787  14.690  -87.016  -7.311 0.8000000119
113999  14.691  -87.533  -7.944 0.8000000119
113962  17.298  -88.956  -7.884 1.0000000000
113580  16.232  -88.399  -8.175 1.0000000000
709  18.783  -89.144  -7.949 1.0000000000
708  19.721  -89.511  -8.439 1.0000000000
707  20.585  -90.069  -8.703 0.8999999762
316  23.181  -92.126  -9.226 0.6999999881
486  22.472  -90.697  -8.850 0.8000000119
7117  6.600  -76.928  -13.236 0.6000000238
485  23.103  -91.223  -8.917 0.8000000119
713  21.989  -89.636  -9.270 0.8999999762
186  23.059  -92.533  -10.377 0.6000000238
326  23.212  -92.002  -9.837 0.6999999881
496  23.107  -90.955  -9.703 0.8999999762
6491  7.967  -77.006  -12.934 0.6000000238
190  23.540  -93.212  -11.603 0.6000000238
6505  8.927  -78.105  -12.910 0.5000000000
95  24.106  -93.572  -12.555 0.5000000000
193  24.417  -93.023  -13.218 0.5000000000
197  23.944  -93.136  -13.903 0.5000000000
349  22.232  -91.444  -14.855 0.6000000238
518  23.014  -91.507  -14.573 0.5000000000
335  23.496  -91.337  -13.063 0.6999999881
344  22.876  -91.989  -14.846 0.5000000000
350  21.645  -91.871  -14.986 0.5000000000
351  20.460  -91.963  -15.362 0.5000000000
523  21.309  -91.096  -15.170 0.5000000000
115303  20.946  -90.315  -15.504 0.5000000000
524  20.108  -91.055  -15.524 0.4000000060
746  19.723  -89.302  -16.194 0.4000000060
217  7.634  -91.459  7.955 0.8999999762
379  4.072  -91.131  7.468 1.0000000000
376  3.101  -90.389  7.858 0.8999999762
116612  2.094  -89.683  7.237 0.8000000119
844  1.528  -87.944  7.585 0.6999999881
2907  14.851  -83.482  1.590 0.6999999881
2906  15.500  -83.053  1.263 0.6999999881
680  16.148  -89.907  -3.426 0.8000000119
937  16.047  -89.100  -4.015 0.8000000119
950  15.242  -87.969  -5.065 0.8000000119
1287  14.663  -87.224  -6.581 0.6999999881
114791  15.242  -86.676  -6.942 0.8999999762
114292  15.924  -86.906  -7.709 0.8999999762
114191  17.211  -87.916  -8.088 1.0000000000
114310  16.474  -87.339  -8.018 0.8999999762
965  18.009  -88.460  -7.931 1.0000000000
964  18.668  -88.056  -8.289 0.8999999762
118951  21.253  -89.254  -9.108 1.0000000000
7769  7.300  -75.943  -11.424 0.8000000119
7102  7.092  -76.363  -12.823 0.8000000119
7086  5.417  -76.310  -13.275 0.6999999881
116220  22.543  -90.263  -9.449 0.8999999762
7084  7.966  -75.972  -12.175 0.8000000119
125332  5.584  -75.698  -12.089 0.6999999881
503  23.153  -91.568  -10.606 0.8000000119
717  22.468  -89.947  -10.298 0.8999999762
7101  8.512  -76.354  -12.410 0.8000000119
329  23.367  -92.497  -11.142 0.8000000119
122643  22.792  -90.624  -10.733 1.0000000000
723  21.901  -89.199  -10.851 0.8999999762
5908  9.644  -78.748  -13.415 0.5000000000
6504  9.810  -77.925  -12.943 0.6000000238
115381  24.147  -93.003  -12.365 0.6000000238
330  23.446  -92.097  -12.064 0.8000000119
509  22.165  -90.593  -12.751 0.8999999762
727  21.150  -89.796  -12.863 0.8999999762
513  23.384  -91.373  -13.978 0.8000000119
514  22.745  -90.849  -13.601 0.8999999762
734  21.768  -89.968  -14.736 0.6000000238
730  22.503  -90.837  -14.281 0.6999999881
1000  22.381  -88.619  -16.417 0.6999999881
740  21.601  -89.590  -15.428 0.6999999881
1341  21.709  -88.118  -16.664 0.5000000000
218  6.973  -91.293  8.553 1.0000000000
219  5.981  -91.325  8.213 1.0000000000
127433  1.961  -89.772  7.904 0.8000000119
585  0.756  -88.479  8.469 0.8000000119
1169  1.990  -87.608  8.101 0.4000000060
1177  2.507  -87.822  7.301 0.6000000238
845  0.982  -87.739  8.068 0.8000000119
3417  15.610  -82.167  2.455 0.6999999881
1168  3.701  -87.638  8.042 0.3000000119
115054  18.361  -90.769  -1.493 0.8000000119
124552  17.756  -90.617  -1.767 0.8000000119
670  17.431  -89.952  -2.129 0.8000000119
437  17.255  -90.965  -2.105 0.8000000119
126780  16.645  -89.235  -3.449 0.8000000119
944  15.686  -88.430  -4.535 0.8000000119
1279  16.311  -87.187  -4.487 0.8000000119
1285  15.886  -86.928  -5.404 0.6999999881
1286  15.291  -87.413  -5.633 0.6999999881
115558  15.967  -86.533  -6.474 0.8000000119
1678  15.534  -86.907  -6.207 0.6999999881
113586  16.002  -86.563  -7.128 0.8000000119
116979  17.712  -86.474  -7.306 0.8999999762
114177  16.685  -86.730  -7.516 0.8999999762
1293  17.326  -87.092  -7.939 0.8999999762
1297  18.709  -87.177  -8.398 0.8999999762
963  19.374  -87.664  -8.641 0.8999999762
962  20.035  -88.255  -8.933 0.8999999762
132174  8.790  -73.535  -9.611 1.0000000000
8451  9.438  -73.884  -10.324 0.8999999762
8452  8.758  -74.197  -9.751 0.8999999762
968  20.892  -88.364  -9.331 0.8999999762
7756  8.989  -74.741  -10.319 0.8000000119
135598  6.455  -75.845  -11.075 0.6999999881
7072  5.615  -75.633  -10.604 0.6999999881
967  21.528  -88.672  -9.645 0.8999999762
7768  8.780  -75.444  -11.209 0.8999999762
972  21.507  -88.263  -10.968 0.8000000119
7779  9.327  -75.406  -11.947 0.8000000119
6490  9.215  -77.150  -12.647 0.8000000119
504  22.729  -91.084  -11.781 1.0000000000
6489  10.185  -77.128  -12.646 0.8999999762
728  20.360  -88.969  -13.181 0.8999999762
114437  23.291  -87.546  -16.776 0.8000000119
115942  22.773  -88.137  -16.673 0.6999999881
999  22.831  -88.405  -16.424 0.8000000119
137834  22.200  -88.868  -15.643 0.6000000238
735  21.381  -89.073  -14.582 0.6000000238
981  20.158  -88.660  -14.059 0.6999999881
739  22.369  -88.901  -16.131 0.6999999881
114832  22.331  -87.413  -16.821 0.6999999881
125928  1.462  -89.578  8.573 0.8000000119
1941  5.081  -86.237  9.221 0.3000000119
1170  1.111  -87.417  8.779 0.6999999881
421  18.418  -91.482  -0.963 0.8000000119
1167  4.640  -87.184  8.834 0.3000000119
430  19.041  -90.788  -1.356 0.8000000119
660  18.034  -89.833  -1.665 0.8000000119
925  17.178  -89.219  -2.747 0.8000000119
943  16.514  -88.263  -4.053 0.8000000119
113588  16.164  -86.249  -5.768 0.8000000119
113594  16.507  -85.469  -6.018 0.8999999762
113590  16.969  -85.387  -6.511 0.8999999762
114155  16.508  -86.156  -6.493 0.8999999762
113607  16.937  -86.248  -6.888 0.8999999762
10029  9.145  -72.438  -10.485 1.0000000000
7752  6.934  -75.699  -10.178 0.6999999881
1303  20.768  -87.033  -10.053 0.8000000119
1302  21.150  -87.533  -10.553 0.8000000119
7755  9.687  -74.596  -11.054 0.8999999762
1345  24.992  -87.199  -17.069 0.8000000119
1306  20.926  -87.413  -11.569 0.8000000119
7778  9.934  -74.587  -12.016 0.8999999762
7100  9.701  -76.313  -12.297 0.8000000119
1738  23.973  -86.922  -16.753 0.8999999762
1340  23.993  -87.311  -16.587 0.6000000238
976  20.644  -88.238  -12.335 0.8000000119
125998  10.444  -77.691  -13.094 0.8999999762
2130  23.251  -85.587  -16.526 0.8999999762
116846  24.038  -87.371  -16.469 0.5000000000
134818  22.975  -87.800  -15.472 0.6000000238
1327  23.787  -87.378  -15.701 0.5000000000
1714  22.716  -86.136  -13.962 0.6000000238
1717  20.390  -87.242  -14.214 0.6999999881
5313  9.641  -78.853  -14.318 0.6000000238
5915  10.323  -78.292  -14.476 0.8000000119
117021  22.854  -86.638  -16.797 0.8999999762
115709  23.277  -87.806  -16.583 0.5000000000
987  21.762  -88.555  -14.924 0.5000000000
1328  21.903  -87.747  -14.851 0.6000000238
1329  20.754  -87.703  -14.436 0.6000000238
977  20.071  -88.118  -13.495 0.8000000119
115678  21.696  -86.231  -16.717 0.6000000238
2133  20.675  -85.308  -17.083 0.5000000000
1739  21.075  -86.976  -16.710 0.6000000238
1740  20.456  -86.324  -17.038 0.4000000060
1952  4.871  -85.493  8.894 0.3000000119
1158  4.227  -87.282  9.625 0.6999999881
1159  2.226  -87.475  9.161 0.6999999881
659  18.826  -89.917  -1.498 0.8000000119
911  17.742  -89.026  -2.095 0.8000000119
1271  16.894  -87.372  -3.728 0.8000000119
1663  16.637  -86.443  -3.983 0.8000000119
1670  16.128  -86.266  -4.800 0.8000000119
11468  9.767  -71.188  -9.679 0.8999999762
10730  9.560  -71.496  -9.638 1.0000000000
127786  9.102  -72.371  -9.333 1.0000000000
9242  8.849  -72.977  -9.381 1.0000000000
10731  9.269  -71.725  -9.858 1.0000000000
10030  9.093  -72.185  -9.686 1.0000000000
8444  8.524  -73.983  -9.154 0.8999999762
131408  7.024  -75.600  -8.819 0.6999999881
7747  5.671  -75.758  -9.281 0.6000000238
1690  20.426  -86.125  -10.322 0.8000000119
123124  8.953  -71.371  -11.120 1.0000000000
1689  20.692  -86.673  -11.025 0.8000000119
116392  8.383  -71.943  -11.873 1.0000000000
134392  9.334  -72.818  -11.079 0.8999999762
9267  9.433  -73.528  -11.605 0.8999999762
120038  10.323  -75.446  -12.168 0.8000000119
1334  25.185  -87.432  -16.528 0.6999999881
2098  21.671  -85.381  -13.203 0.6999999881
117218  20.952  -85.834  -12.531 0.8000000119
7099  10.684  -76.280  -12.451 0.8000000119
1326  24.747  -87.334  -15.845 0.6000000238
2104  21.316  -86.063  -13.305 0.8000000119
6503  10.806  -77.688  -13.817 0.8999999762
1723  23.288  -86.700  -14.741 0.6000000238
120847  23.699  -86.094  -13.746 0.6000000238
2103  22.179  -85.714  -13.548 0.6000000238
1318  20.272  -87.304  -13.685 0.8000000119
5933  9.527  -78.389  -16.513 0.6000000238
123921  9.370  -78.497  -15.815 0.6999999881
5924  10.406  -78.138  -15.198 0.8000000119
2591  20.980  -84.402  -17.248 0.8000000119
1724  22.271  -86.896  -14.582 0.6000000238
2598  20.691  -84.166  -17.830 0.6000000238
2610  20.576  -85.155  -18.640 0.6000000238
2138  20.132  -85.860  -18.298 0.4000000060
137603  20.188  -87.128  -19.904 0.4000000060
1942  4.773  -85.478  9.699 0.6000000238
113595  16.276  -85.497  -5.201 0.8999999762
10739  9.544  -71.344  -9.872 0.8999999762
9231  8.881  -73.165  -8.924 1.0000000000
8441  8.463  -74.381  -8.440 1.0000000000
7746  7.970  -74.905  -8.787 0.8999999762
11480  8.985  -70.747  -11.222 0.8999999762
7740  6.738  -75.395  -7.887 0.6999999881
2528  20.834  -84.365  -12.136 0.6000000238
2087  20.706  -85.227  -11.887 0.6999999881
9268  8.820  -72.802  -11.733 0.8999999762
3068  23.180  -83.124  -17.191 0.8999999762
132129  23.423  -83.559  -16.130 0.8000000119
2543  21.294  -84.953  -12.645 0.8000000119
1698  20.591  -86.006  -11.617 0.8000000119
9282  8.778  -73.293  -12.334 0.8999999762
3062  22.878  -83.513  -16.649 0.8000000119
2588  23.690  -84.595  -16.131 0.8000000119
1737  24.863  -86.967  -17.115 0.8000000119
1736  25.517  -87.039  -16.932 0.6999999881
8464  10.080  -74.214  -12.297 0.8999999762
7098  11.410  -76.076  -12.759 0.8999999762
6502  11.364  -77.046  -13.721 0.8999999762
3088  23.020  -83.967  -19.132 0.8999999762
137983  22.249  -83.666  -17.830 0.8999999762
3063  22.217  -83.881  -16.780 0.8999999762
1338  25.986  -87.180  -16.497 0.6999999881
1333  26.498  -87.625  -16.233 0.6000000238
1325  25.795  -87.365  -15.732 0.5000000000
2097  22.736  -85.248  -13.378 0.6000000238
2096  23.897  -85.457  -12.772 0.5000000000
2608  22.470  -84.371  -19.387 1.0000000000
3077  21.561  -83.769  -17.786 0.8999999762
3070  21.606  -83.953  -17.239 1.0000000000
1332  27.545  -88.317  -16.197 0.6999999881
1324  26.846  -87.583  -15.289 0.5000000000
1317  26.022  -87.049  -14.561 0.5000000000
118137  24.626  -86.273  -13.443 0.5000000000
2102  23.300  -85.611  -13.385 0.6000000238
5343  9.139  -79.363  -18.268 0.5000000000
6517  10.035  -78.039  -15.947 0.8999999762
2620  22.576  -84.644  -20.179 1.0000000000
2602  21.332  -84.063  -18.372 1.0000000000
1316  26.704  -87.160  -13.998 0.5000000000
1712  25.698  -86.665  -13.307 0.5000000000
1706  25.064  -86.191  -12.626 0.5000000000
2144  21.400  -85.701  -20.465 1.0000000000
2603  20.756  -84.281  -18.230 0.8000000119
1754  21.267  -87.111  -21.211 0.6999999881
2140  20.946  -85.466  -19.546 0.6999999881
1751  20.706  -86.473  -20.226 0.4000000060
1761  21.820  -88.351  -21.954 0.6999999881
1351  19.820  -88.098  -20.113 0.4000000060
1357  21.243  -88.696  -21.367 0.4000000060
1755  20.539  -87.661  -20.740 0.4000000060
1562  4.580  -86.896  10.111 0.8000000119
1149  3.718  -87.249  10.492 0.6999999881
1150  2.285  -87.310  10.130 0.6999999881
1160  1.065  -87.054  9.564 0.6999999881
1931  4.661  -85.387  10.586 0.8000000119
121468  3.517  -87.580  8.931 0.6000000238
3352  1.347  -82.797  9.679 0.1000000015
10005  10.513  -71.796  -8.802 1.0000000000
11467  10.334  -70.965  -9.462 0.8999999762
11479  9.526  -70.859  -10.443 0.8999999762
8437  9.101  -73.945  -8.066 1.0000000000
8442  7.625  -75.131  -8.018 0.8000000119
8439  7.338  -74.992  -7.215 0.8000000119
118479  21.601  -84.106  -12.896 0.5000000000
10754  8.450  -71.136  -11.664 1.0000000000
3573  23.519  -82.927  -16.505 0.8999999762
3075  22.969  -83.572  -18.107 0.8999999762
2123  24.717  -85.072  -15.932 0.8000000119
1735  26.421  -87.221  -16.510 0.8000000119
124756  24.001  -84.878  -12.626 0.4000000060
2542  22.152  -84.724  -13.308 0.4000000060
10051  7.346  -72.286  -13.271 1.0000000000
9281  9.349  -73.707  -12.584 0.8999999762
114514  22.997  -84.274  -19.819 0.8000000119
2127  26.313  -86.410  -16.267 0.8000000119
2121  27.024  -86.697  -16.270 0.6999999881
992  28.385  -89.121  -16.446 0.6000000238
5382  8.763  -79.026  -20.199 0.8000000119
8463  11.027  -74.483  -12.871 0.8999999762
7776  11.797  -75.357  -12.950 0.8999999762
2142  22.673  -85.020  -21.058 0.8999999762
1323  27.900  -88.517  -15.193 0.5000000000
114663  6.904  -80.018  -20.854 0.8000000119
5383  7.731  -79.187  -20.689 0.8999999762
5957  9.747  -78.564  -19.145 0.6999999881
124041  9.666  -78.159  -17.309 0.8000000119
6511  10.831  -77.751  -14.771 0.8999999762
2143  22.101  -85.149  -20.522 1.0000000000
1310  26.719  -87.077  -12.895 0.5000000000
114394  26.023  -86.397  -12.565 0.5000000000
2095  24.757  -85.732  -12.482 0.5000000000
6544  8.861  -77.051  -18.700 0.8000000119
135292  22.112  -85.612  -21.875 1.0000000000
1758  21.757  -86.710  -22.037 0.8999999762
1760  22.295  -87.694  -22.806 0.8999999762
1368  22.047  -88.791  -22.683 0.8000000119
1364  21.575  -89.482  -21.910 0.5000000000
1007  21.086  -89.576  -21.590 0.5000000000
1358  20.291  -88.608  -20.983 0.4000000060
1140  3.704  -86.998  11.527 0.8000000119
1554  4.535  -86.528  10.767 0.8000000119
127885  4.131  -83.877  11.064 0.4000000060
10718  10.317  -71.229  -9.246 0.8999999762
10706  11.103  -71.853  -7.707 0.8999999762
9227  10.403  -72.704  -8.014 1.0000000000
9228  9.804  -73.604  -7.604 1.0000000000
9222  10.263  -73.259  -7.083 1.0000000000
8429  9.121  -74.248  -7.148 1.0000000000
8430  8.098  -74.507  -6.734 1.0000000000
7732  6.244  -74.905  -7.270 0.8000000119
8431  6.953  -74.607  -6.510 0.8999999762
12181  9.711  -69.861  -11.758 0.8999999762
11497  9.412  -70.365  -11.240 0.8999999762
11517  8.325  -70.548  -11.943 0.8999999762
2580  24.064  -83.807  -15.598 0.6999999881
11518  7.578  -70.610  -12.525 1.0000000000
10767  7.903  -71.316  -12.258 1.0000000000
119087  23.740  -83.668  -19.048 0.8000000119
2579  25.354  -84.842  -15.276 0.8000000119
121482  26.585  -85.775  -15.645 0.6999999881
1730  28.078  -87.039  -16.465 0.6999999881
10060  7.878  -72.738  -13.515 0.8999999762
2619  23.229  -84.364  -20.501 0.8000000119
1733  28.470  -88.183  -16.822 0.6000000238
985  28.799  -89.229  -15.678 0.4000000060
2540  24.621  -85.181  -12.413 0.4000000060
9323  8.642  -73.012  -13.820 0.8999999762
9303  10.053  -73.691  -14.058 0.8999999762
2148  22.845  -85.093  -22.138 0.8999999762
121115  27.703  -87.654  -13.789 0.5000000000
1309  27.698  -87.269  -12.759 0.5000000000
2093  26.344  -86.029  -12.317 0.4000000060
4191  6.659  -81.861  -21.098 0.6000000238
2153  22.259  -86.142  -22.709 1.0000000000
1705  27.131  -86.603  -12.298 0.5000000000
5980  8.229  -78.253  -20.619 0.8999999762
5971  9.225  -78.416  -20.003 0.8000000119
6516  10.802  -77.683  -15.630 0.8999999762
130380  22.877  -86.858  -23.575 0.8999999762
6525  9.928  -77.573  -16.914 0.8999999762
1370  22.623  -88.159  -23.463 0.8000000119
1371  22.198  -88.625  -23.322 0.5000000000
1015  21.452  -88.694  -23.440 0.5000000000
131092  21.116  -89.054  -22.797 0.5000000000
1013  19.827  -88.864  -22.740 0.4000000060
1016  20.078  -88.664  -23.698 0.6000000238
1017  18.341  -89.277  -23.902 0.3000000119
570  1.108  -89.520  11.405 1.0000000000
576  0.558  -88.784  10.381 1.0000000000
123439  1.088  -86.562  12.041 0.8999999762
1141  2.129  -87.041  11.242 0.6999999881
1151  0.769  -86.868  10.440 0.8000000119
118348  0.004  -86.927  10.764 0.8000000119
840  0.420  -87.545  9.495 0.8000000119
10737  12.674  -71.117  -10.251 0.8999999762
11477  11.034  -70.906  -10.158 0.8999999762
10717  10.737  -71.028  -8.833 0.8999999762
10705  11.570  -71.172  -7.891 0.8999999762
10695  11.333  -72.234  -6.445 1.0000000000
9986  10.723  -72.657  -6.872 1.0000000000
9224  8.894  -74.107  -6.325 1.0000000000
8423  7.753  -74.162  -6.008 1.0000000000
10753  12.027  -70.786  -10.809 0.8999999762
11496  10.920  -70.538  -10.939 0.8999999762
8424  6.405  -73.724  -6.114 0.8000000119
8432  5.499  -73.932  -6.810 0.8000000119
7733  4.860  -74.480  -7.375 0.6999999881
2539  25.334  -85.375  -12.275 0.4000000060
11516  10.730  -69.937  -11.833 0.8999999762
12192  9.167  -69.439  -12.298 0.8999999762
8433  4.207  -73.165  -7.295 0.6000000238
7734  4.206  -74.317  -7.359 0.5000000000
3050  24.456  -83.031  -15.195 0.6999999881
1696  27.008  -85.885  -12.003 0.5000000000
12191  10.153  -69.451  -12.508 0.8999999762
12193  8.225  -69.789  -12.221 0.8999999762
11537  6.756  -70.712  -13.348 1.0000000000
3087  24.150  -83.725  -19.808 0.8000000119
2578  26.054  -85.013  -15.029 0.6999999881
1729  29.230  -87.558  -16.353 0.6000000238
10776  6.777  -71.756  -13.770 1.0000000000
10061  7.150  -72.277  -13.993 0.8999999762
2630  23.456  -84.500  -21.358 0.8000000119
990  29.012  -89.207  -16.442 0.5000000000
980  28.696  -88.595  -14.493 0.5000000000
1704  28.330  -87.203  -12.184 0.5000000000
2152  23.310  -84.880  -22.795 0.8999999762
4788  6.764  -80.817  -21.362 0.8999999762
8479  11.631  -74.804  -13.439 0.8999999762
7116  11.737  -76.232  -13.438 0.8999999762
1764  23.275  -86.515  -24.389 0.8999999762
132354  6.858  -79.951  -21.136 0.8000000119
122098  23.023  -87.649  -24.038 0.8999999762
116176  9.369  -77.623  -19.657 0.8999999762
1374  22.656  -88.162  -24.074 0.8999999762
1765  22.871  -87.341  -24.747 1.0000000000
1379  22.096  -87.791  -25.064 1.0000000000
132648  20.868  -88.049  -25.451 0.8999999762
1375  21.821  -88.376  -24.276 0.6999999881
1020  19.152  -88.891  -24.751 0.5000000000
1021  17.887  -89.132  -24.771 0.3000000119
1372  16.969  -88.850  -24.265 0.4000000060
558  0.956  -88.872  13.144 1.0000000000
1132  0.337  -86.721  12.374 1.0000000000
830  -0.092  -87.684  11.034 0.8999999762
1131  1.153  -86.390  12.682 1.0000000000
1142  0.393  -86.798  11.462 0.8999999762
822  -0.120  -86.958  11.675 1.0000000000
1536  3.847  -86.093  12.752 0.6999999881
1130  2.494  -86.863  12.177 0.8000000119
10736  13.536  -71.266  -10.546 0.8000000119
10715  12.896  -70.875  -8.793 0.8999999762
11459  13.636  -70.695  -8.116 0.8000000119
10716  11.714  -70.847  -8.489 0.8999999762
10703  12.653  -70.816  -7.863 0.8999999762
10694  12.080  -71.866  -7.036 0.8999999762
9213  10.224  -73.256  -6.218 1.0000000000
9214  9.476  -73.600  -5.857 1.0000000000
118628  12.954  -71.012  -10.949 0.8000000119
128934  6.239  -73.386  -5.534 1.0000000000
9217  5.081  -72.791  -6.433 0.8000000119
2566  26.259  -84.489  -14.323 0.6000000238
11495  11.761  -70.405  -11.781 0.8999999762
9225  4.386  -72.541  -7.046 0.6999999881
2111  28.088  -85.359  -14.454 0.6000000238
2120  28.727  -86.471  -15.570 0.6000000238
12208  8.375  -68.947  -12.801 0.8999999762
12210  6.749  -69.503  -13.498 1.0000000000
123797  27.530  -86.029  -15.480 0.6000000238
1322  29.253  -88.956  -15.140 0.5000000000
1308  29.136  -87.687  -12.924 0.5000000000
12209  7.389  -68.926  -13.141 0.8999999762
11538  6.280  -70.227  -14.115 1.0000000000
11551  5.819  -70.333  -15.025 1.0000000000
127687  23.752  -85.406  -24.287 0.8000000119
2639  23.614  -84.586  -22.144 0.6999999881
10071  8.045  -72.476  -14.277 0.8999999762
1768  23.218  -86.445  -25.539 1.0000000000
121776  23.346  -86.382  -26.734 0.8999999762
1769  22.421  -87.024  -26.063 1.0000000000
135539  8.380  -76.242  -18.290 0.8999999762
6524  10.532  -77.294  -16.481 0.8999999762
130370  22.508  -86.598  -27.131 1.0000000000
6575  7.558  -77.322  -21.346 0.8000000119
1770  21.644  -86.993  -27.033 1.0000000000
1380  21.388  -87.469  -26.188 1.0000000000
1381  20.523  -87.466  -26.357 1.0000000000
1376  19.771  -88.307  -25.279 0.6000000238
118219  18.755  -88.298  -25.375 0.4000000060
1382  19.649  -87.606  -26.047 1.0000000000
1377  17.786  -88.129  -25.164 0.5000000000
1378  17.228  -87.666  -24.480 0.6000000238
1766  18.668  -87.293  -25.718 0.6999999881
123622  0.624  -87.630  14.263 1.0000000000
132452  1.052  -88.655  14.018 1.0000000000
557  2.499  -89.612  13.953 1.0000000000
1125  0.624  -86.569  13.307 1.0000000000
1529  1.363  -86.109  13.588 1.0000000000
821  -0.046  -87.352  12.539 1.0000000000
1528  2.912  -86.168  13.662 0.8999999762
10714  13.873  -70.838  -9.096 0.8000000119
11449  14.156  -70.223  -7.639 0.6999999881
10725  14.220  -71.150  -10.038 0.6999999881
11466  14.719  -70.642  -9.303 0.6999999881
11444  12.615  -70.623  -6.466 0.8999999762
11492  16.075  -69.941  -10.865 0.6000000238
11443  13.018  -70.158  -6.656 0.8999999762
11436  11.848  -70.741  -5.376 0.8999999762
10685  10.974  -71.927  -5.359 1.0000000000
11494  14.614  -71.231  -11.657 0.6999999881
11427  11.425  -70.367  -4.556 0.8999999762
10674  10.600  -71.621  -4.288 1.0000000000
9975  9.922  -72.983  -5.200 1.0000000000
9215  8.492  -73.678  -5.570 1.0000000000
10752  13.645  -71.395  -11.504 0.6999999881
10766  12.503  -70.785  -12.467 0.6000000238
9963  10.432  -72.355  -4.891 1.0000000000
9964  9.172  -72.778  -4.452 1.0000000000
9206  8.199  -73.245  -4.694 1.0000000000
133354  30.111  -88.082  -14.556 0.5000000000
1315  29.291  -88.411  -14.116 0.5000000000
117097  11.790  -70.373  -12.716 0.6999999881
12206  10.463  -69.168  -13.493 0.8000000119
12944  9.844  -68.509  -13.797 0.8000000119
9952  9.953  -72.327  -4.228 1.0000000000
9208  5.129  -72.917  -5.485 1.0000000000
9218  4.105  -72.176  -6.856 0.6999999881
2119  29.792  -87.067  -15.669 0.5000000000
1720  30.372  -87.097  -15.119 0.5000000000
12207  9.538  -68.888  -12.993 0.8999999762
12945  8.921  -68.294  -13.521 0.8000000119
12947  6.916  -68.540  -13.832 1.0000000000
9209  3.950  -72.347  -5.681 0.6000000238
1728  30.093  -87.987  -15.928 0.5000000000
127748  5.856  -68.478  -15.564 1.0000000000
7160  19.498  -76.480  -20.090 0.8000000119
7161  18.769  -76.744  -20.519 0.8000000119
6557  18.110  -77.204  -20.964 0.8999999762
10785  6.063  -70.902  -15.193 0.8999999762
2166  24.655  -85.068  -26.860 0.8000000119
2659  24.112  -84.687  -27.837 0.6999999881
122644  22.763  -83.064  -22.876 0.6000000238
3630  22.898  -82.584  -22.050 0.5000000000
7151  19.904  -76.619  -18.833 0.8000000119
7152  18.992  -76.678  -19.230 0.8000000119
118293  18.326  -77.126  -19.711 0.8999999762
5988  17.071  -78.259  -21.662 0.8000000119
9321  9.852  -73.222  -14.959 0.8000000119
9322  9.088  -72.671  -14.684 0.8000000119
2167  24.104  -85.733  -27.189 0.8999999762
3151  22.195  -83.673  -27.016 0.8000000119
3663  22.731  -82.563  -24.915 0.8000000119
3644  22.106  -83.323  -23.098 0.6000000238
114988  22.073  -82.825  -22.348 0.6000000238
114991  20.568  -77.601  -17.513 0.8000000119
6541  19.241  -76.771  -18.147 0.8999999762
6542  18.525  -77.091  -18.559 0.8999999762
5391  15.607  -79.516  -21.962 0.8999999762
4786  14.436  -80.356  -21.487 0.8999999762
4213  11.441  -82.457  -22.975 0.8999999762
4218  10.947  -82.407  -23.413 0.8999999762
8502  10.503  -74.005  -14.995 0.8999999762
123372  11.881  -75.997  -14.413 0.8000000119
137113  22.583  -85.793  -27.818 0.8999999762
3655  22.482  -82.949  -23.939 0.6999999881
6529  19.497  -77.107  -17.366 0.8000000119
124837  18.527  -77.637  -17.046 0.8000000119
5969  17.445  -78.412  -19.616 0.8999999762
5380  16.411  -79.804  -20.668 0.8999999762
4787  13.832  -80.754  -21.243 0.8000000119
3658  9.472  -83.423  -23.427 0.8999999762
114702  7.453  -81.385  -22.483 0.8999999762
5401  7.233  -78.244  -22.336 0.8999999762
5995  6.757  -77.573  -22.142 0.8999999762
6531  9.850  -76.381  -17.227 0.8999999762
6515  11.392  -77.198  -15.181 0.8999999762
1774  21.980  -86.286  -27.613 0.8999999762
6521  20.091  -77.543  -16.829 0.8000000119
5931  19.655  -77.999  -16.116 0.8000000119
5956  17.225  -78.978  -19.101 0.8999999762
5368  16.316  -79.839  -19.544 0.8999999762
4772  14.248  -80.860  -20.857 0.8999999762
6559  8.599  -76.573  -19.587 1.0000000000
1775  20.946  -86.535  -27.247 0.8999999762
1772  19.314  -86.780  -26.345 1.0000000000
2165  19.715  -86.054  -26.585 0.8999999762
1763  17.429  -86.189  -24.000 0.6999999881
2157  16.960  -85.336  -23.124 0.6999999881
2642  17.229  -85.214  -22.465 0.6999999881
2160  18.949  -86.119  -25.669 0.8000000119
2161  18.429  -85.811  -24.651 0.6999999881
118704  18.221  -84.442  -20.995 0.6999999881
2621  17.793  -84.551  -20.176 0.6999999881
3591  18.526  -82.884  -17.836 0.6000000238
1767  17.969  -86.909  -25.167 0.8999999762
1117  0.718  -86.482  14.506 1.0000000000
1903  1.720  -85.949  14.545 1.0000000000
1902  3.179  -85.568  14.163 0.8999999762
1922  4.455  -85.154  12.241 0.6999999881
2798  4.331  -84.040  13.594 0.6999999881
122229  4.590  -83.524  11.945 0.5000000000
3318  4.608  -82.223  12.271 0.6000000238
15494  20.153  -65.594  -10.736 0.4000000060
13681  18.287  -67.138  -9.634 0.4000000060
13686  17.979  -67.848  -10.041 0.4000000060
12158  16.259  -69.035  -8.776 0.5000000000
12909  15.574  -68.690  -8.386 0.5000000000
15508  19.772  -65.756  -11.434 0.4000000060
118207  19.655  -66.181  -10.586 0.4000000060
12163  17.052  -68.937  -9.857 0.4000000060
12160  14.825  -69.900  -8.087 0.6999999881
12154  14.410  -69.519  -7.496 0.6999999881
12897  13.533  -68.828  -6.581 0.8999999762
12148  13.016  -69.428  -6.327 0.8999999762
14588  18.925  -66.718  -11.710 0.4000000060
13685  18.611  -67.397  -10.492 0.4000000060
133955  16.639  -69.373  -10.983 0.6000000238
12147  13.678  -69.675  -6.990 0.8999999762
133846  12.666  -69.944  -6.131 0.8999999762
132974  11.923  -69.868  -5.048 0.8999999762
12134  11.362  -69.428  -4.398 0.8999999762
13695  17.952  -67.812  -11.616 0.4000000060
12135  10.872  -70.143  -3.905 0.8999999762
9965  7.607  -72.909  -3.904 1.0000000000
9954  7.957  -72.143  -3.209 1.0000000000
1703  29.065  -87.324  -11.968 0.4000000060
12179  16.295  -69.419  -11.631 0.6000000238
11513  15.153  -70.351  -12.069 0.6000000238
10764  14.035  -71.579  -12.338 0.6000000238
9207  6.862  -73.492  -4.660 1.0000000000
9966  6.492  -73.168  -3.949 1.0000000000
2110  29.516  -86.156  -14.892 0.5000000000
1711  30.106  -87.420  -13.793 0.5000000000
10775  13.005  -71.143  -13.011 0.6000000238
11536  11.682  -70.310  -13.571 0.6000000238
135034  10.374  -68.735  -14.065 0.6999999881
9200  5.224  -73.192  -4.082 1.0000000000
13722  7.651  -66.982  -15.295 0.8000000119
12961  6.490  -68.061  -14.986 0.8000000119
13767  8.096  -66.203  -17.984 0.6000000238
13751  6.809  -65.789  -17.493 0.6000000238
13739  5.635  -65.873  -16.703 0.6000000238
12973  5.576  -68.231  -16.522 0.8000000119
11560  5.640  -70.120  -15.841 0.8999999762
9201  3.769  -72.934  -4.249 0.8000000119
12996  7.351  -67.630  -17.385 0.5000000000
12997  5.917  -67.288  -17.417 0.6999999881
12251  5.573  -69.141  -17.033 0.6000000238
10796  6.067  -70.502  -15.920 0.8000000119
4166  23.235  -81.595  -19.381 0.5000000000
5938  22.298  -78.932  -17.449 0.6000000238
6539  21.351  -77.664  -18.535 0.8000000119
5953  21.121  -78.041  -17.815 0.8000000119
6574  17.516  -77.697  -21.290 0.8999999762
6583  15.365  -77.667  -22.018 0.8999999762
5991  14.019  -78.640  -22.045 0.8000000119
12269  6.291  -68.806  -17.252 0.6000000238
11572  7.176  -70.746  -16.065 0.6000000238
10082  8.577  -72.119  -15.142 0.8000000119
119298  22.337  -82.439  -21.607 0.5000000000
5939  21.538  -78.782  -17.351 0.8000000119
5990  16.019  -78.536  -22.185 0.8000000119
116686  15.040  -78.585  -22.186 0.8000000119
5395  13.543  -80.261  -21.756 0.8000000119
4791  11.483  -80.716  -22.719 0.8999999762
4792  9.945  -80.060  -23.180 1.0000000000
4797  9.190  -81.134  -23.267 1.0000000000
9340  10.004  -73.792  -16.005 0.8000000119
3131  21.413  -83.074  -23.707 0.6999999881
3631  21.625  -82.549  -21.594 0.6999999881
3617  21.182  -82.025  -20.954 0.6999999881
4714  21.487  -80.288  -17.179 0.8000000119
5940  20.847  -78.366  -16.998 0.8000000119
4789  12.840  -80.606  -21.853 0.8000000119
4212  12.403  -81.308  -21.985 0.8999999762
5400  7.909  -78.376  -22.826 1.0000000000
6003  7.016  -77.323  -22.570 1.0000000000
7798  11.646  -75.269  -14.592 0.8999999762
3140  20.938  -82.950  -24.628 0.8000000119
3132  20.287  -83.040  -23.955 0.6999999881
3123  20.871  -83.620  -22.938 0.6999999881
4137  20.960  -80.922  -17.721 0.8000000119
5340  21.231  -79.430  -16.980 0.8000000119
138350  18.852  -79.062  -15.467 0.8999999762
133917  17.969  -78.393  -16.073 0.8999999762
5342  16.677  -79.709  -17.279 0.8999999762
4185  12.712  -81.190  -21.414 0.8999999762
128889  12.269  -81.714  -21.693 0.8000000119
6588  6.851  -76.597  -22.227 0.8999999762
7208  8.053  -76.490  -21.236 0.8999999762
7145  8.344  -75.385  -17.910 0.8999999762
6523  11.343  -77.151  -16.154 1.0000000000
3147  20.788  -83.924  -25.534 0.8000000119
3141  20.020  -83.228  -24.530 0.6999999881
5923  17.723  -78.888  -15.747 0.6999999881
119990  17.009  -79.248  -16.559 0.6999999881
7183  8.771  -76.252  -20.631 0.8000000119
2164  20.424  -85.234  -26.762 0.8999999762
2654  19.899  -85.072  -25.560 0.8000000119
134703  18.276  -84.969  -24.126 0.8000000119
2641  17.703  -84.577  -22.748 0.8000000119
2632  17.977  -84.604  -21.872 0.8000000119
4689  18.963  -80.683  -15.644 0.6999999881
5320  17.340  -79.522  -15.543 0.6999999881
2651  19.067  -84.737  -24.709 0.8000000119
3101  18.617  -83.584  -20.357 0.6999999881
3590  18.907  -82.460  -18.656 0.6999999881
3574  19.379  -81.973  -16.762 0.6000000238
1517  1.099  -86.018  14.947 1.0000000000
1894  2.468  -85.482  14.847 0.8999999762
2318  3.503  -84.757  14.531 0.8000000119
2805  4.669  -83.408  12.648 0.8000000119
130983  4.701  -82.747  12.639 0.6999999881
130000  2.195  -83.369  10.607 0.3000000119
137794  4.176  -82.159  11.813 0.5000000000
117943  3.018  -82.582  11.061 0.4000000060
17362  22.053  -62.973  -11.842 0.3000000119
17363  21.635  -63.513  -11.457 0.3000000119
16405  21.309  -64.048  -11.055 0.3000000119
15475  20.423  -64.835  -9.818 0.2000000030
14572  19.465  -66.006  -9.749 0.4000000060
14574  17.683  -67.064  -8.982 0.2000000030
136492  16.177  -68.311  -8.545 0.4000000060
16406  20.850  -64.604  -11.194 0.4000000060
12903  14.530  -68.690  -7.479 0.6000000238
13671  12.504  -67.832  -5.934 0.8999999762
14598  19.240  -65.990  -12.062 0.3000000119
13702  18.343  -67.152  -12.099 0.4000000060
12890  11.542  -68.569  -4.838 0.8999999762
12926  17.306  -68.255  -11.989 0.4000000060
12187  16.504  -68.682  -12.378 0.6000000238
12934  15.853  -68.632  -13.129 0.5000000000
12943  14.862  -68.831  -14.003 0.5000000000
12126  10.200  -70.037  -3.466 1.0000000000
136370  8.635  -71.903  -3.315 1.0000000000
12188  15.663  -69.433  -12.423 0.6000000238
12203  14.496  -69.502  -13.565 0.5000000000
12204  13.718  -69.808  -13.845 0.5000000000
12219  12.525  -69.425  -14.849 0.6999999881
10666  9.122  -71.345  -3.238 1.0000000000
9955  6.384  -72.575  -3.178 1.0000000000
11533  14.144  -70.299  -13.215 0.6000000238
11534  13.347  -70.580  -13.469 0.5000000000
11550  12.019  -70.169  -14.297 0.6000000238
12957  10.261  -68.188  -14.716 0.8000000119
12972  9.713  -67.329  -15.439 0.6000000238
13721  8.740  -67.075  -15.245 0.8000000119
13750  9.143  -65.788  -17.469 0.5000000000
13737  8.053  -66.235  -16.200 0.6000000238
4750  22.889  -81.200  -18.590 0.6000000238
6538  22.043  -77.835  -18.666 0.6999999881
6584  14.422  -77.631  -21.806 0.8999999762
116035  13.143  -78.368  -21.749 0.8999999762
4167  22.337  -81.718  -19.320 0.6999999881
138359  22.137  -80.299  -17.379 0.6999999881
6000  11.226  -78.707  -22.419 0.8999999762
6001  9.212  -77.456  -23.007 1.0000000000
11571  8.365  -70.654  -16.363 0.5000000000
10793  8.794  -72.174  -16.060 0.6999999881
4168  21.397  -81.698  -19.304 0.8000000119
4732  21.729  -80.853  -17.773 0.8000000119
7162  9.600  -76.170  -19.876 0.8000000119
8517  10.721  -74.470  -15.943 0.6999999881
114616  11.370  -75.094  -15.828 0.8000000119
3124  19.852  -83.571  -23.221 0.6999999881
3632  20.799  -82.746  -21.461 0.6999999881
4150  21.067  -81.241  -18.551 0.8000000119
3606  19.848  -82.061  -19.957 0.8000000119
3607  19.260  -82.119  -19.396 0.8999999762
7155  6.889  -74.794  -19.000 0.8999999762
123392  9.692  -75.157  -17.239 0.8000000119
126532  18.912  -79.744  -15.443 0.8000000119
2650  19.764  -83.956  -24.914 0.8000000119
2640  18.460  -84.014  -23.041 0.6999999881
4127  19.586  -81.148  -16.145 0.8999999762
1889  1.771  -85.662  15.175 0.8999999762
2319  2.715  -84.993  15.278 0.8000000119
2312  3.430  -84.231  15.279 0.8999999762
2786  3.791  -83.372  15.433 0.8999999762
2792  4.128  -83.583  14.453 0.6999999881
130351  4.614  -82.750  14.008 0.8000000119
3862  4.839  -81.664  12.461 0.8000000119
4442  5.178  -80.907  12.547 0.5000000000
3863  4.174  -81.761  11.843 0.5000000000
4443  4.434  -81.108  11.848 0.5000000000
3337  3.207  -81.719  10.691 0.2000000030
3338  3.023  -82.217  10.946 0.2000000030
3326  3.450  -82.082  11.425 0.4000000060
17353  21.414  -63.347  -10.539 0.3000000119
14573  18.510  -66.259  -9.315 0.2000000030
133509  16.563  -67.659  -8.536 0.2000000030
130176  15.509  -67.631  -8.428 0.3000000119
13675  14.474  -67.787  -7.635 0.5000000000
14545  12.841  -67.137  -6.504 0.8999999762
13659  11.643  -67.753  -5.427 0.8999999762
12891  11.054  -68.005  -4.834 0.8999999762
16416  20.461  -64.690  -12.069 0.4000000060
15523  19.040  -65.642  -12.968 0.3000000119
14600  17.992  -66.793  -12.922 0.3000000119
12878  10.730  -68.658  -4.326 0.8999999762
13713  16.732  -67.604  -13.639 0.5000000000
120199  10.579  -69.408  -3.866 0.8999999762
12870  9.910  -69.323  -3.651 1.0000000000
130284  8.267  -71.287  -2.893 1.0000000000
10667  7.484  -71.320  -2.667 1.0000000000
13712  17.340  -67.179  -13.298 0.3000000119
115974  7.333  -72.056  -2.833 1.0000000000
12217  14.122  -69.121  -14.307 0.6000000238
12220  11.687  -69.108  -14.880 0.8000000119
9942  6.713  -71.798  -2.624 1.0000000000
13760  16.877  -67.475  -18.269 0.5000000000
126263  16.101  -67.363  -18.156 0.5000000000
13763  14.257  -67.749  -18.078 0.5000000000
9943  5.872  -72.211  -2.765 0.8999999762
12993  11.743  -67.437  -17.068 0.6000000238
12982  11.569  -67.177  -16.757 0.5000000000
13734  10.735  -67.045  -16.534 0.5000000000
12970  11.293  -67.287  -16.207 0.6000000238
9956  5.113  -72.674  -3.236 0.8999999762
134040  3.855  -72.712  -3.185 0.8999999762
12994  10.884  -67.985  -17.064 0.6000000238
13765  10.291  -67.232  -16.897 0.6000000238
5993  11.617  -77.903  -21.875 1.0000000000
12983  8.591  -68.540  -16.931 0.5000000000
11570  9.367  -70.406  -16.752 0.5000000000
10808  9.284  -71.688  -16.586 0.6000000238
10096  9.376  -72.623  -16.358 0.6999999881
3111  20.356  -83.699  -22.055 0.8000000119
3618  20.388  -82.271  -20.742 0.8000000119
3619  19.704  -82.544  -20.613 0.8000000119
3620  19.164  -82.578  -20.163 0.6999999881
7826  8.753  -74.350  -17.753 0.8000000119
7809  11.807  -75.917  -15.703 0.6999999881
3142  19.375  -83.674  -24.372 0.6999999881
118885  19.374  -83.915  -22.505 0.8000000119
3112  19.465  -83.770  -21.624 0.6999999881
3113  18.750  -84.023  -21.262 0.8999999762
2646  18.717  -83.960  -23.894 0.8999999762
2631  18.683  -84.266  -22.118 0.8000000119
1882  2.001  -85.165  16.045 0.8000000119
2313  2.772  -84.443  15.874 0.8000000119
117442  3.257  -83.852  15.884 0.8000000119
3305  4.788  -82.030  14.161 0.8000000119
3312  4.815  -82.294  13.172 0.8000000119
3860  5.036  -81.470  13.343 0.8000000119
3869  3.258  -81.564  11.069 0.2000000030
4445  5.087  -80.334  11.854 0.5000000000
4452  3.425  -80.692  11.022 0.4000000060
3865  3.528  -81.263  11.440 0.5000000000
16385  19.754  -64.360  -9.418 0.2000000030
15457  18.099  -65.507  -8.725 0.2000000030
122881  16.886  -66.115  -8.392 0.2000000030
15460  15.078  -65.644  -8.570 0.4000000060
19084  23.062  -61.888  -13.102 0.2000000030
15477  18.880  -65.429  -9.193 0.2000000030
14563  17.677  -66.286  -8.708 0.2000000030
14566  15.288  -66.575  -8.488 0.4000000060
13679  14.231  -66.877  -8.154 0.4000000060
17380  22.134  -63.005  -12.597 0.2000000030
13676  13.809  -67.078  -7.034 0.8000000119
14546  11.984  -67.135  -6.165 0.8999999762
13672  11.188  -66.955  -5.863 0.8999999762
16415  21.180  -64.164  -11.955 0.3000000119
120020  20.707  -64.358  -12.754 0.3000000119
136119  20.106  -64.740  -12.733 0.3000000119
117688  18.333  -66.130  -13.328 0.3000000119
13649  10.244  -67.909  -4.747 0.8999999762
12879  9.739  -68.593  -4.174 0.8999999762
12128  8.393  -69.823  -3.380 1.0000000000
11418  7.752  -70.453  -2.863 1.0000000000
13719  17.086  -66.926  -14.165 0.4000000060
12954  15.341  -68.264  -14.467 0.5000000000
10655  6.795  -70.837  -2.556 1.0000000000
12955  14.585  -68.534  -14.824 0.5000000000
12232  13.833  -68.752  -15.210 0.5000000000
10656  5.853  -71.502  -2.490 1.0000000000
14653  17.256  -67.017  -17.510 0.4000000060
13747  14.395  -67.745  -17.307 0.5000000000
13746  15.260  -67.598  -16.984 0.5000000000
12234  12.299  -68.335  -15.661 0.6000000238
11404  4.927  -71.209  -2.188 0.8999999762
121763  2.912  -72.054  -2.170 0.6000000238
130334  13.081  -67.831  -17.348 0.5000000000
12980  13.381  -67.677  -17.026 0.5000000000
12969  11.947  -67.377  -16.518 0.5000000000
10657  3.908  -71.781  -2.123 0.8999999762
134508  9.768  -72.533  -16.588 0.6000000238
132238  2.376  -84.573  16.483 0.8999999762
125683  2.805  -83.882  16.587 0.8999999762
3293  3.430  -82.484  16.527 0.8000000119
3299  4.010  -82.566  15.772 0.8000000119
3855  4.540  -81.749  15.225 0.8999999762
4440  5.312  -80.640  13.426 0.8000000119
5040  5.760  -79.996  12.571 0.6999999881
4446  3.746  -80.372  11.349 0.4000000060
20813  24.118  -59.768  -13.332 0.2000000030
19934  23.769  -60.421  -12.905 0.2000000030
19071  22.897  -61.880  -12.092 0.2000000030
18233  22.392  -62.324  -11.487 0.2000000030
18217  21.656  -62.543  -10.418 0.2000000030
16384  20.443  -63.929  -9.675 0.2000000030
20825  24.147  -59.943  -14.299 0.2000000030
120425  23.890  -60.417  -13.744 0.2000000030
129598  17.597  -64.682  -8.491 0.2000000030
14568  13.714  -66.100  -8.651 0.4000000060
128730  12.113  -66.198  -7.250 0.6999999881
124065  10.612  -66.472  -6.315 0.8999999762
19083  23.483  -61.159  -13.641 0.2000000030
18263  22.575  -62.508  -13.609 0.2000000030
17403  22.246  -62.944  -13.237 0.3000000119
13661  9.772  -67.219  -5.407 0.8999999762
13662  8.699  -67.352  -5.437 0.8999999762
12881  6.889  -68.757  -4.406 1.0000000000
12130  6.491  -69.399  -3.396 1.0000000000
17414  22.102  -63.149  -13.942 0.3000000119
16434  21.138  -64.244  -13.611 0.3000000119
16451  19.840  -64.984  -13.811 0.3000000119
13650  9.226  -67.904  -4.850 0.8999999762
12137  7.832  -69.126  -4.052 0.8999999762
16450  20.498  -64.739  -14.336 0.3000000119
15541  19.689  -65.260  -14.466 0.3000000119
14610  18.068  -65.976  -14.026 0.3000000119
14664  19.909  -66.560  -18.964 0.4000000060
15542  18.842  -65.749  -14.454 0.3000000119
123418  17.599  -66.431  -14.302 0.4000000060
13720  15.932  -67.623  -14.965 0.4000000060
14665  18.981  -66.958  -18.599 0.4000000060
13761  16.447  -67.151  -17.485 0.5000000000
12967  14.351  -68.304  -15.763 0.5000000000
10646  3.289  -71.404  -1.682 0.6000000238
13745  16.081  -67.207  -16.645 0.4000000060
12979  14.141  -68.069  -16.572 0.5000000000
124254  4.368  -69.262  -1.213 1.0000000000
11390  4.243  -70.689  -1.632 0.8000000119
12112  3.773  -69.934  -1.242 0.6999999881
2775  2.666  -83.533  17.554 0.8999999762
123427  3.141  -82.588  17.284 0.8999999762
3837  3.364  -81.648  16.904 0.8000000119
3848  4.233  -81.039  15.792 0.8999999762
4436  5.111  -80.320  14.389 0.8999999762
4430  4.807  -79.902  15.242 0.8999999762
5033  5.275  -79.463  14.583 0.8999999762
5035  6.092  -79.373  13.115 0.8999999762
5044  5.833  -79.488  11.829 0.6999999881
5665  5.513  -78.677  11.513 0.5000000000
5045  4.596  -79.591  11.476 0.4000000060
19063  23.172  -61.010  -11.627 0.2000000030
16373  19.068  -63.909  -8.985 0.2000000030
15462  13.809  -65.918  -8.983 0.4000000060
14569  12.886  -65.836  -8.524 0.6999999881
130272  11.390  -65.972  -7.426 0.6999999881
14556  10.570  -65.986  -7.146 0.6999999881
12872  6.274  -68.844  -3.938 1.0000000000
118046  5.467  -68.229  -3.213 1.0000000000
126350  23.972  -60.083  -15.148 0.2000000030
19093  23.253  -61.424  -14.584 0.2000000030
19094  22.967  -61.951  -14.101 0.3000000119
133933  10.004  -66.202  -6.624 0.8999999762
14539  9.044  -66.721  -5.915 0.8999999762
13663  7.746  -67.456  -5.510 0.8999999762
13652  6.751  -68.221  -4.922 0.8999999762
14620  17.294  -66.727  -14.872 0.5000000000
12966  15.074  -67.969  -15.365 0.4000000060
138278  16.621  -66.995  -16.111 0.4000000060
13732  15.521  -67.468  -15.959 0.4000000060
3812  3.896  -81.104  18.655 0.8000000119
4417  4.363  -79.689  16.783 0.8999999762
4431  4.400  -80.289  15.909 0.8000000119
5640  5.475  -78.659  14.741 0.8999999762
5653  5.754  -79.037  13.935 0.8999999762
5652  6.338  -78.521  13.316 0.6999999881
5659  6.630  -78.267  12.364 0.6000000238
5043  6.317  -78.759  11.875 0.6000000238
5666  4.040  -78.765  11.095 0.4000000060
16376  15.835  -64.854  -8.473 0.3000000119
14575  13.098  -65.586  -9.284 0.4000000060
15448  9.970  -65.662  -7.962 0.6999999881
14558  8.658  -65.954  -7.124 0.8999999762
12882  6.176  -68.313  -4.430 1.0000000000
14540  8.142  -66.876  -5.884 0.8999999762
14541  7.240  -66.978  -5.898 0.8999999762
13653  6.021  -67.791  -4.890 0.8999999762
4993  4.198  -79.751  18.688 0.8000000119
4387  3.786  -80.629  19.418 0.8000000119
4395  4.261  -80.268  18.325 0.8000000119
129558  4.655  -78.911  17.418 0.8999999762
4999  4.491  -79.566  17.886 0.8999999762
5019  5.103  -78.986  15.546 0.8999999762
5627  5.353  -78.206  15.394 0.8999999762
120865  5.661  -77.906  14.764 0.8999999762
5639  6.189  -77.727  14.016 0.8999999762
119811  4.647  -77.888  11.164 0.3000000119
126669  5.694  -77.798  11.488 0.3000000119
5664  6.380  -78.068  11.767 0.6000000238
6288  3.896  -76.958  10.717 0.3000000119
6277  5.188  -77.064  11.363 0.3000000119
15464  11.321  -65.527  -8.965 0.6000000238
15446  11.927  -65.781  -8.148 0.6999999881
15495  12.332  -65.415  -10.024 0.4000000060
15466  9.370  -65.560  -8.715 0.6999999881
15450  7.995  -65.782  -7.849 0.8999999762
15496  11.600  -65.099  -10.650 0.4000000060
15481  9.658  -65.474  -9.606 0.6999999881
134247  6.830  -66.557  -6.458 0.8999999762
14542  6.258  -66.941  -5.910 0.8999999762
12883  5.711  -67.879  -4.368 0.8999999762
132175  9.153  -65.417  -10.197 0.6000000238
15483  7.785  -65.443  -9.493 0.6999999881
13665  5.699  -67.213  -5.334 0.8999999762
125863  5.180  -66.934  -4.335 0.8999999762
15499  8.974  -65.281  -11.181 0.3000000119
123701  6.729  -65.103  -11.453 0.6000000238
15485  5.333  -65.154  -10.394 0.6999999881
15524  7.847  -64.694  -12.600 0.4000000060
16401  4.776  -64.632  -10.958 0.6999999881
17371  5.746  -63.939  -12.658 0.5000000000
17360  4.875  -64.139  -11.364 0.5000000000
17347  4.891  -63.902  -10.216 0.5000000000
17359  5.410  -63.723  -11.842 0.4000000060
17346  5.456  -63.402  -10.438 0.5000000000
17332  4.974  -63.374  -9.178 0.6000000238
128166  3.530  -80.025  19.703 0.8000000119
4994  3.830  -79.179  18.968 0.8000000119
5611  4.384  -78.337  17.734 0.8000000119
115021  4.423  -79.035  18.204 0.8000000119
5618  4.775  -78.167  17.033 0.8999999762
5617  5.092  -78.157  16.174 0.8999999762
6215  4.688  -77.440  16.503 0.8999999762
6226  5.192  -77.458  15.521 0.8999999762
6240  5.730  -77.186  14.559 0.8999999762
6851  6.263  -76.936  13.778 0.8999999762
6867  6.553  -76.688  13.040 0.8000000119
6884  6.318  -76.539  12.443 0.6000000238
6906  3.725  -75.835  10.481 0.3000000119
6897  4.704  -76.157  11.251 0.4000000060
7572  5.234  -75.579  11.893 0.4000000060
8282  4.992  -74.785  11.979 0.4000000060
15467  8.398  -65.563  -8.641 0.8000000119
15468  7.303  -65.650  -8.693 0.8000000119
14560  6.432  -66.120  -7.091 0.8999999762
14543  5.278  -66.620  -5.850 0.8999999762
15470  5.165  -65.280  -8.398 0.6999999881
15442  4.524  -65.506  -6.764 0.8999999762
14535  5.013  -66.562  -5.101 0.8999999762
15471  4.526  -64.756  -8.013 0.8999999762
116434  4.897  -66.230  -4.288 0.8999999762
14524  5.360  -66.546  -2.662 0.8999999762
128193  8.728  -65.005  -12.387 0.3000000119
17348  4.636  -64.002  -9.459 0.6000000238
15486  4.728  -64.874  -9.092 0.6999999881
15454  4.054  -64.871  -7.171 0.8999999762
14495  5.307  -66.157  -0.750 1.0000000000
14509  5.269  -67.026  -1.064 1.0000000000
16423  6.401  -64.059  -12.920 0.3000000119
17333  4.527  -63.800  -8.368 0.6999999881
17308  4.005  -64.051  -6.887 0.8999999762
13628  4.795  -67.581  -0.821 1.0000000000
17388  8.470  -64.118  -13.134 0.3000000119
17317  5.106  -62.984  -7.681 0.6999999881
14497  3.772  -67.140  -0.287 0.8999999762
13615  3.232  -67.925  -0.549 0.8000000119
18243  7.322  -63.319  -12.319 0.4000000060
18225  7.345  -62.881  -11.417 0.4000000060
121149  5.459  -62.864  -8.382 0.6999999881
18213  6.490  -62.615  -9.975 0.4000000060
18196  6.879  -62.670  -9.073 0.5000000000
6839  5.088  -76.670  15.035 1.0000000000
6852  5.690  -76.436  14.254 1.0000000000
6868  6.134  -76.138  13.506 0.8000000119
7548  6.269  -75.885  12.945 0.6999999881
8262  5.823  -75.217  12.904 0.6999999881
7560  5.925  -75.765  12.487 0.5000000000
7561  5.525  -75.167  12.476 0.6000000238
7583  3.416  -74.709  10.188 0.2000000030
7573  4.400  -75.204  11.172 0.2000000030
15437  4.458  -65.856  -5.998 0.8999999762
15438  4.153  -65.197  -6.061 0.8999999762
15432  4.518  -65.562  -5.173 0.8999999762
15417  5.571  -65.540  -2.354 0.8999999762
134749  4.284  -64.829  -5.682 0.8999999762
16333  5.754  -64.559  -2.318 0.8999999762
136937  5.708  -65.016  -1.836 0.8000000119
10647  2.732  -71.297  -1.321 0.4000000060
12863  3.423  -69.212  -0.828 0.6000000238
16421  8.351  -64.390  -12.973 0.3000000119
17307  4.568  -63.499  -6.534 0.8000000119
16358  4.486  -64.240  -5.716 0.8999999762
15388  4.755  -64.983  0.085 0.8999999762
14498  3.143  -66.539  -0.277 0.8999999762
13616  2.224  -67.888  -0.450 0.6000000238
17299  4.856  -63.647  -5.742 0.8999999762
17291  5.139  -63.939  -4.866 0.8999999762
14510  2.090  -66.775  -0.575 0.8999999762
13629  1.779  -67.335  -0.521 0.6999999881
17306  5.454  -63.013  -6.830 0.8999999762
17316  6.092  -62.805  -7.575 0.6999999881
6211  3.253  -77.638  17.645 0.8000000119
114603  4.101  -77.515  17.333 0.8999999762
6216  3.875  -76.875  16.572 0.8999999762
6830  2.140  -76.805  16.189 0.8000000119
6828  3.680  -76.555  15.879 1.0000000000
6853  4.840  -75.948  14.609 1.0000000000
7539  5.485  -75.651  13.931 0.8999999762
7549  5.863  -75.371  13.274 0.8999999762
9016  4.727  -74.019  12.252 0.4000000060
8283  4.210  -74.276  11.235 0.2000000030
12854  1.760  -67.900  -0.186 0.4000000060
11381  2.628  -70.502  -0.500 0.2000000030
123270  5.550  -64.970  -3.193 0.8999999762
16323  5.584  -64.591  -1.327 0.8999999762
16308  4.503  -64.253  0.017 0.8000000119
12853  2.270  -68.425  -0.319 0.5000000000
12864  1.726  -67.584  -0.278 0.6000000238
118308  5.846  -63.807  -2.465 0.8999999762
17235  4.613  -63.667  -0.514 0.8000000119
15389  3.850  -64.708  0.349 0.8999999762
15391  1.590  -65.607  -0.571 0.8999999762
17265  6.125  -63.632  -3.148 0.8999999762
16293  3.061  -64.057  0.026 0.8999999762
16294  2.188  -64.355  -0.354 0.8999999762
15405  1.077  -66.166  -0.607 0.6999999881
16419  9.802  -64.411  -12.795 0.3000000119
17330  6.611  -62.757  -8.334 0.6000000238
114527  5.568  -63.235  -5.869 0.8999999762
17298  5.780  -63.381  -4.987 0.8999999762
136663  1.796  -76.403  15.262 0.8000000119
6841  2.795  -76.426  15.343 0.8000000119
7529  3.027  -75.910  14.892 0.8999999762
7540  4.488  -75.207  14.233 0.8999999762
7550  5.235  -74.926  13.568 0.8999999762
128493  5.008  -74.330  13.309 0.8000000119
8271  5.321  -74.623  12.741 0.6999999881
9028  4.109  -73.383  11.486 0.2000000030
13618  0.810  -67.096  -0.078 0.6000000238
14499  0.744  -66.701  -0.156 0.6999999881
18182  7.424  -62.874  -7.503 0.6000000238
125430  7.613  -62.588  -5.918 0.8000000119
15392  0.695  -65.749  -0.165 0.6999999881
18174  6.664  -62.921  -6.047 0.8000000119
18165  6.497  -62.902  -5.160 0.8999999762
17234  5.205  -63.766  -1.196 0.8999999762
17236  3.980  -63.086  -0.689 0.8000000119
119574  1.312  -63.867  -0.577 0.8999999762
16311  0.529  -64.581  -0.380 0.8000000119
16310  1.300  -65.154  -0.568 0.8000000119
18144  6.516  -62.943  -3.475 0.8999999762
18097  4.100  -62.427  -1.284 0.8999999762
17218  3.164  -63.252  -0.445 0.8000000119
17237  1.582  -63.454  -0.899 0.8999999762
16309  1.723  -64.693  -0.487 0.8999999762
7531  1.526  -76.045  15.107 0.6999999881
7542  2.520  -75.540  14.621 0.8000000119
7541  3.379  -75.266  14.546 0.8999999762
8257  2.771  -74.666  14.319 0.8999999762
8256  3.753  -74.682  14.206 0.8999999762
124077  4.437  -73.728  13.364 1.0000000000
9006  4.914  -73.960  12.963 0.6999999881
9801  3.938  -72.597  11.854 0.3000000119
9017  4.364  -73.307  12.498 0.6000000238
19011  7.929  -62.118  -5.471 0.6000000238
132288  7.572  -61.974  -4.936 0.8000000119
18995  7.636  -61.654  -4.242 0.8000000119
18983  6.833  -61.529  -3.237 0.8999999762
18181  8.413  -62.690  -7.044 0.5000000000
18154  7.163  -62.384  -4.583 0.8999999762
18128  6.505  -62.148  -3.030 0.8999999762
14485  0.562  -66.006  0.049 0.5000000000
18972  5.875  -61.976  -2.474 0.8999999762
15375  0.286  -65.011  0.118 0.6000000238
16277  0.571  -64.727  0.799 0.6999999881
18155  6.599  -62.938  -4.301 0.8999999762
18114  4.783  -62.446  -1.787 0.8999999762
18944  3.553  -61.941  -1.306 0.6999999881
18099  1.067  -62.504  -1.736 0.8999999762
17238  0.738  -62.853  -1.522 0.8999999762
7543  1.819  -75.285  14.591 0.8000000119
8992  1.927  -74.110  14.220 0.8999999762
8266  2.653  -73.863  13.988 0.8999999762
9008  3.013  -73.353  13.441 0.8999999762
129377  4.010  -73.066  13.226 0.6999999881
10477  3.674  -71.850  12.064 0.3000000119
9783  3.994  -72.656  12.636 0.5000000000
19010  8.487  -61.569  -5.642 0.6000000238
18994  8.001  -61.242  -4.981 0.6999999881
19026  9.591  -62.045  -7.214 0.5000000000
18171  9.049  -62.290  -6.758 0.5000000000
18982  7.401  -61.194  -3.593 0.6999999881
132686  5.023  -61.807  -2.177 0.8999999762
118213  0.145  -64.191  0.480 0.6000000238
124875  -0.106  -63.444  0.152 0.6000000238
136356  0.026  -63.232  -0.549 0.8000000119
18082  2.293  -62.699  -1.047 0.8000000119
131305  5.922  -70.252  14.113 0.8000000119
9758  1.248  -72.944  14.999 0.8999999762
9770  3.268  -72.646  12.938 0.8999999762
10470  1.757  -71.892  13.164 0.8000000119
9784  3.347  -71.942  12.517 0.4000000060
19845  7.996  -60.720  -4.086 0.6999999881
19819  6.010  -60.365  -2.607 0.8999999762
19820  5.035  -60.115  -2.346 0.8999999762
18971  6.295  -61.306  -2.740 0.8999999762
19801  3.833  -60.801  -1.839 0.8999999762
18973  4.574  -60.984  -2.188 0.8999999762
18958  3.319  -61.276  -1.434 0.8000000119
18959  2.411  -60.992  -1.358 0.8000000119
17203  0.410  -63.414  1.194 0.4000000060
18946  1.784  -61.741  -1.548 0.8000000119
18100  -0.376  -62.316  -1.259 0.6999999881
18083  -0.174  -62.700  0.550 0.6999999881
128311  0.830  -61.613  -2.019 0.8999999762
18116  -0.129  -62.329  -2.039 0.8999999762
11185  6.040  -69.823  13.651 0.8000000119
11918  5.352  -69.472  13.473 0.8000000119
122649  4.086  -68.531  13.565 0.8000000119
11920  3.219  -68.956  14.098 0.8000000119
10461  1.832  -70.945  14.777 0.8999999762
10462  1.511  -71.523  14.385 0.8999999762
9772  1.611  -73.139  14.077 0.8999999762
11921  2.003  -69.153  14.028 0.8999999762
11908  1.601  -70.041  13.971 0.8000000119
120749  1.473  -72.243  13.763 0.8000000119
133523  1.876  -70.042  12.028 0.6000000238
10480  1.497  -71.129  12.946 0.6999999881
11197  2.849  -70.672  12.210 0.4000000060
10479  2.279  -71.445  12.661 0.5000000000
9785  2.467  -72.160  12.881 0.6999999881
20674  3.676  -59.175  -1.849 1.0000000000
20677  1.072  -59.159  -1.346 0.8000000119
20661  0.715  -58.241  -0.879 0.8000000119
125279  3.560  -60.001  -1.706 1.0000000000
20662  0.281  -58.929  -0.487 0.8000000119
19017  9.322  -61.667  -6.572 0.5000000000
125239  1.316  -59.873  -1.510 0.8999999762
133979  0.550  -59.971  -1.243 0.8000000119
19802  3.082  -60.390  -1.376 0.8000000119
19786  -0.054  -59.996  -0.830 0.8000000119
118606  1.428  -60.812  -1.671 0.8000000119
18960  0.217  -61.514  -1.901 0.8000000119
18947  -0.402  -61.477  -0.850 0.8000000119
18084  -0.506  -62.050  -0.134 0.6999999881
13422  3.758  -67.770  13.392 0.8000000119
134489  3.257  -68.200  13.807 0.8999999762
12684  2.433  -68.293  13.914 0.8000000119
12696  4.718  -68.076  12.996 0.8000000119
12685  1.421  -68.562  13.730 0.8000000119
11922  1.192  -69.515  13.373 0.8000000119
12697  0.640  -68.816  12.594 0.6999999881
11931  0.956  -69.701  12.689 0.8000000119
20660  1.133  -57.667  -1.223 0.8000000119
21490  -0.121  -58.168  1.040 0.6000000238
21462  0.037  -58.520  2.240 0.5000000000
20694  4.398  -59.509  -2.233 1.0000000000
20675  2.775  -59.131  -1.409 1.0000000000
20676  1.610  -58.785  -1.448 0.8999999762
21506  -0.066  -58.386  0.302 0.8000000119
19763  0.048  -59.961  2.329 0.5000000000
19844  8.257  -60.316  -4.743 0.6999999881
19833  7.405  -60.126  -3.560 0.8000000119
20663  -0.277  -59.494  -0.103 0.6999999881
130452  -0.332  -59.974  1.217 0.6999999881
19009  8.955  -61.139  -6.021 0.6000000238
135141  -0.393  -60.493  -0.463 0.6999999881
18900  0.235  -61.582  2.363 0.3000000119
19805  -0.070  -60.963  -1.339 0.6999999881
18926  -0.490  -60.950  0.365 0.6000000238
18064  -0.108  -61.757  1.050 0.5000000000
18192  10.711  -62.163  -8.282 0.5000000000
13442  3.245  -67.006  13.194 0.8999999762
13441  4.358  -67.310  12.800 0.8000000119
13423  1.686  -67.549  13.786 0.8000000119
127636  0.846  -68.022  13.468 0.6999999881
21504  0.726  -56.959  -0.447 0.8000000119
21474  0.069  -57.944  1.515 0.6000000238
20629  0.386  -58.907  3.013 0.5000000000
126656  4.096  -58.803  -2.240 1.0000000000
21515  1.885  -57.440  -1.435 1.0000000000
20710  6.516  -59.520  -3.048 0.8000000119
19025  10.192  -61.721  -7.601 0.5000000000
19877  9.690  -61.344  -7.057 0.5000000000
14307  3.912  -66.516  12.502 0.8000000119
14323  4.633  -66.071  11.845 0.8000000119
14324  3.586  -65.649  12.187 0.8999999762
14308  2.574  -65.973  13.129 0.8999999762
21503  1.378  -56.536  -0.763 0.8000000119
19860  8.544  -60.519  -5.447 0.6000000238
15214  4.301  -65.150  11.478 0.8000000119
15215  2.565  -64.976  12.605 0.8000000119
15216  1.717  -64.352  12.689 0.8000000119
16141  1.060  -64.164  10.075 0.5000000000
14334  0.979  -65.942  10.801 0.5000000000
21514  2.905  -58.137  -1.512 1.0000000000
127814  0.902  -56.468  -0.024 0.8000000119
20716  7.981  -59.560  -4.241 0.8000000119
20693  4.844  -58.962  -2.501 0.8999999762
19868  9.333  -60.825  -6.492 0.5000000000
19889  10.950  -61.200  -7.785 0.5000000000
19876  10.129  -60.855  -7.389 0.5000000000
16119  5.937  -64.799  11.036 0.8000000119
15224  4.361  -64.163  11.066 0.8000000119
16120  3.564  -64.429  11.528 0.8999999762
118648  2.541  -64.133  12.040 0.8000000119
15200  0.440  -64.964  13.032 0.8000000119
117573  1.305  -64.822  8.673 0.5000000000
16135  0.887  -64.471  11.129 0.6000000238
16123  0.780  -64.414  11.927 0.6000000238
16152  0.782  -63.853  8.859 0.5000000000
17069  1.175  -63.407  10.622 0.6000000238
21471  2.327  -57.275  0.961 0.4000000060
21486  2.644  -56.970  0.451 0.4000000060
21487  1.723  -56.570  0.024 0.6999999881
22376  2.136  -56.556  -0.048 0.5000000000
118139  5.660  -59.536  -2.615 0.8999999762
22394  2.143  -56.428  -1.145 0.8000000119
22386  2.011  -56.371  -0.592 0.8000000119
20715  8.355  -59.616  -5.110 0.6999999881
20709  7.171  -59.060  -3.723 0.8999999762
19859  8.973  -60.381  -6.021 0.6000000238
20728  8.740  -59.690  -5.817 0.6000000238
20746  9.699  -59.742  -7.370 0.5000000000
21577  9.014  -59.245  -7.063 0.6000000238
17066  4.940  -63.429  10.652 0.6999999881
125235  3.887  -63.254  10.770 0.8000000119
16132  3.182  -63.766  11.256 0.8000000119
16133  2.030  -63.474  11.494 0.8000000119
17159  8.335  -62.144  2.667 0.4000000060
18007  7.128  -61.801  4.195 0.3000000119
17993  6.966  -62.209  5.033 0.4000000060
17981  6.741  -62.607  5.879 0.2000000030
136432  0.143  -63.813  8.230 0.5000000000
17068  1.629  -62.983  10.637 0.8000000119
18022  7.939  -61.257  2.701 0.5000000000
18872  6.750  -60.964  3.882 0.4000000060
17994  6.255  -61.509  5.325 0.4000000060
18850  5.357  -61.112  5.769 0.3000000119
17970  3.897  -62.360  6.980 0.2000000030
17985  3.180  -61.375  6.867 0.4000000060
17096  1.897  -63.164  7.498 0.3000000119
17097  0.394  -62.801  7.795 0.6000000238
18886  6.835  -60.492  3.905 0.5000000000
18861  5.759  -60.685  5.296 0.4000000060
17984  4.222  -61.488  6.722 0.4000000060
122756  2.231  -61.430  7.099 0.4000000060
17084  0.146  -62.927  8.537 0.6000000238
18851  4.568  -60.753  6.270 0.5000000000
18852  3.774  -60.729  6.741 0.5000000000
20692  5.646  -58.688  -2.893 0.8999999762
116447  3.335  -56.882  -2.031 1.0000000000
21529  4.713  -57.911  -2.912 1.0000000000
21543  6.891  -58.467  -3.969 0.8000000119
21554  8.065  -58.905  -4.891 0.6999999881
128550  4.493  -62.670  10.306 0.8000000119
17941  3.423  -62.543  10.200 0.8000000119
18038  8.717  -61.051  1.758 0.6000000238
17095  2.762  -62.465  7.154 0.3000000119
18863  4.788  -60.185  6.282 0.5000000000
17971  1.362  -61.662  7.636 0.5000000000
17944  1.125  -62.827  9.934 0.6999999881
118837  6.389  -60.649  4.622 0.5000000000
125097  3.275  -56.495  -0.676 0.5000000000
22393  3.023  -56.288  -1.445 0.6999999881
22414  3.440  -56.145  -2.244 0.8999999762
21544  6.296  -58.416  -3.566 0.8999999762
22413  3.870  -56.915  -2.728 1.0000000000
22430  3.808  -56.200  -2.856 0.8999999762
21545  5.355  -57.930  -3.392 1.0000000000
22429  4.567  -57.058  -3.456 1.0000000000
21555  7.416  -58.504  -4.408 0.8000000119
22440  6.982  -57.759  -4.795 0.8999999762
22428  5.595  -57.534  -3.986 1.0000000000
22451  8.315  -58.311  -6.291 0.6000000238
21565  7.703  -58.158  -5.373 0.8000000119
122860  7.140  -59.789  5.845 0.5000000000
17952  3.954  -61.860  9.683 0.8000000119
17953  2.829  -61.787  9.480 0.8000000119
18871  9.892  -60.381  3.878 0.8000000119
19742  8.655  -60.367  3.111 0.6999999881
20618  7.815  -60.244  3.734 0.6000000238
20590  5.682  -59.713  6.878 0.6999999881
19702  4.923  -59.846  7.659 0.6999999881
132879  4.205  -60.148  7.751 0.6999999881
19743  8.058  -60.541  2.976 0.5000000000
19734  6.617  -60.148  4.507 0.5000000000
20598  6.375  -59.756  6.325 0.5000000000
19710  4.804  -59.832  6.771 0.5000000000
18831  2.647  -60.774  7.912 0.6000000238
18822  2.089  -61.236  8.691 0.6999999881
17943  1.431  -62.375  9.574 0.8000000119
19725  5.898  -60.207  5.207 0.4000000060
19711  4.151  -60.018  7.144 0.6000000238
19703  3.556  -60.397  7.438 0.5000000000
17954  1.088  -61.723  8.700 0.6999999881
120672  9.617  -60.567  1.373 0.6000000238
19719  4.240  -60.244  6.684 0.5000000000
18832  1.582  -61.315  8.089 0.6000000238
18833  0.635  -61.704  8.068 0.6000000238
23260  3.474  -56.058  -1.298 0.5000000000
23275  3.420  -55.972  -1.866 0.6000000238
23274  3.830  -55.682  -1.808 0.6999999881
23293  3.735  -55.587  -2.342 0.8999999762
22452  6.920  -57.268  -5.423 0.8999999762
20578  7.230  -59.784  8.315 0.6999999881
17157  11.315  -62.319  3.196 0.8999999762
18005  10.680  -61.764  3.777 0.8999999762
19723  9.428  -60.119  4.560 0.6000000238
20604  7.931  -59.798  5.496 0.6000000238
18829  4.976  -60.444  8.518 0.6999999881
18830  3.775  -60.551  8.226 0.6999999881
18821  3.222  -61.071  8.847 0.8000000119
17155  13.044  -62.443  1.876 0.8999999762
18021  11.767  -61.267  1.255 0.8999999762
126405  10.866  -61.089  2.258 0.8999999762
119552  10.777  -60.739  1.020 0.8000000119
124942  10.246  -60.606  1.918 0.8999999762
24188  4.132  -55.402  -2.322 0.5000000000
23294  3.611  -55.842  -2.381 0.8999999762
23309  3.961  -55.626  -2.761 0.8999999762
24199  4.136  -55.346  -2.661 0.6999999881
23308  4.360  -56.170  -3.438 0.8999999762
22441  6.099  -57.166  -4.680 1.0000000000
22442  5.047  -56.675  -4.149 1.0000000000
20577  8.171  -59.763  8.243 0.8000000119
20588  7.558  -59.659  7.591 0.6999999881
19709  5.985  -59.798  7.796 0.6999999881
18819  5.698  -61.159  9.420 0.8000000119
17144  11.362  -63.425  4.361 0.8000000119
128622  10.240  -61.118  4.437 0.8000000119
19718  8.594  -59.893  6.163 0.8000000119
20596  8.262  -59.772  7.191 0.6999999881
16235  13.293  -63.139  3.357 0.8999999762
16237  11.887  -63.139  3.652 0.8000000119
19724  8.737  -59.903  5.117 0.8000000119
129321  7.899  -59.710  6.299 0.6999999881
20597  7.334  -59.671  6.763 0.6999999881
17153  14.235  -62.650  3.050 0.8000000119
17143  13.840  -63.224  3.766 0.8999999762
16236  12.574  -63.180  3.419 0.8000000119
18020  14.665  -62.387  3.137 0.8999999762
18004  14.541  -62.658  3.967 0.8999999762
127693  5.014  -55.959  -4.264 1.0000000000
23320  4.523  -55.494  -3.505 1.0000000000
24212  4.398  -55.150  -2.787 1.0000000000
122054  5.587  -56.451  -4.654 1.0000000000
117843  7.696  -57.547  -6.217 0.8000000119
23328  6.936  -56.689  -6.146 1.0000000000
22467  7.827  -57.137  -6.991 0.8000000119
24225  4.950  -55.017  -4.228 1.0000000000
24198  4.512  -54.932  -2.976 0.6999999881
23340  6.761  -56.032  -6.348 1.0000000000
23319  5.607  -55.838  -4.826 1.0000000000
22453  6.186  -56.524  -5.248 1.0000000000
18858  15.332  -62.066  4.821 0.6999999881
19730  15.090  -61.181  4.843 0.8000000119
21447  14.582  -58.422  5.707 0.6000000238
22311  14.453  -57.589  5.371 0.6000000238
23345  7.568  -56.199  -7.689 0.8000000119
126686  16.023  -61.919  5.343 0.6999999881
19722  15.277  -60.632  5.280 0.4000000060
20594  15.366  -59.279  6.249 0.4000000060
20603  15.005  -59.779  5.510 0.5000000000
21441  14.594  -58.438  6.317 0.3000000119
22287  13.870  -57.287  7.057 0.1000000015
129121  13.419  -56.229  6.373 0.1000000015
121948  14.391  -58.006  6.109 0.3000000119
25029  13.149  -54.904  6.956 0.2000000030
23209  13.742  -56.766  6.332 0.3000000119
24117  13.246  -55.786  6.843 0.2000000030
24118  12.844  -55.208  6.190 0.2000000030
25030  12.615  -54.479  6.317 0.1000000015
23215  14.051  -56.829  5.540 0.5000000000
23216  13.544  -56.279  5.688 0.4000000060
24122  13.118  -55.791  5.925 0.2000000030
129284  12.438  -54.869  5.659 0.2000000030
26812  12.186  -52.702  6.678 0.2000000030
25950  12.062  -54.189  5.474 0.2000000030
26823  11.891  -53.154  5.861 0.2000000030
26824  11.488  -52.688  5.407 0.2000000030
21431  15.431  -58.312  7.434 0.2000000030
21440  14.977  -58.575  6.741 0.3000000119
138046  14.739  -58.127  7.361 0.2000000030
21432  14.309  -58.029  6.832 0.2000000030
22286  14.274  -57.660  7.638 0.1000000015
22326  14.782  -57.497  4.396 0.5000000000
23221  14.395  -56.832  4.678 0.6000000238
24112  13.518  -56.221  7.611 0.1000000015
125215  13.465  -55.484  7.686 0.1000000015
24127  13.144  -55.832  5.060 0.4000000060
24123  12.674  -55.357  5.373 0.2000000030
25951  11.466  -53.566  4.831 0.2000000030
22271  15.360  -57.430  8.442 0.1000000015
22285  14.976  -57.860  7.948 0.1000000015
23204  13.751  -56.950  7.938 0.1000000015
25025  13.435  -54.537  7.765 0.1000000015
23228  14.713  -56.804  3.666 0.6999999881
23229  14.167  -56.279  4.123 0.4000000060
24128  12.639  -55.286  4.433 0.3000000119
25033  12.179  -54.900  4.846 0.2000000030
22272  14.495  -57.303  8.334 0.1000000015
23199  14.160  -56.643  8.710 0.1000000015
22363  16.329  -57.254  1.907 0.8999999762
138404  15.297  -56.459  2.322 0.6000000238
24140  14.299  -55.730  2.616 0.5000000000
24141  13.315  -55.400  2.990 0.4000000060
24106  13.699  -56.140  8.342 0.1000000015
25016  13.741  -55.174  8.560 0.1000000015
23227  15.342  -57.021  2.873 0.6000000238
24131  14.145  -56.051  3.300 0.4000000060
24133  12.468  -55.175  3.440 0.4000000060
25054  11.410  -55.044  3.010 0.1000000015
25041  10.966  -54.888  3.222 0.1000000015
25970  10.540  -54.519  2.794 0.1000000015
24132  13.458  -55.661  4.054 0.4000000060
25040  11.859  -54.956  3.790 0.2000000030
25961  10.688  -54.130  3.600 0.1000000015
25960  11.561  -54.483  4.225 0.2000000030
26828  10.913  -52.700  4.487 0.2000000030
26906  8.078  -52.502  -7.737 0.8000000119
26063  8.456  -53.256  -8.212 0.8000000119
26062  9.133  -52.911  -8.629 0.8000000119
26076  9.907  -53.173  -9.207 0.8000000119
22362  17.252  -57.131  0.880 1.0000000000
23240  16.709  -57.011  1.428 1.0000000000
23247  16.808  -56.397  1.141 1.0000000000
24139  14.995  -55.871  2.078 0.6000000238
25070  13.982  -55.080  2.478 0.5000000000
25071  12.866  -54.780  2.683 0.1000000015
24167  17.287  -56.359  0.565 1.0000000000
24142  12.194  -55.011  2.919 0.4000000060
25072  11.432  -54.754  2.703 0.1000000015
25055  10.801  -54.686  2.734 0.1000000015
25056  10.476  -54.177  2.480 0.1000000015
22382  17.858  -57.652  -0.490 1.0000000000
27739  8.337  -51.087  -7.673 0.6999999881
27724  7.923  -51.643  -7.465 0.6999999881
27738  8.965  -51.086  -8.187 0.8000000119
26075  10.810  -53.026  -9.824 0.6000000238
24151  16.203  -55.886  1.369 0.6000000238
24152  15.577  -55.629  1.616 0.6000000238
25086  14.633  -54.678  1.961 0.5000000000
121787  12.140  -54.309  2.530 0.1000000015
25084  15.965  -55.040  1.173 0.6999999881
25975  11.204  -54.139  2.373 0.1000000015
132395  17.868  -57.057  -0.918 1.0000000000
22389  17.790  -57.673  -1.363 0.8999999762
23289  17.458  -56.944  -1.837 1.0000000000
28576  9.245  -50.155  -8.155 0.6000000238
26917  9.476  -52.123  -8.731 0.8000000119
26932  10.316  -52.178  -9.390 0.8000000119
26931  11.256  -52.224  -10.039 0.6000000238
26074  11.307  -53.651  -10.120 0.5000000000
124068  14.199  -53.321  2.247 0.3000000119
26837  12.238  -53.338  2.422 0.1000000015
25973  14.021  -54.229  2.377 0.3000000119
25974  13.247  -53.818  2.494 0.2000000030
24168  16.859  -55.599  0.712 0.6999999881
25085  15.321  -54.333  1.457 0.5000000000
24178  17.481  -55.955  -0.022 0.8000000119
24179  17.111  -55.203  -0.199 0.6999999881
25093  16.501  -54.724  0.373 0.6000000238
125781  17.665  -56.369  -0.877 1.0000000000
119710  17.422  -55.676  -0.794 0.8999999762
24185  17.258  -55.973  -1.714 0.6999999881
28591  11.434  -50.330  -10.108 0.8000000119
29417  9.557  -49.278  -8.148 0.6000000238
28575  10.087  -50.250  -8.793 0.6999999881
28574  10.747  -50.313  -9.560 0.6000000238
27758  9.806  -51.164  -8.789 0.8000000119
27757  10.602  -51.244  -9.505 0.6999999881
27756  11.383  -51.241  -10.052 0.6999999881
28590  12.122  -50.328  -10.507 0.6999999881
117711  12.204  -49.507  -10.504 0.6999999881
28589  13.011  -50.167  -10.643 0.6999999881
29433  13.967  -49.538  -10.476 0.3000000119
25981  14.725  -53.819  1.822 0.4000000060
138099  14.721  -53.072  1.731 0.4000000060
26843  14.360  -52.499  2.017 0.4000000060
25094  15.917  -54.100  0.805 0.6000000238
25980  15.323  -53.357  1.218 0.4000000060
25098  16.682  -54.554  -0.666 0.6000000238
25983  16.247  -53.983  -0.132 0.6000000238
24186  17.035  -55.154  -1.326 0.6999999881
25102  16.470  -54.578  -1.839 0.6999999881
25987  16.330  -54.024  -1.134 0.6999999881
24196  16.535  -56.539  -2.604 0.6999999881
116604  16.343  -55.555  -2.475 0.6999999881
131181  16.336  -56.791  -3.007 0.6999999881
134394  16.101  -56.161  -2.955 0.6999999881
26041  13.624  -53.869  -7.899 0.5000000000
26042  12.631  -53.866  -7.629 0.3000000119
26054  12.202  -53.056  -7.652 0.4000000060
27722  12.198  -51.420  -8.018 0.5000000000
27723  11.190  -51.256  -7.494 0.5000000000
29416  10.105  -48.583  -8.387 0.8000000119
128355  10.281  -49.504  -8.838 0.8000000119
30295  10.172  -46.965  -8.312 0.4000000060
30296  10.460  -47.987  -8.645 0.8000000119
29436  11.060  -48.566  -9.503 0.6999999881
29434  12.712  -48.813  -10.555 0.5000000000
120967  16.088  -48.737  -9.526 0.3000000119
27653  13.866  -51.996  2.255 0.2000000030
26842  14.873  -52.500  1.347 0.3000000119
25984  15.773  -53.317  0.271 0.4000000060
26846  15.320  -52.624  0.613 0.3000000119
25988  15.882  -53.342  -1.017 0.4000000060
25992  15.987  -53.920  -2.051 0.6000000238
25118  15.912  -54.909  -3.175 0.6999999881
123671  15.924  -55.504  -2.951 0.6000000238
116137  16.583  -54.908  -7.065 0.6000000238
137913  15.197  -54.299  -7.540 0.3000000119
124463  14.708  -53.922  -7.675 0.5000000000
26053  13.170  -53.122  -8.055 0.4000000060
26904  12.696  -52.306  -8.079 0.5000000000
26903  13.638  -52.333  -8.105 0.4000000060
27721  13.170  -51.566  -8.187 0.4000000060
28540  12.653  -50.548  -8.186 0.4000000060
28541  11.476  -50.343  -7.858 0.5000000000
29386  10.487  -48.054  -7.940 0.4000000060
29415  10.752  -49.253  -9.415 0.6999999881
117215  11.558  -49.469  -10.121 0.6000000238
31273  10.082  -45.617  -7.932 0.5000000000
30315  10.627  -47.282  -9.045 0.6000000238
31284  9.931  -45.993  -8.339 0.5000000000
31293  10.462  -45.774  -8.866 0.5000000000
30314  11.766  -47.566  -9.727 0.5000000000
30313  13.654  -48.391  -10.524 0.5000000000
30294  15.233  -48.575  -9.869 0.3000000119
27661  14.461  -51.653  1.610 0.2000000030
27662  13.644  -51.251  2.131 0.2000000030
27660  14.957  -51.870  0.783 0.3000000119
117882  14.203  -50.695  1.493 0.1000000015
29307  13.928  -49.879  1.309 0.1000000015
26848  15.478  -52.652  -0.367 0.4000000060
27669  14.696  -51.037  0.860 0.2000000030
28481  14.462  -50.234  0.850 0.1000000015
132884  15.188  -52.105  0.056 0.4000000060
28490  14.632  -50.606  0.120 0.2000000030
25107  15.860  -54.694  -2.740 0.6000000238
25997  15.562  -53.923  -2.750 0.6000000238
25993  15.491  -53.291  -2.237 0.4000000060
25129  16.589  -54.905  -3.917 0.6999999881
117013  15.994  -54.189  -3.521 0.6000000238
25139  17.288  -54.368  -5.020 0.8000000119
25149  17.402  -54.752  -5.935 0.6000000238
26038  17.072  -53.643  -6.953 0.5000000000
25151  16.534  -54.123  -7.261 0.6000000238
115382  15.729  -53.920  -7.491 0.5000000000
26040  15.475  -53.176  -7.584 0.4000000060
26052  14.321  -53.024  -7.890 0.4000000060
127106  13.733  -50.917  -8.100 0.5000000000
29385  12.681  -49.486  -8.298 0.4000000060
128807  11.676  -48.481  -8.211 0.5000000000
134901  10.636  -46.903  -7.965 0.5000000000
28539  13.433  -50.214  -8.186 0.5000000000
30269  12.537  -48.116  -8.369 0.5000000000
31272  11.113  -45.721  -7.827 0.5000000000
31283  10.258  -45.114  -8.186 0.4000000060
31282  11.099  -44.746  -8.284 0.4000000060
31292  11.206  -44.719  -8.807 0.4000000060
116485  12.834  -45.965  -9.525 0.5000000000
123042  13.406  -47.330  -10.219 0.5000000000
30311  15.033  -47.416  -9.870 0.4000000060
31291  15.818  -46.840  -9.615 0.4000000060
135515  16.338  -47.649  -9.480 0.3000000119
31281  17.646  -47.410  -8.768 0.2000000030
27668  14.848  -51.403  -0.118 0.2000000030
26851  15.305  -52.637  -1.504 0.4000000060
27672  15.055  -52.030  -0.826 0.3000000119
135346  14.486  -49.978  0.204 0.2000000030
27673  14.751  -51.347  -1.186 0.3000000119
137129  14.664  -50.819  -0.638 0.2000000030
127043  14.577  -50.167  -0.495 0.1000000015
119707  14.409  -49.444  -0.226 0.1000000015
127293  15.574  -54.161  -3.064 0.6000000238
25998  15.266  -53.439  -2.899 0.5000000000
26027  17.247  -53.989  -6.053 0.5000000000
26892  16.306  -52.470  -7.427 0.4000000060
26893  15.208  -52.416  -7.661 0.5000000000
127896  15.785  -51.888  -7.580 0.4000000060
27706  15.003  -51.727  -7.740 0.5000000000
27720  14.110  -51.649  -8.016 0.5000000000
28520  15.311  -50.351  -7.797 0.6000000238
29384  13.662  -49.492  -8.189 0.5000000000
30268  13.500  -47.264  -8.383 0.5000000000
135531  10.388  -45.177  -7.918 0.5000000000
31271  12.397  -45.136  -8.093 0.5000000000
132282  11.957  -44.215  -8.902 0.3000000119
32312  12.373  -44.297  -9.172 0.4000000060
32311  13.555  -45.361  -9.446 0.4000000060
32310  14.691  -46.097  -9.646 0.3000000119
29411  16.700  -48.305  -9.290 0.2000000030
31290  16.806  -47.245  -9.279 0.2000000030
119611  17.948  -46.803  -8.620 0.2000000030
32290  17.149  -46.178  -9.064 0.2000000030
32281  18.821  -45.990  -8.039 0.2000000030
27676  14.825  -52.013  -1.842 0.3000000119
28494  14.568  -50.479  -1.429 0.2000000030
29328  14.515  -49.661  -1.010 0.1000000015
30201  14.262  -48.720  -1.020 0.1000000015
26854  15.035  -52.688  -2.477 0.5000000000
27680  14.732  -51.963  -2.685 0.3000000119
27677  14.601  -51.251  -2.135 0.3000000119
29334  14.358  -49.611  -1.920 0.1000000015
26004  15.549  -53.530  -3.310 0.5000000000
26857  15.092  -52.719  -3.151 0.4000000060
30205  13.998  -48.813  -2.381 0.1000000015
26015  16.273  -53.415  -4.063 0.5000000000
26856  15.694  -52.955  -3.674 0.4000000060
26028  17.092  -53.609  -5.053 0.4000000060
128069  16.835  -53.012  -5.093 0.4000000060
26877  17.109  -53.245  -6.140 0.4000000060
26891  17.051  -52.838  -7.054 0.5000000000
27705  15.842  -51.151  -7.600 0.5000000000
127957  14.721  -51.032  -7.903 0.6000000238
29383  14.703  -49.567  -7.941 0.4000000060
30256  15.045  -48.576  -7.896 0.4000000060
127076  13.965  -48.727  -8.207 0.5000000000
32284  13.423  -44.796  -8.581 0.4000000060
33353  13.321  -44.070  -8.918 0.3000000119
33361  12.777  -44.173  -9.126 0.3000000119
33373  14.113  -44.743  -9.270 0.3000000119
33352  14.188  -44.304  -9.151 0.3000000119
33359  14.604  -44.164  -9.233 0.3000000119
32296  15.288  -45.230  -9.446 0.3000000119
32295  16.263  -45.896  -9.400 0.3000000119
32289  17.722  -45.761  -8.632 0.2000000030
28496  14.400  -50.425  -2.471 0.2000000030
27681  14.536  -51.148  -2.886 0.4000000060
28498  14.426  -50.346  -3.077 0.2000000030
29339  14.102  -49.615  -2.837 0.2000000030
27683  14.924  -51.742  -3.247 0.4000000060
27684  14.800  -50.973  -3.266 0.4000000060
26864  16.349  -52.644  -4.443 0.4000000060
26865  15.660  -52.209  -3.737 0.4000000060
27687  16.460  -51.832  -4.712 0.4000000060
26878  16.983  -52.422  -5.943 0.5000000000
117811  17.018  -51.978  -7.069 0.5000000000
118639  16.467  -51.694  -7.406 0.5000000000
27704  17.011  -51.045  -7.218 0.5000000000
28518  17.091  -50.233  -7.024 0.5000000000
28519  16.396  -50.332  -7.483 0.5000000000
29370  15.794  -49.587  -7.654 0.5000000000
30255  15.860  -47.895  -7.565 0.3000000119
31269  15.315  -46.605  -7.902 0.3000000119
33351  15.037  -43.907  -9.168 0.3000000119
130581  15.846  -45.204  -9.424 0.3000000119
138365  16.992  -45.194  -9.076 0.2000000030
33336  17.718  -44.826  -8.480 0.2000000030
27688  15.644  -51.192  -3.787 0.4000000060
28500  15.001  -50.318  -3.492 0.4000000060
29345  14.407  -49.465  -3.265 0.2000000030
28503  16.603  -50.924  -4.795 0.4000000060
28504  16.006  -50.265  -4.051 0.4000000060
27695  16.951  -51.439  -6.036 0.5000000000
28509  16.981  -50.489  -5.942 0.4000000060
136820  17.033  -49.931  -5.476 0.4000000060
29369  16.799  -49.626  -7.254 0.4000000060
126968  16.338  -48.851  -7.413 0.4000000060
33350  15.806  -43.957  -9.125 0.3000000119
34371  17.482  -44.060  -8.388 0.1000000015
34382  16.650  -44.071  -8.763 0.1000000015
29344  15.408  -49.516  -3.717 0.2000000030
121070  14.899  -48.872  -3.556 0.2000000030
125629  16.810  -50.107  -4.838 0.4000000060
29368  17.119  -49.687  -6.217 0.4000000060
128584  17.069  -48.969  -6.749 0.3000000119
30242  17.325  -48.253  -6.191 0.3000000119
30254  16.880  -48.139  -7.078 0.3000000119
29352  16.367  -49.472  -4.268 0.3000000119
30234  15.896  -48.654  -3.942 0.3000000119
29359  17.098  -49.416  -5.098 0.3000000119
123317  16.702  -48.858  -4.528 0.3000000119
29358  17.254  -49.031  -5.873 0.3000000119
30243  17.201  -48.615  -5.208 0.3000000119
31251  17.303  -47.806  -5.469 0.3000000119
127752  17.497  -47.584  -6.093 0.3000000119
31241  16.849  -47.136  -4.962 0.2000000030
31250  17.602  -46.889  -6.036 0.2000000030
234  9.327  -91.976  5.913 1.0000000000
118220  4.309  -84.891  9.442 0.4000000060
2364  3.161  -84.329  9.749 0.3000000119
2352  2.853  -83.953  10.412 0.5000000000
2826  3.078  -83.336  10.823 0.4000000060
1546  4.485  -86.033  11.697 0.6999999881
2816  3.987  -83.130  11.320 0.4000000060
2344  4.542  -84.112  11.679 0.6000000238
6543  17.891  -77.664  -19.079 0.8999999762
6582  17.155  -77.424  -21.958 0.8000000119
5979  16.881  -79.075  -21.164 0.8999999762
138078  16.118  -77.640  -22.130 0.8000000119
5932  18.669  -77.981  -16.229 0.8000000119
126123  17.674  -78.529  -17.849 0.8999999762
4702  20.410  -79.952  -16.175 0.8000000119
7203  14.821  -76.752  -21.491 0.8999999762
4152  19.520  -81.873  -18.567 0.8999999762
3150  23.301  -83.515  -27.293 0.6999999881
3667  22.325  -82.708  -25.348 0.8000000119
2173  22.054  -85.336  -27.838 0.8000000119
3152  24.288  -83.847  -27.685 0.6000000238
128954  23.297  -82.742  -24.357 0.6000000238
3664  21.849  -82.701  -24.722 0.8000000119
114416  21.416  -84.473  -27.086 0.8000000119
3144  23.580  -82.994  -26.542 0.6999999881
11403  5.903  -70.392  -2.494 1.0000000000
12131  5.797  -68.963  -3.256 1.0000000000
11391  2.978  -70.682  -1.274 0.5000000000
12851  3.729  -68.435  -0.603 0.8999999762
12862  4.461  -68.465  -0.895 1.0000000000
116002  5.346  -67.214  -1.996 0.8999999762
126473  5.751  -68.309  -3.886 0.8999999762
126898  5.316  -68.021  -2.355 1.0000000000
13638  5.296  -67.425  -2.973 0.8999999762
18023  7.256  -61.224  3.374 0.5000000000
19752  8.547  -60.453  2.336 0.6000000238
139  7.208  -93.737  -1.625 0.8000000119
13  7.098  -95.559  -4.360 0.6999999881
663  12.925  -89.465  -1.800 0.8999999762
672  12.145  -89.368  -2.152 1.0000000000
674  10.483  -89.662  -2.601 1.0000000000
443  9.187  -90.404  -3.035 1.0000000000
276  11.391  -92.965  -2.144 0.8999999762
283  10.291  -92.186  -3.342 0.8999999762
453  9.348  -90.954  -3.473 0.8999999762
69  7.516  -95.732  -3.798 0.8999999762
82  6.543  -92.906  -7.575 0.4000000060
131907  8.406  -93.121  -9.445 0.3000000119
119933  10.345  -92.493  -9.461 0.2000000030
114084  11.644  -91.473  -9.717 0.2000000030
269  12.667  -92.657  -0.829 1.0000000000
928  10.932  -88.755  -2.176 0.8999999762
50  13.047  -94.245  -1.451 1.0000000000
54  12.505  -94.499  -1.680 0.8999999762
148  12.545  -94.071  -3.493 0.8999999762
59  11.687  -94.878  -2.855 0.8999999762
154  9.891  -92.948  -3.643 0.8999999762
66  10.446  -95.120  -3.964 0.8999999762
156  8.705  -93.890  -3.943 0.8999999762
291  12.184  -93.131  -4.564 0.8999999762
153  12.015  -94.498  -4.075 0.8999999762
11  11.243  -95.386  -4.219 0.8999999762
67  9.224  -94.824  -4.280 0.8999999762
68  8.288  -95.178  -4.065 0.8999999762
163  11.262  -93.370  -6.284 0.8000000119
160  11.412  -94.593  -5.585 0.8999999762
14  10.669  -95.404  -4.929 0.6999999881
132693  10.995  -95.102  -6.268 0.6999999881
15  9.703  -95.320  -5.332 0.6999999881
1  9.400  -95.432  -5.974 0.6999999881
116665  8.666  -95.223  -4.532 0.8999999762
170  11.266  -93.917  -6.971 0.8000000119
137471  11.375  -92.896  -6.941 0.8000000119
2  11.185  -95.879  -6.711 0.8000000119
4  11.036  -96.395  -7.493 0.6999999881
6  9.301  -95.555  -6.795 0.6000000238
18  8.532  -95.356  -6.996 0.5000000000
169  11.762  -93.560  -7.509 0.6999999881
306  11.810  -92.346  -7.165 0.8000000119
78  11.920  -95.012  -7.715 0.6999999881
123655  11.951  -95.939  -8.344 0.6000000238
8  10.856  -96.570  -8.415 0.6999999881
21  9.256  -95.472  -7.877 0.5000000000
25  9.637  -95.654  -9.068 0.5000000000
26  8.638  -94.870  -8.897 0.4000000060
113558  15.762  -94.183  -7.293 0.5000000000
83  12.437  -95.528  -8.979 0.6000000238
131428  9.133  -94.807  -9.407 0.4000000060
84  8.472  -93.938  -9.262 0.3000000119
166  17.859  -93.495  -6.650 0.6000000238
113569  13.030  -95.028  -9.384 0.5000000000
113571  12.633  -94.891  -9.909 0.5000000000
114282  13.924  -94.049  -9.461 0.4000000060
319  18.800  -92.687  -7.990 0.5000000000
113572  14.500  -93.555  -9.502 0.3000000119
492  14.643  -91.466  -10.091 0.2000000030
895  11.589  -88.052  1.129 1.0000000000
1242  15.662  -87.306  -0.945 0.6999999881
260  14.156  -92.448  0.305 0.8999999762
259  15.081  -92.268  0.459 0.8999999762
1643  13.433  -86.613  -1.452 0.8000000119
137  14.304  -93.334  -0.592 0.8999999762
142  13.611  -93.792  -1.841 1.0000000000
281  13.649  -92.198  -3.534 1.0000000000
296  12.026  -91.679  -5.066 0.8999999762
463  11.722  -91.308  -6.008 0.8999999762
474  11.884  -91.255  -6.843 0.8000000119
115950  12.443  -90.382  -7.182 0.8999999762
114431  14.259  -92.777  -7.605 0.6000000238
113563  16.258  -93.005  -6.679 0.6999999881
312  19.130  -92.461  -7.348 0.5000000000
235  8.152  -91.899  5.697 0.8999999762
228  7.724  -91.817  6.565 0.8999999762
237  5.741  -91.603  5.207 0.6999999881
229  6.671  -91.721  6.550 0.8999999762
635  16.679  -90.215  0.958 0.6999999881
274  14.798  -92.486  -2.637 0.8999999762
692  13.320  -89.458  -5.385 0.8000000119
318  21.198  -92.149  -8.612 0.5000000000
226  9.996  -91.347  6.721 1.0000000000
619  6.361  -89.360  2.429 0.3000000119
603  3.801  -90.229  4.003 0.4000000060
1610  12.356  -86.203  2.935 0.8999999762
439  15.950  -91.471  -2.783 0.8000000119
604  2.251  -89.350  4.453 0.4000000060
956  13.740  -88.114  -6.504 0.8000000119
91  23.280  -93.684  -11.625 0.5000000000
36  20.077  -94.169  -13.126 0.5000000000
198  20.322  -93.582  -15.060 0.5000000000
203  23.463  -92.562  -14.391 0.5000000000
205  20.822  -93.144  -15.105 0.5000000000
590  2.212  -88.808  6.472 0.8000000119
431  17.758  -91.501  -1.503 0.8000000119
7118  5.493  -77.111  -13.644 0.5000000000
340  24.356  -92.479  -13.910 0.5000000000
137127  21.554  -90.480  -15.202 0.5000000000
671  16.782  -90.187  -2.750 0.8000000119
1280  15.833  -87.684  -4.828 0.8000000119
1298  17.988  -87.539  -8.109 1.0000000000
130274  19.289  -88.503  -8.477 0.8999999762
714  20.483  -89.032  -8.938 0.8999999762
129954  8.116  -75.441  -10.487 0.6999999881
7085  6.647  -76.064  -12.566 0.6999999881
718  22.017  -89.093  -10.030 0.8999999762
722  22.019  -90.023  -11.576 0.8999999762
123404  21.195  -89.074  -11.940 0.8999999762
732  20.886  -89.459  -13.860 0.8000000119
936  17.048  -88.025  -3.419 0.8000000119
7751  8.063  -74.978  -9.579 0.8000000119
969  21.540  -88.213  -10.153 0.8999999762
6488  11.035  -76.965  -13.007 0.8999999762
995  22.899  -88.535  -16.161 0.6000000238
988  20.567  -88.288  -14.361 0.6999999881
1553  4.896  -86.215  9.994 0.6000000238
114358  16.742  -84.634  -6.168 0.8999999762
1697  20.729  -86.655  -12.045 0.8000000119
1311  20.577  -87.421  -12.693 0.8000000119
2131  22.161  -85.304  -16.559 0.8000000119
1715  21.675  -86.331  -13.945 0.6999999881
2132  21.224  -85.184  -16.729 0.6999999881
10006  9.816  -72.236  -8.895 1.0000000000
119834  10.806  -74.737  -12.393 0.8999999762
2129  24.299  -85.913  -16.584 0.8000000119
1721  25.178  -86.716  -14.629 0.6000000238
1713  24.176  -85.966  -12.760 0.5000000000
5942  9.427  -78.288  -18.035 0.6999999881
129998  4.108  -84.593  10.054 0.5000000000
2128  25.200  -86.324  -16.716 0.8000000119
1337  27.332  -87.890  -16.484 0.6999999881
2139  21.845  -84.903  -19.709 1.0000000000
119791  4.553  -84.774  11.279 0.6999999881
2351  4.031  -84.221  10.603 0.6000000238
2827  1.745  -83.081  10.394 0.2000000030
3359  2.237  -82.499  8.969 0.2000000030
3051  23.887  -82.867  -15.839 0.6999999881
5369  8.556  -79.861  -20.001 0.6000000238
5384  7.325  -78.771  -21.623 0.8999999762
7742  4.258  -74.992  -7.860 0.6999999881
120844  24.817  -84.066  -15.083 0.6999999881
7184  8.736  -77.391  -20.513 0.8999999762
1019  20.541  -88.423  -24.487 0.6999999881
10704  11.897  -70.933  -7.783 0.8999999762
10684  11.772  -71.635  -5.868 0.8999999762
2567  25.567  -84.242  -14.607 0.6000000238
2155  23.462  -85.405  -23.634 0.8000000119
7154  7.448  -75.757  -18.731 0.8999999762
12960  7.285  -67.746  -14.449 0.8000000119
2159  23.577  -85.519  -25.139 0.6999999881
2163  24.004  -85.807  -26.362 0.8999999762
131977  16.387  -87.972  -23.648 0.4000000060
11475  15.501  -70.485  -10.376 0.6999999881
12165  15.891  -69.781  -9.103 0.6000000238
11464  16.053  -69.948  -9.928 0.5000000000
10665  9.927  -71.566  -3.562 1.0000000000
12959  8.283  -67.619  -14.218 0.8000000119
2162  24.185  -84.734  -25.747 0.6999999881
2172  23.169  -85.202  -27.923 0.8000000119
3654  23.527  -82.982  -23.421 0.6000000238
5978  17.293  -78.430  -20.693 0.8999999762
138064  7.569  -71.267  -15.711 0.8000000119
3145  22.538  -83.097  -26.206 0.8000000119
3146  21.735  -83.604  -26.166 0.8000000119
3666  23.182  -82.740  -25.712 0.6999999881
3122  21.591  -83.399  -22.812 0.6999999881
4202  22.055  -82.145  -20.955 0.6999999881
6530  18.816  -77.169  -17.589 0.8000000119
5381  15.843  -80.196  -21.204 0.8999999762
5392  14.734  -79.518  -22.044 0.8999999762
3657  10.599  -83.288  -23.426 0.8999999762
4790  12.212  -80.758  -22.276 0.8999999762
4219  10.005  -82.315  -23.605 0.8999999762
138255  10.810  -80.645  -23.043 1.0000000000
5955  17.617  -78.422  -18.650 0.8999999762
4751  15.631  -80.292  -20.164 0.8000000119
3136  9.177  -84.419  -23.069 0.6999999881
4794  8.112  -80.562  -22.757 1.0000000000
2168  21.095  -85.708  -27.476 0.8999999762
5330  20.750  -79.251  -16.468 0.8000000119
5921  19.894  -78.630  -15.710 0.8000000119
123298  16.969  -79.573  -18.060 0.8999999762
117082  14.677  -80.639  -20.188 0.8999999762
5357  16.325  -80.016  -18.314 0.8999999762
4186  12.641  -81.349  -21.238 0.8999999762
4754  13.632  -80.799  -20.196 0.8999999762
2611  18.161  -83.846  -19.373 0.6000000238
2324  3.979  -84.871  13.688 0.8999999762
12908  16.824  -68.358  -8.763 0.4000000060
124587  17.577  -68.463  -11.152 0.4000000060
12910  14.933  -68.292  -8.099 0.6000000238
116666  14.053  -68.184  -6.938 0.8999999762
12889  12.190  -68.541  -5.424 0.8999999762
12178  16.949  -68.904  -11.473 0.4000000060
117614  7.221  -72.577  -3.352 1.0000000000
12249  8.518  -69.644  -16.663 0.5000000000
4182  22.671  -81.938  -20.174 0.6999999881
5354  22.758  -79.790  -17.456 0.6000000238
5999  12.181  -79.111  -22.075 0.8000000119
5393  13.208  -79.235  -21.982 0.8000000119
10809  8.247  -71.398  -16.057 0.6999999881
5396  12.731  -80.035  -22.146 0.8999999762
5397  11.776  -79.864  -22.407 1.0000000000
5398  10.703  -79.542  -22.829 1.0000000000
4793  8.824  -79.806  -23.078 1.0000000000
4184  20.831  -82.105  -20.015 0.8000000119
120391  21.675  -82.935  -25.374 0.8000000119
4715  20.877  -80.315  -16.829 0.6999999881
4169  20.479  -81.641  -19.277 0.8000000119
4688  19.769  -80.141  -15.713 0.8999999762
7847  7.681  -74.578  -19.356 0.8000000119
3339  2.385  -82.721  10.873 0.2000000030
16397  21.005  -64.263  -10.271 0.2000000030
12932  16.984  -67.898  -12.823 0.4000000060
12127  9.385  -69.925  -3.335 1.0000000000
13736  9.211  -66.440  -16.462 0.6000000238
115784  23.337  -80.432  -18.003 0.6000000238
4149  22.010  -81.302  -18.518 0.6999999881
134673  19.142  -83.697  -23.327 0.8000000119
4151  20.288  -81.464  -18.384 0.8999999762
4139  19.870  -81.776  -17.606 0.8000000119
7825  9.864  -74.395  -17.546 0.8000000119
124700  4.382  -82.684  14.865 0.8000000119
3350  2.862  -82.294  10.655 0.2000000030
3358  3.122  -82.392  9.837 0.2000000030
14565  16.256  -66.818  -8.476 0.3000000119
133833  13.447  -66.342  -7.884 0.6000000238
135618  12.280  -66.643  -6.683 0.8999999762
12880  8.601  -68.538  -4.450 0.8999999762
116716  4.770  -72.173  -2.588 0.8999999762
130628  3.095  -83.168  16.853 0.8999999762
3854  4.945  -81.180  14.292 0.8000000119
137146  18.440  -64.904  -8.746 0.2000000030
12129  7.384  -69.658  -3.366 1.0000000000
12120  6.778  -70.022  -2.818 1.0000000000
11389  5.157  -70.378  -2.069 1.0000000000
14643  16.835  -66.934  -16.725 0.4000000060
12111  4.825  -69.761  -1.685 0.8999999762
3292  3.877  -81.699  16.151 0.8000000119
13651  8.215  -67.954  -5.030 0.8999999762
12861  4.977  -68.885  -1.613 1.0000000000
3822  3.410  -81.808  17.802 0.8999999762
3836  3.794  -80.722  16.565 0.8000000119
3821  3.683  -80.906  17.479 0.8000000119
15478  13.437  -65.449  -9.422 0.4000000060
15449  9.008  -65.679  -7.886 0.6999999881
134562  5.250  -68.431  -1.950 1.0000000000
12867  5.399  -68.823  -2.471 1.0000000000
14549  8.411  -66.398  -6.449 0.8999999762
13664  6.705  -67.571  -5.438 0.8999999762
5007  4.864  -78.888  16.536 0.8999999762
15465  10.350  -65.534  -8.944 0.6999999881
14551  5.855  -66.451  -6.467 0.8999999762
6276  6.136  -77.225  11.811 0.4000000060
15480  10.911  -65.428  -9.649 0.6000000238
15482  8.801  -65.481  -9.442 0.6999999881
15451  6.889  -65.995  -7.881 0.8999999762
15498  9.902  -65.281  -10.704 0.4000000060
15512  7.855  -65.114  -11.524 0.4000000060
15500  7.222  -65.305  -10.515 0.6000000238
15484  6.433  -65.439  -9.700 0.6999999881
16411  5.560  -64.206  -12.495 0.5000000000
15502  5.035  -65.011  -11.341 0.6999999881
15469  6.149  -65.605  -8.630 0.8999999762
15452  5.842  -65.746  -7.766 0.8999999762
14561  5.424  -65.892  -6.997 0.8999999762
16370  4.242  -64.304  -7.523 0.6999999881
115998  4.921  -65.263  -4.103 0.8999999762
14508  5.461  -66.335  -1.667 0.8999999762
16359  4.046  -64.571  -6.453 0.8999999762
14484  3.506  -65.660  0.184 1.0000000000
14496  4.653  -66.820  -0.445 1.0000000000
17300  4.263  -63.974  -6.348 0.8999999762
132493  5.616  -63.943  -1.851 0.8999999762
12113  2.736  -70.019  -0.998 0.5000000000
11392  2.626  -70.749  -1.038 0.3000000119
16344  5.437  -64.309  -3.888 0.8999999762
132407  2.844  -64.979  0.043 0.8999999762
12105  2.609  -69.513  -0.386 0.3000000119
18113  5.502  -62.591  -2.246 0.8999999762
8993  1.394  -73.666  14.591 0.8999999762
9009  2.219  -73.460  13.784 0.8999999762
10471  1.517  -71.387  13.516 0.8000000119
19821  4.195  -60.168  -2.079 1.0000000000
11907  2.553  -69.696  14.420 0.8999999762
11199  1.373  -70.495  12.734 0.6000000238
21505  0.286  -57.571  -0.070 0.8000000119
21488  0.475  -56.904  0.284 0.6999999881
20648  -0.270  -59.076  0.888 0.6000000238
18911  0.019  -60.811  1.711 0.5000000000
21473  0.435  -57.561  1.030 0.6000000238
21530  4.014  -57.970  -2.425 1.0000000000
21531  2.644  -56.945  -1.532 1.0000000000
16121  1.490  -63.876  12.201 0.8000000119
21472  1.141  -57.122  0.601 0.6999999881
16134  0.890  -63.862  11.341 0.6000000238
21485  3.538  -57.751  0.416 0.4000000060
21470  3.313  -57.906  0.931 0.4000000060
22385  2.687  -56.255  -1.198 0.6000000238
17067  2.733  -63.077  10.756 0.8000000119
18006  7.701  -62.250  3.626 0.4000000060
19731  9.372  -60.225  3.397 0.6000000238
18860  9.770  -60.536  5.089 0.8000000119
17180  12.534  -61.785  1.089 0.8000000119
17156  12.225  -62.335  2.393 0.8999999762
16222  13.511  -63.860  4.275 0.8000000119
17154  13.755  -62.705  2.343 0.8999999762
18870  15.020  -61.747  4.340 0.8999999762
17142  14.362  -63.287  4.323 0.8000000119
126541  14.907  -62.374  4.373 0.8000000119
24249  6.443  -55.341  -6.224 1.0000000000
17141  15.056  -63.036  4.775 0.6999999881
129172  15.429  -61.339  5.141 0.3000000119
121189  14.943  -60.443  4.909 0.6999999881
22298  14.093  -57.440  6.215 0.3000000119
20595  14.791  -58.994  6.029 0.3000000119
125314  14.883  -59.669  4.803 0.6000000238
23210  13.556  -56.553  7.056 0.2000000030
23222  13.825  -56.256  4.876 0.4000000060
27641  11.282  -51.953  5.534 0.1000000015
23235  15.809  -56.815  2.184 0.6999999881
23236  14.753  -56.379  2.759 0.6000000238
124383  15.649  -56.214  1.825 0.6999999881
26918  8.632  -52.094  -8.110 0.8000000119
22372  17.620  -57.744  0.308 1.0000000000
128612  16.241  -56.585  1.631 0.8999999762
132946  14.600  -55.334  2.141 0.5000000000
24153  15.157  -55.154  1.697 0.6000000238
23258  17.725  -56.850  -0.016 1.0000000000
25073  10.704  -54.369  2.521 0.1000000015
128616  11.986  -51.169  -10.472 0.6999999881
121587  12.657  -51.119  -10.575 0.6999999881
127923  14.464  -48.804  -10.298 0.5000000000
23303  16.470  -56.428  -3.372 0.6999999881
30283  10.105  -47.663  -8.168 0.6999999881
30293  15.886  -47.975  -9.619 0.4000000060
24207  16.178  -55.685  -3.294 0.6999999881
122477  15.679  -54.688  -7.413 0.6000000238
119546  11.635  -49.389  -8.092 0.5000000000
29435  11.676  -48.597  -10.020 0.6000000238
31305  12.139  -46.627  -9.538 0.5000000000
137222  12.798  -47.825  -10.290 0.5000000000
30312  14.364  -47.898  -10.351 0.4000000060
130052  16.629  -54.079  -4.194 0.5000000000
26039  16.464  -53.342  -7.347 0.4000000060
26902  14.444  -52.238  -7.879 0.5000000000
28538  14.274  -50.301  -7.988 0.5000000000
32291  12.417  -44.361  -8.647 0.4000000060
31304  14.068  -46.724  -10.114 0.3000000119
129613  18.707  -46.854  -8.310 0.2000000030
31270  14.081  -46.254  -8.463 0.5000000000
33374  13.095  -44.056  -9.165 0.3000000119
30267  14.819  -47.468  -8.043 0.4000000060
33340  14.229  -44.494  -8.739 0.3000000119
33360  13.570  -44.097  -9.123 0.3000000119
117542  15.498  -44.275  -9.294 0.3000000119
33358  16.325  -44.810  -9.252 0.2000000030
30206  13.856  -47.955  -1.761 0.1000000015
30213  13.813  -48.856  -3.032 0.2000000030
31260  16.450  -47.130  -7.363 0.3000000119
33337  15.947  -43.826  -9.049 0.3000000119
33349  16.679  -44.420  -8.981 0.3000000119
30223  14.202  -48.544  -3.328 0.2000000030
31259  17.209  -47.264  -6.611 0.3000000119
2365  1.947  -83.698  10.117 0.2000000030
2655  25.167  -83.358  -26.618 0.5000000000
12122  5.547  -69.617  -2.432 1.0000000000
4734  14.566  -80.556  -18.177 0.8000000119
4733  15.492  -80.422  -18.187 0.6999999881
4690  18.042  -80.172  -15.423 0.5000000000
3575  18.711  -82.222  -16.441 0.3000000119
4128  18.912  -81.588  -16.023 0.5000000000
3052  17.429  -82.798  -16.029 0.1000000015
3071  18.049  -83.320  -17.039 0.4000000060
4752  15.068  -80.376  -19.183 0.8000000119
4774  12.642  -81.037  -20.627 0.8000000119
4775  11.498  -80.908  -20.071 0.4000000060
3622  10.114  -82.431  -20.843 0.2000000030
3621  11.113  -82.329  -21.375 0.4000000060
114000  13.571  -84.721  -19.506 0.2000000030
137132  16.079  -84.429  -18.439 0.1000000015
2612  17.035  -84.509  -19.078 0.5000000000
2146  14.418  -85.006  -21.049 0.3000000119
2613  15.343  -84.380  -19.285 0.3000000119
2150  17.011  -85.740  -21.941 0.4000000060
117171  16.414  -85.495  -20.894 0.5000000000
2622  14.600  -84.459  -20.853 0.4000000060
125266  16.540  -84.908  -20.219 0.5000000000
1686  18.718  -86.419  -8.366 0.8000000119
4187  11.915  -81.660  -21.064 0.6999999881
3635  10.359  -83.262  -21.752 0.4000000060
3623  9.031  -83.147  -20.853 0.2000000030
4189  9.306  -82.155  -20.292 0.3000000119
118713  8.139  -82.333  -20.382 0.3000000119
4172  8.383  -82.361  -20.162 0.3000000119
3609  8.021  -82.610  -19.872 0.2000000030
2605  15.161  -84.430  -17.897 0.1000000015
134256  17.519  -85.235  -21.214 0.6000000238
1261  18.662  -87.297  -2.244 0.6999999881
923  18.190  -88.145  -2.168 0.6999999881
924  17.458  -88.260  -2.752 0.6999999881
1652  19.093  -86.448  -2.343 0.6000000238
1262  17.829  -87.367  -2.605 0.6999999881
1653  18.172  -86.499  -2.540 0.6999999881
129785  18.269  -86.096  -7.580 0.8000000119
1296  19.444  -86.767  -8.763 0.8000000119
136225  19.131  -86.197  -8.639 0.8000000119
3646  11.334  -83.209  -22.840 0.6999999881
3114  10.876  -83.841  -22.839 0.6000000238
3634  11.328  -82.903  -22.277 0.6999999881
3636  9.330  -83.948  -21.660 0.6000000238
128723  7.318  -82.310  -20.579 0.4000000060
128365  7.341  -81.774  -20.140 0.2000000030
4173  7.020  -82.018  -19.896 0.2000000030
3611  6.305  -83.209  -19.447 0.2000000030
3594  5.986  -83.471  -18.623 0.1000000015
1249  19.064  -88.143  -1.844 0.6999999881
1661  20.819  -85.942  -2.760 0.5000000000
1651  20.107  -86.438  -2.382 0.6000000238
1260  19.585  -87.331  -2.096 0.6999999881
1662  17.376  -86.655  -3.167 0.6999999881
2037  19.424  -85.607  -2.505 0.6000000238
2038  18.531  -85.669  -2.554 0.6999999881
2039  17.732  -85.746  -2.867 0.6000000238
2049  17.097  -85.729  -3.577 0.8000000119
2047  21.306  -85.590  -3.447 0.4000000060
2048  20.634  -84.971  -3.021 0.4000000060
2471  19.728  -84.801  -2.661 0.6000000238
2472  18.849  -84.856  -2.633 0.6000000238
114059  17.824  -85.852  -6.839 0.8000000119
2072  18.769  -85.623  -8.354 0.6999999881
1295  19.978  -87.351  -9.010 0.8000000119
1687  19.531  -86.024  -8.994 0.6999999881
2074  19.367  -85.204  -9.151 0.6999999881
1300  20.551  -87.552  -9.446 0.8000000119
2073  19.967  -85.685  -9.663 0.6999999881
2972  18.773  -83.818  -8.820 0.5000000000
2511  19.274  -84.303  -9.373 0.5000000000
113974  7.719  -85.233  -22.686 0.6000000238
3648  6.782  -84.498  -22.638 0.5000000000
3624  7.673  -83.202  -20.939 0.3000000119
3610  7.014  -83.400  -19.734 0.2000000030
4190  6.908  -81.785  -20.607 0.4000000060
3625  7.009  -82.863  -21.168 0.5000000000
3595  5.503  -83.941  -17.633 0.1000000015
4776  7.002  -80.957  -20.404 0.3000000119
4156  6.882  -82.049  -19.277 0.1000000015
4739  7.675  -81.205  -19.487 0.3000000119
4758  7.738  -81.046  -20.125 0.3000000119
910  18.501  -88.975  -1.687 0.6999999881
1650  21.020  -86.894  -2.566 0.4000000060
909  19.367  -89.058  -1.541 0.6999999881
1270  22.272  -87.105  -3.736 0.4000000060
1660  21.548  -86.460  -3.175 0.4000000060
1259  20.472  -87.552  -2.143 0.5000000000
1248  19.955  -88.289  -1.751 0.6999999881
123533  17.262  -84.163  -4.237 0.6000000238
2056  17.007  -84.940  -3.913 0.6000000238
2491  16.675  -84.762  -4.838 0.6999999881
1677  23.792  -86.845  -5.678 0.3000000119
1668  22.442  -86.522  -4.474 0.3000000119
1669  21.847  -86.133  -4.023 0.4000000060
2482  20.067  -84.092  -2.996 0.6000000238
2483  19.155  -84.043  -2.786 0.5000000000
2939  17.823  -83.876  -3.506 0.6000000238
136965  16.932  -84.176  -4.960 0.6000000238
113596  16.769  -84.146  -5.613 0.6999999881
113625  17.154  -84.393  -6.572 0.6999999881
113598  17.270  -83.511  -6.828 0.5000000000
2055  21.613  -85.303  -4.310 0.4000000060
2481  21.202  -84.869  -3.714 0.3000000119
2937  19.505  -83.394  -3.315 0.4000000060
3460  18.865  -82.315  -4.577 0.4000000060
2946  17.758  -83.366  -4.057 0.5000000000
114170  16.852  -83.119  -5.937 0.4000000060
113990  16.817  -83.699  -6.295 0.5000000000
113591  17.725  -85.090  -6.739 0.6999999881
2506  18.112  -84.475  -7.052 0.5000000000
1667  22.892  -86.300  -5.176 0.3000000119
2054  22.194  -85.770  -4.739 0.4000000060
2063  21.865  -85.013  -5.089 0.3000000119
130797  21.008  -83.709  -4.046 0.4000000060
2944  20.700  -83.091  -4.251 0.3000000119
3454  19.935  -82.838  -3.835 0.4000000060
2966  18.134  -83.480  -7.402 0.5000000000
2062  22.652  -85.416  -5.391 0.3000000119
2943  21.272  -83.600  -4.806 0.3000000119
119434  18.538  -84.130  -7.903 0.6000000238
2507  18.807  -84.680  -8.608 0.6000000238
132821  18.852  -83.103  -8.895 0.4000000060
1301  20.171  -86.640  -9.443 0.8000000119
2982  19.264  -83.373  -9.476 0.6000000238
2079  20.230  -85.228  -10.389 0.6999999881
2510  19.822  -84.817  -9.865 0.6000000238
2088  20.443  -85.554  -11.067 0.6999999881
2529  20.423  -84.659  -11.203 0.6000000238
2517  20.158  -84.519  -10.456 0.5000000000
2518  19.899  -83.842  -10.124 0.6000000238
3647  8.229  -83.332  -23.194 0.8000000119
3626  6.690  -82.814  -21.446 0.6000000238
3584  6.553  -82.947  -17.556 0.1000000015
4143  6.949  -82.173  -18.254 0.1000000015
252  18.153  -91.710  0.104 0.6999999881
658  19.588  -90.041  -1.410 0.6999999881
1258  21.734  -87.274  -2.952 0.4000000060
126130  21.373  -87.857  -2.448 0.5000000000
137844  20.730  -89.215  -1.637 0.6999999881
4012  18.686  -81.765  -5.219 0.4000000060
116475  17.287  -81.696  -5.829 0.4000000060
113597  16.944  -82.158  -6.172 0.4000000060
2489  21.350  -84.451  -4.494 0.3000000119
4010  19.932  -82.007  -4.853 0.3000000119
4011  19.344  -81.884  -5.025 0.3000000119
113611  17.323  -80.396  -6.455 0.4000000060
114112  16.877  -82.629  -6.498 0.5000000000
113991  17.450  -82.633  -7.114 0.5000000000
3458  20.316  -82.461  -4.543 0.3000000119
3482  18.365  -82.594  -7.628 0.4000000060
2973  18.622  -83.287  -8.135 0.4000000060
3485  18.879  -82.483  -8.369 0.4000000060
4044  19.361  -81.634  -8.659 0.4000000060
3492  19.245  -82.489  -9.248 0.4000000060
4067  20.065  -81.839  -10.399 0.4000000060
3506  19.811  -82.663  -10.139 0.4000000060
3008  20.487  -83.724  -11.595 0.6000000238
3521  20.515  -82.739  -11.802 0.5000000000
2993  20.223  -83.183  -10.944 0.4000000060
6573  17.675  -76.909  -21.763 0.6999999881
4220  8.868  -82.301  -23.372 0.8000000119
123019  7.176  -83.455  -22.801 0.6999999881
4204  6.866  -81.405  -21.890 0.8000000119
120620  6.563  -82.082  -15.097 0.1000000015
127665  7.566  -80.253  -20.414 0.4000000060
126013  7.055  -81.711  -15.771 0.1000000015
132123  8.413  -80.423  -19.517 0.5000000000
5360  8.581  -80.323  -18.760 0.4000000060
4721  7.604  -81.299  -17.383 0.1000000015
4131  7.364  -81.973  -17.035 0.1000000015
4142  7.729  -81.033  -18.291 0.2000000030
253  17.330  -91.532  0.769 0.6999999881
413  18.097  -91.359  1.262 0.6999999881
420  18.969  -91.307  -0.175 0.6999999881
4022  19.877  -81.377  -5.234 0.4000000060
4023  18.999  -80.972  -5.438 0.4000000060
4024  17.940  -81.092  -5.608 0.4000000060
129728  17.034  -81.818  -6.981 0.4000000060
114278  17.889  -81.809  -7.270 0.4000000060
3467  21.149  -82.629  -5.006 0.2000000030
3468  20.551  -81.853  -5.081 0.2000000030
4597  19.068  -80.113  -5.773 0.4000000060
4598  18.276  -80.115  -5.784 0.4000000060
5223  17.380  -80.011  -6.753 0.4000000060
4045  18.771  -81.785  -7.770 0.4000000060
118541  20.580  -81.023  -5.457 0.3000000119
120632  19.795  -80.531  -5.610 0.4000000060
5220  19.275  -79.656  -6.591 0.4000000060
5221  18.285  -79.609  -6.623 0.4000000060
4619  18.592  -80.176  -7.273 0.4000000060
4633  19.906  -80.846  -9.136 0.4000000060
4051  20.273  -81.183  -10.034 0.4000000060
4052  19.697  -81.753  -9.664 0.4000000060
3505  20.260  -82.209  -11.083 0.4000000060
4648  20.764  -80.719  -10.571 0.4000000060
3007  21.040  -83.434  -12.317 0.5000000000
3520  21.195  -82.480  -12.355 0.4000000060
4066  20.372  -81.366  -11.010 0.4000000060
3536  21.979  -82.357  -12.560 0.4000000060
7200  17.376  -76.516  -21.989 0.8000000119
7177  18.321  -76.513  -21.671 0.8000000119
138438  17.813  -76.021  -22.252 0.6999999881
4795  7.305  -80.440  -22.001 0.8000000119
4710  7.416  -80.848  -16.312 0.1000000015
5359  9.231  -79.709  -19.267 0.5000000000
120987  7.991  -80.458  -17.038 0.2000000030
5344  8.482  -79.933  -17.668 0.4000000060
591  9.679  -90.431  6.822 0.8999999762
216  8.350  -91.084  8.267 0.8999999762
221  8.910  -91.081  7.782 0.8999999762
372  8.069  -90.386  9.052 0.8999999762
373  6.746  -91.084  9.336 0.8999999762
117401  21.042  -79.515  -7.265 0.4000000060
5235  20.144  -79.660  -7.459 0.4000000060
4618  19.437  -80.213  -7.586 0.4000000060
5250  20.275  -79.592  -8.265 0.4000000060
135950  19.623  -80.982  -8.457 0.4000000060
4624  20.212  -79.925  -8.908 0.4000000060
4631  21.238  -80.250  -10.151 0.4000000060
4081  20.669  -81.659  -11.833 0.4000000060
4080  21.320  -80.966  -11.736 0.4000000060
4659  21.920  -80.500  -11.571 0.4000000060
4647  21.363  -80.279  -11.152 0.4000000060
7202  15.702  -76.856  -21.769 0.8000000119
8613  18.030  -75.251  -22.063 0.6000000238
7883  17.486  -75.795  -21.877 0.6000000238
7201  16.607  -77.008  -22.048 0.8000000119
126437  10.805  -77.548  -22.487 0.8999999762
124751  10.230  -78.098  -22.889 0.8999999762
6587  11.554  -76.849  -21.489 0.8999999762
5394  7.312  -79.268  -21.655 0.8000000119
4684  6.987  -81.003  -14.615 0.1000000015
126982  6.645  -81.523  -15.032 0.1000000015
4697  7.021  -80.848  -15.342 0.1000000015
4709  7.849  -79.985  -16.266 0.2000000030
127702  7.397  -89.799  11.931 0.8999999762
357  6.986  -90.374  11.887 0.8999999762
596  9.836  -89.985  5.855 0.8999999762
852  8.906  -89.045  5.108 0.8999999762
853  8.580  -89.468  6.167 0.8999999762
358  6.392  -90.527  12.266 0.8999999762
587  9.267  -90.646  7.443 0.8999999762
220  9.494  -91.044  7.326 0.8999999762
377  8.705  -90.562  7.912 0.8999999762
365  8.285  -89.807  9.657 0.8999999762
371  8.365  -90.359  8.517 0.8999999762
367  7.342  -90.629  10.215 0.8999999762
378  5.047  -91.278  8.124 0.8999999762
5279  21.887  -79.707  -10.218 0.4000000060
5278  22.823  -79.358  -10.584 0.4000000060
5277  23.729  -79.231  -10.701 0.3000000119
7855  17.399  -74.763  -21.087 0.6000000238
8612  18.622  -74.727  -22.206 0.5000000000
7885  16.039  -76.219  -21.531 0.6000000238
7882  18.652  -75.522  -22.510 0.6999999881
123478  13.762  -76.622  -21.223 0.6999999881
7204  12.534  -76.839  -21.172 0.8000000119
116600  11.550  -76.280  -21.012 0.6999999881
6596  10.759  -76.564  -22.219 0.8000000119
7216  10.037  -75.596  -22.264 0.8000000119
6597  9.934  -76.732  -22.728 0.8000000119
6598  8.646  -76.574  -22.704 0.8999999762
7218  8.443  -75.991  -22.217 0.8999999762
4098  8.677  -81.285  -12.303 0.1000000015
4683  7.761  -80.251  -14.584 0.1000000015
5335  8.398  -79.564  -16.674 0.3000000119
5334  9.129  -78.988  -17.201 0.4000000060
1544  8.683  -87.540  11.132 0.8000000119
1930  8.130  -85.393  10.824 0.8000000119
1552  8.464  -86.359  11.024 0.8000000119
828  8.267  -89.331  11.642 0.8000000119
564  8.212  -89.743  11.398 0.8999999762
819  7.492  -89.184  12.168 0.8000000119
1196  8.393  -88.024  4.570 0.8999999762
364  5.316  -90.587  11.696 0.8999999762
1185  8.058  -88.434  5.615 0.8999999762
592  8.646  -89.861  7.262 0.8999999762
1585  8.113  -87.276  5.328 0.8000000119
1178  7.957  -87.731  6.335 0.8000000119
588  8.527  -90.056  8.225 0.8999999762
573  4.056  -90.325  11.827 0.8999999762
583  8.473  -89.723  9.037 0.8999999762
574  2.565  -90.266  11.093 0.8999999762
366  7.971  -90.083  10.052 0.8999999762
578  3.941  -90.441  10.874 0.8999999762
579  2.401  -90.223  9.872 0.8999999762
580  0.878  -89.270  9.447 0.8000000119
586  0.541  -88.255  9.119 0.8000000119
370  3.245  -90.257  8.874 0.6999999881
1187  2.412  -87.733  5.275 0.4000000060
1182  2.310  -88.296  5.664 0.5000000000
1181  2.796  -87.882  5.961 0.5000000000
9420  18.830  -73.893  -21.424 0.5000000000
7884  16.705  -76.017  -21.648 0.6000000238
7857  15.966  -75.378  -21.044 0.6000000238
114753  15.209  -75.845  -21.167 0.6000000238
7178  14.392  -75.997  -21.092 0.6000000238
7180  12.705  -76.174  -20.739 0.6000000238
7179  13.720  -75.912  -20.709 0.5000000000
7217  9.320  -75.948  -22.435 0.8000000119
117293  9.550  -75.478  -21.659 0.6999999881
7207  8.697  -75.806  -21.873 0.8000000119
4085  8.616  -81.442  -11.835 0.1000000015
4677  7.829  -80.628  -13.604 0.1000000015
4660  9.045  -80.772  -11.597 0.1000000015
4696  7.684  -80.051  -15.521 0.3000000119
5934  8.873  -78.870  -16.193 0.3000000119
137641  7.887  -88.000  7.246 0.8000000119
1174  7.916  -88.591  7.922 0.8999999762
847  8.430  -89.300  8.775 0.8999999762
361  7.900  -90.218  10.920 0.8999999762
134737  6.063  -90.812  10.706 0.8999999762
369  3.958  -90.578  10.016 0.8999999762
8597  18.125  -74.220  -20.957 0.5000000000
7856  16.712  -75.111  -21.066 0.5000000000
7840  16.415  -75.144  -18.938 0.4000000060
8598  16.134  -74.697  -20.338 0.5000000000
7841  15.813  -74.842  -19.774 0.4000000060
114535  15.343  -75.064  -20.393 0.6000000238
127778  14.991  -75.259  -19.712 0.4000000060
7842  14.133  -75.619  -19.470 0.4000000060
136174  13.721  -75.655  -20.175 0.6000000238
7860  11.695  -75.830  -20.410 0.6000000238
7843  13.176  -75.698  -19.606 0.6000000238
7844  12.087  -75.700  -19.618 0.6000000238
7181  10.629  -76.010  -21.050 0.6999999881
7835  13.455  -75.880  -18.744 0.6000000238
7845  11.063  -75.527  -19.557 0.6999999881
7846  10.393  -75.529  -19.751 0.6999999881
134657  11.025  -75.167  -18.660 0.6999999881
8580  9.105  -74.214  -19.318 0.6999999881
5308  8.839  -79.916  -12.860 0.1000000015
4670  8.896  -80.752  -12.479 0.1000000015
120405  9.316  -80.146  -11.541 0.1000000015
8551  9.177  -73.954  -18.156 0.6999999881
5314  8.591  -79.451  -14.688 0.2000000030
116902  8.726  -79.799  -13.768 0.1000000015
5324  9.010  -78.867  -15.320 0.4000000060
5325  8.297  -79.379  -15.781 0.3000000119
1139  8.007  -88.226  11.686 0.8000000119
121962  9.147  -85.139  10.035 0.8000000119
2348  9.521  -84.330  9.791 0.6999999881
575  1.424  -89.852  10.443 0.8999999762
843  8.737  -89.478  9.743 0.8999999762
368  6.367  -90.925  10.055 0.8999999762
132218  18.050  -73.655  -19.835 0.5000000000
115628  17.537  -74.010  -19.299 0.4000000060
120321  16.782  -74.419  -20.379 0.4000000060
116190  18.052  -74.547  -18.170 0.3000000119
8579  16.678  -74.335  -19.662 0.4000000060
127625  16.134  -75.514  -18.024 0.4000000060
7822  15.924  -75.978  -17.148 0.4000000060
114598  14.866  -75.803  -18.785 0.4000000060
130316  14.180  -75.903  -18.543 0.6000000238
7153  13.743  -76.144  -17.887 0.6000000238
7142  13.140  -76.491  -17.250 0.6000000238
7823  12.840  -75.995  -17.952 0.6000000238
7824  11.693  -75.522  -17.899 0.6999999881
5309  8.511  -79.176  -12.770 0.1000000015
5286  8.972  -79.645  -11.979 0.1000000015
5885  8.489  -79.482  -11.102 0.1000000015
7143  12.169  -76.303  -17.226 0.6000000238
128976  10.671  -74.702  -17.789 0.6999999881
5916  9.268  -79.282  -13.844 0.3000000119
5909  9.148  -79.216  -13.213 0.1000000015
7135  11.641  -76.475  -16.480 0.6000000238
7144  10.892  -75.521  -17.156 0.6000000238
5907  10.207  -78.329  -13.624 0.5000000000
1551  9.046  -86.818  10.490 0.8000000119
560  6.710  -90.125  12.523 0.8999999762
136993  6.337  -90.172  13.026 0.8999999762
359  5.370  -90.490  12.497 0.8999999762
2363  9.941  -85.314  9.696 0.6000000238
1940  9.567  -86.146  9.953 0.6999999881
1138  8.831  -88.786  11.226 0.8000000119
569  2.673  -90.175  12.112 0.8999999762
363  6.354  -90.676  11.567 0.8999999762
362  7.082  -90.641  11.154 0.8999999762
117748  5.163  -90.688  10.782 0.8999999762
577  8.891  -89.539  10.593 0.8999999762
7832  16.746  -75.141  -18.114 0.4000000060
117174  17.242  -75.356  -16.695 0.4000000060
7821  16.658  -75.497  -17.310 0.4000000060
121907  15.372  -75.887  -17.911 0.4000000060
7814  15.675  -75.920  -16.386 0.4000000060
7131  15.039  -76.355  -17.005 0.5000000000
7132  14.300  -76.433  -16.535 0.6000000238
7133  13.532  -76.540  -16.562 0.6000000238
118101  8.377  -78.592  -12.885 0.3000000119
5299  8.864  -79.541  -12.551 0.1000000015
7126  13.021  -76.291  -16.184 0.6000000238
7807  13.406  -75.534  -15.716 0.6000000238
8530  11.911  -74.566  -16.233 0.6000000238
7808  12.352  -75.858  -15.951 0.6000000238
115396  11.774  -75.182  -16.085 0.6000000238
820  6.832  -89.612  12.644 0.8000000119
568  4.105  -90.328  12.757 0.8999999762
827  8.794  -89.518  11.227 0.8000000119
356  7.522  -90.173  11.452 0.8999999762
835  9.006  -89.300  10.843 0.8000000119
1173  8.516  -87.753  7.995 0.8000000119
129088  8.814  -88.921  9.501 0.8000000119
572  8.166  -89.943  11.226 0.8999999762
7794  17.589  -75.194  -14.836 0.3000000119
7813  16.484  -75.636  -16.440 0.4000000060
7795  16.832  -75.349  -14.927 0.3000000119
7805  15.388  -75.539  -15.657 0.3000000119
7815  14.817  -76.112  -16.178 0.5000000000
8513  14.248  -74.865  -15.071 0.5000000000
6507  6.292  -77.651  -13.340 0.3000000119
5910  7.033  -78.500  -13.114 0.2000000030
5287  7.488  -79.219  -12.467 0.1000000015
5886  7.528  -79.292  -11.735 0.1000000015
5881  6.727  -78.544  -11.101 0.1000000015
8515  12.522  -74.939  -16.003 0.6000000238
7125  13.935  -76.279  -15.982 0.6000000238
5898  5.988  -78.609  -13.073 0.1000000015
5888  5.055  -78.383  -13.196 0.1000000015
5887  6.336  -78.866  -12.424 0.1000000015
6477  3.921  -77.769  -13.923 0.1000000015
556  5.658  -90.120  13.575 0.8999999762
121356  1.535  -89.592  12.411 0.8999999762
1565  10.125  -86.734  8.430 0.6999999881
1157  8.979  -88.216  9.587 0.8000000119
1148  9.061  -88.060  10.366 0.8000000119
1165  9.406  -87.464  8.776 0.8000000119
8496  17.280  -74.881  -14.411 0.4000000060
8497  16.481  -74.866  -14.470 0.4000000060
8498  15.688  -74.719  -14.548 0.4000000060
7797  15.116  -75.077  -15.039 0.4000000060
132278  14.200  -73.191  -16.023 0.5000000000
8500  14.262  -74.163  -14.785 0.5000000000
9359  13.339  -73.272  -16.409 0.6000000238
8514  13.552  -74.399  -15.467 0.6000000238
5882  5.566  -78.159  -11.394 0.1000000015
10093  12.462  -73.208  -16.409 0.6000000238
6492  4.282  -77.338  -14.138 0.2000000030
6471  4.178  -77.455  -11.748 0.1000000015
10095  10.548  -72.746  -16.462 0.6000000238
10094  11.500  -73.009  -16.369 0.6000000238
7103  3.860  -76.707  -13.103 0.3000000119
9339  10.598  -73.873  -16.234 0.6000000238
562  2.717  -89.935  13.058 0.8999999762
9302  15.688  -73.641  -14.040 0.4000000060
10070  14.730  -73.282  -15.076 0.5000000000
123989  12.226  -72.461  -16.604 0.5000000000
6478  3.348  -76.610  -12.527 0.1000000015
7088  2.787  -75.927  -12.662 0.2000000030
554  3.665  -89.886  14.600 0.8999999762
800  4.051  -89.597  15.277 0.8000000119
127379  4.190  -90.212  13.758 0.8999999762
801  2.225  -89.211  14.896 0.8999999762
802  1.369  -88.192  15.166 0.8999999762
121282  13.005  -72.547  -16.781 0.6000000238
6479  1.971  -76.037  -11.852 0.1000000015
6472  2.828  -76.654  -11.406 0.1000000015
10807  10.367  -71.815  -16.784 0.5000000000
1116  4.672  -89.229  15.910 0.8000000119
1115  5.182  -88.841  15.359 0.8000000119
1106  4.235  -89.032  16.697 0.8000000119
799  5.087  -89.358  15.049 0.8000000119
790  3.045  -89.113  15.927 0.8000000119
6473  1.740  -76.329  -11.028 0.1000000015
7073  3.720  -74.752  -11.300 0.4000000060
7770  2.117  -75.314  -12.397 0.3000000119
1516  5.483  -87.116  15.268 0.8000000119
1507  4.622  -88.228  16.882 0.8000000119
1114  5.367  -87.986  14.902 0.8000000119
1107  2.935  -88.588  16.580 0.8000000119
1097  3.795  -88.670  17.280 0.8000000119
1098  2.929  -88.287  17.153 0.8000000119
1099  1.881  -87.746  16.465 0.8000000119
791  1.544  -87.961  15.766 0.8000000119
1508  1.545  -86.390  16.063 0.8000000119
7074  1.883  -74.241  -11.060 0.3000000119
7753  1.427  -74.992  -11.239 0.2000000030
1500  4.985  -87.392  17.125 0.8000000119
1506  5.284  -87.304  16.238 0.8000000119
118594  5.477  -86.554  16.462 0.8000000119
1093  3.419  -88.231  17.906 0.8000000119
1502  2.279  -87.697  17.477 0.8000000119
7064  3.802  -74.927  -9.040 0.6000000238
7068  2.850  -74.421  -9.967 0.4000000060
7069  1.913  -75.161  -9.917 0.2000000030
1492  4.677  -87.419  18.095 0.6999999881
1881  5.417  -86.450  17.243 0.8000000119
1874  6.109  -85.626  17.470 0.6999999881
1493  3.810  -88.086  18.701 0.8000000119
1494  2.964  -87.919  18.739 0.8000000119
1883  1.784  -86.280  17.172 0.8000000119
119760  6.097  -75.619  -8.439 0.6000000238
7065  2.211  -75.919  -8.729 0.1000000015
1869  5.119  -86.337  19.426 0.6999999881
1485  4.327  -87.330  19.124 0.6999999881
1495  2.220  -87.164  18.402 0.8000000119
118026  4.864  -75.436  -8.430 0.4000000060
7748  3.350  -75.293  -8.202 0.2000000030
1868  6.114  -85.587  18.579 0.6999999881
2288  6.960  -85.020  18.799 0.6999999881
1487  2.843  -87.241  19.304 0.8000000119
2306  2.038  -85.129  17.013 0.8000000119
7741  5.581  -75.284  -7.869 0.6000000238
7058  3.023  -76.464  -7.996 0.1000000015
1480  4.159  -86.771  19.930 0.6999999881
2272  5.770  -84.999  20.478 0.6999999881
2762  7.159  -84.232  18.889 0.6999999881
1481  3.555  -86.785  20.000 0.6999999881
1857  4.161  -86.152  20.895 0.6999999881
1856  4.941  -85.985  20.543 0.6999999881
1876  1.924  -85.934  17.988 0.8000000119
1870  2.342  -86.484  18.849 0.6999999881
1858  3.691  -85.894  20.700 0.6999999881
2740  5.804  -83.870  20.698 0.6999999881
116810  2.200  -85.434  18.621 0.6999999881
124623  2.810  -86.073  19.640 0.6999999881
2305  2.307  -84.354  17.198 0.8000000119
134257  2.033  -84.981  17.749 0.6999999881
136202  4.489  -85.872  21.223 0.6999999881
3259  6.527  -83.110  19.810 0.6999999881
2298  2.225  -84.392  18.173 0.6999999881
4447  3.503  -79.952  10.856 0.3000000119
7735  4.071  -75.142  -6.855 0.2000000030
2741  5.071  -84.627  21.800 0.6999999881
3253  5.123  -83.577  21.941 0.6999999881
3798  5.769  -81.810  20.939 0.6999999881
2273  3.174  -85.137  20.382 0.6999999881
2255  3.985  -85.383  22.167 0.6999999881
3246  4.270  -83.126  22.572 0.6999999881
2290  2.515  -84.789  19.251 0.6999999881
129366  3.115  -84.066  20.042 0.6999999881
5053  3.487  -79.395  10.451 0.3000000119
5046  3.595  -79.508  10.996 0.3000000119
8434  3.817  -73.544  -7.243 0.3000000119
3804  6.654  -81.187  20.035 0.6999999881
126329  5.126  -82.618  21.738 0.6999999881
4379  5.921  -80.887  20.767 0.6999999881
2736  3.766  -83.815  22.512 0.6999999881
2763  2.634  -83.734  18.702 0.6999999881
2742  3.540  -83.860  21.475 0.6999999881
3267  3.280  -82.992  19.335 0.6999999881
4386  5.673  -80.028  20.655 0.6999999881
3799  4.665  -81.939  22.111 0.6999999881
3254  3.585  -83.056  22.082 0.6999999881
3247  3.852  -83.100  22.602 0.6999999881
4380  4.893  -80.876  21.607 0.6999999881
118590  3.629  -82.332  19.954 0.6999999881
3260  3.573  -83.097  20.680 0.6999999881
3791  3.778  -82.273  22.620 0.6999999881
3281  3.058  -82.773  18.189 0.6999999881
3813  3.610  -82.024  18.931 0.6999999881
3806  3.496  -82.191  21.249 0.6999999881
119068  2.992  -81.601  22.395 0.6999999881
3805  3.661  -81.553  19.797 0.6999999881
4388  3.342  -81.335  20.892 0.6999999881
9226  3.661  -72.414  -7.226 0.4000000060
4370  2.738  -80.683  22.815 0.6999999881
4975  2.454  -80.944  22.008 0.6999999881
4985  3.273  -80.732  20.603 0.6999999881
9219  3.198  -72.592  -6.588 0.5000000000
4964  2.394  -79.734  22.837 0.6999999881
4976  2.054  -79.812  22.314 0.6999999881
8419  2.300  -73.264  -5.546 0.4000000060
5597  2.558  -79.279  19.922 0.6999999881
5605  3.088  -78.508  18.993 0.6999999881
5604  3.957  -78.487  18.380 0.6999999881
9202  2.085  -72.505  -4.083 0.3000000119
9210  2.789  -73.771  -5.401 0.5000000000
115314  1.430  -76.311  16.768 0.6000000238
6217  2.852  -77.159  16.944 0.6000000238
6212  2.514  -77.479  17.711 0.6999999881
15361  1.329  -65.194  1.530 0.4000000060
6218  2.206  -76.986  17.089 0.6000000238
6842  1.655  -76.516  15.763 0.6999999881
128420  0.678  -64.108  1.257 0.4000000060
7516  1.150  -75.796  15.871 0.6999999881
13456  1.744  -67.963  10.850 0.3000000119
12704  2.055  -68.630  11.087 0.3000000119
13483  1.822  -67.276  9.210 0.2000000030
13466  1.801  -67.912  9.756 0.1000000015
18849  9.494  -60.890  6.368 0.6000000238
18848  10.072  -61.872  7.030 0.4000000060
15234  1.355  -65.473  9.361 0.4000000060
14333  1.114  -66.769  9.935 0.3000000119
14311  0.385  -66.627  12.671 0.6000000238
17127  10.705  -63.215  5.341 0.6000000238
17980  10.400  -62.599  6.050 0.6000000238
19707  8.947  -60.255  7.117 0.6000000238
19754  0.043  -60.088  3.325 0.3000000119
124033  1.368  -72.261  14.721 0.8000000119
13443  2.107  -66.742  13.725 0.8000000119
123314  2.758  -67.563  13.750 0.6999999881
15199  1.296  -65.074  13.258 0.6999999881
14310  0.491  -65.885  13.340 0.6999999881
13425  0.211  -67.523  12.968 0.6000000238
13458  0.557  -67.591  12.469 0.6000000238
16184  10.836  -63.502  6.231 0.5000000000
18840  9.330  -61.089  7.725 0.5000000000
14326  0.698  -65.779  12.011 0.6000000238
121615  10.840  -62.889  4.469 0.6999999881
18859  10.066  -61.520  5.668 0.6999999881
19708  8.734  -59.940  8.065 0.6000000238
17992  10.442  -62.270  4.960 0.6999999881
19717  9.210  -60.247  5.690 0.6999999881
20639  1.811  -58.174  1.728 0.5000000000
19698  9.015  -60.401  8.456 0.6000000238
125128  10.979  -63.604  4.903 0.6000000238
17111  11.297  -63.674  7.191 0.4000000060
17967  10.442  -62.499  7.994 0.4000000060
18839  9.831  -61.814  8.328 0.4000000060
16183  11.447  -64.147  6.212 0.6000000238
19700  8.080  -59.910  9.007 0.6000000238
19692  7.437  -60.226  9.304 0.8000000119
16225  11.379  -63.990  4.904 0.6000000238
18828  6.247  -60.475  9.022 0.6000000238
16224  11.994  -64.064  4.439 0.6999999881
18036  11.492  -61.028  0.224 0.5000000000
114709  12.008  -64.283  6.895 0.4000000060
18827  9.283  -61.149  8.916 0.5000000000
19690  8.986  -60.666  9.431 0.5000000000
16182  12.731  -64.619  6.575 0.3000000119
117526  12.075  -64.513  6.070 0.6000000238
16204  11.724  -64.336  5.389 0.6000000238
18816  8.736  -60.768  10.124 0.6000000238
18820  4.464  -61.183  9.110 0.6999999881
16201  15.205  -64.207  5.939 0.5000000000
16202  14.321  -64.379  5.509 0.6000000238
16203  13.509  -64.444  4.980 0.6000000238
17126  14.796  -63.818  5.101 0.6000000238
16223  12.871  -64.063  4.298 0.6999999881
16221  14.093  -63.970  4.647 0.6999999881
18035  12.182  -61.630  0.461 0.6999999881
20739  8.764  -59.065  -6.391 0.5000000000
17079  10.905  -62.841  8.818 0.4000000060
126873  10.310  -62.251  8.840 0.4000000060
18815  9.353  -61.212  9.782 0.5000000000
18817  8.108  -60.627  10.097 0.6000000238
17950  6.213  -61.721  9.996 0.6999999881
17951  5.184  -62.008  9.916 0.8000000119
18818  6.987  -61.024  9.823 0.6999999881
117444  15.136  -62.277  1.960 0.6000000238
17177  14.182  -62.731  1.689 0.6999999881
17178  13.481  -62.677  1.243 0.6999999881
21578  8.651  -58.592  -7.104 0.5000000000
22466  8.250  -57.866  -7.088 0.5000000000
19740  15.065  -60.996  4.394 0.6999999881
131354  15.640  -61.554  2.634 0.6999999881
18032  15.119  -62.084  2.789 0.8000000119
19750  16.479  -60.221  2.355 0.8000000119
19751  15.897  -60.873  3.037 0.8000000119
133996  15.310  -60.746  3.761 0.8000000119
21585  9.057  -58.868  -7.655 0.5000000000
21586  8.436  -58.301  -7.908 0.5000000000
128460  15.064  -60.236  4.268 0.6999999881
21453  14.758  -58.240  4.912 0.5000000000
137848  16.329  -59.448  2.626 0.8000000119
118181  15.796  -60.012  3.314 0.8000000119
20617  15.283  -59.347  3.915 0.8000000119
22351  15.949  -57.466  2.522 0.8000000119
22338  15.609  -57.703  3.078 0.6999999881
22350  16.419  -57.954  2.195 0.8999999762
21459  15.978  -58.187  2.810 0.8000000119
21456  15.461  -58.363  3.585 0.8000000119
137727  15.068  -58.069  4.187 0.8000000119
130117  16.772  -58.446  1.895 0.8999999762
20626  15.895  -59.006  3.103 0.8000000119
116616  17.606  -59.765  -2.222 0.6999999881
127062  7.193  -55.730  -6.864 0.6999999881
23329  6.110  -55.796  -5.662 0.8999999762
22474  7.657  -56.994  -7.824 0.6000000238
25938  12.398  -53.579  6.461 0.1000000015
26813  11.710  -52.302  6.177 0.1000000015
21468  17.273  -57.968  0.919 0.8999999762
122827  16.852  -57.757  1.515 0.8999999762
20706  17.311  -59.709  -3.537 0.6000000238
124230  17.554  -58.919  -2.173 0.8000000119
24197  5.113  -54.942  -2.829 0.5000000000
24211  4.719  -54.806  -3.306 0.8000000119
24224  5.653  -55.175  -4.939 0.8999999762
24234  5.896  -54.727  -5.491 0.8999999762
25144  5.473  -54.385  -4.568 0.8999999762
24261  7.813  -55.787  -8.355 0.6999999881
24254  7.495  -55.350  -7.521 0.6999999881
24248  6.956  -54.948  -6.738 0.6999999881
125180  6.326  -54.607  -6.141 0.8999999762
24260  8.374  -55.298  -8.737 0.6999999881
25174  7.852  -54.875  -8.115 0.6999999881
25187  9.061  -54.762  -9.058 0.6000000238
117152  17.687  -58.323  -1.734 0.8000000119
21540  17.273  -58.893  -3.696 0.6999999881
21526  17.042  -58.429  -2.837 0.8000000119
25108  4.924  -54.502  -3.365 0.6000000238
25120  5.473  -53.880  -3.854 0.6000000238
25143  5.729  -53.741  -4.896 0.6999999881
25133  5.136  -54.275  -3.843 0.6000000238
25158  6.102  -53.763  -5.628 0.8999999762
25166  7.405  -54.451  -7.288 0.6999999881
25157  6.766  -54.072  -6.484 0.8000000119
118161  9.799  -54.223  -9.351 0.6999999881
22407  17.399  -57.847  -2.186 0.8000000119
114252  17.040  -57.940  -3.411 0.8000000119
22408  16.702  -57.436  -2.800 0.8999999762
114014  17.611  -58.153  -4.473 0.8000000119
113698  17.299  -57.454  -4.013 0.8000000119
23334  16.980  -56.413  -6.507 0.5000000000
23335  16.357  -56.501  -6.851 0.5000000000
25132  5.613  -53.611  -4.220 0.6999999881
24242  16.603  -55.761  -6.876 0.4000000060
26882  6.139  -52.471  -4.979 0.8000000119
26032  5.853  -53.108  -5.050 0.8999999762
137645  8.084  -50.598  -5.866 0.3000000119
25165  7.898  -53.919  -7.817 0.6999999881
26055  7.829  -53.092  -7.629 0.6999999881
25172  9.146  -53.798  -8.816 0.6999999881
113967  17.317  -56.676  -4.260 0.6000000238
113700  16.748  -57.141  -3.357 0.6000000238
24231  17.461  -55.527  -5.887 0.6000000238
113699  17.529  -56.020  -5.123 0.6999999881
23325  17.453  -56.370  -5.954 0.6000000238
134019  15.910  -55.424  -7.273 0.5000000000
26867  6.473  -51.996  -4.829 0.5000000000
122544  7.654  -50.980  -5.548 0.4000000060
27689  6.875  -51.241  -5.155 0.4000000060
26881  6.641  -51.614  -5.238 0.6999999881
28512  7.887  -50.531  -6.071 0.5000000000
27696  7.327  -50.990  -5.730 0.5000000000
122466  7.033  -51.594  -6.107 0.8000000119
28543  8.177  -50.119  -7.004 0.6000000238
27725  7.846  -50.656  -7.063 0.6000000238
29372  10.014  -49.473  -7.313 0.5000000000
24221  16.930  -55.820  -4.062 0.5000000000
25128  17.401  -55.201  -5.018 0.6999999881
127783  17.219  -55.815  -6.374 0.6000000238
25150  17.111  -54.403  -6.700 0.4000000060
29401  9.476  -49.368  -7.647 0.4000000060
29373  9.253  -49.640  -7.342 0.4000000060
126164  8.972  -49.916  -7.677 0.5000000000
125265  11.943  -51.976  -10.478 0.6000000238
29371  10.341  -49.086  -7.641 0.4000000060
29387  9.679  -48.954  -7.699 0.5000000000
30271  9.940  -48.088  -8.021 0.4000000060
124214  13.610  -48.148  -2.770 0.1000000015
32283  14.493  -45.504  -8.418 0.2000000030
31235  14.197  -47.724  -3.430 0.1000000015
32282  15.188  -45.230  -8.230 0.2000000030
30222  15.017  -48.125  -3.602 0.1000000015
31242  15.946  -47.677  -4.088 0.1000000015
31234  15.121  -47.241  -3.701 0.1000000015
32269  17.195  -46.243  -6.657 0.1000000015
32270  16.687  -46.142  -7.260 0.2000000030
135815  15.958  -46.045  -7.673 0.2000000030
32271  15.750  -44.880  -7.893 0.2000000030
33339  14.848  -44.196  -8.573 0.2000000030
30233  16.689  -48.128  -4.613 0.1000000015
32259  15.917  -46.786  -4.280 0.1000000015
32258  16.552  -46.193  -4.979 0.1000000015
33324  16.409  -44.892  -7.516 0.1000000015
33338  14.807  -43.958  -8.788 0.2000000030
32265  17.285  -46.297  -5.614 0.1000000015
32264  17.249  -45.598  -6.454 0.1000000015
33315  17.107  -44.761  -6.429 0.1000000015
126993  16.183  -43.510  -8.015 0.1000000015
33323  16.339  -44.195  -7.665 0.2000000030
35345  15.882  -42.982  -8.521 0.1000000015
114681  16.683  -43.449  -8.500 0.1000000015
35344  17.760  -43.129  -8.088 0.1000000015
123364  15.813  -46.041  -4.399 0.1000000015
34353  17.000  -44.489  -5.867 0.1000000015
34341  16.209  -45.259  -4.934 0.1000000015
34352  16.653  -43.972  -6.948 0.1000000015
35333  15.795  -43.219  -7.850 0.1000000015
33316  17.184  -45.462  -5.713 0.1000000015
375  4.348  -91.002  8.524 0.8000000119
118400  5.003  -90.848  9.718 0.8999999762
130835  7.811  -91.071  8.653 0.8999999762
7087  4.039  -75.393  -12.757 0.3000000119
374  5.701  -91.151  8.970 0.8999999762
115359  4.477  -75.280  -9.955 0.4000000060
135462  17.320  -87.521  -3.111 0.6999999881
2057  16.506  -85.560  -4.359 0.8000000119
2154  16.599  -85.964  -22.860 0.4000000060
6585  13.421  -77.624  -21.573 0.8000000119
11944  1.216  -69.213  11.919 0.4000000060
12686  0.380  -68.189  13.038 0.6000000238
20622  0.295  -59.504  3.441 0.4000000060
14287  1.072  -66.663  13.672 0.6999999881
124475  0.864  -67.327  13.561 0.6000000238
134635  0.915  -57.833  1.656 0.5000000000
14325  0.971  -66.654  11.222 0.5000000000
119664  0.232  -65.559  12.871 0.6999999881
18019  14.849  -62.152  3.722 0.8000000119
22473  7.925  -57.660  -7.918 0.6999999881
21452  15.009  -58.784  4.456 0.5000000000
23354  7.827  -56.614  -8.461 0.6000000238
20610  14.763  -59.047  5.300 0.5000000000
22325  15.189  -57.564  3.620 0.6999999881
26907  7.494  -52.306  -7.043 0.8000000119
120459  6.945  -52.530  -6.370 0.8000000119
25173  8.455  -54.336  -8.487 0.6999999881
131044  17.792  -58.275  -0.146 0.8999999762
20656  17.868  -59.083  -0.919 0.8000000119
134461  8.587  -50.242  -7.485 0.5000000000
138308  17.405  -58.379  -2.271 0.8000000119
30270  10.128  -46.884  -8.287 0.4000000060
24241  17.173  -55.164  -6.507 0.6000000238
5911  5.271  -77.808  -13.710 0.2000000030
18033  14.671  -62.409  2.270 0.6000000238
29400  9.776  -48.533  -7.958 0.4000000060
129537  16.151  -43.624  -8.656 0.1000000015
2604  16.716  -84.194  -17.913 0.3000000119
2485  17.594  -84.520  -3.383 0.6999999881
113592  18.353  -85.416  -7.161 0.6000000238
908  20.909  -88.678  -1.850 0.5000000000
2953  17.230  -83.568  -5.058 0.6000000238
2936  20.369  -83.530  -3.612 0.4000000060
2938  18.506  -83.409  -3.382 0.5000000000
2945  18.339  -82.779  -4.128 0.4000000060
113604  17.305  -82.683  -5.551 0.4000000060
2952  21.788  -84.182  -5.279 0.3000000119
117869  20.251  -83.994  -10.860 0.5000000000
4040  17.293  -80.886  -7.103 0.4000000060
4021  21.438  -81.596  -5.393 0.2000000030
128247  19.263  -80.935  -7.811 0.4000000060
5205  19.601  -79.780  -6.033 0.4000000060
4596  20.514  -80.204  -5.931 0.4000000060
4646  22.252  -79.903  -11.215 0.4000000060
7182  10.237  -75.906  -21.126 0.6999999881
7858  14.467  -75.480  -20.457 0.4000000060
4084  9.458  -80.873  -12.041 0.1000000015
8564  17.101  -74.589  -18.663 0.4000000060
7836  12.379  -75.830  -18.811 0.6000000238
5298  9.448  -80.188  -12.238 0.1000000015
5897  7.539  -79.028  -12.626 0.1000000015
7803  17.148  -75.412  -15.624 0.3000000119
1105  5.123  -88.355  15.985 0.8000000119
1875  5.270  -86.444  18.327 0.6999999881
1486  3.535  -87.595  19.413 0.8000000119
2289  5.947  -85.422  19.520 0.6999999881
2271  6.544  -84.809  19.362 0.6999999881
2747  6.530  -84.102  19.629 0.6999999881
3252  5.805  -82.814  20.770 0.6999999881
127152  6.583  -82.146  19.971 0.6999999881
2256  3.926  -84.597  22.501 0.6999999881
133968  3.649  -84.435  22.001 0.6999999881
3792  3.563  -82.257  22.485 0.6999999881
6213  2.082  -77.303  17.981 0.6000000238
13457  0.964  -67.393  11.583 0.5000000000
17091  10.894  -63.147  7.878 0.4000000060
131059  12.607  -64.586  5.351 0.6000000238
16180  14.565  -64.609  6.463 0.3000000119
137940  15.384  -61.935  2.271 0.6999999881
18057  14.793  -62.769  1.577 0.5000000000
18882  15.238  -61.489  3.560 0.8000000119
130668  16.410  -58.710  2.429 0.8000000119
122197  17.620  -60.600  -2.267 0.6000000238
19816  17.334  -60.089  -2.932 0.6000000238
21469  17.145  -58.570  1.343 0.8999999762
19829  17.666  -60.661  -3.838 0.6000000238
115586  17.785  -59.560  -4.483 0.6000000238
20688  17.215  -59.323  -2.919 0.6000000238
26045  6.538  -53.143  -6.107 0.8999999762
137427  17.826  -58.917  -4.648 0.6999999881
113917  17.672  -57.320  -4.904 0.6999999881
114175  17.582  -56.698  -5.273 0.6999999881
28525  7.851  -50.453  -6.446 0.6000000238
31236  13.690  -48.049  -3.160 0.1000000015
32251  15.158  -46.369  -3.860 0.1000000015
123928  15.629  -43.898  -8.264 0.1000000015
120372  17.457  -42.546  -8.118 0.1000000015
35321  16.483  -43.537  -6.441 0.1000000015
2899  12.872  -83.412  3.078 0.5000000000
2427  12.296  -84.156  2.943 0.5000000000
2891  11.494  -83.912  3.498 0.5000000000
2422  10.284  -84.353  4.114 0.6999999881
133914  11.277  -83.681  3.863 0.5000000000
130648  14.605  -88.413  10.352 0.3000000119
118917  14.701  -88.334  9.382 0.3000000119
1559  14.857  -88.126  8.370 0.2000000030
1164  15.224  -88.912  7.602 0.2000000030
1564  15.044  -87.906  7.371 0.4000000060
136555  15.734  -86.919  6.400 0.4000000060
2387  16.285  -85.373  6.316 0.4000000060
3932  15.517  -82.007  4.112 0.5000000000
121945  15.006  -82.281  4.315 0.5000000000
3390  15.602  -83.378  5.379 0.5000000000
2411  15.280  -84.496  5.673 0.5000000000
3408  14.829  -82.206  2.843 0.6000000238
3419  14.236  -82.720  2.722 0.5000000000
131737  14.706  -82.906  4.873 0.5000000000
2872  14.819  -83.782  5.408 0.5000000000
3400  13.427  -82.619  3.864 0.5000000000
2882  13.681  -82.998  4.611 0.5000000000
2883  12.679  -83.191  4.367 0.5000000000
2874  13.168  -83.678  5.235 0.5000000000
1976  9.887  -84.980  4.696 0.6999999881
3401  12.886  -83.046  3.626 0.5000000000
2884  11.703  -83.561  4.369 0.6000000238
2415  10.708  -84.455  5.092 0.6999999881
900  15.554  -88.340  -0.540 0.6000000238
117365  12.097  -83.471  3.627 0.5000000000
2876  11.388  -83.922  4.939 0.6000000238
98  17.736  -94.079  -12.858 0.4000000060
199  15.434  -93.323  -13.929 0.2000000030
209  14.128  -93.443  -15.090 0.1000000015
978  17.241  -88.021  -13.158 0.1000000015
738  16.185  -90.521  -14.054 0.1000000015
979  16.883  -88.061  -12.360 0.1000000015
135300  14.462  -88.563  11.100 0.2000000030
1155  14.854  -89.228  8.677 0.2000000030
1171  16.721  -88.285  7.064 0.2000000030
1172  15.773  -88.309  6.938 0.3000000119
1568  16.393  -87.358  6.670 0.4000000060
1958  15.011  -86.754  6.441 0.5000000000
1948  14.782  -86.937  7.308 0.5000000000
2399  15.434  -85.479  5.958 0.5000000000
126797  16.479  -83.398  5.669 0.5000000000
2410  16.179  -84.411  5.982 0.4000000060
3397  16.629  -82.284  4.739 0.5000000000
3931  16.230  -81.918  4.191 0.5000000000
129428  16.298  -82.804  5.205 0.4000000060
1240  16.692  -87.253  -0.164 0.6000000238
1633  16.250  -86.836  -0.655 0.6000000238
3427  17.251  -82.691  1.075 0.6000000238
3962  16.130  -81.811  2.863 0.6000000238
3963  15.408  -81.899  3.008 0.5000000000
3431  17.003  -83.000  0.326 0.6000000238
1977  9.519  -85.611  5.504 0.6999999881
2020  17.088  -85.460  -0.444 0.6000000238
2448  17.186  -84.439  -0.397 0.6000000238
2875  12.223  -83.794  5.171 0.6000000238
1975  10.339  -85.259  5.817 0.6999999881
1632  16.886  -86.464  -0.310 0.6000000238
899  16.282  -88.682  0.100 0.6000000238
37  18.989  -94.349  -12.953 0.4000000060
104  17.857  -94.216  -13.343 0.3000000119
103  19.285  -93.672  -14.024 0.4000000060
110  16.739  -93.939  -14.158 0.3000000119
212  16.012  -92.706  -15.306 0.1000000015
1320  17.412  -87.429  -13.747 0.1000000015
1719  16.719  -85.773  -13.351 0.1000000015
213  14.590  -92.509  -15.492 0.1000000015
122459  16.643  -90.354  -14.615 0.1000000015
1330  18.019  -87.709  -14.525 0.1000000015
1727  17.629  -86.666  -14.439 0.1000000015
1146  14.611  -89.344  9.684 0.2000000030
130390  14.568  -89.209  10.567 0.2000000030
137504  16.347  -89.339  7.773 0.2000000030
1542  14.967  -87.142  10.173 0.4000000060
132877  15.011  -87.143  9.294 0.4000000060
2398  17.010  -84.325  6.452 0.4000000060
2871  17.414  -82.990  5.812 0.5000000000
137723  16.962  -82.074  2.111 0.6000000238
3930  17.065  -81.856  4.211 0.5000000000
1577  8.492  -86.702  6.184 0.6999999881
2912  17.604  -83.285  0.568 0.6000000238
3414  18.088  -81.862  2.669 0.5000000000
3396  17.852  -81.978  4.301 0.5000000000
2413  12.883  -84.627  5.896 0.6000000238
2401  13.873  -85.207  6.053 0.5000000000
120331  17.787  -84.090  0.164 0.6000000238
2905  18.202  -82.856  1.349 0.6000000238
130406  18.447  -82.243  2.039 0.5000000000
2414  11.765  -84.514  5.711 0.6000000238
2403  11.297  -85.134  6.187 0.6999999881
135111  9.114  -86.038  6.138 0.6000000238
3395  18.618  -82.272  4.473 0.5000000000
1971  10.958  -85.583  6.756 0.6999999881
1232  17.268  -87.213  0.181 0.6000000238
1970  11.738  -85.451  6.829 0.6999999881
119286  15.785  -89.264  0.044 0.6000000238
211  17.962  -92.495  -15.720 0.1000000015
996  18.145  -89.099  -15.704 0.1000000015
1726  18.041  -87.092  -15.292 0.1000000015
114036  13.417  -86.902  -17.218 0.1000000015
114223  14.250  -86.248  -20.689 0.2000000030
114146  12.681  -86.895  -17.998 0.1000000015
2656  25.014  -84.240  -27.155 0.6000000238
544  13.287  -89.676  17.696 0.1000000015
775  13.125  -89.236  19.110 0.1000000015
818  14.392  -89.375  12.135 0.2000000030
1120  13.654  -88.883  12.797 0.2000000030
797  13.487  -88.983  14.609 0.2000000030
552  13.548  -89.726  16.228 0.1000000015
1137  14.333  -89.070  11.444 0.2000000030
787  13.081  -89.214  15.319 0.1000000015
128918  13.880  -88.892  12.098 0.2000000030
808  13.093  -88.470  13.528 0.2000000030
838  15.117  -89.824  9.383 0.2000000030
834  15.141  -89.924  10.192 0.2000000030
1543  14.626  -87.377  11.178 0.2000000030
131074  14.083  -88.298  11.749 0.2000000030
1969  14.909  -86.136  6.124 0.5000000000
1959  14.522  -86.257  6.541 0.5000000000
123003  13.672  -84.365  5.659 0.5000000000
1960  14.295  -85.741  6.390 0.5000000000
2858  17.701  -83.432  6.414 0.5000000000
3388  17.935  -82.412  5.148 0.4000000060
1578  8.559  -87.210  7.118 0.6999999881
743  18.390  -89.973  -15.764 0.2000000030
526  18.126  -91.046  -15.706 0.2000000030
1742  18.122  -86.853  -16.917 0.1000000015
136786  17.398  -86.362  -16.681 0.1000000015
1344  18.457  -87.611  -16.693 0.2000000030
1349  16.239  -87.079  -18.666 0.1000000015
1353  17.889  -88.479  -19.666 0.1000000015
1757  16.973  -86.837  -20.779 0.1000000015
1088  13.566  -88.776  18.953 0.1000000015
1085  13.332  -88.651  19.544 0.1000000015
127757  14.134  -89.057  13.972 0.2000000030
786  14.515  -89.622  15.919 0.1000000015
773  12.728  -89.299  19.794 0.1000000015
549  12.749  -89.837  16.702 0.1000000015
116896  11.972  -89.811  17.319 0.1000000015
807  14.605  -89.406  13.248 0.2000000030
131564  12.515  -88.277  13.983 0.2000000030
540  12.428  -89.623  18.342 0.1000000015
536  11.990  -89.517  19.146 0.1000000015
841  16.618  -89.425  8.387 0.2000000030
1162  17.034  -88.881  7.707 0.2000000030
1927  15.032  -85.935  9.731 0.4000000060
125767  17.449  -87.918  7.647 0.3000000119
1938  14.944  -86.681  8.538 0.4000000060
2388  14.141  -85.775  7.093 0.5000000000
1949  14.499  -86.249  7.246 0.5000000000
137368  13.778  -85.461  6.479 0.5000000000
116954  13.195  -85.271  6.558 0.5000000000
2402  12.264  -85.159  6.500 0.6000000238
1576  9.955  -85.802  6.673 0.6000000238
119038  9.306  -86.461  6.984 0.6000000238
747  18.683  -88.995  -16.187 0.2000000030
742  19.013  -89.804  -15.940 0.3000000119
1745  18.796  -87.276  -17.571 0.3000000119
123540  20.442  -88.876  -16.345 0.3000000119
1748  18.946  -87.479  -18.151 0.3000000119
135863  20.818  -87.657  -16.652 0.3000000119
1747  19.634  -86.947  -18.547 0.3000000119
1360  18.380  -89.122  -20.132 0.3000000119
1369  16.450  -89.764  -22.890 0.2000000030
1359  19.340  -88.863  -20.390 0.3000000119
1010  17.204  -90.072  -21.940 0.2000000030
3662  23.768  -82.595  -25.158 0.5000000000
1084  13.333  -87.665  19.816 0.1000000015
1082  13.251  -88.724  20.283 0.1000000015
539  13.726  -89.208  18.429 0.1000000015
767  13.236  -88.967  21.134 0.1000000015
762  13.587  -88.595  21.876 0.1000000015
547  14.638  -89.401  17.296 0.1000000015
788  12.125  -88.657  15.201 0.2000000030
771  12.434  -89.393  20.534 0.1000000015
129500  12.837  -89.296  22.012 0.1000000015
1070  14.162  -88.232  22.501 0.1000000015
1128  13.406  -88.036  12.338 0.2000000030
550  11.467  -89.603  16.397 0.1000000015
1121  12.919  -88.171  12.908 0.2000000030
1532  14.114  -87.069  11.971 0.3000000119
2372  14.778  -85.800  8.255 0.5000000000
2359  14.994  -85.429  9.062 0.4000000060
1928  14.803  -86.144  10.752 0.4000000060
2373  14.413  -85.226  7.991 0.5000000000
2389  13.532  -85.474  6.902 0.5000000000
1961  12.484  -85.435  7.010 0.5000000000
2390  11.446  -85.506  7.366 0.6000000238
1570  10.165  -86.418  7.635 0.6000000238
1166  8.674  -88.366  8.805 0.6999999881
1014  18.053  -89.425  -22.578 0.2000000030
124954  24.189  -82.821  -24.349 0.5000000000
1455  16.113  -86.797  21.775 0.1000000015
120636  15.225  -86.797  21.494 0.1000000015
1456  14.388  -86.941  21.190 0.1000000015
1457  13.724  -87.238  20.862 0.1000000015
1470  13.476  -86.970  20.121 0.1000000015
1081  13.432  -87.810  20.587 0.1000000015
1078  13.575  -87.991  21.202 0.1000000015
120491  14.027  -87.728  21.572 0.1000000015
117464  13.864  -88.584  18.387 0.1000000015
545  11.118  -89.721  17.867 0.1000000015
532  11.541  -89.565  19.886 0.1000000015
768  12.128  -89.470  21.329 0.1000000015
553  12.172  -89.369  15.759 0.2000000030
537  10.711  -89.625  19.167 0.1000000015
769  11.673  -89.482  22.120 0.1000000015
135239  14.436  -86.347  11.485 0.3000000119
528  11.253  -89.599  20.673 0.1000000015
119385  13.792  -84.914  7.769 0.5000000000
116735  14.773  -84.700  8.878 0.5000000000
1571  9.515  -87.035  7.850 0.6000000238
3643  23.423  -82.837  -22.531 0.4000000060
127151  24.170  -82.847  -22.652 0.4000000060
798  12.388  -88.451  14.675 0.2000000030
1524  12.657  -87.383  12.815 0.2000000030
789  11.313  -88.469  15.400 0.2000000030
134624  11.104  -89.045  15.856 0.2000000030
779  10.808  -89.507  17.064 0.1000000015
542  10.271  -89.412  18.404 0.1000000015
2839  14.237  -84.041  8.713 0.5000000000
130527  14.887  -84.684  9.638 0.4000000060
2374  13.013  -84.832  7.648 0.5000000000
1962  10.714  -85.894  7.481 0.6000000238
4180  24.623  -81.834  -20.185 0.3000000119
4200  24.635  -82.135  -21.154 0.3000000119
3642  24.749  -82.341  -22.058 0.3000000119
121090  25.101  -82.767  -22.904 0.3000000119
115742  14.706  -85.018  10.426 0.4000000060
1911  13.995  -85.996  11.989 0.4000000060
1122  12.124  -87.805  13.261 0.2000000030
1533  13.409  -86.717  12.427 0.4000000060
1112  11.629  -87.833  13.982 0.2000000030
1103  11.439  -88.030  14.781 0.2000000030
2347  14.592  -83.912  10.178 0.5000000000
1918  14.330  -85.443  11.240 0.4000000060
1912  13.235  -85.628  12.360 0.4000000060
1525  11.797  -86.871  12.985 0.3000000119
1513  11.181  -87.129  13.500 0.2000000030
114723  10.466  -88.244  15.797 0.2000000030
783  10.469  -88.987  16.351 0.2000000030
1113  10.695  -87.341  14.213 0.2000000030
1104  10.569  -87.643  15.103 0.2000000030
780  10.028  -88.821  17.095 0.1000000015
1919  13.727  -85.000  11.700 0.4000000060
1534  12.553  -86.317  12.733 0.3000000119
2375  12.149  -84.871  7.760 0.6000000238
2376  11.310  -85.090  8.229 0.6000000238
116724  10.591  -86.174  8.175 0.6000000238
848  2.077  -88.325  7.046 0.6000000238
135729  13.739  -88.598  23.188 0.1000000015
130149  13.312  -88.888  22.645 0.1000000015
529  10.953  -89.593  21.418 0.1000000015
763  12.350  -89.229  22.843 0.1000000015
2840  13.450  -83.991  8.486 0.5000000000
533  10.179  -89.559  20.056 0.1000000015
2829  14.155  -83.360  9.419 0.5000000000
2341  14.183  -84.429  10.935 0.5000000000
123599  9.731  -88.987  18.641 0.1000000015
538  9.837  -89.244  19.243 0.1000000015
2841  12.607  -84.040  8.417 0.5000000000
2822  14.286  -83.188  9.969 0.5000000000
1096  9.892  -88.010  16.507 0.2000000030
1092  9.753  -88.190  17.277 0.2000000030
776  9.850  -88.752  17.891 0.1000000015
2842  11.857  -84.296  8.446 0.6000000238
3344  13.647  -82.896  9.711 0.5000000000
2812  14.034  -83.481  10.605 0.5000000000
1514  10.478  -86.500  13.874 0.2000000030
2832  11.920  -83.424  9.044 0.5000000000
2823  13.767  -82.945  10.274 0.5000000000
2331  13.072  -84.606  12.154 0.4000000060
1180  3.838  -87.511  6.307 0.4000000060
1069  15.011  -87.771  22.755 0.1000000015
1066  17.650  -87.058  22.341 0.1000000015
137919  10.282  -89.619  20.850 0.1000000015
1499  9.837  -87.178  16.320 0.2000000030
132811  11.833  -86.030  12.941 0.3000000119
1505  10.109  -86.732  14.841 0.2000000030
1095  10.033  -87.342  15.719 0.2000000030
2813  13.331  -83.172  10.933 0.5000000000
1526  11.172  -86.266  13.288 0.3000000119
117718  12.310  -82.765  9.528 0.5000000000
1560  10.437  -86.217  8.911 0.6000000238
133775  9.913  -86.795  9.299 0.6000000238
118557  2.801  -87.875  6.626 0.4000000060
2361  11.216  -84.245  8.886 0.6000000238
2377  10.798  -84.980  8.825 0.6000000238
138102  10.160  -86.033  9.493 0.6000000238
7176  19.044  -76.271  -21.405 0.6999999881
6556  20.844  -77.000  -19.006 0.6999999881
1900  11.613  -85.321  13.195 0.4000000060
2801  12.748  -83.556  11.826 0.4000000060
7198  18.434  -75.581  -22.279 0.6999999881
3333  12.981  -82.678  10.327 0.5000000000
2362  10.420  -84.436  9.344 0.6000000238
1147  9.348  -87.040  9.870 0.6999999881
555  6.326  -89.829  13.248 0.6999999881
810  5.585  -89.494  14.037 0.6999999881
1129  7.050  -88.173  12.162 0.6999999881
119064  6.452  -87.803  12.931 0.6999999881
134493  6.833  -88.931  12.711 0.6999999881
809  6.260  -89.029  13.510 0.6999999881
126674  7.949  -86.903  11.529 0.6999999881
133442  6.740  -87.183  12.128 0.6999999881
1123  5.806  -87.886  13.939 0.6999999881
2350  7.991  -84.470  10.776 0.6999999881
1914  7.206  -85.374  11.703 0.6999999881
1920  7.674  -85.868  11.314 0.6999999881
1921  6.967  -86.379  11.741 0.6999999881
1535  6.510  -86.488  12.583 0.6999999881
1527  6.195  -86.732  13.544 0.6999999881
2349  8.667  -84.304  10.170 0.6000000238
138034  6.714  -85.725  12.126 0.6999999881
1915  6.710  -85.627  12.972 0.6999999881
1901  6.397  -85.769  13.793 0.6999999881
135697  6.132  -86.344  14.097 0.6999999881
1124  5.513  -88.854  14.517 0.6999999881
2825  8.468  -83.661  10.647 0.6000000238
2815  8.028  -83.730  11.413 0.6999999881
2804  7.774  -83.856  12.516 0.6999999881
2824  9.159  -83.533  10.159 0.6000000238
117509  9.290  -82.638  12.136 0.6000000238
131322  10.182  -82.382  11.304 0.6000000238
3323  10.396  -82.380  11.925 0.5000000000
3324  9.754  -82.456  11.729 0.6000000238
2803  8.577  -83.115  12.100 0.6999999881
2322  7.423  -84.311  13.296 0.6999999881
2323  6.970  -84.951  13.571 0.6999999881
3336  9.033  -83.025  10.724 0.6000000238
2814  8.575  -83.231  11.209 0.6000000238
3335  9.750  -82.855  10.311 0.6000000238
3303  9.447  -82.170  14.119 0.6999999881
3859  9.993  -81.847  13.790 0.6000000238
3311  8.948  -82.692  13.654 0.6000000238
3310  9.611  -82.237  13.343 0.6000000238
115821  8.339  -83.208  14.019 0.6999999881
129505  9.882  -82.290  12.534 0.6000000238
2796  8.411  -83.197  13.125 0.6999999881
2316  7.329  -84.198  14.191 0.6999999881
2317  6.592  -85.012  14.606 0.6999999881
1893  6.010  -86.083  14.711 0.6999999881
1888  5.695  -86.309  15.659 0.6999999881
7511  1.549  -75.650  17.710 0.6000000238
8954  2.365  -73.490  17.622 0.6000000238
135392  1.608  -74.861  17.635 0.6000000238
9726  4.565  -72.268  17.595 0.6000000238
8953  3.263  -73.112  17.840 0.6000000238
8226  1.499  -74.186  17.117 0.6000000238
9736  4.118  -71.908  16.962 0.6000000238
9728  2.671  -72.711  17.260 0.6000000238
8966  1.797  -73.158  16.918 0.6000000238
8232  0.955  -74.762  16.125 0.6000000238
132151  1.094  -74.312  15.506 0.6000000238
10439  3.644  -71.581  16.278 0.6000000238
9737  3.111  -72.095  16.798 0.6000000238
10438  4.667  -71.446  16.460 0.6000000238
9739  1.443  -72.929  16.152 0.6000000238
10449  4.215  -71.140  15.722 0.6000000238
10440  2.556  -71.785  16.103 0.6000000238
9748  1.595  -72.311  15.699 0.6000000238
11159  3.725  -70.679  15.122 0.6999999881
10450  3.130  -71.191  15.651 0.6999999881
11158  4.775  -70.753  15.104 0.6999999881
11186  5.216  -70.034  13.862 0.6999999881
11172  4.333  -70.237  14.387 0.6999999881
11173  3.158  -70.201  14.738 0.6999999881
10451  1.945  -71.452  15.339 0.6999999881
11906  3.582  -69.699  14.311 0.6999999881
11919  4.415  -69.436  13.783 0.6999999881
12683  5.037  -68.862  13.198 0.6999999881
12682  6.118  -69.146  13.146 0.6999999881
12695  5.731  -68.359  12.746 0.6999999881
13439  6.394  -67.751  12.456 0.6999999881
13440  5.390  -67.582  12.467 0.6999999881
14306  4.997  -66.856  12.161 0.6999999881
13455  6.085  -66.981  11.961 0.6999999881
134250  6.827  -66.548  11.898 0.6000000238
14322  5.523  -66.351  11.771 0.6999999881
15212  6.505  -65.349  11.386 0.6999999881
16118  6.788  -64.499  11.192 0.6000000238
15213  5.486  -65.577  11.388 0.6999999881
17064  6.994  -63.572  10.882 0.6000000238
17063  7.556  -62.654  10.752 0.6000000238
16130  6.240  -64.091  10.916 0.6999999881
16131  5.438  -64.135  10.867 0.6999999881
17065  5.984  -63.367  10.649 0.6999999881
17939  7.096  -61.965  10.378 0.6000000238
120648  6.757  -62.835  10.596 0.6000000238
18809  8.968  -61.156  10.415 0.5000000000
18811  7.808  -61.204  10.377 0.5000000000
120772  6.101  -62.477  10.328 0.6000000238
17940  5.353  -62.811  10.408 0.6000000238
13609  15.650  -67.215  -0.664 0.1000000015
13637  14.321  -67.206  -1.873 0.1000000015
14467  15.427  -66.554  1.023 0.1000000015
15354  14.838  -65.697  1.514 0.1000000015
13622  15.608  -67.082  -1.289 0.1000000015
15416  11.889  -65.173  -2.269 0.1000000015
136411  15.692  -66.721  -1.769 0.1000000015
14520  14.442  -66.585  -2.385 0.1000000015
132271  12.917  -66.186  -2.240 0.1000000015
15356  13.049  -65.085  1.536 0.1000000015
15355  13.924  -65.274  1.688 0.1000000015
16272  13.547  -64.238  1.321 0.2000000030
16274  11.838  -64.015  1.297 0.3000000119
17199  11.235  -62.971  0.857 0.4000000060
17200  10.449  -62.469  0.910 0.4000000060
17182  8.973  -62.183  1.895 0.4000000060
124983  14.341  -64.537  1.384 0.2000000030
14479  15.936  -66.330  0.325 0.1000000015
127069  15.039  -64.742  1.158 0.1000000015
14490  15.992  -66.733  -0.430 0.1000000015
14478  16.418  -66.106  -0.273 0.1000000015
13608  16.011  -66.901  -0.939 0.1000000015
14489  16.370  -66.457  -0.919 0.1000000015
14518  16.073  -66.323  -2.071 0.1000000015
15413  14.689  -65.927  -2.891 0.1000000015
15414  13.607  -65.898  -2.692 0.1000000015
16329  13.089  -64.986  -2.986 0.1000000015
15425  15.106  -65.269  -3.443 0.1000000015
16343  13.315  -64.537  -3.623 0.1000000015
16273  12.719  -64.000  1.208 0.2000000030
17198  12.347  -62.709  0.658 0.3000000119
18058  11.862  -61.829  0.224 0.4000000060
18059  10.993  -61.690  0.362 0.4000000060
16289  16.455  -64.461  0.396 0.1000000015
15371  16.187  -65.450  0.371 0.1000000015
16271  14.631  -63.897  1.257 0.2000000030
128554  13.990  -63.603  1.316 0.2000000030
17197  13.248  -63.114  1.015 0.2000000030
20628  0.880  -58.858  3.413 0.3000000119
15370  16.730  -65.283  -0.185 0.1000000015
125530  16.791  -65.807  -0.859 0.1000000015
21460  1.205  -58.524  2.682 0.3000000119
15383  17.098  -65.068  -0.823 0.1000000015
15400  16.630  -66.033  -1.613 0.1000000015
15412  15.680  -65.883  -2.759 0.1000000015
129286  15.191  -64.633  -3.926 0.1000000015
16342  14.251  -64.554  -3.980 0.1000000015
18080  15.910  -63.110  0.949 0.3000000119
17215  15.785  -63.876  0.916 0.2000000030
17214  16.434  -63.618  0.602 0.1000000015
17196  14.377  -63.226  1.342 0.4000000060
16301  17.253  -64.125  -0.888 0.1000000015
17231  16.995  -63.823  0.134 0.2000000030
19762  2.602  -59.187  2.073 0.2000000030
15382  17.298  -64.951  -1.561 0.1000000015
114186  17.122  -65.362  -2.137 0.1000000015
15411  16.505  -65.702  -2.459 0.1000000015
17230  17.501  -63.702  -1.522 0.1000000015
136422  17.352  -64.972  -2.144 0.1000000015
129778  17.070  -64.630  -3.632 0.1000000015
16341  15.897  -64.492  -4.110 0.1000000015
17276  14.969  -64.018  -4.445 0.1000000015
129551  16.805  -62.894  0.486 0.3000000119
17195  15.107  -63.390  1.225 0.4000000060
17213  17.223  -63.175  -0.287 0.2000000030
132405  17.632  -62.948  -2.220 0.3000000119
114197  17.581  -63.914  -3.459 0.1000000015
113694  17.635  -63.390  -4.184 0.2000000030
16318  17.515  -64.411  -1.957 0.1000000015
113693  17.377  -64.520  -3.207 0.1000000015
17286  16.805  -63.505  -4.611 0.1000000015
17287  15.932  -63.816  -4.526 0.1000000015
18163  15.736  -62.013  -5.282 0.2000000030
18151  15.019  -62.601  -5.046 0.1000000015
22375  2.782  -56.685  -0.238 0.3000000119
125736  15.779  -61.272  -5.542 0.2000000030
20725  13.834  -59.698  -5.916 0.2000000030
18055  16.200  -62.315  1.118 0.6000000238
18079  16.990  -61.882  0.695 0.5000000000
19768  17.125  -60.870  0.942 0.6999999881
18941  17.539  -61.747  -0.722 0.5000000000
115909  17.573  -60.416  0.218 0.6999999881
19767  17.333  -60.052  0.830 0.6999999881
18109  17.635  -62.436  -2.657 0.4000000060
113695  17.841  -62.645  -4.304 0.2000000030
129800  17.355  -63.305  -4.558 0.2000000030
114083  17.671  -61.835  -3.250 0.3000000119
113696  17.547  -62.618  -4.893 0.2000000030
18161  17.250  -62.089  -5.338 0.2000000030
22373  4.246  -56.954  -0.609 0.4000000060
113697  18.256  -61.879  -4.579 0.2000000030
19002  17.850  -61.501  -5.518 0.2000000030
19005  16.382  -61.354  -5.567 0.2000000030
118661  16.867  -60.662  -5.870 0.2000000030
19854  16.194  -60.680  -5.843 0.2000000030
120857  15.417  -59.662  -6.312 0.2000000030
20736  14.663  -59.620  -6.249 0.2000000030
125529  14.642  -59.125  -6.530 0.2000000030
20737  14.048  -59.144  -6.473 0.2000000030
21576  12.509  -58.313  -6.615 0.2000000030
20635  17.281  -59.360  1.102 0.6999999881
19797  17.756  -60.259  -1.443 0.5000000000
19830  17.489  -60.883  -3.150 0.5000000000
114237  17.975  -61.336  -4.024 0.5000000000
129720  18.105  -60.152  -4.817 0.4000000060
122177  17.741  -60.236  -5.610 0.2000000030
114144  18.166  -59.934  -5.039 0.5000000000
19853  17.168  -60.035  -6.110 0.3000000119
20735  16.183  -59.328  -6.467 0.3000000119
115451  15.233  -59.139  -6.547 0.3000000119
21573  15.740  -58.517  -6.673 0.2000000030
22462  14.198  -57.783  -7.176 0.3000000119
22463  13.134  -57.663  -7.159 0.2000000030
125724  16.616  -57.087  -6.580 0.5000000000
122561  14.902  -57.051  -7.215 0.4000000060
127682  13.873  -56.984  -7.320 0.2000000030
23337  14.600  -56.407  -7.391 0.4000000060
23338  12.882  -56.780  -7.237 0.2000000030
131321  17.744  -58.955  -0.268 0.6999999881
114114  17.831  -58.714  -5.387 0.5000000000
20734  17.076  -59.345  -6.337 0.4000000060
21572  16.671  -58.556  -6.505 0.4000000060
23272  5.771  -56.485  -1.887 0.4000000060
23273  4.784  -55.992  -1.762 0.4000000060
129697  17.630  -57.940  -5.538 0.6999999881
122728  17.367  -57.710  -6.054 0.6000000238
23307  6.245  -55.316  -2.957 0.2000000030
131955  15.623  -56.250  -7.225 0.3000000119
24246  11.460  -55.918  -6.516 0.1000000015
25131  7.393  -54.452  -4.148 0.1000000015
24209  6.459  -54.603  -3.587 0.3000000119
24243  14.859  -55.552  -7.487 0.4000000060
122560  12.763  -55.916  -7.295 0.2000000030
23339  11.931  -56.451  -6.863 0.1000000015
132356  8.934  -54.629  -4.971 0.1000000015
137640  8.077  -54.326  -4.536 0.1000000015
25152  14.678  -54.695  -7.602 0.4000000060
116826  12.696  -55.182  -7.395 0.2000000030
22447  17.489  -57.180  -5.731 0.5000000000
24210  5.485  -54.485  -3.282 0.4000000060
24245  11.926  -55.454  -6.931 0.1000000015
115403  11.082  -54.426  -6.549 0.1000000015
25140  10.481  -54.529  -6.102 0.1000000015
25141  9.758  -54.560  -5.554 0.1000000015
131443  7.236  -53.549  -4.382 0.2000000030
137573  13.940  -54.482  -7.767 0.3000000119
25153  13.101  -54.566  -7.654 0.2000000030
25119  6.269  -53.557  -4.038 0.4000000060
25155  11.573  -54.722  -6.804 0.1000000015
26043  10.631  -53.734  -6.406 0.1000000015
26029  9.902  -53.718  -5.836 0.1000000015
25142  9.112  -53.690  -5.236 0.1000000015
25130  8.186  -53.617  -4.761 0.2000000030
26005  5.793  -53.137  -4.311 0.5000000000
115947  10.806  -52.908  -6.696 0.3000000119
26044  10.087  -52.838  -6.060 0.2000000030
26880  8.423  -51.671  -5.269 0.2000000030
26031  8.295  -52.637  -4.931 0.2000000030
26858  6.069  -52.687  -4.656 0.5000000000
26879  9.426  -51.813  -5.759 0.2000000030
26866  7.306  -51.594  -4.900 0.2000000030
1968  15.581  -86.267  6.222 0.4000000060
2400  14.688  -85.434  5.907 0.5000000000
2386  17.187  -85.144  6.924 0.4000000060
2397  17.741  -84.014  6.895 0.4000000060
1567  17.285  -87.219  7.324 0.4000000060
4210  25.669  -82.342  -22.296 0.3000000119
22392  5.446  -56.886  -1.366 0.4000000060
195  18.237  -93.455  -12.519 0.2000000030
206  18.927  -93.399  -16.102 0.3000000119
353  18.727  -92.037  -16.097 0.2000000030
119189  15.932  -82.495  1.729 0.6000000238
1753  19.122  -87.741  -18.776 0.3000000119
1008  19.952  -89.097  -21.332 0.3000000119
118703  19.860  -89.172  -21.834 0.3000000119
1018  17.100  -89.539  -23.871 0.2000000030
1373  16.392  -89.413  -23.396 0.2000000030
1762  16.195  -88.616  -22.998 0.3000000119
20638  2.910  -58.531  1.441 0.3000000119
24187  5.025  -55.583  -2.289 0.4000000060
21500  17.912  -58.390  -0.903 0.6999999881
124767  16.675  -86.789  -22.472 0.2000000030
20637  3.717  -59.080  1.048 0.2000000030
18060  10.252  -61.679  0.711 0.4000000060
113662  12.909  -85.525  -18.286 0.1000000015
2147  13.560  -85.399  -20.552 0.2000000030
126805  15.950  -85.953  -20.995 0.2000000030
2145  17.249  -86.330  -21.491 0.2000000030
18056  15.421  -62.635  1.394 0.5000000000
20636  16.858  -59.269  1.930 0.8000000119
137838  17.786  -58.824  -1.435 0.6999999881
21482  17.501  -58.632  0.525 0.6999999881
23336  15.837  -57.061  -6.918 0.5000000000
26017  6.311  -52.805  -4.479 0.3000000119
20671  17.783  -59.440  -1.467 0.6999999881
18968  17.626  -61.511  -2.407 0.4000000060
114065  18.435  -61.154  -4.843 0.2000000030
22459  17.216  -57.082  -6.219 0.5000000000
135681  15.888  -83.949  5.693 0.4000000060
3950  15.794  -81.823  3.542 0.5000000000
3399  14.219  -82.336  4.129 0.6000000238
3409  14.107  -82.332  3.384 0.5000000000
2873  14.068  -83.668  5.285 0.5000000000
105  16.564  -93.965  -13.500 0.3000000119
1708  17.025  -87.340  -12.941 0.1000000015
982  17.351  -88.454  -13.984 0.1000000015
737  16.772  -89.538  -13.906 0.1000000015
522  14.855  -91.081  -14.959 0.1000000015
1956  17.148  -86.306  7.088 0.4000000060
124271  17.331  -82.191  4.735 0.5000000000
3415  17.579  -82.147  1.882 0.5000000000
3961  17.078  -81.829  2.664 0.5000000000
207  17.365  -93.143  -15.018 0.1000000015
134553  17.754  -91.729  -15.658 0.1000000015
123594  17.486  -85.917  -14.886 0.1000000015
1718  17.097  -86.562  -13.570 0.1000000015
347  14.829  -91.722  -15.469 0.1000000015
521  16.650  -91.151  -15.241 0.1000000015
736  17.561  -89.415  -14.644 0.1000000015
520  17.718  -90.222  -15.214 0.1000000015
3949  17.565  -81.751  3.500 0.5000000000
997  18.209  -88.086  -15.524 0.1000000015
122474  18.340  -88.264  -16.263 0.2000000030
2124  17.232  -86.171  -16.138 0.1000000015
114289  13.598  -86.058  -16.858 0.1000000015
1356  13.752  -87.047  -18.635 0.1000000015
114153  15.965  -86.197  -17.083 0.1000000015
1350  14.262  -87.291  -18.039 0.1000000015
1362  16.051  -87.251  -20.126 0.1000000015
1741  19.091  -87.520  -17.184 0.3000000119
127622  18.137  -87.639  -16.166 0.1000000015
1746  17.541  -86.628  -17.276 0.1000000015
1749  18.218  -87.359  -18.125 0.2000000030
1348  17.759  -87.767  -18.941 0.1000000015
1355  15.274  -87.159  -19.245 0.1000000015
1354  17.007  -87.416  -19.513 0.1000000015
1750  17.052  -86.776  -18.041 0.1000000015
128369  18.312  -88.528  -19.425 0.2000000030
1361  17.367  -87.844  -20.074 0.1000000015
124832  17.874  -88.733  -20.246 0.3000000119
1756  17.771  -87.732  -21.057 0.1000000015
1759  17.212  -87.533  -22.045 0.2000000030
541  11.248  -89.674  18.568 0.1000000015
1343  19.356  -87.949  -16.753 0.3000000119
1347  18.576  -87.978  -18.807 0.3000000119
114564  20.145  -87.397  -16.882 0.3000000119
2136  19.666  -86.814  -17.939 0.3000000119
1352  19.009  -88.467  -19.449 0.3000000119
1006  18.205  -89.532  -21.014 0.3000000119
1009  18.547  -89.534  -21.371 0.3000000119
1005  18.946  -89.263  -20.800 0.3000000119
1366  17.886  -89.245  -21.048 0.2000000030
118402  15.096  -67.566  -1.023 0.1000000015
130022  15.581  -67.158  0.236 0.1000000015
13636  15.115  -66.975  -1.914 0.1000000015
15353  15.570  -65.597  0.909 0.1000000015
14504  16.108  -66.638  -1.375 0.1000000015
14519  15.328  -66.460  -2.342 0.1000000015
15335  13.440  -65.864  1.976 0.1000000015
16270  15.199  -64.104  1.109 0.1000000015
16290  15.704  -64.709  0.823 0.1000000015
15426  13.980  -65.221  -3.328 0.1000000015
15424  16.163  -65.374  -3.204 0.1000000015
16302  17.006  -64.558  -0.200 0.1000000015
126440  17.029  -65.471  -1.400 0.1000000015
16340  16.507  -64.853  -3.651 0.1000000015
130438  17.379  -63.305  -1.015 0.2000000030
15423  17.026  -65.144  -3.008 0.1000000015
133507  17.346  -64.819  -2.523 0.1000000015
16351  16.703  -64.306  -4.163 0.1000000015
132429  15.250  -63.333  -4.769 0.1000000015
18095  17.431  -62.614  -0.853 0.5000000000
18078  17.373  -62.303  0.007 0.5000000000
115357  17.549  -63.047  -1.585 0.2000000030
17248  17.630  -63.645  -2.175 0.2000000030
113692  17.564  -64.195  -2.713 0.1000000015
114132  17.655  -63.380  -2.919 0.2000000030
123912  17.615  -62.196  -1.701 0.5000000000
114259  17.709  -63.314  -3.688 0.2000000030
114157  17.354  -64.066  -4.053 0.1000000015
17297  17.090  -62.773  -4.950 0.2000000030
18150  16.013  -62.932  -4.930 0.1000000015
18162  16.613  -62.206  -5.267 0.2000000030
136284  15.127  -62.038  -5.197 0.1000000015
18990  14.632  -61.916  -5.134 0.1000000015
19855  15.315  -60.740  -5.689 0.2000000030
19856  14.432  -60.347  -5.703 0.2000000030
18907  16.482  -61.462  1.387 0.6999999881
18922  17.475  -61.368  0.154 0.5000000000
121109  17.682  -60.802  -0.624 0.6000000238
18954  17.683  -61.175  -1.516 0.6000000238
122815  17.956  -62.093  -3.915 0.3000000119
21484  4.357  -57.981  -0.178 0.4000000060
113986  18.232  -60.586  -5.143 0.3000000119
19003  17.541  -61.425  -5.544 0.2000000030
19865  16.681  -60.012  -6.205 0.2000000030
19866  15.861  -60.085  -6.105 0.2000000030
21574  14.659  -58.578  -6.789 0.2000000030
21575  13.548  -58.475  -6.840 0.2000000030
20644  17.564  -59.536  0.329 0.6999999881
20657  17.768  -59.793  -0.577 0.6999999881
20723  17.965  -59.955  -5.314 0.4000000060
20724  17.622  -59.476  -5.736 0.4000000060
22460  16.206  -57.784  -6.657 0.3000000119
22461  15.265  -57.783  -6.921 0.3000000119
121685  13.740  -56.165  -7.469 0.3000000119
21571  17.380  -58.524  -6.116 0.4000000060
123180  16.971  -57.788  -6.389 0.5000000000
23292  6.019  -55.961  -2.431 0.3000000119
24208  7.790  -55.427  -3.942 0.1000000015
24244  13.647  -55.250  -7.601 0.3000000119
25154  12.226  -54.613  -7.236 0.2000000030
26016  7.232  -52.610  -4.613 0.2000000030
131456  11.572  -53.795  -7.007 0.3000000119
26030  9.275  -52.742  -5.451 0.2000000030
171  6.532  -92.766  -9.011 0.2000000030
121461  7.955  -92.115  -9.676 0.2000000030
1202  23.933  -88.003  4.581 0.4000000060
862  23.654  -88.212  3.727 0.3000000119
855  22.997  -88.333  4.429 0.4000000060
1191  23.263  -88.033  5.000 0.3000000119
856  22.321  -88.252  4.631 0.4000000060
863  22.634  -88.641  3.705 0.4000000060
137613  22.367  -88.500  4.296 0.4000000060
605  21.817  -89.207  3.433 0.4000000060
864  21.739  -88.745  4.162 0.5000000000
612  21.948  -89.470  2.428 0.4000000060
606  20.988  -89.282  3.916 0.5000000000
137658  20.539  -89.112  3.858 0.5000000000
623  20.247  -90.177  2.951 0.5000000000
122151  19.525  -89.932  3.233 0.5000000000
138281  19.853  -89.411  3.393 0.5000000000
403  19.346  -90.787  2.015 0.6000000238
624  18.925  -90.358  2.645 0.5000000000
615  18.812  -89.694  2.739 0.5000000000
894  16.982  -89.162  0.698 0.5000000000
411  19.987  -90.765  0.979 0.6000000238
412  19.132  -91.185  1.120 0.6000000238
404  18.495  -90.884  2.095 0.5000000000
414  17.217  -90.700  1.524 0.6000000238
634  17.171  -89.946  1.454 0.5000000000
429  19.619  -90.775  -1.071 0.6000000238
873  23.475  -88.399  2.774 0.4000000060
1192  22.713  -87.800  5.061 0.3000000119
1193  21.887  -87.755  4.674 0.4000000060
874  22.665  -88.915  2.691 0.4000000060
129323  21.566  -88.275  4.392 0.5000000000
865  20.880  -88.611  4.089 0.5000000000
622  21.145  -90.094  1.991 0.5000000000
633  20.828  -90.398  0.910 0.6000000238
876  19.491  -89.114  3.018 0.5000000000
892  18.056  -88.529  1.428 0.5000000000
119348  17.594  -88.155  0.731 0.5000000000
419  19.805  -90.881  -0.106 0.6000000238
886  18.861  -88.942  2.410 0.5000000000
887  18.221  -89.310  2.080 0.5000000000
1220  18.629  -88.295  1.759 0.5000000000
645  20.359  -90.361  -1.182 0.6000000238
4117  24.487  -81.699  -16.162 0.5000000000
137751  24.359  -82.289  -17.124 0.6000000238
3589  24.573  -82.485  -17.729 0.5000000000
125566  24.088  -84.041  -20.660 0.6999999881
2629  24.252  -84.261  -21.708 0.6999999881
1558  17.909  -87.993  8.388 0.2000000030
1201  24.509  -87.804  3.795 0.2000000030
1190  24.776  -87.684  4.710 0.2000000030
1947  17.713  -86.249  7.814 0.3000000119
1955  17.828  -85.325  7.736 0.3000000119
861  24.359  -88.006  2.836 0.3000000119
124097  24.286  -87.618  5.291 0.3000000119
1184  23.515  -87.607  5.298 0.3000000119
885  22.776  -89.067  1.738 0.4000000060
621  22.128  -89.549  1.336 0.5000000000
1590  22.288  -86.950  4.876 0.4000000060
1203  21.210  -87.747  4.177 0.4000000060
631  22.401  -89.677  0.238 0.4000000060
1625  17.704  -86.227  0.143 0.5000000000
127800  21.586  -90.030  0.845 0.5000000000
632  21.487  -90.255  -0.074 0.6000000238
1204  20.593  -87.759  3.514 0.5000000000
1212  19.988  -88.079  2.792 0.5000000000
115293  17.883  -87.175  0.516 0.5000000000
1231  18.327  -87.671  1.005 0.5000000000
2013  17.803  -85.070  0.030 0.5000000000
410  20.632  -90.561  -0.127 0.6000000238
1219  19.314  -88.136  2.216 0.5000000000
1230  19.099  -87.206  1.328 0.5000000000
3554  25.656  -82.409  -14.180 0.5000000000
3561  24.792  -82.237  -14.834 0.5000000000
3045  25.152  -83.259  -14.550 0.5000000000
4109  25.150  -81.391  -14.695 0.5000000000
3579  24.839  -81.847  -17.048 0.5000000000
3073  24.921  -82.776  -18.693 0.5000000000
3099  24.779  -83.515  -20.210 0.6000000238
3098  25.571  -83.194  -20.620 0.6000000238
2638  24.212  -84.384  -22.848 0.6999999881
2618  25.044  -83.790  -21.259 0.6000000238
2151  24.241  -84.679  -23.840 0.5000000000
2645  25.061  -84.151  -24.248 0.5000000000
2649  24.848  -83.946  -25.238 0.3000000119
1498  9.966  -86.590  15.755 0.2000000030
563  15.684  -89.704  10.909 0.1000000015
833  15.990  -89.943  10.072 0.1000000015
825  16.718  -89.636  11.187 0.1000000015
1154  17.589  -88.820  8.765 0.1000000015
1153  18.442  -88.103  9.223 0.1000000015
1557  18.685  -87.274  8.924 0.2000000030
1550  19.078  -87.493  9.612 0.2000000030
1183  25.126  -87.503  5.465 0.2000000030
1563  18.037  -86.937  8.222 0.3000000119
130450  18.804  -86.417  8.847 0.3000000119
1581  24.868  -87.416  5.963 0.3000000119
1574  24.934  -87.354  6.606 0.3000000119
1946  18.489  -85.702  8.414 0.3000000119
1937  19.374  -85.667  9.044 0.3000000119
1945  19.256  -85.001  8.602 0.3000000119
127602  24.382  -88.341  1.903 0.3000000119
2371  18.751  -84.687  8.098 0.3000000119
2870  18.318  -82.810  5.980 0.3000000119
115959  23.345  -88.615  2.009 0.4000000060
630  23.558  -89.256  0.230 0.4000000060
1582  24.139  -87.301  5.780 0.3000000119
1583  23.483  -86.684  5.692 0.3000000119
2852  18.757  -83.405  6.778 0.3000000119
884  23.651  -88.764  1.170 0.3000000119
1589  23.140  -87.137  5.332 0.3000000119
1981  22.682  -86.000  5.088 0.4000000060
1598  21.573  -86.916  4.330 0.5000000000
1987  21.354  -86.136  3.961 0.5000000000
1599  21.068  -86.845  3.690 0.5000000000
1624  18.501  -86.668  0.627 0.5000000000
2012  18.557  -85.571  0.458 0.5000000000
2911  18.329  -83.774  0.787 0.5000000000
131508  20.282  -87.158  2.648 0.5000000000
1615  19.609  -86.188  1.475 0.5000000000
138049  18.826  -84.942  0.648 0.5000000000
2447  18.401  -84.626  0.458 0.5000000000
644  21.305  -90.294  -0.986 0.6000000238
120049  19.800  -87.174  2.028 0.5000000000
116473  20.277  -89.304  -1.552 0.5000000000
130095  26.062  -81.294  -14.284 0.4000000060
136371  26.465  -82.196  -13.892 0.5000000000
118349  26.593  -83.097  -13.789 0.5000000000
3044  26.010  -83.631  -14.132 0.5000000000
4108  25.559  -80.605  -14.944 0.4000000060
3578  25.708  -81.612  -17.648 0.5000000000
3605  25.760  -82.517  -19.067 0.5000000000
117445  26.128  -82.819  -20.026 0.5000000000
2628  25.739  -83.853  -22.080 0.4000000060
121629  24.928  -84.295  -23.499 0.5000000000
2652  25.383  -83.272  -25.713 0.3000000119
1491  9.856  -87.410  17.180 0.2000000030
1483  10.549  -86.476  17.690 0.2000000030
1886  10.363  -85.760  14.543 0.2000000030
129002  10.171  -85.952  15.286 0.2000000030
1892  10.891  -85.533  13.796 0.2000000030
138430  15.114  -89.606  12.782 0.1000000015
806  15.832  -89.482  13.815 0.1000000015
826  14.925  -89.455  11.030 0.1000000015
817  15.251  -89.630  11.994 0.1000000015
121455  16.306  -89.515  12.965 0.1000000015
816  16.114  -89.599  11.813 0.1000000015
815  17.380  -89.371  12.475 0.1000000015
832  17.063  -89.368  9.574 0.1000000015
121536  17.167  -89.480  10.577 0.1000000015
1189  25.185  -87.354  4.822 0.2000000030
1200  24.946  -87.322  3.837 0.2000000030
831  18.266  -89.075  10.589 0.1000000015
1580  25.502  -87.144  5.319 0.2000000030
1143  19.970  -88.084  10.930 0.2000000030
1211  24.897  -87.679  2.876 0.2000000030
1573  25.555  -87.408  6.265 0.2000000030
1549  19.708  -87.352  10.257 0.2000000030
130049  20.763  -87.348  10.823 0.2000000030
122308  26.188  -86.887  6.835 0.2000000030
1556  19.420  -86.594  9.555 0.2000000030
1965  25.588  -87.125  7.358 0.2000000030
2358  20.040  -84.879  8.961 0.3000000119
883  24.562  -88.446  1.062 0.3000000119
1575  24.094  -86.793  6.338 0.3000000119
1966  24.769  -86.936  7.156 0.3000000119
2384  19.249  -83.938  7.628 0.3000000119
1967  23.659  -85.962  6.688 0.3000000119
2381  24.030  -85.826  7.508 0.3000000119
2382  22.877  -84.825  7.776 0.2000000030
2367  23.096  -85.065  8.813 0.3000000119
128337  20.532  -83.796  7.326 0.3000000119
2851  19.839  -83.590  7.085 0.3000000119
3387  18.864  -82.572  5.288 0.4000000060
1974  23.172  -85.858  5.860 0.3000000119
2408  22.662  -85.069  6.211 0.3000000119
2396  22.026  -84.474  6.843 0.3000000119
2857  19.735  -83.223  6.288 0.4000000060
2869  19.717  -82.915  5.367 0.4000000060
3407  18.420  -82.002  3.587 0.4000000060
1982  21.831  -85.989  4.485 0.5000000000
2418  22.307  -85.061  5.394 0.5000000000
3406  19.209  -82.442  3.827 0.4000000060
642  23.085  -89.618  -0.654 0.4000000060
2896  19.968  -83.523  2.683 0.5000000000
3413  19.517  -82.929  2.455 0.4000000060
643  22.126  -89.943  -0.798 0.4000000060
1607  20.637  -86.546  2.997 0.5000000000
1608  20.180  -86.112  2.223 0.5000000000
2004  19.817  -85.178  1.761 0.5000000000
2439  19.414  -84.337  1.522 0.5000000000
2904  18.915  -83.572  1.388 0.5000000000
656  21.885  -89.685  -1.451 0.4000000060
2011  19.261  -85.241  0.994 0.5000000000
2440  18.875  -84.396  0.951 0.5000000000
922  21.818  -88.577  -2.322 0.4000000060
657  21.046  -89.617  -1.560 0.4000000060
4092  30.553  -81.228  -12.815 0.2000000030
4091  31.594  -81.554  -12.918 0.1000000015
3547  31.611  -82.989  -13.683 0.1000000015
4669  30.134  -80.319  -12.729 0.1000000015
4102  31.030  -82.102  -13.111 0.2000000030
4093  29.706  -80.852  -12.880 0.2000000030
4103  29.006  -81.082  -13.117 0.3000000119
3549  29.258  -82.204  -13.260 0.2000000030
3030  29.750  -83.248  -13.650 0.2000000030
3041  30.394  -84.115  -14.217 0.3000000119
4675  28.099  -80.340  -13.463 0.2000000030
3550  27.576  -81.937  -13.476 0.4000000060
128433  28.156  -84.215  -13.788 0.4000000060
4676  27.393  -80.252  -13.931 0.2000000030
4687  26.387  -80.439  -14.662 0.3000000119
4136  25.458  -81.304  -16.864 0.5000000000
4124  25.697  -80.796  -16.126 0.3000000119
4135  26.248  -81.148  -17.294 0.3000000119
4199  26.076  -82.025  -21.476 0.2000000030
3588  26.241  -81.985  -18.413 0.4000000060
122573  25.136  -82.878  -24.522 0.4000000060
3109  26.715  -83.617  -21.948 0.5000000000
137133  25.625  -83.789  -24.157 0.3000000119
3139  25.853  -82.961  -25.241 0.3000000119
2627  26.374  -83.727  -22.756 0.3000000119
2636  26.179  -83.631  -23.472 0.3000000119
4171  9.896  -81.859  -19.847 0.2000000030
2644  25.930  -83.441  -24.013 0.3000000119
4755  12.387  -80.525  -19.529 0.4000000060
4736  12.676  -80.408  -18.641 0.3000000119
1484  10.135  -87.384  18.317 0.2000000030
1867  10.685  -86.179  18.626 0.2000000030
1490  10.301  -86.516  16.712 0.2000000030
133309  10.974  -85.703  18.050 0.2000000030
2309  10.791  -85.023  15.400 0.2000000030
1873  10.949  -85.556  17.252 0.2000000030
126914  15.375  -89.436  14.480 0.1000000015
2321  12.113  -84.417  13.037 0.2000000030
130883  10.946  -84.937  14.492 0.2000000030
794  16.664  -89.417  15.117 0.1000000015
133244  17.028  -89.422  14.269 0.1000000015
805  17.457  -89.372  13.618 0.1000000015
804  18.372  -89.203  13.657 0.1000000015
824  17.941  -89.382  11.490 0.1000000015
814  18.690  -89.145  12.639 0.1000000015
823  19.028  -88.966  11.698 0.1000000015
813  19.773  -88.782  12.785 0.1000000015
1136  19.315  -88.673  10.988 0.1000000015
1135  19.949  -88.395  11.860 0.1000000015
1509  20.474  -87.448  14.214 0.1000000015
1127  20.895  -88.302  12.850 0.2000000030
114708  21.084  -87.934  13.571 0.1000000015
1134  20.861  -87.932  11.796 0.2000000030
1133  21.737  -87.758  12.618 0.1000000015
1964  26.229  -86.456  7.814 0.2000000030
1555  20.172  -86.588  10.223 0.2000000030
1541  21.665  -87.411  11.733 0.2000000030
1953  26.124  -86.115  8.412 0.2000000030
1926  21.021  -86.364  10.429 0.2000000030
127951  21.619  -86.929  10.994 0.2000000030
1954  25.818  -86.395  8.139 0.2000000030
128037  25.124  -86.547  7.907 0.1000000015
1935  23.648  -85.658  10.574 0.2000000030
1547  23.389  -86.017  11.070 0.2000000030
132594  22.373  -85.437  10.100 0.2000000030
123187  24.445  -85.500  9.389 0.1000000015
2355  23.327  -85.372  9.768 0.1000000015
2356  22.083  -84.921  9.138 0.3000000119
136857  21.289  -84.487  8.631 0.3000000119
2383  21.742  -84.319  7.620 0.3000000119
126191  20.285  -83.336  5.837 0.4000000060
116427  21.860  -85.097  4.708 0.5000000000
2409  21.709  -84.343  5.802 0.5000000000
2868  20.467  -83.397  5.123 0.5000000000
2881  19.998  -82.941  4.296 0.5000000000
3394  19.306  -82.582  4.655 0.4000000060
2419  21.289  -84.368  4.457 0.5000000000
2420  20.711  -83.684  4.352 0.5000000000
2889  20.327  -83.531  3.519 0.5000000000
120003  19.737  -82.867  3.229 0.5000000000
655  22.694  -89.585  -1.449 0.4000000060
1988  21.034  -85.848  3.359 0.5000000000
2432  20.387  -84.406  2.934 0.5000000000
2433  19.945  -84.289  2.161 0.5000000000
4089  34.509  -82.745  -13.354 0.1000000015
4666  33.313  -81.456  -13.081 0.1000000015
3531  33.652  -83.189  -13.445 0.1000000015
5294  32.848  -80.231  -12.679 0.1000000015
4667  32.013  -80.774  -12.691 0.1000000015
4090  32.911  -82.070  -13.212 0.1000000015
3546  32.876  -83.487  -13.746 0.1000000015
5296  30.854  -79.809  -12.561 0.1000000015
3028  32.164  -84.028  -14.279 0.2000000030
3040  31.404  -84.396  -14.374 0.2000000030
2562  31.658  -85.043  -14.406 0.3000000119
2563  30.936  -84.990  -14.442 0.4000000060
4674  29.106  -79.990  -13.068 0.3000000119
128064  30.009  -84.772  -14.310 0.4000000060
121779  30.341  -85.809  -14.444 0.4000000060
5307  27.811  -79.672  -13.867 0.2000000030
4686  27.038  -80.124  -15.078 0.2000000030
4123  26.738  -80.624  -16.622 0.3000000119
4148  26.811  -81.554  -18.015 0.4000000060
127561  25.437  -81.958  -20.698 0.2000000030
4147  27.754  -81.700  -18.091 0.2000000030
3587  27.249  -82.116  -18.657 0.2000000030
4179  25.564  -81.630  -19.765 0.2000000030
3085  27.249  -82.945  -20.442 0.2000000030
3604  26.698  -82.443  -19.362 0.4000000060
3096  27.415  -83.405  -21.364 0.4000000060
3652  25.514  -82.969  -23.719 0.3000000119
2626  28.474  -84.072  -21.060 0.2000000030
3651  26.363  -83.113  -23.909 0.3000000119
125726  27.212  -83.646  -22.620 0.2000000030
3121  26.951  -83.511  -23.315 0.2000000030
3130  26.774  -83.214  -23.805 0.2000000030
4735  13.485  -80.537  -18.163 0.3000000119
1866  10.991  -85.175  18.650 0.2000000030
2295  11.449  -84.564  17.450 0.3000000119
2308  11.606  -84.152  14.986 0.3000000119
2302  11.152  -84.802  16.516 0.2000000030
118001  11.300  -85.080  17.991 0.2000000030
2795  12.031  -83.557  13.465 0.3000000119
2789  12.121  -83.265  14.596 0.3000000119
2301  11.616  -84.116  15.933 0.3000000119
2332  12.571  -84.296  12.523 0.3000000119
2802  12.296  -83.664  12.648 0.3000000119
132588  12.175  -83.212  12.189 0.3000000119
3321  12.724  -82.825  11.114 0.4000000060
3322  11.564  -82.483  11.373 0.4000000060
793  18.096  -89.203  14.632 0.1000000015
792  18.908  -88.865  14.517 0.1000000015
1109  18.942  -88.159  14.978 0.1000000015
3346  11.524  -82.655  9.668 0.4000000060
1108  19.668  -88.350  14.381 0.1000000015
1119  20.291  -88.410  13.605 0.1000000015
116765  18.991  -87.084  14.905 0.1000000015
1510  19.579  -87.565  14.667 0.1000000015
1897  20.227  -86.405  14.106 0.1000000015
1521  21.579  -87.331  13.706 0.1000000015
1520  22.307  -87.186  13.284 0.1000000015
1126  22.318  -87.408  12.999 0.2000000030
1530  23.675  -86.378  12.350 0.2000000030
133361  23.084  -86.433  11.604 0.2000000030
1539  23.224  -86.669  12.337 0.2000000030
1933  25.310  -85.531  9.724 0.1000000015
1924  24.289  -85.738  11.200 0.1000000015
1538  23.950  -86.361  11.917 0.2000000030
1943  25.765  -85.769  8.795 0.2000000030
1934  24.600  -85.633  10.388 0.1000000015
5291  36.838  -80.346  -12.605 0.1000000015
5290  37.497  -80.409  -12.643 0.1000000015
4662  36.768  -80.746  -12.947 0.1000000015
4663  35.926  -81.562  -12.941 0.1000000015
5301  37.351  -80.624  -13.243 0.1000000015
4087  35.634  -81.968  -13.252 0.1000000015
4088  35.534  -82.207  -12.862 0.1000000015
5302  36.473  -80.761  -13.519 0.1000000015
123081  34.960  -80.949  -13.533 0.1000000015
4673  35.409  -81.943  -13.492 0.1000000015
4101  35.248  -82.392  -13.373 0.1000000015
3530  35.183  -82.816  -12.944 0.1000000015
4665  34.372  -81.512  -13.345 0.1000000015
119323  34.595  -83.431  -12.877 0.1000000015
5293  33.794  -80.108  -13.001 0.1000000015
129413  32.932  -79.304  -12.633 0.1000000015
3016  33.870  -84.074  -12.919 0.1000000015
3003  32.973  -84.739  -12.197 0.1000000015
5295  32.060  -79.081  -12.496 0.1000000015
5297  29.838  -79.392  -12.836 0.1000000015
3027  32.938  -84.303  -13.618 0.1000000015
2551  32.397  -84.724  -14.103 0.2000000030
116833  31.113  -78.946  -12.515 0.1000000015
5895  30.528  -78.312  -12.759 0.1000000015
115569  31.720  -85.617  -13.128 0.3000000119
2101  31.222  -86.192  -13.797 0.4000000060
2108  31.261  -85.670  -14.293 0.4000000060
1701  30.505  -86.835  -13.084 0.4000000060
5306  28.443  -79.442  -13.650 0.1000000015
1710  30.532  -86.814  -13.989 0.4000000060
1313  30.324  -87.377  -14.616 0.4000000060
5316  28.362  -79.485  -14.835 0.1000000015
4712  27.685  -80.478  -16.981 0.2000000030
4699  28.231  -80.138  -16.407 0.1000000015
4134  27.234  -81.044  -17.499 0.2000000030
4164  24.900  -81.464  -19.355 0.3000000119
4748  24.560  -80.920  -18.828 0.3000000119
4730  24.138  -80.245  -18.265 0.4000000060
130532  28.544  -80.583  -17.116 0.1000000015
4181  23.608  -81.823  -20.201 0.3000000119
3602  28.687  -82.422  -19.713 0.2000000030
3603  27.733  -82.449  -19.571 0.2000000030
3601  29.571  -82.491  -19.891 0.1000000015
3084  28.413  -83.121  -20.384 0.2000000030
4209  26.633  -82.330  -22.511 0.2000000030
3095  29.241  -84.156  -20.629 0.1000000015
4208  27.509  -82.356  -22.588 0.2000000030
3640  27.274  -82.780  -23.477 0.2000000030
2635  28.859  -84.332  -22.139 0.1000000015
3650  27.563  -83.112  -23.868 0.2000000030
4753  14.107  -80.348  -19.195 0.6000000238
118064  13.255  -80.365  -19.143 0.4000000060
3129  27.551  -83.376  -23.691 0.2000000030
4717  15.058  -80.683  -17.125 0.4000000060
4705  14.351  -79.802  -16.288 0.3000000119
4692  16.118  -80.184  -14.898 0.2000000030
118372  9.901  -85.599  21.403 0.3000000119
1479  10.485  -86.787  19.441 0.2000000030
1841  10.444  -86.155  20.441 0.2000000030
2253  9.904  -84.542  21.643 0.3000000119
133626  10.502  -84.818  20.419 0.3000000119
129352  9.775  -88.060  17.764 0.1000000015
2270  10.952  -84.496  19.299 0.3000000119
2259  10.922  -83.784  19.913 0.3000000119
126553  11.241  -83.585  19.018 0.3000000119
2773  11.718  -83.668  17.595 0.4000000060
2759  11.909  -82.820  17.553 0.4000000060
120907  12.001  -82.749  13.988 0.4000000060
118346  12.412  -82.720  15.358 0.3000000119
124026  11.429  -82.617  12.829 0.4000000060
117216  12.147  -82.525  10.750 0.4000000060
120849  11.108  -82.525  12.045 0.5000000000
3347  10.590  -82.666  9.926 0.5000000000
1523  18.903  -86.318  14.396 0.1000000015
1519  22.692  -86.844  13.109 0.2000000030
1905  23.216  -86.499  12.653 0.2000000030
1917  24.246  -86.025  11.929 0.1000000015
123864  38.059  -79.569  -12.432 0.1000000015
5890  37.338  -79.839  -12.460 0.1000000015
116212  37.104  -80.108  -13.903 0.1000000015
3515  34.617  -83.107  -11.857 0.1000000015
5303  35.366  -80.114  -13.591 0.1000000015
5304  34.363  -79.795  -13.259 0.1000000015
3001  34.331  -83.753  -12.026 0.1000000015
3002  33.883  -84.350  -11.325 0.1000000015
3019  21.954  -83.124  -12.996 0.3000000119
5894  31.370  -78.055  -12.599 0.1000000015
2078  28.072  -85.430  -10.852 0.3000000119
2085  27.604  -85.671  -11.395 0.3000000119
128912  26.608  -84.551  -11.656 0.3000000119
2538  31.433  -85.870  -11.533 0.4000000060
2083  30.029  -86.495  -10.787 0.3000000119
1693  29.479  -86.943  -11.489 0.3000000119
1694  28.735  -86.818  -11.458 0.4000000060
1695  27.896  -86.412  -11.686 0.4000000060
2525  26.778  -85.216  -11.753 0.3000000119
2086  26.130  -85.541  -12.153 0.3000000119
5906  29.566  -78.455  -13.605 0.1000000015
5913  29.371  -78.386  -14.060 0.1000000015
2523  31.477  -85.817  -10.313 0.3000000119
2082  30.807  -86.217  -10.373 0.3000000119
2092  30.236  -86.766  -11.851 0.4000000060
5920  28.833  -78.948  -14.331 0.1000000015
5329  28.734  -79.727  -15.848 0.1000000015
5950  24.104  -78.564  -18.012 0.3000000119
4698  29.236  -80.261  -16.785 0.1000000015
4747  25.490  -80.898  -18.969 0.3000000119
4728  25.791  -80.054  -18.429 0.3000000119
5351  25.201  -79.368  -18.331 0.3000000119
5352  24.480  -79.443  -18.149 0.3000000119
4132  29.236  -81.006  -17.700 0.1000000015
4133  28.209  -81.101  -17.598 0.1000000015
4770  26.332  -81.146  -19.431 0.2000000030
5353  23.657  -79.407  -17.757 0.4000000060
3585  29.085  -81.991  -19.068 0.1000000015
4178  26.404  -81.709  -20.472 0.2000000030
4163  29.876  -82.033  -19.353 0.1000000015
3614  30.665  -83.912  -20.700 0.1000000015
3600  30.571  -82.730  -20.051 0.1000000015
3094  29.972  -84.703  -20.813 0.1000000015
3128  28.063  -83.364  -23.412 0.2000000030
2625  29.562  -84.740  -21.527 0.1000000015
2634  29.606  -84.376  -22.214 0.1000000015
4703  16.245  -79.560  -16.252 0.5000000000
4716  15.925  -80.303  -17.191 0.5000000000
5332  14.827  -79.495  -15.739 0.2000000030
4704  15.305  -79.816  -16.286 0.4000000060
131539  17.714  -83.917  -18.542 0.3000000119
1086  9.861  -87.988  19.261 0.2000000030
137936  9.527  -88.459  19.975 0.2000000030
2739  10.413  -83.815  20.866 0.3000000119
2745  11.168  -83.078  19.523 0.3000000119
2760  11.667  -83.246  18.278 0.4000000060
122825  12.401  -81.810  16.431 0.4000000060
3819  12.066  -81.995  17.367 0.4000000060
3850  12.289  -81.703  15.105 0.5000000000
3296  12.551  -82.084  15.589 0.5000000000
3309  10.366  -82.034  13.271 0.5000000000
2833  10.909  -83.349  9.367 0.5000000000
2834  10.007  -83.422  9.744 0.5000000000
1939  10.443  -85.483  9.197 0.5000000000
115717  20.722  -79.038  -8.079 0.3000000119
4664  35.611  -81.522  -12.563 0.1000000015
5902  36.149  -79.665  -13.929 0.1000000015
5904  34.298  -78.888  -13.258 0.1000000015
134861  27.183  -83.247  -11.232 0.3000000119
3004  26.896  -83.924  -11.426 0.3000000119
4077  23.946  -81.734  -12.401 0.3000000119
4095  23.289  -82.142  -12.496 0.3000000119
2992  27.622  -83.895  -10.889 0.3000000119
2524  27.392  -84.812  -11.175 0.3000000119
3005  26.092  -83.907  -11.824 0.3000000119
3006  25.299  -83.699  -12.238 0.3000000119
3519  25.102  -82.574  -12.264 0.3000000119
3017  23.635  -83.909  -12.838 0.3000000119
2076  29.431  -86.027  -10.554 0.3000000119
2526  25.942  -84.826  -11.987 0.3000000119
124248  25.228  -84.667  -12.239 0.3000000119
3533  24.367  -83.156  -12.507 0.3000000119
2527  24.544  -84.274  -12.473 0.3000000119
5919  29.598  -78.629  -14.785 0.1000000015
2514  31.042  -85.771  -9.638 0.3000000119
7159  20.437  -76.446  -19.779 0.6000000238
5367  26.607  -79.818  -18.564 0.3000000119
123144  23.328  -78.384  -17.937 0.5000000000
5951  22.550  -78.319  -17.971 0.5000000000
3563  18.089  -81.949  -15.945 0.3000000119
2250  9.160  -84.191  22.943 0.2000000030
2730  8.882  -83.324  23.202 0.2000000030
1829  9.194  -86.358  22.288 0.2000000030
1824  9.332  -85.179  22.690 0.3000000119
3245  9.676  -82.744  22.158 0.2000000030
1471  10.154  -87.395  20.311 0.2000000030
2733  9.869  -83.647  21.987 0.3000000119
123694  10.387  -83.119  21.262 0.3000000119
3257  11.252  -82.370  19.534 0.4000000060
2738  10.908  -82.946  20.358 0.3000000119
3264  11.834  -82.347  18.170 0.4000000060
3265  11.575  -81.914  18.788 0.4000000060
3833  12.232  -81.044  16.416 0.4000000060
134209  12.080  -81.200  17.104 0.4000000060
3851  11.677  -81.417  14.669 0.5000000000
3843  12.401  -81.333  15.807 0.5000000000
3297  9.330  -81.996  14.962 0.6000000238
3304  8.824  -82.670  14.508 0.6000000238
5234  21.566  -78.868  -7.727 0.3000000119
5249  21.408  -78.807  -8.348 0.3000000119
5268  20.690  -79.260  -8.866 0.3000000119
5267  21.161  -79.698  -9.598 0.3000000119
4078  23.128  -81.355  -12.185 0.3000000119
4079  22.209  -81.160  -11.952 0.3000000119
4076  25.509  -81.859  -11.849 0.3000000119
125376  24.718  -81.641  -12.203 0.3000000119
3517  26.545  -83.076  -11.532 0.3000000119
3518  25.843  -82.869  -11.924 0.3000000119
5968  22.802  -77.849  -18.667 0.6000000238
3777  8.248  -81.502  24.266 0.2000000030
132366  8.502  -82.491  23.629 0.2000000030
3233  9.155  -81.894  22.721 0.2000000030
121489  9.937  -86.903  21.272 0.2000000030
128062  9.977  -82.070  21.696 0.2000000030
3250  11.014  -82.032  20.305 0.3000000119
3251  10.546  -82.444  21.114 0.2000000030
3802  11.284  -81.552  19.474 0.4000000060
4390  12.037  -80.595  17.581 0.4000000060
4413  12.038  -80.557  16.160 0.6000000238
4397  12.015  -80.505  16.916 0.4000000060
4414  11.823  -79.907  16.814 0.5000000000
3846  9.985  -81.312  15.422 0.6000000238
4429  10.669  -80.569  15.829 0.6000000238
4415  11.078  -79.842  16.289 0.5000000000
2790  8.190  -83.256  14.907 0.6000000238
117514  7.840  -83.619  14.303 0.6000000238
5266  22.570  -79.206  -9.513 0.3000000119
4645  23.276  -79.882  -11.290 0.3000000119
4064  25.910  -81.138  -11.346 0.3000000119
4656  25.006  -80.888  -11.669 0.3000000119
4657  23.932  -80.774  -11.963 0.3000000119
7881  19.068  -75.405  -22.546 0.6000000238
3217  7.847  -82.451  24.850 0.1000000015
2731  8.004  -83.680  24.295 0.1000000015
3234  7.902  -83.013  24.428 0.1000000015
3776  8.942  -80.988  23.046 0.2000000030
1445  8.415  -87.040  22.972 0.1000000015
1825  8.385  -85.842  23.784 0.1000000015
1080  8.980  -88.666  21.323 0.1000000015
1079  9.468  -88.091  20.875 0.1000000015
115910  10.264  -80.979  21.044 0.2000000030
3790  9.733  -81.402  21.852 0.2000000030
4378  10.592  -80.447  20.353 0.2000000030
3797  10.548  -81.708  21.028 0.2000000030
4391  11.859  -80.283  18.241 0.4000000060
4981  11.252  -79.596  18.721 0.3000000119
4416  10.344  -79.957  16.434 0.6000000238
5004  11.361  -79.291  16.784 0.4000000060
3834  9.914  -81.079  16.430 0.6000000238
3847  9.379  -81.965  15.918 0.6000000238
2784  8.368  -83.218  15.864 0.6000000238
3298  8.813  -82.637  15.408 0.6000000238
2303  7.357  -84.326  16.080 0.6000000238
2310  7.149  -84.252  15.116 0.6000000238
2311  6.726  -84.955  15.666 0.6000000238
120012  8.063  -81.758  24.964 0.2000000030
4367  9.482  -80.570  22.005 0.2000000030
120467  9.915  -80.318  21.134 0.2000000030
4982  10.693  -79.743  19.716 0.2000000030
125318  10.703  -79.059  19.133 0.2000000030
5608  10.952  -78.463  16.945 0.3000000119
5600  11.106  -78.411  17.472 0.3000000119
5593  10.305  -78.259  19.010 0.3000000119
4399  9.683  -80.158  16.945 0.5000000000
5006  9.922  -79.121  16.622 0.5000000000
3820  9.499  -81.201  17.347 0.5000000000
3291  8.896  -82.642  16.337 0.6000000238
3279  8.807  -82.658  17.277 0.6000000238
131644  8.451  -83.124  16.618 0.6000000238
3280  8.300  -83.013  17.894 0.6000000238
2780  7.919  -83.663  16.477 0.6000000238
137954  7.853  -83.700  17.094 0.6000000238
2296  7.471  -84.227  17.143 0.6000000238
2304  6.861  -84.988  16.737 0.6000000238
123572  8.489  -80.624  24.139 0.2000000030
4351  8.727  -80.020  24.424 0.2000000030
4368  8.934  -79.974  23.234 0.2000000030
4951  9.063  -79.419  23.722 0.2000000030
4961  9.309  -79.154  22.599 0.2000000030
4973  9.382  -79.023  21.314 0.2000000030
4972  9.980  -79.723  20.712 0.2000000030
5584  10.001  -78.942  20.063 0.2000000030
4997  9.212  -79.168  16.994 0.4000000060
128504  8.813  -78.122  16.926 0.3000000119
6199  9.773  -77.373  17.611 0.3000000119
132445  9.938  -77.553  18.424 0.3000000119
122319  8.998  -81.299  18.174 0.6000000238
4400  9.145  -80.226  17.638 0.6000000238
4991  8.462  -79.146  17.663 0.4000000060
4998  8.095  -77.796  17.399 0.4000000060
5610  8.649  -77.369  17.232 0.3000000119
3810  8.732  -82.276  18.207 0.6000000238
135335  8.594  -81.725  18.581 0.6000000238
3811  8.252  -81.087  18.851 0.6000000238
2746  7.228  -83.385  19.109 0.6000000238
3258  7.281  -82.530  19.256 0.6000000238
3266  7.708  -83.422  18.426 0.6000000238
2297  7.042  -85.054  17.899 0.6000000238
12992  12.540  -68.037  -17.326 0.5000000000
12266  11.762  -68.542  -17.279 0.5000000000
127965  10.274  -68.921  -17.045 0.5000000000
5585  9.279  -78.310  20.715 0.2000000030
5594  9.428  -77.751  19.494 0.3000000119
6209  8.052  -76.967  17.586 0.3000000119
4384  7.396  -80.563  19.381 0.6000000238
4394  7.139  -79.433  19.174 0.5000000000
12991  14.023  -68.296  -18.329 0.5000000000
12264  13.319  -68.739  -18.085 0.5000000000
13007  14.146  -69.090  -18.785 0.5000000000
128668  9.320  -78.546  21.758 0.2000000030
6175  8.864  -77.671  20.664 0.2000000030
6190  8.624  -77.149  19.615 0.2000000030
6201  8.284  -76.723  18.522 0.3000000119
5603  6.649  -78.135  18.771 0.4000000060
6202  7.466  -76.839  18.088 0.4000000060
4983  6.206  -79.198  19.739 0.6000000238
135691  5.351  -81.350  21.330 0.6000000238
4974  4.657  -79.952  21.483 0.6000000238
4381  4.065  -80.632  22.432 0.6000000238
13778  15.512  -67.642  -18.434 0.5000000000
130978  16.934  -68.237  -18.722 0.4000000060
13005  15.686  -68.554  -18.871 0.5000000000
6191  7.853  -76.644  19.737 0.2000000030
6817  7.054  -76.570  18.855 0.2000000030
136813  7.516  -76.714  18.309 0.2000000030
120556  5.642  -77.441  19.716 0.3000000119
126365  6.231  -77.480  19.163 0.3000000119
5586  4.340  -79.068  21.588 0.4000000060
4984  5.273  -79.064  20.531 0.5000000000
5572  2.649  -79.184  22.710 0.5000000000
5571  3.442  -79.224  22.508 0.5000000000
6193  5.102  -76.927  20.288 0.3000000119
132039  1.798  -79.338  21.125 0.6000000238
4986  2.433  -80.205  21.047 0.6000000238
5606  2.090  -78.383  19.497 0.6000000238
133393  3.462  -79.997  10.379 0.2000000030
5674  3.667  -77.998  10.590 0.2000000030
6289  3.401  -77.322  10.030 0.2000000030
6298  3.381  -77.545  9.282 0.1000000015
6918  3.343  -75.720  8.973 0.1000000015
7608  3.589  -75.410  8.362 0.1000000015
8319  3.071  -74.119  7.886 0.1000000015
10495  3.450  -71.075  11.533 0.2000000030
11211  3.129  -70.353  11.352 0.2000000030
10508  3.295  -71.479  10.183 0.1000000015
11943  2.313  -69.269  11.276 0.2000000030
11962  2.524  -69.232  10.114 0.2000000030
11904  7.508  -69.862  14.174 0.5000000000
11903  8.514  -69.545  14.208 0.3000000119
12679  9.536  -68.546  13.557 0.4000000060
11219  14.772  -70.221  10.465 0.1000000015
11207  13.240  -70.244  11.234 0.1000000015
11220  13.854  -69.788  10.699 0.1000000015
11940  13.239  -69.212  11.417 0.1000000015
11917  6.872  -69.601  13.608 0.6000000238
11916  7.675  -69.208  13.674 0.4000000060
13420  8.903  -67.874  13.002 0.4000000060
12680  8.497  -68.682  13.549 0.4000000060
12694  6.706  -68.491  12.822 0.6000000238
136216  10.592  -67.916  13.382 0.1000000015
13454  7.036  -67.159  12.265 0.4000000060
12676  12.027  -68.171  13.299 0.1000000015
131860  11.327  -67.195  13.078 0.1000000015
132580  13.365  -68.440  11.555 0.1000000015
11928  12.881  -68.592  12.228 0.1000000015
12681  7.557  -68.551  13.164 0.6000000238
115529  7.998  -67.320  12.514 0.4000000060
13421  8.055  -68.079  12.966 0.5000000000
13437  8.787  -67.130  12.553 0.4000000060
14305  7.558  -66.518  12.047 0.4000000060
11956  13.760  -68.807  10.869 0.1000000015
12703  13.368  -67.902  11.945 0.1000000015
13432  13.016  -67.412  12.628 0.1000000015
13435  10.520  -67.374  13.025 0.3000000119
13433  12.622  -67.728  12.974 0.1000000015
15197  8.902  -65.867  11.972 0.5000000000
14304  8.385  -66.509  12.211 0.5000000000
14303  9.176  -66.584  12.376 0.5000000000
12716  14.277  -68.300  10.410 0.1000000015
12717  13.695  -67.953  11.130 0.1000000015
133118  9.586  -66.085  12.149 0.4000000060
14321  7.092  -65.889  11.694 0.5000000000
13464  14.108  -67.277  10.565 0.1000000015
14319  13.021  -66.342  12.075 0.2000000030
14320  12.240  -66.138  12.204 0.1000000015
15195  11.278  -66.023  12.158 0.4000000060
18897  10.499  -61.076  0.646 0.4000000060
17179  12.771  -62.201  0.714 0.4000000060
128382  11.436  -61.681  -8.319 0.3000000119
18191  11.486  -62.183  -8.923 0.3000000119
125107  8.073  -64.798  11.509 0.5000000000
15210  8.747  -65.043  11.652 0.5000000000
15205  13.454  -65.862  11.258 0.2000000030
15207  11.748  -65.235  11.627 0.2000000030
121598  10.183  -64.268  11.514 0.3000000119
133107  9.328  -64.461  11.581 0.5000000000
18179  9.924  -62.193  -7.821 0.4000000060
18193  9.796  -62.464  -8.430 0.4000000060
120275  8.347  -62.752  -7.834 0.4000000060
131422  10.887  -62.497  -9.215 0.4000000060
16117  7.716  -64.103  11.221 0.5000000000
14332  13.842  -66.562  10.984 0.2000000030
14331  14.146  -66.383  10.235 0.2000000030
124369  13.567  -65.201  10.497 0.2000000030
16116  8.639  -64.064  11.421 0.5000000000
16112  12.420  -64.840  11.270 0.2000000030
16128  12.557  -64.388  10.818 0.3000000119
16114  10.870  -63.726  11.126 0.3000000119
128843  9.521  -62.831  11.225 0.4000000060
17055  8.929  -63.048  11.277 0.4000000060
18210  9.621  -62.614  -9.415 0.4000000060
18194  8.735  -62.675  -8.771 0.4000000060
18195  7.678  -62.780  -8.452 0.4000000060
19045  12.124  -62.184  -9.577 0.3000000119
18211  8.501  -62.603  -10.461 0.4000000060
15229  13.965  -65.303  9.941 0.2000000030
15230  13.590  -64.745  9.883 0.2000000030
17061  12.184  -63.734  10.070 0.3000000119
16127  13.124  -64.566  10.406 0.3000000119
17073  11.596  -63.204  9.875 0.3000000119
17949  10.022  -61.762  10.053 0.4000000060
116381  8.318  -63.361  11.203 0.5000000000
17052  11.361  -63.552  10.729 0.3000000119
17062  11.427  -63.269  10.308 0.3000000119
129148  9.010  -60.876  10.051 0.4000000060
17932  8.435  -62.501  10.978 0.4000000060
18896  15.719  -61.871  1.798 0.6000000238
18212  7.629  -62.642  -9.495 0.4000000060
18224  9.865  -62.608  -10.557 0.4000000060
18208  11.970  -62.478  -10.578 0.4000000060
115110  10.760  -62.676  -10.147 0.4000000060
16140  12.937  -64.210  9.832 0.3000000119
15240  14.039  -64.918  9.322 0.1000000015
17959  11.118  -62.791  9.634 0.4000000060
17078  11.637  -63.323  9.199 0.3000000119
19759  17.031  -60.092  1.504 0.6000000238
134588  10.512  -60.288  -7.634 0.4000000060
20756  10.395  -59.485  -7.906 0.4000000060
16139  13.500  -64.449  9.281 0.3000000119
17072  12.306  -63.746  9.534 0.3000000119
16146  13.882  -64.664  8.656 0.1000000015
131029  12.913  -64.105  9.215 0.2000000030
16145  14.425  -64.910  8.159 0.1000000015
16162  12.649  -64.333  7.626 0.3000000119
16147  12.347  -63.863  8.621 0.3000000119
16181  13.606  -64.704  6.191 0.4000000060
119213  16.696  -60.739  1.671 0.6999999881
117230  14.170  -64.837  7.135 0.2000000030
17124  16.346  -63.268  5.832 0.2000000030
22488  7.940  -57.257  -8.425 0.4000000060
26895  10.217  -51.961  -6.376 0.3000000119
27708  9.532  -51.019  -6.208 0.3000000119
128654  10.550  -53.839  -9.726 0.5000000000
26894  10.937  -52.085  -7.051 0.4000000060
27707  10.275  -51.091  -6.821 0.4000000060
28523  8.741  -50.034  -6.739 0.4000000060
26944  12.604  -52.491  -10.515 0.4000000060
26942  14.053  -52.431  -10.065 0.4000000060
26086  12.515  -53.221  -10.361 0.5000000000
26945  11.986  -52.753  -10.460 0.5000000000
132567  13.081  -53.107  -10.319 0.4000000060
26905  11.774  -52.203  -7.640 0.4000000060
28522  9.510  -50.144  -6.745 0.4000000060
28542  8.746  -49.812  -7.169 0.4000000060
26943  13.322  -52.491  -10.373 0.5000000000
27754  15.597  -51.695  -9.643 0.3000000119
27770  13.652  -51.899  -10.333 0.4000000060
27755  14.470  -51.456  -10.068 0.4000000060
28588  13.946  -50.560  -10.399 0.3000000119
28572  15.595  -50.256  -9.715 0.3000000119
796  14.962  -89.473  15.131 0.1000000015
5062  3.479  -79.216  9.752 0.1000000015
5667  3.539  -78.803  10.518 0.2000000030
115012  3.334  -72.712  8.972 0.1000000015
9814  3.235  -72.298  9.777 0.1000000015
6933  3.600  -76.676  8.685 0.1000000015
9029  3.526  -72.773  10.567 0.1000000015
7596  3.233  -74.599  8.221 0.1000000015
123784  3.405  -74.668  8.033 0.1000000015
3018  22.597  -83.972  -13.248 0.3000000119
3580  23.902  -82.631  -17.163 0.6999999881
3074  24.009  -83.143  -18.159 0.6000000238
3562  24.314  -82.186  -15.636 0.5000000000
123941  24.508  -83.344  -19.263 0.6000000238
2565  27.033  -84.225  -13.990 0.5000000000
2564  29.174  -85.027  -14.278 0.4000000060
3043  27.436  -83.430  -13.625 0.5000000000
2109  30.652  -86.501  -14.381 0.4000000060
116889  19.889  -76.100  -20.972 0.6000000238
3629  23.835  -82.537  -21.730 0.3000000119
1702  29.689  -87.318  -12.619 0.4000000060
4165  24.112  -81.471  -19.426 0.4000000060
6907  3.397  -76.367  9.976 0.1000000015
128307  3.343  -75.469  9.785 0.1000000015
9042  3.410  -73.677  10.300 0.1000000015
3665  24.375  -82.781  -26.112 0.4000000060
178  7.551  -92.948  -9.456 0.2000000030
123619  13.463  -51.194  -10.475 0.5000000000
3661  25.580  -82.757  -25.381 0.4000000060
405  17.781  -90.691  2.057 0.6000000238
3535  22.694  -82.599  -12.718 0.3000000119
1880  6.050  -85.712  16.306 0.6000000238
2761  7.407  -84.292  18.156 0.6000000238
4385  6.551  -80.226  19.943 0.5000000000
115042  3.290  -81.531  22.839 0.6000000238
4369  3.357  -80.784  22.958 0.6000000238
5598  1.831  -78.777  20.302 0.6000000238
16161  13.547  -64.687  7.526 0.2000000030
17125  15.565  -63.531  5.492 0.3000000119
18895  16.199  -61.103  2.162 0.6000000238
28511  8.370  -50.398  -6.229 0.4000000060
28510  9.031  -50.498  -6.214 0.4000000060
28521  10.404  -50.185  -7.285 0.4000000060
120226  15.236  -64.532  6.690 0.2000000030
1233  16.862  -88.043  0.185 0.5000000000
2385  18.211  -84.309  7.434 0.3000000119
117697  10.799  -82.346  11.264 0.4000000060
3316  10.743  -82.349  12.680 0.4000000060
3852  10.950  -81.405  14.400 0.5000000000
3853  10.112  -81.544  14.482 0.5000000000
3857  11.386  -81.706  14.125 0.4000000060
2791  7.602  -83.770  14.798 0.6000000238
1887  6.183  -85.545  15.345 0.6000000238
17935  10.009  -61.964  10.536 0.4000000060
17937  8.823  -61.613  10.739 0.4000000060
3641  26.259  -82.766  -23.303 0.2000000030
315  6.862  -91.842  -9.516 0.2000000030
613  21.043  -89.703  3.155 0.5000000000
614  20.271  -89.529  3.559 0.5000000000
129391  19.588  -90.404  2.662 0.5000000000
402  20.180  -90.548  1.987 0.6000000238
625  18.210  -90.201  2.386 0.5000000000
893  17.610  -89.244  1.413 0.5000000000
626  17.582  -90.059  1.988 0.5000000000
620  22.891  -89.222  0.928 0.5000000000
4125  24.914  -81.239  -16.169 0.5000000000
131715  25.500  -84.080  -23.703 0.4000000060
1144  18.973  -88.218  10.195 0.1000000015
2370  19.679  -84.379  8.290 0.3000000119
3378  19.121  -82.856  5.987 0.4000000060
115917  20.828  -84.984  3.336 0.5000000000
1623  19.090  -86.182  0.846 0.5000000000
3553  26.899  -81.628  -13.817 0.3000000119
4107  26.850  -80.824  -14.152 0.2000000030
3097  26.456  -83.166  -20.983 0.3000000119
1879  10.542  -85.741  16.158 0.2000000030
1936  20.306  -85.685  9.723 0.2000000030
2369  20.550  -84.364  8.493 0.3000000119
117937  21.364  -85.592  10.081 0.2000000030
2357  21.112  -84.928  9.304 0.2000000030
2838  20.161  -83.941  7.810 0.3000000119
131383  23.035  -85.171  6.992 0.3000000119
126552  24.220  -85.546  8.373 0.2000000030
2368  21.943  -84.537  8.328 0.3000000119
2850  21.027  -84.091  7.940 0.3000000119
2849  21.169  -83.929  7.155 0.3000000119
2855  21.269  -83.938  6.440 0.4000000060
131282  21.677  -84.490  5.050 0.5000000000
3548  30.403  -82.641  -13.372 0.2000000030
4668  31.012  -80.740  -12.674 0.1000000015
120755  29.971  -81.707  -13.029 0.2000000030
3029  30.991  -83.540  -14.076 0.2000000030
2561  32.016  -84.741  -14.364 0.2000000030
5305  29.211  -79.068  -13.371 0.2000000030
4104  28.233  -81.565  -13.319 0.3000000119
3031  28.329  -82.919  -13.453 0.2000000030
3042  29.260  -84.019  -13.930 0.3000000119
4105  27.451  -81.055  -13.649 0.3000000119
5311  27.595  -79.790  -14.443 0.2000000030
4701  26.386  -80.402  -15.535 0.2000000030
803  19.378  -88.909  13.712 0.1000000015
1925  22.192  -86.232  10.778 0.2000000030
1944  25.287  -85.891  8.717 0.1000000015
118698  20.923  -83.694  5.808 0.4000000060
2867  21.165  -83.924  5.072 0.5000000000
2426  20.860  -84.278  3.726 0.5000000000
2100  31.945  -85.326  -14.155 0.2000000030
5310  28.167  -79.263  -14.068 0.1000000015
4685  27.864  -79.912  -15.423 0.2000000030
3586  28.201  -82.141  -18.789 0.2000000030
134368  28.939  -84.617  -21.446 0.1000000015
1855  10.762  -85.567  19.516 0.2000000030
2287  11.427  -84.270  18.353 0.3000000119
2294  11.648  -83.958  16.794 0.2000000030
3308  11.917  -83.048  12.969 0.4000000060
137197  11.999  -83.460  16.256 0.4000000060
1932  25.652  -85.365  9.459 0.1000000015
4672  35.757  -81.418  -13.531 0.1000000015
2537  32.180  -85.184  -12.505 0.2000000030
125391  31.022  -86.293  -12.459 0.4000000060
3290  12.410  -82.729  16.110 0.4000000060
127288  12.327  -82.367  14.850 0.4000000060
136132  11.731  -82.521  13.548 0.4000000060
2522  32.273  -85.525  -10.981 0.1000000015
2084  28.532  -86.084  -11.047 0.3000000119
5966  24.521  -77.966  -18.558 0.3000000119
1083  9.242  -88.900  20.381 0.1000000015
4075  26.292  -82.107  -11.500 0.2000000030
3534  23.489  -82.910  -12.685 0.3000000119
3809  11.581  -81.135  18.740 0.3000000119
3845  10.972  -80.959  15.020 0.6000000238
2251  8.295  -84.626  24.060 0.1000000015
1458  8.845  -87.704  21.905 0.1000000015
4377  10.916  -81.228  20.257 0.2000000030
4398  12.008  -79.918  17.462 0.4000000060
4383  11.189  -80.590  19.317 0.2000000030
4989  11.703  -79.210  17.798 0.4000000060
4996  11.447  -78.884  17.208 0.4000000060
5005  10.711  -79.047  16.572 0.5000000000
4960  9.410  -79.737  21.863 0.2000000030
127075  9.515  -78.352  16.745 0.3000000119
5601  10.568  -77.868  17.901 0.3000000119
136985  9.725  -78.352  19.814 0.2000000030
4392  8.612  -80.330  18.258 0.6000000238
6200  9.187  -77.052  18.429 0.3000000119
130402  8.172  -82.726  18.480 0.6000000238
4393  7.958  -79.871  18.655 0.4000000060
4992  7.589  -78.613  18.197 0.4000000060
5602  7.404  -77.423  17.957 0.5000000000
6203  6.803  -77.073  18.555 0.3000000119
4962  3.745  -80.019  22.583 0.6000000238
5596  4.869  -77.979  20.576 0.4000000060
5587  3.921  -78.230  21.848 0.4000000060
6161  3.178  -78.508  22.348 0.5000000000
6163  1.924  -77.749  22.432 0.6000000238
4977  1.618  -78.756  21.940 0.6000000238
5675  3.383  -78.166  9.937 0.2000000030
122254  3.358  -76.770  9.386 0.1000000015
9054  2.927  -73.303  8.490 0.1000000015
7584  3.149  -74.670  9.038 0.1000000015
133403  3.275  -71.142  9.789 0.1000000015
13419  9.945  -67.923  13.237 0.3000000119
14301  11.770  -66.715  12.733 0.1000000015
13465  13.652  -67.292  11.465 0.2000000030
15208  10.695  -65.258  11.713 0.3000000119
16113  11.775  -64.242  11.108 0.3000000119
16115  9.460  -63.615  11.431 0.3000000119
17054  10.117  -63.189  11.251 0.3000000119
13473  15.330  -67.388  9.274 0.2000000030
136782  14.132  -65.804  9.952 0.2000000030
17053  10.628  -62.856  10.718 0.4000000060
15239  14.437  -65.199  8.911 0.1000000015
116076  13.179  -64.361  8.516 0.2000000030
9043  3.040  -73.213  9.289 0.1000000015
2503  24.033  -84.492  -6.407 0.2000000030
2959  24.529  -83.763  -6.288 0.2000000030
2069  24.970  -86.137  -6.379 0.1000000015
2502  24.921  -84.640  -6.441 0.2000000030
2960  23.740  -83.646  -6.224 0.2000000030
3474  24.988  -82.875  -6.094 0.2000000030
2504  23.244  -84.309  -6.091 0.2000000030
1257  22.314  -88.079  -3.022 0.3000000119
921  22.566  -88.971  -2.641 0.3000000119
2071  23.112  -85.043  -5.878 0.2000000030
1229  24.948  -87.606  0.222 0.1000000015
905  25.321  -88.826  -1.907 0.1000000015
119165  25.182  -88.756  -3.507 0.1000000015
1284  24.745  -87.497  -5.568 0.1000000015
2958  25.452  -83.878  -6.281 0.2000000030
906  22.371  -89.304  -1.921 0.3000000119
1269  22.938  -87.916  -3.785 0.3000000119
117778  25.823  -82.171  -5.890 0.2000000030
137380  23.206  -87.348  -4.639 0.3000000119
130936  24.912  -81.929  -5.916 0.2000000030
126100  24.192  -83.070  -6.165 0.2000000030
1238  25.172  -88.156  -0.214 0.2000000030
119366  25.279  -88.518  -1.104 0.2000000030
919  25.237  -88.474  -2.599 0.1000000015
949  25.394  -87.870  -5.344 0.1000000015
941  25.072  -88.621  -4.708 0.1000000015
1682  25.641  -86.830  -6.138 0.1000000015
935  23.217  -88.681  -3.454 0.3000000119
4030  26.075  -81.270  -5.651 0.2000000030
131191  23.359  -85.809  -5.841 0.2000000030
4019  26.612  -80.795  -5.389 0.2000000030
1614  24.783  -86.636  1.550 0.2000000030
1218  25.130  -87.629  1.474 0.2000000030
2009  24.220  -85.911  1.040 0.1000000015
1228  25.179  -87.899  0.769 0.2000000030
891  24.919  -88.361  0.361 0.2000000030
898  25.033  -88.761  -0.613 0.2000000030
666  25.173  -89.007  -2.701 0.1000000015
933  24.848  -89.061  -4.103 0.1000000015
1683  24.745  -86.850  -6.085 0.1000000015
1277  24.786  -88.236  -5.095 0.1000000015
920  23.571  -89.114  -3.107 0.3000000119
1268  23.641  -88.375  -4.165 0.2000000030
1684  24.083  -86.070  -6.277 0.2000000030
882  25.038  -88.142  1.426 0.2000000030
133709  24.273  -88.790  0.535 0.3000000119
629  24.456  -89.049  -0.155 0.2000000030
653  24.635  -89.295  -1.873 0.1000000015
942  24.494  -88.655  -4.440 0.1000000015
1278  24.105  -87.590  -5.151 0.1000000015
934  24.077  -89.020  -3.865 0.1000000015
654  23.759  -89.494  -1.488 0.3000000119
137285  24.039  -88.034  -4.673 0.2000000030
10820  11.092  -71.112  -17.106 0.4000000060
1613  25.142  -87.172  1.888 0.2000000030
126116  25.103  -87.634  2.091 0.2000000030
641  24.605  -89.321  -1.002 0.2000000030
668  24.073  -89.311  -2.512 0.2000000030
667  24.823  -89.196  -2.700 0.1000000015
669  23.124  -89.347  -2.246 0.3000000119
10821  10.176  -70.932  -17.053 0.4000000060
10804  13.305  -72.038  -17.444 0.5000000000
128227  12.788  -71.342  -17.771 0.4000000060
10819  12.013  -71.136  -17.207 0.4000000060
10092  13.905  -72.596  -17.095 0.5000000000
1597  25.097  -86.803  3.434 0.2000000030
11589  14.399  -70.112  -18.935 0.4000000060
12248  9.488  -69.279  -16.875 0.4000000060
11581  13.123  -70.819  -18.346 0.4000000060
11591  13.024  -69.929  -18.303 0.4000000060
11584  10.955  -70.311  -17.246 0.4000000060
10815  16.048  -71.280  -17.930 0.3000000119
122810  15.215  -71.604  -18.155 0.4000000060
10091  14.765  -72.418  -16.696 0.4000000060
5321  16.333  -79.583  -15.417 0.3000000119
117346  18.109  -68.789  -18.609 0.3000000119
13004  16.547  -68.794  -18.888 0.4000000060
116270  15.112  -69.458  -19.025 0.4000000060
12282  18.529  -69.095  -18.309 0.3000000119
11588  16.523  -70.145  -18.644 0.4000000060
10827  15.160  -70.418  -18.862 0.4000000060
11579  16.357  -70.670  -18.358 0.4000000060
4119  17.577  -81.040  -15.471 0.2000000030
13774  19.571  -67.668  -18.845 0.3000000119
10802  15.389  -71.823  -17.316 0.4000000060
13775  18.436  -67.633  -18.585 0.3000000119
10081  15.108  -72.730  -15.611 0.4000000060
14652  18.251  -66.759  -17.809 0.3000000119
13001  20.025  -68.686  -18.512 0.3000000119
13784  20.486  -67.277  -19.161 0.3000000119
14642  17.671  -66.703  -16.620 0.3000000119
12263  17.982  -69.546  -18.063 0.3000000119
15575  19.972  -65.794  -18.565 0.3000000119
14640  18.951  -66.306  -17.390 0.3000000119
16497  21.549  -64.454  -19.395 0.3000000119
16508  21.836  -64.863  -19.632 0.3000000119
16498  21.132  -65.048  -19.460 0.3000000119
15561  20.145  -65.287  -17.840 0.3000000119
15556  19.263  -66.020  -16.398 0.3000000119
15588  21.281  -65.714  -19.536 0.3000000119
14629  18.327  -66.415  -15.909 0.4000000060
17440  21.586  -63.739  -19.003 0.3000000119
17433  21.116  -64.001  -18.216 0.3000000119
16475  20.447  -64.803  -16.867 0.3000000119
15555  20.036  -65.346  -16.072 0.3000000119
15550  18.798  -66.035  -15.361 0.3000000119
116540  20.466  -64.715  -15.905 0.2000000030
15549  19.476  -65.587  -15.306 0.3000000119
16463  20.838  -64.500  -15.266 0.2000000030
3770  8.379  -80.951  24.767 0.1000000015
16386  15.286  -64.081  -8.846 0.3000000119
15461  14.156  -65.409  -9.122 0.3000000119
16388  13.456  -64.884  -9.753 0.3000000119
6205  2.379  -77.818  18.565 0.5000000000
136068  1.593  -77.568  21.740 0.5000000000
6206  2.056  -77.670  19.050 0.5000000000
6818  1.895  -77.016  18.519 0.5000000000
129443  1.712  -76.413  17.763 0.5000000000
18242  8.144  -62.812  -12.052 0.3000000119
8199  4.229  -74.335  19.644 0.4000000060
7492  2.985  -75.595  20.239 0.4000000060
6194  1.918  -77.525  19.617 0.5000000000
137148  6.420  -72.707  18.280 0.3000000119
8937  6.178  -73.261  18.765 0.4000000060
8200  3.251  -74.758  19.597 0.4000000060
8201  2.499  -75.257  19.350 0.4000000060
7493  2.406  -76.130  20.036 0.5000000000
115624  6.870  -73.494  18.896 0.3000000119
120216  2.712  -74.492  18.774 0.5000000000
7503  1.927  -76.016  18.782 0.5000000000
8215  1.988  -75.016  18.417 0.5000000000
9725  5.434  -72.103  17.802 0.4000000060
8938  5.309  -73.224  18.718 0.4000000060
10427  5.990  -71.493  17.431 0.5000000000
8952  4.136  -72.881  17.988 0.5000000000
114411  9.916  -62.586  -11.656 0.3000000119
131546  11.511  -62.510  -11.601 0.3000000119
18222  11.213  -62.586  -10.851 0.3000000119
10426  6.982  -71.524  17.573 0.4000000060
10436  6.556  -70.906  17.005 0.5000000000
10428  5.072  -71.688  17.194 0.5000000000
10437  5.633  -71.185  16.745 0.5000000000
10448  5.232  -71.074  15.888 0.5000000000
19076  12.108  -61.760  -12.783 0.3000000119
131292  12.722  -61.186  -13.455 0.3000000119
19068  12.326  -61.384  -12.523 0.3000000119
130362  12.176  -62.053  -11.689 0.3000000119
19927  12.926  -60.685  -13.303 0.3000000119
19920  12.880  -60.827  -12.469 0.3000000119
11147  7.060  -70.624  16.346 0.5000000000
11157  5.765  -70.701  15.313 0.5000000000
11170  6.268  -70.460  14.692 0.5000000000
11171  5.374  -70.475  14.513 0.5000000000
11905  6.657  -70.139  14.103 0.5000000000
15253  1.862  -65.097  7.759 0.2000000030
15233  2.170  -65.771  8.335 0.2000000030
15254  1.275  -64.683  7.721 0.2000000030
19887  12.414  -60.800  -8.672 0.3000000119
20754  12.650  -59.836  -8.616 0.3000000119
19888  11.778  -60.980  -8.166 0.3000000119
122301  13.339  -59.895  -9.155 0.3000000119
119723  11.267  -60.136  -7.945 0.3000000119
20757  9.660  -59.021  -7.946 0.3000000119
20755  11.769  -59.468  -8.335 0.3000000119
118445  10.969  -59.257  -8.256 0.3000000119
21598  10.203  -58.663  -8.427 0.3000000119
131762  13.832  -63.065  1.276 0.5000000000
21596  12.286  -58.820  -8.618 0.3000000119
21597  11.264  -58.652  -8.584 0.3000000119
21599  9.146  -58.471  -8.307 0.3000000119
22484  10.655  -57.905  -8.883 0.3000000119
22485  9.592  -57.914  -8.887 0.3000000119
21600  8.546  -57.769  -8.627 0.3000000119
22499  11.076  -57.169  -9.176 0.3000000119
22500  10.094  -57.258  -9.316 0.3000000119
22486  9.145  -57.213  -9.242 0.3000000119
130369  11.866  -57.054  -9.135 0.3000000119
23368  9.710  -56.580  -9.483 0.3000000119
131226  9.475  -55.973  -9.510 0.4000000060
24274  10.215  -55.877  -9.617 0.4000000060
24275  8.933  -55.665  -9.267 0.4000000060
117743  9.787  -55.184  -9.499 0.4000000060
26836  13.531  -52.791  2.409 0.1000000015
27654  12.735  -52.112  2.398 0.1000000015
28475  12.534  -51.108  2.284 0.1000000015
16462  21.323  -64.015  -15.341 0.2000000030
15244  2.021  -65.168  7.956 0.2000000030
22487  8.330  -56.965  -8.974 0.5000000000
8940  3.781  -73.489  18.397 0.5000000000
8214  2.217  -74.298  17.948 0.5000000000
907  21.757  -89.122  -1.893 0.4000000060
12265  12.459  -69.247  -17.698 0.4000000060
5599  1.712  -78.148  20.191 0.5000000000
133719  11.634  -70.566  -17.352 0.4000000060
129127  13.979  -72.127  -17.876 0.5000000000
10818  13.545  -71.538  -18.207 0.4000000060
11582  12.361  -70.451  -17.790 0.4000000060
10828  14.778  -70.993  -18.666 0.4000000060
17441  20.981  -64.424  -18.924 0.3000000119
6804  2.141  -76.726  20.885 0.5000000000
8927  4.836  -73.706  19.226 0.4000000060
8212  4.189  -73.767  18.936 0.4000000060
23367  10.599  -56.526  -9.464 0.3000000119
265  4.890  -92.560  0.305 0.2000000030
860  2.065  -88.792  4.666 0.3000000119
1188  1.993  -88.179  4.973 0.3000000119
257  5.987  -91.600  0.984 0.2000000030
119271  5.084  -91.785  -0.483 0.2000000030
428  5.631  -90.593  -1.038 0.2000000030
601  6.175  -90.298  3.786 0.3000000119
131672  5.686  -89.747  3.423 0.2000000030
133835  5.501  -89.154  2.742 0.2000000030
870  2.426  -88.997  2.620 0.2000000030
871  1.850  -88.424  2.887 0.2000000030
881  1.593  -87.527  1.923 0.2000000030
1199  1.877  -88.036  3.874 0.2000000030
1198  2.100  -87.385  4.436 0.2000000030
1186  3.412  -87.326  5.549 0.3000000119
427  5.672  -91.088  -0.027 0.2000000030
1596  1.776  -86.857  3.385 0.2000000030
1197  2.774  -87.127  4.857 0.2000000030
880  1.866  -88.311  1.761 0.2000000030
890  6.002  -88.353  1.145 0.2000000030
122765  6.041  -89.041  0.232 0.2000000030
651  5.887  -89.532  -0.505 0.2000000030
4188  10.594  -81.556  -20.439 0.2000000030
7197  19.328  -75.707  -22.060 0.5000000000
7175  20.128  -75.681  -21.575 0.5000000000
6572  21.940  -76.982  -19.707 0.5000000000
6555  21.571  -77.251  -19.229 0.5000000000
132792  21.056  -76.808  -19.420 0.5000000000
122709  20.836  -75.946  -20.639 0.5000000000
7174  21.908  -76.347  -20.331 0.4000000060
6571  22.577  -76.989  -19.869 0.4000000060
7173  22.888  -76.339  -20.471 0.4000000060
7195  23.369  -75.704  -21.249 0.2000000030
134454  19.080  -74.214  -22.287 0.4000000060
9425  19.490  -73.477  -21.793 0.3000000119
8611  19.117  -74.976  -22.651 0.5000000000
134858  19.947  -73.088  -22.289 0.4000000060
9429  19.635  -74.100  -22.466 0.5000000000
7899  19.641  -74.962  -22.580 0.5000000000
8620  20.180  -74.278  -22.575 0.5000000000
7880  19.797  -75.323  -22.305 0.5000000000
7854  20.774  -75.461  -21.687 0.5000000000
7879  21.692  -75.196  -21.736 0.5000000000
132127  21.499  -75.686  -21.012 0.5000000000
6553  23.085  -77.460  -19.345 0.4000000060
7878  22.816  -75.239  -21.818 0.4000000060
7196  22.352  -75.699  -21.021 0.5000000000
6552  23.929  -77.479  -19.375 0.2000000030
6570  23.414  -76.983  -19.990 0.2000000030
7172  23.795  -76.236  -20.609 0.2000000030
7194  24.259  -75.619  -21.612 0.1000000015
7171  24.638  -76.082  -20.712 0.2000000030
7193  25.034  -75.352  -21.686 0.1000000015
6568  25.210  -76.771  -20.015 0.1000000015
7170  25.524  -75.891  -20.724 0.1000000015
7875  25.919  -75.079  -22.531 0.1000000015
6790  2.847  -76.721  21.400 0.4000000060
7479  2.594  -76.483  20.962 0.4000000060
9419  19.231  -73.462  -20.877 0.3000000119
9418  19.878  -73.165  -20.924 0.3000000119
9424  20.154  -72.688  -21.906 0.3000000119
124241  20.293  -73.319  -22.549 0.5000000000
9428  20.504  -72.318  -22.405 0.3000000119
8619  20.933  -73.768  -22.727 0.5000000000
7897  22.083  -74.480  -22.485 0.5000000000
9427  20.866  -72.511  -22.866 0.4000000060
8618  21.955  -73.155  -23.143 0.4000000060
10843  21.067  -70.837  -22.615 0.3000000119
8624  23.249  -73.233  -23.323 0.1000000015
6551  24.831  -77.372  -19.290 0.2000000030
118272  24.840  -73.843  -23.478 0.1000000015
7896  24.403  -75.172  -23.138 0.1000000015
5350  25.978  -79.138  -18.393 0.2000000030
128219  25.283  -77.804  -18.710 0.2000000030
9426  25.399  -73.379  -23.068 0.1000000015
8622  24.988  -74.579  -23.511 0.1000000015
7876  25.024  -75.566  -22.815 0.1000000015
4198  26.904  -81.960  -21.646 0.1000000015
134643  25.597  -75.316  -22.644 0.1000000015
129540  26.133  -76.554  -20.001 0.1000000015
7169  26.528  -75.668  -20.641 0.1000000015
8610  25.830  -74.884  -21.925 0.1000000015
4195  29.822  -81.917  -21.970 0.1000000015
3628  30.197  -83.161  -22.348 0.1000000015
4207  28.328  -82.268  -22.426 0.1000000015
132158  26.694  -76.417  -20.047 0.1000000015
7852  27.549  -75.502  -20.580 0.1000000015
7853  27.000  -75.146  -20.795 0.1000000015
8595  26.448  -75.019  -20.994 0.1000000015
8594  27.470  -74.799  -20.448 0.1000000015
4782  30.325  -81.378  -21.450 0.1000000015
136835  19.217  -73.918  -18.930 0.2000000030
9409  18.723  -73.606  -20.368 0.4000000060
9407  20.195  -73.341  -19.870 0.3000000119
9408  19.385  -73.420  -20.127 0.3000000119
10127  20.719  -71.635  -22.186 0.3000000119
9432  22.681  -72.094  -23.303 0.1000000015
10133  21.803  -71.233  -23.048 0.3000000119
10131  24.089  -72.162  -23.245 0.1000000015
10842  21.542  -70.902  -22.514 0.3000000119
10128  23.292  -71.551  -23.065 0.2000000030
10123  24.432  -72.326  -22.968 0.1000000015
5965  25.988  -78.182  -18.593 0.1000000015
129386  25.838  -77.340  -19.206 0.1000000015
9416  24.413  -73.631  -20.986 0.1000000015
4746  26.961  -80.531  -19.078 0.1000000015
5964  26.836  -78.720  -18.633 0.1000000015
6550  26.584  -77.814  -18.871 0.1000000015
9415  25.267  -74.183  -21.496 0.1000000015
8616  26.330  -74.978  -23.051 0.1000000015
4177  27.330  -81.413  -21.024 0.1000000015
4769  27.091  -81.015  -19.979 0.1000000015
4745  27.610  -80.443  -19.530 0.1000000015
5963  27.551  -78.617  -19.037 0.1000000015
6549  27.324  -77.891  -19.026 0.1000000015
6567  27.778  -77.109  -19.532 0.1000000015
134149  26.826  -77.063  -19.446 0.1000000015
8596  25.751  -74.641  -20.797 0.1000000015
121279  27.644  -81.873  -21.872 0.1000000015
5962  28.184  -78.059  -19.331 0.1000000015
121257  27.284  -76.329  -20.094 0.1000000015
134308  27.774  -75.013  -20.684 0.1000000015
8576  27.078  -74.543  -19.656 0.1000000015
4196  28.974  -81.519  -21.949 0.1000000015
7851  28.392  -75.361  -20.681 0.1000000015
8593  28.379  -74.820  -20.547 0.1000000015
121421  28.425  -74.201  -19.415 0.1000000015
4765  30.420  -80.393  -20.901 0.1000000015
133920  28.970  -74.195  -19.947 0.1000000015
8574  29.272  -74.078  -19.364 0.1000000015
8563  18.428  -73.935  -19.009 0.3000000119
9393  19.701  -73.662  -19.330 0.2000000030
9406  20.733  -73.091  -20.489 0.3000000119
10126  21.235  -71.200  -21.938 0.3000000119
10113  22.737  -72.679  -20.495 0.2000000030
10124  23.290  -71.714  -22.479 0.2000000030
9402  25.084  -74.120  -20.238 0.1000000015
4768  27.936  -80.676  -20.510 0.1000000015
5379  28.057  -79.847  -19.801 0.1000000015
130582  26.378  -74.569  -19.378 0.1000000015
4197  28.162  -81.342  -21.557 0.1000000015
4767  28.584  -80.110  -20.345 0.1000000015
136224  28.513  -78.632  -19.604 0.1000000015
7168  28.097  -76.242  -20.248 0.1000000015
126758  29.096  -74.551  -20.415 0.1000000015
4784  28.763  -80.702  -21.112 0.1000000015
4766  29.392  -79.994  -20.558 0.1000000015
5378  28.762  -79.291  -19.907 0.1000000015
4783  29.593  -80.923  -21.357 0.1000000015
117091  29.545  -79.090  -20.169 0.1000000015
123260  17.977  -74.809  -14.339 0.2000000030
10435  7.492  -70.965  16.934 0.4000000060
8475  18.734  -74.527  -13.871 0.2000000030
9301  16.497  -73.599  -13.815 0.3000000119
10059  16.099  -73.052  -13.948 0.3000000119
9319  14.934  -73.754  -14.579 0.3000000119
11169  7.134  -70.352  14.768 0.4000000060
11146  7.920  -70.770  16.199 0.3000000119
11156  6.663  -70.558  15.496 0.4000000060
11154  8.335  -70.612  15.433 0.3000000119
11167  8.920  -70.707  15.182 0.2000000030
10801  16.151  -71.362  -16.823 0.3000000119
11902  9.521  -69.717  14.316 0.1000000015
12668  9.242  -69.139  13.932 0.2000000030
130696  10.210  -69.598  13.953 0.1000000015
12678  10.531  -68.487  13.555 0.2000000030
7721  3.108  -74.593  -4.895 0.1000000015
8426  3.175  -73.335  -6.408 0.2000000030
9189  2.879  -73.586  -1.462 0.1000000015
10658  2.749  -72.017  -1.831 0.3000000119
9196  2.637  -73.022  -1.688 0.1000000015
9945  2.520  -72.508  -2.534 0.1000000015
8404  2.650  -74.195  -1.721 0.1000000015
9211  1.807  -73.153  -4.594 0.1000000015
10630  2.961  -71.108  0.112 0.1000000015
10637  2.658  -71.394  -0.516 0.1000000015
12093  2.506  -69.415  0.227 0.1000000015
12841  2.218  -68.738  -0.021 0.2000000030
14461  1.218  -66.523  3.640 0.1000000015
116662  1.639  -65.884  2.317 0.1000000015
16228  0.357  -65.091  4.970 0.1000000015
16276  1.171  -64.448  1.991 0.2000000030
17181  9.737  -62.441  1.414 0.2000000030
16246  0.651  -64.206  3.420 0.1000000015
17202  0.904  -63.825  2.051 0.3000000119
18025  -0.236  -62.247  4.058 0.1000000015
17185  0.566  -63.211  2.565 0.2000000030
18010  -0.645  -62.577  4.992 0.1000000015
18042  0.208  -62.345  3.113 0.1000000015
18063  0.447  -62.452  1.774 0.2000000030
19726  0.710  -60.935  5.058 0.1000000015
18026  -0.358  -61.672  4.617 0.1000000015
134137  1.178  -59.980  4.834 0.1000000015
18889  -0.169  -60.894  4.040 0.2000000030
18888  -0.139  -61.552  3.651 0.1000000015
128071  17.338  -63.560  6.638 0.1000000015
17109  16.710  -63.698  6.407 0.2000000030
17110  15.987  -63.876  6.150 0.2000000030
18910  3.446  -60.783  1.666 0.1000000015
19753  2.751  -60.265  2.661 0.1000000015
20619  1.590  -59.527  4.377 0.2000000030
19761  3.246  -59.712  1.623 0.1000000015
20627  2.050  -59.087  2.864 0.1000000015
20621  0.674  -59.285  3.917 0.2000000030
17107  18.668  -62.620  7.046 0.1000000015
132515  17.108  -63.089  6.173 0.1000000015
18846  17.688  -61.414  6.393 0.1000000015
17991  15.839  -62.765  5.299 0.1000000015
19771  4.355  -59.616  0.692 0.1000000015
21412  20.199  -58.915  8.758 0.1000000015
21413  19.343  -58.667  8.534 0.1000000015
18825  20.115  -61.609  8.141 0.1000000015
19696  20.488  -60.842  8.490 0.1000000015
120845  19.915  -60.207  8.238 0.1000000015
20576  18.895  -59.159  7.983 0.1000000015
17958  19.774  -62.250  7.811 0.1000000015
137186  19.242  -60.789  7.610 0.1000000015
18838  18.895  -61.274  7.232 0.1000000015
124010  18.266  -60.861  6.855 0.1000000015
17977  18.168  -62.151  6.632 0.1000000015
19715  17.624  -60.573  6.537 0.1000000015
18847  16.830  -61.677  5.812 0.1000000015
123210  16.914  -60.754  6.049 0.1000000015
19716  15.923  -60.114  5.926 0.2000000030
131848  6.690  -58.236  -1.279 0.1000000015
20659  6.301  -59.283  -0.630 0.1000000015
21428  18.070  -58.873  7.734 0.1000000015
20585  18.454  -59.639  7.505 0.1000000015
21415  17.615  -58.185  8.073 0.1000000015
20586  17.630  -59.353  7.216 0.1000000015
20593  16.167  -59.447  6.518 0.2000000030
21439  15.816  -58.856  6.906 0.2000000030
22384  5.129  -57.167  -0.876 0.3000000119
21502  5.202  -57.922  -0.528 0.2000000030
21429  17.215  -58.634  7.555 0.1000000015
22383  5.907  -57.713  -0.982 0.2000000030
22391  6.331  -57.398  -1.547 0.2000000030
22412  6.703  -56.981  -2.097 0.1000000015
24271  12.666  -55.093  -9.619 0.3000000119
25185  11.861  -54.082  -10.161 0.3000000119
126386  10.745  -55.108  -9.731 0.3000000119
25186  11.108  -54.376  -9.986 0.4000000060
117864  13.544  -54.053  -9.751 0.3000000119
26073  12.944  -53.742  -10.018 0.3000000119
116966  14.280  -53.206  -9.811 0.3000000119
26072  13.571  -53.506  -9.930 0.3000000119
122579  8.624  -50.882  -5.785 0.2000000030
393  6.604  -90.870  4.150 0.2000000030
868  5.795  -88.629  1.905 0.2000000030
869  3.786  -89.191  2.601 0.2000000030
610  3.110  -89.608  3.391 0.3000000119
611  2.159  -89.295  3.544 0.3000000119
130237  2.640  -71.623  -1.200 0.1000000015
13604  0.996  -66.914  0.250 0.2000000030
18901  -0.124  -60.770  3.030 0.2000000030
23259  4.488  -56.378  -1.232 0.3000000119
25194  12.383  -53.748  -10.187 0.3000000119
125022  4.179  -58.692  0.221 0.2000000030
20647  3.946  -58.743  0.686 0.1000000015
18857  16.024  -61.072  5.565 0.2000000030
8549  17.979  -75.038  -17.061 0.2000000030
130782  17.756  -75.123  -16.188 0.2000000030
9300  17.381  -73.620  -13.593 0.3000000119
10069  15.483  -73.001  -14.561 0.3000000119
9203  1.555  -72.769  -3.579 0.1000000015
19745  0.270  -60.083  4.182 0.2000000030
132389  10.414  -54.551  -9.650 0.4000000060
16259  10.132  -63.629  1.837 0.1000000015
23291  7.015  -56.455  -2.698 0.1000000015
3639  28.005  -82.893  -23.250 0.1000000015
6162  2.501  -78.169  22.455 0.4000000060
115746  8.835  -70.189  14.782 0.2000000030
17978  17.410  -62.334  6.206 0.1000000015
17979  16.632  -62.530  5.729 0.1000000015
131582  11.443  -52.845  -7.212 0.2000000030
26930  15.119  -52.561  -9.678 0.3000000119
115935  3.258  -77.657  21.978 0.4000000060
122143  2.527  -77.265  22.097 0.4000000060
24273  11.129  -55.765  -9.618 0.3000000119
24272  11.737  -54.893  -9.822 0.3000000119
1216  2.316  -87.727  0.923 0.2000000030
7158  21.272  -76.604  -19.819 0.5000000000
7877  23.987  -75.462  -22.269 0.2000000030
7898  20.650  -74.793  -22.401 0.5000000000
125581  23.382  -74.978  -22.496 0.2000000030
8617  23.208  -74.241  -23.022 0.2000000030
7874  26.033  -75.020  -21.347 0.1000000015
6789  3.465  -76.762  21.333 0.4000000060
9421  25.778  -74.170  -22.685 0.1000000015
9946  2.591  -72.632  -2.121 0.1000000015
9195  2.177  -73.118  -2.395 0.1000000015
8413  1.810  -73.948  -2.606 0.1000000015
16245  0.714  -64.961  4.163 0.1000000015
14421  1.094  -66.323  4.624 0.1000000015
15341  1.009  -65.312  3.176 0.1000000015
125044  0.331  -64.589  4.614 0.1000000015
17149  -0.298  -63.513  5.099 0.1000000015
18865  0.365  -61.610  5.138 0.2000000030
18873  1.350  -61.010  4.808 0.1000000015
17108  17.890  -63.020  6.664 0.1000000015
18909  4.145  -61.262  1.101 0.1000000015
19760  3.994  -60.142  1.122 0.1000000015
18899  3.103  -61.437  2.163 0.1000000015
19744  2.134  -59.661  3.849 0.1000000015
17966  18.722  -61.932  6.955 0.1000000015
17965  19.197  -62.082  7.344 0.1000000015
19770  4.970  -60.067  0.192 0.1000000015
21396  19.793  -58.153  9.157 0.1000000015
20575  19.680  -59.466  8.313 0.1000000015
19697  19.748  -60.820  8.002 0.1000000015
20584  19.250  -60.057  7.832 0.1000000015
19705  18.711  -60.430  7.342 0.1000000015
19706  18.019  -60.074  6.952 0.1000000015
20592  17.072  -59.870  6.533 0.1000000015
131127  6.921  -59.002  -1.193 0.1000000015
21501  6.121  -58.568  -0.728 0.1000000015
21483  5.212  -58.859  -0.251 0.2000000030
21414  18.458  -58.425  8.288 0.1000000015
20587  16.735  -59.087  7.022 0.1000000015
25184  12.478  -54.302  -9.903 0.3000000119
165  5.737  -92.443  -6.889 0.2000000030
128076  4.667  -91.399  -6.769 0.2000000030
119768  5.253  -92.589  -5.897 0.2000000030
123861  12.539  -80.622  -17.869 0.1000000015
4737  11.766  -80.487  -18.558 0.1000000015
127802  10.234  -81.262  -19.340 0.1000000015
4757  10.698  -80.956  -19.570 0.1000000015
1904  23.959  -86.115  12.431 0.1000000015
2325  23.205  -85.856  12.637 0.1000000015
4738  10.755  -80.610  -18.941 0.1000000015
2807  22.253  -84.021  11.634 0.1000000015
2808  21.123  -83.739  11.548 0.1000000015
2337  21.590  -84.516  12.152 0.1000000015
1907  21.610  -86.010  13.399 0.1000000015
1587  4.389  -86.802  5.801 0.2000000030
1175  4.912  -86.859  7.472 0.2000000030
1566  5.186  -86.323  8.245 0.2000000030
1963  4.943  -85.418  7.963 0.1000000015
6192  6.181  -76.783  19.497 0.2000000030
7477  4.161  -75.680  20.673 0.3000000119
7476  5.193  -75.392  20.580 0.2000000030
6178  4.151  -77.214  21.199 0.2000000030
116622  4.304  -76.035  20.784 0.2000000030
6788  5.388  -75.640  20.589 0.2000000030
7474  6.901  -75.138  21.396 0.2000000030
6802  6.494  -76.201  19.927 0.2000000030
6801  7.061  -76.150  19.980 0.2000000030
8186  4.841  -74.841  20.381 0.3000000119
6787  6.380  -75.526  20.839 0.2000000030
121073  5.153  -74.155  19.968 0.2000000030
7491  3.801  -75.186  20.294 0.3000000119
7478  3.335  -76.022  20.858 0.3000000119
8925  6.421  -73.715  19.606 0.2000000030
7461  7.650  -75.042  21.585 0.2000000030
7475  6.293  -75.070  21.016 0.2000000030
8926  5.615  -73.650  19.471 0.3000000119
8915  6.884  -73.998  20.485 0.2000000030
7462  7.064  -74.690  21.378 0.2000000030
8183  7.363  -74.192  21.145 0.2000000030
8198  5.963  -74.144  20.319 0.2000000030
8184  6.597  -74.469  20.975 0.2000000030
138174  7.568  -72.207  17.670 0.2000000030
9723  6.974  -72.390  18.018 0.2000000030
9714  6.940  -73.084  18.387 0.2000000030
123007  7.908  -71.630  17.194 0.2000000030
9724  6.261  -72.102  17.944 0.3000000119
10434  8.291  -71.240  16.595 0.1000000015
12731  14.744  -67.844  9.792 0.1000000015
13474  14.551  -66.892  9.756 0.1000000015
12750  17.659  -68.036  9.199 0.1000000015
16389  12.907  -65.317  -10.004 0.2000000030
118031  14.294  -65.490  9.469 0.1000000015
15509  10.936  -64.901  -11.430 0.2000000030
17345  13.467  -63.998  -10.214 0.2000000030
17344  14.198  -63.325  -10.018 0.2000000030
118345  14.929  -63.543  -9.445 0.2000000030
137881  15.284  -62.315  -12.208 0.2000000030
19066  16.309  -61.660  -12.050 0.2000000030
17356  14.529  -63.156  -11.091 0.2000000030
16407  11.491  -64.251  -11.577 0.2000000030
124281  17.498  -60.968  -10.932 0.2000000030
18221  15.316  -62.816  -11.064 0.2000000030
17357  12.753  -63.919  -11.041 0.2000000030
18235  16.497  -61.991  -11.004 0.2000000030
17355  15.200  -62.990  -10.053 0.2000000030
19056  17.232  -61.603  -10.313 0.2000000030
18219  16.653  -62.272  -10.063 0.2000000030
18207  16.172  -62.846  -9.701 0.2000000030
16417  11.041  -63.844  -11.969 0.2000000030
19916  18.008  -60.303  -11.096 0.2000000030
19917  17.417  -60.771  -12.058 0.2000000030
19911  18.592  -60.350  -10.167 0.2000000030
21639  18.956  -58.549  -13.035 0.2000000030
20799  18.066  -59.579  -12.987 0.2000000030
20800  17.350  -59.883  -14.157 0.2000000030
19936  16.752  -60.391  -14.536 0.2000000030
22528  19.585  -57.849  -12.883 0.2000000030
19924  17.105  -60.436  -13.411 0.2000000030
19073  15.285  -61.509  -13.419 0.2000000030
18254  12.779  -62.175  -13.313 0.2000000030
20790  18.461  -59.745  -11.867 0.2000000030
19923  17.758  -60.149  -12.609 0.2000000030
18252  14.810  -62.216  -12.890 0.2000000030
17383  12.669  -62.737  -12.746 0.2000000030
19918  16.780  -61.005  -12.639 0.2000000030
21654  19.030  -58.286  -14.070 0.2000000030
21640  18.171  -59.076  -13.871 0.2000000030
23405  20.719  -56.529  -13.588 0.2000000030
20815  17.159  -60.248  -15.351 0.2000000030
19087  13.878  -61.533  -13.892 0.2000000030
19086  14.713  -61.042  -14.006 0.2000000030
18256  10.788  -63.187  -12.196 0.2000000030
17368  8.793  -63.380  -12.646 0.2000000030
117805  19.818  -57.639  -13.844 0.2000000030
21655  18.056  -58.765  -14.917 0.2000000030
20816  16.995  -60.478  -15.306 0.2000000030
19938  13.541  -60.951  -13.968 0.2000000030
18265  12.359  -61.617  -13.249 0.2000000030
118033  19.807  -55.874  -14.761 0.2000000030
21663  17.926  -58.121  -15.229 0.2000000030
21665  16.535  -59.054  -15.070 0.2000000030
19947  15.426  -59.763  -14.421 0.2000000030
20817  14.314  -59.547  -14.071 0.2000000030
24324  20.556  -55.423  -14.515 0.2000000030
22544  18.566  -58.023  -14.737 0.2000000030
20826  17.148  -59.969  -15.590 0.2000000030
129301  16.487  -59.988  -15.245 0.2000000030
23420  18.928  -56.162  -15.025 0.2000000030
121007  17.530  -57.012  -15.168 0.2000000030
134974  12.937  -61.949  -10.914 0.2000000030
22555  16.772  -57.812  -14.922 0.2000000030
21656  14.838  -58.399  -14.009 0.2000000030
20792  14.345  -59.731  -12.182 0.2000000030
19058  13.305  -61.462  -10.284 0.2000000030
22545  15.062  -57.630  -13.818 0.2000000030
20801  14.791  -58.972  -12.695 0.2000000030
22556  15.808  -57.894  -14.418 0.2000000030
128916  14.657  -59.958  -10.974 0.2000000030
22530  15.314  -57.032  -13.564 0.2000000030
20791  15.126  -59.380  -11.344 0.2000000030
23406  15.624  -56.247  -13.549 0.2000000030
21632  15.642  -58.780  -11.645 0.2000000030
19898  14.443  -59.843  -10.013 0.2000000030
20769  13.826  -59.477  -9.464 0.2000000030
126956  15.340  -58.390  -12.626 0.2000000030
21622  15.077  -58.754  -9.855 0.2000000030
20770  13.156  -59.112  -8.929 0.2000000030
127503  16.039  -57.229  -12.682 0.2000000030
22519  16.694  -57.698  -11.397 0.2000000030
21608  13.722  -58.593  -9.329 0.2000000030
22518  17.025  -57.136  -11.755 0.2000000030
22510  15.530  -58.242  -9.888 0.2000000030
22507  17.219  -57.156  -10.854 0.2000000030
21609  12.862  -58.207  -9.003 0.2000000030
22496  14.519  -58.100  -9.558 0.2000000030
22497  13.488  -57.681  -9.333 0.2000000030
23375  17.422  -56.579  -10.475 0.2000000030
23377  16.130  -57.018  -9.815 0.2000000030
22495  15.150  -57.264  -9.642 0.2000000030
22483  11.804  -57.850  -8.886 0.2000000030
22498  12.597  -57.349  -9.170 0.2000000030
23376  16.936  -56.837  -10.102 0.2000000030
23362  15.362  -56.312  -9.596 0.2000000030
123278  12.921  -55.993  -9.466 0.2000000030
124625  12.050  -55.755  -9.525 0.2000000030
23360  17.196  -56.116  -9.960 0.2000000030
24267  16.608  -55.407  -9.647 0.2000000030
23363  14.392  -56.323  -9.526 0.2000000030
24269  14.665  -55.493  -9.546 0.2000000030
25183  14.037  -54.678  -9.634 0.2000000030
127575  13.189  -54.500  -9.678 0.2000000030
116993  14.277  -53.975  -9.687 0.2000000030
28557  18.423  -50.608  -8.614 0.2000000030
28571  16.624  -50.222  -9.286 0.2000000030
28573  14.720  -50.385  -10.113 0.2000000030
30310  20.585  -48.791  -10.105 0.2000000030
29398  19.018  -49.850  -8.509 0.2000000030
29412  16.700  -49.257  -9.237 0.2000000030
29414  14.978  -49.514  -10.002 0.2000000030
30279  20.223  -48.747  -8.930 0.2000000030
28559  17.324  -49.790  -8.841 0.2000000030
31314  20.151  -47.625  -11.294 0.1000000015
31289  20.721  -48.173  -9.274 0.2000000030
122445  18.520  -49.108  -8.415 0.2000000030
117789  20.334  -47.826  -8.639 0.2000000030
30281  18.968  -48.437  -8.395 0.1000000015
31288  21.148  -47.251  -9.484 0.2000000030
31279  19.412  -47.745  -8.343 0.1000000015
30292  17.365  -48.080  -8.900 0.1000000015
32287  20.654  -46.923  -8.441 0.1000000015
32286  21.457  -45.984  -8.738 0.1000000015
33356  22.043  -44.854  -9.792 0.1000000015
33347  20.957  -45.584  -8.192 0.1000000015
35365  22.522  -43.480  -10.014 0.1000000015
34379  22.655  -44.037  -8.857 0.1000000015
33346  21.781  -45.191  -8.606 0.1000000015
33334  20.041  -45.053  -7.697 0.1000000015
34380  22.003  -44.281  -8.451 0.1000000015
125820  21.137  -44.057  -7.881 0.1000000015
34369  20.179  -44.190  -7.626 0.1000000015
34385  22.570  -44.128  -9.427 0.1000000015
35355  22.835  -43.278  -9.216 0.1000000015
34370  19.019  -44.304  -7.695 0.1000000015
36257  21.954  -42.657  -8.308 0.1000000015
33335  18.899  -45.099  -7.823 0.1000000015
35343  19.218  -43.471  -7.618 0.1000000015
124812  18.050  -43.673  -8.103 0.1000000015
16399  12.225  -64.996  -10.588 0.2000000030
16409  10.235  -64.743  -12.257 0.2000000030
17386  10.258  -63.755  -12.651 0.2000000030
13603  1.489  -67.472  0.214 0.2000000030
17385  10.715  -63.776  -12.333 0.2000000030
29413  15.872  -49.442  -9.605 0.2000000030
31280  18.487  -47.615  -8.445 0.1000000015
6803  5.619  -76.117  20.453 0.2000000030
117105  12.666  -61.515  -9.407 0.2000000030
128269  15.282  -50.954  -9.805 0.2000000030
118279  16.120  -51.020  -9.516 0.2000000030
18240  10.353  -62.865  -12.069 0.2000000030
20803  13.573  -60.062  -13.793 0.2000000030
19926  13.368  -60.029  -12.884 0.2000000030
19919  13.894  -60.362  -11.728 0.2000000030
19899  13.837  -60.474  -9.856 0.2000000030
25182  15.388  -53.731  -9.560 0.2000000030
2336  22.773  -84.902  12.256 0.1000000015
6177  4.533  -76.352  20.730 0.2000000030
16400  11.524  -64.687  -11.184 0.2000000030
17364  13.717  -63.113  -12.193 0.2000000030
17365  12.712  -63.334  -11.875 0.2000000030
19925  16.610  -60.580  -13.746 0.2000000030
17382  13.388  -62.607  -12.991 0.2000000030
24311  21.045  -55.751  -13.788 0.2000000030
19946  15.635  -60.206  -14.323 0.2000000030
22543  19.408  -57.554  -14.382 0.2000000030
21643  14.498  -58.895  -13.701 0.2000000030
21621  15.555  -58.896  -10.542 0.2000000030
23388  17.502  -56.510  -11.381 0.2000000030
22508  16.656  -57.541  -10.420 0.2000000030
116391  14.050  -57.084  -9.492 0.2000000030
24282  17.741  -55.978  -10.487 0.2000000030
23361  16.360  -56.234  -9.720 0.2000000030
131919  13.634  -56.337  -9.475 0.2000000030
24268  15.642  -55.538  -9.565 0.2000000030
24270  13.634  -55.477  -9.541 0.2000000030
24265  18.115  -54.790  -9.927 0.2000000030
28570  17.073  -51.180  -9.151 0.2000000030
29409  20.144  -49.507  -9.173 0.2000000030
28558  17.612  -50.540  -8.733 0.2000000030
30291  20.434  -48.984  -9.438 0.1000000015
31303  20.711  -47.938  -10.325 0.1000000015
29399  18.073  -49.855  -8.413 0.2000000030
122519  19.233  -49.086  -8.493 0.2000000030
123253  17.536  -48.979  -8.722 0.2000000030
31278  20.965  -47.443  -8.848 0.2000000030
30280  19.715  -48.555  -8.583 0.1000000015
31277  21.229  -46.747  -8.813 0.1000000015
30282  18.089  -48.297  -8.508 0.1000000015
32294  21.460  -46.322  -9.344 0.1000000015
32288  19.760  -46.969  -8.141 0.1000000015
129266  20.961  -46.308  -8.371 0.1000000015
33357  21.884  -45.511  -9.194 0.1000000015
33348  20.087  -46.069  -7.855 0.1000000015
34381  21.080  -44.762  -8.039 0.1000000015
35356  22.396  -43.402  -8.620 0.1000000015
35357  21.588  -43.448  -8.076 0.1000000015
35342  20.562  -43.452  -7.648 0.1000000015
127555  17.685  -92.558  -12.729 0.1000000015
99  16.890  -93.613  -13.068 0.1000000015
129700  10.801  -90.586  -10.044 0.1000000015
725  16.760  -89.924  -11.130 0.1000000015
113577  12.314  -90.861  -10.044 0.1000000015
121849  4.833  -91.227  -7.874 0.1000000015
300  4.166  -90.253  -7.568 0.1000000015
307  5.607  -91.326  -8.859 0.1000000015
700  4.470  -89.766  -7.521 0.1000000015
696  6.381  -89.684  -5.958 0.1000000015
482  7.866  -90.250  -9.219 0.1000000015
704  7.079  -89.901  -8.643 0.1000000015
699  6.687  -89.396  -6.964 0.1000000015
698  8.179  -89.266  -6.877 0.1000000015
695  7.765  -89.308  -6.014 0.1000000015
495  8.453  -90.453  -9.624 0.1000000015
127659  8.651  -89.297  -7.613 0.1000000015
493  10.206  -90.055  -9.882 0.1000000015
959  9.339  -88.801  -6.864 0.1000000015
113968  10.972  -89.724  -10.139 0.1000000015
716  9.762  -89.732  -9.439 0.1000000015
720  15.502  -89.659  -11.100 0.1000000015
970  14.761  -89.317  -11.107 0.1000000015
721  14.073  -89.473  -10.911 0.1000000015
118744  13.391  -89.605  -10.731 0.1000000015
129782  11.480  -90.413  -10.190 0.1000000015
129699  11.429  -89.103  -10.090 0.1000000015
958  10.325  -88.340  -7.403 0.1000000015
113583  12.709  -89.234  -10.605 0.1000000015
113924  11.538  -88.578  -9.666 0.1000000015
295  5.143  -92.423  -4.628 0.1000000015
115465  4.319  -90.748  -6.639 0.1000000015
465  4.983  -90.234  -6.305 0.1000000015
464  5.128  -89.752  -6.434 0.1000000015
114955  7.426  -89.491  -7.805 0.1000000015
703  8.433  -89.558  -8.359 0.1000000015
961  9.603  -89.024  -7.983 0.1000000015
966  10.402  -88.802  -8.643 0.1000000015
129641  10.916  -89.040  -9.693 0.1000000015
115361  10.990  -88.618  -9.197 0.1000000015
971  14.193  -88.505  -11.197 0.1000000015
113582  12.057  -88.792  -10.229 0.1000000015
116367  12.802  -88.431  -10.462 0.1000000015
114182  11.095  -88.366  -8.766 0.1000000015
1292  10.739  -87.599  -6.732 0.1000000015
3501  32.141  -83.022  -9.276 0.1000000015
52  4.726  -93.337  -0.841 0.2000000030
132017  4.455  -92.998  -0.886 0.1000000015
278  4.811  -92.491  -2.833 0.1000000015
287  5.727  -91.119  -3.599 0.1000000015
288  5.050  -92.399  -3.774 0.1000000015
460  6.118  -90.579  -4.805 0.1000000015
459  6.044  -89.925  -5.311 0.1000000015
691  6.512  -89.760  -4.215 0.1000000015
940  5.348  -88.353  -3.719 0.1000000015
931  6.334  -88.913  -3.102 0.1000000015
684  6.164  -89.264  -3.698 0.1000000015
939  6.550  -88.724  -3.430 0.1000000015
137928  10.318  -88.636  -8.089 0.1000000015
690  6.832  -89.769  -4.598 0.1000000015
118295  30.742  -83.712  -9.402 0.1000000015
2990  29.236  -83.454  -10.057 0.2000000030
113599  11.470  -87.974  -8.389 0.1000000015
3489  31.109  -82.920  -9.459 0.1000000015
2991  28.448  -83.641  -10.512 0.2000000030
114004  13.118  -87.778  -10.223 0.1000000015
114232  12.352  -88.104  -9.751 0.1000000015
1294  11.130  -87.838  -7.602 0.1000000015
113587  13.599  -87.491  -10.677 0.1000000015
4058  32.977  -82.150  -10.024 0.1000000015
2961  23.050  -83.369  -5.992 0.1000000015
135  4.507  -93.037  -0.168 0.1000000015
125148  21.816  -83.325  -5.384 0.1000000015
3476  23.576  -82.776  -6.080 0.1000000015
3475  24.237  -82.273  -6.057 0.1000000015
120281  4.652  -92.486  -1.594 0.1000000015
3466  21.999  -82.467  -5.488 0.1000000015
4020  22.258  -81.733  -5.620 0.1000000015
124313  5.369  -91.312  -2.412 0.1000000015
4034  22.804  -81.311  -5.877 0.1000000015
436  5.652  -90.231  -2.064 0.1000000015
4594  21.993  -80.890  -5.791 0.1000000015
446  5.840  -89.897  -2.999 0.1000000015
4595  21.220  -80.699  -5.717 0.1000000015
118446  5.617  -88.651  -3.575 0.1000000015
114288  6.311  -88.632  -2.046 0.1000000015
5218  21.951  -79.387  -6.921 0.2000000030
5848  22.163  -78.593  -7.959 0.2000000030
953  10.067  -88.092  -6.290 0.1000000015
5248  22.296  -78.874  -8.604 0.2000000030
114066  12.089  -87.545  -8.594 0.1000000015
5265  23.363  -78.908  -9.849 0.2000000030
5870  23.794  -78.293  -9.280 0.2000000030
114030  12.377  -87.649  -9.163 0.1000000015
5264  24.124  -78.617  -10.022 0.2000000030
5270  33.428  -80.016  -11.013 0.1000000015
4636  33.506  -80.974  -10.844 0.1000000015
113581  12.845  -87.034  -8.781 0.1000000015
3473  25.869  -83.156  -6.094 0.1000000015
133285  30.901  -79.335  -1.622 0.1000000015
4032  24.315  -81.193  -6.016 0.1000000015
4607  24.026  -80.112  -6.176 0.1000000015
665  5.908  -89.346  -1.624 0.1000000015
134152  23.279  -79.906  -6.312 0.1000000015
677  6.058  -89.217  -2.678 0.1000000015
122273  5.941  -88.488  -0.419 0.1000000015
130431  21.407  -80.068  -6.356 0.2000000030
124100  22.518  -80.168  -6.244 0.1000000015
5215  24.520  -79.395  -6.381 0.1000000015
5231  24.117  -78.768  -6.951 0.1000000015
5233  22.446  -78.865  -7.369 0.2000000030
5859  22.816  -78.612  -8.243 0.2000000030
3502  28.618  -82.662  -10.549 0.2000000030
3503  27.821  -82.931  -10.922 0.2000000030
2516  28.369  -84.732  -10.551 0.2000000030
5869  24.502  -77.997  -9.468 0.2000000030
134060  29.089  -84.302  -10.146 0.2000000030
4644  24.347  -80.011  -11.222 0.2000000030
5276  24.693  -79.285  -10.604 0.2000000030
5263  25.018  -78.646  -9.984 0.2000000030
115405  13.536  -87.123  -10.091 0.1000000015
122674  33.617  -79.092  -11.156 0.1000000015
3465  26.895  -81.921  -5.565 0.1000000015
4009  28.049  -81.360  -4.656 0.1000000015
133534  29.972  -79.588  -2.412 0.1000000015
5190  29.160  -79.931  -3.215 0.1000000015
4587  27.662  -80.361  -4.691 0.1000000015
4031  25.275  -81.185  -5.793 0.1000000015
5790  32.067  -78.799  -1.202 0.1000000015
5791  31.428  -78.771  -1.720 0.1000000015
119938  29.626  -79.248  -2.955 0.1000000015
5821  27.941  -78.742  -4.799 0.1000000015
4592  27.079  -80.174  -5.140 0.1000000015
4605  25.778  -80.312  -5.615 0.1000000015
5175  32.134  -79.387  -0.653 0.1000000015
4606  24.871  -80.278  -6.024 0.1000000015
5163  33.564  -79.450  -0.122 0.1000000015
5778  32.897  -78.888  -0.781 0.1000000015
5214  25.328  -79.381  -6.075 0.1000000015
904  5.955  -87.589  -0.814 0.1000000015
115364  25.874  -78.451  -6.296 0.1000000015
114383  6.075  -88.478  -1.154 0.1000000015
5232  23.284  -78.833  -7.090 0.2000000030
5836  25.032  -78.595  -6.835 0.2000000030
5844  25.753  -77.843  -7.105 0.2000000030
5846  24.487  -78.271  -7.554 0.2000000030
123284  23.771  -78.521  -7.606 0.2000000030
5845  25.121  -77.923  -7.548 0.2000000030
6436  26.358  -77.385  -7.573 0.2000000030
5857  24.288  -77.853  -8.874 0.2000000030
6447  26.124  -77.266  -8.452 0.2000000030
6434  28.056  -77.215  -7.097 0.2000000030
6460  24.954  -77.422  -9.091 0.2000000030
6446  26.923  -77.306  -8.173 0.2000000030
5867  26.158  -77.859  -9.627 0.2000000030
5856  26.735  -77.495  -9.172 0.2000000030
133158  27.430  -77.575  -8.636 0.2000000030
125106  30.020  -84.339  -9.672 0.2000000030
5274  27.316  -79.507  -10.502 0.2000000030
127565  26.393  -79.604  -10.603 0.2000000030
5868  25.364  -77.873  -9.599 0.2000000030
5261  27.600  -78.734  -10.235 0.2000000030
5262  26.040  -78.620  -10.102 0.2000000030
122284  26.876  -78.216  -9.905 0.2000000030
2981  31.873  -83.875  -9.086 0.1000000015
125854  34.318  -77.105  -11.332 0.1000000015
6476  33.795  -77.468  -11.031 0.1000000015
128935  29.523  -85.253  -10.155 0.2000000030
5191  28.629  -79.639  -3.881 0.1000000015
5197  28.056  -79.502  -4.434 0.1000000015
5803  30.183  -78.839  -2.659 0.1000000015
5811  29.152  -78.896  -3.604 0.1000000015
5820  28.617  -78.604  -4.358 0.1000000015
5203  26.889  -79.309  -5.404 0.1000000015
5801  31.439  -78.233  -2.476 0.1000000015
5809  30.669  -78.104  -3.083 0.1000000015
6395  31.530  -77.865  -3.221 0.1000000015
6403  29.010  -77.820  -4.772 0.1000000015
5826  28.261  -78.050  -5.061 0.1000000015
5828  26.684  -78.470  -5.887 0.1000000015
1236  4.973  -86.867  -0.003 0.1000000015
5777  33.987  -78.764  -0.740 0.1000000015
136827  32.658  -78.499  -1.495 0.1000000015
115991  32.849  -78.249  -2.119 0.1000000015
5835  27.254  -77.850  -6.078 0.1000000015
1223  5.511  -87.797  0.278 0.1000000015
5162  34.653  -79.277  -0.093 0.1000000015
6423  28.443  -77.390  -6.387 0.2000000030
6421  30.223  -77.690  -6.445 0.1000000015
897  5.867  -88.216  0.172 0.1000000015
6435  27.201  -77.296  -7.299 0.2000000030
5866  27.725  -78.131  -9.504 0.2000000030
6394  32.306  -77.846  -3.453 0.1000000015
116923  31.019  -77.685  -3.851 0.1000000015
6402  30.193  -77.569  -4.857 0.1000000015
6411  28.773  -77.599  -5.559 0.1000000015
5789  33.406  -78.458  -1.450 0.1000000015
6409  30.841  -77.559  -5.138 0.1000000015
6410  30.206  -77.533  -5.628 0.1000000015
1215  3.776  -87.777  0.971 0.1000000015
1224  5.099  -87.907  0.940 0.1000000015
3500  33.075  -83.015  -9.457 0.1000000015
2515  30.497  -85.332  -9.689 0.2000000030
6401  31.459  -77.639  -4.574 0.1000000015
1237  3.966  -86.348  0.210 0.1000000015
1225  3.010  -86.610  0.344 0.1000000015
4057  33.863  -81.953  -10.589 0.1000000015
2075  30.252  -86.021  -10.007 0.2000000030
878  4.667  -88.419  1.937 0.1000000015
1629  3.159  -85.714  0.288 0.1000000015
1619  1.768  -85.852  0.660 0.1000000015
132451  2.645  -84.514  0.627 0.1000000015
2509  31.261  -84.836  -9.198 0.2000000030
2989  32.487  -84.557  -9.199 0.1000000015
8547  19.728  -74.524  -17.222 0.1000000015
123474  19.191  -74.402  -18.175 0.1000000015
9392  20.612  -73.608  -18.928 0.1000000015
8562  19.914  -74.033  -18.551 0.1000000015
125225  20.956  -73.261  -19.592 0.1000000015
879  2.960  -88.542  1.742 0.1000000015
1992  3.643  -84.370  2.579 0.1000000015
2001  2.065  -84.310  1.217 0.1000000015
1993  2.413  -84.476  1.994 0.1000000015
5285  34.279  -80.073  -11.651 0.1000000015
118305  31.889  -85.278  -9.785 0.2000000030
8473  20.420  -74.340  -13.885 0.1000000015
8474  19.725  -74.477  -13.803 0.1000000015
8511  19.760  -74.485  -15.407 0.1000000015
8548  18.811  -74.711  -17.229 0.1000000015
8526  21.179  -74.371  -16.717 0.1000000015
8527  20.319  -74.429  -16.312 0.1000000015
9376  21.230  -73.757  -18.308 0.1000000015
116189  21.947  -73.750  -18.042 0.1000000015
9390  22.639  -73.277  -18.630 0.1000000015
9405  22.234  -72.896  -19.394 0.1000000015
10114  22.228  -72.605  -20.219 0.2000000030
116226  23.448  -73.540  -18.132 0.1000000015
9404  22.933  -72.815  -19.526 0.1000000015
1217  1.610  -87.556  1.123 0.1000000015
1603  3.019  -85.358  3.021 0.1000000015
5884  33.881  -78.328  -11.207 0.1000000015
10047  20.231  -72.411  -12.058 0.1000000015
10048  19.400  -72.618  -12.382 0.1000000015
10049  18.552  -72.816  -12.697 0.2000000030
9299  18.399  -73.697  -13.243 0.1000000015
137398  20.805  -73.694  -12.865 0.1000000015
9279  20.098  -73.419  -12.530 0.1000000015
9297  20.249  -74.059  -13.255 0.1000000015
9298  19.404  -73.995  -13.177 0.1000000015
8494  19.290  -74.667  -14.551 0.1000000015
9295  22.274  -73.629  -13.369 0.1000000015
9318  21.669  -73.951  -14.035 0.1000000015
8492  20.971  -74.169  -14.483 0.1000000015
119607  22.194  -74.268  -15.557 0.1000000015
131849  22.351  -74.300  -16.274 0.1000000015
9375  22.767  -73.794  -17.648 0.1000000015
126490  22.938  -74.289  -15.853 0.1000000015
9356  23.460  -74.250  -16.439 0.1000000015
9389  23.329  -73.221  -18.844 0.1000000015
1605  1.569  -86.325  2.169 0.1000000015
1611  1.811  -85.059  1.844 0.1000000015
1595  2.689  -86.424  3.921 0.1000000015
1985  4.132  -85.591  3.963 0.1000000015
1586  4.684  -85.962  5.162 0.1000000015
12201  19.712  -69.892  -13.475 0.2000000030
12215  19.627  -69.545  -14.487 0.2000000030
123878  20.379  -69.585  -12.903 0.2000000030
11546  19.063  -70.191  -14.045 0.2000000030
11531  18.525  -70.832  -13.627 0.2000000030
2980  32.871  -83.735  -9.153 0.1000000015
10762  19.681  -71.674  -12.217 0.2000000030
12186  19.863  -70.351  -12.657 0.2000000030
119984  18.789  -71.841  -12.599 0.2000000030
10772  18.105  -71.562  -13.242 0.2000000030
132036  17.552  -71.716  -13.802 0.2000000030
10046  21.604  -72.842  -12.013 0.1000000015
10036  21.077  -72.153  -11.684 0.1000000015
128480  21.495  -73.666  -13.138 0.1000000015
9317  22.497  -73.927  -14.188 0.1000000015
9294  23.099  -73.693  -13.556 0.1000000015
9335  22.690  -74.154  -14.995 0.1000000015
1604  2.013  -85.657  2.722 0.1000000015
1594  3.844  -86.623  4.886 0.1000000015
1579  5.021  -86.069  6.128 0.1000000015
12940  20.796  -68.860  -13.394 0.2000000030
12185  21.211  -69.189  -12.296 0.2000000030
135296  20.660  -68.734  -14.081 0.2000000030
12176  21.356  -69.923  -11.573 0.1000000015
10774  16.979  -72.073  -14.002 0.2000000030
11490  21.717  -70.799  -11.340 0.1000000015
10035  22.015  -72.261  -11.571 0.1000000015
9276  22.848  -73.307  -12.762 0.1000000015
1179  4.740  -86.893  6.688 0.1000000015
1572  5.228  -85.997  7.164 0.1000000015
2404  4.690  -84.738  6.524 0.1000000015
2391  4.962  -85.254  7.119 0.1000000015
14628  22.582  -66.493  -15.515 0.2000000030
118632  22.177  -67.174  -15.072 0.2000000030
14618  22.568  -66.464  -14.463 0.2000000030
12952  21.117  -68.179  -15.282 0.2000000030
12214  20.112  -69.110  -14.900 0.2000000030
13711  21.527  -67.631  -13.621 0.2000000030
12939  21.011  -68.248  -14.120 0.2000000030
12216  19.029  -69.834  -15.082 0.2000000030
12930  21.932  -68.303  -11.978 0.2000000030
11547  18.393  -70.529  -14.733 0.2000000030
10781  17.309  -71.596  -14.500 0.2000000030
120690  17.321  -70.909  -15.929 0.2000000030
10790  17.054  -71.477  -15.367 0.2000000030
10783  15.886  -72.308  -15.143 0.2000000030
14627  22.992  -65.802  -16.020 0.2000000030
13729  21.930  -67.026  -16.104 0.2000000030
12965  20.710  -68.635  -15.979 0.2000000030
12230  19.739  -69.342  -15.651 0.2000000030
132275  17.514  -70.369  -16.475 0.2000000030
11559  16.774  -71.292  -16.138 0.2000000030
16461  23.895  -64.661  -15.933 0.2000000030
12964  21.232  -68.315  -16.372 0.2000000030
12978  21.132  -69.151  -16.910 0.2000000030
12245  19.930  -69.647  -16.766 0.2000000030
11567  18.278  -69.961  -16.545 0.2000000030
12261  19.951  -69.602  -17.453 0.2000000030
11568  17.491  -70.113  -17.454 0.2000000030
14639  22.342  -66.348  -16.598 0.2000000030
13744  21.597  -67.788  -16.730 0.2000000030
12260  20.678  -69.537  -17.251 0.2000000030
15553  23.414  -65.143  -16.470 0.2000000030
13743  21.821  -67.049  -17.153 0.2000000030
13758  21.644  -67.936  -17.659 0.2000000030
120055  21.488  -67.752  -18.351 0.2000000030
13000  20.908  -68.754  -18.358 0.2000000030
118586  23.360  -64.961  -17.388 0.2000000030
15554  22.764  -65.573  -17.257 0.2000000030
15559  23.046  -65.056  -18.441 0.2000000030
15560  22.398  -65.678  -18.310 0.2000000030
15573  22.342  -65.413  -19.187 0.2000000030
14662  21.552  -66.980  -19.010 0.2000000030
14673  21.728  -66.023  -19.302 0.2000000030
18286  21.913  -62.928  -18.699 0.2000000030
17432  21.456  -63.307  -17.842 0.2000000030
17426  21.344  -63.413  -16.673 0.1000000015
17421  20.972  -64.139  -16.158 0.1000000015
19118  23.007  -61.616  -18.989 0.1000000015
137403  21.861  -62.594  -17.932 0.1000000015
18276  21.786  -62.969  -16.030 0.1000000015
20859  26.405  -59.379  -19.703 0.1000000015
134804  23.853  -61.369  -19.452 0.2000000030
20862  23.753  -59.791  -19.173 0.1000000015
19963  23.072  -60.940  -18.357 0.1000000015
18279  22.267  -62.111  -17.419 0.1000000015
17415  21.784  -63.372  -14.959 0.2000000030
21707  26.026  -58.757  -19.905 0.1000000015
20860  25.502  -59.648  -19.635 0.1000000015
119105  24.778  -58.961  -19.522 0.1000000015
117190  24.846  -57.934  -19.454 0.1000000015
20853  23.636  -59.517  -18.643 0.1000000015
21699  23.919  -58.718  -18.288 0.1000000015
19956  23.194  -60.789  -17.394 0.1000000015
115498  23.574  -60.034  -17.416 0.1000000015
19109  22.756  -61.537  -16.876 0.1000000015
133200  22.852  -61.593  -16.006 0.2000000030
18271  22.408  -62.607  -14.531 0.2000000030
11183  11.104  -69.927  13.436 0.1000000015
11915  11.305  -69.298  13.476 0.1000000015
12842  2.041  -68.174  0.368 0.1000000015
12832  2.284  -67.919  1.468 0.1000000015
13597  1.831  -67.074  1.197 0.1000000015
20645  5.553  -59.652  -0.237 0.1000000015
118448  10.106  -90.722  -9.877 0.1000000015
325  8.680  -91.251  -9.741 0.1000000015
10447  8.616  -70.997  15.898 0.1000000015
11930  11.655  -69.510  13.143 0.1000000015
298  5.084  -92.174  -5.682 0.1000000015
124807  13.964  -90.331  -10.471 0.1000000015
502  14.911  -90.288  -10.643 0.1000000015
719  16.251  -89.950  -10.890 0.1000000015
724  17.133  -89.768  -11.663 0.1000000015
1176  4.047  -87.601  7.189 0.1000000015
4643  25.465  -80.097  -11.000 0.2000000030
136785  16.388  -70.990  -17.452 0.2000000030
12281  19.566  -69.180  -18.069 0.2000000030
13772  21.112  -67.857  -18.870 0.2000000030
10792  15.630  -72.094  -16.242 0.2000000030
125698  22.206  -62.627  -15.406 0.2000000030
10121  21.371  -72.614  -21.262 0.2000000030
134422  20.631  -74.079  -18.095 0.1000000015
8512  18.876  -74.771  -15.405 0.1000000015
10058  16.900  -72.798  -13.688 0.2000000030
8528  19.324  -74.579  -16.308 0.1000000015
10050  17.763  -72.902  -13.140 0.2000000030
114128  11.931  -89.732  -10.398 0.1000000015
308  4.670  -90.398  -8.027 0.1000000015
468  4.206  -89.772  -7.120 0.1000000015
483  6.713  -90.736  -9.117 0.1000000015
314  7.720  -91.017  -9.594 0.1000000015
467  5.146  -89.455  -6.980 0.1000000015
705  5.690  -89.689  -7.796 0.1000000015
481  8.828  -89.938  -9.390 0.1000000015
712  8.333  -89.831  -8.944 0.1000000015
711  9.423  -89.488  -8.836 0.1000000015
113579  13.357  -88.824  -10.911 0.1000000015
294  5.484  -91.591  -4.509 0.1000000015
113935  11.705  -88.126  -9.089 0.1000000015
455  6.279  -89.676  -3.781 0.1000000015
3477  22.815  -82.388  -5.827 0.1000000015
124344  23.517  -81.810  -6.016 0.1000000015
4033  23.416  -80.747  -6.049 0.1000000015
5217  22.839  -79.335  -6.699 0.1000000015
4586  28.283  -80.532  -4.226 0.1000000015
5810  29.828  -78.426  -3.381 0.1000000015
5204  26.127  -79.295  -5.698 0.1000000015
6425  26.642  -77.666  -6.642 0.2000000030
6438  24.805  -77.654  -8.337 0.2000000030
6396  30.191  -77.810  -4.038 0.1000000015
132265  30.725  -77.608  -4.489 0.1000000015
8493  20.143  -74.454  -14.535 0.1000000015
8546  20.555  -74.358  -17.304 0.1000000015
9391  21.607  -73.294  -18.935 0.1000000015
8510  21.063  -74.413  -15.938 0.1000000015
120222  22.035  -74.182  -17.042 0.1000000015
9355  24.216  -74.339  -16.583 0.1000000015
133712  23.549  -73.221  -19.332 0.1000000015
9278  21.250  -73.357  -12.470 0.1000000015
10751  21.066  -71.307  -11.519 0.2000000030
9280  19.158  -73.386  -12.703 0.1000000015
136274  21.520  -74.114  -14.643 0.1000000015
11530  19.165  -70.550  -13.133 0.2000000030
12177  20.572  -70.097  -12.091 0.2000000030
9316  23.262  -74.022  -14.380 0.1000000015
13718  21.564  -67.663  -14.650 0.2000000030
12175  22.262  -69.945  -11.186 0.1000000015
125743  18.530  -70.070  -15.618 0.2000000030
1986  25.095  -86.381  3.974 0.1000000015
1979  25.451  -86.441  4.752 0.1000000015
116542  25.277  -85.525  5.123 0.1000000015
2406  26.056  -85.990  6.183 0.1000000015
130876  26.324  -86.089  7.081 0.1000000015
3377  24.405  -82.626  6.800 0.1000000015
1606  24.819  -86.552  2.466 0.1000000015
133215  24.689  -86.013  3.238 0.1000000015
1620  25.083  -87.335  1.147 0.1000000015
1980  24.672  -85.388  4.016 0.1000000015
1994  24.356  -85.747  2.557 0.1000000015
17430  24.763  -62.919  -17.072 0.1000000015
16460  24.296  -64.128  -16.341 0.1000000015
3349  3.904  -82.010  9.894 0.1000000015
3351  2.070  -82.577  10.348 0.1000000015
19107  25.700  -61.596  -16.537 0.1000000015
127235  25.236  -62.316  -16.728 0.1000000015
17424  25.029  -63.035  -16.215 0.1000000015
18275  25.505  -62.579  -15.773 0.1000000015
17419  24.760  -63.665  -15.801 0.1000000015
17418  25.236  -63.133  -15.269 0.1000000015
120989  24.402  -64.252  -15.405 0.1000000015
15547  23.557  -65.260  -15.456 0.1000000015
14617  23.162  -65.903  -14.933 0.1000000015
13701  21.802  -67.752  -12.728 0.1000000015
3880  4.390  -81.513  10.004 0.1000000015
19954  25.813  -60.917  -17.198 0.1000000015
19949  26.575  -60.223  -15.531 0.1000000015
18284  24.803  -62.436  -18.025 0.1000000015
16484  24.022  -63.855  -18.393 0.1000000015
128762  26.422  -61.070  -15.347 0.1000000015
124008  23.453  -64.348  -18.918 0.1000000015
18269  26.337  -62.629  -14.478 0.1000000015
17413  24.945  -63.768  -14.813 0.1000000015
15540  23.786  -65.219  -14.333 0.1000000015
16446  25.348  -64.101  -14.023 0.1000000015
14608  23.096  -65.816  -13.777 0.1000000015
14609  22.516  -66.479  -13.411 0.1000000015
16433  25.040  -64.667  -13.465 0.1000000015
15533  23.824  -65.394  -13.176 0.1000000015
14597  22.649  -66.819  -12.609 0.1000000015
12925  22.000  -69.170  -11.505 0.1000000015
6309  5.099  -77.691  8.267 0.1000000015
5695  5.611  -78.486  8.357 0.1000000015
5074  5.003  -79.174  8.908 0.1000000015
3357  4.724  -82.519  9.161 0.1000000015
125873  25.352  -61.723  -18.817 0.1000000015
19114  25.294  -61.599  -17.594 0.1000000015
17438  24.391  -63.147  -18.784 0.1000000015
19960  26.134  -60.275  -17.929 0.1000000015
14596  23.312  -66.143  -12.552 0.1000000015
13700  22.425  -67.520  -12.186 0.1000000015
13692  23.741  -67.357  -11.403 0.1000000015
12924  22.749  -68.536  -11.336 0.1000000015
4451  3.501  -80.948  10.559 0.1000000015
4462  4.987  -80.912  9.915 0.1000000015
20838  26.477  -59.454  -17.481 0.1000000015
20845  26.584  -59.624  -18.701 0.1000000015
19969  25.711  -61.129  -19.177 0.1000000015
18290  24.819  -62.285  -19.139 0.1000000015
16495  23.798  -63.672  -19.121 0.1000000015
17446  23.528  -63.458  -19.345 0.1000000015
120754  4.019  -80.327  9.836 0.1000000015
129209  3.707  -79.638  9.646 0.1000000015
21690  26.977  -58.895  -18.395 0.1000000015
19975  25.870  -60.238  -19.406 0.1000000015
18297  24.212  -62.240  -19.430 0.1000000015
18298  23.560  -62.830  -19.410 0.1000000015
19976  25.336  -61.078  -19.479 0.1000000015
125244  25.208  -60.421  -19.638 0.1000000015
16165  7.446  -64.322  7.881 0.1000000015
16185  8.256  -64.838  6.389 0.1000000015
15251  7.724  -65.076  8.268 0.1000000015
14360  5.695  -65.888  8.884 0.1000000015
14344  5.261  -66.778  8.903 0.1000000015
14361  4.450  -66.290  8.565 0.1000000015
16149  5.632  -64.289  8.322 0.1000000015
15241  6.381  -64.972  8.696 0.1000000015
16186  7.677  -64.158  6.954 0.1000000015
16148  7.148  -64.697  8.470 0.1000000015
17129  7.382  -63.210  5.337 0.1000000015
16207  7.783  -64.073  5.926 0.1000000015
15242  5.147  -65.188  8.571 0.1000000015
17128  7.897  -64.004  4.942 0.1000000015
134594  8.631  -62.987  2.760 0.1000000015
14345  4.436  -67.155  8.608 0.1000000015
13495  3.037  -67.279  8.263 0.1000000015
13482  3.206  -67.846  8.763 0.1000000015
16166  6.640  -63.991  8.143 0.1000000015
17092  7.112  -63.558  7.421 0.1000000015
17112  7.260  -63.404  6.462 0.1000000015
17146  7.392  -62.599  4.556 0.1000000015
17145  7.749  -63.246  4.371 0.1000000015
14362  3.043  -66.376  8.123 0.1000000015
14346  2.291  -66.886  7.928 0.1000000015
124893  2.477  -67.360  8.614 0.1000000015
12739  3.254  -68.513  9.120 0.1000000015
16150  4.607  -64.438  8.248 0.1000000015
15243  3.970  -65.316  8.348 0.1000000015
17113  6.584  -62.951  6.782 0.1000000015
17093  6.333  -63.231  7.518 0.1000000015
17080  5.732  -63.551  7.898 0.1000000015
17982  5.948  -62.125  6.138 0.1000000015
11976  2.632  -68.783  9.464 0.1000000015
11961  3.001  -69.859  9.823 0.1000000015
11226  3.143  -70.506  10.003 0.1000000015
17081  5.003  -63.808  7.998 0.1000000015
15252  2.822  -65.051  8.063 0.1000000015
17969  4.884  -62.414  6.925 0.1000000015
17983  5.093  -61.754  6.410 0.1000000015
12740  2.485  -68.025  9.231 0.1000000015
12721  2.134  -68.493  9.953 0.1000000015
17082  3.987  -63.561  7.731 0.1000000015
17094  4.869  -63.146  7.539 0.1000000015
3348  5.369  -82.057  9.511 0.1000000015
1973  25.901  -86.777  5.792 0.1000000015
2394  26.127  -85.216  7.705 0.1000000015
16496  22.881  -64.770  -19.273 0.1000000015
18291  22.836  -62.626  -19.253 0.1000000015
19124  23.512  -62.131  -19.354 0.1000000015
2407  25.027  -84.614  5.626 0.1000000015
2395  25.662  -84.917  6.622 0.1000000015
2854  25.145  -83.888  7.143 0.1000000015
4062  27.924  -81.945  -10.967 0.1000000015
4063  26.980  -81.311  -11.125 0.1000000015
116193  26.368  -80.498  -10.955 0.1000000015
3490  30.269  -82.914  -9.631 0.1000000015
4641  28.045  -80.915  -10.819 0.1000000015
4642  27.160  -80.311  -10.772 0.1000000015
3491  29.451  -82.518  -9.969 0.1000000015
4639  29.266  -80.776  -10.007 0.1000000015
132676  27.814  -80.080  -10.573 0.1000000015
4050  30.090  -81.241  -9.762 0.1000000015
4060  29.396  -81.555  -10.024 0.1000000015
4640  28.553  -80.250  -10.338 0.1000000015
5273  28.085  -79.406  -10.362 0.1000000015
126844  28.254  -78.763  -10.071 0.1000000015
5855  29.081  -78.217  -8.390 0.1000000015
5842  28.530  -77.527  -7.688 0.1000000015
123230  30.706  -80.821  -9.598 0.1000000015
4629  29.816  -80.395  -9.702 0.1000000015
5259  29.408  -79.583  -9.565 0.1000000015
5247  28.747  -78.725  -9.279 0.1000000015
5854  30.031  -78.506  -8.362 0.1000000015
6433  28.892  -77.375  -6.972 0.1000000015
5841  29.414  -77.822  -7.612 0.1000000015
5840  30.335  -78.188  -7.414 0.1000000015
128846  9.125  -77.172  21.698 0.1000000015
6774  9.783  -76.243  21.936 0.1000000015
6773  10.748  -76.156  22.258 0.1000000015
6785  7.713  -76.371  21.009 0.1000000015
7458  10.470  -75.500  21.792 0.1000000015
7459  9.543  -75.533  21.678 0.1000000015
7460  8.611  -75.339  21.558 0.1000000015
6786  7.214  -75.636  21.254 0.1000000015
7457  11.343  -75.577  21.720 0.1000000015
8167  10.134  -74.965  21.462 0.1000000015
7473  10.895  -74.888  21.337 0.1000000015
8168  9.357  -74.719  21.428 0.1000000015
8179  11.122  -74.374  20.637 0.1000000015
8180  10.126  -74.338  21.018 0.1000000015
8181  9.074  -74.072  21.151 0.1000000015
120259  10.514  -73.979  20.349 0.1000000015
8197  9.650  -73.893  20.484 0.1000000015
8182  8.187  -74.020  21.189 0.1000000015
8196  10.225  -73.807  19.527 0.1000000015
8922  9.151  -73.735  19.666 0.1000000015
8914  7.887  -73.808  20.435 0.1000000015
135108  9.615  -73.736  18.890 0.1000000015
137068  8.511  -73.737  20.020 0.1000000015
120462  9.493  -73.642  18.152 0.1000000015
8935  9.006  -73.638  18.728 0.1000000015
8924  7.287  -73.691  19.501 0.1000000015
8950  8.563  -73.350  17.978 0.1000000015
20796  24.232  -58.938  -12.926 0.1000000015
22553  24.722  -57.765  -14.103 0.1000000015
8936  7.572  -73.365  18.585 0.1000000015
8949  9.537  -73.355  17.474 0.1000000015
124825  17.853  -63.758  -8.643 0.1000000015
137933  23.124  -59.626  -11.150 0.1000000015
19915  22.836  -60.765  -10.851 0.1000000015
18216  22.145  -62.069  -10.704 0.1000000015
18203  19.537  -62.592  -9.225 0.1000000015
21637  24.244  -58.030  -12.624 0.1000000015
136549  23.566  -59.211  -11.847 0.1000000015
19922  23.473  -60.329  -12.051 0.1000000015
17340  21.184  -62.697  -9.947 0.1000000015
137213  25.012  -56.362  -13.544 0.1000000015
22541  24.577  -57.505  -13.203 0.1000000015
137652  25.164  -56.423  -14.439 0.1000000015
137964  24.980  -56.815  -15.316 0.1000000015
21662  24.496  -58.508  -14.499 0.1000000015
129336  24.422  -58.564  -15.417 0.1000000015
8951  7.631  -72.970  17.949 0.1000000015
9722  8.229  -72.545  17.427 0.1000000015
17341  18.929  -63.132  -8.903 0.1000000015
17328  17.408  -63.204  -8.856 0.1000000015
127763  20.128  -62.116  -9.408 0.1000000015
19041  19.446  -61.634  -9.368 0.1000000015
19909  21.834  -60.904  -9.826 0.1000000015
120045  23.272  -58.991  -11.366 0.1000000015
24309  25.231  -55.706  -13.720 0.1000000015
25260  25.764  -54.467  -15.984 0.1000000015
24323  25.396  -55.530  -14.715 0.1000000015
23432  25.300  -56.188  -15.527 0.1000000015
23440  25.127  -55.964  -16.702 0.1000000015
22562  24.751  -57.396  -15.729 0.1000000015
22569  24.469  -57.409  -16.825 0.1000000015
20831  24.246  -58.953  -16.279 0.1000000015
20832  23.884  -59.782  -15.956 0.1000000015
17342  16.589  -63.320  -9.027 0.1000000015
19040  20.367  -61.396  -9.482 0.1000000015
18206  16.972  -62.725  -9.402 0.1000000015
20788  22.771  -59.272  -10.764 0.1000000015
19894  21.360  -60.562  -9.640 0.1000000015
19043  17.864  -61.775  -9.519 0.1000000015
23393  24.293  -56.285  -12.315 0.1000000015
22526  23.789  -57.629  -11.935 0.1000000015
21627  23.322  -58.073  -11.358 0.1000000015
25226  25.010  -54.059  -13.298 0.1000000015
24310  24.938  -55.061  -13.041 0.1000000015
23404  24.650  -56.705  -12.987 0.1000000015
25225  25.372  -54.825  -14.001 0.1000000015
25242  25.521  -54.645  -15.052 0.1000000015
128714  25.577  -53.270  -15.252 0.1000000015
122420  25.616  -53.864  -15.498 0.1000000015
24338  25.616  -55.343  -15.774 0.1000000015
19101  23.241  -61.224  -15.401 0.1000000015
20767  21.046  -59.929  -9.653 0.1000000015
19896  19.828  -60.735  -9.529 0.1000000015
19055  18.022  -60.942  -10.012 0.1000000015
23394  23.799  -56.754  -11.856 0.1000000015
22515  22.738  -57.608  -10.920 0.1000000015
20779  21.553  -59.347  -10.003 0.1000000015
26125  24.733  -53.198  -13.013 0.1000000015
23383  23.837  -55.895  -11.742 0.1000000015
23384  23.266  -56.363  -11.350 0.1000000015
26124  25.208  -53.092  -13.914 0.1000000015
128075  25.473  -53.043  -14.737 0.1000000015
20780  20.466  -59.158  -10.169 0.1000000015
122806  21.910  -57.917  -10.641 0.1000000015
21619  19.675  -58.884  -10.831 0.1000000015
26105  24.542  -53.774  -12.348 0.1000000015
24288  23.755  -55.039  -11.657 0.1000000015
22505  22.135  -57.184  -10.808 0.1000000015
22516  21.323  -57.109  -10.961 0.1000000015
21617  21.185  -58.524  -10.401 0.1000000015
26984  25.282  -52.280  -13.858 0.1000000015
24289  23.156  -55.536  -11.401 0.1000000015
20782  18.787  -59.799  -10.685 0.1000000015
132300  24.573  -52.560  -12.846 0.1000000015
22517  20.474  -57.077  -11.574 0.1000000015
21618  20.191  -58.364  -10.869 0.1000000015
21630  19.386  -58.498  -11.827 0.1000000015
135969  24.868  -52.635  -13.429 0.1000000015
23386  21.830  -56.502  -11.039 0.1000000015
26094  24.057  -53.510  -11.739 0.1000000015
25201  23.447  -54.167  -11.581 0.1000000015
21629  19.958  -57.721  -11.642 0.1000000015
27815  25.310  -51.467  -13.597 0.1000000015
26956  24.362  -52.954  -12.225 0.1000000015
26957  23.825  -52.688  -11.812 0.1000000015
24290  22.181  -55.046  -11.474 0.1000000015
23395  20.455  -56.659  -12.462 0.1000000015
24296  21.280  -54.958  -12.003 0.1000000015
126381  20.920  -55.833  -12.530 0.1000000015
28617  26.228  -50.085  -12.861 0.1000000015
28642  25.748  -50.705  -13.355 0.1000000015
27816  24.546  -51.298  -12.963 0.1000000015
25203  21.741  -54.212  -11.837 0.1000000015
25210  21.365  -54.315  -12.454 0.1000000015
29467  25.832  -49.427  -12.482 0.1000000015
28618  25.243  -50.070  -12.808 0.1000000015
26968  23.493  -51.947  -12.099 0.1000000015
119613  27.938  -48.865  -11.579 0.1000000015
30339  27.151  -48.997  -11.722 0.1000000015
15232  2.065  -65.904  7.809 0.1000000015
16167  2.215  -64.287  7.741 0.1000000015
30340  26.300  -48.872  -12.017 0.1000000015
136754  24.604  -49.855  -12.717 0.1000000015
26096  22.195  -52.776  -11.987 0.1000000015
25227  21.216  -54.087  -13.322 0.1000000015
27796  22.352  -51.272  -12.889 0.1000000015
26970  21.696  -52.529  -12.908 0.1000000015
25228  21.065  -54.824  -14.039 0.1000000015
115897  18.000  -56.263  -15.241 0.1000000015
136595  17.495  -55.682  -15.014 0.1000000015
29468  24.835  -49.246  -12.620 0.1000000015
28620  23.502  -50.544  -12.668 0.1000000015
27795  23.069  -51.236  -12.492 0.1000000015
29469  23.891  -49.719  -12.742 0.1000000015
28644  23.087  -49.974  -12.842 0.1000000015
26126  21.276  -53.197  -13.698 0.1000000015
25244  20.443  -54.481  -14.913 0.1000000015
24325  19.716  -55.025  -15.088 0.1000000015
30341  25.458  -48.653  -12.331 0.1000000015
30330  25.890  -48.163  -11.763 0.1000000015
30342  24.534  -48.296  -12.651 0.1000000015
27817  21.982  -51.063  -13.779 0.1000000015
26987  21.413  -52.360  -14.169 0.1000000015
27005  21.040  -52.962  -14.880 0.1000000015
26139  20.267  -53.440  -15.295 0.1000000015
23421  16.305  -56.473  -14.535 0.1000000015
23407  15.436  -56.855  -14.029 0.1000000015
24326  18.059  -55.384  -15.142 0.1000000015
115019  16.022  -55.487  -14.199 0.1000000015
24327  16.773  -55.091  -14.610 0.1000000015
25247  16.170  -54.229  -14.169 0.1000000015
27007  19.567  -52.493  -15.323 0.1000000015
24298  16.051  -55.692  -13.282 0.1000000015
24328  15.962  -54.682  -13.986 0.1000000015
125431  17.029  -64.760  7.426 0.1000000015
22529  16.635  -56.497  -12.579 0.1000000015
117430  16.249  -55.045  -13.294 0.1000000015
24297  17.153  -55.831  -12.460 0.1000000015
26972  16.614  -52.394  -13.505 0.1000000015
16157  17.642  -64.565  7.363 0.1000000015
16159  15.691  -64.680  7.207 0.1000000015
25212  17.821  -54.194  -12.290 0.1000000015
23374  17.896  -55.669  -11.364 0.1000000015
26107  18.249  -53.395  -12.079 0.1000000015
133144  17.037  -54.811  -9.617 0.1000000015
128333  15.121  -54.707  -9.552 0.1000000015
25181  16.139  -54.623  -9.528 0.1000000015
22464  12.132  -57.448  -6.899 0.1000000015
27797  17.732  -51.857  -12.692 0.1000000015
117516  18.635  -54.075  -11.085 0.1000000015
28623  16.787  -50.310  -13.009 0.1000000015
28622  17.864  -51.056  -12.598 0.1000000015
25193  18.435  -54.507  -10.332 0.1000000015
25179  18.289  -54.134  -9.800 0.1000000015
26071  16.805  -53.990  -9.478 0.1000000015
26960  18.553  -52.609  -11.884 0.1000000015
26959  19.274  -52.485  -10.833 0.1000000015
29471  17.060  -49.450  -12.903 0.1000000015
28601  19.043  -51.001  -11.761 0.1000000015
26083  19.207  -52.821  -10.124 0.1000000015
26070  17.794  -53.716  -9.511 0.1000000015
125469  16.230  -53.095  -9.463 0.1000000015
28600  19.852  -50.879  -10.742 0.1000000015
133976  18.860  -51.886  -9.366 0.1000000015
26928  17.871  -52.809  -9.321 0.1000000015
29431  20.427  -49.657  -9.883 0.1000000015
27736  18.663  -51.296  -9.024 0.1000000015
27753  16.540  -51.820  -9.374 0.1000000015
131613  16.077  -52.363  -9.497 0.1000000015
122686  17.061  -63.884  -8.584 0.1000000015
21562  12.118  -58.760  -5.806 0.1000000015
6160  9.177  -78.000  21.617 0.1000000015
6176  8.359  -77.020  20.820 0.1000000015
118876  16.288  -64.247  6.762 0.1000000015
6776  7.960  -75.732  21.407 0.1000000015
8170  7.702  -74.422  21.374 0.1000000015
19910  19.272  -60.112  -9.873 0.1000000015
133214  20.031  -57.235  -12.330 0.1000000015
25243  20.950  -53.849  -14.414 0.1000000015
24266  17.611  -55.326  -9.895 0.1000000015
29410  19.711  -50.054  -8.943 0.1000000015
27737  17.945  -51.312  -8.805 0.1000000015
29450  20.316  -49.283  -10.692 0.1000000015
127892  30.234  -82.150  -9.736 0.1000000015
4061  28.722  -81.731  -10.535 0.1000000015
6775  8.748  -76.287  21.470 0.1000000015
19908  22.377  -60.456  -10.237 0.1000000015
18204  18.609  -62.299  -9.124 0.1000000015
19042  18.578  -61.477  -9.463 0.1000000015
20778  22.309  -59.671  -10.254 0.1000000015
21616  22.143  -58.858  -10.418 0.1000000015
25209  24.636  -54.522  -12.490 0.1000000015
26985  24.735  -52.039  -13.248 0.1000000015
24291  21.511  -55.746  -11.530 0.1000000015
137717  22.857  -53.811  -11.582 0.1000000015
26967  24.224  -52.097  -12.425 0.1000000015
137976  22.636  -53.023  -11.744 0.1000000015
27794  23.902  -51.269  -12.514 0.1000000015
26106  21.582  -53.474  -12.464 0.1000000015
137310  27.406  -48.443  -11.349 0.1000000015
28645  22.574  -50.562  -12.979 0.1000000015
25245  19.433  -54.112  -15.251 0.1000000015
26127  16.410  -53.344  -13.828 0.1000000015
26108  16.961  -53.298  -13.084 0.1000000015
133242  16.745  -51.850  -13.166 0.1000000015
16178  17.044  -64.182  7.003 0.1000000015
25180  17.713  -54.518  -9.673 0.1000000015
27798  16.737  -51.212  -13.096 0.1000000015
27785  18.800  -51.819  -11.797 0.1000000015
120248  18.065  -50.202  -12.497 0.1000000015
26068  18.925  -52.909  -9.829 0.1000000015
123377  17.171  -53.271  -9.408 0.1000000015
27784  19.580  -51.720  -10.782 0.1000000015
28621  19.284  -50.148  -11.679 0.1000000015
26941  19.566  -52.208  -10.144 0.1000000015
26926  19.286  -52.213  -9.756 0.1000000015
26929  16.916  -52.588  -9.348 0.1000000015
29432  20.147  -50.026  -10.727 0.1000000015
27769  19.821  -51.463  -9.904 0.1000000015
29451  19.545  -49.308  -11.549 0.1000000015
27749  19.741  -50.703  -9.404 0.1000000015
27751  18.253  -51.966  -9.185 0.1000000015
28587  20.197  -50.544  -9.948 0.1000000015
27752  17.475  -51.985  -9.172 0.1000000015
0  10.189  -95.353  -5.919 0.6999999881
7  11.377  -96.396  -8.265 0.6000000238
10  11.238  -95.148  -3.490 0.8999999762
16  8.648  -95.431  -5.289 0.8999999762
24  10.936  -96.295  -9.005 0.6000000238
28  10.861  -95.419  -9.628 0.6000000238
33  20.816  -94.267  -12.376 0.5000000000
35  18.573  -94.247  -12.714 0.4000000060
38  8.751  -93.419  1.831 0.8000000119
41  7.610  -93.546  1.170 0.6999999881
46  4.897  -93.101  0.470 0.3000000119
49  4.837  -93.287  -0.124 0.2000000030
53  13.055  -94.445  -2.004 1.0000000000
71  5.395  -94.444  -3.947 0.4000000060
73  11.144  -95.333  -5.346 0.8999999762
89  22.589  -93.518  -10.890 0.6000000238
106  15.327  -93.494  -14.322 0.2000000030
109  18.288  -93.581  -14.680 0.3000000119
112  9.916  -92.456  5.285 1.0000000000
123  7.419  -93.323  1.506 0.5000000000
126  9.230  -93.341  1.131 0.8000000119
131  14.618  -93.017  0.001 0.8999999762
136  14.949  -93.144  -0.699 0.8999999762
140  4.580  -92.612  -0.592 0.1000000015
143  11.922  -94.092  -1.609 0.8999999762
152  4.885  -93.366  -3.751 0.2000000030
177  13.750  -94.793  -8.813 0.5000000000
179  22.852  -92.413  -9.761 0.6999999881
183  16.892  -94.337  -7.750 0.3000000119
184  15.991  -94.313  -8.476 0.3000000119
189  21.864  -92.916  -9.759 0.5000000000
194  19.319  -93.341  -11.884 0.4000000060
196  24.361  -93.161  -13.526 0.5000000000
202  24.193  -92.672  -14.082 0.5000000000
208  15.554  -93.308  -14.839 0.1000000015
210  19.121  -92.928  -16.490 0.3000000119
215  7.536  -90.746  9.330 0.8999999762
241  7.930  -92.049  4.720 0.6000000238
255  9.392  -92.868  0.742 0.8000000119
270  7.729  -92.766  -1.377 0.8000000119
271  5.164  -91.558  -1.351 0.1000000015
277  7.553  -92.525  -3.053 0.8999999762
285  8.587  -91.735  -3.667 0.8999999762
301  4.222  -90.007  -7.799 0.1000000015
303  19.581  -92.160  -7.201 0.6000000238
309  22.568  -92.046  -8.586 0.8000000119
317  22.152  -92.271  -8.675 0.5000000000
333  18.541  -90.961  -11.673 0.1000000015
334  24.323  -92.325  -13.157 0.5000000000
343  23.810  -92.170  -14.454 0.5000000000
345  20.906  -92.530  -15.170 0.5000000000
354  16.373  -92.030  -15.464 0.1000000015
355  6.242  -90.381  12.812 0.8999999762
360  8.559  -89.790  10.680 0.8999999762
381  10.085  -91.004  6.911 0.8999999762
385  11.121  -91.144  5.727 1.0000000000
386  10.524  -90.821  6.330 1.0000000000
387  4.882  -91.435  4.943 0.6999999881
388  4.017  -91.087  5.195 0.6999999881
398  7.000  -90.498  3.512 0.2000000030
399  12.349  -90.874  3.605 1.0000000000
424  13.863  -91.701  0.106 0.8999999762
442  10.452  -90.514  -2.983 1.0000000000
469  4.173  -89.888  -7.657 0.1000000015
475  5.583  -90.299  -8.425 0.1000000015
476  4.533  -89.983  -7.871 0.1000000015
477  22.823  -91.541  -8.675 0.8000000119
479  20.902  -91.247  -8.448 0.8000000119
484  23.314  -91.713  -9.139 0.8000000119
494  9.343  -90.412  -9.756 0.1000000015
508  24.099  -91.837  -13.782 0.6999999881
517  23.916  -91.883  -14.295 0.5000000000
519  22.026  -90.736  -14.889 0.6000000238
525  18.970  -90.903  -15.849 0.3000000119
530  9.890  -89.613  21.414 0.1000000015
534  9.459  -89.171  20.140 0.1000000015
543  14.261  -89.332  17.787 0.1000000015
546  10.326  -89.328  17.654 0.1000000015
548  13.937  -89.727  17.136 0.1000000015
559  15.456  -89.616  11.416 0.1000000015
561  5.229  -90.357  13.137 0.8999999762
565  7.490  -90.023  11.650 0.8999999762
566  6.987  -90.179  12.022 0.8999999762
567  6.708  -90.316  12.286 0.8999999762
571  8.802  -89.748  11.032 0.8000000119
581  0.376  -88.261  9.684 0.8000000119
582  8.372  -89.800  9.052 0.8999999762
593  2.408  -90.095  5.722 0.6999999881
594  2.305  -89.269  5.912 0.6999999881
640  25.121  -89.080  -1.416 0.1000000015
646  16.325  -89.569  0.433 0.5000000000
652  25.120  -89.127  -2.094 0.1000000015
675  9.707  -89.714  -2.584 0.8999999762
676  9.010  -90.125  -2.324 0.8999999762
678  25.015  -89.089  -3.524 0.1000000015
679  24.447  -89.167  -3.385 0.1000000015
682  14.890  -90.089  -3.853 0.8999999762
685  5.595  -88.640  -3.764 0.1000000015
697  12.495  -89.683  -6.772 0.8999999762
706  21.570  -90.326  -8.804 0.8000000119
710  18.132  -89.431  -7.695 1.0000000000
715  10.349  -89.184  -9.199 0.1000000015
731  21.976  -90.202  -13.778 0.8000000119
741  19.919  -90.111  -15.811 0.4000000060
744  21.985  -89.070  -16.190 0.6999999881
745  20.963  -89.469  -16.025 0.5000000000
770  8.844  -88.985  21.741 0.1000000015
811  4.807  -89.897  14.481 0.8000000119
812  0.220  -87.370  13.300 1.0000000000
829  0.390  -88.394  12.071 0.8999999762
836  0.060  -87.422  10.190 0.8000000119
837  15.979  -89.782  9.058 0.2000000030
839  8.969  -89.052  10.219 0.8000000119
842  15.645  -89.524  8.193 0.2000000030
846  0.676  -87.683  8.799 0.8000000119
849  7.817  -88.822  6.841 0.8000000119
850  2.376  -88.356  6.302 0.6000000238
851  2.387  -88.687  5.984 0.5000000000
872  25.014  -88.090  2.218 0.2000000030
875  20.191  -88.880  3.577 0.5000000000
877  12.341  -88.740  2.972 1.0000000000
889  11.159  -88.566  1.036 1.0000000000
913  14.268  -87.973  -1.598 0.6999999881
916  10.608  -88.370  -1.589 0.8999999762
926  12.862  -87.873  -2.001 0.8000000119
930  6.525  -88.618  -3.023 0.1000000015
932  25.119  -88.841  -4.223 0.1000000015
945  14.892  -88.546  -4.856 0.8999999762
957  12.990  -88.857  -6.866 0.8999999762
960  10.823  -88.347  -8.193 0.1000000015
984  29.296  -89.262  -15.779 0.5000000000
986  22.455  -88.524  -15.622 0.5000000000
989  18.049  -88.553  -14.800 0.1000000015
991  28.708  -89.300  -16.380 0.5000000000
993  28.104  -88.820  -16.813 0.6000000238
994  23.302  -88.042  -16.292 0.5000000000
998  28.390  -89.174  -16.758 0.6000000238
1001  21.454  -88.771  -16.379 0.5000000000
1002  19.522  -88.585  -16.445 0.3000000119
1003  18.763  -88.247  -16.496 0.3000000119
1004  19.916  -88.935  -21.056 0.3000000119
1011  16.693  -90.037  -23.101 0.2000000030
1012  21.204  -89.691  -22.099 0.5000000000
1118  21.751  -87.713  13.242 0.1000000015
1145  18.057  -88.703  9.686 0.1000000015
1152  0.339  -86.995  9.937 0.8000000119
1156  9.291  -87.467  9.503 0.8000000119
1161  0.684  -87.286  9.317 0.8000000119
1163  16.112  -89.037  7.384 0.2000000030
1205  12.584  -87.408  2.927 0.8999999762
1209  1.660  -87.461  2.833 0.2000000030
1210  25.110  -87.212  2.741 0.2000000030
1226  1.935  -86.769  0.539 0.1000000015
1227  1.469  -86.632  1.209 0.1000000015
1241  16.218  -87.737  -0.316 0.6000000238
1276  25.347  -88.252  -4.868 0.1000000015
1290  25.411  -87.314  -5.779 0.1000000015
1299  21.198  -87.840  -9.837 0.8999999762
1305  14.031  -87.625  -11.133 0.1000000015
1314  29.694  -88.013  -13.858 0.5000000000
1319  20.054  -87.846  -14.187 0.8000000119
1321  29.777  -88.698  -15.038 0.5000000000
1331  29.904  -88.845  -15.911 0.5000000000
1335  28.540  -88.938  -16.800 0.5000000000
1336  28.047  -88.712  -16.859 0.6000000238
1339  24.516  -87.317  -16.845 0.8000000119
1342  20.485  -88.207  -16.562 0.3000000119
1346  24.540  -87.248  -16.961 0.8000000119
1363  14.415  -87.143  -20.058 0.2000000030
1365  20.960  -89.331  -21.366 0.5000000000
1367  16.950  -89.293  -22.220 0.2000000030
1383  20.850  -87.162  -26.882 1.0000000000
1501  4.225  -88.234  17.775 0.8000000119
1515  5.786  -86.977  14.377 0.6999999881
1518  1.090  -86.724  15.417 1.0000000000
1531  22.854  -86.907  12.845 0.2000000030
1537  2.610  -86.487  12.926 0.8999999762
1540  22.440  -87.212  12.488 0.2000000030
1545  7.233  -87.313  11.818 0.6999999881
1548  22.399  -86.860  11.664 0.2000000030
1561  4.784  -86.787  9.559 0.6999999881
1569  15.436  -87.456  6.701 0.4000000060
1588  25.279  -86.978  4.387 0.2000000030
1591  9.209  -86.460  4.234 0.8000000119
1592  8.497  -86.997  4.562 0.8000000119
1601  10.938  -86.380  3.507 0.8999999762
1602  9.850  -85.835  3.789 1.0000000000
1612  1.642  -85.394  1.253 0.1000000015
1617  12.937  -86.681  2.008 0.8000000119
1618  2.319  -85.595  0.268 0.1000000015
1621  24.631  -86.782  0.755 0.1000000015
1627  12.417  -86.832  0.313 0.8000000119
1636  12.169  -86.860  -0.580 0.8000000119
1644  12.589  -86.695  -1.100 0.8000000119
1707  20.837  -86.682  -12.987 0.8000000119
1716  20.774  -86.650  -13.838 0.8000000119
1722  24.227  -86.631  -14.711 0.6000000238
1725  21.135  -87.027  -14.353 0.6999999881
1731  17.938  -86.910  -16.176 0.1000000015
1732  29.348  -88.555  -16.511 0.5000000000
1734  27.528  -87.752  -16.662 0.6999999881
1743  16.133  -85.876  -16.449 0.1000000015
1744  19.792  -86.980  -17.457 0.3000000119
1752  19.650  -87.449  -19.296 0.4000000060
1771  20.118  -86.797  -26.743 0.8999999762
1773  23.131  -86.051  -27.582 0.8999999762
1830  4.210  -85.683  21.717 0.6999999881
1842  4.819  -85.490  21.472 0.6999999881
1843  4.025  -85.717  21.588 0.6999999881
1906  22.568  -86.326  13.076 0.2000000030
1913  12.427  -85.239  12.737 0.3000000119
1916  3.938  -85.423  13.245 0.8999999762
1923  24.868  -85.561  10.574 0.1000000015
1929  8.876  -85.812  10.487 0.8000000119
1950  10.947  -85.694  7.948 0.6000000238
1951  10.746  -85.643  8.548 0.6000000238
1957  16.384  -86.306  6.528 0.4000000060
1972  5.023  -85.375  6.360 0.1000000015
1996  20.559  -85.477  2.806 0.5000000000
1997  20.209  -85.069  2.340 0.5000000000
1998  13.273  -85.595  2.297 0.8000000119
2008  2.019  -84.967  0.639 0.1000000015
2029  14.939  -85.414  -1.172 0.8000000119
2036  20.161  -85.524  -2.598 0.6000000238
2070  23.670  -85.182  -6.306 0.2000000030
2077  28.774  -85.536  -10.616 0.3000000119
2091  32.286  -85.136  -13.695 0.2000000030
2094  25.561  -85.873  -12.397 0.4000000060
2112  26.882  -85.157  -14.666 0.6000000238
2122  25.744  -85.691  -16.053 0.8000000119
2135  20.281  -85.743  -17.643 0.3000000119
2141  20.203  -86.252  -19.223 0.4000000060
2149  21.817  -85.793  -21.193 1.0000000000
2156  22.824  -85.553  -23.066 0.8999999762
2158  24.120  -84.654  -24.703 0.5000000000
2169  20.354  -86.127  -27.162 0.8999999762
2170  24.522  -84.952  -27.416 0.6999999881
2171  23.886  -85.380  -27.648 0.8999999762
2254  4.293  -85.090  22.244 0.6999999881
2260  3.732  -85.198  21.650 0.6999999881
2315  11.620  -84.380  13.853 0.2000000030
2326  22.114  -85.440  12.710 0.1000000015
2333  7.193  -84.894  12.545 0.6999999881
2334  4.504  -84.370  12.697 0.6999999881
2342  13.532  -84.006  11.387 0.4000000060
2343  7.578  -84.518  11.673 0.6999999881
2360  14.560  -83.851  9.482 0.5000000000
2380  26.267  -85.750  8.326 0.2000000030
2412  14.400  -84.543  5.669 0.5000000000
2421  10.889  -83.848  4.247 0.5000000000
2425  21.314  -85.177  3.973 0.5000000000
2428  11.329  -84.596  3.299 0.5000000000
2442  13.982  -84.648  1.600 0.8000000119
2449  14.553  -84.075  0.997 0.6999999881
2455  16.479  -84.837  -0.757 0.6000000238
2456  15.792  -84.361  -0.695 0.8000000119
2463  15.012  -84.691  -0.782 0.8000000119
2473  18.011  -84.979  -2.771 0.6999999881
2474  17.457  -85.157  -3.264 0.6000000238
2484  18.277  -84.203  -2.913 0.6000000238
2490  20.800  -84.238  -3.602 0.4000000060
2497  22.525  -84.624  -5.610 0.3000000119
2508  18.527  -84.905  -7.781 0.6000000238
2536  32.613  -84.762  -13.348 0.2000000030
2541  23.217  -84.768  -13.151 0.4000000060
2589  22.687  -84.267  -16.406 0.8999999762
2590  21.749  -84.403  -16.753 1.0000000000
2592  20.577  -84.775  -17.596 0.5000000000
2597  21.031  -83.879  -17.681 0.8000000119
2606  13.785  -84.719  -18.468 0.2000000030
2607  23.553  -84.004  -19.841 0.8000000119
2609  21.196  -84.693  -18.908 1.0000000000
2614  13.745  -84.156  -20.208 0.2000000030
2616  30.097  -84.895  -21.161 0.1000000015
2617  29.427  -84.837  -20.996 0.1000000015
2623  13.745  -84.420  -20.687 0.3000000119
2637  25.433  -84.013  -22.928 0.5000000000
2643  9.171  -84.525  -22.756 0.6999999881
2647  17.885  -84.710  -23.443 0.8000000119
2648  25.622  -83.440  -24.709 0.3000000119
2653  24.839  -83.995  -26.306 0.3000000119
2657  22.543  -84.356  -27.640 0.8000000119
2658  24.649  -84.257  -27.516 0.6999999881
2660  23.533  -84.303  -27.874 0.6999999881
2734  4.333  -84.194  22.571 0.6999999881
2735  3.925  -83.786  22.782 0.6999999881
2774  8.194  -83.297  17.164 0.6000000238
2779  11.931  -83.167  16.869 0.4000000060
2783  12.156  -83.377  15.552 0.3000000119
2785  7.742  -83.728  15.517 0.6000000238
2787  3.399  -83.227  16.193 0.8999999762
2797  7.824  -83.708  13.584 0.6999999881
2830  13.772  -83.370  9.092 0.5000000000
2831  12.983  -83.171  9.124 0.5000000000
2856  20.536  -83.584  6.577 0.4000000060
2859  16.957  -83.671  6.114 0.4000000060
2890  13.469  -82.798  3.197 0.5000000000
2892  10.816  -84.011  3.779 0.5000000000
2903  19.526  -83.503  1.968 0.5000000000
2920  15.762  -83.691  -0.252 0.6999999881
2921  15.038  -83.732  0.192 0.6999999881
2951  22.485  -83.818  -5.713 0.1000000015
3032  27.189  -82.557  -13.570 0.4000000060
3064  18.132  -82.754  -16.495 0.4000000060
3069  22.327  -83.592  -17.254 0.8999999762
3076  22.247  -83.982  -18.483 1.0000000000
3078  20.872  -83.787  -18.011 1.0000000000
3079  17.798  -83.554  -17.827 0.3000000119
3086  25.284  -83.026  -19.650 0.6000000238
3089  13.634  -84.379  -20.286 0.2000000030
3091  5.676  -84.284  -18.922 0.1000000015
3100  19.255  -83.160  -20.880 0.6999999881
3102  8.213  -84.302  -21.403 0.6000000238
3103  7.147  -84.314  -21.536 0.5000000000
3104  6.605  -83.919  -21.701 0.5000000000
3108  28.004  -83.955  -21.950 0.2000000030
3110  25.858  -83.403  -21.424 0.4000000060
3115  9.875  -83.969  -22.392 0.6000000238
3116  8.790  -84.744  -22.282 0.6000000238
3117  7.685  -85.200  -22.094 0.6000000238
3118  6.832  -85.067  -22.287 0.5000000000
3119  28.774  -83.809  -22.711 0.2000000030
3120  27.958  -83.615  -22.920 0.1000000015
3125  9.770  -84.293  -22.837 0.6999999881
3126  7.120  -85.120  -22.777 0.5000000000
3127  6.762  -84.900  -22.519 0.5000000000
3133  19.483  -83.360  -23.963 0.6999999881
3134  10.826  -83.946  -23.044 0.8999999762
3135  9.950  -84.278  -23.010 0.6999999881
3137  7.985  -85.064  -23.023 0.6000000238
3138  26.009  -83.095  -24.337 0.3000000119
3143  25.416  -82.934  -25.935 0.5000000000
3148  24.972  -83.559  -27.285 0.6000000238
3149  24.439  -83.144  -27.121 0.6000000238
3278  12.124  -82.488  16.862 0.4000000060
3302  11.953  -82.030  14.260 0.4000000060
3314  12.224  -82.825  11.583 0.4000000060
3315  11.764  -82.824  12.148 0.4000000060
3317  9.103  -82.655  12.811 0.6000000238
3325  9.114  -82.776  11.475 0.6000000238
3334  10.361  -82.431  10.660 0.6000000238
3345  12.853  -82.692  9.750 0.5000000000
3389  17.026  -82.647  5.251 0.5000000000
3398  15.719  -82.474  4.723 0.5000000000
3416  16.403  -82.096  2.239 0.6000000238
3418  15.073  -82.778  2.124 0.6999999881
3426  19.037  -82.771  1.893 0.4000000060
3428  16.746  -82.340  1.623 0.6000000238
3455  19.054  -82.730  -3.784 0.4000000060
3459  19.567  -82.370  -4.364 0.3000000119
3461  17.816  -82.997  -4.783 0.4000000060
3504  27.127  -82.400  -11.249 0.2000000030
3532  32.263  -82.512  -13.378 0.1000000015
3564  17.149  -81.954  -15.621 0.1000000015
3572  24.153  -82.292  -16.496 0.6000000238
3581  18.759  -82.660  -17.007 0.6000000238
3608  18.722  -82.849  -19.489 0.6999999881
3615  29.888  -83.605  -20.425 0.1000000015
3616  29.171  -83.061  -20.285 0.1000000015
3633  19.970  -82.932  -21.254 0.8000000119
3638  28.600  -83.173  -22.821 0.1000000015
3645  21.249  -83.241  -22.201 0.6999999881
3649  6.558  -84.365  -22.267 0.5000000000
3653  24.568  -82.935  -23.544 0.5000000000
3656  11.166  -83.175  -23.217 0.8999999762
3659  7.528  -84.439  -23.035 0.8000000119
3660  25.806  -82.927  -24.626 0.4000000060
3668  25.174  -82.951  -26.671 0.5000000000
3800  3.877  -81.383  22.658 0.6000000238
3803  7.405  -81.601  19.364 0.6000000238
3808  11.951  -81.333  18.026 0.4000000060
3835  9.374  -81.993  16.863 0.6000000238
3844  11.951  -81.031  15.383 0.5000000000
3858  10.680  -81.719  13.899 0.5000000000
3933  14.927  -82.006  3.601 0.5000000000
4018  27.369  -81.140  -5.102 0.1000000015
4025  17.315  -80.850  -5.970 0.4000000060
4039  18.279  -80.971  -7.328 0.4000000060
4065  20.804  -80.928  -11.397 0.4000000060
4094  23.913  -82.441  -12.528 0.3000000119
4096  22.500  -81.876  -12.368 0.3000000119
4097  21.583  -81.710  -12.212 0.4000000060
4100  35.434  -82.303  -13.212 0.1000000015
4116  24.659  -81.505  -15.444 0.5000000000
4118  18.339  -81.101  -15.676 0.5000000000
4126  20.231  -80.733  -16.431 0.8000000119
4138  20.482  -81.221  -17.318 0.8999999762
4170  19.790  -81.691  -19.176 0.8000000119
4183  21.742  -82.090  -20.073 0.6999999881
4201  23.047  -82.235  -21.078 0.3000000119
4203  11.807  -82.240  -22.373 0.6999999881
4205  6.671  -82.090  -21.586 0.8000000119
4206  29.245  -82.594  -22.457 0.1000000015
4211  13.143  -80.803  -21.438 0.8999999762
4214  11.239  -81.555  -23.085 0.8999999762
4215  7.761  -82.329  -22.931 0.6999999881
4216  6.857  -82.479  -22.277 0.6999999881
4217  6.493  -83.272  -21.908 0.6000000238
4401  4.079  -80.204  17.346 0.8999999762
4428  11.460  -80.479  15.796 0.6000000238
4437  4.671  -80.763  15.144 0.8999999762
4582  28.802  -80.768  -3.563 0.1000000015
4593  26.465  -79.979  -5.385 0.1000000015
4599  17.545  -80.206  -5.997 0.4000000060
4620  17.595  -80.123  -7.132 0.4000000060
4625  19.869  -80.358  -8.284 0.4000000060
4630  29.127  -80.110  -9.876 0.1000000015
4632  20.567  -80.246  -9.600 0.4000000060
4658  22.781  -80.573  -11.697 0.4000000060
4661  37.468  -80.593  -12.848 0.1000000015
4671  36.022  -81.416  -13.244 0.1000000015
4678  27.045  -80.302  -14.470 0.2000000030
4691  16.977  -80.183  -15.234 0.3000000119
4700  27.317  -80.287  -15.999 0.2000000030
4713  21.931  -79.630  -17.194 0.6999999881
4718  14.076  -80.715  -17.075 0.3000000119
4729  24.951  -80.187  -18.461 0.3000000119
4731  22.530  -80.711  -17.847 0.6000000238
4749  23.725  -81.016  -18.725 0.4000000060
4756  11.292  -80.527  -19.321 0.1000000015
4771  15.072  -80.595  -20.935 0.8000000119
4773  13.377  -81.077  -21.005 0.8999999762
4777  6.673  -80.894  -20.881 0.6000000238
4785  15.196  -80.153  -21.566 0.8999999762
4796  10.346  -81.223  -23.341 1.0000000000
4963  2.992  -80.025  22.994 0.5000000000
4987  1.634  -78.634  20.981 0.6000000238
4990  11.061  -78.656  18.304 0.3000000119
5020  4.677  -79.560  15.987 0.8000000119
5036  5.586  -79.833  13.640 0.8999999762
5039  6.309  -79.114  12.368 0.6000000238
5186  30.393  -79.478  -1.994 0.1000000015
5198  27.501  -79.410  -4.970 0.1000000015
5206  18.679  -79.611  -6.091 0.4000000060
5207  17.889  -79.732  -6.233 0.4000000060
5208  17.501  -79.952  -6.490 0.4000000060
5216  23.680  -79.328  -6.550 0.1000000015
5219  20.363  -79.780  -6.598 0.4000000060
5222  17.521  -79.810  -6.835 0.4000000060
5236  19.067  -79.767  -7.130 0.4000000060
5237  17.935  -79.788  -7.008 0.4000000060
5251  19.904  -79.962  -7.700 0.4000000060
5260  28.726  -79.463  -9.965 0.1000000015
5275  25.536  -79.259  -10.490 0.2000000030
5312  15.388  -79.667  -15.125 0.2000000030
5315  29.208  -79.281  -15.249 0.1000000015
5317  20.220  -79.238  -15.793 0.8000000119
5318  19.547  -79.227  -15.514 0.8999999762
5319  18.201  -79.260  -15.494 0.8000000119
5331  17.005  -79.198  -15.884 0.6999999881
5341  17.317  -79.054  -17.347 0.8999999762
5355  17.327  -79.098  -18.338 0.8999999762
5356  16.859  -79.493  -18.898 0.8999999762
5358  9.227  -79.149  -19.703 0.8000000119
5365  28.081  -78.979  -19.408 0.1000000015
5366  27.411  -79.586  -19.059 0.1000000015
5377  30.187  -78.965  -20.273 0.1000000015
5390  16.362  -79.441  -21.594 0.8999999762
5399  9.217  -78.650  -23.079 1.0000000000
5573  1.876  -78.766  22.680 0.6000000238
5574  1.601  -77.910  22.183 0.6000000238
5588  1.497  -78.066  21.391 0.6000000238
5595  5.783  -78.206  19.634 0.4000000060
5609  10.442  -77.836  17.155 0.3000000119
5616  10.256  -78.221  16.714 0.3000000119
5802  30.802  -78.717  -2.243 0.1000000015
5819  29.382  -78.138  -4.101 0.1000000015
5827  27.474  -78.453  -5.404 0.1000000015
5843  27.694  -77.379  -7.850 0.2000000030
5847  22.983  -78.600  -7.747 0.2000000030
5858  23.548  -78.393  -8.402 0.2000000030
5871  23.096  -78.748  -8.935 0.2000000030
5896  29.883  -78.627  -13.041 0.1000000015
5899  4.742  -78.047  -13.790 0.1000000015
5912  30.013  -77.943  -14.425 0.1000000015
5914  28.828  -78.865  -13.883 0.1000000015
5922  19.220  -78.544  -15.657 0.8000000119
5925  9.833  -78.530  -15.174 0.8000000119
5930  20.327  -78.404  -16.179 0.8000000119
5941  17.928  -78.232  -16.932 0.8999999762
5948  25.278  -78.504  -18.369 0.2000000030
5949  24.730  -78.755  -18.219 0.3000000119
5952  21.811  -78.269  -17.969 0.6000000238
5954  18.118  -77.767  -17.929 0.8999999762
5967  23.603  -77.910  -18.672 0.3000000119
5970  16.913  -79.191  -19.972 0.8999999762
5981  7.408  -78.121  -21.341 0.8999999762
5989  16.668  -78.706  -21.871 0.8999999762
5992  12.517  -78.503  -21.788 0.8999999762
5994  6.632  -77.261  -22.135 0.8000000119
6002  7.995  -77.324  -22.954 0.8999999762
6179  1.935  -77.084  21.836 0.4000000060
6180  1.819  -77.437  20.865 0.5000000000
6204  3.134  -78.009  18.198 0.6999999881
6208  8.754  -76.957  17.619 0.3000000119
6210  3.865  -77.974  17.889 0.8000000119
6227  4.529  -76.778  15.893 0.8999999762
6253  6.578  -77.559  13.158 0.8000000119
6265  6.640  -77.377  12.368 0.6000000238
6400  32.316  -77.804  -4.279 0.1000000015
6412  27.949  -77.642  -5.803 0.1000000015
6424  27.611  -77.383  -6.582 0.2000000030
6437  25.575  -77.447  -7.919 0.2000000030
6448  25.416  -77.337  -8.634 0.2000000030
6459  25.757  -77.381  -9.174 0.2000000030
6493  3.682  -76.781  -13.233 0.2000000030
6506  7.535  -77.752  -13.083 0.6000000238
6510  11.228  -77.312  -14.337 0.8999999762
6522  19.237  -77.476  -16.787 0.8000000119
6532  9.292  -76.988  -17.833 0.8999999762
6540  20.637  -77.338  -18.281 0.8000000119
6554  22.319  -77.430  -19.281 0.5000000000
6558  17.750  -77.740  -20.222 0.8999999762
6569  24.283  -76.904  -20.029 0.2000000030
6586  12.443  -77.699  -21.539 1.0000000000
6599  7.192  -76.485  -22.333 0.8999999762
6805  2.087  -76.842  19.768 0.5000000000
6816  7.589  -76.614  18.753 0.2000000030
6823  7.950  -76.692  17.982 0.3000000119
6824  1.883  -76.834  17.362 0.6000000238
6829  2.747  -76.768  16.017 0.8000000119
6831  1.891  -76.699  16.542 0.6000000238
6840  4.028  -76.166  15.282 1.0000000000
6896  5.676  -76.377  11.853 0.4000000060
7075  1.362  -75.724  -11.344 0.2000000030
7119  4.760  -76.948  -14.077 0.5000000000
7121  11.638  -76.756  -14.321 0.8000000119
7127  12.121  -76.280  -16.229 0.6000000238
7128  11.834  -76.727  -15.833 1.0000000000
7134  12.604  -76.589  -16.622 0.6000000238
7136  10.729  -76.348  -16.842 0.8000000119
7141  14.083  -76.459  -17.144 0.6000000238
7146  7.188  -74.921  -18.557 0.8999999762
7163  7.549  -75.512  -19.456 0.8999999762
7164  7.075  -74.764  -19.237 0.8999999762
7192  25.668  -75.161  -21.596 0.1000000015
7199  17.800  -75.928  -22.173 0.6999999881
7205  10.589  -75.922  -21.658 0.8000000119
7206  9.410  -75.437  -22.062 0.8000000119
7219  7.632  -76.177  -22.105 0.8999999762
7528  3.960  -75.652  14.760 0.8999999762
7530  2.099  -76.179  14.937 0.8000000119
7757  2.540  -74.457  -12.246 0.3000000119
7758  1.565  -74.802  -11.904 0.3000000119
7759  1.741  -75.276  -12.129 0.3000000119
7777  11.180  -75.429  -12.500 0.8999999762
7780  2.986  -75.627  -12.795 0.3000000119
7796  15.993  -75.220  -15.012 0.4000000060
7802  18.015  -75.116  -15.415 0.2000000030
7804  16.259  -75.492  -15.650 0.3000000119
7806  14.478  -75.598  -15.576 0.5000000000
7820  17.313  -75.058  -17.679 0.4000000060
7827  7.738  -74.550  -18.249 0.8000000119
7833  15.689  -75.581  -18.941 0.4000000060
7834  14.573  -76.116  -17.845 0.6000000238
7837  10.190  -74.405  -19.065 0.6999999881
7838  6.905  -74.606  -19.019 0.8999999762
7848  7.149  -74.485  -19.064 0.8999999762
7859  12.913  -75.769  -20.291 0.6000000238
7861  10.817  -75.843  -20.405 0.6999999881
7894  26.086  -74.949  -23.251 0.1000000015
7895  25.905  -75.240  -23.123 0.1000000015
7902  25.832  -74.965  -23.306 0.1000000015
7903  25.268  -75.270  -23.321 0.1000000015
8169  8.433  -74.504  21.431 0.1000000015
8185  5.789  -74.768  20.609 0.2000000030
8213  3.523  -74.096  18.923 0.5000000000
8227  1.153  -75.302  16.875 0.6000000238
8243  1.378  -74.421  14.767 0.6000000238
8263  5.464  -74.707  13.098 0.8000000119
8264  4.484  -74.453  13.759 1.0000000000
8265  3.595  -73.964  13.872 0.8999999762
8297  2.926  -73.892  9.162 0.1000000015
8309  2.819  -73.882  8.329 0.1000000015
8416  1.592  -73.538  -3.736 0.1000000015
8425  5.266  -73.049  -6.542 0.8000000119
8438  8.303  -74.599  -7.553 0.8000000119
8461  9.931  -73.987  -11.220 0.8999999762
8476  17.808  -74.374  -13.879 0.4000000060
8477  16.931  -74.309  -13.998 0.3000000119
8478  16.094  -74.282  -14.068 0.4000000060
8480  10.788  -74.341  -13.834 0.8999999762
8481  10.247  -73.919  -13.084 0.8999999762
8495  18.406  -74.910  -14.673 0.2000000030
8499  14.943  -74.470  -14.660 0.4000000060
8501  11.213  -74.647  -14.797 0.8999999762
8516  11.223  -74.619  -16.193 0.6000000238
8529  18.452  -74.838  -16.257 0.2000000030
8545  21.286  -74.105  -17.588 0.1000000015
8550  10.060  -74.148  -18.256 0.6999999881
8552  8.137  -74.039  -18.437 0.8000000119
8565  9.433  -73.908  -18.646 0.6999999881
8566  8.726  -73.843  -18.730 0.6999999881
8575  27.817  -74.405  -19.835 0.1000000015
8578  18.887  -73.653  -19.587 0.2000000030
8581  7.836  -74.039  -19.085 0.8000000119
8615  25.968  -74.255  -23.095 0.1000000015
8623  24.177  -74.074  -23.422 0.1000000015
8913  8.742  -73.812  20.601 0.1000000015
8923  8.268  -73.624  19.221 0.1000000015
8934  10.203  -73.753  18.493 0.1000000015
8939  4.543  -73.285  18.559 0.4000000060
8941  2.964  -73.793  18.261 0.5000000000
8967  1.245  -73.749  16.265 0.6000000238
8978  1.186  -73.539  15.407 0.6000000238
9007  4.403  -73.309  12.978 0.6999999881
9194  2.051  -72.461  -3.300 0.1000000015
9216  7.350  -73.787  -5.334 1.0000000000
9223  9.747  -73.797  -6.696 1.0000000000
9230  9.520  -72.979  -8.518 1.0000000000
9255  9.446  -73.301  -10.769 0.8999999762
9256  8.923  -72.985  -9.977 1.0000000000
9277  22.002  -73.300  -12.580 0.1000000015
9296  20.954  -73.969  -13.616 0.1000000015
9304  9.329  -73.516  -13.439 0.8999999762
9305  8.518  -73.342  -13.068 0.8999999762
9320  14.088  -73.693  -15.044 0.5000000000
9336  21.447  -74.255  -15.271 0.1000000015
9337  13.603  -73.786  -15.799 0.6000000238
9338  12.699  -74.022  -16.137 0.6000000238
9341  9.365  -72.883  -15.873 0.6999999881
9357  22.848  -74.185  -16.762 0.1000000015
9358  21.729  -74.367  -16.129 0.1000000015
9360  11.698  -73.924  -16.294 0.6000000238
9361  9.804  -73.236  -16.339 0.6999999881
9374  23.527  -73.959  -17.229 0.1000000015
9417  22.993  -72.348  -21.479 0.2000000030
9422  25.020  -73.289  -22.342 0.1000000015
9430  25.534  -74.042  -23.318 0.1000000015
9431  24.043  -72.740  -23.436 0.1000000015
9433  21.486  -71.890  -23.120 0.3000000119
9715  5.757  -72.654  18.290 0.3000000119
9716  4.958  -72.687  18.192 0.5000000000
9721  9.020  -72.815  17.142 0.1000000015
9727  3.643  -72.473  17.412 0.6000000238
9738  2.137  -72.429  16.549 0.6000000238
9771  2.134  -72.768  13.338 0.8999999762
9802  3.568  -71.911  11.036 0.1000000015
9936  2.702  -72.422  -1.445 0.1000000015
9944  3.101  -72.451  -2.708 0.6000000238
9953  9.263  -72.148  -3.671 1.0000000000
9974  10.629  -72.619  -5.798 1.0000000000
9976  9.082  -73.268  -5.179 1.0000000000
10007  9.280  -72.287  -9.240 1.0000000000
10021  9.679  -71.626  -9.461 1.0000000000
10022  9.221  -72.018  -9.607 1.0000000000
10037  9.075  -72.108  -11.089 1.0000000000
10068  16.292  -72.493  -14.282 0.3000000119
10072  7.448  -71.934  -14.735 0.8999999762
10115  21.573  -72.913  -19.911 0.1000000015
10120  22.177  -72.275  -21.320 0.3000000119
10122  20.484  -72.728  -21.489 0.3000000119
10125  22.184  -71.320  -22.029 0.3000000119
10129  22.151  -71.097  -22.888 0.3000000119
10130  24.848  -72.927  -23.277 0.1000000015
10132  22.698  -71.460  -23.134 0.2000000030
10478  3.318  -71.282  12.258 0.4000000060
10673  11.251  -71.180  -4.927 1.0000000000
10683  12.346  -71.158  -6.243 0.8999999762
10693  12.390  -71.260  -7.214 0.8999999762
10726  13.270  -71.137  -9.716 0.8000000119
10727  12.273  -70.994  -9.457 0.8999999762
10728  11.241  -70.930  -9.357 0.8999999762
10729  9.841  -71.310  -9.522 0.8999999762
10735  14.206  -71.404  -10.887 0.6999999881
10738  11.853  -71.012  -10.033 0.8999999762
10740  9.334  -71.230  -10.364 1.0000000000
10749  22.406  -71.557  -11.295 0.1000000015
10750  21.635  -71.619  -11.455 0.1000000015
10761  20.433  -71.485  -11.800 0.2000000030
10763  18.103  -72.263  -12.910 0.2000000030
10765  13.264  -71.265  -12.337 0.6000000238
10768  7.206  -71.562  -12.921 1.0000000000
10773  17.554  -72.210  -13.421 0.2000000030
10777  6.293  -71.057  -14.364 1.0000000000
10782  16.625  -71.940  -14.783 0.2000000030
10784  6.684  -71.602  -14.552 0.8999999762
10791  16.401  -71.793  -15.765 0.2000000030
10794  7.952  -71.658  -15.488 0.8000000119
10795  6.825  -71.294  -15.334 0.8000000119
10803  14.582  -72.108  -17.694 0.5000000000
10805  12.526  -71.796  -16.932 0.4000000060
10806  11.485  -71.928  -16.695 0.5000000000
10816  15.647  -70.983  -18.466 0.3000000119
10817  14.343  -71.617  -18.303 0.4000000060
10841  22.460  -71.227  -22.683 0.3000000119
10849  21.330  -70.865  -22.698 0.3000000119
11148  6.165  -70.816  16.162 0.5000000000
11155  7.539  -70.519  15.559 0.4000000060
11160  2.595  -70.757  15.120 0.6999999881
11168  8.037  -70.198  14.826 0.2000000030
11174  2.103  -70.387  14.566 0.8999999762
11175  1.581  -70.816  14.055 0.8000000119
11187  1.345  -70.475  13.216 0.8000000119
11198  1.736  -70.808  12.582 0.5000000000
11218  15.680  -70.553  10.506 0.1000000015
11372  2.646  -70.136  0.147 0.1000000015
11415  10.441  -70.835  -3.627 0.8999999762
11416  9.703  -70.705  -3.258 1.0000000000
11417  8.802  -70.550  -3.073 1.0000000000
11435  12.339  -70.276  -5.765 0.8999999762
11450  13.369  -70.501  -7.282 0.8000000119
11451  12.698  -70.862  -7.145 0.8999999762
11457  15.201  -70.145  -8.768 0.6999999881
11458  14.461  -70.443  -8.451 0.6999999881
11460  10.355  -71.090  -9.250 0.8999999762
11465  15.444  -70.342  -9.538 0.6999999881
11476  14.834  -71.010  -10.704 0.6999999881
11478  10.116  -70.714  -10.221 0.8999999762
11491  20.795  -70.703  -11.639 0.2000000030
11493  15.375  -70.583  -11.229 0.6000000238
11498  8.903  -70.057  -11.744 0.8999999762
11510  20.077  -70.869  -12.092 0.2000000030
11511  19.348  -71.049  -12.554 0.2000000030
11512  18.722  -71.122  -12.921 0.2000000030
11514  14.470  -70.797  -12.537 0.6000000238
11515  13.748  -71.094  -12.916 0.6000000238
11532  17.913  -71.202  -14.124 0.2000000030
11535  12.426  -70.689  -13.443 0.6000000238
11548  17.692  -71.070  -15.062 0.2000000030
11549  12.880  -70.166  -14.187 0.5000000000
11561  5.481  -69.249  -16.567 0.8999999762
11569  16.791  -70.682  -16.857 0.2000000030
11573  5.684  -69.796  -16.433 0.6000000238
11578  17.056  -70.077  -18.348 0.4000000060
11580  15.864  -70.297  -18.790 0.4000000060
11583  11.695  -69.773  -17.438 0.4000000060
11585  10.205  -69.912  -17.075 0.4000000060
11590  13.842  -70.812  -18.685 0.4000000060
11901  10.733  -69.188  13.687 0.1000000015
11942  2.889  -69.760  10.825 0.2000000030
12104  2.688  -69.361  -0.542 0.5000000000
12114  2.733  -70.048  -0.819 0.3000000119
12121  6.082  -69.601  -2.897 1.0000000000
12136  8.984  -69.220  -3.839 1.0000000000
12142  12.427  -69.394  -5.623 0.8999999762
12153  14.979  -69.157  -7.983 0.6000000238
12159  15.488  -69.493  -8.494 0.5000000000
12164  16.489  -69.358  -9.480 0.5000000000
12167  17.103  -68.970  -10.674 0.6000000238
12168  16.590  -69.444  -10.291 0.5000000000
12180  15.725  -69.953  -11.637 0.6000000238
12189  14.857  -69.896  -12.835 0.6000000238
12190  11.083  -69.825  -12.872 0.6999999881
12194  7.405  -69.690  -12.747 0.8999999762
12200  20.280  -69.184  -13.985 0.2000000030
12202  15.202  -69.130  -13.276 0.5000000000
12205  11.248  -69.812  -14.024 0.6000000238
12218  13.330  -69.407  -14.664 0.6999999881
12221  10.883  -68.900  -14.373 0.6999999881
12222  6.150  -69.243  -14.578 1.0000000000
12229  20.296  -68.960  -15.582 0.2000000030
12231  19.085  -69.705  -16.121 0.2000000030
12233  13.063  -68.640  -15.495 0.5000000000
12235  11.672  -68.019  -15.715 0.6000000238
12236  5.578  -69.425  -15.749 1.0000000000
12244  20.421  -69.221  -16.429 0.2000000030
12246  19.214  -69.839  -17.026 0.2000000030
12247  18.401  -69.734  -17.397 0.2000000030
12250  7.363  -69.835  -16.649 0.5000000000
12262  18.979  -69.442  -17.715 0.2000000030
12267  10.971  -69.280  -17.191 0.5000000000
12268  7.617  -68.953  -17.043 0.5000000000
12270  5.705  -68.379  -17.221 0.6999999881
12283  17.639  -69.347  -18.537 0.3000000119
12284  16.908  -69.556  -18.744 0.4000000060
12285  16.128  -69.510  -18.919 0.4000000060
12286  13.653  -69.855  -18.680 0.4000000060
12667  10.019  -69.151  13.888 0.4000000060
12692  13.030  -67.909  12.587 0.1000000015
12693  12.519  -68.398  12.952 0.1000000015
12705  0.973  -68.324  11.895 0.4000000060
12706  0.484  -68.130  12.687 0.6000000238
12715  15.012  -68.827  9.794 0.1000000015
12852  2.710  -68.582  -0.512 0.6000000238
12871  6.942  -69.203  -3.902 1.0000000000
12898  12.848  -68.663  -6.024 0.8999999762
12907  17.261  -67.694  -8.793 0.4000000060
12913  17.372  -68.295  -9.428 0.4000000060
12914  16.859  -68.844  -9.193 0.5000000000
12917  18.120  -67.957  -10.823 0.4000000060
12918  17.571  -68.447  -10.329 0.4000000060
12931  21.324  -68.319  -13.007 0.2000000030
12933  16.410  -68.161  -13.173 0.4000000060
12941  16.067  -68.073  -13.950 0.5000000000
12942  15.462  -68.570  -13.749 0.5000000000
12946  7.850  -68.307  -13.538 0.8000000119
12953  20.593  -68.695  -14.839 0.2000000030
12956  11.072  -68.129  -15.273 0.6000000238
12958  9.329  -67.799  -14.364 0.8000000119
12968  12.716  -67.677  -16.553 0.5000000000
12971  10.568  -67.329  -15.777 0.6000000238
12977  21.452  -68.638  -17.298 0.2000000030
12981  12.383  -67.338  -16.964 0.5000000000
12984  5.538  -68.176  -17.059 0.6999999881
12988  21.432  -68.506  -18.058 0.2000000030
12989  21.162  -69.181  -17.643 0.2000000030
12990  20.520  -69.324  -17.878 0.2000000030
12995  9.689  -67.977  -17.003 0.6000000238
13002  18.947  -68.547  -18.560 0.3000000119
13003  17.340  -68.903  -18.795 0.4000000060
13006  14.719  -68.223  -18.646 0.5000000000
13418  11.257  -67.880  13.414 0.1000000015
13424  0.454  -67.589  13.199 0.6000000238
13434  12.012  -67.428  13.146 0.1000000015
13436  9.555  -67.295  12.741 0.3000000119
13438  7.301  -67.906  12.663 0.5000000000
13453  13.318  -67.388  12.170 0.1000000015
13467  1.284  -67.399  10.283 0.3000000119
13494  3.711  -67.076  8.325 0.1000000015
13614  4.203  -67.773  -0.517 1.0000000000
13617  1.217  -67.361  -0.241 0.6000000238
13627  5.093  -67.940  -1.473 1.0000000000
13630  1.256  -67.220  -0.447 0.6999999881
13631  0.839  -67.128  -0.288 0.6999999881
13644  5.387  -67.604  -3.900 0.8999999762
13654  5.467  -67.339  -4.661 0.8999999762
13660  10.763  -67.417  -5.297 0.8999999762
13670  13.320  -67.921  -6.416 0.8999999762
13678  14.767  -67.525  -8.202 0.4000000060
13682  17.708  -67.614  -9.382 0.2000000030
13684  19.153  -66.891  -10.918 0.4000000060
13693  23.027  -67.760  -11.540 0.1000000015
13694  18.599  -67.395  -11.271 0.4000000060
13699  23.112  -66.980  -11.919 0.1000000015
13703  17.660  -67.528  -12.464 0.4000000060
13710  22.025  -67.116  -13.096 0.1000000015
13717  21.880  -66.952  -14.038 0.2000000030
13723  6.646  -67.008  -15.739 0.8000000119
13724  5.834  -67.287  -16.178 0.8000000119
13730  21.552  -67.653  -15.699 0.2000000030
13731  16.280  -67.183  -15.680 0.4000000060
13733  14.778  -67.838  -16.313 0.4000000060
13735  10.056  -66.878  -16.250 0.6000000238
13738  6.779  -65.901  -16.429 0.6000000238
13748  13.770  -67.995  -17.646 0.5000000000
13749  9.770  -66.707  -16.789 0.5000000000
13752  5.759  -65.787  -17.420 0.6000000238
13753  5.421  -66.604  -17.053 0.6000000238
13757  21.734  -67.079  -18.152 0.2000000030
13759  17.656  -67.324  -18.186 0.4000000060
13762  15.692  -67.298  -17.669 0.5000000000
13764  11.143  -67.228  -16.873 0.6000000238
13766  9.256  -66.797  -17.117 0.6000000238
13768  6.681  -66.281  -17.814 0.6000000238
13773  20.448  -68.089  -18.866 0.2000000030
13776  17.669  -68.109  -18.635 0.3000000119
13777  16.244  -67.912  -18.648 0.4000000060
13783  21.055  -67.049  -19.349 0.3000000119
14288  0.442  -66.913  13.248 0.6000000238
14299  13.166  -66.964  12.351 0.2000000030
14300  12.631  -66.945  12.702 0.1000000015
14302  10.874  -66.663  12.634 0.2000000030
14309  1.391  -65.998  13.628 0.6999999881
14318  13.475  -66.740  11.766 0.2000000030
14348  1.643  -66.413  9.081 0.2000000030
14349  1.155  -66.025  9.850 0.4000000060
14363  1.691  -65.079  7.795 0.2000000030
14364  1.234  -64.612  7.738 0.2000000030
14474  1.428  -66.137  0.893 0.2000000030
14483  4.256  -65.519  0.290 1.0000000000
14511  1.446  -66.902  -0.616 0.6999999881
14512  1.018  -66.782  -0.602 0.6999999881
14530  5.186  -66.815  -3.611 0.8999999762
14538  10.468  -66.882  -5.747 0.8999999762
14547  11.455  -66.441  -6.653 0.8999999762
14548  9.287  -66.268  -6.544 0.8999999762
14550  7.649  -66.568  -6.312 0.8999999762
14552  5.010  -66.150  -6.406 0.8999999762
14555  12.968  -66.439  -7.038 0.8000000119
14557  9.595  -65.906  -7.194 0.6999999881
14559  7.569  -66.132  -6.990 0.8999999762
14564  17.094  -66.953  -8.529 0.2000000030
14567  14.169  -66.412  -8.580 0.4000000060
14579  19.091  -66.767  -10.092 0.4000000060
14599  18.650  -66.397  -12.529 0.3000000119
14611  17.686  -66.489  -13.705 0.3000000119
14619  18.060  -66.308  -14.890 0.3000000119
14621  16.699  -67.152  -14.949 0.4000000060
14630  17.535  -66.666  -15.611 0.4000000060
14631  16.913  -66.949  -15.532 0.4000000060
14632  8.559  -65.398  -16.886 0.5000000000
14633  7.316  -65.624  -16.882 0.6000000238
14634  5.952  -65.222  -17.182 0.6000000238
14641  18.496  -66.435  -16.808 0.3000000119
14650  22.083  -66.272  -17.704 0.2000000030
14651  19.246  -66.385  -18.224 0.3000000119
14661  21.927  -66.245  -18.737 0.2000000030
14663  20.548  -65.712  -19.270 0.3000000119
14674  21.287  -66.450  -19.420 0.3000000119
14675  20.770  -66.441  -19.415 0.3000000119
15196  10.330  -66.006  12.144 0.4000000060
15198  8.000  -65.672  11.786 0.5000000000
15201  0.560  -65.014  12.458 0.6000000238
15206  12.712  -65.544  11.626 0.2000000030
15209  9.662  -65.297  11.784 0.5000000000
15211  7.354  -65.057  11.480 0.5000000000
15217  0.761  -65.092  11.501 0.6000000238
15221  13.891  -65.841  10.477 0.2000000030
15222  13.080  -64.986  11.057 0.2000000030
15223  5.108  -64.815  11.091 0.8000000119
15225  0.943  -65.194  10.451 0.5000000000
15302  0.874  -65.468  5.010 0.1000000015
15321  0.872  -65.647  4.395 0.1000000015
15362  0.629  -65.392  0.441 0.6999999881
15387  5.334  -65.243  -0.541 0.8999999762
15390  1.962  -65.352  -0.475 0.8999999762
15403  5.605  -65.488  -1.375 0.8000000119
15404  1.571  -66.269  -0.636 0.6999999881
15427  5.218  -65.910  -3.365 0.8999999762
15443  4.026  -65.032  -6.615 0.8999999762
15447  10.916  -65.661  -8.061 0.6999999881
15453  4.848  -65.347  -7.516 0.8999999762
15458  17.397  -65.548  -8.457 0.2000000030
15459  16.026  -65.883  -8.440 0.4000000060
15463  12.237  -65.567  -9.192 0.6000000238
15476  19.713  -65.220  -9.561 0.2000000030
15479  11.600  -65.449  -9.923 0.6000000238
15493  20.575  -65.070  -10.503 0.4000000060
15497  10.875  -65.242  -10.589 0.4000000060
15501  5.975  -65.287  -10.968 0.6999999881
15507  20.287  -65.185  -11.387 0.4000000060
15510  10.401  -65.040  -11.517 0.2000000030
15511  9.688  -65.116  -11.991 0.3000000119
15513  6.917  -64.649  -12.238 0.4000000060
15514  5.657  -64.858  -12.065 0.5000000000
15522  19.782  -65.261  -12.294 0.3000000119
15534  19.253  -65.357  -13.744 0.3000000119
15535  18.671  -65.720  -13.682 0.3000000119
15539  24.376  -65.000  -13.630 0.1000000015
15548  20.193  -65.042  -15.217 0.2000000030
15562  19.578  -65.898  -17.608 0.3000000119
15574  20.458  -65.076  -18.840 0.3000000119
15587  21.882  -65.328  -19.546 0.2000000030
16106  1.011  -64.395  12.728 0.8000000119
16107  0.764  -64.556  12.515 0.6000000238
16122  0.964  -63.980  12.152 0.8000000119
16129  12.020  -63.858  10.547 0.3000000119
16153  1.292  -63.824  8.048 0.5000000000
16163  11.971  -63.925  7.720 0.4000000060
16168  0.695  -64.224  7.739 0.2000000030
16179  15.701  -64.304  6.542 0.2000000030
16205  11.092  -63.918  5.484 0.6000000238
16292  3.872  -63.803  -0.062 0.8000000119
16307  5.121  -64.372  -0.478 0.8000000119
16352  4.722  -64.662  -4.889 0.8999999762
16364  3.939  -64.572  -6.927 0.8999999762
16374  18.421  -64.239  -8.715 0.2000000030
16375  16.691  -64.512  -8.433 0.1000000015
16377  14.908  -64.812  -8.744 0.3000000119
16378  4.517  -64.371  -8.675 0.6999999881
16387  14.312  -64.237  -9.400 0.2000000030
16390  4.777  -64.495  -9.798 0.6999999881
16398  12.820  -64.694  -10.484 0.2000000030
16402  4.802  -64.275  -10.448 0.6999999881
16408  10.854  -64.478  -11.847 0.2000000030
16410  9.388  -64.671  -12.729 0.2000000030
16412  4.984  -64.468  -11.890 0.5000000000
16418  10.445  -64.267  -12.418 0.2000000030
16420  9.124  -64.313  -12.957 0.3000000119
16422  7.178  -64.269  -12.949 0.3000000119
16435  20.279  -64.636  -13.390 0.3000000119
16436  19.636  -65.000  -13.152 0.3000000119
16447  24.550  -64.528  -14.386 0.1000000015
16448  24.019  -64.766  -15.106 0.1000000015
16449  21.300  -64.195  -14.591 0.2000000030
16473  24.169  -64.001  -17.336 0.1000000015
16474  23.789  -64.536  -16.872 0.1000000015
16485  23.660  -64.458  -17.911 0.1000000015
16486  20.590  -64.547  -18.033 0.3000000119
16506  23.034  -64.144  -19.475 0.1000000015
16507  22.376  -64.794  -19.524 0.1000000015
17056  7.833  -63.235  11.021 0.6000000238
17057  1.319  -63.647  11.475 0.6000000238
17074  0.682  -63.063  9.674 0.5000000000
17085  0.240  -63.476  7.883 0.5000000000
17089  17.819  -63.850  7.047 0.1000000015
17090  11.513  -63.455  8.266 0.3000000119
17132  0.046  -62.826  5.229 0.1000000015
17219  2.441  -63.550  -0.488 0.8999999762
17220  0.108  -63.996  -0.134 0.8000000119
17221  -0.324  -62.800  -0.489 0.6999999881
17239  0.488  -63.371  -0.937 0.8000000119
17253  5.351  -63.229  -1.912 0.8999999762
17254  4.675  -63.061  -1.234 0.8999999762
17255  0.039  -62.794  -2.014 0.8999999762
17256  -0.153  -62.861  -1.433 0.6999999881
17290  5.999  -63.558  -4.084 0.8999999762
17305  6.697  -62.937  -6.878 0.6000000238
17318  4.486  -63.506  -7.415 0.8000000119
17326  18.476  -63.597  -8.764 0.1000000015
17327  18.167  -63.066  -8.796 0.1000000015
17329  16.191  -63.973  -8.642 0.1000000015
17331  5.857  -62.781  -9.253 0.6999999881
17343  15.730  -63.422  -9.238 0.1000000015
17354  20.952  -63.458  -9.920 0.2000000030
17358  6.451  -63.427  -12.098 0.5000000000
17366  11.959  -63.753  -11.628 0.2000000030
17367  9.676  -63.142  -12.394 0.2000000030
17369  7.794  -63.644  -12.880 0.4000000060
17370  6.759  -63.839  -12.923 0.4000000060
17372  5.121  -64.103  -12.229 0.5000000000
17381  21.672  -63.538  -12.329 0.3000000119
17384  11.799  -62.971  -12.052 0.2000000030
17387  9.403  -64.017  -13.030 0.3000000119
17389  7.436  -64.092  -13.135 0.3000000119
17404  21.732  -63.508  -13.230 0.3000000119
17412  25.652  -63.302  -14.428 0.1000000015
17420  21.438  -63.581  -15.830 0.1000000015
17425  24.556  -63.515  -16.729 0.1000000015
17427  20.938  -63.998  -17.279 0.2000000030
17431  24.449  -63.339  -17.751 0.1000000015
17439  22.283  -63.269  -19.286 0.3000000119
17445  24.161  -62.989  -19.287 0.1000000015
17447  22.894  -63.461  -19.471 0.1000000015
17448  22.249  -64.149  -19.559 0.3000000119
17930  9.829  -62.331  10.973 0.4000000060
17931  9.175  -62.231  11.029 0.4000000060
17936  9.335  -61.678  10.664 0.4000000060
17938  8.126  -61.746  10.685 0.5000000000
17942  2.319  -62.435  10.004 0.8000000119
17948  10.803  -62.496  10.151 0.4000000060
17955  0.763  -62.454  9.167 0.6000000238
17960  10.554  -62.259  9.582 0.4000000060
17961  0.251  -61.995  8.293 0.6000000238
17962  0.066  -62.396  7.958 0.6000000238
17968  5.772  -62.617  6.876 0.1000000015
17972  0.518  -62.084  7.835 0.6000000238
18008  6.700  -61.392  4.617 0.4000000060
18011  -0.017  -61.982  5.198 0.1000000015
18034  12.391  -61.920  0.314 0.4000000060
18037  9.598  -61.329  1.086 0.4000000060
18098  3.330  -62.511  -0.956 0.8000000119
18115  0.327  -62.317  -2.088 0.8999999762
18117  -0.250  -62.503  -1.921 0.8999999762
18124  17.766  -62.679  -3.465 0.3000000119
18129  6.154  -62.786  -2.730 0.8999999762
18143  7.086  -62.191  -3.712 0.8999999762
18160  17.659  -61.949  -5.386 0.2000000030
18164  7.223  -62.485  -5.340 0.8000000119
18172  8.385  -62.378  -6.185 0.6000000238
18173  7.594  -62.796  -6.584 0.8000000119
18180  9.180  -62.482  -7.638 0.4000000060
18205  17.721  -62.519  -9.137 0.1000000015
18209  11.466  -62.524  -9.811 0.4000000060
18218  17.271  -62.164  -9.653 0.1000000015
18220  15.964  -62.574  -10.578 0.2000000030
18223  10.501  -62.567  -11.234 0.3000000119
18226  6.373  -63.107  -11.030 0.4000000060
18234  21.918  -62.814  -11.050 0.2000000030
18236  15.726  -62.320  -11.607 0.2000000030
18237  14.844  -62.716  -11.961 0.2000000030
18238  11.534  -62.605  -12.131 0.3000000119
18239  10.923  -62.660  -11.825 0.3000000119
18241  9.159  -62.593  -11.722 0.3000000119
18251  22.590  -62.474  -12.785 0.2000000030
18253  13.770  -62.167  -13.472 0.2000000030
18255  12.136  -62.210  -12.846 0.2000000030
18264  13.116  -61.602  -13.576 0.2000000030
18270  25.658  -62.694  -14.955 0.1000000015
18280  21.746  -62.697  -17.022 0.1000000015
18285  22.364  -62.268  -18.533 0.2000000030
18296  24.786  -61.646  -19.502 0.1000000015
18808  9.372  -61.394  10.293 0.4000000060
18810  8.535  -61.112  10.448 0.5000000000
18826  9.856  -61.751  9.336 0.5000000000
18834  0.206  -61.886  7.989 0.6000000238
18837  19.511  -61.455  7.677 0.1000000015
18841  2.962  -60.798  7.138 0.5000000000
18845  18.386  -61.523  6.793 0.1000000015
18862  5.248  -60.439  5.809 0.4000000060
18874  0.043  -61.066  4.879 0.2000000030
18883  9.815  -60.330  2.575 0.6000000238
18884  8.232  -60.682  2.284 0.5000000000
18885  7.602  -60.809  2.993 0.5000000000
18945  2.796  -61.837  -1.178 0.8000000119
18961  -0.243  -61.942  -1.791 0.8000000119
19004  16.763  -61.227  -5.639 0.2000000030
19006  15.190  -61.535  -5.373 0.2000000030
19007  14.564  -61.152  -5.353 0.1000000015
19035  12.017  -61.584  -8.782 0.3000000119
19044  12.666  -62.116  -10.343 0.2000000030
19053  22.309  -61.268  -10.386 0.1000000015
19054  21.634  -61.817  -9.991 0.1000000015
19057  12.923  -61.487  -11.557 0.2000000030
19064  22.682  -61.565  -11.163 0.2000000030
19065  16.948  -61.336  -11.481 0.2000000030
19067  15.613  -61.898  -12.534 0.2000000030
19070  23.381  -61.136  -12.535 0.2000000030
19072  15.919  -60.774  -13.798 0.2000000030
19074  14.466  -61.736  -13.638 0.2000000030
19075  12.351  -61.189  -13.056 0.3000000119
19085  15.785  -60.510  -14.163 0.2000000030
19099  26.069  -61.614  -15.682 0.1000000015
19100  25.735  -62.091  -16.009 0.1000000015
19102  22.750  -61.957  -15.189 0.2000000030
19106  26.132  -60.966  -16.168 0.1000000015
19108  23.201  -61.000  -16.323 0.2000000030
19115  22.692  -61.499  -17.935 0.1000000015
19123  25.267  -61.621  -19.257 0.1000000015
19691  8.438  -60.360  9.649 0.6000000238
19699  8.706  -60.183  9.019 0.6000000238
19701  6.528  -59.993  8.609 0.6999999881
19712  3.753  -60.395  7.007 0.6000000238
19732  8.738  -60.051  4.081 0.6999999881
19733  7.063  -60.232  3.890 0.5000000000
19736  0.608  -60.340  4.725 0.1000000015
19741  9.101  -60.317  2.250 0.6000000238
19772  -0.475  -60.017  0.340 0.6999999881
19803  2.111  -59.993  -1.406 0.8999999762
19804  0.865  -60.561  -1.645 0.8000000119
19834  6.796  -60.682  -3.088 0.8999999762
19851  18.036  -60.432  -5.321 0.3000000119
19852  17.896  -60.906  -5.539 0.2000000030
19867  15.129  -60.111  -6.034 0.2000000030
19895  20.671  -60.621  -9.546 0.1000000015
19897  18.958  -60.838  -9.624 0.1000000015
19900  13.083  -60.669  -9.245 0.3000000119
19912  13.640  -60.942  -11.105 0.2000000030
19914  23.182  -60.226  -11.323 0.1000000015
19935  17.013  -60.493  -14.755 0.2000000030
19937  14.620  -60.276  -14.143 0.2000000030
19944  23.677  -60.698  -14.649 0.2000000030
19945  16.344  -60.299  -14.715 0.2000000030
19950  23.557  -60.506  -15.680 0.1000000015
19961  25.753  -61.028  -18.359 0.1000000015
19962  23.386  -60.179  -18.306 0.1000000015
19968  26.198  -60.404  -18.977 0.1000000015
19970  23.309  -60.720  -19.028 0.1000000015
19977  24.592  -60.859  -19.605 0.1000000015
19978  23.811  -60.417  -19.341 0.1000000015
20589  6.681  -59.675  7.304 0.6999999881
20599  5.443  -59.928  6.000 0.5000000000
20605  7.111  -59.910  4.945 0.5000000000
20606  6.287  -59.908  5.352 0.4000000060
20611  7.922  -59.952  4.588 0.6000000238
20612  7.228  -60.088  4.272 0.6000000238
20613  0.797  -59.693  4.482 0.2000000030
20620  1.123  -59.261  4.304 0.2000000030
20630  -0.029  -59.208  2.804 0.4000000060
20640  -0.155  -59.114  1.891 0.5000000000
20646  4.561  -59.361  0.183 0.1000000015
20705  17.628  -60.140  -4.097 0.4000000060
20722  18.043  -60.160  -5.240 0.5000000000
20738  9.164  -59.901  -6.572 0.6000000238
20766  21.812  -60.130  -9.809 0.1000000015
20768  20.138  -59.947  -9.713 0.1000000015
20781  19.534  -59.463  -10.356 0.1000000015
20783  14.981  -59.358  -10.284 0.2000000030
20787  23.412  -59.654  -11.673 0.1000000015
20789  19.057  -59.217  -11.300 0.1000000015
20797  23.797  -59.567  -12.363 0.1000000015
20798  18.718  -59.140  -12.486 0.2000000030
20802  13.986  -59.442  -13.325 0.2000000030
20812  24.365  -59.157  -13.918 0.2000000030
20814  17.500  -59.590  -15.155 0.2000000030
20824  24.242  -59.300  -15.088 0.1000000015
20852  26.536  -59.589  -19.373 0.1000000015
20861  24.455  -59.919  -19.519 0.1000000015
21461  0.448  -58.280  2.223 0.6000000238
21475  -0.126  -58.462  1.566 0.6000000238
21489  0.134  -57.543  0.706 0.6999999881
21513  3.457  -57.994  -1.875 1.0000000000
21556  6.557  -57.959  -4.242 0.8999999762
21564  8.391  -58.913  -5.609 0.6999999881
21607  14.484  -59.042  -9.643 0.2000000030
21620  16.237  -58.317  -10.783 0.2000000030
21628  22.762  -58.453  -10.839 0.1000000015
21631  16.104  -58.190  -12.082 0.2000000030
21638  23.772  -58.623  -12.036 0.1000000015
21641  15.259  -57.664  -13.182 0.2000000030
21642  14.921  -58.252  -13.459 0.2000000030
21653  24.493  -58.331  -13.512 0.1000000015
21664  17.453  -59.093  -15.363 0.2000000030
21666  15.590  -59.099  -14.548 0.2000000030
21667  14.771  -59.049  -14.160 0.2000000030
21674  24.525  -58.111  -16.095 0.1000000015
21683  24.238  -58.254  -17.021 0.1000000015
21708  24.221  -58.255  -18.765 0.1000000015
21709  23.975  -59.175  -19.069 0.1000000015
22374  3.637  -57.220  -0.252 0.4000000060
22506  20.784  -57.727  -10.888 0.1000000015
22509  16.045  -57.749  -9.962 0.2000000030
22514  23.307  -57.198  -11.356 0.1000000015
22525  24.240  -57.150  -12.453 0.1000000015
22527  20.193  -57.190  -13.320 0.2000000030
22540  24.880  -57.008  -13.804 0.1000000015
22542  20.280  -57.117  -14.072 0.2000000030
22552  24.839  -57.221  -14.719 0.1000000015
22554  18.585  -57.162  -14.933 0.2000000030
22587  27.743  -58.582  -19.238 0.1000000015
23353  8.276  -56.169  -8.958 0.4000000060
23364  13.179  -56.826  -9.368 0.2000000030
23365  12.353  -56.557  -9.324 0.2000000030
23366  11.505  -56.460  -9.375 0.2000000030
23369  8.923  -56.461  -9.327 0.4000000060
23385  22.668  -56.788  -10.988 0.1000000015
23387  20.956  -56.405  -11.583 0.1000000015
23418  20.564  -56.333  -14.237 0.2000000030
23419  19.689  -56.751  -14.547 0.2000000030
23433  24.927  -56.768  -16.217 0.1000000015
24281  18.136  -55.261  -10.443 0.2000000030
24287  24.390  -55.296  -12.195 0.1000000015
24312  15.846  -55.295  -13.788 0.2000000030
25200  24.223  -54.369  -11.859 0.1000000015
25202  22.563  -54.259  -11.576 0.1000000015
25204  18.279  -54.881  -11.291 0.1000000015
25205  17.451  -55.017  -12.421 0.1000000015
25211  21.104  -54.926  -12.908 0.1000000015
25213  16.483  -54.189  -13.392 0.1000000015
25229  16.062  -54.098  -13.920 0.1000000015
25246  18.648  -54.681  -15.170 0.1000000015
26018  5.844  -53.031  -4.599 0.5000000000
26046  6.124  -52.925  -5.410 0.8999999762
26056  7.290  -53.382  -6.977 0.6999999881
26069  18.452  -53.312  -9.655 0.1000000015
26084  18.774  -53.619  -10.133 0.1000000015
26085  13.620  -52.977  -10.128 0.4000000060
26087  11.960  -53.434  -10.335 0.5000000000
26088  11.500  -53.031  -10.212 0.6000000238
26095  23.187  -53.311  -11.630 0.1000000015
26097  18.938  -53.242  -10.937 0.1000000015
26896  6.456  -52.291  -5.639 0.8000000119
26927  18.649  -52.523  -9.512 0.1000000015
26958  22.975  -52.565  -11.792 0.1000000015
26969  22.484  -51.951  -12.362 0.1000000015
26971  17.435  -52.565  -12.820 0.1000000015
26986  21.845  -51.751  -13.423 0.1000000015
27709  7.521  -50.923  -6.366 0.6000000238
27750  19.287  -51.381  -9.393 0.1000000015
27771  12.998  -51.875  -10.573 0.4000000060
27772  12.422  -51.770  -10.552 0.6000000238
28524  8.266  -50.186  -6.640 0.4000000060
28556  19.177  -50.665  -8.904 0.1000000015
28586  20.111  -50.118  -9.432 0.1000000015
28619  24.361  -50.477  -12.768 0.1000000015
28643  24.996  -50.759  -13.185 0.1000000015
29397  19.710  -49.325  -8.730 0.2000000030
29466  26.739  -49.552  -12.311 0.1000000015
33345  22.428  -44.753  -8.956 0.1000000015
113561  16.348  -93.959  -6.704 0.5000000000
113566  14.081  -88.483  -7.985 0.8000000119
113578  13.020  -90.299  -10.390 0.1000000015
113589  18.094  -86.807  -8.091 0.8000000119
113603  18.115  -82.289  -5.203 0.4000000060
113621  12.941  -87.397  -9.564 0.1000000015
113664  13.146  -85.523  -17.404 0.1000000015
113934  15.287  -86.590  -17.694 0.1000000015
114008  17.981  -62.194  -5.150 0.2000000030
114021  17.107  -80.067  -7.046 0.4000000060
114063  17.620  -89.944  -7.591 0.8999999762
114081  13.430  -84.883  -19.884 0.2000000030
114091  13.048  -89.893  -7.579 0.8999999762
114094  14.058  -87.596  -7.388 0.8000000119
114159  7.160  -74.508  -18.869 0.8999999762
114160  12.355  -94.058  -10.073 0.2000000030
114195  13.912  -94.726  -8.988 0.5000000000
114198  18.182  -61.626  -5.292 0.2000000030
114229  17.160  -81.246  -6.131 0.4000000060
114266  7.017  -82.697  -16.636 0.1000000015
114290  16.571  -84.906  -5.587 0.8999999762
114294  8.456  -84.956  -22.820 0.6999999881
114307  18.029  -59.401  -5.156 0.4000000060
114456  17.551  -79.911  -6.701 0.4000000060
114491  30.705  -86.424  -11.264 0.3000000119
114599  13.203  -94.520  -9.688 0.4000000060
114937  11.005  -71.186  -8.573 0.8999999762
115003  4.876  -84.834  -18.169 0.1000000015
115072  4.432  -82.722  11.907 0.6000000238
115294  1.129  -75.199  15.144 0.6999999881
115679  13.620  -68.230  -16.190 0.5000000000
115750  28.166  -77.967  -8.487 0.2000000030
115809  5.336  -65.248  -9.387 0.6999999881
116267  4.623  -83.138  13.406 0.8000000119
116333  14.824  -89.678  10.082 0.2000000030
116376  7.834  -79.423  -22.366 1.0000000000
116378  23.432  -71.889  -23.275 0.1000000015
116462  14.867  -67.387  -17.965 0.5000000000
116468  10.294  -60.773  3.096 0.8999999762
116496  9.988  -70.239  -11.012 0.8999999762
116526  16.647  -77.957  -22.137 0.8000000119
116545  0.195  -64.013  4.529 0.1000000015
116557  6.135  -69.906  -16.665 0.6000000238
116565  7.021  -69.042  13.219 0.6000000238
116569  5.449  -61.110  -2.413 0.8999999762
116628  5.268  -91.293  -5.528 0.1000000015
116648  18.977  -82.352  2.767 0.4000000060
116702  24.973  -84.141  -22.128 0.6000000238
116800  9.177  -71.687  -10.327 1.0000000000
116881  12.709  -70.920  -11.630 0.8000000119
116933  12.411  -89.996  -6.126 0.8999999762
116959  21.645  -79.257  -9.155 0.3000000119
117350  1.083  -62.538  7.565 0.5000000000
117579  17.939  -70.450  -15.701 0.2000000030
117710  22.447  -62.547  -12.149 0.3000000119
117727  32.100  -78.353  -1.936 0.1000000015
117770  18.208  -75.780  -22.324 0.6999999881
118058  28.391  -74.462  -20.163 0.1000000015
118071  10.709  -95.141  -6.081 0.6999999881
118231  5.703  -60.057  8.356 0.6999999881
118282  28.682  -81.605  -18.279 0.2000000030
118313  12.193  -82.464  10.041 0.5000000000
118605  0.693  -68.843  13.138 0.6999999881
118615  16.703  -70.733  -17.931 0.2000000030
118626  8.025  -89.364  7.785 0.8999999762
118790  22.431  -55.968  -11.173 0.1000000015
118830  3.440  -84.547  21.093 0.6999999881
118959  2.629  -74.911  -9.068 0.2000000030
119305  16.116  -61.235  -13.070 0.2000000030
119452  11.455  -82.747  18.868 0.4000000060
119457  21.886  -84.446  -18.954 0.8999999762
119516  13.540  -63.454  -11.050 0.2000000030
119644  25.397  -53.829  -14.518 0.1000000015
119651  0.856  -63.678  7.656 0.2000000030
119671  24.878  -82.583  -25.329 0.4000000060
119797  20.617  -74.339  -15.316 0.1000000015
119879  18.363  -83.256  -18.627 0.6000000238
119915  14.962  -70.768  -9.996 0.6999999881
119926  31.700  -77.727  -3.864 0.1000000015
119941  9.510  -77.498  16.918 0.3000000119
120090  9.182  -92.525  -9.492 0.2000000030
120308  4.652  -87.237  7.975 0.2000000030
120369  22.822  -60.001  -10.712 0.1000000015
120402  25.059  -80.969  -15.405 0.4000000060
120494  11.812  -82.236  -21.783 0.6999999881
120625  3.357  -64.896  11.943 0.8000000119
120654  5.855  -63.220  -2.453 0.8999999762
120762  28.808  -81.028  -10.431 0.1000000015
120785  17.409  -60.745  -5.720 0.2000000030
120961  25.337  -82.181  -18.127 0.5000000000
120991  1.806  -62.135  7.235 0.3000000119
121104  19.694  -63.483  -9.303 0.2000000030
121108  9.603  -60.543  -6.984 0.5000000000
121352  29.267  -86.477  -11.017 0.3000000119
121631  8.333  -65.369  -10.327 0.6000000238
121799  9.650  -82.557  10.989 0.6000000238
121834  8.544  -88.490  22.076 0.1000000015
122019  16.653  -81.732  3.504 0.5000000000
122052  21.632  -63.750  -14.076 0.3000000119
122171  30.359  -78.963  -12.669 0.1000000015
122266  36.208  -80.927  -12.631 0.1000000015
122275  7.609  -68.455  -4.708 0.8999999762
122389  21.866  -89.199  -15.427 0.6000000238
122548  11.961  -69.140  -4.970 0.8999999762
122555  10.308  -96.233  -8.239 0.6999999881
122662  5.536  -93.996  -1.739 0.5000000000
122706  19.981  -81.448  -16.800 0.8000000119
122780  8.151  -82.152  18.869 0.6000000238
122803  8.607  -67.417  -17.121 0.6000000238
122957  3.316  -70.886  10.491 0.1000000015
122992  10.041  -75.245  -21.840 0.6999999881
123062  14.930  -67.343  -1.510 0.1000000015
123296  21.271  -63.963  -12.787 0.3000000119
123313  8.489  -72.556  -3.806 1.0000000000
123433  14.421  -66.223  -8.628 0.4000000060
123549  4.106  -66.300  0.117 1.0000000000
123598  21.784  -89.198  -22.531 0.5000000000
123892  11.760  -81.583  -22.585 0.8999999762
123959  24.594  -57.915  -15.072 0.1000000015
124019  8.161  -63.145  3.509 0.1000000015
124149  6.628  -83.674  -22.367 0.5000000000
124165  25.225  -85.435  -6.437 0.1000000015
124205  24.780  -55.909  -12.903 0.1000000015
124378  23.950  -82.022  -20.901 0.3000000119
124480  10.624  -62.925  7.068 0.4000000060
124494  14.692  -66.907  -8.405 0.4000000060
124533  26.292  -80.564  -18.750 0.3000000119
124665  6.273  -66.132  11.664 0.6000000238
124677  2.487  -65.940  -0.315 0.8999999762
124737  21.164  -61.222  -9.610 0.1000000015
124952  4.194  -87.067  0.328 0.1000000015
125031  26.491  -74.653  -20.273 0.1000000015
125228  2.649  -67.338  -0.523 0.8000000119
125402  14.137  -62.634  -12.735 0.2000000030
125614  1.516  -59.050  3.790 0.3000000119
125628  9.997  -66.675  12.525 0.2000000030
125669  10.346  -65.418  -9.872 0.4000000060
125688  23.066  -54.834  -11.479 0.1000000015
125701  15.572  -79.516  -15.703 0.4000000060
125852  28.546  -87.804  -13.282 0.5000000000
125902  20.405  -84.826  -18.023 0.6000000238
126052  25.828  -86.639  -16.563 0.8000000119
126120  7.360  -92.843  1.920 0.4000000060
126138  10.166  -83.931  -23.268 0.8999999762
126267  24.432  -82.292  -12.421 0.3000000119
126436  26.978  -83.001  -23.830 0.2000000030
126486  4.808  -65.867  -0.073 1.0000000000
126580  16.523  -67.460  -14.366 0.4000000060
126632  3.363  -87.469  9.696 0.6000000238
126647  30.213  -88.145  -15.317 0.5000000000
126688  23.939  -89.436  -0.592 0.2000000030
126879  17.490  -78.768  -16.316 0.6999999881
126906  24.823  -74.759  -23.493 0.1000000015
126949  20.826  -72.976  -12.123 0.1000000015
127035  1.879  -61.801  9.305 0.8000000119
127186  20.829  -62.028  -9.651 0.1000000015
127213  7.838  -83.654  17.655 0.6000000238
127220  24.429  -85.337  -6.446 0.2000000030
127225  5.923  -91.751  5.873 0.8000000119
127408  19.995  -65.583  -16.927 0.3000000119
127427  16.571  -86.480  -23.306 0.4000000060
127437  22.911  -83.263  -13.015 0.3000000119
127463  9.882  -66.566  -6.044 0.8999999762
127626  12.169  -90.382  2.990 1.0000000000
127681  11.592  -80.004  16.374 0.5000000000
127768  19.367  -66.314  -11.347 0.4000000060
127819  16.748  -65.244  -8.339 0.2000000030
127864  4.166  -61.670  -1.752 0.8999999762
127911  8.104  -72.716  -12.649 0.8999999762
127930  4.801  -63.280  -8.185 0.6999999881
127934  15.484  -58.351  -14.366 0.2000000030
127939  20.006  -76.971  -17.731 0.8000000119
127952  8.494  -84.188  -23.143 0.8000000119
128030  12.608  -64.131  10.329 0.3000000119
128237  29.920  -83.372  -9.700 0.1000000015
128273  7.531  -51.376  -6.805 0.8000000119
128348  29.546  -77.576  -5.256 0.1000000015
128446  15.330  -86.799  -20.530 0.1000000015
128526  20.206  -65.626  -10.034 0.2000000030
128572  24.174  -78.173  -8.168 0.2000000030
128575  15.793  -64.964  -3.696 0.1000000015
128603  13.650  -85.230  1.979 0.8000000119
128656  7.453  -56.451  -6.918 0.8000000119
128707  23.428  -60.062  -18.994 0.1000000015
128767  26.861  -78.926  -10.297 0.2000000030
128951  18.392  -91.815  -6.885 0.8999999762
128958  11.646  -76.506  -15.153 0.8999999762
129188  11.066  -63.324  -12.041 0.2000000030
129224  0.596  -66.674  -0.028 0.5000000000
129299  19.238  -82.338  -17.716 0.6000000238
129338  8.482  -84.993  10.376 0.6000000238
129426  4.431  -55.159  -2.722 0.5000000000
129452  15.445  -74.213  -14.277 0.3000000119
129468  10.652  -69.727  13.729 0.1000000015
129495  7.396  -67.979  -5.170 0.8999999762
129564  22.333  -62.213  -16.272 0.1000000015
129682  13.530  -86.578  -19.638 0.1000000015
129706  8.612  -84.899  -22.666 0.6999999881
129721  18.147  -61.040  -5.354 0.3000000119
129736  16.992  -81.213  -6.948 0.4000000060
129737  15.263  -86.912  -7.548 0.8999999762
129769  18.079  -60.242  -5.190 0.5000000000
129772  14.435  -86.217  -16.941 0.1000000015
129774  18.084  -60.659  -4.502 0.2000000030
129777  13.393  -85.847  -19.226 0.2000000030
130037  9.250  -81.981  17.647 0.5000000000
130145  23.910  -73.470  -18.651 0.1000000015
130281  11.273  -82.123  13.507 0.5000000000
130367  18.100  -61.946  -5.375 0.2000000030
130401  26.239  -81.537  -17.879 0.3000000119
130568  8.645  -89.558  10.112 0.8999999762
130677  11.302  -82.347  10.459 0.4000000060
130773  10.247  -94.145  -3.500 0.8999999762
131004  15.640  -55.925  -13.943 0.1000000015
131031  5.392  -65.734  -17.240 0.6000000238
131076  19.082  -55.444  -15.140 0.1000000015
131158  17.398  -60.263  -3.464 0.6000000238
131381  31.766  -79.724  -12.512 0.1000000015
131404  1.275  -72.879  15.609 0.6000000238
131414  1.970  -88.914  6.947 0.8000000119
131455  7.693  -72.039  -12.604 1.0000000000
131462  3.558  -76.279  21.033 0.2000000030
131486  2.074  -76.597  15.472 0.8000000119
131501  8.774  -60.476  1.821 0.6000000238
131565  9.405  -73.209  -14.171 0.8999999762
131745  16.998  -55.992  -14.874 0.1000000015
131867  19.057  -64.677  -9.084 0.2000000030
132005  1.951  -88.861  3.861 0.2000000030
132031  7.244  -62.610  -10.471 0.4000000060
132054  11.892  -75.442  -13.624 0.8999999762
132080  29.666  -77.741  -4.607 0.1000000015
132315  5.864  -64.265  -3.033 0.8999999762
132490  22.000  -74.107  -14.792 0.1000000015
132541  10.956  -70.842  -4.168 0.8999999762
132570  6.586  -76.824  -22.181 0.8999999762
132632  2.879  -76.045  -12.712 0.1000000015
132644  20.034  -74.355  -17.882 0.1000000015
132647  3.623  -86.667  12.303 0.6999999881
132696  22.312  -53.519  -11.738 0.1000000015
132808  20.896  -85.911  -16.734 0.5000000000
132931  17.080  -66.824  -16.091 0.4000000060
133204  7.282  -60.460  3.393 0.5000000000
133261  5.555  -63.032  7.373 0.1000000015
133278  22.972  -78.952  -17.567 0.5000000000
133346  8.268  -81.474  -23.036 0.8999999762
133379  24.516  -56.637  -17.055 0.1000000015
133582  2.133  -61.207  7.553 0.6000000238
133590  26.126  -74.737  -23.200 0.1000000015
133644  6.227  -64.328  -12.672 0.5000000000
133750  11.059  -64.543  11.387 0.3000000119
133767  11.270  -70.923  -8.247 0.8999999762
133958  10.448  -96.271  -8.837 0.6999999881
134036  5.955  -83.815  -16.887 0.1000000015
134084  10.444  -89.513  -9.646 0.1000000015
134094  4.947  -64.831  -10.107 0.6999999881
134138  14.227  -60.414  -10.672 0.2000000030
134183  10.316  -62.620  -9.599 0.4000000060
134206  13.208  -87.398  -17.745 0.1000000015
134324  8.932  -61.886  -6.184 0.5000000000
134329  12.038  -60.235  -8.255 0.3000000119
134397  3.766  -68.291  8.813 0.1000000015
134403  7.650  -85.086  11.218 0.6999999881
134412  25.291  -82.047  -21.541 0.2000000030
134449  14.536  -93.076  -15.334 0.1000000015
134531  14.210  -64.919  8.819 0.1000000015
134565  8.098  -85.168  -22.526 0.6000000238
134655  18.392  -78.631  -15.696 0.8999999762
134762  17.311  -73.931  -20.127 0.4000000060
134811  15.500  -85.792  -1.199 0.8000000119
134833  7.981  -66.464  -16.906 0.5000000000
134880  11.743  -79.398  17.222 0.4000000060
134951  12.136  -64.416  -11.089 0.2000000030
135002  11.359  -70.074  -12.253 0.8999999762
135063  15.889  -55.044  -9.543 0.1000000015
135117  16.977  -88.629  -3.340 0.8000000119
135140  14.016  -79.639  -21.960 0.8999999762
135145  12.675  -66.070  -7.745 0.6999999881
135198  16.659  -62.875  -4.928 0.2000000030
135213  4.174  -71.281  -1.863 0.8999999762
135332  22.431  -83.089  -5.728 0.1000000015
135373  6.426  -82.748  -19.091 0.1000000015
135397  22.310  -62.751  -19.048 0.3000000119
135443  4.701  -56.118  -3.891 1.0000000000
135651  7.799  -82.831  18.849 0.6000000238
135747  27.272  -87.642  -14.525 0.5000000000
136006  12.846  -86.242  -17.300 0.1000000015
136111  10.273  -68.948  -3.901 0.8999999762
136162  5.447  -74.465  20.361 0.2000000030
136213  17.333  -89.680  -23.470 0.2000000030
136347  22.513  -68.014  -11.695 0.1000000015
136465  4.899  -64.918  -10.779 0.6999999881
136482  16.005  -54.587  -13.833 0.1000000015
136486  6.355  -91.250  8.767 0.8999999762
136540  5.282  -59.722  7.271 0.6999999881
136593  3.864  -73.435  13.512 0.8999999762
136619  17.426  -79.829  -7.025 0.4000000060
136625  23.250  -86.554  12.559 0.2000000030
136703  5.270  -69.306  -2.035 1.0000000000
136833  14.086  -69.007  -7.043 0.6999999881
136838  8.309  -93.286  0.063 0.6999999881
136855  13.415  -70.386  -18.548 0.4000000060
137139  15.908  -86.671  -5.961 0.6999999881
137182  16.387  -87.152  -23.165 0.4000000060
137238  16.211  -92.480  -0.383 0.8000000119
137245  14.444  -89.916  -0.623 0.6999999881
137359  8.815  -60.605  9.733 0.5000000000
137375  6.448  -86.106  13.216 0.6999999881
137387  12.365  -91.412  3.936 1.0000000000
137483  7.784  -71.687  -2.854 1.0000000000
137525  20.489  -86.094  -11.004 0.8000000119
137534  7.005  -60.728  3.394 0.5000000000
137545  23.895  -66.071  -11.996 0.1000000015
137571  15.769  -80.166  -19.085 0.8999999762
137576  25.226  -82.746  -25.944 0.4000000060
137582  9.619  -80.533  -23.244 1.0000000000
137599  20.422  -62.920  -9.580 0.1000000015
137635  15.598  -93.397  -9.241 0.3000000119
137657  18.033  -66.664  -9.161 0.2000000030
137683  20.751  -73.376  -12.465 0.1000000015
137693  10.298  -62.497  -8.939 0.4000000060
137767  18.618  -88.820  15.023 0.1000000015
137963  25.648  -84.302  -12.088 0.3000000119
138047  18.299  -68.305  -18.664 0.3000000119
138132  23.266  -91.574  -9.674 0.6999999881
138150  2.775  -73.569  8.686 0.1000000015
138209  16.910  -81.993  -6.393 0.4000000060
138312  5.920  -78.371  14.194 0.8999999762
138377  21.586  -65.240  -19.571 0.3000000119
138425  20.899  -71.255  -22.699 0.3000000119
138437  11.496  -74.844  -12.746 0.8999999762
