global_signal	global_signal_derivative1	global_signal_power2	global_signal_derivative1_power2	csf	csf_derivative1	csf_power2	csf_derivative1_power2	white_matter	white_matter_derivative1	white_matter_power2	white_matter_derivative1_power2	csf_wm	tcompcor	std_dvars	dvars	framewise_displacement	rmsd	t_comp_cor_00	t_comp_cor_01	t_comp_cor_02	t_comp_cor_03	t_comp_cor_04	c_comp_cor_00	c_comp_cor_01	c_comp_cor_02	c_comp_cor_03	c_comp_cor_04	c_comp_cor_05	c_comp_cor_06	c_comp_cor_07	c_comp_cor_08	c_comp_cor_09	c_comp_cor_10	w_comp_cor_00	w_comp_cor_01	w_comp_cor_02	w_comp_cor_03	w_comp_cor_04	w_comp_cor_05	w_comp_cor_06	w_comp_cor_07	w_comp_cor_08	w_comp_cor_09	w_comp_cor_10	w_comp_cor_11	w_comp_cor_12	w_comp_cor_13	w_comp_cor_14	w_comp_cor_15	w_comp_cor_16	w_comp_cor_17	w_comp_cor_18	w_comp_cor_19	w_comp_cor_20	w_comp_cor_21	w_comp_cor_22	w_comp_cor_23	w_comp_cor_24	w_comp_cor_25	w_comp_cor_26	w_comp_cor_27	w_comp_cor_28	w_comp_cor_29	w_comp_cor_30	w_comp_cor_31	w_comp_cor_32	w_comp_cor_33	w_comp_cor_34	w_comp_cor_35	w_comp_cor_36	w_comp_cor_37	w_comp_cor_38	w_comp_cor_39	w_comp_cor_40	w_comp_cor_41	w_comp_cor_42	w_comp_cor_43	w_comp_cor_44	w_comp_cor_45	w_comp_cor_46	w_comp_cor_47	w_comp_cor_48	w_comp_cor_49	w_comp_cor_50	w_comp_cor_51	a_comp_cor_00	a_comp_cor_01	a_comp_cor_02	a_comp_cor_03	a_comp_cor_04	a_comp_cor_05	a_comp_cor_06	a_comp_cor_07	a_comp_cor_08	a_comp_cor_09	a_comp_cor_10	a_comp_cor_11	a_comp_cor_12	a_comp_cor_13	a_comp_cor_14	a_comp_cor_15	a_comp_cor_16	a_comp_cor_17	a_comp_cor_18	a_comp_cor_19	a_comp_cor_20	a_comp_cor_21	a_comp_cor_22	a_comp_cor_23	a_comp_cor_24	a_comp_cor_25	a_comp_cor_26	a_comp_cor_27	a_comp_cor_28	a_comp_cor_29	a_comp_cor_30	a_comp_cor_31	a_comp_cor_32	a_comp_cor_33	a_comp_cor_34	a_comp_cor_35	a_comp_cor_36	a_comp_cor_37	a_comp_cor_38	a_comp_cor_39	a_comp_cor_40	a_comp_cor_41	a_comp_cor_42	a_comp_cor_43	a_comp_cor_44	a_comp_cor_45	a_comp_cor_46	a_comp_cor_47	a_comp_cor_48	edge_comp_00	edge_comp_01	edge_comp_02	edge_comp_03	edge_comp_04	edge_comp_05	edge_comp_06	edge_comp_07	edge_comp_08	edge_comp_09	edge_comp_10	edge_comp_11	edge_comp_12	edge_comp_13	edge_comp_14	edge_comp_15	edge_comp_16	edge_comp_17	edge_comp_18	edge_comp_19	edge_comp_20	edge_comp_21	edge_comp_22	edge_comp_23	cosine00	cosine01	cosine02	cosine03	cosine04	cosine05	cosine06	cosine07	trans_x	trans_x_derivative1	trans_x_power2	trans_x_derivative1_power2	trans_y	trans_y_derivative1	trans_y_power2	trans_y_derivative1_power2	trans_z	trans_z_derivative1	trans_z_power2	trans_z_derivative1_power2	rot_x	rot_x_derivative1	rot_x_power2	rot_x_derivative1_power2	rot_y	rot_y_derivative1	rot_y_power2	rot_y_derivative1_power2	rot_z	rot_z_derivative1	rot_z_power2	rot_z_derivative1_power2	motion_outlier00	motion_outlier01	motion_outlier02	motion_outlier03	motion_outlier04	motion_outlier05	motion_outlier06	motion_outlier07	motion_outlier08	motion_outlier09	motion_outlier10	motion_outlier11	motion_outlier12	motion_outlier13	motion_outlier14
1926.2397701795	n/a	3710399.652221173	n/a	2264.2518199573865	n/a	5126836.304180337	n/a	2170.153158859606	n/a	4709564.732908325	n/a	2166.11831805791	1410.7772700067371	n/a	n/a	n/a	n/a	-0.0123422663	-0.0596595959	0.0816424912	-0.0068791255	0.0149357628	-0.0020958219	-0.0861784375	-0.004238095	-0.0496954707	0.0228464331	0.0402433812	-0.0243908381	0.0739346882	-0.0400243137	0.0478146249	-0.064180686	-0.0393837492	-0.0161580969	0.0185292923	-0.0396766394	0.1025888789	-0.0118483163	0.0608922853	-0.0428935745	0.0311717459	-0.0463691498	0.0138725153	-0.016136075	0.1020826526	-0.0114971174	0.00303331	-0.0079056195	0.0173763151	-0.0512503548	0.0577873678	-0.0103942982	0.0528766231	-0.0738136475	0.0190491684	-0.1182379421	0.0284437008	-0.0661874461	0.0239357448	-0.0954895639	0.0730002569	0.0296372889	-0.139881378	0.0327434681	0.0574695956	0.0164151826	-0.0218274898	0.0765958376	-0.0477261799	0.0019594043	-0.0437563854	0.0340089891	-0.011809369	0.0276828242	-0.0978951751	0.0521366089	-0.0220899202	0.0357179109	-0.0107433039	0.0858818188	-0.118336177	0.0433234493	-0.0569527738	0.0836592604	-0.0306071466	0.0179471904	-0.0162651559	0.0964703923	-0.0384441177	0.0570015309	0.0574557673	-0.0223137176	0.0046859971	-0.0401577333	0.0351576952	-0.0535237722	0.0205758354	-0.091983916	0.0636803566	-0.0900376491	0.0734036725	-0.0152119406	0.0040623506	-0.0174458168	0.0299323004	-0.0625834698	0.0188238434	-0.1092486292	0.0437827473	-0.0377091932	0.0859300579	-0.0472484279	0.0465100253	-0.0806396875	0.1351137991	-0.0177734374	-0.0460968289	0.0424617402	-0.1508259218	-0.0027731155	-0.0024643255	0.00952082	-0.0913386324	0.0625281085	-0.0261684957	0.0540915559	-0.0277662444	0.047558361	-0.0404704499	0.1250040663	-0.0390423562	0.0355695983	-0.0507578524	0.0084433645	-0.0391491234	0.0730063335	-0.0748260046	0.0570474448	-0.0210122841	0.0191778049	-0.0284414319	0.0616636715	-0.0266601286	0.0316155326	-0.028724786	0.0494520108	-0.0195993547	0.0740883682	-0.0696661695	0.0408044106	-0.0444004432	0.0687661318	-0.0784644761	0.0644910768	-0.0287600486	-0.0989365772	-0.0138442573	0.0816485389	0.0816451812	0.0816395852	0.081631751	0.0816216788	0.0816093689	0.0815948217	0.0815780375	0.1037533497017904	n/a	0.010764757574342	n/a	-0.0553935455108103	n/a	0.0030684448842582	n/a	0.1442877856799285	n/a	0.0208189650964169	n/a	-0.0029611176972857	n/a	8.768218017178568e-06	n/a	-0.0017749887367883	n/a	3.150585015725325e-06	n/a	0.0010023751342965	n/a	1.0047559098559263e-06	n/a	0.0	0.0	0.0	0.0	0.0	0.0	0.0	0.0	0.0	0.0	0.0	0.0	0.0	0.0	0.0
1926.4497281446493	0.2099579651492149	3711208.555068593	0.0440823471295989	2246.176326404918	-18.075493552468288	5045308.0893018935	326.72346716532263	2169.673983144882	-0.4791757147236239	4707485.193135778	0.2296093655808958	2164.3596210279807	1365.0155864634028	1.226233	30.771313	0.0476276112288918	0.02716078781562	-0.0101892499	-0.0438473842	0.0518805943	0.0079307497	0.0514077721	0.1259447732	-0.094819897	-0.0023515921	0.0079965863	0.0535198828	-0.0652492529	0.0522325276	0.0306018874	-0.0108041593	-0.0356205201	-0.0916788173	-0.0346910396	0.0076621996	-0.0090985269	-0.0053397747	0.0843545502	-0.1006599487	0.0529192849	-0.0801535672	0.0260865773	-0.044220819	-0.0257337424	-0.0840993803	0.1023548632	0.0200652886	-0.0067656462	-0.0807589126	0.0118817854	-0.0121471307	0.1047110081	-0.0337435373	-0.0679625497	-0.0064557538	0.0053053067	-0.0928917779	-0.0136791048	-0.071392482	-0.0045431409	-0.0176177414	-0.0367578248	0.034319215	0.0161266705	0.0408708259	-0.0177260137	-0.0159532994	-0.0677654807	0.0745204597	0.0417010253	0.0660006135	-0.0140854713	0.104814211	-0.0484783349	0.049201223	-0.0456198209	-0.1155771485	0.0184603688	0.0290245296	0.0661220586	0.0095028526	-0.0100194236	0.0122771675	-0.0776328045	-0.0062855776	-0.0320755216	-0.0385288159	0.0260722205	0.097650553	-0.0515812367	-0.0237899596	0.0728013293	0.1036745153	0.0353726461	-0.0565188913	0.0389199369	-0.0461830903	-0.0164040733	-0.0983924363	0.0217684276	-0.0331383068	0.006203364	-0.1349249508	0.0679311617	-0.0321562446	0.0056105968	0.0220330028	-0.0879845226	-0.080276682	-0.0673192738	0.0090350077	0.0581224407	-0.0058023045	0.0558212997	-0.0213637093	0.0137182253	0.0386585798	-0.1011054911	0.1002066616	0.0031297705	-0.0889193308	-0.0662114663	0.0490373492	0.0622848201	0.0391715127	-0.0092863335	0.0408228565	-0.0206839273	0.0141620129	0.0102970659	0.0053621429	0.0166384519	0.0167369087	0.0493824824	0.0165355812	-0.0205482692	0.0593905569	-0.0095235572	-0.0151388385	-0.0679610909	-0.0539456106	-0.0171298401	0.0854651987	-0.0300723768	-0.0413821705	-0.0142620039	0.011962719	0.0048589105	0.0147220917	-0.1131851018	0.1421629587	-0.0405949618	0.1131023363	-0.1142516091	0.0245043134	0.104972092	-0.0852002473	-0.0166790965	0.0816395852	0.0816093689	0.0815590168	0.0814885411	0.0813979594	0.081287294	0.0811565722	0.0810058262	0.0983794464019922	-0.0053739032997981	0.0096785154743624	2.8878836675581977e-05	-0.0311855548096247	0.0242079907011855	0.0009725388287841	0.0005860268137886	0.1347837906820004	-0.0095039949979281	0.0181666702306092	9.032592092064268e-05	-0.0029612010286981	-8.333141239980775e-08	8.768711532362685e-06	6.944124292546831e-15	-0.0016049891967284	0.0001699995400598	2.575990321614875e-06	2.889984362057751e-08	0.0010031267074238	7.515731272999659e-07	1.0062631911469138e-06	5.648621656794509e-13	0.0	0.0	0.0	0.0	0.0	0.0	0.0	0.0	0.0	0.0	0.0	0.0	0.0	0.0	0.0
1930.8480149415225	4.398286796873208	3728174.0568036176	19.344926747549184	2254.18527360396	8.008947199041813	5081351.24773296	64.1432352370397	2170.006576891117	0.3325937462350339	4708928.543750704	0.1106186000346541	2165.3548779117737	1406.0440139226846	1.045273	26.230286	0.1344350170064064	0.0801904987520708	0.0090477027	-0.0466714556	0.0548102171	-0.0671418818	0.0343756732	0.0819337612	-0.0340837842	-0.022177899	-0.0884926678	0.1297785791	-0.0334194349	-0.0163938973	0.0034155546	-0.0763010388	-0.0685661367	-0.0114908854	-0.0284455301	-0.0147919475	0.0166375223	-0.0155625545	0.0498526135	-0.0114244189	0.0375897255	-0.0892128198	0.0016971251	0.0044250246	-0.1245940531	-0.0377101307	0.1215744195	0.0058975295	-0.0380901416	-0.1898811525	0.0598592442	-0.0626960594	-0.0423835763	0.0257303603	0.0326443142	-0.0177374272	-0.0264865179	-0.0500280008	-0.0384351295	-0.0995809161	0.007647627	-0.0950271292	-0.0855047367	-0.0408718441	-0.019288729	-0.0713697737	0.0316384467	0.0478402997	-0.0721521606	-0.041043748	0.022259038	-0.1014424975	0.0285272936	0.0792183188	0.106311434	-0.0307544654	-0.0304974466	0.0678652751	0.0140520723	0.0199444166	0.0403095529	0.0036296106	-0.0113711452	-0.0182245948	-0.0425739887	-0.0219089418	-0.027396654	0.0101332896	0.0088505318	0.0530638861	-0.032686148	-0.0628031652	0.0907136841	0.0507308297	0.0522134388	-0.0926613099	-0.0171965671	-0.0343017215	0.042102779	-0.0785334836	-0.0331067821	-0.0462124837	0.0685314995	-0.2295945023	0.0639249759	-0.1106526366	-0.0551780062	-0.0105403025	-0.0318878901	-0.0028696293	-0.0600875574	0.1400628423	-0.0158744433	0.0956368124	0.0258171604	0.1389102168	0.0314340076	-0.1484044302	-0.0064780513	0.1161059929	0.0151469196	0.012489238	0.0806457535	-0.0925333381	0.0347409856	0.0377024448	0.1061452667	0.1016223509	-0.0274820028	0.0164719113	-0.0349804799	-0.0262512829	-0.04351023	-0.0393824826	0.0819058684	0.0128072465	-0.0183634296	0.0804773054	-0.0419740425	0.0612135035	0.0214718337	-0.028500728	-0.0103690576	0.0917897177	-0.0196569246	-0.0709780031	-0.0204090945	-0.0167112312	-0.0109088173	-0.0056263795	-0.1597899496	0.1624261998	-0.1404393441	0.1250284874	-0.2045060483	-0.0165242804	0.0912393747	-0.0485353397	0.0420258826	0.0816216788	0.0815377601	0.0813979594	0.0812023727	0.0809511339	0.0806444153	0.080282427	0.0798654172	0.102140112414915	0.0037606660129227	0.0104326025641314	1.4142608860752653e-05	-0.0298474360245535	0.0013381187850712	0.0008908694372398	1.790561882960429e-06	0.068766657643593	-0.0660171330384074	0.0047288532034711	0.0043582618546107	-0.0034000381183053	-0.0004388370896072	1.1560259205929049e-05	1.925779912149179e-07	-0.0016750004705954	-7.001127386699986e-05	2.805626576494812e-06	4.901578468480057e-09	0.0017606603273497	0.0007575336199259	3.0999247883031525e-06	5.738571853180379e-07	0.0	0.0	0.0	0.0	0.0	0.0	0.0	0.0	0.0	0.0	0.0	0.0	0.0	0.0	0.0
1932.9246572384648	2.076642296942282	3736197.730560437	4.312443229449717	2260.322676225142	6.137402621181991	5109058.600657588	37.66771093449157	2173.5132505912093	3.506673700092051	4724159.850495565	12.296760438917277	2171.554518245801	1444.3686929462642	1.170009	29.360411	0.0627191610491713	0.0310710583713688	0.0165635591	-0.0380133233	0.0609588388	-0.0643026595	0.0535418517	0.1071542745	0.0222357978	-0.0235036325	-0.0460807674	0.0805240584	0.0274635972	0.0123979496	-0.006643976	-0.0443430139	0.0068352576	-0.0383026664	-0.0432342615	-0.0116614687	0.0550652911	0.0443008294	0.0652501331	-0.0463023984	-0.0481955386	-0.0294434345	0.0873936305	-0.0779061106	-0.1222081775	-0.0509217878	0.063677354	0.0285973381	-0.0642156788	0.0936571223	-0.088468161	0.0017027978	-0.0524587751	0.0062494267	-0.0461812445	-0.0572337952	-0.0088884216	-0.0045834992	0.0400745501	-0.0897233739	0.0660113669	-0.0108557566	-0.0989942359	0.0059593715	-0.0512929291	0.0962306258	0.0919716672	0.0314284013	0.0844574048	0.0320240137	-0.0769875684	0.0264535831	0.0467147433	0.0892073045	-0.0372345152	0.1259874516	-0.0540786397	0.1022150331	-0.0508092254	0.0634416188	0.0162629048	-0.0089379744	-0.0372107426	-0.0193901903	0.0852748065	-0.0426026826	-0.0437726674	0.0361128152	-0.0290925824	0.0915243527	0.0300668113	-0.1016132024	0.0098105429	0.0443212718	-0.069708651	-0.0733028667	0.0043760591	0.0119782091	0.0646243532	-0.0293822617	0.0852588325	-0.0255485779	-0.019726578	-0.0393358603	0.052015421	0.0188346023	-0.0685117164	0.1069708335	0.025638158	-0.0998286054	0.1383013292	-0.0679677328	0.0466528552	0.0044652459	-0.032936447	0.0131297257	-0.0134459965	0.0052838308	-0.1079764079	0.0051736172	-0.0424219883	-0.1112129869	-0.0563135612	-0.0297033528	-0.0097305042	0.0660444912	-0.0322899623	0.016538	0.1182360443	-0.0321853841	-0.0633186478	0.1286267865	-0.0366689671	0.0772305408	-0.0486532396	0.0078118791	0.0054543255	0.0403612908	0.0089958565	0.0200025294	-0.0736586199	0.023474099	-0.0235791283	0.1070906227	-0.029078472	-0.013113093	-0.0559982719	0.0188801127	-0.0119141205	-0.0060712771	-0.0448046515	0.0320307388	-0.0239286498	0.0295074535	-0.1224283012	0.0161191383	-0.0881000627	0.0311738598	0.0547320975	0.0815948217	0.0814303861	0.0811565722	0.0807737477	0.080282427	0.0796832699	0.0789770813	0.0781648097	0.0853320180083727	-0.0168080944065422	0.0072815532973812	0.0002825120375792	-0.0384404374159998	-0.0085930013914462	0.0014776672287333	7.383967291339803e-05	0.0807592719017407	0.0119926142581477	0.0065220599980992	0.0001438227967447	-0.0029600907030444	0.0004399474152609	8.76213697024989e-06	1.935537281947471e-07	-0.0016550426713719	1.9957799223500012e-05	2.7391662440618346e-06	3.9831374984553777e-10	0.0017140565219734	-4.660380537629982e-05	2.937989760519549e-06	2.171914675552032e-09	0.0	0.0	0.0	0.0	0.0	0.0	0.0	0.0	0.0	0.0	0.0	0.0	0.0	0.0	0.0
1922.2813971431667	-10.643260095298048	3695165.769802685	113.27898545616378	2271.274555090702	10.951878865560047	5158688.104602466	119.94365068590083	2170.7325087991044	-2.780741792104891	4712079.624757254	7.73252491435872	2167.6747665565217	1424.5370322565002	1.03569	25.989803	0.0922205821117631	0.0547948319241846	0.0413219028	0.0165462982	-0.0641523816	-0.117007447	0.0374965909	0.0858347953	0.0727052735	-0.0054442481	-0.0448195161	-0.0049609095	-0.0423435459	-0.0341746519	0.0123497656	0.031885393	0.0076805924	0.0448960804	-0.0360724141	0.000850815	0.0056387731	0.0156720086	-0.0341901115	-0.0308721682	-0.094632921	-0.0775741401	0.0518107649	-0.0704644003	0.0104477227	-0.0219880128	0.024268775	0.0560321927	-0.0088243085	0.0266055735	0.0271474462	-0.056577704	0.0139153865	0.1180887814	0.0557160401	0.0443663298	-0.0173978471	-0.0113777817	0.0140728295	0.0107061584	0.0150784921	-0.0044378263	-0.0181724744	0.0510984451	-0.012587064	0.0231504844	0.0847987724	-0.1313613367	0.0690798611	-0.0064093457	-0.0115161909	-0.1089098456	0.0693982259	-0.0800818006	0.123295737	-0.0296689549	-0.0542887516	0.019320647	-0.0422336738	-0.0057283607	0.1007572629	0.0163231592	0.0010137467	-0.014263761	0.0476130656	-0.0325062309	-0.0366510892	-0.0168312997	0.0191156603	-0.0054002059	0.0713527103	-0.0643056178	-0.0095227243	0.0291179908	-0.0506291244	-0.1058296495	0.0499766338	-0.007087455	-0.0223911552	-0.0308904208	0.0213048613	0.0030152184	0.0007875145	-0.1007404442	0.0094013133	-0.0320563995	0.0677233436	0.000900181	0.0925067193	0.0496846112	0.0014227135	0.0066029091	0.0027068856	-0.0472564629	-0.0948341169	0.0152872	0.0677329434	-0.0232053814	0.0539159356	-0.0775665528	0.0191772348	-0.0073946148	-0.0373013647	-0.0884049609	-0.0447249736	-0.0862555062	-0.077980842	0.0367489682	0.0450060755	0.0049579709	-0.0024137589	-0.0137320961	-0.1550526423	-0.0371133117	-0.0348282381	-0.0044357209	0.0041688056	0.0362471491	0.0320540359	-0.0486672705	0.0098556261	-0.0792163469	-0.0235005468	0.0765245612	-0.0481554815	-0.032793333	-0.0253083442	0.0021873186	-0.010318067	0.0250617321	-0.0266183861	0.0287439917	-0.0558921918	-0.0158822669	-0.1019896251	-0.0078106252	0.0112780675	0.0366062594	0.0165344292	0.0815590168	0.081287294	0.0808350932	0.0802034182	0.0793936715	0.0784076511	0.0772475461	0.0759159322	0.0827256415894339	-0.0026063764189388	0.0068435317763834	6.793198037200284e-06	-0.0259692912337214	0.0124711461822784	0.0006744040871818	0.0001555294870997	0.0859990705360616	0.0052397986343208	0.0073958401330664	2.745548972823108e-05	-0.0019869524947127	0.0009731382083317	3.947980216245022e-06	9.469979725150312e-07	-0.001368028578393	0.0002870140929788	1.8715021912999727e-06	8.23770895685006e-08	0.0015361436057595	-0.0001779129162139	2.3597371775157983e-06	3.1653005755734214e-08	0.0	0.0	0.0	0.0	0.0	0.0	0.0	0.0	0.0	0.0	0.0	0.0	0.0	0.0	0.0
1923.6319284810784	1.3505313379116617	3700359.7962718327	1.8239348946814624	2261.3479073264384	-9.926647764263636	5113694.357969662	98.53833583576022	2172.149903285166	1.4173944860617669	4718235.202341757	2.0090071291183	2169.76268840286	1425.865282584256	0.979062	24.568758	0.0652939648962153	0.0268833139992408	0.0015785619	-0.0232397123	0.0329063977	-0.1106683786	0.0696898906	0.0668280141	0.0341945624	-0.0069110272	-0.0833247648	-0.0142348098	0.0141602709	-0.0447903873	0.0453162174	-0.0025300847	-0.079888241	0.0115766715	-0.0346500995	-0.003284332	0.0535281531	-0.039114072	-0.0065119087	-0.0044777114	-0.025114426	0.0684297813	-0.0269577136	-0.0169379757	-0.1158033956	-0.0465785018	0.0039253822	-0.0270602608	0.0380673323	-0.0495394449	0.0194561148	0.0093612461	-0.0592233046	0.0672731582	0.0043655565	0.0032590938	0.0269471437	-0.055396036	0.0664832522	0.0169547225	-0.0066615911	-0.0248061711	-0.0454741483	0.0252499628	0.0126688273	0.0381275249	-0.0078864788	-0.0032416359	-0.0320397952	5.01204e-05	0.1031400044	0.0183178782	0.0005596065	0.0214116686	0.085416799	0.0397372893	0.098842397	0.0100825037	0.0670578679	0.0981423457	0.0477971941	-0.0780353974	0.0815651169	-0.0322149031	0.0119279417	0.1197316819	-0.0364077539	0.0368039362	-0.039474008	0.0229960986	0.0483357125	-0.0729808115	0.0819386294	-0.0210652182	-0.0002258525	-0.0261390712	-0.0679631817	0.0164533971	0.0134674901	-0.0141957284	-0.0264294552	-0.0258579655	-0.0725497527	-0.035257457	-0.0400299171	-0.0015365731	-0.0730608061	-0.0246595928	-0.0066634912	-0.0396087341	-0.0286595766	-0.0272299147	-0.0448801172	-0.0051197299	-0.0403533746	-0.0594560045	-0.0026319648	-0.058728214	-0.0088740547	-0.0012076201	0.0479992181	0.0165052961	-0.0368559244	-0.0029740912	0.0468486152	0.0124544409	-0.0229453347	0.0889343315	0.014636255	-0.0117652928	0.0951902912	0.0036384183	-0.0412115902	0.0052253216	-0.0954279643	-0.0006450288	-0.0153133739	0.0487085172	-0.0240289642	0.0419871028	0.0482929202	-0.0003755553	-0.0298622428	0.0880702836	-0.0397727738	-0.0403719632	-0.0152795468	-0.024288862	0.0071382061	0.0440677519	0.0189955306	-0.0012843048	-0.0697667482	0.0282339278	-0.0158117095	0.0122672469	0.0190566594	0.0444263237	0.0879177021	0.081514268	0.0811085467	0.0804338397	0.0794923845	0.0782873035	0.0768225931	0.0751031108	0.073134559	0.0660380357472973	-0.0166876058421365	0.0043610221653613	0.0002784761887425	-0.0356406798773036	-0.0096713886435822	0.0012702580621164	9.353575829521075e-05	0.0777717252495051	-0.0082273452865564	0.0060484412482845	6.768921046422342e-05	-0.0021557597022652	-0.0001688072075525	4.647299893910544e-06	2.8495873321672933e-08	-0.0010799883123526	0.0002880402660404	1.1663747548182172e-06	8.296719486062443e-08	0.0013788385768736	-0.0001573050288859	1.9011958210748145e-06	2.4744872112793875e-08	0.0	0.0	0.0	0.0	0.0	0.0	0.0	0.0	0.0	0.0	0.0	0.0	0.0	0.0	0.0
1924.429607201928	0.7976787208497171	3703429.313075368	0.636291341696441	2271.320328683564	9.972421357125768	5158896.035491214	99.44918772405812	2169.542660122359	-2.607243162807208	4706915.354090801	6.797716910004934	2167.324263886586	1416.4636483181118	0.905963	22.7344	0.0431151690445792	0.026911555117693	-0.0069662347	-0.0321236861	0.0654776615	-0.0581134137	0.0462930053	0.0385636985	0.0309328522	0.033417344	-0.043676521	0.1102429326	0.0670543735	0.0599605335	0.0557068176	0.0258922448	0.0004325054	-0.0299951364	-0.0163752066	0.0071443244	0.0542187107	0.0160277397	0.0055207919	0.0665837879	-0.021305225	-0.0127406623	0.0552988257	0.0319194993	-0.1000053062	-0.0212684009	-0.0396131743	-0.0341307251	0.0170107436	-0.0169105594	0.0105281557	0.011225223	-0.05349062	-0.0602211207	-0.0371556499	-0.0393272696	0.0170853555	0.0480761126	-0.0236859129	0.0353307213	0.0202564767	0.0822617496	0.0438353502	0.0535426617	0.0544991708	0.0089063613	-0.046893217	0.0011002627	0.0201849646	0.0193540627	0.0208028385	0.0512374802	0.1413425721	0.0065500577	0.0158720057	-0.0010793454	0.0061792845	0.0155142657	-0.0023128407	0.0558455389	-0.0830250982	0.0015792595	0.0336086136	0.0120352973	-0.0895643392	-0.01518438	-0.0220890584	0.0390815015	-0.0315715402	0.0114311122	-0.0007310277	-0.1085185456	0.0042070928	-0.0319332899	0.0051974741	-0.054702704	-0.0193978402	-0.0258739933	0.0502954792	-0.0061652807	-0.0305544022	0.0558719444	-0.0408930518	0.0547601728	-0.0058389558	0.021596262	-0.0070784228	-0.0032622159	-0.0693193195	0.0263062936	0.0428940673	0.0400806028	-0.0810821448	-0.0050309127	-0.0151882156	0.0153912906	-0.0355221171	0.0769728073	-0.0306243533	0.0275093784	0.020077154	0.0398871944	-0.0351265021	-0.0211808041	0.008986914	-0.0545031073	0.024823882	-0.0461082644	0.0807361392	-0.0017414923	0.0719653278	-0.0682240188	-0.0576055454	0.0146725007	0.0224624511	0.005939588	-0.0051531025	0.0378738615	-0.0053032384	0.0119586107	-0.0196780921	0.0143846675	-0.0287966014	0.0769074124	-0.0249049725	-0.0988343274	0.0046427775	-0.0037287164	0.0165878141	0.0457753721	-0.0180227765	-0.0190966755	-0.0337161813	0.003677815	-0.012415118	-0.0131044545	-0.0294311201	0.0078050034	0.0148150551	0.0814605803	0.0808942224	0.0799532077	0.0786418943	0.0769663555	0.0749343514	0.0725552932	0.0698401994	0.0720953087346316	0.0060572729873343	0.0051977335415418	3.66905560430898e-05	-0.0274908683939685	0.0081498114833351	0.0007557478450544	6.641942721390068e-05	0.1028039343205549	0.0250322090710498	0.0105686489117849	0.0006266114909767	-0.0020882640177934	6.74956844718003e-05	4.360846608010633e-06	4.5556674223168245e-09	-0.0010799309771942	5.733515840008682e-08	1.1662509155036194e-06	3.2873203887630466e-15	0.0013688740864466	-9.964490426999902e-06	1.873816264545014e-06	9.929106946977268e-11	0.0	0.0	0.0	0.0	0.0	0.0	0.0	0.0	0.0	0.0	0.0	0.0	0.0	0.0	0.0
1922.9843939050445	-1.445213296883594	3697868.979202352	2.0886414734891474	2277.61329835834	6.292969674776032	5187522.336858758	39.60146732765075	2163.680697482778	-5.8619626395807245	4681514.160659562	34.36260598784021	2162.494100798601	1398.3473098329014	0.942599	23.653744	0.0619912433321873	0.0351752998646487	0.0026564058	0.0017325409	-0.0019939153	-0.0235909158	-0.0053619131	-0.0463405008	0.0480197827	-0.0043985296	0.00932631	0.0209321009	-0.009156521	0.0908645665	0.0314370868	0.0621540996	0.0568819059	0.0244596186	-0.0005960867	-0.0407519948	-0.058326412	0.0188146344	-0.0425449658	0.0518538891	-0.0527953788	-0.0435823265	-0.0632539111	0.0085844298	-0.0432833529	0.0198265361	-0.0227853105	0.1066121789	-0.0534409924	-0.0025451384	0.0817873207	0.0019823965	0.0162177086	-0.0539402602	0.0540841136	0.0089213282	0.0152837866	0.0161679525	-0.036141324	-0.0486361604	0.0409416643	0.0517446076	-0.0519125003	-0.0418670797	-0.0012526915	-0.0391836839	0.0317772499	-0.0662793205	0.0523945365	0.0119851294	0.1055555353	-0.0858931774	0.0419156107	0.0222599727	-0.0320462184	-0.0437321932	0.119697834	-0.0039600633	-0.0950043693	-0.0850292174	-0.047518131	-0.01865472	-0.0648088025	0.012664017	0.0222166406	-0.0760561144	-0.003045121	0.0115229867	0.0440924374	-0.0838703924	-0.0431792217	-0.102801083	-0.0169796297	-0.0294404543	-0.0011388983	0.0216740372	-0.0217486868	0.0252131189	-0.0162997965	-0.0347244718	0.0639607642	0.0527835441	0.0720458301	0.0702260753	0.0220635483	-0.0224820156	0.0428550267	-0.0896409918	-0.0110526303	0.0844232191	0.0056235171	0.0378751384	0.0122927954	0.025635623	0.0091241555	-0.0117034043	-0.0143598469	-0.0223969261	0.0075006348	-0.0734341746	-0.0601883784	0.005235233	-0.0113357405	0.0283298514	0.102350709	-0.0577983665	-0.0611577281	0.0094155138	0.0393169255	-0.0543028979	-0.0368465028	0.0073376549	-0.0120600473	0.0321691035	0.0529294452	-0.0023212344	-0.0014768307	0.0270080881	0.0225508261	-0.0560740713	0.0013666662	-0.0441429835	-0.0098685705	0.0229793094	-0.00581449	-0.1242486175	0.0198614773	0.0180656728	0.017814989	0.0295949166	-0.0077805243	-0.0259011783	-0.016381395	-0.0451422189	0.0217058177	-0.0348823094	-0.0118181947	0.0328280155	-0.1102447726	0.0813979594	0.0806444153	0.0793936715	0.0776534394	0.0754344479	0.0727503781	0.0696177779	0.066055961	0.0774096625923732	0.0053143538577415	0.005992255862665	2.824235692529296e-05	-0.0096152182826898	0.0178756501112786	9.24524226237722e-05	0.0003195388669008	0.0985370676278378	-0.0042668666927171	0.009709553696693	1.820615137341856e-05	-0.0015092030029277	0.0005790610148656	2.277693704045987e-06	3.353116589372943e-07	-0.0010791173416906	8.136355035999465e-07	1.164494237137387e-06	6.620027327183387e-13	0.0014796868894863	0.0001108128030396	2.189473290917641e-06	1.2279477317515325e-08	0.0	0.0	0.0	0.0	0.0	0.0	0.0	0.0	0.0	0.0	0.0	0.0	0.0	0.0	0.0
1923.414083948561	0.4296900435165298	3699521.738331682	0.1846335334972373	2276.81811615915	-0.7951821991900943	5183900.734070501	0.6323147299087948	2164.525979323988	0.8452818412097258	4685172.715168469	0.7145013910789041	2163.533170528132	1382.6226546045154	0.903653	22.676437	0.0307882660397298	0.0196422199609913	0.0056985696	-0.0069083982	-0.0125700889	0.0025935728	-0.0521554907	-0.0779554083	0.0217682538	-0.0149654792	-0.0098455427	-0.0409780115	-0.0206403516	0.0629800914	0.0325337589	0.031850252	0.0611061746	-0.0530586964	0.0027886422	-0.0410486789	-0.0287214157	-0.0218837621	-0.0519121021	0.0534512431	0.0047326875	0.0125052633	-0.0745238492	0.0401168464	-0.0403686132	-0.0049708806	0.0530654884	0.061018661	-0.0907901298	0.0161944808	-0.0037022075	-0.060068151	-0.0639644237	0.0450409477	-0.0126746161	0.0744782912	-0.0330789797	0.0754595767	-0.1017398922	0.0491072952	-0.0038742125	-0.0534274415	0.0489614826	-0.0690175331	0.0692628098	0.0683412489	-0.0120059399	-0.0037226466	-0.0114183335	-0.1126812056	-0.0218239258	-0.0346758492	0.0075795657	-0.0115929733	-0.0969664881	-0.0583826422	-0.0234026263	-0.0092228349	0.010075821	-0.0156920209	0.1115889438	0.0050345591	-0.0200248675	-0.0073942489	-0.0943310866	0.0546812619	-0.0014799312	0.0453993088	0.0090539438	-0.0862096262	-0.0492212766	-0.0308510602	0.0197854309	-0.0582763354	0.0511486528	-0.0006206378	-0.0930635623	0.0065390313	-0.0608140823	-0.0241761019	0.0078597436	-0.014798513	0.0553936494	0.0426294918	0.0209530765	-0.0532047409	-0.0636692577	-0.0131672423	0.0708185289	0.069419859	0.0450620124	-0.0757014464	0.0540228645	-0.058316485	-0.0641623477	0.042317131	-0.0011349283	0.0818910192	-0.0575919445	-0.0037892657	0.078690841	-0.063931354	0.0339289668	-0.0615680957	0.0888683113	-0.0100104752	0.0304338768	-0.0791260106	-0.0945127271	-0.0418597393	-0.0756245619	-0.0533025118	0.0649045685	-0.0054577125	0.0441717123	-0.0067225379	-0.0123027452	0.0321564351	-0.0100941057	-0.0070827516	0.0586182168	-0.0283155323	0.0004648397	-0.0337537173	0.0200160565	-0.0989083403	0.0211567755	0.0342622193	0.0203995424	0.0361335224	0.01390119	-0.0072463467	-0.0613895684	-0.0006176936	0.010184471	0.0216534742	0.0409414548	-0.0026894326	0.0119160297	0.0813264124	0.0803592349	0.0787557834	0.076528754	0.0736957799	0.0702792922	0.0663063423	0.0618083875	0.0796138042274776	0.0022041416351044	0.0063383578235711	4.858240347600726e-06	-0.0101461686723069	-0.000530950389617	0.0001029447387269	2.8190831623454977e-07	0.0861018226214795	-0.0124352450063583	0.0074135238587407	0.0001546353183681	-0.0012266873705773	0.0002825156323504	1.50476190513385e-06	7.98150825223464e-08	-0.0010789269946354	1.903470551998556e-07	1.1640834597529767e-06	3.623200142325685e-14	0.0015093394902537	2.965260076740004e-05	2.278105696839299e-06	8.792767322708133e-10	0.0	0.0	0.0	0.0	0.0	0.0	0.0	0.0	0.0	0.0	0.0	0.0	0.0	0.0	0.0
1924.1636714234744	0.7495874749133691	3702405.834425864	0.5618813825470007	2278.719852331913	1.9017361727628668	5192564.165411576	3.616600470794756	2169.0450185270724	4.519039203084503	4704756.292397108	20.421715319014623	2167.3731574932235	1377.724658542461	0.8740139999999998	21.932673	0.1139232807808137	0.0658638445121805	-0.0118098319	-0.0331112768	0.0491622661	0.050137741	-0.037641417	-0.0808688745	-0.014509717	-0.0094607745	-0.0242668123	0.0127217535	-0.0150962775	0.0235635872	0.0179893693	-0.0009306473	0.0180633089	-0.0151050659	-0.0139833701	0.0006628823	0.0264889074	0.0059561274	0.0172836637	0.0964933499	-0.0095897537	-0.0586659427	-0.0263528024	0.0778062053	0.0058510997	0.0329195321	0.0023351866	-0.0582103198	-0.0423109846	0.0125400848	0.0194263274	-0.0210456827	-0.0993919336	-0.0025620886	0.1105797011	-0.0303635998	-0.0366765814	0.0380924853	-0.0518994809	0.0124893523	0.1115332101	0.0293330441	0.0702381878	0.048924714	0.0295514654	0.0229889437	0.0219710357	-0.0285277255	0.0113427845	-0.0281062255	0.0137369585	0.0228261921	-0.037246919	-0.0955353487	-0.0170801572	0.0369111351	0.0907001501	-0.0441564245	-0.0388281889	0.0455265288	-0.0372647586	0.0175712993	0.0260055459	0.0367678607	-0.0329541318	0.013625003	-0.0181024036	0.0529414264	-0.051531231	-0.0404593549	-0.095183852	-0.0133394232	-0.0429776574	-0.073248874	-0.0249221349	0.0037678418	-0.0072174838	-0.0525111089	-0.0014055839	0.0081646853	-0.0368242005	0.0002404835	0.0293545664	0.0317822889	-0.0403859805	-0.053861415	-0.0242941131	-0.0706049213	0.0619479247	0.0233934675	0.0978164732	0.0454755337	-0.0325395424	0.0182272548	-0.0361270623	0.0499706441	0.0369426555	0.0351548495	-0.0477506406	-0.0914425538	0.0570493035	0.0338782187	-0.0512239211	0.0089178813	-0.0504345937	-0.0174833963	0.034449607	-0.0374130347	-0.0141744489	-0.0633933345	0.047151037	-0.0282937467	0.0027883284	0.0367383888	0.0398318499	-0.0005945316	-0.0042987924	0.0181181669	-0.0077477957	0.0204163429	0.0085528736	0.0362471022	0.0092375623	-0.0571558019	0.0435073815	-0.0466219305	0.027246776	0.0407645051	-0.003048272	0.0024847334	-0.0065846072	-0.0192997274	-0.0350574309	-0.0186256278	0.0118470776	0.0322826343	0.0261519044	0.0293115552	0.0690563257	0.0812459471	0.0800388062	0.0780401729	0.0752698111	0.0717551168	0.0675308461	0.0626387723	0.0571272725	0.0688019934313075	-0.0108118107961701	0.0047337143001216	0.0001168952526921	-0.0186442786723119	-0.008498110000005	0.0003476091272108	7.2217873572185e-05	0.0332230760939609	-0.0528787465275186	0.0011037727851451	0.0027961618343215	-0.002014662806342	-0.0007879754357647	4.058866223257824e-06	6.209052873685691e-07	-0.0010800684359495	-1.1414413140999231e-06	1.1665478263343991e-06	1.3028882735341593e-12	0.0015549148823173	4.557539206360008e-05	2.4177602912518238e-06	2.0771163617508612e-09	0.0	0.0	0.0	0.0	0.0	0.0	0.0	0.0	0.0	0.0	0.0	0.0	0.0	0.0	0.0
1929.7216560387944	5.557984615320038	3723825.669785108	30.89119298413423	2283.773760246508	5.053907914595129	5215622.587990475	25.541985209207287	2170.381931805059	1.336913277986696	4710557.7299058605	1.7873371128571325	2167.285115112049	1388.367258846618	0.948235	23.795181	0.1000874034153139	0.0431618319768968	0.0259847782	0.0042561591	-0.0011404189	0.0501373109	-0.0572639773	-0.0566190179	-0.0545728735	0.026431065	0.0324826309	0.0141813353	-0.0236580408	-0.0139396535	-0.0198470875	0.0623746598	-0.025211538	-0.02697549	-0.0290782397	-0.0182003224	0.0206651339	0.0372948285	0.0036604709	0.0194121885	-0.0267486944	-0.0183580435	0.0027552414	0.0263430706	0.062860682	0.0458771702	-0.0333683311	-0.0155178893	0.0340923224	0.0701199083	-0.0783108583	0.0021860177	-0.0258818227	0.0829941554	-0.0315168378	0.081487454	-0.0864189256	-0.0538114288	-0.0298601848	0.055705097	0.0511847087	-0.0042025896	0.1509696509	-0.0567145127	0.0236108304	-0.023692427	-0.0333935381	-0.0363100908	-0.0328205153	0.0008330806	0.0446593936	-0.0424653341	0.0315648023	-0.0178193567	0.0187002803	-0.0065116992	0.0597028702	-0.0063325209	0.1415814541	0.0183039751	-0.0631175672	-0.0688163778	0.0319901745	0.0204870122	-0.0402436526	0.079172314	-0.0269856292	0.0277409405	-0.0089256975	-0.0003799486	-0.0264829332	0.0588150284	-0.0928751019	-0.0014055794	-0.0321922664	0.0513753573	0.0301942197	-0.0557004355	-0.0079116675	0.0590902222	-0.0007422761	0.0305639373	-0.0684777115	-0.0537715593	-0.0403219463	-0.0031651926	-0.0136392841	0.029638116	0.0025912922	0.1116883545	0.0106668029	-0.0018780243	0.0446472765	-0.0893001918	-0.0482355308	-0.0348906098	0.0440106965	0.0300137075	-0.0336708815	-0.0406482849	0.061368484	0.0284533077	0.0834581738	-0.0492819709	-0.0171967425	-0.1119941608	-0.0441440004	0.0712880683	-0.0216170721	0.0425684787	0.076893947	-0.0335164799	0.0370606874	-0.0865542849	0.0450767864	-0.0050144341	0.0325321345	-0.005371351	0.0338660307	-0.0359858725	-0.0602243782	0.0250365928	0.0125734784	-0.0846371401	0.0278484849	0.022391951	0.0141144861	0.0024333997	0.0017012864	-0.0235719847	-0.017761099	-0.0071699037	-0.0104108284	-0.0589661061	0.0373025529	0.0387286953	-0.026428136	0.0362217554	-0.0177167956	0.0811565722	0.0796832699	0.0772475461	0.0738788195	0.0696177779	0.0645158866	0.0586347667	0.0520454508	0.0468138199941137	-0.0219881734371937	0.0021915337424412	0.0004834797711041	-0.0021635548962422	0.0164807237760697	4.680969789053597e-06	0.0002716142561831	0.0205096589616005	-0.0127134171323603	0.0004206461107211	0.0001616309751813	-0.0016985568638384	0.0003161059425036	2.885095419692541e-06	9.992296688608929e-08	-0.0006980832208727	0.0003819852150768	4.873201832640028e-07	1.459127045372692e-07	0.0012749042585039	-0.0002800106238134	1.6253808683513791e-06	7.840594944836943e-08	0.0	0.0	0.0	0.0	0.0	0.0	0.0	0.0	0.0	0.0	0.0	0.0	0.0	0.0	0.0
1924.717319439661	-5.004336599133467	3704536.759750994	25.04338479742671	2277.6086596864643	-6.165100560043811	5187501.206678772	38.008464915452514	2162.0823891450937	-8.299542659965482	4674600.257451356	68.88240836458691	2163.130605669641	1371.436473266529	0.924122	23.190083	0.0746590062356306	0.0397679813455308	-0.0129267481	0.0183253898	-0.0764706591	0.0091211158	-0.082753571	-0.0709460133	-0.0191315428	0.0396339219	0.0419200957	-0.0680839297	-0.0015632076	-0.0246167997	0.0165450456	0.0422116444	-0.0928328445	0.0300275519	0.022058534	-0.0483442504	-0.0563427416	0.0461635073	-0.0256530535	0.0327792647	0.0188488381	0.114861501	0.0630625435	0.0117926363	0.0444081142	0.1355965693	-0.0399773554	-0.0305255832	-0.0629127566	-0.0529599397	0.0254644519	0.0167260631	-0.0658304923	-0.1461760276	-0.0365197729	0.0714722724	0.0176400241	-0.0765482503	0.0253059573	-0.0821279498	0.0598004426	-0.0023308257	-0.0840167023	-0.0066526877	0.005043324	0.0302820768	0.0137890925	-0.0729797595	0.0243610825	-0.0033024766	-0.1829124554	0.0143379459	0.0042782807	0.0914130206	-0.0054858753	-0.0008895702	-0.0381616822	-0.0349480181	-0.0554220814	-0.007161092	-0.0099604585	-0.0151433397	-0.0123940574	0.0474731811	-0.0241908456	0.0056437309	0.0173744897	0.0320501571	0.0476676121	-0.0417730045	0.0100463687	0.0858610658	-0.0968113424	-0.0437175689	-0.0217441268	0.0398936875	-0.0734678948	0.0836238846	0.0283565731	0.0321675682	-0.0266231848	0.1241401283	-0.0385728149	-0.0591232798	0.0196863862	-0.0846624713	-0.0260327682	-0.0054008249	-0.0858839413	-0.0697280188	0.0645426953	0.0573238515	0.085069237	0.0918900841	0.0219843781	-0.0285981304	-0.0200071798	0.0066681928	-0.0430999023	-0.018987974	-0.0627602565	-0.0737783845	-0.047867626	0.0102369952	-0.0389537954	0.0668157662	-0.0486867661	-0.0677983854	0.0623003595	-0.0217446963	-0.00376601	-0.0420183569	0.0665262242	0.0117666938	0.0698052637	-0.0114646792	-0.0151562337	0.0030318818	0.0386958138	-0.041800119	0.0596308181	-0.0360275968	0.0096370156	-0.0938862332	0.0153943968	0.0182567332	0.0311410283	0.0516986682	-0.0274699937	-0.0622263923	0.010031985	-0.0299344865	-0.0400894276	-0.0502083449	0.0801174434	-0.0094057982	0.0395766573	0.0323082165	0.0262266104	0.0810582975	0.0792927819	0.0763786853	0.0723582192	0.0672896215	0.0612463124	0.054315831	0.0465985677	0.0555617178880538	0.0087478978939401	0.0030871044946716	7.652571756280163e-05	0.001822304482772	0.0039858593790142	3.3207936279309264e-06	1.5887074989275462e-05	0.0379791049710718	0.0174694460094713	0.0014424124144036	0.0003051815438778	-0.0010291517364277	0.0006694051274107	1.05915329659215e-06	4.481032246037357e-07	-0.00060908932589	8.899389498269992e-05	3.7098980691313466e-07	7.919913344191823e-09	0.0011441872218332	-0.0001307170366706	1.3091643986063766e-06	1.7086943675969112e-08	0.0	0.0	0.0	0.0	0.0	0.0	0.0	0.0	0.0	0.0	0.0	0.0	0.0	0.0	0.0
1930.343879618376	5.6265601787149535	3726227.493580123	31.65817944470085	2284.232373786695	6.6237141002307	5217717.537455199	43.87358848159499	2170.906620918019	8.824231772925486	4712835.556745692	77.86706638230767	2169.796707601168	1392.3596782656011	0.872402	21.892206	0.081713329427523	0.0426064710257192	-0.0296502556	-0.0133234595	0.0301953977	0.034562619	-0.0591077705	-0.0821275039	-0.0305091575	0.00478853	0.001467618	-0.000688652	0.0378942947	-0.0358533587	-0.0131228058	0.0004823276	-0.0047079646	-0.0021124728	-0.010208639	-0.0148953174	0.0617562284	-0.0148672145	0.0047648633	0.0047098726	-0.0340226671	-0.0374623381	-0.0085914097	0.0206286848	0.0542746835	0.072810872	0.0151617911	-0.0177300568	-0.012257146	0.0203099744	-0.0074657631	0.0290784922	-0.0159638658	0.0469032454	0.019309961	-0.0363086874	0.0487185905	0.0704893735	0.067657233	0.0166521683	-0.1224018231	-0.0828811403	0.0858159638	0.0029962464	0.0255735883	-0.0040801238	-0.002728569	0.0443806578	-0.0142790781	0.026058756	-0.0663252433	-0.0574693964	0.0312813676	0.0281209216	-0.094789561	0.018535361	0.0395235314	-0.0671785072	0.0128328005	0.0089991501	0.0121943844	0.0123026037	0.0548612497	0.0153254506	0.0302107453	-0.0558648419	-0.0085483633	0.0650514808	-0.0542177478	-0.0141869286	-0.026797075	0.0430784916	-0.0443698295	0.0059287933	-0.0713635418	0.0048372951	0.0067791726	-0.0099394667	0.0169462491	0.0570036853	-0.0139392607	0.0007820211	0.0492425214	-0.0236045862	-0.0378483685	-0.0018403977	0.033200845	0.0333481192	0.0176913446	-0.0186128482	0.028200468	-0.0716169082	-0.0361001402	-0.0704536497	0.0816249843	0.0009794184	0.0815571596	-0.0127112479	0.0863513053	0.0800553399	-0.0244752736	-0.0395704881	0.0147306167	0.0323184228	-0.0015929396	-0.0567379916	0.0184838286	-0.0656640077	-0.0319108558	-0.0577770369	0.0067077358	-0.0011496948	0.0868892485	-0.0247112472	0.0074242838	-0.0077924142	-0.0206995202	0.0032009214	-0.0128413531	0.0374405884	0.0420039348	0.0514239672	0.0032135449	-0.0779862059	0.0140707837	0.0436262493	0.028130222	0.0570054901	-0.0322233047	-0.0622852129	-0.0028277248	-0.0272564388	-0.0067791063	-0.0063163319	0.046206371	-0.0119083565	0.012421035	0.0074889466	0.0572747129	0.0809511339	0.0788675135	0.0754344479	0.0707106781	0.064777029	0.0577350269	0.0497051625	0.040824829	0.036505921545114	-0.0190557963429398	0.001332682307858	0.0003631233742635	-0.0002587395075579	-0.0020810439903299	6.69461327713046e-08	4.330744089688193e-06	0.0079077856110885	-0.0300713193599833	6.253307327093831e-05	0.0009042842480501	-0.0007747250800062	0.0002544266564214	6.00198949590613e-07	6.473292349782397e-08	-0.0006573242398115	-4.823491392149997e-05	4.320751562437664e-07	2.326606921014512e-09	0.0008367453974908	-0.0003074418243424	7.001428602220369e-07	9.45204753549832e-08	0.0	0.0	0.0	0.0	0.0	0.0	0.0	0.0	0.0	0.0	0.0	0.0	0.0	0.0	0.0
1931.6832900084755	1.3394103900996015	3731400.332897968	1.7940201931067667	2279.903689297763	-4.32868448893214	5197960.83247355	18.737509404721703	2169.672077404503	-1.2345435135162006	4707476.923468771	1.5240976867649254	2169.4156421845314	1409.0563527399456	0.828955	20.801937	0.0658705713393342	0.0322890049900959	-0.0334749156	-0.0141014236	0.0475918842	0.0396262975	-0.0436537597	-0.0678709199	-0.0176888255	0.0342608828	0.0164914058	-0.0027600589	0.091258941	-0.0312220674	-0.0393181373	0.0294840688	-0.0420971448	-0.0707062501	-0.0241573895	-0.0010203698	0.042028053	-0.0160762427	0.0409066969	0.0287777905	-0.0214589274	0.0111469363	0.0095061381	0.0241994011	0.089641374	0.0824378206	-0.0166488343	0.0318721495	0.0085641699	0.0036975024	-0.0388127443	0.0105125196	0.094425025	-0.0718097033	0.003914979	0.0152154858	-0.0335808649	0.1414828256	-0.001345932	0.0397078451	-0.0759653907	0.0300211615	0.0844936463	0.0391896989	-0.0087045411	-0.0804061574	-0.0225539793	0.1179394632	0.0404586928	0.1533566431	-0.0367003187	-0.0392610007	-0.0185859516	-0.0767453223	0.0354716739	-0.0128742979	0.0093019966	-0.056199588	-0.0969733499	-0.0107638996	0.0010718984	0.0369624395	-0.1069865808	0.0129513547	-0.0561620237	-0.0299279105	-0.0254107802	0.0333697189	-0.035057607	0.023338601	0.0055005663	0.0535845075	-0.0389592698	-0.0327685091	-0.0816416869	0.0566133709	0.028115674	0.0182368948	0.0092194509	0.040862834	-0.0042701984	0.0387882367	0.0710366171	0.0740317035	0.0174737916	0.064586414	0.057178915	0.022596306	-0.0324142651	0.0288217459	-0.0128337072	-0.065847024	0.0241142511	-0.0270670638	0.1070875481	0.092663585	0.0070335704	0.0526141691	0.1025724487	0.0626721839	-0.0905315818	0.0320593693	0.0037499048	0.056979651	-0.059166025	-0.1038896885	0.0618440919	-0.0040812367	-0.002462165	-0.0575425327	-0.0241872269	-0.111083614	-0.0506858844	0.0629800543	0.0037311645	0.0002565008	-0.0076314602	-0.0102901185	0.0094070212	0.0091914655	-0.0411691156	0.0681759955	-0.0026231986	-0.0686580458	-0.0075560877	0.0631108351	0.0380486383	0.0329822327	-0.0390905526	-0.056877569	0.0047078939	-0.0563266768	0.0327255828	-0.0188261771	0.0410382916	-0.0389675606	-0.051315875	0.00242342	0.0184328489	0.0808350932	0.0784076511	0.0744157659	0.0689390864	0.0620868871	0.0539958877	0.0448275254	0.0347647336	0.0313115589328703	-0.0051943626122437	0.0009804137228066	2.698140294747521e-05	0.0066870446823656	0.0069457841899235	4.471656658395405e-05	4.824391801299126e-05	0.0232341820635255	0.015326396452437	0.000539827216161	0.0002348984282172	-0.0011308594686948	-0.0003561343886886	1.2788431379366857e-06	1.268317028066029e-07	-0.0004328677007665	0.000224456539045	1.8737444636687617e-07	5.0380737920059627e-08	0.0006492557635298	-0.000187489633961	4.215330464766636e-07	3.515236284282977e-08	0.0	0.0	0.0	0.0	0.0	0.0	0.0	0.0	0.0	0.0	0.0	0.0	0.0	0.0	0.0
1925.5397556987268	-6.143534309748702	3707703.350776312	37.74301381505946	2269.164314038826	-10.739375258936889	5149106.684107295	115.33418095226575	2163.321803232698	-6.350274171804813	4679961.224341973	40.3259820570913	2162.249288243068	1403.5048004431285	0.876711	22.000338	0.0547294312673791	0.0267624618194691	-0.0127211294	0.0165196266	-0.0205872593	0.0071820739	-0.0394818658	-0.0309500364	-0.0234678525	0.0127454897	0.0608574862	-0.0416944236	0.0494244369	0.0037490456	-0.0131115698	0.058731272	0.0139090455	-0.0237119589	-0.0005805858	-0.0049660784	-0.076270968	0.0398604258	0.0252365887	-0.0004409361	-0.0152969301	0.0739854791	0.0151118599	-0.0698459661	0.0394150868	0.0622853059	-0.035464464	-0.0360862186	-0.0212144801	0.0333066718	0.0309884543	0.0192837568	-0.0161592274	0.0070561125	0.063574861	0.1031167418	0.0239652081	-0.0029430122	-0.0411605421	0.004680895	0.039653276	-0.0341530206	-0.0886142243	-0.058041894	0.0417303737	-0.0859487478	-0.0462450286	0.140020384	-0.0943502362	0.0025038463	0.0564484794	-0.0117262391	0.0527067283	-0.0568732964	-0.0670013905	0.0040616904	-0.1014885735	-0.0315791185	0.0814999963	-0.128204575	-0.0197413097	0.0364067007	0.0271278525	-0.0764064187	0.0153780265	0.0353776119	-0.0062423225	-0.0306207031	0.0662712242	0.0292958533	0.0075815834	0.0700223998	-0.0753560582	-0.0274289705	-0.0643221877	0.0339617897	-0.0062912156	0.0922564124	0.0243106004	0.02453384	0.0137600414	0.0106105958	-0.0070563545	0.0334947702	-0.0223580519	-0.0278246539	-0.030585458	-0.0564696485	0.0240854833	0.0349103298	-0.0350265813	0.0295797439	0.0812590554	0.0667589731	-0.0445072464	-0.0108486185	-0.0139427611	0.0010207285	-0.0010165222	0.0471980038	-0.0120522692	-0.0611038297	0.1356737759	0.0704119208	0.0774279235	-0.0719539142	0.0396005674	-0.078238365	-0.1334507628	-0.0297798367	0.0520726759	0.0076879571	-0.0378627497	-0.1322161618	-0.0889888611	-0.0004447754	-0.0079349672	-0.0130044492	0.0388957584	-0.058901113	-0.0304071309	-0.0020972619	-0.0110337403	-0.0650475836	-0.0306512757	0.0803946902	0.0438498221	0.0469384094	-0.0364621156	-0.0355924454	-0.0066331054	-0.0318085086	0.0545912648	-0.0673536002	0.0649348114	-0.0444800552	-0.0234824904	0.017319808	-0.0346707657	0.0807101879	0.0779133966	0.0733236445	0.0670465522	0.0592265694	0.0500436514	0.0397091175	0.0284607885	0.0404006259638265	0.0090890670309562	0.001632210578269	8.261113949321499e-05	0.0024683932882254	-0.0042186513941402	6.092965425356202e-06	1.7797019585281052e-05	0.0378630244429132	0.0146288423793877	0.0014336086199646	0.0002140030293609	-0.0008564390854068	0.000274420383288	7.33487907012436e-07	7.53065467639329e-08	-0.0001927688824439	0.0002400988183225	3.7159842038670144e-08	5.764744255990888e-08	0.0006279175558825	-2.133820764729994e-05	3.942804569854526e-07	4.553191055992896e-10	0.0	0.0	0.0	0.0	0.0	0.0	0.0	0.0	0.0	0.0	0.0	0.0	0.0	0.0	0.0
1923.925118643621	-1.6146370551057316	3701487.862147872	2.6070528197205096	2286.426681056167	17.26236701734115	5227746.96784552	297.9893150413876	2164.965511214151	1.6437079814527351	4687075.664746749	2.701775928291425	2164.823797133984	1397.587647329317	0.904723	22.703281	0.0318022235870646	0.0176961375383709	0.0008724644	0.0244895253	-0.0670080692	-0.0127516898	-0.0611243512	-0.056249731	0.0076604924	0.0259691521	0.0150566052	-0.055883911	0.044234556	-0.1169547923	-0.028997431	0.0165435464	0.0144286865	0.1402970549	0.0035770129	-0.0268665104	-0.009532864	-0.0141771863	-0.0609524558	0.0060769567	0.031034185	0.066100387	0.0311083799	0.0102351565	0.0509439818	0.0542311274	0.1216335417	-0.0267267539	-0.0192598567	0.0036851465	-0.0414115158	-0.0006814541	0.0415436395	-0.1070647024	-0.0752922254	-0.0954392417	-0.0110648903	0.0284565935	-0.0003317579	-0.0159174326	-0.0249209005	0.0479136955	0.0824345157	0.0196770845	0.0085530974	-0.0666383166	-0.0539299911	0.1283615288	0.0060705676	-0.037448836	0.039012516	-0.0065863582	-0.0826519776	0.0033774305	0.0715529604	-0.0294207829	0.0352963222	-0.0089772805	-0.0456606782	-0.0565971137	0.0808291876	0.0310164592	-0.0062215845	-0.0624681296	0.0827337862	0.0032480576	-0.0004994382	0.0118348108	0.0205269056	-0.0239510384	0.0671482899	0.1128929202	-0.0194203722	-0.0298847417	0.0252910073	0.0342375862	-0.0140500698	0.0599191248	0.0065444742	0.0100585706	0.0855766481	-0.0679679584	0.0810267087	0.0167307083	0.0282277869	0.00594744	0.0185766518	0.0511718958	-0.1107896119	0.0097184609	0.0300264463	0.0542406508	-0.047519697	-0.0051623661	0.0907550422	0.032331959	0.0060057885	0.0438925913	0.0034714634	-0.0102205094	-0.0262312262	0.0995751683	0.0389035546	0.0165443247	0.0238842476	0.0486576951	0.0622070667	0.0307655535	-0.1090389099	-0.0769622873	-0.037363335	-0.0285553589	-0.0349662845	0.0546663732	0.0126734505	-0.0035423875	-0.0083792447	0.0021925592	0.0056751165	-0.0186791491	0.0645804289	-0.0230448545	-0.0151874165	-0.0515377826	-0.0249563272	0.0863849121	0.0176795606	0.0231788871	0.0008452409	-0.0282843125	0.0485470477	-0.0346074539	-0.0219762031	-0.0237640302	0.0884042225	-0.0590601809	0.005607975	0.0290874112	-0.0132315833	0.0805764318	0.0773849666	0.0721591615	0.0650363955	0.0562039158	0.0458939156	0.0343774302	0.0219572114	0.0293059686735546	-0.0110946572902719	0.0008588397998953	0.0001230914203885	0.0088920674825772	0.0064236741943518	7.906886411470683e-05	4.126359015518126e-05	0.0378665608534092	3.536410495996733e-06	0.0014338764308649	1.2506199196195863e-11	-0.0008563893442768	4.974112999993949e-08	7.334027089908475e-07	2.4741800136708797e-15	-0.000402236443084	-0.00020946756064	1.6179415614486798e-07	4.387665896051396e-08	0.0005518277438137	-7.60898120688e-05	3.0451385884251856e-07	5.789659500665303e-09	0.0	0.0	0.0	0.0	0.0	0.0	0.0	0.0	0.0	0.0	0.0	0.0	0.0	0.0	0.0
1923.0683924072985	-0.8567262363226291	3698192.041875991	0.7339798440035373	2267.677371863163	-18.749309193004137	5142360.662860222	351.53659521486946	2162.927290811024	-2.0382204031270703	4678254.465335115	4.154342411723477	2162.126868641851	1400.6933297635258	0.930212	23.342909	0.0390305383473261	0.0200288339912751	-0.029060126	-0.0236412116	0.0557357886	0.0180504652	-0.0073413861	-0.0516422393	-0.0451838977	0.0091061857	-0.029335094	-0.0504414232	0.1302012753	-0.0808971675	0.0303862524	-0.0147795619	0.0966099857	0.0449135314	0.0094168203	0.0001236207	-0.0672910718	0.019278735	0.0124415426	-0.0112051499	-0.0106030014	0.0709963895	-0.0351979748	0.1030767526	0.0237184969	0.0155171717	0.0280041101	-0.0588347803	0.0144631281	0.021237751	-0.0026577673	-0.0115474098	0.0015432907	0.083162891	0.0105247652	0.0210261305	0.0032153297	-0.0135573861	-0.0126914946	-0.013199472	-0.0408973614	-0.0741007698	0.0820393513	0.0179676649	0.0039282286	-0.0102886572	-0.0005310059	-0.0405501681	-0.0305392702	0.0295147943	0.0414453172	-0.0260046157	-0.0313050278	-0.0102159698	-0.0140749318	0.0120158672	-0.0571549856	0.0603850743	0.0449533175	0.0520712569	-0.0868192881	0.0093878762	-0.0108580474	0.0169968278	0.0271594807	-0.0896124658	0.0047014201	-0.0225482571	0.0425219152	0.0517015383	-0.0005547468	0.0564851955	-0.0216019972	-0.0547175481	-0.0161642818	0.0547536141	-0.1143303735	-0.0064489441	-0.0198522626	0.061738278	0.0209337593	-0.0674500773	0.0519092444	0.0571339179	-0.0439161188	-0.0019842438	-0.023602206	0.0091499541	0.0388069342	0.0785182523	-0.0562529072	0.0242023052	-0.0386001612	-0.0401768004	0.0377596028	-0.0297458487	0.0431270834	-0.0161179016	0.0648130292	-0.0045063284	0.0480277795	0.0420354901	0.0336678306	-0.0056165822	-0.021464286	0.0151335114	-0.0504076478	-0.0154797131	0.0113552863	0.1064042646	-0.0498318629	0.0847962601	-0.0280545075	-0.0225924872	-0.060896953	0.0028564428	-0.0219670074	-0.0024970196	-0.021354485	0.0518407118	0.0129096792	0.0691035395	-0.0299659595	-0.0057306952	-0.0262749112	0.0924862362	0.0253407311	0.0235957517	-0.0054676361	-0.0146466109	0.0164767844	-0.0679501165	0.0360269904	0.0044589162	0.0532415406	-0.019672535	-0.0269138607	0.0005874717	-0.0073694559	0.0804338397	0.0768225931	0.0709234662	0.0629121428	0.0530272111	0.0415630576	0.0288611001	0.0152996203	0.0365791057935496	0.007273137119995	0.0013380309806556	5.28985235662492e-05	0.0110262326993222	0.0021341652167449	0.0001215778075396	4.554661172364228e-06	0.0219479955218631	-0.0159185653315461	0.0004817145074277	0.0002534007222147	-0.000672914503406	0.0001834748408708	4.5281392889414354e-07	3.3663017232565406e-08	-0.0003116854012421	9.055104184189996e-05	9.714778934744888e-08	8.199491178653521e-09	0.0005518952746818	6.75308680999926e-08	3.045883942160995e-07	4.560418146338599e-15	0.0	0.0	0.0	0.0	0.0	0.0	0.0	0.0	0.0	0.0	0.0	0.0	0.0	0.0	0.0
1922.699041069673	-0.3693513376254032	3696771.602530241	0.1364204106056745	2253.4825712261777	-14.194800636985292	5078183.698820145	201.49236512375805	2165.440190410859	2.5128995998352366	4689131.218246617	6.314664398852092	2161.5199347282105	1388.9894823722204	0.906261	22.741882	0.0487830503945598	0.0295500220605375	-0.0069800835	0.0106217087	-0.0055863554	0.0138106213	0.0086329831	0.0281846634	-0.0592579978	0.0206132364	-0.0025182907	-0.0743486317	0.0156762896	-0.0072793011	0.0161318569	0.0314867577	0.1456764638	0.0068373161	0.0083419177	0.0021994965	-0.0146604704	0.059098211	0.067899229	-0.0668494134	-0.0397579997	0.081328339	0.0278323916	-0.0979615515	0.0553962595	-0.0052106264	-0.0823086473	-0.0645262663	-0.0443978273	-0.0130530831	0.0691796797	-0.0834979077	0.1230759507	-0.0214841121	-0.0161393301	0.0391173229	-0.0018025929	-0.0358724223	-0.0888574236	0.0739680106	-0.0658540225	0.0666304393	0.004585468	-0.0182695387	-0.0065834524	0.0729313816	-0.0243364027	-0.0851389839	0.1013067809	-0.0995626368	0.0505496228	0.0664286882	-0.0739561308	-0.0874479089	-0.1258958083	-0.0505393571	0.0863984816	0.0532992197	0.0332242249	0.0476203858	0.0406473785	-0.065601313	0.0112118706	-0.108181703	0.009878757	-0.0318150654	0.0113125714	-0.0410660707	0.0395857851	0.0954288179	0.0400153122	0.0352826065	-0.0277780996	0.0174761908	-0.025696982	-0.0015333046	0.0540682069	0.0431829629	-0.0674019732	-0.075380236	1.8515e-05	-0.0627543152	-0.0644270157	0.1703933533	-0.0147138261	-0.06468454	0.0135136157	-0.0633242697	0.0106289545	0.002138257	-0.1330730112	-0.0107462512	0.0423603412	-0.0105169627	-0.026479755	-0.0005773817	-0.0418616905	0.0557732564	0.0640179542	-0.14271289	0.0119287151	0.0325636126	-0.0392927983	-0.0113160744	0.0418052126	0.0121756895	-0.0043675811	-0.1019528802	0.0788602993	0.0937039926	-0.0725670566	0.0194728273	0.1201900367	0.0278672557	0.0199621308	0.0003256389	0.0079048572	-0.0240564497	0.0363511727	-0.0374126587	-0.059827105	0.0075937976	-0.0126945984	0.0109521758	-0.0390788093	0.0905414685	0.0116177741	0.0121933446	-0.0005984634	-0.0060966111	0.0123375386	-0.0459549379	0.0583251414	-0.039051506	0.0423700114	0.007156619	-0.0250323427	0.0090794664	-0.1003418327	0.080282427	0.0762265226	0.0696177779	0.0606775209	0.0497051625	0.0370681691	0.0231897558	0.0085347133	0.0436534239764938	0.0070743181829441	0.0019056214248715	5.0045977753534895e-05	0.0121631622881608	0.0011369295888386	0.0001479425168481	1.2926088899767108e-06	0.0437910007998851	0.021843005278022	0.0019176517510555	0.0004771168795756	-0.0008359726540991	-0.0001630581506931	6.988502784014936e-07	2.658796050745372e-08	-0.0001002304893107	0.0002114549119314	1.0046150987462349e-08	4.4713179779916133e-08	0.0005519581589524	6.28842705999947e-08	3.046578092341229e-07	3.954431488893358e-15	0.0	0.0	0.0	0.0	0.0	0.0	0.0	0.0	0.0	0.0	0.0	0.0	0.0	0.0	0.0
1921.6722441975328	-1.0267968721402667	3692824.214119182	1.054311816637035	2257.083072084369	3.600500858191481	5094423.994289814	12.96360642983759	2169.4351723482187	3.9949819373596256	4706448.967021545	15.959880679829668	2165.127406762081	1376.8700862236658	0.939521	23.576504	0.0700899567905395	0.0328660016580082	-0.0199668064	0.0199336158	-0.0557180972	-0.0268739581	-0.0109488068	0.0436280874	-0.0543982793	0.0344342406	-0.046818131	-0.1196989292	-0.0368555874	0.0031695666	0.0115919922	-0.0413777304	0.0983940514	-0.0079179878	-0.0201820298	0.0278859079	0.0377649155	-0.005535773	-0.0387831685	-0.0159165981	0.0078418583	0.0538184881	0.0491229776	0.0707759049	0.0570275987	-0.041093326	-0.0684926864	-0.0437740047	-0.0097739033	-0.0247180727	0.0560199715	-0.0497183259	-9.9147e-06	0.1395100744	0.0831442538	-0.1095154319	-0.0427955902	0.011589987	-0.086162363	0.0604638371	-0.0317405764	0.085346883	0.0707862045	-0.0147884237	0.026005326	-0.0393171827	-0.0607347385	0.0213440323	0.0073257756	-0.0077394425	0.036130216	0.0195715463	-0.1085490502	-0.0212624025	0.0392778088	-0.0608209732	-0.0111219824	0.0211796442	0.0185775122	0.0324724571	-0.0328445393	-0.0107907926	0.1081653693	-0.0324710006	0.015013137	-0.0288688966	-0.0104251185	-0.0320097916	-0.0261299267	0.0389979154	0.0880021261	0.0649322163	0.0093208002	-0.0128060599	0.0431216697	0.0259608468	0.0012361914	-0.0928976239	-0.0081153498	-0.0230265321	-0.0009460268	-0.0338093469	0.0314294246	0.101419411	-0.0519529669	-0.090317755	-0.0002152304	-0.034916537	0.0811440251	0.1003764996	-0.07002433	-0.0019558288	-0.1395902223	-0.0431190135	0.0074253008	0.0068891811	-0.036378567	-0.0481505311	0.0146492409	-0.0219109562	0.0168634609	0.0324428222	-0.0685524105	0.0128818139	-0.0438871032	-0.0038371545	0.0643779761	-0.0270666676	-0.0149558265	0.0870389655	0.023183056	0.0077826436	0.007705682	-0.0068322527	0.0003236842	-0.0051652032	-0.0234909053	-0.000223575	0.006588495	-0.0153785361	0.0708356313	-0.0315903213	-0.0257539001	0.0045767202	-0.0193947364	0.0784410636	0.0064836125	0.019107977	0.0179694129	-0.0182380151	0.0469690755	-0.0152632934	0.011253591	0.0100889448	0.0545368799	-0.0022811199	0.0649405276	0.0286640363	-0.0410474101	0.0801222105	0.0755970167	0.0682433853	0.05833645	0.0462468756	0.0324269895	0.0173938582	0.0017099414	0.0576636722944954	0.0140102483180016	0.0033250991024869	0.000196287057932	0.0210322657776771	0.0088691034895163	0.0004423562037428	7.866099670775022e-05	0.0399798534504185	-0.0038111473494666	0.0015983886819169	1.4524844119346308e-05	-0.0005369234901226	0.0002990491639765	2.882868342454337e-07	8.943040247504362e-08	-0.0004540904469916	-0.0003538599576809	2.061981340490311e-07	1.2521686964992836e-07	0.0003368781279387	-0.0002150800310137	1.1348687308348314e-07	4.625941974085417e-08	0.0	0.0	0.0	0.0	0.0	0.0	0.0	0.0	0.0	0.0	0.0	0.0	0.0	0.0	0.0
1921.8412115644253	0.1689673668925024	3693473.642467418	0.0285499710745855	2249.9584526293206	-7.12461945504856	5062313.038558126	50.760202379256434	2163.116070823375	-6.319101524843518	4679071.135854357	39.93104408127967	2159.6596233759788	1390.5306244281578	0.908088	22.787729	0.0576607805065471	0.0260270382030461	-0.0309147449	-0.0236358273	0.058251256	-0.009209906	0.0529904203	0.0572020839	-0.0699725459	0.0192182432	-0.0203943292	-0.0384783547	0.0519914713	0.0106553277	-0.0075654625	-0.0183991899	0.0267107918	-0.0310296608	0.0214680252	-0.0039543077	-0.0227164993	0.0918019268	0.0364054281	0.0224190337	0.03754365	0.0236036496	0.0222771149	0.0664439833	-0.0247111115	-0.000872043	-0.0250653458	-0.0802176808	-0.0029244681	0.0074803616	-0.0292378847	0.0624995139	0.0029905494	0.0244506453	0.028804878	-0.025025916	0.022624309	0.0251580192	0.0132012249	0.1051365834	-0.0042045444	-0.0481087689	-0.1362736364	0.0923023523	-0.0366021287	-0.0045573779	0.0964598984	-0.0713468442	0.0126485233	-0.0587571332	-0.0145624424	0.1551189016	-0.0378685155	0.0706787279	-0.0200254356	-0.0966974245	-0.0018393064	-0.0189345282	-0.0071670261	0.0121794626	-0.0809015729	-0.0478882877	0.0277919172	-0.114355469	-0.0418619526	-0.0463698485	0.019749357	-0.0269743312	0.0313558104	0.0843615302	0.002744148	-0.0496605077	-0.0524529506	-0.0275186563	0.0343204556	0.019704302	-0.0469355167	-0.0539331934	0.0620714379	0.0288816252	-0.0156520549	-0.0267420006	0.0094986727	0.0330490183	-0.015372706	-0.0047475357	-0.0283644254	0.016089847	0.0514135272	-0.0756766037	-0.0375728655	0.0309840677	0.0172995336	0.0116685563	-0.053123746	0.0545948691	-0.0388850518	-0.0049118059	0.0642662572	-0.0229354033	0.0406048516	0.1057932626	-0.1123360374	0.0425709299	0.0398913965	0.1093551243	-0.0103501751	-0.0083424468	0.1207358829	0.0358730829	0.0395958725	0.0387118624	0.1581427827	-0.009098798	-0.0608417723	-0.0011985466	-0.0192062529	-0.0045457181	-0.0126107944	0.0501345703	0.0314723252	0.0540873281	-0.0312126908	0.0557108224	-0.0218898022	0.0584565496	0.0046547591	0.0043062218	0.0072026052	-0.014249358	0.0262216108	-0.0292106801	0.0190045497	0.0251364675	-0.0305891737	0.0156321378	0.0532268541	0.0077691202	0.0246642123	0.0799532077	0.0749343514	0.0668016447	0.0558930371	0.0426618292	0.0276578354	0.0115045374	-0.0051268245	0.0620654997481722	0.0044018274536768	0.0038521262589903	1.9376084931942795e-05	0.0087827793527992	-0.0122494864248779	7.713721315995594e-05	0.0001500499176732	0.0241222251271011	-0.0158576283233173	0.0005818817450825	0.0002514643760404	-0.0004669786789449	6.99448111777e-05	2.1806908658912403e-07	4.892276610684106e-09	-0.0001000969875599	0.0003539934594317	1.0019406918566776e-08	1.2531136932042268e-07	0.0004159766234228	7.909849548410003e-05	1.7303655123423397e-07	6.256571987848193e-09	0.0	0.0	0.0	0.0	0.0	0.0	0.0	0.0	0.0	0.0	0.0	0.0	0.0	0.0	0.0
1924.95911968912	3.1179081246946225	3705467.612474312	9.721351074036738	2261.0660391142874	11.10758648496676	5112419.633235972	123.3784775210162	2163.5540694602046	0.4379986368294339	4680966.211477811	0.1918428058644423	2159.9062576134	1395.9206412376532	0.955833	23.98584	0.0587393034102121	0.0358630577989411	-0.0120113625	0.0262827115	-0.0011335254	-0.0192910405	0.0679234228	0.0991883495	-0.0114360923	-0.0066592343	0.0322674746	0.0124112252	0.0339234019	0.0114984251	-0.0726201373	-0.0518826344	0.0051479942	-0.0040154839	0.013986355	0.0125167279	-0.0273303895	0.0218018197	0.004822571	-0.066638933	0.0131920899	0.0019798569	0.0054425809	0.0193576408	0.0180769407	-0.0691783631	-0.0661889937	0.0112120084	0.0182052729	0.1012455768	0.0063955367	0.0433913476	-0.0400347275	0.044535805	-0.027826525	0.0408647697	0.0194433701	0.0039587965	0.083724994	0.0289716609	-0.0558822335	0.0838266467	-0.0992400922	0.0157209478	0.0104397206	0.0254064573	-0.0847655204	-0.0201097383	0.0180444261	0.0367210336	-0.0271173629	0.016127389	0.0584845048	-0.0409021689	0.0729904037	0.0423847391	-0.0201441092	-0.0027314191	0.0852559935	-0.0292419728	0.01449178	0.0339121178	0.0985338371	-0.0630829694	0.0441273634	-0.037557557	0.0123326984	-0.0406585634	0.0334772698	0.0414431145	0.0152184463	-0.0442572223	0.0180330979	0.0702377166	-0.0013670255	0.0110795374	0.022792787	-0.0046813344	0.0045016607	0.0835963688	-0.0065573357	0.0408079811	-0.0544615277	0.0246682305	-0.0069531055	0.0362902084	0.0204192608	0.0653647523	0.0736861559	-0.0503312655	-0.0358227144	-0.0043799999	-0.0337814259	0.0255515333	-0.0052362107	-0.0239981808	-0.1634834705	-0.0345487942	0.0052194783	0.0387671915	0.0873607413	-0.0235137823	0.0612160353	-0.0375996542	-0.0315490714	-0.0174388648	-0.0857539151	0.016956015	0.025002178	0.0491293745	-0.0038233991	-0.0551660966	-0.0206078229	-0.0209949508	-0.0014989174	-0.0052855881	0.0091789365	-0.0365881717	0.0350527565	-0.0276762856	-0.0509276574	0.0468585423	-0.0024363312	0.0398477955	-0.0340680107	0.0479847661	-0.0106245425	-0.0810181116	0.011325726	-0.0447398923	0.0485595227	-0.0356573563	0.0746502462	-0.029844622	0.0200966104	0.0218840154	-0.0390090687	0.0279032622	-0.0182156142	0.0797754371	0.0742388174	0.0652939789	0.0533515689	0.0389598496	0.0227795284	0.0055534252	-0.0119276293	0.0292181487535145	-0.0328473509946577	0.0008537002165825	0.0010789484673662	0.0156999227577756	0.0069171434049764	0.0002464875746001	4.7846872885008505e-05	0.0144735064298231	-0.009648718697278	0.0002094823883741	9.309777249920208e-05	-0.0006014812465027	-0.0001345025675578	3.617796898944418e-07	1.8090940679640573e-08	-0.0001001094808643	-1.2493304400000029e-08	1.0021908158919647e-08	1.5608265483106012e-16	0.000363969878019	-5.20067454038e-05	1.3247407210516578e-07	2.704701567495672e-09	0.0	0.0	0.0	0.0	0.0	0.0	0.0	0.0	0.0	0.0	0.0	0.0	0.0	0.0	0.0
1921.190574268384	-3.768545420736018	3690973.222657683	14.201934588150412	2271.4321302934127	10.366091179125306	5159403.922529271	107.45584633393948	2161.690506883636	-1.863562576568711	4672905.847550831	3.4728654767874128	2158.4120509309587	1384.6022897117778	0.948913	23.81221	0.0748928196979065	0.0460505634866531	-0.0182552767	0.0696656065	-0.110764232	-0.0588241803	0.0292510524	0.0967760348	0.0813199897	0.0211949661	0.053014663	0.0108311347	-0.0407868645	0.0197563367	-0.0264859631	0.0039943721	0.0228907606	0.0923441218	0.0292971433	-0.010589383	-0.0508703897	-0.0236276999	-0.0542531706	-0.0592002748	0.0173561649	0.0093135667	-0.0061510425	-0.0500007338	0.0215890351	-0.0257696657	-0.080129572	0.0530056824	0.0812429123	0.0253154539	0.0417791722	0.0341924667	0.0417053076	0.0275043822	-0.0293687293	-0.0573794696	0.0966791271	0.0900579721	0.0939993461	0.068944466	-0.0036183509	0.0634346071	-0.0419512687	0.0074680912	-0.0199151222	-0.0405783925	0.0356277635	0.0300584381	0.0660878853	-0.0695941636	0.0661628338	-0.1019695054	-0.0143273596	0.0119126262	0.0364890655	0.0841315765	0.0282823035	-0.0056471788	-0.1217325235	-0.0515472503	0.0112488076	-0.032264334	-0.013972384	-0.0128172584	-0.012645624	0.0681896166	0.0216075424	-0.0499331108	0.0812522786	-0.0379790327	0.0521405597	-0.0111536351	0.0383934813	0.064326137	0.0167280806	-0.0255346392	0.0310426091	0.049155452	-0.0108740275	0.0437911601	-0.0439227315	0.0436344743	-0.0664431608	-0.0087519125	-0.0445322648	0.0844925041	0.0761446648	0.0247961841	0.0454766679	-0.0292888178	-0.0551892785	-0.0371304912	-0.1184610434	0.0503703893	-0.0348665407	-0.0224538415	-0.0013285071	-0.0177245133	0.0855073467	-0.0293556801	0.0116620611	0.056887998	-0.0249307519	0.0258208159	0.0481280858	-0.0553739322	0.0720439229	0.0674078224	0.0283455944	-0.1372266827	-0.0856480635	0.0099898145	-0.0602219614	0.023148492	0.0485386973	-0.0091721005	-0.0195205665	-0.0448627303	0.0593123009	-0.0926474017	0.0130090647	-0.0501987101	0.0038924961	0.0321481487	-0.0265651282	0.0053392514	-0.0119374351	-0.077864431	0.0008366676	-0.0462132411	0.0541907286	0.00563223	0.0758603436	-0.0444060763	0.0373098151	-0.0166806761	0.0515189515	0.0328112149	-0.0271711219	0.0795889182	0.0735107199	0.0637218759	0.0507165039	0.0351510839	0.0178113211	-0.0004275147	-0.0186447705	0.0292274058918877	9.257138373200411e-06	0.0008542412551691	8.56946108605796e-11	0.0224595789799622	0.0067596562221865	0.0005044326879571	4.569295224214599e-05	0.0185704486919249	0.0040969422621018	0.0003448615646194	1.678493589899581e-05	0.0001179369242126	0.0007194181707153	1.3909118092728557e-08	5.175625043553486e-07	0.0004070177577246	0.0005071272385889	1.656634551031612e-07	2.5717803611880304e-07	0.0003099760058183	-5.399387220070002e-05	9.608512418306677e-08	2.9153382352255263e-09	0.0	0.0	0.0	0.0	0.0	0.0	0.0	0.0	0.0	0.0	0.0	0.0	0.0	0.0	0.0
1925.3336345563	4.143060287916114	3706909.604353772	17.164948549307557	2276.287400679155	4.855270385742188	5181484.330490664	23.57365051866509	2163.1229232356604	1.4324163520245747	4679100.781027589	2.0518166055473905	2160.95698246666	1413.509321171994	0.996809	25.014097	0.1016618411585755	0.0525482617237752	-0.0540373791	0.0176802493	-0.0152305653	-0.070429067	0.0407898214	0.0828951353	0.0806554163	0.0110539643	0.0498760767	0.0647455615	-0.0196478884	-0.024166718	-0.0374169339	-0.0127323736	0.0282603465	0.0837562824	0.0170605617	0.0346966563	-0.0027962579	-0.0655115864	-0.0392103244	-0.0380056742	0.0510613515	0.0718216844	-0.0493846807	-0.0057079803	-0.0276184876	-0.0796256826	-0.0389700856	-0.042364502	0.0689933807	-0.01502986	0.004845991	0.0486508622	0.0275129276	0.022846468	-0.0744388591	-0.0085834327	0.0629883984	-0.0384645154	-0.0273348763	-0.0224449491	-0.1267270744	-0.0913245802	-0.0140349841	-0.0365727309	-0.0726380612	0.0463178434	-0.0331882014	-0.1073332317	0.0140523291	-0.0314811481	0.0540395295	0.0113500182	-0.0205410237	-0.0676880897	-0.0247524867	-0.0498636358	0.0175485464	-0.0406043729	-0.0801222274	-0.0489619786	-0.0498893863	0.0449473738	-0.0731945323	0.0930917584	0.0890713982	-0.0251415495	0.0166322152	-0.0355000147	-0.0100595176	-0.0182264202	0.0404203467	-0.0308941345	0.109053598	0.0457909028	0.0624971394	0.0331718191	-0.0474806351	0.018145374	0.0286644488	0.08913178	-0.0499041109	-0.0089866181	-0.0361484629	0.0047530724	-0.0390602509	0.0545170837	-0.0074650253	-0.0011263631	-0.0415858241	-0.0577399927	-0.046835078	-0.0140607721	-0.0048568453	-0.0548934104	-0.0224758559	-0.0630726707	0.0328846466	-0.0578556689	0.0508523798	-0.0891759766	-0.0355294977	0.0472267665	0.0125467083	0.0074513958	0.0453509634	0.0802108457	-0.0151543352	-0.0603578285	0.0174911327	0.0355885338	-0.0490437186	-0.0856857195	-0.0073981018	-0.0404905344	0.0293148378	-0.0110932652	-0.0430892788	-0.0225257009	0.0023744548	0.0132363213	0.0717653253	0.0404149279	0.0044848518	0.035555893	0.0024049737	-0.0086348507	-0.0034123825	-0.0642760478	0.0199494708	-0.0310645306	0.0919696683	-0.0507046482	0.0633545767	0.0052022952	0.0482777565	-0.041854814	-0.0070101899	-0.0036267148	0.0329533561	0.0793936715	0.0727503781	0.0620868871	0.0479924649	0.0312459714	0.0127728206	-0.0064061583	-0.0252311319	0.0291282765430622	-9.912934882549962e-05	0.0008484564943691	9.826627798567584e-09	0.002120904699197	-0.0203386742807652	4.498236743075917e-06	0.000413661671499	-0.0110033556877269	-0.0295738043796517	0.0001210738363906	0.0008746099054859	0.0005550030403287	0.0004370661161161	3.080283747741006e-07	1.910267898568122e-07	-3.895560053646108e-05	-0.000445973358261	1.5175388131563264e-09	1.988922362786488e-07	0.0001600108172088	-0.0001499651886095	2.5603461623828e-08	2.2489557794682912e-08	0.0	0.0	0.0	0.0	0.0	0.0	0.0	0.0	0.0	0.0	0.0	0.0	0.0	0.0	0.0
1925.7499917881064	0.416357231806387	3708513.030871892	0.1733533444774775	2287.4663488214665	11.178948142311585	5232502.296990611	124.9688815684916	2165.046681852757	1.9237586170966097	4687427.134601633	3.70084721685346	2162.888136409864	1410.124073313987	0.935418	23.473551	0.0791713701540096	0.0502499173806369	-0.0592357625	0.0170495029	0.0167137408	-0.0004628783	0.017121374	0.0360528933	0.0765940823	0.0071341089	0.0483360657	0.117680164	0.0183669436	0.0160248829	-0.0322485893	0.038313802	0.0767683781	-0.0021051679	0.0184797789	0.0430217164	0.0241694842	0.0085568953	-0.0362038554	-0.0307403316	0.0342849125	-0.0237230044	-0.0207259728	-0.0254146108	-0.0163935844	-0.0371212975	-0.0917505654	-0.0061080101	0.0392555931	0.0318553102	-0.0405329238	0.1028830151	0.0895875651	-0.0724912063	-0.0113680109	0.0757942689	0.0507378429	0.0296050154	0.0515015607	-0.0490440023	-0.0863493432	-0.0139998396	0.0300724785	-0.1032610043	-0.1084546787	0.0084884725	0.0065146857	-0.0001428593	-0.006749422	0.0295989117	-0.0327842161	0.0075937238	0.0779765368	0.0036329234	-0.0060811554	-0.0614622884	-0.1174607383	-0.0640159339	0.0204516556	-0.0257067681	-0.0656923348	-0.0144347808	0.0059153284	0.0278379985	-0.0038720407	0.0328461617	0.0166990993	-0.0298978851	-0.0256712809	-0.0255019065	0.0024080488	-0.0618314177	0.0174991944	0.0904413806	0.0427649426	-0.0208083289	0.020446321	0.0369677624	0.0355423257	0.0647362128	-0.0523068171	0.0467748405	-0.0371398759	0.0950907811	0.0140510378	0.1089483256	0.0355951269	0.0578266233	-0.0867285744	-0.0048281504	0.0043076939	-0.0307582124	0.0461399709	0.0287838603	0.0673167822	-0.1044104937	0.0193493615	0.0291428285	0.0400831541	-0.0021654205	-0.0810283647	-0.0406979933	0.0146279272	-0.0046747841	-0.0034684435	-0.002760907	0.0448529168	0.0298420462	0.0464688364	0.0918153273	-0.0035106513	-0.0451350251	0.0058032879	-0.17184005	-0.083353991	-0.0034118555	-0.0346167156	-0.0420756944	0.0247723085	-0.0223690941	-0.0426448572	0.0688221385	0.0322743179	0.0222788642	0.0124273645	-0.0616667038	0.0186136466	-0.0702787015	0.0156719967	0.002169799	0.0549152994	-0.099301682	0.1002236368	-0.0353943032	0.025580811	-0.0647076764	-0.0590442428	-0.0437819891	-0.066376619	0.0791897184	0.0719581255	0.060390626	0.0451842308	0.0272552159	0.0076839116	-0.0123503943	-0.0316405151	0.0292663598249731	0.0001380832819108	0.0008565198174047	1.9066992743284546e-08	-0.0069502001798014	-0.0090711048789984	4.830528253931141e-05	8.228494372578858e-05	0.0323097154622544	0.0433130711499813	0.0010439177132518	0.0018760221324433	0.0002279937586086	-0.0003270092817201	5.1981153964476567e-08	1.0693507033109573e-07	4.003271688501897e-05	7.898831742148005e-05	1.602618421196083e-09	6.2391542890764894e-09	0.0002869954349296	0.0001269846177208	8.236637967043028e-08	1.6125093137697716e-08	0.0	0.0	0.0	0.0	0.0	0.0	0.0	0.0	0.0	0.0	0.0	0.0	0.0	0.0	0.0
1917.929566623333	-7.820425164773496	3678453.8225279655	61.159049757822565	2281.952326919093	-5.514021902373315	5207306.422331464	30.404437539852637	2153.5400502025927	-11.506631650164309	4637734.747826586	132.402571932563	2151.859532738132	1383.031623586623	1.027881	25.793827	0.0685425607465506	0.0340061852146595	-0.0379920681	0.060795255	-0.0979416963	0.0082524917	-0.0482052495	-0.0390936464	0.091689926	0.0171247445	0.09415108	-0.0185400532	-0.0736594912	0.0775875544	-0.0058564142	0.0847498881	0.0397243873	0.0707464066	0.0471090606	-0.0274631508	-0.1435312501	-0.0586696486	-0.0682464165	0.0684754553	0.0517242506	-0.0573521748	-0.0170905595	0.0228310747	0.019747296	0.0045446599	-0.0250423645	0.1069412231	0.0554663132	-0.0076922141	-0.0331033725	0.0263156469	0.0220404905	-0.0421754107	-0.0642257997	0.0201125148	-0.0224712558	0.0006077793	0.0237615716	-0.0814719065	-0.0204304505	0.1038011478	0.0409813379	-0.0065377471	0.0367910287	0.0107499524	-0.0522217873	-0.0046113859	-0.0905432217	0.0602569494	-0.0712947413	0.013698081	-0.0684338727	-0.0585191532	0.0915655858	-0.0062271956	0.0202723835	0.0553795122	0.0033289202	-0.1348299304	0.0732671978	0.0587666501	-0.0451345053	0.0674342366	-0.0100793542	-0.0147221049	0.0453768607	-0.0465259165	0.1081855473	-0.1312577155	-0.0722584395	0.0184263905	0.0316388081	-0.0209263767	0.0881447437	0.0011074168	0.0266468709	0.0313155076	-0.0189184034	0.0008909759	0.0308845724	0.0903782862	0.0395705705	0.0451282185	0.0252785896	0.0921571519	0.0199637384	0.0212192674	-0.0387301573	0.0957013648	-0.0106962962	-0.0068130181	-0.0347898917	0.0032190197	0.0455602597	-0.0324994051	-0.0424200202	-0.0202900793	-0.0126590986	-0.0216903165	-0.0367241688	-0.0303686654	-0.0291473364	0.0246990661	-0.0891258531	0.0371467192	-0.1273713779	0.0257833349	-0.1668198682	0.0210382512	0.0634052645	-0.0598972335	-0.0320097746	0.078922628	0.0735425869	-0.0059539577	-0.0384000416	-0.045137365	0.0324476672	-0.0967219991	0.0168609284	-0.0348959747	0.0311412776	-0.0470321251	0.0436543535	-0.0599175765	0.0138825401	-0.0339898812	0.01464436	-0.0049757423	0.0703238134	-0.0264640966	0.1082477665	-0.0650812005	0.0571988615	-0.0370099673	0.0124196593	-0.0206859505	-0.1178960935	0.0789770813	0.0711343098	0.0586347667	0.0422967282	0.0231897558	0.0025646777	-0.0182282956	-0.0378279629	0.0291620718511893	-0.0001042879737837	0.0008504264346539	1.0875981475930174e-08	0.0045771635644626	0.011527363744264	2.0950426295843976e-05	0.0001328801148925	0.0225809503663256	-0.0097287650959287	0.0005098993194464	9.464887029176244e-05	0.0006569516695277	0.0004289579109191	4.315854960952324e-07	1.8400488934007855e-07	0.0004715672138806	0.0004315344969955	2.223756372071116e-07	1.8622202209722918e-07	0.0002038449641928	-8.31504707368e-05	4.1552769426763916e-08	6.914000783751434e-09	0.0	0.0	0.0	0.0	0.0	0.0	0.0	0.0	0.0	0.0	0.0	0.0	0.0	0.0	0.0
1919.63418244656	1.7046158232271864	3684995.394417273	2.9057151047964984	2273.34755452474	-8.604772394352949	5168109.103663617	74.04210795861859	2161.748502834291	8.208452631698037	4673156.589506297	67.37869460683044	2159.466063685388	1370.812681225303	0.933843	23.434029	0.0515200171300395	0.0252099283149182	-0.0318338783	0.0174156984	-0.0480764955	0.0420354762	-0.0537859602	-0.0599139008	0.0269812373	-0.0013321256	0.0417728693	-0.0343934639	-0.0862143542	0.0666118737	-0.0058764729	0.0168701977	-0.0522795265	0.0527616553	0.0300354351	0.0207804456	-0.0201174849	-0.0663170935	-0.0735269704	-0.0363122997	0.0670774462	-0.0917602979	-0.1262936082	0.0439883351	-0.0288027529	-0.0313106202	-0.0026553261	-0.0291458032	0.0934093256	-0.0021078828	-0.040784829	0.0219213708	-0.0076978555	-0.0835770295	-0.0339289137	0.0704062583	-0.0144445412	0.0136727628	0.0189129212	0.0419005905	-0.0396123074	0.0297890267	0.0600392205	-0.0227597699	0.0977102137	0.067972237	-0.0344238915	0.0389256209	-0.0197462891	-0.0517112896	0.0504046031	0.026549388	-0.1009983293	-0.1247661799	0.0811951063	-0.0204541144	0.0338818816	0.0895560239	0.0810451777	-0.116596497	-0.0143056044	-0.0589643748	0.0133041119	0.0998798868	0.0556688987	-0.0459315524	0.0321874809	-0.0158607857	-0.0089525432	-0.1163686189	-0.0632758427	0.01653885	0.060286978	0.0476462676	0.0841733089	0.0293052293	-0.007767214	-0.0538112141	-0.0648312189	-0.0372659956	-0.0324123383	-0.0506729275	-0.0355998653	0.0314178082	-0.0547833748	0.0803603042	0.0022540592	0.0018783054	-0.0543343747	0.0189930898	0.0050369491	-0.0237019306	0.0154625214	0.0193713647	-0.010502108	-0.0245021872	-0.0626890705	0.0778775736	0.107493431	0.0294738572	0.1107592942	-0.0188992728	0.0498582951	-0.043378438	-0.0948726542	0.0977449727	-0.0928873495	0.0163912793	-0.1425970527	0.0291680977	0.0011261054	-0.0435145052	-0.0432658837	-0.0065960238	-0.0003028884	-0.0055587915	-0.0339198163	-0.0237054439	-0.0336400487	-0.024558132	0.0712860103	0.0142538918	0.0317903551	-0.0787780001	0.067731675	-0.0401099847	0.0226432261	-0.0430989729	0.0317072408	0.0455900868	0.0838317567	0.0093234397	0.049313709	0.0031856832	0.0245189121	-0.001545023	0.045329013	-0.0722682875	-0.007838542	0.0787557834	0.0702792922	0.0568210419	0.0393350228	0.0190607341	-0.0025646777	-0.024008292	-0.0437500746	0.0292456389489359	8.356709774659868e-05	0.0008553073975315	6.983459825789578e-09	-0.0168439256767385	-0.0214210892412011	0.0002837178322034	0.0004588630642795	0.0088683540213594	-0.0137125963449662	7.864770304816146e-05	0.0001880352985199	0.0007059700434178	4.9018373890099935e-05	4.983937022033304e-07	2.402800978829631e-09	0.0006400332609648	0.0001684660470842	4.096425751412359e-07	2.8380809020175898e-08	9.52740962445862e-05	-0.0001085708679482	9.077153415222674e-09	1.1787633367028477e-08	0.0	0.0	0.0	0.0	0.0	0.0	0.0	0.0	0.0	0.0	0.0	0.0	0.0	0.0	0.0
1922.370643319725	2.736460873165015	3695508.890297494	7.488218110363037	2271.166852084073	-2.180702440667119	5158198.870005478	4.75546313473153	2164.771519521208	3.0230166869173445	4686235.73173016	9.138629889380718	2160.946516216926	1373.1721089798027	0.878312	22.040518	0.075442498424982	0.0515357350782692	-0.0299577032	-0.0098351116	0.0421259505	0.0836031366	-0.0158126136	-0.0671496751	-0.0546440057	-0.0075695495	0.064675221	0.0044746626	-0.0440476067	0.0354332318	-0.0200327215	-0.002247589	-0.0370511675	-0.034211575	0.008085321	0.0158629529	0.0421683273	-0.0642105155	0.0117278864	0.0324093854	0.0531564509	-0.0154976945	-0.0583895167	-0.0580935024	0.0179060707	-0.0028791625	0.0674374061	-0.0575670427	-0.0225487882	0.0905743981	0.0246586247	0.0503082069	-0.0081447732	-0.0505054903	0.0517967103	0.0277400911	-0.0408592275	0.0316941911	-0.075562084	0.0603163723	-0.0029106768	-0.0765525527	0.018806778	0.0511417152	-0.0020424547	-0.0762845357	0.0206744219	0.0807984283	-0.0436604351	-0.032924446	-0.0210391516	0.2629579828	0.0328911852	-0.0508236045	0.0114313283	0.0687853032	0.0112280723	-0.0454813293	0.0487904828	-0.0121913906	-0.0070064338	0.0208236272	0.0305315202	-0.1178743998	0.0922080308	-0.0319460522	0.0139719393	0.0136202956	-0.0514992252	-0.0368247622	-0.0688353679	0.038523599	0.0405492472	0.0034442912	0.0230256061	0.0201451009	0.0570877375	0.0175616492	0.0094667065	0.0307289122	-0.0266048903	-0.0891058819	-0.0026057794	-0.0207661999	-0.0377746722	0.0007809193	0.0557997895	-0.052117323	0.0085922812	-0.043297452	0.054744786	0.0148653429	0.0933578986	-0.0278332915	-0.0342798842	0.0686462311	-0.0419612348	0.0818984488	-0.030353701	-0.035680944	0.0570153815	0.0001780211	0.0324102942	0.1047085722	-0.0061436176	0.0674959878	0.1605804252	-0.0473396372	-0.0474143553	-0.0622381377	0.1718753528	-0.0272470981	0.036609103	0.0050303438	-0.1301046776	0.0022070772	-0.021052642	-0.0251064882	-0.0463689096	-0.0009115325	-0.0013626327	0.0801106275	0.0356657483	-0.0803024607	0.0704431793	0.0011930888	0.0059871179	-0.0148980416	0.0225345518	0.0383572044	0.0585755025	0.0086336615	0.0944439237	0.0152639172	0.0203434037	0.0696343377	-0.0018809173	-0.0538175179	0.0427273849	0.0785258491	0.0693934478	0.0549512416	0.0363043104	0.0148794683	-0.0076839116	-0.0296593388	-0.049365311	0.0293102222394168	6.458329048089975e-05	0.000859089127724	4.171001409340276e-09	-0.0137536904936865	0.003090235183052	0.0001891640021961	9.549553486572433e-06	-0.0087763444457991	-0.0176446984671585	7.702422183130869e-05	0.0003113353839969	-0.0002620388866673	-0.000968008930085	6.866437812583809e-08	9.370412887244998e-07	0.0005589812163357	-8.105204462910008e-05	3.124600002161386e-07	6.5694339385576314e-09	0.0001390727512162	4.3798654971613786e-05	1.9341230130843057e-08	1.918322177322469e-09	0.0	0.0	0.0	0.0	0.0	0.0	0.0	0.0	0.0	0.0	0.0	0.0	0.0	0.0	0.0
1924.752068044432	2.381424724706904	3704670.523441318	5.671183719445351	2281.6722356622868	10.505383578213696	5206028.190992137	110.363084125402	2167.438151460074	2.666631938865976	4697788.140404663	7.110925897380113	2163.499767599366	1377.1663375455807	0.874131	21.935608	0.0913709641479742	0.0506310653445218	-0.0384984544	0.0124433378	0.0170618004	0.0782744223	-0.018608302	-0.0548111886	-0.062686827	0.0048234463	0.1187254086	0.0030083595	-0.0001829669	0.0244586708	-0.0413380759	0.0210686841	-0.0613634179	-0.0426684135	-0.0022232245	0.0276482984	0.015753418	-0.0108743252	0.0487598011	-0.0410989379	0.0007235861	-0.0954518271	0.0043330983	0.0377124547	0.0789802979	0.0484860575	-0.0275950172	0.0078398922	0.1065275933	0.0277030093	-0.016837357	-0.007216525	-0.010553943	-0.0583981223	-0.0405188766	-0.0527944379	-0.05489006	-0.0371238177	0.066011732	0.0368594424	-0.0255982983	0.0370544019	-0.1239675801	-0.0737996682	0.0614163995	-0.0515664325	-0.0302752719	0.0104089694	0.0147718018	-0.0499672213	0.0054125916	-0.0233669068	0.0606654335	0.0436638088	-0.1237208032	-0.0697911204	-0.0285580103	-0.0845380253	-0.0145592834	-0.0502410786	0.0913030155	0.0212377511	-0.0421145517	0.0915428374	0.0107430586	-0.0459902278	0.0038207951	-0.0220977995	-0.0181097849	-0.001720451	-0.0658345347	0.0908442622	-0.0451265195	0.0799372191	-0.0511815617	0.0061322018	0.0765760764	-0.0514388953	-0.0345847581	0.0004476801	-0.0650970818	0.0735344873	-0.032177077	-0.0680774325	-0.0457145099	0.0970244127	0.0767957266	0.0124555499	-0.0372545706	0.005357833	0.0444675389	0.0255814163	0.0177457332	0.032003312	-0.0030516398	-0.0108877921	-0.0820648064	-0.0707851661	-0.058843106	0.0806175368	-0.008185049	0.0222523846	0.0023573692	-0.0093904044	0.1033003916	0.0002007082	0.0461963887	-0.0126199681	0.0044631391	-0.0370650642	-0.050789256	-0.0311675803	0.0890191458	-0.0303636953	0.0487255904	-0.0005942288	-0.0126461817	-0.0483064488	-0.0013734779	-0.0464913465	-0.0646927899	0.0473148116	0.0357516135	-0.076102967	0.0632600597	0.0424282147	0.0205790121	-0.0086270466	-0.00094776	0.0256149163	0.0232224258	0.017858914	0.1146587114	-0.0228499887	0.0053010631	0.0113219563	0.0076751981	-0.0431386966	-0.0249445306	0.0782873035	0.0684771651	0.0530272111	0.0332099078	0.010657419	-0.0127728206	-0.0351510839	-0.0546342852	0.0293336984114915	2.347617207469968e-05	0.0008604658624963	5.511306552809092e-10	0.0222949469982722	0.0360486374919587	0.0004970646616557	0.0012995042650266	0.0012130057813379	0.009989350227137	1.4713830255591694e-06	9.978711796040202e-05	0.0003120163108058	0.0005740551974731	9.73541782088616e-08	3.2953936974587986e-07	0.0004419881193433	-0.0001169930969923	1.953534976406272e-07	1.3687384743873108e-08	-7.60689594543762e-05	-0.0002151417106705	5.786486592471531e-09	4.628595567026191e-08	0.0	0.0	0.0	0.0	0.0	0.0	0.0	0.0	0.0	0.0	0.0	0.0	0.0	0.0	0.0
1919.549804132465	-5.202263911967066	3684671.450544985	27.06354980975488	2278.429707845052	-3.2425278172349863	5191241.933590888	10.513986645542683	2157.6128740874537	-9.825277372620349	4655293.3144279225	96.53607544892542	2155.9580320282303	1361.995319565798	1.017446	25.531973	0.0827239082496961	0.0502106119070254	-0.0254264835	0.0670561108	-0.1293659244	0.0333157754	-0.0674132346	-0.0683211957	-0.014952928	0.0012078005	0.1221507712	-0.0767087256	-0.0558954918	-0.0080330347	-0.0306597739	-0.0010157237	-0.0253981531	0.0417317975	0.0507270087	-0.0245018213	-0.092024576	0.0429906078	-0.0528466342	-0.0647630445	0.0575458105	0.0780306258	0.0604546214	-0.0100749882	0.0928432353	0.0205497156	-0.0289480477	0.0548422188	-0.0426309111	0.1047274288	-0.0899860237	-0.0118148807	-0.0825667406	0.036304002	-0.0840574951	0.1214619749	-0.0508564641	0.0792685852	0.0714061013	-0.0287703054	0.0757924921	0.0136157359	-0.030384603	0.0068437563	0.1061578276	-0.0709530596	-0.0771917609	0.028629496	0.0608826244	-0.0319388675	-0.089167096	0.0486412871	-0.0576914024	-0.0766705958	-0.0275016975	0.0483289449	0.0091222648	0.0338414312	0.0275830099	-0.0273178161	-0.0257992531	-0.0355937288	-0.0374226185	0.0579232664	-0.0334572724	-0.0100384821	0.0460476975	-0.0354395103	0.1055626084	-0.0343063582	0.0210035897	0.1361079167	-0.077920505	0.0413737746	0.0338298143	-0.0023243128	-0.0259836442	0.1013008356	-0.0397328779	0.0894989204	0.0277222283	0.0859154294	-0.0697278406	-0.0120667966	0.019540491	0.0358883633	0.0046016353	0.1303721802	0.0300052805	0.0697256301	0.0972123353	-0.103101323	0.0365861248	0.068079321	-0.0170520562	0.0034738035	-0.0936170792	-0.0060335295	-0.0057031501	0.0030994276	0.0834962998	-0.0089005221	0.0385907393	0.108858594	-0.0844055733	-0.0440415839	0.0218923623	-0.1246276628	-0.0066217295	0.0266146386	0.068738373	0.0488664883	0.0011493884	0.0207298851	0.0489718184	-0.0049064606	-0.0309920324	-0.0416314046	0.018564118	-0.100806981	0.0314854219	-0.0565075779	0.0281560264	-0.0952544006	0.0633149613	0.0901424399	-0.0161811314	0.038761955	-0.025786349	-0.0134602151	0.0397578859	0.0287064958	0.0876347909	-0.034582461	0.1026274906	0.0190326925	0.0397223808	0.0059720817	-0.0274563464	0.0780401729	0.0675308461	0.0510508491	0.0300572439	0.0064061583	-0.0178113211	-0.0404540309	-0.0595200392	0.0292771535668805	-5.6544844610997846e-05	0.0008571517209787	3.197319452081892e-09	0.0383835557583722	0.0160886087600999	0.001473297352656	0.0002588433318355	-0.008749890225296	-0.0099628960066339	7.65605789547305e-05	9.925929683900172e-05	0.0011620482820156	0.0008500319712098	1.3503562097354077e-06	7.225543520788184e-07	0.0003568413840404	-8.514673530289998e-05	1.2733577336386825e-07	7.249966532742113e-09	-0.0002732074257087	-0.0001971384662543	7.464229746237483e-08	3.886357487710716e-08	0.0	0.0	0.0	0.0	0.0	0.0	0.0	0.0	0.0	0.0	0.0	0.0	0.0	0.0	0.0
1921.368442500112	1.818638367647054	3691656.691835306	3.3074455122779414	2286.7847188313804	8.35501098632858	5229384.350280715	69.80620858167127	2159.843721443706	2.2308473562520703	4664924.901059796	4.976679926896852	2158.890656797141	1398.5844720129162	1.041176	26.127457	0.1533207934972821	0.0667883138348201	-0.0041635098	0.0326454408	-0.0509024603	0.030426225	-0.0501687847	-0.0669491803	0.0058198316	-0.0048974526	0.0503576413	-0.0681696201	-0.0065527726	-0.0786649135	-0.0381903226	-0.0193426158	-0.0500889181	0.0651995799	0.0410463063	0.022523747	-0.0024261366	-0.0830748237	-0.0543930015	-0.0978974159	0.1264446595	0.0620566423	-0.0488810369	-0.0614422781	0.002495462	-0.0410130823	0.0523250164	-0.0211548338	0.0764782781	0.0536108994	0.0322262168	0.0398751945	0.0951740342	-0.0656113763	-0.0325232781	-0.0124513674	-0.0908755128	0.0487138168	0.0427549449	0.0110781616	0.0509712243	0.0981777056	0.0503387642	-0.0655943386	0.0084713645	0.0320603801	0.0315917278	0.0107078784	-0.0939020463	0.0525181435	0.0540892797	0.0898450167	-0.0080538008	-0.0111814289	0.0035186925	0.0343933894	-0.0420064509	0.0204036506	-0.0846502311	0.0537268011	0.0128390146	0.1055485341	-0.0356237921	0.0065669313	0.0331935549	0.0607158644	0.0414949944	-0.02532559	-0.0007762105	-0.0588740559	0.0280469919	0.1202953972	0.0496813807	0.0750196717	0.0729722636	0.0378591153	-0.0239491583	0.0712394915	0.0256896991	0.0053286059	-0.0068841252	-0.1160135723	-0.0536346599	-0.0098781687	0.0146430217	0.1258708548	0.1364742997	-0.0007513769	-0.034011847	0.022744896	0.0101904751	-0.0549128708	-0.047767572	0.0462239922	0.0577066686	-0.0201629591	-0.0255791481	0.1061198678	-0.0710278613	-0.0042993925	-0.030677421	-0.0312507624	-0.0365729298	0.0080491054	0.0404387546	0.0603854984	0.0176795204	0.0605623427	-0.0125455365	0.0423303427	0.0168694948	-0.0244035562	-0.1018290523	0.0247907262	-0.0046250242	-0.0067274428	-0.0209988826	-0.019431126	-0.0484523693	-0.0152126211	0.0903785487	0.0082776705	0.0135232992	-0.0482584981	0.0260966214	0.086854401	-0.0091924152	-0.0920665984	0.0491867306	0.0555676323	0.1008237148	0.0580773918	0.0648891491	0.0172558913	0.0196097293	-0.0820907139	0.005225588	-0.028425144	-0.0113903973	0.0777844842	0.0665549058	0.0490241061	0.0268518493	0.0021373389	-0.0227795284	-0.0455396975	-0.0639883028	-0.0003098173230995	-0.02958697088998	9.598677369253998e-08	0.0008753888464445	0.0177338807585272	-0.020649674999845	0.0003144905267576	0.0004264090775992	-0.0514599811379881	-0.0427100909126921	0.002648129658722	0.0018241518657704	0.0003881123785825	-0.0007739359034331	1.5063121840896581e-07	5.989767826228088e-07	0.0007734438563598	0.0004166024723194	5.982153989407189e-07	1.735576199426364e-07	-0.0002901501838515	-1.6942758142799992e-05	8.418712918905925e-08	2.8705705348541545e-10	0.0	0.0	0.0	0.0	0.0	0.0	0.0	0.0	0.0	0.0	0.0	0.0	0.0	0.0	0.0
1916.618032517692	-4.750409982420024	3673424.682571989	22.56639500107581	2275.742136174982	-11.04258265639828	5179002.270362271	121.93863172338811	2160.5047166525246	0.6609952088188038	4667780.630677805	0.436914666081414	2158.6378689492026	1406.1033707480533	1.110537	27.868017	0.1286610440186797	0.0711756411543342	-0.0084680299	-0.0114390776	0.0716132706	0.0755741294	0.0084742722	-0.0653933513	0.0332211516	-0.0374759322	0.033454369	-0.0475660764	0.0448388766	0.0305165517	0.0338340425	0.0288289666	0.0376622284	0.0354649786	0.0487154813	0.0321982071	0.0017191431	-0.079556793	-0.0088982295	0.0330594569	0.0416559002	-0.0631569544	-0.0599495298	-0.058216135	-0.0733547338	-0.0245925748	0.0854721717	0.0186550302	-0.0016555851	0.0006973425	0.0553442008	-0.0277806729	0.0749190774	-0.02902023	0.0025021858	-0.1103528023	0.0074494352	-0.03402603	0.0925252066	0.0160010743	-0.0904698944	0.1504813653	-0.0213276748	-0.0151317922	-0.0302280788	-0.0213078153	0.0002157526	-0.0225027373	0.0260426468	0.0297686622	-0.0120845639	-0.0685506786	-0.1228374011	0.095561767	-0.0090514477	0.0004839444	-0.0315042718	0.0553725971	-0.0684667908	-0.0122490003	-0.053545714	-0.0460304896	-0.0749488254	0.0082766707	-0.0077445524	0.078722733	0.0481832849	-0.0128034547	-0.0325757171	-0.0631341939	-0.0604049169	-0.0027566405	0.0735368315	-0.0097178456	0.0459606144	-0.0261050604	0.0223219791	0.0166296427	0.0030475104	-0.0720729203	0.0307765431	-0.1175515993	0.0492308725	0.0448093446	0.0173228751	0.0454896098	0.0663361303	-0.0058746242	-0.0330979577	-0.0010124047	-0.0368921747	-0.0142864317	-0.0117974704	-0.0030742335	0.0593187354	-0.1134403244	-0.1051969633	-0.0358630518	-0.0130772296	0.0375285304	-0.1315170366	0.0345034471	-0.0534375592	0.0136587689	-0.0039371996	-0.0107532275	-0.0527066291	0.0527584058	-0.0394483949	-0.0752751901	-0.138461386	0.0915414845	0.0151011381	0.0651433586	0.0049266146	0.0029640072	-0.0057647871	-0.0264267037	-0.0542679609	-0.0087551781	-0.0471877707	0.0935370072	0.0297058712	-0.0216995398	0.0673580843	-0.0279886646	-0.016635167	-0.0751899948	0.0481146242	0.0935896278	0.0908442412	-0.0271907461	0.1047424285	-0.0059367256	-0.019280551	0.0221521882	-0.0541838167	-0.0500226604	-0.0428119143	0.0775202656	0.0655497724	0.0469489822	0.0235993474	-0.0021373389	-0.0276578354	-0.0503807682	-0.0680077345	-0.0042183788125953	-0.0039085614894958	1.7794719806552934e-05	1.5276852917169628e-05	-0.0077212696130004	-0.0254551503715276	5.961800443664335e-05	0.000647964680437	0.0076782679631932	0.0591382491011813	5.895579891459905e-05	0.0034973325067533	-0.0001848720537675	-0.00057298443235	3.4177676264213405e-08	3.283111597154517e-07	0.0006480367616905	-0.0001254070946692	4.199516445023099e-07	1.5726939393394767e-08	-0.0003949403179617	-0.0001047901341102	1.5597785475168866e-07	1.0980972206833702e-08	0.0	0.0	0.0	0.0	0.0	0.0	0.0	0.0	0.0	0.0	0.0	0.0	0.0	0.0	0.0
1917.7807559210048	1.1627234033128389	3677883.0277809408	1.3519257126113906	2267.474091500947	-8.268044674035082	5141438.755628045	68.36056273183988	2153.693706443806	-6.811010208718471	4638396.58117566	46.38986006326724	2150.69947933301	1347.6303750217105	1.144416	28.718193	0.0792865307321399	0.041406380891787	0.0231655474	0.0325828572	-0.025925454	0.0973015085	-0.0121054946	-0.0712511389	-0.0317436226	-0.0469498429	0.1083980787	-0.0373868467	-0.1016251892	0.0433499801	-0.036722596	0.0930344023	-0.0368476143	0.0104653182	0.0644505865	0.0014436901	-0.1334715245	-0.0061220726	0.0287188645	0.0429753523	0.0414522553	-0.0980087341	-0.0366995864	-0.0158968226	-0.0386764296	0.0360924058	0.0255078042	0.0477660081	0.1120593835	-0.0390854584	-0.0375962973	0.0272519357	-0.011024795	0.0341757017	-0.0072483901	-0.0099053386	-0.0668089622	-0.0232101966	-0.0663645883	0.0498221094	0.0910905488	-0.0510445004	-0.1390827043	-0.0371650105	-0.008137239	-0.0334493959	-0.0541409984	0.0627711404	0.0760293376	0.0712180233	0.0221526951	-0.0386074668	0.0154336515	-0.003966477	-0.0325534663	0.1326766304	-0.0415390398	-0.1439433162	-0.0433207547	0.0506059275	0.0401333238	0.1233144947	0.1331005195	0.0343536524	-0.0050331593	0.0370945393	0.0656618374	-0.0660804092	0.0810692534	-0.0634353837	-0.1355830152	0.024581975	-0.0215148919	-0.0186080132	0.0178284792	0.0335012862	0.0545712646	-0.0273362611	-0.0001022818	-0.0810898245	0.0127127193	0.0243398136	0.0100397443	-0.0857728811	-0.0183374517	0.0875393591	-0.0542048572	-0.0248282974	-0.0007376141	-0.0085288	-0.0496933161	0.0046602491	0.0240012323	0.0317605318	-0.1462375393	0.0450934932	-0.0471766313	-0.085315907	-0.1019244026	0.0505738622	-0.009142299	-0.0432321312	0.0150813835	0.0509057014	0.0401927975	-0.0432960799	0.0881435319	0.0315151651	0.0388761925	-0.0340679071	-0.0445882305	-0.0555152908	-0.0400001221	-0.0061705023	0.0077365761	0.0050848451	0.0195817703	-0.0387325381	-0.0116036242	-0.1146609739	-0.0512915579	-0.0299211641	0.0340509409	-0.0761444271	0.0620717445	-0.014660752	-0.0145884576	-0.0476030542	0.0132290403	0.0036465103	-0.0195002563	0.0906435759	0.1097673946	0.0170764992	0.0460155241	0.0793398019	0.050139259	-0.0798847054	-0.0595907366	0.0772475461	0.0645158866	0.0448275254	0.0203054443	-0.0064061583	-0.0324269895	-0.0549512416	-0.0715501408	-5.938068511568417e-05	0.0041589981274796	3.5260657648080363e-09	1.7297265424378952e-05	0.0224291663897986	0.030150436002799	0.0005030675049412	0.0009090487911588	-0.0174435758792981	-0.0251218438424912	0.0003042783394568	0.0006311070380465	-0.0001682614643507	1.66105894168e-05	2.8311920385441886e-08	2.759116807735082e-10	0.0008835455821294	0.0002355088204389	7.806527957003804e-07	5.5464404504522055e-08	-0.0005399259632934	-0.0001449856453317	2.91520045838306e-07	2.102083735224952e-08	0.0	0.0	0.0	0.0	0.0	0.0	0.0	0.0	0.0	0.0	0.0	0.0	0.0	0.0	0.0
1933.814536724091	16.0337808030863	3739638.662445411	257.0821268414188	2283.347518458511	15.87342695756388	5213675.890050639	251.96568337711568	2165.839866343991	12.146159900185012	4690862.326644957	147.52920032086237	2164.4257962528764	1395.2651381685162	1.159384	29.093805	0.1388300912977095	0.1034902077386144	0.0327534837	0.0049906311	-0.0087727289	0.0638260776	-0.0702055874	-0.0860184378	-0.0094751014	-0.0330267494	0.027104556	0.0125758378	-0.1022586829	-0.02269618	-0.0610138877	-0.0355773561	-0.0416202248	0.0168875959	0.0248157286	0.0014038058	0.0621200146	-0.0449730436	-0.0326278458	0.0016216369	0.070462771	-0.0533529012	-0.0878201598	0.0352352767	0.0907703867	0.0815712871	-0.0095858893	-0.0397047469	0.1159702895	0.0272798866	-0.0627419853	0.0375909658	0.0172362565	0.0234876655	-0.0516642537	0.0038024338	0.0757685785	0.0646294223	0.0410524774	-0.0275912184	0.0313321495	0.0004711244	0.0118300963	-0.0030741342	-0.0298646686	0.01169975	0.0254930827	-0.0660546081	0.0815911221	-0.0306867331	-0.0377307939	0.0965486503	-0.0019155504	0.023367997	-0.0063473801	-0.0199464902	0.113194686	-0.0761485751	-0.0036925475	-0.0273339759	-0.0307780483	-0.0910590888	-0.0207474722	0.0712218803	0.0609815675	-0.0658313495	0.0223998883	0.0297154901	-0.053981055	-0.0582184689	-0.0300614176	0.0457094499	0.0203162587	0.030649124	0.0510212748	0.0835132283	0.0189333087	-0.0359586719	-0.0372125642	0.0049710604	-0.0477030388	0.0083867717	0.0670022744	0.0220526237	-0.1250909229	0.1112113876	0.0033109812	0.0653949155	-0.0262024978	-0.083312198	0.0274247047	-0.0425536961	0.0110081744	0.0205113701	-0.0255238828	-0.0094252857	0.0505325763	0.0245458396	0.0297278736	-0.097635792	0.0569674131	0.0321137323	0.0155249121	0.0568676494	-0.0559322374	-0.0238938787	-0.0045711547	0.0302438848	0.0792538517	-0.0562449981	0.0516626914	-0.028766696	0.1049116612	0.0175579657	-0.0258557859	-0.0034304724	0.0101945558	-0.0248267339	-0.0578107755	0.004881615	0.0398349243	0.066598509	0.0552451789	-0.0837921477	0.1092397472	0.0123874259	-0.0960968668	-0.0608490549	0.0152454858	-0.0699708883	0.0401516419	0.0335094295	0.0831659854	0.0697663908	0.0308690064	0.0916958323	-0.1237870356	0.0051059134	0.0516583728	0.0769663555	0.063453702	0.0426618292	0.0169759185	-0.010657419	-0.0370681691	-0.0592265694	-0.0745906743	-0.0089703891640624	-0.0089110084789467	8.046788175472811e-05	7.940607211186026e-05	0.0333714742769188	0.0109423078871201	0.001113655295415	0.0001197341018965	-0.1179616391637736	-0.1005180632844755	0.0139149483142043	0.0101038810464618	-7.164656976145809e-05	9.66148945892419e-05	5.133230958583481e-09	9.334437856490325e-09	0.0008770292486415	-6.516333487900086e-06	7.69180302972674e-07	4.2462602125528093e-11	-0.0008059689681596	-0.0002660430048662	6.495859776362503e-07	7.07788804382369e-08	0.0	0.0	0.0	0.0	0.0	0.0	0.0	0.0	0.0	0.0	0.0	0.0	0.0	0.0	0.0
1926.3617901504704	-7.452746573620743	3710869.7465517246	55.54343149061573	2266.97903026234	-16.3684881961708	5139193.92364918	267.9274058281829	2167.3808888727103	1.541022528719168	4697539.91745066	2.3747504340200187	2164.625218773288	1379.305743600297	1.305605	32.7631	0.1138793687223548	0.0620113461833034	0.0249407787	-0.0023406645	0.0310577013	0.1538971926	-0.0490975473	-0.0632301104	-0.0152363245	-0.0305399567	0.018413667	0.0079339103	-0.0414180262	-0.0216571394	-0.0237637018	-0.026276829	-0.0681314069	-0.0661426063	-0.0098673017	0.0328542754	0.0472898733	0.0385029787	0.0063927459	-0.0079371004	0.0295538452	0.0231594133	0.0294873342	0.1081388885	0.1231680491	0.0060509872	-0.0530380415	-0.0062247897	0.0115854259	0.0832281176	-0.0570559588	0.0028574931	0.0820722997	-0.0994199102	0.0576616188	-0.0252005126	0.0319575219	-0.0424858052	0.0438868014	0.1045472125	-0.0027559109	-0.0858105997	0.1400534381	0.1274718717	-0.0269002927	-0.0672601207	0.0495144674	0.0676622713	-0.1180776165	-0.1985336557	-0.0831338361	5.30656e-05	0.0715061471	-0.011280714	-0.0806556622	-0.0151713438	0.0271403716	0.1852999948	0.0743787236	0.0067497637	0.0645272582	0.0733297511	0.0059581699	0.0261428225	0.090926682	-0.0107370367	-0.0027451416	-0.0060609564	-0.0620703782	0.0004490788	-0.0063893289	0.0604298704	-0.1029806957	-0.0003269317	-0.0231096584	0.0517245421	0.0566659866	-0.0895502206	-0.0240914777	0.0281585501	-0.0691149879	0.0125751993	-0.0600421741	0.0282698144	0.1039993225	0.0410719808	0.0842376219	0.0155037841	0.1172332444	-0.1490417719	0.0423192912	0.0615769853	0.0200718429	-0.0302381786	0.0716477676	0.0296741104	0.0928456287	0.1674677659	0.0213497549	0.0432902521	0.0562143606	0.124722091	0.0741889737	-0.179489926	0.0148966373	0.0336409771	0.0426270793	-0.1127021888	-0.105672396	0.0526887848	0.0975807617	0.1660261237	0.1033152176	0.1213249848	-0.0550024264	0.0143888624	0.0923348107	-0.0622458822	0.016683719	0.1353057035	-0.1271413329	-0.0152696229	0.0548958407	-0.1634160324	-0.0599165005	0.0023684494	0.1895999994	-0.1454684767	-0.0332764975	-0.0027658244	-0.0817154764	0.0262075185	0.0960585618	0.0113490347	-0.014792398	-0.0123222204	-0.0843763808	0.0239339544	0.1098498441	0.0766767246	0.0623636846	0.0404540309	0.0136166111	-0.0148794683	-0.0415630576	-0.0631837885	-0.0771080077	-0.048291938071685	-0.0393215489076226	0.0023321112827194	0.0015461842084945	0.029253735688556	-0.0041177385883627	0.0008557810517358	1.6955771082092053e-05	-0.0783595517631212	0.0396020874006523	0.0061402193525172	0.0015683253264889	-0.0004011024691417	-0.0003294558993802	1.6088319075156844e-07	1.085411896364441e-07	0.0010896467173513	0.0002126174687098	1.1873299686344638e-06	4.52061880005628e-08	-0.0007312824597353	7.468650842429997e-05	5.347740359165107e-07	5.5780745406130305e-09	0.0	0.0	0.0	0.0	0.0	0.0	0.0	0.0	0.0	0.0	0.0	0.0	0.0	0.0	0.0
1923.844420349798	-2.5173698006724408	3701177.35371105	6.337150713337604	2275.0029689904413	8.023938728101257	5175638.508915323	64.38359271232322	2171.359621337263	3.9787324645526496	4714802.605173902	15.8303120244852	2169.514484269564	1386.4557250537102	1.254164	31.472212	0.1775960016366794	0.0872225599003121	0.1559673618	0.012129603	-0.0840643947	0.0978212459	-0.0859848299	-0.0828193634	0.0613923635	-0.0394245032	-0.0944787714	-0.0383462994	-0.1036786273	-0.090411073	0.0207258962	-0.081784664	-0.0554396463	-0.0289384001	-0.0177864035	0.0255154334	0.119296136	-0.0460988709	-0.0774149484	-0.0113575692	0.0075838284	-0.0494715135	0.0643704488	-0.0029824268	0.0371112793	-0.0124216147	-0.0974284306	0.030971437	0.0307427151	-0.185238252	-0.1139383686	-0.0103961838	0.0399101358	-0.0353555763	0.1159420025	0.0039492358	0.0184652428	-0.0295253538	0.1010777478	0.0370274804	0.1488364896	0.0096485063	-0.0194077802	-0.0259175127	0.0222423627	-0.0652776462	0.0022837001	0.0407974905	-0.0119659101	-0.0078540705	0.0278922958	-0.0959969049	0.0251544466	-0.0181283513	0.0621495114	0.0358494711	-0.0246466514	0.1346710873	0.0789339919	0.0422727528	0.0054910514	-0.134354759	0.028253028	-0.0063626309	0.0674868491	0.0161736989	-0.0084990993	0.0382694365	-0.1122583671	-0.0987228838	0.059888391	0.0869261876	-0.0210794056	0.0220009353	0.0131771902	-0.0377649305	0.0917691854	-0.0509328818	-0.0103615808	-0.0937619079	-0.0955592255	0.0313980504	-0.115398004	-0.0535216824	0.1497312116	0.0114020964	-0.039119048	-0.0254717863	0.0339447451	0.0052405713	-0.0653733686	0.0642596667	-0.102626745	0.1198035279	-0.0028915755	0.0004562087	0.0523435947	-0.0778201511	0.0898740873	0.0370991801	0.0616777642	0.048977009	0.0609371115	-0.0174002399	-0.0608560701	-0.0458994696	-0.0243231962	0.0773984858	0.0305781323	0.0590263325	-0.0069970226	0.1002838712	-0.0661437749	0.0013459979	-0.0568086741	0.0079368297	0.1671948687	-0.0262772254	-0.0024626891	0.1238028212	-0.0285634908	-0.1346620581	0.0639113456	-0.1466990381	-0.0109214043	-0.0232572448	0.1099669705	-0.1697555119	-0.0338051806	0.0811584617	-0.0908363578	0.1220706707	-0.1023377335	0.0386270505	-0.0940122974	-0.0664383078	0.0884435428	-0.03087159	0.0047225184	0.0763786853	0.0612463124	0.0382063093	0.0102334157	-0.0190607341	-0.0458939156	-0.0668016447	-0.0790844839	-0.0312390924592449	0.0170528456124401	0.0009758808976772	0.0002907995434817	0.0342158044400662	0.0049620687515102	0.0011707212734808	2.4622126294714008e-05	-0.1187762251717003	-0.0404166734085791	0.0141077916660384	0.0016335074894157	-0.0014684575825995	-0.0010673551134577	2.1563676718939674e-06	1.139246938224513e-06	0.0002957127714084	-0.0007939339459429	8.744604317403664e-08	6.303311105204636e-07	-0.000289283241853	0.0004419992178823	8.36847940169813e-08	1.9536330860856494e-07	0.0	0.0	0.0	0.0	0.0	0.0	0.0	0.0	0.0	0.0	0.0	0.0	0.0	0.0	0.0
1925.575650311586	1.7312299617881308	3707841.585072888	2.997157180592933	2261.769665111195	-13.23330387924625	5115602.018017207	175.12033156047386	2169.528989188775	-1.8306321484878936	4706856.034930469	3.351214063077401	2168.308348201856	1427.9396418460474	1.37467	34.496212	0.190345749839952	0.0985543385418047	0.1064803393	-0.0284096	0.0769407751	0.0306803976	0.0301645442	-0.0245864937	0.0557970004	-0.0357876946	-0.1159997769	0.0243140198	-0.0015825321	0.046770219	0.0681603861	-0.0176663324	-0.006457316	0.0037899683	-0.0060982148	0.0171240911	0.1097263044	0.0222450659	-0.0200399862	0.0499253147	-0.0926163525	0.0675484893	-0.0115047469	0.0252114981	-0.0294057031	-0.047872863	-0.0296566722	0.0506793204	-0.0342858044	-0.0363110446	-0.0544522255	0.0155256419	-0.0723100453	0.0307804162	0.0177464217	-0.062312416	0.0681235641	0.0718941874	-0.0126598045	0.0072734567	-0.0646120524	0.0572682273	-0.0017401244	-0.0698501447	-0.0678809928	0.0836850443	0.038327023	-0.0207009715	0.0057185982	-0.0289533149	-0.0245360526	-0.0590474633	0.0459734557	0.0783230362	-0.0470394121	0.0249463243	-0.0159676997	0.0264899553	0.0812891585	0.0630806641	-0.0490368581	-0.0507491499	-0.0328300363	-0.0304945076	-0.0017875738	0.0445278155	-0.0061399904	0.0733437262	-0.1001663816	0.0088363052	0.0688697861	-0.0677452916	0.0008047059	-0.0771008027	-0.0158317935	-0.0060366448	-0.0606372669	-0.0300231208	-0.0522151089	-0.0213886131	-0.0277679802	0.0295073752	0.0178405666	0.131078845	0.0591982057	0.0245933851	-0.107305141	-0.027152078	-0.0082680436	-0.0321891767	0.0541583068	-0.1004021763	-0.0822572198	-0.0931420791	-0.0080982517	-0.0380529674	-0.0059998255	-0.0445098889	-0.0313975243	-0.0145667597	-0.0634205998	-0.0964382972	0.0276974047	-0.0656682113	-0.0078653802	-0.0781014419	-0.0209273855	0.0484256025	0.0029523577	0.0067505492	-0.0017320151	0.1413981285	0.0621311019	-0.008722816	-0.0267480823	0.009271514	0.1249800485	0.0009970605	-0.025704139	0.1267763743	-0.0453297529	-0.0080044145	0.0072986998	0.0394219864	0.034551495	-0.0772175485	-0.072857733	0.0608974814	0.0353763885	0.0738051709	0.014709999	-0.0497752997	-0.0501121741	-0.0029703234	0.0249549893	0.1133475925	-0.2087224321	0.0496250457	0.0261662504	0.0760722702	0.0601020755	0.0359208828	0.0068322673	-0.0231897558	-0.0500436514	-0.0700607062	-0.0805062393	-0.0104631325825153	0.0207759598767296	0.0001094771434392	0.0004316405087994	0.0207791843163533	-0.0134366201237129	0.0004317745008529	0.0001805427603489	-0.0252922647873958	0.0934839603843045	0.0006396986580757	0.0087392508491342	-0.0016320859246894	-0.0001636283420899	2.663704465569254e-06	2.677423433508937e-08	-0.0001897710990839	-0.0004854838704923	3.601307004751139e-08	2.356945885081843e-07	-0.0008931552183749	-0.0006038719765219	7.977262441103153e-07	3.646613640284661e-07	0.0	0.0	0.0	0.0	0.0	0.0	0.0	0.0	0.0	0.0	0.0	0.0	0.0	0.0	0.0
1919.903362467951	-5.672287843635104	3686028.921215744	32.17484938105058	2253.9712450432053	-7.7984200679898095	5080386.373481617	60.81535555682618	2161.8975003200817	-7.6314888686933955	4673800.801890218	58.2396223529912	2159.937540786071	1402.2729294566248	1.105232	27.734896	0.1460843411171856	0.0755923261408256	0.1040191223	0.0389672931	-0.0347930904	-0.029349261	0.0619468058	0.0651064577	0.0897837313	-0.044266753	-0.0531600953	-0.0059255427	-0.0564368708	0.057478349	0.0121804207	-0.0295794927	-0.016732752	0.0332846529	0.0167139625	0.0118443684	-0.0299306248	0.069468304	0.0034938929	0.0403162163	-0.1067890565	0.0113105548	0.0079330204	-0.06004094	-0.0288587692	-0.0615868647	-0.0428788318	0.0481997905	-0.0344754486	-0.0178441079	-0.0071816999	0.0609970733	-0.0532521669	-0.0267333211	-0.0645610217	-0.0419619703	0.0131903986	-0.0443432554	0.0545057234	-0.0849874301	0.1238605958	0.0130157191	-0.0002461902	-0.0316714345	0.018475716	-0.0217256175	0.0466237435	-0.1456053821	0.0093577163	0.0005446622	-0.0194266161	-0.0366256889	-0.0368799498	0.0581383164	0.0200838373	0.0300523037	0.1073354396	0.033004739	0.0049090544	0.040991791	-0.199208503	-0.0921430126	0.0856606315	0.0076954744	0.0442224686	0.0317905141	0.0178146441	-0.0233044014	0.0178999175	-0.0040666806	0.0601220791	-0.0846681798	-0.0332423692	-0.0492380963	-0.0210755297	-0.0078695381	0.0306369384	0.0360850961	-0.03233052	0.0024724553	-0.0105135631	0.0569006141	-0.047641658	-0.0056429439	0.0583123626	-0.0046968252	-0.0128380012	0.0053109098	-0.0944814554	0.0225565937	0.0564641389	-0.0179798625	-0.0429833844	0.0331224045	-0.0924394663	-0.0698322546	0.000185585	-0.0845388341	-0.0153369438	-0.1067983492	0.0023322367	0.022110343	0.0234127455	0.0117932545	-0.0523554566	0.0179923363	-0.1165802325	0.036015264	0.1134558813	0.0138073431	0.0223574331	0.1480840109	0.0055769722	0.0413059516	0.0037546733	0.0038474417	0.1178001211	-0.0312670225	0.0452705245	0.0197911302	-0.0700250083	-0.0839018951	0.0089256122	0.0542543662	-0.0378265929	-0.0358543671	-0.0265438457	-0.0386990559	0.0188294779	0.0215429492	-0.0458340037	0.0209469554	-0.0292360603	-0.0350658389	0.0234073467	0.0172862348	-0.0775077443	0.02570028	-0.0028542266	0.0757575129	0.0589314758	0.0336000067	0.0034191328	-0.0272552159	-0.0539958877	-0.0729434684	-0.0813633012	-0.0356029169445974	-0.0251397843620821	0.0012675676949639	0.0006320087577719	0.0331758303360913	0.0123966460197379	0.0011006357184891	0.0001536768325386	-0.0463331454969093	-0.0210408807095134	0.0021467603716377	0.0004427186610319	-0.0003499899809642	0.0012820959437252	1.2249298677532109e-07	1.6437700089166113e-06	3.0112825012640343e-05	0.0002198839240965	9.06782230241898e-10	4.8348940076093125e-08	-0.0006449944856796	0.0002481607326952	4.160178865570918e-07	6.15837492518681e-08	0.0	0.0	0.0	0.0	0.0	0.0	0.0	0.0	0.0	0.0	0.0	0.0	0.0	0.0	0.0
1922.526323101628	2.6229606336769398	3696107.463018665	6.879922485818931	2264.5557699492483	10.584524906043043	5128212.835210433	112.03216748664548	2165.782293246154	3.8847929260723504	4690612.94173857	15.091616078461774	2162.665990993412	1393.4384396614205	0.971611	24.381784	0.0871066511668798	0.056986126590871	0.1101701007	0.0443408157	-0.114827946	-0.0586493237	0.0360306721	0.06428702	0.1093923303	-0.0009553342	-0.0710489394	-0.0137417069	-0.1189932259	-0.0572770657	-0.0320225709	-0.0873280922	-0.0409772924	0.0120387713	0.0105107995	0.001357087	0.064134445	-0.0402014398	-0.0640505302	0.0383138606	-0.0277990745	0.1118684595	-0.0338502745	0.0264034736	0.069178486	-0.0220107012	-0.0916201321	0.0436583738	-0.0937337786	-0.0248233096	-0.0138125864	-0.0188369348	-0.0254684943	-0.0221657616	-0.0391171769	-0.0109000974	0.0349154958	0.0436700046	-0.0254342537	-0.0345794488	0.0260739893	-0.0073402035	-0.038818944	0.0502898976	0.0299393113	0.0689258434	-0.0255011967	-0.0673980463	-0.0208479527	0.0658128929	-0.0657449299	0.0557738549	-0.1264207695	-0.0042463202	-0.0223761873	-0.1402569401	-0.1042566925	-0.0157242333	0.0624320564	0.0613959681	-0.023277661	0.030771907	-0.0855278525	0.0371845846	0.0568805728	0.0868128769	0.0183667276	0.0203327232	-0.047247169	-0.0434224748	0.142519341	0.0093781893	0.0452661705	-0.0615414001	0.0437639079	0.0440907408	0.0001397807	0.0295296038	-0.0841624732	0.060275885	-0.0275212558	0.076562883	-0.0528163521	0.0526976561	0.0401103129	-0.0841996404	-0.0080331559	0.0340064708	0.0184506323	0.0110141151	0.0256232342	-0.0239593988	-0.0299520185	0.0102446681	-0.0222687498	0.0511608883	0.0172553405	-0.0381931098	0.002270935	-0.0030705572	0.0506006133	-0.0306678088	-0.0986283295	0.0522850789	-0.1114234276	0.0505470471	-0.0394789725	-0.0434386582	-0.0128894522	0.0674579029	-0.0647669515	-0.0076281933	0.0379861934	-0.0240758489	-0.0924176378	-0.009367069	0.1027158602	-0.0184338427	0.0157388968	0.0401689905	0.0388974163	-0.0807640029	0.0080764986	0.0356023596	-0.0154179454	0.0358665246	-0.0876458953	-0.0780937198	0.0217296814	-0.0343814891	0.0282131033	0.0143037213	-0.0991307425	-0.0156433451	0.0366099303	0.0634395365	-0.071936465	0.1210268205	0.0452447454	0.0754344479	0.0577350269	0.0312459714	0.0	-0.0312459714	-0.0577350269	-0.0754344479	-0.0816496581	-0.0416674287648675	-0.0060645118202701	0.0017361746198753	3.677830361819581e-05	0.0286563434159461	-0.0045194869201451	0.0008211860179726	2.042576202136351e-05	-0.1022822737990409	-0.0559491283021316	0.0104616635335019	0.0031303049577683	-0.0001289498928125	0.0002210400881516	1.6628074856355242e-08	4.88587205701113e-08	0.0001685377473263	0.0001384249223136	2.8404972273823745e-08	1.9161459117542712e-08	-0.0005929890136583	5.200547202130002e-05	3.516359703194436e-07	2.704569120158219e-09	0.0	0.0	0.0	0.0	0.0	0.0	0.0	0.0	0.0	0.0	0.0	0.0	0.0	0.0	0.0
1922.998054264537	0.471731162909009	3697921.516705195	0.222530290059486	2251.5543550433536	-13.001414905894762	5069497.013714692	169.0367895552225	2164.623563869447	-1.158729376707015	4685595.173258866	1.3426537684438276	2162.1860881621483	1396.895793443621	0.934228	23.443693	0.0513253085549396	0.0278637440746287	0.0781299195	0.0066732986	0.0038144786	-0.0240969285	0.0724600554	0.0802928337	0.0231305865	-0.0543732068	-0.0934043195	-0.0295665742	-0.0375843702	-0.0343623392	-0.050576974	-0.0651258373	-0.0709513084	0.0361356	0.0093822073	0.0249302444	0.0562843781	0.0104441263	-0.0249751782	0.0275100948	0.0009662605	0.1032225785	-0.0042448693	0.060859531	-0.0178254948	-0.0443122692	-0.0099362931	0.0205267209	0.0103728764	0.0471188691	0.0334585645	-0.0287832678	-0.0600053169	0.0694591917	0.0249967425	-0.0408424657	-0.0068738854	-0.0969244606	0.0133418461	0.0614163618	0.0383880571	-0.0520087401	-0.0331814026	-0.0149759909	0.0440050671	-0.0638257123	-0.0071871368	-0.0280701359	-0.0662698615	0.0313355283	-0.0755384594	0.0051666668	0.0277741795	-0.0513670455	0.0235174471	0.0136200788	-0.0786427791	-0.1219836669	0.0059081025	0.0812182642	-0.1088922347	-0.0432082728	0.0409991851	-0.0470834862	0.072966157	-0.0360727984	0.014077629	0.0048671968	-0.0575392041	0.0465955287	0.0778667719	-0.0197248235	0.0171034027	-0.0539348359	0.0266344056	0.0230601622	-0.0169253396	-0.0140555134	0.0073421567	0.0365640273	0.0151617041	-0.0151396271	-0.0561128725	-0.0652923824	-0.0095621659	-0.049637894	0.0319946042	-0.0113590913	0.0975898311	-0.0205964225	-0.0259549967	0.0884104487	-0.0773522548	-0.0345656254	0.0078240202	-0.0504048915	-0.0792210531	-0.0546286942	-0.0333234733	0.0487412825	0.0856856495	-0.0001512538	0.0656907313	0.037450969	-0.0231153536	0.0354667801	0.0134418859	-0.0321594077	0.0355775471	0.0033849288	-0.01102884	0.035574491	0.0293141996	-0.0121420771	-0.0726679284	-0.0044421728	0.0820298465	-0.0113343812	-0.0213147416	0.0873581361	0.0062286632	0.0100147287	-0.0018829535	0.0723608132	-0.0103382112	0.0596715245	-0.0596485501	-0.0495949967	0.0189311292	-0.0109942896	-0.0061855937	-0.0019438239	-0.1037423437	0.0341397995	-0.0334922287	0.011422471	-0.0121412283	0.037706074	0.0398390764	0.0751031108	0.0565132535	0.0288611001	-0.0034191328	-0.0351510839	-0.0612463124	-0.0775202656	-0.0813633012	-0.0484416825506883	-0.0067742537858207	0.0023465966083416	4.5890514354707415e-05	0.0266517615834231	-0.002004581832523	0.0007103163954996	4.01834832328127e-06	-0.0780119696072603	0.0242703041917805	0.0060858674020041	0.0005890476655615	7.703645744920409e-05	0.0002059863502617	5.934615776323032e-09	4.2430376494137446e-08	0.0001679832880863	-5.544592399999999e-07	2.821838507628486e-08	3.074250488213775e-13	-0.0004340064482637	0.0001589825653946	1.883615971344717e-07	2.5275456099448272e-08	0.0	0.0	0.0	0.0	0.0	0.0	0.0	0.0	0.0	0.0	0.0	0.0	0.0	0.0	0.0
1920.6119700005609	-2.386084263976045	3688750.3393094353	5.693398114794104	2248.240907148881	-3.3134478944725743	5054587.176577623	10.978936949384735	2158.8988598821097	-5.724703987337307	4660844.287200273	32.77223574263566	2156.0052036949173	1382.4085040964594	0.906243	22.741421	0.1835230334068325	0.1138733786180049	0.0751549649	0.0057668367	0.0284944442	0.0076267257	0.0961648112	0.0895543013	0.0004008522	-0.0426657525	-0.0067026717	-0.0018936021	0.0410255816	-0.017133702	-0.0553082837	-0.0414940384	-0.0607310315	-0.0206772632	0.0260425252	0.0209291124	-0.0518142653	0.0370479969	0.0419106312	0.0559031969	-0.1076612092	0.0424586468	0.0448770142	-0.0167775851	0.005895779	-0.0429756977	-0.0079142643	-0.0131597083	0.0121439158	0.065208845	0.0388899424	-0.0232261165	0.0001862218	0.0551731052	0.0197890514	-0.05108226	0.0527663464	-0.0119257635	-0.0537194567	0.0277098153	-0.0723470532	0.0047351512	0.0459055753	0.0263676021	-0.0197862556	0.0706913408	0.0343001097	-0.1278154681	-0.0021489056	-0.0454334244	0.0516199812	0.0178842924	0.0592354684	-0.0372541177	-0.0060974572	-0.0486205613	-0.1191575654	-0.0654198178	0.0028208289	-0.0701603905	0.039731087	0.0717290443	0.0301548721	0.00412437	-0.0330311746	0.064002227	0.0247859633	-0.0399078045	0.025937945	0.0516633105	0.0166575062	-0.0751714221	-0.0159290957	-0.1002248427	-0.0715233776	-0.0414101344	0.0411460731	0.0034504778	-0.0223565039	0.0234900372	0.0255800288	0.001532974	-0.0024052048	0.0421637125	-0.0210262516	-0.0053765515	-0.0130201029	-0.0202750451	0.0673771165	-0.0526513226	-0.0296950553	0.0444499985	-0.0332126876	-0.1036224262	-8.16307e-05	-0.0242333355	-0.0100811169	0.0269995795	-0.0257752641	-0.0472822145	0.0726659451	0.0031380351	-0.0319401146	-0.0743557926	0.0460579442	0.0101293374	-0.0344590316	0.0006497903	-0.0064604832	0.0104726719	-0.0505255251	-0.0163900193	0.0126443479	-0.0200419498	-0.0273008629	0.0051552915	0.0675285483	-0.0137914394	0.0005613005	0.0098550556	-0.0634797771	-0.0293697118	-0.0135534372	0.1054527305	-0.0281379508	0.0220197567	-0.0727976106	0.0618996703	-0.0192828325	0.0110100565	-0.0404400348	0.0019960892	-0.0454359379	-0.0048382767	-0.0357685454	0.0242074369	-0.0081380569	0.0092150533	0.0264239289	0.0747635377	0.0552666915	0.0264477464	-0.0068322673	-0.0389598496	-0.0645158866	-0.0791897184	-0.0805062393	-0.0485974703924654	-0.000155787841777	0.0023617141285465	2.4269851645565787e-08	0.0382272639268137	0.0115755023433905	0.0014613237073302	0.0001339922545018	0.0323299027527994	0.1103418723600597	0.0010452226120054	0.0121753287959237	-0.0004330906015053	-0.0005101270589545	1.8756746911222258e-07	2.6022961627757215e-07	-0.0002458401366542	-0.0004138234247405	6.043737279015573e-08	1.712498268639563e-07	-0.0007390533818008	-0.0003050469335371	5.461999011511991e-07	9.30536316603879e-08	0.0	0.0	0.0	0.0	0.0	0.0	0.0	0.0	0.0	0.0	0.0	0.0	0.0	0.0	0.0
1918.72889018432	-1.883079816240752	3681520.5540279527	3.5459895943333035	2261.600963708126	13.360056559245097	5114838.919045525	178.49111126622788	2162.9462350879658	4.047375205856042	4678336.415881205	16.381246056978238	2159.940389925079	1373.5704997055886	1.0086	25.310003	0.1552047118970817	0.0927324968723589	0.0748626704	0.0397126033	-0.0994956795	-0.057858921	0.0420578453	0.0494222628	0.0556719318	0.0071131448	-0.0695684091	-0.0437496182	-0.0485434825	-0.0620581692	-0.0375450039	-0.0580727469	-0.0995963332	0.080991546	0.0117395872	0.0017701124	0.0215653658	0.0109078423	-0.0466947887	0.0069547211	-0.0592250036	0.0399549304	0.0053228868	-0.0199095754	-0.0009686248	-0.008328344	-0.0572667707	0.0453395466	0.0173533139	-0.0841319513	0.0371811472	-0.1680593187	-0.024652146	-0.0181925688	-0.0148943232	-0.0003503565	0.0638695066	0.0068805554	-0.012118757	0.0556757862	0.0139393257	0.0249782817	-0.015441237	0.1020638435	-0.06001669	0.0164370852	-0.0672577425	0.0099567395	-0.0512715875	0.0935211646	-0.0704073719	0.0616566722	-0.0204642327	0.1174462887	0.0494406034	-0.0612683271	0.0925856727	-0.0115655492	-0.1028008196	0.017325351	0.0166429174	-0.0961129078	0.1201286757	-0.0026621735	-0.1012656263	0.0118673539	0.0140233841	-0.0193573595	-0.0036199217	-0.0077591564	0.1133379687	-0.0435161189	0.0166203218	-0.0314355541	0.0106092256	0.0041472947	0.0315329013	0.0119500968	-0.0736844424	-0.0330653111	0.0260018759	0.0425363306	-0.0467218597	-0.0156281739	-0.0383642226	-0.0538017288	-0.0380162669	-0.0075689497	0.0381428349	-0.0103545189	-0.0598541867	0.0555508225	-0.0564882557	-0.0099564418	0.0379084133	0.0776953524	0.019727932	0.0517698925	0.024779657	0.0883579434	-0.0753525169	0.0662946183	-0.0179805182	0.076856188	-0.0458060752	0.0340184422	-0.0470672149	-0.0048375134	0.113758336	-0.0320337849	0.0370818746	-0.108097535	0.0259205925	-0.0124916268	0.1052024508	-0.0043347264	0.0554065712	-0.0015955013	-0.0095257555	0.0067765859	0.0864202505	-0.0936694261	-0.0092489437	0.0687314977	-0.0201360539	0.0116904105	-0.0647953436	0.0150316678	0.0074232836	-0.0226410384	-0.0050725252	0.0449435449	-0.1018447085	0.0098712253	0.0067250305	-0.0052983784	0.0608744121	0.0368231167	0.0414349865	0.0744157659	0.0539958877	0.024008292	-0.0102334157	-0.0426618292	-0.0675308461	-0.0804338397	-0.0790844839	-0.0362429374075645	0.0123545329849008	0.0013135505119286	0.000152634485275	0.0410845867245797	0.002857322797766	0.0016879432663295	8.16429357063333e-06	-0.0455701064498086	-0.077900009202608	0.0020766346018468	0.0060684114337664	0.0004549767609738	0.0008880673624791	2.070038530262103e-07	7.886636403005852e-07	-8.762373308446314e-05	0.0001582164035697	7.677918599657241e-09	2.5032430358541844e-08	-0.0005434802096135	0.0001955731721873	2.953707382415339e-07	3.8248865679403295e-08	0.0	0.0	0.0	0.0	0.0	0.0	0.0	0.0	0.0	0.0	0.0	0.0	0.0	0.0	0.0
1923.8789035001007	5.150013315780598	3701310.0353327496	26.522637152717465	2244.338336366596	-17.26262734152988	5037054.568084781	297.9983027325349	2165.766409199772	2.820174111806409	4690544.139218075	7.953382020903069	2162.7946876189994	1421.9207276369218	1.09065	27.368969	0.0574590505619479	0.0257526533968356	0.0483118648	-0.0259792712	0.0766784306	-0.0341371724	0.0907541908	0.0473662158	-0.0039812434	-0.0508210586	-0.092793749	0.0199371013	0.086562614	-0.0206963838	0.0113841831	-0.0477080464	-0.0657866548	-0.0550452917	0.0013193465	0.0497255355	0.0414244185	-0.0084135407	0.0816492348	0.0116102092	-0.0587586347	0.0499381753	0.0278724089	0.0170159379	-0.0138164613	0.0433857897	-0.0682296488	-0.1010228005	-0.0698635373	-0.0249023966	-0.0504318886	-0.0323603491	-0.0617665811	0.0676466345	0.0451773508	-0.0026939868	-0.0125452453	-0.0303294149	0.0137148043	-0.075296809	-0.075873201	-0.0218102002	-0.0513790321	-0.0071780168	0.0009950622	0.0543789396	0.0638282534	0.072166977	-0.0985336722	0.1101737036	-0.0203189891	-0.0812903485	-0.1054356839	0.1140294102	0.007759872	0.0765270389	0.0555537177	-0.0522993182	0.0298630696	-0.0834182925	-0.0563224099	-0.0187265543	0.096263633	-0.1032823725	-0.0428965537	-0.0707535643	0.0033846565	0.0015096078	-0.0707424903	0.0753189115	0.0104710647	-0.0538271968	0.041287226	-0.0425061892	-0.0773657071	0.0135004999	-0.0198071735	0.0165846392	0.0292377329	0.0412577799	0.0033281814	0.0216012049	-0.0463646894	0.0014097782	-0.0319559444	-0.1129195102	-0.1001848199	0.0530719415	0.0302599608	-0.0116830664	-0.0118638757	0.0349398254	-0.0131395536	0.0139995045	0.0727476196	0.0227290239	0.0292655749	-0.1029522439	0.0451903152	0.0508898556	-0.0749458517	-0.1044615312	-0.0650932189	0.0043880113	0.0051402463	0.0776742187	-0.0723682726	0.0492204456	0.0039732555	-0.0132098765	0.0470319831	0.0583541282	0.0588036893	-0.1254729577	0.0523056687	0.0014273227	0.0549157454	-0.0012607466	-0.0309874353	0.0880880878	-0.0127262832	0.0445347084	-0.0005678376	0.1099476811	-0.0002673749	0.0084926746	-0.0699692971	0.0313899398	-0.0084078274	-0.0059537796	-0.0100843395	-0.055361616	-0.0508466299	0.0287678848	-0.0529445833	0.0337200822	-0.0510346885	0.0068747922	0.0711805052	0.0740598336	0.0527013995	0.0215451443	-0.0136166111	-0.0462468756	-0.0702792922	-0.0812459471	-0.0771080077	-0.0294770205746459	0.0067659168329185	0.000868894741958	4.577763058997125e-05	0.0227219359275778	-0.0183626507970019	0.0005162863722969	0.0003371869442926	-0.0456488247870296	-7.871833722099958e-05	0.0020838152044369	6.196576614839008e-09	0.0001980033547376	-0.0002569734062362	3.9205328487343865e-08	6.603533151263506e-08	8.917329532565077e-06	9.654106261702822e-05	7.951876599235729e-11	9.320176771224964e-09	-0.0008350010326564	-0.0002915208230429	6.972267245372543e-07	8.49843902676098e-08	0.0	0.0	0.0	0.0	0.0	0.0	0.0	0.0	0.0	0.0	0.0	0.0	0.0	0.0	0.0
1919.2704947006453	-4.608408799455447	3683599.23182846	21.23743166289839	2261.2227945038767	16.88445813728049	5113128.5263839215	285.0849265895773	2163.567227478812	-2.1991817209600413	4681023.147820354	4.8364002418047685	2160.106046920552	1405.2266057392765	0.940983	23.613203	0.1150809719028981	0.0570958085326263	0.0558835714	0.0284540904	-0.0194760715	-0.0525274062	0.070080965	0.0625866692	0.071159643	0.0145151116	-0.013742431	0.0444873744	0.0535824247	0.0103940835	-0.0064499407	-0.0493899479	0.0261457407	0.0106798873	0.0010703707	0.0277457157	-0.0002955903	0.0104618208	0.0110480347	-0.0111900465	-0.1001374643	-0.0090215454	-0.003578111	-0.045370733	-0.0363070024	0.012499392	-0.0256861534	0.0706533089	0.002175388	0.0597365516	0.0153231898	-0.0304993716	6.97647e-05	0.0475118551	0.0002263724	0.0339817585	-0.0311970695	-0.091166554	-0.0394457327	0.0047557995	0.1077651322	-0.0723330897	-0.0261358051	-0.0708410549	-0.0021494639	-0.0539749299	0.0332797539	0.0034689606	-0.0935413472	0.1073467204	0.0217801572	-0.0638650747	0.0285665179	0.0117278742	0.0309759915	0.0089166843	0.0680619974	0.0381041709	0.0014041542	-0.0572975342	0.1663344178	0.0741995398	0.0381198763	0.0478623269	-0.0689021437	0.0687907018	0.0034711921	-0.0330840382	-0.0025449731	-0.0049267855	0.038459508	-0.0789791729	-0.004136897	0.0080868768	-0.0764506313	0.0008157566	0.0390249871	0.0294924916	0.0110924945	0.0019164564	0.0567799541	0.0284929146	-0.0674247089	-0.0827237645	0.002150334	-0.0167658282	0.0321465955	-0.0097235776	0.0476428883	0.102378439	-0.0186315148	0.0538535522	0.0451293716	-0.0180064067	-0.0716164065	0.0027265074	0.0942138775	-0.031781411	-0.0366698574	0.0442323425	-0.0374139839	-0.0608160263	0.0557969288	0.045103169	0.0928952981	-0.0295642472	-0.0330129583	0.0946246244	-0.0146463896	0.0067135833	0.0706537512	-0.0586341449	-0.0199164064	0.0104802363	0.075637823	0.0023725548	0.0528844756	-0.0204156946	0.0387205739	-0.026088852	-0.039753061	-0.0546199239	-0.0019255511	0.0803098323	-0.0126616527	-0.0243307594	-0.0436964621	0.0497214029	-0.020523136	0.001760848	-0.0449895795	-0.0003725656	-0.0380739634	-0.0371803569	-0.0108656634	-0.0246272112	-0.0120313419	0.0217367301	0.0051036018	0.0736957799	0.0513837948	0.0190607341	-0.0169759185	-0.0497051625	-0.0727503781	-0.0816216788	-0.0745906743	-0.0352585246904197	-0.0057815041157738	0.0012431635633449	3.342578984070939e-05	0.0393522552055287	0.0166303192779509	0.001548599989761	0.0002765675192865	-0.0038933211744094	0.0417555036126202	1.515794976710459e-05	0.0017435220819435	0.000973963068468	0.0007759597137304	9.486040587396022e-07	6.021134773325643e-07	-0.0001048439267092	-0.0001137612562417	1.0992248967804102e-08	1.2941623421704534e-08	-0.0007064491046975	0.0001285519279589	4.990703375278993e-07	1.6525598181950217e-08	0.0	0.0	0.0	0.0	0.0	0.0	0.0	0.0	0.0	0.0	0.0	0.0	0.0	0.0	0.0
1920.6473548022384	1.376860101593138	3688886.261508836	1.8957437393590664	2264.3890972715435	3.1663027676668207	5127457.983842236	10.02547321653457	2164.3495899190634	0.7823624402512905	4684409.147382818	0.6120909879159542	2162.323791216005	1407.4514355149802	0.929115	23.315372	0.0720721538527016	0.0402341090505455	0.0364938548	0.0002546911	-0.0206721295	-0.062416684	0.045406903	0.0218424658	0.0965285554	0.0125445523	-0.0687953662	0.0298562133	0.027718659	-0.0299633224	0.0280177032	-0.0436150548	-0.066688863	0.0475141003	0.0016805539	-0.0006401753	0.0319302223	-0.0248497227	-0.0318037682	0.0171375139	-0.0245455473	0.0594362805	-0.0722582479	-0.0010888159	0.0341822171	-0.0057982887	0.0295317079	-0.0055616998	0.0210165519	-0.0169435536	0.0558857758	0.0609162258	0.0246465277	-0.0385975904	-0.0259316446	-0.086044914	0.0091537087	0.0415762715	-0.0642934512	-0.0330999008	0.0471169797	-0.0231706875	-0.0533715841	0.0772031404	-0.0328880253	-0.0924369889	-0.0552792096	0.0884694129	0.0964796629	-0.058125366	0.0284239477	7.38278e-05	0.046603274	0.0270834428	-0.0381141373	-0.07041995	0.0945191509	0.0433062631	0.0289922121	0.0061857742	-0.0154844526	-0.0494324455	-0.0050431966	0.0475649586	0.0085099171	-0.0043232175	0.004969314	0.0206937576	-0.0343008103	-0.0316667927	0.0667683227	-0.0461562149	0.0387285443	-0.0306360288	0.0195796292	0.0637236772	-0.0146112748	0.0282763627	-0.021337173	0.0548206769	0.0294353056	-0.0128263482	0.0428833348	-0.0170648509	-0.0108777882	0.0108531277	0.0257764841	-0.0365798768	-0.0733955106	-0.0404095385	-0.0280160386	0.016035046	-0.0188234568	0.0461842954	0.0085903493	0.0672872603	0.0488552213	-0.0445742552	-0.0263202238	0.0072460379	-0.0283070128	0.1022153182	-0.016213563	-0.0178559803	0.0282209416	-0.014422229	0.0780568944	-0.0553484451	0.0671825081	0.055810379	0.0314668644	0.020188896	0.0008014076	0.0159331136	-0.0241100919	-0.0045035153	0.0278979441	0.0034541955	-0.0195935679	0.0502444604	0.0762460494	-0.0213866723	-0.0065553896	0.0706028889	0.0201695924	-0.0362398511	-0.0500269414	0.0395977869	0.0001420112	0.0001414983	0.0018898489	-0.0416887626	-0.114196029	-0.0005399189	0.0106046618	-0.0508695542	-0.0146804542	0.0215936596	0.0209407153	0.0733236445	0.0500436514	0.0165575133	-0.0203054443	-0.0530272111	-0.0749343514	-0.0815590168	-0.0715501408	-0.0355960047308343	-0.0003374800404146	0.0012670755527975	1.138927776782423e-07	0.0442363126648928	0.004884057459364	0.0019568513581861	2.3854017266370106e-05	-0.035032172085252	-0.0311388509108426	0.0012272530810107	0.0009696280360476	0.0013089855703839	0.0003350225019158	1.713443223473264e-06	1.1224007678998917e-07	-3.11623702224928e-05	7.368155648670721e-05	9.710933178837055e-10	5.428971766303825e-09	-0.0010119803551365	-0.000305531250439	1.0241042391821969e-06	9.3349344994819e-08	0.0	0.0	0.0	0.0	0.0	0.0	0.0	0.0	0.0	0.0	0.0	0.0	0.0	0.0	0.0
1919.398315891884	-1.2490389103543291	3684089.8950486006	1.5600981995791303	2258.4608981970587	-5.928199074484837	5100645.628685065	35.14354426672288	2164.411019058032	0.0614291389683785	4684675.059419828	0.0037735391143963	2162.636232164171	1389.8869443109652	0.927231	23.268116	0.1155607329037732	0.0576802497213616	-0.0118893847	-0.0175900066	0.0392059458	0.0143080946	0.0274586649	0.0123042446	0.0350293102	-0.0113600656	-0.0419547916	0.0637230411	0.0521348946	0.0238279295	0.0202875654	-0.0074038385	-0.0177954465	-0.0202372923	-0.008546718	0.0263556799	0.0200248493	0.0326729397	-0.0250753208	0.0456216982	-0.0378762724	0.0055172771	-0.007049715	-0.0297055081	-0.0010064258	-0.0493642268	0.0443135341	-0.0391614869	0.0212164018	-0.049213184	0.0727879578	-0.0018910541	0.0065591003	-0.0220440993	-0.0243081417	0.023735246	-0.00839565	-0.0086764005	-0.0670264669	0.0264680896	0.0245079441	0.0452502829	0.1005068028	-0.0039968325	0.020124889	-0.0097575277	-0.0552333509	-0.003438571	0.0028822102	-0.0273683049	-0.0146574284	0.0219018323	0.0192617356	0.0220029421	-0.1271151994	-0.0624423379	0.0213838577	0.0697143445	-0.0051088601	-0.0328094601	-0.023548549	-0.0488704221	-0.0411648221	0.0623807636	-0.0560839317	-0.0491436543	-0.0068578346	0.006097491	-0.0421462647	0.0017440397	0.001673704	-0.0733393248	-0.0131086977	-0.0205403254	0.0159791279	-0.033523974	-0.0026908951	0.0183742382	0.0053255636	0.0230198291	0.0006232887	-0.0564247777	0.0366523365	0.0102711924	-0.0091754212	-0.0337089097	-0.0050376205	-0.0587264214	-0.0744740535	0.0515568616	-0.0299397844	0.0116835198	-0.0548887868	0.0039751687	0.0214634861	-0.0237060919	0.0089925152	0.1077016814	-0.0372463736	0.0203179277	-0.0193317385	0.0287822352	0.0104502913	-0.0163582961	0.0089801687	0.0053182786	0.0043594492	-0.1027416617	0.0370145563	0.0729395192	-0.043266654	-0.0200907336	0.0245947185	-0.0318076271	0.0881033081	0.0009210174	0.0059175949	-0.0131811566	0.0041836314	0.0438581335	0.0060607098	0.0140218016	0.0017551999	0.0596640772	0.0142467832	-0.076593324	-0.017098172	0.0659601115	0.0079061321	0.0130185627	-0.0110788188	-0.0906253798	-0.0841546245	-0.0145038054	-0.0215140911	-0.0689036382	-0.0116800498	-0.051601632	-0.0668378204	0.0729434684	0.0486815572	0.0140379523	-0.0235993474	-0.0562039158	-0.0768225931	-0.0810582975	-0.0680077345	-0.0456621626221505	-0.0100661578913161	0.0020850330953317	0.0001013275346929	0.0438092555174591	-0.0004270571474336	0.001919250868994	1.823778071742079e-07	0.007169620860516	0.042201792945768	5.140346328354619e-05	0.0017809913278374	0.0021104063675153	0.0008014207971313	4.453815036049123e-06	6.422752940747285e-07	-0.0002478154987981	-0.0002166531285756	6.141252144455111e-08	4.693857812159859e-08	-0.0007727397824584	0.0002392405726781	5.971267713938554e-07	5.7236051615345286e-08	0.0	0.0	0.0	0.0	0.0	0.0	0.0	0.0	0.0	0.0	0.0	0.0	0.0	0.0	0.0
1920.2371201789665	0.8388042870824393	3687310.5977132106	0.7035926320278791	2264.49123359449	6.030335397431372	5127920.547026295	36.36494500551379	2161.0712507782373	-3.339768279794498	4670228.950940215	11.1540521627215	2158.707256421103	1386.4080242057312	0.841292	21.111546	0.0429394398394619	0.029031017838122	-0.0095371488	0.0012119315	0.0039194552	-0.0057744813	0.0389386534	-0.0162764463	0.0368724863	-0.0093415106	0.0049674957	0.0641624852	0.0350223083	0.0565645718	0.016035815	0.0155560621	0.0569333207	-0.0530634037	0.0065580794	-0.0134028975	-0.0265784416	0.0188231633	-0.036984605	0.0167322163	-0.0678240635	-0.0452541646	-0.0135194813	-0.0621817273	-0.036848262	0.0276843951	-0.010982979	0.0709262356	-0.1060894283	-0.0315114729	0.0471002554	-0.028850868	0.0150962198	-0.0286821304	0.010670585	0.0700579154	-0.0639054206	0.1271178857	-0.0299189666	-0.0562567694	-0.0779437005	-0.0343953977	0.0135175779	-0.06560982	0.0132509103	0.0109733427	0.0572365105	0.0451855164	0.0011113987	0.0163144317	-0.0735487253	-0.0974547569	-0.0196455389	-0.0231924376	-0.0381035915	0.0041791791	0.0079104302	-0.0080819689	-0.0011770494	0.049400747	-0.0037170557	0.0174700138	0.039799955	0.0492957709	-0.033679491	-0.0048772795	0.0073884059	0.0025821466	0.0199102279	-0.0416219138	-0.0217962648	-0.0786269653	-0.0152101133	0.004665189	-0.0155942926	-0.0339477884	-0.0022225413	0.0428745874	0.0007764061	-0.0170078576	0.0523253141	0.0318060813	0.0420921761	0.0715618758	0.035206508	-0.0222359886	0.0033563562	-0.0426951704	-0.0491153666	0.0921562526	0.0124202713	-0.1068324535	0.0708396418	0.00917319	0.0158956525	0.1057591103	0.0318522114	-0.0306835523	0.0732965704	-0.0105051115	-0.0910624244	-0.0830106346	0.0240900169	-0.0496051193	0.0171220924	-0.0787092636	0.035147868	-0.0155235714	-0.0397024488	0.0220955658	0.0381428297	0.0027004809	0.0472344882	-0.0374434463	0.0165122548	0.0027732034	-0.0034082182	-0.016286526	0.0167497867	-0.0160057963	0.0017608538	-0.0394764624	-0.0053945545	0.05763617	0.0029208749	-0.0883566577	-0.0185323729	0.1022795677	-0.0243183724	-0.0101143875	-0.039407655	-0.0647401169	-0.019391261	-0.0372458753	0.0231260966	-0.0681638368	0.0025371922	0.0115851931	-0.0775553309	0.0725552932	0.0472981097	0.0115045374	-0.0268518493	-0.0592265694	-0.0784076511	-0.0801222105	-0.0639883028	-0.0457496122405132	-8.744961836270465e-05	0.0020930270201573	7.647435751782691e-09	0.0528884812183179	0.0090792257008587	0.0027971914455803	8.243233932713493e-05	0.0083998498782165	0.0012302290177005	7.055747797657376e-05	1.5134634359923374e-06	0.0019766017673043	-0.0001338046002109	3.906954546510482e-06	1.7903671037625482e-08	0.0002522199632624	0.0005000354620605	6.36149098680864e-08	2.5003546331805774e-07	-0.0007897504302377	-1.7010647779300064e-05	6.237057420606323e-07	2.893621378714062e-10	0.0	0.0	0.0	0.0	0.0	0.0	0.0	0.0	0.0	0.0	0.0	0.0	0.0	0.0	0.0
1923.381417183953	3.1442970049865835	3699396.075968552	9.8866036555676	2267.35075563373	2.8595220392398915	5140879.449072846	8.176866292898668	2164.4281969242047	3.356946145967413	4684749.419640564	11.269087426925468	2162.436158538115	1385.229278038913	0.8662889999999999	21.738817	0.0639195407983924	0.0367223978674417	0.0029450034	-0.0110125285	0.0110141863	0.0150951521	0.007419569	-0.0391063961	0.0256058836	-0.0141452582	-0.0240790503	0.0379393497	-0.0188777733	0.0754933279	0.0434134576	-0.0092637761	0.0556339565	-0.0661410007	-0.0103350127	-0.0120400301	0.0175469183	0.0136355564	-0.017256426	-0.0326864491	-0.0424916016	-0.0689691537	-0.0068955284	-0.0312742688	-0.0760617537	0.0568751275	-0.0452052539	-0.0205101024	-0.029085696	-0.092376628	0.0925036473	0.0105321473	0.0708402323	0.0831987701	-0.020341371	0.0592601359	0.0880327666	-0.0705148567	-0.0903671599	-0.0359480607	0.0458823944	-0.0686665527	0.0880133898	-0.0116545738	0.1032401022	-0.0066003983	-0.0248103037	0.1059874073	0.0670582239	-0.029153319	-0.0205781866	-0.0065270188	-0.0676969695	-0.0742902369	0.0592853749	-0.0063217234	0.0255948379	-0.060232303	0.072097253	0.0060731538	0.0045156861	0.049501876	-0.0176204254	-0.0004522422	-0.0535080001	-0.0303215705	-0.0082324486	0.024492897	-0.0184358321	-0.0304032569	-0.0020849276	-0.0526340429	0.0101045653	0.0367970633	-0.0159934392	-0.0067628351	-0.0087590576	-0.0046982975	0.0143923652	-0.082762079	0.0359811088	0.0109435157	0.028659277	0.0341885754	-0.0620737435	-0.1126917709	-0.0451688014	-0.0435878327	-0.0788388791	0.0616007409	-0.1158025575	0.0260294305	0.0550200222	0.0066391877	-0.0832543762	-0.0661002191	0.1337452358	-0.0141198026	0.0486658919	0.0233089437	0.0526294918	-0.0147220363	0.028293928	0.0100252503	-0.0820819983	-0.0343493345	0.0942246341	-0.0422050279	-0.07200641	0.0048108358	0.0232588871	-0.0256704995	0.0032884163	-0.0054553115	0.0616659209	0.0023251651	-5.6368e-05	-0.0060293309	-0.0201355212	0.0332122197	0.0520286614	0.0019714261	0.0088990562	0.0162816785	0.0268627725	-0.0705496383	-0.0034605807	0.0648112283	-0.0059902219	-0.0047942521	-0.0064348336	-0.0541272733	-0.0780231995	-0.0016743731	-0.0021351214	-0.0421752665	0.0223384155	-0.0308837165	-0.0418631781	0.0721591615	0.0458939156	0.008959769	-0.0300572439	-0.0620868871	-0.0796832699	-0.0787557834	-0.0595200392	-0.0521339638790721	-0.0063843516385588	0.0027179501897443	4.075994584476967e-05	0.0604457227783257	0.0075572415600078	0.0036536854021942	5.711189999630918e-05	-0.0169866922719492	-0.0253865421501657	0.0002885477143418	0.0006444765223421	0.001940135569398	-3.646619790630005e-05	3.7641260276433018e-06	1.3297835897414415e-09	0.0002208232565608	-3.1396706701599986e-05	4.8762910638116905e-08	9.857531917062935e-10	-0.001213715634623	-0.0004239652043852	1.4731056417283117e-06	1.7974649452946914e-07	0.0	0.0	0.0	0.0	0.0	0.0	0.0	0.0	0.0	0.0	0.0	0.0	0.0	0.0	0.0
1923.5797396049545	0.1983224210014214	3700159.014618665	0.039331782671865	2258.9445273659444	-8.406228267785536	5102830.37771655	70.66467369011662	2165.0732950637152	0.6450981395105373	4687542.372998053	0.4161516095999566	2162.7909630669487	1383.6639020901678	0.893553	22.422976	0.0458489073962079	0.0213518108319237	0.0066204261	-0.0239742899	0.0588662798	0.0734028408	-0.0182350442	-0.0757459682	-0.0220073448	-0.039847859	-0.055969738	0.0190577951	0.0059369125	0.088130848	0.0175067285	-0.0002470809	0.0068879271	-0.1027705301	-0.0127413482	0.0158490271	0.0191005344	0.0148661907	0.0414881535	0.051746304	-0.0458293724	-0.033024515	-0.0216341177	0.0079824424	-0.0498956073	-0.0135927666	-0.0214422	-0.0477145093	-0.0735002391	-0.0841969724	-0.0882497854	0.0118349971	-0.1283601062	0.0211446398	0.0719430271	-0.0095239222	0.0585080541	-0.0039078614	-0.0708017568	-0.0279949335	4.8324e-05	0.0304494859	0.000296395	-0.0009712758	0.0112994842	0.0419173955	-0.0806322116	-0.0163747058	0.0474783889	-0.0869155947	0.0534220265	-0.0060675143	0.0025903866	-0.073033433	-0.0067081981	0.0776826721	0.0081951489	-0.060803429	0.0765820717	0.0149541062	0.0129041763	0.040119343	-0.0589480085	0.0416902956	-0.0904761134	-0.0521871358	-0.010529163	0.0193616119	-0.0466816385	-0.0026104145	-0.0668499081	-0.0607361464	-0.0162990592	-0.0366681866	-0.0367981442	0.0118004325	0.0102108559	-0.031869509	-0.0073091495	-0.0186036799	-0.0233994294	-0.0166621675	0.0009434547	0.0347889192	0.0387787871	-0.0706793315	-0.1806901587	-0.0409488774	0.0111040392	-0.012649095	0.0710317084	0.0210863119	-0.0488291268	0.0086625735	-0.0181946108	0.0019854218	-0.0189170291	-0.0175267182	-0.0084869747	-0.0508731571	0.0690829224	-0.047688483	0.0164660166	-0.0184217701	-0.0547539275	-0.082733408	0.0589550791	-0.0456140284	-0.0230743664	-0.0609667695	-0.0349814457	-0.0429350156	-0.0037393064	-0.0253966599	0.0703043562	0.0014261191	0.0132182188	-0.013153511	-0.0121339068	0.0279511277	-0.0270826209	0.0369901631	0.011881064	-0.0230037151	0.0477770169	-0.0399487353	0.0055063389	0.0802329919	-0.0145233182	0.0094645943	-0.0378833172	-0.0538675758	-0.0435441531	-0.0335453328	-0.0480383154	0.0198271313	0.0074534323	-0.0266961578	-0.0096693432	0.0717551168	0.044469591	0.0064061583	-0.0332099078	-0.064777029	-0.0806444153	-0.0769663555	-0.0546342852	-0.0457341888052411	0.006399775073831	0.0020916160256734	4.095712099562858e-05	0.0636847629785535	0.0032390402002277	0.0040557490356345	1.049138141869169e-05	-0.0247145346784734	-0.0077278424065241	0.0006108082243734	5.971954826007372e-05	0.0017713372109204	-0.0001687983584775	3.137635514791262e-06	2.8492885824732352e-08	0.0005759657268142	0.0003551424702533	3.3173651846460964e-07	1.2612617417768705e-07	-0.0011680114690415	4.570416558150005e-05	1.3642507918124828e-06	2.088870751501173e-09	0.0	0.0	0.0	0.0	0.0	0.0	0.0	0.0	0.0	0.0	0.0	0.0	0.0	0.0	0.0
1918.909558032503	-4.670181572451611	3682213.891908496	21.8105959196666	2255.4536669182053	-3.490860447739124	5087071.243614779	12.186106665589394	2159.0618512072724	-6.011443856442838	4661548.077338574	36.13745723916434	2156.8328464276137	1362.4680723974088	0.916633	23.002155	0.0275150346479625	0.0143823294629645	0.0131222392	0.0089966355	-0.0225198762	0.0539878897	-0.0412396828	-0.0753427538	-0.0438844577	-0.0082253637	0.0396579287	-0.0610296044	-0.0133053768	0.0390387588	0.0072208277	0.0015870697	0.0096058512	-0.0276079009	0.0150291469	0.0027709619	-0.0661038296	0.0164914637	0.0089092753	0.0851365926	-0.0387438922	-0.0556855734	0.0086927714	-0.0004003989	0.0110742919	0.1045810826	-0.0330995032	0.0324714769	-0.00640622	-0.0570977005	-0.0244423695	0.0927042835	-0.024126182	-0.1441215977	0.0798168588	0.0599599157	-0.0117629003	-0.0379714013	-0.0054607547	0.0172550292	-0.0401984161	0.011861867	-0.0440632578	0.0175019649	-0.1497088649	0.0926072009	0.0806150885	-0.0660327791	-0.0348660896	0.0196014344	0.0074635459	0.0137593967	-0.0250872631	-0.06905672	0.0936179662	-0.021206306	0.0398607192	-0.1066735084	-0.0179353243	0.046180094	0.0641439755	0.0759411475	0.0065970535	-0.038143052	0.01975082	-0.0366117747	0.017681472	-0.0095770781	0.0137310584	-0.0593812906	-0.0826762903	0.0298128285	-0.0935872954	-0.0741685082	-0.067456202	-0.0054335933	0.0316879611	-0.0033756386	-3.0375e-06	-0.0129881302	-0.0223425296	0.0894087581	-0.0362898938	-0.0051816787	0.0555480552	-0.0019968687	-0.0279281006	-0.1150884644	-0.0127386474	-0.0821622177	-0.0006495659	0.0200682794	0.0693647116	0.0181653626	-0.0288446474	0.0268590866	-0.0526449827	-0.0267465727	0.062423846	-0.1297318106	-0.0664249796	0.0054116574	-0.0417352119	-0.054650906	-0.0634464717	0.0310643072	-0.0268408301	0.1175374355	-0.0312314809	-0.0439361928	-0.003530997	-0.1079984131	0.01315671	-0.0074484642	-0.0595931574	0.001470149	0.0164724079	-0.0188656673	0.0232499241	-0.0445580872	-0.0319620234	-0.0353912375	0.020374139	-0.0518868787	0.0361049862	0.0087550573	0.0108628226	0.0876773458	-0.0363162695	-0.0157313691	-0.0632311414	0.0019820748	-0.0395904628	-0.042102892	0.002310645	0.012821973	0.0367579076	0.0258504069	-0.0291498127	0.0713432033	0.0430257605	0.0038462256	-0.0363043104	-0.0672896215	-0.081287294	-0.0747635377	-0.049365311	-0.0455679521063103	0.0001662366989307	0.0020764382591629	2.7634640071407892e-08	0.0703094402005461	0.0066246772219926	0.0049434173813141	4.38863482955876e-05	-0.0271667487907976	-0.0024522141123241	0.0007380322398623	6.013354052681963e-06	0.0019389152243281	0.0001675780134076	3.759392247131286e-06	2.8082390577671254e-08	0.0006307293527039	5.4763625889699976e-05	3.978195163622807e-07	2.9990547205870172e-09	-0.0013111079620384	-0.0001430964929969	1.7190040881204866e-06	2.0476606308011893e-08	0.0	0.0	0.0	0.0	0.0	0.0	0.0	0.0	0.0	0.0	0.0	0.0	0.0	0.0	0.0
1922.4767240582948	3.5671660257919484	3695916.754545913	12.724673455564323	2265.250582145922	9.796915227716909	5131360.199912439	95.97954797907146	2161.312052513456	2.2502013061834987	4671269.788339928	5.063405918349924	2160.810493133353	1369.520066530857	0.888996	22.308634	0.0564950237489682	0.0332571268764205	0.0041366766	0.0015712217	-0.0462196501	0.0189063742	-0.0606733407	-0.0828790237	-0.0264073505	0.0085108385	-0.012744415	-0.1105615772	0.0150382967	-0.0306983166	-0.001854078	-0.0244838034	-0.0047816978	0.0322680685	0.0022607618	-0.0279987071	-0.0174467575	-0.0049185246	-0.0207119373	0.0243683943	0.0386914017	0.0552353782	-0.0443316321	0.0068794289	0.0278743703	0.1163620207	0.0505134846	0.0288305462	-0.0360720449	-0.0606103331	0.022211932	0.02932878	-0.0936275147	0.0165303588	0.059618263	0.0416771119	-0.0780356734	-0.0642831262	0.0340831129	-0.0563574088	-0.011540806	0.0506861884	-0.0470722441	0.1008806236	-0.1259600293	0.0901719317	0.0800503422	0.0216123344	0.0166733228	0.0708000341	-0.0302396457	-0.0208935852	-0.023962315	-0.0813754059	-0.0346430758	0.0812337355	-0.0161059403	0.0316910269	-0.0359857834	0.1153433711	-0.0234041769	-0.0303036924	-0.0386350348	0.0294432757	-0.0679085797	0.0574502236	0.0022263509	0.0363832835	-0.0087632826	-0.0435696656	-0.0254582081	0.0789443022	-0.0582633708	-0.0432410366	-0.0153915281	0.0794031331	-0.0628511468	0.0393412152	0.0253769681	0.0242315367	0.0215388919	0.0080622828	0.008245806	-0.1243879655	0.0042223448	-0.0759132562	-0.0511202664	-0.0814548399	0.0471900176	-0.0557936395	-0.0056619194	-0.0609531381	0.0383844294	0.0152851503	0.0224653138	0.0299301113	-0.0260753402	-0.009744267	0.0051995493	-0.0566158041	-0.0923869589	-0.0309074811	-0.1175109958	-0.0322221754	-0.0741416086	-0.0157278717	-0.0378228037	0.0278159441	0.0019638653	-0.0250693056	-2.93205e-05	-0.0099288466	-0.0464208563	0.0429116927	-0.0464470648	-0.0043714497	-0.0020822287	0.0033717032	-0.0059195105	0.0130873029	0.0651011553	-0.0274924076	0.0135790257	-0.0514802629	0.0443928966	0.0582569379	-0.0029884909	0.112397004	-0.0364816382	-0.0368582004	-0.0223663235	0.0020732915	-0.0887960972	0.0008491726	0.0428234045	0.0031632544	0.0582407826	-0.0017022528	0.0193096854	0.0709234662	0.0415630576	0.0012824971	-0.0393350228	-0.0696177779	-0.0816093689	-0.0721591615	-0.0437500746	-0.0455334211480078	3.453095830250469e-05	0.0020732924414418	1.1923870812893172e-09	0.0700117774989763	-0.0002976627015697	0.0049016489885661	8.860308390582734e-08	-0.0507464141386435	-0.0235796653478459	0.0025751985479307	0.0005560006179164	0.00214733316635	0.0002084179420219	4.611039727306718e-06	4.343803855664415e-08	0.0004263361114633	-0.0002043932412405	1.8176247993764737e-07	4.1776597064838094e-08	-0.0015499600736009	-0.0002388521115625	2.4023762297569075e-06	5.7050331197864965e-08	0.0	0.0	0.0	0.0	0.0	0.0	0.0	0.0	0.0	0.0	0.0	0.0	0.0	0.0	0.0
1924.693697008934	2.2169729506390468	3704445.8273059176	4.914969063865201	2266.1960574063387	0.9454752604165152	5135644.570604034	0.893923468059677	2165.140274322431	3.828221808975286	4687832.407493013	14.65528221871401	2164.8239909877816	1379.9570681374882	0.883001	22.15819	0.0603459256197681	0.0315099640787437	-0.0111038508	-0.0187337402	0.0347185709	0.0391733778	-0.0231855991	-0.0772718883	-0.0772939476	0.0089664129	-0.01916254	-0.0548792877	0.1126747669	-0.0305384743	-0.0377525886	0.0104350746	0.0030354099	-0.0524655804	-0.0052290392	0.0039555634	0.0549903049	0.0110860801	0.053705676	0.0164447288	-0.0066549921	0.0360418884	0.0225390294	-0.0377927435	0.0076873107	0.0473901902	0.0568491395	0.0324971647	-0.0051074318	0.0161872232	-0.0079198022	0.0285509651	0.0035408954	0.0886137485	0.0474779885	-0.02069695	-0.0687478216	-0.0796589171	-0.0657920241	0.0145766249	-0.0488832702	0.0016842496	0.0353591312	-0.0260051491	-0.1306300201	-0.0016722749	-0.0015529546	0.0767952998	0.018105838	0.0448656065	0.016276673	-0.0296795882	0.063205346	0.0232812189	-0.089313613	0.0462697571	-0.0426763284	0.0428120129	-0.0199625939	0.0717942861	-0.0460322957	0.0058081026	-0.041497511	-0.000796499	-0.1029348631	-0.0777129136	-0.0047658043	0.0246303694	-0.0486814329	0.0591256888	0.0146816555	0.0565114496	-0.0526937955	-0.0269336628	-0.0729385421	0.0601095964	0.0268090345	0.0269949929	0.0805471883	0.0210894199	0.054262308	-0.0625293666	0.0553045794	-0.0675847899	-0.0003031897	-0.0147748666	-0.0444130958	-0.021413564	0.0336309916	0.0397370002	-0.0342242642	-0.0321449944	0.052762874	-0.0845082189	0.0637403341	-0.0204505494	-0.0226048091	0.0312050652	-0.0424089422	0.047144104	-0.1378188272	-0.0397139106	0.0389150731	-0.0303681488	0.0117954072	-0.0512199269	0.0805569217	-0.0152523193	0.0550085105	0.0029053756	-0.0832610693	-0.0145850538	0.0020210364	0.0288208342	-0.0200021731	8.3184e-05	-0.0044913927	0.0007118024	-0.0153137705	0.0537866539	0.0048169734	0.0341363304	-0.0021158651	-0.0141768027	0.0129498618	0.1030431287	-0.0021981623	0.1214500934	-0.0344546306	-0.0294714758	-0.0416272362	-0.0339271459	-0.0480782966	0.0102461974	0.0040621352	-0.0183213178	0.0027275195	-0.0654712849	0.0202318813	0.0704959515	0.0400821236	-0.0012824971	-0.0422967282	-0.0717551168	-0.0816093689	-0.0691672152	-0.0378279629	-0.0618254851704307	-0.0162920640224229	0.0038223906165591	0.0002654313501107	0.0700843249162943	7.254741731799186e-05	0.0049118125989727	5.263127759510865e-09	-0.0425528004102062	0.0081936137284373	0.0018107408227508	6.713530593083629e-05	0.0022697907988113	0.0001224576324612	5.151950270368439e-06	1.4995871748026783e-08	0.0005402863867944	0.000113950275331	2.91909379755348e-07	1.2984665248033487e-08	-0.0010706139723615	0.0004793461012394	1.1462142778156704e-06	2.297726847734133e-07	0.0	0.0	0.0	0.0	0.0	0.0	0.0	0.0	0.0	0.0	0.0	0.0	0.0	0.0	0.0
1922.8257662692763	-1.867930739657595	3697258.9274290297	3.48916524815777	2252.113330725468	-14.082726680870564	5072014.4544313615	198.32319076810367	2162.895497143116	-2.244777179315406	4678116.931561966	5.039024584775231	2160.5276565391814	1375.3523016270435	0.8672539999999999	21.763027	0.1197716496816047	0.0614093510168516	-0.0244336399	-0.0132159968	0.0097351522	0.0307033458	0.0025641259	0.0061158236	-0.0944277353	0.0105891923	0.0417023466	-0.0372524947	0.0711585692	-0.0414596162	0.0189135376	0.0130814178	0.0870166076	-0.0248803729	-0.0133739148	0.0271399383	0.0075506718	0.0400150519	0.080432825	-0.0338640205	-0.0264027343	0.0293385216	0.0594018184	0.0392275808	0.0126959002	-0.003281291	-0.0373547645	-0.0310422919	0.0048827376	-0.0011810436	0.0112830994	0.0311231806	0.057704204	0.0327633038	-0.0530222302	-0.0250409178	-0.0064201571	0.0658212516	-0.0551545637	0.0145471246	-0.0336737083	0.0378756841	-0.0701334423	0.0382595413	0.0416618445	0.0178238837	-0.1603451427	-0.0173271717	0.0868393154	-0.0587328299	0.0568872141	-0.0521644492	0.0260672723	0.0878272512	-0.0045722246	0.0099410041	-0.017788844	0.0698537063	0.0015132138	0.0462231626	0.0486613542	0.0740809028	-0.1355515323	-0.111406825	0.0041662679	0.0745545676	-0.011495761	-0.0347233614	-0.0034897272	0.1060161421	0.0142981158	0.0561757931	-0.0283336778	0.0153198591	-0.0506921094	0.0116641362	0.0082009728	-0.0248083533	0.0015332628	-0.0283788695	-0.0071513766	0.007135171	0.0313727397	0.1133207401	0.00657319	-0.0104951275	-0.0092414557	0.0302190131	-0.0238736884	0.0184910942	-0.0960147728	-0.025531708	-0.0178748755	-0.0228228745	0.0026068183	0.0162698141	-0.0682664322	-0.0561871487	-0.095506142	0.0579645996	0.053756105	0.0301414574	0.0133310684	-0.0256530417	0.0241152375	-0.0390502157	0.0060927169	-0.0559970585	0.0369963634	-0.0038425344	-0.1031719379	0.040012626	-0.0504269719	0.0586892118	0.0564119586	0.0036197006	-0.0215697953	-0.0167383007	0.0306395889	0.0014906908	-0.0564764873	-0.0008329659	-0.0062048442	0.0232667199	-0.0108681159	0.0920943271	-0.0066566622	0.0955669326	-0.0431205403	-0.0359492271	-0.0665192654	-0.0400886065	-0.0238938865	-0.002655067	-0.0004014725	0.0038130852	0.003995916	-0.0179753682	-0.0894894024	0.0700607062	0.0385836084	-0.0038462256	-0.0451842308	-0.0736957799	-0.081287294	-0.0658037687	-0.0316405151	-0.0617894465495396	3.6038620891097606e-05	0.0038179357048984	1.2987821957322568e-09	0.0957408808056783	0.025656555889384	0.009166316257447	0.000658258860105	-0.0080449599717766	0.0345078404384295	6.472138094748774e-05	0.0011907910517241	0.0029479660479682	0.0006781752491569	8.690503819973247e-06	4.599216685690234e-07	0.0006017571296479	6.147074285350006e-05	3.6211164308207954e-07	3.7786522269611285e-09	-0.0015223922750091	-0.0004517783026476	2.317678239007383e-06	2.041036347431465e-07	0.0	0.0	0.0	0.0	0.0	0.0	0.0	0.0	0.0	0.0	0.0	0.0	0.0	0.0	0.0
1918.457184057056	-4.36858221222019	3680477.967060129	19.084510544926648	2252.469465313536	0.3561345880680164	5073618.692169847	0.1268318448183757	2160.08283098314	-2.8126661599758336	4665957.836708137	7.911090927473201	2157.392306057912	1360.3084273893307	0.973557	24.430624	0.1054309740565458	0.0538802851928332	-0.043337409	0.0185403622	-0.108745625	-0.0244801726	-0.0240466456	0.07295139	-0.0892773861	0.0596719656	-0.005499975	-0.0579119245	-0.0258917831	-0.0458457201	0.0379816657	-0.0282185236	0.0639841814	0.0036007002	-0.0044286629	0.0036589503	-0.0324138241	0.004083439	-0.0154565087	-0.0306474189	-0.0582210445	0.0056929768	0.0364173605	-0.0017476928	0.0176599514	-0.0072574632	0.0794014905	-0.0218057261	0.0098240179	0.0470709306	0.0303679159	-0.0383865904	-0.0292998885	0.0700666336	-0.0420043339	-0.0251000128	-0.0326540747	0.0487237116	-0.007753699	0.0099901378	0.0038266575	-0.0279881524	-0.0579038337	-0.0367449189	-0.0255719333	-0.1008688179	0.0234705312	-0.0663621231	0.0661048028	0.0529980604	0.0503899126	0.0252444738	-0.0772742552	0.0510355241	-0.0072874176	-0.1185209573	-0.0218863183	-0.0071744019	0.0169901061	0.0115815141	0.0539305904	0.1497223986	-0.0399983673	-0.0978175254	0.0354091797	-0.0153567575	-0.0022506549	-0.0489952671	0.0410994427	0.0530922009	0.0599899293	0.0488142055	0.0128412502	0.0044241928	-0.0149390907	-0.0343669935	-0.0081327004	-0.0103328011	-0.0327984151	-0.0092674409	0.0168457359	-0.0339462168	0.0707789566	-0.0382043737	-0.0525238374	-0.0161425779	0.0064752082	0.0501678736	0.0226918825	0.0344829778	-0.0045812054	-0.0030259914	0.0257211359	-0.0288991396	-0.0674620588	0.0644737008	-0.0744891832	-0.0177337784	-0.0177272975	-0.0064907475	-0.040104273	0.0221550046	0.0377652372	0.094787632	0.0027825914	0.0347747499	-0.0188039352	0.0568721356	0.0066769701	0.0183207447	-0.1254453733	0.0073701327	0.0389310092	0.066819032	-0.0429433956	0.0024445816	-0.0461973735	-0.0050233914	0.0447521594	-0.0183996332	0.0425222095	-0.085299129	-0.0162345748	0.0089632956	-0.0109086877	0.078857424	-0.0251942939	0.042721209	-0.0371079933	-0.0470981154	-0.044648046	0.0267565918	-0.0945982061	0.0059747268	0.0279354365	-0.0368376258	0.085421632	0.0455490755	-0.073508591	0.0696177779	0.0370681691	-0.0064061583	-0.0479924649	-0.0754344479	-0.0806444153	-0.0620868871	-0.0252311319	-0.0621454812203126	-0.0003560346707729	0.0038620608361042	1.2676068679243694e-07	0.1113976534572032	0.0156567726515249	0.0124094371957711	0.0002451345298615	-0.0356938817481946	-0.027648921776418	0.001274053194254	0.0007644628753984	0.0037561975069142	0.000808231458946	1.4109019710948451e-05	6.532380912299799e-07	0.0009467981566722	0.0003450410270242	8.964267494778757e-07	1.190533103299837e-07	-0.0014402798618228	8.211241318629992e-05	2.074406080372304e-06	6.7424483992776405e-09	0.0	0.0	0.0	0.0	0.0	0.0	0.0	0.0	0.0	0.0	0.0	0.0	0.0	0.0	0.0
1922.317807625	3.860623567943776	3695305.753512186	14.904414333362933	2244.563250454989	-7.906214858547173	5038064.185293065	62.5082333895121	2159.5032668714352	-0.5795641117047126	4663454.359628402	0.3358945595760725	2156.667720802675	1384.6172480458602	0.949537	23.827856	0.0713510661780231	0.0382350265256949	-0.0416580472	-0.0249205542	0.014553096	-0.0375037174	0.038444484	0.0844072234	-0.0737552658	0.01748526	-0.0425584548	-0.019532142	0.0346906892	-0.0260148686	0.0058939867	-0.087369266	0.0088069733	-0.063745031	0.007365829	-0.0238099703	-0.0057631863	0.0326533244	0.0052341035	0.015672794	0.0379636414	0.0911842944	-0.0167190723	-0.0001822664	0.0128126131	0.0208133106	0.0024337931	-0.0700450509	0.0387219389	-0.0035800036	0.0532458969	-0.0551804121	-0.0590804139	0.0501821644	-0.0520838852	0.0258735117	0.0459456217	0.004130222	-0.0266416354	-0.0279631581	-0.0512141754	-0.0423065041	0.0656759139	-0.0581009832	0.0606788406	0.0314173048	-0.0054847582	-0.005366033	-0.0528112601	0.0533021316	0.0110835996	0.0617854209	0.0906949211	-0.0222960706	0.084918315	-0.0168057638	-0.0310526814	0.0520731225	0.0105402802	-0.0552681534	-0.0369215488	-0.0499962482	-0.0121878155	-0.1196502904	0.0570592499	0.0091451106	0.0033327543	-0.0034104771	0.0306997847	0.0689432072	0.020557642	-0.0263752398	0.0165072617	-0.0201338991	0.0444974101	0.0394659214	-0.0212810765	0.0154674536	0.0296398579	0.0126324885	-0.0277120801	-0.0213367601	0.0240318156	-0.0301935543	-0.1073224099	-0.050705734	-0.0524141652	0.0267650986	0.0216032206	-0.0551251564	-0.0711720621	0.0221697215	-0.0145663298	-0.030585856	0.0636429555	0.0223282326	-0.0040919504	0.077218554	-0.0063166657	0.0212174841	0.1018128282	-0.0789285219	0.1391238683	-0.0199321397	0.0396472845	0.047925256	-0.0774807476	-0.0036711048	-0.039223589	0.0071551271	0.0098425102	-0.0469410403	-0.0309233519	0.0662122089	-0.0579178472	0.0030580163	-0.0338811818	0.0066733093	0.0032102787	0.0680914915	0.0412682088	0.02974319	-0.0176700096	0.0542082354	-0.0128213257	0.0617022726	-0.021174686	-0.0244239206	-0.0208546557	-0.0554169515	-0.0196968779	-0.0230774294	-0.0746559835	0.0609449367	-0.0248942175	0.0191413832	0.0181656065	0.0005905788	0.0545107305	0.0691672152	0.0355364705	-0.008959769	-0.0507165039	-0.0769663555	-0.0796832699	-0.058036534	-0.0186447705	-0.0678477279838034	-0.0057022467634907	0.0046033141925641	3.25156181517413e-05	0.0948474728689916	-0.0165501805882116	0.008996043109634	0.0002739084775024	-0.0674181562838853	-0.0317242745356907	0.0045452077967183	0.0010064295948158	0.0034527131446746	-0.0003034843622396	1.1921228059408763e-05	9.210275812397674e-08	0.0009469413886229	1.432319507000497e-07	8.966979934870661e-07	2.051539170134146e-14	-0.0014841395534451	-4.385969162230005e-05	2.202670214100221e-06	1.923672549203257e-09	0.0	0.0	0.0	0.0	0.0	0.0	0.0	0.0	0.0	0.0	0.0	0.0	0.0	0.0	0.0
1925.23429607834	2.916488453340208	3706527.0947962618	8.505904898466754	2246.128153020685	1.5649025656962294	5045091.6797921145	2.448920040122642	2161.6884202344254	2.1851533629901496	4672896.826175606	4.774895219787161	2159.3955578434143	1382.5502999095056	0.868413	21.792128	0.1327779070782548	0.0736104094026455	-0.0329854456	-0.0128581736	0.0486119739	-0.0099758179	0.0536138556	0.0923364668	-0.0604578854	-0.0019059103	0.0229768505	0.0412571414	0.0782902421	-0.0171200021	-0.0485661519	-0.0542625134	-0.0472305158	-0.0714238613	-0.0056126831	0.0028280712	0.0032107619	0.0649914707	0.0841528705	0.0272955555	-0.0329860988	-0.0081289299	0.0059542884	0.0552471372	-0.0413396965	-0.0563075618	0.0572870292	-0.0202541287	0.0057611329	0.0684041619	0.0153360446	0.0320924282	-0.0237315355	0.005684389	0.0124248561	0.0098555655	0.0063388611	-0.0042714759	-0.0356600214	0.0036172514	0.0194216852	-0.0302884048	0.0189248647	0.0067672472	-0.0121581401	0.032239501	0.0272764126	0.1009414054	0.0283970387	-0.0593832274	-0.0063284141	-0.0093971473	0.1501768982	0.0957830793	0.0973595084	0.0265736079	-0.0823333332	0.0469253942	-0.1222886872	0.065595365	-0.0818545506	0.021101851	0.0490930169	-0.0108942666	0.037855034	-0.0420888092	-0.0105308478	-0.015845569	0.0181415855	0.1122653271	-0.0038856152	-0.0958509723	-0.014982911	0.0002595202	-0.0281366493	0.0025412645	0.0003621165	-0.0245110264	0.0516942153	0.0759943875	0.0252224247	-0.0103472843	0.0554616155	-0.0372258451	0.0072723923	-0.0060314597	-0.0200595363	0.0403427851	0.0239292859	-0.0047865484	0.0017450636	0.0747533458	0.0067509822	0.0166259064	0.0323551229	0.0298445172	-0.0255322092	0.0726614997	-0.0310301068	0.0969714347	0.067683473	0.0087703021	0.0455190515	-0.1367000025	0.0102216438	0.0813864012	0.1137879178	0.0512005821	0.0963307454	-0.0070565296	-0.0165132687	-0.0173827742	-0.0880680561	0.0695534494	-0.0106558779	0.0024487245	-0.0244943764	-0.005393204	0.0177494011	0.0104588696	-0.0481136342	0.0296232507	-0.0254639638	0.0556569024	-0.059282247	0.0184467944	0.0031904258	-0.0042534885	-0.006604177	-0.0516033049	-0.0357209032	0.0253342693	0.0188264368	0.0425020301	-0.0725605221	0.0183142097	0.0030762884	0.0197818321	0.0266738518	0.0687090676	0.0339891844	-0.0115045374	-0.0533515689	-0.0782873035	-0.0784076511	-0.0536744641	-0.0119276293	-0.0826509332366782	-0.0148032052528748	0.0068311767648938	0.0002191348857587	0.0952065177694265	0.0003590449004348	0.0090642810257801	1.2891324052830446e-07	-0.0184190666824051	0.0489990896014801	0.0003392620174508	0.0024009107817738	0.0030289285119826	-0.0004237846326919	9.174407930701128e-06	1.7959341490589325e-07	0.0015612524175103	0.0006143110288873	2.437509111181756e-06	3.7737804021269605e-07	-0.001818375238335	-0.0003342356848899	3.3064885073898685e-06	1.1171349305382053e-07	0.0	0.0	0.0	0.0	0.0	0.0	0.0	0.0	0.0	0.0	0.0	0.0	0.0	0.0	0.0
1921.1019539844167	-4.132342093923398	3690632.717602744	17.076251181211216	2250.3900266705136	4.261873649828431	5064255.272138115	18.163567007101907	2157.2949294063305	-4.393490828094855	4653921.412442265	19.302761656553614	2155.314288125348	1373.0600408522364	0.8957089999999999	22.477097	0.0997476244444499	0.0481985245235642	-0.0331394599	0.0081768589	-0.0299394532	-0.0511920836	0.0417884333	0.0799698179	0.0049625806	0.0398915972	0.0133546101	0.0506353734	-0.0072367488	-0.0108508134	0.0039129533	-0.0613379006	-0.0068553902	0.021210199	0.0079348941	-0.0416310601	-0.0804939797	0.0273399721	0.0319301889	0.0208314487	-0.0137263497	-0.0052430151	0.0409574143	0.0139555891	-0.0441493787	-0.0614576671	-0.0066029118	0.0371195356	-0.0848977806	-0.0489156206	-0.071132154	0.0304031013	-0.01770704	-0.0891017423	0.0135408811	-0.0079729897	0.0243252272	0.0304794636	0.0199248492	-0.0938205672	0.0079449358	0.0206354142	-0.0243856369	0.0295352688	0.0278847565	0.0685121724	0.0603023444	0.0151660968	0.0532354736	-0.0600990865	0.00669843	0.0770142416	-0.0937884479	-0.0539618196	0.0394729943	0.0360463413	-0.0529666189	0.0118286608	-0.0013516268	-0.0408054122	0.0594530246	0.039941321	0.0518013582	-0.0889287498	0.0160522588	-0.0592499864	-0.000344202	-0.0287584927	0.0941478938	0.0303077477	-0.006283323	-0.0768545819	0.0123694828	-0.0037175417	-0.0042461873	-0.0103514223	0.009113681	-0.0035077757	0.023437814	0.0158527354	0.0382242196	0.0512168847	0.0171057656	0.0036050871	0.0833972662	-0.0111835283	-0.0802842235	0.0372622551	-0.0183557639	-0.021849849	0.0504300401	0.0252069042	0.0051486312	0.0848837236	0.0438223625	0.0372176659	-0.0116667766	0.0063797385	0.0651262222	-0.1028640174	0.0431724604	-0.0173889205	-0.1096623643	0.0441268457	-0.0207592608	0.1043512118	0.019623553	-0.0121469341	-0.0366623226	-0.0221885089	-0.0473805386	-0.0082734355	-0.0073341508	0.0702247164	-0.0309142289	0.0062592495	-0.0415399676	-0.0064923885	0.0368365634	-0.0536417693	-0.0207442228	-0.0565153882	-0.027228189	0.0397165928	-0.0789605755	-0.0163651129	0.001068239	-0.0275657171	-0.0171369992	-0.0674598367	-0.0548991999	0.0995655756	0.0221929312	0.0221471165	-0.0884756067	0.0155201258	0.0537305043	0.102483563	0.0305955426	0.0682433853	0.0324269895	-0.0140379523	-0.0558930371	-0.0793936715	-0.0768225931	-0.0490241061	-0.0051268245	-0.0895937192012041	-0.0069427859645258	0.0080270345203042	4.820227694921778e-05	0.1179461700334627	0.0227396522640361	0.0139112990255624	0.0005170917850892	-0.036283242848178	-0.0178641761657729	0.0013164737115798	0.0003191287900817	0.0037142583881489	0.0006853298761662	1.3795715373934463e-05	4.696770391661159e-07	0.0018149379054004	0.0002536854878901	3.2939996004591918e-06	6.435632676603812e-08	-0.0019233800752809	-0.0001050048369458	3.69939091398756e-06	1.1026015782035016e-08	0.0	0.0	0.0	0.0	0.0	0.0	0.0	0.0	0.0	0.0	0.0	0.0	0.0	0.0	0.0
1924.540454501803	3.4385005173862737	3703855.9610140063	11.823285808065672	2270.688637935754	20.2986112652402	5156026.890450529	412.03361929733626	2165.229388004097	7.934458597766479	4688218.302676597	62.955633239670405	2163.888745417885	1400.9106103801953	0.9676610000000002	24.28266	0.0630023871313746	0.0367549608021295	-0.0274114429	-0.0069198768	-0.0105794482	-0.071412997	0.0191800424	0.0534288073	0.0978852182	0.0531723733	-0.0286724558	0.0825888859	0.0682250974	-0.0296315483	0.0017692376	-0.0604525357	0.065825465	-0.0100804897	-0.0187861404	-0.007873315	0.0465025498	0.0112697069	-0.0059171747	-0.0069019993	-0.0184285738	-0.0468468052	-0.0099371672	0.0378750386	0.0227351344	0.0247140892	0.0202100945	0.0348644814	0.0195021826	0.0186882716	-0.0442523613	0.0135518378	0.0524569347	0.0110522325	0.0074243232	0.0578766617	0.0848054392	-0.0446897586	-0.0327447534	-0.1455574748	-0.0468561253	-0.0679417769	-0.012445772	0.011890986	0.0350059874	-0.0235489715	0.0481081177	0.0341165471	-0.0571648207	-0.0463706971	0.0271563704	0.0276544419	0.0715006534	0.0474039743	0.0043163724	-0.0333624344	-0.0196684072	-0.0221469916	-0.1582475659	-0.0069656647	0.006818413	-0.0813169404	-0.0281461937	-0.0146558632	-0.0213721017	0.1015539709	-0.0185778081	0.0204926376	-0.0274925678	0.0124295208	0.0413295883	-0.057047067	0.0116961677	0.0460855706	-0.0025310879	0.0068369641	-0.0083669434	-0.021521353	0.0374144076	0.0476395903	0.0109583706	0.0434786199	0.094604117	-0.0881900078	-0.0017371609	0.014921146	0.0030949684	0.0736432285	-0.0213515225	0.0200694255	-0.0095349284	0.0873179351	0.0895323746	0.0231683913	0.0531539533	-0.0221403925	0.0969857756	0.0133096033	0.080947917	-0.0416069329	-0.0267641397	-0.0231292976	0.0237722328	-0.0246075693	0.0362448557	0.0737997002	0.0251019753	-0.0313988757	0.0284347381	-0.0358258507	0.0292294767	0.0520757142	-0.1240415396	-0.1615236722	0.0031177032	0.0018481631	-0.0351150935	0.0170020552	-0.0084916804	0.0117127273	0.047631437	0.0010640051	-0.0186108325	0.0267319423	-0.0472725679	-0.0504320344	0.0186273914	-0.0367624849	0.0022566325	-0.0441383161	-0.0059781379	-0.0019264705	-0.0346334278	0.0398240364	0.0296307709	-0.0550684069	-0.0232337816	0.0246693926	0.0637330246	0.0677702193	0.0308505711	-0.0165575133	-0.05833645	-0.080282427	-0.0749343514	-0.0441104375	0.0017099414	-0.089555878792396	3.784040880809581e-05	0.0080202554262783	1.4318965387638144e-09	0.0944479669978903	-0.0234982030355723	0.0089204184700345	0.0005521655459009	-0.0291640100066388	0.0071192328415391	0.0008505394796673	5.06834762520503e-05	0.0032147549146852	-0.0004995034734636	1.0334649161492649e-05	2.49503720002301e-07	0.0018870374506423	7.209954524189997e-05	3.5609103401265907e-06	5.198344424088781e-09	-0.0018480408770774	7.533919820349984e-05	3.4152550833490063e-06	5.6759947859462335e-09	0.0	0.0	0.0	0.0	0.0	0.0	0.0	0.0	0.0	0.0	0.0	0.0	0.0	0.0	0.0
1924.450313594406	-0.0901409073969716	3703509.009493608	0.0081253831863494	2261.5345232414475	-9.154114694306372	5114538.399812921	83.79781583651585	2162.4525191986163	-2.776868805480717	4676200.897788442	7.711000362851904	2161.9219303730897	1401.3493640292568	0.903693	22.677437	0.0636251942773117	0.0307940155443718	-0.0412540358	-0.0383593429	0.0776522867	-0.0018243127	0.0189932916	0.0173444869	0.0425617782	0.0252641637	-0.012782876	0.1210018188	0.1212655261	0.0094678298	-0.0072725096	0.028063605	0.0195257371	-0.0683430817	-0.0114725491	0.0211443516	0.0258426343	0.0001594807	0.0264290042	0.0085506514	0.017104467	-0.0649643665	0.0408601504	-0.0245070039	-0.0902014115	0.004810422	0.0581833313	-0.0281119628	-0.0652591125	0.0130269776	0.0007780356	0.0302963129	-0.0254760082	0.0075325567	-0.048857825	-0.0324919107	-0.0182215528	-0.0534837553	0.0718944421	-0.0621396659	-0.0430676639	0.0477834821	0.0111268414	0.0670692427	-0.0184360158	0.0272741237	-7.42304e-05	-0.0737342124	0.0315872439	-0.1259310037	0.047023164	-0.049993827	0.0324985869	0.0379070409	0.0558002967	-0.0102740593	0.0602028381	0.0099755508	-0.0383119028	-0.089689852	0.0245888113	-0.0292973014	0.065261087	0.0346697789	-0.0075395457	0.0563953319	-0.0142671169	0.0181488328	-0.0414669446	0.03106833	-0.0413981449	-0.0998048509	0.0374116005	0.0370410029	0.0028484744	-0.0335939934	-0.0326381063	-0.009807703	0.1055140899	-0.0094223665	0.049304221	-0.0178610573	0.0733768402	-0.0022286744	-0.0077987675	-0.0380844143	-0.0260561757	0.0422938062	-0.0801193689	-0.0333547496	0.100763457	-0.0171682726	0.0622666837	0.0062904688	-0.0027243382	-0.0388084263	0.0130763218	-0.0181772175	-0.036569404	-0.079062017	-0.0175996047	0.1294474357	-0.0412645879	-0.1383906791	0.0538024391	-0.0390414612	-0.0865931662	0.0275673382	-0.0078248785	-0.0543779333	0.0578391542	-0.0112318559	-0.0179784298	-0.0529296166	0.1068826076	0.0104231606	-0.0454725763	0.0130644354	-0.0219402325	0.0343884125	0.0051893826	0.0450928468	-0.0226683844	0.0353240447	-0.0375597885	-0.093767362	0.0213265556	0.0463326342	0.0185478095	-0.0112761287	0.0005189699	-0.0417047312	0.0229743067	0.0228529059	-0.0282738664	-0.060454636	-0.0164839283	-0.0272961961	-0.0101047121	0.0672896215	0.0292606206	-0.0190607341	-0.0606775209	-0.0809511339	-0.0727503781	-0.0389598496	0.0085347133	-0.0895967515872797	-4.087279488369788e-05	0.0080275778949927	1.6705853616048401e-09	0.0779887971784489	-0.0164591698194414	0.0060822524853412	0.0002709042711452	-0.0061274693794572	0.0230365406271816	3.75458809961856e-05	0.0005306822040677	0.0031869735395697	-2.778137511550002e-05	1.0156800341917423e-05	7.718048033081236e-10	0.001515928590511	-0.0003711088601312	2.298039491528667e-06	1.3772178606795273e-07	-0.0019309228625467	-8.288198546929984e-05	3.728463101105542e-06	6.869423515333231e-09	0.0	0.0	0.0	0.0	0.0	0.0	0.0	0.0	0.0	0.0	0.0	0.0	0.0	0.0	0.0
1923.5005670651108	-0.9497465292952256	3699854.4314998025	0.9020184699083268	2261.3225125399504	-0.2120107014970926	5113579.505719994	0.0449485375492893	2160.295772915328	-2.156746283288157	4666877.826475835	4.651554530477281	2159.317728614408	1374.4794217515162	0.897413	22.519844	0.0386097459247732	0.0200316994717817	-0.0308234152	-0.0206401113	0.0485723504	0.0538040433	-0.0484953908	-0.0471671152	0.0019797401	-0.0057704726	0.0294671763	0.042553994	0.0497118892	0.0237781344	-0.0242371261	0.0561575866	0.0404482781	-0.0882804385	-0.0182616011	-0.0037534045	-0.0245772622	0.0304507969	0.070847741	0.0311489209	-0.0363391509	-0.0257262363	0.0433972054	0.0468654023	-0.0383280192	0.0140049404	0.0786174839	-0.0355800369	0.0010576323	-0.0392428403	-0.0273823467	0.0178959851	-0.0430984768	0.0030527462	0.0363530489	-0.0086275636	-0.0880805135	0.0982444313	-0.0553037359	-0.0145303475	-0.0132650629	0.0454540869	0.0455482979	0.1037679958	0.0559883838	0.0630720706	0.0272627503	0.028916704	-0.0278899698	0.0176365557	0.010908616	-0.0023600913	0.1016230691	0.0218533989	-0.0650640853	-0.0048190457	0.0487309345	-0.0119776247	-0.02028158	-0.0488148299	0.0039660952	0.0420151585	-0.0003140161	0.0202487046	-0.0100918345	-0.0144882082	-0.0226726078	0.0095902077	0.0096104475	0.0222892232	-0.065114524	-0.0255824137	-0.0452091576	-0.0342510571	-0.069365471	0.0001994269	-0.0305803389	-0.0417936127	0.0437404182	-0.0260268516	0.0179662429	-0.0425209483	0.0749128639	0.0235349274	0.0314223732	0.034514797	-0.0416547382	-0.0073332612	-0.0473226249	0.0781853506	0.0612676538	-0.0267504411	-0.0464522792	0.0202260327	0.0206629274	0.0886178908	0.0121764579	0.0470027734	-0.0356522292	0.0396989287	-0.0204126665	-0.0177543481	-0.0635374185	-0.0471263635	0.0429173488	-0.0622931391	-0.042677854	-0.0862968515	-0.009331719	-0.0662419727	0.107957336	-0.0074958958	-0.0253218572	-0.0075457323	0.0158923891	0.0036855868	-0.0222939365	0.0039165108	0.0135536893	-0.009841629	-0.0483689649	0.043848678	0.0018667279	-0.0394214223	-0.0112371474	-0.0766140176	0.0520971471	0.0411894949	-0.0059897366	-0.0282287856	-0.0508270642	-0.0285166879	-0.0069981569	-0.016124538	-0.0116147502	0.0134073439	-0.0120708501	-0.0481422257	-0.0539582411	0.0668016447	0.0276578354	-0.0215451443	-0.0629121428	-0.0813979594	-0.0702792922	-0.0336000067	0.0152996203	-0.0897068625390318	-0.0001101109517521	0.0080473211865967	1.2124421695754236e-08	0.0866584674281938	0.0086696702497449	0.0075096899770033	7.516318223931196e-05	-0.0129781375134285	-0.0068506681339713	0.0001684320533174	4.693165388180982e-05	0.0033092211708693	0.0001222476312995	1.095094475772958e-05	1.4944483358362855e-08	0.0015163633484249	4.347579138999375e-07	2.2993578044463747e-06	1.890144436986255e-13	-0.0015940193199741	0.0003369035425725	2.5408975924506925e-06	1.1350399699796761e-07	0.0	0.0	0.0	0.0	0.0	0.0	0.0	0.0	0.0	0.0	0.0	0.0	0.0	0.0	0.0
1918.1607653988967	-5.339801666214044	3679340.7219156814	28.51348183450228	2259.241853656191	-2.0806588837594973	5104173.753311861	4.329141390567317	2156.057394071838	-4.238378843489954	4648583.486531845	17.96385522094324	2156.6658834141504	1361.510531337131	0.973379	24.426142	0.0741231087710699	0.0448581196633804	-0.0380795865	-0.0017018446	-0.0253982671	0.0165105822	-0.0492086591	-0.0175128919	-0.0527523387	0.0133961077	0.0346034833	-0.0464988732	0.0220948301	-0.0298781705	0.0233272451	0.0581156786	0.0163431581	-0.0157845332	-0.0044826187	-0.0162451547	-0.0786808817	0.0662824122	0.0220241862	-0.0235726108	0.0038562073	0.0012815393	0.0747091773	0.0657590741	0.0412084165	0.0102765663	0.0549006895	0.0265081821	0.020818157	0.0381615091	-0.0743213988	-0.0049087642	0.0230709467	-0.0083741661	-0.0099460229	-0.0217233636	-0.0762881352	-0.0187478392	-0.0131976498	0.0618042157	0.0441903105	-0.039013181	-0.0043108968	0.0093351826	0.0800968704	-0.0362908926	-0.0231990796	0.035207786	0.0534959661	0.0211565471	-0.0320645699	0.0020689723	-0.0147354841	0.0806422409	0.0153592417	-0.005904573	-0.0111806751	0.0461982761	-0.0251127503	0.0647482188	-0.0364716672	0.0396009455	-0.0810833346	0.0060243048	-0.025513073	0.0971037088	-0.0070171194	-0.0229036096	0.0659497787	0.0257503665	-0.0061068289	0.0914098545	-0.1027301915	-0.0143193328	-0.0398948814	0.0096765174	-0.0490792542	-0.0325576222	-0.0072314788	0.0049083302	0.0061253602	0.0345286157	0.0366996843	-0.0544796476	0.0467729242	0.0453392252	0.0418313446	0.0511707418	-0.010734919	0.030194107	0.0701375438	-0.0064839407	0.0434231094	-0.0588881552	-0.0304625653	-0.0049873505	-0.017843653	0.0107118608	-0.0485708747	0.1022947158	0.0079943075	0.0249609788	-0.0324039315	0.0019725817	-0.0195513657	0.0533563102	0.047430224	-0.0295574455	0.0501987029	0.0071395638	-0.0072487827	0.0666658079	-0.0895579862	0.0258949329	0.0203440471	0.0031142684	-0.0350412382	0.005647397	0.0277273126	-0.0400609659	-0.0160049575	-0.0331719903	-0.0209584994	-0.0366314237	-0.0278352111	0.0538791845	0.0232871593	0.0701298062	-0.0401736449	-0.0084098463	-0.0476605894	0.0202877468	-0.0033164261	-0.0091255003	-0.005563819	-0.0095983799	0.0454775781	0.0182316379	-0.0310502269	0.0663063423	0.0260429185	-0.024008292	-0.0650363955	-0.0816216788	-0.0675308461	-0.0280596966	0.0219572114	-0.0896133500346394	9.351250439240676e-05	0.0080305525044308	8.744588477739896e-09	0.1182123567106998	0.0315538892825059	0.0139741612790977	0.0009956479288526	-0.0226716580447501	-0.0096935205313216	0.000514004078498	9.39643402911534e-05	0.0038468146220034	0.0005375934511341	1.479798273605916e-05	2.890067187022719e-07	0.0015152153474122	-1.1480010126999843e-06	2.295877549033474e-06	1.3179063251601896e-12	-0.0017109215968843	-0.0001169022769101	2.927252710685123e-06	1.3666142346789071e-08	0.0	0.0	0.0	0.0	0.0	0.0	0.0	0.0	0.0	0.0	0.0	0.0	0.0	0.0	0.0
1918.8642925508768	0.7035271519800972	3682040.173226777	0.4949504535732267	2253.979820020272	-5.2620336359186695	5080425.0290586185	27.68899798553945	2157.056843029503	0.9994489576647538	4652894.224060406	0.9988982189771628	2155.607757984217	1370.0895277190946	0.954085	23.941988	0.0661731882617782	0.0327778647379989	-0.0548491206	-0.0118429759	-0.018469639	-0.026412451	-0.013136622	0.0644632308	-0.0610238175	0.0296484766	0.0128118905	-0.0150076405	-0.0331305002	-0.0321594763	0.0252707998	0.0419835457	0.0378480774	0.0193646983	0.0016719181	0.0047672284	-0.0164849587	-0.0248671357	-0.0013945991	-0.0428692939	0.0632373524	0.0209171501	0.0186108856	0.0159928747	0.0359230442	-0.0682515986	0.0309305172	0.0330417395	-0.0264991516	-0.0355617767	0.0792759105	-0.0722025271	0.073406043	0.0522721319	-0.0618051803	-0.0166292688	-0.0718958528	-0.0235145895	0.0187679993	-0.0533162839	0.0347133787	0.0521823045	-0.0260137028	-0.0072566686	0.0037363746	-0.0872292224	0.0932651032	0.0077828247	-0.0376496853	-0.0053993894	0.0846843602	-0.0060740745	0.0819663584	-0.028997965	0.0272176374	0.0565053427	-0.0320675205	-0.0478335909	-0.0092297941	0.0389503674	-0.0827338134	-0.0027076608	0.0097499854	0.0547614722	-0.0210461914	-0.0807521634	-0.0016428528	-0.0282592136	0.0317229072	0.0318408982	0.0206248739	0.0306567302	0.0558783757	0.0304813497	0.0672967757	-0.0245260265	-0.039772487	-0.0376045131	-0.0237052605	-0.0491720843	-0.0229331451	-0.02319091	0.0461609828	-0.0379537211	0.0089939432	-0.0405973924	0.0819884888	0.0066081912	-0.0162738464	0.0821050073	-0.0434026609	-0.0355000844	-0.0236507876	0.0247933304	0.0492611103	-0.0182390344	-0.0005389731	-0.003969314	-0.0263603118	-0.0702615585	-0.0465235254	0.0144199871	-0.0493779754	0.0198946409	0.1184576992	-0.0438368417	-0.0104465808	0.0237182533	-0.0180747598	0.0162279145	0.0559843997	0.1131115315	-0.0600579285	-0.007916457	-0.0323512627	0.0020033193	-0.0611681287	0.0236304317	0.001936386	0.0094642681	0.058721954	-0.0058862783	-0.0327386997	0.0247690294	-0.0260826213	0.0078699275	0.0052148468	0.0038467108	-0.0037600418	-0.0128649484	0.0168940037	0.0019783415	-0.0047711542	0.0360000534	0.0202314748	-0.0303825983	0.0360771094	-0.0177630066	-0.0230426738	0.0658037687	0.0244165784	-0.0264477464	-0.0670465522	-0.0816216788	-0.0645158866	-0.0223686765	0.0284607885	-0.0734099797896448	0.0162033702449946	0.005389025132716	0.0002625492072963	0.1124286578236848	-0.0057836988870149	0.0126402031000352	3.345117281565847e-05	-0.0322631053775737	-0.0095914473328236	0.0010409079686044	9.199586193832898e-05	0.0043189796590254	0.000472165037022	1.865358529507516e-05	2.229398221859868e-07	0.0015133437272809	-1.871620131300121e-06	2.2902092369004466e-06	3.5029619158878827e-12	-0.0019287783756699	-0.0002178567787856	3.7201860224518174e-06	4.746157606283786e-08	0.0	0.0	0.0	0.0	0.0	0.0	0.0	0.0	0.0	0.0	0.0	0.0	0.0	0.0	0.0
1921.81349135796	2.949198807083121	3693367.095565472	8.697773603700504	2271.1724502101088	17.192630189836564	5158224.298593389	295.5865328444796	2160.9436160678424	3.88677303833947	4669677.311824363	15.107004651562637	2159.1287930726503	1380.6440110104668	1.016289	25.502932	0.0862831773750361	0.0454785709952419	-0.0646961079	-0.0480348672	0.0805916366	0.0324436145	-0.0075181265	-0.051765316	-0.0174336095	0.0033268439	0.0308482559	0.1160967975	0.057920843	0.0200977833	-0.026099422	0.0791042886	0.0061380741	-0.0033912091	-0.0151591627	-0.0205168443	0.0086801372	-0.0214993586	-0.0055352104	-0.0216567968	-0.015320607	-0.0790635585	-0.0342831029	-0.0411559201	-0.0995570038	-0.0163225189	-0.0524033501	0.0417813747	-0.0203561372	0.0423267027	-0.0136672177	0.0008912498	0.0182859355	-0.008280796	-0.0445770782	0.0201900833	-0.0186023931	0.0494138829	-0.0685416286	0.0068021403	-0.059408792	-0.0502838755	0.0746276379	0.0068913742	0.0861600289	0.0136624841	-0.016061918	0.0430862194	-0.0081263895	0.0614180242	-0.0172107436	0.0149046373	0.0300768902	0.070203177	-0.0534144195	0.0514218933	0.1251779848	0.0203925052	-0.0125982915	-0.1043061123	0.153149927	0.0586458987	-0.0199425928	-0.0734597689	-0.0450179352	0.027792142	-0.0200631007	0.0275359872	-0.0061489043	-0.0439326587	-0.0873408199	-0.0847043803	0.0261650081	0.0590831026	-0.0248869368	0.0043643577	0.0189497581	-0.0133691435	0.0802939354	-0.0397137564	0.0350982757	-0.0276092809	0.001798207	0.0437188873	0.0025334457	0.0121309008	-0.0209332634	0.0006342379	-0.0294346997	0.0618550003	0.0133506712	-0.0315117207	0.0730898749	-0.0900566114	0.0275973622	0.0543085692	0.0377052744	0.0858506442	-0.0145836227	0.0832961281	0.0265790997	-0.0926766739	0.0577687524	0.0443981804	0.1053404953	-0.0588613893	-0.0447620317	-0.0330713205	-0.0586156452	-0.0645132966	0.02763502	-0.0099655519	0.050964205	0.0825550097	0.0648518791	0.0061061916	-0.0633217351	0.0170924772	-0.0147742902	0.0205639454	-0.0114989031	0.0607853548	-0.0159897494	-0.01564335	0.007102195	-0.1263138694	0.041942664	0.0385546149	0.0269565846	0.0069795585	0.0184292322	-0.0187354073	0.0399202007	0.0064642105	-0.0833649282	-0.0052679822	0.0086716997	-0.0674513632	0.0065269773	0.0652939789	0.0227795284	-0.0288611001	-0.0689390864	-0.0813979594	-0.0612463124	-0.0165575133	0.0347647336	-0.0899891482622479	-0.0165791684726031	0.0080980468049648	0.0002748688272429	0.098358476803682	-0.0140701810200028	0.0096743899591404	0.0001979699939356	0.0034518728155816	0.0357149781931553	1.1915425934951245e-05	0.0012755596673375	0.0041063424049193	-0.000212637254106	1.686204794643842e-05	4.5214601833782043e-08	0.0015149246670254	1.5809397445000397e-06	2.2949967467620187e-06	2.499370475739851e-12	-0.001744619575735	0.0001841587999349	3.043697464037772e-06	3.391446359346253e-08	0.0	0.0	0.0	0.0	0.0	0.0	0.0	0.0	0.0	0.0	0.0	0.0	0.0	0.0	0.0
1922.0286840614	0.2151927034401524	3694194.262354797	0.0463078996138813	2256.825785781398	-14.346664428710938	5093262.627367823	205.82678023003973	2159.450154674697	-1.4934613931454803	4663224.970524573	2.2304269328160395	2158.318239575912	1358.836341631384	0.929651	23.328836	0.07747275969932	0.038377756726235	-0.0497205846	-0.0277597754	0.0452715013	0.0545311577	-0.0391768573	-0.0232037849	-0.0475719924	-0.0181393616	0.0718319792	0.0546347035	-0.0422984169	0.0330196433	0.002426832	0.0756961497	0.0210085374	-0.0108766363	-0.020138132	-0.0085517002	-0.0374500945	0.0353539918	0.0964361381	0.0133350244	0.0297273064	-0.07626847	0.0338172372	0.0214572079	0.0256246646	0.0455713073	-0.037492647	-0.0063317955	0.0209086139	0.0108227579	-0.0395423356	0.0231614512	0.0390337215	-0.0507699344	0.0546323312	0.018550086	0.0389138232	0.0446404637	0.0966814748	-0.0727194005	0.1018135878	-0.0728972138	-0.0310396617	0.0649573698	-0.037043026	-0.0236800787	-0.0741540354	0.0189833349	0.0084993448	-0.0330690804	0.0147728482	-0.0068723675	-0.0687849745	-0.0865883948	-0.0320065096	-0.1108408913	0.0533116481	-0.0328508909	0.0882670137	-0.0356911258	0.0142728593	-0.0205083055	-0.0108122112	0.0402849019	0.0294316717	-0.0028262674	-0.0230428693	-0.0145327208	0.0354662849	0.0325351077	-0.0848566734	0.0224011322	-0.0410287412	0.0165827486	-0.0395286611	-0.0034599773	0.0272992449	-0.0430727584	0.0288232653	-0.0564637923	-0.0240702338	0.063038675	0.0703792484	0.0356496848	-0.0131026334	0.0571316019	-0.0082269507	-0.0095735375	0.0160967786	-0.0382679081	0.0588450757	-0.0138872337	0.1078575347	0.1261258813	0.0090492272	-0.0104215072	0.0802207265	-0.0411146458	-0.0143628085	-0.0142304998	0.0298770722	0.0558904376	0.0039022246	0.0679215621	-0.0505561742	-0.0296170918	-0.0711079718	-0.0078064252	-0.0923969112	-0.016929414	-0.0159635767	-0.0788120353	0.1217352873	-0.0116096386	-0.0354479915	0.0092784449	-0.0653857879	-0.0005222153	0.0001754426	-0.0345415742	-0.0575373393	0.0206054258	-0.0164946854	-0.0779956467	-0.0063697322	-0.0593902292	0.0398975506	0.0812159535	0.0124200013	0.0006504185	-0.0071076345	0.0936118917	0.1116641453	0.0324187773	-0.1241602093	0.0385165519	0.0681313779	-0.0343932769	0.0019101539	0.064777029	0.0211324865	-0.0312459714	-0.0707106781	-0.0809511339	-0.0577350269	-0.010657419	0.040824829	-0.0928550894297046	-0.0028659411674566	0.0086220676329984	8.213618775323061e-06	0.1190651916641769	0.0207067148604949	0.0141765198660271	0.0004287680403138	0.0106505611378651	0.0071986883222835	0.0001134344525514	5.182111356138084e-05	0.0044748522653392	0.0003685098604198	2.002430279661137e-05	1.35799517226694e-07	0.0019192522887074	0.000404327621682	3.683529347708593e-06	1.6348082565502258e-07	-0.0019058104006148	-0.0001611908248797	3.632113283091544e-06	2.5982482025430337e-08	0.0	0.0	0.0	0.0	0.0	0.0	0.0	0.0	0.0	0.0	0.0	0.0	0.0	0.0	0.0
1915.6972142480229	-6.331469813377225	3669895.816677635	40.08750999770704	2268.2161217891808	11.390336007782937	5144804.375144351	129.7397543701965	2159.461460142945	0.0113054682478832	4663273.797842699	0.0001278136123038	2159.792667093017	1383.4956468776966	1.130889	28.378725	0.0708240820805686	0.0321195427506364	-0.0519790667	0.00016827	-0.0493129779	-0.0337611993	-0.0388130548	-0.0464013176	-0.0202560703	0.0298138782	0.0684009024	-0.0460038257	0.0516887239	-0.0493053932	0.0323037329	0.034374253	0.0370025683	0.1009649857	-0.017572572	-0.0317714304	-0.0037372279	-0.0642032212	-0.0290297989	-0.091947368	0.0678080067	0.0214593061	0.087986489	-0.0155041996	0.0575716874	0.020511517	0.0102360826	0.0034254715	-0.0012972966	-0.0229944246	-0.0022083848	-0.094990117	-0.0010662031	0.051904855	0.0550428506	0.0473254002	0.0337490299	-0.0167026679	-0.000892264	-0.0292469665	0.0507171749	0.060600817	-0.0758669922	-0.102872958	0.0034239422	-0.0197383282	0.0306730818	0.0665932735	-0.0356553345	0.0964151654	0.0572133861	-0.0547171778	0.0745964204	-0.0827745361	0.0116498076	0.038238694	-0.060311407	0.0063267997	-0.0534982361	-0.1565937062	0.020033563	-0.0447666479	-0.0689576395	-0.0880514648	0.0298774832	-0.0184483275	-0.0196043615	0.0158744026	0.0323022157	-0.0232647789	0.0392509087	0.1648726744	0.0191329077	0.071611182	-0.016873132	-0.0618277674	-0.0171667441	0.0391255166	0.0048092655	-0.0190989859	-0.0281739738	0.0198784636	-0.0104994923	-0.0309462402	0.0288459412	-0.0138070677	0.0317638748	0.0354508066	0.0709149218	0.0170024247	-0.0016070219	0.0301705704	-0.0305314506	0.0464405909	-0.0163173467	-0.0474706845	0.0023669698	-0.0037891692	-0.0125781791	-0.0228013783	-0.1358033662	-0.0826923954	0.0553385309	0.069397737	0.0336399132	-0.0063523935	-0.0184958464	0.0023677851	-0.0368448738	-0.1361725499	-0.0122652757	-0.062263982	-0.1676417605	-0.1132526795	-0.0320694571	0.0056157032	-0.0850077322	0.0270121415	-0.0074071617	-0.0447587394	0.0371932011	-0.0398805811	-0.0360230639	-0.0383088706	-0.0319065649	-0.0046336472	0.0244349289	0.0279324795	0.0142317774	0.0810582051	0.0872175602	0.0740167692	0.084585765	-0.0318014874	-0.0749619668	-0.0959143832	0.0370538283	0.0305207191	0.0466019832	0.0642529755	0.0194761753	-0.0336000067	-0.0723582192	-0.080282427	-0.0539958877	-0.0047000831	0.0465985677	-0.0786353657922518	0.0142197236374527	0.0061835207532812	0.0002022005403255	0.1247532719229838	0.0056880802588069	0.0155633788554899	3.2354257030628825e-05	-0.0086163851148839	-0.019266946252749	7.424209244799284e-05	0.0003712152179063	0.0048481122171485	0.0003732599518092	2.3504192070064545e-05	1.3932299162468074e-07	0.0020966968198921	0.0001774445311846	4.396137554545645e-06	3.1486561647357925e-08	-0.001988092556252	-8.22821556372001e-05	3.952512012224612e-06	6.770353136304421e-09	0.0	0.0	0.0	0.0	0.0	0.0	0.0	0.0	0.0	0.0	0.0	0.0	0.0	0.0	0.0
1911.8176986645472	-3.8795155834757225	3655046.912927005	15.050641162430976	2228.8408494429154	-39.37527234626532	4967731.532145417	1550.4120723425665	2159.84239090868	0.3809307657352292	4664919.153566124	0.1451082482836281	2155.9456952492897	1389.5362851648035	1.153529	28.946863	0.0825292832720849	0.0374209604839437	-0.0869602684	-0.0327560054	0.0576222691	-0.1014971453	0.0971243679	0.088248516	-0.0429331242	0.0233477029	-0.0073827104	-0.0248112348	0.0483732313	0.0735881914	0.0666682188	0.0781269165	-0.0461144769	-0.0261953259	-0.0131823114	-0.0133707352	0.0230525405	-0.0772577908	-0.0178136629	-0.0329492716	0.0803421139	-0.0481162354	-0.0223507297	-0.0426278095	-0.0924278143	-0.1185771332	0.0036754249	-0.0509195642	-0.018658625	0.0250240673	0.0643627997	-0.007561406	-0.0275366909	-0.0180603367	0.016474967	-0.0080194538	0.0011126146	-0.0556644957	0.0298682314	-0.027847665	-0.0884692882	-0.1074021176	-0.0207509681	0.0550660382	-0.0254171444	-0.0295660761	-0.0113099098	-0.0067374626	-0.003188221	-0.0019206422	0.0099883379	0.0049285714	-0.0043903256	-0.052033324	-0.0278274172	0.0170738344	-0.0211816744	0.140310842	-0.064782695	0.0095875393	0.0297721924	0.0267752386	0.0020328462	0.0774611129	-0.0114455314	0.0253492032	-0.0134618477	0.0036676837	0.0005758235	0.0249762353	-0.0139659867	-0.0412670039	0.1248521234	0.0654243433	0.0576116968	-0.069209139	-0.0312103301	-0.0431663565	0.0836780549	0.0112287424	-0.0602521503	-0.0900340954	-0.0428821151	-0.048078049	-0.0450153534	-0.0294138049	0.0367541002	-0.0490649362	0.0418162587	-0.0520125254	0.0500967771	-0.0333497283	0.0884057598	-0.0444122436	-0.0244891153	-0.0129287106	0.0129666393	-0.0270893055	0.0520828142	-0.0004469838	-0.091020377	0.0246308821	0.0053737747	0.0197718844	0.0104377423	0.028679423	0.0137755105	-0.0854386854	-0.062873376	0.0129867358	-0.0252750781	-0.0098531878	-0.1028525887	0.0670622331	0.0254987405	0.0057503522	-0.0900347431	0.0298073808	-0.0261012983	0.0168716386	0.0292512403	0.0377751963	-0.0491131667	0.0726318858	-0.041764405	-0.0497362687	0.01385984	-0.0248966039	0.0510569632	0.0483649537	0.0941738145	-0.0176483204	0.0780886357	0.0259597345	0.0240938763	-0.0066225777	0.0617252241	-0.0589933514	0.0527058619	0.0637218759	0.0178113211	-0.0359208828	-0.0738788195	-0.0793936715	-0.0500436514	0.0012824971	0.0520454508	-0.0850820700661074	-0.0064467042738555	0.007238958646734	4.155999599454791e-05	0.1004968250067861	-0.0242564469161977	0.0100996118364445	0.0005883752169983	0.0190199924589578	0.0276363775738417	0.0003617601131388	0.0007637693654039	0.0047101571488065	-0.0001379550683419	2.218558036645297e-05	1.903160088124588e-08	0.001947864404781	-0.000148832415111	3.79417573941284e-06	2.2151087787802725e-08	-0.0021851001629627	-0.0001970076067106	4.774662722179618e-06	3.8811997101877774e-08	0.0	0.0	0.0	0.0	0.0	0.0	0.0	0.0	0.0	0.0	0.0	0.0	0.0	0.0	0.0
1921.157551324256	9.339852659708868	3690846.3370102113	87.23284770507081	2265.8579915364585	37.01714209354304	5134112.437809634	1370.2688087735562	2160.6987180734354	0.8563271647553847	4668618.950284187	0.7332962130979959	2158.119835587668	1358.147437958706	1.100757	27.622601	0.0388866662255452	0.0185768795221992	-0.0830770928	-0.0358104733	0.0528445986	0.0232083325	-0.0006674496	0.0025308801	-0.0079430537	-0.0029709908	0.0768481679	0.1340739607	0.0834358336	0.0224641785	-0.0154613312	0.080466222	-0.0253126436	0.0138826324	-0.0184309869	0.0055154431	0.0153550164	0.0135108114	-0.0018805412	-0.0304761512	0.0012825818	-0.1106210847	-0.0150262544	-0.0699973709	0.0140384587	0.0145564831	-0.038460978	-0.0593464782	0.0083913601	0.0173350043	0.0049709013	0.0726410292	0.0447507188	0.0038699417	0.0360515436	-0.0129014599	0.037485382	0.0024162681	0.1096799074	-0.0245510655	-0.0402775692	-0.0178764988	0.0364057767	0.0052746117	0.0266097373	0.0304461492	0.0468064314	-0.04945717	-0.0185776975	0.059279389	0.0349541612	-0.0678385099	0.0082105045	0.0554941699	-0.0292065137	-0.0742354571	0.0371847693	-0.0850008739	0.0289088665	-0.0073450824	0.0649926999	-0.0725912027	0.0408588704	0.0710619523	0.099170487	-0.0315521834	-0.0224443635	0.0107621671	-0.0042973423	-0.0119641957	-0.0665178484	-0.0352824572	-0.0372930381	0.0857186045	-0.0460984391	-0.0609430342	0.0670979111	0.0319500574	0.0370968049	0.0409748855	-0.0292936495	-0.0164970796	-0.01366781	-0.0028383493	-0.0404048365	0.0158922015	0.0366698847	0.0063672094	-0.0407844566	0.003173137	0.0081302227	0.0032783036	-0.028551843	0.0136970245	0.0644213026	-0.0742072055	0.0841147589	-0.0430382597	0.0655206565	0.0307337258	0.0156081242	0.0192414648	-0.092463231	0.0186769743	0.0675617467	-0.0483940852	-0.0750111845	0.0709551825	0.0160769837	-0.008499971	0.032015682	-0.0096764362	0.0760297386	-0.0596347319	-0.0699208032	0.0066845586	-0.0793505783	0.0187193359	-0.0037693297	-0.0239703107	-0.0201183925	0.031229954	-0.0206770448	-0.0054297828	0.0026129241	-0.1155608239	0.0434108466	0.018741357	0.0259200231	0.0183276584	0.0386910385	0.011525897	0.1123429408	0.0125646427	-0.0264883566	0.0057339328	0.0191356961	-0.0602035554	0.035078674	0.0631837885	0.0161386543	-0.0382063093	-0.0752698111	-0.0782873035	-0.0458939156	0.0072581889	0.0571272725	-0.0736914320832937	0.0113906379828136	0.0054304271624866	0.0001297466336555	0.1107465813961141	0.010249756389328	0.0122648052909261	0.0001050575060405	0.0230703027025214	0.0040503102435636	0.0005322388667859	1.640501306911624e-05	0.0047177265039956	7.569355189100159e-06	2.2256943366502545e-05	5.7295137978757494e-11	0.0021050960072412	0.0001572316024602	4.431429199702843e-06	2.47217768122024e-08	-0.0020859818884152	9.91182745474998e-05	4.351320438796245e-06	9.824432349273544e-09	0.0	0.0	0.0	0.0	0.0	0.0	0.0	0.0	0.0	0.0	0.0	0.0	0.0	0.0	0.0
1913.321565255484	-7.835986068771945	3660799.412071696	61.402677669988	2262.4301817922883	-3.4278097441701902	5118590.327484687	11.749879642228104	2154.919816907084	-5.778901166351261	4643679.417298861	33.395698690455966	2151.8704263299264	1357.8420601706607	1.056035	26.500328	0.1151800367481311	0.0637853963675717	-0.0663438724	-0.0058449752	-0.0291263261	-0.0048671695	-0.0285476544	-0.0024575855	-0.0302365742	0.0027969488	0.0732692342	-0.0126646089	-0.0034853254	-0.0372188813	0.0514442954	0.0617588635	-0.0278422154	0.0519903213	-0.0036852902	-0.0157225027	-0.0581408754	0.0091562687	-0.0193640823	-0.094519953	0.0443208583	-0.0282771788	0.079301044	-0.0315111949	0.1034435933	-0.017779742	0.0239612539	-0.0242276297	-0.022711827	-0.0082142974	-0.0464422922	-0.026969971	0.0096437908	0.0203867209	-0.0495420299	-0.0005244707	-0.04327263	-0.0016829729	0.0977869889	0.0339781309	0.0756380507	-0.0268175439	0.0326410955	1.70535e-05	-0.0239023233	0.0287047319	-0.0248060293	-0.0562985593	-0.015616825	-0.0189189701	0.0464960774	-0.063670056	-0.0925460133	-0.0120846647	0.053490131	0.1522956305	0.0418146144	-0.0347095247	0.0124396876	-0.056807005	0.0170211297	0.0194629666	-0.0254783491	0.056739169	0.0413419885	0.0416253615	-0.0034622962	-0.0177622921	0.0717080145	-0.0158941427	-0.0310405256	0.1092914174	-0.0408484049	0.0675197725	-0.0079533585	-0.1031748754	0.0228970062	0.0057749589	-0.0583064652	0.0185424173	-0.0190688147	-0.010403207	-0.0640204202	-0.0289567402	0.0525236162	-0.006639014	0.0482804577	0.0098003308	0.0294444837	-0.0573774649	0.0356186958	-0.0905295437	-0.0474445542	-0.017325476	0.0005731093	-0.0253347356	0.0592598841	-0.0311313127	-0.0518684188	-0.0281044467	0.0557731773	0.0576563898	-0.0043041176	0.0315935602	-0.0064931977	0.0108631872	-0.0375714314	0.0897176972	-0.0093272994	-0.0367230957	0.022039533	0.0482698834	-0.0412015948	0.0129028233	0.0853205979	0.0065324121	-0.0845618356	0.0133338062	0.0217805942	-0.0696264954	-0.0145978859	-0.0411973455	-0.0326311981	-0.0405303545	-0.0132619601	0.0623051129	0.0140659998	0.0350019313	-0.0093473199	0.0806763233	0.0422641755	0.042281915	0.072478863	-0.0523571975	-0.0364874401	-0.0340469728	0.0419890629	0.0038739277	-0.0143892933	0.0626387723	0.0144589085	-0.0404540309	-0.076528754	-0.0769663555	-0.0415630576	0.0131948967	0.0618083875	-0.0734178960919678	0.0002735359913259	0.0053901874665709	7.482193855064375e-08	0.1440798676277523	0.0333332862316382	0.0207590082556306	0.0011111079710003	-0.0149792281199907	-0.0380495308225121	0.0002243772750707	0.0014477667958132	0.005156679886889	0.0004389533828933	2.6591347455845545e-05	1.9268007235355973e-07	0.0021020366343269	-3.0593729143002686e-06	4.418558012052361e-06	9.35976262875412e-12	-0.0025144428066606	-0.0004284609182453	6.322422627967234e-06	1.8357875846369114e-07	0.0	0.0	0.0	0.0	0.0	0.0	0.0	0.0	0.0	0.0	0.0	0.0	0.0	0.0	0.0
1909.205432607203	-4.116132648281109	3645065.383896857	16.942547978245656	2239.7048201127486	-22.725361679539677	5016277.681236279	516.4420634658902	2156.577661038671	1.6578441315868986	4650827.208091025	2.748447164637118	2154.323648288814	1356.4622224923266	1.064917	26.723227	0.1017286914885744	0.0439285809892023	-0.0856316213	-0.0448659026	0.0288166933	-0.0348644329	0.0528058268	0.0872262871	-0.0656288027	0.0323093398	0.0321895232	-0.046084224	0.0216021575	0.0372943466	0.0583348986	0.0633122878	-0.0030196408	-0.0098525446	0.0030353886	-0.0014270639	0.0019380652	-0.0475793716	0.0221607742	-0.0566410268	0.0477847634	-0.0086489733	-0.0053415857	-0.0573920675	-0.0638199939	-0.0320626203	0.034845207	0.0218651553	0.0362126069	0.0297684981	0.0248500266	-0.0468891025	0.0685885415	0.0384137323	-0.0038853352	-0.0094050258	-0.0135199779	-0.0270098046	0.0908208941	0.0665198334	0.0385139695	-0.1062639585	0.0615733497	-0.0367607636	0.0333581556	0.0958634652	0.0947956926	-0.0498915268	0.0171380496	-0.0436735284	0.0370462125	0.0459332864	-0.1049978915	0.024124421	-0.0284857758	-0.049660855	-0.1020772272	0.0202410521	0.0693462447	-0.0780077993	-0.0114251745	-0.07559591	-0.0746108489	0.0045932078	-0.0684353833	-0.0453171506	0.0024569601	-0.0077899247	0.0065062568	0.0265522023	-0.0157411524	0.0001474134	0.0683263198	0.0223213845	0.0142095994	-0.0275658273	-0.0226478518	-0.017434434	0.0297056709	-0.1021901107	-0.0058860748	-0.0836678675	-0.0186990225	-0.0265558435	-0.0303451767	0.0343091959	0.0542149468	-0.0193897096	0.0621783632	-0.0099555816	0.0123975661	-0.1142486818	0.065659721	-0.0689457093	-0.0532219087	-0.0479099078	0.0908944991	0.0673659171	0.0246855299	0.0612537756	0.082024127	-0.0070350967	-0.0589152826	-0.0050334119	0.0110467106	0.0859869027	-0.0682334187	0.038326028	-0.0325921765	0.0289226605	-0.0785810329	0.0474595177	0.0908464969	-0.0004365109	0.0177869558	0.0077388449	-0.1015801356	0.0347779294	-0.0161280046	0.0176450604	0.0572394984	0.0015472185	-0.0534334024	0.0464157073	-0.0028099174	-0.0308208077	-0.0130830736	0.0279581577	0.0375929831	0.0643889	0.1022044601	-0.02616659	0.0618894782	0.003149855	-0.0438141342	0.0058822941	0.0925740956	-0.0398331324	0.0758634366	0.0620868871	0.0127728206	-0.0426618292	-0.0776534394	-0.0754344479	-0.0370681691	0.0190607341	0.066055961	-0.0706339495446712	0.0027839465472966	0.0049891548282791	7.750358378204695e-06	0.1247729489407447	-0.0193069186870075	0.0155682887873696	0.0003727571091867	0.0180057799497745	0.0329850080697652	0.0003242081115997	0.0010880107573624	0.0056142781706252	0.0004575982837362	3.152011937715864e-05	2.0939618927831613e-07	0.001935095654731	-0.0001669409795958	3.7445951929587977e-06	2.786929066843864e-08	-0.0028229599070186	-0.000308517100358	7.969102636634463e-06	9.518280121330827e-08	0.0	0.0	0.0	0.0	0.0	0.0	0.0	0.0	0.0	0.0	0.0	0.0	0.0	0.0	0.0
1910.989094794162	1.7836621869589635	3651879.32042221	3.181450797187233	2255.573461821585	15.868641708836549	5087611.64167381	251.81378968342693	2155.309356611002	-1.2683044276691362	4645358.422694931	1.6085961212451352	2152.59808224852	1348.5342362736862	1.024206	25.701624	0.0815935009735371	0.0398500596451936	-0.0744853137	-0.036330099	0.0391730804	0.0509976667	-0.0308657887	-0.022919737	-0.0163667987	0.0229425772	0.0639324924	0.0145860127	0.0394313432	-0.0101945099	-0.003185932	0.0833173869	-0.0179511575	0.0535080884	0.000249156	0.0099640568	-0.0247692987	-0.0088225739	0.0300187251	-0.010395558	0.0357850651	-0.1272774791	0.0091098586	0.011346799	0.0170293274	-0.0202870351	0.0804421987	-0.034376624	0.035059467	0.0003292683	0.1162487377	0.0138453291	-0.0856952233	0.0122657603	0.1394561195	-0.1003456314	-0.0853881622	-0.0086713912	0.0408472735	0.0949616522	-0.0111028114	0.0134878932	0.0665190987	-0.0476898636	-0.0036349245	-0.026799561	-0.0794857109	-0.0648078829	-0.0352601498	-0.0565425444	-0.0019266268	-0.0501260533	0.0411741568	0.056184833	0.0041055804	-0.0097824462	-0.112403952	-0.006785816	0.0122346854	0.0299333181	-0.0127912085	-0.0493728148	-0.0026501018	0.0639175602	0.0614674383	0.0524207643	0.0020656771	-0.0039705711	0.0018307648	-0.0087699971	-0.1023926118	0.0118810526	-0.0060690581	0.0362626994	-0.0060206875	-0.0794020919	0.0200912383	-0.0609429789	0.0003892749	-0.0157182855	0.0060250541	-0.0644631801	0.0689989083	-8.11799e-05	-0.0364127103	0.003061501	0.0338472395	-0.1532800513	0.0434708069	0.0139006788	0.0611128177	0.0020635441	-0.1000596191	-0.0143276644	0.0161079605	-0.0463837711	-0.0350343012	-0.0594533133	-0.0990401096	0.0733731064	0.0507890847	0.075388761	0.0217723855	-0.0495054838	0.025299383	-0.0178823341	-0.0096843022	0.0043582052	-0.0178914707	0.0697982884	-0.0288651072	0.0275315379	-0.0124503059	-0.0312262791	-0.0562556046	0.0021529184	-0.083224963	0.0168763832	-0.0032750975	-0.0178202154	-0.0313491217	0.0423960868	-0.0236182187	-0.0617158708	0.0217794323	-0.0085377662	0.0495511342	0.0400293837	0.019277912	0.0986447376	0.0561671263	-0.0227348902	0.0322558107	-0.028326703	-0.0106013534	0.0176323121	0.0393761306	-0.0874947516	0.0095524398	0.0615281933	0.0110811301	-0.0448275254	-0.0786418943	-0.0736957799	-0.0324269895	0.0248241955	0.0698401994	-0.0930288046897374	-0.0223948551450662	0.0086543585020013	0.0005015295369684	0.1172149594167848	-0.0075579895239599	0.0137393467110785	5.712320564428766e-05	0.0131609505340435	-0.004844829415731	0.0001732106189595	2.34723720675324e-05	0.0050358025240108	-0.0005784756466144	2.5359307060833542e-05	3.3463407372594845e-07	0.0021018905327157	0.0001667948779846	4.41794381151989e-06	2.7820531321930956e-08	-0.0026323138938421	0.0001906460131764	6.929076435714159e-06	3.6345902340094166e-08	0.0	0.0	0.0	0.0	0.0	0.0	0.0	0.0	0.0	0.0	0.0	0.0	0.0	0.0	0.0
1910.0253538935124	-0.9637409006495544	3648196.852516037	0.9287965235848146	2238.015465476296	-17.55799634528921	5008713.223711082	308.28323566118934	2156.9009366464493	1.5915800354473504	4652221.650506331	2.533127009234589	2153.280485365126	1351.0626293282044	1.066213	26.755747	0.0856437835829839	0.042265593692084	-0.0615110624	-0.0044201483	-0.0192204487	-0.0686124066	0.0377035952	0.0886835887	-0.050019974	0.0004810879	0.0604108995	-0.0499409688	-0.0743571621	0.0084688719	0.0656702254	0.0532312144	0.0165656589	0.0308471402	-0.0070015571	0.0093984473	-0.0379240914	-0.0246171833	0.0214699232	-0.0882425273	0.0299522131	0.0129714186	0.0500297893	0.0396645156	0.0380552768	-0.079370344	0.0474983171	0.0245082574	-0.0210536548	0.0127943025	0.0360424387	-0.0625645801	0.04624631	-0.0095427471	-0.0676433414	0.0414293732	-0.0244439153	0.0195113703	0.0044081293	0.0724283386	0.0490030099	0.0100288265	0.1009914878	0.0339794175	-0.0882102453	-0.0491070704	0.0041336962	-0.0541816951	0.0608400814	-0.023736798	0.0834542592	-0.0438447621	-0.0952152676	0.0794377706	-0.0087394237	0.0542394416	-0.0548013303	0.0810774482	-0.0376249116	-0.0269041908	-0.0324817297	-0.0483354014	0.0211699855	0.0549549851	-0.1655054076	-0.126604367	-0.0065906774	-0.0400170325	0.0471372929	0.0667568301	0.0052891924	0.0603818978	0.0583616972	0.0446861572	0.0269186598	-0.0791458075	-0.0589536526	-0.0451521685	-0.0766242445	0.0041884128	0.0077072758	0.0134318878	-0.0098525842	0.0167986675	0.0256345752	-0.0121172675	0.0520866002	-0.0015910565	0.0143321434	0.0324896863	-0.002603105	-0.0547348553	-0.0080862045	-0.0505467391	-0.0112326298	0.0098470396	0.0350374984	0.0915304332	-0.0417284109	-0.0185231443	-0.0156225452	0.1355188679	-0.0733071918	0.0336376224	0.0181257992	-0.0041078174	0.0354523135	0.0612432051	0.0344429072	0.1075611095	-0.0758605582	0.0512295028	-0.0262536142	-0.0483154508	0.1242586325	0.0050925504	-0.065463135	0.0220745732	0.0303703793	-0.0649444111	-0.0077728764	-0.0326792575	-0.0430943017	0.0389846017	-0.0400969595	-0.0020991676	0.0038636954	-0.033199725	0.0131103794	0.0386136765	0.0225910822	0.0229077528	0.0720966698	-0.0181437925	0.0253747378	0.0304647818	0.058519669	0.0440742328	0.0017439262	0.0609627523	0.009384579	-0.0469489822	-0.0794923845	-0.0717551168	-0.0276578354	0.0304543249	0.073134559	-0.0920614154717043	0.0009673892180331	0.0084753042186537	9.358418991667014e-07	0.139651178533839	0.0224362191170541	0.0195024516658901	0.0005033839282684	-0.0005233748752431	-0.0136843254092866	2.739212600357304e-07	0.0001872607619072	0.0054419916803458	0.000406189156335	2.9615273448952904e-05	1.6498963072413909e-07	0.0022963533976925	0.0001944628649768	5.273238927093889e-06	3.781580585498519e-08	-0.0030027788693025	-0.0003704649754604	9.0166809379296e-06	1.3724429804287477e-07	0.0	0.0	0.0	0.0	0.0	0.0	0.0	0.0	0.0	0.0	0.0	0.0	0.0	0.0	0.0
1911.5802847403663	1.5549308468539491	3654139.18500806	2.41780993849794	2251.083042491566	13.067577015270215	5067374.864193087	170.7615690500185	2156.22736395907	-0.6735726873794192	4649316.445085879	0.4537001651835328	2153.3576667833627	1365.9555543536528	0.963443	24.176817	0.0640665198835228	0.0342299993315603	-0.0695818487	-0.0297687507	0.0301561837	-0.042859803	0.0276139507	-0.0100709533	0.007571319	0.0225369091	0.0313163161	0.002323718	0.0210657656	0.0565790102	0.0328515603	0.0446124869	0.0538458584	0.0281953876	0.0034120997	-0.0155602359	0.0056375229	-0.0401515781	0.0200067606	-0.0053901188	0.0605084331	-0.0143976472	-0.0288317713	0.0372653734	-0.0692365351	-0.0185983905	0.0035621274	-0.0334025123	-0.0242377344	0.0552994751	0.0566131598	-0.0130339519	0.0580059325	0.0075949821	0.0370990082	0.078502159	0.0536080838	0.0767501947	0.0065713464	0.0808665123	-0.0002651253	-0.0079719286	-0.0137478515	0.0101970487	0.0757250894	-0.019737753	0.0037933952	-0.0614409757	0.0567836814	0.0401515253	0.0133294014	0.0844124039	0.0513540098	0.0407766027	0.0783139628	0.0039716445	0.0270254601	-0.0901886587	0.0174752758	0.0662190409	0.0584227987	-0.0629395183	0.0463281123	-0.0544978529	-0.0537243582	-0.0352164625	-0.0003371089	0.0239821842	0.0059430369	-0.00214455	-0.0536549383	-0.0174565755	0.0511664047	0.0292065794	0.0197776559	-0.0333232627	-0.0583794295	-0.0069103011	0.0401539182	0.0250988377	-0.0292687906	-0.0212482538	-0.0119130793	0.0399034819	-0.0266602248	-0.0019289316	0.0583883126	-0.0232906655	0.0454605308	0.006063991	-0.020071153	0.0344914268	0.0364802384	0.0176482423	-0.0366016898	-0.0198044294	0.0145399742	0.078455452	0.0269701308	0.0259702888	0.0905286536	-0.0483940127	-0.0574807472	0.0760710559	0.0747065203	-0.0755366491	0.0334818768	0.0455730566	0.0716330475	-0.047668463	0.0374646084	-0.0878084865	0.0051776466	0.0304848772	-0.0080008767	0.0040601036	-0.0891124324	0.0342532494	-0.0310132169	0.0004860265	0.0560715599	0.0289402247	-0.0379226012	-0.0177589684	-0.0057508726	-0.0507746585	0.0315100212	0.002166632	0.0359515732	0.0661786978	0.0631618839	-0.0050744251	0.0391739182	0.007050025	0.038329349	0.0068350021	0.0482733952	-0.0690749106	0.0779201055	0.060390626	0.0076839116	-0.0490241061	-0.0802034182	-0.0696177779	-0.0227795284	0.0359208828	0.0759159322	-0.0883751801727896	0.0036862352989146	0.007810172470573	1.3588330678964708e-05	0.1181931889524889	-0.02145798958135	0.0139696299147587	0.0004604453168733	-0.0087495815013411	-0.008226206626098	7.655517644861038e-05	6.767047545525864e-05	0.0052929308279486	-0.0001490608523972	2.801511674944865e-05	2.2219137717379857e-08	0.0021759871557545	-0.000120366241938	4.734920102008558e-06	1.4488032198277209e-08	-0.0026582841960945	0.000344494673208	7.066474867205782e-06	1.1867657986868677e-07	0.0	0.0	0.0	0.0	0.0	0.0	0.0	0.0	0.0	0.0	0.0	0.0	0.0	0.0	0.0
1914.5911965683624	3.0109118279960967	3665659.449977074	9.065590035966796	2238.468890103427	-12.614152388139246	5010742.971960868	159.11684047119903	2156.846045957433	0.6186819983631722	4651984.865962213	0.3827674150986481	2152.5638066577712	1356.7193797512462	0.995874	24.990656	0.0806782717269695	0.0354309671084098	-0.0443534179	-0.0049970916	0.0271282899	-0.0276527095	0.0110481806	0.0363292091	-0.1000098823	-0.0200238725	0.0364912522	-0.0171111856	-0.0215414824	-0.0146156522	-0.0306981876	0.0233586006	0.0377526384	-0.0199136574	-0.0030792762	-0.0095468039	-0.0109320269	0.0186249316	0.036430894	-0.0131045834	0.0698596426	0.0290408125	0.0580686762	-0.0503526118	0.0406689129	-0.0142738102	-0.0014031533	-0.0306847126	0.0274700833	0.0822485761	0.0242450296	-0.003886648	-0.0267174926	0.0366923425	-0.0302945198	0.0302573129	0.0675512294	-0.0220478285	0.088685403	0.0254608846	0.0096982172	0.0130727597	-0.0199578335	0.0771835819	0.0079441674	-0.0311199419	-0.1087083561	0.0912038486	-0.036935838	0.0480074322	-0.0148657238	-0.0335918047	-0.002973738	-0.0944717995	-0.0810540239	0.0022030538	-0.0272860828	-0.0060204762	0.0593838876	0.0924880303	0.0379886283	-0.0157899022	-0.0023309907	-0.0704361907	0.0343244957	0.083688692	-7.99594e-05	-0.0118095626	0.0371209195	0.0953552826	0.0008645141	0.0560669157	0.0078225859	0.0208642892	0.0300837919	-0.0183162548	0.0421453237	0.022820978	0.0125303817	0.0249845253	0.0527169215	0.0081584815	-0.0219885268	0.0469155375	-0.0663336847	0.0135333204	-0.0147987063	0.0102123915	0.0588661342	-0.073840644	0.0007302621	-0.0281767188	0.0261484487	0.0451231347	-0.0252982706	-0.055796176	-0.0343865111	-0.0141891373	-0.0624013495	0.0723217022	0.0242244111	0.0477110567	0.0363851627	0.0235287821	-0.0182044787	-0.1144545521	-0.0170270138	-0.0589423069	-0.1345601977	0.0463765727	0.0051835657	-0.0087649916	0.0186373364	0.0076825137	-0.0484085487	0.0005551948	-0.0452463303	0.0246639235	0.012091412	-0.0425100147	-0.053092495	0.0350849837	-0.0174555	0.0120551657	-0.0443072842	0.0531136387	0.025733749	-0.0372327422	0.0220536364	0.0308746721	0.0200238177	-0.003246442	0.0601980682	-0.0011637117	0.0289479222	0.0454329466	-0.0250031484	-0.0036128589	-0.0086055014	0.0598118772	0.0059798738	-0.0510508491	-0.0807737477	-0.0672896215	-0.0178113211	0.041194508	0.0781648097	-0.0963116803830956	-0.0079365002103059	0.0092759397782155	6.298803558818709e-05	0.1254669756122126	0.0072737866597236	0.0157419619692755	5.290797237117441e-05	-0.020650254754031	-0.0119006732526899	0.0004264330214063	0.0001416260238672	0.0048662642806938	-0.0004266665472547	2.3680528049556348e-05	1.8204434254633218e-07	0.0025138084486535	0.000337821292899	6.319232916521716e-06	1.14123225935952e-07	-0.0029651425880257	-0.0003068583919311	8.792070567323745e-06	9.416207269860187e-08	0.0	0.0	0.0	0.0	0.0	0.0	0.0	0.0	0.0	0.0	0.0	0.0	0.0	0.0	0.0
1911.207540818792	-3.38365574957038	3652714.264082615	11.44912623160069	2260.6091364080257	22.140246304598804	5110353.66761144	490.190506428301	2154.5598340659644	-2.2862118914686107	4642128.078570357	5.226764812692482	2152.707517068091	1367.6872996513748	1.060251	26.606125	0.1156202805122965	0.0638528301335639	-0.0237333792	0.0213736237	-0.0583891185	-0.0592091814	-0.02814017	-0.0525748159	0.0296454938	0.0104380734	0.0509746026	0.0036018324	-0.0725521919	0.0092457748	0.0248276843	-0.0247840015	0.0599245993	0.0912921221	0.0046339683	-0.0626697735	-0.040451595	-0.039067675	-0.038035373	-0.0748174147	0.0830873829	-0.0378958817	-0.0433085772	0.0003112346	-0.0282288518	0.0565727477	-0.0455710959	-0.0324574678	-0.0355612318	0.0077027406	0.0295472867	-0.0058550075	0.0033054648	0.0092697849	-0.0508215404	-0.0418021911	-0.0051646085	-0.0359966776	0.0055980224	0.0355788499	-0.001465212	-0.0080733943	-0.1005826919	0.0009439401	-0.0481618947	-0.0275178596	0.0229408548	-0.0057166092	-0.0552996003	0.0061151811	-0.0113256253	-0.0269628392	0.0132588813	-0.2230691333	-0.0498731468	-0.069110873	0.0351263702	0.0281095738	-0.0363077118	0.2068228224	-0.0338120756	0.066703283	-0.0691006173	0.0198547019	0.0241784413	-0.09013334	-3.51946e-05	0.0402900886	0.0542018015	-0.0697652287	-0.0496732972	0.0258763303	0.0456239605	0.0689888196	0.0552274913	-0.0257766071	-0.0565493153	0.0533125577	-0.0381994382	0.0015935415	0.0114122741	0.0112493415	-0.0956094906	-0.0046083995	-0.0368110619	-0.0532831758	0.0569286964	0.0334998736	0.0398244537	-0.0387083048	-0.0337804042	0.0365535876	-0.0518499951	0.0250936448	-0.0167380185	0.0068291169	-0.029921249	-0.081437511	0.0288666165	-0.0869041237	-0.0609715085	0.0605474955	-0.061689574	-0.0260662854	0.0557640267	0.0131259332	0.0080224885	-0.1092481494	-0.0721224269	0.0973872691	-0.0349464893	-0.0680349945	0.0097550674	0.0789119837	-0.1303370002	-0.005315885	-0.0349379555	0.0304534712	0.0047425284	-0.0983626081	0.0148378709	-0.0224808862	-0.0107943534	-0.0467349953	-0.0030498421	-0.0326931215	0.0344709915	-0.1122561131	0.0598069982	0.0471809292	0.0085009052	0.0615437263	0.0156444002	-0.0155124735	0.0816574634	0.0002021283	-0.0304403243	0.0603514396	-0.0473093964	0.0592265694	0.0042732129	-0.0530272111	-0.0812023727	-0.064777029	-0.0127728206	0.0462468756	0.0798654172	-0.0923614562792352	0.0039502241038603	0.008530638606021	1.560427047071966e-05	0.1201552527208917	-0.0053117228913208	0.0144372847564213	2.821440007418243e-05	-0.0808966314860413	-0.0602463767320103	0.0065442649857883	0.0036296259093353	0.0052191935269394	0.0003529292462455	2.723998107164613e-05	1.2455905285548702e-07	0.0029386697233446	0.0004248612746911	8.635779742902227e-06	1.805071027321464e-07	-0.0028206939732603	0.0001444486147653	7.956314490786979e-06	2.0865402307642864e-08	0.0	0.0	0.0	0.0	0.0	0.0	0.0	0.0	0.0	0.0	0.0	0.0	0.0	0.0	0.0
1912.6791831135945	1.47164229480245	3658341.657516087	2.1657310438514217	2238.59662327622	-22.01251313180592	5011314.841743694	484.550734377928	2156.0408587222846	1.4810246563201872	4648512.184479927	2.193434032628329	2151.8593160121445	1349.3754496676338	1.363896	34.225853	0.2585303377115467	0.1756059135206273	-0.0043063565	-0.0044999506	-0.0432263915	-0.0355760464	-0.0249653202	-0.021373303	-0.0455854895	-0.0193656037	-0.0224397732	-0.0625799487	-0.1488568945	-0.0460485977	-0.0108454834	-0.1274278487	-0.0395560657	0.081203315	-0.0113266744	-0.0208668926	0.0145187045	-0.0503987601	-0.0815081666	-0.0509234475	0.055580908	0.0980882839	-0.0665589609	0.010410515	-0.0133748945	0.0096614189	0.0348648741	-0.1127159261	0.0987977117	-0.0575887905	-0.0025173299	0.0273941689	0.0906595941	0.064607458	-0.0704257821	0.040783075	-0.0233973556	-0.0370826118	-0.1627462521	0.0447784085	-0.0167005912	-0.1176827137	0.0060302766	-0.0415643194	0.0035371736	-0.0645067259	0.0363495806	-0.0734533532	0.0394894269	0.0283992594	-0.1388775054	-0.0607334367	0.0462095009	0.0760652496	0.0739525919	0.0536801579	0.0448731466	-0.1003391804	-0.0089976982	-0.0672053695	-0.0268748635	-0.0998159521	-0.0084701386	0.029384746	0.0613658351	-0.0237310075	-0.0158763753	0.0130609152	0.0351988673	0.01087403	0.0716115022	0.1037332614	0.0596214418	0.0113877212	0.1030081438	0.0133619155	-0.1120266783	0.0169871714	-0.0638246232	0.0445363053	-0.1146575147	-0.0505962502	-0.0609445424	-0.0511495083	-0.0826669864	0.0460666109	-0.0058075146	0.0268497433	-0.1538858847	0.0352963313	-0.1258476464	0.0719297486	0.0450351253	-0.1423620598	-0.1277111982	0.0506543834	0.0772605062	-0.0447879039	-0.0268991217	0.015213797	0.0246625427	-0.0744316851	0.0467361767	-0.025830208	-0.0759739358	-0.0250617722	0.1096722979	0.0440172251	0.1226096589	-0.0887576512	0.0722245265	-0.0514589229	0.0597234258	-0.0228485275	-0.0306898765	-0.0030027538	-0.0230263673	0.0491000612	-0.0178231737	0.035903911	0.0284138002	0.0447686923	0.022408052	-0.0328081159	0.0117343446	0.193951816	-0.0357898916	-0.278010844	0.0233280879	-0.0626035014	-0.0824264009	0.1102272994	-0.1470297223	0.100837326	0.1032747973	0.1453406647	-0.0985431932	0.081455216	0.0374187338	0.0586347667	0.0025646777	-0.0549512416	-0.0814885411	-0.0620868871	-0.0076839116	0.0510508491	0.0810058262	-0.099428316531771	-0.0070668602525358	0.009885990128342	4.994051382887044e-05	0.1259445543537509	0.0057893016328592	0.0158620307713649	3.351601339622627e-05	-0.243644681596038	-0.1627480501099967	0.0593627308700347	0.026486927814606	0.0063777626170416	0.0011585690901022	4.067585599933331e-05	1.3422823365402394e-06	0.003222237639914	0.0002835679165694	1.0382815408078544e-05	8.04107633075102e-08	-0.0026043084656088	0.0002163855076515	6.7824225840416616e-06	4.6822687921597454e-08	0.0	0.0	0.0	0.0	0.0	0.0	0.0	0.0	0.0	0.0	0.0	0.0	0.0	0.0	0.0
1919.4520379949856	6.77285488139114	3684296.126163104	45.87156324438379	2243.99135797674	5.394734700520075	5035497.214674293	29.103162488995427	2160.1975220040367	4.156663281752117	4666453.33407238	17.27784963786628	2156.8096022375976	1379.1919717675432	1.418154	35.58741	0.2484860837241515	0.1572110457886643	-0.0512476093	-0.0149994489	0.0476741366	-0.0273453941	0.0033667838	0.0400992907	0.029458842	0.0171737668	0.0255236994	0.0960041815	-0.001058571	0.0678297996	0.0104751275	-0.0105904935	-0.003426474	-0.0658107355	-0.0306026771	0.0068557987	0.0210412545	-0.0108963347	0.0245926646	-0.0766273108	0.0378686342	-0.087660901	-0.0351102913	0.0377227683	-0.0834555707	-0.0849795143	0.002763772	0.0924433801	-0.0043921049	0.0014398756	0.0128470675	0.0105121905	-0.0777840616	-0.0769773068	0.0100955006	-0.0475960039	-0.0057406854	0.0842194167	-0.0574893222	0.0260306267	0.0276359805	0.1613855066	0.0744975832	-0.1572293486	-0.0105475969	-0.0031573728	-0.0158647325	-0.0588444803	0.0785505282	-0.0155604542	-0.0980893984	0.0373907381	0.0547178061	0.0263086099	0.0964047078	-0.0194936172	0.0428229918	-0.105925113	-0.0455352856	0.0536690665	-0.0381582527	0.0665184298	0.0863670236	0.0040289981	0.0796959285	0.0023633616	-0.0319909642	0.0088356913	-0.0088433491	-0.0031203929	-0.0615877865	-0.088450082	0.0603102463	0.1182423033	0.0490687328	-0.0285889855	-0.0213083538	-0.0296622581	-0.014700729	-0.0173962685	-0.0098342443	0.0574173477	-0.0131912569	0.0238166809	0.0802629452	0.0763974906	0.0287928687	-0.0235668827	-0.0206623534	0.0591108346	0.0962490157	0.0399064425	-0.1404071331	0.0082405078	-0.034772852	0.0165159285	-0.0894023978	0.0355929967	-0.0387182372	-0.0614856968	0.0046010652	-0.0584205259	0.079397198	-0.0549367972	-0.0608256677	-0.0301711278	0.1147329753	0.0727739224	0.1023296476	-0.0093434903	0.0117173618	-0.0763843108	0.0246507235	0.0537754747	0.0182341348	-0.0026832284	-0.0332469952	0.0090990747	0.024564593	-0.0354100341	-0.0885075664	0.0735295236	0.0164133931	0.0089629505	-0.0087213578	-0.0758357205	0.0297779737	-0.1934793703	0.0694364678	-0.0441721789	-0.0378106971	0.0613368308	0.0218883012	0.0100607589	-0.0359644654	0.0764477237	-0.1256697635	0.0385414213	0.0005128503	0.058036534	0.0008550176	-0.0568210419	-0.081631751	-0.0592265694	-0.0025646777	0.0555806262	0.0815780375	-0.1155925920401728	-0.0161642755084018	0.0133616473345658	0.0002612838027115	0.1586435455735255	0.0326989912197746	0.0251677745521392	0.0010692240267908	-0.1002111397277829	0.1434335418682551	0.0100422725255412	0.0205731809328724	0.0057550110798814	-0.0006227515371601	3.312015252955768e-05	3.878194770353914e-07	0.0032056550560179	-1.6582583896100102e-05	1.0276224338173126e-05	2.7498208867119837e-10	-0.0030887598471069	-0.0004844513814981	9.54043739309984e-06	2.3469314103541803e-07	0.0	0.0	0.0	0.0	0.0	0.0	0.0	0.0	0.0	0.0	0.0	0.0	0.0	0.0	0.0
1912.9695961278303	-6.48244186715533	3659452.6757094734	42.02205256104829	2249.660032792525	5.668674815784925	5060970.263144064	32.13387416711426	2154.144308291241	-6.053213712795696	4640337.700943549	36.64139625277785	2151.1513894199074	1348.1590222927284	1.182335	29.669743	0.0443989126087094	0.0220259388502165	-0.0159280538	0.008983013	-0.0383373046	0.0415689426	-0.084096729	-0.0471077777	-0.0186608349	-0.0255543543	0.0833168637	-0.0214614799	-0.0175460839	0.0148196149	0.0207921556	0.0669938519	-0.0093104056	0.0285112125	-0.0112121516	-0.0181274093	-0.0680718071	0.0681774924	-0.0132266666	-0.07467445	0.0446222609	-0.0126723659	0.0388312405	0.0672076234	0.0654492452	0.0865234975	0.041770596	-0.0192494041	-0.0864989462	0.0803682653	-0.0825401568	-0.0369953482	-0.0684926257	-0.0980547743	-0.0046058047	0.0463804898	-0.0939825459	-0.0174215326	0.0200052881	0.1196597498	-0.0693944374	0.0662692783	-0.0901927794	-0.0100869637	-0.0797136697	0.0707030523	0.0280374393	-0.0365656806	-0.0983636954	-0.007182189	-0.0410990491	0.0289060259	-0.0273668926	0.0574963317	-0.0618344222	-0.0168265332	0.001486417	0.016430088	0.0254942738	0.0532983771	-0.078692418	-0.0035764732	0.0558314573	0.0791917266	0.0942084127	0.0481161956	-0.0136006293	-0.016221058	0.0649477668	-0.013362189	-0.0636561412	0.0797115626	-0.0939531029	0.0490545267	0.0193270226	-0.0393554086	-0.063097981	0.0031427311	-0.090238497	0.0092103847	0.053688748	0.0246142231	-0.0434992578	0.0538264385	0.0309082245	-0.0281910285	0.0061229841	0.05532189	0.0482984913	-0.0628623798	0.0994265959	-0.0229491275	0.0583662047	-0.0273605281	0.0194132135	0.014166859	-0.1474329668	0.0245772304	-0.0433231815	0.0008528581	-0.0545703552	-0.0106910297	-0.0675949313	-0.0333680638	0.0631529866	0.0974460382	-0.0435412705	0.0168130088	0.0036960608	0.0343651385	0.0810995176	-0.0192071783	0.1013254871	-0.0269430173	-0.0204519567	0.0007083608	-0.039558508	0.0161801621	0.0136060708	-0.0969218092	-0.0243132261	-0.029194527	0.0021046702	-0.1168129857	0.0008958708	0.0344074826	0.0263446352	-0.025102034	-0.0052484114	0.0099743127	-0.0301676547	0.0979656849	0.053997934	-0.0052812088	0.0260707293	0.0627181135	-0.0270636538	0.0814985818	-0.0064608681	0.057431937	-0.0008550176	-0.0586347667	-0.081631751	-0.0562039158	0.0025646777	0.0598118772	0.0815780375	-0.1089428971852157	0.0066496948549571	0.0118685548471084	4.421844166404297e-05	0.1668502434689571	0.0082066978954316	0.0278390037456502	6.73498903468815e-05	-0.0845865385808721	0.0156246011469107	0.0071548825090933	0.000244128161	0.005901213005988	0.0001462019261065	3.4824314942041925e-05	2.1375003197279643e-08	0.0033359361793909	0.000130281123373	1.1128470192969155e-05	1.6973171107330864e-08	-0.0030868845223583	1.8753247486001136e-06	9.52885605437523e-06	3.5168429127120788e-12	0.0	0.0	0.0	0.0	0.0	0.0	0.0	0.0	0.0	0.0	0.0	0.0	0.0	0.0	0.0
1911.606264810388	-1.3633313174423165	3654238.511662323	1.8586722811190024	2246.0134998668323	-3.6465329256925534	5044576.641584057	13.2972023781599	2154.126357051585	-0.0179512396562131	4640260.362144331	0.0003222470051947	2152.7334187985466	1388.8958943861398	1.193999	29.962435	0.1264411584248654	0.0649840476239226	-0.0564070533	-0.0048799783	-0.0092028637	-0.0522669001	-0.0103845664	0.0086238351	-0.0356645775	0.0079787625	0.0554310702	-0.0288383818	-0.0577813237	-0.0233445445	0.0193639299	-0.0569193207	-0.0110756247	0.0859925066	0.003707574	0.0119575627	-0.0019247796	-0.0095853795	-0.0207635189	-0.0884327507	0.0833603541	0.0966743666	0.0127044024	0.0556593438	-0.0038711938	-0.037550919	0.0773921167	-0.1025531598	0.052625482	0.0066954561	0.0118335472	0.0224494564	0.1295128851	0.011736959	0.0258201541	0.0046530998	0.0248112331	0.0042218367	0.0208979887	-0.0607874799	-0.0114916176	-0.0015946898	-0.0005205882	-0.1912725256	0.0615777107	-0.0023319458	0.0433811608	-0.0105900199	-0.1416993948	-0.0447522851	0.0302383676	0.091092584	0.0188510175	0.0224603199	0.0033494637	-0.1022738854	-0.0191618626	-0.0632084579	-0.002479982	0.0142414236	-0.0063988598	-0.0049730593	-0.0274288707	-0.060437358	-0.0029513647	0.0257848475	-1.93188e-05	-0.0124702828	0.0155000778	0.0319898653	0.0393536076	0.0856653435	0.0331245607	0.0500380505	0.0650808937	-0.0067071203	-0.1383047068	0.0026286712	-0.0034817411	-0.0239853457	-0.0755759426	-0.0644699528	0.0178131061	0.0585187174	0.0191340546	0.0876046812	0.0974964106	0.0518285165	-0.0643120979	-0.0027038718	-0.0393784279	0.0329077534	-0.0320658421	0.0113436241	0.0342786444	-0.1089095986	0.0405326587	-0.0073418853	-0.0259407662	-0.089938503	0.0147355909	-0.0659002588	0.0509150283	-0.0173980339	0.0730517809	0.1163662546	0.0454921562	0.0301957582	-0.0318105919	0.0446366572	0.1031804395	-0.0023978475	0.0069307923	-0.1517988959	-0.0486871419	0.0063156684	-0.080003517	0.0279045809	-0.0142832014	0.009630574	0.0127952365	0.0367672161	-0.0316578437	-0.0086960941	-0.0513116454	0.0737196609	0.0227320438	-0.1969362748	0.0830483783	0.0168036314	-0.0009602322	0.0766621346	-0.0433081144	0.0322840777	0.0408292454	-0.0153112317	-0.1181019147	0.0684973534	0.0125584106	0.0568210419	-0.0025646777	-0.060390626	-0.0814885411	-0.0530272111	0.0076839116	0.0637218759	0.0810058262	-0.125901025165561	-0.0169581279803453	0.0158510681377392	0.0002875781045977	0.1629848385300221	-0.003865404938935	0.0265640575906573	1.4941355341943109e-05	-0.1255648932619522	-0.04097835468108	0.0157665424198854	0.0016792255523683	0.0067569193345296	0.0008557063285416	4.565595889333994e-05	7.322333207061455e-07	0.0037681197837109	0.0004321836043199	1.419872670439348e-05	1.8678266784302627e-07	-0.0030917800059868	-4.895483628500081e-06	9.559103605419738e-06	2.396575995691232e-11	0.0	0.0	0.0	0.0	0.0	0.0	0.0	0.0	0.0	0.0	0.0	0.0	0.0	0.0	0.0
1910.2922096009927	-1.314055209395292	3649216.326062243	1.726741093338905	2253.846223310991	7.832723444158546	5079822.798333216	61.351556552670914	2160.665940625502	6.539583573917298	4668477.306979086	42.76615332024894	2158.223325509445	1371.1184699631644	1.143645	28.698835	0.2178806503442187	0.1102571314237765	-0.0020830348	-0.0019474419	0.0255992162	0.0072688215	-0.0334445609	-0.0151125829	0.0658179504	0.0079710479	-0.0105770328	0.0149231876	-0.019462072	0.0385019555	0.0272377952	0.016432575	0.0599439786	0.0427009703	-0.0427551351	-0.0183852567	0.0305627785	0.0141753374	-0.0281460339	-0.0535699483	0.0130768217	-0.0304039187	-0.0258861535	0.0547762583	-0.0994918093	0.0459381645	-0.0446361478	0.0435008351	-0.0150736778	-0.0408305545	-0.105735207	-0.0391879459	0.0193547547	-0.0973192889	0.0782992344	-0.0060763482	0.0834612101	0.0633019806	0.024171823	0.0058052412	-0.0057985901	-0.0292435535	0.0102129596	-0.0297665835	0.0012025218	0.0743443767	-0.0708461538	0.0514947591	0.0594503936	0.0675590141	0.031387024	0.1090433661	-0.0508565848	0.0045330284	-0.0020828602	0.0655325003	-0.0209785846	0.0287702673	0.0956630081	0.0953455253	0.0369239015	0.0345131396	-0.0670302867	-0.112116004	-0.0044668908	0.0140372269	-0.0432669523	0.0278289789	-0.0134885003	-0.0444624277	-0.0201569429	-0.036241815	-0.0172865193	0.043718616	0.0175079319	0.0011700506	-0.0445643335	-0.0257046794	-0.0147877749	-0.1103498116	0.0255306601	-0.0046788314	-0.058481139	0.1168058769	0.0584015296	0.0394472171	-0.0435102234	0.0033959291	0.0584755729	-0.0367362422	0.0060855368	0.0128690247	-0.0458424035	0.0258764225	0.0800498226	0.0250821957	0.0295701391	0.0069340236	0.0927895274	0.0354209288	0.0604548308	-0.0617358853	0.0197496903	0.0892739778	-0.0500343684	0.0195773163	0.0361349016	0.0318251282	0.038261606	0.0311588527	-0.0560334489	-0.0275257828	-0.0136337875	0.0489475044	-0.0642405838	0.0004065471	0.0047656944	0.018432415	-3.33854e-05	-0.0339165547	-0.0591619439	0.0446758021	0.0016377453	-0.0276501873	-0.0123562404	-0.0705430842	0.049442183	-0.0809509633	0.0529109248	0.0696329998	0.0324604877	-0.0158278327	-0.0269702574	-0.0575298136	-0.0237577788	0.0244387523	-0.0611469186	0.0469380229	-0.0497073084	0.0562039158	-0.0042732129	-0.0620868871	-0.0812023727	-0.0497051625	0.0127728206	0.0672896215	0.0798654172	-0.1093301560742929	0.0165708690912681	0.0119530830272292	0.0002745937024399	0.1496952961311137	-0.0132895423989083	0.0224086816837818	0.0001766119371723	-0.0297235798477899	0.0958413134141623	0.0008834911989679	0.0091855573569516	0.0058608629019191	-0.0008960564326105	3.434971395509157e-05	8.029171304226564e-07	0.0029660546014298	-0.000802065182281	8.797479898662891e-06	6.433085566276138e-07	-0.0032372368998928	-0.0001454568939059	1.0479702746027547e-05	2.115770798478133e-08	0.0	0.0	0.0	0.0	0.0	0.0	0.0	0.0	0.0	0.0	0.0	0.0	0.0	0.0	0.0
1912.7823744337163	2.4901648327236217	3658736.4119442855	6.200920894133462	2251.6749133485737	-2.1713099624171264	5070039.9154033065	4.714586952891863	2158.249822543029	-2.4161180824730764	4658042.296507017	5.837626588453375	2155.79093222948	1348.1857725639525	1.188307	29.819584	0.2807300407726175	0.1622980042680108	0.1242160629	0.0263341998	-0.0019117625	-0.0467174968	-0.0465476296	-0.0673824934	0.0474594181	-0.0285697311	-0.1057183109	-0.0209535782	-0.1408533117	0.0356562277	-0.0372045889	0.0247467585	0.0414490943	-0.0528583638	-0.0183121912	-0.0426527626	0.032677232	-0.0165165096	-0.0734376384	0.020080162	-0.016482666	-0.0238269853	-0.066884383	0.0325472757	-0.014029631	0.0288348902	0.0162287578	0.0600836069	-0.0892197792	-0.0257027445	0.0198313395	-0.0508845277	0.016609938	0.0352634594	0.0353235415	-0.0440262215	0.0153959858	-0.0309341319	-0.0311898016	-0.0122255335	0.0880242107	0.0364612299	-0.0038864917	0.0116189095	0.024128521	-0.0321898281	-0.0326559207	0.0527055372	0.0432231098	0.0490449707	-0.0597483839	0.0259156198	-0.0403474675	-0.1325102504	0.0249681066	0.0073338179	0.0612905395	-0.0299795721	0.0364814528	0.0230478214	0.0708247246	0.0053740532	-0.0379874884	0.0220561047	0.0356931311	-0.0487549332	-0.0138370338	0.0570336198	-0.0291953832	-0.089734746	0.0184824232	-0.051463166	0.016376588	-0.0383621659	0.0516916706	0.0769300272	-0.0139400148	-0.0554639072	-0.0672220486	-0.0934534437	0.0800240958	-0.0093263841	0.0269264685	0.0038165316	0.0143994025	-0.0912842155	0.0338566421	-0.0189638877	0.0253474327	-0.0043211726	0.0204064452	-0.0085385141	-0.0071658297	-0.0001652212	-0.0601347356	0.0163297637	0.0431215469	-0.0381184781	0.0167131342	-0.0429015114	-0.0054932063	-0.0258418072	-0.0169999262	0.0795144851	-0.1305530745	-0.0697756646	0.0152648511	-0.0160012424	-0.0168499601	0.0267573959	0.0706947894	-0.0392136855	-0.0469620958	0.0154598037	0.0080936556	-0.0194735168	0.0971027552	0.0554764894	-0.0351444668	-0.0727279016	0.0739678735	-0.0044258465	0.0190285636	-0.0048371381	0.0034491639	-0.0693484927	0.0202704639	-0.0085668859	0.0675232824	-0.0526647968	-0.0279651781	0.025973909	-0.041438121	0.0315740712	0.0865168803	0.0329488448	0.0554500389	-0.0369630427	-0.0570567971	0.0555806262	-0.0059798738	-0.0637218759	-0.0807737477	-0.0462468756	0.0178113211	0.0704959515	0.0781648097	-0.1099523693395525	-0.0006222132652596	0.0120895235233813	3.871493474650164e-07	0.1481618573630072	-0.0015334387681065	0.021951935977256	2.3514344555320445e-06	-0.0971463022273013	-0.0674227223795114	0.0094374040364381	0.0045458234930646	0.0032360634469061	-0.0026247994550129	1.047210663240179e-05	6.88957217903654e-06	0.0018510488973668	-0.001115005704063	3.4263820204428457e-06	1.243237720093027e-06	-0.002754008731774	0.0004832281681188	7.584564094687436e-06	2.3350946246345147e-07	0.0	0.0	0.0	0.0	0.0	0.0	0.0	0.0	0.0	0.0	0.0	0.0	0.0	0.0	0.0
1921.2409817352448	8.458607301528446	3691166.909899007	71.54803748147033	2260.751135161429	9.076221812855238	5110995.69513369	82.37780239614922	2158.4614850904763	0.2116625474473039	4658955.982618985	0.0448010339918822	2158.5190694876937	1381.5743302007752	1.082998	27.176962	0.127193548669286	0.0678106531506809	0.1073052774	-0.0017284243	0.0952401784	-0.0025989781	-0.0597584812	-0.0331659418	0.061797874	-0.0225342262	-0.1123619827	0.0311216649	-0.0610007513	-0.0118304971	-0.0404519029	0.0092046823	0.0266510919	-0.0949860913	-0.018943141	0.0082676092	0.0662182067	-0.0305459275	-0.0110411788	0.0483281767	0.0226570177	0.0375291322	-0.0517008336	0.0639830866	-0.041451522	-0.008879637	0.0077512468	0.029568699	0.0641856553	0.0155682277	0.0143807459	0.0163479859	0.0243294286	-0.0164440611	-0.0562058965	-0.044656226	0.0204739509	0.1039671442	0.0072235686	-0.049415107	0.0383236555	0.069759133	0.008235986	0.0082800052	0.0036393384	0.0516622349	-0.0046174799	-0.1009928759	0.0585501703	-0.0441780334	0.019166493	0.0678450034	0.1108841026	-0.0950201123	0.003898496	0.041519868	-0.0899820686	0.0766231635	0.0674246332	-0.1256498382	0.0279493563	-0.0230327451	0.0477010572	0.0114598858	-0.1662790555	0.025079699	-0.0189179144	0.0471030233	-0.0662443486	-0.0318476158	0.0417688734	-0.0222833672	0.0285418342	-0.0641614826	0.024558499	0.0839128441	-0.0364525515	-0.0487766402	0.0165890374	-0.0315712101	-0.0132018333	0.0314675373	0.0102848865	0.0250898171	-0.0200841222	0.1018205758	0.0807244162	0.0127095929	-0.051240427	-0.0682237881	0.0392078286	-0.0727245901	-0.0679584211	0.0326722652	-0.0541691092	0.0291865446	0.0002093113	0.0639320913	-0.0426407808	-0.0649912436	0.0952677391	-0.0533826284	0.0375290999	-0.0355671886	-0.0180944723	-0.1055098292	-0.0776184534	-0.0252863965	0.0393238312	0.0059544908	0.0066183065	-0.0082372329	-0.0836761222	-0.0750580417	0.0196704392	-0.0152822502	0.1051846536	0.0522649411	-0.0609723515	-0.0084234889	0.0135123365	0.1218811747	0.0344521294	-0.0110176959	0.0168371616	-0.0311197906	0.0311595618	-0.1071813272	0.0806230668	-0.0344922819	0.0006018028	0.0119626288	0.0069474556	0.0318389019	0.0010709296	-0.0181984106	-0.0981500875	0.0337905539	0.0001909482	0.0549512416	-0.0076839116	-0.0652939789	-0.0802034182	-0.0426618292	0.0227795284	0.0733236445	0.0759159322	-0.1101168871105215	-0.0001645177709689	0.0121257288269113	2.7066096964608303e-08	0.1290673065920344	-0.0190945507709728	0.0166583696309222	0.0003646018691452	-0.1537759079411955	-0.0566296057138941	0.023647029863139	0.0032069122433111	0.0032749865971725	3.892315026639975e-05	1.072553721165951e-05	1.515011626660735e-09	0.0022669362287623	0.0004158873313955	5.138999865275039e-06	1.7296227241527065e-07	-0.0021827217251669	0.0005712870066071	4.764274129515568e-06	3.263688439181008e-07	0.0	0.0	0.0	0.0	0.0	0.0	0.0	0.0	0.0	0.0	0.0	0.0	0.0	0.0	0.0
1913.0948032513616	-8.146178483883205	3659931.726227366	66.36022389128166	2248.0603975238223	-12.690737637606617	5053775.550914966	161.05482178656518	2159.4537745772413	0.992289486765003	4663240.604535895	0.984638425544353	2158.327524341128	1371.780063144951	1.133606	28.446907	0.1448606229619635	0.0780189954173857	0.11593007	0.0444077198	0.0071199727	-0.0335717874	-0.044252173	-0.0371847351	0.0406170949	-0.0070130865	-0.0817390423	-0.0675937005	0.0169073401	-0.029270884	-0.0056692642	0.0053278167	0.0022186248	-0.0866029235	-0.0269997573	0.002977466	0.0593392122	0.0272651028	-0.0110591553	0.0340066444	-0.0452980863	0.0554314886	0.0207046165	-0.1208918872	-0.0416176647	0.0522796358	0.016999601	0.0065388432	0.0256265865	0.0486585032	-0.0278929313	-0.0069843386	-0.045618249	-0.0445094601	-0.1061675935	0.0217909987	0.060596607	-0.0074602386	0.0091393655	0.0104920229	-0.0110144242	0.0214791827	0.0198649719	-0.0962064958	-0.0223491596	-0.1160391365	0.0440778209	-0.0939477145	0.0234109036	0.0160347923	-0.0650578398	-0.0229050928	-0.1731101266	-0.0533726982	-0.015200633	0.0371088677	0.0500484178	0.0535082476	0.0335444092	-0.0194796015	0.0371034065	-0.1301369082	-0.0018078376	-0.066111071	0.1000854136	0.0213060715	-0.0264407811	0.0221389777	-0.030733088	0.0017400419	0.0909961424	0.0338819678	-0.0636177299	-0.0549033161	-0.0304063047	-0.0059709429	0.0389634883	0.0842113092	0.0205566952	-0.0674732634	0.0193161849	-0.0326797008	-0.0776240257	-0.0283540784	-0.0211263569	0.0476161222	0.0347778422	0.0570222771	-0.0891685309	0.0323058737	0.0494089831	0.0212929193	-0.0112122379	-0.006427535	-0.1076576612	-0.0505654175	-0.0372833831	0.0098622076	0.0657657149	-0.0591223044	-0.02424358	-0.0275899293	0.1088529831	0.1335153473	-0.0854676694	-0.0372350861	-0.014383901	0.0399335425	-0.0553543093	0.0221417085	-0.054199229	0.0984458224	0.0654905225	0.0574304411	0.0322825529	-0.0185767837	0.1061293511	0.0254849838	0.0033547457	-0.0909155259	-0.0730371708	0.0372234263	0.0183539026	-0.016207966	-0.0362135367	0.1253077151	0.0412770583	-0.0667447198	0.0624167923	0.0283891631	-0.0224460174	0.0114329487	-0.0084013739	-0.0817537112	-0.0267400016	-0.0438585157	-0.0622305595	0.0385072957	-0.0331219154	0.054315831	-0.009384579	-0.0668016447	-0.0794923845	-0.0389598496	0.0276578354	0.0757575129	0.073134559	-0.1099561200953473	0.0001607670151742	0.0120903483464224	2.5846033168021882e-08	0.1652701850488966	0.0362028784568622	0.0273142340660965	0.0013106484085623	-0.1000746354140034	0.0537012725271921	0.0100149326532457	0.0028838266710397	0.0037676746814509	0.0004926880842784	1.419537250524614e-05	2.427415483899199e-07	0.002263770937569	-3.165291193300227e-06	5.124658857782029e-06	1.0019068338383975e-11	-0.0027827824489499	-0.000600060723783	7.743878158183603e-06	3.600728722269779e-07	0.0	0.0	0.0	0.0	0.0	0.0	0.0	0.0	0.0	0.0	0.0	0.0	0.0	0.0	0.0
1903.6330636564023	-9.461739594959226	3623818.84104586	89.52451616281918	2249.0091497247868	0.9487522009644636	5058042.155545808	0.9001307388349138	2152.1609511191555	-7.292823458085877	4631796.759522108	53.18527399080765	2149.946542128077	1344.0814358355597	1.12979	28.351166	0.086126697293382	0.0571105738403572	0.0711015174	0.0421674704	-0.0539945346	-0.0934846617	0.0154208891	0.0701952964	0.1148792571	0.0451215895	-0.0801262046	-0.0304847964	-0.0619201925	-0.0091701536	0.0690912262	0.0087590592	0.0149580986	0.0131619841	-0.005989206	-0.060048689	-0.0420970182	-0.0590119274	-0.1244750184	0.0672039411	-0.0116377572	0.0141836981	-0.016106028	-0.0631033911	-0.0103342441	-0.0146836958	-0.0042677595	0.0500543077	-0.0054588123	-0.0220948938	-0.0322924492	-0.1203823061	0.0113121335	-0.0805575189	0.041689675	-0.0848356848	0.0400072611	-0.0463165657	0.0183082024	-0.0018400906	0.0167513408	0.0296084299	0.1239691437	0.0610160165	-0.0271682124	-0.0579537081	0.0127003659	-0.0266243343	-0.0542619015	-0.0897774734	-0.0372773437	-0.0158520703	0.0442197248	-0.0068642497	-0.0458593844	0.0405795116	-0.0217414785	0.0367458745	-0.0492361859	-0.0022696883	0.0540774023	-0.0218601548	-0.0343819588	0.0352957254	0.045040115	0.0384868773	-0.0090970398	0.0270164422	0.0579653255	-0.1220264734	0.0506920386	-0.0500443805	0.050487595	-0.0767178488	0.0680266306	-0.0474185216	0.0431890791	0.0506755673	-0.0272578348	-0.0563316755	-0.0438841313	-0.0051497072	-0.0678836375	-0.0727810059	0.0462046202	-0.0269538135	0.067577091	0.0047227569	0.0516819647	-0.0582624793	0.0311228558	0.1093564699	-0.0569424083	-0.072705769	0.0895490053	0.020706581	0.0375934716	0.0708182834	-0.0031173333	-0.0133538119	-0.0256947915	0.0656861002	0.0185516418	-0.0245391095	-0.0530356681	-0.0056079645	0.052580912	-0.025516557	-0.0295897552	-0.0627772408	-0.0073586238	0.070702281	-0.0309484428	0.0354695778	0.0068371619	-0.0118959058	0.049998937	0.0337116298	0.0008666286	-0.0782894904	0.0461022636	-0.0341737569	0.0047324665	0.0440063367	-0.0275869544	-0.008534185	0.0068379708	-0.1015231527	0.0164611017	0.0294253412	0.0093837343	0.005108378	-0.0417797463	-0.037192846	0.035557217	0.0035473804	0.0360359397	0.0967758063	-0.0456399043	0.0536744641	-0.0110811301	-0.0682433853	-0.0786418943	-0.0351510839	0.0324269895	0.0777844842	0.0698401994	-0.1105020843574351	-0.0005459642620877	0.0122107106473377	2.980769754770672e-07	0.1574882814231131	-0.0077819036257834	0.0248025587856056	6.055802404098218e-05	-0.0783444566340776	0.0217301787799257	0.0061378538852888	0.0004722006698075	0.0048317396011843	0.0010640649197334	2.3345707573652615e-05	1.1322341534072471e-06	0.0022606644853242	-3.1064522447998844e-06	5.11060391520613e-06	9.65004554922224e-12	-0.0028369840894834	-5.420164053350019e-05	8.048478723981958e-06	2.93781783652277e-09	0.0	0.0	0.0	0.0	0.0	0.0	0.0	0.0	0.0	0.0	0.0	0.0	0.0	0.0	0.0
1909.992130674424	6.359067018021733	3648069.939238226	40.43773333969182	2250.5481206720524	1.538970947265625	5064966.843460507	2.368431576527655	2154.0352117935613	1.874260674405832	4639867.6936465325	3.5128530756242045	2150.982941377588	1339.4392811725372	1.236798	31.036432	0.0395938685428528	0.0221753037237342	0.0293641794	-0.0153205971	0.0512651095	0.0438111053	-0.0516872056	-0.0872510028	-0.0107040781	-0.0151348921	-0.0213156829	-0.0398202335	-0.0453226834	-0.0039049253	-0.0406930694	0.0184584392	-0.0291465746	0.0289457308	7.34311e-05	-0.0153161601	0.0278568808	-0.0228439569	0.0269286366	0.1327259648	0.001945172	-0.0410289176	-0.0029897494	0.0397594142	0.0008701467	0.0704566099	-0.0501208386	-0.0768383625	0.0621717878	-0.0322437998	-0.0530442311	0.0033484914	-0.0817522026	-0.0854495875	-0.12039503	-0.0804778026	-0.1570920447	0.0177384481	-0.0182857701	0.0444756926	0.0118856687	-0.0183424362	0.0223678368	0.0179895937	0.042483439	0.0337271442	0.0244816095	-0.0582758406	0.0787167157	0.1006210797	-0.0161761935	-0.0406555552	-0.0748548004	0.0049458973	0.0086004922	-0.0162881859	-0.0190418422	-0.0639589176	-0.0056606234	-0.0516833061	0.0511961552	0.0485525621	0.0957939608	-0.0595483949	0.0381019007	0.0344147457	0.0053301785	0.0462173086	-0.0456844145	-0.0341453578	-0.0733123858	0.0349521938	-0.0523676725	-0.1243069947	0.0053868125	0.0701003339	0.0656729384	-0.0787193608	0.0412043292	-0.0263439916	0.0070810673	0.0025448698	-0.0620450295	-0.0216025386	-0.0677862467	-0.0178970222	-0.0157869075	-0.0183222255	-0.1267693372	0.0555294034	0.0584976582	0.0068260942	-0.0398314062	-0.0211356147	-0.0407397359	0.1136403467	-0.0306208653	-0.018845462	0.0267939004	0.0534434207	0.0436728761	0.0211555873	-0.0862726503	0.031160687	0.0303083308	0.0166684212	-0.0747193317	0.07322498	0.0678753518	0.0003830094	-0.0878974584	-0.0545836695	0.0548688397	0.0434745821	0.0416980211	-0.0085180572	0.0237882296	0.0298700324	-0.039642706	-0.0026098277	0.0282232674	0.0681837897	-0.0009193035	-0.1016821961	0.0146735023	0.0338314122	0.0624064549	-0.0143947174	0.1126079918	0.0119308606	-0.0130646619	0.0146783227	-0.0987906007	0.0164488651	0.0986884544	0.0353814836	0.0014035847	-0.0687129902	0.0437364254	0.0530272111	-0.0127728206	-0.0696177779	-0.0776534394	-0.0312459714	0.0370681691	0.0793936715	0.066055961	-0.1144068641345512	-0.0039047797771161	0.0130889305611016	1.5247305107774896e-05	0.1612581839735156	0.0037699025504024	0.0260042018984362	1.421216523953122e-05	-0.0925393423929819	-0.0141948857589042	0.0085635298905255	0.0002014947817083	0.0051123277701808	0.0002805881689964	2.613589522976179e-05	7.872972058080842e-08	0.0022595829262161	-1.081559108100094e-06	5.1057150004473125e-06	1.1697701043142712e-12	-0.0029098003705074	-7.281628102399993e-05	8.466938196205003e-06	5.302210782166133e-09	0.0	0.0	0.0	0.0	0.0	0.0	0.0	0.0	0.0	0.0	0.0	0.0	0.0	0.0	0.0
1913.7833776190523	3.791246944628256	3662566.816450989	14.373553395153085	2239.2062849564986	-11.34183571555377	5014044.786588684	128.63723739861112	2155.3058918852425	1.2706800916812426	4645343.487595241	1.6146278953950512	2151.689426414122	1340.1358264143846	1.344035	33.72747	0.0661323416359744	0.0328752200414594	0.0458622172	0.0042160229	0.0534641844	-0.0237888692	0.0394454898	0.0731765551	-0.0343281529	-0.0167893438	-0.0358209153	0.0536688347	-0.0770274635	-0.0043184094	-0.0564419194	-0.0388573843	0.0972479929	-0.0492236468	-0.0178880458	-0.0052126725	0.0051684543	0.0589223852	0.0854770153	0.1033484876	-0.0200226321	0.0800544223	-0.0018252411	-0.0002187382	-0.0480969413	-0.019190151	-0.006598761	-0.0682821763	-0.0109516804	-0.0071579744	0.0303940407	-0.018114627	0.0245007707	0.0861194418	0.0258330033	0.0485365507	0.0659717527	0.0492070551	-0.0860551545	-0.0337970268	-0.1692159978	0.0078424623	-0.014627562	-0.080613567	0.0176085161	-0.0669235037	-0.0788028251	0.0517387641	0.008371529	0.0890523512	0.0061198717	0.0212221261	0.0066035535	-0.0417344751	0.0099203172	-0.0271713628	0.0094063904	0.0146664926	0.0183648523	-0.0386865363	-0.0741620841	0.0045119672	-0.0039102932	0.0544481546	-0.0025863186	-0.0209276264	-0.0176333245	-0.0097044546	0.0191026262	0.1254922013	0.0358791108	-0.0268022351	-0.0074777648	-0.1002091541	0.0146528361	0.019643757	0.0128223287	0.0200578626	0.0173355104	-0.0194977624	-0.0404352478	-0.0293934567	0.0803428324	0.1047647757	-0.0426686244	-0.0122146888	-0.0871128634	0.0465140176	0.0065182325	0.0092821791	-0.1192500818	0.0400506864	0.0101437632	-0.0106182778	0.023141615	0.0112696817	-0.1055637038	-0.0317040178	0.045010631	0.0102668699	-0.0117605477	-0.0881837081	0.0933181201	0.0657246472	-0.0341371252	-0.0532136027	0.0804635383	-0.0296768904	-0.0008558291	0.0313438955	0.0201026598	-0.0569405541	0.0062970174	0.0025707219	-0.098044319	-0.0045161604	0.0501761246	0.0117406224	0.0148244466	-0.0021912883	-0.0484567011	0.0444611717	0.0055579562	0.1168799129	-0.0363270385	0.0805833205	-0.0704995228	-0.0444718944	-0.1265633566	-0.0537040223	-0.0307299346	-0.0611716229	0.0475836392	-0.0041784419	-0.0214271069	0.0762390669	-0.0016033601	0.1293793069	-0.0182307887	0.0523741431	-0.0144589085	-0.0709234662	-0.076528754	-0.0272552159	0.0415630576	0.0805764318	0.0618083875	-0.1168301746210431	-0.0024233104864919	0.0136492897019834	5.872433713941611e-06	0.17068821798415	0.0094300340106343	0.0291344677586047	8.892554144172124e-05	-0.0651953012117587	0.0273440411812231	0.0042504273000919	0.0007476965881204	0.005033666062011	-7.866170816980041e-05	2.5337794023841325e-05	6.187664332190845e-09	0.0018182404348625	-0.0004413424913535	3.305998278968973e-06	1.947831946742024e-07	-0.0028911054508783	1.869491962909996e-05	8.35849072809822e-06	3.4950001993850684e-10	0.0	0.0	0.0	0.0	0.0	0.0	0.0	0.0	0.0	0.0	0.0	0.0	0.0	0.0	0.0
1905.4989379294848	-8.284439689567535	3630926.2024503946	68.63194097008183	2274.2306990189986	35.0244140625	5172125.272360443	1226.7095804214478	2151.5673147167217	-3.7385771685208056	4629241.9097573245	13.976959244985045	2148.41613536011	1342.3394561459502	1.660523	41.669464	0.2258606276934047	0.1250798672677059	0.1079265052	0.0536607872	-0.114649269	-0.0429837761	-0.0667971684	-0.0459957852	0.1456495636	-0.006831701	-0.0266173421	0.1246136919	-0.2211448829	0.0307146674	0.009219184	-0.0825557423	-0.0138563044	0.2850106286	0.0128426423	-0.033551081	-0.0440796475	-0.0398322742	-0.1128936882	0.0329485238	-0.035706114	0.0316327597	-0.1654823005	-0.2158182336	0.1803396421	-0.0201756625	0.1251240252	0.1137230934	-0.0953423244	0.0848195114	-0.0973029738	0.0150206707	0.0476982738	-0.0253399961	0.010821095	0.1020450214	0.0561164084	-0.0613923191	0.0312888282	0.0294446031	-0.0711769493	0.1226353045	-0.0350382744	0.0328499318	0.0923416396	0.04641894	0.0509126799	0.012464683	-0.0988236783	0.0271277797	-0.0959890579	-0.1050907489	0.1078102668	0.0648233399	0.043455393	-0.1063136066	-0.0107522518	-0.03386036	0.0454416038	0.1996287183	0.0578021344	-0.0777102708	0.0410426046	-0.0922497462	0.0764916459	-0.0379151416	0.0098563323	0.0191734669	0.0470969032	-0.1087371096	0.0250187959	0.0178951709	0.0256137078	-0.0200855753	0.0782830304	-0.0554083345	0.1233650021	0.2840140394	-0.247620655	0.1827037208	0.0760746311	-0.0648167763	0.0116306666	-0.1093440829	0.1113292223	-0.0093310157	-0.0033047306	0.0731313942	0.0457198335	-0.0290515819	-0.0352151945	0.0744153953	0.0617649699	-0.0447563028	0.0641742592	-0.0465638674	-0.0845565582	-0.0255012057	0.0832001187	0.0790921002	0.0507218351	-0.0871481903	-0.0866643034	-0.1563752445	-0.0126602315	-0.09794412	0.0009089256	0.042365554	-0.0379228678	-0.0044823216	0.0177781074	0.0178124516	0.0752788987	0.0383304206	-0.0917357699	-0.0114619823	0.0948247389	0.0188025156	-0.0124039878	-0.0789843733	0.0750761252	-0.0853254798	0.1327698032	0.0708670566	0.2103594264	-0.0579148014	-0.2149932845	-0.0601816362	-0.5923111582	0.0382242375	0.0318861823	-0.0370602979	0.1593931187	-0.0343466543	-0.1272575153	0.0008192615	0.1137751718	0.2177688683	-0.0049463727	0.0517153317	-0.0161386543	-0.0721591615	-0.0752698111	-0.0231897558	0.0458939156	0.0813264124	0.0571272725	-0.1257080418826888	-0.0088778672616457	0.0158025117939798	7.881652711540056e-05	0.1962328245215872	0.0255446065374372	0.03850732141972	0.0006525269231524	-0.1313585403771355	-0.0661632391653768	0.0172550661300115	0.0043775742168548	0.0054998292727005	0.0004661632106895	3.0248122028853303e-05	2.173081390003432e-07	0.0002418246741218	-0.0015764157607407	5.847917301411477e-08	2.4850866507116803e-06	-0.0024281861277296	0.0004629193231487	5.8960878708984695e-06	2.142942997444506e-07	1.0	0.0	0.0	0.0	0.0	0.0	0.0	0.0	0.0	0.0	0.0	0.0	0.0	0.0	0.0
1916.0342909748333	10.53535304534853	3671187.404191432	110.99366379013452	2238.4442832253194	-35.786415793679225	5010632.809104114	1280.667555358094	2155.5539657475097	3.986651030787925	4646412.899249816	15.893386441282429	2153.661853686319	1365.4143153211	1.839341	46.156765	0.0947648973776665	0.0421722721771101	0.0590753177	-0.0024372569	0.0709865304	-0.0127424932	-0.0038423016	-0.0429809998	-0.0651660577	-0.0340016475	-0.0800304022	-0.0768306839	0.0128547622	-0.0366016226	-0.0799388603	0.0651527386	-0.0849453676	-0.1228069169	-0.0055487392	-0.0022424028	0.023756815	-0.0420082084	0.0434746703	0.0747018428	-0.0003205511	0.0118228129	0.0093792756	0.0544478654	-0.086951167	0.0523783133	-0.0158469389	0.0307903712	0.162468972	0.0149272523	0.1242212388	0.090303367	0.01659866	0.0082732855	0.0115021578	-0.046305099	-0.0850349855	0.0024233614	-0.1173837801	-0.0255096412	-0.039878107	0.0886364447	-0.0362302779	0.0902774616	-0.0496992167	-0.0372007814	0.029407821	0.0744637176	0.1058494883	0.0400945522	0.0164378013	-0.0307478316	-0.0538339234	0.1046397948	-0.0918205604	0.0395148423	-0.0506846068	0.0263546211	0.0808140442	-0.0652226921	-0.0378873818	-0.0413781989	-0.0099619934	0.1543834377	-0.0018032577	0.006871711	-0.0001092337	0.0202463659	-0.0418499667	0.0227228282	-0.0061872662	0.0089657994	0.0029056291	-0.0761249425	-0.040532259	0.1063065275	-0.0035134043	-0.0506861244	0.1181694501	0.0069997817	0.0499958267	0.0556379283	-0.0002855426	-0.0658019446	-0.1118054141	0.0940572082	0.040507254	-0.096975873	-0.0706764164	0.0657492793	-0.0672094225	0.005212322	-0.0146095991	0.0138585409	-0.0183064467	0.0515749387	-0.0680980145	0.0036607839	-0.0404867819	0.0621200317	-0.1109128084	-0.0140813404	-0.1222332849	-0.0171885605	-0.0833135812	-0.065482029	0.0980079662	-0.0059982056	0.0678690983	0.006856684	-0.033758518	0.0761579479	-0.0190896695	-0.0653082248	0.0128125038	-0.021081668	0.0584288605	0.0295457555	-0.0268746477	0.0353716203	0.018818885	0.1004886045	0.014452604	0.0214917442	0.0381253084	0.1333084587	-0.0364488661	0.0565688087	0.0848024745	-0.0493091404	-0.0136704706	-0.0841547158	-0.0934172918	-0.0176190854	0.0083519274	-0.0403709496	-0.0691590333	-0.1414350286	0.0085771108	0.0510508491	-0.0178113211	-0.0733236445	-0.0738788195	-0.0190607341	0.0500436514	0.0816395852	0.0520454508	-0.1078618083037667	0.0178462335789221	0.0116341696905585	0.0003184880529534	0.1809991621281739	-0.0152336623934132	0.0327606966911009	0.0002320644699164	-0.1286144803376743	0.0027440600394612	0.01654168455253	7.529865500167828e-06	0.005092034056674	-0.0004077952160264	2.5928810834327875e-05	1.662969382140994e-07	0.000740129898564	0.0004983052244422	5.477922667483569e-07	2.483080967063913e-07	-0.0027009045145783	-0.0002727183868487	7.294885196869443e-06	7.437531852535726e-08	0.0	1.0	0.0	0.0	0.0	0.0	0.0	0.0	0.0	0.0	0.0	0.0	0.0	0.0	0.0
1909.194793839448	-6.8394971353852725	3645024.7608236526	46.77872106494335	2248.326672178326	9.88238895300674	5054972.824828466	97.66161141850964	2152.583471773829	-2.970493973680732	4633615.602953871	8.823834447673544	2149.576936509874	1346.0868018596586	1.215075	30.491304	0.1423164871673566	0.0910482845064575	0.0614142584	0.02799079	-0.005624014	-0.0176084096	0.0092225176	0.0442276176	0.0927944168	0.0382533656	-0.0360148134	0.0523769443	0.0005684652	0.0617086351	0.052271244	0.0436403304	-0.0250834905	-0.0146725491	0.0018565904	0.0065151398	-0.018146023	-0.012251289	-0.0360615113	0.0560729181	-0.0495500524	-0.0310316901	-0.023131686	-0.1480180158	0.0774264071	-0.0562337964	-0.0039162818	0.0140970295	0.0156548283	-0.0074608795	0.0607382225	0.0207873482	-0.0742687738	-0.0228417966	0.0167386593	0.0569090979	0.1301568742	0.0334323032	-0.0187963973	0.0332251807	-0.0321518767	-0.0099290179	-0.0698425379	0.020611448	-0.0335487049	0.0217923059	0.0215643278	0.117110087	-0.0254667801	-0.0369433408	0.0663301897	0.020972898	0.0012320961	0.0248064412	0.0136666516	0.0717495515	-0.0266373647	-0.0457268402	-0.0336847512	-0.0140193444	0.0077275127	0.1033727622	0.0572754238	-0.0351763471	-0.0471201634	-0.0172751885	0.0016554655	-0.0120642177	0.0117957303	-0.0458638989	-0.0015185313	-0.0744766374	0.02107264	-0.0083006778	-0.0051804629	-0.1020179721	0.1270845936	0.1063004181	-0.0597370576	0.0750430382	-0.025258837	0.0037443782	0.0086398398	-0.0178351612	-0.0225232433	-0.0067945371	-0.0587120139	-0.0893764413	0.0663745953	-0.0809936492	-0.0286029074	-0.0088398452	-0.0312673117	0.0420552129	-0.0271669069	0.0061132375	-0.044686625	0.059159222	0.0394757231	0.033275574	-0.0286197577	-0.0480499883	-0.0178410637	0.0127959136	0.0624619674	0.0465225169	0.1019133341	0.0070956446	-0.0362941286	-0.0097180722	-0.0062316186	0.03520931	-0.0433713882	-0.0626357541	0.0058917698	-0.0132533189	0.0757792536	0.0034513028	0.0304317365	-0.076573596	-0.0451123838	-0.0148729751	0.0489661176	0.0850094413	0.0679575743	-0.0445621854	-0.1014839365	-0.0201536766	-0.1348267436	-0.0029469417	0.029873127	-0.0712302774	0.0480057868	-0.0476543043	-0.0627468788	0.0280091378	-0.0142842414	-0.0475870752	-0.0743373868	0.0503807682	-0.0194761753	-0.0744157659	-0.0723582192	-0.0148794683	0.0539958877	0.081514268	0.0465985677	-0.1075199010177527	0.0003419072860139	0.0115605291148673	1.169005922294542e-07	0.1667037109555877	-0.0142954511725862	0.0277901272463641	0.0002043599242277	-0.0465114219936779	0.0821030583439964	0.0021633123758739	0.0067409121894376	0.0054258484416483	0.0003338143849742	2.9439831311737287e-05	1.1143204361577005e-07	0.0010698547327192	0.0003297248341552	1.144589149121671e-06	1.087184662586742e-07	-0.0024529223264126	0.0002479821881657	6.016827939413401e-06	6.149516564744882e-08	0.0	0.0	0.0	0.0	0.0	0.0	0.0	0.0	0.0	0.0	0.0	0.0	0.0	0.0	0.0
1909.1797085412584	-0.0150852981896605	3644967.159505685	0.0002275662214709	2251.34951134884	3.0228391705140893	5068574.622250661	9.137556650794307	2156.3426421099275	3.7591703360985775	4649813.590181623	14.131361615803492	2153.660889023755	1370.7378212108747	1.448066	36.338043	0.1787928848945107	0.1331587961286491	0.1087327583	0.0230419759	-0.0021058495	0.0104358206	-0.0769238427	-0.0860868043	0.0098259336	-0.0146642231	-0.0363279042	-0.0121060621	-0.0952478625	0.0127919941	-0.005086342	-0.0073283088	-0.0856031499	0.1734639202	0.004728881	0.0489449223	0.126783297	-0.0335561559	0.0018962631	0.0785852133	-0.1434249372	-0.0531178956	-0.2587354167	-0.105043117	0.3310490534	-0.0645924244	0.199594486	-0.1494812378	0.0058515185	0.108073911	-0.0274580261	-0.0774804874	-0.0526438306	-0.0997764869	0.108264326	0.0110020484	0.039324318	-0.1838419035	0.0784998127	-0.0493594686	-0.0669068476	-0.0250725951	-0.1868783152	0.0415630171	0.1439158008	0.0064307586	-0.1121703307	-0.0029616111	0.1085930356	-0.0402777183	-0.0162931989	-0.021236734	0.005524484	-0.0669458565	0.0829194042	0.0543770989	0.0685724512	0.0728632896	0.0459502672	-0.0814039897	-0.2232886402	0.1516780366	0.0569391326	0.0436998054	-0.1265557681	0.0356777237	0.0119311281	0.0419410224	-0.1398122804	-0.0255290491	0.0122350171	0.028365686	0.0132585089	-0.0652673174	-0.0295845504	0.0735423174	0.192807633	0.0226812509	-0.3375143922	0.1458140195	-0.0011880053	-0.2606229926	0.1514252145	-0.0250078836	-0.113724771	-0.0338048365	0.0114621811	-0.0640198171	-0.0277971107	-0.0850995529	0.1252525471	0.0690932369	0.2009371225	0.0677060049	-0.0308955479	-0.1231981018	-0.1139193224	-0.2040112058	0.1023844902	0.0293323953	0.0276861488	0.034408732	0.1115828097	-0.0523011911	-0.0220752221	-0.0176869646	-0.1147904569	-0.1207821466	0.0483456855	0.0018226589	0.115610203	-0.0084574393	-0.075151062	0.0013603239	0.1884336062	-0.0192899817	0.107409433	0.0325555139	-0.0560205176	0.0105460639	0.0853756831	-0.0018242222	0.1315549773	-0.061401035	0.2072260125	0.0208203273	-0.1101608614	-0.096299743	-0.3592244437	0.0513543203	0.0750545297	-0.0659050358	0.0030553538	0.1228656483	0.0313892044	-0.0204881616	-0.1059160759	-0.4015464547	0.0420494216	0.0497051625	-0.0211324865	-0.0754344479	-0.0707106781	-0.010657419	0.0577350269	0.0809511339	0.040824829	-0.0889476407094633	0.0185722603082894	0.0079116827877797	0.0003449288529588	0.169375115475205	0.0026714045196173	0.028687929742239	7.1364021074317895e-06	-0.1783015783948869	-0.131790156401209	0.0317914528581079	0.0173686453242551	0.0051412315655984	-0.0002846168760498	2.6432262011105375e-05	8.100676613240405e-08	0.001075281645692	5.426912972800006e-06	1.156230617562096e-06	2.9451384414345e-11	-0.0022277848421274	0.0002251374842851	4.963025302812605e-06	5.0686886830268616e-08	0.0	0.0	0.0	0.0	0.0	0.0	0.0	0.0	0.0	0.0	0.0	0.0	0.0	0.0	0.0
1911.1868391179544	2.0071305766959995	3652635.1340176775	4.028573151908016	2230.9735361735025	-20.37597517533777	4977242.919106502	415.1803643459811	2155.804943251426	-0.5376988585016989	4647494.953347283	0.28912006243403	2152.4789406638474	1357.1019717871152	1.749911	43.912586	0.2064365750235931	0.1097532768180763	0.1377431311	0.029506272	0.0337671496	0.0041100675	-0.022669435	-0.0313294261	-0.0449323109	-0.0277978988	-0.082101008	-0.0991432464	0.0802687072	-0.0136303833	-0.045467437	-0.0082184583	-0.0012641552	-0.0476556581	-0.0172864597	-0.0498126378	0.0429084518	0.0282336178	0.065581532	0.1414450826	-0.0319803914	0.2098348096	0.2116388235	0.0557005463	-0.1224811417	-0.0093072702	-0.0465850399	0.0694522046	0.0020115266	-0.0405899677	-0.2021267587	0.0860828375	0.0319477095	-0.0324490109	-0.0222493346	-0.0392622016	0.0748402499	-0.116496199	0.0294551463	0.0790694875	0.0183224935	0.130814953	0.0728359742	0.0020907111	-0.0390008787	0.1268994239	0.0168169975	0.0804825625	-0.1105863382	-0.0957409983	0.0234539115	-0.0500879062	0.0382903114	-0.0285774485	0.0389013495	-0.0692674918	0.0080739892	0.011930867	-0.0240336479	-0.0865961102	-0.030402118	-0.0030428229	-0.0398186192	0.0634408103	0.0306108837	-0.0608884728	-0.0131896626	0.0507158752	-0.0030733302	0.0670237579	0.0949653913	0.0378533756	-0.0371599686	-0.1639493364	-0.0032312346	0.056664439	0.0173948593	-0.028693816	0.1388166283	-0.039960771	0.0735041595	0.0862022853	-0.1511974573	0.0692463417	0.211184967	0.0692636914	-0.1494462458	0.0987408111	-0.0226152001	-0.0331918221	-0.0151524207	-0.0094791425	-0.0704933931	0.0016987659	0.0030125894	-0.1605746444	0.0254132215	0.0479791926	0.0034811228	-0.0319784852	-0.0193522745	0.0784448861	-0.0252590112	-0.1621325694	0.0070173106	0.0482308259	0.0496018821	-0.0235701013	-0.1058515902	-0.1121751862	0.0554842734	-0.1110945657	0.004297914	-0.0226152707	0.0330331508	-0.0146938174	0.2112430271	0.0083535874	0.0549720859	0.1397138663	-0.0781439229	-0.0688804324	0.0653315695	-0.0012270719	-0.0849463868	0.1089130116	0.1523463445	0.07519117	-0.069447779	-0.0519698036	-0.0203878147	-0.1023849635	0.0965040143	-0.0128040416	0.0769024502	0.0440191194	-0.0868881213	-0.0015416552	-0.0016536458	0.0490241061	-0.0227795284	-0.0763786853	-0.0689390864	-0.0064061583	0.0612463124	0.0799532077	0.0347647336	-0.1071362512604139	-0.0181886105509506	0.0114781763341345	0.0003308255537741	0.1868708544128594	0.0174957389376543	0.034920716228992	0.0003061008809745	-0.0927809580347087	0.0855206203601781	0.0086083061738383	0.0073137765067897	0.0039749226665816	-0.0011663088990167	1.580001020530418e-05	1.3602764479257798e-06	0.0007441643810843	-0.0003311172646077	5.537806260745794e-07	1.0963864292128565e-07	-0.0024349907819991	-0.0002072059398717	5.929180108420589e-06	4.2934301518114654e-08	0.0	0.0	1.0	0.0	0.0	0.0	0.0	0.0	0.0	0.0	0.0	0.0	0.0	0.0	0.0
1915.4483741357235	4.26153501776912	3668942.4739791863	18.16068070767245	2258.9819913921933	28.00845521869087	5102999.63743424	784.4735637374118	2158.222870736012	2.4179274845860164	4657925.959767992	5.84637332071646	2157.411714501851	1355.4005177105971	1.213708	30.457008	0.1268170286589764	0.0674387066618118	0.131725921	0.042368083	-0.0702888001	-0.0238812635	-0.0855196449	-0.1048143198	0.0341192999	0.0029189422	-0.1040051146	-0.0639630638	-0.0099284046	-0.0688161021	-0.0509707518	-0.0257246666	-0.0204945823	0.0688923056	-0.0264223167	-0.0155995511	0.0562738511	0.0124937196	-0.0924199208	0.0330101907	0.0201608773	0.0744864505	0.0070733952	-0.0149200119	0.0207315877	0.0887536975	-0.0685245076	0.0531486969	-0.0516401062	-0.035896277	0.0506147999	-0.0070044171	-0.0035174505	-0.016314215	-0.0708530405	0.0277883174	-0.1384619527	0.0688229282	0.0194654218	0.0326487428	0.0133367756	-0.0861479914	-0.030770578	-0.0161239619	-0.057395494	0.0345142405	-0.025240431	0.0612976831	-0.0458849262	0.1065734663	0.0449327832	0.0037949683	0.0280963155	-0.032631801	-0.0706653629	0.0624929855	0.0470273928	0.0438980887	0.0301702597	0.0210448641	0.0049468592	-0.0361224179	0.0375704149	-0.0587312391	-0.0194437782	0.0343140781	-0.0195816583	0.0550462196	-0.063638553	-0.0639720751	0.0795549139	0.0558844127	-0.0740142725	-0.0449731728	0.0316750649	0.0584493096	-0.0190985094	0.0517888362	0.0155634699	0.0292941294	0.0732794839	0.0437530315	-0.0843548133	-0.0344071153	-0.0046206851	-0.0718846484	0.008881367	-0.0305674449	-0.0148474769	0.0453081378	-0.0552637453	-0.1441684341	0.0067031256	0.0140242517	0.0356603691	0.1260186278	0.0033052863	-0.0057093737	0.0161096533	-0.0037959985	-0.050315372	-0.0151004929	0.0113508966	0.0542348018	0.0805475747	0.0181164965	-0.0489358035	-0.037979461	0.0588315434	0.0492129512	-0.0210927042	0.0117131409	-0.0174790821	-0.0732418626	-0.0633890298	-0.0228111426	0.1614557631	0.0284405004	0.0146948355	0.0425060872	0.0820891394	-0.1035365882	0.0545165327	-0.0473489575	0.0202936681	0.0301476867	0.0461641013	0.1310977465	-0.0083365473	-0.1055707855	-0.0510184129	-0.0230177114	-0.0901091113	0.0020324182	0.1139609462	-0.0401963686	-0.0002125307	-0.0389010552	-0.017133714	0.0483376736	-0.0244165784	-0.0772475461	-0.0670465522	-0.0021373389	0.0645158866	0.0785258491	0.0284607885	-0.1027662732825263	0.0043699779778876	0.0105609069243788	1.909670752722261e-05	0.2062344828504763	0.0193636284376169	0.0425326619166034	0.00037495010627	-0.1337688211044607	-0.0409878630697519	0.0178940974996772	0.0016800049190247	0.0046419347038362	0.0006670120372545	2.1547557794678867e-05	4.4490505784253117e-07	0.0003140156777952	-0.0004301487032891	9.860584590117889e-08	1.850279069412942e-07	-0.0025797412249298	-0.0001447504429306	6.655064787602305e-06	2.095269072863379e-08	0.0	0.0	0.0	0.0	0.0	0.0	0.0	0.0	0.0	0.0	0.0	0.0	0.0	0.0	0.0
1916.6077229081068	1.1593487723832825	3673385.1635109982	1.3440895760266236	2249.1668701171875	-9.815121275005822	5058751.609632745	96.33660564307192	2156.5283454169344	-1.6945253190774563	4650614.5045867	2.871416056994556	2156.0608381675224	1384.5937062804885	1.108491	27.816673	0.1296766979866477	0.057826871574047	0.0983360132	0.0097542713	0.0519818351	-0.0184559011	-0.0175024892	-0.0467061712	0.0339959925	-8.69038e-05	-0.14605075	-0.0401936104	0.086385424	-0.0496518214	-0.0238703269	-0.039744139	-0.0092662516	-0.0052809577	-0.0150581368	-0.0150436122	0.0495526584	0.0107469613	0.0047877666	0.0386614911	-0.0387554356	0.1260490487	0.0006103629	0.0047282698	-0.0052403343	0.0518633636	-0.0551132786	-0.0282671027	0.0193619135	-0.0687091478	0.0678280539	-0.0280911124	0.0617661261	0.0450012013	0.0050669372	0.0390281354	0.0288652921	-0.0575843429	-0.0521196493	-0.015834278	0.0509267546	-0.0282451405	0.0553582747	0.0211000954	-0.0214768267	-0.058638807	0.0394801052	0.0035161586	-0.051453355	-0.0756246157	-0.0080496402	0.1660356065	-0.0046125619	-0.0392819753	-0.0443412652	0.0392492067	0.0239362621	-0.0604849802	-0.0393395096	0.0305652359	0.0147214753	0.1036848194	0.0100289386	0.0750161316	-0.031021326	-0.0166206791	-0.014343868	0.0324466427	-0.0409075558	0.0048336188	0.076908911	0.0015058364	-0.027494671	-0.0716654013	-0.0302156694	0.0867218385	0.0120123833	0.0477262621	0.0616832556	-0.0497485544	-0.0253564608	-0.0212804666	-0.0016730411	0.0067284517	-0.0025476418	-0.0510063309	-0.0027191183	-0.00839348	0.013592255	-0.0120417682	-0.1436546141	0.0458969707	-0.0090813475	0.0397282794	0.052752097	0.0025884261	0.033599282	0.1251723888	-0.0301138672	-0.054273347	0.0152454218	0.0222352852	0.0656423551	0.0563764745	-0.0050906856	0.0703216045	0.0380637474	-0.0568328361	0.0112231873	0.0008511333	0.0581605002	0.0250997431	0.0388568431	0.0503781953	0.0155409613	-0.015129624	0.1338866669	0.0123251733	-0.0066304229	0.1014079054	0.0023392494	0.0323583121	0.0218949177	0.0130762395	-0.0236568193	0.1229581065	0.0523703985	0.0951150166	0.0188625443	-0.040988105	0.0095518121	-0.0993096278	-0.0159194586	-0.0475772482	-0.0074806438	-0.0590681388	-0.0559024642	-0.0409026411	0.01880781	0.0476459404	-0.0260429185	-0.0780401729	-0.0650363955	0.0021373389	0.0675308461	0.0766767246	0.0219572114	-0.1230902855633502	-0.0203240122808238	0.015151218400067	0.000413065475191	0.1673412959101767	-0.0388931869402995	0.0280031093168973	0.001512679990373	-0.1143890012793065	0.0193798198251542	0.0130848436136771	0.0003755774164554	0.0044871930329672	-0.000154741670869	2.0134901315109377e-05	2.3944984703329932e-08	0.0007838268025721	0.0004698111247768	6.143844564304018e-07	2.2072249296413586e-07	-0.0029767820080913	-0.0003970407831615	8.861231123696073e-06	1.576413834934973e-07	0.0	0.0	0.0	0.0	0.0	0.0	0.0	0.0	0.0	0.0	0.0	0.0	0.0	0.0	0.0
1906.8006029508088	-9.807119957298028	3635888.539413568	96.17960185683329	2232.0586288914537	-17.108241225733764	4982085.722808796	292.6919178378963	2155.5092495719696	-1.019095844964795	4646220.124990315	1.0385563412245098	2152.9107017916954	1380.3972967809284	1.080343	27.110331	0.1999254768954114	0.109353190262553	0.0616286199	0.0303564338	-0.0068283139	-0.0664273209	0.0554050648	0.0912089941	0.0606610587	0.0244029253	-0.0715077152	-0.0534500789	0.0229293356	-0.0287435954	0.0497090367	0.0811338367	0.0070615834	-0.0001749849	-0.0107962202	0.0057377409	0.0171006914	0.0108468004	0.0051694667	0.0234735094	-0.0915770229	-0.0437004071	0.0009391072	-0.0191476127	-0.0718517811	-0.0315912883	-0.089178813	0.0662572204	0.0132135575	0.0335315178	0.0528213999	0.0555570932	0.0246592431	0.0413244774	0.0684711511	-0.0325828184	-0.1215068719	-0.0270852596	-0.0043211468	-0.0494297885	0.0307112977	0.0132888868	0.0492462123	-0.0153826502	0.0128126619	-0.0066595804	-0.0266038615	-0.0969394315	0.0845751906	-0.0283265658	0.0158932292	0.0618254261	-0.0295104189	-0.0484020903	0.0207098108	0.0227019674	-0.1005896544	-0.018713488	-0.050352446	0.0972282892	-0.0367611917	0.0048326232	0.0288561677	-0.0638218607	-0.0564079749	-0.073790218	-0.0087735272	-0.0078328168	-0.0094226362	-0.0115779649	0.067178779	-0.1077511233	0.019712938	-0.0268967713	-0.0544069795	-0.039084107	0.0356091627	-0.0220269538	0.0496039518	-0.0546589319	-0.0503419224	0.0234187999	-0.0408092439	-0.0250884693	0.0136432974	0.0204255515	0.1035505355	-0.0590912714	0.06182783	0.0863077039	-0.0240240705	-0.0177206812	0.0152862106	-0.0239451802	0.0135053908	-0.0048082972	-0.0449649097	-0.050442621	-0.0382372645	-0.094194466	0.0662106457	0.0108661233	-0.0713264712	0.0153185435	-0.1039194812	0.0303145247	0.0321737456	-0.0057047093	0.0499279853	0.0989332823	-0.1188262485	0.0266832395	-0.0585260989	0.0087645275	-0.0442339372	-0.0114908131	0.0940115335	-0.0071707526	0.0420915602	0.0069779472	-0.0518407918	-0.0353964958	0.007859947	0.0797756713	-0.0547133363	-0.0076181208	0.0342847791	0.0199709615	0.0547639672	0.0145947703	-0.0077040032	-0.0813121856	-0.0299467549	-0.0764596331	0.0158701002	-0.0794078122	-0.012059014	-0.0062417442	-0.0872717897	0.0469489822	-0.0276578354	-0.0787557834	-0.0629121428	0.0064061583	0.0702792922	0.0744157659	0.0152996203	-0.1298141569344864	-0.0067238713711361	0.0168517153406114	4.521044621558497e-05	0.184954568556023	0.0176132726458462	0.0342081924297446	0.0003102273732969	-0.0247971687062076	0.0895918325730989	0.0006148995758441	0.0080266964638061	0.0055978284268021	0.0011106353938349	3.133568309591367e-05	1.2335109780388036e-06	0.0010878257335869	0.0003039989310147	1.183364826653877e-06	9.24153500581411e-08	-0.0032820776893482	-0.0003052956812569	1.077203395891722e-05	9.320545299411469e-08	0.0	0.0	0.0	0.0	0.0	0.0	0.0	0.0	0.0	0.0	0.0	0.0	0.0	0.0	0.0
1903.9372462778688	-2.863356672939972	3624977.037764154	8.198811436469864	2247.0260744961824	14.96744560472871	5049126.179465723	224.0244279305128	2150.1525121066134	-5.356737465356218	4623155.82531838	28.69463627275096	2148.2934085038223	1355.6620546542551	1.110897	27.877047	0.0956913282261597	0.0605570228470739	0.0295505822	0.021552956	-0.0565588142	-0.0219399063	0.0077352966	-0.0430801521	0.0665103559	0.0275475906	-0.0166603748	-0.0432831854	-0.0162388518	0.0821796748	0.0562603656	0.0072740003	0.0086379142	0.0592607016	0.0077979765	-0.0232042584	-0.0641303102	-0.0085844608	-0.0660189718	0.044805612	-0.0214976174	0.042534009	-0.00824512	-0.0201242477	0.0035656389	0.0539650067	-0.0321349191	-0.003207659	-0.0183353881	-0.1147624479	0.0321022669	-0.057026882	-0.0826432321	-0.0984393873	0.056019188	-0.003748421	0.1224954134	0.0269805285	0.0010249739	0.0044738085	0.0722454715	0.034433707	0.0200936967	0.0666549036	0.0821321414	0.0197817966	-0.0045320908	0.0255717998	-0.0791427452	-0.0167165221	0.0053056723	-0.034380088	-0.0283467435	0.0203625107	-0.0618512163	-0.0497237532	-0.0225132781	-0.0342967564	-0.0794818693	-0.0461522384	-0.0127171414	0.0941310952	-0.0417581583	0.0583938983	-0.0371507639	-0.1476281353	0.0082065218	0.0010944023	0.034057714	-0.0973227658	0.0009406142	-0.0051912507	-0.0095723616	-0.0669367805	0.0260845533	-0.0008641504	-0.024379754	0.0595471904	-0.036730492	-0.0270805089	0.0323856172	0.0507752257	-0.0049287848	0.069825142	0.0020830873	-0.0739955844	-0.084961274	-0.0959476841	-0.0271276491	-0.0050999799	0.0364327371	0.0811493086	-0.0894782337	0.0869196793	0.0394595158	0.0104992986	0.0555056984	0.0604651133	0.0415641785	0.0497118879	-0.017284724	0.0363670639	-0.0604567588	0.0425740159	0.0079793046	0.0411342394	-0.0629275397	-0.0472995123	-0.0552074088	-0.03616786	-0.0232617718	0.0108394913	0.0256346257	-0.0609558273	0.113316338	-0.0065758621	0.0458528184	-0.0004362982	0.0052470183	0.0100264738	0.0644353091	-0.0624390587	0.0019940149	-0.0014015843	0.0260701984	-0.0759639691	0.0045614433	0.0905395566	0.0275404703	0.0145197479	0.0037487718	-0.0523483837	-0.0734206542	-0.037765284	0.1070215054	-0.0731497839	0.0820051769	0.003638849	-0.0674250662	0.0462468756	-0.0292606206	-0.0793936715	-0.0606775209	0.010657419	0.0727503781	0.0717551168	0.0085347133	-0.1255035126863219	0.0043106442481644	0.0157511316966057	1.858165383423361e-05	0.1868204420815402	0.0018658735255172	0.0349018775795421	3.481484013225997e-06	-0.0244208762171496	0.0003762924890579	0.0005963791952133	1.4159603732146448e-07	0.0066388778379994	0.0010410494111973	4.4074698947879593e-05	1.0837838765542463e-06	0.0013093484158166	0.0002215226822297	1.7143932740014402e-06	4.9072298742240685e-08	-0.0027618794235068	0.0005201982658414	7.627977949990254e-06	2.706062357843999e-07	0.0	0.0	0.0	0.0	0.0	0.0	0.0	0.0	0.0	0.0	0.0	0.0	0.0	0.0	0.0
1909.588402460292	5.651156182423165	3646527.86681085	31.93556619813956	2233.850231748638	-13.175842747544266	4990086.857883444	173.60283210801484	2148.4950624284525	-1.6574496781609014	4616031.033279439	2.747139435635676	2146.631811241933	1332.4176610348627	1.191249	29.893412	0.1205273824192977	0.0690540712532777	0.0038189151	-0.0072953729	0.0108279994	0.0395096039	0.0114751795	-0.0167129548	-0.0832302036	0.0079388958	-0.0369230166	-0.0584843107	0.0113739547	-0.0135327832	-0.001732476	-0.0072074971	-0.0607550371	-0.0429103603	0.0144095813	0.0139789551	-0.0485045008	-0.0043353379	0.0546619787	0.1407413761	0.0387227727	0.1144531916	0.0028256947	0.070046145	-0.0139163259	0.0444146125	-0.0182222894	0.0208680458	0.0733758437	-0.0627251206	0.0554752372	0.0512233091	0.0378238752	-0.0172055277	0.0371000537	0.0369531857	-0.0235200243	-0.0463315471	0.0342862246	-0.0013648284	0.0469013498	0.0178043545	-0.0393188558	0.0124916386	0.0501200015	-0.0299181411	-0.0024391228	0.025157372	0.0078568634	-0.0411455486	-0.0176840256	0.0215392422	-0.0358527667	0.1173724931	0.0194969476	0.0591102413	-0.0161927806	0.0681355296	-0.0664729248	0.0399292934	0.0671377986	-0.0197170175	0.0293866079	0.0914760785	0.0886932731	-0.0413148194	0.0172130035	-0.0145927257	0.0057750403	0.0246100482	-0.0136844516	0.0403814038	-0.0236795271	-0.1508865478	0.0239783353	0.0772670251	-0.0298535097	0.0197346493	0.0640342021	0.0250897108	-0.0466538247	0.0789430242	0.0012030256	-0.0550928857	0.0201910498	0.01959931	0.0122142486	-0.0308906194	-0.0111819322	-0.0201986375	-0.0804871495	-0.0007103755	0.03662287	0.1031532722	0.0314044749	-0.0410644827	-0.0389937581	0.0143896441	-0.0307033194	0.1035651557	0.0312474522	-0.0021089283	-0.0471705534	-0.0060477598	-0.0350887779	0.0725496338	0.0691285543	0.0376626878	0.0626684794	-0.004693612	0.0110490247	0.0667318878	-0.0429618236	0.0511155256	0.0847216333	-0.0046424544	0.0330490129	-0.0143034931	0.0002465803	0.0590171883	-0.0095445806	0.0154221973	0.0019068883	-0.0050875412	0.0048758359	0.1031716307	-0.0084267927	0.0604838148	0.0207108146	-0.0395661008	-0.0449393601	-0.0472794316	-0.0832328917	-0.003170713	0.05372447	0.0163679583	0.0685652686	-0.0669085272	-0.0038224773	0.0455396975	-0.0308505711	-0.0799532077	-0.05833645	0.0148794683	0.0749343514	0.0687090676	0.0017099414	-0.1368937581141693	-0.0113902454278473	0.0187399010106206	0.0001297376909065	0.198334278792899	0.0115138367113588	0.0393364861442993	0.0001325684358158	-0.0894654131659962	-0.0650445369488466	0.0080040601529624	0.0042307917868898	0.0068078655320828	0.0001689876940833	4.634703310292103e-05	2.8556840751624755e-08	0.0015056468116771	0.0001962983958604	2.266972321513416e-06	3.853306021740552e-08	-0.0030481686001878	-0.000286289176681	9.291331815170853e-06	8.196149268468487e-08	0.0	0.0	0.0	0.0	0.0	0.0	0.0	0.0	0.0	0.0	0.0	0.0	0.0	0.0	0.0
1912.172800331012	2.584397870720068	3656404.818325745	6.679112354182419	2234.646136197177	0.7959044485387494	4993643.354020972	0.6334638912037708	2153.4878913467523	4.992828918299892	4637510.098177082	24.928340607411677	2151.821398976964	1354.681665164558	1.051398	26.383978	0.1786656770666742	0.0957326855235993	0.0223716429	0.0194465977	-0.0124464772	-0.0017326736	0.0516656897	0.1026807253	0.0126682577	0.0044546944	-0.0075891964	0.048240108	-0.0094452244	0.0351551485	0.0106132176	-0.0078504731	-0.0229915874	-0.0619570073	-0.0013780203	0.0338855411	-0.0183509376	-0.000721424	0.0420470673	0.0333632688	-0.0815477873	-0.000691984	-0.0043920338	0.0711818225	-0.0362276678	-0.0458689516	-0.0765777764	0.0410809034	-0.0217994713	0.0386430708	0.024212929	-0.0380664725	0.0118381293	-0.0092762814	-0.04305345	0.019243554	0.0535750154	0.0399780979	0.0003621099	-0.000268453	0.1364548831	-0.0717514636	0.0296463836	-0.0695862053	0.0070080822	-0.0089074533	-0.0175577608	-0.0334893358	-0.0240008275	-0.1422379688	-0.0145608225	0.0477034859	-0.033477457	0.0790552992	-0.0382296778	-0.0247512636	-0.0249807153	-0.0833541945	-0.0916510208	-0.0312580733	-0.092121401	0.0161112719	-0.070018633	-0.060566963	-0.0807880583	-0.0113071345	-0.005519465	-0.0388768899	0.0125698345	0.025182125	0.0183728384	-0.0998879137	0.0487450904	-0.0167675505	-0.0335015208	-0.0291958782	-0.0263539667	-0.0116269167	-0.0283796692	0.01991397	-0.0660848112	0.0998978542	-0.0049932337	0.0193387556	0.0135938176	0.0031869662	0.0593250878	0.0629293432	0.0345847129	0.0766775582	0.0135687296	0.0373673972	-0.001617244	0.0469750402	-0.0417248181	0.0026379494	0.0577729241	0.053312757	-0.0428713647	-0.0547785338	0.0313190114	0.066177034	0.0762170653	0.0476597886	-0.0429632885	0.1371025355	0.0881741908	-0.061523165	0.0670531616	-0.0597172364	-0.1021291161	0.0605793469	0.0661756047	-0.0569132005	0.0671466893	-0.0054662136	0.0497522612	-0.0277184789	0.0434791833	-0.0030785029	-0.0595720445	-0.0338394528	0.0077152103	0.0801551186	-0.0178558099	-0.0366109727	-0.0224705604	-0.0036375652	0.027657466	-0.054076615	-0.0542104746	-0.037774675	-0.0259572585	-0.022550977	0.0275258406	-0.0308883436	-0.0152433275	0.0617403068	-0.1317786708	0.0448275254	-0.0324269895	-0.0804338397	-0.0558930371	0.0190607341	0.0768225931	0.0652939789	-0.0051268245	-0.1859896862689396	-0.0490959281547703	0.0345921633984185	0.0024104101613783	0.216733070146077	0.018398791353178	0.0469732236949443	0.0003385155232577	-0.0517349625947503	0.0377304505712458	0.0026765063546802	0.0014235869003092	0.0069740244319992	0.0001661588999163	4.863701677812176e-05	2.7608780021428122e-08	0.001619253258257	0.0001136064465799	2.62198111437591e-06	1.2906424704511684e-08	-0.0042372133934411	-0.0011890447932533	1.7953977341556642e-05	1.4138275203627832e-06	0.0	0.0	0.0	0.0	0.0	0.0	0.0	0.0	0.0	0.0	0.0	0.0	0.0	0.0	0.0
1911.9352211198616	-0.2375792111504324	3655496.289758654	0.0564438815708617	2248.04460328998	13.398467092803005	5053704.538381203	179.51892043692496	2150.649586184779	-2.8383051619734943	4625293.64255676	8.055976192485383	2148.2565319453147	1364.6975865601928	1.070743	26.869421	0.0611522794520296	0.0332274986824965	0.0284321643	-0.0043762442	0.0063621022	0.01703721	0.0297250657	-0.0583053243	0.0437173994	-0.0154665623	-0.0346843767	0.0291393046	0.0231133587	0.0307638156	-0.0553871818	-0.0502638218	0.0269732819	0.0193648693	0.0232401604	0.0118544879	-0.0129550625	0.0259930389	-0.0563538346	-0.0133518006	0.0287304151	-0.0365473189	0.0184410662	0.0648478025	-0.0011429659	0.0671677899	-0.018763346	0.1435929007	0.0036099732	0.0800215393	-0.0538317461	-0.0040000944	0.0053281039	0.0227573474	-0.0863252444	-0.023892092	-0.1040576441	-0.013562694	0.0633606161	-0.044145457	0.0019659582	-0.0506729374	0.0035870019	0.0098991396	0.0062954001	-0.0158396882	0.0102871437	0.0409421352	0.0564915939	-0.0799604545	0.0565982943	0.0110293629	-0.0378854526	0.1039399462	0.0607977764	-0.031395742	0.0824201835	0.0865743919	0.0864751798	-0.028288796	0.0468845303	0.0453555137	0.0554687475	-0.026180324	-0.0828162087	0.0107926472	0.0239435946	-0.0012173052	-0.0180520015	-0.0596794259	-0.0338619849	-0.0545569553	-0.0242331342	0.0229422416	0.0263316272	0.0496856492	-0.0268194837	-0.037315026	0.0536191437	-0.0041205379	0.1363085614	0.070873101	0.0294508335	-0.0355021651	-0.020479902	0.0125733985	0.0169467887	0.0588664331	0.0228699458	0.0481541164	0.0444499129	-0.0555646363	0.0439097022	-0.02634856	0.0542922382	0.0436536497	0.0179746183	-0.0502548827	0.0217705515	0.0253060072	0.0663200519	0.0555345996	0.0076384576	-0.0661865347	0.0684748323	0.0193089886	-0.030799784	0.1138811225	-0.0124665993	0.1000180703	0.0321280669	0.0534027607	0.1001072853	0.0900460293	0.163194779	0.0005972265	0.0275419264	-0.0133792739	-0.0264598153	0.0295158909	0.0755630385	-0.0289244745	-0.0038450293	-0.0002981185	0.0097461637	-0.1032007434	-0.0034793001	0.083434354	0.0640829841	-0.0395236104	-0.0157601322	0.0019050021	-0.0218897139	0.0325017713	0.0494395601	-0.064470233	0.0451828941	-0.0277219842	-0.0275711801	0.0441104375	-0.0339891844	-0.0808350932	-0.0533515689	0.0231897558	0.0784076511	0.0615281933	-0.0119276293	-0.1960586682680229	-0.0100689819990832	0.0384390014030306	0.0001013843984978	0.2105725040755288	-0.0061605660705482	0.0443407794726385	3.795257430958984e-05	-0.0397774221212472	0.0119575404735031	0.0015822433106118	0.0001429827741754	0.006473341581934	-0.0005006828500652	4.190415123639578e-05	2.5068331634941176e-07	0.001770790675095	0.000151537416838	3.135699615003406e-06	2.2963588701933792e-08	-0.0042442969447158	-7.08355127470011e-06	1.8014056554923878e-05	5.0176698661305556e-11	0.0	0.0	0.0	0.0	0.0	0.0	0.0	0.0	0.0	0.0	0.0	0.0	0.0	0.0	0.0
1923.0064195048144	11.071198384952822	3697953.6894567264	122.571433678982	2251.937954526959	3.893351236979015	5071224.551039063	15.158183854486026	2160.785051438986	10.135465254207247	4668992.038522182	102.72765591924238	2158.097735582908	1349.7669606525938	1.100572	27.61795	0.1294714553928329	0.0777141195675626	0.0198634509	-0.0165720172	0.0408304775	0.1076280266	-0.0292353625	-0.056980255	-0.0328258132	0.0038057295	-0.0088082358	0.0411070626	0.071657766	-0.0086136651	-0.0986468076	-0.0720406338	0.0353072563	-0.0775146267	-0.0314100581	0.0261694397	0.0842268273	0.0561625574	0.0653775151	-0.0084221177	0.0038147105	-0.039705841	-0.0166924644	0.0445216486	0.0474857863	0.0547404832	-0.0676043513	0.0181696924	0.0149314312	-0.03803252	-0.0380917245	0.0875409601	-0.0070864736	0.0845039213	-0.0236210805	0.0519207027	-0.0043442663	0.0341926432	-0.0223950864	-0.0515366245	-0.0019245865	-0.0872723462	0.0109012605	0.0789408024	-0.0394672648	0.0247440405	-0.0820510272	-0.0074758161	-0.0517616805	0.0791110083	-0.0199276238	0.0134775279	-0.0686964192	0.0183479361	-0.0235860116	0.0483797561	-0.0185743772	-0.030750475	-0.0270301981	-0.009203482	0.1100123879	0.0276513255	0.0678266414	-0.0872497274	0.0224112278	0.1434944422	-0.026403776	0.01780879	-0.0859030124	0.041301989	-0.0373993154	0.0029522981	-0.0756872307	0.0523671523	-0.0477212789	0.0744269243	0.0609684081	-0.0443789112	0.0360824058	0.0170793628	-0.0188748193	0.058679062	0.0279071801	-0.0452027278	-0.0118704395	-0.0048804157	-0.052288265	0.0436118723	0.0117728962	-0.0464278073	-0.0649850126	-0.0307119566	0.0441575788	-0.0032025774	0.0059059779	0.0621844402	0.0520177122	-0.0115778816	-0.0364198641	0.0457706918	0.0563138321	-0.0440349461	0.0125388899	0.0679185969	-0.0414266382	-0.0181368856	-0.0243831199	-0.0046974033	-0.0457689811	0.0145500573	-0.0289539999	-0.0441574444	0.0213420811	-0.0340378775	-0.0079267136	0.001027817	0.0288413905	-0.0317429561	-0.0110013894	0.0385226665	-0.0395658848	0.034402477	0.0165542584	-0.0550482363	0.0107434617	0.0026167699	-0.0077552815	0.1069838987	0.0156881933	-0.0797165006	-0.0449561413	-0.0005972968	-0.0032599717	0.0238684111	-0.0076808202	0.0295298825	-0.0051680403	-0.0209616747	0.0463383477	0.0433885123	-0.0355364705	-0.0811565722	-0.0507165039	0.0272552159	0.0796832699	0.057431937	-0.0186447705	-0.1497308170191758	0.0463278512488471	0.0224193175652299	0.0021462698013353	0.2103084608297507	-0.0002640432457781	0.0442296486965787	6.971883564104028e-08	-0.0443186585181649	-0.0045412363969176	0.0019641434928497	2.062282801269003e-05	0.0062422985604256	-0.0002310430215083	3.8966291317491525e-05	5.338087778773073e-08	0.0020381183295343	0.0002673276544392	4.153926325183685e-06	7.146407482801768e-08	-0.0031759011306377	0.0010683958140781	1.008634799158582e-05	1.1414696155396066e-06	0.0	0.0	0.0	0.0	0.0	0.0	0.0	0.0	0.0	0.0	0.0	0.0	0.0	0.0	0.0
1918.83540874976	-4.17101075505434	3681929.3258718583	17.397330718778974	2251.4022142814865	-0.5357402454724252	5068811.9304715805	0.2870176106188544	2152.772224485108	-8.012826953878175	4634428.25051456	64.2053957927966	2152.139443099624	1379.3403169446208	1.146087	28.76012	0.0996895487584671	0.0465125706076905	0.0579362803	0.0352323837	-0.0432698976	-0.0171617012	0.0026516307	0.004603137	-0.0247005889	-0.0060604529	0.0020239915	0.0140945787	-0.0026423988	-0.0466965408	-0.0428557474	-0.0752956927	0.1480797054	0.0257191955	0.0101368132	0.0203870198	0.0143986912	0.0258097978	0.0421189803	-0.0520357674	-0.0608257783	0.0108422497	0.0891423423	0.0145208649	0.0730490809	-0.0001285719	-0.0487230155	0.0892273655	0.0086947013	0.0034347772	-0.0090694208	-0.0134031509	-0.0329945573	0.0956866998	-0.0080138928	-0.0672927092	0.0031405401	0.0535461527	-0.0003238168	0.0429468922	-0.1026427098	0.0150884084	-0.1017495686	-0.0294591979	-0.0849868731	0.0053032514	0.0139511508	-0.132208992	0.0490618472	-0.0293338926	-0.0139356216	-0.0412346778	-0.0044540728	-0.1600332015	0.0279485142	-0.091039899	0.0025074006	-0.0132792627	-0.0603207421	-0.0611328983	0.0388695363	0.0058660007	0.0070379858	0.0280133552	-0.1033727742	0.150520126	0.0075577428	-0.0269598454	0.0064917528	0.0708808781	0.0700549278	0.0327596675	-0.0082428272	0.0298490368	-0.0595758506	0.0076911625	0.016310944	-0.0163998342	-0.0382359019	-0.0077139243	-0.0145119248	0.0993098618	0.064363461	0.0310931493	0.0061114017	0.0475396912	0.0094949361	0.0482735094	0.0515061827	0.024736105	-0.0017044044	-0.0420753675	-0.0708542697	-0.0720221645	-0.089699135	0.0411039295	-0.0699204586	-0.111202977	0.0621911153	-0.1242336327	-0.0893392201	0.0384422909	0.028928181	-0.05238992	0.0181228676	-0.0304250515	-0.0834795367	-0.0533341713	0.0114282897	0.0283612098	-0.066485686	-0.0936809259	0.0367864302	-0.0193584327	0.0178111871	0.0022510132	0.0475715146	-0.0226970944	0.0172798012	-0.035641933	0.00260076	-0.0649458903	-0.0118376323	0.0243745594	-0.050592831	0.0265904871	-0.0327296374	0.058777356	0.0408075395	-0.0934903217	-0.0534699952	0.1076232662	0.0403056654	0.0336568677	-0.0591614584	-0.058489056	-0.0024652154	0.0904921559	-0.039429813	0.0426618292	-0.0370681691	-0.0813979594	-0.0479924649	0.0312459714	0.0806444153	0.0530272111	-0.0252311319	-0.1218071003276151	0.0279237166915606	0.0148369696902216	0.0007797339538705	0.2406447732467143	0.0303363124169636	0.0579099068909625	0.0009202918510596	-0.0601224137152627	-0.0158037551970978	0.0036147046309492	0.0002497586783297	0.006277283798739	3.4985238313399794e-05	3.940429188991113e-05	1.2239668998453767e-09	0.0024168730299611	0.0003787547004268	5.841275242953348e-06	1.434551230953951e-07	-0.003077125780321	9.877535031669986e-05	9.468703067916124e-06	9.756569830186781e-09	0.0	0.0	0.0	0.0	0.0	0.0	0.0	0.0	0.0	0.0	0.0	0.0	0.0	0.0	0.0
1919.610521322512	0.7751125727520503	3684904.553572087	0.6007995004383024	2240.5465855453954	-10.855628736091148	5020049.00199913	117.8446752558479	2156.946775931626	4.174551446517853	4652419.394201835	17.4268797796243	2155.36830593405	1397.502812682308	1.075237	26.982195	0.0803652048171843	0.0374818705400409	0.0209398819	-0.0086207755	0.0453227312	-0.0086075155	0.0553486865	0.0433521825	0.0232511251	0.0063261661	-0.0569181861	0.0356040858	0.0951140217	-0.0342268501	-0.0330754624	-0.0822985014	-0.0101539299	-0.0331289977	-0.0065307767	0.0210661189	0.0601746873	-0.0079902238	0.0167155307	-0.054055266	-0.0350707928	-0.0654565638	-0.0119356286	0.0377612281	-0.0732151072	-0.0022889883	-0.0370925363	0.0119575003	-0.0026916739	0.0248742767	0.0076649928	0.0857523038	-0.051599677	0.1077670597	-0.0491423072	0.0175211246	-0.009715838	0.0549279464	-0.0078475339	-0.0873295832	-0.0196125474	-0.0076870709	-0.0391049206	0.0305410167	-0.0534977278	0.0370282838	-0.0116106692	-0.0299627846	-0.037775881	0.0195828182	0.0476862443	-0.0634529663	-0.0303441492	-0.1030513769	0.0084270866	-0.1133217468	0.0443025783	0.0799753599	0.0386023959	-0.1135510917	-0.0565022069	-0.0641775073	0.0355100643	-0.0547330174	0.0358213913	-0.0147901479	-0.0070365033	0.0112318114	-0.0707733903	0.0025240635	-0.0023835424	-0.089822012	0.0356139071	0.0750824879	-0.060201451	0.0143675761	-0.0255607457	-0.0341388983	0.0722848624	0.0382674089	0.0288530476	0.0163605326	0.0069937881	-0.0580375779	-0.0322029787	0.0036432852	-0.0328624383	0.0549999966	0.0346747935	0.0395986685	-0.053666088	-0.0220793072	-0.0306588235	0.0189737665	-0.0133979095	0.0482986182	0.0163584345	-0.0570596689	0.0448140913	-0.0917789614	0.0045548467	0.0065606729	0.0168379426	-0.0280002396	-0.0258970347	0.0222878041	-0.1569854362	-0.0277055251	-0.0845653805	0.0452996315	-0.0857785858	-0.0433382771	0.012548245	0.0047853279	-0.0630916088	0.0032050241	0.0070485493	-0.0197591871	-0.0354899507	0.0628815338	0.040492883	0.0104631097	-0.0300057308	0.0470853312	-0.0284765437	-0.0956955183	-0.0263101238	0.0367437899	0.0781228227	-0.0491288379	0.0362020174	0.0323472639	0.0469312586	0.0444950261	-0.1101133765	-0.0465727377	0.0035905905	0.0199544594	0.0931391435	0.0419304676	-0.0385836084	-0.0815590168	-0.0451842308	0.0351510839	0.081287294	0.0483376736	-0.0316405151	-0.1277696393037501	-0.0059625389761349	0.0163250807278104	3.555187104192896e-05	0.2297946361045433	-0.010850137142171	0.0528055747824194	0.0001177254760039	-0.0348285802219194	0.0252938334933433	0.0012130300002746	0.0006397780127889	0.0067447118368271	0.0004674280380881	4.54911377618356e-05	2.184889707908904e-07	0.0025481036607091	0.000131230630748	6.492832265719117e-06	1.7221478446517987e-08	-0.0032436410155956	-0.0001665152352746	1.0521207038054056e-05	2.772732357855541e-08	0.0	0.0	0.0	0.0	0.0	0.0	0.0	0.0	0.0	0.0	0.0	0.0	0.0	0.0	0.0
1915.429649201572	-4.180872120940194	3668870.741040457	17.479691691654953	2256.6024576822915	16.05587213689614	5092254.652017758	257.79103007635786	2154.5743717301475	-2.372404201478276	4642190.72331636	5.628301695191773	2154.552405079456	1370.8245045776323	1.067516	26.78845	0.090526679306878	0.054258949416219	-0.0056692825	-0.0119400009	0.0259094289	0.1136846529	-0.0323591347	-0.065615437	0.0249236735	-0.0027143782	0.0277099098	0.0429981141	0.0823990133	-0.0371593647	-0.041388602	-0.0127450441	0.0417546372	-0.0593201325	0.007037126	0.0264331557	0.0488972624	-6.45081e-05	0.0233933651	-0.018861606	-0.0328647199	-0.0478272384	0.0035103799	-0.0045384617	-0.03048435	-0.0221518952	-0.0654122666	-0.0185371641	-0.0384882668	-0.0248405688	-0.0458458622	0.0240531632	-0.0432560372	-0.0271531731	-0.0230540834	-0.0868034882	-0.0369409222	-0.0348224431	-0.0058489238	0.0567324082	0.0170617402	-0.0643947645	0.0108116365	0.0565953669	-0.0169985845	0.0366853604	-0.0701733907	0.021084732	-0.093741542	0.0175896935	0.0594161805	-0.0222456459	-0.0262738281	0.0101792482	-0.0499587863	-0.0077904264	0.0191068097	0.0010323389	0.0281714877	0.0325040175	-0.1157642156	0.0050802308	0.0044836183	-0.0735825331	0.0253406543	-0.0609236424	0.0033801036	0.0069075781	-0.0515548997	0.0100694863	-0.0141743957	-0.0284673952	-0.007966175	0.0345375447	-0.0533117478	0.0307684149	0.0475716104	-0.0348018275	0.0482653721	-0.0159401776	-0.0005790888	-0.0218527682	-0.0008176545	0.0685415557	0.0461152344	-0.0332784786	-0.0648781982	-0.0172660674	-0.0281685334	0.0188782663	0.0555269803	0.0121733423	-0.0306147939	-0.0342307204	-0.0033495651	0.0245061112	0.0061419595	-0.0315687991	-0.0285959496	0.0571715631	-0.0083603366	0.1147293968	0.0345182216	-0.0191563681	0.060217038	0.0628435918	-0.0922004095	-0.0239225984	-0.0224928252	0.0123420873	-0.0242529589	0.0163222267	0.0182713651	-0.0308071469	-0.069973198	0.0067494373	-0.009842919	-0.0444012197	-0.0151855767	0.0344754694	-0.0459535314	0.024592285	-0.0100243419	-0.0714639095	-0.0051947175	-0.0531265818	0.0238564373	0.1056286853	0.0701392534	0.0261752606	0.0144676793	-0.0045596814	0.0128936711	-0.0075528401	-0.0626832129	-0.0398950101	0.0118060373	-0.0241877403	0.0701974677	0.041194508	-0.0400821236	-0.0816395852	-0.0422967282	0.0389598496	0.0816093689	0.0433885123	-0.0378279629	-0.1481308872649265	-0.0203612479611763	0.0219427597618943	0.0004145804185365	0.2269371618625939	-0.0028574742419493	0.0515004754342491	8.165159043404161e-06	0.0059325570392729	0.0407611372611923	3.519523302422643e-05	0.0016614703108257	0.0068334295905585	8.871775373139965e-05	4.669575996912051e-05	7.870839827145277e-09	0.0029503296278134	0.0004022259671042	8.704444912753556e-06	1.6178572861298928e-07	-0.0032836336916111	-3.999267601550007e-05	1.0782250220683542e-05	1.5994141348807543e-09	0.0	0.0	0.0	0.0	0.0	0.0	0.0	0.0	0.0	0.0	0.0	0.0	0.0	0.0	0.0
1907.779011792764	-7.650637408807825	3639620.757836976	58.532252761049705	2240.017810243549	-16.58464743874265	5017679.790208303	275.0505306673931	2148.2098796618934	-6.364492068254094	4614805.687076966	40.50675928686928	2145.538194316488	1362.9340076650406	1.125134	28.234325	0.0669307686633898	0.0311237264711436	0.0004350838	0.0119718147	-0.0380771695	-0.0003137908	0.0459893437	0.0096491497	-0.0614485887	-0.0072149566	0.0520156274	-0.035151356	0.0097403545	-0.0156297964	0.0178363485	-0.0569033288	-0.0177002329	0.0114982033	0.0205978025	0.0079114623	-0.036588451	0.035285911	-0.0057202526	-0.0208649424	-0.0264324644	0.0123475354	0.1072248823	-0.0135807747	0.0390131434	-0.0359317934	-0.0091008487	-0.057480931	-0.029302457	0.0146143407	-0.0348500051	-0.0730347938	0.0078130448	0.010596062	-0.0480539056	-0.0134232776	0.0962998771	0.0872605326	-0.0180700188	0.0262896727	0.0806930319	0.042157004	-0.0513961343	-0.0654939749	-0.0051693786	-0.1142840252	0.0053793242	-0.0121044865	-0.0483432048	0.1291561608	0.0025350182	0.0197672357	0.0221811542	0.0656928409	0.0902046349	0.0362686306	0.0341097905	0.0291273732	0.0922336356	-0.0530008266	0.049865155	0.0183007895	-0.0088981112	0.0190503776	0.0764871926	-0.0513429332	0.0218455271	-0.0388803804	0.0481881737	0.0332842579	0.0508535862	0.0626130353	-0.0377367437	-0.0066234512	-0.013751881	-0.046471562	0.0027526819	-0.011218744	-0.0124495549	0.0028041532	-0.0114884079	0.0296355836	-0.0202220808	0.0660397872	0.0256026301	-0.0032832357	0.007940105	0.0752774039	-0.0329788361	0.0172312011	0.005233491	0.0259538203	-0.0723329498	0.0093696621	-0.0664982077	0.0284097816	0.0265529524	-0.014378272	-0.0148246727	0.0430034984	-0.0882734848	-0.0364149355	0.1186133512	0.1418079826	0.0063233793	-0.0485125612	-0.0568701794	0.1002364899	0.0101507968	-0.0047199537	0.1218934888	0.0420602071	-0.0429018074	0.0197760701	0.0465760614	0.0097428677	-0.0023110711	-0.0432232963	0.0233263692	-0.0096109008	-0.028952796	-0.0598690051	-0.0442726823	0.0192727308	-0.0523451194	0.061638192	-0.0180642125	0.0581490762	0.025613965	0.009720887	-0.0155295135	0.0339233959	0.0136408697	-0.0369811773	-0.0116961786	-0.0311456642	0.0435843265	0.0995611176	0.0291326892	0.0404540309	-0.0415630576	-0.0816395852	-0.0393350228	0.0426618292	0.0816093689	0.0382063093	-0.0437500746	-0.1332423087546175	0.0148885785103089	0.0177535128422608	0.0002216697700576	0.2285890947392346	0.0016519328766406	0.0522529742337027	2.728882228926416e-06	-0.0156919403808473	-0.0216244974201202	0.000246236992916	0.0004676188886727	0.0071012572832217	0.0002678276926632	5.042785500250924e-05	7.173167295729363e-08	0.0032001022948182	0.0002497726670048	1.024065469730071e-05	6.238638518269072e-08	-0.0032259188541527	5.771483745840031e-05	1.0406552453577868e-05	3.3310024628495677e-09	0.0	0.0	0.0	0.0	0.0	0.0	0.0	0.0	0.0	0.0	0.0	0.0	0.0	0.0	0.0
1909.419850222064	1.6408384292999472	3645884.1644220497	2.6923507510675178	2244.6007158684006	4.582905624851719	5038232.373676936	21.00302396629753	2150.926255723811	2.7163760619177992	4626483.757562054	7.378698909760051	2150.009223538125	1357.053421790696	1.036728	26.015833	0.0742966687025639	0.0331291360697301	-0.0118086243	-0.006001963	-0.0096471355	0.0177737537	0.0551499627	0.1043177312	0.0276077985	0.0075420736	-0.0442989466	0.0122907541	-0.0167530397	-0.0639218575	-0.0238214768	-0.0007173336	-0.0312367098	-0.0473140908	0.0323425238	0.0100064134	0.0296893948	-0.0269066988	0.0124412587	0.0240589522	-0.0026048855	0.00781865	-0.0740743321	0.041385926	-0.0336472951	-0.0532080692	-0.0374442246	0.0108118909	-0.0572768845	-0.0038637802	-0.0037536101	-0.0043083167	-0.0263327524	0.1158135557	-0.0722248625	-0.0863983057	-0.0525804543	0.013019287	0.0415091236	-0.1229547079	0.0355711002	-0.0890483456	0.0671682124	0.081069289	0.0838234756	0.0266485222	0.0608656458	0.0533415396	-0.1272369637	0.0005967745	-0.1306190747	0.042862489	0.0875190722	-0.0797778902	-0.0162925616	-0.0272335814	0.0251739811	0.0256402472	-0.1400019937	-0.0116206241	-0.0508375611	0.0470291609	0.0663876988	0.0808521034	-0.0190053218	-0.0125650058	0.0273492296	0.0033561087	-0.0310323539	-0.0078504377	0.032883791	-0.0857765343	0.064340083	-0.0077039119	-0.0111327178	0.045292306	-0.0197419995	-0.0392003263	0.0578829153	-0.0045277596	-0.0833356462	-0.0113890946	0.0126599742	-0.1251043959	-0.0202186189	-0.0762671916	0.0444875153	0.0906387707	0.0633473375	0.0341169195	0.0304929944	-0.0547246457	-0.047032632	-0.0005558395	0.0584909462	0.0185869172	0.0798360722	0.0022975142	-0.0322454609	-0.0424366833	0.0277220933	-0.0477230575	-0.027210007	-0.0050766584	-0.0058171542	0.079404246	-0.0456630576	-0.1674170388	-0.0932268359	-0.0603520325	0.0325385001	-0.0073894052	-0.0349270635	0.091763603	-0.0422012713	0.0079340675	-0.022816075	-0.0318617904	-0.0121376424	0.0561708641	0.0384929054	-0.0326899338	-0.0361769754	0.0346198617	-0.035303223	-0.0559287644	-0.0171414878	0.022448702	0.0797104324	0.0303776641	0.0547222181	0.0044315811	-0.0283296437	-0.0062921751	-0.0520007982	-0.0340068958	0.0634460738	0.0259983497	0.0515247096	0.0397091175	-0.0430257605	-0.0815590168	-0.0363043104	0.0462468756	0.081287294	0.0328188985	-0.049365311	-0.144068157004483	-0.0108258482498654	0.0207556338626683	0.0001171989903291	0.2228357695216516	-0.005753325217583	0.0496557801783066	3.31007510592766e-05	-0.0058440372127819	0.0098479031680654	3.415277094437963e-05	9.698119680759256e-05	0.0073100844990153	0.0002088272157935	5.343733538274377e-05	4.3608806056106776e-08	0.0029459530204547	-0.0002541492743635	8.67863919872617e-06	6.45918536594937e-08	-0.0037203342053366	-0.0004944153511839	1.3840886599397512e-05	2.444465394862995e-07	0.0	0.0	0.0	0.0	0.0	0.0	0.0	0.0	0.0	0.0	0.0	0.0	0.0	0.0	0.0
1905.30893101226	-4.110919209804024	3630202.122595081	16.89965674953574	2247.082937529593	2.4822216611923977	5049381.728136625	6.161424375292746	2149.511765663912	-1.4144900598994354	4620400.830727587	2.000782129554308	2147.9605400037467	1353.1616723848915	1.033959	25.946367	0.094162464075617	0.0476236775937645	-0.0252152315	-0.0386159599	0.024342988	0.0984683942	0.0060712296	-0.0378347052	0.0198295501	-0.0098198829	0.014214694	0.0211346598	0.0706968697	-0.0020430243	-0.0206168369	-0.005189502	-0.0593275295	-0.0366393555	0.0244724671	-0.0011947914	-0.0227866584	0.0181836125	0.0409956924	0.04611921	-0.0311470158	-0.059070463	-0.0270747462	0.0273524353	0.0050132984	0.0251741882	-0.0059581932	-0.0681325952	-0.0379655294	-0.0125428499	-0.0630801224	0.0481844312	0.0298802687	0.0790919391	0.020793763	-0.0089755075	-0.0287218684	-0.0561282775	0.0311430386	0.0622245361	-0.0771524046	-0.0540506082	-0.0476486126	-0.0432686722	-0.0440241468	0.0503066548	0.1047365373	0.0200388759	0.0613307626	-0.0510421736	0.0098715272	-0.0738236475	0.0137934108	0.0232396834	-0.0375790678	0.0134372686	0.0089669983	-0.011148226	0.0748143727	-0.0326765966	0.042714387	0.0061928243	0.0095250577	-0.0070490323	0.073815132	0.0593857909	0.0261878922	0.0074832481	-0.0188973911	-0.0109553048	-0.0876532017	-0.0282396885	-0.0531526326	-0.0381380787	-0.062421231	0.036548852	0.0267233595	-0.0559573072	0.0568595224	0.0287267739	0.0142906787	-0.0364555313	0.0288452728	0.0238690071	0.0089330126	-0.0514003227	-0.0714985343	0.0229967959	0.0029770648	-0.0302853434	-0.0203323326	-0.0513692748	0.0504465236	-0.0512377405	-0.0250879851	-0.071271698	0.0419543895	-0.053044685	0.0420834511	0.0394699237	-0.0011312885	-0.0201230915	-0.0177673083	-0.0940482899	0.1199573936	0.0051458723	-0.0464042249	0.0703051307	0.0160127008	0.0138449992	0.006292509	0.0631471526	0.0675357116	-0.0328651951	-0.0450611943	0.0153289967	-0.029176199	-0.0435098765	-0.0239532582	0.0651336529	-0.0069044797	0.0030691919	-0.0272640477	-0.0627451451	0.0123044285	-0.0757019905	0.024435155	0.1312691719	0.0633296767	0.0696478201	0.0518215967	-0.0343931686	0.008724588	-0.032964443	-0.0346579264	-0.0227545574	0.0693514364	-0.0186955934	0.113151849	0.0389598496	-0.044469591	-0.0813979594	-0.0332099078	0.0497051625	0.0806444153	0.0272552159	-0.0546342852	-0.1679176158896922	-0.0238494588852092	0.0281963257260782	0.0005687966891172	0.2275689057309904	0.0047331362093387	0.0517876068556003	2.2402578376154018e-05	0.0322701133956471	0.038114150608429	0.0010413602185679	0.001452688476602	0.0070331293171582	-0.0002769551818571	4.946490799187017e-05	7.67041727574995e-08	0.0028159653895178	-0.0001299876309368	7.929661074962136e-06	1.6896784196587658e-08	-0.0035779626506778	0.0001423715546588	1.2801816729645308e-05	2.026965957596376e-08	0.0	0.0	0.0	0.0	0.0	0.0	0.0	0.0	0.0	0.0	0.0	0.0	0.0	0.0	0.0
1907.543957719553	2.235026707292945	3638723.950632376	4.995344382312746	2223.2081530021896	-23.87478452740333	4942654.491575408	570.0053362299377	2148.1324116135625	-1.3793540503493205	4614472.8578247	1.902617596215076	2146.206555732392	1338.1609719847274	1.029063	25.823492	0.0500824754266194	0.0268621973038912	-0.038969093	-0.0142757959	0.0040038284	0.0486236271	0.0591837762	0.003299637	-0.080396008	-0.0101210325	0.0187724932	-0.0795971948	0.0701961019	-0.019055884	0.0291538287	-0.0141528885	-0.0862541176	-0.1180517443	0.0243307359	0.0215601974	-0.0523236091	0.0639280609	0.0518110367	0.0519319725	-0.0088041588	-0.0297161942	0.0686833544	0.0487797487	0.0048037164	0.0464933615	-0.0136433661	0.033729856	-0.0139141099	-0.0873298126	0.0345004282	-0.0432575251	-0.042464648	0.0445882509	-0.009631031	0.001452139	0.0047086618	-0.0874240217	-0.0029714126	-0.030292861	-0.1001599013	-0.0235624313	-0.0530555233	-0.0724617051	-0.1020428046	-0.0576659446	0.0539209876	0.057063537	0.0657232518	0.0478195656	-0.0040650417	0.0806395504	0.0404670477	-0.0034261371	0.1040599618	-0.0570778852	0.0174924353	0.091252666	0.0947096298	-0.0542647552	-0.0889149979	-0.0139474828	-0.11198722	-0.0687990707	0.0210775479	-0.0309153175	0.0279733375	-0.0414265309	0.016500837	0.0614068678	-0.02196281	0.0201263936	-0.0623131603	-0.0520775492	-0.0178174333	0.0326985271	-0.0091697677	-0.0630673371	0.0803954523	-0.0470614818	0.0055589243	0.0725733104	0.0797674838	-0.0316797443	-0.0164472173	-0.0910077572	-0.0554951437	0.025977621	-0.0231762103	-0.0136130453	-0.028648827	-0.0431733299	0.0580092887	-0.0032681927	0.004036838	-0.0399402727	-0.083848053	-0.0443047132	0.0844130572	0.0261659185	-0.1698899657	0.0018306737	0.1700749959	-0.0071442671	-0.0402551724	0.0406278015	-0.0389016425	0.0204380049	0.0270610232	0.0477489783	0.0203676812	0.024574484	-0.0269386833	0.0688102556	-0.0639329761	0.0126329296	-0.0290273608	-0.0517090292	0.0116578379	0.0462643131	-0.0407358122	-0.0223613768	-0.0441524232	0.0058164526	-0.0537793623	0.0490412337	0.0126675371	0.0876217003	0.0525886422	0.0170760731	0.0057560373	-0.0069106417	0.0128882582	-0.0129818633	0.0177326455	0.0037089081	0.0666973804	-0.0227177411	0.0080262177	0.0382063093	-0.0458939156	-0.0811565722	-0.0300572439	0.0530272111	0.0796832699	0.0215451443	-0.0595200392	-0.163705853814406	0.0042117620752862	0.0267996065731036	1.773893977881913e-05	0.2317706161386894	0.004201710407699	0.0537176185053077	1.7654370350166188e-05	0.0071712041430629	-0.0250989092525842	5.1426168861482494e-05	0.0006299552456694	0.0070970747565562	6.39454393979999e-05	5.036847010014724e-05	4.0890192198032785e-09	0.0029463676475722	0.0001304022580543	8.681082314660139e-06	1.700474890568629e-08	-0.0037150168270464	-0.0001370541763686	1.38013500252379e-05	1.878384726007532e-08	0.0	0.0	0.0	0.0	0.0	0.0	0.0	0.0	0.0	0.0	0.0	0.0	0.0	0.0	0.0
1905.937165713961	-1.6067920055920697	3632596.4796497663	2.581780549234585	2228.3313159364643	5.12316293427466	4965460.453583134	26.246798451125745	2149.9308984751565	1.7984868615940286	4622202.868218194	3.2345549913263385	2147.714754852359	1345.34997872672	0.938873	23.560265	0.0531161830314422	0.0305191083056939	-0.0323156131	0.0016252922	-0.0330476345	0.0223488554	0.0685398589	0.0860470196	0.0447554963	0.0071128777	0.0273959407	0.0175030007	0.0902893693	0.0452974394	0.0771471028	-0.0030633823	-0.0436984405	-0.0304429197	0.0203095787	0.0364037667	-0.0337915747	0.0575663544	-0.0145211672	-0.0107436386	-0.0593669477	-0.0917895738	0.0641792782	0.0334714169	-0.0395906667	0.0381671696	0.0024034161	0.0978594805	-0.0098309985	-0.0037999271	-0.0087589022	0.0581541204	0.0647345782	0.022167461	0.0942543566	0.0834764914	0.1212578131	0.0436114903	0.0135409611	-0.0575438319	0.0114057766	0.0426261453	-0.0055656399	0.0703626444	0.0338280359	-0.1264891056	0.0493452232	0.0461214826	0.0239791617	0.0476139685	0.0248992941	-0.0374453613	0.0462901249	0.0106410639	-0.0283619349	-0.0726498301	0.0418785465	-0.0230386383	-0.0410890456	-0.0011404273	0.0194221514	0.0017776942	-0.0212485276	0.0377415106	0.0091069761	0.0307184764	0.0149611519	-0.0496495029	0.0228418587	-0.0141832029	-0.0056495985	-0.0867181335	-0.043629885	0.0448706547	-0.0540779277	-0.0869620227	-0.0088778754	-0.0158208996	0.0436909876	-0.0062500149	-0.0076307967	0.1012725168	0.0774503516	-0.0269910844	0.0711433423	0.059999856	0.0070229791	0.0182926594	0.0529632059	-0.0045365211	-0.0734791486	0.0784760539	0.0359426653	0.0241764841	0.0499656827	-0.019927165	0.0395383726	0.0331556016	0.054226897	0.0079861133	0.0054430082	-0.0012401903	-0.0329680541	0.0387481699	0.0085722468	-0.1072351932	0.0475118715	0.0373513447	-0.0284179378	-0.0586003453	0.0311581359	-0.0292003714	-0.0145533048	0.0321678476	-0.0702301201	0.0135166177	-0.0335017428	-0.0547513769	0.0216555211	0.0025819185	-0.0176812622	-0.057813643	-0.0438078654	0.0221472532	-0.0306129959	-0.0731589408	-0.0234102995	0.0337838739	0.0413526739	0.0265610099	0.0283838068	0.0277382019	0.037968644	-0.0377682503	-0.0628773904	0.0002509896	0.0762643421	0.0860372573	0.018321191	0.0374485793	-0.0472981097	-0.0808350932	-0.0268518493	0.0562039158	0.0784076511	0.0157193527	-0.0639883028	-0.1385770714356056	0.0251287823788003	0.0192036047276689	0.0006314557038411	0.228937506478644	-0.0028331096600454	0.0524123818726591	8.026510345842605e-06	0.0137151321492794	0.0065439280062165	0.0001881048498721	4.282299375054465e-05	0.0070274534383426	-6.962131821359931e-05	4.938510182807324e-05	4.8471279497992554e-09	0.0030477065167335	0.0001013388691613	9.288515012139844e-06	1.0269566402891098e-08	-0.0035137697546937	0.0002012470723527	1.2346577889000225e-05	4.0500384130532914e-08	0.0	0.0	0.0	0.0	0.0	0.0	0.0	0.0	0.0	0.0	0.0	0.0	0.0	0.0	0.0
1908.346713444008	2.409547730047052	3641787.1787125454	5.805920263374901	2238.1732015898733	9.841885653409008	5009419.280315064	96.86271321477804	2149.85645629569	-0.0744421794665868	4621882.782676262	0.0055416380837355	2146.7334240607497	1347.7152574045358	1.091717	27.395742	0.1301500014891517	0.0867199805855307	-0.0316233868	0.0018547784	-0.041196541	0.0722457786	-0.0251086179	-0.0440755159	0.0241881869	-0.0161188164	0.0692715615	-0.0429755127	0.0233095477	-0.045966203	0.013560479	-0.009320656	-0.0632712481	0.1112086686	0.0300319348	0.0454388753	0.0360661957	-0.0540345494	-0.0836782965	-0.0151801837	0.0343193686	0.0171539985	0.0084047722	0.0270579318	0.0505774773	-0.0741952736	0.0300355757	-0.0963549655	0.0111733049	-0.0065065068	0.0069438148	0.0206141218	0.0205287915	-0.0088051783	-0.0308980592	-0.0569704976	-0.0288363242	0.0096999412	-0.0039852524	0.0311124961	0.079948288	0.0098671137	0.0420459671	-0.0437177468	0.0012910602	0.0027932945	0.0242170414	0.0161328051	-0.0639325715	-0.0248807135	0.0409021698	-0.0185520671	0.0308171922	-0.0156635868	-0.0388289069	0.0497800703	0.1718078836	-0.0355783286	-0.0602563533	0.0892363314	0.002344942	0.0293679882	-0.038461098	-0.0956193716	0.0051884173	0.03323207	0.0318180491	-0.0138522436	-0.0497640593	-0.0509936327	-0.0090677006	0.069575951	0.012584116	0.024596213	0.0488884173	-0.0188642017	-0.0048298424	-0.0498912504	-0.0179442819	0.0920159536	0.0188844689	-0.1146316685	-0.0237949644	0.0474811449	-0.0105124281	0.0275573578	-0.0001405045	-0.0153994489	-0.0412877538	0.04271195	-0.0200895458	0.0137684586	-0.092975605	0.0390338033	0.0049268884	0.0121554271	0.0499706341	-0.0087319124	-0.0319472247	-0.0833056552	-0.0044580654	0.0607823706	0.0302495825	-0.00083248	0.1127356681	-0.0032727182	-4.73032e-05	-0.0005502684	0.0195862532	-0.0942842896	0.0319583316	0.0154099968	0.0633117097	0.0758301946	0.007241078	0.0096091859	-0.050599133	-0.033255961	-0.028821906	0.0173883837	0.0469092789	-0.0018202294	0.0092228317	-0.0793847709	0.0684921657	-0.0022604031	-0.040329582	0.0108382331	0.0223337364	0.0336390402	0.026919284	0.0420252308	-0.0289241967	0.0425787864	0.0551980894	0.0348083295	-0.0194517336	-0.0303356678	0.0394567429	0.0366867426	-0.0486815572	-0.0804338397	-0.0235993474	0.0592265694	0.0768225931	0.0098091318	-0.0680077345	-0.1261922593920275	0.0123848120435781	0.0159244863304647	0.0001533835693547	0.216367967133209	-0.012569539345435	0.0468150972013574	0.0001579933193564	-0.0685185508716443	-0.0822336830209237	0.0046947918135501	0.0067623786231857	0.0071340007801952	0.0001065473418525	5.089396713182572e-05	1.1352336055854684e-08	0.0030786658900696	3.095937333609999e-05	9.478183662678044e-06	9.58482797364019e-10	-0.0031920371282981	0.0003217326263955	1.018910102843358e-05	1.035118828874106e-07	0.0	0.0	0.0	0.0	0.0	0.0	0.0	0.0	0.0	0.0	0.0	0.0	0.0	0.0	0.0
1913.889949883168	5.543236439159955	3662974.740263795	30.72747022043073	2235.6460219874525	-2.527179602420801	4998113.135628321	6.386636742891761	2150.676020212836	0.8195639171462972	4625407.343918524	0.6716850142881826	2147.961463720293	1354.368580494244	1.106638	27.770166	0.0488176009136856	0.0246685936926794	-0.0371887225	-0.0094479105	0.0052187276	0.0351283217	0.0572573361	0.0378608858	-0.0669552091	-0.0115242295	0.0428371183	-0.0163665514	0.0332012074	-0.0518507084	-0.0433664401	0.003013871	0.0195754904	0.0141615561	0.021023708	0.0324830272	0.0104219486	-0.022774344	0.0398983327	-0.0478900195	0.0484877884	0.0665351806	0.0301070131	-0.0238772556	0.0355105916	-0.029362485	-0.0059857386	-0.0688132279	0.0657956326	0.0287144041	0.0520300705	-0.0034030708	-0.0201160494	0.0090203808	-0.0234935834	-0.0658003934	0.0153056144	0.0692640379	-0.0081246969	-0.1006509887	-0.0634337009	0.0331742434	-0.0233988351	0.0158333605	-0.0391216676	-0.1009239755	0.0222187686	0.0009141723	0.0690628398	-0.0241509767	0.0015483428	0.021729227	0.0120239559	0.0061474098	-0.0751052752	0.0426936507	-0.0249977144	0.0138564165	0.0005127075	-0.0171642652	0.0076752777	-0.0275546426	-0.0964406206	0.0228084635	0.0252293794	-0.0119830352	0.0238046923	-0.0494396395	-0.0028780031	0.0871962762	0.04917081	0.0621017628	0.0400824287	0.0336120383	-0.0113512619	0.0270701125	0.0050474955	-0.0009728721	0.0429355352	0.0250727033	-0.0458704876	-0.0429245562	0.0347987922	0.0271180818	-0.0859621852	0.0440091861	0.0224095178	-0.0074922858	-0.0202897859	-0.0395948786	0.0231813391	-0.0053652798	-0.0355331579	0.0252992058	0.0321961196	0.0468486765	-0.0552854041	-0.010550117	-0.0212787127	-0.0630199546	-0.0646396766	0.0155860213	0.01204668	0.044316598	-0.0250218458	-0.0615423915	0.0824695989	-0.0219684766	0.0273713068	-0.0397884677	-0.0345725306	0.0950946019	-0.0017438356	-0.0123843162	0.0131812853	0.0103634205	-0.0461834981	-0.0457887334	0.000405798	0.0283153282	-0.052839034	0.0288659378	-0.0181878968	0.0450577937	-0.0103814152	0.0926333508	-0.058355027	-0.0371941791	0.0281738502	-0.0044846927	-0.0141938699	0.0284927916	0.0177058821	0.0477736548	-0.0202422121	0.0615493743	-0.0616653982	0.0149111282	0.0649348351	0.0359208828	-0.0500436514	-0.0799532077	-0.0203054443	0.0620868871	0.0749343514	0.0038462256	-0.0715501408	-0.1166972001306163	0.0094950592614111	0.0136182365183251	9.015615037771058e-05	0.2209502882470388	0.0045823211138298	0.0488190298764495	2.0997666790250445e-05	-0.0460224600730896	0.0224960907985546	0.0021180668311791	0.0005060741012168	0.0071149432637302	-1.9057516464999515e-05	5.062241764609976e-05	3.631889338137276e-10	0.0029493532650584	-0.0001293126250111	8.698684682110647e-06	1.6721754987287184e-08	-0.0032885495816197	-9.651245332159986e-05	1.0814558350771104e-05	9.314653646153993e-09	0.0	0.0	0.0	0.0	0.0	0.0	0.0	0.0	0.0	0.0	0.0	0.0	0.0	0.0	0.0
1908.7258288652035	-5.164121017964362	3643234.2897771583	26.66814588818128	2242.3355551054983	6.6895331180458015	5028068.741690284	44.74985333743158	2148.34752099986	-2.328499212976112	4615397.070986244	5.421908584830374	2145.9667269788697	1355.0855104283312	0.985338	24.726263	0.0732184596545529	0.0379512091205627	-0.0610744424	0.0080361709	-0.0551147713	0.0204903875	0.0458288474	0.090952068	0.0617816365	-0.0124796116	0.0772260169	0.0613933559	0.0539763845	0.0034447393	0.021119426	0.0066998986	-0.0434342038	-0.041089723	0.024776217	0.0171549483	-0.0474527665	-0.0066839853	0.0184438065	-0.0321728624	-0.0199064618	-0.0678932222	-0.047225707	-0.0149304164	-9.34087e-05	-0.0514325696	-0.0298835886	0.0363143621	0.0062871391	0.0156967733	0.0399256618	0.0660493222	0.0202783551	-0.0933916394	-0.0094926186	0.020935427	-0.0263628501	-0.0395867434	0.0559882283	0.0331448071	0.0166936007	0.0285040165	0.0430625287	-0.0163031067	0.0645247684	0.0183807219	-0.0896118826	-0.0173351421	0.0029661923	-0.0512887538	-0.0089770249	0.0256197566	0.0339359949	0.1291284508	-0.0385432234	-0.102920562	0.0031291285	0.0395577549	0.0077534524	0.0495001384	0.0496191105	-0.0278829881	-0.0090314657	-0.0002271168	0.0489011731	0.027829465	0.0221912939	-0.0421518796	0.0412192988	-0.0151083673	-0.019328362	-0.0740060465	0.034086795	0.0580666622	-0.0169988174	-0.0514800161	0.0348723642	0.0398809217	-0.0319625182	0.0297105199	-0.0441212224	0.0359587843	-0.0166334545	0.0006790534	0.0439475196	0.0378637614	0.0830065969	-0.0423798359	-0.0395151973	0.0506874604	0.0156937874	0.028074473	-0.0144310092	0.0246554976	0.0576526966	-0.0922383681	-0.0173323449	0.050745693	-0.0527227996	0.0719964471	0.0866821564	0.0493111553	-0.0197107221	-0.044559724	0.029911673	0.0697040856	0.0192174501	-0.0142575756	0.060579715	0.0575928912	-0.028525757	-0.0057953739	0.0308730783	0.0361314677	-0.0217414467	0.0134318946	-0.06811546	-0.0588486865	0.0235567439	-0.0295082704	-0.0275565469	-0.0416042675	-0.0122804369	0.0169895569	0.0137685426	-0.0634095847	-0.0481667421	-0.0156342572	0.0149994443	0.033323826	-0.0047488664	0.0340924204	0.0176704246	-0.016686422	-0.0677920554	0.0073636809	0.0232863014	0.0197230394	-0.0109646224	0.0351510839	-0.0513837948	-0.0793936715	-0.0169759185	0.064777029	0.0727503781	-0.0021373389	-0.0745906743	-0.118758019520996	-0.0020608193903797	0.0141034672005492	4.246976559764984e-06	0.2128882357150132	-0.0080620525320256	0.045321400905851	6.499669102914046e-05	-0.021411497582882	0.0246109624902075	0.0004584522287417	0.0006056994746944	0.0072972808222733	0.0001823375585431	5.3250307399117696e-05	3.324698525545845e-08	0.0031858351392379	0.0002364818741794	1.014954553440297e-05	5.5923676815448784e-08	-0.0029376765095035	0.0003508730721162	8.629943274488666e-06	1.231119127362601e-07	0.0	0.0	0.0	0.0	0.0	0.0	0.0	0.0	0.0	0.0	0.0	0.0	0.0	0.0	0.0
1908.667311232423	-0.0585176327806493	3643010.904967207	0.0034243133462509	2243.521402532404	1.1858474269056387	5033388.283620965	1.406234119898724	2144.474019577693	-3.87350142216701	4598768.820643708	15.004013267529848	2142.300664937721	1355.965559940157	0.943794	23.68375	0.0308405112179354	0.0164826819238065	-0.0641389151	-0.0035854331	-0.0637148982	0.0642787368	-0.0110745333	-0.0430039167	0.0202982703	-0.0304511497	0.0965135362	0.0177291533	0.0137745649	0.0225416974	-0.0051690472	-0.0348223532	-0.0332591055	0.0286656757	0.0335178332	0.008159275	-0.1133791293	0.0070782952	-0.0237485528	-0.0258500598	-0.0010486699	-0.0742104901	-0.0570985843	0.0181225895	0.0010018883	0.0049506607	-0.0531317468	-0.0221127199	-0.006534028	-0.0570673001	0.0080008602	0.0002604148	-0.0050828147	-0.0377756373	0.057507425	0.0207177554	0.0654761501	0.0386236382	0.0737044814	0.0298098249	0.0138628052	-0.0099563208	0.0810322577	-0.0132139161	0.0547002004	0.1152519053	-0.0402233654	0.107822821	0.042050017	0.0392909962	0.0395885593	-0.0541381164	-0.1012286272	-0.0425107722	-0.0024188244	-0.0193613529	-0.1049235482	-0.0160172366	-0.063903905	0.0523565302	-0.0577132666	-0.046390481	-0.0335285775	0.0705345245	0.0465537921	0.0762192523	0.0345744114	-0.0504838995	0.0585627091	-0.0642640548	-0.0897809009	-0.0062867161	-0.0068686368	0.0389509053	0.0084675661	-0.0061157861	-0.0149928401	0.0058453192	-0.060336122	0.0058797237	0.0146347269	0.0180482947	0.0099318053	0.1390507728	-0.0126810919	-0.0029618138	-0.0912467437	-0.0572252939	0.013488698	0.0380211611	-0.0059713904	-0.0401315764	-0.010297508	0.0807135415	0.0250356311	-0.0715853121	0.0568959444	0.0276731048	0.0693375253	0.0936673933	0.0329608697	-0.0102170984	-0.0477150728	-0.0091615348	-0.0530332622	0.0672258683	-0.0371511217	0.0225218567	-0.0847932932	-0.0185290194	-0.1247716328	-0.0489517357	-0.0341609912	0.0556363475	-0.0945615895	0.0146137097	-0.07087435	-0.0548721097	0.0003581582	-0.0046944302	0.0031176304	-0.0274361609	0.000514212	-0.05548629	0.0579759918	-0.0795849482	-0.0348561169	0.0216889649	0.0057395791	0.0388424187	0.0005644781	0.024297978	-0.0135616156	0.0057340774	0.0056497518	0.0501040915	0.0049414508	0.0129986888	0.0252230954	0.0343774302	-0.0527013995	-0.0787557834	-0.0136166111	0.0672896215	0.0702792922	-0.0081094236	-0.0771080077	-0.1287097895311717	-0.0099517700101757	0.0165662099211585	9.903772633543258e-05	0.2199199645983185	0.0070317288833053	0.0483647908289256	4.944521108831007e-05	-0.0252247021484564	-0.0038132045655744	0.0006362855984783	1.4540529058917452e-05	0.0073410053965214	4.3724574248099786e-05	5.389036023175632e-05	1.911838393177591e-09	0.0031782252157925	-7.60992344540001e-06	1.0101115522299284e-05	5.7910934844848744e-11	-0.0030872181669876	-0.0001495416574841	9.530916010578275e-06	2.236270732309193e-08	0.0	0.0	0.0	0.0	0.0	0.0	0.0	0.0	0.0	0.0	0.0	0.0	0.0	0.0	0.0
1913.8409416393736	5.173630406950679	3662787.149895084	26.76645158772465	2253.290401574337	9.768999041933055	5077317.633827037	95.433342281289	2149.133157529071	4.659137951377943	4618773.328790875	21.70756644997025	2147.6261765582008	1339.3951177121342	0.857707	21.52347	0.0700364688815689	0.0347370435876389	-0.0747319646	-0.0098849071	-0.0465346746	0.0747307305	-0.0046684174	-0.0392760167	-0.0135341072	-0.0151312827	0.0827577767	0.0227491423	-0.0367917344	0.0280709086	-0.0401710928	-0.0317923022	-0.0297669806	-0.0030000868	0.0137029259	0.0362593623	-0.0293113249	-0.0409726295	0.0198820514	-0.0215903563	-0.027323874	-0.0088152771	-0.0267188729	-0.0158690288	0.0298509485	0.019360441	0.0388935867	-0.0184839364	0.018919297	-0.0926867464	-0.1329419672	-0.0201396376	0.0225580858	-0.0624799111	0.105632495	0.054648162	0.035530007	-0.0169747555	-0.0971577055	-0.0420433504	-0.1102926674	-0.0588334246	-0.0228608978	-0.0170667084	-0.0444796358	0.083005469	0.0216587604	-0.0012889048	-0.0058751192	-0.0528409695	0.022225826	0.0893071911	0.0167422277	0.0205872931	-0.0156734812	-0.086422319	-0.0180494346	-0.125862635	-0.0435590516	0.064439934	0.0144885261	-0.1973113971	0.1059036198	0.1510803367	-0.0040285599	0.0354794608	0.0124726827	-0.0299885134	-0.0083325779	-0.0493023889	-0.0593782896	0.0166311372	0.0294609641	0.013949278	-0.038055267	-0.0065055667	-0.0099971265	-0.003014381	-0.0772400743	-0.056213679	-0.0708253666	-0.0014539259	0.0438274746	0.0236617147	0.0197555098	0.0508303969	-0.1271703391	-0.0258529025	-0.0200222227	-0.0457127809	0.0322235374	0.0581916194	0.0685044151	-0.0467065253	0.0629212879	0.0052500888	0.036664919	-0.0028753893	0.045262614	-0.1126864086	0.0145553044	-0.0430908559	-0.0824536864	-0.0207237582	0.0494807035	0.050946257	0.1253049222	-0.0018897316	0.0506727105	-0.0155669829	0.0615961558	-0.1491153722	0.0448696314	-0.1341584315	-0.0697855753	0.0125268688	-0.0830562275	-0.0453733779	-0.0065005295	0.0280296613	0.0352656831	-0.0152773275	-0.0073487291	-0.0528963357	0.0664948574	-0.0515426203	-0.0535155171	0.0235096464	0.0023625258	-0.0089436155	0.0044164769	0.0369987887	-0.0205217693	0.0279386863	-0.0192338223	0.0493722117	0.0225060807	-0.0325991575	0.0672321013	0.0336000067	-0.0539958877	-0.0780401729	-0.0102334157	0.0696177779	0.0675308461	-0.0140379523	-0.0790844839	-0.1074999388007569	0.0212098507304148	0.0115562368421664	0.0004498577680064	0.2133775492648197	-0.0065424153334988	0.0455299785302605	4.280319839600032e-05	-0.0462251675643017	-0.0210004654158453	0.0021367661163477	0.0004410195476821	0.0072888668782636	-5.2138518257800574e-05	5.312758036904815e-05	2.7184250861190037e-09	0.0029492762411624	-0.00022894897463	8.698230346685016e-06	5.241763298417408e-08	-0.0032318054221359	-0.0001445872551482	1.0444566286547004e-05	2.0905474351319574e-08	0.0	0.0	0.0	0.0	0.0	0.0	0.0	0.0	0.0	0.0	0.0	0.0	0.0	0.0	0.0
1915.8095333711285	1.968591731754941	3670326.168155701	3.8753534063339177	2256.254779237689	2.9643776633520247	5090685.628832913	8.78753493098041	2152.445487760333	3.312330231261967	4633021.577779817	10.971531560931956	2150.367789950261	1360.1042701541105	0.863863	21.677935	0.0580974291954208	0.0323919725825153	-0.0737202582	-0.029489422	-0.0031502385	0.0954620816	-0.0227105704	-0.0582372253	-0.0336248799	-0.0204028291	0.0878200755	0.0608202505	0.02054666	-0.0040949228	-0.0324617213	0.0221440696	-0.0416074088	-0.0470469999	0.0099747774	0.0305370986	0.0286391007	0.0161721983	-0.0222705938	-0.0379272647	0.0203769305	-0.0121004833	0.0014313362	-0.0080461396	0.0417134417	0.0016615844	0.0112472619	-0.0760027564	0.0279692963	0.0198363946	-0.0394007498	0.0518504572	-0.0794705577	0.0626310658	0.0361520222	0.0789257238	0.0538353828	-0.0569929965	-0.0487888426	0.0446912289	-0.0231658588	0.0563583048	0.1079518121	-0.0363131414	-0.0668336366	-0.0222541903	-0.0431052576	0.0263668475	0.1130566259	-0.0986458269	0.0267217799	-0.0751922355	-0.1158427333	0.0082009967	0.0382198533	0.0303760834	-0.0585912426	-0.066964083	-0.0776621133	-0.0288880625	-0.0025009927	0.0123474044	-0.0298176771	-0.1101136708	-0.0039733058	-0.0030826488	0.0115251928	-0.0103749809	-0.0494193053	-0.011873905	-0.0319769937	0.0466212667	-0.0557233077	0.0624322441	-0.0415689237	-0.001763476	-0.0048007817	-0.0156118768	0.0032262947	0.0624715891	-0.039773404	-0.0308549826	0.0001141234	0.0255343976	-0.0447426593	-0.0050900064	-0.1138538265	-0.0439654059	0.0346267621	-0.0190350277	0.0260018389	0.0096215661	0.0191803961	-0.0540114515	-0.0601270123	-0.0987876707	-0.0104215261	0.0563841754	-0.0237077551	-0.0827622231	0.0081480601	0.0724261843	0.0134098047	-0.0476598104	-0.077511296	-0.0095180061	0.106826292	0.0449993365	-0.0537593222	-0.0576568272	-0.101405516	0.0144989623	-0.0353381017	-0.0364495664	0.0731017479	0.0125052151	-0.0790684055	-0.0539041978	-0.0073570244	0.0595486721	-0.0256424711	0.049479211	0.0108402097	-0.0654024731	0.0670507887	-0.0207667459	-0.0201426391	0.0287874321	-0.0221644191	5.95245e-05	0.0094802433	-0.0003422429	-0.0095907283	0.0114629461	-0.0172865199	0.0607637842	-0.0751102038	-0.0162746827	0.0666205081	0.0328188985	-0.0552666915	-0.0772475461	-0.0068322673	0.0717551168	0.0645158866	-0.0198910824	-0.0805062393	-0.1319901957398457	-0.0244902569390887	0.0174214117714427	0.0005997726849425	0.2188746375154124	0.0054970882505926	0.0479061069475031	3.0217979234804272e-05	-0.0427677295580224	0.0034574380062792	0.0018290786915481	1.1953877567264558e-05	0.0070051693463759	-0.0002836975318876	4.907239757140455e-05	8.048428959917255e-08	0.0029489983870811	-2.77854081300391e-07	8.696591487006929e-06	7.72028904952843e-14	-0.0034408829561561	-0.0002090775340202	1.1839675517965544e-05	4.371341523196799e-08	0.0	0.0	0.0	0.0	0.0	0.0	0.0	0.0	0.0	0.0	0.0	0.0	0.0	0.0	0.0
1912.6855005734524	-3.1240327976761364	3658365.824103918	9.759580920956187	2256.060666170987	-0.1941130667019024	5089809.729443878	0.0376798826644172	2150.8353247948967	-1.6101629654363023	4626092.594385569	2.592624775262627	2149.6573167716933	1360.6688603697933	0.912681	22.902987	0.0609742004105629	0.0313275963582212	-0.0909447121	-0.01658636	-0.0185023201	0.0359372186	0.0284993989	-0.0325838167	-0.0272223059	-0.0105836097	0.1037850283	0.0197513904	0.0452036785	-0.0208396548	-0.0149179903	0.0299391349	-0.0615147789	-0.0323870531	0.019743647	0.0231705895	-0.0047164132	0.0203317073	0.0198456012	-0.0657453225	-0.0185227213	-0.0383850028	0.0191510986	-0.0685194585	0.0227578642	0.0053608479	-0.012391913	-0.0041751024	0.0402566744	0.0486661733	0.0069129936	0.0204039959	-0.0241705553	-0.0145176225	0.0091541937	0.0473433407	-0.0768731125	0.0212015555	0.0086853008	0.0548119728	-0.032915767	-0.0442054091	0.0615961317	0.0429665466	-0.0497118502	-0.016545077	-0.0537281751	-0.0214154079	-0.0017764189	0.0924712543	0.003683197	-0.0422109842	0.1318323833	0.0398296764	-0.0429686078	-0.0670500793	-0.0644908848	0.0269188782	-0.0576190143	-0.0645739724	-0.0503832993	0.0278077255	0.0324198234	-0.0264569567	0.0265629341	-0.0120964598	0.0197694623	-0.0207684326	-0.010269088	0.0180277097	-0.0118521728	0.0225978702	-0.0408596255	0.071957666	-0.0789279186	-0.0191517936	0.0262027219	0.0395545984	0.0182159692	0.0463753661	-0.0075666114	0.0116068562	-0.0228958593	-0.0193756084	-0.0390073918	0.04048962	-0.0035630794	-0.0512656897	0.0004711429	0.0276474883	0.0526815879	-0.0430251244	0.0640128543	-0.068001495	0.0261976361	0.0117683315	-0.0013214027	0.0687432022	-0.0373020741	0.0719921488	-0.0381091615	0.0501749157	0.0067458151	-0.0002291342	0.0355247803	-0.0486771133	-0.0434035398	-0.0439242163	0.0449672397	0.0371854611	-0.0207806382	-0.0437089819	-0.0599097426	-0.0547522728	-0.0616456928	0.0159825922	-0.0947138991	-0.0570421109	0.0115247961	0.0308828354	-0.0174429133	-0.0016579561	-0.0244801229	-0.0209986139	0.0059314832	0.0415891559	-0.0217133877	0.0343554336	-0.0178899955	0.0328637842	0.0296214564	0.0089184996	0.0366867317	-0.0298699359	-0.0436644525	-0.0149016024	-0.0252848028	-0.0197819229	0.0307093673	0.0320341914	-0.0565132535	-0.0763786853	-0.0034191328	0.0736957799	0.0612463124	-0.0256373767	-0.0813633012	-0.1238732225710634	0.0081169731687822	0.0153445752701402	6.588525342273166e-05	0.2340150040572695	0.0151403665418571	0.0547630221239238	0.0002292306990217	-0.0348270404046289	0.0079406891533935	0.0012129227433456	6.305454423082119e-05	0.0070011635833986	-4.005762977299897e-06	4.901629152150672e-05	1.6046137030306532e-11	0.0033870452245559	0.0004380468374748	1.1472075353186926e-05	1.9188503182167398e-07	-0.0032874121256776	0.0001534708304785	1.0807078484052116e-05	2.35532958077606e-08	0.0	0.0	0.0	0.0	0.0	0.0	0.0	0.0	0.0	0.0	0.0	0.0	0.0	0.0	0.0
1903.614741373495	-9.070759199957363	3623749.083574479	82.27867246361117	2245.0075369170218	-11.05312925396538	5040058.840814233	122.17166630486528	2148.126593817782	-2.708730977114556	4614447.863067186	7.337223506379975	2145.1527308977875	1379.5641845569476	0.936738	23.50667	0.0539810216045986	0.0230419319524239	-0.0955178876	-0.0165428705	-0.0159893695	-0.0133223767	0.087998417	0.0345482295	0.0299911011	0.0169828338	0.0559185639	-0.0290655263	0.0514422266	0.0365809524	0.0656532011	0.0509547519	-0.0046348361	-0.0007249706	0.0329190796	0.0015606679	-0.0129867897	0.0221378452	-0.0353363595	-0.0532008665	-0.0120051884	-0.0072166705	0.0098195293	-0.0330396906	-0.0086600456	-0.0040494102	0.004547708	-0.069358079	-0.0097844487	-0.017606872	-0.0006044246	0.0693920585	-0.0494515284	0.0178578124	0.0597579638	0.0358340055	-0.0797664503	0.0876252885	-0.0901738738	-0.0008541634	-0.0228853278	-0.0245633181	0.0012217934	0.0404820196	0.0362599701	-0.0837411744	0.035419647	0.0040416621	-0.0466449366	-0.023495296	-0.0005912849	-0.0486562163	-0.0070213376	0.0490825523	-0.022387555	0.0759059428	-0.048797758	0.1503525165	0.1151759331	0.0406549759	0.1092741868	-0.0700701504	-0.0139638638	0.072678415	0.0201866559	0.0342414284	0.0297322768	-0.0263031645	0.02772098	-0.0113063793	0.0223676694	-0.0284157006	-0.011710425	0.048703763	-0.0251385786	-0.0493926085	-0.0240744612	0.0075299579	0.0294406048	0.0351091098	-0.0627490334	-0.0576442273	0.0017875205	0.0076323166	-0.0076307692	-0.0227561471	-0.0168331787	-0.0504766093	-0.0215767931	-0.0037227006	0.0121585907	-0.0067554416	0.0040674427	-0.0432277666	0.0006783125	0.1131146252	-0.0081593664	0.023477161	-0.0327255664	0.0368563991	0.056359547	-0.0382792259	-0.0589101482	-0.0023935401	0.002135318	-0.0549270785	0.0373559276	0.0117323206	-0.0589882373	0.107597147	0.1279875685	0.1178622178	-0.0603031935	-0.0136555387	-0.0308706414	0.0177325286	-0.1011867158	-0.0596200676	0.0168533293	0.0492113009	-0.0308004551	0.0145240739	-0.0270838794	0.0239716531	-0.0024113762	0.030150752	-0.0248331114	-0.0411236865	-0.0040687912	0.0854320875	0.0543662794	-0.030176201	-0.0135481784	-0.0463691383	-0.0357968277	0.0116761665	-0.0463390944	0.0369582522	0.0105479713	0.0312459714	-0.0577350269	-0.0754344479	-0.0	0.0754344479	0.0577350269	-0.0312459714	-0.0816496581	-0.1271886289098773	-0.0033154063388139	0.0161769473239744	1.0991919191447484e-05	0.2206738902939804	-0.013341113763289	0.0486969658574797	0.000177985316445	-0.0305736611183533	0.0042533792862756	0.0009347487541799	1.809123535291835e-05	0.0072319176951402	0.0002307541117416	5.230063354928194e-05	5.324746008565483e-08	0.0035522172153492	0.0001651719907933	1.2618247145023226e-05	2.728178654262206e-08	-0.0035529084674671	-0.0002654963417895	1.2623158578199418e-05	7.048830750360721e-08	0.0	0.0	0.0	0.0	0.0	0.0	0.0	0.0	0.0	0.0	0.0	0.0	0.0	0.0	0.0
1897.8124732503964	-5.802268123098656	3601692.1836247863	33.66631537232681	2220.8535743482184	-24.15396256880331	4932190.598695258	583.4139077751513	2139.528607444469	-8.597986373313233	4577582.662073269	73.92536967568005	2134.431333625841	1327.9249481582867	1.124885	28.228065	0.0760347132151423	0.0413061976148578	-0.1247843971	-0.0035305746	-0.0567544332	0.0671705471	0.0116925994	-0.0154655242	-0.0882786786	-0.0424010065	0.1623188103	-0.0462016225	0.002040038	0.0897993512	0.0611658297	0.0516901042	-0.0893945943	-0.0025238682	0.0594481524	0.0126995538	-0.1545104534	0.0704785458	0.0379068766	-0.0525023737	0.0097362423	-0.0196084175	0.0254961951	0.0379437427	0.0479257074	0.0357833145	-0.122181913	-0.0462337379	0.0219488586	0.0162303868	0.0349175353	0.0847172906	-0.0342116209	-0.019287948	-0.0095262708	-0.0020014326	-0.0208386311	0.0666046726	0.0640791302	0.0391982089	0.0899424318	-0.0080968225	-0.0360477659	-0.0070669755	-0.0066185973	0.0374172267	-0.019906822	0.052136044	-0.0809325779	0.0282716583	-0.0946564059	-0.0046379072	0.0298372676	0.0651118551	0.0400419782	0.0486172704	0.0484136265	-0.0567730323	0.0660634593	-0.0078255394	0.0057633568	-0.0210798021	-0.1040880934	-0.0693178562	-0.0390747074	0.0048691633	0.0631983238	-0.0824992485	0.1058493553	0.010553619	-0.0958062433	0.0608719904	-0.093031617	0.027479022	-0.0483109893	0.0030683531	-0.0187765526	-0.0223577785	0.0027093712	0.0658638331	-0.0182530174	0.0839022417	-0.0949145953	0.055131261	-0.0088021738	-0.0012389837	-0.0107797795	-0.0678219755	-0.0191817158	-0.0445764298	0.0017559347	-0.0862967791	-0.0088457528	0.0527799909	-0.0184828921	0.0182355364	0.0334849895	-0.0461772799	-0.1048200222	0.1429688597	-0.0066598002	-0.0544800694	0.0323934164	0.0337272114	-0.0476352701	0.0002520543	-0.0488833136	0.0631566907	-0.0295978589	-0.0661581564	0.0873588512	0.043352624	0.0746385621	0.0160926826	-0.0075118438	0.0173818062	-0.1039219041	-0.0690195844	0.0479087088	-0.012688128	-0.0485532914	-0.039567014	-0.0228020119	-0.0858353428	0.0255762386	0.0114571011	0.0163347183	0.0299661431	-0.0298559529	0.0574795203	-0.007349653	0.0033079241	-0.0108303613	-0.0399158482	0.045340004	0.0803353221	0.0346567131	0.0048359842	-0.0310960429	0.0304543249	-0.0589314758	-0.0744157659	0.0034191328	0.0769663555	0.0539958877	-0.0366867426	-0.0813633012	-0.1392483667635247	-0.0120597378536473	0.019390107646309	0.0001454372770986	0.2127787176940927	-0.0078951725998877	0.0452747827035424	6.233375038201752e-05	0.001310364657904	0.0318840257762573	1.717055536683867e-06	0.001016591099701	0.0069580977597136	-0.0002738199354265	4.841512443373142e-05	7.497735703702722e-08	0.0037113810172944	0.0001591638019451	1.3774349055533217e-05	2.53331158496508e-08	-0.0035019766651319	5.093180233520017e-05	1.2263840563128344e-05	2.594048489111901e-09	0.0	0.0	0.0	0.0	0.0	0.0	0.0	0.0	0.0	0.0	0.0	0.0	0.0	0.0	0.0
1907.5113348472453	9.698861596848928	3638599.49257072	94.06791627483096	2234.039706143466	13.186131795247547	4990933.408625584	173.8740717216383	2146.190527280989	6.661919836520156	4606133.77939065	44.38117590822073	2144.150224345785	1326.6697161259956	1.128977	28.330746	0.1106113314945246	0.0652330817567172	-0.1130086338	0.0061097016	-0.100969365	0.0090469015	0.0320353674	0.1056237119	-0.0702884572	0.0431406902	0.0593029966	-0.0411563576	-0.08118339	-0.0133864703	0.0469758148	-0.0635885853	0.1549300355	0.0628502544	0.0306410707	0.0078799993	-0.070281793	0.0230158513	-0.0157019721	-0.111119005	0.05533511	0.0639122689	0.0307134408	0.0377469231	0.0733362513	0.013980251	0.0569589616	-0.0365323382	-0.0449319181	0.0468618443	0.0430916135	-0.08677088	-0.0101963702	0.0510887413	0.0374101211	-0.0126596382	-0.0704786997	-0.006372615	0.0169637476	-0.1139654265	-0.0675604154	0.0312958282	0.0312793319	0.0200574259	0.0376670707	0.0038458915	-0.0019479658	0.0483473967	0.0264342965	-0.0513034902	-0.0239652027	-0.0011770439	-0.014419781	0.0484398109	0.0290824721	0.0056096639	-0.0077571846	-0.0745914138	0.0554595457	-0.0096629928	-0.0941215112	0.0648242461	0.0424688063	0.0460378163	0.0884134644	0.0423634388	0.0307618135	-0.082458249	0.0833697015	0.0835549679	0.0737998977	0.0944956185	0.0203510601	0.060963312	0.0438846733	0.0029109282	-0.0868168338	-0.0156998381	-0.0407287049	-0.0128165736	0.0166000155	-0.0401562681	0.1117074698	0.0556013277	-0.0727826748	-0.073211097	0.0263776377	0.0084521698	0.0246315908	0.023750542	0.0425288197	-0.0131476127	0.0343203589	-0.0073270852	0.0824843397	-0.00586358	-0.0548761242	-0.0018439583	-0.018712589	-0.0363836016	0.0038015347	-0.0110833927	0.0035366107	-0.0611541827	-0.0550916822	0.0236170959	-0.0090272006	0.0121354846	0.0164498552	-0.0349843082	0.0480343317	0.0848265401	-0.0036757682	-0.0960294858	-0.0020073275	0.0164123572	-0.1181570489	-0.0471904596	0.0330335882	0.0179038183	0.0471257903	-0.0628423548	-0.0309949852	0.0176922962	0.0046633865	0.0839056839	-0.0643360654	-0.0183831272	-0.0361900293	-0.0370101299	-0.0196891857	0.0284823641	-0.0325407913	0.0573494619	0.1153760445	0.0764584544	0.020634879	0.0555363085	-0.0468677635	0.0296593388	-0.0601020755	-0.0733236445	0.0068322673	0.0782873035	0.0500436514	-0.0419304676	-0.0805062393	-0.118602736758163	0.0206456300053616	0.0140666091665261	0.0004262420383182	0.2289375897845076	0.0161588720904148	0.0524124200163394	0.0002611091472343	-0.0547153974565191	-0.0560257621144231	0.0029937747188248	0.0031388860205019	0.007158333467831	0.0002002357081173	5.124173803666939e-05	4.009433880527652e-08	0.0035771065299514	-0.0001342744873429	1.2795691126620948e-05	1.8029637951225448e-08	-0.0034808655149058	2.1111150226100096e-05	1.211642473286042e-05	4.4568066386896604e-10	0.0	0.0	0.0	0.0	0.0	0.0	0.0	0.0	0.0	0.0	0.0	0.0	0.0	0.0	0.0
1912.690042114104	5.178707266858737	3658383.197202453	26.81900895581549	2241.264232288708	7.22452614524218	5023265.358936693	52.19377802328784	2148.173050672045	1.98252339105602	4614647.45563364	3.930398996084261	2144.1463850489204	1354.2556752343075	1.0822	27.156935	0.0615866866840568	0.0257343875659012	-0.1447875616	-0.0362964013	-0.0043705976	0.070953156	0.0129167225	0.0344327855	-0.1240458074	0.0077156841	0.1014100893	0.0555794442	0.0293296012	-0.0447768745	-0.0368316859	-0.0440630919	0.0051614138	0.0167148622	0.0195149095	0.0068563773	-0.0418508857	0.0262122876	0.026587668	-0.0717403232	0.0569580128	-0.0109527565	0.0202174821	-0.002513872	-0.0045895298	0.0092084791	0.0768802308	-0.0563328081	0.0023786268	-0.039525684	0.044508384	0.0102990363	-0.0467478144	0.0355807324	0.0751957327	0.0087847098	0.0003182087	0.0558784882	-0.0620368027	-0.0539504039	-0.0008188772	-0.0470766918	-0.0165795638	0.0328538398	-0.1153437445	0.0621018299	0.0496008307	-0.0418686951	0.0072574104	0.0075255884	0.0651114249	0.0372585123	-0.070457278	0.0042250089	-0.0186861435	-0.023848241	0.0696393434	-0.0884650339	0.0619468191	0.0130254239	-0.0587980609	-0.0020505906	0.0106721925	0.0863692576	-0.0663030531	0.012019957	0.0222042832	-0.0444979438	0.0216116713	0.0620977245	-0.058797597	0.0330388077	-0.0111466586	0.0900675156	-0.0059103101	-0.0005446828	-0.0364204045	-0.0080031164	0.0553197856	0.0360509827	0.0456389937	-0.0662863614	0.0661017374	-0.0524499387	-0.0222549823	-0.0244619241	-0.1123671528	-0.1041625498	0.0445941054	-0.0694160148	-0.0591815431	0.0194023038	0.0321737669	0.0166226959	0.0260925618	0.1211288774	0.0393410524	-0.0165363846	-0.0399414979	-0.0800727518	-0.0218636307	-0.0024558053	-0.0162554617	-0.002943278	-0.0020612558	-0.0070613953	-0.0287196325	0.0658092511	-0.0055583855	0.0043531255	-0.0287250601	-0.0125100498	0.117952957	0.0256176274	0.0317467642	0.0181009722	-0.1416051367	-0.0482917415	0.0161503418	0.0908999272	0.0247500868	0.0295655839	-0.0178268111	-0.0010105308	0.0340724853	-0.0030168442	-0.0195174398	-0.0106917037	-0.0258081974	-0.0049167535	0.0082601058	-0.0346956932	-0.0435668706	0.0311815827	0.0001112986	-0.0087615743	-0.0545677619	-0.070053287	-0.0310351996	0.0288611001	-0.0612463124	-0.0721591615	0.0102334157	0.0793936715	0.0458939156	-0.0469489822	-0.0790844839	-0.1288410046263237	-0.0102382678681606	0.0166000044731203	0.0001048221289402	0.2374908907689672	0.0085533009844596	0.0564019231982375	7.315895773075774e-05	-0.0463650181598325	0.0083503792966865	0.0021497149089615	6.972883439853214e-05	0.0070782789733488	-8.005449448219952e-05	5.010203322455175e-05	6.408722086800513e-09	0.0033691561160384	-0.0002079504139129	1.1351212934238955e-05	4.3243374646588e-08	-0.003079975652606	0.0004008898622997	9.486250020645756e-06	1.6071268169475254e-07	0.0	0.0	0.0	0.0	0.0	0.0	0.0	0.0	0.0	0.0	0.0	0.0	0.0	0.0	0.0
1910.858102646656	-1.83193946744791	3651378.6884503774	3.356002212393332	2250.009478482333	8.745246193625007	5062542.653260341	76.47933098711268	2149.0949824708287	0.9219317987835892	4618609.243681291	0.8499582416083447	2146.6899801450204	1369.008855914843	0.901031	22.61064	0.0710373575246511	0.0406889270055895	-0.1450109397	-0.0289426877	-0.0235478038	0.0577706497	0.0082901248	0.008708862	-0.0399578383	-0.0094878531	0.1516993037	0.0177900247	0.0758333465	-0.024655611	-0.0189369285	0.0572938459	-0.0733205965	0.0089927423	0.01995281	-0.0020099495	-0.0253583432	0.0199408648	0.0051448225	-0.0929381497	0.0364865126	0.0433186666	0.0031025184	-0.0373090515	0.0303145454	0.0229206285	0.0160692348	0.0360599361	0.06305533	0.0316939139	-0.0736350547	0.089274915	-0.039889021	0.0434269985	0.0655228763	-0.0200487752	0.0248595298	0.0459076091	0.0016867519	0.096434514	-0.011255175	0.0381851452	-0.0754580849	-0.0938871287	-0.1023169763	0.0426844404	-0.0099747218	0.028492585	0.0163706816	-0.0362867565	0.0445950078	0.0143707749	0.0048902304	0.0061968566	-0.0187091652	0.0076108322	0.032348957	0.0754723438	-0.0243838823	0.0738893905	0.0302347338	-0.0200777696	-0.1398598043	0.0155435881	-0.1036554007	0.0615942676	0.0169464982	-0.0246085698	0.0381816435	0.0229452578	-0.0301761945	0.0623596467	-0.0473508995	0.1024409191	-0.0615179253	0.0148885319	-0.0259010869	0.0377939782	0.0343166805	0.0423898831	-0.0303315653	-0.0372283768	0.0106601176	0.0298970572	0.0404285185	0.1089851409	-0.0577422511	-0.042929982	0.0986102874	-0.1016275994	-0.0059311689	-0.0661540937	-0.0433202711	-0.0904957847	-0.0527010676	-0.0232701065	-0.0420832854	-0.0314277531	-0.0555768516	-0.0354634046	-0.0654652208	-0.0196829826	0.0129842667	-0.0049351667	0.0611299997	-0.0247724304	0.0464772652	0.0462957023	-0.0318463345	-0.0184228121	-0.0582369198	-0.0360861262	0.0101288324	0.0813385725	0.0373624712	0.0188503576	-0.1390555862	-0.0635670912	0.0426264069	0.0373638186	-0.053184806	0.0174981037	-0.0165331703	-0.0379984033	0.0153450001	0.0238231242	0.003235074	-0.0014400046	-0.0503219309	0.043565502	0.0108685585	-0.0492451453	-0.0246558768	-0.0355857624	0.00635875	0.0073148888	-0.1017385611	0.0170254879	-0.0276966139	0.0280596966	-0.0623636846	-0.0709234662	0.0136166111	0.080282427	0.0415630576	-0.0517153317	-0.0771080077	-0.1477165155376667	-0.018875510911343	0.0218201689625897	0.0003562849121642	0.2342282358013676	-0.0032626549675996	0.054862866446621	1.0644917437602449e-05	-0.014473971619914	0.0318910465399185	0.000209495854454	0.0010170388494112	0.0071082984621342	3.001948878539936e-05	5.052790702677943e-05	9.01169706936718e-10	0.003542127983956	0.0001729718679175	1.2546670654724196e-05	2.99192670909036e-08	-0.0032171471980188	-0.0001371715454128	1.0350036093720216e-05	1.8816032870935898e-08	0.0	0.0	0.0	0.0	0.0	0.0	0.0	0.0	0.0	0.0	0.0	0.0	0.0	0.0	0.0
1905.1439937011185	-5.714108945537646	3629573.636735447	32.65104104147335	2229.260209517045	-20.749268965288135	4969601.08173598	430.5321625938695	2142.7481700436315	-6.346812427197165	4591369.720225331	40.28202798602437	2139.6376995990363	1326.9442802483566	1.060051	26.60112	0.0642411287663885	0.0289263364981619	-0.1690532536	0.0027586828	-0.0997805388	0.0255631089	0.0335115989	0.1042859005	-0.11768499	0.0062112027	0.1322347547	0.0008452582	-0.0686854186	-0.0167400102	0.0579282755	-0.0105645166	0.0557803836	-0.0103145408	0.0383725515	-0.0145763222	-0.1234245169	-0.0163161194	0.0299682297	-0.1640443815	-0.0189427834	-0.04622134	0.056400495	-0.0001492012	0.0280757984	-0.1203458877	-0.0377746989	-0.0271468989	0.002154441	-0.0455807112	0.046725759	-0.0749002241	0.0065204889	-0.0363554816	0.0178364718	0.0396849082	-0.0549373197	0.0106479811	-0.0819073378	0.0486827942	0.0071345531	-0.031181908	-0.0150550457	-0.0543209168	-0.0242153159	0.0015700328	-0.0603974832	-0.0595646807	0.099114966	0.0865201924	0.0069092284	-0.033567954	0.056076766	-0.0149681184	0.0424813299	-0.0491452532	-0.0159494712	-0.0063356756	-0.007479413	-0.0029244831	0.0417360712	-0.0118739439	0.0020542481	-0.0656243903	0.0458852556	-0.1599373826	0.0366962977	-0.0918580629	0.1429370515	0.069747751	-0.0067430188	0.075054883	0.0478688878	0.1054353685	-0.0301067714	-0.0711632108	-0.0140380812	-0.0633018308	-0.0848681822	-0.0328606273	-0.0587308308	-0.0219965123	-0.0018284574	0.0428000311	0.0224407415	-0.0232616121	-0.0107002569	-0.0712042589	-0.004667314	0.0783606011	-0.0229266034	0.0210799053	0.0154979847	-0.0326850487	-0.0177326782	0.0599124551	-0.0343422838	-0.0093414102	-0.0025954311	0.048114905	-0.0505408189	-0.036884879	0.0382453911	0.006958592	0.0092569573	-0.0031469242	-0.0398342974	-0.0076407586	0.1189113086	0.0634997448	-0.0942122039	-0.0761583171	-0.0375026239	0.0499943246	-0.0437057763	0.0172571726	-0.1514775025	-0.0627910827	0.0778502688	-0.0075222552	-0.0108735772	-0.0875488058	-0.0399558892	0.0119116695	-0.0278534428	0.0561381216	-0.0198905329	-0.0419798314	-0.0886821051	-0.0211559116	-0.0722881752	0.0189210266	-0.0491322616	0.0205078849	0.0952834119	0.0425711849	0.0282920798	0.0240631805	-0.1590973623	0.0272552159	-0.063453702	-0.0696177779	0.0169759185	0.0809511339	0.0370681691	-0.0562039158	-0.0745906743	-0.1480349115586818	-0.000318396021015	0.0219143350401867	1.0137602619823345e-07	0.2446879544668263	0.0104597186654587	0.0598721950611596	0.0001094057145605	-0.0304244363815087	-0.0159504647615946	0.0009256463291324	0.0002544173261108	0.0074872168511749	0.0003789183890407	5.6058416176517386e-05	1.4357914555319964e-07	0.0037132757773168	0.0001711477933608	1.3788416998407686e-05	2.9291567172271165e-08	-0.0030169623940539	0.0002001848039649	9.10206208713544e-06	4.0073955738465546e-08	0.0	0.0	0.0	0.0	0.0	0.0	0.0	0.0	0.0	0.0	0.0	0.0	0.0	0.0	0.0
1914.306415568396	9.162421867277544	3664569.0526863206	83.94997447396572	2238.740128488252	9.479918971207098	5011957.362903596	89.86886370065226	2147.429266059307	4.681096015675394	4611452.4527280135	21.91265990797205	2143.442992140412	1375.0189739055136	1.081819	27.147366	0.122347276340554	0.0700946881504595	-0.1573656245	-0.0162637248	-0.0443278916	-0.0256344599	0.060508794	0.132557137	-0.0642226307	0.0095951052	0.1122428192	0.0305939494	-0.0499864277	-0.0446894825	0.0155878214	-0.0367508804	-0.0117639751	-0.0058236991	0.0272957285	0.0051340859	-0.0473988866	-0.0062449896	0.0103871351	-0.0525625987	0.0592406616	0.0562521858	-0.0359738258	0.0399118156	-0.0193475139	-0.046942154	0.0374960727	-0.0301385378	0.0007577794	-0.1034715582	-0.0244200193	0.0486739132	0.0579694124	0.0158283538	-0.0939837329	-0.0058987093	0.0438982747	0.0362763445	0.0332897487	-0.0503959299	0.0553412156	0.0143261021	0.0628107203	0.1397024647	0.0994185832	-0.0167733109	0.0074363057	-0.1323454556	-0.0449074113	0.0367935692	-0.0742912402	-0.0476869467	-0.1004901881	0.0111192749	0.0752998304	0.0989609941	0.1507729182	-0.0508885203	0.0019460151	0.0293797965	-0.0928553746	-0.0104337522	-0.008258598	-0.063623928	-0.1237258733	0.0852451875	0.0240259064	-0.0539271077	0.0649580193	0.0562722809	0.0021726446	0.0047539693	0.0524356604	0.0457882139	0.0613707513	0.034215011	-0.08169431	-0.0170462786	-0.0107982296	0.0442241564	-0.0686279965	-0.0023094659	-0.0074866639	-0.0545152072	0.0339882227	0.0111910375	0.0022494619	0.0443754146	-0.1183375028	-0.0130857485	-0.0424430455	-0.0148760595	-0.0530831292	-0.0470693795	-0.0099826908	0.0197012905	0.1084841828	-0.0139005315	0.0287892646	-0.020114999	0.0995010672	0.0543178684	-0.0896698344	0.0721004136	-0.1194534716	-0.0929030224	-0.0775711334	-0.02346291	0.0060036495	-0.1511310608	0.0842704571	0.046635814	0.0278373934	0.0545477219	0.1056429102	0.0142963268	-0.1543100008	-0.0408296441	0.0200458643	0.0842003556	0.0566064664	0.020343833	-0.0402774357	0.0400293813	-0.007793285	0.0235809567	-0.0404507556	-0.1099984081	-0.0371282194	-0.0655831745	-0.0094763611	0.0087106725	-0.0631457163	0.0683362754	0.0168542362	0.0629167096	-0.0756701627	0.0458875402	0.0500148696	0.0264477464	-0.0645158866	-0.0682433853	0.0203054443	0.0813979594	0.0324269895	-0.060390626	-0.0715501408	-0.1552767303466993	-0.0072418187880175	0.0241108629871615	5.244393935848359e-05	0.2240958494968907	-0.0205921049699356	0.050218949761733	0.0004240347870928	-0.0938463187355296	-0.0634218823540209	0.0088071315402106	0.0040223351613272	0.0069588667453894	-0.0005283501057855	4.8425826380086456e-05	2.791538342835496e-07	0.0037142430121688	9.672348519999818e-07	1.3795601153444762e-05	9.355432589234269e-13	-0.003109474457988	-9.251206393410008e-05	9.668831404879766e-06	8.558481973347022e-09	0.0	0.0	0.0	0.0	0.0	0.0	0.0	0.0	0.0	0.0	0.0	0.0	0.0	0.0	0.0
1913.982185542255	-0.3242300261410946	3663327.806573107	0.1051251098514549	2241.05478182706	2.314653338808057	5022326.535149933	5.357620078855286	2149.2447202236303	1.8154541643234552	4619252.867409151	3.295873822759375	2144.562899095707	1387.1366941716497	0.995752	24.987597	0.1203787460179369	0.0736896029849352	-0.1675615411	-0.0169101181	-0.0098820002	-0.0236195193	0.0580781271	0.1089928907	-0.0102316862	0.0255380844	0.1021754093	0.0991602232	0.0636791471	-0.0238106578	0.0073721942	0.036665864	-0.0161280685	-0.0329778635	0.0112118601	0.0141107455	-0.0269722802	0.0195095833	0.0176370419	-0.1022109872	0.0412889382	-0.0598144907	-0.0315991364	-0.0305910069	-0.0607743456	-0.1175068832	0.0099011952	-0.0116707903	0.0247620713	0.0611129217	-0.0642616797	0.0206089428	0.0797925991	0.0676931209	0.0383343838	0.058415546	-0.0090325158	-0.0226071892	-0.0573068549	-0.0717794928	-0.0264979459	-0.0012774786	0.0247386888	0.0461885716	0.0509292022	-0.1313420383	-0.0117865683	-0.0153012721	0.0069210888	0.0608525921	-0.1254397324	-0.0771953943	0.0539734548	-0.0144747404	-0.0533958881	0.0908315304	-0.0656640359	0.0887241868	-0.0784178556	-0.0676951892	0.0216446807	-0.0800657224	-0.019628122	-0.0722944299	-0.0410328393	-0.0156475305	0.0087662548	-0.0530950077	0.0409313059	0.0500813647	-0.0174557931	-0.0605015721	0.0452252765	0.1320926847	0.0128807546	-0.0266834216	-0.0017352518	-0.0103091051	0.03627156	0.0676515101	-0.0193107028	-0.066979584	-0.0475371394	-0.0802286325	0.024000586	0.0682469777	0.0077214888	0.062080907	0.0408838999	0.0562536419	-0.0379043049	0.0548550317	0.0693316622	-0.0573552567	0.0294795465	-0.0110070425	0.0493260309	-0.0074731127	-0.0016787442	0.0516962179	-0.0188663415	-0.0740331611	-0.0192822397	0.0721822963	-0.0812985998	-0.1057723251	0.0446935461	-0.1210795174	0.0108038407	-0.0321011338	0.0023901789	0.0535062985	-0.0714534509	-0.0123498938	-0.0112355878	0.0165254758	-0.1429947339	-0.057765296	0.0592131581	0.0463770386	-0.0631234015	0.0412169357	-0.0174792895	0.0353916809	-0.0553060235	-0.0343885833	0.0305169027	-0.1284758805	-0.0562646264	-0.0396108812	-0.0496729214	0.0117788221	-0.0109746669	0.0308091474	-0.0987633254	0.0052391649	-0.0531287073	-0.0256895829	0.0426822021	0.0256373767	-0.0655497724	-0.0668016447	0.0235993474	0.0816216788	0.0276578354	-0.0642529755	-0.0680077345	-0.165376841575096	-0.0101001112283966	0.0273494997293544	0.0001020122468259	0.228040631740086	0.0039447822431952	0.0520025297244175	1.5561306946228765e-05	-0.0329568887120146	0.060889430023515	0.0010861565135761	0.0037075226885885	0.006492049542267	-0.0004668172031223	4.2146707259249165e-05	2.1791830113101965e-07	0.0040159232538696	0.0003016802417007	1.6127639580970596e-05	9.101096823265305e-08	-0.0029690834523546	0.0001403910056334	8.81545654704591e-06	1.9709634462757384e-08	0.0	0.0	0.0	0.0	0.0	0.0	0.0	0.0	0.0	0.0	0.0	0.0	0.0	0.0	0.0
1911.4190569778625	-2.5631285643924	3653522.811378141	6.569628037604247	2248.763717651367	7.708935824306991	5056938.257825198	59.42769154328371	2146.523285461269	-2.721434762361241	4607562.215027441	7.406207165788185	2144.904280528582	1398.7507853179534	1.050767	26.368134	0.0766231837371903	0.0356033030301214	-0.1814289326	0.00192699	-0.0705034948	-0.0641621523	0.0512955299	0.0907153204	0.0620022885	0.0148678581	0.1408378567	0.1151264688	0.0523636969	0.0220492754	0.0966235448	0.0181395637	0.0091846939	-0.0117177352	0.0240779221	0.0028132318	-0.0885698168	0.0752220407	-0.0132821647	-0.1211485364	0.0155405156	-0.0290097629	-0.0051945925	-0.0345906723	0.0386038685	-0.0917799329	-0.0071979793	-0.0346592948	-0.0710782819	-0.0294777147	0.0559292531	0.0415567495	-0.1037552705	-0.0453596294	-0.0091858454	0.0437357936	-0.0103532619	0.0095525309	-0.0586540469	0.0230431701	-0.0124599244	-0.0037362169	-0.0054053633	0.0450132709	0.0493942462	-0.0247471749	0.0600530816	-0.0203530581	-0.0598928031	-0.0015524946	0.0789799566	0.0339152602	-0.0668192719	-0.0097693354	0.0226279761	0.0584485617	0.0016726322	0.0117538439	-0.0899118274	0.114944782	0.0322517272	0.1041373897	0.0089376098	0.0690453835	0.0603289521	0.0173694423	0.0179653235	-0.0644137306	0.0968552782	0.0095182136	-0.0129126323	-0.0595433611	-0.0199870526	0.1279016113	0.0068035646	-0.0475246932	-0.0560640832	0.0377714793	-0.0380287394	0.0684111205	-0.0405179732	0.0191211584	0.0336258616	0.0697939083	0.0063226958	-0.0429438933	-0.0237543457	-0.0823905752	-0.0584674084	0.0318653902	0.1104592605	-0.0356826703	-0.0087085391	-0.0248094794	-0.0604007169	0.0108307728	-0.0225396268	0.0311979092	0.0299973645	-0.0423074707	0.0040882089	0.0340789479	-0.0782128229	0.0272312372	0.0576008828	0.072971493	0.0318338516	-0.006285047	-0.0331388849	0.0228665875	0.1417920189	0.0381608925	-0.1153653226	0.0695766481	0.0010531535	0.0140998622	-0.1712102807	-0.0570282297	0.0800940414	-0.0147940374	0.0073967937	-0.0239382057	-0.0342217009	0.0370933987	-0.0088367585	-0.0978849523	-0.0018822543	0.0029065218	-0.0580753228	-0.0129641254	-0.0011062072	-0.0642438317	0.0122826151	-0.0538421626	0.0416007255	-0.0391244632	-0.1327016488	0.0792098248	-0.0737306714	0.0248241955	-0.0665549058	-0.0652939789	0.0268518493	0.0816216788	0.0227795284	-0.0677702193	-0.0639883028	-0.136173696348635	0.029203145226461	0.0185432755772502	0.0008528236911177	0.2167168598665654	-0.0113237718735206	0.0469661973504245	0.0001282278094435	-0.0178808431152859	0.0150760455967286	0.0003197245505134	0.0002272871508346	0.0064920652178068	1.5675539800225072e-08	4.214691079225686e-05	2.4572254802844023e-16	0.0037862950218039	-0.0002296282320656	1.4336029992136997e-05	5.2729124961618944e-08	-0.0031598439655587	-0.0001907605132041	9.984613886677731e-06	3.6389573397891685e-08	0.0	0.0	0.0	0.0	0.0	0.0	0.0	0.0	0.0	0.0	0.0	0.0	0.0	0.0	0.0
1904.268254315832	-7.150802662030401	3626237.584395067	51.13397871130107	2245.072242505623	-3.6914751457443344	5040349.374069226	13.626988751648156	2148.283134715416	1.7598492541469568	4615120.426902695	3.0970693973216004	2144.6157012875474	1339.0075157736374	1.34353	33.714779	0.2472752547086294	0.1220146104009572	-0.1466343426	0.0280322655	-0.0687158072	0.0163885636	-0.0437259161	0.0161335662	0.0708825258	0.0026152666	0.0929320261	0.0132720525	-0.0986728136	0.0647013298	0.0757056538	-0.0433021788	-0.0415471615	-0.0024717746	-0.0013902975	0.0123171572	-0.0265996608	-0.0508737512	-0.0905730085	-0.0946467502	0.0514702097	-0.0563397621	-0.005190868	-0.0471419325	-0.0498123429	-0.1221677274	-0.0272028971	-0.0518609849	-0.0485513354	-0.0713672593	-0.0752998001	-0.0186807974	0.0872651075	0.0014072137	0.039394858	0.0113517022	-0.0455862242	-0.0042713171	-0.0406482538	-0.0474376089	0.0220069043	-0.0257192818	-0.0289484927	0.0771816219	0.0523907954	0.0656577949	-0.049902485	-0.0336657977	-0.0009813824	-0.0812503307	-0.1428985875	-0.0194837433	0.0248363242	0.0594683729	-0.061225279	0.024245883	-0.0711679029	0.0598405542	0.0160875938	-0.0241312141	-0.0037197591	0.0006349721	-0.0922286327	-0.0053551647	-0.063984551	-0.0157105466	0.0064558405	-0.0427648469	0.022753654	-0.0712308009	-0.0016475322	0.0161737229	0.059451839	0.109156214	0.0858011298	-0.0505396322	0.008075791	-0.0215636876	-0.0082944318	-0.0242013231	-0.0576582107	-0.0891562201	-0.0969900618	-0.0108100719	0.0999540381	-0.0258395771	-0.0352800422	0.0172550667	-0.0048419124	0.0517337943	-0.0292485536	-0.0097643528	0.0597212995	0.0083671458	0.0110315676	0.0514839976	0.0523423257	-0.026882197	-0.0156100615	0.0784397303	0.0364490942	-0.0404810117	-0.0593395544	-0.045747766	-0.1130499911	-0.003287834	-0.0190383634	-0.1458845114	0.0586867229	-0.0268079992	-0.0280109488	0.0531053439	0.021948536	-0.0483885279	0.0686278198	0.0044119524	-0.1087849398	-0.0373612624	0.0599482075	0.0270690006	0.0078088895	-0.0120843866	0.0349228808	-0.0571834829	-0.0360297961	-0.0453044864	0.1374719406	-0.224032713	-0.101673273	0.0093838003	-0.1253461253	0.0103540581	-0.1518605153	0.0362969286	-0.0534951024	-0.1464413863	0.0743991438	-0.1569322485	-0.1539508822	0.024008292	-0.0675308461	-0.0637218759	0.0300572439	0.0813979594	0.0178113211	-0.0709234662	-0.0595200392	-0.155354211665994	-0.019180515317359	0.0241349310823624	0.0003678921678394	0.1651928971522522	-0.0515239627143132	0.0272886932695545	0.0026547187337859	-0.1173743615353331	-0.0994935184200472	0.013776740745827	0.0098989602076002	0.0053731401896836	-0.0011189250281232	2.887063549799311e-05	1.2519932185605052e-06	0.0040499893863434	0.0002636943645395	1.640241402949419e-05	6.953471788989084e-08	-0.0030009181930832	0.0001589257724755	9.005510001577739e-06	2.5257401156934424e-08	0.0	0.0	0.0	0.0	0.0	0.0	0.0	0.0	0.0	0.0	0.0	0.0	0.0	0.0	0.0
1902.2041135822856	-2.0641407335465374	3618380.4897293686	4.260676967886037	2236.7229489413176	-8.349293564305299	5002929.550320744	69.71070302294989	2146.8176057712585	-1.4655289441575403	4608825.832449439	2.147775086163516	2144.325345533199	1348.7184671234347	1.675816	42.053226	0.5833913235777843	0.3038656796658585	0.1370239589	0.0209265157	0.0109119461	0.019788244	-0.0897043072	-0.0523909316	0.0929262382	-0.0330304677	-0.1589681489	-0.0806693846	-0.1079317798	0.0562508566	0.0543958992	-0.0572033563	-0.0591913469	-0.0609852773	0.020847918	0.0048451332	0.0610463992	-0.0660490312	-0.1132671644	0.0690633132	0.0566544218	0.0909190045	-0.0106953347	-0.0859018986	-0.1026441426	-0.0874115405	-0.0841011789	0.0079977541	-0.0220748715	-0.1098288725	-0.0622738044	-0.2285930943	0.1246646602	-0.1012172172	-0.0424318447	0.2031645028	-0.0924184782	-0.0838750289	-0.0082070264	0.1147125732	0.0895039681	0.142609619	-0.1052210282	0.015571181	-0.0858211236	0.0533775584	0.0400975659	-0.1150150324	0.1073220336	0.1045008087	-0.0220333606	0.0136694426	0.1360620629	0.0523879234	-0.1035978354	0.0527443681	-0.0179195409	-0.058330922	0.129186686	-0.0199930056	-0.0624000908	0.0585951298	0.0452034279	0.0371643326	0.0022590365	-0.0300646446	0.0253675925	0.0360698444	-0.0548546004	-0.0905156141	0.0726919113	0.0025596911	0.0683150049	-0.0774945616	0.1649481996	-0.0185763308	0.0276485106	0.0050997328	-0.0629201436	-0.1612543089	-0.0628493173	-0.0382800571	-0.2205755898	-0.0214592117	0.1125749914	-0.0260593216	-0.08411126	0.038133848	0.0007688044	0.0057599837	-0.1088282925	0.0211579141	0.1598548965	0.0712058299	-0.0277356914	0.0418202486	-0.0960259646	0.1583231409	-0.0988573184	0.0406575482	-0.1061745474	-0.0476865706	-0.0125445224	-0.0403024742	0.0537757783	-0.171054387	-0.1539927745	0.0343228024	0.1994941392	0.0578097914	-0.004838711	-0.0092023469	0.062633507	-0.0541307422	0.0409156262	-0.0119571585	0.2002007115	0.0324479416	0.0046421012	0.1161385894	-0.002604464	-0.0814424332	0.1012468554	-0.0689837253	-0.0421701262	-0.0597740436	0.1994015492	-0.2055388714	0.0106723163	0.0335588539	-0.0430632885	0.0450304299	-0.0677229014	0.0593809264	-0.1092289923	-0.1622530103	0.2377240166	-0.1921949382	-0.1125927272	0.0231897558	-0.0684771651	-0.0620868871	0.0332099078	0.0809511339	0.0127728206	-0.0736957799	-0.0546342852	-0.0726464504837309	0.0827077611822631	0.0052775067678851	0.0068405737597822	0.1209504545512203	-0.0442424426010318	0.0146290124561468	0.0019573937273056	-0.1767733390688874	-0.0593989775335543	0.0312488134055638	0.0035282385320316	0.0003026842231214	-0.0050704559665622	9.161773892660547e-08	2.570952370884621e-05	0.0021291944744488	-0.0019207949118946	4.533469110023303e-06	3.689453093560185e-06	-0.0020513262263213	0.0009495919667619	4.207939286793585e-06	9.017249033387338e-07	0.0	0.0	0.0	1.0	0.0	0.0	0.0	0.0	0.0	0.0	0.0	0.0	0.0	0.0	0.0
1910.1145549476405	7.910441365354927	3648537.613022823	62.57508259471832	2234.696551698627	-2.026397242690564	4993868.678173734	4.10628578518392	2155.8436225949954	9.026016823736882	4647661.725083513	81.46897970238122	2154.0321063155648	1409.4215195139343	1.556764	39.065735	0.2536616468141376	0.1282133590640403	0.2194492949	-0.0160265105	0.0946207353	-0.0709797929	0.015000804	-0.0179066141	0.0300243903	-0.0459170401	-0.1804671436	-0.053490044	0.0378111565	0.0618474241	0.0255471183	0.0198945187	-0.0204726791	-0.0577346961	-0.0050516076	0.0131073943	0.1503608699	-0.0442668115	-0.019908255	0.1807054581	-0.0455220763	0.0786942375	0.0234807037	-0.0142002395	-0.012763623	0.0388651432	-0.0171412363	0.0513831831	0.0139788809	0.0846904394	0.0806205614	-0.0255271852	-0.0537135534	-0.0653458216	-0.0673553763	-0.04970964	0.075070599	0.0213045504	-0.0337260765	-0.0143415675	-0.0368010859	-0.0503037842	0.0389386701	0.0463562748	0.046411033	0.056590496	0.0138394267	0.0090908232	0.0620147419	0.068541864	0.0673645819	-0.00292799	0.0073469195	-0.0512187087	0.0719788537	0.0208334785	-0.0185313635	-0.0081472105	0.0069316934	0.0998003466	0.022623402	0.0541390886	-0.0746825311	0.0162024174	0.1247443785	0.0192000463	-0.0024300726	0.0984845627	-0.1306077125	-0.0016677246	0.0875517656	-0.0565949025	0.0554510431	-0.1695912121	0.0407864199	-0.0057595665	0.0065730181	0.0434763808	-0.0091555415	-0.0082819682	0.0576152237	0.1105971152	0.0132093446	0.1049687765	-0.0862355233	0.0024069695	0.0500621495	-0.030947971	-0.055935325	-0.018155668	0.0970652302	-0.0134555444	0.0063464263	-0.0282330568	-0.0512075951	-0.0350653422	0.0122610158	-0.01221031	0.0172900619	-0.0185498313	0.0016798413	0.0118176175	0.0025747766	-0.0105520506	0.0107049878	-0.0283241526	0.0309730679	0.0031699805	-0.0335794658	-0.0329832237	0.0418879858	-0.0042914273	-0.1723014477	0.0732279114	-0.1219494685	-0.0081330029	0.1958670004	0.0783840543	-0.0907017233	-0.0382997999	0.0122722705	0.0248225338	0.0309280979	0.1273917067	0.0476221595	-0.0786760965	-0.1001097799	0.054245158	0.1047461432	0.0478266634	0.0777041325	-0.0768395351	0.0233873532	-0.0257977137	0.0722898543	-0.0030138395	-0.1179662278	0.0689826567	0.0447077274	0.0223686765	-0.0693934478	-0.060390626	0.0363043104	0.080282427	0.0076839116	-0.0760722702	-0.049365311	-0.0574936975981188	0.0151527528856121	0.0033055252635039	0.0002296059200124	0.07132211935631	-0.0496283351949103	0.0050868447094757	0.0024629716542183	-0.1226553123385372	0.0541180267303502	0.0150443256448641	0.0029287608171868	-0.0012344711918784	-0.0015371554149997	1.5239191235776773e-06	2.362846769863207e-06	0.0019826481818252	-0.0001465462926236	3.930893812894771e-06	2.1475815881721882e-08	-0.0010397772938794	0.0010115489324418	1.081136820867168e-06	1.0232312427243473e-06	0.0	0.0	0.0	0.0	1.0	0.0	0.0	0.0	0.0	0.0	0.0	0.0	0.0	0.0	0.0
1905.2845022993524	-4.830052648288074	3630109.034702091	23.32940858523464	2237.6339608394737	2.9374091408467398	5007005.742702152	8.62837246072998	2150.5594880954773	-5.284134499518132	4624906.111837481	27.922077408997737	2147.9015185917947	1376.6387465107753	1.066606	26.76561	0.1228258681614534	0.0612022808430499	0.1641629616	0.0353224251	0.0407846453	-0.0678271178	0.0399398962	-0.0002778709	0.0722312741	-0.0302457796	-0.1042123989	-0.0499168849	0.0455025341	0.0976843611	0.0056771523	0.0345562802	0.063889414	-0.0293993541	0.0026053363	0.0113916949	0.0234921945	-0.0151658316	0.011008847	0.0897566635	-0.0374531071	0.0157474466	0.0017256851	-0.0628220196	-0.0208916079	0.002939119	-0.003917903	0.0079919285	-0.011022798	0.0853120723	0.0837086639	-0.0207523569	0.054027631	-0.0721220165	-0.0469669957	-0.001845525	0.0270731571	-0.0080912509	0.0835306501	0.0104944386	0.0299614211	0.0573293473	0.0804645682	-0.0191948956	0.0102035816	-0.0142031213	0.0129871602	0.0430601832	0.0521333896	-0.0312733726	-0.0509890711	0.0307962572	-0.0217135999	-0.0122833048	0.015500729	-0.0143653977	0.0433188333	0.0256522255	0.2007098292	-0.0255966284	0.0043299491	-0.0293669017	0.0579862736	0.0339006132	-0.0296145295	0.0029411815	0.0046458174	0.0161186684	-0.0335291358	-0.0251841991	0.017057493	-0.0681379432	0.0140817311	-0.0934322403	0.012966072	-0.0049744766	0.0757344399	0.0510473022	-0.0051293968	-0.0353922819	0.0825743371	0.0015988327	-0.054091216	0.0538341704	-0.0177062619	-0.018370348	0.1243430132	0.0018065943	-0.0531424196	-0.0035909141	0.0273069225	-0.0079210623	0.0021383489	0.075014936	-0.0198218657	-0.0581752251	-0.0026347625	0.0781889583	0.0078311601	0.0204931982	0.021057965	-0.0075769368	0.0407502292	-0.0554722481	-0.0417181186	-0.0719064826	0.0134525821	0.0517538933	-0.0173899958	0.0696063953	0.0713471895	0.0100327329	0.1098234854	-0.0300513402	0.0229749166	-0.0120319163	0.1495540645	0.0441840095	-0.0101814175	-0.1055836256	-0.0462893866	-0.0317161013	0.0466840747	0.0975880339	-0.0068357951	-0.0613305049	0.0053381993	0.0048241233	0.035279243	0.0329085172	-0.0226761923	-0.0178568148	0.0437150162	-0.0418129494	-0.0046243089	-0.0507834267	0.0362778745	-0.0469901307	-0.0126647312	0.0215451443	-0.0702792922	-0.0586347667	0.0393350228	0.0793936715	0.0025646777	-0.0780401729	-0.0437500746	-0.0610493290536737	-0.0035556314555548	0.0037270205779037	1.2642515047731429e-05	0.0931150832296339	0.0217929638733238	0.0086704187248616	0.000474933274384	-0.0818657782452376	0.0407895340932996	0.0067020056476984	0.0016637860915484	-0.0007904018958326	0.0004440692960457	6.247351569357682e-07	1.9719753969061228e-07	0.0023530394608031	0.0003703912789779	5.536794704096544e-06	1.3718969954288466e-07	-0.0013590714936412	-0.0003192941997618	1.8470753248281224e-06	1.0194878600152833e-07	0.0	0.0	0.0	0.0	0.0	0.0	0.0	0.0	0.0	0.0	0.0	0.0	0.0	0.0	0.0
1908.6305406388008	3.346038339448341	3642870.540659161	11.195972569058217	2264.432705041134	26.79874420166016	5127655.475659907	718.1726907860138	2153.668117023066	3.108628927588597	4638286.358281679	9.663573809440631	2152.3040078601	1384.6724466479022	1.065498	26.737806	0.1178761462543885	0.0691232286880319	0.1868330976	0.0375550623	-0.0581062687	-0.1170175319	-0.0027636711	-0.0315305425	0.141336529	0.0116584508	-0.1161704144	-0.0334819605	-0.067032493	0.0011737931	0.0096392247	-0.0569894003	0.0919909579	-0.0118965761	-0.0109295854	-0.0339977696	0.030630822	-0.0589245273	-0.0782312593	0.081695055	-0.0109413023	0.0705565942	-0.0378721889	0.0364861157	0.0029143922	0.0310650412	0.0726323723	0.1267949015	-0.0404506781	0.0545238794	0.0976207841	-0.0767228108	0.0041609307	-0.0269638295	-0.0903228566	-0.0870755688	-0.0630324908	0.0062123353	-0.0562946227	0.002561949	0.0839500033	-0.0443402945	-0.0462729999	0.0467657729	0.0363134779	0.1244404039	-0.0437785044	-0.0169069463	0.041610713	-0.0300851427	-0.0116862146	-0.0063633469	-0.0605316516	0.0224762245	0.0446597747	-0.065439432	-0.0523299161	-0.0620984885	0.0310751164	0.0015237869	0.0443689269	-0.0004337305	0.0691591589	-0.0793706117	0.0237824842	0.0651289314	-0.0085228682	0.0557803755	-0.0202714282	-0.0919926371	0.0934553431	-0.0246804938	0.061951818	-0.1009812165	0.0784819079	0.0241321813	-0.0378821174	0.0432018123	-0.0666032103	-0.027516047	0.1141975092	0.0942168887	0.0489878686	-0.0036502217	-0.0033078141	-0.0175137385	0.090828239	-0.0015333825	-0.0400247027	0.027610583	0.049597214	-0.0336805767	0.0110962862	-0.0066046903	-0.0774802777	0.0601955137	0.0268008459	-0.0602681073	-0.1175902169	0.0187279029	0.0412691012	0.0369473713	-0.0520576266	-0.0686398495	-0.0048393972	0.1130278388	-0.0049185017	0.0146739482	0.046316359	-0.0276278636	-0.0291520131	-0.0159388752	0.0066906114	-0.011236535	-0.0491130574	-0.0159181262	0.1417942106	0.0668636784	-0.0565613602	-0.1133708314	0.1005853965	-0.0628252373	0.0104797615	0.0636095325	0.0067924164	-0.0462472367	-0.0609794465	0.0089502181	0.1098423381	-7.3656e-06	0.0963723671	0.0314548147	0.0482305606	-0.0185291863	0.0352666404	0.0063023482	-0.0408346744	0.0694194307	-0.0534366166	0.0207192494	-0.0711343098	-0.0568210419	0.0422967282	0.0782873035	-0.0025646777	-0.0795889182	-0.0378279629	-0.0481578187105213	0.0128915103431523	0.0023191755029554	0.0001661910389276	0.1122901151673261	0.0191750319376921	0.0126090699642913	0.0003676818498115	-0.1491687666450616	-0.067302988399824	0.0222513209424088	0.0045296922475468	-0.0008516748639325	-6.127296809990007e-05	7.253500738544425e-07	3.754376619771371e-09	0.002633092069822	0.0002800526090188	6.933173848159503e-06	7.842946381829275e-08	-0.0013878782279968	-2.880673435559991e-05	1.926205975747537e-06	8.298279442341001e-10	0.0	0.0	0.0	0.0	0.0	0.0	0.0	0.0	0.0	0.0	0.0	0.0	0.0	0.0	0.0
1914.111775220282	5.481234581481203	3663823.8880369393	30.043932537225423	2260.1785019383287	-4.25420310280515	5108406.860624188	18.098244039916963	2156.3939491409265	2.725832117860591	4650034.863891601	7.4301607347603555	2154.718534649543	1381.4310849839887	1.059846	26.595961	0.1524564450573132	0.0875808425885485	0.1733585609	-0.0193601428	0.0954931837	-0.0086187287	-0.0116287057	-0.0579980359	0.0647683591	-0.03551585	-0.1566015832	-0.0184935402	0.0115478382	0.0213899897	-0.0104999908	-0.0260242677	0.0622449645	0.0389095161	-0.017382103	0.0363047256	0.1112725896	-0.0639894136	-0.0121035225	0.0554342963	0.0222798508	0.041818939	-0.0556858708	0.0654890336	-0.0660324991	-0.0268988902	0.0110427402	0.0493240792	-0.0555813653	0.0301450609	0.0635500735	-0.0648189396	0.0235288394	-0.0031101294	0.0035416461	-0.0602003566	0.0277273781	0.0404816331	-0.0395842376	-0.026970191	-0.0342867302	0.0160143831	-0.0319664116	-0.1105082206	0.0150229721	0.0912302309	-0.0162606047	0.0576501738	0.0041426609	-0.0050409891	0.0009033782	-0.0252125426	0.0394326962	-0.0721609434	-0.0512217956	0.0106652665	-0.0664813924	-0.0258976804	0.013509251	-0.0211401128	0.02872392	-0.0025898063	0.0862165813	0.1077464646	0.0405687429	-0.0548343964	-0.0130992785	0.0634509414	-0.1278498125	-0.030536478	0.0124627373	-0.0620195782	0.0810573663	-0.0564383157	0.0632764961	0.0341367447	-0.0372726274	-0.0071443016	-0.0179445473	-0.0415033515	0.0600564857	-0.0106327784	0.0026088633	0.0488711044	0.0138092292	-0.018692501	0.0588694614	0.0251397573	0.0245093264	0.0226544904	0.0187283099	-0.0257890804	-0.0604519269	0.0638452544	0.0145167447	0.0044254101	0.0205279489	-0.0203197646	-0.0478691768	-0.002614866	0.003585395	-0.1213224428	0.0289589309	-0.0672275696	0.0866810427	-0.0063503677	0.0560138715	-0.0607789962	-0.0303348498	0.046858346	-0.0291360047	-0.060887892	-0.0241166423	-0.0880761716	-0.0518655119	-0.0063734931	0.1508305402	0.0788804978	-0.1200310565	-0.0124165055	0.0260985358	0.0471204419	0.0353206554	0.0308358897	0.0443479186	-0.0597277542	-0.0300798589	-0.0482217736	0.1044617512	0.0378232631	0.0435464275	0.0135512566	0.0359824926	0.0297445926	-0.0019255517	-0.0105620023	0.0645281345	0.0073192571	-0.0241380481	0.0198910824	-0.0719581255	-0.0549512416	0.0451842308	0.0769663555	-0.0076839116	-0.0807101879	-0.0316405151	-0.0463418465290033	0.001815972181518	0.0021475667397176	3.297754964047248e-06	0.0661608590592806	-0.0461292561080455	0.0043772592714619	0.0021279082690816	-0.1688925918366663	-0.0197238251916047	0.0285247075773067	0.0003890292801889	-0.0021651260584115	-0.001313451194479	4.687770848812518e-06	1.7251540402783117e-06	0.0026641296194223	3.1037549600299984e-05	7.097586629083208e-06	9.633294851910815e-10	-0.0010366191405532	0.0003512590874435	1.0745792425612552e-06	1.2338294651171058e-07	0.0	0.0	0.0	0.0	0.0	0.0	0.0	0.0	0.0	0.0	0.0	0.0	0.0	0.0	0.0
1917.6166349440973	3.5048597238153434	3677253.5586143234	12.284041683622965	2268.3367073752665	8.158205436937806	5145351.418026065	66.55631595128158	2156.0709559580355	-0.3229931828909684	4648641.967125797	0.1043245961940386	2153.199050295528	1377.499113721689	0.940414	23.598911	0.0955812164247803	0.0525417353477373	0.1660305237	-0.0100830251	0.0891591942	0.036894674	-0.027764428	-0.1001840267	0.0303998804	-0.0218841949	-0.0831462408	0.0263490375	-0.0293189865	0.0459646845	-0.0630606866	0.0043302969	0.0446095795	0.0250035949	-0.0267621548	0.0081248512	0.0555006424	-0.0365985971	0.044898782	0.0572771682	-0.0373174073	-0.078360826	-0.0427647993	-0.0213006856	-0.0750484741	0.0256890449	0.0918402704	-0.0147123476	0.0291690152	-0.0218831763	0.0701623803	-0.0100996696	0.0703358357	-0.0444545817	-0.0014266265	-0.0770162657	0.0377243807	-0.0300821042	0.0205531661	-0.0085734798	0.1152816365	0.0946683241	-0.040245943	-0.0375401915	0.0671845241	0.0318367661	-0.0156668188	0.0529100907	0.0017034008	0.0166535186	0.0135368026	-0.00640906	0.0490677244	-0.0633134178	0.0317099463	-0.0143350047	-0.1238629835	0.0416071023	-0.0335194705	-0.030283727	0.087612198	-0.0123433639	0.0228602792	-0.0779282848	0.0012511694	-0.0949542704	-0.0233340938	0.0470787797	-0.0696480727	-0.0325134198	-0.0765004899	-0.0583274022	0.0231379384	-0.0392844752	-0.0099874229	-0.0069514158	0.0648913122	0.0153875289	-0.0350895835	-0.099470792	0.101959446	-0.0589341451	0.0197091164	0.0036224169	-0.0070619459	0.0340996506	0.0513403958	0.0225483396	-0.049726625	-0.0128906723	-0.0358681175	0.0554743302	-0.0552403213	0.1454389741	-0.0420289627	-0.0345461121	0.0124759952	-0.0172285295	-0.0551982521	0.0774815144	0.0259142259	-0.0095724741	-0.0543854284	-0.0331920477	0.0303262084	0.0113061161	0.0527279727	-0.0157378071	-0.0362329865	0.0357964015	-0.0420789303	-0.0615555577	-0.087725683	0.0372063035	0.0218506207	-0.0045710009	0.1407103491	0.0613704789	-0.0680111604	-0.1038958846	-0.0638952793	0.0213062228	0.0354521144	0.0015663236	0.0544736756	-0.0602449236	-0.04646447	0.0297198625	0.085379713	0.0204270809	0.0176294701	0.033719099	0.1115499097	-0.0072960111	-0.038290199	0.0745927675	0.0371794535	-0.0120486955	-0.0105746896	0.0190607341	-0.0727503781	-0.0530272111	0.0479924649	0.0754344479	-0.0127728206	-0.0813979594	-0.0252311319	-0.0418948810802248	0.0044469654487784	0.0017551810607261	1.9775501702629744e-05	0.0855773761437177	0.0194165170844371	0.0073234873076433	0.0003770011356902	-0.1233464016880816	0.0455461901485847	0.0152143348093975	0.002074455437051	-0.0019412700084541	0.0002238560499573	3.7685292457233815e-06	5.011153110252992e-08	0.0028078631893773	0.000143733569955	7.884095690260064e-06	2.0659339132008982e-08	-0.000880777885606	0.0001558412549472	7.757696837725761e-07	2.4286496743518205e-08	0.0	0.0	0.0	0.0	0.0	0.0	0.0	0.0	0.0	0.0	0.0	0.0	0.0	0.0	0.0
1917.3425570812124	-0.2740778628849512	3676202.481194722	0.0751186749235821	2263.6083498868074	-4.728357488459096	5123922.761677275	22.357364538667213	2153.931087856734	-2.139868101301545	4639419.131235694	4.579035490967878	2152.319809759688	1364.9153419730217	0.979744	24.585878	0.0785609523306501	0.0581924793966732	0.1607277691	0.0123862545	-0.026720766	0.0138485843	-0.0932484154	-0.1059538851	0.0455872942	-0.0271328016	-0.0568063295	-0.0364582425	-0.1777224181	-0.0108124927	-0.0048550565	-0.0574955021	-0.0046164859	-0.026871704	-0.0102933074	-0.0090881445	0.0205221322	-0.0843606799	-0.0478127505	0.063157832	0.0929586251	-0.0186446977	-0.0337215919	0.0076121697	0.0160309735	0.0750668517	0.1009634159	0.0697521523	0.0372893241	0.010511113	0.0041502795	-0.0386203981	-0.0100444657	-0.0295932952	-0.0596326541	-0.0278658428	0.0493118911	-0.068546039	0.0156822238	0.0291304638	0.0382354617	-0.0176765976	-0.0281859862	0.0217324891	-0.1089071008	0.0527692565	0.0954396725	-0.0070861259	0.094600445	-0.0204285116	0.0010540079	0.0599279685	-0.0459979053	-0.0649950434	-0.0079640118	0.0388319956	0.0367868342	-0.0341785512	0.0098229426	0.0768116815	0.1392221681	-0.0421324933	-0.0251814899	-0.1136563617	-0.0558538643	-0.044276005	-0.0073202911	0.0383971527	-0.0519848511	-0.1084310026	-0.0297575809	0.0519708124	0.0522118649	-0.0615844273	0.0798773739	0.0325396656	0.0065807701	-0.0195458221	-0.0454761667	-0.07053549	0.0781415407	0.0112491373	0.0186462421	-0.1192555296	-0.0506440927	0.0130176074	0.007651519	0.0019384143	0.0439655887	-0.1343296862	0.0300360054	-0.0041731994	0.0177715	0.0126083785	-0.077404875	-0.00521915	0.0052062594	0.0565801042	-0.009686583	-0.0908316603	-0.0207522744	-0.011523689	-0.0560097475	0.0008382472	0.0035166352	-0.004091452	0.0487377082	0.0729250899	-0.006933269	-0.0323342581	-0.0559029864	-0.0383175106	0.0801048601	0.0832650232	-0.0588602784	-0.0119650441	0.1152006709	0.0700638317	-0.0814058627	-0.0910845616	0.0608140044	-0.0247363802	0.0360564491	-0.067355632	0.0369434327	-0.0209979383	-0.0192701042	-0.0087340753	0.0677080041	-0.0128203613	0.045701333	0.1145732536	0.051717699	0.0293812522	-0.0384183973	0.0394490766	0.0556154532	0.001604643	-0.0090122392	0.0182282956	-0.0735107199	-0.0510508491	0.0507165039	0.0736957799	-0.0178113211	-0.0816485389	-0.0186447705	-0.0408864698632527	0.0010084112169721	0.0016717034178786	1.0168931825151532e-06	0.1036004865315192	0.0180231103878014	0.0107330608095674	0.0003248325080508	-0.1780667823497381	-0.0547203806616565	0.031707778976389	0.0029943200597565	-0.0018452676923479	9.60023161062e-05	3.405012856422944e-06	9.216444697754751e-09	0.0028078193617067	-4.3827670599943386e-08	7.883849567975022e-06	1.920864710217142e-15	-0.0008809127431136	-1.348575076000249e-07	7.760072609799275e-07	1.818654735609077e-14	0.0	0.0	0.0	0.0	0.0	0.0	0.0	0.0	0.0	0.0	0.0	0.0	0.0	0.0	0.0
1920.7773533684367	3.4347962872243443	3689385.641213056	11.79782553473014	2267.805718161843	4.197368275035387	5142942.775327552	17.617900436273544	2159.584714129529	5.653626272795009	4663806.13750192	31.963490032437985	2158.984502252543	1390.4172813161815	1.002318	25.152342	0.0508391326837554	0.0265717494842432	0.1003255162	-0.0387391275	0.1459607854	0.0299808403	-0.0464653531	-0.1100162017	-0.0270579805	-0.0267472945	-0.0923661939	0.0202149915	-0.021698009	0.0247177877	-0.0644262395	-0.0170438759	0.022416929	0.0087910262	-0.0335399795	-0.0075655468	0.1034844403	-0.0167337529	0.0500599449	0.070652906	0.02681898	-0.0453412869	0.0019319834	0.0702450574	-0.0213537796	0.0965718482	0.0454448477	-0.010648155	0.0604582794	0.1013183972	-0.0284186484	-0.0170987543	-0.0638373458	0.0397146796	-0.0070912162	0.0060908716	0.0070733436	-0.1498579808	0.0105882002	0.0015906203	0.016156622	0.0666478644	-0.0498864833	-0.0678164583	-0.0267861677	0.0036993413	-0.046586394	0.067300517	-0.1197045301	-0.057010945	0.0028755105	0.0085591863	-0.0367886062	0.0738952338	0.0174065493	0.0321481846	0.0062734914	0.0174039883	0.0089946178	-0.1002971922	-0.0210959974	0.0310408024	-0.0233214038	-0.1104491397	0.0567408047	-0.0674605765	-0.0343079796	0.0999826088	-0.1061829077	0.0183750229	-0.0628743833	0.0216318198	-0.0196918064	-0.0445199694	-0.016904608	0.0196121635	-0.0001622998	-0.0207169106	0.0225791723	0.0119249216	0.0483728688	0.0310358711	0.0017354046	-0.0777083344	-0.0666235434	0.0079145545	0.0164096761	0.065623981	0.0595952104	-0.0252792333	0.0035441731	0.080684554	-0.0161383475	-0.0193777719	0.008970297	-0.1005295439	-0.1003312191	-0.025971598	-0.0696061405	0.0079601314	-0.0248541734	-0.0121177587	0.0358966215	-0.0392281001	-0.0117840567	0.1566311481	0.0264477306	0.0363979241	-0.0387453038	-0.0198504959	0.0163105513	0.0446601406	-0.0078074724	-0.106804014	0.0539217057	-0.0037968516	0.0906664482	0.0723135439	-0.0981458297	-0.0085110269	-0.000298953	0.1079347517	0.0224940998	-0.0343832928	0.0419115393	0.0109087212	0.0115189351	0.0241221562	0.041683346	-0.01757311	0.0289901425	0.0369620763	0.0963651599	0.0368350715	0.0114848398	0.0460213067	-0.0127426251	0.0436373236	0.0994034237	0.0173938582	-0.0742388174	-0.0490241061	0.0533515689	0.0717551168	-0.0227795284	-0.0814605803	-0.0119276293	-0.0461211302203707	-0.0052346603571179	0.0021271586528043	2.7401669054382714e-05	0.0930008681864933	-0.0105996183450259	0.0086491614834415	0.0001123519090602	-0.1718206933565866	0.0062460889931515	0.0295223506655381	3.901362771036852e-05	-0.002103132646475	-0.0002578649541271	4.423166928668937e-06	6.649433456697141e-08	0.0031239354952241	0.0003161161335173	9.758972978321044e-06	9.992940986999053e-08	-0.0008797185309889	1.19421212470001e-06	7.739046937652682e-07	1.4261425987805121e-12	0.0	0.0	0.0	0.0	0.0	0.0	0.0	0.0	0.0	0.0	0.0	0.0	0.0	0.0	0.0
1919.5623924942647	-1.214960874171993	3684719.7786783054	1.4761299257687734	2265.4583851207385	-2.3473330411043207	5132301.6947138645	5.509972405860059	2159.717255815442	0.132541685913111	4664378.625066984	0.0175672985046897	2157.141646283228	1379.0183972972588	0.994134	24.946983	0.1156721169613382	0.0633001330982207	0.0944318743	0.0094479601	0.0442854455	0.0240452117	-0.0690193066	-0.0732665444	-0.01758943	-0.0005951095	-0.0385289838	0.0211311656	-0.053143114	0.015997859	-0.0747420738	0.0419714397	0.0206934668	-0.0345156289	-0.0351596867	-0.0275905138	0.0731844188	0.0597523329	0.0707577899	-0.0438918627	-0.0534693475	-0.0584319556	0.0654646465	0.0569936883	0.0259683845	0.1132295069	-0.0901383131	0.0485190105	0.0149597229	-0.0315024194	-0.0476181507	-0.0274959469	0.0657311775	-0.009241937	0.0704785959	-0.0755746473	0.0425582168	-0.1144477945	0.0351826341	0.0105286602	-0.0884204225	0.0619655498	-0.0439802532	0.0309083368	0.0650912886	-0.0401145812	0.0170189171	-0.0593409968	-0.0238862666	-0.0265017806	0.0533542278	-0.0224350033	-0.0637665934	-0.1048190709	-0.0172175556	0.0812602097	0.0193759074	-0.0011816405	-0.0976792678	-0.0176043581	0.0411012119	-0.0294799244	0.0614288293	0.1143320827	0.0648796032	-0.0072263914	-0.0375079228	0.0661209552	-0.0390959363	0.0238218032	-0.0532024852	0.0193143933	-0.1013615963	0.0397738818	-0.0992098829	0.0308883712	0.0672489837	-0.0778263383	-0.01993895	-0.1006560536	0.0350819943	0.0768876923	-0.043657225	0.0024279196	0.0259868747	-0.0126715253	0.0309644024	0.0376354265	0.0467609907	-0.0742039313	-0.0466083444	0.0914516226	-0.0401822101	-0.0212749556	0.0624217294	-0.0484850609	-0.0297227775	-0.1055976843	0.102058224	-0.0430762412	0.0139682661	0.0276900049	-0.0782383392	0.0354678426	0.0578812122	-0.0410650801	-0.0126096462	-0.02927798	-0.036291094	-0.0217483534	0.0353684076	-0.0185667943	-0.0417352648	-0.0059214913	0.1025541146	-0.0077268261	0.1059333091	0.0337243262	0.0147059717	-0.0793041316	-0.0849796799	0.0014128143	0.0326944913	-0.0706519107	-0.0221052072	0.0099842911	0.0641406582	0.0442172784	-0.0114771921	-0.063533728	-0.0763732348	0.0276692138	0.0408772389	-0.0329768464	-0.0036472489	0.0136073243	-0.0336147058	0.0520032671	0.0603451581	0.0165575133	-0.0749343514	-0.0469489822	0.0558930371	0.0696177779	-0.0276578354	-0.0808350932	-0.0051268245	-0.0459685905633051	0.0001525396570655	0.0021131113183767	2.3268346977689792e-08	0.1126348167530721	0.0196339485665788	0.0126866019449981	0.000385491936315	-0.1243156276619927	0.0475050656945938	0.0154543752809952	0.0022567312666476	-0.0014236808763445	0.0006794517701304	2.026867237669044e-06	4.6165470793346973e-07	0.0031233378853701	-5.976098539999496e-07	9.755239546188169e-06	3.571375375978411e-13	-0.0011672804118664	-0.0002875618808775	1.3625435599269929e-06	8.269183533380554e-08	0.0	0.0	0.0	0.0	0.0	0.0	0.0	0.0	0.0	0.0	0.0	0.0	0.0	0.0	0.0
1921.8959078805387	2.33351538627403	3693683.88072796	5.445294057977635	2284.824377348929	19.365992228190407	5220422.435327921	375.0416549823312	2162.5255453310774	2.808289515635352	4676516.734209474	7.886490003627437	2162.029287662146	1397.9498430775068	1.077356	27.035372	0.1082348627901206	0.0582116907756449	0.0663072025	-0.0011760913	0.0350482475	-0.0375670267	-0.0801058514	-0.1031406774	0.0079297094	0.0216366514	-0.0588235885	0.0122187364	-0.0546800895	-0.0884889683	-0.0535203479	0.010485928	-0.01220284	0.0231646367	-0.0448519398	0.0021534103	0.1513196127	-0.0342229642	-0.04431545	-0.0242405847	0.0265561951	0.0402417588	0.0120126962	-0.002143757	0.0395084173	0.0827528807	0.0654009203	0.0095268935	0.0353125168	0.0213828165	0.0403322631	0.0343337323	-0.0468465504	-0.0637514455	-0.0719338986	0.0097948301	-0.0677787703	0.0020983096	0.0683106852	-0.0729431022	0.0054167945	-0.0897100014	-0.0849500779	-0.0816343655	0.0032049519	-0.1097480017	0.0096836233	-0.0495194357	-0.048474958	-0.0406656886	0.0008131346	-0.0083691446	-0.0242152087	-0.0635611326	-0.0437025766	0.0014895286	-0.0054707597	-0.0053960038	-0.0405437502	-0.0042757636	0.0966697579	-0.0838843874	0.0293263497	0.032988879	0.0194197782	-0.0300537428	-0.0403038332	0.0943735158	-0.1236549028	-0.0297275686	0.050953497	0.0748761011	-0.0295320211	0.0349861452	-0.0072543781	0.0032148962	-0.0254070116	0.034527726	0.0220117974	0.0327799675	0.0218808224	0.0023244211	-0.030390498	-0.1297288339	-0.0457608174	0.0267325803	0.0839278682	-0.0086116828	-0.0609295664	-0.0216557627	0.0425569476	-0.0315795319	0.0162239958	0.0553190826	0.0430390212	0.0435691586	-0.0017044788	-0.0566866764	-0.0028519006	-0.0687424768	0.05560948	-0.0287717714	0.0263572392	0.0898549913	0.0938217139	0.0250162625	0.0134819046	-0.023631617	-0.037979683	0.0352006577	-0.0354620052	-0.0145176069	0.0644576105	0.0159989952	-0.0183534718	-0.0127991158	0.0425891896	0.0650929757	-0.0690016615	-0.0227472487	0.1091205774	0.0266236832	-0.0053257251	-0.0884777145	-0.0302300091	0.0679613573	0.0593864203	0.0801365074	0.003592457	-0.0439798168	0.0350636326	0.1012914674	0.0523233207	0.0403559229	-0.01514231	0.0012105533	-0.030012128	0.0625688979	-0.0020321496	0.0157193527	-0.0755970167	-0.0448275254	0.05833645	0.0672896215	-0.0324269895	-0.0797754371	0.0017099414	-0.0648070859861889	-0.0188384954228837	0.0041999583940212	0.000354888909798	0.1119728332730858	-0.0006619834799863	0.0125379153912022	4.3822212777477945e-07	-0.1782554865296433	-0.0539398588676506	0.0317750184779198	0.002909508374662	-0.0011988562240736	0.0002248246522709	1.4372562460000098e-06	5.0546124268731123e-08	0.0033970889218495	0.0002737510364793	1.1540213142952596e-05	7.49396299735457e-08	-0.0009699656002247	0.0001973148116417	9.408332656192624e-07	3.89331348931996e-08	0.0	0.0	0.0	0.0	0.0	0.0	0.0	0.0	0.0	0.0	0.0	0.0	0.0	0.0	0.0
1920.1864629797883	-1.7094449007504409	3687116.05261083	2.9222018687016846	2273.681507919774	-11.14286942915487	5169627.599456337	124.1635391151942	2159.502735755744	-3.0228095753332127	4663452.065736543	9.137377728726156	2158.893072356218	1405.5510349228375	1.035835	25.993437	0.1161669307514211	0.0602425904132156	0.0537678646	-0.0077986548	0.1040853526	0.0057878884	-0.0516107339	-0.0768475622	-0.0107855654	-0.0098538108	-0.0511340937	0.0211128233	0.0423554008	-0.0544511959	-0.0576851	0.0293255387	-0.0178979426	0.0285958775	-0.0461464583	-0.0161981251	0.0934106191	-0.0204275334	0.0657436384	-0.0039759052	-0.0024526984	-0.0187546549	0.019365227	0.033647232	-0.0168864393	0.0343753881	0.0636874147	-0.0008835497	-0.0282088747	0.076253627	-0.085171067	0.0311107038	0.0081295901	-0.0036533798	-0.028183868	-0.1394284602	-0.0580394155	0.0740818222	-0.0445236504	0.013026325	0.064108819	0.0113910306	-0.0260702742	-0.0311604745	0.0294522203	0.0068931262	0.0660228479	0.0139598962	-0.0151549554	0.1220599369	-0.0046199056	0.0059795981	0.0820817259	-0.0718107315	0.0321996062	-0.0375798526	-0.0031273252	0.0577062158	-0.1094825676	-0.0239257624	-0.1018189532	0.0067872332	0.033226119	0.0399465776	0.0162781753	0.0192045347	-0.0487993176	0.0673539707	-0.0601952164	0.0430813037	0.0142511132	0.0550357638	-0.0284211561	-0.0137982547	-0.058564215	0.0566043415	0.0216326435	-0.0185462645	0.0621077073	-0.0053730753	0.0434604886	-0.0494785296	0.0319248479	-0.0138228268	0.0500197784	0.0560581406	0.0908497838	0.1114818373	-0.0362256115	0.0316988152	0.1202585939	-0.0075077177	-0.0539446909	-0.0359703487	-0.0512609267	0.0620576875	0.0319039461	0.0131623441	0.0091792391	0.0364014967	-0.0754757188	-0.039480724	0.0111149539	0.0058728851	0.0475393055	0.0111502909	-0.0435951597	-0.0316121129	0.0522387914	-0.0348446799	0.0238776102	-0.0463194293	-0.1354458668	0.0278843259	-0.0679654129	-0.0064332883	0.0660507576	0.048916309	-0.0377983349	-0.0101878878	-0.079154093	0.1165644275	0.0139606303	-0.0384277895	-0.0320322509	0.1118174495	0.0426329042	-0.007365443	0.0025547182	-0.0339367997	-0.0150933096	-0.0202666508	0.0380843341	0.0017363746	0.0063598423	-0.0398724838	0.0057010181	0.0046440225	0.0480023337	0.0148794683	-0.0762265226	-0.0426618292	0.0606775209	0.064777029	-0.0370681691	-0.0782873035	0.0085347133	-0.0742183885648444	-0.0094113025786555	0.0055083692011622	8.857261622700784e-05	0.0864742408725334	-0.0254985924005523	0.0074777943344809	0.0006501782144095	-0.1492663709872701	0.0289891155423731	0.0222804495077093	0.000840368819929	-0.0019699359267366	-0.000771079702663	3.880647555447588e-06	5.945639078588606e-07	0.0035803791393203	0.0001832902174708	1.2819114781279972e-05	3.359530382049318e-08	-0.0008789771157617	9.098848446299997e-05	7.726007700327569e-07	8.278904304873585e-09	0.0	0.0	0.0	0.0	0.0	0.0	0.0	0.0	0.0	0.0	0.0	0.0	0.0	0.0	0.0
1912.7835971735813	-7.402865806207046	3658741.089616305	54.8024221447095	2262.89028375799	-10.791224161784156	5120672.436326316	116.4505189098742	2152.237932298361	-7.264803457383095	4632128.117223925	52.77736927440538	2150.502021389688	1394.0481013504173	1.081394	27.136705	0.0789282161425605	0.0361716276398257	0.0795318167	0.0329711942	-0.0488790241	-0.0499488424	-0.0602074093	-0.0605056562	-0.0077191371	0.0038535022	0.0188266178	-0.0662882137	-0.0150706299	-0.0574208034	-0.0368225064	0.0228084073	0.0066789918	0.0248455042	-0.0153623213	-0.0449399763	-0.0431373078	0.0217100787	-0.0762815217	-0.0091408644	0.0452429064	0.042261154	0.0746343441	-0.0233936921	-0.0062626938	0.0545823375	0.1105332364	0.0712038914	-0.0379058984	0.064741933	-0.0085215037	-0.0402849502	0.0195664609	0.0667515223	-0.0566506584	-0.0458482542	0.0240134481	-0.0477567013	0.0587850125	0.1188756097	0.0321636618	-0.0555986642	0.0505234832	-0.0547322521	0.0108322665	-0.0063415427	-0.0743879023	0.0747058111	-0.0081538902	-0.028155322	-0.0185821	-0.0088471237	0.0042173799	0.0234544389	-0.0068557872	0.0061876536	-0.0078772511	-0.0352725382	-0.0172229742	0.0504700095	-0.0030586978	0.0423236058	0.0224948457	0.007359302	-0.0821567145	-0.0235615449	-0.0154049906	0.0033927492	0.0605601829	-0.0205116129	0.0603590068	0.0867055996	-0.049219609	-0.0309057782	0.0413226258	-0.0183512893	-0.0274659077	0.042298293	0.0413076105	-0.0290701179	0.14006432	-0.0323989899	0.0022182081	-0.0462505359	0.0234833563	-0.0368662639	0.0391017494	0.0516577855	0.040611663	0.0104753222	-0.0061217196	-0.0523248776	-0.0317313226	-0.058855349	-0.0502444116	-0.0769051217	0.0076396476	0.0086716375	0.0026319255	0.05887007	-0.0022231258	0.0415240472	0.1103644393	-0.0012304831	0.0160886579	0.0011853655	0.0492556111	-0.0013900127	-0.0442439944	-0.0227713222	-0.052654251	-0.0133740846	0.0247054078	0.0302572566	0.0495726853	-0.0101899831	0.0437755679	0.0501088508	-0.0238208186	-0.1103616066	0.0297775575	-0.0369152305	-0.0154508045	-0.039169223	-0.0527039378	0.1008349567	0.0165552744	0.0641914261	-0.0038603082	-0.0110753087	0.0117810273	0.0622228174	0.0332621544	-0.0155557798	-0.0146925243	-0.030407119	-0.0070952069	0.0035897375	0.037193134	0.0140379523	-0.0768225931	-0.0404540309	0.0629121428	0.0620868871	-0.0415630576	-0.0763786853	0.0152996203	-0.0628939348459027	0.0113244537189417	0.0039556470404006	0.0001282432520324	0.1169449202881622	0.0304706794156287	0.0136761143812046	0.00092846230405	-0.1368788614582001	0.01238750952907	0.0187358227140931	0.0001534503923328	-0.0017392123459292	0.0002307235808074	3.024859584232551e-06	5.323337074058893e-08	0.0034431593933528	-0.0001372197459675	1.1855346608033622e-05	1.882925868338525e-08	-0.0007520089729582	0.0001269681428035	5.655174954096468e-07	1.6120909286969975e-08	0.0	0.0	0.0	0.0	0.0	0.0	0.0	0.0	0.0	0.0	0.0	0.0	0.0	0.0	0.0
1915.9337783049373	3.150181131356021	3670802.242849832	9.9236411603515	2273.395193157774	10.504909399784085	5168325.704272873	110.35312149767198	2155.509728282154	3.2717959837927992	4646222.188719005	10.704648959562691	2153.796030936251	1392.1960952921888	0.9760700000000002	24.493679	0.0955824933242667	0.0459094767457412	0.0247009928	-0.0050493184	0.0998214707	-0.0304405303	-0.0230046737	-0.0804086417	-0.0706955376	-0.0143993958	-0.0641270762	-0.0215438025	0.0499412932	-0.0518920755	-0.059866108	0.0188531186	0.0289574665	0.0566331469	-0.0255111373	-0.0334354018	0.0227530046	-0.031171582	0.0125643441	0.0540830668	0.0159904553	0.0556827585	-0.0133609449	0.0411574498	0.0371454961	0.0147093617	-0.0028611269	-0.0073851466	-0.02511434	-0.0575260911	0.0132670424	0.034424261	0.0138747317	-0.0317436019	0.0080058853	-0.0624097968	0.0455085495	-0.0768701017	0.0156591804	-0.0133338479	-0.0304664976	0.0497653841	0.0457753129	5.39904e-05	-0.0501077804	-0.0289544426	0.0283541848	0.0013110884	0.0271692808	0.0429224052	0.0794980697	0.0427478172	0.105244642	0.0018276011	0.071830905	0.0174877976	0.0450422285	-0.0115636129	0.0153723513	0.0096246462	0.0022032877	0.0139387354	-0.0981810271	-0.0096156785	0.051543948	-0.018447056	-0.0253319526	0.0383989972	-0.007270915	0.0165529105	0.0072939223	0.0749209309	0.0002896461	-0.0683097451	0.0123133451	0.0512982163	0.0125423571	-0.0197241588	0.0319331022	0.0004805434	-0.0089638763	-0.0383685388	0.0312685013	-0.0024227484	0.0337490314	-0.0673445549	0.0186644559	-0.0121083307	-0.0318389022	-0.0274353223	-0.0325998068	0.0504837558	-0.0448099172	0.0100549661	0.0749388352	-0.0636883642	-0.0124063581	0.0026461431	0.0549088066	-0.0175901961	-0.0282093075	0.0219927758	0.0481557036	-0.0080489934	0.0139430596	-0.0390127157	0.0062758886	0.0745660903	0.0079345634	-0.0345985559	-0.0173196969	-0.0522544978	-0.0392056471	0.0944577024	-0.0387764849	-0.0075808705	0.0274920594	0.0580828202	-0.0502457569	-0.0081833217	0.026778407	0.0833022332	-0.006399002	-0.0099856699	-0.0508130374	0.1212493646	0.0709749227	0.0298441386	-0.0135939023	0.0111319189	0.0224172775	0.0139037741	0.0533381258	0.0282467065	0.0060458209	-0.0098714919	0.0033975506	-0.013072004	-0.0699267131	0.0131948967	-0.0773849666	-0.0382063093	0.0650363955	0.0592265694	-0.0458939156	-0.0740598336	0.0219572114	-0.0547328855684838	0.0081610492774188	0.0029956887626527	6.66027253084595e-05	0.0868722445297436	-0.0300726757584186	0.0075467868696355	0.0009043658272709	-0.1545074474983394	-0.0176285860401392	0.0238725513324521	0.0003107670457745	-0.0019346991772488	-0.0001954868313196	3.743060906447184e-06	3.8215101219377785e-08	0.0029723603829838	-0.000470799010369	8.834926246331601e-06	2.2165170816442975e-07	-0.0008801267762354	-0.0001281178032772	7.746231422465179e-07	1.641417151657533e-08	0.0	0.0	0.0	0.0	0.0	0.0	0.0	0.0	0.0	0.0	0.0	0.0	0.0	0.0	0.0
1912.259616928095	-3.674161376842221	3656736.8425339847	13.499461823079129	2255.6204746130743	-17.77471854469968	5087823.725493711	315.94061934329073	2154.59858715381	-0.9111411283438428	4642295.071765195	0.8301781557596911	2151.848646247912	1374.6789921830782	0.907648	22.776693	0.1136076042109649	0.0664901610635323	0.0244144286	0.006135033	0.0577654977	-0.0305858848	0.0012343614	-0.0106634399	-0.0949423024	0.0087814323	-0.0149673698	-0.0687936604	0.0244940612	-0.0010416489	-0.0388957504	0.0449632829	0.1402107904	0.0480038734	-0.023376897	0.0195604592	-0.0123643029	0.0350013647	0.0569874204	0.0026990781	-0.0286707493	-0.0553805023	0.045370591	0.0083602547	0.0504157486	0.0313778387	0.0250378212	0.0129505136	-0.0619338338	0.0461117726	-0.0411547302	-0.0072850279	-0.007236739	-0.0406075356	-0.0255603522	-0.0162640058	-0.0097442451	-0.0048348101	0.032958353	0.0360655121	-0.016632013	-0.0072472601	0.0672907722	-0.0271373093	-0.0001496285	0.0231315372	0.0271017591	0.042747248	-0.0419070791	-0.1036151548	0.0863709961	0.0389149539	-0.0247259889	0.0827038991	0.1341049628	-0.0289490721	-0.1214978996	-0.0502067358	-0.0252813085	0.022133173	0.0357660211	0.0452249906	-0.0439342031	0.0696681385	-0.0200551337	0.0019459213	-0.0227531863	-0.0338645317	0.025895806	0.0749714133	-0.0093873765	0.0337897412	-0.0388385423	-0.024515455	-0.0300333968	-0.0393219393	0.041144519	-0.0148936065	-0.0214569638	-0.0454638099	0.0404666782	0.0011269595	0.0438876081	0.0565536896	0.0109429086	-0.0415912516	0.0574472257	0.0152978751	-0.0248126689	0.0569490799	0.0826843306	-0.00314253	0.0085524412	-0.0342923557	0.0131720614	-0.0345644249	-0.0159273835	0.0229216149	0.0231710825	-0.0188239553	0.0915795765	0.0533959914	0.0142884681	-0.0356367926	0.0069850957	0.0819554215	0.0559287961	0.1397220089	-0.0591327523	-0.0046581064	-0.0046427545	0.0363175826	-0.0600123404	-0.0795933529	0.01341943	-0.005782646	0.017650873	0.0430690421	-0.0045262139	-0.1006424131	-0.0317900446	0.0181520452	-0.0227059054	0.0302198323	-0.0752617623	0.0936379581	0.0503023475	0.0814464067	-0.021279557	-0.0023495782	-0.0040161498	0.0517679169	0.0959166167	0.0190962026	-0.0151339515	0.033282763	-0.0037855145	-0.022096253	-0.1031558692	0.0123503943	-0.0779133966	-0.0359208828	0.0670465522	0.0562039158	-0.0500436514	-0.0713432033	0.0284607885	-0.0399752733824811	0.0147576121860026	0.0015980224820041	0.0002177871174324	0.1140063238866844	0.0271340793569408	0.0129974418861555	0.0007362582625487	-0.0947890631235779	0.0597183843747614	0.0089849664878456	0.0035662854323317	-0.0019741615083565	-3.946233110769994e-05	3.897313661076411e-06	1.5572755764537423e-09	0.0028389463647164	-0.0001334140182673	8.059616461736462e-06	1.77993002702541e-08	-0.0009472009927255	-6.707421649010002e-05	8.971897206201728e-07	4.498950517760805e-09	0.0	0.0	0.0	0.0	0.0	0.0	0.0	0.0	0.0	0.0	0.0	0.0	0.0	0.0	0.0
1915.513636360131	3.254019432035875	3669192.491081612	10.588642464067078	2250.877859173399	-4.742615439675319	5066451.136917024	22.49240120864672	2153.395922977085	-1.202664176725193	4637114.001094331	1.4464011219780866	2150.3235528654022	1394.761438304908	1.045465	26.235102	0.2631789054215913	0.1422073837150571	0.0482308949	9.1972e-05	0.0285027812	-0.0540162549	-0.0191134207	0.0109007013	-0.0314988781	0.0160900255	-0.0819133705	-0.08103173	-0.0689147566	-0.0368999366	-0.0098803293	-0.0541091897	0.0841474962	0.0753240349	-0.0019491095	-0.0263859521	0.0195299483	-0.0073683594	-0.031360869	0.0209182193	0.0777975899	0.0465457531	-0.0064980274	0.0334621365	-0.0132216651	0.0238009225	0.0517925132	-0.015180844	0.0290946264	0.027718191	-0.0383595814	-0.0894455837	0.0406165373	0.0649638934	0.0605838481	0.0018406071	0.05952569	0.0133700065	-0.032621264	0.0169487898	0.0879272037	-0.0027155116	0.0768773115	0.0044628313	0.0226676164	0.001478201	0.0032875135	-0.0550074177	0.0147793214	0.0573182436	0.0422580339	-0.0101169329	0.0350723208	-0.0194407167	0.0387962156	-0.0165165205	0.03988293	0.0353729638	-0.0562970022	0.0079634101	-0.0941305451	-0.0560476895	-0.0095078587	-0.036398205	-0.0260412501	-0.0009915816	-0.0025774434	0.0110070253	0.0101694327	0.0233168229	0.0584123154	0.0615187702	0.0103921781	-0.0470442397	0.1017851309	0.0245046614	-0.040396752	-0.0199519047	0.0082055684	-0.0467263496	0.0307848701	-0.0751366112	0.0275978044	-0.0016110467	-0.0339013982	0.035545188	0.0119273707	0.0472781328	0.081436422	0.037806375	-0.0471146986	0.084033821	-0.039533323	-0.0082531727	-0.0069417813	0.0099304114	0.0820501265	0.0422963	0.060660313	-0.0447880172	0.0461257612	0.0117549799	0.0494479108	0.0331569204	-0.0436153462	-0.0201979786	-0.0700441863	0.0139310556	0.0811994608	-0.0139307767	-0.034903573	-0.0228325267	-0.0388402278	0.0141544382	-0.0034201161	-0.0138099294	0.0323101134	0.0567401031	-0.0461332002	-0.0053716222	0.058661486	0.0384824434	-0.0130262659	0.006347383	-0.0314498642	0.1076008663	-0.0159502823	-0.0674179234	0.0191412671	-0.0023905755	0.0317607825	0.0144260334	0.0194228852	0.0144995555	0.0195104373	-0.0584309833	0.0666886775	0.0331993788	-0.0100733068	0.0115045374	-0.0784076511	-0.0336000067	0.0689390864	0.0530272111	-0.0539958877	-0.0682433853	0.0347647336	-0.0514391822057263	-0.0114639088232451	0.0026459894659939	0.0001314212055076	0.0903479597293426	-0.0236583641573417	0.0081627538272549	0.0005597181946013	-0.2280052386017672	-0.1332161754781892	0.0519863888298487	0.0177465494090357	-0.0029338491373381	-0.0009596876289816	8.607470760659515e-06	9.210003452203256e-07	0.0032381179872431	0.0003991716225267	1.0485408099307306e-05	1.5933798423059838e-07	-0.0004092511049775	0.000537949887748	1.6748646692530477e-07	2.893900817280858e-07	0.0	0.0	0.0	0.0	0.0	0.0	0.0	0.0	0.0	0.0	0.0	0.0	0.0	0.0	0.0
1917.6809916766013	2.1673553164703208	3677500.385837753	4.697429067832164	2249.3946440725617	-1.483215100837242	5059776.264782326	2.1999270353516303	2158.573207668903	5.177284691817931	4659438.292866016	26.80427678013229	2154.8897797206664	1404.4436532380746	0.971728	24.384727	0.1159641208970371	0.0523273694809475	0.033641473	-0.0047557472	0.0836850382	-0.0501207021	0.0332612456	0.0524680685	-0.0659968078	0.016259	-0.089143534	-0.033482812	0.0216778487	0.0401269301	-0.0379115948	0.0209113321	0.070686495	0.0180466853	-0.0414011201	0.0046260562	0.051095042	0.0175148791	0.031484827	0.0860616225	0.0054178163	0.0278428213	0.0310897628	-0.113219207	-0.0253185813	-0.0288513614	-0.0206915738	0.02895703	-0.0212843551	0.0308554991	-0.0627788379	0.0287331974	0.0745493562	-0.0220647425	0.0325186929	0.0780340381	-0.0372293129	-0.0150521169	-0.0277166358	-0.0226059048	-0.0352206513	0.0412284758	0.0283329093	0.0755064912	0.0570143784	0.0093932079	-0.0536421533	-0.0238330354	5.44661e-05	-0.0206594798	0.0505992052	0.0008553979	0.0102558659	0.0065122833	-0.015068368	0.0906644474	-0.0332168413	0.0553113894	-0.0329431214	0.1103994679	0.0464764834	0.0553629001	0.0280866945	-0.0070829294	-0.028443237	0.006250632	-0.0370479028	0.0078583939	-0.038660486	0.0717156599	0.0216860574	-0.0089163014	0.0047119288	-0.0559806371	0.0292513401	-0.0266834824	0.0952182593	0.0399807029	0.0451039232	-0.0326364736	-0.00243525	-0.0390751309	-0.0363451245	0.0019922908	0.0427744406	0.0309380409	-0.01949444	0.0012511626	0.0415457353	-0.0046156658	-0.0585810257	-0.003194947	0.0999258759	-0.0420020122	0.0536664003	0.0220334061	-0.0573996417	0.0275251527	-0.008434108	-0.0420675719	0.1020648031	-0.0267034747	-0.0780558548	-0.0027992924	-0.0323272838	-0.0557528461	0.0336309366	-0.0429475994	-0.0313858295	0.0130367433	-0.0475939811	0.0237425812	-0.0904069657	0.0285844092	0.046928732	-0.0133981881	0.0453687414	0.0341070856	0.004787668	-0.0050826558	-0.0639060711	0.1033504754	0.0013472972	0.0686139623	-0.0041450354	0.1061975428	-0.0333380852	-0.0554217598	0.0155173337	0.0020307433	-0.0036783304	-0.0533789298	0.0144018052	-0.0155598678	-0.0316812316	0.003161605	0.0464843858	0.0036696058	-0.0005880653	0.010657419	-0.0788675135	-0.0312459714	0.0707106781	0.0497051625	-0.0577350269	-0.064777029	0.040824829	-0.0376236904256899	0.0138154917800363	0.0014155420812481	0.0001908678131242	0.0859812240236124	-0.0043667357057302	0.0073927708845986	1.906838072369909e-05	-0.1891229894464317	0.0388822491553355	0.0357675051371551	0.0015118292993775	-0.0026481960423536	0.0002856530949845	7.01294227873727e-06	8.159769067422388e-08	0.0025038433390998	-0.0007342746481433	6.269231466754435e-06	5.391592589059676e-07	-0.0002511859629866	0.0001580651419909	6.309438800150557e-08	2.4984589112603392e-08	0.0	0.0	0.0	0.0	0.0	0.0	0.0	0.0	0.0	0.0	0.0	0.0	0.0	0.0	0.0
1911.1092749869024	-6.57171668969886	3652338.660940964	43.18746024966654	2244.920840176669	-4.473803895892615	5039669.578659522	20.014921298903943	2153.377278855037	-5.195928813865976	4637033.705089123	26.997676238762686	2149.726798067553	1370.8904773775585	0.965808	24.236168	0.1555615938328614	0.0926685537163253	0.0232843658	0.0472473554	0.014137645	-0.0786354722	0.044085959	0.1012374781	-0.0625516776	0.0255846759	-0.0241569812	-0.0735026182	-0.0049072671	0.0316405176	-0.0265602615	0.0470468874	0.0989270319	-0.0129421772	-0.0380039672	-0.013308323	-0.0369780901	0.0434796604	0.0493319777	0.0404723308	-0.0695730312	-0.0116829237	0.0654480141	-0.0463251225	-0.0090143503	0.0243133722	0.0633353057	0.0243464631	-0.0095968226	-0.0229347304	0.0736090358	-0.0553197176	0.0914979975	-0.0214149458	0.0192789311	-0.07869072	-0.0579528295	-0.016172684	0.0510695322	-0.0390359762	-0.0450818606	0.0074751593	-0.0205847932	-0.1162808715	-0.0384073039	-0.0601452936	-0.0316788439	0.0868062587	-0.0588801019	-0.0622718267	-0.0595892104	0.0169425619	0.0602659801	-0.0866361407	0.1099476333	-0.007841678	0.0387595372	0.0633567746	0.0311472044	0.024358865	0.0092097717	-0.0197587192	0.0134638392	-0.004549759	-0.0360441147	-0.0109676311	-0.0352653353	-0.0261431717	0.0438750123	0.0479808918	-0.0016476081	-0.0332935761	-0.0322473737	-0.0628099409	-0.0410708849	-0.0519929537	0.0697609083	-0.0120673249	0.0026811592	-0.1025836181	0.0292381951	-0.0365491727	0.0036048067	-0.0423709481	0.0361222409	-0.0367647022	0.1226991638	-0.0068732315	-0.0143649132	-0.0315753703	-0.0464102952	-0.0295352819	-0.01500424	0.0173066976	0.0482318269	0.0100306496	-0.0394706039	-0.0874668251	0.0018351189	-0.0172424814	-0.0317802963	-0.0168607166	0.1352040418	-0.0651138755	-0.019770449	0.0026458906	0.0782866876	0.0258291711	-0.0594999374	0.042873509	0.0676044632	-0.0462222654	0.0083500231	0.0237689502	0.0286470906	-0.0156559463	0.0150936484	0.0313137164	0.0396959045	-0.1127045432	-0.0089034502	-0.0081836345	-0.015978596	0.0735380612	-0.0730580583	0.0622793716	0.0398006904	0.0313309888	-0.0411582527	-0.010813259	-0.0149258079	-0.0009370499	0.0210268269	-0.0255520734	-0.0129167201	0.0289251368	0.0535736645	-0.0470510947	-0.0497474387	0.0098091318	-0.0792927819	-0.0288611001	0.0723582192	0.0462468756	-0.0612463124	-0.0609627523	0.0465985677	-0.0317979863394981	0.0058257040861918	0.0010111119352469	3.393882809987189e-05	0.1040488105181935	0.018067586494581	0.0108261549702509	0.0003264376817391	-0.1046690893720381	0.0844539000743935	0.0109556182699717	0.0071324612377756	-0.0021431533000884	0.0005050427422652	4.593106067679799e-06	2.550681715147533e-07	0.002496239177677	-7.604161422799637e-06	6.231210032169546e-06	5.7823270943994194e-11	-0.0006828271228525	-0.0004316411598659	4.662528797030231e-07	1.8631409089037945e-07	0.0	0.0	0.0	0.0	0.0	0.0	0.0	0.0	0.0	0.0	0.0	0.0	0.0	0.0	0.0
1916.1537808908745	5.044505903972095	3671645.3120223936	25.44703981520932	2266.656789375074	21.7359491984048	5137733.000820118	472.4514875556341	2158.395368169083	5.018089314046392	4658670.565333752	25.18122036374659	2154.696995957093	1382.1661899435264	0.942883	23.660868	0.1161771154793909	0.0569419547334489	-0.0133532245	0.0179908324	0.0179838799	-0.1175077734	0.0250899263	0.0704571521	-0.0243028969	0.0405038237	-0.0497739278	-0.0231126326	-0.027240918	-0.0401304727	-0.0578948584	0.031821751	0.0488596213	0.0223572946	-0.0378236568	0.0023347096	0.040015586	-0.0639876962	0.0213381713	0.0188538628	-0.0404851707	-0.0288308587	0.01396532	-0.0551835832	0.0174653786	-0.030955511	0.0286600203	0.0019890395	-0.0086558575	-0.0131591529	0.0315818792	-0.0445906492	-0.0241781466	0.0294057173	0.015333411	-0.0148616734	-0.0260245135	0.0605161398	0.075912487	0.030568661	-0.0253889487	-0.1031566301	0.0621490027	0.0285468341	0.0551825235	0.0156338554	0.1197192804	0.0168466959	-0.0446246252	0.1205480162	0.0144827208	0.0085903698	-0.0776820775	-0.0051139831	0.0024665948	-0.0453768356	0.0234068855	-0.0537289061	0.0285501378	-0.0322605933	-0.0212205975	-0.001825081	0.1106711078	0.0204303362	-0.0542717418	0.00866082	-0.0313341491	0.0049077428	-0.0274369656	0.0372678627	0.0369731713	-0.0053780576	0.0783426627	-0.0305949003	-0.0081977826	-0.0490910483	0.06111933	-0.0264949961	-0.0004892085	-0.0205799222	0.0032873916	-0.0598971028	0.0291144247	-0.0644074337	-0.0384062527	-0.0422448254	0.0344132695	-0.036355347	0.0330087148	0.0272379153	0.0140418034	-0.0568675715	-0.0173502092	-0.0133547547	0.0035410283	0.0707366343	0.053418999	0.0295390908	0.1549781195	0.0604240955	0.0192906512	-0.0311379062	-0.0382404519	0.0935623185	0.0178373391	0.0074964967	-0.0697648749	0.0546678285	-0.0280489302	-0.007205218	0.0167339019	-0.0483743628	0.0930332128	-0.0311268459	0.0039260411	-0.0209397595	-0.0219890433	0.0488858286	-0.0142950415	-0.0330427573	0.1243200353	0.0492973395	-0.0313816998	0.0802477752	-0.0593352521	0.0586633175	0.0499644634	0.0012858165	-0.0317428986	-0.0278261009	0.0310897106	-0.003150701	-0.0025305288	0.0448395318	-0.0112877203	0.0147416093	0.0636894776	-0.020388593	0.0193859674	0.008959769	-0.0796832699	-0.0264477464	0.0738788195	0.0426618292	-0.0645158866	-0.0568210419	0.0520454508	-0.0514904904854347	-0.0196925041459366	0.0026512706104306	0.0003877947195377	0.0914899369685855	-0.0125588735496079	0.0083704085665157	0.000157725304835	-0.1453753004430495	-0.0407062110710114	0.0211339779789069	0.0016569956197577	-0.0021809072955853	-3.7753995496899936e-05	4.756356631937187e-06	1.4253641759799404e-09	0.0027130901016512	0.0002168509239741	7.360857899677719e-06	4.702432322846421e-08	-7.304150806690065e-05	0.0006097856147855	5.3350619006871135e-09	3.718384959994514e-07	0.0	0.0	0.0	0.0	0.0	0.0	0.0	0.0	0.0	0.0	0.0	0.0	0.0	0.0	0.0
1918.6445582284591	2.490777337584632	3681196.940819679	6.203971745425187	2250.261948556611	-16.394840818462853	5063678.837121796	268.7908054627357	2156.195801879569	-2.199566289514223	4649180.3360430775	4.838091861967367	2152.222955379846	1397.6707200029966	0.961053	24.116833	0.0724485972442429	0.0386496261284806	-0.0567979978	0.0098815148	0.1365565747	-0.1065286017	0.0820887853	0.1014569374	-0.0685502042	0.0049265886	-0.0411150688	0.0313462946	0.0680359444	0.0437627735	-0.0936419648	0.0604097499	0.0061310679	0.0269038721	-0.0220880072	-0.0070190899	0.0049537813	0.0362623935	0.0381348132	0.0441358006	0.0056381013	0.0144803072	-0.0523361589	0.0087111374	-0.0762145863	-0.0224655926	-0.0334836026	-0.0816202148	0.0002986825	0.0562775435	0.0311118023	0.0660039171	-0.0627203807	0.0492124137	-0.0616077897	0.0618300262	-0.0260233921	-0.0124350527	0.081295793	0.0050781762	-0.0574458864	0.0992082899	0.0689815002	-0.0177122649	-0.0302440135	0.0391900145	-0.0085525695	0.0044392087	-0.0290145649	0.0162200002	0.0079532536	0.0009447798	-0.0292622133	-0.0253977475	-0.0046098492	-0.039049099	0.0422670559	-0.0197170857	0.0610491816	0.0160253409	0.0790568665	-0.0232720351	0.021083744	-0.0018474785	-0.0438155099	0.0228661327	-0.0272086783	0.0080439743	0.0041095801	0.0878202218	-0.0511220482	-0.0885887439	0.0002551841	-0.0208677791	-0.0055611658	0.00198052	-0.0228744447	0.0075426238	0.0753965752	0.0908716221	-0.0332833365	-0.060991162	-0.0735017654	-0.0245363456	-0.0701694947	-0.0527406326	0.0015437955	0.0260742493	0.0091031089	0.0153200594	-0.0240429601	-0.0225354281	-0.0545351245	0.0231487163	0.0253416768	-0.0542639358	-0.0860547042	0.0659935228	0.0321858488	-0.0092400514	0.0387030175	-0.0243053758	-0.004603673	-0.0063499869	-0.0351360439	-0.0321494305	-0.018921581	0.085492963	-0.0558244697	0.0275029179	-0.02879835	-0.0764233909	0.0475641072	-0.0231679081	0.0435947444	-0.0165300599	-0.0254699093	0.033641443	0.0254879643	-0.0204393113	0.0001468274	0.1201055538	-0.0166175422	0.1247874056	-0.0738970082	0.0234302044	0.0940003385	0.0054145325	-0.077521235	-0.0341120207	-0.0321599615	-0.0804532744	0.0222496882	0.0162367704	-0.0167804622	0.0066571647	0.0233814242	-0.0343364274	0.0314728323	0.0081094236	-0.0800388062	-0.024008292	0.0752698111	0.0389598496	-0.0675308461	-0.0523741431	0.0571272725	-0.041052461612054	0.0104380288733806	0.0016853046044091	0.0001089524467615	0.0853783436262034	-0.006111593342382	0.007289461560354	3.7351573182649126e-05	-0.1077912160784393	0.0375840843646101	0.0116189462636687	0.0014125633975261	-0.00216427159732	1.6635698265299835e-05	4.6840715469660645e-06	2.7674645677409994e-10	0.0024762073284663	-0.0002368827731849	6.13160273355021e-06	5.611344823176883e-08	-0.0001858208498941	-0.0001127793418271	3.4529388255365646e-08	1.271917994297628e-08	0.0	0.0	0.0	0.0	0.0	0.0	0.0	0.0	0.0	0.0	0.0	0.0	0.0	0.0	0.0
1913.1148336466413	-5.529724581817845	3660008.366718816	30.577853950760545	2263.117090629809	12.85514207319784	5121698.96590073	165.25467772210126	2149.537708429567	-6.65809345000207	4620512.359960634	44.33020838896047	2147.083268843357	1391.3106728075802	1.030191	25.851793	0.0557215813324976	0.025406053800401	-0.0315983128	0.0497214332	-0.0326104255	-0.1400448994	0.0405999167	0.0793669427	0.0409528293	0.0543188752	0.0195412408	0.0159078497	0.0042856705	0.0504166034	-0.0125415408	0.0535238258	0.1117730437	0.0237147009	-0.0032977668	-0.0595424115	-0.138384316	0.0421305271	0.0139239183	0.0240101464	-0.0274686259	0.0238146349	0.003461807	-0.0744328267	0.026894086	-0.0261618021	0.0100229515	0.0454361433	-0.0381412804	0.0073336866	0.0745571874	0.0239677893	-0.0054363231	0.0794208118	0.0280988662	-0.0278453961	0.0733986809	-0.0187650658	0.0581643997	-0.0167239595	0.0421505944	-0.0438806475	0.086585222	-0.0661049407	-0.0237118692	-0.0851401039	0.0835613662	-0.0242439389	-0.0664644223	0.0225399718	-0.0013807414	-0.0637670843	-0.0417476962	-0.0283993388	-0.0510164103	-0.013067398	-0.0791858752	-0.0557771766	0.0412724531	-0.0763965799	-0.0468561597	0.0257249631	-0.0002092807	-0.0309632495	0.0456643031	0.0848171842	-0.0116499415	-0.0350360544	0.1453135432	-0.0029043883	0.0111475623	-0.0755113034	-0.0036491652	-0.0414706056	-0.0082291355	-0.0062293287	0.014169788	0.0603142613	0.0245990972	0.0245433239	0.0048189976	0.0173619452	0.0172308567	-0.0735387628	0.0139332067	-0.0491640839	0.0732399939	-0.0389091881	0.0494661438	-0.0211702507	0.0072839767	-0.0214581348	-0.0368914854	-0.0233545429	-0.0400325937	-0.0787480466	0.107844311	-0.0020269796	0.0164097407	-0.0685608627	-0.0456382099	0.0061030026	0.0541157945	0.0524161072	-0.0339128938	-0.0362357903	-0.0106564155	0.0015151569	-0.0894719232	0.0130830581	-0.0323903453	0.0922741529	0.0247496017	-0.0797481599	-0.0320822763	-0.026432444	-0.0347016878	0.0208684627	0.0741007809	-0.1401885011	0.0405810904	-0.0043460345	-0.0121235792	0.0902854223	-0.0853335848	-0.0138725627	0.0883455932	-0.0146305514	-0.06155059	-0.0490783371	-0.0341339773	-0.0358142192	-0.0333178674	-0.0318777659	0.0232056283	0.0149991067	-0.0286763905	0.0005194426	0.0668129538	0.0072581889	-0.0803592349	-0.0215451443	0.076528754	0.0351510839	-0.0702792922	-0.0476459404	0.0618083875	-0.0342397379115624	0.0068127237004916	0.0011723596522524	4.641320421923999e-05	0.0933067348364318	0.0079283912102283	0.0087061467658361	6.285938718242691e-05	-0.1004829174761567	0.0073082986022826	0.0100968167045201	5.341122846012586e-05	-0.0018560784953633	0.0003081931019567	3.445027380950092e-06	9.49829880936929e-08	0.0027132955081861	0.0002370881797198	7.361972514742867e-06	5.621080496284824e-08	-0.0003139829246075	-0.0001281620747134	9.858527694507905e-08	1.6425517394843127e-08	0.0	0.0	0.0	0.0	0.0	0.0	0.0	0.0	0.0	0.0	0.0	0.0	0.0	0.0	0.0
1915.219468298421	2.1046346517796337	3668065.6117492863	4.42948701747158	2249.3009400801225	-13.816150549686428	5059354.719045322	190.88601601160053	2151.139887243433	1.6021788138659758	4627402.814489689	2.566976951600985	2148.25069313929	1411.6536670354087	1.147986	28.807775	0.0939213154696842	0.0479148589641137	-0.091755584	-0.0193575878	0.1908712643	-0.1504785782	0.0895740016	0.0665832863	-0.0200289216	-0.0217337665	-0.072107221	0.0539225175	0.0921213211	0.1107268332	0.0028090176	0.0631129256	-0.0072046855	0.040435702	0.0004539608	-0.040312904	-0.0654356532	0.0106886653	0.0625514009	0.0173743648	0.0750603497	-0.0296071533	-0.0381072332	0.073259637	-0.078294788	-0.0448249849	-0.0059353727	-0.0607631659	-0.0197990095	0.0264859499	0.0257048472	0.0687572223	-0.0478730783	0.0080144213	-0.0196757064	0.0037687215	-0.0115101672	0.0404253161	-0.0130413694	0.0311977214	-0.0361086891	-0.0899777778	-0.027160167	0.0207394098	-0.0237102102	-0.0114209018	-0.1068563224	-0.0703980031	0.0751224557	0.0534572074	0.076012768	0.0372114734	0.0832709277	-0.0658024922	-0.0294675964	-0.053173325	-0.0596987613	-0.0496973501	-0.0230710363	0.0170085753	0.0311817396	0.0016377744	0.070855134	-0.0101941957	-0.0634882499	-0.1107979006	-0.0090054086	0.0328943081	0.0542903334	0.0744752136	-0.1120280017	-0.086430843	0.0386791617	-0.017740216	0.0426778155	-0.0098299684	-0.1072568547	-0.0371323455	0.0798104474	0.095374763	-0.0412552769	-0.0120896801	-0.0158984275	-0.0368009229	-0.0327903065	-0.0258847917	0.0291665944	-0.0077279434	-0.0123011089	-0.0418285178	0.0415275768	-0.0040457569	-0.001205165	-0.0225080509	-0.0236081889	0.0314931163	0.0008132316	-0.0109403598	-0.0051442468	0.0087186031	0.0367429652	0.0483930852	-0.0221762335	0.0518699202	0.0425124811	-0.0431346697	-0.0066458232	-0.059468933	0.0751624882	0.1073060865	-0.0623906803	-0.149288295	-0.0413690224	-0.0792040248	-0.0160869497	-0.0183425314	-0.0702573974	0.0580347005	-0.0266140655	0.0020040824	0.1160292531	0.1229161884	-0.0325293464	0.1300299398	-0.0855301667	-0.0713149609	0.1604855382	0.0532181438	-0.1041682137	-0.0014930023	-0.0190385171	-0.0516606911	0.0139675724	0.064215939	0.0575050632	-0.0092557805	0.0111579085	-0.0384328156	0.0651367127	0.0064061583	-0.0806444153	-0.0190607341	0.0776534394	0.0312459714	-0.0727503781	-0.0426618292	0.066055961	-0.0235808662697394	0.010658871641823	0.0005560572540313	0.0001136115446768	0.0601805585307175	-0.0331261763057143	0.0036216996250691	0.0010973435566372	-0.0826900925043148	0.0177928249718418	0.0068376513983721	0.0003165846204786	-0.0022728193703871	-0.0004167408750238	5.165707890406814e-06	1.736729569156025e-07	0.0026571697966712	-5.6125711514900135e-05	7.060551328341666e-06	3.1500954930537933e-09	-0.0001399806601401	0.0001740022644674	1.959458521325818e-08	3.0276788039783026e-08	0.0	0.0	0.0	0.0	0.0	0.0	0.0	0.0	0.0	0.0	0.0	0.0	0.0	0.0	0.0
1918.558295036899	3.3388267384780197	3680865.9314548927	11.147763989575768	2263.4333040642014	14.132363984078893	5123130.321946988	199.72371177849024	2156.6155801885843	5.475692945151423	4650990.760712144	29.983213229581057	2154.89202964031	1407.7470687313487	0.992912	24.916325	0.0733350410669177	0.0394546163829795	-0.0712427156	0.0289217659	0.0798661402	-0.0918132479	0.0257715133	0.0597099855	0.008431667	0.0284313287	-0.0101585997	0.0897784798	0.1096266348	0.079561888	-0.0122644959	0.0728626849	0.0076873101	0.0460951905	-0.0140063945	-0.0244702924	-0.0035399978	0.0161701055	0.046900186	-0.0022293242	0.0043150939	-0.0349524159	-0.0600481107	-0.0283608711	-0.0752157217	-0.0182810236	-0.0103154994	-0.0591278977	-0.0155565374	0.0798966622	-0.0284572923	0.0690132489	-0.0499458173	0.0555635215	0.0349938698	-0.0563396431	0.0467658185	-0.0547452417	0.0443070746	-0.0357417792	0.001381097	-0.0374163955	0.0832771002	0.0714600267	0.0401557464	-0.0622005585	0.0540133459	0.0397733315	0.1164333473	0.0285556482	-0.0307881497	0.023635348	0.0072157164	0.0024898836	-0.0439889113	-0.1219668258	0.1048852798	0.0728683395	-0.0192526763	-0.0564909832	0.0347681519	-0.0197167483	0.0195413667	-0.0120824199	-0.0740513203	0.0354007719	-0.0232445727	0.0244727426	0.0263116086	0.0418401566	-0.0423231157	-0.1145429315	0.0147009105	0.0331649874	-0.0334039294	0.0218780685	-0.0331450009	0.038025049	0.0929421559	0.0744156591	-0.025953188	-0.0702118649	0.029581834	-0.0158254121	-0.048860698	-0.0047526869	0.0148716812	0.0540509641	0.0001900018	0.0516567066	0.1192968147	0.0398262824	0.0039609125	0.0120763492	-0.0088383276	-0.098252699	0.0813862314	0.0158344422	0.0865099427	0.0334211364	-0.079259296	0.0377939742	-0.0751711015	0.0304851014	-0.0077840774	-0.0651187984	0.0035237631	-0.0689528726	0.0349430962	0.0168848005	0.0303381911	-0.0373679175	0.0316823573	0.0716981709	-0.0056867288	-0.0244193026	-0.0427650704	0.0252986767	0.0423931667	-0.0515779152	0.0034549226	0.1114763121	0.005203443	0.1002547313	-0.0285050418	-0.0713175306	0.0972825118	0.0267321417	-0.0610041491	-0.0467091062	-0.0667977414	-0.0929019561	-0.0118773662	0.0113970551	0.0442428554	0.018323926	-0.0549583408	-0.0538395963	0.0286402108	0.0055534252	-0.0808942224	-0.0165575133	0.0786418943	0.0272552159	-0.0749343514	-0.0374485793	0.0698401994	-0.0196929534665457	0.0038879128031936	0.0003878124162355	1.5115865965237487e-05	0.0604572679678625	0.000276709437145	0.0036550812501379	7.656811260510313e-08	-0.1077600666504139	-0.0250699741460991	0.0116122319645016	0.000628503603686	-0.0025130321360492	-0.000240212765662	6.315330516816004e-06	5.7702172787034855e-08	0.0022860215794817	-0.0003711482171894	5.225894661856007e-06	1.3775099912294418e-07	-0.0004106285708981	-0.000270647910758	1.68615823237816e-07	7.325029159767033e-08	0.0	0.0	0.0	0.0	0.0	0.0	0.0	0.0	0.0	0.0	0.0	0.0	0.0	0.0	0.0
1917.133288721977	-1.4250063149220296	3675400.046725943	2.0306429975676625	2265.623078548547	2.1897744843454348	5133047.934051795	4.795112292290315	2155.5699481718952	-1.0456320166890691	4646481.801461787	1.0933463143252498	2152.445460161573	1401.4362067632608	0.893856	22.430582	0.0631563648107103	0.0323147539455877	-0.0460103819	0.0396316974	0.0514191619	-0.0843106813	0.0172700955	0.0283666508	0.0645974164	0.016007537	-0.0084540023	0.0852119579	-0.0066915305	0.0765577706	-0.0469695825	0.0886932962	0.0239325693	0.001526727	-0.0344548282	-0.0341597221	-0.0653986078	0.0630766196	-0.0125268348	-0.037220854	-0.0081773707	-0.0652783527	-0.0697248865	-0.0066427156	-0.0442852235	-0.0143407219	0.0225518518	0.0350457677	-0.0500515393	-0.0002005024	0.0427702512	0.1092089713	-0.0325449869	0.0320052308	0.0133092334	-0.006948939	0.0213872069	0.0315309323	-0.0042515567	0.0074729239	-0.0479595007	-0.0529293493	0.0510675581	0.0140197	0.0013997581	-0.0179748854	0.0556912257	0.019023983	0.0568875051	-0.0613958291	0.0162136477	0.0115559205	-0.0130358248	-0.0132609767	0.0765312693	0.1197406379	0.0407638988	-0.0561715897	-0.0002163503	-0.0129286519	-0.0594692303	0.0323004501	0.0050501428	0.0426249823	-0.0449433167	-0.0972922153	-0.0369704315	-0.0121338502	0.0624463606	-0.0051541342	-0.0736729512	-0.1100404864	-0.021372099	0.0611988167	0.0219153553	0.0229807261	-0.0283202307	-2.41878e-05	0.0055928412	0.0528212449	0.0708811913	-0.0252292471	0.0320875688	0.0053445667	0.0002413917	-0.0359727574	0.0250593433	-0.0483042316	-0.0252250569	0.0251461984	0.0016717422	-0.0511533376	-0.0398685498	-0.0166494228	-0.0509976464	0.0272691822	-0.0007215636	-0.0363525187	0.1391494476	-0.0493820921	0.026232075	0.0368843815	-0.0180984597	0.0001488215	-0.0548272024	-0.0197334841	0.1352434616	0.0431240024	0.0343843767	-0.024753391	0.0510631287	0.00844007	-0.0110432331	-0.0495139111	0.0637550673	-0.0221652739	-0.0404445173	0.0246892314	0.0306167555	-0.0945236082	0.0347319857	0.0593425294	0.0021054222	0.0682942611	-0.0479946398	-0.1034267185	0.1099906457	0.0370837646	-0.0808790894	-0.0247962608	-0.0728717703	-0.0559080931	0.0004937864	-0.0162928419	0.0312423081	-0.041970305	-0.0866409756	-0.0201593184	-0.0472699085	0.0047000831	-0.0811085467	-0.0140379523	0.0794923845	0.0231897558	-0.0768225931	-0.0320341914	0.073134559	-0.0194290043584857	0.00026394910806	0.000377486210362	6.966913164567028e-08	0.0792626941443899	0.0188054261765273	0.0062825746830271	0.0003536440536808	-0.1251785144003818	-0.0174184477499678	0.0156696604674865	0.0003034023220183	-0.0025158121809322	-2.7800448830000643e-06	6.329310929726832e-06	7.728649551494841e-12	0.0027141536341326	0.0004281320546509	7.3666299496752e-06	1.8329705621960125e-07	-0.0005130873068873	-0.0001024587359892	2.632585844888624e-07	1.0497792580504593e-08	0.0	0.0	0.0	0.0	0.0	0.0	0.0	0.0	0.0	0.0	0.0	0.0	0.0	0.0	0.0
1916.9097951469248	-0.223493575052089	3674543.162730226	0.0499493780895637	2273.220631917318	7.5975533687710595	5167532.04137457	57.72281719132448	2158.1173444027154	2.5473962308201408	4657470.472211828	6.48922755679666	2159.3826783378167	1408.9511456976593	1.074623	26.966799	0.1833902951057903	0.1204044341384254	-0.0325169232	0.0579347167	-0.106191003	-0.0573849793	-0.0973953737	0.0003755654	0.1119667295	0.060427744	0.0581218554	0.0063755262	-0.0651155107	0.0037160153	0.0848546692	-0.0279974023	0.0062623029	-0.0094396051	-0.0328321078	-0.0228697247	-0.0109711363	-0.0088521691	-0.0546275797	-0.0189754196	-0.0072111521	-0.0502593113	-0.0687300213	-0.0115787598	0.0045074287	0.0211553597	-0.0088978484	0.0106474925	0.0113564456	0.009217506	-0.0086049627	-0.0395562075	-0.0451417204	-0.039306022	-0.0343610497	-0.0660823345	0.0851460269	0.0589655926	0.1236493168	-0.0619861568	-0.0754113785	0.0606569899	-0.0376182255	0.0157109734	-0.0626267886	-0.029881866	0.0172570089	-0.0560257522	-0.0652387811	-0.0356256297	-0.0228399545	-0.0117637882	-0.0159520311	-0.0245396533	-0.0976419922	-0.0380549717	-0.0844598382	-0.0610237751	0.0368279312	0.0016181856	-0.0311917075	-0.0787947931	0.0134105661	-0.0375172949	-0.1029947202	-0.0357845188	-0.0354189343	0.0104373455	0.0259808609	-0.0886285857	0.0510563611	-0.0330440775	0.0171433834	0.0467487784	0.0042911467	-0.0033117754	-0.0216803962	0.0172425336	-0.0343297164	-0.0396285349	-0.0678021024	0.0461161925	0.0794329861	0.0104054974	-0.0685605819	0.0094280807	0.054708466	0.066792819	-0.0177908234	-0.0460479154	0.0924355142	-0.0160657027	-0.0357261473	0.0336140249	0.0326330955	-0.0079230394	-0.059491225	0.006704234	0.0265216944	0.0046621997	-0.0617590533	0.0260309567	-0.0106566566	0.0214086989	-0.0447731455	-0.0405664349	-0.0484826881	-0.0108949985	-0.0725075191	0.005223516	-0.0979193418	0.0277343708	0.088909342	-0.1615761692	-0.0079015459	-0.0330754577	-0.036162597	0.0144162672	0.0566178526	-0.0832891786	0.0725211556	0.0083019974	0.0277719567	-0.0238504957	0.0118843105	-0.0655487962	0.0310207938	-0.0608993453	-0.0173281288	-0.0771225228	-0.0372355353	-0.0701444073	-0.0936669554	-0.0470345207	0.0384170845	-0.0361458681	-0.0694750101	-0.0054086452	-0.0043491123	0.0038462256	-0.081287294	-0.0115045374	0.0802034182	0.0190607341	-0.0784076511	-0.0264477464	0.0759159322	-0.0193304806225853	9.852373590039933e-05	0.0003736674811001	9.706926535771633e-09	0.0509206267985717	-0.0283420673458182	0.0025929102335594	0.0008032727814348	-0.2375436464575386	-0.1123651320571567	0.056426983972344	0.0126259229022222	-0.0032689459073981	-0.0007531337264659	1.0686007345494786e-05	5.672104099404132e-07	0.002714189230011	3.559587839980019e-08	7.366823176307705e-06	1.2670665590533617e-15	-0.0004145651898933	9.852211699400002e-05	1.718642966712679e-07	9.706607536979428e-09	0.0	0.0	0.0	0.0	0.0	0.0	0.0	0.0	0.0	0.0	0.0	0.0	0.0	0.0	0.0
1917.7214387215668	0.8116435746419484	3677655.516532316	0.65876529225756	2305.0673393480706	31.84670743075276	5313335.438929194	1014.2127741799628	2160.8794812984515	2.7621368957361483	4669400.132696665	7.629400230786926	2167.335554910656	1404.8174663178995	1.317646	33.065247	0.2557795527753655	0.1711075675119815	-0.0004304883	0.048442135	-0.2944085891	0.0386064107	-0.202619503	-0.025040269	0.2130583859	0.1913431759	0.0888972474	-0.0255467014	-0.0200363749	-0.2640318943	0.1587550068	-0.0971960466	-0.0255671945	-0.0843045594	-0.0502640639	-0.0570389759	0.001757601	0.0357912435	-0.1850836268	0.0100654691	-0.115616499	0.0269907823	-0.0435108948	0.0348870021	0.0602531119	0.1075861951	-0.0285370176	0.006824192	0.0802912786	-0.0813232779	-0.0232058408	-0.0184229144	-0.0230583835	-0.0122438658	0.0388210475	-0.0800705951	0.0080755344	0.0507571372	-0.0851226994	-0.0388161696	0.0224981994	0.0907917514	0.029822224	0.0753651356	0.1197487699	-0.1380417314	0.0303576266	-0.0739710933	-0.0028814835	-0.0070433585	-0.1239345012	-0.01532362	0.0588745368	0.071283305	-0.1124792468	-0.0672966159	-0.0841198433	-0.1001657406	-0.0048091031	-0.0989471266	0.0217890933	0.0639658424	-0.0174819073	-0.1520715014	0.0470461676	-0.0401838422	-0.0611910224	0.0296912433	0.0417980892	-0.2093154155	0.1800342678	0.0048286257	-0.0988936931	0.0463576565	-0.0995091339	0.0062256176	-0.0243252569	0.0939696204	-0.0122271086	-0.0470192686	-0.2131951043	0.1204783391	0.2351673035	-0.0129059303	-0.0252650898	0.0630461199	-0.0120423814	0.0406641005	-0.0439063413	0.0641838303	0.0123596187	0.2486849028	-0.0570808174	-0.0408331943	0.0431481101	0.0461254773	-0.0587576935	0.0766371523	-0.1059585749	0.1195104202	-0.005488512	0.0380596243	-0.0614855028	0.0014955626	0.0002805767	-0.0408665305	-0.0006064603	-0.0951464186	-0.0233650453	-0.057094106	-0.073531913	0.0512384333	0.0723280288	0.0208166226	-0.0434229186	-0.0268780449	0.0052597419	-0.0131486248	0.1392700336	-0.0533677537	-0.0418994831	-0.0602027596	0.0844130144	-0.1460488461	0.1325923035	-0.0016699017	-0.1242057415	-0.2381808396	0.0825184979	-0.106743138	0.0011259352	-0.1133862294	-0.2330239378	-0.1372954971	-0.0156563822	-0.0168875618	0.0398929959	0.072971801	0.0825297087	0.0029919463	-0.0814303861	-0.008959769	0.0807737477	0.0148794683	-0.0796832699	-0.0207192494	0.0781648097	0.0209781565166053	0.0403086371391906	0.0004400830508351	0.0016247862280189	0.0617116916458684	0.0107910648472967	0.0038083328857947	0.0001164470805385	-0.4036794356383169	-0.1661357891807783	0.16295708675727	0.02760110044672	-0.0037881789566506	-0.0005192330492525	1.4350299807610427e-05	2.696029594360492e-07	0.0027761577601883	6.196853017729998e-05	7.707051909453718e-06	3.840098732334938e-09	-0.0006042448426255	-0.0001896796527321	3.651118298395152e-07	3.597837066060796e-08	0.0	0.0	0.0	0.0	0.0	0.0	0.0	0.0	0.0	0.0	0.0	0.0	0.0	0.0	0.0
1912.1467129818143	-5.574725739752466	3656305.051967157	31.077567073458685	2272.6838156960225	-32.3835236520481	5165091.726126633	1048.692604122759	2149.0661445362707	-11.813336762180825	4618485.293591991	139.55492545669293	2147.182211757956	1380.4235668182373	1.558904	39.119423	0.2620319809991648	0.177724848623636	0.0036651215	0.0092293283	-0.0396891774	0.0004231286	-0.0583290054	-0.0787591303	0.0738561333	0.028942697	-0.007958842	-0.0269941072	-0.042511533	-0.0068295012	0.0455649053	0.0475367374	-0.0354757887	-0.0383102847	0.0121866394	-0.0823612551	-0.1330291567	-0.0124450137	-0.0654870959	0.0349662744	0.0753100081	-0.0019840299	-0.0380705688	0.0483078963	-0.0487199222	0.0966574719	0.0040059128	0.0263660424	-0.0013535783	-0.1077712406	-0.1392063068	-0.0454778551	-0.1108452772	-0.029572486	0.0954628962	0.0128601081	0.0712212525	-0.1093659814	-0.0522724372	0.0500153972	-0.0165965047	-0.0466399192	-0.0663093165	-0.0234372005	0.0382583565	-0.0011383804	0.0271501258	0.0076745545	-0.0400319036	0.0955300284	0.1806979137	0.0413980122	0.0816930024	0.0186881955	-0.0226867226	-0.0162829673	-0.0108075441	0.0674014113	0.0482903621	-0.091429287	-0.1116405086	0.0392229332	-0.139479089	0.0094474198	-0.1017426012	0.0619868454	0.0114249149	0.0163357047	0.08388121	-0.1341351116	-0.0919115908	0.0417705898	-0.0415240946	-0.0486589412	0.0443872303	0.0634208933	-0.0747712575	-0.0063923014	0.0357332628	-0.0432133917	0.0175055029	0.0080957523	-0.0200281379	-0.05826855	0.0577130059	-0.035616602	-0.1667291612	-0.0488908818	0.0592186862	-0.0700389909	0.0081730388	0.1232038678	-0.0025284935	-0.0327539486	-0.0079202585	-0.0255862194	-0.0469158545	-0.0136023527	0.1260360024	0.0518156284	-0.011931851	-0.0127695585	0.0545576492	0.0782642847	0.0813570136	0.0374184737	-0.0603987488	0.0302810098	0.0979950617	0.0237447518	-0.0443868452	0.0658690835	-0.1233757291	-0.1002553348	-0.0292815931	-0.0193222781	-0.0221516522	0.0291239885	-0.0228446485	-0.0670160482	0.0749772748	0.0152589013	0.0015756128	-0.0682116631	0.0423827457	-0.0147336264	-1.34583e-05	0.0087537844	0.0121543314	0.0393746061	0.0079393997	0.0043398576	-0.0963612696	-0.0494086005	-0.0511851952	0.0290146283	0.0204682697	0.0333254892	0.1107329602	0.0021373389	-0.0815377601	-0.0064061583	0.0812023727	0.010657419	-0.0806444153	-0.0148794683	0.0798654172	0.005985354375781	-0.0149928021408243	3.5824467003680763e-05	0.0002247841160339	0.0818696237796672	0.0201579321337987	0.0067026352978242	0.0004063422279108	-0.2297148137089451	0.1739646219293718	0.0527688956373353	0.0302636896830292	-0.0042188547076101	-0.0004306757509595	1.7798735043923902e-05	1.8548160246452928e-07	0.0026257841446424	-0.0001503736155458	6.89474237425542e-06	2.261222425234612e-08	-0.0001269617132275	0.0004772831293979	1.6119276625661944e-08	2.27799185607948e-07	0.0	0.0	0.0	0.0	0.0	1.0	0.0	0.0	0.0	0.0	0.0	0.0	0.0	0.0	0.0
1912.2942579681128	0.1475449862984987	3656869.329057815	0.0217695229818241	2254.353518861713	-18.330296834309596	5082109.788004188	335.99978203390026	2148.3542908813165	-0.7118536549542114	4615426.159148164	0.5067356260716694	2147.959465490697	1402.4129788654718	1.020291	25.603376	0.1858377721316125	0.1077163510131261	-0.0133737909	-0.0513203008	0.0858994833	0.0438543776	-0.0390552817	-0.0432950029	-0.0255976229	-0.0371870381	-0.0433320806	-0.0029828056	0.0014834975	0.0771043049	0.1167778918	0.042939409	-0.1268440033	0.0308024631	0.0206537807	-0.0421132225	-0.0959150029	0.009303022	-0.0162543687	0.0714995994	0.0544662119	0.0224188965	-0.038104862	0.0729570558	-0.0769074643	0.0678183739	0.0301506125	-0.1102315415	-0.0394763659	0.0332184578	-0.0126338688	-0.015396538	0.0405685616	-0.0185335946	-0.0287674292	0.0917215728	-0.0311494771	0.0368953701	0.0629859929	-0.0639104542	-0.0189499809	0.0291717	0.0641989972	0.0381803975	-0.0511290116	0.0457564137	-0.0500351092	-0.1376181547	-0.0668794496	0.0202369672	-0.0473295325	0.0016260173	0.0108296014	-0.0026465345	0.0513500644	0.0120661968	0.0317978288	0.0802474511	0.0181101737	-0.0087249765	-0.0370159263	0.1109980301	-0.0577599889	0.0601257957	0.0620108064	0.1196868815	0.0090191584	0.0420116813	0.0635525084	-0.0384366772	-0.1142954713	0.0089165022	-0.0355453282	-0.1010171828	0.0285322049	-0.0191971654	-0.1478922814	3.04533e-05	0.0323620995	0.0135339262	-0.0955117092	-0.0220540722	-0.0251501211	0.0400361233	-0.0064395529	-0.0016499347	0.0403325334	0.0811622947	-0.0341185097	-0.0727233094	-0.0039210648	-0.0183988046	0.0768108071	-0.0347717348	0.042388605	0.001478384	-0.0132280723	0.0472118625	-0.0795875705	-0.0433583641	0.0265423897	-0.01064262	0.0652752215	-0.0582298502	-0.1109878513	0.0026845579	-0.1827604839	0.0268699291	-0.0391712236	0.0335770957	0.053174386	0.0505464639	-0.0451007021	0.0394031493	-0.0068626272	0.0118377712	-0.0240998998	0.0440636044	-0.0748916733	0.0406637537	-0.031819951	0.0847922441	-0.0075012669	-0.0520580469	0.0721543992	-0.0207301882	-0.0444321564	-0.0471151024	-0.0074807315	0.0731376351	-0.0257199971	-0.0212345652	-0.0546053325	-0.026979036	0.0023960214	-0.0366071212	0.1028935626	0.0745471857	0.0925819136	0.0012824971	-0.0816093689	-0.0038462256	0.0814885411	0.0064061583	-0.081287294	-0.008959769	0.0810058262	-0.0188215863896203	-0.0248069407654012	0.0003542521142219	0.0006153843101381	0.0506428192303758	-0.0312268045492913	0.0025646951396005	0.0009751133223596	-0.2483830971202962	-0.0186682834113511	0.0616941629350704	0.0003485048055265	-0.0061240252531017	-0.0019051705454916	3.750368530062735e-05	3.629674807408761e-06	0.0024140935276677	-0.0002116906169747	5.827847560327079e-06	4.48129173151292e-08	-2.110800758242529e-05	0.000105853705645	4.455479840997236e-10	1.120500699879412e-08	0.0	0.0	0.0	0.0	0.0	0.0	0.0	0.0	0.0	0.0	0.0	0.0	0.0	0.0	0.0
1914.4662494851168	2.1719915170040167	3665181.0204176097	4.71754714993741	2261.1686789772725	6.815160115559593	5112883.794787824	46.44640740071424	2153.437717467164	5.083426585847519	4637294.003010189	25.841225853701363	2150.259495765158	1397.6523559144443	0.994311	24.951416	0.1588941131370537	0.0798042627814931	0.0194219104	-0.0122985517	-0.0130004731	0.0545758718	-0.0263593329	-0.051532386	0.0074336435	-0.0043048639	0.0261674293	-0.0109106967	-0.0333796647	0.0695384154	0.0222510114	0.0566381234	-0.0479061659	-0.0581190533	-0.0002400107	-0.0330500114	-0.0771504823	0.0358925273	0.0325952528	0.0707327024	0.0086391687	-0.088982475	-0.0497258211	0.0332810628	0.0371458738	0.0141455903	-0.0411771867	-0.0192149917	0.0145313762	-0.045473676	-0.0402922219	0.0599395885	-0.03849698	0.0136700702	-0.0228303995	0.0621719836	0.0244172528	0.0609688572	-0.051018548	0.0617246092	-0.0054930058	0.0056321946	-0.0699536454	-0.1027074942	0.0025400753	-0.0348985487	-0.0367628827	0.0210985905	-0.0476341355	-0.0496961652	0.0370535745	0.0308627695	-0.0869070811	0.0689049763	0.0717675295	0.0736645454	-0.0071562341	0.0945843996	-0.0208560382	0.0319260567	0.0133845929	0.0285022138	0.1089113709	0.0346633683	0.0246851635	0.0110407501	-0.0034707458	-0.0031732936	0.0577097776	-0.0454815515	-0.1016445143	-0.0011183889	-0.0662272417	-0.0410377578	-0.0017959011	0.002961545	0.0483483733	-0.0290089553	-0.0477323807	0.0102424046	-0.0602539065	0.0531005403	-0.0208006883	-0.016215086	-0.0177515516	0.0037879313	-0.0695285411	0.0137829694	0.0211429541	-0.0316410421	-0.0416852407	-0.0215346536	-0.0229921138	0.0155423711	-0.0958783938	0.0453849273	-0.0185784465	-0.0197548184	-0.0078154826	-0.0092705607	0.0563544701	-0.0643891466	0.0081266623	0.0490870779	0.0329908415	0.0820395203	0.1101197799	0.0776174483	-0.0583560366	0.084299206	0.0329934798	0.0363917044	-0.0311601989	0.0008607155	0.093408602	0.0014355646	-0.0146840797	0.0053166136	0.013854673	-0.0987207582	-0.1009558818	0.0188085334	-0.0010662239	-0.0667285252	0.073578177	-0.006687683	-0.0948367541	0.0003508499	0.0219061215	0.0375808255	-0.0215062368	0.0186351	-0.0618517771	-0.066017348	-0.044412442	0.0407271994	0.021379087	0.0222786178	0.1034342209	0.0004275147	-0.0816451812	-0.0012824971	0.081631751	0.0021373389	-0.0816093689	-0.0029919463	0.0815780375	-0.0064751581994926	0.0123464281901276	4.192767370845625e-05	0.0001524342890539	0.1051816442293898	0.054538824999014	0.0110631782827979	0.002974483432273	-0.2034259818821269	0.0449571152381692	0.0413821301047074	0.002021142210538	-0.0056111210525543	0.0005129042005474	3.148467946641807e-05	2.6307071893916805e-07	0.0027633620033489	0.0003492684756811	7.636169561552446e-06	1.2198846810466897e-07	5.775421038382855e-05	7.886221796625384e-05	3.3355488170595303e-09	6.21924942255693e-09	0.0	0.0	0.0	0.0	0.0	0.0	0.0	0.0	0.0	0.0	0.0	0.0	0.0	0.0	0.0
1915.8164555773296	1.3502060922128294	3670352.6914608814	1.82305649144864	2268.0033458362927	6.834666859020217	5143839.176724618	46.71267107378928	2160.8153394684387	7.377622001274631	4669122.931282104	54.42930639369149	2159.3963163683748	1409.655954501408	0.985795	24.737728	0.060874826530606	0.0475034261685061	0.0031735787	-0.0209661964	-0.0197677667	0.0057393095	-0.0693859951	-0.0761486654	0.0237067025	0.0111974533	0.023481974	-0.0370896917	0.0024678516	-0.0186710544	0.0884001388	0.0236697835	-0.114636386	-0.0272456102	-0.0243590149	-0.0054845858	0.0458780807	-0.0175921337	-0.0598924992	-0.0584990273	-0.0624878492	-0.0127049204	-0.0586458371	0.0131486229	0.0352805655	0.0506540531	0.0166852563	-0.056546136	0.0302680137	0.0034480609	-0.064090429	0.0421514871	0.0930133174	0.0689072362	0.0315172769	0.1542965652	-0.1335818532	0.0066025972	-0.0104314683	0.0442505099	-0.0626450431	0.0138652642	-0.0062260206	0.0193237696	-0.0322940024	0.0233110117	-0.0401086995	-0.0108482515	-0.0491591299	0.0023018212	0.0073841427	-0.0402579417	-0.0222120034	0.075927124	0.0290920709	-0.092678902	0.1776610586	-0.0569299268	0.0017799142	0.002013432	0.0729396874	0.1091994199	-0.0784353679	0.0489568983	-0.0199817878	-0.151715682	-0.0270566389	0.0506451288	-0.037437486	-0.0619419115	0.0110343106	0.0461288931	-0.0278628219	0.0403847439	-0.0450472709	-0.0303168324	-0.0712548099	0.0168454379	-0.0671694211	0.0513870171	-0.0781022764	-0.0521415485	-0.0029000036	-0.0290849741	-0.0031115215	0.0332647194	-0.0098160243	0.0206324457	0.03312597	0.0907224179	-0.0968084361	-0.037679007	0.0968661842	-0.0919570479	0.0466028529	0.0404127409	0.0013498075	-0.0037022846	-0.0147609188	0.0044862937	-0.0116394804	0.0237866508	-0.0901982953	-0.044354509	-0.000336988	0.0188387394	-0.0078385847	0.0791758732	0.0086420475	0.0120527936	0.1227735578	-0.1195371581	0.1068656906	0.0230476985	0.1120040591	-0.0020385456	-0.0281699457	0.0271945339	-0.0396764579	-0.0029806093	0.071109969	-0.0023769354	-0.0156218912	-0.0830660607	0.0402318088	-0.0043466763	-0.0072553606	-0.0142462878	-0.0809427406	0.0479646435	-0.0182866144	0.0056237732	-0.1008956509	-0.0333798823	0.034165422	-0.0064003554	-0.0316723627	0.0751668783	0.0631698991	-0.0004275147	-0.0816451812	0.0012824971	0.081631751	-0.0021373389	-0.0816093689	0.0029919463	0.0815780375	-0.0112758242481163	-0.0048006660486237	0.0001271442124744	2.304639451040829e-05	0.0977194526998488	-0.007462191529541	0.0095490914359579	5.568430242355347e-05	-0.2501337585655108	-0.0467077766833838	0.0625668971741092	0.0021816164027048	-0.0056391372342148	-2.801618166050051e-05	3.1799868746307746e-05	7.84906434834165e-10	0.0027633329961691	-2.9007179799638017e-08	7.636009247716897e-06	8.414164799285278e-16	6.779286692467712e-05	1.003865654084857e-05	4.595872805866981e-09	1.007746251451218e-10	0.0	0.0	0.0	0.0	0.0	0.0	0.0	0.0	0.0	0.0	0.0	0.0	0.0	0.0	0.0
1915.686192100031	-0.1302634772987403	3669853.586602716	0.0169685735179594	2272.232436209014	4.229090372721203	5163040.24416035	17.88520538064316	2160.844137235901	0.0287977674624926	4669247.385426766	0.0008293114108237	2159.269944356922	1405.3234223957018	1.123499	28.193302	0.2444123982650732	0.1277574977286	0.0138571066	-0.0709133756	0.0450550559	0.0561172546	-0.0248808393	-0.0557309608	-0.0141820778	-0.0186926423	-0.0977643568	0.0500179728	0.0421098295	0.0224058629	0.1499096226	0.0503138878	-0.0485446674	0.0568063787	-0.0270164823	-0.0130839592	0.0794197683	0.0035771461	0.037460979	0.0715614076	-0.0406661651	0.0070944784	0.0450953935	0.0232967613	0.0323809005	0.0276991262	-0.0386322739	-0.0961385563	0.0113665367	-0.0231143327	-0.0217390567	0.0365618657	0.0154952261	-0.0623386293	0.0067887351	0.0053234293	0.0497187314	-0.0216126807	-0.0383887759	0.1511311105	0.0613258761	-0.1008858073	-0.0662605124	-0.0939789366	0.0057966397	0.0260394383	-0.1466415074	-0.0972744589	-0.0278288685	-0.0247751596	-0.0048354922	-0.0226080426	0.0137210622	0.0980788089	-0.0806373833	-0.0072677102	0.0237848259	0.1615683113	0.0627170436	-0.0055316359	0.0296059072	0.0084683716	0.0071374057	0.1002709934	0.0279024449	-0.0444485859	-0.0354865208	0.1136891328	-0.0582869096	0.0217819894	-0.0612680028	0.0136211792	-0.0492746489	-0.0594826961	-0.0566997323	-0.1068526081	-0.0209201015	0.0244513888	-0.0537912474	0.0640987202	-0.1035317611	0.0491394575	-0.0717479555	0.0925551922	0.054923284	0.0436770909	-0.0197328082	-0.017067911	-0.0405588878	-0.0973613818	-0.0297078564	0.0341364137	-0.0131180603	-0.075090602	-0.0300045216	-0.054349032	0.0530473946	-0.0152237042	-0.1161521609	0.0878427166	0.0543560618	-0.0072665204	0.0550418172	0.0433813337	0.1006257954	0.0874243361	-0.0527123376	-0.0638737419	0.0529859742	0.1099573597	0.0086397339	-0.0035908242	0.0403822745	0.0545747548	0.0205047147	0.0348755121	0.0390025663	0.0383269399	0.0184531513	0.1769669203	-0.0664858091	-0.1062180335	-0.0247181125	-0.0710117521	-0.0344379982	-0.0740733822	0.1200796503	0.0466716272	-0.1452714373	0.1530554791	-0.0065203752	0.0412149017	0.0335590807	0.0070693301	0.0543632999	0.1121123987	-0.0269857336	0.0699333587	0.126776882	-0.0012824971	-0.0816093689	0.0038462256	0.0814885411	-0.0064061583	-0.081287294	0.008959769	0.0810058262	-0.0194406522908394	-0.0081648280427231	0.0003779389614933	6.666441696723752e-05	0.1012049819246243	0.0034855292247754	0.0102424483663635	1.2148913976764034e-05	-0.15795616875441	0.0921775898111008	0.0249501512475716	0.0084967080633835	-0.0072289557022973	-0.0015898184680824	5.2257800545776646e-05	2.527522761456186e-06	0.0017359824963902	-0.0010273504997789	3.013635227773151e-06	1.055449049395956e-06	-0.0001267271889434	-0.000194520055868	1.6059780417496202e-08	3.783805213491984e-08	0.0	0.0	0.0	0.0	0.0	0.0	0.0	0.0	0.0	0.0	0.0	0.0	0.0	0.0	0.0
1919.6236716622016	3.937479562170665	3684955.040805872	15.503745302511694	2261.888647830848	-10.343788378165756	5116140.255186062	106.99395801227692	2166.3244506522133	5.4803134163121285	4692961.625493614	30.033835141010712	2163.87028570595	1411.842249281333	1.069237	26.831623	0.2061107435930219	0.1523206643449264	0.0145314824	-0.0604518422	-0.0320002955	0.0427116079	-0.0504172593	-0.0200901023	0.0075412896	0.0018432511	-0.0015703208	0.0167648468	-0.0568330829	0.0075010325	0.1814156713	0.0280534235	-0.1059214917	-0.0580948315	-0.0567994078	-0.0129284949	0.1096614954	0.0427088123	-0.0270240513	-0.0161269033	-0.062634594	-0.0385113666	-0.0550988723	0.0040609245	-0.005892995	0.01447722	-0.0130396967	0.0066223452	0.005130979	-0.1159887718	-0.0506539687	-0.0800592125	0.0657928712	-0.0471566362	-0.0241564221	0.1072643899	-0.0562275791	0.0414602922	-0.0109507842	0.0433448754	-0.1248168432	-0.0081495143	-0.016027684	0.0441831423	0.0290218707	0.030563427	0.0021702344	0.0116994836	-0.0358931341	-0.0351204499	0.0653839488	0.0729206475	0.0057723457	0.058822906	-0.0051846674	-0.0398849337	-0.0105514981	0.0108936228	-0.1043386424	-0.0529546938	0.0093015431	-0.1351157795	-0.0100210789	-0.0111583729	0.0295029341	0.0032455776	-0.0545357991	0.0873954488	-0.0766582324	-0.049044038	0.0023451752	-0.0181130059	-0.0493489117	0.0243119998	-0.0170342802	-0.0456005598	-0.0191968576	-0.040706683	-0.1444565406	-0.1109006293	-0.0961308279	0.006688274	0.0024619127	0.0882101208	0.0118953662	0.0082397542	-0.0669033927	0.0065796983	-0.0423080456	0.0225404939	-0.0715704806	-0.0775138431	0.0784252637	-0.06502123	0.0488056848	0.0173315647	-0.0676336762	0.0685003852	0.0615756911	0.0246250769	0.0068246732	0.0083069145	-0.040844668	0.0298491583	0.055452192	0.0740831674	0.0042053922	0.0157542305	0.0278717327	-0.073191841	0.0172838255	0.0190504713	-0.0108058855	-0.0039423905	-0.0566010195	0.0201512147	0.0172049349	0.0334915279	0.0022569659	0.11651218	-0.012852647	-0.0993080376	-0.0102217113	-0.0750342566	0.0525518008	-0.1093879019	-0.0360303493	0.0155862668	0.0646305888	0.0252339064	0.0188767979	0.0258588802	-0.0365011047	-0.0087615144	-0.0220922343	0.0446362244	-0.0340503766	0.0501193894	-0.0980418029	-0.0021373389	-0.0815377601	0.0064061583	0.0812023727	-0.010657419	-0.0806444153	0.0148794683	0.0798654172	-0.007309143464738	0.0121315088261014	5.3423578188122224e-05	0.0001471735063977	0.0949169749598013	-0.0062880069648229	0.0090092321355195	3.9539031589662535e-05	-0.303680374897965	-0.145724206143555	0.0922217700981685	0.0212355442561693	-0.0075371133300036	-0.0003081576277063	5.680807734931795e-05	9.49611235135746e-08	0.0013942832506126	-0.0003416992457776	1.9440257829388383e-06	1.1675837456498077e-07	6.275637074354933e-05	0.0001894835596869	3.938362068901814e-09	3.5904019391637685e-08	0.0	0.0	0.0	0.0	0.0	0.0	0.0	0.0	0.0	0.0	0.0	0.0	0.0	0.0	0.0
1921.651662198818	2.027990536616471	3692745.110831481	4.112745616605963	2264.917279330167	3.028631499318635	5129850.282208364	9.172608758665044	2161.0752078647174	-5.249242787495859	4670246.054047531	27.5545498420773	2158.863249388881	1440.0790819300607	1.130276	28.363365	0.1595489480184218	0.105241128771329	0.0116538239	-0.0679002658	0.0365429533	-0.0022880156	0.0532542918	0.0471061108	0.0059509447	-0.0366290157	-0.0561347942	0.1368084015	-0.0105549571	0.0576764079	0.069232355	0.0525558327	-0.0472471204	0.0303815896	-0.0225540955	-0.0445631853	0.0498825361	0.0698430469	0.0786837233	-0.0259146123	-0.0879239284	0.0220062869	0.0538997753	0.020094064	-0.041227006	-0.0388443171	-0.0558030259	0.0461973542	-0.0302140382	0.0022453663	-0.0301473628	-0.0224230846	0.0160094071	-0.0711994826	-0.0904245056	-0.0131746698	0.026242529	0.0680290759	0.0019746301	0.0063490923	-0.0745432898	-0.097451775	-0.1160706655	-0.0991179701	-0.0322052896	-0.1065531487	-0.0652956909	-0.0164461544	0.0465976198	-0.0039421252	-0.1365693194	0.0001610749	0.009286193	0.0216033935	0.0388118246	-0.0025987405	0.0452648228	0.0050853479	-0.0452766424	0.1058904142	-0.0664468932	0.0492019716	-0.0436923997	0.0706383773	0.0785542471	0.067476214	-0.0290378143	0.0693505107	0.0130207815	0.0835724916	0.0388009979	-0.1020525889	0.0041256035	0.003558435	-0.0465804399	-0.0629734766	-0.0486464801	0.0075640598	-0.0681029421	-0.0281244913	-0.0510666832	0.1510093507	-0.0259807606	0.1099698149	0.0555685801	0.0539588897	0.0304914408	0.058295565	-0.0815203369	-0.0728609591	0.0709859997	-0.0713510631	0.033393351	-0.0646401475	-0.0301234171	0.0126820885	-0.0364720552	-0.1234153741	-0.0042839833	-0.0057729109	-0.1215824697	0.0059746173	0.0740081382	0.0422445466	-0.000291348	0.0380284966	0.0878683495	-0.050325962	0.068343885	0.0535397612	0.0769976466	0.0068084042	-0.01245146	0.0667282854	-0.0165497455	0.0355944714	0.0334930249	0.0213556233	0.0462794164	0.1488443457	-0.149803687	-0.0854821569	-0.0235441794	0.0381651264	-0.0148554764	-0.1022065265	-0.0268085268	-0.0216000001	-0.0033400885	0.0517969479	0.0143499655	0.0267675382	0.0869858492	0.0183756616	0.0346798956	0.024525373	-0.037095025	0.0025168467	-0.0531922104	-0.0029919463	-0.0814303861	0.008959769	0.0807737477	-0.0148794683	-0.0796832699	0.0207192494	0.0781648097	-0.0165423989268873	-0.0092332554621492	0.0002736509622562	8.525300642930986e-05	0.0730678272410472	-0.021849147718754	0.0053389073777275	0.0004773852560359	-0.2058616707073355	0.0978187041906295	0.0423790274664154	0.0095684988895338	-0.0080150540575157	-0.000477940727512	6.424109154489888e-05	2.284273390147951e-07	0.0014167185523312	2.243530171860009e-05	2.0070914565194118e-06	5.033427632046204e-10	-4.982441296352922e-05	-0.000112580783707	2.4824721271602987e-09	1.2674432860100002e-08	0.0	0.0	0.0	0.0	0.0	0.0	0.0	0.0	0.0	0.0	0.0	0.0	0.0	0.0	0.0
1916.0739730380576	-5.577689160760428	3671339.4701538472	31.11061637406437	2264.3416738799124	-0.575605450254443	5127243.216069284	0.33132163436262	2157.353901291874	-3.721306572843332	4654175.855419269	13.848122609086984	2153.30185608294	1416.304613503028	1.183764	29.705605	0.0955270911190405	0.0417047188993553	0.0157823286	-0.0338593773	-0.1135112444	-0.0317749201	0.0460448312	0.1075414112	0.0277369695	-0.0154362483	0.0107924277	-0.007558239	-0.0793854167	-0.0665381246	0.0197648918	0.0217124636	-0.0397956985	0.030600381	-0.007768224	-0.0199267815	-0.0367651608	0.0064744145	-0.0277082566	-0.0715939718	-0.0180405826	0.0246378171	0.0321937151	-0.0259217484	-0.014271437	-0.0688835105	-0.0687177045	0.0213895951	-0.0452615423	-0.04980781	0.0421068171	-0.05500844	-0.0576629714	-0.0812253421	-0.0393730235	-0.0201904607	0.1293740788	0.0102026664	-0.0019864699	-0.0122880052	-0.10725113	-0.070077708	-0.0161572753	-0.0566640344	-0.0333368629	-0.0577860974	0.0640479497	-0.0279678782	-0.103041427	-0.0389557664	0.0149696929	0.1167863653	-0.0556200976	-0.0035331116	-0.0290342365	0.0278993705	-0.0848659126	0.063772994	0.0064150324	-0.0988450605	0.0574362516	0.0366438846	0.1413166029	-0.0382866716	0.0276729136	0.0265657792	-0.0079333823	-0.0280488188	0.0607594615	-0.0136715321	0.0622264707	-0.0565998917	0.0404527848	0.0396070287	-0.0031992504	-0.0283967255	0.0086951996	-0.0142570531	-0.0339130876	-0.0324147198	-0.0096529655	0.0621049215	-0.0946405631	-0.0243777993	-0.0164562838	-0.0611965348	-0.0271134274	-0.0250576395	0.0077813513	-0.1117658544	0.030951202	0.0205669773	-0.0189225773	-0.0018964108	0.0197612724	0.0281202925	0.0077216897	0.0317151249	0.065687577	-0.0400145117	-0.0109145714	-0.0419321829	0.0677652605	0.0889331145	0.0885886837	0.1184608708	0.0405902053	-0.0149701325	-0.1094546762	0.0307701728	-0.00245206	0.0256804205	0.0403791436	-0.0203745184	0.0244068764	0.0176348016	0.0132083957	0.0208341551	0.0419202275	0.0617251568	0.0130294984	-0.1994394358	-0.0584213198	-0.0037255025	-0.0672348143	-0.0303159743	-0.0239075115	0.0111503923	0.0194910925	0.0262057224	0.0794251683	0.0788088303	0.01322871	0.0192221984	-0.0432479178	0.0534251973	-0.0503877113	-0.0402884936	0.0342913316	-0.0038462256	-0.081287294	0.0115045374	0.0802034182	-0.0190607341	-0.0784076511	0.0264477464	0.0759159322	-0.0051016829109045	0.0114407160159827	2.602716852341501e-05	0.0001308899829583	0.0988356649979635	0.0257678377569162	0.0097684886755896	0.0006639814626667	-0.2094162751352755	-0.00355460442794	0.0438551762915334	1.2635212639130696e-05	-0.0078509554541821	0.0001640986033335	6.163750154355166e-05	2.6928351616038123e-08	0.0019180385972652	0.0005013200449339	3.678872060599056e-06	2.5132178745262765e-07	0.0003800355971329	0.0004298600100964	1.444270550881599e-07	1.8477962828010225e-07	0.0	0.0	0.0	0.0	0.0	0.0	0.0	0.0	0.0	0.0	0.0	0.0	0.0	0.0	0.0
1916.3469139304048	0.272940892347151	3672385.494530586	0.074496730715259	2261.6343258944426	-2.7073479854698235	5114989.82406401	7.329733114427511	2153.7407487021005	-3.613152589773563	4638599.212619885	13.054871636987404	2149.889245695038	1427.7266030254953	1.238376	31.076029	0.1873135221879887	0.0995879382539653	-0.004732096	-0.0718996308	0.0197748227	0.0019146993	0.0245794127	0.0937795752	-0.068183241	-0.0075550701	-0.0458709053	0.0584049702	-0.0312069789	-0.0507241098	0.0512781515	0.0050946797	-0.0683324054	0.0052617928	0.0175122712	0.0024355723	-0.0041247404	-0.2727721701	0.1334620732	0.1785143916	0.0074268708	0.0269135568	0.1110726875	-0.0127086125	0.0605777981	-0.2715573262	0.0630777366	0.1955700047	0.2953232666	-0.0971625918	-0.0355666403	0.0909809822	-0.1431196474	0.1109326079	0.1661931358	0.1645350609	-0.076914753	0.1478323926	0.0788571378	-0.0453676557	-0.0352279159	-0.0680813356	-0.0201796607	-0.0029179961	0.011886529	0.0607489187	-0.0900807022	-0.0082704629	-0.0020286861	0.0193525113	-0.1743015931	0.0445869484	-0.1218525455	-0.0119489526	-0.0988283547	-0.0551192875	0.0606006438	0.018000751	-0.0702154823	0.0250101028	-0.0347867902	-0.0272798988	-0.0722230714	-0.049739168	0.1190969914	0.0055291475	0.0184777517	0.0216545936	-0.0096287694	0.0670253538	-0.0135388799	0.0546040056	0.2851359906	-0.1894039025	0.0072479831	-0.0696841799	0.0983108463	-0.0691489685	0.0373130039	0.1006823426	-0.0489388766	0.0772141796	0.1087468174	-0.1100061843	0.054433028	0.3615259665	-0.2215980574	-0.1916059107	0.1313612166	0.1324022546	-0.0106921	-0.217304936	-0.0188145557	0.0810930526	0.054547974	-0.0313641534	-0.043095174	-0.036162373	-0.0054087629	0.025694525	-0.0139037823	-0.0064609256	0.0072281168	0.0902726398	-0.0855627288	0.0850564641	-0.0758464897	-0.1371431916	0.0165634631	0.0373564303	0.0689959998	0.0048893439	0.0824006814	0.037346812	-0.0217989686	0.0260048552	-0.0338763361	0.0362893545	-0.0598092494	0.1358115798	0.0077948142	-0.0183349754	-0.0110537121	0.0502862539	0.0803917303	0.0331059937	-0.1391253038	-0.0422633331	0.0121008751	0.1089304082	0.0366605388	0.0256269017	0.0558421676	0.0225494512	0.0324489471	-0.0043921244	0.0208586801	-0.0577193277	-0.0637463789	-0.0047000831	-0.0811085467	0.0140379523	0.0794923845	-0.0231897558	-0.0768225931	0.0320341914	0.073134559	0.0230960281746348	0.0281977110855393	0.0005334265174435	0.0007951109104635	0.0614422642266276	-0.0373934007713358	0.0037751518332947	0.0013982664212457	-0.284198916238644	-0.0747826411033685	0.0807690239912198	0.0055924434103952	-0.0082343841639838	-0.0003834287098016	6.780508256006717e-05	1.4701757550019624e-07	0.0013878566910683	-0.0005301819061968	1.926146194943051e-06	2.810928536585784e-07	0.0004052203656892	2.5184768556299963e-05	1.6420354476928897e-07	6.342725672343952e-10	0.0	0.0	0.0	0.0	0.0	0.0	0.0	0.0	0.0	0.0	0.0	0.0	0.0	0.0	0.0
1919.8757691885835	3.528855258178737	3685922.969117455	12.45281943317572	2262.6980417424984	1.0637158480558355	5119802.428105337	1.1314914054051453	2156.9238133761446	3.1830646740440898	4652320.33670909	10.131900719147408	2151.712251227357	1411.565292641556	1.155754	29.002699	0.0866474291650232	0.0474654855115634	-0.013200143	-0.033765444	-0.0200170953	0.0606303247	0.032439819	0.0503605051	-0.0920471825	-0.0057779377	0.0167451932	0.0047816166	-0.0352355482	-0.0211225172	-0.0708324311	0.0157167166	0.0129622529	0.0708262846	0.0043200516	0.0299232704	-0.044477588	0.0058326339	0.0957817889	0.0212656867	0.0309177474	0.0317991738	0.0385685491	-0.1332565173	0.0366530627	-0.0506387427	0.0184098302	-0.0208442594	0.0407892463	0.0475019676	0.0848733348	0.0073744946	-0.051291751	0.033227796	-0.0278748876	0.1644344572	0.0465140341	-0.0254609323	0.0205382133	-0.0188601801	-0.0255209244	0.0595564667	-0.0265757972	-0.006567561	0.0334985165	0.0054962613	0.1208294426	0.0330889119	0.0002164555	-0.0878013251	0.0541508154	0.0439174435	0.0060372335	-0.0329231572	-0.0828276014	0.0461572674	0.0271825335	-0.0175549007	0.0352906357	0.0153067186	0.0525199008	-0.0565933461	-0.0320383524	-0.0576253215	0.0484457056	0.0847791523	0.0086306154	-0.0755847978	0.0289185225	0.0943349246	-0.0105387647	0.0179236358	0.0381769489	-0.0089088095	0.029612006	-0.0223167672	0.1149517195	0.0774919459	0.0045997799	0.0205919561	0.0603359895	-0.0341529788	-0.0184874911	-0.026209057	-0.0629494544	0.0007070572	-0.0548385674	-0.043909278	0.0308926241	-0.010360749	-0.0560880611	0.0019359971	0.0439528697	0.1326247452	-0.0329576606	-0.0450465998	-0.0902393082	0.1353014102	0.0417526319	-0.1094118449	0.04414747	-0.0448502178	0.031245298	-0.0218563728	0.060139937	-0.0109767099	0.0021354919	0.0078289796	-0.0364253165	-0.0780764601	-0.0160223231	0.089412344	0.0467166459	-0.0355250031	-0.0188555952	0.0102035513	-0.0572541751	-0.0028264334	0.0035931684	-0.0504121457	-0.1357861559	0.0496547717	0.0089701525	0.0578990074	0.1238804412	0.0541365868	-0.2073252736	-0.0461640596	0.0581210857	0.0386406589	-0.0172153327	-0.0469217632	-0.042719527	-0.0144282566	0.0129403656	-0.0199757022	0.0665163618	-0.1044584543	0.0431722229	-0.0055534252	-0.0808942224	0.0165575133	0.0786418943	-0.0272552159	-0.0749343514	0.0374485793	0.0698401994	0.0089189859537555	-0.0141770422208793	7.954831044328792e-05	0.0002009885261325	0.0665447745484613	0.0051025103218337	0.0044282070197055	2.603561158441948e-05	-0.2417599180314837	0.0424389982071603	0.0584478579665897	0.0018010685688273	-0.0080010304997621	0.0002333536642216	6.401648905812338e-05	5.4453932605693386e-08	0.0014380381879446	5.018149687629992e-05	2.0679538299869887e-06	2.518182628746099e-09	0.0006202627728942	0.000215042407205	3.84725907438402e-07	4.624323689652106e-08	0.0	0.0	0.0	0.0	0.0	0.0	0.0	0.0	0.0	0.0	0.0	0.0	0.0	0.0	0.0
1918.5933629056424	-1.2824062829411105	3681000.492185582	1.6445658745268354	2255.7112699566464	-6.986771785851943	5088233.333409427	48.81497998757674	2157.824013207443	0.9001998312983233	4656204.471974675	0.8103597362695296	2151.641266316988	1415.9743159026827	1.063543	26.68874	0.0835645958764385	0.0420779189032517	-0.0018063614	-0.0162339008	-0.099270246	0.0221878198	0.0126636685	0.0744100981	-0.0362420634	-0.0022459064	0.0338601981	-0.0330699539	-0.0771189412	-0.0446695596	-0.0104233135	-0.0605257263	0.01295058	0.0121896321	0.0006260566	-0.0089541232	0.0100656134	0.0036292796	0.0258606975	-0.0370782859	-0.0555512122	-0.0056531019	0.0321003922	-0.0657425981	0.046906711	-0.0374052986	0.0080665034	-0.0424637585	-0.02287428	0.0096155861	0.0388819216	-0.0552987112	0.1345430306	0.0050482985	-0.0604342597	-0.0599188144	-0.0024012279	-0.0580205165	-0.0472600607	0.0280741459	0.0814128088	-0.0633408903	-0.0258279047	-0.1029260508	-0.0047440982	0.071700276	-0.0209752721	0.0229563455	0.0579799807	0.0231182914	0.0498782815	0.0772116907	-0.0020398488	-0.0680401584	-0.04493122	0.0780322486	0.1170163508	0.0010746681	-0.078333314	-0.0095235463	-0.0405131822	-0.0002817467	0.0208992691	-0.0217991573	0.0534561255	0.0780786128	0.0052826127	-0.0471788302	0.0347634836	0.0319246622	0.0659231176	0.0287530228	0.024153213	0.0384804452	-0.0046076586	-0.0005984454	0.1215252614	-0.0353656929	-0.0669415821	-0.0566255216	0.0673045083	-0.0514989581	-0.0480041374	0.0578088638	-0.0184004338	-0.0339218496	0.0284124822	-0.0032420788	-0.0600828874	-0.0046032181	-0.052859885	-0.0453657926	0.057287854	0.0158509733	-0.0801701594	-0.0563820034	0.1017968761	-0.0355531482	-0.0511934664	-0.0877661176	-0.0047108196	-0.0205061753	0.030829578	0.0460388178	0.0956812414	0.0532584454	0.0344134269	-0.0418672881	0.0894114818	-0.048015243	0.0160237784	-0.0475836625	-0.0040220056	0.0182247462	-0.0246901978	0.0162849032	0.0002115028	-0.0072381962	0.0461928426	0.0561750579	-0.0305971579	-0.1573721573	-0.0249541917	-0.0178143604	-0.0342932316	0.0022481289	-0.0510616609	0.0198559588	0.0469330269	0.0245561732	0.053468615	0.021969497	0.0475088583	-0.0112343319	0.0648770471	0.0421335054	-0.1070178335	-0.0762106537	-0.0120030043	-0.0064061583	-0.0806444153	0.0190607341	0.0776534394	-0.0312459714	-0.0727503781	0.0426618292	0.066055961	-0.0073534382925402	-0.0162724242462957	5.407305472219653e-05	0.0002647917908514	0.083593795181116	0.0170490206326546	0.0069879225927823	0.0002906691045326	-0.2311500575680156	0.010609860463468	0.0534303491136969	0.0001125691390542	-0.0078920377356432	0.0001089927641189	6.228425962081625e-05	1.18794226302783e-08	0.0019637038934092	0.0005256657054646	3.856132980990452e-06	2.763244339015958e-07	0.0004622554317973	-0.0001580073410969	2.136800842261083e-07	2.4966319840512103e-08	0.0	0.0	0.0	0.0	0.0	0.0	0.0	0.0	0.0	0.0	0.0	0.0	0.0	0.0	0.0
1923.1678931846031	4.574530278960765	3698574.745376105	20.92632727312885	2272.6071902188387	16.89592026219225	5164743.4410343645	285.4721215063586	2162.788041847837	4.96402864039419	4677652.113960002	24.64158034265379	2158.7227921395934	1422.5636940319578	0.940298	23.596012	0.1368107638420806	0.0835870117995958	-0.0101250076	-0.0754828672	-0.0363225993	0.0397754332	-0.0090853279	0.0133974178	-0.0711428242	0.0113545843	-0.0027217405	0.0178606801	0.0371565305	-0.1363104856	0.0317325629	-0.0598019963	0.0110909287	0.0456460552	-0.012262042	-0.0051492584	0.0672604329	-0.0142014907	0.0458921554	-0.0874184499	0.0295562355	0.0405057336	0.0257905955	0.0025475371	-0.0165170999	-0.0277529612	4.01229e-05	-0.0325794733	0.0182003529	-0.0086011714	0.0032798946	-0.046925819	-0.0054658402	0.1125930712	-0.0016239165	-0.0540482112	0.0114696673	-0.0418652366	-0.073232938	0.0452959641	-0.0224018985	0.1446108555	0.0153858863	0.0553144015	-0.0221590921	-0.0279158689	-0.0081451215	0.0504702084	-0.0277659878	-0.0184805971	0.0319106911	-0.0257084307	-0.1260065675	0.0094584547	-0.0216785194	-0.0313892757	0.0430139258	-0.0227141569	-0.0039314073	0.0591581782	0.000395134	0.0435406133	0.0063663516	0.0559529711	0.0932052885	-0.095673231	-0.007321204	0.0202215063	-0.0236703525	0.079692486	0.0485945571	0.0511070875	0.0378660681	0.0638477431	0.0048939224	0.0148086943	-0.0063630145	-0.008608238	-0.0063755475	-0.0284143924	0.0617407354	-0.0457633097	0.008360627	0.0530021022	-0.0222220808	-0.0047233846	-0.0751867429	0.0006191057	0.0440735109	0.0740662692	-0.0563679148	0.0474939192	-0.0934300527	-0.0449749362	0.0123855842	-0.0314946168	-0.0092053424	-0.0152501384	-0.044865574	0.0137554126	-0.0424215081	0.0782229071	-0.1105270113	-0.0228839065	0.017711996	-0.0046300908	0.0502524335	0.0399885478	-0.0726107181	-0.0282413739	0.0521587426	-0.0073867769	0.0620726445	0.081162932	0.0262186574	0.0279015282	-0.0082047221	0.0279360193	-0.0024720508	0.1708341151	0.0109243058	-0.1383717625	-0.0335038353	-0.0233741388	0.0095937043	0.0170722475	-0.074355249	0.0326846014	0.01742983	0.0254682222	0.047075749	0.0267878567	0.0306160788	0.0396535306	0.0488838102	0.010937401	-0.075603765	-0.0445239597	-0.1214711723	-0.0072581889	-0.0803592349	0.0215451443	0.076528754	-0.0351510839	-0.0702792922	0.0476459404	0.0618083875	-0.0069746949568525	0.0003787433356876	4.8646369741143696e-05	1.434465143278457e-07	0.0856808785557774	0.0020870833746614	0.0073412129500898	4.355917012788028e-06	-0.2832090246502972	-0.0520589670822815	0.0802073516433726	0.002710136053674	-0.0090149478938095	-0.0011229101581662	8.126928552810032e-05	1.2609272233130628e-06	0.0014630463708673	-0.0005006575225419	2.1405046833079768e-06	2.506579548777933e-07	0.0004401037115165	-2.2151720280799995e-05	1.936912768905987e-07	4.906987113988059e-10	0.0	0.0	0.0	0.0	0.0	0.0	0.0	0.0	0.0	0.0	0.0	0.0	0.0	0.0	0.0
1925.751033524539	2.5831403399358805	3708517.0431208303	6.672614015804056	2268.7653457179213	-3.841844500917432	5147296.193930559	14.759769169229513	2161.7936777933705	-0.9943640544665868	4673351.905347387	0.9887598728152291	2157.429238181444	1431.661298803932	0.916326	22.994455	0.095492921302465	0.0486347127832588	-0.0225401233	-0.0863382116	0.0309758119	0.0610818661	0.0195078362	-0.0170000491	-0.1190688429	-0.0297470214	-0.0191409264	0.0670993087	0.0567366924	-0.0231162214	0.0041413764	-0.0047999961	0.0506233587	0.0798490708	-0.0179141798	0.0352422126	0.0237239677	0.0496562056	0.1159110873	-0.0465404798	0.0003176272	0.0861218732	0.049062408	0.0007297475	-0.0409138136	0.0210992433	-0.0320733596	0.0159403671	-0.003291088	0.0040336278	0.0872573593	-0.0431578623	0.0218515601	-0.0586328378	-0.0069074524	0.1157852135	-0.0054123015	0.0616467809	-0.0505292041	-0.0081800532	0.0188923398	-0.0053922958	0.0125173741	0.065306635	0.0160526056	-0.0433235107	-0.0428210815	0.0460847944	0.0828587364	-0.0151377542	-0.1142119463	-0.1393405966	-0.0338381554	-0.0337889105	-0.067049539	0.1148195358	-0.0120768546	-0.021357953	0.063295005	0.0139687065	-0.0547750863	-0.0015647642	-0.0802367857	-0.0193612392	0.0561269781	0.005674984	-0.013462399	-0.0141460258	-0.0202773609	0.1538363922	0.001894796	0.0151785409	-0.0004367273	0.0144177589	-0.0040426084	-0.0053533566	-0.0539440418	0.0564829572	-0.0268038695	-0.0157578945	0.0595748893	0.0421031069	-0.0544555575	0.0837139999	0.0214343385	0.0189889976	-0.0043607271	-0.0667492	-0.0325221118	0.0610290987	-0.0649346285	0.0183175928	0.0684799785	0.063758659	0.0306420966	0.0702884579	-0.0078845595	0.0094452094	-0.0144375359	0.0388669723	0.0081422716	0.0087533607	0.0399172581	-0.0181529919	-0.0960885806	-0.1069356297	0.0144488239	-0.0975860145	0.0108276752	-0.0370261452	-0.0271760346	0.0841311202	0.0641871579	0.0381556727	-0.0017514936	0.0402842894	-0.0181559818	0.0232947354	-0.0173239018	0.1540678656	-0.1181957411	-0.0412382964	-0.0206344602	0.0136807228	0.0238498619	0.0247383781	-0.0860950234	0.0299353472	0.0413903733	0.0135235345	0.0011301391	0.0372039561	0.0586916518	0.0497406885	0.0192032086	-0.0082857266	-0.0195883878	-0.004303655	-0.1647519826	-0.0081094236	-0.0800388062	0.024008292	0.0752698111	-0.0389598496	-0.0675308461	0.0523741431	0.0571272725	-0.0193024058890927	-0.0123277109322402	0.0003725828731072	0.0001519724568288	0.0928555719622181	0.0071746934064406	0.0086221572444306	5.14762254764236e-05	-0.2560039029824281	0.027205121667869	0.0655379983422364	0.0007401186449635	-0.0096557596571598	-0.0006408117633503	9.323369455683474e-05	4.106397160481224e-07	0.0014273576093235	-3.568876154379989e-05	2.037349744893697e-06	1.27368770053021e-09	0.0001408963304923	-0.0002992073810242	1.9851775946195428e-08	8.952505685936084e-08	0.0	0.0	0.0	0.0	0.0	0.0	0.0	0.0	0.0	0.0	0.0	0.0	0.0	0.0	0.0
1920.6829473016	-5.068086222938973	3689022.984055161	25.685497963143828	2258.728103637696	-10.037242080225042	5101852.646162744	100.74622857704033	2160.0271025905267	-1.7665752028437964	4665717.083925626	3.1207879473026003	2155.4169767047874	1432.728705700673	1.133001	28.431738	0.1514334388335005	0.0618106629972793	-0.0198623446	-0.028187662	-0.1051947666	0.0500860218	-0.0228562092	0.0327331099	-0.0246949132	0.0122864867	0.0543698338	-0.0434258891	-0.030707282	-0.0531791284	-0.0009460117	-0.0864969609	0.1086240752	-0.0855827967	-0.0051293223	0.0220312472	0.0085930451	-0.0093167572	-0.012288266	-0.1099203761	0.0321024018	-0.0046413394	0.1202054913	-0.0120873588	0.0562559998	-0.0182204535	-0.0104951927	0.0270119347	-0.0195441788	-0.0037283813	0.0430928234	-0.0879517793	-0.0191016304	-0.0431927003	0.0672230776	-0.034081127	-0.0152803447	-0.0043535038	-0.0860029663	-0.1054219815	0.1382753562	0.0900457617	-0.0991116059	-0.0403599033	-0.0536558314	-0.0087578481	-0.0098299552	0.0473860382	-0.0569017869	-0.0788010582	-0.0616185782	0.0011644387	-0.0695108338	0.040385396	0.0589522617	-0.0600365825	0.0249975605	-0.0905795171	0.0663499688	-0.0190069126	0.0018174664	-0.0663180958	0.064018842	-0.0315290374	-0.0092697382	0.0812126194	0.0024456189	-0.0585953603	0.0066806283	0.0208858766	0.0928272436	0.0790162954	0.0292876588	0.1034588791	0.0256138951	-0.0164126141	0.0611588287	-0.0218245294	-0.0209393916	-0.0463324867	0.1038820415	0.0656772214	-0.0158209122	0.0045297209	0.0116793634	-0.033609655	-0.0290108749	-0.0353171015	0.013231744	0.0449527688	0.0125373659	0.1094750061	-0.0294276143	0.1130452349	0.0113178085	0.0614516947	0.0127138305	-0.069011966	-0.1090620603	-0.0803680238	-0.0568193523	-0.019574884	0.0197390998	-0.0480971698	-0.0498520552	0.0812535793	0.0204998439	0.0196530856	-0.003964296	-0.0369122235	0.0571522566	0.0266130343	0.0753817615	-0.0659520067	0.0092069677	0.0157654197	-0.0181635106	-0.0138839612	0.0561764791	0.0078502947	-0.0454452246	-0.1545563144	-0.0173710539	-0.0412684482	0.0072497621	0.0294992815	-0.1290237726	0.0198449439	0.0710397619	-0.0536736214	0.0454834315	0.0204164521	0.0096946566	-0.0026006969	-0.0499441522	-0.0421522494	-0.0465312893	-0.0488019058	-0.0390012887	-0.008959769	-0.0796832699	0.0264477464	0.0738788195	-0.0426618292	-0.0645158866	0.0568210419	0.0520454508	0.0049009108111874	0.0242033167002801	2.401892677921354e-05	0.000585800539294	0.1089727401341633	0.0161171681719452	0.0118750580923478	0.0002597631098827	-0.3007636687692283	-0.0447597657868001	0.090458784451526	0.0020034366332892	-0.0092581981319472	0.0003975615252126	8.571423265039062e-05	1.58055166329369e-07	0.0019188615564795	0.000491503947156	3.6820296729349297e-06	2.4157613006992804e-07	0.0005788946216132	0.0004379982911208	3.3511898293269e-07	1.9184250302482866e-07	0.0	0.0	0.0	0.0	0.0	0.0	0.0	0.0	0.0	0.0	0.0	0.0	0.0	0.0	0.0
1923.92001927329	3.2370719716900567	3701468.240560537	10.478634949901352	2266.5380510272403	7.80994738954405	5137194.736754361	60.99527822744592	2163.854598567541	3.827495977014223	4682266.723741894	14.649725454060064	2159.208501084046	1437.0382723502478	0.912499	22.898409	0.0697575022074635	0.0534246351916982	-0.0344117257	-0.0419332657	-0.0204284343	0.0386003531	-0.0131666835	-0.0010713329	-0.0678305248	0.016681433	0.0087077324	0.008071711	0.077960925	-0.1036136716	0.0070298555	-0.0809624038	0.0124312974	-0.0186936759	-0.0134068571	0.0309809958	0.0878651787	-0.0133721037	-0.0065238939	-0.0800207895	0.0367255006	0.0513702145	0.035717677	-0.0314262122	0.015184896	-0.0083619654	-0.0380179018	0.0111572631	-0.0295979571	0.0265747765	0.0478992461	0.0064465631	-0.0098420525	-0.0013496614	-0.0004527552	0.0546953838	-0.1011854371	0.0010292135	-0.0271382061	-0.0989492952	0.0069938441	-0.004670516	-0.0070745571	0.0924286221	0.0501701731	0.0387767913	0.0619769683	0.0313472053	0.0842963122	-0.0239291329	0.0738883068	-0.0491427348	-0.0146888087	-0.0789471124	0.0530863878	-0.0468300451	0.1066497777	-0.0268924702	-0.0528794321	0.0239649869	-0.0466507772	0.0053297392	-0.0079275354	-0.0116913964	-0.0213179039	0.031476998	-0.0087281537	-0.0094235027	-0.0529986188	0.0613627028	0.0727800614	0.0605812197	0.0247895578	0.0965680596	0.0180289473	0.0160930114	-0.0014792904	0.0209767868	0.0474927762	0.0140192164	0.0443038403	-0.0273533107	-0.0048969518	0.0415594084	-0.0332870616	-0.0117049735	-0.0168537635	-0.0364242841	0.0019441742	0.1339502168	-0.0144279596	0.0021367097	0.0640438232	0.0772841613	0.0235770604	0.056087952	-0.0057400946	-0.0613593902	0.059347861	-0.0961234889	0.0071914759	0.0627046352	-0.0643003746	-0.0643393493	0.0467682597	-0.0252319508	-0.0318466727	-0.0271317681	0.0039378449	-0.0437125687	0.0110134163	0.0005735251	-0.0271753828	0.1489086313	-0.0076530681	0.0196686504	-0.022956597	-0.0041018966	-0.0073910248	0.1196987513	0.007826369	-0.0709266067	-0.0132595285	-0.0317576084	0.0162861144	0.057129806	-0.094078184	0.0133601431	0.0503097779	-0.0513470108	0.0459093711	-0.0058610079	0.051781532	0.0046553187	-0.0012817811	-0.0600483425	0.003899389	0.0088784969	-0.1132042307	-0.0098091318	-0.0792927819	0.0288611001	0.0723582192	-0.0462468756	-0.0612463124	0.0609627523	0.0465985677	0.0048804761920564	-2.043461913099967e-05	2.381904786122934e-05	4.1757365902901766e-10	0.1027414182992885	-0.0062313218348748	0.0105557990341493	3.882937180978752e-05	-0.353417082649436	-0.0526534138802077	0.1249036343084382	0.0027723819932404	-0.0092220238401739	3.617429177329989e-05	8.504572370873577e-05	1.3085793852998322e-09	0.0019202029589906	1.3414025110999438e-06	3.687179403716256e-06	1.799360696785235e-12	0.0003993636784326	-0.0001795309431805	1.5949134765121716e-07	3.2231359559315824e-08	0.0	0.0	0.0	0.0	0.0	0.0	0.0	0.0	0.0	0.0	0.0	0.0	0.0	0.0	0.0
1923.0866264882857	-0.8333927850044347	3698262.1729780952	0.694543534097448	2268.1894022623696	1.6513512351293684	5144683.164535326	2.7269609017632908	2157.660878159393	-6.193720408147783	4655500.465139564	38.36217249430634	2153.9390437927887	1422.457483735617	0.894305	22.441856	0.1464532188915521	0.0779757174944004	-0.0257826947	-0.0229805526	-0.0195869222	0.0803148038	0.0046287423	-0.0063064052	-0.0496404211	-0.0137231788	0.0204551869	0.0102549551	0.0420437304	-0.0409948083	-0.0522262161	-0.0495652369	0.0068312498	0.0016009736	0.0091132387	0.0282426551	-0.0193994554	0.0500598337	0.0583005398	-0.0373242462	-0.0390594045	0.0130463976	0.0294347819	0.0251511974	0.0549445718	-0.0239950642	-0.1102294404	-0.0708416048	0.0289111887	-0.026725248	0.031583457	-0.0481982502	0.0374610229	-0.0633974844	0.1020333824	-0.0076873529	0.0324615837	0.0338133256	0.0140256886	-0.0170053372	-0.0079411719	0.0253965718	0.0765599361	0.0348944901	0.0377418987	0.078669585	-0.0876314645	0.0369270759	0.0668111942	0.0220197904	-0.0393585521	-0.0797297012	0.0449077593	-0.0180803948	0.05395816	-0.0129461593	-0.0809568134	-0.0271777485	0.0252676644	-0.0214727366	-0.0869256426	-0.0401299951	0.0559923662	-0.0669637531	-0.0197404418	0.0578072982	0.0131493862	-0.0504005858	0.0126753334	0.0675512484	0.0199389915	0.0221348337	-0.0227016725	0.0217185811	-0.0313669447	0.03544113	0.0491814585	-0.0220619642	-0.0328370063	0.0010331774	-0.0142654815	0.0224998649	-0.0236092882	0.1373395847	-0.0140594679	0.0058994091	-0.0193883552	-0.0443882999	-0.0021597394	0.0212026591	-0.0178001066	0.0519079686	-0.0105318034	0.0913197118	0.0892230255	0.0016383794	0.0439212445	-0.022510981	0.0455871364	0.059255317	0.0362971487	0.0467491531	0.0393344957	-0.1146024057	-0.0908723728	-0.0397084067	-0.0401509498	-0.0571974122	0.0583252318	0.0029413456	-0.0346588907	-0.0499499239	-0.0447768091	-0.0695406153	-0.0087994691	0.0128569969	-0.0076337304	-0.0399687194	0.0530698895	0.0767490741	-0.1126260561	-0.0254734954	-0.0011892983	-0.0255259153	0.0182148705	0.0395498583	-0.069977163	0.0228697983	0.0426313495	-0.0514425918	-0.0017530669	-0.0194229122	0.0468017386	0.0159921447	-0.0143698485	-0.0120593975	0.0124782458	-0.0011475175	-0.1036360534	-0.010657419	-0.0788675135	0.0312459714	0.0707106781	-0.0497051625	-0.0577350269	0.064777029	0.040824829	-0.008276579884324	-0.0131570560763804	6.850177458159669e-05	0.000173108124597	0.0964374706543793	-0.0063039476449092	0.0093001857462142	3.973975590975624e-05	-0.2767460580053935	0.0766710246440425	0.0765883806215246	0.0058784460199673	-0.0087715477546048	0.0004504760855691	7.69400500113125e-05	2.029287036696595e-07	0.0015230829646701	-0.0003971199943205	2.3197817172682607e-06	1.5770428988911406e-07	0.0005581914090674	0.0001588277306348	3.115776491566496e-07	2.5226248018600605e-08	0.0	0.0	0.0	0.0	0.0	0.0	0.0	0.0	0.0	0.0	0.0	0.0	0.0	0.0	0.0
1919.806253270984	-3.280373217301758	3685656.050098373	10.760848444790684	2268.119701038708	-0.0697012236614682	5144366.978239919	0.004858260579906	2159.8437399582263	2.1828617988330734	4664924.9810367385	4.764885632804761	2155.661774641313	1430.215727541056	0.960428	24.101149	0.0831729767299586	0.045217074714506	-0.0157816475	-0.0011013402	-0.0723974746	0.0160041525	-0.0122801118	-0.0083107576	-0.0187258659	0.0049243557	0.0732320259	-0.0293102047	0.0121614604	-0.1126706538	-0.0437795113	-0.0803607467	-0.0516981844	0.0296052631	0.0087575241	0.0289285713	0.043252779	-0.0222431268	-0.0597977585	-0.0369785276	0.0114690818	0.0463808229	0.0307193066	0.0044449966	0.0541183248	-0.0332374517	0.0391867063	-0.0057609139	-0.0529445504	0.0833377253	-0.0796054352	-0.005010003	-0.08401326	0.0095443352	0.0343782381	-0.0221462636	0.0398837198	0.0029927158	-0.0103388956	-0.0906688975	0.0776258124	-0.0138629717	0.0107113151	0.0352348246	-0.0465398175	0.0594331088	0.0171667728	-0.0372023911	-0.0114846635	-0.0074057683	0.0506736738	-0.0357817154	-0.0590558893	0.0240626421	0.1119038869	-0.0696166086	0.0254386022	-0.0392716849	-0.0580761114	-0.042290527	0.008801992	0.0431166979	-0.0367698631	0.1180457445	-0.0250690599	0.0521457031	0.0135199013	-0.0302792935	-0.0341082509	0.0011898348	0.0891348862	0.0710185978	0.0188536575	0.0401100454	0.0210559547	0.0011488548	0.0026110428	0.001481037	-0.0015586435	0.0729567895	0.0786197188	-0.0324498744	0.0363029103	0.0344543009	0.0058180599	-0.0103392137	-0.0844112143	0.0311764251	0.0416898695	0.0407319636	0.1189556511	0.0349470056	0.0035056275	0.0169116111	-0.0108072747	0.0063268304	0.0886372188	-0.0507479982	-0.0281481219	-0.0747360707	0.014640215	0.0320515948	-0.0134616027	-0.0006080389	-0.0262541127	0.0295473875	-0.0571437162	0.0780806967	-0.0044121396	-0.0547972339	0.0243951114	-0.0378426012	-0.0153217893	0.0059656761	0.0314555764	0.004207742	-0.0113588398	-0.0284667515	0.0126677661	0.0431206302	0.048120984	-0.0792466662	-0.015825456	-0.0303914309	-0.0238130967	0.0467738315	-0.0369172328	0.0354907929	0.0134162285	-0.0335855879	0.0537360876	0.0072235099	0.0072924636	0.0104461584	-0.001566793	-0.0485830375	-0.0338231577	-0.0267757486	-0.0471739952	-0.0115045374	-0.0784076511	0.0336000067	0.0689390864	-0.0530272111	-0.0539958877	0.0682433853	0.0347647336	-0.0012845987845793	0.0069919810997447	1.6501940373426148e-06	4.88877996991871e-05	0.095323034837591	-0.0011144358167883	0.0090864809706485	1.2419671897406069e-06	-0.2809033409986341	-0.0041572829932406	0.0789066869841949	1.7283001885887863e-05	-0.0080429148665394	0.0007286328880654	6.468847955040048e-05	5.309058855705266e-07	0.0019171028059612	0.0003940198412911	3.6752831686243066e-06	1.5525163533106377e-07	0.0008537242161146	0.0002955328070471	7.288450371804882e-07	8.733964004119753e-08	0.0	0.0	0.0	0.0	0.0	0.0	0.0	0.0	0.0	0.0	0.0	0.0	0.0	0.0	0.0
1917.8198020760224	-1.9864511949615464	3678032.7932349136	3.945988349964155	2269.039224798029	0.919523759320782	5148539.00367204	0.8455239439554236	2155.840394949239	-4.003345008987253	4647647.808494891	16.02677126098315	2153.0629235993392	1422.068667073148	0.916979	23.010834	0.1146670283889118	0.0622373680859551	-0.0264395127	-0.0249675491	0.0119727795	0.0607131187	-0.0021029211	-0.0445890101	-0.047494463	-0.0355085221	0.0230954014	0.0216721365	0.067819129	-0.0414018198	-0.0059923684	-0.0423993981	-0.0612575441	0.005298982	0.0229154642	0.0208938588	-0.0111868127	-0.036665272	0.0085806108	0.0483428662	0.0102899018	0.0446573095	0.0398268035	0.0724286459	-0.0325314747	-0.0354450519	-0.0464930013	0.0016738643	0.035057669	-0.0032113666	0.007313736	0.0335513049	0.0757630709	0.0902199042	-0.0705893691	0.0251971982	0.0169345121	-0.0478462514	0.0279154377	0.0244861365	0.0776144192	0.0113499747	-0.0182187976	0.0363577614	0.059051319	0.0397642008	0.0103660569	-0.0168055568	0.0457930508	-0.0276919123	-0.0316875247	-0.1006216456	0.0587649517	0.0110659347	0.0890837111	-0.0906050056	-0.0192968148	-0.0294968756	-0.033199014	0.0364611035	-0.0281631313	0.0204148132	-0.0786160821	-0.0083019966	-0.0008010397	0.1077588024	0.0245889434	-0.0118385858	-0.0084511501	0.0354480818	-0.0056344939	0.0549065805	0.0125672723	-0.0382374364	-0.0004295346	0.0076578473	-0.0232161449	-0.0089548249	0.0620325801	0.0746972982	0.0053496363	0.032301794	-0.0138937045	0.0295606671	0.0351464934	0.0130097542	-0.0073610842	0.0671244606	-0.0028637175	0.0867667503	-0.0997640905	0.0174249387	-0.0251275423	0.0538621696	-0.0912766014	-0.0777835656	0.0332423061	-0.0416160274	-0.0232208161	0.0541394349	0.0108070148	0.0626931692	0.0178161898	-0.1272519235	-0.0033094227	-0.050839134	-0.0667566048	-0.0061913269	0.040181495	-0.0804259887	-0.0669938803	-0.0007671789	-0.0293198383	0.0730356797	0.002545315	0.0171443323	-0.0211516908	-0.0174147028	-0.0285216933	0.0864755006	-0.0401069726	0.0136107197	-0.0029722631	-0.0167999554	0.0087981375	0.0502628134	-0.0280048446	0.0231137475	0.0148007203	-0.0002626466	-0.0071034029	-0.0165464048	0.0112863797	0.0054781855	0.0231800428	-0.0635477727	0.0494144493	0.0153992539	-0.0384140658	-0.0123503943	-0.0779133966	0.0359208828	0.0670465522	-0.0562039158	-0.0500436514	0.0713432033	0.0284607885	-0.0184977800948047	-0.0172131813102254	0.0003421678684357	0.0002962936108186	0.0650637837648844	-0.0302592510727065	0.0042332959578036	0.000915622275481	-0.2659639569062193	0.0149393840924147	0.0707368263732132	0.0002231851970606	-0.0089823438270047	-0.0009394289604653	8.068250062652943e-05	8.825267717609144e-07	0.0019171806059201	7.779995889992293e-08	3.675581475716162e-06	6.052833604829697e-15	0.0007481267382675	-0.0001055974778471	5.596936165107684e-07	1.115082732766878e-08	0.0	0.0	0.0	0.0	0.0	0.0	0.0	0.0	0.0	0.0	0.0	0.0	0.0	0.0	0.0
1915.2505280511325	-2.5692740248898644	3668184.585200142	6.601169014973764	2267.803304498846	-1.235920299182908	5142931.827895886	1.5274989859323689	2153.56681247113	-2.273582478108892	4637850.015777064	5.169177284763771	2149.309002826298	1416.5851856965633	0.923382	23.171509	0.1385826774206244	0.0923060301527249	-0.0155157779	0.0444170116	-0.0845274902	0.0298272868	-0.0021412827	-0.0350724046	0.0299723199	-0.0039380546	0.0960763439	-0.0412212394	0.0295725674	-0.0210462914	-0.0499164649	0.0139249158	-0.0375932055	-0.0261576843	0.0331792977	0.0120612562	-0.0723185918	0.0490952001	-0.0631918364	-0.0481082652	0.0275595561	0.0502179392	0.0086396783	-0.0186968042	0.0367844595	0.040063212	-0.0026058275	0.017370703	-0.107707708	0.0365075755	0.0090583088	0.0158150992	0.0126505876	0.0208342362	-0.0220756156	0.0409167632	-0.0486460068	-0.0067426514	-0.029407909	-0.0129518502	0.0685011514	-0.0848100496	-0.0674854577	0.0874492429	-0.0088220783	0.0313843199	-0.0682761818	0.0554779024	-0.0241182693	-0.0620756977	0.0226225079	-0.01844579	0.0083094749	0.0123064255	0.023783533	0.0510712929	-0.0293070361	-0.0391260315	-0.0522061915	0.0205397938	-0.0484594894	-0.0993560907	0.0754754565	-0.0873069486	-0.021070045	-0.0207466533	0.0372341297	-0.0737664333	0.0501475104	-0.0269386163	0.0425173103	0.049611597	-0.0642357353	0.0350698618	0.0305248318	0.0449408988	-0.0168859596	0.0519550681	0.0213561769	0.0536319838	0.0967587678	0.0039322476	-0.0425347035	-0.0080625225	0.0227847075	-0.1003374592	-0.0178730483	0.0358402736	0.0284426028	0.035603953	-0.0405403914	-0.038273962	0.0673585205	0.0601488072	-0.0414414397	0.091481027	0.0346794521	-0.0570426048	-0.0037434045	-0.0161413397	0.0357045957	0.0584271541	-0.0039943548	-0.0423161536	-0.0053303154	0.0397813225	0.0524054426	-0.0663758232	0.0418045492	0.0035455934	-0.0206575275	0.036978533	-0.0624511714	-0.0882444068	-0.0036368925	-0.0074258997	-0.0023140588	-0.067148729	0.0507471935	-0.0292758722	-0.0132223818	-0.059108014	0.0036049485	-0.0434816554	-0.0127888036	0.0447030125	-0.0207783125	0.0441117535	0.0082728153	-0.0125320324	0.0137906312	-0.02852656	-0.0174272558	-0.0245618337	-0.0020977801	-0.0381011195	0.0048875681	-0.0476781011	0.0950016683	-0.0131948967	-0.0773849666	0.0382063093	0.0650363955	-0.0592265694	-0.0458939156	0.0740598336	0.0219572114	-0.0058375679735291	0.0126602121212756	3.4077199845572646e-05	0.0001602809709556	0.0965208136295672	0.0314570298646827	0.0093162674637136	0.0009895447279075	-0.2554406688804533	0.010523288025766	0.0652499353180933	0.0001107395908732	-0.0073257731309333	0.0016565706960713	5.366695196590428e-05	2.744226471082482e-06	0.0019188647640291	1.6841581089999114e-06	3.682041982632453e-06	2.8363885361101574e-12	0.0007275386442699	-2.0588093997599943e-05	5.293124789060842e-07	4.2386961445401095e-10	0.0	0.0	0.0	0.0	0.0	0.0	0.0	0.0	0.0	0.0	0.0	0.0	0.0	0.0	0.0
1917.6541986024845	2.403670551351979	3677397.625417737	5.777632119436728	2276.331306688713	8.528002189867038	5181684.217811144	72.72682135037701	2155.4924374460256	1.925624974895527	4646147.647887008	3.708031543941399	2151.746443582531	1424.0885419075394	0.934069	23.43969	0.0944677956480631	0.062298488785798	-0.0265986961	0.0289756982	-0.0034704735	0.0413655573	-0.0187329999	-0.0553472264	0.0030964049	-0.0104540238	0.0417333619	-0.0284238564	0.0311957805	-0.0565431168	-0.0219895641	-0.0438904474	-0.1345333626	0.0028933246	0.0345978533	0.0429582264	-0.005957959	-0.0435348988	-0.0412050258	0.0051390352	0.0384802596	0.0997185144	-0.0049404818	-0.0499519942	0.0327054709	0.0385108589	0.0755252203	0.0049415172	-0.0163103012	-0.0277107037	0.0010222776	0.141125687	0.0485644323	-0.0573789575	-0.0592374716	-0.0001851909	-0.1205189652	-0.013060892	-0.0024242787	0.0383299291	-0.0060333351	-0.0360243837	-0.0040352908	-0.0420741185	0.0220405451	-0.0615226773	0.0047601299	0.0098082547	0.1138859737	-0.0463348131	-0.0364714837	-0.0916111344	0.0345199328	-0.0271293087	-0.0208089318	0.0678274941	-0.064038642	-0.0360294197	-0.05317225	-0.0516741779	-0.0079187739	0.0063584713	-0.0570743275	-0.0113299742	-0.032817928	0.0368752851	0.0374020034	-0.0169767599	-0.0460801998	-0.0424817712	-0.0223583844	0.0881809815	-0.0137368425	-0.0126754055	0.0006254388	0.0411847024	-0.0335180198	0.0762748141	0.054848839	0.0942144681	0.0156090988	-0.0416268719	-0.0598817917	-0.0964858985	0.0772016929	0.0231291913	0.009008609	-0.0529472043	-0.1286970572	0.0077514422	-0.0428637233	-0.0745733821	0.0537375742	-0.0262776957	0.0002333843	0.0141227369	0.0050236824	-0.0350244712	-0.030261151	-0.002805426	0.0429240734	-0.0008677885	-0.0090230828	-0.0233246319	0.0739211594	-0.0703537217	0.0876968458	-0.0390849998	-0.0129145093	-0.009014085	-0.062856908	0.0300615776	-0.0013798238	0.0865140777	-0.0052038864	-0.0083351743	-0.012666126	-0.051536669	-0.0230284722	0.0649523343	0.0470480663	0.0278086288	0.0116675648	-0.0706377432	0.0329807527	0.0301061923	0.007386282	0.0358598203	-0.0059965446	0.0064130006	0.0086788506	-0.0270033908	-0.0092801124	-0.0302102186	0.0009526767	-0.0408748386	0.0446390245	0.0529789129	0.0268371281	-0.0140379523	-0.0768225931	0.0404540309	0.0629121428	-0.0620868871	-0.0415630576	0.0763786853	0.0152996203	-0.0081706902587086	-0.0023331222851794	6.676017930375559e-05	5.443459597601207e-06	0.0733222990235162	-0.023198514606051	0.0053761595340939	0.0005381710799271	-0.310927827414396	-0.0554871585339427	0.0966761138606364	0.0030788247621708	-0.0072281833978248	9.75897331084996e-05	5.224663523259007e-05	9.523756008188185e-09	0.0017880412316377	-0.0001308235323913	3.1970914460364634e-06	1.7114796627363634e-08	0.000686971905312	-4.056673895789999e-05	4.719303986879995e-07	1.6456603096784007e-09	0.0	0.0	0.0	0.0	0.0	0.0	0.0	0.0	0.0	0.0	0.0	0.0	0.0	0.0	0.0
1917.6238390903657	-0.0303595121188209	3677281.1882476727	0.0009216999760928	2277.651985168457	1.3206784797439468	5187698.565541813	1.7441916468587826	2157.892205637954	2.3997681919281604	4656498.771153033	5.758887374990152	2154.363046130294	1417.356421508019	0.905464	22.721891	0.1676610843729006	0.0977721115977749	-0.0119788474	0.0208959252	-0.0005871947	0.061888726	0.0222012686	-0.0261456877	0.0104477269	-0.006679774	0.0068849786	-0.0025865327	0.0221260655	0.0260906375	-0.05988161	-0.0019338078	-0.0302738153	-0.0350890436	0.0173321299	0.0018617552	-0.0280867758	0.0423848355	0.00885292	0.0117801319	-0.0201693607	-0.0639651389	0.014250843	-0.0234037237	0.0340578677	0.0600969056	-0.0672773915	-0.0074951349	0.0689934243	-0.0371431045	-0.0603271829	0.0506892408	0.0406007105	-0.0178842664	0.0567874414	0.0585652016	-0.0800397087	0.016220001	-0.0826207724	0.0298907485	0.122330898	0.0470484474	0.0015564597	0.0637323449	-0.0312386684	0.0421155364	0.0885638906	0.0511369347	0.0513723736	0.0105289434	-0.0182806277	0.0023236528	0.0220781329	0.0049963067	-0.0311028499	0.0621758806	0.0072508732	0.0186640656	0.0813164662	0.0238704259	0.0367373736	-0.0532607816	0.0264577466	0.0480906776	-0.0475685758	0.0777536008	0.0187589076	-0.0134545555	0.0072016054	-0.0243355017	-0.0560860858	0.0043501954	-0.0898378517	0.0094277086	-0.0548630453	0.0159192017	0.0765457596	-0.0011373586	0.015876704	-0.0015905577	-0.0188054125	0.0270704791	-0.0528449286	-0.0462483269	0.0197394004	0.0263456639	-0.0156591929	-0.0224538916	-0.0086490668	-0.0048428987	-0.048419471	0.0162253895	0.0295309293	0.0310067281	-0.046700909	0.0818410055	0.0217891817	0.0596146392	-0.0231652958	-0.0099898335	-0.0176966823	-0.0386060124	-0.0911603809	-0.0567187403	-0.0681128742	-0.0649667727	0.0331103906	0.0309591026	0.0617397434	0.0157600142	0.0682376861	0.0509497595	-0.0293451403	-0.0266841446	-0.0315915822	-0.0018719024	0.0024850163	-0.0644274731	0.0265811063	-0.0038431326	-0.0631552928	0.022234826	0.0154701643	-0.0211926497	0.0348842466	-0.000578339	0.00974477	0.0453267047	0.009406438	0.0299641393	-0.0184238688	-0.0180771649	-0.0239753276	-0.0228837819	-0.003698928	-0.0087339673	0.0570999762	0.0221599821	0.1025213021	-0.0148794683	-0.0762265226	0.0426618292	0.0606775209	-0.064777029	-0.0370681691	0.0782873035	0.0085347133	0.0008923717046656	0.0090630619633741	7.96327259287789e-07	8.213909215196018e-05	0.0840282944670889	0.0107059954435727	0.0070607542710478	0.0001146183384377	-0.2156394951582072	0.0952883322561888	0.0465003918720864	0.0090798662641658	-0.0076939825867308	-0.0004657991889059	5.919736804491677e-05	2.169688843854871e-07	0.0012309927768578	-0.0005570484547799	1.5153432166760775e-06	3.103029809726744e-07	0.0006577456548026	-2.9226250509400043e-05	4.32629346411701e-07	8.541737188382061e-10	0.0	0.0	0.0	0.0	0.0	0.0	0.0	0.0	0.0	0.0	0.0	0.0	0.0	0.0	0.0
1918.2427734542505	0.6189343638848186	3679655.337909455	0.383079746797505	2284.430460611979	6.778475443521984	5218622.529371859	45.94772933843056	2157.3161803100897	-0.5760253278640448	4654013.101827716	0.3318051783408803	2154.3373903158576	1406.6393588070632	0.916121	22.9893	0.092833562822309	0.0584325761072517	-0.0173806618	0.0275030684	-0.0158540315	0.0608510848	-0.0301405595	-0.0733150303	0.0046980616	-0.0153774431	0.0264522362	-0.0250288371	-0.0352559804	0.003383185	-0.0343763529	-0.0470604784	-0.070437269	-0.0586088141	0.0307456399	0.0178966893	0.0039994206	-0.0263652886	-0.0670391753	-0.0017065579	-0.0071922766	-0.0207536422	-0.0363619718	0.0625085132	0.0379154994	0.0638649413	-0.1007612549	-0.0435699596	0.0101842473	-0.0059814254	0.0549795857	0.044572266	-0.0113944359	0.0321965845	-0.0166690698	-0.005659591	-0.0238196217	-0.0105823487	0.0246387577	0.0111812938	-0.0631930555	0.0054679759	0.0053763565	-0.058123628	-0.0173365378	0.0744552357	-0.0163980864	-0.0171342482	-0.1058046088	0.0264384799	-0.0119041881	-0.0435075894	0.0642215445	-0.0299788439	-0.069727408	0.1179327729	-0.0105992577	0.1182717553	0.0332785092	-0.0378083201	0.0412649971	0.0367343733	0.0124695327	-0.0499297936	-0.0074479451	-0.0652278163	0.0323126679	0.0085455754	-0.0391884151	-0.0825452058	-0.0554581741	0.0362713415	-0.0404811076	0.0162111985	-0.0303735831	0.0266488104	-0.0151884423	-0.0482847036	0.0040788235	0.0630666802	-0.0234660711	0.0245167084	-0.0859522808	-0.0120058012	-0.0598342479	-0.0598446445	0.0277925766	-0.0235485364	0.0478015781	-0.0458652732	-0.0975798627	-0.0750177153	-0.0554495486	-0.0144001827	0.0396371569	0.0181449872	-0.0333659425	-0.0206657564	0.0214473524	0.0012271674	0.0251163222	-0.1310019724	0.0269843677	-0.0362667206	0.0169255346	0.0121340066	-0.0697153324	-0.0209199558	-0.0234735389	0.0044911958	-0.0526260472	-0.0020527545	-0.0027335715	0.0030887271	0.0481591	-0.0132122583	-0.0150780033	-0.0499537678	-0.0180912982	0.0033864059	0.0922230674	2.33749e-05	0.0085105166	-0.0642159918	0.0334013394	-0.0368821419	0.0403127089	0.0728541879	-0.0177487167	0.0003889322	-0.0271278167	-0.0027926045	-0.0440300862	-0.0077300274	0.0014910227	0.0117287346	0.0071995048	0.0587710493	0.084219012	-0.0157193527	-0.0755970167	0.0448275254	0.05833645	-0.0672896215	-0.0324269895	0.0797754371	0.0017099414	0.0144766239112499	0.0135842522065843	0.0002095726398677	0.000184531908012	0.087491162647268	0.0034628681801791	0.0076547035413707	1.1991456033296924e-05	-0.2731682245377129	-0.0575287293795056	0.0746208788970863	0.0033095547040204	-0.007554059708224	0.0001399228785067	5.706381807541327e-05	1.9578411929628493e-08	0.0014459983703225	0.0002150055934647	2.090911286975326e-06	4.6227405221107854e-08	0.0006679714439519	1.0225789149300044e-05	4.4618584993518645e-07	1.0456676372594247e-10	0.0	0.0	0.0	0.0	0.0	0.0	0.0	0.0	0.0	0.0	0.0	0.0	0.0	0.0	0.0
1921.1592156800025	2.9164422257520077	3690852.7319922014	8.505635256149322	2282.4079802542024	-2.022480357776658	5209386.188328068	4.090426797592398	2157.8615867006747	0.545406390584958	4656366.627358354	0.2974681308909117	2155.832734305904	1425.6104859258105	1.053637	26.440149	0.0640729107845667	0.0320814056581279	-0.0239674235	0.0292838195	0.0583290796	0.0284041746	0.0525769244	-0.0180012128	-0.0236649964	-0.0011906406	0.0024524351	0.0268841311	0.0278572228	0.0449213191	-0.0513343816	-0.0059802074	-0.0250952182	-0.0147889519	0.0278280491	0.0160663791	0.0213657319	0.0187241754	0.0163483655	0.0299876644	-0.0011123239	0.0105036442	0.0165411479	0.0228934591	0.0690340363	-0.0418746733	-0.0224365147	0.0126545489	-0.0680904932	0.0301395963	0.0027015538	0.0691836585	-0.0653655538	0.0322539139	0.0475072954	-0.1055661223	-0.0711768771	0.0564011893	0.0390842277	-0.0158244674	0.0307725275	0.0347036396	-0.0051784799	0.0943538375	-0.0403538049	-0.0248228929	0.0314375881	-0.0777405319	-0.0151116661	-0.0210239546	0.0162315471	0.0141189942	0.1017496901	-0.0024083	-0.1182565857	0.046470265	-0.0842162494	0.0346154232	0.1000429641	0.0690318908	-0.083412967	0.0108851981	0.0489697493	0.0023372061	0.0362716911	0.001412608	0.0252733374	0.0130690741	-0.0287425495	0.0295788994	-0.0139038605	0.0139221408	-0.044242722	-0.013975611	-0.0491084626	0.0266209062	0.0246593446	-0.0078425347	0.0470065416	0.1010771452	-0.0855744719	0.0052455666	0.0129384602	-0.0573185129	0.0653420282	-0.0406329627	0.0578259074	-0.0128913397	0.0597251784	-0.0385020247	0.0711257667	-0.0285217029	-0.0715379562	-0.0091264025	0.0279737641	0.070051454	-0.0706209557	-0.0052396137	-0.0752315791	-0.0178037899	0.0190094588	0.0397494215	-0.015463687	-0.0300488887	0.0035529995	-0.0805592255	-0.0579305954	-0.0786542181	0.0342025567	0.037557448	-0.0245556888	0.1353867955	-0.0309100525	-0.0504178271	-0.1094429986	-0.0088579978	-0.0075719907	-0.0599596506	0.0030634749	0.0272074731	-0.0231476858	0.0908721422	0.0111129571	0.0443048615	0.0154088522	0.0438229457	0.032341061	0.0535990032	-0.0305783558	0.0519816225	-0.0400419921	-0.0441756821	-0.0184753677	-0.0230225282	-0.001837761	-0.0238214802	0.0312982201	0.0246065674	0.0616970534	-0.0165575133	-0.0749343514	0.0469489822	0.0558930371	-0.0696177779	-0.0276578354	0.0808350932	-0.0051268245	0.0210061554055869	0.006529531494337	0.0004412585649236	4.263478153553878e-05	0.0823936713531452	-0.0050974912941228	0.00678871707905	2.598441749365779e-05	-0.2434116295526109	0.0297565949851019	0.0592492214014574	0.0008854549451073	-0.0076380703396525	-8.401063142849958e-05	5.834011851347926e-05	7.057786193015201e-09	0.0012199222760349	-0.0002260760942876	1.4882103595661708e-06	5.1110400408335824e-08	0.0008116705784559	0.0001436991345039	6.588091279309352e-07	2.0649441257198656e-08	0.0	0.0	0.0	0.0	0.0	0.0	0.0	0.0	0.0	0.0	0.0	0.0	0.0	0.0	0.0
1905.864207349172	-15.29500833083057	3632318.376854688	233.93727984017653	2261.9371992169004	-20.470781037302004	5116359.893201196	419.0528762771633	2149.433489566597	-8.428097134077689	4620064.326070438	71.03282130144855	2148.719258370389	1415.9202519221997	1.078412	27.061867	0.126678201323529	0.0792431216231624	-0.0043538972	0.078528706	-0.053196679	-0.0144208755	0.074463836	0.0257679023	0.1145463741	0.0105293753	0.0520712394	-0.0993561115	0.0428680947	0.102594439	0.0482998982	0.02707003	0.0453356803	-0.0205333501	0.0469635107	0.0018105629	-0.1208706516	0.0466280319	-0.0567095888	0.0769886653	-0.0508485417	-0.0212599482	-0.0301626209	-0.0238433751	0.0319944589	0.0438572768	-0.0132173266	-0.0044923101	0.0216572357	-0.0298251005	0.0072715056	0.0339091954	0.0648575981	0.0337054088	0.0670462297	-0.0613243916	0.0190152581	0.0272588323	-0.001650656	2.129e-06	0.0363623819	0.0836148127	0.0245096712	-0.0106847473	-0.1040089263	-0.0751916606	0.0299272736	0.1620132532	0.1394989205	0.1144079282	0.0192552205	0.0567217784	-0.0452394462	0.0661227797	-0.0389198748	0.0150496355	0.0313135572	0.0151370156	0.0487080572	0.0506158099	-0.0283522938	-0.0406783552	0.040027953	0.0637285068	-0.0463677649	-0.1001037856	0.0449110889	-0.0666189496	0.0744971339	-0.1009691976	0.0168490938	-0.0517944923	-0.0724716943	-0.074957659	-0.0427033185	0.0291846278	0.0385968579	-0.0032875635	0.0372350193	-0.040461681	-0.0343968897	-0.0436016058	0.092039987	0.0396448116	-0.0099655105	-0.0105904576	0.030340719	-0.046511525	0.0245516498	-0.0350220192	-0.0368298813	-0.029835039	-0.030429741	0.0145880233	0.0070046499	-0.0235476016	0.0194905526	0.0494031942	-0.0179893138	0.0358370046	-0.1061452149	-0.0445776379	-0.0506785897	0.0644120497	-0.0694127535	-0.0859590614	0.0872415141	0.0957546108	0.0316094924	0.0835798335	-0.0310819295	0.0172826234	0.0354045689	-0.0083611392	-0.0255399784	-0.0203725857	0.0006533847	-0.0786542573	0.052776632	-0.0817851725	0.0132778837	-0.0116125165	0.005331781	0.0790155628	-0.0278196611	-0.014659215	0.0745003114	0.0295094708	-0.0309223475	0.0841653274	-0.0065903496	-0.0451230633	-0.0735799438	-0.0599426791	-0.0059875575	-0.0207805596	-0.0133854378	-0.0346597442	0.0096456226	-0.0173938582	-0.0742388174	0.0490241061	0.0533515689	-0.0717551168	-0.0227795284	0.0814605803	-0.0119276293	0.0111973709606445	-0.0098087844449424	0.0001253811164302	9.621225228734398e-05	0.0789610680077288	-0.0034326033454163	0.0062348502609211	1.1782765726963836e-05	-0.1755318492510156	0.0678797803015953	0.0308114301014812	0.0046076645737928	-0.0068411004473185	0.0007969698923339	4.680065533030138e-05	6.351610092868674e-07	0.0013277134981186	0.0001077912220837	1.76282313308633e-06	1.1618947558297545e-08	0.0008180501286697	6.379550213800019e-06	6.692060130165127e-07	4.069866093039587e-11	0.0	0.0	0.0	0.0	0.0	0.0	0.0	0.0	0.0	0.0	0.0	0.0	0.0	0.0	0.0
1911.623253503852	5.759046154680164	3654303.4633366526	33.166612611736376	2255.4097216057053	-6.527477611195081	5086873.012313525	42.607963964653045	2153.524228289685	4.09073872308818	4637666.601830685	16.73414330057311	2148.516332470396	1386.6595626069927	1.144099	28.710224	0.0999895047462933	0.0615520944271554	-0.0177729736	0.0524065532	-0.0075675996	0.0349921794	0.0221768978	-0.0319778417	-0.0077633682	-0.0471153541	0.0748609713	-0.0517232423	-0.0641369256	0.1284808775	0.0055439688	0.0217991136	-0.0431624152	-0.030260267	0.0369097179	0.041086398	-0.0818991613	0.0035347853	-0.0128683451	-0.0041932524	0.0626365278	-0.0394639733	-0.1148214243	0.0356333186	-0.0485367746	-0.0340987108	0.0114721086	0.0013285068	-0.0376924012	0.0198914429	0.0294047995	-0.0756668166	-0.0702422829	0.0200160027	-0.0579683269	-0.0633455861	0.0229625297	0.0160064643	0.0313837146	-0.0138702452	-0.0081018381	0.0113749529	0.0681170915	0.0142085502	0.0408008238	0.0013198284	0.0202973625	0.0208809466	-0.0807529456	0.0106331082	0.0652348153	-0.0619450954	0.0483853549	0.0408051479	-0.0916479142	0.0741375047	-0.0361704981	-0.0350552091	0.0617284244	0.0674813104	0.0424215571	-0.0158351397	-0.0904704778	-0.000489976	0.0354637536	-0.1255974706	0.0378061749	-0.0545930756	0.0115745312	-0.0521247668	-0.1085292706	-0.0414783754	0.0159190396	-0.0109357126	0.0806031582	0.0625103979	-0.0643693515	-0.0400167334	-0.0565645257	-0.0249750857	0.0190234349	-0.0331930279	-0.0364950762	0.0018284257	-0.0359758589	-0.0622654726	-0.0129862381	0.0071479916	0.0044117545	0.0124217662	0.0783824284	-0.058848625	-0.0596566707	-0.0391706619	0.0486458091	-0.0279970503	0.0225333899	0.0505035018	-0.0631136163	0.068744819	-0.0238958979	-0.0289344937	0.0298446318	0.0413060579	0.0575971859	-0.057827527	-0.0539562756	-0.011512406	-0.0836202149	-0.093181288	-0.0482242519	0.1416081998	-0.0335502373	-0.0214098704	-0.055521377	-0.0180885329	-0.0038803584	-0.0606980951	-0.0083313992	-0.0149081988	0.0984140381	0.0316597313	0.0241567208	-0.0110552876	0.0397697184	-0.0917686258	0.0494304749	0.0075515132	0.0223485976	-0.0173730714	-0.0213831393	-0.0193877093	-0.052102432	0.0304158519	0.0844076285	0.1038241477	0.034628456	0.0050226335	-0.0522411777	-0.0182282956	-0.0735107199	0.0510508491	0.0507165039	-0.0736957799	-0.0178113211	0.0816485389	-0.0186447705	0.0132255928567843	0.0020282218961397	0.0001749163064134	4.113684059980924e-06	0.0732243474604246	-0.0057367205473042	0.0053618050610049	3.290996263786223e-05	-0.2365459617614149	-0.0610141125103993	0.0559539920256327	0.0037227219254316	-0.0071370410655114	-0.0002959406181929	5.09373551707961e-05	8.758084949639597e-08	0.0014802236570397	0.000152510158921	2.191062074859983e-06	2.3259348574139123e-08	0.0006422919099347	-0.0001757582187349	4.1253889756756473e-07	3.0890951452900096e-08	0.0	0.0	0.0	0.0	0.0	0.0	0.0	0.0	0.0	0.0	0.0	0.0	0.0	0.0	0.0
1927.0421814803624	15.418927976510304	3713491.569204594	237.7433399448121	2277.485196200284	22.075474594578736	5186938.818911446	487.3265785758912	2160.1704054491684	6.646177159483159	4666336.180578425	44.17167083523563	2155.416926290004	1396.9492096590177	1.036013	25.997911	0.1020829395822715	0.0598061847985084	-0.0221175607	0.0103049869	0.0653940503	0.085536477	0.0101172017	-0.0459311763	-0.0744825543	-0.0463508631	0.0108566517	0.077810517	-0.0227635865	0.0821188283	-0.0532193744	-0.0146179775	-0.0113759142	-0.0682598572	0.0189451818	0.0411493685	0.0154478221	0.0237021061	0.0387397787	-0.0080473742	-0.0144191841	-0.0767197343	-0.0861418199	0.0303028064	-0.034255285	0.0239168279	0.0075977422	0.003193349	0.0051503349	-0.0139104533	-0.0493738763	0.0155395194	0.0146148225	0.0029556828	-0.1106947363	-0.0050061184	0.045780192	-0.022143189	0.026056717	-0.039942351	-0.0281760398	0.0329336228	0.0013987918	0.025962953	0.089927019	0.0061222731	-0.029127287	0.0059388713	0.0127632176	-0.0311690551	0.0462972378	-0.0415907304	-0.0236751826	0.0388461575	0.0097335093	-0.0507662998	-0.0144421235	-0.0441665922	-0.0054375867	-0.0036461465	-0.0189667543	-0.0867534119	-0.0790251326	-0.0090342614	-0.010935796	0.0662758294	0.0223153618	-0.0079648536	-0.05218119	0.0246665922	-0.0999902227	-0.0557093217	-0.0066332673	0.0353253849	0.0140988092	0.0450906125	-0.0073247845	-0.0225648854	-0.050639453	-0.0014899469	-0.0004306342	0.0130426372	0.0139158601	-0.0147852782	-0.0291340879	0.0172223518	-0.04215403	0.0879892988	-0.0804485361	-0.0025458003	-0.0217141963	-0.029615216	0.0460328234	-0.0065794191	0.0057647068	-0.021695404	-0.0310940342	-0.0051541295	0.0180379703	0.0426350314	0.0758336853	0.0063279278	-0.0028417896	-0.0134594673	-0.0497926942	-0.0249919989	-0.0133113163	-0.0056437344	-0.033994519	-0.1204644472	-0.1101043835	0.0492602486	0.0044559815	0.0406356981	0.0151427374	0.0006520667	-0.004848732	-0.0576812483	-0.0348320011	0.0280534943	0.0017464569	0.0812639598	0.0261525802	-0.0131828939	0.0419812131	-0.0541750549	0.0150192466	0.0420551095	0.0139916974	-0.0869436745	-0.0507902617	0.0292608365	0.0334873385	0.086754728	-0.013385961	0.0929633037	0.0570442835	-0.0090004493	-0.0654487355	-0.0190607341	-0.0727503781	0.0530272111	0.0479924649	-0.0754344479	-0.0127728206	0.0813979594	-0.0252311319	0.0005655321199213	-0.0126600607368629	3.198265786626796e-07	0.000160277137861	0.080884904605071	0.0076605571446464	0.0065423677929714	5.868413576639307e-05	-0.258482168988877	-0.021936207227462	0.0668130316851943	0.0004811971875261	-0.0082104894722709	-0.0010734484067595	6.74121373742713e-05	1.15229148197451e-06	0.0014758744903309	-4.349166708799823e-06	2.178205511209494e-06	1.891525106093268e-11	0.000523567193937	-0.0001187247159977	2.7412260656706415e-07	1.4095558188734522e-08	0.0	0.0	0.0	0.0	0.0	0.0	0.0	0.0	0.0	0.0	0.0	0.0	0.0	0.0	0.0
1926.2608242246824	-0.78135725567995	3710480.762942753	0.6105191610037027	2273.6804601495915	-3.8047360506925534	5169622.834866058	14.476016415439576	2155.625665581318	-4.54473986785024	4646722.0101129	20.65466046642741	2152.143038895645	1421.602838125478	0.97822	24.547623	0.0702362861652028	0.0400196215067994	-0.001881403	0.0422345071	-0.0365850554	0.0819176696	-0.0336727947	-0.0501487467	0.0080159181	-0.0263340251	0.0781063679	0.0150931731	-0.0475200249	0.061518782	-0.1131203863	0.0137232243	0.053264083	-0.0909474648	0.0310665046	0.0339391697	-0.0432995178	0.0376121241	-0.020263989	-0.0578888286	0.0310144219	-0.0853346721	0.02444133	0.0751285617	0.0503696941	0.0047772641	0.0125608286	0.0535935373	0.0487121112	-0.0080408939	-0.1032337458	-0.0888555371	-0.0438065554	0.0381525417	0.0385353675	-0.0687330011	0.1081373349	-0.0075042989	-0.0869912501	-0.0062431926	0.0094891584	-0.0062733748	0.0168286449	0.0119223574	-0.1324597403	0.0519361631	-0.0369604187	0.0173806946	0.0453596399	0.0088919306	-0.1050169246	0.0788697036	0.0255722636	-0.0190197657	-0.0653995714	-0.0364256639	-0.0460815909	0.0127393025	-0.0296530339	-0.0019242756	0.0014601939	-0.0133500383	-0.0021759979	0.0438316785	0.0068528137	0.069382016	0.0335233253	-0.0573281845	0.0051348527	-0.0470323507	-0.0537096889	-0.0031286855	-0.046638393	0.0588980393	0.0120897294	0.0443170225	0.0271883293	-0.1048940656	-0.0729406154	-0.0429780355	0.0326622857	0.0337535898	0.0385694162	-0.0233231848	0.0040887797	0.0364626596	-0.0866576111	0.0595176763	0.1067765113	-0.1055284069	0.0626412202	0.0352873081	-0.0557928389	-0.0550564728	-0.0262920166	-0.0157737984	0.0415403455	0.0546520815	-0.0303635242	-0.0436669804	-0.0868678552	-0.012966162	0.0473606103	-0.0151082925	-0.0959151625	0.0198365337	0.0705131827	-0.1006459709	0.0863686841	0.036263426	-0.0502511418	-0.0501578107	-0.0233544266	-0.0411380276	-0.0388604512	-0.0160120071	0.0057993186	-0.0890542458	0.0306730526	-0.0743853799	-0.0117794033	0.0112619484	0.0440696639	-0.0477150518	0.0223378062	-0.0451816118	0.0048372785	0.0293967551	0.002623801	-0.1163214012	-0.0507754293	0.0226364332	0.0010846674	0.0150256772	-0.0425984666	0.0156896584	-0.0183447412	-0.0120319139	0.0854170419	-0.0198910824	-0.0719581255	0.0549512416	0.0451842308	-0.0769663555	-0.0076839116	0.0807101879	-0.0316405151	0.0138350583852968	0.0132695262653755	0.0001914088405245	0.0001760803273074	0.0973236656472238	0.0164387610421528	0.0094718958950126	0.000270232864601	-0.2589349615998415	-0.0004527926109644	0.0670473143387113	2.050211485440317e-07	-0.0075730068420785	0.0006374826301924	5.735043263016777e-05	4.063841037970213e-07	0.0016390435676871	0.0001631690773561	2.686463816776457e-06	2.6624147805273553e-08	0.0005227147765514	-8.524173856000114e-07	2.732307376251801e-07	7.266153992731585e-13	0.0	0.0	0.0	0.0	0.0	0.0	0.0	0.0	0.0	0.0	0.0	0.0	0.0	0.0	0.0
1922.9356084118333	-3.3252158128491374	3697681.3540981873	11.05706020202195	2287.405554569129	13.725094419537529	5232224.171073705	188.37821682522016	2159.434261684859	3.808596103540822	4663156.330538432	14.50540427990633	2158.0127368982985	1427.8507953199808	0.949698	23.831888	0.0863052099404148	0.0543980323588905	-0.007849006	0.0434070597	-0.0004865432	0.0494449215	-0.0479871232	-0.0698400512	0.0267732703	0.0037993031	0.0617879853	0.013610126	-0.0074732563	-0.0391039646	-0.0079322772	-0.0187573277	-0.0188737755	-0.0359970037	0.0235538187	0.0277105666	0.0476717419	-0.035135451	-0.070320471	-0.1018482613	0.0156053186	-0.0293190065	-0.0562326672	0.036619514	0.0036994209	0.038730389	-0.0296270629	-0.0236507463	0.0293303787	-0.0378835604	0.0193276589	0.0779938397	-0.0312683831	-0.0215879797	0.0492895463	-0.0686392789	-0.1079589967	-0.0965334125	-0.0097303458	0.037978464	-0.0152553976	-0.0115712603	-0.0159750197	0.0081034098	-0.0340438589	0.0348576245	-0.0087182187	-0.0275862962	0.0089378861	0.0497997145	-0.0124111208	0.0309075923	0.0407182612	-0.0781188124	0.0968167134	0.0093823672	-0.0112956112	-0.0487645473	0.0186810829	-0.035728997	-0.0335568452	-0.0608914248	-0.0033100018	-0.0133301264	0.0823078724	0.0042849778	0.0254009813	0.0089282399	-0.0656102318	-0.0756904558	-0.0149660677	0.0389656013	-0.0130990076	0.1016932616	-0.0397330963	0.05831805	-0.039180118	-0.0416344606	0.0196224171	0.0038742232	-0.0586167428	-0.0321298163	-0.0287889583	-0.0531726771	0.008280909	-0.0121074063	0.0184238586	-0.0873808002	-0.017596195	-0.0185155941	-0.0064419843	0.014756555	-0.0280357543	-0.0588478856	-0.0211956395	0.0118468509	-0.0437564162	-0.0687541554	0.0058021169	-0.0130371065	0.0374691712	-0.0099606346	-0.0168604777	-0.056455737	-0.0266333041	0.0430873893	-0.0452898796	0.0529412803	0.0325141359	0.0137959829	0.0240183356	-0.0975574559	-0.0081905119	0.0521734546	-0.117811671	-0.0197492428	-0.0073362014	-0.0670088539	-0.0422356567	-0.0010540468	0.1200635587	0.0510411888	0.0226507416	-0.066407608	0.020019897	-0.000486925	0.0478298782	0.0498482249	-0.0361051533	-0.0511297023	-0.0230880905	0.0529280415	-0.0107852528	0.0143391632	-0.081933945	-0.0075236219	-0.0557933727	0.067935953	0.0207843281	-0.0207192494	-0.0711343098	0.0568210419	0.0422967282	-0.0782873035	-0.0025646777	0.0795889182	-0.0378279629	0.00717502578091	-0.0066600326043868	5.148099495672315e-05	4.435603429149524e-05	0.1003363853039047	0.0030127196566808	0.0100673902158536	9.076479729751405e-06	-0.3036562679368586	-0.0447213063370171	0.0922071290573412	0.0019999952404893	-0.0070100255527888	0.0005629812892897	4.914045825075192e-05	3.1694793209029335e-07	0.001685086368951	4.604280126390011e-05	2.839516070824466e-06	2.119939548227001e-09	0.0005519137128444	2.9198936292999973e-05	3.046087464256908e-07	8.52577880642671e-10	0.0	0.0	0.0	0.0	0.0	0.0	0.0	0.0	0.0	0.0	0.0	0.0	0.0	0.0	0.0
1923.273645763173	0.338037351339608	3698981.516487167	0.1142692509006975	2282.0142290519943	-5.391325517134646	5207588.941595768	29.066390831707164	2161.1483386512896	1.714076966430639	4670562.141655229	2.938059846848062	2159.162196257329	1439.5922667748005	0.961938	24.139044	0.0790394442373371	0.0411919779152877	-0.0096940785	0.0396667617	0.0438121063	0.0355996703	0.0250286424	-0.0141948019	0.0056086538	0.0095392321	0.0258331204	0.0288089699	0.0092224417	-0.0020351605	-0.0823266844	-0.0200568739	-0.0123069831	0.0010683938	0.0173465903	0.06926374	0.0674811638	-0.0240937111	-0.0004836701	-0.0363886416	0.0044284283	-0.0975462127	-0.0271903533	0.0343270261	0.0617935699	-0.0288188466	-0.0651323784	-0.0383212024	-0.0673474915	0.0375197844	-0.0275582396	0.0432243206	-0.0629342858	-0.0297794931	0.048029741	-0.021809621	-0.0067954458	-0.0123041922	0.013660918	-0.0028417776	0.0644236115	-0.0096318291	0.0737091007	0.0918697331	-0.0219526193	0.0014345685	-0.0413910203	-0.0344548743	-0.0685547713	0.0079529629	-0.093163193	0.0585793286	0.0030327639	-0.0285795241	0.1332878912	-0.0471453066	-0.0689735128	0.0202922461	-0.0757359559	-0.0134763856	0.0406097255	-0.0431491748	0.0500138091	-0.0887143581	-0.0615271868	-0.044127821	0.0189745719	-0.0159802948	-0.0882794035	-0.0078161872	-0.0135672668	0.0001069108	-0.0087337279	0.0714732432	-0.0373432758	-0.0005690087	0.0604827591	-0.0352288415	0.0254188882	0.0835278543	-0.0710740954	0.0151439413	-0.0017907161	0.0018626487	0.0196735848	-0.0623233661	0.0606346827	0.0002464354	0.0414054313	-0.0052650504	0.1013009633	0.0585184221	-0.0272586061	-0.009886545	0.0187755715	0.0564629789	0.0449452956	0.0504096271	0.0017925984	0.0309913287	0.0616378739	0.059688388	-0.0054258739	-0.0171383518	-0.143572584	0.0728892166	-0.0361096079	0.0235842851	-0.0287507008	0.0420987716	0.0371881525	-0.0836755931	-0.0556078648	-0.0409695595	-0.0367938253	-0.0141164592	0.0062664346	-0.0750487025	-0.0075138611	0.0056199698	-0.0247281618	0.1028058495	0.0294100238	-6.6438e-06	0.0197407873	0.0674997393	0.0130733759	0.0256036922	-0.0172509528	-0.0182338818	-0.0195031815	-0.0148092793	-0.0042568933	-0.0247878425	-0.0388475708	-0.0406123471	0.0432184679	0.0402724311	0.0284409703	-0.0215451443	-0.0702792922	0.0586347667	0.0393350228	-0.0793936715	0.0025646777	0.0780401729	-0.0437500746	0.0149705470215906	0.0077955212406806	0.0002241172781256	6.07701514139024e-05	0.0936638201744983	-0.0066725651294063	0.0087729112096807	4.452312540617016e-05	-0.2759439469391935	0.0277123209976651	0.0761450618523804	0.0007679727350776	-0.0075599790861561	-0.0005499535333673	5.715328378311762e-05	3.0244888886317856e-07	0.0015200190297079	-0.0001650673392431	2.310457850674146e-06	2.7247226484796682e-08	0.0005297538480631	-2.215986478129996e-05	2.806391395376621e-07	4.910596071254981e-10	0.0	0.0	0.0	0.0	0.0	0.0	0.0	0.0	0.0	0.0	0.0	0.0	0.0	0.0	0.0
1909.534364977756	-13.739280785416897	3646321.491031002	188.7678365005259	2267.9213631369853	-14.092865915009044	5143467.309373122	198.6088696984237	2147.114470572582	-14.033868078707656	4610100.549742179	196.9494532505697	2146.715753007485	1423.6850686166745	1.088031	27.303261	0.0972181572892072	0.061663204282248	0.0087261081	0.0943220002	-0.0839503681	-0.0191715765	0.0505447992	0.082143958	0.1432395275	0.0551831776	0.0686133003	-0.0747673125	0.0057886672	0.0097932057	-0.0346547039	0.0211261618	0.0124588204	0.017022845	0.0613939278	0.0281607186	-0.1394162795	0.0069402605	-0.1154661938	0.0445440986	0.0206693298	0.0363785268	0.0025030828	-0.017566329	-0.0115105199	-0.0176562364	-0.0118801563	0.0158037341	0.0140898057	-0.0065473576	0.0097256426	-0.0146071224	-0.0339818436	-0.0260612949	-0.0264543495	-0.0806459581	-0.0363995618	-0.1592152374	0.044043033	0.008069174	-0.0507539734	0.0136843211	0.0179861679	0.0372155385	0.0388997973	0.0368524621	-0.0427119297	-0.0179072153	0.0096843167	0.0399427491	0.0101505763	0.0033752343	-0.062049283	0.113727528	0.0430609222	-0.0423908827	-0.0667759559	0.0402331964	0.0180173956	-0.0309372601	0.0269660775	0.0272873995	0.0214738211	0.0131430307	-0.0739548339	-0.1025301717	0.0616126681	-0.1173535424	0.0925703605	-0.1068766752	0.0870477192	-0.0336368326	-0.0171650584	-0.0669319232	0.0317258946	0.0256976594	-0.0018395252	0.0250728384	0.0716062407	-0.0364844903	-0.0338169355	-0.0024565068	0.0615923512	-0.0211539149	-0.0183204597	-0.0360612477	0.0353836318	-0.0232375637	-0.0336686509	-0.0008241389	0.0927358932	0.0358284457	0.0096903519	-0.0558843796	0.0397315078	-0.0762370434	-0.0487300416	-0.0010852282	-0.0348761713	0.1337734419	-0.0225116789	0.0662570209	-0.0733505119	-0.0392200286	0.0011122877	0.0621147473	-0.0399095027	0.0445912214	0.006350954	0.0796993368	-3.09169e-05	-0.027667016	-0.0272942426	-0.0490547366	0.0841811888	-0.0284409105	0.0163534129	-0.0926096161	0.0369225812	-0.0805247085	0.0658731189	0.0018132402	0.0121496736	0.0413028525	-0.0254068675	0.0070529225	0.0402718593	-0.0119873952	-0.0067286701	0.031808199	0.0319830173	0.0022544752	-0.0332773117	-0.0188056461	-0.0652970961	7.45934e-05	-0.0394108001	-0.0406930962	-0.0546869414	-0.0223686765	-0.0693934478	0.060390626	0.0363043104	-0.080282427	0.0076839116	0.0760722702	-0.049365311	0.0183521412096041	0.0033815941880135	0.0003368010869772	1.1435179252406688e-05	0.0893335352953244	-0.0043302848791739	0.0079804805283609	1.8751367134802157e-05	-0.2339676093075837	0.0419763376316097	0.0547408422051061	0.0017620129209629	-0.0066254639776859	0.0009345151084702	4.3896772919613465e-05	8.7331848795907e-07	0.0015172141120964	-2.8049176114999363e-06	2.301938661944468e-06	7.867562807302507e-12	0.0005430326337896	1.3278785726500062e-05	2.948844413604699e-07	1.763261503703018e-10	0.0	0.0	0.0	0.0	0.0	0.0	0.0	0.0	0.0	0.0	0.0	0.0	0.0	0.0	0.0
1917.111365104029	7.577000126272878	3675315.986211033	57.41093091353921	2273.610196200284	5.688833063298716	5169303.324265894	32.36282162208066	2153.726138078155	6.611667505573223	4638536.277841045	43.714147204252846	2149.2074785852333	1409.1800178960498	1.222477	30.677061	0.0817214055806382	0.0418731936633278	-0.0209857055	0.0554781669	0.07201023	0.0299170096	0.0377892376	-0.0530151859	0.0227567424	-0.0499438585	0.0314584285	0.0566848929	0.0188322869	0.0990667223	-0.0900262734	-0.0147356182	-0.0228462752	0.0741934279	0.0403833844	0.0309915101	-0.0106289224	-0.0280093827	-0.0288332635	0.0522802374	0.0327446963	-0.0393468321	-0.0640693287	0.0290219585	-0.0547477728	-0.0991005585	-0.0194358626	-0.0499084285	-0.0674864734	0.0209481157	0.0307043731	-0.0323900686	-0.0061590145	-0.0200857711	-0.0551269472	-0.0032221268	0.0379954697	0.005789443	-0.0508843481	0.0073547596	0.0262912645	0.0478349437	0.0586054161	-0.0157737984	-0.0122265545	0.0214603173	-0.0147150468	0.0720940437	-0.0429090542	0.0791743906	-0.0718083954	0.0164385856	0.0437067577	0.0834838391	-0.0164143543	0.0213528934	0.0448235086	-0.0924446509	-0.0079854498	0.0355079773	-0.0122172275	0.0861071468	0.0522618805	0.0653008705	-0.058832997	-0.0206267526	0.0418549539	-0.0046971609	-0.0393000606	-0.0394231072	-0.104167532	-0.0733604271	0.0382441411	-0.0115352809	0.0791867146	0.0288882961	-0.0154081481	-0.0452155106	0.0095157695	0.0714755282	0.033442504	-0.0562172275	-0.0267292475	0.0940989466	0.0095611764	-0.0573818198	-0.0049771003	2.63268e-05	-0.0446750754	0.0473765328	0.0117330182	-0.0015517006	-0.0298119301	-0.0018401133	0.0056287277	-0.013124704	0.0125286873	0.0736349326	-0.0746260241	0.0501044184	-0.1244970335	-0.0497468139	0.0249744289	0.0263670016	0.0059779945	-0.0257159942	-0.0136617829	-0.0249409697	0.0047213555	-0.0339705472	0.0660735926	0.005113037	0.0228065834	-0.0120660735	0.0298392116	-0.0204726187	0.0016804816	-0.0651234043	-0.0355359976	0.0168560688	0.0771935227	0.1163764919	0.0286701743	0.0300233315	0.0435287553	-0.0955604906	0.0542050702	0.0154164826	-0.0057830031	-0.0282477612	-0.0306448167	-0.0191863714	-0.0057355701	0.0623211973	0.0593970225	0.0843979471	0.0093990599	0.0199040569	-0.148281033	-0.0231897558	-0.0684771651	0.0620868871	0.0332099078	-0.0809511339	0.0127728206	0.0736957799	-0.0546342852	0.0154833438299704	-0.0028687973796337	0.000239733936157	8.229998405393186e-06	0.0703479459318714	-0.018985589363453	0.0049488334968335	0.0003604526034776	-0.2567031330415403	-0.0227355237339565	0.0658964985133427	0.0005169040394573	-0.0071364696683086	-0.0005110056906226	5.092919932668866e-05	2.611268158487824e-07	0.0013453665397016	-0.0001718475723948	1.8100111261486568e-06	2.9531588137986065e-08	0.000602809272844	5.977663905439999e-05	3.633790194267121e-07	3.573246576640018e-09	0.0	0.0	0.0	0.0	0.0	0.0	0.0	0.0	0.0	0.0	0.0	0.0	0.0	0.0	0.0
1926.598263497214	9.486898393185127	3711780.86891048	90.00124112261858	2273.0006330085525	-0.6095631917314677	5166531.87765728	0.371567284713854	2153.4490974642013	-0.2770406139538863	4637343.015369383	0.0767515017799462	2150.4752632317054	1400.6050194923782	1.151964	28.907606	0.0964274083056787	0.048456523678224	-0.0033698694	0.0455846573	0.014377104	0.1044071431	-0.0025038612	-0.0182564552	0.0082171212	-0.0285464949	0.0571008846	0.0136378294	-0.0074620422	0.0819743664	-0.1184503192	-0.0146234425	0.045534523	-0.0326295645	0.0438557469	0.0099551018	-0.0612600031	0.0263331204	0.0434188763	-0.0190521686	-0.0179220201	-0.0572844616	-0.0424003479	-0.009478097	-0.0401232615	-0.0245560995	0.0365182701	-0.0451709447	-0.0270677308	0.0150164987	0.0158887104	0.0290731975	0.0318608493	-0.0072500532	-0.0024590488	-0.0694152972	0.0098596532	0.0230452335	0.0177939802	-0.0613964074	0.1465453518	0.0521156165	-0.0228372265	0.0149253204	0.0660986123	0.0167862753	0.0453250636	0.0393893272	-0.0459617911	0.0057445812	0.03443298	0.0369104513	-0.0227546418	-0.0440883146	-0.0515799219	-0.060641294	0.0185180068	-0.0170053124	-0.0262646578	-0.0223762524	0.0042428021	-0.0452227487	-0.0622240775	0.0732357302	0.0599373695	-0.0412745118	0.0448888163	-0.0570393015	0.046194238	0.0078474646	-0.0543681945	-0.0279044487	-0.0247787961	0.0198939733	-0.0209342921	0.0601941785	0.0360229307	-0.0202958809	0.0225349167	-0.0459063168	0.0422768376	-0.0898162495	0.0572008996	0.0134909399	0.0208520175	0.0168682897	0.0492603647	0.0348205854	-0.072302418	0.0484892732	0.0343807227	0.0240227966	-0.0314082399	0.1334066785	-0.0459650166	-0.0051289148	0.0357760702	0.0130528692	-0.0576992936	-0.0115149417	0.0301938897	-0.026822821	-0.0132487859	0.0785752979	-0.0369390015	0.0276817933	-0.0608665241	-0.0268852254	-0.0155160038	-0.1000228518	0.0200828951	0.0211310875	0.0080122652	0.0109839209	-0.1138650595	-0.009726343	0.0137862965	-0.0919674534	0.0176164068	-0.0515896185	-0.0601197275	0.0706464157	0.0395169437	-0.0304505117	0.0318487102	-0.0174576481	0.0150994609	0.0228605932	0.0058251454	-0.0953421303	-0.0588325933	0.0549549651	0.0391527599	0.068919502	-0.0599662038	0.0710801091	0.0199876086	-0.0236430665	-0.0575044376	-0.024008292	-0.0675308461	0.0637218759	0.0300572439	-0.0813979594	0.0178113211	0.0709234662	-0.0595200392	0.0101436596585244	-0.005339684171446	0.0001028938312679	2.851222705079096e-05	0.1008195624640819	0.0304716165322105	0.0101645841754489	0.000928519414086	-0.2395328873751481	0.0171702456663921	0.0573760041342753	0.0002948173362442	-0.0076759882596764	-0.0005395185913678	5.892079576268993e-05	2.910803104314955e-07	0.00158605129788	0.0002406847581783	2.5155587195068323e-06	5.7929152819394875e-08	0.0005140953836776	-8.871388916640004e-05	2.642940635186188e-07	7.87015413102831e-09	0.0	0.0	0.0	0.0	0.0	0.0	0.0	0.0	0.0	0.0	0.0	0.0	0.0	0.0	0.0
1919.9723528368067	-6.625910660407271	3686293.835657704	43.90269207969872	2275.562111825654	2.561478817101488	5178182.92477643	6.561173730459638	2154.0586379965657	0.6095405323644627	4639968.61592762	0.3715396605951526	2153.5960196888923	1435.8683498149246	1.174314	29.468464	0.0989229727265506	0.0455335809498156	0.0052873252	0.0535142796	-0.049996155	0.0291838832	-0.0278262496	-0.0115389705	0.0141849202	0.0140984325	0.0321974437	-0.0351662857	0.0299703099	-0.0845239993	-0.0099020745	-0.081006741	0.0879684388	-0.0149891117	0.0359137752	0.0192714186	-0.0521711044	-0.0148382467	-0.0092102827	-0.0333217854	-0.013842161	0.0250309039	0.0086638563	-0.0237437379	0.0894213799	0.0162590543	-0.0231339696	0.0520394331	0.0209586736	0.0215568959	-0.0107662291	-0.0381551877	0.000402923	-0.0298852941	-0.0465829221	0.0058727023	0.0660391655	-0.0275843727	-0.0826548972	-0.0265506494	0.0365078045	-0.0193771329	-0.0039573309	-0.046501955	0.0085574529	0.0044699374	0.0292249589	-0.0257790922	0.0580604978	-0.0091829379	-0.0607140896	0.0073421812	-0.1085888884	0.0131229495	0.0472538346	0.0062576274	-0.0053206453	0.1048445265	0.0073037781	-0.023231439	0.0141191068	-0.0495341027	0.0974240889	0.0200314622	-0.0287626609	-0.0265785357	0.0338927412	-0.069402615	0.0412476187	-0.0090225796	0.08052715	0.0672108844	0.0038624615	-0.0055669905	-0.0195398773	0.0562625526	0.0297611796	0.0015300935	-0.0346064745	-0.0346403399	0.0235828072	0.0403116251	0.0716009071	0.0394611942	-0.0185203832	0.0084852942	0.0035066832	-0.0016508935	-0.0206792234	-0.0042609554	0.0444237273	0.0360811858	0.0355740837	-0.0388815698	-0.0829892897	-0.0022389206	0.0577998791	0.0418802552	0.0200730848	-0.0314216547	-0.0071691462	-0.0305373182	0.0241572031	-0.0121168001	-0.0415913763	0.0421896931	-0.0364252973	0.0195392834	-0.0105238452	0.0928105698	-0.0489404236	0.0075374324	0.0001054178	-0.0106270073	0.0952405615	-0.0171078836	0.0013539881	-0.0658688362	-0.0179587316	-0.0594210073	0.0938635035	0.003822447	0.0090216551	-0.0069553521	-0.0259325516	0.0244142976	0.0213540889	0.0230571472	-0.0054909199	-0.0137918503	0.0143992865	0.0621521465	0.0142742754	0.0106329865	-0.1166287665	-0.0891339005	-0.1303389299	0.0109187119	-0.0415172681	-0.0248241955	-0.0665549058	0.0652939789	0.0268518493	-0.0816216788	0.0227795284	0.0677702193	-0.0639883028	0.0125940593918159	0.0024503997332915	0.0001586103319645	6.00445885291506e-06	0.1297751910891804	0.0289556286250984	0.0168416002222332	0.0008384284290746	-0.2701741544405038	-0.0306412670653556	0.0729940737276412	0.0009388872473704	-0.0073441816250584	0.000331806634618	5.393700374184544e-05	1.1009564277652303e-07	0.0018410836949518	0.0002550323970718	3.3895891718173723e-06	6.504152355618826e-08	0.0006647698980439	0.0001506745143663	4.419190173452973e-07	2.270280927952036e-08	0.0	0.0	0.0	0.0	0.0	0.0	0.0	0.0	0.0	0.0	0.0	0.0	0.0	0.0	0.0
1915.6528256987367	-4.319527138070043	3669725.7486075545	18.65831469652358	2258.716020526308	-16.84609129934597	5101798.0613822015	283.79079206590006	2156.6051762833386	2.546538286772829	4650945.886372089	6.484857245999898	2153.4605805019164	1442.065951692803	1.095293	27.485495	0.1328412638492821	0.0722119722618559	0.0058790787	0.0369136092	0.0542530874	-0.0031596763	0.0643885469	-0.0167789612	0.0462215983	-0.0091464343	-0.0314309516	-0.0375322545	0.1037901798	0.0514158634	0.0174141712	-0.0136461961	0.0426508993	0.0849656844	0.0256718661	0.0632198659	0.0055577805	-0.0100428659	-0.0306125014	-0.0143941713	0.0099049746	-0.0192433735	-0.0068942983	-0.0425677877	-0.0173911602	0.0054006546	0.01313605	0.0502746989	0.0047816586	0.033533864	0.0583130851	0.0168948135	0.0790825484	-0.0097732265	0.0109719153	-0.0139113493	-0.0488345672	0.0196765784	-0.0190829069	-0.0272964263	-0.0923646735	0.0876444372	0.0396697254	0.0198279382	-0.0306911218	-0.0231540925	-0.0628581943	-0.0072547748	0.0041405204	-0.0425859773	0.0362925607	-0.0073923403	0.0484262681	-0.0340474665	0.0359473076	-0.092797988	0.0229757628	0.0253563316	0.0740413373	0.0452400143	-0.0076477128	0.0880060861	-0.0019583266	-0.0200000027	-0.0506980488	0.0090397856	0.029013577	-0.0382926288	-0.0571602904	-0.0392235904	-0.0194931192	-0.0539845611	0.0262999104	0.0206488448	0.0187004075	-0.0151667726	0.0024449359	0.0416696272	0.0311270277	-0.0116510592	0.0382913751	-0.0174748994	0.0390219277	0.0416544191	0.0089520118	0.0190249308	0.0976152219	-0.0324817044	-0.0095227166	-0.0144380397	-0.0568415506	-0.0211108574	-0.0027964531	-0.0588484726	0.1029371832	0.0085712183	-0.0713358653	0.0057785344	0.0013082588	-0.0211438938	-0.0374099582	0.0272934422	0.0196938051	-0.1135968727	-0.0076336387	-0.0641170177	-0.0040838411	0.0063113734	-0.0266960932	0.0769709276	-0.0053245924	-0.0416886136	0.0005926679	0.0033608631	0.0412702271	-0.004927754	0.0047563313	-0.05053091	-0.0566211938	-0.0080823767	0.0201532825	0.0888142021	0.0184399997	0.0654910593	-0.0125021395	-0.0547999762	0.0374146827	-0.0495241506	-0.0015774687	0.0213433705	0.0001604727	-0.0137211196	0.0034982173	0.0228153552	0.0082774212	-0.0564038951	0.0046150346	0.037324318	-0.1037315204	-0.0256373767	-0.0655497724	0.0668016447	0.0235993474	-0.0816216788	0.0276578354	0.0642529755	-0.0680077345	-0.003269413144153	-0.0158634725359689	1.0689062307160405e-05	0.0002516497608994	0.0686802152729626	-0.0610949758162178	0.0047169719699404	0.0037325960699842	-0.2467169726058884	0.0234571818346153	0.0608692645718146	0.0005502393796222	-0.0078001215128337	-0.0004559398877753	6.084189561497109e-05	2.078811812645533e-07	0.0019198824040937	7.879870914190008e-05	3.6859484455486055e-06	6.209236562429767e-09	0.0005509958217115	-0.0001137740763324	3.035963955435312e-07	1.2944540445290784e-08	0.0	0.0	0.0	0.0	0.0	0.0	0.0	0.0	0.0	0.0	0.0	0.0	0.0	0.0	0.0
1919.2055912807	3.552765581963285	3683350.1016031015	12.622143280382923	2265.912424723307	7.196404196999083	5134359.116515457	51.78823336658602	2153.4651106415185	-3.140065641820001	4637411.982750287	9.860012234938456	2149.871217611701	1411.1958422060534	0.950042	23.84053	0.1117817066236032	0.0625536036508308	0.0109307221	0.0108492098	0.014087676	0.0428043327	0.0403740163	-0.030034072	0.0428239478	-0.0392042825	0.0160143869	0.037168905	0.0001526715	0.0915321843	-0.0279427402	-0.0054939759	0.0841711871	-0.0247007399	0.0413947058	0.0128540988	-0.0301300736	0.0154494849	0.01018103	0.0050524988	-0.0317913153	-0.0775925853	-0.0020340686	-0.0411926922	-0.0421579834	0.0323212061	-0.021488028	-0.002455502	0.0325830987	-0.0291475265	0.0894121184	-0.020073506	0.0867187928	-0.0454139814	-0.0741182405	-0.0020585612	0.0244569034	0.0654444315	-0.0159295295	0.065513416	0.0166392055	0.0536844678	-0.0487846511	0.023564167	-0.0606894555	0.0595787905	0.0217464417	0.1003825156	-0.0588452626	0.016888538	0.0838080849	-0.0376260475	0.0743055024	-0.0029208078	0.0186506025	-0.1273763383	0.0416422906	-0.0827772983	0.0455277294	-0.0762513217	0.0357243328	0.0582235856	-0.0114842303	-0.0294031557	0.0558053845	0.0956137635	0.0427128317	-0.0262556645	0.0137416505	-0.0170377079	-0.0461097913	-0.0625253433	0.0045758619	0.0160912413	-0.00214991	-0.0242009841	0.0450213336	0.0154212384	-0.0091042276	-0.0623773983	0.0505306968	0.0347382607	0.0186004092	0.0921393415	-0.0327330552	0.01097128	0.0638214795	-0.0081081392	-0.1020732163	-0.0241058834	-0.0807114591	-0.0154211493	-0.0092662464	0.0380112089	-0.0648570846	0.0405378021	0.0004603426	0.0529783063	-0.0228132186	0.052207839	-0.1246144675	0.0510034406	0.0518770077	-0.0640340047	0.0624306272	-0.0115647512	-0.0624427023	0.0732819049	-0.0511734827	-0.1036032224	0.0647679181	-0.0773830544	0.0029094641	-0.0763239906	-0.0811700154	0.0127397414	1.82474e-05	-0.0448024952	-0.0226558464	-0.0674946959	-0.0474655389	0.0247600277	0.0146008556	0.0380042487	0.0178583997	-0.0939898158	-0.0203035031	0.0033089997	0.0344575914	-0.0550907682	-0.0732067213	0.0467401874	0.0309389756	0.0522824221	0.0322336838	0.0440793609	-0.0371540134	-0.0278794652	-0.0782358456	-0.0264477464	-0.0645158866	0.0682433853	0.0203054443	-0.0813979594	0.0324269895	0.060390626	-0.0715501408	0.0108870769132209	0.0141564900573739	0.0001185284437143	0.0002004062107445	0.0837746188694694	0.0150944035965067	0.0070181867667248	0.0002278410199342	-0.2236725956884058	0.0230443769174825	0.050029430061989	0.000531043307515	-0.0088490165382665	-0.0010488950254328	7.830509369451404e-05	1.1001807743776746e-06	0.0019202255082402	3.4310414649988893e-07	3.687266002496334e-06	1.1772045534541725e-13	0.000410505230246	-0.0001404905914655	1.6851454405932149e-07	1.9737606290326043e-08	0.0	0.0	0.0	0.0	0.0	0.0	0.0	0.0	0.0	0.0	0.0	0.0	0.0	0.0	0.0
1919.868281567605	0.66269028690499	3685894.218569349	0.4391584163582179	2280.576491615989	14.664066892682058	5201029.134111494	215.034857833054	2151.4244803695874	-2.0406302719311498	4628627.2947335495	4.164171906721799	2149.9090555698867	1456.2323389121302	1.200446	30.124208	0.1132564399464568	0.0804444035335115	0.0086056259	0.0565490624	-0.0234987	-0.0628537179	0.0383322456	-0.0223836634	0.0740796949	0.006634895	0.0483462938	0.0058157574	-0.0333639303	-0.0230640839	0.0019152606	-0.0148267732	0.040528744	-0.1102427834	0.0590400327	0.0159017758	-0.0413586558	-0.0229162533	-0.0667686379	0.0143980682	0.0941202334	0.0696735224	-0.0705233808	0.0427985454	-0.0742840116	0.029266424	0.0606651735	-0.0139634559	0.1057495121	-0.0195105471	-0.0452875334	0.165210353	0.0297546848	-0.00387022	0.0003677193	-0.0203595728	0.0145720909	0.0237686324	0.1013784935	0.0644890548	-0.0632812065	0.0283607824	-0.0319755075	-0.0105372814	-0.0032362083	-0.0021108276	0.0879477827	0.0072115096	-0.0283079406	-0.0221506777	0.0739716194	-0.0025784555	0.0883429592	0.0118076628	0.0235519469	-0.0263248005	0.020757971	-0.0102304266	-0.0089897646	0.0213776958	-0.0448477631	-0.0096647835	0.0199198282	-0.095461052	-0.0185051921	0.0363027538	0.0549158711	-0.0357969317	0.0133535392	-0.0916283851	0.0151231785	-0.0161538986	0.0103660267	-0.0103771629	0.0448553751	0.0986593785	-0.102588276	-0.003302366	0.1047296812	0.0136279748	-0.041056451	-0.0365889598	0.0351746249	-0.045874662	-0.011619884	0.127328598	0.0204228444	0.0071686832	-0.0343497039	-0.0943656364	-0.0145229554	-0.0454387608	-0.0371810832	0.03418789	-0.0330049956	-0.0738899378	-0.0628027723	0.0046382458	0.0843655738	-0.010022135	0.0516360753	0.0412671958	-0.0391898298	-0.0627325725	0.0703271498	-0.037830886	0.0552186318	0.0744520646	0.0187982434	-0.0204158573	0.0499552203	-0.0174304145	0.0165002855	-0.0525591601	-0.0472372465	-0.0108953057	0.002914036	-0.042018675	-0.0436701801	-0.0393541851	0.1016672404	0.008111211	0.0222447116	0.0250283043	-0.0443488306	0.0290159174	0.055722606	-0.0418831866	-0.0439287411	0.0150070116	0.0302557787	0.0328560758	0.0347761246	-0.0042456103	-0.0259344402	-0.0948601642	-0.0513252442	-0.0098984866	0.0175358866	-0.0272552159	-0.063453702	0.0696177779	0.0169759185	-0.0809511339	0.0370681691	0.0562039158	-0.0745906743	0.0106120555477531	-0.0002750213654678	0.0001126157229485	7.563675146377345e-08	0.0858159405379126	0.0020413216684432	0.0073643756504065	4.166994154055739e-06	-0.2850542586173716	-0.0613816629289658	0.0812559303558993	0.0037677085439251	-0.00788400778309	0.0009650087551765	6.215757872382369e-05	9.312418975673e-07	0.0019208125537479	5.870455077000656e-07	3.689520866635529e-06	3.4462242811082775e-13	0.0004360781092334	2.557287898740003e-05	1.901641173525772e-07	6.539721397042059e-10	0.0	0.0	0.0	0.0	0.0	0.0	0.0	0.0	0.0	0.0	0.0	0.0	0.0	0.0	0.0
1909.373393826144	-10.49488774146107	3645706.757051167	110.14266870586984	2241.2174009843307	-39.35909063165855	5023055.438474958	1549.1380153511116	2156.09570139907	4.671221029482695	4648748.673591548	21.82030590628137	2151.529651186001	1436.469711645765	1.235382	31.0009	0.0938158883871074	0.0637938724534979	0.013738669	0.0195564292	0.0003818258	-0.0639046621	0.1023490554	0.0572514742	0.0078337567	-0.0127249529	-0.0433402193	-0.0638028099	0.057676615	0.1336646527	0.0181118862	-0.0317584761	-0.0385794646	-0.0344273064	0.0224794683	0.0181438453	0.0271525439	0.0202912547	-0.011339505	-0.0116309351	-0.0517095344	0.0251591845	-0.044878543	0.0933518722	-0.0606743356	0.0295151461	-0.0441705189	-0.0415473823	-0.1072832951	-0.1122234299	-0.0446880356	0.0459835697	0.1432712373	-0.0479729822	-0.0019476137	-0.1013255891	-0.0553188147	-0.1155324182	0.0962946279	-0.0437707193	-0.0348887904	-0.1809001411	-0.0034741978	-0.0783172105	-0.03106443	-0.0759805098	-0.0167870107	-0.0398953295	0.0154288011	0.0854192517	-0.1058519587	0.0450990591	-0.0235186471	-0.0087926358	-0.0426629576	-0.087917805	0.0175320321	0.0184729754	-0.0307445245	-0.008954404	0.011251962	0.0405586044	-0.0123272997	-0.0813988042	0.0358025728	0.0293685349	0.0215107065	-0.0109667557	-0.0153151098	-0.0182470104	0.0339837725	-0.050729921	0.0089637499	0.0026931868	-0.0272874593	0.0572165001	-0.057278464	-0.0734682618	0.037479431	-0.0760158733	-0.1719715231	-0.0276123625	-0.0251478997	-0.033019122	0.1090106845	-0.1214394791	0.1089993458	0.0981505827	-0.1086607186	-0.0622228297	-0.0015593502	0.0051473783	0.1076717977	-0.0401539793	0.0589238774	-0.0846829513	0.0747412145	-0.1426085765	0.0236995102	0.0430977018	-0.0470240902	0.0091809033	0.0729967456	0.0945251334	-0.0371171772	0.0700318756	0.0326598782	-0.0345073282	-0.0077134536	0.0360765843	-0.0373600179	-0.0722856132	0.0936785207	0.0820905951	-0.0219718184	0.0169254857	0.0645062358	-0.0441441754	0.0337522374	0.1418969532	-0.0442172039	-0.0798894113	0.0220941294	0.0176895415	-0.122478016	-0.0284618503	0.1694726571	-0.1352401284	-0.0882356113	0.0521195613	0.0918124463	-0.0197948437	0.149241901	-0.0001199832	0.0839405165	6.21446e-05	0.0546044633	0.0298873255	0.0956283056	-0.0280596966	-0.0623636846	0.0709234662	0.0136166111	-0.080282427	0.0415630576	0.0517153317	-0.0771080077	0.0106727718050336	6.071625728049958e-05	0.0001139080580023	3.686463898151818e-09	0.0686549338452806	-0.017161006692632	0.0047134999412998	0.0002945001507045	-0.2839175956365167	0.0011366629808549	0.0806092011120206	1.2920027320459645e-06	-0.0090693864400363	-0.0011853786569463	8.22537703987143e-05	1.405122560343815e-06	0.0017412166282908	-0.000179595925457	3.0318353466363822e-06	3.225469644079218e-08	0.00029190264251	-0.0001441754667234	8.520715270432085e-08	2.078656520491023e-08	0.0	0.0	0.0	0.0	0.0	0.0	0.0	0.0	0.0	0.0	0.0	0.0	0.0	0.0	0.0
1919.7172051717089	10.343811345564973	3685314.147832277	106.99443315263863	2242.030387184837	0.8129862005062023	5026700.25706019	0.660946562213511	2155.46393826443	-0.6317631346400958	4646024.789158407	0.3991246582902798	2149.870083151124	1412.5378592121913	1.255913	31.516123	0.1309377172750161	0.0662328464316338	0.0130977057	-0.0196025154	-0.0039850034	0.004286312	0.0572377617	0.0803347562	-0.0133263863	-0.0737334942	-0.0438617566	-0.0013119908	0.0403376768	0.0523337794	-0.0761251949	-0.009683608	-0.00546406	-0.0182198983	0.0218473374	-0.0181500124	-0.021853603	0.0931560078	0.0657602706	-0.0052806566	-0.113309996	0.0269328464	-0.035909122	-0.0026690283	-0.0066150793	0.030309456	0.0178933408	0.0371622156	0.0180117366	0.0738405111	0.0067028303	0.0100404736	-0.0587547823	0.025593435	-0.1038850355	-0.0571358936	0.1297837649	0.0969161702	-0.0314864653	0.0754001044	-0.0274239603	-0.0682915474	-0.0256267084	0.0188955924	-0.0608802758	0.0390836285	0.0378168412	-0.0115425141	-0.0091992663	0.0725952321	-0.0031887924	-0.0621600985	0.0110299151	-0.0078148742	0.0663495265	0.108153408	0.0126925764	0.0801844806	-0.0305602665	0.0625520724	0.0335840493	-0.0420399294	-0.0253004474	0.0677889869	0.0020877349	-0.043617628	0.0155070352	0.0136039252	0.0411521704	0.084648383	-0.0031971103	-0.1110660083	-0.0354881109	-0.0228462779	-0.0581207601	-0.0268209445	-0.0394976391	0.077327761	-0.1323034555	0.0897780619	0.0920504354	0.0840187417	-0.0373938459	0.0220298995	-0.0602330975	0.0382212262	-0.0470190252	0.0731029895	-0.0054921322	-0.0633129747	-0.0111969057	-0.0400908728	-0.0998889056	-0.0766768739	-0.0557956727	0.0561532812	0.0765460122	-0.0480227531	0.0258491665	0.0382065425	-0.0239107292	-0.0284481358	-0.0162382979	0.0284914383	0.0405313889	0.0198747455	0.0160983125	0.0476846312	0.0216203139	-0.0125176099	0.0217903885	0.0068717711	-0.068657068	0.0813421825	-0.038521441	0.0232644292	0.0214588041	-0.0215421963	0.0324070553	-0.013931576	-0.0479750407	-0.0697912029	-0.0166567387	0.0523375163	-0.017645017	-0.0569918865	-0.0544193496	0.0389139442	0.0475395965	-0.1069710123	-0.0429936026	0.0223725255	0.0512738901	0.0328228532	0.0756703381	0.059486215	-0.0030985836	-0.0177857789	0.0809082702	-0.0288611001	-0.0612463124	0.0721591615	0.0102334157	-0.0793936715	0.0458939156	0.0469489822	-0.0790844839	0.0110564787746341	0.0003837069696004	0.0001222457228939	1.4723103851999893e-07	0.1182701106124	0.0496151767671194	0.0139878190642693	0.0024616657656325	-0.2688274703267055	0.0150901253098111	0.0722682088022557	0.0002277118818658	-0.0099262919166898	-0.0008569054766535	9.853127121534128e-05	7.342869959187641e-07	0.0018131712292845	7.195460099369984e-05	3.287589906705065e-06	5.1774646041625505e-09	0.0006800167294325	0.0003881140869224	4.624227523080738e-07	1.5063254446768586e-07	0.0	0.0	0.0	0.0	0.0	0.0	0.0	0.0	0.0	0.0	0.0	0.0	0.0	0.0	0.0
1929.4108008153853	9.693595643676415	3722626.0383030665	93.9657965031024	2265.505798802232	23.47541161739537	5132516.52440654	551.0949506061413	2166.797271806967	11.33333354253682	4695010.417110114	128.4444491863902	2161.206950765486	1439.1049757071742	1.059846	26.595976	0.1281357735934679	0.0806249351065831	0.0053151796	-0.0236808376	-0.0229967337	-0.0379086119	0.019748326	0.1004849217	-0.0283471442	0.0025329843	-0.0591527306	0.0069398303	-0.0143067516	-0.0630742987	-0.0521485926	-0.1053484605	0.1082375867	-0.0555568264	-0.0376384974	0.03647349	0.1274910702	-0.0154552807	0.0249997151	-0.0384137913	-0.0098592543	0.0075032061	0.0192101657	0.0064427693	0.0120738219	0.0059161412	0.0082320703	0.0983776645	0.0015213992	0.0461639675	-0.0282071966	-0.0591709641	-0.0619463188	0.0891448938	-0.0541090592	-0.0082423714	0.0100548443	0.0444076318	-0.0831131904	-0.0531474298	-0.0425150503	-0.015147463	-0.0270731571	-0.0056880745	-0.0085872082	0.015799872	0.0815389448	0.0157210626	-0.0473197239	0.0162432392	0.0397130794	-0.0010835835	-0.018261019	0.1080574544	0.1005055189	0.0404006366	-0.0189122808	0.0216210967	0.0856801641	0.0036743626	0.0568184737	0.0314090599	-0.0326826407	0.0944107927	0.0239258031	-0.1572057505	-0.0298366	0.0053609977	-0.0906419843	0.0807536348	0.0958553788	-0.0171268134	0.0724629206	0.0517297353	0.0255088482	0.0004464276	0.0287287217	-0.0090272731	-0.0335345461	-0.0128927866	0.058960092	0.0784684297	0.0586580217	-0.0301499469	-0.0447765067	-0.0034575936	-0.0764866213	0.0653605634	0.0554360315	0.0393620475	0.0051449178	-0.003867008	0.0091745801	-0.0781788193	0.0212834426	0.0899931669	-0.0045346843	-0.0063426142	-0.0099120304	0.0516116972	0.0356157109	-0.0912992897	-0.0027682204	-0.0183137082	0.0228214559	0.0278922179	0.0012213378	0.1666329183	-0.0504990619	-0.0172432474	0.021492353	0.012600379	0.0337147836	0.0451613231	0.0559595667	0.0157361219	0.0092357788	-0.0029352251	-0.0130685601	0.0375417343	0.0524837397	-0.0609224469	-0.0044184164	0.0230240102	-0.0416527792	0.0417027829	-0.0541070934	-0.0176597157	0.0158145331	-0.1242304637	0.0118796051	0.0524870797	0.0644316153	0.0635694941	-0.0247407277	-0.0495284251	0.011613494	-0.0044536146	0.0525726086	-0.0296593388	-0.0601020755	0.0733236445	0.0068322673	-0.0782873035	0.0500436514	0.0419304676	-0.0805062393	0.011468789042496	0.0004123102678619	0.0001315331221012	1.6999975698435187e-07	0.1200776231135307	0.0018075125011306	0.0144186355725951	3.2671014417437217e-06	-0.3491493639004659	-0.0803218935737604	0.1219052783120999	0.0064516065872744	-0.0100909699051818	-0.0001646779884919	0.0001018276736272	2.7118839893770807e-08	0.0021482046835425	0.0003350334542579	4.614783362393932e-06	1.1224741547204733e-07	0.0002678470271682	-0.0004121697022642	7.174202996284249e-08	1.6988386346464166e-07	0.0	0.0	0.0	0.0	0.0	0.0	0.0	0.0	0.0	0.0	0.0	0.0	0.0	0.0	0.0
1928.8833849161167	-0.5274158992685898	3720591.112605456	0.2781675308012952	2283.106707948627	17.60090914639477	5212576.239880017	309.79200277964304	2164.6601058842284	-2.1371659227384043	4685753.374006719	4.567478181314296	2162.6858666378	1468.031946879951	1.046844	26.269701	0.1469379742522687	0.0838513167887566	0.0205162756	-0.0117181561	0.0477838257	-0.0102899054	-0.005526459	0.0474362094	0.0021641454	-0.0073114451	-0.1051873341	0.0585747144	0.0761966011	-0.0972683253	-0.0882941429	-0.0436412131	0.0600962561	0.063496416	-0.0174819889	0.0394048252	0.1236677239	0.0509850282	0.0188387975	-0.0609586502	0.0111444302	0.0173272493	0.0711308161	-0.0455156741	-0.0080002863	0.0274325678	0.0475918293	0.0710761609	-0.0273944173	0.0633155987	-0.0343686017	0.0681317957	0.0100625963	0.0109160677	0.0698424897	0.0299554262	0.0906915628	-0.0378346454	-0.0095827513	-0.0735786055	-0.042446783	0.0353395132	0.0186519513	-0.0692267415	-0.0242402169	-0.0279905804	-0.0066008512	-0.0214479952	0.0582190761	0.0587786482	-0.0019217337	0.0270208571	-0.0056609743	-0.0026818274	-0.0048420151	0.1079734898	-0.0098373648	-0.0874769824	0.0115857852	-0.0025048092	0.1244066356	-0.0434674166	0.0202951851	0.0337318169	-0.1272267652	0.0692711358	-0.0184004165	0.0384841653	-0.1010547351	0.0888249307	0.0508396731	-0.0269666289	-0.0250303007	0.0889526589	-0.0238119566	-0.050501927	-0.0106700356	0.0540734736	0.0501463676	-0.0008394186	0.0418954591	0.0224685811	0.0785996101	0.0026418795	0.0605413207	0.0469412558	-0.0155921288	-0.0372054482	0.0323595669	-0.0632764563	0.0141402845	0.0687923985	0.0390431691	-0.0733957039	0.0493327995	-0.0682706292	-0.010586077	0.0234809085	-0.0299020057	-0.0693464372	0.020896282	-0.1309871719	-0.0163057684	0.0866848913	0.0080090296	-0.0946652883	0.0172538948	0.0989135821	-0.0367868399	0.0018156929	-0.0124251071	-0.0559591933	0.0037600709	-0.0286825178	0.0687460832	0.0114082711	0.0194002715	-0.0062238597	-0.0345933786	0.0434751675	0.0043838528	0.0525781016	-0.0084969053	0.0355344373	-0.0239424854	0.0508372539	0.0069445221	0.0228206718	-0.0044657546	-0.0194374867	0.0145435524	0.0483454297	0.0506150268	0.0338097297	-0.1215536844	-0.0192031336	-0.053467816	0.0679308387	-0.0682874349	-0.0304543249	-0.0589314758	0.0744157659	0.0034191328	-0.0769663555	0.0539958877	0.0366867426	-0.0813633012	0.0106295387750066	-0.0008392502674894	0.0001129870945693	7.043410114810297e-07	0.120851777244809	0.0007741541312783	0.0146051520632289	5.993146189752698e-07	-0.2864122837945899	0.062737080105876	0.0820319963084326	0.0039359412202111	-0.0089128671594647	0.001178102745717	7.943920100226435e-05	1.3879260794661687e-06	0.001692759368618	-0.0004554453149244	2.8654342800440097e-06	2.0743043488667693e-07	0.0002860487614791	1.820173431089998e-05	8.182389394372705e-08	3.3130313192459355e-10	0.0	0.0	0.0	0.0	0.0	0.0	0.0	0.0	0.0	0.0	0.0	0.0	0.0	0.0	0.0
1911.1136791098	-17.76970580631678	3652355.494480596	315.76244444304825	2284.1101652203183	1.0034572716913317	5217159.24686279	1.0069264961102111	2158.608495874086	-6.051610010142213	4659590.638459785	36.62198371485343	2156.80903187238	1447.4806680701977	1.131405	28.391693	0.0948424806010254	0.0557519662772692	0.0338301037	0.0090178026	-0.0520660228	-0.0052624652	-0.0199462938	-0.0330393043	0.0922343444	0.0240448103	-0.0032538186	-0.0692431669	0.0647381576	-0.1129002188	0.0079721685	-0.0531359641	0.0461562281	-0.0099255071	0.0057943608	0.0339810739	0.0790525743	-0.0402019757	-0.0485036512	-0.0012012904	-0.0506785317	0.005383585	0.1071960447	-0.0303877409	0.1070526116	0.0432437106	0.0572551125	0.0506564902	0.0441205746	0.0318427139	-0.0101262417	0.0307829578	0.0279607009	0.0180064141	0.110644079	-0.0461072382	-0.0191866163	-0.0271094164	0.0272372163	-0.0360302582	0.073545391	-0.0607246672	0.1221808705	-0.0921041612	-0.0019464106	-0.0462294853	-0.006460735	-0.0617130713	0.0217756519	-0.0062919789	0.1263206657	0.0252059779	-0.0617703236	-0.0505829996	-0.0348472314	-0.0574644118	-0.042858138	0.0190909985	0.0123728414	0.0788836932	0.0221418645	0.064096624	-0.0128171918	-0.0137635309	0.0628020934	-0.0619909991	0.0091262304	0.0054048193	-0.0773454162	-0.0644294293	0.0789366241	0.0861779718	-0.0413737169	0.0129001712	-0.0794754038	-0.053252535	0.0818772323	0.0118054319	0.0375261387	-0.0078710323	0.0403075801	-0.0205070919	0.0688098423	-0.0407558383	0.0474873901	0.0631524975	0.0316265467	-0.0665558687	0.0778531788	0.0639609627	0.0259154768	0.0613639046	-0.0272529131	-0.0019625372	0.0730746677	-0.0757082182	0.108362639	-0.0006387552	-0.017865424	-0.1040541384	0.0754494295	0.0439813194	0.021430574	0.051739866	0.0848375363	0.0199992019	0.0132337122	0.0457283883	-0.0239685559	0.0952743149	-0.0628864213	-0.0340382265	0.0197671294	0.0820331358	-0.0569269214	0.0060483744	0.0150708526	-0.0230211202	0.0094087275	-0.0886116622	-0.0378012784	-0.0429660154	0.0058538371	-0.0271948597	-0.0217232846	0.0714256486	0.0174972434	-0.0343496431	0.0430247859	0.1200169844	0.0481591077	0.0147495951	-0.0414657672	-0.0869691128	-0.1270759539	-0.133951871	-0.0522357585	-0.0026671677	0.0681921511	-0.0312459714	-0.0577350269	0.0754344479	0.0	-0.0754344479	0.0577350269	0.0312459714	-0.0816496581	0.0041168229245016	-0.0065127158505049	1.694823099170191e-05	4.241546774941906e-05	0.0928486892811122	-0.0280030879636968	0.0086208791012205	0.0007841729355025	-0.2437111215623062	0.0427011622322836	0.0593951107731571	0.0018233892559878	-0.0089743699803801	-6.150282091539963e-05	8.053931654474751e-05	3.7825969805517195e-09	0.0019429410463325	0.0002501816777145	3.77501990952363e-06	6.259087186404202e-08	0.0002452229690182	-4.082579246089999e-05	6.013430453410109e-08	1.6667453300604784e-09	0.0	0.0	0.0	0.0	0.0	0.0	0.0	0.0	0.0	0.0	0.0	0.0	0.0	0.0	0.0
1903.337714699456	-7.775964410343931	3622694.456197348	60.46562251093545	2233.6679243607955	-50.442240859522826	4989272.396318264	2544.419662930114	2154.1438171857426	-4.464678688343611	4640335.585119562	19.933355790149623	2150.0052410261687	1413.0933443576876	1.225134	30.743727	0.144823343838843	0.079416531542205	0.0103999219	-0.0103509948	-0.0338262969	-0.0694693706	0.0981459245	0.1132600805	0.0125615164	-0.027165998	-0.0224976459	-0.173714722	-0.0230204505	-0.0251028743	0.0841251429	-0.0002259746	-0.0447476758	0.0084281714	0.0155327308	0.0444574865	0.0507883573	-0.0632184434	-0.0386456183	0.017751826	-0.0603089146	0.0608255814	0.0338554115	-0.02238297	0.0438095714	-0.058426969	-0.044785503	-0.0507935448	-0.0138188217	-0.035912495	0.022658522	-0.0721322529	0.0020120141	0.0174900013	0.0300234878	-0.0145927482	-0.0030547528	0.0040337689	0.0032903506	0.032758327	-0.0082461545	0.008894912	-0.0623948575	0.017403816	0.01252427	-0.0115309503	-0.0339726047	-0.0217722091	0.0068166361	0.0108480263	0.0432493767	-0.0537908013	0.0475893059	-0.0459164815	0.1068274811	0.0174406299	-0.0275627426	0.0255104428	0.0213001994	-0.0626597489	0.0555237758	0.0843206509	-0.0954488895	0.0835577095	0.0331765201	0.0538431515	0.0200571423	-0.0176446785	-0.0412532356	-0.001047101	0.1128704311	0.019398028	0.0687747107	-0.0567066868	-0.0326095115	-0.0697717502	0.0167212491	-0.0155102616	-0.0388511674	-0.030952489	-0.1109545944	-0.0114421717	-0.0227595029	0.0332145771	-0.0157397776	-0.0539928273	-0.0116982691	-0.0359324468	0.0392105418	-0.0327048082	0.0189882205	-0.0166526233	0.0077852086	-0.0370473343	0.0024857189	0.0029201966	-0.0078788151	-0.0631148967	-0.0748365287	0.0651770323	-0.0064856538	0.0010981299	-0.0179223049	-0.0001652059	0.0599698625	-0.0646241875	-0.0400268839	0.0202224736	-0.0904345922	-0.0005922727	0.0603979329	-0.0566452715	-0.0998257971	0.0677188784	0.0410190888	0.0127054669	-0.0017758381	0.0128587037	-0.0344380952	0.0006700121	0.0752227996	-0.0415840793	-0.0378851488	0.0579225437	-0.0188948307	0.0800302792	-0.0590252463	-0.0828725498	0.068088357	0.0732550172	0.0958592512	-0.0189978563	-0.0171253833	-0.0300472185	0.0120414778	-0.0094402004	0.0918950733	-0.0164519968	-0.0222846791	-0.0320341914	-0.0565132535	0.0763786853	-0.0034191328	-0.0736957799	0.0612463124	0.0256373767	-0.0813633012	0.0277460751609197	0.0236292522364181	0.0007698446868354	0.0005583415612522	0.0902293951622255	-0.0026192941188867	0.008141343751341	6.860701681234455e-06	-0.3122736346332644	-0.0685625130709582	0.0975148228870695	0.0047008181986053	-0.0096601385107308	-0.0006857685303507	9.331827604650428e-05	4.7027847721935997e-07	0.0020357973977638	9.285635143129996e-05	4.14447104474186e-06	8.622302001133082e-09	0.0004668437754878	0.0002216208064695	2.179431107117034e-07	4.9115781860235896e-08	0.0	0.0	0.0	0.0	0.0	0.0	0.0	0.0	0.0	0.0	0.0	0.0	0.0	0.0	0.0
1914.3626363483145	11.02492164885848	3664784.303446469	121.5488973634684	2252.696418068626	19.02849370783042	5074641.151979217	362.0835727889419	2158.679538756226	4.535721570483474	4659897.351044793	20.572770164949077	2153.844005976583	1413.9439868066204	1.122732	28.174046	0.1350334353373066	0.0675198741728684	0.0189441296	-0.0193507702	0.0307140701	-0.0258233385	0.0785805942	0.0740028921	0.0067365129	-0.033885758	-0.0441336008	-0.004995316	0.0541414133	0.0246121257	0.0026520722	-0.0047639109	-0.0206108444	0.109840611	-0.0053756337	0.0175966422	0.0516648195	0.0084983441	0.010765404	0.0412801261	-0.0767847196	0.0005792586	-0.0164943074	-0.011797181	0.0083369108	-0.0860763504	-0.0033940902	-0.0013505349	-0.00682413	0.0016525798	-0.0207257262	-0.0188240853	-0.018564271	-0.0965535417	-0.0248190554	0.0947365801	-0.0059580299	0.0277318235	0.0051442215	0.0113035721	-0.1511793633	0.0496313531	0.0143205822	-0.0428172106	0.0806841073	0.0074078448	0.0939071991	-0.0805942993	-0.0162363987	-0.0395412903	0.0279004594	-0.0512258546	-0.0897415533	-0.0330966337	-0.0190456201	0.1334585249	-0.0197360795	-0.0079719397	0.0428700811	0.058994252	0.0723800144	-0.0011399077	-0.1026947978	0.0180296634	0.0563812532	-0.0919802727	-0.0053353675	0.0117518143	-0.0361756026	0.0244161705	0.0254283106	-0.0722372408	0.0096560057	-0.0330756892	-0.020802274	-0.0690676618	0.0141080392	-0.0045891277	-0.0622033069	0.0590493525	-0.0531974121	0.002176857	-0.066076884	0.0146301725	0.024860943	0.0408131843	0.0086633301	-0.0074265266	-0.0575767015	0.0183022059	-0.0072144153	-0.0065346808	0.0176843777	-0.0284476853	0.0702105717	0.0207155511	-0.112071707	0.0289041011	0.1277455313	-0.0689674341	0.0391205933	-0.0833165693	-0.0487105642	0.0303068711	0.0062275578	0.0118141922	0.0008244099	0.0494886987	-0.0401661716	-0.0891159545	-0.0736954516	0.0954648183	-0.001320624	0.0155153831	0.0525083502	0.0180675804	0.0150307255	0.0047666897	-0.0075761825	-0.0066025793	-0.0537863112	0.0261447236	-0.0053124272	0.083447808	0.0135615776	-0.0230463001	-0.0268375586	-0.0770739561	0.0380743716	0.0380181666	0.0044651422	-0.0219408483	-0.0187792018	-0.0031362955	0.1122476727	0.0654893618	0.0854913723	0.0104824709	0.0484191639	-0.0328188985	-0.0552666915	0.0772475461	-0.0068322673	-0.0717551168	0.0645158866	0.0198910824	-0.0805062393	0.0103716630334815	-0.0173744121274381	0.00010757139408	0.000301870196774	0.0922399508086186	0.0020105556463931	0.0085082085251763	4.042334007243188e-06	-0.2499142318706191	0.0623594027626453	0.0624571232914815	0.0038886951129138	-0.0091684146519594	0.0004917238587714	8.40598272302638e-05	2.417923532850364e-07	0.0015688845936601	-0.0004669128041036	2.4613988682240173e-06	2.180075666359801e-07	0.0003596991423463	-0.0001071446331414	1.293834730046638e-07	1.147997241102662e-08	0.0	0.0	0.0	0.0	0.0	0.0	0.0	0.0	0.0	0.0	0.0	0.0	0.0	0.0	0.0
1909.7987996757447	-4.563836672569778	3647331.455242915	20.828605173892782	2254.315581119422	1.6191630507960326	5081938.739277797	2.621688985063116	2152.6939201453047	-5.985618610921392	4634091.113830559	35.827630155408535	2149.1681797499427	1432.5935514154455	1.132126	28.409773	0.0713035991905686	0.0358324536706431	0.0251846243	0.015406629	-0.0583124025	-0.0803785856	0.0412011725	0.0291800237	0.0985681175	0.0245457813	0.0395886329	-0.0328587367	-0.0714879694	0.0373811109	0.0656084252	0.0578152332	0.0392325045	-0.0860773358	0.026965923	-0.0206064965	-0.03509523	0.0248926065	-0.0789158694	0.0067482877	0.0204875405	0.1485470229	-0.0077106612	-0.0731873	-0.0306030333	0.0681340004	-0.0136069155	0.0248545892	0.0076316951	-0.041807415	-0.0564807663	-0.0342427871	-0.1518840743	0.0372733313	-0.0186566303	0.0368906439	0.0035242671	0.0086416624	0.085576531	0.0988160633	-0.0512600601	0.0250162524	0.0277919948	0.006162762	0.0588520208	-0.1283470845	-0.0862424414	-0.0139986801	-0.0065044595	-0.0328074727	0.0944883565	0.0572863643	-0.0173840259	0.008016361	-0.0517180089	0.0109204586	0.004180146	0.0018436025	-0.2312960272	0.0364360534	-0.0192361387	0.0165606353	0.0577067074	-0.0038338119	-0.0543101907	-0.04589018	0.0265151582	-0.015467273	0.0387150693	-0.0514232131	0.084684576	-0.0190435896	-0.0121322962	-0.0411340768	0.0330195696	0.0120273209	-0.0775604924	0.0997299127	0.0226416694	-0.0417507756	-0.0029719312	0.0065411376	-0.0361201217	-0.0333811524	-0.0674122532	-0.0461769892	-0.1176160891	-0.0120892554	0.0874858964	-0.0474416321	0.0651434576	-0.0619883071	-0.0477889015	-0.0371088059	0.0286079426	-0.0252493774	-0.1010260947	0.0487670729	0.0285241248	0.0065199107	0.058534507	0.1408022427	-0.0337053858	0.1210086206	0.1209921897	-0.0208261648	0.1103141835	-0.0425117439	0.0034344612	0.0580853764	0.028398949	-0.0241795537	-0.0437355013	0.0259249032	0.1562613461	0.0034231381	0.0065559735	0.0055434661	-0.0027320144	-0.0758974366	0.0446483216	-0.0434172859	-0.0066951907	0.0403399335	-0.0330866333	0.0425676276	0.0006819494	-0.0143302587	0.0024042767	0.0780681324	0.0120478216	-0.0310658199	-0.0572096798	-0.0440691777	0.0212284213	-0.0426567159	-0.01274049	-0.0474140478	0.1075395756	-0.0336000067	-0.0539958877	0.0780401729	-0.0102334157	-0.0696177779	0.0675308461	0.0140379523	-0.0790844839	0.0243001101108717	0.0139284470773902	0.0005904953514004	0.0001940016379876	0.0960907771273298	0.0038508263187111	0.0092334374489341	1.4828863336878835e-05	-0.2535143401687563	-0.0036001082981372	0.0642695206711998	1.2960779758316328e-05	-0.0088106142097852	0.0003578004421742	7.762692275366888e-05	1.2802115642005318e-07	0.0021039898003161	0.000535105206656	4.426773079834183e-06	2.863375821903604e-07	0.0004652778434427	0.0001055787010964	2.164834715986897e-07	1.1146862125202977e-08	0.0	0.0	0.0	0.0	0.0	0.0	0.0	0.0	0.0	0.0	0.0	0.0	0.0	0.0	0.0
1903.7737392134927	-6.025060462251986	3624354.450118924	36.30135357379211	2237.2121970436788	-17.10338407574318	5005118.414601004	292.52574684238533	2155.754767175199	3.060847029894376	4647278.616198597	9.368784540413222	2150.4034998991706	1409.052655189451	1.062031	26.650806	0.1243981506678772	0.0613665177583743	0.0236102808	0.0202497904	0.0295255707	-0.0633768004	0.0861976474	0.0765954157	0.0192579712	-0.0220929146	-0.0646504764	-0.07340384	-0.0024429651	0.0375451228	0.0620688644	0.0621219081	-0.0915691373	0.0379068072	0.0066219012	0.024667153	0.0498185458	-0.0269890374	0.0085842312	0.0118079757	0.0305868994	0.0606562155	-0.012111108	-0.0023964249	-0.0474437181	-0.0327357537	0.0071307412	-0.0437067004	-0.0209937101	0.0243181064	0.0026812999	-0.0406193618	-0.0075546078	-0.0477156093	-0.0055728835	0.038730039	-0.0011756165	-0.0204285423	0.0378863012	-0.0419784687	-0.022088611	0.0357553179	-0.0087613079	-0.0735003568	0.055525295	-0.0185401964	0.0620687846	0.0105382606	0.0592579443	0.0271385729	-0.0288168325	0.0288217861	-0.0392556641	-0.0146810115	-0.037545595	0.0599855799	-0.01685458	0.028427888	-0.0310299394	0.0374334189	-0.004300688	-0.0561651449	-0.0729453605	-0.0356064156	-0.0846206343	-0.0660994263	0.0104474319	0.0045734189	-0.0430347522	0.0395797987	0.045170054	-0.0037601488	0.0430920654	-0.0466304699	0.0185599394	-0.0261354781	-0.0351177559	-0.0114802769	0.0085682367	-0.0101546467	-0.0541973768	-0.0436548984	-0.0867140851	-0.0258059057	-0.0211954316	-0.022055364	0.0649944973	0.0090078296	-0.0044588095	-0.0228981034	0.057364299	-0.0067889887	0.0397511665	0.0305215715	0.0145191471	-0.0404359094	-0.0486378652	0.0287521684	0.0484263377	-0.0096272666	0.0003907997	-0.1147485018	-0.0567181501	0.0639967469	-0.0530928562	-0.0007855446	0.0737149688	0.0054630573	0.0072905905	0.0059185629	-0.0701979788	0.0153258537	-0.0315175485	-0.0054087717	0.0681268164	-0.0034228658	0.0233296299	0.0087941296	-0.0157914832	-0.0146075759	0.0100571616	0.0463203098	-0.0252632472	0.0838206969	-0.0306378358	0.0536076639	0.0250280315	-0.0437884034	0.0085429905	0.1270567598	0.0639994138	-0.0352117472	-0.0339013388	-0.0407359874	-0.017156085	0.0276623641	0.0931722547	0.0092532379	-0.0067679701	-0.0343774302	-0.0527013995	0.0787557834	-0.0136166111	-0.0672896215	0.0702792922	0.0081094236	-0.0771080077	0.022881436426843	-0.0014186736840287	0.0005235601329556	2.012635021755565e-06	0.0807880954353663	-0.0153026816919634	0.0065267163640738	0.0002341720669655	-0.2180926075662412	0.0354217326025151	0.0475643854750424	0.001254699140564	-0.0078494418269667	0.0009611723828184	6.161373699493433e-05	9.238523494929908e-07	0.0016553340925038	-0.0004486557078122	2.740130957805379e-06	2.0129194415255586e-07	0.0004300046802861	-3.527316315659999e-05	1.8490402506795108e-07	1.244196039072123e-09	0.0	0.0	0.0	0.0	0.0	0.0	0.0	0.0	0.0	0.0	0.0	0.0	0.0	0.0	0.0
1908.0467212138967	4.272982000403999	3640642.2903351015	18.258375175776564	2256.786025769783	19.57382872610424	5093083.166109772	383.1347709988635	2150.7537102785086	-5.001056896690443	4625741.522276771	25.010570083935043	2147.308676409772	1390.9435886487258	1.054688	26.466541	0.0760566184836465	0.0378676864123899	0.0224478806	0.0402893449	-0.0241891532	-0.0452963491	0.0611555195	0.0488003329	0.0610512355	0.0049637582	0.0233653867	0.0132242723	-0.0400025503	0.0797899316	-0.0584434973	0.0278947977	-0.0071445343	0.0658568541	0.0162895597	-0.0191544787	-0.0502691137	0.0132977751	0.0040343444	0.0090564248	-0.0231891932	-0.0204347296	-0.0006979352	-0.0187495381	-0.0570888421	-0.0404267144	-0.0079950722	-0.0375207391	0.0405292547	0.0321429748	-0.0778694389	-0.0468578197	0.0858881079	0.0295526717	-0.0575709872	0.0196811389	0.1075302586	-0.0489441192	-0.0082352319	0.0625321017	0.0177460875	-0.1813635543	0.0282591455	-0.0289900204	0.0013406589	0.0249408815	0.0899221553	-0.0333426007	-0.0051317317	0.0580073953	-0.0423617226	0.1175688066	0.0301892508	0.02038038	-0.0426561394	0.0099580618	0.0047266847	-0.007378748	0.002043605	0.001025197	-0.0333584363	0.0423622263	0.04316324	0.0064266748	0.0317822961	0.0294456649	0.0150601196	-0.0189402952	0.0492019734	-0.0118426802	-0.0028613916	-0.0677402318	0.004379315	-0.0178110063	0.0013227887	0.0056960619	0.0254537985	-0.0191754903	-7.05691e-05	-0.0003735926	0.0355464112	-0.0299388068	-0.0731147219	-0.0148031725	-0.0354272427	0.0412640103	0.0010528017	0.0808260923	-0.0173554468	-0.020879028	-0.0172132098	0.0212339581	0.0483133944	-0.0526783808	-0.0755283953	-0.0840910684	0.1403303587	0.05577307	0.0967177478	0.0296670223	-0.0267068055	-0.0108903806	0.0288557724	0.0969700109	0.0671271781	0.0599228109	0.0017579167	-0.0566970579	0.1205056612	0.0224578865	0.0524264646	0.0235400781	0.0401740185	-0.0542781246	-0.0513073664	-0.0114298268	0.0286950178	-0.0146364266	0.0424034711	-0.1029025813	0.0081763155	-0.0184621584	-0.0041243978	0.056591917	-0.0183259093	-0.0747254163	0.011147845	-0.0420095308	0.0253630266	-0.015644396	-0.0066973983	-0.0453722447	-0.0296801539	-0.0040795509	0.1308969699	0.0900966928	0.0385228646	-0.0683064868	0.0844230626	-0.0351510839	-0.0513837948	0.0793936715	-0.0169759185	-0.064777029	0.0727503781	0.0021373389	-0.0745906743	0.0274017575101623	0.0045203210833193	0.0007508563146457	2.043330269630097e-05	0.1047610623070767	0.0239729668717103	0.0109748801757072	0.0005747031406321	-0.235756516641203	-0.0176639090749618	0.0555811351387938	0.0003120136838085	-0.0074608600832149	0.0003885817437518	5.566443318130944e-05	1.509957715771899e-07	0.0017608093513592	0.0001054752588554	3.1004495718340068e-06	1.1125030230613648e-08	0.0003260732538202	-0.0001039314264659	1.0632376685689261e-07	1.0801741407236781e-08	0.0	0.0	0.0	0.0	0.0	0.0	0.0	0.0	0.0	0.0	0.0	0.0	0.0	0.0	0.0
1918.818248705388	10.77152749149127	3681863.471564812	116.0258044999522	2262.021372014826	5.23534624504282	5116740.687451835	27.408850305483952	2156.892390626256	6.138680347747595	4652184.784741446	37.683396411822535	2152.8204391767395	1439.511490704045	1.103217	27.684328	0.1491301775433307	0.0819860781275293	0.0119074124	0.0075550356	0.0358493285	-0.0682209606	0.0297854268	-0.0032144957	-0.0097410506	-0.0097277493	0.0302482785	0.0262632182	-0.0681311816	-0.0101610963	0.0373883597	0.0126628331	-0.0665960984	-0.0135827792	-0.0142715415	-0.0125245078	0.0336592609	-0.0403342992	-0.0399394489	0.0184725499	0.0277600414	-0.0036120561	-0.0084845414	-0.0314348355	-0.0789414708	-0.0186918208	0.0243780998	0.0380731291	-0.0062982585	-0.0535798277	0.0020329024	0.0574903516	-0.0462629285	0.0866836224	0.08909585	-0.0078087795	-0.0067162651	0.031166302	0.1055455035	0.0380291186	-0.0087018924	0.0351844191	0.0667686937	-0.0099158484	0.0663676142	-0.0660580212	0.1032127472	0.0200980708	0.0137156849	-0.0034360621	-0.1089934319	0.1007375647	0.0772858856	-0.0703818958	0.1035290183	0.0487344992	-0.0840335713	0.0714070799	0.1086673304	0.0398693321	-0.0355977934	0.0273769379	0.0438188666	-0.0463913015	-0.029807506	0.0121671834	-0.0100308023	0.0301817509	-0.0283087079	0.0057830637	0.012455442	-0.0131692564	0.0505714448	0.0056853033	0.0422528887	-0.0130242121	-0.0155786603	0.0107401798	0.0660027893	0.0043173821	0.0079570978	-0.0347863812	-0.0012299621	-0.0676763618	0.0008352286	-0.0192285799	-0.0327730712	-0.0131333409	0.0528977128	0.0263873039	-0.0043021055	-0.0769725854	-0.0642040223	0.0259145825	-0.047731861	-0.029648567	-0.0580087137	0.0018147633	0.1420438407	0.0189316601	0.0361771591	-0.0032982977	0.0109292816	-0.0296759557	-0.1480231261	-0.0890950566	0.0550405672	0.0142588024	-0.0088928782	0.0616909689	0.109360715	0.068492358	-0.0076764391	0.0023770024	-0.0774156571	-0.0039113572	0.0084816663	0.0174959178	-0.0353647419	0.0013003763	0.0470996409	0.0525883834	-0.0120330449	0.0193735022	-0.0253738676	0.0544721557	0.0089442936	-0.0316728583	-0.0089451871	0.0314372222	0.0334726808	-0.01792722	0.0189205223	-0.0227047031	-0.0315591415	-0.0269266613	0.035521598	0.0174356362	-0.0009011316	-0.0359208828	-0.0500436514	0.0799532077	-0.0203054443	-0.0620868871	0.0749343514	-0.0038462256	-0.0715501408	0.0168140809414438	-0.0105876765687185	0.0002827133179054	0.0001120988951237	0.0863783898653167	-0.01838267244176	0.0074612262357246	0.000337922646101	-0.3111743010721852	-0.0754177844309821	0.0968294456477629	0.005687842208478	-0.0080737617843318	-0.0006129017011168	6.51856293501366e-05	3.756484952319894e-07	0.0018933232126834	0.0001325138613241	3.5846727876857907e-06	1.7559923443049257e-08	0.0001766479342239	-0.0001494253195963	3.12044926655713e-08	2.2327926136456402e-08	0.0	0.0	0.0	0.0	0.0	0.0	0.0	0.0	0.0	0.0	0.0	0.0	0.0	0.0	0.0
1908.012590645949	-10.805658059438883	3640512.046063466	116.7622460975165	2234.581047289299	-27.440324725526807	4993352.456904541	752.9714210423579	2154.121188048532	-2.771202577724125	4640238.092799619	7.679563726784836	2149.243343201324	1422.7756724233016	1.043988	26.198021	0.143042844256316	0.0865428751893188	0.0241919793	0.0212889402	0.0144924326	-0.0693442685	0.0826968047	0.0568869558	0.0274356105	-0.0146225176	-0.0082590938	-0.0534002728	0.0313460922	0.0963191042	0.0344599559	0.0384224103	-0.0540983409	0.0017184239	-0.0014716823	-0.0059487023	0.0186596624	0.0335287753	-0.003626192	0.0058946216	-0.062229771	0.0320565252	-0.0163559493	-0.0976580414	-0.0438871818	-0.096902133	-0.0473977772	0.0637022795	-0.061734611	0.012272044	0.0083839486	0.0020839657	-0.0150420871	0.0519918015	-0.0748332607	-0.0037874963	-0.0618589017	-0.0733954466	0.0131478982	0.0591373766	0.0713398555	0.0303990763	-0.0505084575	0.0638194038	-0.037830644	-0.0392263128	0.0017955622	-0.1009464055	0.0219572228	-0.0310028245	0.0163731148	0.0263200847	0.045872387	-0.070586081	0.025471798	-0.0428699193	0.0064347224	-0.0123396761	-0.0319241984	-0.0182475877	-0.0019381745	0.0189761155	-0.0399868467	0.012788837	0.0105793571	0.0281037877	-0.0015404168	-0.0139194722	0.0105064212	0.0147718049	0.0474877754	-0.0838551007	0.0106947546	0.0010924297	-0.0046937461	-0.001771833	0.0518454796	0.0221324983	0.0033352234	-0.0277452008	-0.0282058539	-0.0136869591	-0.1050222851	-0.0733148348	0.0594881617	-0.0776080313	0.0275116856	0.0213571078	0.0260253558	-0.0074887486	0.0107374272	-0.0497352832	0.0414686232	-0.0507827553	-0.1334619786	-0.0064792686	-0.0550486909	-0.0145356935	-0.059727381	-0.0890272118	-0.0089382444	0.0866850463	0.0009817606	-0.0058094193	0.0163763058	-0.0646552096	-0.0199362674	-0.0200676816	0.0068924463	-0.0234038076	-0.0130801391	-0.0400438222	-0.034393146	0.0624219875	0.0177144574	-0.0048166093	0.0261145594	0.0014502447	0.0396378658	-0.0647728078	-0.0663510412	0.0380748464	-0.0088647866	0.0903817451	-0.040562233	0.0157518172	0.0182767625	-0.0701393275	0.010441225	0.049345906	0.0164081689	-0.0554201704	-0.0193445197	-0.0365749718	0.0181967714	0.0466314753	0.0284438915	-0.0092656546	0.0322444987	-0.0366867426	-0.0486815572	0.0804338397	-0.0235993474	-0.0592265694	0.0768225931	-0.0098091318	-0.0680077345	0.0254345941431921	0.0086205132017482	0.0006469185792289	7.43132478615167e-05	0.1056738256167761	0.0192954357514594	0.0111669574204848	0.0003723138408386	-0.2261571146798218	0.0850171863923633	0.051147040520302	0.0072279219820738	-0.0077487358606713	0.0003250259236604	6.00429074384534e-05	1.0564185105136069e-07	0.0016248044684679	-0.0002685187442154	2.639989560753255e-06	7.210231599506906e-08	0.0001852974445628	8.649510338899996e-06	3.4335142961503946e-08	7.481402910273793e-11	0.0	0.0	0.0	0.0	0.0	0.0	0.0	0.0	0.0	0.0	0.0	0.0	0.0	0.0	0.0
1913.268198978584	5.255608332634893	3660595.2012227545	27.621418946061315	2265.054546934185	30.473499644886036	5130472.100587226	928.6341806068692	2150.4803796292576	-3.640808419274435	4624565.863170396	13.255485945859611	2146.7312105126853	1399.6693250379767	1.079202	27.081688	0.0902639633229348	0.0458955097210585	0.0212186805	0.0191696068	-0.0337397063	-0.0512574893	0.0197418511	0.0163090937	0.0606901925	0.0484351548	0.0052179451	0.0224002168	-0.0363349162	0.0195097458	-0.0176854814	-0.0544692587	-0.0001082561	0.0774416756	0.008409509	-0.0466292857	-0.0626751513	-0.0070527087	-0.0080308724	0.0362608834	0.0343190174	-0.0099186801	0.0077720162	0.0392190548	-0.0339940315	0.0468788759	0.028514289	0.0727802464	0.0528630681	0.0483858344	-0.0062137986	-0.0498209306	0.0124968345	0.0080610011	0.0190934863	0.0510101442	-0.0323697416	-0.022924772	-0.006561456	-0.0855918268	0.0232207554	-0.0649268411	-0.0195697573	-0.0274727081	0.0111699674	-0.0052504456	0.0695905292	0.0971140171	0.025428608	-0.1033432352	-0.0706605261	0.0188404215	0.0016458583	0.0375634798	-0.0542032147	0.0141705204	0.0948460072	0.061530305	0.0119853028	-0.0949956097	0.0615234065	-0.0433372662	-0.0040265369	-0.0416195703	-0.0104682981	-0.0848853992	0.0088330904	-8.82233e-05	0.0629053148	-0.0306459995	-0.0153699964	-0.0131390379	0.0032540695	-0.035444252	0.0351319166	0.0290104158	-0.0201369697	-0.0033766073	0.043594507	-0.0230681855	0.0677861385	0.0244912034	0.0215914218	-0.0725334786	-0.0306784727	0.0410042467	0.0270631936	0.0291293328	0.0351026636	0.0628273235	0.0020358096	0.0224578363	0.0724686995	0.0641369695	0.0208483274	0.0214826388	0.0483772275	-0.0001952914	0.0637031733	0.0320399543	-0.0246446577	-0.0565604409	0.0179220897	-0.0268428076	0.0060253328	0.0818675839	0.0538520583	-0.0248169191	0.0575525164	-0.0244675217	0.0580241133	0.0602967129	0.0611864724	-0.0052804503	0.0830228801	-0.0095100649	0.0127145925	0.0237577577	0.0067266721	-0.0738779466	0.0752706557	-0.0300611024	-0.0157888782	0.0169150953	-0.0325017179	-0.060897331	0.0208822135	-0.0341041289	0.002951008	-0.0427785867	-0.0060993648	-0.0012858301	-0.0198317036	0.019547238	0.0922806362	0.0684544655	-0.028989032	-0.0267739437	0.0692321043	-0.0374485793	-0.0472981097	0.0808350932	-0.0268518493	-0.0562039158	0.0784076511	-0.0157193527	-0.0639883028	0.0143993574224481	-0.0110352367207439	0.0002073414941794	0.0001217764494828	0.1159680917709238	0.0102942661541477	0.0134485983089894	0.0001059719156524	-0.269664772388225	-0.0435076577084032	0.0727190894671932	0.0018929162792715	-0.0077574087847065	-8.672924035199418e-06	6.0177391053041575e-05	7.521961132033976e-11	0.0019837667425488	0.0003589622740808	3.9353304888426765e-06	1.288539142133311e-07	0.0003261983012395	0.0001409008566767	1.064053317315356e-07	1.9853051412227962e-08	0.0	0.0	0.0	0.0	0.0	0.0	0.0	0.0	0.0	0.0	0.0	0.0	0.0	0.0	0.0
1924.7946774372888	11.526478458704789	3704834.5502909166	132.8597056589855	2273.5113197095466	8.456772775361515	5168853.720847444	71.5170057740957	2158.4231867067	7.942807077442467	4658790.652913107	63.08818426947014	2154.3909697142785	1430.9650443647934	0.997351	25.027714	0.1188033709331686	0.0628922352953534	0.0015677234	-0.019125978	0.0597303464	-0.0140869184	-0.0225005844	-0.0396341804	-0.0090717857	-0.0002636158	-0.0273769427	0.1031274767	-0.0214485346	-0.0041937475	-0.0093493817	0.0058119916	0.0279605662	0.0388553637	-0.022179978	-0.0031123119	0.0533623303	-0.0166527533	0.0001105808	0.0094072972	0.0438656063	-0.0161118147	-0.0455900458	0.0198655969	-0.0144056056	-0.0187431789	0.0135373773	0.0266294409	0.0034071745	0.0131690006	-0.0193703167	-0.0345989671	-0.025118936	-0.0508194441	-0.0040065514	-0.0427054502	-0.0188260598	0.0627509661	-0.0007448086	-0.0675326886	-0.0819059508	-0.0233887917	-0.0618435886	-0.048167901	0.0121449177	-0.0288052976	-0.0701646968	0.011248687	0.0190764798	-0.1156441267	0.052673055	-0.0658590672	0.052993841	0.0130876767	-0.0721068833	-0.0513998787	0.0878746034	0.0412837904	-0.0190209562	-0.0265522483	-0.0308955268	0.0213576563	0.0481586628	0.021778964	-0.0320300589	0.028223743	-0.0209858013	0.0429119906	-0.0463024158	0.0078914722	-0.0296900499	-0.0395481962	0.0505987931	0.0208564578	0.0624480307	0.0209382413	-0.0109019147	0.0072238181	-0.0098422994	0.012782674	0.0395705347	-0.01086611	0.0437099919	0.0148355345	-0.0217842657	0.0364157576	0.0002114695	0.0420692882	-0.0087546006	-0.0048231092	0.0504409747	-0.0131869485	-0.0220652827	0.0548675058	0.0816543779	0.0731839042	-0.0417384183	-0.0863765175	0.0287941453	-0.0200282228	-0.004485951	0.0246206725	0.0801450542	-0.0599594312	0.1067537137	-0.0136079733	0.0398534127	-0.092908585	0.0263555803	0.0703827208	-0.0233645458	0.0146959544	0.0109095201	-0.0459517605	0.0753163551	0.0081565471	0.0016673606	0.039089625	-0.0468932786	0.009405906	0.0197790626	0.0710341152	0.0101339815	0.001816624	0.0045834395	-0.0716385472	0.008362145	-0.0452470991	-0.0069647849	-0.0763878367	-0.0265072162	-0.0266240479	0.0081808209	0.0194290903	0.0303902866	-0.006438593	0.0020391674	0.0195500201	-0.0531343544	-0.0382063093	-0.0458939156	0.0811565722	-0.0300572439	-0.0530272111	0.0796832699	-0.0215451443	-0.0595200392	0.0108587876068781	-0.00354056981557	0.0001179132682912	1.253563461892539e-05	0.097046180059749	-0.0189219117111748	0.0094179610641892	0.0003580387428054	-0.3139398458207338	-0.0442750734325088	0.0985582267939461	0.001960282127454	-0.0085772258266799	-0.0008198170419734	7.356880288186471e-05	6.72099982310017e-07	0.0019850834943671	1.3167518183002276e-06	3.940556479608697e-06	1.7338353509969558e-12	0.0001060157755529	-0.0002201825256866	1.1239344666082868e-08	4.8480344617730274e-08	0.0	0.0	0.0	0.0	0.0	0.0	0.0	0.0	0.0	0.0	0.0	0.0	0.0	0.0	0.0
1926.354121570142	1.5594441328532866	3710840.201690274	2.4318660034905397	2270.1547047008166	-3.356615008729932	5153602.383275252	11.26686431683104	2158.685364397142	0.2621776904420585	4659922.502462423	0.0687371413655318	2154.6482027001853	1419.1086289843015	0.91281	22.906235	0.0712584622271879	0.04064510633557	0.0174229143	-0.0223316053	0.0309755772	0.0606795598	-0.087262247	-0.0414230228	-0.0268484925	0.0271651722	0.0119513238	0.0522626315	-0.016402986	0.0149844062	-0.025022764	0.0516069357	0.0405170249	-0.0700963547	-0.0334356021	-0.0164443455	0.0531645708	-0.0123893217	0.0527092214	-0.0073936992	0.0287495351	-0.0485172137	0.0070393506	0.0350219316	-0.0163232005	-0.0511773303	-0.0068486172	-0.0120766193	0.0301748215	-0.0237523248	-0.0468632001	0.0259278029	0.0059011469	0.0160208281	-0.0329876808	-0.0456552748	0.0042194185	0.0175578875	-0.0160561771	-0.0177353216	0.024563493	0.0210481304	-0.116512882	-0.0317573481	-0.010027674	-0.0158868586	-0.046234445	0.0745342399	0.0166377106	0.0074910684	0.0150537731	0.0314013862	-0.0456532365	-0.0409807997	-0.0593240843	-0.031057232	-0.0052027601	-0.0695506708	-0.0684406656	-0.002500035	0.0274427224	-0.0043893424	0.0940344798	-0.0449796404	-0.0291862258	0.0235026487	-0.0300653329	0.0343504125	-0.0250071146	0.0325336808	-0.0340477012	0.0229417792	0.0128655719	0.0386612231	0.0070790963	0.0198765009	0.0665321082	-0.0595089786	0.0016434052	-0.0247081963	0.0294700453	-0.0050680776	0.0131380453	-0.003412121	0.0057730096	0.0615933134	-0.0243524887	0.0537511043	-0.0157256181	0.0140604476	0.0005548953	0.0040079671	-0.0352221733	0.087788699	-0.0576849974	0.0083387801	-0.0379329444	-0.0545287667	-0.024362042	-0.0095013959	-0.013110117	0.016859046	-0.0151269928	0.0642415401	0.0116181532	0.0297523107	0.1044213308	-0.0670373972	-0.0132479533	-0.0124692781	-0.032633453	-0.0530809646	0.0129767548	-0.063704665	-0.0340312233	0.00281671	0.0136221019	0.0265256351	-0.001053974	-0.0327352423	-0.0757978719	0.053256398	0.0177723823	-0.0605098181	0.0251107996	-0.034777487	-0.0052529847	-0.005322542	-0.0139043377	-0.0473727394	-0.0519673154	-0.0075796876	-0.0093653447	0.0020126663	-0.037655884	0.0019046923	0.0019246185	0.00094869	0.0058066327	-0.0389598496	-0.044469591	0.0813979594	-0.0332099078	-0.0497051625	0.0806444153	-0.0272552159	-0.0546342852	0.0109390383814655	8.025077458739989e-05	0.0001196625607111	6.440186821877668e-09	0.105114845332892	0.008068665273143	0.0110491307093578	6.510335929002398e-05	-0.2789385347655013	0.0350013110552325	0.0778067061771247	0.0012250917755851	-0.0081928805198626	0.0003843453068173	6.712329121274408e-05	1.4772131487248462e-07	0.0019838797882316	-1.2037061355003008e-06	3.935779014153858e-06	1.4489084606410685e-12	0.0002826314650846	0.0001766156895317	7.988054505586746e-08	3.1193101788757844e-08	0.0	0.0	0.0	0.0	0.0	0.0	0.0	0.0	0.0	0.0	0.0	0.0	0.0	0.0	0.0
1914.0132141110123	-12.340907459129768	3663446.583791568	152.2979969148047	2260.6494200735383	-9.505284627278344	5110535.800478825	90.35043584557398	2153.344588801916	-5.340775595226205	4636892.918122493	28.523883958563825	2152.5233086480034	1432.1392492081377	1.115215	27.985416	0.0732202460564629	0.0408480280950516	0.018562379	-0.0083560681	-0.0509208454	-0.0165015202	-0.0810928215	0.0335632022	0.0263154751	0.0302280261	-0.0276306564	-0.1034038736	0.0097097212	-0.0645007101	0.068468913	-0.0064522653	0.0505595977	-0.0167551277	-0.0026461039	-0.0385585575	0.0111107777	-0.0244828749	0.0003672464	-0.0681409041	0.011466257	0.0131068323	0.0621324004	-0.0030830572	-0.0135262482	0.0480771651	0.0532461957	-0.0803816295	0.0601522865	-0.0379765635	0.0609882897	-0.0291201661	0.0503245837	-0.0107167682	0.0588022552	0.025845018	0.0290873879	-0.0213138863	-0.0575761843	-0.0008252475	-0.0536324918	0.0828258635	0.0188822996	-0.0017984642	0.0345862239	0.1180971783	-0.046021886	0.0337271412	0.0244790285	0.1161674694	0.0115422238	-0.0232282298	-0.0948189681	-0.0368771174	-0.0807931196	-0.0626927385	0.0225348092	-0.032086122	0.0678994361	-0.0550787272	-0.0540796435	0.0869299443	0.0720623671	0.0887063088	0.0476874242	0.0276298522	-0.007146539	0.0153500126	0.043174185	0.0230403568	0.0789607279	0.0916273635	0.0277854781	0.0260268322	-0.0231031976	-0.015142085	-0.0083837182	-0.0249371648	0.0006469466	-0.1295709214	0.023036933	-0.0370413783	0.0897434836	0.0947839633	-0.0557207843	0.0398251153	-0.0111881902	-0.0432152313	-0.0562917632	-0.0334239624	-0.0517292445	0.0456872972	0.0171779864	0.0160558108	-0.0226968476	-0.0613897919	-0.031800127	0.0707025048	-0.0142355711	0.0285100812	-0.051263479	-0.0764138328	-0.0295449368	-0.0354402157	-0.0406958475	0.0153388759	-0.1236396147	-0.0090117147	-0.0745757416	0.0353638697	0.0033204835	-0.0964707753	0.0086297396	-0.0557946724	-0.0529320282	0.0005278833	-0.0008340517	0.0403241233	-0.0138984675	-0.0544088607	0.0529411463	-0.0391590857	-0.0169630472	-0.0487282751	-0.0318734661	0.0444332055	0.0125348208	-0.0152916365	-0.0037379397	0.0529500812	0.0425320777	0.0110666094	-0.0282236441	-0.0403181266	-0.0898054994	-0.0782860653	-0.120373516	-0.0032675223	-0.0712969412	-0.0397091175	-0.0430257605	0.0815590168	-0.0363043104	-0.0462468756	0.081287294	-0.0328188985	-0.049365311	0.0172052897251546	0.0062662513436891	0.0002960219945265	3.926590590228548e-05	0.1343710431161326	0.0292561977832405	0.0180555772281175	0.000855925108732	-0.302622307914568	-0.0236837731490667	0.0915802612475396	0.0005609211105764	-0.0081981899151005	-5.3093952378999165e-06	6.721031788405555e-05	2.8189677792234312e-11	0.0020631786354867	7.929884725510006e-05	4.25670608192876e-06	6.28830717598769e-09	8.695923196827028e-05	-0.0001956722331163	7.56190802451144e-09	3.8287622812731286e-08	0.0	0.0	0.0	0.0	0.0	0.0	0.0	0.0	0.0	0.0	0.0	0.0	0.0	0.0	0.0
1911.6401365580136	-2.373077552998666	3654368.011699541	5.631497072546136	2253.586659749349	-7.062760324189185	5078652.833000229	49.88258339694092	2154.318637249709	0.9740484477929384	4641088.790801443	0.9487703786478328	2150.2926104723533	1418.653865771169	1.152935	28.931969	0.0834893076649293	0.0516841340727765	0.011188492	-0.0399290506	0.0616338872	0.0112997761	-0.0473153438	-0.0787177792	-0.0162775332	-0.048372004	-0.0222129181	-0.0285194861	0.0150302892	0.0087286848	0.1378600925	0.0169813581	-0.0415297065	0.0778290807	-0.0122912474	-0.0131600166	0.0398919021	-0.0696617871	-0.0083014268	0.0436413207	-0.0022663475	-0.0664869378	-0.0579294858	-0.0040632057	-0.0327098982	-0.02312242	0.0795347768	-0.0551719772	-0.0638120838	-0.0805640931	-0.0145837917	-0.0952476371	-0.0627381956	0.0382769503	0.041852273	0.0169028706	-0.0064587587	0.026859883	-0.0353109332	0.0173184774	-0.0081964627	-0.0410892699	0.040168138	0.0068883476	-0.0111624424	-0.1234353862	-0.1138117515	-0.1020891209	-0.0684998732	0.0627828918	0.0333611456	0.032705398	0.0149412812	0.0472928612	-0.1546092791	0.0272058407	0.0237975846	0.0368793333	0.0112698138	-0.0088400047	-0.0017941563	-0.0316180348	0.0001746502	-0.0221548636	-0.0312416875	0.018158076	-0.0163530323	0.0708803178	-0.0485224067	-0.048071618	-0.1024567567	-0.0036613074	0.047322779	-0.0331250453	0.0309723522	-0.0701323598	-0.0219485808	-0.0209751838	-0.0643810675	-0.0123299455	-0.016263748	-0.1173284022	0.0083984791	-0.0217708114	0.0178273244	-0.0607820265	-0.0623605492	-0.0062509335	0.0288010137	0.0526622617	-0.0127686908	0.0422760999	-0.0546905746	-0.0419041783	0.0610294156	0.0217832642	-0.0017915355	0.0282418237	-0.056103742	0.0024156873	-0.0219178942	0.0342450244	0.0660957689	0.1820569536	0.061912759	-0.0725404648	-0.0648457163	-0.0914464723	0.0544964177	0.0280610031	-0.0382808746	0.0463395088	0.0270319001	-0.0432115119	-0.0111256788	0.0154842776	0.0061296647	0.0659057409	-0.0538284968	0.0096065241	-0.0174435952	0.0498269743	0.0045852223	-0.0429040989	0.0301065411	-0.0434280656	0.0189973101	-0.0399313671	0.0175905675	0.048560698	0.0139840534	-0.0420726067	-0.0380968573	-0.028106271	-0.0046511125	0.0207655822	0.0780497015	0.0361881065	-0.0435655856	-0.0404540309	-0.0415630576	0.0816395852	-0.0393350228	-0.0426618292	0.0816093689	-0.0382063093	-0.0437500746	0.0134636136446459	-0.0037416760805087	0.0001812688923722	1.400013989145096e-05	0.0912628370155346	-0.043108206100598	0.008328905420124	0.0018583174332116	-0.2913241671305968	0.0112981407839712	0.0848697703543358	0.0001276479851744	-0.0086242672580881	-0.0004260773429875	7.437798573893042e-05	1.815419022073719e-07	0.0020829026081583	1.9723972671600084e-05	4.338483275072649e-06	3.8903509795002695e-10	0.0001479836103061	6.102437833782973e-05	2.1899148919227667e-08	3.7239747515185814e-09	0.0	0.0	0.0	0.0	0.0	0.0	0.0	0.0	0.0	0.0	0.0	0.0	0.0	0.0	0.0
1917.4024040898453	5.76226753183164	3676431.979209519	33.2037271084011	2253.3626741351504	-0.223985614198682	5077643.341185516	0.0501695553679608	2151.1273960613653	-3.1912411883436107	4627349.07408575	10.18402032218074	2146.290543402266	1392.4568763696666	1.031358	25.881096	0.0840146156924029	0.0416183758780824	0.0111595253	-0.0383133821	0.0196272676	0.0567675342	-0.0495238057	-0.0449282786	-0.0661083448	-0.0037553106	-0.0032835202	-0.0316267528	-0.0712516473	0.047320902	0.0057503675	0.0224318793	0.02316996	-0.035252977	-0.0154160981	-0.0635929013	-0.0625158945	0.0399103723	0.0590281032	0.0239684294	0.000153145	-0.0694202925	-0.028923094	0.048917911	-0.0141948271	0.0726348445	0.0594405986	-0.0386133212	0.0177135069	0.0474262187	-0.0333867821	-0.04384011	0.0287421807	-0.022845381	-0.0251053875	0.0144885147	0.011831454	-0.0191529049	-0.0464104775	0.0742050153	0.0378013326	0.0042493811	-0.0052772959	0.0117933035	0.038387418	0.0678759289	0.0872579501	-0.0474669507	0.0683431707	-0.1482368986	0.0520967245	-0.007830496	-0.0117677826	-0.0096772944	0.0317341017	0.1143019444	-0.07641783	-0.0565430874	-0.0558584931	-0.022525796	-0.0715211087	0.034080046	-0.0564885052	-0.0215900992	0.1426072939	0.0265295168	-0.016711971	0.0205201547	0.0723155134	0.0009630466	-0.111799384	0.0159195076	-0.0602803552	-0.0338119346	-0.0058815875	0.0193958954	0.009379965	-0.0617431651	-0.0596888623	-0.0712154751	0.0257134923	-0.0130222682	-0.0061660369	-0.0157250668	-0.0380573909	0.0203223063	0.0259524611	0.0517487545	0.012378415	-0.0630264295	0.0039740222	0.0321990844	0.0497803965	-0.0132316965	-0.0927895246	0.0106187184	-0.0286688679	0.0410397842	-0.0028689372	-0.0552792238	0.106943643	0.0214324057	-0.0294266717	-0.0707388125	-0.0156550392	0.0498770346	0.0906191989	0.0245610246	0.0340935511	-0.1063693444	-0.0396592586	0.079673107	-0.0635968491	0.0217795342	-0.0116410493	0.0105673955	0.0062077797	0.0435645521	0.0020010816	-0.0767404435	-0.0789125865	-0.0157368316	0.0007909399	-0.0827285563	0.0044196581	-0.0252051352	-0.0211671744	0.0141523511	0.0048277249	-0.0559746385	-0.0510613353	0.0207168336	-0.0017416842	0.0205666421	-0.0249997275	0.0752258781	0.0657381283	-0.0462200322	0.0582360938	-0.041194508	-0.0400821236	0.0816395852	-0.0422967282	-0.0389598496	0.0816093689	-0.0433885123	-0.0378279629	0.0110731109394635	-0.0023905027051823	0.0001226137858776	5.71450318348437e-06	0.1257014243740286	0.0344385873584939	0.0158008480896596	0.0011860162992486	-0.2695618691204302	0.0217622980101666	0.0726636012836999	0.0004735976146833	-0.0084871308885463	0.0001371363695417	7.20313907193167e-05	1.8806383851104975e-08	0.0020708879942958	-1.2014613862499756e-05	4.288577084918482e-06	1.443509462649713e-10	0.000507297179273	0.0003593135689668	2.5735042809834225e-07	1.2910624084373117e-07	0.0	0.0	0.0	0.0	0.0	0.0	0.0	0.0	0.0	0.0	0.0	0.0	0.0	0.0	0.0
1926.8696544185104	9.46725032866516	3712826.66511891	89.62882878561057	2273.9016760623817	20.53900192723131	5170628.832399309	421.8506001668115	2158.853420385052	7.726024323686488	4660648.090708237	59.69145185019526	2155.111834704001	1428.2347778424514	1.012958	25.41935	0.1426678465965295	0.0848892760131784	-0.0046762256	-0.0559304245	0.0536333588	0.0219312407	-0.0990296284	-0.1002310147	-0.0830313415	-0.0026336569	-0.0217591321	0.0458352052	-0.0628225423	-0.0226347479	0.0313363648	-0.0233541854	0.0011924444	-0.0886868697	-0.040904816	-0.0245641138	0.0696112612	0.0094798299	-0.0216967681	-0.0121394012	0.0254881701	-0.0656846934	0.0218516466	0.0544911112	0.0520785082	0.1003872502	0.0473947617	0.0107541399	0.0400400266	-0.0266657681	0.0210049029	-0.0616700016	-0.0018436598	0.005490506	0.0539644535	-0.0385238711	-0.0349324346	-0.0520855318	-0.0404474033	0.0093957815	0.0218983968	-0.0390534694	0.030958422	-0.0038461065	-0.0613108405	0.0083012809	-0.0272634477	-0.0149645512	0.0259126246	0.0008888936	0.0407791789	-0.0598352772	0.0721297618	0.0379574506	0.0667434107	0.0475091094	-0.0145075612	-0.0279959249	0.025555691	0.0129267819	-0.0014785827	0.0063267287	0.0441600298	-0.0657308362	0.0435955009	0.059445828	-0.0360752675	0.0787910181	-0.0591266944	-0.0152958983	-0.0633979663	0.0603953528	-0.0453952967	0.0383285155	0.0098444327	-0.0268321708	-0.012375011	-0.0610764118	-0.040136994	-0.035819951	-0.0009910192	0.0373518423	0.0233759441	-0.0644129441	-0.0542346302	-0.0284146739	0.0157277858	-0.0510729446	0.0303613485	-0.0417156237	-0.0147496778	0.0480536285	0.0008840783	-0.0681570108	0.019767101	0.0246284016	0.0537395832	-0.0364369128	-0.0225474498	-0.0157021178	-0.0068994014	0.0256923926	0.0495237026	-0.0681814647	-0.0089247113	-0.0211049481	0.0311673008	0.0525271361	0.0784236168	-0.027195163	-0.0264049933	0.0069064521	-0.0587966907	-0.0415724036	-0.0211961646	0.0135368687	-0.0197381053	0.0837033531	-0.0708772199	0.0145902614	0.0361790973	0.0264368498	0.0013767229	-0.0976423694	0.0058255028	0.0076481552	0.0146942764	0.0136838434	-0.0318625575	-0.0542234864	-0.0222206377	0.0274655024	0.0163003728	0.0077438146	-0.032619181	-0.0167581049	-0.0119859124	0.0771258228	-0.0259021989	-0.0419304676	-0.0385836084	0.0815590168	-0.0451842308	-0.0351510839	0.081287294	-0.0483376736	-0.0316405151	0.0053785920540718	-0.0056945188853917	2.8929252484124303e-05	3.242754533608274e-05	0.1151300479052537	-0.0105713764687748	0.013254927930666	0.0001117540004445	-0.3483289220404231	-0.0787670529199929	0.1213330379298431	0.0062042486257009	-0.0091499388824204	-0.0006628079938741	8.372138155202868e-05	4.3931443674340993e-07	0.0021352568270049	6.43688327091e-05	4.559321717271034e-06	4.1433466243321025e-09	0.0002817760394088	-0.0002255211398641	7.93977363849096e-08	5.085978452564805e-08	0.0	0.0	0.0	0.0	0.0	0.0	0.0	0.0	0.0	0.0	0.0	0.0	0.0	0.0	0.0
1921.8115910782017	-5.058063340308763	3693359.791602529	25.58400475457544	2275.760918819543	1.8592427571611552	5179087.75962637	3.456783630056214	2155.552797763697	-3.300622621354705	4646407.863946902	10.894109688598403	2153.207234508586	1436.8836726802544	0.997001	25.018938	0.0974615581323802	0.0732846208745064	8.08226e-05	-0.0469758927	0.0556452387	0.0248926852	-0.0738600202	-0.0571837456	-0.06180987	0.0032934363	-0.0579445946	0.0275610864	0.0408146931	-0.0295711987	0.0061727109	0.0565361092	0.0599721143	-0.0119692352	-0.0402469407	-0.0312034268	0.0488008257	0.0253230341	0.0388934331	0.021295363	0.0076152768	-0.0004478166	0.1162076753	0.0002092137	0.0440460544	0.069233492	-0.0789233262	-0.1504589494	-0.020969704	0.0524500587	0.0189967374	0.0693287745	0.0437171777	-0.0168500704	0.0601319207	0.1286498867	-0.0235946455	0.0613272426	0.0667664089	-0.0364691142	0.0635082557	-0.0131269255	-0.0584205617	0.0215292277	0.0718084634	0.1351128896	-0.0008149671	-0.069296275	-0.1071803845	-0.0095139234	-0.0005292731	0.0577801853	0.0083166797	0.0036331166	0.0862662177	-0.0397853141	-0.0400583315	0.0128726056	-0.0186395281	0.0115789069	0.0895495364	0.0310476153	-0.0317364625	0.0058136651	-0.1710269911	-0.0891702021	-0.0394018602	0.0682666667	-0.0246276294	0.0601511504	-0.0110944992	0.0914615659	-0.0890185918	-0.0163662576	-0.0701606242	-0.066901261	0.0243243573	0.0129611534	0.1042157854	0.0566416992	-0.0611542073	0.016464211	-0.0700703254	0.0454759374	-0.0150546377	-0.0300694921	0.0592817059	0.0028443346	0.0394465919	-0.0286702426	-0.0192004156	0.000222629	0.0677673386	0.1231263794	-0.026410233	0.0411505163	0.0430642726	0.0228882651	0.0138092218	-0.0314832911	0.0918502579	-0.0722374233	-0.065244635	-0.0320336394	-0.0493853468	0.0782262526	-0.108490661	-0.0170018577	-0.014357789	0.0464916975	0.0476888685	-0.0464299696	-0.0759197834	-0.1183453363	0.0746617591	0.0159607506	-0.011486823	0.065404718	-0.0186282264	-0.0100815201	-0.1036037038	0.0605617565	0.0029940632	-0.0714974781	-0.0024721968	0.0566610463	0.0123220494	0.0330332771	-0.0555995895	-0.0235474823	-0.0444880889	-0.0389088859	-0.0202100378	-0.0298147405	-0.0284218229	-0.0357695176	-0.0077617303	0.0339750714	0.0265322665	-0.0426618292	-0.0370681691	0.0813979594	-0.0479924649	-0.0312459714	0.0806444153	-0.0530272111	-0.0252311319	0.0077579060303065	0.0023793139762347	6.018510597506595e-05	5.661134997505778e-06	0.1017146142700653	-0.0134154336351884	0.0103458627561081	0.0001799738596201	-0.275246249586786	0.073082672453637	0.0757604979115913	0.0053410770129656	-0.0091109624435022	3.897643891819999e-05	8.300963664690759e-05	1.5191627907441747e-09	0.0020410802686252	-9.417655837970018e-05	4.166008662971119e-06	8.869224148245078e-09	0.0003203058034573	3.8529764048500015e-05	1.0259580772842649e-07	1.4845427176330843e-09	0.0	0.0	0.0	0.0	0.0	0.0	0.0	0.0	0.0	0.0	0.0	0.0	0.0	0.0	0.0
1914.5884833721768	-7.223107706024848	3665649.060661372	52.17328493283554	2269.729448260683	-6.031470558859837	5151671.768301745	36.378637102393	2152.474677156973	-3.078120606724042	4633147.235802015	9.474826469539185	2149.3567155562105	1427.6199176317157	1.067506	26.788193	0.1176150822106796	0.0727390519422924	0.0147914211	-0.0123531672	-0.0365062181	-0.0244985318	-0.0852655353	-0.0630776541	-0.0100184279	0.0240280755	0.0220769046	-0.0745837159	-0.0237930176	-0.1360208923	-0.0047027765	0.0040750759	0.0090895873	-0.0292156977	-0.0281357394	-0.0454118156	-0.0232829981	-0.0186619672	-0.0626081883	-0.0157505304	0.0733873162	0.0550361574	0.1105819889	0.0046728692	-0.054467317	-0.0006251072	0.0625480223	0.0933406399	-0.0575344082	0.0512991313	-0.0147493408	0.0658069656	-0.0463279575	0.0131710601	0.010906702	0.0185546866	-0.1058358431	0.0410983036	0.0648880945	0.0124649616	-0.035964436	-0.0235990919	-0.0459265517	-0.0197359595	0.1100304669	0.0194411867	-0.0688240751	0.0414507888	-0.0207953724	0.0137797796	0.0647070968	-0.0085592601	0.0175904738	0.0023109353	-0.0090234922	-0.0587093077	0.0412431606	-0.0640157848	-0.0429323565	-0.0403565672	0.0724446682	-0.0859044731	0.1398915717	0.0395803713	0.0380673837	-0.0318022345	-0.0270704198	0.0127256773	0.0393129181	-0.0357212369	0.0469683939	0.1074779633	-0.025446471	-0.0021800821	0.0396392005	-0.0170303861	-0.0432931103	0.0249575215	0.1070765111	0.0051019317	0.1252534482	-0.0064377148	-0.0149310265	-0.0542811767	0.0908394859	0.0039352667	-0.0101969485	-0.0089756736	0.0230771446	0.1008571215	0.0366848466	-0.0645540394	-0.0129211829	0.0154934011	0.0186163232	0.0107133628	-0.0628382096	-0.0532309526	0.0198891552	0.0439303531	0.0926745812	-0.0184108453	-0.0137897263	0.022775042	0.1297912446	0.0032271698	0.0047563154	-0.0146266221	-0.0377805584	-0.0267226989	0.0227521061	-0.1063971497	0.0229850801	-9.48552e-05	0.0040803227	-0.0032496177	-0.0061647024	0.0642230798	-0.009877151	-0.0647426197	0.0449128829	-0.0487562217	-0.0210752022	-0.0780403767	-0.0397288175	0.0804954651	0.0284069169	0.0504818851	-0.0414351508	-0.0141593911	0.0055192253	0.0241359285	-0.0161285306	-0.0172312108	-0.0248860609	-0.0131591497	-0.0670127788	-0.0122635615	-2.7389e-05	-0.0433885123	-0.0355364705	0.0811565722	-0.0507165039	-0.0272552159	0.0796832699	-0.057431937	-0.0186447705	0.010989814499922	0.0032319084696155	0.0001207760227426	1.0445232355972408e-05	0.1253222494793107	0.0236076352092454	0.0157056662145545	0.0005573204401728	-0.3005319005250797	-0.0252856509382937	0.0903194232332164	0.0006393641433732	-0.0078969926738864	0.0012139697696158	6.236249329141547e-05	1.4737226015410394e-06	0.002024948254433	-1.6132014192199798e-05	4.100415433131255e-06	2.602418818973357e-10	0.0004000017715198	7.969596806250002e-05	1.600014172189783e-07	6.351447325419024e-09	0.0	0.0	0.0	0.0	0.0	0.0	0.0	0.0	0.0	0.0	0.0	0.0	0.0	0.0	0.0
1918.8793294972763	4.290846125099506	3682097.8811719166	18.411360469281444	2268.6251484264026	-1.1042998342804822	5146660.064072717	1.2194781239919004	2153.964560540599	1.4898833836259655	4639563.328064856	2.219752496804756	2151.2439135665413	1429.4750104596098	0.99329	24.925806	0.2111162833972207	0.1097365651384818	-0.0049328568	-0.0694831557	0.0636218959	-0.0055358304	-0.0433692233	-0.0103916007	-0.1105636905	0.0086321378	-0.0610605978	-0.002293041	0.005081002	-0.0941199867	0.0485711398	0.015983349	0.0383973954	0.0633749107	-0.0281764899	-0.0118137245	0.0336106246	-0.0218437496	0.0825123503	0.0157686791	0.0639043467	0.0276033373	0.0055504667	0.032215753	0.0031306643	0.0968622451	0.030039384	-0.1202707175	-0.0125679795	0.0749721111	0.107638456	-0.0236036717	0.0418995514	-0.0067485754	0.0331776013	0.0615446382	-0.0758737304	-0.0216562896	-0.0377362691	0.0068959342	-0.0367641539	-0.0270546599	-0.0094603407	0.09349771	0.0304662496	0.0096167329	0.0580778121	-0.0420813452	-0.0272172528	-0.0695587698	-0.0281330177	-0.0364582401	-0.0499986786	0.0142894008	0.014991378	-0.0512117598	-0.01057919	0.0308962582	-0.0172943518	-0.010612012	-0.0136163022	-0.0173714538	-0.0369353922	-0.0299506178	-0.0062221459	-0.0418275544	-0.0325039956	0.0497388664	-0.0181404814	0.0930716243	-0.0110131353	0.1117092169	0.0054948398	-0.0455183527	-0.0056698072	-0.0282903632	-0.0651384137	0.0510694595	0.0104628259	0.0086256259	-0.0289222257	-0.0358219045	0.0180469438	0.0377890492	-0.0897193133	-0.0380180224	0.0981718947	-0.004760804	0.0158319737	0.0462616311	-0.0519110381	0.1066755388	0.0743893319	0.0101156686	0.0088850972	0.0387261597	-0.021397536	0.0138968843	0.0015226561	0.0162585269	0.0440208495	0.0191474701	-0.1037773474	-0.0735683993	-0.0020902352	0.0684650308	-0.0326205099	-0.0166711646	-0.0374463432	-0.0142425957	-0.000545484	-0.0011527879	0.0877475223	0.0654402073	-0.0306269733	0.0232268416	-0.0276024757	0.0997151562	-0.0514820583	0.030206695	-0.0483031805	0.0267447657	-0.0233901332	-0.0121541428	0.0004448025	0.1077928171	-0.0325504542	0.0116198951	-0.0157488229	-0.0129052606	-0.001996941	-0.0483114222	0.0286596219	0.0077080932	0.0439407745	-0.0484128297	0.0669639666	0.004047995	-0.0275103192	-0.0441104375	-0.0339891844	0.0808350932	-0.0533515689	-0.0231897558	0.0784076511	-0.0615281933	-0.0119276293	0.0404475411731368	0.0294577266732148	0.0016360035869525	0.0008677576607538	0.0885033090359002	-0.0368189404434105	0.007832835710304	0.0013556343753754	-0.3262534396177301	-0.0257215390926504	0.1064413068623998	0.0006615975732947	-0.0097183386206947	-0.0018213459468083	9.444610554648618e-05	3.3173010579550245e-06	0.0016409560451668	-0.0003839922092662	2.692736742169465e-06	1.4745001677713726e-07	0.0002229783838354	-0.0001770233876844	4.9719359657846976e-08	3.133727978726139e-08	0.0	0.0	0.0	0.0	0.0	0.0	0.0	0.0	0.0	0.0	0.0	0.0	0.0	0.0	0.0
1914.35855806883	-4.520771428446324	3664768.68885137	20.43737430825661	2247.0206992409444	-21.60444918545818	5049102.022817262	466.7522246070446	2147.579286550801	-6.385273989797952	4612096.792022048	40.77172392479025	2142.702672674471	1416.542907778271	0.921622	23.12734	0.1728151687317413	0.0818924131318922	0.0122937458	-0.0515546988	-0.0083535473	-0.0188289684	-0.0228857784	0.0479054883	-0.0993685015	0.0039971632	-0.0516706801	-0.0533523629	-0.0765701533	-0.002346402	0.01566409	0.0673930141	0.0694382902	-0.0250773487	-0.0085984239	-0.0521611105	-0.0644399032	0.0215095595	0.1108819836	0.0119069082	-0.0023382554	-0.0356210995	0.090158588	-0.0380585768	0.0253171788	-0.0433053188	0.001493242	-0.0051414762	0.0052312659	0.0111201175	0.023663604	-0.1184435495	0.0612425291	-0.0520379644	-0.00843535	-0.0325943048	-0.0512763925	-0.0483270939	0.0180470015	-0.0036282154	-0.0633270703	-0.0206895438	0.0598870962	0.0163109982	-0.0114628144	-0.0369255199	-0.0304769916	0.061185964	0.0416756287	-0.0201408213	-0.0564471516	0.0635577931	-0.011508191	-0.0027959552	0.0362695219	0.0260515835	0.0659754394	0.0175743139	-0.1003601912	-0.0453847379	-0.0919252719	-0.0796629799	-0.0358507651	-0.016550322	0.0706877909	-0.0318425739	-0.01119436	-0.009430859	0.0961085325	0.0867281391	-0.0261603586	0.0275376291	0.0068871332	-0.0638063327	0.0091523185	-0.0406170892	0.0895664669	-0.0466206436	-0.0439920615	-0.1075661144	0.0211709994	-0.0093421656	-0.0457602467	0.0217651751	-0.009435833	-0.0167171714	0.0493343141	-0.0069518116	0.001536641	0.0296349961	0.0067235869	-0.0002839401	0.0205975164	-0.0371715144	0.0861507129	0.005842936	0.0018864546	0.0086057011	0.0254601384	-0.013565842	-0.0002514061	0.0576523443	0.0123991265	-0.0034531118	-0.0174473933	0.0669804009	0.0671059849	-0.044102123	0.0571922893	-0.0303741982	0.0497848156	-0.0350048315	0.0195207598	0.0540918305	0.0073812707	0.0196267377	-0.0109640752	0.08462291	0.0154062091	-0.0587519418	-0.071151835	-0.0601142962	-0.0327864415	0.0133439837	-0.0345922745	0.051407691	-0.0377290569	0.0084410751	-0.0142139837	-0.0135421964	-0.0140494712	0.0006352739	-0.0046878511	-0.0057007517	-0.0044758627	-0.0179438388	0.0231899181	-0.0540443026	0.0276841512	-0.0448275254	-0.0324269895	0.0804338397	-0.0558930371	-0.0190607341	0.0768225931	-0.0652939789	-0.0051268245	0.0184296235467655	-0.0220179176263713	0.0003396510240754	0.0004847886966016	0.1123291231228762	0.0238258140869759	0.0126178319015542	0.0005676694169071	-0.2638993784941661	0.062354061123564	0.0696428819696071	0.0038880289386011	-0.0091342059704731	0.0005841326502215	8.343371871102644e-05	3.4121095305491e-07	0.0020079667420591	0.0003670106968922	4.031930437215436e-06	1.3469685163337158e-07	0.0005641825546181	0.0003412041707827	3.183019549354054e-07	1.1642028615950997e-07	0.0	0.0	0.0	0.0	0.0	0.0	0.0	0.0	0.0	0.0	0.0	0.0	0.0	0.0	0.0
1921.50085029024	7.142292221409889	3692165.517666115	51.01233817601221	2259.136716438062	12.1160171971178	5103698.703558549	146.79787272085423	2149.623842528669	2.0445559778677307	4620882.664367719	4.180209146634672	2144.8873325563827	1429.6770956499277	0.935684	23.480234	0.2167335032311691	0.1370338900012028	-0.0246721852	-0.0918060665	0.0455603563	-0.0565360668	-0.00438252	0.077994239	-0.105503562	0.0038533054	-0.0622981986	0.0354162554	-0.0753378906	-0.0750432036	0.0774560779	-0.0186138702	-0.0126630081	0.0271681778	-0.0175873708	-0.0500678955	-0.0452141832	-0.0408218579	0.0280584863	0.0434894212	0.0472609222	0.0051767797	-0.0016613414	0.0597170005	-0.0337509856	-0.044672342	0.046454182	-0.0723877728	-0.0175386454	0.0129838257	0.0323715112	-0.0286685814	-0.0219830979	0.018855722	-0.1079324503	0.0500917313	0.0884259006	-0.0051278654	-0.0719882132	-0.0388844188	-0.0068239131	0.0331602278	-0.0409002216	0.0080758153	-0.0278664801	-0.0299134065	-0.0710267257	-0.030164071	-0.0589933267	0.0148482063	-0.0336768759	-0.0652413848	0.0056591424	0.0369368271	-0.0011529875	0.0810178578	0.0116228411	0.056756279	0.0652185964	0.0164679316	0.0811067155	0.0153094803	0.0023245057	0.0489025276	0.0464548928	0.0880669961	-0.0228937703	0.022621171	0.067184408	0.0521600836	-0.023568857	0.012623401	0.0728763486	-0.0593341704	0.0580691228	-0.0495003482	-0.0446621302	-0.0215947776	-0.0350680795	0.0532253628	-0.0094354156	0.0221507288	-0.0215171728	-0.0233266669	-0.0347732658	-0.0274738535	-0.0305592866	0.0776650556	-0.0327858718	-0.0825765925	-0.0616193279	0.0779684377	0.0029435589	-0.0020058037	-0.0152063878	0.0249336066	-0.0251057444	0.014719731	-0.1237328181	0.0462878849	-0.0034845057	-0.0691998905	0.0503581199	0.0081234298	-0.0014145583	-0.0402089769	-0.0561206292	0.0034938936	-0.079685916	0.0198836481	-0.0118682979	0.0497387546	-0.021848364	0.0829450657	0.0164450388	0.0308062263	-0.0456211988	0.126034824	-0.0532420636	0.0415377829	-0.0064249898	-0.0299377339	-0.0335377431	0.0300716477	-0.0120221449	0.0342551944	-0.0613180284	-0.0462582199	0.0012789657	-0.0601397771	0.004730474	-0.0442114316	0.0453168567	-0.0109035303	0.0046893591	-0.0571604493	0.077628051	0.0134183157	0.048704543	-0.0455396975	-0.0308505711	0.0799532077	-0.05833645	-0.0148794683	0.0749343514	-0.0687090676	0.0017099414	0.0117713806203028	-0.0066582429264627	0.000138565401708	4.433219886779058e-05	0.0959609857045364	-0.0163681374183397	0.0092085107773862	0.0002679159225456	-0.3742838786562927	-0.1103845001621265	0.1400884218219984	0.0121847378760425	-0.0107852860779376	-0.0016510801074645	0.0001163223957829	2.726065521264985e-06	0.0020170508248769	9.084082817800276e-06	4.068494030136583e-06	8.252056064065419e-11	0.0005578942904156	-6.288264202500065e-06	3.112460392783258e-07	3.9542266680443776e-11	0.0	0.0	0.0	0.0	0.0	0.0	0.0	0.0	0.0	0.0	0.0	0.0	0.0	0.0	0.0
1923.3228483525988	1.821998062358944	3699170.778995154	3.319676939239745	2256.198736942176	-2.9379794958863386	5090432.74057947	8.631723518248544	2148.918671831067	-0.7051706976017158	4617851.458144197	0.4972657127560905	2144.2807040104576	1434.1548294669942	0.973136	24.420061	0.2586835335916412	0.1581173761002773	0.0021238146	-0.0690993968	0.04988621	-0.0558030117	0.0222053048	0.0294995523	-0.0535631215	-0.0225444721	-0.0653138554	0.1379228074	-0.0318097716	0.0413819025	0.0238586325	0.010012536	-0.0235174639	0.1101703234	-0.023652443	-0.04193162	-0.0716226702	0.0201235984	0.1051597503	0.0614699862	-0.0322336976	-0.0068542747	0.0117912478	-0.1030816948	-0.0484538434	-0.0090964414	0.0266308937	0.0110392695	-0.0632664696	0.054026444	0.0617629116	-0.0211330176	0.0723084356	-0.0409656301	-0.0404178802	0.0056004296	-0.0202084754	0.0461780053	0.0224405778	0.0007420022	0.0578990766	-0.0432944791	-9.66349e-05	0.0921539044	0.0177474479	0.0211342371	-0.0406746882	-0.0292639036	-0.1066097725	0.0180082586	0.0148225581	-0.0474524939	0.0130526777	-0.1000033887	0.0193905336	0.0338070326	-0.0003956125	-0.0187714226	0.0718946154	-0.0689147325	-0.050179232	-0.1123707954	0.043283685	0.0089165159	-0.026925679	0.0527151609	-0.0330469609	0.0157077444	0.0730463267	0.0746390784	-0.0756173418	-0.072928556	0.0105479287	-0.0743486745	-0.0062433652	-0.0605855785	0.0250254875	0.1084982388	-0.0148126896	0.0150372977	0.0733233198	0.004423346	-0.083566672	-0.0248150747	0.0367989739	-0.0009606302	0.0923418917	0.0023206969	-0.0279258649	0.0060521506	-0.0506806228	-0.0044959471	0.0200264779	0.0257459425	-0.0317541478	0.1011915517	0.0721184765	-0.0318693342	0.002955603	-0.0375859459	0.0191436362	0.0508582343	0.0057069385	0.0124351271	-0.0065631335	-0.0495961534	-0.107684667	-0.0794998928	-0.0517185203	-0.0309374458	0.0322860191	0.0104266188	-0.0178607648	-0.0429185241	-0.0160215032	0.0233698013	-0.0147605763	0.1008374992	0.0002113447	-0.0160838426	-0.0885182987	-0.0078554535	-0.0203556229	0.0688585151	-0.0301807692	-0.0391394893	-0.0098387726	-0.0132209845	-0.0334419124	-0.0250935617	-0.0348857032	0.0118540087	0.0099516902	0.0132626049	0.024060899	0.0126081972	0.0150180443	-0.0076114489	0.0883997373	-0.0462468756	-0.0292606206	0.0793936715	-0.0606775209	-0.010657419	0.0727503781	-0.0717551168	0.0085347133	0.0106367750989306	-0.0011346055213722	0.0001131409845052	1.287329689128284e-06	0.1099753459581336	0.0140143602535972	0.0120945767186111	0.0001964022933176	-0.2286158792295509	0.1456679994267418	0.0522652202359006	0.0212191660569892	-0.0093380133744223	0.0014472727035153	8.719849378088974e-05	2.0945982783404883e-06	0.0016048836256687	-0.0004121671992082	2.5756514519395124e-06	1.6988180010313206e-07	0.0004600028253405	-9.789146507509996e-05	2.1160259932124253e-07	9.582738934549518e-09	0.0	0.0	0.0	0.0	0.0	0.0	0.0	0.0	0.0	0.0	0.0	0.0	0.0	0.0	0.0
1923.9560124824084	0.6331641298095292	3701606.737967209	0.4008968152774583	2275.621164032907	19.42242709073116	5178451.682194483	377.2306740947678	2149.772980285488	0.8543084544207886	4621523.8667655485	0.7298429352948367	2145.826054986918	1442.3656350292106	0.97809	24.544359	0.0645721493155769	0.0461757357972768	-0.0055377827	-0.0673517359	0.0307012159	-0.0721051525	-0.0318065271	0.0188522473	-0.0015642685	0.0008650126	-0.0319764945	0.1467516666	-0.0512694723	-0.0211673315	0.0392170632	0.0243019087	0.0475448104	0.0040631997	-0.0164018467	-0.0325634511	-0.0520684574	-0.0184336048	0.0060832968	0.0652746084	0.0533138246	-0.0028203642	-0.0605948774	0.0385010709	0.0388440661	0.0122800481	0.0211610983	0.0382876313	-0.009764127	0.0064080417	0.0138021871	-0.0397349008	-0.0515022621	0.0149985704	-0.0149742435	0.0619591895	0.13475387	0.0204554293	0.038257006	-0.0059452766	-0.0347186943	0.0591864664	0.0226544974	-0.0186090671	-0.088330935	0.0248399095	-0.0613731128	0.015989384	0.0681209557	-0.0074875399	0.0078196662	0.0308556785	-0.0882675374	0.0091988389	-0.0426146891	-0.030926481	-0.0394937625	0.0671646106	0.0535424232	-0.0204707004	-0.0553694682	0.0034421275	0.0465374498	-0.0593580123	-0.0467533725	0.0681910038	-0.0192353543	0.0305653156	0.0388418177	0.0101780713	-0.0599367767	-0.0271199941	0.0419935689	-0.0522984842	0.0784782019	-0.0019299763	-0.0450741919	0.0405822733	-0.0346136625	0.0648253311	0.0366958835	0.0580314845	0.0712338934	0.0153909997	-0.0298093706	-0.0040265184	-0.0318445853	0.0235177579	0.052747348	-0.0290838208	0.0058700867	-0.0269601324	-0.013027566	0.0538532629	0.0032773425	-0.0362661564	0.0195785294	0.0384987972	0.0357488688	0.0350876127	-0.0375018139	0.025866078	0.0219008719	0.0163035553	-0.05272327	-0.0058557582	0.0222922092	0.0236627407	0.0081500294	0.1247868919	-0.0233450462	-0.0099602049	0.032996319	-0.0720259318	0.0857344472	0.0193458728	-0.0300620807	0.1227897698	-0.055692512	-0.0146500925	0.0543798043	-0.0484375991	-0.0272725359	0.0201323614	-0.0313037432	-0.069098651	0.010962294	0.0101880625	-0.0376057604	-0.0348413322	-0.0125142386	0.0063573243	-0.0156247582	0.0173431173	0.0310116928	-0.0198690234	-0.0741306657	-0.0184052326	0.0086111893	-0.0469489822	-0.0276578354	0.0787557834	-0.0629121428	-0.0064061583	0.0702792922	-0.0744157659	0.0152996203	0.0212773661742886	0.010640591075358	0.0004527263113147	0.0001132221784329	0.1112654575009344	0.0012901115428008	0.0123800020328922	1.6643877928678626e-06	-0.2735994150018541	-0.0449835357723031	0.0748566398893567	0.002023518490578	-0.0093221026062138	1.5910768208499473e-05	8.690159700077813e-05	2.5315254498459755e-10	0.0016469453604146	4.206173474589989e-05	2.7124290201911765e-06	1.7691895298344422e-09	0.0005551885408884	9.518571554790004e-05	3.082343159337906e-07	9.060320444365735e-09	0.0	0.0	0.0	0.0	0.0	0.0	0.0	0.0	0.0	0.0	0.0	0.0	0.0	0.0	0.0
1926.6472191153111	2.6912066329027766	3711969.506924762	7.2425931409799	2271.9988269227924	-3.622337110114586	5161978.6695385445	13.12132613931329	2158.8621181301714	9.089137844683592	4660685.64509749	82.61242675965948	2154.874950352955	1442.9919599320149	1.047993	26.298521	0.0846494206896653	0.0430764594241775	-0.0115185784	-0.0964654531	0.0922542763	0.0193861523	-0.0947202926	-0.0806044526	-0.0443937328	-0.0204699521	-0.0715973412	0.1744029439	-0.0253360393	0.0318306034	0.0678504001	0.0515627157	0.053257283	0.0162739364	-0.0642861199	-0.027403094	0.0622888745	-0.0190222244	0.0709983857	0.0016450233	0.0539151151	-0.0902914076	-0.0126447892	-0.0448134857	-0.0460067976	-0.0122015283	0.0710566882	-0.0164569763	-0.0632738787	-0.0620204629	0.0637338466	-0.0270097659	-0.0375205494	-0.0434007318	0.0629844129	0.0030580055	0.0792795408	0.0310391762	-0.0024642414	0.0129700449	0.0288146534	0.0785251164	0.0109172561	-0.0179160077	0.0015489331	0.0490441308	-0.0404422176	-0.0071979299	-0.00284067	-0.0305243721	-0.0960997577	-0.0490023956	0.0481606592	-0.0492120369	-0.0110603233	-0.0362249843	0.0518775422	-0.0808761781	0.0266481428	0.0029597497	0.0498539757	-0.0755411485	-0.0798523879	-0.0657400159	0.0102636796	0.0712469722	-0.0693489031	0.0960690664	-0.0334336078	0.0491652132	-0.1148856052	-0.0307187472	0.0407030689	0.0502401994	0.0338957578	-0.1082048952	-0.0169162953	0.0560313979	-0.0281097077	-0.0303755372	0.0047062769	-0.0102566204	0.0581892807	0.0468354196	0.0491785094	-0.0344412769	-0.0143067432	-0.0571960141	-0.0267799925	-0.0020149264	0.0179616631	0.0399712405	-0.0919215661	0.0503440459	-0.0122745787	-0.0103094713	0.0051992917	0.0196240467	-0.0445270428	0.0164010897	-0.0353007009	-0.039676342	0.0178146665	-0.0375240409	-0.0683070981	-0.0596968763	-0.0291302104	-0.0277621885	-0.0160996624	-0.0938248692	-0.0073165327	-0.0313389876	0.0543735437	0.00645342	-0.0416622334	0.0357833562	-0.0310268502	0.1226058306	-0.0502125167	0.0382394304	-0.0895989465	0.0386386517	0.010224667	-0.0013825159	0.0389780333	-0.0975047705	-0.0002834863	0.0155331997	-0.0370316805	-0.0134430118	-0.0485780245	-0.0293795496	-0.0210863777	0.0040330589	0.0128121118	-0.0174182501	-0.0032753926	0.0176843808	-0.0525600133	-0.0476459404	-0.0260429185	0.0780401729	-0.0650363955	-0.0021373389	0.0675308461	-0.0766767246	0.0219572114	0.010775053344858	-0.0105023128294306	0.0001161017745845	0.0001102985747672	0.0887565674177324	-0.022508890083202	0.0078777282597784	0.0005066501327776	-0.2562680767692313	0.0173313382326227	0.0656733271710006	0.0003003752849335	-0.0099000657228675	-0.0005779631166536	9.8011301317096e-05	3.34041364212058e-07	0.0015930609955048	-5.38843649098e-05	2.5378433353987444e-06	2.9035247817324844e-09	0.0005008984315637	-5.429010932470003e-05	2.508992387429746e-07	2.9474159704878812e-09	0.0	0.0	0.0	0.0	0.0	0.0	0.0	0.0	0.0	0.0	0.0	0.0	0.0	0.0	0.0
1921.0588905502168	-5.588328565094344	3690467.26096203	31.229416151449403	2263.94436044404	-8.054466478752602	5125444.067186372	64.87443025734933	2155.7741454450515	-3.087972685119894	4647362.166169343	9.535575304046567	2152.456929268827	1430.4177681431352	0.999285	25.076248	0.089454967045406	0.0382715380454384	0.0010999539	-0.0933394873	0.0071786602	0.0084340474	-0.1106116064	-0.0590066504	-0.0334253631	0.0064874515	-0.0078710917	0.0692789573	-0.032720741	0.01670983	0.1140296486	0.0791874634	0.0418628403	-0.0399448384	-0.0540539429	-0.0586884729	-0.013338321	-0.0153842738	0.0797552362	-0.0167086315	-0.0271679447	-0.1287743511	-0.0006731738	-0.0074641121	0.0194273796	0.0446703334	0.0700408431	0.085321845	-0.0385653097	-0.0168434832	-0.0363188074	-0.0793291532	0.0434228414	-0.0020145518	0.0672473069	0.0362568476	-0.03585817	0.0356865217	0.0510063316	0.097719221	0.0440899164	-0.0071397488	-0.0067583797	0.1065494801	-0.0472242428	-0.0174556012	-0.0390384695	-0.0247275297	0.0882043857	-0.0838005602	0.0492164942	0.0366364548	0.0585682823	-0.0531560613	-0.0533455082	0.0027688582	-0.074277059	-0.0026249692	-0.0565830579	-0.0346477861	0.0001518821	0.069750368	-0.0388389322	-0.0900471003	0.1075194949	-0.0197542199	-0.0551210394	0.0723136025	0.0264664386	-0.0144657162	-0.1064778677	0.011209985	-0.0007820218	0.0152251846	-0.038592492	-0.0748111272	0.0197869994	-0.0049451548	-0.112856307	-0.1093331706	0.0465021683	0.0286142949	0.0615620991	-0.0192703212	0.0662654831	0.0119811203	-0.0075734278	0.0030360261	0.1015530395	0.0217409231	0.0431960679	-0.0511136512	0.0540363443	0.0206228984	-0.0308311379	0.0168466057	0.0056782126	0.0212222351	-0.0140788083	-0.0055426538	0.0137565875	0.1568903062	-0.071091054	0.0047364323	0.0016277907	-0.0340925127	0.0528044067	-0.0449471003	0.0891543943	0.0071644233	0.0030764008	-0.0090038489	-0.0395579101	-0.0165647082	-0.0705808353	0.0363451235	-0.0351528742	0.118538238	-0.026492839	-0.0587814395	-0.0590355742	-0.076153146	-0.0083706148	-0.0600754823	0.0095809938	-0.0619431909	0.0014265365	0.060487891	-0.0364005377	-0.0008957332	-0.0496980393	0.0372968301	-0.0206918164	-0.0047829965	-0.0360407276	0.052391778	-0.0486093743	-0.0469958874	0.0798704741	-0.0483376736	-0.0244165784	0.0772475461	-0.0670465522	0.0021373389	0.0645158866	-0.0785258491	0.0284607885	0.027314876046276	0.016539822701418	0.0007461024534234	0.0002735657349943	0.1178056745954734	0.029049107177741	0.0138781769668945	0.0008438506278238	-0.2506561564678193	0.0056119203014119	0.0628285087752199	3.149364946940014e-05	-0.0100764550201256	-0.0001763892972581	0.0001015349457726	3.1113184187206664e-08	0.0018458318485201	0.0002527708530152	3.407095213011129e-06	6.389310413408236e-08	0.000836820618587	0.0003359221870233	7.002687476923294e-07	1.12843715734517e-07	0.0	0.0	0.0	0.0	0.0	0.0	0.0	0.0	0.0	0.0	0.0	0.0	0.0	0.0	0.0
1922.263697738504	1.2048071882873046	3695097.723643307	1.4515603609487606	2278.1472158721	14.202855428060047	5189954.7371858	201.7211023103748	2158.810858797598	3.036713352546485	4660464.324062423	9.221627985534113	2156.9188452506714	1441.646732624806	0.942257	23.645172	0.1608188456314561	0.0757616844185546	-0.0183127023	-0.1074753299	0.0524945688	-0.0041177452	-0.1265608871	-0.092624044	-0.0543212929	0.0231910281	-0.0588478907	0.0683554987	0.0072473996	-0.0400507767	0.1355560247	0.0401684647	-0.0153565846	0.0307823178	-0.0632946277	-0.0281496943	0.0660527839	-0.0180590363	0.0171238387	-0.0045657461	0.0871180941	-0.0438263456	-0.0223928364	0.0357236306	0.040048191	0.0257869529	-0.0368370967	0.0177188592	-0.0180576023	-0.0790934547	0.0186434709	-0.0257746188	0.0011353352	-0.0363966913	0.0581608705	0.1003379701	-0.0192172054	0.1112491421	0.0403600046	0.0651033163	-0.0054660821	-0.0484097414	0.0026520199	-0.0706200227	-0.0167413722	-0.0918608974	-0.0525007783	-0.0338489552	-0.0747316918	0.0540396948	0.0702469258	-0.0212020883	0.007804031	-0.0247440554	0.0346627432	0.0352752668	0.1016164245	-0.0297278548	-0.0309531796	0.0900461166	-0.0427616244	0.066633804	-0.0634363504	-0.0307075848	0.0003602045	0.0522864694	-0.0672351344	0.1086024147	-0.0525165152	-0.0172439257	-0.0838266796	0.0850703134	-0.032751743	0.0429758648	0.0240553152	-0.0663666948	-0.0629716559	0.0147844026	-0.0361416973	0.0129830108	-0.1092567338	0.0591948587	-0.0077287758	0.0372122124	0.0529634991	0.019912928	0.0317947587	-0.0694814786	0.0590200242	0.0155515704	-0.0347895385	-0.0104180209	-0.0184190333	0.0163838321	0.0146629543	0.0518689476	-0.0103562713	-0.0159525816	0.0621480609	-0.0390650831	-0.0099892501	0.0495127641	0.0931011784	0.0732413455	0.0630876315	-0.0415706346	-0.0015820672	0.0465307453	0.003719613	0.0207459838	0.0003730313	-0.0006500957	-0.0259142646	0.0152391774	0.0019763852	0.0356030549	-0.0510537891	0.1396761318	-0.0746183792	0.0583844197	-0.0159646712	-0.0097372198	-0.0057551639	-0.0805410587	0.0431921402	-0.0109204789	0.0243195264	0.0558222627	-0.0300493393	0.0303893931	-0.020409882	0.0320702985	-0.025687358	-0.0109489484	-0.0291299072	0.0393132003	-0.031778415	0.0816901307	-0.0631125189	-0.0490241061	-0.0227795284	0.0763786853	-0.0689390864	0.0064061583	0.0612463124	-0.0799532077	0.0347647336	0.0116243551156856	-0.0156905209305904	0.0001351256318555	0.0002461924470732	0.0818814513907426	-0.0359242232047308	0.0067045720818545	0.0012905498128633	-0.3093659024097093	-0.0587097459418899	0.0957072615737737	0.0034468342685612	-0.0106912630442608	-0.0006148080241351	0.0001143031054815	3.779889065410271e-07	0.0019600852455323	0.0001142533970122	3.841934169753417e-06	1.3053838728827432e-08	0.0005559949286495	-0.0002808256899375	3.091303606839627e-07	7.886306812887289e-08	0.0	0.0	0.0	0.0	0.0	0.0	0.0	0.0	0.0	0.0	0.0	0.0	0.0	0.0	0.0
1920.0078735671584	-2.2558241713456937	3686430.2345598815	5.088742692027486	2270.992657285748	-7.154558586351868	5157407.649445783	51.18770856554124	2156.6678697443867	-2.142989053211295	4651216.300387791	4.592402082183442	2153.428242105608	1434.666704096307	0.938178	23.542824	0.1674142453560758	0.0937123010927033	-0.0050297599	-0.0908070594	0.0268122492	-0.0058170597	-0.0694653139	-0.0595178043	-0.0794266699	0.0135871731	-0.0545935743	0.0292542054	0.0347840793	-0.042463244	0.1094896611	0.0970865187	0.0195171901	0.0251140828	-0.050829229	-0.0358864187	0.0342232322	0.0136202796	0.0639902182	0.0243897815	-0.0394798101	-0.0457022527	0.0796552863	-0.0709553406	0.0493749936	0.1131335584	0.0266552651	-0.1030805182	-0.0458768181	-0.0035529531	0.0698272786	0.0160192659	-0.0550233017	-0.0601333844	-0.0565897819	0.0050130619	0.0055041046	0.015622227	-0.0017501814	0.0990692431	0.1185538601	0.0043985735	0.0773085363	-0.0176234324	-0.0107383556	-0.0929406206	0.1178862602	-0.045634244	-0.0097137788	0.0491459324	-0.0834732378	-0.0987495962	-0.021819626	0.0192760348	-0.0941749022	-0.0958331941	-0.0208162988	0.0246374941	-0.0450519905	-0.0228857823	-0.0950215768	0.0153807535	0.0176036195	0.1011678391	-0.0948851554	0.0133171325	-0.0522128322	0.0777069955	-0.0112402754	0.0538782972	-0.0404809837	0.0795724743	-0.0753860117	-0.0283221869	-0.0905938866	-0.1095745958	0.0147526019	0.0633243319	0.0146448111	0.0151421514	-0.0203783089	0.0114565685	-0.0265634361	-0.0323104485	-0.0262582642	-0.0809506238	0.0707323594	-0.0190316378	-0.0613024973	0.0276815308	0.0647130067	0.0373821921	-0.0286631976	0.0465048443	-0.1318419838	0.0421161644	0.0828983936	0.084051086	0.0288292772	-0.0050834162	-0.1081818633	0.0557996975	-0.040904802	-0.0002409797	-0.0219012588	-0.0476595638	-0.007012966	-0.0412991698	-0.0145601767	0.0770044993	-0.068512003	0.0465155798	0.0542315374	-0.0183378925	0.0526598079	0.0410875958	-0.0392840697	0.128419418	-0.0374364364	-0.0092143103	-0.0973263744	-0.0278547377	-0.0299286079	-0.0447394169	0.0131042443	0.0543763226	0.0178826984	0.0793002048	-0.0556844149	0.0604317396	-0.0112694878	0.007872989	-0.0452149149	-0.0175866086	-0.0007807305	0.0542812062	-0.0052450218	-0.0171333217	0.0110718424	-0.0497051625	-0.0211324865	0.0754344479	-0.0707106781	0.010657419	0.0577350269	-0.0809511339	0.040824829	0.0222251963289892	0.0106008412133036	0.0004939593518621	0.0001123778344296	0.0907899361722854	0.0089084847815427	0.0082428125101676	7.936110110297961e-05	-0.2161655735082348	0.0932003289014745	0.046727555170144	0.008686301307343	-0.0103429527899181	0.0003483102543426	0.0001069766724144	1.2132003328027562e-07	0.001393083426346	-0.0005670018191863	1.9406814327599117e-06	3.2149106296057373e-07	0.0003772151929834	-0.0001787797356661	1.422913018175037e-07	3.1962193884840604e-08	0.0	0.0	0.0	0.0	0.0	0.0	0.0	0.0	0.0	0.0	0.0	0.0	0.0	0.0	0.0
1917.8741569154656	-2.1337166516927937	3678241.281764208	4.5527467497111065	2268.877330895626	-2.115326390121936	5147804.34265206	4.474605736746302	2153.5661749753976	-3.1016947689890912	4637847.269998165	9.620510439974291	2151.337334270997	1434.7476703650595	0.948163	23.793386	0.1283364289491604	0.0772945355809333	-0.010007668	-0.0801543341	-0.0084327503	-0.0315914937	-0.0929621427	-0.0510666623	-0.0520627874	0.0315474632	0.0204675567	-0.007046505	-0.0045515173	-0.0970493166	0.0965160973	0.019187132	0.0346015847	0.0100573992	-0.0426715062	-0.0527743707	-0.0233299169	-0.012435964	-0.026164722	-0.0074323756	0.0601649744	0.0802209087	0.0974189746	0.0131950069	-0.0505674465	0.0678479869	0.0600206039	0.0718379889	-0.0234173661	0.0086446554	-0.0747897469	-0.0135104169	-0.0173609004	0.0047147349	0.0116393872	0.0266814239	0.0098158253	0.0224515141	0.0533824465	0.0490889844	-0.0402729882	-0.0758070892	0.0563942704	-0.1176679559	0.0328575825	-0.0049678386	-0.0730765712	0.0301118558	0.0002052078	0.0054267585	-0.0709980548	-0.1123574302	0.0253856953	0.0296209272	0.0215818139	0.0094691523	0.0573995729	-0.0138552017	-0.0668214291	-0.0031182525	-0.0550283783	-0.0479348336	0.0615080342	-0.063798222	-0.0683847085	0.0390289324	-0.0477140858	0.057544229	0.0394942695	-0.0037766006	0.0146479599	0.1257741704	-0.0310779813	-0.0295419586	0.0285047084	-0.0482976863	-0.1238218184	0.0564593855	0.0737197674	-0.0105933372	0.078042844	0.0292342886	-0.0203194502	-0.0163751996	0.0874722636	0.0292596007	-0.032674416	0.0358615163	0.0003192641	0.0812463079	0.0252333183	-0.0385052236	-0.0289864415	-0.0662782992	0.0401533081	-0.0682059212	0.0496543969	-0.0330236263	0.0953705701	0.0645416332	0.0172215545	-0.0238809081	0.1180747737	0.0007365321	0.0230863603	0.0094314511	0.0269284849	-0.0191458469	0.053138608	-0.0287070205	-0.0058286859	-0.0299127934	0.0398012927	-0.0072930026	0.0402817577	0.0235986853	-0.0425264832	0.1256312113	-0.0453339467	-8.6326e-05	0.015263727	-0.0832013629	-0.0345881413	-0.0596004015	-0.0071589993	0.0562377303	0.0093253391	0.0445652048	-0.0341076475	0.0467820403	0.0128589825	0.0134681326	-0.0313596084	-0.0103277726	0.0269088899	-0.0097978274	-0.0498127417	-0.0271877179	-0.0141770276	-0.0503807682	-0.0194761753	0.0744157659	-0.0723582192	0.0148794683	0.0539958877	-0.081514268	0.0465985677	0.027490383615941	0.0052651872869518	0.0007557211913515	2.7722197166678858e-05	0.0975300990768772	0.0067401629045917	0.0095121202259454	4.542979598043535e-05	-0.2938224915733016	-0.0776569180650668	0.0863316565543428	0.0060305969233644	-0.0101331342801962	0.0002098185097219	0.0001026804103404	4.40238070219193e-08	0.0018480864114347	0.0004550029850887	3.4154233841295872e-06	2.0702771643962775e-07	0.0004858769120238	0.0001086617190404	2.360763736377835e-07	1.1807369184814828e-08	0.0	0.0	0.0	0.0	0.0	0.0	0.0	0.0	0.0	0.0	0.0	0.0	0.0	0.0	0.0
1918.897844170056	1.0236872545904134	3682168.9363604886	1.047935595210858	2275.078922156132	6.20159126050612	5175984.102039108	38.45973416238589	2149.4246843431174	-4.141490632280238	4620026.47366351	17.151944657264966	2147.4622679896324	1438.0097361743592	0.934971	23.462341	0.092040707169982	0.0512704031229282	-0.0227297154	-0.093835792	0.0521420036	-0.0281290031	-0.0484188823	-0.019903299	-0.1136906294	0.0142539129	-0.0543575436	0.0281227435	0.0523334906	-0.1002836619	0.0910024529	0.044937956	0.1006456234	0.102733022	-0.0311413783	-0.0506130765	-0.0610500071	-0.0262497333	0.0480879668	0.0927764619	0.075532334	0.1037423716	0.0136013449	0.0115728543	-0.0441508717	0.066797924	0.0443813595	-0.0975551511	0.0024448302	-0.0325184816	0.0968879617	0.0114880797	-0.011765978	0.0702665615	0.0137851686	0.0037083913	0.0653965305	0.0520193122	-0.0059025382	0.0080943168	0.0268640987	0.0210846534	-0.0256658973	0.0132472578	0.0123762166	0.0044810319	0.0290880798	-0.0247811242	-0.0278577999	-0.0902708513	-0.0074589267	-0.0595079023	-0.0310155275	-0.0159231563	0.0799572302	0.0436533823	0.0608719263	-0.0123792316	0.0306772071	0.0007013163	-0.0492990903	-0.0792602477	-0.0094487878	0.0156542411	0.0008286102	-0.0746955643	-0.0435939326	0.0520201886	0.0658317004	0.0688760969	-0.0421972339	0.0751843337	0.0188475918	-0.1176532763	0.0421217949	-0.0622055891	-0.123963525	0.0855121748	0.0584598487	0.0208426186	-0.0386611628	-0.0122845063	0.0600310151	0.0630770414	-0.0710303039	-0.0021401001	-0.00899774	-0.0237678604	-0.0163138452	-0.017707257	-0.0857044105	0.0131439099	-0.0647770236	0.0526324944	-0.0511195345	-0.000462234	0.0215435266	-0.0181943462	0.0149867369	-0.0590103577	0.0497108864	0.0212315095	-0.0062248406	-0.0333217871	-0.0159720822	0.0129639856	-0.0306501055	0.0345933101	0.0064720763	-0.0952055652	0.0321828705	0.0412669845	0.0420183378	-0.0164295007	-0.00870853	0.0323924299	-0.0549956734	0.1271908783	-0.0488632185	0.0629098223	-0.0552910766	-0.0058434279	-0.03742388	0.0185000594	0.0078174384	0.0779827736	-0.0106450672	0.015000343	-0.0275966339	0.0873252555	-0.0008815528	-0.0360826802	-0.0149056519	0.0172011407	0.0948512647	0.0091981131	-0.0159942618	-0.0361436617	-0.0877536803	-0.0510508491	-0.0178113211	0.0733236445	-0.0738788195	0.0190607341	0.0500436514	-0.0816395852	0.0520454508	0.0304670731428728	0.0029766895269318	0.0009282425458931	8.860680539745472e-06	0.068882000846159	-0.0286480982307181	0.0047447300405702	0.0008207135322368	-0.2826223333858095	0.011200158187492	0.0798753833284396	0.0001254435434248	-0.010866235957858	-0.0007331016776617	0.0001180750838918	5.374380697905454e-07	0.0017093023585577	-0.0001387840528769	2.921714552970916e-06	1.9261013332965922e-08	0.0005983064059818	0.0001124294939579	3.579705554388585e-07	1.2640391111651954e-08	0.0	0.0	0.0	0.0	0.0	0.0	0.0	0.0	0.0	0.0	0.0	0.0	0.0	0.0	0.0
1918.4268123232807	-0.4710318467753041	3680361.434240864	0.2218710006765535	2259.9497819380326	-15.129140218099565	5107373.016881761	228.89088373891772	2149.998296350317	0.5736120071996993	4622492.674309266	0.3290307348036678	2146.453757679937	1429.439112914713	0.953827	23.935522	0.1289751705638506	0.0723675681155426	-0.0087354413	-0.0705978908	-0.0003031607	-0.028207008	-0.0042179182	0.0672730852	-0.0688238677	-0.0089564245	-0.0361220832	0.0148693663	-0.0079258733	-0.0025723713	0.0729744305	0.0792024647	0.0570074077	0.0553845519	-0.0249725454	-0.0558421753	-0.0507325318	0.017819481	0.0935483923	0.0357404282	0.0059703915	-0.0374993038	0.0396590386	-0.0171687967	-0.0243364552	0.0093102675	0.0202288342	0.0193200325	0.0063668705	0.0026773866	0.1089205558	-0.016008911	0.0309911099	-0.1170505596	0.0049535014	-0.0589200012	-0.0090678904	0.0703113016	0.0356225004	0.0643340492	-0.0148123654	-0.0176621235	-0.0322547762	-0.0155685082	0.0324985481	0.0654770682	0.0360276121	-0.0598283475	-0.0550950549	0.0170295013	-0.0720420063	0.0606463422	0.002223081	0.0002088131	0.0056403203	-0.0575376504	-0.0719245218	-0.0849699266	0.0171397354	0.0958674567	-0.0221695909	-0.0154623455	-0.0561223985	0.0510090593	0.0115877636	-0.048362911	-0.0308781939	0.0193115289	0.0811413343	0.0652018929	-0.0415499168	-0.0122257175	0.0011057782	-0.062694409	-0.0054429999	-0.0764998221	0.0244770773	0.0018042751	-0.0192083118	-0.0927721787	-0.0248386696	0.0343549534	0.0063370343	0.0048791061	0.0172546166	0.0124578857	0.1328159601	-0.0533505069	-0.0261182584	-0.0701650022	0.017497547	-0.0107163421	-0.0415656664	0.0001320849	0.0097698584	0.0658588625	-0.0579804183	0.0292025099	-0.0051716589	0.0508437602	0.0950608883	-0.0456132114	-0.0323528248	-0.0152063299	-0.0304380794	0.0579843791	0.0059460901	0.0091477403	0.0263979378	-0.0147110518	-0.0274768427	-0.045928151	0.077927164	0.0184000665	-0.0708883453	0.0211307081	-0.0291554639	0.082884521	0.0253487735	-0.0152356126	-0.1056544349	-0.059064048	-0.0281370549	0.0378448647	0.0009470255	0.029419511	-0.0248908578	-0.0070080808	0.0005793656	0.085975808	-0.0044650859	0.0149351372	0.0069640004	-0.009405715	0.0332726627	0.0274768341	0.0125842994	-0.0636593136	-0.0401363282	-0.0517153317	-0.0161386543	0.0721591615	-0.0752698111	0.0231897558	0.0458939156	-0.0813264124	0.0571272725	0.0311286274962299	0.000661554353357	0.000968991449799	4.376541624457291e-07	0.1031954322357364	0.0343134313895774	0.0106492972343204	0.0011774115737272	-0.2595627756505934	0.0230595577352161	0.0673728345034402	0.0005317432029437	-0.0097083496382689	0.0011578863195891	9.425205269887588e-05	1.340700729091592e-06	0.001796295706071	8.699334751329987e-05	3.226678263649112e-06	7.567842511569757e-09	0.0007722392805934	0.0001739328746116	5.96353506491412e-07	3.025264487065459e-08	0.0	0.0	0.0	0.0	0.0	0.0	0.0	0.0	0.0	0.0	0.0	0.0	0.0	0.0	0.0
1918.600837119825	0.1740247965442449	3681029.172196893	0.0302846298122658	2266.0224766586766	6.0726947206439945	5134857.864722323	36.877621170137445	2151.408546898849	1.4102505485320762	4628558.735669417	1.9888066096350216	2147.648321955459	1435.124797891268	0.97064	24.357409	0.1137765022505034	0.0572439597197112	-0.0115954898	-0.0391824874	-0.0353628109	-0.071356709	0.0129481317	0.0526346794	-0.0085416364	0.056970425	-0.0159606251	-0.0006513308	0.0064405896	-0.0540850929	0.059059506	0.0310600554	-0.0080352806	-0.0002130586	-0.0247574737	-0.0669381816	-0.0639694818	-0.002495443	0.0066339228	0.0229143875	-0.0228246284	0.0155000166	-0.0052734383	0.0197503777	0.0623739953	0.0629205971	-0.0230408287	0.0534893803	0.0587435597	0.0057983606	0.0331767385	-0.0969750523	0.0321916154	0.0268729075	0.0260245888	0.009294124	0.0809658461	0.0146752192	-0.0084464973	-0.0766025089	-0.0999136097	-0.0363005982	0.0135855307	0.0637384315	-0.0001893347	0.035164851	0.0394506837	0.0352367687	-0.08497662	-0.003616356	-0.0725524474	-0.0279931341	0.0564841224	0.0800378568	0.0555588159	-0.0391955931	0.0355291483	0.0073475562	0.0280516395	0.0370883289	0.0540061561	-0.0045397271	0.0124569215	0.0827704256	0.088093647	-0.044352282	-0.0300400601	0.0152324794	0.0942697889	-0.0089659684	0.0321182595	-0.0016373726	0.0141778715	-0.0493508712	-0.0216278067	-0.0323062588	-0.0289288441	0.0258845966	-0.0485593929	-0.0212620335	-0.025446825	0.0985008183	0.0551715208	-0.0274838677	-0.0803540391	0.0096823459	0.0121049181	0.0307241751	0.0617166289	-0.0153646141	-0.0297793665	0.036519803	-0.0178263154	-0.0256772815	0.1006064427	0.0095975544	0.0946951857	-0.0255774851	0.0464034856	0.0404671573	-0.0762398339	-0.0229276899	-0.0241975853	-0.0721323772	0.0226799952	0.0148840683	-0.0029198918	0.0065232172	-0.0302754854	0.0107703278	0.1269705324	0.0415710727	0.0031537515	-0.0036278526	-0.0292119197	0.0051725463	-0.0320676758	0.0877957425	-0.0084296387	-0.0201960887	0.0209928442	-0.0948855803	-0.0613351212	0.0163659454	-0.052625101	0.0070930525	-0.019321535	-0.0491040975	-0.0005791359	0.0350732573	0.0821746975	-0.0073340463	-0.0159585456	-0.0026701873	0.0243121829	0.0902213367	-0.0457559005	-0.0577260009	-0.0100338468	-0.0523741431	-0.0144589085	0.0709234662	-0.076528754	0.0272552159	0.0415630576	-0.0805764318	0.0618083875	0.0422721926042015	0.0111435651079716	0.0017869382675667	0.0001241790433156	0.1303203383806419	0.0271249061449054	0.016983390595645	0.0007357605333699	-0.2957345595424598	-0.0361717838918664	0.0874589297077727	0.0013083979499198	-0.0092360956989559	0.0004722539393129	8.530546376027168e-05	2.2302378319664625e-07	0.001724089524179	-7.220618189199995e-05	2.9724846873837703e-06	5.2137327034205825e-09	0.0005299744596832	-0.0002422648209102	2.8087292791649984e-07	5.8692243450651295e-08	0.0	0.0	0.0	0.0	0.0	0.0	0.0	0.0	0.0	0.0	0.0	0.0	0.0	0.0	0.0
1921.317014363268	2.716177243443098	3691459.0696817823	7.37761881779815	2257.60134194114	-8.42113471753646	5096763.819134437	70.91550993089788	2150.6468946756004	-0.7616522232488023	4625282.065577803	0.5801141091798434	2148.935985125336	1443.905814071166	1.206839	30.284628	0.297579944645476	0.1664710443865711	-0.0379806604	0.0416053527	0.0276657506	-0.0993745796	-0.01108771	0.0310991679	0.0278248854	0.0291558698	-0.0231176907	0.0034820117	0.0348641763	0.001072578	-0.0576084422	0.006429146	-0.0785833529	0.0491201152	-0.0236395311	-0.0344924957	-0.049835873	-0.0081678384	-0.007942019	0.0370898799	0.0464049221	0.0672555736	-0.0557383929	0.0453088162	-0.0257617505	-0.0674166749	-0.0086285509	0.0125416975	0.1229888538	-0.0287817511	-0.026024573	0.0719143023	-0.0585604455	0.0303503869	-0.0283798868	0.0396535807	-0.0644957164	-0.0937085417	-0.0979954455	-0.0432282245	0.0079232203	0.0692748371	0.0722804451	0.0610316667	-0.0712856731	-0.0755057812	-0.0323719351	-0.0432142424	-0.0008674665	0.0745478048	-0.0551024221	-0.0573999851	-0.0655632703	0.0368102565	0.0919655169	-0.0814127234	-0.1217874281	0.0256756092	0.049143919	0.0065412687	0.0089769654	0.0530103763	-0.0053570315	-0.0644480736	-0.0177489149	0.0687213362	-0.0346772806	0.0122843388	0.0488444465	-0.0050517391	0.0084455212	-0.0359144621	0.020869001	-0.0313977923	0.034812424	0.0755323988	-0.0823961321	4.09792e-05	0.0383460143	0.0934803232	-0.0733145248	0.0327093063	-0.0164792666	-0.1001235743	-0.0215834753	0.0805034883	-0.0675318883	-0.0533699004	-0.0461282561	0.0793542319	-0.0281044096	0.0895025428	-0.0171620755	-0.0908060606	0.0216948431	-0.047618603	-0.0328207802	0.0344554809	-0.0782868126	0.0084377807	-0.0826035349	0.0286880031	-0.0415981501	-0.021377387	-0.1357165964	0.0108927672	-0.0427037491	0.0530244932	-0.0254754885	0.0799101645	-0.0773002942	0.0219176952	-0.0746609004	-0.0377026462	-0.0151244322	-0.0464762261	-0.0152961375	0.0251021805	0.1148521473	0.0995994891	0.0748039551	0.0604463153	0.0564407067	0.0749300004	0.0984692597	-0.0041091732	0.0078995194	-0.0332526815	0.0454464607	0.1004219344	-0.0486060883	0.0974331611	0.0137157013	0.030598245	0.1594929982	-0.05166883	-0.010536221	0.1056543774	-0.0018960736	-0.0530272111	-0.0127728206	0.0696177779	-0.0776534394	0.0312459714	0.0370681691	-0.0793936715	0.066055961	0.059927678578262	0.0176554859740604	0.0035913266597794	0.0003117161849802	0.1331137859408926	0.0027934475602507	0.0177192800075177	7.803349271870652e-06	-0.3629085889562446	-0.0671740294137848	0.1317026439382125	0.004512350227684	-0.0067001721460204	0.0025359235529355	4.489230678630761e-05	6.430908266333011e-06	0.0008989276768132	-0.0008251618473658	8.08070968140777e-07	6.808920743481397e-07	0.0013680286933295	0.0008380542336463	1.8715025057728192e-06	7.023348985324872e-07	0.0	0.0	0.0	0.0	0.0	0.0	0.0	0.0	0.0	0.0	0.0	0.0	0.0	0.0	0.0
1917.848231606273	-3.468782756995097	3678141.839475309	12.032453815226503	2267.0089078961	9.407565954959864	5139329.388480268	88.5022971969199	2153.58446167306	2.937566997459726	4637926.033559644	8.62929986456455	2151.508746644986	1428.100843015023	1.300505	32.635101	0.3247711177884644	0.1584488352707377	-0.0481235238	0.0851699598	0.0048689274	-0.0768435158	0.0236017471	-0.015319022	0.0787696038	-0.0539544548	0.1029413353	0.0964783865	0.0917580919	0.0788492341	-0.1996320806	0.0050633432	-0.0533410385	0.3581414189	-0.0345091177	-0.0532249865	-0.0554972952	0.0838232519	0.0390530259	0.0040790429	-0.0898836562	-0.005605531	-0.075080341	-0.0879070995	-0.0211669054	-0.1126511448	0.0609100225	0.0288523132	0.0289167132	0.0251016079	-0.1057536057	0.1194104193	0.038945209	-0.0641359033	0.016630757	0.063674632	0.0035012074	-0.1519429943	-0.0301605153	-0.0379779902	-0.0341983225	-0.0073117005	0.0211456808	0.0361305519	0.0229760616	-0.1208247377	0.07253458	0.002556458	0.0503805052	0.0641977943	0.0082807734	0.0865119269	-0.004183555	0.030360567	0.0559070962	-0.0258383503	0.097185207	0.0308348444	0.0458536388	0.0088110251	-0.0237271542	0.0310407249	0.036182432	-0.0074246675	0.009747437	0.0421413849	-0.0465111091	0.0102313301	0.0733723517	0.0292997402	-0.0096136866	-0.1158798366	-0.0479604854	0.0077941023	-0.0441809087	0.0725523972	0.0227970874	0.0522838542	-0.0219943427	0.0904277425	-0.0116504645	-0.0866670983	0.015581506	-0.0637557363	0.0977440391	0.1138736618	-0.0704427791	-0.0033304983	-0.1091407186	0.0810960636	0.0265626457	0.0977204181	0.1263602533	-0.0613393428	0.0192831657	-0.1411191613	-0.0656542717	0.0108659389	0.118251455	-0.0968348232	-0.1192293427	0.0532302493	0.0385718568	0.043677155	-0.0349309283	0.0506442795	-0.0393265326	0.002628488	0.0493028269	-0.0016449506	0.0917910074	0.0942349634	-0.0204285962	0.0958240372	-0.059413284	-0.0826731223	-0.0033779625	-0.0504387305	0.2531927901	0.0578924237	0.0336380549	0.0918205654	0.1483940484	0.1420240029	0.2156772847	-0.0112573988	0.0446350734	0.0968948052	0.0436188893	0.1994504371	-0.2500107952	0.246241911	0.0783339318	0.0725859633	0.2689164429	-0.2120742632	-0.069746118	0.1066128628	0.1181237911	-0.0536744641	-0.0110811301	0.0682433853	-0.0786418943	0.0351510839	0.0324269895	-0.0777844842	0.0698401994	0.0919702382905711	0.0320425597123091	0.0084585247312244	0.0010267256329168	0.170019203759395	0.0369054178185024	0.0289065296469786	0.0013620098643582	-0.3340299128649917	0.0288786760912529	0.1115759826885939	0.0008339779327835	-0.0040791628290138	0.0026210093170065	1.663956938560787e-05	6.869689839835401e-06	-0.0003431701222729	-0.0012420977990861	1.1776573282079713e-07	1.5428069424945337e-06	0.0020438108605648	0.0006757821672353	4.177162833762628e-06	4.566815375532391e-07	0.0	0.0	0.0	0.0	0.0	0.0	0.0	0.0	0.0	0.0	0.0	0.0	0.0	0.0	0.0
1921.53053617612	3.68230456984702	3692279.601457287	13.559366945116244	2276.9244611335525	9.915553237452514	5184385.001708319	98.31819600475502	2149.795000169455	-3.789461503605253	4621618.542753587	14.360018487306183	2147.9256765817445	1440.212987561407	1.424593	35.748997	0.1412327235874576	0.0661715602835876	-0.0170170356	0.0905121476	-0.082192388	-0.0707172357	-0.0540244872	-0.0384428106	0.0961337708	0.0871372332	0.0438590446	-0.007619101	-0.0038760668	0.0541012278	-0.0415548727	0.046237269	0.0333991349	-0.0113496585	-0.0109179177	-0.0329901701	-0.0816387056	0.0047080275	-0.1236441853	0.073024661	-0.0451478594	-0.0815159914	-0.1057827785	0.0186289441	0.0353666216	-0.0559598893	0.0242587285	0.0388007818	-0.0149522162	-0.0041138972	-0.0081844313	0.0768961918	-0.0868597595	0.0539850469	-0.0448546129	0.0192176817	-0.035617988	-0.0119375805	-0.1314648598	-0.0634914473	0.0354662649	0.0311231666	-0.0523829268	-0.1284796488	-0.0063522607	0.0757111397	0.0043774916	0.0877416062	0.003902789	-0.0065031573	-0.0113782572	-0.0124655887	-0.0307167269	0.0016736663	-0.0389184743	-0.1114551063	0.0507682921	0.1098507776	-0.0343023178	-0.0218015375	-0.0870408306	0.0977365477	-0.00200997	-0.066350485	0.0728191252	0.0618141559	-0.0173423412	-0.023801585	0.0773670065	-0.1310914792	-0.010875047	-0.0741288349	-0.0131129177	-0.0035590562	0.0391494827	0.0454693185	0.0438223676	-0.0141764978	0.0014806728	0.0934765265	-0.0038377839	-0.0253052354	0.1224693118	-0.0196629402	0.0142899295	-0.0044339345	-0.0605790247	0.0178783815	-0.0229741754	0.1117242896	0.0006091379	-0.0162582601	-0.0208026978	0.0334558717	-0.1033472362	0.0240053662	-0.0465672859	-0.0248662849	-0.0358519466	-0.0402633066	-0.0603589926	-0.0828928176	0.1258287233	-0.1007995478	0.0036772188	0.1171554033	-0.0076112416	-0.0247266872	-0.0029555805	0.0471382277	-0.0354719241	-0.008907014	-0.0169470336	0.0335582463	0.003328887	-0.0682131735	0.0060486762	-0.0339829496	0.172726383	-0.0361852095	0.0852196133	-0.0207581132	0.0665002972	0.0157096832	0.102413875	-0.0713485866	0.0226124168	0.0677249691	0.0457008828	0.0364736886	-0.0142824843	0.0699659719	0.0098887834	0.0065834952	-0.0425354989	0.0508192054	-0.1300028548	-0.059818445	-0.1413747373	-0.054315831	-0.009384579	0.0668016447	-0.0794923845	0.0389598496	0.0276578354	-0.0757575129	0.073134559	0.070731395278841	-0.0212388430117301	0.0050029302780916	0.0004510884524769	0.1403505090930821	-0.0296686946663128	0.0196982654026873	0.0008802314432029	-0.329037989668052	0.0049919231969396	0.108265998644793	2.491929720414464e-05	-0.0050289448721104	-0.0009497820430965	2.529028652672549e-05	9.020859293887512e-07	-0.0001018439598812	0.0002413261623916	1.0372192164283476e-08	5.823831665470515e-08	0.0015282538118036	-0.0005155570487612	2.3355597132922336e-06	2.657990705273584e-07	0.0	0.0	0.0	0.0	0.0	0.0	0.0	0.0	0.0	0.0	0.0	0.0	0.0	0.0	0.0
1922.1408414580285	0.6103052819084951	3694625.414400978	0.3724725371254077	2272.870364564838	-4.054096568714613	5165939.694117099	16.435698988463596	2157.3010327650527	7.506032595597844	4653947.745969163	56.34052532617731	2154.1574877213134	1436.9900405191752	1.043857	26.194735	0.19428191634375	0.0975673324249866	-0.0136659438	0.0337569124	-0.0346039837	-0.0117836739	-0.0739494396	-0.0660075194	0.052968581	0.0235660166	0.049959083	0.014391392	0.0065427337	-0.0047909649	0.0356196764	0.0098492182	-0.0398561465	-0.0876516849	-0.0446304057	-0.0225184335	0.0305816365	-0.0255572875	-0.0685863153	-0.0383216306	-0.0032581619	0.0322112862	-0.0215275234	-0.0153404897	-0.0107824175	-0.0329208877	0.015392678	0.0364891452	0.0127215352	0.0224371601	-0.0011585304	-0.0088747155	-0.0705502871	0.0790540779	0.0109036304	-0.0177682176	-0.0897530915	-0.0348824679	-0.0611370561	-0.0691748802	0.0502615767	0.1038133051	-0.0349857998	-0.1526118177	-0.0475550919	0.0295891208	-0.0374700684	0.0502525991	-0.045659228	-0.0051818423	0.0127617911	0.063422183	-0.1477246105	0.0009604187	-0.0569680526	-0.0129263255	-0.0540579601	0.0155298153	-0.019759243	-0.0436189639	0.0237713753	0.0074056691	0.0081472323	0.0654354382	-0.0787785847	0.0097217722	-0.0446451022	0.0280255295	-0.0122466345	-0.0618304757	0.036992343	0.0029697011	0.0292970848	0.0426012421	0.0280872801	0.030310691	-0.0267857042	-0.0032122727	-0.0143886062	-0.0210513791	0.045472988	-0.0308721702	0.0078297846	0.0138051872	-0.0213561516	0.0083166262	-0.0574752218	-0.0297026647	0.0261400533	0.1084955342	0.0374656637	-0.0877057317	-0.0230876963	-0.0088531779	-0.0292371032	-0.0359944281	-0.0357745806	-0.037039389	-0.1441377499	-0.0675193407	-0.066524814	-0.082298458	-0.0392657741	0.0544981309	-0.0339961511	0.0793602316	0.08426379	0.0005710931	-0.0684068173	0.0779454844	-0.0023591694	0.0052400831	0.0055127256	-0.0661641851	0.0769671222	-0.0459986396	-0.0012409962	0.0049012264	0.0367044177	0.0090910129	0.1095072482	0.0050018688	0.0138531485	-0.0538576187	0.0333265156	-0.0609664853	0.0314557122	0.0157934769	0.0281489504	-3.283e-06	0.0449461623	0.0259978751	-0.0151353858	0.0059527854	-0.0560782828	0.0695034217	-0.0772529273	0.0221740677	-0.1119467667	-0.0549512416	-0.0076839116	0.0652939789	-0.0802034182	0.0426618292	0.0227795284	-0.0733236445	0.0759159322	0.0536189842925551	-0.0171124109862858	0.0028749954765652	0.0002928346097635	0.1316707198992901	-0.008679789193792	0.0173371784787973	7.533874044866843e-05	-0.3489426478307891	-0.0199046581627371	0.1217609714751621	0.0003961954165754	-0.0064681492024642	-0.0014392043303538	4.183695410533827e-05	2.0713091045091307e-06	0.0010483054768446	0.0011501494367258	1.0989443727823844e-06	1.3228437268006751e-06	0.0011459064188645	-0.0003823473929391	1.3131015207948631e-06	1.4618952888732657e-07	0.0	0.0	0.0	0.0	0.0	0.0	0.0	0.0	0.0	0.0	0.0	0.0	0.0	0.0	0.0
1924.764003173628	2.623161715599508	3704716.4679129696	6.880977386186955	2272.8506767966533	-0.0196877681846672	5165850.199015005	0.0003876082160931	2159.651529895616	2.350497130563326	4664094.730580475	5.52483676078643	2156.364254485636	1433.8198258973075	1.010438	25.356112	0.1103376108964164	0.0482208405331544	-0.0255565991	0.0457275782	0.0189117964	0.0479434726	-0.0764656861	-0.0676889804	0.0304850361	0.0440741011	0.0087568047	0.0042539016	0.0029565557	0.0646998461	-0.0036897152	0.0371605549	-0.0372306221	-0.1153467635	-0.0465392209	-0.0045786114	0.0355020079	0.055725637	-0.0520795846	-0.1434060453	0.0255024943	0.0524752215	-0.0134146499	0.0458884015	-0.0619825425	-0.0170533567	-0.0839253086	0.0271104017	0.0535739481	-0.0919386136	0.0348338716	0.1016816321	0.0672202335	-0.0260418754	0.0343643373	-0.0314376162	0.0178204317	-0.0555753142	0.0834744462	-0.0533253686	-0.0271469497	0.0360390963	0.0726567656	-0.0972871482	0.0723724131	-0.0397887472	-0.0021304447	-0.0133708444	0.0046075537	-0.0133013495	0.0999545314	-0.000286473	0.0629467999	0.0040977438	-0.0580666671	0.0633648786	0.0215843026	-0.0614999219	0.0812397808	0.0089491308	-0.034733481	0.0758054687	0.0062014416	0.1209840623	0.0155311108	0.1380981901	-0.0443594304	-0.0107318505	-0.012836638	-0.0535059633	0.0278581258	-0.0180902049	-0.0283465458	0.1537919037	0.0121112859	0.1012503513	-0.069021898	-0.0755930534	0.0476332557	-0.1032527246	-0.0463722327	-0.0042250098	-0.0544148644	0.0550181309	0.0609241085	0.041405576	0.0143919981	-0.090196352	-0.097787367	-0.0310848915	-0.042635418	-0.0787843111	-0.0266898956	0.0499399123	0.0572364824	-0.153173235	-0.0049244471	-0.0544541057	-0.0004649709	-0.0843973028	0.0525320704	-0.0217098895	0.0783139527	-0.009570403	0.0360286367	-0.1018082541	-0.0139362477	0.0005371103	-0.0153337247	0.0031555743	0.0394455344	0.1129094652	-0.0661565078	-0.0647799213	0.0176744039	-0.0338063709	0.0249956989	-0.0112312228	0.0510240137	0.1107835874	0.0083330667	0.037629716	-0.0009224661	-0.093552166	-0.0311869117	-0.0901681824	0.0826370358	-0.0077152733	0.0202948689	-0.0665882439	0.0611414371	-0.0822388121	0.0334986483	-0.024448167	-0.04139418	0.1275360486	0.0057608972	0.0650163932	-0.1915785374	-0.0555806262	-0.0059798738	0.0637218759	-0.0807737477	0.0462468756	0.0178113211	-0.0704959515	0.0781648097	0.0371729169171572	-0.0164460673753979	0.0013818257521298	0.0002704731321161	0.1227567307490886	-0.0089139891502015	0.0150692149442042	7.945920256991008e-05	-0.3669031580273412	-0.017960510196552	0.1346179273704361	0.0003225799265204	-0.0071867023071265	-0.0007185531046622	5.164869005125736e-05	5.163185642198301e-07	0.0014197998846721	0.0003714944078274	2.015831712514908e-06	1.3800809504710477e-07	0.000895613047869	-0.0002502933709955	8.021227315131996e-07	6.264677156429105e-08	0.0	0.0	0.0	0.0	0.0	0.0	0.0	0.0	0.0	0.0	0.0	0.0	0.0	0.0	0.0
1925.027061686582	0.2630585129541032	3705729.188225676	0.069199781237624	2272.2850912845497	-0.5655855121035529	5163279.536074034	0.3198869715014382	2163.2507823169385	3.5992524213224897	4679653.947194846	12.954617992395804	2160.33272438929	1443.9866503706455	1.060049	26.601068	0.1333978548089609	0.0648850998384732	-0.0043715731	0.0573077676	-0.0749731091	-0.0163779883	-0.0740982987	-0.023994529	0.071405585	0.0664199942	0.0267192823	0.019822009	-0.0933077649	0.0092636066	-0.0186941889	0.000160952	-0.0818346957	-0.1675293868	-0.0669017547	-0.0034899291	0.0538624466	0.053747592	-0.08653333	-0.1292868212	-0.0829092433	0.0355470377	-0.1026848738	0.0207223725	-0.0059659225	0.0580934587	-0.0871794559	0.0149510361	-0.0967302797	-0.104146458	-0.0155677501	0.0756342501	-0.0938139926	-0.022406597	0.0157234561	-0.0169376715	-0.1297845418	-0.0406798961	0.0451157832	-0.0214039972	-0.0108092864	-0.0166069318	0.0048869807	-0.0380924409	0.0912034783	0.0615020508	-0.0432048152	-0.0330701805	0.1175279065	-0.0697200652	-0.051156452	-0.0360358966	-0.0226366074	-0.0214214692	-0.0115568434	-0.03578464	-0.0594192448	-0.0445399881	0.008603345	-0.020263688	0.0162773725	-0.0528161226	-0.1057980527	0.000530742	0.0189382399	0.0313532017	-0.061912707	-0.0040211485	-0.022722201	-0.0898378463	0.0942301157	-0.0265180199	-0.0488528158	0.1373333651	-0.0653217028	0.0941605148	-0.0697553475	-0.0133253125	-0.0330230009	-0.0862194826	-0.114011913	0.0074024015	0.0076511833	0.0132495721	0.018414436	-0.128979077	-0.0394591607	-0.0779512081	-0.0904009648	0.0919151746	0.0860725138	-0.0955389887	0.0739943749	0.0232362249	-0.0210553508	-0.0519444843	-0.0735610966	-0.1062033412	0.0346649971	-0.0202531758	0.1286415934	-0.0242586698	-0.0147572732	-0.033480766	-0.0809826632	-0.0246318195	0.0107787574	-0.0345320919	-0.0075702566	-0.0764887194	-0.0910064012	-0.03157571	0.0561077428	0.0176931858	-0.0376563097	-0.0498192404	0.0501157627	-0.0373230212	0.1521692271	0.0587156856	0.0193617883	-0.0557159035	0.0077361393	-0.0775010119	-0.0237809522	-0.078073946	0.04022866	0.0100850047	0.0155655242	-0.0981337082	0.0355555921	-0.0662404484	-0.0565473989	-0.0257022498	-0.0125019951	0.0910211089	-0.0330171453	0.0386193325	0.0160620921	-0.0562039158	-0.0042732129	0.0620868871	-0.0812023727	0.0497051625	0.0127728206	-0.0672896215	0.0798654172	0.017577813078617	-0.0195951038385401	0.0003089795126267	0.0003839680944431	0.1527090768145171	0.0299523460654284	0.023320062141542	0.0008971430348231	-0.3605820423351389	0.0063211156922022	0.1300194092545799	3.995650359420596e-05	-0.0063218606748235	0.0008648416323029	3.996592239187984e-05	7.47951048964517e-07	0.0009970107095091	-0.000422789175163	9.940303548758388e-07	1.7875068663500994e-07	0.0006326580710792	-0.0002629549767898	4.0025623490165403e-07	6.914531981852426e-08	0.0	0.0	0.0	0.0	0.0	0.0	0.0	0.0	0.0	0.0	0.0	0.0	0.0	0.0	0.0
1926.9129320076308	1.885870321048742	3712993.447538245	3.556506867812485	2260.1900204745207	-12.095070810029029	5108458.928652614	146.29073789961626	2160.3119376606683	-2.9388446562702484	4666947.667999191	8.636807913688195	2155.199307551674	1466.790338511705	1.101689	27.645992	0.1750099432541367	0.0966521034343052	-0.0132993543	0.0618699444	-0.0431513573	-0.0817156875	-0.0131372678	0.0469143484	0.038659286	0.0739379262	-0.0287402098	-0.0189879342	0.0209184513	0.0008021713	-0.0212746601	0.0048998567	-0.2044210596	-0.0776847786	-0.0485369605	0.0135350711	0.0926611554	0.0074671867	-0.026273379	-0.0280983575	-0.0453161365	0.0755588811	-0.0404634211	-0.0324409835	0.1291628575	-0.1456428435	-0.1198683429	0.0024599448	0.0048471	0.0299928286	-0.060950285	0.0093659334	0.0712540305	0.0294870648	-0.0423880822	-0.0773029425	0.0395293012	0.0296970583	-0.0385338444	0.0138821241	-0.04563897	-0.0553902217	0.054812449	0.0608693985	-0.1094397531	-0.0071048879	0.027229704	0.1100937393	-0.0393476211	-0.0097387197	0.0621961528	0.0033215271	-0.0902555486	0.0470665271	0.0108797203	-0.020828846	0.0059666085	-0.0374165248	0.0627383903	0.0523013675	-0.0198584589	0.065756818	-0.0919351476	-0.060362191	-0.0967275622	-0.0195862751	-0.0394223331	0.018071088	-0.0675890974	0.0118057776	0.1309721145	-0.0200672492	0.0248604892	0.0455137312	0.0051233623	0.0784024184	0.0959195052	-0.0120488749	-0.0869059363	0.1315554646	-0.0286679271	0.0323858599	-0.0564217021	0.1042694643	0.0011493361	0.0096409519	-0.0509487911	-0.0068402653	0.0186513475	-0.0420054045	-0.0179313086	-0.0903748081	0.016073305	-0.0954458271	0.0332950051	-0.001969509	0.1125673179	-0.0032206543	-0.0556118533	0.0072653212	-0.1093618165	0.0657374865	-0.0571074685	0.0084850016	0.0395035133	0.0187776141	0.0719401958	0.0092442628	-0.117684823	0.0176920008	-0.009994666	0.0910630291	0.0173679557	-0.0474163759	-0.0880798499	-0.0597670795	0.0251723173	-0.0286749981	0.0859266839	0.1253547047	0.1156361373	0.0088240819	0.0063401838	0.0019175261	-0.023031035	-0.0200269453	0.0009522914	-0.0052586235	0.0014936859	-0.1037496242	0.1158032835	-0.1059268445	0.0007154412	-0.0201515419	-0.082083973	0.1077714138	-0.059884067	0.0179614183	0.0251484315	-0.0568210419	-0.0025646777	0.060390626	-0.0814885411	0.0530272111	0.0076839116	-0.0637218759	0.0810058262	0.0198647771626383	0.0022869640840212	0.0003946093717212	5.2302047216033805e-06	0.114008330740333	-0.0387007460741841	0.0129978994781971	0.0014977477466984	-0.4166010196644052	-0.0560189773292663	0.1735564095854221	0.0031381258210168	-0.0064781427847007	-0.0001562821098772	4.196633393896974e-05	2.4424097867669213e-08	0.0001621114109378	-0.0008348992985712	2.6280109556244266e-08	6.970568387548485e-07	0.001201541777964	0.0005688837068848	1.4437026441928905e-06	3.236286719589912e-07	0.0	0.0	0.0	0.0	0.0	0.0	0.0	0.0	0.0	0.0	0.0	0.0	0.0	0.0	0.0
1924.631671186885	-2.281260820745956	3704207.0697356216	5.2041509322705135	2256.9540661898527	-3.2359542846679688	5093841.65689091	10.471400132460984	2157.7014036203104	-2.610534040357834	4655675.347185058	6.814887975866997	2153.0744669212486	1445.7041629918117	1.150817	28.878822	0.0979857796433784	0.0750626232816618	-0.0059503833	0.0680658762	0.0080584242	-0.0072540828	0.0269540504	0.0804754092	-0.0062627518	0.0480006299	-0.0411409665	-0.0686085121	0.0503593695	0.0033219434	-0.1128820304	0.0478461064	-0.1121269061	-0.0729653402	-0.0350150418	0.0178509758	0.025153006	0.0570109577	0.0406624456	0.0276779263	-0.0527924224	0.0362092449	-0.0109933857	-0.0095111568	-0.0006772467	-0.0557228755	-0.0712648476	-0.0082771156	-0.0144864884	0.0106464457	-0.0060917324	0.0870760375	-0.0553079144	-0.0358999437	-0.0304282396	-0.0012090351	-0.0315358201	-0.0223569641	0.0429399537	-0.103415732	0.0367688958	0.0210369521	-0.0305832036	-0.0023587358	-0.0050550685	0.0018471949	0.001523508	0.0487464497	-0.0260607557	-0.0250620473	0.0168181248	-0.0471905627	-0.0451315424	-0.0173478647	-0.0126407827	0.0956082779	0.0052868048	-0.0808104568	0.0145431779	0.0847246646	0.0094077144	0.09275077	0.0183636458	-0.0202834928	-0.0087040861	-0.1284246651	-0.0314097994	-0.023639893	-0.0212531053	0.0558831481	0.0514843448	-0.0795470982	-0.0171986629	-0.0125663828	-0.0419858217	0.0317669064	0.0547853261	-0.0017447333	0.0224259781	0.0419446966	-0.0534992966	0.0130595551	-0.0370863421	-0.0014005882	0.0094084733	-0.0116705966	-0.0426889673	-0.0440057586	-0.0235638324	-0.0138127261	0.0412925398	-0.0162820539	0.0291621446	0.0680862291	0.0575543521	0.0195403057	-0.0408470493	-0.0558720261	-0.063632731	-0.0308838974	0.0415050657	-0.0448965585	-0.0603341316	0.0018923309	-0.0152163626	0.006229244	0.0184563787	0.0652254858	-0.0942390416	-0.009786848	-0.0510722364	0.0155232571	0.050127476	0.0170414498	0.0680614857	-0.0538862416	0.0409394214	-0.0625639164	0.1344189245	0.0866350899	-0.0678026023	0.0703550623	0.0188726658	0.0460796845	0.0038305225	0.0468821489	-0.0298279551	0.0128537392	0.0191645324	-0.0331051212	0.0322943975	-0.0702378385	-0.0300939397	-0.0271648224	-0.1248836239	0.0593204388	0.0585376061	-0.0382082089	-0.0120349105	-0.057431937	-0.0008550176	0.0586347667	-0.081631751	0.0562039158	0.0025646777	-0.0598118772	0.0815780375	0.0194422150203052	-0.000422562142333	0.0003779997248957	1.785587641331374e-07	0.1195490854866534	0.0055407547463204	0.0142919838406951	3.0699963158872074e-05	-0.3444740919557603	0.0721269277086449	0.1186624000287455	0.005202293700688	-0.0064311111738552	4.703161084550038e-05	4.135919093048521e-05	2.211972418722589e-09	0.0001587556379347	-3.355773003100004e-06	2.5203352576053562e-08	1.1261212448334818e-11	0.000854018460891	-0.000347523317073	7.293475315426324e-07	1.2077245590942097e-07	0.0	0.0	0.0	0.0	0.0	0.0	0.0	0.0	0.0	0.0	0.0	0.0	0.0	0.0	0.0
1916.5205875365184	-8.111083650366481	3673051.1624513217	65.78967798324244	2262.8173085992985	5.863242409445775	5120342.172096573	34.37761155192349	2154.891946434668	-2.809457185642259	4643559.300808993	7.893049677956922	2149.634309908629	1431.6424857318543	1.115021	27.980553	0.1267280124005473	0.0584672573102681	-0.0028123713	0.120187028	-0.1298457893	-0.040409478	-0.0102183681	0.0921081887	0.0314780456	0.1074742516	0.0472596475	-0.12244829	-0.0628345006	-0.0383653829	-0.0577814517	0.0142267149	-0.0658975083	-0.0508168969	-0.0229715896	0.0085043692	-0.0240856863	-0.0001895191	-0.0506145439	-0.0286653081	-0.094282788	0.0431966969	0.0330596368	-0.0604383714	0.0878201697	-0.0946929575	-0.0474187389	0.008653776	0.0312895899	-0.1448182355	-0.0806175699	0.0745508962	0.0532548254	0.074507597	0.0662668568	-0.0439879301	0.0393226638	0.0376425153	0.0258521578	0.0137636013	0.044767799	0.025170281	0.0599460403	0.1100931737	0.0020297329	0.0222921249	0.0748816487	0.0190090952	-0.0253547169	0.0181023308	0.0308493127	-0.0456858719	0.0034729173	-0.0054977621	-0.0286640399	-0.0123362901	-0.0012738704	-0.0753889096	-0.0620311834	-0.0164650235	0.0537255585	-0.0262303963	0.077462071	0.0378302596	0.0194132704	-0.0959684582	-0.0193809686	-0.0724473902	0.0372870404	-0.0415406209	0.1145095591	0.0025763191	-0.0036160905	0.0096249964	-0.0514003019	0.0367381813	0.11024432	-0.0330175688	-0.0091458342	0.0146752003	-0.0667721806	-0.0377430123	0.0255728483	-0.0157076382	0.0813156013	0.0068026125	-0.1116671528	-0.0470554226	0.0095083448	-0.0023101633	-0.0230930095	-0.0569893632	-0.0477562211	-0.0080294442	0.0259856351	-0.0096174789	0.1431308237	0.0560904074	0.0179604853	0.0443135686	0.0135285453	0.0405548488	-0.1379729009	0.0292683072	0.0250062147	-0.0607315554	-0.0092112073	0.0318139108	-0.0503645397	-0.0924554897	0.0587040302	-0.0562759994	0.0151316739	-0.0450563861	0.0361426581	-0.0676090435	0.0289346734	-0.0751449599	0.1191298527	-0.0206211178	0.0906789256	-0.038210922	-0.0029528721	-0.0126035474	-0.0466179447	0.0595356782	-0.0110164676	-0.0026150086	0.0193178262	-0.0554487402	0.1293816751	-0.0655491776	-0.062883577	-0.0473316584	-0.1979965858	0.1075499902	0.0249637784	-0.0943978361	0.0179391054	-0.058036534	0.0008550176	0.0568210419	-0.081631751	0.0592265694	-0.0025646777	-0.0555806262	0.0815780375	0.0200239728215194	0.0005817578012141	0.0004009594875569	3.384421392735782e-07	0.1369673952851684	0.017418309798515	0.0187600673712035	0.000303397516237	-0.3687126890060384	-0.024238597050278	0.1359490470340635	0.0005875095869657	-0.0055719122301188	0.0008591989437364	3.104620590014746e-05	7.382228249177456e-07	0.0006251105654844	0.0004663549275497	3.907632190802263e-07	2.1748691844988597e-07	0.0012182515446157	0.0003642330837247	1.4841368259585389e-06	1.3266573927960437e-07	0.0	0.0	0.0	0.0	0.0	0.0	0.0	0.0	0.0	0.0	0.0	0.0	0.0	0.0	0.0
1919.7993312469707	3.278743710452318	3685629.472256316	10.750160318830632	2263.2553586092863	0.438050009987819	5122324.81827365	0.1918878112503284	2149.6322153282654	-5.259731106402796	4620918.661177106	27.664771311661184	2146.05632988312	1427.7526625165465	1.056752	26.518341	0.0972391363850382	0.0473463380772903	-0.0124660342	0.1032698903	-0.0153706915	-0.0154170703	0.020098692	0.0532592846	0.0044531381	0.031302406	0.0030157237	-0.0830177914	0.0464417681	-0.020372372	-0.1277829588	-0.0033403606	-0.0947863852	0.007810531	0.0099180104	0.0030816245	-0.0211275797	0.0204734895	0.0071929807	0.0947026563	0.0010685878	0.0714689645	-0.024062464	-0.0536767456	0.0513028612	-0.0442572822	0.0220788374	-0.0747640902	0.1120860188	-0.0513642154	0.008720964	0.0464803544	0.0319054131	0.0044045195	-0.0625055318	0.0121879813	-0.1060791264	-0.0439794783	0.0081244918	0.0163409237	0.0220642234	-0.0328291988	-0.0816246376	0.0626248913	-0.0798468676	0.0033316912	0.0455929931	-0.0306353336	0.0634352398	0.0598335929	0.0431532997	0.0625533988	-0.0240597117	0.0761605667	0.092878071	0.0144653363	-0.0322848241	-0.0344062653	-0.0515087841	0.011588657	0.0717641668	-0.0455778801	0.0097261817	-0.0173248495	0.0194257207	0.0128905391	0.009430213	-0.0389156423	0.0114042321	0.0351655148	0.0364755007	-0.0055213394	-0.0039354043	-0.0952465142	0.0245259659	0.0827552556	0.070819904	-0.0188831698	0.0402658885	0.0218439523	-0.0712559821	-0.0973533343	0.0363049549	-0.0264454633	-0.0546151176	0.0324585692	-0.0418038636	-0.0430911691	-0.0858757153	-0.02641627	-0.058806802	-0.04462195	0.0781774246	-0.012919806	-0.007286597	0.0122922851	-0.0516950853	0.0087971596	-0.052842801	-0.0036033043	0.0004675747	0.0763007059	-0.0647374148	0.0343087157	0.0435910169	0.0665279989	-0.0503202198	0.124205325	0.0752933202	-0.035466894	0.0048621529	-0.0420663209	-0.0397371669	0.0473489167	-0.0517682405	-0.0730754326	0.0242156552	-0.0850241656	0.1281347883	0.1024886446	0.0702371368	0.084082177	0.0500603899	0.0548565212	0.082730678	0.0984946494	-0.0360517596	0.0390411184	0.0644903009	0.0708889936	0.0064328123	0.0602016506	0.0410883333	0.023763929	-0.0520148369	-0.0555981094	0.1035202415	0.0078169686	-0.0146680027	-0.0586347667	0.0025646777	0.0549512416	-0.0814885411	0.0620868871	-0.0076839116	-0.0510508491	0.0810058262	0.0265403868533127	0.0065164140317933	0.0007043921343234	4.246365183375264e-05	0.1135610604642494	-0.023406334820919	0.0128961144537649	0.0005478565097489	-0.3917601209513393	-0.0230474319453009	0.1534759923678079	0.0005311841192732	-0.0060902815559083	-0.0005183693257894	3.709152943023682e-05	2.687067579194607e-07	0.0003639708633469	-0.0002611397021374	1.3247478936548778e-07	6.81939440324622e-08	0.0013241216284292	0.0001058700838135	1.7532980868739966e-06	1.1208474646677532e-08	0.0	0.0	0.0	0.0	0.0	0.0	0.0	0.0	0.0	0.0	0.0	0.0	0.0	0.0	0.0
1914.793253022249	-5.006078224721705	3666433.2018195274	25.060819192032817	2257.111269864169	-6.144088745117188	5094551.284547842	37.749826507875696	2144.7584680395444	-4.873747288721006	4599988.886227333	23.75341263431536	2140.425055417875	1409.2089084885183	1.040404	26.108078	0.1452733845037936	0.0793496604595557	-0.0080058823	0.1529281211	-0.09829731	0.0102475186	0.0349766877	0.0574798208	0.0536914204	0.0369011071	0.0906197445	-0.118988475	0.0382259879	0.0455805209	-0.1659643213	0.0404272149	-0.020794633	0.0914178231	0.0372778072	0.0530152645	-0.0997824326	-0.0169220796	-0.017773164	0.1947191795	-0.1189031144	-0.0233219404	-0.0010786251	-0.0045037706	0.1100432706	-0.0844232546	-0.1120201811	-0.0284394536	0.0453422218	0.1547995871	-0.1039053702	-0.0086661204	0.1027224438	0.0196304428	0.0006308121	-0.0347454524	-0.0400127396	-0.0533199566	0.0027566363	-0.1012162147	0.0853336556	-0.0163052175	-0.0744176499	-0.0534625943	-0.0527460806	-0.0304606256	-0.1156365886	-0.0200323394	-0.017073475	-0.0073800837	0.1746626221	0.0803068581	0.0706809711	0.027230782	-0.0693993224	0.0800862604	-0.0034264709	-0.1403585508	-0.0564477209	-0.0948146566	-0.0174900054	-0.1375340284	-0.1062280139	-0.0298239416	0.0141079778	-0.0570245251	0.0366354325	-0.1164862178	0.0529426001	-0.0510626566	0.0030645955	-0.0505236917	-0.0109639134	-0.1453565165	-0.0323157453	0.0518793399	0.2167479423	-0.0660197569	0.0109452052	0.1034143569	-0.0515559622	0.0004349834	0.0103046133	0.049737506	-0.0005029078	0.0586009271	0.0189174211	0.0744162489	0.033963215	0.0288854638	-0.018015689	0.0665162002	0.1155476263	-0.0256101457	0.097818151	-0.0090420627	0.0009241066	-0.0361136676	-0.1719219483	-0.1096725109	0.0915593378	0.0269411143	0.1266801847	0.1130546886	0.0845337845	0.0248589923	-0.0304432129	0.0581954421	0.0595576527	-0.1755733067	-0.1193744335	-0.0401255898	-0.0181584911	-0.1198105157	-0.0498540362	-0.0894254725	0.0361926232	-0.1410421612	0.2230908931	-0.0172254192	0.0260235705	0.0254884766	0.0861640317	0.0666233078	0.1090201116	0.0783059433	-0.0374888477	0.0465810784	0.0737441157	0.1213633571	-0.0632339433	0.1804916426	0.1085059577	0.0410614618	-0.0125309391	-0.1349147878	0.0592752747	-0.0485620906	0.0739230523	-0.0592265694	0.0042732129	0.0530272111	-0.0812023727	0.064777029	-0.0127728206	-0.0462468756	0.0798654172	0.0331012281721285	0.0065608413188158	0.0010956913065033	4.304463881068067e-05	0.1300499182029852	0.0164888577387358	0.0169129812246031	0.0002718824295282	-0.3447512647782673	0.0470088561730719	0.1188534345662149	0.0022098325587005	-0.0049079420032225	0.0011823395526858	2.4087894706995684e-05	1.3979268178452575e-06	0.0006050560058568	0.0002410851425099	3.6609277022338404e-07	5.8122045939018807e-08	0.0014049935186969	8.087189026769999e-05	1.974006787580297e-06	6.540262635470909e-09	0.0	0.0	0.0	0.0	0.0	0.0	0.0	0.0	0.0	0.0	0.0	0.0	0.0	0.0	0.0
1920.0531087214367	5.25985569918771	3686603.9403108535	27.66608197627744	2262.431996894605	5.320727030436046	5118598.540572511	28.310136132412783	2155.070933050239	10.312465010694725	4644330.726478028	106.34693459680292	2149.188347646525	1423.987704954351	1.073219	26.931562	0.0997531578194106	0.0604226397911131	-0.0094576568	0.1371367487	-0.0700227755	-0.0260765051	0.0440123052	0.0720349231	0.0209147085	0.0507132695	0.0076329844	-0.1107202781	0.0369711684	-0.0354792777	-0.102998919	-0.0136401523	-0.1458179996	0.0185849754	0.0047670332	0.0268792488	0.0113255559	0.002659997	-0.0474286336	-0.0428862498	-0.0190867787	0.0878004738	0.0070853519	0.0074590113	0.0131079871	-0.0782730645	-0.0797346113	-0.0284075549	0.0913197571	0.0049422912	-0.0353297533	0.0199957963	-0.003374321	-0.0207461636	-0.0476934044	-0.0511534429	-0.0437689434	-0.015558466	-0.0840325673	-0.0186132429	0.0405729242	-0.0071563719	0.0363884366	0.0323665762	-0.0009530997	0.0343884052	-0.0103241597	0.051825965	0.033685751	-0.0340689158	0.0079888559	0.0083748511	0.0878078657	-0.0201244226	0.0212925498	-0.0792056211	-0.020688767	0.1083425885	-0.0641978012	0.0291381663	0.0140968245	-0.0522888697	-0.0431889718	0.0843114705	-0.0962097664	-0.0349697461	0.0103486733	-0.0649781063	0.0017012128	-0.0191407703	0.1099195447	-0.0022159658	0.0131388573	0.0202250591	-0.0096580118	0.0895774232	0.0495545599	-0.0546630642	0.0300003068	0.0276413297	-0.0507337238	-0.0331251476	-0.067735431	0.0118147343	-0.0305597378	0.044657528	-0.0370292426	-0.028174216	-0.0446784122	-0.0072074979	0.0249152488	0.0188387082	-0.0095430818	-0.0272359857	0.032057897	0.0297957325	0.0322196982	0.0448135119	-0.0640502309	0.0409843853	0.0339002304	0.0088620403	-0.02933783	-0.0851128399	0.0422999323	0.0020831231	0.0213177475	-0.0394013117	0.0018714772	0.0413939325	-0.018185897	-0.0970805733	-0.0509372918	0.09462823	0.0413231565	-0.0830293971	0.0328000555	-0.1120944004	0.0830881091	0.0567873	0.144830619	0.0702315455	0.0223982654	0.0214738583	0.0177605933	0.0827761626	-0.0153339324	-0.0067447044	0.0089522306	-0.0072113436	0.1025424646	0.0181481804	0.0086292213	0.0222223491	-0.1387256623	0.0651470985	0.0280269399	-0.0373697671	-0.1009372278	-0.0598118772	0.0059798738	0.0510508491	-0.0807737477	0.0672896215	-0.0178113211	-0.041194508	0.0781648097	0.0199569509820065	-0.013144277190122	0.0003982798924982	0.0001727720228507	0.1169563963791944	-0.0130935218237907	0.0136787986540072	0.00017144031375	-0.4001174048282152	-0.0553661400499478	0.1600939376464658	0.0030654094640304	-0.0049078413693121	1.0063391040013997e-07	2.4086906906331265e-05	1.01271839224234e-14	0.0006069415935323	1.8855876754999244e-06	3.683780979595277e-07	3.5554408819972078e-12	0.0010439953651718	-0.0003609981535251	1.0899263225002e-06	1.3031966684853177e-07	0.0	0.0	0.0	0.0	0.0	0.0	0.0	0.0	0.0	0.0	0.0	0.0	0.0	0.0	0.0
1923.1491191425123	3.0960104210755617	3698502.534458621	9.585280527408475	2258.5706849531693	-3.8613119414358152	5101141.538929828	14.909729909074825	2157.6287979871263	2.5578649368871997	4655362.029903372	6.542673035356956	2151.000957944858	1422.7740925043609	0.98487	24.714502	0.1228936757828321	0.0856476906345316	0.0101543426	0.1204848688	-0.0167772054	0.0407505796	0.0826436937	0.0436506244	0.0054384134	0.0204078067	0.0126251991	-0.0455231689	0.0337056097	0.0595434359	-0.1368279884	-0.053876197	-0.0987084201	0.0202393302	-0.014348947	0.0524927273	0.0049791946	0.0312336822	-0.0072809401	-0.1011050525	-0.0546059295	0.0116412434	-0.0272413132	0.0372736095	-0.0257165427	-0.0499116302	-0.0339179627	-0.035468461	0.0610907482	0.1034541189	-0.0683672936	0.0569262437	-0.0606792499	-0.0155312309	0.0033530806	-0.0310296234	0.0639407324	-0.0271053934	-0.0198403941	0.0528573363	-0.015777072	0.1307759089	-0.0238248657	0.0668904707	-0.035786256	0.0768587368	-0.0031883572	0.038928051	-0.0348046743	0.0436175072	-0.1108346331	0.0406414465	0.0591137217	-0.0286993036	-0.0439875627	0.0741210912	0.0224019341	-0.0212849241	-0.025896219	-0.0690740806	0.0290661061	0.0424041379	-0.0051548443	-0.0555399433	-0.0211135662	0.025825815	-0.0092054495	-0.0754987252	-0.0238468709	0.0043086931	0.0361262265	-0.0550509655	-0.0160115126	0.0703073419	-0.0643141123	0.0836254503	0.0315399296	-0.0371978495	-0.0092588454	0.0845421825	0.0561329657	-0.0694326787	-0.1158458715	-0.0022661678	0.0030675353	0.0500683496	0.0089473152	0.0543511635	0.0472204864	-0.0839399592	0.0018232242	0.0627386284	-0.1054566875	-0.0026334754	0.0092822338	-0.0245320826	-0.1113542686	0.0741295968	-0.0185469861	0.0581867293	-0.0405657499	-0.075818241	-0.0196354015	-0.0089139314	-0.0844265123	0.0112342926	-0.0258319107	-0.0560391677	0.0218756935	-0.0878271437	0.0063361289	-0.0722330837	0.0121317764	-0.00675194	0.0485046485	-0.064551476	0.0464271447	-0.1259859839	0.0837970792	0.0090818234	-0.0264984371	0.0857590073	0.0059767644	0.0368538221	-0.005200301	0.0147541194	-0.0359592069	-0.0424731743	0.0417253715	-0.0217687177	0.0706825925	-0.0328030991	0.0177883694	-0.0080359495	-0.0912490454	0.0615262753	0.1052899902	-0.041641337	0.0569766387	-0.060390626	0.0076839116	0.0490241061	-0.0802034182	0.0696177779	-0.0227795284	-0.0359208828	0.0759159322	0.0199174706504692	-3.948033153730254e-05	0.0003967056371123	1.5586965782953256e-09	0.1202849039798508	0.0033285076006563	0.0144684581254419	1.1078962847627386e-05	-0.3387713842193918	0.0613460206088233	0.1147660507659227	0.0037633342445381	-0.0060208693069383	-0.0011130279376262	3.6250867211231686e-05	1.2388311899364335e-06	0.0006052170201946	-1.724573337699947e-06	3.662876415332309e-07	2.9741531971055355e-12	0.0010928361990442	4.884083387240003e-05	1.1942909579413745e-06	2.385427053351378e-09	0.0	0.0	0.0	0.0	0.0	0.0	0.0	0.0	0.0	0.0	0.0	0.0	0.0	0.0	0.0
1921.9012008627544	-1.2479182797578687	3693704.2258776976	1.5573000329538382	2263.6630447850084	5.092359831839076	5124170.380325335	25.9321286569281	2155.343621653579	-2.285176333547497	4645506.127402766	5.222030875405581	2149.3820533352578	1431.658119391942	0.994459	24.955132	0.1790177181128492	0.0896726373981543	0.0167080165	0.0988983695	-0.0841897836	0.0150438007	0.059075404	0.0322249673	0.064328833	0.0092889174	0.0514679512	-0.0663909598	-0.0349515226	-0.0278025127	-0.109345084	-0.0258997977	-0.0761124337	-0.0432898385	0.0041446252	0.0048618869	-0.0133177789	-0.0218102236	-0.0583600325	-0.0684688763	-0.0062296683	-0.0029603927	0.0036614341	0.0190415099	0.0113952458	-0.0502910164	-0.0575897068	0.0061346432	0.0453406559	-0.0344559988	0.0088506054	0.0284089603	0.0125934055	0.0520684822	-0.049332005	-0.0998242783	0.0552167655	-0.0160015953	0.031053191	-0.0056338225	0.0403469427	0.0142193223	-0.1496881803	0.1045718292	0.0957910489	0.0855371054	0.0612941354	0.0283902041	-0.0155666618	0.0864983767	0.0187417028	-0.0351867378	-0.0136130821	-0.0515152095	0.0153854729	0.0457779801	0.0294292013	0.0975494937	0.018481171	0.0458568281	0.0862192291	0.0015942025	-0.0122164179	0.0232398737	-0.0567161537	-0.0614329037	0.0106972974	-0.0591548345	0.0280760266	-0.0359247017	0.1021596863	-0.0313115325	0.0470325027	0.0682713085	0.002041782	0.0390431897	0.0482088987	-0.0485758446	-0.0146156899	0.0379837366	0.0478110766	0.0421790085	-0.0671841375	-0.0463839266	-0.040220378	-0.0086915515	0.0024494838	0.0245792154	0.0078126797	-0.1003268117	-0.0400436706	-0.0178415915	-0.0747272147	0.0620922736	-0.0752483088	0.006922628	0.0194674984	-0.0940571688	0.024158259	0.0966263351	-0.0061696184	-0.056449761	-0.1724137883	-0.0056502423	0.0322853203	-0.0177046744	-0.0521699804	-0.0345275575	-0.0300921893	-0.015687811	0.0220689999	-0.0362724898	-0.0625742269	0.0231743023	0.0309780287	-0.0501666682	0.0375366342	-0.1075703024	0.0302101278	-0.0307742453	0.0808232572	-0.0215309096	-0.0355427262	-0.0100130001	-0.0391980015	0.0034562775	-0.038834948	-0.021512971	0.0128027225	-0.0646354748	0.083664722	0.0032332161	0.0186967803	0.0129942995	-0.0465788983	0.0718300396	-0.0208013932	-0.044744942	0.011471317	-0.0609627523	0.009384579	0.0469489822	-0.0794923845	0.0717551168	-0.0276578354	-0.0304543249	0.073134559	0.0032130780469401	-0.0167043926035291	1.0323870535728408e-05	0.0002790367322528	0.118665488306803	-0.0016194156730477	0.014081498115092	2.62250712211285e-06	-0.3687308981351691	-0.0299595139157773	0.1359624752395684	0.0008975724740696	-0.0073288046431385	-0.0013079353362002	5.371137749728844e-05	1.7106948436811306e-06	0.001689837879327	0.0010846208591323	2.855552058408372e-06	1.1764024080651052e-06	0.0008707044759669	-0.0002221317230772	7.58126284468794e-07	4.9342502397290276e-08	0.0	0.0	0.0	0.0	0.0	0.0	0.0	0.0	0.0	0.0	0.0	0.0	0.0	0.0	0.0
1930.1210802940536	8.219879431299205	3725367.384595485	67.56641786509574	2272.464264378403	8.801219593394762	5164093.832876877	77.46146633115586	2157.9223061686616	2.578684515082841	4656628.679460275	6.649613828328028	2151.322004978012	1472.882550160279	1.101777	27.648197	0.34812368585046	0.1955087002987206	-0.0120595595	0.0166678617	0.0451858644	0.0335993434	0.085720289	0.0106589304	0.0109693833	-0.0200046725	0.0326558598	0.0687288052	0.0234590648	-0.0049237865	-0.0850305331	-0.0653080462	-0.0889400768	0.0164136403	0.0043876803	0.0370339032	0.0469657735	0.0007717899	-0.0088592092	-0.0995793804	0.0287160581	0.0097027439	-0.0014668803	0.0474684459	-0.0291693535	-0.0375061906	-0.0721221614	-0.0459798525	-0.0068802221	0.1159210876	-0.0159632997	0.04025749	0.0058351306	-0.0287323244	-0.0623212465	-0.0053130023	0.0764379611	-0.0474163956	0.0460164169	-0.0591520098	0.0130603026	-0.0398384386	-0.0180688999	0.0134414134	-0.0343100237	0.0555143936	-0.0331638383	0.0726111704	-0.0525960026	0.0141704238	0.054350304	-0.0927568562	0.0175058804	0.023877238	-0.0252353938	-0.0592647957	-0.0576596783	0.0175295741	-0.0060633669	-0.0012358043	-0.0245200763	-0.0327352675	0.1178306184	0.0098369413	0.104585335	-0.0572054022	0.0112984137	-0.0218633065	-0.0522630215	0.0228054794	0.0150267847	-0.0448509109	0.02881554	0.1087741431	0.0112531811	0.0540737672	0.007597246	-0.022153558	0.0200807833	0.107360026	0.1082211101	0.0289996488	-0.1182783584	0.0567168909	-0.0255944787	-0.0044543857	-0.0172631898	0.0600248726	0.0163015999	-0.0829363987	-0.0037525489	0.0499598924	0.0078909232	0.0578473449	0.0403875582	-0.0355434894	0.0662394544	-0.0069337597	-0.0308952459	0.0544531619	0.0133556214	0.0019585956	0.0155524773	-0.0569108256	0.0558079137	0.0519876817	-0.0399898168	0.0236263297	-0.033995418	0.0241143657	-0.0563123953	-0.0135096059	-0.0215912377	-0.0119750039	-0.0476616742	-0.008394196	0.0022202452	-0.0719634316	-0.0479362449	0.0650493878	-0.0451188991	0.0465013218	-0.0278955023	0.0010539467	-0.0253734821	-0.058122259	-0.0886845323	-0.073549226	0.0225824366	-0.0999530078	0.0095583645	-0.0856505297	0.083283043	-0.0120292685	0.0734036755	-0.1048051108	0.0894668996	0.0255671749	0.0580687625	-0.0615281933	0.0110811301	0.0448275254	-0.0786418943	0.0736957799	-0.0324269895	-0.0248241955	0.0698401994	-0.0325058384750747	-0.0357189165220147	0.0010566295349676	0.0012758409975066	0.0845170991448185	-0.0341483891619844	0.007143140047855	0.0011661124823583	-0.4312507958003948	-0.0625198976652257	0.1859772488784738	0.0039087376040702	-0.0108314734660809	-0.0035026688229424	0.0001173208174464	1.22686888832127e-05	0.0022866890443224	0.0005968511649954	5.228946785424091e-06	3.562313131563664e-07	0.0010859141380538	0.0002152096620869	1.1792095152251276e-06	4.6315198655557694e-08	0.0	0.0	0.0	0.0	0.0	0.0	0.0	0.0	0.0	0.0	0.0	0.0	0.0	0.0	0.0
1926.4055787590305	-3.7155015350231215	3711038.453873915	13.80495165675918	2284.832693388968	12.368429010564796	5220460.436779086	152.97803618938087	2153.36349040132	-4.558815767341457	4636974.321793357	20.78280120056108	2149.238459237217	1480.704384185356	1.082028	27.152605	0.2732804344751305	0.1322272564119254	-0.0337058355	-0.0086876596	-0.020393795	0.0243225051	0.0542600055	0.017267955	0.0971939419	0.0291641249	0.1117478082	0.0749991105	-0.009101085	-0.0596787305	-0.0127612433	-0.04943809	0.0184794551	-0.0514616609	0.0304993747	0.0538412358	0.0010998676	-0.040248421	-0.0472310967	-0.0413961515	-0.0198432161	-0.0634564622	0.0020970937	0.0288838087	-0.0025429193	0.0355603374	-0.0920524402	0.1123799143	0.0111849294	-0.0343750124	0.0369997703	-0.0735441218	0.0118295638	0.0254161826	-0.0725344821	0.0199393624	-0.0166890652	-0.0049690719	0.0184374534	0.0059226925	0.0705363899	0.0052789364	-0.0151189984	0.046507326	0.0037195867	-0.066235655	-0.0142939265	0.0913736631	0.0917256007	-0.0477356754	-0.0010938438	0.004011245	0.0811560395	0.0212332636	-0.0229802845	-0.027176163	0.0884829058	-0.0179741051	0.048071699	0.0037701695	-0.074493678	0.0578933238	0.0755001561	0.0475142999	0.0785237095	0.0828842221	0.0350256522	-0.0719493752	-0.0182448068	-0.0746403534	0.049882395	-0.0211802167	0.0284665596	0.074345159	-0.0087886551	0.04402716	0.0731207265	-0.0121522799	0.0023550026	-0.0333722307	0.0413545123	0.1252125873	0.0286409256	0.0070106432	-0.0152554363	0.0072031379	-0.0019435663	0.0724294002	0.0048542284	0.0604286595	-0.0417283557	0.0147136315	0.0283759594	0.0930291175	-0.0376026986	0.0347421028	-0.0098198938	0.0198234928	-0.015995436	0.0862087718	-0.0191037346	0.094699768	0.1062027999	-0.0849130209	0.0466322156	-0.0716544928	0.005100734	0.0106798317	0.0836402646	-0.0044194206	0.0749536416	-0.0024851273	0.0496504837	0.1038151924	-0.0334127202	0.0108740616	-0.0237230163	-0.0580187332	-0.0412089681	-0.0370345812	-0.0524408817	-0.1149568203	-0.0216947966	-0.0466615462	-0.0482158707	-0.0752957914	-0.1062294483	-0.0708782833	0.0350558203	-0.1229196281	0.0057464756	-0.0971062107	0.0688344124	-0.0236913211	0.1078283906	-0.2236306205	0.0430059925	-0.0377509918	0.1454562793	-0.0620868871	0.0127728206	0.0426618292	-0.0776534394	0.0754344479	-0.0370681691	-0.0190607341	0.066055961	-0.0614942004568206	-0.0289883619817459	0.0037815366898236	0.0008403251303847	0.1053613387666416	0.020844239621823	0.011101011706699	0.0004344823254119	-0.4718414479665114	-0.0405906521661165	0.2226343520191341	0.0016476010432706	-0.0130313745707166	-0.0021999011046357	0.0001698167232023	4.839564870177373e-06	0.0034219852522341	0.0011352962079117	1.1709983066507678e-05	1.288897479698686e-06	0.0014078604396153	0.0003219463015615	1.9820710174337857e-06	1.0364942108912828e-07	0.0	0.0	0.0	0.0	0.0	0.0	0.0	0.0	0.0	0.0	0.0	0.0	0.0	0.0	0.0
1927.596292413464	1.1907136544334662	3715627.466526133	1.4177990068543	2281.482254490708	-3.3504388982601085	5205161.277556003	11.22544081097441	2154.684011425028	1.3205210237078973	4642663.1890906505	1.743775774054553	2150.720002308332	1479.3645479424265	0.999557	25.083057	0.1816564811694603	0.0917594140187037	-0.0524552493	-0.0270174395	0.0611561422	0.050697207	0.0356243413	-0.0477496561	0.0756723188	-0.0058565781	0.0650472438	0.1117342822	0.0453179053	-0.0710093433	0.0718101964	-0.0815772538	-0.0220686377	-0.0550839776	0.0227909703	0.0510864688	0.0371619684	-0.0536624131	-0.0923259416	-0.0660541303	0.0616397973	-0.0168867214	-0.0611927376	-0.0126720701	0.0220469028	0.0009354211	-0.0831261549	0.0258523027	-0.0294108446	0.038876874	0.0136308654	-0.0295395172	-0.0810396204	-0.0124005876	-0.0651143519	-0.0685722069	0.0788681732	0.1087807638	-0.0224813463	-0.0755857439	-0.0095256756	-0.0821773034	-0.1211083685	0.0462275919	0.0121403103	-0.0785333716	-0.026117766	-0.0597199083	-0.0031350279	-0.0785797371	-0.0121270685	0.0026170278	0.0539703392	0.1709745043	0.0762876363	0.008723869	-0.1228421155	0.0166266303	0.0842744946	0.0094030543	-0.0403903644	0.0312002599	-0.0098229472	0.030844774	0.0076549648	-0.0279408782	0.0275871718	-0.0202660444	-0.0685164277	-0.0778035774	0.0014966846	-0.0064259204	0.054529363	0.1135846796	0.0567062557	0.0336913374	-0.005072405	0.0491119312	0.0127125234	0.0684299007	0.0130564818	0.0784943265	0.0463373074	0.100591426	-0.0585838188	-0.0142275466	-0.0397816565	0.0280222791	-0.0132954534	-0.040987966	0.0569401848	0.025145343	0.0130132781	-0.0128209465	-0.0144396193	0.1149182909	-0.0034200522	-0.1005432832	-0.072498157	0.1185398507	0.0487140046	0.0401161096	0.0860736056	-0.0140424605	0.0552073528	-0.0312521314	-0.0248495735	0.0487983202	0.012471957	0.0479053668	0.0294415853	0.1668255881	0.0288654802	0.0430952433	-0.0091803928	0.0156553624	-0.048255307	-0.0363275537	-0.1173300093	0.0647421091	-0.002768552	-0.0229879609	-0.0145449581	-0.0485294135	-0.0213878896	-0.1125938669	-0.077145683	-0.0717741213	0.0154091998	-0.1350535987	-0.0238572636	-0.1267659241	0.0794097029	-0.0430400462	0.096872192	-0.2189029505	0.0601125771	0.0559625642	0.0081634088	-0.0626387723	0.0144589085	0.0404540309	-0.076528754	0.0769663555	-0.0415630576	-0.0131948967	0.0618083875	-0.0675189631963633	-0.0060247627395427	0.0045588103911118	3.629776606778207e-05	0.0739250646679039	-0.0314362740987377	0.0054649151861537	0.0009882393292109	-0.5253484715408163	-0.0535070235743049	0.2759910165502719	0.0028630015717812	-0.0142717060335736	-0.001240331462857	0.0002036815931087	1.5384221377529855e-06	0.0036814163545053	0.0002594311022711	1.3552826375219092e-05	6.730449682564975e-08	0.0017218662896246	0.0003140058500092	2.9648235193455867e-06	9.859967384006297e-08	0.0	0.0	0.0	0.0	0.0	0.0	0.0	0.0	0.0	0.0	0.0	0.0	0.0	0.0	0.0
1926.063552929283	-1.5327394841808657	3709720.809922573	2.3492903263670257	2277.211604262843	-4.270650227864735	5185692.690589352	18.238453368761117	2153.039830224986	-1.6441812000421123	4635580.510535236	2.7033318185719204	2147.990195092415	1445.4157364272164	1.109995	27.85441	0.4462989414458767	0.2139670442116311	0.0121562763	0.0157877679	-0.0018268915	0.1635366684	0.0128311659	-0.0635458115	0.0382644402	-0.028143263	0.0548325833	-0.0160915869	-0.0303152114	0.0274185641	-0.0246337007	-0.0482043147	0.0570299841	-0.0196986933	0.032222082	0.0319745972	-0.0294875897	-0.0032356326	-0.0149557573	-0.0265452619	-0.0186847054	-0.0429135498	-0.0420654612	0.0039857303	-0.0335850357	0.0474930977	0.0130677291	0.0383285222	-0.0107657211	0.0253176783	-0.0917266202	-0.0856518564	0.0673582189	0.0127386597	-0.0286352397	0.0143505239	0.0545867381	0.05485356	-0.0305179036	0.052548657	0.0423977441	-0.0670924592	0.0780398115	-0.0117419123	-0.0034312191	0.0939846381	-0.0663914634	0.0327237059	0.121134191	-0.0068875304	-0.0127028862	0.0097167517	-0.0061315353	-0.0559723089	-0.0448372371	0.0317344283	-0.0829031888	0.0958782112	-0.009058015	0.0897016713	-0.0158879846	-0.0756544376	0.0352750076	0.0252278638	-0.0078000977	0.0529129724	0.0412655168	-0.0567018144	-0.0157613284	-0.0633000526	-0.0592708983	-0.0221578367	-0.0096681437	0.0291109127	0.0118139225	0.072513336	0.0343701335	-0.0273355964	-0.0347553959	-0.0710351396	0.1267715937	-0.040716084	-0.0019529028	0.087242089	-0.0112499278	0.0429203855	-0.0544130452	0.089991587	0.0288641508	0.0172499471	0.0002214299	-0.0597066653	0.0531768958	0.0084613298	-0.0305003473	0.0194319169	0.105076383	0.0609008087	0.0239246743	0.039761893	0.0495984292	0.0102792819	0.0293618919	0.0074900001	-0.0246373271	-0.0491720256	0.0485287224	-0.0766489153	0.0698162637	0.1025748729	-0.077257826	-0.0226367544	-0.0301381559	0.0344910052	-0.0139306448	0.0036867467	0.0240860558	-0.1149836321	-0.0313681404	-0.0459898935	-0.1322487875	-0.0173336255	-0.0176291645	-0.0932992026	-0.0108053127	-0.0768998083	-0.0673563484	-0.0212704327	0.0191339185	-0.0854335504	-0.029335648	-0.0705596756	0.0054156009	-0.0078994891	0.0329089272	-0.044142994	0.0402744721	-0.0212133574	-0.0028799169	-0.0631837885	0.0161386543	0.0382063093	-0.0752698111	0.0782873035	-0.0458939156	-0.0072581889	0.0571272725	-0.0432109021283508	0.0243080610680125	0.0018671820627459	0.0005908818328862	0.1098227303230459	0.035897665655142	0.0120610320956084	0.0012886423994883	-0.3784997428802441	0.1468487286605722	0.1432620553604109	0.0215645491092263	-0.0114205253565816	0.002851180676992	0.0001304283994203	8.129231252852564e-06	0.0024316558068298	-0.0012497605476755	5.912949962889086e-06	1.5619014265261656e-06	0.0010379177930491	-0.0006839484965754	1.0772733451279145e-06	4.677855459678866e-07	0.0	0.0	0.0	0.0	0.0	0.0	0.0	0.0	0.0	0.0	0.0	0.0	0.0	0.0	0.0
1926.4448114886384	0.381258559355274	3711189.611711496	0.1453580890816589	2273.498487067945	-3.713117194898132	5168795.370700235	13.787239303048173	2155.525769388155	2.4859391631689505	4646291.342496397	6.1798935229771415	2149.7294767687654	1445.5650517108038	1.051995	26.398958	0.1074604165011077	0.055957868263369	0.0148725809	0.0166851318	0.0313307807	0.1305830151	0.012585911	-0.0741640855	-0.0056315961	-0.0405801755	0.0867304621	-0.0087440626	-0.0471923746	0.0256963773	0.0365424368	-0.0624920033	0.0354850746	-0.0825694037	0.0331321557	0.0135864731	0.0241268544	-0.0259058073	-0.0533331633	-0.0395907077	0.0686472996	-0.0164131774	-0.007542564	0.0943305342	0.0567772295	0.0487495318	0.0025939131	0.0351424593	-0.0126648036	-0.0409046745	-0.0066861665	-0.0181675393	0.0920669254	0.0430064833	0.0122272043	0.0481903713	0.0580199724	0.0066365511	-0.0268184384	-0.0482722995	-0.0315023613	-0.0350945211	0.0359238229	0.054089643	-0.0689747603	-0.0039467949	0.0256113055	0.0179620586	0.023791705	-0.0182403786	-0.0105563373	0.1039800677	-0.013327717	-0.0657082614	-0.0230221141	0.069945564	-0.0408605399	0.1015452036	-0.1030519865	0.0723580007	0.0431208741	0.0080232061	0.0465176369	0.0268159127	0.0928933175	0.0234489426	0.0381628776	0.0156710082	-0.0578754379	-0.0788713634	-0.0773447201	0.0599959759	-0.0126766864	0.0517303521	0.0452846494	0.0620755951	-0.034505812	-0.0827402122	-0.0348391676	-0.0019024435	0.0250537379	0.0174272141	0.0095664084	-0.0105690171	0.0053143015	-0.0214474493	-0.0452253057	0.0381475068	0.0802332474	-0.0998614466	-0.0922224702	-0.0743728338	0.0650560776	-0.0064287041	0.0595631609	-0.0043226996	0.0687838444	0.0402127402	-0.0132475079	-0.0799338808	-0.0646488621	0.0063401454	-0.023990518	0.050535757	0.0009444272	0.0075116259	0.0778706674	-0.0659323349	-0.0020079175	0.0383036483	0.0658131416	0.0641566941	-0.0776283053	0.1619548358	-0.0064524943	-0.0005303912	0.0165392225	-0.0805147014	-0.1089655203	0.0065777576	0.062576278	-0.0100236247	-0.045326671	-0.0882705004	-0.0010064543	-0.0730738906	-0.0413355861	0.0243087843	-0.0111166759	-0.0451994533	-0.0299373257	-0.008267934	0.016689226	-0.0233623275	0.0013236241	-0.0307139309	-0.0131905044	0.0192659345	0.0984918717	-0.0637218759	0.0178113211	0.0359208828	-0.0738788195	0.0793936715	-0.0500436514	-0.0012824971	0.0520454508	-0.0028466222458121	0.0403642798825387	8.103258210352324e-06	0.0016292750904359	0.1168920328395728	0.0070693025165268	0.0136637473413677	4.997503807017343e-05	-0.4157134280766712	-0.037213685196427	0.1728176542832576	0.0013848583658987	-0.0111851455008515	0.0002353798557301	0.0001251074798752	5.5403676483522915e-08	0.002635180882277	0.0002035250754472	6.944178282318189e-06	4.1422456335788495e-08	0.0010552758399841	1.735804693499981e-05	1.1136070984541477e-06	3.0130179339765625e-10	0.0	0.0	0.0	0.0	0.0	0.0	0.0	0.0	0.0	0.0	0.0	0.0	0.0	0.0	0.0
1927.716364185928	1.2715526972895077	3716090.380750213	1.6168462619842223	2283.9909039121685	10.4924168442235	5216614.449153525	110.090811232945	2158.380662148287	2.854892760131861	4658607.082735677	8.150412671853315	2154.732498009	1455.7249009501622	1.075117	26.979185	0.1575291205351065	0.1120072668174096	0.049113534	0.0069147283	0.0316084621	0.1472250548	0.0444805296	-0.0430337775	-0.0155967115	-0.0298892095	-0.0237981847	0.0030050363	0.0375314581	0.0283298231	-0.0410241325	-0.0100360542	0.0889807902	-0.0548198476	0.0155104031	0.0443465934	0.0365182791	-0.0135641875	0.0247707445	-0.0208875553	-0.0317646246	-0.0227179883	0.0213499469	0.0432304456	0.0644954191	0.0147830055	0.0080571975	0.0011314612	-0.0164812588	0.0516845728	0.0327345657	0.0683072076	-0.0876391891	-0.054758269	-0.0001021653	-0.024793339	-0.1153758636	0.0720984703	-0.0542674571	0.1048887958	0.0051982906	0.0224699704	0.0684878757	-0.0318083622	-0.0212206201	0.0722191143	0.0185170013	-0.0127431888	-0.0009193835	0.0838798245	-0.0084759036	-0.0016500292	0.0675005492	0.0614681442	-0.0550488227	0.0086912246	0.0206882	0.0780406319	0.0383379286	-0.0515807964	0.0795076054	0.0149052726	0.023280789	-0.0685822812	-0.0124952236	0.0002682354	0.0195354003	-0.0027412225	-0.0681297133	0.030822711	-0.0101523742	0.0634052856	-0.037642846	-0.0027783022	-0.0791791752	0.0217111963	-0.0004800428	-0.049138363	0.0064507116	0.0603252574	-0.0015457295	-0.00622336	-0.0174090812	-0.0165059703	0.0341808936	-0.0127972878	0.0883382869	-0.0717170945	-0.0108618184	0.0300614125	0.0946650554	-0.0681762949	-0.0628857767	-0.0491247226	-0.0646297851	0.0941282943	-0.0342305742	0.1090391135	-0.0118005149	0.0254706067	-0.032411728	-0.0649192331	0.0226397239	-0.0357476117	-0.0074989247	-0.005817871	-0.0436210452	0.0087091741	0.0239606734	0.0255531314	-0.0252232148	-0.0186923444	-0.0048014938	-0.0550579246	-0.0193067842	0.0126306856	0.0366438962	-0.1073270271	-0.0969535576	-0.0029492913	-0.0870827116	0.0431443113	-0.0636505716	-0.0700498725	-0.0206839871	0.0366667974	-0.0272978208	0.0550628169	-0.0497484052	0.0453082933	-0.0352645249	-0.0062055324	-0.0428371659	0.0081372378	0.0220918839	-0.0249266712	0.0091563956	0.0317066651	0.0463132887	-0.0642529755	0.0194761753	0.0336000067	-0.0723582192	0.080282427	-0.0539958877	0.0047000831	0.0465985677	-0.0033048767920433	-0.0004582545462312	1.0922210610586411e-05	2.09997229141563e-07	0.1202632810483379	0.0033712482087651	0.0144632567685115	1.136531448510196e-05	-0.3017659323807109	0.1139474956959603	0.0910626779455998	0.0129840317753808	-0.0108351402394939	0.0003500052613575	0.0001174002640094	1.2250368297800132e-07	0.0023360602208641	-0.0002991206614129	5.457177355503628e-06	8.947317008409081e-08	0.0012011923588966	0.0001459165189125	1.442863083071578e-06	2.1291630491541985e-08	0.0	0.0	0.0	0.0	0.0	0.0	0.0	0.0	0.0	0.0	0.0	0.0	0.0	0.0	0.0
1916.285054955364	-11.431309230563784	3672148.411845282	130.67483072477276	2270.2710497307053	-13.719854181463234	5154130.639245358	188.23439876061417	2154.779838189368	-3.600823958918681	4643076.151067399	12.965933183122806	2151.8481743450684	1454.17794052269	1.145757	28.751833	0.0456511176009085	0.0304879135286844	0.0657894723	0.0485137397	-0.0410340199	0.0712586881	0.0770597154	0.0276852934	0.1219920836	0.0164635466	-0.0309339054	-0.1129992253	0.0615219743	0.045618446	-0.0079889126	-0.0318554655	0.1185695918	-0.0476363569	0.036863821	0.0222559309	-0.0342973349	0.0082392619	-0.0998615029	-0.0612194996	-0.0659093519	0.0387436841	-0.0100434251	-0.0217654776	-0.007078634	0.0762989694	0.02077442	0.0173555364	-0.0451160304	0.010319538	0.0310899603	-0.0107043599	0.0104486806	0.0243265219	0.0752525604	-0.0713411206	-0.083254643	0.0239388129	-0.0066274311	-0.0144911723	-0.0310743312	0.0153153507	-0.0207170646	-0.0117210213	0.0202412501	0.0260993917	0.1461434266	0.0409830388	-0.0390107145	0.1211868091	-0.0157508734	0.0129466203	-0.0505407249	-0.0854355771	-0.011354899	0.0628208187	-0.0877992452	0.0323677797	0.01185707	-0.096084544	-0.0367445518	-0.0298474844	-0.0320800331	-0.0525556924	0.0706965082	0.0450715971	0.0394682764	-0.0456184696	0.0146704638	-0.0733127376	0.0844426801	-0.0303330922	-0.03243586	0.0201225178	-0.0775766093	0.0175766844	-0.0470648206	0.0269170338	0.0261744195	-0.0420206375	0.0261910777	-0.0590400576	0.0329955709	-0.0399382426	0.0218173948	-0.0441574985	0.0605392687	-0.0252117052	0.083401308	-0.0190295271	-0.0293932838	-0.0238444386	0.0092520191	-0.0150269691	0.0269952882	0.1112728511	-0.0368290031	-0.0172827922	0.0543319096	0.0330767741	-0.0484140024	-0.1354640935	-0.0481859611	-0.0030802042	-0.0425104866	0.0152101577	-0.0216524352	0.026727481	-0.0901285242	-0.0060101002	-0.0676611569	0.0216404802	-0.0505046975	0.0183420613	-0.0927774292	-0.0003484657	0.0498137309	-0.1190176998	-0.0943568161	-0.0612079912	0.0640330264	-0.0284196575	-0.106794231	-0.0204732571	-0.074676799	-0.0224401254	0.0214140488	0.0198550917	-0.0356885959	0.0879397267	0.016763163	0.0173564755	-0.066947199	-0.0133234907	-0.0233775814	0.0014687854	-0.078890098	0.0119637271	0.0424142221	-0.064777029	0.0211324865	0.0312459714	-0.0707106781	0.0809511339	-0.0577350269	0.010657419	0.040824829	-0.0036992360484475	-0.0003943592564042	1.3684347342133476e-05	1.5551922311167382e-07	0.1183537979164128	-0.001909483131925	0.014007621481239	3.6461258311064864e-06	-0.2943755498520417	0.0073903825286692	0.0866569643506918	5.461775392005967e-05	-0.0102535185746205	0.0005816216648734	0.00010513464316	3.38283761050106e-07	0.0022014187293541	-0.00013464149151	4.846244421951019e-06	1.8128331236037468e-08	0.0011983176616018	-2.8746972947999577e-06	1.435965218106806e-06	8.263884536730195e-12	0.0	0.0	0.0	0.0	0.0	0.0	0.0	0.0	0.0	0.0	0.0	0.0	0.0	0.0	0.0
1914.4091986990893	-1.875856256274801	3664962.580063689	3.518836694205312	2258.863586888169	-11.40746284253646	5102464.704169284	130.13020850385004	2153.6835543674183	-1.0962838219497826	4638352.852352677	1.2018382182688223	2147.2728236936173	1429.626472074459	1.172176	29.414791	0.1122115406477327	0.0524384199793411	0.0682637875	0.0519479241	0.0365019629	0.1748389117	0.0793527532	-0.0827509561	-0.0326123285	-0.0607182803	0.0010336037	-0.1050097759	0.0073975896	0.074100612	-0.0555069279	-0.0423478525	0.0325739078	0.0304709199	0.0611572323	0.0621108559	0.0323207255	0.0234181071	-0.0273346049	-0.0321589432	0.0367729792	-0.0411870757	0.0495640388	0.0729671314	0.043850571	0.0185865441	0.0490337755	-0.0481050052	-0.0395887363	-0.1004905968	-0.0136944177	-0.0890275011	0.0175963129	-0.0513370928	0.0796623037	0.0052355494	-0.0827452726	0.0046522389	0.0343796428	0.0109756887	-0.1067030465	0.1279813271	0.0620463502	0.0034423896	-0.1088907025	-0.0566145131	0.0966383659	-0.1284677655	0.0233514134	0.0003261229	0.0352747192	0.0272136539	-0.0119335056	0.0801142924	0.0372882467	0.0364253388	0.0839143532	0.0898370831	-0.0504518051	-0.0322938419	0.0503881888	-0.0523932153	0.1476983203	-0.005736237	-0.08623629	0.0172989788	0.0691901132	-0.0255747083	-0.0725513908	-0.0197084285	-0.0588778367	0.0681768818	-0.0825826974	0.0187476021	0.012078595	-0.012207715	-0.0045149228	-0.0964594858	-0.0208619027	-0.0144296893	0.0166913149	-0.0604548413	-0.0219923857	0.0085998592	0.031576105	-0.060592124	0.0208387113	-0.0173699238	0.0144292209	-0.0050698613	-0.0045391357	0.0295909515	-0.0902931977	-0.0154615287	0.1236330313	0.0356093667	-0.0681626556	0.0465206139	0.1082209999	-0.1064597926	-0.1172143661	0.0620806478	-0.0683124209	-0.0025818285	0.0287616104	-0.027956768	-0.0303418695	0.0962393562	0.154272738	0.0534527512	0.067525653	0.0572131349	-0.0198255464	-0.0157064224	0.100877613	-0.0027529175	0.0644130261	-0.1553721511	-0.1000102061	-0.0127932207	-0.0504799442	0.0944349678	-0.0773474908	-0.0803794241	-0.0151223189	-0.0004238509	0.0180142236	-0.0002600809	-0.0413492491	0.0894070705	-0.0043056164	-0.0296144054	-0.0936861687	0.0121634112	0.0642209839	0.0482323542	0.0794343319	0.0704055848	-0.0490340514	-0.0652939789	0.0227795284	0.0288611001	-0.0689390864	0.0813979594	-0.0612463124	0.0165575133	0.0347647336	-0.0313517288712006	-0.0276524928227531	0.0009829309032132	0.0007646603593124	0.0855445345607819	-0.0328092633556309	0.0073178673932208	0.0010764477619391	-0.3015670139284054	-0.0071914640763637	0.090942663889695	5.171715556163003e-05	-0.0098809899524345	0.0003725286221859	9.763396244011155e-05	1.3877757434779905e-07	0.0024422711842222	0.0002408524548681	5.964688537282108e-06	5.8009905015990335e-08	0.0014761029924074	0.0002777853308055	2.1788800441940807e-06	7.716469001077659e-08	0.0	0.0	0.0	0.0	0.0	0.0	0.0	0.0	0.0	0.0	0.0	0.0	0.0	0.0	0.0
1919.5767550268567	5.167556327767443	3684774.918439437	26.70363840064934	2262.0048250140567	3.1412381258878668	5116665.828386873	9.867376963531518	2148.469519764721	-5.214034602697211	4615921.277358051	27.186156838123864	2143.3223221816856	1401.5812398407634	1.235734	31.009748	0.0931043318611933	0.0469992931466128	0.0768125199	0.0825393743	-0.0259247184	0.1332081131	0.1606256685	0.0161048403	0.0047350986	-0.0512829059	0.0516748898	-0.1012994074	-0.0117683367	0.0875405339	-0.1613551082	-0.0752432979	0.0987782158	-0.0265419192	0.0793736106	0.0448163439	-0.0828050278	0.0417330054	0.0245873107	-0.0070295187	-0.0170755583	-0.0513835928	0.0381930066	0.0672998381	0.0141552831	-0.0287982689	0.0171367259	0.0055314201	-0.0483661313	0.003398626	0.0359366568	-0.0063038325	-0.0033444962	-0.0109124327	-0.0043670418	-0.1165813182	-0.0075925376	-0.0176080586	0.063348462	-0.0010621002	-0.1341331	0.0069481995	-0.0027220795	-0.034611072	0.1079222183	0.0301007843	-0.0043437147	-0.0764841704	0.0258604024	0.1198719985	0.027172023	0.0809508446	-0.0090621988	0.0330498034	0.084508873	0.0252511963	0.0859851151	0.0139076101	-0.0197081786	-0.001829346	0.0276790338	0.0510510544	-0.054446771	-0.0357154504	0.0165257131	-0.0171168306	0.0838170196	-0.1115818693	0.0467989263	0.0191734311	-0.0049252251	-0.0137029644	-0.0357145922	-0.0294772957	-0.012582917	0.0250257878	0.0210695189	-0.1027543141	0.0251316476	-0.0443752691	0.0424592065	-0.017801339	0.0440083436	0.0070858556	0.005743173	-0.0570909291	0.0964603932	0.0167898271	-0.0617969182	-0.0008467713	0.0651502188	-0.0292224627	-0.0806903998	-0.0433344053	0.0641292861	-0.0609152441	-0.0651024301	-0.0852901544	0.1039318837	0.0278011597	0.0339601655	-0.0760383753	-0.0026040455	0.0688330055	0.0100521759	0.0140205115	-0.0777874359	0.0112914381	0.0793275144	-0.0217791259	0.0421904925	-0.0407055869	-0.0160137056	0.0811620901	0.013081503	-0.0133458361	0.0704610602	-0.1697486094	-0.0572175614	-0.0991516755	0.0154845441	-0.0093119347	-0.1088869805	0.0256718093	-0.0968864344	-0.0293157884	-0.0243208146	0.0063535507	-0.0352264175	-0.031438731	-0.0378235384	0.0567399915	-0.0328242078	0.0844475328	0.0754902922	0.0985014185	0.0127406703	-0.0727642145	0.0692585854	-0.0658037687	0.0244165784	0.0264477464	-0.0670465522	0.0816216788	-0.0645158866	0.0223686765	0.0284607885	-0.0280345818194263	0.0033171470517742	0.0007859377777901	1.1003464563094929e-05	0.1272727903343167	0.0417282557735348	0.0161983631594829	0.0017412473299015	-0.2824224660485512	0.0191445478798542	0.079762449328945	0.000366513713524	-0.0096493832820058	0.0002316066704287	9.311059772305304e-05	5.3641649787068886e-08	0.0024899973099539	4.7726125731699896e-05	6.200086603577659e-06	2.277783077358027e-09	0.0017750578193676	0.0002989548269602	3.15083026209806e-06	8.937398856280319e-08	0.0	0.0	0.0	0.0	0.0	0.0	0.0	0.0	0.0	0.0	0.0	0.0	0.0	0.0	0.0
1934.5102918453897	14.933536818532955	3742330.069255735	223.01052191047944	2274.2776868415604	12.272861827503675	5172338.996865398	150.62313743699684	2153.7604586642933	5.290938899572211	4638684.113305827	27.9940344390064	2149.7102704637955	1472.8629375557434	1.224083	30.717373	0.21814788175924	0.1082838448424875	0.0584605494	0.0363316578	0.0667505719	0.1202903723	0.1289494491	0.0236237741	-0.0144537351	-0.0727819352	-0.0434970537	0.0349222253	0.000988701	0.0707923912	-0.1263475662	-0.0822901016	0.0317810191	-0.0278483002	0.0710228686	0.0492794226	0.0207631507	0.0178087048	0.0119172921	-0.0482718793	0.0568149302	0.0343407537	-0.0465713122	0.0575663203	-0.0360367111	0.0315681393	0.032083042	-0.0401873904	-0.0167131791	0.0150634676	-0.0044254834	-0.0078007511	0.0219960773	0.0333018145	-0.0305014945	-0.0402797203	0.0893254234	0.059568625	0.0556132675	0.0531204179	0.0107293711	0.0292372957	-0.0050246361	-0.0182205687	0.033448314	-0.0093079479	0.0371274774	-0.0417839359	0.0263095287	-0.0105455174	-0.0574197592	0.009688158	-0.0651268263	-0.0460403398	-0.0761041238	0.0329935934	0.0533343789	-0.0869481158	0.0864285055	-0.023481697	0.0023547803	0.0732252316	0.0004446537	0.0112273784	0.0153009084	-0.0010544021	0.0715565305	-0.0371654625	-0.0444791519	0.0547379864	0.0082237209	0.0013508906	0.0108228255	0.0264177709	0.0097390468	0.0710439628	-0.0805268799	-0.0218555132	0.0303449752	-0.0107455902	-0.0178690273	-0.0542511499	0.027903286	-0.0164648337	-0.0227693207	-0.0082713164	0.0552889786	0.0813168979	0.025888216	-0.1118428274	-0.0072792482	0.0086315011	-0.0731729251	0.0276788305	-0.0554550391	0.0145706071	-0.0409357343	0.030862764	0.0474090323	-0.0189298909	0.0297997067	-0.0285088146	0.0460466514	0.0360680566	-0.0440303072	-0.0631564788	-0.0442128805	0.0015813042	-0.0430924847	-0.0493742249	-0.0404564615	0.0078463431	0.1339210886	-0.0221247708	0.064914594	0.0084740423	0.0481722234	-0.1441734639	-0.1506852749	0.0072902505	0.015102119	0.0858516999	-0.0915919012	-0.019136206	-0.0600358594	-0.006732991	-0.0073321852	-0.0035466197	-0.0741990818	0.0157688576	-0.0524598833	0.0687423879	0.0214837355	0.0454543369	-0.043664295	-0.0517471928	-0.0606987662	0.0806174013	-0.095886717	-0.0663063423	0.0260429185	0.024008292	-0.0650363955	0.0816216788	-0.0675308461	0.0280596966	0.0219572114	-0.0437124758084905	-0.0156778939890641	0.0019107805413078	0.0002457963599323	0.1073676887594103	-0.0199051015749064	0.0115278205895376	0.0003962130687073	-0.3611961211330907	-0.0787736550845394	0.1304626379215903	0.0062052887353779	-0.0111068310063353	-0.0014574477243294	0.0001233616950032	2.1241538691532373e-06	0.0030281880096276	0.0005381906996737	9.169922621652366e-06	2.896492292152668e-07	0.0016948716211562	-8.018619821140009e-05	2.8725898122006453e-06	6.429826383597943e-09	0.0	0.0	0.0	0.0	0.0	0.0	0.0	0.0	0.0	0.0	0.0	0.0	0.0	0.0	0.0
1917.4817169372009	-17.02857490818883	3676736.134788436	289.9723634037982	2284.0279254335346	9.750238591974266	5216783.564160216	95.06715260042432	2145.7177145989817	-8.042744065311581	4604104.510743877	64.68573210010466	2144.2600709287376	1463.4470586527557	1.098204	27.558537	0.1506405512764713	0.1065074957896155	0.0947727903	0.059752951	-0.0313460979	0.1105749292	0.1461730817	0.0159437622	0.1177333646	-0.0245453061	-0.0166967236	-0.084347616	0.0985222437	0.0041354499	-0.1192817902	0.0105276912	0.1526780465	-0.0016453679	0.0987530042	0.0672137568	-0.0732178678	0.0205028403	-0.0224254805	-0.0109214441	-0.0288140583	0.032255495	0.0201606496	-0.0449997374	-0.0290563974	-0.0262690264	0.0548834536	-0.0756175693	-0.0825409155	0.0232071179	-0.0162909343	-0.0026146244	0.0163738367	-0.0289703996	0.1001309069	0.0019250623	-0.0174417124	0.0197667603	-0.0603088142	0.0125658139	-0.0492943727	-0.0078390779	0.0094784613	-0.055551127	0.0289587455	0.0188995485	0.020373733	0.049372419	0.0484969273	-0.0355790356	-0.1063727017	0.0829754246	-0.0087163387	-0.0826339754	-0.0811594867	-0.0985662038	-0.0173284149	0.0790677746	0.0298733638	0.0774480429	0.0068767489	-0.0506725271	0.1145540272	-0.0032091326	0.0821830776	-0.0755184094	0.0965966242	-0.1028366079	0.0220070305	-0.0289921664	0.0420995084	-0.0286663674	-0.0349741517	-0.0310850301	-0.0525779058	-0.0010288151	0.0163835374	0.0396519606	0.0849652397	-0.0341422663	0.0176093616	-0.1531857423	0.0598546363	0.0211059331	0.0834062574	-0.0204807655	0.0316649556	0.0089362444	0.0329212945	-0.0165446145	0.0319436141	0.0689713262	-3.83749e-05	0.0422081714	0.0103461699	0.0468702862	-0.0370507226	0.0882570484	0.0642072017	0.0112758079	0.024463531	-0.0899008306	0.0301250573	-0.0432628411	-0.0200036021	0.0636655479	0.0404907524	-0.1126136676	0.0170130081	0.124197911	0.0052362241	-0.0644750574	0.0865771046	-0.0137958166	-0.0617304718	0.0065526028	0.0729191173	-0.1797983196	-0.0946413977	-0.1006372839	-0.0542061306	0.0153113685	-0.1155260613	-0.0040270485	-0.1093929061	0.0152660977	-0.0018082258	-0.023113284	-0.0576558864	0.0977102266	-0.0160914786	0.0521895776	-0.033797109	0.017895869	-0.0223528381	-0.0222740855	-0.0716431494	-0.010815063	0.009450369	-0.0668016447	0.0276578354	0.0215451443	-0.0629121428	0.0813979594	-0.0702792922	0.0336000067	0.0152996203	-0.0473166692345188	-0.0036041934260283	0.0022388671874488	1.2990210252225626e-05	0.1186997563303151	0.0113320675709047	0.0140896321528761	0.0001284157554315	-0.2554488515048874	0.1057472696282033	0.065254115735166	0.0111824850338199	-0.0106642667419752	0.00044256426436	0.0001137265851439	1.958631280885958e-07	0.0029138274932318	-0.0001143605163958	8.490390660313514e-06	1.3078327710314097e-08	0.001737087253427	4.221563227080013e-05	3.0174721260185587e-06	1.7821596080234212e-09	0.0	0.0	0.0	0.0	0.0	0.0	0.0	0.0	0.0	0.0	0.0	0.0	0.0	0.0	0.0
1917.446729754908	-0.0349871822929799	3676601.961447791	0.0012241029248022	2264.1460774739585	-19.88184795957613	5126357.460140713	395.2878782877017	2152.576622813404	6.858908214422172	4633586.11708276	47.04462189386795	2146.932287188196	1445.6117984472714	1.123067	28.182449	0.267780255964227	0.1635716986500711	0.0566267708	0.0288352069	0.0234114287	0.0891824172	0.1688868189	-0.0125754574	0.0334476083	-0.0920867853	0.0012612962	-0.0163346777	-0.0075083893	0.094019454	0.0447480149	-0.0531405879	0.0708328782	-0.0822183523	0.0652341148	0.0743047647	-0.0027008862	0.0039971079	-0.0676097203	0.0274007682	-0.0058222838	-0.044529551	-0.0258008147	0.0547322954	-0.0132743315	-0.0040497201	-0.0407108645	-0.0406732632	0.0055499003	-0.0379517702	0.0040156212	-0.0293199268	-0.0909511971	0.0477465623	0.0062331384	-0.0201379555	0.0495952663	-0.0069640348	-0.0195638813	0.0674142691	0.0083102853	-0.0305967675	0.1062578273	0.0041197407	-0.0415478177	0.01877066	0.05091279	0.0077183084	0.0691367963	-0.0642348733	0.0053323672	-0.008977488	-0.0030553674	0.0168362102	0.0898946767	0.161615571	0.0476366476	-0.0603058054	0.0695172682	-0.0721124645	-0.0313273169	-0.0797942114	-0.1577492752	-0.0178595429	0.0871515976	-0.0335167268	0.0687229835	-0.0520962792	-0.0543708367	-0.0309748499	-0.0131514838	-0.0262687343	0.0018191637	-0.0243029019	0.0322641864	-0.0123990629	-0.0328660301	-0.0716059024	-0.0042313164	0.0371152353	-2.04e-05	0.0191574204	-0.0398083252	0.0317054382	-0.0822469428	-0.0861267601	-0.0835030593	-0.02600346	0.0344769788	-0.012143613	-0.0166829989	-0.0220350652	-0.0981017733	-0.0709077605	-0.0299519718	-0.0098083421	0.0259294207	0.0342925221	0.0512925676	0.0025943065	0.0367443471	0.0102885523	0.0860214786	-0.0026741442	-0.0979490304	-0.0027291617	0.0215731553	0.0933197613	0.0590074541	-0.1148977761	0.0193367003	0.1020616667	0.0144594722	0.0131690297	-0.0215725803	0.0311067995	0.0364021119	-0.1273836275	-0.1645423877	-0.0011363791	0.0412453091	0.0176729925	-0.1138610448	0.0125025705	-0.0612532166	0.0154343833	-0.0083048155	-0.0173601492	-0.0573512951	0.0556078702	-0.0310136552	0.0338633858	-0.0014116964	0.0238015827	0.0405789855	-0.0146560298	-0.004108969	0.0291832063	-0.1137459687	-0.0672896215	0.0292606206	0.0190607341	-0.0606775209	0.0809511339	-0.0727503781	0.0389598496	0.0085347133	-0.047518427945846	-0.0002017587113272	0.0022580009944445	4.0706577596413146e-08	0.0946850832950332	-0.0240146730352819	0.0089652649985873	0.0005767045209914	-0.3705423229512803	-0.1150934714463929	0.1373016130981309	0.0132465071695816	-0.0129738013894693	-0.0023095346474941	0.0001683195224933	5.333950287975698e-06	0.0030389936626349	0.000125166169403	9.235482481535084e-06	1.5666569963045517e-08	0.0018717934919543	0.0001347062385272	3.503610876522472e-06	1.8145770698173837e-08	0.0	0.0	0.0	0.0	0.0	0.0	0.0	0.0	0.0	0.0	0.0	0.0	0.0	0.0	0.0
1922.0790946489165	4.63236489400856	3694388.0460863984	21.458804511242946	2247.0063962069426	-17.13968126701593	5049037.744594911	293.7686739348968	2149.522914700153	-3.053708113251105	4620448.760821041	9.325133240935624	2142.0898643509645	1438.6395304084108	1.08072	27.119778	0.240852791113503	0.1394489512216645	0.0659889382	-0.0165874126	0.0018104733	0.1294388383	0.1415219105	0.0175198347	-0.073835563	-0.1239707965	-0.0218273849	-0.020399057	-0.0268666524	0.1263698588	-0.0244274755	-0.035693782	0.0853729994	-0.0226819816	0.0845254317	0.101864637	-0.0373488289	-0.0044004807	0.1197395908	0.0186037977	-0.015044577	0.009279965	0.0162064224	-0.0204199369	-0.02134425	-0.039222888	-0.0307778359	0.0356406148	-0.0525081618	0.0255131511	0.006234208	-0.0443139235	0.0683294126	-0.0463649302	0.0771780022	-0.0653144963	-0.0497548991	0.0069831074	-0.0099270389	0.0097314687	-0.0441316745	0.0806089023	-0.0308534969	0.063363954	0.0768815837	-0.1380636544	-0.0592445892	0.0169083771	-0.0815564154	-0.0132572501	0.0171842807	0.0266621983	-0.0555179049	-0.0266464226	-0.0152687902	0.0121935763	-0.0701047076	-0.0253741276	0.005428764	-0.0775228193	0.0095747275	-0.0846785435	-0.0463442292	0.0334836983	-0.0901992441	0.0371320217	0.0922467224	-0.1010266911	-0.0290399044	0.0844552146	-0.0541931922	-0.0135027544	0.034442628	-0.0653805682	0.0017047229	0.0130864303	0.0562791142	-0.0036653115	-0.0354714488	-0.0760607208	0.013503398	-0.010856498	-0.049444436	0.0481965235	0.0748875839	-0.0190845321	0.0933036565	-0.0017299495	0.0050051065	0.0047989681	0.0215623336	0.0283658929	0.0051930553	-0.0197909072	0.0559269923	0.035178068	-0.0635239458	-0.0208193443	0.0016401347	0.0365870635	-0.0015467132	0.0282822522	-0.0640068631	0.0708588793	-0.0061469305	-0.0429467131	0.0354795501	-0.0561000778	-0.0705547594	-0.0199198588	0.0357989298	0.0291605024	-0.0453655117	-0.1216526459	0.0404106841	0.0542573685	0.0377271876	-0.1029759674	-0.1214246266	-0.0444269859	-0.0990810381	0.0038721158	-0.0769732421	0.0489854069	-0.0311832255	-0.0099978834	-0.0150943049	-0.0084530834	-0.0392379832	0.0365000515	-0.0669585521	0.0475343759	-0.0368224914	0.0509502187	0.0507212183	0.0210658725	0.0164713763	-0.0320014762	-0.0455680978	-0.0677702193	0.0308505711	0.0165575133	-0.05833645	0.080282427	-0.0749343514	0.0441104375	0.0017099414	-0.0438799622386198	0.0036384657072262	0.0019254510860626	1.3238432702661065e-05	0.0969130632550161	0.0022279799599829	0.0093921418294707	4.963894702085421e-06	-0.2471464299899963	0.123395892961284	0.0610813578568001	0.0152265463997126	-0.0141656904435371	-0.0011918890540677	0.0002006667857421	1.4205995172066318e-06	0.0025477568628384	-0.0004912367997964	6.491065032140166e-06	2.413135934743064e-07	0.0013231102961184	-0.0005486831958359	1.75062085569452e-06	3.010532493926968e-07	0.0	0.0	0.0	0.0	0.0	0.0	0.0	0.0	0.0	0.0	0.0	0.0	0.0	0.0	0.0
1925.4928486314448	3.4137539825283056	3707522.710130836	11.653716253227866	2279.059891671845	32.053495464902426	5194113.989827282	1027.4265715185204	2150.335141689428	0.8122269892751319	4623941.221584492	0.6597126821069452	2146.672796157421	1449.7253720244998	1.202582	30.177822	0.4182837510638357	0.2487315513314123	0.0007276251	-0.0517312162	0.0096312386	0.0540565342	0.0849295171	-0.0027072368	0.0100465676	-0.0768844552	0.0102581964	0.0962497627	-0.0789442312	-0.003128751	0.0512783623	-0.1365954272	0.0604898462	-0.0749303136	0.079830013	0.0445893138	-0.040959263	-0.0266222604	-0.0660584261	0.0132424288	-0.0040967586	0.0094410684	0.0471548418	-0.0136755826	0.0069454391	0.0409457059	-0.0160535346	-0.0123700393	-0.048212213	-0.0276164412	-0.0151500205	-0.0116943527	-0.0175301731	0.0848376593	-0.0105788188	-0.0046453127	0.0495318918	-0.0207701765	0.0015073416	0.0918628611	-0.0245284507	-0.1028099461	-0.0329420365	-0.0679439978	-0.025519513	-0.0155360426	-0.0480252458	-0.0345111254	0.0079661365	-0.111792629	-0.0097950705	-0.0400827827	0.0050288632	-0.1382706408	-0.0618352655	0.002191756	0.0415389362	-0.0471123931	0.0852679612	0.0333158257	0.0187541563	-0.0186545769	-0.0005352548	-0.0099043547	-0.1337791142	-0.0481090075	0.0774824185	-0.0469065174	-0.0100411999	-0.0345760215	0.013732879	0.0154211513	0.012689426	-0.0270513311	-0.0126683329	-0.0392709052	-0.0422176994	0.0112145784	0.032458416	0.0204709971	-0.0058698671	0.0447469821	-0.0051890651	-0.0297882922	-0.0296716554	-0.0808952517	-0.0413604035	0.0216244425	0.0491439057	-0.0470774969	-0.0476580548	-0.0122826452	-0.0198401627	-0.0701429421	-0.0940865155	0.0033149712	0.0239490937	-0.0338176538	0.0563081026	-0.02940683	0.0602799617	0.0329314987	0.0796820396	-0.0156222191	0.0493812619	-0.0630212207	0.0497408414	-0.0836400425	-0.0107454312	0.059628104	-0.0293979657	-0.036709911	0.135265418	-0.0852326089	0.0112935569	0.0644846397	-0.023944686	-0.0275951422	-0.1405973536	-0.0097478016	0.0506761792	-0.0813415873	-0.0163490009	0.0395510148	-0.0031531255	0.0073413952	-0.0029174122	0.0103623861	-0.0151790121	-0.0242325081	-0.0757948639	0.0262592815	0.004421504	0.0099842638	0.0407126871	-0.0414356329	-0.0483517185	-0.0230728184	0.0224960222	-0.0682433853	0.0324269895	0.0140379523	-0.0558930371	0.0793936715	-0.0768225931	0.0490241061	-0.0051268245	-0.0130272393594594	0.0308527228791604	0.0001697089653286	0.0009518905090582	0.0695086344583018	-0.0274044287967143	0.0048314502642578	0.0007510027176741	-0.3903638709508072	-0.1432174409608109	0.1523839517436984	0.0205112353953633	-0.0180577135408118	-0.0038920230972747	0.000326081018322	1.5147843789719764e-05	0.0022776716111556	-0.0002700852516828	5.1877879682641465e-06	7.294604317656155e-08	0.0014971851157039	0.0001740748195855	2.2415632706853007e-06	3.0302042813724425e-08	0.0	0.0	0.0	0.0	0.0	0.0	0.0	0.0	0.0	0.0	0.0	0.0	0.0	0.0	0.0
1926.319909203216	0.8270605717711987	3710708.392592686	0.6840291893785022	2253.3722238251657	-25.687667846679236	5077686.379106773	659.856279401318	2155.0924765775626	4.757334888134665	4644423.582601212	22.632235237863263	2148.1740699624115	1485.482265427107	1.235322	30.999388	0.2596006482396641	0.1526244411788783	-0.0382031814	-0.066130196	0.0094940293	0.0504510264	0.0001996545	0.0460780351	-0.0937210205	-0.0689245465	0.0109951569	0.0316950529	-0.0296723061	0.0457434621	0.0983781793	-0.0990167924	-0.039305008	-0.0084349228	0.0713379295	0.1212091321	0.0579714155	-0.0469470295	0.0492242966	0.0177776629	0.0207172252	-0.0325836989	0.0406969455	-0.0188510123	-0.0314593824	0.0291509123	0.0180540434	-0.0211385324	-0.0303817872	0.0567644805	-0.0606109521	-0.050617396	0.0160080383	0.0477922713	-0.0407921073	0.052427325	0.0285926335	-0.016765452	-0.0051156157	0.0684543493	0.0144652148	0.0570075749	-0.0124165876	-0.0004591676	-0.0280427192	-0.0378047938	0.0263432268	0.0381939498	0.0425416755	-0.0224152932	-0.0941491559	0.0006885953	-0.004605651	0.0253640745	0.133619221	-0.1181664653	0.0560286029	-0.0028934614	-0.0177869196	0.067401765	0.1045567407	0.0677641388	-0.0825478874	0.0221941365	-0.075760087	0.0156848451	0.0792345375	-0.0425336721	-0.1123148939	0.0696298006	-0.0513799394	0.0401988405	0.0669056871	-0.0094494382	0.0358488194	-0.0846619352	0.0006478872	0.0170647411	-0.0475320388	-0.0449343942	0.0175065322	0.0252246561	-0.0124752007	0.0483346975	-0.0078413997	0.0080846988	-0.0185301145	0.1042676864	0.0240321756	0.038110775	-0.008029386	0.0450241573	0.0289480069	-0.0388201421	-0.0728481521	-0.0489907931	-0.0341740618	-0.0134746521	-0.0170086819	0.0066951662	-0.0629866402	0.0308209821	-0.016732839	-0.0328609229	-0.0604410063	-0.0211488212	0.0378632464	0.0870208426	-0.0487270505	0.0015511932	0.0762482352	-0.0427021381	0.0409628294	0.1144226292	-0.007713473	0.0749605943	-0.0529570257	0.0025100178	-0.1259755215	0.0144010565	-0.0910392802	-0.023232303	0.0719655006	0.0390480945	0.0129275842	0.0284166683	0.0221747992	-0.0480612142	0.0082489559	-0.0348795289	-0.0105310613	-0.0116897613	0.0008137864	-0.0146293336	0.0012557869	-0.1050993621	0.0069381452	0.0378274565	-0.0872395754	-0.0687090676	0.0339891844	0.0115045374	-0.0533515689	0.0782873035	-0.0784076511	0.0536744641	-0.0119276293	-0.0522746979329156	-0.0392474585734562	0.0027326440439775	0.0015403630044751	0.0518069277936774	-0.0177017066646244	0.0026839577674193	0.0003133504188404	-0.3513193777171537	0.0390444932336535	0.1234253051595681	0.0015244724518728	-0.020729402066426	-0.0026716885256142	0.0004297081100315	7.1379195778985775e-06	0.0024853224940821	0.0002076508829265	6.176827899590471e-06	4.311888918015515e-08	0.001104384728886	-0.0003928003868179	1.219665629396604e-06	1.542921438842919e-07	0.0	0.0	0.0	0.0	0.0	0.0	0.0	0.0	0.0	0.0	0.0	0.0	0.0	0.0	0.0
1919.9375970688427	-6.382312134373251	3686160.376638482	40.73390818056805	2276.626481027314	23.25425720214844	5183028.134114812	540.7604780236725	2149.495721262954	-5.596755314608799	4620331.855727746	31.32367005160184	2144.356294707932	1443.7262137949892	1.055189	26.479107	0.1800839386824015	0.0849631314908831	0.0005362754	-0.0671513277	-0.0059195755	0.0962643924	0.0400538928	-0.0305943772	-0.0504468487	-0.0395417061	0.0295870853	-0.015922287	-0.0472031125	-0.0104906621	0.0143276792	-0.1048954873	0.0781824788	-0.017301825	0.0903931225	0.0526588864	-0.0402307162	-0.0205476542	0.0164870445	0.0276585704	0.0221431561	-0.0026384466	0.0693170557	-0.0028870252	-0.0367385603	0.074815527	0.048884845	0.1302874588	0.0213500916	0.0433704895	-0.0261808768	0.0300070798	-0.057236569	0.0238904346	0.0380456898	0.0078196408	0.0046472336	-0.0821116239	-0.0272737764	-0.0268714535	-0.0040759564	0.0123419837	-0.0110591833	-0.0525506917	-0.0486361699	-0.1162595146	-0.0189345423	0.0315423182	-0.0578357868	0.009564312	-0.0319136137	0.0533206951	0.058375252	-0.0918732499	0.0066943465	-0.0576320401	0.0471888128	-0.0473731127	0.0521950838	0.1378739718	-0.0819687647	0.0272826751	-0.0083700624	0.1000901919	-0.0525203441	-0.0481305557	0.0938193837	-0.0379904738	-0.0276633145	-0.0211765593	-0.0777265791	0.0344649225	-0.0120704106	-0.0399569591	-0.0141865554	-0.01359375	-0.010119846	0.0262746936	0.0382982524	-0.050257212	0.0984266933	0.0544155988	-0.0116433928	-0.0978596457	0.0349144444	0.0344205476	-0.0160503234	-0.0211774057	0.0648839974	-0.0145630352	0.017174306	0.0450606877	-0.0027926825	-0.0475451249	0.0052058848	-0.0505354728	-0.0615957438	-0.0575869311	-0.0455598996	-0.0647020412	-0.0581596419	0.0019626157	0.0569715705	0.0169138639	-0.0288578959	-0.0640290774	0.0726946889	-0.0345686853	-0.0587366514	0.1278915543	0.0946082753	-0.0104086413	0.0242062274	0.0208456436	-0.0234898855	0.0727016828	-0.0246149849	-0.0303100022	-0.10127678	-0.0635811791	-0.0270423493	-0.0962134927	0.0121692733	0.0092678052	0.0175012395	0.0123803323	0.0207100899	0.0335458954	-0.0141630531	-0.0338211308	-0.0574506341	0.0271604611	-0.0169033873	0.0236511641	0.0422985685	-0.0273411233	-0.0428497985	-0.0359447502	0.0422200242	-0.0691672152	0.0355364705	0.008959769	-0.0507165039	0.0769663555	-0.0796832699	0.058036534	-0.0186447705	-0.016719508150814	0.0355551897821016	0.0002795419528051	0.0012641715204412	0.0701979071768903	0.0183909793832129	0.0049277461720153	0.0003382281226737	-0.3331019420275467	0.0182174356896069	0.1109569037825231	0.0003318749631049	-0.0195513664507162	0.0011780356157098	0.0003822559300901	1.3877679118807676e-06	0.0019482261847945	-0.0005370963092876	3.795585267118933e-06	2.884724454503615e-07	0.0006611099773338	-0.0004432747515522	4.370664021302976e-07	1.9649250536366466e-07	0.0	0.0	0.0	0.0	0.0	0.0	0.0	0.0	0.0	0.0	0.0	0.0	0.0	0.0	0.0
1931.434254225876	11.496657157033267	3730438.2783970656	132.1731257863643	2259.344414913293	-17.28206611402129	5104637.185199889	298.6698091694029	2155.1274966360056	5.631775373051823	4644574.526756576	31.716893852513003	2148.588141803222	1473.029227884252	1.135592	28.496746	0.3797054582609077	0.2126005305360176	-0.0676549449	-0.0701793617	0.0386690678	0.0057988899	-0.0233709633	0.0158258593	-0.1118739242	-0.0808512944	-0.0178548457	0.0567934733	-0.0596155432	0.0363772189	0.0686742617	-0.1531239846	-0.0272641488	0.0191481818	0.0567223417	0.0743724512	0.0455164327	-0.0235664418	0.0986935253	0.0207116212	0.1283062751	0.0012267611	0.0095270775	-0.0407087696	-0.0147726506	0.0072079101	0.0209014681	0.030322777	-0.0300899303	-0.0018304987	0.0430250138	-0.0300374258	0.0123597055	0.0164080738	0.0245166653	0.0597294704	0.0068353341	-0.0377982953	-0.0446048643	-0.0344878253	-0.0213070802	0.0752577271	-0.0003832315	-0.0357839343	-0.052697506	0.0140225879	-0.0589863835	0.001659819	-0.0175771063	-0.0422778869	0.0437015183	-0.068892698	0.0340949749	0.0587234407	0.0496629618	-0.1139425715	-0.0559193678	-0.0887533587	0.0689375653	-0.0021329243	-0.0094991912	-0.0263928272	0.010324662	-0.0638744768	0.0104198531	-0.0576278479	0.0629606814	-0.0128720756	-0.0770959894	0.1136118626	-0.0767028847	0.0403729576	0.0682045517	0.0061025496	0.1095898678	-0.0508311871	-0.0157914681	0.078662519	-0.0253268185	-0.0401939464	0.000666518	0.0593760526	0.0093952753	0.0407768952	0.0027767501	-0.0259448147	0.0016477083	-0.0399203702	-0.0060332359	0.03163908	-0.0200799013	0.035628044	0.0097599458	-0.0142860383	0.0124266942	-0.0570156194	-0.0321683954	-0.021289077	-0.0306053824	-0.035978612	-0.0368016275	-0.019109575	-0.0184732932	-0.0681252819	-0.0469694114	-0.0215179005	0.0227005568	0.0741471998	-0.0024458103	0.0123448685	-0.0400640389	-0.0191907571	0.0055211144	-0.1068244049	-0.0297610372	0.0674725772	-0.0768537425	0.0475220469	-0.1014794302	0.0499215298	-0.0202580338	-0.0302620432	0.1342950088	0.0879893256	0.0616923245	0.0126886008	0.0159429321	0.0161008461	0.0381613759	-0.1170319118	-0.0176251852	0.0195079385	0.0484058112	-0.0160125455	-0.0202493868	-0.0432075985	0.037061744	0.0278810709	-0.0293659249	-0.0696177779	0.0370681691	0.0064061583	-0.0479924649	0.0754344479	-0.0806444153	0.0620868871	-0.0252311319	0.0059770429672028	0.0226965511180168	3.572504263178845e-05	0.0005151334326527	0.0138921414354769	-0.0563057657414134	0.0001929915936632	0.0031703392557269	-0.3935710811725244	-0.0604691391449776	0.1548981959353097	0.0036565167889346	-0.0230321121707452	-0.0034807457200289	0.0005304781910457	1.2115590767500191e-05	0.0010372710053037	-0.0009109551794908	1.0759311384437483e-06	8.298393390411157e-07	0.001074089122944	0.0004129791456101	1.153667444026611e-06	1.7055177470893066e-07	0.0	0.0	0.0	0.0	0.0	0.0	0.0	0.0	0.0	0.0	0.0	0.0	0.0	0.0	0.0
1930.0074454756696	-1.426808750206419	3724928.73959152	2.0357832096656034	2289.421661376953	30.07724646366023	5241451.543582008	904.640754835762	2154.3064981573343	-0.8209984786712994	4641036.488002917	0.674038501980588	2150.9811840257303	1475.519220293276	1.189692	29.854355	0.4537803132542269	0.3484561759123822	-0.1397033515	-0.0099400896	0.0351297473	-0.0701982403	-0.1431139983	-0.0222360767	-0.0187175234	-0.0124575024	0.0916122029	0.0953094001	0.0204710912	-0.0685117857	0.0897645574	-0.1024631266	0.0525169462	0.066544718	0.0615527967	0.089663912	0.0043821991	-0.0410247486	0.0724248081	-0.0109463041	0.0262209688	-0.1025882678	0.0464988454	-0.0930537399	-0.0081656067	0.1103675887	0.0081687642	0.0517268904	-0.0157348338	0.0046815752	0.0145967195	0.0207506544	-0.0088546655	0.0485543767	-0.0321493365	0.1413047274	0.0211905697	0.0292048092	-0.0424774662	-0.0488490757	0.0269376057	-0.059055999	-0.0090481132	0.0299462286	0.0859704948	0.0524807717	-0.0462060519	0.0021322024	0.0100408114	-0.0346393597	-0.0675776395	-0.0176347572	0.0070665636	-0.0180202073	0.0517618836	-0.0234398219	-0.0591367417	0.0172116193	0.0269458863	-0.0749201345	-0.0194766557	0.0759345194	-0.0747632129	0.0733564183	-0.0495986565	-0.0812751758	0.0613913547	-0.0266080552	-0.0634474019	0.0015874773	-0.0990420911	0.0348804254	0.0194269073	0.0460915927	-0.0424473118	-0.131359091	0.0104673212	0.1458055936	0.0288481674	-0.0441905799	-0.0137717361	0.0978667188	0.0946537215	-0.0237411334	-0.0214717539	0.0171071422	-0.007259475	0.0556284656	0.005214762	0.0682914382	-0.007868219	-0.0343414087	0.088356344	0.0093710402	-0.0705711754	0.0138229609	0.0414646791	0.008998616	0.0013036819	0.0356243943	0.0846212746	-0.0187220461	0.023331654	-0.0446666601	-0.103918564	0.0127761378	0.0190715889	-0.1019190042	-0.0081888864	0.0398550905	0.0471208658	-0.0155878249	-0.0788164981	0.0035335407	0.0451838695	-0.0002294371	-0.1253978334	0.0857270814	-0.0036324754	-0.0392945818	-0.0621236737	-0.1069493316	0.322533777	0.0507019406	-0.0066756879	0.0191656368	0.0888429261	0.0354187807	0.0659012878	-0.1272511184	0.0496046218	-0.0532175519	0.0058669994	0.0321252834	-0.0663777683	0.0071947651	-0.0163911223	0.0347690366	0.0455393315	-0.0700607062	0.0385836084	0.0038462256	-0.0451842308	0.0736957799	-0.081287294	0.0658037687	-0.0316405151	0.0069457151101772	0.0009686721429744	4.824295839174387e-05	9.383257205746163e-07	0.0103187725473077	-0.0035733688881692	0.000106477066883	1.2768965210935583e-05	-0.3025277281136311	0.0910433530588932	0.0915230262775951	0.0082888921362062	-0.0295732440014279	-0.0065411318306827	0.0008745767607679	4.278640562637044e-05	0.0012460150691417	0.000208744063838	1.5525535525281954e-06	4.357408418760305e-08	0.0006600666341809	-0.000414022488763	4.356879615589021e-07	1.7141462120159117e-07	0.0	0.0	0.0	0.0	0.0	0.0	0.0	0.0	0.0	0.0	0.0	0.0	0.0	0.0	0.0
1924.64673916462	-5.360706311049626	3704265.070577005	28.73717215332729	2269.491628935843	-19.930032441110143	5150592.253809866	397.20619310370273	2154.0100977880484	-0.2964003692859478	4639759.5013728775	0.0878531789128462	2151.3958133721503	1493.33242199823	1.065207	26.730497	0.2105250480259101	0.1380498473995629	-0.1180499306	-0.0312962887	0.0302538585	-0.0944745203	-0.0688860881	0.0550170302	-0.0315126363	-0.0209782322	0.0067461728	0.0168466819	0.0339248598	-0.0622631157	0.1097167173	-0.0910616903	-0.0126781118	-0.0017085053	0.0671793644	0.0814631609	0.0491538578	-0.0477453375	0.0220819707	0.0383805967	0.0751486128	-0.0095733874	0.0324025702	-0.05575174	0.002907808	0.0703714353	-0.0546792525	0.0537718241	-0.0303460472	-0.0659280675	0.019398918	-0.0341350223	0.041465716	0.0054355634	0.0012654211	0.0373944016	0.0946623595	0.0396996301	0.0494608223	-0.0453631304	-0.0470135619	-0.1441455454	0.0201161466	-0.0039263137	0.0186899881	0.0344287876	-0.0567529649	-0.0582773134	0.0820700642	0.0166626015	-0.0185677776	-0.0532696077	0.0700507287	0.0067763553	0.0650575909	0.0278488252	0.0626030244	-0.0359876004	-0.0523747748	0.0437648268	-0.0035589883	0.0193340057	0.0524416492	0.010621562	0.0526529014	-0.0170802371	0.0664866684	-0.0188017653	-0.0733958242	0.0319194497	0.008871236	0.049146589	0.064544823	-0.0005645741	0.0339431434	-0.1184483961	-0.03324003	0.0794027659	0.0111498503	-0.0569809434	-0.1248539174	0.1234575709	0.0678611099	-0.0094080204	-0.0217291947	0.0060385548	-0.0109401494	0.0248506883	0.0328632819	-0.0807763795	-0.0151477653	-0.0140499098	0.0905622108	-0.0314062051	0.0326987231	-0.0051769596	0.0933753357	-0.0575899875	0.0710840146	-0.0180208228	0.0649891064	-0.0088149808	0.0465758903	-0.0061875674	-0.011459759	-0.0382323906	-0.010746761	-0.0012642339	0.0446682953	-0.0503094238	-0.0645859422	-0.0859927052	-0.0165588772	0.1031363043	-0.011851941	0.0275881629	-0.1130138213	0.0848814362	-0.0675844968	0.0396996901	0.0447345279	-0.0596940302	0.2158240864	0.0725275418	0.0192565685	0.0587437321	0.0734682324	0.0066776141	0.0437521944	-0.0604532058	0.0069569986	-0.0426864808	0.0233432421	-0.0562181498	-0.0776318632	-0.0510498108	-0.0098640834	0.0646520124	0.0211029871	-0.0704959515	0.0400821236	0.0012824971	-0.0422967282	0.0717551168	-0.0816093689	0.0691672152	-0.0378279629	0.0071014014384331	0.0001556863282559	5.04299023897797e-05	2.423823280580393e-08	0.0214065755487098	0.0110878030014021	0.0004582414767226	0.0001229393753979	-0.3893896701643982	-0.086861942050767	0.1516243152307388	0.0075449969768308	-0.0274914476134991	0.0020817963879288	0.0007557796918857	4.333876200793401e-06	0.0014106686159875	0.0001646535468458	1.989985944132089e-06	2.7110790488902073e-08	0.000662009032316	1.9423981350999778e-06	4.3825595886796674e-07	3.772910515239872e-12	0.0	0.0	0.0	0.0	0.0	0.0	0.0	0.0	0.0	0.0	0.0	0.0	0.0	0.0	0.0
1919.8936596197043	-4.753079544915636	3685991.6642479408	22.591765160295427	2266.578067663944	-2.913561271899198	5137376.136815217	8.488839285110872	2154.2948868856943	0.2847890976458984	4640986.459661846	0.081104830137965	2148.1593228066245	1444.513421427892	1.062636	26.665987	0.2416315693760171	0.1462416778498955	-0.0988985644	-0.0210819076	-0.000180824	-0.017773185	-0.1290026848	-0.0448584647	-0.0482445995	-0.0119816974	0.0562672346	0.0316749696	0.0382261627	-0.0064900334	0.1356707897	-0.0763135408	0.0031036019	0.0999250907	0.0622283167	0.0652842642	0.047239273	-0.0259001511	0.0362122465	0.0546153702	0.0017854742	-0.0890052222	-0.0015645632	-0.0936096239	-0.0503943151	0.1308419461	-0.0346061346	-0.080820485	-0.0281925559	-0.0703091356	0.0191670465	0.1029345918	-0.0438299604	-0.0492647442	-0.0105888612	0.0616301406	-0.0076978228	-0.0654487759	-0.0295915301	-0.1253119701	0.0112741893	0.0128581314	-0.0312954462	-0.0210224157	0.0140640703	0.0133733	0.0230364064	-0.0269351661	-0.0003978186	0.0281666028	-0.0051831574	-0.0078092021	-0.009759533	0.0171321478	0.0060634647	0.039752647	-0.0335589862	0.0745148147	-0.0384523508	0.0081669241	-0.0793505686	-0.0487875617	-0.0283641013	0.028162232	0.0544001321	0.0939066079	0.0625596152	0.0211270983	-0.0779989044	-0.0200486366	-0.1162771474	0.0253318508	-0.0141521486	-0.0010324626	-0.0292738831	-0.1311660342	0.0381321902	0.128682253	0.0142480361	-0.0081556751	-0.0340668621	0.0473515521	-0.051240008	-0.0032202971	-0.062060995	-0.0487891162	-0.0547582011	0.000566437	-0.1295354999	0.0540083198	-0.0231210447	0.046543402	0.0078178332	0.0683200629	-0.0054062395	-0.0516737722	0.0028622457	-0.1039549099	0.0328203971	-0.0630220354	0.0196713509	-0.0630924261	-0.083154779	0.0130001396	-0.0541216091	0.0498885157	0.0444598931	0.0050634352	0.0597299464	0.0200848999	0.0259321512	0.044926013	-0.0915072101	0.042358915	-0.0849312917	0.0213148001	-0.0996329462	0.0722218401	-0.011801725	-0.0251878045	-0.0778705971	-0.0397135762	0.2486910058	0.0249336988	0.0526987586	0.0138139504	0.1054393501	0.0468786297	0.0520955546	-0.0280309207	0.0546005081	-0.0516516476	-0.0600245115	-0.0203042711	-0.0660251049	0.0501897019	0.0312296492	0.0553983298	0.0540473723	-0.0709234662	0.0415630576	-0.0012824971	-0.0393350228	0.0696177779	-0.0816093689	0.0721591615	-0.0437500746	0.0117629654549773	0.0046615640165442	0.0001383673562949	2.1730179080339703e-05	-0.0066011666168463	-0.0280077421655561	4.3575400703366025e-05	0.0007844336212122	-0.2491671691432913	0.1402225010211069	0.0620842781788815	0.0196623497926143	-0.0283165845429377	-0.0008251369294385	0.0008018289601773	6.808509523233605e-07	0.0008750022119397	-0.0005356664040478	7.656288708993677e-07	2.86938496425501e-07	0.0006480171223462	-1.3991909969800014e-05	4.199261908538499e-07	1.9577354460298904e-10	0.0	0.0	0.0	0.0	0.0	0.0	0.0	0.0	0.0	0.0	0.0	0.0	0.0	0.0	0.0
1920.858776303932	0.9651166842277236	3689698.438503839	0.9314502141747152	2276.373572609641	9.795504945697305	5181876.642075581	95.95191714118032	2154.466452002832	0.1715651171375611	4641725.69280567	0.029434589418425	2151.839168012767	1469.9394907826766	1.07232	26.909002	0.2078612211163032	0.1305686635611138	-0.0853922372	-0.0372637475	0.0166293801	-0.0929390421	-0.0193308606	-0.0209054198	-0.0339522077	-0.0219228209	0.0695733976	0.0104042411	0.0145430759	-0.0663090316	0.0982688419	-0.0764063256	-0.0048067021	-0.0074797083	0.0510931566	0.0652467366	0.0321986657	-0.0623955832	-0.017191474	0.0690171358	0.0439266478	0.0089353005	0.0206380571	-0.001149073	-0.0192209162	0.1256404502	0.0672909956	0.0198503304	0.0376105563	-0.0069209637	0.0237042813	0.0357090319	-0.012437851	-0.0026488775	-0.0558521261	0.0194985012	0.041324148	0.0065398355	0.0016382588	0.0698531756	-0.0358819856	-0.0470130403	0.0307236226	0.0435772038	0.0171658152	-0.0154196474	0.0262736147	0.0190045442	0.018100139	-0.025954049	0.0432209089	-0.034445879	0.0049465938	0.0347737579	0.0628339924	-0.0491952206	-0.1036243346	0.006526087	0.0002878127	-0.0111308625	0.054383899	0.0078592803	0.0517853173	-0.0352727234	-0.0367341325	-0.0297984607	0.0578156903	-0.0006242921	-0.085583968	-0.0084999908	0.010237683	0.0817768217	0.0179675966	-0.0575732291	0.0066565062	-0.0403137915	-0.0580403787	0.0626516448	0.0635257136	-0.0080525896	0.014574409	0.0781253645	0.0737570243	-0.0299069421	-0.0714678108	0.0044067024	0.022114526	0.0286978455	-0.064199309	-0.0071155691	-0.0099818628	-0.0090261066	0.0189875669	-0.0372444786	-0.0595679838	-0.0161235642	0.0114989985	0.0548867709	0.0900825719	0.0889643947	0.0394341267	0.0601676424	-0.0166250264	-0.0414290573	0.0009633849	0.0365250132	0.0377716275	0.0609908928	-0.012163043	0.0058375209	-0.0591159593	-0.0142421938	-0.0524455182	-0.0421564264	0.0059824489	0.0308180438	-0.0860237419	0.0649929289	-0.0443725707	-0.0015802686	0.0440090571	-0.0792913265	0.1889508152	0.0617993248	0.0328719362	0.0789931114	0.0619377081	0.014887835	0.0399915275	-0.0353790302	0.0100301864	-0.0252642112	0.0136355388	-0.023624064	-0.0229905999	0.0119412474	0.0012772583	0.0053236364	0.0203050581	-0.0713432033	0.0430257605	-0.0038462256	-0.0363043104	0.0672896215	-0.081287294	0.0747635377	-0.049365311	0.0087082815553571	-0.0030546838996202	7.583416764737269e-05	9.331093726598874e-06	0.0180391585691381	0.0246403251859844	0.0003254112418825	0.000607145625271	-0.3655833439515348	-0.1164161748082435	0.1336511813747862	0.0135527257569835	-0.0272527308220486	0.0010638537208891	0.000742711337259	1.1317847394495872e-06	0.0010818081524084	0.0002068059404687	1.170308878617276e-06	4.2768697013143486e-08	0.0006523582054375	4.341083091300053e-06	4.255712282016355e-07	1.8845002405571228e-11	0.0	0.0	0.0	0.0	0.0	0.0	0.0	0.0	0.0	0.0	0.0	0.0	0.0	0.0	0.0
1915.491257438608	-5.367518865323973	3669106.75732374	28.81025876960875	2270.3922590775924	-5.981313532048716	5154681.010079454	35.77611156866909	2154.1965732133176	-0.2698787895142231	4640562.8760440005	0.0728345610296623	2151.998409503161	1482.3314209165596	1.042828	26.168924	0.2393737735784573	0.1485790405749482	-0.033917884	-0.0354716637	-0.0412815579	-0.081321347	-0.0133805382	-0.026343361	0.0339223914	0.0075109832	0.0175414924	0.0104778271	0.0796186312	0.0441085116	0.1215480858	-0.0404137074	0.0543390141	0.0833645349	0.0482470953	0.0597796338	0.0388060062	-0.0170175019	-0.0145455762	0.0573017892	0.0050801382	-0.0521161235	0.0586611896	-0.0677091744	0.0326997142	0.0270607061	0.0393745103	-0.019306831	0.0107045295	-0.0498984297	-0.0002617388	-0.0123455866	-0.0389631023	0.1010687187	0.0089575552	0.0342521142	0.0248289313	-0.0074597126	0.0613092655	0.1247329082	0.0607128982	0.0204044412	-0.0124258085	-0.0042505185	0.0377394631	-0.0407159256	-0.028091054	-0.1459529848	-0.1588043251	0.0299078962	0.021459313	-0.0322878126	0.0341862566	-0.0100269493	-0.0173262435	-0.0305007968	-0.0320308911	0.0015340859	-0.0869174738	0.0439477762	-0.0400481101	0.0646789019	-0.0803817385	-0.0568079132	-0.1069948685	0.0553990851	0.0455915669	0.0196593891	-0.0643560784	-0.0090292891	-0.021921921	0.0220436133	-0.0128131176	-0.0192190791	0.002924265	-0.1577156248	0.0020235987	0.0954728218	0.0140670707	0.0149731561	-0.1090762094	0.0274150056	0.0675733089	-0.0361423328	0.0058757285	0.0037151225	0.0226099033	0.0081614856	0.0438682764	0.0375268716	-0.0351485804	0.0217873699	-0.0843878838	-0.0634331619	-0.0662283618	-0.0612686993	-0.0307691014	0.0477759321	-0.0015885177	0.0017493794	0.0012455701	0.0967980532	0.0146720558	0.0516727271	0.0436508101	0.0294490981	-0.1149304815	-0.0305383409	0.0125413676	-0.0287922064	0.0015016789	-0.0160560257	-0.0456871023	-0.0635373067	0.0384049744	0.0542039283	-0.0595341467	0.0409228198	-0.0304354246	-0.0147569103	-0.0514108171	-0.0027273254	0.1537724016	0.0954990258	0.0580024478	0.0218400831	0.0861510256	-0.0111110942	0.026502064	0.0692546587	0.0446284102	-0.0361572828	-0.0735985939	-0.0384864557	-0.0302401557	0.0386501516	-0.0225726412	-0.0112561435	0.0059365739	-0.0717551168	0.044469591	-0.0064061583	-0.0332099078	0.064777029	-0.0806444153	0.0769663555	-0.0546342852	0.0092688603459691	0.0005605787906119	8.591177211307841e-05	3.142485804840109e-07	-0.0107928075365464	-0.0288319661056845	0.0001164846945209	0.0008312822695193	-0.2463112689338089	0.1192720750177259	0.0606692412037831	0.014225827879034	-0.0255611975670697	0.0016915332549788	0.0006533748210627	2.861284752699504e-06	0.0012028398725334	0.0001210317201249	1.4468237589561658e-06	1.464867727641632e-08	0.0006539763036223	1.6180981847999142e-06	4.2768500569948666e-07	2.6182417356527774e-12	0.0	0.0	0.0	0.0	0.0	0.0	0.0	0.0	0.0	0.0	0.0	0.0	0.0	0.0	0.0
1904.9331210687424	-10.55813636986568	3628770.1957447	111.4742436046804	2233.851459387577	-36.54079969001532	4990092.342608008	1335.2300419858236	2145.549528538721	-8.6470446745966	4603382.779412728	74.77138160446943	2140.699861922354	1431.5173320815568	1.093658	27.444447	0.1444420392907723	0.1050366949601865	0.0129254185	-0.0535878804	-0.0628717171	-0.0203918373	0.0619393508	0.0870764346	-0.0057855957	-0.1070972827	0.0113900971	-0.119685472	-0.0137811463	0.0913432251	0.1066857054	0.054941715	0.0637823617	0.022031453	0.0769818452	0.0387818222	-0.0710286159	0.0050742375	0.0169109069	0.0412208339	-0.0426739834	0.0265398147	0.0149352575	-0.0727197985	-0.0398558769	-0.0027396672	0.046873601	0.0001821924	0.0868787932	-0.0201325923	0.0520194106	0.0048391881	0.0247338161	-0.0305862821	-0.0413181875	-0.0719539606	0.0269361654	0.009201239	-0.0108342674	0.0787940192	-0.0803497533	-0.0282799355	0.0200925039	0.0121863533	0.0677094041	0.0020072587	-0.018639777	-0.0376925334	-0.0565896753	0.0649540094	-0.0500772081	0.0305034823	0.0297301284	-0.0851391185	-0.0204663723	0.0335481481	-0.0040834788	-0.0245015561	-0.0169285895	-0.0874006345	0.0023016054	0.0281896332	-0.0553790933	0.0718791376	0.0266389185	0.0661953891	0.0792879651	-0.0730268943	0.0388613419	0.0128606234	0.0217445859	-0.0269311879	0.0001571736	-0.1001558689	-0.0263134881	-0.0347137332	0.004182085	-0.0056335027	-0.0047306106	-0.0974260612	-0.0314737453	-0.0308400028	-0.0147194711	-0.0450301459	-0.0397969458	0.0575843836	0.070369689	-0.0941089287	-0.0670910602	-0.0873896514	0.0186344799	-0.0317371988	0.0086037901	-0.097249144	-0.0720841896	0.0035815812	-0.002522264	0.0121465569	0.0124428478	0.0151789804	0.005606195	-0.0063464648	0.0451069294	0.0155458334	0.0069179013	-0.0459586735	-0.0405082067	-0.0691359614	-0.1006239402	-0.0790191616	0.0262195063	-0.068410519	-0.0160434691	-0.0264757991	0.0325060684	0.0677489403	-0.0154959295	-0.0006481362	-0.001740771	-0.0827311385	-0.0092687947	-0.0748214167	0.0391090644	0.075200363	0.0462339352	0.0279027333	0.0492034092	-0.0121364375	0.0231871773	0.0718134665	0.0095632232	-0.0131008747	-0.0533297294	0.0117459687	0.0393195108	0.0513838844	-0.047757038	-0.0673945147	-0.0060265365	-0.0721591615	0.0458939156	-0.008959769	-0.0300572439	0.0620868871	-0.0796832699	0.0787557834	-0.0595200392	0.02403399367968	0.0147651333337109	0.0005776328521948	0.0002180091623622	0.0077002961563579	0.0184931036929043	5.929456089562025e-05	0.0003419948841965	-0.2502456168915259	-0.003934347957717	0.0626228687734203	1.5479093852392097e-05	-0.0236139886674176	0.0019472088996521	0.0005576204607849	3.791622498884349e-06	0.0010119978892109	-0.0001908419833225	1.0241397277673169e-06	3.6420662598465375e-08	0.0006470381004681	-6.938203154199904e-06	4.1865830345736725e-07	4.81386630089495e-11	0.0	0.0	0.0	0.0	0.0	0.0	0.0	0.0	0.0	0.0	0.0	0.0	0.0	0.0	0.0
1915.356445367331	10.423324298588568	3668590.3128101774	108.64568943354686	2270.413856737541	36.56239734996416	5154779.080865837	1336.808899976666	2152.4417261746366	6.892197635915636	4633005.38457765	47.50238825252108	2149.4376334584235	1443.9474182672568	1.045989	26.248245	0.106235163578433	0.0846570281751999	-0.0013453034	-0.0597604588	-0.0262829604	-0.0145147325	0.0056200921	-0.0742718966	0.0085314565	-0.0730325546	0.0570385765	0.0126756373	0.0272919225	-0.0155058086	0.0981516847	-0.0251266221	0.0620878829	0.0417595975	0.0590780842	0.0111946616	0.0007852626	-0.0291750906	-0.0438233194	0.0197653475	0.0136174645	-0.0268054637	-0.017451421	0.0409236087	-0.0644971471	0.0378135172	0.0349426066	-0.0022239702	0.0101130021	0.0224944032	0.0098983037	-0.0686192206	-0.0458192202	0.0121719225	0.0083673222	0.0256713439	0.012594304	-0.0020498744	-0.0396445977	-0.0216380581	0.0116346394	-0.0350149652	-0.0225038006	0.0532619132	0.0522465501	0.0545788286	0.0272471575	-0.0106709856	0.0444445198	0.0465732236	0.0921587862	0.0393292426	-0.0388615744	0.0284468773	-0.0313826868	-0.0597292244	0.0463242687	0.0688708464	-0.0467287478	0.0147101738	-0.0036593663	-0.0787727035	-0.0607038588	-0.1056393627	0.0931795729	-0.0367397361	0.0524211012	0.0368771673	-0.0321251673	-0.0708798642	-0.065977147	-0.0214405356	0.0145333308	-0.0112078896	0.0323642249	-0.0269676814	-0.100086791	0.0019333141	0.0072683609	-0.0081005178	0.0505758702	0.0054744184	0.0349299439	0.0106808373	-0.0611090322	-0.0076637041	-0.0441298754	0.0333859759	-0.0078347574	0.0709483796	-0.0076436999	0.0439818851	0.0020542562	-0.0154113714	0.0495734973	-0.0046430343	0.0142697921	0.0523620969	0.0219770308	-0.0159740747	-0.0004829579	0.0257871727	-0.0388721538	0.0625963189	0.0726746766	0.0871242821	-0.0732257037	-0.043307976	0.0687229782	-0.0293747782	-0.0077762887	0.0278000098	-0.0372926754	0.0385870533	-0.096744942	0.0716532449	-0.0186047976	0.0324464688	-0.0605297382	-0.0238620152	0.0675726894	-0.0200373466	0.0465785374	0.0312632393	0.0755597796	-0.0423710297	0.0585555453	-0.0221370798	0.0470191831	0.0201345487	-0.0001431128	0.0254721369	-0.0200732067	0.0030905904	0.0107104738	0.0704705903	-0.0237840531	-0.0045814814	-0.0398440111	-0.0725552932	0.0472981097	-0.0115045374	-0.0268518493	0.0592265694	-0.0784076511	0.0801222105	-0.0639883028	0.0181894646814271	-0.0058445289982528	0.0003308566253968	3.415851921141903e-05	0.0074848328210777	-0.0002154633352802	5.602272235948197e-05	4.642444885006798e-08	-0.3283736549342109	-0.0781280380426849	0.1078292572548522	0.0061039903283992	-0.0237039348974578	-8.994623004019917e-05	0.0005618765296229	8.090324298444426e-09	0.0006690209354112	-0.0003429769537996	4.47589012018477e-07	1.1763319083772153e-07	0.0006390186202637	-8.019480204400067e-06	4.083447970437228e-07	6.431206274876455e-11	0.0	0.0	0.0	0.0	0.0	0.0	0.0	0.0	0.0	0.0	0.0	0.0	0.0	0.0	0.0
1918.793581303107	3.437135935776041	3681768.807650003	11.813903441003042	2262.1758866743608	-8.237970063180455	5117439.7422509305	67.86415076185739	2153.6657007212502	1.22397454661359	4638275.950463153	1.498113690757943	2149.393148938065	1430.7556896962917	1.052384	26.40873	0.0951800819077226	0.0606697164822688	0.0147973993	-0.0664535153	-0.0360224213	0.0331892775	-0.0119206752	-0.0239090145	-0.0499543862	-0.0546857147	-0.0354321388	-0.0482565047	0.0539021718	0.019494527	0.0364676548	-0.0160820134	0.0135316603	0.0307859141	0.0411540468	0.012239322	0.0224564483	-0.014850213	0.0322194664	0.055443825	0.0466271069	0.0089457138	0.0073854278	0.0196910862	0.0223350451	0.0370943773	0.0300588046	-0.0554615029	-0.0087041255	0.0679274653	0.033560951	0.0152042112	-0.0652960231	-0.084289857	-0.0324970074	-0.0364929665	-0.0744092541	0.0070637621	0.0127688581	0.0059414772	0.0271987724	-0.0149782719	0.0258078799	0.0065447493	0.0305690086	-0.1015612935	0.0874227418	-0.0297788695	0.0843415324	0.0320380674	-0.0061201287	-0.1247774749	-0.0717893505	0.012745053	-0.123947392	0.0344095847	-0.0023899363	-0.0594864049	-0.1183305754	-0.0692776033	0.0257760701	-0.0212607137	0.0743824338	-0.0119140194	0.0377613179	-0.0787314849	0.0430929471	0.0341410757	-0.0402413083	0.0460804309	-0.038736976	0.0516717554	-0.0209391328	-0.0564637054	0.0013323066	0.0086995093	-0.0220781266	0.008239499	0.0414248168	0.0663251213	0.0036072147	-0.0196456065	-0.0194159189	-0.0596849303	-0.0600153239	-0.0112141166	0.0844253414	-0.0210143592	-0.0678624486	0.043536529	0.1357112743	0.0076340872	0.0194445589	0.0487092543	-0.029630376	0.0372948487	0.0169202537	0.0137562871	0.0339293999	-0.0205979176	-0.0458375656	0.004359956	-0.0772416594	0.0516654793	0.0365899398	-0.0470393646	0.0481309219	-0.0310025734	0.0161802948	-0.0434901481	-0.1096856187	0.044297891	0.0303889063	-0.019240522	0.0396702456	0.0785155183	-0.0159396481	0.0255724544	-0.0373078414	-0.012973346	-0.0210883526	0.0373485862	0.0358874693	0.0037778119	0.0676596642	0.0862075252	0.0352509402	0.0422592319	0.0024738251	0.0311523587	2.82923e-05	0.0267999478	-0.0358428114	0.0040863532	-0.0193400138	0.0578048633	0.0179456575	0.0072250164	-0.069549179	-0.0729434684	0.0486815572	-0.0140379523	-0.0235993474	0.0562039158	-0.0768225931	0.0810582975	-0.0680077345	0.0190439601887817	0.0008544955073545	0.0003626724196719	7.301625720891946e-07	0.0125405931983948	0.0050557603773171	0.0001572664777676	2.5560712992849544e-05	-0.2802606304611501	0.0481130244730608	0.0785460209864813	0.0023148631239453	-0.0242811844311019	-0.0005772495336441	0.0005895759173771	3.3321702409233445e-07	0.0009088008652482	0.000239779929837	8.25919012675877e-07	5.7494414752636656e-08	0.0006451251877824	6.106567518699975e-06	4.161865079112768e-07	3.7290166860441565e-11	0.0	0.0	0.0	0.0	0.0	0.0	0.0	0.0	0.0	0.0	0.0	0.0	0.0	0.0	0.0
1915.7425684690124	-3.051012834094536	3670069.588644249	9.308679313809572	2248.751736727628	-13.42414994673254	5056884.373435524	180.20780179235928	2150.4589222415248	-3.206778479725472	4624473.57624818	10.283428218030409	2146.914021042158	1465.5146441878728	1.052645	26.415257	0.044067760094468	0.0260218043701444	0.0305852651	-0.0650340621	-0.0624520957	-0.0712521208	0.0514368166	0.0684562201	0.0320251963	-0.0656025458	-0.018735246	-0.0654545509	0.0346132142	0.0278605972	0.0115538876	0.072538337	0.0323332803	0.0049539192	0.0536119046	0.0120812147	0.0034496835	0.0318946757	-0.0101697719	0.0283421439	-0.0339180384	-0.0275540206	0.013525193	0.0096554857	0.0068818349	-0.0300193587	0.0492317135	0.0153448276	-0.001331004	0.0135644177	0.1082445862	-0.0169987387	0.0216361342	0.0239559206	0.0356079896	-0.0427439355	0.0001864983	0.0247734849	0.0630776026	0.0082166627	-0.0102409213	0.0554228812	-0.0221037648	0.0533135064	-0.0616971989	-0.0534021666	-0.0150050352	-0.0071269906	-0.0336184507	-0.0216724474	0.0191011004	0.0214424577	0.0276128987	0.0772026894	-0.1001922923	0.0615225083	0.0772555675	0.0272661837	0.0514352465	0.0287427984	0.0514168642	0.0485312314	0.0608202483	-0.0651814508	0.0379223438	0.1398486542	0.0515762354	-0.0229681494	0.0104084738	0.0112396536	0.0485656338	-0.0705255926	-0.0082083622	-0.025038361	-0.01470252	-0.0712256793	0.0011449933	-0.0290126696	-0.0171303438	-0.0405408692	-0.0124739875	-0.0208199872	0.0475493603	-0.0620768263	-0.0027719982	-0.0116981302	0.093670492	-0.0218753685	0.0582837938	-0.0513756475	-0.0144212285	-0.0101897138	-0.0389313944	0.0445160539	0.0351235216	-0.0082788474	-0.0203784618	0.0145629805	-0.0986933804	-0.0242792266	-0.0308973326	0.0191407123	-0.0220447297	0.0233439092	0.0602614426	-0.0586947476	0.0046133487	-0.0203176456	-0.0044160335	-0.0409623879	0.0357435295	0.0582486956	0.0492483428	-0.0264809512	-0.0017901706	0.0768220199	-0.0011496776	0.0152433735	0.0263471224	-0.0735978018	-0.0263592595	-0.0199028901	0.020180746	0.0916941849	0.0330662441	0.0193387687	0.0062054249	-0.0292190364	0.0406565878	0.0153802478	0.0266530764	0.034473521	0.0040986505	0.0346137788	-0.0096395567	0.0458568195	-0.0404304335	-0.053049584	-0.0189919315	-0.0733236445	0.0500436514	-0.0165575133	-0.0203054443	0.0530272111	-0.0749343514	0.0815590168	-0.0715501408	0.0286884611482065	0.0096445009594248	0.0008230278030521	9.301639875634587e-05	0.018025129366606	0.0054845361682112	0.0003249052886828	3.0080136980416796e-05	-0.2562074181928579	0.0240532122682921	0.0656422411370499	0.0005785570204235	-0.0243176787170649	-3.649428596299784e-05	0.0005913494981863	1.3318329079490608e-09	0.0008487979774873	-6.000288776090003e-05	7.20458006586531e-07	3.6003465396471663e-09	0.0006439121475355	-1.2130402468999051e-06	4.146228537437796e-07	1.4714666405989834e-12	0.0	0.0	0.0	0.0	0.0	0.0	0.0	0.0	0.0	0.0	0.0	0.0	0.0	0.0	0.0
1915.4445156560969	-0.2980528129155573	3668927.69255702	0.0888354792868762	2261.4595674456973	12.70783071806909	5114199.37519168	161.48896155910035	2155.103472633656	4.64455039213135	4644470.977757644	21.57184834504748	2151.1949675937867	1471.3213477202662	0.967816	24.286549	0.1251450819474437	0.0673785104807953	0.036986031	-0.0725052093	-0.0433898575	-0.061067507	0.0348811288	-0.0565662531	0.066878005	-0.0359988602	-0.0073905552	0.0282798243	0.0868075803	0.0062462084	0.0718651285	-0.014644321	-0.0191957326	-0.010453226	0.0160039866	0.0117632759	0.0590398577	-0.0276022818	0.0045973246	-0.0548308145	0.0175796754	-0.0224451288	-0.0285896096	-0.0073650678	-0.0686294199	0.0022462312	0.0250009793	-0.0544239058	0.0778550501	-0.0011588282	0.0321210356	-0.0072422613	0.0456221121	-0.0547543466	0.0053202228	0.0179749185	0.0282291627	-0.0037033175	0.09036004	-0.0719696672	0.1304526243	-0.0539209017	0.0067922716	0.0105929628	-0.0797008654	0.0579590507	-0.0085982479	0.1562907554	-0.0318927378	-0.0299320088	-0.0042167882	0.0137950971	-0.0821944776	0.1035217618	-0.0792083421	-0.0360451673	0.0583819931	-0.0406555178	0.0002995486	0.0680242799	-0.1061625041	0.0887597778	0.0659347561	-0.0731626158	-0.044723103	0.0095470925	0.0171358506	0.04570161	-0.0617867823	-0.0185437611	0.0022084244	-0.0163359469	0.032482955	0.041231767	-0.0070440038	-0.0064650562	-0.0542764434	0.0124283648	0.0158201783	0.0002568773	0.0451703303	-0.030039974	-0.0337408858	0.0030422686	-0.0576296663	0.0706399262	-0.0100866298	-0.0263978768	-0.0384170642	0.0059536435	-0.0106898078	0.002891289	0.0222349238	0.1431099821	0.0303441258	-0.0123074114	0.135391272	-0.0094996341	-0.0449901276	0.0740938668	-0.0596942571	0.0742212371	-0.0223187085	0.0093526274	-0.0166617267	0.114651841	0.0499129774	0.0366497105	0.0525845213	0.0252700458	0.0289017009	0.0523019033	0.1177258023	-0.0516501438	0.0392554315	0.080650255	0.0009742407	0.0335148259	-0.0320558889	-0.0095207067	0.0742394647	0.029604713	-0.0240705685	0.0310146408	0.0729817735	-0.0095844627	0.0159920524	-0.0120054473	0.0050505062	0.0534080317	-0.0214376381	0.0375844089	-0.0110433567	-0.0393715258	-0.020915463	0.0303360801	-0.0419584139	0.0350089042	-0.0194271007	-0.0736957799	0.0513837948	-0.0190607341	-0.0169759185	0.0497051625	-0.0727503781	0.0816216788	-0.0745906743	0.0388154642072464	0.0101270030590399	0.001506640261624	0.0001025561909578	0.0044896832112044	-0.0135354461554016	2.0157255336970653e-05	0.0001832083026257	-0.3158087792065203	-0.0596013610136623	0.0997351850239126	0.0035523222346809	-0.0237719635774353	0.0005457151396295	0.0005651062523269	2.978050136209519e-07	0.0008909396186977	4.2141641210400086e-05	7.937734041652032e-07	1.7759179239060906e-09	0.0003941434939887	-0.0002497686535468	1.553490938536204e-07	6.238438029458145e-08	0.0	0.0	0.0	0.0	0.0	0.0	0.0	0.0	0.0	0.0	0.0	0.0	0.0	0.0	0.0
1918.2783992259915	2.833883569894624	3679792.016937032	8.030896087718698	2257.04519144694	-4.41437599875735	5094252.996233754	19.486715458404955	2155.475844042466	0.3723714088100678	4646076.114250582	0.1386604660991946	2150.7804457946395	1434.246725916013	1.117042	28.031248	0.2402480094060581	0.1377609729569286	0.0311809957	-0.0695921921	-0.0547856807	0.0181726891	-0.0690577129	-0.0463661044	-0.021287404	-0.0582072432	-0.0285904061	-0.0135218121	0.0033741549	0.0034807759	0.0145957606	0.0861088304	-0.0392286197	0.0204721645	0.009243261	-0.0052681063	0.0737393282	0.0086468689	0.0372073479	0.011014505	0.0453283557	0.0957213744	0.0519379445	-0.0613187215	0.0235134307	-0.0195412384	0.0901885288	-0.0088137525	0.0177411935	0.0026191177	-0.0798708942	0.1107536104	0.0688094803	-0.1441565626	-0.0143378328	-0.0430182483	0.0683809647	0.0111054088	0.0560235143	0.0228309971	0.0070032356	0.0073619268	-0.0054935394	-0.0491709096	0.0753827561	0.1341150667	-0.0270992703	0.07197993	-0.037637957	0.0724092194	0.0410534944	-0.0826577156	-0.0289669067	0.0126812241	-0.087562279	0.0810761443	-0.0364166624	0.0095653556	-0.0742084801	-0.0390142599	-0.0456904081	-0.0521681879	0.0413454956	-0.0148415346	-0.042117871	-0.0108318797	0.0095289288	0.0678727863	-0.0452188671	0.0610651246	0.0006949503	0.0672885947	-0.0371588286	-0.0169448444	0.0137392034	-0.0448448608	0.0053475754	0.0944951478	-0.017527906	0.0715974062	0.0541652833	-0.0309685263	-0.0584270488	0.0266816898	0.1066388881	0.1033527655	-0.0076808287	-0.0129187984	-0.0882167821	-0.1037270055	0.0298961662	-0.0565316999	-0.0425048673	0.0223710498	0.0352294165	-0.0626194293	0.0648836455	0.0282751381	0.0278631688	0.0484426038	0.0021932929	-0.0581446276	-0.1060471008	0.0182521358	0.0663619357	0.0745444692	0.0427455939	-0.0650291889	-0.0063778121	-0.0518605335	-0.1044308924	-0.0040242024	-0.0684379725	-0.0635795634	0.0680511405	0.0712415052	-0.0011429534	0.0461692966	0.0336798586	-0.0460799874	-0.0418553907	0.0495638557	0.0323968872	-0.0139264072	0.0675571662	0.063788772	0.0248836653	0.0256091583	0.0168054758	0.0454444733	0.0367648773	-0.0066391787	-0.0472266929	0.0148002616	-0.007560627	0.0429995175	-0.0186291861	-0.0384998364	-0.0289564303	-0.0740598336	0.0527013995	-0.0215451443	-0.0136166111	0.0462468756	-0.0702792922	0.0812459471	-0.0771080077	0.022845456101038	-0.0159700081062084	0.0005219148644644	0.0002550411589123	0.0093493619951345	0.0048596787839301	8.741056971606534e-05	2.361647788298033e-05	-0.2262971024258107	0.0895116767807095	0.0512103785663178	0.0080123402800942	-0.0255477737989717	-0.0017758102215363	0.0006526887460834	3.153501942913156e-06	0.0014473078560857	0.000556368237388	2.094700030287385e-06	3.0954561557423e-07	0.0006600979497685	0.0002659544557797	4.357293032885771e-07	7.073177254912957e-08	0.0	0.0	0.0	0.0	0.0	0.0	0.0	0.0	0.0	0.0	0.0	0.0	0.0	0.0	0.0
1910.1034581823296	-8.174941043661875	3648495.220960095	66.8296610673475	2253.0031645803742	-4.04202686656572	5076023.2596091805	16.337981190039095	2151.6952869248576	-3.7805571176086232	4629792.607774645	14.29261211950122	2148.201075843795	1454.2013079740657	1.275066	31.996742	0.1801997004761318	0.1024006196618809	0.0069775799	-0.0637761611	-0.0509747831	-0.1130912594	0.0102150119	0.093028346	0.0500096408	-0.0325220172	-0.0387326464	-0.0428491967	-0.0137727662	-0.0694827902	0.045118882	0.1075003057	-0.008765531	0.0013887258	0.0284391346	-0.0515911375	0.0331463023	0.0155649767	0.015118942	0.0186250867	0.0251556693	0.0665425694	0.0877235748	-0.0058461617	-0.0515909989	-0.1179750425	-0.0143539256	0.1285044632	-0.0328745326	-0.0042127535	-0.0364722845	-0.035089016	-0.0594360112	-0.123610414	0.0242120551	0.0212626849	-0.0382912743	0.0679394112	-0.0368764689	-0.0045446338	-0.0052383907	-0.0319845287	-0.0079798336	-0.0320473391	-0.0197040202	-0.00299178	0.052031984	-0.0413954427	-0.0030847463	-0.0377136231	0.0369950115	0.1128686656	0.0540573231	-0.0498017034	0.0184492753	0.0472465804	0.0594355066	-0.0123123746	0.0082490988	-0.1606494074	0.0116532541	0.1208358113	0.0367080335	0.0201789301	0.029833962	0.0314434089	0.0246076836	0.0357270032	0.0326095786	0.0394618422	0.0899594829	-0.0381403602	0.0214645418	-0.0108424536	0.0351169634	-0.0254707245	-0.0116200924	-0.0431663143	0.0449253077	-0.0747783132	-0.0217974187	0.0560565845	-0.0257394583	-0.0208586832	0.1332168212	0.0665510149	-0.0411856583	-0.0766547049	0.0384995213	0.0047996846	0.1224725228	-0.0053831506	0.0656678917	0.0238140472	-0.0186073056	0.087090651	-0.0498821132	0.0500429492	-0.010345615	-0.1050184194	-0.0017316846	-0.0228658986	0.069596176	0.0378898967	0.117327518	0.0042650567	-0.0211572672	-0.0075801871	-0.04266743	-0.0316467366	0.0617657316	-0.0568159465	0.0006696841	0.0567176657	0.0433443036	0.0575723148	0.0410778154	0.0508395558	0.1031395461	0.0727835245	0.0849632619	-0.1249202661	-0.0011521753	0.0010989091	-0.0628944933	0.0180982612	0.1624891061	-0.0415198719	-0.0643489819	0.0414474244	0.0290769124	0.0039064694	0.1175337106	0.0131130362	0.0474178785	0.0655069237	-0.0416324905	-0.012677605	0.0810019411	-0.0744157659	0.0539958877	-0.024008292	-0.0102334157	0.0426618292	-0.0675308461	0.0804338397	-0.0790844839	0.0215137163421275	-0.0013317397589105	0.0004628399908495	1.7735307854630028e-06	0.0291240664444529	0.0197747044493184	0.0008482112462609	0.0003910389360578	-0.2887680211283836	-0.0624709187025729	0.0833869700264026	0.0039026156835434	-0.0269240472855309	-0.0013762734865592	0.0007249043222335	1.8941287098058164e-06	0.0009039478887906	-0.0005433599672951	8.17121785648983e-07	2.952400540589322e-07	0.0006472846523162	-1.281329745229996e-05	4.189774211241039e-07	1.6418059160111666e-10	0.0	0.0	0.0	0.0	0.0	0.0	0.0	0.0	0.0	0.0	0.0	0.0	0.0	0.0	0.0
1912.6316074431809	2.528149260851251	3658159.665790686	6.391538685142725	2243.5370705344462	-9.466094045928005	5033458.586862285	89.60693648635359	2151.864544630664	0.169257705806558	4630521.018438536	0.0286481709748993	2150.7273851950463	1466.3421860647315	1.082423	27.162514	0.2372690066037099	0.1370658886054074	0.0144498537	-0.0902575633	-0.0054075945	-0.0910200725	0.0213215629	0.0736721855	0.040405653	-0.0399919077	-0.0366849928	0.0210726766	0.0343389569	-0.0408142089	0.0380049886	0.0809178543	-0.1403685889	0.038547351	0.0163009559	-0.0436656953	0.0529332254	0.0684115911	0.0213881734	-0.0164546288	-0.0521602892	0.0597975689	-0.0485146166	0.0243069953	-0.1315167111	-0.0922652829	0.0131439756	-0.0281272527	-0.0935463206	-0.0001278306	-0.004707807	0.0637738128	0.0010671581	-0.0460989401	0.0356637121	0.1481824579	-0.1117926429	-0.0887385668	0.0812260071	-0.0535969647	0.071059269	0.0001366014	0.0293024789	-0.1079387055	-0.1385972068	-0.1090192734	0.0025746458	-0.0552968458	-0.0302551769	-0.1472112144	-0.0104300515	-0.0330017048	0.0248410294	-0.0030354601	-0.0067919072	-0.053357956	0.0311090742	-0.0209940172	0.0564378398	-0.0570328169	0.0009090677	0.0427317043	0.041854257	0.0101220403	0.0161020871	-0.0553885482	0.0044027253	0.0665124279	0.0117581113	0.0295243644	0.0437375155	-0.1039308329	-0.0267151494	0.0341969924	-0.0243202442	-0.0050709976	-0.1113176363	0.0091412621	0.0393320566	0.0101755982	-0.1103720219	-0.0570644725	-0.0573613619	-0.0701056013	0.1450669312	-0.0155794142	-0.0103677077	-0.0271330947	-0.0041189755	0.108921386	0.0201298109	0.0606013198	0.1365680277	0.1167474138	0.0163491706	-0.0431279936	-0.0574976899	0.0032579766	-0.097760271	-0.132532579	-0.0108670906	0.0680987427	0.1113686566	-0.0610064332	0.0302199254	-0.0317815791	-0.0038226925	0.0898891264	-0.0635642366	0.0586905685	-0.0181653031	0.0047481557	0.1370632229	-0.0349070984	0.0230049859	0.0899968206	0.0694402202	0.0437036516	0.1358704812	0.1469767194	0.0057353609	-0.0286194918	-0.0718900833	0.0134898648	-0.0316068763	-0.046397771	0.1141989434	-0.054865884	-0.102537588	0.0125920177	0.0877543683	-0.0097842905	0.1568946049	-0.0357373074	0.0491427854	0.0776699963	0.0838361541	0.0413948964	0.131192903	-0.0747635377	0.0552666915	-0.0264477464	-0.0068322673	0.0389598496	-0.0645158866	0.0791897184	-0.0805062393	0.0249451534430136	0.0034314371008861	0.0006222606802954	1.1774760577337606e-05	0.0101742312008212	-0.0189498352436316	0.0001035149805277	0.0003590962557607	-0.3883859275719388	-0.0996179064435551	0.1508436287359152	0.0099237272841969	-0.0256898221245032	0.0012342251610277	0.0006599669607886	1.5233117481138522e-06	-1.3844502290139005e-05	-0.0009177923910807	1.916702436616641e-10	8.423428731257003e-07	0.0004939056481119	-0.0001533790042043	2.43942789236836e-07	2.3525118930702688e-08	0.0	0.0	0.0	0.0	0.0	0.0	0.0	0.0	0.0	0.0	0.0	0.0	0.0	0.0	0.0
1915.343546741481	2.7119392983001944	3668540.902044236	7.354614757664951	2251.4422741514263	7.905203616980088	5068992.313836146	62.49224422591507	2152.540112336068	0.6755677054038642	4633428.935215772	0.4563917245846423	2148.784574688605	1466.7499001530173	1.093163	27.432024	0.2071684577697786	0.1270505963922223	0.0419565652	-0.0854947561	-0.0539123547	-0.0991654021	0.0290380246	0.0768839698	0.0408342941	-0.0517944134	-0.0780537104	0.0142908603	-0.0214479447	-0.0573268338	-0.0081887076	0.137903328	-0.0496669319	0.0338172756	-0.0078334605	-0.1216422551	-0.007221769	0.0996857719	0.0185159565	-0.0081251358	-0.1271844751	0.0073114223	-0.0338861568	0.0336209096	0.0471230226	-0.0663964168	0.0457306237	0.0115014826	0.0331729147	0.0953832892	0.0362129495	-0.0826042678	-0.0164551013	0.025286433	0.0437890919	0.0602812248	0.0342745765	0.0976203302	0.0239967531	0.0767737361	0.0287865408	0.0674048368	0.0401551851	-0.0516826934	0.0473285567	-0.0053032874	-0.0493199853	-0.0762100087	0.0152101075	0.0262992399	0.0481348654	0.0651369676	-0.0859416193	0.1152288449	0.101793574	-0.0262988734	0.0341837222	0.0359291938	-0.0736280103	0.0220683692	-0.0176907541	-0.0262051056	0.0560821585	0.0981494763	0.0224664375	0.0122207217	-0.0136011773	0.0727760532	0.097540422	0.0606223291	0.0751208413	-0.0936715137	-0.0529863328	-0.0248678352	-0.0460843364	-0.0308272898	-0.0066253951	-0.0203106855	-0.1273321305	0.045730537	0.0215124175	-0.0361929567	0.0740741655	0.0770875833	-0.023736169	0.0461799996	0.0332805884	-0.0183634138	0.1036326795	0.0476103459	0.0187587683	-0.0074554448	-0.0273265004	-0.0140758962	-0.0180306265	0.0061842432	-0.0251924969	0.0735655804	-0.0127318374	0.0174498337	0.0578245849	0.0164006935	-0.002963863	0.0746391991	-0.0029759954	0.0563863015	-0.0318110852	0.1178304413	0.0718360475	0.0493495541	0.0233632412	-0.0140944367	-0.0476127674	0.0134637065	0.1376108745	0.0817659283	0.0488702223	0.0471238951	0.1412058269	-0.0201008349	0.0057582801	-0.0127844472	-0.0974024355	0.0296800406	0.0022536883	0.0061176323	-0.0217415127	0.0153161596	0.0165528573	0.0149848476	0.0207915646	0.0035617874	0.0079161548	-0.0146506614	-0.0091043061	0.0835417523	-0.0383739899	-0.041096425	0.0286913274	-0.0751031108	0.0565132535	-0.0288611001	-0.0034191328	0.0351510839	-0.0612463124	0.0775202656	-0.0813633012	0.0211431824097871	-0.0038019710332264	0.0004470341624135	1.4454983737493374e-05	0.0595593287397235	0.0493850975389023	0.0035473136399264	0.0024388878589268	-0.2948823617303659	0.0935035658415728	0.0869556072596783	0.0087429168250893	-0.0254635044787865	0.0002263176457166	0.0006483900603411	5.1219676762749305e-08	0.0009501193747669	0.000963963877057	9.027268263074452e-07	9.292263562708384e-07	0.0005131805924597	1.927494434780005e-05	2.633543204772887e-07	3.7152347961078905e-10	0.0	0.0	0.0	0.0	0.0	0.0	0.0	0.0	0.0	0.0	0.0	0.0	0.0	0.0	0.0
1915.090098329998	-0.2534484114830775	3667570.0847216016	0.0642360972832953	2261.6188160289416	10.17654187751532	5114919.669016152	103.562004584823	2155.527065404583	2.9869530685150494	4646296.929691694	8.92188863351147	2153.457379930924	1473.991758568553	0.992989	24.918242	0.1368787150164276	0.0716267761974963	0.0449847726	-0.1061337165	-0.0361403529	-0.0857293793	0.0025261642	0.0231784412	0.0955254805	-0.0251153742	-0.0601925697	0.0444826354	0.0748560646	-0.0991319379	0.036133673	0.0942417679	-0.0496997384	0.0153604113	-0.0211982249	-0.1123495102	0.0772829072	0.0455858444	-0.0321965654	-0.0314816208	-0.0768243692	0.072339987	-0.0664361522	0.0427574227	-0.0117309979	-0.0147018741	0.0227139652	0.005873	0.0339793492	-0.0215234698	0.0635352493	0.0021533132	0.0540746568	-0.0080283094	0.1326008491	0.0324157835	0.0182839046	0.0114544678	-0.048941982	-0.0406924189	0.0750384604	-0.0452049983	0.0332486189	0.0095665018	0.0417685483	-0.0603909324	0.0159798599	0.0286962661	-0.0326144854	-0.0137498081	-0.0262751354	-0.0204470219	-0.0348438256	0.0166102682	0.0868108064	-0.0272679952	-0.0283402423	-0.0639604053	0.0389475198	0.0497695545	0.0882737491	-0.0406511827	-0.0853256634	-0.0043747341	0.0298090293	0.0553860637	-0.0271545458	0.1289748306	0.0221928432	-0.0095173958	0.0986912886	-0.0697672487	-0.0254472228	0.0294763136	-0.0433180525	0.0190744938	-0.0719572429	0.0159955525	-0.0173581368	0.0141424084	-0.01868975	-0.0312426639	0.049419491	0.0293035707	0.0356779136	0.0292154206	0.0187220618	-0.0987815521	0.0168110988	0.0431301239	-0.0630323458	0.0830876021	0.0261975413	0.0616030759	0.0380674178	-0.003343308	0.0912819681	-0.0277654263	-0.0362170983	0.0576799203	0.0220596386	-0.03328764	0.0213479541	0.0173555027	-0.003742965	-0.0019749763	0.0246528381	0.0829692168	-0.0626721479	-0.0077657941	0.0744249425	0.0318035418	-0.0004554303	0.0290353084	-0.048642977	0.095331791	0.0517089612	0.0759482604	0.08094206	0.0326531913	0.0799719363	0.0590323109	-0.1358957913	-0.008285123	0.0176041143	-0.0176927307	-0.0092011213	-0.0279565838	-0.0046348363	0.0398410194	0.0019456099	-0.010024709	-0.0170783939	-0.061076813	-0.03755759	-0.0411598251	0.0021698536	0.0297505374	0.0017446901	-0.0754344479	0.0577350269	-0.0312459714	-0.0	0.0312459714	-0.0577350269	0.0754344479	-0.0816496581	0.0178418117210981	-0.0033013706886889	0.0003183302454911	1.089904842413488e-05	0.0300772473336081	-0.0294820814061154	0.000904640807167	0.0008691931240368	-0.355813695294124	-0.060931333563758	0.1266033857588597	0.0037126274098579	-0.0249214346891498	0.0005420697896367	0.0006210779069655	2.938396568367789e-07	0.0011826833681114	0.0002325639933444	1.398739949207325e-06	5.4086011000340625e-08	0.0006018253966358	8.864480417609998e-05	3.62193808035838e-07	7.857901307419112e-09	0.0	0.0	0.0	0.0	0.0	0.0	0.0	0.0	0.0	0.0	0.0	0.0	0.0	0.0	0.0
1908.9566982140009	-6.133400115997119	3644115.6756561	37.61859698291348	2245.618816491329	-15.99999953761244	5042803.868979918	255.99998520359827	2152.4826169050752	-3.04444849950778	4633181.416078521	9.268666666155172	2147.009263332535	1437.0059462205247	1.068629	26.816385	0.154037366262508	0.096190833380477	0.0720312875	-0.1143174917	-0.0529991333	-0.004243537	-0.0651797087	-0.0678239245	-0.0143202549	-0.0500001959	-0.0552374507	-0.0716750008	0.0707758595	-0.0026777007	0.0408525992	0.1379077089	-0.0890785044	0.0468523213	-0.0296167545	-0.1318552717	0.0195096273	0.1028267731	0.0103553546	-0.0086285952	-0.0968881356	0.0709591338	-0.0686141172	-0.0129652512	-0.0080293909	-0.0307127646	0.027031064	-0.1043243831	-0.0001335131	-0.0097724581	0.0164147136	0.0012274506	0.0486288167	-0.0555824058	0.0724238336	-0.0144665673	-0.0501129572	-0.0437072477	-0.0088001582	-0.0013166364	0.021508078	0.0194821818	-0.0090888286	-0.0978032559	0.0125713313	0.0427990104	-0.055420119	0.0973099947	-0.0245588061	0.0845398949	-0.0476713998	0.0120672897	-0.0388096999	-0.0403105031	0.0564641964	-0.0345580191	-0.0545734839	0.0865673175	-0.0347891819	0.014046934	0.0620687852	0.0247236846	-0.0492530454	0.0354393607	-0.0842048085	0.0777707318	-0.0333059868	0.1180969723	0.0617468308	0.0270577271	-0.0009724766	0.0130115764	-0.1358466034	-0.0401721088	-0.0516598539	0.0554642531	-0.0097883493	0.014820112	-0.0701650923	0.0445135652	0.0404350853	-0.1658540783	-0.1218311888	0.0611230456	0.0399751685	-0.0269748396	0.0098117502	-0.060695115	-0.0457089705	0.0894180137	-0.0225046901	-0.0094777523	-0.0303551288	0.0363240271	0.0113562596	-0.048044885	0.0648836642	-0.0711991179	0.0082640266	0.0711601245	-0.0398181286	-0.0626503479	-0.011196311	0.0410123693	-0.0567905621	0.087853162	0.0490031456	-0.0196860629	-0.033170273	0.0481681277	0.0038803448	-0.065919182	-0.092595407	0.0173812127	0.0398664867	0.0937153701	0.064176204	0.0705155296	0.1280279992	-0.0179946901	-0.0320893123	0.0792558075	-0.1169071562	-0.0754549295	0.0607151773	-0.0074750109	0.0022178824	0.0472805204	0.0020358166	0.0857025326	0.0101726416	-0.020983436	-0.0867497942	-0.0529036774	-0.0120188493	0.0429041735	0.0195759253	-0.0138930749	-0.0448763626	-0.0757575129	0.0589314758	-0.0336000067	0.0034191328	0.0272552159	-0.0539958877	0.0729434684	-0.0813633012	0.0305258144219919	0.0126840027008938	0.0009318253461258	0.0001608839245162	0.0247298334150372	-0.0053474139185709	0.0006115646607354	2.859483561652581e-05	-0.2581518231546056	0.0976618721395183	0.0666423637980467	0.0095378412697956	-0.0250473335630928	-0.000125898873943	0.0006273689186208	1.585052646011555e-08	0.0006131618237581	-0.0005695215443533	3.759674221143593e-07	3.243547894825678e-07	0.00067328652841	7.146113177420004e-05	4.533147493383898e-07	5.106693354449583e-09	0.0	0.0	0.0	0.0	0.0	0.0	0.0	0.0	0.0	0.0	0.0	0.0	0.0	0.0	0.0
1914.2035529745176	5.246854760516726	3664175.2422202663	27.529484877957028	2257.4374579227333	11.818641431404105	5096023.876432653	139.6802852841016	2157.289443930501	4.806827025425719	4653897.74489397	23.105586052363066	2152.21536939449	1425.4179822147034	1.126983	28.28072	0.2567016197603902	0.1349940698492764	0.0460934448	-0.1253596211	-0.0186446081	-0.0616650689	0.0108527069	0.025369264	-0.0068208648	-0.0685435128	-0.0025294638	-0.0528602157	-0.082172593	-0.1354870871	-0.0393004452	0.1776784073	-0.055152106	-0.0393375238	-0.0540471021	-0.1430522586	0.0567797613	0.1035812284	-0.0111058884	-0.014653356	-0.089707776	0.0550588216	-0.0559384901	0.0435180257	0.0355307217	-0.0674495963	-0.0114820923	-0.0168052433	0.0624450033	-0.0590571429	0.0310863835	-0.0413014258	-0.0380185778	0.0131521906	-0.0025696527	0.0694882734	-0.0430716122	0.0422186952	-0.0682010983	-0.0090701429	0.0105996765	-0.0355315074	0.0171780986	-0.0277904058	0.0297249179	-0.0041914258	0.0370877548	0.0775299149	0.0002735932	-0.0043850307	0.0671412231	-0.0730935638	0.0096278266	0.007265728	0.0301810526	0.0081828392	-0.0596407662	-0.0393862105	-0.0492741512	-0.0441595471	-0.0367725372	0.006049902	-0.0164554092	-0.0711381973	0.0650740749	-0.0363110748	-0.0574514742	0.1172559015	0.0624154218	0.0253080759	0.0861057237	-0.0155311584	-0.0853222539	-0.0086181031	-0.0190807454	0.0582321229	-0.0094346619	-0.0770360051	-0.1036737915	-0.0056915773	-0.0306094676	-0.0444646781	-0.0346747975	-0.0160190414	-0.0228788788	-0.0125449764	-0.0687435514	-0.0711434848	-0.0106249852	0.0870484142	-0.0461100388	-0.0185499351	0.010949422	0.0255151028	-0.0256347995	0.0538955839	0.0138182214	0.0258330279	0.0077126662	0.0640826196	0.0078919608	-0.0525277726	0.0520177763	0.0136709244	0.0571213941	0.0048960661	0.0548379029	0.0335897188	-0.0505614259	-0.0768150978	-0.0430913659	0.0353865813	-0.0408574902	0.0116147604	-0.0133166617	0.0882544241	0.0561960727	0.0927737773	0.1312619575	-0.0255315811	0.0952292332	0.0155280753	-0.1662606896	-0.0435903387	0.0141249095	0.0276438721	-0.0524924758	-0.0126868893	0.0077593688	-0.0116592127	-0.0168049091	-0.0018606751	0.0056986639	0.0019022821	0.0240754056	0.0027068143	0.032586841	-0.0366991368	0.0258353678	-0.0760722702	0.0601020755	-0.0359208828	0.0068322673	0.0231897558	-0.0500436514	0.0700607062	-0.0805062393	0.0389731171439109	0.0084473027219189	0.001518903859913	7.13569232757401e-05	0.0542585582707175	0.0295287248556803	0.0029439911456168	0.0008719455916024	-0.3882236784778214	-0.1300718553232158	0.1507176245308508	0.0169186875472235	-0.025891701555403	-0.0008443679923102	0.000670380209434	7.129573064379603e-07	0.0013638164714147	0.0007506546476565	1.859995367702043e-06	5.634824000484542e-07	0.0004952344311853	-0.0001780520972247	2.4525714183142765e-07	3.1702549326114025e-08	0.0	0.0	0.0	0.0	0.0	0.0	0.0	0.0	0.0	0.0	0.0	0.0	0.0	0.0	0.0
1920.9954809278915	6.791927953373943	3690223.637745381	46.13028532382236	2252.8657023111978	-4.571755611535536	5075403.872650126	20.900949371606668	2152.7258710297338	-4.563572900767213	4634228.675800726	20.82619762061687	2148.738888018786	1461.5567795941497	1.077438	27.03743	0.1283590652819899	0.0725496728545276	0.0260154817	-0.1232985623	-0.0088399151	-0.1123307658	-0.0164438696	0.0306027152	-0.0398002361	-0.0685657465	-0.0780882116	0.053551147	-0.0552800684	-0.0438750429	-0.0522488304	0.0984910738	-0.1148247067	0.0613549463	-0.0373518508	-0.1443518888	0.0213005525	0.1089539583	0.0262491293	-0.0213145677	-0.0262327952	0.0468146677	-0.1058631106	0.0740072783	-0.0186872916	-0.040106195	0.0710093413	0.0168206421	-0.01569592	0.0235140665	0.0542417202	-0.0202304573	-0.0861859451	-0.0502557539	-0.0164713041	-0.0111890341	-0.0342241972	0.0264897518	-0.0504120277	-0.0013242733	-0.0281762807	0.0379018338	-0.0312781027	0.0102836305	-0.0409302955	-0.0272773872	-0.0150294573	-0.0489520697	-0.1039560283	0.0567477207	0.0212445875	-0.0397908451	-0.0190997454	-0.0521238973	-0.0049964971	-0.0024078004	-0.0143484621	-0.0377884301	-0.053742082	0.0731822412	0.0443518398	-0.0686975091	-0.0894443046	0.0122484603	-0.0031819754	0.0558610241	-0.049444011	0.1357882821	0.0818010096	0.0726679961	-0.0174176695	-0.0815476827	-0.0496138831	0.0205582776	0.0451760526	0.0553635825	-0.1077917021	0.0090629954	-0.1192672485	0.0656257274	0.0024980541	-0.0185526858	-0.025201745	-0.0187590313	0.0050830246	0.0056594555	0.0302586097	-0.0400669108	-0.0066179052	0.0218239118	0.0024803566	0.0275583896	-0.0464460156	-0.0352891634	0.0244591866	0.0859045451	-0.0842122151	-0.0468970723	-0.0501378104	-0.0368663924	-0.0277251083	0.0003532114	0.0040694247	0.0286963745	0.0055264384	-0.0034792608	-0.0244939487	0.0021257332	-0.0830855283	-0.0542996949	-0.037877127	-0.0631873526	-0.0139044222	0.0426919868	-0.0270025263	0.0840134196	0.0375513812	0.1204315006	0.120177782	0.0466903333	0.0386925692	0.1289588842	-0.1213648315	0.0149766001	0.0275062779	-0.0475578322	-0.0662561535	-0.0441357481	0.0102446738	-0.0891360998	-0.0137637017	0.0250779035	0.0392560715	-0.0327915066	0.0085450441	0.007081656	0.0600574143	-0.0086536858	0.001013682	-0.0763786853	0.0612463124	-0.0382063093	0.0102334157	0.0190607341	-0.0458939156	0.0668016447	-0.0790844839	0.0242029006675323	-0.0147702164763785	0.0005857804007224	0.000218159294759	0.0355995025740298	-0.0186590556966877	0.0012673245835183	0.000348160359492	-0.3693297842384027	0.0188938942394187	0.136404489525585	0.0003569792395303	-0.0271199844204447	-0.0012282828650416	0.0007354935549651	1.5086787965550438e-06	0.0013990303072068	3.521383579210011e-05	1.957285800483153e-06	1.2400142311929907e-09	0.000238013154629	-0.0002572212765563	5.665026177644826e-08	6.616278511325259e-08	0.0	0.0	0.0	0.0	0.0	0.0	0.0	0.0	0.0	0.0	0.0	0.0	0.0	0.0	0.0
1926.4948723354669	5.499391407575331	3711382.493134847	30.24330585371338	2271.480861317028	18.615159005830265	5159625.303329548	346.5241448123436	2151.157428182489	-1.5684428472445688	4627478.280824701	2.46001296507265	2147.715702720658	1459.9621057397112	1.054392	26.459106	0.12040447062297	0.0620039025661315	0.046884286	-0.1404249512	-0.0176460695	-0.0703688384	-0.0752417497	-0.0289407296	0.0119329425	-0.0242830789	-0.0536215695	0.1186099015	-0.0668575967	-0.1115844505	-0.0974467325	0.1792970682	0.1021242623	-0.0371052314	-0.0515970572	-0.1927165762	-0.0512528692	0.1333882219	0.054502009	-0.0696219463	-0.0842072155	0.0299269033	-0.0977971004	0.1107015531	-0.0928977449	0.0369659049	0.0676679858	0.0579721633	0.0843642018	-0.0004285003	-0.0851238949	-0.0143591689	0.0201230447	0.0297380891	0.0142234729	0.0290851564	-0.0756278922	-0.0229982356	0.088346691	-0.052819232	-0.0001252722	0.0555610375	-0.0452344388	0.0479500821	0.0514173817	0.041402299	0.0171092316	-0.036361352	0.0264089789	-0.0700387966	0.0180855363	0.1023075549	-0.0262857635	-0.0935443001	-0.0571475278	0.029741384	-0.0063318825	-0.0495200394	0.0584998338	0.0372038263	0.0353514217	0.012167474	-0.0374283672	-0.0612947389	-0.0335203434	-0.0459365167	-0.0631237961	0.117185249	0.1575813675	0.0417977908	0.0015916482	-0.094655657	-0.0963278055	0.014501375	-0.0429638088	0.1128701098	-0.1084628348	-0.0429569389	-0.0668974988	-0.0944395336	0.0922602501	-0.0295880398	-0.0015925617	-0.0757047609	0.0165869568	0.0904280466	-0.0265412129	0.0613446706	0.0394710183	0.0425430707	-0.039631476	-0.0326093657	0.0353748233	0.0851664641	0.0355961971	-0.0174467076	-0.0627116051	-0.0171763528	0.0079394208	-0.0502123647	0.1138382762	0.0300636816	-0.0757261297	-0.0172626278	-0.0304116277	0.0102094376	-0.027399675	-0.0184212222	-0.0032745605	0.0153557577	0.0453226086	0.0172833923	0.043943845	-0.0266869549	-0.0832294461	0.0886834046	0.0427379308	0.1154406559	0.1919306486	-0.0650112909	-0.0435407004	0.0799077522	-0.1131679358	-0.0805162174	0.0128507514	-0.0431129403	-0.0633815196	0.0197787674	-0.023481286	-0.0883039355	-0.027288076	0.0006383955	0.0237685325	0.056011836	0.0177848283	-0.057230995	0.0271309825	-0.0469488608	0.0349642686	-0.0766767246	0.0623636846	-0.0404540309	0.0136166111	0.0148794683	-0.0415630576	0.0631837885	-0.0771080077	0.0068703950321804	-0.0173325056353519	4.720232789820913e-05	0.0003004157515995	0.0609789054223739	0.0253794028483441	0.0037184269065108	0.0006441140889385	-0.3220259651996286	0.047303819038774	0.1037007222627524	0.002237651295653	-0.0275116836052718	-0.0003916991848271	0.0007568927347965	1.5342825139421493e-07	0.0016089441737134	0.0002099138665065	2.5887013541262955e-06	4.406383135175065e-08	0.0002441749653053	6.161810676299985e-06	5.962141368184445e-08	3.796791081056448e-11	0.0	0.0	0.0	0.0	0.0	0.0	0.0	0.0	0.0	0.0	0.0	0.0	0.0	0.0	0.0
1923.0255442682376	-3.4693280672292985	3698027.243908152	12.03623723806498	2256.1789532285748	-15.301908088453274	5090343.468991587	234.14839114747173	2152.654755344734	1.497327162244801	4633922.495708296	2.241988630796069	2148.239926512136	1470.0752996231768	1.158466	29.070766	0.1733825388285291	0.0891762452250498	0.0558525389	-0.1550955114	-0.0137119207	-0.037768409	-0.1101741354	-0.0011833877	-0.0409368583	-0.0203536775	-0.0641397826	0.0322881604	-0.0897685492	-0.1107021061	-0.0608787741	0.2056362569	-0.0031350236	-0.0629389128	-0.0751973146	-0.1724269981	0.0279740166	0.0521129269	0.0189596723	-0.0170145261	0.0505353193	0.0366270325	-0.00681568	0.0390036569	0.0043266171	-0.0426718893	0.1306651418	0.0105004013	0.1223275717	0.0331528987	-0.0552077436	-0.0495666413	0.0742918474	0.0606424847	0.0178078026	-0.0302715806	0.0283425271	0.0003664919	-0.0593966984	0.0088342929	0.0764098453	-0.0526303774	-0.0181444989	0.149275721	0.0235413162	0.0071454379	-0.0391968127	-0.0316862261	0.0099392297	0.0044975807	0.0511125941	-0.0456207494	-0.0212986644	-0.0433460674	0.0230568254	0.0023940805	-0.0660233513	0.0068626513	0.1150488694	-0.0332290652	-0.0080917541	-0.0208014732	0.1216610022	0.0447485308	0.0180304825	0.0407288385	-0.0754763509	0.1194060926	0.091755598	0.0683846334	0.0508173232	0.0382867649	-0.0269245074	0.0088205935	0.074606575	0.0719424386	0.0018488367	-0.101155513	-0.0665179719	-0.0641628817	0.1015980508	-0.0754141927	0.0274260465	-0.0454360429	-0.0247811687	0.1117894213	-0.0309405819	-0.0189709449	0.0291875941	-0.0386066458	-0.0422041798	0.0608723117	0.0182170448	-0.020170786	-0.0854421686	0.0319341321	0.070746545	-0.0403568432	-0.0467921925	-0.0047420399	0.076413628	0.0698461814	-0.0587401983	-0.0147036054	-0.0364210347	-0.1007242506	-0.047148506	-0.0300288713	-0.0419307567	0.0504030311	0.0155665481	0.0441386556	-0.0586577512	-0.1178736908	-0.0516994529	0.096046543	0.0478763173	0.1336230233	0.1054633714	0.0091826302	0.1060615124	0.1079950959	-0.1824303708	-0.10090714	0.0313450301	-0.0168312037	-0.0661867525	-0.0117344266	-0.0229673398	-0.0195085659	-0.0619765239	0.0278367626	0.014290867	-0.0423980243	-0.0539551244	-0.1463457949	-0.0730245996	0.0168155856	-0.0366282622	-0.0769663555	0.063453702	-0.0426618292	0.0169759185	0.010657419	-0.0370681691	0.0592265694	-0.0745906743	0.0182133535987105	0.01134295856653	0.0003317262493116	0.000128662709042	0.074301249323426	0.013322343901052	0.0055206756510219	0.0001774848470178	-0.3798024138856206	-0.0577764486859919	0.1442498735933442	0.003338118022765	-0.0262430076024357	0.001268676002836	0.0006886954480214	1.609538800172182e-06	0.0019199848113007	0.0003110406375873	3.6863416756253846e-06	9.674627823071417e-08	0.000483274078381	0.0002390991130757	2.3355383483500493e-07	5.7168385873586384e-08	0.0	0.0	0.0	0.0	0.0	0.0	0.0	0.0	0.0	0.0	0.0	0.0	0.0	0.0	0.0
1925.85048871706	2.824944448822407	3708900.104891739	7.980311138932533	2273.7184693307586	17.539516102183825	5169795.677775808	307.6346250987657	2153.4007289072542	0.7459735625202484	4637134.699258294	0.5564765559791509	2149.654698145964	1461.2869939554898	1.091836	27.398737	0.2732421320641988	0.1487376431580367	0.0587226702	-0.156732435	-0.0286587851	-0.0711339728	-0.146856163	-0.0651437776	-0.031978335	0.0092795197	-0.0613831453	0.0629137555	-0.0066311761	-0.0945330594	-0.0973519886	0.2118766906	0.0478288354	0.0738213829	-0.0861569895	-0.2124042983	0.0325702926	0.0579175341	-0.0010794844	-0.0244388043	-0.0277299869	-0.0744777336	-0.1045437848	0.0855591584	0.0046787848	-0.0716603453	0.0295173716	-0.0036260133	0.0391749329	0.0335115811	-0.0428268117	-0.0868865144	0.029492204	0.0120682736	0.0156085886	0.000994503	0.0300882547	-0.023905072	0.07773121	0.0541994429	-0.0230980636	-0.003376497	0.0207812404	-0.0591320901	-0.0388690019	0.0085833481	-0.0446784624	0.0253838367	-0.0046134094	0.0296166758	-0.0806380547	-0.0771276304	0.0847407274	0.0440517352	0.0086584213	0.0307034282	0.0454370634	-0.0093307283	-0.0158951469	0.0140894042	0.0559178033	-0.1237341835	-0.0675029119	-0.0264233308	-0.0370952087	-0.077281944	-0.0980934048	0.2013405563	0.1042437748	0.0059652106	-0.0520592084	-0.0431957415	-0.0529934955	0.023983184	0.0099124528	0.0021935022	-0.0139618992	-0.0671047345	-0.121972488	0.0317943798	-0.0333153868	-0.0951834735	-0.0283723052	-0.0126406329	0.0226372933	0.0620746687	0.0344089284	0.0657228389	0.0985560824	0.0264268513	-0.0227182883	0.0210092901	-0.0504337881	-0.0027563695	0.0560445378	-0.0506044184	0.0062185855	-0.023018305	0.0096172678	0.0957600055	-0.0274205243	-0.0148922237	0.0554932714	-0.0286668097	-0.0171906097	-0.0104695264	0.0318464755	0.0211105588	0.0464257735	-0.0319331296	-0.0738057393	-0.0479171086	0.0488871672	0.0385048957	-0.0234920651	0.0950810932	0.0371319069	0.1588121758	0.1777885363	-0.0300939913	-0.0227792103	0.1514655687	-0.1250669297	-0.0933744678	0.0166336181	-0.0317073599	-0.0450955654	-0.0057697571	-0.0266210408	-0.0274057307	0.0004052756	-0.0103543078	-0.0255421491	0.034310953	-0.0210341499	-0.0782644941	0.0181835109	-0.0200350589	-0.0499997781	-0.0772475461	0.0645158866	-0.0448275254	0.0203054443	0.0064061583	-0.0324269895	0.0549512416	-0.0715501408	-0.0034212170366885	-0.021634570635399	1.1704726012127644e-05	0.000468054646578	0.0192737011673926	-0.0550275481560333	0.0003714755566899	0.0030280310560645	-0.2726612545081792	0.1071411593774414	0.074344159709974	0.0114792280327423	-0.0278044774056251	-0.0015614698031893	0.0007730889637999	2.438187946272343e-06	0.0017367287883316	-0.0001832560229691	3.016226884219747e-06	3.3582769954451336e-08	0.000439222826633	-4.405125174799997e-05	1.929166914354824e-07	1.9405127805656707e-09	0.0	0.0	0.0	0.0	0.0	0.0	0.0	0.0	0.0	0.0	0.0	0.0	0.0	0.0	0.0
1920.3384215966723	-5.512067120387656	3687699.653460399	30.38288393965866	2252.44470168605	-21.27376764470864	5073507.134153559	452.57318980105225	2143.0652468958365	-10.335482011417753	4592728.652452713	106.82218840833995	2140.2003532105773	1437.4874926496857	1.288025	32.32193	0.4812999384400106	0.3790497629135779	-0.029290136	-0.0135467447	0.0360120902	-0.1468677131	-0.1618866204	0.0623006047	-0.0173873675	0.0269386756	-0.0325496229	0.0391542906	-0.1375270471	-0.0870757704	-0.0545738402	0.1335804847	-0.0085414489	-0.0537777647	-0.05003037	-0.2392452914	-0.0599139136	0.048445348	-0.0497097121	0.0244244708	0.0887119003	-0.0129104673	0.0320306894	0.0506925297	0.0317244666	-0.0485083873	0.0184145304	0.0082190344	0.0915296186	0.0174288576	0.0143991017	-0.018507882	0.0446635836	0.0323756843	-0.0759183129	-0.0067581897	-0.066107721	0.0155738232	0.0262113627	-0.0050029718	-0.0205022341	-0.0265272295	-0.0862875872	0.0996796026	-0.0731727495	0.0341254181	-0.0735937925	-0.0187122178	-0.0632722076	-0.0438223377	-0.0342453996	-0.0398142407	0.0321661847	-0.105508295	0.0175460552	-0.0267697599	0.0322966666	0.0486548346	0.0134865707	-0.0141126078	0.0219608188	0.0147268245	0.0614425857	0.1138875544	-0.0058117462	-0.0442277987	-0.0605985934	0.1224118944	0.2073247723	0.0086399769	0.0522832595	-0.0129814687	-0.0112048822	-0.0103772948	0.1088103516	0.0327852243	0.0190968083	-0.1106525081	0.01927252	-0.0154540861	-0.0072112218	0.0173711295	0.0063933434	-0.0451203137	-0.0602914421	0.0601269054	0.040553905	0.0325420871	0.0224947507	-0.1020049068	-0.0267529725	-0.0608607135	0.027294977	-0.0144994503	-0.0068985981	0.0801795788	-0.0206997632	-0.0568551127	-0.0670427118	-0.0225010254	-0.037081751	0.0897884223	-0.0015416434	-0.0805541629	-0.0111004493	-0.0040741765	-0.1050268991	-0.0577853662	-0.0812858334	0.0493112082	0.0584874587	-0.0886480892	-0.0416848133	-0.0386152998	0.0269839825	-0.0525544377	-0.0197866746	0.1660528846	0.1458538066	-0.0269300883	0.0664246678	0.063707484	0.0311813784	-0.0918685875	-0.115793421	-0.0209666159	-0.0818351581	-0.0318647013	-0.0021650702	-0.031843174	-0.0426945822	-0.0130034534	0.044714682	0.037959049	0.0117913644	-0.0571029377	0.0530617364	0.0333412689	-0.0388978863	-0.0775202656	0.0655497724	-0.0469489822	0.0235993474	0.0021373389	-0.0276578354	0.0503807682	-0.0680077345	0.0021055945398416	0.0055268115765301	4.433528366210759e-06	3.054564620246713e-05	0.0003497021927358	-0.0189239989746568	1.2229162360422661e-07	0.0003581177371928	-0.2924911313642511	-0.0198298768560719	0.0855510619267395	0.0003932240161269	-0.0350663739812975	-0.0072618965756723	0.0012296505841962	5.273514187576252e-05	0.0028530311288723	0.0011163023405407	8.139786622314352e-06	1.2461309154966455e-06	7.703672219106297e-05	-0.0003621861044419	5.934656565943014e-09	1.3117877425082574e-07	0.0	0.0	0.0	0.0	0.0	0.0	0.0	0.0	0.0	0.0	0.0	0.0	0.0	0.0	0.0
1930.4223038088749	10.083882212202523	3726530.271042764	101.68468046957447	2267.0661209568834	14.621419270833483	5139588.79679049	213.7859014935008	2151.4053358847805	8.34008898894399	4628544.919273505	69.55708434350478	2147.176001206884	1420.7225027288223	1.444037	36.236942	0.6474432092220836	0.4658269607865247	-0.0553974187	0.2008740263	0.1475919066	-0.0150995138	-0.1463116883	-0.0471662246	-0.0621523368	0.2094016469	-0.0132674981	0.1158483	-0.0986589197	-0.0163034509	-0.0759480725	-0.0066531266	-0.0160963683	0.0195847441	-0.1050981004	-0.1565106869	0.0163458895	-0.0941387008	0.0441995836	0.0489949921	0.1082255816	-0.12440384	0.0165158466	-0.0333709686	0.1047575022	-0.0597640021	-0.1394026731	0.0314766973	-0.1367456518	-0.121386271	-0.0018762534	-0.0041966314	-0.0541550164	-0.0039331878	-0.0943202787	-0.0091521709	-0.0024832612	-0.038098205	0.0578867119	-0.0855502319	-0.0471998608	0.0206762558	-0.0071427126	-0.0246869115	-0.0033480213	-0.0340660069	-0.0405844167	0.0349196326	0.0044053875	-0.0097792986	0.0761035675	-0.0491247584	-0.0243096096	0.0513511205	-0.0689726167	0.0212150152	0.0588770552	0.0350992264	-0.035893473	0.0664313457	-0.0529853125	0.0441493345	-0.0869503902	-0.0010999841	-0.0121038426	-0.0828273038	-0.1076715622	0.1147960056	0.0722331847	-0.0260794732	-0.0830309212	0.0436401409	0.1123200854	0.0765264928	0.1090333556	0.0227447378	0.1932501658	-0.0155161817	0.0632256183	0.0574324992	-0.0460230776	0.113361082	0.0219783902	-0.0075922014	0.0517954956	-0.1746032716	-0.0530953954	0.05263244	-0.0412613038	0.0253036779	-0.0129361336	-0.0562173948	-0.0102800231	0.0430213013	0.132053967	-0.0089928249	-0.0548110899	-0.0255403138	0.0435375513	-0.0163098062	-0.0582597894	0.0657125139	0.0514176214	0.0372974593	0.002263871	0.0353303538	-0.0277418561	-0.0320295787	0.0144228617	-0.0463902392	-0.1448637309	0.0606876765	0.0040250035	0.0239598292	0.0897741605	-0.2196129521	-0.0422567936	0.0644401202	0.0001666451	0.0177300386	-0.0199723033	0.0611610531	0.1645341766	-0.0847828942	-0.2246452491	-0.0658847331	-0.1371156379	0.0293255707	-0.0026416179	0.0302800787	0.0146639427	0.0089111183	-0.0046388855	0.1214194733	0.0420040257	0.0134345194	0.0491202664	0.017097195	-0.0075625709	-0.0777844842	0.0665549058	-0.0490241061	0.0268518493	-0.0021373389	-0.0227795284	0.0455396975	-0.0639883028	-0.0295818268760257	-0.0316874214158673	0.0008750844813231	0.0010040926759867	-0.0151042129993186	-0.0154539151920544	0.0002281372503287	0.0002388234947632	-0.2238962841156322	0.0685948472486188	0.0501295460407879	0.0047052530690613	-0.0439589510286037	-0.0088925770473062	0.0019323893755351	7.907792654227704e-05	0.0019696134535558	-0.0008834176753165	3.879377156428005e-06	7.804267890616094e-07	-0.0007811090624971	-0.0008581457846881	6.101313675150986e-07	7.36414187778063e-07	0.0	0.0	0.0	0.0	0.0	0.0	1.0	0.0	0.0	0.0	0.0	0.0	0.0	0.0	0.0
1924.4226336128088	-5.999670196066063	3703402.472761259	35.99604246156339	2258.7758913907137	-8.290229566169728	5102068.527527913	68.72790625979472	2147.451436412978	-3.953899471802288	4611547.671752163	15.63332103311841	2142.89406062672	1431.7773420102806	0.996016	24.994207	0.1801826844564281	0.0775579032150995	-0.0399569596	0.196907098	0.1291072481	-0.0380784586	-0.0969133643	0.0154870001	0.0197611361	0.1656300489	-0.023233073	0.1038510396	-0.0781259322	0.0017494458	-0.0559849112	-0.0096925663	-0.0124486775	-0.0555318035	-0.1119971111	-0.1306610881	-0.0493160385	-0.0516527747	-0.02602425	0.0431508313	0.0899245155	-0.0238628734	0.0088185917	-0.0777245629	0.0820004176	0.0123224725	-0.1160111022	0.0709216823	-0.0825130703	-0.0701166465	0.1372131023	0.1256547076	0.0804685694	0.0478395437	-0.119317082	-0.0061808841	0.0326351757	-0.0885052954	-0.0408665101	0.0901158726	-0.0908749974	-0.0360178912	-0.0450673568	0.0337363308	-0.0750257655	0.0315803819	0.0613151836	0.0109940502	0.0725866234	-0.0919001153	-0.074744505	-0.0152746939	-0.0277148237	-0.0289483057	0.0331724464	-0.0655755357	-0.0726012522	0.0689382646	-0.0424132785	-0.0447549568	-0.0753915741	0.0385084981	0.0187949316	-0.0554025239	-0.012892561	-0.0013710319	-0.1169497038	0.050498693	0.1286120651	-0.0478664554	0.0213120036	0.0041989143	0.0697559746	0.0175730862	0.065281091	0.0312586173	0.117751142	0.0183935529	0.0708326979	0.0352992481	-0.0533540506	0.1214715699	0.0545099776	0.0036859499	-0.0135288518	-0.106934338	0.0604231776	-0.0549340066	-0.0553361051	-0.1207452514	-0.1054615873	-0.1213972182	0.085342558	-0.07620558	-0.1251607972	-0.0660916453	0.014146288	0.0216781109	0.0337788474	0.0127185754	-0.0851887831	0.0403849899	-0.048013236	-0.1056897115	0.001214508	0.0137189084	0.0459098562	-0.0522332221	-0.0123036375	0.008785347	-0.028564961	-0.0007579385	0.0314931268	0.0791893511	-0.0364328232	-0.2199605564	-0.0332916508	0.0484713011	-0.0052635309	0.0128328964	-0.0037532063	0.0099287981	0.1167158252	-0.0545135571	-0.1788513041	-0.0276532382	-0.1315751011	0.0282727753	-0.0092291901	0.0479823117	-0.0174559268	0.0122115736	0.0174308434	0.0640849919	0.0049466097	0.0226206652	-0.0034611809	0.027025744	-0.0008002816	-0.0780401729	0.0675308461	-0.0510508491	0.0300572439	-0.0064061583	-0.0178113211	0.0404540309	-0.0595200392	-0.0012730703886489	0.0283087564873768	1.6207082144546614e-06	0.0008013856938615	0.0339718424015842	0.0490760554009028	0.001154086076158	0.0024084592137124	-0.1917041123996838	0.0321921717159484	0.0367504667109506	0.0010363359197891	-0.0448569485963905	-0.0008979975677868	0.0020121458373792	8.063996317510108e-07	0.0015202239183715	-0.0004493895351843	2.311080761988797e-06	2.0195095433316122e-07	-0.00084583597657	-6.472691407289992e-05	7.154384992601256e-07	4.189573405400571e-09	0.0	0.0	0.0	0.0	0.0	0.0	0.0	0.0	0.0	0.0	0.0	0.0	0.0	0.0	0.0
1921.412087043285	-3.01054656952374	3691824.408236032	9.063390647271158	2271.541341145833	12.765449755119334	5159900.06453461	162.95670745047627	2147.604177911361	0.1527414983829658	4612203.704982333	0.0233299653282735	2143.1244683415634	1396.419331167769	1.14811	28.810877	0.1818304873890531	0.0946063006119828	-0.052413454	0.1616573499	0.1205617733	0.0461346999	-0.1536327521	-0.0619718144	-0.0674847142	0.2123922424	-0.0304958382	0.0835737611	-0.0103606775	0.0065094447	-0.0646376255	-0.04017957	-0.0455998256	0.0532703233	-0.1203037343	-0.1353729642	-0.0132785615	-0.0760848512	0.0419536108	0.0601560193	0.0912068609	-0.1249427241	-0.0038659109	-0.1426696554	0.0694049977	0.0331494354	-0.1553349505	-0.0546585132	-0.0911033522	-0.0261057266	0.0594434585	0.0650357104	0.0381613597	0.0416299141	-0.0354998452	-0.0983513411	-0.0082910388	0.074451461	-0.068614403	-0.0202153887	0.0316051669	0.1437099422	0.0237587836	0.0323591983	-0.1555189922	-0.0397494083	-0.0290002646	-0.0081710202	-0.13541471	-0.0229773764	-0.0238432931	0.0983564179	-0.0660372684	0.0109901888	0.0405446669	-0.0181147558	0.0173489359	0.0669524827	-0.0264992042	-0.026779117	-0.04947914	-0.121816735	-0.028095922	-0.1020096014	0.0484455487	0.0220309559	-0.1254429716	0.0885007982	0.0717163367	-0.0391124065	-0.1381753668	0.0407358225	0.0544898404	0.0651085854	0.0511308286	0.0521298785	0.2618045855	0.076135826	0.1219672817	0.0568718365	-0.0123783761	0.0153622746	-0.0186535638	0.0608022087	-0.0313778383	-0.1165427272	0.0285891935	0.0403750902	-0.0221970101	0.0171475064	-0.1207516988	0.0107805194	-0.1488981277	-0.0181790388	0.0521262528	0.0863156766	-0.0230667871	0.0320511026	-0.0620811756	-0.1087254485	-0.0958441149	0.0396090222	-0.0174971983	0.0728642304	-0.1049159524	0.0983177696	-0.0258360525	0.0379618046	-0.0122277503	-0.0165616154	0.0537285744	-0.0017556745	0.0565901373	0.018857829	-0.0703568391	-0.2135434601	-0.0340430093	0.0689568551	0.0051362556	0.015852861	-0.0208008231	0.0573003937	0.0978762764	-0.0956428433	-0.1606885098	-0.0571355327	-0.1005939531	0.0529698261	-0.0420542442	0.0580840829	-0.0316576566	0.0250211224	-0.0258645132	0.0333786293	0.0152996908	0.0728973272	0.0301448895	0.0412208211	-0.0055171375	-0.0782873035	0.0684771651	-0.0530272111	0.0332099078	-0.010657419	-0.0127728206	0.0351510839	-0.0546342852	0.0086532651653641	0.009926335554013	7.487899802210377e-05	9.853213753086258e-05	0.0076213932669588	-0.0263504491346254	5.8085635329644936e-05	0.0006943461695964	-0.1030045445172689	0.0886995678824149	0.01060993619121	0.0078676133425271	-0.0445976207823208	0.0002593278140696	0.0019889477794436	6.725091515016746e-08	0.0011579517775854	-0.000362272140786	1.340852319213188e-06	1.3124110398974376e-07	-0.0003303532350658	0.0005154827415041	1.0913325991843973e-07	2.6572245678868576e-07	0.0	0.0	0.0	0.0	0.0	0.0	0.0	0.0	0.0	0.0	0.0	0.0	0.0	0.0	0.0
1927.7553742581424	6.343287214857355	3716240.782981151	40.23729269017278	2262.5689031427555	-8.972438003077514	5119218.041468612	80.5046437190696	2156.183317287416	8.579139376054627	4649126.497748565	73.60163243377097	2153.142242879488	1432.5513156428756	1.275971	32.019459	0.2516995018290169	0.1648939543661207	-0.0484174222	0.1700755731	0.1478664341	-0.0706481995	-0.1165535967	-0.0008692081	-0.0360077785	0.1833326135	-0.0070050638	0.0880452271	-0.1031069352	-0.0743786377	-0.1015644452	0.0885218625	0.0144291406	-0.0782066257	-0.1609548616	-0.1854901173	0.070149523	-0.0247912325	0.0225500899	-0.0481370086	0.095608802	-0.0509932175	0.0879776473	0.0443482888	0.0909156984	-0.0602122072	0.0134714751	0.0670108509	-0.0468561257	-0.0086146313	-0.0297177609	0.075663231	0.0267843829	0.0099621168	-0.0821354733	0.0297163031	0.0953897859	-0.0296874056	0.008597145	0.0776100073	-0.1166295469	0.0291849296	0.0052139204	-0.0324082076	0.1054674529	0.0496690648	0.1225323199	0.0217130957	0.1508419802	0.0781973027	0.023960564	-0.0880285777	-0.0083352863	0.0612105369	-0.0802840851	-0.035372828	-0.0839773554	-0.0710254655	0.0815809476	-0.0302753753	-0.129715418	0.0793335139	0.1006970981	-0.0189831323	-0.0934824936	-0.0012678429	-0.1637005851	0.1321039702	0.0848199205	0.0500839245	0.0735934031	0.0732342898	0.0616148653	0.1103119621	0.0668775613	0.0307299323	0.0834168676	-0.1071052406	0.0201873647	0.0281847971	0.0136436517	0.0929110414	0.124539571	0.0238186185	0.0521091249	-0.0208611317	0.0037643021	0.0326428574	-0.0588377393	-0.0694517811	0.0312926919	-0.0524873428	0.0602232563	-0.0411473582	-0.0908740819	-0.1278703995	-0.0686603979	0.1034417313	0.1616899219	0.1005725693	0.0218775936	-0.0719820187	-0.0577445469	-0.0750287879	0.0662249771	-0.0872560597	0.0188921927	0.0045074859	0.0595675821	-0.0106364464	-0.1316219039	0.0243250428	0.0182913308	-0.1104171958	0.0292403555	-0.1938747334	-0.033133232	0.0896643184	0.0344288796	0.0193399417	0.0196077548	0.0412023272	0.0944864742	-0.0795891586	-0.2114440344	0.0034430825	-0.1705597551	0.0036866028	0.0002376899	0.0212296389	-0.0106748883	0.0455955952	0.0368561326	0.0779017909	0.0164247596	0.0210551499	0.019318187	-0.020821197	-0.0310008234	-0.0785258491	0.0693934478	-0.0549512416	0.0363043104	-0.0148794683	-0.0076839116	0.0296593388	-0.049365311	0.0216607099924885	0.0130074448271244	0.0004691863573786	0.0001691936209306	-0.0017271557955922	-0.009348549062551	2.9830671422477253e-06	8.739536957492318e-05	-0.2699460489978307	-0.1669415044805618	0.0728708693695392	0.0278694659182334	-0.0450311976265195	-0.0004335768441986	0.0020278087596786	1.879888798252995e-07	0.0016157826008851	0.0004578308232996	2.6107534133230185e-06	2.0960906276328105e-07	-0.000686985636743	-0.0003566324016772	4.719492650911852e-07	1.271866699260477e-07	0.0	0.0	0.0	0.0	0.0	0.0	0.0	0.0	0.0	0.0	0.0	0.0	0.0	0.0	0.0
1919.6632527488284	-8.092121509313984	3685107.003954212	65.48243052150202	2266.6614134817414	4.092510338985903	5137753.963367046	16.748640874706513	2153.807538422337	-2.3757788650787006	4638886.912564887	5.644325215754638	2151.860955708182	1459.3607834478455	1.333555	33.464481	0.2692370094339344	0.1655003995320584	-0.0193201655	0.1727517849	0.114327563	-0.0436434626	-0.1164410201	-0.0755678077	0.0360962732	0.2261711695	-0.0290138355	0.080221857	0.0855702952	-0.0068031299	-0.0115981382	-0.056105123	-0.0363501287	-0.0465950307	-0.1746278937	-0.0745598762	0.0737854639	-0.1070519525	-0.0554925022	0.0112158499	0.1002920746	-0.0591916178	0.0374222295	-0.1269453511	0.033356647	0.0429387527	-0.0668151513	-0.0559166681	0.0323235094	0.0840176541	-0.0368147138	-0.0107657632	-0.0183845732	0.0982992835	0.07097307	-0.056095419	-0.036406561	0.0633818722	-0.0114189086	0.0070391921	0.0418101172	0.0119305407	-0.0919166719	0.0367470296	0.0562696498	0.0098965637	-0.0129548484	-0.0255728722	-0.0189080423	-0.0231569365	-0.0086549506	0.1591732368	0.1297437462	0.0292760263	0.038898854	0.1129630023	0.0522740218	-0.0784381886	0.0704680698	-0.0416780742	-0.0608791188	-0.0355297119	-0.054430358	0.1344136239	0.0226400917	0.0186112105	-0.1795587464	0.0725937534	-0.0081727412	-0.0973136397	0.003395578	0.0487251545	0.0676135486	0.0770638582	0.027073944	-0.008608956	0.1611012522	0.0570566867	0.1598809299	-0.0038690039	-0.0299852028	-0.0496162448	0.0106689442	0.0485108197	-0.0873076931	0.0207055182	0.0196401107	0.0506987826	0.0738461868	-0.009633336	0.0422703263	-0.0120831124	-0.0592901804	-0.0173167805	-0.001165619	0.0514811884	-0.0729637907	-0.0228714329	-0.0580457391	-0.0192768706	0.0685681198	-0.034879298	0.0548499574	0.0285801013	-0.0002385567	0.0018246659	-0.040204765	-0.0215835704	0.1497159795	-0.066790583	0.2160685275	0.034658236	-0.0337354632	-0.0804191124	-0.0168351687	-0.2245791105	-0.0151564149	0.0504191447	-0.0172912824	0.0166735983	-0.0703354507	0.0546195088	0.0653488112	-0.0548042739	-0.1252108387	-0.0679572487	-0.0872292365	0.0338829038	-0.0527728278	0.1095289421	0.0533599211	0.0190538246	-0.0542798545	-0.0111549747	-0.0121999048	-0.0446179141	-0.0610189447	0.0674461884	-0.0270431713	-0.0787557834	0.0702792922	-0.0568210419	0.0393350228	-0.0190607341	-0.0025646777	0.024008292	-0.0437500746	-0.0076656208820935	-0.029326330874582	5.876174350798793e-05	0.0008600336825654	0.0040194477251134	0.0057466035207056	1.6155960014919282e-05	3.302345202418599e-05	-0.1065806022725439	0.1633654467252868	0.0113594247807781	0.0266882691837525	-0.0458207941650612	-0.0007895965385417	0.0020995451779169	6.234626936770357e-07	0.0012743762102664	-0.0003414063906187	1.6240347252929515e-06	1.1655832355528837e-07	-0.0004020159996362	0.0002849696371068	1.6161686396349316e-07	8.120769407278129e-08	0.0	0.0	0.0	0.0	0.0	0.0	0.0	0.0	0.0	0.0	0.0	0.0	0.0	0.0	0.0
1898.7310290105308	-20.93222373829758	3605179.520527389	438.15799063014873	2244.000820275509	-22.660593206232534	5035539.681397157	513.5024844583521	2145.532029806495	-8.275508615842227	4603307.690925578	68.48404285087894	2143.0977897084235	1397.099761382984	1.305074	32.749763	0.1262747234767235	0.063468317420568	-0.0237893308	0.186242655	0.0583049083	-0.0339757901	-0.0469987459	-0.0245555556	0.0158116084	0.2108649327	-0.0096185897	-0.0785828677	-0.0173807204	-0.0059591474	0.037810199	0.0426668245	0.0358459353	-0.0076817366	-0.145862617	-0.0548429989	-0.0422567523	-0.152429905	-0.0644739625	0.0317318958	-0.0173101405	-0.032860189	0.1750025173	-0.05687853	-0.054966865	0.0447804595	-0.0355969133	-0.147400391	-0.0658554677	0.0312269161	-0.1413901315	-0.0746921764	-0.1193350999	0.0746676476	0.0401372384	-0.0878038005	-0.0073976011	0.016833294	0.0429860862	-0.0698158269	0.0171498485	-0.0288850985	0.0406454511	-0.0758645427	0.174048263	-0.0164656516	0.0764213245	-0.0186934076	0.0990117666	-0.0347311766	0.0280753618	0.1407105488	-0.0431411319	0.1174716345	-0.0450003994	-0.0242220976	-0.0283280972	-0.0259127144	0.0381029393	-0.0109857058	0.0745767825	0.0478765874	-0.052482615	0.0103184306	0.0080466005	0.1385223439	-0.1479745469	-0.0064528527	0.06828665	-0.067705999	0.0653467456	0.1154229921	0.0911540061	-0.0582861043	-0.072761471	-0.1115622544	0.064878951	-0.0445576596	0.1473768278	-0.1063945528	-0.0283576233	-0.068793238	0.0223427219	0.0578987086	-0.0629056047	-0.0861355332	-0.1088814655	0.1126642809	0.0060538348	0.0171505534	0.2176304209	0.0402656642	-0.0020362116	-0.0085866506	-0.0398183964	-0.032361182	-0.0199665876	-0.0163871993	0.0120368107	0.0289843613	0.135231257	-0.116788183	0.0101199258	0.060331022	0.0089346059	-0.0059293039	0.0188574313	0.0468182146	0.026540431	-0.0258060851	0.0127048018	0.1095218818	0.0538936292	0.0541014006	-0.0127831063	-0.2141718426	-0.0226848994	0.0151511374	-0.03038407	-0.0123409862	0.007104265	-0.0595508482	-0.0081158885	-0.0474692644	-0.0655614286	0.0326300905	-0.0401590926	-0.0113068322	-0.001100092	0.1704574414	-0.0907990954	-0.1053295786	0.0135876221	-0.0262155463	0.0162638398	-0.0206058901	-0.0061769568	0.0026828466	-0.0099163377	-0.0789770813	0.0711343098	-0.0586347667	0.0422967282	-0.0231897558	0.0025646777	0.0182282956	-0.0378279629	0.0049290090960596	0.0125946299781531	2.429513066903828e-05	0.0001586247042865	0.0290473926547178	0.0250279449296044	0.0008437510200373	0.0006263980273993	-0.099261809324723	0.0073187929478208	0.0098529067904176	5.356473021307288e-05	-0.0469284262681367	-0.0011076321030755	0.0022022771920039	1.2268488757634634e-06	0.0009361835270236	-0.0003381926832428	8.764395962703477e-07	1.1437429099896485e-07	-0.0005828583257408	-0.0001808423261046	3.3972382788536853e-07	3.2703946910922494e-08	0.0	0.0	0.0	0.0	0.0	0.0	0.0	0.0	0.0	0.0	0.0	0.0	0.0	0.0	0.0
1893.1509476243448	-5.580081386186066	3584020.510490955	31.13730827646021	2229.943681196733	-14.05713907877589	4972648.821309237	197.60315908004827	2137.803394464723	-7.728635341771678	4570203.353384892	59.73180424608223	2136.039525189989	1411.7844981558248	1.233463	30.952736	0.1562052582133037	0.080612400337641	-0.0251721822	0.1645153759	0.069217421	-0.0484398967	0.0059840225	-0.0703329488	0.0026692	0.212695329	-0.0078646554	-0.0462720804	0.1022800254	0.1040911803	0.0911970086	-0.0693109377	-0.054627652	0.0812072811	-0.1345689421	-0.0332369092	-0.1146846155	-0.1465442381	-0.0271680079	0.0590166038	0.0116777271	-0.0141464424	0.0430942452	-0.1465067329	-0.0402041904	0.076516293	-0.1485542264	-0.0998526781	-0.0616206241	0.0579999384	-0.0749171615	0.0555992886	0.1118132102	0.035675948	0.0284272819	-0.0066339505	-0.0787696143	-0.0056422362	-0.0399126964	-0.0255374893	-0.0626909224	0.0043685697	0.1125208061	-0.0790003672	0.0378663554	0.0080243537	-0.1165102122	-0.0189557625	0.0687910401	0.0889684295	0.0230942341	0.0533999417	-0.0016055257	-0.0335852704	0.1231932476	0.0326754173	-0.0068812618	0.051837632	-0.031926186	0.0209849492	0.0011441734	0.0313569659	0.0967013992	-0.0013794182	0.0232060229	-0.0823564485	-0.1401045106	-0.0391272068	0.0670603004	-0.1061114497	-0.0727369596	0.0324386602	0.078972738	-0.0505812497	-0.0502831834	0.0173790089	0.0910168027	0.0781951868	0.191785988	-0.0018179129	-0.0413397848	-0.0639177667	-0.0451106019	0.1634528406	-0.0085202667	-0.0164471931	-0.0172070272	0.0419046785	-0.0067909503	0.044964237	-0.0419132539	-0.0014778356	0.0727959145	-0.1436675301	0.0742901608	0.0387206861	0.0573727513	-0.0141846999	0.0138678408	-0.0434618443	0.0410246943	-0.0388384465	0.0208326009	-0.0231308562	-0.0189636131	0.0041544593	-0.0313711094	0.0424478447	0.0301217887	0.199627309	0.0149213357	-0.0888444662	-0.1197760298	0.0524553674	0.1263769792	-0.2081153104	-0.0180997603	0.0028839034	-0.0571130682	0.032781042	-0.0538150723	0.0098806882	-0.0192473928	0.0219311142	-0.03186012	-0.0473938079	0.0126927525	-0.0154935087	-0.0285360373	0.1233877056	0.0364132057	-0.0152475364	-0.0786589505	-0.1628650879	0.0668760686	0.028298952	0.0128157068	-0.008153338	-0.0274330468	-0.0791897184	0.0719581255	-0.060390626	0.0451842308	-0.0272552159	0.0076839116	0.0123503943	-0.0316405151	-0.0017312016944828	-0.0066602107905424	2.997059306980118e-06	4.435840777445743e-05	-0.0016210372237708	-0.0306684298784886	2.6277616808505426e-06	0.0009405525912117	-0.0869405029568	0.012321306367923	0.0075586510543813	0.0001518145906122	-0.0482023999553518	-0.001273973687215	0.0023234713614556	1.6230089557164249e-06	0.0005153571256335	-0.0004208264013901	2.6559296694122306e-07	1.7709486010694165e-07	-0.0010191644606626	-0.0004363061349218	1.0386961978776883e-06	1.9036304337039998e-07	0.0	0.0	0.0	0.0	0.0	0.0	0.0	0.0	0.0	0.0	0.0	0.0	0.0	0.0	0.0
1889.179842576857	-3.971105047487754	3569000.4775987184	15.769675298182715	2208.493810480292	-21.449870716441183	4877444.910929759	460.096953752041	2131.528980559126	-6.274413905597157	4543415.794963427	39.36826985875097	2125.593933041491	1329.494677183464	1.462298	36.695171	0.1802372673665585	0.0753201294312543	-0.0211710229	0.1631046026	0.0370501912	0.0172788065	0.0061879728	0.0628186067	-0.0549781842	0.1378565159	0.0505201621	-0.1010729133	-0.1595737751	0.0790431432	0.0457831943	0.0949911069	-0.0057307301	0.0299345262	-0.0963690183	0.0006393043	-0.1683910339	-0.1359944956	-0.0074229975	0.0311898521	-0.031980578	0.0340301682	0.0903045151	-0.0097386678	0.0879912666	-0.1285078653	-0.0119981063	-0.1514104536	0.0125459438	0.0534300889	-0.0211316027	0.0123213619	-0.1194550153	-0.092705757	-0.0221014603	-0.0951898226	-0.0350130847	-0.1092213582	-0.0979265784	-0.0637244257	-0.0089488978	-0.123857054	0.0914942588	-0.0087417218	-0.0930937275	0.0645118353	0.0900105415	0.0011985758	0.0590966343	-0.0137134926	-0.0540039155	-0.1214196593	0.0918295027	-0.0061421555	-0.0870617149	-0.059328582	0.0508683335	-0.1251223692	0.0758834612	0.0830597296	0.2034757246	-0.0184363629	-0.0413949067	0.0445901273	-0.0061389217	0.0466926302	-0.0955875689	-0.1095697349	0.1322633809	-0.0145329661	0.020686895	0.1070948687	0.1034995955	-0.1275072697	-0.031939948	-0.0649154897	0.019461217	-0.1113162227	-0.0302953329	0.0851652617	-0.024476805	-0.0570364642	-0.1175185519	-0.0160855123	-0.0593633583	-0.0495401566	-0.0482317719	-0.1106115834	-0.1020512567	0.0198879486	0.2445803352	0.0542463668	-0.0014094663	-0.0521651514	-0.0289869931	-0.0216415966	0.1541299196	-0.0365283496	-0.0538480753	-0.0554405122	-0.0605403855	-0.1016310379	-0.0455434335	-0.159372454	0.0315825413	-0.1221656604	0.0732659217	0.0025567525	0.0346702595	0.0407856481	-0.0199536764	0.0099581179	0.1450161566	0.0241038218	-0.1155475756	-0.1978030659	-0.0198221512	-0.006554165	-0.0265405639	-0.020406806	-0.0213218956	-0.0872162317	-0.0548648315	-0.0066773427	0.015195121	0.0611598789	0.0072471448	-0.0041040848	0.0036478918	0.0604937923	-0.0333301032	-0.0948546145	-0.0069543875	0.0631259943	0.1056014583	0.0295663805	0.0579154041	-0.0682405894	-0.009307136	-0.0793936715	0.0727503781	-0.0620868871	0.0479924649	-0.0312459714	0.0127728206	0.0064061583	-0.0252311319	0.02949221582287	0.0312234175173528	0.0008697907941427	0.0009749018014629	0.0380336105370844	0.0396546477608552	0.0014465555304866	0.0015724910890374	-0.1342400755346204	-0.0472995725778203	0.0180203978795405	0.0022372495660444	-0.0489725957609351	-0.0007701958055833	0.0023983151355639	5.932015789381127e-07	0.0007921815972717	0.0002768244716382	6.275516830559419e-07	7.66317880977686e-08	-0.0012133367736517	-0.000194172312989	1.4721861262955166e-06	3.7702887131537e-08	0.0	0.0	0.0	0.0	0.0	0.0	0.0	0.0	0.0	0.0	0.0	0.0	0.0	0.0	0.0
1906.825141614837	17.645299037980067	3635982.120694444	311.3565781397403	2220.9848392370977	12.491028756805918	4932773.656121037	156.02579940335238	2137.071517199048	5.542536639921764	4567074.66962344	30.719712404875235	2132.329378651873	1361.8742909556047	1.340424	33.636848	0.0991973662545575	0.0515150941801885	-0.0314317948	0.1236258535	0.0791382933	0.0477039439	0.0059964769	-0.0022764504	-0.0779162165	0.1403289483	-0.0439496523	-0.0030069916	-0.0375156829	0.1607075298	-0.0076124784	-0.1787904337	-0.0523076101	0.0613733499	-0.1325694175	0.1174687025	-0.1401582846	-0.0764825189	0.050878301	0.0215495096	0.0473935574	0.0561938294	-0.0871615777	0.005343103	0.0318536206	0.041260193	-0.0110070733	0.0639042533	-0.0871662837	0.0102101068	-0.1230073853	0.0463655379	0.0135006781	0.0082261522	-0.038470724	0.0740067921	0.0055352826	0.0332230192	-0.1336808435	-0.0894443113	-0.0160542665	0.0950470019	0.177890958	-0.0335500593	-0.0006465599	-0.0544038185	0.0163585888	0.0014984078	-0.0557110828	-0.1037298367	0.0765318145	-0.0504784347	0.1087019198	-0.0052901476	0.029219907	0.0847477464	-0.0520045539	-0.0360639015	-0.0534085512	0.0748600804	-0.0324948746	0.0007615836	0.1157908683	0.0080202883	0.0538182609	0.1029759782	-0.1297515642	-0.1517362368	0.0011317632	-0.0294800144	-0.1094486869	0.0223868112	0.0726110657	-0.060660813	0.0088194337	0.1111384269	-0.0137845275	0.0828621039	-0.0289708503	0.0409248491	0.0045134896	0.0372980251	0.0015425134	0.0241183996	0.0825427453	-0.0126169474	-0.0368274837	0.0813440406	-0.0242861867	0.0254076015	-0.0079585949	0.0402573577	-0.0009740167	-0.0871930904	0.081896583	0.0359612213	0.0406727492	0.1077516475	-0.0340872212	-0.1307883825	0.1027101042	-0.049484709	0.0275643016	-0.0950898317	0.0161275082	-0.1138903237	0.0928646478	0.0531723978	-0.0586288013	0.0440750604	-0.0026269152	0.0796913816	-0.099669557	-0.0185996143	0.0232806416	-0.184276419	-0.0189595	-0.0106613483	-0.0792362348	0.0555277121	-0.0385339687	-0.0133438215	-0.0410318952	0.0558843448	0.0654792562	-0.0224510255	0.0354216008	0.0105126573	-0.018326101	-0.080141193	0.0160985565	0.0817479381	-0.0128012368	-0.1114890839	0.0477865059	0.0676711422	0.0124945266	-0.0487618019	0.0060802788	-0.0795889182	0.0735107199	-0.0637218759	0.0507165039	-0.0351510839	0.0178113211	0.0004275147	-0.0186447705	0.0268743072300026	-0.0026179085928673	0.0007222283890925	6.853445400608968e-06	0.0540799400255167	0.0160463294884323	0.0029246399131634	0.0002574846900513	-0.1341709298313276	6.91457032927778e-05	0.018001838411803	4.781128283852863e-09	-0.0497834009897211	-0.000810805228786	0.0024783870141033	6.574051190267207e-07	0.0003061047687309	-0.0004860768285408	9.370012943979777e-08	2.3627068324428226e-07	-0.0009009391815792	0.0003123975920724	8.116914089045987e-07	9.759225553269609e-08	0.0	0.0	0.0	0.0	0.0	0.0	0.0	0.0	0.0	0.0	0.0	0.0	0.0	0.0	0.0
1894.874349680088	-11.950791934749075	3590548.8010755363	142.82142786766357	2227.6180766712537	6.633237434155944	4962282.295512536	43.99983885788774	2134.235943556445	-2.835573642602867	4554963.062768268	8.040477882624092	2130.3736437911507	1371.9582588395144	1.260896	31.641148	0.0663855575005043	0.0402317774491029	-0.0082795006	0.1276188676	0.0217698794	0.0465623816	-0.0389467609	-0.0010299731	-0.0046020739	0.1840721528	0.0445704179	-0.0815253971	-0.0130270405	0.0603361433	0.0279407617	0.0205576967	0.0907852264	-0.011738023	-0.1208303466	0.1535043381	-0.1389074789	-0.0783363748	0.0256718657	-0.0931217138	-0.0899726561	0.0107523896	0.0999747436	0.0634669254	-0.0535611313	0.0583534185	-0.0049073566	-0.096109753	0.1242136228	0.036872312	0.0160233412	-0.1384938861	-0.0475605304	0.0801115328	-0.0096000478	-0.0531639791	-0.0073208907	-0.1067392751	0.0699053367	-0.0510711527	-0.0135572885	0.1472406841	-0.0335197927	-0.1208640811	0.0675525907	0.1538019101	-0.0461205574	-0.0049109164	0.0228719618	-0.0287100667	-0.1612205249	-0.0723153362	0.0558568599	-0.042931851	-0.0027643842	0.0411179909	0.1167233076	0.0588664624	-0.0711176931	0.1061361305	-0.0480685477	0.0228766238	0.0251213962	-0.0724090349	0.0196126444	-0.0738512501	-0.11872415	-0.1705178926	-0.0144141708	-0.061850592	-0.0427342973	0.0712410502	0.0318241081	-0.039304365	-0.1657634972	-0.1183996827	-0.1312674449	-0.0296070494	-0.0615181456	-0.067226537	0.0330542503	-0.0101477176	-0.1188656962	-0.0448337883	-0.1229383875	0.0081432825	-0.0319015377	0.0890715052	0.0671916183	0.0559286781	0.0136262861	0.0180118669	-0.168078925	0.0725369827	0.0807072979	-0.1899001255	-0.0308776086	-0.0792907477	-0.0539813257	-0.0291609137	-0.0616349157	-0.1299134384	-0.0492884873	-0.1676409961	-0.0051329142	0.0371990732	0.0014492996	-0.1549955992	0.0981022668	-0.0453430384	0.0126855821	-0.0513569995	0.016613174	0.0951060064	0.0185072802	-0.1685639417	-0.0087404606	-0.0179492475	-0.0346812203	-0.0325530808	-0.0515682679	-0.0899489682	-0.051558448	-0.0087195972	0.0930336733	0.0395151645	0.081245328	0.0043156536	0.0270881284	0.0359817482	0.0223034291	-0.0672346292	-0.0113140445	0.0554752004	-0.0545014824	-0.1032833934	-0.0845836001	-0.0110051539	0.0498724088	-0.0797754371	0.0742388174	-0.0652939789	0.0533515689	-0.0389598496	0.0227795284	-0.0055534252	-0.0119276293	0.0260779024602868	-0.0007964047697158	0.0006800569967282	6.342605572260797e-07	0.0735825562456966	0.0195026162201798	0.0054143925836511	0.0003803520394316	-0.1138224654145787	0.0203484644167489	0.0129555536330529	0.0004140600041196	-0.0498043671018774	-2.09661121562954e-05	0.0024804749824185	4.3957785895035777e-10	0.0003727899735546	6.668520482370002e-05	1.3897236438283936e-07	4.446916542378825e-09	-0.0013280493064764	-0.0004271101248971	1.763714960432447e-06	1.8242305878970172e-07	0.0	0.0	0.0	0.0	0.0	0.0	0.0	0.0	0.0	0.0	0.0	0.0	0.0	0.0	0.0
1894.410789242647	-0.4635604374409467	3588792.238398949	0.2148882791604419	2213.4886701179275	-14.129406553326136	4899532.092740431	199.64012954917555	2137.3955583351744	3.1596147787295195	4568459.772790932	9.98316554996599	2133.963643775796	1349.5499627618494	1.270381	31.879166	0.03987855813442	0.0207420633279452	-0.0313558122	0.0919665784	0.0567766223	0.0044671998	0.0495925376	-0.0123982626	-0.073700491	0.1172910261	-0.05280428	-0.0153182544	0.0168558854	0.1239393394	0.0452522742	-0.1311388932	-0.0300739057	0.0407173086	-0.143259187	0.240644827	-0.10275161	-0.0105784353	0.0737270654	-0.0667370545	-0.0537238033	0.0675645571	-0.0377442367	-0.0310563859	-0.0424112469	0.0773907279	0.0773640324	0.0113714297	0.0399104905	-0.106552002	-0.0185834966	0.0094161834	0.0228175879	-0.0595904289	-0.0734005417	0.0079409141	0.0055519115	0.0683795643	-0.156711237	-0.0247807588	0.0891363971	-0.0454632375	-0.1106062252	-0.0050478397	0.1315422428	0.0349526658	-0.0075901075	-0.0567058052	-0.0518519043	0.0057533202	0.2123449201	-0.028691397	-0.0377933037	0.0032237968	-0.025730579	-0.0913523119	-0.0361676008	0.1486376519	0.027970899	0.1432338126	-0.0229653107	-0.0468725486	0.0456707706	-0.0216360402	0.0600359086	0.0190145968	-0.1367145791	-0.2228235823	-0.1027882699	0.0306370789	-0.0622983427	0.0141376224	0.0285404401	-0.0192583175	-0.0738483171	0.0544899495	-0.0888191622	0.0894574076	-0.0832394952	-0.0918382733	0.0245695759	0.0264370607	0.0389331928	0.0096421027	0.0085644046	0.0684566983	-0.0872283528	-0.0252500542	-0.1544127631	-0.0502674021	-0.0903135865	0.0582819286	0.0227211813	0.0042940647	-0.05642872	0.1171834487	0.0173419341	-0.0192951028	-0.0219780222	-0.074442462	0.0680898479	0.0020661704	-0.023181999	0.0495805489	0.1666692201	0.0796188449	-0.125497328	-0.0258321052	-0.0574885726	0.0805241145	-0.1016159021	0.1160754655	-0.15266547	-0.0107341727	-0.0577645317	-0.1555110556	-0.0206158929	-0.0068119405	-0.0874776016	0.0474013941	-0.0173625653	-0.0381064971	-0.0930822426	0.0859520842	0.1084186267	0.0355536401	0.0585048406	-0.0365167506	-0.0048135474	-0.0815425851	-0.0464224495	0.0814178502	0.0337708208	-0.1735653991	0.0332729119	0.0276661404	0.0307073437	-0.0602038736	0.0122831493	-0.0799532077	0.0749343514	-0.0668016447	0.0558930371	-0.0426618292	0.0276578354	-0.0115045374	-0.0051268245	0.0276246859868649	0.0015467835265781	0.0007631232758728	2.392539278093384e-06	0.0635617502026235	-0.010020806043073	0.0040400960888207	0.0001004165537528	-0.1093623308054247	0.0044601346091539	0.0119601193991951	1.9892800731773265e-05	-0.0497256739720787	7.86931297986973e-05	0.0024726426519774	6.192608677514622e-09	0.0006150047519875	0.0002422147784329	3.782308449672064e-07	5.866799889129884e-08	-0.0011719405355957	0.0001561087708807	1.373444618972336e-06	2.4369948345882905e-08	0.0	0.0	0.0	0.0	0.0	0.0	0.0	0.0	0.0	0.0	0.0	0.0	0.0	0.0	0.0
1891.563525731881	-2.84726351076597	3578012.571879225	8.106909499739356	2226.986116813891	13.49744669596339	4959467.164481813	182.18106731037304	2130.468241949008	-6.92731638616624	4538894.929953298	47.98771231404729	2126.847921247502	1353.7093110435649	1.188324	29.82003	0.1034222412404375	0.0477467638139475	-0.0064165597	0.1003905477	0.0106396678	0.0230369087	0.0267984264	-0.0163096874	0.0314722512	0.1228033469	0.0199579049	0.0200762445	-0.0003991289	0.0704485493	0.0138355367	0.0057850881	0.0753126197	0.0390110824	-0.1023101573	0.1925186884	-0.0887561936	-0.0241771817	-0.0551503414	-0.0175552219	-0.2079866306	0.0304849326	-0.0758136099	-0.0532691085	-0.0791016809	0.0498619084	0.1179962686	-0.0315789564	-0.0139496192	-0.0470191409	-0.1117713063	-0.1488475919	-0.0526202087	0.1074937068	-0.1053420988	0.0828834471	-0.0564130476	0.0539764077	0.1568224594	-0.0311717238	-0.0342398722	-0.0466207493	0.0382955654	0.0865864467	-0.2684918278	0.0483263998	-0.0889956009	0.0419051645	-0.0523256231	0.0407095535	0.0184000928	-0.0096954123	0.008069212	-0.0656333598	-0.001089714	0.0180923428	-0.0602064211	-0.081913286	-0.0113572955	-0.1136006913	-0.0265985839	-0.0722989845	-0.0069693916	0.0584578145	0.0366509038	-0.0218401199	-0.1000274553	-0.1763012335	-0.0700067586	-0.0580660644	0.0020302266	-0.0413348427	-0.0088574393	-0.0769732152	-0.1323855988	-0.1028544766	-0.1101411426	0.0712100285	-0.1228012595	0.0112969043	0.0209752332	-0.0912555241	-0.0574030634	-0.1162122547	-0.039772164	-0.0413661655	-0.1228222515	0.1598653344	0.0303767468	0.0256940345	-0.0036643129	-0.1739976354	0.0414721248	-0.0285223788	0.0893354752	0.0554098066	0.0455883033	0.0273266001	-0.0511831361	0.0015058581	-0.0992908458	0.1805758428	0.0614043066	0.0128424222	-0.0839859042	-0.0055674774	-0.0161407222	0.0832843931	0.0012126853	-0.0987760606	-0.0166064516	-0.1749063421	0.0015317971	-0.169442194	-0.0844166976	-0.1317619956	-0.005192364	-0.0311453667	-0.0405180173	-0.0327656525	-0.0624181873	-0.0801655219	-0.0776299304	0.0353770526	0.1170519588	0.0245695033	0.0990543854	-0.0206622607	0.0032820716	-0.0365649642	0.0386127085	-0.0322064328	0.0050077199	0.0767534446	-0.017278674	-0.0388643159	-0.047042904	-0.0203484071	0.0549758202	-0.0801222105	0.0755970167	-0.0682433853	0.05833645	-0.0462468756	0.0324269895	-0.0173938582	0.0017099414	0.0366539812489037	0.0090292952620388	0.0013435143413949	8.152817292907633e-05	0.0953051795975454	0.0317434293949219	0.0090830772581203	0.0010076453097503	-0.1009088446567929	0.0084534861486318	0.0101825949299687	7.14614280651099e-05	-0.050402631239204	-0.0006769572671252	0.0025404252358351	4.582711415137547e-07	0.0003559716864458	-0.0002590330655417	1.2671584155106694e-07	6.709812904393065e-08	-0.0013198708116256	-0.0001479302760299	1.74205895938122e-06	2.1883366566282407e-08	0.0	0.0	0.0	0.0	0.0	0.0	0.0	0.0	0.0	0.0	0.0	0.0	0.0	0.0	0.0
1894.290611807592	2.727086075710986	3588336.921982381	7.436998464336745	2202.345965761127	-24.64015105276394	4850327.752904311	607.1370439030239	2133.039531482216	2.5712895332076187	4549857.642865871	6.611529863583053	2127.344669685924	1358.0060112380074	1.2824	32.180779	0.143294264656673	0.0747771803473363	-0.0298242194	0.0696942509	0.0653736974	0.0104005507	0.0246534264	-0.0083630291	-0.1274167873	0.1126619524	-0.0492617867	-0.0406553119	-0.0133332708	0.156440144	0.0406360065	-0.1270866211	-0.0415790548	0.0080260774	-0.1395466769	0.1608254082	-0.0940722445	-0.0185724209	0.1207757579	0.0093611688	0.0689992753	0.0683695822	-0.0249988043	0.087083836	0.0160678126	0.0300239403	-0.0801073951	0.1257439013	0.0737592485	-0.0479610541	-0.0689218393	-0.0367092227	0.0290782348	-0.0511595496	0.1161931291	-0.0914908297	-0.0285573785	-0.084665507	0.02472689	0.039648755	-0.1277105454	-0.0243602212	-0.1589430678	0.0952077675	0.1304228099	-0.1783108702	-0.003401201	-0.0460243437	-0.0275811098	0.0379238624	-0.0784350691	0.0127345411	-0.0679850256	0.0219632336	0.0416213163	0.0062506811	-0.0566907035	-0.0726580332	0.1039858022	0.0417868474	-0.008904905	-0.0191714022	0.0166799624	-0.0094903644	-0.0456909105	-0.0502859962	-0.132562895	-0.1715210613	-0.0510707024	0.0597516461	-0.0676564756	0.0457040377	0.0559598454	-0.0660614294	0.0416876666	0.1412487704	-0.022501982	-0.0207001735	-0.0283807893	-0.1032123461	-0.0221542155	0.1325689028	-0.02541006	-0.0095546809	0.0385899509	0.0601388463	0.0175651505	-0.0626571288	-0.0010441321	-0.0136986887	0.0208230092	0.0975755218	0.027682495	-0.0816033234	0.0768965869	-0.0303161722	-0.0970547351	-0.2061318663	0.0654208102	0.1419836423	0.0478182156	0.0310498391	-0.1444856412	0.1207040827	0.0421431115	-0.0634628041	0.029090739	-0.0282668375	-0.0233790044	0.0780121113	0.1522763703	0.0550140871	0.0734635245	-0.09690161	-0.0194736671	-0.1378660457	-0.0244009215	0.0109571793	-0.0751408422	0.0662642581	0.0015190087	-0.0233399374	-0.1123460722	0.0678708429	0.1095243345	0.0362490112	0.0567333603	-0.0215525544	-0.0280444213	-0.1205220013	-0.0546004364	0.1033845414	0.0288206159	-0.2319920425	0.0217925593	0.0283630869	0.0288068448	-0.0665751396	-0.0091243554	-0.080282427	0.0762265226	-0.0696177779	0.0606775209	-0.0497051625	0.0370681691	-0.0231897558	0.0085347133	0.0286232166305779	-0.0080307646183258	0.0008192885302809	6.449318035495353e-05	0.0662243975865521	-0.0290807820109933	0.0043856708357017	0.0008456918823709	-0.1639670490454818	-0.0630582043886889	0.0268851931726834	0.0039763371407256	-0.0506542132158191	-0.0002515819766151	0.0025658493165136	6.329349095756173e-08	0.000776083804217	0.0004201121177711	6.023060711679308e-07	1.764941914982026e-07	-0.0011290746332386	0.0001907961783869	1.2748095274228793e-06	3.640318168708387e-08	0.0	0.0	0.0	0.0	0.0	0.0	0.0	0.0	0.0	0.0	0.0	0.0	0.0	0.0	0.0
1901.5307380667864	7.240126259194312	3615819.147812817	52.41942824907503	2215.596946947502	13.250981186375157	4908869.831323093	175.58850240166836	2137.7656000524685	4.726068570252664	4570041.760767691	22.335724130730064	2131.587944814494	1347.25340068312	1.262946	31.692589	0.1637415468417437	0.0825524313690349	-0.0039396831	0.0605860385	0.0244646442	0.0225368522	0.0086588435	0.0478325469	-0.0505178946	0.0854035267	-0.0159925377	0.0255523023	-0.0992103277	0.0663229185	-0.0646463243	-0.0138425069	0.0315151384	0.0073153665	-0.1559697372	0.1871669548	-0.0710072261	0.0197093897	0.107740238	0.0123731044	-0.0288103181	0.0308026889	-0.0367840772	0.0571412722	0.0408671685	-0.0185198954	0.0084078407	0.1521987726	0.0305743828	-0.0316028651	0.0276252981	-0.0835832736	0.0248810851	-0.0010530311	-0.0584118309	0.004532877	-0.0213415035	-0.0486136367	0.1222509063	-0.0016091925	0.0032761659	-0.0163863456	0.1149847046	0.0954806696	0.0584877179	-0.0124600743	0.0858179958	-0.0447237576	-0.009032107	0.0474088998	0.1138929845	-0.020989522	0.0332637561	-0.0237951614	-0.1100647921	-0.0766874879	0.152654532	0.0726204173	0.0777445458	-0.0121404477	-0.0002340121	0.0649769553	-0.03359868	-0.1080373431	0.0037518148	0.0015076369	-0.1528197989	-0.1788849206	-0.0647436782	0.0646648798	-0.0452877831	-0.0202608283	-0.0007319735	-0.0674809173	-0.008020354	0.0604866514	-0.0201844994	0.0068856972	-0.094712169	-0.0373633301	0.0234811222	0.0800122063	-0.0116107633	-0.1440716124	0.0433155323	0.0171505297	0.0835118463	0.0039677116	0.0421153728	0.0906898368	-0.00490251	-0.0369535382	-0.0321586781	0.0499246215	0.0929166163	-0.0579406515	0.0521180896	0.0923510654	0.1256724295	0.012025696	0.0038939094	0.1027760302	0.027078774	-0.0145250672	0.0864820677	-0.0910675955	-0.1167043724	-0.032031458	-0.0007639093	-0.0459726113	-0.0107793694	0.0128228197	0.0485121909	0.0648918434	-0.0411503209	-0.1140963016	0.0006733023	-0.0043811147	0.0028628482	-0.0261504456	-0.1178844791	-0.040208954	-0.1030644434	0.0645338599	0.1054369785	-0.0090636545	0.061652178	0.0035571871	-0.0258535999	-0.1574035292	0.1418297462	0.0833069143	-0.0175128028	0.1528265027	0.0442776239	-0.0402894386	-0.0452248516	-0.113445488	0.0212812002	-0.0804338397	0.0768225931	-0.0709234662	0.0629121428	-0.0530272111	0.0415630576	-0.0288611001	0.0152996203	0.0260491180159476	-0.0025740986146302	0.0006785565494087	6.625983677841622e-06	0.0997681151004457	0.0335437175138935	0.0099536767906957	0.0011251809846518	-0.0912123512652769	0.0727546977802049	0.0083196930233402	0.0052932460490889	-0.0511815780069913	-0.0005273647911721	0.0026195539272857	2.781136229680977e-07	0.0004298857677373	-0.0003461980364796	1.8480177330308786e-07	1.1985308046239966e-07	-0.001352892464247	-0.0002238178310083	1.8303180198163205e-06	5.009442147730469e-08	0.0	0.0	0.0	0.0	0.0	0.0	0.0	0.0	0.0	0.0	0.0	0.0	0.0	0.0	0.0
1902.637997009664	1.1072589428777064	3620031.347664946	1.226022366582656	2211.393497351444	-4.203449596058363	4890261.20012825	17.668988506603213	2140.357914392623	2.592314340154644	4581132.001703139	6.720093638171408	2134.507351729355	1380.2186702402073	1.319652	33.115593	0.1370096982806382	0.0913613577884541	-0.022706894	0.0449620688	0.0534361882	-0.0122321017	0.0112417793	0.0027225428	-0.0675964838	0.0588611582	-0.0750745649	0.0398222475	0.0209918636	0.0556137759	-0.038627096	-0.0715667252	-0.0300707081	-0.0531927804	-0.1842354205	0.1195061291	-0.007069382	-0.0533416703	0.0766216328	-0.0725857156	0.0248832939	0.0405855488	-0.1422482684	0.1233469244	0.0417671718	0.0419995934	0.0303442727	0.0300580261	0.0330393994	0.0637524762	0.0353198539	0.0878975633	-0.0497616624	-0.1965220264	-0.0214471074	0.0511798692	0.1721923956	-0.0212413031	0.0249298673	-0.0561883037	0.1932179598	-0.0049086803	0.0831137748	-0.0655725191	-0.1699829342	-0.1162117022	-0.1360709653	-0.1134878234	0.0553889888	0.1313289568	-0.0218786342	0.0205452054	-0.0307928272	-0.066695355	0.0448338781	0.0300977494	-0.0754038265	0.0149585195	-0.0002145316	-0.0421778438	0.0924769783	0.038292151	0.031205701	0.022024819	-0.0088009315	-0.0839907814	-0.174303895	-0.0989590308	-0.09948711	0.0249343588	-0.0364697529	0.005289269	0.0785349592	0.0286435328	-0.0218749182	0.1427386697	-0.0783292753	0.0163022727	-0.1156964176	0.0821347352	0.0645033142	0.0813724238	-0.0212971448	-0.0239207688	-0.0019547988	0.047170669	0.0691781047	-0.0610298036	-0.0373196639	-0.1162820159	0.0836265481	0.11953584	0.0153689194	0.1123492734	0.0071746815	-0.0229213242	0.0980521094	0.0629008592	-0.0954554955	-0.0075835738	-0.0091146328	0.0345615717	0.069738044	0.2002855751	-0.1666522161	-0.0584310019	0.0196572768	0.1271194639	-0.0304699503	0.1490102906	-0.0827961552	-0.1255842626	-0.0014998593	0.0998083159	0.0824288311	-0.1048044285	-0.0244445385	0.0159315696	-0.0659995409	0.0656143704	0.051255907	-0.033446459	-0.1163745173	0.0512449685	0.1213543815	0.0148591476	0.0303802188	-0.0341570981	0.0112607281	-0.1748048609	-0.1140904972	0.0928228103	0.1022078505	-0.1467275191	-0.0906757351	-0.0234005253	-0.0480795831	-0.0161755088	0.0198723692	-0.0805764318	0.0773849666	-0.0721591615	0.0650363955	-0.0562039158	0.0458939156	-0.0343774302	0.0219572114	0.035075108700056	0.0090259906841084	0.0012302632503207	8.146850782961161e-05	0.1027966525547015	0.0030285374542557	0.010567151776452	9.172039111830189e-06	-0.183897015002536	-0.0926846637372591	0.0338181121268429	0.0085904468920887	-0.0509030210832068	0.0002785569237844	0.0025911175553973	7.759395978828348e-08	0.0007281527626965	0.0002982669949591	5.302064458225453e-07	8.89632002819914e-08	-0.0012843062548904	6.858620935660002e-05	1.6494425563506052e-06	4.704068113907368e-09	0.0	0.0	0.0	0.0	0.0	0.0	0.0	0.0	0.0	0.0	0.0	0.0	0.0	0.0	0.0
1900.615507662424	-2.0224893472400254	3612339.307966894	4.090463159699384	2222.3213006221886	10.92780327074479	4938711.963199096	119.41688432410052	2138.71564175721	-1.6422726354130646	4574104.596296955	2.6970594090265725	2137.012944059552	1411.1815426932944	1.304237	32.728771	0.1807699070924406	0.0976847490353474	0.0053367514	0.0307312846	0.0344856654	-0.0574975419	0.008928762	-0.0268709889	-0.0051387641	0.1136326124	-0.048537741	0.0391331881	0.1316528741	0.0249393472	-0.0763627993	-0.0548995881	-0.0333208162	-0.0099026935	-0.1915871539	0.108910666	-0.0537672788	0.08159644	0.006591386	-0.0742511981	0.0091883905	0.1617365462	-0.121520262	-0.1080925326	0.036320676	0.1002606694	0.0311450572	-0.0567736357	-0.0449566396	-0.0348848649	0.1336889908	0.097406915	-0.0809802296	0.060471899	0.0265097208	-0.0434720079	0.0645846622	0.1080810245	0.0401718528	0.0804497685	0.0016657325	0.039108105	-0.090947588	-0.0137907028	0.0044268245	-0.0104809898	0.0596645246	0.0903247304	0.1203679657	-0.0206481556	-0.0601240029	0.1380111646	0.1505683532	0.0614389032	0.001309753	-0.0910010688	0.0915960247	0.0437391597	-0.0836125757	-0.0668119046	0.0718482665	-0.0773337429	-0.0609954613	0.0706912838	-0.0633504538	0.0281163826	-0.1887733891	-0.116661492	-0.0416987402	0.0284596105	0.0227880619	-0.0605944164	-0.0493811668	0.0468696869	-0.0587905648	0.0917341779	-0.0840322469	0.2443381052	0.0319091141	0.0321960372	-0.0339277348	-0.0707885463	0.1046976334	0.0294907775	-0.0455673191	-0.0692704953	0.0231286873	-0.0686999315	0.0313871474	-0.1597112326	-0.0346811829	-0.0755504039	-0.1184561511	0.1433836224	-0.0989432351	0.0341182664	-0.0915590727	0.0472717287	0.0202578035	0.0274033276	-0.0165576132	-0.0349501165	0.0430511917	-0.0109164615	0.0953465646	-0.0088193335	0.032158622	-0.002016874	0.1263758296	-0.0038163165	0.0618040202	-0.046475412	0.0532904847	0.0827396066	-0.0086474798	-0.0985144701	-0.0025221632	0.023971965	0.0024328223	0.0088065086	-0.1106612777	0.0137031819	-0.1093605174	0.070834437	0.0928028436	-0.0418347798	0.0537393507	-0.0186165692	-0.035192102	-0.1166624754	0.1808238108	0.1447629752	-0.0556622725	-0.0197968071	-0.0073259301	-0.1397732334	-0.1341962119	-0.0601010116	0.0192881301	-0.0807101879	0.0779133966	-0.0733236445	0.0670465522	-0.0592265694	0.0500436514	-0.0397091175	0.0284607885	0.0485072356779312	0.0134321269778752	0.0023529519131143	0.0001804220351497	0.0690499758118647	-0.0337466767428367	0.0047678991596191	0.0011388381911855	-0.0918507976584024	0.0920462173441336	0.0084365690304847	0.0084725061273634	-0.0506408504631861	0.0002621706200207	0.0025644957356347	6.873343400203854e-08	0.000412168072885	-0.0003159846898114	1.6988252030573468e-07	9.984632419526987e-08	-0.0015370486656101	-0.0002527424107197	2.3625186004537894e-06	6.387872617640554e-08	0.0	0.0	0.0	0.0	0.0	0.0	0.0	0.0	0.0	0.0	0.0	0.0	0.0	0.0	0.0
1881.3613274270256	-19.254180235398508	3539520.44433798	370.72345653721055	2224.365847500888	2.0445468786992933	4947803.423528343	4.180171939199023	2131.2546543621465	-7.460987395063512	4542246.401740313	55.66633290929661	2128.4005592714066	1376.059984492576	1.635634	41.044899	0.3122737167151473	0.1256774733114145	0.0166376828	0.0418537218	-0.0130507827	-0.0067450444	-0.0133299519	-0.0589442257	0.1191474067	0.0634911051	0.0271162699	0.0086440806	0.1041174525	-0.0488047544	0.0174863422	-0.0187131283	0.083086395	-0.0250382788	-0.0997986277	0.077662353	0.0575140026	-0.0687189379	-0.2381733338	-0.0966898025	-0.0588629674	-0.0139586786	0.1402847405	0.0855362446	-0.165465233	0.0354313303	0.0306375838	0.1599251426	-0.126507551	0.2900230547	0.1477240353	0.1240679206	0.06849126	-0.0627514597	0.1738395907	0.1382896228	0.0612060832	-0.1011756251	-0.1138237453	0.0683039837	-0.0574666672	-0.003534859	-0.0503352408	0.1752090342	-0.0389906282	0.0583630043	-0.0534338258	-0.0490596898	-0.0637414173	0.0809709508	-0.0132670761	0.0475862633	-0.0999303815	0.1059708932	-0.0662273453	0.0532089317	0.0646674371	-0.0080585249	-0.0646894411	-0.0860811484	-0.1573937647	0.0139701427	-0.1276077217	0.0043244519	0.0574991137	-0.0070479335	-0.0848672651	-0.0320252074	-0.1292562005	-0.153106207	0.0926259028	-0.0320330693	0.0217287524	0.0958077852	-0.0313560125	-0.1225907258	-0.1489901677	-0.0738650904	0.1273548056	0.0986656961	0.3114397351	0.0659653548	-0.0091918139	0.13734086	0.0826579036	-0.0072470976	0.1298586725	-0.1518803401	0.1377483141	-0.0621415919	-0.0885076191	0.0872870448	0.2642378052	-0.144605353	-0.0453615584	-0.0395345748	-0.143056381	0.0490263071	-0.0562162884	0.022385321	-0.0047914391	0.0017927012	-0.0394599951	0.1053986761	-0.1510521494	0.0799369837	-0.0877315331	-0.0537945873	0.0729974671	-0.1879516337	0.0265742741	0.0436975564	0.0196250249	-0.0124220401	0.009113655	-0.0385478171	-0.0040754959	-0.0111636125	-0.0479439205	0.0082562404	0.0859755116	-0.0599580558	-0.0575079436	-0.0194268355	0.1148020317	-0.0005863655	0.0226087671	-0.0500242065	0.1149812224	0.066583822	-0.2055395935	-0.1734219827	0.1207278816	-0.0333820015	-0.1550194301	0.0421978034	-0.0896507495	0.0898567742	-0.016238196	-0.0808350932	0.0784076511	-0.0744157659	0.0689390864	-0.0620868871	0.0539958877	-0.0448275254	0.0347647336	0.1146046478732785	0.0660974121953472	0.0131342253141581	0.0043688678989216	0.0972287568405647	0.0281787810287	0.0094534311567616	0.0007940437002634	-0.1406341845854726	-0.0487833869270702	0.0197779738740207	0.0023798188400762	-0.0519233935576141	-0.0012825430944279	0.0026960387985388	1.6449167890649426e-06	0.0020888302547412	0.0016766621818562	4.363211833122187e-06	2.8111960720667936e-06	-0.0019621261206065	-0.0004250774549963	3.849938913166313e-06	1.806908427462163e-07	0.0	0.0	0.0	0.0	0.0	0.0	0.0	1.0	0.0	0.0	0.0	0.0	0.0	0.0	0.0
1881.9675736598083	0.6062462327827234	3541801.948306986	0.367534494763244	2204.779935432203	-19.585912068685047	4861054.563684428	383.6079515622626	2130.996278738301	-0.2583756238454953	4541145.139996487	0.0667579629975488	2128.558869495832	1341.321545365304	1.528449	38.355171	0.3026300955220973	0.117057044886551	0.0025221612	-0.01295071	-0.0031661804	0.0554214075	0.0146916699	-0.0313974583	-0.0240924625	0.0141973563	-0.0026318914	-0.0504844096	0.1158071015	0.093882835	0.0458904465	0.0114839933	-0.0725185234	-0.0919832478	-0.1062682565	0.2034795416	0.0675126081	0.0138753218	0.0005524083	0.0412880977	-0.0167136548	-0.010235634	-0.1169829063	0.0088968746	-0.0954856778	-0.1061861792	0.0111211152	-0.0750221968	-0.028808336	-0.1307515058	-0.0341358257	-0.0628221841	0.0448024485	0.0281523408	-0.0174956598	0.0093332475	-0.131943318	0.1048717308	0.1248807788	0.2436492329	0.002616528	-0.0237298206	-0.0751295877	0.0102448023	-0.0510952851	-0.0193906186	0.0589958808	0.2131060243	-0.0371610108	-0.1421917943	-0.1269895249	0.0081668201	-0.1459058535	0.0045066679	0.0841164198	0.0537746601	-0.0865366038	-0.0347956486	-0.0538866467	-0.0912380038	-0.0082708673	0.121933672	0.0087009349	0.0631770809	0.0344278187	0.0598366863	-0.0963198521	-0.1201468028	-0.1812214571	0.0066426536	-0.0246148514	-0.0325278172	-0.0258206561	-0.0223056218	0.0072346287	0.0137131787	-0.0207172228	-0.0279487782	-0.0078371323	-0.085476393	-0.2126518395	-0.144796464	-0.0226245995	0.0136056808	0.1046240373	0.0035018195	0.0225689448	0.0866402648	0.0473402918	0.0700510035	-0.0357909145	-0.1779638765	0.0054886275	0.0549190751	-0.1921786829	0.0846048037	-0.1015097076	0.0166579675	0.0597130126	0.1364792602	-0.1172693048	0.1600065649	0.0363451929	-0.0570301559	-0.0846703923	0.2005645723	0.1060430414	0.0048878675	-0.1498103527	-0.092668064	0.049263515	0.0520831311	-0.0412984798	-0.0528479815	0.0448161501	-0.0253023312	0.0076843711	-0.0142605897	-0.0237992489	0.0017716941	-0.0780952621	-0.0005539279	-0.0722555977	0.0198464373	0.1469279203	-0.0060701677	0.1124394618	0.019591755	-0.0239193674	-0.0344633791	0.1076268192	0.0524867079	-0.0870541149	-0.0165184977	-0.051033714	0.0110845505	0.0681789802	0.0973901489	-0.0081481687	-0.0809511339	0.0788675135	-0.0754344479	0.0707106781	-0.064777029	0.0577350269	-0.0497051625	0.040824829	0.0533338013010364	-0.0612708465722421	0.0028444943612184	0.0037541166396792	0.1230679685357643	0.0258392116951995	0.0151457248795198	0.0006676648610293	-0.054105493487242	0.0865286910982306	0.0029274044254979	0.007487214383173	-0.0523935621261213	-0.0004701685685071	0.0027450853522637	2.210584828121093e-07	0.000885261305328	-0.0012035689494132	7.836875787110344e-07	1.4485782159915946e-06	-0.0010560367153984	0.000906089405208	1.1152135442694411e-06	8.209980102303681e-07	0.0	0.0	0.0	0.0	0.0	0.0	0.0	0.0	1.0	0.0	0.0	0.0	0.0	0.0	0.0
1868.884115017678	-13.08345864213038	3492727.835365409	171.17689004033616	2185.6318581321025	-19.14807730010034	4776986.619281987	366.648864290618	2118.2051776013213	-12.791101136979703	4486793.174417045	163.61226829644352	2112.7013718707008	1343.7704951089238	1.481058	37.165936	0.1995806952475042	0.0828402188775947	0.0194040438	0.0215147558	-0.0617063074	0.0145586639	0.0284862493	0.0373632276	0.0734893486	0.0255067708	0.0485597738	-0.0932028571	0.0224813722	0.0243385906	0.0370572328	0.091925636	0.0843481268	0.0253455301	-0.0183615605	0.0481766149	-0.0220852427	0.0621095459	-0.2913666695	0.074110655	-0.0893747404	-0.13406951	0.2161751231	0.1376358795	0.0188360882	-0.104961118	-0.0069780136	-0.1099396909	0.261219603	-0.0174083063	0.2030598375	-0.013696918	-0.0222692522	-0.1745094103	0.073453113	0.1144380719	0.081519822	0.0637217823	0.0374713947	-0.0803072421	-0.0238694264	-0.0667409671	-0.0376285992	-0.0450413578	-0.0175876901	0.0024087334	0.1423053288	0.0020692108	-0.01177858	-0.0785256428	0.02137263	-0.0708699874	0.0415059934	-0.0882597554	0.0318727702	0.0512539479	0.0036952367	0.0684483184	-0.0394073065	0.0589630386	-0.0475380533	0.0360275261	0.0753384659	-0.0834191038	-0.1314498125	0.0111407502	-0.0125859008	-0.0687508978	0.0040262225	-0.1328726877	0.1093084107	-0.0294447299	-0.1256924007	-0.0524370484	0.0426056765	-0.2905549474	-0.0443350885	-0.2949610424	0.0236789664	0.1347691455	-0.0087525918	0.0228165894	-0.0266850685	0.0043403361	-0.1582088651	0.1544279674	0.0095080059	-0.1774299695	-0.0266140974	-0.087822378	-0.0727853484	0.0435620087	0.0455644389	0.198137867	0.0308801555	0.0875109843	0.0422780075	0.0292229352	0.1571168862	-0.0278274147	-0.0849978492	-0.0541424262	0.1325058154	-0.0986446341	0.0335016942	-0.0016227114	0.0030352495	-0.0520324493	-0.0442257927	-0.0053472721	-0.0311760956	0.0670061247	-0.0640108576	0.0762868914	0.1060647247	-0.0085388486	0.0046873085	-0.0224660772	-0.0098185434	-0.032557983	0.055335711	-0.1035420318	-0.0917481401	-0.0215690143	0.1242186813	0.0408400354	0.0518848322	-0.0280654412	0.0901929621	0.1197432536	-0.1356579285	-0.2587915838	0.0696843539	0.1854485222	-0.1253913937	-0.0180946636	-0.0090079055	0.1384433107	-0.0132005379	-0.0810582975	0.0792927819	-0.0763786853	0.0723582192	-0.0672896215	0.0612463124	-0.054315831	0.0465985677	0.0854175786727324	0.032083777371696	0.0072961627463124	0.0010293687704365	0.1260716766657026	0.0030037081299383	0.0158940676573014	9.022262529857463e-06	-0.0935515303890568	-0.0394460369018147	0.0087518888381346	0.0015559898272593	-0.0529198873034077	-0.0005263251772864	0.0028005144722053	2.770181922455624e-07	0.0019927671170867	0.0011075058117587	3.971120782942038e-06	1.2265691230792973e-06	-0.0019231491832344	-0.0008671124678359	3.69850278097514e-06	7.518840318766381e-07	0.0	0.0	0.0	0.0	0.0	0.0	0.0	0.0	0.0	0.0	0.0	0.0	0.0	0.0	0.0
1864.177791290124	-4.706323727553809	3475158.837539325	22.149483028535972	2183.281411373254	-2.350446758848648	4766717.721247987	5.524599966182113	2111.666029353988	-6.539148247333287	4459133.419527638	42.760459800602	2107.737847734048	1317.5966087576896	1.484731	37.258106	0.0756332377626812	0.0416413280833941	-0.0004470166	-0.0334446622	-0.0203111698	0.0503407903	0.0577166717	-0.0366469446	-0.0402758099	-0.0595000698	0.0028587667	-0.1473566349	0.1075842865	0.05154999	0.0281004801	-0.0086290509	0.0196408336	0.1089779047	0.0498039977	0.1387105561	0.0085089795	0.0811594048	-0.0728262105	0.2339685068	0.0638601244	-0.1763402506	-0.0662645546	0.1866439522	0.0528314551	-0.1106072552	-0.068148493	0.0556341734	-0.1085649285	0.1423390943	-0.020027316	0.0482681304	0.1976703848	0.1338979355	0.0016305406	-0.0253226923	-0.002565971	-0.0447898883	-0.1713240614	0.1205753413	0.0059663843	0.0107861043	-0.1025657335	-0.1506631985	0.079268949	-0.0185773363	0.1272546054	-0.0410833266	-0.1017271961	0.0179721169	-0.0521773523	-0.0771246723	-0.1247491036	-0.0613125047	-0.0530148279	0.0249467533	0.0003336208	-0.043600579	-0.0259021059	0.0430273636	0.0305166041	-0.1295037291	0.0002529679	0.0535034478	-0.0685978394	0.0615596891	0.0532006259	-0.0781789529	-0.1099487805	-0.0438934559	-0.0959408313	-0.0549424139	-0.1312421718	-0.1016424299	0.1557339777	-0.0110055939	0.0573647725	-0.1612837794	0.0049946149	0.1772898972	-0.0434889407	0.0362159497	0.0637007044	0.0639682738	0.0962401052	0.0238527204	0.1852730165	0.0883585298	0.1014700726	0.2125817586	-0.1411417395	0.122638166	-0.0255977692	-0.138003427	-0.2151430275	-0.046129334	0.032755748	-0.1349087192	0.018068838	-0.0359197108	-0.020988516	-0.1555309265	-0.1357385614	0.0420609458	0.118787447	0.0247372681	0.0429489057	-0.0228823337	-0.0988988482	0.0083490193	-0.0404009258	0.0169613174	0.1084694204	-0.0067304297	-0.0036976334	0.0500636677	0.0166149464	-0.0390418256	-0.022424746	-0.000902695	-0.0250590892	-0.001743185	-0.0252077859	0.0124272933	0.0928767741	0.02683796	0.1079011849	0.0171106551	0.0138498877	0.0169280079	0.0975364708	0.0085902354	-0.068298504	-0.0106988996	0.0403224001	0.1111722491	0.2091700152	0.1625100999	-0.046859312	-0.0811565722	0.0796832699	-0.0772475461	0.0738788195	-0.0696177779	0.0645158866	-0.0586347667	0.0520454508	0.0831743151310888	-0.0022432635416436	0.0069179666975256	5.032231317267389e-06	0.1061624025451948	-0.0199092741205078	0.0112704557141679	0.0003963791960055	-0.0822685731321968	0.0112829572568599	0.0067681181252076	0.0001273051244601	-0.0535277857259322	-0.0006078984225244	0.0028652238447213	3.69540492107772e-07	0.0018358928319628	-0.0001568742851238	3.3705024904523902e-06	2.4609541333134663e-08	-0.0020023313324594	-7.918214922499989e-05	4.009330764948636e-06	6.269812755890149e-09	0.0	0.0	0.0	0.0	0.0	0.0	0.0	0.0	0.0	0.0	0.0	0.0	0.0	0.0	0.0
1864.4251361257127	0.2473448355885921	3476081.0882173823	0.0611794676923476	2181.1222589666195	-2.159152406634348	4757294.308559649	4.661939115074897	2106.518529426163	-5.147499927825265	4437420.314815763	26.49675550696111	2100.624413896157	1302.061477951086	1.398669	35.098465	0.1763858099394238	0.0830670602003745	0.0207445675	-0.0276953263	-0.0812171084	0.0593085873	0.067805681	0.0475983207	-0.0088666968	-0.1346559053	0.0845663897	-0.0425681835	-0.0591969145	-0.0272408043	-0.0079739662	0.0222429388	0.0639630355	-0.0288150878	0.1326782863	0.0808622309	0.0542257655	0.250142372	-0.0702192399	0.1604273766	0.108955884	0.0177553278	0.1081120914	0.1261173564	0.1926207444	-0.0188156464	0.1383969858	-0.0223886572	-0.1399926356	-0.1218916678	0.0423573761	-0.0241195774	0.1210925629	0.0580424971	-0.0817051548	-0.0223180128	-0.0621681966	0.0694894505	0.0198415172	-0.257539715	-0.0950985072	0.043144976	0.0408340491	0.0165801295	-0.0009020399	0.1024910039	-0.1517855484	-0.0096024618	0.0547022574	0.0107524175	-0.0265178327	0.0933199099	0.0678112293	0.0227826493	-0.0403983494	0.078648096	-0.0235092958	-0.0419100251	-0.0107003187	-0.0123535776	0.0645320527	0.0095606137	-0.027821546	-0.0382853163	-0.0103871861	0.016919321	0.1382637063	-0.0436399601	-0.0424615836	0.0798188726	0.0680861202	-0.0069544861	-0.2070923982	-0.0676311501	0.2330467159	-0.1020816606	0.0008186757	-0.1037791312	-0.061059852	0.0570469863	-0.0365964288	0.0672766091	0.210102304	-0.0132761605	0.0141224259	-0.1466012416	0.0125373347	0.1027945828	-0.1121953912	-0.0743568952	-0.0280480216	-0.1709409028	0.0104306873	0.037161532	0.2752643207	-0.0018984964	0.0424894309	-0.0126948427	-0.1555205008	-0.1089096362	0.0525363294	-0.1186127045	-0.0680168196	0.005416686	-0.0386148121	-0.0490402557	0.0732554483	-0.0705719495	0.0770493755	-0.0369574168	0.0422140179	-0.0863350586	-0.0549713002	-0.0128639934	0.0205111538	0.0928960837	0.013310296	-0.0778499739	-0.0001781615	-0.0685547443	0.0272690283	-0.0841375546	0.0157080596	0.0134880533	0.031404589	0.047596858	0.0192715193	3.00233e-05	0.058463848	0.0018020468	-0.0484790662	-0.1766795821	0.0335118728	0.323244004	0.0385443739	0.1372607781	0.1144806385	0.0075149165	0.0060860736	-0.0812459471	0.0800388062	-0.0780401729	0.0752698111	-0.0717551168	0.0675308461	-0.0626387723	0.0571272725	0.0675079562965805	-0.0156663588345083	0.004557324163341	0.0002454347991315	0.1747250880557942	0.0685626855105994	0.030528856396105	0.0047008418444253	-0.0718987702241307	0.0103698029080661	0.0051694331597423	0.0001075328123521	-0.0545020867058239	-0.0009743009798916	0.0029704774552891	9.492623994179266e-07	0.0022626160150474	0.0004267231830845	5.119431231548976e-06	1.8209267498185282e-07	-0.0022370464232081	-0.0002347150907487	5.004376699588154e-06	5.509117382517054e-08	0.0	0.0	0.0	0.0	0.0	0.0	0.0	0.0	0.0	0.0	0.0	0.0	0.0	0.0	0.0
1872.1449805877355	7.71984446202282	3504926.8283398524	59.595998517824405	2183.4105469674773	2.288288000857847	4767281.616608819	5.236261974870001	2105.905133715632	-0.6133957105307672	4434836.432209854	0.3762542976975448	2104.7549013021858	1328.3501185102305	1.528761	38.363003	0.1273127766179279	0.0918350855166634	-0.0139361521	-0.0785318757	0.0003830255	0.0603891425	0.0479302718	0.0283298898	-0.07968801	-0.1171446018	-0.0089426349	0.0028654596	-0.0187535542	0.0172012402	-0.0167060208	-0.0762303487	-0.1281127865	0.0076468879	0.1843298255	0.0110922208	0.0940932023	0.0647635402	0.1832198824	-0.1097047208	0.1372862058	0.0191121007	-0.0504178047	-0.0460648892	0.0830274903	-0.0142628841	-0.0098737265	0.0836833477	0.0082226849	-0.1578032846	0.0034780005	0.0205212177	-0.141240787	0.0189071012	-0.0041243499	0.0012709577	0.1224489696	-0.230740226	-0.1910202356	0.0980425633	0.0554079324	0.0438072644	0.0395294528	0.0357953407	0.079119525	0.0677292543	0.0066412857	-0.0372752516	-0.0610925695	-0.0427906097	-0.0867701575	0.0325319807	0.0512705012	-0.0432237237	-0.065736728	0.0327340288	0.0993324506	0.0300593271	-0.0922534551	-0.1471259294	0.0890257288	0.0694116039	0.0782267584	-0.0363290934	0.0412788866	-0.0235568648	0.1822518819	0.0383496105	-0.0541212102	0.1626457203	-0.0257430281	0.030763646	0.006618336	0.1306930776	0.0636830109	0.1792079412	0.0354642489	0.0536930249	-0.0374047665	-0.0849647391	-0.0629801922	0.0905729294	0.0606821236	-0.1207143663	0.0636909197	-0.0866601581	-0.1038960971	-0.1505472506	-0.013852446	0.0057884759	0.0254720377	0.175402674	-0.1025714982	-0.1105199716	-0.1626924995	-0.1069020912	0.0361437594	0.1646424967	0.0094340167	-0.0372209757	-0.0753090003	-0.0622135073	-0.0017344681	-0.0345847374	0.0375888274	0.0765508083	-0.1163700869	-0.1874033738	-0.0273569617	-0.0391936477	0.0944585599	-0.0260567048	-0.0346997467	0.0279773779	0.1114240486	0.13252447	0.005696219	-0.0742349817	-0.0446770587	0.0475532206	0.052086214	0.0494557286	0.0939554417	0.0235715289	-0.0545893594	0.0020606512	-0.0041785953	0.0235817278	-0.0430634573	-0.0895114181	-0.0193813225	0.1414091477	-0.0050534085	-0.2087114774	0.0102028616	0.0674020553	0.1021179454	0.0538616308	-0.0425237197	-0.0813264124	0.0803592349	-0.0787557834	0.076528754	-0.0736957799	0.0702792922	-0.0663063423	0.0618083875	0.0766054948360732	0.0090975385394927	0.0058684018390796	8.276520747755502e-05	0.1473813341556393	-0.0273437539001548	0.0217212576574962	0.0007476808773522	-0.1582289382967161	-0.0863301680725854	0.0250363969145059	0.0074528979194408	-0.0544841415403377	1.794516548619951e-05	0.0029685216793875	3.2202896432708605e-10	0.0022041498472367	-5.846616781069987e-05	4.858276549073568e-06	3.4182927784689182e-09	-0.0022226314343911	1.4414988816999989e-05	4.940090493143439e-06	2.0779190259423475e-10	0.0	0.0	0.0	0.0	0.0	0.0	0.0	0.0	0.0	1.0	0.0	0.0	0.0	0.0	0.0
1869.6437977256423	-2.5011828620931738	3495567.9303739625	6.2559157096286	2201.353848544034	17.943301576556678	4845958.76649963	321.9620714672613	2110.8554287398074	4.950295024175375	4455710.641040316	24.50542082637548	2106.0579590227617	1335.2480549755685	1.344957	33.750587	0.1825553182320262	0.1292965004169489	0.0326423956	-0.0567780249	-0.0671283651	0.0722228391	0.0166609712	0.0121361554	0.0506657375	-0.0757230656	0.0102312311	-0.030475566	0.0728397324	-0.1081026225	-0.0126619622	-0.0753340745	0.0073622976	0.0410008423	0.0710376219	0.0837166417	0.0612839011	0.2958404492	-0.1026624816	0.0930171244	0.2256319419	0.0067187283	0.0715908761	-0.0785287432	0.0310791722	-0.1866582114	0.1181826929	0.0201150152	-0.1481221012	-0.0857457462	-0.0097398469	0.111917453	-0.0778370397	0.049960439	0.100298782	0.0026539589	0.0339245612	0.0197112661	0.1251466202	0.0701886254	0.1346224627	-0.0644850665	0.0139809336	-0.0205170505	0.0042759228	0.0409439998	-0.0387882507	0.0213378101	0.1180856019	0.13748169	0.0406479642	-0.021122353	0.005933653	0.0058589353	0.0340508731	-0.1127272228	0.0066649593	0.0397549128	0.0695013112	-0.0721714483	0.0260334643	-0.0473526279	-0.0689546372	0.0744375635	0.1566139358	-0.1027549261	0.0838979251	-0.054645285	-0.0659743236	0.0745832148	0.0678050042	-0.0220346103	-0.2363481304	0.0291110545	0.3260979387	-0.1058785499	0.0572625208	0.0589887641	0.0686449494	0.058084349	0.0011275749	-0.0805831229	0.0951242574	-0.0098961194	0.220295555	-0.0559220534	-0.0919630436	-0.0737647819	0.0337852796	-0.0241508384	0.100897985	-0.0626526695	-0.0462049308	0.1097641366	-0.1031337885	-0.0892273332	0.0661841889	-0.0223330695	-0.0247155781	0.1242106414	0.0714301701	0.0496691323	0.0153474728	0.0722221082	-0.0368810425	-0.0108218361	-0.0636009957	0.1033863199	0.0628299254	0.0755570899	-0.0162670343	-0.0864812783	0.0020780184	0.035148142	-0.1518782031	0.0947792497	0.0210753972	-0.0626669152	0.0169688344	-0.0523322614	-0.0687783734	-0.0087486431	0.0126666788	0.0064254107	0.0383616398	0.0179902796	0.057483767	0.0386970867	-0.0292564775	-0.0223083011	0.1294416638	-0.020743972	-0.0818055244	0.2395438626	-0.0028280505	-0.0635538544	0.009835396	0.1242069967	-0.0415776603	-0.0813979594	0.0806444153	-0.0793936715	0.0776534394	-0.0754344479	0.0727503781	-0.0696177779	0.066055961	0.0392512869741636	-0.0373542078619096	0.0015406635291281	0.0013953368449907	0.164791506065697	0.0174101719100576	0.0271562404714006	0.0003031140859377	-0.036306705034427	0.1219222332622891	0.0013181768304568	0.014865030963664	-0.0543970154908205	8.712604951719577e-05	0.0029590352943085	7.590948504472849e-09	0.0022150863630572	1.0936515820500047e-05	4.906607595801974e-06	1.1960737829204779e-10	-0.0022419429730088	-1.9311538617700075e-05	5.026308294223537e-06	3.7293552378292127e-10	0.0	0.0	0.0	0.0	0.0	0.0	0.0	0.0	0.0	0.0	0.0	0.0	0.0	0.0	0.0
1866.20241021319	-3.4413875124523656	3482711.4358855197	11.84314801086308	2178.216756184896	-23.137092359138023	4744628.23692465	535.325042835283	2099.657571199314	-11.19785754049326	4408561.916294603	125.39201349718176	2096.0716106806663	1316.8893801016366	1.526399	38.303738	0.2300353389814718	0.1738774588967422	-0.0016089833	-0.0632327524	-0.0418187351	0.0389698247	0.0730074079	0.0270369873	-0.0332471825	-0.1497009077	0.0280415702	0.0232653739	-0.1184665578	-0.0145260677	-0.0637159119	-0.0433757491	-0.0134301009	-0.0043192009	0.225868254	-0.0643581156	0.0855444373	-0.0997680273	0.0771535333	-0.0623740347	-0.0255042872	-0.0544369821	0.0381880749	0.1482309667	0.038783762	-0.0496667246	-0.1626237266	-0.0180344484	-0.0098704655	0.0765206327	0.0678411898	-0.1374068261	-0.215262256	-0.1102295276	-0.1674715963	0.1771122225	-0.0997434166	-0.1498795066	0.0607786504	0.0507039181	-0.048244723	0.0099217134	0.0739124331	0.0481992919	0.0746513084	-0.0908198744	0.0825637478	0.2163354871	0.0436705157	0.10130814	0.1051745762	0.1149665483	0.0552066312	-0.0606521619	0.0442563125	-0.0695451412	-0.0885732808	-0.0517287281	-0.0050519135	0.07223768	-0.0058011203	-0.1978344492	-0.0657977634	0.063710781	-0.0477753377	0.1123897334	0.2197936945	0.0927268628	0.0084792084	0.0886708449	0.0210573363	0.0382530131	0.1224353606	0.0473159156	-0.031562191	0.0321531077	0.00600794	-0.1675325458	-0.062550382	0.0640908506	0.0177781946	0.1738640681	-0.1842647994	-0.0453587375	-0.1696791255	-0.1534984057	-0.0114953719	0.0055541397	-0.0412898866	0.1905584171	0.126022998	0.0386026571	0.1111632548	0.0615059311	0.065105293	-0.0339589164	-0.1643592995	0.198136301	0.0893509847	0.0618169032	0.0139453264	0.0599394268	0.0320203848	0.0382777591	0.0799473958	-0.0206725876	0.0717525322	0.0867569959	-0.076200819	0.0459894027	0.0329655641	-0.0578068222	-0.0791737447	0.0099243487	-0.2009216095	0.1453397272	-0.0047203703	-0.0668261523	-0.0332056713	0.0284952739	0.1272667501	-0.0164942965	0.0864095236	-0.0014783666	-0.1028112155	0.0276757823	-0.096226035	-0.0145497631	0.0581443516	-0.0266031321	-0.2371670293	-0.0164988389	0.1431835042	-0.0877003819	0.0487455761	0.1458389168	0.054795127	-0.1433378433	0.0108025069	-0.0814605803	0.0808942224	-0.0799532077	0.0786418943	-0.0769663555	0.0749343514	-0.0725552932	0.0698401994	0.0564793029097074	0.0172280159355438	0.0031899116571664	0.0002968045330753	0.1671789667761203	0.0023874607104232	0.0279488069323311	5.69996864381485e-06	-0.2090278270298569	-0.1727211219954298	0.0436926324728237	0.0298325859833601	-0.0548474891949675	-0.0004504737041469	0.003008247070992	2.0292655812791665e-07	0.0024447737548491	0.0002296873917918	5.976918712398967e-06	5.2756297948165695e-08	-0.0021681292621462	7.381371086259995e-05	4.7007844973746265e-06	5.448463911307506e-09	0.0	0.0	0.0	0.0	0.0	0.0	0.0	0.0	0.0	0.0	1.0	0.0	0.0	0.0	0.0
1872.339209857518	6.1367996443279935	3505654.116769875	37.66030987462419	2181.8207434451942	3.603987260298254	4760341.7565277405	12.988724172392116	2106.9084984159103	7.25092721659621	4439063.420697186	52.57594550037567	2102.4301380981187	1351.5232047128563	1.525785	38.288342	0.1625291970362433	0.1058510390183277	0.0152110024	-0.0851584594	-0.039585732	0.0633886003	0.0150943899	0.0405744962	-0.0310402007	-0.1470073179	0.0247134717	0.0050020872	-0.0659446382	2.3218e-06	-0.0211100235	-0.0298027529	-0.0248653709	-0.0214944555	0.1455017286	-0.009408099	0.0684340696	0.1398032342	0.0835198585	-0.0935442289	0.0354014348	-0.014858145	-0.1016506335	-0.2500668609	0.0646888258	0.1043455297	-0.0527179299	0.2324351872	0.243415919	0.0043093092	0.0171995801	-0.0433733307	-0.0101616994	-0.0768562199	-0.0081527157	-0.1369331256	-0.1507156678	0.0837705521	-0.0851941173	-0.0402809837	-0.0139539714	-0.1054077632	0.1419506438	-0.143839146	0.004048975	0.1643289624	0.0389912137	-0.0804318282	-0.1241550331	-0.0430750905	-0.0385837043	0.0295130917	-0.0091778085	0.0596371628	0.0547460127	0.04834302	0.0423472259	-0.0058049123	0.0955700715	-0.0067817487	-0.1394260983	-0.0069799068	-0.0714103806	-0.0201768068	-0.083076449	-0.0699438025	0.1483052792	0.0375007716	-0.0195882308	0.0752922821	-0.0103694265	-0.0498474509	-0.0957202522	0.1076299876	0.0372505964	0.0938306775	0.1292473563	0.212257474	-0.0671891587	-0.1756195229	0.0258351855	0.0584229781	-0.0711192184	-0.128205246	-0.1016275653	0.1626221995	0.080051642	-0.1619677858	-0.0282977374	0.0821693094	0.035334406	-0.144080404	-0.1004370889	-0.2055511645	0.1301268849	0.0893984677	0.1033979976	0.011166634	0.0487449071	-0.0306466986	0.0534454403	-0.1444695851	0.1330310549	-0.122176333	-0.0692477927	0.1605733926	-0.0584718683	0.0399791102	0.0945237176	-0.0297805985	-0.0433651557	0.0584850614	0.0865747516	-0.030615101	0.0284932793	0.1482185905	0.0167686203	-0.0756096904	0.0079428574	-0.0156840642	-0.0785269988	0.0557663309	0.1171729166	0.0111749539	-0.0836022056	-0.0276261684	-0.022141866	0.0589711093	-0.0654797879	-0.0685529976	0.2328048389	0.1314081453	-0.0963412211	0.1426672408	0.0638545542	-0.1343273401	-0.0883844314	-0.015258749	-0.0120871209	-0.081514268	0.0811085467	-0.0804338397	0.0794923845	-0.0782873035	0.0768225931	-0.0751031108	0.073134559	0.0546487553038446	-0.0018305476058627	0.0029864864562594	3.3509045373300263e-06	0.1547979476863332	-0.012381019089787	0.0239624046079007	0.0001532896337016	-0.1010338345925134	0.1079939924373434	0.0102078357324673	0.011662702402557	-0.0546513040919019	0.0001961851030655	0.0029867650389455	3.8488594664859796e-08	0.0020357360249265	-0.0004090377299225	4.144221163183547e-06	1.673118645002338e-07	-0.0019668793370694	0.0002012499250768	3.868614326590563e-06	4.050153234341762e-08	0.0	0.0	0.0	0.0	0.0	0.0	0.0	0.0	0.0	0.0	0.0	1.0	0.0	0.0	0.0
1856.924012887194	-15.415196970323905	3448166.78963708	237.62829763388328	2200.09243219549	18.27168875029565	4840406.7102038665	333.8546097876807	2101.0388038458736	-5.8696945700367	4414364.055266099	34.453314345518315	2099.44383415686	1355.5289675583465	1.613185	40.481564	0.102630273662867	0.0522299194604376	0.0193710717	-0.0744587379	-0.0883375131	0.0220296037	0.0167296315	-0.0141899058	0.1034159026	-0.1372732858	0.0559419861	0.0004461314	0.0844347544	-0.1562732682	-0.0162731864	-0.0648236503	0.0647735919	-0.0094107664	0.1865335433	-0.0883490995	0.0809168675	-0.1180337674	-0.0919527441	-0.0980727452	-0.2851253629	-0.1536840578	0.222710757	-0.0166136113	-0.0220147472	0.0539146206	0.2711084511	-0.0738844887	0.0218727534	-0.1629055253	-0.1180526899	0.2026727274	0.0329986488	0.0227794309	-0.2978896049	0.0115711731	0.0620522122	0.0342353964	-0.0773794336	0.0249388522	-0.0261938654	0.0977145406	-0.0020004489	0.0619284152	0.0189242747	-0.1284928589	-0.0723887668	-0.0049997928	-0.0620850661	-0.038342107	-0.0432051292	0.1014018992	6.03255e-05	-0.0506099142	-0.0054476257	0.0013249125	-0.0551149708	-0.0354702924	0.1126349491	0.0631316137	-0.0862533688	-0.0201899647	-0.01621885	-0.0127984674	0.0102887496	-0.0782367068	0.1851454246	0.115246287	-0.0023481939	-0.100931426	0.0682739841	0.0265161755	0.0442720106	0.0600376627	-0.2614063133	-0.2162656108	0.0521992492	-0.1221958014	-0.0207550047	0.0388904084	0.1864387074	-0.0874223876	0.0855143825	-0.1149287538	0.071982276	0.0311071725	-0.129407482	0.1891054552	-0.3613928273	-0.0809547073	-0.1695486222	-0.0144211355	-0.1442642729	-0.0673662447	-0.0420822902	0.0387547107	-0.1258028382	0.0861140145	-0.0044000631	-0.049703463	0.0901565968	0.0688755584	-0.0225560406	0.0775449682	-0.0708196498	-0.0318214084	0.0036953825	-0.0435243596	-0.0798559498	0.1687675517	0.0359269826	0.0423489751	0.0787505114	-0.0241241286	-0.0187803077	0.1544343152	0.0021236663	-0.0564486814	-0.0097821161	-0.0151589105	0.0859004285	-0.0257045259	0.0831890087	-0.050276245	-0.0785642703	0.0495034352	-0.0692717101	-0.0246883553	0.0493466284	0.1245764212	-0.2107870734	-0.1567229639	0.1090782055	-0.0344075162	-0.1341814609	-0.0598341037	-0.1327693916	-0.0610603126	0.0667561666	-0.0815590168	0.081287294	-0.0808350932	0.0802034182	-0.0793936715	0.0784076511	-0.0772475461	0.0759159322	0.073054653576392	0.0184058982725473	0.0053369824091666	0.0003387770912193	0.1629188709029563	0.008120923216623	0.0265425584962941	6.594939389028779e-05	-0.13586620964778	-0.0348323750552666	0.0184596269240545	0.0012132943519907	-0.0541215483446597	0.0005297557472421	0.0029291419952233	2.806411517361401e-07	0.0018711137013389	-0.0001646223235875	3.501066483338158e-06	2.710050942338048e-08	-0.0020979228086082	-0.0001310434715387	4.401280110878518e-06	1.717239143294021e-08	0.0	0.0	0.0	0.0	0.0	0.0	0.0	0.0	0.0	0.0	0.0	0.0	1.0	0.0	0.0
1849.5586362300053	-7.36537665718879	3420867.148852997	54.24877330226151	2162.8103637695312	-37.28206842595864	4677748.669628892	1389.9526261178623	2088.903161291598	-12.13564255427582	4363516.417254031	147.27382020515012	2087.110050929168	1342.6815651544766	1.649573	41.394684	0.1463898941989797	0.0682956152042299	-0.0005346777	-0.0962145224	-0.0300061508	-0.0202446486	0.1093158971	0.018088072	0.0412299391	-0.2111745558	0.008125441	-0.00604601	0.0587312213	-0.0013211923	0.025601091	-0.0588774007	-0.1097373248	-0.0116475895	0.2383916049	-0.0769548113	-0.0089317167	-0.1165997321	0.0735530614	-0.005933679	0.0886541454	0.1020465675	-0.0328270935	-0.0221234964	-0.0965628811	-0.0281744587	-0.0166123915	-0.1057931079	-0.0714905893	0.1150942289	-0.2886126074	-0.0937807942	0.0413048688	-0.1821264873	0.1371684091	-0.0957404126	-0.0013556565	0.2224240463	-0.1198952018	-0.049114717	-0.0167572081	-0.016616861	-0.0963462163	0.0444606198	-0.0762100919	-0.0999418151	0.1259396529	0.0069977161	0.0309060557	-0.0163484488	0.0430767617	-0.1984855947	-0.0168918882	-0.0868245513	0.078487121	-0.077951185	0.0754636738	0.0298920997	0.0183658221	-0.0189753093	-0.0459436928	0.0686403307	-0.0125092397	-0.1102670389	-0.0435597759	-0.0131201846	0.2386653319	0.0669247863	0.0482696979	0.0300320517	-0.0135826929	0.04485822	0.1241955532	-0.0415024317	0.0277384979	0.0524989637	-0.0420590714	0.0712017742	0.0623166708	-0.0180205685	-0.0555411056	-0.1278138707	-0.0391181091	0.166914675	0.1478210462	0.1615312806	-0.0252869899	0.1535506473	0.0736621211	-0.0974970333	0.1678712383	0.1774533899	0.0434682281	0.0195009808	-0.0097531768	0.3371371335	0.0296784256	-0.1198399334	0.1654313364	-0.0141515795	-0.1185343066	-0.0073314499	-0.0277999473	-0.0688271908	-0.0041355438	-0.0355786058	0.0011650044	0.0564429669	-0.0275726228	-0.0358631766	-0.0913543719	0.0160866401	0.004997196	-0.0174368617	0.032176335	0.1703070869	0.0159590947	-0.0636812352	-0.0110910025	0.0341503758	-0.0047847676	0.0698011773	0.1043574827	0.0608211945	-0.0994539935	-0.0263397037	-0.0238706904	0.0080385148	-0.034820131	0.0290365969	0.0947210322	0.1127931563	-0.076371994	-0.184237974	0.0606986493	0.0307559681	0.0569244737	-0.0292304067	0.0061989182	-0.0815948217	0.0814303861	-0.0811565722	0.0807737477	-0.080282427	0.0796832699	-0.0789770813	0.0781648097	0.0566857055440124	-0.0163689480323796	0.0032132692130224	0.0002679424596867	0.1334805987406895	-0.0294382721622668	0.0178170702401729	0.0008666118678996	-0.0802774156879166	0.0555887939598634	0.0064444634695305	0.0030901140139121	-0.0545880317732379	-0.0004664834285781	0.002979853212876	2.176067891380702e-07	0.0015170360408138	-0.000354077660525	2.301398349128009e-06	1.2537098968292786e-07	-0.0021772393203943	-7.931651178610033e-05	4.740371058271034e-06	6.291109041914592e-09	0.0	0.0	0.0	0.0	0.0	0.0	0.0	0.0	0.0	0.0	0.0	0.0	0.0	1.0	0.0
1860.1461024030748	10.587466173069515	3460143.5222853506	112.09443996589124	2189.2275113192472	26.41714754971599	4792717.096317065	697.8656846634656	2099.655875394767	10.752714103169184	4408554.795079765	115.62086058449344	2096.415326516333	1332.5846479918782	1.538743	38.613506	0.1014739681172913	0.0540211004143973	0.0153474771	-0.0781899241	-0.0906846309	-0.0028764391	0.0676756885	0.0222542423	0.0906639916	-0.1517978542	0.0796414991	0.0458761021	-0.0264882089	-0.0687070506	0.0222539563	0.0427321824	0.0676835636	0.0173710398	0.1584263324	-0.0756439301	0.0239674287	0.1624086397	-0.1439275675	0.0536846259	0.0472136603	-0.0137076524	0.0184689334	-0.2375693606	-0.2455439727	0.0648249696	-0.1038324476	-0.0582227017	0.1333763776	0.0853177176	0.0339770367	-0.0450304901	-0.0710074672	-0.0214511921	0.0940649757	-0.1493044028	0.0150701754	-0.0990774593	0.0001708328	0.0075693686	-0.0909008003	-0.068124155	0.0130946548	0.0935656016	-0.01452827	-0.0521951619	-0.2368330298	0.0158329366	0.010385938	-0.0771976769	0.0262300467	-0.0831761944	-0.0816453386	0.0277473696	0.0064979892	0.0200043744	0.0153399419	-0.0783445105	-0.0318210642	0.0726348931	0.0822319203	-0.0023598079	0.032282161	-0.010316028	0.0117899014	0.0531422647	0.1525522273	0.0670301257	0.0545484531	-0.042232864	0.0277038047	-0.1107440966	-0.1387667226	0.0261237685	0.0853920152	-0.0726654018	0.029687192	0.1404786851	0.1693561648	-0.107841863	0.0613277316	-0.0667463474	-0.1718095311	0.0666357486	-0.2243769618	0.0595886168	-0.0845738113	-0.1128787836	-0.0179945939	-0.0373043117	0.0283868046	0.07388463	0.0139659978	-0.1460249702	0.1031032837	-0.0484526135	-0.0282606658	-0.204276617	-0.0725836198	0.0595394911	0.0430057362	0.2001951053	0.0415414147	0.0258896047	-0.0557497191	-0.0499766297	0.0761979955	-0.0809855574	-0.0421370286	-0.1044128693	-0.0718786319	-0.009717456	0.0074850595	-0.0277927549	-0.0020245038	0.140330724	0.0106326899	-0.0479509976	0.0306427783	-0.0595933853	0.0339999867	-0.0436049254	0.0196851121	-0.0085641623	-0.0054824113	-0.0312136286	0.0014648773	-0.0193760498	0.0371488676	0.0497225747	-0.0498679663	-0.155190274	0.0448082099	0.1935356467	0.0104742831	-0.030240721	0.0016193494	0.033603782	-0.006772924	-0.0816216788	0.0815377601	-0.0813979594	0.0812023727	-0.0809511339	0.0806444153	-0.080282427	0.0798654172	0.0555971063823221	-0.0010885991616903	0.0030910382380872	1.1850481348328297e-06	0.1574691445116371	0.0239885457709476	0.0247965314732268	0.0005754503282048	-0.0428180635111132	0.0374593521768034	0.0018333865628417	0.0014032030655057	-0.0547183480948326	-0.0001303163215947	0.0029940976182272	1.6982343673973442e-08	0.002019042601534	0.0005020065607202	4.076533026809183e-06	2.520105870061239e-07	-0.0020308127825522	0.0001464265378421	4.124200557777409e-06	2.144073098442398e-08	0.0	0.0	0.0	0.0	0.0	0.0	0.0	0.0	0.0	0.0	0.0	0.0	0.0	0.0	1.0
1851.537378945152	-8.608723457922679	3428190.665631084	74.1101195749882	2175.640518650864	-13.586992668383118	4733411.666395401	184.6063697706966	2083.480113600704	-16.175761794062964	4340889.3837696025	261.6552696182671	2083.185774317328	1327.8008404344391	1.499589	37.630955	0.2528626563524667	0.173945483833723	0.0131441422	-0.0960172756	-0.0533056125	0.0531151115	0.063790877	0.0088277297	0.0816407604	-0.2062297896	0.0520856307	0.0345600941	-0.0034123823	0.0005068194	0.0335245297	-0.0689658693	0.0352767737	-0.1074583803	0.3076627133	-0.1813538325	-0.0620188231	-0.3896789067	0.149389913	-0.0921345593	-0.2429287744	0.1620590957	-0.0945357046	0.1451283824	0.062258264	0.0344792693	0.0049827535	0.0742282889	-0.1873885549	-0.0459494399	0.1573703292	0.1352055277	0.0838789422	0.0737656965	0.1582135892	-0.0394708897	0.0258137633	0.0087177971	0.1236499399	0.0454630032	0.0529659513	-0.0355914211	-0.0229594744	-0.0443976322	-0.0316272848	0.0778489405	-0.06790169	-0.0198683949	0.0317484218	-0.0343492307	0.0472486002	-0.0097619974	0.0328216468	0.1249367491	0.0169962988	0.0985146462	0.0160281088	0.0313524267	0.0232272333	-0.0383867442	0.0579858397	-0.0216111209	0.051794089	0.0206037657	-0.0119337714	0.025040609	0.2987500061	0.1453641414	0.1167399481	-0.0656650054	-0.0445324034	0.0611073038	0.3392526026	-0.0596222129	-0.3518999302	0.1521328189	-0.0881180204	0.0068488377	-0.0399342783	0.0784286357	-0.0011183623	0.0105091091	0.0847275202	0.063460187	0.2107316547	-0.1443502206	0.1347131404	-0.1227795642	0.091413583	-0.0596657126	-0.1017094108	-0.1033276382	-0.0168020099	0.0748480923	0.0035300473	-0.0739951584	0.0565505008	-0.0679980531	-0.0610117818	0.0290931401	0.1038403302	0.0224308672	0.0627345854	-0.0090818135	0.0109398772	-0.002809248	0.0435522411	0.0644899332	0.1146897434	-0.0856169908	0.0134836852	0.0165439432	-0.026180038	-0.0481063104	0.0440865615	0.2084774534	0.0030130487	-0.0892405263	-0.0375994318	0.0519467495	0.088675	0.068794457	0.17583649	-0.0083117874	-0.1434974329	-0.0394798842	-0.1011381652	-0.0085691483	0.0056342217	0.041572115	-0.0833897025	0.0880989865	-0.0068751979	-0.2975761465	0.0301473546	0.0461632754	-0.0650706981	-0.1771755091	-0.0038253932	-0.0816395852	0.0816093689	-0.0815590168	0.0814885411	-0.0813979594	0.081287294	-0.0811565722	0.0810058262	0.0657027032417829	0.0101055968594608	0.0043168452132777	0.0001021230878859	0.1479884514124592	-0.0094806930991779	0.0219005817514577	8.988354164079947e-05	-0.2030980127438511	-0.1602799492327379	0.0412488027805015	0.025689662126049	-0.0558650406652462	-0.0011466925704136	0.0031209027685296	1.314903851041756e-06	0.0022053700455675	0.0001863274440335	4.8636570378863976e-06	3.4717916400057115e-08	-0.0019039044537775	0.0001269083287746	3.624852169113801e-06	1.6105723912387342e-08	0.0	0.0	0.0	0.0	0.0	0.0	0.0	0.0	0.0	0.0	0.0	0.0	0.0	0.0	0.0
1856.248978802152	4.711599856999783	3445660.271304032	22.19917321248037	2193.0932894620028	17.452770811138635	4809658.176283268	304.59920898613274	2100.766095080536	17.285981479832117	4413218.186239924	298.8051557210989	2100.5007536626213	1336.923836139489	1.443371	36.220222	0.1638521528059905	0.0975879608290353	0.0056506892	-0.1375509433	-0.085076682	0.0380023466	0.0262847298	-0.0132296222	0.0821161999	-0.1909147053	0.0504718789	0.0070953286	0.0093027017	-0.0710613377	0.0138871777	0.0668388688	0.0427126675	-0.0369932768	0.1969733231	-0.0735032969	0.103722223	0.0769450624	0.0474704967	0.0089825881	0.0193495696	-0.008782406	-0.123721427	-0.0720283877	-0.0314230032	0.1390067825	-0.1601300499	-0.0824593754	0.097819177	0.0718643433	-0.0465679731	-0.1122470114	0.0748882613	0.221540156	0.0151344917	0.122255039	0.0338440722	0.053328019	0.1492739076	-0.1345701031	0.0864526715	0.1127441595	-0.0197573945	-0.0452641232	-0.0166402921	-0.0199262614	0.1316570813	-0.078879596	0.0541021676	0.0357215576	4.12101e-05	-0.00356468	-0.0002057674	0.0791423967	-0.1034858847	-0.0797223102	-0.1315685207	0.0713233213	-0.0849804597	0.0657686997	0.0327758005	0.1751123463	0.0581718122	0.032443388	0.0788609064	-0.0182297804	0.189540047	0.1249032686	-0.0068278653	-0.0126071468	0.0114203981	-0.0513135214	-0.0912896248	0.0466603475	-0.0790233989	0.0698740355	0.0290812537	0.1049852719	0.0133964552	-0.1364449071	-0.1713405561	-0.0145555844	0.0109554502	0.0501780944	-0.2293459425	0.053197203	-0.0307006485	0.2091942825	0.2179431328	0.0594618653	-0.0139877569	-0.0577144373	0.0925069052	0.1871005022	-0.0452959445	-0.1379225254	0.0680499922	0.0227101147	-0.098942804	-0.0441680304	-0.086309529	-0.0584993186	-0.1469109753	0.0121728931	0.0697221502	-0.0919709583	-0.0228090346	0.0697354674	-0.0047425278	0.0930496141	-0.0135792597	0.0749711661	-0.0375921192	0.0668655053	0.0556839407	0.2077453672	0.013034229	-0.0720699792	0.0560498605	-0.0260867966	-0.0349858672	0.0612127908	0.1270069598	-0.0431669941	-0.0873308975	-0.0246643203	-0.043892769	0.0613436993	-0.0350021567	0.0271178406	0.2237654185	0.0477463199	-0.1198421047	0.0812968577	0.0189960559	-0.1220928627	-0.0554607524	0.0846611228	0.0351200009	-0.0816485389	0.0816451812	-0.0816395852	0.081631751	-0.0816216788	0.0816093689	-0.0815948217	0.0815780375	0.05936427202694	-0.0063384312148428	0.0035241167932885	4.017571026529483e-05	0.1688622151559826	0.0208737637435234	0.0285144477073853	0.0004357140128204	-0.1100032074306867	0.0930948053131643	0.0121007056450386	0.0086666427762959	-0.0563141847161251	-0.0004491440508788	0.0031712874002418	2.017303784399051e-07	0.0020507272350693	-0.0001546428104982	4.205482192654976e-06	2.3914398838782263e-08	-0.0021710206430896	-0.000267116189312	4.71333063272118e-06	7.135105859261756e-08	0.0	0.0	0.0	0.0	0.0	0.0	0.0	0.0	0.0	0.0	0.0	0.0	0.0	0.0	0.0
