#!ascii label  , from subject sub-v1s21x0050402_ses-1 vox2ras=TkReg
3869
532  -6.836  -96.056  8.339 0.8999999762
533  -7.825  -95.734  7.963 0.8000000119
534  -8.986  -95.519  8.019 0.8000000119
527  -10.376  -95.204  9.255 0.8000000119
542  -8.733  -95.380  7.327 0.8999999762
543  -9.673  -95.295  7.376 0.8000000119
536  -10.991  -95.041  8.664 0.8000000119
797  -12.639  -94.881  8.514 0.8000000119
823  -9.775  -94.673  6.719 0.8000000119
824  -10.689  -94.325  6.940 0.8000000119
812  -11.381  -94.695  7.652 0.8000000119
118410  -8.433  -92.043  12.352 0.6999999881
1399  -8.454  -92.674  11.939 0.8000000119
1406  -7.586  -92.710  11.250 0.6999999881
769  -6.401  -95.292  11.962 0.6000000238
1080  -12.834  -93.475  10.196 0.5000000000
105498  -13.920  -94.995  9.113 0.6999999881
105104  -14.929  -93.695  9.306 0.6000000238
1094  -13.350  -93.636  7.425 0.8000000119
1093  -12.533  -93.765  7.213 0.8000000119
1095  -15.126  -93.283  7.791 0.6999999881
1427  -13.812  -92.818  6.985 0.8000000119
1757  -7.608  -91.808  12.450 0.8000000119
1771  -7.738  -92.152  11.798 0.8000000119
123986  -5.940  -91.958  13.765 0.8000000119
1405  -6.488  -92.634  10.456 1.0000000000
1411  -6.204  -92.901  9.818 0.8999999762
1081  -7.060  -93.734  9.928 0.8999999762
786  -7.659  -93.740  9.152 0.8999999762
785  -6.898  -94.666  9.272 0.8999999762
110611  -7.509  -94.482  7.858 0.8999999762
1079  -12.448  -94.049  10.017 0.5000000000
126800  -13.370  -93.486  9.643 0.5000000000
105632  -14.499  -94.481  9.392 0.6999999881
105103  -14.857  -92.519  8.863 0.6000000238
1791  -14.341  -91.809  9.359 0.6000000238
541  -7.789  -95.380  7.573 0.8999999762
537  -14.685  -94.169  8.303 0.6999999881
105110  -14.511  -91.472  8.956 0.6999999881
1107  -7.548  -93.960  6.771 0.8999999762
822  -9.004  -94.702  6.675 0.8999999762
1110  -10.071  -93.579  6.628 1.0000000000
1434  -8.757  -93.026  6.534 0.8999999762
108593  -13.201  -91.468  5.875 0.8000000119
105106  -14.407  -91.395  7.987 0.6999999881
1814  -12.445  -90.927  5.612 1.0000000000
1815  -13.736  -90.893  5.653 0.8000000119
109269  -14.389  -90.691  5.996 0.8000000119
2078  -7.410  -92.258  18.769 0.6999999881
1758  -8.531  -91.718  13.035 0.6999999881
1743  -5.304  -91.730  14.127 0.8999999762
1416  -6.845  -93.045  9.494 1.0000000000
1424  -7.049  -93.375  7.916 0.8999999762
120476  -14.908  -90.842  8.994 0.6000000238
105496  -16.781  -89.925  8.563 0.6000000238
1092  -11.657  -94.032  7.110 0.8000000119
1438  -12.261  -91.883  6.030 1.0000000000
1428  -14.581  -92.558  7.096 0.8000000119
105548  -15.070  -90.228  8.322 0.6000000238
105476  -17.219  -89.482  7.988 0.6000000238
1437  -11.285  -92.096  6.189 1.0000000000
2627  -14.660  -89.343  7.310 0.6999999881
109350  -7.532  -91.625  13.387 0.8000000119
109339  -7.388  -91.813  17.033 0.8000000119
1071  -8.240  -93.582  12.014 0.6000000238
1778  -6.603  -92.204  11.201 0.8999999762
1755  -5.363  -91.360  13.067 0.8999999762
1404  -5.391  -92.054  10.655 1.0000000000
123470  -7.031  -93.193  10.095 0.8999999762
114016  -6.165  -94.815  9.717 0.8000000119
778  -5.606  -95.553  9.983 0.8000000119
794  -6.483  -95.684  8.560 0.8999999762
1418  -5.634  -92.400  7.508 1.0000000000
1091  -7.122  -93.966  6.947 0.8999999762
117671  -8.116  -93.563  6.568 0.8999999762
1113  -13.026  -92.654  6.579 0.8000000119
105109  -15.206  -93.132  7.772 0.6999999881
126312  -13.986  -90.092  7.731 0.8000000119
105116  -13.956  -90.437  7.989 0.6999999881
105139  -16.125  -89.663  8.066 0.6000000238
1812  -10.809  -91.207  5.900 1.0000000000
1821  -11.848  -90.368  5.981 1.0000000000
2621  -14.351  -90.135  7.919 0.8000000119
105128  -15.213  -89.723  7.770 0.6000000238
110752  -8.355  -86.665  3.024 0.8000000119
110795  -13.191  -90.040  7.461 1.0000000000
2626  -13.826  -89.749  7.411 0.8000000119
3107  -15.796  -89.050  7.421 0.6999999881
120507  -16.652  -89.053  7.557 0.6000000238
1813  -11.439  -90.737  5.766 1.0000000000
3668  -17.224  -87.885  6.188 0.8000000119
3132  -15.171  -87.813  5.809 0.8999999762
3667  -16.182  -87.846  6.094 0.8000000119
3695  -16.498  -87.470  4.522 0.8999999762
3681  -17.778  -87.790  5.452 0.8000000119
2122  -8.251  -91.062  14.367 0.6000000238
1769  -5.390  -91.369  12.129 1.0000000000
1776  -4.864  -91.039  11.278 1.0000000000
1349  -5.976  -93.098  17.710 0.8999999762
1731  -5.352  -92.331  15.858 0.8999999762
109840  -5.077  -90.530  11.745 0.8999999762
2562  -5.882  -89.485  12.055 1.0000000000
2580  -6.726  -89.663  11.497 1.0000000000
110384  -5.384  -91.653  11.283 1.0000000000
2597  -5.194  -90.236  10.697 1.0000000000
2598  -6.093  -90.005  10.754 1.0000000000
2581  -8.132  -89.557  11.642 1.0000000000
2131  -5.000  -91.067  13.454 0.8999999762
1784  -4.468  -91.417  9.684 1.0000000000
2582  -9.478  -89.514  11.779 1.0000000000
2111  -4.895  -91.315  14.717 0.8999999762
1409  -4.544  -91.898  8.926 1.0000000000
2169  -5.402  -90.349  9.929 1.0000000000
2157  -7.563  -89.892  10.853 1.0000000000
2171  -8.356  -90.202  10.170 1.0000000000
1792  -4.918  -91.842  7.722 1.0000000000
2181  -6.234  -90.696  8.947 1.0000000000
1417  -5.177  -92.027  7.265 1.0000000000
1810  -6.640  -92.771  6.463 1.0000000000
1794  -6.896  -91.472  7.131 1.0000000000
1433  -7.345  -93.251  6.440 0.8999999762
3110  -5.208  -88.732  6.758 0.5000000000
1811  -7.384  -92.517  6.402 1.0000000000
122989  -8.004  -92.899  6.457 1.0000000000
3112  -7.031  -89.401  6.675 0.6999999881
1426  -9.283  -92.081  6.576 1.0000000000
1435  -9.513  -92.922  6.553 1.0000000000
3139  -8.183  -88.585  4.420 0.8000000119
1822  -12.733  -90.498  5.940 1.0000000000
3138  -7.543  -89.465  3.964 0.8000000119
4307  -8.463  -86.723  3.837 0.8000000119
2625  -12.912  -89.474  7.074 1.0000000000
3120  -17.667  -88.414  6.694 0.6999999881
4334  -8.760  -86.413  1.626 0.8000000119
3117  -13.464  -88.631  6.402 1.0000000000
109787  -14.489  -88.574  6.472 0.8000000119
2632  -18.888  -89.363  5.593 0.6999999881
3669  -18.119  -88.056  5.998 0.8000000119
105573  -18.396  -90.962  5.167 0.6999999881
107309  -17.176  -87.649  4.003 0.8999999762
3697  -18.115  -87.905  4.490 0.8000000119
3148  -18.582  -88.820  3.207 0.8000000119
3712  -17.771  -87.817  3.409 0.8000000119
2045  -7.745  -92.149  20.938 0.6000000238
124820  -5.934  -93.098  18.766 0.8999999762
1756  -6.201  -91.692  12.773 0.8000000119
2563  -7.296  -89.364  12.306 1.0000000000
2064  -5.445  -91.069  19.182 0.8999999762
114403  -5.718  -92.237  14.773 0.8999999762
2564  -8.583  -89.259  12.439 1.0000000000
1711  -5.297  -92.367  17.328 0.8999999762
1358  -5.273  -92.394  16.477 0.8999999762
1732  -5.674  -92.473  15.654 0.8999999762
108550  -5.192  -92.124  15.110 0.8999999762
2158  -8.889  -89.833  10.932 1.0000000000
107295  -4.890  -91.522  16.709 0.8999999762
2100  -4.835  -90.618  16.219 0.8999999762
2170  -6.922  -90.231  10.016 1.0000000000
1788  -7.407  -90.970  8.284 1.0000000000
2172  -9.497  -90.289  10.262 1.0000000000
107355  -5.283  -87.570  7.776 0.5000000000
127531  -9.439  -90.716  8.965 1.0000000000
3665  -4.859  -88.100  6.488 0.5000000000
1795  -8.250  -91.415  7.744 1.0000000000
126829  -6.742  -89.212  7.286 0.5000000000
1804  -8.745  -91.668  7.006 1.0000000000
1797  -9.668  -90.720  7.842 1.0000000000
4281  -4.842  -87.770  5.844 0.5000000000
1425  -8.325  -92.333  6.602 1.0000000000
2191  -10.006  -90.559  6.794 1.0000000000
2619  -10.501  -89.084  7.489 1.0000000000
3114  -10.936  -87.972  6.764 0.8999999762
112156  -9.950  -91.234  6.112 1.0000000000
125769  -11.243  -90.321  6.130 1.0000000000
2620  -10.875  -88.775  7.067 1.0000000000
4269  -11.433  -86.991  6.045 0.8999999762
3115  -11.380  -88.218  6.568 1.0000000000
3674  -4.813  -88.851  5.710 0.5000000000
2623  -6.330  -89.694  5.945 0.6999999881
121714  -11.459  -89.619  6.972 1.0000000000
4292  -5.249  -87.147  4.743 0.5000000000
110865  -6.366  -90.003  4.173 0.8000000119
2197  -12.227  -89.656  7.149 1.0000000000
110691  -4.952  -87.976  4.029 0.5000000000
3708  -8.126  -87.550  3.255 0.8000000119
105494  -18.767  -90.083  6.203 0.6000000238
127542  -5.359  -88.507  2.936 0.4000000060
2646  -6.805  -89.680  3.364 0.8000000119
111104  -7.840  -87.817  2.146 0.8000000119
4912  -9.428  -85.624  1.687 0.8000000119
3133  -18.584  -88.354  5.616 0.6999999881
3131  -14.004  -87.970  5.554 0.8999999762
3679  -15.847  -87.337  5.181 0.8999999762
3680  -16.803  -87.694  5.356 0.8999999762
3134  -18.730  -88.605  5.316 0.8000000119
3696  -17.995  -87.754  4.223 0.8999999762
122594  -18.605  -88.447  4.859 0.8000000119
2637  -18.839  -89.160  4.952 0.6999999881
105585  -17.815  -92.371  5.346 0.6000000238
2214  -18.570  -89.918  3.933 0.6999999881
120519  -17.733  -91.752  4.621 0.6000000238
106565  -16.190  -87.489  3.938 0.8999999762
3751  -18.046  -87.680  1.739 0.8000000119
3729  -18.138  -87.968  2.590 0.8000000119
2658  -18.611  -89.162  2.397 0.6999999881
2229  -17.523  -91.640  1.525 0.5000000000
1671  -7.397  -92.964  21.382 0.6000000238
1317  -6.536  -93.363  21.351 0.8000000119
1682  -6.479  -93.071  20.388 0.8999999762
2112  -7.760  -91.133  15.130 0.8000000119
1350  -6.218  -93.101  17.868 0.8999999762
2543  -4.978  -90.140  13.526 0.8999999762
2544  -5.491  -89.466  12.952 0.8999999762
2545  -6.597  -89.151  12.972 1.0000000000
118554  -10.295  -89.339  12.240 1.0000000000
2566  -11.072  -89.337  12.205 1.0000000000
2584  -11.462  -89.696  11.434 1.0000000000
2523  -4.925  -90.105  15.378 0.8999999762
2159  -10.005  -89.939  10.949 1.0000000000
2160  -10.951  -90.104  10.886 1.0000000000
2182  -7.827  -90.562  9.316 1.0000000000
2174  -10.942  -90.084  10.284 1.0000000000
1790  -9.818  -90.642  8.822 1.0000000000
3104  -7.138  -88.866  7.979 0.5000000000
2608  -11.212  -89.199  9.433 1.0000000000
1796  -9.254  -91.144  8.083 1.0000000000
3646  -11.045  -87.764  7.745 0.8999999762
3106  -10.695  -88.343  7.411 0.8999999762
107710  -5.238  -86.415  5.880 0.5000000000
115219  -10.917  -87.757  7.051 0.8999999762
3659  -11.313  -87.428  6.607 0.8999999762
2192  -10.856  -89.989  7.073 1.0000000000
4284  -11.841  -86.707  5.446 0.8999999762
3130  -12.885  -87.973  5.696 0.8999999762
127884  -11.714  -87.257  5.783 0.8999999762
3116  -12.310  -88.525  6.452 0.8999999762
4911  -8.919  -85.783  1.969 0.8000000119
3677  -13.389  -87.218  4.772 0.8999999762
3121  -18.817  -88.875  6.029 0.6999999881
3724  -8.198  -87.254  2.277 0.8000000119
120547  -18.339  -90.895  6.018 0.6000000238
3741  -6.179  -87.305  1.757 0.4000000060
3157  -7.361  -88.377  2.598 0.8000000119
4333  -6.219  -86.789  1.019 0.5000000000
3170  -7.756  -87.801  1.722 0.5000000000
3743  -8.907  -86.673  1.153 0.6999999881
4913  -10.256  -85.817  1.398 0.8999999762
113791  -17.439  -87.708  4.724 0.8999999762
107252  -16.745  -93.249  5.053 0.5000000000
1832  -17.617  -91.410  3.870 0.6999999881
105587  -15.839  -93.545  4.388 0.5000000000
3728  -17.522  -87.780  2.499 0.8000000119
1837  -16.921  -92.346  2.204 0.6000000238
1853  -17.820  -91.385  0.771 0.5000000000
2055  -7.477  -92.384  20.208 0.6999999881
2090  -8.090  -90.783  16.724 0.6000000238
1721  -6.590  -92.487  16.539 0.8999999762
127670  -6.535  -88.528  14.010 1.0000000000
3017  -7.209  -88.686  13.709 1.0000000000
3019  -9.730  -88.798  13.237 1.0000000000
2088  -4.973  -91.252  17.622 0.8999999762
2998  -5.305  -88.929  14.726 1.0000000000
3032  -11.457  -88.798  12.753 1.0000000000
110784  -12.187  -89.624  10.031 1.0000000000
2185  -11.161  -89.854  9.892 1.0000000000
3096  -11.679  -88.065  8.591 0.8999999762
2188  -10.065  -90.343  8.481 1.0000000000
4235  -9.126  -86.937  8.144 0.8000000119
2607  -10.554  -89.628  8.767 1.0000000000
4253  -11.584  -86.842  6.572 0.8999999762
4268  -9.499  -85.963  6.607 0.8000000119
4295  -9.373  -85.968  4.905 0.8000000119
4321  -8.627  -86.152  2.396 0.8000000119
3678  -14.845  -86.930  4.803 0.8999999762
3694  -15.596  -87.001  4.338 0.8999999762
115897  -8.742  -86.775  0.936 0.6999999881
3774  -7.722  -86.488  0.254 0.5000000000
113975  -9.962  -86.169  0.270 0.6999999881
124803  -10.438  -86.669  0.613 0.6999999881
115467  -15.623  -88.189  3.324 0.8000000119
3777  -10.827  -87.032  0.196 0.6000000238
3763  -10.990  -87.194  0.462 0.6999999881
3744  -11.494  -87.286  0.694 0.6999999881
2647  -18.564  -89.559  3.200 0.6999999881
4359  -8.390  -86.218  -1.065 0.5000000000
3776  -9.031  -86.176  0.164 0.6000000238
3730  -18.403  -88.357  2.690 0.8000000119
2669  -18.695  -88.808  1.634 0.6999999881
1484  -17.031  -92.943  1.912 0.4000000060
1847  -17.698  -92.154  1.276 0.5000000000
106354  -9.189  -88.505  13.820 1.0000000000
3020  -10.263  -88.448  13.651 1.0000000000
3052  -12.421  -88.644  11.781 1.0000000000
2583  -10.589  -89.690  11.589 1.0000000000
3066  -12.901  -88.951  11.001 1.0000000000
3067  -13.318  -88.228  10.656 1.0000000000
2585  -12.261  -89.415  11.258 1.0000000000
2601  -13.414  -89.155  10.291 1.0000000000
2599  -11.743  -89.875  10.614 1.0000000000
2609  -13.258  -89.248  9.934 1.0000000000
114168  -12.254  -89.181  9.632 1.0000000000
3647  -12.204  -87.495  8.117 0.8999999762
3660  -11.574  -87.150  7.251 0.8999999762
3666  -8.611  -88.084  6.865 0.8000000119
106853  -10.220  -89.845  7.702 1.0000000000
4270  -11.938  -86.293  6.246 0.8999999762
4267  -9.059  -87.068  6.445 0.8000000119
4282  -8.786  -87.376  5.550 0.8000000119
4872  -8.975  -86.171  4.248 0.8000000119
4882  -8.890  -85.922  3.408 0.8000000119
121042  -8.442  -87.720  4.877 0.8000000119
3693  -12.461  -86.714  4.743 0.8999999762
125981  -14.292  -86.562  4.290 0.8999999762
4298  -14.755  -86.629  4.185 0.8999999762
3710  -15.316  -87.134  3.900 0.8999999762
994  -6.599  -93.269  22.563 0.8000000119
1297  -7.029  -93.489  22.323 0.6999999881
1670  -6.012  -93.189  21.829 0.8000000119
4689  -9.908  -85.524  19.391 1.0000000000
2054  -5.929  -92.146  20.499 0.8999999762
107889  -5.872  -92.912  21.312 0.8000000119
4108  -9.720  -85.946  18.574 1.0000000000
2053  -5.644  -90.883  19.935 0.8999999762
1681  -5.910  -92.543  19.545 0.8999999762
2483  -5.160  -90.101  18.720 0.8999999762
112426  -5.003  -89.259  18.639 0.8999999762
2077  -5.183  -91.089  18.459 0.8999999762
2498  -4.943  -89.060  17.191 1.0000000000
3003  -10.914  -87.945  14.079 1.0000000000
3578  -11.761  -87.773  13.783 1.0000000000
3579  -12.430  -87.791  13.164 1.0000000000
3590  -12.664  -87.929  12.290 1.0000000000
110418  -4.932  -89.869  17.963 0.8999999762
2974  -6.850  -87.979  15.908 1.0000000000
2987  -7.239  -88.112  15.302 1.0000000000
2988  -8.178  -88.110  15.056 1.0000000000
2989  -9.234  -87.809  15.058 1.0000000000
3604  -13.243  -87.447  11.954 1.0000000000
2973  -6.036  -88.177  15.953 1.0000000000
2986  -6.248  -88.276  15.168 1.0000000000
111678  -13.345  -87.507  11.112 1.0000000000
4214  -14.988  -85.943  10.816 1.0000000000
126502  -13.508  -87.661  10.572 1.0000000000
3621  -13.663  -87.032  10.582 1.0000000000
4806  -15.996  -86.304  9.132 1.0000000000
4212  -10.274  -86.771  10.744 0.6999999881
4225  -10.315  -86.559  9.860 0.6999999881
4805  -11.492  -85.392  9.283 0.8999999762
119628  -14.915  -86.386  9.224 1.0000000000
110358  -6.583  -88.029  10.517 0.6999999881
112093  -7.730  -88.031  10.402 0.6999999881
3068  -13.952  -88.087  10.122 1.0000000000
4238  -14.495  -86.604  8.397 1.0000000000
4792  -5.350  -86.232  10.743 0.4000000060
3617  -5.416  -87.070  10.768 0.6000000238
108307  -5.317  -86.661  9.138 0.5000000000
108262  -5.661  -87.516  9.133 0.6000000238
3632  -7.060  -88.235  9.646 0.6000000238
3633  -8.397  -87.880  9.583 0.6999999881
4237  -10.187  -86.203  8.996 0.8000000119
4819  -10.770  -85.620  8.586 0.8999999762
5405  -11.685  -84.290  7.699 0.8999999762
6602  -13.771  -81.562  6.954 0.8999999762
7885  -13.939  -80.645  5.471 0.8999999762
3098  -13.947  -88.028  8.964 0.8999999762
3662  -13.777  -86.883  7.897 0.8999999762
3642  -5.675  -87.871  8.349 0.6000000238
3644  -7.870  -88.299  9.096 0.6000000238
4236  -9.581  -86.496  8.554 0.6999999881
126998  -10.897  -85.268  8.024 0.8999999762
3648  -13.319  -87.407  8.430 0.8999999762
4184  -5.500  -87.061  12.112 0.6000000238
3092  -6.244  -88.500  8.233 0.6000000238
115678  -9.581  -86.328  7.912 0.8000000119
6600  -12.625  -82.699  6.915 0.8999999762
3661  -12.666  -86.832  7.797 0.8999999762
4271  -12.773  -85.841  6.804 0.8999999762
3657  -7.985  -88.355  8.463 0.6000000238
4831  -9.799  -85.873  7.466 0.8000000119
4847  -10.070  -85.248  7.011 0.8000000119
5422  -11.258  -84.174  6.865 0.8999999762
6012  -11.972  -82.810  6.152 0.8999999762
6633  -12.230  -81.975  5.511 0.8999999762
4252  -9.389  -86.458  7.393 0.8000000119
5421  -10.466  -84.595  6.547 0.8000000119
6025  -11.259  -83.200  5.577 0.8999999762
6631  -11.024  -82.745  4.643 0.8999999762
6632  -11.569  -82.333  5.152 0.8999999762
4848  -12.540  -85.736  6.105 0.8999999762
4860  -9.623  -85.519  5.668 0.8000000119
122415  -9.984  -84.867  5.490 0.8000000119
6647  -11.063  -82.512  3.919 0.8999999762
119906  -13.190  -82.508  3.819 0.8999999762
116560  -13.819  -83.485  4.492 0.8999999762
118384  -12.078  -86.252  5.055 0.8999999762
4861  -12.082  -86.027  5.551 0.8999999762
5438  -9.847  -85.217  4.854 0.8000000119
6042  -10.632  -83.230  4.213 0.8999999762
6657  -11.245  -82.860  3.517 0.8999999762
6043  -12.295  -83.606  3.623 0.8999999762
5454  -9.925  -84.855  4.003 0.8999999762
5468  -10.415  -84.161  2.727 0.8999999762
5469  -11.950  -83.977  3.202 0.8999999762
116015  -12.248  -85.681  4.929 0.8999999762
4296  -12.408  -86.002  4.475 0.8999999762
4900  -9.286  -85.328  2.481 0.8999999762
121812  -9.955  -84.745  2.289 0.8999999762
6069  -10.848  -83.944  2.431 0.8999999762
4874  -12.453  -85.234  4.022 0.8999999762
4297  -13.685  -86.231  4.000 0.8999999762
127790  -9.638  -85.121  1.969 0.8999999762
5484  -11.075  -84.204  2.089 0.8999999762
4901  -11.442  -84.887  1.912 0.8999999762
4308  -12.832  -85.893  3.623 0.8999999762
5489  -10.768  -84.961  1.759 0.8999999762
4902  -12.083  -85.130  2.294 0.8999999762
4309  -13.805  -86.377  3.227 0.8999999762
4310  -14.443  -86.790  3.689 0.8000000119
4914  -11.162  -85.768  1.612 0.8999999762
4915  -12.049  -85.787  1.816 0.8999999762
4322  -12.912  -85.967  2.240 0.8000000119
3709  -14.754  -88.067  3.218 0.8999999762
4360  -9.263  -86.024  -1.052 0.5000000000
4337  -11.654  -86.580  1.299 0.8000000119
3765  -12.055  -87.986  0.573 0.8000000119
118764  -14.894  -87.945  1.836 0.8000000119
3726  -15.384  -88.329  2.648 0.8000000119
4938  -8.036  -85.775  -1.071 0.5000000000
112594  -10.302  -86.087  -0.225 0.5000000000
3172  -13.759  -87.985  1.296 0.6999999881
3748  -15.457  -88.134  1.928 0.8000000119
2668  -18.578  -89.545  1.056 0.6999999881
3204  -11.531  -88.137  -0.213 0.5000000000
3189  -12.017  -88.918  0.172 0.6999999881
3190  -12.950  -88.907  0.739 0.6999999881
3749  -16.224  -87.964  1.688 0.8000000119
3750  -17.272  -87.620  1.645 0.8000000119
4350  -11.102  -86.858  -0.170 0.5000000000
2678  -12.660  -90.188  0.537 0.6999999881
2679  -13.470  -90.349  0.844 0.6999999881
3192  -15.148  -89.133  1.067 0.8000000119
3767  -18.392  -87.795  1.180 0.8000000119
2682  -18.578  -89.645  0.198 0.4000000060
2689  -11.884  -89.326  -0.561 0.6000000238
2251  -12.497  -90.912  -0.107 0.5000000000
2241  -14.459  -90.840  0.446 0.5000000000
2681  -15.111  -89.755  0.526 0.6999999881
3175  -16.301  -88.075  0.841 0.6999999881
3195  -17.946  -87.887  0.550 0.6000000238
3196  -18.600  -88.279  0.707 0.6000000238
123093  -18.708  -88.870  0.275 0.6000000238
117385  -18.294  -88.517  -0.018 0.6000000238
1854  -18.123  -91.730  0.359 0.4000000060
2691  -15.248  -89.960  0.061 0.4000000060
3207  -18.167  -88.592  -0.857 0.4000000060
106362  -6.731  -92.880  24.844 0.6000000238
1281  -6.512  -92.760  23.749 0.8000000119
1661  -5.888  -92.834  22.458 0.8000000119
4688  -9.067  -85.593  19.726 1.0000000000
2044  -5.874  -91.298  21.333 0.8999999762
4674  -7.638  -85.529  20.126 1.0000000000
4686  -7.323  -85.985  19.362 1.0000000000
4697  -10.538  -85.661  18.611 1.0000000000
2454  -6.012  -89.773  21.541 0.8999999762
3499  -5.945  -87.241  19.260 1.0000000000
4096  -6.389  -86.479  19.833 1.0000000000
123937  -7.580  -86.538  18.653 1.0000000000
118123  -9.605  -86.345  17.938 1.0000000000
2460  -5.608  -89.435  20.170 0.8999999762
3498  -5.438  -87.935  19.548 1.0000000000
3506  -6.345  -87.319  18.358 1.0000000000
2469  -5.292  -89.610  19.347 0.8999999762
3516  -5.759  -87.890  18.023 1.0000000000
3519  -8.600  -87.219  17.250 1.0000000000
2947  -5.093  -88.645  18.154 0.8999999762
2960  -5.568  -88.139  17.321 1.0000000000
3517  -6.364  -87.553  17.546 1.0000000000
121430  -7.346  -87.611  16.519 1.0000000000
3530  -8.257  -87.510  16.499 1.0000000000
3548  -9.663  -87.397  15.626 1.0000000000
3565  -10.736  -87.580  14.759 1.0000000000
110450  -12.030  -87.282  14.298 1.0000000000
3580  -12.914  -87.214  13.449 1.0000000000
4205  -14.247  -86.324  11.997 1.0000000000
109852  -16.210  -85.869  9.907 1.0000000000
3529  -6.359  -87.773  16.660 1.0000000000
4189  -13.658  -86.818  12.414 1.0000000000
4213  -14.289  -86.436  11.109 1.0000000000
5384  -12.574  -84.431  9.803 1.0000000000
125777  -14.148  -86.660  9.256 1.0000000000
4744  -10.269  -85.411  14.126 0.8999999762
3588  -5.909  -87.581  11.908 0.6999999881
113443  -6.833  -87.647  11.966 0.6999999881
3601  -6.224  -87.812  11.298 0.6999999881
3631  -5.960  -88.026  9.877 0.6000000238
5383  -12.068  -84.788  9.129 0.8999999762
5996  -12.706  -83.093  7.920 1.0000000000
7900  -14.505  -80.554  5.658 0.8999999762
4257  -14.926  -86.208  7.873 0.8999999762
5995  -11.999  -83.496  7.150 0.8999999762
4256  -14.220  -86.313  7.605 0.8999999762
4255  -13.204  -86.268  7.413 0.8999999762
4833  -13.910  -85.918  6.939 0.8999999762
6651  -14.928  -81.483  4.751 0.8999999762
4849  -13.494  -85.436  6.212 0.8999999762
6010  -10.857  -83.949  6.033 0.8000000119
6649  -13.441  -81.944  3.959 0.8999999762
6024  -10.626  -83.600  5.140 0.8999999762
7266  -12.225  -81.782  3.849 0.8999999762
5442  -13.962  -84.139  5.133 0.8999999762
6659  -11.927  -82.293  3.625 0.8999999762
6044  -13.138  -83.327  3.920 0.8999999762
5456  -13.217  -84.139  4.503 0.8999999762
6059  -11.665  -83.257  3.285 0.8999999762
5455  -12.348  -84.394  3.721 0.8999999762
5483  -10.573  -84.444  2.101 0.8999999762
109166  -12.627  -85.476  2.969 0.8999999762
113141  -13.174  -86.047  2.893 0.8999999762
4323  -14.200  -87.438  2.864 0.8000000119
3745  -12.402  -87.132  1.023 0.8000000119
3746  -13.396  -87.089  1.479 0.8000000119
4339  -13.984  -86.423  1.835 0.8000000119
4340  -14.471  -87.053  1.984 0.8000000119
3171  -12.942  -87.717  0.845 0.8000000119
3725  -14.765  -87.943  2.327 0.8000000119
3173  -14.787  -88.266  1.570 0.8000000119
3193  -15.606  -88.708  0.781 0.8000000119
2700  -12.072  -89.765  -1.086 0.4000000060
124169  -13.707  -91.404  -0.167 0.4000000060
111994  -17.746  -88.313  -0.456 0.5000000000
2242  -18.078  -90.997  0.039 0.4000000060
2704  -18.056  -89.192  -1.557 0.4000000060
1655  -5.965  -92.369  23.301 0.8000000119
117450  -13.005  -84.353  18.827 1.0000000000
2449  -6.063  -90.474  22.281 0.8999999762
4676  -9.523  -85.291  20.250 1.0000000000
4678  -11.822  -84.775  19.758 1.0000000000
5291  -12.594  -84.702  18.425 1.0000000000
4699  -12.159  -85.216  18.018 1.0000000000
5301  -12.756  -84.903  17.630 1.0000000000
4707  -12.957  -85.077  16.877 1.0000000000
5316  -14.452  -84.332  16.474 1.0000000000
2922  -5.860  -89.050  20.873 0.8999999762
4705  -11.737  -85.699  17.562 1.0000000000
2921  -5.655  -88.486  20.340 0.8999999762
4719  -12.682  -85.677  16.487 1.0000000000
4731  -14.410  -85.081  15.228 1.0000000000
4732  -15.131  -84.691  14.952 1.0000000000
2935  -5.152  -88.605  19.040 1.0000000000
4116  -7.832  -87.113  17.914 1.0000000000
4117  -9.443  -86.809  17.303 1.0000000000
4126  -10.763  -86.618  16.598 1.0000000000
4127  -11.604  -86.451  16.341 1.0000000000
4162  -14.300  -85.609  14.026 1.0000000000
4176  -13.986  -85.982  13.520 1.0000000000
3507  -6.939  -87.202  17.845 1.0000000000
3531  -9.276  -87.215  16.478 1.0000000000
3549  -10.545  -87.267  15.413 1.0000000000
3551  -11.974  -87.023  14.881 1.0000000000
4160  -12.992  -86.519  14.590 1.0000000000
4175  -13.511  -86.689  13.338 1.0000000000
125499  -15.122  -85.279  12.862 1.0000000000
4785  -16.225  -85.120  11.205 1.0000000000
4797  -16.766  -85.404  10.348 1.0000000000
121408  -14.349  -86.435  10.104 1.0000000000
4226  -15.394  -86.048  9.946 1.0000000000
6583  -13.652  -82.670  9.180 1.0000000000
4821  -16.777  -86.073  8.495 1.0000000000
4820  -16.033  -86.069  8.294 1.0000000000
4185  -5.980  -87.425  12.562 0.6999999881
3602  -7.962  -87.661  11.618 0.6999999881
3630  -5.466  -87.205  10.003 0.6000000238
5394  -12.115  -84.317  8.446 1.0000000000
5984  -13.021  -83.125  8.862 1.0000000000
4835  -15.606  -85.849  7.681 0.8999999762
6601  -13.219  -82.298  7.464 0.8999999762
4851  -15.413  -85.423  6.834 0.8999999762
4767  -5.396  -86.388  12.582 0.4000000060
7269  -14.265  -81.032  4.693 0.8999999762
6046  -14.897  -82.414  4.549 0.8999999762
5423  -13.482  -84.788  5.671 0.8999999762
5424  -14.316  -84.682  5.913 0.8999999762
7250  -11.984  -81.744  4.694 0.8999999762
5441  -13.156  -84.679  5.037 0.8999999762
6648  -11.447  -82.052  4.258 0.8999999762
4862  -12.689  -85.347  5.428 0.8999999762
6060  -12.476  -82.731  3.615 0.8999999762
5440  -12.571  -84.855  4.532 0.8999999762
121881  -12.602  -84.095  4.073 0.8999999762
5485  -11.514  -84.150  2.484 0.8999999762
4884  -12.230  -84.594  3.020 0.8999999762
125958  -13.763  -86.120  1.947 0.8000000119
3747  -14.273  -87.227  1.773 0.8000000119
2701  -12.830  -89.982  -1.495 0.4000000060
115355  -16.146  -88.381  -0.057 0.6000000238
3206  -16.892  -88.399  -0.828 0.5000000000
114295  -16.066  -88.729  -1.084 0.4000000060
2020  -6.110  -91.034  24.723 0.8000000119
5875  -14.481  -83.830  19.088 1.0000000000
4677  -10.474  -85.176  20.175 1.0000000000
124277  -11.243  -84.989  20.209 1.0000000000
5283  -13.569  -84.004  18.905 1.0000000000
5304  -15.039  -83.734  17.121 1.0000000000
2443  -6.339  -89.473  23.002 0.8000000119
122939  -5.977  -90.527  24.076 0.8000000119
4675  -8.586  -85.408  20.274 1.0000000000
2905  -6.506  -88.483  22.821 0.8999999762
5303  -13.991  -84.112  17.392 1.0000000000
5330  -16.367  -83.470  15.544 1.0000000000
2911  -5.774  -87.919  20.916 1.0000000000
4090  -6.426  -85.949  20.579 1.0000000000
126940  -6.885  -85.755  20.051 1.0000000000
5329  -15.613  -84.082  15.397 1.0000000000
5929  -16.697  -83.518  14.888 1.0000000000
5930  -17.256  -83.330  14.575 1.0000000000
4721  -14.056  -84.925  15.946 1.0000000000
5328  -14.830  -84.552  15.691 1.0000000000
108717  -8.845  -86.763  17.913 1.0000000000
4118  -11.285  -86.179  17.099 1.0000000000
5945  -17.559  -83.758  12.958 1.0000000000
4119  -12.056  -85.988  16.813 1.0000000000
4129  -12.988  -85.906  15.767 1.0000000000
4745  -13.963  -85.561  14.732 1.0000000000
5345  -15.305  -84.760  14.191 1.0000000000
5357  -16.993  -84.251  12.544 1.0000000000
4771  -15.635  -85.124  12.448 1.0000000000
4144  -13.285  -86.032  15.004 1.0000000000
4784  -15.468  -85.506  11.559 1.0000000000
4807  -16.903  -86.047  9.414 1.0000000000
118490  -10.055  -86.850  11.456 0.6999999881
5385  -13.133  -83.839  10.084 1.0000000000
6585  -14.872  -81.727  9.700 1.0000000000
108749  -15.243  -81.153  9.036 1.0000000000
4783  -11.564  -85.876  11.105 0.8999999762
5363  -12.545  -84.820  11.313 1.0000000000
5977  -13.301  -83.212  9.631 1.0000000000
4837  -17.372  -85.549  7.880 1.0000000000
5371  -12.056  -85.090  9.935 1.0000000000
7846  -15.679  -80.428  8.172 1.0000000000
4836  -16.513  -85.769  7.747 1.0000000000
111394  -7.895  -87.057  12.902 0.6999999881
4187  -8.768  -86.937  12.513 0.6999999881
4203  -9.371  -87.048  11.815 0.6999999881
123870  -8.143  -87.778  10.978 0.6999999881
5976  -12.836  -83.747  9.335 1.0000000000
6591  -13.976  -82.026  7.822 1.0000000000
7214  -14.435  -81.126  7.451 1.0000000000
7886  -14.290  -80.704  6.345 0.8999999762
5426  -16.625  -84.795  6.523 0.8999999762
125345  -15.963  -85.043  6.448 0.8999999762
4173  -7.197  -87.004  13.458 0.6999999881
7865  -14.848  -80.346  6.908 1.0000000000
4852  -16.245  -85.450  7.026 1.0000000000
5425  -15.309  -84.888  6.132 0.8999999762
7910  -13.990  -80.630  4.996 0.8999999762
6634  -15.669  -82.066  4.990 0.8999999762
4753  -5.423  -86.304  13.506 0.4000000060
6650  -14.221  -81.760  4.335 0.8999999762
6026  -15.564  -83.074  4.967 0.8999999762
2433  -6.288  -89.928  24.645 0.6999999881
2426  -6.293  -90.291  25.490 0.6000000238
5254  -9.480  -84.591  21.583 1.0000000000
5271  -11.855  -84.634  20.731 1.0000000000
5273  -13.384  -84.138  20.462 1.0000000000
5886  -14.715  -83.758  18.115 1.0000000000
5270  -9.993  -84.887  20.870 1.0000000000
108376  -10.929  -84.813  20.839 1.0000000000
117814  -15.576  -83.503  18.040 1.0000000000
5269  -8.977  -85.024  20.950 1.0000000000
5900  -15.933  -83.382  17.307 1.0000000000
5914  -16.957  -82.882  16.036 1.0000000000
123477  -6.347  -88.235  22.184 1.0000000000
121704  -6.880  -85.228  20.679 1.0000000000
5921  -17.115  -83.120  15.261 1.0000000000
3478  -6.121  -87.556  21.721 1.0000000000
121071  -6.259  -86.192  21.885 1.0000000000
6541  -18.917  -82.629  14.285 1.0000000000
6550  -19.036  -82.775  13.544 1.0000000000
3477  -5.936  -86.899  21.329 1.0000000000
5940  -18.722  -83.092  13.031 1.0000000000
112018  -17.153  -84.400  11.765 1.0000000000
5374  -17.595  -84.990  10.412 1.0000000000
5955  -18.299  -83.928  11.079 1.0000000000
5366  -18.308  -84.678  10.464 1.0000000000
5335  -10.578  -84.905  14.657 1.0000000000
5966  -13.549  -83.841  10.875 1.0000000000
4770  -11.496  -85.719  12.120 0.8999999762
113326  -11.986  -85.348  11.503 0.8999999762
115555  -13.561  -83.356  10.252 1.0000000000
7193  -15.449  -81.186  9.911 1.0000000000
7840  -15.922  -80.615  9.258 1.0000000000
5999  -18.720  -83.170  7.960 1.0000000000
105149  -18.485  -85.345  8.949 1.0000000000
4822  -17.678  -85.887  8.681 1.0000000000
7867  -16.340  -79.593  7.583 1.0000000000
5409  -18.226  -84.029  7.842 1.0000000000
5408  -17.636  -84.646  7.496 1.0000000000
4159  -7.545  -86.602  14.128 0.6999999881
4174  -8.466  -86.589  13.374 0.6999999881
4188  -9.412  -86.507  12.863 0.8000000119
4204  -10.023  -86.599  12.237 0.8000000119
116547  -14.040  -82.140  8.697 1.0000000000
7866  -15.507  -79.838  7.080 1.0000000000
7888  -16.430  -79.844  6.541 1.0000000000
5427  -17.242  -84.370  6.793 1.0000000000
110592  -5.726  -86.728  13.873 0.6999999881
7902  -16.006  -80.413  5.978 1.0000000000
7254  -15.621  -81.104  5.349 0.8999999762
109627  -14.999  -80.197  6.390 1.0000000000
6027  -16.234  -83.565  5.560 0.8999999762
5444  -16.072  -84.441  5.951 0.8999999762
4741  -5.664  -86.172  15.101 0.6000000238
6045  -14.638  -83.356  4.704 0.8999999762
5443  -15.245  -84.117  5.326 0.8999999762
115173  -6.337  -89.723  26.239 0.6000000238
5238  -11.015  -84.078  22.171 1.0000000000
5887  -16.061  -83.354  18.724 1.0000000000
2896  -6.617  -88.751  23.545 0.8999999762
3470  -6.241  -86.619  22.093 1.0000000000
121688  -6.746  -87.926  23.254 0.8999999762
5252  -7.079  -84.544  21.344 1.0000000000
5253  -8.224  -84.556  21.640 1.0000000000
6516  -16.622  -82.966  17.414 1.0000000000
6526  -16.967  -82.827  16.829 1.0000000000
126439  -6.458  -85.583  21.022 1.0000000000
6551  -19.633  -82.684  12.830 1.0000000000
127311  -18.060  -83.387  13.266 1.0000000000
5946  -18.265  -83.475  12.560 1.0000000000
111439  -19.120  -83.644  11.067 1.0000000000
105148  -20.216  -84.214  10.341 1.0000000000
121148  -14.567  -82.241  15.211 1.0000000000
105147  -19.099  -84.838  9.568 1.0000000000
5327  -11.376  -84.470  14.819 1.0000000000
7151  -15.643  -82.001  14.071 1.0000000000
124296  -16.526  -81.367  13.220 1.0000000000
6567  -14.752  -82.863  11.201 1.0000000000
126774  -15.156  -81.752  10.353 1.0000000000
122928  -16.613  -80.131  9.514 1.0000000000
5956  -20.088  -83.343  10.973 1.0000000000
5969  -21.015  -83.297  9.646 1.0000000000
105150  -19.899  -84.732  9.986 1.0000000000
5917  -11.008  -84.080  15.805 1.0000000000
5353  -12.219  -85.067  12.204 0.8999999762
5953  -14.152  -83.444  11.442 1.0000000000
8610  -18.179  -79.253  8.405 1.0000000000
105151  -19.107  -84.566  8.897 1.0000000000
106126  -18.542  -84.625  8.438 1.0000000000
126309  -13.124  -84.315  11.351 0.8999999762
8608  -17.008  -79.368  8.041 1.0000000000
8609  -17.516  -79.398  7.823 1.0000000000
5355  -13.523  -83.826  12.556 1.0000000000
5997  -17.680  -83.765  7.157 1.0000000000
4743  -9.190  -85.612  14.436 0.8000000119
4755  -9.542  -86.041  13.634 0.8000000119
108848  -11.132  -85.679  12.933 0.8000000119
7889  -17.273  -80.005  6.598 1.0000000000
6619  -17.491  -82.276  6.371 1.0000000000
127614  -17.300  -83.615  6.565 1.0000000000
4742  -8.066  -86.047  14.723 0.8000000119
6618  -16.914  -81.834  5.858 1.0000000000
6013  -17.033  -82.987  6.017 0.8999999762
111599  -16.798  -83.975  6.191 0.8999999762
112562  -7.328  -86.001  15.557 0.8000000119
6635  -16.244  -81.755  5.402 0.8999999762
4140  -6.241  -86.174  15.543 0.6999999881
110925  -6.815  -85.723  16.308 0.8000000119
4740  -5.449  -85.718  14.949 0.5000000000
2415  -6.255  -89.389  27.074 0.5000000000
2871  -6.983  -88.294  25.551 0.6000000238
5237  -10.053  -84.100  22.176 1.0000000000
5257  -12.803  -84.335  21.091 1.0000000000
5860  -14.297  -83.918  20.681 1.0000000000
3444  -7.059  -87.267  24.422 0.8000000119
2881  -7.079  -88.254  24.830 0.6999999881
5236  -9.009  -84.085  22.228 1.0000000000
5256  -12.203  -84.297  21.485 1.0000000000
3456  -6.798  -86.944  23.423 1.0000000000
126655  -7.053  -83.879  21.815 1.0000000000
115104  -11.421  -84.462  21.499 1.0000000000
5874  -13.889  -83.959  19.763 1.0000000000
5876  -15.297  -83.662  19.788 1.0000000000
6504  -16.121  -83.301  19.615 1.0000000000
4054  -6.297  -85.750  23.422 1.0000000000
4665  -6.489  -85.152  21.556 1.0000000000
125144  -16.924  -82.817  18.138 1.0000000000
4068  -6.310  -85.737  22.595 1.0000000000
6527  -17.572  -82.506  16.657 1.0000000000
7130  -20.631  -81.142  16.375 1.0000000000
7141  -18.788  -82.078  15.821 1.0000000000
6535  -19.297  -82.177  15.070 1.0000000000
7142  -19.868  -81.697  15.929 1.0000000000
7153  -20.190  -81.817  14.991 1.0000000000
6542  -19.704  -82.213  14.439 1.0000000000
6552  -20.445  -82.146  13.166 1.0000000000
6543  -20.520  -81.940  14.101 1.0000000000
7139  -14.921  -81.702  15.667 1.0000000000
109342  -15.337  -81.704  14.964 1.0000000000
107169  -21.706  -80.972  14.582 1.0000000000
6559  -20.668  -82.346  12.191 1.0000000000
5947  -19.153  -83.211  12.054 1.0000000000
7816  -22.543  -80.354  12.792 1.0000000000
7164  -21.791  -81.209  13.177 1.0000000000
5957  -20.993  -82.752  10.967 1.0000000000
8554  -17.799  -79.649  13.209 1.0000000000
8555  -22.763  -78.943  11.836 1.0000000000
105655  -23.290  -79.217  10.997 1.0000000000
7824  -22.613  -80.804  11.297 1.0000000000
7179  -21.681  -81.805  11.487 1.0000000000
105516  -20.008  -84.194  9.385 1.0000000000
5918  -11.825  -83.820  15.533 1.0000000000
7814  -16.963  -80.837  12.838 1.0000000000
7185  -15.724  -81.396  10.764 1.0000000000
7186  -16.112  -80.719  10.153 1.0000000000
8597  -21.353  -80.003  10.137 1.0000000000
105898  -22.000  -81.306  10.667 1.0000000000
105160  -21.669  -82.960  9.987 1.0000000000
105836  -20.820  -83.730  9.482 1.0000000000
120565  -20.291  -80.720  8.980 1.0000000000
107959  -20.118  -83.563  9.067 1.0000000000
5986  -19.397  -83.266  8.498 1.0000000000
5937  -14.151  -83.398  12.805 1.0000000000
6556  -14.654  -83.075  12.134 1.0000000000
6568  -15.290  -82.434  11.739 1.0000000000
117606  -19.499  -80.561  8.261 1.0000000000
5998  -18.159  -83.097  7.347 1.0000000000
5325  -9.567  -84.853  15.730 1.0000000000
5342  -11.043  -85.039  14.232 0.8999999762
7869  -18.161  -80.381  7.158 1.0000000000
6620  -18.047  -82.255  6.899 1.0000000000
5334  -9.789  -85.073  14.882 0.8000000119
4756  -11.099  -85.375  13.603 0.8999999762
4757  -11.739  -85.284  12.981 0.8999999762
7216  -18.474  -81.489  7.161 1.0000000000
4729  -8.705  -85.425  15.349 0.8000000119
7235  -17.642  -81.264  6.547 1.0000000000
4718  -7.867  -85.417  16.185 0.8000000119
4728  -5.789  -85.742  15.632 0.6000000238
4715  -5.863  -85.177  16.299 0.5000000000
4717  -6.623  -85.355  16.975 0.6999999881
2848  -6.332  -88.468  27.266 0.5000000000
2858  -7.164  -87.887  25.992 0.6000000238
3432  -7.394  -87.508  25.389 0.6999999881
5846  -11.954  -83.964  22.178 1.0000000000
5848  -14.732  -83.570  21.512 1.0000000000
4046  -7.312  -86.730  24.903 0.8999999762
5234  -6.918  -83.836  22.425 1.0000000000
5861  -15.151  -83.593  20.684 1.0000000000
109265  -5.844  -85.310  23.866 1.0000000000
112233  -6.345  -84.643  23.188 1.0000000000
121859  -15.748  -83.372  20.308 1.0000000000
107291  -5.896  -85.199  23.454 1.0000000000
7115  -18.049  -82.017  18.085 1.0000000000
6493  -16.836  -82.652  19.946 1.0000000000
6518  -17.965  -82.104  17.263 1.0000000000
7116  -18.792  -81.775  17.595 1.0000000000
7796  -21.652  -80.705  15.374 1.0000000000
7129  -20.125  -81.301  16.882 1.0000000000
108951  -21.497  -81.487  14.044 1.0000000000
7794  -16.547  -80.818  14.469 1.0000000000
7787  -21.904  -79.980  16.040 1.0000000000
7798  -22.393  -79.679  14.409 1.0000000000
7817  -23.382  -79.424  12.141 1.0000000000
125081  -21.554  -82.338  10.499 1.0000000000
6532  -13.789  -82.562  15.496 1.0000000000
8577  -19.412  -78.791  11.779 1.0000000000
9413  -21.822  -78.428  10.686 1.0000000000
105153  -21.071  -83.303  9.574 1.0000000000
7178  -16.241  -81.330  11.592 1.0000000000
8582  -18.477  -79.194  10.555 1.0000000000
106022  -19.141  -79.117  10.011 1.0000000000
8596  -19.849  -79.254  9.521 1.0000000000
105154  -20.456  -79.987  9.459 1.0000000000
6592  -20.018  -82.524  8.744 1.0000000000
5919  -12.608  -83.565  15.307 1.0000000000
110527  -14.707  -82.937  12.948 1.0000000000
7167  -15.853  -81.957  12.169 1.0000000000
118357  -16.335  -80.871  10.871 1.0000000000
7831  -17.743  -79.464  10.232 1.0000000000
8594  -17.929  -79.143  9.143 1.0000000000
8595  -18.875  -79.153  9.080 1.0000000000
7841  -19.681  -79.771  8.857 1.0000000000
6604  -19.191  -82.442  8.083 1.0000000000
5336  -12.180  -84.372  14.369 1.0000000000
6548  -14.299  -83.058  13.663 1.0000000000
7201  -19.483  -81.618  8.122 1.0000000000
5314  -10.208  -84.419  16.225 1.0000000000
5313  -9.300  -84.600  16.572 0.8999999762
5300  -8.877  -84.212  17.347 0.8000000119
5311  -7.131  -85.065  17.478 0.8000000119
5299  -7.815  -84.379  17.749 0.8000000119
3404  -6.371  -87.403  28.413 0.5000000000
124508  -6.489  -86.361  29.275 0.5000000000
4012  -6.612  -86.506  28.597 0.5000000000
3422  -6.843  -87.766  26.657 0.6000000238
5833  -10.582  -83.670  22.874 1.0000000000
3423  -7.544  -87.232  26.151 0.6999999881
5832  -9.643  -83.605  22.840 1.0000000000
127590  -13.712  -83.742  22.277 1.0000000000
5849  -15.307  -83.187  21.373 1.0000000000
4620  -6.785  -85.071  25.085 0.8999999762
5814  -7.181  -84.407  23.682 1.0000000000
4629  -6.548  -85.203  24.260 1.0000000000
4639  -5.960  -84.816  23.831 1.0000000000
5847  -12.961  -83.951  22.092 1.0000000000
7105  -17.984  -81.695  19.042 1.0000000000
7128  -19.274  -81.761  16.738 1.0000000000
7793  -15.995  -80.987  15.152 1.0000000000
7797  -22.080  -80.376  14.745 1.0000000000
8542  -22.220  -79.134  14.930 1.0000000000
9387  -19.648  -78.429  12.547 1.0000000000
9371  -21.105  -77.986  13.001 1.0000000000
105156  -22.502  -80.147  10.610 1.0000000000
127329  -17.406  -80.177  12.800 1.0000000000
107366  -21.824  -80.941  10.215 1.0000000000
121836  -20.831  -81.980  9.414 1.0000000000
6531  -13.059  -82.934  15.819 1.0000000000
5920  -13.346  -83.259  14.990 1.0000000000
8576  -18.485  -79.284  11.552 1.0000000000
9402  -20.137  -78.296  10.992 1.0000000000
112059  -20.549  -79.469  9.946 1.0000000000
105696  -20.987  -80.947  9.777 1.0000000000
6539  -14.056  -82.837  14.621 1.0000000000
7161  -15.946  -81.966  13.143 1.0000000000
111930  -16.812  -81.002  12.061 1.0000000000
7822  -16.805  -80.645  11.367 1.0000000000
5928  -13.544  -83.431  14.129 1.0000000000
111033  -10.324  -83.383  17.486 1.0000000000
5908  -9.874  -84.085  17.040 1.0000000000
5896  -8.400  -83.802  18.123 1.0000000000
5298  -6.934  -84.608  18.197 0.6999999881
5310  -5.956  -84.477  17.401 0.6000000238
5906  -5.808  -84.569  16.237 0.4000000060
5895  -5.830  -83.612  17.813 0.5000000000
4026  -7.516  -86.121  27.210 0.6000000238
4040  -7.637  -86.644  25.611 0.8000000119
4035  -7.700  -86.387  26.359 0.6000000238
5834  -11.566  -83.673  22.951 1.0000000000
5836  -13.614  -83.446  22.975 1.0000000000
6451  -14.288  -82.787  22.927 1.0000000000
6463  -15.091  -82.686  22.130 1.0000000000
5217  -6.681  -84.495  24.242 1.0000000000
5835  -12.587  -83.616  23.004 1.0000000000
7082  -16.033  -82.366  21.067 1.0000000000
6482  -16.235  -82.871  20.443 1.0000000000
7083  -16.603  -82.097  20.623 1.0000000000
7106  -18.659  -81.433  18.475 1.0000000000
7117  -19.639  -81.351  17.525 1.0000000000
7772  -20.827  -80.482  16.998 1.0000000000
7773  -21.475  -79.952  16.633 1.0000000000
9354  -19.590  -77.633  13.821 1.0000000000
8534  -21.984  -79.342  15.635 1.0000000000
9372  -22.083  -78.422  13.737 1.0000000000
9369  -19.071  -78.326  13.249 1.0000000000
10119  -21.511  -77.873  15.203 1.0000000000
6522  -12.006  -82.946  16.932 1.0000000000
7784  -15.852  -80.358  15.679 1.0000000000
7162  -16.287  -81.456  13.864 1.0000000000
7808  -17.235  -80.279  13.472 1.0000000000
9388  -20.377  -78.257  11.824 1.0000000000
105158  -22.292  -78.084  11.017 1.0000000000
5910  -11.521  -83.527  16.387 1.0000000000
6524  -13.498  -82.268  16.323 1.0000000000
8531  -16.160  -79.652  15.445 1.0000000000
7815  -17.282  -80.340  12.040 1.0000000000
5899  -11.190  -83.185  17.201 1.0000000000
6514  -12.457  -82.293  17.436 1.0000000000
6515  -13.211  -81.955  17.148 1.0000000000
5898  -10.775  -82.721  17.944 1.0000000000
5885  -9.971  -83.154  18.342 1.0000000000
5884  -9.050  -83.619  18.795 0.8999999762
5288  -6.321  -84.261  18.177 0.8000000119
5289  -6.858  -84.048  18.972 0.8000000119
116320  -7.013  -85.031  29.274 0.5000000000
4597  -6.854  -85.728  28.838 0.5000000000
4013  -7.269  -85.869  28.061 0.6000000238
4598  -7.631  -85.028  28.451 0.6000000238
114431  -7.756  -84.283  28.329 0.6000000238
4612  -7.744  -85.519  26.599 0.6000000238
4604  -7.763  -85.307  27.512 0.6000000238
4621  -7.621  -85.763  25.738 0.8000000119
5816  -9.315  -83.324  23.523 1.0000000000
5817  -10.141  -83.249  23.497 1.0000000000
5818  -11.093  -83.399  23.700 1.0000000000
122128  -6.855  -84.348  25.204 1.0000000000
5806  -7.933  -83.868  24.154 1.0000000000
7049  -14.663  -81.879  22.678 1.0000000000
6433  -8.989  -83.039  24.255 1.0000000000
6435  -10.599  -82.966  24.266 1.0000000000
6436  -11.425  -82.942  24.383 1.0000000000
7048  -13.935  -82.028  23.192 1.0000000000
7067  -15.698  -81.932  21.703 1.0000000000
7733  -16.042  -80.501  20.900 1.0000000000
6417  -7.808  -83.030  24.959 1.0000000000
7026  -8.564  -81.835  25.153 1.0000000000
6406  -10.780  -82.185  25.410 1.0000000000
6421  -11.504  -82.318  24.892 1.0000000000
7036  -13.382  -82.126  23.699 1.0000000000
107992  -16.155  -81.451  21.148 1.0000000000
7016  -9.698  -81.494  26.319 1.0000000000
7035  -12.753  -81.667  23.920 1.0000000000
7745  -17.215  -80.950  20.064 1.0000000000
7746  -17.761  -80.835  19.561 1.0000000000
128255  -14.860  -81.393  16.154 1.0000000000
7755  -18.995  -80.611  18.485 1.0000000000
8502  -18.885  -79.270  18.122 1.0000000000
8490  -19.195  -79.903  18.296 1.0000000000
9300  -20.376  -78.811  17.403 1.0000000000
9353  -18.550  -77.963  13.802 1.0000000000
115782  -19.634  -79.297  17.857 1.0000000000
9301  -21.070  -78.225  16.947 1.0000000000
125615  -19.750  -78.381  17.539 1.0000000000
10131  -19.124  -77.213  14.403 1.0000000000
9317  -20.620  -77.441  16.430 1.0000000000
10083  -19.379  -77.697  17.364 1.0000000000
6513  -11.638  -82.538  17.686 1.0000000000
8533  -17.111  -79.241  14.634 1.0000000000
10130  -18.101  -77.549  14.282 1.0000000000
10097  -19.555  -77.192  16.633 1.0000000000
10082  -18.766  -77.026  17.201 1.0000000000
6503  -12.095  -81.989  18.197 1.0000000000
7771  -15.339  -80.419  16.158 1.0000000000
9335  -16.613  -78.899  15.159 1.0000000000
9336  -17.288  -78.269  14.632 1.0000000000
10115  -17.657  -77.276  14.828 1.0000000000
10117  -19.783  -77.048  15.564 1.0000000000
10096  -18.637  -76.610  16.514 1.0000000000
7112  -12.834  -81.616  17.884 1.0000000000
7770  -14.859  -80.130  16.710 1.0000000000
10116  -18.650  -76.851  15.019 1.0000000000
11054  -19.003  -76.839  15.880 1.0000000000
7114  -14.197  -81.056  17.107 1.0000000000
8501  -14.343  -79.524  17.178 1.0000000000
9334  -15.931  -79.054  15.589 1.0000000000
121711  -17.994  -76.527  15.149 1.0000000000
11053  -18.323  -76.261  15.716 1.0000000000
6501  -10.641  -82.805  18.960 1.0000000000
115030  -9.566  -82.650  20.118 1.0000000000
5870  -6.523  -83.420  19.264 0.6999999881
5871  -7.234  -83.493  19.592 0.8999999762
5883  -7.948  -83.816  19.196 0.8999999762
108327  -6.354  -82.420  17.103 0.6000000238
5882  -6.134  -83.571  18.757 0.6000000238
5764  -6.863  -83.505  30.188 0.5000000000
122293  -7.811  -84.513  27.685 0.6000000238
5203  -6.893  -83.853  26.195 0.8000000119
5790  -7.443  -83.985  27.127 0.8000000119
6438  -13.594  -82.808  23.530 1.0000000000
5805  -7.266  -84.073  24.688 1.0000000000
7027  -9.385  -81.973  25.417 1.0000000000
7720  -15.479  -80.865  21.616 1.0000000000
10044  -14.302  -77.284  19.673 1.0000000000
7017  -10.452  -81.466  26.001 1.0000000000
118744  -12.475  -80.890  23.527 1.0000000000
8476  -16.868  -79.448  19.670 1.0000000000
9269  -14.529  -78.239  19.655 1.0000000000
123528  -17.654  -79.864  19.201 1.0000000000
9271  -16.303  -78.693  19.281 1.0000000000
10057  -14.965  -77.615  19.231 1.0000000000
121478  -17.841  -79.167  18.785 1.0000000000
9282  -17.096  -78.988  18.981 1.0000000000
9298  -18.093  -77.991  17.997 1.0000000000
10069  -17.278  -77.555  18.310 1.0000000000
9299  -18.974  -78.432  17.842 1.0000000000
122977  -18.665  -77.570  17.624 1.0000000000
114913  -15.975  -78.265  15.410 1.0000000000
10081  -18.000  -76.943  17.779 1.0000000000
7752  -12.724  -80.551  18.524 1.0000000000
7753  -13.500  -80.496  18.054 1.0000000000
127602  -17.852  -75.692  16.970 1.0000000000
7092  -12.256  -81.301  18.567 1.0000000000
10114  -16.790  -77.833  15.079 1.0000000000
11022  -18.157  -76.337  17.138 1.0000000000
7103  -11.647  -81.826  18.777 1.0000000000
7091  -11.352  -81.331  19.301 1.0000000000
7104  -13.053  -81.058  18.154 1.0000000000
8517  -14.756  -79.163  16.445 1.0000000000
9316  -15.301  -78.697  15.911 1.0000000000
116367  -17.154  -76.851  15.261 1.0000000000
11874  -17.740  -75.268  16.461 1.0000000000
6492  -11.077  -82.133  19.234 1.0000000000
6491  -10.289  -82.405  19.689 1.0000000000
7101  -6.355  -82.061  18.993 0.8999999762
6478  -8.199  -82.676  20.510 0.8999999762
6490  -8.879  -83.131  20.166 1.0000000000
6512  -6.010  -82.768  18.437 0.6000000238
6345  -6.747  -82.758  30.655 0.5000000000
5179  -7.603  -84.315  28.988 0.5000000000
5775  -7.666  -83.609  28.547 0.6000000238
6361  -7.243  -82.638  29.700 0.5000000000
5783  -7.594  -83.795  27.798 0.6000000238
5782  -6.955  -83.223  27.096 0.8000000119
10002  -11.935  -77.102  22.837 1.0000000000
10937  -12.793  -76.866  22.651 1.0000000000
115475  -6.813  -82.973  26.332 1.0000000000
114145  -6.905  -82.413  26.773 0.8000000119
126051  -12.344  -77.477  22.202 1.0000000000
10015  -12.998  -76.957  21.827 1.0000000000
112171  -13.923  -81.102  22.598 1.0000000000
9244  -12.983  -78.600  21.250 1.0000000000
10043  -13.796  -77.879  20.013 1.0000000000
10957  -13.853  -76.681  21.415 1.0000000000
6405  -7.463  -82.263  25.703 1.0000000000
7047  -13.191  -81.214  23.190 1.0000000000
7719  -14.510  -80.134  21.401 1.0000000000
7702  -12.499  -80.289  22.905 1.0000000000
8462  -14.280  -79.380  20.618 1.0000000000
8463  -14.937  -79.165  20.009 1.0000000000
13462  -10.343  -73.441  23.642 1.0000000000
10067  -15.411  -76.832  18.934 1.0000000000
107761  -10.212  -74.842  22.640 1.0000000000
10058  -15.747  -77.865  18.910 1.0000000000
10068  -16.312  -77.246  18.592 1.0000000000
11004  -16.111  -76.341  18.534 1.0000000000
11005  -16.875  -76.649  18.083 1.0000000000
10956  -10.427  -76.995  21.625 1.0000000000
11021  -17.452  -75.941  17.519 1.0000000000
9255  -10.535  -79.024  20.566 1.0000000000
10095  -15.249  -77.761  15.790 1.0000000000
11859  -17.561  -75.096  17.053 1.0000000000
8500  -13.811  -79.675  17.824 1.0000000000
9297  -14.279  -78.626  16.930 1.0000000000
10112  -15.270  -76.981  15.711 1.0000000000
11051  -16.648  -76.052  15.436 1.0000000000
11052  -17.613  -76.012  15.481 1.0000000000
11889  -17.231  -75.278  15.667 1.0000000000
7081  -10.946  -81.177  20.093 1.0000000000
6480  -9.936  -81.972  20.551 1.0000000000
7089  -6.966  -81.995  19.859 0.8999999762
7079  -9.167  -81.730  21.267 1.0000000000
6489  -7.418  -82.836  20.118 0.8999999762
6479  -9.001  -82.413  20.726 1.0000000000
108886  -6.638  -80.142  31.053 0.5000000000
121332  -6.697  -81.399  30.599 0.5000000000
106632  -6.580  -80.030  28.925 0.6999999881
108005  -6.769  -80.160  29.922 0.6000000238
7603  -6.685  -80.775  30.540 0.6000000238
6973  -7.155  -81.831  29.341 0.6999999881
109242  -6.600  -80.727  28.498 0.8000000119
114366  -6.634  -81.246  27.938 0.8000000119
6386  -6.999  -82.529  27.641 0.8000000119
6376  -7.433  -82.582  28.661 0.8000000119
124967  -11.570  -76.624  24.577 1.0000000000
10917  -11.795  -76.907  23.482 1.0000000000
122275  -7.211  -81.225  27.273 0.8000000119
6995  -7.017  -81.836  27.365 0.8000000119
10901  -10.590  -77.077  24.372 1.0000000000
10001  -11.213  -77.684  23.189 1.0000000000
10938  -13.592  -76.758  22.333 1.0000000000
7013  -7.266  -81.636  26.183 1.0000000000
7005  -7.250  -81.729  26.554 0.8999999762
109726  -12.054  -82.660  24.360 1.0000000000
10939  -14.373  -76.642  22.122 1.0000000000
7014  -7.604  -81.486  26.014 1.0000000000
6422  -12.237  -82.031  24.487 1.0000000000
8422  -11.280  -79.371  23.414 1.0000000000
9222  -11.758  -78.125  22.580 1.0000000000
10958  -14.499  -76.229  20.900 1.0000000000
7015  -8.116  -81.306  25.961 1.0000000000
7006  -9.745  -80.804  26.676 1.0000000000
7018  -11.212  -81.552  25.411 1.0000000000
8434  -12.417  -78.639  22.032 1.0000000000
10973  -15.186  -76.005  20.434 1.0000000000
10959  -15.509  -76.341  21.420 1.0000000000
7670  -9.005  -81.044  26.661 1.0000000000
113786  -12.601  -79.651  22.377 1.0000000000
9257  -13.600  -78.637  20.585 1.0000000000
13476  -11.012  -73.173  22.870 1.0000000000
10991  -15.728  -75.851  19.163 1.0000000000
12624  -11.154  -73.815  22.210 1.0000000000
123657  -11.948  -73.592  20.567 1.0000000000
11793  -10.296  -75.600  22.313 1.0000000000
12623  -10.584  -74.014  22.835 1.0000000000
12636  -10.744  -75.163  21.732 1.0000000000
12651  -11.078  -74.974  20.828 1.0000000000
12652  -11.447  -74.243  20.720 1.0000000000
12653  -12.362  -73.867  19.831 1.0000000000
13506  -12.552  -73.030  20.290 1.0000000000
10936  -10.053  -76.416  22.606 1.0000000000
11816  -11.222  -75.612  20.232 1.0000000000
118047  -11.528  -74.861  20.128 1.0000000000
126850  -16.602  -75.903  18.014 1.0000000000
11844  -16.367  -75.396  18.540 1.0000000000
11804  -10.532  -76.053  21.692 1.0000000000
10971  -10.902  -76.336  20.360 1.0000000000
11828  -11.691  -75.467  19.562 1.0000000000
13528  -12.785  -74.133  19.040 1.0000000000
11858  -16.899  -75.158  17.709 1.0000000000
9268  -11.434  -78.212  19.408 1.0000000000
10065  -11.592  -77.468  19.091 1.0000000000
11003  -12.410  -76.545  18.265 1.0000000000
11843  -12.195  -75.962  18.565 1.0000000000
12699  -17.370  -74.612  16.452 1.0000000000
11856  -12.671  -75.822  17.999 1.0000000000
117373  -16.527  -75.149  15.637 1.0000000000
8474  -11.531  -79.817  19.437 1.0000000000
9256  -11.224  -78.997  19.798 1.0000000000
9280  -12.710  -77.994  18.294 1.0000000000
10093  -13.812  -76.828  16.707 1.0000000000
10094  -14.569  -77.141  16.162 1.0000000000
11049  -15.013  -76.315  15.779 1.0000000000
11887  -14.914  -75.441  15.824 1.0000000000
8460  -10.349  -79.899  20.886 1.0000000000
7731  -10.583  -80.683  20.624 1.0000000000
7064  -9.865  -81.226  21.185 1.0000000000
7730  -7.290  -80.658  20.954 0.8999999762
7078  -8.225  -81.871  21.207 1.0000000000
7077  -7.579  -82.070  20.612 0.8999999762
7751  -6.603  -81.084  18.280 0.5000000000
8341  -6.714  -79.333  30.439 0.5000000000
8355  -6.597  -79.186  29.389 0.6999999881
6957  -6.923  -81.939  30.198 0.5000000000
106820  -6.891  -81.173  29.011 0.6000000238
10877  -9.431  -76.632  25.399 1.0000000000
6375  -6.953  -81.663  28.600 0.8000000119
10903  -12.261  -76.715  24.164 1.0000000000
10919  -13.001  -76.771  23.973 1.0000000000
7644  -6.834  -80.527  27.498 0.8999999762
9978  -9.904  -77.079  25.053 1.0000000000
9988  -10.630  -77.832  23.879 1.0000000000
10918  -12.564  -76.819  23.430 1.0000000000
112855  -13.453  -76.798  23.314 1.0000000000
7655  -7.603  -80.879  26.839 0.8999999762
9201  -10.045  -78.115  24.641 1.0000000000
111396  -14.399  -76.805  22.900 1.0000000000
108619  -9.908  -78.951  25.481 1.0000000000
10940  -15.327  -76.739  22.333 1.0000000000
8393  -9.897  -80.190  26.580 1.0000000000
8404  -10.308  -79.845  25.936 1.0000000000
8414  -10.829  -79.299  24.125 1.0000000000
7691  -11.864  -80.190  23.425 1.0000000000
10960  -16.431  -76.486  22.014 1.0000000000
8405  -10.828  -79.994  24.920 1.0000000000
14257  -10.024  -71.821  25.280 1.0000000000
119884  -11.345  -72.649  22.384 1.0000000000
11805  -17.197  -75.976  21.728 1.0000000000
14287  -12.145  -71.643  21.450 1.0000000000
11818  -17.021  -75.500  20.857 1.0000000000
13493  -12.064  -72.715  21.006 1.0000000000
112744  -16.505  -74.965  20.058 1.0000000000
14309  -12.792  -72.019  20.673 1.0000000000
11792  -9.802  -75.588  23.045 1.0000000000
13519  -12.984  -73.407  19.568 1.0000000000
12687  -16.611  -73.593  17.414 1.0000000000
124141  -16.491  -74.655  18.770 1.0000000000
12677  -13.272  -74.244  18.087 1.0000000000
13538  -14.689  -73.199  17.310 1.0000000000
112748  -16.679  -74.468  17.994 1.0000000000
10027  -9.991  -77.953  21.853 1.0000000000
10988  -11.367  -76.290  19.626 1.0000000000
118694  -12.494  -75.418  18.381 1.0000000000
12676  -12.573  -74.823  18.583 1.0000000000
12698  -15.208  -73.927  16.088 1.0000000000
13547  -16.331  -73.414  16.793 1.0000000000
12688  -17.143  -74.360  17.138 1.0000000000
10042  -10.738  -77.600  20.254 1.0000000000
10987  -10.896  -76.945  19.915 1.0000000000
12685  -12.883  -75.068  17.890 1.0000000000
12697  -14.380  -74.416  16.348 1.0000000000
12704  -15.802  -74.623  15.753 1.0000000000
117052  -16.157  -73.843  16.206 1.0000000000
10056  -11.142  -77.566  19.675 1.0000000000
10066  -12.169  -77.315  18.532 1.0000000000
10079  -12.795  -77.170  17.956 1.0000000000
11020  -13.416  -76.348  17.120 1.0000000000
11033  -13.742  -75.866  16.653 1.0000000000
12703  -14.853  -74.671  15.957 1.0000000000
8446  -9.787  -79.533  21.552 1.0000000000
7701  -8.601  -80.008  21.986 1.0000000000
118726  -9.209  -80.810  21.601 1.0000000000
7062  -7.912  -81.016  21.423 1.0000000000
7741  -7.149  -80.415  19.956 0.8999999762
7102  -6.931  -80.935  19.197 0.8000000119
10876  -8.754  -76.712  25.566 1.0000000000
10878  -10.878  -76.345  25.103 1.0000000000
8371  -6.487  -79.390  28.393 0.6999999881
8382  -6.672  -79.592  27.571 0.8000000119
113766  -6.879  -78.972  27.027 0.8000000119
9977  -9.239  -77.246  25.433 1.0000000000
113793  -13.622  -76.907  24.151 1.0000000000
8392  -7.100  -79.827  26.951 0.8999999762
9200  -9.402  -78.190  25.528 1.0000000000
9210  -10.557  -78.571  24.186 1.0000000000
10921  -15.408  -77.014  23.529 1.0000000000
9197  -7.228  -79.155  26.536 1.0000000000
9198  -7.867  -78.912  26.249 1.0000000000
8403  -9.485  -79.445  26.183 1.0000000000
10941  -16.152  -76.687  22.871 1.0000000000
7668  -7.654  -80.648  26.331 1.0000000000
7669  -8.195  -80.366  26.706 1.0000000000
7656  -9.268  -80.226  26.758 1.0000000000
11795  -17.405  -75.378  22.514 1.0000000000
15044  -10.288  -71.396  25.011 1.0000000000
15064  -10.800  -71.782  23.270 1.0000000000
15074  -11.258  -71.409  22.750 1.0000000000
116698  -9.914  -72.155  25.051 1.0000000000
11806  -17.504  -74.928  21.553 1.0000000000
12654  -17.127  -74.561  20.584 1.0000000000
105985  -10.073  -73.816  23.750 1.0000000000
15103  -13.028  -71.323  21.310 1.0000000000
11762  -9.284  -75.566  23.791 1.0000000000
13507  -17.095  -73.637  20.195 1.0000000000
120974  -10.869  -74.480  22.227 1.0000000000
14323  -14.474  -72.008  19.369 1.0000000000
13531  -16.599  -72.827  18.256 1.0000000000
119414  -16.771  -72.568  19.064 1.0000000000
114522  -9.503  -76.395  23.807 1.0000000000
106839  -14.038  -73.435  18.042 1.0000000000
13539  -16.178  -72.865  17.406 1.0000000000
12678  -16.702  -73.820  18.445 1.0000000000
126350  -9.589  -77.087  23.438 1.0000000000
13529  -13.437  -73.522  18.802 1.0000000000
118322  -10.647  -76.411  21.011 1.0000000000
13537  -13.897  -73.855  17.228 1.0000000000
10014  -9.269  -78.295  22.677 1.0000000000
9243  -10.163  -78.549  21.274 1.0000000000
11857  -13.273  -75.590  17.326 1.0000000000
11872  -13.800  -74.983  16.745 1.0000000000
9242  -9.447  -78.861  22.102 1.0000000000
8432  -8.079  -79.746  22.022 1.0000000000
7714  -7.722  -80.214  21.416 1.0000000000
8473  -7.048  -79.547  19.984 0.8000000119
9158  -6.566  -78.247  29.224 0.6000000238
11711  -7.647  -75.667  26.349 0.8999999762
10858  -8.178  -76.112  25.835 1.0000000000
10859  -9.076  -75.969  25.527 1.0000000000
9927  -6.612  -77.546  28.943 0.6000000238
9169  -6.536  -78.093  28.399 0.8000000119
10857  -7.321  -76.435  26.334 0.8999999762
11713  -9.815  -75.341  26.017 1.0000000000
10879  -11.919  -76.257  25.239 1.0000000000
128081  -6.748  -78.160  27.091 0.8000000119
127190  -12.361  -76.596  24.864 1.0000000000
10904  -13.149  -76.799  24.772 1.0000000000
9961  -6.874  -77.758  26.570 0.8999999762
9962  -7.455  -77.444  26.104 1.0000000000
9976  -8.526  -77.613  25.763 1.0000000000
10905  -14.266  -77.104  24.843 1.0000000000
10920  -14.370  -76.998  23.856 1.0000000000
9188  -6.957  -78.445  26.620 0.8999999762
9189  -7.316  -78.315  26.281 1.0000000000
10906  -15.797  -76.912  24.598 1.0000000000
9975  -7.942  -78.192  25.960 1.0000000000
9989  -15.101  -77.135  25.044 1.0000000000
10922  -16.360  -76.651  23.729 1.0000000000
11763  -16.520  -76.309  24.596 1.0000000000
8402  -8.583  -79.516  26.493 1.0000000000
11764  -16.945  -75.538  24.655 1.0000000000
11794  -16.939  -76.261  22.826 1.0000000000
11781  -17.199  -75.133  23.989 1.0000000000
117622  -8.691  -70.527  26.195 1.0000000000
15045  -10.498  -71.631  23.980 1.0000000000
122783  -11.122  -70.478  23.993 1.0000000000
15888  -11.589  -70.792  22.912 1.0000000000
111451  -12.247  -70.459  22.992 1.0000000000
12625  -17.484  -74.494  22.526 1.0000000000
12612  -17.414  -74.618  23.282 1.0000000000
13463  -17.697  -73.864  23.575 1.0000000000
15028  -8.313  -71.517  25.670 1.0000000000
14273  -10.574  -72.528  23.609 1.0000000000
15075  -11.997  -70.931  22.287 1.0000000000
15904  -13.813  -70.696  22.545 1.0000000000
13479  -17.423  -73.751  22.837 1.0000000000
15027  -8.890  -70.780  25.242 1.0000000000
13445  -9.747  -73.610  24.022 1.0000000000
15091  -12.957  -70.810  21.916 1.0000000000
13495  -17.442  -73.884  22.069 1.0000000000
13478  -17.421  -73.265  22.696 1.0000000000
14274  -17.763  -73.174  23.209 1.0000000000
14301  -16.493  -72.532  21.799 1.0000000000
108042  -17.066  -73.060  20.922 1.0000000000
12599  -9.412  -74.553  23.607 1.0000000000
12611  -10.053  -74.355  23.419 1.0000000000
14310  -13.455  -72.000  20.287 1.0000000000
14300  -15.829  -71.945  22.014 1.0000000000
15131  -14.931  -71.726  19.137 1.0000000000
108766  -16.949  -72.781  19.879 1.0000000000
14312  -16.357  -72.364  20.621 1.0000000000
15132  -15.348  -71.699  18.881 1.0000000000
14334  -16.334  -72.168  18.668 1.0000000000
121251  -14.696  -72.782  18.046 1.0000000000
14333  -15.684  -71.943  18.411 1.0000000000
14340  -16.106  -72.342  18.014 1.0000000000
11829  -12.148  -75.392  18.923 1.0000000000
12696  -13.953  -74.266  16.782 1.0000000000
13545  -14.562  -73.731  16.639 1.0000000000
10013  -8.416  -78.372  23.157 1.0000000000
9229  -7.928  -78.828  22.917 1.0000000000
8445  -7.394  -79.346  21.543 1.0000000000
8459  -7.141  -79.829  20.919 0.8999999762
8485  -7.096  -79.872  18.956 0.8000000119
123799  -6.863  -77.119  29.353 0.6000000238
10848  -7.086  -76.582  27.748 0.8000000119
9942  -6.828  -77.454  28.063 0.6999999881
10856  -6.741  -76.381  26.833 0.8999999762
11736  -10.613  -75.733  25.668 1.0000000000
9953  -6.662  -77.270  27.125 0.8000000119
11737  -11.411  -75.759  25.711 1.0000000000
11739  -13.216  -76.150  26.175 1.0000000000
11738  -12.319  -75.932  25.939 1.0000000000
10881  -13.730  -76.746  25.640 1.0000000000
10882  -14.690  -76.876  25.665 1.0000000000
11716  -12.682  -75.411  26.493 1.0000000000
10861  -15.178  -76.293  26.098 1.0000000000
10883  -15.529  -76.736  25.460 1.0000000000
11719  -15.912  -76.112  25.773 1.0000000000
11740  -16.558  -75.774  25.329 1.0000000000
11741  -17.006  -75.124  25.191 1.0000000000
12600  -17.421  -74.722  24.768 1.0000000000
115287  -17.894  -74.035  24.480 1.0000000000
108675  -17.502  -74.421  23.913 1.0000000000
15875  -11.710  -70.384  23.561 1.0000000000
117196  -13.098  -70.366  24.030 1.0000000000
110570  -15.862  -70.262  22.418 1.0000000000
14289  -16.714  -72.426  22.116 1.0000000000
14290  -18.271  -72.361  22.901 1.0000000000
13420  -9.359  -72.975  23.877 1.0000000000
15092  -13.811  -70.840  21.849 1.0000000000
15065  -17.198  -72.582  22.323 1.0000000000
15079  -17.295  -71.797  22.328 1.0000000000
13492  -11.532  -73.497  21.420 1.0000000000
15104  -13.679  -71.403  20.941 1.0000000000
15094  -15.098  -71.378  21.614 1.0000000000
14311  -15.705  -72.037  21.396 1.0000000000
116050  -8.625  -75.392  23.921 1.0000000000
12610  -9.641  -74.984  23.469 1.0000000000
15118  -14.057  -71.791  20.155 1.0000000000
15106  -15.234  -71.722  20.593 1.0000000000
15906  -17.402  -70.454  21.800 1.0000000000
11779  -8.620  -76.231  24.330 1.0000000000
15120  -15.352  -71.700  19.557 1.0000000000
15107  -15.926  -71.848  20.000 1.0000000000
110807  -7.561  -75.901  24.453 1.0000000000
14324  -16.450  -72.193  19.516 1.0000000000
9987  -7.836  -76.786  24.294 1.0000000000
10916  -8.949  -77.125  24.160 1.0000000000
10000  -9.103  -77.754  23.389 1.0000000000
9219  -7.313  -77.752  23.225 1.0000000000
9241  -6.910  -78.417  21.815 1.0000000000
9228  -7.353  -78.333  22.750 1.0000000000
121344  -6.868  -78.817  20.689 0.8999999762
9266  -6.978  -78.734  19.718 0.6999999881
9278  -7.526  -78.380  18.286 0.6000000238
11673  -7.282  -76.334  29.878 0.6000000238
10829  -7.066  -76.700  28.823 0.6000000238
11703  -7.198  -75.725  27.593 0.8000000119
124427  -7.450  -76.203  28.299 0.6000000238
11714  -10.873  -75.166  26.166 1.0000000000
12551  -11.275  -74.559  26.659 1.0000000000
12549  -9.265  -74.595  26.362 1.0000000000
11715  -11.800  -75.240  26.295 1.0000000000
12552  -12.167  -74.616  26.751 1.0000000000
12553  -13.013  -74.664  26.867 1.0000000000
11717  -13.545  -75.440  26.614 1.0000000000
12554  -14.353  -75.236  26.645 1.0000000000
10860  -14.243  -76.168  26.302 1.0000000000
128334  -16.117  -75.404  25.853 1.0000000000
109576  -16.616  -74.912  25.666 1.0000000000
12575  -17.236  -74.414  25.417 1.0000000000
123041  -14.514  -74.461  26.754 1.0000000000
123364  -15.113  -73.833  26.691 1.0000000000
13448  -17.846  -73.951  25.148 1.0000000000
13464  -18.297  -73.441  24.090 1.0000000000
118735  -8.004  -71.155  25.909 1.0000000000
15849  -10.343  -70.650  25.555 1.0000000000
15836  -11.768  -69.899  25.106 1.0000000000
15852  -13.328  -70.746  25.056 1.0000000000
16696  -15.402  -69.675  22.683 1.0000000000
113720  -17.521  -73.965  23.278 1.0000000000
14275  -18.694  -72.632  23.671 1.0000000000
15874  -10.985  -71.035  23.456 1.0000000000
112543  -13.989  -71.006  23.729 1.0000000000
15878  -14.987  -70.179  23.002 1.0000000000
15080  -18.404  -71.703  22.551 1.0000000000
15890  -14.261  -70.689  23.083 1.0000000000
15076  -14.265  -70.728  22.729 1.0000000000
110621  -15.852  -70.868  22.215 1.0000000000
13444  -9.015  -73.757  23.499 1.0000000000
15105  -14.484  -71.462  20.833 1.0000000000
16707  -16.642  -69.493  21.670 1.0000000000
16723  -17.612  -69.504  20.754 1.0000000000
11761  -7.607  -75.339  24.266 1.0000000000
16722  -16.974  -69.133  21.107 1.0000000000
10899  -6.547  -75.903  24.172 1.0000000000
10914  -6.536  -76.621  23.421 1.0000000000
9240  -6.958  -77.841  22.386 1.0000000000
10025  -6.738  -77.496  21.876 1.0000000000
109547  -6.917  -78.092  19.980 0.8000000119
10055  -7.567  -77.452  19.394 0.6999999881
11674  -7.305  -76.253  29.081 0.6000000238
12513  -7.385  -75.422  28.404 0.6999999881
12530  -7.110  -74.976  27.553 0.6999999881
12548  -8.389  -74.247  26.712 0.8000000119
13396  -9.379  -73.874  26.742 0.8000000119
12550  -10.259  -74.451  26.589 0.8999999762
112111  -8.795  -73.541  27.072 0.8000000119
13399  -12.511  -73.800  26.966 1.0000000000
13400  -13.350  -73.776  26.962 1.0000000000
13401  -14.185  -73.768  26.929 1.0000000000
14228  -15.464  -72.823  26.943 1.0000000000
14229  -16.258  -72.598  26.761 1.0000000000
12574  -16.727  -74.020  26.007 1.0000000000
13424  -17.529  -73.510  25.761 1.0000000000
14241  -18.572  -72.706  25.268 1.0000000000
14242  -18.917  -72.258  24.830 1.0000000000
14231  -18.437  -72.091  25.786 1.0000000000
13449  -18.346  -73.444  24.848 1.0000000000
14259  -18.731  -72.816  24.496 1.0000000000
122345  -7.644  -71.294  25.480 1.0000000000
16648  -10.279  -69.481  25.625 1.0000000000
15835  -10.616  -69.973  25.376 1.0000000000
15876  -14.193  -71.463  24.552 1.0000000000
14276  -19.267  -71.805  23.667 1.0000000000
16697  -16.099  -69.585  22.150 1.0000000000
14291  -18.818  -72.005  23.136 1.0000000000
15042  -8.910  -71.533  24.038 1.0000000000
15877  -14.163  -70.429  23.800 1.0000000000
15905  -16.606  -70.099  22.004 1.0000000000
116294  -18.315  -70.549  21.684 1.0000000000
119792  -9.008  -73.176  23.038 1.0000000000
14284  -8.965  -72.113  21.802 0.6999999881
15093  -14.394  -70.947  21.742 1.0000000000
12595  -7.948  -73.993  22.884 1.0000000000
11790  -6.891  -75.449  22.802 1.0000000000
10934  -6.768  -76.751  22.371 1.0000000000
107032  -7.241  -76.826  20.612 0.8999999762
10986  -7.602  -76.753  19.836 0.6999999881
12493  -7.212  -74.938  29.156 0.6000000238
12514  -6.910  -74.261  27.888 0.6999999881
13344  -6.895  -73.793  28.577 0.5000000000
106131  -7.199  -72.929  28.452 0.6000000238
13370  -8.112  -73.576  27.330 0.6999999881
13397  -10.177  -73.481  26.979 0.8999999762
13398  -11.649  -73.818  26.948 1.0000000000
13372  -11.986  -73.002  27.209 1.0000000000
14975  -8.415  -71.701  28.208 0.6000000238
108698  -8.617  -72.893  27.463 0.6999999881
119684  -10.019  -72.566  27.347 0.6999999881
123923  -10.991  -73.009  27.235 0.8000000119
13373  -12.871  -73.024  27.318 1.0000000000
13374  -13.746  -73.017  27.299 1.0000000000
114832  -14.973  -72.178  27.439 1.0000000000
15001  -8.952  -71.469  27.815 0.6000000238
112545  -9.723  -71.604  27.608 0.6000000238
15002  -10.361  -71.063  27.617 0.6999999881
14217  -15.742  -71.966  27.178 1.0000000000
113251  -12.135  -70.488  27.557 0.8000000119
14215  -13.256  -72.223  27.476 1.0000000000
13404  -17.451  -72.788  26.159 1.0000000000
14230  -17.717  -72.064  26.257 1.0000000000
17519  -8.810  -68.920  25.423 0.8999999762
17520  -9.794  -68.833  25.451 0.8999999762
15031  -18.755  -71.436  25.455 1.0000000000
17529  -8.238  -68.365  24.935 0.8999999762
15032  -19.194  -71.597  24.828 1.0000000000
15046  -19.471  -71.519  24.201 1.0000000000
16645  -7.591  -69.815  24.869 0.8999999762
16646  -8.183  -69.656  25.756 0.8999999762
16647  -9.307  -69.544  25.991 0.8999999762
17521  -10.753  -68.869  25.276 1.0000000000
16650  -12.357  -69.651  25.303 1.0000000000
17523  -12.738  -69.224  25.190 1.0000000000
17534  -13.588  -69.379  24.356 1.0000000000
16664  -13.780  -70.149  25.095 1.0000000000
17549  -14.171  -69.058  23.454 1.0000000000
17550  -14.916  -68.955  22.791 1.0000000000
15879  -19.827  -70.535  23.207 1.0000000000
15848  -7.300  -70.908  24.910 0.8999999762
15837  -12.900  -70.313  25.166 1.0000000000
17564  -15.606  -68.989  22.171 1.0000000000
15895  -19.544  -70.560  22.468 1.0000000000
17586  -20.562  -68.446  20.149 1.0000000000
16681  -7.450  -70.288  23.008 0.8999999762
15853  -13.869  -71.242  25.038 1.0000000000
16682  -13.883  -69.944  24.135 1.0000000000
15908  -19.918  -70.013  21.971 1.0000000000
15062  -8.815  -71.705  23.331 1.0000000000
18447  -16.094  -68.278  21.035 1.0000000000
15907  -19.661  -69.783  21.297 1.0000000000
16739  -19.923  -69.082  19.861 1.0000000000
15063  -8.448  -71.249  23.093 0.8999999762
16738  -18.896  -69.426  19.741 1.0000000000
16725  -19.370  -69.608  20.535 1.0000000000
14272  -8.927  -72.045  22.688 1.0000000000
108159  -8.775  -71.655  22.459 0.8999999762
17584  -16.621  -68.574  20.705 1.0000000000
17585  -17.219  -68.971  20.284 1.0000000000
17602  -19.350  -68.836  19.008 1.0000000000
17618  -19.615  -68.230  18.242 1.0000000000
18501  -19.816  -67.824  16.945 1.0000000000
14282  -8.558  -72.974  22.407 1.0000000000
14283  -8.677  -72.709  22.064 0.8000000119
15090  -9.275  -71.694  21.346 0.6000000238
16737  -17.925  -69.434  19.867 1.0000000000
18483  -18.880  -67.924  17.727 1.0000000000
18525  -20.086  -67.586  16.206 1.0000000000
13474  -7.423  -73.979  22.185 1.0000000000
13491  -8.226  -73.365  21.563 0.8000000119
14308  -9.181  -72.007  20.563 0.6999999881
17600  -17.418  -68.800  19.409 1.0000000000
18482  -17.982  -67.915  17.928 1.0000000000
18500  -19.124  -67.641  17.101 1.0000000000
12621  -7.161  -74.431  21.923 1.0000000000
13490  -7.634  -73.877  21.747 0.6999999881
14297  -8.687  -72.812  21.337 0.6000000238
17616  -17.668  -68.441  18.630 1.0000000000
18498  -17.377  -67.279  17.533 1.0000000000
18523  -18.798  -67.089  16.638 1.0000000000
11803  -7.307  -75.290  21.264 1.0000000000
10969  -7.565  -75.957  20.376 0.6999999881
14213  -11.463  -72.144  27.361 0.8000000119
14214  -12.350  -72.183  27.398 0.8999999762
117095  -13.664  -71.444  27.580 0.8999999762
14218  -16.451  -71.809  26.883 1.0000000000
14976  -9.049  -71.215  28.328 0.6000000238
14977  -9.615  -71.003  27.881 0.6000000238
15800  -11.196  -70.683  27.682 0.6000000238
15005  -12.701  -71.308  27.457 0.8000000119
15803  -14.247  -70.823  27.647 0.8999999762
15006  -15.173  -71.236  27.542 1.0000000000
15020  -17.376  -71.190  26.360 1.0000000000
15021  -18.116  -71.332  25.945 1.0000000000
15839  -18.480  -70.592  25.493 1.0000000000
15840  -19.157  -70.942  25.109 1.0000000000
125342  -19.942  -69.752  23.775 1.0000000000
16649  -11.267  -69.473  25.295 1.0000000000
111378  -13.077  -68.732  24.413 1.0000000000
18419  -14.101  -68.303  22.972 1.0000000000
126131  -14.457  -68.604  22.897 1.0000000000
15856  -19.923  -70.349  23.856 1.0000000000
17573  -20.564  -68.603  21.109 1.0000000000
15872  -7.828  -70.337  23.959 0.8999999762
17563  -15.151  -68.432  22.184 1.0000000000
17603  -20.318  -68.293  19.168 1.0000000000
16695  -7.521  -70.144  22.286 0.8999999762
18437  -15.030  -67.738  21.768 1.0000000000
17571  -15.614  -68.354  21.594 1.0000000000
18484  -19.707  -67.988  17.630 1.0000000000
115460  -20.725  -67.855  17.884 1.0000000000
18455  -15.632  -67.005  20.253 1.0000000000
18456  -16.181  -67.935  20.396 1.0000000000
17601  -18.284  -69.016  19.101 1.0000000000
17617  -18.640  -68.433  18.376 1.0000000000
18542  -21.470  -67.742  15.466 1.0000000000
18467  -16.324  -67.669  19.542 1.0000000000
17599  -16.764  -68.370  19.872 1.0000000000
18541  -20.591  -67.353  15.623 1.0000000000
19362  -21.037  -67.086  15.031 1.0000000000
18480  -16.552  -67.579  18.768 1.0000000000
19345  -19.867  -67.043  15.868 1.0000000000
19373  -20.724  -66.343  14.823 1.0000000000
19374  -21.502  -66.577  14.672 1.0000000000
12635  -7.614  -74.375  21.038 0.6000000238
127356  -17.780  -67.053  17.120 1.0000000000
15787  -10.415  -70.717  28.056 0.6000000238
16615  -14.104  -69.827  27.519 0.8000000119
126004  -14.856  -70.403  27.565 0.8999999762
15019  -16.718  -71.101  26.813 1.0000000000
15801  -11.803  -69.909  27.975 0.6000000238
15802  -13.174  -70.413  27.501 0.6999999881
119926  -16.057  -71.156  27.280 1.0000000000
16632  -17.900  -69.949  25.670 1.0000000000
16652  -18.404  -69.696  25.224 1.0000000000
17530  -9.226  -68.156  25.124 0.8999999762
17531  -10.199  -68.155  25.057 1.0000000000
17481  -12.878  -68.089  28.809 0.6999999881
17505  -16.505  -68.729  26.787 0.8999999762
16653  -19.124  -70.231  24.891 1.0000000000
16684  -19.623  -69.199  23.956 1.0000000000
17491  -14.925  -67.588  27.179 0.6999999881
16685  -20.062  -69.260  23.349 1.0000000000
17547  -7.598  -67.967  24.308 0.8999999762
18400  -8.586  -67.604  24.632 0.8999999762
17532  -11.161  -68.341  24.784 1.0000000000
18403  -11.547  -67.754  23.998 1.0000000000
17533  -12.161  -68.514  24.646 1.0000000000
17548  -13.618  -68.563  23.618 1.0000000000
15880  -20.063  -69.892  23.286 1.0000000000
18457  -20.890  -67.638  20.542 1.0000000000
17546  -7.182  -68.708  23.549 0.8999999762
115863  -20.233  -69.542  22.186 1.0000000000
17569  -7.285  -68.507  21.557 0.8999999762
17562  -14.611  -68.134  22.463 1.0000000000
16710  -20.249  -69.375  21.562 1.0000000000
17587  -21.000  -67.327  19.421 1.0000000000
16694  -7.143  -69.542  22.742 0.8999999762
119515  -14.131  -67.734  22.539 1.0000000000
16726  -20.174  -69.237  20.741 1.0000000000
17619  -20.652  -67.754  18.389 1.0000000000
121820  -21.087  -67.987  16.990 1.0000000000
18502  -20.558  -67.940  16.923 1.0000000000
114605  -20.797  -67.858  16.101 1.0000000000
18543  -22.335  -67.963  15.160 1.0000000000
18497  -16.593  -67.103  18.142 1.0000000000
19375  -22.342  -66.751  14.511 1.0000000000
19376  -23.249  -66.826  14.239 1.0000000000
124243  -19.247  -66.861  16.116 1.0000000000
20136  -20.020  -66.073  15.034 1.0000000000
19320  -17.456  -66.604  17.038 1.0000000000
19344  -18.647  -66.378  16.075 1.0000000000
19360  -19.494  -66.404  15.546 1.0000000000
20147  -22.841  -65.989  14.243 1.0000000000
120932  -12.539  -69.904  27.688 0.6999999881
15805  -16.379  -70.352  27.086 1.0000000000
123593  -12.531  -69.383  28.243 0.6999999881
16631  -17.410  -69.753  26.203 1.0000000000
17524  -17.800  -69.135  25.703 1.0000000000
113064  -18.287  -68.980  25.087 1.0000000000
17536  -19.173  -68.406  24.166 1.0000000000
17551  -19.808  -68.487  23.520 1.0000000000
18417  -9.036  -66.996  24.165 0.8999999762
18402  -10.558  -67.676  24.372 1.0000000000
126097  -12.502  -68.000  24.032 1.0000000000
18404  -13.135  -67.939  23.521 1.0000000000
18422  -20.042  -67.713  23.003 1.0000000000
17552  -20.293  -68.634  22.823 1.0000000000
118882  -20.755  -67.788  21.464 1.0000000000
18415  -7.188  -67.724  23.389 0.8999999762
122753  -13.263  -67.189  22.663 1.0000000000
18436  -13.695  -67.846  22.926 1.0000000000
17565  -20.504  -68.792  22.039 1.0000000000
17561  -7.095  -68.586  22.521 0.8999999762
18445  -7.242  -67.733  21.062 0.8999999762
19219  -12.243  -67.396  23.141 1.0000000000
19243  -14.444  -67.281  22.002 1.0000000000
125125  -21.485  -66.054  19.158 1.0000000000
118185  -21.658  -66.628  18.788 1.0000000000
19270  -7.339  -67.042  19.575 0.8000000119
19242  -13.920  -67.160  22.327 1.0000000000
125844  -14.758  -67.184  21.649 1.0000000000
18485  -21.626  -67.345  18.288 1.0000000000
17623  -22.400  -68.333  16.599 1.0000000000
19271  -6.760  -66.373  19.289 0.8000000119
19252  -14.662  -66.618  21.543 1.0000000000
17654  -23.451  -68.667  15.450 1.0000000000
17655  -24.300  -69.101  15.527 1.0000000000
19263  -15.073  -66.302  20.966 1.0000000000
122572  -22.796  -68.370  15.459 1.0000000000
18562  -24.467  -68.039  14.090 1.0000000000
126378  -15.606  -66.283  19.638 1.0000000000
18561  -23.585  -67.721  14.376 1.0000000000
19273  -16.113  -66.830  19.091 1.0000000000
19291  -15.811  -66.007  19.041 1.0000000000
126604  -16.577  -65.817  17.565 1.0000000000
19292  -16.244  -66.143  18.239 1.0000000000
20160  -23.106  -65.158  13.891 1.0000000000
21730  -8.676  -64.723  16.896 0.4000000060
20117  -17.045  -65.899  17.035 1.0000000000
20134  -18.381  -65.519  15.771 1.0000000000
19359  -18.972  -65.884  15.491 1.0000000000
20144  -20.437  -65.730  14.733 1.0000000000
20146  -22.253  -65.364  14.300 1.0000000000
20161  -24.417  -65.799  12.996 1.0000000000
22554  -21.577  -62.603  14.000 1.0000000000
22562  -22.799  -62.559  13.120 1.0000000000
16614  -13.192  -69.526  27.671 0.6999999881
115175  -13.747  -68.920  27.677 0.6999999881
118769  -14.461  -69.070  27.469 0.8000000119
108856  -15.093  -68.747  27.316 0.8000000119
18357  -13.612  -67.297  28.209 0.6999999881
18374  -16.908  -68.237  26.409 0.8999999762
17506  -17.183  -68.944  26.365 1.0000000000
17504  -15.737  -68.370  26.980 0.8000000119
18389  -17.427  -68.281  25.929 1.0000000000
17525  -17.963  -68.367  25.315 1.0000000000
17535  -18.546  -68.380  24.772 1.0000000000
18406  -18.692  -67.446  24.421 1.0000000000
18416  -7.961  -67.140  24.039 0.8999999762
19218  -10.378  -66.721  23.188 1.0000000000
19210  -17.729  -65.260  24.003 0.8999999762
112112  -20.291  -66.779  22.401 1.0000000000
18438  -20.559  -67.816  22.269 1.0000000000
18435  -7.515  -66.777  23.252 0.8999999762
123935  -10.754  -67.285  23.716 1.0000000000
114221  -11.281  -67.185  23.268 1.0000000000
18458  -21.206  -66.423  19.919 1.0000000000
20033  -7.622  -65.689  22.119 0.8999999762
19237  -9.184  -65.882  23.151 0.8999999762
19240  -12.507  -66.650  22.427 1.0000000000
18448  -20.944  -66.671  20.842 1.0000000000
118817  -22.911  -67.679  17.634 1.0000000000
20848  -7.998  -64.547  20.300 0.8999999762
124476  -7.972  -67.779  19.393 0.6000000238
126138  -11.104  -66.063  22.243 1.0000000000
17624  -23.288  -68.377  16.871 1.0000000000
17639  -23.778  -68.884  16.250 1.0000000000
17673  -24.956  -68.923  14.771 0.8999999762
18477  -9.194  -67.250  18.815 0.6000000238
20054  -14.603  -65.684  21.447 1.0000000000
111057  -15.107  -67.101  21.212 1.0000000000
20854  -22.074  -62.036  19.323 0.8000000119
20076  -21.474  -63.271  18.847 0.8999999762
17672  -23.938  -68.542  14.744 1.0000000000
18577  -26.049  -67.450  13.658 0.8999999762
18499  -18.285  -67.411  17.257 1.0000000000
19397  -25.407  -67.111  13.354 0.8999999762
19272  -15.295  -66.098  20.242 1.0000000000
19377  -24.812  -67.444  13.587 1.0000000000
19396  -24.630  -66.614  13.299 1.0000000000
19398  -26.177  -66.753  13.239 0.8999999762
20959  -25.858  -65.211  12.586 1.0000000000
20090  -15.868  -65.363  18.681 1.0000000000
20091  -16.278  -65.297  17.925 1.0000000000
20925  -18.971  -65.181  15.202 1.0000000000
20981  -25.443  -64.290  12.504 1.0000000000
20126  -17.187  -65.116  16.634 1.0000000000
123247  -18.312  -64.773  15.552 1.0000000000
20143  -19.816  -65.311  14.833 1.0000000000
120804  -20.508  -65.167  14.584 1.0000000000
110612  -21.798  -64.822  14.341 1.0000000000
20956  -22.512  -64.538  14.087 1.0000000000
114815  -23.163  -64.187  13.518 1.0000000000
20957  -23.817  -65.079  13.144 1.0000000000
20958  -24.750  -64.999  12.679 1.0000000000
22571  -24.671  -62.471  12.492 1.0000000000
17490  -14.171  -68.105  27.590 0.6999999881
18372  -15.369  -66.734  26.828 0.6999999881
18373  -16.246  -67.755  26.643 0.8000000119
120679  -17.672  -67.577  25.524 1.0000000000
128177  -18.169  -67.764  25.002 1.0000000000
19186  -15.639  -65.537  26.729 0.6999999881
20002  -16.474  -64.659  26.063 0.6999999881
113023  -18.233  -66.342  24.271 1.0000000000
18421  -19.448  -67.571  23.720 1.0000000000
20048  -8.019  -64.817  21.985 0.8999999762
19253  -20.252  -65.493  21.549 1.0000000000
19254  -20.703  -65.362  20.850 1.0000000000
19264  -20.992  -65.162  20.035 1.0000000000
20003  -16.865  -64.354  25.502 0.8000000119
19293  -21.748  -64.842  18.851 1.0000000000
20034  -8.368  -65.110  22.715 0.8999999762
20035  -9.573  -65.307  22.399 1.0000000000
19238  -10.434  -66.064  22.527 1.0000000000
20014  -17.610  -64.115  23.568 0.8000000119
20065  -20.384  -62.224  19.862 0.8999999762
19274  -21.325  -64.796  19.233 1.0000000000
18486  -22.579  -66.744  18.267 1.0000000000
20037  -11.862  -65.888  22.111 1.0000000000
20038  -13.061  -65.951  22.070 1.0000000000
19241  -13.715  -66.485  22.158 1.0000000000
19251  -14.249  -66.442  21.876 1.0000000000
20841  -20.002  -61.897  20.789 0.8999999762
20853  -21.203  -62.050  19.633 0.8999999762
17640  -24.708  -69.226  16.475 0.8999999762
17641  -25.546  -69.194  16.460 0.8000000119
18563  -26.371  -67.992  14.245 0.8999999762
21680  -7.878  -63.686  20.411 0.8999999762
18476  -8.034  -67.411  18.781 0.6000000238
119798  -11.033  -64.627  21.447 1.0000000000
20052  -12.456  -65.221  21.742 1.0000000000
20837  -12.778  -64.390  21.420 1.0000000000
20053  -14.021  -65.721  21.909 1.0000000000
20865  -22.782  -62.491  18.773 0.8000000119
124781  -23.109  -65.417  18.262 1.0000000000
19379  -26.873  -67.195  13.876 0.8999999762
20862  -7.729  -64.341  19.564 0.8999999762
20073  -7.677  -64.926  19.456 0.8999999762
20839  -14.825  -64.798  21.172 1.0000000000
20852  -15.176  -64.640  20.470 1.0000000000
20075  -15.427  -65.379  19.684 1.0000000000
19323  -25.518  -65.924  17.928 0.8000000119
20163  -26.465  -66.009  12.838 0.8999999762
21686  -15.268  -63.851  20.152 1.0000000000
20079  -25.651  -64.922  18.429 0.6999999881
20863  -15.427  -64.483  19.762 1.0000000000
117180  -15.887  -64.103  18.731 1.0000000000
20889  -16.039  -64.648  18.328 1.0000000000
20909  -16.389  -64.576  17.621 1.0000000000
20938  -19.401  -64.482  14.841 1.0000000000
21734  -16.519  -63.943  17.343 1.0000000000
20916  -17.273  -64.238  16.314 1.0000000000
20924  -18.679  -64.259  15.183 1.0000000000
20940  -21.050  -64.493  14.410 1.0000000000
20941  -21.937  -64.036  14.210 1.0000000000
20980  -24.678  -64.057  12.612 1.0000000000
18359  -14.629  -66.334  27.485 0.6999999881
117980  -16.145  -66.772  26.390 0.6999999881
18358  -14.090  -66.795  27.832 0.6999999881
19173  -14.404  -65.524  28.435 0.6000000238
115522  -17.268  -66.617  25.545 0.8000000119
19199  -16.824  -65.568  25.527 0.8000000119
18420  -18.990  -66.597  23.741 1.0000000000
19222  -19.688  -66.711  23.127 1.0000000000
20021  -18.024  -64.195  22.581 1.0000000000
20833  -8.428  -64.277  21.723 0.8999999762
20055  -19.156  -62.289  20.866 0.8999999762
20057  -20.380  -63.646  19.939 0.8999999762
20050  -9.938  -64.773  21.779 0.8999999762
108470  -13.434  -65.114  21.744 1.0000000000
20810  -17.794  -62.789  23.028 0.8000000119
20092  -22.129  -63.587  18.559 0.8999999762
19295  -24.022  -64.829  17.868 0.8000000119
18505  -24.889  -67.466  17.871 0.8000000119
17625  -24.254  -68.449  17.165 0.8000000119
123601  -27.606  -67.145  14.384 0.8000000119
20835  -10.137  -64.160  21.287 0.8999999762
125138  -11.930  -64.706  21.483 1.0000000000
123954  -13.731  -64.454  21.536 1.0000000000
112027  -14.261  -64.978  21.588 1.0000000000
20827  -20.698  -62.045  21.219 0.8000000119
122214  -25.267  -64.430  18.039 0.8000000119
17674  -25.900  -68.626  14.849 0.8000000119
128156  -7.517  -65.999  18.014 0.6999999881
117608  -10.977  -63.821  21.035 0.8999999762
21669  -13.583  -63.671  21.223 1.0000000000
20851  -14.883  -64.011  20.854 1.0000000000
20838  -14.350  -64.234  21.309 1.0000000000
20067  -22.814  -62.703  20.118 0.6000000238
20077  -23.051  -62.530  19.355 0.6999999881
112100  -24.848  -64.301  18.540 0.6999999881
19326  -28.170  -67.731  17.751 0.6000000238
18506  -25.970  -67.314  17.903 0.8000000119
19399  -26.933  -66.499  13.346 0.8999999762
20883  -7.540  -64.370  18.685 0.8000000119
21716  -7.455  -63.739  18.394 0.8000000119
20112  -7.950  -65.913  17.833 0.6000000238
20164  -27.479  -65.840  13.253 0.8999999762
20961  -27.773  -65.036  12.932 0.8000000119
115276  -15.637  -63.921  19.386 1.0000000000
123209  -19.795  -63.892  14.633 1.0000000000
18510  -29.909  -67.409  17.448 0.5000000000
20982  -26.383  -64.430  12.500 0.8999999762
21721  -15.930  -63.423  18.874 1.0000000000
21722  -16.216  -63.838  18.077 1.0000000000
21764  -22.096  -63.257  13.955 1.0000000000
21795  -26.904  -63.678  12.438 0.8999999762
20923  -17.920  -63.950  15.661 1.0000000000
21774  -22.687  -63.289  13.518 1.0000000000
21775  -23.339  -63.378  12.972 1.0000000000
21794  -25.991  -63.564  12.402 1.0000000000
24185  -20.627  -60.133  14.223 1.0000000000
22563  -23.613  -62.557  12.698 1.0000000000
22555  -22.203  -62.550  13.598 1.0000000000
20834  -9.195  -64.212  21.657 0.8999999762
19220  -18.409  -65.568  23.561 1.0000000000
20798  -17.572  -63.062  24.172 0.8000000119
20040  -18.558  -63.180  21.497 1.0000000000
19244  -18.846  -64.688  22.060 1.0000000000
17627  -26.328  -68.558  17.183 0.8000000119
18545  -27.749  -67.851  15.745 0.8000000119
21666  -10.129  -63.454  20.963 0.8999999762
20843  -21.813  -61.995  20.190 0.8000000119
18508  -27.929  -67.901  17.260 0.8000000119
19363  -28.825  -66.954  15.118 0.8000000119
119199  -29.492  -65.283  14.386 0.8000000119
22493  -7.802  -62.897  20.207 0.8999999762
21684  -14.378  -63.562  21.012 1.0000000000
115789  -28.618  -67.679  17.077 0.6999999881
18544  -27.201  -67.758  14.844 0.8000000119
19380  -27.549  -66.539  13.912 0.8000000119
20165  -28.240  -65.275  13.631 0.8000000119
21728  -7.367  -63.851  17.235 0.6999999881
21668  -12.551  -63.528  21.059 1.0000000000
21685  -14.817  -63.112  20.467 1.0000000000
21739  -7.450  -63.587  16.763 0.6000000238
22509  -15.059  -62.265  20.018 1.0000000000
21701  -15.479  -63.054  19.645 1.0000000000
21744  -16.905  -63.646  16.799 1.0000000000
20983  -27.287  -64.453  12.632 0.8999999762
22518  -15.936  -62.602  19.021 1.0000000000
22545  -18.676  -62.895  15.040 1.0000000000
22551  -19.269  -62.628  14.748 1.0000000000
113303  -27.432  -63.001  12.337 0.8999999762
22529  -16.584  -63.130  17.471 1.0000000000
22538  -17.047  -62.772  16.728 1.0000000000
22544  -17.955  -62.650  15.510 1.0000000000
118964  -21.141  -61.895  14.086 1.0000000000
21792  -24.206  -63.337  12.643 1.0000000000
22572  -25.650  -62.725  12.399 1.0000000000
22573  -26.531  -62.900  12.351 1.0000000000
23419  -22.990  -61.750  12.848 1.0000000000
117286  -24.787  -61.637  12.408 1.0000000000
23431  -23.946  -61.723  12.571 1.0000000000
23418  -22.410  -60.954  13.075 1.0000000000
23430  -23.338  -60.832  12.699 1.0000000000
20784  -16.670  -63.143  26.735 0.6999999881
20039  -18.200  -62.336  21.932 0.8999999762
21651  -18.850  -61.439  21.738 0.8000000119
20850  -8.692  -63.727  21.367 0.8999999762
20826  -19.898  -61.499  21.556 0.8000000119
21681  -8.290  -63.138  20.898 0.8999999762
21682  -9.163  -63.173  21.044 0.8999999762
111189  -14.007  -62.912  20.853 1.0000000000
20828  -21.521  -62.705  21.119 0.6000000238
18529  -29.403  -67.325  16.847 0.6999999881
19348  -30.855  -66.358  16.739 0.6999999881
20150  -30.068  -65.745  14.857 0.8000000119
20943  -29.624  -64.407  14.274 0.8000000119
20149  -28.726  -65.459  14.179 0.8000000119
21778  -29.061  -63.931  13.579 0.8000000119
22494  -8.204  -62.474  20.380 0.8999999762
22515  -7.356  -62.976  18.112 0.8999999762
21667  -11.697  -63.363  20.858 1.0000000000
22498  -14.369  -62.246  20.470 1.0000000000
112057  -16.581  -62.316  17.965 1.0000000000
20098  -31.684  -65.381  17.856 0.6000000238
20962  -28.420  -64.568  13.221 0.8000000119
22507  -7.523  -62.869  19.210 0.8999999762
23323  -13.295  -61.639  20.519 1.0000000000
22510  -15.562  -62.221  19.497 1.0000000000
22519  -16.265  -62.940  18.335 1.0000000000
23393  -17.684  -61.590  15.915 1.0000000000
124838  -17.663  -60.483  16.493 1.0000000000
20984  -27.978  -64.369  12.798 0.8000000119
113936  -28.395  -62.923  12.512 0.8999999762
21741  -8.624  -63.227  16.444 0.5000000000
23381  -16.911  -62.323  17.335 1.0000000000
23382  -17.267  -61.706  16.781 1.0000000000
24173  -19.092  -60.015  15.191 1.0000000000
23407  -19.961  -61.249  14.438 1.0000000000
125571  -27.824  -62.405  12.243 0.8999999762
22539  -17.380  -62.397  16.124 1.0000000000
23394  -18.661  -62.079  15.052 1.0000000000
112062  -20.119  -60.662  14.418 1.0000000000
24928  -21.131  -59.055  13.609 1.0000000000
116054  -25.438  -61.932  12.316 1.0000000000
114859  -27.059  -62.284  12.266 0.8999999762
23409  -21.905  -61.058  13.562 1.0000000000
23433  -25.997  -61.529  12.200 1.0000000000
24187  -22.029  -60.248  13.506 1.0000000000
107108  -24.443  -60.967  12.414 1.0000000000
23432  -25.403  -61.058  12.225 1.0000000000
24213  -25.010  -60.288  12.238 1.0000000000
22495  -8.885  -62.528  20.601 0.8999999762
22480  -10.920  -63.062  20.710 0.8999999762
22497  -13.612  -62.218  20.652 1.0000000000
20118  -31.488  -65.240  17.048 0.6000000238
20137  -30.811  -65.202  15.296 0.8000000119
20926  -31.021  -64.385  14.950 0.8000000119
21752  -31.101  -63.436  14.807 0.8000000119
21683  -9.972  -62.629  20.541 0.8999999762
23311  -12.845  -62.176  20.631 1.0000000000
110009  -31.334  -63.866  15.455 0.6999999881
21765  -29.696  -63.597  14.212 0.8000000119
22565  -29.390  -63.230  13.768 0.8000000119
23318  -8.537  -61.779  20.204 0.8999999762
22496  -11.019  -62.225  20.394 0.8999999762
23310  -12.003  -62.061  20.509 0.8999999762
23344  -15.960  -61.697  19.054 1.0000000000
23345  -16.458  -61.582  18.360 1.0000000000
19298  -26.486  -66.833  18.373 0.6000000238
18509  -29.078  -67.666  17.647 0.5000000000
21777  -28.528  -63.799  12.843 0.8000000119
112489  -7.286  -62.127  18.844 0.8999999762
119192  -7.113  -62.364  17.861 0.8000000119
23331  -14.658  -61.531  20.159 1.0000000000
23332  -15.295  -61.449  19.679 1.0000000000
24171  -18.126  -60.752  15.729 1.0000000000
22574  -29.183  -62.219  12.651 0.8999999762
22508  -7.713  -62.019  19.825 0.8999999762
23374  -7.207  -61.717  16.442 0.5000000000
110320  -16.737  -60.768  18.087 1.0000000000
23364  -17.205  -60.682  17.351 1.0000000000
112655  -28.419  -62.116  12.274 0.8999999762
23395  -18.703  -61.010  15.111 1.0000000000
115577  -26.209  -62.164  12.285 1.0000000000
23434  -26.717  -61.579  12.144 0.8999999762
24938  -22.010  -59.529  13.270 1.0000000000
24199  -22.549  -60.121  13.002 1.0000000000
112940  -26.315  -60.910  12.044 0.8999999762
121443  -23.281  -59.966  12.698 1.0000000000
24212  -24.107  -60.180  12.453 1.0000000000
118360  -31.625  -63.976  16.834 0.6999999881
21753  -31.560  -63.023  15.663 0.6999999881
23319  -9.306  -61.473  20.131 0.8999999762
23324  -13.955  -61.511  20.455 1.0000000000
22557  -30.657  -62.689  14.565 0.8000000119
24109  -13.346  -60.838  20.334 1.0000000000
119432  -15.715  -60.893  19.254 1.0000000000
20910  -31.641  -64.545  17.292 0.6000000238
124733  -29.496  -62.605  13.228 0.8000000119
23343  -6.980  -61.591  18.236 0.8999999762
127631  -14.858  -61.032  19.950 1.0000000000
118979  -16.211  -60.846  18.721 1.0000000000
23437  -29.473  -61.344  12.672 0.8000000119
23329  -7.296  -61.276  19.195 0.8999999762
24886  -6.993  -59.954  18.882 0.8000000119
24147  -6.875  -61.100  17.557 0.6999999881
24154  -6.949  -60.646  16.913 0.6000000238
24918  -19.260  -59.120  14.982 1.0000000000
24184  -19.788  -59.937  14.659 1.0000000000
24186  -21.423  -60.427  13.891 1.0000000000
23321  -11.496  -61.642  20.317 0.8999999762
23347  -31.919  -61.546  18.357 0.6000000238
23365  -31.829  -61.561  16.829 0.6000000238
24175  -31.120  -60.509  15.771 0.6000000238
123903  -10.145  -61.689  20.198 0.8999999762
23320  -10.956  -61.508  20.187 0.8999999762
23322  -12.666  -61.475  20.442 0.8999999762
24127  -14.324  -60.711  20.135 1.0000000000
24140  -15.801  -59.991  18.961 1.0000000000
23397  -29.935  -61.356  14.632 0.6000000238
24105  -9.685  -60.928  19.930 0.8999999762
24106  -10.588  -60.910  20.034 0.8999999762
24108  -12.414  -60.793  20.236 0.8999999762
24128  -15.092  -60.482  19.621 1.0000000000
24150  -17.335  -59.778  17.071 1.0000000000
24898  -16.975  -59.023  16.967 1.0000000000
118832  -30.891  -61.935  14.713 0.6000000238
23396  -29.627  -61.597  14.290 0.6000000238
23410  -29.493  -62.142  13.863 0.6999999881
110820  -7.934  -61.127  19.695 0.8999999762
24122  -9.127  -60.289  19.612 0.8999999762
24107  -11.518  -60.941  20.136 0.8999999762
24125  -11.990  -60.180  19.919 0.8999999762
24892  -16.121  -59.364  18.166 1.0000000000
116935  -29.184  -60.569  12.273 0.8000000119
24875  -7.608  -59.777  19.194 0.8999999762
24124  -11.104  -60.251  19.722 0.8999999762
24881  -13.275  -59.215  19.686 0.8999999762
24149  -16.827  -59.760  17.700 1.0000000000
24906  -17.928  -58.722  16.115 1.0000000000
24917  -18.563  -59.101  15.634 1.0000000000
123153  -19.276  -58.565  14.577 1.0000000000
25707  -19.758  -58.225  13.972 1.0000000000
23435  -27.707  -61.627  12.050 0.8999999762
126308  -28.695  -60.617  11.993 0.8999999762
25673  -6.826  -58.842  17.887 0.6999999881
24902  -6.959  -59.747  16.896 0.6000000238
25654  -13.553  -58.528  19.132 0.8999999762
24897  -16.379  -58.861  17.404 1.0000000000
117854  -17.267  -58.502  16.397 1.0000000000
25688  -17.522  -58.260  15.945 1.0000000000
25696  -17.777  -58.268  15.502 1.0000000000
25697  -18.504  -58.444  15.107 1.0000000000
26495  -20.290  -57.782  13.320 1.0000000000
24950  -22.726  -59.236  12.796 1.0000000000
107532  -26.900  -60.184  11.793 0.8999999762
24214  -27.989  -60.622  11.828 0.8999999762
27437  -17.949  -57.543  13.703 1.0000000000
27438  -18.800  -57.441  13.417 1.0000000000
26509  -19.956  -57.452  13.213 1.0000000000
112690  -20.900  -57.671  13.036 1.0000000000
25719  -21.839  -58.797  12.981 1.0000000000
24951  -23.739  -59.381  12.499 1.0000000000
120283  -26.203  -59.544  11.939 0.8999999762
24954  -26.971  -59.371  11.731 0.8999999762
27436  -16.963  -57.278  13.052 1.0000000000
27439  -19.629  -57.241  13.096 1.0000000000
25732  -22.516  -58.291  12.662 1.0000000000
25733  -23.420  -58.577  12.502 1.0000000000
25734  -24.437  -58.727  12.352 1.0000000000
107537  -25.509  -58.922  12.171 0.8999999762
27440  -20.403  -56.986  12.822 1.0000000000
112898  -25.065  -58.011  12.343 1.0000000000
24142  -31.637  -60.254  18.770 0.3000000119
123760  -31.658  -59.679  17.986 0.4000000060
24899  -31.291  -59.168  17.151 0.5000000000
123363  -31.350  -59.893  19.431 0.3000000119
24909  -30.382  -60.038  15.846 0.5000000000
24188  -29.452  -60.822  14.658 0.6000000238
106815  -13.764  -59.898  20.024 1.0000000000
24882  -14.160  -59.081  19.473 0.8999999762
24891  -15.482  -59.054  18.575 1.0000000000
24123  -10.134  -60.265  19.587 0.8999999762
25668  -15.791  -58.691  17.795 1.0000000000
25678  -16.096  -58.407  17.079 1.0000000000
24201  -29.745  -60.205  13.304 0.6000000238
24216  -29.663  -60.479  12.745 0.6999999881
24121  -8.183  -60.361  19.541 0.8999999762
24887  -7.860  -59.213  19.018 0.8999999762
25653  -12.710  -58.724  19.176 0.8999999762
25666  -14.386  -58.286  18.402 1.0000000000
26468  -16.905  -57.961  16.089 1.0000000000
24215  -28.713  -59.966  11.880 0.8999999762
25652  -11.743  -59.017  19.153 0.8999999762
25687  -16.997  -58.120  16.231 1.0000000000
24955  -27.833  -59.602  11.718 0.8999999762
126279  -28.454  -59.415  11.800 0.8999999762
25685  -7.162  -58.738  16.849 0.6999999881
24913  -7.976  -59.060  15.734 0.6000000238
25704  -8.795  -58.633  13.906 0.6000000238
26488  -15.187  -57.556  14.967 1.0000000000
25735  -27.440  -58.750  11.785 0.8999999762
126585  -17.435  -56.716  12.264 1.0000000000
111308  -20.583  -57.262  12.907 1.0000000000
117867  -23.207  -57.894  12.444 1.0000000000
107536  -26.526  -58.767  11.902 0.8999999762
28401  -16.253  -55.415  11.701 0.8999999762
26510  -21.007  -57.060  12.813 1.0000000000
115379  -24.046  -57.918  12.370 1.0000000000
112815  -30.704  -58.225  17.816 0.3000000119
25682  -30.258  -58.714  16.932 0.4000000060
24919  -28.883  -60.140  15.241 0.5000000000
24878  -10.701  -59.466  19.234 0.8999999762
24190  -29.695  -59.765  13.701 0.5000000000
24889  -9.777  -58.852  18.834 0.8999999762
25663  -10.905  -58.548  18.708 0.8999999762
25686  -16.488  -58.162  16.521 1.0000000000
24956  -28.896  -59.195  12.023 0.8000000119
24957  -29.393  -59.703  12.391 0.6999999881
24888  -8.652  -58.989  18.956 0.8999999762
112148  -9.963  -58.269  18.408 0.8999999762
25664  -12.035  -58.263  18.636 0.8999999762
26439  -12.515  -57.728  18.178 0.8999999762
26441  -14.002  -57.886  18.045 1.0000000000
25677  -15.505  -58.365  17.456 1.0000000000
26466  -15.605  -57.946  16.670 1.0000000000
26489  -16.209  -57.608  14.934 1.0000000000
106825  -28.262  -58.878  11.825 0.8999999762
25674  -7.488  -57.950  17.678 0.6999999881
25694  -8.148  -58.188  15.627 0.6000000238
27420  -14.232  -57.154  15.124 1.0000000000
27435  -15.830  -57.095  13.312 1.0000000000
112897  -26.050  -58.031  12.184 0.8999999762
107280  -28.011  -57.955  12.018 0.8000000119
27458  -19.015  -56.861  12.716 1.0000000000
28373  -16.519  -56.467  12.018 1.0000000000
28402  -17.275  -55.868  11.588 1.0000000000
120683  -22.503  -57.434  12.487 1.0000000000
27463  -22.683  -56.501  12.260 1.0000000000
26526  -24.591  -57.074  12.338 0.8999999762
26528  -26.549  -57.262  12.306 0.8000000119
26455  -15.155  -58.075  17.235 1.0000000000
25737  -29.349  -58.785  12.504 0.6999999881
26438  -11.605  -57.762  18.124 0.8999999762
26451  -11.906  -57.281  17.689 0.8999999762
26440  -13.314  -57.799  18.151 0.8999999762
26476  -14.932  -57.636  15.973 1.0000000000
26467  -16.415  -57.984  16.369 1.0000000000
127323  -28.744  -57.660  12.404 0.6999999881
25736  -28.790  -58.401  12.214 0.6999999881
26449  -9.163  -57.065  17.391 0.8000000119
27398  -10.240  -56.845  17.209 0.8999999762
27409  -12.376  -56.485  16.267 0.8999999762
111129  -26.991  -57.980  12.016 0.8999999762
26529  -27.428  -57.182  12.287 0.6999999881
27396  -8.293  -56.853  16.524 0.6999999881
110900  -8.248  -57.581  15.365 0.6000000238
25729  -9.434  -58.102  12.432 0.6000000238
27454  -10.185  -56.469  12.388 0.5000000000
27434  -15.046  -56.855  13.465 1.0000000000
27455  -15.196  -56.437  12.852 1.0000000000
29407  -16.881  -54.781  11.227 0.8999999762
28372  -15.565  -55.958  12.138 0.8999999762
29384  -15.523  -54.837  12.229 0.8000000119
28375  -19.093  -56.095  12.038 1.0000000000
123074  -16.080  -54.507  11.754 0.8000000119
26465  -14.677  -57.620  16.882 1.0000000000
25662  -8.791  -58.256  18.359 0.8999999762
25675  -8.525  -57.578  17.734 0.8999999762
26464  -13.856  -57.201  17.015 1.0000000000
27401  -12.986  -57.043  17.036 0.8999999762
26475  -14.066  -57.154  16.137 1.0000000000
26477  -15.933  -57.767  15.825 1.0000000000
26505  -15.533  -57.312  14.105 1.0000000000
120310  -9.862  -56.162  16.567 0.8000000119
27419  -13.490  -56.589  15.327 0.8999999762
27465  -25.364  -56.398  12.383 0.6999999881
27405  -8.416  -56.449  16.062 0.6000000238
122130  -9.303  -56.498  16.856 0.8999999762
27426  -13.769  -56.334  14.492 0.8999999762
27427  -14.496  -56.912  14.073 1.0000000000
28354  -14.036  -56.052  13.824 0.8999999762
29383  -14.881  -55.329  12.857 0.8999999762
28378  -22.280  -55.678  12.073 0.8999999762
26474  -8.280  -56.819  15.477 0.6000000238
28370  -10.085  -55.356  12.780 0.6000000238
28353  -13.660  -55.315  14.201 0.8000000119
29373  -14.502  -54.555  13.348 0.8000000119
30330  -14.654  -52.889  13.226 0.8000000119
107136  -15.889  -53.129  12.166 0.8000000119
28404  -19.021  -55.203  11.480 1.0000000000
108876  -24.624  -56.224  12.309 0.6999999881
31205  -10.922  -52.651  13.685 0.6999999881
31201  -11.879  -52.599  14.117 0.6999999881
28405  -19.695  -54.832  11.404 0.8999999762
27464  -23.824  -56.405  12.245 0.8999999762
27399  -10.871  -56.449  16.779 0.8999999762
27400  -11.958  -56.865  16.999 0.8999999762
27408  -11.452  -56.120  16.293 0.8999999762
28332  -8.760  -55.845  15.584 0.8000000119
27407  -10.454  -55.777  16.146 0.8000000119
28336  -11.901  -55.687  15.707 0.8999999762
27418  -12.758  -56.088  15.523 0.8999999762
29372  -13.986  -54.436  13.854 0.8000000119
31234  -16.554  -52.846  11.414 0.8000000119
110133  -17.110  -53.849  10.805 0.8000000119
109699  -18.221  -53.887  10.580 0.8999999762
28379  -23.267  -55.647  12.171 0.8999999762
28381  -25.048  -55.499  12.339 0.6999999881
28342  -8.666  -55.716  15.021 0.6000000238
28333  -9.135  -55.513  15.606 0.8000000119
29349  -9.400  -54.899  15.280 0.8000000119
28359  -9.573  -54.737  13.458 0.6999999881
28352  -13.075  -54.964  14.666 0.8000000119
30321  -13.623  -53.502  14.098 0.8000000119
30322  -14.391  -53.667  13.514 0.8000000119
29410  -19.861  -54.264  11.127 0.8999999762
30314  -10.175  -52.916  14.063 0.6999999881
30316  -12.726  -53.395  14.468 0.8000000119
31208  -14.172  -52.220  13.572 0.8000000119
112245  -20.430  -54.109  11.259 0.8000000119
106792  -22.826  -54.816  11.973 0.8999999762
28346  -13.209  -55.741  14.850 0.8999999762
28344  -11.252  -54.864  15.335 0.8000000119
28345  -12.370  -55.144  15.072 0.8000000119
29356  -9.614  -53.993  15.007 0.8000000119
29358  -11.590  -54.191  14.942 0.8000000119
31966  -15.385  -51.712  12.543 0.8000000119
110187  -16.477  -52.017  11.668 0.8000000119
30358  -20.098  -53.720  10.906 0.8000000119
29357  -10.464  -53.856  15.022 0.8000000119
30315  -11.814  -53.477  14.550 0.6999999881
32808  -15.077  -50.758  12.576 0.8000000119
29386  -21.417  -54.516  11.643 0.8000000119
114869  -16.887  -52.129  10.993 0.6999999881
30376  -19.576  -53.331  10.450 0.5000000000
29364  -12.509  -54.263  14.687 0.8000000119
116933  -17.430  -53.009  10.451 0.8000000119
30375  -18.560  -53.329  10.226 0.6000000238
30307  -9.882  -53.319  14.480 0.6999999881
32810  -15.971  -50.716  12.087 0.6999999881
32809  -15.224  -50.053  12.247 0.6000000238
32830  -17.024  -50.588  10.867 0.6000000238
31254  -18.982  -52.893  9.976 0.5000000000
30377  -20.412  -53.187  10.748 0.6000000238
31990  -17.234  -51.440  10.633 0.5000000000
125377  -20.445  -52.394  10.151 0.5000000000
34622  -16.990  -48.803  10.733 0.5000000000
32008  -17.850  -51.752  9.838 0.5000000000
117544  -17.710  -49.072  10.014 0.4000000060
33723  -15.839  -49.664  11.814 0.6000000238
32847  -17.644  -50.757  10.030 0.5000000000
33760  -18.261  -49.807  9.631 0.4000000060
34636  -17.622  -48.212  10.277 0.3000000119
1070  -7.916  -93.329  11.326 0.6999999881
1768  -4.977  -91.033  12.209 0.8999999762
120461  -18.516  -93.855  5.554 0.5000000000
3000  -7.091  -88.347  14.528 1.0000000000
3001  -8.165  -88.431  14.210 1.0000000000
3080  -14.049  -88.370  9.679 1.0000000000
3649  -13.868  -87.052  8.693 1.0000000000
4254  -12.208  -86.423  7.074 0.8999999762
1289  -6.959  -93.322  23.169 0.6000000238
4105  -6.763  -86.682  18.921 1.0000000000
3174  -15.588  -88.255  1.479 0.8000000119
4691  -11.861  -84.890  18.835 1.0000000000
116683  -6.236  -89.139  22.272 0.8999999762
116758  -14.040  -86.172  2.238 0.8000000119
5292  -13.289  -84.374  18.090 1.0000000000
5364  -16.939  -84.733  11.098 1.0000000000
110941  -13.953  -82.684  4.214 0.8999999762
5282  -13.126  -84.204  19.552 1.0000000000
3471  -6.557  -87.404  22.563 1.0000000000
6534  -18.422  -82.591  15.034 1.0000000000
6558  -20.034  -82.814  11.837 1.0000000000
5935  -13.179  -83.962  13.778 1.0000000000
116416  -18.968  -81.776  7.675 1.0000000000
7169  -21.324  -81.768  12.615 1.0000000000
5837  -14.298  -83.441  22.327 1.0000000000
5225  -6.247  -84.642  24.187 1.0000000000
122496  -17.550  -81.545  19.679 1.0000000000
7795  -17.038  -80.379  14.106 1.0000000000
9368  -18.210  -78.941  13.581 1.0000000000
6523  -12.759  -82.615  16.630 1.0000000000
7140  -15.421  -81.115  15.824 1.0000000000
7125  -13.875  -81.592  16.796 1.0000000000
8503  -20.393  -79.858  17.612 1.0000000000
7785  -16.411  -80.275  15.120 1.0000000000
9352  -17.704  -78.638  14.133 1.0000000000
10118  -20.881  -77.315  15.543 1.0000000000
6418  -8.499  -82.642  24.810 1.0000000000
109900  -13.951  -78.965  17.488 1.0000000000
7703  -13.198  -80.341  22.476 1.0000000000
10989  -14.826  -76.674  19.541 1.0000000000
8486  -11.796  -78.957  19.126 1.0000000000
8488  -13.070  -79.714  18.348 1.0000000000
9281  -13.341  -78.749  17.979 1.0000000000
9314  -14.112  -77.748  16.758 1.0000000000
10030  -13.315  -77.543  20.939 1.0000000000
7657  -10.246  -80.682  26.364 1.0000000000
7671  -10.817  -80.702  25.686 1.0000000000
8447  -13.054  -79.550  21.828 1.0000000000
12705  -16.912  -74.486  15.854 1.0000000000
9295  -13.277  -77.774  17.686 1.0000000000
11034  -14.274  -76.153  16.152 1.0000000000
11888  -15.780  -75.649  15.599 1.0000000000
10902  -11.244  -77.028  23.855 1.0000000000
118042  -17.203  -75.497  23.315 1.0000000000
8499  -7.178  -79.270  18.020 0.6000000238
9220  -7.737  -78.081  23.258 1.0000000000
12547  -7.392  -74.928  26.742 0.8000000119
11712  -8.480  -75.213  26.113 0.8000000119
15892  -16.616  -70.898  22.082 1.0000000000
15081  -19.282  -71.283  22.977 1.0000000000
15850  -10.963  -70.281  24.702 1.0000000000
116265  -19.212  -70.370  21.782 1.0000000000
15917  -18.826  -70.039  21.170 1.0000000000
12609  -7.544  -75.056  22.781 1.0000000000
13369  -7.371  -73.694  27.726 0.6999999881
123793  -17.009  -71.690  26.533 1.0000000000
15073  -8.815  -71.331  21.989 0.8000000119
15003  -11.036  -71.327  27.423 0.8000000119
16704  -7.337  -69.358  21.928 0.8999999762
15804  -15.614  -70.386  27.445 0.8999999762
16630  -16.763  -69.599  26.744 1.0000000000
16616  -15.928  -69.415  27.217 0.8999999762
20135  -19.448  -65.785  15.186 1.0000000000
116625  -20.724  -66.779  21.655 1.0000000000
20939  -20.152  -64.524  14.598 1.0000000000
124374  -22.521  -63.840  13.906 1.0000000000
18504  -23.846  -67.468  17.662 0.8000000119
20049  -8.867  -64.687  22.139 0.8999999762
21763  -21.339  -63.441  14.256 1.0000000000
21776  -23.950  -64.190  12.863 1.0000000000
19245  -19.686  -65.727  22.313 1.0000000000
17642  -26.889  -68.548  16.713 0.8000000119
20836  -11.825  -64.093  21.176 1.0000000000
21745  -17.328  -63.276  16.119 1.0000000000
22553  -20.685  -62.713  14.313 1.0000000000
19200  -17.363  -65.743  24.851 0.8999999762
20013  -17.266  -64.270  24.538 0.8000000119
20825  -18.734  -61.902  21.274 0.8999999762
19297  -26.174  -65.908  18.272 0.6999999881
23408  -20.754  -61.077  14.162 1.0000000000
19991  -15.999  -64.330  26.736 0.6999999881
20080  -25.976  -65.489  18.384 0.6000000238
108880  -19.466  -60.789  14.723 1.0000000000
24929  -21.627  -59.652  13.612 1.0000000000
23436  -28.729  -61.314  12.190 0.8999999762
24927  -20.223  -59.096  14.197 1.0000000000
22540  -31.782  -62.230  16.276 0.6000000238
22512  -32.136  -62.294  18.740 0.4000000060
22546  -31.231  -62.596  14.979 0.6999999881
22556  -29.730  -62.820  14.201 0.8000000119
23330  -8.761  -60.973  19.912 0.8999999762
23420  -29.703  -62.001  12.990 0.8000000119
126773  -17.998  -58.425  15.682 1.0000000000
26494  -19.405  -57.816  13.748 1.0000000000
24893  -31.541  -59.472  18.739 0.5000000000
24200  -29.641  -61.247  13.602 0.6000000238
24883  -15.007  -59.478  19.285 1.0000000000
115197  -7.616  -57.892  16.633 0.6000000238
26492  -17.990  -58.083  14.669 1.0000000000
26507  -18.431  -57.809  14.048 1.0000000000
111662  -31.653  -59.956  17.197 0.5000000000
25657  -31.345  -58.857  19.260 0.3000000119
26491  -17.426  -57.886  15.058 1.0000000000
27460  -20.621  -56.351  12.424 1.0000000000
26524  -21.135  -56.445  12.544 1.0000000000
25720  -29.917  -58.216  13.529 0.4000000060
117993  -29.311  -57.943  12.644 0.6000000238
127902  -11.221  -56.976  17.273 0.8999999762
26452  -12.768  -57.339  17.710 1.0000000000
125754  -14.811  -53.501  13.085 0.8000000119
121526  -19.968  -55.647  11.927 1.0000000000
127464  -17.569  -55.199  11.324 0.8999999762
31958  -13.798  -51.271  13.618 0.6999999881
27466  -26.231  -56.523  12.409 0.8000000119
26511  -28.319  -57.017  12.422 0.6000000238
29385  -20.835  -54.762  11.618 0.8999999762
30319  -10.225  -53.248  13.347 0.6999999881
31965  -14.645  -51.257  13.013 0.8000000119
29365  -13.322  -54.316  14.351 0.8000000119
29390  -25.033  -54.574  12.265 0.6999999881
30359  -20.716  -53.558  11.141 0.6000000238
29387  -22.234  -54.201  11.728 0.6999999881
29389  -24.309  -54.301  12.097 0.6999999881
33759  -17.392  -49.801  10.381 0.6000000238
113897  -7.443  -94.263  11.506 0.6999999881
1075  -7.400  -93.978  10.862 0.8000000119
774  -6.496  -94.954  10.916 0.8000000119
114190  -5.524  -96.015  10.172 0.8000000119
271  -6.484  -96.260  8.921 0.8000000119
272  -7.127  -96.235  8.737 0.8000000119
107911  -9.036  -95.638  9.737 0.8000000119
529  -11.974  -95.071  9.002 0.6000000238
1696  -6.808  -93.225  19.179 0.8000000119
11814  -7.481  -75.085  20.523 0.6000000238
11001  -7.586  -76.734  18.988 0.6999999881
108010  -8.469  -70.603  21.925 0.8000000119
16706  -9.174  -70.216  21.237 0.5000000000
17570  -7.769  -69.149  21.237 0.8000000119
16705  -8.064  -69.835  21.656 0.8000000119
18454  -7.665  -67.714  20.029 0.8000000119
18463  -7.413  -67.323  19.173 0.8000000119
122659  -6.447  -66.331  18.735 0.8000000119
18495  -7.841  -66.889  18.300 0.6999999881
18349  -13.620  -66.317  28.690 0.6999999881
20074  -6.976  -65.509  18.876 0.8000000119
20906  -8.233  -65.219  17.432 0.6000000238
20114  -9.105  -65.247  17.579 0.5000000000
124762  -21.374  -62.252  19.033 0.8999999762
21729  -7.795  -64.388  16.761 0.6000000238
117796  -8.350  -64.054  16.582 0.5000000000
19174  -14.935  -65.268  27.559 0.6999999881
20890  -22.577  -62.994  18.565 0.8000000119
111776  -26.401  -66.735  18.255 0.6999999881
22534  -7.847  -62.577  16.124 0.5000000000
24896  -6.777  -59.934  18.008 0.6999999881
24924  -8.753  -59.105  14.296 0.6000000238
113563  -17.346  -57.591  14.266 1.0000000000
24939  -29.888  -58.954  13.744 0.4000000060
27461  -20.976  -56.096  12.352 1.0000000000
26503  -9.065  -57.389  13.429 0.6000000238
31952  -12.192  -51.616  13.849 0.6999999881
28351  -8.966  -55.047  14.607 0.6000000238
27433  -9.144  -56.312  13.539 0.6000000238
106553  -26.909  -55.842  12.478 0.6000000238
126843  -27.688  -55.636  12.508 0.6000000238
29362  -9.274  -54.465  14.745 0.6999999881
29371  -9.621  -53.741  13.770 0.6999999881
30313  -9.794  -53.104  13.965 0.6999999881
112830  -24.918  -53.792  12.143 0.6000000238
116369  -26.408  -54.978  12.486 0.6000000238
29363  -9.547  -53.717  14.352 0.6999999881
111228  -14.760  -49.140  12.265 0.5000000000
29413  -22.224  -53.391  11.598 0.6000000238
112140  -24.144  -53.593  11.924 0.6000000238
125626  -15.237  -48.685  11.938 0.5000000000
32850  -20.345  -51.085  9.507 0.5000000000
125127  -7.520  -76.161  19.645 0.6999999881
34597  -14.201  -48.011  12.127 0.5000000000
795  -7.063  -95.231  8.212 0.8999999762
525  -8.307  -95.857  8.960 0.8000000119
526  -9.427  -95.412  9.061 0.8000000119
107158  -9.882  -95.349  10.030 0.8000000119
544  -10.645  -94.971  7.777 0.8000000119
124068  -10.669  -95.204  9.952 0.6999999881
528  -11.189  -95.069  9.510 0.6999999881
810  -9.348  -95.183  6.964 0.8000000119
809  -8.530  -95.118  6.973 0.8999999762
811  -10.226  -95.031  7.135 0.8000000119
113773  -12.245  -94.466  7.688 0.8000000119
813  -12.929  -94.388  7.828 0.8000000119
1111  -10.977  -93.234  6.632 0.8999999762
773  -6.005  -95.703  11.149 0.8000000119
1082  -13.400  -94.490  9.341 0.6000000238
798  -13.777  -94.442  8.327 0.6999999881
788  -12.830  -94.809  9.188 0.6000000238
105747  -15.272  -93.534  8.209 0.6999999881
1785  -14.122  -92.377  9.438 0.5000000000
105787  -15.050  -92.425  7.352 0.6999999881
1439  -14.052  -91.740  6.231 0.8000000119
1770  -6.489  -91.784  11.869 0.8999999762
1744  -6.813  -91.820  14.350 0.8000000119
1410  -4.930  -92.164  9.780 1.0000000000
1415  -5.205  -92.454  8.815 1.0000000000
787  -11.798  -94.609  9.897 0.6000000238
105722  -15.440  -92.509  8.204 0.6999999881
105742  -14.310  -90.721  8.365 0.6999999881
1436  -10.204  -92.245  6.300 1.0000000000
114258  -11.622  -91.215  5.723 1.0000000000
1816  -14.632  -91.087  6.651 0.8000000119
2198  -13.656  -90.163  7.621 0.8000000119
1339  -6.661  -93.040  18.457 0.8000000119
2065  -7.400  -92.400  19.518 0.6000000238
113610  -7.978  -91.070  18.149 0.6999999881
2089  -7.400  -92.078  17.916 0.8999999762
1414  -4.685  -92.058  8.006 1.0000000000
1423  -6.425  -93.005  6.769 1.0000000000
105560  -15.995  -90.384  8.833 0.6000000238
1112  -11.968  -92.989  6.634 0.8000000119
3118  -15.497  -88.500  6.672 0.8000000119
1777  -4.700  -91.447  10.470 1.0000000000
518  -5.431  -96.025  9.536 0.8000000119
2196  -10.691  -90.686  6.075 1.0000000000
121662  -14.008  -89.208  6.836 0.8999999762
3119  -16.628  -88.456  6.886 0.6999999881
124193  -18.371  -88.007  5.363 0.8000000119
3682  -18.251  -87.812  4.891 0.8000000119
1360  -6.062  -93.110  17.015 0.8999999762
1328  -6.331  -93.378  18.875 0.8999999762
110416  -4.880  -91.701  15.715 0.8999999762
1720  -6.013  -92.812  16.211 0.8999999762
2156  -4.968  -90.609  10.839 1.0000000000
2579  -5.318  -90.062  11.411 1.0000000000
124181  -5.683  -89.872  11.292 1.0000000000
2561  -5.293  -89.948  12.148 1.0000000000
2168  -4.635  -90.820  9.934 1.0000000000
2144  -5.024  -90.531  12.726 0.8999999762
2180  -4.970  -90.830  9.107 1.0000000000
2533  -4.932  -90.037  14.331 0.8999999762
2187  -6.229  -91.167  7.808 1.0000000000
1802  -6.543  -92.082  6.447 1.0000000000
2183  -9.032  -90.554  9.535 1.0000000000
1803  -7.701  -91.900  6.784 1.0000000000
1789  -8.633  -90.884  8.708 1.0000000000
3125  -5.396  -89.418  5.876 0.6000000238
3091  -5.491  -88.251  7.647 0.5000000000
3105  -8.293  -88.301  7.702 0.6999999881
3113  -8.003  -88.657  6.354 0.6999999881
1805  -9.450  -91.242  6.880 1.0000000000
2636  -6.908  -89.804  4.997 0.8000000119
3127  -8.266  -88.386  5.438 0.8000000119
3692  -8.311  -87.667  4.115 0.8000000119
3146  -7.456  -89.039  3.191 0.8000000119
4873  -9.443  -85.578  4.169 0.8999999762
3742  -8.305  -87.248  1.464 0.6999999881
105762  -18.745  -89.817  4.805 0.6999999881
105948  -17.682  -93.434  6.027 0.6000000238
3140  -18.530  -88.663  4.220 0.8000000119
3713  -18.216  -88.121  3.704 0.8000000119
3711  -16.722  -87.954  3.332 0.8000000119
1683  -7.050  -93.469  20.766 0.6999999881
1695  -6.422  -93.199  19.291 0.8999999762
119591  -5.552  -92.153  18.878 0.8999999762
1733  -6.449  -92.235  15.483 0.8999999762
2565  -9.623  -89.155  12.643 1.0000000000
106204  -4.813  -90.259  17.008 0.8999999762
2511  -4.971  -89.492  16.316 0.8999999762
3094  -10.341  -88.888  7.991 1.0000000000
3128  -11.449  -87.604  6.285 0.8999999762
3129  -11.957  -87.797  5.993 0.8999999762
2624  -11.654  -89.036  6.786 1.0000000000
110331  -5.063  -89.603  5.006 0.6000000238
2630  -5.406  -89.981  4.308 0.6999999881
2654  -5.680  -89.425  3.404 0.8000000119
4305  -5.355  -87.195  3.487 0.5000000000
109114  -4.879  -88.796  4.085 0.5000000000
3155  -5.734  -88.803  2.801 0.5000000000
3156  -6.585  -88.784  2.565 0.6000000238
4335  -9.496  -86.280  1.166 0.8000000119
3197  -18.684  -88.269  1.327 0.8000000119
119319  -17.848  -87.533  1.156 0.8000000119
3176  -18.556  -88.392  1.881 0.8000000119
1838  -16.857  -91.909  3.132 0.6999999881
2219  -17.575  -91.230  2.251 0.6999999881
110184  -18.461  -89.551  1.743 0.6999999881
2230  -17.973  -90.564  1.398 0.6000000238
1306  -7.012  -93.646  21.559 0.8000000119
110553  -6.807  -93.123  19.881 0.8000000119
2534  -5.428  -89.173  13.842 0.8999999762
3016  -6.086  -88.710  13.564 1.0000000000
2546  -7.837  -89.085  13.063 1.0000000000
2985  -5.341  -88.762  15.648 1.0000000000
2184  -10.391  -90.267  9.508 1.0000000000
3077  -11.345  -88.584  9.054 1.0000000000
3095  -10.741  -88.309  8.232 1.0000000000
3676  -12.316  -87.334  5.334 0.8999999762
3169  -7.104  -88.094  1.978 0.5000000000
3773  -6.930  -86.423  0.489 0.5000000000
3759  -6.994  -87.183  0.738 0.5000000000
3760  -7.741  -87.169  0.740 0.6000000238
3762  -9.549  -86.398  0.814 0.6999999881
4336  -10.227  -86.521  1.002 0.6999999881
117628  -10.806  -86.402  1.271 0.6999999881
1836  -16.581  -92.664  2.850 0.5000000000
3727  -16.438  -88.083  2.521 0.8000000119
3018  -8.278  -88.706  13.583 1.0000000000
3031  -10.565  -88.939  12.913 1.0000000000
4883  -9.468  -85.257  3.455 0.8999999762
3761  -8.342  -86.652  0.507 0.5000000000
3784  -8.883  -86.493  -0.834 0.5000000000
119508  -10.865  -86.888  0.886 0.6999999881
3764  -11.432  -87.801  0.237 0.6999999881
3785  -9.738  -85.803  -0.643 0.5000000000
2683  -18.793  -88.815  0.869 0.6999999881
3002  -9.915  -88.031  14.421 1.0000000000
127909  -11.809  -88.280  13.164 1.0000000000
3079  -13.740  -88.652  9.544 1.0000000000
3097  -13.197  -88.152  8.808 0.8999999762
107201  -5.815  -92.688  22.003 0.8000000119
4687  -8.276  -85.745  19.573 1.0000000000
4690  -11.049  -85.263  19.372 1.0000000000
2461  -5.799  -90.406  20.747 0.8999999762
4704  -10.927  -85.891  17.863 1.0000000000
116304  -9.106  -86.335  18.414 1.0000000000
2972  -5.459  -88.486  16.498 1.0000000000
3546  -7.754  -87.800  15.827 1.0000000000
3547  -8.718  -87.629  15.751 1.0000000000
4796  -15.849  -85.598  10.597 1.0000000000
3619  -8.787  -87.511  10.426 0.6999999881
4224  -9.146  -87.264  9.666 0.6999999881
4782  -10.803  -86.400  11.538 0.6999999881
4223  -9.099  -87.133  8.960 0.6999999881
6616  -12.539  -82.178  6.228 0.8999999762
7251  -12.583  -81.418  5.037 0.8999999762
4171  -5.649  -86.864  12.976 0.6999999881
111376  -10.236  -84.281  4.742 0.8999999762
122332  -10.406  -83.926  3.604 0.8999999762
6058  -10.849  -83.506  2.993 0.8999999762
4338  -12.912  -86.442  1.715 0.8000000119
3191  -14.211  -89.084  0.943 0.8000000119
2238  -12.192  -91.031  0.788 0.6000000238
3766  -17.149  -87.616  0.937 0.6999999881
2250  -12.427  -90.296  -0.129 0.5000000000
1483  -13.308  -92.455  0.906 0.6999999881
2680  -14.461  -90.233  0.765 0.6999999881
3215  -11.811  -88.889  -0.916 0.5000000000
3205  -15.522  -88.951  -0.081 0.6000000238
3194  -17.057  -88.143  0.139 0.6000000238
2692  -18.542  -89.206  -0.564 0.4000000060
1643  -6.209  -92.098  24.261 0.8000000119
2038  -5.817  -91.800  22.725 0.8000000119
2912  -6.081  -88.587  21.579 0.8999999762
3488  -5.802  -87.382  20.651 1.0000000000
107245  -5.424  -88.573  19.761 0.8999999762
113419  -7.842  -87.431  17.117 1.0000000000
3520  -9.990  -86.776  16.762 1.0000000000
3568  -12.993  -86.825  13.994 1.0000000000
4191  -14.853  -85.663  12.375 1.0000000000
4850  -14.577  -85.394  6.561 0.8999999762
7268  -13.539  -81.275  4.436 0.8999999762
2013  -6.354  -91.205  25.570 0.6000000238
108387  -6.010  -90.534  23.280 0.8000000119
5268  -7.915  -85.069  20.842 1.0000000000
5315  -13.636  -84.695  16.662 1.0000000000
5317  -15.230  -84.006  16.190 1.0000000000
5347  -16.821  -84.073  13.419 1.0000000000
5337  -15.800  -84.269  14.590 1.0000000000
4141  -11.090  -86.882  15.865 1.0000000000
4142  -11.841  -86.716  15.586 1.0000000000
4758  -14.676  -85.545  13.272 1.0000000000
121674  -14.866  -85.184  13.880 1.0000000000
4808  -17.728  -85.772  9.667 1.0000000000
106272  -15.393  -83.625  18.888 1.0000000000
5912  -15.663  -83.590  16.602 1.0000000000
106612  -16.188  -83.827  14.913 1.0000000000
5938  -17.521  -83.528  13.821 1.0000000000
116962  -18.482  -83.583  11.774 1.0000000000
108410  -16.207  -84.586  12.954 1.0000000000
7200  -14.952  -81.182  8.218 1.0000000000
4158  -6.768  -86.573  14.879 0.6999999881
6533  -17.807  -82.551  15.738 1.0000000000
113033  -19.701  -82.441  13.753 1.0000000000
8593  -17.183  -79.613  8.881 1.0000000000
6603  -18.640  -82.372  7.478 1.0000000000
7868  -17.443  -79.535  7.182 1.0000000000
7234  -16.801  -80.751  6.171 1.0000000000
2857  -6.554  -88.638  26.283 0.6000000238
4653  -6.241  -85.025  22.493 1.0000000000
6549  -15.137  -82.519  13.472 1.0000000000
105805  -12.437  -84.748  13.035 1.0000000000
114611  -6.258  -88.366  28.184 0.5000000000
4045  -6.783  -86.134  24.093 1.0000000000
5235  -7.922  -83.959  22.334 1.0000000000
6505  -16.787  -82.912  18.973 1.0000000000
7786  -21.314  -80.643  16.248 1.0000000000
7155  -22.187  -80.597  13.914 1.0000000000
7809  -22.651  -79.608  13.339 1.0000000000
7170  -22.244  -81.106  12.218 1.0000000000
8567  -17.887  -79.726  12.352 1.0000000000
9389  -21.522  -77.984  11.937 1.0000000000
112857  -22.621  -78.685  12.982 1.0000000000
105155  -22.252  -79.173  10.469 1.0000000000
7825  -23.169  -79.793  11.231 1.0000000000
8584  -21.139  -79.047  10.293 1.0000000000
105159  -21.616  -81.848  10.098 1.0000000000
7202  -20.049  -81.464  8.650 1.0000000000
5343  -11.806  -84.861  13.852 1.0000000000
3413  -6.528  -87.565  27.514 0.6000000238
3414  -7.154  -86.940  26.918 0.6000000238
5831  -8.690  -83.677  22.927 1.0000000000
5830  -7.817  -83.860  23.128 1.0000000000
8575  -17.974  -79.567  11.026 1.0000000000
8583  -20.073  -78.854  10.285 1.0000000000
4025  -6.830  -86.692  27.765 0.6000000238
5815  -8.563  -83.565  23.734 1.0000000000
5211  -7.303  -84.845  25.933 0.8000000119
9355  -21.968  -78.512  14.661 1.0000000000
111811  -20.561  -78.135  12.523 1.0000000000
115231  -21.518  -77.969  13.576 1.0000000000
9370  -20.109  -78.045  13.224 1.0000000000
5819  -12.149  -83.251  23.823 1.0000000000
8519  -21.031  -79.383  17.073 1.0000000000
8520  -21.686  -79.036  16.376 1.0000000000
10133  -21.053  -77.427  14.778 1.0000000000
10132  -20.203  -77.289  14.691 1.0000000000
9318  -21.412  -77.933  16.104 1.0000000000
8540  -16.928  -80.044  14.621 1.0000000000
8518  -15.479  -79.647  16.017 1.0000000000
5204  -7.682  -84.656  26.848 0.8000000119
6434  -9.714  -82.864  24.144 1.0000000000
5798  -6.952  -83.792  25.323 1.0000000000
6432  -8.407  -83.314  24.451 1.0000000000
7744  -16.563  -80.167  20.231 1.0000000000
6416  -7.186  -83.099  25.444 1.0000000000
111097  -6.914  -82.374  25.982 1.0000000000
7025  -7.977  -81.916  25.226 1.0000000000
7030  -11.994  -81.072  24.191 1.0000000000
8477  -17.239  -80.221  19.797 1.0000000000
7127  -14.994  -80.855  16.456 1.0000000000
114055  -20.234  -77.842  17.127 1.0000000000
11875  -18.081  -75.933  16.441 1.0000000000
10031  -13.870  -76.855  20.377 1.0000000000
7690  -11.343  -80.141  24.131 1.0000000000
107833  -15.750  -79.754  20.407 1.0000000000
8475  -15.990  -79.261  19.895 1.0000000000
9270  -15.409  -78.481  19.472 1.0000000000
9258  -14.097  -78.709  20.004 1.0000000000
114247  -16.711  -78.134  18.783 1.0000000000
8487  -12.282  -79.776  18.872 1.0000000000
7742  -11.239  -80.620  19.820 1.0000000000
7080  -10.412  -81.334  20.458 1.0000000000
10029  -12.733  -77.726  21.601 1.0000000000
7718  -13.832  -80.264  21.923 1.0000000000
8423  -11.888  -79.286  22.750 1.0000000000
14258  -10.148  -72.159  24.879 1.0000000000
13461  -10.053  -73.893  23.876 1.0000000000
10990  -15.257  -76.123  19.621 1.0000000000
10028  -10.441  -77.711  21.006 1.0000000000
9267  -10.954  -78.243  20.033 1.0000000000
9296  -13.782  -78.225  17.335 1.0000000000
8461  -11.002  -79.855  20.266 1.0000000000
11735  -9.973  -76.156  25.410 1.0000000000
11817  -16.405  -76.052  21.116 1.0000000000
11830  -15.888  -75.559  20.072 1.0000000000
11831  -16.191  -75.116  19.357 1.0000000000
11815  -10.829  -75.748  20.937 1.0000000000
12666  -12.128  -74.692  19.447 1.0000000000
14321  -13.162  -72.596  19.989 1.0000000000
108839  -12.556  -78.877  18.614 1.0000000000
9279  -11.996  -78.127  18.821 1.0000000000
7717  -9.862  -80.432  21.368 1.0000000000
7761  -6.831  -80.239  18.108 0.6000000238
120997  -6.816  -78.514  30.133 0.5000000000
116876  -6.455  -78.708  28.642 0.6999999881
8413  -10.355  -79.141  24.843 1.0000000000
15030  -9.660  -71.169  26.128 1.0000000000
14238  -8.987  -72.041  25.519 1.0000000000
14286  -11.457  -71.826  22.130 1.0000000000
12667  -16.771  -74.280  19.503 1.0000000000
14322  -13.782  -72.298  19.671 1.0000000000
13520  -13.514  -72.970  19.373 1.0000000000
14339  -15.455  -72.513  17.714 1.0000000000
13546  -15.556  -73.242  16.753 1.0000000000
9230  -8.604  -79.010  22.700 1.0000000000
111368  -8.175  -79.276  22.468 1.0000000000
9963  -7.994  -76.848  25.806 1.0000000000
9180  -6.590  -78.694  27.802 0.8000000119
9199  -8.668  -78.685  25.976 1.0000000000
11780  -16.886  -75.963  23.860 1.0000000000
13422  -9.973  -72.170  24.730 1.0000000000
12638  -17.391  -73.920  21.153 1.0000000000
13530  -14.168  -72.786  18.846 1.0000000000
14332  -14.921  -71.958  18.529 1.0000000000
13521  -16.947  -73.248  19.201 1.0000000000
12546  -6.808  -75.224  26.992 0.8000000119
110582  -6.815  -77.011  26.595 0.8999999762
10884  -16.152  -76.469  25.205 1.0000000000
15889  -13.162  -70.432  22.928 1.0000000000
13421  -10.212  -72.297  24.146 1.0000000000
127090  -13.773  -71.469  24.376 1.0000000000
119373  -17.189  -73.018  22.166 1.0000000000
13494  -17.216  -73.259  21.736 1.0000000000
15078  -15.469  -71.179  22.127 1.0000000000
15119  -14.726  -71.712  19.900 1.0000000000
10026  -6.744  -77.738  20.938 0.8999999762
121200  -15.515  -75.516  26.183 1.0000000000
12555  -15.048  -74.898  26.524 1.0000000000
15891  -15.222  -70.579  22.410 1.0000000000
13443  -8.619  -74.109  23.355 1.0000000000
14288  -16.290  -71.680  22.125 1.0000000000
15893  -17.791  -71.160  22.056 1.0000000000
15077  -14.775  -70.829  22.262 1.0000000000
16709  -17.951  -70.040  21.232 1.0000000000
16708  -17.212  -69.754  21.480 1.0000000000
119496  -6.877  -75.695  24.382 1.0000000000
10915  -6.486  -76.771  24.096 1.0000000000
13402  -16.070  -73.498  26.520 1.0000000000
13425  -18.152  -73.321  25.387 1.0000000000
14216  -14.607  -72.968  27.128 1.0000000000
16683  -14.622  -69.729  23.327 1.0000000000
12596  -7.859  -75.247  23.238 1.0000000000
10954  -7.232  -76.181  21.099 1.0000000000
12532  -7.676  -74.205  27.162 0.6999999881
13403  -16.847  -73.140  26.308 1.0000000000
14240  -18.065  -72.780  25.846 1.0000000000
14260  -19.162  -72.157  24.268 1.0000000000
17572  -16.262  -68.897  21.488 1.0000000000
15873  -7.968  -70.709  23.292 1.0000000000
15894  -18.815  -71.027  22.192 1.0000000000
13460  -8.495  -73.233  22.710 1.0000000000
13473  -7.618  -74.029  22.454 1.0000000000
12620  -7.113  -74.641  22.280 1.0000000000
11791  -6.922  -75.038  22.162 1.0000000000
14210  -7.854  -72.864  27.758 0.6999999881
118106  -14.136  -72.259  27.493 1.0000000000
17528  -7.615  -68.867  24.454 0.8999999762
15855  -19.571  -70.822  24.468 1.0000000000
15896  -20.041  -70.014  22.642 1.0000000000
18446  -15.579  -67.738  21.018 1.0000000000
16724  -18.427  -69.731  20.525 1.0000000000
18524  -19.467  -67.350  16.464 1.0000000000
17615  -16.861  -68.234  18.987 1.0000000000
18481  -17.083  -67.859  18.237 1.0000000000
19321  -18.101  -66.765  16.757 1.0000000000
16666  -19.668  -69.958  24.309 1.0000000000
18559  -21.858  -67.340  14.853 1.0000000000
19361  -20.304  -66.717  15.313 1.0000000000
121353  -22.018  -66.072  14.452 1.0000000000
108587  -11.891  -69.364  28.983 0.6000000238
18418  -9.991  -67.096  23.963 0.8999999762
16665  -18.957  -69.266  24.619 1.0000000000
16698  -20.241  -69.386  22.718 1.0000000000
17579  -7.663  -68.469  20.703 0.8000000119
18526  -21.536  -68.174  16.276 1.0000000000
18503  -21.956  -67.940  17.494 1.0000000000
18560  -22.708  -67.521  14.654 1.0000000000
19319  -16.823  -66.535  17.518 1.0000000000
19343  -17.773  -65.908  16.447 1.0000000000
20145  -21.248  -65.608  14.508 1.0000000000
19217  -9.461  -66.619  23.624 0.8999999762
19216  -8.503  -66.460  23.656 0.8999999762
18434  -7.136  -67.498  22.245 0.8999999762
19250  -7.302  -66.758  21.613 0.8999999762
19261  -7.449  -67.069  20.563 0.8000000119
115006  -7.686  -66.380  20.205 0.8999999762
17638  -22.931  -68.637  16.039 1.0000000000
20062  -7.839  -65.534  19.987 0.8999999762
16760  -25.035  -69.367  15.767 0.8999999762
20064  -15.113  -65.432  20.760 1.0000000000
17637  -22.214  -68.296  15.767 1.0000000000
121139  -23.101  -68.178  14.921 1.0000000000
19378  -25.432  -68.092  13.888 1.0000000000
117421  -24.096  -67.080  13.875 1.0000000000
19395  -23.756  -66.038  13.692 1.0000000000
118256  -22.302  -61.777  13.305 1.0000000000
18388  -16.927  -67.383  26.081 0.8999999762
19236  -7.873  -65.823  23.110 0.8999999762
19235  -7.370  -66.427  22.503 0.8999999762
19239  -11.399  -66.647  22.605 1.0000000000
19294  -22.290  -65.390  18.591 1.0000000000
122114  -7.585  -66.265  21.102 0.8999999762
19262  -7.852  -65.547  21.083 0.8999999762
20063  -8.027  -64.741  21.135 0.8999999762
123484  -8.760  -67.919  19.240 0.6000000238
20051  -11.608  -65.188  21.724 1.0000000000
19286  -8.499  -66.939  18.379 0.6000000238
20864  -21.951  -62.535  18.721 0.8999999762
20066  -20.887  -63.047  19.359 1.0000000000
20162  -25.359  -66.116  12.853 1.0000000000
20960  -26.885  -65.216  12.693 0.8999999762
20133  -17.756  -64.926  16.011 1.0000000000
18405  -17.923  -66.973  24.942 1.0000000000
19990  -15.536  -64.206  27.594 0.5000000000
19187  -16.413  -65.942  26.037 0.6999999881
20041  -19.352  -64.159  21.342 1.0000000000
107278  -17.351  -63.007  25.520 0.6999999881
20056  -19.834  -63.251  20.438 1.0000000000
21641  -18.084  -62.167  23.867 0.8000000119
20842  -20.891  -61.820  20.260 0.8000000119
111610  -26.338  -68.861  16.008 0.8000000119
17626  -25.309  -68.649  17.334 0.8000000119
123285  -26.602  -68.340  15.115 0.8000000119
20849  -8.035  -63.907  21.195 0.8999999762
20078  -23.791  -63.292  18.876 0.8000000119
20094  -24.283  -63.874  18.089 0.8000000119
20891  -23.270  -63.244  18.571 0.8000000119
114285  -23.493  -66.386  18.045 1.0000000000
21700  -7.654  -63.637  19.457 0.8999999762
19296  -25.008  -64.806  17.920 0.8000000119
19322  -24.476  -66.098  17.872 0.8000000119
20095  -25.819  -65.150  18.043 0.6999999881
21751  -18.458  -63.478  15.211 1.0000000000
21793  -25.100  -63.396  12.475 1.0000000000
19221  -18.990  -65.714  22.947 1.0000000000
122389  -18.439  -61.851  22.724 0.6999999881
20093  -23.122  -63.957  18.313 0.8000000119
19382  -29.101  -66.152  14.562 0.8000000119
18564  -28.051  -67.378  14.994 0.8000000119
20148  -28.201  -65.977  14.049 0.8000000119
20882  -7.596  -65.067  18.376 0.8000000119
19275  -24.455  -64.532  19.541 0.6000000238
125204  -28.326  -67.754  18.106 0.5000000000
18507  -26.761  -67.625  17.789 0.8000000119
22524  -7.103  -63.044  17.113 0.8000000119
20113  -8.702  -65.860  17.838 0.6000000238
21760  -19.151  -63.559  14.849 1.0000000000
21761  -19.871  -63.138  14.522 1.0000000000
19328  -31.141  -66.660  17.552 0.6000000238
20097  -31.569  -66.016  18.899 0.5000000000
18490  -30.660  -67.204  17.820 0.5000000000
21796  -27.781  -63.723  12.565 0.8999999762
113950  -21.091  -59.655  13.927 1.0000000000
119723  -21.772  -61.856  13.703 1.0000000000
21631  -17.913  -62.366  24.877 0.6000000238
17628  -27.157  -68.159  17.316 0.8000000119
17643  -27.526  -68.202  16.623 0.8000000119
18546  -28.483  -67.492  15.754 0.8000000119
21652  -19.393  -61.225  21.865 0.6999999881
19325  -27.209  -67.481  17.976 0.8000000119
19346  -29.214  -67.132  15.952 0.8000000119
18527  -28.201  -67.833  16.474 0.8000000119
19364  -29.621  -66.473  15.376 0.8000000119
20944  -30.360  -64.907  14.605 0.8000000119
20942  -28.864  -64.771  13.993 0.8000000119
22533  -7.301  -62.849  16.630 0.5000000000
22552  -19.910  -62.416  14.479 1.0000000000
18528  -28.780  -67.510  16.428 0.8000000119
19329  -31.410  -65.967  17.302 0.6999999881
19347  -29.979  -66.725  16.299 0.8000000119
19365  -30.414  -65.982  15.810 0.6999999881
20127  -31.203  -65.490  16.325 0.6999999881
21766  -30.412  -64.026  14.517 0.8000000119
115817  -30.358  -63.306  14.465 0.8000000119
20893  -31.857  -64.295  18.208 0.6000000238
19302  -31.595  -66.172  18.041 0.6000000238
23363  -16.918  -61.582  17.680 1.0000000000
24160  -18.156  -59.660  16.094 1.0000000000
22564  -29.169  -63.140  12.951 0.8000000119
24172  -18.569  -60.124  15.594 1.0000000000
23406  -19.434  -61.727  14.681 1.0000000000
123492  -18.168  -61.610  15.424 1.0000000000
25708  -20.604  -58.405  13.568 1.0000000000
25718  -21.226  -58.427  13.196 1.0000000000
107533  -25.883  -60.273  12.089 1.0000000000
20917  -31.532  -64.639  16.539 0.6999999881
20927  -31.336  -64.603  15.735 0.6999999881
108751  -31.627  -63.889  16.133 0.6999999881
24141  -16.365  -60.136  18.370 1.0000000000
112939  -27.125  -60.980  11.924 0.8999999762
24952  -24.736  -59.547  12.310 1.0000000000
21735  -31.752  -63.677  17.421 0.6000000238
124562  -31.847  -62.932  17.447 0.6000000238
21746  -31.733  -63.152  16.715 0.6999999881
23411  -29.941  -62.100  14.334 0.8000000119
24126  -12.880  -60.024  20.052 0.8999999762
21723  -32.015  -63.169  18.180 0.4000000060
25660  -7.188  -59.335  18.637 0.8999999762
117484  -31.783  -60.952  18.787 0.3000000119
24129  -31.507  -60.767  19.559 0.4000000060
21736  -31.934  -62.310  17.876 0.5000000000
22520  -31.863  -61.625  17.559 0.6000000238
24161  -31.708  -60.690  16.724 0.6000000238
23383  -31.615  -61.322  15.982 0.6000000238
128330  -31.863  -61.168  17.250 0.6000000238
23398  -30.996  -61.201  15.143 0.6000000238
22547  -31.474  -62.011  15.409 0.6000000238
109859  -31.246  -59.858  16.421 0.6000000238
24174  -29.788  -60.598  15.241 0.6000000238
24877  -9.499  -59.599  19.241 0.8999999762
24880  -12.384  -59.462  19.606 0.8999999762
25706  -18.983  -58.191  14.406 1.0000000000
26493  -18.645  -57.980  14.218 1.0000000000
117896  -13.051  -58.114  18.669 0.8999999762
25665  -13.741  -58.120  18.582 1.0000000000
24890  -14.750  -58.728  18.871 1.0000000000
25695  -17.302  -58.080  15.829 1.0000000000
26479  -17.233  -57.945  15.691 1.0000000000
123408  -17.759  -57.810  14.401 1.0000000000
26506  -16.530  -57.428  14.100 1.0000000000
27457  -18.136  -57.152  12.886 1.0000000000
117070  -21.588  -57.792  12.845 1.0000000000
24953  -25.480  -59.722  12.179 1.0000000000
26527  -25.648  -57.230  12.368 0.8000000119
25670  -31.380  -58.782  18.166 0.3000000119
121253  -31.063  -58.644  17.505 0.4000000060
24908  -30.316  -59.477  16.299 0.4000000060
25691  -29.034  -59.453  16.229 0.3000000119
109297  -29.320  -59.930  15.698 0.4000000060
25667  -15.115  -58.541  18.114 1.0000000000
24930  -28.877  -60.293  14.901 0.5000000000
24189  -29.458  -60.530  14.208 0.5000000000
121593  -29.697  -59.779  12.841 0.6000000238
25661  -7.676  -58.687  18.473 0.8999999762
25676  -14.735  -58.152  17.778 1.0000000000
26478  -16.870  -57.784  15.687 1.0000000000
24923  -8.357  -58.965  14.993 0.6000000238
24914  -8.607  -59.713  14.827 0.6000000238
28374  -18.235  -56.450  12.119 1.0000000000
120632  -23.490  -57.219  12.312 1.0000000000
26525  -21.688  -56.883  12.558 1.0000000000
25699  -28.534  -59.737  15.457 0.3000000119
26437  -10.659  -57.892  18.150 0.8999999762
24959  -29.786  -58.770  13.229 0.6000000238
26436  -9.528  -57.687  18.033 0.8999999762
26453  -13.575  -57.472  17.669 1.0000000000
26448  -8.078  -57.192  17.040 0.8000000119
26463  -8.106  -57.210  16.180 0.6000000238
122683  -21.774  -56.255  12.290 1.0000000000
26513  -29.879  -57.705  13.364 0.5000000000
118989  -10.131  -57.362  17.732 0.8999999762
27397  -8.635  -56.665  16.675 0.8000000119
27410  -13.232  -56.830  16.199 0.8999999762
27467  -26.973  -56.623  12.405 0.6000000238
26504  -9.515  -56.938  12.720 0.6000000238
27453  -9.519  -55.811  13.037 0.6000000238
29374  -15.002  -54.141  12.870 0.8000000119
30356  -16.315  -53.788  11.571 0.8000000119
30355  -15.684  -53.928  12.254 0.8000000119
27406  -8.993  -56.004  16.257 0.8000000119
28382  -25.940  -55.704  12.414 0.6999999881
28360  -14.259  -55.309  13.565 0.8000000119
27462  -21.465  -55.822  12.130 1.0000000000
27432  -8.903  -56.655  14.087 0.6000000238
29382  -10.759  -54.065  12.732 0.5000000000
31217  -14.685  -52.023  13.086 0.8000000119
31218  -15.326  -52.596  12.645 0.8000000119
30331  -15.234  -53.359  12.721 0.8000000119
28380  -24.188  -55.622  12.238 0.6999999881
31206  -11.424  -51.918  13.454 0.6999999881
30320  -10.270  -52.875  13.666 0.6999999881
119640  -13.042  -52.413  14.251 0.8000000119
29408  -18.009  -54.684  11.087 0.8999999762
28406  -20.322  -54.775  11.507 0.8999999762
28343  -8.978  -55.215  15.125 0.6999999881
28335  -11.038  -55.457  15.780 0.8000000119
28334  -10.146  -54.852  15.500 0.8000000119
31219  -16.003  -52.313  12.123 0.8000000119
30357  -19.275  -53.849  10.678 0.8000000119
111629  -23.764  -54.898  12.156 0.8000000119
126142  -25.641  -54.948  12.397 0.6999999881
28358  -9.159  -55.287  13.859 0.6999999881
109871  -13.963  -52.773  13.855 0.8000000119
112608  -21.876  -55.058  11.853 0.8999999762
30309  -11.043  -53.534  14.652 0.8000000119
31207  -13.596  -52.031  13.899 0.8000000119
29412  -21.600  -53.761  11.523 0.6999999881
29388  -23.486  -54.139  11.905 0.6999999881
31967  -16.099  -51.564  12.075 0.6999999881
32801  -14.053  -50.356  13.252 0.6999999881
123414  -17.424  -52.194  10.365 0.5000000000
31989  -16.622  -51.287  11.433 0.6999999881
31255  -19.898  -52.733  10.155 0.5000000000
32829  -16.454  -50.412  11.478 0.6999999881
33744  -16.642  -49.708  11.074 0.5000000000
32009  -18.929  -52.092  9.687 0.5000000000
30360  -21.687  -53.103  11.406 0.6000000238
32010  -20.014  -51.980  9.694 0.5000000000
34621  -16.030  -48.812  11.337 0.4000000060
32849  -19.438  -51.307  9.431 0.5000000000
32848  -18.513  -51.028  9.436 0.5000000000
115381  -19.478  -50.250  9.370 0.4000000060
28376  -20.691  -55.540  11.952 1.0000000000
32800  -12.941  -50.164  13.450 0.6000000238
30332  -22.875  -53.724  11.720 0.6000000238
19324  -26.062  -66.022  18.083 0.8000000119
2101  -7.466  -91.456  16.072 0.6999999881
17580  -8.390  -69.062  20.653 0.5000000000
28383  -27.338  -55.029  12.536 0.5000000000
119060  -25.788  -54.133  12.471 0.5000000000
30336  -26.361  -53.375  12.674 0.5000000000
30333  -23.471  -53.450  11.765 0.5000000000
30335  -25.510  -53.218  12.395 0.5000000000
30361  -22.913  -52.950  11.619 0.5000000000
31235  -21.156  -52.963  11.073 0.5000000000
31238  -23.257  -52.324  11.621 0.5000000000
31220  -23.844  -52.817  11.778 0.5000000000
31257  -21.353  -52.373  10.832 0.4000000060
31256  -20.756  -52.650  10.582 0.4000000060
109050  -20.982  -51.921  10.158 0.4000000060
27442  -28.738  -56.039  12.648 0.5000000000
124057  -22.215  -52.803  11.479 0.5000000000
31237  -22.599  -52.222  11.431 0.5000000000
31236  -21.868  -52.457  11.214 0.5000000000
115  -7.091  -96.668  12.921 0.5000000000
116  -8.182  -96.890  13.009 0.6000000238
250  -10.447  -96.410  12.670 0.5000000000
247  -6.631  -96.514  12.013 0.6000000238
249  -8.716  -96.600  12.307 0.6000000238
257  -10.235  -96.166  12.056 0.5000000000
508  -10.957  -96.043  12.189 0.5000000000
254  -7.130  -96.811  11.273 0.6000000238
256  -9.449  -96.155  11.497 0.6000000238
512  -10.557  -95.794  11.407 0.5000000000
520  -9.238  -95.816  10.522 0.6000000238
521  -10.586  -95.434  10.594 0.5000000000
120955  -7.159  -74.516  19.671 0.5000000000
12650  -7.472  -74.456  20.195 0.5000000000
13504  -7.796  -73.780  20.380 0.5000000000
24903  -7.482  -59.806  15.914 0.5000000000
26522  -9.966  -57.577  11.972 0.5000000000
125388  -12.994  -50.852  13.765 0.6000000238
112395  -16.868  -47.854  10.741 0.4000000060
11841  -7.258  -75.839  19.126 0.5000000000
23375  -8.006  -61.586  15.833 0.4000000060
24935  -9.674  -59.639  13.114 0.5000000000
24934  -9.050  -59.119  13.485 0.5000000000
17595  -8.380  -68.408  19.962 0.4000000060
24904  -8.168  -59.939  15.321 0.5000000000
25716  -8.997  -58.406  13.255 0.5000000000
26502  -8.780  -57.183  14.235 0.5000000000
115910  -6.088  -96.074  11.895 0.5000000000
253  -6.280  -96.156  10.901 0.6999999881
261  -7.039  -96.422  10.246 0.6999999881
519  -8.285  -96.236  10.047 0.6999999881
121798  -11.108  -95.436  11.001 0.5000000000
248  -7.603  -96.695  12.213 0.6000000238
117  -9.093  -96.951  13.088 0.6000000238
124408  -9.660  -96.483  12.478 0.6000000238
255  -8.246  -96.451  11.502 0.6000000238
30329  -11.409  -52.419  12.487 0.5000000000
31964  -11.845  -50.518  12.848 0.5000000000
31987  -12.250  -50.515  12.302 0.5000000000
32799  -12.147  -49.962  13.046 0.5000000000
32807  -12.304  -49.969  12.663 0.4000000060
33722  -13.180  -49.166  12.193 0.4000000060
33721  -12.878  -49.505  12.280 0.4000000060
33713  -12.866  -49.451  12.955 0.4000000060
33743  -13.334  -48.599  11.850 0.4000000060
32802  -14.343  -49.732  12.672 0.4000000060
113548  -13.431  -48.215  11.975 0.4000000060
34620  -13.705  -47.589  11.627 0.4000000060
34598  -15.059  -47.888  11.588 0.3000000119
109604  -16.051  -47.902  11.127 0.3000000119
34596  -13.632  -47.530  11.978 0.4000000060
35476  -14.035  -47.101  12.021 0.3000000119
35499  -14.854  -46.962  11.097 0.3000000119
31215  -10.950  -52.527  13.141 0.5000000000
31957  -11.698  -51.024  13.249 0.5000000000
32795  -12.301  -50.711  13.505 0.5000000000
108797  -13.522  -48.752  12.367 0.4000000060
31216  -11.570  -51.582  12.764 0.5000000000
110271  -11.935  -51.147  12.346 0.5000000000
125504  -11.825  -50.416  13.134 0.5000000000
35498  -14.058  -47.194  11.632 0.3000000119
26523  -10.520  -58.128  11.376 0.4000000060
26540  -11.446  -57.519  11.207 0.4000000060
27482  -11.149  -56.417  11.971 0.4000000060
110222  -9.844  -58.395  11.650 0.4000000060
118372  -10.737  -57.285  11.849 0.4000000060
28399  -12.559  -56.088  11.220 0.4000000060
122187  -12.088  -57.367  10.570 0.4000000060
28371  -10.865  -55.159  12.461 0.4000000060
29404  -11.463  -54.525  12.129 0.4000000060
28400  -12.942  -55.564  11.122 0.3000000119
29406  -12.853  -54.692  11.274 0.4000000060
30353  -11.979  -53.990  11.769 0.4000000060
127331  -11.753  -53.031  11.977 0.4000000060
30354  -12.642  -53.489  11.357 0.4000000060
115847  -13.823  -52.819  10.611 0.3000000119
31232  -12.025  -52.182  11.940 0.4000000060
108340  -13.010  -52.563  11.168 0.4000000060
31233  -12.618  -51.379  11.657 0.4000000060
32007  -14.031  -51.371  10.554 0.3000000119
32006  -13.285  -50.949  11.186 0.3000000119
117128  -14.329  -50.637  10.363 0.3000000119
32827  -12.708  -50.167  11.921 0.3000000119
32828  -13.222  -50.034  11.401 0.3000000119
33757  -13.566  -49.118  11.309 0.3000000119
33758  -13.821  -48.153  11.045 0.3000000119
32862  -14.519  -49.692  10.242 0.3000000119
30328  -11.155  -53.311  12.526 0.4000000060
32845  -13.099  -49.406  11.886 0.3000000119
31988  -12.762  -50.546  11.740 0.4000000060
28398  -11.772  -55.676  11.817 0.4000000060
29405  -12.293  -55.090  11.593 0.4000000060
29422  -13.589  -54.508  10.827 0.3000000119
31251  -13.518  -51.941  10.865 0.3000000119
31252  -14.481  -52.461  10.211 0.3000000119
32846  -13.871  -49.809  10.825 0.3000000119
109999  -14.982  -50.806  9.789 0.3000000119
110365  -13.985  -48.984  10.741 0.3000000119
243  -9.928  -96.742  13.184 0.5000000000
260  -5.944  -96.189  9.922 0.8000000119
262  -7.874  -96.447  10.788 0.6000000238
263  -8.667  -96.208  10.870 0.6000000238
265  -5.884  -96.140  9.293 0.8000000119
266  -6.602  -96.273  9.535 0.6999999881
267  -7.494  -96.323  9.431 0.8000000119
273  -14.375  -94.895  8.755 0.6999999881
531  -6.156  -96.099  8.814 0.8000000119
535  -10.023  -95.193  8.301 0.8000000119
779  -6.825  -94.219  10.249 0.8000000119
784  -5.512  -95.751  9.091 0.8999999762
796  -11.594  -94.927  8.299 0.8000000119
808  -7.796  -94.726  7.061 0.8999999762
821  -8.264  -94.424  6.769 0.8999999762
981  -6.920  -93.166  24.127 0.6000000238
987  -6.687  -93.126  23.242 0.6000000238
1001  -6.556  -93.414  21.912 0.8000000119
1078  -7.366  -93.278  10.655 0.8000000119
1083  -14.981  -93.683  8.020 0.6999999881
1090  -6.943  -93.434  6.599 0.8999999762
1108  -8.705  -93.907  6.567 0.8999999762
1109  -9.325  -93.835  6.552 1.0000000000
1136  -16.544  -93.701  3.563 0.5000000000
1288  -6.164  -93.038  22.912 0.8000000119
1296  -6.181  -93.188  22.274 0.8000000119
1337  -5.780  -92.953  17.941 0.8999999762
1338  -6.108  -93.176  18.396 0.8999999762
1348  -5.746  -92.951  17.116 0.8999999762
1359  -5.751  -92.702  16.393 0.8999999762
1419  -6.813  -93.002  8.830 1.0000000000
1440  -14.758  -91.562  6.778 0.8000000119
1441  -15.273  -91.807  7.077 0.6999999881
1471  -16.628  -93.085  2.746 0.5000000000
1482  -12.556  -92.484  0.834 0.6999999881
1505  -13.074  -92.243  0.340 0.6999999881
1662  -7.549  -92.828  22.096 0.6000000238
1705  -5.408  -92.256  18.203 0.8999999762
1712  -6.683  -92.709  17.496 0.8999999762
1787  -4.665  -91.540  8.780 1.0000000000
1793  -5.665  -91.763  7.087 1.0000000000
1801  -5.878  -92.288  6.740 1.0000000000
1845  -12.725  -92.442  1.265 0.6999999881
1846  -13.525  -92.179  1.168 0.6999999881
1851  -11.860  -92.138  1.090 0.6999999881
1852  -13.829  -92.227  0.648 0.6999999881
1862  -12.520  -91.657  0.137 0.5000000000
1863  -13.111  -91.597  -0.170 0.6999999881
1864  -14.117  -91.757  0.323 0.5000000000
1873  -12.978  -91.124  -0.428 0.5000000000
1874  -14.130  -90.899  -0.358 0.4000000060
2031  -5.852  -91.399  23.757 0.8000000119
2121  -4.999  -90.894  14.023 0.8999999762
2173  -10.340  -90.269  10.266 1.0000000000
2186  -5.241  -91.250  8.132 1.0000000000
2207  -18.275  -90.640  4.298 0.6000000238
2213  -18.097  -90.575  3.281 0.6999999881
2227  -12.114  -92.217  1.312 0.6999999881
2228  -12.965  -92.104  1.435 0.6999999881
2239  -12.543  -91.466  1.266 0.6000000238
2240  -13.704  -91.489  1.136 0.6999999881
2260  -12.564  -90.451  -0.906 0.5000000000
2261  -13.274  -90.678  -0.910 0.4000000060
2547  -8.901  -88.941  13.141 1.0000000000
2600  -12.703  -89.474  10.497 1.0000000000
2610  -14.082  -88.942  10.014 1.0000000000
2616  -10.719  -88.837  8.663 1.0000000000
2631  -5.710  -90.002  5.108 0.6999999881
2644  -5.388  -89.676  3.840 0.8000000119
2645  -5.923  -89.905  3.603 0.8000000119
2648  -18.606  -89.237  4.058 0.6999999881
2655  -6.283  -89.444  3.068 0.8000000119
2656  -6.941  -89.202  2.970 0.6000000238
2657  -18.267  -90.035  2.355 0.6999999881
2677  -12.372  -89.903  0.122 0.5000000000
2870  -6.610  -89.153  25.335 0.6000000238
2880  -6.702  -88.980  24.353 0.6999999881
2999  -6.020  -88.487  14.236 1.0000000000
3021  -11.181  -88.437  13.435 1.0000000000
3033  -12.110  -88.439  12.561 1.0000000000
3051  -11.812  -89.072  12.013 1.0000000000
3053  -12.826  -88.006  11.414 1.0000000000
3078  -12.717  -88.728  9.281 0.8999999762
3093  -7.052  -88.523  8.787 0.6000000238
3111  -6.042  -89.369  6.753 0.5000000000
3126  -7.468  -89.306  5.775 0.8000000119
3137  -4.989  -89.525  4.245 0.5000000000
3145  -5.205  -89.061  3.457 0.8000000119
3147  -8.035  -88.582  3.557 0.8000000119
3158  -7.744  -88.158  2.870 0.8000000119
3159  -18.579  -88.664  2.321 0.8000000119
3168  -6.185  -88.209  1.996 0.4000000060
3186  -6.806  -87.559  1.550 0.5000000000
3187  -7.499  -87.838  1.046 0.5000000000
3188  -8.105  -87.407  1.025 0.6000000238
3505  -5.443  -87.901  18.736 1.0000000000
3518  -7.092  -87.378  17.229 1.0000000000
3532  -10.219  -87.005  16.110 1.0000000000
3550  -11.319  -87.160  15.160 1.0000000000
3564  -10.013  -87.582  15.028 1.0000000000
3566  -11.485  -87.466  14.492 1.0000000000
3567  -12.474  -86.893  14.472 1.0000000000
3587  -5.697  -87.364  11.385 0.6999999881
3589  -7.878  -87.393  12.312 0.6999999881
3591  -13.107  -87.366  12.813 1.0000000000
3603  -8.775  -87.422  11.277 0.6999999881
3618  -5.819  -87.663  10.666 0.6999999881
3620  -13.708  -86.908  11.531 1.0000000000
3634  -13.745  -87.101  9.647 1.0000000000
3643  -6.183  -88.232  9.027 0.6000000238
3645  -8.607  -87.747  8.754 0.6999999881
3656  -4.966  -87.800  7.178 0.5000000000
3658  -8.777  -87.794  8.121 0.6000000238
3675  -8.628  -87.923  6.123 0.8000000119
3683  -18.546  -88.146  5.020 0.8000000119
3691  -4.789  -88.373  4.899 0.5000000000
3698  -18.402  -88.285  4.417 0.8000000119
3707  -5.145  -88.163  3.148 0.4000000060
3714  -18.391  -88.447  3.669 0.8000000119
3723  -5.506  -87.899  2.352 0.5000000000
3752  -18.439  -88.052  1.809 0.8000000119
3775  -8.230  -86.493  -0.594 0.5000000000
4080  -6.186  -86.033  21.331 1.0000000000
4089  -5.983  -86.685  20.654 1.0000000000
4095  -5.782  -87.295  20.068 1.0000000000
4097  -8.112  -86.156  19.026 1.0000000000
4098  -8.958  -86.007  19.059 1.0000000000
4106  -7.071  -86.889  18.291 1.0000000000
4107  -8.413  -86.506  18.503 1.0000000000
4109  -10.214  -86.004  18.066 1.0000000000
4128  -12.315  -86.215  16.040 1.0000000000
4143  -12.562  -86.493  15.208 1.0000000000
4156  -5.488  -86.231  14.450 0.6000000238
4157  -5.913  -86.559  14.717 0.6999999881
4161  -13.585  -86.196  14.185 1.0000000000
4172  -6.134  -87.178  13.331 0.6999999881
4186  -6.943  -87.363  12.786 0.6999999881
4190  -14.121  -86.127  12.828 1.0000000000
4201  -5.369  -86.851  11.364 0.4000000060
4202  -8.605  -87.323  11.916 0.6999999881
4206  -14.755  -85.937  11.565 1.0000000000
4211  -9.555  -87.174  10.972 0.6999999881
4239  -15.347  -86.291  8.435 0.8999999762
4251  -9.009  -87.277  7.383 0.8000000119
4283  -9.242  -86.450  5.652 0.8000000119
4294  -8.806  -86.835  4.761 0.8000000119
4319  -5.432  -87.234  2.405 0.4000000060
4348  -7.570  -85.986  0.145 0.5000000000
4349  -7.919  -86.211  -0.724 0.5000000000
4630  -7.105  -85.935  24.945 0.8999999762
4652  -6.290  -85.623  22.010 1.0000000000
4698  -11.377  -85.427  18.381 1.0000000000
4703  -6.488  -84.837  17.540 0.6000000238
4706  -12.388  -85.418  17.209 1.0000000000
4716  -6.102  -85.054  16.944 0.6000000238
4720  -13.342  -85.338  16.215 1.0000000000
4730  -13.663  -85.470  15.483 1.0000000000
4746  -14.682  -85.160  14.518 1.0000000000
4754  -8.619  -86.152  14.070 0.6999999881
4759  -15.377  -84.924  13.342 1.0000000000
4768  -5.670  -85.663  12.102 0.4000000060
4769  -10.715  -86.123  12.544 0.8000000119
4794  -10.992  -86.321  10.488 0.6999999881
4795  -11.546  -85.687  10.183 1.0000000000
4804  -10.930  -86.022  9.541 0.8999999762
4818  -10.056  -85.997  8.185 0.8000000119
4832  -10.408  -85.479  7.772 0.8000000119
4834  -14.783  -85.801  7.264 0.8999999762
4918  -7.125  -85.719  0.366 0.5000000000
4928  -7.724  -85.647  -0.237 0.5000000000
5178  -6.959  -84.287  29.744 0.5000000000
5251  -6.614  -84.231  22.038 1.0000000000
5255  -10.501  -84.553  21.534 1.0000000000
5258  -13.772  -83.953  21.515 1.0000000000
5272  -12.550  -84.411  20.131 1.0000000000
5281  -12.473  -84.508  19.233 1.0000000000
5290  -7.515  -84.198  18.545 0.8000000119
5293  -13.948  -83.913  18.287 1.0000000000
5302  -13.268  -84.607  17.297 1.0000000000
5312  -8.165  -84.832  16.886 0.8000000119
5318  -15.824  -83.663  16.017 1.0000000000
5324  -8.780  -85.033  16.138 0.8000000119
5326  -10.431  -84.622  15.314 1.0000000000
5338  -16.607  -83.847  14.280 1.0000000000
5344  -12.624  -84.400  13.791 1.0000000000
5346  -16.015  -84.399  13.804 1.0000000000
5354  -12.936  -84.427  12.201 1.0000000000
5356  -16.469  -84.801  12.015 1.0000000000
5362  -12.054  -85.293  10.760 1.0000000000
5365  -17.624  -84.356  11.110 1.0000000000
5372  -12.441  -84.812  10.489 1.0000000000
5373  -12.922  -84.382  10.646 1.0000000000
5375  -21.212  -83.913  9.666 1.0000000000
5393  -11.451  -84.979  8.359 0.8999999762
5404  -10.870  -84.858  7.468 0.8999999762
5406  -12.223  -83.785  7.964 1.0000000000
5407  -17.090  -85.260  7.116 1.0000000000
5420  -9.858  -85.007  6.206 0.8000000119
5439  -10.299  -84.389  5.703 0.8000000119
5467  -9.879  -84.682  3.099 0.8999999762
5482  -10.055  -85.018  1.765 0.8999999762
5820  -13.058  -83.234  23.621 1.0000000000
5872  -8.070  -83.424  19.997 0.8999999762
5873  -8.713  -83.491  19.594 1.0000000000
5888  -16.319  -83.163  18.106 1.0000000000
5897  -9.385  -83.561  17.774 1.0000000000
5907  -5.680  -84.097  16.972 0.4000000060
5909  -10.709  -83.791  16.696 1.0000000000
5911  -12.312  -83.260  16.117 1.0000000000
5913  -16.314  -83.242  16.510 1.0000000000
5922  -17.678  -82.897  14.950 1.0000000000
5926  -12.157  -84.026  14.888 1.0000000000
5927  -12.842  -83.915  14.481 1.0000000000
5931  -17.974  -82.976  14.372 1.0000000000
5936  -13.609  -83.623  13.327 1.0000000000
5939  -18.340  -83.071  13.740 1.0000000000
5943  -13.075  -84.194  13.116 1.0000000000
5944  -14.026  -83.578  12.152 1.0000000000
5952  -13.545  -83.915  11.772 1.0000000000
5954  -17.719  -83.890  11.993 1.0000000000
5967  -14.131  -83.191  10.684 1.0000000000
5968  -19.086  -84.329  10.473 1.0000000000
5978  -13.905  -82.840  9.940 1.0000000000
5983  -12.508  -83.660  8.624 1.0000000000
5985  -18.902  -83.944  8.396 1.0000000000
6011  -11.421  -83.499  6.412 0.8999999762
6014  -17.636  -83.003  6.719 1.0000000000
6070  -11.120  -83.630  2.712 0.8999999762
6335  -6.616  -82.037  31.078 0.5000000000
6387  -7.331  -83.153  27.970 0.8000000119
6419  -9.222  -82.468  24.780 1.0000000000
6420  -10.145  -82.506  25.001 1.0000000000
6437  -12.832  -82.610  24.049 1.0000000000
6464  -15.599  -82.671  21.457 1.0000000000
6481  -15.725  -83.074  20.915 1.0000000000
6488  -6.654  -82.800  19.570 0.6999999881
6494  -17.389  -82.268  19.440 1.0000000000
6499  -6.104  -82.958  19.137 0.6000000238
6500  -9.640  -83.162  19.447 1.0000000000
6502  -11.340  -82.305  18.484 1.0000000000
6506  -17.507  -82.486  18.568 1.0000000000
6517  -17.399  -82.578  17.573 1.0000000000
6525  -14.282  -81.875  16.038 1.0000000000
6528  -18.302  -82.035  16.596 1.0000000000
6540  -14.860  -82.448  14.340 1.0000000000
6557  -15.294  -82.503  12.605 1.0000000000
6577  -14.552  -82.346  10.372 1.0000000000
6578  -15.263  -82.173  10.950 1.0000000000
6579  -21.500  -83.240  10.109 1.0000000000
6584  -14.216  -82.188  9.520 1.0000000000
6590  -13.373  -82.529  8.364 1.0000000000
6617  -13.096  -81.914  6.571 0.8999999762
6658  -11.585  -82.048  3.841 0.8999999762
6660  -12.699  -82.041  3.684 0.8999999762
7028  -10.137  -82.036  25.757 1.0000000000
7029  -11.729  -81.588  24.842 1.0000000000
7063  -8.648  -81.212  21.520 1.0000000000
7065  -14.667  -80.974  22.112 1.0000000000
7066  -15.215  -81.646  22.154 1.0000000000
7090  -10.698  -81.722  19.891 1.0000000000
7093  -17.158  -81.833  20.137 1.0000000000
7113  -13.657  -81.212  17.623 1.0000000000
7126  -14.470  -81.253  16.585 1.0000000000
7143  -20.813  -81.319  15.641 1.0000000000
7152  -15.983  -81.410  14.515 1.0000000000
7154  -21.080  -81.444  14.805 1.0000000000
7163  -21.113  -81.767  13.434 1.0000000000
7168  -16.420  -81.447  12.507 1.0000000000
7177  -15.697  -81.873  11.432 1.0000000000
7199  -14.640  -81.710  8.908 1.0000000000
7215  -15.080  -80.553  7.540 1.0000000000
7217  -18.945  -80.983  7.639 1.0000000000
7231  -12.877  -81.549  5.735 0.8999999762
7232  -13.528  -81.103  5.990 0.8999999762
7233  -16.355  -81.176  5.703 0.8999999762
7252  -13.342  -81.006  5.052 0.8999999762
7253  -14.738  -80.766  5.160 0.8999999762
7267  -12.611  -81.507  4.390 0.8999999762
7278  -12.894  -81.620  3.933 0.8999999762
7616  -6.730  -80.621  29.246 0.6000000238
7667  -7.324  -80.959  26.311 0.8999999762
7682  -11.458  -80.814  24.969 1.0000000000
7715  -8.433  -80.468  21.724 1.0000000000
7716  -9.112  -80.181  21.869 1.0000000000
7732  -15.194  -79.965  20.859 1.0000000000
7734  -16.700  -81.149  20.595 1.0000000000
7743  -11.960  -80.622  19.135 1.0000000000
7754  -18.321  -80.731  18.986 1.0000000000
7762  -14.190  -80.436  17.416 1.0000000000
7763  -19.235  -81.200  18.085 1.0000000000
7764  -19.669  -80.438  17.957 1.0000000000
7807  -16.837  -80.923  13.691 1.0000000000
7823  -17.401  -80.029  11.129 1.0000000000
7830  -16.854  -80.198  10.441 1.0000000000
7832  -22.900  -79.322  10.754 1.0000000000
7847  -16.463  -79.931  8.586 1.0000000000
7848  -18.760  -80.209  7.791 1.0000000000
7849  -18.873  -79.647  8.318 1.0000000000
7887  -15.718  -79.963  6.564 1.0000000000
7901  -15.215  -80.373  5.825 0.8999999762
8400  -7.414  -80.173  26.591 1.0000000000
8401  -7.695  -79.725  26.502 1.0000000000
8431  -7.666  -79.012  22.308 1.0000000000
8433  -8.787  -79.598  22.218 1.0000000000
8448  -13.630  -79.459  21.193 1.0000000000
8489  -18.511  -79.768  18.685 1.0000000000
8532  -16.700  -79.642  15.048 1.0000000000
8541  -17.412  -79.611  14.016 1.0000000000
8543  -22.482  -78.977  13.875 1.0000000000
8556  -22.850  -79.071  12.784 1.0000000000
8568  -18.642  -79.065  12.659 1.0000000000
8629  -16.279  -79.421  6.958 1.0000000000
8630  -16.859  -79.282  7.295 1.0000000000
8631  -18.181  -79.644  7.735 1.0000000000
8642  -16.817  -79.366  6.869 1.0000000000
9211  -10.827  -78.548  23.510 1.0000000000
9217  -6.876  -77.599  22.654 1.0000000000
9218  -7.017  -77.775  22.906 1.0000000000
9221  -11.257  -78.612  22.949 1.0000000000
9283  -17.582  -78.410  18.596 1.0000000000
9284  -18.301  -78.851  18.311 1.0000000000
9315  -14.650  -78.196  16.297 1.0000000000
9337  -21.863  -78.605  15.521 1.0000000000
9403  -21.189  -77.994  11.097 1.0000000000
9912  -6.925  -77.678  29.930 0.6000000238
9996  -6.905  -77.275  22.942 1.0000000000
9997  -6.863  -77.304  23.461 1.0000000000
9998  -7.186  -77.303  23.885 1.0000000000
9999  -8.195  -77.643  23.731 1.0000000000
10012  -6.725  -77.281  22.543 1.0000000000
10041  -7.319  -77.354  20.112 0.8000000119
10080  -13.312  -77.011  17.356 1.0000000000
10113  -16.098  -77.192  15.377 1.0000000000
10134  -21.514  -77.910  14.358 1.0000000000
10150  -20.773  -77.582  13.936 1.0000000000
10800  -7.086  -77.139  30.146 0.6000000238
10814  -7.224  -76.751  29.855 0.6000000238
10880  -12.805  -76.448  25.473 1.0000000000
10900  -6.880  -76.348  24.308 1.0000000000
10935  -6.875  -75.941  22.036 1.0000000000
10953  -6.855  -76.887  21.520 1.0000000000
10955  -9.803  -77.408  22.537 1.0000000000
10970  -10.650  -76.993  20.641 1.0000000000
10972  -14.418  -76.402  20.087 1.0000000000
11002  -11.771  -76.643  18.888 1.0000000000
11019  -13.000  -76.415  17.678 1.0000000000
11050  -15.751  -76.438  15.548 1.0000000000
11686  -7.359  -75.836  29.271 0.6000000238
11710  -6.941  -75.688  26.734 0.8999999762
11718  -14.882  -75.662  26.408 1.0000000000
11760  -6.915  -75.253  24.270 1.0000000000
11778  -6.638  -75.383  23.724 1.0000000000
11827  -7.448  -75.298  19.829 0.5000000000
11842  -11.815  -75.959  19.087 1.0000000000
11873  -14.255  -75.250  16.238 1.0000000000
11890  -17.752  -75.554  15.898 1.0000000000
12531  -7.183  -74.523  27.310 0.6999999881
12556  -15.892  -74.574  26.220 1.0000000000
12597  -8.284  -75.028  23.546 1.0000000000
12598  -8.931  -74.808  23.556 1.0000000000
12622  -9.734  -75.070  23.344 1.0000000000
12637  -11.141  -74.377  21.507 1.0000000000
12686  -13.485  -74.652  17.307 1.0000000000
12706  -17.454  -74.946  15.969 1.0000000000
13319  -7.165  -73.096  29.259 0.5000000000
13345  -6.898  -73.433  28.001 0.6999999881
13371  -9.392  -73.110  27.231 0.8000000119
13423  -9.883  -71.931  25.193 1.0000000000
13446  -10.108  -72.719  24.424 1.0000000000
13447  -10.065  -73.068  24.340 1.0000000000
13475  -8.040  -73.495  22.098 1.0000000000
13477  -11.401  -73.186  22.179 1.0000000000
13505  -8.313  -73.205  20.652 0.6000000238
14191  -7.739  -72.307  28.185 0.6000000238
14192  -8.348  -72.081  27.744 0.6999999881
14211  -9.117  -72.188  27.505 0.6999999881
14212  -10.594  -71.955  27.439 0.8000000119
14236  -9.691  -71.555  24.434 1.0000000000
14237  -9.076  -71.169  25.295 1.0000000000
14239  -9.408  -71.986  25.667 1.0000000000
14256  -9.514  -72.298  23.630 1.0000000000
14270  -8.980  -72.367  23.019 1.0000000000
14271  -8.908  -72.440  22.806 1.0000000000
14285  -11.075  -72.260  22.835 1.0000000000
14298  -9.010  -72.393  20.973 0.6999999881
14299  -11.614  -72.592  21.748 1.0000000000
14974  -8.001  -71.912  28.734 0.6000000238
15004  -11.778  -71.296  27.400 0.8000000119
15029  -8.750  -71.474  26.016 1.0000000000
15043  -8.269  -71.048  23.971 1.0000000000
15121  -15.937  -71.772  19.123 1.0000000000
15824  -17.042  -70.418  26.534 1.0000000000
15825  -17.705  -70.536  26.027 1.0000000000
15834  -7.684  -70.616  25.630 1.0000000000
15838  -13.647  -70.725  25.126 1.0000000000
15851  -12.171  -70.191  24.613 1.0000000000
15854  -14.155  -70.980  25.057 1.0000000000
15887  -8.176  -70.809  22.631 0.8999999762
15901  -9.326  -70.994  21.376 0.6000000238
16607  -13.016  -68.762  28.217 0.6999999881
16651  -13.209  -69.957  25.246 1.0000000000
16663  -13.384  -69.490  25.067 1.0000000000
16680  -7.512  -69.561  23.716 0.8999999762
17480  -12.299  -68.567  29.096 0.6000000238
17489  -13.439  -68.102  28.249 0.6999999881
17518  -8.003  -69.082  25.143 0.8999999762
17522  -11.786  -68.991  25.251 1.0000000000
17656  -25.558  -69.118  15.574 0.8000000119
17657  -27.066  -68.298  15.848 0.8000000119
18401  -9.622  -67.550  24.613 0.8999999762
18474  -7.230  -66.645  18.457 0.8000000119
18475  -7.311  -67.103  18.724 0.8000000119
19285  -6.557  -67.039  18.939 0.8000000119
19315  -7.090  -66.076  18.341 0.8000000119
19316  -7.665  -66.303  18.077 0.6999999881
19327  -30.356  -66.994  17.099 0.6000000238
19381  -28.246  -66.722  14.475 0.8000000119
20036  -10.790  -65.447  21.988 1.0000000000
20085  -8.288  -66.420  18.037 0.6000000238
20111  -7.432  -65.674  18.109 0.6999999881
20125  -16.677  -65.203  17.261 1.0000000000
20840  -19.330  -61.559  21.318 0.8000000119
20888  -15.685  -64.657  19.074 1.0000000000
20905  -7.628  -64.674  17.680 0.8000000119
20915  -16.805  -64.462  16.973 1.0000000000
21632  -18.415  -62.013  24.947 0.6000000238
21642  -19.148  -61.589  22.797 0.6999999881
21665  -9.437  -63.746  21.293 0.8999999762
21740  -7.764  -63.555  16.450 0.6000000238
21762  -20.488  -63.684  14.445 1.0000000000
22481  -11.592  -62.731  20.616 0.8999999762
22482  -12.303  -62.810  20.736 1.0000000000
22483  -13.160  -62.868  20.884 1.0000000000
22530  -31.827  -62.308  17.134 0.6999999881
23346  -31.788  -60.738  17.868 0.6000000238
23357  -6.837  -62.165  17.144 0.8000000119
24120  -7.407  -60.468  19.267 0.8999999762
24139  -6.942  -60.659  18.618 0.8999999762
24155  -7.307  -60.730  16.014 0.5000000000
24217  -29.760  -59.408  13.227 0.6000000238
24876  -8.473  -59.675  19.298 0.8999999762
24879  -11.599  -59.696  19.494 0.8999999762
24905  -17.628  -59.282  16.566 1.0000000000
24937  -21.578  -59.121  13.303 1.0000000000
24958  -29.646  -59.119  12.837 0.6000000238
25655  -14.137  -58.430  18.963 0.8999999762
25679  -16.647  -58.404  16.711 1.0000000000
25703  -8.502  -58.309  14.690 0.6000000238
25705  -18.168  -58.232  14.873 1.0000000000
25715  -8.794  -57.929  14.036 0.5000000000
25717  -9.303  -59.001  12.617 0.5000000000
25731  -10.313  -59.047  11.347 0.4000000060
25738  -29.711  -58.274  12.987 0.4000000060
26450  -10.989  -57.389  17.670 0.8999999762
26454  -14.334  -57.699  17.519 1.0000000000
26456  -15.943  -58.232  16.885 1.0000000000
26480  -17.607  -58.122  15.331 1.0000000000
26487  -8.478  -57.383  14.771 0.6000000238
26490  -16.979  -57.604  14.891 1.0000000000
26508  -19.159  -57.651  13.630 1.0000000000
27417  -8.467  -56.212  15.428 0.6000000238
27425  -8.531  -56.490  14.812 0.6000000238
27441  -20.823  -56.716  12.650 1.0000000000
27456  -15.960  -56.742  12.577 1.0000000000
27459  -19.880  -56.594  12.524 1.0000000000
27468  -27.754  -56.300  12.445 0.6000000238
27483  -12.036  -56.718  11.290 0.4000000060
28350  -8.866  -55.872  14.354 0.6000000238
28361  -14.566  -56.168  13.366 1.0000000000
28377  -21.174  -55.324  11.889 1.0000000000
28403  -18.205  -55.598  11.564 1.0000000000
28413  -13.048  -56.245  10.484 0.3000000119
29370  -9.245  -54.362  14.175 0.6999999881
29381  -10.116  -54.310  13.087 0.6999999881
29409  -19.059  -54.436  11.024 0.8999999762
29411  -20.953  -54.059  11.425 0.8000000119
30308  -10.411  -53.251  14.487 0.6999999881
30373  -13.665  -53.545  10.754 0.3000000119
31197  -11.050  -53.101  14.212 0.6999999881
31253  -18.089  -52.608  9.931 0.5000000000
31953  -12.971  -51.435  13.954 0.6000000238
33712  -12.613  -49.663  12.654 0.4000000060
33714  -13.392  -49.549  13.059 0.4000000060
105102  -14.226  -94.446  8.412 0.6999999881
105108  -15.285  -92.297  7.692 0.6999999881
105137  -18.012  -91.990  5.830 0.6000000238
105140  -17.442  -93.934  5.426 0.5000000000
105145  -16.609  -92.517  4.145 0.5000000000
105146  -18.447  -85.331  9.863 1.0000000000
105152  -21.302  -83.662  9.679 1.0000000000
105157  -22.482  -78.504  11.605 1.0000000000
105605  -18.763  -90.139  5.541 0.6999999881
105651  -22.657  -78.785  10.693 1.0000000000
105654  -16.833  -94.202  4.672 0.5000000000
105665  -21.131  -83.833  9.583 1.0000000000
105749  -13.876  -92.194  0.026 0.6999999881
105870  -14.732  -94.094  8.427 0.6999999881
105871  -12.101  -92.209  0.784 0.6999999881
105872  -16.242  -92.955  3.443 0.5000000000
105993  -5.591  -87.926  20.220 1.0000000000
106122  -6.648  -86.360  22.715 1.0000000000
106157  -14.881  -93.583  7.948 0.6999999881
106378  -14.657  -83.839  20.018 1.0000000000
106611  -6.859  -81.118  29.837 0.6000000238
106876  -7.200  -78.969  18.914 0.8000000119
106913  -6.257  -85.532  16.271 0.6000000238
106975  -6.841  -76.143  22.891 1.0000000000
107059  -18.028  -85.039  8.155 1.0000000000
107327  -7.234  -87.862  11.134 0.6999999881
107351  -4.507  -91.023  10.384 1.0000000000
107933  -13.660  -77.512  17.155 1.0000000000
108578  -12.430  -87.289  13.863 1.0000000000
108645  -12.026  -61.378  20.345 0.8999999762
108672  -19.250  -78.866  10.841 1.0000000000
108745  -14.736  -76.505  21.649 1.0000000000
109076  -18.807  -72.020  25.274 1.0000000000
109560  -9.660  -87.047  10.161 0.6999999881
109593  -7.222  -81.264  20.316 0.8999999762
109641  -23.111  -78.556  10.977 1.0000000000
110044  -5.851  -91.835  21.878 0.8000000119
110048  -8.950  -88.212  14.529 1.0000000000
110470  -22.960  -80.248  11.918 1.0000000000
110616  -15.037  -77.187  24.410 1.0000000000
110695  -22.207  -78.128  12.699 1.0000000000
110735  -18.161  -90.476  0.604 0.5000000000
110809  -16.321  -82.555  5.428 0.8999999762
111027  -14.199  -93.492  7.641 0.6999999881
111453  -22.158  -79.861  15.248 1.0000000000
111807  -10.957  -82.699  24.906 1.0000000000
111834  -11.330  -76.989  19.419 1.0000000000
111848  -10.316  -86.356  17.373 1.0000000000
111856  -7.300  -72.986  27.993 0.6000000238
111907  -8.919  -81.579  26.044 1.0000000000
112119  -7.532  -78.208  19.080 0.6999999881
112600  -9.957  -95.664  10.828 0.6999999881
112827  -14.559  -80.731  16.880 1.0000000000
112846  -14.515  -91.153  5.884 0.8000000119
112896  -24.475  -54.951  12.254 0.6999999881
113130  -6.832  -83.162  25.797 1.0000000000
113246  -10.569  -78.219  20.581 1.0000000000
113275  -7.930  -73.707  21.097 0.6999999881
113339  -14.478  -59.901  19.772 1.0000000000
113424  -16.936  -72.342  26.476 1.0000000000
113468  -21.212  -53.460  11.314 0.6000000238
113475  -9.602  -55.484  15.961 0.8000000119
113805  -14.108  -91.906  1.017 0.6999999881
113869  -12.450  -84.204  9.047 1.0000000000
114833  -15.056  -69.648  27.480 0.8999999762
115645  -9.851  -70.217  26.082 1.0000000000
115686  -6.355  -89.671  23.810 0.8000000119
115717  -20.331  -61.862  14.365 1.0000000000
116009  -16.802  -74.026  16.579 1.0000000000
116358  -7.785  -65.351  17.815 0.8000000119
116583  -10.480  -85.799  13.324 0.8000000119
116815  -9.845  -90.527  9.598 1.0000000000
117380  -7.804  -89.212  4.900 0.8000000119
117659  -13.708  -50.539  10.843 0.3000000119
117681  -6.881  -88.033  23.969 0.8999999762
118171  -6.379  -86.909  14.119 0.6999999881
118222  -16.246  -62.235  18.558 1.0000000000
118332  -6.638  -78.686  31.044 0.5000000000
118966  -4.805  -89.142  4.808 0.6000000238
119098  -11.963  -91.519  0.768 0.6000000238
119252  -19.698  -71.085  23.757 1.0000000000
119740  -6.509  -80.170  28.117 0.8000000119
120097  -10.640  -70.899  24.358 1.0000000000
120199  -10.886  -73.865  26.849 0.8999999762
120512  -13.951  -94.570  8.631 0.6999999881
120564  -18.382  -88.628  6.380 0.6999999881
121123  -17.922  -64.859  23.417 0.8999999762
121282  -12.003  -92.532  1.014 0.6999999881
121395  -9.250  -86.626  6.959 0.8000000119
121499  -7.166  -75.865  26.680 0.8000000119
121741  -6.053  -88.942  7.509 0.5000000000
122385  -19.500  -83.927  8.837 1.0000000000
122409  -10.620  -96.635  13.234 0.5000000000
122591  -9.382  -62.016  20.354 0.8999999762
122612  -14.447  -71.595  27.489 1.0000000000
122834  -13.818  -74.589  26.846 1.0000000000
123034  -21.438  -61.258  13.873 1.0000000000
123400  -6.538  -75.731  23.647 1.0000000000
123439  -7.990  -73.596  22.318 1.0000000000
123555  -18.990  -84.942  10.043 1.0000000000
123756  -15.958  -85.144  11.830 1.0000000000
123927  -5.836  -84.705  16.847 0.4000000060
123950  -20.823  -78.407  10.653 1.0000000000
124163  -9.441  -85.949  -0.153 0.6000000238
124196  -7.881  -91.146  17.460 0.6999999881
124308  -15.748  -72.028  20.722 1.0000000000
124472  -9.631  -86.723  9.335 0.8000000119
124503  -18.422  -79.170  9.777 1.0000000000
124614  -7.615  -81.409  21.030 0.8999999762
124687  -11.855  -91.777  1.157 0.6000000238
124957  -7.602  -88.752  7.171 0.6999999881
124974  -17.784  -79.790  11.636 1.0000000000
125020  -6.964  -84.330  24.674 1.0000000000
125153  -31.087  -59.564  19.947 0.3000000119
125286  -7.507  -83.461  29.316 0.5000000000
125315  -11.871  -81.698  4.078 0.8999999762
125591  -8.704  -72.786  20.728 0.6000000238
125633  -5.330  -86.737  10.369 0.6000000238
125699  -20.808  -58.033  13.248 1.0000000000
125768  -6.509  -80.698  27.994 0.8000000119
125851  -13.573  -89.634  -1.723 0.4000000060
125970  -7.123  -80.121  20.506 0.8999999762
126030  -17.266  -79.698  9.643 1.0000000000
126039  -9.427  -86.767  12.366 0.8000000119
126083  -15.593  -67.668  26.874 0.8000000119
126273  -14.420  -81.681  8.244 1.0000000000
126410  -7.780  -71.212  24.835 1.0000000000
126421  -6.554  -87.226  1.242 0.5000000000
126453  -10.060  -86.220  12.951 0.8000000119
126713  -7.120  -74.572  28.448 0.6999999881
126814  -10.571  -55.850  12.429 0.5000000000
126891  -6.676  -77.952  27.672 0.8000000119
126897  -22.870  -54.216  11.817 0.6999999881
127025  -15.685  -51.215  12.323 0.6999999881
127053  -7.425  -64.746  18.997 0.8000000119
127143  -9.238  -81.249  21.438 1.0000000000
127199  -9.919  -90.376  7.675 1.0000000000
127732  -10.827  -83.079  3.612 0.8999999762
127758  -7.239  -85.384  16.857 0.8000000119
127865  -17.633  -79.318  8.410 1.0000000000
128005  -28.126  -55.791  12.538 0.6000000238
128059  -6.715  -81.196  28.490 0.8000000119
128066  -10.071  -81.155  26.482 1.0000000000
128172  -6.826  -81.975  28.012 0.8000000119
128269  -10.233  -73.066  24.110 1.0000000000
128271  -11.330  -58.129  18.391 0.8999999762
128288  -20.606  -54.407  11.430 0.8999999762
128312  -13.160  -66.576  22.306 1.0000000000
128465  -6.875  -77.092  28.612 0.6999999881
128469  -11.866  -74.258  20.126 1.0000000000
128479  -20.204  -80.718  17.482 1.0000000000
