#!ascii label  , from subject sub-v1s21x0050421_ses-1 vox2ras=TkReg
5832
61532  24.025  -11.980  53.199 0.0000000000
90882  10.500  19.392  61.855 0.0000000000
72488  16.096  -1.140  66.723 0.0000000000
67673  5.274  -5.218  64.250 0.0000000000
136737  40.944  -6.299  56.498 0.0000000000
79293  3.818  6.243  48.254 0.0000000000
85128  46.193  12.474  41.484 0.0000000000
85335  58.813  12.550  21.002 0.0000000000
70693  20.456  -2.178  55.429 0.0000000000
74338  27.856  1.637  56.976 0.0000000000
63598  20.651  -10.031  62.334 0.0000000000
67711  12.208  -5.255  58.220 0.0000000000
65691  30.853  -7.428  58.119 0.0000000000
71695  27.263  -1.808  49.669 0.0000000000
97015  3.920  27.746  55.826 0.0000000000
96371  11.963  26.850  48.521 0.0000000000
82075  4.611  9.330  63.305 0.0000000000
73443  6.242  0.120  55.741 0.0000000000
132616  5.267  14.080  55.090 0.0000000000
88582  10.371  16.456  48.833 0.0000000000
73539  43.339  0.316  43.623 0.0000000000
79279  40.545  7.008  49.988 0.0000000000
119983  49.503  3.706  42.469 0.0000000000
64609  10.285  -8.569  69.374 0.0000000000
77192  8.109  4.364  60.107 0.0000000000
65770  39.903  -7.325  48.280 0.0000000000
68845  36.553  -4.289  45.666 0.0000000000
124032  53.287  15.465  33.368 0.0000000000
137941  19.449  -6.858  49.580 0.0000000000
69673  24.779  -2.658  56.593 0.0000000000
68770  26.438  -4.935  50.619 0.0000000000
61493  21.576  -11.190  57.809 0.0000000000
64712  17.080  -8.948  54.280 0.0000000000
135705  26.673  -13.975  60.729 0.0000000000
60384  23.986  -13.107  62.883 0.0000000000
131598  28.156  -10.079  54.676 0.0000000000
58385  30.747  -15.116  60.274 0.0000000000
68706  30.661  -4.076  52.704 0.0000000000
94730  6.231  24.666  60.504 0.0000000000
97030  7.059  27.410  52.315 0.0000000000
94040  9.891  24.114  56.497 0.0000000000
84953  10.251  12.782  59.525 0.0000000000
84028  5.454  11.497  58.534 0.0000000000
130863  7.707  17.316  57.676 0.0000000000
91699  5.723  20.237  57.289 0.0000000000
69854  44.479  -3.663  42.945 0.0000000000
73505  48.016  0.336  45.551 0.0000000000
63570  13.756  -9.571  67.466 0.0000000000
73427  15.171  1.160  57.352 0.0000000000
72533  9.908  -0.279  58.734 0.0000000000
76235  12.917  3.808  62.277 0.0000000000
79169  10.675  6.799  65.922 0.0000000000
65729  42.275  -7.160  52.593 0.0000000000
69705  35.259  -3.558  54.075 0.0000000000
68814  31.026  -4.132  47.160 0.0000000000
68744  40.087  -4.868  51.597 0.0000000000
69770  42.447  -4.095  49.235 0.0000000000
76318  7.751  3.052  51.381 0.0000000000
68758  6.367  -3.922  50.971 0.0000000000
71706  3.551  -1.658  48.231 0.0000000000
121103  6.499  8.223  46.621 0.0000000000
88047  59.168  15.308  16.110 0.0000000000
71592  18.966  -1.674  60.525 0.0000000000
74246  21.603  0.947  66.370 0.0000000000
71562  25.041  -1.541  62.788 0.0000000000
126612  25.674  1.543  60.061 0.0000000000
75315  20.765  2.422  55.909 0.0000000000
63567  19.174  -9.451  67.229 0.0000000000
65648  15.026  -7.533  64.930 0.0000000000
64662  15.321  -9.236  60.006 0.0000000000
69723  14.401  -3.670  53.311 0.0000000000
59382  20.065  -13.847  65.562 0.0000000000
67688  35.561  -5.377  59.315 0.0000000000
61463  38.809  -11.718  59.533 0.0000000000
60421  34.787  -12.607  61.145 0.0000000000
75352  20.902  2.776  50.930 0.0000000000
73463  26.282  0.155  53.061 0.0000000000
72547  33.210  -0.240  55.177 0.0000000000
99708  5.868  31.762  48.205 0.0000000000
75251  3.436  2.118  64.195 0.0000000000
68648  4.523  -3.899  59.380 0.0000000000
77204  4.581  4.528  59.330 0.0000000000
80263  6.528  7.673  55.843 0.0000000000
83135  7.114  10.481  50.497 0.0000000000
131101  4.539  12.994  47.838 0.0000000000
88551  7.309  16.485  52.626 0.0000000000
128243  7.577  23.008  53.428 0.0000000000
74427  37.367  1.474  46.779 0.0000000000
76304  34.951  4.747  53.959 0.0000000000
76334  42.183  3.740  49.750 0.0000000000
79309  45.554  6.469  46.652 0.0000000000
82265  48.602  9.756  36.928 0.0000000000
77396  49.861  4.657  37.679 0.0000000000
66671  6.311  -6.853  67.348 0.0000000000
66683  11.130  -6.773  64.654 0.0000000000
69644  8.231  -3.665  63.316 0.0000000000
72491  6.081  -0.224  64.441 0.0000000000
79196  6.792  6.948  63.534 0.0000000000
83972  9.638  11.257  65.477 0.0000000000
74436  22.066  1.668  46.352 0.0000000000
72660  28.505  -0.450  43.463 0.0000000000
72637  33.312  0.017  43.918 0.0000000000
70796  39.784  -1.980  43.811 0.0000000000
68843  42.447  -4.398  45.694 0.0000000000
66742  9.425  -6.473  56.179 0.0000000000
86030  5.707  13.779  43.320 0.0000000000
87049  56.842  14.483  27.317 0.0000000000
83275  52.728  11.336  33.487 0.0000000000
63728  22.088  -10.010  50.485 0.0000000000
66802  22.800  -6.318  48.800 0.0000000000
64753  24.829  -8.916  50.210 0.0000000000
60470  22.732  -12.149  55.071 0.0000000000
62634  20.997  -9.938  52.822 0.0000000000
59469  25.660  -13.267  57.342 0.0000000000
60441  24.322  -12.502  59.245 0.0000000000
61529  26.865  -11.406  53.246 0.0000000000
59476  27.880  -13.905  56.346 0.0000000000
64740  27.205  -8.576  51.734 0.0000000000
93246  8.722  22.158  61.618 0.0000000000
94743  8.747  25.260  58.883 0.0000000000
93256  10.751  22.897  59.973 0.0000000000
126997  10.716  16.336  59.843 0.0000000000
87651  9.886  15.285  56.748 0.0000000000
90119  9.038  19.564  60.003 0.0000000000
91682  6.810  20.674  60.280 0.0000000000
74238  15.900  1.545  66.927 0.0000000000
132436  15.115  -10.675  68.776 0.0000000000
73403  15.628  0.049  61.781 0.0000000000
75290  13.910  2.691  59.434 0.0000000000
74266  14.224  1.160  64.507 0.0000000000
75232  13.044  2.686  65.794 0.0000000000
137105  42.046  -6.868  55.346 0.0000000000
122594  40.546  -9.695  54.261 0.0000000000
63675  41.348  -9.341  56.388 0.0000000000
68676  39.097  -5.018  55.805 0.0000000000
120593  37.193  -5.172  52.978 0.0000000000
68684  40.636  -5.336  54.569 0.0000000000
68696  42.064  -5.050  52.780 0.0000000000
64633  5.971  -8.395  65.380 0.0000000000
65657  7.496  -7.294  63.451 0.0000000000
77273  6.171  4.752  49.679 0.0000000000
139030  4.437  0.983  50.054 0.0000000000
138867  3.622  2.141  48.507 0.0000000000
72615  5.227  -0.701  47.590 0.0000000000
76391  5.186  3.533  46.371 0.0000000000
143319  4.339  6.705  46.560 0.0000000000
86237  59.405  13.988  18.388 0.0000000000
125083  19.890  -1.516  58.462 0.0000000000
124390  22.390  -1.436  62.211 0.0000000000
70628  22.697  -1.587  58.550 0.0000000000
71620  27.544  -1.323  57.559 0.0000000000
72522  28.582  0.044  59.936 0.0000000000
74317  25.932  1.466  58.874 0.0000000000
127057  22.754  1.656  58.201 0.0000000000
74342  24.151  1.273  56.205 0.0000000000
63586  19.477  -9.409  64.272 0.0000000000
63593  17.518  -9.079  63.293 0.0000000000
143259  17.638  -9.920  60.961 0.0000000000
140914  17.489  -4.962  51.253 0.0000000000
66770  15.777  -6.652  52.274 0.0000000000
134850  17.915  -2.627  54.207 0.0000000000
71631  17.232  -0.929  56.652 0.0000000000
62493  22.195  -11.125  62.906 0.0000000000
59392  22.163  -13.905  64.441 0.0000000000
60388  20.877  -11.352  64.305 0.0000000000
61422  19.201  -11.408  66.697 0.0000000000
130054  33.543  -5.820  59.556 0.0000000000
64658  34.551  -8.277  61.314 0.0000000000
141293  32.223  -10.015  60.211 0.0000000000
57327  29.953  -15.813  62.764 0.0000000000
53141  29.063  -19.451  63.879 0.0000000000
74374  23.606  1.480  53.784 0.0000000000
74365  26.338  1.079  55.417 0.0000000000
66763  31.436  -6.333  53.844 0.0000000000
70686  31.527  -2.309  54.925 0.0000000000
67727  32.810  -5.341  55.698 0.0000000000
68669  34.744  -3.288  57.452 0.0000000000
97032  3.535  27.850  52.664 0.0000000000
99072  3.205  31.103  49.462 0.0000000000
99055  4.333  30.951  52.597 0.0000000000
96363  8.541  26.279  49.736 0.0000000000
97755  8.502  28.412  47.508 0.0000000000
79187  3.767  6.588  64.550 0.0000000000
125330  3.713  3.883  61.557 0.0000000000
80226  3.585  7.462  61.765 0.0000000000
84999  5.455  12.299  56.385 0.0000000000
136726  4.365  9.116  56.782 0.0000000000
83093  5.137  10.855  54.949 0.0000000000
140808  7.974  8.976  53.094 0.0000000000
84079  5.395  11.979  52.861 0.0000000000
85973  4.970  13.933  51.576 0.0000000000
87691  5.562  16.036  53.525 0.0000000000
133871  5.272  24.547  57.269 0.0000000000
93298  7.618  22.673  55.689 0.0000000000
94795  5.339  24.773  54.232 0.0000000000
94826  5.240  24.775  51.980 0.0000000000
75444  40.381  2.330  44.414 0.0000000000
75368  39.916  2.651  47.846 0.0000000000
75420  42.963  2.715  45.215 0.0000000000
74485  49.235  1.909  44.265 0.0000000000
76360  47.495  2.921  47.921 0.0000000000
78323  48.764  5.480  44.967 0.0000000000
135643  50.096  6.789  42.671 0.0000000000
123696  51.269  7.066  39.142 0.0000000000
77380  50.242  4.683  39.702 0.0000000000
62477  8.757  -10.697  67.469 0.0000000000
143524  5.406  -10.970  68.889 0.0000000000
65618  7.962  -7.548  69.187 0.0000000000
65664  12.655  -7.632  61.710 0.0000000000
65651  12.588  -7.301  64.431 0.0000000000
66698  11.301  -6.536  61.433 0.0000000000
74310  8.903  1.818  58.978 0.0000000000
71597  8.511  -1.935  60.691 0.0000000000
141166  7.695  0.021  61.136 0.0000000000
71557  7.008  -1.513  63.705 0.0000000000
74279  6.994  1.751  62.307 0.0000000000
75250  6.214  3.031  64.086 0.0000000000
78168  7.045  5.050  61.714 0.0000000000
82058  9.603  8.916  67.294 0.0000000000
84923  11.864  12.990  63.612 0.0000000000
72596  23.976  0.083  49.819 0.0000000000
75377  21.005  2.408  48.371 0.0000000000
71702  24.880  -1.133  48.214 0.0000000000
68811  33.902  -4.646  46.943 0.0000000000
69835  29.278  -3.584  44.469 0.0000000000
69846  32.356  -3.550  43.466 0.0000000000
73545  30.961  -0.157  43.856 0.0000000000
69844  34.529  -3.083  43.037 0.0000000000
72653  36.134  -0.863  42.946 0.0000000000
69826  37.663  -3.396  44.295 0.0000000000
66811  42.720  -6.454  48.945 0.0000000000
68805  42.670  -4.579  48.107 0.0000000000
66833  41.187  -6.571  46.983 0.0000000000
71634  5.035  -1.395  57.136 0.0000000000
67714  7.465  -5.064  57.838 0.0000000000
68682  6.670  -3.795  55.721 0.0000000000
66806  6.360  -6.311  48.756 0.0000000000
122540  7.908  14.313  48.795 0.0000000000
86893  4.202  13.953  45.385 0.0000000000
86889  8.336  14.768  46.182 0.0000000000
78244  38.056  6.057  52.363 0.0000000000
77268  34.945  5.833  49.940 0.0000000000
77291  36.984  4.703  48.211 0.0000000000
86119  50.882  13.707  32.744 0.0000000000
87029  52.756  14.684  30.779 0.0000000000
88743  54.624  15.980  28.233 0.0000000000
87906  55.680  15.146  29.822 0.0000000000
138444  51.018  7.532  35.113 0.0000000000
83264  50.896  10.262  35.353 0.0000000000
68707  19.547  -3.584  51.599 0.0000000000
69687  22.898  -2.493  56.038 0.0000000000
69745  22.226  -3.759  51.494 0.0000000000
129387  24.990  -3.574  53.174 0.0000000000
70690  27.614  -2.614  54.830 0.0000000000
62526  20.853  -10.534  60.035 0.0000000000
62539  18.424  -10.432  58.394 0.0000000000
126183  19.634  -10.455  55.930 0.0000000000
65724  18.126  -8.223  51.267 0.0000000000
58360  27.304  -15.231  63.089 0.0000000000
58352  26.079  -15.486  64.246 0.0000000000
60412  25.511  -13.449  62.050 0.0000000000
61461  23.142  -11.239  61.512 0.0000000000
63676  29.469  -9.172  56.774 0.0000000000
61482  32.132  -11.488  58.155 0.0000000000
59464  30.819  -13.338  56.899 0.0000000000
131214  29.079  -14.853  60.202 0.0000000000
72551  29.343  0.107  55.517 0.0000000000
68750  28.754  -4.850  51.231 0.0000000000
65731  29.323  -7.318  52.576 0.0000000000
96290  4.489  26.823  58.524 0.0000000000
97694  5.251  29.203  54.994 0.0000000000
145273  6.853  27.156  57.133 0.0000000000
95522  7.912  25.793  54.107 0.0000000000
94825  10.264  24.588  51.483 0.0000000000
142676  7.637  11.131  61.770 0.0000000000
83056  5.633  10.532  60.387 0.0000000000
142504  8.764  11.812  58.538 0.0000000000
85921  7.852  13.468  56.784 0.0000000000
87655  5.260  15.652  56.774 0.0000000000
89317  4.680  17.406  56.162 0.0000000000
90127  4.854  18.944  58.280 0.0000000000
125748  3.828  22.893  59.792 0.0000000000
131861  44.235  -2.736  43.804 0.0000000000
74464  45.636  1.048  44.618 0.0000000000
71726  46.505  -1.991  43.962 0.0000000000
72666  47.286  -0.109  42.902 0.0000000000
63560  12.205  -8.667  68.146 0.0000000000
135156  12.252  -1.074  55.123 0.0000000000
70645  11.475  -2.478  57.841 0.0000000000
74348  11.763  1.454  56.205 0.0000000000
77223  11.740  4.134  57.679 0.0000000000
78183  11.209  5.677  59.604 0.0000000000
79205  10.244  7.085  61.605 0.0000000000
78150  11.773  5.047  63.772 0.0000000000
64763  41.036  -7.242  50.100 0.0000000000
64750  37.654  -8.338  50.082 0.0000000000
141891  39.216  -8.757  52.610 0.0000000000
70728  31.394  -2.514  50.729 0.0000000000
70741  29.070  -3.066  48.843 0.0000000000
69753  33.402  -3.867  50.970 0.0000000000
68766  36.638  -5.118  50.527 0.0000000000
121384  38.506  -4.765  49.008 0.0000000000
68794  39.564  -4.019  47.934 0.0000000000
120267  41.194  -4.295  50.922 0.0000000000
66790  42.854  -6.050  50.628 0.0000000000
74376  7.725  1.562  53.452 0.0000000000
71668  6.665  -1.762  53.469 0.0000000000
72591  6.063  -0.742  51.251 0.0000000000
69758  4.229  -3.389  49.711 0.0000000000
129258  3.486  -5.175  47.585 0.0000000000
81288  9.259  8.515  46.423 0.0000000000
90964  9.036  20.064  49.050 0.0000000000
89390  9.435  17.021  46.554 0.0000000000
91769  8.109  20.217  47.257 0.0000000000
87853  50.980  14.755  35.434 0.0000000000
71569  17.638  -1.848  62.713 0.0000000000
120256  19.121  -1.100  67.003 0.0000000000
71539  20.971  -2.399  65.190 0.0000000000
72482  24.174  -0.976  65.297 0.0000000000
75245  25.574  1.613  63.990 0.0000000000
70616  24.845  -1.737  59.546 0.0000000000
73402  26.743  0.661  61.794 0.0000000000
75260  23.990  2.338  62.260 0.0000000000
76255  21.985  2.868  60.147 0.0000000000
77217  21.237  4.251  57.839 0.0000000000
78212  20.805  5.658  55.362 0.0000000000
64616  16.678  -8.421  68.168 0.0000000000
126501  17.240  -8.338  65.686 0.0000000000
120354  14.884  -8.500  61.993 0.0000000000
65685  13.394  -7.727  59.164 0.0000000000
63669  15.786  -9.588  57.340 0.0000000000
65716  14.018  -7.473  55.261 0.0000000000
68693  12.640  -4.300  54.716 0.0000000000
72564  15.004  -0.712  54.663 0.0000000000
72531  17.120  -0.681  59.283 0.0000000000
58342  24.181  -15.575  64.566 0.0000000000
66713  39.138  -6.305  57.327 0.0000000000
64675  39.682  -8.819  57.686 0.0000000000
123843  37.861  -8.908  59.187 0.0000000000
123563  36.224  -12.395  60.936 0.0000000000
59427  33.300  -13.851  59.847 0.0000000000
79256  20.773  6.008  53.048 0.0000000000
75330  20.687  2.725  53.431 0.0000000000
74381  23.157  1.180  51.942 0.0000000000
72588  26.573  -0.549  51.572 0.0000000000
144858  29.686  0.571  54.864 0.0000000000
72573  30.006  0.170  53.546 0.0000000000
71672  30.832  -0.907  52.430 0.0000000000
71663  34.277  -1.038  54.565 0.0000000000
68668  35.982  -3.729  56.277 0.0000000000
98398  6.332  29.954  50.547 0.0000000000
71559  3.667  -1.485  63.767 0.0000000000
144341  5.059  -4.419  62.035 0.0000000000
120582  3.501  -0.834  61.241 0.0000000000
74313  4.236  1.016  59.403 0.0000000000
75313  5.463  2.861  57.395 0.0000000000
134092  4.055  8.960  58.901 0.0000000000
79236  6.112  6.181  57.275 0.0000000000
76294  7.412  3.768  55.841 0.0000000000
78221  9.107  5.809  53.954 0.0000000000
79275  8.601  6.971  50.360 0.0000000000
124242  6.005  8.153  49.160 0.0000000000
133768  2.098  9.055  47.950 0.0000000000
84100  5.479  12.261  48.850 0.0000000000
86843  5.863  14.742  50.464 0.0000000000
139206  9.519  16.521  51.463 0.0000000000
90157  7.304  18.315  54.859 0.0000000000
90927  9.508  19.681  53.898 0.0000000000
90945  9.975  20.056  51.673 0.0000000000
93336  6.570  22.994  50.452 0.0000000000
74402  33.925  1.844  48.294 0.0000000000
76338  32.924  3.326  50.675 0.0000000000
75358  37.040  2.340  49.891 0.0000000000
123078  39.004  3.673  52.012 0.0000000000
78232  41.547  5.816  52.096 0.0000000000
75383  45.416  2.834  47.284 0.0000000000
78256  44.777  4.874  49.703 0.0000000000
136640  43.154  8.702  49.543 0.0000000000
81283  44.089  9.266  47.031 0.0000000000
84178  48.187  11.954  40.585 0.0000000000
81341  48.003  8.143  39.041 0.0000000000
80414  50.766  7.411  37.391 0.0000000000
135621  49.509  5.297  34.956 0.0000000000
87977  58.573  15.371  22.291 0.0000000000
89288  11.310  17.665  62.204 0.0000000000
91664  12.479  20.391  62.122 0.0000000000
63577  5.076  -9.793  67.226 0.0000000000
131702  5.616  -5.971  65.949 0.0000000000
143777  14.840  -7.249  67.187 0.0000000000
66664  12.979  -6.970  66.781 0.0000000000
141867  10.881  -6.379  66.761 0.0000000000
68635  10.146  -4.511  61.081 0.0000000000
67671  9.278  -5.391  63.763 0.0000000000
67654  8.804  -6.203  66.868 0.0000000000
67664  7.628  -4.957  66.260 0.0000000000
69638  5.265  -3.737  66.069 0.0000000000
70593  4.757  -2.469  65.027 0.0000000000
73377  4.691  0.922  65.052 0.0000000000
77164  4.206  4.484  65.641 0.0000000000
80196  5.324  7.718  65.360 0.0000000000
81173  8.676  8.218  63.989 0.0000000000
81163  7.567  8.946  65.878 0.0000000000
83032  7.018  10.842  64.142 0.0000000000
83988  9.392  11.635  62.392 0.0000000000
85880  11.413  14.209  61.449 0.0000000000
61480  39.957  -11.806  57.727 0.0000000000
79274  20.462  6.386  50.510 0.0000000000
78314  21.845  5.818  46.202 0.0000000000
70763  26.432  -2.514  46.254 0.0000000000
73533  24.675  0.619  44.468 0.0000000000
142904  24.040  4.456  45.588 0.0000000000
75428  27.082  2.750  45.294 0.0000000000
75425  30.013  2.080  46.019 0.0000000000
74432  32.444  1.480  46.577 0.0000000000
74449  35.297  0.726  45.953 0.0000000000
74490  37.783  0.949  43.718 0.0000000000
72649  41.254  -0.623  43.459 0.0000000000
69797  40.808  -3.364  46.764 0.0000000000
70769  41.377  -3.114  45.229 0.0000000000
70781  43.293  -2.753  44.026 0.0000000000
134061  43.630  -3.976  44.196 0.0000000000
120123  41.659  -5.109  43.316 0.0000000000
126301  11.895  22.272  58.344 0.0000000000
120895  12.131  22.821  54.274 0.0000000000
67685  7.760  -5.892  60.545 0.0000000000
131025  8.805  -5.414  53.200 0.0000000000
144758  2.242  10.300  46.438 0.0000000000
84117  6.132  10.926  45.780 0.0000000000
84134  8.566  11.532  44.683 0.0000000000
87791  7.801  15.847  44.437 0.0000000000
85126  8.242  12.936  42.591 0.0000000000
78250  31.656  6.341  51.958 0.0000000000
89542  57.136  16.494  25.358 0.0000000000
85304  58.218  13.251  23.662 0.0000000000
84194  49.691  12.730  37.903 0.0000000000
139962  51.182  13.223  36.351 0.0000000000
85191  53.283  13.143  33.800 0.0000000000
83304  53.383  11.463  31.690 0.0000000000
85250  54.858  12.647  31.424 0.0000000000
84305  55.871  12.197  27.138 0.0000000000
84326  56.908  11.738  25.044 0.0000000000
62645  22.839  -10.825  51.524 0.0000000000
63743  23.546  -9.736  50.399 0.0000000000
144737  24.396  -10.629  51.320 0.0000000000
60480  23.427  -12.315  54.201 0.0000000000
62632  22.393  -10.984  52.115 0.0000000000
60467  24.884  -13.129  55.231 0.0000000000
60468  24.088  -13.063  55.850 0.0000000000
61537  25.418  -11.427  52.542 0.0000000000
59485  25.617  -13.357  55.446 0.0000000000
62642  25.903  -10.421  51.851 0.0000000000
91667  9.292  20.521  61.750 0.0000000000
93249  9.446  22.921  61.030 0.0000000000
92445  10.498  21.936  61.383 0.0000000000
89291  10.753  18.016  60.880 0.0000000000
89293  10.499  17.804  59.991 0.0000000000
142660  10.222  19.378  61.242 0.0000000000
90888  8.617  19.809  61.117 0.0000000000
73375  15.508  -0.464  66.954 0.0000000000
124478  16.802  1.424  66.067 0.0000000000
73384  17.023  -0.732  67.023 0.0000000000
134205  15.686  -0.836  63.247 0.0000000000
73397  14.762  0.264  63.155 0.0000000000
72490  14.759  -0.509  64.745 0.0000000000
73368  14.450  0.736  66.204 0.0000000000
66735  41.744  -6.739  55.788 0.0000000000
64693  41.838  -7.953  55.897 0.0000000000
65688  41.282  -7.879  56.586 0.0000000000
67716  40.300  -5.672  56.376 0.0000000000
68675  39.914  -5.211  55.688 0.0000000000
67724  41.072  -5.764  55.871 0.0000000000
131887  41.482  -5.914  55.392 0.0000000000
66691  6.436  -6.409  64.552 0.0000000000
65652  7.103  -7.647  64.236 0.0000000000
67672  6.168  -5.768  64.011 0.0000000000
78272  4.891  5.189  48.951 0.0000000000
76346  4.459  3.508  49.157 0.0000000000
77286  4.228  4.040  48.363 0.0000000000
75395  3.909  2.432  47.708 0.0000000000
77299  3.983  4.446  47.494 0.0000000000
124977  4.625  4.824  46.491 0.0000000000
79308  3.398  6.595  47.169 0.0000000000
83220  44.184  10.866  40.194 0.0000000000
84180  45.295  11.628  39.783 0.0000000000
85135  46.487  12.517  40.571 0.0000000000
86222  59.332  13.354  19.709 0.0000000000
70659  19.927  -1.676  57.114 0.0000000000
70629  21.635  -1.321  59.134 0.0000000000
70643  21.622  -1.595  57.634 0.0000000000
73425  28.730  0.768  57.843 0.0000000000
74314  28.331  1.429  58.250 0.0000000000
74339  26.988  1.481  57.542 0.0000000000
74340  25.374  1.117  57.332 0.0000000000
74354  25.273  1.159  56.374 0.0000000000
123032  20.374  -9.692  63.484 0.0000000000
63599  19.070  -9.770  62.734 0.0000000000
63613  19.368  -10.182  61.558 0.0000000000
69718  19.048  -3.209  52.737 0.0000000000
125502  17.470  -3.631  52.457 0.0000000000
141101  19.087  -2.494  54.434 0.0000000000
70678  18.891  -1.827  55.805 0.0000000000
63597  21.708  -10.426  62.374 0.0000000000
62489  21.718  -10.817  63.162 0.0000000000
62490  21.187  -10.420  63.624 0.0000000000
62486  20.640  -10.116  64.602 0.0000000000
66717  32.417  -6.867  58.684 0.0000000000
65671  32.215  -7.753  60.475 0.0000000000
64669  31.209  -8.446  59.212 0.0000000000
57311  28.690  -16.284  63.936 0.0000000000
56339  29.903  -16.801  63.859 0.0000000000
139826  25.100  1.159  55.655 0.0000000000
127354  26.898  1.333  56.379 0.0000000000
66730  30.503  -7.117  56.799 0.0000000000
66744  32.346  -5.853  55.327 0.0000000000
124729  31.930  -6.465  57.184 0.0000000000
67710  33.440  -5.551  57.221 0.0000000000
97027  3.663  27.724  54.400 0.0000000000
97706  3.504  28.986  52.634 0.0000000000
97701  3.690  28.880  54.445 0.0000000000
96361  10.267  25.959  49.067 0.0000000000
97063  9.916  26.920  47.850 0.0000000000
97077  11.244  27.333  47.055 0.0000000000
81179  3.853  8.138  63.477 0.0000000000
80217  3.538  7.461  62.875 0.0000000000
81187  4.126  8.848  62.885 0.0000000000
85934  5.517  13.408  55.438 0.0000000000
84050  5.316  11.663  55.265 0.0000000000
85031  5.492  12.153  54.584 0.0000000000
83113  5.616  11.194  53.695 0.0000000000
85953  5.125  13.597  53.522 0.0000000000
86813  5.071  14.347  52.772 0.0000000000
87692  5.076  15.403  54.076 0.0000000000
135253  4.524  25.914  56.751 0.0000000000
94775  5.004  24.896  55.390 0.0000000000
142431  4.321  25.994  54.805 0.0000000000
96320  4.095  26.381  53.604 0.0000000000
74488  42.315  1.652  43.709 0.0000000000
75421  41.761  2.572  44.848 0.0000000000
74466  43.625  1.760  44.049 0.0000000000
75456  49.635  2.769  43.888 0.0000000000
76394  49.859  3.644  45.318 0.0000000000
77337  50.446  4.567  44.078 0.0000000000
144378  49.429  5.741  43.921 0.0000000000
77347  50.840  5.048  42.983 0.0000000000
78356  51.139  5.549  41.536 0.0000000000
77366  50.728  4.752  41.133 0.0000000000
62475  10.387  -10.007  68.209 0.0000000000
62484  9.558  -10.584  66.824 0.0000000000
63562  9.260  -9.878  69.352 0.0000000000
63563  8.174  -9.963  69.461 0.0000000000
65617  8.861  -7.642  69.078 0.0000000000
66712  12.154  -6.327  59.770 0.0000000000
66697  11.963  -7.000  61.171 0.0000000000
67692  11.581  -5.571  59.799 0.0000000000
75292  8.327  2.632  59.787 0.0000000000
74311  8.349  1.042  59.951 0.0000000000
75279  7.703  1.978  60.882 0.0000000000
122100  7.229  0.914  62.050 0.0000000000
124150  7.440  2.711  61.138 0.0000000000
76246  6.681  3.424  62.434 0.0000000000
77184  7.491  4.477  61.031 0.0000000000
65781  38.931  -7.530  47.222 0.0000000000
64794  38.566  -7.747  47.659 0.0000000000
72600  25.242  -0.817  49.705 0.0000000000
72602  23.917  -0.059  48.883 0.0000000000
71697  25.693  -1.347  49.197 0.0000000000
68826  35.243  -4.566  46.267 0.0000000000
68848  33.449  -4.591  45.109 0.0000000000
68860  34.372  -4.333  44.603 0.0000000000
69845  33.695  -3.270  43.265 0.0000000000
69829  34.978  -3.811  43.748 0.0000000000
69842  36.408  -3.166  43.426 0.0000000000
69814  37.096  -3.936  44.986 0.0000000000
122977  40.793  -7.193  48.400 0.0000000000
66823  42.439  -6.376  48.151 0.0000000000
65779  40.942  -6.962  47.795 0.0000000000
66834  40.489  -6.543  46.515 0.0000000000
72544  5.611  -0.378  56.353 0.0000000000
70662  5.774  -2.346  56.256 0.0000000000
71649  6.065  -1.773  55.714 0.0000000000
86864  9.468  14.904  48.547 0.0000000000
86877  8.206  14.404  47.180 0.0000000000
87761  9.722  15.377  47.753 0.0000000000
79281  39.075  6.193  50.713 0.0000000000
78277  37.255  5.435  49.883 0.0000000000
78259  38.788  5.790  49.558 0.0000000000
87015  51.673  14.498  32.929 0.0000000000
87893  53.099  15.410  32.216 0.0000000000
88710  54.367  15.570  31.141 0.0000000000
88699  54.536  15.192  32.089 0.0000000000
79468  50.314  6.885  33.778 0.0000000000
80441  51.123  7.968  34.343 0.0000000000
67768  19.480  -4.863  50.422 0.0000000000
69737  20.395  -3.589  51.413 0.0000000000
68755  20.527  -4.647  50.281 0.0000000000
67776  24.982  -5.202  50.002 0.0000000000
68772  24.474  -4.599  50.525 0.0000000000
141372  25.527  -4.181  51.499 0.0000000000
70691  26.647  -2.759  54.892 0.0000000000
69731  27.199  -3.540  52.484 0.0000000000
62536  21.538  -10.910  58.752 0.0000000000
120797  20.197  -10.639  58.163 0.0000000000
62548  21.102  -10.821  57.009 0.0000000000
64743  19.571  -8.962  50.916 0.0000000000
63706  19.652  -9.217  52.809 0.0000000000
140739  18.425  -7.030  50.125 0.0000000000
66779  18.136  -6.038  50.404 0.0000000000
59420  27.118  -14.274  61.733 0.0000000000
59411  26.169  -14.041  62.350 0.0000000000
59430  25.944  -13.474  60.924 0.0000000000
61483  23.093  -11.851  58.301 0.0000000000
61476  23.549  -11.641  60.293 0.0000000000
61478  22.662  -11.097  60.043 0.0000000000
62524  22.198  -10.717  60.423 0.0000000000
63677  28.928  -9.279  55.880 0.0000000000
62563  30.178  -10.527  56.639 0.0000000000
61506  29.643  -11.616  55.606 0.0000000000
59454  27.308  -14.140  58.306 0.0000000000
58407  28.928  -14.504  58.298 0.0000000000
59428  28.125  -14.570  60.141 0.0000000000
59419  27.700  -14.645  61.500 0.0000000000
69730  28.020  -3.527  52.488 0.0000000000
127733  27.782  -4.544  51.234 0.0000000000
64722  27.426  -9.241  53.132 0.0000000000
65723  28.004  -8.351  52.975 0.0000000000
143198  28.083  -8.869  54.172 0.0000000000
136717  28.879  -8.157  54.980 0.0000000000
95479  4.994  25.720  59.701 0.0000000000
96996  6.315  27.698  58.182 0.0000000000
95483  6.655  26.745  59.234 0.0000000000
94763  9.348  24.693  56.862 0.0000000000
95497  8.193  25.723  56.695 0.0000000000
94773  8.923  24.863  55.373 0.0000000000
94811  8.778  24.947  53.046 0.0000000000
94070  9.887  24.013  53.909 0.0000000000
84007  9.400  11.636  60.480 0.0000000000
84009  8.081  11.077  60.534 0.0000000000
84966  9.878  12.158  59.364 0.0000000000
88520  8.812  16.771  57.096 0.0000000000
86772  9.370  14.413  56.616 0.0000000000
87642  8.222  15.840  56.958 0.0000000000
86774  7.186  14.204  56.732 0.0000000000
88513  6.755  16.433  57.689 0.0000000000
88515  4.832  16.697  57.523 0.0000000000
89297  5.961  18.019  58.366 0.0000000000
138161  6.148  21.983  60.766 0.0000000000
91676  4.563  20.811  60.160 0.0000000000
94014  4.478  23.321  60.374 0.0000000000
94738  4.503  24.703  59.613 0.0000000000
69840  44.771  -3.168  43.442 0.0000000000
70779  45.897  -2.305  43.916 0.0000000000
61408  14.177  -10.922  67.861 0.0000000000
61414  13.588  -11.211  67.360 0.0000000000
63559  13.176  -8.587  67.707 0.0000000000
73439  13.770  1.076  55.219 0.0000000000
73441  11.954  0.561  55.766 0.0000000000
74346  13.959  2.190  56.303 0.0000000000
126783  13.777  2.828  61.362 0.0000000000
76271  13.390  3.506  58.822 0.0000000000
76253  13.050  4.102  60.233 0.0000000000
77213  11.618  4.661  58.353 0.0000000000
77191  12.522  4.663  60.644 0.0000000000
78165  11.933  5.000  62.095 0.0000000000
77177  12.390  4.352  62.638 0.0000000000
65736  41.777  -7.084  51.157 0.0000000000
64737  39.691  -7.891  51.206 0.0000000000
64728  40.670  -7.974  52.408 0.0000000000
62594  40.415  -10.223  54.827 0.0000000000
62609  39.547  -10.312  54.110 0.0000000000
69727  33.858  -3.017  52.529 0.0000000000
69743  32.859  -3.111  51.378 0.0000000000
69741  34.167  -3.602  52.203 0.0000000000
142580  39.099  -5.143  52.757 0.0000000000
120398  36.062  -5.085  51.348 0.0000000000
120591  38.418  -5.146  51.277 0.0000000000
120588  37.152  -5.048  49.801 0.0000000000
68764  38.881  -4.889  50.520 0.0000000000
68763  39.842  -4.684  50.489 0.0000000000
68743  40.838  -4.595  51.400 0.0000000000
65719  42.545  -6.633  52.877 0.0000000000
67756  42.533  -5.257  51.988 0.0000000000
65735  42.525  -6.581  51.894 0.0000000000
127743  42.258  -6.761  50.691 0.0000000000
75336  7.776  2.046  52.634 0.0000000000
73468  7.141  0.026  52.228 0.0000000000
74385  7.069  1.324  51.012 0.0000000000
72603  3.539  -0.157  48.954 0.0000000000
126667  4.325  -1.072  50.274 0.0000000000
70740  3.656  -2.487  49.191 0.0000000000
68790  3.582  -4.464  48.462 0.0000000000
69793  3.459  -3.812  47.898 0.0000000000
124011  3.675  -4.539  47.505 0.0000000000
69792  3.991  -3.529  47.542 0.0000000000
73491  6.807  0.189  47.471 0.0000000000
71705  7.004  -1.209  48.000 0.0000000000
81289  8.291  8.218  46.628 0.0000000000
92542  7.302  21.418  48.648 0.0000000000
90977  8.160  20.191  47.759 0.0000000000
86976  49.347  14.121  36.517 0.0000000000
71581  18.245  -1.951  61.999 0.0000000000
71553  19.063  -2.333  64.267 0.0000000000
71580  19.457  -2.040  62.085 0.0000000000
138188  23.819  -1.841  62.890 0.0000000000
71550  23.298  -2.126  64.063 0.0000000000
71548  24.690  -1.276  63.777 0.0000000000
73369  26.001  1.160  65.919 0.0000000000
73390  26.266  0.250  64.228 0.0000000000
69674  24.043  -2.464  56.694 0.0000000000
70640  24.098  -2.046  58.096 0.0000000000
70625  24.809  -1.913  58.651 0.0000000000
74294  26.797  1.641  60.021 0.0000000000
121851  27.763  -0.142  61.156 0.0000000000
74295  26.335  1.475  60.670 0.0000000000
75258  25.415  1.688  62.065 0.0000000000
75268  24.874  1.716  60.827 0.0000000000
75261  23.449  2.427  61.507 0.0000000000
74297  23.430  1.684  60.275 0.0000000000
74332  21.879  1.850  57.122 0.0000000000
75298  21.616  2.581  58.390 0.0000000000
75308  20.848  2.748  56.772 0.0000000000
76286  20.595  3.355  56.073 0.0000000000
139303  18.515  -9.095  68.387 0.0000000000
64614  18.248  -8.495  68.130 0.0000000000
140532  18.388  -8.669  66.545 0.0000000000
64645  16.234  -9.080  61.973 0.0000000000
122015  16.513  -8.620  63.272 0.0000000000
123105  14.894  -8.651  61.239 0.0000000000
129687  14.263  -8.438  60.901 0.0000000000
64681  13.913  -8.413  58.911 0.0000000000
62586  17.894  -10.174  56.137 0.0000000000
62553  16.973  -10.275  57.574 0.0000000000
125611  16.398  -9.305  55.935 0.0000000000
128058  14.944  -5.008  53.003 0.0000000000
65715  14.870  -7.372  53.810 0.0000000000
67751  13.980  -5.228  53.622 0.0000000000
67728  13.081  -5.635  54.802 0.0000000000
69724  13.642  -3.936  53.585 0.0000000000
70700  13.344  -2.404  53.875 0.0000000000
71659  14.593  -1.467  54.090 0.0000000000
135862  18.108  -1.429  58.840 0.0000000000
72535  17.086  -0.642  58.336 0.0000000000
71604  17.937  -1.326  59.981 0.0000000000
71583  17.308  -1.110  61.279 0.0000000000
59400  24.995  -14.140  63.218 0.0000000000
58341  25.040  -15.780  64.636 0.0000000000
59390  23.897  -14.556  63.774 0.0000000000
59393  21.372  -13.564  64.836 0.0000000000
59380  21.859  -14.375  65.235 0.0000000000
58346  20.779  -14.773  66.405 0.0000000000
124081  20.975  -15.224  66.492 0.0000000000
58334  19.987  -14.645  65.902 0.0000000000
58348  18.744  -14.280  66.383 0.0000000000
61412  19.302  -10.658  67.133 0.0000000000
61413  18.788  -11.337  67.423 0.0000000000
62470  18.947  -10.663  67.788 0.0000000000
61402  18.123  -10.690  68.938 0.0000000000
66715  37.153  -6.334  58.353 0.0000000000
65682  37.669  -7.411  58.308 0.0000000000
65675  37.014  -7.732  59.140 0.0000000000
62502  34.802  -10.643  61.505 0.0000000000
137176  35.234  -10.394  61.399 0.0000000000
61459  35.479  -12.153  61.323 0.0000000000
59439  32.286  -13.838  58.965 0.0000000000
60438  32.955  -12.120  58.906 0.0000000000
58392  32.552  -14.284  59.639 0.0000000000
77232  20.513  4.242  54.365 0.0000000000
143632  20.768  2.535  54.706 0.0000000000
73458  24.871  0.818  53.530 0.0000000000
74377  23.324  1.255  52.842 0.0000000000
73465  24.581  0.496  52.638 0.0000000000
73470  24.355  0.329  51.699 0.0000000000
72583  25.996  -0.167  52.224 0.0000000000
70705  29.592  -2.839  53.793 0.0000000000
71640  29.852  -0.733  55.223 0.0000000000
71654  30.255  -1.522  54.912 0.0000000000
70669  32.054  -1.422  55.405 0.0000000000
72549  31.411  -0.294  54.856 0.0000000000
72571  31.514  -0.174  54.081 0.0000000000
72578  30.419  -0.267  52.935 0.0000000000
71666  31.983  -0.619  53.543 0.0000000000
71670  32.417  -1.236  52.995 0.0000000000
71652  33.886  -0.391  54.869 0.0000000000
68651  34.834  -3.980  58.722 0.0000000000
70637  35.057  -2.260  56.924 0.0000000000
68649  36.375  -4.407  57.850 0.0000000000
67707  37.403  -4.948  57.173 0.0000000000
99699  4.091  32.168  49.599 0.0000000000
124496  6.319  28.474  53.508 0.0000000000
137199  6.101  29.320  52.812 0.0000000000
143054  6.672  28.550  51.361 0.0000000000
73394  3.511  0.465  63.859 0.0000000000
120511  3.525  -1.257  62.041 0.0000000000
121035  3.537  0.869  63.064 0.0000000000
77193  4.265  4.515  60.145 0.0000000000
75294  4.272  2.177  60.036 0.0000000000
75293  4.381  2.771  59.364 0.0000000000
134648  4.571  1.660  58.204 0.0000000000
139663  4.979  3.870  58.335 0.0000000000
84018  5.950  11.214  59.235 0.0000000000
82095  4.297  9.442  59.948 0.0000000000
83071  4.343  10.201  58.567 0.0000000000
81223  5.729  8.076  56.072 0.0000000000
80254  5.434  7.814  56.741 0.0000000000
80253  6.158  7.348  56.465 0.0000000000
78210  6.637  5.629  56.946 0.0000000000
78216  7.663  5.511  55.959 0.0000000000
78215  8.195  5.015  55.360 0.0000000000
80261  8.079  6.842  55.132 0.0000000000
82159  7.837  9.832  51.736 0.0000000000
81249  8.767  8.108  52.459 0.0000000000
81252  8.220  8.447  50.521 0.0000000000
133055  7.488  7.577  49.629 0.0000000000
81257  6.891  8.882  49.343 0.0000000000
82173  5.339  10.072  48.721 0.0000000000
83142  6.282  10.754  49.221 0.0000000000
86824  5.556  15.186  51.746 0.0000000000
141066  5.143  14.216  50.617 0.0000000000
87723  7.052  15.576  51.364 0.0000000000
87735  7.719  15.252  50.842 0.0000000000
88560  8.732  16.236  51.693 0.0000000000
90137  5.463  18.878  56.394 0.0000000000
89316  5.309  17.694  55.592 0.0000000000
90919  6.452  19.116  56.079 0.0000000000
93311  7.503  23.185  54.276 0.0000000000
131760  8.697  20.832  55.202 0.0000000000
92495  9.292  21.111  53.429 0.0000000000
126958  9.963  20.049  52.607 0.0000000000
93315  8.531  21.979  52.441 0.0000000000
92525  8.609  21.475  50.634 0.0000000000
93328  7.454  22.756  51.572 0.0000000000
95552  4.033  26.093  51.233 0.0000000000
94833  4.478  24.747  50.516 0.0000000000
121070  35.739  1.116  46.989 0.0000000000
74393  35.331  1.997  49.209 0.0000000000
143181  36.974  1.668  48.236 0.0000000000
76366  41.211  3.220  48.255 0.0000000000
76337  39.752  2.890  49.487 0.0000000000
76336  40.743  3.733  50.608 0.0000000000
77246  40.583  4.883  52.373 0.0000000000
77256  41.749  4.459  51.294 0.0000000000
74463  46.648  0.620  44.997 0.0000000000
75417  45.606  2.107  45.569 0.0000000000
75398  46.723  1.710  47.068 0.0000000000
78287  46.340  5.236  47.333 0.0000000000
77276  45.912  3.975  48.584 0.0000000000
78289  45.384  5.990  48.327 0.0000000000
79278  43.896  6.710  50.163 0.0000000000
80302  44.605  7.717  48.380 0.0000000000
121125  44.287  8.804  48.038 0.0000000000
122412  44.862  7.444  46.519 0.0000000000
78407  51.559  6.307  38.629 0.0000000000
122887  50.919  7.245  38.882 0.0000000000
79427  51.164  6.560  37.451 0.0000000000
78447  50.360  5.896  35.961 0.0000000000
129883  49.282  4.724  36.053 0.0000000000
76513  47.639  3.668  33.794 0.0000000000
73373  20.635  -0.317  66.782 0.0000000000
64621  5.881  -8.995  68.278 0.0000000000
63566  4.105  -10.515  68.332 0.0000000000
64625  5.624  -8.867  67.258 0.0000000000
65641  5.993  -8.021  66.812 0.0000000000
66677  6.070  -6.354  66.772 0.0000000000
65637  16.213  -7.320  66.885 0.0000000000
65632  15.491  -7.295  67.204 0.0000000000
65639  14.733  -7.024  66.383 0.0000000000
66682  11.828  -7.174  64.111 0.0000000000
66678  12.623  -6.679  66.084 0.0000000000
122601  11.867  -6.496  66.098 0.0000000000
66665  12.134  -6.700  67.073 0.0000000000
66679  11.157  -6.566  65.607 0.0000000000
71625  10.914  -1.108  58.258 0.0000000000
69659  10.548  -3.048  59.435 0.0000000000
71606  10.161  -1.835  59.369 0.0000000000
70605  8.419  -2.815  61.827 0.0000000000
69648  8.995  -3.866  62.168 0.0000000000
68627  8.498  -4.256  63.492 0.0000000000
67667  9.122  -5.449  64.740 0.0000000000
68622  8.337  -4.775  64.728 0.0000000000
142461  8.060  -5.626  66.605 0.0000000000
68623  7.636  -4.110  65.025 0.0000000000
72503  6.489  -0.917  64.088 0.0000000000
70591  6.758  -2.745  64.802 0.0000000000
70592  5.741  -2.480  65.170 0.0000000000
127691  4.661  -3.107  65.292 0.0000000000
71545  5.278  -1.469  64.874 0.0000000000
72493  4.705  -0.868  64.757 0.0000000000
73386  5.469  0.406  64.748 0.0000000000
78151  6.328  5.112  63.231 0.0000000000
76227  5.281  3.650  64.920 0.0000000000
78143  5.137  5.587  64.708 0.0000000000
79177  4.608  6.709  65.156 0.0000000000
80195  5.869  7.237  65.128 0.0000000000
79185  10.872  6.893  63.308 0.0000000000
80213  9.808  7.528  62.279 0.0000000000
135918  9.769  7.962  64.842 0.0000000000
83018  8.718  10.108  66.772 0.0000000000
81162  8.234  9.051  66.412 0.0000000000
83024  8.125  10.266  66.272 0.0000000000
83026  6.811  9.951  65.528 0.0000000000
83028  7.830  10.656  65.400 0.0000000000
83982  8.451  11.285  63.897 0.0000000000
126357  9.221  11.382  64.522 0.0000000000
85876  11.396  13.111  62.694 0.0000000000
86733  12.492  15.034  63.171 0.0000000000
131841  11.679  16.352  62.291 0.0000000000
63638  39.458  -9.772  58.856 0.0000000000
62531  39.922  -10.306  57.933 0.0000000000
61472  39.920  -11.561  58.533 0.0000000000
77252  20.558  4.535  52.256 0.0000000000
136584  20.673  5.659  52.033 0.0000000000
142095  20.511  4.028  50.562 0.0000000000
74417  21.813  1.739  47.243 0.0000000000
129222  20.435  4.805  47.811 0.0000000000
77314  20.643  4.742  46.931 0.0000000000
80321  20.836  6.851  46.959 0.0000000000
135436  21.275  4.050  45.995 0.0000000000
69774  30.517  -3.665  48.611 0.0000000000
144847  27.460  -2.951  47.092 0.0000000000
69802  29.413  -3.703  46.438 0.0000000000
70806  28.106  -1.992  43.709 0.0000000000
71734  26.540  -1.345  44.085 0.0000000000
72662  26.715  -0.387  43.723 0.0000000000
75450  24.192  2.201  44.463 0.0000000000
125719  25.924  1.766  44.303 0.0000000000
75430  25.581  3.292  45.157 0.0000000000
74476  27.525  1.537  44.246 0.0000000000
72639  31.730  0.159  44.135 0.0000000000
74473  30.114  1.240  44.675 0.0000000000
73511  31.643  1.093  45.173 0.0000000000
74434  30.959  1.912  46.173 0.0000000000
73510  32.525  0.983  45.584 0.0000000000
73496  34.017  0.958  46.191 0.0000000000
73524  34.045  0.426  44.637 0.0000000000
136931  38.198  -1.931  43.256 0.0000000000
121640  37.655  -0.312  43.036 0.0000000000
72651  39.207  -0.577  43.172 0.0000000000
120792  39.770  -0.165  43.237 0.0000000000
71732  40.537  -1.756  43.864 0.0000000000
133062  41.127  -4.073  48.686 0.0000000000
69780  40.345  -3.567  47.566 0.0000000000
126309  41.510  -4.025  47.992 0.0000000000
68823  42.263  -4.572  46.835 0.0000000000
69795  41.818  -3.884  46.270 0.0000000000
69809  42.096  -3.392  45.358 0.0000000000
127034  42.270  -2.972  44.628 0.0000000000
69808  42.625  -3.783  45.126 0.0000000000
123019  43.168  -3.718  44.569 0.0000000000
68857  42.920  -4.213  44.833 0.0000000000
91681  12.743  21.090  60.614 0.0000000000
68643  4.673  -4.150  60.465 0.0000000000
68641  5.864  -5.069  60.928 0.0000000000
125490  5.873  -4.938  60.022 0.0000000000
120209  8.324  -5.331  57.167 0.0000000000
66722  8.781  -6.292  58.655 0.0000000000
69739  6.629  -3.179  52.421 0.0000000000
68717  7.056  -3.671  53.347 0.0000000000
68737  8.072  -4.692  51.926 0.0000000000
84108  3.055  11.294  47.392 0.0000000000
83155  1.621  10.000  47.113 0.0000000000
84112  2.787  11.362  47.112 0.0000000000
86911  4.487  14.005  44.399 0.0000000000
84138  4.321  12.353  44.542 0.0000000000
144705  5.928  11.703  44.490 0.0000000000
84115  7.912  11.099  45.949 0.0000000000
85111  6.860  12.215  43.593 0.0000000000
88605  8.755  15.965  45.634 0.0000000000
87805  8.368  15.085  42.653 0.0000000000
76315  33.071  4.857  53.192 0.0000000000
77258  31.344  5.429  52.415 0.0000000000
78237  32.822  6.254  53.805 0.0000000000
88722  56.461  15.796  27.673 0.0000000000
87942  57.304  15.296  26.083 0.0000000000
87074  58.062  15.104  24.638 0.0000000000
86174  57.482  13.875  25.524 0.0000000000
82256  47.943  9.988  37.870 0.0000000000
84186  48.678  12.322  39.333 0.0000000000
83237  48.660  10.921  37.674 0.0000000000
83263  51.533  10.906  34.817 0.0000000000
84200  51.049  12.493  36.033 0.0000000000
84211  52.449  12.548  34.571 0.0000000000
85170  52.495  13.295  34.872 0.0000000000
84231  52.894  12.196  33.827 0.0000000000
83319  53.374  11.232  29.735 0.0000000000
84271  54.300  12.259  31.762 0.0000000000
84288  54.572  12.072  29.887 0.0000000000
85260  55.532  13.003  29.720 0.0000000000
84307  54.687  11.568  27.614 0.0000000000
83367  58.216  10.969  23.665 0.0000000000
64756  20.766  -8.450  49.540 0.0000000000
129537  21.122  -6.749  48.983 0.0000000000
65758  22.094  -7.831  48.788 0.0000000000
124117  24.082  -7.469  48.920 0.0000000000
66799  25.828  -6.571  49.636 0.0000000000
61499  22.336  -11.834  56.606 0.0000000000
62583  21.117  -10.906  55.062 0.0000000000
61534  21.761  -11.260  53.699 0.0000000000
63715  21.222  -9.958  51.842 0.0000000000
59455  26.501  -13.774  58.769 0.0000000000
120100  25.717  -13.264  59.307 0.0000000000
60450  24.553  -12.651  58.061 0.0000000000
60451  23.721  -12.415  57.622 0.0000000000
61528  27.506  -11.088  53.700 0.0000000000
60465  28.648  -12.689  54.957 0.0000000000
59491  27.038  -13.435  55.032 0.0000000000
133677  26.888  -13.781  56.665 0.0000000000
65745  26.945  -7.294  50.362 0.0000000000
64751  26.255  -8.725  50.766 0.0000000000
63705  27.053  -9.792  52.679 0.0000000000
94011  7.839  23.580  60.936 0.0000000000
94735  7.716  25.317  59.930 0.0000000000
94010  8.542  23.870  60.620 0.0000000000
94015  9.598  23.871  59.646 0.0000000000
94031  10.034  23.580  58.050 0.0000000000
139521  10.679  14.101  59.809 0.0000000000
85900  10.399  13.750  58.262 0.0000000000
88511  10.420  16.319  58.148 0.0000000000
89301  9.853  17.869  57.967 0.0000000000
90131  8.250  18.362  58.145 0.0000000000
90125  6.728  18.975  58.623 0.0000000000
126179  8.199  19.907  60.286 0.0000000000
92446  7.323  20.991  61.059 0.0000000000
68886  43.415  -4.225  42.187 0.0000000000
69862  44.615  -3.374  42.155 0.0000000000
140404  14.576  -11.196  68.952 0.0000000000
63569  14.537  -9.482  67.601 0.0000000000
73415  15.398  0.859  59.633 0.0000000000
74321  14.570  1.830  58.607 0.0000000000
74300  14.751  1.297  60.895 0.0000000000
74289  14.304  1.849  62.602 0.0000000000
75255  13.797  2.285  63.360 0.0000000000
75249  13.002  2.911  64.563 0.0000000000
74258  13.791  1.618  65.019 0.0000000000
141141  13.870  1.797  66.940 0.0000000000
65720  42.421  -7.148  53.903 0.0000000000
64718  41.515  -8.287  53.779 0.0000000000
64708  41.590  -8.650  54.854 0.0000000000
63683  41.448  -9.268  55.864 0.0000000000
62562  40.545  -10.630  56.367 0.0000000000
125909  36.271  -4.607  54.564 0.0000000000
68702  36.671  -4.922  53.782 0.0000000000
121111  38.223  -5.133  54.514 0.0000000000
68700  39.282  -5.293  54.223 0.0000000000
124433  40.268  -5.138  52.808 0.0000000000
68720  40.909  -4.988  52.444 0.0000000000
68683  41.275  -5.355  54.132 0.0000000000
67733  42.253  -6.220  54.508 0.0000000000
76329  7.017  3.689  50.345 0.0000000000
75354  5.835  2.079  50.371 0.0000000000
139119  5.436  2.645  50.054 0.0000000000
74396  4.104  1.873  49.538 0.0000000000
131904  3.456  0.159  48.324 0.0000000000
72616  4.050  -0.737  47.643 0.0000000000
73493  4.422  0.858  47.447 0.0000000000
139576  4.800  1.424  47.159 0.0000000000
76410  5.920  3.893  45.893 0.0000000000
140794  5.824  5.891  46.187 0.0000000000
80325  5.157  7.003  46.500 0.0000000000
85153  47.505  12.906  38.159 0.0000000000
87123  59.238  14.516  17.896 0.0000000000
71602  19.281  -1.567  59.891 0.0000000000
71591  20.518  -1.435  60.895 0.0000000000
70611  20.778  -1.357  60.236 0.0000000000
121839  22.534  -1.443  60.172 0.0000000000
70602  24.354  -1.588  61.153 0.0000000000
140000  26.545  -1.953  57.788 0.0000000000
71611  26.415  -1.819  58.821 0.0000000000
72530  28.321  -0.624  58.782 0.0000000000
74305  27.454  1.752  59.270 0.0000000000
75296  26.042  1.480  59.280 0.0000000000
74307  24.724  1.439  59.151 0.0000000000
74319  24.649  1.260  58.397 0.0000000000
122068  23.482  1.423  56.788 0.0000000000
127729  21.989  1.527  55.668 0.0000000000
63575  19.361  -9.367  66.244 0.0000000000
63581  18.672  -9.161  65.055 0.0000000000
63587  18.340  -9.211  64.055 0.0000000000
63600  17.858  -9.616  62.510 0.0000000000
63631  16.235  -9.514  60.427 0.0000000000
66755  16.693  -7.868  51.981 0.0000000000
65714  16.135  -8.028  52.916 0.0000000000
66769  16.312  -6.669  51.734 0.0000000000
68710  16.637  -4.273  52.270 0.0000000000
70712  16.378  -2.692  53.734 0.0000000000
71657  16.402  -1.555  54.803 0.0000000000
71656  17.286  -1.601  55.144 0.0000000000
71629  18.530  -1.563  57.543 0.0000000000
61442  23.219  -12.278  62.794 0.0000000000
60371  23.301  -13.656  63.428 0.0000000000
60386  22.082  -12.248  63.426 0.0000000000
60387  21.423  -11.841  63.815 0.0000000000
137307  20.064  -12.468  64.956 0.0000000000
59395  19.408  -13.028  65.471 0.0000000000
61434  20.085  -11.074  65.646 0.0000000000
62487  20.170  -10.313  65.664 0.0000000000
67690  33.911  -5.327  59.781 0.0000000000
66701  34.876  -6.814  60.415 0.0000000000
65669  33.359  -7.272  61.197 0.0000000000
63609  32.779  -9.063  61.110 0.0000000000
129173  33.702  -10.800  60.232 0.0000000000
58364  30.211  -15.560  61.939 0.0000000000
57337  31.100  -15.374  61.259 0.0000000000
57316  30.715  -16.285  63.186 0.0000000000
55295  30.695  -17.039  63.780 0.0000000000
74356  22.440  1.415  54.805 0.0000000000
74355  24.066  1.391  55.251 0.0000000000
74372  25.124  0.978  54.392 0.0000000000
73456  26.603  0.590  53.880 0.0000000000
67757  31.570  -5.274  52.882 0.0000000000
69693  31.222  -2.953  54.185 0.0000000000
68704  32.142  -4.624  53.772 0.0000000000
144369  32.536  -3.293  55.006 0.0000000000
69681  33.200  -2.922  55.541 0.0000000000
70667  33.851  -1.755  55.902 0.0000000000
68670  34.191  -3.670  56.698 0.0000000000
67709  33.995  -5.233  57.987 0.0000000000
97037  3.619  27.953  50.912 0.0000000000
121683  3.454  29.534  49.362 0.0000000000
120466  3.394  29.460  51.039 0.0000000000
99062  3.722  31.014  51.202 0.0000000000
99691  4.842  31.658  50.691 0.0000000000
96348  7.832  26.588  50.464 0.0000000000
97054  7.465  27.575  50.168 0.0000000000
97065  8.202  27.406  48.639 0.0000000000
77173  3.554  4.540  64.796 0.0000000000
121034  3.562  2.724  62.475 0.0000000000
78160  3.491  5.166  63.016 0.0000000000
78179  3.769  5.835  61.448 0.0000000000
135136  4.124  6.051  60.485 0.0000000000
84982  5.923  12.484  57.100 0.0000000000
83078  4.244  10.813  57.339 0.0000000000
141774  4.636  11.357  56.917 0.0000000000
131680  4.894  10.279  55.552 0.0000000000
82130  5.781  9.110  55.061 0.0000000000
81241  7.421  8.386  54.436 0.0000000000
83100  6.047  10.077  53.996 0.0000000000
126949  6.674  10.585  52.941 0.0000000000
124616  6.293  11.651  51.897 0.0000000000
84087  6.272  11.847  51.034 0.0000000000
128512  5.156  13.230  51.975 0.0000000000
86825  5.276  15.113  52.324 0.0000000000
88552  6.396  16.267  52.942 0.0000000000
93281  6.111  22.326  57.707 0.0000000000
91690  7.224  21.152  57.137 0.0000000000
94042  6.461  23.405  56.486 0.0000000000
134029  6.121  24.063  55.019 0.0000000000
94071  6.803  23.649  53.732 0.0000000000
94086  5.890  24.262  52.581 0.0000000000
94797  4.977  25.107  53.467 0.0000000000
96326  4.100  26.008  52.792 0.0000000000
75424  38.528  1.838  45.217 0.0000000000
120143  38.921  2.155  47.020 0.0000000000
120424  40.324  2.738  45.958 0.0000000000
75422  41.150  3.039  46.329 0.0000000000
76365  42.429  3.368  47.781 0.0000000000
73504  48.465  0.569  45.409 0.0000000000
74407  47.500  1.587  47.505 0.0000000000
75397  48.966  2.312  47.009 0.0000000000
77301  48.712  4.262  46.510 0.0000000000
78325  46.815  5.766  45.632 0.0000000000
79325  46.021  6.352  45.286 0.0000000000
78340  48.253  5.814  44.451 0.0000000000
79351  48.045  6.470  43.556 0.0000000000
80353  48.694  6.932  42.394 0.0000000000
143870  49.550  7.215  41.028 0.0000000000
80362  50.372  7.096  41.037 0.0000000000
78374  51.359  6.150  39.631 0.0000000000
77388  50.208  4.701  38.646 0.0000000000
74245  22.802  2.136  66.720 0.0000000000
76216  21.714  3.314  65.410 0.0000000000
62478  6.989  -11.116  68.377 0.0000000000
63553  7.065  -9.007  69.292 0.0000000000
65629  6.902  -7.316  68.825 0.0000000000
65654  13.896  -7.701  63.868 0.0000000000
65649  14.197  -7.475  64.783 0.0000000000
65655  13.230  -7.671  63.188 0.0000000000
66687  11.833  -7.251  63.148 0.0000000000
66693  10.988  -6.684  62.203 0.0000000000
74323  9.338  1.278  58.564 0.0000000000
71607  9.543  -1.800  59.708 0.0000000000
72527  8.505  -0.468  59.947 0.0000000000
123435  7.970  -1.322  61.099 0.0000000000
71584  7.704  -1.312  61.909 0.0000000000
70599  7.493  -2.167  63.345 0.0000000000
71585  7.350  -0.877  62.453 0.0000000000
72509  6.821  -0.349  62.962 0.0000000000
74268  6.427  1.090  63.718 0.0000000000
74259  5.995  1.646  64.554 0.0000000000
75256  6.592  2.581  63.036 0.0000000000
77178  6.473  4.236  62.823 0.0000000000
79195  7.197  6.524  62.447 0.0000000000
80190  9.802  7.969  66.512 0.0000000000
82057  10.539  8.940  67.491 0.0000000000
83971  10.720  11.446  65.401 0.0000000000
128439  10.370  11.658  64.625 0.0000000000
84917  12.135  12.222  64.618 0.0000000000
59436  39.299  -13.349  58.968 0.0000000000
74386  22.373  1.314  50.587 0.0000000000
75365  20.700  2.839  49.536 0.0000000000
73482  22.539  0.973  49.593 0.0000000000
126758  22.848  0.652  47.815 0.0000000000
73486  23.183  0.539  47.100 0.0000000000
68812  32.771  -4.503  47.420 0.0000000000
68831  30.123  -4.036  45.936 0.0000000000
68829  32.073  -4.556  45.905 0.0000000000
69833  30.943  -3.879  43.916 0.0000000000
70804  29.742  -2.193  43.360 0.0000000000
73547  29.152  0.198  43.629 0.0000000000
122421  31.030  -1.721  42.940 0.0000000000
71748  32.955  -1.350  43.103 0.0000000000
72655  33.497  -0.801  43.358 0.0000000000
140422  34.746  -0.560  43.447 0.0000000000
121607  35.854  -1.773  42.807 0.0000000000
120664  37.797  -2.648  43.534 0.0000000000
125613  38.935  -2.909  44.374 0.0000000000
133877  43.585  -5.145  49.094 0.0000000000
69777  42.231  -4.317  48.289 0.0000000000
67793  43.319  -5.340  48.566 0.0000000000
67799  42.765  -5.630  47.779 0.0000000000
67809  42.314  -5.585  46.776 0.0000000000
129881  42.425  -5.291  45.050 0.0000000000
66845  41.091  -6.142  46.115 0.0000000000
70634  4.493  -2.437  58.179 0.0000000000
68654  5.235  -4.289  58.751 0.0000000000
68664  5.761  -3.867  57.474 0.0000000000
143479  6.605  -4.357  56.768 0.0000000000
67731  8.584  -5.368  55.612 0.0000000000
67781  6.113  -4.913  49.697 0.0000000000
66805  7.541  -6.660  49.118 0.0000000000
86868  5.401  14.023  48.082 0.0000000000
86009  3.775  12.917  46.754 0.0000000000
86879  5.955  14.243  47.208 0.0000000000
125894  5.694  14.349  45.763 0.0000000000
86903  6.088  14.631  44.520 0.0000000000
78224  36.707  5.742  53.194 0.0000000000
78236  34.086  6.507  53.476 0.0000000000
78246  36.099  6.328  51.851 0.0000000000
77279  35.422  5.081  49.130 0.0000000000
130331  35.536  4.419  47.479 0.0000000000
87917  53.835  15.460  29.768 0.0000000000
88715  55.555  15.881  28.915 0.0000000000
134662  56.274  14.696  28.510 0.0000000000
81382  50.108  8.941  36.192 0.0000000000
82279  49.427  10.006  36.366 0.0000000000
125824  50.789  8.617  35.571 0.0000000000
81394  51.394  9.058  34.429 0.0000000000
82308  51.908  9.603  32.968 0.0000000000
83350  54.746  10.367  26.416 0.0000000000
70708  19.990  -2.927  53.643 0.0000000000
70692  21.421  -2.418  55.325 0.0000000000
69716  21.047  -3.006  53.573 0.0000000000
69715  22.681  -3.336  53.568 0.0000000000
122464  23.758  -3.388  54.261 0.0000000000
68787  22.434  -5.013  49.798 0.0000000000
69734  23.679  -3.700  52.781 0.0000000000
69684  24.983  -2.969  55.472 0.0000000000
70672  26.334  -2.589  56.190 0.0000000000
122148  27.197  -2.366  56.217 0.0000000000
73429  28.726  0.766  56.957 0.0000000000
63626  20.773  -10.280  61.477 0.0000000000
63643  19.521  -10.377  60.298 0.0000000000
132060  20.012  -10.448  59.905 0.0000000000
62551  18.733  -10.584  57.535 0.0000000000
63693  18.574  -9.630  54.698 0.0000000000
135790  20.159  -9.876  54.312 0.0000000000
63707  19.071  -9.200  53.342 0.0000000000
64725  17.993  -8.889  52.739 0.0000000000
66767  17.311  -6.827  50.861 0.0000000000
68708  18.184  -4.500  51.152 0.0000000000
58350  27.874  -15.958  64.126 0.0000000000
135903  26.717  -16.174  64.989 0.0000000000
138035  26.975  -15.393  63.678 0.0000000000
59399  25.829  -14.537  63.240 0.0000000000
60396  24.637  -13.068  62.451 0.0000000000
60433  24.776  -12.513  60.632 0.0000000000
61454  24.068  -11.993  61.894 0.0000000000
61451  23.306  -11.802  62.402 0.0000000000
62496  22.866  -11.143  61.865 0.0000000000
62505  21.878  -10.425  61.773 0.0000000000
65693  29.941  -8.140  57.383 0.0000000000
63656  31.000  -9.432  58.824 0.0000000000
62546  30.607  -10.125  57.439 0.0000000000
60449  31.446  -12.346  57.052 0.0000000000
125955  31.324  -13.957  58.120 0.0000000000
129610  29.289  -13.818  56.532 0.0000000000
58406  29.805  -14.540  58.482 0.0000000000
126393  30.000  -14.969  59.946 0.0000000000
58375  29.339  -15.306  61.436 0.0000000000
120910  28.231  -15.394  62.620 0.0000000000
124282  28.884  0.713  56.036 0.0000000000
70670  28.370  -2.120  55.213 0.0000000000
70706  28.816  -2.829  53.826 0.0000000000
69728  29.797  -3.816  52.484 0.0000000000
66786  27.801  -6.909  50.708 0.0000000000
66778  29.118  -6.811  51.519 0.0000000000
66784  30.465  -5.989  51.841 0.0000000000
66754  30.197  -7.109  53.635 0.0000000000
65704  29.749  -7.459  56.211 0.0000000000
96301  4.085  27.074  57.022 0.0000000000
97689  4.330  28.564  55.783 0.0000000000
97677  5.252  28.556  57.218 0.0000000000
97014  6.147  28.237  56.131 0.0000000000
96313  6.747  27.168  54.720 0.0000000000
95489  8.100  25.961  57.796 0.0000000000
95507  7.636  26.138  56.045 0.0000000000
96318  7.548  26.324  53.403 0.0000000000
95533  7.871  25.938  52.025 0.0000000000
95567  9.412  25.317  50.500 0.0000000000
95580  10.759  25.672  49.747 0.0000000000
83040  6.350  10.671  62.808 0.0000000000
132784  5.132  10.061  62.119 0.0000000000
83055  6.490  10.586  60.815 0.0000000000
84017  6.923  11.036  59.389 0.0000000000
84027  6.456  11.556  58.656 0.0000000000
84980  9.679  12.522  57.830 0.0000000000
84996  8.383  12.761  56.994 0.0000000000
143124  6.683  12.340  57.485 0.0000000000
85922  6.772  13.328  56.643 0.0000000000
86775  6.115  14.137  56.461 0.0000000000
133976  5.122  14.891  55.446 0.0000000000
87677  4.895  15.566  55.012 0.0000000000
88521  4.714  16.355  56.743 0.0000000000
89306  4.464  17.782  57.132 0.0000000000
90904  5.019  19.975  57.886 0.0000000000
90900  5.502  19.613  59.001 0.0000000000
90895  4.648  20.370  59.385 0.0000000000
92468  5.043  21.070  58.591 0.0000000000
94024  4.564  23.678  58.918 0.0000000000
94756  4.417  25.357  58.141 0.0000000000
72634  44.381  -1.208  43.812 0.0000000000
73521  44.308  0.021  43.828 0.0000000000
72633  45.191  -0.639  44.106 0.0000000000
144402  46.623  -0.897  44.518 0.0000000000
72631  47.209  -0.976  44.512 0.0000000000
71737  47.231  -1.332  43.376 0.0000000000
72645  48.213  -0.500  44.181 0.0000000000
73551  48.371  0.757  43.619 0.0000000000
74493  48.216  1.582  43.192 0.0000000000
76442  47.942  3.238  42.175 0.0000000000
121283  48.089  3.762  41.258 0.0000000000
62474  11.340  -9.882  67.485 0.0000000000
141122  10.965  -8.618  69.154 0.0000000000
69677  12.069  -3.343  56.570 0.0000000000
69662  11.528  -3.522  58.227 0.0000000000
126403  11.783  -1.846  56.430 0.0000000000
72543  11.389  -0.440  56.670 0.0000000000
141693  10.971  1.071  57.010 0.0000000000
75310  13.715  2.949  57.475 0.0000000000
138624  12.163  3.080  56.756 0.0000000000
74335  10.559  1.830  57.362 0.0000000000
126353  10.237  3.307  57.867 0.0000000000
76273  9.999  4.059  58.351 0.0000000000
77202  9.369  5.064  59.241 0.0000000000
78186  8.940  5.618  59.848 0.0000000000
78176  10.657  6.148  60.231 0.0000000000
79193  11.240  6.405  62.506 0.0000000000
125304  11.405  5.652  64.575 0.0000000000
77161  12.224  3.968  65.519 0.0000000000
77155  11.764  4.663  66.072 0.0000000000
64781  40.053  -7.428  48.949 0.0000000000
64766  38.721  -7.819  48.896 0.0000000000
64748  39.630  -7.676  50.080 0.0000000000
64738  38.952  -8.298  51.380 0.0000000000
63700  40.294  -9.229  53.629 0.0000000000
63702  39.119  -9.915  53.675 0.0000000000
70731  28.938  -2.041  50.067 0.0000000000
70738  27.731  -2.333  49.111 0.0000000000
70735  30.254  -2.725  49.813 0.0000000000
69765  31.514  -3.568  49.611 0.0000000000
131898  32.077  -4.106  48.901 0.0000000000
68748  35.613  -4.681  52.228 0.0000000000
120397  34.699  -4.500  50.221 0.0000000000
68785  34.294  -4.475  49.324 0.0000000000
68799  34.946  -4.665  48.474 0.0000000000
129575  35.924  -4.640  47.907 0.0000000000
68808  36.925  -4.603  47.742 0.0000000000
68824  37.677  -4.294  46.722 0.0000000000
121026  39.587  -4.469  48.931 0.0000000000
69762  40.526  -4.329  49.339 0.0000000000
69750  42.244  -3.968  50.016 0.0000000000
68742  41.505  -4.417  51.365 0.0000000000
68741  42.249  -4.395  51.048 0.0000000000
68760  43.159  -4.754  49.963 0.0000000000
66796  43.070  -6.038  49.916 0.0000000000
65752  41.656  -7.078  49.748 0.0000000000
74371  7.156  1.043  54.878 0.0000000000
129155  6.634  -0.577  55.004 0.0000000000
72568  6.953  -0.314  53.974 0.0000000000
71674  6.395  -1.981  52.496 0.0000000000
69740  6.137  -3.075  51.597 0.0000000000
72597  5.500  -0.160  50.712 0.0000000000
71685  5.037  -2.000  50.930 0.0000000000
68759  5.621  -3.721  50.460 0.0000000000
68789  4.822  -4.723  49.189 0.0000000000
67795  4.327  -5.933  48.327 0.0000000000
81301  10.590  8.382  45.644 0.0000000000
90200  9.736  18.839  48.894 0.0000000000
89372  10.121  17.597  48.164 0.0000000000
90201  9.206  19.111  48.161 0.0000000000
79290  41.147  7.313  48.353 0.0000000000
79291  40.071  6.263  48.378 0.0000000000
87007  50.307  14.419  34.458 0.0000000000
121824  52.139  15.179  34.330 0.0000000000
72498  16.990  -1.821  64.975 0.0000000000
72487  17.209  -1.321  66.472 0.0000000000
71554  18.519  -2.178  65.010 0.0000000000
71540  20.041  -2.304  65.722 0.0000000000
140334  21.514  -2.040  66.225 0.0000000000
71565  21.744  -1.940  62.970 0.0000000000
71538  22.835  -1.973  64.967 0.0000000000
72470  23.292  -0.262  66.648 0.0000000000
73362  24.573  1.040  67.176 0.0000000000
75235  25.431  2.752  65.477 0.0000000000
136710  24.632  3.054  63.921 0.0000000000
70641  23.067  -1.861  57.844 0.0000000000
70618  24.014  -1.736  59.668 0.0000000000
70601  25.228  -1.604  61.587 0.0000000000
71600  26.425  -1.667  59.824 0.0000000000
121293  26.337  -1.454  61.561 0.0000000000
72506  26.747  -0.646  62.658 0.0000000000
74262  26.185  0.998  63.611 0.0000000000
75252  25.207  2.096  63.187 0.0000000000
76238  23.775  3.092  62.809 0.0000000000
77195  22.089  4.110  60.203 0.0000000000
75297  22.655  1.654  59.044 0.0000000000
77196  21.748  3.622  59.335 0.0000000000
143334  21.611  4.221  58.648 0.0000000000
78196  21.496  5.438  57.471 0.0000000000
79246  21.512  6.815  55.553 0.0000000000
63549  16.181  -10.167  69.270 0.0000000000
64607  17.269  -9.033  68.808 0.0000000000
65630  16.980  -7.627  67.168 0.0000000000
64631  16.392  -7.800  65.491 0.0000000000
64630  17.694  -8.833  64.952 0.0000000000
64636  16.363  -8.056  64.582 0.0000000000
64637  15.468  -7.970  64.204 0.0000000000
65662  14.139  -8.116  62.233 0.0000000000
65678  13.105  -7.644  60.115 0.0000000000
140251  12.786  -6.578  58.658 0.0000000000
63644  18.556  -10.254  59.961 0.0000000000
140549  16.431  -9.885  59.085 0.0000000000
64679  15.244  -9.378  58.096 0.0000000000
64704  15.485  -8.628  55.212 0.0000000000
64705  14.732  -8.311  55.604 0.0000000000
64690  14.327  -8.489  57.360 0.0000000000
130183  13.412  -7.377  57.574 0.0000000000
66741  12.862  -5.949  56.547 0.0000000000
120954  12.416  -4.799  56.172 0.0000000000
70680  12.242  -2.608  55.142 0.0000000000
72566  13.607  -0.617  54.432 0.0000000000
73437  15.324  0.427  55.884 0.0000000000
72552  16.506  -0.521  56.078 0.0000000000
72536  16.328  -0.098  57.683 0.0000000000
73426  15.857  0.512  58.091 0.0000000000
72519  16.343  -0.313  60.499 0.0000000000
136249  16.435  -1.134  62.752 0.0000000000
56324  25.814  -16.466  65.194 0.0000000000
59379  22.697  -14.625  64.735 0.0000000000
133860  18.682  -12.987  66.352 0.0000000000
66725  40.320  -6.432  56.891 0.0000000000
120924  40.368  -7.470  57.144 0.0000000000
139785  39.290  -7.871  57.709 0.0000000000
64666  38.678  -8.767  58.578 0.0000000000
62520  38.694  -9.936  59.417 0.0000000000
63622  35.860  -9.072  60.510 0.0000000000
63621  36.492  -9.741  60.052 0.0000000000
124290  38.110  -12.110  59.961 0.0000000000
62532  31.824  -10.134  59.216 0.0000000000
61474  33.521  -11.284  59.722 0.0000000000
59426  33.949  -13.272  60.013 0.0000000000
57333  34.466  -15.146  61.486 0.0000000000
124109  21.359  6.922  54.756 0.0000000000
78218  20.772  5.706  54.558 0.0000000000
77234  20.557  4.497  53.439 0.0000000000
75334  20.697  2.856  52.553 0.0000000000
136960  22.154  1.655  53.444 0.0000000000
128487  22.033  1.805  52.766 0.0000000000
74382  22.501  1.493  51.555 0.0000000000
73471  23.625  0.726  51.372 0.0000000000
72590  24.927  -0.115  51.086 0.0000000000
71682  27.099  -1.003  50.994 0.0000000000
73436  28.756  0.981  55.735 0.0000000000
73446  28.061  0.792  55.101 0.0000000000
73455  27.599  0.495  54.066 0.0000000000
71639  30.809  -0.633  55.072 0.0000000000
73453  29.646  0.464  54.329 0.0000000000
72575  28.178  0.117  53.323 0.0000000000
72581  27.767  -0.297  52.512 0.0000000000
71681  27.932  -1.148  51.190 0.0000000000
71688  28.445  -1.569  50.608 0.0000000000
71677  31.254  -1.601  51.974 0.0000000000
70719  32.783  -1.989  52.547 0.0000000000
70703  34.504  -2.070  54.224 0.0000000000
71626  35.078  -1.192  56.258 0.0000000000
70684  35.262  -1.559  55.746 0.0000000000
69691  35.501  -2.778  55.497 0.0000000000
68667  37.044  -4.772  56.045 0.0000000000
68656  39.055  -5.165  56.500 0.0000000000
98385  4.863  30.164  53.888 0.0000000000
98394  5.499  30.625  51.819 0.0000000000
99070  6.322  30.729  49.497 0.0000000000
97738  7.585  28.804  48.681 0.0000000000
126741  7.373  29.628  48.594 0.0000000000
136506  4.213  -3.750  64.119 0.0000000000
68633  5.045  -4.581  62.750 0.0000000000
69651  4.033  -3.484  62.701 0.0000000000
69654  3.816  -2.919  61.873 0.0000000000
121388  3.679  -1.981  60.026 0.0000000000
74291  3.844  1.804  61.469 0.0000000000
73412  3.763  0.340  60.516 0.0000000000
71609  4.017  -1.563  59.361 0.0000000000
72534  4.363  -0.221  58.256 0.0000000000
127773  5.048  0.450  57.149 0.0000000000
74350  6.037  1.997  56.596 0.0000000000
82089  4.303  9.524  61.111 0.0000000000
80230  3.816  7.753  60.295 0.0000000000
79230  4.685  6.568  58.826 0.0000000000
82115  4.005  9.267  57.483 0.0000000000
80240  5.034  7.254  57.922 0.0000000000
78193  5.272  5.255  58.348 0.0000000000
76282  5.988  4.319  57.385 0.0000000000
76290  6.319  3.219  56.699 0.0000000000
75326  6.906  2.489  55.713 0.0000000000
76297  7.742  3.293  55.093 0.0000000000
76299  8.765  3.778  53.779 0.0000000000
77244  8.992  4.434  52.143 0.0000000000
80272  8.780  7.563  53.294 0.0000000000
79261  9.323  6.153  52.166 0.0000000000
77253  8.250  4.661  50.804 0.0000000000
78269  7.304  5.790  49.786 0.0000000000
79285  5.833  6.178  49.309 0.0000000000
80293  4.322  7.539  48.834 0.0000000000
80299  2.444  7.956  48.043 0.0000000000
81268  3.602  8.292  48.620 0.0000000000
83147  4.594  10.748  48.314 0.0000000000
85094  4.799  12.532  48.225 0.0000000000
85078  5.198  13.435  50.469 0.0000000000
85086  5.205  13.287  49.347 0.0000000000
85989  5.197  13.673  49.347 0.0000000000
86855  6.215  14.494  49.564 0.0000000000
86841  8.575  14.782  49.853 0.0000000000
88568  10.118  15.981  50.096 0.0000000000
88532  5.129  16.664  54.904 0.0000000000
89337  6.462  16.987  54.102 0.0000000000
89336  7.446  17.300  53.845 0.0000000000
91705  7.908  20.249  55.790 0.0000000000
90156  8.274  18.682  54.679 0.0000000000
89335  8.445  17.553  53.624 0.0000000000
89345  9.717  17.525  52.498 0.0000000000
90176  10.330  18.361  51.617 0.0000000000
90184  10.102  19.241  50.313 0.0000000000
91751  9.275  20.239  49.705 0.0000000000
92533  8.361  21.329  49.783 0.0000000000
93346  6.328  22.673  49.628 0.0000000000
94107  6.187  23.654  51.020 0.0000000000
94114  5.361  23.516  49.896 0.0000000000
93348  5.053  23.067  49.158 0.0000000000
75373  32.484  2.492  48.841 0.0000000000
75363  31.797  2.956  49.703 0.0000000000
75361  33.627  2.552  49.843 0.0000000000
75349  34.795  2.958  50.942 0.0000000000
75339  36.020  3.197  51.934 0.0000000000
75370  38.153  2.271  49.042 0.0000000000
75346  38.037  2.899  50.704 0.0000000000
76311  37.397  3.668  52.551 0.0000000000
134191  38.776  5.112  52.972 0.0000000000
79259  39.693  6.002  52.457 0.0000000000
80277  40.930  7.057  51.254 0.0000000000
75440  44.193  2.156  44.579 0.0000000000
76378  44.133  2.732  46.291 0.0000000000
76364  44.109  3.050  48.597 0.0000000000
75382  46.216  2.554  47.431 0.0000000000
76348  44.871  3.152  49.201 0.0000000000
76349  43.912  3.405  49.577 0.0000000000
78258  43.320  4.822  50.693 0.0000000000
80281  42.284  7.621  50.935 0.0000000000
130731  41.779  8.056  49.653 0.0000000000
127669  42.147  8.798  48.568 0.0000000000
80338  44.705  7.489  44.871 0.0000000000
82249  47.194  9.837  39.212 0.0000000000
81350  48.096  8.714  38.239 0.0000000000
80386  49.964  7.314  39.520 0.0000000000
80401  50.098  7.471  38.522 0.0000000000
81364  49.198  8.626  37.130 0.0000000000
80430  50.691  7.468  36.592 0.0000000000
79450  50.629  6.609  35.471 0.0000000000
77452  49.421  5.585  33.762 0.0000000000
76447  48.209  4.140  40.339 0.0000000000
76461  48.363  4.345  38.414 0.0000000000
136193  48.415  4.374  37.654 0.0000000000
76491  47.330  3.916  36.170 0.0000000000
77406  48.712  4.444  36.408 0.0000000000
77424  48.609  4.325  35.610 0.0000000000
135267  48.424  4.357  34.029 0.0000000000
88004  58.805  15.226  19.393 0.0000000000
87110  58.909  14.659  20.849 0.0000000000
87102  58.854  14.280  21.642 0.0000000000
90111  10.966  18.285  62.253 0.0000000000
129429  11.495  20.032  62.643 0.0000000000
73382  18.649  -0.232  66.687 0.0000000000
64634  5.458  -8.995  65.866 0.0000000000
66681  6.201  -6.802  65.697 0.0000000000
138701  4.782  -5.018  64.979 0.0000000000
63557  15.839  -9.626  68.300 0.0000000000
63558  15.102  -9.034  67.700 0.0000000000
134863  14.201  -7.709  67.424 0.0000000000
65640  13.982  -6.982  66.198 0.0000000000
66663  13.845  -7.159  66.773 0.0000000000
64619  13.368  -7.882  67.595 0.0000000000
65623  12.631  -7.547  67.557 0.0000000000
65624  11.220  -7.569  68.221 0.0000000000
65625  10.314  -7.443  68.260 0.0000000000
68645  11.003  -4.394  59.459 0.0000000000
67684  10.665  -4.954  60.516 0.0000000000
67674  10.249  -5.759  62.339 0.0000000000
70612  9.457  -3.037  60.516 0.0000000000
68630  9.838  -4.936  61.891 0.0000000000
124235  9.929  -5.939  63.392 0.0000000000
67666  9.836  -6.040  65.259 0.0000000000
66676  10.273  -6.486  66.781 0.0000000000
142418  9.434  -6.974  67.743 0.0000000000
66659  8.746  -6.902  68.095 0.0000000000
67655  7.830  -6.099  67.198 0.0000000000
67656  6.933  -5.984  67.335 0.0000000000
69640  7.458  -3.424  64.518 0.0000000000
69637  6.599  -3.518  65.592 0.0000000000
68617  5.597  -4.903  66.524 0.0000000000
68621  4.822  -4.559  66.085 0.0000000000
68624  4.469  -4.509  65.201 0.0000000000
68625  4.155  -4.112  64.600 0.0000000000
70594  3.921  -2.170  64.274 0.0000000000
123575  4.152  -0.164  64.634 0.0000000000
74261  3.701  1.599  65.101 0.0000000000
126367  5.372  2.049  65.055 0.0000000000
75233  4.187  2.576  65.984 0.0000000000
121003  3.677  3.637  65.455 0.0000000000
78145  4.041  6.134  65.211 0.0000000000
80197  4.555  7.446  65.038 0.0000000000
81177  4.950  8.876  64.846 0.0000000000
79207  8.307  6.668  61.223 0.0000000000
138103  7.833  7.142  61.938 0.0000000000
81186  7.712  7.874  63.488 0.0000000000
80194  9.381  8.235  65.776 0.0000000000
81167  8.103  8.550  65.046 0.0000000000
81175  7.292  7.999  64.510 0.0000000000
134898  6.284  8.492  65.552 0.0000000000
82071  5.612  9.127  65.083 0.0000000000
82073  5.874  9.903  64.508 0.0000000000
83039  7.041  10.959  63.121 0.0000000000
83999  8.725  11.530  61.878 0.0000000000
84943  9.932  11.973  60.910 0.0000000000
84924  11.075  12.364  63.228 0.0000000000
143720  10.816  12.846  62.064 0.0000000000
85881  10.841  13.601  60.909 0.0000000000
87632  11.357  15.802  60.851 0.0000000000
88503  11.149  17.396  61.805 0.0000000000
64767  37.795  -8.177  49.156 0.0000000000
63665  40.446  -9.305  57.376 0.0000000000
62544  40.558  -10.820  57.071 0.0000000000
80270  21.358  7.445  53.475 0.0000000000
80274  21.030  7.320  52.539 0.0000000000
123298  20.822  8.532  51.015 0.0000000000
77272  20.393  5.227  49.474 0.0000000000
122854  20.396  7.048  49.873 0.0000000000
70744  26.602  -2.347  48.040 0.0000000000
71707  25.154  -1.603  47.078 0.0000000000
72624  24.348  -0.395  45.780 0.0000000000
69817  27.848  -3.232  45.504 0.0000000000
71721  25.444  -1.293  45.236 0.0000000000
74455  23.177  1.282  45.060 0.0000000000
76403  22.478  3.474  45.022 0.0000000000
78330  22.399  5.121  45.815 0.0000000000
74474  29.300  1.348  44.436 0.0000000000
74413  33.572  1.628  47.552 0.0000000000
74429  34.852  1.231  47.183 0.0000000000
74448  36.148  0.992  45.976 0.0000000000
73523  35.525  0.368  44.338 0.0000000000
138651  36.350  0.695  44.355 0.0000000000
120473  37.801  1.557  45.114 0.0000000000
74468  39.115  1.695  43.880 0.0000000000
73541  41.355  0.514  43.349 0.0000000000
72648  42.097  -0.425  43.448 0.0000000000
69799  39.226  -3.589  46.506 0.0000000000
69811  39.796  -3.276  45.899 0.0000000000
70771  40.321  -2.961  45.229 0.0000000000
143969  41.639  -4.070  47.454 0.0000000000
70760  41.092  -3.273  45.900 0.0000000000
70770  41.071  -3.012  45.307 0.0000000000
71730  41.887  -2.112  44.120 0.0000000000
122621  42.520  -2.382  44.089 0.0000000000
71729  43.484  -1.834  43.780 0.0000000000
143633  44.192  -3.438  43.840 0.0000000000
68870  44.125  -3.843  43.591 0.0000000000
68879  43.036  -4.662  42.818 0.0000000000
127346  11.592  21.353  61.365 0.0000000000
134686  11.006  22.832  59.208 0.0000000000
93280  10.782  22.886  57.664 0.0000000000
93290  11.531  22.420  56.812 0.0000000000
129780  10.603  23.385  55.331 0.0000000000
67677  6.021  -5.152  62.620 0.0000000000
66695  8.030  -6.874  61.888 0.0000000000
67703  7.544  -5.369  58.832 0.0000000000
69704  6.872  -3.094  54.403 0.0000000000
67741  7.818  -4.755  54.414 0.0000000000
66760  9.502  -6.577  54.586 0.0000000000
144416  2.379  7.866  47.298 0.0000000000
80326  3.013  8.079  46.777 0.0000000000
121707  4.723  8.763  46.499 0.0000000000
120169  3.240  11.538  46.138 0.0000000000
83163  5.064  10.256  46.299 0.0000000000
121709  6.823  9.091  46.662 0.0000000000
82199  8.161  9.952  46.622 0.0000000000
138277  9.807  9.818  46.124 0.0000000000
88600  9.240  16.107  46.349 0.0000000000
87781  8.231  15.425  45.382 0.0000000000
86915  6.697  14.825  43.198 0.0000000000
86914  7.548  15.196  42.933 0.0000000000
86029  6.581  13.616  42.888 0.0000000000
121380  32.915  6.512  51.239 0.0000000000
125787  38.119  5.033  47.165 0.0000000000
87082  58.535  14.257  22.982 0.0000000000
86203  58.669  13.275  22.352 0.0000000000
85140  48.232  12.955  40.402 0.0000000000
86043  48.184  13.130  39.636 0.0000000000
86047  49.187  13.299  38.226 0.0000000000
83247  49.590  11.227  36.712 0.0000000000
85151  50.165  13.212  37.385 0.0000000000
86052  50.149  13.552  37.182 0.0000000000
124809  50.729  14.192  36.492 0.0000000000
86972  52.545  14.426  34.977 0.0000000000
87866  53.584  14.505  33.728 0.0000000000
82307  52.405  10.386  32.630 0.0000000000
83296  52.895  11.115  32.430 0.0000000000
84260  53.728  12.214  32.617 0.0000000000
85227  54.261  12.763  32.716 0.0000000000
141934  54.355  13.872  32.713 0.0000000000
86130  55.560  13.615  30.110 0.0000000000
85258  55.973  13.510  28.664 0.0000000000
85280  56.490  13.231  27.290 0.0000000000
84314  56.678  12.164  25.964 0.0000000000
84313  56.987  12.569  25.460 0.0000000000
85305  57.800  12.693  24.200 0.0000000000
84346  58.461  12.101  22.772 0.0000000000
84367  58.641  11.820  21.361 0.0000000000
61539  23.660  -11.553  52.556 0.0000000000
62644  23.617  -10.771  51.394 0.0000000000
62630  24.317  -11.139  51.838 0.0000000000
62631  23.252  -11.199  51.963 0.0000000000
60486  24.495  -12.433  53.841 0.0000000000
60479  24.196  -12.802  54.807 0.0000000000
61538  24.640  -11.539  52.502 0.0000000000
60478  25.038  -12.819  54.375 0.0000000000
62643  25.152  -10.633  51.525 0.0000000000
90883  9.895  19.788  61.581 0.0000000000
92440  9.926  21.261  61.857 0.0000000000
91666  10.292  20.293  61.937 0.0000000000
132168  10.699  18.754  61.821 0.0000000000
90114  10.541  18.823  61.254 0.0000000000
90886  10.380  19.335  61.487 0.0000000000
73374  16.410  -0.202  67.102 0.0000000000
72500  15.408  -1.097  64.421 0.0000000000
72489  15.314  -1.080  65.654 0.0000000000
72478  15.288  -0.788  66.431 0.0000000000
66736  41.314  -6.336  56.190 0.0000000000
129200  41.563  -7.027  56.138 0.0000000000
66723  41.237  -7.043  56.486 0.0000000000
67705  40.568  -6.044  56.576 0.0000000000
67725  40.437  -5.519  56.075 0.0000000000
66737  40.772  -5.881  56.326 0.0000000000
135239  4.434  5.922  48.648 0.0000000000
124810  4.428  4.781  48.575 0.0000000000
77287  4.065  4.957  48.031 0.0000000000
78286  3.767  5.736  47.915 0.0000000000
77300  3.807  5.270  47.432 0.0000000000
79294  3.407  6.541  47.738 0.0000000000
84173  44.540  11.786  41.272 0.0000000000
84172  44.933  11.690  40.442 0.0000000000
84171  45.692  12.167  40.560 0.0000000000
130110  59.079  13.304  20.627 0.0000000000
85349  59.349  12.691  19.169 0.0000000000
85343  59.096  12.575  20.072 0.0000000000
84374  58.759  11.733  20.333 0.0000000000
70676  20.636  -1.784  56.481 0.0000000000
70658  20.773  -1.527  57.338 0.0000000000
74325  28.371  1.363  57.416 0.0000000000
74326  27.790  1.725  57.920 0.0000000000
125402  26.081  1.235  57.002 0.0000000000
63591  20.109  -9.782  62.833 0.0000000000
121491  19.769  -9.984  62.236 0.0000000000
130611  19.831  -2.513  54.475 0.0000000000
70709  19.149  -2.846  53.762 0.0000000000
70694  19.432  -2.156  55.162 0.0000000000
70677  19.744  -1.887  56.140 0.0000000000
140883  21.256  -10.203  62.337 0.0000000000
137609  21.332  -10.247  62.690 0.0000000000
120771  20.859  -9.960  62.819 0.0000000000
63584  20.788  -9.903  63.819 0.0000000000
141688  31.520  -7.592  58.853 0.0000000000
56331  28.647  -16.678  64.303 0.0000000000
55276  28.475  -17.209  64.504 0.0000000000
74353  25.806  1.204  55.999 0.0000000000
137166  30.466  -7.368  57.516 0.0000000000
66739  31.407  -6.659  56.476 0.0000000000
66729  31.076  -6.933  57.379 0.0000000000
66718  31.627  -6.865  58.056 0.0000000000
97021  3.822  27.208  55.068 0.0000000000
97022  3.737  28.278  55.190 0.0000000000
96372  11.292  26.609  48.222 0.0000000000
96385  10.828  26.860  47.641 0.0000000000
97062  11.659  27.032  47.763 0.0000000000
81178  4.424  8.741  64.075 0.0000000000
85015  5.518  12.638  55.144 0.0000000000
142301  5.396  13.400  54.865 0.0000000000
85943  5.374  12.919  54.244 0.0000000000
131346  5.198  13.887  54.361 0.0000000000
86802  5.080  14.550  53.745 0.0000000000
86791  5.055  14.741  54.624 0.0000000000
135422  4.264  26.604  56.213 0.0000000000
95500  4.479  26.036  56.072 0.0000000000
96307  4.100  26.825  55.613 0.0000000000
96314  4.140  26.416  54.910 0.0000000000
73540  42.360  0.701  43.492 0.0000000000
74487  43.045  1.321  43.700 0.0000000000
75463  49.451  3.075  43.284 0.0000000000
75437  49.943  3.392  43.551 0.0000000000
139082  50.236  3.906  43.088 0.0000000000
76423  50.533  4.427  43.400 0.0000000000
76432  50.088  4.247  42.412 0.0000000000
76431  50.497  4.631  41.692 0.0000000000
76440  49.740  4.267  41.611 0.0000000000
62463  10.175  -9.757  69.194 0.0000000000
63550  9.837  -9.263  69.601 0.0000000000
63551  8.810  -9.242  69.549 0.0000000000
64610  9.363  -8.448  69.422 0.0000000000
67691  12.027  -5.590  59.067 0.0000000000
76263  8.312  3.441  59.805 0.0000000000
74301  8.156  1.876  60.083 0.0000000000
75278  7.920  2.682  60.377 0.0000000000
126495  7.701  3.530  60.624 0.0000000000
120795  39.574  -7.295  47.559 0.0000000000
64793  39.145  -7.523  47.891 0.0000000000
71691  25.972  -1.108  49.983 0.0000000000
71696  26.443  -1.618  49.439 0.0000000000
68825  36.052  -4.545  46.342 0.0000000000
68847  34.898  -4.501  45.456 0.0000000000
68846  35.729  -4.409  45.529 0.0000000000
68859  35.366  -4.202  44.656 0.0000000000
68858  36.239  -4.076  44.799 0.0000000000
65780  40.210  -7.125  47.855 0.0000000000
72558  6.053  -0.897  55.723 0.0000000000
87743  10.306  15.984  49.266 0.0000000000
87753  10.207  15.789  48.433 0.0000000000
126959  39.927  6.679  50.564 0.0000000000
79280  39.775  6.370  49.538 0.0000000000
87885  52.327  15.177  33.491 0.0000000000
87014  52.449  15.034  32.572 0.0000000000
131438  52.937  15.541  33.083 0.0000000000
88705  54.148  15.399  31.995 0.0000000000
87891  54.140  15.033  32.747 0.0000000000
66787  18.843  -5.874  50.118 0.0000000000
67767  19.881  -5.557  49.863 0.0000000000
67775  25.846  -5.336  50.140 0.0000000000
68771  25.493  -4.625  50.713 0.0000000000
68751  26.239  -4.365  51.243 0.0000000000
136125  26.484  -3.614  52.423 0.0000000000
68731  26.915  -3.987  51.700 0.0000000000
121115  20.962  -10.798  57.983 0.0000000000
65740  19.222  -8.037  50.036 0.0000000000
121062  26.515  -13.934  61.390 0.0000000000
61492  22.301  -11.616  57.751 0.0000000000
61477  23.218  -11.584  59.534 0.0000000000
61485  22.036  -11.217  58.546 0.0000000000
62535  22.141  -10.942  59.428 0.0000000000
62565  28.707  -10.057  55.434 0.0000000000
62580  29.173  -10.821  55.539 0.0000000000
61507  29.008  -11.681  55.089 0.0000000000
139347  27.038  -14.149  59.222 0.0000000000
59440  27.937  -14.459  59.038 0.0000000000
59441  27.222  -14.283  60.056 0.0000000000
59429  27.355  -14.403  61.015 0.0000000000
133612  26.961  -4.611  51.065 0.0000000000
63685  27.907  -9.526  54.263 0.0000000000
64710  27.785  -9.098  53.870 0.0000000000
63684  28.420  -9.420  54.999 0.0000000000
95476  5.616  25.266  60.216 0.0000000000
95478  6.152  26.121  59.869 0.0000000000
94736  6.737  25.416  60.127 0.0000000000
94772  9.469  24.529  55.919 0.0000000000
123209  9.372  24.524  54.076 0.0000000000
94782  9.549  24.337  54.855 0.0000000000
84954  10.100  12.291  60.159 0.0000000000
84014  9.544  11.753  59.881 0.0000000000
130509  7.705  16.403  57.329 0.0000000000
87643  7.121  15.703  57.298 0.0000000000
89303  6.378  17.191  58.114 0.0000000000
94013  5.640  23.730  60.657 0.0000000000
93253  5.346  22.618  60.625 0.0000000000
94737  4.734  24.867  60.076 0.0000000000
62471  14.377  -10.214  67.590 0.0000000000
62472  13.715  -10.510  67.343 0.0000000000
62473  13.251  -10.158  67.197 0.0000000000
74358  14.287  1.566  55.840 0.0000000000
74359  13.532  1.817  55.764 0.0000000000
74345  14.585  1.788  56.678 0.0000000000
76243  13.418  3.288  61.833 0.0000000000
76252  13.435  3.392  60.830 0.0000000000
76244  13.041  4.001  61.253 0.0000000000
77183  12.478  4.510  61.666 0.0000000000
65730  41.822  -7.267  51.907 0.0000000000
64735  41.203  -7.439  51.755 0.0000000000
64727  41.450  -7.742  52.719 0.0000000000
61512  39.865  -10.905  55.204 0.0000000000
61513  39.425  -11.211  55.002 0.0000000000
69706  34.770  -3.069  53.755 0.0000000000
69726  34.527  -3.386  52.856 0.0000000000
68745  39.053  -5.093  51.999 0.0000000000
120592  39.527  -4.877  51.155 0.0000000000
128520  42.237  -6.862  51.495 0.0000000000
75342  7.584  2.320  51.642 0.0000000000
74384  7.444  1.556  51.724 0.0000000000
143750  7.287  1.924  51.077 0.0000000000
71699  3.577  -1.362  48.979 0.0000000000
123205  3.568  -2.319  48.514 0.0000000000
69769  3.553  -3.317  48.471 0.0000000000
70759  3.645  -2.572  47.958 0.0000000000
144568  3.618  -3.442  47.784 0.0000000000
70758  3.917  -2.584  47.686 0.0000000000
139168  6.912  6.745  46.414 0.0000000000
80323  8.333  7.183  46.433 0.0000000000
80324  7.355  7.558  46.592 0.0000000000
92543  6.491  21.717  48.373 0.0000000000
86080  48.779  13.922  36.153 0.0000000000
86064  48.909  13.889  36.742 0.0000000000
71593  18.304  -1.689  61.075 0.0000000000
120995  18.817  -2.132  62.339 0.0000000000
122993  18.865  -1.889  61.458 0.0000000000
71563  24.495  -1.649  62.805 0.0000000000
71547  25.250  -1.214  63.424 0.0000000000
72480  25.634  -0.232  64.765 0.0000000000
72496  25.863  -0.645  63.917 0.0000000000
69685  24.238  -2.874  55.770 0.0000000000
70654  24.374  -2.322  57.436 0.0000000000
141279  25.027  -2.240  57.964 0.0000000000
75282  26.146  1.455  59.601 0.0000000000
75267  26.233  1.489  60.178 0.0000000000
126306  25.728  1.631  60.885 0.0000000000
75269  23.824  1.745  60.897 0.0000000000
74296  24.597  1.509  60.026 0.0000000000
74344  21.340  1.902  56.474 0.0000000000
75307  21.318  2.294  57.225 0.0000000000
63568  18.760  -8.929  67.717 0.0000000000
63576  18.896  -8.899  66.862 0.0000000000
64651  15.501  -9.041  60.856 0.0000000000
131490  15.577  -8.868  61.640 0.0000000000
64663  14.758  -8.812  60.487 0.0000000000
64671  14.492  -8.833  59.591 0.0000000000
63694  17.428  -9.391  55.073 0.0000000000
63678  17.231  -9.662  55.897 0.0000000000
63695  16.764  -9.096  55.172 0.0000000000
68712  14.987  -4.192  53.079 0.0000000000
132510  14.427  -5.311  53.346 0.0000000000
68713  14.270  -4.568  53.345 0.0000000000
68714  13.561  -4.762  53.791 0.0000000000
70715  13.851  -3.042  53.525 0.0000000000
70714  14.693  -2.859  53.482 0.0000000000
71603  18.635  -1.542  59.799 0.0000000000
127795  18.333  -1.532  60.404 0.0000000000
71594  17.844  -1.376  60.780 0.0000000000
145237  24.454  -13.617  63.016 0.0000000000
59389  24.785  -14.768  63.706 0.0000000000
60370  24.167  -13.855  63.269 0.0000000000
59381  21.074  -14.222  65.696 0.0000000000
58347  19.625  -14.450  66.037 0.0000000000
62469  19.227  -10.058  67.593 0.0000000000
63554  18.884  -9.570  68.082 0.0000000000
67687  36.446  -5.678  58.725 0.0000000000
66707  36.324  -6.631  59.197 0.0000000000
123154  34.887  -11.739  61.468 0.0000000000
60411  35.223  -12.736  61.359 0.0000000000
59417  35.557  -13.577  61.398 0.0000000000
59418  34.986  -13.516  61.145 0.0000000000
58393  31.670  -14.583  59.485 0.0000000000
58384  31.882  -15.006  60.296 0.0000000000
75323  20.585  2.959  55.146 0.0000000000
75322  20.941  2.218  55.104 0.0000000000
73457  25.688  0.625  53.744 0.0000000000
73464  25.400  0.254  52.901 0.0000000000
126433  30.124  -3.366  53.244 0.0000000000
70688  29.863  -2.356  54.400 0.0000000000
69694  30.389  -2.873  53.922 0.0000000000
71637  32.716  -0.607  55.405 0.0000000000
72548  32.356  -0.185  55.088 0.0000000000
72560  32.790  -0.045  54.978 0.0000000000
72577  31.221  -0.385  53.184 0.0000000000
72570  32.355  -0.318  54.437 0.0000000000
72569  33.190  -0.264  54.676 0.0000000000
72559  33.436  -0.145  55.034 0.0000000000
68644  35.049  -4.407  59.226 0.0000000000
68650  35.412  -3.928  58.504 0.0000000000
67698  35.935  -4.813  58.621 0.0000000000
99081  5.399  31.828  49.111 0.0000000000
97031  6.721  27.654  53.213 0.0000000000
126043  6.483  28.387  52.646 0.0000000000
97036  6.780  28.137  51.768 0.0000000000
74269  3.487  1.205  64.080 0.0000000000
121590  3.541  0.045  63.027 0.0000000000
74280  3.516  1.633  63.148 0.0000000000
76264  4.392  3.699  59.625 0.0000000000
123798  4.688  3.997  58.929 0.0000000000
76275  4.636  3.365  58.797 0.0000000000
77216  4.942  4.529  58.616 0.0000000000
139699  5.226  11.081  59.015 0.0000000000
83063  4.818  10.554  59.108 0.0000000000
83070  4.599  10.905  58.345 0.0000000000
80252  6.897  6.904  56.231 0.0000000000
79244  7.107  6.026  56.459 0.0000000000
79251  7.575  6.432  55.816 0.0000000000
80262  7.348  7.290  55.561 0.0000000000
83126  7.312  10.454  51.480 0.0000000000
82163  8.054  9.178  51.101 0.0000000000
82164  7.616  9.850  50.758 0.0000000000
81253  7.724  9.119  50.086 0.0000000000
82171  7.217  9.798  49.804 0.0000000000
83141  6.814  10.420  49.720 0.0000000000
83136  6.565  11.185  50.186 0.0000000000
87708  6.653  16.046  52.099 0.0000000000
87724  6.135  15.608  51.713 0.0000000000
87707  7.690  16.124  51.889 0.0000000000
90911  5.114  19.392  57.010 0.0000000000
90910  6.024  19.694  56.647 0.0000000000
124995  8.253  22.532  54.048 0.0000000000
93310  8.348  22.301  53.206 0.0000000000
92502  8.883  21.670  53.076 0.0000000000
92514  8.099  22.267  51.828 0.0000000000
93316  7.679  22.752  52.481 0.0000000000
96349  3.836  26.985  50.822 0.0000000000
95570  3.950  26.043  50.372 0.0000000000
74410  36.743  1.418  47.463 0.0000000000
124360  36.202  1.562  48.127 0.0000000000
74409  37.589  1.763  47.766 0.0000000000
76351  41.312  3.487  49.203 0.0000000000
123314  40.601  3.349  49.739 0.0000000000
130454  41.400  3.764  50.093 0.0000000000
76319  41.397  4.040  50.784 0.0000000000
76335  42.072  4.042  50.521 0.0000000000
73506  47.453  0.330  45.439 0.0000000000
74445  46.992  1.146  46.005 0.0000000000
74444  47.741  0.799  46.242 0.0000000000
78306  45.919  5.911  46.901 0.0000000000
78288  45.848  5.548  47.740 0.0000000000
79295  45.476  6.356  47.343 0.0000000000
79297  44.887  6.805  48.574 0.0000000000
79296  45.052  6.966  47.780 0.0000000000
80301  44.773  7.736  47.402 0.0000000000
79310  45.128  6.966  46.935 0.0000000000
77387  50.733  4.971  38.124 0.0000000000
78408  51.223  5.820  37.872 0.0000000000
77395  50.442  5.065  37.261 0.0000000000
78429  50.016  5.211  36.439 0.0000000000
130604  49.521  4.738  36.865 0.0000000000
73372  21.449  -0.147  66.713 0.0000000000
73380  20.258  0.708  65.693 0.0000000000
133397  6.231  -7.939  68.315 0.0000000000
138554  5.762  -8.661  67.783 0.0000000000
65636  6.042  -7.791  67.493 0.0000000000
127407  6.159  -7.193  66.949 0.0000000000
65643  15.454  -7.285  65.769 0.0000000000
65638  15.468  -7.112  66.638 0.0000000000
122266  11.959  -6.974  65.253 0.0000000000
72538  10.610  -0.248  58.057 0.0000000000
71616  10.570  -1.489  58.889 0.0000000000
126641  10.413  -0.851  58.650 0.0000000000
69649  8.446  -3.322  62.490 0.0000000000
128390  8.645  -4.816  63.991 0.0000000000
69639  8.058  -4.083  64.082 0.0000000000
71558  6.504  -1.875  64.437 0.0000000000
71544  6.072  -1.149  64.625 0.0000000000
122102  5.799  -1.873  64.961 0.0000000000
72492  5.506  -0.535  64.736 0.0000000000
119961  6.531  6.103  63.304 0.0000000000
129954  5.699  4.980  64.091 0.0000000000
78152  5.996  5.745  64.138 0.0000000000
79176  5.393  6.427  64.859 0.0000000000
136913  6.476  7.216  64.499 0.0000000000
79175  10.692  6.931  65.026 0.0000000000
80193  10.341  7.340  64.253 0.0000000000
80189  10.194  7.552  65.530 0.0000000000
83023  9.045  10.679  66.285 0.0000000000
83973  8.649  10.950  65.518 0.0000000000
83977  8.347  11.072  64.773 0.0000000000
61473  39.617  -11.176  59.124 0.0000000000
62518  39.821  -10.569  58.539 0.0000000000
60430  39.655  -12.278  58.970 0.0000000000
76328  20.617  3.472  51.118 0.0000000000
121635  20.511  4.249  51.276 0.0000000000
76372  21.110  3.255  46.986 0.0000000000
75409  21.555  2.467  46.488 0.0000000000
76388  20.927  4.025  46.570 0.0000000000
75432  21.719  2.790  45.641 0.0000000000
69782  30.348  -3.877  47.759 0.0000000000
69783  29.500  -3.651  47.400 0.0000000000
69801  30.204  -3.940  46.845 0.0000000000
71753  27.883  -1.161  43.537 0.0000000000
71754  27.186  -1.017  43.683 0.0000000000
72661  27.620  -0.361  43.554 0.0000000000
132694  26.217  1.109  43.968 0.0000000000
74477  26.984  1.058  43.839 0.0000000000
124803  26.744  1.658  44.254 0.0000000000
74491  27.681  0.987  43.849 0.0000000000
72638  32.449  0.111  44.037 0.0000000000
73526  32.118  0.636  44.675 0.0000000000
73525  33.005  0.567  44.688 0.0000000000
73509  33.553  0.802  45.514 0.0000000000
71742  38.934  -1.423  43.239 0.0000000000
121408  39.946  -1.116  43.412 0.0000000000
69760  41.784  -4.092  49.519 0.0000000000
69771  41.854  -4.173  48.764 0.0000000000
67808  42.429  -5.034  46.285 0.0000000000
69794  42.210  -3.940  45.861 0.0000000000
67822  42.583  -4.860  45.336 0.0000000000
139748  4.021  -3.246  59.540 0.0000000000
68647  5.176  -4.526  59.701 0.0000000000
67721  9.105  -6.061  56.784 0.0000000000
121042  6.857  -3.781  51.757 0.0000000000
68738  7.424  -4.163  52.285 0.0000000000
68757  7.230  -4.281  51.360 0.0000000000
85095  4.138  12.317  47.637 0.0000000000
85096  3.406  11.874  47.275 0.0000000000
86024  4.723  13.510  43.805 0.0000000000
85112  4.793  12.646  43.902 0.0000000000
141674  5.376  13.014  43.501 0.0000000000
84136  6.738  11.743  44.309 0.0000000000
85120  6.209  12.918  43.292 0.0000000000
76314  34.248  4.540  53.336 0.0000000000
77248  33.272  5.492  54.030 0.0000000000
77242  34.059  5.605  54.068 0.0000000000
87932  56.738  15.491  27.398 0.0000000000
88739  56.737  15.965  27.033 0.0000000000
87058  57.288  14.593  26.397 0.0000000000
87067  57.699  14.791  25.456 0.0000000000
83276  52.106  10.532  33.998 0.0000000000
84232  52.305  11.586  34.263 0.0000000000
83330  53.489  11.002  28.559 0.0000000000
84297  53.997  11.559  29.216 0.0000000000
83329  54.073  11.300  28.029 0.0000000000
84296  54.547  11.935  28.692 0.0000000000
63744  21.246  -9.362  50.109 0.0000000000
64772  21.632  -8.625  49.317 0.0000000000
63756  22.208  -9.368  49.760 0.0000000000
64754  23.971  -8.990  50.022 0.0000000000
64770  23.556  -8.392  49.247 0.0000000000
64769  24.450  -8.283  49.540 0.0000000000
65756  24.908  -7.646  49.310 0.0000000000
65747  25.274  -8.201  49.840 0.0000000000
61508  22.274  -11.860  55.757 0.0000000000
123619  22.129  -11.725  55.019 0.0000000000
62646  22.049  -10.491  51.408 0.0000000000
62633  21.654  -10.505  52.403 0.0000000000
63729  21.438  -9.966  50.935 0.0000000000
122752  25.907  -13.337  58.141 0.0000000000
129124  25.281  -13.005  57.923 0.0000000000
142450  23.475  -12.798  55.964 0.0000000000
60460  23.571  -12.716  56.594 0.0000000000
129965  22.919  -12.399  56.071 0.0000000000
60452  22.952  -12.181  57.165 0.0000000000
61519  27.218  -12.120  53.787 0.0000000000
140111  26.598  -12.754  54.006 0.0000000000
59479  25.316  -13.269  56.747 0.0000000000
59478  26.035  -13.507  56.645 0.0000000000
141069  26.256  -13.535  57.287 0.0000000000
59468  26.739  -13.785  57.727 0.0000000000
65746  26.126  -7.996  50.215 0.0000000000
64752  25.623  -8.794  50.475 0.0000000000
62615  26.006  -11.067  52.460 0.0000000000
63714  26.469  -9.931  52.036 0.0000000000
62614  26.665  -10.873  52.776 0.0000000000
62613  27.250  -10.529  53.312 0.0000000000
93251  7.828  22.568  61.310 0.0000000000
93250  8.609  23.171  61.096 0.0000000000
93248  10.249  22.630  60.787 0.0000000000
93257  9.932  23.219  60.028 0.0000000000
143425  10.056  23.604  59.486 0.0000000000
94022  10.038  23.892  58.993 0.0000000000
141285  10.441  23.340  59.403 0.0000000000
87634  10.959  15.843  60.180 0.0000000000
87636  10.691  15.497  59.479 0.0000000000
135760  10.588  16.094  59.027 0.0000000000
90122  9.726  18.964  59.570 0.0000000000
89295  10.216  18.059  59.020 0.0000000000
90130  9.350  18.481  58.438 0.0000000000
90123  8.770  19.145  58.971 0.0000000000
141556  8.253  19.579  59.419 0.0000000000
92442  8.495  21.031  61.747 0.0000000000
91674  7.660  20.396  61.078 0.0000000000
92443  7.863  21.524  61.546 0.0000000000
93252  7.082  21.861  61.066 0.0000000000
68887  42.584  -4.579  41.998 0.0000000000
120504  17.066  1.425  65.291 0.0000000000
61399  14.521  -11.564  70.251 0.0000000000
134490  14.690  -10.612  68.192 0.0000000000
128026  15.136  -10.068  68.009 0.0000000000
73408  15.775  0.147  60.925 0.0000000000
73409  15.327  0.732  60.496 0.0000000000
128831  15.167  0.598  61.343 0.0000000000
130917  14.464  0.849  63.664 0.0000000000
74277  14.552  1.001  62.834 0.0000000000
74278  14.223  1.577  63.629 0.0000000000
74267  13.788  1.953  64.327 0.0000000000
73367  14.976  0.328  66.846 0.0000000000
74240  14.499  1.187  66.677 0.0000000000
74235  14.553  1.749  67.198 0.0000000000
64707  42.151  -7.308  54.978 0.0000000000
64717  42.016  -7.825  54.457 0.0000000000
64694  41.639  -8.627  56.163 0.0000000000
64700  41.732  -8.607  55.712 0.0000000000
62561  41.026  -10.007  56.060 0.0000000000
68687  37.126  -4.859  55.105 0.0000000000
123765  38.328  -4.978  55.299 0.0000000000
68685  39.974  -5.217  54.910 0.0000000000
68699  40.071  -5.330  53.869 0.0000000000
121110  39.547  -5.215  53.222 0.0000000000
68698  40.743  -5.242  53.473 0.0000000000
66743  41.889  -6.312  55.224 0.0000000000
67734  41.864  -5.728  54.529 0.0000000000
66750  42.273  -6.727  54.704 0.0000000000
66762  42.513  -6.472  53.843 0.0000000000
64641  5.333  -9.137  65.051 0.0000000000
64640  6.090  -8.697  64.585 0.0000000000
77263  6.581  4.236  49.984 0.0000000000
76330  6.327  3.586  50.119 0.0000000000
77264  5.960  4.083  49.798 0.0000000000
75379  3.965  2.894  48.578 0.0000000000
75366  4.239  2.659  49.323 0.0000000000
75367  3.689  2.116  49.046 0.0000000000
73483  3.484  0.785  48.875 0.0000000000
73485  3.491  0.922  48.296 0.0000000000
138839  3.583  0.380  47.950 0.0000000000
74423  3.617  1.618  48.081 0.0000000000
75414  4.487  3.049  46.967 0.0000000000
75394  4.633  2.130  47.020 0.0000000000
75413  5.372  2.666  46.576 0.0000000000
74442  5.634  1.691  46.814 0.0000000000
76390  6.055  3.187  46.174 0.0000000000
139428  4.005  6.211  46.703 0.0000000000
78319  5.305  5.255  46.182 0.0000000000
79323  4.978  6.134  46.405 0.0000000000
87135  59.491  14.239  16.996 0.0000000000
140250  59.485  13.897  17.604 0.0000000000
70631  19.677  -1.511  59.041 0.0000000000
70621  19.833  -1.468  59.550 0.0000000000
136828  20.668  -1.375  59.688 0.0000000000
128072  21.633  -1.422  58.369 0.0000000000
70619  22.607  -1.459  59.414 0.0000000000
133326  23.281  -1.584  60.472 0.0000000000
123352  23.377  -1.652  59.824 0.0000000000
70652  26.454  -2.418  56.933 0.0000000000
123978  27.377  -1.297  58.290 0.0000000000
74327  27.053  1.613  58.481 0.0000000000
74304  28.249  1.558  58.985 0.0000000000
128316  27.081  1.691  59.052 0.0000000000
75295  26.372  1.488  59.448 0.0000000000
74318  25.479  1.469  58.964 0.0000000000
74328  25.387  1.215  58.294 0.0000000000
74341  24.798  1.146  56.582 0.0000000000
74329  24.520  1.174  57.343 0.0000000000
74343  22.444  1.601  56.526 0.0000000000
123601  23.190  1.437  55.669 0.0000000000
123160  19.498  -9.304  65.243 0.0000000000
123935  18.705  -10.018  62.020 0.0000000000
63614  17.726  -9.832  61.624 0.0000000000
63630  16.941  -9.660  61.103 0.0000000000
66768  16.700  -6.805  51.351 0.0000000000
67748  16.860  -5.617  51.407 0.0000000000
130998  17.718  -3.024  53.489 0.0000000000
69720  16.811  -3.315  53.147 0.0000000000
68736  16.134  -3.837  52.884 0.0000000000
70711  17.212  -2.635  53.900 0.0000000000
70697  16.797  -2.148  54.398 0.0000000000
70696  17.635  -2.173  54.633 0.0000000000
70644  19.313  -1.591  57.898 0.0000000000
71642  18.366  -1.589  56.513 0.0000000000
70632  19.184  -1.550  58.750 0.0000000000
71621  18.612  -1.528  58.420 0.0000000000
61443  22.432  -11.779  63.002 0.0000000000
61445  21.364  -11.030  63.735 0.0000000000
60374  20.847  -12.437  64.460 0.0000000000
126286  20.389  -11.605  64.972 0.0000000000
63585  20.202  -9.592  64.446 0.0000000000
63579  19.939  -9.715  65.460 0.0000000000
66702  33.800  -6.625  60.766 0.0000000000
66710  33.344  -6.188  60.210 0.0000000000
63624  31.982  -8.915  60.490 0.0000000000
64660  32.367  -8.242  60.869 0.0000000000
62511  32.674  -9.842  60.638 0.0000000000
62510  33.454  -10.241  60.701 0.0000000000
142072  30.425  -16.069  63.061 0.0000000000
140188  29.530  -18.060  64.236 0.0000000000
56349  30.378  -16.500  63.491 0.0000000000
54187  30.132  -18.617  64.079 0.0000000000
54186  30.968  -18.164  63.907 0.0000000000
74366  25.434  1.063  55.191 0.0000000000
74367  24.665  1.237  54.982 0.0000000000
73448  25.970  0.862  54.588 0.0000000000
67746  31.486  -5.968  53.078 0.0000000000
143580  31.886  -4.958  53.244 0.0000000000
67745  31.969  -5.530  53.562 0.0000000000
68691  32.567  -4.640  54.559 0.0000000000
68679  32.952  -4.617  55.308 0.0000000000
68690  32.839  -3.903  55.081 0.0000000000
133148  33.480  -3.766  55.757 0.0000000000
67726  33.403  -4.604  56.115 0.0000000000
66716  33.337  -6.078  58.630 0.0000000000
67700  33.951  -5.125  59.145 0.0000000000
128678  3.682  27.431  51.764 0.0000000000
97716  3.519  28.739  50.565 0.0000000000
97709  3.523  28.542  51.594 0.0000000000
98389  3.607  30.084  52.571 0.0000000000
98395  3.498  30.244  51.599 0.0000000000
99056  3.854  30.790  52.211 0.0000000000
99686  4.276  31.503  51.051 0.0000000000
99061  4.229  31.197  51.812 0.0000000000
97053  7.951  27.034  49.479 0.0000000000
96375  8.737  26.664  48.955 0.0000000000
97078  10.235  27.517  47.054 0.0000000000
138645  3.552  5.117  64.051 0.0000000000
77179  3.507  4.427  63.475 0.0000000000
133711  3.510  5.860  63.830 0.0000000000
79208  3.544  6.687  62.177 0.0000000000
79217  3.753  6.725  61.155 0.0000000000
78178  4.114  5.225  60.671 0.0000000000
84983  5.180  11.982  57.054 0.0000000000
120010  4.933  10.993  55.681 0.0000000000
82131  5.185  9.544  55.441 0.0000000000
82142  5.440  9.969  54.757 0.0000000000
82141  6.255  9.410  54.378 0.0000000000
83101  5.548  10.713  54.219 0.0000000000
84067  5.422  11.779  53.495 0.0000000000
83112  6.009  10.674  53.537 0.0000000000
84078  5.904  11.301  52.842 0.0000000000
83120  6.785  10.935  52.163 0.0000000000
137892  5.723  11.971  52.352 0.0000000000
85061  5.310  12.564  52.454 0.0000000000
87710  5.253  15.247  53.106 0.0000000000
87709  5.785  15.685  52.437 0.0000000000
94033  6.052  23.152  57.422 0.0000000000
93292  6.876  22.544  57.120 0.0000000000
94043  5.814  23.978  56.921 0.0000000000
94785  4.883  25.084  54.721 0.0000000000
94774  5.625  24.324  55.501 0.0000000000
94784  5.428  24.558  54.791 0.0000000000
94061  6.794  23.722  54.607 0.0000000000
94072  5.995  24.238  54.126 0.0000000000
94073  5.475  24.611  53.487 0.0000000000
94796  5.035  25.199  54.114 0.0000000000
95524  4.535  25.627  53.447 0.0000000000
96327  3.732  26.830  52.769 0.0000000000
96336  3.889  26.475  51.904 0.0000000000
143626  39.826  2.237  44.432 0.0000000000
139350  39.183  2.131  45.443 0.0000000000
75423  39.900  2.398  45.150 0.0000000000
135389  42.310  2.752  45.258 0.0000000000
76398  41.777  2.944  45.637 0.0000000000
142439  41.968  3.212  46.330 0.0000000000
76381  41.816  3.265  47.053 0.0000000000
76380  42.543  3.170  46.902 0.0000000000
73503  48.897  1.080  44.911 0.0000000000
74443  49.002  1.185  45.874 0.0000000000
75396  49.330  2.020  46.137 0.0000000000
77318  49.817  4.534  45.122 0.0000000000
76395  49.475  4.007  46.046 0.0000000000
77320  48.271  4.966  45.819 0.0000000000
78304  47.394  5.263  46.187 0.0000000000
78324  47.786  5.515  45.234 0.0000000000
79333  49.627  5.986  43.557 0.0000000000
79334  49.228  6.008  43.624 0.0000000000
123181  49.474  6.369  43.239 0.0000000000
79362  48.370  6.761  43.037 0.0000000000
79360  49.769  6.786  42.780 0.0000000000
80352  49.641  7.035  42.333 0.0000000000
79359  50.433  6.846  42.067 0.0000000000
122110  51.161  4.968  40.515 0.0000000000
78365  51.273  5.526  40.573 0.0000000000
77372  51.321  5.111  39.941 0.0000000000
77379  51.059  4.990  39.415 0.0000000000
74244  23.875  2.862  67.047 0.0000000000
75229  22.259  2.671  65.845 0.0000000000
76209  22.490  3.402  65.610 0.0000000000
77158  21.438  4.893  65.181 0.0000000000
61427  8.978  -11.131  66.363 0.0000000000
123899  7.938  -10.830  68.249 0.0000000000
63552  7.801  -9.168  69.448 0.0000000000
63564  7.020  -9.990  69.350 0.0000000000
64612  7.460  -8.244  69.354 0.0000000000
64613  6.706  -8.260  68.948 0.0000000000
65619  7.273  -7.540  69.159 0.0000000000
65659  13.333  -7.874  62.419 0.0000000000
66705  11.594  -6.207  60.534 0.0000000000
66692  11.729  -7.210  62.144 0.0000000000
134743  11.230  -6.995  62.817 0.0000000000
73416  9.300  0.419  58.951 0.0000000000
134257  8.804  1.049  59.281 0.0000000000
73410  8.027  0.324  60.397 0.0000000000
72520  7.976  -0.555  60.700 0.0000000000
71571  7.560  -1.673  62.626 0.0000000000
72513  7.618  -0.580  61.639 0.0000000000
73398  7.010  0.341  62.539 0.0000000000
73399  6.794  1.034  62.822 0.0000000000
138298  6.632  0.420  63.158 0.0000000000
126381  6.633  1.700  63.170 0.0000000000
77185  6.831  4.252  61.925 0.0000000000
124371  6.612  4.848  62.364 0.0000000000
78159  6.784  5.583  62.414 0.0000000000
83970  11.875  11.678  65.309 0.0000000000
73477  23.256  0.659  50.385 0.0000000000
74395  21.829  1.536  49.723 0.0000000000
72604  24.441  -0.641  48.474 0.0000000000
73484  23.324  0.304  48.390 0.0000000000
72605  23.861  -0.220  48.012 0.0000000000
130751  23.399  0.229  47.707 0.0000000000
72609  23.798  -0.089  47.145 0.0000000000
143588  33.338  -4.592  47.195 0.0000000000
128532  32.384  -4.537  46.658 0.0000000000
68828  32.881  -4.616  45.937 0.0000000000
68861  32.880  -4.371  44.399 0.0000000000
68862  32.091  -4.402  44.481 0.0000000000
69832  31.768  -4.044  43.872 0.0000000000
69848  30.682  -3.169  43.479 0.0000000000
69847  31.538  -3.355  43.405 0.0000000000
71750  30.290  -1.463  43.155 0.0000000000
70802  31.316  -2.486  43.031 0.0000000000
70800  33.705  -2.558  42.971 0.0000000000
123233  32.926  -2.129  42.929 0.0000000000
71747  33.628  -1.663  43.009 0.0000000000
71746  34.419  -2.035  42.854 0.0000000000
72654  34.256  -1.106  43.151 0.0000000000
70799  35.274  -2.351  42.833 0.0000000000
69841  37.124  -3.143  43.620 0.0000000000
70786  38.349  -2.973  44.087 0.0000000000
69825  38.515  -3.313  44.763 0.0000000000
66810  43.330  -5.845  49.202 0.0000000000
66822  43.104  -5.973  48.545 0.0000000000
66824  41.679  -6.669  47.765 0.0000000000
66832  42.112  -6.216  47.278 0.0000000000
66844  41.863  -6.045  46.369 0.0000000000
65788  39.785  -6.753  46.397 0.0000000000
70647  4.735  -1.914  57.562 0.0000000000
69663  5.262  -3.447  57.793 0.0000000000
69670  5.115  -2.753  57.508 0.0000000000
69678  6.146  -3.201  56.127 0.0000000000
134986  6.365  -3.896  56.443 0.0000000000
68672  6.832  -4.343  56.175 0.0000000000
67722  8.067  -4.979  56.225 0.0000000000
68681  7.209  -4.250  55.484 0.0000000000
67789  6.811  -5.713  49.421 0.0000000000
86867  6.232  14.276  48.636 0.0000000000
134292  6.414  14.226  47.856 0.0000000000
86891  6.452  14.347  46.406 0.0000000000
86890  7.475  14.472  46.308 0.0000000000
145122  5.724  14.453  45.039 0.0000000000
122327  6.620  14.549  45.454 0.0000000000
134223  37.339  6.063  52.814 0.0000000000
78235  36.375  6.227  52.846 0.0000000000
78245  37.263  6.133  52.078 0.0000000000
121200  37.494  5.106  48.892 0.0000000000
78261  36.359  5.680  50.428 0.0000000000
77278  36.476  5.072  49.234 0.0000000000
77292  36.033  4.641  48.310 0.0000000000
85228  50.426  12.899  32.126 0.0000000000
88709  54.939  15.822  30.522 0.0000000000
88717  54.561  15.789  30.204 0.0000000000
88708  55.399  15.716  29.764 0.0000000000
87914  56.188  15.140  28.603 0.0000000000
87035  56.007  14.534  29.046 0.0000000000
120385  50.664  8.029  36.055 0.0000000000
80448  51.059  8.129  33.717 0.0000000000
81401  51.378  8.596  34.022 0.0000000000
82300  51.817  9.468  33.769 0.0000000000
81407  51.406  8.862  33.350 0.0000000000
69717  19.888  -3.241  52.627 0.0000000000
125475  20.711  -3.326  52.408 0.0000000000
69746  21.229  -3.689  51.102 0.0000000000
69736  21.515  -3.506  52.025 0.0000000000
69735  22.655  -3.602  52.639 0.0000000000
121402  23.149  -3.247  54.303 0.0000000000
69714  23.364  -3.475  53.546 0.0000000000
66803  21.964  -6.302  48.923 0.0000000000
67788  21.860  -5.496  49.457 0.0000000000
67787  22.631  -5.639  49.262 0.0000000000
68752  24.786  -4.214  51.357 0.0000000000
68753  23.866  -4.179  51.134 0.0000000000
69733  24.414  -3.712  52.803 0.0000000000
69713  24.204  -3.536  53.618 0.0000000000
127527  24.883  -3.400  53.935 0.0000000000
70673  25.579  -2.760  56.000 0.0000000000
69683  25.790  -2.829  55.109 0.0000000000
69696  27.090  -2.971  54.077 0.0000000000
127500  26.966  -2.541  55.556 0.0000000000
70671  27.663  -2.329  55.577 0.0000000000
71627  28.217  -0.831  56.834 0.0000000000
71628  28.091  -1.732  56.020 0.0000000000
127438  21.035  -10.363  61.221 0.0000000000
62515  20.500  -10.395  60.737 0.0000000000
139899  19.822  -10.684  56.731 0.0000000000
62550  19.577  -10.673  57.438 0.0000000000
62568  19.089  -10.606  56.728 0.0000000000
62585  18.647  -10.308  56.020 0.0000000000
62600  19.046  -9.988  55.237 0.0000000000
62597  21.204  -10.751  54.160 0.0000000000
62598  20.594  -10.403  54.619 0.0000000000
62618  20.714  -10.020  53.741 0.0000000000
64723  19.074  -8.864  51.701 0.0000000000
64724  18.516  -8.780  52.177 0.0000000000
63692  18.447  -9.243  53.933 0.0000000000
65725  17.523  -8.004  51.506 0.0000000000
130948  18.258  -5.071  50.743 0.0000000000
144421  18.749  -4.145  51.141 0.0000000000
136930  18.849  -3.638  51.694 0.0000000000
58356  27.648  -15.656  63.696 0.0000000000
143474  27.303  -15.716  64.093 0.0000000000
59406  26.014  -14.252  62.778 0.0000000000
60403  25.387  -13.602  62.417 0.0000000000
60382  25.256  -13.838  62.803 0.0000000000
60404  24.735  -12.814  62.129 0.0000000000
60440  24.943  -12.695  59.802 0.0000000000
59431  25.497  -13.015  60.352 0.0000000000
61468  23.564  -11.496  61.016 0.0000000000
60425  24.260  -12.082  61.124 0.0000000000
61460  23.754  -11.691  61.523 0.0000000000
61450  24.010  -12.204  62.238 0.0000000000
137018  23.376  -11.471  61.772 0.0000000000
61455  23.367  -11.562  62.063 0.0000000000
62525  21.650  -10.530  60.682 0.0000000000
62513  22.158  -10.574  61.302 0.0000000000
62514  21.609  -10.427  61.347 0.0000000000
63625  21.401  -10.330  61.688 0.0000000000
64688  29.694  -8.559  57.149 0.0000000000
63667  30.113  -9.133  57.503 0.0000000000
62547  30.015  -9.717  57.089 0.0000000000
60457  30.745  -12.369  56.376 0.0000000000
61491  30.999  -11.148  56.929 0.0000000000
59463  31.446  -13.325  57.561 0.0000000000
59452  30.612  -14.109  57.701 0.0000000000
59483  28.334  -13.468  55.547 0.0000000000
59474  29.279  -13.210  55.695 0.0000000000
59475  28.679  -13.758  56.152 0.0000000000
58396  28.954  -14.641  59.260 0.0000000000
58395  29.874  -14.702  59.308 0.0000000000
58386  29.677  -15.149  60.664 0.0000000000
58387  28.870  -15.086  60.988 0.0000000000
59404  27.502  -14.924  62.464 0.0000000000
58366  28.080  -15.110  62.114 0.0000000000
144496  27.761  -15.327  62.821 0.0000000000
57318  28.182  -15.630  63.235 0.0000000000
120060  28.695  -0.662  55.977 0.0000000000
68730  28.413  -4.090  51.813 0.0000000000
69709  28.414  -3.149  53.180 0.0000000000
69729  28.881  -3.628  52.449 0.0000000000
69708  29.278  -3.222  53.156 0.0000000000
68729  29.311  -4.321  51.820 0.0000000000
65739  26.834  -8.291  50.840 0.0000000000
65738  27.514  -7.785  51.085 0.0000000000
65732  28.515  -7.670  52.282 0.0000000000
66785  29.814  -6.016  51.410 0.0000000000
66777  29.930  -6.606  52.044 0.0000000000
66776  30.520  -6.429  52.414 0.0000000000
65721  29.423  -7.520  53.654 0.0000000000
64695  29.129  -8.469  56.329 0.0000000000
65705  29.452  -7.673  55.235 0.0000000000
64701  28.955  -7.933  55.939 0.0000000000
65700  29.422  -7.956  56.777 0.0000000000
96998  4.661  27.555  58.276 0.0000000000
97678  4.535  28.248  57.207 0.0000000000
97003  4.941  28.235  57.851 0.0000000000
96295  6.405  27.741  57.465 0.0000000000
97008  5.994  28.344  57.020 0.0000000000
96300  6.494  27.607  56.660 0.0000000000
97020  6.269  28.042  55.114 0.0000000000
96306  6.587  27.369  55.719 0.0000000000
94734  8.550  25.021  59.646 0.0000000000
94744  8.070  25.652  59.214 0.0000000000
95481  8.263  25.716  58.552 0.0000000000
95506  8.292  25.405  55.593 0.0000000000
95516  7.750  25.908  55.022 0.0000000000
96312  7.354  26.464  54.383 0.0000000000
142023  7.802  25.919  52.743 0.0000000000
94810  9.652  24.572  52.366 0.0000000000
95531  8.890  25.033  52.202 0.0000000000
95549  9.337  24.957  51.408 0.0000000000
95566  10.318  25.205  50.315 0.0000000000
123268  9.995  24.859  50.852 0.0000000000
128906  7.118  10.923  62.173 0.0000000000
83050  6.458  10.603  61.803 0.0000000000
83049  7.370  10.828  61.219 0.0000000000
124578  8.339  11.510  59.066 0.0000000000
84016  7.844  11.114  59.646 0.0000000000
84025  8.023  11.768  58.174 0.0000000000
86760  10.284  14.821  57.100 0.0000000000
84979  10.127  13.168  57.545 0.0000000000
86771  10.067  14.470  56.742 0.0000000000
86773  8.287  14.299  56.702 0.0000000000
85920  8.873  13.533  56.734 0.0000000000
137153  7.651  12.308  57.405 0.0000000000
84997  7.526  12.855  56.926 0.0000000000
140724  6.783  12.702  57.002 0.0000000000
87654  6.357  14.990  56.937 0.0000000000
128296  5.424  14.926  56.212 0.0000000000
87664  4.820  15.781  55.962 0.0000000000
89298  5.085  18.042  58.151 0.0000000000
89305  4.616  17.451  57.639 0.0000000000
89299  4.557  18.176  57.650 0.0000000000
90139  4.533  18.310  57.160 0.0000000000
90905  4.853  19.454  58.050 0.0000000000
90899  6.408  19.619  59.179 0.0000000000
90893  6.047  20.077  59.688 0.0000000000
92449  3.989  21.404  60.133 0.0000000000
91677  3.984  20.857  60.002 0.0000000000
92455  3.862  21.329  59.855 0.0000000000
92463  4.123  21.164  59.317 0.0000000000
93269  3.865  21.920  59.612 0.0000000000
93268  4.443  22.549  59.075 0.0000000000
95480  4.533  25.451  59.005 0.0000000000
138906  4.459  25.350  58.589 0.0000000000
95484  4.335  25.990  58.358 0.0000000000
96296  4.187  26.767  57.769 0.0000000000
121188  44.343  -2.146  43.822 0.0000000000
71728  45.227  -1.616  44.026 0.0000000000
71727  45.947  -1.910  44.180 0.0000000000
121921  46.613  -1.450  44.269 0.0000000000
71725  47.222  -1.470  44.018 0.0000000000
72646  47.741  -0.946  43.848 0.0000000000
143652  47.489  -0.753  43.318 0.0000000000
73537  48.465  0.133  43.987 0.0000000000
74495  46.726  1.876  42.274 0.0000000000
74494  47.417  1.694  42.696 0.0000000000
129436  48.060  2.450  42.752 0.0000000000
136609  12.523  -10.137  66.988 0.0000000000
63571  11.919  -9.356  67.995 0.0000000000
123654  11.394  -8.909  68.849 0.0000000000
70681  12.034  -2.551  56.048 0.0000000000
70661  11.812  -2.548  56.925 0.0000000000
71647  11.728  -0.980  55.977 0.0000000000
74360  12.448  1.249  55.666 0.0000000000
72556  11.670  -0.135  56.021 0.0000000000
127396  11.426  0.426  56.460 0.0000000000
136953  11.030  0.091  57.226 0.0000000000
136112  14.465  1.933  59.419 0.0000000000
75309  14.217  2.433  57.969 0.0000000000
75302  13.794  2.942  58.378 0.0000000000
76272  12.821  4.082  58.304 0.0000000000
76279  12.511  3.806  57.535 0.0000000000
76280  11.958  3.581  57.124 0.0000000000
75311  11.556  2.963  56.931 0.0000000000
76281  11.200  3.579  57.427 0.0000000000
75303  10.173  2.365  57.692 0.0000000000
78191  10.883  5.201  58.819 0.0000000000
77215  10.121  4.796  58.662 0.0000000000
76262  9.404  4.227  58.869 0.0000000000
78192  10.115  5.407  59.052 0.0000000000
78185  9.723  5.725  59.561 0.0000000000
78184  10.449  5.738  59.483 0.0000000000
78157  11.969  4.815  62.950 0.0000000000
78166  11.491  5.863  61.629 0.0000000000
78158  11.653  5.536  62.713 0.0000000000
79184  11.390  6.062  63.498 0.0000000000
75242  13.031  2.761  65.287 0.0000000000
76219  12.629  3.365  65.043 0.0000000000
76211  12.609  3.293  65.843 0.0000000000
78136  11.291  5.341  66.693 0.0000000000
64764  40.258  -7.453  49.682 0.0000000000
64765  39.502  -7.601  49.233 0.0000000000
64730  39.431  -8.434  52.109 0.0000000000
63721  38.567  -8.621  52.124 0.0000000000
63699  41.015  -9.077  54.037 0.0000000000
64719  40.838  -8.518  53.229 0.0000000000
70729  30.589  -2.329  50.497 0.0000000000
70730  29.768  -2.165  50.274 0.0000000000
69754  32.578  -3.470  50.637 0.0000000000
69755  31.811  -3.201  50.351 0.0000000000
69764  32.335  -3.838  49.877 0.0000000000
69773  31.215  -3.783  48.930 0.0000000000
69763  33.051  -3.939  50.186 0.0000000000
68724  36.150  -4.773  53.069 0.0000000000
68767  35.620  -4.842  50.430 0.0000000000
68784  35.254  -4.699  49.493 0.0000000000
68800  33.882  -4.523  48.456 0.0000000000
121874  37.494  -4.859  49.108 0.0000000000
68783  36.670  -4.834  49.204 0.0000000000
68797  36.743  -4.702  48.520 0.0000000000
68796  37.684  -4.661  48.335 0.0000000000
68782  40.725  -4.434  50.307 0.0000000000
130223  40.004  -4.539  49.822 0.0000000000
69761  41.187  -4.250  49.690 0.0000000000
69751  41.548  -4.131  50.302 0.0000000000
68697  41.375  -5.080  53.086 0.0000000000
68719  41.471  -4.788  52.138 0.0000000000
67762  42.772  -5.559  51.131 0.0000000000
67763  42.545  -4.912  51.317 0.0000000000
68740  42.774  -4.882  50.647 0.0000000000
68761  42.573  -4.285  50.340 0.0000000000
67772  43.003  -5.454  50.244 0.0000000000
67782  43.389  -5.308  49.639 0.0000000000
65744  41.756  -7.034  50.412 0.0000000000
65743  42.284  -6.805  50.067 0.0000000000
65753  40.863  -7.321  49.369 0.0000000000
73451  7.571  1.260  54.190 0.0000000000
73452  7.283  0.529  54.117 0.0000000000
73460  7.454  0.881  53.359 0.0000000000
72584  6.759  -0.670  51.977 0.0000000000
71683  6.321  -1.431  51.883 0.0000000000
70721  6.312  -2.618  52.038 0.0000000000
71675  6.017  -2.112  51.813 0.0000000000
74389  5.460  1.383  50.408 0.0000000000
73475  5.957  0.570  50.760 0.0000000000
73478  4.965  0.666  50.349 0.0000000000
70733  3.969  -2.585  49.900 0.0000000000
71692  4.405  -1.850  50.455 0.0000000000
70732  4.665  -2.629  50.480 0.0000000000
69749  4.950  -3.160  50.478 0.0000000000
69757  4.891  -3.625  49.962 0.0000000000
68778  4.868  -4.100  49.564 0.0000000000
68779  4.071  -4.163  49.160 0.0000000000
68803  3.326  -4.815  48.047 0.0000000000
67796  3.513  -5.428  48.014 0.0000000000
66826  3.813  -6.043  47.240 0.0000000000
67803  3.657  -5.640  47.247 0.0000000000
71713  4.520  -1.613  47.624 0.0000000000
81302  9.923  7.919  46.035 0.0000000000
90975  9.253  19.475  48.775 0.0000000000
90985  8.666  19.483  47.454 0.0000000000
79298  40.834  7.043  47.271 0.0000000000
86992  49.906  14.521  35.447 0.0000000000
86991  50.585  14.709  35.282 0.0000000000
86990  51.240  14.874  34.681 0.0000000000
87868  51.790  15.077  34.936 0.0000000000
71556  16.938  -1.734  63.392 0.0000000000
71555  17.703  -2.050  64.218 0.0000000000
71552  19.918  -2.373  64.355 0.0000000000
72484  20.559  -2.098  66.487 0.0000000000
71578  21.381  -1.398  61.740 0.0000000000
123641  20.848  -1.878  62.637 0.0000000000
71537  23.755  -1.606  64.692 0.0000000000
72483  23.349  -1.400  65.558 0.0000000000
72475  22.859  -0.991  66.231 0.0000000000
72474  23.848  -0.770  66.123 0.0000000000
73363  23.571  0.622  67.062 0.0000000000
73371  24.325  0.036  66.693 0.0000000000
74253  25.774  1.892  65.205 0.0000000000
74242  25.919  2.183  66.058 0.0000000000
76213  24.771  3.158  64.773 0.0000000000
75246  25.196  2.462  64.303 0.0000000000
69688  22.236  -2.688  55.256 0.0000000000
70675  22.127  -2.282  56.256 0.0000000000
70674  22.864  -2.241  56.788 0.0000000000
128950  24.490  -1.745  59.021 0.0000000000
122463  24.075  -1.760  58.934 0.0000000000
70617  24.456  -1.710  59.652 0.0000000000
70609  24.435  -1.649  60.394 0.0000000000
70608  24.937  -1.632  60.553 0.0000000000
71610  27.430  -1.295  59.293 0.0000000000
71599  27.390  -1.180  60.272 0.0000000000
73401  27.326  0.396  61.548 0.0000000000
72505  27.088  -0.467  61.825 0.0000000000
140373  27.005  0.036  62.155 0.0000000000
73395  26.921  0.234  62.743 0.0000000000
73389  26.671  0.480  63.365 0.0000000000
74270  26.395  0.948  62.432 0.0000000000
75259  24.854  1.789  61.697 0.0000000000
144613  24.790  2.086  62.485 0.0000000000
75253  24.464  2.679  63.113 0.0000000000
76239  23.358  3.145  62.135 0.0000000000
75270  22.821  2.388  60.752 0.0000000000
76248  22.843  3.231  61.364 0.0000000000
144939  22.333  3.309  60.768 0.0000000000
74320  23.683  1.365  58.687 0.0000000000
74308  23.589  1.468  59.539 0.0000000000
76276  21.138  2.982  57.721 0.0000000000
76266  21.475  3.356  58.542 0.0000000000
77206  21.694  5.092  58.346 0.0000000000
78203  20.801  5.375  56.137 0.0000000000
78202  21.372  5.825  56.634 0.0000000000
78211  21.211  6.174  55.850 0.0000000000
131397  17.661  -8.179  66.680 0.0000000000
64623  17.685  -8.013  67.619 0.0000000000
64627  16.768  -7.751  66.374 0.0000000000
64635  17.136  -8.544  64.116 0.0000000000
64646  15.765  -8.678  62.500 0.0000000000
124051  16.228  -8.263  63.881 0.0000000000
64642  15.579  -8.296  63.345 0.0000000000
64647  14.836  -8.243  62.749 0.0000000000
64643  14.730  -7.995  63.547 0.0000000000
64672  13.721  -8.290  59.766 0.0000000000
64664  13.668  -8.195  60.558 0.0000000000
66711  12.813  -6.941  59.343 0.0000000000
66719  13.183  -7.167  58.512 0.0000000000
62527  19.140  -10.360  59.303 0.0000000000
62528  18.071  -10.239  59.163 0.0000000000
63668  16.314  -9.982  57.603 0.0000000000
139698  16.536  -10.108  58.355 0.0000000000
136141  15.891  -9.841  58.012 0.0000000000
63658  15.845  -9.734  58.698 0.0000000000
66758  15.618  -7.455  52.918 0.0000000000
120174  15.626  -8.157  54.013 0.0000000000
131770  14.342  -7.440  54.675 0.0000000000
65706  14.058  -7.823  55.941 0.0000000000
64697  14.541  -8.428  56.490 0.0000000000
65694  13.867  -7.980  56.927 0.0000000000
138238  13.796  -8.097  57.653 0.0000000000
65701  13.498  -7.276  56.532 0.0000000000
67738  12.783  -4.834  54.745 0.0000000000
66748  12.966  -5.885  55.704 0.0000000000
126003  12.682  -5.447  56.118 0.0000000000
67720  12.572  -5.366  56.721 0.0000000000
68680  12.495  -4.466  55.258 0.0000000000
69676  12.261  -3.953  55.830 0.0000000000
69703  12.457  -3.604  54.818 0.0000000000
126522  14.231  -0.861  54.285 0.0000000000
71660  13.662  -1.487  54.052 0.0000000000
72565  14.280  -0.167  54.569 0.0000000000
73449  14.237  0.487  54.902 0.0000000000
72554  14.837  0.129  55.089 0.0000000000
71644  16.913  -1.038  55.616 0.0000000000
71645  15.999  -0.915  55.137 0.0000000000
72532  16.481  -0.176  58.729 0.0000000000
73420  15.908  0.351  59.152 0.0000000000
72525  16.451  -0.259  59.661 0.0000000000
71570  17.120  -1.366  62.204 0.0000000000
72511  16.706  -0.818  61.772 0.0000000000
72508  16.185  -1.482  63.985 0.0000000000
58339  26.463  -15.829  64.707 0.0000000000
58340  25.768  -15.790  64.722 0.0000000000
135963  24.388  -16.134  64.798 0.0000000000
57303  23.842  -15.673  64.714 0.0000000000
60372  22.467  -13.312  63.633 0.0000000000
59391  22.981  -14.300  63.977 0.0000000000
56314  20.011  -15.194  65.657 0.0000000000
60367  19.127  -12.156  66.109 0.0000000000
60364  18.079  -12.027  67.655 0.0000000000
137820  39.872  -6.137  56.973 0.0000000000
65690  39.750  -7.024  57.356 0.0000000000
121532  38.838  -7.257  57.769 0.0000000000
64667  37.818  -8.367  58.722 0.0000000000
63639  38.778  -9.231  59.105 0.0000000000
63620  37.766  -9.479  59.613 0.0000000000
65667  35.214  -7.794  60.696 0.0000000000
64657  35.400  -8.489  60.909 0.0000000000
145142  35.690  -11.197  60.930 0.0000000000
62500  35.901  -10.731  60.460 0.0000000000
61465  36.785  -11.240  60.170 0.0000000000
60420  37.134  -12.069  60.454 0.0000000000
60419  37.923  -12.774  60.203 0.0000000000
60409  36.910  -13.023  60.807 0.0000000000
62533  31.290  -9.947  58.756 0.0000000000
61481  32.479  -11.008  58.791 0.0000000000
59438  32.998  -13.272  59.261 0.0000000000
60432  33.382  -12.162  59.353 0.0000000000
59437  33.546  -13.006  59.598 0.0000000000
60431  33.884  -12.284  59.788 0.0000000000
78217  21.117  6.335  55.029 0.0000000000
76298  20.504  3.540  53.836 0.0000000000
76305  20.528  3.578  52.913 0.0000000000
141748  20.969  2.479  52.917 0.0000000000
74369  22.753  1.500  53.962 0.0000000000
74370  21.858  1.657  54.104 0.0000000000
74378  22.632  1.536  52.390 0.0000000000
74379  21.982  1.927  51.973 0.0000000000
73472  22.988  1.088  51.167 0.0000000000
72589  25.730  -0.388  51.365 0.0000000000
72594  25.462  -0.615  50.527 0.0000000000
72593  26.265  -0.848  50.787 0.0000000000
73434  29.629  0.485  55.088 0.0000000000
73445  29.213  0.692  55.039 0.0000000000
73454  28.667  0.473  54.216 0.0000000000
70687  30.691  -2.264  54.583 0.0000000000
71653  31.153  -1.409  55.063 0.0000000000
73444  30.312  0.289  54.205 0.0000000000
72574  29.146  0.198  53.433 0.0000000000
72580  28.680  -0.268  52.631 0.0000000000
71673  29.993  -0.820  52.220 0.0000000000
72585  29.148  -0.745  52.030 0.0000000000
71680  28.784  -1.173  51.311 0.0000000000
71679  29.618  -1.267  51.487 0.0000000000
71687  29.285  -1.631  50.759 0.0000000000
71678  30.445  -1.416  51.711 0.0000000000
71669  33.149  -1.499  53.395 0.0000000000
71676  32.061  -1.719  52.190 0.0000000000
70704  33.909  -1.691  53.743 0.0000000000
70718  33.513  -2.270  52.926 0.0000000000
70650  34.641  -1.690  56.543 0.0000000000
70666  34.686  -1.167  56.213 0.0000000000
70649  34.930  -1.580  56.606 0.0000000000
70636  35.494  -2.611  56.775 0.0000000000
70648  35.230  -1.830  56.562 0.0000000000
70664  35.605  -2.516  56.350 0.0000000000
69680  35.773  -3.215  55.913 0.0000000000
68678  36.428  -4.502  55.728 0.0000000000
134797  36.557  -4.315  56.420 0.0000000000
67696  38.426  -5.627  57.287 0.0000000000
67706  38.472  -5.167  56.922 0.0000000000
66726  39.426  -5.625  56.784 0.0000000000
98380  4.548  29.681  54.574 0.0000000000
97700  5.376  29.568  54.111 0.0000000000
98393  6.102  29.924  51.427 0.0000000000
133736  5.839  30.008  52.330 0.0000000000
99065  6.116  30.721  50.188 0.0000000000
98408  6.641  30.001  49.666 0.0000000000
126790  7.560  28.056  49.197 0.0000000000
97737  7.973  28.207  48.301 0.0000000000
99079  7.250  30.330  48.251 0.0000000000
69647  3.981  -3.363  63.537 0.0000000000
69646  4.275  -3.871  63.512 0.0000000000
70606  3.580  -2.111  61.936 0.0000000000
121602  3.525  -1.574  61.336 0.0000000000
70614  3.636  -2.303  60.977 0.0000000000
71598  3.543  -1.403  60.622 0.0000000000
76247  3.644  3.151  61.862 0.0000000000
120510  3.651  2.037  62.316 0.0000000000
75266  3.771  2.520  61.665 0.0000000000
144782  4.248  1.529  59.894 0.0000000000
128937  4.022  0.954  60.213 0.0000000000
73418  4.057  0.177  59.692 0.0000000000
72528  3.990  -0.741  59.495 0.0000000000
127600  4.365  -0.293  59.033 0.0000000000
71619  4.276  -1.065  58.673 0.0000000000
73424  4.384  0.406  58.862 0.0000000000
74337  4.997  2.269  57.725 0.0000000000
74351  4.967  1.409  57.481 0.0000000000
122287  5.515  1.268  56.804 0.0000000000
74336  5.499  2.097  57.150 0.0000000000
131326  5.590  10.365  61.389 0.0000000000
82088  4.836  9.996  61.502 0.0000000000
82094  4.874  10.137  60.694 0.0000000000
81204  3.914  8.205  59.410 0.0000000000
80235  4.174  7.147  59.467 0.0000000000
80241  4.501  7.392  58.563 0.0000000000
82123  4.052  9.932  56.926 0.0000000000
83079  3.987  10.141  57.838 0.0000000000
80246  5.865  7.049  57.049 0.0000000000
80247  5.218  7.515  57.388 0.0000000000
79237  5.549  6.724  57.644 0.0000000000
126029  5.096  6.729  58.188 0.0000000000
78201  5.693  5.840  57.806 0.0000000000
77224  5.743  5.012  57.767 0.0000000000
78200  6.183  5.263  57.375 0.0000000000
76289  7.009  4.213  56.440 0.0000000000
131211  6.450  3.870  56.822 0.0000000000
76295  6.829  3.333  56.256 0.0000000000
75320  6.426  2.644  56.388 0.0000000000
125404  7.269  3.113  55.669 0.0000000000
75325  7.453  2.671  55.203 0.0000000000
78219  8.707  5.457  54.681 0.0000000000
77233  8.653  4.502  54.517 0.0000000000
129346  9.070  4.536  53.604 0.0000000000
120121  8.949  4.017  52.893 0.0000000000
140733  9.208  4.677  52.864 0.0000000000
81246  7.765  8.709  53.708 0.0000000000
81240  8.182  8.049  54.003 0.0000000000
81245  8.363  8.411  53.199 0.0000000000
80280  9.021  7.655  51.685 0.0000000000
80275  9.255  6.907  51.886 0.0000000000
79267  9.187  6.271  51.332 0.0000000000
78239  9.195  5.616  51.590 0.0000000000
78240  8.725  5.557  50.809 0.0000000000
78254  7.818  5.206  50.220 0.0000000000
79276  8.243  6.101  50.187 0.0000000000
135400  6.928  7.886  49.306 0.0000000000
140093  7.034  7.190  49.426 0.0000000000
80291  6.130  7.175  49.312 0.0000000000
80292  5.117  6.836  49.001 0.0000000000
143418  5.288  7.581  49.055 0.0000000000
81258  4.886  8.268  48.919 0.0000000000
83143  5.545  11.214  48.698 0.0000000000
84106  4.688  11.626  48.197 0.0000000000
85069  5.212  13.300  51.268 0.0000000000
85077  5.713  12.625  50.790 0.0000000000
130033  5.058  13.847  50.210 0.0000000000
86844  5.250  14.181  49.982 0.0000000000
86856  5.326  14.075  49.103 0.0000000000
87734  8.523  15.189  50.570 0.0000000000
87721  9.313  15.821  50.925 0.0000000000
87733  9.401  15.252  50.064 0.0000000000
88559  10.031  16.549  50.924 0.0000000000
123735  4.788  16.321  55.354 0.0000000000
89326  4.865  17.018  55.480 0.0000000000
90158  6.281  17.976  55.178 0.0000000000
89325  5.694  17.234  54.836 0.0000000000
89324  6.836  17.632  54.503 0.0000000000
92477  7.598  21.823  56.601 0.0000000000
91698  7.550  20.738  56.529 0.0000000000
91697  8.047  21.094  55.935 0.0000000000
90928  9.209  20.136  54.500 0.0000000000
90917  8.450  19.592  55.137 0.0000000000
90155  9.071  19.191  54.345 0.0000000000
90167  8.854  18.309  54.015 0.0000000000
89334  9.380  17.892  53.298 0.0000000000
90166  9.701  18.874  53.541 0.0000000000
90172  10.282  18.532  52.168 0.0000000000
90940  10.287  19.027  51.658 0.0000000000
90183  10.316  18.597  50.866 0.0000000000
90954  10.143  19.405  50.985 0.0000000000
91739  9.726  20.057  50.461 0.0000000000
93335  7.302  22.615  50.737 0.0000000000
125585  7.858  21.965  50.246 0.0000000000
93345  7.076  22.374  49.916 0.0000000000
92534  7.591  21.718  49.432 0.0000000000
94812  5.339  24.680  52.704 0.0000000000
94099  6.306  23.823  51.855 0.0000000000
94100  5.757  24.275  51.737 0.0000000000
94841  4.295  24.432  49.781 0.0000000000
94109  4.992  24.200  50.430 0.0000000000
94115  4.688  23.690  49.575 0.0000000000
94116  4.072  23.919  49.065 0.0000000000
75372  33.361  2.253  48.965 0.0000000000
75371  34.281  2.077  49.096 0.0000000000
74392  36.245  2.156  49.599 0.0000000000
75359  35.536  2.427  50.211 0.0000000000
75348  35.606  2.895  51.104 0.0000000000
75347  36.433  2.653  50.691 0.0000000000
75384  39.167  2.329  47.827 0.0000000000
136422  38.047  2.072  48.368 0.0000000000
123186  38.695  2.255  48.517 0.0000000000
76321  39.277  3.348  51.083 0.0000000000
138659  38.633  3.010  50.634 0.0000000000
75345  38.502  3.267  51.402 0.0000000000
75337  37.780  3.196  51.573 0.0000000000
76310  38.237  3.673  52.303 0.0000000000
76301  37.777  4.359  52.988 0.0000000000
76300  38.710  4.379  52.723 0.0000000000
77245  41.360  5.043  52.099 0.0000000000
77236  39.938  5.339  52.649 0.0000000000
78233  40.694  5.856  52.339 0.0000000000
138098  40.278  6.614  51.908 0.0000000000
79263  41.262  6.685  51.805 0.0000000000
73520  45.153  0.315  44.194 0.0000000000
74465  44.566  1.207  44.158 0.0000000000
75439  45.063  1.855  44.792 0.0000000000
75400  45.096  2.609  46.366 0.0000000000
139633  44.731  2.847  47.133 0.0000000000
127663  44.083  2.938  47.450 0.0000000000
75380  47.729  2.149  47.889 0.0000000000
75381  46.975  2.202  47.819 0.0000000000
76361  46.530  3.123  47.925 0.0000000000
77277  45.421  3.973  49.255 0.0000000000
130652  45.542  3.320  48.714 0.0000000000
77265  44.038  4.101  50.220 0.0000000000
78257  44.043  5.405  50.284 0.0000000000
80286  43.573  7.882  49.897 0.0000000000
79268  43.095  7.288  50.590 0.0000000000
80287  42.714  8.065  50.176 0.0000000000
80288  41.979  7.982  50.409 0.0000000000
81254  42.443  8.422  49.681 0.0000000000
139627  42.150  8.541  49.193 0.0000000000
81260  42.723  9.025  49.124 0.0000000000
81271  43.515  9.550  47.881 0.0000000000
82192  43.398  9.826  46.984 0.0000000000
82204  43.883  9.670  46.057 0.0000000000
79336  46.532  6.446  44.403 0.0000000000
79338  45.141  7.026  45.466 0.0000000000
81342  47.181  8.700  39.351 0.0000000000
81351  47.447  8.926  38.750 0.0000000000
82257  47.537  9.626  38.492 0.0000000000
80375  50.304  7.261  40.571 0.0000000000
80376  49.174  7.364  40.262 0.0000000000
80400  51.240  7.176  38.415 0.0000000000
81349  49.127  8.169  37.950 0.0000000000
80415  50.093  7.751  37.620 0.0000000000
81363  50.130  8.209  36.773 0.0000000000
78459  50.077  5.928  35.029 0.0000000000
78460  49.593  5.595  34.460 0.0000000000
76453  47.442  4.057  39.749 0.0000000000
135052  47.748  4.161  37.770 0.0000000000
76490  48.017  4.113  35.898 0.0000000000
76501  48.022  3.959  35.147 0.0000000000
144703  48.088  3.963  33.882 0.0000000000
88833  58.519  15.793  18.940 0.0000000000
88801  58.503  15.839  20.778 0.0000000000
131990  58.684  15.328  21.070 0.0000000000
126834  58.786  15.045  21.661 0.0000000000
90107  11.180  18.631  62.865 0.0000000000
89286  11.556  17.971  62.750 0.0000000000
72486  18.260  -1.312  66.757 0.0000000000
61417  6.368  -11.536  67.546 0.0000000000
61418  5.172  -11.797  67.909 0.0000000000
63574  4.202  -10.303  67.903 0.0000000000
61420  3.847  -11.417  67.951 0.0000000000
62480  3.756  -10.857  68.029 0.0000000000
62485  4.072  -11.222  67.311 0.0000000000
63578  4.525  -10.579  67.143 0.0000000000
63582  5.132  -9.761  66.395 0.0000000000
64629  5.560  -8.961  66.634 0.0000000000
65647  6.187  -6.976  66.348 0.0000000000
63556  16.525  -9.281  68.587 0.0000000000
65621  15.022  -7.569  67.493 0.0000000000
136100  14.842  -8.131  67.684 0.0000000000
65650  13.391  -7.413  64.606 0.0000000000
65645  13.727  -7.159  65.437 0.0000000000
66673  13.316  -6.882  66.519 0.0000000000
65634  13.487  -7.216  66.946 0.0000000000
65622  13.468  -7.443  67.224 0.0000000000
66655  12.773  -7.137  67.138 0.0000000000
136864  11.478  -6.422  66.952 0.0000000000
66656  11.848  -7.162  67.546 0.0000000000
141406  11.419  -6.697  67.297 0.0000000000
66657  10.908  -7.054  67.678 0.0000000000
66666  10.733  -6.598  67.226 0.0000000000
68652  11.448  -4.334  58.862 0.0000000000
69658  11.018  -3.640  59.100 0.0000000000
69655  10.098  -3.403  60.061 0.0000000000
68646  10.593  -3.847  59.732 0.0000000000
68640  10.319  -4.153  60.339 0.0000000000
67680  10.446  -5.327  61.397 0.0000000000
141013  8.938  -1.729  60.089 0.0000000000
71596  9.201  -2.307  60.267 0.0000000000
68631  9.245  -4.493  62.412 0.0000000000
67675  9.515  -5.255  62.807 0.0000000000
67670  9.794  -5.976  64.417 0.0000000000
67663  9.348  -5.785  65.543 0.0000000000
67658  9.637  -6.176  66.283 0.0000000000
134952  9.905  -6.753  67.276 0.0000000000
135935  9.162  -6.707  67.442 0.0000000000
134966  7.217  -5.407  66.847 0.0000000000
70596  7.461  -2.820  63.936 0.0000000000
68620  5.894  -4.163  66.335 0.0000000000
69642  4.384  -3.892  65.461 0.0000000000
69643  4.182  -3.616  64.643 0.0000000000
143191  4.148  -2.739  64.588 0.0000000000
73387  4.846  0.079  64.814 0.0000000000
140437  4.313  0.661  64.888 0.0000000000
73388  3.811  0.675  64.669 0.0000000000
140917  4.089  1.350  65.422 0.0000000000
75243  5.782  2.538  64.692 0.0000000000
77163  4.992  4.758  64.827 0.0000000000
76220  4.265  3.426  65.874 0.0000000000
76212  3.911  3.086  66.042 0.0000000000
122082  3.932  3.861  65.934 0.0000000000
77165  3.898  4.604  65.562 0.0000000000
134657  3.994  5.302  65.475 0.0000000000
124185  5.188  7.080  65.248 0.0000000000
81170  4.730  8.262  64.954 0.0000000000
79214  9.949  6.461  60.513 0.0000000000
79216  8.629  6.117  60.540 0.0000000000
79215  9.194  6.689  60.958 0.0000000000
80214  9.251  7.932  63.054 0.0000000000
125062  8.919  7.698  62.301 0.0000000000
80215  8.122  7.659  62.483 0.0000000000
80216  7.432  7.392  62.900 0.0000000000
81185  8.410  8.003  63.172 0.0000000000
80186  9.574  8.351  67.045 0.0000000000
81161  8.977  8.565  66.572 0.0000000000
81166  8.451  8.663  65.877 0.0000000000
81168  7.181  8.439  65.327 0.0000000000
81176  6.539  7.832  65.126 0.0000000000
81164  6.841  8.880  65.781 0.0000000000
83029  7.140  10.502  65.100 0.0000000000
82069  6.382  9.419  65.400 0.0000000000
83030  6.518  10.262  64.801 0.0000000000
83033  6.365  10.545  63.810 0.0000000000
83981  9.309  11.477  63.374 0.0000000000
83989  8.528  11.421  62.851 0.0000000000
83998  9.583  11.791  61.587 0.0000000000
84921  11.569  12.194  64.064 0.0000000000
120864  10.753  11.832  63.805 0.0000000000
85877  11.865  14.123  62.690 0.0000000000
85878  11.023  13.323  61.709 0.0000000000
135934  10.982  14.201  60.542 0.0000000000
86737  11.517  14.982  61.064 0.0000000000
88502  11.550  16.982  62.249 0.0000000000
88505  11.323  16.662  61.570 0.0000000000
139171  38.427  -8.015  49.598 0.0000000000
64686  40.099  -8.329  57.390 0.0000000000
64685  40.609  -8.407  57.178 0.0000000000
141622  40.111  -8.890  57.482 0.0000000000
123897  40.040  -11.318  57.803 0.0000000000
62530  40.264  -10.691  57.596 0.0000000000
124773  40.198  -11.261  57.493 0.0000000000
61497  40.072  -11.413  56.652 0.0000000000
61489  40.050  -11.639  57.263 0.0000000000
59435  39.317  -13.614  58.358 0.0000000000
79253  20.951  6.381  54.081 0.0000000000
80271  21.055  6.778  53.271 0.0000000000
79266  20.585  6.464  51.396 0.0000000000
126167  20.799  6.554  52.324 0.0000000000
80278  20.670  7.212  51.646 0.0000000000
133731  20.465  7.162  50.758 0.0000000000
127036  20.900  2.415  49.074 0.0000000000
76344  20.493  3.622  49.202 0.0000000000
75378  20.638  3.009  48.696 0.0000000000
78284  20.424  5.793  47.914 0.0000000000
78268  20.400  6.004  48.763 0.0000000000
79317  21.287  6.380  46.533 0.0000000000
79316  22.145  6.602  46.418 0.0000000000
70742  28.233  -2.832  48.525 0.0000000000
70739  26.909  -2.136  48.879 0.0000000000
70743  27.403  -2.602  48.279 0.0000000000
70762  27.057  -2.787  46.737 0.0000000000
70752  26.441  -2.446  47.157 0.0000000000
70764  25.781  -2.096  46.691 0.0000000000
142747  24.794  -1.236  46.629 0.0000000000
71716  25.272  -1.612  46.210 0.0000000000
69815  29.392  -3.821  45.388 0.0000000000
69816  28.571  -3.538  45.048 0.0000000000
72640  26.095  -0.709  44.060 0.0000000000
71735  25.907  -1.168  44.496 0.0000000000
141581  24.880  -0.042  44.590 0.0000000000
73512  24.237  0.135  45.024 0.0000000000
73534  23.893  0.920  44.744 0.0000000000
74481  22.843  1.982  44.873 0.0000000000
74480  23.595  1.676  44.639 0.0000000000
76417  24.029  3.070  44.589 0.0000000000
76402  23.017  3.932  45.030 0.0000000000
75429  26.336  3.007  45.204 0.0000000000
73546  30.019  0.024  43.690 0.0000000000
73530  28.971  0.871  43.891 0.0000000000
73529  29.686  0.721  44.061 0.0000000000
74452  30.481  1.614  45.407 0.0000000000
74453  29.679  1.778  45.185 0.0000000000
75426  29.171  2.277  45.784 0.0000000000
74433  31.653  1.783  46.599 0.0000000000
75404  31.147  2.209  47.060 0.0000000000
74414  32.757  1.808  47.390 0.0000000000
73508  34.453  0.700  45.665 0.0000000000
74430  34.744  0.917  46.509 0.0000000000
72635  35.383  -0.318  43.524 0.0000000000
73544  36.084  0.103  43.646 0.0000000000
132796  37.473  0.348  43.362 0.0000000000
73522  37.004  0.661  43.798 0.0000000000
74470  37.235  1.171  44.555 0.0000000000
74469  38.325  1.541  44.275 0.0000000000
120237  38.741  1.087  43.501 0.0000000000
72650  40.465  -0.572  43.388 0.0000000000
73542  40.483  0.233  43.286 0.0000000000
68806  38.681  -4.055  47.183 0.0000000000
69798  40.138  -3.299  46.738 0.0000000000
70761  40.667  -3.202  46.034 0.0000000000
125339  41.906  -4.342  47.263 0.0000000000
69810  41.462  -3.389  45.811 0.0000000000
70783  41.436  -2.661  44.704 0.0000000000
71739  42.649  -1.396  43.680 0.0000000000
69823  43.702  -3.306  44.073 0.0000000000
66857  41.819  -5.783  45.551 0.0000000000
67843  41.704  -5.274  44.018 0.0000000000
67842  42.510  -4.882  43.523 0.0000000000
67849  42.114  -4.871  42.691 0.0000000000
67850  41.185  -5.143  42.693 0.0000000000
144173  12.189  19.863  62.725 0.0000000000
91673  11.609  20.790  61.976 0.0000000000
91672  12.283  21.083  61.324 0.0000000000
92454  12.208  21.701  59.356 0.0000000000
93255  11.419  22.326  59.732 0.0000000000
93265  11.656  22.279  58.936 0.0000000000
121545  11.240  22.674  58.444 0.0000000000
93279  11.700  22.430  57.786 0.0000000000
93296  13.095  22.371  55.789 0.0000000000
93289  12.598  22.252  56.589 0.0000000000
93297  12.092  22.432  55.849 0.0000000000
94048  11.188  22.910  55.782 0.0000000000
94059  11.772  22.591  55.056 0.0000000000
68634  4.537  -4.138  62.695 0.0000000000
68637  5.638  -4.837  61.865 0.0000000000
139987  6.631  -5.304  60.867 0.0000000000
122899  7.195  -5.565  61.160 0.0000000000
66700  7.762  -6.227  61.454 0.0000000000
66699  8.274  -6.899  61.291 0.0000000000
66706  8.292  -6.549  60.661 0.0000000000
67704  6.670  -4.965  58.453 0.0000000000
65686  9.309  -7.661  58.491 0.0000000000
72557  6.713  -1.154  54.251 0.0000000000
71662  6.615  -1.908  54.453 0.0000000000
70716  6.766  -2.510  53.926 0.0000000000
67754  7.751  -4.621  53.691 0.0000000000
68694  7.371  -4.104  54.057 0.0000000000
67753  8.313  -5.161  53.822 0.0000000000
67740  8.468  -5.315  54.707 0.0000000000
67752  9.095  -5.838  53.985 0.0000000000
125334  8.945  -5.966  51.220 0.0000000000
66789  9.257  -6.686  51.431 0.0000000000
81269  2.521  8.465  48.194 0.0000000000
81270  1.960  8.820  47.851 0.0000000000
137347  1.813  9.859  46.674 0.0000000000
139374  2.049  9.022  46.720 0.0000000000
129208  2.364  9.764  46.430 0.0000000000
81291  4.110  8.253  46.540 0.0000000000
83164  3.514  10.322  46.254 0.0000000000
141014  4.185  13.656  46.430 0.0000000000
85105  3.551  12.551  46.260 0.0000000000
141415  3.744  12.871  45.468 0.0000000000
126952  5.496  11.423  45.134 0.0000000000
84125  4.500  11.692  45.105 0.0000000000
136107  5.823  10.476  46.179 0.0000000000
132193  6.088  9.834  46.484 0.0000000000
83162  6.720  10.457  46.268 0.0000000000
82200  7.235  9.868  46.575 0.0000000000
83176  8.582  11.143  45.614 0.0000000000
83160  8.469  10.622  46.275 0.0000000000
83175  9.313  10.578  45.991 0.0000000000
121628  10.087  10.392  45.556 0.0000000000
83186  9.415  11.042  45.180 0.0000000000
89382  9.903  17.229  47.418 0.0000000000
88592  9.874  16.206  47.337 0.0000000000
88606  8.274  16.313  44.964 0.0000000000
87782  7.521  15.340  44.768 0.0000000000
87792  7.185  15.376  43.818 0.0000000000
86035  8.065  13.792  42.473 0.0000000000
86922  7.950  14.581  42.574 0.0000000000
86923  7.135  14.318  42.675 0.0000000000
85127  7.452  13.330  42.696 0.0000000000
76339  31.980  3.442  50.651 0.0000000000
76340  31.091  3.713  50.594 0.0000000000
76325  32.098  4.345  51.664 0.0000000000
77250  31.746  6.044  53.208 0.0000000000
77251  31.049  5.872  52.305 0.0000000000
122418  30.833  6.137  51.707 0.0000000000
120328  34.607  6.384  50.995 0.0000000000
78248  33.624  6.631  52.178 0.0000000000
78263  34.026  6.297  50.408 0.0000000000
78307  39.632  5.896  46.766 0.0000000000
78290  39.524  5.785  47.647 0.0000000000
78308  38.895  5.472  46.960 0.0000000000
88742  55.276  16.274  27.674 0.0000000000
129992  56.741  16.218  25.995 0.0000000000
88753  55.836  16.630  26.443 0.0000000000
131941  57.360  16.732  24.619 0.0000000000
137377  58.158  13.859  24.036 0.0000000000
87083  58.247  14.530  23.797 0.0000000000
86194  58.365  13.888  23.498 0.0000000000
87091  58.711  13.917  22.305 0.0000000000
86193  58.527  13.582  22.954 0.0000000000
84169  47.902  12.306  41.016 0.0000000000
85133  47.739  12.677  40.908 0.0000000000
84168  48.164  12.566  40.744 0.0000000000
84195  49.100  12.047  38.427 0.0000000000
85146  48.577  12.915  39.673 0.0000000000
84185  49.085  12.921  38.710 0.0000000000
86048  48.689  13.097  38.966 0.0000000000
83246  50.225  10.742  36.073 0.0000000000
85158  50.685  12.974  36.925 0.0000000000
85157  50.773  13.562  36.814 0.0000000000
86063  50.576  13.856  36.783 0.0000000000
86079  51.642  13.661  35.875 0.0000000000
86099  53.008  13.445  34.293 0.0000000000
86078  52.537  13.822  35.022 0.0000000000
86098  53.243  13.762  34.204 0.0000000000
86971  53.227  14.410  34.291 0.0000000000
86097  53.645  13.266  33.507 0.0000000000
82324  51.866  9.688  31.721 0.0000000000
83320  52.793  10.828  30.275 0.0000000000
83305  52.861  10.977  31.911 0.0000000000
83295  53.373  11.656  32.309 0.0000000000
84261  53.376  11.823  32.755 0.0000000000
85238  54.563  12.607  31.733 0.0000000000
87005  54.423  13.255  32.739 0.0000000000
86123  55.003  13.427  31.873 0.0000000000
87012  54.893  14.107  32.212 0.0000000000
85249  55.297  13.117  30.647 0.0000000000
84294  55.798  12.519  28.050 0.0000000000
85259  55.668  13.250  29.055 0.0000000000
85269  55.951  13.142  28.472 0.0000000000
85268  56.299  13.459  28.132 0.0000000000
85281  56.206  12.882  27.739 0.0000000000
83349  55.450  10.501  26.167 0.0000000000
83347  56.516  11.309  25.593 0.0000000000
84325  57.399  12.196  24.644 0.0000000000
84347  58.295  11.714  23.327 0.0000000000
84359  58.604  11.222  22.765 0.0000000000
133615  58.563  11.781  22.142 0.0000000000
63727  22.971  -10.379  50.855 0.0000000000
130322  22.775  -9.805  50.231 0.0000000000
63726  23.981  -10.260  50.904 0.0000000000
63742  24.407  -9.601  50.569 0.0000000000
61520  22.368  -11.821  54.134 0.0000000000
131201  23.068  -11.789  53.333 0.0000000000
59486  24.989  -13.265  56.061 0.0000000000
60459  24.444  -13.018  56.902 0.0000000000
60469  23.454  -12.629  55.327 0.0000000000
61530  25.985  -11.652  52.915 0.0000000000
60484  26.339  -12.225  53.524 0.0000000000
60485  25.435  -12.351  53.587 0.0000000000
63741  25.265  -9.516  50.755 0.0000000000
62629  25.448  -11.006  52.077 0.0000000000
92441  9.185  21.411  61.805 0.0000000000
93245  9.679  22.128  61.557 0.0000000000
88507  10.723  17.176  60.388 0.0000000000
90117  10.345  18.552  60.270 0.0000000000
90118  9.919  19.345  60.681 0.0000000000
90892  9.011  19.620  60.819 0.0000000000
90887  9.653  19.636  61.225 0.0000000000
137376  9.155  19.920  61.411 0.0000000000
73366  15.773  0.455  67.027 0.0000000000
75230  16.341  1.969  66.237 0.0000000000
74248  16.466  0.900  66.738 0.0000000000
128444  17.177  0.398  66.613 0.0000000000
73396  15.367  -0.162  62.688 0.0000000000
73404  14.999  0.450  62.233 0.0000000000
72501  14.979  -0.445  63.665 0.0000000000
73392  14.569  0.259  64.122 0.0000000000
73385  14.410  0.336  65.020 0.0000000000
74257  14.176  1.048  65.174 0.0000000000
73376  14.401  0.486  65.684 0.0000000000
72472  14.838  -0.142  66.406 0.0000000000
65703  41.930  -7.349  55.605 0.0000000000
65697  41.757  -7.365  55.946 0.0000000000
65698  41.576  -7.794  56.254 0.0000000000
64684  41.353  -8.646  56.568 0.0000000000
140944  39.417  -5.140  56.202 0.0000000000
68674  40.554  -5.394  55.478 0.0000000000
67735  41.171  -5.549  55.109 0.0000000000
67723  41.534  -6.160  55.772 0.0000000000
137224  6.587  -7.123  64.939 0.0000000000
65653  6.538  -7.932  64.815 0.0000000000
66685  7.058  -6.982  64.234 0.0000000000
66690  7.018  -6.380  63.697 0.0000000000
77274  5.515  4.581  49.439 0.0000000000
76345  5.279  3.848  49.558 0.0000000000
77275  4.733  4.337  49.090 0.0000000000
76374  4.006  3.485  47.613 0.0000000000
76392  4.369  4.076  46.772 0.0000000000
77317  4.106  4.949  46.917 0.0000000000
78321  3.821  5.719  46.974 0.0000000000
83221  43.780  11.117  41.133 0.0000000000
84179  45.915  12.059  39.464 0.0000000000
85142  46.821  12.777  39.739 0.0000000000
86229  59.339  14.032  19.311 0.0000000000
86236  59.506  13.340  17.862 0.0000000000
123053  20.103  -1.537  57.820 0.0000000000
70630  20.553  -1.437  58.940 0.0000000000
132455  20.751  -1.430  58.108 0.0000000000
70642  22.361  -1.667  57.905 0.0000000000
139216  28.135  -0.543  57.775 0.0000000000
125740  28.785  0.044  58.295 0.0000000000
122645  26.199  1.344  58.173 0.0000000000
63592  19.363  -9.566  63.440 0.0000000000
140256  18.391  -10.100  61.235 0.0000000000
68709  17.994  -3.911  51.720 0.0000000000
129160  17.257  -4.512  51.688 0.0000000000
69719  18.321  -3.170  53.043 0.0000000000
70710  18.459  -2.773  54.014 0.0000000000
70695  18.508  -2.223  54.786 0.0000000000
70660  19.118  -1.718  56.868 0.0000000000
62498  22.069  -10.785  62.656 0.0000000000
61444  21.889  -11.377  63.341 0.0000000000
61446  20.941  -10.692  64.222 0.0000000000
61433  20.602  -10.779  64.986 0.0000000000
120217  32.918  -6.548  59.485 0.0000000000
65676  32.561  -7.072  60.222 0.0000000000
65683  32.261  -7.242  59.402 0.0000000000
138197  31.567  -8.716  59.872 0.0000000000
63641  31.654  -9.380  59.909 0.0000000000
57317  29.027  -16.026  63.499 0.0000000000
120080  29.961  -16.124  63.291 0.0000000000
56340  29.250  -16.621  63.999 0.0000000000
55284  29.271  -17.210  64.280 0.0000000000
54189  28.513  -19.012  64.127 0.0000000000
139090  24.657  1.213  55.804 0.0000000000
66752  31.251  -6.716  54.800 0.0000000000
66751  32.084  -6.017  54.524 0.0000000000
66745  31.752  -6.408  55.500 0.0000000000
66738  32.323  -6.065  56.237 0.0000000000
67719  33.107  -5.433  56.527 0.0000000000
66728  32.777  -6.023  57.095 0.0000000000
124904  32.543  -6.392  57.878 0.0000000000
96321  3.718  27.257  53.598 0.0000000000
121058  3.532  28.364  53.582 0.0000000000
130085  3.681  29.693  53.623 0.0000000000
99051  3.969  30.538  53.107 0.0000000000
96362  9.357  26.066  49.306 0.0000000000
96374  9.630  26.462  48.583 0.0000000000
80208  3.792  7.369  63.947 0.0000000000
79197  3.533  6.673  63.378 0.0000000000
81192  3.648  8.233  62.340 0.0000000000
121349  5.606  12.772  55.837 0.0000000000
122431  5.410  12.161  55.774 0.0000000000
84056  5.439  11.496  54.326 0.0000000000
123226  5.397  12.163  53.962 0.0000000000
85047  5.223  12.590  53.311 0.0000000000
85965  5.063  13.347  52.693 0.0000000000
95491  4.827  25.291  57.165 0.0000000000
94766  5.339  24.655  56.323 0.0000000000
95499  4.793  25.426  56.131 0.0000000000
95508  4.573  25.504  55.315 0.0000000000
95517  4.553  25.617  54.661 0.0000000000
95523  4.779  25.577  54.039 0.0000000000
131602  4.385  26.041  54.294 0.0000000000
97026  4.007  26.783  54.337 0.0000000000
142063  41.312  2.117  43.875 0.0000000000
75443  41.165  2.347  44.315 0.0000000000
75442  41.911  2.203  44.032 0.0000000000
133284  42.512  2.475  44.613 0.0000000000
75441  43.329  2.352  44.534 0.0000000000
75457  49.228  2.369  43.698 0.0000000000
75415  49.707  2.742  45.318 0.0000000000
76412  50.008  3.338  44.587 0.0000000000
76393  50.234  4.120  44.614 0.0000000000
78322  49.510  5.364  44.602 0.0000000000
78337  50.252  5.216  44.021 0.0000000000
78348  50.145  5.782  43.540 0.0000000000
79348  50.439  6.268  42.811 0.0000000000
79347  50.905  6.291  41.947 0.0000000000
128104  51.011  4.986  42.011 0.0000000000
77365  50.965  4.911  40.936 0.0000000000
77374  50.099  4.616  40.688 0.0000000000
76208  23.232  3.786  65.498 0.0000000000
62483  10.487  -10.315  66.858 0.0000000000
62476  9.574  -10.326  67.771 0.0000000000
62465  8.689  -10.353  68.691 0.0000000000
64611  8.362  -8.352  69.378 0.0000000000
65673  12.591  -7.325  60.787 0.0000000000
66704  12.164  -6.751  60.478 0.0000000000
127426  8.581  2.226  59.419 0.0000000000
138878  8.535  1.573  59.557 0.0000000000
74302  7.865  1.208  60.645 0.0000000000
73411  7.593  0.685  61.237 0.0000000000
73405  7.404  0.202  61.829 0.0000000000
74290  7.446  1.429  61.445 0.0000000000
75264  7.329  2.084  61.561 0.0000000000
75265  6.992  2.642  61.985 0.0000000000
76245  7.164  3.497  61.498 0.0000000000
135952  7.580  5.330  61.150 0.0000000000
141803  38.925  -7.337  46.738 0.0000000000
72595  24.713  -0.298  50.215 0.0000000000
72601  24.566  -0.463  49.347 0.0000000000
71698  25.057  -0.978  48.899 0.0000000000
71701  25.433  -1.476  48.411 0.0000000000
68810  34.767  -4.636  46.974 0.0000000000
68827  33.675  -4.631  46.071 0.0000000000
144562  34.175  -4.575  45.488 0.0000000000
136194  33.590  -4.246  44.272 0.0000000000
69831  33.151  -3.814  43.684 0.0000000000
69830  34.056  -3.799  43.704 0.0000000000
69843  35.549  -3.169  43.201 0.0000000000
69828  35.894  -3.712  43.947 0.0000000000
69827  36.744  -3.608  44.134 0.0000000000
69813  37.963  -3.747  45.280 0.0000000000
65768  41.759  -6.881  48.554 0.0000000000
65787  40.177  -6.931  47.164 0.0000000000
65789  39.377  -7.198  46.893 0.0000000000
72545  5.093  -0.547  57.021 0.0000000000
70663  5.276  -2.127  56.936 0.0000000000
71633  5.500  -1.360  56.424 0.0000000000
70683  6.280  -2.526  55.571 0.0000000000
86853  8.603  14.560  49.075 0.0000000000
86866  7.413  14.229  48.125 0.0000000000
86865  8.509  14.431  48.224 0.0000000000
86876  9.107  14.795  47.574 0.0000000000
86888  8.841  14.878  46.813 0.0000000000
79273  38.858  6.261  51.855 0.0000000000
142596  37.682  5.904  51.290 0.0000000000
78260  38.058  5.755  50.474 0.0000000000
137791  37.992  5.450  49.459 0.0000000000
78276  38.335  5.390  48.697 0.0000000000
86118  51.401  13.922  32.135 0.0000000000
87022  51.961  14.374  31.945 0.0000000000
87900  53.245  15.240  31.310 0.0000000000
87907  53.866  15.514  30.812 0.0000000000
87899  53.717  15.437  31.738 0.0000000000
88704  54.686  15.476  31.417 0.0000000000
88703  55.182  15.267  30.802 0.0000000000
79457  50.560  6.703  34.596 0.0000000000
80442  50.845  7.424  34.143 0.0000000000
68735  19.227  -4.254  50.867 0.0000000000
68756  20.309  -4.064  50.774 0.0000000000
139278  21.072  -4.058  50.592 0.0000000000
69756  21.843  -4.026  50.723 0.0000000000
67786  23.555  -5.846  49.080 0.0000000000
67777  24.076  -5.112  49.768 0.0000000000
68733  25.088  -3.912  52.266 0.0000000000
69712  25.611  -3.352  53.642 0.0000000000
69732  25.777  -3.557  52.776 0.0000000000
69711  26.551  -3.285  53.256 0.0000000000
122109  21.584  -10.689  59.746 0.0000000000
62537  20.875  -10.664  58.968 0.0000000000
62549  20.379  -10.711  57.268 0.0000000000
62567  20.447  -10.716  56.377 0.0000000000
63716  20.283  -9.467  52.138 0.0000000000
126980  20.420  -9.555  53.133 0.0000000000
130561  18.510  -8.110  50.701 0.0000000000
124057  17.739  -7.209  50.689 0.0000000000
67759  18.650  -5.180  50.525 0.0000000000
59405  26.755  -14.589  62.673 0.0000000000
59410  26.955  -14.321  62.218 0.0000000000
59421  26.339  -13.915  61.935 0.0000000000
60423  25.672  -13.416  61.587 0.0000000000
60442  23.743  -12.175  58.738 0.0000000000
60434  24.147  -12.130  60.314 0.0000000000
128862  23.116  -11.223  60.599 0.0000000000
61469  22.672  -10.831  60.932 0.0000000000
62564  29.385  -10.041  56.255 0.0000000000
61498  30.280  -11.467  56.165 0.0000000000
60458  29.996  -12.445  55.794 0.0000000000
59467  27.561  -14.040  57.300 0.0000000000
59453  28.186  -14.314  57.868 0.0000000000
136181  28.212  -14.802  60.951 0.0000000000
59409  27.598  -14.663  61.944 0.0000000000
69710  27.539  -3.177  53.239 0.0000000000
136158  27.673  -3.885  51.902 0.0000000000
67766  28.234  -5.322  50.832 0.0000000000
64731  27.471  -8.743  52.681 0.0000000000
65733  27.763  -8.049  52.064 0.0000000000
64721  27.699  -8.833  53.392 0.0000000000
65722  28.650  -7.947  53.282 0.0000000000
134155  28.707  -8.065  54.168 0.0000000000
64709  28.420  -8.596  54.486 0.0000000000
64702  28.688  -8.679  55.298 0.0000000000
96285  5.618  26.710  59.354 0.0000000000
96997  5.516  27.874  58.363 0.0000000000
96288  6.071  27.394  58.852 0.0000000000
96287  6.890  27.098  58.513 0.0000000000
96294  6.933  27.188  57.801 0.0000000000
94753  9.208  24.775  57.754 0.0000000000
129002  8.774  25.293  57.266 0.0000000000
94764  8.831  25.062  56.291 0.0000000000
95515  8.311  25.372  54.692 0.0000000000
95521  8.526  25.263  53.903 0.0000000000
94794  9.042  24.859  53.779 0.0000000000
94793  9.492  24.484  53.354 0.0000000000
122350  8.207  11.300  61.362 0.0000000000
84008  8.729  11.365  60.719 0.0000000000
84015  8.767  11.390  59.971 0.0000000000
84967  9.467  12.119  58.547 0.0000000000
136498  9.218  15.937  56.764 0.0000000000
87652  8.820  15.157  56.677 0.0000000000
87653  7.665  15.026  56.898 0.0000000000
87644  6.028  15.836  57.385 0.0000000000
87645  5.205  16.152  57.289 0.0000000000
88514  5.702  16.492  57.830 0.0000000000
89304  5.332  17.211  58.121 0.0000000000
92447  6.427  21.319  60.560 0.0000000000
91675  5.635  20.886  60.269 0.0000000000
92448  5.115  21.556  60.433 0.0000000000
93254  4.167  22.356  60.263 0.0000000000
94017  3.797  23.132  60.041 0.0000000000
94025  4.073  23.841  59.799 0.0000000000
94732  4.182  24.050  60.126 0.0000000000
70780  44.558  -2.902  43.728 0.0000000000
120269  45.131  -2.331  43.828 0.0000000000
70795  45.370  -2.599  43.625 0.0000000000
70794  46.174  -2.438  43.465 0.0000000000
61409  13.733  -11.552  68.405 0.0000000000
142087  12.869  -9.415  67.555 0.0000000000
72567  12.864  -0.362  54.825 0.0000000000
72555  12.114  -0.235  55.424 0.0000000000
73440  12.805  0.585  55.233 0.0000000000
125160  13.073  1.406  55.498 0.0000000000
74347  12.689  2.028  55.915 0.0000000000
75277  13.862  2.737  60.517 0.0000000000
76260  13.444  3.428  59.839 0.0000000000
76261  12.991  4.149  59.228 0.0000000000
77212  12.331  4.588  58.716 0.0000000000
77200  12.487  4.733  59.624 0.0000000000
77201  11.760  5.127  59.107 0.0000000000
135131  11.933  5.294  60.040 0.0000000000
78175  11.410  5.803  60.542 0.0000000000
78174  11.957  5.188  61.085 0.0000000000
77170  12.280  4.247  63.659 0.0000000000
76206  13.134  3.001  66.885 0.0000000000
76207  12.590  3.512  66.613 0.0000000000
64746  41.114  -7.226  50.912 0.0000000000
64747  40.382  -7.455  50.576 0.0000000000
64736  40.501  -7.633  51.526 0.0000000000
64729  40.053  -8.199  52.220 0.0000000000
62608  40.061  -10.018  54.175 0.0000000000
126033  39.777  -10.616  54.613 0.0000000000
62595  39.289  -10.864  54.518 0.0000000000
70723  32.453  -2.390  51.750 0.0000000000
70727  32.141  -2.766  51.012 0.0000000000
69742  33.578  -3.417  51.809 0.0000000000
69752  34.169  -3.984  51.567 0.0000000000
68722  38.269  -5.262  52.847 0.0000000000
68747  36.638  -5.157  52.203 0.0000000000
68746  37.812  -5.273  52.118 0.0000000000
120590  37.214  -5.241  51.341 0.0000000000
120587  36.177  -4.885  49.721 0.0000000000
68765  37.782  -5.187  50.532 0.0000000000
120589  38.214  -5.022  49.789 0.0000000000
120794  39.209  -4.696  49.803 0.0000000000
120399  40.434  -4.614  51.021 0.0000000000
130086  42.516  -5.597  52.895 0.0000000000
67755  42.724  -5.866  52.069 0.0000000000
66782  42.724  -6.153  51.441 0.0000000000
133557  42.575  -6.465  51.018 0.0000000000
66783  42.662  -6.447  50.331 0.0000000000
74380  7.514  1.214  52.576 0.0000000000
73473  7.223  0.733  51.725 0.0000000000
73474  6.639  0.056  51.371 0.0000000000
73479  4.222  0.481  49.980 0.0000000000
72598  4.645  -0.261  50.345 0.0000000000
72599  3.908  -0.481  49.741 0.0000000000
71693  3.856  -1.666  49.839 0.0000000000
69759  3.747  -3.231  49.239 0.0000000000
69768  3.686  -3.901  48.833 0.0000000000
68791  3.414  -4.264  48.164 0.0000000000
68820  3.451  -4.526  47.799 0.0000000000
68838  3.842  -5.205  47.230 0.0000000000
122199  5.220  -3.284  47.566 0.0000000000
127831  5.820  0.127  47.429 0.0000000000
72614  6.364  -0.599  47.685 0.0000000000
91753  8.093  21.095  49.002 0.0000000000
90976  8.631  19.899  48.293 0.0000000000
91762  7.844  20.662  48.266 0.0000000000
91770  7.575  20.691  47.615 0.0000000000
86993  49.275  14.247  35.792 0.0000000000
86974  50.428  14.565  35.877 0.0000000000
71568  18.425  -2.181  63.325 0.0000000000
71567  19.270  -2.290  63.176 0.0000000000
71566  20.086  -2.189  62.934 0.0000000000
71577  23.286  -1.545  62.087 0.0000000000
71564  22.932  -1.958  63.150 0.0000000000
71549  24.163  -1.727  63.700 0.0000000000
72481  24.938  -0.587  65.074 0.0000000000
72473  24.735  -0.291  65.946 0.0000000000
73379  25.469  0.220  65.642 0.0000000000
73378  25.860  0.536  65.146 0.0000000000
131172  25.971  1.066  64.776 0.0000000000
69675  23.424  -2.337  56.761 0.0000000000
70655  23.830  -2.207  57.400 0.0000000000
70626  24.405  -1.883  58.529 0.0000000000
74293  27.561  1.462  60.190 0.0000000000
140106  28.256  0.181  60.553 0.0000000000
73407  27.890  0.765  60.869 0.0000000000
74281  26.965  1.167  60.850 0.0000000000
74282  26.422  1.195  61.391 0.0000000000
74283  25.997  1.431  61.611 0.0000000000
121067  24.151  1.901  61.501 0.0000000000
74331  22.690  1.640  57.372 0.0000000000
75306  21.824  2.058  57.842 0.0000000000
76285  20.758  3.735  56.969 0.0000000000
77226  20.588  4.368  56.201 0.0000000000
77230  20.579  4.853  55.577 0.0000000000
62456  18.307  -9.738  68.850 0.0000000000
63555  18.005  -8.927  68.781 0.0000000000
64622  18.356  -8.418  67.303 0.0000000000
63601  16.786  -9.093  62.564 0.0000000000
144158  14.149  -8.557  60.275 0.0000000000
62552  17.854  -10.433  57.581 0.0000000000
62540  17.473  -10.337  58.372 0.0000000000
62570  17.428  -10.185  56.772 0.0000000000
63679  16.545  -9.796  56.789 0.0000000000
67750  15.394  -5.701  52.587 0.0000000000
66771  15.170  -6.655  52.939 0.0000000000
66780  14.798  -5.846  53.177 0.0000000000
65727  14.201  -6.798  54.166 0.0000000000
65717  13.770  -6.999  54.855 0.0000000000
66747  13.320  -6.462  55.227 0.0000000000
67737  13.551  -5.502  54.078 0.0000000000
138488  13.152  -5.018  54.287 0.0000000000
68692  12.971  -4.267  54.194 0.0000000000
69702  13.082  -3.310  53.969 0.0000000000
71667  14.177  -2.186  53.661 0.0000000000
71622  18.021  -1.401  58.097 0.0000000000
71623  17.473  -0.993  57.707 0.0000000000
71615  17.646  -1.138  58.563 0.0000000000
135533  17.697  -1.180  59.268 0.0000000000
71605  17.460  -0.959  59.830 0.0000000000
72524  16.954  -0.662  60.111 0.0000000000
71595  17.425  -0.998  60.473 0.0000000000
71582  17.723  -1.574  61.620 0.0000000000
59388  25.594  -14.978  63.697 0.0000000000
58353  25.337  -15.411  64.222 0.0000000000
59377  24.501  -15.273  64.217 0.0000000000
59378  23.616  -14.892  64.262 0.0000000000
58345  21.416  -14.662  65.915 0.0000000000
58333  21.068  -14.956  66.498 0.0000000000
129937  20.794  -15.036  66.543 0.0000000000
57293  20.000  -15.051  65.892 0.0000000000
61406  18.366  -11.188  68.268 0.0000000000
62461  18.745  -10.280  68.310 0.0000000000
66714  38.094  -6.398  57.797 0.0000000000
64668  36.980  -8.385  59.477 0.0000000000
63607  34.739  -9.721  61.501 0.0000000000
64649  35.121  -9.033  61.314 0.0000000000
62501  35.328  -11.227  61.343 0.0000000000
60410  35.895  -12.937  61.269 0.0000000000
127302  35.818  -14.362  61.572 0.0000000000
60439  32.489  -12.236  58.331 0.0000000000
59450  32.628  -13.042  58.693 0.0000000000
58383  32.843  -14.722  60.330 0.0000000000
134291  20.586  4.907  54.887 0.0000000000
76292  20.496  4.028  55.272 0.0000000000
76296  20.505  3.517  54.587 0.0000000000
136558  21.055  2.187  54.265 0.0000000000
74373  24.414  1.331  54.081 0.0000000000
73459  24.089  1.065  53.218 0.0000000000
73466  23.819  0.797  52.306 0.0000000000
73469  25.144  0.011  52.005 0.0000000000
71655  29.255  -1.883  54.874 0.0000000000
72550  30.272  0.010  54.972 0.0000000000
71638  31.765  -0.595  55.232 0.0000000000
72572  30.757  0.056  53.730 0.0000000000
72579  29.570  -0.245  52.766 0.0000000000
71671  31.651  -1.023  52.671 0.0000000000
71665  32.780  -0.765  53.898 0.0000000000
71664  33.591  -0.836  54.198 0.0000000000
68659  34.831  -3.644  58.105 0.0000000000
69667  34.947  -3.041  57.378 0.0000000000
69661  35.107  -3.456  58.035 0.0000000000
69660  35.735  -3.602  57.658 0.0000000000
69665  35.980  -3.417  56.930 0.0000000000
68658  36.590  -4.254  57.036 0.0000000000
67697  37.212  -5.420  57.861 0.0000000000
99700  3.491  31.808  49.108 0.0000000000
97699  5.986  28.847  54.449 0.0000000000
97704  5.924  29.239  53.546 0.0000000000
144398  6.206  28.850  53.120 0.0000000000
98388  6.367  29.052  51.885 0.0000000000
97715  6.560  29.024  50.884 0.0000000000
72504  3.624  -0.379  64.045 0.0000000000
71572  3.564  -1.832  62.836 0.0000000000
72510  3.527  -0.877  62.988 0.0000000000
73400  3.621  0.505  62.096 0.0000000000
76254  4.058  3.775  60.595 0.0000000000
120266  3.861  3.103  61.110 0.0000000000
76265  4.147  2.976  60.253 0.0000000000
74312  4.370  1.844  59.135 0.0000000000
74324  4.365  1.135  58.683 0.0000000000
75305  4.671  2.587  58.446 0.0000000000
75314  5.047  2.931  57.850 0.0000000000
83062  5.487  10.776  59.616 0.0000000000
82101  4.907  10.279  59.838 0.0000000000
82102  4.405  9.829  59.131 0.0000000000
81224  4.971  8.582  56.391 0.0000000000
79245  6.489  6.535  56.782 0.0000000000
78209  7.123  5.101  56.520 0.0000000000
77231  7.584  4.600  55.966 0.0000000000
79250  8.224  5.948  55.331 0.0000000000
79255  8.661  6.341  54.569 0.0000000000
82154  7.818  9.533  52.622 0.0000000000
82153  8.335  8.826  52.489 0.0000000000
82158  8.201  9.226  51.915 0.0000000000
81251  8.575  8.506  51.566 0.0000000000
80285  8.759  7.750  50.815 0.0000000000
80290  8.122  7.657  50.109 0.0000000000
81256  7.616  8.272  49.722 0.0000000000
126347  5.715  9.046  48.996 0.0000000000
82172  6.448  9.829  49.247 0.0000000000
84099  6.031  11.675  49.480 0.0000000000
86835  5.237  14.622  51.176 0.0000000000
86834  6.029  15.269  51.123 0.0000000000
86833  6.878  15.168  50.658 0.0000000000
143670  6.850  14.879  50.062 0.0000000000
87722  8.209  15.602  51.272 0.0000000000
89309  5.033  18.120  56.225 0.0000000000
90148  5.831  18.417  55.784 0.0000000000
90147  6.837  18.660  55.476 0.0000000000
93304  8.022  22.609  54.886 0.0000000000
92484  8.192  21.815  55.541 0.0000000000
92492  8.646  21.813  54.660 0.0000000000
92491  9.179  21.041  54.267 0.0000000000
91711  9.488  20.390  53.744 0.0000000000
90936  9.858  19.803  53.274 0.0000000000
91716  9.657  20.540  53.004 0.0000000000
91720  9.669  20.559  52.327 0.0000000000
91726  9.466  20.905  51.818 0.0000000000
91727  9.368  20.885  51.023 0.0000000000
130346  8.796  21.583  51.608 0.0000000000
92526  8.023  22.107  51.093 0.0000000000
93329  6.782  23.262  51.270 0.0000000000
94827  4.776  25.223  51.995 0.0000000000
94832  4.877  24.759  51.228 0.0000000000
95569  4.308  25.342  51.072 0.0000000000
94834  4.111  25.221  50.030 0.0000000000
95582  4.080  25.931  49.475 0.0000000000
74411  35.283  1.508  47.793 0.0000000000
74401  34.813  1.765  48.403 0.0000000000
74400  35.560  1.716  48.466 0.0000000000
126991  36.069  1.852  48.859 0.0000000000
74399  36.820  1.919  48.973 0.0000000000
76367  40.591  2.905  47.819 0.0000000000
75369  39.487  2.545  48.632 0.0000000000
76352  40.412  2.966  48.720 0.0000000000
120005  39.931  3.321  50.379 0.0000000000
121449  40.119  3.725  51.216 0.0000000000
143010  39.613  3.798  51.725 0.0000000000
76320  40.912  4.243  51.504 0.0000000000
78243  42.034  5.200  51.666 0.0000000000
142945  45.666  1.698  44.950 0.0000000000
74446  46.214  1.479  45.257 0.0000000000
75416  46.338  1.786  46.110 0.0000000000
75399  45.917  2.288  46.681 0.0000000000
77288  47.172  3.975  47.718 0.0000000000
77289  46.365  3.950  48.020 0.0000000000
77290  46.136  4.668  48.031 0.0000000000
78273  45.727  4.838  48.563 0.0000000000
78274  45.383  5.112  49.105 0.0000000000
79277  44.446  6.051  49.727 0.0000000000
79288  44.961  6.029  49.169 0.0000000000
79289  44.370  7.161  49.315 0.0000000000
80294  44.011  8.483  49.150 0.0000000000
80313  44.523  8.292  46.821 0.0000000000
80384  51.638  7.113  39.124 0.0000000000
80385  51.658  7.148  39.079 0.0000000000
80399  51.995  7.081  38.773 0.0000000000
79426  51.608  6.792  38.372 0.0000000000
80413  51.407  7.022  37.985 0.0000000000
121355  51.007  7.054  37.142 0.0000000000
78428  50.725  5.824  36.866 0.0000000000
78448  49.709  5.296  35.633 0.0000000000
73381  19.871  -0.608  66.816 0.0000000000
62467  5.905  -10.433  68.695 0.0000000000
62468  4.648  -10.814  68.733 0.0000000000
63565  5.218  -10.050  68.379 0.0000000000
63573  5.075  -9.703  67.843 0.0000000000
142476  5.738  -5.914  66.390 0.0000000000
65631  16.314  -7.550  67.330 0.0000000000
65620  16.021  -7.782  67.675 0.0000000000
66662  14.685  -7.112  66.926 0.0000000000
65646  12.913  -7.086  65.330 0.0000000000
131287  12.252  -6.565  66.624 0.0000000000
66674  11.241  -6.417  66.378 0.0000000000
70646  11.064  -1.906  58.512 0.0000000000
70633  11.053  -2.776  58.741 0.0000000000
125139  10.630  -2.217  59.156 0.0000000000
70613  8.782  -2.618  61.051 0.0000000000
68632  8.701  -4.044  62.847 0.0000000000
68626  8.975  -4.695  63.229 0.0000000000
67668  8.710  -5.272  65.269 0.0000000000
67659  8.646  -5.531  66.006 0.0000000000
68618  8.009  -4.800  65.486 0.0000000000
125798  7.108  -2.215  64.042 0.0000000000
69641  5.514  -3.136  65.594 0.0000000000
71546  4.408  -1.842  64.727 0.0000000000
77171  6.170  4.309  63.680 0.0000000000
76226  6.045  3.761  64.106 0.0000000000
77172  5.661  4.311  64.297 0.0000000000
136489  4.632  6.109  65.053 0.0000000000
120197  5.962  7.887  65.446 0.0000000000
79194  10.646  7.110  62.375 0.0000000000
80204  10.144  7.519  63.156 0.0000000000
80205  9.564  7.937  63.972 0.0000000000
82063  9.057  9.580  67.093 0.0000000000
81159  8.832  8.949  66.963 0.0000000000
82064  8.379  9.554  66.671 0.0000000000
82067  7.717  9.540  66.209 0.0000000000
82068  7.031  9.445  65.882 0.0000000000
83025  7.343  10.078  65.870 0.0000000000
83978  7.712  10.985  64.476 0.0000000000
85875  12.287  13.687  63.400 0.0000000000
86735  11.761  14.978  62.235 0.0000000000
87629  11.983  15.761  62.855 0.0000000000
88499  12.170  16.437  62.948 0.0000000000
63637  39.703  -9.875  58.247 0.0000000000
63654  39.861  -9.520  57.786 0.0000000000
62517  39.962  -11.048  58.075 0.0000000000
61471  39.952  -11.777  58.100 0.0000000000
78228  20.651  5.223  52.887 0.0000000000
120701  20.510  5.102  51.253 0.0000000000
78253  20.455  5.586  50.388 0.0000000000
74404  21.532  1.769  48.155 0.0000000000
76358  20.488  3.821  48.258 0.0000000000
75393  20.782  3.138  47.850 0.0000000000
76373  20.627  3.956  47.354 0.0000000000
78302  20.550  5.540  47.188 0.0000000000
139340  20.771  5.347  46.696 0.0000000000
77313  21.059  4.766  46.305 0.0000000000
78331  21.555  5.156  46.051 0.0000000000
69775  29.667  -3.519  48.304 0.0000000000
69776  28.809  -3.315  47.960 0.0000000000
69784  28.645  -3.437  47.002 0.0000000000
69785  27.780  -3.169  46.549 0.0000000000
70787  28.367  -2.744  44.032 0.0000000000
70788  27.600  -2.503  44.261 0.0000000000
71733  27.312  -1.751  43.881 0.0000000000
72663  25.971  -0.049  43.901 0.0000000000
74479  24.441  1.385  44.455 0.0000000000
74478  25.345  1.092  44.163 0.0000000000
122660  25.053  1.920  44.406 0.0000000000
76416  24.883  2.760  44.672 0.0000000000
122799  24.770  3.619  45.076 0.0000000000
75449  25.723  2.530  44.668 0.0000000000
75448  26.532  2.335  44.682 0.0000000000
75447  27.293  2.150  44.723 0.0000000000
72657  31.815  -0.442  43.477 0.0000000000
73528  30.508  0.578  44.303 0.0000000000
73527  31.317  0.590  44.523 0.0000000000
74472  30.888  1.138  44.909 0.0000000000
74451  31.153  1.449  45.524 0.0000000000
74450  31.719  1.385  45.976 0.0000000000
74431  33.289  1.123  46.302 0.0000000000
120902  34.982  0.465  45.042 0.0000000000
120517  37.101  -0.997  42.869 0.0000000000
120793  37.965  -1.168  42.983 0.0000000000
72652  38.470  -0.469  43.056 0.0000000000
120518  38.967  0.209  43.172 0.0000000000
71741  40.841  -1.250  43.680 0.0000000000
69772  40.339  -4.008  48.429 0.0000000000
132285  40.712  -3.765  48.076 0.0000000000
69779  40.947  -3.641  47.699 0.0000000000
70768  41.668  -3.138  45.107 0.0000000000
70767  42.788  -3.354  44.572 0.0000000000
67831  42.982  -4.604  44.467 0.0000000000
130349  13.081  20.737  61.251 0.0000000000
92453  12.828  21.163  59.836 0.0000000000
68638  4.764  -4.219  61.539 0.0000000000
144150  5.267  -4.679  61.368 0.0000000000
68642  5.198  -4.682  60.650 0.0000000000
145130  6.449  -5.199  60.332 0.0000000000
67686  7.121  -5.439  60.363 0.0000000000
67713  8.285  -5.574  58.258 0.0000000000
66734  8.948  -6.071  57.765 0.0000000000
70720  6.594  -2.570  52.978 0.0000000000
69725  6.832  -3.170  53.437 0.0000000000
141567  6.852  -3.446  52.925 0.0000000000
68716  7.384  -4.171  53.150 0.0000000000
68715  8.096  -4.777  52.924 0.0000000000
82182  2.319  9.721  47.831 0.0000000000
82183  1.838  9.389  47.741 0.0000000000
83150  1.796  9.889  47.507 0.0000000000
83154  2.125  10.598  47.166 0.0000000000
84120  2.616  11.186  46.744 0.0000000000
86025  3.945  13.412  44.781 0.0000000000
85108  3.891  12.660  44.908 0.0000000000
85113  4.102  13.046  44.156 0.0000000000
84137  5.076  11.959  44.385 0.0000000000
84116  7.125  11.004  45.833 0.0000000000
84124  6.535  11.377  45.116 0.0000000000
125888  7.612  11.446  45.122 0.0000000000
84135  7.687  11.848  44.105 0.0000000000
129117  8.980  17.822  46.124 0.0000000000
88615  8.264  16.347  44.162 0.0000000000
76324  33.024  4.132  51.786 0.0000000000
77257  32.084  5.255  52.971 0.0000000000
78249  32.331  6.430  52.808 0.0000000000
77280  34.331  5.391  49.047 0.0000000000
88724  55.857  16.128  28.195 0.0000000000
88740  56.393  16.187  27.312 0.0000000000
88752  56.915  15.958  26.129 0.0000000000
88751  57.262  15.901  25.721 0.0000000000
88763  57.691  16.292  25.031 0.0000000000
87954  57.749  15.610  25.282 0.0000000000
138326  58.003  14.243  24.681 0.0000000000
86183  57.853  13.462  24.515 0.0000000000
83232  47.774  10.553  38.943 0.0000000000
83225  48.337  11.594  39.740 0.0000000000
83231  48.458  11.285  38.721 0.0000000000
84213  50.921  11.403  35.672 0.0000000000
84212  51.686  11.984  35.149 0.0000000000
85171  51.773  12.934  35.505 0.0000000000
85192  52.955  13.008  34.059 0.0000000000
84230  53.344  12.532  33.451 0.0000000000
83312  53.404  11.331  30.831 0.0000000000
84281  53.952  11.817  31.385 0.0000000000
84289  53.998  11.703  30.384 0.0000000000
84280  54.530  12.152  30.999 0.0000000000
84279  55.104  12.562  30.420 0.0000000000
84287  55.144  12.463  29.349 0.0000000000
84295  55.169  12.255  28.300 0.0000000000
84306  55.307  11.861  27.336 0.0000000000
83368  57.596  10.432  24.188 0.0000000000
84335  57.518  11.326  24.366 0.0000000000
83378  58.075  9.943  23.555 0.0000000000
64773  20.048  -7.947  49.554 0.0000000000
66793  20.469  -6.245  49.341 0.0000000000
65759  21.149  -7.716  49.085 0.0000000000
65772  21.732  -7.129  48.765 0.0000000000
65771  22.497  -7.051  48.604 0.0000000000
64771  22.599  -8.576  49.144 0.0000000000
65757  23.041  -7.716  48.708 0.0000000000
66801  23.368  -6.850  48.659 0.0000000000
133935  24.135  -6.537  48.896 0.0000000000
67784  25.417  -5.874  49.592 0.0000000000
67783  26.068  -5.938  49.865 0.0000000000
61500  21.718  -11.322  56.709 0.0000000000
61509  21.699  -11.383  55.611 0.0000000000
61521  21.666  -11.361  54.580 0.0000000000
62617  21.399  -10.561  53.299 0.0000000000
62616  22.006  -11.071  52.902 0.0000000000
63730  20.635  -9.558  50.984 0.0000000000
64757  20.229  -8.785  50.157 0.0000000000
59442  26.392  -13.675  59.941 0.0000000000
59456  25.058  -12.982  58.778 0.0000000000
62596  28.021  -10.883  54.298 0.0000000000
61517  28.387  -11.733  54.524 0.0000000000
61518  27.838  -11.669  54.057 0.0000000000
60466  27.824  -13.235  54.857 0.0000000000
59484  27.399  -13.672  55.672 0.0000000000
59492  26.308  -13.264  54.734 0.0000000000
59477  26.407  -13.580  55.755 0.0000000000
67774  26.603  -5.685  50.230 0.0000000000
65754  26.231  -7.147  49.913 0.0000000000
64741  26.620  -9.015  51.397 0.0000000000
64742  26.010  -9.330  51.049 0.0000000000
63724  26.393  -9.567  51.658 0.0000000000
64732  26.981  -9.305  52.234 0.0000000000
63704  27.458  -9.723  53.485 0.0000000000
94012  6.997  24.071  60.654 0.0000000000
143091  7.207  24.844  60.353 0.0000000000
94729  8.055  24.547  60.444 0.0000000000
94016  8.928  24.293  60.015 0.0000000000
94009  9.202  23.585  60.420 0.0000000000
94733  9.319  24.593  59.159 0.0000000000
94023  9.562  24.307  58.320 0.0000000000
94032  9.685  24.161  57.428 0.0000000000
94039  10.215  23.520  57.080 0.0000000000
85890  10.463  13.525  59.237 0.0000000000
86741  10.566  14.536  59.051 0.0000000000
86750  10.442  14.682  57.934 0.0000000000
87640  10.363  15.524  57.480 0.0000000000
88509  10.493  17.019  59.177 0.0000000000
89300  10.257  17.223  58.043 0.0000000000
87641  10.016  16.416  57.144 0.0000000000
88512  9.663  17.241  57.488 0.0000000000
89302  8.958  17.737  57.653 0.0000000000
89296  7.127  18.194  58.201 0.0000000000
90124  7.756  19.050  58.680 0.0000000000
90898  7.446  19.666  59.270 0.0000000000
123071  7.199  20.218  59.852 0.0000000000
90889  7.774  20.101  60.832 0.0000000000
131855  6.725  22.902  60.857 0.0000000000
69855  44.087  -3.888  42.380 0.0000000000
61404  13.978  -11.657  69.586 0.0000000000
73421  15.229  1.132  58.558 0.0000000000
74333  14.661  1.815  57.674 0.0000000000
140037  14.897  1.408  59.273 0.0000000000
74309  14.892  1.380  60.022 0.0000000000
75289  14.384  2.024  60.290 0.0000000000
74288  14.672  1.194  61.861 0.0000000000
75276  14.290  2.106  61.408 0.0000000000
131749  13.868  2.601  62.274 0.0000000000
76234  13.299  3.048  62.991 0.0000000000
76225  12.994  3.115  63.818 0.0000000000
75248  13.312  2.565  64.014 0.0000000000
75241  13.372  2.290  64.824 0.0000000000
129221  13.437  2.024  65.539 0.0000000000
74249  14.038  1.267  65.554 0.0000000000
74241  13.864  1.492  66.184 0.0000000000
75225  13.289  2.281  66.352 0.0000000000
64726  42.043  -7.667  53.486 0.0000000000
64699  41.948  -7.940  55.348 0.0000000000
125072  41.439  -9.194  55.420 0.0000000000
63691  41.055  -9.521  54.794 0.0000000000
62578  41.049  -9.826  55.459 0.0000000000
62579  40.505  -10.482  55.623 0.0000000000
61503  39.936  -11.175  55.919 0.0000000000
68689  35.594  -3.680  54.704 0.0000000000
68703  35.791  -4.315  53.918 0.0000000000
68701  37.182  -4.997  54.353 0.0000000000
68723  37.697  -5.179  53.686 0.0000000000
68686  39.170  -5.127  55.133 0.0000000000
139836  38.688  -5.244  53.551 0.0000000000
68721  39.797  -5.059  52.313 0.0000000000
121109  40.522  -4.893  51.950 0.0000000000
67743  41.810  -5.259  53.677 0.0000000000
139203  42.186  -5.482  53.576 0.0000000000
141225  7.330  3.203  50.728 0.0000000000
75343  6.685  2.131  50.600 0.0000000000
131721  6.802  2.995  50.423 0.0000000000
143644  5.207  2.006  50.166 0.0000000000
76332  5.003  3.079  49.653 0.0000000000
75355  4.755  2.309  49.810 0.0000000000
74391  4.080  1.170  49.717 0.0000000000
73480  3.762  0.587  49.435 0.0000000000
72608  3.496  -0.757  48.290 0.0000000000
71714  3.840  -1.742  47.744 0.0000000000
72617  3.618  -0.319  47.910 0.0000000000
133938  3.910  0.212  47.673 0.0000000000
73492  4.782  0.115  47.493 0.0000000000
74422  4.151  1.580  47.516 0.0000000000
74421  5.297  0.843  47.206 0.0000000000
74420  6.276  0.869  47.088 0.0000000000
77316  5.193  4.364  46.163 0.0000000000
77315  6.032  4.648  45.842 0.0000000000
78318  6.298  5.422  45.948 0.0000000000
79322  5.971  6.529  46.360 0.0000000000
125582  6.220  7.334  46.529 0.0000000000
87136  59.038  15.194  17.133 0.0000000000
87149  59.494  14.594  16.281 0.0000000000
128858  59.685  13.766  16.200 0.0000000000
126881  59.812  13.017  15.976 0.0000000000
123197  19.625  -1.683  61.114 0.0000000000
71601  19.902  -1.481  60.248 0.0000000000
71590  21.529  -1.331  60.608 0.0000000000
70620  21.610  -1.310  59.860 0.0000000000
71589  22.609  -1.417  61.138 0.0000000000
70603  23.661  -1.554  61.145 0.0000000000
71576  24.126  -1.604  62.008 0.0000000000
71575  24.823  -1.644  62.005 0.0000000000
70638  25.600  -2.368  57.566 0.0000000000
70624  25.544  -2.075  58.338 0.0000000000
72523  28.249  -0.599  59.674 0.0000000000
73419  28.765  0.782  58.657 0.0000000000
73413  28.618  0.835  59.445 0.0000000000
74292  27.994  1.624  59.639 0.0000000000
140646  27.253  1.713  59.691 0.0000000000
75283  25.608  1.488  59.455 0.0000000000
74330  23.671  1.398  57.782 0.0000000000
63580  18.875  -9.010  65.969 0.0000000000
123195  18.443  -9.498  63.226 0.0000000000
63615  16.925  -9.439  61.856 0.0000000000
63616  16.222  -9.248  61.307 0.0000000000
65713  16.679  -8.479  52.943 0.0000000000
66756  16.407  -7.641  52.154 0.0000000000
66757  16.085  -7.374  52.306 0.0000000000
143158  16.762  -4.936  51.735 0.0000000000
67749  16.196  -5.488  51.958 0.0000000000
68711  15.689  -4.615  52.663 0.0000000000
69738  15.573  -3.863  53.025 0.0000000000
69722  15.177  -3.429  53.270 0.0000000000
70713  15.534  -2.740  53.613 0.0000000000
70698  15.929  -2.166  54.172 0.0000000000
71643  17.679  -1.299  56.082 0.0000000000
70679  18.084  -1.739  55.482 0.0000000000
71630  17.863  -1.364  57.141 0.0000000000
71613  18.635  -1.520  59.113 0.0000000000
133316  23.508  -13.083  63.068 0.0000000000
60385  22.821  -12.667  63.176 0.0000000000
60373  21.633  -12.928  63.957 0.0000000000
59394  20.431  -13.343  65.094 0.0000000000
60375  19.691  -11.941  65.466 0.0000000000
138963  19.581  -11.453  66.094 0.0000000000
61421  19.711  -10.765  66.364 0.0000000000
62481  19.683  -9.956  66.606 0.0000000000
67689  34.627  -5.149  59.693 0.0000000000
66708  35.172  -6.024  59.903 0.0000000000
66709  34.215  -5.918  60.209 0.0000000000
65668  33.729  -7.876  61.410 0.0000000000
65670  32.645  -7.439  60.957 0.0000000000
64659  32.987  -8.038  61.385 0.0000000000
64650  33.653  -8.595  61.561 0.0000000000
62503  34.066  -10.042  61.288 0.0000000000
62509  34.266  -10.903  61.027 0.0000000000
61466  34.522  -11.853  61.053 0.0000000000
141986  30.944  -15.600  61.978 0.0000000000
57326  30.902  -15.900  62.608 0.0000000000
74357  21.539  1.691  54.924 0.0000000000
123514  23.431  1.469  54.631 0.0000000000
74368  24.082  1.489  54.526 0.0000000000
68727  31.035  -4.890  52.389 0.0000000000
125355  30.969  -3.539  53.466 0.0000000000
68705  31.476  -4.435  53.140 0.0000000000
69707  31.776  -3.715  53.833 0.0000000000
131791  31.999  -3.086  54.566 0.0000000000
67744  32.364  -5.273  54.199 0.0000000000
69692  32.373  -3.884  54.399 0.0000000000
69682  32.431  -2.449  55.309 0.0000000000
70668  33.000  -1.499  55.598 0.0000000000
71636  33.826  -0.818  55.563 0.0000000000
69672  34.040  -2.674  56.245 0.0000000000
67718  33.881  -4.828  56.983 0.0000000000
68660  34.464  -4.099  57.729 0.0000000000
67708  34.472  -4.329  58.678 0.0000000000
67699  34.445  -4.644  59.263 0.0000000000
121684  3.408  29.547  50.186 0.0000000000
98409  3.263  30.327  49.807 0.0000000000
126185  3.489  29.454  51.853 0.0000000000
98400  3.370  30.298  50.671 0.0000000000
99067  3.383  31.031  50.279 0.0000000000
99693  3.637  31.639  49.912 0.0000000000
99698  4.973  31.902  49.942 0.0000000000
120907  7.422  27.288  50.928 0.0000000000
97035  7.196  27.524  51.507 0.0000000000
97080  8.541  27.722  48.013 0.0000000000
97064  9.022  27.083  48.225 0.0000000000
97079  9.242  27.605  47.548 0.0000000000
121588  3.494  2.960  64.581 0.0000000000
75257  3.469  2.876  63.483 0.0000000000
76237  3.512  3.590  62.701 0.0000000000
77186  3.549  4.473  62.345 0.0000000000
129403  3.539  5.909  62.613 0.0000000000
78169  3.591  5.183  62.006 0.0000000000
138568  3.713  4.622  61.598 0.0000000000
77194  3.969  4.514  60.956 0.0000000000
78187  4.449  5.358  59.735 0.0000000000
84035  5.890  12.081  57.893 0.0000000000
84036  4.883  11.544  57.718 0.0000000000
83086  4.464  10.664  56.353 0.0000000000
84042  4.983  11.587  56.199 0.0000000000
82122  4.617  9.537  56.097 0.0000000000
81234  5.356  8.841  55.719 0.0000000000
81233  6.156  8.403  55.453 0.0000000000
81232  7.015  8.064  55.213 0.0000000000
81242  6.586  8.711  54.748 0.0000000000
82140  7.056  9.041  54.076 0.0000000000
82150  6.773  9.681  53.750 0.0000000000
138559  6.553  10.204  53.476 0.0000000000
83111  7.177  9.991  53.141 0.0000000000
83119  7.346  10.278  52.392 0.0000000000
83127  6.772  11.094  51.227 0.0000000000
85068  5.692  12.450  51.683 0.0000000000
136788  5.006  13.887  52.184 0.0000000000
131900  5.074  14.575  51.928 0.0000000000
92467  5.926  21.537  57.873 0.0000000000
91691  6.468  21.022  57.470 0.0000000000
92466  6.878  21.763  57.400 0.0000000000
94041  7.199  22.818  56.371 0.0000000000
94765  5.871  24.002  56.141 0.0000000000
94050  6.870  23.483  55.562 0.0000000000
93305  7.443  23.256  55.014 0.0000000000
94084  6.913  23.493  52.886 0.0000000000
94085  6.201  24.042  53.204 0.0000000000
94813  4.868  25.088  52.776 0.0000000000
95534  4.516  25.483  52.678 0.0000000000
95551  4.308  25.749  51.989 0.0000000000
74447  37.953  1.637  45.992 0.0000000000
74408  38.165  1.809  46.924 0.0000000000
75403  38.722  1.967  46.143 0.0000000000
75402  39.541  2.410  46.248 0.0000000000
134581  39.556  2.492  47.160 0.0000000000
123253  40.912  2.652  45.226 0.0000000000
75401  40.291  2.805  46.937 0.0000000000
76382  41.127  3.086  47.350 0.0000000000
142803  41.733  3.367  47.808 0.0000000000
127934  42.126  3.616  48.689 0.0000000000
73495  48.375  0.876  46.221 0.0000000000
74406  48.283  1.769  47.499 0.0000000000
76359  48.317  2.664  47.643 0.0000000000
76375  49.483  3.024  46.193 0.0000000000
76376  48.919  3.328  46.914 0.0000000000
76377  48.139  3.651  47.443 0.0000000000
77302  47.831  4.575  46.888 0.0000000000
78305  46.582  5.584  46.524 0.0000000000
78326  46.043  6.184  46.157 0.0000000000
78341  47.200  5.984  44.803 0.0000000000
132681  47.670  6.218  44.120 0.0000000000
78339  49.016  5.741  44.146 0.0000000000
120110  47.502  7.007  42.411 0.0000000000
80365  47.791  7.233  41.549 0.0000000000
80364  49.124  7.093  41.671 0.0000000000
80363  50.136  7.219  41.440 0.0000000000
80374  50.664  7.121  39.719 0.0000000000
79371  51.163  6.286  41.015 0.0000000000
79380  50.919  6.864  40.278 0.0000000000
80373  51.158  7.067  39.563 0.0000000000
78390  51.526  6.080  38.967 0.0000000000
142889  50.860  4.960  38.734 0.0000000000
140277  22.254  1.284  66.621 0.0000000000
121840  21.931  1.812  66.130 0.0000000000
125163  21.158  4.032  65.144 0.0000000000
133247  6.441  -10.765  68.904 0.0000000000
62466  7.511  -10.490  68.964 0.0000000000
132717  6.339  -9.453  68.795 0.0000000000
65635  6.488  -7.134  68.149 0.0000000000
64638  14.648  -7.780  64.257 0.0000000000
141031  13.107  -7.502  63.875 0.0000000000
65660  12.539  -7.556  62.680 0.0000000000
65656  12.519  -7.419  63.535 0.0000000000
66688  11.129  -6.948  63.639 0.0000000000
66694  10.612  -6.504  62.954 0.0000000000
73422  9.968  0.601  58.166 0.0000000000
72526  9.211  -0.388  59.374 0.0000000000
71608  8.450  -1.226  60.316 0.0000000000
73417  8.672  0.324  59.636 0.0000000000
126849  8.046  -2.079  61.640 0.0000000000
70598  7.938  -2.522  62.526 0.0000000000
70595  7.874  -2.982  63.217 0.0000000000
142479  7.303  -1.613  63.222 0.0000000000
72514  7.255  -0.240  62.315 0.0000000000
125796  7.098  -1.141  63.098 0.0000000000
72502  6.729  -0.791  63.547 0.0000000000
73393  6.436  -0.003  63.797 0.0000000000
129520  6.041  0.720  64.453 0.0000000000
130670  6.375  2.097  63.930 0.0000000000
76236  6.396  3.534  63.388 0.0000000000
79166  10.701  6.697  66.826 0.0000000000
124368  10.385  7.334  66.426 0.0000000000
81156  10.311  8.206  67.392 0.0000000000
82062  9.955  9.696  67.319 0.0000000000
83017  9.481  10.307  66.881 0.0000000000
83022  10.055  10.920  66.202 0.0000000000
83976  11.323  11.859  64.769 0.0000000000
84920  12.362  12.776  64.125 0.0000000000
60418  38.775  -12.623  59.534 0.0000000000
75351  21.325  2.240  50.700 0.0000000000
140183  20.906  2.650  50.258 0.0000000000
74387  21.702  1.788  50.419 0.0000000000
126760  21.324  1.868  48.995 0.0000000000
73481  23.284  0.462  49.286 0.0000000000
126759  22.669  0.789  48.650 0.0000000000
74403  22.184  1.185  47.961 0.0000000000
74416  22.498  1.100  47.029 0.0000000000
73498  22.935  0.838  46.489 0.0000000000
68813  31.873  -4.343  47.330 0.0000000000
133036  31.594  -4.400  46.555 0.0000000000
137370  31.394  -4.450  45.885 0.0000000000
68851  30.816  -4.350  45.389 0.0000000000
68849  32.511  -4.605  45.155 0.0000000000
68863  31.278  -4.320  44.548 0.0000000000
69834  30.052  -3.669  44.049 0.0000000000
144064  29.554  -3.354  43.967 0.0000000000
70805  28.977  -2.220  43.576 0.0000000000
71752  28.724  -1.321  43.434 0.0000000000
125504  29.898  -1.039  43.281 0.0000000000
72658  30.297  -0.690  43.371 0.0000000000
120200  31.074  -0.950  43.105 0.0000000000
70801  32.197  -2.698  42.992 0.0000000000
71749  32.002  -1.484  42.887 0.0000000000
72656  32.679  -0.610  43.411 0.0000000000
72636  34.125  -0.253  43.720 0.0000000000
71745  35.146  -1.295  42.919 0.0000000000
70798  36.110  -2.499  42.974 0.0000000000
123874  36.927  -2.574  43.154 0.0000000000
71744  36.598  -1.784  42.822 0.0000000000
71743  37.444  -1.879  42.992 0.0000000000
70797  38.823  -2.400  43.741 0.0000000000
70785  39.664  -2.630  44.419 0.0000000000
68780  43.410  -4.657  49.328 0.0000000000
68793  43.024  -4.311  48.902 0.0000000000
68792  43.310  -4.732  48.690 0.0000000000
68804  42.926  -4.919  47.884 0.0000000000
131694  42.538  -5.141  47.116 0.0000000000
67823  42.304  -5.497  45.855 0.0000000000
66858  41.048  -5.890  45.321 0.0000000000
137308  4.347  -3.079  58.771 0.0000000000
68655  4.878  -3.672  58.439 0.0000000000
139351  5.405  -3.958  58.078 0.0000000000
142030  6.122  -4.235  57.498 0.0000000000
68673  5.942  -3.545  56.848 0.0000000000
122089  6.206  -4.077  57.058 0.0000000000
67715  6.576  -4.586  57.470 0.0000000000
68663  7.276  -4.761  56.789 0.0000000000
145168  8.670  -5.485  56.351 0.0000000000
67730  9.136  -5.899  55.922 0.0000000000
68776  6.636  -4.484  50.552 0.0000000000
140360  7.237  -4.683  50.859 0.0000000000
67780  7.272  -5.170  50.340 0.0000000000
66795  7.946  -5.991  49.898 0.0000000000
85101  3.870  12.553  47.337 0.0000000000
86007  4.761  13.495  47.827 0.0000000000
86880  4.942  13.879  47.091 0.0000000000
86892  4.808  14.149  46.041 0.0000000000
86878  7.059  14.269  47.178 0.0000000000
140770  5.561  14.238  46.513 0.0000000000
86904  4.913  14.317  45.125 0.0000000000
140088  5.287  14.395  44.411 0.0000000000
143483  5.738  14.547  43.954 0.0000000000
77241  35.190  5.388  54.046 0.0000000000
78226  34.585  6.104  53.885 0.0000000000
130477  35.277  6.509  53.130 0.0000000000
78247  34.866  6.592  52.116 0.0000000000
78262  35.440  6.115  50.804 0.0000000000
130478  37.122  5.856  51.012 0.0000000000
129726  34.597  4.704  47.868 0.0000000000
125093  51.036  13.324  31.763 0.0000000000
87925  53.901  15.515  28.710 0.0000000000
88726  54.645  15.936  29.209 0.0000000000
88725  55.346  16.134  28.522 0.0000000000
88713  56.249  15.598  28.172 0.0000000000
87924  56.408  15.220  28.065 0.0000000000
81383  49.392  9.159  36.601 0.0000000000
82278  50.411  9.607  35.822 0.0000000000
81395  51.200  8.430  34.762 0.0000000000
82294  51.022  9.263  35.113 0.0000000000
134558  51.454  9.861  34.576 0.0000000000
83287  52.349  10.410  33.228 0.0000000000
83338  54.408  10.792  27.142 0.0000000000
135635  21.274  -2.036  56.052 0.0000000000
70707  20.757  -2.551  54.474 0.0000000000
139469  21.572  -2.711  54.550 0.0000000000
69701  22.265  -2.987  54.195 0.0000000000
124130  22.988  -2.941  55.135 0.0000000000
69686  23.562  -2.675  55.935 0.0000000000
69700  23.674  -3.216  55.050 0.0000000000
67778  21.040  -5.268  49.697 0.0000000000
68788  21.812  -4.936  49.908 0.0000000000
68774  22.217  -4.496  50.280 0.0000000000
120187  23.568  -4.568  50.339 0.0000000000
68754  22.849  -4.121  50.811 0.0000000000
69744  23.252  -3.881  51.827 0.0000000000
69699  24.408  -3.299  54.688 0.0000000000
70653  25.558  -2.588  56.821 0.0000000000
69697  26.173  -3.090  54.248 0.0000000000
70651  27.428  -1.952  56.924 0.0000000000
126977  28.693  0.104  57.378 0.0000000000
63611  21.045  -10.184  61.883 0.0000000000
63612  20.331  -10.153  61.813 0.0000000000
63627  19.933  -10.287  61.134 0.0000000000
121987  20.072  -10.449  59.113 0.0000000000
62538  19.342  -10.528  58.309 0.0000000000
62569  18.249  -10.439  56.781 0.0000000000
63686  18.074  -9.880  55.348 0.0000000000
120959  17.870  -9.380  54.508 0.0000000000
62566  21.103  -10.927  56.025 0.0000000000
62584  20.476  -10.587  55.483 0.0000000000
123406  19.891  -10.151  55.000 0.0000000000
62619  20.012  -9.454  53.700 0.0000000000
62599  19.365  -9.597  54.362 0.0000000000
64711  17.540  -8.944  53.521 0.0000000000
65712  17.131  -8.408  52.313 0.0000000000
65726  16.930  -7.426  51.426 0.0000000000
128748  17.226  -6.233  50.950 0.0000000000
66766  17.722  -6.141  50.636 0.0000000000
67747  17.742  -5.557  50.799 0.0000000000
128686  17.703  -5.112  51.037 0.0000000000
57307  27.965  -16.339  64.360 0.0000000000
56321  27.364  -16.421  64.790 0.0000000000
57308  27.232  -15.973  64.532 0.0000000000
58351  26.751  -15.600  64.202 0.0000000000
59387  26.312  -15.193  63.694 0.0000000000
59398  26.539  -14.880  63.185 0.0000000000
60424  25.040  -12.755  61.199 0.0000000000
60413  24.878  -12.735  61.771 0.0000000000
60414  24.365  -12.206  61.554 0.0000000000
60397  23.956  -12.571  62.568 0.0000000000
61452  22.671  -11.497  62.646 0.0000000000
62492  22.416  -11.095  62.574 0.0000000000
62512  22.604  -10.836  61.543 0.0000000000
119974  22.375  -10.715  61.897 0.0000000000
62497  22.088  -10.543  62.146 0.0000000000
135185  21.978  -10.415  62.008 0.0000000000
63610  21.664  -10.315  61.952 0.0000000000
65692  30.367  -7.964  57.897 0.0000000000
64678  30.773  -8.822  58.674 0.0000000000
63666  30.597  -9.218  58.193 0.0000000000
62534  30.856  -9.729  58.210 0.0000000000
62545  31.238  -10.410  57.898 0.0000000000
61490  31.683  -11.356  57.644 0.0000000000
59451  32.012  -13.349  58.262 0.0000000000
58404  31.503  -14.182  58.755 0.0000000000
58394  30.753  -14.712  59.352 0.0000000000
60464  29.358  -12.386  55.371 0.0000000000
59473  30.096  -13.280  56.290 0.0000000000
58412  29.083  -14.254  57.382 0.0000000000
58411  29.697  -14.358  57.754 0.0000000000
58405  30.677  -14.418  58.597 0.0000000000
137633  30.194  -15.324  61.129 0.0000000000
58365  29.018  -15.444  62.215 0.0000000000
58376  28.331  -15.046  61.598 0.0000000000
58359  29.090  -15.734  63.005 0.0000000000
57312  28.304  -15.908  63.748 0.0000000000
73430  28.483  1.219  56.535 0.0000000000
72540  28.817  0.130  56.414 0.0000000000
71641  28.960  -1.168  55.481 0.0000000000
69695  27.992  -2.869  53.967 0.0000000000
70689  28.524  -2.519  54.506 0.0000000000
122655  29.183  -2.513  54.273 0.0000000000
66792  27.259  -6.298  50.354 0.0000000000
66791  28.077  -6.062  50.628 0.0000000000
65737  28.239  -7.313  51.355 0.0000000000
142256  28.493  -6.597  50.933 0.0000000000
67765  28.962  -5.838  50.942 0.0000000000
68749  29.594  -5.163  51.398 0.0000000000
68728  30.243  -4.653  51.949 0.0000000000
135817  30.665  -5.334  51.955 0.0000000000
67758  31.057  -5.822  52.414 0.0000000000
66764  30.840  -6.575  53.152 0.0000000000
66753  30.666  -6.923  54.152 0.0000000000
65711  29.239  -7.764  54.522 0.0000000000
65710  29.888  -7.399  54.395 0.0000000000
65709  30.340  -7.250  55.103 0.0000000000
65699  29.959  -7.613  57.163 0.0000000000
120474  4.064  27.352  56.397 0.0000000000
97684  4.219  28.133  56.555 0.0000000000
97683  4.751  28.601  56.574 0.0000000000
97687  5.497  28.596  56.424 0.0000000000
97002  5.766  28.234  57.755 0.0000000000
97693  5.718  28.679  55.518 0.0000000000
97025  6.486  27.838  54.113 0.0000000000
95477  7.233  26.008  59.552 0.0000000000
95482  7.599  26.343  58.723 0.0000000000
95498  7.493  26.544  57.152 0.0000000000
129766  6.986  26.836  56.372 0.0000000000
135955  7.140  26.595  55.366 0.0000000000
96319  7.001  27.052  53.790 0.0000000000
137666  7.188  26.996  53.039 0.0000000000
96335  7.548  26.716  51.555 0.0000000000
96334  8.054  25.902  51.175 0.0000000000
95532  8.260  25.417  52.501 0.0000000000
95568  8.724  25.431  51.029 0.0000000000
96346  9.145  25.788  49.933 0.0000000000
95581  9.877  25.575  49.753 0.0000000000
96360  11.399  26.238  49.081 0.0000000000
83034  5.672  10.216  63.474 0.0000000000
82081  5.066  9.889  62.989 0.0000000000
83041  5.694  10.336  62.441 0.0000000000
83054  7.257  10.723  60.226 0.0000000000
83061  6.333  10.754  59.930 0.0000000000
84965  10.180  12.773  58.596 0.0000000000
85919  9.860  13.676  56.770 0.0000000000
84995  9.382  12.839  57.108 0.0000000000
84981  8.820  12.161  57.687 0.0000000000
84034  7.049  11.919  58.046 0.0000000000
84998  5.982  12.848  56.517 0.0000000000
85923  5.816  13.424  56.135 0.0000000000
86776  5.499  14.144  55.776 0.0000000000
88526  4.636  16.688  56.112 0.0000000000
88516  4.507  17.168  56.833 0.0000000000
89310  4.563  17.857  56.713 0.0000000000
90138  4.786  18.566  56.788 0.0000000000
90126  5.666  18.894  58.595 0.0000000000
90894  5.119  20.125  59.510 0.0000000000
90901  4.960  19.911  58.813 0.0000000000
144681  4.784  20.473  58.924 0.0000000000
132101  5.629  20.774  57.865 0.0000000000
92461  5.280  22.051  58.470 0.0000000000
93267  5.331  22.937  58.249 0.0000000000
94034  5.312  23.842  57.834 0.0000000000
94745  4.507  24.723  58.934 0.0000000000
94755  4.747  24.642  58.112 0.0000000000
95492  4.305  25.984  57.530 0.0000000000
128589  4.299  26.418  56.894 0.0000000000
72647  43.533  -0.774  43.650 0.0000000000
72632  45.971  -1.168  44.327 0.0000000000
73519  46.064  -0.145  44.471 0.0000000000
73518  47.022  -0.353  44.876 0.0000000000
72623  47.732  -0.358  44.912 0.0000000000
70812  45.921  -2.622  42.668 0.0000000000
144584  46.531  -2.244  42.916 0.0000000000
71738  46.806  -1.914  43.443 0.0000000000
72630  47.764  -0.857  44.371 0.0000000000
72622  48.155  -0.049  45.059 0.0000000000
72629  48.440  0.176  44.615 0.0000000000
74462  48.739  0.920  44.156 0.0000000000
73552  47.695  0.737  43.068 0.0000000000
74486  48.790  1.667  43.705 0.0000000000
75464  48.794  2.367  43.264 0.0000000000
76434  48.810  3.076  42.701 0.0000000000
76441  48.902  3.646  41.874 0.0000000000
62482  11.694  -10.495  66.339 0.0000000000
63572  11.023  -9.507  68.679 0.0000000000
63561  10.674  -9.144  69.358 0.0000000000
68662  12.024  -3.894  57.409 0.0000000000
67712  11.906  -4.462  58.168 0.0000000000
69668  11.808  -3.152  57.414 0.0000000000
137514  11.588  -1.929  57.169 0.0000000000
71632  11.460  -1.256  56.898 0.0000000000
71624  11.304  -1.556  57.715 0.0000000000
72537  11.155  -0.744  57.495 0.0000000000
73428  10.596  0.516  57.610 0.0000000000
75316  14.207  2.429  57.062 0.0000000000
75317  13.530  2.710  56.730 0.0000000000
75318  12.760  2.789  56.547 0.0000000000
76278  13.259  3.524  57.866 0.0000000000
76287  13.066  3.261  57.122 0.0000000000
75319  12.007  2.469  56.436 0.0000000000
74334  11.244  2.109  56.824 0.0000000000
137052  10.378  1.123  57.594 0.0000000000
74322  9.926  1.578  57.889 0.0000000000
75304  9.501  2.317  58.312 0.0000000000
77214  10.842  4.364  58.051 0.0000000000
123227  9.365  3.301  58.649 0.0000000000
141433  8.900  3.641  59.201 0.0000000000
77203  8.764  4.302  59.456 0.0000000000
135033  8.624  4.978  59.739 0.0000000000
79222  10.054  6.073  59.952 0.0000000000
79213  10.456  6.608  60.973 0.0000000000
143325  11.033  6.265  60.968 0.0000000000
79204  10.942  6.634  61.645 0.0000000000
130937  10.971  6.528  64.295 0.0000000000
79174  10.973  6.192  65.302 0.0000000000
121004  12.757  3.661  63.256 0.0000000000
130624  12.664  3.517  64.178 0.0000000000
122505  12.280  4.009  64.612 0.0000000000
77154  12.191  4.052  66.350 0.0000000000
77162  11.847  4.715  64.942 0.0000000000
78142  11.360  5.408  65.691 0.0000000000
79168  10.909  6.007  66.339 0.0000000000
64782  39.328  -7.548  48.536 0.0000000000
127116  39.036  -7.810  49.595 0.0000000000
64749  38.803  -8.054  50.418 0.0000000000
64739  38.077  -8.355  51.092 0.0000000000
63710  40.288  -8.556  52.925 0.0000000000
63711  39.720  -8.827  52.962 0.0000000000
63701  39.672  -9.621  53.646 0.0000000000
122158  38.929  -9.188  53.081 0.0000000000
63712  37.778  -9.015  52.670 0.0000000000
71694  28.099  -1.937  49.873 0.0000000000
70736  29.420  -2.603  49.578 0.0000000000
69767  29.933  -3.165  49.106 0.0000000000
70734  31.047  -2.928  50.067 0.0000000000
69766  30.738  -3.309  49.370 0.0000000000
68802  31.311  -4.048  48.110 0.0000000000
68725  35.251  -3.992  53.168 0.0000000000
68726  34.783  -4.048  52.221 0.0000000000
68768  34.210  -4.239  50.832 0.0000000000
119987  35.026  -4.467  51.257 0.0000000000
68769  33.802  -4.222  50.130 0.0000000000
68786  33.197  -4.222  49.304 0.0000000000
68801  32.943  -4.391  48.298 0.0000000000
128497  33.539  -4.574  47.673 0.0000000000
127943  34.358  -4.624  47.693 0.0000000000
68798  35.920  -4.732  48.880 0.0000000000
139489  35.104  -4.634  47.623 0.0000000000
68809  35.573  -4.616  47.037 0.0000000000
133562  36.393  -4.590  47.095 0.0000000000
126024  37.115  -4.518  47.104 0.0000000000
128279  36.847  -4.419  46.468 0.0000000000
68807  37.789  -4.455  47.540 0.0000000000
68795  38.665  -4.458  48.155 0.0000000000
124906  41.054  -4.699  51.774 0.0000000000
68718  42.071  -4.685  51.769 0.0000000000
68762  41.874  -4.102  50.704 0.0000000000
68781  42.939  -4.206  49.641 0.0000000000
66797  42.882  -6.380  49.524 0.0000000000
136286  42.679  -6.526  49.871 0.0000000000
65751  42.252  -6.806  49.444 0.0000000000
65769  41.366  -7.170  49.069 0.0000000000
134344  40.596  -7.322  48.802 0.0000000000
123339  6.643  0.843  55.441 0.0000000000
73442  6.907  0.253  54.920 0.0000000000
134468  6.805  -0.979  53.439 0.0000000000
73461  7.237  0.187  53.166 0.0000000000
72576  6.999  -0.506  52.874 0.0000000000
69747  6.361  -3.453  51.502 0.0000000000
74388  6.271  1.365  50.686 0.0000000000
142238  6.092  -0.083  50.969 0.0000000000
72592  5.073  -1.112  50.797 0.0000000000
71684  5.639  -1.687  51.376 0.0000000000
70726  5.541  -2.621  51.214 0.0000000000
69748  5.583  -3.309  50.876 0.0000000000
68777  5.737  -4.200  49.995 0.0000000000
67790  5.360  -5.583  48.932 0.0000000000
67792  3.792  -4.778  48.578 0.0000000000
67791  4.183  -5.301  48.613 0.0000000000
67794  5.326  -6.278  48.471 0.0000000000
66814  4.798  -6.635  47.926 0.0000000000
70757  4.828  -2.518  47.622 0.0000000000
71712  5.832  -1.605  47.765 0.0000000000
89364  10.164  18.028  48.910 0.0000000000
88583  10.293  16.732  48.135 0.0000000000
90211  9.730  18.368  48.193 0.0000000000
141108  9.721  17.954  47.609 0.0000000000
90212  9.251  18.600  47.470 0.0000000000
125925  40.578  6.903  48.967 0.0000000000
135445  40.723  6.673  48.081 0.0000000000
79299  40.246  6.293  47.435 0.0000000000
87016  51.008  14.440  33.711 0.0000000000
138515  51.682  14.925  33.890 0.0000000000
87884  52.794  15.380  33.798 0.0000000000
72499  16.165  -1.524  65.459 0.0000000000
71543  17.902  -1.993  65.950 0.0000000000
71542  18.804  -1.794  66.309 0.0000000000
71541  19.300  -2.259  65.491 0.0000000000
72485  19.669  -1.798  66.615 0.0000000000
72477  20.308  -1.348  67.062 0.0000000000
123742  21.065  -1.299  66.923 0.0000000000
71579  20.288  -1.748  61.834 0.0000000000
120869  20.918  -2.259  63.713 0.0000000000
71551  22.098  -2.268  64.198 0.0000000000
142276  21.958  -2.220  65.319 0.0000000000
71535  22.437  -1.721  65.880 0.0000000000
72471  22.366  -0.333  66.705 0.0000000000
73365  22.175  0.507  66.680 0.0000000000
74237  22.830  1.102  67.040 0.0000000000
74236  23.675  1.764  67.344 0.0000000000
73370  25.319  0.535  66.534 0.0000000000
75226  25.044  2.808  66.397 0.0000000000
70657  22.459  -1.973  57.246 0.0000000000
138435  23.622  -2.023  57.813 0.0000000000
70627  23.588  -1.831  58.354 0.0000000000
121742  23.482  -1.670  59.082 0.0000000000
145248  24.780  -1.580  61.149 0.0000000000
121216  25.413  -1.564  62.330 0.0000000000
70615  25.486  -1.841  59.247 0.0000000000
70607  25.559  -1.696  60.224 0.0000000000
71586  27.214  -1.047  61.270 0.0000000000
71574  25.865  -1.565  61.961 0.0000000000
71560  26.038  -1.305  62.558 0.0000000000
72507  26.041  -1.004  63.177 0.0000000000
72495  26.612  -0.301  63.446 0.0000000000
74271  25.801  1.497  62.772 0.0000000000
144551  24.908  2.580  63.622 0.0000000000
76229  23.990  3.484  63.528 0.0000000000
141231  22.586  1.940  59.898 0.0000000000
138703  22.068  2.026  58.551 0.0000000000
75284  21.864  2.477  59.183 0.0000000000
77205  21.968  4.709  59.201 0.0000000000
78188  22.303  5.680  58.822 0.0000000000
64615  17.522  -8.348  68.303 0.0000000000
64624  16.890  -7.877  67.735 0.0000000000
65642  16.074  -7.375  66.256 0.0000000000
64632  15.764  -7.720  64.987 0.0000000000
64626  18.010  -8.863  65.825 0.0000000000
121573  17.014  -8.206  64.904 0.0000000000
65658  14.042  -7.854  62.963 0.0000000000
65663  13.539  -8.032  61.706 0.0000000000
64652  14.252  -8.310  61.554 0.0000000000
65672  13.189  -7.884  61.026 0.0000000000
65679  12.556  -6.989  60.106 0.0000000000
136273  12.443  -6.260  59.045 0.0000000000
66720  12.520  -5.977  58.411 0.0000000000
63628  18.961  -10.268  60.773 0.0000000000
63629  18.041  -10.082  60.495 0.0000000000
63645  17.628  -10.032  59.795 0.0000000000
127561  17.171  -9.841  60.406 0.0000000000
63646  16.744  -9.831  59.733 0.0000000000
63647  15.929  -9.638  59.518 0.0000000000
64670  15.203  -9.332  59.091 0.0000000000
143237  16.643  -8.830  54.550 0.0000000000
63687  16.137  -8.972  55.401 0.0000000000
63688  15.802  -9.035  55.830 0.0000000000
64714  14.860  -8.027  54.739 0.0000000000
64696  15.226  -8.819  56.111 0.0000000000
64689  15.046  -9.033  57.102 0.0000000000
135036  14.655  -8.862  57.851 0.0000000000
64680  14.587  -8.898  58.599 0.0000000000
64691  14.106  -8.476  58.105 0.0000000000
65695  13.591  -7.907  58.317 0.0000000000
66740  13.206  -6.572  56.118 0.0000000000
66731  13.076  -6.595  57.041 0.0000000000
135942  12.953  -6.558  57.949 0.0000000000
66732  12.642  -5.790  57.463 0.0000000000
68661  12.291  -4.826  57.269 0.0000000000
68671  12.232  -4.169  56.654 0.0000000000
69689  12.192  -3.205  55.662 0.0000000000
71646  12.419  -1.874  54.772 0.0000000000
70701  12.663  -2.618  54.402 0.0000000000
71661  12.907  -1.205  54.507 0.0000000000
73450  13.630  0.226  54.757 0.0000000000
73438  14.581  0.845  55.454 0.0000000000
73432  14.955  1.097  56.292 0.0000000000
71658  15.486  -1.512  54.440 0.0000000000
72553  15.649  -0.247  55.493 0.0000000000
72541  16.763  -0.573  57.210 0.0000000000
72542  16.034  -0.096  56.560 0.0000000000
73431  15.591  0.465  56.973 0.0000000000
73414  15.887  0.228  60.081 0.0000000000
72518  16.817  -0.738  60.894 0.0000000000
72512  16.219  -0.377  61.332 0.0000000000
131978  16.043  -0.505  62.240 0.0000000000
123318  25.439  -16.047  64.919 0.0000000000
58343  23.224  -14.935  64.580 0.0000000000
59383  19.057  -13.880  66.071 0.0000000000
60368  18.609  -12.139  66.883 0.0000000000
66724  40.760  -6.724  56.754 0.0000000000
65681  39.758  -8.054  57.503 0.0000000000
64676  39.215  -8.585  57.923 0.0000000000
64677  38.605  -8.202  58.099 0.0000000000
63655  39.365  -9.224  58.295 0.0000000000
62519  39.436  -10.377  59.150 0.0000000000
62507  38.696  -10.796  59.535 0.0000000000
65666  35.998  -7.549  59.825 0.0000000000
64656  36.033  -8.409  60.163 0.0000000000
64655  36.881  -8.983  59.842 0.0000000000
63606  35.576  -9.755  61.089 0.0000000000
62508  37.513  -10.412  59.904 0.0000000000
61464  37.861  -11.365  59.966 0.0000000000
63642  31.222  -9.141  59.330 0.0000000000
62523  31.455  -9.645  59.354 0.0000000000
62522  31.853  -9.865  59.877 0.0000000000
61475  32.979  -11.075  59.349 0.0000000000
62521  32.891  -10.430  60.059 0.0000000000
60422  34.372  -12.493  60.405 0.0000000000
59425  34.492  -13.473  60.582 0.0000000000
58382  33.762  -14.299  60.448 0.0000000000
58381  34.495  -14.332  60.935 0.0000000000
58371  35.132  -14.343  61.374 0.0000000000
58363  35.294  -15.054  61.683 0.0000000000
78220  20.686  5.469  53.690 0.0000000000
124070  20.596  4.967  54.182 0.0000000000
76316  20.553  3.563  51.980 0.0000000000
75341  20.830  2.821  51.740 0.0000000000
75329  21.407  2.095  53.318 0.0000000000
74375  22.756  1.490  53.198 0.0000000000
75333  21.309  2.325  52.387 0.0000000000
75340  21.361  2.303  51.500 0.0000000000
74383  21.848  1.815  51.159 0.0000000000
73476  24.159  0.259  50.753 0.0000000000
71690  26.768  -1.332  50.227 0.0000000000
74352  27.979  1.342  56.070 0.0000000000
74364  27.240  1.136  55.530 0.0000000000
73435  29.181  0.654  55.418 0.0000000000
73447  26.948  0.883  54.742 0.0000000000
72563  30.056  0.352  54.744 0.0000000000
73462  27.212  0.143  53.178 0.0000000000
72582  26.870  -0.268  52.384 0.0000000000
72587  27.426  -0.646  51.734 0.0000000000
72586  28.288  -0.700  51.876 0.0000000000
71689  27.604  -1.480  50.439 0.0000000000
71686  30.108  -1.777  50.963 0.0000000000
70725  30.929  -1.965  51.197 0.0000000000
70717  34.202  -2.592  53.318 0.0000000000
72546  33.921  -0.522  55.240 0.0000000000
71635  34.622  -0.983  55.743 0.0000000000
71650  34.991  -0.917  55.805 0.0000000000
70685  34.782  -1.416  55.164 0.0000000000
70702  35.090  -2.584  54.773 0.0000000000
68688  35.919  -4.097  55.305 0.0000000000
68677  37.789  -4.843  55.683 0.0000000000
68657  37.719  -4.833  56.537 0.0000000000
68666  38.485  -4.897  56.067 0.0000000000
67717  39.837  -5.456  56.417 0.0000000000
120075  40.142  -5.838  56.610 0.0000000000
97695  4.037  29.137  55.038 0.0000000000
141649  4.178  30.211  53.892 0.0000000000
99050  4.638  30.572  53.290 0.0000000000
97705  5.503  30.059  53.266 0.0000000000
99054  5.161  30.639  52.605 0.0000000000
142929  4.869  30.959  52.052 0.0000000000
99060  5.048  31.265  51.351 0.0000000000
99071  5.796  31.351  49.739 0.0000000000
99080  6.195  31.202  48.976 0.0000000000
97045  7.052  28.085  50.958 0.0000000000
97714  7.095  28.527  50.097 0.0000000000
97725  6.740  29.316  50.095 0.0000000000
97756  7.880  29.042  48.015 0.0000000000
143607  7.010  29.788  49.126 0.0000000000
98418  6.788  30.364  48.908 0.0000000000
135360  6.730  30.978  48.284 0.0000000000
68629  4.361  -4.192  63.784 0.0000000000
67678  5.107  -4.851  63.551 0.0000000000
69650  4.347  -3.830  62.339 0.0000000000
70600  3.697  -2.747  62.737 0.0000000000
143830  4.123  -3.492  61.874 0.0000000000
69657  3.976  -3.174  61.069 0.0000000000
129763  3.762  -2.853  60.170 0.0000000000
120577  3.667  1.316  62.188 0.0000000000
121105  3.611  0.041  61.215 0.0000000000
74303  4.060  1.634  60.614 0.0000000000
73406  3.732  0.962  61.162 0.0000000000
72521  3.638  -0.514  60.356 0.0000000000
144544  3.686  -1.237  59.942 0.0000000000
70623  4.007  -2.448  59.303 0.0000000000
70635  4.237  -1.944  58.733 0.0000000000
71618  4.359  -1.686  58.121 0.0000000000
121197  4.560  -0.999  57.726 0.0000000000
73423  4.470  0.692  57.969 0.0000000000
72539  4.658  -0.121  57.614 0.0000000000
142330  5.324  -0.010  56.746 0.0000000000
73433  5.639  0.436  56.487 0.0000000000
74363  6.198  1.175  56.118 0.0000000000
82082  4.534  9.535  62.240 0.0000000000
81191  3.827  8.954  61.741 0.0000000000
80225  3.681  8.144  61.264 0.0000000000
81198  3.829  8.749  60.601 0.0000000000
140717  3.733  7.404  60.930 0.0000000000
123182  3.949  6.880  60.289 0.0000000000
79224  4.388  6.293  59.621 0.0000000000
78194  4.774  5.775  58.943 0.0000000000
82108  4.028  9.514  58.326 0.0000000000
81216  4.094  8.649  58.028 0.0000000000
81215  4.641  8.368  57.215 0.0000000000
81209  4.649  7.893  57.930 0.0000000000
81210  4.191  8.188  58.540 0.0000000000
127176  4.756  5.088  58.957 0.0000000000
76274  5.400  4.428  57.988 0.0000000000
76291  5.937  3.444  57.134 0.0000000000
75321  5.948  2.733  56.883 0.0000000000
74349  6.458  1.990  56.067 0.0000000000
74362  6.767  1.591  55.510 0.0000000000
74361  7.417  1.908  54.906 0.0000000000
131009  7.815  1.868  54.177 0.0000000000
76293  7.975  4.127  55.248 0.0000000000
144000  8.081  3.118  54.527 0.0000000000
75332  8.041  2.239  53.654 0.0000000000
75335  8.213  2.636  53.103 0.0000000000
76307  8.026  2.829  52.294 0.0000000000
76317  8.455  3.628  51.984 0.0000000000
80269  7.780  7.658  54.794 0.0000000000
80268  8.461  7.214  54.283 0.0000000000
79258  8.985  6.652  53.691 0.0000000000
79262  9.168  6.803  52.767 0.0000000000
79257  9.286  6.004  53.064 0.0000000000
78229  9.307  5.270  52.359 0.0000000000
137572  8.533  4.274  51.448 0.0000000000
77254  7.832  3.814  50.930 0.0000000000
77262  7.355  4.400  50.309 0.0000000000
78255  6.913  4.937  49.857 0.0000000000
79283  7.683  6.813  49.805 0.0000000000
79284  6.732  6.415  49.495 0.0000000000
78270  6.398  5.514  49.584 0.0000000000
78271  5.675  5.331  49.332 0.0000000000
79286  5.044  6.003  48.950 0.0000000000
79287  4.094  6.725  48.658 0.0000000000
125599  3.225  7.126  48.093 0.0000000000
80298  3.257  7.672  48.404 0.0000000000
82181  2.945  9.027  48.277 0.0000000000
81267  4.354  9.064  48.686 0.0000000000
129070  3.779  9.906  48.293 0.0000000000
83148  3.373  10.817  47.805 0.0000000000
84107  4.068  11.779  47.768 0.0000000000
84092  6.062  11.956  50.290 0.0000000000
84093  5.626  12.619  49.873 0.0000000000
85981  5.001  13.928  50.914 0.0000000000
85087  4.952  13.110  48.393 0.0000000000
85998  5.010  13.515  48.494 0.0000000000
125682  7.112  14.352  48.938 0.0000000000
86842  7.736  14.916  50.269 0.0000000000
86854  7.617  14.545  49.519 0.0000000000
86852  9.266  14.902  49.395 0.0000000000
87744  9.943  15.391  49.323 0.0000000000
88574  10.375  16.652  49.515 0.0000000000
88542  5.080  16.123  54.509 0.0000000000
88531  5.668  16.562  54.285 0.0000000000
88541  6.192  16.529  53.657 0.0000000000
137287  6.958  16.764  53.381 0.0000000000
88540  7.933  16.929  53.174 0.0000000000
125050  6.820  20.441  57.000 0.0000000000
90909  7.135  19.865  56.400 0.0000000000
90918  7.439  19.385  55.680 0.0000000000
90146  7.707  18.910  55.194 0.0000000000
89323  7.910  17.922  54.295 0.0000000000
88539  8.886  17.194  52.893 0.0000000000
88549  9.227  16.870  52.111 0.0000000000
89349  10.018  17.144  51.659 0.0000000000
90173  10.079  18.269  52.772 0.0000000000
89344  10.206  17.898  52.047 0.0000000000
88558  10.295  17.185  50.958 0.0000000000
89356  10.388  17.761  50.467 0.0000000000
89363  10.370  17.526  49.630 0.0000000000
90190  10.239  18.530  49.785 0.0000000000
90963  9.659  19.501  49.556 0.0000000000
91740  9.070  20.818  50.142 0.0000000000
91752  8.724  20.678  49.395 0.0000000000
92535  6.799  22.077  49.099 0.0000000000
92544  6.052  22.316  48.843 0.0000000000
94098  6.910  23.377  52.079 0.0000000000
143963  5.373  24.399  51.244 0.0000000000
94108  5.658  23.922  50.741 0.0000000000
93337  5.968  23.296  50.168 0.0000000000
93347  5.693  22.893  49.373 0.0000000000
93354  5.396  22.506  48.636 0.0000000000
75362  32.701  2.722  49.761 0.0000000000
75360  34.589  2.439  49.970 0.0000000000
75350  33.866  3.174  50.767 0.0000000000
76323  34.000  3.790  51.965 0.0000000000
76322  35.029  3.407  52.103 0.0000000000
76313  35.433  3.917  53.104 0.0000000000
74398  37.505  1.980  48.647 0.0000000000
75357  37.565  2.284  49.410 0.0000000000
120215  38.931  2.502  49.298 0.0000000000
75356  38.285  2.636  49.890 0.0000000000
135294  37.347  2.769  50.739 0.0000000000
75338  36.936  3.165  51.692 0.0000000000
76312  36.449  3.691  52.830 0.0000000000
76303  35.827  4.562  53.608 0.0000000000
76302  36.831  4.404  53.282 0.0000000000
77239  37.221  5.130  53.389 0.0000000000
78234  38.088  5.937  52.718 0.0000000000
77237  39.386  4.839  52.775 0.0000000000
78222  39.163  5.527  52.749 0.0000000000
79265  38.616  6.082  52.399 0.0000000000
79264  39.321  6.302  52.171 0.0000000000
79272  39.688  6.555  51.437 0.0000000000
79271  40.442  6.948  50.969 0.0000000000
139410  43.802  0.961  43.786 0.0000000000
75419  43.773  2.580  45.250 0.0000000000
75418  44.654  2.428  45.405 0.0000000000
76396  43.319  2.781  45.872 0.0000000000
76379  43.303  2.935  46.694 0.0000000000
130295  43.269  3.130  47.692 0.0000000000
122201  43.133  3.364  48.670 0.0000000000
74426  47.397  1.212  46.883 0.0000000000
76347  45.895  3.555  48.142 0.0000000000
76362  45.699  3.096  47.903 0.0000000000
76363  44.937  3.086  48.127 0.0000000000
76350  42.957  3.541  49.508 0.0000000000
77266  43.066  3.832  50.296 0.0000000000
77255  42.507  4.558  50.975 0.0000000000
78242  42.709  5.559  51.262 0.0000000000
78241  43.385  6.112  50.822 0.0000000000
78231  42.069  6.201  51.727 0.0000000000
80282  41.572  7.394  51.080 0.0000000000
80283  41.211  7.447  50.393 0.0000000000
80296  41.143  7.537  49.365 0.0000000000
80295  41.651  8.097  48.718 0.0000000000
141684  41.746  8.414  48.023 0.0000000000
81259  43.463  9.304  48.872 0.0000000000
81272  42.701  9.515  48.318 0.0000000000
79326  45.359  6.804  46.135 0.0000000000
80329  44.616  7.709  45.838 0.0000000000
81294  44.288  8.690  46.030 0.0000000000
81293  44.369  8.180  45.208 0.0000000000
83218  47.631  11.604  40.890 0.0000000000
83226  47.692  10.949  40.000 0.0000000000
81365  48.428  8.972  37.507 0.0000000000
121638  48.477  7.289  40.846 0.0000000000
80387  48.796  7.642  39.523 0.0000000000
80402  48.990  7.804  38.790 0.0000000000
129676  50.720  7.222  35.892 0.0000000000
79442  50.792  6.640  36.436 0.0000000000
79458  49.918  6.202  34.176 0.0000000000
76446  49.038  4.154  40.969 0.0000000000
77381  49.158  4.446  40.021 0.0000000000
76452  48.280  4.322  39.368 0.0000000000
77389  49.197  4.600  39.029 0.0000000000
77397  49.145  4.541  38.084 0.0000000000
135528  48.925  4.539  37.243 0.0000000000
76472  48.011  4.331  36.857 0.0000000000
77423  49.133  4.749  35.256 0.0000000000
76506  48.044  3.914  34.411 0.0000000000
77440  48.545  4.319  34.825 0.0000000000
77439  49.080  4.935  34.369 0.0000000000
78471  48.790  4.872  33.338 0.0000000000
88859  58.654  15.711  16.453 0.0000000000
143898  58.503  15.810  17.124 0.0000000000
88020  58.810  15.134  18.367 0.0000000000
129604  59.136  14.600  18.873 0.0000000000
88817  58.566  15.877  19.908 0.0000000000
87995  58.771  15.283  20.327 0.0000000000
87116  59.063  14.651  19.843 0.0000000000
86223  59.217  14.019  20.240 0.0000000000
141487  59.008  13.940  21.016 0.0000000000
90108  10.773  18.922  62.301 0.0000000000
91663  10.750  19.689  62.379 0.0000000000
90880  11.019  19.288  62.821 0.0000000000
90879  11.793  19.326  62.999 0.0000000000
73383  17.830  -0.549  67.005 0.0000000000
61419  4.151  -11.837  68.066 0.0000000000
64628  6.024  -8.180  66.165 0.0000000000
139016  6.307  -7.554  65.595 0.0000000000
66686  6.067  -6.404  65.299 0.0000000000
67669  5.544  -5.695  65.017 0.0000000000
62462  15.606  -10.424  69.056 0.0000000000
64617  15.759  -8.519  67.830 0.0000000000
64618  14.164  -8.535  67.632 0.0000000000
65644  14.550  -7.172  65.621 0.0000000000
66672  14.122  -7.058  66.645 0.0000000000
143747  13.328  -6.863  65.988 0.0000000000
65633  14.249  -7.333  67.091 0.0000000000
64620  12.474  -8.077  67.981 0.0000000000
125374  11.935  -7.727  67.997 0.0000000000
139039  11.589  -8.250  68.605 0.0000000000
64608  10.723  -8.034  68.863 0.0000000000
67701  11.808  -4.930  58.760 0.0000000000
133215  11.467  -4.977  59.305 0.0000000000
138949  11.164  -5.479  60.291 0.0000000000
128470  10.702  -4.471  59.969 0.0000000000
67683  10.935  -5.797  60.932 0.0000000000
67679  10.739  -6.093  61.741 0.0000000000
143889  10.633  -6.282  62.297 0.0000000000
71617  9.886  -1.116  59.187 0.0000000000
70622  9.955  -2.531  59.739 0.0000000000
69652  9.767  -3.782  60.808 0.0000000000
70604  9.069  -3.372  61.488 0.0000000000
68636  9.511  -4.163  61.613 0.0000000000
66689  10.468  -6.446  64.049 0.0000000000
66684  10.445  -6.369  65.021 0.0000000000
66680  10.499  -6.361  65.777 0.0000000000
66675  10.450  -6.356  66.311 0.0000000000
67662  9.976  -6.168  65.828 0.0000000000
66658  10.077  -7.056  67.675 0.0000000000
65616  9.812  -7.860  68.911 0.0000000000
65626  9.341  -7.248  68.346 0.0000000000
65627  8.356  -7.076  68.748 0.0000000000
66668  8.347  -6.580  67.710 0.0000000000
66660  7.931  -6.785  68.429 0.0000000000
66661  7.184  -6.793  68.538 0.0000000000
66670  6.768  -6.563  67.778 0.0000000000
69645  7.806  -3.401  63.778 0.0000000000
68619  7.117  -4.230  65.975 0.0000000000
68616  6.584  -4.726  66.595 0.0000000000
67660  6.289  -5.391  66.870 0.0000000000
67657  6.308  -6.077  67.070 0.0000000000
67661  5.708  -5.587  66.678 0.0000000000
67665  5.258  -5.299  66.227 0.0000000000
128782  4.934  -5.127  65.639 0.0000000000
68628  4.554  -4.618  64.418 0.0000000000
136630  4.192  -3.983  64.239 0.0000000000
138695  4.005  -3.127  64.160 0.0000000000
72494  4.011  -1.164  64.411 0.0000000000
74260  5.245  1.328  64.987 0.0000000000
74250  4.667  1.996  65.536 0.0000000000
75244  4.928  2.710  65.400 0.0000000000
74251  4.096  1.922  65.902 0.0000000000
75234  3.947  2.373  66.020 0.0000000000
139316  3.672  2.501  65.517 0.0000000000
78153  3.690  5.519  64.999 0.0000000000
79178  4.165  6.861  64.930 0.0000000000
80207  4.179  7.905  64.395 0.0000000000
82074  5.080  9.499  64.102 0.0000000000
124380  8.127  5.310  60.409 0.0000000000
78177  7.911  5.984  61.035 0.0000000000
80223  9.447  7.235  61.607 0.0000000000
80224  8.619  7.248  61.700 0.0000000000
136863  7.722  6.458  61.621 0.0000000000
135556  9.010  8.417  64.870 0.0000000000
81174  7.906  8.237  64.236 0.0000000000
80206  7.012  7.592  64.004 0.0000000000
81169  5.474  8.395  65.307 0.0000000000
84000  7.820  11.287  62.353 0.0000000000
83990  7.720  11.193  63.461 0.0000000000
135296  9.080  11.571  61.122 0.0000000000
145011  9.985  11.612  63.841 0.0000000000
83980  10.231  11.754  62.956 0.0000000000
125949  10.620  12.418  62.406 0.0000000000
83987  10.049  11.932  62.112 0.0000000000
84932  10.367  12.430  61.604 0.0000000000
84942  10.450  12.840  60.870 0.0000000000
121791  10.479  13.354  60.150 0.0000000000
86738  11.028  14.980  60.108 0.0000000000
87631  11.610  15.776  61.806 0.0000000000
127247  11.033  16.567  60.688 0.0000000000
88506  11.003  17.352  61.271 0.0000000000
89289  10.904  18.045  61.716 0.0000000000
64783  38.786  -7.723  48.198 0.0000000000
65689  40.931  -7.608  56.840 0.0000000000
137544  41.078  -8.313  56.842 0.0000000000
121844  40.910  -8.967  57.077 0.0000000000
63653  40.260  -9.975  57.590 0.0000000000
63664  40.792  -9.915  57.195 0.0000000000
62543  41.005  -10.012  56.692 0.0000000000
122606  39.642  -12.958  58.485 0.0000000000
59434  39.618  -13.009  58.178 0.0000000000
60428  39.812  -12.418  58.011 0.0000000000
59462  39.210  -13.576  57.663 0.0000000000
60447  39.748  -12.360  57.594 0.0000000000
60456  39.271  -12.840  56.722 0.0000000000
124321  20.602  3.374  50.206 0.0000000000
122423  20.447  4.256  49.779 0.0000000000
125110  20.406  4.501  48.825 0.0000000000
128074  20.421  6.188  49.654 0.0000000000
80284  20.475  7.963  50.178 0.0000000000
71700  26.120  -1.858  48.629 0.0000000000
124983  25.113  -1.454  47.773 0.0000000000
70751  27.138  -2.712  47.485 0.0000000000
70745  25.774  -1.952  47.693 0.0000000000
71708  24.486  -0.875  47.432 0.0000000000
142542  24.182  -0.470  46.905 0.0000000000
72618  24.017  -0.203  46.423 0.0000000000
73514  23.005  0.986  45.800 0.0000000000
69803  28.609  -3.463  45.991 0.0000000000
129288  27.118  -2.889  45.879 0.0000000000
70789  26.836  -2.204  44.518 0.0000000000
70773  26.553  -2.465  45.347 0.0000000000
70774  25.884  -2.037  45.751 0.0000000000
72642  24.821  -0.568  45.099 0.0000000000
73513  23.565  0.610  45.383 0.0000000000
74456  22.490  1.632  45.581 0.0000000000
75431  22.228  2.349  45.274 0.0000000000
76404  21.755  3.630  45.468 0.0000000000
77331  22.386  4.234  45.338 0.0000000000
76418  23.209  3.284  44.746 0.0000000000
73548  28.234  0.459  43.670 0.0000000000
74475  28.389  1.352  44.197 0.0000000000
75446  28.041  1.991  44.808 0.0000000000
74454  28.849  1.904  44.956 0.0000000000
75386  33.067  2.045  48.147 0.0000000000
133594  33.221  1.448  46.940 0.0000000000
120524  34.022  1.245  46.910 0.0000000000
74412  34.418  1.530  47.679 0.0000000000
74428  36.610  1.211  46.637 0.0000000000
126015  34.807  0.090  44.136 0.0000000000
142785  36.538  0.412  43.746 0.0000000000
73507  35.765  0.748  45.165 0.0000000000
74471  36.484  1.036  45.161 0.0000000000
121771  37.079  1.303  45.748 0.0000000000
75445  39.243  2.010  44.532 0.0000000000
75459  39.842  2.020  43.887 0.0000000000
121598  39.627  0.731  43.323 0.0000000000
141351  40.410  1.313  43.470 0.0000000000
74489  41.476  1.590  43.610 0.0000000000
142602  42.837  -0.338  43.539 0.0000000000
68844  37.395  -4.137  45.881 0.0000000000
69800  38.292  -3.925  46.197 0.0000000000
69812  38.850  -3.510  45.621 0.0000000000
69781  39.582  -3.626  47.204 0.0000000000
69824  39.358  -3.126  45.044 0.0000000000
69778  41.217  -3.655  47.139 0.0000000000
120325  41.490  -3.780  46.682 0.0000000000
69796  41.148  -3.446  46.398 0.0000000000
70784  40.672  -2.433  44.502 0.0000000000
71731  41.232  -1.983  44.142 0.0000000000
135919  41.474  -1.502  43.779 0.0000000000
70782  41.781  -2.773  44.673 0.0000000000
71740  41.918  -1.272  43.634 0.0000000000
68878  43.843  -4.316  43.073 0.0000000000
68872  43.309  -4.654  43.445 0.0000000000
91665  10.942  20.398  62.253 0.0000000000
92444  11.192  21.713  61.115 0.0000000000
93247  11.012  22.214  60.537 0.0000000000
136420  11.910  21.560  60.415 0.0000000000
93266  10.585  23.224  58.652 0.0000000000
125540  12.270  22.196  57.289 0.0000000000
93291  10.794  22.998  56.701 0.0000000000
124671  10.467  23.523  56.161 0.0000000000
94060  10.308  23.680  54.637 0.0000000000
95565  11.157  25.345  50.383 0.0000000000
96345  11.621  25.902  50.007 0.0000000000
134359  5.860  -5.337  63.489 0.0000000000
67676  6.717  -5.686  63.099 0.0000000000
66696  7.529  -6.425  62.602 0.0000000000
67682  6.451  -5.223  61.587 0.0000000000
67681  7.090  -5.564  62.115 0.0000000000
126721  5.913  -4.773  59.069 0.0000000000
67695  6.750  -5.215  59.533 0.0000000000
67694  7.669  -5.614  59.731 0.0000000000
67702  8.256  -5.834  59.144 0.0000000000
67693  8.277  -6.154  59.915 0.0000000000
129166  6.460  -1.400  55.084 0.0000000000
71648  6.411  -2.042  55.145 0.0000000000
69690  6.644  -3.145  55.264 0.0000000000
129986  7.091  -3.515  54.033 0.0000000000
68695  7.131  -3.674  54.856 0.0000000000
136106  7.469  -4.293  54.843 0.0000000000
67732  7.856  -4.794  55.333 0.0000000000
67739  9.089  -5.889  55.057 0.0000000000
137922  9.479  -6.529  55.482 0.0000000000
67771  7.819  -4.941  51.139 0.0000000000
67770  8.599  -5.371  51.553 0.0000000000
80312  2.772  7.463  47.566 0.0000000000
80327  2.887  7.517  47.129 0.0000000000
81292  1.755  8.843  47.280 0.0000000000
136174  4.084  7.446  46.569 0.0000000000
120565  5.261  7.982  46.532 0.0000000000
85102  3.263  11.998  46.823 0.0000000000
135341  3.224  11.859  46.480 0.0000000000
83165  2.696  10.853  46.360 0.0000000000
84126  3.832  11.935  45.318 0.0000000000
84119  3.706  11.281  45.867 0.0000000000
82201  4.811  9.557  46.432 0.0000000000
121708  5.752  8.923  46.584 0.0000000000
81290  7.373  8.447  46.682 0.0000000000
124483  7.778  9.148  46.710 0.0000000000
134150  8.663  9.208  46.615 0.0000000000
83161  7.634  10.554  46.348 0.0000000000
82198  9.020  9.976  46.470 0.0000000000
143818  9.381  9.313  46.407 0.0000000000
81287  10.008  8.916  46.150 0.0000000000
82210  10.582  9.502  45.609 0.0000000000
87771  9.327  15.439  46.999 0.0000000000
87772  8.893  15.344  46.186 0.0000000000
86902  7.604  14.837  45.454 0.0000000000
130254  6.894  14.983  44.634 0.0000000000
86910  6.356  14.909  43.840 0.0000000000
86916  6.024  14.416  43.527 0.0000000000
125382  7.900  15.777  43.594 0.0000000000
87799  8.238  15.546  43.076 0.0000000000
144862  6.348  14.269  42.999 0.0000000000
84133  9.394  11.396  44.278 0.0000000000
83185  10.238  10.821  44.723 0.0000000000
78227  33.590  6.155  54.126 0.0000000000
120811  32.476  6.338  50.301 0.0000000000
78275  39.237  5.798  48.597 0.0000000000
78291  38.647  5.401  47.832 0.0000000000
78292  37.835  4.992  48.013 0.0000000000
137211  37.650  4.727  46.655 0.0000000000
77304  37.359  4.668  47.354 0.0000000000
141741  36.189  4.269  46.801 0.0000000000
87961  58.059  15.484  23.760 0.0000000000
87969  58.448  14.990  22.999 0.0000000000
87968  58.712  14.660  22.315 0.0000000000
86215  58.845  13.404  21.583 0.0000000000
120095  47.197  12.785  40.615 0.0000000000
85141  47.658  13.059  40.206 0.0000000000
84177  48.426  12.480  40.195 0.0000000000
85147  47.508  13.092  39.259 0.0000000000
86049  48.165  13.237  38.767 0.0000000000
129014  48.724  13.342  38.387 0.0000000000
86053  49.044  13.608  37.808 0.0000000000
82280  48.941  10.670  36.873 0.0000000000
83236  49.337  11.633  37.520 0.0000000000
84202  49.831  12.151  37.248 0.0000000000
84201  50.348  12.028  36.601 0.0000000000
84193  50.157  12.772  37.302 0.0000000000
85152  49.712  13.273  37.868 0.0000000000
86944  49.657  13.601  37.421 0.0000000000
86958  49.828  14.058  36.807 0.0000000000
86957  50.324  14.300  36.425 0.0000000000
87839  50.847  14.504  36.016 0.0000000000
86061  51.869  14.122  35.761 0.0000000000
87852  51.469  14.703  35.540 0.0000000000
87851  52.182  14.949  35.132 0.0000000000
138683  53.126  14.898  34.273 0.0000000000
87883  53.219  15.232  33.920 0.0000000000
81414  51.392  9.010  32.671 0.0000000000
82315  52.404  10.332  32.101 0.0000000000
83286  52.925  11.208  32.897 0.0000000000
84250  53.257  11.929  33.196 0.0000000000
84249  53.576  12.264  32.982 0.0000000000
139796  53.579  12.496  33.147 0.0000000000
84272  53.802  11.982  32.018 0.0000000000
84248  53.873  12.466  32.730 0.0000000000
85214  53.904  12.766  33.033 0.0000000000
86988  53.910  13.548  33.267 0.0000000000
87006  54.057  13.712  32.997 0.0000000000
87882  53.673  15.046  33.377 0.0000000000
87890  54.702  14.668  32.269 0.0000000000
87898  55.110  14.556  31.609 0.0000000000
130856  55.390  14.526  30.596 0.0000000000
85248  55.624  13.424  29.678 0.0000000000
86129  55.774  13.801  29.405 0.0000000000
87026  55.939  14.189  29.151 0.0000000000
87034  56.146  14.235  28.758 0.0000000000
86156  56.577  13.852  27.607 0.0000000000
86166  56.767  13.451  26.801 0.0000000000
83337  55.034  11.007  26.817 0.0000000000
83348  56.055  10.835  25.982 0.0000000000
84315  56.229  11.728  26.383 0.0000000000
84304  56.362  12.580  26.827 0.0000000000
85289  56.746  12.904  26.391 0.0000000000
85288  57.106  13.261  25.988 0.0000000000
85296  57.387  12.995  25.018 0.0000000000
84334  57.861  11.878  23.922 0.0000000000
85315  58.195  12.429  23.474 0.0000000000
85314  58.485  12.878  22.883 0.0000000000
85326  58.657  12.550  22.021 0.0000000000
54188  29.314  -18.870  64.170 0.0000000000
55267  27.384  -16.934  64.941 0.0000000000
55283  30.086  -17.594  64.040 0.0000000000
56332  27.973  -16.747  64.575 0.0000000000
56350  29.590  -16.382  63.634 0.0000000000
57300  26.222  -15.982  65.017 0.0000000000
59448  39.541  -13.018  57.893 0.0000000000
59461  39.403  -12.960  57.375 0.0000000000
59465  29.972  -13.932  57.043 0.0000000000
59466  28.441  -14.076  56.917 0.0000000000
59470  25.069  -13.034  57.388 0.0000000000
59493  25.517  -13.140  54.756 0.0000000000
60383  24.548  -13.398  62.779 0.0000000000
60429  39.858  -12.373  58.358 0.0000000000
60435  23.771  -12.004  59.653 0.0000000000
60448  31.960  -12.374  57.766 0.0000000000
60455  39.728  -12.235  56.986 0.0000000000
60475  27.903  -12.475  54.325 0.0000000000
60476  27.198  -12.977  54.339 0.0000000000
60477  25.850  -12.843  54.095 0.0000000000
61410  4.660  -11.335  68.568 0.0000000000
61411  3.871  -11.185  68.474 0.0000000000
61456  22.806  -11.304  62.269 0.0000000000
61458  35.971  -11.604  60.682 0.0000000000
61467  34.130  -11.541  60.251 0.0000000000
61484  22.598  -11.352  58.949 0.0000000000
61531  24.994  -11.932  53.036 0.0000000000
61533  22.353  -11.489  53.338 0.0000000000
61540  22.755  -11.397  52.676 0.0000000000
62464  9.667  -10.190  68.839 0.0000000000
62479  5.800  -11.227  68.414 0.0000000000
62494  21.548  -10.555  62.982 0.0000000000
62504  22.168  -10.550  61.819 0.0000000000
62581  28.561  -10.839  54.927 0.0000000000
62582  27.642  -10.191  54.016 0.0000000000
62628  26.435  -10.451  52.340 0.0000000000
63590  21.106  -10.075  63.273 0.0000000000
63608  33.803  -9.332  61.468 0.0000000000
63623  33.297  -9.691  61.098 0.0000000000
63640  32.125  -9.580  60.408 0.0000000000
63657  17.147  -10.069  59.091 0.0000000000
63663  41.194  -9.415  56.772 0.0000000000
63680  15.783  -9.309  56.491 0.0000000000
63725  25.763  -9.994  51.392 0.0000000000
64653  13.779  -8.179  61.176 0.0000000000
64661  31.933  -8.299  60.338 0.0000000000
64687  30.345  -8.630  57.880 0.0000000000
64703  28.201  -9.041  54.487 0.0000000000
64713  16.182  -8.727  54.740 0.0000000000
64715  14.397  -7.836  55.242 0.0000000000
64720  28.121  -8.568  53.812 0.0000000000
64755  23.110  -9.213  49.749 0.0000000000
65628  7.570  -7.043  68.934 0.0000000000
65677  31.827  -7.881  59.802 0.0000000000
65684  30.793  -8.150  58.566 0.0000000000
65707  13.591  -7.153  55.629 0.0000000000
65708  9.669  -7.235  56.026 0.0000000000
65748  20.419  -7.256  49.248 0.0000000000
65755  25.590  -7.401  49.608 0.0000000000
66667  9.615  -6.496  66.927 0.0000000000
66669  7.494  -6.495  67.947 0.0000000000
66703  33.056  -6.808  60.777 0.0000000000
66727  33.273  -5.930  57.722 0.0000000000
66746  30.855  -6.971  55.810 0.0000000000
66759  13.632  -6.261  54.449 0.0000000000
66761  42.613  -6.131  52.966 0.0000000000
66765  30.093  -6.993  52.869 0.0000000000
66772  14.627  -6.542  53.544 0.0000000000
66773  14.165  -5.937  53.756 0.0000000000
66775  42.642  -6.276  52.211 0.0000000000
66798  26.512  -6.471  50.018 0.0000000000
66800  24.981  -6.753  49.177 0.0000000000
67729  12.688  -5.199  55.445 0.0000000000
67736  32.576  -5.334  54.881 0.0000000000
67742  42.453  -5.913  53.796 0.0000000000
67764  30.199  -5.431  51.636 0.0000000000
67773  27.373  -5.338  50.629 0.0000000000
67785  24.556  -5.822  49.316 0.0000000000
68639  11.047  -4.999  59.847 0.0000000000
68653  5.940  -4.410  58.082 0.0000000000
68665  39.914  -5.309  56.158 0.0000000000
68732  25.998  -3.902  51.969 0.0000000000
68734  24.185  -3.954  52.055 0.0000000000
68739  6.929  -3.651  52.507 0.0000000000
68773  23.197  -5.074  49.702 0.0000000000
68775  21.441  -4.513  50.244 0.0000000000
68830  30.844  -4.256  46.307 0.0000000000
68850  31.682  -4.527  45.219 0.0000000000
68852  30.103  -4.121  45.204 0.0000000000
68864  30.474  -4.137  44.619 0.0000000000
69653  4.359  -3.755  61.265 0.0000000000
69656  4.163  -3.577  60.309 0.0000000000
69664  4.813  -3.089  58.118 0.0000000000
69666  35.311  -2.959  57.319 0.0000000000
69669  5.548  -3.314  57.261 0.0000000000
69671  34.766  -2.434  56.904 0.0000000000
69679  5.611  -2.910  56.801 0.0000000000
69698  25.287  -3.163  54.517 0.0000000000
69721  15.947  -3.299  53.302 0.0000000000
69836  27.992  -3.115  44.672 0.0000000000
69849  29.121  -3.022  43.895 0.0000000000
70597  3.727  -2.482  63.592 0.0000000000
70610  23.915  -1.682  60.390 0.0000000000
70639  24.570  -2.131  58.040 0.0000000000
70656  23.249  -2.107  57.334 0.0000000000
70665  35.495  -1.963  56.145 0.0000000000
70682  6.650  -2.541  54.813 0.0000000000
70699  15.063  -2.145  53.862 0.0000000000
70722  33.158  -2.715  52.145 0.0000000000
70724  31.734  -2.125  51.422 0.0000000000
70737  28.568  -2.492  49.345 0.0000000000
70750  27.899  -3.059  47.570 0.0000000000
70772  27.242  -2.861  44.981 0.0000000000
70803  30.476  -2.350  43.215 0.0000000000
71536  24.454  -1.185  64.445 0.0000000000
71561  25.527  -1.367  62.856 0.0000000000
71573  26.576  -1.195  62.056 0.0000000000
71587  26.439  -1.544  60.808 0.0000000000
71588  25.672  -1.589  61.187 0.0000000000
71612  19.176  -1.550  59.368 0.0000000000
71614  18.193  -1.430  59.402 0.0000000000
71651  34.425  -0.798  55.330 0.0000000000
71715  3.655  -1.296  47.918 0.0000000000
71717  24.433  -0.725  46.522 0.0000000000
71720  26.137  -1.816  44.864 0.0000000000
71722  24.823  -1.022  45.894 0.0000000000
71751  29.511  -1.468  43.328 0.0000000000
72476  21.968  -1.207  66.655 0.0000000000
72479  14.731  -0.396  65.719 0.0000000000
72497  25.087  -0.857  64.206 0.0000000000
72515  3.565  -0.374  62.079 0.0000000000
72516  28.327  0.866  60.168 0.0000000000
72517  27.998  -0.450  60.467 0.0000000000
72529  28.810  -0.023  59.166 0.0000000000
72561  31.920  -0.166  54.780 0.0000000000
72562  30.882  -0.008  54.539 0.0000000000
72625  23.905  0.094  45.771 0.0000000000
72641  25.464  -0.534  44.438 0.0000000000
72659  29.450  -0.643  43.389 0.0000000000
73364  22.796  0.308  66.866 0.0000000000
73467  7.339  0.589  52.585 0.0000000000
73494  3.796  0.930  47.811 0.0000000000
73497  23.465  0.380  46.296 0.0000000000
73531  26.502  0.467  43.774 0.0000000000
73532  25.372  0.290  44.210 0.0000000000
73538  48.002  -0.205  43.572 0.0000000000
73543  38.157  0.355  43.230 0.0000000000
73549  27.285  0.389  43.660 0.0000000000
74239  15.195  1.189  67.024 0.0000000000
74243  25.413  1.626  66.719 0.0000000000
74252  3.901  1.910  65.814 0.0000000000
74306  26.811  1.635  59.491 0.0000000000
74315  27.677  1.768  58.692 0.0000000000
74316  26.519  1.530  58.897 0.0000000000
74390  4.664  1.510  50.046 0.0000000000
74394  21.953  1.295  48.847 0.0000000000
74397  3.677  1.390  49.245 0.0000000000
74405  3.484  1.539  48.744 0.0000000000
74424  48.769  1.406  46.778 0.0000000000
74425  48.047  1.151  47.002 0.0000000000
74435  22.561  1.220  46.224 0.0000000000
74457  21.922  2.136  45.807 0.0000000000
74467  42.802  2.060  43.999 0.0000000000
75228  23.115  3.052  66.104 0.0000000000
75280  4.023  2.363  60.862 0.0000000000
75281  26.483  1.511  59.692 0.0000000000
75291  8.708  2.956  59.271 0.0000000000
75301  14.178  2.365  58.764 0.0000000000
75312  10.813  2.715  57.311 0.0000000000
75324  13.306  2.353  56.189 0.0000000000
75327  20.595  2.866  54.320 0.0000000000
75328  7.880  2.571  54.517 0.0000000000
75331  8.415  2.969  53.919 0.0000000000
75344  39.130  2.908  50.139 0.0000000000
75353  7.288  2.561  50.876 0.0000000000
75364  21.213  2.164  49.827 0.0000000000
75385  38.415  2.050  47.762 0.0000000000
75392  21.298  2.461  47.517 0.0000000000
75438  49.697  2.636  44.504 0.0000000000
75451  23.385  2.477  44.609 0.0000000000
75452  22.653  2.737  44.856 0.0000000000
75458  40.741  2.063  43.825 0.0000000000
76228  3.508  3.674  64.081 0.0000000000
76283  5.384  3.596  57.716 0.0000000000
76284  4.913  3.278  58.190 0.0000000000
76288  12.496  3.334  56.993 0.0000000000
76306  8.571  3.257  52.999 0.0000000000
76308  40.140  4.204  51.971 0.0000000000
76309  39.480  4.220  52.314 0.0000000000
76331  5.716  3.392  49.925 0.0000000000
76333  44.663  3.737  49.685 0.0000000000
76387  21.331  3.367  46.139 0.0000000000
76397  42.581  2.979  45.962 0.0000000000
76401  23.851  3.909  45.115 0.0000000000
76411  50.316  3.768  43.932 0.0000000000
76422  50.473  4.490  42.366 0.0000000000
76433  49.884  3.756  42.880 0.0000000000
77222  12.211  4.320  58.054 0.0000000000
77229  6.593  4.714  56.953 0.0000000000
77235  9.264  5.232  53.343 0.0000000000
77238  38.100  5.079  53.145 0.0000000000
77240  36.223  5.218  53.639 0.0000000000
77243  33.097  5.984  54.321 0.0000000000
77247  39.945  4.663  52.483 0.0000000000
77249  32.566  5.829  53.856 0.0000000000
77261  20.444  4.751  50.443 0.0000000000
77267  35.715  5.508  49.867 0.0000000000
77285  20.396  5.273  48.535 0.0000000000
77303  47.007  4.923  47.102 0.0000000000
77319  49.178  4.821  45.532 0.0000000000
77332  21.666  4.499  45.749 0.0000000000
77338  50.114  4.954  44.479 0.0000000000
77348  50.589  5.080  43.631 0.0000000000
77356  51.102  4.983  41.131 0.0000000000
77357  50.744  4.800  41.519 0.0000000000
77364  51.296  5.164  40.044 0.0000000000
77373  51.086  4.901  40.348 0.0000000000
77378  51.385  5.466  39.394 0.0000000000
77386  51.282  5.486  38.787 0.0000000000
78144  4.354  5.439  65.294 0.0000000000
78167  7.384  5.811  61.716 0.0000000000
78223  38.384  5.630  52.853 0.0000000000
78225  35.654  5.886  53.492 0.0000000000
78230  8.944  4.920  51.462 0.0000000000
78238  20.530  5.834  51.119 0.0000000000
78285  4.214  5.456  48.408 0.0000000000
78303  3.586  5.954  47.418 0.0000000000
78315  21.124  5.587  46.402 0.0000000000
78320  4.420  5.488  46.596 0.0000000000
78338  49.813  5.545  44.007 0.0000000000
78347  50.928  5.590  42.479 0.0000000000
78381  51.555  6.582  38.673 0.0000000000
78382  51.384  5.700  39.410 0.0000000000
78389  51.907  6.923  38.815 0.0000000000
79186  6.258  6.563  64.329 0.0000000000
79206  9.867  6.850  61.096 0.0000000000
79223  9.426  6.138  60.185 0.0000000000
79229  5.213  6.091  58.343 0.0000000000
79260  38.831  5.945  52.561 0.0000000000
79269  42.608  6.732  51.219 0.0000000000
79270  41.927  7.040  51.426 0.0000000000
79318  20.749  6.044  46.792 0.0000000000
79324  3.598  6.928  46.763 0.0000000000
79349  49.883  6.396  43.149 0.0000000000
79350  48.918  6.337  43.348 0.0000000000
79361  49.233  6.701  42.896 0.0000000000
79370  51.233  6.377  40.234 0.0000000000
79372  50.757  6.765  41.312 0.0000000000
79379  51.072  6.823  39.790 0.0000000000
79393  51.422  7.018  39.019 0.0000000000
80198  4.064  7.262  64.602 0.0000000000
80276  9.061  7.432  52.426 0.0000000000
80279  9.144  7.021  51.049 0.0000000000
80300  2.136  8.193  47.541 0.0000000000
80328  2.144  8.164  47.087 0.0000000000
80351  50.103  7.096  42.149 0.0000000000
80398  52.117  7.161  38.934 0.0000000000
82149  7.458  9.342  53.414 0.0000000000
82191  1.651  9.450  47.484 0.0000000000
82202  3.437  9.089  46.422 0.0000000000
82203  1.516  9.458  46.997 0.0000000000
83149  2.293  10.388  47.488 0.0000000000
83166  2.007  10.447  46.704 0.0000000000
84024  9.156  11.749  59.274 0.0000000000
84026  7.443  11.441  58.788 0.0000000000
84118  4.875  10.912  45.813 0.0000000000
84127  3.573  12.220  45.777 0.0000000000
84247  55.034  13.050  33.051 0.0000000000
84259  54.167  12.278  31.938 0.0000000000
85213  54.262  12.874  32.952 0.0000000000
85215  53.558  12.765  33.358 0.0000000000
85226  54.279  12.886  32.906 0.0000000000
85237  54.957  13.010  31.792 0.0000000000
85247  55.772  13.595  29.130 0.0000000000
85270  55.585  12.846  28.847 0.0000000000
85873  12.582  13.321  63.798 0.0000000000
85909  10.305  14.068  57.294 0.0000000000
86008  4.255  13.255  47.297 0.0000000000
86020  3.823  13.320  45.843 0.0000000000
86062  51.150  14.039  36.420 0.0000000000
86113  53.950  12.979  33.135 0.0000000000
86131  55.190  13.450  31.077 0.0000000000
86138  55.955  13.862  28.943 0.0000000000
86145  56.259  13.877  28.458 0.0000000000
86155  57.044  13.915  26.654 0.0000000000
86917  5.264  14.146  43.871 0.0000000000
86943  50.231  13.950  36.901 0.0000000000
86956  51.287  14.386  36.016 0.0000000000
86959  49.298  13.835  37.129 0.0000000000
86973  51.846  14.585  35.536 0.0000000000
86975  49.865  14.395  36.213 0.0000000000
86989  53.605  13.862  33.745 0.0000000000
87013  54.375  14.161  32.721 0.0000000000
87020  55.183  13.890  31.395 0.0000000000
87021  52.625  14.863  31.659 0.0000000000
87027  55.784  14.115  29.625 0.0000000000
87028  55.494  13.939  30.371 0.0000000000
87041  56.427  14.398  28.143 0.0000000000
87059  57.135  15.121  27.040 0.0000000000
87867  52.554  15.096  34.450 0.0000000000
87892  53.530  15.449  32.645 0.0000000000
87905  55.772  14.514  29.708 0.0000000000
87915  55.959  15.098  29.130 0.0000000000
87916  55.766  15.555  29.197 0.0000000000
87943  57.037  15.654  26.622 0.0000000000
88550  8.307  16.631  52.402 0.0000000000
88567  10.328  16.895  50.295 0.0000000000
88698  54.925  15.095  31.712 0.0000000000
88714  56.008  15.684  28.587 0.0000000000
88716  55.139  16.030  29.555 0.0000000000
88723  56.205  16.025  27.918 0.0000000000
88741  56.081  16.389  27.475 0.0000000000
88770  57.730  16.230  24.257 0.0000000000
89348  10.347  17.800  51.292 0.0000000000
89371  10.345  17.185  48.851 0.0000000000
89533  56.564  16.243  26.667 0.0000000000
89534  56.407  16.436  26.303 0.0000000000
90132  4.626  18.706  57.632 0.0000000000
90912  4.723  18.993  57.360 0.0000000000
90941  10.242  19.230  52.598 0.0000000000
91668  8.357  20.232  61.396 0.0000000000
91669  7.901  20.710  61.468 0.0000000000
91683  5.359  20.437  60.008 0.0000000000
91684  4.502  20.539  59.858 0.0000000000
91685  4.192  20.802  59.665 0.0000000000
91761  8.464  20.474  48.772 0.0000000000
92439  10.843  21.161  61.812 0.0000000000
92462  4.378  21.705  59.038 0.0000000000
92496  8.877  21.779  53.801 0.0000000000
92501  9.251  21.228  52.525 0.0000000000
93258  3.731  22.162  59.959 0.0000000000
93278  12.627  22.154  57.970 0.0000000000
93303  12.611  22.455  55.007 0.0000000000
94049  10.070  23.972  55.574 0.0000000000
94051  6.167  23.843  55.706 0.0000000000
94731  5.096  24.446  60.386 0.0000000000
94742  9.154  24.891  58.470 0.0000000000
94754  8.722  25.320  58.131 0.0000000000
94783  8.917  24.922  54.526 0.0000000000
95490  7.459  26.683  58.027 0.0000000000
95509  4.310  26.094  55.338 0.0000000000
95548  10.770  24.868  50.867 0.0000000000
95550  8.493  25.416  51.715 0.0000000000
96286  4.701  26.389  59.062 0.0000000000
96289  5.172  27.247  58.832 0.0000000000
96325  7.504  26.549  52.515 0.0000000000
96347  8.546  25.823  50.445 0.0000000000
96373  10.560  26.413  48.347 0.0000000000
97004  4.273  27.669  57.603 0.0000000000
97009  4.131  27.745  57.035 0.0000000000
97688  5.025  28.911  55.817 0.0000000000
97724  7.166  29.162  49.350 0.0000000000
98376  4.587  29.151  55.289 0.0000000000
98381  3.957  29.642  54.391 0.0000000000
98399  5.812  30.702  51.014 0.0000000000
99066  5.476  31.336  50.526 0.0000000000
99687  3.801  31.442  50.574 0.0000000000
99692  4.244  31.837  50.346 0.0000000000
119513  54.077  13.159  33.074 0.0000000000
119514  54.269  12.963  33.162 0.0000000000
120386  36.839  -0.060  43.253 0.0000000000
120834  50.702  7.217  39.538 0.0000000000
120946  21.175  -10.438  60.863 0.0000000000
121321  3.493  -5.653  47.459 0.0000000000
121500  49.958  4.301  42.035 0.0000000000
122352  9.068  5.105  54.070 0.0000000000
122587  9.062  -1.155  59.705 0.0000000000
122729  6.705  0.758  51.040 0.0000000000
122980  50.406  7.198  40.396 0.0000000000
123567  3.842  5.075  61.308 0.0000000000
124669  21.273  -5.972  49.209 0.0000000000
125716  38.205  6.019  51.509 0.0000000000
125799  8.057  25.539  53.277 0.0000000000
125839  21.521  -1.843  56.843 0.0000000000
126089  37.607  5.704  53.034 0.0000000000
126897  16.394  -8.540  53.879 0.0000000000
126976  55.741  16.287  27.796 0.0000000000
127022  12.058  -1.811  55.564 0.0000000000
127219  27.051  -10.228  52.876 0.0000000000
127278  24.909  -2.443  57.466 0.0000000000
127326  33.155  -4.602  46.715 0.0000000000
127384  33.012  -3.037  43.138 0.0000000000
128217  35.164  4.758  48.367 0.0000000000
128544  31.794  -10.658  58.419 0.0000000000
128655  24.866  -10.180  51.013 0.0000000000
128666  32.304  -10.319  59.653 0.0000000000
128690  53.988  14.289  33.124 0.0000000000
128701  6.104  2.840  50.272 0.0000000000
128958  34.370  -8.993  61.543 0.0000000000
129419  32.195  -4.275  48.017 0.0000000000
129637  10.530  15.423  58.524 0.0000000000
129715  49.398  1.882  45.168 0.0000000000
129923  30.464  -9.544  57.718 0.0000000000
130458  24.722  -1.496  63.287 0.0000000000
131316  22.391  -10.843  62.211 0.0000000000
131349  5.820  12.248  43.832 0.0000000000
131496  21.832  -3.343  53.092 0.0000000000
131769  8.860  6.385  50.687 0.0000000000
132102  29.780  -10.870  55.987 0.0000000000
133128  34.260  -7.369  61.086 0.0000000000
133664  54.536  12.942  32.529 0.0000000000
133809  25.668  -13.453  56.124 0.0000000000
134095  56.634  14.929  27.734 0.0000000000
134583  6.665  -1.215  52.673 0.0000000000
135275  22.105  2.986  45.165 0.0000000000
135725  48.097  -0.434  44.651 0.0000000000
135957  32.447  -4.118  43.916 0.0000000000
136571  21.217  1.841  55.627 0.0000000000
136589  8.581  25.101  55.042 0.0000000000
136721  12.882  2.961  66.220 0.0000000000
136767  50.660  5.555  43.173 0.0000000000
136826  17.229  -5.749  51.078 0.0000000000
136950  30.571  -8.427  58.294 0.0000000000
137279  12.927  -1.905  54.239 0.0000000000
137529  59.744  14.130  15.746 0.0000000000
137779  29.851  -2.947  43.624 0.0000000000
137903  25.882  0.586  43.961 0.0000000000
138264  8.307  3.618  54.538 0.0000000000
138280  23.013  -11.052  61.188 0.0000000000
138414  51.157  4.988  40.585 0.0000000000
138824  57.955  15.833  24.650 0.0000000000
138920  29.833  -3.940  44.731 0.0000000000
139158  34.446  -4.608  46.211 0.0000000000
139561  46.586  4.545  47.666 0.0000000000
139767  28.639  -3.255  44.402 0.0000000000
139860  36.525  4.456  47.456 0.0000000000
140043  7.413  -4.631  55.993 0.0000000000
140131  20.555  7.793  51.064 0.0000000000
140154  4.479  23.277  48.968 0.0000000000
140244  8.989  2.520  58.915 0.0000000000
140270  39.516  1.431  43.591 0.0000000000
140555  37.926  -5.270  57.290 0.0000000000
140706  22.863  -4.610  50.180 0.0000000000
141052  6.403  23.829  52.509 0.0000000000
141282  26.257  -2.680  55.559 0.0000000000
141425  52.733  14.819  34.648 0.0000000000
142047  4.716  23.918  60.412 0.0000000000
142098  4.265  -2.476  58.744 0.0000000000
142246  3.324  7.444  46.786 0.0000000000
142443  4.256  -4.449  49.111 0.0000000000
142726  12.029  4.471  64.238 0.0000000000
143034  20.569  -7.870  49.346 0.0000000000
143173  3.536  -4.067  47.692 0.0000000000
143194  23.607  -2.045  63.472 0.0000000000
143595  33.113  -2.204  55.609 0.0000000000
143620  56.413  14.800  28.166 0.0000000000
143916  4.633  32.158  49.191 0.0000000000
144185  11.057  11.823  64.304 0.0000000000
144234  35.592  -6.757  59.865 0.0000000000
144301  49.966  3.172  44.066 0.0000000000
144411  44.994  7.246  45.998 0.0000000000
144636  37.654  2.579  50.093 0.0000000000
144700  21.992  -11.591  56.167 0.0000000000
144773  4.454  1.493  65.465 0.0000000000
144872  4.233  13.515  44.208 0.0000000000
144973  24.566  2.122  67.196 0.0000000000
144986  17.419  -0.928  58.891 0.0000000000
145106  53.653  15.317  33.086 0.0000000000
145217  29.417  -2.609  43.612 0.0000000000
145230  3.495  2.256  63.094 0.0000000000
145271  5.438  6.353  57.974 0.0000000000
