global_signal	global_signal_derivative1	global_signal_derivative1_power2	global_signal_power2	csf	csf_derivative1	csf_derivative1_power2	csf_power2	white_matter	white_matter_derivative1	white_matter_power2	white_matter_derivative1_power2	csf_wm	tcompcor	std_dvars	dvars	framewise_displacement	rmsd	t_comp_cor_00	t_comp_cor_01	t_comp_cor_02	t_comp_cor_03	t_comp_cor_04	t_comp_cor_05	c_comp_cor_00	c_comp_cor_01	c_comp_cor_02	c_comp_cor_03	c_comp_cor_04	c_comp_cor_05	c_comp_cor_06	c_comp_cor_07	c_comp_cor_08	c_comp_cor_09	c_comp_cor_10	c_comp_cor_11	w_comp_cor_00	w_comp_cor_01	w_comp_cor_02	w_comp_cor_03	w_comp_cor_04	w_comp_cor_05	w_comp_cor_06	w_comp_cor_07	w_comp_cor_08	w_comp_cor_09	w_comp_cor_10	w_comp_cor_11	w_comp_cor_12	w_comp_cor_13	w_comp_cor_14	w_comp_cor_15	w_comp_cor_16	w_comp_cor_17	w_comp_cor_18	w_comp_cor_19	w_comp_cor_20	w_comp_cor_21	w_comp_cor_22	w_comp_cor_23	w_comp_cor_24	w_comp_cor_25	w_comp_cor_26	w_comp_cor_27	w_comp_cor_28	w_comp_cor_29	w_comp_cor_30	w_comp_cor_31	w_comp_cor_32	w_comp_cor_33	w_comp_cor_34	w_comp_cor_35	w_comp_cor_36	w_comp_cor_37	w_comp_cor_38	w_comp_cor_39	w_comp_cor_40	w_comp_cor_41	w_comp_cor_42	w_comp_cor_43	w_comp_cor_44	w_comp_cor_45	w_comp_cor_46	w_comp_cor_47	w_comp_cor_48	w_comp_cor_49	w_comp_cor_50	w_comp_cor_51	w_comp_cor_52	w_comp_cor_53	a_comp_cor_00	a_comp_cor_01	a_comp_cor_02	a_comp_cor_03	a_comp_cor_04	a_comp_cor_05	a_comp_cor_06	a_comp_cor_07	a_comp_cor_08	a_comp_cor_09	a_comp_cor_10	a_comp_cor_11	a_comp_cor_12	a_comp_cor_13	a_comp_cor_14	a_comp_cor_15	a_comp_cor_16	a_comp_cor_17	a_comp_cor_18	a_comp_cor_19	a_comp_cor_20	a_comp_cor_21	a_comp_cor_22	a_comp_cor_23	a_comp_cor_24	a_comp_cor_25	a_comp_cor_26	a_comp_cor_27	a_comp_cor_28	a_comp_cor_29	a_comp_cor_30	a_comp_cor_31	a_comp_cor_32	a_comp_cor_33	a_comp_cor_34	a_comp_cor_35	a_comp_cor_36	a_comp_cor_37	a_comp_cor_38	a_comp_cor_39	a_comp_cor_40	a_comp_cor_41	a_comp_cor_42	a_comp_cor_43	a_comp_cor_44	a_comp_cor_45	a_comp_cor_46	a_comp_cor_47	a_comp_cor_48	a_comp_cor_49	a_comp_cor_50	a_comp_cor_51	a_comp_cor_52	a_comp_cor_53	edge_comp_00	edge_comp_01	edge_comp_02	edge_comp_03	edge_comp_04	edge_comp_05	edge_comp_06	edge_comp_07	edge_comp_08	edge_comp_09	edge_comp_10	edge_comp_11	edge_comp_12	edge_comp_13	edge_comp_14	edge_comp_15	edge_comp_16	edge_comp_17	edge_comp_18	edge_comp_19	edge_comp_20	edge_comp_21	edge_comp_22	edge_comp_23	cosine00	cosine01	cosine02	cosine03	cosine04	cosine05	cosine06	cosine07	trans_x	trans_x_derivative1	trans_x_power2	trans_x_derivative1_power2	trans_y	trans_y_derivative1	trans_y_derivative1_power2	trans_y_power2	trans_z	trans_z_derivative1	trans_z_derivative1_power2	trans_z_power2	rot_x	rot_x_derivative1	rot_x_derivative1_power2	rot_x_power2	rot_y	rot_y_derivative1	rot_y_power2	rot_y_derivative1_power2	rot_z	rot_z_derivative1	rot_z_derivative1_power2	rot_z_power2	motion_outlier00	motion_outlier01	motion_outlier02	motion_outlier03
1770.261858195769	n/a	n/a	3133827.046582737	2462.928574738679	n/a	n/a	6066017.1642643	1972.752873303545	n/a	3891753.899127392	n/a	2097.5109988645017	1473.07520470577	n/a	n/a	n/a	n/a	-0.0251477791	-0.017580567	0.0122394169	-0.0572510505	0.0503380424	-0.0307597095	-0.0090788688	-0.0644432206	0.106899979	-0.0079348248	0.0178474935	-0.0355667168	0.0778332328	0.0161521884	0.0537673495	0.0133307058	0.0808369732	0.0125665097	0.0280462749	-0.0607111716	0.0177771107	-0.0100421294	0.0482984706	0.0998540939	-0.0211191296	0.0266228301	-0.015162032	0.0742244871	-0.0358249345	0.0058241293	-0.0122827286	-0.0235417441	0.0636479628	-0.0133402768	0.0775692546	-0.0032341182	0.0406302891	-0.0017611018	0.0567708193	-0.0578138135	0.0280716711	-0.0409922958	0.0674936974	-0.0199976743	0.1092340624	-0.0126501157	-0.0029705871	0.0217278466	-0.068804896	-0.0289372218	-0.0158338494	-0.002771995	0.0407197338	0.0945025097	-0.0098087965	-0.0252465743	0.0532937156	-0.0054618996	0.0452046126	-0.042146704	0.078658366	-0.0471446613	0.0765443368	-0.0465521471	0.0035134065	-0.0702804598	0.0123851505	-0.0400604731	0.0890358379	-0.0001138043	0.0637828675	-0.0787490898	0.0215857489	-0.0357328347	0.0405635071	-0.0639347011	0.0568075194	-0.0684514837	0.0010303397	-0.0609608491	0.0491842806	-0.0673164069	0.0332851665	-0.0508546122	0.0452720276	-0.0497853975	0.0065225192	-0.0806265314	-0.0067686826	0.0593218969	-0.0124840913	0.0643391335	-0.0096574799	0.0330291384	-0.0079493665	0.0335458031	-0.1226363259	0.04001799	-0.0258667287	0.0018710154	-0.0058947254	-0.0091608174	0.0247421374	0.0185773549	-0.0606487854	0.0503263267	0.0767961999	-0.0305310538	-0.0064509797	0.0572061741	0.0235143977	-0.033534811	-0.0156876599	0.058075513	-0.0206658836	0.0168041657	-0.0246394193	0.0240057032	-0.0049888153	0.0423005532	-0.144765537	0.0278163809	-0.027528794	0.0464052461	-0.1067775098	0.0783886011	-0.0009106229	0.0043299928	-0.0537939363	0.0380840467	-0.0847465611	0.0226788572	-0.0088313443	-0.0402154108	0.0044730713	-0.1723673866	0.0182335881	-0.0287949426	0.0351867165	-0.042708367	0.0045610088	-0.0999351908	0.0992015786	-0.0154734615	0.0793523138	-0.0133065055	0.0261453963	-0.0623359162	-0.0077264356	0.0553548332	0.0816485389	0.0816451812	0.0816395852	0.081631751	0.0816216788	0.0816093689	0.0815948217	0.0815780375	-0.02449161986776	n/a	0.0005998394437468	n/a	0.0002204748826954	n/a	n/a	4.8609173899550394e-08	0.1513073878443265	n/a	n/a	0.0228939256162734	0.0006080488658923	n/a	n/a	3.697234233129122e-07	0.0001122370980422	n/a	1.2597166176934416e-08	n/a	-0.0008650347798736	n/a	n/a	7.482851703909676e-07	0.0	0.0	0.0	0.0
1769.269006849135	-0.9928513466340974	0.9857537965131404	3130312.818596924	2439.109521653917	-23.81905308476189	567.347289854705	5949255.2586228	1975.5077994006967	2.754926097151838	3902631.065492984	7.5896178007682575	2094.898498482036	1451.7843978932474	1.068398	33.284714	0.1697210260877152	0.0850269273204718	-0.0247122681	-0.0321698463	0.0381209442	-0.0509879233	-0.0158870304	-0.0334948104	-0.0024548244	0.006960242	0.0319183421	0.0507708546	-0.0054258979	0.026082935	-0.0086615488	-0.0579793126	0.0899592934	0.0281687704	0.0191823561	-0.0125904544	-0.0335453987	0.0415706527	0.0035740374	0.0714588338	-0.0301774358	-0.0302361066	0.0164881442	0.006159462	0.0092728796	0.158018055	-0.0485970658	0.0240551068	-0.0544070551	0.0386782032	0.1115506849	0.0832605478	-0.0851277707	0.0543823557	0.0405157196	-0.0568870593	-0.1158695719	0.0957107777	0.0912517197	-0.0031821018	0.057162516	0.0987648755	-0.1297809282	-0.0268311309	-0.0141210862	0.0718141632	-0.0417950173	-0.0559839212	-0.0171524848	0.0355280449	0.096831831	-0.0804751909	-0.12558127	0.004149327	-0.0338669108	-0.1580207115	-0.1418471404	-0.015086268	0.0132886143	0.0725627305	0.0145011169	-0.036054255	0.0462948698	-0.0776347368	0.0589627796	-0.0338805418	0.0337906797	-0.0543755672	-0.0493342665	-0.0191854342	-0.0025322393	0.0332184898	-0.0608646463	0.0312684415	-0.0065971415	-0.0302093084	0.0206189326	0.0641535146	-0.0416341691	0.0068720051	0.0327504721	-0.1216222736	-0.0378274742	-0.0537602003	0.0357912199	-0.1105565085	0.0293366653	-0.1034771896	0.0143664992	0.0014652976	-0.0696938724	0.0037515007	0.0371159008	-0.1651626797	-0.0384851503	-0.0579375822	0.065446071	0.0178655507	-0.0283773026	0.0500128557	0.0271338956	0.052793032	0.0718442809	0.0814459216	0.049908758	0.1315146849	-0.0059099311	0.0601497072	0.0271745651	0.0083772072	-0.042456477	0.1647230287	0.0384148063	-0.0592534768	-0.1492941525	-0.1121178228	-0.0053049878	0.0211583748	0.1045672646	0.0269309707	0.0677769512	-0.000800839	-0.113712345	0.0213021505	0.0014183929	0.0341697657	-0.047656251	0.1221770836	0.060059972	0.0324552846	-0.033185339	0.0618740623	0.1016927348	-0.1576426925	0.0085126513	-0.0450587614	-0.0517652322	-0.0311240624	0.0936713769	-0.1105361355	0.0558694569	-0.0502160905	-0.0021062758	-0.1083640032	0.0310269374	-0.0889975949	-0.0492366993	0.0075958667	0.0816395852	0.0816093689	0.0815590168	0.0814885411	0.0813979594	0.081287294	0.0811565722	0.0810058262	-0.0466510558165964	-0.0221594359488364	0.0021763210088031	0.0004910406015705	0.0151546894914247	0.0149342146087293	0.0002230307659795	0.0002296646135814	0.127217400793512	-0.0240899870508145	0.0005803274761084	0.016184267064657	0.0004067382993885	-0.0002013105665037	4.052594418608085e-08	1.6543604418944908e-07	-0.0007873933193049	-0.000899630417347	6.199882392859882e-07	8.093348878161171e-07	-0.0019348415656094	-0.0010698067857358	1.1444865588063643e-06	3.7436118840098336e-06	0.0	0.0	0.0	0.0
1768.2206020814865	-1.0484047676484352	1.0991525568279692	3126604.097625415	2455.623379460088	16.513857806171018	272.70749964243544	6030086.181750983	1972.899939553363	-2.607859847333657	3892334.171489664	6.800932983335125	2094.280079920464	1464.0403105621845	1.13806	35.454956	0.1536958795378877	0.0830184996610096	0.0084318524	-0.0075299526	0.0058807779	-0.0114621296	0.0652848271	-0.015971766	-0.0236554705	0.0274633074	0.0321222111	0.0114940512	0.0289847844	-0.0199914347	0.031493771	-0.0359473868	-0.0343960154	-0.0798335283	0.0932739323	0.0056049793	-0.049483212	-0.0760415452	0.0347159766	0.0121520947	0.0212715968	0.0955179705	-0.0188780258	-0.0290303045	0.018317464	0.0632918189	0.0200768738	0.0089097265	-0.049448481	0.0323583815	-0.0849811603	0.0559787624	-0.0161450918	-0.0813379534	-0.0489531134	0.0872779804	-0.009946027	0.0170918622	0.0059152219	0.0149322516	-0.0018555224	-0.0065597898	-0.0224752023	0.0183860974	-0.0237665701	0.0579747882	-0.0555316632	-0.0522225562	0.0762025016	0.0362460185	0.0064527603	0.1290760201	0.04268536	0.0551022007	-0.0325288965	0.005282783	-0.0123960516	0.1080252652	0.0043868354	0.010559788	0.0485015956	-0.0530342192	-0.0960977193	0.040510856	0.0190482401	-0.0138562834	-0.0820553264	0.105251868	-0.0532874797	0.0114143584	-0.0177669471	-0.0077517037	0.0136591325	-0.0837621365	-0.0495392437	0.0134210699	-0.0051623442	-0.1000190271	0.0113253603	-0.0451995604	-0.0329355003	-0.0615302012	-0.0742859948	0.013210239	0.0243251921	-0.0606137997	0.0183725994	-0.0316206392	-0.029059673	0.0239058032	-0.0443818629	-0.0434585542	-0.0676991807	0.0564362583	-0.0062973906	0.0322934562	0.0086284264	-0.0334159647	0.0829350919	-0.0459186052	0.0623320963	-0.1228621676	0.0333559814	-0.0558307213	0.0380741445	-0.0075263784	-0.0164718953	0.0626172433	-0.1424045529	-0.0599938194	0.0704027215	-0.025358535	0.0180540294	0.0768165197	-0.0741473278	-0.0835147364	0.004028615	0.035726164	-0.0228472602	-0.0853920706	-0.0107531627	0.0681142225	0.1176794801	0.0734038059	-0.0109176673	0.0285000258	-0.0151021366	0.0139136683	0.017864139	-0.0414835055	-0.0114622508	-0.0181962031	-0.0067250512	-0.0356678089	-0.0026042912	0.0032547819	0.0799045418	-0.1008947635	-0.0161494626	-0.0843294776	-0.0706326226	-0.0595859546	0.0299196123	0.0124650865	-0.0003647352	-0.0208847173	0.0124901141	-0.0105808514	0.0816216788	0.0815377601	0.0813979594	0.0812023727	0.0809511339	0.0806444153	0.080282427	0.0798654172	-0.0468577597073931	-0.0002067038907967	0.0021956496447957	4.272649847049525e-08	0.0248741066142343	0.0097194171228095	9.446706920716442e-05	0.0006187211798562	0.1072885242829855	-0.0199288765105264	0.0003971601189718	0.0115108274428207	0.0017958265542001	0.0013890882548116	1.929566179655536e-06	3.2249930127702046e-06	-0.0002607336174424	0.0005266597018624	6.79820192645998e-08	2.773704415658973e-07	-0.0013737718820084	0.000561069683601	3.147991898561262e-07	1.8872491837969016e-06	0.0	0.0	0.0	0.0
1762.6623232977315	-5.558278783754986	30.89446303794081	3106978.4659733567	2434.836703265155	-20.78667619493308	432.0859072329976	5928429.771567129	1974.144726410624	1.2447868572608058	3897247.400814877	1.549494320009234	2094.167203181095	1423.3938253664337	1.063718	33.138912	0.13601365672107	0.0682561211982106	0.0186497363	0.0010810787	-0.0779822895	-0.0701149545	-0.0356435481	-0.0433484677	-0.0068351981	0.0226006292	0.0698224041	0.0709112422	-0.0076963339	0.0289626511	-0.0231285677	-0.0479251477	0.0631640959	0.0838495409	-0.0506227748	-0.0189569713	-0.0188730955	0.0555081341	-0.0169703943	-0.0131734026	-0.0622277606	0.0681524508	0.0241402299	-0.017138937	0.0607189254	0.0262686897	0.0021656618	0.0316863739	0.014081943	-0.1089708676	0.0452636881	0.0266507065	0.0474785363	-0.0855907803	-0.0041282726	0.002306318	0.0239479159	0.0181256993	0.1165510344	0.052994939	0.147602441	0.0237123764	-0.003681252	0.0841965924	0.0180342506	0.0490844247	-0.0551668925	0.0217811065	-0.1556682316	0.0510898846	0.0146260472	0.0849282025	0.0300938711	0.0660906256	0.0426969128	0.0265433158	-0.0429121023	-0.0573970596	-0.0407814142	-0.0693937033	-0.044832792	0.0641276221	0.0304906904	0.0189123148	-0.0313965749	0.0207649047	-4.07687e-05	0.0647335493	-0.0397500389	0.0534755397	-0.01429318	0.0316409107	-0.0506062738	0.0083758683	0.0389707116	-0.0366190602	0.0960791974	-0.0223828874	-0.0655216497	-0.049642389	-0.0406655706	-0.0517980928	-0.0704177895	-0.1242899614	0.0312517107	-0.0121684277	0.0290991444	0.0694215087	-0.0147975293	0.0461468429	-0.0504998339	0.0311685274	0.0169085195	-0.0413735048	0.0109801074	0.0154973575	0.053663929	0.0529240687	0.0236103145	0.1524427313	-0.0168138903	0.0393778504	-0.0954722506	-0.0630302135	-0.1006012211	-0.1095668147	-0.017044025	-0.0294782187	0.0286655354	-0.0233180604	0.0884017164	0.0897314094	-0.1380667815	0.0632832999	0.0055955115	0.057747587	0.0726525265	0.0859184674	-0.0852183638	0.0309633225	-0.0552671639	0.0064709248	0.0168608441	0.0251440559	-0.0138525273	0.0133090686	-0.0265090887	0.0470780338	0.049765023	-0.0511103091	0.0078168905	-0.0343031502	0.0393441041	-0.0359342653	-0.0697046978	-0.0565606624	0.0586158996	0.0429380071	-0.037382479	-0.0980338136	0.0015082516	-0.0907828897	0.0395554382	0.0071500756	0.0237224005	0.020187353	-0.0420960813	-0.0151094752	0.0815948217	0.0814303861	0.0811565722	0.0807737477	0.080282427	0.0796832699	0.0789770813	0.0781648097	-0.0272299677481839	0.0196277919592092	0.0007414711435671	0.0003852502171939	0.0089318548204175	-0.0159422517938167	0.0002541553922574	7.977803053301535e-05	0.0689860877957215	-0.038302436487264	0.0014670766408608	0.0047590803093589	0.0024174147644383	0.0006215882102382	3.863719031071288e-07	5.843894143324282e-06	-0.0008681459710857	-0.0006074123536433	7.53677427112333e-07	3.689497673584933e-07	-0.0013599489162743	1.3822965734100034e-05	1.9107438168610367e-10	1.8494610548756432e-06	0.0	0.0	0.0	0.0
1770.780157038978	8.117833741246386	65.89922465051829	3135662.364562988	2434.7839395028573	-0.0527637622976726	0.0027840146118053	5928172.832061053	1973.8163375261229	-0.3283888845010096	3895950.934285037	0.1078392594638174	2092.09119815677	1428.477955763319	1.220698	38.029472	0.1243816823690177	0.0645037620696068	-0.0306549284	-0.0265977285	-0.0237652768	0.0773447476	0.0086479542	0.0042146715	0.0341049217	0.0201872034	0.0822884202	0.0508045567	-0.0888950101	-0.0170212625	-0.02946901	0.0769226012	-0.082005319	-0.0446363415	-0.0279996299	0.0417003067	0.1223938112	-0.006632451	0.0407601788	-0.0521271302	0.0489300043	-0.1053883306	-0.091525996	0.0810791356	0.0483897868	0.0736843898	0.1012559541	-0.045594125	-0.0457927873	-0.0255289522	-0.014271998	-0.1025834266	0.0316057664	-0.0048750323	0.0317273923	-0.0436048008	-0.056317014	-0.0299897792	0.0520660502	0.0886155101	-0.0795430203	0.0208310413	-0.0538462862	0.1191619032	0.0481440469	0.048266692	0.0299235582	-0.0506664524	0.0624103137	-0.0483922209	0.0605453113	-0.0953708312	-0.0830048341	0.0669749926	0.0377869757	0.0614684083	0.0086457775	0.0299167495	0.0493260139	-0.04748574	-0.0324585403	-0.0147728249	0.0281587505	0.0372123199	-0.1186805764	-0.0439873359	0.037329942	0.0076679526	-0.0294368416	0.0213496924	0.0537181214	-0.091130897	0.0017273827	0.011453504	0.0866770867	0.0109747319	-0.0919401714	0.0571562469	-0.0333453237	0.0327019532	-0.0770622825	-0.0028519101	0.0613096799	-0.0455175727	0.0272937	-0.0293385793	0.053270357	-0.0567863883	0.0064832658	-0.057438856	0.0842081634	0.0662721605	-0.0196945844	0.0265933889	0.0600825513	0.0508635169	0.0250841675	0.0917259158	0.0503939167	-0.10965292	0.1044432551	0.1112644809	-0.0289236919	0.0024910768	-0.0432951782	0.0571482505	-0.1081803033	0.036332875	-0.0322991942	0.048074877	-0.0278472864	0.0963734916	0.0315285425	0.0006982724	-0.0119107398	0.0663020444	0.1125992381	0.0178042047	-0.003156227	-0.004906183	0.0418523555	-0.0250745368	-0.0279526651	-0.0573172475	0.0018717396	0.0138309884	-0.0449090772	0.0333974073	-0.0738696189	-0.0653101205	0.0584274704	-0.017417576	-0.0443960904	-0.0050518395	-0.0363168392	0.014563131	0.0192626557	0.0064366142	0.0366312216	0.055808682	0.0350373057	-0.052857578	0.0976577779	-0.0217013613	0.0205854517	-0.0203568154	0.0309259299	0.007973305	0.0815590168	0.081287294	0.0808350932	0.0802034182	0.0793936715	0.0784076511	0.0772475461	0.0759159322	0.0035510909080471	0.030781058656231	1.2610246637214778e-05	0.0009474735719983	0.0124895904676378	0.0035577356472202	1.265748293550204e-05	0.0001559898700493	0.109713167297933	0.0407270795022114	0.0016586950047794	0.0120369790785442	0.0017830641401679	-0.0006343506242704	4.024007145122462e-07	3.179317727952693e-06	-0.0008669011294482	1.244841637499999e-06	7.515175682385648e-07	1.549630702453679e-12	-0.0010092282109151	0.0003507207053592	1.2300501316765477e-07	1.0185415817068935e-06	0.0	0.0	0.0	0.0
1768.7726965092154	-2.007460529762511	4.029897778554382	3128556.851916481	2460.224336129648	25.44039662679052	647.2137805284143	6052703.784084566	1978.486345211047	4.67000768492403	3914408.2181865657	21.808971777249504	2100.596958993724	1465.0336611102114	1.074515	33.475285	0.0786638433702671	0.0378596895599839	-0.0039271014	-0.0052292733	0.0303077449	-0.0064472219	0.0950253793	-0.0157367633	0.0050808538	0.0416098713	0.0216038314	-0.0137539913	0.0131758922	-0.1218886046	0.0307198244	-0.1160411659	-0.0046373368	-0.0918040273	0.0304387977	-0.0062665699	-0.0267869683	0.0467604537	0.0552352613	0.0196669754	0.0383554318	0.0052192066	-0.0749602441	0.0888157284	0.1202421773	0.0740185992	-0.0661939142	0.0166144191	0.0801717108	0.0063647801	-0.047040631	0.0118128504	-0.0110083879	0.0201284479	-0.0305340542	-0.0099993794	0.0766136953	0.0313402593	-0.0260380943	-0.0229410551	-0.0751545955	-0.0561069376	0.0654066827	0.0154968795	-0.004441653	-0.0362644464	-0.0461136646	-0.0905350235	-0.0518789631	-0.0085749929	0.1812001644	0.1210068175	-0.0556363567	-0.0436574179	-0.0535833342	0.0384018861	-0.0155140626	0.012265908	-0.0459169655	-0.0389987463	-0.0365475549	0.0277733612	-0.1047807183	-0.0316294932	-0.0601246638	0.0196876276	0.0511186347	0.1087457564	0.0806555478	-0.0707064423	-0.02602233	-0.0618870474	-0.0715029056	-0.0052446075	-0.0120944139	-0.0016252445	-0.010962654	-0.0222242342	0.0709160089	0.0604242607	0.0035774988	-0.1158696779	0.0184475726	-0.0322268401	-0.0200715671	-0.0758605171	-0.013010018	0.0108127288	0.0342246262	-0.0415821868	0.0329336777	0.008381554	0.0127785395	0.0918310283	-0.0013420894	0.0763470756	-0.0208245162	-0.0189558006	-0.0445586921	-0.0539653236	-0.0418826185	-0.0217874528	0.0498760989	-0.0440168223	-0.0229316598	-0.0178457518	0.0611233526	0.037669855	0.0584581928	-0.1198249955	0.0246632833	-0.031880366	0.007610255	0.03413272	-0.0083097197	0.0729779545	0.1033988056	0.0927970799	-0.0449886131	0.0104153491	-0.0461219644	0.0175020169	-0.0345391254	0.1488689771	0.0185125909	0.0173499791	-0.0560415521	0.0578034915	0.0748480112	-8.20458e-05	0.0061627451	0.0300369032	0.009218314	-0.0010460299	0.005681555	0.0420141	0.060151304	0.0325480049	0.019194418	-0.052628064	0.0270093044	0.0080106667	0.1080286818	0.0186302971	0.0191914234	-0.0268217578	0.0441477615	-0.0531568282	0.081514268	0.0811085467	0.0804338397	0.0794923845	0.0782873035	0.0768225931	0.0751031108	0.073134559	0.0064041487035382	0.0028530577954911	4.101312061703001e-05	8.139938784412535e-06	0.0333028557682126	0.0208132653005748	0.0004331920124721	0.0011090802023183	0.1338536626934043	0.0241404953954712	0.0005827635179387	0.0179168030164396	0.0015332228280931	-0.0002498413120748	6.242068121925762e-08	2.350772240585804e-06	-0.0008659935617123	9.075677359000368e-07	7.49944848927155e-07	8.23679195246719e-13	-0.0006428365931512	0.0003663916177639	1.342428175676479e-07	4.132388854942414e-07	0.0	0.0	0.0	0.0
1762.6979170194377	-6.074779489777711	36.90294584942395	3107103.9466646644	2448.3074448196976	-11.916891309950188	142.0122984931663	5994209.344359556	1969.0304722051785	-9.455873005868398	3877081.000472549	89.41353430311065	2091.247674820836	1455.1198216771656	0.932247	29.043112	0.0969944660045593	0.0538979809619185	-0.0410608581	-0.0157068131	-0.0103572884	-0.0431318309	0.0596797439	-0.0511957114	0.0135106539	0.0166400566	0.0754061543	-0.0041816968	0.0017736543	-0.0456434075	0.0608941267	0.0110178925	0.0067564384	0.0591103222	-0.0154741595	0.0653355979	0.0383453099	-0.0183032565	0.0242118606	-0.0919768376	0.0254344188	-0.0260555489	-0.0199854955	-0.0024026783	-0.0268230974	0.0701797959	-0.0203260426	-0.0062163609	0.0037487836	0.0271285774	-0.003109159	-0.0119977358	-0.0404428361	-0.1059778934	0.1605771048	0.0232904871	-0.008895918	-0.0482347771	0.0773549877	0.1076229828	0.0352772746	-0.0351699388	-0.0240762113	0.0021518833	-0.0831813319	-0.0043186947	-0.0017987535	0.008184066	0.0407544002	0.0014759946	0.0227555592	0.0239289015	0.006683607	0.0414304445	-0.0333281585	0.011381977	0.0378006851	-0.0390911	-0.0390539888	-0.0528816446	0.005778007	0.0506184616	0.0639203583	-0.0327602403	0.0842186528	0.0586867378	-0.1097307369	-0.0194925308	-0.0165464831	0.0889356957	0.009413483	-0.0389182476	0.0018573907	-0.060792071	0.0703127085	0.0004043379	-0.0213025467	-0.0108063109	-0.0237603009	0.0456473838	-0.0286212731	-0.0278079471	-0.0050860501	0.0010344163	0.0344732188	-0.0540446734	-0.0049612278	0.0062780208	-0.0651064192	-0.0147825333	-0.0761006625	0.0694506787	-0.0056990932	0.0285533772	-0.052796206	0.041092204	0.0855265734	0.0445059947	-0.003568303	-0.0295630005	0.0152291235	-0.0152407327	-0.0083170389	0.0172305436	0.0379721422	-0.0124896287	0.0121326115	0.1514867011	-0.0359913417	0.0028901748	0.0466392508	-0.031764152	-0.0110443205	0.0549190306	0.0174110069	0.0113328709	-0.0702533553	0.0438661963	0.1809853805	-0.039718858	-0.0035423275	-0.0002542781	-0.0086045369	-0.0648601711	0.0269865825	0.0127995697	-0.0639416214	0.0455993442	0.0113770546	0.0228865193	-0.0118638165	-0.0575587954	-0.0014476761	-0.0415357231	-0.0152236287	0.00249487	0.0324643096	0.0229696737	-0.0087962737	-0.0310804058	0.0600124792	-0.0386615298	0.1280674113	0.0234697217	-0.0363871191	-0.0157303082	0.071808008	0.0172135034	0.0814605803	0.0808942224	0.0799532077	0.0786418943	0.0769663555	0.0749343514	0.0725552932	0.0698401994	-0.0081444781952626	-0.0145486268988008	6.633252507310793e-05	0.0002116625446405	0.0003219454654725	-0.0329809103027401	0.0010877404443973	1.0364888273830469e-07	0.1394906659995527	0.0056370033061484	3.1775806273528146e-05	0.0194576459009987	0.000811271238479	-0.0007219515896141	5.212140977463259e-07	6.581610223832505e-07	-0.0007122613909444	0.0001537321707679	5.073162890300514e-07	2.3633580329010765e-08	-0.0006437113427066	-8.747495554000534e-07	7.651867846725911e-13	4.1436429272913387e-07	0.0	0.0	0.0	0.0
1765.3046436135628	2.6067265941251208	6.795023536519152	3116300.484763608	2429.263196309408	-19.044248510289435	362.6834013216614	5901319.676943402	1974.6323099803776	5.601837775199101	3899172.759618442	31.380586459647613	2090.634711017393	1407.3993875853782	1.052501	32.789478	0.1707653314943714	0.0926720349591011	0.0302452075	0.0135432763	-0.0610438848	-0.0373866132	-0.105666249	-0.0549607374	0.0336988423	0.0323304704	-0.0294888005	0.0727624926	-0.0178439703	-0.0431268089	-0.0561939709	-0.059050697	0.0975885622	-0.0677603017	-0.0297917605	0.0765455876	-0.0267721015	0.079359475	-0.0013805031	0.0901551065	-0.006302476	0.0511837998	-0.0040285267	0.0429630865	0.0237790262	0.110962275	-0.0561551055	-0.1021159302	-0.0355767132	0.0323536677	-0.0511144037	-0.0739214615	-0.002727293	0.0962942714	-0.0495599422	0.00735002	-0.0105924147	-0.0284348145	0.0007949899	-0.0446447497	0.0228637869	0.0528971415	0.0052691168	-0.0037950611	-0.1001000694	0.0773257484	0.013391042	0.0475125972	0.0440921299	-0.0069666493	0.0302130316	-0.0112095972	0.0631183429	-0.0611232128	0.0473633506	-0.0701490849	-0.0108904497	0.0152500043	0.0187978511	0.0747214281	-0.0383893811	-0.14463614	0.0417711083	-0.0493696578	0.002327335	0.0419820799	-0.0282923542	-0.0024791367	-0.0317413253	-0.0070797741	0.0078066431	0.0466811499	-0.0585425346	0.0934288054	-0.032234275	0.0191099992	0.0158830425	-0.0030962727	0.0185665966	-0.0272562549	0.0063907424	-0.1076769021	0.0582173705	-0.0360821891	0.0857661075	0.0104739141	0.0426559087	-0.124891389	0.094185349	0.0882964989	-0.0070572289	0.008014439	-0.0548163403	0.0697577007	0.0175377908	0.0096691204	-0.0981378561	0.0086748736	0.0250289628	0.0687148531	0.0060322861	-0.0151192323	0.0528434856	0.0342251928	-0.0289510102	-0.0321534536	0.1051816021	-0.0947441497	-0.0388973331	-0.0404195048	-0.0108186636	0.0574817185	0.0672224981	-0.018882947	-0.0136679279	-0.0659740458	0.0265022671	-0.0746715518	-0.0390565775	-0.0659751584	-0.0551457083	0.086194264	-0.0903533598	-0.0050029407	-0.0238141851	-0.0118411675	-0.0092998933	0.0053683351	0.0715251308	0.030560347	0.0137152511	0.0301265561	-0.0268718828	-0.0077880444	-0.0554226588	-0.0572864186	0.0008290807	0.0422700257	-0.0017240731	0.0068621993	0.0674132671	-0.0488892781	0.0162616425	-0.0284484809	0.0316441331	-0.0417959056	0.0295349449	-0.0578883676	0.0813979594	0.0806444153	0.0793936715	0.0776534394	0.0754344479	0.0727503781	0.0696177779	0.066055961	-0.0143764023600709	-0.0062319241648083	0.0002066809448186	3.883687879592163e-05	0.0190383619209626	0.0187164164554901	0.0003503042449353	0.0003624592246335	0.0537206392360047	-0.085770026763548	0.0073564974910197	0.0028859070799249	0.0007030546611867	-0.0001082165772923	1.1710827600860357e-08	4.942858566163454e-07	0.0002238284304454	0.0009360898213897	5.009916627565127e-08	8.762641537095875e-07	-0.0004870784591782	0.0001566328835284	2.453386020242132e-08	2.372454253954095e-07	0.0	0.0	0.0	0.0
1775.6045939561714	10.299950342608554	106.08897706020208	3152771.67407826	2446.188144825123	16.924948515714732	286.4538822595943	5983836.439882976	1972.77243378967	-1.8598761907076096	3891831.075520418	3.4591394447610484	2093.2590685280848	1454.0117832875883	1.026932	31.992899	0.162245200088912	0.1035780567647591	0.0132995578	0.0071994944	-0.0180231037	-0.0009321285	-0.0189705978	0.0580214283	0.0055621256	0.0440953087	-0.0340920963	-0.0178700434	-0.0320148116	0.0447905137	-0.0471628312	-0.0021228	-0.0391097113	-0.0089774877	0.0706543807	0.003125387	0.0413572912	0.114184262	0.0037216228	0.0089406438	-0.0072237043	-0.0183443974	0.0796646235	0.0935491985	-0.0139195812	0.0227029862	-0.005978787	0.0066927734	-0.0022316034	-0.1017745614	-0.0418920813	-0.0903567016	-0.0396962992	-0.0516108692	-0.0426562786	0.0866374313	-0.0962050391	-0.0010498482	-0.0283921875	-0.0083688505	-0.105484838	0.0360667653	-0.062159716	0.0408894084	-0.0260098394	-0.075677267	0.0729771919	-0.040510242	0.1449269803	0.0026246588	-0.0493483616	-0.0046393904	0.0018311606	-0.1309240766	-0.0922884007	-0.0346047199	-0.0027996121	0.0246845737	-0.0168001992	-0.0004852892	-0.0245459791	0.1710310373	0.0558560688	0.1019456374	0.0293212889	0.0934881128	-0.0224758392	-0.069625333	-0.0037787763	0.0130441762	-0.0007864155	-0.0030743436	-0.0801129328	0.0933260066	0.0147333658	2.26035e-05	0.0188849654	0.0019451285	-0.1429889818	0.050163988	-0.0167547219	-0.000492421	0.0119699471	-0.0508178101	0.0885293521	-0.0045938296	-0.0890744765	-0.0971133702	-0.033339456	-0.165734312	-0.0059919898	-0.0314336285	0.0737566764	0.1061280467	0.0794073191	-0.0582889736	0.0369494362	-0.0684588856	0.0937136182	-0.0400232408	-0.0221163994	-0.0588947967	-0.0269895414	-0.0079649442	-0.0763074441	0.0617612724	-0.0469249264	0.0059752932	-0.0621687348	0.1031621479	0.0081183457	-0.0703790683	-0.0078673395	-0.0605924025	0.0953817661	-0.1479339937	0.0086077667	0.031991935	0.0903117283	-0.0175954876	0.0776828658	-0.0399398675	0.0924537445	0.0138613565	-0.0178303493	-0.004873716	-0.0004354003	0.0011004575	-0.0076672688	-0.0125965007	-0.0627260337	0.0069070713	0.0202060841	0.0708358547	-0.0417958079	-0.0323524063	0.0072106223	0.0716930583	0.0089252335	0.0811828359	0.0373454463	0.0087394547	0.0246748016	-0.0730781484	0.0339394293	-0.0597411116	0.0685283556	0.0235209947	0.0813264124	0.0803592349	0.0787557834	0.076528754	0.0736957799	0.0702792922	0.0663063423	0.0618083875	-0.0119682778159813	0.0024081245440896	0.0001432396738805	5.799063819846748e-06	0.0111947217545775	-0.0078436401663851	6.152269105972969e-05	0.0001253217951624	-0.0364768010230776	-0.0901974402590823	0.0081355782292907	0.0013305570128771	0.0008920118108377	0.000188957149651	3.5704804404230425e-08	7.956850706739527e-07	-0.0002309527790007	-0.0004547812094461	5.3339186128146184e-08	2.068259484652575e-07	0.0001051030841118	0.00059218154329	3.5067898021332617e-07	1.1046658289812106e-08	0.0	0.0	0.0	0.0
1773.193715878434	-2.4108780777373795	5.812333105714682	3144215.9540307685	2463.118149086281	16.930004261158047	286.6250442828296	6066951.016358227	1971.8502552275709	-0.922178562099134	3888193.429041037	0.8504133003952264	2091.5278884449453	1456.8074042565	1.021951	31.83773	0.1750847871962627	0.1026883012442108	0.0014668606	-0.0283445421	0.0288192347	0.0712936318	0.007072858	0.0290448568	0.0076130144	-0.040912874	-0.0124808316	0.0014733214	0.1236668666	-0.0053171101	-0.0883994119	-0.041715887	-0.0632553883	0.0209309029	0.0031634791	0.0472837375	0.0390218506	0.0695121289	0.0126864424	-0.0466918316	-0.0145559543	0.0117430318	0.0099640104	0.0075050616	0.0454896879	0.038801112	-0.0421222289	-0.0013309798	0.0775362672	-0.0888664705	-0.0609458046	-0.1298615185	-0.0039555506	0.1900963107	-0.0961711281	-0.0389618602	0.0533424961	0.1150189317	-0.1180314313	-0.0804366126	-0.0939030084	0.024540107	-0.0616038545	0.0396696741	0.0455891246	-0.0636329811	0.013948268	0.0300298808	0.1633159823	0.0782662218	-0.2315313036	-0.1512688674	0.0689839404	-0.032349725	-0.0868906524	0.0897234915	-0.0818668358	-0.0069645889	-0.0112341907	-0.0059580088	-0.0253624041	0.031813535	-0.0246070213	0.1369744318	-0.0011605695	0.0406365587	0.0524045317	0.025567724	0.0138794109	-0.1811726508	0.0317286707	0.0361898949	-0.0079871883	-0.0263438807	0.0715416461	-0.0477133444	0.0083643328	0.0050073408	0.0754488461	0.0234717839	0.0525235909	0.0776787579	-0.0318221394	-0.0393789758	-0.0730135694	0.010828568	-0.1264218333	-0.0302993025	0.063079883	-0.1031014054	0.178327452	0.0286044987	0.1042776982	0.0347892933	0.1507140809	-0.0559847128	-0.0772783793	-0.0376035252	-0.0128448624	-0.094625101	0.1121749657	-0.0549671902	0.0632958839	0.0772695978	-0.1062714964	0.1147475092	0.0878505049	-0.0902783815	0.0026170128	0.0748552553	-0.1302157481	0.0183780969	-0.0616520897	0.0657950799	0.0154125946	-0.1585211652	0.0160496878	0.0014298738	0.0988970746	0.0626491633	-0.0105937969	-0.1251275184	0.0624656218	0.0231767275	-0.0202212887	0.0019175122	-0.0283530171	-0.0171401456	-0.1111532707	-0.0505942555	0.0352151182	-0.0010837701	0.0045771641	0.0148653196	0.0461149388	-0.020256869	0.0425989395	0.0466592478	0.0183331519	-0.0510825664	0.0084489448	0.0627818235	0.0410363608	0.034271282	0.0241859511	-0.034659359	0.0508607644	0.0054388327	0.0812459471	0.0800388062	0.0780401729	0.0752698111	0.0717551168	0.0675308461	0.0626387723	0.0571272725	0.012660813478547	0.0246290912945283	0.0001602961979385	0.0006065921379942	-0.0009559433430013	-0.0121506650975788	0.0001476386623135	9.138276750285012e-07	0.0603459536260331	0.0968227546491106	0.0093746458178418	0.0036416341190353	0.0011199353537607	0.000227923542923	5.194914141857265e-08	1.2542551966031045e-06	-0.0002997391726136	-6.878639361289999e-05	8.984357159908549e-08	4.731567946268809e-09	-0.0004278325024532	-0.000532935586565	2.840203394273806e-07	1.8304065015536737e-07	0.0	0.0	0.0	0.0
1766.2484584251292	-6.945257453304748	48.23660109268516	3119633.616889145	2448.594490051269	-14.52365903501186	210.93667176528163	5995614.976709435	1971.8273354347905	-0.0229197927803852	3888103.0407678657	0.0005253169010957	2095.674220099254	1454.30921041438	1.165345	36.304985	0.0866534514835536	0.0402727021655181	0.0663741714	0.0234750478	-0.0302667251	-0.0763946005	-0.0281093064	-0.0062330381	0.0047405584	0.043530055	0.0253993744	-0.0445302567	-0.0467483907	0.0066358753	0.0331575806	-0.0520499997	0.0646725459	-0.0450010026	-0.1181381432	0.1506482183	-0.0275396253	0.0377438787	0.0085340286	-0.0088537527	-5.8302e-06	0.000545873	-0.0179986757	0.016270367	0.0525462436	0.044562672	-0.0189434602	0.0524704898	0.0310198592	0.0138293915	0.0232774138	0.046090718	0.0391859854	0.0314605568	0.0076059524	-0.0746798323	0.1235231953	-0.000836038	-0.0788891545	0.0946682511	0.0157835444	0.1117542435	0.0623527097	-0.0046223441	0.0014737744	-0.0283321952	-0.0673796994	-0.0118733709	0.0252501068	-0.0208785278	-0.0069942183	-0.0947524614	-0.0005123636	-0.0128319064	-0.0266642788	-0.0234357581	0.0053825669	-0.0125914756	0.0888699436	0.0648814471	0.011558411	0.0080048803	-0.034596041	0.0408164393	0.0768946027	-0.1160796211	-0.0275344616	0.1120516106	0.0534434193	0.0006758827	-0.0305633883	-0.0506151264	-0.0330290924	-0.0023546988	0.0005057034	-0.0196780499	-0.005375328	0.0028754181	0.0048435856	-0.0331668231	0.0845200873	-0.1059749223	0.0512576768	-0.0146874539	-0.0302704043	0.072987778	-0.023981917	0.02591728	-0.0140126369	0.0244988986	0.0574562304	-0.0232502457	-0.0112515145	0.013200831	-0.0357180975	0.0247150273	-0.002490274	0.0404405673	-0.0621516843	-0.0450870784	0.074943674	0.0777579767	-0.0940435702	0.0127797776	-0.0398062986	-0.0289403229	-0.0358557097	-0.0964796691	0.0610080333	-0.0253633348	-0.0734176589	0.0373420508	-0.0361520471	0.0627644968	-0.0457890635	0.052222911	0.018252902	0.0540521647	-0.0525722914	-0.0300862816	0.1009269916	0.0248322643	0.0116970391	0.0263164688	-0.0380708394	-0.0017188596	-0.0026160204	-0.0025803556	0.0770659585	-0.0108183677	0.0117377756	0.0606199045	-0.0700253679	-0.0166398174	-0.0522857299	-0.0435337023	0.0527159245	0.0535882047	-0.00651144	0.014295452	0.0424944365	0.0347150632	0.0455481033	0.0106797798	0.0010043341	0.025143945	0.0482891282	-0.1487628847	0.0811565722	0.0796832699	0.0772475461	0.0738788195	0.0696177779	0.0645158866	0.0586347667	0.0520454508	0.004144588416949	-0.008516225061598	1.7177613145907817e-05	7.252608929978986e-05	0.0252900352866589	0.0262459786296602	0.0006888513942285	0.0006395858848004	0.0373089542042777	-0.0230369994217554	0.0005307033423579	0.0013919580638168	0.0013709433548262	0.0002510080010654	6.300501659889804e-08	1.879485682142116e-06	-0.0004511741234822	-0.0001514349508686	2.0355808969993147e-07	2.2932544344575294e-08	-0.0002531904869765	0.0001746420154766	3.049983356976391e-08	6.410542269539724e-08	0.0	0.0	0.0	0.0
1768.3767626376182	2.128304212488956	4.529678820898236	3127156.374636703	2444.555569401494	-4.038920649775264	16.31288001518104	5975851.931891861	1968.4548351234448	-3.372500311345675	3874814.437920869	11.373758350026677	2090.6818117784146	1458.3549356165186	1.079089	33.617783	0.1272383466735814	0.0657913410869055	-0.0026565287	-0.0170224432	0.0634953022	-0.043158142	-0.0417920609	-0.0212994314	-0.0391129323	-0.0080358189	-0.0960482104	0.0312180796	-0.0159491043	0.0828795515	-0.0510453097	-0.0450592329	-0.0166830457	0.0447622969	0.0338517761	-0.0689924029	-0.0801841954	0.0146705445	-0.0188800361	-0.0676685297	-0.0524469145	-0.058335894	-0.0259441951	0.0548289307	0.0096423202	-0.085120021	-0.019815641	0.0060765455	-0.0523060492	-0.0087177658	-0.0850216147	0.0268624192	0.0707288354	0.0414486285	0.0328089823	0.0962045844	-0.0442722086	-0.0033128697	0.0069967663	0.0227547644	0.1587750823	-0.1294162288	0.1424729161	-0.0404963091	0.0460173068	0.0675493678	0.0381994843	-0.1467929887	-0.1364393125	-0.0402353483	0.0134588197	-0.0498897202	0.0756093535	0.1609421462	0.0227889923	-0.0402867129	-0.0705188947	0.022561521	-0.0595405269	-0.0272223894	-0.0295044071	0.0394341715	0.0318557098	-0.0548371568	0.0778976653	-0.0494317071	0.0805494745	-0.1283328235	-0.0243406788	-0.1194282036	-0.0533985132	0.0877575446	-0.0013607666	0.0024500657	-0.0038251688	0.0206569924	0.0231273756	0.0156662102	0.0532323349	0.0911325723	-0.0500815052	0.0942031018	0.0403271081	0.0318725756	-0.0383255141	0.038005294	0.0503346129	0.0322728961	-0.0469186648	-0.0194745085	-0.0459608964	0.0403443744	-0.0614140567	0.0559453827	-0.0129571421	-0.0110341044	0.0253110839	0.0436347262	0.0527567022	0.1467639813	0.1348030977	-0.0195948462	0.0109901255	0.080521483	0.0423102406	-0.0097952312	0.0018032222	-0.0440835291	0.0985916577	-0.1148806163	0.0568104789	-0.0883349761	-0.0071009633	-0.0776571982	-0.1376268091	0.2579866879	-0.0631487897	-0.0662635922	-0.0021431473	0.1168426001	0.0249328797	0.0259064537	-0.0033189616	0.0147281614	0.000457031	0.0033822344	-0.0244710127	0.0168806183	0.0438650778	0.0677794641	-0.0681981442	0.0095719325	0.0497577215	0.0584929219	-0.0361419106	-0.012355767	-0.0703384763	0.043374328	0.0078245703	0.0034507293	0.0170492073	-0.0100966341	0.0515347816	0.0080607993	0.0237782555	-0.014797559	0.0906441941	-0.0161888633	0.0810582975	0.0792927819	0.0763786853	0.0723582192	0.0672896215	0.0612463124	0.054315831	0.0465985677	0.0096825038750409	0.0055379154580918	9.375088129018204e-05	3.0668507620973215e-05	0.0095892361463967	-0.0157007991402622	0.0002465150936428	9.195344987136102e-05	0.0208591969154454	-0.0164497572888322	0.0002705945148614	0.0004351060959573	0.0003310644453428	-0.0010398789094834	1.0813481463883852e-06	1.0960366697013583e-07	-0.0007839728350869	-0.0003327987116047	6.146134061541917e-07	1.1075498244574829e-07	0.0001651293876633	0.0004183198746398	1.7499151751865802e-07	2.7267714670056416e-08	0.0	0.0	0.0	0.0
1774.5809322108378	6.204169573219588	38.49172009326372	3149137.484966286	2454.370139227973	9.814569826479328	96.32578087883849	6023932.78033394	1969.3127422421755	0.8579071187307363	3878192.676757397	0.7360046243688737	2088.223894854646	1444.063714086482	1.250248	38.950062	0.1996437519260195	0.1281486760435121	-0.0638484859	-0.0419862913	-0.0574863864	0.0022080761	0.0642120244	0.0399083261	0.0384059346	-0.0245953223	0.0982120547	-0.0333324876	0.0554567256	-0.0467489254	0.0095434342	0.1635380476	-0.0742278788	0.0812947357	-0.0119256337	0.0163684627	0.1081291582	-0.0260303153	0.0431047694	-0.1106606676	0.0208969396	-0.006498848	-0.0537951801	0.1404514983	-0.1361504917	0.0679156353	0.0089633324	0.031646164	-0.0392137182	-0.0102848946	-0.0409623739	0.0629345619	0.0499586009	0.0741275908	0.0030666446	-0.0160235055	-0.0095817998	-0.0236289868	0.0130923545	-0.0438834417	0.0357696012	-0.0088703038	-0.002932055	-0.0442917667	0.130044325	0.0272855593	0.0496163026	0.0786353264	0.0366240311	0.0668648309	0.0717570307	-0.0410786278	-0.0661838912	-0.0848962065	0.150588642	-0.1095321494	0.0660627318	0.0169022404	0.0325522538	0.0486881375	0.0529727746	0.076704139	-0.0692655839	0.0599188205	0.0854046378	0.019957835	-0.012127788	0.035442919	-0.0806582838	0.0050083279	0.0928026821	-0.0342708523	0.0156257899	-0.0434802382	0.1095999563	-0.0170564426	-0.058882372	0.0200299502	0.0224218527	-0.0842259463	-0.0652228288	0.012090237	0.0591180127	-0.0195784637	0.0322546323	-0.0452115307	0.0297002831	-0.018569382	-0.0517804469	-0.1042992733	0.0479068159	-0.0350281065	0.0140583465	0.0169345385	-0.0431275428	-0.0420687918	-0.0240259778	-0.035498745	0.0170401613	0.0367745293	0.0304123014	-0.0295254072	0.0538011498	0.0268854212	-0.0091211176	0.0820284157	0.0350955693	-0.0113728989	0.1197325103	0.0280489466	-0.0489720224	0.0459032716	0.0798479305	-0.0445984627	0.0675578189	-0.0386983858	-0.0781579522	0.0070205243	-0.0651908544	-0.0827509617	-0.0151438434	0.0653032805	0.0431469068	0.0183472376	0.0466749706	0.0356842959	-0.0703006493	0.0271605911	-0.1096507323	-0.0043796506	-0.023008724	-0.0186013573	-0.0648752535	-0.0461601697	0.0363788275	0.0546632415	0.0230168822	0.0037064144	0.0191387568	0.052179644	0.0058664615	-0.0217774679	0.0694844011	0.0132218902	-0.0213073799	0.0310652037	0.0707111387	-0.0110291971	0.0809511339	0.0788675135	0.0754344479	0.0707106781	0.064777029	0.0577350269	0.0497051625	0.040824829	0.0171798248050265	0.0074973209299856	0.0002951463803314	5.620982112720015e-05	-0.0157977591265563	-0.025386995272953	0.0006444995289889	0.0002495691934206	0.1409738214516096	0.1201146245361642	0.0144275230274637	0.0198736183346703	0.0007099997572886	0.0003789353119458	1.4359197063946078e-07	5.040996553498709e-07	-0.0003970003771174	0.0003869724579694	1.5760929943135785e-07	1.497476832269564e-07	-1.859066159734155e-06	-0.000166988453823	2.7885143710207613e-08	3.456126986268699e-12	0.0	0.0	0.0	0.0
1772.7008981059273	-1.8800341049104643	3.5345282356264915	3142468.474145561	2458.192957277651	3.8228180496780624	14.613937840944384	6042712.615209444	1972.4734114532707	3.1606692110951826	3890651.358890104	9.989829861965044	2096.750084779904	1478.4433268741168	1.388769	43.265518	0.2529644854817619	0.182322478855759	0.0500104902	-0.0293956996	0.1498124189	0.0488380303	-0.0536007877	0.0084878311	-0.0780161501	-0.0458523059	-0.1199184941	0.0202164549	-0.0462667406	0.0211415198	-0.0377251987	-0.0658028724	-0.0051629573	0.0379409187	0.106097574	0.0147695789	-0.0630031158	0.0481421717	0.0191390682	0.0433741518	0.0566317933	-0.0209026598	0.0461859203	0.1054952015	-0.0307310567	0.0185526446	0.12235508	-0.0259661635	0.0921602987	0.0003458019	0.081583419	-0.0722703837	0.0645585766	-0.150992288	0.0999028372	0.0512042099	-0.0042795549	-0.0445388553	-0.1004221919	0.0271997699	0.0057844874	0.0293127264	0.1327480149	-0.0288816758	0.0042787458	-0.0873491152	0.0551121059	0.1268302901	-0.1082133417	-0.0733879565	-0.0650618827	-0.099429835	0.114096953	-0.0264760942	-0.008618724	0.0923477233	0.1268815074	0.0589093545	0.0129246955	0.0284019358	-0.023951884	0.0575065909	-0.0063508039	-0.0657173505	-0.0775452751	0.1327769277	0.0332007243	-0.0757558267	-0.0353666606	-0.0154503381	-0.0571812476	0.0473437734	-0.0207341944	0.0515839967	-0.0449832034	-0.0443885389	-0.0149837565	-0.0005592319	-0.0438205055	0.0999334737	-0.0122200285	0.015000482	0.1719733185	0.0341117058	0.0097611293	-0.0690106281	0.0439610666	-0.0303145783	-0.0797188602	0.1236690978	0.004049164	-0.0472209823	0.0752751756	0.0152794672	0.0688403574	-0.0358771336	-0.0389559636	0.024333047	-0.0080541579	0.0325025514	-0.1470444049	0.0317180477	-0.0945703152	-0.0117760172	0.0042571001	0.0836719697	-0.0427039391	0.0116629085	-0.0917463376	0.0136717681	-0.0434200671	-0.1740618667	-0.0324222987	0.0884874792	0.0555726314	0.1273105695	0.0436353783	-0.0776303282	0.0649158487	-0.0972383606	-0.0630966481	-0.1266486475	0.0479158164	0.0897484465	-0.0396535481	0.0161627581	-0.0009703205	-0.0070109824	0.0141996763	-0.0244661608	-0.0068870694	0.0641434041	0.0265427195	0.1010124339	-0.0555745286	-0.0143544887	-0.0790157375	0.0091110214	0.0996968189	0.0059594697	-0.0366335337	0.0774644755	0.0033636214	-0.01583818	0.0181129844	0.0263756402	0.0156884971	-0.0256766961	0.0808350932	0.0784076511	0.0744157659	0.0689390864	0.0620868871	0.0539958877	0.0448275254	0.0347647336	-0.0046336984962778	-0.0218135233013043	2.1471161754407145e-05	0.0004758297988165	0.0128412508489503	0.0286390099755066	0.0008201928923771	0.0001648977233656	-0.0308235203967299	-0.1717973418483395	0.0295143266661552	0.0009500894096476	0.0007599760744101	4.997631712150004e-05	2.4976322730287373e-09	5.775636336757858e-07	-0.0009090207250679	-0.0005120203479505	8.263186786029706e-07	2.621648367153511e-07	-5.41546082199637e-05	-5.229554206022955e-05	2.7348237193732373e-09	2.9327215914577603e-09	0.0	0.0	0.0	0.0
1766.3260670934944	-6.374831012432878	40.638470437076	3119907.775293972	2464.691594441732	6.498637164080719	42.23228499037109	6074704.655711726	1968.0433100912471	-4.430101362023606	3873194.4703949126	19.625798077803413	2091.692734734093	1482.1786544808244	1.260141	39.25827	0.137839622544096	0.0717072181953171	0.0141323179	-0.0125844697	0.0222202731	-0.0222325765	0.0862229764	0.0357124977	-0.0457385738	-0.0210007125	-0.0273852601	-0.0100685421	0.1170703126	0.0430948092	0.0949062121	0.1104176148	-0.0644074419	0.0029088788	-0.0155192425	-0.0309260571	-0.0585701605	-0.1335791882	0.0118801895	-0.0057143981	-0.0251191397	-0.106258511	0.0859610891	-0.3307202378	0.0129474352	-0.2087076501	-0.1197365152	-0.1157101842	-0.1054719109	-0.0009652608	-0.0480136965	0.0188014251	-0.046114916	-0.0476727493	-0.1250019637	-0.0597016619	-0.0370957609	0.0883998103	0.0153941214	0.0296521276	-0.0336013065	0.0086908441	0.0573803677	-0.0727298897	0.0153794202	0.0691678481	0.0429357936	0.1274954785	-0.0079621226	-0.0487788321	-0.0081676034	-0.0839914329	-0.0560699909	0.0206561976	0.033678692	0.0448931869	-0.0046167674	-0.0636813805	-0.0071074638	0.0888831806	-0.0266060098	0.0179474953	-0.133955971	-0.1949518831	-0.1474552959	-0.0099063276	-0.0171118627	0.1464105677	0.0847721001	-0.0310821557	-0.0151972466	0.0425190722	0.10011714	-0.0921046861	-0.0463892087	-0.0199048235	-0.0338068503	0.084326815	-0.0035547899	0.0657428723	0.0322935764	0.1466928903	-0.2607005914	0.137961187	-0.1194370904	0.1072111529	-0.1242796134	0.1457576553	0.1031498821	0.0988098234	0.0799705589	-0.0244479456	-0.1600187206	0.0101341271	-0.0005705878	0.0205756903	0.12300846	0.0507565075	-0.0544889307	0.0231287601	-0.1408025253	-0.1705703935	-0.0625550457	-0.2120725897	0.0056897429	0.0198576515	-0.1020060473	-0.001363299	-0.0686424949	0.121269374	-0.0062672567	0.0970788207	0.0162302883	-0.0936131044	-0.0408818535	0.0109887082	0.0265655168	-0.1193132994	0.0409370834	-0.1393627133	-0.0069439903	0.0469892679	-0.040358742	-0.0292471399	-0.0252649992	0.018673889	0.0097400113	-0.0341102611	-0.0546700374	-0.0364710086	0.019345588	-0.0823513199	-0.0069095508	0.0364596927	0.1131707001	0.100729274	0.0389866791	-0.0914290047	-0.0621113097	-0.0035465799	-0.2066318278	0.102484536	-0.0931452495	0.0564350992	-0.0082887269	0.0707172562	-0.0726848838	0.0842209762	0.0807101879	0.0779133966	0.0733236445	0.0670465522	0.0592265694	0.0500436514	0.0397091175	0.0284607885	0.0040364886333463	0.008670187129624	1.6293240487133884e-05	7.517214486269937e-05	-0.0178682204273314	-0.0307094712762817	0.0009430716260687	0.0003192733012397	0.0182528712066485	0.0490763916033784	0.0024084922128081	0.0003331673072864	0.0009949813167758	0.0002350052423657	5.5227463939361425e-08	9.89987820732905e-07	-0.0002520746178662	0.0006569461072017	6.354161297239076e-08	4.315781877674676e-07	-0.0001498747093488	-9.57201011288363e-05	9.162337760114651e-09	2.2462428502387282e-08	0.0	0.0	0.0	0.0
1761.9116783794918	-4.414388714002598	19.486827718313517	3104332.7624100377	2423.987209178784	-40.70438526294811	1656.846979634507	5875713.990262349	1964.5654686057176	-3.4778414855295523	3859517.480438003	12.095381398470405	2084.57536763456	1412.6782747116763	1.188576	37.028725	0.1250971890844242	0.0712294744548635	0.0853329487	-0.0177161797	-0.0280680214	0.03172158	-0.0664406872	-0.0300462813	0.0411253687	0.087362336	-0.0590557981	0.0085806329	-0.0749555377	0.0611076628	0.0297312795	0.0857397062	0.037843237	0.0571409462	-0.0264384918	0.0862748302	-0.0330818354	-0.0099155425	-0.019964249	-0.0723770147	-0.0093805911	-0.0523737863	0.1630744227	-0.1049735293	0.0116206022	-0.1743190753	-0.0163968135	-0.112377646	0.143988341	0.0157638496	-0.0088490362	-0.035154802	0.1081032089	0.1905542196	-0.0083180013	-0.0342895288	0.0894824723	-0.042751437	0.0710502314	0.0866477754	-0.170804412	0.0899603177	0.0350119075	-0.0413848404	0.1294660165	0.1325806115	-0.0164642362	0.1028065717	-0.032530427	-0.0266804441	0.001754217	0.0921268863	-0.1027464826	0.0711623063	-0.0611569511	0.0261308194	0.0389692478	-0.0829597806	-0.1045734557	-0.066476149	0.0328668416	-0.0623251743	0.0513390342	-0.0120892167	0.0962382796	-0.0832476929	0.0625284275	0.0457324927	-0.0741760508	0.0560929866	-0.0269683557	0.0302006601	-0.0353590378	-0.0125769842	0.0187585459	0.0780957475	-0.0453781094	0.0134307358	-0.0659512302	0.0018415576	0.0970428416	0.0685976634	0.0238663764	0.0536974074	-0.0869758661	0.3098147174	-0.0908456022	0.111802984	0.0197137494	0.2101720394	0.0429145445	-0.1125840647	-0.0478374502	0.0724047654	-0.0462061496	0.0399511583	0.0538156187	0.1535986791	0.0097838427	-0.0519334414	0.1065369739	0.0733764049	0.1410485448	-0.0985095932	-0.0400611282	0.0915574387	0.097298661	-0.0104754601	0.1044538077	-0.052614816	-0.0409704257	0.0450009497	0.0664021294	0.013000045	-0.0211836737	0.0137045953	0.0257852365	-0.0058005385	-0.104002583	0.0046016475	-0.0691100658	0.0531942216	0.0175780858	-0.0995546184	-0.0640268363	0.0172962562	0.0360550232	-0.0274642093	0.0714060592	-0.0325054422	0.0453862033	0.0442004083	-0.065097598	-0.0025029196	-0.0171274927	0.0076213801	-0.0247311083	0.0002414455	-0.0380405776	0.0726682699	-0.1148085844	-0.0509038887	-0.075111708	0.015165958	-0.0173764931	0.1320933248	-0.1031917945	-0.1234448679	0.0805764318	0.0773849666	0.0721591615	0.0650363955	0.0562039158	0.0458939156	0.0343774302	0.0219572114	0.0022801862761525	-0.0017563023571938	5.199249453954206e-06	3.0845979698844987e-06	0.0050039895846936	0.022872210012025	0.0005231379908341	2.503991176372203e-05	-0.0384273328656519	-0.0566802040723004	0.0032126455336776	0.0014766599111676	0.0013289008221504	0.0003339195053746	1.1150223606961756e-07	1.7659773951120093e-06	-0.000623213044987	-0.0003711384271207	3.883944994419685e-07	1.3774373208570136e-07	-0.0003205862297115	-0.0001707115203627	2.9142423184544544e-08	1.0277553068063467e-07	0.0	0.0	0.0	0.0
1769.4079606068608	7.496282227368965	56.194247232367815	3130804.5310589303	2442.5059811627425	18.51877198395869	342.9449157938531	5965835.468015771	1971.1707723804432	6.605303774725599	3885514.213886913	43.63003795640424	2090.294748596776	1472.5988207707362	1.076946	33.551044	0.1218289671930155	0.0636626301520131	0.0394605763	-0.033976489	0.0707265551	-0.0085170827	-0.0099537469	0.011963225	-0.0339704112	-0.0156716225	-0.0965606859	0.0249872756	0.0002314234	0.1055661051	-0.0065982978	0.0173431243	-0.0068784946	0.0384390763	0.0142622042	-0.1248175825	-0.0661935706	0.0059108193	0.0302234956	0.0446780455	0.0810785546	-0.0351436311	0.0183576233	-0.0599157166	-0.0569541377	-0.1471715735	0.0873880266	0.0439653825	-0.0648035894	-0.086448568	-0.0248104115	0.09025808	-0.0175183914	-0.0235105222	0.0464886289	0.1187275357	0.0026917903	0.1012884145	0.072879788	-0.0079346536	0.0339053107	0.0345691301	-0.0241613525	-0.0744140024	-0.0043497409	-0.116452073	0.0551203398	0.0230989125	-0.0323656811	0.0525694406	-0.0434549285	0.0962876831	-0.0161468251	0.0269584563	-0.0248611036	0.0192818266	0.0425046073	-0.0198720823	-0.0953593164	-0.0500261482	0.1329167747	-0.0382339347	-0.0304498515	-0.030455926	-0.0658081808	0.0057407784	-0.0365094171	-0.1226859012	0.009286004	0.1060603655	-0.047096401	0.091334836	-0.0185320383	0.010577711	-0.0496045825	-0.0288577327	-0.0597502493	-0.0122193333	0.0006312212	0.0553679406	-0.0220662843	0.1419188428	-0.0245706791	0.0184237068	-0.042394224	-0.0392464677	0.0076815107	0.0302989761	-0.0619332804	-0.027259441	-0.0582883257	0.0342004137	-0.0025569846	-0.1088518236	-0.031694085	-0.0556221607	0.1482048957	-0.1019853374	-0.0267899124	0.0738206417	-0.0353219555	0.010465886	0.0878165964	-0.0700167775	0.0829728763	-0.053305052	-0.0243108885	0.0262595683	-0.042320662	-0.097254314	-0.0308560202	-0.0822275221	-0.0980444597	-0.029303085	-0.0005669064	-0.0173457827	0.0048035335	-0.1057255087	-0.0146185846	-0.0140573556	-0.026201197	-0.0348321543	0.0592014045	-0.0475614229	-0.0458596138	0.0237070855	0.0145416398	-0.015845164	0.0032099861	-0.0185522389	-0.0146967341	-0.0175894584	0.0439095961	0.1000735	0.0041805024	0.0050875776	-0.0560167475	-0.021151106	-0.0242229591	0.0298980351	-0.0996684695	0.0676870003	-0.0738526301	0.023378824	0.0030055569	0.0444007446	-0.0565331216	0.0523471705	0.0804338397	0.0768225931	0.0709234662	0.0629121428	0.0530272111	0.0415630576	0.0288611001	0.0152996203	0.0022547365650495	-2.544971110300014e-05	5.0838369777712185e-06	6.476877952261685e-10	0.0125069449613448	0.0075029553766511	5.629433938401914e-05	0.0001564236722661	-0.0817304538689782	-0.0433031210033263	0.0018751602886287	0.0066798670896291	0.0003914457453768	-0.0009374550767736	8.788220209685965e-07	1.5322977157359858e-07	-0.0002500840570156	0.0003731289879713	6.254203557338188e-08	1.3922524166456114e-07	-0.0004299509870052	-0.0001093647572937	1.1960650137909909e-08	1.848578512267457e-07	0.0	0.0	0.0	0.0
1763.271395532264	-6.136565074596774	37.65743091476092	3109126.014302298	2451.4640615957755	8.958080433033047	80.24720504468954	6009676.045295657	1968.178750235408	-2.992022145035208	3873727.592878212	8.952196516381083	2086.2745482442274	1440.126703435341	1.018853	31.741211	0.1401301198341412	0.0752364860431779	0.0584502027	-0.0510012845	0.0325945526	0.081910096	0.0220231558	-0.0089836777	-0.0238484029	-0.040571128	-0.0240719961	-0.0089348766	0.079073068	0.0733474116	-0.031883705	0.0933120133	0.0175433872	-0.0071212042	-0.0488381476	-0.0074543997	-0.0246781675	-0.0262913364	-0.0142401862	0.0089677203	0.0009369469	-0.0313011684	-0.003327325	0.0093163084	-0.0633624949	-0.1266352262	-0.0351249985	-0.0585797992	0.1378246367	0.0625857812	0.0835153564	-0.0225770533	-0.1098856526	0.0159586189	-0.0195423846	-0.0009354012	0.0587659168	-0.0693508242	-0.035321831	0.0147775156	0.0675596939	-0.0935632491	-0.1003247683	0.0979860962	0.1218180729	-0.105628588	0.0512728945	-0.0383436991	0.0245734724	-0.0230675262	-0.1180399502	0.0575547679	0.1001752676	0.1064344049	-0.0264262376	-0.1353117375	0.0274237476	0.0171551769	0.0703416713	-0.0138902481	0.039937061	-0.0323912028	0.0220163439	0.1146019822	-0.0015552551	0.0108766555	0.0648561221	-0.0229607982	0.0151959218	-0.0516894379	0.0061123983	0.0900176698	0.0515214908	-0.013523871	0.0179406307	-0.0007924086	-0.0513165695	0.0243075614	0.0850133696	-0.0334389132	0.0608628201	0.0388268465	0.0381197914	-0.0952463728	-0.0897941987	0.1078445797	-0.0478279585	-0.065799047	0.0327882332	0.0260188522	-0.1360559842	0.0077062093	0.0621221737	-0.0519892093	0.0572861579	0.000138151	-0.1193384449	0.0004769803	0.0152923375	-0.0307366656	0.0257742286	-0.0245288377	-0.0201986274	-0.0131068112	-0.0269731941	-0.0764929296	-0.0601659709	0.0303918249	-0.05917369	-0.0201174501	0.0221665144	-0.112415102	0.0113278335	-0.0707472965	0.1007600414	0.0842768986	-0.0679846	0.0433375667	-0.0074209497	0.1055744184	0.0111830274	-0.0283571312	0.0384368259	-0.1079812083	-0.0621407902	0.0275650741	0.012901242	-0.0462813961	-0.0306405464	-0.074128019	0.0939046122	0.0121033162	-0.0147283056	0.0398109409	0.0520239287	0.0069372302	0.0061212296	-0.01053887	-0.0159487963	0.012987446	-0.0764357318	0.0549120653	-0.0849041923	0.0603097468	0.0040390984	0.0120377717	-0.0676105769	-0.0251391901	0.080282427	0.0762265226	0.0696177779	0.0606775209	0.0497051625	0.0370681691	0.0231897558	0.0085347133	0.0273899187320125	0.0251351821669629	0.0007502076481462	0.0006317773825664	0.0127010886225775	0.0001941436612326	3.7691761196837226e-08	0.0001613176521985	-0.0158202554290127	0.0659101984399655	0.0043441542583956	0.0002502804818392	0.0009958664018433	0.0006044206564664	3.653243299633947e-07	9.917498903203209e-07	-0.0006232138509574	-0.0003731297939418	3.883955040251524e-07	1.3922584312705014e-07	-0.0004296895260939	2.614609113000014e-07	6.836180813782723e-14	1.846330888348004e-07	0.0	0.0	0.0	0.0
1761.629148253562	-1.642247278701916	2.6969761244038484	3103337.255976571	2454.602494698984	3.1384331032086266	9.84976234331573	6025073.406982477	1964.9048546395072	-3.27389559590074	3860851.087785903	10.71839237285826	2089.2987930656413	1440.4516482395409	1.049305	32.689892	0.0269871214422881	0.0137020137687838	0.0425873984	-0.0246257108	-0.038041783	-0.0158948028	0.094354083	-0.004282278	0.011690098	0.0715765102	-0.0071469985	-0.0851982414	0.0331803349	-0.0265485612	0.0956817341	0.0114187527	-0.0010145464	-0.0775300682	-0.0223967423	-0.0154923189	-0.0300661132	-0.004907624	0.0293604922	-0.063034881	0.0078305334	-0.0300203898	0.0107552804	-0.0268653283	0.045390728	-0.0332151006	0.0646882131	0.0345528656	0.019047021	0.0128584251	0.0445933123	0.0918544484	-0.0506398496	-0.0116726326	0.0193731768	0.0081074258	0.0917679125	-0.0962032633	-0.0930171085	0.0975427631	0.0845245039	-0.0403036661	-0.0321063899	0.0085316832	-0.0717409127	-0.0947669261	-0.0483396589	-0.0338881765	0.0025863893	0.0335403347	-0.0289156391	0.0375953176	0.1095276187	0.0256075989	0.0518159133	0.1440640035	0.0126851331	0.1132131732	-0.0135347383	-0.096478879	0.0372748574	-0.1141221537	-0.0028851649	0.1069809832	-0.0811061216	-0.0955971903	0.0723682126	-0.00519022	-0.0072164524	-0.0087082289	-0.0272910166	-0.0281206035	-0.0433583121	-0.0478917741	-0.0234406146	0.042872613	-0.0480832046	0.0076008403	0.0274251753	-4.80908e-05	-0.0151698055	-0.0332549396	-0.0434030676	-0.0320695312	0.0309225369	0.0063802781	-0.0098099053	0.0402113438	-0.0634659509	-0.0183147057	0.0105610958	0.0076120801	0.0409232963	-0.0620542751	-0.0834565732	0.0451216951	-0.0929038394	-0.0619221099	-0.0729485062	-0.0051679914	-0.0341339297	0.0020901434	-0.0042950029	0.0930125392	-0.0258066887	-0.1380363176	-0.0891748384	0.0118131601	0.0376045118	-0.0739106705	0.0081313356	-0.1257971366	-0.0174513773	0.119374638	0.0414493391	0.0509628362	-0.0909381164	-0.1085486326	0.0272843554	0.1125835811	-0.0250731458	-0.1374358496	0.1778645667	-0.0505343497	-0.0371084576	0.0345702891	-0.0092283214	-0.0064735166	0.0998187755	-0.0090331363	-0.0042300863	0.003206775	-0.0156864058	0.0205936359	0.0489608972	0.0449442264	0.0163427939	0.0471322327	-0.0917137731	0.039100796	-0.0346129991	0.0561956341	-0.0260047234	0.0381585848	-0.0155430066	0.0375657131	-0.0547565043	-0.0621025423	0.0801222105	0.0755970167	0.0682433853	0.05833645	0.0462468756	0.0324269895	0.0173938582	0.0017099414	0.0179122589435252	-0.0094776597884873	0.0003208490204598	8.982603506630911e-05	0.0186230302209651	0.0059219415983876	3.5069392294713484e-05	0.0003468172546109	-0.016025433876031	-0.0002051784470183	4.209819512084181e-08	0.000256814530915	0.0010544190433818	5.855264153849997e-05	3.428411831136072e-09	1.11179951904619e-06	-0.000623137781603	7.606935439993974e-08	3.883006948611082e-07	5.786546678823632e-15	-0.0002606714048189	0.000169018121275	2.8567125319330618e-08	6.794958129025884e-08	0.0	0.0	0.0	0.0
1764.6037293299248	2.9745810763627105	8.848132579855141	3113826.3215650786	2435.4221813060617	-19.18031339292247	367.88442185072114	5931281.201197576	1965.758768559244	0.8539139197366694	3864207.536167555	0.7291689823200431	2087.7141441564336	1422.619905741869	1.006468	31.355362	0.0503436168051538	0.0241561185895546	0.0031550747	-0.052467772	-0.0488218247	-0.0169608922	-0.0392455402	-0.0213900429	0.0216412602	0.0749412824	0.0090137	-0.0442914743	-0.0298506912	0.0337070926	0.001862563	0.0399898131	-0.0333585203	0.0660013643	-0.0651253698	0.022938627	-0.0236892148	-0.0142997321	0.05269659	-0.0504127948	0.0140130242	-0.1067833842	0.1208674406	-0.1065110224	0.0348196937	-0.0932478823	-0.0214238573	-0.0528040741	0.0437894864	-0.0542109994	0.1610190876	-0.01716749	-0.0355952035	-0.0024191107	0.0670888773	0.019721581	-0.1017485378	0.07227436	-0.1193086391	-0.0673153573	-0.112679391	0.0035104885	-0.0280963861	-0.0572571003	-0.0579250794	0.0415213065	-0.0764237843	-0.1040208736	0.0071132632	0.1576957774	-0.0220686345	0.1163057311	0.0319650595	-0.0483712228	0.0132586587	-0.0237601779	0.0806795619	-0.0070204375	-0.0258982828	0.0391142632	-0.0500135782	0.0046343348	-0.0864103334	0.087424811	0.0039280922	-0.0026518125	0.0215505343	-0.0834966057	0.0273033393	0.0164459885	-0.0390468039	-0.0233291401	-0.0349492355	-0.0449259341	0.0184459177	0.0423786639	-0.0401427293	-0.0083417775	-0.0987878945	0.1019092503	-0.0174188783	0.0984753692	-0.0412258914	-0.0068130997	-0.0762808172	0.1041998788	-0.0302588608	0.0159296439	0.0102032728	0.1111070774	-0.0274007579	-0.0808853528	0.0705775975	-0.048785564	-0.1022337991	-0.0509102512	0.0287087846	0.0305236699	-0.0801785259	-0.007166376	-0.0728831689	-0.0200910968	0.1330949817	0.0775626254	0.0725457118	0.0453330174	-0.0215102026	-0.0654688922	-0.0061037501	-0.0418169436	0.1025304834	0.0042473218	-0.0293261822	-0.1463005964	0.0246912481	-0.0610816738	-0.1378223382	0.0085696014	0.0161867967	0.0403829951	-0.0017887764	0.0020938473	0.0101977803	0.0199891975	-0.0232484398	0.0399150928	-0.0033515418	-0.0081133184	0.0214397653	-0.0023413135	-0.0387240896	-0.0454900243	-0.0019005352	0.0367160354	-0.0105890467	-0.0056714818	-0.0700576826	0.0247691638	-0.0733561597	0.0894429299	-0.0553808876	-0.0527178733	-0.062377535	-0.0048546822	-0.0294417857	0.0709073484	0.0306023409	0.0171641133	0.0799532077	0.0749343514	0.0668016447	0.0558930371	0.0426618292	0.0276578354	0.0115045374	-0.0051268245	0.0161795341516182	-0.0017327247919069	0.0002617773253633	3.0023352044891554e-06	0.012458740470052	-0.006164289750913	3.799846813321227e-05	0.0001552202141001	-0.0231393061189848	-0.0071138722429538	5.0607178289068525e-05	0.000535427487668	0.0006908290983969	-0.0003635899449848	1.3219764809412256e-07	4.772448431918737e-07	-0.0007971488774138	-0.0001740110958107	6.354463327620815e-07	3.0279861465275386e-08	-0.0004297249644108	-0.0001690535595919	2.8579106010692088e-08	1.8466354503786333e-07	0.0	0.0	0.0	0.0
1776.3941839673832	11.790454637458424	139.01482055796487	3155576.2968331454	2431.219386348018	-4.202794958043796	17.663485459358355	5910827.704554433	1972.2246558870163	6.465887327772407	3889670.09328866	41.8076989354478	2085.246375659116	1424.9498802623918	1.026941	31.993193	0.0623919167872235	0.0344050754074873	-0.0003767425	-0.0725552711	-0.0089432761	0.0338827259	-0.1284535331	0.002149806	0.0949190907	-0.0249518295	-0.0246218931	0.0484860243	0.0500448938	-0.0163696162	-0.1145094778	0.0539665359	0.0638771867	0.0230162212	-0.0064972904	0.0171307475	0.0122357861	0.0308113023	0.0593004139	0.0366856363	0.0157250291	0.0238876763	0.0127192988	0.0821869843	0.0010568535	-0.0626769956	0.0803541453	0.0119589175	0.0643849582	0.0197642599	0.0009502986	-0.0317844366	-0.0812485824	-0.0284208107	0.0564879336	-0.0104825918	0.0056235918	0.0209919491	-0.0446873417	-0.1266062461	0.0627395973	-0.0629153859	-0.0050145951	-0.0682110053	-0.0005964141	-0.0486050915	0.1076084747	0.132482254	0.0205971837	-0.0132792755	-0.0088218633	-0.0114045217	-0.0210682308	-0.040320513	-0.0207404904	-0.0128072456	-0.0065006382	-0.0803558634	-0.0179677762	0.0215085973	-0.0525915341	0.0091730384	0.0856109025	0.0545524174	-0.0180272989	0.0119069672	-0.0859299037	-0.0703299118	-0.0135875885	0.1322759449	0.0867923352	0.0680382709	-0.0776168045	0.0132485621	-0.0001211812	-0.0274574829	-0.0325486512	-0.0036227696	0.030778267	-0.036368142	-0.0118222176	0.0411815465	0.0908968101	0.0251366255	-0.0489703515	-0.0070423578	0.1451495013	0.018626497	0.0050377548	0.0485371344	0.0178726168	0.0303652854	0.0973656027	-0.0010979174	-0.0239355538	0.0014824665	-0.0874402402	-0.0905015462	-0.0342575594	0.0414913518	-0.0479600197	0.0344244622	-0.0153258745	-0.0655287714	0.0117004787	0.0639554291	0.006913255	-0.0398093728	0.0086599554	0.0842932527	-0.0315116085	-0.1312749798	0.0023125131	-0.0664168686	0.1279885164	-0.0820944291	-0.0265784367	0.0751769257	0.0043293418	0.0491687468	0.0386763236	0.0277870857	-0.0356190763	-0.0499490303	-0.0444251732	0.0380774461	-0.0071062416	-0.0119739971	-0.0877923285	-0.0036270694	0.0176386397	-0.0021749274	-0.0359510787	0.0263177047	0.0147756919	-0.0762162129	-0.0820909618	0.0463142242	-0.019328772	0.0199557985	-0.0519038464	-0.0489844164	-0.079005382	0.0604982551	0.0224959961	0.0030306898	0.0239573203	0.0442677874	0.0797754371	0.0742388174	0.0652939789	0.0533515689	0.0389598496	0.0227795284	0.0055534252	-0.0119276293	0.0128449924615949	-0.0033345416900232	0.0001649938313384	1.1119168282503438e-05	0.0003607886350494	-0.0120979518350026	0.000146360438602	1.3016843918080914e-07	-0.0100443066951072	0.0130949994238776	0.0001714790099113	0.0001008880969853	0.0001878660872847	-0.0005029630111122	2.529717905470511e-07	3.5293666751662514e-08	-0.0006230401602165	0.0001741087171973	3.881790412426019e-07	3.0313845404089385e-08	-0.0004299417128677	-2.1674845690001278e-07	4.6979893568536673e-14	1.848498764636118e-07	0.0	0.0	0.0	0.0
1774.8402390212325	-1.5539449461507502	2.4147448956674578	3150057.874048945	2453.9066549230506	22.687268575032704	514.7121553956664	6021657.871075636	1969.9231522769248	-2.3015036100914585	3880597.225876656	5.296918867264017	2092.315723867392	1479.78675000119	1.129374	35.184368	0.0729205250173932	0.0407162013000125	0.039714557	-0.0496657414	0.0982364086	0.0392477509	0.047457477	0.0837311483	-0.0225851208	-0.0576260526	-0.1371188305	-0.0440930032	0.0117632162	0.076580081	-0.0176101873	-0.0429287313	0.0725625742	0.0075147994	0.0078454249	0.0118017003	-0.0418288066	0.0195153989	0.0529290331	0.0153571767	0.039591424	-0.1006455208	0.0148917565	0.0213669405	0.0132611197	0.0296796321	-0.0292315732	0.0971336509	-0.0603751418	-0.0166475773	-0.0469938064	0.0600297143	0.105014328	-0.0356643621	-0.0485457543	-0.0039494979	0.0844156059	-0.020011951	0.10230462	-0.0707027469	-0.0258758511	-0.0210940756	0.0656281553	-0.0856623888	0.0385701037	-0.048549686	0.0323308333	0.0524225078	-0.0070025495	-0.0081599919	-0.1574910514	0.0218298078	-0.1200559192	-0.1511290479	-0.0937819853	0.1608876571	-0.0587186667	0.0024069309	0.1516790274	-0.0606754654	0.0359049592	-0.0248841342	0.0268371247	-0.0962852471	0.0287989908	0.0069308978	-0.0032340619	-0.0623490456	-0.0485305891	0.0801844443	-0.0058387966	0.0290490155	-0.0243875982	0.0277054867	-0.0482106468	-0.0673068158	-0.0294222321	0.0750365468	0.0030818716	0.0690365291	0.0750776945	-0.018705952	0.0589924222	0.0711222654	-0.0430385619	-0.0219586837	0.0229298893	0.1414468926	-0.066066379	-0.0311231167	0.1514680291	0.0571485042	-0.175587701	0.0237178051	-0.0010336782	-0.0091412067	0.0526314258	-0.0935864315	-0.0336594706	0.07159413	-0.1356244863	-0.018676843	0.0233077446	-0.0601103636	0.0190614897	-0.0497403654	0.0580324408	0.0200412121	0.0375325207	0.0481597547	-0.0051167476	-0.0015455474	0.0121619378	0.0112989416	-0.0051470589	-0.0107522698	0.1095664425	-0.0237693409	0.0505861132	0.1186129259	-0.1720786966	-0.0430913091	-0.0771612758	-0.0270643882	-0.0373554604	0.050642594	-0.008497158	-0.0164123055	0.0237425101	-0.0066121046	0.0033678421	0.0868616914	-0.0092308384	0.0994158304	0.0088893389	0.0266792078	-0.0475884036	0.0170294197	0.0509389264	-0.0035084828	-0.0817236621	0.1125508953	-0.0508109165	0.003831163	-0.0198165135	0.0448746169	0.0133596249	0.0418033429	0.0795889182	0.0735107199	0.0637218759	0.0507165039	0.0351510839	0.0178113211	-0.0004275147	-0.0186447705	0.0112279185184007	-0.0016170739431942	0.0001260661542558	2.6149281377576384e-06	0.0126085264361819	0.0122477378011325	0.0001500070812452	0.0001589749388918	0.0003011710108893	0.0103454777059965	0.0001070289089652	9.070397780008289e-08	0.0009049359598796	0.0007170698725949	5.141892021832663e-07	8.189090914832131e-07	-0.0005671035718597	5.593658835679994e-05	3.2160646121603e-07	3.1289019169980864e-09	-0.000228743462478	0.0002011982503897	4.0480735959876425e-08	5.2323571626424194e-08	0.0	0.0	0.0	0.0
1768.4408271169195	-6.399411904312956	40.95247272106237	3127382.9590139743	2462.469294230143	8.562639307092468	73.31879190336498	6063755.025026299	1970.625542387065	0.7023901101401862	3883365.028308314	0.4933518668227428	2098.1992387763307	1485.5999274296043	1.119071	34.863377	0.0292447716115033	0.0165762224070502	0.0315336252	-0.0516792547	0.0338314392	-0.0691220122	0.0443623495	0.0459000534	-0.0291049152	-0.0132874353	-0.0012524995	-0.0754996448	0.0505474309	-0.012793385	0.063231831	-0.0669573287	0.0096646776	0.0314553499	0.0498538243	-0.0540836979	-0.0197010479	-0.0014307414	0.1007632282	-0.0532811519	0.016219694	0.0883599464	-0.0350449053	-0.0408121078	0.0194165052	-0.0871225303	-0.0251915349	-0.0431772582	0.0130000778	-0.0663879103	0.0450066497	-0.0752032243	-0.0214030141	0.0384821317	-0.0538038084	-0.0662202145	0.0956158777	-0.051065962	0.0218293614	-0.0888852574	-0.0717660921	-0.0700855738	0.0469363056	0.0237964319	-0.0570360016	-0.04716107	-0.1604778614	0.0556452569	-0.1089089555	-0.0212405259	0.0811674982	-0.0501157697	-0.0116747806	0.0882295079	0.0899795138	-0.0407076722	0.0524370969	0.0259450231	0.0116310026	0.1012262952	-0.08144756	0.1030002013	0.0956419701	0.069389149	-0.0637118511	0.0240310682	-0.0252910338	-0.0084284233	-0.0036948582	0.1611679316	-0.042628765	-0.0314099424	-0.0065279761	-0.088727169	-0.0031299157	-0.0798886123	0.0316946312	-0.0645901837	0.0796987566	0.050319267	-0.0213026225	0.0772328959	0.0120235189	-0.0816660108	0.0183568699	0.0515619634	-0.0569960836	0.0197696079	0.1448335019	-0.0162124973	0.050075334	-0.0683127505	0.0484205043	-0.0284900385	-0.0229556366	-0.040284878	-0.0637377853	0.0068995928	0.0077990458	0.0260229274	-0.0085744704	-0.0324324143	-0.1709936413	-0.0105518986	-0.0620217944	-0.0107387264	0.0520979264	-0.0599097598	-0.0368587702	-0.0203719193	0.0401940789	0.0085466987	0.0592516284	0.0795006989	0.0225005597	-0.024814623	0.0045682093	0.0744211501	-0.1257498701	0.038504089	0.0115592239	-0.0486749367	-0.0453277066	0.0112228862	-0.0373362764	0.0653847514	-0.0058845378	0.010504455	0.0107618117	-0.0399369648	-0.0617699582	-0.0351227255	0.0121416556	0.0717124714	0.0041828746	-0.0209448122	0.0104102539	0.0693150308	-0.0553514603	-0.0435572467	-0.0350402955	0.0552444979	-0.0073834569	0.0958666388	-0.0227002085	0.0203540548	-0.0041941466	0.0152675947	0.0793936715	0.0727503781	0.0620868871	0.0479924649	0.0312459714	0.0127728206	-0.0064061583	-0.0252311319	0.0062656515617618	-0.0049622669566389	3.925838949340808e-05	2.4624093348950298e-05	0.0127685443133458	0.0001600178771639	2.5605721012041213e-08	0.0001630357238818	0.0001680543471138	-0.0001331166637755	1.772004617471952e-08	2.8242263583845577e-08	0.0011248910304619	0.0002199550705822	4.838023307486456e-08	1.265379830413635e-06	-0.0005082415622907	5.886200956900002e-05	2.583094856396915e-07	3.4647361705010492e-09	-0.0004297137846052	-0.0002009703221272	4.038907037591054e-08	1.8465393667972426e-07	0.0	0.0	0.0	0.0
1766.369346063748	-2.07148105317151	4.291033753648549	3120060.6667136727	2430.3959816826714	-32.07331254747169	1028.6973777678047	5906824.627779276	1972.1258094989307	1.5002671118656965	3889280.208491813	2.250801406945837	2095.9885803169536	1395.473172128728	1.10367	34.383598	0.0886081829792419	0.0458656873861895	0.0723017325	-0.0605587992	-0.1010278317	0.0211985448	-0.0482100888	0.0357445606	0.0108331851	0.0583807511	-0.0126860081	-0.0405854596	-0.094898829	0.081508853	-0.0130873983	0.0166402027	0.1054810376	0.0260894803	0.0287445677	-0.0623113862	-0.0502898289	0.0343058975	0.0387780802	0.1073167784	0.0173117456	0.1263479326	-0.0470386851	0.0509251603	-0.1219073936	-0.1179813694	-0.1374820249	-0.0587705915	0.1616316149	0.1049495103	0.0971541623	-0.0265011694	0.093109878	-0.098192512	-0.0561121201	-0.036472037	-0.1489303159	0.0727969003	-0.0033161874	-0.0339236578	0.0083716727	-0.0125430578	-0.1381624824	-0.1224597836	0.0338337848	-0.0895926508	-0.010635955	0.0497387549	-0.0227606419	0.0211673988	0.0224898535	-0.0259809212	0.080552704	-0.0008401811	0.1332872187	0.0467077229	-0.1101516581	0.080571918	-0.0021525903	0.0176137206	0.0600523615	-0.1519451885	0.0898950185	-0.0552154497	0.0214309838	-0.0127829287	-0.0994670753	-0.0380425085	-0.0450067616	-0.0158086893	-0.0310877501	-0.0151632779	-0.0455192892	0.04080755	-0.0959055881	-0.0424881652	0.0451117366	-0.0999783042	-0.002853505	-0.0253460487	-0.0683835894	-0.0597515473	0.1155574146	0.0725429673	-0.0008048019	0.061500328	0.0023127316	0.0276154485	0.1676756629	-0.0003773204	-0.2107129392	0.0133884773	0.1779798686	-0.1398557743	0.1644690024	0.2191813799	0.0140478758	-0.1018415052	0.0211677429	0.0559045878	-0.0345729789	0.0027190634	0.0244214537	-0.0363060479	0.1692336702	-0.0651119943	-0.0260092387	-0.0459528153	-0.0173848972	0.0423151046	0.0392764943	0.145564585	0.0319712557	0.0465800914	0.0524015499	-0.0408983201	-0.148760544	-0.1953502957	0.0030687581	-0.004358577	0.0522578463	-0.0792868705	-0.0577567903	-0.119931183	-0.0639947513	0.0639912186	0.024013713	-0.0219710902	0.0596632082	-0.038435202	-0.0166715953	0.0527961445	-0.0223680581	0.0756153613	-0.022873229	-0.0338911583	0.0100772895	0.1363182324	-0.0893410487	-0.0200914285	-0.0376620651	-0.0465825933	-0.0576264265	0.0375199481	-0.0019611683	0.0471787078	-0.0085886541	-0.0481049342	0.0791897184	0.0719581255	0.060390626	0.0451842308	0.0272552159	0.0076839116	-0.0123503943	-0.0316405151	-0.0145445409897604	-0.0208101925515222	0.0002115436726028	0.0004330641140314	0.0126665471203182	-0.0001019971930276	1.0403427385509564e-08	0.0001604414159512	-0.0333439351387383	-0.033511989485852	0.0011230534392998	0.0011118180105363	0.0014528547381429	0.000327963707681	1.0756019355586849e-07	2.1107868901442746e-06	-0.0004200067779771	8.823478431359998e-05	1.7640569354670497e-07	7.785377162867511e-09	-0.0006971953675874	-0.0002674815829822	7.154639723466356e-08	4.860813805853298e-07	0.0	0.0	0.0	0.0
1777.1800535429904	10.81070747924241	116.8713962017478	3158368.9427110665	2447.3330083776405	16.937026694969063	286.86287326609465	5989438.853894752	1961.1376806944377	-10.988128804493044	3846061.002639558	120.73897462412974	2084.6886423507704	1523.124628953174	1.414459	44.065853	0.204172286750938	0.1056795187908529	-0.0475106199	0.0154444834	0.0186291617	-0.0778242131	0.0683177974	0.139300106	0.0166174829	0.0299591218	0.0133653645	-0.0312571959	-0.0250211496	-0.0470774921	0.0041904512	0.0310088113	-0.0931008844	-0.0356198053	-0.0730343423	-0.0363331629	0.0787133392	-0.0193430235	-0.0359692084	-0.015014432	0.0536110961	-0.0887543252	0.0407047923	-0.0310836678	-0.0601262571	0.0429203303	0.0699125389	0.0305504978	0.0303870087	0.0001645645	-0.048476956	-0.0023695621	-0.0097918121	0.0444141466	0.0033793891	0.0044472726	-0.082507415	-0.0240301454	0.024401846	0.0155045321	-0.0658169246	-0.0126296699	0.0411456288	-0.0502693119	-0.0641309235	-0.0323623628	-0.003770465	-0.0891240724	0.0318778159	-0.0344343951	-0.0234712593	-0.012007734	-0.0452484706	0.1316037279	-0.2041612599	-0.05344024	-0.0101620917	0.0126771498	0.1457538581	0.0502036604	0.0005360074	-0.0629558538	-0.0481436651	0.0051314534	-0.0014315804	0.0361875413	-0.010529755	0.071925761	0.0287180444	0.0941359399	0.0137332103	-0.0660053486	0.0292401725	0.0168955617	0.0254437286	0.0792890164	-0.0920012226	0.0271736169	-0.0417031522	0.0216496203	0.0246734972	0.0817314561	0.0041605238	0.0366831881	0.0360130688	-0.0408142929	0.0080780009	0.0555150846	-0.0200423036	-0.0778212067	0.0381779742	0.0181255818	0.0191323397	0.0003107528	0.0431325703	-0.0710348213	0.0533646231	0.0049779021	-0.030932802	-0.1032815626	-0.0633345253	0.0584188662	-0.0364479333	-0.06183702	-0.0335425041	0.0839431924	-0.0106601569	0.0973251838	-0.0818255027	-0.0807036455	-0.007062137	-0.0032128978	0.0420165092	-0.0763402277	-0.0632596615	-0.0160175523	0.0200514203	0.0216443699	-0.0258623485	0.0212319656	-0.0424416186	0.0383099545	-0.0058379189	0.0094371005	-0.0056394346	0.0340232758	-0.0003479086	0.097041654	-0.0558885159	0.0611791386	-0.1233870342	-0.0856954136	-0.0521115337	0.0673741173	0.0204640533	0.0101412443	-0.0151754387	-0.0285963032	0.0061966746	0.0777943476	-0.0340814973	0.0264630573	-0.0452371719	-0.0424800868	0.036802065	0.0333293289	-0.0245570713	0.181088969	0.0789770813	0.0711343098	0.0586347667	0.0422967282	0.0231897558	0.0025646777	-0.0182282956	-0.0378279629	-0.0301215101406313	-0.0155769691508708	0.0009073053731521	0.0002426419679271	-0.0229299635420119	-0.0355965106623301	0.0012671115713333	0.0005257832280379	-0.0470660651901653	-0.013722130051427	0.0001882968531482	0.0022152144924848	-0.000180393218161	-0.0016332479563039	2.667498886770866e-06	3.254171315848214e-08	0.0004800400156785	0.0009000467936556	2.304384166526145e-07	8.100842307697263e-07	-0.0004449565798207	0.0002522387877667	6.362440605401434e-08	1.9798635792573497e-07	0.0	0.0	0.0	0.0
1768.497260953873	-8.682792589117525	75.39088714563422	3127582.562001351	2444.5557748300057	-2.7772335476347507	7.713026178107903	5975852.9362547295	1958.3042565519293	-2.83342414250842	3834955.561229405	8.028292371349576	2084.40448906403	1488.1912710397644	1.299852	40.495399	0.1373056407011094	0.0605468459968876	0.0377680376	0.0509118883	0.0425361219	0.0721744893	-0.1135480939	0.0421389226	-0.048496466	-0.08618194	0.0120316024	0.0180420589	-0.0487520431	0.0093784168	-0.0715689684	0.0087195744	0.0110999733	0.0750812565	0.0347708915	-0.0036508091	0.0297997299	-0.0308798332	-0.1076916249	-0.0017560363	0.0532652084	0.1022381517	-0.0245576774	0.0573163472	-0.110812072	0.0667651284	-0.055174365	0.026438691	0.0172365032	0.1316824277	-0.0065786054	-0.0950856309	-0.0500773977	-0.1244198196	-0.051195181	-0.0323079331	-0.03034463	-0.0188827007	-0.0095350973	0.0445444941	-0.0804334658	-0.0911018403	-0.0275959073	-0.0102282834	-0.096085185	0.0511326091	0.0532748397	-0.029531854	0.0214782904	0.0471362189	-0.02228154	-0.0987255141	0.0066866062	0.0200579819	-0.0330843659	0.1450681917	-0.1038563357	-0.1071981048	-0.0541827437	0.0313105844	-0.0206999294	0.0397375744	0.0199048219	-0.1056099986	-0.0159423155	0.0063900137	-0.0241910306	0.0189250792	0.0714305246	-0.0109777784	0.0004676614	0.0239059376	0.1017594346	0.0471783118	0.0279754327	0.0032990731	0.0222468723	-0.0481407928	-0.0722841446	-0.107421168	-0.0046199119	-0.0122311734	0.1085709484	0.0196521227	0.07994369	-0.0133954944	-0.0353025176	-0.0610080005	0.074769444	-0.0312128049	-0.0590444015	-0.0026028089	0.0146864185	0.0365325769	0.076705573	0.0010434159	-0.0293966921	0.1510010783	-0.0482036829	-0.061757242	-0.1042735841	0.0174023583	-0.013546773	0.0396898932	0.0340599582	-0.1036247922	-0.0076487633	-0.0796650014	0.0389236743	0.1161157911	0.0226203343	-0.0580723641	0.0732336469	-0.003593967	-0.0887083565	0.0184106898	-0.0621735168	0.0571208226	0.0307629016	0.0022996173	-0.0176239815	-0.0226983133	0.030508277	-0.1279765284	-0.029270216	-0.0471457825	0.0743470733	0.0442400467	-0.0788812347	-0.0709896141	0.0933244028	-0.0213654662	-0.0475286805	0.0097152697	0.0043611388	-0.196587724	0.0170864857	-0.0133567503	0.1079877322	0.0496688509	-0.0771720241	0.0509971953	-0.0596616639	-0.0054488412	-0.1058596397	-0.0474975591	-0.1669477501	0.0419603059	0.0787557834	0.0702792922	0.0568210419	0.0393350228	0.0190607341	-0.0025646777	-0.024008292	-0.0437500746	-0.0106937812784622	0.0194277288621691	0.0001143569580315	0.0003774366487419	-0.0045642711520059	0.018365692390006	0.0003372986569643	2.0832571149033267e-05	-0.0160690217093559	0.0309970434808093	0.0009608167045511	0.0002582134586957	0.0003988622824915	0.0005792555006525	3.355369350361785e-07	1.5909112039432916e-07	0.0009688511800038	0.0004888111643253	9.386726089947556e-07	2.389363543690555e-07	-0.0007471934342054	-0.0003022368543847	9.134711614835835e-08	5.582980281196593e-07	0.0	0.0	0.0	0.0
1763.0780093532917	-5.41925160058122	29.36828791040211	3108444.067065166	2445.997939498336	1.442164668330406	2.0798389305805505	5982905.920030106	1959.81155058533	1.50729403340074	3840861.313807676	2.2719353031254705	2083.4216733555672	1505.616814368594	1.355169	42.218742	0.2299148954635916	0.1238117703273428	-0.0563640897	0.1340991621	0.0303503113	0.0457518787	0.0192220461	-0.0019258119	-0.005857149	-0.0409115012	-0.1157730943	0.0537314708	-0.0032927235	-0.0311249627	0.0032847304	-0.0058576967	-0.0753910759	-0.1270343371	-0.0604173935	-0.0640693107	0.004746925	0.0211150817	-0.1467242791	0.0506657033	-0.1058976089	-0.0047147853	0.0188834749	-0.0285879336	-0.0488068848	0.0778577597	-0.0659306332	-0.005343373	-0.0281973777	0.0604136331	-0.0146903168	0.1041933223	0.0098888279	0.0416538426	0.0472410109	-0.0251608803	-0.0092149554	0.0047872632	-0.1122620498	-0.0788721435	0.0222878283	0.0020123177	-0.0792016262	0.058280604	-0.0395434003	-0.0606783858	-0.026777852	-0.0161816818	0.0153889998	-0.1416452216	0.0221621154	0.020884026	-0.0278627618	-0.0435827866	0.0999350355	0.0360458683	0.1170764264	-0.0890244913	-0.0922618276	-0.0485285395	-0.0762904443	0.1059241146	-0.0942557241	-0.0542464449	-0.0579245238	-0.0281589726	-0.0497602782	0.0488930596	0.0292903351	-0.1130489508	-0.0036028362	0.0515003089	0.0455460178	0.0773825436	-0.0408533904	0.1072662776	0.0912432911	0.054152636	0.0757603722	-0.0295809035	0.0926290813	0.0272953896	-0.0223876132	0.0834309064	-0.0106080322	-0.0954957565	-0.1273450397	-0.0114008347	0.0463062663	-0.0263945218	0.0224890384	-0.0447973221	-0.0233575287	-0.0219229453	0.0478844979	-0.0638670253	-0.0684231459	-0.1368744713	-0.0315517495	-0.0717980423	-0.0864629223	0.1007181499	0.0194577186	0.0683111588	0.030699184	-0.0039936227	0.1074393818	0.1054138943	0.0482415853	0.0231747285	0.0746872824	0.0131849261	-0.1343464499	0.0412510169	-0.0607314074	0.1836728279	-0.0263002563	-0.0019171584	0.0567163077	-0.0868690641	0.029896433	0.0378213018	-0.0445379069	-0.0008856175	0.1076013837	-0.1107825616	0.0686762049	-0.0727098234	0.0431274778	-0.0393526185	-0.0397654023	0.0797451029	0.0588667294	0.0229576166	-0.0437153667	0.1243265675	-0.0140377479	-0.0670480816	-0.0191273191	-0.0551654254	0.0987280284	-0.0047242094	-0.0323004086	-0.0754259246	-0.1129575659	0.037377048	0.0692347555	0.007263683	0.0785258491	0.0693934478	0.0549512416	0.0363043104	0.0148794683	-0.0076839116	-0.0296593388	-0.049365311	0.0485687707394504	0.0592625520179126	0.0023589254911412	0.0035120500716757	-0.0047409234596926	-0.0001766523076867	3.1206037811036585e-08	2.2476355250663653e-05	0.0031519340237764	0.0192209557331323	0.000369445139295	9.934688090239287e-06	0.0001490299136128	-0.0002498323688787	6.241621253954283e-08	2.2209915151438636e-08	0.0020510717754851	0.0010822205954813	4.2068954281916e-06	1.1712014172838997e-06	0.0009458483095318	0.0016930417437372	2.866390346036699e-06	8.946290246441638e-07	0.0	0.0	0.0	0.0
1768.600107625587	5.522098272295352	30.493569328887315	3127946.340693238	2427.21516333686	-18.78277616147625	352.7926803321205	5891373.449132379	1957.268967979989	-2.5425826053410674	3830901.8130174503	6.46472630498297	2079.8117009122234	1473.6588016358096	1.186794	36.973206	0.2418784062403073	0.1240807101039878	-0.1203672445	0.0891305373	-0.0798213497	0.0413935497	-0.0377920485	0.0117504634	0.0404940697	-0.1154740584	0.1034441321	0.0427603225	-0.0575093147	-0.0304397773	-0.006091091	0.1594001919	0.0221887349	-0.0076355697	-0.0904626305	-0.1268478805	0.1409505796	-0.0555944983	-0.094267102	0.0186941088	-0.112255371	0.0483375383	0.0190101896	-0.0111601094	0.0295140714	0.017709852	0.0434274364	0.0329800544	-0.1772683221	-0.0400852392	0.0434075904	-0.0239820248	-0.0290565144	-0.0469493564	-0.0613924516	0.0020347048	-0.0352460225	-0.0672600355	0.0612997016	0.0047729178	-0.0234683701	0.0018841737	0.0628606066	0.0493584564	-0.0280043926	-0.0227918214	-0.073709432	-0.0453430875	0.0484932848	-0.062712744	0.0460858966	-0.1586461963	0.0170905176	0.0590672788	0.0694929958	-0.1035861942	0.010894371	-0.0024015201	-0.0692662605	0.0444703779	0.0071871784	-0.0629571922	-0.0903351734	-0.1303185776	0.0234060169	-0.0886630979	-0.0698918282	-0.0337392636	-0.0737690015	-0.0881456219	0.1416064494	-0.0121078621	0.0976151933	0.0591385434	0.0349567759	0.0148790235	0.0560493188	0.0386475926	-0.0292230332	-0.1160159514	-0.0740148288	0.001818921	-0.1038221881	-0.078142842	0.048048414	0.0152146826	-0.0332307937	-0.0633742117	-0.0350289278	-0.079489041	0.062378397	0.0230370043	-0.0398345322	-0.0164502941	-0.1164742146	-0.0052490244	-0.0115762576	-0.0489826243	0.0282409478	0.009059142	0.0388655695	0.0108595514	-0.1003746553	0.0485658146	0.062351182	0.0492745572	-0.0212862653	-0.044784347	-0.0741693991	0.1080596629	0.0665680029	0.0511894707	0.0486272606	0.0368873949	-0.1562635116	0.0338987567	0.0125072489	-0.1272258759	0.0508143589	-0.0485737066	0.0071902079	0.1143669802	-0.1085488408	-0.0836772938	0.1237672361	-0.0649725083	0.0297236159	-0.0017652679	-0.1227955889	0.0006253642	-0.0127372948	0.0077130435	-0.0489455881	-0.051193085	-0.005988192	0.0990985856	0.002686978	-0.0629049441	-0.0187090341	0.0113302383	0.1008348683	-0.1498970958	-0.046559551	-0.0269593234	0.0534140511	-0.0369990494	-0.0557961619	0.0394730324	0.0782873035	0.0684771651	0.0530272111	0.0332099078	0.010657419	-0.0127728206	-0.0351510839	-0.0546342852	0.029917485735126	-0.0186512850043244	0.0008950559527114	0.0003478704323125	-0.0372907348969135	-0.0325498114372209	0.0010594902245986	0.0013905989091518	0.1006479365800885	0.097496002556312	0.0095054705144604	0.0101300071378295	-0.0008059055648312	-0.000954935478444	9.119017679910712e-07	6.494837794258956e-07	0.0023568644498184	0.0003057926743333	5.55481003481779e-06	9.350915967591179e-08	0.0003429503174601	-0.0006028979920717	3.634859888440877e-07	1.1761492024598337e-07	0.0	0.0	0.0	0.0
1774.0933892352346	5.493281609647511	30.176142842891547	3147407.3537281617	2440.3471820972586	13.13201876039875	172.44991672346472	5955294.369170031	1965.0821762915527	7.813208311563812	3861547.959578745	61.04622411988984	2093.364757461481	1496.076646669776	1.18491	36.91452	0.2225144992804544	0.1797203997741779	-0.0007431951	0.1655762671	-0.0687521472	0.0133361656	-0.0235310054	0.0923716648	0.0066177746	0.0654154297	-0.0535776961	0.0001925728	-0.1139147918	-0.0984115128	0.0168860051	0.0332481277	-0.032005221	-0.1397192136	0.0790737913	0.005885899	0.0649638519	0.0228622343	-0.096466874	0.0928731584	-0.0181558884	0.0040166908	-0.0811152165	-0.0158533631	0.0018185445	-0.0136756727	0.0650982163	0.0216256505	-0.0017852387	-0.0402470525	-0.0080909709	0.0439118964	-0.005897106	0.042993375	-0.069031472	-0.1179362496	0.0202763227	-0.0536565765	-0.0594785936	-0.0325554269	-0.0684641543	-0.0332297403	0.0518296375	0.0048753948	0.0504360038	0.0380485813	0.1524962737	-0.0978299996	-0.0963027723	-0.0949060005	0.0149894353	0.0142584234	0.0402203054	-0.0691560066	0.1436531461	-0.0185946404	0.0569710551	-0.0576493226	-0.0156180252	0.0196345444	0.0189838753	-0.0326239079	0.0995480187	-0.0049411929	0.1522253619	-0.1029087683	0.0884179653	-0.0087477455	0.0845378357	0.0517090672	-0.0299467083	-0.1469585023	0.0173508577	0.116259292	-0.073822878	0.1238086423	0.0248656281	0.0058158915	0.0164407346	-0.0497478211	0.0005902761	-0.0054138321	-0.0273783071	-0.004014132	0.0672129483	0.0026942762	-0.0115422007	-0.0068094266	-0.0425777677	-0.0594386698	0.0513584291	-0.0322980674	-0.0374357466	-0.0193278605	0.0483297115	-0.0181942586	-0.0614939078	0.1065424842	0.0613848668	-0.05186871	0.0442992392	-0.0453343859	-0.0784808446	-0.0181134017	0.0300055504	-0.0825248492	-0.0709285319	-0.0499746659	0.158596388	0.0189957919	-0.0938546487	-0.0592878983	0.0056272999	-0.1088454957	0.0729058699	-0.0050726469	-0.0581438323	0.0119263366	-0.0440443781	-0.0252011038	0.0688647728	0.0379126405	-0.0066054352	0.0913769508	0.0379856608	-0.13081065	0.1344714569	-0.0525551039	0.011042626	-0.0002235463	-0.0636482115	0.0409351734	-0.0261458055	0.0388392677	-0.0211229715	0.0630755586	0.0459238738	-0.0261685539	-0.0487788351	-0.0154798059	0.0964424426	-0.0024581693	-0.0871916085	-0.1619038167	-0.0479043515	0.0810236625	-0.0152934621	0.0292401496	0.0780401729	0.0675308461	0.0510508491	0.0300572439	0.0064061583	-0.0178113211	-0.0404540309	-0.0595200392	0.0192107964974752	-0.0107066892376508	0.0003690547020674	0.0001146331944316	-0.0159922657584132	0.0212984691385003	0.0004536247876436	0.0002557525640877	-0.0787531710069799	-0.1794011075870684	0.0321847574034668	0.0062020619436546	-0.0008799309011472	-7.402533631599992e-05	5.479750416696897e-09	7.742783907937233e-07	0.0025048514038803	0.0001479869540618	6.27428055552111e-06	2.1900138572518882e-08	0.0003431026934269	1.5237596680001825e-07	2.3218435258240265e-14	1.1771945823679334e-07	0.0	0.0	0.0	0.0
1768.6081899042772	-5.485199330957357	30.08741170033504	3127974.929396484	2455.105756971572	14.75857487431358	217.8155323207201	6027544.277914956	1960.6467695221368	-4.435406769415977	3844135.754837591	19.67283321018107	2091.301865912189	1520.4769014004055	1.009889	31.461929	0.1076877973342383	0.0599629591530913	-0.039204862	0.1312761631	0.0222388419	-0.0080004741	-0.0353203758	0.0260638684	-0.0685045344	-0.0627216379	0.0084421832	-0.0510973825	-0.0562215568	-0.0374663937	-0.0044866357	-0.0118959877	-0.0013600433	0.1196531404	-0.0979152652	-0.0284934427	0.0012690787	-0.0740015517	-0.0800700079	0.0294585976	0.0101060899	0.0764358316	-0.0907606733	-0.0749313577	0.0054882498	-0.026626894	0.1552843852	-0.0268667925	-0.1246504748	-0.0013268082	-0.0630316494	-0.0639817871	0.0075665149	-0.0179315868	-0.0201537936	0.0014291158	0.0177925185	0.002125559	0.0694907506	-0.0663065621	-0.0484841565	0.0770766965	-0.070880824	0.0559725002	-0.082549143	-0.0266936319	0.0214431767	0.0472162637	0.0772884472	0.0393395197	-0.0057939357	0.0183215678	1.26707e-05	-0.0802843507	0.0006092346	-0.018972958	0.0310898989	0.0523429749	-0.0268377773	-0.1084914195	0.0243885317	0.00488176	0.0049568765	0.0450443658	0.0124587142	-0.0682488656	-0.0387846451	-0.0378599725	0.0823420408	-0.0173969735	-0.0354840471	-0.0516010931	0.1340513305	0.0079086766	-0.0308258044	-0.0102035681	0.0677928917	-0.0625544527	0.0121103177	-0.0567809849	-0.0411773381	0.0783885096	-0.0260375712	0.0072735189	0.0186836704	-0.0243824328	0.1198198561	-0.0931546063	-0.0101827638	0.0160695471	0.1048195976	-0.0390891355	-0.0176524834	-0.0164981669	-0.0769395567	0.0121314548	0.0204359676	-0.0233929667	0.0194205111	-0.0174614167	-0.0089592446	0.035723162	0.1070113045	0.046372068	0.0258242655	-0.1436243116	0.0580686175	-0.0119468738	0.0207978454	0.1458212248	-0.1010563557	-0.022624591	-0.0027469806	-0.0213063065	0.0448794555	-0.1414390851	-0.0394227969	-0.0295068561	-0.0463738834	-0.0274546416	0.029274108	0.0212552582	0.0097591778	0.0019635757	0.0529720891	-0.1163499113	0.0874117037	-0.0308013053	-0.0704435223	0.0587808529	-0.0352266134	-0.0514582118	0.0250400416	0.0082887755	-0.0354883648	0.0412004965	-0.0641247984	-0.0881113732	-0.0032036304	-0.0753523847	0.0500848484	-0.0042216261	-0.0560916125	-0.0633024372	0.0185347475	0.0598597571	-0.1006515678	0.04817887	0.0777844842	0.0665549058	0.0490241061	0.0268518493	0.0021373389	-0.0227795284	-0.0455396975	-0.0639883028	0.0293021305034812	0.010091334006006	0.000858614852043	0.0001018350220207	-0.0467944571089731	-0.0308021913505599	0.0009487749919965	0.0021897212161235	-0.0377867952195174	0.0409663757874625	0.0016782439451595	0.0014278418929617	-0.001381936265083	-0.0005020053639358	2.520093854203152e-07	1.909747840751552e-06	0.0025182657201088	1.341431622849977e-05	6.341662237075092e-06	1.799438798781923e-10	0.0003442409370668	1.1382436399000049e-06	1.2955985837728114e-12	1.1850182275262857e-07	0.0	0.0	0.0	0.0
1766.041768622268	-2.566421282009287	6.586518196750193	3118903.528518468	2444.255733066135	-10.85002390543741	117.72301874856328	5974386.088626668	1959.1010607397573	-1.5457087823795064	3838076.966191642	2.389215639925136	2081.972011901484	1493.3277742841603	0.989132	30.815283	0.0711263444601242	0.0329439901749702	0.0146683256	0.1378113297	0.044726949	0.0926450923	-0.0900894611	-0.0347243355	-0.0387605304	-0.0558989358	-0.0411812675	0.0793416074	0.0368696695	-0.008182287	-0.0439310695	-0.0076925759	-0.0382181546	-0.095262429	-0.0353961003	-0.0648252624	-0.0042878782	-0.0805613519	-0.1265268579	0.0905570595	-0.0258957254	0.0321251538	0.0086109236	-0.005844765	-0.1339899327	-0.0463022793	0.076357016	-0.0106811219	0.0327507115	0.0649915236	-0.0699819004	0.0957445668	0.0486409567	0.1280813273	0.034142715	0.0211893928	0.092597284	0.0154471119	0.0225062069	-0.0092408139	-0.0481312293	0.064208622	0.0049437423	0.031536546	-0.0249053711	0.0358569267	0.0395068806	-0.0619467057	-0.1306292686	-0.0931883057	0.0452343045	0.0076525152	-0.0010581512	-0.0223193317	0.0188227235	-0.0223494172	-0.0443062011	-0.0198574193	0.0112490107	-0.1314679686	-0.034561683	-0.0558614967	0.0607718893	0.060790016	0.0625166814	0.1261702736	-0.1296087488	-0.007534101	0.0189277838	0.007887343	0.0218986378	0.0717820506	0.1276348352	0.0315774703	-0.0636801659	0.0617151012	0.0144348731	0.0285321341	0.0799142556	-0.1303809389	0.0635887587	0.0491803087	-0.0177405827	0.1085054797	0.0123379848	0.0112162815	0.0023733223	-0.0295284342	-0.0112482147	0.0300212937	-0.0149922883	-0.0382512563	-0.0290094442	-0.0333219003	0.1286211174	-0.0449142372	-0.0009716911	-0.0171425498	0.0283268035	0.0131061658	0.064422689	0.1133599153	-0.0067316639	-0.0394914087	0.0754587793	-0.0149283306	0.0898401987	0.0667625482	0.0619531612	-0.1425646313	-0.0039253922	-0.0891527767	0.0518895684	0.0468774383	0.0466152251	-0.0471791107	0.0760729249	0.0441387577	-0.0313026519	-0.0659914022	0.0565633281	0.0156671524	-0.0488713681	-0.0211235353	0.0282011805	-0.1409658755	0.1102581932	-0.0700377724	-0.0532549589	0.0289279032	0.1152253232	0.0493697062	-0.0237215708	-0.0151436407	0.0048722074	0.0517880006	-0.0723826389	-0.059889247	0.0115213237	-0.0419357798	0.0661321523	-0.0006862805	-0.0496344583	-0.0643729235	-0.0149836727	0.0171176262	-0.0599130462	-0.0299028247	0.0775202656	0.0655497724	0.0469489822	0.0235993474	-0.0021373389	-0.0276578354	-0.0503807682	-0.0680077345	0.034668343096456	0.0053662125929748	0.0012018940130535	2.8796237593001324e-05	-0.027182794879053	0.0196116622299201	0.0003846172954204	0.0007389043374366	-0.026593124434548	0.0111936707849694	0.0001252982656422	0.0007071942671913	-0.0018322103108675	-0.0004502740457844	2.0274671630714202e-07	3.3569946232491813e-06	0.0024919866853916	-2.6279034717199747e-05	6.209997640169013e-06	6.905876656677896e-10	0.0005667838336103	0.0002225428965434	4.952534080197093e-08	3.212439140419882e-07	0.0	0.0	0.0	0.0
1765.813074582906	-0.2286940393619261	0.0523009636396742	3118095.8143679355	2449.081562748662	4.825829682527001	23.288632124758653	5998000.500995427	1962.9773440917209	3.876283351963593	3853280.053417386	15.02557262471011	2092.832924944925	1487.0566717544489	1.018267	31.722958	0.0566580844962033	0.0305255546476423	-0.0246383053	0.1495852578	-0.0480428681	-0.0034687244	0.0038046672	-0.0109660135	-0.0214959163	0.0200282012	-0.0080068544	-0.0417384741	-0.0313249082	-0.0089861711	0.0130748705	0.0213706578	-0.0230721753	-0.0766676624	-0.0623734277	0.0012583051	-0.0117145918	-0.0380671202	-0.1207048724	0.1325692411	-0.0185602903	0.0157754324	-0.0597292755	-0.0246626802	0.0176191521	0.0153858886	-0.0152881323	0.070056901	-0.0167739084	-0.0290907589	-0.0246290073	0.0405854129	-0.0356160714	-0.0517175905	-0.0832304304	-0.0392449065	0.0268999488	-0.0607129957	-0.0352333752	0.0065369983	-0.0005255331	0.1198713303	0.0333186372	-0.0138453223	-0.039372235	0.0565843164	0.0660388715	-0.0145670564	0.022592524	0.0625911074	-0.0274796055	-0.0342570467	-0.0126676858	-0.0810094165	0.0760673748	-0.0140390711	0.0285137331	0.0627284931	-0.0170247353	0.1035787423	0.0108962466	0.0644390806	-0.0527397418	0.0523482441	0.1339767681	0.0077934345	-0.0650288827	0.0527307745	-0.0593681897	-0.0019599414	-0.0369431009	-0.0444186595	0.0846149444	0.0950336574	-0.1136394927	0.0398821491	0.0673832972	0.005568955	-0.0352692079	-0.0328042407	0.0008897035	-0.0845268545	-0.073413452	-0.0445339663	0.0123051011	-0.0275475169	0.0502596332	0.0231741575	0.0517634922	-0.0896725372	0.0398523213	-0.0247253169	-0.0592295657	-0.0231676982	0.0179974593	0.0100885431	0.0470874962	0.0220372959	-0.0498230567	0.0231395589	0.0306849113	0.0266143813	0.0056485271	0.0528206251	-0.0565319873	-0.0756141627	-0.0242940545	-0.0371095639	-0.0483463493	0.0590818941	-0.0805618874	0.0046717626	-0.0588678191	0.0019600487	0.1082108256	-0.0350440243	-0.0550099552	-0.0200853058	0.0348111655	-0.1059829957	-0.0013497554	0.1023570964	0.0408672916	0.0577866466	0.0603406308	-0.1147496762	0.0813677311	-0.0357151534	0.0496051309	0.0811999768	-8.9864e-05	0.0370087502	-0.0215865382	-0.0205083564	-0.0162594629	0.1030255534	-0.0424353053	-0.0436203571	0.0004251287	-0.0270363463	0.0710069017	-0.024848779	-0.0146610327	-0.0543657222	-0.0181513759	0.0095483836	-0.037744301	-0.029802991	0.0772475461	0.0645158866	0.0448275254	0.0203054443	-0.0064061583	-0.0324269895	-0.0549512416	-0.0715501408	0.0504904767915661	0.01582213369511	0.0025492882466396	0.0002503399146659	-0.0270961321049441	8.666277410889975e-05	7.510436416250184e-09	0.0007342003750485	-0.0189931108280987	0.0076000136064493	5.7760206818214494e-05	0.0003607382589284	-0.001833073819569	-8.635087015000133e-07	7.45647277566239e-13	3.360159627989283e-06	0.0022251223636859	-0.0002668643217057	4.951169533375126e-06	7.121656619944343e-08	0.0009620414916138	0.0003952576580035	1.5622861621041174e-07	9.255238315865052e-07	0.0	0.0	0.0	0.0
1769.2580488557826	3.444974272876607	11.867847740781706	3130274.0434409706	2446.6598490962274	-2.4217136524343914	5.86469701438712	5986144.417179574	1963.688438593507	0.7110945017861923	3856072.2838658057	0.505655390470553	2093.679894934539	1501.4433458531853	0.94064	29.304577	0.0845878172160253	0.0435265809728436	-0.0358368664	0.1266706743	-0.0212893549	0.0362655785	0.0325633777	0.0240336258	-0.0172466733	0.025503283	0.0303729587	-0.0602118399	-0.0471833806	-0.0364468281	0.0080826528	-0.0484508247	-0.0831786145	-0.0429849804	-0.0029292178	-0.0649793038	0.0163202337	-0.0643291531	-0.0408549526	0.0701106786	-0.0289969186	-0.027133496	-0.0991527838	-0.0921296194	0.024490806	0.0022510202	0.1057221937	0.0758996176	-0.0531822655	-0.0044552253	0.025892166	0.0775443193	0.0043384489	-0.0388278628	0.0801655086	0.0279205255	-0.0488857129	0.0216503828	-0.0813718196	0.0258905722	0.0108345342	0.0449188355	-0.0743324246	0.0314236263	-0.030422307	0.0477523249	0.0869184678	0.0218297724	0.0517180497	0.0240970474	0.0560208307	0.0345138977	-0.0616263308	0.0171899616	0.0098700698	0.0340661813	-0.0023920621	-0.0670341154	0.0591557525	0.0360958109	-0.0842210964	-0.0603968364	0.0592836927	0.0591572173	-0.0506637011	0.0383627605	0.0360295457	-0.0438526165	-0.0351565126	0.011210021	-0.0386334787	-0.1167118594	0.067591717	0.0091492569	-0.0854844964	0.0444873116	0.0296733933	0.0284477773	0.0166553862	-0.010861324	-0.0487280358	0.0284233526	-0.076169549	0.0742541167	0.0618615255	-0.0852916099	0.1078512299	0.0008210469	-0.0512048274	0.0105314789	-0.0682655188	0.0379070922	0.0127066157	-0.0215476951	-0.0176302103	-0.0737375977	0.0621183685	0.0431698509	-0.0415338343	-0.0260270455	-0.0280188262	0.0966714089	0.0401475674	0.002076169	-0.075491899	0.0170565933	-0.0448026267	-0.0577051176	0.0244521539	0.0164915304	-0.0127011741	0.0420266354	-0.0505623733	-0.0761836479	0.0530916711	0.0220121891	-0.0106047952	0.1564820513	0.04144653	0.030776241	0.045690636	-0.0239354691	0.0934842813	0.0654860087	0.0621678115	-0.1137617325	0.0956345761	-0.0379906583	-0.0047724012	0.0162341995	-0.0556781547	-0.0168773984	0.0399876374	0.007884619	-0.0157590095	0.0823660017	-0.0881436651	-0.0348516153	-0.0592579418	-0.0078643857	0.0560234602	-0.0305334305	0.0072812655	-0.0590992766	-0.0739743672	0.028222688	1.03479e-05	0.0834090023	0.0769663555	0.063453702	0.0426618292	0.0169759185	-0.010657419	-0.0370681691	-0.0592265694	-0.0745906743	0.0371392204548044	-0.0133512563367616	0.0013793216959905	0.0001782560457699	-0.0275282631785103	-0.0004321310735662	1.8673726474147704e-07	0.0007578052736253	-0.0472893747636362	-0.0282962639355374	0.0008006785527096	0.0022362849655356	-0.0014392858932772	0.0003937879262918	1.5506893089319614e-07	2.0715438825867475e-06	0.0019109124671423	-0.0003142098965435	3.651586457079872e-06	9.87278590859398e-08	0.000819875997046	-0.0001421654945678	2.0211027845707172e-08	6.721966505321726e-07	0.0	0.0	0.0	0.0
1766.1307848369768	-3.1272640188058176	9.779780243317513	3119217.949148876	2466.862752278646	20.202903182418595	408.1572969981794	6085411.838579777	1958.383096318223	-5.305342275284147	3835264.35194495	28.14665665791717	2089.954855763673	1497.1947488090173	1.029178	32.062885	0.1324164404098718	0.0789710958354674	-0.0630794499	0.1104310283	0.0213641185	0.0561146606	-0.050335541	-0.0376692372	-0.0549952454	-0.1051791521	0.1095427139	-0.074941704	0.0122124345	-0.0487446769	-0.0649222549	0.0001062608	-0.0484205908	0.0050075209	0.0825356572	-0.0850169899	0.0365566321	-0.0770969425	-0.093754749	0.06670462	0.0022042172	0.0844749883	-0.0542989522	-0.124452731	-0.0590876196	0.0319493519	-0.0214867343	0.139797199	0.0179852485	-0.0311095399	-0.0074175324	0.0379548241	-0.0033021911	-0.072781035	0.0384809565	-0.0683314888	-0.0298009772	0.0531449792	-0.0752086468	0.0075875228	0.1472060067	0.0293525242	0.0127443575	0.0736632917	0.1396905446	-0.0531107713	-0.0576832546	0.0216596896	-0.0395638581	-0.0848710483	-0.015782693	0.056488176	-0.1284481994	-0.0747979083	-0.0800848687	-0.0861396057	-0.0029042515	0.0767937857	-0.0057346736	0.1244140557	0.0184312157	0.0167924697	-0.0034624258	0.0283859779	-0.0510275137	0.05614953	0.0176316253	-0.0129228645	0.0354705455	-0.033699999	0.0276109135	-0.0505579819	0.1465990688	0.0474785341	-0.0233274224	-0.0544516905	0.0717409271	-0.0126140379	-0.03887966	-0.1775268764	-0.0267439197	-0.0566555099	-0.0694489685	0.0662235293	-0.0241896948	-0.1034301974	0.1054951321	0.1062623968	-0.0049878061	-0.0093352533	-0.0894022369	-0.0055691073	-0.015064282	-0.0319277168	0.0375658753	0.0427356288	-0.0490193624	-0.0038177964	-0.0275807331	0.0569290508	0.010040711	-0.0543435597	-0.1044083131	0.0270910079	-0.1086296865	0.0833719313	0.0466417669	0.0544170283	-0.0971178458	-0.0137833713	0.0526829736	0.0271113103	-0.0900978727	-0.0616067147	0.1030536337	-0.0992151318	0.0389667384	-0.0191926417	-0.0529944475	0.0578988893	0.031066395	-0.0428912566	-0.0299394395	0.1277968691	0.0725122321	-0.1095472023	0.0522829168	-0.0517812998	-0.0951478283	0.0706138107	0.0631202027	-0.0324253829	-0.0295971745	-0.0837625275	-0.0514130817	0.0619017626	-0.0993593435	-0.0845552038	0.0225437428	-0.0656455423	0.0487845017	0.017773115	-0.0059362825	-0.0006640534	0.0107594608	-0.0753316983	-0.0863685685	0.0150683244	0.0766767246	0.0623636846	0.0404540309	0.0136166111	-0.0148794683	-0.0415630576	-0.0631837885	-0.0771080077	0.0514444648359244	0.0143052443811199	0.0026465329622546	0.0002046400168035	-0.0386902714963497	-0.0111620083178394	0.0001245904296875	0.0014969371084612	0.0205286696764162	0.0678180444400524	0.0045992871516729	0.0004214262786834	-0.0020507246506997	-0.0006114387574225	3.73857354078371e-07	4.205471592987408e-06	0.0019872598798398	7.634741269749992e-05	3.949201830020896e-06	5.828927425602372e-09	0.0007250393017488	-9.483669529719995e-05	8.99399877489395e-09	5.256819890803874e-07	0.0	0.0	0.0	0.0
1762.3970006321042	-3.7337842048725634	13.94114448855584	3106043.1878370373	2453.6784436261214	-13.184308652524578	173.82599464503446	6020537.904715505	1957.7969477106217	-0.586148607601217	3832968.888465027	0.3435701901928454	2087.1600304612707	1486.1998608977394	1.108207	34.524944	0.1226747623208259	0.0707158927902063	-0.0004689629	0.1285726676	0.0267633741	0.11940904	0.0507508732	0.0008814586	-0.0589043378	0.0335139768	-0.0783607098	-0.0140856371	-0.0187489397	-0.0732938078	0.0323957137	-0.0290396622	-0.0680774544	-0.080809142	0.0678048056	-0.0657386693	-0.0520842234	-0.040101516	-0.107634779	0.0382397115	-0.0451265593	-0.0538061494	-0.0277378271	-0.0568280124	0.0062558636	-0.0233796029	0.042080959	0.0489354346	0.00157518	0.1940060288	0.013410454	0.0305756087	-0.0687434952	0.1079274399	0.114180703	0.010703129	-0.0640742397	-0.0205423123	0.0396818378	0.0516692629	-0.0050148349	0.0155473897	-0.0480318381	0.0463464136	-0.0549868428	0.0601963722	-0.0336039519	-0.0792843578	0.0309232228	-0.0435492151	-0.0419784258	-0.0238652799	-0.0156749141	-0.0792420546	0.0274014543	-0.0078966023	0.0428409113	-0.0317395162	-0.0240953561	-0.0374062866	0.0256327314	0.0486852515	0.0154773826	-0.0290871623	-0.0243503562	0.0244783323	0.0538261694	-0.002466202	0.0132312161	0.0078376888	-0.0623665614	-0.0043996349	0.0588367902	0.0259853121	-0.0734959807	0.0767306362	0.0340808358	0.0666962649	0.0320188077	0.0344683998	0.0400365647	-0.0354244438	-0.1051555754	0.1964488245	0.0908694021	-0.0240539808	0.030689837	0.0026430849	0.0229415718	-0.0487030826	-0.0457666	-0.0207193307	0.00807361	-0.0832000238	-0.049807737	-0.0096066124	-0.0322773669	0.0687724376	-0.0076809213	-0.0789751603	0.0024154424	0.0692013807	0.0433456167	0.0481456637	-0.0782960655	0.0164907929	-0.0129063737	0.0847815762	0.0733240188	-0.0150904093	-0.0085713272	-0.0139687345	0.0258535572	0.0320399286	-0.0111649103	0.0530123771	-0.0428086325	-0.0028278552	0.0712837728	-0.1023560941	-0.130510837	-0.0491476553	0.0032925761	-0.0339276236	0.0484679577	-0.1254162661	0.1026351166	-0.0123312328	0.066361324	0.0308634355	0.0425052319	0.0852433169	0.0140263961	0.0060384511	0.0759866161	0.1423500032	-0.0951907401	-0.0428241645	-0.0111214048	0.0389639212	0.019410612	0.0409042884	0.0144060611	-0.0493315602	-0.0863352548	0.014510002	0.040251546	-0.0445229288	0.0763786853	0.0612463124	0.0382063093	0.0102334157	-0.0190607341	-0.0458939156	-0.0668016447	-0.0790844839	0.0547987030235788	0.0033542381876544	0.0030028978530663	1.1250913819519084e-05	-0.0205382949356192	0.0181519765607305	0.0003294942530613	0.0004218215588624	-0.0375019521798449	-0.0580306218562611	0.0033675530730243	0.0014063964172993	-0.0023001138805264	-0.0002493892298266	6.21949879535545e-08	5.290523863390214e-06	0.0014765503802436	-0.0005107094995962	2.1802010253975195e-06	2.6082419297780095e-07	0.0008276990866495	0.0001026597849006	1.0539031435857981e-08	6.850857780404165e-07	0.0	0.0	0.0	0.0
1764.496487527676	2.099486895571772	4.4078452246775965	3113447.854497506	2451.468527899848	-2.209915726273266	4.883727517229897	6009697.943283449	1961.0300106920683	3.2330629814466647	3845638.7028349335	10.452696242000796	2088.0055238144414	1487.831727154487	1.143069	35.611004	0.1651080804767771	0.0853353727218776	-0.0831710719	0.0722552554	-0.0206131989	-0.018756755	0.0007932313	-0.0097757634	-0.0122679534	0.0272386947	0.0334849354	-0.0526379916	0.0184727079	-0.0316374783	-0.002479004	0.0013979673	-0.1270577135	0.0688646207	-0.0820945326	0.0031957516	0.0709034622	-0.0562469956	-0.0817214907	0.0548612745	-0.0275721948	-0.0376981476	-0.118394799	-0.0401902757	0.0246181299	-0.0033587315	-0.0049580053	-0.0428323724	-0.0944587829	-0.0015083539	-0.0127468384	0.0294183996	0.0290036211	-0.0296205668	-0.0198203406	-0.0125668157	-0.0047347093	0.0623329486	0.004899624	-0.1410873526	-0.0192306188	-0.0357027166	0.0047775728	-0.0776781986	-0.0531945914	-0.0781398899	-0.0208492111	0.0372865485	0.0412276989	-0.0615137512	0.0607540943	0.0100101932	0.0789613284	0.0369873172	-0.1235207669	-0.0793483017	0.0234704663	-0.0883634538	-0.0029938388	-0.0942209863	-0.0467484666	-0.0137101134	-0.1110393055	0.0696107448	-0.0221292687	-0.1125891841	0.0821477404	0.0187088851	0.0196262111	-0.0011692014	-0.0222484958	-0.0785448138	0.098929047	0.0268667694	-0.0121179242	0.0860921934	0.029390468	0.0175818923	0.0025141433	0.0069128844	-0.0364518883	0.037553373	-0.0047369067	0.0079080286	-0.0195107823	-0.0192009055	0.0647121525	0.0016070439	0.0989094264	-0.0097451461	-0.0062207492	0.0881735932	-0.0118846203	-0.0394202472	-0.1124390417	-0.0945797805	0.0338940351	-0.0864748479	0.0724575307	-0.0624684092	-0.0242748645	-0.0438017783	0.0186599564	-0.0739079799	0.0565694631	0.0012916842	0.0563160658	-0.0340989657	0.0420548112	-0.0520183291	-0.0669210063	-0.0036328611	-0.117575191	-0.0795123025	-0.0276296598	-0.0066341875	0.038193852	0.0677429288	-0.0430977788	0.0447986404	0.0527944546	0.0908124286	0.0612106477	-0.0301080415	0.0656981973	-0.0795306036	0.0647575387	0.125475175	-0.0125891057	0.0844228225	-0.027228802	-0.1088915708	0.0471199115	-0.0233132054	0.1211140723	-0.0365973764	-0.046849276	-0.1284129337	-0.0622592972	0.1367556919	0.0098012334	-0.001861921	-0.012951658	0.0664682186	0.0187055817	0.041990591	0.0353555692	0.0282809496	0.0760722702	0.0601020755	0.0359208828	0.0068322673	-0.0231897558	-0.0500436514	-0.0700607062	-0.0805062393	-0.0025858237181211	-0.0573845267416999	6.686484301197631e-06	0.0032929839093688	-0.0620187082881358	-0.0414804133525166	0.0017206246918956	0.0038463201777288	-0.0247490543274793	0.0127528978523656	0.0001626364036328	0.0006125156901045	-0.0023418939825939	-4.178010206750023e-05	1.7455769287707367e-09	5.484467425709519e-06	0.0015331712344335	5.662085418990008e-05	2.3506140340943424e-06	3.205921129193926e-09	-0.000143704807697	-0.0009714038943465	9.43625525951546e-07	2.065107175523175e-08	0.0	0.0	0.0	0.0
1765.2395437872458	0.743056259569812	0.5521326048858799	3116070.6469502035	2430.9805320457176	-20.48799585413053	419.75797411886987	5909666.34718528	1959.5414951733817	-1.488515518686654	3839802.871306332	2.215678449370999	2076.7710852295136	1426.380306108863	1.270695	39.587055	0.1155002511522538	0.0562782096130737	0.0249673992	-0.0536589967	0.0290759074	0.1393262127	-0.0493365374	-0.0567158752	0.0421234196	-0.0262978753	-0.0430029448	0.0752305842	0.1020327902	0.0442162735	-0.0682069246	-0.0230436909	-0.0053658585	-0.0206832329	-0.0373635752	0.0853652524	0.0224994905	-0.042279109	-0.0281321302	0.0247484865	0.0401630707	-0.008899176	0.0411162554	0.1075337518	-0.0418364566	-0.0297226359	-0.0170448744	0.0058661882	-0.022903131	0.0573348596	-0.0036434449	-0.0667269567	0.0063549429	0.0626451518	-0.0664823583	0.0457234874	0.0099206169	-0.0260817118	0.0062676471	-0.0717393411	0.0744432876	-0.1018729047	-0.0024506712	0.0036992284	0.0696927293	0.0209755475	-0.1170058861	0.026822013	-0.025220531	0.026412655	0.007157961	0.0285849805	0.0362085702	-0.0011139675	-0.1187741576	-0.0039203492	0.0251815632	-0.0231743717	0.0521389759	0.0121187569	0.0296982126	-0.0307619523	0.0359087196	0.0604792693	-0.0433049484	-0.0745430891	-0.01348537	0.0302896108	0.0829614015	-0.0250708732	0.0576239312	0.099997242	0.0271773005	0.0018046554	0.0056631638	0.0250462742	-0.0916416525	0.0170463766	0.0375994994	-0.0212684003	-0.003512306	0.017023436	0.0794012991	0.0398259594	-0.0288430463	0.0038601059	0.016253383	0.0200642582	-0.0190903104	-0.0106474496	-0.0234463093	0.0610475759	-0.0285445101	-0.0373455952	-0.0155295238	-0.0255284273	-0.1078958127	-0.0333029241	0.0525725503	-0.033297558	0.0361454558	-0.0478652637	-0.018342267	0.0249682574	0.0126484049	-0.0357851615	0.0245867809	-0.0162805795	0.0471361629	0.0205632205	0.0430039721	0.0922143241	0.0698909215	0.0299655566	0.0196819984	-0.0803847097	0.0743433068	0.0056102373	-0.0683101252	0.0755305245	0.0189251456	-0.069754458	0.0295979825	0.0595878083	-0.0509110407	0.0014301638	0.0183609615	0.0576778091	-0.0717776227	0.1344120314	0.1691350571	-0.0243435714	-0.037267965	0.0115122688	0.1230770261	-0.0030562995	-0.0458850393	-0.0167858045	0.0573701477	0.043001484	0.0386780061	0.0101417962	-0.0573121468	0.0344908944	0.0149884481	-0.0102709168	-0.0437437182	-0.0047103345	0.0757575129	0.0589314758	0.0336000067	0.0034191328	-0.0272552159	-0.0539958877	-0.0729434684	-0.0813633012	-0.028331869063038	-0.0257460453449169	0.0008026948046051	0.0006628588509025	-0.031635515875493	0.0303831924126427	0.0009231383811836	0.0010008058647085	-0.0051440118930301	0.0196050424344492	0.0003843576888565	2.6460858355635112e-05	-0.0025460019060778	-0.0002041079234838	4.166004442890951e-08	6.482125705751791e-06	0.0014798723393405	-5.3298895092999954e-05	2.1900221407451243e-06	2.840772218134614e-09	-0.000681617408325	-0.000537912600628	2.893499659143782e-07	4.646022913316898e-07	0.0	0.0	0.0	0.0
1763.399883309345	-1.8396604779009067	3.3843506739505926	3109579.148455411	2438.023039358633	7.042507312915404	49.59690925246695	5943956.340443507	1961.699821507764	2.158326334382309	3848266.189703593	4.658372565688175	2084.0970703868684	1458.958972770556	1.26124	39.292511	0.1479456554160043	0.0695573681211089	-0.0104515209	-0.0467053396	-0.0428618439	-0.088441218	0.1167821164	-0.0190578469	0.0592324244	0.0861770204	0.0087391724	-0.0827669564	0.0179227544	-0.0383962106	0.1154590336	0.0609554723	0.0357357876	-0.0903941769	0.0206665093	0.1022741268	0.0248763899	-0.0295974595	0.0195205288	0.0339362202	0.0249150498	0.0053041339	0.0104054893	0.0158986322	0.0181045585	0.0747247607	-0.0349979536	0.0542693683	0.0484240926	-0.0124490616	-0.0075395521	0.002472341	-0.0294412648	0.0168761094	-0.1093828487	0.043397145	-0.0350322337	-0.0139236213	0.0094787269	0.0369203316	0.0498431801	-0.0566746812	0.0941590387	-0.0145032108	-0.0425681862	-0.009524332	-0.0511312266	0.1732863738	0.0880432662	-0.0252913637	0.0044154693	-0.0013763183	-0.0415482175	-0.0337887726	0.0121181203	-0.0243156625	0.0186276992	-0.0410011687	-0.0845499649	0.0842918538	0.0811213429	0.0524718929	0.0574318448	-0.0216325246	-0.0747555457	-0.0101852667	0.0216467425	0.006315561	-0.0598274971	0.1239727951	0.0162850172	-0.0461016392	-0.0409649765	-0.0213773365	-0.0090689101	0.0412415139	-0.0641238935	-0.0026240789	0.0184922941	0.0012518517	0.0344455222	-0.1382177062	-0.0049371211	-0.0348342992	0.0628076978	-0.0360755169	-0.0300432476	0.1046467565	-0.0348375104	0.0030431772	-0.0695027776	0.0539655601	0.005113962	0.0369416169	-0.032787935	0.0039053867	-0.0060184907	-0.0069557382	0.0265225924	-0.0878620072	0.0147539638	-0.1212409748	-0.0242709661	-0.071105719	-0.059884894	0.0640998071	0.0504690916	-0.0268396538	-0.0910367777	0.0028333779	0.002232613	0.0054735403	0.0301110388	0.0074993315	0.0208484206	0.026829561	0.0001632988	-0.1170124872	-0.0049686218	0.0183910501	0.0607828151	0.0762167704	-0.105215317	0.0619270889	-0.0103170442	0.0470168666	0.0139898695	0.1948319125	0.1143641208	0.1560252339	-0.0122552018	-0.0203013361	0.0025280303	-0.1152695304	0.2265846557	-0.1069444726	0.1120213854	-0.1133449247	-0.0312964438	0.1206172666	0.0376003789	0.0795291005	-0.033903753	0.0891058404	0.0073209315	0.0088327205	0.0132926123	-0.1211047695	0.0754344479	0.0577350269	0.0312459714	0.0	-0.0312459714	-0.0577350269	-0.0754344479	-0.0816496581	-0.0715773836786723	-0.0432455146156342	0.0051233218542838	0.001870174534371	-0.0196390232820249	0.0119964925934681	0.0001439158345451	0.0003856912354719	0.0055940485812868	0.0107380604743168	0.00011530594275	3.129337952979686e-05	-0.0022839551306546	0.0002620467754232	6.866851250969712e-08	5.21645103884347e-06	0.0008010778074805	-0.00067879453186	6.41725653637765e-07	4.607620164830367e-07	-0.0013800878556935	-0.0006984704473684	4.878609658471524e-07	1.9046424894326829e-06	0.0	0.0	0.0	0.0
1763.0455196602898	-0.3543636490551307	0.1255735957716678	3108329.504394221	2452.916717246727	14.893677888093862	221.82164103429605	6016800.421748459	1967.2690108849508	5.569189377186831	3870147.361188253	31.01587031897064	2093.8075647578225	1443.3874758207692	1.195327	37.23904	0.173392894674225	0.0987335575762569	0.0024423576	-0.0529540408	-0.0146232306	-0.0824170766	-0.0176458986	-0.0487796582	-0.003614947	0.0201615084	0.0695741102	-0.0976707536	-0.0010957712	-0.0305146276	-0.0318168158	-0.1022580484	0.0064041483	0.053302413	0.0143054234	0.0145087255	-0.0171882522	0.0496813152	0.0819987285	0.0047629788	-0.0061181427	-0.0529555999	-0.0345454403	-0.1246454109	0.0073079473	0.0464981677	-0.021472626	-0.028227623	0.0219219653	0.0443087289	-0.0291173486	0.0241604061	0.0789400545	-0.0093614825	0.0322728975	-0.038284517	-0.0663657209	0.0678713458	0.0109118	0.0077537764	0.0679334661	-0.0859540032	0.0307533082	0.0328493211	-0.0078483137	0.0367387788	0.0176071305	-0.0932816431	0.0905162143	0.012493972	-0.0462913566	0.1163359869	0.0023528086	0.0628363393	-0.0354048183	0.0853589404	0.0282921197	-0.035959552	-0.0439578599	-0.0233290518	-0.0819550248	0.0330610635	0.0506269369	-0.0153105287	0.0445377992	0.0857469454	0.0111579302	0.0169992327	0.0199648494	0.0084533741	-0.0331321007	-0.0975670467	-0.0472363797	-0.0107033419	0.0386233	-0.0564763707	0.0280383277	0.0631648942	-0.025358989	0.0327375861	0.019092575	0.0252873184	-0.0267159463	0.0254202538	-0.0524695959	-0.0222016884	0.1274393364	0.0257549316	0.0554342951	0.0718389261	-0.0225072969	0.0129269112	-0.0049427641	-0.0155375178	0.0052482182	-0.0115519417	0.0848265622	0.0737135637	0.057055653	-0.0246770613	-0.0121272532	-0.0461929555	0.0327735162	0.0803561481	0.0036028811	-0.0105074826	0.0918692834	0.0074899518	-0.0053596251	-0.0122340117	0.0682598397	-0.0103643067	0.04412326	-0.0876371938	0.0193214921	0.0330658367	-0.0742811187	0.0776515375	0.0431465681	0.0173236369	0.0293939827	-0.1250072322	-0.0087896352	-0.0319922216	-0.0171053831	-0.0024058038	-0.0214122631	-0.0508762492	0.0123983417	0.1007007625	-0.0068108995	-0.0812621978	0.0566927762	-0.1181637357	-0.0233229808	-0.0647159241	-0.0410906154	0.0624121606	0.0983112068	0.0060930658	0.0531178571	0.0581622886	-0.0392944228	-0.0985295635	0.1204914012	0.0029565067	-0.0483056322	0.0526466974	0.0751031108	0.0565132535	0.0288611001	-0.0034191328	-0.0351510839	-0.0612463124	-0.0775202656	-0.0813633012	-0.0054212643679676	0.0661561193107047	2.9390107347395145e-05	0.0043766321222521	-0.020043194961417	-0.000404171679392	1.633547464226304e-07	0.0004017296642613	0.00586763134892	0.0002735827676332	7.484753074584182e-08	3.4429097646828745e-05	-0.0020158915012791	0.0002680636293754	7.185810939396538e-08	4.063818544929303e-06	0.001438157119076	0.0006370793115955	2.06829589914898e-06	4.058700492629962e-07	-0.0001540503783346	0.0012260374773589	1.503167895888575e-06	2.37315190650334e-08	0.0	0.0	0.0	0.0
1759.0900211456687	-3.955498514621013	15.645968499169038	3094397.702494269	2436.20955629702	-16.70716094970703	279.12922699941555	5935117.002192922	1956.4594259543885	-10.809584930562323	3827733.4854057753	116.84712637104006	2079.4071673865524	1463.6279914400218	1.348122	41.999203	0.4883055597003685	0.260924663795361	-0.1926375102	-0.0697851962	-0.0126030285	-0.0529239999	0.0295036704	-0.114540721	0.0844980816	-0.0853235526	0.1576540828	0.0546336933	0.0146741269	-0.0357564652	0.0285027703	-0.0436026581	-0.0411422802	0.0144162123	0.0863736908	0.0284292218	0.083325864	-0.0206446916	0.0854884886	-0.1092308029	-0.0633640862	0.0377768177	0.1184769657	-0.0224405335	0.0382566853	-0.0664659838	0.085382865	0.0048042762	-0.0334253288	0.1113622103	-0.0087319438	-0.0228859189	0.0810653347	-0.1743880434	-0.0293095077	-0.0058652021	-0.0101165445	0.2562275841	0.0006279496	-0.1051294522	0.1703550991	0.0109358025	-0.0555812377	0.0450592808	0.0582007933	0.0393746983	0.0346245832	0.0259108642	0.0463276645	0.0297881903	0.1296435047	-0.1100119627	0.1230014575	-0.043278367	-0.0450118993	0.0155044763	-0.02804636	-0.0174827433	-0.0058567658	0.0003713002	0.0269265511	-0.001681849	0.0674433988	0.0144270415	-0.0243000025	-0.0048705722	0.0641698637	-0.0311253358	0.1025013921	-0.0708940166	0.1496531533	-0.0076918932	-0.0030232363	-0.0714456402	0.0601696624	-0.0805825949	0.0622683382	-0.0086363166	-0.0443005025	0.0188177645	-0.1189094972	-0.0131470061	-0.1240703252	0.0635479705	-0.0712527898	-0.0036492811	0.1374980287	0.09555653	-0.0265655268	0.0201252585	-0.0012870095	-0.0677087286	0.2412583847	0.1037162208	0.0362922248	-0.0038124785	-0.081699804	-0.1047270294	0.0453652832	0.0854981857	-0.1286633675	-0.0619520977	0.0945205341	0.0482989103	0.0378783083	-0.1228225126	-0.0383441306	-0.0911271055	0.0022946085	-0.0420807361	-0.0873922504	0.1329674919	0.0832737427	0.1177487054	-0.1463510386	0.1239442945	0.1565492095	0.0618756297	0.1061211446	-0.042921827	0.0910015203	0.0217799966	0.0146302115	-0.0583924337	0.1899369685	0.0674441074	-0.1329285453	-0.0415741071	-0.0345289486	0.1252427007	0.0544595475	-0.0715287987	0.0129751791	-0.0645273211	0.0098849212	0.0240443849	0.1248163128	-0.0507368305	0.0721393508	0.0809422659	-0.0502764379	-0.0758459993	0.1150938603	0.1954712897	0.0845039735	-0.0969279919	-0.0629666045	0.0117334027	0.0747635377	0.0552666915	0.0264477464	-0.0068322673	-0.0389598496	-0.0645158866	-0.0791897184	-0.0805062393	0.0743901915044915	0.0798114558724591	0.0055339005920749	0.0063698684884814	0.0192034128929208	0.0392466078543378	0.0015402962280721	0.0003687710667359	0.2312919892653866	0.2254243579164666	0.0508161411420512	0.0534959842983397	-0.0011281039257726	0.0008877875755065	7.881667792237095e-07	1.2726184673435518e-06	0.0023249692548306	0.0008868121357545	5.405482035907555e-06	7.864357641216349e-07	0.0009478126715464	0.001101863049881	1.2141021806930589e-06	8.983488603439239e-07	0.0	0.0	0.0	0.0
1764.4730772468868	5.383056101218017	28.97729298886052	3113365.240329098	2416.9265382554795	-19.283018041540345	371.8347847903704	5841533.891323616	1956.578243842948	0.1188178885595334	3828198.4242795543	0.0141176906417457	2075.8272943588004	1472.800934397014	1.133506	35.313103	0.1557450331461646	0.0848639643467489	-0.2455822682	-0.0054148133	-0.0602089778	-0.013171857	-0.0036755265	-0.0546366459	0.167730369	-0.0695243702	0.056902501	0.0754785125	-0.0533339539	-0.119134542	0.0605329028	0.096562863	-0.032680025	0.0274633604	0.0227457074	0.034180494	0.1804313006	0.0836301952	0.0004261537	-0.0819518034	-0.2427324065	0.1143170042	0.03911313	0.0314917467	0.1167979772	0.0657973794	0.1026066272	-0.001070285	-0.1043393021	-0.0107897793	0.0066448397	-0.0228173021	-0.021894681	0.0641838354	-0.0813060502	0.0200416624	-0.0130591139	-0.1610735258	-0.0309956231	-0.011990366	-0.0123160363	-0.0862811382	-0.0444839367	-0.0183308088	0.0084802193	-0.0177223787	0.0678877659	0.1000801693	0.0809540907	0.0110262995	-0.030330793	0.0878030036	0.1072741164	0.011428688	-0.0675009318	-0.0072385903	0.0105086324	0.1630445752	-0.0210198571	0.0708250709	-0.0714442566	0.0048494504	0.0446303	-0.0664140877	0.015377631	0.067353537	-0.0087625213	0.0379717549	-0.0484822097	-0.0174074017	0.195190538	-0.0617883419	-0.0994802611	0.0208390422	0.0876845682	0.0690573359	0.1761750921	-0.0502009079	0.0023574279	0.026155443	-0.0872755666	-0.0305094092	-0.09836902	-0.0689764185	0.0503568889	-0.00744839	-0.0355351608	-0.0785745672	-0.1382080515	0.0256392627	0.0568840176	-0.0219529693	-0.1166509861	0.0208620962	-0.0660310372	0.1320007032	-0.1010008369	-0.1708533074	0.0846020963	-0.1562408991	0.0330988199	-0.048644999	0.0297802671	0.0374716287	0.0913185989	-0.0001149126	0.0677011808	0.0214209382	-0.1116591456	0.1000156796	-0.0539887818	-0.0735461357	-0.0201067755	0.0750256666	0.0774041336	0.0439192067	0.0245256354	-0.0839378493	-0.0939627248	-0.033970501	0.0130528399	-0.0955495817	0.0463410513	-0.1701552656	0.2469402631	0.0315145392	-0.1182963326	-0.1096163124	-0.0429024873	0.0416010402	-0.0411565562	0.0157495298	0.0861511194	-0.0939631802	-0.0362970033	0.0530944469	0.053282636	0.0649277014	0.0721669657	0.0873550026	-0.0573448839	-0.0995365343	0.0180190796	0.1463667268	0.0472550969	-0.0890633232	0.0622183291	0.011781191	0.0744157659	0.0539958877	0.024008292	-0.0102334157	-0.0426618292	-0.0675308461	-0.0804338397	-0.0790844839	0.1340608516253922	0.0596706601209006	0.0179723119385254	0.003560587679264	-0.0203597879650629	-0.0395632008579837	0.0015652468621291	0.0004145209659823	0.2246737376582714	-0.0066182516071152	4.3801254335083074e-05	0.0504782883933377	-0.0011548774542037	-2.6773528431099997e-05	7.168218246509196e-10	1.333741934228019e-06	0.0018741555749151	-0.0004508136799154	3.512459118985349e-06	2.032329739989547e-07	0.0014680838744031	0.0005202712028567	2.706821245219576e-07	2.155270262282417e-06	0.0	0.0	0.0	0.0
1764.5617651196278	0.0886878727410476	0.0078655387713322	3113678.2229220965	2441.3819882428206	24.45544998734113	598.0690340833431	5960346.012516468	1959.9721806883624	3.393936845414373	3841490.949072295	11.518807310661268	2088.5145035786045	1471.5169992402064	1.398984	43.583755	0.3142881804226208	0.2021691761179936	-0.0578535456	0.0451008242	-0.0805165654	-0.025396608	-0.0215976751	0.0201433477	0.0160707304	-0.0869385284	-0.014881515	0.023652344	-0.0652680052	-0.1432843076	-0.011381896	-0.0778010018	0.0143246934	0.126799562	0.0338904837	-0.0422061297	0.0616394107	0.1198624584	-0.0288752298	-0.1481824924	-0.0801015174	0.0511497808	-0.0888338685	0.014946979	0.0102223276	0.0026098126	-0.064918274	0.0079063773	-0.0692537257	-0.0840748416	0.0167070287	0.1357519252	-0.0449420325	-0.0325802623	0.168667186	0.0455840503	0.1099234824	0.0721038574	0.094309879	0.1822819264	-0.1440647861	-0.1338944209	-0.0363734203	-0.0256769731	-0.0374504927	0.1062519797	0.0731396112	0.0230940003	-0.1921935816	0.083994868	0.0918667212	0.0891353148	-0.0106040984	-0.0729357718	-0.0723094055	0.0325765052	-0.0514765773	-0.0372158255	0.0047938569	0.0696897805	-0.0918698912	-0.0786227825	-0.0457698385	0.0079559896	0.0038206165	0.0664786344	-0.0128591973	-0.0551544264	-0.0396806893	0.0271660685	0.0148740375	-0.0759859394	-0.0414812405	0.0039981469	0.1219287593	-0.0186874126	0.1635965968	-0.0677296889	0.0481119544	0.0354586215	-0.0154579737	0.0417757552	0.0588803599	0.0185701265	0.0231124056	0.0193183255	-0.0689435454	-0.0967016581	-0.21762446	0.0096053502	-0.1011820383	0.1353370327	-0.1588361147	0.0336305819	0.0903867917	-0.0088966966	0.1829604506	0.027846734	-0.0877604593	0.1044624957	-0.0132830478	-0.1036715273	-0.0763440003	0.0221331267	0.0419246995	0.0322724346	0.1026714637	-9.85123e-05	0.1276960726	-0.0392799264	0.1060551582	-0.0491032936	0.1069997518	-0.0042850317	0.1267304776	-0.031106616	0.0795113141	0.0976784287	0.0550216383	-0.0231614532	-0.0369766185	-0.0271588617	-0.0790381844	-0.0618631526	0.125404849	-0.0674195192	-0.0172836435	-0.1752306908	-0.0036562588	-0.0762038754	-0.0490830331	-0.0339045753	0.0400214108	-0.0292025909	-0.1021856187	-0.1164553943	0.1354689814	0.1139392709	0.095021274	0.0164415043	0.0162541286	0.0629624928	-0.0376065662	0.0049751688	-0.0836104967	-0.0711310127	0.2201040798	0.1021307566	0.0740598336	0.0527013995	0.0215451443	-0.0136166111	-0.0462468756	-0.0702792922	-0.0812459471	-0.0771080077	0.1563849113443325	0.0223240597189403	0.0244562404961747	0.0004983636423348	-0.0207334369148526	-0.0003736489497897	1.396135376789476e-07	0.0004298754063021	0.0299667134086405	-0.1947070242496309	0.0379108252921463	0.0008980039125155	-0.0001460722665811	0.0010088051876226	1.017687906574269e-06	2.133710706413994e-08	0.0027808965630757	0.0009067409881605	7.73338569452624e-06	8.22179219610461e-07	0.0014902066487051	2.212277430199997e-05	4.894171428172305e-10	2.220715855844885e-06	0.0	0.0	0.0	0.0
1761.0246692227097	-3.537095896918117	12.51104738399498	3101207.885610954	2427.6110139069733	-13.770974335847312	189.63973415856532	5893295.234842443	1962.0828213847444	2.1106406963820064	3849768.997973119	4.4548041492239205	2082.380047644606	1444.0632845954558	1.08872	33.917828	0.1196488081224171	0.0519634181517573	-0.0525752221	0.0247939342	-0.0984300734	0.0296563113	0.0462123802	-0.0246324976	0.0517717346	-0.0395338079	0.0248288127	0.0252097962	0.0066526644	-0.0216643941	0.0142481206	-0.0351273963	0.1013551766	0.0416880269	-0.1031712038	0.0021125655	0.0404381737	0.0404475778	0.0789527038	-0.0990228501	-0.0934005229	-0.0270854088	-0.0418685151	-0.0574734336	0.1239141496	-0.130694933	0.1237762772	0.0638143426	0.1188034224	0.144706694	0.1596742493	-0.0277527929	-0.0382574926	-0.1664861294	-0.1079459625	0.0143068228	0.0487186141	-0.1937079776	-0.0555983408	-0.0331726135	0.0081502689	0.022469515	0.0243494108	0.112181523	-0.0416598245	0.0247557238	0.077252783	-0.0104876385	-0.0873600923	-0.0295454569	0.0516178391	-0.0613825423	-0.0580280225	-0.0222547368	0.0937679439	-0.0253031897	-0.0483509251	0.0293892561	0.172058384	-0.0970393468	0.0765495159	-0.0357489745	-0.006326387	-0.0623893273	-0.0077905013	0.1416582138	-0.0388452024	-0.0234929024	0.0052312353	0.0314263625	0.0500949505	-0.0454937094	-0.0191501138	-0.0618141215	0.0372505707	-0.0011799653	0.0462688011	0.0038238273	0.0868154056	0.0079146174	0.0333993041	0.0393694803	-0.0256733732	-0.1245158382	-0.0658632266	0.2206960087	0.1401096471	0.0140606238	-0.1283452328	0.0014329209	-0.0862584951	-0.0814046857	-0.0220181022	0.0291884746	0.0412250236	-0.0312017573	-0.1800958401	0.0390377603	-0.0434605635	-0.071045031	-0.2024265885	0.1523140382	-0.0560554641	-0.0105642366	-0.0306270486	-0.0686113481	-0.1623117391	-0.0026872954	-0.011388591	0.0649451636	0.0570751796	-0.0310312862	0.0426814072	0.0353695541	0.0048018459	0.0843011533	0.0854492353	-0.0130873711	0.0737985127	0.007637181	-0.0735665402	0.0939125091	-0.0765256285	0.0806994762	0.0947266857	-0.0509101849	-0.0183629211	-0.1659437871	0.0056323339	-0.0011119186	0.0058837781	-0.0395741436	-0.0029811363	-0.0223897656	-0.0199898523	-0.0382590339	0.1163156726	0.1496771413	0.0472692286	0.055651751	0.0283613374	0.0250448702	-0.0457149687	-0.011722646	-0.0440315991	-0.0106742545	0.0500697414	0.0706042917	0.0736957799	0.0513837948	0.0190607341	-0.0169759185	-0.0497051625	-0.0727503781	-0.0816216788	-0.0745906743	0.1275159726195056	-0.0288689387248269	0.0162603232730985	0.0008334156230978	0.0007492557299286	0.0214826926447812	0.0004615060832701	5.613841488308392e-07	0.0003101177261015	-0.029656595682539	0.0008795136674775	9.617300404236497e-08	-0.0005330824157196	-0.0003870101491384	1.49776855536204e-07	2.841768619494444e-07	0.0025300663688727	-0.000250830194203	6.401235830900689e-06	6.291578632391474e-08	0.001645177926769	0.0001549712780638	2.4016097024758574e-08	2.7066104107279447e-06	0.0	0.0	0.0	0.0
1756.9431636613244	-4.081505561385256	16.658687647618777	3086849.280336264	2443.895270453559	16.284256546585766	265.17701127502136	5972624.092945275	1958.0753834488603	-4.007437935884127	3834059.207268401	16.05955880996323	2085.1959665164	1477.5136064385945	1.1965	37.2756	0.0928229455143984	0.0506597603025727	0.0086540412	0.0475698427	0.0130796543	-0.084306562	-0.0358944028	-0.085030527	-0.0479881628	-0.0404935238	-0.0528895752	0.0163287697	-0.0152119511	-0.0582224236	0.0118854324	-0.1041329608	0.0470158582	0.0693873384	-0.0138119276	0.008090564	-0.0971828293	0.0157975615	-0.0138387113	-0.1059718255	-0.022176766	0.003021591	-0.0898027726	0.0738356016	-0.0023680932	-0.1341268331	-0.0739218451	0.1574091658	-0.0735082632	-0.093792123	-0.0633077685	0.0307443151	-0.1013542498	-0.0442053757	-0.012058633	0.0601875119	-0.1198340067	-0.0803312648	-0.0783793717	0.0224622643	-0.08713284	0.0548953169	0.0342881574	-0.0154626902	0.0933564556	-0.0088678433	-0.0770044085	-0.231498973	-0.0302132728	0.0807124612	-0.1086983706	-0.0930910849	0.0028318363	-0.0016443904	-0.029106184	0.0285290414	0.0346584861	0.0512601408	-0.0701552002	0.092168924	-0.0135891196	0.0064777776	0.0816228099	-0.1364464572	-0.0065666854	0.1018372843	-0.1212252832	-0.0097569725	0.1433776127	0.0005891907	-0.0647468033	0.0158835562	0.0141713189	-0.0390167746	0.0282846643	-0.0132765277	0.1009396342	-0.0554641495	0.0034045285	0.020878275	0.0215671707	-0.0271864989	0.0856872038	0.0172830248	-0.141732732	0.0819090826	0.0224470532	-0.1027329077	-0.0545880832	-0.2450166515	0.0244656558	-0.1903881365	-0.1209928765	-0.0159691993	0.0075748149	0.1009413263	0.0175808501	-0.0289838916	-0.096430334	0.1276355931	0.0891209461	0.0223252218	0.0943614599	0.0660062868	0.0417573947	0.055214313	-0.1506397386	-0.0624956906	-0.1974133498	0.0569357902	0.1928162576	-0.0686906411	0.1609281888	-0.0497652654	-0.0946918975	-0.0042779102	-0.052275769	0.0240484981	-0.026598619	0.015811859	0.0497740853	-0.0721759785	-0.0327213157	-0.000509837	0.0605856064	-0.0769977723	-0.0080554652	-0.1645640215	0.0825209003	0.0446714789	0.0433721082	-0.0346518534	0.0403970388	0.0077463387	-0.0785062048	-0.1381713992	0.0582867223	0.0897296215	0.1085336518	0.0331155418	-0.0245177604	0.0833989071	-0.0456203787	0.0440806411	-0.0095988968	-0.0960449998	0.0642263524	-0.0113968318	0.0733236445	0.0500436514	0.0165575133	-0.0203054443	-0.0530272111	-0.0749343514	-0.0815590168	-0.0715501408	0.1215486130976586	-0.0059673595218469	0.0147740653459643	3.5609379662977906e-05	0.0013021762120075	0.0005529204820789	3.057210595023633e-07	1.6956628871182016e-06	-0.016824993935721	-0.0171351116618225	0.0002936120516631	0.000283080420937	-0.0013907140378718	-0.0008576316221522	7.35531999315414e-07	1.9340855351336863e-06	0.0026731001776387	0.000143033808766	7.14546455969205e-06	2.0458670450108724e-08	0.0020278635728238	0.0003826856460548	1.464483036963798e-07	4.112230669985708e-06	0.0	0.0	0.0	0.0
1750.3708945741826	-6.572269087141876	43.19472095380071	3063798.268572424	2444.9059674298323	1.010696976273266	1.0215083778479228	5977565.189574004	1957.935654896785	-0.139728552075212	3833512.028716103	0.0195240682650352	2082.278601318572	1467.4686116243886	1.273579	39.676899	0.2080608691348755	0.1191844851317842	-0.0315851362	-0.0767008476	0.1054835033	-0.0349685564	0.0556918383	-0.1468627531	-0.0743235119	-0.0545516415	0.0899618772	0.0839317744	0.1065749743	0.0120639674	0.0388626187	-0.1095398704	0.1221653182	-0.0478637955	0.0421207717	0.0046124776	-0.0518219713	0.0182995376	-0.0156079807	-0.0284826548	0.0152697593	-0.014762355	0.001337967	0.1138736642	0.0815591251	-0.030157482	-0.0814932884	-0.1078115677	-0.1750252242	0.2469722853	-0.0551625724	-0.0313161701	0.0884880398	-0.032558329	0.1439013177	0.0340518678	-0.076835753	-0.0189615279	0.0522213453	0.0042732473	0.033067881	0.2520717785	-0.0933246414	0.0380159622	0.0784276296	-0.0176300678	0.0493200549	0.0123165205	-0.0615864715	0.1221107245	-0.0476098195	0.0758231803	0.1011457006	0.0331139009	0.0705763763	0.0675236491	-0.0738429617	0.1063752278	-0.0020769591	-0.0380160836	-0.0445310023	0.1191786508	-0.1048358643	-0.0380434736	0.0134604372	0.0015435345	0.0510549742	-0.0417918945	-0.0124101469	-0.023917328	0.0022115829	0.1234334576	0.0255403011	-0.0168599919	0.0575660712	-0.0810955487	0.0151313502	0.039116558	0.0203509575	0.0089995986	-0.0119644168	-0.1536345204	-0.037511893	0.2168285455	0.0431567564	0.0855049847	0.0380146584	-0.2101609835	0.065425248	0.0653457885	0.0043728888	-0.0304493432	0.0363114358	0.119518844	-0.1234011258	-0.0670654007	0.0899770608	0.0151157616	0.1471346336	0.1127105867	0.0817052476	0.0497383773	0.051820779	0.0228309791	0.0942770773	-0.0202419835	-0.1939425461	0.0831591396	0.0339326536	0.0466779334	0.0025442582	0.051397157	-0.0727218878	0.0637893618	0.0162829501	-0.0273411239	0.0392344108	0.0618662815	0.0480846069	0.1489602257	0.0500650818	-0.0519542166	0.0831442818	0.0125561122	0.051776554	0.0371620059	-0.0925052853	-0.0873037572	0.0696211171	0.0895747568	0.0675996971	0.0226240787	0.0926437245	0.0110082777	0.0415758628	-0.0327828742	-0.0159611948	-0.0486062535	0.1212336183	0.030995966	0.0742229824	0.0449968101	0.1073414078	0.072525755	0.0411237436	0.0419013913	-0.0363605267	-0.0886619054	0.0729434684	0.0486815572	0.0140379523	-0.0235993474	-0.0562039158	-0.0768225931	-0.0810582975	-0.0680077345	0.066312656665957	-0.0552359564317016	0.004397368434097	0.0030510108829248	0.0011692748884684	-0.000132901323539	1.7662761798444527e-08	1.3672037648027894e-06	0.0338970586654738	0.0507220526011948	0.0025727266200783	0.0011490105861705	-0.0012913256845552	9.93883533166001e-05	9.878044774985334e-09	1.6675220235919556e-06	0.0025028369274195	-0.0001702632502191	6.264192685254685e-06	2.8989574375205873e-08	0.0002581160007908	-0.001769747572033	3.1320064687166987e-06	6.662386986423628e-08	0.0	0.0	0.0	0.0
1748.6504558351864	-1.7204387389961084	2.95990945463852	3057778.416692605	2417.78342239945	-27.122545030382295	735.6324489251155	5845676.6776295975	1952.894024363944	-5.0416305328410544	3813795.070396401	25.41803842967517	2076.2187575961943	1446.5049567992708	1.088521	33.911636	0.1117015595009896	0.0534740490027945	-0.0335282919	-0.0632642782	0.022220205	0.0007876684	0.0723355757	-0.1205245988	-0.0349174294	-0.0008437225	-0.0099557856	0.2009427712	0.0722601182	0.0847114874	0.078157589	-0.0573286364	-0.0108434123	0.0690331359	0.0134215921	-0.0222768894	-0.0323373269	-0.0386207697	-0.0409420441	-0.0933248077	0.0666485125	-0.0401843986	-0.0296697084	0.0951525073	-0.1285794291	-0.0246733814	-0.1624388756	0.0489805442	-0.0467707519	0.0339722859	0.0228440126	-0.0756371359	-0.0926593696	0.069189239	0.0423195199	0.0112289309	0.116274867	-0.0267852887	0.021057829	0.094742342	-0.0330767412	-0.014222448	0.0088445047	-0.1096026127	0.0662839287	-0.0353522667	-0.1186606741	0.043285735	-0.0242565571	0.017927365	-0.1018623338	0.0063691943	-0.0879959734	0.0850591567	0.0484675862	-0.0249007281	-0.0926366198	0.0392472997	-0.0042265636	-0.0215155946	0.005011186	0.0086374749	0.0050829827	0.0313843452	0.0078963559	0.0446226567	0.0575686306	0.0589109666	0.0549670734	0.0001832108	-0.0081578322	0.1191795915	0.0567334756	-0.082723906	0.0784297807	-0.0144827573	-0.0024423096	-0.0175671978	0.0051073112	0.0404104673	-0.0135369777	-0.0427882669	0.1243600146	0.0857448837	0.0160260967	0.0294665839	-0.075416785	0.065692945	0.0126105374	-0.0604346858	-0.1214594759	0.085058899	-0.1200718519	-0.0725611311	-0.0144904847	0.0188220812	0.0306589191	-0.0364074094	-0.0959596957	0.019121858	0.0880091853	0.0306836922	-0.0455245463	-0.0463892199	0.0288955351	0.0090118745	0.023639703	-0.0128109515	-0.0667467916	-0.0611137034	-0.0626118302	0.06007733	0.1033229634	-0.0056503188	-0.0068947065	-0.1172994566	-0.0019185465	-0.018542394	-0.0652380837	0.0174072451	-0.0693389601	-0.0110288724	0.0164962492	0.0465133144	0.0448401882	0.0482761214	-0.0838563141	-0.0724581175	0.0470961135	-0.0148139094	0.091464767	-0.0749456158	0.0520079386	0.0537308686	0.0241117523	-0.0143342334	0.0665965545	-0.039301745	0.0905526384	-0.0078866792	0.0627635209	0.0801721851	0.181178658	-0.1167563489	-0.0354101088	-0.2194334296	0.1146446696	-0.086703901	0.0725552932	0.0472981097	0.0115045374	-0.0268518493	-0.0592265694	-0.0784076511	-0.0801222105	-0.0639883028	0.0503549469249264	-0.0159577097410306	0.0025356206798121	0.0002546485001789	-0.0028187017318686	-0.0039879766203369	1.5903957524354517e-05	7.945079453239045e-06	0.0408337995054708	0.0069367408399969	4.8118373481282274e-05	0.0016673991820529	-0.0005208371696609	0.0007704885148942	5.936525515840238e-07	2.712713573003772e-07	0.0019980388095133	-0.0005047981179062	3.992159084321324e-06	2.548211398416421e-07	-0.0001629800124012	-0.000421096013192	1.773218523261971e-07	2.6562484442295312e-08	0.0	0.0	0.0	0.0
1748.9683141144485	0.3178582792620545	0.1010338856954342	3058890.163776336	2422.9343151516387	5.150892752188611	26.53169614454916	5870610.69553934	1956.2897747983088	3.3957504343648	3827069.6829804177	11.531121012488724	2077.1657094399343	1421.858130518314	1.05841	32.973549	0.1371302065072067	0.0813877599110846	0.0016597804	-0.0571186474	-0.0179521792	0.0394986643	0.0774914355	-0.1243269954	0.0268544855	0.0731764134	-0.0627349184	0.0640120331	0.1059453313	0.0850638754	0.1278167193	-0.033326871	-0.0367104003	-0.0003833734	-0.0273788381	-0.0151419423	-0.0588629515	-0.0767486735	-0.015514285	-0.0894177456	0.0399238268	-0.0031746913	0.0228196223	0.014472295	0.1391903895	-0.1436782659	-0.0904294299	0.0276475141	-0.0144094497	-0.0043505198	0.0146497247	0.117186751	0.0112542048	0.1884448366	0.0226339772	-0.0250956874	-0.0724643141	-0.0421317238	0.1407705664	-0.0070001286	0.0486350345	-0.0453567376	0.0557942464	0.0075627118	-0.0567279133	0.0978712216	0.0053310249	0.0925137233	0.0207914189	-0.0154121737	-0.0403546507	0.0849697851	0.030001001	-0.0099809381	0.0256885618	-0.0423547431	-0.0745287513	0.0786584493	-0.0079185369	-0.001382133	0.0336238685	0.0329690562	-0.021813645	0.0649235355	-0.1156206568	0.0263012668	-0.0227904949	0.01034899	-0.0238890835	-0.0654190663	-0.0171148149	0.0810445406	-0.0029888827	-0.114619576	-0.0012608466	0.0891799995	-0.0741548116	-0.0929336831	0.0529026396	0.1208762047	-0.0013645937	-0.0315720462	-0.1294010362	0.070626083	-0.0931922627	0.0766104283	-0.0854714031	-0.007163445	-0.0029247626	-0.0091069244	0.006731035	0.0364633488	-0.0192198919	-0.1686399211	0.0059221	-0.0219048361	0.0784526796	0.032636132	0.1277569687	0.0687981336	0.0653715448	-0.0032896895	0.0373931885	0.1011936512	-0.0658935906	0.0537464879	0.1024459848	-0.047853361	-0.0039746119	-0.0034148896	-0.0235390009	0.0204815525	-0.0045066851	0.0981481803	0.0970196212	0.0003144864	0.0526050617	-0.0104997802	-0.0985402821	0.0410085501	0.0234294924	0.0561279837	0.089503389	0.0206819113	0.0237759639	0.0433625093	-0.0443988982	-0.1194850622	0.1020129075	-0.055939248	0.1267214318	-0.0463099305	0.015237483	0.0876899851	0.0564554239	0.0444214732	0.0983055808	-0.0362950775	-0.0125646834	0.0569213624	-0.0635883339	-0.0167687571	-0.0385861402	-0.0113375404	-0.0998820484	-0.041429508	-0.0061633945	-0.0687401013	0.0721591615	0.0458939156	0.008959769	-0.0300572439	-0.0620868871	-0.0796832699	-0.0787557834	-0.0595200392	0.0482755405537318	-0.0020794063711945	0.002330527815755	4.323930856564673e-06	0.0220953584445169	0.0249140601763855	0.0006207103944725	0.0004882048647916	-0.0146041185545158	-0.0554379180599866	0.0030733627588257	0.0002132802787543	0.0004241534205191	0.00094499059018	8.930072155287448e-07	1.799061241380525e-07	0.0018509657274679	-0.0001470730820453	3.426074124260772e-06	2.1630491462332943e-08	-0.0001648927781686	-1.9127657674000026e-06	3.658672880937321e-12	2.718962829215913e-08	0.0	0.0	0.0	0.0
1750.792805363071	1.824491248622508	3.3287683163001165	3065275.447311092	2407.772542035138	-15.161773116500626	229.8793640362411	5797368.61417835	1954.569763468361	-1.720011329947738	3820342.960264765	2.9584389751485864	2074.099142023125	1396.5437272839845	1.038782	32.362087	0.1442793296525867	0.0960708952195644	0.0269167314	-0.0529988851	-0.0778936841	0.0419901809	-0.0071906103	-0.0750271755	0.0784463014	0.1655632225	0.0383091768	0.0292688804	-0.022348859	0.0614165221	0.0236032171	-0.0893498656	0.027566924	0.0532100115	-0.0505713972	0.0315900008	-0.0597785769	0.0855025697	-0.0238694144	-0.1220394864	-0.0022845339	0.0193367403	0.0829211487	0.0614065837	0.0781627121	0.0035235992	0.0557636548	-0.1021576137	0.1360085959	-0.0607099698	-0.1339147366	0.0152459493	0.0387836484	-0.0449184037	-0.0289108556	0.0257411043	-0.0271914656	-0.0577903072	0.007266981	0.0378649584	0.0577304953	-0.0441543044	-0.0227898409	-0.0730448555	-0.0266054048	0.1040392876	-0.0827124679	0.0690609429	0.0374683948	-0.0131525677	-0.048630183	-0.0392150308	-0.0695665094	-0.1159488804	-0.0695514288	-0.136656733	-0.0234942023	-0.0001184163	0.0408487988	-0.1437458608	-0.0439633386	0.0754432019	-0.0704690052	-0.0404023277	-0.0070695789	-0.0305446069	0.0765468508	-0.0776932486	-0.0003504063	-0.0298452192	-0.0384389475	0.0647124215	-0.1409855422	-0.0433520621	0.0545975337	0.1370084204	0.0236340722	-0.0932842113	-0.0525743091	0.0655385711	0.0201288566	0.0141009601	0.0301606249	-0.0002140921	0.0120688444	0.0484502011	0.0049647368	0.0022192207	-0.0733681887	0.0488022456	-0.0115822063	0.0531785248	-0.014293984	0.1108914367	0.0455316126	0.0640665741	0.0409248821	0.0326240679	0.1048597367	-0.0574572502	0.0207925862	-0.0357225765	-0.0387715516	0.0824738945	-0.0516641481	-0.0113838567	-0.0218151482	0.034047862	0.0191412229	-0.0252415364	-0.0712240869	-0.0458300303	-0.1421182578	0.0202094741	-0.0896045418	-0.1508635971	0.01057585	-0.0243125603	0.0016625906	0.0832433615	0.0319997894	0.0416996424	-0.0571590352	0.0205620775	-0.0118237824	0.0326684066	-0.0077330793	-0.0954719014	0.0869298058	-0.0699706841	0.043605102	-0.0389025447	0.0119785538	0.0743488572	-0.0220843158	-0.0695350123	0.0298821563	0.0703104808	-0.1306199353	0.1298422016	-0.0009348742	-0.1265028675	0.0005947254	-0.0260184258	-0.0560942809	0.0048420975	0.0169872761	0.0004158082	0.0717551168	0.044469591	0.0064061583	-0.0332099078	-0.064777029	-0.0806444153	-0.0769663555	-0.0546342852	0.054273064278675	0.0059975237249432	0.0029455655061971	3.597029083125656e-05	0.0003180405997653	-0.0217773178447516	0.0004742515725113	1.0114982309907175e-07	-0.1003723424717577	-0.0857682239172419	0.0073561882339181	0.0100746071332678	0.0002861126579619	-0.0001380407625571	1.9055252127373263e-08	8.18604530460232e-08	0.0013749771254283	-0.0004759886020395	1.890562095451071e-06	2.2656514927161266e-07	-0.0001641968594524	6.959187162000049e-07	4.84302859557463e-13	2.6960608654031206e-08	0.0	0.0	0.0	0.0
1762.54374129017	11.750935927098908	138.08449516278387	3106560.4399611494	2420.2586684050384	12.486126369900376	155.90335172512152	5857652.021989729	1961.825013441024	7.255249972663023	3848757.3833628735	52.6386521658268	2079.7601742258894	1406.0172670668203	1.165273	36.30275	0.2773279992609582	0.1448731373478969	0.1118908116	-0.0748887265	0.0185022432	0.0760330816	-0.1411157911	0.0192334698	0.0223468372	0.0385835578	-0.1394338275	0.0133408618	0.0135857394	0.2026500388	-0.0515024248	-0.0413024884	0.0526430979	0.038680417	0.0903392176	0.0256394964	-0.0844659603	0.0341772181	0.0302075634	0.0384352868	-0.0350392696	0.0124733322	0.0384806819	0.0518242913	-0.1194469718	-0.0698028303	-0.0256370774	0.0692782023	0.1546862919	-0.0150266734	-0.0701704287	-0.1630201628	-0.2002232759	0.0713216272	-0.0346422496	-0.0180889884	0.0784341209	-0.0197986424	0.0930964046	0.0308934841	-0.0056718644	-0.0143374541	-0.098003724	0.0813956124	-0.0026324529	0.1098969945	0.053608072	-0.0307069738	-0.1178526366	-0.0761849448	0.0650371777	-0.0777747349	0.0467822562	-0.0395243257	-0.0615107395	0.030458362	-0.0467339235	0.0622250456	0.0315183199	0.0548216994	0.0751218833	0.1000997712	-0.0954953037	0.0186547109	0.0143811123	-0.1354870714	0.0137333196	-0.0903296165	0.0727940508	-0.0376736473	-0.0424817151	0.1037915974	-0.0859529524	0.0077227197	-0.0649214298	0.0043773893	-0.0125082414	0.0105655303	-0.0205343051	-0.0005636307	0.065167054	0.1190531249	0.1220558398	-0.0426290466	-0.0032523937	0.0860299687	-0.0962571925	-0.0433751041	-0.0382400924	-0.0806153363	-0.1135775091	0.0981086501	0.0210919871	-0.0287605332	0.1169450732	-0.0192063737	-0.177036935	0.1484452947	-0.0469568332	0.0534440598	0.0751412108	-0.090612719	-0.0084655422	-0.086431511	-0.0784932351	-0.1056478799	0.0021265596	0.1079502095	0.034714967	0.0882564963	0.0228417784	0.0172235511	-0.0934212209	-0.0749912665	-0.0003375073	-0.0263722253	0.0589737945	-0.0005500747	-0.0233710556	-0.0928827013	0.0718884635	0.0407191828	0.0110819432	0.0575491356	-0.0840972303	0.0771546094	0.0584793891	-0.1207108077	0.0628563855	-0.1332774639	0.0757431126	0.0927934411	0.0489715295	0.1467577441	-0.0837423331	-0.1249266839	0.0156280941	0.0343482628	-0.1150113056	0.0862979716	-0.122852953	-0.0077835851	-0.0307181589	-0.0188889946	-0.0351084727	-0.0728186764	-0.0245423114	-0.0277535077	0.0713432033	0.0430257605	0.0038462256	-0.0363043104	-0.0672896215	-0.081287294	-0.0747635377	-0.049365311	0.0353363561189041	-0.0189367081597709	0.001248658063762	0.0003585989159283	0.0295464587597393	0.029228418159974	0.0008543004281342	0.0008729932252409	-0.207127363031951	-0.1067550205601933	0.0113966344148072	0.0429017445165696	0.0015193054402559	0.001233192782294	1.5207644383020169e-06	2.308289020791174e-06	0.0007769069791072	-0.0005980701463211	6.035844541854753e-07	3.57687899920542e-07	-0.0007810909784577	-0.0006168941190053	3.805583540633252e-07	6.101031166280071e-07	0.0	0.0	0.0	0.0
1767.4041832901594	4.860441999989462	23.62389643526156	3123717.5471115555	2448.8332666467736	28.5745982417352	816.5076646765765	5996784.367835908	1963.3121516344893	1.4871381934651708	3854594.604755648	2.211580006462852	2083.609533617038	1483.5631487854814	1.264446	39.392376	0.2762265289516677	0.1418688834673412	0.034143055	-0.0666969106	0.0622175165	-0.0111802798	0.08776998	0.0588197864	0.0089207424	0.0021857417	-0.0615109683	-0.1143795384	0.063130497	0.0258162961	-0.0151998524	-0.0033575748	0.0040954787	-0.0627621584	-0.1017249534	-0.0834850727	-0.0482317724	-0.0065254427	0.0977533666	0.0658815445	0.0253155113	-0.0376770014	0.0667915683	0.070630659	-0.0265477082	-0.0135264185	-0.0162688243	-0.0544967418	0.0387312751	-0.0500818237	0.0510761206	-0.0446599882	0.0033779655	0.0176460847	-0.0424753398	-0.0126364525	0.0154149347	-0.0837120536	-0.0487800699	-0.0514236414	-0.0427265614	-0.0433652672	-0.0376724488	0.0329056943	-0.0510791659	-0.0263458293	-0.0282088372	-0.1035511865	0.0288914374	0.0939542503	0.0739010713	0.0841404633	0.0236111454	0.0426132523	0.0512623659	0.0319710652	0.052299396	0.0543047117	0.0984154644	-0.0532925656	0.0312240612	0.0231381838	-0.0496420624	0.0101897226	0.0183056883	-0.0310583005	0.0205539439	0.0031750074	-0.1323069948	0.0009764679	-0.0115320697	0.0580463746	-0.0421394752	-0.0203746702	-0.0595179224	-0.0385534343	-0.0769385696	0.0185090088	0.03246286	0.0168399416	-0.0031837087	0.0468215197	0.0118579435	-0.1216547096	-0.0212801848	-0.0117725132	-0.0794701	-0.0274670675	0.0985421425	-0.058254295	0.0240379946	-0.0587571435	0.0844484094	0.0568044175	-0.1019706928	0.0616352776	-0.04737055	-0.0237415544	-0.065250198	-0.1128984411	-0.0298466002	-0.0080134523	-0.0058823933	0.026523433	-0.0045977962	-0.0155397514	-0.0473273545	0.0229650003	0.0722126548	-0.0681261968	0.0655704671	0.0421721991	-0.0393586363	-0.0218308425	0.0399296469	0.0035751234	-0.1060624591	-0.0123947287	-0.0892858899	0.0218036152	-0.0943647971	-0.0368745953	-0.056599479	0.0437288876	-0.0716231444	0.0745242945	-0.0119854511	0.0074492097	0.0154488623	-0.0088978572	-0.0461457022	0.0035917408	0.043805864	0.0752879712	0.0706791027	0.0201220339	0.0180928307	-0.0585705564	-0.0390075714	-0.0456743793	0.0333518071	0.0057858887	0.0168812178	-0.0006197446	0.0280520116	0.011608307	-0.0758886069	0.0820688384	0.0709234662	0.0415630576	0.0012824971	-0.0393350228	-0.0696177779	-0.0816093689	-0.0721591615	-0.0437500746	-0.0562349042258318	-0.0915712603447359	0.0031623644532884	0.0083852957211234	0.0235135590239821	-0.0060328997357571	3.639587922169929e-05	0.0005528874579742	-0.1401085045081913	0.0670188585237597	0.0044915273978277	0.0196303930355218	0.0001522332325756	-0.0013670722076803	1.8688864210118892e-06	2.3174957100416722e-08	0.0011709054518038	0.0003939984726965	1.3710195770638608e-06	1.5523479648725345e-07	-0.0012520905050291	-0.0004709995265713	2.218405540304829e-07	1.5677306327840264e-06	0.0	0.0	0.0	0.0
1765.4747453980435	-1.9294378921158568	3.722730579532481	3116901.0766382865	2431.707809165672	-17.12545748110142	293.2812939370126	5913202.869157313	1962.4625675088696	-0.8495841256196854	3851259.328873504	0.7217931865049655	2082.4177494165274	1391.6467234381532	1.177784	36.692513	0.3026469715054052	0.1221007214657466	0.029683727	-0.1333944421	-0.0150885328	0.0548626443	-0.0180012793	-0.0030453915	0.069833873	-0.0094788713	0.0542349236	-0.0285666741	0.0733148935	-0.024086059	-0.0551110329	0.0390103356	0.0658748693	-0.0279311787	-0.0581835488	-0.0099366025	0.049390127	-0.0675844136	0.1228520473	0.042783241	0.0403312672	-0.0100524208	0.0453557866	0.0033494565	0.0031688027	0.1660729912	-0.1432013544	-0.0323373245	-0.1439386692	-0.0347481237	0.1089635203	0.0937460025	-0.0425157906	-0.0765522062	-0.0270076054	-0.0523023958	0.0999653726	-0.0058460733	-0.0113115426	0.0472737129	0.0664578574	-0.0652153266	0.023276168	-0.0129428516	0.0232154785	-0.0497058929	-0.0487227358	0.0511834461	0.052125653	-0.0527725722	-0.1134421186	-0.0770374263	-0.0225512507	-0.071599119	0.139102126	-0.0043967429	0.0271271136	-0.0055474721	0.0520387679	-0.1022697246	0.0533645711	-0.0420437499	0.0584912482	-0.0415110611	0.0528562545	-0.0268694163	-0.0142680699	-0.0166581061	0.0006657314	0.0426788204	0.0781037164	-0.0194008247	-0.0505052694	-0.0722778852	0.0014638086	-0.0905575554	-0.120336408	0.0287233628	0.0219112235	-0.0745258346	-0.0020497505	-0.0662636994	-0.0062688232	-0.0605716842	-0.0142886221	-0.1179565493	-0.0854458323	0.0180153366	0.0449248998	0.094608317	0.0639282224	0.0730821776	-0.1477146037	-0.071809283	-0.1485300747	-0.035851877	-0.031074912	-0.0374845768	-0.1397755629	-0.0002535067	0.0437311646	0.0339381265	-0.1125376802	0.0005948757	0.0653013415	-0.0810847404	-0.0645891201	-0.0608798691	0.1015610428	0.0828332993	0.1035026031	-0.0557741699	-0.0142553157	-0.0575207207	-0.0388052799	-0.013457923	0.0208665047	-0.0791314691	0.0568759055	0.0343881626	0.1298256324	0.0178834989	-0.087296117	0.0168393649	-0.0820674877	0.1166478197	-0.034795516	0.061386331	-0.0719923892	-0.0433034152	-0.0042238344	0.0573654492	-0.0385671498	-0.1391870199	0.0420573105	0.0197990008	-0.0414458749	-0.0480397463	-0.0272902628	-0.0553252194	0.0492007087	-0.0995486997	-0.0091826664	0.0563083644	0.0505849984	-0.0627273729	0.0039247094	-0.0219061298	0.0704959515	0.0400821236	-0.0012824971	-0.0422967282	-0.0717551168	-0.0816093689	-0.0691672152	-0.0378279629	-0.0933026567397803	-0.0370677525139485	0.0087053857547012	0.0013740182764353	-0.0101045773743919	-0.033618136398374	0.0011301790948996	0.000102102483915	-0.0803023609092221	0.0598061435989691	0.0035767748121805	0.0064484691675949	-0.0009671130822892	-0.0011193463148648	1.252936172601408e-06	9.35307713934917e-07	-9.6883926719471e-05	-0.0012677893785232	9.386495256583829e-09	1.6072899082964216e-06	-0.0023080535915233	-0.0010559630864942	1.1150580400383574e-06	5.327111381343604e-06	0.0	0.0	0.0	0.0
1772.325652265739	6.850906867695585	46.93492490983853	3141138.2176791774	2419.7083686546043	-11.99944051106786	143.9865725786565	5854988.589337126	1968.2633077523567	5.800740243487098	3874060.448644248	33.64858737241076	2089.3585557796523	1431.5026795674214	1.150476	35.841782	0.2168257609273767	0.1265601827365288	0.0588583654	-0.076175743	0.0122772253	-0.0637016372	-0.1065256342	0.0635394345	0.0434908964	0.0574121707	-0.0764888781	-0.0039043416	-0.0432370677	0.1147295451	-0.0475277429	-0.0286783816	0.006691989	-0.0402508163	0.1511492784	0.0593857583	-0.0176534593	0.1070947724	0.0653341276	0.1326979074	-0.0233091631	0.0106617083	0.0768534858	0.0304032446	0.0915539828	0.0094613698	0.0057668532	-0.0819048486	-0.1469573818	-0.0694790781	0.0349641099	0.0535446821	0.0438063529	-0.0020234541	0.0274088878	-0.0043463938	0.0466696586	-0.0138381192	-0.0131135916	0.1097243139	-0.0942564527	0.0751001979	0.1057633752	-0.0151668608	-0.071345295	-0.070964893	-0.0594975657	0.0269275249	-0.0588847069	0.0259446412	-0.0762927761	-0.0325785453	-0.0374590666	-0.0162759986	-0.0119132789	-0.0144095295	0.0303191883	-0.0155608557	-0.076369586	-0.0362855341	0.0389578627	0.0380611298	0.1627147928	0.0785060224	-0.0803517021	0.0114082077	0.0949445516	0.0366687061	-0.0702521697	-0.0532316516	0.0049553827	0.0026296057	-0.1564944484	0.1018929818	-0.1038322715	-0.0737167149	-0.0025074904	0.011439876	-0.1189579171	0.0085669008	0.0146403214	-0.0954139149	-0.0325536657	-0.0205993345	0.0278159405	0.0626225346	-0.1157347364	-0.1326494315	-0.0379939377	0.0877196769	0.0832936864	0.0158644456	-0.0687662949	0.0290410678	-0.0885649899	-0.0535224641	0.131810534	0.0109798519	-0.0077371021	0.0094197549	0.0070369535	0.0033876807	-0.1386881066	-0.0180060009	-0.044146973	0.0519693726	-0.011267188	-0.082117622	-0.082132564	-0.0417969707	-0.0649635948	-0.0400512593	-0.0717142531	0.0544059269	0.0575392667	0.0214498688	-0.0221717717	-0.0456992667	0.0300226466	0.0916036789	-0.0193611016	-0.0891199912	0.0319451576	0.0060678397	-0.0985726013	0.081688269	0.0146386774	0.0457428618	0.0618309509	0.0014594303	-0.0820184228	0.1344791746	0.0159130317	-0.0043565192	-0.0459808905	-0.0347295231	-0.0489969113	0.0115103767	0.0112671014	-0.0216035332	0.0446528919	-0.0272398463	-0.1014289499	-0.0438626545	0.0769996246	-0.0416816061	0.0894971624	-0.0629127188	0.0700607062	0.0385836084	-0.0038462256	-0.0451842308	-0.0736957799	-0.081287294	-0.0658037687	-0.0316405151	-0.0772286736358438	0.0160739831039365	0.0059642680315516	0.0002583729328256	0.0482037169488052	0.0583082943231971	0.0033998571868805	0.0023235983276805	-0.1887187608716587	-0.1084163999624366	0.011754115780815	0.0356147707049343	-0.0006205968426674	0.0003465162396218	1.2007350432163272e-07	3.851404411287457e-07	-9.788761141860114e-05	-1.0036846991301338e-06	9.581984469239052e-09	1.0073829752679471e-12	-0.0019750318450881	0.0003330217464351	1.1090348359875057e-07	3.900750789112105e-06	0.0	0.0	0.0	0.0
1778.7262827792988	6.40063051355969	40.96807097111139	3163867.189049862	2453.078429045501	33.37006039089647	1113.5609304920774	6017593.779048342	1967.234270585269	-1.0290371670876084	3870010.675365156	1.0589174912476904	2089.882843840942	1458.5177635344785	1.173111	36.546951	0.1653271794572343	0.0886542402554039	0.0107529872	-0.1120144842	0.047235667	0.0444714988	0.0464123404	0.1318917348	0.0647203392	0.0417945865	-0.0474007771	-0.1532342854	0.0568317169	-0.0695381479	-0.026863448	0.0322390163	-0.0592718296	0.0180771641	0.1217496307	0.0084355938	-0.0057996717	0.0302198996	0.1241992838	0.0562732286	0.0646550383	0.0450453652	0.0743913914	-0.026561	0.0105978841	0.068182713	0.064156242	-0.1480048163	0.0214584289	-0.036911538	-0.0431681052	0.046161662	0.0438318487	0.0497273118	0.1141879732	-0.0081693763	-0.1501004978	0.0581367906	0.0217340481	-0.0601149413	0.1468415589	-0.0764652973	-0.0999475459	0.1006628529	0.0375682269	0.0083807028	0.0156879589	-0.0299113803	-0.0262645079	0.0277461235	-0.0140629195	-0.003129883	-0.0566714376	0.0209945286	0.0316504529	0.0240176576	0.0129385975	-0.1096468983	-0.0517987643	0.0211366474	0.0676641331	-0.1515892252	-0.0756969085	0.0101957381	-0.0350456778	-0.071909077	-0.0598105347	-0.0106309075	0.0299916493	0.0294399836	-0.0025939969	-0.0308788467	-0.1112713567	-0.0102483103	-0.0541614765	-0.0417834135	-0.0848996532	-0.0610901063	0.0343548729	0.044686836	-0.0731901165	0.1151429192	-0.0493418793	0.0025604261	0.0358807842	-0.1819780158	0.0413792941	-0.0287190732	0.0487200118	0.1585360201	0.0885939867	-0.0143841417	0.1295931587	-0.0731464339	0.0306821288	-0.0691477572	-0.0391309077	-0.0365707838	0.0750561155	0.0743019463	0.0186771063	-0.0081287016	0.0797142476	0.0484605486	-0.0954265868	0.0199328477	-0.0478041469	0.1028834894	0.1694403937	0.0291585915	0.0894406227	0.0041859325	0.0805215885	-0.070173858	-0.0069298841	-0.0398851722	-0.0596189157	-0.0285810662	0.0161132	0.0131454559	-0.0427539815	0.043302741	0.0235237644	-0.0353256659	-0.0842391942	0.0937154582	-0.0083296093	0.0532461251	-0.1049713989	-0.0176397508	-0.1521261003	0.0227398972	0.0543014829	0.0057373749	0.0641480641	0.0483772421	-0.0431156745	0.0201466664	-0.0331812845	-0.0664842785	-0.0065141445	-0.0153359727	-0.0373998336	0.0107675984	0.0311920732	-0.0253508247	0.0893264259	0.1542420809	0.0696177779	0.0370681691	-0.0064061583	-0.0479924649	-0.0754344479	-0.0806444153	-0.0620868871	-0.0252311319	-0.0935811305206897	-0.0163524568848458	0.0087574279895303	0.0002674028461707	-0.0183522197905716	-0.0665559367393768	0.0044296927152559	0.0003368039712414	-0.1715641713159286	0.0171545895557301	0.0002942799428255	0.0294342648793212	-0.0013039812660807	-0.0006833844234133	4.670142701639286e-07	1.7003671422894255e-06	2.6963632544729776e-05	0.0001248512439633	7.270374800072107e-10	1.5587833119191174e-08	-0.0014779835869191	0.000497048258169	2.470569709488371e-07	2.1844354832022485e-06	0.0	0.0	0.0	0.0
1773.1459294349472	-5.580353344351579	31.14034344781585	3144046.4870717227	2444.573331762243	-8.505097283257783	72.33667979767891	5975938.774363154	1963.563727537544	-3.6705430477250047	3855582.512101135	13.472886265202366	2083.126199242548	1428.474345270511	1.165968	36.324413	0.0833147490898769	0.0422729369900816	0.1026635229	-0.0517565331	-0.0847388446	-0.0314917292	0.0127032531	0.1436765543	0.0146746721	-0.0288320175	0.0273386402	-0.086684543	0.0430609644	0.013189648	-0.0692350933	0.0141143513	0.144029136	-0.0358409257	0.0253302819	0.0501555357	-0.0284828264	-0.0037941932	0.1277290734	-0.0010357706	0.0470500546	0.040011834	0.0295591993	-0.0161426157	-0.0320972952	0.0700084831	0.1012597361	-0.009805993	0.0650644067	-0.0943927736	-0.1178076168	-0.0188242516	0.0448890939	0.0309241052	0.0137432172	0.0785308974	8.98002e-05	-0.0070310051	-0.06961377	0.0701984229	-0.0855429367	0.0345763187	-0.0359299175	0.0241432054	-0.0591423241	0.0131684899	-0.00421861	0.035175837	-0.0228095355	-0.0044594842	-0.015526003	-0.0558205245	-0.0316440154	0.1205673542	0.0739428349	0.0351388275	-0.020687348	-0.1086768845	0.1364576462	0.0130278221	-0.0497351132	0.0120103353	0.0223510389	-0.0034955579	-0.0564562499	-0.1430870089	-0.0510557302	-0.0068165233	0.0469213185	-0.0629316073	0.0276925715	0.0105826463	-0.0580825567	-0.0594010787	-0.0118196084	-0.0842936645	-0.0943725688	0.022577119	0.0406458989	-0.0784596406	0.0981380196	0.078803884	-0.0004392803	-0.0978525518	-0.0052189326	-0.0612181671	0.010930174	-0.0237102118	-0.0977182364	0.0122106529	0.0646945176	0.0108609047	0.0952558404	0.1960707861	0.0946776777	-0.0879114571	0.0250678105	0.0194590754	-0.0144980063	0.0339798727	0.0130846973	0.1001997741	0.0592326065	-0.0441365541	0.0181475437	0.0436857084	-0.0120396029	-0.0372742121	-0.095213382	0.0485211011	0.0650502256	0.0146998565	-0.0118991479	0.0894402776	-0.0543111777	0.0775330815	0.000731535	0.0095132607	0.0054255929	0.0214751231	0.0749393003	0.0718080824	0.0126887524	0.0012688602	-0.1182422343	0.0592509708	0.0264601021	0.0022215908	-0.0879591776	-0.053507634	-0.0573764543	0.0476180214	-0.0730051385	-0.0925444178	0.0134020589	-0.0302242613	0.0842193877	0.0004624633	-0.0632388657	-0.0805778648	-0.0165419789	0.0729421161	-0.026791333	0.024507156	0.0113613485	0.0102743021	0.0161367015	0.0380418563	0.0691672152	0.0355364705	-0.008959769	-0.0507165039	-0.0769663555	-0.0796832699	-0.058036534	-0.0186447705	-0.0935153883527135	6.574216797619603e-05	0.0087451278587588	4.3220326502103754e-09	0.0099652871852242	0.0283175069757958	0.0008018812013242	9.930694868399368e-05	-0.187798280921605	-0.0162341096056763	0.0002635463146891	0.03526819431711	-0.0009638209096326	0.0003401603564481	1.1570906809889848e-07	9.289507458450124e-07	0.0002088335721914	0.0001818699396466	4.361146087422069e-08	3.3076674947083474e-08	-0.0017299010976329	-0.0002519175107138	6.346243220423762e-08	2.9925578075915126e-06	0.0	0.0	0.0	0.0
1766.5216783748924	-6.624251060054803	43.88070210663718	3120598.840168447	2456.4149136013457	11.841581839102671	140.22306045216624	6033974.227763107	1963.637525780946	0.0737982434018249	3855872.332655115	0.005446180729195	2091.469140540008	1493.6681565310048	1.145007	35.671383	0.063576597303171	0.0447700120984335	0.1048768348	-0.0287249887	0.0561713768	-0.157080671	-0.0084935914	0.0827318939	-0.0865779854	-0.0176431527	-0.0355093642	-0.0923642856	-0.0541696638	0.0601379667	0.0591441582	-0.0359443276	0.0354563115	0.0028890914	-0.0023657976	0.0665327343	-0.0950864842	-0.0075135199	0.0564054711	0.0800829319	-0.0074973911	0.0309766613	-0.0464199192	-0.0766294996	-0.0354628471	0.1850560009	0.0438315324	0.0249069477	0.0189433363	-0.0050632232	-0.0091660555	-0.1314748776	-0.0371570951	0.0149924014	0.0266477139	0.0053289074	0.0182107686	-0.1298158428	-0.0839546469	-0.0244625264	-0.0393235375	-0.0359592468	0.0373590162	-0.0545514935	0.0859246405	-0.0785081195	-0.0671806926	0.0753062625	0.0149454672	0.0428984223	-0.0350106625	0.1985280404	-0.0881652192	0.0459346316	0.0283759087	0.0337149088	0.0707588525	0.0311057499	-0.0578007663	0.0288006554	0.052794105	-0.0540847417	-0.0725180033	0.102061528	0.0690318014	0.0511778475	0.0083304649	-0.0358495533	0.0152020914	-0.1510459013	-0.0763118442	-0.0113664459	0.0261682116	-0.021895232	-0.0499466596	-0.1091927205	0.0112432001	0.0353170351	-0.0080869942	-0.0296507572	0.1547809138	-0.0172297171	0.0383022538	-0.0865202817	0.0506093476	-0.06267656	-0.0014339311	-0.019973129	-0.0067315022	0.0729964067	0.0513513311	0.0421076706	-0.0285849667	0.0477721115	-0.0043877882	0.0960999343	-0.0817486938	-0.0297307665	0.020674835	-0.038192874	-0.0256162276	-0.0271976821	0.0675810775	-0.0391977397	-0.0026847387	0.0683148905	0.0894835601	0.1181878359	-0.1533585736	0.0384594281	-0.0418850728	0.0251732224	0.0403962136	0.074811387	0.0563738985	0.0553461435	-0.1232076893	-0.0142091718	-0.102704049	0.0834471307	-0.0050568274	0.0241731985	0.1179747476	0.1470101549	-0.1104032965	0.0722479592	0.0202061474	0.0334498631	0.0375211364	-0.0367092695	-0.0639669039	0.0570865279	-0.0246525439	-0.0471941487	-0.0946223881	-0.0517209373	0.0394723049	-0.0529334482	-0.0158625194	-0.1074176537	0.0006648932	0.085228311	-0.0051125179	0.0080954685	0.0492058285	0.0291637743	-0.0322084647	-0.0576403158	0.0687090676	0.0339891844	-0.0115045374	-0.0533515689	-0.0782873035	-0.0784076511	-0.0536744641	-0.0119276293	-0.0875121794814077	0.0060032088713058	0.0076583815575861	3.603851675252467e-05	0.0097654153571511	-0.0001998718280731	3.9948747657283027e-08	9.536333709768256e-05	-0.1894835463406821	-0.001685265419077	2.8401195327371057e-06	0.0359040143338414	-0.0001208643822593	0.0008429565273733	7.105757070412531e-07	1.4608198898922192e-08	0.0001401170233743	-6.871654881710003e-05	1.9632780239274132e-08	4.721964081332891e-09	-0.0019319930451368	-0.0002020919475038	4.084115524591905e-08	3.732597126456965e-06	0.0	0.0	0.0	0.0
1764.2780839988427	-2.243594376049714	5.033715724241905	3112677.1576786274	2440.858982227466	-15.555931373879504	241.98700090884864	5957792.571120502	1962.040592460573	-1.5969333203729548	3849603.286463036	2.55019602971739	2088.393440638344	1469.1262099763987	0.946323	29.481606	0.0460084041604469	0.0226356155508394	0.0739783851	-0.0506911546	0.0722606922	-0.1027508421	-0.015192917	0.0379592379	-0.0923252288	-0.0345454162	0.0485394171	0.0274492881	-0.0500607635	0.1167480726	0.0214991502	-0.0119164441	0.0088921061	-0.0505803193	0.0725359149	0.0813771638	-0.0740797769	0.0465708062	0.0634529534	-0.0096462785	0.0074951262	-0.0144476107	0.099653267	0.0199364672	-0.0631523888	0.0566312423	0.0029164648	0.2171344304	-0.0041198785	-0.0835044358	0.0381082995	0.0679396807	-0.1317279618	0.0809019447	0.0332357043	0.0960201901	0.1167342808	0.1011400006	-0.014133046	-0.0681289909	-0.0600336642	0.0313874512	-0.0224236888	0.0736679528	-0.0497972221	-0.0793429666	0.0970786838	0.0230712528	-0.0449894274	-0.063188918	-0.0194706389	0.0182805738	0.0132595121	0.0395619261	-0.0622403841	0.0164923607	-0.016926964	0.0019045143	-0.0331558082	-0.0825576216	0.0899757009	-0.0500697345	-0.136327649	0.025612689	0.0787649427	-0.0060039236	0.0094628292	0.1336008923	-0.1369378107	0.0432729257	-0.0583572176	0.0654842798	-0.0396529079	-0.0289966374	0.021063382	-0.1474074487	0.0283055363	0.0429404357	-0.1178908873	0.0233354114	0.0119574229	-0.0559743842	0.001705936	-0.0388443457	0.0360994873	-0.0585414472	-0.1363585791	0.0021316216	-0.1120271724	-0.1302190595	-0.0542173173	-0.0516897435	0.0432523876	-0.086263709	-0.0192605336	-0.0869797424	-0.0384290506	-0.0368387773	-0.1259817174	0.0505463283	0.0787576227	0.0896280933	0.0397477161	-0.1748149681	-0.0652467165	0.0303736488	0.0454482791	-0.0430292553	0.0001890904	-0.0562987789	-0.0921743087	-0.0871946963	-0.00329889	0.003752499	0.0025356623	0.0275562071	-0.0139046979	0.026353435	0.0118089706	0.00411719	-0.2043426941	0.1012609158	-0.04135488	-0.0527052215	-0.0879791261	0.0718108959	-0.0033357353	0.0401909009	0.0295559707	-0.0637740763	-0.0551138894	0.0319731042	0.0380871221	-0.0035891933	-0.0794870487	-0.0341674681	-0.0493800895	-0.0370053676	-0.0247803732	-0.0813442041	0.008659931	0.0543619495	0.0263928652	0.0232606875	0.0347034624	-0.0099527699	-0.0126894078	-0.0103090138	0.0682433853	0.0324269895	-0.0140379523	-0.0558930371	-0.0793936715	-0.0768225931	-0.0490241061	-0.0051268245	-0.0817853977926432	0.0057267816887645	0.0066888512921008	3.279602851076842e-05	0.0098808912814547	0.0001154759243036	1.3334689093770981e-08	9.763201251592752e-05	-0.1745027464019415	0.0149807999387406	0.0002244243668045	0.0304512085018203	-9.818917655783502e-05	2.2675205701464985e-05	5.141649536037501e-10	9.641114393105698e-09	-0.000180897676657	-0.0003210147000312	3.2723969419900525e-08	1.0305043763618549e-07	-0.0020920100715768	-0.00016001702644	2.560544875069968e-08	4.376506139578768e-06	0.0	0.0	0.0	0.0
1767.1104457644944	2.83236176565174	8.02227317152584	3122679.32752999	2440.362164815267	-0.4968174121991069	0.2468275410642173	5955367.495461857	1961.3230439893568	-0.7175484712161051	3846788.082883677	0.5148758085445696	2084.766380157338	1437.98923054865	1.145809	35.696392	0.1427324031603389	0.0669185998713029	0.0226122509	-0.1048267278	0.0416973224	0.0721114695	0.0684583155	0.0374088924	0.0154521602	0.0430400995	0.0640447725	0.0238692662	0.0911822628	-0.0048550296	0.0049076814	0.003669747	-0.0283788036	-0.1187861641	-0.0189485004	-0.067336375	-0.0571845709	-0.0267486284	0.0847925695	-0.0208923253	0.0519022282	0.0083570292	0.0264237733	-0.0341381415	-0.0291108505	0.0477035265	-0.1171062804	0.0747659709	-0.0425155962	-0.0697061988	-0.0572817009	-0.028080394	0.1197768336	0.0501904789	-0.005453477	-0.2002271045	-0.064747327	-0.0135065553	0.0181394558	-0.0775795221	-0.0235260873	-0.0191061742	0.0180241323	-0.0764679464	-0.0413260827	0.0146867678	0.0754492868	-0.0148566194	0.0017559733	-0.0083653257	0.0989399854	-0.0327681764	0.0014305226	0.1672295942	-0.0049207163	-0.0397094753	-0.02076236	-0.0360482304	0.0777712474	-0.0354134507	0.0915751889	0.0503413312	0.0438837441	0.0458466166	-0.0609860523	0.1394426507	0.022543115	0.0784298363	0.0057428155	0.1397658579	-0.0032365587	0.0229101726	-0.0580414684	-0.0897583029	-0.0139716281	-0.0491945463	-0.0689582229	0.0282341522	0.0336137287	-0.0130512006	-0.0318364602	-0.0033433073	-0.0179451918	-0.0345410295	-0.0010366289	-0.1381256947	-0.0671135922	0.1304175783	0.118080981	-0.0590602703	0.0704450597	0.0243735771	-0.0307336336	0.0247006813	0.0357704605	-0.0513708105	-0.0206792761	0.0599651489	0.1547196433	0.0491091586	-0.139932009	0.1253353443	-0.0532438848	-0.0114762434	0.0187728788	0.0788182601	0.0685416619	-0.080057257	0.0205396253	-0.0752500176	-0.0285940056	-0.0217788388	0.1448108107	-0.0819038372	-0.0519498596	-0.0454593165	0.0855525087	0.1051250674	-0.0390943253	-0.0672350229	-0.0412304258	-0.0714751092	0.09497784	0.0376320235	-0.0618243323	0.0928793762	-0.0433191109	0.0504707201	-0.0545312111	-0.0674507074	-0.0303957762	0.0312615124	0.0272074204	-0.0074276337	0.0640931474	0.0568860307	-0.0802968235	-0.0357862293	-0.0446145799	-0.0988627969	0.0018687771	0.0415285447	0.0325203762	0.0104881229	0.0126890123	0.0207889895	0.0463890514	0.0600418006	0.0677702193	0.0308505711	-0.0165575133	-0.05833645	-0.080282427	-0.0749343514	-0.0441104375	0.0017099414	-0.0637418039998607	0.0180435937927825	0.0040630175771566	0.0003255712769589	-0.0196583146992281	-0.0295392059806827	0.0008725646899692	0.0003864493368138	-0.1224963023246061	0.0520064440773354	0.002704670225569	0.0150053440832012	-0.0005089500450854	-0.0004107608685275	1.6872449111351954e-07	2.590301483924307e-07	-0.0003834050052902	-0.0002025073286332	1.469993980815783e-07	4.1009218150154864e-08	-0.0023416050606068	-0.0002495949890299	6.229765854888579e-08	5.483114259859375e-06	0.0	0.0	0.0	0.0
1761.110910149985	-5.999535614509341	35.99442758976598	3101511.637849309	2429.337950529876	-11.02421428539128	121.5333006102252	5901682.877884697	1959.622874116082	-1.7001698732749446	3840121.8087589736	2.8905775979917414	2081.988837578278	1417.9410206216626	1.162237	36.208187	0.0989435187808399	0.0434914337722422	0.0875917105	-0.0414815323	-0.0916633269	-0.0808024729	0.0519829516	0.0388433861	-0.0046824825	0.0278216492	0.0432488	0.0046369379	-0.0013422439	0.0858519444	0.0598432345	0.0549244534	0.0912860767	0.0077464598	-0.001719217	0.115559909	-0.014569895	-0.0203150729	0.0811930283	-0.068952536	0.0679508573	0.0530429257	-0.01991093	-0.025062095	0.0106363382	0.0601403431	0.0170504585	-0.0047286454	0.1360548787	-0.0420194735	-0.0369091796	0.0716604001	0.0183639937	-0.0841977878	-0.0578821069	-0.0373007839	-0.0587057505	0.102291196	-0.0686848829	0.0869405314	-0.0391353308	-0.0410492762	-0.0096644871	-0.0089783145	0.1243021767	0.0945685455	-0.0089088178	0.0436295976	0.0147988008	-0.0564084086	0.0302881631	-0.0363726704	0.0682379859	0.1122368154	-0.0076023102	-0.0616468223	0.050933284	0.0357284542	-0.0176791669	-0.0141149688	0.0362123506	-0.0960057595	-0.0388462641	0.0637003694	-0.0236313027	-0.0556269359	-0.0107984672	-0.0034056023	-0.0438093774	-0.0082408737	-0.0087688814	-0.0200218892	-0.0278209391	-0.0776675416	0.0095179186	-0.0226395628	-0.0659771358	-0.0670810581	0.0023399083	-0.030623183	0.0442202265	-0.0377651529	-0.0066808393	-0.04784883	0.0096516141	0.0127034417	-0.0089384662	0.0380503752	-0.0259725412	0.0135774753	-0.0596104893	0.002312805	0.0555112052	0.033158292	0.1230337493	0.0224275541	0.0157613197	0.1050647334	-0.02358182	-0.0320630304	0.0386163281	-0.1045970326	-0.0141213745	-0.087037928	-0.0063886761	0.0695938569	0.0114222616	-0.0107751094	0.0339815417	-0.1087699796	0.0683747822	0.0182355137	-0.1200836282	-0.0729910583	-0.0923615511	-0.0025424202	0.0555819284	-0.0736090466	-0.0409177535	-0.0609478827	0.0292925739	0.0498211854	0.1413219307	-0.0798093989	-0.0779416249	0.0694583982	-0.0090552992	0.023338981	0.0180032876	-0.0732490772	-0.0209533582	0.0049981387	-0.0793557635	-0.108912679	-0.0118957484	-0.0025831081	0.0428149974	-0.0148109876	-0.0968232044	-0.084195955	0.0195124507	0.047710951	0.0190216253	0.034367071	-0.0269336184	0.0412986461	0.0447424903	-0.0629721214	0.0672896215	0.0292606206	-0.0190607341	-0.0606775209	-0.0809511339	-0.0727503781	-0.0389598496	0.0085347133	-0.0774455566599243	-0.0137037526600636	0.0059978142463655	0.0001877928369682	0.0034734429568175	0.0231317576560456	0.000535078212258	1.2064805974265098e-05	-0.1438615672973568	-0.0213652649727507	0.0004564745473558	0.0206961505452519	-0.0002858105256228	0.0002231395194626	4.979124514600005e-08	8.168765655678123e-08	-0.0003472452707451	3.61597345451e-05	1.205792780548378e-07	1.3075264023720982e-09	-0.0017860494447749	0.0005555556158319	3.086420422823618e-07	3.1899726191807283e-06	0.0	0.0	0.0	0.0
1757.8147776015646	-3.296132548420473	10.864489776756844	3089912.792354438	2442.493303652163	13.155353122287124	173.0633157720696	5965773.538385657	1959.947286128256	0.3244120121742071	3841393.364401516	0.1052431536429179	2089.2707299613453	1439.4954301277094	1.080773	33.670261	0.1007186903409606	0.0607892440942272	0.0963114657	-0.0404716887	0.0287012726	-0.0500392115	-0.03772796	-0.0038428436	-0.0909924826	0.0224689563	-0.0122470931	-0.0554420928	-0.0651794906	0.1029770512	0.0271617674	-0.0354312892	0.0547186426	0.0799342882	0.0373242024	0.0397044913	-0.0919270414	-0.0092578944	0.006754423	0.0215564362	0.0479159425	0.058747078	0.0266544637	-0.0480114767	0.0636056009	0.1409732993	0.0584177322	-0.1873426388	0.0869528632	-0.0527676296	0.0651017101	-0.0220053235	-0.0472561529	-0.0091419855	0.0266393142	0.1650181974	0.0793504263	0.1810114962	0.0658326216	0.0952776986	-0.0252139549	0.0109473474	0.0475504139	0.087374477	0.095720597	0.0307685257	-0.114453013	-0.0583324278	-0.0894128721	0.0320849275	-0.0859265591	-0.1139658073	0.0655509718	-0.1262611622	-0.0730951748	-0.0452001053	-0.0535945829	0.037304779	-0.0755318705	0.1480500213	-0.1154005276	0.0685379932	0.0432167767	-0.0581444855	0.1145089245	0.0135348694	-0.1058883338	0.1068583932	-0.0811692005	0.0547912056	-0.0962330317	-0.0089500575	0.009670323	-0.0194778696	-0.0630427581	-0.0527104621	0.0099889996	-0.0746738158	-0.1356251468	0.0475600082	0.071106171	0.0147451129	0.030096283	-0.09979645	0.0308854784	-9.47817e-05	0.0376524497	-0.1046861112	0.0019903871	0.1892182463	0.051006496	-0.0699630598	0.0482521909	-0.0530388458	0.0929765302	0.040556568	0.0650616291	0.0093441237	-0.0707543255	0.0264234805	0.1623968733	-0.1924661958	0.0295697066	0.0231211787	-0.0731870316	0.0060667478	-0.0345788918	0.0294438364	0.0173446976	-0.0015536598	0.0365239825	-0.0033124575	0.0433648624	0.0797442448	-0.1032359673	0.0422207496	0.0797504869	0.0246202524	0.1005947403	-0.0576610651	-0.0920125088	0.0388485156	-0.0237426795	0.0137060813	-0.0938280786	0.0646407097	0.0091847979	0.047503618	0.0891660618	-0.0286952853	-0.0144201109	0.0433807865	0.0028333288	-0.0323693553	-0.1039267102	-0.0254862877	-0.0577625724	-0.0339158173	-0.0112381981	-0.0765550836	0.0121457696	0.0044703244	0.0057416879	0.0580373654	0.0543738972	-0.0007439356	-0.042310823	-0.1012792316	0.0668016447	0.0276578354	-0.0215451443	-0.0629121428	-0.0813979594	-0.0702792922	-0.0336000067	0.0152996203	-0.0775584504056325	-0.0001128937457082	0.0060153132293229	1.2744997820029151e-08	0.0207479460841284	0.0172745031273108	0.0002984084582954	0.0004304772667098	-0.1944491688378633	-0.0505876015405065	0.002559105429621	0.0378104792617358	-4.86133808125992e-05	0.0002371971448102	5.6262485506111375e-08	2.3632607940307882e-09	-0.0006429543182879	-0.0002957090475428	4.133902554050582e-07	8.744384079866996e-08	-0.0019080170909706	-0.0001219676461956	1.4876106718519449e-08	3.640529219435911e-06	0.0	0.0	0.0	0.0
1760.68261499788	2.867837396315281	8.224491331704408	3100003.2707557725	2438.454424257632	-4.038879394530795	16.312546763565443	5946059.97918162	1959.183382642399	-0.7639034858570994	3838399.526822113	0.5835485357046277	2083.6730264343314	1431.5997072658708	0.968684	30.178244	0.0871847289008548	0.0484398482478432	0.0748446499	-0.0494614925	0.0309675275	-0.0011105718	-0.013476317	0.004265566	-0.0696991041	0.025774547	-0.0335272304	0.01368412	0.01034712	0.0529067134	-0.0234020784	0.038713114	-0.0636579146	-0.0432169042	0.0245136874	-0.086558238	-0.0861852218	0.0120977968	0.0044436775	0.0220552351	0.0103364499	-0.0341783134	0.0457670771	-0.0256491538	0.0316168901	0.0468499553	-0.0464445487	-0.0506997806	0.0110104414	-0.0291592213	0.014163534	-0.1310978251	-0.0851650056	0.0251523725	0.0484362292	-0.0548296993	-0.1078737294	-0.0190507841	-0.036068824	-0.0471536439	0.0737366513	0.0606563769	0.0791077161	0.0173270102	-0.1757291691	0.0027138558	0.083076721	-0.0169408007	0.0081837789	-0.0344678569	-0.0375941304	0.0856380949	0.0203159891	0.0314098135	0.0363377743	0.0209767382	-0.0080671901	0.067883394	-0.0463637799	-0.0372373363	-0.0363738237	-0.0632859568	0.0326107288	-0.0030038085	-0.0638477918	-0.1070555813	-0.0567684806	0.0204805465	-0.004833972	-0.1343354484	-0.0756809408	0.0732338509	-0.0295787088	-0.008089485	-0.0216246191	-0.0024226956	-0.0178621294	0.0255532888	-0.0244915957	0.0665217328	0.0136507457	0.0722425315	-0.0429554053	0.0140657635	0.0271658369	-0.091361158	-0.0723903239	-0.0327523628	0.1243293643	0.0135717902	-0.0046019542	0.0370834212	0.0081563648	-0.0025881134	-0.0267153167	0.0378983443	-0.1030018791	0.0668716194	0.0653425467	0.0171585989	-0.088306683	0.0281453578	0.0528177152	0.1121715746	0.0061475861	0.0698919002	0.0549448642	0.0453324416	-0.150607014	-0.0293850157	-0.0060780232	-0.031065525	-0.0194266642	0.0518759031	0.0855553817	0.0786146589	0.064430369	-0.0553020598	0.0881519755	0.0195212192	-0.0265668674	0.1243179187	0.0185938613	-0.0494876721	-0.0845734593	0.048423842	0.0056070744	0.056005083	0.0229836089	-0.0220836548	-0.0321298464	0.0189105902	0.0425252665	0.019117743	0.0020404463	0.103059584	-0.0822961717	-0.0216108164	-0.0525928553	-0.0229812356	-0.0036177212	0.0048719167	0.0584766114	0.0622217549	0.032142652	0.0462989274	0.0260930361	-0.0169290159	0.0663063423	0.0260429185	-0.024008292	-0.0650363955	-0.0816216788	-0.0675308461	-0.0280596966	0.0219572114	-0.0826041464246856	-0.005045696019053	0.0068234450065508	2.5459048316688247e-05	-0.0036593904193154	-0.0244073365034438	0.0005957180751923	1.3391138240977338e-05	-0.2019141839295812	-0.0074650150917178	5.572645031957563e-05	0.0407693376719487	-0.0008019147530204	-0.0007533013722078	5.674629573701556e-07	6.430672711117691e-07	-0.0004477579007455	0.0001951964175423	2.0048713768001706e-07	3.810164142138696e-08	-0.001851181254988	5.683583598259986e-05	3.2303122518409927e-09	3.4268720388189468e-06	0.0	0.0	0.0	0.0
1763.70164537035	3.01903037247007	9.114544389896768	3110643.49388208	2431.0149239434136	-7.439500314218549	55.34616492525789	5909833.560435601	1959.659390795101	0.4760081527019792	3840264.9279314266	0.2265837614387508	2084.871823781464	1421.1755536409603	1.00494	31.307775	0.0850892551584689	0.043237173700511	0.0607598983	-0.0459256731	-0.0658632084	-0.031652439	0.0300434734	0.06681166	-0.0101447884	0.0793275286	0.0308658834	-0.0641094727	-0.0083014206	0.0932762395	-0.0072649022	0.0679243712	-0.0171072099	0.0270550077	-0.0612057233	0.0036937959	-0.0356066964	-0.0096275218	0.0542203236	-0.0519121629	0.0773582009	0.0188140561	0.0377771893	-0.0255338303	-0.0447496862	0.0292451892	0.0402353627	-0.1754694612	-0.0171968551	-0.0190549585	-0.0462611226	-0.0029673669	-0.0057907853	0.0598514224	-0.0520339786	0.1672740782	0.0865559599	0.087821701	-0.0773005402	-0.0949998368	0.0040530062	0.0658394242	0.0286347528	0.0461689484	0.0207610361	0.0043510214	0.0484416387	0.0060883247	0.0549556281	0.0160508474	0.1588060822	0.0453299075	-0.0810500534	-0.1151192417	0.0725185296	0.1493604924	-0.069062602	0.001063407	0.0844603395	0.0582548007	0.0366566389	0.0178121355	0.065304159	-0.0654417795	0.064825592	0.013443557	0.0633352442	-0.0151588649	0.0602476051	0.0946624692	-0.0682431696	-0.0313314001	-0.0028554508	-0.0538206562	0.0164998622	-0.004038749	-0.0655056026	-0.0586462824	-0.0601670561	0.0192154551	0.0040018466	0.0821571237	0.0183872973	-0.0438855336	0.07967709	0.0168565544	0.0685330309	0.012128308	0.0626383632	0.0735022507	0.0274209458	0.0079530406	0.0273613807	0.1532184516	-0.0021444782	-0.0982478676	0.0210855421	-0.1024892036	-0.1069311377	0.0353493829	0.0588013501	-0.0172172394	0.1123606433	-0.0453367818	-0.0288303621	-0.0737307279	0.0394686747	-0.0186106272	0.0570970606	-0.0476199753	-0.0030818993	0.1134245514	0.0398023512	-0.0060102721	0.06896905	0.0114085646	0.0057054385	-0.0298995545	0.0360773605	-0.1284689337	-0.0277350027	-0.0478310537	-0.0685849962	-0.002000146	-0.0970620273	0.0467927774	-0.0001721026	0.0542926836	-0.0397937386	-0.0167019892	-0.046147372	-0.0492142939	-0.0182409821	-0.0737546639	-0.0192437586	0.0413095263	-0.0421136311	-0.0006749302	-0.0789828252	-0.0553121282	0.0232711508	-0.0269675181	0.0563681919	0.0222627208	0.0222114018	-0.0163372438	0.0199169212	0.0693140363	0.0658037687	0.0244165784	-0.0264477464	-0.0670465522	-0.0816216788	-0.0645158866	-0.0223686765	0.0284607885	-0.0996700438434885	-0.0170658974188029	0.0099341176397629	0.0002912448547091	-0.010296078789949	-0.0066366883706336	4.404563252890327e-05	0.0001060092384488	-0.1723718281575088	0.0295423557720724	0.0008727507845636	0.0297120471423617	-0.0010441368220492	-0.0002422220690287	5.8671530724592746e-08	1.0902217031590027e-06	-0.0001399879974164	0.0003077699033291	1.9596639420654013e-08	9.47223133952036e-08	-0.0019380755545693	-8.689429958129999e-05	7.550619299724711e-09	3.7561368552191e-06	0.0	0.0	0.0	0.0
1761.952187272001	-1.749458098348896	3.060603637878535	3104475.5102325887	2429.69948803937	-1.3154359040436248	1.7303716176470685	5903439.602178777	1959.32204844236	-0.3373423527409613	3838942.8895123657	0.1137998629528072	2084.6812037110226	1437.1882549640352	1.054054	32.83786	0.1131202403284877	0.0510640316236842	0.0831372435	-0.0205902203	0.0268201201	-0.0748711691	-0.1004890721	-0.0241708705	-0.0490947794	0.0256523568	0.0466453582	0.0101466617	-0.015183439	0.0882556826	-0.0825337053	0.0114396848	-0.042485362	-0.044655664	-0.0372134809	0.0272512061	-0.0406939694	-0.0440604533	0.0132126764	0.0237072211	0.046867673	-0.0066844987	0.054534586	0.0314291643	0.0270345179	0.1051463406	0.0364276567	-0.0030630629	0.0062373399	-0.0219183556	0.137211776	0.0315786227	0.0695653028	-0.0391963592	0.0538852632	0.0255484529	0.0185250992	0.0463626359	0.0868189613	-0.104358724	-0.0399271494	0.0675310623	0.006877391	-0.1540828556	0.0841539465	0.0224875427	-0.0268502068	-0.1241425625	0.0696784518	-0.0672060579	0.0139033654	0.0151594397	-0.0218915178	0.0346461474	-0.0063486421	-0.1266809684	-0.0122777139	0.1133714572	-0.0273014877	0.0495793935	-0.1174715016	-0.0353999609	-0.0172638275	-0.0072435764	-0.0011493955	-0.000965165	0.0691566465	0.0532592726	0.0751657877	-0.0099566653	-0.0341993943	0.0060198143	0.021365549	-0.0291273177	-0.0016767445	-0.0437779152	-0.0324632643	0.0085290484	-0.1039306796	-0.0598872954	0.0260029303	-0.1050525917	0.0500067434	-0.0443950577	-0.0408885857	-0.0142292489	0.0594285165	-0.0046453848	0.0397850747	0.0445541257	0.0501551937	-0.0182299764	0.0514795262	-0.1259120131	0.0052789835	-0.0716508556	0.0432426934	-0.0584253255	0.0428276388	0.0137742654	0.007728661	0.0153216846	-0.0080871182	0.0365751981	0.0438835179	0.0188798548	-0.0103884116	-0.0576979902	-0.0407986957	-0.1361807275	-0.0434495019	0.0371087049	-0.0401960914	-0.027133011	-0.1230087959	-0.0319004456	-0.0548312072	0.0065058073	-0.1037635091	-0.0685797986	0.0845747266	0.0569827687	-0.0022248915	-0.0182068209	-0.0781021449	0.0414554338	-0.0040317286	0.0424914353	0.0361748986	-0.0208868421	-0.002743218	0.0339175888	-0.0602509603	-0.0453790571	-0.1155131887	-0.0156194431	-0.0719577949	-0.0602552822	0.0213464344	-0.0647373751	-0.0164796675	-0.0189853073	0.0769104709	0.0594940685	0.0213703078	-0.0246061087	-0.0071874923	-0.1091399714	0.0652939789	0.0227795284	-0.0288611001	-0.0689390864	-0.0813979594	-0.0612463124	-0.0165575133	0.0347647336	-0.0808238191773966	0.0188462246660919	0.0065324897464205	0.0003551801841648	0.0162119567182656	0.0265080355082146	0.0007026759465047	0.0002628275406349	-0.1578126577408625	0.0145591704166462	0.0002119694432209	0.0249048349432346	-0.0004930920000828	0.0005510448219664	3.0365039581598146e-07	2.43139720545656e-07	-0.0005920075828322	-0.0004520195854158	3.504729781308242e-07	2.0432170559947175e-07	-0.0019991473419378	-6.107178736849983e-05	3.729763212383255e-09	3.9965900947769705e-06	0.0	0.0	0.0	0.0
1764.4449926225718	2.492805350570734	6.21407851583408	3113266.131990868	2436.246563381619	6.5470753422491725	42.86419553708712	5935297.317588749	1957.6706047473392	-1.6514436950208164	3832474.196691813	2.7272662778240075	2082.1651462591453	1448.125254559306	1.068935	33.301453	0.0816491183876914	0.0408128972006095	0.0418293559	-0.0689554264	0.1004013425	0.0323096127	-0.0253996455	0.0083721494	-0.0630580881	-0.0055508806	-0.0438775526	0.0367670656	0.0211276378	0.1259502334	-0.0489566449	0.037249049	-0.0933743022	0.0364607038	0.0887831818	-0.0453868705	-0.062748387	-0.0058725162	-0.0139912758	-0.0015956929	0.0327515797	-0.0614014865	0.0466243816	0.0486076476	-0.0531126042	-0.0412461104	0.0378404994	0.0486249424	-0.0419241614	-0.0615025901	-0.0469509393	-0.0600307624	0.0443599945	0.0083149971	0.0768757472	0.0521270568	0.0772377841	0.0227719383	0.0463150381	0.1053591357	0.0120933293	0.01453803	-0.0300819036	-0.1080538082	-0.0343732017	-0.0502289507	-0.0202787147	0.0293140113	0.0293768578	-0.0334612861	-0.0253047327	-0.0242146154	0.0563124013	0.0357871764	-0.0090304063	0.0402814138	0.0433310247	-0.040290762	-0.0451977452	0.0914062519	-3.57177e-05	-0.0294206175	-0.0077491605	-0.0097890399	-0.0726453879	-0.1123844421	-0.0007549895	0.0485356888	0.018715554	0.0591335444	-0.045668889	0.0969688752	0.0068518825	0.0126219282	-0.0181742512	-0.0238182231	-0.0227294174	0.0480131725	-0.0401960969	0.0495332524	-0.0744663136	0.0681617631	0.0538823936	0.0600164066	0.0354564117	-0.0681985784	0.0098196095	0.0613706807	-0.0743995343	-0.0098944146	-0.0273199941	0.0744990331	-0.0218805998	-0.0309248568	-0.030663214	0.0655573511	0.0465589091	0.0043241032	-0.015355068	0.0147412275	0.0572570216	0.024773722	-0.0139002209	-0.0702086517	-0.0736589683	-0.0526250312	-0.0348918023	-0.0373474963	0.0263797188	-0.0642448155	-0.0708328654	0.0010027765	-0.0713444145	0.0076754242	-0.060698935	0.0257327394	-0.0374412873	-0.0025669369	-0.0482513505	-0.1464067911	-0.0560291927	-0.0493603598	0.0814373999	-0.0166474586	-0.0807830584	0.0578582316	-0.0102624532	0.0673613642	-0.0245426008	-0.0314937964	-0.0253353785	0.0119959301	0.0636865512	0.0361351384	0.0045365642	0.0797618185	-0.157207579	-0.019750208	-0.0091548276	-0.0322759016	-0.0332421234	0.0040236986	0.0665579244	0.0465680882	-0.0022902399	-0.0052811119	-0.0041636162	0.0469885161	0.064777029	0.0211324865	-0.0312459714	-0.0707106781	-0.0809511339	-0.0577350269	-0.010657419	0.040824829	-0.0758240624254114	0.0049997567519852	0.0057492884426926	2.499756757902164e-05	-0.001493282150264	-0.0177052388685296	0.0003134754833916	2.229891580297076e-06	-0.1810551952219441	-0.0232425374810816	0.0005402155485594	0.0327809837168562	-0.0005942477780346	-0.0001011557779518	1.0232491413033868e-08	3.531304216990592e-07	-0.0008880010967304	-0.0002959935138981	7.885459477943932e-07	8.76121602698039e-08	-0.0016822649280659	0.0003168824138718	1.004144642212821e-07	2.8300152882005672e-06	0.0	0.0	0.0	0.0
1764.7402499338748	0.2952573113029757	0.0871768798778623	3114308.149736675	2429.6820622196906	-6.564501161928547	43.09267550496124	5903354.923472129	1961.735342070252	4.064737322912833	3848405.552327489	16.522089504280586	2081.44114999796	1411.960116437051	1.106153	34.460949	0.1031770644483791	0.0483161949265462	0.0633795557	-0.0338367547	-0.0348606868	0.0366346414	0.0066951905	0.0546385657	0.0523556708	0.0664881235	-0.0203506703	-0.0474173672	0.0332966286	0.0389654423	-0.0146374271	0.1097296211	-0.0324799222	-0.0571281912	0.0046368751	-0.0915376161	-0.0067701347	-0.0224626589	0.0243925131	0.0247883275	0.0691748462	-0.0381139943	0.0497028385	-0.0150824742	0.0690433854	0.0169291868	0.0129615783	-0.1187395425	0.0977527454	-0.0353601454	-0.0346711196	0.0044065544	-0.0566065871	0.0125426331	-0.1143734306	-0.0367890959	-0.0015927169	0.134009594	-0.0455556925	0.0645263429	0.0303274303	0.0003898207	0.1580445415	0.0824349171	-0.0215579708	-0.0387755219	0.0782040906	-0.0296902586	0.0258121396	0.1210508721	-0.0028537145	-0.016616865	0.0298649209	0.0702499692	0.0264126277	-0.1054680087	0.1623273197	0.0746518192	0.0072377875	-0.0098889054	-0.0558382534	-0.0491338842	0.0472236426	-0.13858455	-0.0757097878	0.0852150888	0.0087782028	-0.0181150641	-0.0212510121	-0.0407947733	0.0050812656	0.0068999325	-0.0456103238	0.003275147	-0.0164560667	0.0552122317	-0.0977657524	0.0067848892	-0.0015790966	-0.0142272908	-0.0207802835	0.022206511	-0.070841421	-0.0741607775	-0.0148212529	-0.0277782341	0.0342203107	0.0283560055	0.0853240138	-0.0216799441	0.1073676889	0.0101171654	0.1013138658	-0.0309075726	-0.0059235525	0.0876567771	0.0132487634	0.0913272936	-0.0831701059	-0.0207341332	-0.001401635	-0.1628664988	-0.0309229043	0.0199092652	0.0283647687	-0.0098894487	-0.0884547371	-0.023067172	-0.0807407478	-0.0644222371	0.0110629522	-0.0485453788	-0.0709571279	-0.055579603	0.0747541807	-0.0102719517	0.0843791307	-0.0253249148	0.0005123448	-0.0559958047	-0.0870832361	-0.1310429177	-0.105422196	0.0354703673	-0.0897393636	0.0196926226	0.021284393	0.0145160293	-0.0600040572	-0.0431314972	-0.0002757639	0.0104180741	-0.0404544383	-0.0141671311	0.0045128929	0.057885242	-0.0213274449	0.0498769911	-0.0913758542	-0.0334231007	-0.0416728791	-0.040185313	0.130496122	-0.0177897601	0.0416988828	-0.0511831865	0.0130519084	0.0089626576	0.0642529755	0.0194761753	-0.0336000067	-0.0723582192	-0.080282427	-0.0539958877	-0.0047000831	0.0465985677	-0.0725907713179196	0.0032332911074917	0.0052694200805304	1.0454171385785502e-05	-0.0247903675721516	-0.0232970854218876	0.0005427541891547	0.0006145623243623	-0.1937434118469738	-0.0126882166250296	0.0001609908411236	0.0375365096341061	-0.0012203385125815	-0.0006260907345469	3.91989607885477e-07	1.489226085289628e-06	-0.0003748879388145	0.0005131131579158	1.405409666685843e-07	2.632851128264273e-07	-0.0018222304614825	-0.0001399655334166	1.95903505445934e-08	3.3205238547547247e-06	0.0	0.0	0.0	0.0
1762.6021126291218	-2.138137304752945	4.571631133976188	3106766.207444644	2420.081873010706	-9.600189208984377	92.16363284830004	5856796.272075008	1956.3750829622493	-5.360259108002765	3827403.465235548	28.7323777049266	2072.610425399634	1417.4503822073473	1.16582	36.319798	0.2080920155534394	0.0886912767400226	0.0324664082	0.0322378233	-0.0484046299	0.0809248179	-0.0706974222	0.0941892188	0.0374699717	0.0582728071	-0.0837687668	0.0150594639	-0.0888416812	0.026821354	-0.0261897872	-0.0071046481	-0.0262566157	0.0731520396	-0.0144516899	0.0054811302	-0.0091676109	0.0378128114	-0.0528248992	0.0061757367	0.0081686868	-0.2389498025	0.1065849589	0.1572827994	0.0276746711	0.0147185219	0.0060362041	0.0293905719	0.0864081095	0.0578287157	-0.1431643431	-0.1094017756	0.0531503184	-0.0767767843	-0.0175805795	-0.133829888	-0.0114409477	-0.0545011001	0.1472935815	-0.1327512157	0.0742316707	0.0610350277	0.0046508015	-0.0589389374	-0.0393096601	0.0042997688	0.0163295074	-0.0265142168	-0.1108430864	0.0773014055	0.0936836711	-0.0171599111	-0.0708531719	-0.0592933364	-0.0775681184	-0.061949741	-0.0288226003	-0.1180410033	-0.1069230144	0.0065784685	-0.0726627678	-0.0396950624	-0.0120383814	-0.0318239965	0.0767975292	0.1069283638	-0.0322442031	0.0349206376	-0.0333476171	-0.0520958295	-0.0028344402	0.0415243966	-0.034451279	0.0725616215	0.028031592	0.1429530669	-0.0796850449	0.143290868	-0.1072024097	0.1191857407	0.0558977076	-0.0017830346	0.1120952805	0.0046721456	-0.0862282575	0.0046567383	0.0625723947	-0.0155153736	-0.0345815854	-0.1440980237	0.0445010078	-0.049926306	0.0265049345	0.1125372821	0.0156810378	0.0708981273	-0.0099822255	0.1316698817	0.1816515624	0.0598564336	-0.1126689597	-0.012702748	-0.0200752664	0.033614462	0.1297633727	-0.0438927694	0.0542160055	0.1373828409	0.0738989831	-0.0331098326	-0.1399268327	0.0954824461	-0.0523276162	0.0171348946	0.0181282772	-0.0673289059	-0.0916395804	0.0120621665	0.0325857329	0.0833288774	-0.0744924469	0.0232777661	-0.1944417412	-0.0820264304	-0.0480353672	-0.0188523936	0.0469707575	0.0226952777	-0.0315794727	-0.0255744687	0.0060894233	0.025347915	-0.0484383059	0.179755165	-0.0982161233	0.0023725036	0.0464338721	0.0958508986	-0.0338170737	0.1099624027	-0.0631481222	-0.1200562719	0.104370048	-0.220413605	0.0732089649	0.0335655431	-0.0194148913	-0.0124741641	0.0637218759	0.0178113211	-0.0359208828	-0.0738788195	-0.0793936715	-0.0500436514	0.0012824971	0.0520454508	-0.0611146119820062	0.0114761593359134	0.0037349957977111	0.0001317022331032	-0.0050656458205651	0.0197247217515865	0.0003890646481775	2.5660767579408662e-05	-0.2496525327041183	-0.0559091208571445	0.0031258297950187	0.0623263870855808	-0.0004296810347968	0.0007906574777847	6.251392471768636e-07	1.8462579166404885e-07	0.0005637434086926	0.0009386313475071	3.178066308443518e-07	8.810288065229944e-07	-0.0011318790145984	0.000690351446884	4.765851202149702e-07	1.2811501036882452e-06	0.0	0.0	0.0	0.0
1779.020047617913	16.417934988791103	269.54858929617114	3164912.329826441	2443.855520742911	23.77364773220461	565.1863264949574	5972429.806265604	1966.091733087092	9.716650124842772	3865516.702913405	94.41328964860706	2088.16521138456	1475.5247278896582	1.311535	40.85939	0.2791661348076862	0.121432162338273	-0.0059013901	0.0082088465	0.0741309094	0.042280414	-0.0322041782	0.0955870464	0.0349790899	-0.0589322251	-0.0283286676	-0.0120166679	-0.0008163426	-0.124984579	-0.0545917792	0.0930752448	-0.118122957	-0.0385552085	0.0310941469	0.0442446777	0.1799319843	-0.051397495	0.0729470949	0.0813120733	0.1063056404	-0.1373979454	-0.1470845022	-0.0045220157	-0.0334975613	-0.0271327243	0.0267229778	0.0481754248	-0.0258988709	0.0400969495	0.0214953168	-0.0216286862	-0.067820022	0.0348408282	-0.0089812895	-0.0343395177	-0.0192990325	-0.0282801227	-0.0632820333	0.0235663744	-0.0515368775	0.001202717	-0.0243845474	-0.0304923323	0.057106184	-0.0166064397	-0.1609345316	0.085048163	-0.0188423659	0.0207615523	-0.0416722691	-0.060723471	0.0758808045	0.076819667	-0.0430093588	-0.0134037758	-0.1055489553	-0.1147088906	-0.0532076273	-0.0682639094	-0.088916564	-0.0830545777	-0.0855098523	-0.0413706214	0.0545832765	-0.0768978857	-0.0267632463	-0.0152184265	-0.0247380924	0.0644269804	0.0763882312	-0.1414337448	0.0855862732	0.101140886	-0.0162264997	-0.0253839843	-0.2242845024	0.0667813381	0.0881227608	0.0714530237	-0.0875396286	0.0353544508	0.0577577825	-0.0074227713	0.0030964618	0.0524541725	0.0100838973	0.0099514607	0.0730779354	-0.0690720274	-0.0702054398	-0.0117584236	-0.0417495332	-0.0258506603	-0.0496879676	0.0493994033	-0.0467671975	0.0420499418	-0.0975781649	-0.0405562683	0.0729454355	0.0623857658	-0.0704023505	-0.0379370068	0.038123942	0.0434083998	0.1056212629	-0.0193744658	0.0053410377	0.0717501362	0.037624471	0.024958013	-0.0755625735	-0.0009106047	-0.1448821664	-0.0462982572	0.0419172008	0.0345433319	0.0500602526	0.088113762	-0.0179735009	0.0767038482	0.1232390335	-0.0955664885	-0.0392909874	0.0046559692	-0.0019800297	0.1492200728	-0.0856299647	0.0373585541	-0.0078294276	0.0283630668	-0.1463221472	0.0630793675	0.0073587805	0.030871149	0.0329881302	0.0140395638	0.1348525312	0.0925608527	-0.0176993751	-0.0444020551	-0.0350654924	-0.0669411055	0.0510630768	-0.0328473215	-0.0563836614	-0.0530838299	0.0631837885	0.0161386543	-0.0382063093	-0.0752698111	-0.0782873035	-0.0458939156	0.0072581889	0.0571272725	-0.1022380124265254	-0.0411234004445192	0.0104526111849263	0.0016911340641202	0.0222285575790266	0.0272942033995917	0.0007449735392182	0.0004941087720441	-0.1686829581468529	0.0809695745572653	0.0065560720039845	0.0284539403691729	-0.00123816619837	-0.0008084851635732	6.536482597179841e-07	1.5330555347860185e-06	-0.0001491342848407	-0.0007128776935333	2.224103491494704e-08	5.081946059373577e-07	-0.0022060952856181	-0.0010742162710196	1.153940596923469e-06	4.866856409226406e-06	0.0	0.0	0.0	0.0
1771.0914813338668	-7.9285662840461555	62.86216332051346	3136765.0352533907	2458.8813691315827	15.025848388671877	225.7761197993532	6046097.587462407	1963.7832217298069	-2.3085113572851697	3856444.5419475	5.329224686714616	2096.316654746485	1505.6001800161548	1.252123	39.00848	0.109789988850858	0.0613559385104027	0.0348356855	0.0536805292	0.0102039879	-0.1470144261	0.0093907958	0.1046664223	-0.0834368515	-0.0513944126	-0.0261319168	-0.0751253748	-0.0733794942	-0.0080806447	0.0513695869	-0.016429697	-0.0213825312	0.0475517896	-0.0331474928	0.1227047578	0.0332370771	-0.0027748522	0.0077483774	0.0512995609	0.0917073242	0.0015206048	-0.0805283819	0.0399677187	0.0125448828	-0.0363242547	0.0387487607	0.044183302	0.0077178688	-0.0684508149	0.0229914445	-0.0471705998	0.105827416	-0.0621051076	-0.0495297184	0.0503902329	0.0406564567	0.1063894431	0.0442908871	0.0048241076	-0.0813350858	-0.0202618112	-0.0065704996	0.0060630443	-0.0303000487	-0.0567409281	-0.0551729935	-0.0868880694	0.0205896191	-0.1010313392	0.0311237791	-0.0263722495	-0.050849264	0.0212912661	0.0359011809	0.0628786595	-0.0457242124	0.00399205	0.0324009473	-0.0819195886	0.034483929	0.0866102397	0.0971139186	-0.0026668662	0.0146925557	0.0084834116	-0.0070641852	0.0289887869	-0.0325001124	-0.0634850755	-0.0743350474	-0.1067673918	0.076957864	0.0598329118	-0.0222259339	-0.0808575093	-0.0207317562	-0.0358427491	-0.0219150369	0.0689393756	0.02694031	0.0049322724	0.0993623937	-0.0540982052	0.0137266646	-0.0010341968	0.0154963193	0.0561045081	0.0042482644	-0.0430740667	0.0791982503	-0.030953353	0.0403583932	-0.0188201639	-0.0135297927	-0.0006232731	0.0949441687	-0.0695117841	0.0046877414	-0.0437739176	0.0089104516	0.0141431443	-0.0258989608	-0.0695506006	-0.0253288104	-0.0348831891	0.0050076041	-0.0556638775	0.0324721257	-0.0335409442	0.0120985489	0.0213069457	0.0607770181	0.115265737	-0.0477009472	0.0394511529	0.0342995355	0.0396869265	0.0003684446	-0.0049406355	0.07512136	-0.0850772382	-0.0144503292	0.0111978559	-0.0517062645	-0.0019115343	0.0163865208	0.1277233892	-0.017887289	0.0475178499	-0.0806788667	-0.0780979538	-0.0909493889	0.0695203343	-0.07635723	0.0198952367	0.0789855776	0.0313875462	0.0666805444	-0.0315436291	-0.0244068894	0.0595606235	0.0441700807	-0.0029935553	-0.00216326	0.0724482084	-0.0285982984	-0.0356599718	0.0626387723	0.0144589085	-0.0404540309	-0.076528754	-0.0769663555	-0.0415630576	0.0131948967	0.0618083875	-0.1022804078692303	-4.239544270490114e-05	0.0104612818338961	1.7973735621445554e-09	-0.0073813147757704	-0.029609872354797	0.0008767445408673	5.448380781900643e-05	-0.2149960303748841	-0.0463130722280311	0.0021449006591988	0.046223293076958	-0.0014269220862338	-0.0001887558878637	3.5628785203251414e-08	2.03610664018182e-06	-0.0004220795310712	-0.0002729452462305	1.781511305492841e-07	7.449910743982828e-08	-0.0019913034432059	0.0002147918424121	4.613553556682721e-08	3.965289402923674e-06	0.0	0.0	0.0	0.0
1760.039867641447	-11.051613692419778	122.13816520648032	3097740.3356873225	2443.3115632798936	-15.569805851689123	242.4188542592929	5969771.395257237	1951.697580577797	-12.085641152009885	3809123.4460332254	146.0627220551548	2082.399544897652	1471.2844843421362	0.988411	30.79283	0.1341309751786609	0.081964241205779	0.0069289459	0.0289739068	-0.0188697323	-0.080643653	-0.0227314094	0.0073193524	-0.0906610831	-0.0524405477	0.0787570163	0.022817038	-0.0929514481	-0.0118051415	0.0111158627	0.0759235367	-0.0398385405	-0.0218399772	0.0443743898	0.0547958046	0.0551459944	-0.0642349099	-0.0605710176	-0.0896608346	0.0810985948	0.0049492505	-0.0016082905	-0.0431892203	-0.0226854894	0.0173770018	0.0040918335	-0.0419340501	-0.0599551034	0.0284019438	0.0059637469	-0.0970521834	0.0286544132	-0.0416737997	0.0060731425	-0.0354361124	0.029992221	-0.0287704349	-0.0198637964	-0.0397257712	0.0774917636	0.074935898	-0.0022530203	-0.0762606556	-0.0156222924	-0.0137239069	0.0266881742	0.025677635	0.0021962997	-0.01693128	-0.0227650055	-0.0662313983	0.0580122497	0.0066478199	0.0392424189	0.0179647082	-0.0238777569	-0.0840122079	-0.1088137624	0.062286841	0.0027606608	0.0371167008	-0.0384714897	0.1332936942	-0.0208789804	-0.0807510378	0.0103808835	-0.0976098475	-0.0670532091	-0.0250766988	-0.0136576879	-0.0400058838	0.1382844836	-0.0060479918	0.0721828194	-0.0203299384	-0.0531106957	-0.0281073484	-0.069472439	-0.0148474631	-0.0208736811	-0.0216110453	0.0250353518	0.0427969002	0.0715076987	0.0356368017	-0.0193207612	0.0419946047	0.0193600137	-0.0029157759	0.0176451214	-0.0062497386	-0.0317821582	0.0442953298	0.0204694383	0.0280691766	-0.0765045876	-0.0385417139	0.0510406715	0.0678467323	-0.0607557545	-0.0484767793	-0.0684344793	0.0300455776	-0.0074488655	0.0189301181	-0.0171406026	0.0395525332	0.0466242361	0.0180508726	-0.1398195465	0.053251353	-0.097160863	0.0746250305	-0.0181774446	0.0206863569	-0.1261705088	-0.0744856004	0.0340836463	-0.0024770436	0.0611162468	0.0502400324	0.0004552928	-0.0596679882	-0.0569058214	-0.0181223388	-0.0108568809	0.1063690557	-0.1064077743	0.0347717578	0.0254855439	-0.1620150717	-0.1001608089	-0.0111230813	-0.0624236079	-0.0003890714	-0.0062485315	0.0230595437	0.034344654	-0.0290879611	-0.005094714	0.0249915025	0.0760881943	0.0186542618	0.0229902268	0.0126723468	-0.0722362029	0.0645940502	0.0620868871	0.0127728206	-0.0426618292	-0.0776534394	-0.0754344479	-0.0370681691	0.0190607341	0.066055961	-0.0811851273909383	0.0210952804782919	0.0065910249094828	0.0004450108584578	-0.0189689881736114	-0.011587673397841	0.000134274174775	0.0003598225123306	-0.1392246982089062	0.0757713321659779	0.0057412947782069	0.019383516591361	-0.0015520041311991	-0.0001250820449653	1.5645517972701338e-08	2.408716823259073e-06	-0.000421154923337	9.246077342000072e-07	1.7737146945099434e-07	8.548994621424713e-13	-0.0023788305732374	-0.0003875271300314	1.5017727651045096e-07	5.6588348961689774e-06	0.0	0.0	0.0	0.0
1757.7939053212235	-2.245962320223498	5.044346743863718	3089839.4135844386	2411.5796983506943	-31.73186492919922	1006.9112518849432	5815716.6414972255	1951.7326747484933	0.0350941706963112	3809260.433680908	0.0012316008168618	2075.824181406471	1426.0802427772926	1.027479	32.009941	0.0536586611518581	0.0279075017858164	0.0313823683	0.0273344693	-0.0101673567	-0.0040527669	-0.0549759045	-0.0583163848	-0.0174715116	0.0423289153	-0.0126161189	0.1345220074	-0.1011277923	0.0141712572	-0.0216062158	0.0453344724	-0.0500956763	-0.0906236287	-0.0500059373	0.0626335587	0.0272493428	-0.0849286968	-0.1258262584	0.0086524932	0.0952027979	0.0224969696	0.0466984939	0.1185656408	-0.0786535466	0.0277434457	-0.0396719145	0.0367731447	0.0837479385	-0.0136174272	0.0398966752	0.0636362316	0.0087874445	-0.0090696232	-0.0483340631	0.0185312908	0.0484783678	-0.033648525	0.0300300149	-0.0296172795	0.0397358131	0.0746097897	-0.0373733536	0.0701720005	0.0141151131	-0.0232175459	-0.064569484	-0.0993797403	0.0873245735	0.0020118521	0.1136635886	-0.0396605053	-0.0450746143	-0.0148746373	0.0036381404	0.0360036957	0.0096258993	0.0717783311	0.0114684326	0.0159918784	-0.0213008945	0.0799933976	-0.0426612222	-0.0474197357	-0.0287998017	0.0746131096	-0.0379980774	0.0179700382	-0.1348536388	0.0256542313	3.49191e-05	0.0156330376	0.0646801311	0.0589898709	-0.0185055114	0.123478091	-0.0704122767	-0.0523853425	-0.0895600439	-0.0896956927	-0.0113674382	-0.1079068383	0.1483864844	-0.0303442073	0.012185118	0.0076838515	-0.012340539	0.0904631607	0.0042993692	-0.0289680407	0.0379079778	-0.127006644	0.0043242179	-0.0178114525	-0.0233577243	-0.0247847784	0.0406926738	-0.0382297903	-0.0602299065	0.0039980502	-0.0025557233	0.0368685079	0.0471786388	0.0113365488	-0.0689962653	-0.0391933383	-0.023184938	0.0583250062	-0.0669950966	0.0114288217	0.029476671	0.0235535874	-0.0249467857	-0.0679855267	-0.0533371812	0.0185065747	0.0306937322	0.0384045241	0.0053880141	-0.0979420453	0.0206089875	-0.0663015862	-0.0584566384	0.0225872267	-0.0450471556	-0.0043914329	-0.0017246571	0.1124406932	0.0367461053	0.0604105393	0.0661249972	-0.0203414855	-0.1224083992	0.0393885066	-0.0794198758	0.0275171118	-0.0208396998	0.0069258614	0.0553745065	0.0115551309	0.023236991	-0.0879071364	0.0362464707	0.0046430384	0.0011321599	-0.0518611859	-0.057312116	-0.149402761	0.0615281933	0.0110811301	-0.0448275254	-0.0786418943	-0.0736957799	-0.0324269895	0.0248241955	0.0698401994	-0.1038909006301196	-0.0227057732391813	0.0107933192337373	0.0005155521383891	-0.0069894965924675	0.0119794915811438	0.0001435082185426	4.88530626161148e-05	-0.1453159228665441	-0.0060912246576378	3.710301782981589e-05	0.0211167174385553	-0.0015529501940777	-9.46062878600046e-07	8.950349702650056e-13	2.4116543052859662e-06	-0.0004213527969485	-1.978736114999929e-07	1.7753817949632385e-07	3.9153966128050125e-14	-0.0021223310762496	0.0002564994969878	6.579199195499451e-08	4.504289197214785e-06	0.0	0.0	0.0	0.0
1769.8965379651245	12.10263264390096	146.47371691321715	3132533.7551009334	2432.2623890064383	20.682690655743954	427.7736927611983	5915900.328975307	1961.6566338665195	9.923959118026232	3848096.749192524	98.484964576256	2083.108945947818	1455.034609495011	1.0925	34.035599	0.0769725361084048	0.0402549660809385	-0.0543646121	-0.0091944449	0.0490166087	0.0745868533	0.0189366469	-0.0037656764	0.0527377655	0.0737995932	-0.0205854816	0.0128801168	-0.0167752098	-0.1418859013	-0.0153571732	0.0214488404	-0.0607420353	0.0005337257	0.0821471039	0.0867407914	0.0826399811	-0.0332034735	0.0294663057	0.0307773789	0.0597312452	-0.0121935848	-0.0218361684	0.1232060127	0.0332192327	-0.0274593735	-0.0709951948	0.002277961	-0.0223945416	0.0089292097	-0.0525116571	0.0249696316	-0.1086793805	0.0210312015	-0.0960236284	-0.0415126418	-0.0960293436	-0.0330382931	-0.0056257347	0.0756197747	0.0749275791	0.017286135	-0.0173766589	-0.0897978654	0.0707467303	-0.1175044465	0.0389733762	0.0583476479	0.0586233373	-0.089841947	0.0591191043	0.0349641119	0.0316630382	0.0678173664	0.0301636673	0.1620652035	-0.0016044795	-0.0728525598	-0.0340221	-0.0239968264	-0.0198865935	-0.0122027117	-0.0018431356	0.0568472817	0.0029162493	0.0417215052	-0.0020131794	0.0015506074	0.0369598071	-0.0529981637	0.0325515818	-0.017586321	-0.023228244	0.0521974855	-0.0287376484	0.0768378001	-0.1219964099	-0.0258050729	0.0323128293	0.0647919414	-0.1679153622	-0.0518745278	0.0124793653	0.057628419	0.0765069355	-0.0739499584	-0.0507710219	-0.0142143339	0.0914757782	-0.0207978958	-0.0331561079	-0.0086055264	-0.0004325665	0.0509646328	0.024261375	0.152878256	0.0041304044	-0.0288014221	-0.058820388	0.0614494178	-0.0587623977	0.0187258503	0.0383485592	-0.2150891277	-0.0887595328	0.0411506174	0.0716438079	0.0122792202	0.0383000574	0.0980926039	-0.0802951286	-0.0027134466	0.047569992	-0.0160882334	-0.0621474547	0.1360182864	-0.0465262369	0.0387099843	-0.0356571652	0.0644973487	0.1000082538	-0.0197456889	0.0430504178	-0.0372154149	0.0052045494	-0.0075277935	-0.0329780039	0.1513635988	-0.0463550408	0.089363749	-0.0227471303	-0.0652516646	-0.0541346626	0.1295841109	0.0636672477	0.0735241512	-0.0342695658	0.056519985	0.0508748276	0.0632162401	0.0154461674	-0.1368369337	0.0044434494	-0.0418925617	0.0067834445	0.0124285609	0.00858466	0.0351714466	0.0609627523	0.009384579	-0.0469489822	-0.0794923845	-0.0717551168	-0.0276578354	0.0304543249	0.073134559	-0.103817237343776	7.36632863436032e-05	0.0107780187696939	5.426279754939677e-09	-0.0115629422912917	-0.0045734456988242	2.091640556009358e-05	0.0001337016344317	-0.1283637829583312	0.0169521399082129	0.0002873750474676	0.0164772607753735	-0.0019109870638747	-0.000358036869797	1.2819040013403392e-07	3.6518715582964472e-06	1.673038897598289e-05	0.0004380831859244	2.7990591528768977e-10	1.9191687778974505e-07	-0.0018109853876706	0.0003113456885789	9.693613779673153e-08	3.2796680743564333e-06	0.0	0.0	0.0	0.0
1771.8650824128808	1.9685444477563576	3.875167242792384	3139505.870274005	2422.692470974393	-9.56991803204528	91.5833311400654	5869438.80891601	1957.8202359924792	-3.836397874040358	3833060.076461647	14.71794864794138	2077.5436709995784	1430.388541571862	1.247755	38.872398	0.1554745120485009	0.0751683142618465	-0.0119879575	0.0990204854	-0.1052882268	0.121929275	0.0081597526	0.0683712635	0.1021602004	0.0106125836	-0.0042999783	0.0042056841	-0.0082389292	-0.0824132829	-0.041460833	0.1417550816	0.0789979362	0.093664291	-0.1339683607	-0.0139532028	0.0794331539	-0.0473803385	-0.0812217487	-0.0158155438	0.0832355545	0.0930159895	-0.0409791713	-0.0410054497	-0.0562402583	-0.0145674478	0.0257183312	-0.1259179429	0.0387894407	0.0150884754	0.0391133646	0.0639443803	0.0419515552	0.0100403847	0.0135356641	-0.13002972	-0.0403023313	-0.0255618853	0.081424743	0.0585127661	0.0252710539	-0.083105538	0.0826553975	-0.0300978677	0.0006817719	0.0041401875	0.0802654956	-0.1524072687	0.0503187028	0.1770007132	-0.0016268092	0.0051716296	-0.0026726844	-0.0319552196	-0.0231919522	0.0646770389	0.0538136844	-0.0437494657	-0.0164459723	-0.0150226603	-0.0857661574	0.0087407932	0.0354391157	-0.0348649963	0.0641261894	0.0533343012	0.1348406062	-0.0442241982	0.0564244582	0.0803276044	0.0750190818	-0.0016806096	0.0384360949	0.0372172385	0.0052086398	0.1012521895	-0.0691359339	-0.0813731369	0.0714631406	-0.1336531233	-0.0301668771	0.0084188167	-0.0100020593	-0.0692243984	0.0492305974	0.0667131813	0.0426831197	0.0853702562	0.0535626524	-0.0146947158	0.0809530265	0.0673623785	0.042522293	0.0001559754	-0.0170467842	-0.015826174	0.1123111971	0.0267023392	-0.0349613228	0.0322408448	-0.0870407404	-0.0415733037	-0.0073916552	0.1387048417	0.0472335671	0.0140452629	-0.0223249161	0.0829412381	0.0124582296	0.0232224729	-0.0289599955	-0.0230308971	0.0484822012	-0.1255113906	0.0277505737	0.0486461654	-0.0353927682	0.0862181264	0.032852928	0.0204670504	-0.0374476964	-0.0608725408	-0.0036321034	0.0247076324	0.0242390988	-0.0982508691	0.0508345504	0.0835831568	-0.1092777549	-0.0375189405	0.0132894995	-0.0525457229	-0.136046112	0.1024019655	0.0704582022	-0.0595716815	0.1318696289	0.1060858682	-0.053676584	-0.0231472809	-0.0647280647	-0.0836460236	0.0528949634	-0.0376306124	-0.151865044	0.0255231	-0.0233421319	0.0731918686	0.060390626	0.0076839116	-0.0490241061	-0.0802034182	-0.0696177779	-0.0227795284	0.0359208828	0.0759159322	-0.0557142140638262	0.0481030232799498	0.0031040736487498	0.0023139008486713	-0.0165354049021999	-0.0049724626109082	2.472538441688001e-05	0.0002734196152796	-0.1535291491997483	-0.0251653662414171	0.0006332956580646	0.0235711996539985	-0.0011513796594277	0.000759607404447	5.770034088907082e-07	1.3256751201438466e-06	0.0002001968805729	0.0001834664915969	4.007879099111999e-08	3.3659953538881666e-08	-0.00120938608539	0.0006015993022806	3.619217205045048e-07	1.4626147035349484e-06	0.0	0.0	0.0	0.0
1769.4181347902534	-2.4469476226274764	5.987552667882259	3130840.5357246194	2448.7281022248444	26.035631250451388	677.8540946094809	5996269.318625688	1957.776589495954	-0.0436464965250706	3832889.1743784095	0.001905016658913	2085.3873953956227	1503.4946004394935	1.186274	36.957027	0.1814697475638153	0.0800258016306043	-0.0362873583	0.2424455277	-0.0083724873	0.0587682128	0.0093725268	0.0502412852	-0.0071242758	-0.0406503922	-0.0057216867	-0.0377749272	-0.0065978477	-0.1622189743	-0.0516141441	0.0329420882	0.0555483212	-0.0527938275	-0.1302009563	-0.0406970431	0.0369436101	-0.0083746768	-0.1602602518	0.0983271903	-0.1013938658	0.0192837467	-0.0576453546	-0.1621243928	-0.1493090958	-0.039843731	-0.0322336206	-0.0020619879	0.1345150032	0.0718040752	-0.0917944354	-0.0072656177	0.0657704273	-0.0307353185	0.1339173556	0.0635387666	0.0644126878	-0.1101275009	0.0185743292	0.0373823115	-0.0039184268	0.0281424335	0.0732459429	0.0340561689	-0.0495387032	-0.0430482318	-0.0142193134	0.028019998	0.1498153436	0.0373075895	0.0966663537	-0.0347891388	-0.1106571819	0.0892642339	0.0600913529	-0.0505629736	-0.0384566346	-0.1253161084	-0.0135096044	0.1387278371	-0.0655580849	-0.0199749417	-0.0314513131	-0.0048036141	0.0522233168	0.1431457397	-0.0175654754	-0.0419814736	-0.0927964895	-0.0219032496	0.0093583285	-0.0482428352	0.0906953638	0.1085432331	-0.0302486258	0.0886716055	0.1013763072	0.0960013414	0.0456378354	-0.1341807469	0.093391354	0.0668994256	-0.0484903327	0.0799629149	0.0164169302	0.0337869075	-0.0054109926	0.1136890768	0.0445674887	0.0318826914	-0.1126476436	0.0942614547	0.0851648967	0.1633257462	-0.0145688626	-8.08941e-05	0.0590816343	0.0248720437	-0.0523751137	0.000562161	0.0766185306	0.0326357848	-0.0438323668	0.0070501337	0.0249443349	0.0614636906	-0.0016343689	0.1366877223	-0.0446293358	0.0205833369	-0.0313308392	0.0014675012	0.1079502735	0.0939696129	0.0292435473	-0.0499501204	-0.2042508451	0.0408232112	0.0764632573	-0.0944321606	-0.0536931061	0.0099635882	-0.1009139628	0.0277273268	0.0813267606	-0.1963687708	0.0827818246	0.0480370958	0.0137712365	-0.0067598878	-0.0261279303	0.0850295347	-0.067262718	-0.0053183529	0.0089565521	0.0584123602	0.045960053	-0.0411519851	0.0100338155	-0.1280011933	0.0157152324	-0.0590008966	-0.0174191429	-0.0823948336	-0.2170226612	0.0908253702	-0.0052928893	-0.0665083971	0.0598118772	0.0059798738	-0.0510508491	-0.0807737477	-0.0672896215	-0.0178113211	0.041194508	0.0781648097	-0.0358485122948621	0.0198657017689641	0.0012851158337548	0.0003946461067734	-0.0001359188770493	0.0163994860251506	0.0002689431418891	1.8473941138342733e-08	-0.1721724673270088	-0.0186433181272605	0.0003475733107942	0.0296433585054699	-0.001708962657647	-0.0005575829982193	3.10898799903224e-07	2.920553365231897e-06	0.001039564765858	0.0008393678852851	1.0806949024133985e-06	7.045384468479809e-07	-7.511213604559656e-05	0.0011342739493444	1.28657739216135e-06	5.641832981332207e-09	0.0	0.0	0.0	0.0
1766.0118839022416	-3.406250888011755	11.602545112080868	3118797.9740839447	2454.0331316347474	5.305029409903	28.14333703993577	6022278.611161046	1961.8946958455847	4.11810634963058	3849030.79758704	16.958799906867696	2092.7855756874183	1515.1037430045878	1.107163	34.492409	0.0977787202041595	0.0485299810184064	-0.0112380078	0.1935146214	-0.018386994	-0.0746232322	0.0118162268	0.022217887	-0.0585018738	-0.0311588013	-0.0048060592	-0.0539611247	-0.0323981437	-0.0999537673	-0.0014067677	0.0119226751	0.02024848	0.0500402444	-0.0651160497	-0.0234963955	-0.0003551519	0.00620942	-0.0874556843	0.0331232036	-0.0123821613	0.0592273667	-0.0934324892	0.0336908582	0.0070583126	-0.0937848341	-0.0076324082	-0.0658266642	0.0595933304	-0.0563692382	0.0510946061	0.0452961318	0.098546517	-0.0276759787	0.0979333482	-0.0317425888	0.0064380125	-0.1081335348	-0.0025417306	-0.0465811986	-0.0630655445	-0.0008304557	0.04223918	0.0619055496	0.0027872273	0.1063016384	-0.0252147225	0.0572325629	0.0587469663	-0.0521955315	-0.0106142881	-0.0165522879	0.0865135894	-0.1085780849	-0.0673978849	0.0331572841	0.0239266276	-0.0291927665	-0.0732293785	0.0014199106	0.1661584952	-0.0187083182	0.0895547951	0.0770395298	0.0438488841	0.0044715285	0.0485325634	0.0602725053	0.034586164	-0.0876085087	-0.0509447405	-0.0574433831	0.1010664952	0.0575766631	0.0086224005	0.0140933061	0.0779663435	-0.0522588716	0.0488793644	-0.0411047873	0.0212722726	-0.0048252946	0.0539752345	-0.0448713195	-0.0830923631	0.0477063215	0.0353451756	-0.0423059309	0.0070706031	0.0470740258	-0.0748052189	-0.0382390061	0.0141615408	0.0361589567	-0.0644569116	0.0438461227	0.0818510558	-0.0496407259	0.0982778217	-0.0138868243	0.0068256386	0.0506120013	-0.0565281293	0.0922387167	-0.0475589198	0.0590795374	0.0450218853	-0.1109721271	0.0868367448	-0.0849633793	-0.0576715513	-0.0568266	0.07338483	0.0573314589	0.0644659791	-0.0005648665	0.0133712053	-0.0713412944	0.0550441989	-0.0181511315	-0.074205496	0.0228812701	0.0566929573	-0.0122279063	0.0343368496	-0.1496760878	0.0582019587	0.1266166763	0.023594074	0.0234902017	-0.0309356608	-0.07718123	-0.0634501563	0.0306665396	0.0312528243	-0.1203677429	0.1180164504	0.0020287874	0.027287687	-0.0314743162	-0.0355637576	0.0051823083	0.0932297871	-0.0479162012	-0.0391306721	0.072263948	-0.0847933413	-0.0524768478	0.0592265694	0.0042732129	-0.0530272111	-0.0812023727	-0.064777029	-0.0127728206	0.0462468756	0.0798654172	-0.0319951677425791	0.0038533445522829	0.0010236907588757	1.4848264238609064e-05	-0.0268647447846177	-0.0267288259075684	0.000714430134397	0.0007217145123426	-0.1594469138028458	0.0127255535241629	0.0001619397124963	0.0254233183212521	-0.0015260679481596	0.0001828947094874	3.345047475848048e-08	2.3288833824000515e-06	0.0009646927289457	-7.487203691230006e-05	9.306320612807018e-07	5.6058219113968235e-09	-0.0009067653140488	-0.0008316531780032	6.91647008482828e-07	8.222233347620189e-07	0.0	0.0	0.0	0.0
1757.6820856499655	-8.329798252276078	69.3855389236216	3089446.3142148126	2428.4240615279587	-25.60907010678875	655.8244717344211	5897243.422607947	1954.905509414792	-6.989186430792643	3821655.550740308	48.848726964376	2077.1130804554914	1467.097765576523	1.183954	36.884754	0.1964580121998144	0.113065873165026	-0.0330592021	0.2132755023	-0.0220090029	0.0827464914	-0.061056066	-0.0346693376	-0.0343833821	0.0188481518	0.0130151018	0.0466299476	-0.0596736042	-0.0409600385	-0.1046207721	-0.0024552056	0.0271496412	-0.0867310855	-0.1874562915	-0.158132232	-0.0479884542	0.0103842262	-0.2309737878	0.135444272	-0.2142376909	-0.0144618121	0.0103569276	5.76945e-05	0.0315740402	-0.0482786021	-0.1000947143	-0.1002326277	0.0548459383	-0.0544355599	-0.0282815097	-0.003697596	-0.0244573927	-0.0247975875	0.095292763	0.0898377084	-0.0888520784	0.0162601638	0.0188018851	0.0029440005	-0.1524861214	-0.0451555512	0.0758694532	-0.0452399627	0.1138888289	-0.1584359237	-0.0030999529	0.1816670693	0.0317798742	0.0033210316	0.0594341291	0.0173213825	0.0156126325	-0.0112245409	-0.0157726437	0.0134465905	0.0669415853	-0.0147045088	0.1824724982	-0.0334593199	0.0152873402	0.0907813803	-0.0352596608	0.0165447818	0.0382998231	-0.0938829981	0.0271205836	-0.032411511	-0.0107318025	0.0539448384	-0.0261617749	0.0744966087	0.0491061091	0.0778468939	-0.0097336864	0.167819679	0.1780822598	0.131964409	-0.064228372	-0.1154405958	0.1001605315	0.0386186819	-0.0348220713	-0.068954314	-0.1286224531	-0.0380652302	-0.0898603054	-0.0261002825	0.1219190672	-0.0112349168	-0.007259515	0.0747233106	0.1475866445	0.067725734	-0.1266392201	0.0701753585	0.0604034478	-0.1219123392	0.0515972473	-0.0982774357	0.0884529059	-0.0307690583	-0.0046153259	-0.1315078756	0.0846225863	0.1566437639	-0.1720438493	-0.0865034228	0.0903680274	0.1054437619	0.0129221094	-0.0390302604	-0.0242853097	0.0606961369	0.0375130755	0.0404016879	0.1081327757	0.014771249	-0.0083121953	0.1131511065	-0.0362946626	0.0652683203	-0.0112606815	0.0716789302	0.0693551853	-0.210793036	0.0973581015	0.142434778	-0.0103936809	-0.0683147687	0.0256250445	0.0045307546	0.0018942159	-0.0035694773	0.0266324568	-0.073431179	-0.0479790599	-0.0586704538	-0.0555689692	0.0274564102	-0.1720502869	-0.0215104269	0.1252982942	0.0670072326	-0.2255787502	-0.0413667071	0.0691543106	0.0138813538	0.0586347667	0.0025646777	-0.0549512416	-0.0814885411	-0.0620868871	-0.0076839116	0.0510508491	0.0810058262	-0.0084133053584167	0.0235818623841624	7.078370705396317e-05	0.0005561042335055	-0.027132758828074	-0.0002680140434563	7.183152748979628e-08	0.0007361866016224	-0.1914321240253116	-0.0319852102224657	0.0010230536729753	0.0366462581088422	-0.0019271117798542	-0.0004010438316945	1.608361549402866e-07	3.713759812052822e-06	-0.0008117389961708	-0.0017764317251165	6.589201979043781e-07	3.1557096740003844e-06	-0.0002717823598653	0.0006349829541835	4.03203352103605e-07	7.386565113395143e-08	0.0	0.0	0.0	0.0
1763.8141654798806	6.132079829915028	37.60240304045072	3111040.410347488	2434.5809851752388	6.156923647280109	37.90770879843701	5927184.573376836	1953.382438125729	-1.5230712890629547	3815702.949578018	2.3197461515678905	2074.8823728768903	1493.0704497869035	1.286546	40.080883	0.2576131798141451	0.1289966304401819	-0.0959834786	0.17853072	0.0395757939	0.164804006	0.0294780808	0.0136754724	0.0150049943	-0.0566090425	-0.0037408628	0.0965186598	0.04660361	-0.1390956398	-0.0591435552	-0.005676376	0.0410232849	0.0475410804	-0.0280322242	-0.1481806565	0.075028605	0.0617011858	-0.1087384423	-0.0619596513	-0.1549474095	-0.1245758688	0.0720674486	-0.0489494699	0.0179752581	-0.1251076134	0.1118626107	-0.0039311316	0.0095953582	-0.0038568905	0.0265751263	0.0084069292	0.0511358056	0.1101767721	-0.1551891758	-0.018135462	-0.0618197289	0.0149673175	-0.17784544	0.1616527049	0.031932369	0.006872126	-0.1490634464	-0.1181108999	-0.0636751504	0.0031357517	-0.0899570938	-0.1017760959	0.0285590791	-0.001008618	0.0521984283	0.1066671806	-0.1017379471	-0.0468299766	-0.0284197378	-0.0110762941	-0.025032988	0.134906618	-0.0075797232	0.0276013413	0.1295060206	0.074646011	0.092410941	-0.0161423605	0.0591817747	-0.1156941963	-0.0415035878	-0.0101016659	0.0415861467	0.0268482533	0.0794311427	0.0737348266	0.0160209596	0.0753695284	0.1128052476	0.1072105349	0.0866943725	0.1025186914	0.0381079159	0.0339031258	-0.0485089208	0.0908870196	-0.2056232675	-0.0184059249	-0.0215522178	0.0621608599	0.0016143447	-0.0697017811	-0.0709097606	0.0080116038	-0.0668558494	-0.1862646989	0.0495654245	0.0001363123	0.0643817323	0.1406273339	0.0786684344	-0.0451470185	-0.110311931	-0.180584999	-0.0365771768	0.1253077265	0.030172756	0.053894516	-0.0503630191	-0.0088027913	0.051596988	-0.0204797041	-0.0130115409	-0.1292224912	0.0622780901	0.0226713356	0.0159120131	-0.1018219857	-0.1066652146	-0.0715740768	-0.0467046257	-0.0767325214	-0.10079428	0.0140234462	0.0819123687	-0.0813799156	0.0377217318	0.181403955	0.1123495533	-0.1703515367	0.0015627235	-0.0301915363	-0.0497392701	-0.041014297	0.0774712618	0.0850793809	-0.0120406683	-0.001266146	0.0087029561	0.1000476666	-0.0576586979	0.1065070679	0.0463495982	-0.0347112302	-0.0661529327	-0.0481439653	-0.0282395822	-0.1291490459	-0.0298127341	0.0457844121	0.0169054109	0.0345101586	0.058036534	0.0008550176	-0.0568210419	-0.081631751	-0.0592265694	-0.0025646777	0.0555806262	0.0815780375	0.0385378635505162	0.0469511689089329	0.0014851669270382	0.0022044122619151	-0.0017370391990851	0.0253957196289889	0.0006449425754742	3.017305179158206e-06	-0.1122289208370332	0.0792032031882783	0.0062731473952837	0.012595330672245	-0.0020855911251087	-0.0001584793452544	2.5115702872294983e-08	4.349690341132172e-06	0.0005641722273097	0.0013759112234805	3.182903020675878e-07	1.8931316948996065e-06	0.0003150888331586	0.0005868711930238	3.444177972012956e-07	9.928097278124807e-08	0.0	0.0	0.0	0.0
1754.8915099930543	-8.922655486826216	79.61378093658998	3079644.2118457025	2444.0962595056603	9.515274330421562	90.5404455831795	5973606.52572956	1971.639260394392	18.25682226866297	3887361.3731285455	333.3115593495482	2100.08932232172	1434.0485106105298	1.655524	51.57597	0.0804506570185647	0.0354656427576663	0.011927631	0.0110212906	-0.0240271556	-0.058581004	0.0933018772	-0.0856751849	-0.0426014634	0.0459960359	0.0157203283	-0.0029361356	-0.020143181	-0.0807626118	0.0570413876	-0.0583288044	0.1322706941	-0.0181101717	0.0227344117	-0.1135211709	-0.1159742424	0.1897004941	0.0402063905	-0.0816899717	-0.1264709272	0.2142924735	-0.286150735	-0.1448916758	0.0356462065	0.106989397	0.0211369193	0.0987001708	-0.0390912176	0.0948278893	0.08981045	0.0457160342	0.079644146	0.0611320243	-0.1538113025	0.1263513167	-0.0436633417	-0.0023593896	0.0147208568	-0.0629224822	0.0429457256	0.170358418	0.0182141341	-0.145322674	0.0735325085	0.0205504824	0.0812881983	-0.0788560209	-0.1085893034	-0.0263878794	-0.1233019691	0.0916609382	0.1247986086	-0.0334372292	-0.0970650896	-0.0761430504	0.0540861974	-0.1560270421	0.0552410467	-0.0172142429	0.0482633583	0.0039158945	-0.0496264165	0.0056210835	-0.0390357127	-0.0647056566	-0.0070425645	-0.0924157461	-0.0048036184	0.1138249861	-0.0941627679	-0.0268419814	-0.1385005473	-0.0326123066	0.0314624164	-0.0978732972	0.2716670781	-0.0851739085	0.2532359515	-0.1043056821	0.0307281062	-0.0711644466	-0.0628425396	-0.0311317013	0.1508829942	0.0145868002	0.1913951945	0.103353457	0.0250944214	0.0051518864	-0.0540560664	-0.0983605498	-0.2699141004	-0.061049248	0.0860076906	-0.116778079	0.0158628247	0.0510268903	0.0670475691	-0.0504568851	-0.0770245163	-0.0267174797	0.1677720971	-0.0260012484	0.1202554731	0.0742767076	-0.0991676463	-0.0360553887	0.0747237645	-0.0488305561	-0.0393496734	-0.026636605	-0.2044692277	-0.0390856805	-0.0226347028	0.0012712185	-0.0173133565	-0.0264066222	-0.0219753382	0.0696412896	-0.0571992464	0.0063105675	-0.0100345024	-0.0374901072	0.0496977535	-0.0719508787	-0.0597024228	-0.0511663359	0.0892362288	0.1007889735	-0.0720969463	0.027916424	0.1911254315	-0.2285125993	0.1939490085	-0.0814845202	0.0740411459	0.2559907954	0.1035910364	-0.1292548704	-0.0948494161	0.0255142478	-0.0672948435	-0.0381955875	0.0997905201	0.183185992	-0.1956995351	-0.0870522475	0.057431937	-0.0008550176	-0.0586347667	-0.081631751	-0.0562039158	0.0025646777	0.0598118772	0.0815780375	0.0308989669191674	-0.0076388966313488	0.0009547461566718	5.835274174443208e-05	-0.0196458809959381	-0.017908841796853	0.0003207266145047	0.0003859606401065	-0.1286073719372211	-0.0163784511001879	0.0002682536604412	0.0165398561165987	-0.0024146849144815	-0.0003290937893728	1.0830272220374893e-07	5.830703236224528e-06	0.0009310316748474	0.0003668594475377	8.668199795691547e-07	1.3458585424766646e-07	0.0003896249460516	7.453611289300001e-05	5.555632125198042e-09	1.518075985857122e-07	1.0	0.0	0.0	0.0
1757.288075575843	2.396565582788753	5.743526592607596	3088061.38056105	2452.8648800320098	8.768620526349423	76.88870593511643	6016546.119694445	1968.113921976757	-3.525338417635112	3873472.409878732	12.428010958854037	2095.2304320970343	1441.534256743119	1.138353	35.464104	0.1148721748480409	0.0536804468987841	0.0084556695	-0.0167643962	0.0326546845	0.063784663	0.0986156194	-0.0631798052	-0.0423196277	-0.0129981705	0.0924376995	-0.0074142641	0.0359510456	-0.0919089494	0.0015922262	-0.0699097787	0.0426855055	0.0202139681	-0.0051709473	-0.1611822272	-0.0120563048	0.1635334876	0.0613852199	-0.1143930523	-0.1282790271	0.0111380863	-0.0997104492	0.0098173777	-0.0559098184	-0.0311696425	0.0467979896	0.0225851671	-0.0578958227	0.000566532	0.0454008552	-0.0556621959	0.024689614	-0.0437845301	0.0104087538	-0.0694651932	0.0074821752	0.0400518007	0.0928502407	-0.0181225905	0.0675061287	-0.0587680987	0.0579767074	0.1301268528	0.0011781991	0.0588374063	-0.0340182268	-0.0480502211	0.0670328247	-0.033813522	-0.1049647159	-0.0592089765	-0.0064976627	0.030727091	0.0673728946	-0.0456909806	0.0264092809	-0.0491997362	-0.0270961234	0.0156660148	0.1118179097	0.0284517532	-0.066238018	0.0415992956	-0.019927702	0.0793510115	0.0177272694	0.0522763488	0.0178291773	0.0640188182	-0.0312473303	-0.0142929911	-0.0944502061	-0.0157766009	0.1099153021	-0.0956739277	0.1666938289	0.0653530331	0.1183477951	-0.0321495265	-0.0872294403	0.0364071912	0.036402987	-0.02996406	0.0205514504	0.0265546325	0.0839932543	0.0235453341	0.0458463322	-0.0695786509	0.0296754922	-0.0624425916	-0.034493597	-0.0754344623	-0.0677776146	-0.0750319939	-0.0166213307	0.1457866316	0.0479802303	-0.0046267057	-0.0585168653	-0.0669108744	-0.0888205388	0.002114984	-0.1500474921	-0.032552517	-0.0720737683	0.0504846707	0.0248992311	-0.0119458489	-0.004900642	-0.0193890603	0.0439574813	0.0297622336	-0.0220234708	0.0611523632	0.0051709283	0.0561159874	0.0380966302	-0.0226611635	-0.0533329152	-0.0379618184	0.0115576284	-0.0430349945	0.0019223715	-0.056465409	-0.0413721096	-0.0486768606	-0.0241306482	0.0013085317	0.0206295976	-0.0200395507	0.1585430331	-0.1173746771	0.1765705244	0.0172320154	-0.0109755414	0.2328410716	0.0300727221	-0.0724114547	-0.0704315582	0.0531271095	0.0011919116	-0.0026252157	0.1111484008	0.088864776	-0.1317126746	0.0568229991	0.0568210419	-0.0025646777	-0.060390626	-0.0814885411	-0.0530272111	0.0076839116	0.0637218759	0.0810058262	0.0126728479043123	-0.0182261190148551	0.0001606010740058	0.0003321914143436	-0.0069365177774187	0.0127093632185194	0.0001615279134202	4.811527887644567e-05	-0.1435273891510675	-0.0149200172138463	0.0002226069136614	0.0206001114365219	-0.0021539779461816	0.0002607069682998	6.796812332012496e-08	4.639620992636704e-06	0.0003461571624416	-0.0005848745124058	1.1982478110962025e-07	3.420781952619224e-07	-0.0001451270812591	-0.0005347520273107	2.859597307129037e-07	2.1061869714785413e-08	0.0	0.0	0.0	0.0
1755.5890915953755	-1.698983980467574	2.8865465658854417	3082093.058528676	2432.2067698725946	-20.658110159415173	426.7575153585324	5915629.771414081	1962.754041799305	-5.359880177451942	3852403.428599508	28.728315516642255	2081.4954869043736	1408.1529797157357	1.303071	40.595703	0.382388614950776	0.2177677134611284	-0.1511109019	-0.0556432369	-0.0050072916	0.0247486684	0.0508506991	-0.1382920895	0.0775516375	-0.0264224019	0.1588909168	0.0796854255	0.0762076298	-0.1054635276	-0.0344817888	-0.0340327043	0.031445277	0.00889959	0.0788752917	-0.0245688308	0.0736949523	0.0905685392	0.06286624	-0.0843001057	-0.1212796633	-0.0452948591	-0.0240327058	0.0664945421	0.0984356544	-0.0535556573	-0.0579613626	0.1044021091	0.003482219	-0.0319396175	0.0093031371	0.014203577	0.0272119033	-0.0276797247	-0.0284865009	-0.0031336207	0.0734958992	0.0700776742	-0.1054436707	0.0185641401	0.0439999095	0.1183912971	-0.0330265431	0.1066248286	0.0364031493	0.0055118391	0.0371484895	0.0436423378	-0.0032919771	-0.0199777075	0.0399647216	0.0085547565	0.0085423121	0.107349449	0.0208008945	-0.0541900563	0.0954493973	-0.0251994891	0.0698054644	0.0698382409	-0.0905209133	-0.0042140265	-0.0382733062	-0.0943478846	0.0834493964	-0.0428501899	0.1495702711	0.0477013844	0.0625188976	0.0168881171	0.1188652616	-0.0231114036	-0.1022039963	-0.0333146277	0.1264866018	0.0162767224	0.0692003113	0.0540312373	0.0977005534	0.0136613139	-0.081525414	-0.0766262703	-0.069197464	0.0144924508	-0.1246455797	0.0060175185	0.0357371569	-0.0176433223	-0.0272596694	-0.0242541658	-0.026960354	-0.0998000985	0.0187753015	0.0885892624	-0.0127850883	-0.0412215915	-0.0816921861	0.0836252969	-0.034219259	0.0583407179	0.0898340401	0.0376480231	-0.0586624654	-0.1199602062	0.0128511465	0.0240565233	-0.0332614239	-0.0492324198	0.0016092142	-0.0021225525	-0.0076742008	0.0579512296	-0.1153662163	-0.078571859	0.0725943183	-0.0202003909	-0.0083382799	0.0163609968	0.0153226676	-0.0458010849	0.1064615465	0.0339256913	-0.0607564875	0.049365048	0.1487440316	0.0182468266	-0.1612817208	0.0104926682	0.0175274129	0.007429192	0.0286227425	0.0342301939	0.0243142592	-0.1678069452	0.0827650622	-0.0008182609	-0.0376917391	0.0610442961	0.0766339935	0.065702973	-0.0328769809	-0.0830202604	0.0127760861	-0.0269783128	0.0501305424	0.0967589559	0.0031314218	0.0141851875	0.0562039158	-0.0042732129	-0.0620868871	-0.0812023727	-0.0497051625	0.0127728206	0.0672896215	0.0798654172	0.0496614354715205	0.0369885875672082	0.0024662581730919	0.001368155610217	0.0289386264859246	0.0358751442633433	0.0012870259759156	0.0008374441028918	0.065189083854392	0.2087164730054594	0.0435625661038387	0.0042496166537749	-0.0010210388943783	0.0011329390518033	1.2835508951009606e-06	1.0425204238332615e-06	-0.0005359254225028	-0.0008820825849444	2.872160584848047e-07	7.780696866621945e-07	-0.0001462736468067	-1.1465655476000083e-06	1.314612554943307e-12	2.1395979750131225e-08	0.0	0.0	0.0	0.0
1771.2864973543756	15.697405759000048	246.4085475626879	3137455.8557099323	2425.845167371962	-6.361602500632671	40.46998637605585	5884724.776061902	1976.9975576445247	14.24351584521969	3908519.342932416	202.8777436330244	2093.171974653571	1417.5961247334435	1.168009	36.388004	0.2088358728155064	0.1679246776223588	-0.0889997493	-0.0359493012	0.0148392334	0.0016537453	-0.1045491632	-0.0555256808	0.1471517974	-0.0026906114	-0.0336572441	0.0357316333	-0.0141181452	-0.1572911936	-0.0462284274	0.0023802015	-0.0450069698	0.0569692125	0.2098992277	0.0114027607	0.0967109549	0.2001439162	0.1219867162	0.0625388283	-0.0925529462	-0.0424881553	-0.0357963262	-0.0200586933	-0.0065463587	-0.0471813665	-0.0920293971	-0.0396896463	-0.0716223307	0.0530623058	0.0391555309	0.0576548006	-0.0033753402	0.1051573138	-0.0237773102	-0.0426023756	0.0054068779	0.0450253107	-0.0159035726	-0.0482666327	0.040803427	-0.0039860721	-0.010442649	0.0332727319	-0.0409731581	0.0737791724	0.0789721705	-0.0551405612	0.0690136366	-0.1018428628	0.011343592	-0.0278975057	-0.01361318	-0.0083700427	-0.0154944592	0.112559043	0.0938086703	0.0183952988	-0.0556733406	-0.0649738774	-0.0064530646	-0.0049339172	0.0698955412	-0.0155076603	-0.0631064126	0.0676838936	-0.0009904869	-0.0213044083	-0.0845155778	0.0729464905	0.1288024311	-0.0633465865	-0.2068216057	0.1165859767	0.0286478396	-0.0442588342	0.0636926319	0.0476807518	0.1073454039	0.0112914515	-0.0866404168	-0.0496022841	0.0089560003	0.0637497034	-0.0836714494	0.018992678	-0.0737356758	-0.0539250056	0.0963957167	0.1096782828	0.0220628042	-0.0660730916	-0.0854672982	-0.0210992396	0.0240818418	-0.0841689464	-0.0556481941	0.0387079534	0.0004853051	0.0163864038	-0.0067230432	-0.006301802	0.0723138195	-0.0485211283	-0.0155171104	-0.0116476104	-0.003229088	0.052562795	-0.0653264868	0.0176911468	-0.0176188732	-0.0986823102	-0.0055817127	-0.0656423389	0.0049493697	0.0085113272	-0.0840206052	0.0467121835	0.0476771661	-0.1133934581	0.0560336705	-0.1879936924	-0.0527196764	-0.0349518708	0.0944453842	0.0079869793	-0.0906761649	-0.0284773415	0.0347623683	-0.0575506119	-0.0311282229	0.1116065285	0.0528393991	-0.025786093	0.0154711471	-0.0504858863	-0.0693320955	0.1510802332	0.0794485801	0.0612450833	-0.0637145433	-0.0933870464	-0.0562681945	-0.0346585037	0.062625735	0.0881800892	0.0721490733	-0.0039462332	0.0555806262	-0.0059798738	-0.0637218759	-0.0807737477	-0.0462468756	0.0178113211	0.0704959515	0.0781648097	0.0496371357357219	-2.4299735798601063e-05	0.0024638452440464	5.904771598818141e-10	0.0369073771312002	0.0079687506452756	6.35009868465803e-05	0.0013621544867046	-0.0994460248793203	-0.1646351087337123	0.0271047190277612	0.0098895118642983	-0.0004330287065484	0.0005880101878299	3.457559809917544e-07	1.875138606949803e-07	-0.0003999683741136	0.0001359570483892	1.599747002910767e-07	1.8484319006703278e-08	-0.0001460866090114	1.8703779530000134e-07	3.49831368706852e-14	2.1341297332449663e-08	0.0	0.0	0.0	0.0
1772.695371019022	1.408873664646535	1.984925002934557	3142448.8784322683	2443.534585458261	17.689418086299156	312.9155122318877	5970861.270330676	1966.9928436041992	-10.004714040325553	3869060.8467901335	100.09430302868724	2093.632428334421	1502.4024033040073	1.157405	36.057648	0.1052367120209823	0.0533357552473076	-0.0763368613	0.000611707	0.100213675	-0.1066243718	-0.0779259763	0.0099100455	0.0255506149	-0.0536984549	-0.0034760373	-0.0246623859	-0.0490179013	-0.0601552604	-0.0496829741	-0.0866280138	0.0369611188	0.0104662896	-0.0791420411	0.1284672112	0.0697107594	0.0050389842	0.0508619545	0.0618185939	-0.0031464677	0.0078211564	-0.019592344	0.0269967363	-0.0042680904	-0.0458588942	-0.065961404	0.0178249764	0.0961348767	-0.0406849914	-0.0658365691	-0.0488483081	0.0024486512	-0.0325480213	0.0166431181	-0.047268702	0.0499546536	0.0001648096	-0.0033624123	-0.0402077451	0.0542042582	-0.0268438917	0.0355230567	0.0609107097	-0.0854445474	0.1090767714	0.0153719323	0.0180999055	-0.0181620087	0.0411982695	0.0342752285	0.034232553	-0.023515371	-0.0575118821	-0.0702260008	0.024109922	0.1032931403	0.0725203386	0.0189291468	-0.0166413771	-0.0340039337	-0.0176264375	-0.0267891817	0.027823805	-0.0473945794	-0.1012263647	-0.1537189022	-0.0264356494	-0.0029016403	0.0195525378	0.070793075	-0.0742727638	0.0100526572	0.02698392	-0.0428660682	-0.0425394526	0.0257095132	-0.0458444966	0.0621271436	0.0084657993	0.0004174131	-0.020840732	0.0829104879	0.0196133246	-0.1682464022	0.0017939729	-0.0374441773	0.0159410633	-0.0081287135	0.061210326	0.0351700107	0.0648073143	0.053778435	0.0228322883	-0.01275589	0.0206027083	-0.0474671984	0.0468589944	0.0369217277	0.0142931049	-0.0161415346	0.0049012683	0.0988660269	0.0912346662	0.027380846	-0.0502199667	0.0319222047	0.033629758	-0.1565341651	-0.0048744172	0.0318666557	-0.0908550371	0.068816855	0.0779016197	0.0338976285	-0.0293657168	0.0616692667	-0.0016616403	-0.0485953069	-0.0504103485	0.0922909925	-0.0058576005	-0.0221552569	0.0127029701	0.0776572299	0.0170930854	-0.0905489243	-0.0362188324	-0.0211678815	-0.0297536907	-0.0185338362	0.0672074885	-0.0253473329	0.0107811298	-0.0415367988	-0.0997671109	-0.0023963021	-0.0863594273	0.0885235969	-0.0203183166	-0.0412549131	-0.0005706992	-0.0543590908	0.0039715734	-0.0182712721	0.1019942452	0.0648859434	-0.0273836612	0.0549512416	-0.0076839116	-0.0652939789	-0.0802034182	-0.0426618292	0.0227795284	0.0733236445	0.0759159322	0.0225424521364772	-0.0270946835992447	0.0005081621483253	0.0007341218793431	0.0368993660779608	-8.011053239401211e-06	6.417697400452064e-11	0.0013615632169553	-0.0744552898582071	0.0249907350211132	0.0006245368368954	0.0055435901878696	0.0001528754121669	0.0005859041187153	3.432836363275524e-07	2.3370891645199557e-08	-0.000400047350449	-7.897633539998656e-08	1.6003788260126506e-07	6.237261553211171e-15	-0.0006229691609084	-0.000476882551897	2.274169683037949e-07	3.88090575442916e-07	0.0	0.0	0.0	0.0
1768.307975636387	-4.387395382635077	19.2492382435676	3126913.096699257	2437.449907656069	-6.084677802191891	37.023303956486735	5941162.05233258	1961.6970091444523	-5.295834459746857	3848255.1556862895	28.04586262504228	2082.1363607727	1455.3669349408783	1.180502	36.777191	0.2067886192278265	0.1503617272545322	-0.1994645849	-0.071922018	0.0224643682	-0.0348906516	0.0437440647	-0.0387501019	0.0856237199	-0.1425256851	0.0562546456	0.0945858129	0.0837450315	-0.0809973783	-0.009189401	-0.0037272036	-0.0337610597	0.0323365366	0.0137766366	0.0924031519	0.1414217691	-0.0166196183	0.082690758	-0.09649009	0.0048316713	0.0288976202	0.0339807888	0.0583778255	-0.0820995957	0.0062520517	-0.0018801791	0.0100728347	-0.0363326297	0.0823741275	0.003071755	0.0585980349	0.0136399095	0.0277445457	0.0871692631	-0.0351887165	0.0663150968	0.0231626556	-2.5641e-06	-0.0497996439	0.0709361364	-0.0056217778	0.004219488	-0.0184872594	0.02654746	0.061307674	0.0061934645	0.0505356137	-0.0081116151	0.0582173274	-0.1034016679	0.0019412297	-0.0721387064	-0.011115299	-0.0589815213	0.0163841706	0.0129670388	0.0651174304	0.0973502592	0.0231866284	-0.0490680207	0.0464880656	-0.077745706	-0.0431958447	0.0265218304	-0.0424533847	-0.0020135241	0.0156531885	0.0896229691	-0.1157271043	0.1729245429	-0.0151076527	0.0231708261	-0.0487370358	0.0934491486	-0.0745912398	-0.0196341276	-0.0090255884	0.0965639911	0.0011858131	-0.0481847551	0.000272721	0.0355153485	0.1115511635	-0.0719318387	-0.0001725585	-0.0457029748	-0.0324052585	-0.1220379844	0.0837265995	0.0691260124	0.0920948673	0.0094895796	-0.0284098705	0.0372883102	-0.0372933013	-0.0303884437	-0.0177343062	-0.1118646341	0.0297211382	0.0350783414	-0.0218835807	-0.019532706	0.0636932983	0.0822054003	0.0041995178	0.066970109	0.0352183548	-0.0639922207	0.018418496	0.0197817135	0.0662548748	0.0139958404	-0.0175237819	0.0144737103	-0.0595068158	-0.0533137453	-0.0020636239	-0.0363135631	-0.0039630769	-0.0269287894	0.0180786543	0.0434226928	0.0394357549	0.190074004	0.0819902127	-0.1809674911	0.0030171087	-0.0673454029	-0.0486046511	-0.069930847	0.0176858489	-0.0442859244	0.0065729248	-0.0004428085	0.0216032851	0.008600009	-0.0889354021	0.0635147218	0.0158096309	0.0486372145	-0.0908412749	0.006285985	0.093248958	-0.0635908643	0.0768213477	0.1839812367	0.0157451438	0.054315831	-0.009384579	-0.0668016447	-0.0794923845	-0.0389598496	0.0276578354	0.0757575129	0.073134559	0.0420645517301494	0.0195220995936722	0.0017694265122584	0.0003811123725452	0.0027289702716899	-0.0341703958062709	0.0011676159495572	7.447278743767247e-06	0.0709656524343813	0.1454209422925884	0.0211472504572643	0.0050361238254374	0.0002333604331694	8.048502100250002e-05	6.4778386057728695e-09	5.445709176901002e-08	-0.0004000817644611	-3.4414012099986784e-08	1.600654182543071e-07	1.1843242288180368e-15	-0.0006959533565997	-7.298419569129997e-05	5.32669282070597e-09	4.843510745623892e-07	0.0	0.0	0.0	0.0
1770.4413524124652	2.133376776078194	4.551296468709788	3134462.582332079	2469.289548803258	31.839641147189013	1013.7627483817718	6097390.875828998	1964.106195286681	2.409186142228691	3857713.146363522	5.804177867906763	2094.2422869410902	1466.00155544281	1.480548	46.124805	0.3675340579274467	0.2776715545122681	0.0261115724	-0.0012845993	0.0523245657	0.0281591352	0.0594255579	0.0893311603	-0.0735279806	-0.1116716062	-0.1524351081	-0.0682805399	-0.0016365251	0.0247759725	0.0313165188	-0.023716598	-0.0451330658	0.0526329971	0.0791775431	0.0497980878	0.0159488919	0.0069008537	-0.0108556626	0.0711894255	0.0344272695	-0.0096665001	-0.0533634822	0.0298017923	-0.0140253383	-0.0388818859	0.0765152756	0.0111164773	-0.0715254268	-0.0109318639	0.1045157153	-0.0254303136	0.0148712187	-0.0156696017	0.0203703089	0.0094239396	-0.014425011	-0.0398349791	-0.1404789993	0.0099527592	-0.0127236757	-0.0456216718	-0.1686036781	-0.0622157068	0.0638555849	0.0575847547	0.0284256604	-0.0970561084	-0.1083948143	0.0228964072	0.0122736671	-0.0397362046	0.0116665267	-0.056634773	0.0166370581	0.0767148422	-0.0339802222	-0.08929975	0.0948262683	0.0292883627	-0.0273246047	0.0114930017	-0.0060015949	-0.0014866996	-0.0802627735	0.0110331896	-0.0634832726	0.0059043631	-0.0216287028	-0.0516935425	-0.0323081192	-0.0268016873	0.0718303878	0.0708450893	-0.0611471342	-0.0652639	-6.26541e-05	0.0033238916	0.0579668068	0.0864514047	0.0175943828	0.0296054433	0.0479603461	0.010970276	0.0415275838	0.0109257104	-0.0737178751	-0.0549471833	-0.1323087379	0.0189210948	0.009699383	0.0321602104	-0.0781385245	-0.0508348243	0.0922379073	-0.006587235	-0.0898658538	-0.082667229	-0.0004281958	-0.0562423068	-0.0754755992	0.0388552512	0.0063999326	0.0646876631	0.0658607737	0.0289991219	-0.1034267126	-0.0689206567	0.0935238599	-0.0086970598	0.121703366	0.1252381274	-0.0156588599	-0.0128267781	0.0290152839	0.0232205363	-0.0294117284	0.0366302589	0.0496335315	-0.0270794243	0.0200885731	-0.0062958337	0.0893291593	-0.0464965982	0.0029423108	0.0070741559	-0.0069085914	-0.0503701369	0.0075859734	-0.0708572734	0.000528413	0.0697055663	0.0395708495	0.1147982717	-0.0021423314	-0.0172613107	0.0620498918	-0.0122259995	0.0023759157	0.0106906972	0.0231454041	0.1311759577	-0.0701392666	-0.0145020563	-0.0022612868	0.0366685629	0.0404886564	0.0405880612	0.0536744641	-0.0110811301	-0.0682433853	-0.0786418943	-0.0351510839	0.0324269895	0.0777844842	0.0698401994	0.0087523712059436	-0.0333121805242058	7.660400172663064e-05	0.0011097013712772	0.0028650578863675	0.0001360876146776	1.8519838868638952e-08	8.208556692236606e-06	-0.2090563675790377	-0.280022020013419	0.0784123316923956	0.0437045648253417	4.118053530214282e-06	-0.0002292423796391	5.2552068622636563e-08	1.6958364877710308e-11	0.0003789984377198	0.0007790802021809	1.436398157940491e-07	6.06965961430232e-07	-0.0006230005429169	7.29528136828e-05	5.322113024237331e-09	3.8812967647475213e-07	0.0	0.0	0.0	0.0
1759.5834208419867	-10.857931570478511	117.894677989194	3096133.814901988	2463.705125596788	-5.584423206470092	31.1857825489617	6069842.945891885	1957.936069328344	-6.170125958336939	3833513.651576926	38.070454341743336	2088.301892844151	1511.9195783096077	1.14033	35.5257	0.0951309374120584	0.0564551370253769	0.0204813315	0.0140982332	0.16332659	-0.0474211647	0.0072379251	-0.0394054256	-0.0940227959	-0.0812811031	-0.0393768966	0.0011400375	0.0647088357	0.0150089841	0.1386649126	0.0098041407	0.0033918268	-0.055391724	0.0133472141	-0.0051550251	-0.0621767931	-0.0181833105	-0.0751238034	0.0153106812	0.0320606237	0.0091839269	0.0106282413	-0.0196986373	0.0409230062	-0.0407006419	-0.1162683583	0.1303628207	-0.1158394738	0.0372495906	0.1159418769	-0.0684504814	-0.0025934804	-0.025430801	0.0548426338	0.0155474346	-0.0695322716	0.036656982	0.0450221829	-0.0078990341	-0.0145322541	-0.0657321076	-0.0181736781	0.0784617924	-0.0631727547	-0.0587281533	-0.0349868452	0.0127863087	0.0962379543	0.0446926366	0.0903832186	0.0033284632	-0.0547765356	-0.1406344722	-0.0096674749	0.0424045422	-0.0851683847	0.1680008524	-0.0038487312	-0.1467272137	-0.071454509	-0.1122027475	0.0643766347	0.012370698	-0.0540524461	-0.0994626618	-0.0372853975	-0.0497102816	-0.0094019603	0.0897140258	-0.0509041305	0.1100063577	0.0806136711	0.014774517	-0.0066920179	-0.0720081035	0.0731941287	-0.0483194761	-0.0290271995	0.1117317792	0.0399807384	-0.0625158696	-0.040850211	0.0259932517	0.0440584875	-0.0234848456	-0.1699828032	-0.0259647551	-0.0218330692	-0.0700235217	-0.1303529835	-0.0742628494	0.0419253208	0.0115125355	-0.1966200152	-0.0344565435	0.0706093807	0.0063323209	0.0208786482	-0.0521086833	-0.1007747203	0.0054322833	0.047220064	0.0840736786	-0.0034293162	-0.1016536939	0.1034576662	0.030928988	0.057524821	0.1538509839	-0.059375847	-0.0317516739	0.0762500169	-0.0688656174	-0.0797792038	-0.0029776928	0.0769493039	0.0636037126	-0.0060054608	0.0915376894	0.0215442539	0.0077262034	-0.0197772217	0.0798268318	0.0011720127	-0.0253271356	0.0039212342	-0.0922648415	-0.0059861142	-0.0023300972	0.0360697309	-0.0208389476	0.1380454196	0.1273152265	-0.0392503346	-0.0313539014	0.0013495199	-0.0661896248	0.0460561412	-0.0416880565	0.0571820708	0.164306542	-0.0047278497	-0.0009484288	-0.0245513959	0.0438851287	-0.0155438273	0.0689242836	0.0530272111	-0.0127728206	-0.0696177779	-0.0776534394	-0.0312459714	0.0370681691	0.0793936715	0.066055961	0.0089858449058937	0.00023347369995	8.074540867277576e-05	5.450996856838899e-08	0.010507771848367	0.0076427139619995	5.841107670494211e-05	0.0001104132692173	-0.1977652715544096	0.0112910960246281	0.0001274888494373	0.0391111026329893	-0.0002461242672039	-0.0002502423207341	6.262121908639531e-08	6.057715490665675e-08	0.0006294510242501	0.0002504525865303	3.962085919295e-07	6.272649809971744e-08	0.0003955776243283	0.0010185781672452	1.0375014827885903e-06	1.5648165686922164e-07	0.0	0.0	0.0	0.0
1754.5546708705983	-5.028749971388379	25.288326274738623	3078462.0930738337	2443.150286074038	-20.55483952275017	422.5014278060125	5968983.320343654	1954.4267650266088	-3.509304301735256	3819783.979852375	12.31521668217757	2077.30350998363	1451.808107848716	1.268643	39.523136	0.2206135580373741	0.1469576173564875	-0.0730408543	-0.0109565681	0.0122163136	-0.0241428368	0.1124126397	-0.0885252649	-0.0493684823	-0.0463186445	0.0320362649	0.1212494292	0.07967174	-0.0143846059	0.0842639229	0.0989964763	-0.1159374965	-0.0642831811	0.0161581101	-0.0028053075	0.0405015351	-0.0845881373	-0.0459308849	-0.0661206411	0.0688085665	-0.0169605833	0.0157865184	0.0109479891	0.0544608986	0.0499577568	-0.1433145367	-0.0596185991	-0.0650503207	-0.0125453699	-0.0202916007	0.0276827149	0.0701828812	0.0427597971	0.0350978729	-0.0379222193	0.0078530388	-0.0469620838	-0.0390212505	-0.0197940999	-0.1302953248	-0.029024535	-0.0285313715	-0.0932234843	-0.0528082974	0.043147795	0.0879271834	0.0157542769	0.0175544695	-0.0269810956	-0.0195068526	0.0003942302	0.1196460273	-0.0671440012	0.0297520713	-0.1530579534	0.0415008993	0.0070118244	0.0372869883	-0.1194514982	0.0354035642	-0.059057776	0.0554565401	0.0582923628	-0.0583087801	0.0269137351	-0.0063401958	0.0475487354	0.0098592026	0.0191450904	0.0454419927	0.0561252185	0.1105571806	-0.0575569664	0.1019946996	0.0206433915	-0.0561431177	-0.0181748317	-0.00507997	0.0391366942	-0.0033444603	-0.0820453843	-0.0319231683	-0.0097703361	-0.049892192	-0.046405888	-0.1298404303	-0.0432268036	0.066584991	0.0146085967	0.0738780017	0.0791323587	-0.1158229425	0.0132566648	0.0088197892	0.014461176	-0.0132918152	-0.0292732962	0.1179714649	-0.0506195333	-0.0151791028	0.0523735117	0.0027876596	0.0052632871	0.1500251731	0.0266378089	-0.0164031396	-0.0894678493	0.0362664042	-0.058578666	0.0494326842	-0.0632687288	-0.0411144979	-0.0117172842	0.0701028646	-0.0314167202	-0.0422976736	-0.0294288842	0.0341194577	-0.1554459885	-0.0339338903	-0.0476253776	0.0308450263	-0.0113204775	0.1031912359	0.022194122	-0.0990565002	-0.0474274669	0.0284219735	-0.0446121471	0.0401092154	-0.0287381264	-0.0183368922	-0.0005373762	0.0145793371	0.0488074508	0.0148593262	-0.1143848404	0.0463881715	0.0589105118	0.0912578548	0.0541955897	-0.0374583741	0.0317990627	-0.0207787287	0.0295201097	0.0184001083	-0.0441734478	0.0523741431	-0.0144589085	-0.0709234662	-0.076528754	-0.0272552159	0.0415630576	0.0805764318	0.0618083875	0.0369607987774003	0.0279749538715066	0.0013661006462634	0.0007825980441129	0.0102532509416022	-0.0002545209067648	6.47808919803768e-08	0.0001051291548714	-0.053387848402302	0.1443774231521076	0.0208448403160427	0.0028502623570271	-0.0001979913029096	4.813296429429997e-05	2.316782251756356e-09	3.9200556027840986e-08	0.0002000086125402	-0.0004294424117099	4.000344509025585e-08	1.844207849752153e-07	-8.698020180740289e-05	-0.0004825578261357	2.3286205556481525e-07	7.565555506456532e-09	0.0	0.0	0.0	0.0
1754.5278413595663	-0.0268295110320195	0.0007198226622172	3078367.94610586	2428.14887576633	-15.001410307707827	225.0423112202027	5895906.962885293	1961.9789634692725	7.552198442663666	3849361.453095961	57.03570131737151	2091.2504196498994	1447.3583797184767	1.007115	31.375511	0.134278851203868	0.08880024602791	-0.0576825367	0.0020174888	-0.0168794568	-0.1059755774	0.01564791	-0.0997843368	-0.0123646697	0.0273790802	0.0554902544	0.076062333	-0.0840214411	0.0509541117	0.1464568779	0.0212599349	-0.0191470222	0.0500000255	0.0011832558	0.0795915004	0.0412206624	0.0153157184	0.006559113	-0.0305431415	0.008143632	-0.018645719	-0.0148981067	-0.0903051669	-0.1292593523	-0.0934908412	-0.1077689873	0.0456487879	0.0407856507	0.0295250025	0.0100798902	-0.0075475556	0.0719965147	-0.0731543862	-0.0451632217	0.0660285215	-0.0367293754	0.0180978399	0.1005567437	0.0266333686	-0.0989919629	-0.0392159279	0.0422592665	0.0878981215	-0.0367245728	-0.1272430645	-0.0404694919	-0.0306466289	-0.0594959862	0.0306138983	-0.033295612	0.0034104023	0.0561654423	0.0073176333	-0.0226850594	-0.1156911447	0.0069864353	0.1027487218	0.0739659568	-0.0559791391	-0.0446586884	-0.0039547865	-0.0014373791	-0.0649316358	0.0941995304	0.0210069225	0.0144888273	-0.0758907463	0.0536548103	-0.0425606449	-0.027997894	-0.076959701	0.0033016814	-0.0236434025	0.0572892972	-0.0224857185	0.0411510163	-0.010743748	-0.0584898356	0.0533526518	-0.0180377737	-0.013529505	0.0498472718	0.0286087773	-0.0008199388	0.0993965447	-0.084015406	0.0732674093	0.0790868353	-0.0067027511	-0.0633632106	-0.0360420852	0.0114059185	-0.1025733429	0.0595576017	-0.0542653051	0.1105127995	0.0096494477	0.03888905	-0.0287176354	0.0578943265	0.0089964384	-0.047446501	-0.0366027224	0.1448598571	-0.1823065436	-0.0719198431	0.088280934	-0.0273454993	0.0700477744	0.0619486791	-0.0738676979	0.0790375311	0.0056946269	0.0378864205	-0.1353547355	0.0469713556	-0.0558861985	-0.0956642632	0.0362301769	0.0439769506	0.0147918202	-0.0362416979	0.1023349635	0.0702773099	0.0152649249	-0.0628672891	-0.039736075	0.0580073113	-0.0220311304	-0.0109658263	-0.088873935	-0.004309133	-0.004605567	-0.078338828	0.0100426773	0.0010838833	-0.0700219457	0.0247527863	0.0577826535	0.0958325413	0.0748571844	-0.0314506849	0.0144232893	0.0125226769	0.0077977248	0.0235612602	-0.0023078667	0.0517153317	-0.0161386543	-0.0721591615	-0.0752698111	-0.0231897558	0.0458939156	0.0813264124	0.0571272725	0.028545752152624	-0.0084150466247762	0.000814859965959	7.081300969715898e-05	0.0135100088973558	0.0032567579557536	1.060647238236437e-05	0.0001825203404066	-0.1331488033985692	-0.0797609549962671	0.0063618099419165	0.0177286038464708	-0.0005000033206423	-0.0003020120177327	9.12112588549767e-08	2.5000332065332664e-07	-0.0002909937509512	-0.0004910023634914	8.467736309264901e-08	2.410833209541409e-07	-2.3072750490084803e-05	6.390745131731808e-05	4.08416233387538e-09	5.323518151777084e-10	0.0	0.0	0.0	0.0
1747.3960760078503	-7.1317653517160124	50.86207703193702	3053393.046447633	2448.151741027832	20.002865261501935	400.114618669801	5993446.947097605	1954.7944962425884	-7.184467226684092	3821221.5225403146	51.61656933129781	2085.868258669648	1437.2775491064629	1.122602	34.973385	0.0742137893286336	0.039014697418103	0.0275669977	0.00531148	-0.0399880729	-0.0104736422	0.0973471703	-0.0713551875	-0.093310622	-0.0133592159	0.0024276342	-0.026522493	-0.0130252663	0.0416650781	0.1388460704	-0.01056214	0.0819157283	-0.0196885876	-0.0021087392	0.0331919474	-0.0397845369	-0.0572216037	-0.0658112479	-0.0594333196	0.0253369369	-0.0499414096	-0.0025420061	-0.1038284627	0.112778894	0.0598674385	-0.0336311356	0.0120799088	-0.0176787375	-0.0170132081	0.0561197924	-0.0855755822	0.0685862816	0.0187189912	0.0240368973	0.000226764	-0.066083226	-0.0199194255	-0.0157952898	0.0552105813	-0.0440849376	-0.0615899096	-0.0117801254	0.0779589412	0.0823919882	-0.1085366046	0.0467151776	0.0744964057	-0.0796288166	-0.0911548506	0.0225150243	-0.0068000323	-0.0371101032	-0.0468077474	-0.0112367606	-0.0100936754	-0.1333335702	0.015020626	0.0573947254	-0.0510356037	0.0004294082	0.0250193538	-0.0498578996	0.0035929917	0.1299245065	0.0997081544	0.0564084492	-0.0447968366	-0.0075879543	-0.0531689513	-0.0608665238	-0.0050271734	0.0944303627	-0.0467239499	0.0373803166	0.0028238293	0.0133461919	-0.0013626057	-0.0598072973	0.0698181338	0.0712751503	-0.0523871091	-0.0813739334	-0.0005298808	0.0647474927	0.0176511666	0.01348765	0.067365049	-0.0297744194	0.042077131	0.0366932457	0.0290245668	-0.0181088213	-0.0127589838	0.0177854992	0.0503518466	-0.0501177299	-0.0632457282	0.0531025682	0.0062495771	0.0132038545	-0.0067150769	-0.0306065094	-0.0229125341	-0.0590345614	0.0440429887	0.0350729177	0.0221626678	0.150131793	0.126461855	0.0680062496	0.0334918826	0.0095613006	-0.0854823627	0.1354854033	0.016050139	0.0673332703	-0.0953980238	0.033514084	0.1047712985	-0.0197271947	0.0244239924	-0.0178351874	0.0836598138	-0.0050068336	-0.0169379705	-0.0062544079	-0.0645290765	0.0696152401	-0.026386501	0.0893473328	-0.1068329129	0.0322037333	-0.0296158365	-0.0233799985	0.00759151	0.0169532772	-0.0352784928	-0.0699827305	0.0462304767	0.0430922327	0.1213478552	-0.0602853671	-0.0204463046	0.0194583558	0.023773036	-0.0267466776	0.0290055179	0.0510508491	-0.0178113211	-0.0733236445	-0.0738788195	-0.0190607341	0.0500436514	0.0816395852	0.0520454508	0.008968565546894	-0.01957718660573	8.043516796893408e-05	0.0003832662353955	0.0121706729623696	-0.0013393359349862	1.7938207467453589e-06	0.0001481252803569	-0.1602221392811174	-0.0270733358825482	0.0007329655158092	0.0256711339158177	-0.0004449575316249	5.504578901740001e-05	3.030038888548116e-09	1.979872049497239e-07	-0.0002235843231737	6.740942777750002e-05	4.9989949569041525e-08	4.544030953289991e-09	0.0003789506508224	0.0004020234013124	1.616228152028592e-07	1.4360359575872053e-07	0.0	0.0	0.0	0.0
1745.075137237547	-2.3209387703032007	5.386756775496534	3045287.234604644	2426.087577537254	-22.06416349057781	486.8273105389469	5885900.933880582	1958.42786897508	3.63337273249158	3835439.717978273	13.20139741321333	2084.906950868452	1388.5154237325212	0.950631	29.615833	0.0611224896786756	0.0247768056782469	-0.0147489165	-0.013764706	-0.0737378952	0.0294162537	0.0653115318	-0.1512973999	-0.0179106737	0.0876157277	0.045353565	0.0637682621	0.0286132012	0.0756939998	0.0809095494	-0.0699068341	0.0198592095	-0.0098249386	-0.0057635373	-0.0345000351	-0.019085432	-0.0610464271	-0.0295744551	-0.0871382479	0.0187434187	-0.0507162017	-0.0694328054	-0.0672690542	-0.0012997785	0.034536706	-0.0147681835	-0.0099428511	-0.0469504458	0.0667820159	0.0753478446	-0.029489614	-0.1421086218	-0.0414973179	-0.0338136363	-0.1360412871	0.0043123268	0.0092586693	0.0235312755	0.0766787552	-0.0402802636	-0.0669377292	0.0760246079	-0.037401884	0.0104821016	0.0279949152	0.0368915703	-0.007252004	-0.0458855738	0.0616295985	0.0126037446	0.0294884676	-0.0085438079	-0.0059928887	-0.1074395257	0.0740879215	0.0122514511	-0.120650084	0.0050774088	-0.0025471121	0.0959780879	0.1096527821	-0.0312438134	0.037153247	0.0018033173	0.0075720607	0.014056145	-0.0076902252	-0.0413478614	-0.0820840432	-0.0415293784	-0.0289715345	0.0432469411	-0.0679215765	0.0293290376	0.0443663603	-0.003782754	-0.0137344928	-0.0365762818	0.0213579358	0.0126375543	-0.0495004062	-0.0384889111	0.0286585554	0.0421476278	0.0971416923	0.0402764909	0.0073165986	0.0505497778	-0.0284107733	-0.0471396739	0.1070286431	-0.0678309145	-0.0517261874	0.0163171471	0.0863626046	-0.0194478877	0.0333851573	-0.1037869501	-0.03945168	-0.0979767147	-0.0282196092	-0.0441480548	0.0574623315	0.0415387917	0.0748425901	0.0623204809	0.0320817347	-0.0353840608	0.0269726155	-0.0433620701	-0.0173098792	0.0531360976	0.0271495512	0.0074665428	0.0380049047	0.108898526	0.141868031	0.038018739	0.0524797723	0.0152511764	0.0366006649	0.1102166126	-0.0190168874	0.0335282561	0.0077751501	-0.0130283633	-0.0615561279	0.112519387	0.0222862145	0.1069537515	-0.1100878402	0.0405974698	-0.0077018026	0.0215265229	0.0753213167	0.0104698196	-0.0989615057	-0.1125602656	0.0622061044	-0.0155179526	-0.0431675825	-0.1661839001	0.009940994	-0.0013970526	0.0328228244	-0.031075912	-0.0170442104	0.0503807682	-0.0194761753	-0.0744157659	-0.0723582192	-0.0148794683	0.0539958877	0.081514268	0.0465985677	0.0121508823379201	0.0031823167910261	0.0001476439415899	1.0127140158446652e-05	-0.0017561446121874	-0.013926817574557	0.0001939562477549	3.084043898914833e-06	-0.1713578155278483	-0.0111356762467308	0.000124003285472	0.029363500942476	-0.0006749959992576	-0.0002300384676327	5.291769659080078e-08	4.5561959901376606e-07	-5.803943602966655e-05	0.000165544887144	3.3685761346417553e-09	2.740510965953077e-08	0.0001169804242719	-0.0002619702265505	6.862839959892031e-08	1.3684419662833731e-08	0.0	0.0	0.0	0.0
1747.5094449103913	2.43430767284417	5.925853846068	3053789.260051024	2420.203096177843	-5.884481359411439	34.62712086926069	5857383.0267488165	1953.8863405788293	-4.541528396250669	3817671.8319005286	20.62548017395117	2080.1031286440484	1404.5599224926095	0.893331	27.830698	0.0592316903064579	0.0309200143018583	0.0243606549	-0.0041215584	-0.0864109601	0.0112766418	0.0897142455	-0.0962174895	-0.0003691646	0.1175315177	0.0346464399	0.0700971417	0.0036072033	0.069491139	0.0569263926	-0.0536994698	0.0077712886	0.0150489449	-0.0290774628	-0.0289076377	-0.0356936954	-0.0647470164	-0.0667816883	-0.0671229551	0.0255603406	0.0106317003	0.0424255755	-0.0114504832	0.0253333618	-0.0289902737	0.0699671774	0.0899448217	0.0257940862	0.0724680604	0.048410338	0.0490623105	0.0062347044	-0.0738067784	-0.0052784388	0.0161090473	-0.060216135	-0.0344922751	-0.0319852068	0.1027633845	-0.0357617388	-0.0556510053	0.000889508	-0.0126708594	-0.0232407289	-0.0256320184	-0.0054609678	-0.0725292225	0.0565073725	-0.0625886572	0.0744060262	0.0064594253	0.0257398974	-0.0130015293	0.0204766001	-0.0252995492	-0.0420382596	-0.0247748872	0.000560607	0.0349853678	0.0326272479	-0.0146221671	0.1196757911	0.0536698815	-0.0846769847	-0.0173181052	-0.033664353	0.0668652954	0.0929698641	-0.0389402114	-0.0482963911	0.005992768	0.0070187978	-0.0697619718	0.0237292399	0.1021755599	-0.0064563585	-0.049154214	-0.093921354	0.0250917919	-0.0010474101	-0.0218538924	-0.0399043345	0.0109062995	0.0501570736	-0.0235660596	0.0855864223	0.0781119345	-0.0702812931	-0.0300036681	-0.0489683293	-0.0190322838	0.0231043404	-0.0465619853	0.0271513534	0.0895980053	0.0611153465	0.0007272696	0.0160080891	-0.1122251364	-0.0094263661	0.0575097616	-0.03925022	0.0175506098	0.0142036912	-0.024801076	-0.0707964136	-0.0267855376	-0.0144178791	0.013947954	0.0287856099	-0.033232783	0.117369054	0.0477619837	0.0534857685	0.0184217348	0.0197138743	0.0602938902	-0.0313997012	-0.0203900698	0.0656166471	-0.0086898144	0.0905342824	-0.0080067314	-0.0059910817	-0.0009472632	0.0052004295	-0.0654214158	0.0812712206	-0.0190231688	0.0916818497	-0.0962899938	0.0377568842	-0.0236499705	0.0135480324	0.0054313179	0.0231319131	-0.0580854618	-0.1420428644	0.0310949054	0.0581532554	0.0272356317	-0.0573161284	-0.0203140765	-0.0076145903	0.0237096021	-0.0492695514	0.0387293303	0.0497051625	-0.0211324865	-0.0754344479	-0.0707106781	-0.010657419	0.0577350269	0.0809511339	0.040824829	0.0191440381222207	0.0069931557843006	0.000366494195625	4.890422782349696e-05	0.019991788075643	0.0217479326878303	0.0004729725761944	0.0003996715904614	-0.1824953424926292	-0.0111375269647809	0.0001240445068912	0.033304550031502	-0.0005630017036637	0.0001119942955938	1.2542722245573844e-08	3.169709183282287e-07	-3.396223046614466e-05	2.407720556352189e-05	1.1534330982355247e-09	5.797118277480891e-10	-0.0001340095719616	-0.0002509899962335	6.299597820929237e-08	1.795856537733125e-08	0.0	0.0	0.0	0.0
1746.6111214583136	-0.8983234520776477	0.8069850245527019	3050650.409601868	2419.4345691822195	-0.7685269956232332	0.5906337430016732	5853663.634553952	1958.251691898328	4.365351319498814	3834749.688822664	19.056292142650037	2081.783544156944	1383.016591460304	0.869939	27.101954	0.0956421195898556	0.0465324943969225	0.0180452018	-0.0126073587	-0.0990618507	0.0083716693	0.015251005	-0.117092096	0.0161048578	0.1083496575	0.0315292228	0.0433488883	-0.0089039787	0.1017391918	0.0750014513	-0.0734484393	0.0274619272	0.1175303724	-0.0086783236	0.0281691228	-0.0394163922	-0.0136679947	-0.0098567196	-0.0439222242	0.0056774007	0.0004673288	-0.0127579631	-0.0178058054	0.1347367617	0.0730551406	0.0215696437	-0.0107850979	-0.0091952472	0.0716549839	-0.019914911	-0.009338955	0.0195452179	0.0519751664	-0.0934630974	-0.0207941403	-0.0161813787	-0.0944300319	0.0096112265	-0.1105017189	-0.1045457159	-0.1112507524	-0.1717715633	0.051020133	0.0148797019	-0.0146160735	-0.0191980295	0.0733484028	-0.1288370244	0.0043312368	0.004890692	-0.0502655163	-0.0799058852	0.087027659	-0.0512186584	0.0804085048	-0.09334195	0.0946929165	-0.1318084923	0.0354664	-0.0408094075	-0.042873053	0.0614667511	0.0780259342	0.077152267	-0.0122796626	0.0792575526	0.0219257548	0.0135980713	-0.0118889843	-0.0535079097	-0.0153405112	-0.0210104236	-0.0552252465	0.0184418025	0.0915066418	0.0056742411	-0.0550121182	-0.0911442241	0.0575142192	-0.0050465125	-0.0709906496	-0.0349800368	-0.0068510833	0.0336571559	0.0653997014	0.0555139975	-0.096993548	0.0067578713	0.0361218125	-0.0205211395	0.0532738708	-0.0265541518	0.0056896971	0.1533820521	-0.0070809502	-0.1121689323	-0.0080227263	0.0927160628	-0.0714249649	0.042392106	0.0279008504	-0.0276092262	-0.1000657078	-0.0046502755	-0.0538875763	0.1938397772	-0.0080315753	-0.0765667625	0.0550891418	-0.0229344826	0.0803107029	-0.0005342139	-0.0458662305	-0.0128965193	0.0376264376	-0.0353135452	-0.0067250548	-0.0322125593	0.1408332797	-0.0930009752	-0.0613591394	-0.0322990213	-0.0278411013	0.00710654	0.0138822944	0.008798492	-0.0581135287	0.1253908867	-0.0086920864	0.0727815582	-0.0784076648	0.0324753779	-0.0036910792	-0.0556907211	0.0060838192	0.0159374114	-0.0389754497	-0.1290693692	0.0574684635	0.0974584843	0.0044480348	-0.0802568788	-0.0237033186	0.0171267781	-0.01046642	-0.0396897926	-0.0304905951	0.0490241061	-0.0227795284	-0.0763786853	-0.0689390864	-0.0064061583	0.0612463124	0.0799532077	0.0347647336	0.006052930586847	-0.0130911075353737	3.663796868918796e-05	0.0001713770965027	0.0389452744861529	0.0189534864105099	0.0003592346471133	0.0015167344048017	-0.2007422031226937	-0.0182468606300645	0.0003329479228529	0.0402974321145528	-8.803118109470545e-05	0.0004749705225689	2.255969973094638e-07	7.749488844928825e-09	-0.0004659940679585	-0.0004320318374923	2.171504713725111e-07	1.8665150860702093e-07	-0.0001340205121784	-1.0940216800000126e-08	1.19688343631005e-16	1.7961497684560663e-08	0.0	0.0	0.0	0.0
1756.3084014408266	9.69727998251301	94.03723905924753	3084619.200971632	2422.2134300514504	2.778860869230812	7.722067730542222	5867117.900721612	1964.8163291729445	6.564637274616416	3860503.207384645	43.09446254728325	2088.882516195299	1404.8050268308252	0.944022	29.409939	0.079877471686964	0.0389705273444034	0.0035309995	0.0002654299	-0.1089769939	-0.056239896	-0.044521827	-0.065979007	0.0523816166	0.104223728	0.0452471852	0.001828865	-0.0190079009	0.1017440452	-0.0368441281	-0.0401718845	-0.013110556	0.0601043578	-0.0186832519	0.0128429799	-0.0237867101	0.0514773988	0.0602202967	-0.0574713041	-0.0251810385	-0.0209123126	0.0436476252	-0.0498854435	0.0149653259	-0.0930421232	0.0497751077	-0.0735087174	0.0217457405	-0.0551425537	0.033472229	-0.002006785	-0.0051037815	-0.0088249245	-0.0397051079	-0.0048032508	-0.0504099135	-0.0835273029	0.0231006392	-0.0686808311	0.0594595717	0.0823481706	-0.0287529665	-0.0105549146	0.0218751866	-0.0292113995	-0.0741711782	0.0064875251	0.0404585026	0.033260059	-0.0555883569	-0.0265224109	-0.1088330853	0.065717163	0.0418436213	0.0434780628	-0.0747709612	-0.0426826289	0.0002334649	0.0379129605	0.0113020804	0.0503047041	-0.0135043196	-0.0391468137	0.0342641355	0.0775894662	-0.1281231736	0.069870178	-0.0383767218	0.0296639812	-0.0357310347	-0.0502914785	-0.0736616548	-0.0302381041	0.00358221	0.0115162486	-0.0089062771	0.0005214976	-0.0886120326	0.0081990507	-0.0205461461	0.0775224901	-0.0100636269	-0.0465555612	-0.026343895	0.1282507515	0.0667407148	0.0231827137	0.0037307949	-0.0113815351	0.018410997	0.0322206877	0.0079041284	-0.0206072534	0.0634832016	-0.0219057014	0.0355010872	-0.1102510493	0.0334838113	0.0784767065	-0.003659684	0.0817010386	-0.0098512003	0.0144580098	-0.1426584887	-0.0476404419	-0.0172383723	-0.027555915	-0.1392389584	0.0066816432	0.0080838884	0.1590550715	0.0473450414	-0.0968662014	-0.0089002917	-0.0144676458	-0.0550610827	-0.0356309162	0.0506775373	0.0513858215	-0.0001152189	0.0176284105	-0.060123716	-0.023923028	-0.0077504056	0.0103741333	0.0080553727	-0.053000066	0.0579870172	-0.0113622702	0.0468967188	-0.0971531313	0.0262328553	-0.0199365029	-0.1003359152	-0.06787461	0.0017169496	-0.0337391676	-0.126521661	0.038696502	0.0792991468	-0.0364287832	-0.0480133486	-0.018318548	0.0098111147	-0.0742804834	-0.0238046024	0.1015045499	0.0483376736	-0.0244165784	-0.0772475461	-0.0670465522	-0.0021373389	0.0645158866	0.0785258491	0.0284607885	-0.0003328606580765	-0.0063857912449235	1.1079621769512065e-07	4.077832982374162e-05	0.0240890261228372	-0.0148562483633156	0.0002207081154325	0.0005802811795467	-0.2108314465532856	-0.0100892434305918	0.0001017928330017	0.0444498988557509	-0.0006850020709939	-0.0005969708898991	3.563742433870363e-07	4.69227837265932e-07	-0.0002029922185384	0.0002630018494201	4.120584078714154e-08	6.916997279839296e-08	-2.3069478535035944e-05	0.0001109510336433	1.2310131866530902e-08	5.322008398784842e-10	0.0	0.0	0.0	0.0
1758.4261604339715	2.117758993144889	4.484903153046055	3092062.561698559	2423.947066413032	1.73363636158183	3.005495034198685	5875519.380772345	1959.6563559334904	-5.159973239454075	3840253.033350527	26.62532383188218	2084.168908765774	1423.3631134201994	1.002692	31.237743	0.1027489213478615	0.0645650365048329	-0.0285139607	-0.0345307122	-0.0008613917	0.0188373312	-0.1043898689	-0.1216477103	0.0416226032	0.0467035017	0.1082781115	0.0506977741	-0.0054128999	0.0188795381	-0.0878185893	-0.0755632476	-0.0137061288	0.00063516	-0.1060249855	0.0526939243	-0.011501699	-0.0107994961	-0.0148816093	-0.0098152541	-0.0386662719	0.0548100142	0.0600702882	0.0503930726	-0.0086327755	-0.0184926522	0.0790334668	-0.0305397705	-0.0607019695	-0.0008933148	-0.0974568808	0.040587013	0.0268040184	-0.0087581494	0.0312028519	-0.0511572031	-0.0362489328	0.0568776217	0.0927922482	0.1078645444	-0.0118142966	-0.0102330451	-0.0249163823	0.015868103	-0.0254088887	-0.0097539131	0.0410158595	-0.0388620464	-0.0529717603	-0.0344442982	-0.147444518	0.0111316323	0.0096943302	-0.0093645261	0.0363098112	0.010948643	-0.0603874404	-0.0016574102	0.088866374	0.0341368097	0.0207546709	-0.0496120194	0.0581637731	0.0587315087	-0.0301810009	0.0386648148	0.0265727708	0.0261125983	-0.0373389626	0.0535352917	0.017386203	0.0182679072	-0.0183929721	-0.0405598538	0.0206390456	0.0077122923	0.0345787414	-0.0009065822	-0.0441892201	-0.097149537	-0.0115413416	0.0223483122	0.0119977655	0.0610088655	-0.0389947364	-0.0078609287	0.0450137684	-0.0432190678	-0.0331353493	-0.0240029876	0.094225883	0.1443414373	0.0199522923	-0.0757803704	0.0176339632	0.0278143644	0.1654561427	0.0266349756	0.0354884915	-0.0059578821	0.0413513232	0.0955041346	-0.0546628652	-0.0371718399	-0.1249170595	-0.0415400995	-0.0343001861	-0.0266439853	-0.0233524016	-0.0455228773	0.0252835695	0.0915077558	-0.0420575618	-0.032940783	0.0629480777	0.0514308132	0.0736743903	0.0154892948	-0.0198580988	0.075049729	-0.0280932838	-0.016251603	-0.0357420333	-0.06651806	0.0111556927	0.0165836504	-0.0244304467	-0.0554554035	0.0022789455	0.0118924014	0.0916985098	-0.0462370628	0.0190854177	-0.0140061191	-0.0490195164	-0.0745580487	-0.0856324322	-0.0442229328	-0.0429363633	-0.0274053091	0.0335724869	-0.0186568677	-0.0244368211	0.028004181	-0.0019680902	-0.0478069988	0.0033127138	0.0632320713	0.0476459404	-0.0260429185	-0.0780401729	-0.0650363955	0.0021373389	0.0675308461	0.0766767246	0.0219572114	0.0185540314910639	0.0188868921491404	0.0003442520845713	0.0003567146950532	0.0240370130411946	-5.201308164260246e-05	2.705360661960029e-09	0.0005777779959425	-0.1516190653656863	0.0592123811875992	0.0035061060859055	0.0229883409823642	-0.0010039904763271	-0.0003189884053331	1.0175360273701784e-07	1.007996876555517e-06	-0.0002890321087161	-8.603989017770002e-05	8.353955986887547e-08	7.402862701790681e-09	6.385492454364917e-05	8.692440307868512e-05	7.555851850585723e-09	4.077451388475131e-09	0.0	0.0	0.0	0.0
1761.3472673243473	2.921106890375768	8.532865465000787	3102344.1961109457	2438.1640884964554	14.217022083423217	202.12371692054344	5944644.122433751	1962.1989504990645	2.5425945655740634	3850224.72133963	6.46478712488676	2085.6362488483533	1427.808716402645	0.936365	29.171398	0.0290382209170177	0.0166532002390516	-0.0331302905	-0.0327992276	-0.0012045492	0.0131196474	-0.0113613223	-0.0601765013	0.0427305139	0.0163304284	-0.0443606813	0.0445243726	0.0729970896	-0.0213152477	-0.0373585831	-0.0858925691	0.0589508858	0.0314188405	-0.0178589651	0.0455398496	-0.0108526098	0.0692852827	0.0021272619	0.0292038222	-0.0324645749	-0.0017296121	0.0147539446	0.0807601694	0.0412460011	-0.0371679391	-0.0197421121	-0.024352811	0.0604380521	0.0046657051	-0.0633535099	0.1017913709	-0.0089531161	-0.0502274929	0.0359264743	0.0905767983	0.0967582569	-0.0135324749	-0.0129569312	-0.0026548724	-0.023374708	-0.0763388464	-0.1086995049	-0.118012438	0.0083632588	0.0001358704	-0.0354079732	0.0483653093	0.0470670389	-0.0264890658	-0.0949212897	0.0119521362	0.0295714846	-0.0041368581	0.0423922318	-0.0399263742	0.1009783738	-0.0210095363	-0.0481503689	-0.0281907634	0.0401541586	-0.0918894178	-0.0290251574	-0.0406499306	-0.0167696362	0.0597612915	-0.0279150404	-0.031658017	0.0310185299	-0.0746561785	0.0301738648	0.0482755659	-0.0598067801	0.043410461	-0.0106912686	0.0023911511	0.01576349	0.0348712505	0.0541821686	0.0086860265	0.01415475	-0.0373375245	0.0517814874	0.0912344408	-0.0408239568	0.0019101277	0.0251795363	0.0023901621	-0.0792210046	0.0364076267	0.0030652147	0.119924106	0.0110808616	0.0084689677	0.0121403519	0.0633137021	-0.001488363	-0.1641465632	-0.0108412662	0.0134370985	0.0070150121	0.0050348426	0.0373731263	-0.0767557812	-0.068955564	-0.0206691104	-0.011458329	-0.0811163649	0.0143790184	-0.0635604824	0.075530223	-0.1222077177	-0.049441173	0.0427005492	-0.012768709	-0.0707770338	-0.0691155911	0.0125229072	0.0621391269	0.0213319534	-0.0561741111	0.0619070456	-0.0172662648	-0.0496043494	0.0220955009	0.0220629965	-0.0313523513	-0.0256336258	0.0304818191	0.0336712211	0.0258915173	0.0304431243	0.0251570757	0.0303101166	0.0279426896	0.0083038287	-0.0806080028	-0.0316231269	-0.0519159835	0.0315917077	0.0565499385	0.0022796341	-0.0453137591	0.0132088568	0.0280305413	-0.0264643588	0.0457672008	0.0520714742	0.0469489822	-0.0276578354	-0.0787557834	-0.0629121428	0.0064061583	0.0702792922	0.0744157659	0.0152996203	0.006202438562795	-0.0123515929282689	3.84702441252465e-05	0.0001525618478656	0.0240443511569026	7.338115708001303e-06	5.3847942144015455e-11	0.0005781308225564	-0.1558013798694446	-0.0041823145037582	1.7491754608346847e-05	0.0242740699692229	-0.00100396560052	2.4875807099963846e-08	6.188057788746115e-16	1.007946927027484e-06	-0.0002491375473303	3.989456138580005e-05	6.206951748975746e-08	1.5915760281653683e-09	0.0002738749947364	0.0002100200701927	4.410842988376797e-08	7.500751274186312e-08	0.0	0.0	0.0	0.0
1769.3296477086712	7.98238038432396	63.71839660003994	3130527.4022608907	2420.9546342072663	-17.209454289189125	296.16531693169	5861021.340889638	1953.841649934997	-8.3573005640676	3817497.193020711	69.84447271816462	2078.949668147234	1420.6260660053354	1.009325	31.444374	0.0872579055265756	0.0388979905687245	-0.0615570604	-0.053924861	-0.0527277518	0.0481145611	-0.0087619267	0.0421430902	0.0821139314	0.0155369026	-0.0125465524	0.0183963334	-0.0342469898	0.0447515801	0.0579126019	0.1108710931	-0.0637304757	0.1031381278	0.0027074908	0.0086742243	0.1391678717	-0.0643563114	-0.0319437427	-0.0806909342	-0.0188862762	-0.0042041131	0.0689059274	-0.0464559208	-0.0644954299	-0.033513924	0.1475624345	-0.0521629335	0.0176039658	-0.0133960164	0.0597152731	0.1151640016	-0.0153469536	0.0391147171	0.0480678145	0.0386448932	0.0195997936	-0.0277768233	0.0152934197	-0.0909259484	0.0600963695	-0.0437781399	0.0611439959	-0.0144923544	-0.1910351036	-0.0129618271	0.0266854861	0.0293024028	-0.1125516825	0.0233408922	0.004500499	-0.0120882342	-0.0250727732	-0.0579462207	-0.0700877948	0.0253073651	-0.0542632251	0.071328299	0.0139159357	0.129524589	0.0458664707	0.0338226567	-0.0723395344	-0.0116379792	-0.0574960377	-0.0096275858	0.1008803858	-0.0941397297	0.0035079783	-0.0237143811	0.0890669612	-0.0663217912	0.0414423421	-0.0257006097	0.0178331981	0.1011529246	-0.0511439463	-0.0184854212	-0.007600911	-0.0042944909	-0.0753440762	0.1084466793	-0.065005025	0.0371703558	0.0698273424	0.068716674	-0.0010635754	0.0407030254	-0.1333712698	0.0392438715	0.0152545246	0.0780505151	0.1011566053	-0.0937853001	0.0503904132	-0.1633927111	-0.0132168891	-0.0770884863	-0.0294136816	0.0344730608	-0.0330846496	0.0061901069	-0.067617665	0.1841965668	0.0421061084	0.0317236597	-0.0056928804	0.0326708154	0.005595867	-0.0313051738	0.0223640797	-0.073939623	-0.0596457839	0.0238824084	0.0391943283	0.0228457005	0.0388492941	-0.0728404815	-0.0521348608	0.0126762162	0.0085559689	0.0778415592	-0.120204742	0.0360776308	0.0387249748	0.0531040171	-0.0023104281	-0.0314062261	-0.1020338573	-0.0306902059	-0.0354656093	-0.0136906319	-0.0283221221	0.0188811834	0.0052053681	0.0472098378	-0.0167814903	-0.0434784128	-0.0251431682	0.1237304044	0.093490967	-0.0767455164	-0.1144583028	0.0180167491	0.0269069251	-0.0373158326	0.0026049419	0.0717456283	0.0462468756	-0.0292606206	-0.0793936715	-0.0606775209	0.010657419	0.0727503781	0.0717551168	0.0085347133	0.0060989694598134	-0.0001034691029815	3.719742847173656e-05	1.0705855271816934e-08	0.0032692782085064	-0.0207750729483962	0.0004316036560111	1.0688180004614816e-05	-0.1796778733119524	-0.0238764934425078	0.0005700869391101	0.032284138157906	-0.0006960074578462	0.0003079581426737	9.483821763909652e-08	4.844263813775298e-07	-0.0001149533663924	0.0001341841809378	1.321427644494536e-08	1.8005394413975082e-08	-0.0001340400823057	-0.0004079150770421	1.6639471007826239e-07	1.7966743664518833e-08	0.0	0.0	0.0	0.0
1773.3914841281987	4.061836419527481	16.498515098999825	3144917.355978416	2446.365535594799	25.410901387532704	645.7139093269114	5984704.333746028	1962.2067100323195	8.365060097322612	3850255.172895859	69.97423043181898	2091.19190334921	1439.8310521556214	1.167108	36.359936	0.1383491082086702	0.0645788637564779	0.0121475508	-0.0206023518	0.0352888063	0.0106218813	-0.1539941455	0.007347571	0.0112822267	-0.0018305629	-0.0315748027	-0.0630390857	-0.0658132232	0.0232277948	-0.1403093062	-0.0189028497	-0.0644578972	0.0051748268	0.0155599729	0.0438369458	-0.0057567113	0.030255352	0.004795287	0.0567026977	0.0338057328	0.0590823711	0.0242540442	0.0312696519	-0.0768415589	-0.0294613648	0.0054538189	0.1501912671	-0.0413217239	0.0090931816	-0.0214219572	-0.0192721623	0.105315576	-0.015182189	-0.099299221	0.0494327905	-0.0439181637	0.0150261186	0.0502085069	-0.0317195394	-0.1224609334	0.0234137989	-0.0120067289	0.1625806431	-0.0291665059	0.0408828391	-0.0093475336	0.1254072439	0.0833944529	0.1064128219	-0.0240620493	-0.0501491813	-0.0575743722	0.0260465217	0.0569005733	-0.029225194	-0.017111988	-0.0260375432	-0.1968816136	-0.0305309767	-0.0222190462	0.0325609131	-0.0005889593	-0.066900251	-0.0652013801	-0.0304530073	0.0284764168	-0.0342849126	0.0493221766	0.0520942776	-0.018226699	-0.0155477986	-0.0355054153	0.0790503782	-0.0816447925	-0.0460513325	0.009550083	-0.0366677826	-0.0750186234	-0.0586283926	-0.0699053621	0.0163242231	0.0910814821	0.0586915541	-0.0415524675	0.0049181697	-0.0566222391	0.0956756915	-0.0427460085	-0.0649449923	0.0090822543	-0.0315544996	0.0308292927	0.0578819287	-0.0193698336	-0.1421885833	0.0144533325	0.1155083812	0.0564388743	-0.0443781377	0.0346258335	0.0047626841	0.0650593604	0.0183114353	0.0506880436	-0.104786027	0.0840185406	-0.0958086643	0.011052784	0.1999360475	-0.0039242535	-0.0145345354	0.0019860124	0.0238659144	-0.0806108723	-0.0217777315	0.0496560651	-0.0734252756	0.0442934494	0.0270637597	-0.0553700257	-0.0135907891	0.0107800751	0.0028419053	-0.0146456724	0.0049212963	0.0319747122	-0.039398353	0.0060664835	0.0858936966	-0.019413944	0.0648573199	0.0043171597	0.0351369821	-0.0521038573	-0.0575094274	-0.0381700084	-0.0325075981	0.0222382174	0.0314848939	0.0291146186	0.0158474586	-0.1189615746	0.0051804039	0.0245944959	-0.0092984974	0.1254168667	-0.0066005375	0.0455396975	-0.0308505711	-0.0799532077	-0.05833645	0.0148794683	0.0749343514	0.0687090676	0.0017099414	0.004298124664686	-0.0018008447951274	1.847387563318214e-05	3.243041976137447e-06	0.0227930732802832	0.0195237950717768	0.0003811785740047	0.0005195241895603	-0.2196427803482521	-0.0399649070362997	0.00159719379442	0.0482429509591105	-0.0015540057965215	-0.0008579983386753	7.361611491695749e-07	2.4149340156224216e-06	2.318066406292729e-05	0.0001381340304553	5.373431863982887e-10	1.9081010369833293e-08	0.000411018774673	0.0005450588569787	2.970891575709269e-07	1.6893643313369436e-07	0.0	0.0	0.0	0.0
1770.2847874563363	-3.106696671862437	9.651564210961144	3133908.2286993256	2441.9242500022606	-4.441285592538407	19.725017714489223	5962994.042749103	1957.472248842705	-4.7344611896144215	3831697.604989317	22.415122755965204	2082.396828062956	1486.9934834758792	1.053439	32.81868	0.1194727621329742	0.0667368818196436	-0.0450692059	-0.0358030959	0.0768792113	-0.0432432189	-0.005154449	0.0456140065	0.0423763174	-0.0396599058	-0.0986769886	0.0196328145	0.0435029863	0.0119814168	0.0058321422	0.0220678302	-0.0623836721	0.0205121542	0.0286024712	0.0379729903	-0.0106949629	-0.0308907831	-0.0157420864	-0.0133487495	0.0076497172	0.034191908	0.0650469849	0.0543559566	0.006480348	-0.0340684227	0.1744584881	0.1079629459	0.0092198181	-0.0419735931	-0.0204170012	-0.0324972455	-0.0020439749	-0.0082115491	0.0146319796	0.0270482968	0.0856898753	0.0781840728	0.0372957187	-0.0040109093	0.0657792686	-0.0711595339	-0.07680794	0.05199352	-0.0203214393	0.0802670588	-0.0107811245	0.0968957643	0.01879075	-0.0438052876	-0.0307880761	-0.0409337517	0.0590549047	0.0111373484	0.1166497636	0.0627400589	0.0896724758	-0.0397075077	0.015663163	-0.0004380804	-0.0574271055	0.0135799468	-0.0150914105	0.000817441	-0.0913316383	-0.0420345175	-0.0639473013	0.0196945245	0.0258227669	-0.0594766162	0.0269170932	0.0873698169	0.003907648	-0.0042548172	-0.0433896391	0.008844476	-0.0124865792	-0.046684812	0.0236668761	0.0418567382	-0.0444636764	0.1057894953	0.040913672	0.0426038462	-0.022585941	-0.0847694426	0.0289711629	0.0518328438	-0.1488841088	0.0265500501	0.0364454857	0.0243631394	0.1119413676	-0.0582435419	-0.0457858001	0.0032480741	-0.0396489021	0.0183196561	-0.0243915278	-0.0314331052	0.0349997086	0.0296609382	0.054825805	0.0242760688	-0.0934009087	-0.0679745664	0.0259862834	-0.0831833749	0.00782932	0.1169494047	-0.0465923248	-0.0058642654	-0.0815246678	0.11380547	-0.0671258682	0.0663193258	0.0184460975	0.0649688182	-0.0664204021	-0.0177274724	0.0873589452	-0.0032891814	-0.0087921007	-0.0932375809	0.0222464229	0.0239724421	0.0022984362	-0.0344011945	-0.0715152485	0.0847852916	-0.0751557398	-0.0177809792	0.0618172005	0.034121407	0.0069950875	0.0350327471	-0.054803717	-0.0461026356	0.0162507998	0.0093064324	0.0519437056	0.0178532932	-0.0515330706	0.0716795256	0.0308441253	-0.0127786285	0.0942317437	0.0694390342	0.0448275254	-0.0324269895	-0.0804338397	-0.0558930371	0.0190607341	0.0768225931	0.0652939789	-0.0051268245	0.0196818587498057	0.0153837340851196	0.0003873755638473	0.0002366592744016	-0.0255500003708846	-0.0483430736511678	0.0023370527700422	0.0006528025189522	-0.2214324134330425	-0.0017896330847904	3.2027865781764373e-06	0.0490323137187818	-0.0022269495119389	-0.0006729437154173	4.528532441197745e-07	4.959304128724904e-06	-0.0001632022788786	-0.0001863829429415	2.663498383116833e-08	3.4738601419544616e-08	0.000630818542552	0.0002197997678789	4.831193795966228e-08	3.979320336274294e-07	0.0	0.0	0.0	0.0
1773.491366129906	3.2065786735697657	10.28214678979244	3145271.6257373206	2459.601628338849	17.67737833658839	312.4897048548845	6049640.170127117	1961.086055583568	3.613806740862856	3845858.517404317	13.059599160305815	2084.2773995262523	1424.2610462766834	1.204757	37.532841	0.1088201050647833	0.0506557351528706	0.0569985114	-0.0184936896	-0.0513695437	0.0995113843	-0.0051371096	0.0919706629	0.066775546	-0.0015680097	-0.0358800151	-0.1303679009	0.0602376123	-0.065750638	-0.04418725	0.0547693515	0.0171675006	-0.0800344791	-0.0662994646	0.0245881639	0.0160832234	-0.0129602652	0.0548186498	0.0189513937	0.0460126756	0.0405022381	0.0504768969	0.0648625533	0.0250136107	0.0749994246	0.0240018408	0.0182623481	-0.0287932022	-0.0710249115	-0.0942306433	0.0845329027	0.0112261449	-0.0330612313	-0.023541388	-0.0455571482	0.0304044523	-0.0322588995	-0.0088543523	0.0019246471	-0.0750705543	0.09743288	0.0459161714	0.0379696059	0.0321056861	-0.0379349674	0.0248680148	0.0396669	0.0333016693	0.0043313285	0.0588269162	-0.0046410543	0.1166891581	0.0231056002	0.010434368	-0.0529908215	-0.1167763361	0.0173184451	-0.0136827614	0.0037937813	0.0029591674	0.057753075	-0.0205648725	0.0587549227	-0.0062103908	-0.050644042	-0.0462109168	0.0288292746	0.0318622004	0.040392648	0.04570494	-0.0125550723	-0.05073103	-0.0143034545	-0.0366196427	-0.007312328	-0.0798049263	0.001418244	0.018211129	-0.0901199356	0.0389142557	-0.0561756203	-0.0156486409	-0.0267401364	0.0193893822	-0.0369183684	-0.0037468144	-0.002284733	-0.0059777453	-0.0756832051	0.1255937488	-0.0759861606	-0.005936704	0.0871407323	-0.0117111326	-0.0617425022	-0.0104839277	0.0089475306	0.011727653	0.0729099573	0.0741326647	-0.029808352	-0.059667466	-0.0572173187	0.0192655774	-0.0617095705	0.0043003274	-0.0536056451	0.0735483592	0.0140665808	0.0438994859	-0.0162198	0.0370138573	0.0660217314	0.0209941739	-0.0178521419	0.0144560102	-0.0678869448	0.0214102926	-0.0565014062	0.0009099175	0.0822526833	0.1302217344	-0.064727991	-0.0501333701	0.0110874277	0.065349747	-0.0548838064	-0.0570990717	2.787e-05	0.0586238873	0.0837790694	-0.0618947793	-0.0573283972	0.0198597419	0.0130078015	0.0590018119	0.0639667902	-0.021771859	0.029728451	0.0115161543	0.0721060519	-0.0038569297	0.0463545151	-0.0076593125	-0.1207976066	-0.0006722513	-0.0053902729	0.0441104375	-0.0339891844	-0.0808350932	-0.0533515689	0.0231897558	0.0784076511	0.0615281933	-0.0119276293	0.0289548566789079	0.0092729979291022	0.000838383725296	8.598849059313368e-05	-0.0023120250160388	0.0232379753548458	0.0005400034985924	5.345459674789214e-06	-0.2536895639847429	-0.0322571505517003	0.001040523761715	0.0643583948747689	-0.0018658110671484	0.0003611384447905	1.30420976305701e-07	3.481250938293451e-06	-0.000431823819609	-0.0002686215407304	1.8647181118170618e-07	7.215753214437396e-08	0.0008820981816138	0.0002512796390618	6.314145700702848e-08	7.780972020063724e-07	0.0	0.0	0.0	0.0
1770.6981297414643	-2.7932363884417555	7.802169521715141	3135371.86666992	2453.8263566758897	-5.775271662959312	33.35376278098082	6021263.788717271	1962.301360656833	1.2153050732649715	3850626.630035658	1.4769664211035782	2093.1881726084844	1483.727297780788	1.239439	38.613323	0.0809379109924866	0.0399591955382196	0.0135032621	0.0021160798	0.0077803339	-0.1362700359	-0.0451392536	0.0523814465	-0.0262055272	-0.0034618323	0.0001806238	-0.0964883766	-0.108641315	0.0226819259	0.0130823047	-0.0210662571	-0.023976089	0.0040487499	0.0319428868	-0.0171889188	-0.0435473051	-0.0218733327	0.0304339314	0.0665752257	0.0041473723	-0.0087724561	0.0428876019	-0.093143423	0.0435596261	0.0680567376	0.1544667613	-0.0901493888	0.0502202146	0.0253938247	0.0602816671	0.061054715	-0.013409695	-0.0545774363	0.1104509524	-0.0110176337	0.040470375	-0.001609309	-0.029589417	-0.0553638839	0.0543461555	-0.0503857173	0.0520438459	-0.0365414172	-0.0241620058	-0.0214584452	0.033919223	-0.0770557834	-0.0101708696	-0.0591575998	-0.0864638123	0.0084981389	-0.0035035201	0.0017087294	-0.000260328	-0.0884495416	-0.1089718095	0.0435175729	-0.0366608724	-0.0065834612	0.0744638688	-0.0742123241	0.0164390298	0.0030341936	-0.0387928999	0.037797219	-0.0185466126	0.0313041184	-0.0160489561	0.0010769148	-0.0443672244	-0.0823993072	-0.0154122484	-0.0196212037	-0.0826025521	-0.0123019422	0.0038196833	-0.0091074257	-0.081903965	0.0319574602	0.055733081	0.0207877451	-0.045202888	0.0113526782	-0.0278511077	-0.0548334595	0.0686116328	-0.026678275	-0.0673363665	0.1378152108	0.0317042432	-0.0320753047	0.0445466613	-0.1174242573	0.0077335484	-0.0276424009	-0.0558212064	-0.0614848136	0.0296471923	-0.0077269183	-0.0237200615	-0.153260926	-0.0493950249	0.0845188381	0.0487448383	0.0151363413	-0.0593868273	0.0487072122	-0.0369524438	-0.0981765489	-0.0751315979	-0.0578330039	0.0339250964	0.0417515221	-0.0621945779	-0.0173758509	-0.0164782579	0.0396862868	-0.0137562754	-0.014501336	-0.0107036278	0.0441381904	0.0267053057	0.001508766	-0.0049137096	0.0330526133	0.0337426226	-0.0387232737	0.0467514807	0.0706563019	-0.1096796697	0.0351782458	0.0145255083	0.0205706395	-0.0760949422	-0.0135760273	0.0193238392	-0.0299838132	-0.0042000227	0.0121281417	0.0063842202	0.0662548326	-0.0393810687	0.0160630272	0.0098538986	-0.002650297	0.0810447088	-0.0779723154	0.0433885123	-0.0355364705	-0.0811565722	-0.0507165039	0.0272552159	0.0796832699	0.057431937	-0.0186447705	0.0059532811756497	-0.0230015755032582	3.544155675634508e-05	0.000529072475632	-0.0014162860047122	0.0008957390113266	8.023483764123553e-07	2.0058660471436457e-06	-0.2731222884069098	-0.0194327244221668	0.0003776307784678	0.0745957844246272	-0.0014508894750594	0.0004149215920889	1.721599275816705e-07	2.105080268838141e-06	-0.0003604477565086	7.137606310039996e-05	1.2992258517208302e-07	5.094542383712277e-09	0.0006162383956885	-0.0002658597859252	7.068142577224629e-08	3.797497603207364e-07	0.0	0.0	0.0	0.0
1770.0367013054895	-0.6614284359748126	0.4374875759160868	3133029.9239684185	2447.26638228805	-6.559974387839702	43.03326396911287	5989112.74587724	1958.5062916519853	-3.795069004847619	3835746.894440411	14.402548751555097	2084.4116114258663	1463.5262672785109	1.124186	35.022732	0.0399485841790507	0.0166845165441708	0.0320577929	-0.047750505	0.0773210519	0.0489037599	-0.0621661716	0.0442772871	-0.0561017327	-0.1169095366	-0.0750555776	0.0033448729	-0.0104154533	0.0939745	-0.0330526837	0.0238395583	-0.0053519644	0.0830652126	0.0358265158	-0.0316473719	-0.0701791381	-0.067874672	0.0109760819	-0.0325153957	0.0612065083	0.0576704761	-0.0332211338	0.0022022799	-0.07276562	-0.0464189173	0.0592251085	0.09535627	-0.0256323487	-0.0176667705	-0.0661070426	-0.1579568195	0.0769642993	0.1059187623	0.0264644545	-0.0341802084	-0.0463494002	-0.0137175635	0.0393678541	-0.0552310642	0.0466799526	0.0519968665	0.0551763802	0.0146146082	0.049773624	0.0024462213	0.0562887037	-0.042393048	0.0336944648	0.0085796289	0.0008075448	0.0137179849	0.0072541198	-0.0921862485	-0.0743592465	-0.0899676224	0.1649238132	-0.0214146766	0.0005731962	-0.0429075216	-0.0892596873	0.0635975786	-0.0584548291	-0.1240688467	-0.0411046983	-0.0171519132	-0.01237211	0.0453524829	-0.0198831814	0.0243875097	-0.009218732	0.1031839137	0.0800346843	-0.0310710001	-0.0503467162	-0.0936181956	-0.0057438667	-0.0309519279	0.042051196	-0.0022976752	0.0080072482	0.1417259205	0.0787494646	0.0475072302	0.0245608506	-0.0051131401	0.0972674136	0.060609961	-0.050120442	-0.0785899274	0.0578815227	-0.0407107307	-0.0480473269	0.0180478065	-0.0522716438	0.0496334133	-0.0557957569	0.1071828713	0.0838414077	0.0416921526	0.0310076829	0.0404954455	0.0998725931	0.0284591973	0.0700110909	0.078660263	-0.0040897366	0.0637623898	-0.0272061234	0.0388047955	-0.0111977386	0.0229719958	-0.0143043288	-0.0870900342	-0.014339093	0.0023889651	-0.0126697137	-0.0010357971	-0.0165216684	-0.1519474022	-0.053628421	-0.0356135749	-0.0251206515	0.0518131912	-0.0383660829	0.0278015169	0.0637187766	-0.0495126786	-0.0821953527	0.0274722441	-0.0116835112	0.0161581754	0.0715635057	0.0675766678	-0.0004124069	0.0013841659	-0.0259935002	-0.0600654551	-0.0015758131	-0.0205042043	-0.0225667269	0.0569195596	-0.055889632	0.0686430059	0.0269930925	-0.0261515295	0.0030086606	0.0906455882	0.0426618292	-0.0370681691	-0.0813979594	-0.0479924649	0.0312459714	0.0806444153	0.0530272111	-0.0252311319	0.0103278882338173	0.0043746070581675	0.0001066652753702	1.9137186913369775e-05	-0.0108711720003498	-0.0094548859956376	8.939486919050401e-05	0.0001181823806611	-0.2787892104766953	-0.0056669220697855	3.211400574502231e-05	0.0777234238782191	-0.0016619322870908	-0.0002110428120314	4.453906851012086e-08	2.7620189268748574e-06	-0.0002779161139483	8.253164256030005e-05	7.723736639212446e-08	6.811472023701131e-09	0.000500769469171	-0.0001154689265175	1.3333072991103827e-08	2.507700612538051e-07	0.0	0.0	0.0	0.0
1768.0190247110854	-2.0176765944040653	4.071018839605987	3125891.271740338	2455.506303575304	8.23992128725422	67.89630282014524	6029511.206898054	1959.2801395968	0.7738479448146336	3838778.665418456	0.5988406416938322	2083.55542321533	1462.8961294836702	0.994134	30.971127	0.1394431376073335	0.0656506255030116	0.0149699261	-0.032386947	0.0307186268	0.0458336566	0.0372419444	0.0526953496	0.0071541604	-0.0702346661	-0.0594611619	0.0119552412	0.0738506215	0.0613772007	0.0115651084	0.0766971371	-0.0385971913	-0.0366140947	0.0030557539	0.0320001505	0.0075421042	-0.0631176266	0.0083655997	0.0423519186	0.0680348856	0.0109719506	-0.060226345	0.0169195839	-0.0120503023	-0.033431386	-0.1046994822	0.0371143639	0.0414305226	0.002961197	-0.0124504627	0.0462617724	-0.1170547471	-0.0669700058	-0.1167876525	-0.0079661864	0.0945831169	0.0498730057	0.0393564124	-0.1074822805	0.1257972567	-0.0081707062	-0.0440399664	-0.0166653997	0.0100383233	-0.0090110926	-0.0239062622	0.0777115809	0.0088743518	0.0643330525	0.0120580616	0.1709338197	-0.0205034744	-0.0813843657	0.0680870779	-0.0224742839	0.0120884357	0.0318149227	-0.093735534	0.0231204391	-0.0619494539	-0.0264283393	-0.0374331522	-0.0422592758	-0.0151807994	-0.0405823262	0.0720929261	-0.0351233286	-0.0169341992	0.0747475638	0.0410476042	0.0673988391	0.0632802152	-0.0322810783	-0.025548461	-0.0395410328	-0.0691415727	-0.0179467232	0.0935356815	-0.0162535165	0.0373598186	-0.0054325274	0.0130585001	-0.06125573	-0.0486192504	-0.0094869909	-0.0057090914	0.0421174929	0.0317745935	-0.0633976196	-0.0649137008	0.0477994783	-0.0105896983	-0.0276672013	0.010653693	-0.0322369493	-0.0371590943	-0.0110473083	-0.06429011	0.0686409351	-0.0398871371	-0.1605830144	0.0318937303	-0.0588288546	0.0347941841	-0.0776137146	0.0615311359	0.0893723861	0.0482609839	0.0424503602	-0.030046755	0.0231855665	-0.0593790846	0.0264672205	0.0415484025	-0.0405239013	-0.0110311585	0.0049434453	-0.0220560029	-0.0071857352	0.0188707095	0.0584282608	0.0043055715	-0.0182258722	-0.0172205377	0.0368143439	0.038043645	-0.0118270344	-0.0672274592	0.0072684143	0.072501554	0.0151983239	-0.0274189982	0.056242605	0.0160037778	0.0845739744	0.018538872	-0.024602952	-0.0117071855	-0.0591707061	0.032199763	0.0815892193	-0.0069333422	0.1201690213	0.0313616083	-0.1484346255	-0.0539392617	-0.0061326206	0.0419304676	-0.0385836084	-0.0815590168	-0.0451842308	0.0351510839	0.081287294	0.0483376736	-0.0316405151	0.0184664261821296	0.0081385379483123	0.00034100889594	6.623579993611941e-05	0.0048018014647794	0.0156729734651292	0.0002456420972386	2.3057297307157595e-05	-0.2251161352467079	0.0536730752299874	0.0028807990046438	0.050677274348414	-0.0019969877752656	-0.0003350554881747	1.1226218015605353e-07	3.98796017456025e-06	-0.000722041233115	-0.0004441251191667	5.213435423182298e-07	1.972471214748356e-07	4.0779057234407e-05	-0.0004599904119365	2.115911790735965e-07	1.662931508927042e-09	0.0	0.0	0.0	0.0
1765.2183780497037	-2.800646661381734	7.843621721908652	3115995.9222044265	2457.5631900363496	2.056886461045451	4.230781913632081	6039616.833021639	1954.277600989928	-5.0025386068718944	3819200.941730948	25.025392513243798	2082.639831702329	1435.2091574004266	0.968424	30.170141	0.0922802456636538	0.0484593485943733	0.0505346205	-0.0301011583	-0.0112229053	0.0657261315	0.0333346321	0.054898391	-0.0033536165	-0.0231731081	-0.040438156	-0.0964039096	0.0293481273	0.0247119394	0.0845276322	0.0584312284	0.0265515336	-0.0994412878	0.0568517193	-0.0175194963	0.0322053695	-0.1094491308	-0.0439316903	0.090749685	0.0269440409	-0.0110718166	-0.0349532694	0.0116044999	0.0614124051	0.0689154793	-0.0282017055	-0.077045913	-0.0691015253	0.0051024432	0.0263435727	-0.1574741976	-0.1856343888	0.1236615872	0.0230319853	7.0262e-06	0.0759015141	0.0518401727	-0.01376914	0.1577088631	0.0578884541	0.0195152321	0.0179186279	-0.1018549534	0.0366478391	0.0448855826	-0.0102062001	-0.0345090177	-0.0352832085	-0.0257159663	-0.0278443151	0.0394351043	0.0907952635	-0.0425112403	0.0828747061	0.0343388653	-0.0321805886	0.07133952	0.0071485577	0.0602576329	0.1279078652	-0.0423490448	0.0217086562	0.0091553263	-0.0719093613	0.1328476045	0.0017926988	-0.0352388811	0.1654433221	0.0086632673	0.0233564967	-0.0016102218	0.0901454481	0.0233089578	-0.0910020174	0.0266345602	-0.0639208869	0.0189674471	0.018371166	-0.0006426365	0.0183743795	-0.0252573328	-0.088296305	-0.0056317437	0.1594900331	-0.0098051977	-0.0526612585	-0.123235314	0.0282859909	0.0602605264	-0.0216574352	0.0692182706	-0.0941844305	-0.0202399032	-0.0423584577	0.1738324662	-0.1277814853	0.0438317975	-0.1060890472	0.0580481078	-0.0336153668	-0.0863746932	0.0807671512	0.0551061849	-0.083085378	0.0129749015	-0.0723837982	-0.06031066	0.0073769488	-0.1388199043	-0.0305068508	-0.0308398482	0.0119091138	-0.0005962814	0.0599212674	0.002483447	0.0979325961	-0.0562100635	-0.0153129543	0.0248911924	0.081186225	-0.0885798858	-0.0975378295	-0.0506225307	-0.0537060865	0.0411615632	0.07004046	-0.024497245	0.0131822148	-0.0019425927	0.0612715881	0.0801722585	-0.0249987357	0.0165352902	0.0352678639	0.0270360082	0.071282593	-0.0294820696	-0.073887561	0.0541808727	0.0720842882	0.0181200776	0.03171692	-0.0001278992	0.0535751268	-0.1814516478	-0.1122001022	-0.1283521231	0.041194508	-0.0400821236	-0.0816395852	-0.0422967282	0.0389598496	0.0816093689	0.0433885123	-0.0378279629	0.0057410493020739	-0.0127253768800557	3.2959647088843216e-05	0.0001619352167394	0.0221349918562339	0.0173331903914545	0.0003004394891464	0.0004899578644755	-0.2589190981687608	-0.0338029629220529	0.0011426403023096	0.0670390993965243	-0.0015315200195622	0.0004654677557034	2.166602315995601e-07	2.345553570319801e-06	-0.000712959856872	9.081376243000056e-06	5.083117575109427e-07	8.247139446692582e-11	-5.304612022100747e-05	-9.382517745541448e-05	8.803163924540017e-09	2.813890870501578e-09	0.0	0.0	0.0	0.0
1765.7639567950357	0.5455787453320227	0.297656167358064	3117922.3511164607	2451.687431618019	-5.875758418330406	34.52453699058064	6010771.262353759	1957.4951616112216	3.2175606212936145	3831787.307731343	10.35269635169935	2084.05528844928	1458.8929272752948	1.085741	33.825043	0.0441576629930612	0.0238352800586674	0.0058821442	-0.0080476434	-0.0696727325	-0.0952370321	0.0352560713	0.0756330402	0.0278710471	0.041827691	0.0029132118	-0.0764685446	-0.0082177425	-0.0030775928	0.0790071161	0.019722946	-0.0071961256	-0.0858213594	0.0317400607	0.0078527509	0.0146732225	-0.0421375794	0.0071077873	0.0427425429	0.0550222539	-0.0980429978	0.0459332503	0.0419384021	-0.0099556207	0.0762104235	0.0709273197	0.0845952662	0.091368233	0.0220502716	0.0191995205	0.0874562497	-0.13743338	0.0077448446	0.0249161988	-0.0259296242	0.0062313146	-0.0165258729	-0.0214180046	-0.0142965548	-0.026291959	0.0472595205	0.0778219161	0.0010162612	0.0009410114	0.1037552678	-0.0388785565	0.0307599218	0.0071896381	0.0354519477	-0.0738428485	-0.0565007038	0.0070403759	-0.0178140117	-0.0108318204	-0.0507547015	0.0535852139	-0.0407772627	0.0131989426	-0.0545201226	0.0311054287	-0.0533584971	-0.0197246718	-0.0376654789	0.0330349988	-0.0112107235	0.0444378004	-0.1215611436	-0.0410819259	0.0195232708	-0.0009505679	-0.0437292424	0.0232398052	0.0048279475	-0.0506501387	0.0761890594	-0.11497192	0.013074578	-0.0241241926	0.0471359048	0.0271803696	-0.0458181064	-0.0269187575	-0.0665819141	0.0318440693	-0.0590174357	0.0261531148	-0.0529223217	-0.0879226333	-0.0766080059	-0.1074413346	-0.0352990651	0.0108964386	-0.0448706976	-0.0285653436	-0.0946396412	-0.0707365832	0.0879782379	-0.1038672713	-0.0332811452	-0.0139510373	-0.035312764	0.0225944482	0.0245587095	0.0042035981	0.0223643676	-0.019992249	0.040045569	-0.0180486738	-0.0938079067	-0.0134893697	0.0118125804	-0.0427839913	0.0471960342	0.0181702172	-0.1181302654	0.0143852241	-0.0286427295	0.0369909834	0.0208906443	-0.0978224649	0.0539553021	0.0324342251	-0.0408722164	-0.0072249025	0.0551862275	0.0362481635	-0.0021124999	0.0646496053	0.0307500408	-0.07982225	0.0116982535	-0.0551713228	0.0330317497	-0.0341742016	0.068019445	0.0769033276	-0.0416278711	-0.036206891	0.0486458121	0.0515092803	0.0621171685	-0.0062859578	-0.0510396801	0.0146954139	-0.0097714541	0.0344727931	-0.0587217587	0.0404540309	-0.0415630576	-0.0816395852	-0.0393350228	0.0426618292	0.0816093689	0.0382063093	-0.0437500746	0.0210290448568741	0.0152879955548002	0.0004422207275924	0.0002337228080835	0.019589707047487	-0.0025452848087469	6.478474757637749e-06	0.0003837566222063	-0.243417750224637	0.0155013479441238	0.0002402917880847	0.0592522011244237	-0.0014989627130707	3.255730649149983e-05	1.0599782059814567e-09	2.246889215176274e-06	-0.0006930832713862	1.9876585485799976e-05	4.803644210753969e-07	3.950786505743143e-10	0.0001109806815095	0.0001640268017305	2.6904791685939203e-08	1.2316711668313074e-08	0.0	0.0	0.0	0.0
1766.5261121247504	0.7621553297146875	0.580880746612504	3120614.504818586	2438.3822496202256	-13.305181997793625	177.02786799441157	5945707.995262993	1961.3929942651632	3.8978326539415775	3847062.477952463	15.193099398133242	2083.8756623031577	1422.4049004706662	1.029658	32.077831	0.1083025764188938	0.062280864105594	0.0041957171	-0.046440564	-0.0539472372	0.0029438766	-0.0333431322	0.0567064385	0.0002994191	-0.0155330355	0.0230522405	-0.0063078331	-0.0482629539	0.0504755846	-0.0895137923	-0.0671480339	0.0471787384	-0.0190234385	-0.0601561356	-0.1215327563	-0.0668343526	0.0750922301	0.0013694649	0.0260304239	0.0363573996	-0.0863210591	0.0075177152	-0.0025114986	0.0815742071	0.0629846126	-0.1110393385	0.0010565121	0.0564692255	-0.0196766514	-0.0683925037	0.136389132	-0.0571255927	-0.0514971895	-0.0720235426	0.0267054489	-0.0611742086	0.022828695	0.1397985661	-0.0097319219	0.015392298	0.0355668903	0.0721858935	0.0726611575	-0.0627161164	-0.0521968202	-0.0752105918	-0.0544862257	-0.1306197229	-0.095526635	0.0696362352	0.0469568309	0.0284058482	0.030325449	0.0582490983	0.0497069726	0.0640903391	0.023784658	-0.0702227889	0.102236552	-0.0306782443	0.023709954	-0.0208083016	0.0586906385	0.0520280971	-0.0535427859	-0.0553152308	-0.0964328976	0.0269097616	-0.0539300458	-0.0139755655	0.052449846	-0.0598689247	0.0169262345	0.0118248543	0.0184166847	0.0029377017	0.0185106745	-0.0841986582	0.079455356	0.0569618701	-0.0427971018	-0.0643050977	-0.1188306571	-0.1020315857	-0.1006423014	0.1706209481	-0.0639090728	0.1306767545	-0.1203242687	-0.0942719629	-0.0592763877	0.0114439276	-0.0652552513	0.0729161824	-0.0440904547	0.1174606886	0.0480801372	-0.0420475167	0.1204322708	-0.0220005838	-0.0219952303	-0.0340201899	0.0029336656	0.0736932968	-0.0182269827	0.0921525909	0.0793192385	0.1126516147	0.0268361598	0.0957802114	-0.0689248858	-0.0148519409	0.1401016993	0.0153961891	-0.0475335479	-0.0053210241	-0.0946994874	-0.0538706455	-0.0884119181	0.0063589051	-0.0253463343	-0.0061976742	0.0069666134	-0.0281127902	0.0504552183	0.0331059317	0.0086454098	-0.0236550748	-0.0080454449	-0.0485589021	0.0051710124	-0.0105104799	-0.0039537376	-0.0298672417	-0.0137613894	-0.010172412	0.0458709241	-0.0514270599	0.0404457736	-0.061363691	0.0355616484	0.0284035384	0.0063722459	0.0416790265	-0.1258472405	0.0004482528	0.0198909901	0.0397091175	-0.0430257605	-0.0815590168	-0.0363043104	0.0462468756	0.081287294	0.0328188985	-0.049365311	0.0341853507191842	0.0131563058623101	0.0011686382037936	0.0001730883839426	0.0114203719535197	-0.0081693350939672	6.673803587752569e-05	0.0001304248955567	-0.2481947489214135	-0.0047769986967765	2.28197165490044e-05	0.0616006333921634	-0.0017240753278063	-0.0002251126147355	5.0675689313098615e-08	2.9724357359504004e-06	-0.0017219336123195	-0.0010288503409332	2.965055365235682e-06	1.0585330240385672e-06	0.0005010164611574	0.0003900357796479	1.521279094055452e-07	2.510174943506845e-07	0.0	0.0	0.0	0.0
1771.9732842619032	5.447172137152847	29.67168429177432	3139889.320137916	2462.0779071384004	23.69565751817481	561.4841852186345	6061827.620819006	1962.2184986452664	0.8255043801032116	3850301.436425684	0.6814574815695876	2085.7221171858	1469.6638094999091	1.062761	33.109108	0.1347748001585597	0.066282945145881	0.00460507	-0.0545940344	0.0735132172	0.0588191199	0.0164613199	0.0649631218	-0.0213678503	-0.0998500097	0.0038989235	-0.0001404107	0.0786090197	0.0117371239	-0.0757351409	0.0020913995	0.0371347941	-0.0799648651	-0.0107713868	0.037985938	0.0183497005	-0.0211634429	0.0560186255	0.0920223441	-0.0159914817	-0.050979275	0.0468168219	0.0002208724	-0.0338336183	0.0299934532	-0.0037822869	-0.0208772287	-0.053103543	0.1456983684	0.1164338673	0.0370598782	-0.0118797772	-0.0453128196	0.0152829748	0.1106088037	0.0871591654	-0.083741716	0.0065999215	0.0615232362	0.0226157971	0.0069200931	-0.0438269285	-0.0185262229	-0.0334449128	0.0174701862	0.024709035	-0.0505397585	0.0248226222	-0.0589726473	-0.0246650974	0.0346343081	0.002883265	0.0873087296	-0.0882571057	0.0186442489	-0.02790643	-0.04719789	-0.0563602079	0.104970825	0.0458486158	0.0819211651	0.0414708034	0.0023449542	0.000386249	0.0168641937	-0.0659712549	0.028065069	0.0265746579	-0.0224552615	0.0563326061	0.0747997974	0.0376749266	0.0209914327	-0.0327687805	-0.0933349325	-0.0605250143	0.112827216	0.0088286542	-0.0347498111	0.0077745064	-0.0488204611	-0.0041865238	-0.0087757355	0.0383253359	0.039566037	0.0628801275	-0.0751884516	-0.0064999063	0.0920379179	-0.1050405371	-0.0413155196	-0.090169273	0.0325927982	-0.003092486	-0.0718201443	0.0327935852	-0.0862864734	-0.0322079191	-0.0332376458	-0.076908276	0.0304017542	-0.0357882398	-0.0535199505	-0.0963489478	-0.0106801935	-0.0154105473	0.0107824512	0.0052220875	-0.0426893544	-0.0117667377	-0.0766557753	0.1157170516	0.0251594113	0.0051354066	0.0226685253	-0.1418195097	0.0036158507	-0.0049106505	-0.0037899607	-0.0408984321	0.0325370874	-0.0140339608	-0.0400151646	-0.0210408825	0.0595953124	0.0073855826	-0.0103196188	-0.0332829293	0.0228044144	0.0392218122	0.0914579567	-0.0316320753	0.0140340159	0.0104444789	0.0377934789	-0.0636703797	-0.0238507712	0.050513332	0.0054602708	-0.0312484328	0.0912818855	0.022079508	0.0436000092	0.0400010276	-0.0819208746	0.0366798019	-0.0127905751	0.0389598496	-0.044469591	-0.0813979594	-0.0332099078	0.0497051625	0.0806444153	0.0272552159	-0.0546342852	0.0406171834266757	0.0064318327074915	0.0016497555895162	4.136847197715746e-05	0.0310456470755724	0.0196252751220527	0.0003851514236162	0.0009638322023409	-0.202921460338473	0.0452732885829404	0.0020496706591142	0.0411771190658984	-0.0024458874611481	-0.0007218121333418	5.210127558394406e-07	5.982365472601499e-06	-0.0014980111347528	0.0002239224775667	2.2440373598433718e-06	5.014127595960928e-08	0.0008241699251704	0.0003231534640129	1.044281613036013e-07	6.792560655553826e-07	0.0	0.0	0.0	0.0
1766.5441754821309	-5.429108779772378	29.475222142601517	3120678.3239298416	2465.883037708424	3.805130570023721	14.479018654929046	6080579.155658126	1956.8813484156296	-5.337150229636791	3829384.611776973	28.48517257371205	2086.76535111204	1472.763071028532	0.907138	28.260859	0.1487221002545267	0.0625850391514988	0.0243026578	-0.0406717973	0.0863419106	0.0020390208	0.0271608035	0.0273810712	-0.0188268725	-0.0268834717	-0.0774168771	-0.0214223139	0.0646347448	0.0470974642	0.0160653907	-0.0582074029	-0.0738511555	-0.0597176497	0.0296406547	-0.0064662219	-0.0663461057	-0.0170755706	0.0320728259	0.0056732973	-0.064042591	-0.0988176524	0.0522296252	0.0561803346	0.0141101174	-0.0260444516	-0.0150386744	0.0791735849	-0.1123458297	0.0261446794	-0.0738152092	0.019812906	-0.0167087129	0.0531536633	0.0148069581	0.0480183403	-0.0003841527	-0.0195196364	-0.0795040538	0.0261783856	0.0715214464	-0.0670468956	-0.0186483313	-0.0574922562	-0.0005612546	0.050879501	-0.0037716574	0.06422658	-0.0204979731	-0.0979968018	-0.0268253727	-0.0004622683	-0.0191897474	0.0267731464	0.0811815662	-0.1102062807	-0.0241046944	-0.016259611	0.048352835	-0.0097746051	-0.061255271	-0.0248688057	-0.0314521192	-0.0554752815	0.0110028477	0.0048228558	-0.1269600471	0.0063610102	-0.0050569435	0.0965142813	-0.0364103602	0.0533897308	-0.0253876294	-0.0399241511	-0.0306613787	-0.0244382361	-0.0029842135	0.0795692926	0.0410591652	0.0808941071	0.0197013429	0.0378125166	-0.0028808495	0.0596943899	-0.0153254118	-0.084686306	-0.0163216136	-0.0213801632	-0.03696277	-0.0671274868	-0.0143415842	-0.059069967	-0.0898190213	0.0040824709	-0.0068480522	-0.0141671491	-0.0584122169	-0.0294276364	0.0607590327	-0.0168364785	0.069379336	0.055542912	-0.0690957188	0.0377981458	-0.1124988139	-0.0139956915	0.0305240704	-0.0568346518	0.0190023554	-0.0431950075	0.0361628346	0.0096581202	0.0511696695	-0.0507153247	0.0443297251	0.0357438167	-0.0289486228	-0.0407183899	0.0019423134	0.0121012847	0.0694807575	0.17794403	-0.0700257624	-0.1426547921	-0.0362067821	0.029704976	0.0187887834	-0.0017241807	-0.0002163717	0.0720126305	0.0013661286	0.0489973749	0.0535375406	0.0114053823	0.0399418182	0.0580337147	-0.0353827198	-0.0451151479	0.0513672946	0.0078201357	-0.0411255089	0.0918821045	0.0402776536	0.0414294137	0.018595941	-0.0677927096	0.0339716366	0.0175649168	0.0382063093	-0.0458939156	-0.0811565722	-0.0300572439	0.0530272111	0.0796832699	0.0215451443	-0.0595200392	0.0139102944466458	-0.0267068889800299	0.0001934962915923	0.0007132579189916	0.0095536334479646	-0.0214920136276078	0.0004619066497692	9.127191205806796e-05	-0.226918228644287	-0.023996768305814	0.0005758448891229	0.0514918824910609	-0.0030859200167428	-0.0006400325555947	4.096416722210828e-07	9.522902349733884e-06	-0.0009763429365123	0.0005216681982404	9.532455296774612e-07	2.7213770905548945e-07	0.0011929977581567	0.0003688278329863	1.360339703853701e-07	1.4232436509669122e-06	0.0	0.0	0.0	0.0
1765.5834647923557	-0.9607106897751692	0.9229650294482812	3117284.9711481794	2442.9686129534684	-22.91442475495569	525.0708618505261	5968095.643875794	1955.511455814724	-1.3698926009055867	3824025.0538226217	1.8766057380158727	2081.4265763537587	1429.02246135315	0.991953	30.903168	0.0770380618049228	0.0363037197096934	0.0195115384	-0.0563227436	-0.0359208134	0.0551243784	0.0516186759	0.034680729	0.0561360582	0.0227730283	0.03735781	-0.0484444087	0.0589289101	-0.0002140371	0.0266911892	0.0313468428	0.0752092451	-0.0395315247	-0.0006728824	-0.0449581717	-0.0106943764	-0.0643540268	0.0535844247	-0.0470914665	0.0125555337	0.0331913842	0.0460956378	-0.0145342536	0.0189030993	0.025574323	-0.0097488585	-0.0449416376	0.0124175146	0.0106811396	0.0432800729	0.0562700066	-0.0580544149	0.0546203111	-0.0072974208	0.0568960949	-0.0267345293	-0.0069088434	-0.0268465894	0.0256771761	0.0402729812	0.0975035392	-0.0578816025	-0.0159127774	0.0599562017	0.0477933253	0.0374783106	0.0700989058	0.0803157157	0.0301215791	0.1274809224	0.0312319062	0.0275274094	0.0913095788	-0.1412911268	-0.0009489729	-0.0187246492	-0.0187305893	-0.0076148415	-0.0753450632	-0.0706616005	0.0001583475	0.0948221989	0.0171995845	0.0843591211	-0.0825011128	-0.1089188738	0.0632729862	-0.0631124807	-0.0911020601	0.0251427883	0.0294375784	0.0007625722	-0.077147128	-0.0060247537	0.0205105187	-0.0799955027	-0.0482799982	0.0240750986	-0.0473394482	-0.0539082461	-0.0151378264	-0.0581421958	-0.0697298822	0.0491823311	0.0111165164	0.0285254268	-0.0201412832	0.0404296882	0.0727096323	-0.0938509111	-0.066799025	-0.0087464337	0.058984065	-0.0211154309	-0.0649077263	0.016265577	-0.0530647226	-0.0597328536	0.0135906522	0.0406548733	0.0257390906	0.030520976	-0.0442164174	-0.0247603775	0.0361130764	0.0354174879	-0.0417936736	0.0533475898	-0.0147986637	-0.0187959567	0.0509195386	0.0489698541	-0.0116661253	-0.0103188938	-0.0251444989	-0.0350550881	-0.030445528	0.0814700133	-0.014662975	0.0263965582	-0.0409375051	0.0983439805	-0.0165021712	-0.0393845833	0.041673387	0.0281156734	-0.0370463411	-0.0632708957	0.0280491513	-0.0026037832	-0.0145203903	-0.0220198794	-0.0309659347	0.0545516405	0.0506848939	0.0273589062	0.0224358175	-0.0620330922	-0.0096948171	-0.004551655	-0.0102596353	0.0612678844	0.0403363847	0.0289472343	-0.0743078804	0.0094377341	0.0492427896	0.0374485793	-0.0472981097	-0.0808350932	-0.0268518493	0.0562039158	0.0784076511	0.0157193527	-0.0639883028	0.0349109416664248	0.0210006472197789	0.0012187738480365	0.0004410271836496	0.0093684251979055	-0.000185208250059	3.4302095889953886e-08	8.776739068875072e-05	-0.2201441752629023	0.0067740533813847	4.5887799213849536e-05	0.0484634579021834	-0.0027227185709043	0.0003632014458385	1.319152902591771e-07	7.413196416347152e-06	-0.0006007950724944	0.0003755478640179	3.609547191335514e-07	1.4103619816840714e-07	0.0009501840089391	-0.0002428137492176	5.895851680910759e-08	9.028496508435796e-07	0.0	0.0	0.0	0.0
1765.326854733012	-0.2566100593437568	0.0658487225564063	3116378.9040415487	2440.67679143835	-2.2918215151184995	5.252445857160055	5956903.200265799	1963.573453105256	8.061997290531963	3855620.705739699	64.9958003125447	2088.424836294043	1447.966494298449	1.185209	36.923847	0.080429226074682	0.0413021255424954	0.0309653803	0.0652683252	-0.0566480265	-0.0557893399	-0.0849280336	0.0332043519	0.0073211096	0.0408466298	-0.0420905149	-0.0346122784	-0.0705787279	0.0214783763	-0.0179742859	-0.0315272482	-0.0355314389	-0.0054743678	-0.0335698482	0.0129055879	-0.0426688335	0.0445963971	0.0058932765	0.1414626494	-0.0533855096	-0.0044203002	-0.055958489	-0.115738009	-0.0409181052	0.067485281	-0.0219045123	-0.0527109508	-0.0060281834	-0.0028781352	-0.0237599611	0.070598054	-0.0605637443	0.0312685246	-0.0024494169	0.1139291366	-0.0093510954	-0.0301131044	0.0262277283	-0.0519039414	-0.0331629385	-0.0392062209	-0.0050740041	0.025087238	0.0389249696	0.066967178	0.0474314582	-0.0226976886	-0.0027462558	0.097640384	-0.1017567766	0.0144597252	-0.0341609398	0.0628980723	0.0136203593	0.0096001587	-0.0531854612	0.0384911895	0.119798272	0.0634382652	-0.1851507281	0.091737074	-0.0150060833	0.0305428275	-0.1211693843	-0.0343474395	0.0037926057	0.0448255688	-0.0402241534	-0.0540148223	-0.03124954	-0.0498825448	-0.0457588475	0.047358709	-0.0743619323	-0.0052634044	0.0204414723	0.0275840323	-0.0388148757	-0.0472729732	0.1317090298	0.0251978864	0.0054783548	-0.0361030698	-0.0491537534	-0.0011589172	-0.0368838832	-0.0792826362	0.0465064196	0.030182799	-0.0605049651	0.0502547908	-0.0802988967	-0.0070669375	0.0309679563	-0.0845966916	0.0189288329	-0.0124378518	0.026790713	-0.0176419927	0.0811452858	-0.1313756738	0.1174477043	-0.0182427397	0.0361043137	0.0103833665	-0.0127161197	-0.0020291173	-0.147350853	0.0250065862	0.0223070802	0.0671885831	-0.0581602302	0.0143039797	-0.0102776481	0.1375466083	-0.0235185142	0.1075723271	-0.0176217916	0.0593146177	0.0454316399	0.0085219062	0.0617879812	0.0235829509	-0.0046908062	-0.0385955313	0.0869356716	0.0092136025	0.0643260411	0.0041962787	-0.0440776429	0.0580887619	-0.0153799126	-0.0466958486	-0.0498214096	-0.09494096	0.0602362187	0.0168447196	0.0212696738	-0.0004639026	-0.0570406197	-0.0399334983	0.0543037256	-0.0861880983	-0.0257177364	-0.1171832526	-0.0577118589	-0.0841217691	0.0366867426	-0.0486815572	-0.0804338397	-0.0235993474	0.0592265694	0.0768225931	0.0098091318	-0.0680077345	0.0517774425959345	0.0168665009295097	0.0026809035617752	0.0002844788536051	0.0123582166232694	0.0029897914253638	8.938852767179494e-06	0.0001527255181076	-0.2442433582159608	-0.0240991829530584	0.0005807706190049	0.0596548180326101	-0.0022421099573375	0.0004806086135667	2.309846394346015e-07	5.027057060791966e-06	-0.000747181246971	-0.0001463861744766	5.582798158251386e-07	2.1428912077893585e-08	0.0010526642362307	0.0001024802272915	1.0502196985737997e-08	1.108101994239163e-06	0.0	0.0	0.0	0.0
1766.1764117385133	0.8495570055013104	0.7217471055963536	3119379.1173815303	2444.4694374932183	3.792646054868328	14.384164097508291	5975430.830838411	1960.1748868903696	-3.3985662148863867	3842285.5871956735	11.550252316967182	2089.621158662934	1462.7339849894026	1.294592	40.331551	0.1187961107643827	0.0670863287137922	0.0055365619	-0.0668611279	0.0650749673	0.0148708438	-0.0260866482	0.1044274124	-0.0239822396	-0.0335178732	0.0017907591	-0.0568095602	-0.0305789939	0.1336504228	-0.0345302558	-0.0424641173	-0.0133232301	0.0795276817	0.0894830628	-0.0542742394	0.001539141	0.0345850465	0.0868808157	0.0938425378	-0.0650028151	-0.0363523831	0.1211323096	-0.0556894846	-0.0317523661	-0.0703469428	0.0526656351	0.0276371709	-0.1140602634	-0.0918190178	0.0017900699	-0.2112178992	-0.1051502978	-0.0882417732	0.0734611966	-0.1518881202	-0.0165756254	0.0139010428	0.052981014	0.0299820772	0.0005547283	0.0753307241	-0.0182561028	-0.1087127197	-0.0340219833	0.0303797559	-0.0151194078	-0.004054759	-0.068049531	-0.024931703	0.0422584409	0.0125562511	0.074547243	0.0240762403	0.1031795823	0.0493315282	0.0819487808	0.064818821	0.0838301984	0.1015054615	0.0512360135	0.0420808206	-0.0556468132	-0.0297929086	0.1127201074	0.0336975873	-0.0047084995	-0.0046304125	-0.0032580252	-0.0528388468	0.0067778693	0.0064997692	-0.0331806618	0.060036395	-0.0670671811	-0.1400071323	0.0278215125	0.0786731895	-0.1135217089	0.0384744703	-0.0201757192	0.1420321211	-0.0773900113	-0.0197224638	0.053883469	0.0756526091	-0.07457305	-0.1054623195	-0.0161593347	-0.0508022942	-0.0457421646	0.0462086306	-0.0082097419	-0.085631379	-0.1373911463	0.1555251085	-0.0797439302	0.1028608511	0.085714279	0.1200064405	-0.1316055114	0.0689462984	-0.0362318281	-0.0456425128	-0.0594904537	-0.0249115506	-0.0298509847	-0.0275598648	-0.0791648135	-0.0663993301	-0.0109102959	0.0864693755	-0.0678621111	0.0396090074	-0.0217892803	0.0092263059	-0.0643936171	0.0090650553	-0.0054355792	-0.0509619127	0.1192995504	-0.0427966328	-0.0528535907	0.1258777049	-0.0373178219	0.0461322699	0.0672650708	-0.0339553754	0.0058978783	-0.0296625811	-0.0764167244	0.0819774062	0.2013779936	-0.0705717382	0.0164285913	-0.1251044364	-0.0538108184	0.0049093976	0.0442919377	0.0528340268	-0.0651882193	-0.0148006718	0.0810149213	-0.2665460847	-0.0058449198	-0.1691514492	-0.3030917326	0.1244083038	0.0359208828	-0.0500436514	-0.0799532077	-0.0203054443	0.0620868871	0.0749343514	0.0038462256	-0.0715501408	0.0518891658802687	0.0001117232843341	0.00269248553575	1.2482092262419638e-08	0.0308078885405933	0.0184496719173239	0.0003403903938568	0.0009491259963296	-0.3031400193375404	-0.0588966611215796	0.0034688166912701	0.0918938713239643	-0.0017902741611899	0.0004518357961475	2.0415558668033549e-07	3.2050815722242004e-06	-0.0004788473722203	0.0002683338747507	2.2929480588228653e-07	7.200306833872438e-08	0.0009460728183061	-0.0001065914179245	1.1361730375176725e-08	8.950537775376469e-07	0.0	0.0	0.0	0.0
1769.9399655078248	3.7635537693115566	14.164336974499223	3132687.48150184	2470.76434523971	26.294907746491845	691.4221733965168	6104676.449707814	1963.773333085269	3.598446194899452	3856405.7037368272	12.948815017586346	2090.713788994506	1433.5070184353178	1.389554	43.289982	0.1599562853538896	0.1176083010524899	0.0582402676	-0.0079168374	-0.0179149343	0.0757739076	-0.0473060498	0.0470711173	0.0460596052	0.0349715649	0.0257204506	-0.1430389083	0.1330310096	-0.0753130869	-0.0745749793	-0.060893841	0.0407612794	-0.114406776	0.092111117	0.009324685	-0.0044129253	0.0307983671	0.0825855883	0.0837832143	-0.0337624248	0.0224169651	-0.0335777554	0.0766344915	0.0865712438	-0.0134933578	-0.0082495233	-0.0514590368	-0.0265282076	0.0685315255	-0.0251165035	0.0484058596	-0.0677846981	0.0130648116	-0.0021611168	-0.0220674396	0.0478078811	0.0288892724	-0.0972677889	-0.0867238081	-0.0321664474	0.0761760861	0.0647509636	-0.066861719	0.0812336699	-0.0279346363	-0.0188887577	0.0368266099	-0.0365915988	0.1072109621	0.0803706967	-0.0563665139	-0.0391248021	-0.0780717011	0.01593789	-0.004239394	-0.0170459869	0.038936934	0.010969868	-0.0601358469	0.0284779609	-0.1549168634	0.0151819991	0.0079560037	0.0440752035	0.0440241359	0.0265705867	-0.007060495	-0.0053375204	0.0270180978	0.0163612762	-0.0492566512	-0.0612858647	0.0068305902	-0.084829854	-0.0248860677	-0.0103668336	0.0165141069	0.0808517831	-0.034985739	0.0231759986	-0.0540282127	-0.0562907535	0.0650281826	-0.0239173678	0.0047902262	0.0389849425	-0.0767019405	0.0284739726	-0.0013023909	0.0546932022	-0.0206468912	0.0020614421	0.0816515329	-0.0367503389	0.0248609838	-0.1314629586	-0.0704103709	-0.1255991547	0.0382850159	-0.0164274506	-0.0569162731	-0.0192678667	-0.0287692702	0.1053387261	-0.0105191526	-0.084796475	-0.0345152386	0.0189905193	-0.0676859946	-0.0801817806	0.0497530164	0.0336622857	0.0198202891	0.0463307682	-0.088501181	0.1214683286	-0.0007995142	-0.0089372571	0.0532718144	-0.108832891	-0.0228890973	-0.0300541633	-0.0277848753	-0.0335081087	-0.015774155	0.0658424176	-0.0192371622	0.0101697847	-0.0046409668	0.045665495	0.1082974373	-0.0592907952	0.0055628847	0.0355939015	-0.0617335105	0.0520162602	0.0515562583	0.0335676826	0.0253962763	-0.0095079295	-0.0037138735	0.0822665737	-0.0790668992	-0.0375674647	-0.0308071241	-0.0226901127	-0.0839653678	0.0351510839	-0.0513837948	-0.0793936715	-0.0169759185	0.064777029	0.0727503781	-0.0021373389	-0.0745906743	0.0520569260415726	0.0001677601613039	0.0027099235488977	2.8143471720711788e-08	0.0187181913625806	-0.0120896971780127	0.000146160777856	0.0003503706878861	-0.1934036999404824	0.109736319397058	0.0120420597948131	0.0374049911506681	-0.002111943536397	-0.000321669375207	1.0347118694612601e-07	4.460305500929067e-06	-0.0001130751245419	0.0003657722476784	1.2785983790166197e-08	1.337893371717088e-07	0.0010178813677709	7.180854946480008e-05	5.156467776238639e-09	1.0360824788551584e-06	0.0	0.0	0.0	0.0
1767.4576467092538	-2.4823187985709865	6.1619066177389055	3123906.5329110133	2463.6646937617547	-7.099651477955376	50.40505110843396	6069643.723288201	1958.368157607771	-5.405175477498005	3835205.840732056	29.21592194254579	2092.923122688207	1527.0952228508163	1.428319	44.497654	0.1349414145174761	0.0758454600652505	-0.0646855758	0.161562453	-0.0087648232	-0.0866242258	0.0172006917	0.0727033478	-0.0247240474	-0.0307843474	0.0168051202	-0.077237373	-0.0530116193	-0.1040541539	-0.0139832868	-0.0969014961	-0.0820476004	0.0239727151	-0.1353942471	-0.0306376658	0.0150844661	0.0384534311	-0.0660371223	0.084946759	-0.1530143508	0.0211067612	-0.0385639224	-0.001501361	-0.0343007384	0.0318604465	-0.0849259235	-0.0019620492	-0.0048505986	-0.1089099069	-0.1077286147	-0.0288093229	-0.0386316321	0.0399301552	0.1023015513	0.0206443475	-0.0613813497	0.140802507	-0.0777390316	-0.170869123	-0.0437650382	-0.0880421544	0.0811714249	0.0472234598	0.0426999453	0.0129164138	-0.0201061705	-0.0283801827	-0.027282243	0.0816203046	0.0171890179	0.0110497578	0.1167696732	0.0982148483	0.1140927863	-0.0838779958	0.0039971011	-0.0058239643	0.0691199252	-0.1267462521	0.0052123672	0.1037575008	0.1534402634	0.0036639714	-0.0321206152	-0.0360033874	0.0550689236	0.0869121952	0.0544649171	0.0371844061	-0.0343178669	-0.0944812339	0.025622218	0.0533091035	-0.0128790516	0.0173698431	0.1648451086	0.0623461891	0.017773896	-0.0180651895	0.0791641139	0.0550235906	0.0123023719	-0.0292413256	-0.0373941142	-0.1108147746	-0.0783983243	-0.0006345998	0.1042368496	-0.0608786545	0.055775669	-0.0202456654	0.0721246426	0.0026398793	-0.1080765024	-0.0577465302	-0.0627240247	-0.0017032362	0.0974312469	0.0911301756	0.0824438032	-0.1113716399	0.0519441917	-0.0803042005	0.1110291384	-0.0098737573	0.0008544485	-0.1477409747	-0.0441756238	-0.1061575001	0.0690273338	0.0185557974	0.0725414421	-0.0584393743	0.0139511793	0.1088502527	0.0374970504	0.1136697634	-0.0218130658	-0.0034223523	0.0489777352	0.0665511203	0.01958368	0.0896462181	0.0913379465	-0.1162283328	0.0998722023	0.1636549062	0.0781327604	0.0254829529	-0.1413062387	0.020026392	0.028445844	-0.0807042918	0.0256465779	-0.0907792436	0.022842286	-0.0970925333	-0.0238307925	-0.0247742376	0.0087195425	-0.0023669484	0.0425321391	0.0408553244	-0.1068217818	-0.033320732	0.0743831343	-0.029760178	0.0343774302	-0.0527013995	-0.0787557834	-0.0136166111	0.0672896215	0.0702792922	-0.0081094236	-0.0771080077	0.0355865267180917	-0.0164703993234809	0.0012664008838574	0.0002712740538749	-0.0090217172012074	-0.027739908563788	0.0007695025271273	8.139138125856149e-05	-0.1929644982810501	0.0004392016594322	1.928980976480744e-07	0.0372352975968573	-0.0033953251878489	-0.0012833816514519	1.647068463283406e-06	1.1528233131241168e-05	-0.0004424009685044	-0.0003293258439625	1.9571861693363112e-07	1.0845551150161293e-07	0.0008247507637698	-0.0001931306040011	3.7299430201829753e-08	6.802138223388684e-07	0.0	0.0	0.0	0.0
1760.6472998543725	-6.810346854881345	46.38082428379223	3099878.9144844925	2456.7732091833045	-6.891484578450218	47.49255969501717	6035734.601360833	1949.978504613992	-8.38965299377901	3802416.168456621	70.38627735602509	2084.7327980725427	1510.7367005770186	1.212825	37.784187	0.1899120140434654	0.0943222797460884	-0.0479800632	0.0816410967	0.0791362659	0.0230969551	-0.0671279892	-0.0271420204	-0.0823255647	-0.0547805006	0.0093891306	-0.0035654588	-0.0515277715	-0.0063361812	-0.0005832331	-0.0708736101	0.0147882362	0.0525333348	0.0404862241	-0.056729189	-0.0370295718	-0.0382517921	-0.0919611706	-0.0345755829	-0.0021324474	0.0747630748	-0.0674627312	-0.0197113796	-0.0788592176	-0.0011650967	0.0014828684	-0.1239749467	0.0838285402	0.1090541347	0.0334091628	-0.0432226469	-0.1765075928	-0.0438579835	-0.1040044843	-0.0027905652	-0.0376927432	0.1141032114	-0.165291065	-0.0100246574	0.0201263165	-0.0801611307	-0.0489092126	0.0168321224	-0.007227765	-0.0447368489	0.05646757	-0.0732122054	0.03956458	0.0574351758	-0.006025484	-0.0124767195	-0.0596195579	0.014082154	-0.0089018575	-0.0701363602	-0.0649868566	-0.082189037	-0.0990345266	-0.1122872158	0.0628229054	-0.0125307043	-0.0518719552	0.0045115703	0.0528348552	0.0169384589	0.0700171187	0.0498829103	-0.048179483	0.0220557651	-0.0499665711	0.006505724	0.0779623737	-0.0124250659	0.0265175563	0.0157481347	0.0795430502	-0.0451904463	-0.01971042	-0.0548750166	-0.0466251825	0.0268474999	0.0360626727	0.0671937691	0.0387826197	-0.0378886434	-0.0011770967	-0.0190301764	0.0904042907	0.0552931521	-0.024705324	-0.0642754201	0.0990158441	0.0229133588	0.0530049775	0.0437414749	-0.0604992091	0.0424920324	-0.1517790425	-0.1078275911	-0.0329046243	-0.2073170139	0.0339080459	0.0144031841	0.0465697644	0.0255069946	-0.1134987859	0.0467368228	0.0392865898	0.0565032066	-0.049221216	-0.0361251741	0.0332766157	-0.1044395833	-0.0408527268	-0.0377639059	-0.0460712761	0.0363944665	-0.0240576034	0.0949429687	-0.0368925149	0.0688099141	-0.0110941206	-0.1169068903	0.0436128812	-0.0803798437	0.0458500878	0.0150254347	-0.0795996987	0.0432828447	-0.0022922866	-0.0758045743	0.0265382073	0.0139897249	-0.0706954534	-0.0097990491	-0.1225612251	0.048069526	0.0346007739	-0.1409175159	-0.0256710315	-0.0268334769	0.0789536314	0.018239954	0.0348036009	-0.0257207695	0.0222729013	0.0248810908	0.0336000067	-0.0539958877	-0.0780401729	-0.0102334157	0.0696177779	0.0675308461	-0.0140379523	-0.0790844839	0.0586495002010707	0.023062973482979	0.0034397638738353	0.0005319007458765	-0.0367895534027979	-0.0277678362015905	0.0007710527273183	0.0013534712395773	-0.1289421337734992	0.0640223645075509	0.0040988631571377	0.0166260738620629	-0.0042523107958628	-0.0008569856080138	7.344243323429537e-07	1.808214710461132e-05	-0.0003003226943072	0.0001420782741972	9.019372071593592e-08	2.018623599885475e-08	0.0013268636785856	0.0005021129148158	2.521173792248189e-07	1.7605672215497103e-06	0.0	0.0	0.0	0.0
1759.7651057740582	-0.8821940803143207	0.7782663953416301	3096773.227499982	2431.614449112504	-25.158760070800327	632.9632083000969	5912748.829132707	1948.958820918485	-1.019683695507183	3798440.4856359703	1.0397548388831857	2072.645509831069	1462.5745373567386	1.060661	33.043694	0.1441643870784341	0.0768829089916522	-0.0069400679	0.0871036223	0.0071436848	0.1155035741	-0.0557007376	-0.0212202545	0.0209901491	-0.0462629249	-0.0590265475	0.1047287314	0.0377833198	0.0258275974	-0.0231260335	0.1009792113	0.0145713522	-0.0390253634	0.0238463604	0.0192388099	0.0396442096	0.0010331635	-0.1175232179	-0.0008174641	-0.0581113471	0.0154213136	0.0206294928	0.1136017898	-0.1141900246	-0.0512071922	0.0486533057	0.0746866773	-0.0089941769	-0.0780164244	-0.0600959311	0.0291196749	0.0736155364	0.1016833907	0.0867620412	0.0009233712	-0.0024191399	0.003918454	0.0647138072	-0.0364061778	0.0510701674	-0.0016871825	0.0095054345	-0.0197542347	0.0822208341	0.0422286437	-0.0375499969	0.0480345692	-0.0903974345	0.0249770044	-0.0244416935	-0.0500227722	-0.0443722429	-0.040748094	0.0566349664	0.1112307758	0.023596036	0.0034158597	-0.0384715076	0.0389553689	0.0191544164	-0.0802421015	0.0066888448	-0.0351615675	-0.0464534702	0.0216806566	0.0278269888	0.0237659539	0.0307973059	-0.1072823642	0.0647988166	0.1077471036	0.0472564207	0.0612061026	0.0116302293	0.0654350809	0.0266629432	0.0382829031	0.0424148127	-0.0734848367	-0.0269327155	0.0447672441	0.086071746	0.0704930677	-0.004328688	-0.0230506773	-0.044382669	0.0133049595	-0.1592647079	-0.0439381213	0.0013545554	0.0220252372	-0.0089665446	-0.0748416645	-0.0022792297	-0.0177080692	-0.008861395	-0.0504299349	0.0361923025	0.1158110473	0.0470019875	-0.0252064518	0.1135825978	0.0350325135	-0.0909144654	-0.0032152001	0.0680836159	0.0591087593	0.0132551823	-0.0247583342	-0.0451657666	0.0357574946	0.0146010648	0.023271292	-0.0305729412	0.0557686685	0.1098881276	-0.0192098807	-0.0267222793	0.0125206141	-0.0105536826	-0.094233951	0.0348274104	0.0981619558	0.0223242964	-0.0798877291	0.0707379708	0.0139170256	-0.0609610052	-0.0253380548	0.0928199848	0.0370150872	-0.021261525	-0.0038831734	0.0233200931	0.0712798529	-0.0504046232	0.0537377104	0.0068741239	-0.0492079111	-0.0325489837	-0.0648158331	0.087538582	0.0071306624	0.0087713688	-0.0558271251	-0.0408435873	-0.0001831577	0.0328188985	-0.0552666915	-0.0772475461	-0.0068322673	0.0717551168	0.0645158866	-0.0198910824	-0.0805062393	0.0655422780127139	0.0068927778116431	0.0042957902070958	4.751038596068072e-05	-0.0139842833574874	0.0228052700453105	0.0005200803418395	0.0001955601810224	-0.1831305964952747	-0.0541884627217754	0.0029363894921492	0.0335368153727151	-0.0033468643384028	0.0009054464574599	8.198332873268634e-07	1.120150089967241e-05	-0.0001890365890153	0.0001112861052919	3.5734831986539443e-08	1.2384597231039854e-08	0.0015156886458278	0.0001888249672421	3.5654868254017883e-08	2.29731207109131e-06	0.0	0.0	0.0	0.0
1765.610695530777	5.845589756718937	34.17091960385736	3117381.1281726747	2437.9866756863066	6.372226573802436	40.60527150787394	5943779.030823968	1951.9998872320907	3.0410663136058247	3810303.559754095	9.24808432374812	2077.978940693164	1452.3459535974316	0.963602	30.01993	0.0452141440511787	0.0211070898666919	0.012102787	0.0899866064	-0.070638834	0.0484515436	-0.0463513692	0.0264478414	0.0945086079	0.076820465	-0.058809663	-0.0508854382	-0.0031334981	-0.0551335694	0.0472979458	0.1012832313	0.0436702132	-0.0618742887	0.0489931691	-0.0042610832	0.019023589	-0.0210705311	-0.0450626199	0.0349628199	-0.0311739845	0.02225645	0.0502998985	-0.0097856511	0.0364223366	0.0350541171	0.007273872	-0.0045665008	0.0090937974	-0.0482926482	-0.0730769845	0.0142618383	0.0248850863	-0.0629054487	-0.0680962345	-0.0325651273	-0.01702999	-0.1004264582	0.0427314024	0.1716251964	0.0275644977	-0.0144505008	0.0097934376	0.0152269316	0.0408275931	0.0525100436	-0.0753814212	0.0329057075	0.0249762034	0.0059096618	-0.0138353219	-0.0076934725	-0.0271459563	-0.0347437808	0.0435860418	-0.0028257434	-0.1300463277	-0.00130822	0.0127938061	-0.1215186631	-0.0236703448	0.0168566879	-0.0185558556	0.0669413209	-0.0121324765	0.0083668238	0.0883294309	-0.0227247125	-0.0759728209	0.0332624718	0.0380923146	0.001294151	-0.0465671389	0.0130423851	-0.0495461393	0.1034599683	-0.0271499752	-0.0023559546	0.0115504899	-0.0686669935	0.0088242515	-0.0785101764	-0.0474465346	0.0195924881	0.062497528	0.0355280199	-0.0112871831	0.0550859257	-0.0496322359	0.0181267843	0.0102701498	0.0119064385	-0.0482823862	0.084373509	-0.0107476101	0.0505372756	0.0816134939	0.0831143871	0.0175785606	0.0319814652	0.0433255231	-0.0054683364	-0.0861586976	0.0332163272	-0.1276385726	-0.0037310156	-0.0421924296	-0.0111386089	-0.0124486828	0.0800863233	0.0313037057	-0.0463931515	-0.0278838595	-0.0140835735	-0.0743093203	-0.0279729616	-0.0020160509	-0.0943919759	0.0399796889	0.1190836468	0.0551906506	0.0087096667	-0.0108400374	-0.0121734792	0.0106837988	-0.0697052	0.0682409709	-0.0068315096	0.0053355885	0.033162899	0.0291016961	0.0568112059	-0.0878859056	0.0061547166	-0.00093898	0.0370718748	0.0208516775	0.096025476	1.6268e-06	-0.0518393744	-0.0077630063	-0.111900358	0.0182347023	-0.0120398594	-0.0001230785	-0.032734756	0.0322356521	-0.0686558676	0.0320341914	-0.0565132535	-0.0763786853	-0.0034191328	0.0736957799	0.0612463124	-0.0256373767	-0.0813633012	0.0551756143754857	-0.0103666636372281	0.0030443484217123	0.0001074677149674	-0.0080641379572625	0.0059201454002249	3.504812155980404e-05	6.50303209937618e-05	-0.1855931008928877	-0.002462504397613	6.063927908263375e-06	0.0344447990990375	-0.0033989813783195	-5.211703991670012e-05	2.716185849678913e-09	1.1553074410162728e-05	-3.2120197228646674e-05	0.0001569163917866	1.0317070700071612e-09	2.4622754011342485e-08	0.0018359518264467	0.0003202631806189	1.0256850486013425e-07	3.370719109032974e-06	0.0	0.0	0.0	0.0
1771.404191002899	5.793495472122004	33.56458978549816	3137872.8079026355	2445.85681632713	7.870140640823592	61.93911370634319	5982215.565973885	1956.92111524045	4.921228008359321	3829540.251273927	24.218485110260254	2087.993087569354	1496.2157284517205	1.041896	32.459072	0.0705471349250209	0.035901327056443	-0.0230115542	0.0601529739	0.0605184893	-0.0299432236	-0.0799324074	0.0403012883	-0.0314844393	-0.0208363037	-0.0441501464	-0.0418867386	-0.0903259036	0.0472011007	-0.0938732879	0.0141864459	-0.0696282993	0.0599525266	-0.0730202074	0.0252634693	-0.0156771691	0.021804998	0.0010447541	0.0522977555	-0.0074318008	0.1042746115	-0.0150192276	0.0172993142	0.06248592	-0.077122675	0.0341021224	-0.0141727819	-0.0109003009	0.0070655886	-0.0103566452	0.0576611658	0.0139881398	-0.0462077213	0.0595694545	0.0833370163	0.0526146098	-0.0272494356	-0.0984899743	0.0614443684	-0.053844282	0.071743785	0.0020465284	0.1376651864	0.0665627301	0.0280065178	-0.0733353907	0.0131621918	0.031188148	0.0145055921	-0.0331688263	-0.0583444443	-0.1240408645	0.0776310383	-0.0471503157	0.0165480834	0.0970216007	0.0021528822	-0.0015330277	0.0193233752	0.212275971	-0.1002811461	-0.0248376595	-0.0692976842	-0.0220008465	0.0634819071	0.0873043155	0.0314504067	-0.0271842995	-0.051137068	-0.0444829138	-0.0336605185	-0.0004455456	0.037951556	-0.0431485045	-0.0114413381	0.0491824951	-0.1035033758	-0.0098458809	-0.0394319447	0.0059854642	0.0466337696	0.0783849153	0.008495542	-0.0951255687	-0.0033463695	0.0317416052	-0.071363486	-0.0208149354	0.0278679911	-0.0009534482	0.0067175379	0.0254252483	0.0262326128	-0.1103532925	-0.0530046226	0.0396310238	-0.0103687698	-0.1411442538	-0.1048556462	0.0849499752	0.0643904859	-0.0345447957	0.0266303591	-0.1058599389	0.051169175	-0.0447676596	-0.0236279748	-0.04754072	0.0095178168	0.0110529994	0.0447229698	-0.0331849202	0.0353133094	0.0334390356	-0.0002391196	0.0547021374	-0.0641663419	-0.0066924595	-0.0267762267	-0.1152993196	-0.1045526447	0.0556149082	0.032725018	0.0346635707	-0.0431089549	0.035871575	0.0255630848	0.0162500401	0.1021488084	-0.0631562734	0.0107432443	-0.0329003551	0.0507668713	-0.0581808821	-0.0188094519	-0.0474900568	0.0334688651	0.0902729573	-0.0649078318	-0.0837801908	-0.0887680965	-0.0225640606	0.0262192969	-0.00086842	0.011153801	0.0552924006	-0.051457772	0.0312459714	-0.0577350269	-0.0754344479	-0.0	0.0754344479	0.0577350269	-0.0312459714	-0.0816496581	0.049741269472264	-0.0054343449032216	0.0024741938887123	2.9532104527171665e-05	-0.0093017043257077	-0.0012375663684452	1.5315705163066417e-06	8.652170336288933e-05	-0.1966331563247791	-0.0110400554318914	0.0001218828239392	0.038664598166245	-0.0039568274122587	-0.0005578460339391	3.111921975816949e-07	1.565648317040188e-05	-0.0002400573637475	-0.0002079371665188	5.7627537889399536e-08	4.323786521988934e-08	0.0015450316624755	-0.0002909201639712	8.463454180503e-08	2.387122838051807e-06	0.0	0.0	0.0	0.0
1766.1168825173515	-5.287308485547555	27.955631021343184	3119168.8427128084	2470.1186413235137	24.26182499638344	588.6361521551363	6101486.102213921	1953.760371610128	-3.160743630322031	3817179.5896741454	9.990300296621292	2091.6251319506773	1525.5894302984254	0.964126	30.036249	0.1042982429753997	0.0609435814328088	-0.0041849503	0.0188167281	0.0916872484	-0.0751527409	0.0003984038	0.0456689766	-0.0929240482	-0.0529129261	0.0211792111	-0.0331372559	-0.0202416142	-0.0573529201	-0.0121559837	-0.0661389034	-0.110152976	0.0072787734	0.0008093295	0.0237791479	-0.0425321785	-0.0223722274	0.0066794353	-0.0549940375	0.0564675661	0.0783848209	-0.0342698636	0.0297649395	0.0085127728	-0.0474366341	-0.0295627986	0.0126988411	-0.0091054207	-0.0540011429	-0.1211753358	-0.0457642067	0.1467380712	-0.0908796491	0.0457487571	-0.1418259785	-0.0519361022	-0.0124932405	-0.1416076233	-0.0064286264	-0.0247289706	-0.0493909062	-0.009816745	-0.006754482	0.0411718789	0.0152520876	-0.030397638	-0.0104096131	-0.1268709408	-0.0274575422	-0.0048735482	0.0240156179	0.0085738982	-0.0712034345	-0.0273366099	0.0368610438	0.0750812726	-0.0303555936	0.0321918034	0.0598459667	-0.0343477013	-0.0631934039	-0.0560189248	-0.0054212537	-0.0057867527	0.0179497145	-0.0187277943	0.0471651985	-0.0207845745	0.0562144499	-0.0625002671	-0.0206956353	0.0462401236	-0.0045472366	-0.0096492075	-0.096210622	0.0517814149	-0.0744776803	-0.0153087664	0.0098724913	-0.0380878736	-0.0079389084	0.0490567868	0.1086697752	-0.0598519717	-0.0689336942	-0.03249449	0.0391198603	0.0024012634	-0.0480236537	0.1268694697	-0.0570658823	0.0061143397	0.0937166667	0.0485677045	0.1483636291	0.0201082308	0.0225903906	0.063613217	0.0184430511	-0.0971918305	0.0541964876	-0.0706945859	0.0038974067	-0.0391173578	0.0598217534	0.0635622915	0.0242710271	0.0685156608	-0.0594793231	0.113001535	-0.0097497057	-0.0274169218	-0.0652108644	0.0158552244	0.0038148557	-0.0311488965	-0.0121587487	-0.0523726722	0.0070915494	-0.0143993002	0.0310949197	0.0504644924	-0.0039785928	-0.0050222563	-0.0191381144	0.0135324253	-0.0104278935	-0.0704850936	0.0690963644	-0.0325820182	-0.0926348592	0.0103066005	0.0503113351	-0.0088919708	-0.0203905502	-0.0375486827	0.0087507322	0.0761461066	-0.0793770316	-0.0865849777	0.0023960101	0.0272180434	0.0518145227	-0.0119121028	0.0436992592	0.0055097635	0.0116634933	0.0304543249	-0.0589314758	-0.0744157659	0.0034191328	0.0769663555	0.0539958877	-0.0366867426	-0.0813633012	0.0473214745384638	-0.0024197949338002	0.0022393219524944	5.855407521645146e-06	-0.0425040181957712	-0.0332023138700635	0.0011023936463262	0.0018065915627864	-0.1520525147751215	0.0445806415496576	0.001987433600979	0.0231199672494385	-0.0042160011604966	-0.0002591737482379	6.717103177568247e-08	1.777466578530868e-05	-1.825890114193207e-05	0.0002217984626055	3.3338747091084825e-10	4.919455801419352e-08	0.0015459693040696	9.376415941000136e-07	8.791717589864144e-13	2.390021089125443e-06	0.0	0.0	0.0	0.0
1760.877560091482	-5.239322425869432	27.450499482218348	3100689.781633731	2439.018821151168	-31.09982017234552	967.1988147522292	5948812.8099296335	1952.873545028188	-0.8868265819401131	3813715.0828709616	0.7864613864355842	2080.1565902882603	1456.1437087016825	1.010998	31.496494	0.0373274713405771	0.0243441559754567	-0.0031398626	-0.0319722282	0.072662668	0.0495065546	-0.0685851404	-0.0430855992	-0.0258834779	-0.038740606	0.0084330956	0.0887140038	0.0252106039	-0.0280176155	-0.0552795723	0.0249525441	0.0118609692	0.0093285278	0.0168417042	-0.0402491648	-0.0147985241	-0.0155762467	-0.0166321863	0.0038248139	-0.0122563583	0.0488838713	0.027800627	0.0239879001	-0.0346479392	-0.1373826049	-0.0159586568	-0.0865253798	-0.0162427172	0.0688258921	0.0371080246	-0.1261177117	-0.0721564515	0.0023899492	-0.0450989359	-0.0149571192	-0.0895401531	0.0014801362	0.0246218862	-0.0215038998	-0.0335213094	0.0525692879	0.0585390656	0.0136849219	-0.1326678473	-0.0438854496	-0.0454276775	-0.0477455133	-0.0345628648	-0.0810773934	0.0211685302	-0.0493630202	0.01712778	-0.0176005323	-0.0120950544	0.0383997653	0.0029064425	0.0517821394	-0.0893667773	-0.0259625276	-0.0052110362	0.0204622203	-0.059708493	0.143427434	0.0593274332	-0.0577475705	0.0584334333	-0.0130237239	-0.0098396711	0.1004384602	0.0063634535	0.0959812784	0.0112345233	-0.0006528323	-0.0017807805	-0.0367562059	0.0321350283	-0.0268977159	-0.0030556327	-0.0384160253	-0.0345695075	0.056125589	0.0723718887	0.0814676296	0.0204552278	0.0795484514	0.0034117758	-0.038873336	0.1563495935	0.0208643463	-0.0141827765	-0.0830004093	0.0307016086	-0.0145933254	-0.1054915652	0.0131438096	0.0392699326	0.0005476675	0.0105530742	-0.0124199255	-0.0664922394	0.0690524813	-0.1014489283	0.0014839766	-0.0241041558	0.0471258611	0.0155127787	-0.0131988498	-0.0036707907	0.0744559173	-0.0140370982	-0.07457788	-0.0309380117	-0.0208493262	0.0408920926	-0.0940839951	0.00960119	-0.0086248946	-0.0460069426	0.0010647605	0.0139755792	0.0688351427	-0.0289543117	-0.0267935047	-0.0092787726	-0.0035818203	0.0041049357	-0.0039659762	-0.0825077601	0.041360898	0.0581178802	-0.0308760538	0.0326016513	0.0460309703	0.0332712915	0.0245804147	-0.089702662	0.0061550979	0.0947697266	-0.0062249806	-0.0903148653	-0.0575444552	0.0397352482	0.0876915376	-0.0177496159	0.0333378771	-0.0209354551	-0.0177490575	0.0296593388	-0.0601020755	-0.0733236445	0.0068322673	0.0782873035	0.0500436514	-0.0419304676	-0.0805062393	0.0426117237438603	-0.0047097507946035	0.001815759000423	2.2181752547268296e-05	-0.0345032503254003	0.0080007678703709	6.40122865155593e-05	0.0011904742830172	-0.1553084471113308	-0.0032559323362092	1.0601095377973347e-05	0.024120713744133	-0.0042151731613413	8.279991553002825e-07	6.855826011779813e-13	1.7767684780092007e-05	-0.0004427563857865	-0.0004244974846445	1.9603321715472405e-07	1.801981144695652e-07	0.0015440743810816	-1.894922987999946e-06	3.590733130450644e-12	2.384165694312526e-06	0.0	0.0	0.0	0.0
1761.0630200883545	0.185459996872396	0.0343954104399091	3101342.960722716	2445.3483660662614	6.3295449150932654	40.06313883218301	5979728.631422934	1951.5376589761736	-1.3358860520143023	3808499.234402204	1.7845915439663598	2077.0410200871	1439.7722542855593	1.032584	32.168983	0.037497596999768	0.0192101693363281	0.0392424682	-0.0279309304	-0.0130276591	0.0944301581	0.0605842733	0.0307828559	0.0348259211	0.034400882	-0.051509404	0.0086660165	0.0709733786	-0.0250091247	0.0046746863	0.0769004657	-0.0045454452	-0.0966077929	-0.0197025008	-0.0326955396	-0.0330866316	-0.0468858258	0.0045325567	0.0061464089	0.0350225783	0.0502818079	0.0233357137	-0.0095244758	0.0792214955	-0.0779422114	-0.1121062843	0.0046248759	-0.017866232	0.0050184151	-0.0253167019	0.0043986339	0.0680868497	0.08595127	0.0036664652	0.0032833773	-0.1177677517	-0.0095445679	-0.0338969074	0.0555343598	0.0855626834	0.2412923992	0.0195171771	0.090479028	0.0492498098	-0.1276037194	0.0091139209	-0.0245076241	-0.0323844139	-0.0828884993	-0.0196898598	0.0170485168	0.0193108894	0.0407927163	-0.0749732857	0.0111252758	0.0311464596	-0.0112080088	-0.0176931457	0.0250478484	0.0155938983	0.0345529332	0.043404066	0.1300996927	-0.0552900965	0.0574316248	-0.0408160834	-0.000977703	-0.0340927658	-0.039654342	0.0158390917	0.060772691	-0.0028965524	-0.0432551233	-0.0275281478	0.0266515403	-0.0484654569	-0.0427743988	0.0749980272	-0.0164732541	-0.0043864973	-0.0480885024	-0.0696328108	-0.0048980556	-0.0297612608	-0.0294379395	-0.0098926716	0.050681196	0.1323833487	-0.0670203245	0.0257378485	-0.1479756238	0.0088578605	0.0286965084	0.0317808486	-0.0104432787	0.0417487102	-0.0323824533	0.0779444762	0.0759427969	0.0618492198	0.1209799753	0.000545572	0.0014062346	-0.0851149209	0.0957269714	-0.0712487408	0.0488980498	0.0031134131	0.0134425758	0.0199261212	0.080585684	0.0050179912	0.0257513171	0.1421995385	0.0107229187	0.0253727784	-0.0642496023	0.0371887127	-0.0795426479	-0.0394709287	-0.0936871868	0.1090153867	0.0003803839	-0.0587894207	-0.0058432242	0.0154263803	-0.0314508653	-0.0781195053	0.028184603	0.0581504925	-0.0221112888	-0.0216302871	-0.0181725522	0.1015096602	0.0580044922	0.0338606413	0.0377571369	-0.0108458973	-0.0341399925	-0.0550313071	-0.0188341525	0.0379339841	0.0404197307	-0.0214059208	-0.02358007	-0.0085270101	0.0276768287	0.0288611001	-0.0612463124	-0.0721591615	0.0102334157	0.0793936715	0.0458939156	-0.0469489822	-0.0790844839	0.0360290133768899	-0.0065827103669703	0.0012980898049121	4.333207577541954e-05	-0.0224012089646095	0.0121020413607908	0.0001464594050982	0.0005018141630761	-0.1680038308744826	-0.0126953837631517	0.0001611727688936	0.0282252871885017	-0.0042152672724009	-9.411105960071414e-08	8.856891539169171e-15	1.7768478177774127e-05	-0.0003207575867678	0.0001219987990187	1.0288542946910277e-07	1.4883706962005158e-08	0.0015443307011804	2.5632009880002457e-07	6.569999304885435e-14	2.384957314608346e-06	0.0	0.0	0.0	0.0
1761.554120708228	0.4911006198735776	0.2411798188402122	3103072.9201841387	2443.5743591873734	-1.7740068788880308	3.1471004063420525	5971055.648877982	1948.6692135634355	-2.868445412738083	3797311.703889938	8.227979085858152	2076.7145263565635	1432.7309468699768	0.9627460000000002	29.993265	0.0587774959985556	0.030765644608001	0.055657269	-0.0176046092	-0.0384874551	0.0248153891	0.0589932019	-0.0029376379	0.0038077207	0.0484159363	-0.0503275637	-0.0267050654	-0.0121767029	-0.0539627826	0.0468310081	0.00575694	0.094388693	-0.0239134707	0.0059935123	-0.0361911358	-0.06129903	-0.0482621117	0.0128072745	-0.0215291547	0.0458228065	0.0051591028	0.0564690043	-0.0816887283	0.0169981937	0.0904392811	0.042590022	-0.0341261662	-0.0252133786	0.0121997116	-0.1067795737	-0.0460538279	0.0182658437	-0.0172731594	-0.1176642351	0.0012820192	0.0355958187	-0.0296126892	-0.0211177448	0.0422410892	0.0340653826	0.0104490428	-0.0147873513	0.0694011743	0.0504969817	-0.0330502267	-0.059191329	-0.0375602628	0.0326628058	-0.0049475389	-0.0045916874	0.1418694398	0.0116009897	-0.0499956318	-0.0288925429	0.0379668063	0.0377302181	-0.0225698567	0.0469596413	0.0081351152	-0.0357966251	-0.044331367	-0.0294317259	-0.0344228551	-0.0219035056	0.070597264	0.0379667991	-0.0390872701	0.043666337	-0.0246767759	-0.0174665053	0.0211239267	-0.0223650858	-0.0423242856	-0.0365937584	0.0362105796	-0.0654810324	-0.0030751924	-0.0031868836	-0.0143261107	0.0596023413	-0.0230983686	-0.0659220071	0.002919178	0.0575452034	-0.005292131	0.0223968027	0.0368545681	-0.0198763394	0.0136294327	0.0621746253	-0.0537990168	-0.0767378571	0.1380110648	-0.004211857	0.0350909737	0.0024724438	0.0020144229	0.0108828225	-0.0262047315	0.0123218856	-0.0483079502	0.0524284909	0.0165139955	0.0417092961	-0.0706069852	0.0215371592	0.120157055	-0.0605851074	0.0551863609	0.09797359	0.0208648583	-0.0818416216	-0.0037271302	-0.0160041888	0.0218002796	0.0006311573	-0.0329580689	0.0324586933	-0.0347281655	0.0467332848	-0.0812920787	-0.0024396886	0.0217802445	-0.0359592522	0.007374012	0.0050726415	-0.0079810514	0.0494495111	0.065850207	0.0034618198	0.0380196843	-0.0500520165	-0.0196114678	0.0913051124	0.0698872761	0.0604957551	0.0080426476	0.0110672684	0.0034185265	-0.0182330629	-0.0681222108	0.0254540018	0.042802681	-0.0623663053	0.0801539646	0.0601668733	-0.1081842085	0.0280596966	-0.0623636846	-0.0709234662	0.0136166111	0.080282427	0.0415630576	-0.0517153317	-0.0771080077	0.0363032774523759	0.000274264075486	0.0013179279537841	7.522078310219176e-08	-0.0379979644870616	-0.0155967555224521	0.0002432587828271	0.0014438453051599	-0.1506312434085401	0.0173725874659425	0.0003018067952618	0.0226897714908028	-0.0041163334104008	9.893386200010049e-05	9.787909050254923e-09	1.694420074558188e-05	-0.0001992764178091	0.0001214811689587	3.9711090694826996e-08	1.4757674411572216e-08	0.0018345934489151	0.0002902627477347	8.42524627224981e-08	3.365733122802201e-06	0.0	0.0	0.0	0.0
1760.093956711806	-1.460163996422125	2.1320788964474318	3097930.7364534205	2455.485753377279	11.911394189905424	141.88131154731266	6029410.285038782	1949.9340419739624	1.2648284105268883	3802242.7680489146	1.5997909080759751	2082.6957257223503	1458.3865269622972	0.8567479999999998	26.69101	0.0702248591897825	0.0429697574177086	0.0491559083	-0.0134750159	-0.0279214341	-0.0324708596	0.1012074315	0.0331289048	-0.0159024326	0.0563948192	0.0012506347	-0.0718268464	0.0239440895	-0.0032991911	0.0553838476	-0.0044644036	0.0551010972	0.0449615128	0.0049769638	-0.031202598	-0.0693854703	-0.0194715559	0.017178778	-0.0797157031	-0.003229057	0.0249743404	-0.0241887261	-0.0042982503	-0.0550191647	0.0192542194	-0.0014190733	0.0206371937	0.011768023	0.0519788684	-0.0255161794	0.0487836672	-0.0829823112	0.0815818339	0.073092225	0.1024895791	-0.0363449324	-0.0100152265	-0.003950717	0.0052541574	-0.0015963989	-0.0154958864	0.0059509079	0.0587156035	-0.0314949123	-0.0394035377	-0.0381067724	-0.0164371954	0.0704185204	-0.006490108	0.1332834565	-0.0336800917	-0.0789173751	0.0164019052	-0.0289756545	0.0260075872	0.0256897369	-0.0530049016	-0.0040584087	0.0612502836	0.0160205711	0.0067140381	-0.0495439357	0.0244367579	-0.0711368259	0.0308918437	-0.0241825594	0.0014065025	-0.045524696	0.0902852584	-0.0699273181	-0.0306708095	-0.0228428215	-0.0916297418	0.0159767016	0.000861913	-0.0217240161	-0.008654608	0.0292573515	0.0140915447	0.0474779846	0.0221542591	-0.0225744069	0.0199987461	0.072620933	-0.0387781384	0.0045960924	0.0228031576	-0.0321579348	-0.0344693982	-0.0675871846	0.0080877205	0.0540001452	0.0858195554	-0.026268014	-0.1003772918	0.0368012929	-0.051135046	-0.0782693334	0.0211707786	0.0665646022	0.0013051276	-0.0247256478	-0.0476122325	-0.0044295366	0.0624580773	0.0096573808	0.0784914545	-0.047196814	0.0406031139	0.035515962	0.0381792933	0.090021111	0.0046961252	0.0027853133	0.0950703058	-0.015439373	0.0444413055	-0.0065325968	-0.0601923198	0.0420621108	-0.0335184337	-0.055787927	-0.0632535542	-0.0490394781	0.0038243386	0.0064376832	-0.0145834153	0.0220971935	0.0652645148	-0.0688446189	-0.0495190459	0.0127318928	-0.0175970441	0.0795166437	0.0814071724	0.07477886	0.0081165328	-0.0156040566	-0.0065456599	-0.0489613813	-0.0163572451	0.052536249	0.0358826311	-0.0457447765	0.0757054604	0.0842994254	-0.0339765714	0.0272552159	-0.063453702	-0.0696177779	0.0169759185	0.0809511339	0.0370681691	-0.0562039158	-0.0745906743	0.0361166243263113	-0.0001866531260646	0.0013044105527279	3.4839389469689365e-08	-0.0427100446305814	-0.0047120801435198	2.2203699278953584e-05	0.0018241479123462	-0.1883360107352132	-0.0377047673266731	0.0014216494791585	0.0354704529396543	-0.004365152987279	-0.0002488195768781	6.191118183784633e-08	1.9054560602350773e-05	-0.000375285620229	-0.0001760092024199	1.408392967506652e-07	3.0979239336489327e-08	0.0019621918414875	0.0001275983925724	1.6281349787060352e-08	3.850196822800107e-06	0.0	0.0	0.0	0.0
1757.6331178657576	-2.4608388460483184	6.055727826220419	3089274.177018504	2441.0231114140265	-14.46264196325228	209.1680125572258	5958593.830457415	1947.702600078672	-2.231441895290345	3793545.41835322	4.979332932056968	2076.3430381887783	1414.6309862643216	0.940761	29.308332	0.0842637867502181	0.0455762277891532	0.0640593973	-0.0595015873	-0.0570805515	0.0613123927	0.0457801159	0.0144232505	-0.016734149	-0.0103127559	0.0667297229	0.0400674832	0.0501611727	0.0017522736	-0.0113880951	-0.0458326142	0.1040804517	-0.0088927957	0.0019482563	-0.1000542845	-0.0390695007	-0.0512085506	0.0279141269	-0.1145037908	0.0069322202	0.1029443391	0.0155010099	-0.0224573873	-0.1047358544	0.0940946057	-0.0387531404	0.0488212814	0.0924441612	0.0345255258	0.0759295587	-0.0148540038	0.0497734444	0.0805696962	-0.0065406967	-0.0242278081	-0.0903357175	0.010957005	0.086662575	0.091053179	0.0882502284	0.0247152393	0.0803038146	-0.0416663888	-0.0740616495	-0.0558250635	0.0987592678	0.0163302748	0.0173043111	0.0001446917	0.029365214	-0.0447474217	-0.0748902051	-0.1070974736	-0.0340386769	0.0648445251	0.1030710734	0.0515623187	0.0469750295	-0.0268205564	-0.0201356916	-0.0053350239	-0.0358377089	-0.0030349567	0.0066350335	-0.0583107728	-0.0818503342	0.0426888155	0.0570647194	0.0005826066	-0.0055494832	0.0543843021	-0.0167812979	-0.102941972	0.0519216499	-0.0329401383	0.003578331	-0.01299767	0.0008810619	-0.0719581649	0.0217818747	0.0207143396	0.0126548909	0.0234172283	0.1057737846	-0.0316118052	-0.0328022424	0.0790100799	0.0292855233	0.0093311655	-0.035066105	0.0201516911	0.0391086395	0.0079605382	0.0377113986	0.0509581209	0.0769128002	0.0638020566	-0.0295159345	0.0403539615	-0.0604591413	0.0377078202	-0.0481897336	0.1012918837	0.0160935209	0.1459305992	0.0767945812	0.0325454412	0.0117110067	0.0749270949	-0.1216367858	-0.0271992186	0.0557549436	-0.0147394978	0.0007505917	-0.0124655478	0.071585882	0.0736426026	-0.0179905142	-0.0334091663	-0.0022021599	-0.045038283	-0.0448039766	0.0248753865	-0.0682220295	0.0319157576	-0.0013436081	-0.0400025906	-0.0683075427	-0.0396099656	-0.0205120737	-0.0354159356	0.0101343159	-0.0722314523	0.0991743359	0.0238643091	0.0212804859	0.0208821291	-0.0258509226	-0.0183194932	-0.0071464684	-0.0474283568	0.0044320934	0.0246860177	-0.0725481987	0.0869419341	0.0170740168	-0.0218228264	0.0264477464	-0.0645158866	-0.0682433853	0.0203054443	0.0813979594	0.0324269895	-0.060390626	-0.0715501408	0.0208021236264244	-0.0153145006998868	0.000432728347369	0.0002345339316868	-0.0379709650628683	0.004739079567713	2.245887514911577e-05	0.0014417941878055	-0.16778917679936	0.0205468339358531	0.0004221723847875	0.0281532078510068	-0.0042153049366037	0.0001498480506752	2.2454438291187035e-08	1.7768795708555527e-05	-0.0003217260080992	5.355961212979998e-05	1.0350762428744652e-07	2.868632051494617e-09	0.0012923320533573	-0.0006698597881302	4.4871213575383684e-07	1.6701221361346951e-06	0.0	0.0	0.0	0.0
1757.1693249395696	-0.4637929261880344	0.2151038783820596	3087644.0365085825	2435.5734365957755	-5.449674818250969	29.69895562467873	5932017.965050956	1950.015363773328	2.312763694656041	3802559.918952025	5.348875907319063	2077.360514376037	1417.181897456667	1.009985	31.464951	0.1139584749231307	0.0664174192628982	0.1092828052	-0.0139399528	-0.0917983221	-0.0328429432	0.0231913858	0.0248915475	0.0433236341	0.0788400855	-0.0015897971	-0.0131429389	0.0085440632	0.0435058265	0.0068905957	0.0059151714	0.0867660171	-0.0214283293	0.0036079521	-0.0358395394	-0.0496810595	0.0213849339	0.0370493698	-0.0371778962	-0.0108963025	-0.002134822	0.0282348593	0.0276964284	0.0057351628	0.0943344845	0.0166773669	0.0804653469	0.0412940013	-0.0051681249	-0.0212370546	0.0570232327	0.0343502624	0.0084986773	0.03429281	-0.0400427649	0.0280928544	-0.0702664895	-0.0785880978	0.0132979849	-0.0489583483	-0.0577285257	-0.1389531356	-0.1011641495	-0.0047424757	0.0653171447	-0.126738126	-0.0359245238	0.0152410277	0.0040404117	0.0465105201	-0.0555999912	0.0108629781	0.1572399498	-0.040724799	-0.0470838612	-0.0588390572	0.0754881115	-0.0701590259	0.0032566014	-0.1318476915	0.1130537104	0.1065172166	0.0006337955	-0.0361110344	0.0415813822	0.0277401451	-0.1679116466	0.0281540401	0.0508912962	-0.0319974745	0.002573136	-0.0817082435	-0.0506649914	0.0054192361	0.0299435255	-0.0351001865	0.0218512377	0.0198931296	-0.0322655863	0.0518779513	-0.0566188883	0.0011675566	-0.0475916905	-0.0046418991	-0.0271804706	-0.0458964342	0.0194756013	-0.0883603958	-0.0448801228	0.010698359	-0.0225530338	-0.0016275972	0.0395098074	0.056736406	-0.018242067	-0.0704927053	0.0109628162	-0.0268188129	-0.0130494177	0.0266423433	0.0430821692	-0.0594412785	-0.0478148144	0.0405742742	-0.0062437879	0.066322512	0.0405020011	-0.0164889835	-0.0722474316	0.0394023775	-0.0153313565	-0.0346592713	-0.0036280642	-0.169310788	0.0023068455	-0.1240644384	0.0138815341	0.0112580862	0.1048697055	0.0563983409	-0.0670035741	0.0526138916	-0.0118351726	-0.0860652498	0.0190528784	0.010824094	-0.0443134395	0.0623026118	-0.0492453194	-0.0161978624	0.0437162395	-0.0669596331	-0.0642574841	0.0336073328	-0.0087094825	0.1002145526	-0.0086597723	0.0056333672	0.0116001945	0.0311981462	-0.0467145469	0.0154227462	-0.0065100023	-0.0608428536	0.0525954906	0.0213802647	-0.0682018617	0.0256373767	-0.0655497724	-0.0668016447	0.0235993474	0.0816216788	0.0276578354	-0.0642529755	-0.0680077345	0.0269137234197813	0.0061115997933569	0.0007243485083164	3.73516520341601e-05	-0.006662706502226	0.0313082585606423	0.0009802070541	4.439165793480462e-05	-0.1854155774635515	-0.0176264006641914	0.0003106900003746	0.0343789363661422	-0.0032148289232128	0.0010004760133909	1.0009522533705491e-06	1.033512500552557e-05	-0.0003182979687459	3.428039353300005e-06	1.0131359690776593e-07	1.175145380777352e-11	0.0011179917880027	-0.0001743402653545	3.03945281239123e-08	1.249905638041474e-06	0.0	0.0	0.0	0.0
1763.4725236378858	6.303198698316237	39.7303138304555	3109835.341625774	2437.596974408185	2.0235378124093586	4.094705278250452	5941879.009643937	1956.9092598020752	6.893896028747122	3829493.851099106	47.52580245517534	2085.783426708092	1423.269132609916	0.916761	28.560637	0.0464485715417328	0.0359812321063348	0.0848787486	-0.0207870088	-0.0546163558	-0.0437858592	-0.0471413893	0.0325565122	0.0036228192	0.0731446756	-0.0122792327	-0.0432915385	-0.0720606298	0.0833359323	-0.0445756337	-0.0267238333	0.0138667535	-0.0282021738	-0.0040945119	-0.0713088024	-0.0790688365	0.0200166011	0.0850929117	0.0324183561	-0.0010491179	0.0072515053	-0.0145552501	0.0161575557	-0.0524009181	0.0383421332	-0.0481464544	0.0090869212	-0.0117154666	-0.0849033017	-0.0859284695	0.0142914718	0.0727595171	0.0551821194	-0.048244611	0.0334588264	0.011914706	-0.0158985976	-0.0176788133	-0.0843489904	-0.0061022757	-0.0971145874	-0.1019480472	-0.0926608021	-0.0820764872	0.0094724215	0.0349436078	-0.0819391496	-0.0279031481	-0.0382333867	0.0436162187	-0.0087854968	-0.0094930472	-0.0173812563	0.0511928753	0.0550862996	0.011328504	0.0005131981	0.0037193937	0.1093754495	0.0338911456	-0.0173704631	0.0026111959	0.0750076495	0.1155340907	-0.025176458	0.0039044649	0.0243588344	-0.0287135002	-0.0001476802	-0.0710078947	-0.0497828602	-0.0905812835	-0.0322104516	-0.0555850173	-0.0112897989	-0.0063606952	-0.0016966111	-0.042547984	-0.0031930661	0.0104470535	0.0322798985	0.0177162205	-0.0567789529	-0.0060556524	-0.0521995645	-0.015838484	0.0108689536	0.0166783007	-0.0607482065	-0.0212522997	0.0629560259	-0.0363501692	0.0488741096	0.077059222	-0.0112688233	-0.010487278	-0.101474199	0.0845842288	-0.0277972652	0.0254420177	0.0415904385	0.0420889591	0.0075750125	0.0586025349	-0.0362354313	0.0567851719	-0.0545845058	0.0358026758	-0.0609837967	0.0284286902	0.0005126817	-0.0331612619	-0.0881225573	0.0283782491	-0.0314552536	-0.0407407442	0.0573493426	-0.0725770658	-0.1065337086	0.0561674715	-0.0172573767	-0.0506989589	-0.0406265596	-0.0899671376	0.0114449074	0.0127057285	-0.0291696144	0.0411178832	-0.0228370277	-0.1034953245	-0.0058383424	0.0071502554	-0.0208444709	-0.0362529717	-0.0439545633	0.033222148	-0.0163888834	0.0444366396	0.0118228869	0.0038980469	-0.0891494532	0.005886581	-0.0165241943	-0.0205453144	0.0628898738	0.023268821	-0.0152836071	0.0248241955	-0.0665549058	-0.0652939789	0.0268518493	0.0816216788	0.0227795284	-0.0677702193	-0.0639883028	0.0269765957107637	6.287229098239991e-05	0.0007277367161419	3.952924973375565e-09	-0.0065556188645956	0.0001070876376304	1.146776213325994e-08	4.29761386978417e-05	-0.2220830450088016	-0.0366674675452501	0.0013445031761819	0.0493208788803814	-0.0032818951229018	-6.706619968899988e-05	4.497875140724808e-09	1.077083559772662e-05	-0.0001933357239272	0.0001249622448187	3.7378702146454496e-08	1.5615562630128716e-08	0.0011181862248524	1.9443684969987915e-07	3.780568852121338e-14	1.2503404334496618e-06	0.0	0.0	0.0	0.0
1759.8663299698164	-3.606193668069409	13.004632771623898	3097129.4993614308	2463.1567026774087	25.5597282692238	653.2997091965581	6067140.941944645	1951.5146640047872	-5.394595797288048	3808409.483825717	29.101663816117867	2084.494152311453	1462.5209240881743	0.8961799999999999	27.919468	0.1191494850252884	0.059000383805708	0.0833024893	-0.0047568098	-0.0519774405	-0.1134924143	0.0375516227	0.0646455768	-0.0797520132	0.0105179642	0.0337032265	-0.0822768861	0.0001841065	0.0882463713	-0.0195024012	0.0211303725	0.0290125995	0.0312330094	-0.0061353686	-0.0527523357	-0.065970475	0.0222498188	0.0491695451	-0.0267670353	0.0267171641	0.014833488	0.0117056081	-0.0476429346	0.0413172746	-0.0057222058	0.0352791283	-0.01429453	0.0306866962	-0.0442944476	0.0143703576	0.0081925848	0.0860773069	-0.0524742585	-0.0173548886	0.0241599278	0.0251025836	-0.0417521786	0.0165978169	0.0054977229	-0.0898947891	-0.0701965843	-0.003461765	-0.1354710936	0.0410714618	-0.0382281275	-0.0167136908	-0.0417524504	0.0372634336	-0.0202013306	0.0067020873	-0.0779156169	0.12555322	-0.0403039726	-0.0397930102	0.0135997856	-0.0515853331	-0.0165518472	0.0551671416	0.0039125612	-0.0385828714	-0.004208694	-0.022130814	0.001099851	0.0623257385	0.0289415854	0.035598924	0.0958680253	0.0106432428	-0.0051537464	-0.0875988711	-0.0170780971	-0.0157606785	-0.0412466552	0.0274581765	-0.0643473492	-0.008024465	-0.0354630679	-0.0350588053	0.0042903997	0.0520469317	0.0662062191	-0.0178467732	-0.0741183129	-0.0078424428	0.0060920618	-0.017751332	0.0183395582	-0.0280094873	-0.0007323824	-0.0092069268	-0.008413333	0.0018194176	0.0104624057	0.0025518645	0.1109892211	0.0002700992	-0.065782857	0.0589322888	-0.085763339	-0.0257333946	-0.0404312812	-0.0828130868	-0.0405375318	0.0180471328	0.0197545176	-0.0244866768	-0.1098210281	0.0938508162	-0.0159720945	-0.0349592695	-0.0033525694	-0.0331557054	0.0387272176	-0.0816864637	-0.0295257203	-0.0488079707	-0.0008033397	-0.0024401941	0.0017740677	-0.0252392763	-0.0324618438	0.006545662	0.0398121703	-0.0865959231	0.0041688058	-0.0017795979	-0.0348424764	-0.0017350193	-0.0335301522	-0.1195140698	-0.0942389549	0.0331527557	-0.0520048247	-0.0049225689	-0.0334502909	0.0619465558	-0.0196983097	0.0250637273	-0.034844308	0.0293071313	0.0130700295	0.0073417032	0.0044975779	-0.0312160489	0.1106144061	0.0071114003	0.0780541998	0.024008292	-0.0675308461	-0.0637218759	0.0300572439	0.0813979594	0.0178113211	-0.0709234662	-0.0595200392	0.0164852796764876	-0.0104913160342761	0.000271764446012	0.000110067712131	-0.0300442681589316	-0.023488649294336	0.0005517166456723	0.0009026580492057	-0.1864198721229826	0.0356631728858189	0.0012718619002838	0.0347523687223491	-0.0038879968579714	-0.0006061017350696	3.673593132543798e-07	1.511651956759548e-05	-2.2087415023852582e-05	0.0001712483089033	4.878539024359088e-10	2.9325983302256298e-08	0.0013309631170966	0.0002127768922442	4.527400587309999e-08	1.771462819071498e-06	0.0	0.0	0.0	0.0
1753.7215305935508	-6.14479937626561	37.758559374554224	3075539.2068673866	2432.4362937079536	-30.720408969455093	943.7435272505768	5916746.322947686	1950.3379418831405	-1.1767221216466623	3803818.087548964	1.3846749515726224	2081.5042428198435	1416.33268444728	0.970815	30.244623	0.0709149745040467	0.0380609766982832	0.0945449271	-0.0350492782	-0.0238574192	-0.0151248411	-0.0851334909	-0.0326459202	-0.0600854756	0.0182196891	0.0803774381	0.0638899197	-0.0605517357	0.1105171798	-0.0408872655	-0.0337249206	0.0250464027	0.039906475	0.0412660219	-0.0698138129	-0.0515160248	0.0320335216	-0.0061847191	-0.0442006427	0.0309453799	0.0422068067	0.0373890406	-0.0204637384	-0.070960921	0.0526434803	0.0706659085	-0.0927268433	0.0385444298	0.0299238292	0.0069997674	-0.088437728	0.000758926	-0.0057688404	0.0214246333	-0.0134643132	0.0288316632	0.0504118188	0.0241525851	0.0115555743	-0.0244267251	-0.0543586159	0.0431653883	0.0244352808	-0.0202044576	-0.0616646789	0.0793152866	0.0321030853	-0.0796547748	-0.0246066826	0.0109956502	0.0455156782	-0.1038411465	0.0376256891	-0.0563296994	-0.1018933724	0.0182724528	0.0840514212	-0.0117362768	-0.0321201675	0.0001672816	0.0144160309	0.0836317043	-0.060993254	0.0568852932	-0.0155639285	0.032706692	0.026584671	0.0033298592	0.0328006041	-0.0740582195	0.0284714431	0.0013411699	-0.0360712277	0.0441369907	-0.0290712824	0.0396904141	-0.0613655668	-0.1109589226	-0.036982666	-0.0303837968	0.0827100045	0.0256467256	-0.0295772149	0.043857138	0.0151945111	0.0333137272	-0.0555553791	0.0249119098	0.0964344784	-0.0073945914	0.0437262823	0.0956675135	0.0075937826	0.0985946888	0.0271263768	-0.0067083294	0.0537962142	0.0064974761	-0.0664801343	0.0383341846	0.0761273904	-0.0053976766	-0.0197478165	0.11379762	-0.0564462237	0.0238386677	0.0677210016	-0.0010749718	-0.0808916038	-0.0269971614	-0.0895438407	0.0574940897	-0.0389813831	-0.0282795054	-0.0105598642	0.088295472	0.0180858847	0.0187751861	0.046533601	0.0309288894	0.0692922766	-0.0895223415	0.0833007051	-0.1011821102	0.0077695362	-0.0037624733	-0.0563852104	-0.0448143614	-0.0926736552	-0.0239762527	-0.0517953097	0.0500827323	-0.0287291212	-0.0467805026	-0.0824245143	-0.0117595419	-0.0195799535	0.0573437137	-0.0088003176	0.0328184741	-0.1185700658	0.0030453734	0.0135089815	0.0014573902	0.1024271344	-0.0281263755	0.0559930997	0.0231897558	-0.0684771651	-0.0620868871	0.0332099078	0.0809511339	0.0127728206	-0.0736957799	-0.0546342852	0.0167129442699121	0.0002276645934244	0.0002793225061691	5.183116709914265e-08	-0.0020528077515962	0.0279914604073354	0.0007835218557354	4.214019665013446e-06	-0.1917249816432118	-0.0053051095202291	2.8144187021626444e-05	0.0367584685860899	-0.0036551672556898	0.0002328296022815	5.4209623698608015e-08	1.3360247667066904e-05	0.0002819540385115	0.0003040414535353	7.949807983294443e-08	9.244120546788997e-08	0.0011200193732524	-0.0002109437438442	4.449726306700751e-08	1.254443396460699e-06	0.0	0.0	0.0	0.0
1758.1613455008958	4.439814907344953	19.711956411482475	3091131.31681352	2432.8419426812065	0.4056489732529371	0.1645510895011621	5918719.918068867	1954.034098433855	3.696156550714477	3818249.257842208	13.66157324738954	2078.064521437629	1444.5788083667248	0.961761	29.96258	0.107791947413217	0.0440552357407158	0.1163719735	-0.0210085376	0.0539088809	0.0044766434	-0.0551757192	-0.0251116166	-0.0445637796	0.0114626963	-0.0525050466	0.1456361877	0.0180622336	0.0306060198	-0.0705550146	0.0060332407	0.007633891	-0.0505135823	-0.0487436441	0.0355105963	-0.0605466253	0.0425278108	0.0291798753	0.0239608498	0.0346944535	0.0114511172	-0.0006754662	-0.0391732439	0.0069952219	2.71567e-05	0.0051910595	-0.1022988839	-0.0090978879	0.0037464966	0.0354825565	-0.0159566805	0.0377646672	-0.065826458	0.0088329393	-0.093824563	0.0291201662	-0.0129401667	-0.0001644204	0.0009533118	0.000566352	-0.0380266459	0.0241065976	0.005129642	0.0360400498	0.0384518548	-0.0301598544	-0.0273296127	-0.0009152126	-0.1766106937	-0.0583341542	-0.0024646597	0.1159426625	-0.0510880815	-0.0172518712	0.0767895432	-0.0399309378	-0.0152967685	0.0502798078	0.0347312254	-0.0606475516	0.0228697758	-0.0930018884	-0.0053331533	-0.0447680958	-0.0271763411	-0.1364805335	-0.0102478407	-0.0489841499	0.0231439029	-0.0260878033	0.1004485755	-0.0497482026	0.0175292634	-0.0154421282	-0.0486612907	-0.0289360851	0.0157279286	-0.0001429898	-0.0234694277	0.0289179572	0.0125878347	0.0600481907	-0.022124574	-0.0053314754	0.069365084	-0.0073815281	-0.0433942687	0.0838678381	0.1129171914	0.069700892	-0.0325296867	-0.0269236414	-0.0412129928	-0.002465942	0.0553536498	0.0144772115	-0.0192915198	0.0320162367	0.0011529824	-0.082208203	0.0689985981	-0.0846029534	0.0217506231	-0.0140406037	0.0605624441	0.0118941984	0.0124646193	0.0197928742	0.0310769676	0.0520271394	-0.1376832624	0.0066675692	0.1020256638	-0.0474353927	0.0165219958	0.0651976246	0.0211283064	-0.0103991149	-0.0226827785	0.1267394103	0.0656315539	0.0304332195	-0.0594982411	-0.0986206308	0.0045010221	-0.0079851997	-0.0529157197	0.0216183394	-0.1103985813	0.0151037875	0.0788293626	0.002603149	0.034086831	0.0134208467	-0.0342827422	0.000611798	-0.0401640815	0.0966625182	0.0484863138	0.0381561638	-0.1006939675	-0.0252117278	0.0253537236	0.025905509	0.077888594	-0.0516432787	-0.0409189474	0.0223686765	-0.0693934478	-0.060390626	0.0363043104	0.080282427	0.0076839116	-0.0760722702	-0.049365311	0.0332463736261559	0.0165334293562438	0.0011053213592899	0.0002733542862779	0.0183880774401075	0.0204408851917037	0.0004178297874204	0.0003381213919433	-0.1740639601431723	0.0176610215000395	0.0003119116804248	0.0302982622207238	-0.0032498986247502	0.0004052686309395	1.6424266322365767e-07	1.0561841071153242e-05	-0.000155678542318	-0.0004376325808295	2.4235808538257318e-08	1.9152227580348887e-07	0.0013402503887879	0.0002202310155354	4.8501700203797626e-08	1.796271104646117e-06	0.0	0.0	0.0	0.0
1761.8964479274082	3.735102426512413	13.95099013653891	3104279.0932192183	2446.597227873626	13.755285192419253	189.2078707247883	5985837.99543891	1955.095356278249	1.0612578443940492	3822397.8521407736	1.126268212287904	2086.37643159048	1438.89636976529	1.032006	32.15097	0.1200567200318632	0.0675647857690997	0.0926639343	-0.0093180729	-0.0352002988	-0.0299258748	0.0777499923	0.0737278308	-0.0066887632	0.1213460206	-0.0188626282	-0.0440474301	0.0148086657	0.0515467915	0.0627404651	0.0900092583	-0.0975270694	0.00779715	0.0782489741	0.0084031697	0.0064185016	0.0594854039	0.0465901489	-0.0072834689	0.0479836908	-0.0422145745	-0.0477278061	-0.0423279953	-0.0970409857	0.0200364172	0.0882986252	-0.0136662518	-0.0627592801	-0.0419218451	-0.0355347459	0.0033081801	-0.0006300401	0.0212586239	-0.0606156576	-0.0047138574	-0.0383684786	-0.0238030018	0.0203559017	-0.0606749935	-0.0656453139	-0.0395694997	-0.0197633815	0.0445104678	-0.064421892	-0.0233131475	0.0214832853	0.0182393802	0.0364847795	0.040931419	-0.033485416	0.0206254742	-0.0442400359	0.0471195181	-0.0226636697	0.0584785655	-0.0913839793	-0.0880084861	0.0703339936	-0.0928097299	0.0429517622	0.0215115502	0.0613760585	-0.0750738527	0.0776265636	-0.0274213182	0.0653555075	0.0115924833	0.0156094466	0.006098791	-0.0806979913	-0.0967347859	-0.0605136051	0.0127825336	0.0043440157	0.0121515542	-0.0517845583	0.0089707189	-0.0104178641	0.0321091038	-0.0244461985	0.0797001248	-0.0224642048	-0.002294055	0.1319108364	0.0478357159	-0.0500603575	0.0043154572	0.0048472571	-0.0184406009	0.0366902632	0.0490098196	-0.0028020409	0.0361877635	0.0107662491	-0.1050915297	0.0250300419	0.0018113667	0.0315354857	-0.0568979207	0.0239482507	0.0674196706	0.0379860784	-0.046949666	0.105614855	-0.0848231528	-0.0324067747	0.0003330648	-0.0804207203	0.0307554891	-0.0320307137	0.0077689243	0.0144703544	-0.095760423	0.009973146	-0.0364754889	0.0200247459	0.0054554015	0.0093207306	0.0825945718	-0.0490957833	-0.0171720533	0.0884094164	-0.08808072	-0.0832586266	0.0046429312	-0.0023807289	-0.0352989542	0.0438366274	-0.1070320031	-0.1288069453	-0.0040460389	0.0027992069	0.0281073084	0.0015877245	0.0696572267	0.0632111178	-0.0003773785	0.0635574529	0.1001314727	0.0334581167	-0.0888747656	-0.0082535505	0.0291160724	-0.0231920684	0.1038843064	-0.0006913632	0.0348952482	0.0215451443	-0.0702792922	-0.0586347667	0.0393350228	0.0793936715	0.0025646777	-0.0780401729	-0.0437500746	0.0239584743647043	-0.0092878992614516	0.0005740084938841	8.626507269087322e-05	-0.0160587110664778	-0.0344467885065853	0.0011865812384174	0.0002578822011166	-0.2258024497299686	-0.0517384895867963	0.002676871304723	0.0509867463040549	-0.0032207039597127	2.919466503750008e-05	8.523284666518293e-10	1.0372933996109066e-05	-0.0003900273114396	-0.0002343487691216	1.5212130366880274e-07	5.4919345588808995e-08	0.0015683778081694	0.0002281274193815	5.2042119473662815e-08	2.4598089491582515e-06	0.0	0.0	0.0	0.0
1758.4243590400883	-3.472088887319842	12.055401241449935	3092056.2264655456	2448.9385805483216	2.341352674695827	5.481932347305302	5997300.171298028	1951.48393987534	-3.611416402909072	3808289.5675913794	13.042328435200698	2083.990218279567	1431.2349468121486	0.995026	30.998898	0.177539029932147	0.0974869162211103	0.1088034465	-0.0059597131	-0.061394077	-0.0363411278	0.0144377514	0.0582062907	-0.0698295739	0.0215195533	0.0116169041	-0.0567711573	-0.0372764492	0.0718059293	0.0061008425	0.0914286903	0.0274413082	0.1004293704	0.0073394371	-0.0395711485	-0.055299233	0.0346238951	0.0260987914	-0.046225994	0.0310079473	0.0392144229	-0.0573078174	-0.053687147	-0.0533354787	0.0072811926	0.0129151082	-0.0722492986	-0.1321224748	-0.0531700275	0.0427253751	-0.1063960127	-0.0314000538	0.0591784428	0.0034527237	0.0222342243	-0.0169711245	-0.1476163428	0.0388962307	0.0384466186	0.0055194614	-0.0043533395	0.0323245196	0.0704227237	0.1060672929	-0.0179744311	-0.0169034559	0.081489313	-0.067923997	0.0756695845	0.1007779029	-0.0731122081	0.0364644941	-0.0635789725	0.0275019314	0.0418238861	0.0764846604	-0.0352055812	0.0018208138	-0.0651614824	-0.0782151879	-0.0243459392	0.1396039927	-0.0203205643	0.0278976235	-0.0481632184	0.016992705	-0.0432327337	0.0192831861	-0.0413336127	-0.0925879567	-0.0179714848	-0.0005913996	-0.0247402719	0.0262541412	-0.0560573408	0.0093187938	-0.073077488	-0.0172866947	-0.0171133645	-0.0049029157	0.1184865572	0.0065448202	-0.1094697815	0.0665811631	0.0368008512	0.0035792014	-0.0572319633	0.0239443385	0.0274473106	-0.0280627647	0.0321722341	-0.1006050538	0.009126423	-0.0634802844	0.0168409054	-0.0024619811	0.0116787125	0.0263730836	-0.0018016719	0.0848320471	0.0571499327	-0.0167011129	0.0503574255	0.082325577	0.0013670951	0.0169006988	0.0052258769	0.0557508941	0.1370298893	-0.0715102139	0.0575491636	0.0233197276	-0.0177516337	0.0595330526	0.0747471607	0.0177593296	-0.065365403	0.0244366253	0.048252933	-0.0222956274	-0.097598495	-0.041789793	0.0334034451	-0.1049058311	-0.0245972774	-0.0020128302	-0.067851376	-0.0772666056	-0.0980217743	-0.0848979214	-0.1298798304	0.0196097342	-0.0502890069	-0.0073746289	-0.0348809636	0.0536811924	-0.0144743553	0.0304197397	-0.0056328232	0.0051486143	0.0173257624	-0.0020197063	0.027264954	-0.0323370409	0.1092206027	0.0056193904	0.091706044	0.0207192494	-0.0711343098	-0.0568210419	0.0422967282	0.0782873035	-0.0025646777	-0.0795889182	-0.0378279629	0.0166357898779807	-0.0073226844867235	0.0002767495048643	5.362170809210245e-05	-0.0249022268156551	-0.0088435157491773	7.820777080594693e-05	0.0006201209003783	-0.1653491175911625	0.0604533321388061	0.0036546053666848	0.027340330688176	-0.0043377065333728	-0.0011170025736601	1.2476947495632871e-06	1.8815697969665075e-05	0.0002810989143067	0.0006711262257463	7.901659962440546e-08	4.5041041088447363e-07	0.001338116656427	-0.0002302611517423	5.3020198001736535e-08	1.790556186207374e-06	0.0	0.0	0.0	0.0
1751.2094906864247	-7.214868353663633	52.05432536069698	3066734.680270207	2443.81788776539	-5.120692782931656	26.221494577168343	5972245.868562092	1945.095069612352	-6.3888702629878935	3783394.829830281	40.81766323729099	2075.8898822727983	1429.496673533347	1.073962	33.458054	0.1097945963324012	0.0487272308581505	0.1295831678	0.0237336302	-0.0364124341	-0.0332410692	0.0196566863	-0.0413643355	-0.0452949394	0.0284251562	0.0359795837	0.0302618156	-0.0343578805	-0.0244416726	0.0096055558	0.0846509686	0.02630247	-0.0532748211	-0.0657516358	-0.0023967803	0.011659763	-0.0319716027	0.0004348941	-0.0688560531	0.1140846311	-0.0711699951	-0.0394086745	-0.0325133334	-0.0458958617	-0.0036022305	0.0354593603	0.0651845876	0.0009674345	-0.0196582993	0.0114931294	-0.0311238735	0.0897708965	0.0406709457	-0.0224306159	-0.0034280674	0.1168926196	-0.009232263	0.0067714063	-0.0175537079	-0.0138346186	0.0783304805	-0.0022040697	-0.057510494	-0.0532142893	-0.0639166639	-0.0038907277	-0.0445696342	0.0718861268	-0.0182654919	-0.0027413137	0.0503581319	0.0255937147	0.0244186027	0.0092261579	-0.0618914029	-0.0575415352	-0.0132192233	-0.0091271071	-0.0734829955	0.0227082127	-0.0395286525	-0.0039272237	-0.1177144195	-0.0068624461	0.0250694315	-0.0833361786	-0.0464493534	0.0839116742	-0.0369831289	-0.0185970408	-0.0042959572	0.0461202492	0.0018121802	0.0634680112	-0.0389832117	-0.0910047625	0.0595257572	-0.0170392474	-0.0405107696	0.0172502006	-0.0199115807	0.0467816458	-0.0807986348	0.0204848919	0.0598987765	-0.0195932795	0.1468803694	-0.0263018617	-0.059969171	0.1004191107	-0.0249071445	-0.074135841	0.0415847517	0.00536072	0.0319632433	0.0560323603	-0.0408564714	0.0130052099	-0.058418311	0.0054300194	0.145101737	0.0725110985	0.0458976502	0.0945520973	-0.034108352	-0.0374617261	0.0452960563	-0.0281218122	-0.0743218324	-0.0273049638	-0.0786378219	-0.0405696929	0.0050767759	-0.0539184986	-0.0227007429	0.0179278914	0.0720326211	0.0974105301	0.0578006058	-0.0304234545	0.0228848072	-0.0291374324	-0.0030943965	-0.1092336878	-0.0292846435	-0.0118401553	0.0173510818	0.0281132946	-0.0180399162	0.0567635584	0.0011776531	-0.0919520838	-0.0777985723	-0.0470373465	0.0862650597	0.0982198314	-0.021036766	0.1177898423	0.0805811733	0.0911751277	-0.0674675661	-0.0245651432	0.0605739928	0.0469266936	0.1094538059	-0.0231008137	-0.0201506179	0.0198910824	-0.0719581255	-0.0549512416	0.0451842308	0.0769663555	-0.0076839116	-0.0807101879	-0.0316405151	-0.0099289774323096	-0.0265647673102903	9.858459285131332e-05	0.0007056868622498	-0.019936194011322	0.004966032804333	2.4661481813712462e-05	0.000397451831657	-0.1403876369868797	0.0249614806042828	0.0006230755139579	0.0197086886187599	-0.0048498728823099	-0.0005121663489371	2.623143689835595e-07	2.352126697456494e-05	-0.0002098987798402	-0.0004909976941469	4.405749777840476e-08	2.410787356575728e-07	0.0014009989256129	6.288226918589991e-05	3.954179777967978e-09	1.9627979895685e-06	0.0	0.0	0.0	0.0
1751.689298665044	0.479807978619192	0.230215696346635	3068415.399057633	2450.9721317997687	7.154244034378735	51.18320770344371	6007264.390859103	1945.7252453556328	0.630175743280688	3785846.730414237	0.3971214674193676	2083.1237833340133	1467.1128591351803	1.022524	31.855562	0.1745921329982774	0.0856663749681739	0.0386202542	0.01351807	-0.0113261811	-0.118990646	0.0492869984	-0.0394904083	-0.1009702633	0.057174634	0.0298494807	0.0089050811	-0.0823063342	-0.0041615385	0.027867628	0.0006266295	-0.0304397973	-0.0069154335	-0.0085281138	0.0029338877	-0.0094221125	-0.0292191124	-0.027604753	-0.0784764377	0.0876524648	-0.0409756918	-0.0247599007	0.0211321334	0.0163283601	0.0206256191	0.0256947693	0.0035695862	0.0057269238	-0.0345422843	0.1277300918	0.009816798	0.0183820216	-0.0419999009	0.0198378519	0.0171286333	0.0348991194	0.030779236	0.0003822937	-0.1267886893	8.06321e-05	0.0430011794	0.0087191004	-0.0767319775	-0.1561332695	-0.0680756272	0.0300643073	-0.0768812931	-0.0024616733	0.011264441	-0.0046812825	-0.0404358047	-0.0126580754	-0.0190557589	0.059662727	-0.0776284372	-0.0028543081	-0.0648630334	0.004499315	-0.0346837865	-0.0281742316	-0.0038009641	0.0162696488	-0.0393097711	0.0915484549	-0.0208337664	0.0648984864	0.1062875919	-0.0632169176	-0.0335340823	-0.1010021925	-0.0560355744	0.0467712343	-0.0132837785	0.0564592521	0.0161847595	-0.0190507372	-0.0388204703	-0.0561136168	0.0732715255	-0.0680772594	-0.0405554247	0.0269630639	-0.0416011761	0.0395145774	-0.0154235552	0.0101063361	0.0166462215	0.0097695394	-0.0001856941	0.0221288796	-0.0616710157	0.0047583319	-0.0849229482	-0.0081698147	-0.0164661107	0.0288275836	-0.0890168786	-0.0233826359	0.0092370864	-0.0616792307	0.0601940915	-0.0163267855	0.0535120821	0.0970346622	0.0068100719	-0.027619034	-0.0743164801	-0.0207691886	-0.077833718	-0.0992149344	-0.0145201314	-0.0851703726	-0.048804772	-0.0025896926	-0.0252827271	-0.0315945279	0.0338205887	0.024568277	-0.0841260288	-0.012592878	0.0577369574	-0.0800868125	-0.0070794609	-0.050584348	-0.016918747	-0.0359133155	0.0842076839	0.0566120059	0.0324538076	-0.0520500612	-0.1576477359	-0.0125969651	-0.0121018957	-0.0593392095	0.0609061898	0.0116165293	0.0219202711	0.0739726325	0.0089608345	0.0729557185	-0.0005645742	-0.0467474734	0.0073148426	0.0333822208	0.0757084755	-0.0021615917	-0.0064200501	0.0190607341	-0.0727503781	-0.0530272111	0.0479924649	0.0754344479	-0.0127728206	-0.0813979594	-0.0252311319	-0.0205389247936977	-0.0106099473613881	0.0004218474316811	0.0001125709830114	0.0031825391026387	0.0231187331139607	0.0005344758207945	1.0128555139824342e-05	-0.0660245122636311	0.0743631247232486	0.0055298743186054	0.0043592362196503	-0.0051248668246118	-0.0002749939423019	7.56216683027407e-08	2.626425997000664e-05	-0.0010851365032744	-0.0008752377234342	1.177521230738592e-06	7.660410725222811e-07	0.0012212240353554	-0.0001797748902575	3.2319011167096195e-08	1.4913881445297272e-06	0.0	0.0	0.0	0.0
1746.6144613629017	-5.074837302142214	25.753973643214064	3050662.076642019	2428.8958223130967	-22.076309486672017	487.36344055132486	5899534.915650014	1940.662777629277	-5.062467726355862	3766172.016475781	25.62857948039469	2066.5281105406707	1398.7054216587435	1.424305	44.372612	0.4063916412366514	0.2424763771529184	-0.1219297974	-0.090658105	-0.0755656675	-0.0037479089	0.0372741746	-0.0904942004	0.020151353	0.0069801025	0.2297252412	0.1326154249	-0.033203994	-0.0650904816	-0.0093792239	-0.0052654151	-0.0937189992	0.0203403299	0.1400127189	0.0225966286	0.1463000925	-0.0124870554	0.0167257184	-0.1958954404	-0.0410312231	-0.0477282468	0.0644130957	-0.0170308086	-0.0235717686	0.0733684857	-0.0524200714	-0.0576839546	-0.0725569737	-0.0198288939	0.0461401584	0.0551415765	0.0476718191	-0.0831150485	0.048965881	-0.0454066389	0.033508855	-0.0215341366	-0.0213232447	-0.0155900314	-0.0041018102	-0.086199666	-0.0323705032	0.0186825206	0.0902807849	-0.0481980543	0.0191879601	-0.0177124238	0.0631990421	0.0008061951	-0.0714720398	0.0458586397	0.0516358598	0.0419274558	-0.0276996272	0.0080808953	0.0085129046	-0.0724523752	-0.0529353396	0.0207664636	-0.0110220338	0.0475360563	-0.0807615908	-0.0248354078	0.0337832299	-0.053334275	-0.0579694397	-0.1019426775	0.0076138311	-0.0430930244	0.1114674771	-0.0234124652	0.0009033759	-0.073186319	0.2160011328	0.0301206781	-0.0047846671	0.0323393928	-0.1231814286	-0.0275401002	-0.183193732	-0.0342132236	0.0042847283	0.0161064135	-0.0244951542	-0.016042407	-0.0614313983	-0.0050397241	-0.0172364757	0.0727583721	0.0554303383	0.0823013768	-0.0050485672	-0.0364313158	0.0464914513	0.0045631202	-0.0669019978	0.0270886405	0.0274834599	-0.0170238358	-0.0106193498	-0.0913069274	-0.0458307588	-0.0278247947	0.0318466313	-0.0240721385	-0.0438853757	0.0593140998	0.1036538268	0.0143179583	0.0658047235	0.0216710386	-0.0486476944	0.0058078101	-0.0856840991	0.0922105858	-0.190144235	-0.000734126	0.0420273691	-0.0199821583	-0.0848901276	0.0057845984	0.0778575983	0.1294484154	0.0991387468	0.1089791729	-0.1578285908	0.0497082487	-0.0029425388	-0.1348378959	-0.00533991	-0.0407911564	-0.0787947894	-0.0488250619	-0.0305687256	0.0445556542	-0.0855471383	-0.0791210338	-0.0046100974	0.0546196194	0.0826707762	-0.0344954527	0.0234860355	-0.0763537771	-0.0716668994	0.1023866364	-0.0295403097	0.0120165398	0.0182282956	-0.0735107199	-0.0510508491	0.0507165039	0.0736957799	-0.0178113211	-0.0816485389	-0.0186447705	0.0233856503539016	0.0439245751475993	0.0005468886424749	0.001929368301897	0.017740099207586	0.0145575601049473	0.0002119225562091	0.0003147111198949	0.1641369628872837	0.2301614751509147	0.0529743046436451	0.0269409425858615	-0.003535042453362	0.0015898243712498	2.527541531419824e-06	1.2496525147071626e-05	-0.0017419742235973	-0.0006568377203229	3.0344741956774163e-06	4.3143579083898426e-07	0.0011129255102643	-0.000108298525091	1.1728570536907592e-08	1.2386031913970528e-06	0.0	0.0	0.0	0.0
1763.3338461405106	16.719384777608866	279.53782734173905	3109346.252944686	2412.941262986925	-15.954559326171877	254.54796329233795	5822285.538624936	1956.210032319207	15.547254689930014	3826757.690546312	241.7171283935508	2076.922150640928	1452.5526189213306	1.091963	34.018875	0.1112848669271844	0.0684993010397025	-0.0901660644	-0.0696054702	0.0566466942	0.027307515	0.0610241829	-0.0410337521	0.1446628212	0.0763794821	-0.0007354386	0.1147391176	-0.0277854994	-0.0891707971	0.1162754952	0.1018424501	0.0447204942	-0.0111724251	0.0596383262	0.1048144106	0.1256384171	0.0713443738	0.1339294117	-0.0256086434	-0.0192452343	-0.0199374108	-0.0255074222	0.020266782	-0.0113998806	-0.049191327	-0.0545974108	-0.0039075822	-0.0163115759	-0.0643190077	0.0950920016	-0.0146529557	-0.1201356758	-0.0342027406	0.0729913843	0.0743632209	0.0116875577	-0.0600443948	0.0442481021	0.0021734658	-0.0181775393	0.0427204786	0.0268341188	-0.0046507812	-0.0266747877	-0.0095882428	0.0709665242	-0.0391348528	0.1041817483	0.0069308824	0.062172134	0.0026574483	-0.0126640698	0.0371318836	0.0299015884	-0.0089861852	0.0165055569	0.0763728932	-0.0333316101	-0.0777035844	-0.0079144793	0.0171837962	-0.0127635179	-0.0172173252	0.0553608628	-0.0849707655	0.0510910831	-0.0304895205	-0.0104256349	0.0002929554	0.1002681853	-0.076336654	-0.1135529836	0.0107366797	0.0460880239	0.0384447866	-0.054651477	-0.0158052488	0.0747729102	0.0630922683	-0.1101372174	-0.0368045001	-0.0113935429	-0.0510454583	-0.0212734862	0.0345201418	-0.1251020751	-0.0500399721	0.0161634107	0.0204878402	-0.090629988	0.0145183353	0.0053659664	-0.0277649545	-0.0731281431	-0.0086278622	0.0146646472	0.000186567	-0.0291755993	0.0314372635	-0.0219829275	0.0920295785	0.1068425534	-0.0121092678	0.013980232	-0.0577039817	-0.0572545959	0.0556032441	-0.0594894668	0.0033268821	-0.0882612627	-0.0705484273	0.0054254192	-0.0156005544	-0.0610852591	0.0585061287	-0.0147319406	-0.0124337561	0.0093842417	-0.0595666129	0.034650614	0.078600469	0.0182936982	0.0994595318	0.0725709629	0.0541427999	-0.1264420931	0.0790484891	0.0277585569	-0.1413199519	-1.96444e-05	0.0412122374	-0.0496175595	0.030878898	0.055166218	0.0243615086	-0.0589343856	-0.0105248118	0.0520305283	0.0707814038	0.0079208787	0.0608929561	0.0105180751	-0.043707551	-0.0774615258	0.0166568643	0.0068832415	0.0329284495	0.0173938582	-0.0742388174	-0.0490241061	0.0533515689	0.0717551168	-0.0227795284	-0.0814605803	-0.0119276293	0.0649903620835914	0.0416047117296898	0.0042237471637563	0.0017309520381105	0.0147701740666406	-0.0029699251409453	8.820455342819551e-06	0.0002181580419588	0.1139165928485894	-0.0502203700386942	0.0025220855668233	0.0129769901262312	-0.0034149287561069	0.000120113697255	1.4427300268289777e-08	1.166173840928582e-05	-0.0019509050551131	-0.0002089308315157	3.806030534065848e-06	4.36520923578836e-08	0.0011121728386781	-7.526715861999773e-07	5.665145166727899e-13	1.2369284230933033e-06	0.0	0.0	0.0	0.0
1759.7943113712097	-3.539534769300872	12.528306383089774	3096876.01833447	2467.136016563133	54.19475357620831	2937.071315185944	6086760.124223004	1951.7202194000288	-4.489812919178121	3809211.814814896	20.15842004921876	2074.713378375048	1478.2522491712486	1.218345	37.956142	0.1957073887040023	0.1084442309741446	-0.1215522984	0.080576808	0.029763213	0.0691313076	0.0471374984	-0.0344248778	0.0133609631	-0.080347167	-0.0399524552	-0.0064583266	0.1062482638	-0.1323720242	-0.0651014143	-0.1228447548	-0.0106596123	0.04349011	-0.1692591697	0.0051011024	0.0049606467	0.1122801275	-0.0921671671	0.0657410262	-0.1061101979	-0.1222190231	-0.0883043604	0.042552904	0.1241768378	0.0180741861	-0.079800681	0.0226198916	0.1059413971	0.0167210855	0.0239931064	-0.0260316839	-0.0407542274	-0.092358613	-0.0708392494	0.0177157536	0.0048564128	0.0260052636	0.0656552677	0.0279445679	0.0440560766	-0.0233069881	0.0222770148	-0.1372572929	-0.1132284384	0.0428365955	0.0062621458	0.0961907944	0.0826479645	0.0493604498	0.0031450266	0.0401012582	-0.0489640312	-0.0505896235	-0.1287951381	-0.0081877202	0.0576926019	-0.0790669639	0.0674676813	0.0699699142	0.0649559134	-0.0524929291	0.0608603024	-0.0231236554	-0.0947431414	-0.088857938	-0.0066407903	-0.0806945682	0.0079415801	-0.0388644256	0.0523372923	0.0903109066	-0.0172296399	0.0743819107	0.0639274606	0.0600973828	0.1022538227	0.1127453833	0.1378600898	0.1170522218	0.134091461	-0.0087788697	0.003312198	-0.0824574865	-0.1835029927	-0.0947788243	0.0621633507	-0.0115570339	0.044922801	-0.0294575373	-0.0508287147	0.1970568073	0.0356005816	0.0468458186	-0.0082217611	0.000244428	0.1050787664	0.0505045921	-0.0955245037	-0.0835180064	-0.1920243065	-0.0170835712	0.0505696516	0.0527504176	-0.0515578184	0.0275095004	0.0137535317	-0.0737903246	-0.0444467515	0.0043934734	-0.0402801193	-0.0062225094	-0.0148940459	0.0483685224	-0.0222061106	-0.0135451526	-0.0241006708	-0.0503030548	0.0045637414	0.0466437896	-0.0119083005	0.0232888771	-0.0276186661	0.0245904289	0.1191976871	-0.0542879067	-0.012166363	0.2364127829	0.0572721201	-0.0891673682	0.0423551248	0.0345597075	0.0367008224	-0.0077979594	0.1590614954	-0.1330596004	-0.0243668053	-0.0086777593	-0.1139535648	0.0897563759	-0.1044564215	0.1768072589	0.0305187953	0.0210855051	0.0315235868	-0.041188858	0.08379613	0.0487417758	0.0165575133	-0.0749343514	-0.0469489822	0.0558930371	0.0696177779	-0.0276578354	-0.0808350932	-0.0051268245	0.0369557416722585	-0.0280346204113328	0.0013657268425467	0.0007859399416075	-0.0050861665095851	-0.0198563405762257	0.000394274261079	2.586908976322508e-05	0.1663818424190282	0.0524652495704388	0.0027526024124884	0.0276829174867503	-0.0051063268484159	-0.0016913980923089	2.8608275066665237e-06	2.607457388285305e-05	-0.0021623458858524	-0.0002114408307393	4.675739730062801e-06	4.470722490372534e-08	0.0011079881988063	-4.184639871800035e-06	1.7511210856658615e-11	1.2276378486940291e-06	0.0	0.0	0.0	0.0
1764.0671696731206	4.272858301910901	18.257318068208907	3111932.9791185344	2457.845050105342	-9.290966457791	86.32205771979746	6041002.290327332	1954.2399393559244	2.5197199558956527	3819053.740573847	6.34898865613879	2084.7839461178028	1479.9067221996004	1.150337	35.837437	0.0949244668816457	0.0507739008608831	-0.0956889773	0.0760805787	-0.0389105417	-0.0492676157	0.0415421725	0.0090199987	0.0402918957	-0.0391854847	0.0211856429	-0.0711931394	-0.0033819375	-0.0932131135	0.064556108	0.0276301088	0.0412366951	0.0216791448	-0.1369168506	0.125539136	0.1647889283	-0.0121275274	-0.0121758048	0.0565654799	0.0342912956	-0.0669908055	-0.1637598601	0.0231731444	0.0412759887	-0.0654892645	-0.0445940867	-0.0211101941	0.06267972	-0.0067182745	-0.0446932729	-0.0242868457	0.0998421404	0.0638608622	0.0012498177	-0.0409152959	0.0010199656	-0.0702342491	0.0545329808	-0.0541315125	0.0078496295	-0.0376628401	0.0419124372	-0.0306971721	0.0807305694	0.022893757	0.1554639703	-0.0824313373	0.0746126622	0.0106535666	-0.0259546095	-0.0148479347	-0.0256355284	0.0255569096	-0.0120214037	0.0570037677	-0.0117463434	0.0848404739	-0.0084251971	0.0711986482	-0.0265255231	-0.0251904289	-0.0673784597	-0.0509663056	-0.0697881059	0.0404528209	-0.0162981563	0.0792893402	-0.1354118664	0.0280153533	0.078100772	-0.1605289645	0.0891045895	0.0878449362	-0.0006088972	0.0048902689	-0.0317145818	0.0309709063	0.0662002738	0.0217448489	0.0130849022	-0.0803507773	0.0709651418	-0.0221489928	-0.0682919969	0.1343615519	0.0157178827	0.0608576427	0.0326835317	-0.0830503503	0.0854325648	0.1327437314	-0.01817495	-0.0036651095	0.0706767273	0.0184401363	-0.0271584333	-0.0268497343	0.1126010279	0.018193186	0.0143633518	-0.0373049346	0.0299724047	-0.0205951943	-0.0903494242	0.0352425685	-0.0329056016	0.0243530208	-0.0592218014	-0.0324964512	-0.0472441885	0.0138245736	0.0475666239	-0.092947399	0.0212997543	0.0787618889	-0.0202193794	-0.0353460293	-0.0410686763	-0.0093724252	-0.0506149231	-0.0162193275	-0.0671638667	-0.0005699575	0.0926618833	-0.0261371535	-0.0584494384	0.1256330155	0.0215326894	-0.0083520021	0.0463135224	-0.0408295331	-0.1226015929	-0.0034722894	-0.033652332	0.0092480554	-0.0138937866	0.0869946363	-0.0253275583	-0.0336738638	0.0067740581	0.1421171763	-0.0385927095	-0.0633945797	0.0773398247	0.0506950566	-0.0342610584	0.0185169833	0.0157193527	-0.0755970167	-0.0448275254	0.05833645	0.0672896215	-0.0324269895	-0.0797754371	0.0017099414	0.0369358178587759	-1.9923813482598807e-05	0.0013642546408966	3.96958343689386e-10	0.015174746105103	0.0202609126146881	0.00041050457998	0.0002302729193543	0.1446626257952132	-0.021719216623815	0.0004717243707522	0.0209272753019658	-0.0052893144023878	-0.0001829875539719	3.348444490861915e-08	2.797684684730701e-05	-0.0012909509928165	0.0008713948930359	1.6665544658539068e-06	7.593290596090479e-07	0.0011120940283917	4.1058295853998485e-06	1.6857836584344688e-11	1.236753127984479e-06	0.0	0.0	0.0	0.0
1753.043343638616	-11.02382603450451	121.5247404390194	3073160.964675659	2486.8581215187355	29.01307141339339	841.7583128386648	6184463.316563694	1945.0088902498665	-9.23104910605798	3783059.583151017	85.21226759845385	2086.1072958737896	1531.445334544224	1.009728	31.456936	0.0648132582835467	0.0300251136088339	-0.0835448734	0.0518723543	0.0784519825	-0.147311837	0.0650144426	-0.0341674467	-0.1144440257	-0.0939156944	0.0535158053	-0.0497538396	0.0308622764	-0.121557992	0.1073804019	-0.0533273729	0.0012353614	0.0189933693	-0.009588281	0.1326373701	0.0690921722	-0.0564017262	-0.052923244	-0.0097324249	0.0800963816	-0.0473216549	-0.1154199406	0.0059762633	0.0495704456	-0.0028522964	0.0118275468	0.0211091963	0.0405943666	-0.0244032291	0.0050335324	-0.0557178625	-0.0031000448	-0.0556653562	0.0190941916	-0.0245790413	0.0288307886	0.1308005754	0.0243239784	-8.49473e-05	-0.0499258464	0.0786892745	-0.0670110674	0.0442970533	-0.0505881549	0.0187360453	0.0374673859	0.015506962	0.0669361811	-0.0180372476	-0.0810179136	-0.0782406056	-0.0025530485	-0.0106213648	0.0201232985	-0.0085844471	0.0072190199	0.0402673822	0.0592190143	0.0845341166	0.0877436764	-0.010439186	0.0209191793	0.0380471993	0.0260081363	0.0355390734	0.069669424	-0.0455658833	-0.0713578622	0.0383538722	-0.0135499819	-0.0922533566	0.1656929374	0.0119167341	0.0514573259	-0.0638018363	0.021729304	-0.0138288315	0.0449398135	0.0673690652	-0.0351734872	-0.1174046563	0.0203919794	0.0048711835	-0.0154649383	0.0009460453	0.0175418115	-0.0019895553	0.0215054893	-0.0064147876	0.1013124555	-0.0036919398	0.0464619612	-0.0525318855	0.0354844679	-0.0092472753	-0.0108008042	0.0055403207	-0.0268389618	0.0148824308	-0.0002909936	-0.0568003584	0.0257990512	-0.0878456883	-0.152218138	-0.011149315	-0.0969082703	0.0537961726	0.0114016654	0.042036358	-0.0388466961	-0.0471875918	0.0215396987	0.0528871875	0.0098755147	-0.1336602597	-0.0376307747	-0.0271150705	0.00143714	-0.022886189	0.0077924335	0.0028852769	-0.0524490927	-0.0059351412	0.0844448026	-0.0017948074	-0.0659604582	0.131695986	0.0323662544	0.0127031251	0.0566913435	-0.0996749162	-0.0467813741	0.0216118871	-0.0850823442	-0.0144806423	-0.0454735188	0.0533012235	0.0190750845	-0.062601764	0.001294777	0.2229938992	-0.0449205008	-0.0397264123	0.0526567558	0.0298216356	-0.0682987696	-0.0033330702	0.0148794683	-0.0762265226	-0.0426618292	0.0606775209	0.064777029	-0.0370681691	-0.0782873035	0.0085347133	0.020183149706284	-0.0167526681524919	0.0004073595320662	0.0002806518902275	0.0054800159179393	-0.0096947301871637	9.39877934019031e-05	3.0030574460868105e-05	0.1659456392236293	0.021283013428416	0.0004529666605941	0.0275379551773389	-0.0053581667226635	-6.885232027570038e-05	4.740642007347622e-09	2.870995062785852e-05	-0.0015619907574548	-0.0002710397646383	2.4398151263742195e-06	7.346255401518506e-08	0.0011103291829962	-1.764845395499934e-06	3.114679270017319e-12	1.2328308946130089e-06	0.0	0.0	0.0	0.0
1741.2472110204285	-11.796132618187585	139.1487447458691	3031941.8498864206	2435.572743733724	-51.285377785011406	2630.189974551341	5932014.590018621	1945.121440786596	0.1125505367294863	3783497.419407723	0.0126676233180954	2077.2119976737586	1425.8648660415042	1.039008	32.369106	0.0563667984707706	0.0279553839665403	-0.0622199704	0.021654679	-0.0621459617	-0.0623743401	0.0203673656	-0.1523354024	-0.0356042521	0.0277873702	0.1137930865	0.0927653501	-0.0084635487	-0.0057498773	0.0479862223	-0.0374188104	-0.0573731951	0.0083012868	0.0154951357	0.0443827617	0.0486679665	-0.0280598512	-0.0417816078	-0.0701519459	0.0243045342	-0.0829381752	-0.0686447511	-0.016057961	0.1165404013	-0.073299781	-0.0939831463	0.0411267607	0.0560331233	0.0339162653	0.0503940642	0.0561918497	0.0393376358	0.0064577084	0.0407999258	0.0066394904	0.0408528123	-0.0030876106	-0.0237510316	0.0321031886	-0.0265206254	-0.0065963183	0.0021974391	0.012668839	-0.0264202388	0.0026116065	0.0061991037	0.0605981424	-0.0165657607	0.0476305348	0.0248092093	-0.0672719715	0.0039976372	0.01231279	0.0122414745	-0.0155072753	-0.0442215705	0.0116804567	-0.0483455819	0.0404199909	0.0210187392	-0.0167126073	0.0295325436	0.0529998543	-0.003847588	-0.0188640575	-0.0186715409	0.0523054707	-0.1176947166	-0.0198490869	-0.0061468824	-0.063421186	0.059430848	-0.0094317731	0.0799690917	0.035569449	0.0053005648	0.0154727067	-0.0100231119	0.0624654539	-0.0552882987	-0.129659789	-0.0164630554	0.0393056161	-0.0583274264	0.1042540676	0.0310165639	0.0576636605	0.0322363534	0.019109041	-0.0346845551	0.0118878643	0.0125943841	-0.0291240517	0.0530059754	0.0172780111	0.005619433	0.0096119747	-0.0146493204	0.0506235484	0.0232302648	0.0011409246	-0.0498656814	-0.0432433781	-0.0629990215	0.007804501	-0.0054168192	-0.1049921038	-0.0112032717	0.0085067826	0.0307680696	-0.0360912816	0.0098928383	-0.0377152811	0.0038782518	0.0446732423	-0.0146553455	0.0621609063	0.0508835272	-0.033894671	-0.0599941309	-0.0284245278	0.0206226113	0.0628546034	0.0579176828	0.0012700202	-0.0819100915	0.0693915083	0.0921907945	-0.0037297298	0.1032780178	-0.110430077	-0.0761504836	-0.0106688861	-0.1037319067	0.0121196088	-0.0742972995	0.0600853783	-0.0379471302	-0.0342352898	0.0341934215	0.081856396	0.0387445321	-0.0687531776	0.0195552956	-0.0211930485	-0.0428239298	0.0550732209	0.0140379523	-0.0768225931	-0.0404540309	0.0629121428	0.0620868871	-0.0415630576	-0.0763786853	0.0152996203	0.0346084288171795	0.0144252791108955	0.0011977433451937	0.0002080886774272	0.0158947059017862	0.0104146899838469	0.0001084657674596	0.0002526416757042	0.1854043223980426	0.0194586831744133	0.0003786403508821	0.0343747627638773	-0.005551138159969	-0.0001929714373054	3.7237975615750225e-08	3.081513487106401e-05	-0.0016100939196448	-4.810316219000001e-05	2.5924024300771555e-06	2.313914212677446e-09	0.0011100408584594	-2.883245367999755e-07	8.313103852092043e-14	1.2321907074492816e-06	0.0	0.0	0.0	0.0
1746.1514448615062	4.904233841077712	24.05150956797185	3049044.868391926	2431.997510556821	-3.575233176903112	12.782292269228716	5914611.891354575	1947.1990091611583	2.077568374562361	3791583.981278197	4.31629035098169	2077.557813254308	1412.117041013937	0.902649	28.121019	0.0477528042606689	0.027320584718449	-0.074311475	-0.0213701192	-0.0035251232	0.0081562014	-0.0617984354	-0.1939557218	-0.0022482785	0.0764749756	0.0928302005	0.0818200792	-0.0098314231	-0.0101304328	-0.0047935333	0.0049415862	-0.0525334886	0.0413894873	-0.0259592369	0.0818446704	0.0054491869	0.031267531	-0.0278767231	-0.0596521934	0.0376365066	-0.0376217506	0.0101696859	0.0162670333	0.0884234408	-0.0169596177	-0.0109846587	-0.0649689591	0.0289965226	0.0658505926	0.0775397431	-0.019826325	-0.0161760658	-0.0569131028	0.0724109452	-0.0064867604	0.016846949	-0.0026373425	0.0345622802	-0.1112166303	0.0126036147	-0.0270068384	0.0708417806	0.1180075715	0.0188786675	0.0261033376	0.0650079344	0.0852093123	-0.0269421178	-0.0203298187	-0.068456539	0.0444275787	-0.0824947369	0.0150442661	0.0343923169	-0.0080267505	-0.0588080872	0.0777254209	-0.0219202058	0.0312425265	-0.079022147	-0.0456203427	-0.006135682	0.0326672385	-0.0061528767	-0.078766037	-0.0661841474	0.0232474094	0.0847692194	0.0790087159	-0.0151749667	-0.0390238756	-0.0231423932	-0.0062667139	0.0718853596	0.042171512	0.0140758555	-0.033019056	-0.0447229797	0.0333192895	-0.0593516489	-0.0816329905	0.0240423883	0.0567275867	-0.0783333648	0.0246432378	0.0782321999	0.0219845703	0.062332325	0.1195263449	0.0758776815	0.0410928989	0.0397575155	-0.1128869617	-0.0242764371	-0.0487276663	-0.0922069776	0.0476668004	0.0017253185	0.0425607254	0.0091586506	0.0038110339	0.0522992217	-0.0092120371	-0.0470168058	-0.0610618731	-0.0095377827	0.0356513164	-0.0370010946	0.046932948	-0.0092274297	0.0220964862	0.014089023	0.0535609102	0.0688777892	0.0189298772	0.0066235645	-0.0166462903	0.0194377048	0.0315270606	-0.0682189109	0.1107060912	-0.056683333	0.0384928972	0.0594529103	0.012570089	-0.0789255103	0.0625419841	0.0711333163	0.0158745196	0.1166167829	-0.0756357682	-0.0089721167	0.0031224127	-0.0725169232	-0.0243165726	-0.1358612658	0.0398254819	-0.0634025906	-0.0038590059	0.0042770627	-0.0321941566	0.0445577187	-0.0220106772	-0.0152614902	-0.0365009982	-0.0206236385	-0.0094956041	0.0131948967	-0.0773849666	-0.0382063093	0.0650363955	0.0592265694	-0.0458939156	-0.0740598336	0.0219572114	0.0281552456633562	-0.0064531831538233	0.0007927178583639	4.164357281678886e-05	0.0042442384456222	-0.011650467456164	0.0001357333919471	1.8013559983297547e-05	0.1942157739241992	0.0088114515261565	7.764167799780727e-05	0.0377197668409756	-0.0055788539412291	-2.771578126010022e-05	7.681645308577226e-10	3.112361129756746e-05	-0.0012231129900464	0.0003869809295983	1.496005386420245e-06	1.4975423987284172e-07	0.0011120981900914	2.0573316320000438e-06	4.232613444027962e-12	1.2367623844045678e-06	0.0	0.0	0.0	0.0
1750.267733043744	4.116288182237895	16.943828399231354	3063437.137334087	2428.36030154758	-3.637209009240905	13.229289376903209	5896933.754132254	1945.1815079233693	-2.01750123778902	3783731.098767033	4.070311244480227	2068.7999162400047	1406.5410656823522	0.8474669999999999	26.401875	0.1271285429724171	0.060590363734986	-0.0746410542	-0.0293449805	0.0081786121	0.0596543756	-0.0495649419	-0.1505603866	0.0676792789	0.0665817739	-0.0132788865	0.1073996996	0.0670029171	-0.0691054268	-0.0432105245	-0.0702642552	0.0157914357	-0.0177494976	0.0026316158	0.0992723816	0.0178281356	0.0217591624	-0.0511448189	0.0272114277	-0.0049561587	-0.0119474328	0.0410356809	0.0962673014	0.0307375647	0.0806186751	-0.0058160583	-0.0015984671	-0.0012948526	0.0741267976	-0.0244910301	0.0141451812	0.0516830813	-0.0811656169	-0.0650577107	0.0026364301	-0.0307668706	0.01874934	0.010463133	-0.0416974223	0.0072655621	0.0682632064	0.0033869237	-0.0053161615	-0.0086751431	0.013463905	-0.0943542996	0.0207189391	-0.0261058845	0.0080517477	-0.0224976286	-0.0184969493	-0.0175144749	-0.0077566153	-0.0548008467	-0.0205735479	-0.0059771249	-0.0119789126	0.0351134417	0.0004276049	0.1214938857	0.064292123	0.0036472043	0.068865275	-0.0357913151	0.0558394319	0.0330246498	-0.120932493	0.1128428471	0.0186644417	0.0495259391	0.0499306438	-0.0403778311	0.0476239216	-0.0088010718	0.0721237033	-0.0015677287	0.0355206927	-0.0253826359	0.0043683439	-0.0084106686	-0.1454430825	0.0337337224	0.093966124	0.0577656089	-0.0109164076	0.0891460292	0.0062743647	0.0032896284	0.0017496041	0.0439231794	0.0222891555	-0.000473261	-0.0081497881	0.0082059461	-0.0550119156	0.0131830524	-0.0288903095	0.0030664804	-0.0093728466	-0.0733041688	-0.0224267236	0.030424345	-0.0380480039	-0.0606338488	-0.0318294798	0.0102269982	-0.0097615015	-0.0303887857	0.0006942148	0.0562918697	-0.0011941732	0.0050519943	0.0499061006	-0.0343528432	-0.0460560661	0.0761656112	-0.016891025	-0.0342798153	0.0104064708	0.0102546415	0.0135278085	0.0119144378	0.0576240208	0.0583705118	0.0272008551	-0.0543864465	0.0386466282	0.0647744798	0.0639025705	0.1188553041	0.0235981171	-0.0025925442	0.0499106347	-0.0289812864	0.0168005683	-0.1050349442	0.0259884824	-0.0670961504	-0.0083307999	0.013532059	-0.0501635954	0.0301511267	-0.0465091418	0.0217126537	0.0167606088	0.0078066061	0.0027018247	0.0123503943	-0.0779133966	-0.0359208828	0.0670465522	0.0562039158	-0.0500436514	-0.0713432033	0.0284607885	0.009419390426558	-0.0187358552367982	8.872491600793251e-05	0.0003510322714542	-0.0056398113092086	-0.0098840497548308	9.769443955597082e-05	3.1807471603477226e-05	0.2105262902722273	0.0163105163480281	0.0002660329435392	0.0443213188957861	-0.0063749040395529	-0.0007960500983238	6.336957590413316e-07	4.063940151350788e-05	-0.0008259906103036	0.0003971223797428	6.822604883097137e-07	1.5770618449258465e-07	0.00156288814468	0.0004507899545886	2.032115831579921e-07	2.442619352781293e-06	0.0	0.0	0.0	0.0
1758.9788884782245	8.71115543448036	75.88422900367672	3094006.7301120902	2443.571534615976	15.211233068395812	231.38161146105836	5971041.844785475	1948.91786471496	3.736356791590652	3798280.843405119	13.960362074065587	2072.991324827296	1450.5503398290778	0.942623	29.366352	0.0878810483193012	0.0454866668303627	-0.1132905595	-0.0390014075	0.0254303362	0.0417939034	0.0927922777	-0.0351488825	0.116713468	0.0688461758	-0.0316457764	-0.0437589404	0.0838785105	-0.0834103672	0.0278431336	-0.0527615992	-0.0715261929	0.1531618309	0.0800398196	0.0024562778	0.0264255778	0.0047987993	0.0384345362	-0.0243647289	-0.0204369363	-0.0318734553	-0.0182023964	0.0218917978	0.05318585	-0.0082862158	-0.0190443823	0.0246542875	0.0360790207	0.0348549998	-0.0178878187	0.012749996	0.0487755554	0.026025637	0.0274109456	0.0110059539	-0.0237924809	0.0469551106	-0.0123297622	0.0287292628	-0.0453113595	0.0117424094	0.0276381055	-0.0248623078	-0.0467760935	-0.0592772356	-0.0078583717	-0.0231310575	0.0158291787	0.0992983854	-0.0163957046	0.0258779144	0.0118392374	0.0644304742	-0.0071395798	0.1374504425	0.0373673893	-0.0851758857	-0.1243739054	-0.0121670962	-0.0164830608	0.0577020933	-0.0343077735	-0.0905132343	0.0339321409	0.0531845435	0.0645405944	0.0036223074	0.0280790206	-0.070303822	0.0553242951	-0.0295496785	-0.0697906738	-0.0088852007	-0.0078773318	0.0680297096	-0.0206865117	-0.0043276463	0.0403499786	0.0554013035	-0.0772621831	-0.0444171819	-0.0478670248	0.0812476623	0.0002954593	-0.0055472862	0.0278373316	0.0398383973	0.0177364056	0.0078299088	0.0007603013	-0.0274531086	0.0792826835	0.0266154887	-0.0309555015	0.0591223327	0.0290298093	0.0324844942	-0.0592705508	0.0053821049	0.0224727603	-0.0076743486	0.0725054069	-0.021074017	-0.0123331638	0.0133061844	0.0377874441	-0.0514698082	0.0147406778	0.0259481019	0.0033774183	0.0063023195	-0.0317501989	0.0139314408	-0.0080431738	0.0105992284	-0.0694143928	0.0523936954	0.0240000099	0.0557509927	-0.1208898849	-0.0510654513	0.0030304336	-0.0041955718	0.087872487	0.0480425188	-0.0738537615	0.0520955788	0.0456195195	0.0301578161	-0.0167560627	0.0006673732	0.0407575946	0.0627395798	0.0382128406	0.0485114137	-0.0468903535	0.0588860522	-0.1159563046	-0.0281390629	-0.0030755967	-0.0006014857	0.0372635179	-0.0505815466	-0.0320430081	-0.0443968237	-0.0155600849	0.0097522031	0.0115045374	-0.0784076511	-0.0336000067	0.0689390864	0.0530272111	-0.0539958877	-0.0682433853	0.0347647336	0.0449896385245551	0.035570248097997	0.0020240675745701	0.001265242549753	0.0082160947329867	0.0138559060421953	0.0001919861322501	6.750421266141178e-05	0.1946798767554085	-0.0158464135168188	0.000251108821346	0.037900254413501	-0.0060939570271305	0.0002809470124224	7.893122378907221e-08	3.71363122485132e-05	-0.0008382855975392	-1.2294987235599952e-05	7.027227430416536e-07	1.5116671112356574e-10	0.0014039605310922	-0.0001589276135878	2.5257986360713086e-08	1.9711051728646925e-06	0.0	0.0	0.0	0.0
1757.4506172670726	-1.5282712111518322	2.335612894835488	3088632.6721324148	2425.9749699345343	-17.596564681441578	309.6390885881571	5885354.554748865	1940.9816237667671	-7.93624094819279	3767409.663800276	62.98392038777199	2060.940198083252	1409.5172245428626	1.073777	33.452316	0.2630119110481371	0.1468732254172855	-0.1392263213	-0.0740432221	-0.0843996709	0.0849656323	-0.0257909379	0.0193608436	0.1669665415	-0.0967125795	0.0596572146	0.0453687739	0.0024545935	0.0412741621	-0.0024518425	-0.0425957407	-0.0065476682	0.0931796333	0.014034566	-0.0272131295	0.1203616621	-0.0521771621	-0.028359832	-0.0565456008	-0.0543148623	0.0125840786	0.1191042497	-0.004293722	-0.0029156521	0.0161646795	-0.0199836453	0.055693522	0.0600682489	0.0404035243	0.0081982799	0.0976815299	0.0435386885	0.0575938772	-0.0870347035	-0.0398588973	0.0347831765	0.0415461263	0.017393496	0.0632143147	-0.0462914059	0.0361195246	0.088291646	0.0620102388	-0.0033057594	-0.0585172792	0.0513616869	0.0126247414	0.0208669858	-0.0108477429	0.0490039855	0.0742101736	0.1010297277	-0.0313080542	0.0749404816	0.0039284276	0.0373926762	-0.0479573174	-0.0191044966	-0.0154095279	-0.013356899	-0.0442554394	-0.0244640373	0.0405296667	0.0084341936	0.0379482905	-0.0578470398	0.0667997001	0.0401283104	-0.0638754209	0.1840646863	0.016805496	0.017614536	-0.0507103533	0.0397403004	0.0764936829	0.0121021029	0.0104171671	-0.052992602	-0.0238374968	0.0428037076	0.0391281197	-0.0273147784	0.0148355529	-0.0033049946	-0.0200638628	0.0002889799	0.0296836005	-0.003159634	0.0035018529	0.0283263555	-0.1310466445	0.0101527531	-0.0718268887	-0.0101152739	0.0485421636	0.0564257332	0.0997728228	-0.0223065295	-0.0198197615	0.0258699033	-0.0290556653	0.0076048485	0.0022819744	0.0561213108	-0.0317366391	0.0597706385	-0.0920865571	0.0386539696	-0.0312890419	-0.0133588854	0.0048776391	0.0453369762	0.1336264096	0.1194741601	0.0101656848	0.0002204174	0.079841737	-0.0040602281	-0.053150515	-0.0272913756	-0.0020127834	0.0092667359	-0.0045721492	0.0992391843	0.0743420087	-0.0140195486	0.0051548948	-0.128373641	0.0166034846	0.1037075838	-0.0038707061	-0.0297226626	-0.0446697761	0.0042742679	-0.0335065063	0.0203779634	0.0612492756	-0.2043234837	-0.0318557318	-0.0202501255	0.0335306267	-0.0332569102	-0.0760263963	-0.018061146	0.0290558522	0.0088921426	-0.0711232487	0.010657419	-0.0788675135	-0.0312459714	0.0707106781	0.0497051625	-0.0577350269	-0.064777029	0.040824829	0.0254452515160039	-0.0195443870085511	0.0006474608247126	0.00038198306354	-0.0342045271881374	-0.0424206219211241	0.0017995091641749	0.001169949680164	0.3172576863584453	0.1225778096030368	0.0150253194070783	0.1006524395535136	-0.0072607490316324	-0.0011667920045019	1.3614035817695629e-06	5.271847650035084e-05	-0.0010059656321708	-0.0001676800346316	1.0119668531087973e-06	2.8116594014054585e-08	0.0016388703422672	0.0002349098111749	5.5182619386274135e-08	2.685895998763009e-06	0.0	0.0	0.0	0.0
1758.808168202675	1.3575509356023758	1.842944542754886	3093406.172536449	2412.100170559353	-13.874799375181285	192.5100577015309	5818227.2328124605	1948.6634540468872	7.681830280120039	3797289.257137945	59.01051645256912	2067.564152783161	1408.151379838454	1.121717	34.945824	0.115752046035736	0.0535556825909572	-0.0923918091	-0.0074312186	-0.0935439274	-0.0368501199	-0.0999680686	-0.0353519823	0.180621869	-0.0368166708	-0.0491562235	0.0535957489	-0.1226978934	0.0457702104	0.0421008008	-0.0376196748	0.0203303531	0.0317375057	0.1261019293	0.0760175466	0.1028716248	0.0046986257	0.0208422332	0.0909842652	-0.0629929173	-0.0163025344	0.0716719211	0.0529702142	0.0513894695	0.0541363948	-0.0746321554	0.0205717286	0.0850473621	0.0363523541	-0.0685488507	0.064510673	0.0830373797	0.0781953669	0.0832790291	0.0125174739	-0.0454902455	0.0227291071	0.054987586	0.0698499787	0.0072008664	0.0372308177	0.0346216847	0.0167873144	0.0270830134	0.0467378581	0.019353446	-0.0474869069	-0.0260633529	-0.0299150909	0.0042520828	0.0114148965	0.0946905775	0.013969926	0.0033256238	0.0314298358	-0.0340688785	-0.0010106542	-0.0221147342	0.0183643276	0.0577747783	-0.0164434709	0.0484547437	0.0165962233	0.0734732331	-0.0376361703	0.0091515333	-0.0261723203	0.0515749085	0.068953846	0.1370424098	-0.0688971223	-0.0700250158	0.0333725494	-0.054449541	0.0979413523	0.0005242065	0.0355179636	-0.0331904602	0.0376355047	0.1234047963	-0.0695656071	0.0636496494	0.0565211561	-0.0243127256	-0.0511590344	-0.0282037245	-0.0017669704	-0.0231009665	0.0513748328	-0.0910898789	-0.0385108715	0.0055287817	0.0104879115	-0.0055861181	0.0513813698	0.0516504865	0.0722490246	0.1165256075	0.0582490562	0.0816321501	-0.0168364754	-0.0488213629	-0.0076282469	0.0625929547	0.0118663225	0.078571607	-0.017133947	0.0216772874	-0.0841023776	-0.0664338517	0.0401698908	-0.0125167796	-0.0005365553	0.0012872181	0.0852256235	0.019680637	0.0525448173	0.0072396699	0.0184295433	-0.0487585868	-0.0650136158	0.0159238554	-0.0016512653	0.0871081423	0.0573088118	-0.0047856339	0.0306082699	0.0686153607	0.0793364329	0.0570311413	0.1253240213	-0.1100562267	-0.0344733258	-0.0828587886	-0.0328486647	0.0505884485	0.0163754603	-0.087908708	-0.0059793258	-0.0463003156	-0.0028015503	-0.0007542915	-0.0375853558	0.0240925775	-0.0067171233	0.0148254036	0.1105826454	0.0098091318	-0.0792927819	-0.0288611001	0.0723582192	0.0462468756	-0.0612463124	-0.0609627523	0.0465985677	0.008959624371414	-0.0164856271445899	8.027486887683571e-05	0.0002717759023504	0.0066350948313242	0.0408396220194616	0.0016678747266924	4.402448342066511e-05	0.3052588693061508	-0.0119988170522944	0.0001439716106544	0.0931829772900696	-0.0070811397674681	0.0001796092641643	3.225948777364149e-08	5.014254040641817e-05	-0.0004620339059862	0.0005439317261846	2.134753302808647e-07	2.9586172275015864e-07	0.0018438889483061	0.0002050186060389	4.2032628822133696e-08	3.3999264536853754e-06	0.0	0.0	0.0	0.0
1769.2949596886226	10.486791485947606	109.9727956697432	3130404.654379565	2429.876680444788	17.776509885434734	316.0043037069588	5904300.6821693815	1948.37614096824	-0.2873130786472302	3796169.586694291	0.0825488051617494	2078.962806960621	1465.5877520679371	1.030967	32.118618	0.0860738252849019	0.0515627377516275	-0.155308734	-0.0281991725	0.0176627102	-0.0625476051	-0.067265044	0.0420608445	0.0747601237	-0.0478150736	-0.0264641728	0.0183922935	-0.1825195466	-0.0309783553	-0.0137443726	-0.0506028707	-0.0340360177	-0.0367320011	0.0360319715	0.0137800902	0.072509367	0.0406071104	0.0167726096	0.0477947435	-0.0129626372	0.0500939159	0.0410780075	0.0373862543	-0.034005924	-0.0333081846	-0.070318042	0.030781963	0.0249310567	-0.0469223332	-0.0508682995	0.0530981868	0.0571885584	-0.0671994699	-0.0283289632	0.0021611669	-0.0202967089	0.0086466111	-0.0393586132	-0.0066142584	-0.0423352057	0.0028201844	-0.0679262248	0.0535709386	0.0501864215	0.0445026531	-0.0161652967	-0.0109675073	-0.0379927332	-0.0373913828	0.0422946847	0.011190768	-0.040784579	-0.09605652	-0.0614983787	0.0039913736	-0.034105234	-0.0034893065	-0.0400120166	-0.0617364235	-0.0316195934	-0.0896537913	-0.0036859475	-0.043482171	-0.0555143193	0.0624361284	-0.0018117416	-0.028782277	0.0430515976	-0.0401047754	0.0561508917	-0.0950049026	-0.0493096387	0.0786597537	-0.0508183217	0.0224034018	0.0614828022	-0.06755108	-0.0362919369	0.0447680773	-0.0744557572	0.0004928094	0.0603438435	0.0418772607	-0.08627173	-0.0514948384	-0.0498652078	0.0430259179	-0.0397906902	-0.0187429237	-0.0631405576	-0.0452815655	-0.0314924729	0.0765409861	0.0461976669	0.0225442553	-0.0196799865	0.023610656	-0.0073488012	-0.0190431712	0.0216562389	-0.0332572894	0.0204880251	0.0029325469	0.0340589374	0.011926449	0.0568036722	0.0922222842	0.1088507298	0.0502939773	0.0755398452	0.047780763	-0.0393218355	0.0501837959	0.0152130923	-0.0466653073	0.0530668724	-0.0454308349	-0.0048685785	-0.0129209809	-0.0067459713	-0.0013625336	-0.0059204138	0.020631137	0.1175361526	0.076627335	-0.0056472817	0.0401394022	0.0153861003	0.1118808035	-0.0889457255	0.0397502943	0.0207839867	0.0800534115	-0.0914945207	-0.0380841002	0.0036381593	0.0380304165	-0.0997617527	-0.0449722221	-0.05478867	-0.0411674186	-0.0304667825	-0.0158271076	-0.0228603549	-0.0201348179	-0.0182355836	0.0011848002	0.008959769	-0.0796832699	-0.0264477464	0.0738788195	0.0426618292	-0.0645158866	-0.0568210419	0.0520454508	0.0104049212748407	0.0014452969034267	0.0001082623867356	2.0888831390548085e-06	-0.0183219800106968	-0.0249570748420209	0.0006228555846702	0.0003356949515123	0.2625312375341266	-0.0427276317720242	0.0018256505168456	0.0689226506812	-0.0073310928598106	-0.0002499530923425	6.247654837157865e-08	5.374492251916597e-05	-0.0005241687651842	-6.213485919799995e-05	2.7475289439472896e-07	3.860740727555279e-09	0.001817100464498	-2.6788483808099948e-05	7.17622864736833e-10	3.301854098078848e-06	0.0	0.0	0.0	0.0
1770.212176147843	0.9172164592202988	0.8412860330646222	3133651.148582082	2436.481803611473	6.605123166685189	43.62765204708138	5936443.579329817	1945.255517464218	-3.120623504021978	3784019.0282249823	9.73829105385441	2071.866096782104	1491.5102146958882	0.884532	27.556597	0.1652367944459511	0.0878671095362394	-0.1257151261	-0.0313413471	0.0709090606	-0.0385288277	-0.1080622912	0.0728303805	0.0743678824	-0.1233860495	-0.0581903669	0.0012760579	-0.1162759523	0.0457415786	-0.0228124779	0.0328737763	-0.0024098627	-0.0294128073	-0.0327016846	0.0124053582	0.0599137101	-0.0324659816	-0.0047754398	0.0267205486	-0.0217992329	0.0338237968	0.0976053527	0.0142596409	0.0130125987	-0.0435134326	0.039455398	-0.0113154206	0.0004521652	-0.0946495878	-0.0127276627	-0.0083882306	-0.0088616732	-0.025623068	0.0118956547	0.0355433932	-0.0114481285	0.0697239386	-0.0081330395	0.0508608208	0.0125070339	-0.0126356189	0.0181723501	0.0142425565	-0.0126176133	-0.0171441396	0.0064449656	-0.0257011054	-0.0083318111	0.0997413052	-0.0281124619	0.0301993007	0.0176043071	-0.0636761842	0.0289137262	-0.0829233795	-0.0263678089	-0.023407003	-0.0478624323	-0.0316692409	0.0281119888	0.0623503607	0.0183234989	-0.0288418765	0.0253556192	-0.0574905759	-0.0053902444	-0.0457762789	-0.0065670326	0.0164115822	0.118502359	0.0327709674	0.0065920381	0.0433021709	-0.088373331	-0.0164750302	0.0457554087	-0.0751626409	-0.0902404707	0.0583612433	-0.0265489178	0.0503871011	0.0031749338	-0.0381909756	-0.0327633308	-0.0076126874	-0.0375286001	0.0429732538	-0.0961752182	-0.0023081989	0.0642811225	-0.0364490132	0.0198677506	0.0186498499	-0.0521862606	-0.0206458628	0.0503537569	0.0276248319	-0.0275167167	0.0006807783	-0.0088437135	-0.0996112465	0.0136863651	0.03537218	0.0521255097	0.0224467893	-0.0044442872	0.0412992674	0.0204368979	0.0457318106	0.0289041234	-0.0183949985	-0.0704771386	-0.0199109792	-0.0018729271	-0.018783636	-0.0288202633	-0.0067668278	-0.0227558221	-0.065467536	0.0138092671	0.0313935317	0.025169215	0.0233066492	0.0899702322	0.058020677	0.010613085	0.0146510033	-0.1157492769	0.0594352501	-0.0378068299	0.018834767	0.0528527157	0.0817021992	-0.0630723289	-0.1104553059	0.0046158065	0.0165044453	-0.0694727743	-0.0447561868	-0.0172724886	0.0189381696	-0.0436588722	-0.0344160563	-0.0007290584	0.0160078022	0.0411649458	-0.0775332509	0.0081094236	-0.0800388062	-0.024008292	0.0752698111	0.0389598496	-0.0675308461	-0.0523741431	0.0571272725	0.0098018957752259	-0.0006030254996147	9.607716078839136e-05	3.636397531856783e-07	-0.0639946174453314	-0.0456726374346346	0.0020859898102355	0.0040953110619743	0.2704405551586006	0.007909317624474	6.255730528481502e-05	0.073138093874492	-0.0085741509583575	-0.0012430580985468	1.545193436363034e-06	7.351606465670284e-05	4.894562256585466e-05	0.00057311438775	2.395673968359101e-09	3.2846010144612e-07	0.0014122366730504	-0.0004048637914476	1.6391468962532578e-07	1.9944124207084622e-06	0.0	0.0	0.0	0.0
1769.5876726338402	-0.624503514002754	0.3900046390017879	3131440.531137651	2440.7968854550963	4.315081843623375	18.619931317168103	5957489.436047299	1950.1435795571904	4.888062092972405	3803059.980888132	23.893151024753763	2075.940323340779	1457.5312354163786	0.90716	28.26153	0.194589545102054	0.0997173474336724	-0.049558871	-0.0189178097	0.0679934917	0.0642569807	-0.1339370309	0.0028909374	0.054338427	-0.1442173906	-0.003674175	0.0132920607	-0.0834263791	0.0516846849	-0.1023792266	0.0136179256	0.0028285382	-0.1056744733	-0.0733443348	0.052402272	0.045578208	-0.0215758068	0.0367531965	0.0723522225	0.0114917801	0.0505572417	0.0647773411	-0.0166943664	0.0369686862	-0.0651600511	0.0356781207	0.0766389383	0.0480990533	0.0025764491	0.1092131661	-0.0564776722	0.0283034558	0.0025668743	0.0045761344	0.0791453763	0.0713531463	0.048892404	0.1065637409	0.0579643229	-0.0278241742	0.0675340902	0.0249974256	-0.0762922072	0.0439982351	0.0608364604	-0.0014604993	-0.0873241724	-0.0259198242	0.060144287	-0.0046424971	-0.0650766037	0.0455704156	0.0220914109	0.0196404862	-0.038949879	0.0702339173	0.005915152	0.0287036175	-0.0263180678	0.0224630919	0.0233156323	-0.0398537696	0.0862728398	0.0041976054	-0.001568907	0.0183579785	0.0075635264	-0.0928634914	-0.0602129674	0.1059177917	0.0439085338	0.0298527155	0.0585199725	-0.0783393824	-0.0922442102	0.0102173358	-0.0676049318	-0.0407806787	0.0079896011	0.0090726701	-0.0061771009	-0.020592457	-0.0755284436	-0.0765047592	0.0720341757	0.0045959398	0.083470785	-0.0690289475	0.002966996	-0.0324891055	0.0160807306	0.002799218	-0.0544079416	0.0345360627	0.0016157996	0.0231413571	0.0480945494	-0.0144949681	-0.0240635943	0.0536885387	0.0093925025	0.0205161826	0.0250335689	0.0447238871	0.0918438611	-0.0826665789	-0.0187547935	0.0331035659	-0.0145174522	-0.0834829609	0.0328015622	-0.0036591669	0.079091543	-0.0481042973	-0.0386287659	-0.003744306	0.0514557216	-0.0518665173	-0.1149518184	-0.0158576914	-0.01960466	0.0393821126	-0.045093065	0.0328439016	0.0017336395	-0.0281296473	-0.0369746755	-0.1267200863	0.0463108715	0.0451156233	0.0943543422	-0.0179747262	0.0501330725	-0.0068073798	-0.1140519556	-0.0375312598	-0.0006332706	-0.044559481	-0.0553321682	-0.0508926245	0.0435164903	-0.0202249015	-0.0468477638	0.0554666638	0.0599150208	0.0534896442	-0.0528565312	0.0072581889	-0.0803592349	-0.0215451443	0.076528754	0.0351510839	-0.0702792922	-0.0476459404	0.0618083875	0.0275803855723069	0.017778489797081	0.0007606776683171	0.0003160746994649	-0.054142127679654	0.0098524897656774	9.707155458277795e-05	0.0029313699896799	0.1904835262128372	-0.0799570289457634	0.0063931264778336	0.0362839737584766	-0.0075739144665389	0.0010002364918186	1.0004730395655812e-06	5.736418034644722e-05	0.0003660573171364	0.0003171116945705	1.3399795942909894e-07	1.0055982683340285e-07	0.0018349192185319	0.0004226825454815	1.7866053425472035e-07	3.3669285385377184e-06	0.0	0.0	0.0	0.0
1766.8338813228142	-2.753791311025907	7.583366584681783	3121701.9641902405	2454.295320864077	13.49843540898064	182.20775849042235	6023565.522015302	1946.838063383918	-3.305516173272281	3790178.445040445	10.926437171764624	2074.7943813234333	1498.2959057082116	0.945461	29.454756	0.1489922034165988	0.0704820339179126	-0.0148711049	0.0175983287	0.1204046205	-0.0032231908	0.0125230869	0.022252049	-0.007968896	-0.0899160437	-0.0817456888	0.0322830059	0.0052089853	-0.0226636952	-0.0490233427	-0.0159295066	0.0758443415	-0.0637389032	0.0006709254	0.0538262619	0.0018535217	0.0259540213	-0.0333197482	0.0891088082	-0.0369039137	0.0013639602	0.0502103474	0.0154686752	-0.0169341619	0.02968593	0.0370473472	0.0101771218	-0.0734150581	-0.0011889546	0.0367246125	-0.0271179939	0.0558401608	-0.0298420773	-0.0099016148	-0.0026597308	0.0877207181	0.0168335578	0.0028544654	0.0826325723	0.019861425	0.0053963436	-0.0418616698	-0.0631679317	0.0844105616	0.0333031973	-0.0034718866	0.0390452238	0.089418858	0.0524045626	-0.0052305996	-0.0344200769	-0.0368387743	-0.0349720398	-0.0864894628	-0.0438408296	0.008313773	0.0170080895	0.0608719525	0.0839174002	-0.0172558596	0.0667371759	-0.0310280167	0.0277591996	-0.029645043	0.0545105527	-0.0395500469	-0.015831956	0.0579978067	0.0381112758	0.0489321527	0.0674769085	0.0301098695	0.0816130954	-0.051826455	-0.0580568395	0.0183441866	0.0538863268	0.0071802796	-0.0204576517	0.0321664154	-0.051825727	0.0054199902	0.0096783181	0.0101667821	0.0059034896	0.0353182642	0.0339655452	-0.105576664	0.0537836454	0.0198513471	0.0505367648	-0.0555659546	0.0403218107	0.0190216864	-0.0175723314	0.0347530046	-0.0833977841	-0.0139049315	-0.0519860332	-0.0047196381	-0.0385540757	-0.0380878475	-0.0172406607	-0.0177902433	0.0217803143	-0.0477672071	-0.0446615964	-0.0005065795	-0.0279891454	-0.0251388727	0.0915906506	0.1049381396	-0.0150999771	-0.0381573117	-0.1010380282	0.0014354959	0.0531153128	-0.0202131147	-0.0417241777	0.0562406359	0.0203997872	0.0380306456	0.0178296612	0.0307795481	-0.0088039336	-0.0470080626	-0.0157955146	-0.0037812893	0.058205115	-0.0148205045	0.1378944706	0.0107642953	0.0823005088	0.0016478514	-0.0545639788	0.004097957	-0.0357204818	0.031321068	-0.0658500685	-0.0042222043	0.0695726984	-0.0091364864	-0.0375774749	0.0269623142	0.0029720488	0.0235378633	0.0171437093	0.0064061583	-0.0806444153	-0.0190607341	0.0776534394	0.0312459714	-0.0727503781	-0.0426618292	0.066055961	0.0202437009187406	-0.0073366846535662	0.0004098074268874	5.382694170587523e-05	-0.0124203143190868	0.0417218133605672	0.001740709710094	0.0001542642077849	0.1639656595100618	-0.0265178667027753	0.0007031972544661	0.0268847374985695	-0.0068840767507387	0.0006898377158001	4.758760741404374e-07	4.739051271006109e-05	0.0007266320121757	0.0003605746950392	5.279940811185066e-07	1.3001411070268418e-07	0.0014170148553776	-0.0004179043631543	1.7464405674340106e-07	2.0079311003608005e-06	0.0	0.0	0.0	0.0
1767.6552411840455	0.821359861231258	0.6746320216418314	3124605.051685426	2476.8865661621094	22.59124529803239	510.3643641158706	6134967.061634325	1952.497378810568	5.659315426649982	3812246.014262139	32.02785109831847	2085.5452606758936	1504.618259172524	0.831558	25.906242	0.1266794479212387	0.0738209940401496	0.0090497281	0.0360479148	0.1149325504	-0.0008348859	0.0572166285	0.0347180273	-0.0892252779	-0.031691893	-0.0587838964	-0.0309112225	0.067160416	-0.1028964624	0.0410383531	-0.0538391155	-0.0663649018	-0.0004087405	0.0560610855	-0.0261927614	-0.0306851688	0.0344569129	0.0089263904	0.0507657122	0.0170904898	-0.0474229384	-0.0830067422	-0.0314148343	0.011752776	-0.0770326226	-0.0221639247	0.0375106309	-0.0147676163	0.0503583289	-0.0486778997	0.041994288	0.0351630395	0.0086679278	-0.0025569212	0.0343606575	0.0271980483	0.0254482412	0.033262849	0.0525148434	0.0304767238	-0.0199322022	0.0505417862	0.0297416917	-0.0341219798	0.0021572152	0.015038575	0.0234291896	0.0139228415	0.0988074607	-0.014802238	-0.0335844516	-0.0120256984	0.0283402154	0.060245517	-0.003702963	-0.0395453459	-0.0176057921	0.056594234	-0.0803775259	0.0615791602	0.070702356	-0.0191372849	0.0732357731	-0.0487551411	-0.0872296381	-0.1131278433	-0.0228859442	-0.0005025208	0.0685166392	-0.0610749872	-0.0166242457	0.0369763504	0.0261519737	-0.0232867137	-0.0310518179	0.0110113898	0.0092037014	0.1309011664	0.1075253372	-0.0037373742	0.0329337737	-0.0863407822	0.0667254235	-0.0464756231	-0.0161511217	-0.0217878459	-0.0108322274	0.0266357828	-0.0332057824	-0.033600166	0.0278055721	0.0182519473	0.0016124539	0.051688029	-0.0763895788	0.0771803294	0.0272793695	-0.0054370546	0.0043427669	0.0641146419	-0.0166264172	-0.0504627002	-0.0154077175	-0.0060422913	-0.0527767191	-0.0140521848	0.0127311509	0.0232116556	-0.0214053318	-0.0222760192	-0.0119167997	0.1093596668	0.0403107428	-0.0045684501	0.0123070086	-0.030856294	-0.0123345962	0.0191398881	0.0109122935	-0.0339696794	0.0608425592	0.0854709885	-0.0089973218	-0.000970588	-0.0462650276	-0.0409705403	-0.0275703223	-0.0485640489	0.0376220124	-0.0362785328	0.0378004963	0.0414791119	0.0989837594	0.0298516744	0.0175739411	-0.0058817531	0.0017313363	-1.61167e-05	-0.0537162911	-0.0242378869	0.0823737083	-0.0193351564	0.0035766821	0.0461670778	0.0070438289	0.0306329635	-0.0411578033	0.0055534252	-0.0808942224	-0.0165575133	0.0786418943	0.0272552159	-0.0749343514	-0.0374485793	0.0698401994	0.0274243317875857	0.0071806308688451	0.0007520939739955	5.156145967461114e-05	-0.0364402544998228	-0.024019940180736	0.0005769575262861	0.0013278921480118	0.1009592025547192	-0.0630064569553426	0.0039698136180654	0.0101927605804848	-0.0072478809431606	-0.0003638041924219	1.3235349042375094e-07	5.2531778166230586e-05	0.0004428777210381	-0.0002837542911375	1.961406757919011e-07	8.051649773900184e-08	0.0014151249406108	-1.889914766799996e-06	3.571777825768684e-12	2.00257859753872e-06	0.0	0.0	0.0	0.0
1761.5144727495626	-6.14076843448288	37.70903696594132	3102933.237706169	2461.004228379991	-15.882337782118157	252.24865342529787	6056541.812104196	1946.0665600244213	-6.430818786146801	3787175.056045285	41.35543026025862	2074.090010760036	1459.7784875852872	0.888289	27.673634	0.1269548801544284	0.0776966892569428	0.0079904208	0.004075726	0.0528615367	0.0634247096	0.0270879904	0.0246095129	-0.0532042708	-0.0974322544	-0.0178883161	-0.0116090702	0.0592833683	0.0583787024	0.0093354275	0.0785856407	0.0300708606	-0.0670662961	-0.0411755846	-0.0237342217	-0.0109545468	-0.0434160627	-0.0435271851	0.0484971218	0.0003406854	0.0301065959	-0.0329335759	-0.0454410757	-0.0149222191	-0.0403730077	-0.0111256814	0.0151675846	-0.0091001589	0.0276587738	0.0237330093	-0.0111436742	0.0183618634	0.0619234781	-0.0278391878	0.0030061032	-0.0327729536	0.0676966608	-0.0663313619	0.0289823402	0.0246656577	0.0401831982	-0.0368314803	-0.0204668633	0.0259996146	0.0866334987	-0.0904009667	0.0700057979	0.0285435881	0.0074469528	-0.0227548761	-0.0152024223	-0.0100259425	0.0206234529	0.0341143055	-0.0261418514	0.0130104886	0.021231646	0.0222449084	0.0366517636	-0.1022783871	-0.0442591296	-0.06629311	0.1017672746	-0.0561321747	-0.0338507167	0.0904636172	-0.0246261797	-0.0707399152	-0.0394234704	0.0093186009	0.0656735646	0.0953421139	0.0053049911	-0.0274281711	-0.0403201203	-0.0099889513	0.0084440212	0.0878822187	-0.0387081003	0.0664782161	0.0198365097	-0.0340836949	0.0148550957	-0.0439662193	0.0152421797	-0.0454706855	-0.0022541446	0.0104092437	-0.0127758632	-0.070168663	-0.0170233277	0.0355530613	0.0094501109	0.0037819918	-0.0604998487	-0.0155537871	0.0049985857	0.0247853526	-0.0540849636	0.0198249741	-0.0502703651	0.0220649109	0.0370065923	-0.0178928707	0.0382889435	0.0086130533	-0.0506748866	0.024019948	-0.0109538072	0.0305829516	0.1087175061	-0.0990294668	-0.0226277737	-0.0291132096	-0.0147899146	0.0261137145	-0.0594504616	-0.0178924308	0.0430116525	0.0218010832	-0.020489178	0.0205053964	-0.0858172159	-0.0024648919	-0.0276132846	-0.0108481197	-0.0302904765	-0.0926502029	0.0196938862	0.0626702142	0.0235552107	0.0384067733	0.0209994552	0.0457457021	-0.0158435172	0.0272580231	-0.0076032434	-0.0442195318	-0.0441813155	-0.0167424023	0.0699351393	-0.0054969038	0.024525221	0.0375718071	-0.0043893301	0.0125437513	-0.0416414137	0.0047000831	-0.0811085467	-0.0140379523	0.0794923845	0.0231897558	-0.0768225931	-0.0320341914	0.073134559	0.0187219816497616	-0.0087023501378241	0.000350512596894	7.573089792128714e-05	-0.0537046973540498	-0.017264442854227	0.0002980609870668	0.00288419451789	0.1678728600581465	0.0669136575034273	0.0044774375604859	0.028181297144102	-0.0077690059449582	-0.0005211250017976	2.715712674985488e-07	6.0357453372795854e-05	0.0006020061121878	0.0001591283911497	3.624113591114701e-07	2.532184486989194e-08	0.0014163601408425	1.2352002316999653e-06	1.525719612391648e-12	2.0060760485673864e-06	0.0	0.0	0.0	0.0
1759.242944536296	-2.27152821326672	5.159840423666696	3094935.7379007367	2473.2148443151405	12.210615935149235	149.09914151572042	6116791.666140764	1949.316772840628	3.250212816206613	3799835.8808778	10.563883350633722	2081.461997779999	1491.7441189711074	0.878982	27.383682	0.105649427835585	0.0659004800135237	0.0245340545	0.0477643568	0.1079939208	-0.0129405724	0.0846709455	-0.0247357509	-0.1062763487	-0.0307664671	-0.0563325065	-0.0314383522	0.0424545481	-0.0095120033	0.0885529985	0.0187978276	-0.0112297788	0.0025401437	-0.1350678683	0.04036005	-0.0682084848	0.0187201013	-0.0252612861	0.0588247368	0.0421039515	-0.0466926141	-0.0906300246	-0.0334937518	0.0469544273	-0.0390249747	0.0248637586	0.0466397018	0.036516342	-0.013072937	-0.0034782645	-0.0061580173	0.0621322761	0.0055302271	-0.0319734033	-0.0375838019	-0.008977985	0.0787678684	0.0183586497	0.0239845102	0.0423103525	-0.0678677108	-0.0893095021	0.0225540405	-0.0358219429	-0.0052488385	0.0388651179	0.0502465385	-0.0438381651	-0.0245180334	0.0531857916	-0.0344786029	-0.0743713077	0.0189832245	0.023555275	-0.0109110924	0.0486623043	0.0690898396	0.0242319843	0.0057812945	-0.0040410642	0.0591878831	0.0285764453	0.0489682843	-0.0060369485	0.0042654801	0.0296635089	-0.0015338093	0.0407727307	-0.0285558668	-0.0806683991	0.0304467923	0.0685673915	0.021167803	-0.0116582453	-0.048262617	-0.0176005681	0.020742697	0.1282336095	0.0427087477	0.047160007	-0.0358789062	-0.0365794453	-0.020345723	-0.0732551588	-0.0094345253	-0.031189726	-0.0013441312	-0.0415767729	0.0065143648	0.020420055	0.0218466845	0.0520892122	0.0010528291	0.0574382814	-0.0115070854	-0.0022398238	-0.0246281647	0.0289741898	-0.0322631765	-0.0088282565	-0.0064355318	-0.0010196314	-0.0315820567	-0.0137638558	-0.0793350184	0.0365022613	-0.001178884	0.0072201767	0.0489871093	-0.0054303034	-0.0202495103	-0.0493386509	-0.0574184299	0.0476937814	-0.0124183531	0.0602321275	-0.0425834759	-0.0318277574	-0.0155809062	0.1323467855	-0.0209982047	-0.0821847159	0.0405773396	0.0080612479	-0.0489762629	-0.0323691634	-0.0330938756	0.0382308349	0.0484841288	0.0248237978	0.0328310262	0.0244423055	0.0815345965	0.020357653	0.030555317	0.0150805301	-0.0129133412	0.0120085155	-0.0534680693	0.0060862546	0.0724920035	0.0312501957	0.0196827722	0.0364267482	0.0155057658	-0.007507167	-0.0317534083	0.0038462256	-0.081287294	-0.0115045374	0.0802034182	0.0190607341	-0.0784076511	-0.0264477464	0.0759159322	0.0067117489614503	-0.0120102326883113	4.504757412152918e-05	0.0001442456892273	-0.0052176252491733	0.0484870721048765	0.0023509961613034	2.7223613240810745e-05	0.1673836229369243	-0.0004892371212222	2.39352960781788e-07	0.0280172772274904	-0.0070068960476906	0.0007621098972676	5.808114955132319e-07	4.909659222314216e-05	0.000472047417743	-0.0001299586944448	2.2282876459783438e-07	1.6889262261796907e-08	0.0014151710141314	-1.1891267110999105e-06	1.4140223350512897e-12	2.0027089992376957e-06	0.0	0.0	0.0	0.0
1754.5095749330185	-4.733369603277424	22.40478780123068	3078303.848531641	2470.0462002224394	-3.1686440927010158	10.04030538620904	6101128.231233312	1946.3607697909576	-2.956003049670244	3788320.246181249	8.737954029659782	2076.461662697522	1490.128249877322	0.851245	26.519562	0.0639262872667341	0.0362530892913702	0.008588863	0.0267315958	0.1107538102	-0.0060653329	0.0731718296	-0.0225770367	-0.1172856745	-0.0508880273	-0.0296979792	0.004181919	0.1136263681	0.0022753705	0.0711351402	0.0174281755	-0.0463795219	-0.000186639	-0.0171910634	0.0080626306	-0.0529326106	0.0108615759	-0.056687906	-0.0078533118	0.0073576558	-0.0107229719	-0.0926931376	0.0406718611	0.0161222595	-0.028663584	0.0348216106	-0.0458545742	-0.007043193	-0.0088496892	0.0465335725	-0.0555079855	-0.0591339034	0.0372594184	0.0841951852	-0.0226463001	0.0552034683	0.0327396532	-0.0235574012	0.0062785507	0.087163046	-0.0018156106	-0.0807548544	-0.004072377	0.0740622222	0.0908363055	0.0778994148	-0.0504387203	0.1036805513	-0.0631350312	-0.0519931103	-0.0093869219	-0.0556526989	-0.0073125832	0.040630986	-0.0342845899	0.0550713173	-0.0638616469	-0.06403411	-0.0273030421	-0.0160004299	0.010346195	-0.0255507776	-0.0779924904	-0.0702146678	-0.0144040287	0.0175093537	0.0253706431	0.0596311567	0.0134063145	-0.0432031207	0.0880591044	0.0809055571	0.0219794496	0.0390559648	-0.0195385113	0.0077264325	0.0172273733	0.1078960322	0.0192509809	-0.0120011209	-0.0124604251	0.0262389828	-0.0211463563	-0.0561697541	-0.0178457403	0.0189718402	-0.0664285442	-0.0591439257	0.0535130476	-0.0473597675	0.0142662987	-0.0190467348	-0.0071456123	-0.0478634117	0.0487299981	-0.0534861296	0.0316465031	0.0347144644	-0.0067865742	0.0278591855	-0.0348928908	0.0352294187	0.0408200362	-0.1372231581	0.0221627293	-0.0741117024	0.0579621131	-0.0110834213	-0.0480748823	-0.0863246374	0.0115041768	-0.0326223684	-0.0758030032	-0.0509038817	-0.0039944021	-0.0292458712	0.0339975715	0.0277339243	-0.0670066993	0.072995278	0.0152925541	0.018402171	-0.0760208984	-0.0015082181	-0.0245760396	-0.0184848306	0.0173954018	0.0100105341	0.0092636546	0.026554854	0.0022579193	0.1088988417	0.026690599	0.0074368932	0.0242541137	-0.0103295903	-0.0017883565	0.0296544931	-0.0366884219	0.0383844887	0.0493380796	-0.0011071857	0.0017739688	-0.0376643568	-0.0868072184	0.0150061855	-0.0206162299	0.0029919463	-0.0814303861	-0.008959769	0.0807737477	0.0148794683	-0.0796832699	-0.0207192494	0.0781648097	0.0116826181800888	0.0049708692186385	0.0001364835675417	2.4709540788807737e-05	-0.030199430818115	-0.0249818055689417	0.0006240906094844	0.0009120056217381	0.1675797710265882	0.0001961480896638	3.847407307879521e-08	0.0280829796573237	-0.0073922010391288	-0.0003853049914382	1.4845993642719148e-07	5.464463620289691e-05	0.0001837787226099	-0.0002882686951331	3.377461888412657e-08	8.309884059374017e-08	0.0014131954129129	-1.975601218500095e-06	3.903000174539061e-12	1.997121275078062e-06	0.0	0.0	0.0	0.0
1751.207802772194	-3.3017721608243846	10.901699401994923	3066728.768490216	2441.505424499512	-28.540775722927265	814.5758788664343	5960948.737860543	1948.378507195884	2.0177374049262653	3796178.807302861	4.071264235238579	2071.953301359198	1408.4576098723749	1.269668	39.555069	0.5177206359851221	0.2677888486701393	0.0424438238	-0.0622342863	0.0470140577	0.0563725456	-0.000977949	-0.0296728546	-0.0333300938	-0.0157754973	0.0809052973	0.0897083219	0.1218940885	0.0084333087	-0.0001671273	0.1068191327	0.0603366944	-0.0029906597	0.0064785156	0.0506153063	0.0724726049	0.1229193651	-0.0007542327	-0.0415058771	0.0105541412	0.0113388293	0.0452919466	0.0873373154	-0.1839669622	0.0781972642	0.0328488819	0.0444303295	0.0698280058	0.1300353188	0.1864345403	-0.0615527185	-0.0641626549	-0.0029389779	-0.043552791	-0.0027693485	-0.088109344	0.0364836443	0.0872639237	-0.0308173636	-0.0591592083	0.0482107547	0.0769601025	-0.0392036943	0.0217409353	0.0786646142	-0.0024272763	-0.0340708326	-0.0024101497	-0.1737034251	-0.0686243584	0.1068342178	-0.0363958239	0.0498495684	0.108782445	0.0145116121	0.0176462717	0.0346197148	0.0557491909	0.0481870685	-0.0510153023	0.0308966761	0.0104008899	0.0483831252	-0.0587085672	-0.0488758476	0.1173120333	0.1067267557	-0.0644678917	0.0302610579	0.0463151571	0.0587368089	-0.0775033179	0.0366587092	0.1869755533	-0.099539473	-0.0192638092	0.1046248244	-0.0343463076	-0.1077304608	0.0846382433	-0.0535401513	0.180048198	-0.0162777184	0.1573989495	-0.0149052877	-0.0080235975	0.0592253257	0.0329854981	-0.0353058547	-0.0769494923	-0.0231418634	0.0715125618	-0.1303537575	-0.0723968951	-0.1505902178	0.0324475739	0.102287632	-0.010843504	-0.1400906338	-0.0770909037	-0.0207401152	0.0434152186	-0.0159101876	-0.0552735616	0.131428948	-0.0916132163	0.0095322618	-0.0031016072	-0.0545030657	0.0215896007	0.0887654273	0.0015854428	0.0088136699	0.099829409	0.0206082888	-0.0268577753	-0.1236076778	0.0084565212	0.008644686	0.1545453157	0.0072135912	0.0365070035	-0.0494366366	-0.0634799307	0.026627513	-0.0136823893	0.1668009911	-0.0287013937	-0.1793586491	0.1056179836	0.0696203087	0.1377041415	-0.2109215787	-0.0179159492	0.0845134807	-0.0917006379	-0.0169198139	0.1209756985	-0.1299975204	0.1298684199	0.0269205854	-0.3680592201	-0.0785350617	-0.1983890526	-0.218224006	0.0928167599	-0.0770135019	0.0021373389	-0.0815377601	-0.0064061583	0.0812023727	0.010657419	-0.0806444153	-0.0148794683	0.0798654172	-0.1050738771847221	-0.1167564953648108	0.01104051966663	0.0136320792098731	0.0057322939448027	0.0359317247629177	0.001291088844438	3.2859193869621696e-05	0.1914060744506116	0.0238263034240234	0.0005676927348536	0.036636285336593	-0.0070392332859985	0.0003529677531303	1.2458623474985265e-07	4.955080525470924e-05	-0.0032332764783091	-0.003417055200919	1.0454076785186896e-05	1.1676266246127589e-05	-0.0016409038817052	-0.0030540992946181	9.327522501386776e-06	2.692565548995193e-06	0.0	1.0	0.0	0.0
1752.714124087781	1.5063213155870017	2.2690039057917555	3072006.800776798	2443.7714224921333	2.265997992621124	5.134746902562962	5972018.7653892245	1941.4763952465853	-6.902111949298615	3769330.5932996753	47.63914936065072	2067.714073028432	1445.7963466897477	1.446591	45.066902	0.3848914267017461	0.1858578935873544	0.0020685735	0.0393258663	0.0448814173	0.0561631458	0.0501039102	-0.0680535705	0.0086660292	0.0732031569	-0.1159159728	0.0490314208	0.0741068408	0.020931741	0.0149948147	0.0233265164	-0.0562066606	-0.0267175208	-0.0074086522	0.0310529807	-0.0058878372	0.041126274	-0.0820521721	-0.0236416176	0.0088469565	-0.0245573245	0.0482096674	0.0546573957	-0.0102617915	-0.0118363995	-0.0270262894	-0.0930855793	0.0024513582	-0.0224859702	0.059899078	0.0455827567	0.0316183014	-0.0281717857	-0.123714366	0.0081628509	-0.0880604576	-0.0244255804	-0.0271193894	0.0264202548	0.0337848409	-0.0739732262	-0.0033482496	0.0662953258	-0.0276824818	-0.0052154986	0.0161788204	0.0391502612	-0.0194401775	0.0448942288	-0.0856563655	0.0565620293	-0.0376392582	0.019453517	-0.0420185757	0.0752519273	0.0181429326	-0.0133381314	0.0086438177	0.0034785753	0.0215944513	-0.1189715052	-0.1148296792	-0.0218099912	-0.0180453229	0.0402885339	-0.0435298783	0.0414922933	-0.1045621186	-0.1508300829	-0.0253284099	0.0795023404	-0.0012021421	0.0452884697	0.0190498931	0.1251466168	-0.0212010492	-0.0109512314	0.045756297	0.053693856	-0.0603746521	-0.0158332696	0.0002926762	-0.0239872189	0.0135177362	0.0404262091	-0.0607699789	0.0150614562	0.0340602576	0.0162649472	-0.0018686961	-0.006342911	0.0060989198	-0.0191753076	0.1003856864	-0.0392493477	-0.0041772321	-0.0581733363	-0.0080034472	-0.0219627465	-0.0894538169	-0.1047030823	-0.0248931405	0.0573839426	-0.0109043257	-0.0287485421	-0.0065167508	0.0452763806	-0.0163597287	0.0463145965	0.1233158175	0.055186947	0.0158394593	0.040362871	0.0048559413	0.0699176101	0.0161469851	-0.0792426498	0.0054015185	-0.0111205822	-0.0960737659	0.0315683395	0.0799577913	-0.0194043966	0.0207564354	-0.0402696693	-0.0489064532	0.0265971159	0.0846966576	-0.029782348	0.0471086339	-0.0028482362	-0.0285349559	0.1231018342	0.0217129075	0.0729231433	-0.0183962427	0.0320271283	-0.0109386423	0.0200255289	-0.0920727985	-0.0365219545	-0.0656151018	0.0598908778	0.0336652956	-0.0514131648	-0.0364268493	0.0618176782	0.0012824971	-0.0816093689	-0.0038462256	0.0814885411	0.0064061583	-0.081287294	-0.008959769	0.0810058262	-0.0072277962118079	0.0978460809729142	5.224103807942464e-05	0.009573855561758	0.0302511026868188	0.0245188087420161	0.0006011719821275	0.0009151292137684	0.1702810498284108	-0.0211250246222008	0.0004462666652885	0.0289956359306657	-0.0064103163072618	0.0006289169787366	3.955365661432982e-07	4.109215515914656e-05	-0.0015949655589837	0.0016383109193254	2.5439151343441867e-06	2.684062668380837e-06	0.000919898467525	0.0025608023492302	6.557708671822911e-06	8.462131905548435e-07	0.0	0.0	0.0	0.0
1757.5565799816677	4.8424558938866085	23.44937908423715	3089005.131836856	2435.259105823658	-8.51231666847525	72.45953506440159	5930486.912497043	1946.4592624978736	4.982867251288326	3788703.660563766	24.828966043961675	2076.09500932154	1411.5957679748535	1.122958	34.984489	0.3148624993558977	0.1438573589351509	0.0794474308	0.0345929799	-0.0045852177	0.0655880236	0.0634896646	-0.0315837283	-0.0247447749	0.1062977955	-0.0409571282	0.019081064	-0.0509771178	-0.0422175006	-0.0130872713	0.0164886579	0.0360235525	0.0739071585	0.0332196914	-0.0921288677	-0.0284626262	0.0975523122	-0.0308765175	0.0148541704	-0.0204380128	0.0002640975	0.0234907	0.0582827673	-0.0378827011	0.0407794804	0.0286802231	-0.066610718	-0.0422919682	-0.01533141	0.0055548193	-0.0250143507	-0.0264655113	0.0773493742	-0.0317883111	-0.0411643312	-0.004614118	0.0178350856	-0.0272191788	-0.0106321094	-0.0507800415	-0.0449930015	-0.0618623635	-0.0044924151	-0.0822149963	0.0192859425	0.0675899736	0.0935594483	-0.0126652791	0.0180730281	0.0193297896	0.0163489384	0.0727702776	0.0291155418	0.0027684283	0.0071334615	-0.118134411	0.0175450182	0.0191774812	0.0306170236	-0.0067167117	-0.0414848807	-0.0482204611	-0.0074250876	-0.0388605114	0.1074572595	-0.01996253	0.0481337772	0.0985755559	0.0857726402	-0.0676320784	0.0280838279	-0.0688986635	0.0768866816	0.0036669987	0.0377788857	0.020284994	0.0062890874	0.01900219	-0.0457872228	-0.12947299	0.0148272438	-0.060044492	-0.0071777588	0.1399789619	0.0387787667	-0.0991641495	-0.091933362	-0.0120809965	0.069019179	0.0104529547	0.0679987109	0.0430716497	0.0437772573	0.0100733039	0.015700441	-0.0549497301	0.0657677964	0.0229771256	0.0341192649	-0.0681457708	0.0450681361	0.0878162323	-0.0326943348	0.034635089	-0.0684612335	0.0496306334	-0.0961643699	0.0428143605	-0.0403041307	0.0060941876	-0.0476890753	-0.0138637126	-0.0341623139	0.0349379396	-0.1121302805	0.0788181583	-0.0102502129	0.0220215238	0.0009464799	-0.0291938832	-0.0290033514	-0.07018942	-0.0191493335	-0.0558207436	-0.0835136532	-0.08769924	-0.0882871514	0.0435034619	-0.1762242696	-0.0870438618	-0.0023880539	0.0257235276	0.0522488648	0.1178326414	-0.0674588851	0.0112973021	-0.0053786916	0.0293257527	0.0236680258	0.1091839908	-0.1641371227	0.0498066336	0.0332659429	0.0910133889	-0.1157435198	-0.1044668051	0.0052994684	0.0004275147	-0.0816451812	-0.0012824971	0.081631751	0.0021373389	-0.0816093689	-0.0029919463	0.0815780375	0.0313470495313623	0.0385748457431702	0.0009826375143216	0.0014880187241093	0.0368185814231623	0.0065674787363434	4.3131776952324e-05	0.001355607938014	0.0988896432762018	-0.071391406552209	0.0050967329295027	0.0097791615472944	-0.0048782730272735	0.0015320432799883	2.3471566117573093e-06	2.379754772862416e-05	0.0003575828253481	0.0019525483843318	1.2786547698392977e-07	3.8124451931567223e-06	0.0014018821696884	0.0004819837021633	2.3230828915113705e-07	1.965273617690256e-06	0.0	0.0	0.0	0.0
1762.235856261795	4.679276280127397	21.895626505762888	3105475.213094742	2448.1934562965675	12.9343504729095	167.2974221560542	5993651.199453333	1946.8998446308808	0.4405821330071831	3790419.005023748	0.1941126159251591	2069.7025418460007	1429.831211796904	1.040253	32.407902	0.2493062534186318	0.1534509787713998	-0.0186129156	-0.0019212941	-0.0023470586	0.086778185	0.0451843026	-0.0080751164	0.051544159	-0.0028055655	0.0475124586	-0.0243307344	0.0853351531	-0.0210925926	-0.0635601699	-0.0345671465	-0.0069592906	0.0045030776	-0.072707681	-0.0606368486	0.0055475367	-0.0204322778	0.0172360268	0.050889939	-0.0195450505	0.0243553893	0.0361849855	0.0026441102	0.0886068926	0.0454397051	-0.0591097443	-0.0105186055	-0.047892603	-0.0569017815	0.0631216566	0.0318615648	-0.0949734292	0.0797958043	0.0744486565	-0.039854019	-0.0181356855	-0.0101000875	-0.0150342619	-0.0119950899	0.0041028881	0.0031803987	0.0286113545	0.0745156674	-0.065761727	-0.016861638	-0.0134203016	0.092194859	-0.0314895259	0.0218329086	0.027854765	0.0331156855	-0.0351519716	0.019048135	-0.0142803062	0.0033396146	0.0333365456	-0.0145964942	0.0913667727	-0.0822429306	-0.0107239881	0.1152694201	0.0051065212	0.0152095517	0.0106096195	0.0795450138	-0.1162490359	0.0253362585	0.0654127872	0.0227474873	0.056372198	0.055451884	-0.0066356229	-0.0095629402	-0.0231619385	0.0095354101	-0.0205314889	-0.0232715124	0.0254174715	-0.0150730189	-0.0166134688	0.0235808789	-0.0951663832	-0.0901812929	-0.0245800258	-0.0837335825	-0.0254407591	-0.0613859829	0.052832811	0.0392022544	0.0042597032	0.022141829	-0.0030188833	-0.0322033337	-0.053664115	0.0238070211	-0.0029657034	0.0303048314	-0.0366642476	0.0494615916	-0.0026020101	0.0828860529	0.0316917981	-0.0631173459	0.0212287708	0.0372555227	0.0704778035	-0.0604082805	-0.0405634924	0.0451308231	0.0383533173	0.0094011424	0.0126935496	0.0121424597	0.0670211914	-0.0059917548	0.0122606027	0.1532377978	0.0738851835	0.0650497102	-0.0416295869	-0.0145711798	-0.1063124933	-0.0297392838	0.0196594782	-0.0270476777	-0.0618824963	-0.0647476962	-0.0326973423	-0.0684290373	-0.0075413942	0.0200720339	-0.0005662797	0.0419123703	0.1028570624	-0.0213166963	0.0363714874	-0.0429938435	-0.0715386505	-0.02290139	0.0610987465	-0.0320213283	-0.0095946062	-0.0067114656	0.0530215257	-0.0509700265	-0.0687201454	-0.0469304088	-0.0004275147	-0.0816451812	0.0012824971	0.081631751	-0.0021373389	-0.0816093689	0.0029919463	0.0815780375	0.0141844849623709	-0.0171625645689914	0.0002011996136477	0.0002945536225847	0.0195492882053827	-0.0172692932177796	0.0002982284882416	0.0003821746693371	0.2172168436991626	0.1183272004229608	0.0140013263599355	0.0471831571866264	-0.0065539709596883	-0.0016756979324148	2.8079635606992363e-06	4.295453534043758e-05	0.0006039417180161	0.000246358892668	3.6474559876023843e-07	6.069270399660317e-08	0.0013929950905932	-8.887079095199965e-06	7.898017484434022e-11	1.9404353224167573e-06	0.0	0.0	0.0	0.0
1758.1547905681812	-4.081065693613937	16.655097195592603	3091108.267597845	2425.1460051359954	-23.04745116057211	531.1850049989566	5881333.146227078	1946.8337818104224	-0.0660628204584554	3790161.773998271	0.0043642962469261	2072.880319832718	1409.602012178539	0.933341	29.077173	0.1720226856705815	0.0945709602895698	0.0575110828	0.0443069328	-0.0562766836	0.0128586082	0.0646021905	-0.052478303	0.026550418	0.0491144885	-0.0253163384	0.0494549353	-0.052277954	-0.0782973932	0.0253066324	-0.0070113353	0.111643902	0.0167497193	-0.0022421355	-0.0770387198	-0.0395232837	0.0142809215	-0.0053516112	-0.0072003445	-0.0348113396	0.0200272417	-0.0023666271	0.0344203851	0.0051562343	0.0005148034	0.015039303	0.0292272241	0.0281341756	-0.0671182336	0.0358345311	0.0169298291	0.0002430806	0.0023496447	0.0295004399	-0.000592479	0.0431326683	-0.0364022747	0.0333462253	0.0358726096	-0.0379894202	0.0296738867	0.0060094945	0.0764710403	-0.0031672647	-0.0375025909	-0.057652254	-0.0407268015	-0.0385170528	-0.0211985384	0.0727553292	0.0401671597	0.0544167448	0.0293631143	0.0150857869	-0.0544388471	-0.0581630706	-0.0800942686	0.0295450806	0.0406413324	0.0856866622	-0.0557883379	0.024228091	-0.1090607722	-0.0802962427	0.0068161595	0.0454285126	-0.0157963701	0.0432400741	-0.1323866952	-0.024283337	0.015867921	-0.0497489619	0.0067016271	-0.0175068388	0.0420013619	0.0080943038	-0.0054597008	0.0605197389	-0.0417030645	-0.0322102339	-0.0264986719	-0.0095069073	-0.0334631379	0.0377252936	0.0305709848	-0.0020005232	0.0086269773	-0.0510135378	-0.0235981496	-0.0233108142	-0.0058880517	0.0354547546	0.0206395725	-0.0170758005	0.0439374975	0.0206019313	-0.0038852133	-0.0616780693	0.0608909642	0.0617909569	0.066662452	-0.0167823723	0.03386902	-0.0067555338	-0.0049604958	-0.0121793683	0.0096657999	0.0045074981	-0.002753824	0.0588326253	0.0118061131	-0.0090279815	0.0349084468	-0.0020711237	0.0123648977	0.0693978454	-0.0161677412	-0.0386793404	-0.0297254568	-0.0668614306	0.0380452274	-0.0469936654	-0.0321810689	-0.0200491283	-0.0643927214	-0.0762264914	-0.0650096974	0.0849602932	-0.07624892	-0.0486266552	0.0367126638	-0.0607700188	0.0028036646	0.0740671086	-0.0215830098	0.0584662689	-0.0330128355	-0.0118559857	-0.0321048053	0.0308712664	-0.0352646643	-0.0193268867	-0.0062477113	0.0225892444	-0.0014581136	0.0087538307	0.08515427	-0.0012824971	-0.0816093689	0.0038462256	0.0814885411	-0.0064061583	-0.081287294	0.008959769	0.0810058262	0.0329988716672318	0.0188143867048608	0.0010889255313104	0.00035398114708	0.02743715351518	0.0078878653097973	6.221841914550371e-05	0.0007527973930155	0.1729833069592743	-0.0442335367398883	0.001956605772519	0.0299232244865665	-0.0050813065701469	0.0014726643895414	2.168740404223345e-06	2.5819676459818053e-05	0.0003387421364895	-0.0002651995815266	1.1474623503347106e-07	7.033081804188378e-08	0.0016768690578459	0.0002838739672527	8.058442928378703e-08	2.8118898371609964e-06	0.0	0.0	0.0	0.0
1760.7103701008991	2.5555795327179567	6.53098674804693	3100101.007380845	2443.174522965043	18.02851782904736	325.0274551122785	5969101.749665464	1945.269468980852	-1.5643128295703264	3784073.306949046	2.4470746287583207	2076.808885008278	1432.9138652318347	0.9255310000000002	28.833858	0.1439294075250394	0.0964001008171586	0.0647949777	0.0653794738	-0.0465801187	-0.0547934879	-0.0208025706	-0.023717074	-0.0361681482	0.0961591795	-0.007887917	-0.040689346	-0.0803396398	-0.0473153984	-0.0736179775	0.0104526945	0.0368311485	0.0761178475	-0.0096527478	-0.0207562883	-0.053700433	0.0135245711	-0.0199697873	0.0268537326	0.0111785101	0.0016727709	0.0173320181	-0.0102774865	-0.0172885222	-0.0099150138	0.0298263465	-0.0596401142	-0.0519064229	-0.1332371068	0.1166474483	0.0510789562	0.0377571474	-0.0327835497	-0.0562041396	0.0075544277	-0.038187975	-0.1015809163	-0.0642137653	-0.0733996988	0.0432719248	0.0418544487	-0.078449791	-0.1027869326	0.0156605681	-0.0023680252	0.0332594571	0.025671518	-0.0092093608	0.0068749703	0.0616422049	0.0579263783	-0.0039436303	-0.0017055957	0.0126589957	-0.0682682371	0.0412389327	0.0429299123	-0.0531081362	-0.0862869095	0.0615425852	0.0795786121	0.0276676881	-0.0685954756	0.0331728292	-0.0337358848	-0.0333477146	-0.001135521	-0.0318859796	0.0186629868	-0.077041361	-0.0480028465	-0.024316651	0.0384623101	-0.0078423159	0.0404206883	-0.0191846105	-0.003427	-0.0375217331	-0.0570121549	-0.0588719778	0.0055293924	0.0046051937	-0.089543822	-0.037583362	0.0071337918	-0.0254935946	-0.02297502	-0.0364764637	0.0703980903	-0.0067469785	-0.0167311959	-0.0263361757	0.0054677067	-0.0135809345	0.0084800047	0.0309817836	-0.119875928	0.0194948994	0.0598226727	-0.0263763067	0.0288234667	-0.0223827283	0.0475850024	0.0481605585	0.066960141	0.0149895154	-0.05328202	-0.0398102474	0.0196554454	-0.0501047275	0.0357907655	-0.0253758017	-0.0537866205	-0.0029140957	-0.0078426673	-0.1035184879	-0.0247081552	-0.0615507339	0.0385494885	0.0219033743	-0.0465492126	0.0293542675	0.001693369	-0.0466677379	-0.0928051195	-0.0686878953	-0.0646670245	0.0428653109	-0.0898737571	-0.1292012183	-0.0308377775	-0.0501070422	0.0366938561	-0.0126825328	-0.0508679325	-0.0269597064	-0.0389812276	0.0367166098	0.0187332731	0.0411726814	-0.062488602	-0.0398792824	-0.0100109454	0.0549052314	0.0010361355	-0.0122435565	-0.0039398452	-0.0021373389	-0.0815377601	0.0064061583	0.0812023727	-0.010657419	-0.0806444153	0.0148794683	0.0798654172	0.0201340977591399	-0.0128647739080918	0.0004053818925746	0.0001655024077063	0.0109165432249938	-0.0165206102901862	0.0002729305643602	0.0001191709159831	0.078145579054798	-0.0948377279044763	0.0089941946340834	0.0061067315258096	-0.0052834309503111	-0.0002021243801642	4.0854265056762124e-08	2.791464260670525e-05	0.0004896823953173	0.0001509402588278	2.397888482836885e-07	2.2782961735003265e-08	0.0016358077883922	-4.1061269453700026e-05	1.6860278491493586e-09	2.6758671205645807e-06	0.0	0.0	0.0	0.0
1761.6864282333336	0.9760581324344456	0.952689477891418	3103539.0714215203	2445.1511849297417	1.9766619646989056	3.9071925226873376	5978764.31716332	1947.450743774604	2.1812747937519816	3792564.399428258	4.75795972585775	2080.5697100633533	1447.0945425772034	0.959573	29.894415	0.218507516893314	0.1112363377946458	0.101170772	0.0782162729	-0.0121972643	-0.0495965337	-0.0478728521	-0.0263748771	-0.1036362368	0.0567619871	0.0037820762	0.0071558935	-0.0486276479	-0.0011358713	-0.0893003321	0.0391859768	-0.0392031035	0.1115043415	0.0242503474	0.032486847	-0.0975680662	0.0078381679	-0.0165620735	0.026593529	0.0149803039	0.0165346678	-0.0136550245	-0.0587168641	0.022675798	0.0008677827	0.109060238	0.0064222874	-0.0807786019	-0.0704390038	-0.0275085593	0.0400932491	-0.091542458	-0.0665549363	0.0179963615	-0.1398772297	-0.0297225549	0.0194152015	-0.0156803819	-0.0713339466	0.0166930357	0.0359077877	-0.0317783667	-0.0117713586	0.1049658761	-0.019569578	-0.0416461797	0.0078048189	-0.0588468155	-0.0174416131	0.0100794655	-0.0122355466	-0.0233176077	0.0074922102	-0.099937682	0.0552641358	0.0081790128	-0.0182101523	-0.0310288731	-0.031093577	-0.0056827754	0.0495332497	0.0708769005	-0.0376272266	0.0579413898	0.0455052177	0.1071205146	0.067322861	-0.0635531085	-0.0202068235	-0.1318156382	-0.0298359512	0.0194775308	0.0081266899	-0.008255138	-0.0171204209	0.0162478661	-0.0276033533	-0.0356633079	-0.0642431047	-0.0617210931	0.0509959448	-0.0929151686	-0.0576128991	-0.0679971877	-0.0148459099	0.0606699189	-0.098850242	-0.0629611864	0.0259629025	0.079793207	0.022319233	-0.0321718884	-0.0417716054	0.0074434046	-0.0002443249	-0.0578444971	0.0185675336	-0.0516607493	0.0602687474	-0.0468082878	0.0399889926	-0.0553049691	-0.1468092414	0.0832279233	0.0031841981	0.0407063321	0.0832305407	0.0367018864	0.013414957	0.0026156003	0.0763581232	-0.0460791501	-0.087543265	0.0014516489	-0.020662619	0.0050050978	-0.0619445018	0.0290789743	0.0586849233	0.0037424863	-0.0756692838	0.0625870361	0.0692998254	-0.0912352503	-0.1079610267	-0.0202690675	-0.0767371819	-0.0369205382	-0.0234364996	-0.0519433835	-0.0680915412	-0.0171757837	-0.0217081344	-0.0393782265	-0.098849124	0.0275155893	-0.0950902179	0.0447916605	-0.0165947825	0.0405772988	-0.0972805852	0.0478375273	0.0576884977	0.1157443964	-0.1460075249	-0.0192694545	0.0774194422	-0.0029919463	-0.0814303861	0.008959769	0.0807737477	-0.0148794683	-0.0796832699	0.0207192494	0.0781648097	-0.0218557330282891	-0.041989830787429	0.0004776730662038	0.0017631458895569	-0.0165327576524134	-0.0274493008774072	0.0007534641186584	0.0002733320755934	0.1224361399774309	0.0442905609226328	0.0019616537868414	0.014990608372573	-0.0067704114958132	-0.001486980545502	2.211111142701722e-06	4.5838471822639536e-05	0.0010675806050532	0.0005778982097359	1.1397283482857567e-06	3.339663408159584e-07	0.0016051300575133	-3.067773087889994e-05	9.41123171878211e-10	2.57644250153265e-06	0.0	0.0	0.0	0.0
1760.0389117617865	-1.6475164715470785	2.7143105240189347	3097736.9709156137	2448.118756612142	2.967571682400376	8.806481690184597	5993285.44647618	1948.6661813596545	1.2154375850504948	3797299.8863748177	1.4772885231533788	2076.7909653201323	1448.840652502216	1.102843	34.357826	0.1933071818202128	0.1027971520462115	0.0266612666	0.0372214292	0.031663387	-0.028719166	-0.1030305171	-0.0467019274	-0.0412939227	0.0721420076	0.0807165136	-0.0500378762	0.0029604332	0.0605347855	-0.1356929683	-0.0145817972	-0.0431719355	-0.0910278956	-0.043889789	0.0603128452	-0.0791707237	-0.0364903169	0.0236493157	0.0721775244	-0.052804659	0.0287885603	0.0186571577	-0.0126119092	0.0042096448	-0.0066759591	0.0438039577	0.0148112876	-0.0298620011	0.1016572355	-0.0831240862	0.021030999	-0.0386959352	-0.0599222663	0.0151230906	-0.0515654089	-0.0026852364	0.0775385157	0.0119809095	-0.0123044655	-0.032702346	-0.0803761055	0.039586788	0.0323663862	0.0044208947	-0.0067925347	-0.0920592949	-0.0067231035	0.043318459	-0.0778340249	0.0217544536	-0.0253120893	-0.066527142	-0.0565663401	-0.0702427402	-0.1094070555	-0.0083708688	0.0608398367	0.0104866707	0.0543108749	-0.0113242445	-0.045571846	0.0277922757	-0.0108032451	0.0570155951	0.0163584264	0.0028874702	0.0126611874	0.0542316393	0.0134934595	-0.0437591266	0.0029689642	0.0069208877	-0.0184786482	-0.0725278496	-0.0174812909	0.0182048865	0.0406949053	-0.0294741758	-0.1105766071	-0.0111257874	-0.0055338962	-0.039169831	0.0428261525	-0.0887189115	-0.0168852826	0.102316514	-0.068708109	0.0308726524	-0.0359931414	0.0125034788	-0.0027949167	0.0527971135	-0.0166445427	-0.0518651023	0.031176573	0.01140938	0.006061465	0.0085638261	-0.113689791	-0.0020359908	-0.0215038528	-0.0718661389	-0.0219260095	-0.0039216666	-0.0836420393	0.0580511149	0.0383881443	-0.0764704632	-0.0460143078	0.0371633474	0.0176321798	0.015717851	-0.0840831299	-0.0226536622	-0.0182270568	0.1151977003	0.0022438032	-0.0160461467	-0.0017686305	0.0311198428	0.0385518758	-0.0399460398	-0.0803633964	-0.0154719837	-0.0400320694	0.0646234053	-0.0489476866	0.0270638989	0.1439285533	0.0057251435	0.040370579	0.0429453449	-0.0276114939	-0.0542176955	-0.023730291	0.0329381076	-0.1273888092	0.0305775107	-0.0080496321	-0.0803779704	-0.0986615262	0.0005737231	0.0802784942	0.1200569902	-0.009898947	-0.0665986595	-0.0092321987	-0.0038462256	-0.081287294	0.0115045374	0.0802034182	-0.0190607341	-0.0784076511	0.0264477464	0.0759159322	-0.022995872832908	-0.0011401398046189	0.0005288101673472	1.299918774076426e-06	0.0265526355986338	0.0430853932510471	0.0018563511115973	0.0007050424572338	0.1734349927174676	0.0509988527400366	0.0026008829807999	0.030079696698908	-0.0082802078184393	-0.0015097963226261	2.279484935815295e-06	6.856184151654332e-05	0.0009668250542642	-0.000100755550789	9.347506855529734e-07	1.0151681014794764e-08	0.0012540260104382	-0.0003511040470751	1.2327405187251402e-07	1.572581234855549e-06	0.0	0.0	0.0	0.0
1764.541613125836	4.502701364049472	20.27431957381297	3113607.104452728	2434.109739232946	-14.00901737919594	196.25256793061385	5924890.222628681	1947.5676009443648	-1.098580415289689	3793019.5602481887	1.2068789288580657	2072.5614363734257	1448.0805662712164	1.058825	32.986481	0.1988472506356953	0.0860612835715294	-0.0204174328	-0.0148368697	0.0077511593	0.0380737612	-0.0373472968	0.0327878753	-0.0003877376	0.0312906289	0.0148012859	0.0753229077	-0.0069346253	-0.0442717174	-0.0314548636	-0.0105647899	-0.0561321974	0.0234314708	0.0412119948	-0.12634907	-0.0326261194	0.0244064399	0.0248827916	-0.0425812904	-0.0786052403	0.0239975306	-0.0037944718	-0.0205194976	-0.0502906691	-0.0566447115	-0.0240258588	-0.0528051872	-0.008420316	-0.0502944941	-0.1199561874	0.0345302634	-0.0928503984	0.0207613461	-0.0295888369	-0.0048822185	-0.0243329081	-0.0034644131	0.0142136601	-0.00132886	0.0039811807	0.0112510203	-0.0648702634	-0.0555763236	0.0370921628	-0.0414842662	-0.0575143098	-0.0803541801	0.0151650131	-0.1697685449	-0.0039823459	0.0237538639	-0.0833355485	-0.021381431	-0.0366963657	0.0212550699	-0.0305937563	-0.0006291912	0.0344869871	0.0004600044	-0.0600971983	-0.029092123	-0.0388772147	0.047340381	-0.07035612	0.0030192573	-0.0492764463	-0.0289310883	-0.0075315631	0.0299698302	-0.009630623	0.051571782	-0.0628362466	-0.0293159727	0.0194794769	0.0185584748	0.0529049252	0.0008500724	0.0013270475	0.0009291575	-0.0651907293	0.1331925858	0.0002108729	-0.0025182684	-0.0044039301	-0.053822178	0.0655607484	-0.0119524115	0.0903299798	-0.0395726014	-0.0076029666	-0.0454673547	-0.1213199114	-0.0122172786	0.0114968549	0.1022032864	0.0273865031	-0.0643839376	-0.0229293125	-0.0044150245	0.0332318976	0.0539013383	-0.0001313658	-0.0841007097	-0.0670704342	0.0691844933	-0.0155387797	0.140073562	0.0088525035	-0.0176869949	0.0507569063	-0.066950169	0.047574944	0.0514159141	-0.0149736036	-0.0141725315	-0.021435384	0.0190761942	-0.0883770719	0.0280650068	0.0904230544	0.0041752581	-0.034201371	-0.0842012969	0.0023248848	-0.0045956189	0.0498585035	-0.0541451539	-0.0889447685	-0.0039931519	-0.0522513305	-0.0346943523	0.0757250566	-0.0011487352	0.0280430145	0.0093587046	0.0014847106	-0.0163717398	-0.0615999022	0.0478469132	-0.038475755	-0.0658769425	-0.022032436	-0.005888324	0.058376897	-0.0556218661	0.0301921101	-0.0888915424	-0.0047000831	-0.0811085467	0.0140379523	0.0794923845	-0.0231897558	-0.0768225931	0.0320341914	0.073134559	0.0018252329937809	0.0248211058266889	3.331475481586387e-06	0.0006160872944596	-0.0078569308171978	-0.0344095664158316	0.0011840182609255	6.17313618662325e-05	0.2254524548773275	0.0520174621598599	0.0027058163695524	0.0508288094102134	-0.008952247391656	-0.0006720395732166	4.516371879692831e-07	8.014273336141164e-05	0.0001676343024616	-0.0007991907518026	2.8101259361787195e-08	6.387058577668051e-07	0.0015347780100852	0.0002807519996469	7.882168530578899e-08	2.355543540241086e-06	0.0	0.0	0.0	0.0
1767.1646990070371	2.623085881201177	6.880579540156957	3122871.073416632	2431.0881520024054	-3.021587230540717	9.129989391766722	5910189.60280647	1947.3385330603617	-0.2290678840031432	3792127.3623416815	0.0524720954816775	2068.90191512278	1400.004811898797	1.140452	35.529476	0.1502190900987735	0.076837767579199	0.0734273437	0.0319132449	-0.1094565706	0.0931718142	-0.0197821363	0.0602360952	0.0875046159	0.0091421484	-0.0541911422	-0.0274469105	-0.0268968965	0.0091948364	-0.0052535704	0.0181174402	0.0843071394	0.0027453089	0.0121000882	-0.0165797838	-0.0271603371	-0.0580872396	0.0133796854	0.0387146399	-0.0129294003	0.0090530408	-0.028249087	0.0020407502	-0.0236355684	0.0055705585	0.0157727409	-0.0063728274	-0.0110927825	-0.0786241729	-0.0006113356	0.0620303916	-0.0515919898	0.0526886906	-0.0744712543	-0.01403629	0.0511257854	-0.0740160147	0.0256986829	0.1084218235	0.0758922559	0.0177156646	-0.0050557974	-0.0052591772	0.1224950873	-0.0388444784	0.0507620548	-0.0604491397	-0.0202618433	0.0051375875	0.030040175	-0.0198418786	0.0487758552	-0.0308130492	0.0506853582	0.0270638619	-0.0215673728	-0.0335973019	-0.021426224	-0.0051198904	-0.0125598231	-0.0430805985	-0.0431081486	-0.0288564002	-0.0141209288	-0.0478859698	0.0058796387	0.026533878	-0.0513230139	-0.0158200831	0.0347726438	0.0405957966	-0.0166054962	-0.0225088746	-0.0981492082	0.0474867853	-0.0492489979	-0.0003367244	0.0482413348	-0.0709899109	0.018078815	0.0491534804	-0.0486101101	-0.0852634274	0.0489102399	0.020408066	0.047141283	-0.0023455	0.0007354856	-0.0594859291	-0.0232061844	-0.1114619814	-0.084253918	-0.0001872562	0.0389163205	0.0800795814	0.0260430633	-0.001101313	-0.0125705183	0.0991103359	0.1001296646	-0.0218230786	0.002183423	0.0530089686	-0.0224662322	-0.0182600448	-0.0182472849	0.0196106869	0.098721649	0.0677600649	-0.0233152141	0.0282245845	0.0721075935	0.0098968843	0.0166308513	0.0908384079	-0.0248007778	0.0663610465	-0.0099693063	0.0520423315	0.0119133614	0.046220162	0.0542782543	-0.0352247156	-0.0422929658	-0.0650967795	0.0608636251	-0.085852591	-0.0508579723	0.0847658987	0.0475591771	0.0658657362	-0.0561148184	-0.0715819303	0.0421639435	-0.0049455841	0.0880415035	0.0318297078	-0.0844858712	0.0205260412	-0.0557185738	-0.0317033744	-0.0258248685	0.0521408269	0.0597799489	0.0153353097	0.1129156436	0.0170495951	-0.0055534252	-0.0808942224	0.0165575133	0.0786418943	-0.0272552159	-0.0749343514	0.0374485793	0.0698401994	-0.0045221084633197	-0.0063473414571006	2.044946495402766e-05	4.028874357302797e-05	-0.0010016598781703	0.0068552709390275	4.699473964747499e-05	1.00332251153614e-06	0.182839650575552	-0.0426128043017755	0.0018158510904614	0.0334303378225899	-0.0087840998220651	0.0001681475695908	2.8273605159326284e-08	7.716040968400413e-05	0.0007171334201976	0.000549499117736	5.142803423643075e-07	3.0194928039264245e-07	0.0027052047907757	0.0011704267806905	1.3698988489575276e-06	7.318132960035798e-06	0.0	0.0	0.0	0.0
1765.3924589418489	-1.7722400651882708	3.1408348486585265	3116610.534088748	2458.5338301482025	27.445678145797046	753.2652488826816	6044388.59398319	1946.850038044931	-0.4884950154307717	3790225.070635549	0.2386273801007098	2074.592282765839	1489.4508334197828	1.16084	36.164661	0.1931706812060084	0.1207218765588483	-0.0003603109	0.0477885568	-0.017347982	-0.1070930005	0.0006257167	0.0781802855	0.0107954068	-0.0499321265	-0.0176295469	-0.079251332	-0.0225994669	0.0160873601	0.0384764847	-0.054347555	0.0608607202	-0.0044450076	-0.0350645896	-0.024242502	-0.0101131277	-0.0203036212	0.0006054737	0.0340698032	-0.0212282604	0.021289092	-0.0233521644	-0.026702943	0.0598978205	0.0065229936	0.0046506485	0.0351027282	0.0696794817	0.0472383183	-0.0489625676	0.0272373291	0.0224130979	0.0609207515	-0.0006983841	-0.0116707484	-0.0317523216	-0.0128555977	0.0090928638	0.0250670601	0.0396436452	-0.048261326	-0.0350718345	-0.0076724409	0.0138722525	-0.0703903339	-0.0445136996	-0.0050406341	-0.0684806555	0.0810366942	0.0587449965	0.0617686998	0.0695033385	0.0037422324	-0.0564820099	-0.0630873603	-0.02532509	-0.0118823412	-0.0163247231	-0.0267678122	-0.0010812617	0.052111123	0.0262054303	-0.0114981328	0.034614878	0.0639066724	-0.0003515486	-0.0303260473	0.0413329061	0.0021360284	0.0199032868	-0.0027332042	0.033153032	-0.0256402097	-0.0391102224	-0.0178154963	0.0190051395	-0.0082343808	0.0244544833	-0.0249823423	0.1204926508	-0.0189295502	-0.0406281718	-0.017418272	-0.0036763413	-0.0022580855	0.0416582998	-0.0125608575	-0.02792371	-0.0193981848	-0.0644911048	-0.0548140713	0.0186469359	0.0543572385	0.0066169314	0.0386882719	0.0271467766	-0.0435874258	0.0315909011	0.0023053442	-0.0416255155	-0.0475805715	0.0158196617	-0.0022023493	0.0384816033	-0.0608134916	0.0987341611	-0.0297068055	-0.0091085686	-0.0823417348	-0.0100016392	-0.0465197587	-0.0250135351	-0.0960706988	0.007563228	0.0131432682	0.0209641004	0.0199491067	0.0061777264	0.053062522	-0.0440755944	-0.0520458205	-0.0075293907	-0.0316332878	0.0312232183	0.004791307	0.0801542799	-0.0687413894	0.0369094161	0.0605237428	-0.0377124737	0.0557205641	-0.0084102566	-0.0090708561	-0.0333893996	-0.0002958105	0.1393159045	-0.0607306675	-0.0172955798	-0.0018747213	-0.0232973575	0.03376544	0.0580817763	0.0358703545	0.0585371791	0.0339830031	-0.0527885586	0.0245908377	-0.0064061583	-0.0806444153	0.0190607341	0.0776534394	-0.0312459714	-0.0727503781	0.0426618292	0.066055961	0.0137508395493313	0.018272948012651	0.0001890855883114	0.000333900629073	0.0123769953296317	0.013378655207802	0.0001789884151692	0.0001531900133897	0.2931152933876575	0.1102756428121055	0.012160717397623	0.0859165752177325	-0.0089841319642784	-0.0002000321422132	4.0012857918441656e-08	8.071462715156885e-05	0.0009445534080569	0.0002274199878592	8.921811406719046e-07	5.1719850877924154e-08	0.0021077882173793	-0.0005974165733963	3.569065621686959e-07	4.442771169323008e-06	0.0	0.0	0.0	0.0
1762.8695578395989	-2.522901102249989	6.365029971734209	3107709.0779575827	2462.640983864113	4.107153715910499	16.868711646117422	6064600.615407206	1941.197179055696	-5.652858989234801	3768246.487973793	31.95481475217269	2073.862851082293	1474.184374435813	1.070555	33.351917	0.324764597141945	0.1650679464656664	-0.0910818839	-0.0180195008	-0.0114188802	-0.0516790948	0.0024364828	0.0874568301	-0.0429581872	-0.1555648228	0.0900970948	-0.0436260739	0.0045433394	0.0631481083	0.0522814296	0.0019224012	0.0553561717	0.0328022955	0.1414189953	-0.0525177579	0.0844285092	-0.0641481229	0.0114962875	-0.0537873343	-0.0341104721	0.0150596257	0.0455243261	-0.1124125224	0.0478042895	0.0009290633	0.0301217107	0.0433397853	-0.0678300594	-0.0101682545	-0.051002291	-0.0664848545	-0.0876981811	-0.0011159804	-0.0456475474	0.0882571344	-0.0402248882	-0.0308545078	0.0777556143	-0.0252625805	0.0051885998	-0.0288919323	-0.1106766265	0.0461350354	0.0320776278	-0.0371034901	-0.0092927622	-0.0182804614	-0.0679217623	0.1305075742	-0.0302224179	0.0452272859	0.0552146787	-0.0902523783	-0.0352434926	-0.0529097348	0.035655166	0.0027128587	-0.0477487763	-0.0031803419	0.0705751244	-0.0615930688	0.0726078733	-0.0395821834	0.1030862083	0.0637520713	-0.0818351371	0.1254501539	-0.0151949826	0.0314028611	0.0595531818	-0.0185577563	0.1008975036	-0.0409743814	0.0543851581	-0.1219649468	0.0682451582	0.0098095376	-0.1269696691	0.0432450061	0.0179269295	0.0416502902	-0.0922287894	-0.0420221789	0.0806306599	0.045746114	-0.0011063905	-0.071186746	-0.0679451729	-0.0630605262	-0.0716785667	-0.015560975	-0.0190339017	0.049334817	0.0062204727	0.0258218965	-0.0451568974	-0.0435668146	0.0615035702	0.0636480237	-0.0026846605	-0.0871509364	-0.0012116494	-0.0278025224	-0.0249576115	-0.0439088921	0.0119626026	0.0070932066	-0.0564145294	0.0589703783	0.060269106	0.004728158	0.0145088395	-0.03624387	-0.0581488962	-0.0418931698	0.0081074155	0.0884704655	-0.0127011905	-0.0174095448	-0.1199279176	-0.0020926444	-0.0278801592	-0.0165538542	0.1100381121	0.0863339972	0.0700234346	-0.0462409296	-0.047895309	-0.0450677298	-0.03020919	-0.0046465163	0.0294187936	0.0248853769	-0.0790999656	2.98983e-05	0.068077903	-0.0742103438	-0.0532050106	0.0558605684	-0.0482606715	-0.0251063228	0.1048878139	0.0220036767	0.0031416019	0.0141629103	-0.1290702511	0.0111686607	-0.0072581889	-0.0803592349	0.0215451443	0.076528754	-0.0351510839	-0.0702792922	0.0476459404	0.0618083875	0.0274532136701992	0.0137023741208678	0.0007536789408216	0.0001877550565482	-0.0501673138604132	-0.0625443091900449	0.0039117906120599	0.0025167593799692	0.4421098184192047	0.1489945250315472	0.0221993684893763	0.1954610915426621	-0.0093344994726478	-0.0003503675083694	1.2275739092098237e-07	8.713288040486207e-05	-0.0001819452941711	-0.001126498702228	3.3104090071008114e-08	1.2689993261213683e-06	0.001594186651987	-0.0005136015653923	2.6378656797342106e-07	2.5414310813735203e-06	0.0	0.0	0.0	0.0
1761.7054293638798	-1.164128475719053	1.3551951079799665	3103606.019850172	2452.540413185402	-10.100570678710938	102.02152803563511	6014954.478307623	1943.2347140631075	2.0375350074114067	3776161.153939927	4.151548906427001	2073.633004051587	1449.8318588206198	1.085957	33.831772	0.2290621500618211	0.1132227450126751	0.0034789263	-0.0144006547	0.0087381832	0.0763466974	0.0260378335	0.0689570809	-0.0219986094	-0.0583176698	-0.0627357151	0.033563263	0.0174487298	-0.0057022649	0.0125040645	-0.0473353916	-0.0286413094	-0.1092429732	-0.0289299175	-0.079781848	-0.01628154	0.0244491148	-0.0167314171	-0.0716576549	-0.0350590291	0.0330092299	0.0007395876	0.0496848741	0.0171555696	-0.0567289501	0.0382711775	0.1327054002	0.0310258984	0.0544589926	0.0195994211	-0.0255260998	-0.035147089	0.0697668996	-0.0342383164	-0.0015168793	-0.0066046433	-0.0369818523	-0.0300392605	-0.1128305225	-0.0074983361	0.0099483507	-0.0443748619	-0.0001305711	-0.0080430818	0.0211457305	-0.1037975188	-0.0594677772	-0.087739912	0.0421297841	-0.0101269829	-0.0253517148	0.0135019636	-0.0128770883	-0.0029075073	0.0627285118	0.0962253248	-0.0262543238	0.0365442444	0.1058549617	0.05521845	-0.0184791705	-0.0695283997	0.018537797	0.0158074137	-0.0391785224	-0.0022400342	0.0546009004	0.0659344358	0.0735233671	-0.0296677196	0.0239614414	0.0024240439	-0.0361917488	0.0184780004	-0.0032429821	0.0851455577	-0.0427814885	0.0548017013	0.0888326674	0.0653435692	0.055635582	0.0353522331	0.0326380921	-0.0004961959	-0.0115088822	-0.0184137055	-0.0118732822	-0.044575836	-0.1210612645	0.0124614944	-0.0832759208	0.0403345888	-0.0638860152	0.051583497	-0.0853045354	-0.1451641868	-0.060519263	-0.0080029124	-0.0197108893	-0.0519254419	0.0429311173	-0.0388038934	0.0197433816	-0.0044027975	0.0244091241	0.0159228297	-0.011051284	0.000123589	-0.0012873543	0.0235124818	0.0549810449	0.0110098039	0.0542655705	0.0370636213	-0.0668213121	-0.0094150995	0.0726298828	-0.0758835185	0.0533111935	-0.0321178389	0.0274739653	-0.0166527585	0.0465304218	0.02456262	0.0309521344	0.0993574492	-0.0502401314	-0.0462410348	-0.0100545015	0.0486354202	0.0014259847	0.0721520469	0.0334160279	0.0191301495	0.0247386241	0.0564583423	-0.0026883142	0.0103895523	0.005046683	-0.0114201957	0.0405046891	0.0174287315	0.0715526191	-0.0034127364	0.0149221	0.0101711248	-0.0174892275	-0.0081094236	-0.0800388062	0.024008292	0.0752698111	-0.0389598496	-0.0675308461	0.0523741431	0.0571272725	-0.0008805972520775	-0.0283338109222767	7.754515203664442e-07	0.0008028048413793	-0.0138882537451792	0.036279060115234	0.0013161702028447	0.0001928835920904	0.3468923562554593	-0.0952174621637454	0.0090663651009042	0.1203343068284644	-0.0098231161952955	-0.0004886167226476	2.387463016509788e-07	9.649361178627672e-05	-0.0005131172533678	-0.0003311719591967	2.632893157037151e-07	1.0967486655818077e-07	0.0021590343073539	0.0005648476553668	3.190528737734841e-07	4.661429140331134e-06	0.0	0.0	0.0	0.0
1757.1735353035544	-4.531894060325385	20.538063774012503	3087658.833171192	2456.223560191967	3.6831470065649223	13.565571871968151	6033034.177642101	1940.4535572769853	-2.78115678612221	3765360.0079489066	7.734833068993621	2069.712050369037	1498.4948523972942	1.172382	36.524231	0.6455382908966802	0.2777589921107998	-0.0370620404	-0.0430330542	0.0809694703	-0.021473951	-0.0110225601	0.1341388761	-0.0172198521	-0.1039389875	-0.0248792168	0.0040601164	0.0312408387	0.136881938	0.1360427651	-0.038634048	-0.1353373188	-0.0351635727	-0.1021409541	0.1001437246	0.0135762524	-0.0352451299	-0.0122420292	-0.0766730206	-0.0065802149	0.0206491051	-0.0106706483	-0.0202257465	-0.0229227128	0.0144979068	-0.0509069822	-0.0171279657	-0.0589025739	0.0589085938	-0.0409106211	-0.1236897539	0.0495613565	-0.0242319678	-0.0024085303	0.0639418676	0.017126059	0.0185836549	-0.1221912274	0.0342788217	0.0526150458	-0.1268288936	0.0550462521	-0.0347189138	-0.0817327926	0.0219317459	-0.0956772999	0.0161837411	-0.0448089555	0.0135590577	-0.0573569258	0.0006624768	-0.0498368151	0.0037652951	0.0404739975	-0.0110612472	-0.0347161813	-0.0952825188	-0.0976653202	0.0085237265	-0.0032214	-0.0107825878	0.0523115747	-0.0067429932	0.0360795856	-0.1176586202	0.0488766913	0.0620119852	-0.0357577731	0.0597157905	0.0206176829	0.0523133991	0.0647203321	-0.065905184	0.0589074019	-0.0470848035	0.0713977557	-0.0097332441	-0.0381207741	0.1222069415	0.0705150096	0.0346553319	0.1271111812	0.0164598262	0.1164453491	-0.0634457384	0.0023067366	0.085966851	0.0899889788	0.0172367817	0.0133016189	-0.0334943489	-0.0424140278	0.0342360209	-0.0564511337	-0.0005281421	-0.0041116939	-0.0086699855	0.032366209	-0.077534286	0.0376701117	-0.0452516951	-0.0782411728	0.0743170447	-0.0429305482	-0.0981216754	0.0030202435	-0.0558431952	-0.0481866455	-0.0388912698	0.0010077405	-0.009060044	0.0277091771	-0.0441886843	0.0129524624	0.0519069291	-0.063897513	-0.0929326987	0.0615276227	0.0935532756	0.0078951062	0.0448966069	0.0495684211	-0.0442038389	0.0248059719	0.1329007201	0.2475270992	0.0904466504	0.0038815126	-0.0771343056	0.0697657949	-0.033926545	0.1769951917	-0.0140783729	-0.1053276298	0.0721920678	0.1608467181	0.0481348691	0.1732656516	0.0334630521	0.0492665168	0.0093069817	-0.0243186499	0.0903998749	-0.1008207701	0.0334981289	0.0023809534	0.1207489694	-0.008959769	-0.0796832699	0.0264477464	0.0738788195	-0.0426618292	-0.0645158866	0.0568210419	0.0520454508	-0.085401786218128	-0.0845211889660505	0.0072934650892468	0.0071438313842348	-0.0763537358720327	-0.0624654821268535	0.0039019364573402	0.0058298929816161	0.4919543333781604	0.1450619771227011	0.021042977206747	0.2420190661295502	-0.013371659965664	-0.0035485437703684	1.2592162890221086e-05	0.0001788012902373	-0.0021152008000882	-0.0016020835467203	4.474074424693761e-06	2.566671690672216e-06	0.0002398687708213	-0.0019191655365325	3.683196356614462e-06	5.7537027215321353e-08	0.0	0.0	1.0	0.0
1753.041199024875	-4.132336278679532	17.076203120090998	3073153.445478571	2455.783348366066	-0.4402118259008603	0.1937864516629693	6030871.854112047	1938.0804261108208	-2.3731311661645123	3756155.738073901	5.631751531821338	2070.2962472781187	1454.8181584999625	0.993743	30.958923	0.2669036897229274	0.1418261456710079	0.0232202158	-0.0182512886	-0.0018133569	0.0203990775	0.042384504	0.0849793692	-0.0501402886	-0.0160810177	-0.097122618	-0.0145543643	0.0639155624	0.06819717	0.0892921027	-0.0243269195	-0.1339121218	-0.0427653914	-0.026179947	-0.0265521974	-0.0318086111	-0.0072455237	-0.0510230856	-0.085096771	0.0275363865	0.0089659707	0.0045593216	-0.0230004175	0.069837689	0.0396467495	-0.1222263682	-0.0315515507	-0.0825980446	0.0564567799	-0.0215171484	-0.0296535691	0.0001221742	0.0171107978	0.0935769139	0.0576684477	0.0368933505	0.0005203513	-0.054412077	-0.048922872	0.099863345	0.0231940215	0.0597506097	0.0230765886	-0.089673925	0.0021243982	-0.058876541	-0.0659690394	0.0548348043	-0.0961515393	-0.069589874	-0.0764146482	0.0514314266	0.0403368363	0.0843284163	0.0637344291	-0.0170641128	-0.0238371795	0.0691514206	0.0596573891	-0.0620767987	0.0527943721	0.126416608	-0.0239194095	-0.028953644	0.039299862	-0.0163653657	0.0264197083	-0.0556185091	-0.0016566863	-0.0598861916	0.0186303813	0.0332932468	-0.0570436366	0.0473460753	0.0387186235	0.0360196008	-0.0534086904	-0.0059941576	0.1399580054	0.0985973537	0.0189014742	0.0210292815	0.032745991	0.0632768615	-0.0513386108	-0.0299495864	-0.0163451261	0.088889353	-0.0265572469	0.0253333292	0.0167478703	-0.0833800755	0.0119801339	-0.0663951162	-0.1382808831	-0.0744304386	-0.0267231204	0.0341220572	0.0221322166	0.0272503009	-0.0324385841	-0.1210816033	0.0907991904	-0.0229409604	-0.015387445	-0.0151527301	-0.0219040494	-0.0559661347	-0.0605238604	0.0666081442	0.0592880182	-0.0246902633	0.0146411248	-0.0022699579	0.0601879862	-0.0168520419	-0.0143470236	0.2044904203	-0.0993855783	0.101896999	-0.0972931296	4.19438e-05	-0.0160584005	-0.0362680401	0.064375148	0.2001356304	0.1077343003	0.0197277456	-0.0120044229	0.0911616105	-0.081156789	0.1436449561	-0.0430332299	-0.0798507198	0.1074527509	0.1271190952	0.129118761	0.0954073917	0.0458714637	0.0527326815	0.0045163517	-0.0212640298	0.0753545516	-0.0660016906	0.0052352275	0.0557397195	0.059195951	-0.0098091318	-0.0792927819	0.0288611001	0.0723582192	-0.0462468756	-0.0612463124	0.0609627523	0.0465985677	-0.117546288133667	-0.032144501915539	0.013817129854003	0.001033269003398	-0.0242247555246137	0.052128980347419	0.0027174305920615	0.0005868387802273	0.383471923294806	-0.1084824100833544	0.011768433297493	0.1470507159554175	-0.0126514299028681	0.0007202300627958	5.187313433549849e-07	0.0001600586785871	-0.0028105582718243	-0.0006953574717361	7.899237799319995e-06	4.835220134992211e-07	0.0003072371838216	6.73684130003e-05	4.5385030701789905e-09	9.439468712262764e-08	0.0	0.0	0.0	0.0
1753.0858193654071	0.0446203405322194	0.0019909747892112	3073309.8900600807	2436.812793307834	-18.97055505823209	359.8819592174153	5938056.589628728	1939.92597470202	1.845548591199304	3763312.7873235834	3.4060496024777347	2071.7942352958926	1444.662322183626	0.880486	27.430548	0.0663785988676471	0.0398187188450521	-0.0223524258	-0.0363443133	-0.017957496	-0.0088173634	-0.0205235443	0.0461746121	0.004613706	0.0530476497	0.0284942336	0.0063076695	0.0100978429	0.0745587763	0.1195404717	0.0375916728	-0.0798354578	0.0081930415	-0.0472571103	0.0450031741	0.0023913677	-0.0514220211	-0.0232558668	-0.0562691916	0.0418657565	0.0373018425	-0.0332057982	-0.0305136049	0.0493967232	0.026240546	-0.0738486224	0.0412099292	0.0526543452	-0.0026193306	-0.0529014511	-0.0651868985	-0.0006806557	-0.0547569699	0.0053014222	0.1160782867	0.0408109673	-0.0191155426	-0.0246027751	-0.0131464637	0.0155574183	-0.0453575573	0.0631016302	0.0983215807	-0.0584765941	0.0809153958	-0.0224336718	0.0259031832	0.0390871852	-0.0141263652	0.0522817557	-0.0052117802	0.0208834755	0.0446402591	0.00545634	0.0375028807	0.050490313	-0.0039688611	-0.0557192352	-0.0069570421	-0.0001565405	0.0273523533	0.0767966057	0.0189688574	0.0370622086	0.0007578331	-0.0027910996	-0.0454318124	-0.0442851644	0.0274574176	-0.0321493649	-0.0411971213	0.0197194286	-0.0637760857	0.0243743747	0.0515365247	0.0125847771	-0.089231001	-0.0564643141	0.0706291501	0.0297941025	-0.0222569326	0.0340027202	-0.022206211	0.0325476811	-0.0206925991	0.0525052923	0.0796478253	0.0188874143	-0.002371687	-0.0571801166	0.0182562745	-0.018675151	0.0678086555	-0.0957233525	-0.0907526971	-0.0133227674	0.0571299612	0.0147653439	-0.0634217294	0.0868485283	-0.0750832059	-0.011481068	-0.0066736806	-0.044680227	-0.0742761643	-0.0055633284	-0.0124494423	-0.0158799988	0.0565164563	0.0216766066	-0.091796448	0.016696924	-0.0297258088	0.0075869743	0.0272412126	0.0191695711	-0.0189945142	0.0994281648	-0.0458606851	0.0641739219	-0.0400220441	-0.008909022	0.0235128266	-0.0015287186	0.0882125434	0.2161242765	0.1171483134	0.0391328694	0.0206632183	0.0686660155	-0.0771891954	0.150701446	-0.0437275456	-0.1132963419	0.0658016643	0.101796906	0.0565770472	0.0917056582	0.0962195355	0.0233272291	-0.0568538949	0.0104068338	0.0812731845	-0.074561339	0.0367334531	-0.0073499862	0.0203892336	-0.010657419	-0.0788675135	0.0312459714	0.0707106781	-0.0497051625	-0.0577350269	0.064777029	0.040824829	-0.1173617073369825	0.0001845807966845	0.0137737703490515	3.4070070504689774e-08	-0.0584541156043485	-0.0342293600797348	0.0011716490914681	0.0034168836310865	0.3832511015221982	-0.0002208217726077	4.876225525764794e-08	0.1468814068179783	-0.0124172152351872	0.0002342146676809	5.4856510556874475e-08	0.0001541872341969	-0.0025876153524377	0.0002229429193866	6.6957532121712815e-06	4.9703545304620084e-08	0.0004849563211265	0.0001777191373049	3.1584091764397895e-08	2.3518263340054898e-07	0.0	0.0	0.0	0.0
1755.7702931091403	2.6844737437331787	7.206399280792828	3082729.3221645565	2418.211134168837	-18.601659138997093	346.02172272343404	5847745.089418133	1941.1384188116613	1.2124441096411829	3768018.360986637	1.4700207190036008	2065.9222414234187	1401.1117539553516	1.171864	36.508087	0.4133113214852093	0.2179817801101249	0.07100877	0.0012352614	-0.0429877859	0.0879712493	-0.1290825525	-0.0221328204	-0.0098829461	0.0508857503	-0.0734238073	0.1134382386	0.006933539	0.020614415	-0.0967949812	-0.0070734073	0.0252295001	0.0496055112	-0.0323594601	-0.027812427	-0.0285903495	0.023157571	-0.0542558691	-0.0478935164	0.0191157004	-0.0422375592	0.0137202102	0.1004253357	-0.0932737144	-0.0167140345	0.0705698798	-0.0621292105	-0.0556950972	0.0499847755	-0.0288353778	-0.0540518472	0.0065703716	-0.0010124426	-0.0393900552	0.0171694008	0.0193081357	-0.0110594894	0.0137581989	-0.0036281624	0.0057309155	0.0439914318	0.025191715	0.0394777467	0.0126036662	-0.0424645262	-0.0558628933	0.0408791812	-0.0173083021	-0.1260030858	-0.0052253937	0.0524677834	0.047039183	-0.015327851	0.0016873575	-0.0580335772	0.0345582281	-0.0148893413	0.0438899742	-0.1150019355	-0.1626287297	-0.0932275613	-0.0332607018	-0.0597021032	-0.0237342409	-0.0325150647	-0.0659944002	0.0152633036	-0.0755077106	0.0881122105	-0.0309359225	0.0855753059	-0.0227635144	0.0417070007	0.0502126038	0.0345657236	-0.0224345171	0.0375485771	-0.0505121205	-0.0372994295	-0.0127042646	0.0388404699	0.1459443656	0.0631129019	0.1004974289	0.0356595001	0.1044450673	-0.0147675617	0.0307727243	0.0041589184	0.0499394192	-0.0545299822	-0.0526264803	-0.0148452274	-0.1045594665	0.0095388659	0.004069164	-0.0359093466	-0.0448682685	0.0447503855	0.007625757	0.045930828	-0.0086443606	-0.05459531	0.0261140945	-0.0378692631	0.0219110054	0.0119472235	0.0032013189	0.0237795545	0.0975585995	0.0086787016	-0.0828747117	-0.0151367452	0.092005888	-0.0270859588	0.0767579867	-0.0247444861	-0.0227459585	-0.083514177	0.0429441635	-0.0276671756	0.033452162	0.011322741	-0.100595034	-0.0304542631	0.0970973817	0.0564967686	-0.0297145151	0.0287763644	0.1274497065	-0.0431357204	0.0757873385	-0.0524678556	-0.0687277699	0.0657820481	-0.0616802228	0.1338615288	0.0376681286	0.0541991294	-0.001175479	-0.041550433	-0.0499096915	-0.010628448	-0.0270607125	-0.0150754947	0.1713628512	-0.0615224518	-0.0115045374	-0.0784076511	0.0336000067	0.0689390864	-0.0530272111	-0.0539958877	0.0682433853	0.0347647336	-0.0789363859299641	0.0384253214070183	0.0062309530236842	0.0014765053252326	0.0109712097554819	0.0694253253598304	0.0048198758013183	0.0001203674434987	0.2087021493857577	-0.1745489521364405	0.0304673366919293	0.0435565871582351	-0.0104952332483791	0.0019219819868081	3.694014757614812e-06	0.0001101499209378	-0.0022630560957279	0.0003245592567098	5.121422892411205e-06	1.0533871111601785e-07	0.000856649529247	0.0003716932081205	1.3815584096290934e-07	7.338484159591067e-07	0.0	0.0	0.0	0.0
1764.3303886395754	8.560095530435092	73.27523549017484	3112861.720277075	2460.469696044922	42.25856187608497	1785.786051834902	6053911.12515539	1949.947764537568	8.809345725906724	3802296.284425059	77.60457211855106	2082.990659708765	1452.045798356554	1.330546	41.451653	0.4139172587104265	0.2214239443522781	-0.0030974736	0.0134617794	-0.0267994038	-0.0451454614	0.0510290543	0.0409493012	0.0433809755	0.03680897	0.0276885027	-0.1449626612	0.0616897512	0.0324915658	-0.0312185922	0.0920547836	-0.0629700055	0.0255033586	0.0884595632	0.0092332463	0.0704534992	-0.0208462624	0.0653089479	0.0998082705	-0.0353225676	-0.137795435	-0.0561711634	-0.0762549703	-0.1520970346	0.0428026624	0.0324049926	-0.025180566	-0.019497202	0.0227830586	-0.1007731259	0.0687897395	0.0846817767	0.0039348638	0.0567422644	0.0849535695	0.0461216152	-0.0586592434	-0.0749352949	-0.0391868713	0.0391684932	-0.0909515242	0.007252851	0.0831749517	0.038107573	0.0180752216	-0.0290813517	-0.0173737603	-0.0286595233	-0.0103925	0.0240121021	-0.052515843	0.0651480536	-0.0435571774	0.0097528799	-0.016703026	-0.0755654546	0.0003921357	-0.0686962423	0.0269112187	0.0734751002	0.0517499289	-0.0217631717	0.0253908154	-0.0062459494	0.0481785532	0.0185329671	-0.0239873902	0.0568903796	-0.0528469099	0.0121085207	-0.1669365641	0.0207957638	0.0686125528	-0.0757732286	-0.0688749821	-0.0606368993	0.1789767657	-0.0300012556	-0.0623886159	-0.0433506042	0.0271121653	-0.0335201825	0.1219167498	0.043035434	0.0544005698	0.0349307961	0.0417069474	0.0369944763	0.0045169582	-0.0829611915	0.0281048221	0.0146832278	0.0389329791	0.0293831026	-0.0056279681	-0.0170513062	-0.1289668566	0.0435187139	0.018043896	0.1352883894	-0.0002793996	0.0107444543	0.1025598592	-0.0123029182	-0.0392239296	0.0007106224	-0.0171140929	0.0584128987	-0.0382005002	0.0741982999	-0.0696203492	0.006817409	0.0518642134	-0.0347370261	0.083980115	0.0115329702	-0.003197964	-0.13228109	-0.0213650689	-0.0107851953	0.0446936528	-0.0053127014	-0.0248472607	0.0056797236	-0.0061508659	0.0011379401	-0.0159191447	0.0273522982	-0.0008594952	-0.0682936702	0.0813355332	-0.0240407273	-0.0745857709	0.0064092478	0.0973140575	-0.0357873884	-0.0533687712	0.0253739808	0.1750664268	-0.0710493361	0.0266425601	0.0616648614	-0.1004830416	0.0479294549	-0.0043112733	-0.0805664085	0.0166260957	-0.0123503943	-0.0779133966	0.0359208828	0.0670465522	-0.0562039158	-0.0500436514	0.0713432033	0.0284607885	0.0151866903725732	0.0941230763025373	0.0002306355644724	0.0088591534926532	0.0435871268319374	0.0326159170764554	0.0010637980467382	0.0018998376254633	0.2038201158409691	-0.0048820335447886	2.383425153244125e-05	0.041542639621426	-0.0068558493390688	0.0036393839093103	1.3245115239346724e-05	4.70026701600101e-05	-0.0012859818187469	0.0009770742769809	1.6537492381475847e-06	9.546741427379435e-07	0.0018861159786886	0.0010294664494416	1.0598011705258944e-06	3.557433485064456e-06	0.0	0.0	0.0	0.0
1766.7883498602216	2.457961220646212	6.041573362200614	3121541.073201805	2447.926025673195	-12.543670371726876	157.34366639453864	5992341.827168164	1944.909308782076	-5.038455755491896	3782672.219387173	25.38603640004941	2076.0708234104723	1443.4597614634354	1.008865	31.430056	0.1322620435020454	0.0649026351903367	-0.0009339376	-0.029331715	-0.0156503551	0.02384153	0.0271327751	0.0664269845	0.0228924171	-0.058196098	0.0944935296	-0.1247607698	0.0173753675	0.0849658436	0.0001738332	0.1221594655	0.0389979337	0.0330827915	0.1070036165	-0.1099413733	0.0758140097	-0.0583384475	0.0629101635	-0.0158730112	0.0193964112	0.0320213968	-0.0171046628	-0.101762993	-0.1716903879	-0.0078552952	0.0021692673	0.0836666722	-0.0140952657	-0.0456119696	0.0078026688	-0.0318649654	-0.0433637228	-0.0263985443	0.004802587	0.007199787	-0.1271885256	0.0156767152	-0.0649843563	0.0448289528	-0.0198042268	0.0828203223	0.0107035081	-0.0334716303	0.0268313138	-0.0391553151	0.0366243686	0.0812066134	-0.0855439568	0.0802379867	-0.0329228497	0.0194990813	0.0204763607	-0.0492982097	0.0335286607	0.0180017759	-0.0854513897	-0.0465229833	0.0708503018	-0.0238029608	-0.0094229543	0.0243352401	-0.0123100626	0.0968352827	0.0124324697	0.0831955076	0.0362695151	-0.0078511821	-0.1248352119	-0.0526892425	0.0393564937	-0.1219102743	0.0232682637	-0.0436460234	-0.0006348334	-0.1112058619	-0.0633537976	0.0552308317	-0.021984151	-0.1200585371	-0.0048920622	0.1355872983	-0.021030392	0.0928410142	0.1050423123	-0.0236504143	-0.1106182648	0.0739781414	-0.0423309163	-0.0514142116	-0.0253372486	-0.0051733107	0.0072175032	-0.037434822	0.0299538238	0.0936522259	0.0084926114	0.0395019066	-0.0170835263	0.0583430506	-0.0407176319	-0.0089927092	0.0834806042	0.0348510061	0.0180564124	0.0953811008	-0.0450485127	-0.1049884606	-0.0361428135	0.0856852367	-0.0101177127	0.0089544499	-0.0498971989	0.0665857525	0.0739505838	-0.0019756597	0.0232889856	0.0293959912	0.0616672008	0.1478992173	-0.0307003411	-0.0136875504	0.0509382372	0.009507035	-0.0075270332	0.004343233	0.0067715709	-0.0553003373	-0.1183137597	-0.0425367212	-0.0941777479	0.0265241966	-0.0162163238	-0.0956172026	-0.0043453673	0.0537788494	-0.0590742498	-0.0961570414	0.0094130632	0.1744261057	-0.0405103096	0.0170710606	0.0718947227	-0.0760511886	-0.0276978152	-0.0479796957	-0.0748700678	-0.0228709449	-0.0131948967	-0.0773849666	0.0382063093	0.0650363955	-0.0592265694	-0.0458939156	0.0740598336	0.0219572114	0.0228725560519933	0.0076858656794201	0.0005231538203515	5.90725312420878e-05	0.0016577147011247	-0.0419294121308127	0.0017580756016355	2.7480180303249534e-06	0.2438257717156418	0.0400056558746726	0.0016004525019627	0.0594510069527282	-0.0065622915846691	0.0002935577543996	8.61761551681944e-08	4.306367084221889e-05	-0.0008791975939488	0.000406784224798	7.72988409205359e-07	1.654734055445911e-07	0.0017336357615436	-0.000152480217145	2.325021662058638e-08	3.005492953702858e-06	0.0	0.0	0.0	0.0
1760.9454160142743	-5.8429338459473	34.13987592811651	3100928.7581816856	2463.6086066917137	15.682581018518704	245.94334740240316	6069367.366965487	1946.3665560756465	1.45724729357039	3788342.7706097728	2.1235696746182264	2082.570711911088	1432.8027897513743	1.207861	37.629532	0.1752217051401061	0.1196269711778648	0.1109173959	0.058256463	-0.0925131944	-0.0971549954	0.0274499222	0.0121139812	-0.0843088188	0.0398477264	-0.0047264375	-0.1199130253	-0.0281104951	-0.0640601593	-0.0325064491	-0.0305797836	0.1054539281	0.0279058298	0.0452914409	-0.0641153137	-0.0747328411	-0.0169817513	0.0330794301	0.0565633213	-0.0009867559	-0.0751943983	0.0082316926	-0.0907426034	-0.0182802113	0.0622240736	0.0934482655	-0.0132617247	0.0233791757	0.0535799235	0.0095822946	-0.0049674703	-0.0366995439	-0.0033842774	0.0987069077	-0.0771680794	-0.0451853049	-0.1292404445	-0.0034411045	-0.0246577583	0.0004254229	-0.0376130699	0.0078193414	-0.0437323735	0.0095059131	0.0634387635	0.0169984201	0.0225594615	0.0158857368	0.0323200303	0.0607507859	-0.0171379513	0.0155866782	-0.0102144117	-0.0179730435	0.0274632533	-0.0159568576	0.0824951725	-0.0462484206	-0.0448266598	0.0545230066	0.0580441976	0.0193221598	-0.0414510515	0.0298393955	-0.0314646394	-0.0022914857	-0.0282023019	-0.0011056573	-0.034552439	-0.1183788525	-0.1131190281	-0.0026672862	-0.0079973533	-0.0518303857	-0.0245480135	-0.0521887222	0.099241829	-0.0170165856	-0.0637862959	0.0758846395	0.0115457974	-0.0594100417	0.0205193461	0.0141096938	0.0297343079	0.0353724328	-0.0583402016	-0.0539717837	0.0600370229	-0.0109119173	0.0464292265	0.0219391009	0.0143590473	-0.029046862	0.0306500573	-0.1022362344	0.0177742053	0.0001590977	0.0098466797	-0.0468905666	0.072883744	-0.0215397237	0.0596711602	0.0384080831	0.0837246384	0.0170094763	0.0286912812	0.0281974873	0.0480519527	-0.0344631582	-0.0447437553	0.1044456204	0.0356201917	-0.0352545879	-0.0114309785	-0.0543068578	-0.0460929878	0.0162789397	0.0124145832	-0.0258874094	-0.0399923549	-0.0021397319	0.0319460332	-0.0824419858	-0.0670846712	0.0035680067	-0.0461813736	0.0600107119	0.0116771269	-0.1021189641	0.002198758	-0.0674738549	-0.124185936	0.016704596	0.0552185021	-0.0149239421	-0.0558924357	0.0503654452	0.0620054742	-0.035883033	0.0989145973	0.0575595727	-0.053663778	0.0310989128	0.0475267215	0.0261839485	0.0160091598	-0.0140379523	-0.0768225931	0.0404540309	0.0629121428	-0.0620868871	-0.0415630576	0.0763786853	0.0152996203	0.0006057121789382	-0.0222668438730551	3.66887243714062e-07	0.000495812336067	0.0083865783722245	0.0067288636710998	4.527760630424667e-05	7.033469679346374e-05	0.1262040715478605	-0.1176217001677812	0.0138348643503594	0.0159274676752574	-0.0063239567726749	0.0002383348119941	5.680348260831063e-08	3.9992429262660735e-05	-0.000642796643179	0.0002364009507698	4.131875244821907e-07	5.588540952486542e-08	0.001830985947343	9.735018579940012e-05	9.477058675177726e-09	3.3525095393675438e-06	0.0	0.0	0.0	0.0
1758.8847005709476	-2.0607154433266714	4.24654813836504	3093675.389902552	2437.166659037272	-26.44194765444172	699.176595760236	5939781.323922899	1941.5747913224145	-4.791764753231973	3769712.670298677	22.96100945031628	2071.532218169502	1413.6919544544894	1.034754	32.236591	0.1275121833554535	0.0534275685746616	0.0380885318	0.0011784316	-0.0564260167	0.0276994639	-0.0568018964	-0.0256433376	-0.0321035331	0.0703242228	0.0442997623	-0.0107368118	-0.0595363413	0.0111794398	-0.068237545	0.0605030023	-0.0376001973	-0.0105696818	-0.0209291246	-0.0667687297	0.0005989719	0.0100762199	-0.0058957182	-0.0320370795	-0.0120063287	-0.0873938117	0.01358073	-0.0179737138	-0.0018972697	-0.0185485213	0.0530600591	-0.0464925594	-0.0514068315	0.0609181027	-0.0041057896	0.0376124278	-0.0972150304	-0.0014439815	-0.0040861862	-0.0672101741	0.044339345	0.0038558907	-0.0261884187	-0.0344615545	-0.0350674332	0.0027205687	0.0237361846	-0.0159032939	0.1036319884	0.0255041218	0.021993949	0.0004296101	0.0242537443	0.0323482327	0.0896494723	-0.0280899803	0.023152516	0.0069845933	0.0372236315	0.0116315801	-0.0576953339	0.1009119908	-0.0518083857	-0.0365372742	-0.0046405456	0.0361097226	-0.0032757659	-0.0631083015	0.0427567413	0.0169768981	-0.0789264077	-0.0477580905	0.0225597226	0.0567341253	-0.0549226287	-0.0450445112	-0.0050168622	0.0039437192	0.0327581756	0.0498684871	-0.0395086669	0.0747645654	-0.0579441049	-0.0270763491	-0.0071016008	0.0766334271	0.0018126137	0.0264018995	-0.0432159123	0.0440474989	0.0413304786	-0.0613615027	0.0079203497	-0.026693728	0.0414149292	-0.024872134	-0.0179491952	-0.0541294462	-0.0488107411	0.0165454573	-0.038873248	-0.0103407344	-0.0621008948	0.0023651473	-0.0193461808	-0.0021062879	0.0326980685	-0.0062535456	0.0161031835	-0.0481453667	-0.0149462427	0.0204004411	0.0407777643	-0.030549528	-0.0656490046	0.0090078747	0.0521242175	0.0028431332	-0.0478727822	0.0721044284	0.0434199757	0.0081779105	0.0699430456	0.0236694356	-0.0076011479	0.0473997453	0.0224316019	0.0093137427	-0.0691303553	-0.0457563765	0.0144279817	-0.0223545993	-0.0341827124	0.0189068916	-0.0352426849	-0.0416657267	-0.0016689146	-0.0526385497	-0.0084462131	0.0489201082	-0.1041346514	0.0142319288	0.0118872884	0.1142673789	-0.0593668758	0.0326836072	0.0138144449	-0.0710810291	0.0125491769	-0.0262016761	0.0531832873	-0.0223249081	-0.0148794683	-0.0762265226	0.0426618292	0.0606775209	-0.064777029	-0.0370681691	0.0782873035	0.0085347133	0.0135445076929983	0.0129387955140601	0.0001834536886456	0.0001674124293546	-0.0026416227046013	-0.0110282010768258	0.0001216212189909	6.9781705134650885e-06	0.1556157223524081	0.0294116508045475	0.0008650452030486	0.0242162530432617	-0.0068997856354573	-0.0005758288627823	3.315788792132718e-07	4.7607041815262895e-05	-0.0011138267618429	-0.0004710301186639	1.2406100553974403e-06	2.218693726885277e-07	0.0013951742095889	-0.0004358117377541	1.8993187076424854e-07	1.9465110751020115e-06	0.0	0.0	0.0	0.0
1765.161629922474	6.276929351526405	39.3998420840537	3115795.5797505653	2435.754996123137	-1.4116629141349222	1.9927921831439008	5932902.401138824	1941.0635217456013	-0.5112695768132198	3767727.595451437	0.2613965801747689	2063.4823101631346	1442.5775700923616	1.008675	31.424122	0.1305395435728592	0.0720068800983814	0.0523556118	-0.0109352698	0.0293787524	0.0660285923	-0.0563478944	-0.021914672	0.0323014955	0.0049122415	-0.0875258985	0.0154348369	0.0439655732	0.0564344131	-0.080106053	-0.0229338685	0.0016316136	0.0313714868	-0.0097153952	-0.0398689182	-0.0344426997	0.0099014183	-0.0372480363	0.0043859352	-0.0555304781	-0.0463626378	0.0969929986	-0.0073336509	-0.0895421001	-0.0462549308	0.0134930501	-0.0118631003	-0.0836474512	0.0337318899	-0.0387924715	0.045906422	0.0097756213	0.0454043807	-0.0754225507	-0.0223060368	0.0075030763	0.012955026	0.0922190504	-0.0279652172	-0.0884554791	-0.0075099876	0.0606652906	-0.039700383	-0.088189548	-0.0258493405	0.024851486	0.0261499162	-0.026402936	0.0520805527	-0.0569171366	-0.0534365654	-0.0239674576	-0.009171916	0.022435528	-0.0736457388	-0.0450125932	0.0159125338	0.0285262606	0.0403572866	0.0087900032	-0.0526885339	0.0687986556	0.09931062	-0.0352762943	-0.0593118037	-0.0236131759	0.0259771798	0.0720911009	-0.1757688497	0.0189648336	0.1117886135	-0.0445799331	-0.0124183326	-0.0099195672	0.0486944443	0.0063734632	0.0652217892	-0.0124863474	-0.0065457568	0.0198861317	0.0924195501	-0.0188096181	0.0539595566	-0.0445716801	-0.006579028	-0.045886591	-0.0414169751	-0.0086869426	-0.0355055044	0.0793521046	0.0273488893	-0.027668984	-0.0998450095	0.0815335372	-0.0782539984	0.033981289	0.0029685762	0.003155083	-0.0352333707	0.0609392151	0.0065462072	0.029768052	0.0394779685	0.0733588482	-0.0750715915	0.0126158905	-0.0552932414	-0.0362287335	0.0093230858	-0.0488715907	0.0161190268	0.0710418712	0.0640077932	0.0266816571	-0.0374113963	-0.0123590902	-0.1355348754	-0.0417624418	-0.0305647231	0.0452679269	0.0727361638	-0.0140632602	0.0489428707	-0.0290371073	-0.0075205268	0.0170811283	-0.0411533665	0.0270633817	0.0386769526	0.0591207233	0.1034104976	-0.0605087967	-0.026507844	0.0374343673	0.0316524857	-0.0944051751	0.0121294154	0.0146275362	0.0576283899	-0.0842489866	0.029094424	0.0470621607	0.0575700627	-0.0409532522	-0.0028111191	0.0475564625	0.0371273541	-0.0157193527	-0.0755970167	0.0448275254	0.05833645	-0.0672896215	-0.0324269895	0.0797754371	0.0017099414	0.046547058413239	0.0330025507202407	0.0021666286469254	0.001089168354042	0.028577286790977	0.0312189094955783	0.0009746203100931	0.0008166613203337	0.2109678588099584	0.0553521364575503	0.0030638590104152	0.0445074374508585	-0.0070927701210531	-0.0001929844855957	3.7243011680675496e-08	5.0307387990103605e-05	-0.0011399622367713	-2.613547492840004e-05	1.2995139012646255e-06	6.83063049733027e-10	0.0013949752321233	-1.9897746559986202e-07	3.9592031816544255e-14	1.945955898237455e-06	0.0	0.0	0.0	0.0
1763.622766537263	-1.538863385211016	2.368100518343108	3110365.2626485494	2442.9956438982927	7.240647775155594	52.42698020386565	5968227.716106034	1948.325053118621	7.261531373019807	3795970.512609678	52.72983788135092	2076.114853343516	1453.4832382413138	1.079806	33.640129	0.157572559938106	0.0773974854689321	0.0667255002	0.0208437055	-0.0714701353	-0.0252469469	0.1071971103	0.0502674325	-0.0086676375	0.09082918	0.0152351982	-0.0960721952	-0.0079468673	-0.0319518863	0.0873996605	0.0882113888	0.1067482756	0.0144100646	0.0146519033	-0.0484641128	-0.0636353817	0.0099962471	0.0418950519	0.0275814939	-0.0026693763	0.0050470454	0.0020240439	-0.0125253629	-0.0290213017	-0.0358855506	0.0361682997	-0.0235437694	0.0523328904	-0.0308938281	-0.0544144791	0.0925726772	-0.0010097621	-0.0811678584	0.0026918168	-0.0246194751	-0.0388565356	-0.0753151743	0.0231504241	-0.0652718425	0.0482535037	-0.0108822325	0.0492385154	-0.0072084634	0.0157114739	-0.0728659458	0.0283050043	-0.0607254854	0.0707565522	0.0283354675	-0.0354027712	0.0269611222	0.0521734385	-0.0014103225	-0.013465314	-0.0283407659	-0.0094676315	0.0500224826	0.0690000639	0.112499076	-0.0162826158	-0.0490720188	0.028089253	0.0967436295	-0.0669168598	-0.0444138826	0.0571804958	-0.0705353363	0.0559474715	0.0791784306	-0.0583231271	-0.0325001992	-0.061109408	-0.0356029191	-0.0488661652	0.0370532037	-0.0558216183	0.0023108383	0.0585510926	-0.0520100252	0.0051940783	0.0037972589	-0.0565316458	-0.0207076594	0.0003800011	0.0053396946	0.0121373775	0.0255207366	-0.0274644992	-0.0559844941	-0.0417954418	0.036023042	0.0732433031	0.0077396993	0.0077851799	-0.0541370087	0.0142238077	-0.0292842413	0.0672650533	0.0777187737	-0.0910659614	-0.0546001115	-0.064236067	-0.003559092	-0.0403446416	-0.063338621	-0.074736663	0.0458060407	-0.0045829219	-0.0219794029	0.032364363	-0.0219423474	0.0316891008	-0.0121855761	0.0784326583	-0.0196834243	-0.0529011486	-0.0437928627	-0.144916919	-0.0022093085	0.0160912714	0.0508630842	0.0598176554	-0.0154771743	-0.0519461071	-0.0361949192	-0.0034300317	-0.0442912995	0.0278412955	0.0312707808	-0.0740069496	-0.039793803	-0.048283824	-0.0448438194	0.0594039805	0.0561847153	-0.0091757936	0.0491773915	-0.043377202	-0.0172717516	-0.0204936043	0.0997046135	0.0404921386	0.0216080728	-0.066085244	0.004334179	0.0637284205	0.0332637281	-0.0165575133	-0.0749343514	0.0469489822	0.0558930371	-0.0696177779	-0.0276578354	0.0808350932	-0.0051268245	0.0225692662234848	-0.0239777921897542	0.0005093717778665	0.000574934518295	0.0165916642310719	-0.0119856225599051	0.0001436551481485	0.0002752833219566	0.1498351460332116	-0.0611327127767467	0.0037372085714442	0.0224505709867938	-0.0064062477205574	0.0006865224004957	4.713130063823785e-07	4.104000985714688e-05	-0.0009360014390924	0.0002039607976789	8.760986939830439e-07	4.160000698981319e-08	0.0017140206821827	0.0003190454500593	1.0178999920360505e-07	2.937866898950048e-06	0.0	0.0	0.0	0.0
1758.9618641684572	-4.660902368805864	21.724010891540114	3093946.8395989737	2457.921063175908	14.92541927761522	222.768140612608	6041375.952803785	1939.337247620104	-8.987805498516991	3761028.960006721	80.78064767917226	2070.260260758761	1456.0332469940186	1.114234	34.712708	0.2166529611289688	0.1517158174222498	-0.0068399556	-0.0060306983	-0.0237457156	-0.0603771229	-0.0562480063	-0.0049797693	-0.0392271485	-0.0758422454	0.0934902344	-0.0548037936	0.0133158981	0.0356556123	-0.0025852604	-0.0273690743	0.0302932727	-0.0720714767	0.0631105885	-0.0361648269	0.0448224626	-0.0904262484	0.0271403998	-0.0320477666	0.063465917	-0.0833162201	0.009304424	-0.102288309	0.0287164828	0.0778590403	0.0287369338	0.0152299231	0.0165889206	-0.0382607782	-0.0377298852	-0.0840206973	-0.0119850109	0.0666390622	0.0394279539	-0.0066277993	0.0380396586	-0.0668654209	0.009891215	-0.0418841077	0.0058372359	0.0357635634	-0.0796019641	0.0125826698	0.0158542163	0.0136773098	-0.014338038	0.0280283141	-0.0814425175	0.0032602734	-0.0429128953	0.0208041923	-0.0305765827	0.0359647883	-0.0224031432	-0.0441743764	0.1578924048	0.0508557295	-0.0407790024	0.0942206774	-0.0930579388	-0.033909722	0.0537207855	0.0491369336	-0.0577653714	-0.0002604546	-0.0612029228	-0.0369606905	-0.0251388137	0.0358905059	0.0307914477	-0.0432227965	0.0941688769	-0.056551736	0.0656489944	-0.0679889818	-0.0774929611	0.0747278832	-0.0710924391	-0.009472927	0.0719946179	0.0094805033	-0.0418900656	-0.0242385712	-0.0385164693	-0.015089501	0.0328920415	-0.0317271502	-0.0165348136	0.0815451815	0.0115843017	0.0068016606	-0.0419834954	0.0011878175	0.0221902239	-0.0029897857	-0.0644104085	0.0600328062	0.0501526547	0.0569249036	0.0178762496	0.0336414385	0.0271168215	0.0248383787	-0.0720893325	0.0154218668	0.0942668624	-0.0072026657	-0.0820698452	0.0228021133	-0.0238307449	-0.0698387877	-0.0453332132	-0.023406993	0.0213341019	0.0079441515	-0.0694819053	0.0518219151	-0.0547941706	-0.0041303353	-0.0195800585	-0.0601501377	-0.0392150207	0.049727011	0.0146297385	0.014239434	-0.0031478131	-0.0518773832	-0.0230929857	0.0231171464	0.005138081	-0.017687293	-0.0797945801	-0.0609792538	-0.0488256031	-0.0131253991	-0.0248999912	-0.0941965938	0.0065674506	0.0469210526	-0.0251019527	0.0868199132	0.0269120361	-0.0645191038	-0.0054927362	0.0647326122	-0.0417372408	-0.0392987405	-0.0173938582	-0.0742388174	0.0490241061	0.0533515689	-0.0717551168	-0.0227795284	0.0814605803	-0.0119276293	0.0218263283444883	-0.0007429378789964	0.0004763886090014	5.519566920478175e-07	0.0295654897567629	0.0129738255256909	0.000168320148771	0.0008741181845572	0.2878232803244529	0.1379881342912413	0.0190407252051776	0.0828422406967286	-0.0061029030416347	0.0003033446789226	9.201799423071587e-08	3.724542553559407e-05	-0.0001899717000886	0.0007460297390038	3.6089246834552994e-08	5.56560371478078e-07	0.0014644338314484	-0.0002495868507343	6.229359605946578e-08	2.144566446690641e-06	0.0	0.0	0.0	0.0
1757.95833796142	-1.0035262070371118	1.0070648482102922	3090417.5180080784	2444.180540861907	-13.740522314000827	188.80195346155463	5974018.516328004	1948.353919235396	9.016671615291898	3796082.994599928	81.3003670180106	2078.981981561328	1438.7653800808223	1.143147	35.613453	0.1659312589274497	0.1243726171578128	0.076240429	-0.0032458281	0.0228833924	0.0524205244	0.0265336141	-0.0786200973	-0.028752544	0.04990265	-0.0616028614	-0.0019494301	0.0083799277	-0.0308801422	0.0164916557	-0.0033998104	0.0454375269	-0.059801844	0.0106500259	-0.0164927108	-0.0927469912	0.0299658792	0.0530794822	0.0087906615	0.0093867696	0.0745708702	-0.0849873474	-0.0397652855	0.0061311505	0.0091014971	-0.0106092336	-0.0488476634	0.0020884512	0.0026014596	0.0358111122	-0.0153460125	0.0672691373	0.0871620482	-0.0142156977	-0.0231724219	0.0778270661	0.053263642	-0.0038267797	0.0055840082	-0.097831081	-0.0416176578	-0.0299328663	-0.0825711923	-0.0289980637	-0.0390263239	-0.044498786	0.0366023191	0.0398182667	-0.0202545485	0.0512245056	-0.0617208243	-0.034105368	-0.00554134	0.0132830396	0.0135765231	-0.030631866	0.0756668098	-0.0766579112	0.0242933829	0.0840788321	0.0752293031	-0.0711031995	-0.0810309628	-0.1031386209	0.0009780771	-0.0627266084	-0.1132322218	0.0315711	-0.0113392887	-0.0839576749	0.0133261317	-0.0562906852	-0.0208938506	-0.069118708	-0.0496473977	0.0127731376	-0.0215298113	0.1198586409	-0.008625938	-0.0133321617	-0.0245364911	0.0365401718	0.0528726938	0.0464016595	0.0528787259	-0.0921440243	0.043241638	0.0395182796	0.0333706343	0.0841748272	0.0569004104	0.0003306021	-0.0468574229	0.0709416896	0.0428985721	-0.0201989307	-0.0674305551	-0.0157328327	-0.0724463011	0.0103182121	-0.0244115782	0.0092793933	0.0251815967	0.0318107624	0.0271834148	0.0359985487	-0.0166270857	0.0799711974	-0.0049997247	-0.0186799	-0.0316810441	-0.0190349051	0.0623574214	-0.1493203896	-0.0060286765	-0.0159400256	-0.0490487464	0.0151726213	-0.0031497775	0.0223380764	-0.016662234	-0.128875861	0.1125131204	-0.0523174408	-0.0244474112	-0.0122396432	-0.046785572	0.0898387028	0.0409495469	0.022460681	0.0355792164	-0.0117344518	0.0329217389	0.0682654326	0.0679749955	-0.0708895075	0.0285799433	0.0192627596	0.0073855737	0.0365604039	-0.0293889202	0.0720471554	0.0921151417	-0.021100323	-0.0171673226	-0.0206131834	0.014380005	-0.0182282956	-0.0735107199	0.0510508491	0.0507165039	-0.0736957799	-0.0178113211	0.0816485389	-0.0186447705	0.032405314044027	0.0105789856995387	0.001050104378292	0.000111914938431	0.0197605371407689	-0.0098049526159939	9.613709580188752e-05	0.0003904788280917	0.1647723562447609	-0.123050924079692	0.0151415299168661	0.0271499293824503	-0.0064689304308679	-0.0003660273892332	1.339760496688725e-07	4.184706091940875e-05	-0.0001690363778257	2.0935322262900012e-05	2.85732970284328e-08	4.38287718251477e-10	0.0014014686123	-6.296521914839984e-05	3.9646188224060194e-09	1.964114271262088e-06	0.0	0.0	0.0	0.0
1763.3720734811884	5.413735519768352	29.308532278001508	3109481.0695333458	2434.489872685185	-9.690668176721829	93.90904971132916	5926740.940206729	1945.4105068936503	-2.9434123417456703	3784622.040332209	8.66367621354073	2075.772943959846	1446.4300942916786	1.036989	32.306217	0.114048589289671	0.0524179939254091	0.039153917	-0.0139830372	-0.0558730672	-0.0170076845	0.0146727382	-0.0056378752	0.0297057047	0.0976704704	0.0312092288	-0.0356076674	0.0368080908	-0.0137324297	0.0061871818	0.0719176903	-0.0399129015	0.0116526504	-0.0544320622	-0.0249550883	-0.0586442691	-0.0004469994	0.0348306867	-0.0420032349	0.009664021	0.2338501149	0.0026348283	-0.0109996302	-0.0174859875	-0.1319529921	0.0763134831	-0.0055683663	-0.0309726171	0.0011285265	0.0114289519	0.0746674894	-0.0678334743	0.0434875657	0.0702666516	7.27148e-05	-0.0666465108	0.1023798559	0.047495292	-0.0174292109	-0.0071941952	0.0459270732	0.0988597781	-0.0154417601	-0.078879193	0.0540806435	-0.0351210209	0.1125514447	0.0877939325	0.0053889839	0.0946859016	-0.0461806328	0.0167427339	0.0442790229	0.0282036678	0.0492671503	-0.0226556234	-0.0208241017	0.0411608394	-0.0279483018	0.0097544272	-0.0590780641	-0.0486282869	-0.0164543741	0.0389863213	0.0325867805	0.0354416684	-0.1038022443	-0.0200445972	-0.0783846002	-0.0546918669	-0.0050315813	-0.0503814124	-0.083728383	-0.0586490701	0.0007636892	0.0452469459	-0.1837482648	0.1013022141	-0.1432050205	-0.0662190212	0.065088018	-0.0300353653	0.0574351398	0.0011232971	0.0840549695	-0.0164745333	0.0292194323	-0.0395915929	-0.0370314365	0.0060699171	0.0798055612	0.1171047831	-0.0310786149	-0.1038598793	-0.0590558983	0.0477354629	0.0330960087	-0.000829232	0.0525437722	-0.0262836539	-0.0076700514	-0.0034391573	-0.046131134	0.0171576818	0.0732054133	0.0457085928	-0.0115135662	-0.0789966989	-0.0244036133	-0.0459651159	0.0479785083	-0.0146705725	0.0808892801	-0.0257418832	0.0286677234	0.0226642424	-0.0737817041	0.0589431145	-0.0797142974	-0.0256790792	0.0029992932	-0.064214886	-0.0621764069	-0.0343670793	-0.0232259836	-0.0056709913	-0.0387082593	-0.0029411503	0.057647232	-0.0648204287	-0.0841927348	-0.0066510238	0.0164736536	0.0305182261	-0.0087705097	-0.0723304159	0.1010986166	-0.0804792578	-0.057196525	0.0195707091	-0.0635222179	-0.0155540799	0.131379878	-0.0972703949	-0.0447676494	0.0070347103	-0.0711431125	-0.0190607341	-0.0727503781	0.0530272111	0.0479924649	-0.0754344479	-0.0127728206	0.0813979594	-0.0252311319	0.0060524830158925	-0.0263528310281345	3.663255065766717e-05	0.0006944717031974	0.0095498248905272	-0.0102107122502417	0.0001042586446572	9.119915543973288e-05	0.1787110074875357	0.0139386512427748	0.0001942859984677	0.03193762419721	-0.0058619601004378	0.0006069703304301	3.684129820224248e-07	3.436257621912474e-05	-0.0008296057606191	-0.0006605693827934	6.882457180523955e-07	4.363519094840535e-07	0.0013980804301531	-3.388182146899996e-06	1.1479778260571864e-11	1.9546288891770773e-06	0.0	0.0	0.0	0.0
1764.5492537423756	1.1771802611872315	1.3857533673288391	3113634.0688827746	2431.1609217325845	-3.328950952600735	11.081914444821342	5910543.427359629	1938.86290118038	-6.547605713270286	3759189.3495736	42.8711405764497	2061.56156545561	1458.699538971273	1.119685	34.882526	0.110337856814711	0.0733048377939046	-0.0221112224	-0.0391640743	0.0069730092	0.0132631738	-0.0096729334	0.0331857847	0.001956127	-0.086833015	-0.0036691252	0.0665142918	0.0323264148	0.0585678556	-0.0483274489	0.007108401	0.079387066	0.0138917696	0.010679273	-0.044338635	0.0424882072	-0.039999589	-0.0350131314	0.0021979419	0.029336594	-0.0869381043	0.0005105564	0.0376050405	0.0044705465	0.0348721178	0.0463216537	-0.0254669219	0.0320162309	0.0265544778	-0.0231939149	0.0182263362	-0.0361401691	-0.00314298	0.0357629111	0.0069262754	-0.024495165	0.0214784425	-0.007394966	0.0440134176	-0.0075614386	0.0428265658	0.0003638069	0.0239823694	0.0699460846	-0.014777765	0.0656730165	0.0207396719	-0.0470334796	-0.0649204832	-0.0652636498	0.000433128	0.060421308	-0.0099649396	0.0052941852	0.0802571365	0.1014403602	0.133898145	0.0387443036	-0.1077354091	0.0034552831	0.0062639598	-0.0672378672	-0.070684826	0.0007088371	-0.0186706825	-0.0219559732	0.0137570273	0.1137379458	0.0107852042	0.0784374239	0.0847035227	0.0586136226	0.0046179416	0.044184443	0.0025360603	-0.0704002085	0.0704141154	-0.0228406105	0.0296869769	0.0411911563	-0.0080498454	0.0443328757	0.018907194	0.0068498792	-0.0251730028	0.0635223762	-0.064300561	-0.0149898796	0.0471607116	0.0323452849	0.0076992526	-0.038126661	-0.0585390398	0.0415010319	0.0753708609	0.0373189636	-0.0015680572	-0.0370273695	0.02539672	0.0203385382	0.0358528922	0.0648178882	-0.0376124876	0.0280888967	0.0146209319	-0.0581257714	-0.0322564808	0.0373770069	0.0464108621	0.0294314925	-0.1115782118	-0.0162746145	-0.0194768305	-0.0039478132	-0.0261363255	0.0853492098	0.0059512377	0.0076188257	-0.0316351245	-0.0100928861	-0.0157970277	0.0525254806	0.0875847418	0.0173268698	0.0284114573	-0.0167756282	-0.0332229729	-0.0708254036	0.0143097901	0.0023970283	0.0053603387	-0.0584034478	-0.0121095807	0.00896951	0.0098295541	-0.0278556394	-0.049343034	0.0067307019	0.0490928221	0.0200641376	0.0316623494	0.0226866446	-0.0601980912	-0.0341963248	0.0248764864	-0.0094757485	-0.0208489287	-0.0198910824	-0.0719581255	0.0549512416	0.0451842308	-0.0769663555	-0.0076839116	0.0807101879	-0.0316405151	0.0129642722843783	0.0069117892684857	0.0001680723558634	4.777283089195546e-05	0.0167453217013644	0.0071954968108372	5.177517435476832e-05	0.0002804057988821	0.2450133915699837	0.0663023840824479	0.0043960061350164	0.0600315620486261	-0.0063140678890837	-0.0004521077886459	2.044014525542863e-07	3.98674533079579e-05	-0.0006834225490164	0.0001461832116027	4.670663805040737e-07	2.1369531354479773e-08	0.0013983531629633	2.727328101998373e-07	7.438318575950047e-14	1.955391568369465e-06	0.0	0.0	0.0	0.0
1763.035309171019	-1.5139445713566602	2.2920281651403016	3108293.5013837507	2447.8329041092484	16.67198237666389	277.9549963677913	5991885.926439917	1941.471529520133	2.6086283397528405	3769311.699937245	6.804941814961661	2074.4069054506467	1456.0477110347915	1.067399	33.253609	0.1663324626285096	0.100439174161794	0.077414711	0.0068782613	-0.0439027228	0.0290488078	0.1338782827	0.027371898	-0.0146908198	0.1113672912	-0.026434479	-0.0516110433	0.0121004944	-0.0993428546	0.0788299254	-0.0186498318	0.0417692894	-0.0505711247	0.0268951806	-0.0118493425	-0.0522379926	-0.0111682716	0.016255494	-0.0778717317	0.0270396886	-0.0112062669	-0.042324611	0.0111670148	-0.0162229934	0.0003617877	0.0097700232	0.0563726317	-0.0127282634	-0.0406325521	-0.0757827692	0.0776652755	-0.0667141773	0.0084673218	0.043017739	-0.0467884442	-0.0191711293	-0.0073675754	-0.0490191222	0.0236034545	0.0306239697	0.0248238308	0.026245268	-0.06373745	-0.0734197416	-0.1016327394	-0.0198881873	0.0286451959	-0.0033288026	-0.0151989645	0.0147789984	-0.0504797583	-0.0130470129	-0.0080003062	0.0264200408	-0.0680734608	-0.0071118187	0.0207732751	-0.0122872702	-0.0279273739	-0.0017667406	-0.0237210575	0.0902088179	0.0184219659	-0.0524591462	0.1129975647	0.0134580367	0.0424233897	0.0254399348	-0.0649884784	-0.0731740589	-0.0472460762	-0.0473599613	-0.0479696348	-0.01876697	0.0536485627	-0.0309600613	-0.0232280252	0.0434796364	0.0096616057	-0.0232880095	-0.046351589	-0.0517218875	0.0611527456	0.0820879417	-0.024891077	-0.0462223072	0.0095633822	-0.0437482893	-0.0699483704	0.0376542538	-0.0595281261	-0.0044588309	-0.0084081997	-0.0194107614	0.0817739882	0.0309262154	0.0122690718	-0.0271004266	0.0931632578	0.0129010905	-0.0109007071	-0.0178536821	-0.007844244	0.0221046926	-0.0053288734	-0.021177923	-0.0302579204	-0.056117095	-0.0171308227	-0.0076128035	-0.0862421081	0.0111854116	-0.0012227685	-0.0013589292	-0.0018709789	-0.0332590272	-0.0468519324	0.0243820141	0.0020087175	0.060848233	-0.0090988332	-0.0678225938	0.065094385	-0.0524435687	-0.0283488165	-0.024638951	-0.038731398	0.0555541533	0.0268326176	-0.0338947667	-0.0274553733	-0.0642711533	0.0131972126	0.1211342208	0.0735147326	-0.0056550567	0.049554911	-0.0037961455	-0.013864033	0.0569555267	0.0601944035	0.023359774	0.0085321724	-0.0353419911	0.0229007844	0.0055959019	-0.0228753847	-0.0207192494	-0.0711343098	0.0568210419	0.0422967282	-0.0782873035	-0.0025646777	0.0795889182	-0.0378279629	0.0162509056825257	0.0032866333981473	0.0002640919355023	1.0801959093817922e-05	0.0253379722154534	0.0085926505140889	7.38336428572739e-05	0.000642012835991	0.1664539415903405	-0.0785594499796432	0.006171587181104	0.0277069146709604	-0.0051307775824991	0.0011832903065846	1.4001759496570782e-06	2.6324878601075307e-05	-0.0003515967248282	0.0003318258241882	1.2362025690991698e-07	1.1010837759817821e-07	0.0014011116069231	2.7584439597999697e-06	7.609013079356936e-12	1.9631137350546318e-06	0.0	0.0	0.0	0.0
1756.6102293668698	-6.425079804149164	41.281650489685454	3085679.497916327	2443.27927907308	-4.5536250361683415	20.735500970019128	5969613.63554787	1938.919550348404	-2.551979171728817	3759409.0227232575	6.5125976929377	2070.3216563889628	1451.216847465695	0.847797	26.412138	0.1027414657469238	0.0558953628342079	0.0419791715	-0.0029814114	-0.0648680676	-0.0350217523	0.0792061507	-0.0116694606	-0.0230109686	0.0688826732	0.0485270189	-0.0297363762	0.0362435631	-0.0097178171	0.051578552	-0.0129419656	0.0282025936	0.0461927367	-0.0157836801	0.0003088586	-0.0592402323	-0.0284832362	0.005574054	-0.0583135933	0.0327812962	-0.0637292688	-0.0349435252	-0.025816503	0.0326546456	0.0449153555	0.012114689	0.0332742261	0.0482465294	-0.0405577826	-0.0777283414	0.0178849936	-0.0130708606	0.022041671	0.0123178836	0.0366179986	-0.0729224623	0.002729659	-0.0487515499	0.0041517609	-0.0325219639	0.0482781155	-0.0285301036	0.0168962877	0.0366438511	-0.0545788568	0.0478794026	0.0249351301	-0.0245941613	-0.0016549588	0.032702296	0.0156512357	0.0204201154	-0.0078453693	0.0331787817	-0.006076862	-0.003111939	0.0161992616	-0.0211005177	0.0456829688	-0.0282679234	-0.1466303935	0.0006022703	0.0238869327	-0.0215002234	-0.0877368541	0.0675014787	-0.001539999	0.0008620083	0.0501611561	-0.066779465	-0.0261523416	0.0024719314	-0.0826779307	0.0435193735	0.0471991869	-0.0614919351	0.0217013712	0.0026364499	0.0249737864	0.0372059573	-0.055024882	-0.0680976978	-0.0100642294	-0.0209775016	-0.007707741	0.0050064628	-0.0346062868	-0.0212390623	-0.0305240329	-0.0401961764	-0.0032786235	0.0590109874	0.0363364276	0.0228730161	0.0025814161	-0.015292515	0.0061268221	-0.0160696102	0.0597431943	0.0289900262	0.0374637178	0.0226150761	-0.0410938051	0.0572673349	0.0217251847	-0.0070649447	-0.001159112	-0.0458086219	0.0406389192	-0.0502730069	-0.0387265079	-0.0215113481	0.018349977	0.0194458985	-0.0528620415	0.021206368	-0.0295223159	-0.1591920759	-0.0314510582	0.0357369368	-0.053629343	0.0512723274	-0.0424645569	-0.0358614141	-0.0100654446	-0.0006765071	-0.0544205345	0.0352620961	0.0682317499	-0.0348800452	-0.0851803431	-0.045320573	-0.0268260216	0.0391127294	0.0409440149	-0.0142909533	-0.0172856481	-0.0381363066	0.0166069457	0.0339752098	0.0682752321	0.0327963107	-0.0520823969	-0.0244719801	0.0390842925	0.0178656075	0.0015643635	-0.0215451443	-0.0702792922	0.0586347667	0.0393350228	-0.0793936715	0.0025646777	0.0780401729	-0.0437500746	0.0295607242080819	0.0133098185255562	0.0008738364157062	0.0001771512691832	0.0033574356018846	-0.0219805366135688	0.0004831439898204	1.1272373820802207e-05	0.1899502399308943	0.0234962983405538	0.0005520760357083	0.0360810936498043	-0.0059328466137698	-0.0008020690312707	6.433147309235196e-07	3.519866894251978e-05	-0.0002746595396587	7.693718516949997e-05	7.5437862725529e-08	5.919330461805926e-09	0.0014012016358278	9.002890470014707e-08	8.105203681508163e-15	1.963366024246503e-06	0.0	0.0	0.0	0.0
1758.2457858147172	1.6355564478474207	2.6750448940952727	3091428.2433352126	2428.99013462773	-14.289144445349848	204.1796489800724	5899993.074118839	1939.6919167431108	0.7723663947067507	3762404.7318785633	0.5965498476723042	2066.862349520983	1403.031875405032	0.926851	28.875002	0.0444458842049229	0.0233087217465366	0.0265626438	-0.0303306547	-0.1228706984	0.0008952505	-0.0901667845	-0.068615363	0.0306716208	0.080316425	0.0512334141	0.0142596499	0.0030944143	0.0102822264	-0.0740155308	0.0176720665	-0.0485158182	-0.0248941975	0.0106883891	-0.0561167606	-0.0434279011	-0.003925948	-0.0090509916	-0.0356471113	0.0064982581	0.0473098885	-0.0043179159	0.0611565245	-0.0481211725	0.053183888	0.0064162546	-0.0083298535	-0.0333004617	0.0927922988	-0.1075098346	0.038868607	-0.0101925982	-0.0667353824	-0.0874432034	-0.0103349909	-0.0164838537	-0.0630022824	0.0193523182	0.0335429493	-0.081642035	0.0292268372	0.0133461157	0.0599692799	-0.0316019477	-0.0709919047	0.0018146575	-0.0211336155	0.0098746173	-0.0239600434	-0.0362936999	-0.0245649618	0.0391532776	0.0306746226	0.0575223625	0.0667168817	0.0012828084	0.0428852176	0.0168277855	0.0123319954	0.021041063	-0.0323032573	-0.0556645492	-0.0380328254	0.0251793433	0.0171875573	-0.0288057689	-0.0852204812	-0.0870360218	0.0514521778	-0.0233956556	0.0024658644	-0.06045455	-0.0390950027	0.0115886734	0.0497666758	-0.0106368234	-0.0114360365	-0.0652423562	-0.1302424848	-0.0118456528	-0.0327100583	0.0273554966	0.0527622383	0.0152745122	-0.0296852886	0.0382572503	-0.0750051881	0.0349956996	-0.0792884342	0.0469957064	0.0031433117	-0.0356010084	0.0337963589	0.0052300941	0.0372122097	0.0238001451	-0.0004253092	-0.0567988292	-0.0433490595	-0.0059199798	0.0394779891	0.0100526272	-0.0605529469	0.0152632749	-0.056489681	0.006566001	0.0296780731	-0.0405906348	0.0362123034	0.0216147201	-0.074133091	0.0061161745	0.0243245054	-0.0074698132	0.0444941274	0.0336757459	-0.0386827146	-0.0088085986	-0.0403736877	-0.0640611149	-0.0373769844	0.0357654336	-0.0924862972	-0.0402142283	-0.0078213383	-0.0003238485	-0.0480041845	-0.0116894867	0.0726737582	0.0130310745	-0.081610704	-0.0396810489	-0.0361569964	0.001163794	-0.0324284599	-0.0848723453	0.0046455966	-0.0607681928	0.0118158201	0.0264663605	-0.0295925698	0.0316259421	-0.0125465817	-0.0372500491	-0.0033601026	0.0087675639	-0.0515812858	-0.0223686765	-0.0693934478	0.060390626	0.0363043104	-0.080282427	0.0076839116	0.0760722702	-0.049365311	0.0221273859146577	-0.0074333382934241	0.0004896212074161	5.525451818448659e-05	0.0207524888671315	0.0173950532652469	0.0003025878781007	0.0004306657941804	0.1899993059501312	4.906601923690413e-05	2.407474243756245e-09	0.0360997362615315	-0.0061729551227355	-0.0002401085089656	5.7652096077731456e-08	3.810537494730645e-05	-0.0001243290223187	0.00015033051734	1.5457705790723805e-08	2.2599264443712043e-08	0.0014021311420624	9.2950623460002e-07	8.639818401603075e-13	1.9659717395412104e-06	0.0	0.0	0.0	0.0
1767.5868310682372	9.341045253519953	87.2551264283076	3124363.205365853	2430.4480782968026	1.4579436690723924	2.1255997421882697	5907077.86129662	1945.073415326108	5.38149858299721	3783310.59100837	28.96052699880098	2071.260660116729	1441.8454154086323	0.97723	30.444477	0.0368258859582183	0.0224430523308161	0.0289868836	-0.0455819477	0.027465745	0.0733035612	-0.093109922	-0.0533176172	0.0323310067	0.0050273398	-0.0074828222	0.0072441789	0.0031426498	0.0053605244	-0.0864004782	-0.0653400462	0.0634916145	-0.033326116	0.0366117537	0.0275355089	-0.0307946288	0.0210565517	0.0213447033	0.0445240722	0.0293801686	0.0073771293	0.0016665934	0.0490268112	0.0172879256	0.0304154629	0.0048242669	0.0016871341	0.0178821348	0.067898486	-0.0022605708	-0.0176782512	-0.0156746335	-0.022011477	0.063651665	-0.0075428218	0.0156819504	-0.0043597516	0.0365870332	0.0450744586	-0.0329439954	-0.0150866988	0.0137500813	-0.0635798786	0.0065651606	0.028235971	0.1000082465	-0.0455266957	0.0134164051	-0.0325454389	0.0293320812	-0.0816955429	-0.0491639102	0.0260382664	-0.0079462824	-0.0834579763	0.0352442739	-0.0626912869	-0.0731748481	-0.0243048431	-0.0263513209	0.0131548381	-0.0693724993	0.0402244635	0.0765924908	0.0136676818	0.0578253399	-0.0641419551	0.0459556711	-0.0202580673	0.0197530529	0.0352570924	-0.0449074323	0.027409156	-0.0543218366	-0.047246958	-0.0073143704	0.0030929895	-0.0565822199	-0.0255746494	0.034654342	-0.0471761408	-0.0094103422	0.0479998092	0.0042437187	0.0376180284	0.0791857855	-0.0357320349	-0.0004568506	-0.0223630463	0.0071379977	0.0621539678	0.01849915	0.0410808039	0.0345777663	-0.0188132443	0.0238934648	0.0018444362	0.0056775466	-0.0091536403	-0.0432917904	0.0285999422	-0.0300521719	-0.0156091573	0.0209785766	0.1113046865	-0.0100198737	0.0280709155	0.0746831161	0.0321784999	-0.0735018706	-0.0995156483	-0.0173566581	-0.0064311171	-0.0345884225	-0.0386126356	-0.0402111234	0.1245433059	-0.0089887399	-0.049219497	0.0392973548	0.0274158447	-0.0349064764	-0.0169468868	-0.0387664465	0.0155763334	-0.0085421586	-0.0481452044	-0.0070985471	0.06760871	0.0460426888	0.0416801288	-0.0438268304	0.0260654651	0.0319126235	-0.012625924	-0.115537795	-0.0218052174	0.0311952787	0.020012732	0.0033565515	-0.0264075243	0.0080294526	-0.0542088075	-0.0027268754	0.0238844752	0.036268419	0.0072799285	-0.0231897558	-0.0684771651	0.0620868871	0.0332099078	-0.0809511339	0.0127728206	0.0736957799	-0.0546342852	0.0143129196868301	-0.0078144662278276	0.0002048596699616	6.106588242585812e-05	0.0195187179595706	-0.0012337709075609	1.522190652343647e-06	0.0003809803507852	0.190248263986561	0.0002489580364297	6.198010390298022e-08	0.0361944019499002	-0.0063361888046985	-0.000163233681963	2.664523492719797e-08	4.014728856878661e-05	-0.0005089398569118	-0.0003846108345931	2.590197779534035e-07	1.4792549408640092e-07	0.0013994018428905	-2.72929917190007e-06	7.449073969734407e-12	1.958325517885328e-06	0.0	0.0	0.0	0.0
1770.0112375025335	2.424406434296316	5.877746558657376	3132939.78088525	2444.38348586471	13.935407567907532	194.1955840836945	5975010.625968112	1946.0587606237243	0.9853452976162772	3787144.699800346	0.9709053555345096	2077.476467999092	1469.7818920274751	0.8476099999999999	26.406317	0.0840185709527887	0.0413142830962459	0.0236121119	-0.0303741997	0.0178984291	-0.0174514379	-0.0158196435	0.0090796072	-0.0185345739	0.0090175969	-0.0345204446	-0.0084822019	0.0448818434	-0.0502354347	-0.1110082589	-0.0639363457	0.0322276693	-0.0437303595	0.0414685933	0.0406972298	-0.0567603526	0.0209418417	0.0434273231	0.034865363	-0.0164960184	0.0045068225	0.0080872774	0.0531673025	0.0617519103	0.0069851074	0.0326742601	-0.046601713	-0.0110277878	0.0350988476	-0.0476771161	-0.0041200736	0.0384424584	0.0066242853	-0.0040720872	-0.0614302733	0.0372822591	0.032228216	-0.0426852874	0.0105609903	-0.0666840657	0.0013649068	0.0032066389	0.0108283521	-0.0386725769	0.0531171694	0.0394719571	-0.062428246	0.0415273371	0.0470777995	-0.0486636841	0.049546457	-0.0703403744	-0.0389380599	-0.0342112301	0.1186432432	-0.0397136306	0.037922779	0.0322894331	-0.0147372337	-0.0026847648	0.0127414216	-0.1153981867	-0.0154101587	0.0723872725	0.0168249802	-0.0244809657	-0.1009830997	-0.063075601	0.0534631086	-0.0275256824	-0.0010849519	-0.055861228	0.0394861657	-0.0845988942	-0.0631715863	0.0180535675	-0.0041018939	-0.0218383755	0.0044995944	-0.013662343	-0.0424984526	0.0025555307	0.0385411374	0.0142273374	0.1008071107	0.0183033313	-0.052314358	-0.0213702451	-0.0253254215	0.1076447618	0.026248245	0.0415125499	0.1045541631	-0.0068754121	-0.0022026395	-0.0122307312	-0.0167917824	-0.058440894	-0.0208759709	-0.0178853947	0.00566882	0.0020992622	0.0741977869	-0.0425959451	0.1119270802	0.046176676	0.0520664849	0.0613121001	-0.0073478183	0.0932552365	-0.0106605451	-0.0253500929	-0.0946396363	-0.0474750381	-0.0589536503	-0.0038918348	0.0616002484	-0.0091099371	0.0100337896	-0.0227066422	0.017856148	0.0255155163	0.0285866208	-0.0330573632	0.0130551523	-0.0145037796	-0.0362860407	0.0164110786	0.0914869069	-0.0430106328	0.0113627111	0.0035951416	0.0439071129	0.0328914733	-0.01766904	-0.069703793	-0.0061145399	0.0219540752	-0.0213420917	0.0298145521	0.0106724033	0.0107561864	-0.0058896851	-0.0394298832	0.0153317866	0.0202200743	-0.0171528137	-0.024008292	-0.0675308461	0.0637218759	0.0300572439	-0.0813979594	0.0178113211	0.0709234662	-0.0595200392	0.0144926429338028	0.0001797232469727	0.0002100366992067	3.2300445502410364e-08	0.0308168305298721	0.0112981125703015	0.0001276473476512	0.0009496770439068	0.1843560115746214	-0.0058922524119396	3.4718638486008126e-05	0.0339871390037019	-0.0057519466833601	0.0005842421213383	3.413388563459935e-07	3.308489064821726e-05	-0.0001060204712464	0.0004029193856654	1.1240340323308728e-08	1.6234403134498338e-07	0.0017452099903582	0.0003458081474676	1.195832748550425e-07	3.0457579104460684e-06	0.0	0.0	0.0	0.0
1766.2979614384958	-3.7132760640377	13.788419127755311	3119808.488581786	2450.8838710078485	6.500385143138374	42.2550070091341	6006831.749166416	1940.5825168734204	-5.4762437503038655	3765860.5047947792	29.989245612742145	2073.877815478983	1487.7651302635145	0.868159	27.046501	0.0771420735132301	0.0366252491857466	-0.012960099	-0.0540784125	0.0496939453	-0.0785930506	-0.0687671192	-0.0036499221	0.0034899532	-0.0031455984	0.0051023077	-0.0672190915	0.0450160534	-0.0010500885	-0.0807271066	-0.0810560654	-0.0554600138	0.0225826892	0.0114423689	0.0423448223	-0.0507265239	-0.0285912994	0.0302165972	-0.0201341711	0.0217161087	0.0368184911	0.0620136602	-0.0248477443	0.0320452102	-0.0593057074	-0.0498226236	0.004017254	-0.0007954128	-0.0095895802	0.0505268745	-0.0125652615	0.0929528957	-0.0717206267	-0.0156022923	-0.0466445553	0.0746511127	-0.0312254465	-0.0441987098	-0.005108413	-0.0181395798	-0.0139627038	-0.0225399249	-0.0531127995	0.0002388935	0.012543052	0.0079827806	-0.0878267057	-0.0493079135	-0.0173634881	-0.0244330503	-0.0267341079	-0.1046085527	-0.0770392711	-0.0527348569	0.0175828105	0.0621714104	-0.0274348041	-0.0355248391	-0.0925514421	0.0229124763	0.0313584949	-0.0331976651	0.0232087655	0.0170601776	0.0178321422	0.0175919628	-0.0279308978	0.0337036185	0.0234197326	-0.0202958376	0.0229760685	-0.0249217914	-0.0319141055	-0.0423092676	-0.0422129289	0.0105368428	-0.0837557844	-0.0754169186	0.0228368319	-0.050725074	-0.0118341424	-0.0222560632	0.0574213598	-0.1256089854	0.0027052846	0.003609521	0.1027067161	0.0194780776	0.0327941968	0.0280530928	0.0190581802	-0.0384953723	0.0403287958	0.0087675268	-0.0244373934	-0.0588350205	-0.0067285465	-0.0531183694	-0.043224631	-0.0295004833	0.0456240748	-0.0773523339	0.115645602	0.0069053062	0.0436495074	-0.0407410151	0.0524995291	0.0533315896	-0.0281146168	-0.0135754954	-0.0297004297	-0.0141511439	0.0134300069	-0.0151671508	-0.0530753181	-0.0196223589	0.0107908219	-0.0357624358	0.0503261368	0.0688676085	-0.0421288684	-0.0266662767	0.0312970888	-0.0185067058	0.0318611086	-0.0184395015	-0.050953995	-0.0611954075	0.0799571369	-0.0461192513	-0.0482809385	0.0327519998	0.026146047	-0.0101664847	-0.0753277696	-0.0801404997	-0.0336815609	-0.0138843175	-0.0522494807	0.0079716227	-0.0044437796	0.0310180908	0.0086288279	-0.0529939808	0.0420601655	0.0234839514	-0.0375843224	-0.0248241955	-0.0665549058	0.0652939789	0.0268518493	-0.0816216788	0.0227795284	0.0677702193	-0.0639883028	0.0239646259270216	0.0094719829932188	0.000574303295822	8.97184618238262e-05	0.019327375971784	-0.0114894545580881	0.0001320075660423	0.0003735474619546	0.2111478646694564	0.026791853094835	0.0007178033922552	0.044583420754471	-0.0059529902649699	-0.0002010435816097	4.041852170649629e-08	3.5438093094826405e-05	-6.21754950871356e-05	4.384497615926439e-05	3.8657921893304235e-09	1.922381934406463e-09	0.0014023228907855	-0.0003428870995726	1.1757156305337867e-07	1.9665094900210014e-06	0.0	0.0	0.0	0.0
1765.332048191163	-0.9659132473327644	0.9329884013729264	3116397.240370807	2435.5669609352394	-15.316910072609062	234.60773417239287	5931986.421199318	1941.6948487087504	1.1123318353299965	3770178.885502097	1.2372821118885984	2066.3814695672017	1428.3175255339756	0.9119020000000002	28.409279	0.0778415210642389	0.0454670322792341	0.0055162529	-0.0632684196	-0.0455696258	0.0031785406	-0.1280312109	-0.0302731367	0.0753621634	-0.0041085654	0.0548183245	-0.064949742	0.0081579079	0.0635716422	-0.1055065757	-0.0497131226	0.0100242676	-0.0273615274	0.0195107974	0.0876617047	-0.015127654	-0.0370269638	0.0373381259	0.0357127354	-0.0067593053	0.0804740563	0.099987922	-0.0182112088	-0.0191585817	0.0275201739	-0.0979104992	0.0085589312	0.0351847276	-0.0045519367	-0.0137350876	0.0326845767	-0.0566100042	-0.0472678372	-0.023944381	0.0274876888	-0.0002703153	-0.0420119783	-0.0176878974	-0.0551637771	0.0162863184	0.0593074804	0.0416906566	-0.0098410738	0.0132335246	0.0029345956	-0.0065904966	0.0139648051	0.0694473539	0.0758372834	-0.1373675084	-0.0572733444	0.0658831592	0.0681760871	-0.0558427866	0.013208341	-0.0566822174	-0.0013464182	-0.0091367123	0.03329536	0.015123536	0.063568491	0.0527012439	-0.0662349102	0.0183081525	-0.0914711899	-0.0281602657	0.0518915444	0.0387640484	0.0163444272	0.0513525162	0.0330811126	-0.0445682342	-0.031765131	-0.0457216136	-0.0066092977	-0.0247673986	-0.0499073235	-0.0783630786	-0.1235285556	0.0362271254	0.0022624058	0.0264367679	0.0311913407	-0.0962012524	-0.0544306395	-0.0219750933	0.0071670958	0.0559249878	0.0212243564	-0.0255419414	-0.0348211738	-0.0499312551	-0.0089140382	0.0103053176	-0.0028270388	-0.0292602995	-0.0038140572	-0.0306326995	0.020532845	0.0324587685	-0.0258115501	0.0191178882	0.0150733181	-0.0019853478	0.0192299348	-0.0451232515	-0.0593886343	-0.0695729919	0.005267165	-0.0345151252	-0.0037415464	2.147e-06	0.0109997875	-0.0425619504	-0.009934091	-0.0211740664	-0.0361253083	0.0449625225	0.0933765592	-0.0552191653	0.0349562296	0.0594885354	0.0085733493	-0.0262164767	0.026643055	-0.0065625092	-0.0551733163	-0.0326086789	0.0969747066	0.0594182285	0.031892176	-0.0593030669	-0.0457397381	0.0102923712	-0.1035505324	-0.0540063132	-0.0175008171	-0.0242251264	-0.0151583509	0.0162883167	-0.0188438211	-0.0215904885	0.0078439664	-0.0270044201	0.0406319768	0.0263351821	-0.005972917	-0.0256373767	-0.0655497724	0.0668016447	0.0235993474	-0.0816216788	0.0276578354	0.0642529755	-0.0680077345	0.0201757361698469	-0.0037888897571747	0.0004070603299952	1.435568559202337e-05	0.0444152046065227	0.0250878286347387	0.000629399145606	0.0019727104002392	0.2354750412117852	0.0243271765423288	0.0005918115185216	0.0554484950336919	-0.005967834882304	-1.4844617334099608e-05	2.2036266379585047e-10	3.5615053182444394e-05	0.0004128098681166	0.0004749853632037	1.704119872144447e-07	2.2561109525778465e-07	0.0014052454328476	2.9225420621001048e-06	8.541252104744333e-12	1.974714726539039e-06	0.0	0.0	0.0	0.0
1768.8472958783912	3.5152476872281118	12.356966302562585	3128820.756136297	2433.018593399613	-2.548367535626312	6.494177096634123	5919579.475828232	1942.4578500513344	0.7630013425839479	3773142.499226052	0.5821710487849071	2071.662950268406	1456.4420399801656	0.860414	26.805225	0.0889151339092031	0.05267375741373	0.003565133	-0.0519417694	0.0180163854	-0.0110632784	-0.0705034753	-0.015022767	0.0373151572	0.0575295631	-0.035335831	-0.0409875606	-0.0952947155	-0.003051293	-0.0505137322	-0.1161511318	-0.0231485628	-0.0654016374	0.1149082306	0.0503296165	-0.0485291494	0.050435444	0.008528566	0.0775431136	-0.0039155102	0.0310778802	0.1041085946	0.0320846556	-0.0067590052	0.0568549285	-0.0764566368	0.0422469203	0.0045795798	0.0429469769	-0.0089902322	0.0358026492	0.005223704	-0.0709920438	0.0435056668	0.0358466647	-0.0708838511	-0.0340381307	-0.0896394304	-0.0086711575	-0.0855501854	-0.0173526698	0.0143863869	-0.0336915707	-0.0129797264	0.0626563182	0.0568185163	-0.0412001335	0.0590129591	0.0185494302	0.0287311829	-0.0600627513	-0.0457754024	-0.0350331433	0.044140292	0.0521768112	0.0663031751	-0.0398158158	-0.0458548696	-0.0474536328	-0.0680033427	-0.0470408078	-0.0473961182	0.0581137489	0.0149525435	0.0387242399	-0.0109126148	0.0185503364	-0.0618812018	0.0026111229	-0.0192209005	-0.0380933791	-0.1006662797	0.0444164337	-0.0667676161	0.054062723	-0.0108327655	-0.0151448753	-0.0561413301	-0.0399851292	0.00254809	-0.0365618237	0.045562915	0.1140869082	-0.0828997156	-0.1283059608	-0.0776914569	-0.0102013769	-0.0092194693	0.0159626236	-0.046905347	-0.0353319701	-0.0308885081	0.07365255	0.0187262147	-0.0241686777	-0.0372534118	0.0355427654	0.0001236375	-0.0612132321	-0.0869220886	-0.0189796706	0.0173445059	0.0312129637	0.0009714852	0.0121262177	-0.0500466829	-0.0640741475	0.0253633683	0.045249857	0.0061190844	0.0241195013	0.0324394726	-0.0214010973	-0.0698641476	-0.0059144704	-0.0520203017	0.0279096816	0.0060206512	-0.0519308449	-0.0412443045	-0.0205230578	-0.0421911917	-0.0033962068	-0.0160175818	0.0360629328	-0.0158901663	-0.0413050417	0.0392414153	0.0956470571	-0.0387642576	0.0504023486	-0.0278362156	0.0365632533	-0.0016880663	-0.0341982413	-0.0412877717	-0.0040822846	0.0170316211	-0.0238091953	0.0126692759	-0.0319068712	-0.0097763872	-0.0425534124	-0.0074248391	0.0200183259	0.0652991522	0.0093423425	-0.0264477464	-0.0645158866	0.0682433853	0.0203054443	-0.0813979594	0.0324269895	0.060390626	-0.0715501408	0.0196846178890552	-0.0004911182807917	0.0003874841814381	2.411971657277962e-07	0.0489714552457769	0.0045562506392542	2.075941988770433e-05	0.0023982034288891	0.206558777325533	-0.0289162638862522	0.0008361503171393	0.0426665284902191	-0.0061592952338655	-0.0001914603515615	3.665706622005335e-08	3.793691777791827e-05	-0.0003029221491352	-0.0007157320172518	9.176182843668836e-08	5.12272320519331e-07	0.0015970830860924	0.0001918376532447	3.680168520247207e-08	2.550674383882424e-06	0.0	0.0	0.0	0.0
1771.0033952738495	2.156099395458341	4.648764603095823	3136453.026071503	2431.46858158818	-1.5500118114332508	2.402536615582588	5912039.463250435	1939.6975025515164	-2.7603474998179536	3762426.40140459	7.6195183197512275	2068.6880034205187	1518.688438611748	1.247876	38.876171	0.11215872065734	0.0580242389745055	-0.1123715885	0.1160124509	-0.034451982	-0.0347691929	-0.0276263678	0.075728304	0.0851494284	-0.0312090241	-0.0122960168	-0.0281617584	-0.0993170409	-0.0582704068	-0.0190961305	-0.0272743534	-0.177387355	0.0286209807	-0.0372422894	-0.0053240901	0.068838411	0.0094463685	-0.0770437744	0.0655254879	-0.066718553	0.1205973661	-0.0129657269	0.0602802347	-0.0109775456	-0.0225943467	0.0055578561	-0.0112504555	0.0243409386	-0.0503707111	-0.013932218	0.037882315	-0.0464657646	-0.0585986363	-0.0258042192	-0.0264122681	-0.0201569082	-0.0007438626	0.0583588916	0.0135637078	0.0331619589	-0.0296807647	0.0584239734	-0.0138614654	-0.0435143962	0.0115421411	-0.0457544137	-0.0654587053	-0.0213254135	-0.0316211786	-0.0480645412	0.0216416653	-0.0346527142	0.0003912784	0.0169741241	0.1179689452	0.0215925526	0.0578642129	0.0643461251	-0.0093965887	-0.1084540517	-0.0618388804	0.0177418342	0.0639740785	0.1166768833	-0.1643553012	0.1248924759	-0.0338023887	0.0511882317	0.0114664237	0.0714128848	-0.0441675891	-0.0074372697	0.0747382832	-0.0567445528	0.1125916241	0.1100524624	-0.0897501461	-0.0225189014	-0.0398586813	-0.0285330114	0.0429126316	0.0500567864	-0.0409150793	-0.0117001729	-0.1061262199	-0.0112455472	0.0117816323	0.0494560349	-0.0129226737	-0.0226258883	-0.0578827812	-0.0175655493	-0.0356984582	-0.0584009112	0.0157641437	0.0144745174	0.0941545454	-0.007559283	-0.0245250035	0.0068168255	-0.0384562396	-0.0433421666	-0.0544896996	-0.0341204611	-0.0215417289	0.0122960692	0.0713980354	0.0517876442	0.0174477047	-0.103055826	0.0392623002	-0.0471460073	0.036773342	-0.0114948303	0.019730352	-0.03151627	-0.0056088514	-0.0181282458	0.0371704155	0.033808703	0.0387042037	0.0869913315	0.0087042054	0.1027500317	-0.0538443012	0.0538468496	0.0334457375	-0.0073097505	-6.95694e-05	-0.1075962494	-0.0062337636	-0.0023248935	0.0001927992	-0.0227655577	-0.0693896316	-0.0007416	0.026441025	-0.1437886469	-0.1502821294	0.0257109696	-0.0701271799	-0.0733604989	0.0681558465	0.0785487096	-0.1010785803	-0.0359659725	0.0487121157	-0.0272552159	-0.063453702	0.0696177779	0.0169759185	-0.0809511339	0.0370681691	0.0562039158	-0.0745906743	0.0511352515649434	0.0314506336758882	0.00261481395261	0.0009891423586149	0.0387428562239193	-0.0102285990218576	0.0001046242379499	0.0015010089083872	0.2509174294959422	0.0443586521704092	0.0019676900223753	0.0629595564248511	-0.0058528135425415	0.000306481691324	9.393102711681999e-08	3.4255426363757176e-05	-0.0002566719620149	4.625018712030001e-05	6.588049608457828e-08	2.1390798086627647e-09	0.0017667679234318	0.0001696848373394	2.8792944022898673e-08	3.121468895267514e-06	0.0	0.0	0.0	0.0
1776.1144136393764	5.111018365526888	26.122508732753147	3154582.410337546	2418.814005251284	-12.654576336895843	160.13830226632422	5850661.191999759	1943.014522949978	3.3170203984616364	3775305.436394531	11.002624323810592	2066.556072132187	1472.2247536836471	1.189331	37.05225	0.1971496277181294	0.1051985059329351	-0.0619964796	-0.0264060701	-0.0138418477	0.0616075297	-0.1072589028	0.0537091895	0.1083901012	-0.0849707609	-0.0391317594	0.0069062596	-0.1252199524	0.0221493674	-0.051595597	0.0568371967	0.0003870595	-0.0420278626	-0.061429851	0.0016414403	0.1093976239	-0.0199201684	0.0077325394	0.0838059651	0.0373752458	0.0339002919	0.0196671755	0.0610594996	0.0464199481	-0.0014930832	-0.0647864892	-0.014045754	0.0537504446	-0.1331177622	0.0396367338	-0.0017979021	-0.0800362003	-0.0401680079	-0.0953320357	0.0854849672	-0.0176484308	0.0263433131	0.0870518631	0.0639750302	0.1237755573	0.0105309396	-0.0162247156	-0.0454584925	-0.048516925	0.0685056263	0.0548922247	0.0198905746	-0.0255679225	-0.0256717016	-0.012774885	-0.0276043043	0.034724471	0.044302867	-0.0405490119	-0.0336806609	-0.0639125206	-0.0207593029	0.0384062251	-0.0266729313	0.0029101297	-0.0425675781	-0.0679092523	-0.0005994372	0.0491135564	0.1008383124	-0.0046150668	0.016499575	-0.0098421287	0.0447615158	0.1311269741	0.0192574364	0.0031494749	0.0730013344	-0.0647870129	0.0345562786	-0.0398741087	-0.0878695531	-0.0357658965	0.023764271	-0.0532186051	0.0332451524	0.0111790819	-0.1824526815	-0.0338123943	-0.088724588	0.022036152	0.010067997	0.0218268987	0.0040565933	-0.0903827717	-0.0006035286	-0.0771257679	-0.046812317	0.0585436901	0.0181261528	0.0721227593	0.0231047669	0.0164176752	0.0305693014	-0.0490844792	-0.0138921019	0.0333109336	-0.0029053005	-0.0411189925	0.0419032272	-0.0678020038	-0.0263788623	0.0144369173	-0.0646754248	-0.0743599658	-0.0529653343	-0.0033796042	-0.0113488749	-0.0133548775	-0.0636250519	0.0880747548	0.0321928935	0.1249801427	0.1192309955	-0.0010430937	0.039525089	-0.0886966699	-0.0061939613	0.0309112564	0.0039860038	0.02275927	0.1104349017	-0.0949393308	0.0263139934	0.0308739896	0.0084460034	-0.0501488822	0.0633642225	0.1218097751	-0.233490526	0.102099289	-0.0180859205	0.0356730884	0.0660573088	0.0563105968	-0.0424584081	-0.1921221718	-0.0560487724	0.0698724706	-0.0337810652	-0.0175756733	-0.0521482897	-0.0280596966	-0.0623636846	0.0709234662	0.0136166111	-0.080282427	0.0415630576	0.0517153317	-0.0771080077	-0.0091123238656791	-0.0602475754306224	8.303444623302489e-05	0.0036297703452685	0.0618480911975609	0.0231052349736416	0.0005338518831871	0.0038251863847818	0.2389192297327369	-0.0119981997632052	0.0001439567975577	0.0570823983360843	-0.0059441105779492	-9.129703540769994e-05	8.335148674234817e-09	3.533245056288757e-05	0.0003412541492462	0.0005979261112611	1.1645439437774777e-07	3.575156345278214e-07	0.0004200187190874	-0.0013467492043444	1.8137334194022749e-06	1.7641572438382026e-07	0.0	0.0	0.0	0.0
1776.4282102371385	0.3137965977621206	0.0984683047670821	3155697.186126323	2428.5752447622795	9.761239510995438	95.28179679101844	5897977.719472165	1947.7311113752064	4.716588425228338	3793656.482218897	22.24620637299793	2075.875600789919	1507.7320873969425	1.020352	31.787895	0.1683711833753202	0.0959769481356464	-0.0073600366	-0.0115509781	0.0330674483	-0.0274153732	0.0256788569	0.0795424584	0.0205370292	-0.0354113084	-0.0937250254	0.0161231294	-0.1100511008	-0.0202404465	-0.0440408175	-0.0487848097	0.0760349565	-0.093619526	-0.0435271177	0.0969015124	0.0416881613	0.021172797	0.0530000111	0.126354429	0.0668738637	0.0160321849	-0.0031702945	0.0373875313	0.0835334053	-0.0664210207	-0.0012622249	0.0571429019	0.0167413425	-0.0234110614	0.1099523721	-0.0255852823	0.0579416787	-0.0186524667	-0.0427776837	0.0165624699	0.0613328128	0.0320991177	0.0115675505	-0.0055649386	-0.0312684734	-0.0120104482	-0.0222543885	0.0679677308	0.0478492394	0.0208512621	-0.0311357593	-0.0284074552	0.0280087885	-0.0098829001	0.0555251807	0.053164815	0.0469534578	0.0225359031	0.0961240699	0.0827964919	-0.0584186087	7.41266e-05	-0.05332588	0.0506727255	0.011727448	-0.029198123	-0.0051157273	-0.0202609024	0.041176833	-0.0026859147	0.0192443188	0.0769718623	-0.0251200657	-0.0320372252	0.0364880558	-0.0125927884	-0.0002729404	0.0996744234	-0.0988539595	-0.0539958558	-0.0441901099	-0.0637787471	-0.0016131325	0.0419773461	-0.040556421	-0.0624041307	0.0230703162	-0.1304154106	-0.0785233036	0.0514242463	0.0194428076	0.0437759866	-0.0041052773	-0.013057745	-0.0235686296	-0.0236870793	0.0092321461	0.0280119044	-0.022730357	-0.0254548372	0.0193723079	-0.023167985	-0.015182376	-0.0798198225	-0.0312151488	0.0433513308	0.0159983175	0.0004922738	0.0034807368	-0.067884269	0.0419153212	-0.0658180421	0.0880994184	-0.05387941	0.0641596046	0.0718548949	0.00337559	-0.043590464	0.0421789265	0.0212250172	0.0505813624	-0.0253462659	0.0596956699	-0.0316514316	-0.0165107536	0.0457749515	0.0473566218	0.0203300887	-0.0139980097	0.0265752952	-0.0251519291	0.0897929293	0.0156330865	0.0852238171	-0.0578910623	0.038920556	-0.077059434	0.0861809083	0.0540734516	-0.0979384295	0.0808664381	0.0270335259	0.0935813775	-0.0246867167	0.1194708496	-0.0235626534	-0.1163677424	-0.030078537	-0.0056915428	0.0056192981	-0.0134813676	0.0674082845	-0.0288611001	-0.0612463124	0.0721591615	0.0102334157	-0.0793936715	0.0458939156	0.0469489822	-0.0790844839	-0.0327655867938858	-0.0236532629282066	0.0010735836779476	0.0005594768471508	0.0605809584121885	-0.0012671327853723	1.6056254957656072e-06	0.0036700525221393	0.1852766989151675	-0.0536425308175694	0.0028775211125138	0.0343274551609016	-0.0046049930637929	0.0013391175141563	1.793235716720148e-06	2.120596111758072e-05	-9.202182190093389e-05	-0.0004332759711471	8.468015705967195e-09	1.8772806717349202e-07	0.0004437903706674	2.3771651579999984e-05	5.650914188409156e-10	1.9694989309710829e-07	0.0	0.0	0.0	0.0
1772.2493402941711	-4.178869942967367	17.462954000236085	3140867.724173125	2448.37831793891	19.803073176630733	392.1617072389916	5994556.387753367	1944.755612956236	-2.9754984189703464	3782074.3941247854	8.85359084129503	2074.46796573277	1535.3164402056584	0.968625	30.176405	0.1417772717224838	0.0696935934914926	-0.0290257967	-0.0244606008	0.0964004426	-0.113495932	-0.025834516	0.0434214554	0.0080006477	-0.0796977114	-0.0544021367	-0.0453750702	-0.031747711	-0.0274985704	0.0328756362	-0.0360775539	-0.0691106186	-0.0850076893	-0.0304179252	0.0986801652	0.0273110569	-0.0248824185	0.0578968523	0.0047695154	0.0690494584	0.0104702269	-0.0272997438	0.0160149385	0.0533753727	-0.0594870021	-0.0387177979	-0.012713283	-0.0082538826	-0.1038218579	0.0429813869	-0.0444406881	0.0252537746	-0.0542031592	-0.0692472195	0.047661505	0.007153694	-0.0140889458	0.0031106925	0.006882746	0.0799051922	0.019071979	0.0807537841	0.0316815191	0.0110370416	-0.0067314934	0.057744339	-0.0407305046	0.0013029018	-0.028666197	-0.0267538931	0.0466233925	-0.1414838499	-0.0210794681	-0.0925740486	-0.0434561341	-0.03693822	-0.0527573074	0.0351966636	0.0481759265	0.0122006562	0.100744296	0.0259665239	0.0583044258	-0.0310968914	0.0070337964	0.1389561261	-0.0198477581	-0.032576639	-0.0436801192	0.04203391	0.0044718303	0.0465248463	0.0148429218	-0.0493490364	-0.0413889501	-0.0315791932	-0.101322809	0.0086101609	0.0982327278	-0.0460390445	-0.0131637773	0.0245313091	-0.0839004503	-0.128778066	-0.0277276552	0.0340249753	0.0727038353	-0.0021739733	0.0204543366	0.0311151406	-0.0390098234	-0.0954835	0.1194495162	-0.0010185187	-0.0751409407	0.0543769002	0.0147533157	-0.0185169958	-0.0149337866	-0.0750866408	-0.0612345901	-0.0018462365	0.0628709867	-0.0264759825	0.0532845448	-0.0197046001	0.0966394859	-0.049741421	0.0084090375	-0.127982808	0.0095179469	-0.0047585344	-0.0152950944	0.0546836287	0.0614069585	0.0312879113	-0.0282747934	-0.071226444	0.079940372	0.1215810543	-0.0073926292	0.0210036435	-0.0117474743	-0.0030839424	0.0369486035	-0.02572574	0.003091327	-0.0626425502	0.0822465619	-0.0468711755	-0.0310204373	-0.0260722232	0.0889034098	-0.0080988919	-0.0981813312	0.0137909494	-0.0183839586	0.0426059744	-0.1113539587	0.0416281712	0.0373996384	-0.0749859175	-0.056990019	-0.016012634	0.0074760978	0.0025782224	-0.0701761495	-0.0296593388	-0.0601020755	0.0733236445	0.0068322673	-0.0782873035	0.0500436514	0.0419304676	-0.0805062393	0.0073895962058259	0.0401551829997117	5.460613208515653e-05	0.0016124387217403	0.0527587080024005	-0.007822250409788	6.118760147342861e-05	0.0027834812700825	0.2031048425580053	0.0178281436428378	0.0003178427057496	0.0412515770705121	-0.0054320684215663	-0.0008270753577734	6.840536474359982e-07	2.95073673365778e-05	8.389201718639328e-05	0.0001759138390873	7.037870547602104e-09	3.0945678782442034e-08	0.0009602350672096	0.0005164446965422	2.6671512458656506e-07	9.22051384299025e-07	0.0	0.0	0.0	0.0
1766.9835457968168	-5.265794497354364	27.72859168836749	3122230.8511166917	2433.633445457176	-14.744872481734092	217.41126450259927	5922571.746847766	1943.1830359854928	-1.5725769707432846	3775960.311341797	2.4729983289121256	2067.488006299636	1472.7557895461807	1.095367	34.124912	0.3045470747625357	0.164637449422778	-0.0730494539	-0.0808932403	-0.0005009558	-0.0182173207	-0.0098133931	0.005507692	0.0355676678	-0.1078731574	0.0918234657	0.0382107603	-0.0156130617	0.0558395282	0.02434803	-0.0191341786	0.0283392781	-0.0676370899	0.0632038939	0.045566349	0.0621842404	-0.0375682139	0.0731447258	0.054645883	0.00201186	0.0318028357	0.0889188566	0.0045340878	0.0473094592	-0.0197843186	-0.0349191643	0.0531163326	0.004123488	0.0242901849	0.0349127668	-0.0764849314	0.0482034504	-0.0206991191	0.0040463571	0.0577239992	-0.0161890433	-0.0291292686	-0.01217436	-0.0721461673	-0.0085383193	-0.084848363	-0.0728534724	0.0319432783	0.0113545754	0.0861201785	0.0953106584	0.0193639614	-0.0621253824	0.0742800284	0.0256868389	0.1247065134	0.0836743808	-0.062006727	0.048825315	-0.0475377484	-0.0519870097	-0.0618449051	0.0116621653	0.0469037996	0.045645936	0.0557417323	0.040791059	-0.0153406349	-0.050320482	0.0074381875	-0.0726573338	0.0107865372	-0.0417315875	-0.1127248237	0.119877562	0.0567986069	0.0331389395	-0.0227298657	-0.0179774751	-0.0997660467	0.0088784536	-0.0345210366	-0.0680614283	0.0727614875	-0.0391652589	-0.0330718639	-0.0405061346	-0.0531199961	-0.0066532388	-0.0263413346	0.0157267647	-0.001849669	0.0083648419	-0.0169808639	-0.0911022609	0.0185978248	0.0229548656	0.00125222	0.0545419624	0.0432153059	-0.0392178288	-0.00144995	0.14566196	-0.0372420461	0.0002471577	-0.0137298513	0.1030741151	0.0053279405	0.0617965276	-0.0688051742	-0.0528454822	-0.0473832979	0.0096968602	0.0063542838	0.0490909839	0.0567952255	0.0716089252	0.0430747872	0.0788487399	0.0789683678	-0.0562294941	0.1132992747	0.0102200166	-0.0217491287	-0.1128036416	0.0569228224	0.01293617	0.0513963179	0.0742649442	0.1110124074	-0.0480966284	0.0143608199	-0.0199139062	0.0317422472	0.0342292025	0.0890549596	-0.0473045728	0.0162323845	-0.0527654559	-0.0457607608	0.0676217864	-0.0362760703	0.0091637218	-0.0346258644	-0.0016469282	-0.0686380971	0.0122171019	0.0607428337	-0.0854818519	0.0784687229	-0.0840490922	0.0773856149	-0.0304543249	-0.0589314758	0.0744157659	0.0034191328	-0.0769663555	0.0539958877	0.0366867426	-0.0813633012	0.0396855326811049	0.0322959364752789	0.001574941504183	0.0010430275128152	0.0874962887543375	0.034737580751937	0.0012066995164973	0.0076556005457824	0.3587199943875703	0.155615151829565	0.0242160754789385	0.1286800343734184	-0.0046941422975746	0.0007379261239917	5.445349644694145e-07	2.2034971909878945e-05	-0.0007020266266803	-0.0007859186438666	4.928413845681214e-07	6.176681147772623e-07	0.0010743584134663	0.0001141233462566	1.3024138160826621e-08	1.154246000585825e-06	0.0	0.0	0.0	0.0
1767.2460299826591	0.2624841858423679	0.0688979478173307	3123158.53048947	2439.2902391221787	5.656793665002624	31.99931456841382	5950136.870676735	1939.9718710512248	-3.211164934268026	3763490.86046999	10.31158023507258	2072.1656918040144	1547.7090565303786	1.119012	34.861538	0.1368066325710081	0.0608351677676186	-0.1115097861	-0.071463232	0.081133473	-0.0938727665	0.1530001177	0.0689236996	0.0515255441	-0.0835331381	0.073369218	-0.0034745567	-0.0418566414	-0.0177287072	0.2151955775	0.051250734	-0.0008070006	-0.0038476916	-0.0087617737	0.1386919197	0.0947468904	-0.0655061266	0.0753578706	0.0323274765	0.0262118515	0.0028728071	0.0480220561	0.0228826386	0.0319608892	0.0181109547	0.0086477559	0.047431267	-0.0497245674	0.0313987593	-0.0576797382	0.0344541545	-0.0605461333	0.0218650022	0.0394971018	0.0048602192	-0.0077944116	0.0115619665	-0.0137623193	0.0270669047	-0.044330603	0.0586113191	-0.0877238244	-0.010435637	-0.0535216577	-0.0680930685	0.0675260088	0.0278290935	0.042659075	-0.1005283061	-0.0133432557	0.0388047378	-0.0492544341	-0.0555229316	-0.0856162863	0.0299125272	0.0084887171	-0.1321887283	-0.0081745571	0.0011875936	0.0077878534	0.0940872659	0.130438857	-0.0810839393	-0.0331998642	-0.1049828746	0.0949362488	0.0150213955	0.0491530995	0.0260406051	0.0797626052	-0.0949943265	0.0430200314	-0.0751761291	0.0073918928	-0.0308297514	-0.0521519896	-0.045765415	0.0408347637	0.1088816206	0.0775256233	-0.0155886336	-0.0210269517	0.0258665549	0.022892274	-0.1514057294	-0.0900094262	-0.0522096252	-0.0861968497	0.0161443427	-0.0298941333	-0.1269540915	0.0135823967	-0.00863808	-0.0619726386	0.0520880355	0.0692066177	-0.040576793	0.0399367078	-0.1274326049	-0.0188359055	0.0863588645	0.0625527982	-0.1540102961	-0.01315159	-0.0836453815	-0.0217553847	0.1131895152	0.0028998131	-0.0162562913	-0.0976580539	0.0306801619	0.0187791007	-0.0073853455	0.0063740176	0.0005481772	0.0194392989	0.0227316514	0.0171436709	-0.0100570927	-0.021454155	0.0578753809	-0.0293006008	0.0100770211	0.0950829436	0.1553111955	-0.0695062537	0.003906284	-0.0180496934	-0.0622654671	-0.0328949897	-0.055926459	-0.0199985145	0.0715587091	0.0231827434	0.1282736857	0.2537789296	-0.1568293086	0.0806508339	-0.1780027351	-0.1746583431	0.0319666383	0.0945104108	-0.2006454656	-0.115159562	-0.124252674	-0.0725141943	-0.0136936389	-0.0312459714	-0.0577350269	0.0754344479	0.0	-0.0754344479	0.0577350269	0.0312459714	-0.0816496581	0.0142923979323654	-0.0253931347487395	0.000204272638657	0.0006448112923676	0.0532788401798711	-0.0342174485744664	0.0011708337869462	0.0028386348109122	0.356678702800643	-0.0020412915869272	4.166871342860114e-06	0.1272196970315494	-0.0039953926092826	0.000698749688292	4.882511268881672e-07	1.596316210231002e-05	-0.0004769906332062	0.0002250359934741	2.2752006416645162e-07	5.0641198358875194e-08	0.0004950489420149	-0.0005793094714513	3.355994637133004e-07	2.450734549900718e-07	0.0	0.0	0.0	0.0
1754.8254646279925	-12.420565354666678	154.27044372954617	3079412.4113068497	2465.4109759860567	26.120736863877937	682.2928943119518	6078251.28051252	1934.8589446214644	-5.112926429760364	3743679.135581687	26.142016676142063	2071.899070055823	1497.1644491653526	1.212205	37.764881	0.1254810220217287	0.0844236054719938	-0.0088880187	-0.0442790517	0.0699834376	-0.0469302991	0.0112576238	-0.0874329845	-0.0690339257	-0.1456614998	0.0279700216	-0.0448602789	0.0112331948	0.0388150938	0.1333346439	-0.0505413492	0.1024175147	0.0190396694	0.0756113412	0.0873509326	-0.0028826505	-0.0660722262	-0.0041209328	-0.0332882183	0.0107304848	0.0333258972	0.0149209687	0.0178117292	-0.040826759	-0.0285915074	-0.0982441529	0.0078229929	-0.0041796554	0.0064052324	0.0662355243	-0.0925790758	0.0809889184	0.0292272689	0.0088681256	0.0330342828	0.0507373435	0.0311342286	-0.0131362482	-0.0432119608	0.0139376727	0.0167272615	-0.0635699914	0.0593904901	0.0629083312	0.0702601279	-0.1029342044	0.0308421318	0.0001590717	-0.0171391932	0.0465949166	-0.0405650343	0.0174969607	0.0055553184	-0.0684451737	-0.0137022625	0.0366095996	-0.0666815565	0.0432377328	-0.0305993014	0.0398713854	-0.061928306	-0.0146914148	0.0888200409	0.042303956	0.0817437543	-0.0112621565	0.0007602891	0.0278160472	0.0313848836	0.0233488167	0.0297255057	0.1215346679	-0.0494090808	0.0227815258	-0.1092666899	0.0533691738	-0.02479371	0.0048861556	0.0200855226	0.0106877461	-0.0893323046	0.0346360612	0.0029059165	-0.0160946681	0.0391016212	-0.1099962366	0.0600532896	-0.0383685168	0.0972576779	-0.0363740421	-0.0738028142	0.0120658349	0.1089273114	-0.0026184417	-0.0291277617	-0.078594221	-0.0243311142	0.0151931707	0.0326453915	0.0587081331	-0.0068823775	-0.0159328436	-0.0248712813	-0.0361779629	-0.0240820347	-0.0347663325	0.034934825	0.0550454057	0.0015449978	0.0145737683	0.0702963935	0.0304441443	0.0362483309	0.0546606285	-0.119989181	-0.0131124077	0.0655581507	-0.0338614485	0.0824076574	0.0254475593	-0.0513743408	-0.1445539314	-0.0708171362	0.0187702432	0.0476485623	-0.0597403514	0.0135744307	0.0176793873	-0.05902171	0.1104791158	-0.0337699591	-0.0311403315	0.0146084085	0.0242387908	-0.0642938056	0.069267673	-0.1129070742	0.1134982115	-0.1541426034	-0.1024688716	0.0409763047	0.0285455969	-0.0486004829	-0.1334948053	-0.0054176415	-0.0051542272	0.0281397771	-0.0320341914	-0.0565132535	0.0763786853	-0.0034191328	-0.0736957799	0.0612463124	0.0256373767	-0.0813633012	0.0238623918702245	0.0095699939378591	0.0005694137457681	9.158478397065992e-05	0.041708267678203	-0.011570572501668	0.0001338781480163	0.0017395795927166	0.2773260976671565	-0.0793526051334865	0.006296835941471	0.0769097644472932	-0.003897288910249	9.810369903359966e-05	9.624335764075104e-09	1.5188860849949836e-05	-0.0005106840515012	-3.369341829499999e-05	2.607982004576803e-07	1.1352464364018399e-09	0.0008630088336606	0.0003679598916457	1.353944818599153e-07	7.447842469762293e-07	0.0	0.0	0.0	0.0
1750.0306926588703	-4.794771969122166	22.989838235879656	3062607.425248085	2409.5500217013887	-55.86095428466797	3120.4462135937647	5805931.307081163	1929.3049728369824	-5.553971784481973	3722217.678213509	30.84660258282188	2065.6371206046188	1504.312407227744	1.324594	41.26622	0.1960621508481603	0.1107127476311178	-0.0415942682	0.125374914	0.0560203491	0.0400418693	0.0013715753	-0.0839433224	-0.0444274978	0.0316624051	-0.0271432218	0.1515020454	-0.087051897	-0.0141892822	0.0584746652	-0.0128914905	-0.0430232332	0.021779234	-0.0754715535	-0.0339332834	0.0121989714	0.0045309083	-0.1871003175	0.0138530839	-0.0821892194	-0.0512111059	0.0497436778	-0.0706207536	0.0449779124	0.0960656226	-0.0401359753	0.0266424021	0.0121543136	-0.0705094085	0.1364906355	-0.1094639662	0.1362321775	-0.0697961396	0.0553080226	0.0961018693	0.0494432412	0.0160937805	0.0335430501	-0.0985563633	-0.0993013383	-0.0165734464	0.0322944991	-0.0142024303	0.0618486896	0.0383009649	0.0898588017	0.0200012051	0.00694042	-0.0350519368	-0.0457320219	0.0562294948	-0.0013165952	0.1484742118	0.0270970875	0.0977915624	-0.0204967181	-0.0123556632	-0.0393988726	0.0414321637	0.0243289899	-0.0632132655	-0.0362847364	0.0621806366	-0.0404671064	0.0106320422	-0.044913311	-0.0392380331	0.1434518709	0.0834224192	-0.0348897767	0.0177831466	0.0559917855	0.0930976605	0.0036240339	0.1226038423	0.1509271898	0.0368226719	-0.055934988	0.0777872199	-0.0389722193	-0.0568286268	-0.0260413143	-0.0516051268	0.0681761366	-0.0128526911	-0.0984403029	0.1646211547	0.0441218098	0.1847158315	0.0357334888	0.1200456682	-0.0117802682	0.005579495	0.0083015997	-0.1177588601	-0.0719968751	0.0764126044	0.0126486186	0.0875544239	-0.0069618583	0.1240297044	0.0646334591	-0.1129233188	0.069102552	0.0688271749	-0.0246193258	-0.0330541954	-0.0612910291	0.0197874493	0.09869772	-0.0571424122	0.0172356718	0.1053164481	-0.005843218	-0.012878896	-0.0719362575	0.0449890291	-0.0575803352	-0.0259926639	0.0116713116	0.0320577975	0.0463013669	-0.0379619332	0.0694757536	-0.1017775874	0.0076791443	0.157728123	0.1349345898	-0.2257588727	0.0047666626	0.0547402209	0.0863895789	-0.0050310196	0.0721801512	-0.1724525183	-0.0621558817	-0.1780859279	-0.0416210004	0.0116141746	0.0699706019	-0.0701765337	0.0103828797	0.1459632047	-0.0234301754	0.0846777884	0.0108807232	0.0045584018	-0.0328188985	-0.0552666915	0.0772475461	-0.0068322673	-0.0717551168	0.0645158866	0.0198910824	-0.0805062393	0.0429824222714074	0.0191200304011829	0.0018474886243175	0.0003655755625421	0.0761187315450087	0.0344104638668057	0.0011840800235287	0.0057940612920211	0.1824605037913897	-0.0948655938757667	0.0089994809014019	0.0332918354438077	-0.0034710601353205	0.0004262287749285	1.8167096857705e-07	1.2048258463011168e-05	-0.0008697920294851	-0.0003591079779839	7.565381745558091e-07	1.2895853985168525e-07	0.0010309933348363	0.0001679845011756	2.8218792635248733e-08	1.062947256476875e-06	0.0	0.0	0.0	0.0
1754.7100237104637	4.679331051593408	21.89613909040627	3079007.2673099763	2429.7366454512985	20.186623749909813	407.49977842042296	5903620.166248929	1936.2614654968168	6.956492659834339	3749108.46276788	48.39279012632904	2066.397576367782	1512.6788428631503	1.143698	35.630608	0.0295158677984826	0.019654332300948	0.0084572211	0.069834824	0.0632037219	0.0427387936	0.0564637879	-0.0801584042	-0.0871605458	-0.0058141673	-0.0023337888	0.1501333468	0.0055599338	-0.0598869332	0.0674688351	-0.0721258888	0.0256250072	-0.0568149159	-0.0254303484	-0.006551112	-0.023899129	0.0150193279	-0.0812092736	-0.0014276483	0.0158635706	0.0589537607	-0.0080392961	0.0887420482	0.087231756	-0.0421713349	0.0106982876	-0.0441116181	-0.0484348297	0.0117082348	0.0820951484	-0.0172787155	0.0136044365	0.0375154723	0.0221709205	-0.0995864697	-0.0114601857	0.0617605297	0.0965087452	-0.0007406268	0.0167348903	-0.0421890332	-0.0600304431	0.0430934032	-0.0172326302	0.0163405735	0.056794405	-0.0345033837	-0.0308232286	0.0472750646	-0.026327381	0.0403160849	0.0114856756	0.1796756993	0.0418819551	-0.0370369351	0.1174158744	0.0116962524	-0.0231838354	-0.0404796562	0.0558738382	0.0391353372	-0.0211528818	0.016866927	0.0506918388	0.082596453	0.0096349607	0.0777992567	0.0968206509	0.0825900139	-0.021817195	0.1167316197	0.0583053727	0.0217463582	0.0376665884	0.0240494967	0.0350874865	-0.0698160695	0.0609763697	0.0319378752	-0.0445961392	-0.0967199491	-0.0067877569	-0.0267328727	0.0085145093	0.0505948724	-0.0632885305	-0.1131480553	-0.0111477111	0.0254533188	0.0436019703	0.0180519881	0.110980815	-0.037546694	-0.0048657038	-0.0540496271	0.0558698111	0.1032602542	0.0862054244	0.0204003384	-0.0600454183	-0.0039815305	-0.0659948525	-0.0831523845	0.0053137881	-0.0006760774	0.0009734459	0.0159249755	-0.0462004823	-0.0377608543	-0.0040186656	0.0040303289	0.0476479975	-0.0976881053	-0.0783852842	0.0445493078	-0.0240398357	0.1250720646	-0.0619685833	0.016932852	-0.0251512386	-0.0001561493	0.0189376693	-0.0413348584	0.014363485	-0.0443165108	-0.0538530905	0.0181929169	0.0488613394	-0.1219956439	0.0601191216	-0.0756852413	-0.0157061568	0.1155681267	0.0173465338	0.0280212325	-0.0384837144	0.0381609115	0.0748789008	-0.1561375079	0.0426949288	-0.0577303414	-0.0727488814	-0.0181425414	0.0780034869	0.0318585561	-0.0613012519	0.0135941217	-0.0336000067	-0.0539958877	0.0780401729	-0.0102334157	-0.0696177779	0.0675308461	0.0140379523	-0.0790844839	0.0350868107906165	-0.0078956114807909	0.0012310842914565	6.234068065559713e-05	0.0759712287723886	-0.0001475027726201	2.1757067930617092e-08	0.0057716276011866	0.1646915502010131	-0.0177689535903766	0.0003157357116969	0.0271233067076128	-0.0034340458161191	3.701431920139983e-05	1.370059825943116e-09	1.1792670667205096e-05	-0.0008698370137354	-4.4984250300011276e-08	7.566164304641184e-07	2.023582775054064e-15	0.0010680100304785	3.701669564220005e-05	1.3702357562672724e-09	1.1406454252026866e-06	0.0	0.0	0.0	0.0
1753.6109413905451	-1.0990823199185795	1.207981945957607	3075151.333764634	2422.2521825719764	-7.484462879322109	56.0171845919506	5867305.635974703	1931.9560890494383	-4.305376447378421	3732454.330015201	18.53626635364084	2060.3384157185765	1482.5689321703614	0.8952989999999998	27.892027	0.0956146145004253	0.0506873066560642	-0.0047410908	0.0366974141	0.0171368136	0.0535846714	0.0935077968	-0.06803128	-0.0468415773	0.0453219445	-0.0580239516	0.1573654941	0.0766167784	-0.0037163734	0.0732850005	-0.0396385337	-0.0655694912	0.0205317417	-0.0216597639	-0.0046856317	0.0083127194	-0.035212786	-0.0942626021	0.0030236601	0.0861223526	-0.077882229	-0.0091867949	0.0474042113	0.0551390647	0.0125219177	0.0122795828	-0.0648043473	0.0157019038	0.0450846799	0.0100372459	0.0228329316	-0.0075253249	0.031899488	-0.0859585163	0.021322466	-0.019130741	-0.0126354119	-0.0318455923	0.058446274	0.0038936304	0.0199270738	-0.0252480699	0.0446750175	-0.0460725132	-0.0338083645	0.0709233028	-0.0003151933	-0.0639272336	0.0439678988	-0.0594927956	-0.099031722	0.0196732367	0.0220486995	-0.103518615	-0.0185847366	0.0992449977	-0.046470084	0.1025419741	-0.0321891203	-0.0400690664	-0.0162784522	-0.0147887407	0.0027780073	-0.0251634213	-0.0498794305	0.0520995741	-0.0567262423	-0.0247764124	0.1053514201	-0.018090555	0.0801122818	0.0938063478	0.002214235	0.0347519842	0.1350808012	-0.0851418974	-0.0109186755	0.0674363984	0.0941539265	-8.32577e-05	-0.0342602092	-0.0170508607	-0.015055941	-0.0247609503	0.0116717764	0.0290519541	-0.0877612634	0.0167089521	0.017923705	-0.0109472054	0.0285844615	-0.015068125	-0.0204973437	0.1078751257	-0.0536797356	0.0113635126	0.0305371291	-0.0153313668	-0.0546573626	0.0068720289	0.0395510745	-0.0269907079	0.0104476133	0.035241558	-0.0238180626	-0.0861058085	0.0218733188	-0.0426474094	0.0174769369	-0.0563803644	-0.0117993687	-0.0358439769	-0.0340787683	-0.0086506193	0.0306286021	0.0898801653	0.0110659644	-0.0495016111	-0.0293125052	-0.0489727914	-0.0692327928	0.0216201597	-0.0320083036	0.0118109881	-0.0456155202	-0.0459017437	0.0124942907	0.009487751	-0.1111277377	0.0406067166	-0.0934133982	-0.0080547572	0.1155702594	0.0449236186	0.0149071206	0.0048923737	0.0135918651	0.0280537277	-0.0325954792	0.0859935818	-0.0181413418	-0.0237788692	-0.0001451254	0.0874093469	-0.0363156323	-0.0454961864	0.0364754594	-0.0343774302	-0.0527013995	0.0787557834	-0.0136166111	-0.0672896215	0.0702792922	0.0081094236	-0.0771080077	0.0459222662318268	0.0108354554412102	0.0021088545358667	0.0001174070946184	0.0765200798956016	0.0005488511232129	3.012375554521699e-07	0.0058553226272292	0.1608437284547292	-0.0038478217462838	1.480573219117526e-05	0.0258707049832186	-0.0038289885398166	-0.0003949427236975	1.559797550015999e-07	1.466115323804686e-05	-6.526327864153636e-05	0.0008045737350938	4.259295539042816e-09	6.473388952028906e-07	0.0006598767654755	-0.000408133265003	1.66572762002009e-07	4.354373456144081e-07	0.0	0.0	0.0	0.0
1754.557182433868	0.9462410433229708	0.8953721120689441	3078470.906430274	2425.3476924189813	3.095509847004905	9.582181212904333	5882311.429122077	1939.713422760437	7.757333710998637	3762488.1624370096	60.176226303795886	2067.001245191556	1436.6795985086828	1.002471	31.23086	0.0718197305943334	0.0438821370211644	0.0666210121	0.0066651907	-0.0576401126	0.0751908312	0.0892300693	-0.0998575871	-0.0180424619	0.0940206708	-0.0426494825	0.0246079522	0.0789442769	-0.018372798	0.064090752	0.0264406603	-0.0111996252	-0.0003765208	-0.0824309919	-0.0923363401	-0.0721061664	-0.0202485397	0.0022818931	-0.0349055919	0.0276071703	0.1162622393	-0.1211786441	0.0664435207	0.0476321354	-0.0265796086	-0.0647704411	-0.0819065882	0.0400789478	0.0130120089	0.0674217395	0.0214771095	-0.0521829626	0.1191221647	0.0614537652	-0.0791739015	0.0299213949	-0.0442341258	-0.0020831435	-0.0383951818	0.0340581942	-0.0408715141	-0.0873010971	0.0220173804	-0.0525252484	0.0294843751	0.0373857324	0.065146144	0.030642169	0.0412662415	0.0282710572	0.0049193441	-0.015750761	-0.0022522088	-0.0435346997	-0.0333242051	-0.0371109248	-0.0737285549	0.0284152185	0.0715617757	0.0380938477	0.0969128283	-0.0001402626	-0.0833330761	-0.0039212608	-0.0093057071	0.0129772403	0.0070950026	0.0040511182	-0.0289735895	-0.0383181126	0.0648081916	-0.0013229657	-0.0795490992	0.0052397078	0.0491534134	-0.0013234449	-0.1378392034	0.1563494242	-0.0172355724	-0.0188228945	-0.0779411906	0.0444241635	-0.0553035666	-0.0202974651	0.0583430046	-0.0416186856	-0.0693700673	0.0771050251	0.0030982546	0.0187361746	0.0195476852	0.035660432	-0.0484390504	0.0012177789	0.0181425297	-0.0129882202	-0.0323969188	0.000989101	-0.0088790277	0.0208104794	0.0237285662	0.0123025841	0.0329443818	-0.0205905867	-0.0177053763	0.032151332	0.0281422412	-0.0111816127	0.062477089	-0.0506687531	0.0618673717	-0.0669309517	-0.110406317	0.0151566331	0.0667396721	-0.0313877806	0.052480395	0.0969498467	-0.0817788235	-0.0543987154	0.0294926786	-0.0256695087	0.0582238664	-0.0385110229	-0.0135879165	-0.0507182223	0.0031177277	0.0883636627	-0.0751520012	0.0681813202	-0.0665959514	-0.0679738367	0.0924003107	0.0718625746	0.0708249404	0.0093124628	0.1536625547	0.0377473372	-0.1169818021	0.0517366468	-0.0803202158	-0.0688466165	0.0997780076	0.0135295826	-0.0327313261	-0.0484372349	-0.0577754462	-0.0351510839	-0.0513837948	0.0793936715	-0.0169759185	-0.064777029	0.0727503781	0.0021373389	-0.0745906743	0.0545074171426165	0.0085851509107897	0.0029710585235592	7.370481616103322e-05	0.0909458030663898	0.0144257231707882	0.0002081014890002	0.0082711390953905	0.1469350437901369	-0.0139086846645923	0.000193451509099	0.0215899070936094	-0.0038107659481756	1.822259164100011e-05	3.3206284611464707e-10	1.452193711177468e-05	-0.0007427552861576	-0.000677492007516	5.516854151150583e-07	4.589954202481461e-07	0.0006575879276693	-2.288837806199988e-06	5.238778503090374e-12	4.324218826164046e-07	0.0	0.0	0.0	0.0
1754.2909671026782	-0.2662153311898692	0.0708706025605317	3077536.79725805	2412.989227577492	-12.358464841489422	152.73165323833015	5822517.012405021	1938.8508202061869	-0.8626025542500884	3759142.503014204	0.7440831665987766	2066.254181306605	1447.8224853118963	0.941913	29.344221	0.1522690327429209	0.0767030368555354	-0.000824331	-0.029955246	-0.0707485567	0.0037927586	0.0902263563	-0.0768968536	0.0479041535	0.1117430089	0.0683192632	0.036528842	0.0489256831	0.0178674656	0.0678124075	0.0119649094	0.0096401211	0.0815299853	-0.0909071616	0.0575367633	-0.0066902567	0.0418699557	0.0265723886	-0.1146331767	0.0144630651	0.1508537569	-0.0747925169	0.0812478176	0.0192312371	-0.0638656326	0.0495090028	-0.0286228523	0.0089505689	-0.0495915642	0.0397578712	0.0464609971	0.012577611	0.026707642	0.0500202287	1.66014e-05	0.09993379	-0.0940088766	0.0435670919	0.0543123588	-0.0198368404	0.0128187786	0.0797461842	-0.0618063761	-0.003924466	-0.0429189528	-0.052579062	0.0373918885	0.0976320867	0.0007060811	0.0815546753	0.0421062243	-0.0260468251	-0.0185242512	-0.03425561	-0.1028810264	-0.0769470198	-0.0076026355	0.0078130748	0.0455454856	-0.0237998748	-0.0080235613	-0.0049459011	-0.0503397435	-0.0111896063	-0.0773977315	-0.0338481479	0.0375325704	0.0077709863	-0.0751669621	-0.0116933804	0.0324671188	-0.0493498335	-0.0667540177	0.0646778232	0.0309297375	0.0107660604	-0.1503568542	0.1100855957	-0.0700697517	-0.0506463503	-0.0333656126	0.0599634023	-0.0899003816	0.0197300483	0.130014175	-0.0022973071	-0.0099665348	-0.0241680132	-0.0683510576	-0.0203802957	0.0796707682	0.0481168019	0.0283371461	-0.0944343108	0.0340863481	0.0996995495	-0.0220115856	-0.0072894313	-0.0371921024	-0.0013539003	-0.0033432237	-0.0429342889	0.0024193239	-0.013519415	-0.0131749257	0.0927537516	-0.0141808727	0.0222801323	-0.0676101243	-0.0662232759	0.0436746512	0.00645176	0.0266936827	-0.0542195221	0.0294683986	-0.0392252653	-0.0545402018	0.0263201703	-0.0735828033	-0.0194532975	0.0897137766	0.0412972712	0.0397294286	0.0100692445	0.0131488604	-0.0604957074	0.003949471	0.0715231852	-0.0334262499	-0.0079780485	-0.1006029063	-0.0256038239	0.0503690676	0.0084767001	0.0001064913	-0.0037829445	0.159242011	-0.0746321177	-0.04715963	0.0166745368	-0.0738956918	-0.0099791627	0.101841654	-0.0420567944	-0.0332735387	-0.0400653523	-0.025971082	-0.0359208828	-0.0500436514	0.0799532077	-0.0203054443	-0.0620868871	0.0749343514	-0.0038462256	-0.0715501408	0.0494047046529431	-0.0051027124896733	0.0024408248418445	2.603767475226885e-05	0.0541294261186351	-0.0368163769477547	0.0013554456115591	0.0029299947719327	0.1527641772514698	0.0058291334613329	3.3978796910030904e-05	0.0233368938513184	-0.0046321274778915	-0.0008213615297158	6.746347624972427e-07	2.1456604971437464e-05	-0.0013610423549998	-0.0006182870688422	1.852436292103401e-06	3.822788994974793e-07	0.0013083555259944	0.000650767598325	4.234984670298185e-07	1.7117941824000828e-06	0.0	0.0	0.0	0.0
1759.1746015999267	4.883634497248522	23.849885902715823	3094695.278914261	2428.370556866681	15.381329289189123	236.58529070246723	5896983.561456994	1939.510232833459	0.6594126272721041	3761699.9432656975	0.4348250130058989	2067.001021449103	1451.000911917307	1.129854	35.199303	0.1444060673324261	0.080055946218386	-0.0313729483	-0.0740199717	-0.0281420352	-0.0329976822	-0.0455075609	-0.0406935905	0.0063477224	0.0220050243	0.0933093337	-0.0015235129	0.0571199868	0.0393153783	-0.0951714238	0.010937095	0.0044040238	0.0812172784	0.0194376296	0.0257202429	0.0517345708	0.0407392612	0.0337340927	-0.0360558076	0.0427093355	-0.1146738018	-0.0531286075	0.0306374511	-0.0865603506	0.0440117221	-0.0701607474	-0.0756611628	-0.0937580632	0.0622971673	-0.0623328083	0.0649597126	0.0030814806	-0.0843712651	0.0183297877	0.0444619878	0.0172625006	0.0205159254	-0.0256603869	0.024182188	-0.0167609517	0.0283100005	-0.0131351656	0.0339833855	0.0130179981	0.0166279058	0.0701726713	-0.0357932228	-0.0781074966	-0.0427960707	0.1002803298	0.0488377989	-0.1483199158	-0.1000473308	0.0018149822	-0.010117446	0.0900519456	0.0246682385	0.0162871437	-0.0094929301	0.0345412747	0.012152257	0.0722355923	0.0353004653	-0.090944907	-0.0287530107	0.0126434407	0.0660521988	-0.0243520928	-0.1545895372	0.0063688646	-0.0580010152	-0.0239236374	-0.0078865356	0.1163055878	-0.0226510367	-0.0673049093	0.085212837	-0.0608699111	-0.0251516373	-0.0091722271	-0.0061516602	0.0268554424	0.1014412431	-0.0574942065	-0.0535527384	0.0451047477	-0.1350669658	0.0612586289	-0.0406447743	-0.0350298368	0.1376901176	-0.0539735544	0.0511192059	0.0457818716	-0.027066468	0.097640386	-0.0780502351	-0.0941796268	0.0094784216	-0.0012854773	-0.0131159611	0.0615708241	0.0976214502	0.0132739505	-0.0327635049	0.0110611525	0.036477914	0.0259538221	-0.0398760098	0.0079607476	0.0860150355	-0.0339630517	-0.0021373575	0.117421864	0.099624038	0.0211085653	-0.0581601485	-0.0308084997	-0.0114399163	0.0107809138	0.0323421999	-0.0398359867	0.0234064476	-0.0065328949	0.0560392296	-0.088406319	-0.0142960861	-0.0292029867	-0.0389450423	0.0192890412	-0.0639261215	-0.0397845777	-0.0301140534	-0.0735551028	-0.0460970375	-0.0775070765	0.0279238338	-0.012194586	0.0276716899	-0.058541139	0.0065514708	0.0604253692	-0.1108793851	-0.0651863621	0.0172604917	0.0366324277	0.0476218861	-0.0366867426	-0.0486815572	0.0804338397	-0.0235993474	-0.0592265694	0.0768225931	-0.0098091318	-0.0680077345	0.0673390050980202	0.017934300445077	0.0045345416075911	0.0003216391324542	0.0623403965669524	0.0082109704483172	6.742003570313996e-05	0.0038863250441248	0.2169788759879765	0.0642146987365067	0.0041235275338203	0.0470798326250056	-0.0046902194938197	-5.809201592820064e-05	3.3746823146023166e-09	2.1998158900206325e-05	-0.0008713250398597	0.0004897173151401	7.592073250865079e-07	2.39823048748028e-07	0.0018414681489766	0.0005331126229822	2.842090687829613e-07	3.3910049436953053e-06	0.0	0.0	0.0	0.0
1755.720594988005	-3.454006611921841	11.930161675199797	3082554.8076650337	2415.28685590956	-13.083700957120982	171.1832307353685	5833610.596329488	1937.7934249474508	-1.716807886008155	3755043.357769572	2.94742931745979	2066.5910362462773	1463.5554672564026	1.037572	32.324387	0.0595674416159691	0.0263975630364843	-0.0003873082	-0.0815456604	0.040894356	-0.001771518	-0.0095467279	-0.0944712016	0.0171909534	-0.0255373016	0.0799071671	0.0879558585	0.0077571331	0.0659449554	0.0214391745	0.0254932553	0.1144657745	-0.0544262277	0.0167180372	0.0187856292	0.0060479532	-0.0143298762	0.0380327785	-0.020041829	0.0022517795	0.0738548271	0.0260706856	0.0252947394	0.0053517346	-0.0409092991	-0.0366831927	0.0354578939	-0.0356133154	0.0719680362	0.062790666	0.0051604082	-0.0024848864	0.0036401079	0.0237928663	-0.0870358964	-0.0057653796	0.0646718028	0.0066621418	0.1255768202	-0.081887663	-0.0051142119	-0.0105270901	-0.0195916148	-0.002511657	-0.0924479743	0.0068038001	-0.0302531079	0.004992581	0.0785943859	-0.0915332526	0.0196951725	-0.0275930762	0.0478578642	-0.0616229501	-0.0230155325	-0.0116862772	0.0450156422	-0.0516159399	0.0505989317	-0.0954434882	0.0444304393	-0.036243811	-0.0895809155	-0.0647074481	0.0090267604	0.0186917098	0.0092826667	-0.0306370422	-0.0039018322	0.0558576784	0.0619543648	-0.0120542987	-0.0324110085	-0.0040164973	-0.1083553794	0.0251438796	-0.0275482447	-0.019851497	-0.0329994555	-0.0185038966	-0.0963205072	-0.0181605489	0.0923270868	0.0378936314	0.0639726828	-0.0674083115	0.0062014371	-0.0111099178	-0.03981673	0.0728003376	0.0575874151	0.0631020031	-0.0585081799	0.0086506901	0.0664274094	0.090426468	0.0118354876	-0.0403806742	-0.0563703892	-0.0016213889	-0.018778955	0.0006200337	0.0128955583	0.0259908819	-0.0012378732	-0.0280476076	0.0168701917	-0.0746780264	-0.0137688286	0.0510065761	0.0083013096	-0.0374654098	-0.0766422829	0.0345603253	0.0652714257	-0.0519570456	0.0152913774	0.0367816339	0.0482882806	-0.0583098234	0.0522273647	-0.0016962871	-0.0228544928	0.0020623524	0.0496094162	-0.0783479922	-0.0229584594	0.0015425613	-0.0290336464	0.107227436	0.0217206153	-0.0108318112	0.0204839467	0.0097907337	-0.0632944075	-0.0616255506	0.0173763219	-0.0068994159	-0.0291856091	-0.0117267205	0.0036260601	0.0370682641	0.0710841638	-0.0991368237	0.0733563285	-0.0007788862	-0.0646633536	-0.0374485793	-0.0472981097	0.0808350932	-0.0268518493	-0.0562039158	0.0784076511	-0.0157193527	-0.0639883028	0.0600639508657678	-0.0072750542322523	0.0036076781936053	5.292641408221347e-05	0.0467784531275725	-0.0155619434393799	0.0002421740836104	0.0021882236770084	0.2074681918774246	-0.0095106841105518	9.045311225070424e-05	0.0430430506408878	-0.0048360302060237	-0.0001458107122039	2.126076379343756e-08	2.338718815357363e-05	-0.0011501719146049	-0.0002788468747452	1.3228954331459011e-06	7.775557955516528e-08	0.0017217305392501	-0.0001197376097264	1.4337095183015611e-08	2.96435604978644e-06	0.0	0.0	0.0	0.0
1760.3282960926329	4.6077011046279495	21.230909469589623	3098755.710024392	2412.863360652217	-2.4234952573428927	5.873329262363494	5821909.597177912	1940.3717604855167	2.5783355380658577	3765042.568889664	6.647814146853356	2063.33329274947	1414.5061674118042	1.197377	37.302906	0.165689133190807	0.0791712235530019	-0.0023253868	-0.1101347747	-0.0682769466	0.0149399409	0.0617731874	-0.0071089633	0.1334690139	0.052318561	0.009496417	0.0117163209	0.0579514267	0.0108327919	0.042073634	-0.0376682524	0.1172164365	-0.0048552734	0.100300665	0.0006920668	-0.0046238828	0.0234046975	0.1318642021	-0.0433195653	-0.0621299169	-0.0763446098	0.0178777864	-0.0194649637	-0.0077879958	-0.0094299596	-0.0354436884	0.0233049577	0.0681957537	0.1312492801	0.0087186661	0.0172312133	0.0969867582	0.0939065221	0.0536474082	-0.0209153979	0.0266114199	-0.0055476379	-0.0099438879	0.0099343118	0.008033397	0.0068542927	0.0475771696	0.0031343189	-0.0661153845	-0.137855938	-0.0193830928	0.0248196776	-0.0147914331	-0.013978733	-0.0354991676	0.0039539465	0.0534407707	-0.1038679982	0.0131404491	-0.0366730579	0.0235915954	-0.0796767523	0.0171648483	-0.0094797494	0.0179303144	-0.0593460815	0.0297135932	0.0452491823	0.0288090047	0.0336706193	-0.0263364256	0.0333476704	0.0048776318	-0.0044895989	0.0573598062	-0.028629005	-0.1481914417	-0.0967834163	0.0143248437	-0.0036139901	-0.0268436859	0.1155302203	0.0379317209	0.0304306557	0.0989344356	-0.0395252069	0.0036242369	0.0586687853	0.0560274365	0.0710048811	0.0156907103	0.0858728397	0.0071353653	-0.0504802183	-0.0024876244	-0.0429162058	0.0347427744	-0.0256199146	-0.0116985868	0.0349814905	0.005912007	-0.088443183	0.0347330095	-0.0370050369	0.0592767298	-0.0096060223	-0.0946579253	0.0244767372	0.0529258509	-0.0314548429	-0.0368352343	0.0278282396	0.0095680231	-0.0479545634	0.0399867582	0.0454982961	0.0073649965	0.0067799094	0.1154131251	-0.0299599798	0.0332351213	0.0034036587	0.0680341183	-0.0169641957	-0.0887513209	0.0134632253	-0.0191066752	0.0126451226	-0.0089173452	0.1174127418	-0.0347521946	0.0281763862	0.0880158258	0.0301606427	0.0334499961	0.0959948829	-0.0591040754	-0.1168814705	-0.0123599791	0.0962259397	0.006512762	0.1019005443	-0.0591306253	-0.0093462408	-0.0402756424	-0.0298808417	0.0227062779	-0.0598481226	-0.1117752136	-0.0380743347	0.0237635564	0.2594380678	-0.0382063093	-0.0458939156	0.0811565722	-0.0300572439	-0.0530272111	0.0796832699	-0.0215451443	-0.0595200392	0.0553745333872086	-0.0046894174785592	0.003066338947851	2.199063628821653e-05	0.0595440278098635	0.012765574682291	0.0001629598969691	0.0035454912478217	0.2728008498649714	0.0653326579875467	0.0042683561997177	0.0744203036870506	-0.0053492292980137	-0.00051319909199	2.6337330801936094e-07	2.861425408272814e-05	-0.0019256367915652	-0.0007754648769603	3.7080770530295176e-06	6.013457753990532e-07	0.0013523648473522	-0.0003693656918979	1.3643101435121444e-07	1.828890680353939e-06	0.0	0.0	0.0	0.0
1770.173967627142	9.845671534509163	96.93724796544406	3133515.875664818	2440.5137837727866	27.650423120569485	764.5458987465236	5956107.528784964	1947.297395175204	6.925634689687286	3791967.145256135	47.96441585499991	2080.9247501330133	1475.6685661826514	1.250247	38.950039	0.1681757285502649	0.0753012700607821	-0.0690758557	-0.1385459179	0.0450716014	-0.1058546972	-0.0211408579	0.0373643731	0.022236958	-0.0061590762	0.0489821574	-0.0841835449	-0.0319745832	0.0106361259	-0.0461913817	-0.0458428851	0.0104326903	0.0718470051	0.0733058198	-0.0325313778	-0.0258228951	0.046800193	0.1979409178	0.0176504428	-0.0985959041	-0.048988331	-0.0227673968	-0.0903945139	-0.0121856656	-0.0753462787	-0.0583835404	0.0408127768	-0.0064533873	0.0337116821	-0.0124302613	-0.0879415399	0.0678993968	-0.0647722012	0.0817829723	0.0645545541	0.0173761679	0.0065914977	0.0141316479	0.0882607335	-0.0048532113	-0.0505372384	-0.0207001866	0.0058805065	0.0311222041	0.0984590245	0.0016365853	-0.0079682263	0.0636145881	-0.1012456542	0.0364266127	0.0416365997	-0.0296952672	-0.1166937949	0.0537706049	-0.0490906237	0.0169384783	0.0059370448	-0.0347270993	0.0234771746	-0.0304371807	0.0337979022	-0.0068954497	0.0212708734	0.0366137537	-0.0379357685	-0.0006221448	0.038654218	0.0333969551	-0.0019708665	0.0015405962	-0.0762630983	-0.1263051165	-0.0262427505	-0.0428757946	-0.1643064451	0.0678528249	0.0766428374	-0.0433666644	0.0664538882	-0.072403299	0.033019701	-0.039599297	0.0198537927	-0.074193052	0.0154656782	0.0511391998	0.074674259	-0.0034033383	0.0936718602	-0.1423975578	0.0543123292	-0.0737873908	0.0464207302	-0.0798538356	0.0719045337	0.0051225898	0.0346701907	0.0095970017	-0.0658784889	0.024729893	0.027071906	0.0439697924	0.0231680793	-0.0936331177	0.0083407161	0.0420955708	-0.0037436921	0.0722891847	0.0346671325	0.015939739	-0.019296288	0.0027478356	-0.0264055197	0.0814907443	-0.0298624038	0.0068239308	-0.0111914284	-0.0083358327	-0.1144963307	0.0619662076	0.043997764	0.0205283421	0.0340472144	0.0421619787	0.1403915744	-0.0019928008	0.0726924878	0.0363109865	0.045680569	-0.1442349439	0.0825294408	0.1610715825	-0.1012356243	-0.0082377924	-0.0445978751	-0.0381662478	0.085385154	-0.00769242	0.0515071155	-0.1453300042	-0.011103015	-0.0193236604	-0.0314329927	-0.1543050055	-0.0078297651	-0.0755843779	0.0269156744	-0.0389598496	-0.044469591	0.0813979594	-0.0332099078	-0.0497051625	0.0806444153	-0.0272552159	-0.0546342852	0.0249300942100347	-0.0304444391771739	0.0006215095973212	0.0009268638768126	0.0409014427515188	-0.0186425850583447	0.0003475459776576	0.0016729280191557	0.233450720108685	-0.0393501297562863	0.0015484327118365	0.0544992387192635	-0.0063481585521356	-0.0009989292541218	9.978596547405348e-07	4.029911700305236e-05	-0.0014783374824132	0.0004472993091519	2.1854817119077986e-06	2.0007667196785645e-07	0.0012038219194569	-0.0001485429278952	2.206500142770825e-08	1.4491872137648952e-06	0.0	0.0	0.0	0.0
1765.3292734667664	-4.844694160375639	23.47106150757781	3116387.443758701	2418.566089488842	-21.947694283944656	481.701284381497	5849461.929225349	1929.8303292898888	-17.46706588531515	3724245.0998471207	305.09839064194034	2057.8510164239283	1498.481017716163	1.458933	45.451408	0.0983983097185441	0.0595537059281387	-0.0581060166	0.0862160729	0.0012946145	0.0907377253	-0.029769901	0.0601345929	0.0292731663	-0.0023367759	-0.1335268244	0.0837168702	0.0067110307	-0.0570351099	-0.0398918332	-0.0784275342	-0.0101034919	0.1069335382	-0.1703118522	0.0353854567	-0.0015252394	0.0144267808	-0.1049723752	-0.0407263701	-0.0560694136	-0.0816155077	-0.0429770737	0.0825881848	0.0325412049	-0.0382272998	0.0050056679	-0.055840817	0.0393543079	-0.0731555452	-0.0866494938	-0.1581244447	-0.0121453721	-0.0350250797	-0.0155835432	0.0301665225	-0.0841356678	0.0254132132	-0.058782293	0.0932127362	0.1264248031	-0.1375649959	0.0724549143	-0.0627286164	0.0401427303	0.0021695679	-0.0424929613	-0.0890904294	0.1083942038	0.0447836697	-0.0251998849	0.0565021053	-0.0217702829	0.0773846609	0.0965170633	-0.0231885759	0.0308257516	-0.0383911372	0.029908115	-0.0045882172	0.0203052649	-0.0666914618	0.1079981965	-0.0624920314	0.0247318464	-0.0400485851	-0.0381415986	-0.0070116543	-0.1471411068	0.0004941155	0.0179976131	0.0857109428	0.0160002939	0.0517413113	0.0277658417	0.1280989593	0.0540888794	0.0446239281	0.0503994881	0.128216327	-0.0141298386	0.1106760726	0.0886050228	-0.0736562743	0.0185051932	-0.0628015097	0.0829507856	0.0903713833	0.0491972362	0.0238439396	0.0497408895	0.1055508341	-0.0060921125	0.103486399	-0.0804920199	0.1468150198	-0.0518644296	0.0727832508	-0.0396920135	0.028092523	0.0055231065	-0.0701174435	0.0270249803	0.0318418935	-0.0210297802	0.0122752976	-0.0370193492	-0.0983202941	-0.0449779917	-0.0390069068	0.1198861864	0.013342939	0.0672885169	-0.0731879154	0.0472688509	-0.0413247854	-0.0860202426	-0.0091188194	-0.0338209196	-0.0398057664	0.0449729919	-0.0052123635	0.080187541	-0.1262427353	0.0687189363	-0.0632864353	0.0513260484	0.1359452175	-0.0297113227	-0.0896409697	-0.0021255822	0.0578273098	0.0364861599	0.0451966494	0.0984223242	-0.1237923079	0.0146431559	-0.029263302	-0.0646248449	0.1109138543	-0.0185892485	0.0689564701	0.0028627677	0.0258999533	0.1566887022	-0.0202517566	0.1134329431	0.0447919823	-0.0397091175	-0.0430257605	0.0815590168	-0.0363043104	-0.0462468756	0.081287294	-0.0328188985	-0.049365311	0.0124155507320011	-0.0125145434780336	0.0001541458999788	0.0001566137984635	0.024790923427659	-0.0161105193238598	0.0002595488328844	0.000614589884396	0.2267583881474593	-0.0066923319612257	4.478730707924311e-05	0.0514193665952338	-0.0064118268680193	-6.36683158837005e-05	4.05365444746667e-09	4.111152378545419e-05	-0.0003999807860746	0.0010783566963386	1.599846292288549e-07	1.1628531645382997e-06	0.0010842286325707	-0.0001195932868862	1.4302554268244936e-08	1.17555172768613e-06	0.0	0.0	0.0	0.0
1769.973098358235	4.643824891468512	21.565109622622536	3132804.7689118497	2449.569867451986	31.003777963143875	961.2342479879258	6000392.535528739	1935.6695080129764	5.839178723087571	3746816.444251198	34.09600816015859	2068.236961530747	1543.7217123740545	1.264478	39.393383	0.2377269424957975	0.1154181756546126	-0.1177614922	0.1142862676	-0.0149705384	-0.0201037459	0.016461119	0.0977684313	0.0858520672	-0.0776797152	0.0278121628	-0.1273910763	0.0494994676	0.0575263883	0.0626811259	0.1255426059	-0.1303586992	0.0635025073	-0.1806813854	-0.0246233357	0.1417743613	0.0113964061	-0.0326826737	0.0650362816	-0.1478299379	0.0677933967	0.0319481651	-0.1479114593	-0.0533829512	0.0481442285	0.0504197186	0.0259336765	0.1096162349	0.0170063389	-0.002755211	-0.0157493396	0.0605583132	0.0478142562	0.0040992826	0.0145145554	0.0098848576	0.0469161346	-0.0081799416	-0.0086961181	0.0253166174	0.0129462166	-0.0417135319	-0.0563761676	0.004766442	-0.1028600648	-0.0546567672	0.0084340681	0.0770028657	-0.1156606369	0.0130929332	-0.0028812	0.0858580237	-0.0041625245	-0.025432112	0.0449237491	-0.0327519363	0.1323814779	-0.0643746789	-0.1475507548	-0.0363702249	0.0577875519	-0.0033511619	-0.0660559409	-0.0162334446	0.1151209632	0.0190594961	0.1112563249	-0.0877953622	0.0326326942	0.1139643166	-0.0775690341	0.0551849427	0.0329711683	0.0030992787	0.0066314729	0.1268685524	0.0594109016	0.0302671495	-0.0884581387	0.115790355	0.1133762245	-0.043355221	-0.0442418069	0.0832808517	0.0273604856	-0.0587226683	0.0991184183	-0.0370488795	0.0500846799	-0.0463534728	-0.049070164	0.1085288832	-0.0221709273	0.0315369519	-0.0585740971	0.0378664288	-0.0785334649	0.1144296947	-0.0438136856	0.0087577225	-0.0479629172	-0.0408478608	-0.1034293653	-0.086661805	-0.092730029	0.1217979905	0.0314440699	-0.0562114956	-0.0714744707	-0.0124322123	-0.0531089169	-0.0338797471	-0.1338683499	-0.0690883436	0.0160877682	0.035966934	-0.1493041083	0.1615543579	0.0101033307	0.0090555813	-0.1326206832	0.0209365869	-0.0157796806	0.1415403461	-0.0142850768	0.0751806129	0.0025362244	-0.0099409652	-0.0306728666	-0.0407766427	0.1630267626	0.0129434079	-0.0814549483	-0.1300981016	0.1301365393	0.0348661795	0.0170735729	-0.146793875	-0.1444085234	-0.0072196038	0.0222254008	-0.0140471137	0.1369244673	0.0862493678	0.0607869702	-0.0944058361	-0.0562354808	-0.0404540309	-0.0415630576	0.0816395852	-0.0393350228	-0.0426618292	0.0816093689	-0.0382063093	-0.0437500746	0.0836179889604267	0.0712024382284256	0.006991968077786	0.0050697872096727	0.0540905024840725	0.0292995790564135	0.000858465332883	0.0029257824589794	0.2646445435433477	0.0378861553958884	0.0014353607706814	0.0700367344272668	-0.0062128923872226	0.0001989344807967	3.957492764985285e-08	3.860003181520853e-05	-0.0001220602297553	0.0002779205563192	1.4898699687916624e-08	7.723983562482917e-08	0.0025941489917561	0.0015099203591854	2.279859491082568e-06	6.729608991429191e-06	0.0	0.0	0.0	0.0
1772.8023408005886	2.8292424423536886	8.004612797615465	3142828.139548046	2449.010461030183	-0.5594064218030326	0.3129355447544724	5997652.238235269	1934.996142160466	-0.6733658525104147	3744210.070175886	0.4534215713270775	2072.5660949122707	1581.1435090672653	1.169908	36.44714	0.1602236656830198	0.0834952244680918	-0.1813347147	0.0711121533	0.1094185959	-0.0158395294	0.0292420566	0.1143884041	-0.0174610104	-0.2127072123	0.00447938	0.058358817	-0.0017449338	-0.0631282235	0.1079984541	-0.0073209879	-0.1009847348	0.1640947212	0.0615760831	-0.1055735992	0.1799303884	0.0297327767	-0.0214722549	-0.0169686127	-0.07995346	0.0376067812	-0.1280528299	-0.0464063272	0.0663821125	0.0917086399	0.0351802528	0.0142095099	0.0683872652	-0.0561461382	-0.0088529996	-0.0435074705	0.0864238565	0.06772055	0.0757047118	-0.033808674	-0.0999948271	0.0944999861	0.0103484124	0.0577901034	0.1027305091	0.0767978234	-0.0671619509	0.0245068474	-0.0630252511	-0.1040371464	-0.1065864925	0.0764726208	-0.0812701908	-0.0341519384	-0.0659616287	-0.0334821617	-0.0729084188	0.0106699851	0.0294575515	0.0247845501	-0.0148974872	0.0977817169	-0.0567978232	-0.0442197847	0.0483908594	-0.0463456865	-0.0133446611	-0.1097021291	0.026046926	-0.0417810566	-0.0303278981	-0.0226751685	-0.039512153	0.0352354386	0.1148812811	-0.0948558558	0.1165860879	0.0410165909	0.097307734	-0.0800675748	0.1551679832	0.0389352166	0.104196351	0.126756939	0.026515839	0.0325363024	0.0304385782	-0.0035024726	0.0867717304	-0.1228770683	0.0533444672	-0.0549094031	0.0689287154	0.0984847163	0.0369159831	-0.0910380242	0.1132975417	-0.0537719018	0.061514201	0.0768076628	0.0378982607	-0.0019404989	-0.0363797066	0.0673522471	0.1361815922	0.136267768	-0.078018284	-0.0352066065	-0.0476257133	0.0710774173	0.0917714741	0.0314292802	-0.0478020104	0.0316077859	0.0044000498	-0.0312605788	-0.0743887456	-0.0516699785	-0.1170879214	-0.0174718393	0.0624997765	-0.1443743527	-0.0026556936	0.051145995	-0.1106118452	0.0096167727	0.0198439271	-0.1154720007	0.2077275598	0.0314606381	0.0344021332	0.0138038071	-0.1281199007	-0.1914140411	-0.0704112976	0.0939956515	0.0235708998	-0.0486182755	-0.148936215	0.1139360084	0.0595719013	-0.0429018422	-0.0771863487	-0.0281959158	-0.0300294527	0.0314512288	-0.0274674938	0.1333409885	0.1311345557	0.0385090432	-0.1130028793	-0.1727131995	-0.041194508	-0.0400821236	0.0816395852	-0.0422967282	-0.0389598496	0.0816093689	-0.0433885123	-0.0378279629	0.1186513129643742	0.0350333240039475	0.0140781340681698	0.0012273337907655	0.0358592222813456	-0.0182312802027269	0.0003323795778303	0.0012858838226229	0.3365116802780932	0.0718671367347454	0.0051648853424506	0.1132401109635856	-0.0062111905718943	1.7018153282994525e-06	2.896175411634973e-12	3.8578888320388645e-05	-0.0006122161152861	-0.0004901558855308	3.7480857181600323e-07	2.402527921204827e-07	0.002804129785729	0.0002099807939728	4.40919338374894e-08	7.863143855212567e-06	0.0	0.0	0.0	0.0
1767.4511786271985	-5.351162173390094	28.63493660592099	3123883.668830673	2436.572759275083	-12.437701755099624	154.69642494880827	5936886.811241392	1936.3425010099752	1.3463588495092154	3749422.2812175658	1.812682151651778	2075.067286027422	1507.8587879557	1.466978	45.702042	0.3506779766847691	0.2624690723084733	0.016240251	0.169625121	-0.0229067951	0.0230736854	-0.0238687405	0.0445772762	-0.0406842457	-0.0111811413	-0.0544040038	0.0374734943	-0.0551663848	-0.094829693	-0.0283897359	-0.046503237	-0.0081594891	0.0854907213	-0.0399704313	-0.0137797424	-0.003265868	0.1039431347	-0.0709954607	-0.0190525997	-0.0545661565	-0.0536676027	-0.0782131379	-0.079988405	0.0188563071	0.1182199584	0.0897638623	0.0083059406	-0.0285934349	-0.0157685749	0.037634491	0.0177121527	0.024941512	-0.0103343408	-0.0668592064	-0.1776488973	0.06201311	-0.0219858833	0.0411474289	-0.0303668695	0.0526588997	0.0307418803	0.0379568002	-0.0079573762	-0.0072225373	0.0171207548	-0.1105483368	-0.0107586442	-0.0471568925	0.099914338	0.0402139306	-0.0816502795	-0.0706351851	0.1348128999	-0.0513496024	0.0805936751	0.0356568979	0.0887467954	0.0346779645	-0.1170215078	-0.0325807328	-0.0105567824	-0.0157870203	0.0605102145	-0.1037777175	-0.0398957173	-0.1120065228	0.0701308427	0.0283692482	-0.095066257	-0.0737673446	-0.1097283976	-0.0230268187	0.0696861102	0.0737325524	0.0290996731	0.1173166301	0.0661725011	0.0371236347	0.0390892584	0.0726132828	-0.0143385707	0.0111745619	-0.077156632	-0.0171427621	0.0051757177	0.048731662	-0.0007482342	0.0079522316	0.0115262236	0.1720748207	0.0145474283	-0.0443681944	-0.090254769	0.0458362537	-0.0259514242	0.001027356	0.0735505029	-0.1362796539	0.0453237532	-0.0342716173	0.0443046188	-0.0781188196	0.038702575	0.0902243448	-0.017713309	0.0965846934	0.0397304441	-0.0215015865	0.0368099301	-0.0182942804	0.1510961526	0.1128595303	0.1049921946	-0.1418667527	0.0171356403	-0.0385612403	-0.041330752	-0.1048621653	0.0226371703	0.0114023581	-0.1322174641	0.0978706635	-0.0006876989	0.0254654573	-0.1344984599	0.020372814	-0.0377163593	-0.0129034746	-0.1478351567	-0.0662116895	0.0762392918	-0.0675407783	-0.0564279618	-0.1062897512	0.1082745434	-0.0351735304	0.066856213	0.0384199512	-0.018714081	0.0060177158	0.0883314649	0.0140371033	0.0616117294	0.1415577013	0.0108646031	0.0548692994	0.0477391239	-0.0419304676	-0.0385836084	0.0815590168	-0.0451842308	-0.0351510839	0.081287294	-0.0483376736	-0.0316405151	0.102034118590069	-0.0166171943743052	0.0104109613564522	0.0002761311488734	0.0372093856094011	0.0013501633280554	1.8229410124258876e-06	0.0013845383774291	0.0786077400782048	-0.2579039401998884	0.0665144423706276	0.0061791768002026	-0.0051857637179364	0.0010254268539579	1.051500232817997e-06	2.6892145338265554e-05	-0.0001914015430217	0.0004208145722643	3.6634550671087686e-08	1.770849042300699e-07	0.0028540219351571	4.989214942810027e-05	2.4892265745558853e-09	8.145441206357879e-06	0.0	0.0	0.0	0.0
1756.7101659826749	-10.741012644523607	115.36935262981602	3086030.6072668773	2442.0571229722764	5.484363697193203	30.078245163090696	5963642.991859632	1927.904395404537	-8.438105605438295	3716815.3578201327	71.20162620852918	2067.9620275804537	1543.011337541901	1.083457	33.75388	0.078071221242874	0.0383116899366118	0.0343741694	0.1570209235	0.0140780739	-0.0572296339	0.0207246894	0.0298604726	-0.1152958985	0.0250117873	-0.0177739682	0.0147095848	-0.0213714007	-0.0774141681	0.0153239932	0.029712011	0.0261626051	0.0277873329	-0.0765937968	-0.0783951492	-0.1009573255	0.0645713075	-0.1565238035	-0.0844809532	-0.0556961604	-0.1052013977	-0.027607156	-0.0428731881	0.040414934	0.0487830892	0.0579146449	-0.0034100407	0.100385718	-0.076547931	-0.103390148	0.0308385849	-0.045807012	-0.0719203091	-0.0127102103	-0.0091479989	0.10559405	0.0372405395	0.1078592193	0.0135649053	-0.012503323	0.1154041199	-0.0883933978	-0.01221617	0.0671916611	-0.0291254512	0.158654393	0.0288725218	-0.0078304912	0.0920094047	0.0024163321	-0.0399023549	0.0365449235	0.0561562161	0.0542729299	-0.0012409278	-0.0415534597	-0.0379836458	-0.0415222109	0.0001726004	0.0803561414	0.0087532696	-0.0014067495	0.0514685278	0.0297561211	-0.0487533344	-0.0955950533	0.0696448238	0.0002230799	0.0489600713	-0.1261437937	0.0104071873	0.0281472221	0.0134972275	0.0948525212	0.0713172191	0.0724777142	0.0994869042	-0.0006605302	0.0120177987	0.0603304992	0.0245074011	-0.0686806745	-0.0572508945	-0.0131116443	-0.0329452423	-0.0026608466	0.0016642242	-0.0835909977	-0.000915155	0.1583506799	0.0407327419	0.0318420612	-0.0135187396	0.1281954634	0.0160338527	0.0151442216	0.0121353591	-0.0276650915	0.1673871518	-0.0088484775	0.0110137186	0.0935204628	-0.1124352463	-0.0380463837	-0.0738622735	-0.1318927287	-0.0024683349	0.1296571267	0.0599861248	-0.08063124	-0.0517859919	0.0284449484	0.0517982259	0.0130736206	-0.1130572033	-0.0622046195	-0.0269480191	0.0834354899	-0.0234507968	-0.0029315624	0.0041707904	0.0424106435	0.0176009414	-0.0098424403	-0.1341533216	0.0127024672	-0.0396352088	-0.0029466967	-0.1502367818	-0.0625223378	-0.0429212553	0.0230067386	0.0051990687	-0.1020656618	0.0270990291	-0.0515397927	0.0283234342	0.0107216331	-0.0117247914	-0.0219455528	0.1219732823	0.1069257685	-0.0542056261	0.1312097379	0.0549398281	0.0022008789	-0.0723916858	-0.0426618292	-0.0370681691	0.0813979594	-0.0479924649	-0.0312459714	0.0806444153	-0.0530272111	-0.0252311319	0.0907767711650393	-0.0112573474250297	0.0082404221831499	0.0001267278710478	0.0269512867379546	-0.0102580988714464	0.0001052285924563	0.0007263718568314	0.0473821515659693	-0.0312255885122355	0.0009750373779354	0.0022450682870204	-0.0052120628949176	-2.629917698120012e-05	6.916467098884862e-10	2.7165599620576832e-05	1.685334140044681e-05	0.0002082548844221	2.8403511636001437e-10	4.337009688568173e-08	0.003126071602437	0.0002720496672798	7.40110214671041e-08	9.772323663563032e-06	0.0	0.0	0.0	0.0
1751.4052129521965	-5.304953030478373	28.142526655581676	3067420.219956129	2423.6268836127388	-18.43023935953761	339.67372284984924	5873967.270970396	1921.9880494492977	-5.916345955239194	3694038.062225916	35.00314946207517	2060.853042164297	1492.148297466008	1.191426	37.117538	0.1211277066978721	0.0603457624753784	0.0453122325	0.1685458994	0.0203372974	0.0797472497	-0.0166881367	-0.0361384307	-0.1009327086	0.0599052532	0.0106828632	0.0697274795	-0.0295274481	-0.0369827739	-0.0354854893	0.0044626569	-0.0651628488	0.0635806568	-0.0443781563	-0.0511572831	0.0003078252	0.0695485877	-0.1988066247	-0.024972974	-0.0665392264	-0.0954809721	0.0866722846	-0.0150934323	-0.056593323	0.043114164	-0.0424789271	0.0201290808	-0.0784727818	-0.0693176824	-0.0106712712	-0.139838139	-0.056764576	-0.0382932973	-0.073160251	0.0718105829	0.1338497084	-0.0401227244	-0.0951370721	-0.1029789154	0.0514844267	0.115713197	0.0841524024	0.0128510927	-0.0368644305	0.0843657715	-0.0812072835	-0.0863925482	-0.0383751995	-0.0112000478	0.0644937263	0.0708221437	0.0591365899	-0.0236311592	-0.0526029464	0.0844630865	-0.1362086707	-0.1122122932	0.0625104577	-0.0627704971	0.0053518222	-0.0884930573	-0.0062859073	-0.0298390518	-0.0581240968	0.0351128469	0.0244523049	-0.0373081877	-0.0071434265	0.0607125866	-0.0907719336	0.0376885688	0.054313635	0.1471967408	0.0835700664	0.1299945213	0.053378654	0.0887143207	-0.0679591279	0.0203992595	-0.0611374346	0.0259153614	-0.0294003074	-0.0667470723	0.0914421646	0.0351589603	-0.0344375167	0.1030705135	0.0280604663	0.0006568313	-0.0652603595	0.0199017103	-0.0511883774	0.153911454	-0.0803046275	-0.0727303041	-0.1632111889	0.0050968809	-0.1073924721	0.1399513773	0.0099239094	0.0677746478	-0.0308180832	0.0562357386	-0.0119017148	-0.0609020751	-0.0255593237	0.0042298774	-0.0292802497	-0.090033762	0.0330257939	0.0766973598	-0.0515374425	0.0803488585	-0.0148809085	-0.0929501437	0.0857531521	0.0480118059	-0.0715342798	0.0160952556	0.048029041	0.034386815	0.0505422969	-0.0063698775	-0.030401636	-0.1941929863	0.0534124309	0.0812010881	0.0719160374	-0.1709539444	0.0102103617	0.0147829463	0.0872770873	-0.0369818846	0.0224864039	-0.0490621638	-0.0321566982	-0.0238844545	-0.0085500134	0.1351132094	-0.0342735256	0.0308905389	0.1136326201	0.0292579038	0.1039101675	-0.0167313965	0.0827527507	0.0784442723	-0.0433885123	-0.0355364705	0.0811565722	-0.0507165039	-0.0272552159	0.0796832699	-0.057431937	-0.0186447705	0.064331394190134	-0.0264453769749052	0.0041385282784464	0.0006993579633448	0.0424286598474878	0.0154773731095332	0.0002395490783717	0.0018001911764538	0.0289367449540733	-0.0184454066118959	0.0003402330250781	0.000837335208537	-0.0055606050006933	-0.0003485421057757	1.2148159949855933e-07	3.092032797373534e-05	5.710812165760082e-05	4.025478025715401e-05	3.2613375592593356e-09	1.620447333551756e-09	0.0022996774884391	-0.0008263941139978	6.82927231650374e-07	5.288516550833566e-06	0.0	0.0	0.0	0.0
1756.4048742002028	4.999661248006305	24.996612594815964	3084958.0821142304	2428.686075846354	5.059192233615249	25.595426056672856	5898516.055009962	1934.6308508319769	12.64280138267918	3742796.5289908582	159.84042680187463	2068.550439739974	1471.7525218862347	1.207124	37.606579	0.2727095335561086	0.1267491434873216	0.0324408769	0.0548456445	-0.0170808086	0.072099128	0.0500734043	-0.0220287368	-0.0192783653	0.1030580517	-0.0002543296	0.0080727838	-0.0206084526	-0.0168682645	0.0058913071	0.0700860383	-0.1560078126	-0.0706340545	-0.0127765826	0.0321088458	0.0560494154	-0.0032407486	-0.037235535	-0.0391976346	0.1008333965	-0.0414236154	-0.1113300405	0.0386651312	-0.0454115242	-0.0071762299	0.0431722712	-0.0132474473	-0.0717716242	-0.0775589591	0.0058833849	0.013685138	0.0199928055	0.1109034156	-0.032284593	0.0875815083	-0.1541881328	0.0490531747	0.1136020646	-0.0947706476	-0.0950151177	-0.055580739	0.0918034843	-0.0661708065	0.0838680661	0.0413851755	-0.0064188295	-0.0447478135	0.0098130731	0.001777351	-0.0852940362	0.0366424005	-0.014696874	-0.0143522404	0.017730747	0.038239905	-0.0446185524	0.1294154434	0.0144262086	0.0906659955	0.1298449634	-0.0359235562	0.021522895	-0.0267575868	-0.027707398	-0.0213465263	-0.0470536769	-0.037066208	-0.0622250405	-0.0271378425	-0.0334375574	-0.042253282	0.0336240688	0.0569157464	0.0243146593	0.0642781819	-0.071061584	-0.0105829092	0.0142079588	-0.0357470085	-0.1265361334	0.0390773429	0.072786204	-0.0048386688	0.0831173828	0.0515797529	0.0521747048	0.0366885852	0.0549870317	-0.1053721509	0.0337823863	0.052791812	-0.0503674865	-0.1132064938	-0.0242272315	-0.0511527638	-0.0253134395	0.0069487121	0.1673992706	-0.0353003126	0.0445168611	-0.056997808	0.263390141	-0.0170493493	-0.0570080223	0.1051545759	-0.0819827212	-0.0799433441	-0.0398769043	-0.0523620533	0.0300283496	-0.0771366988	0.0194020273	0.028367693	-0.0498732125	0.0701641534	0.031975351	-0.058282076	-0.053280301	0.1236810787	-0.060053076	-0.0520639721	-0.0947392428	0.1100307587	-0.0297561497	-0.1042536874	0.0475012769	0.1163251371	0.0018414446	0.0165412657	0.064678792	-0.0538157843	0.1055670461	0.0216405261	0.0575013704	-0.0159536806	0.0393723739	-0.0370013288	-0.0604702081	0.116720874	0.0389533009	-0.0102783673	0.0617631456	0.0211609017	0.1863337498	-0.0117349645	0.0655125627	-0.050852757	-0.0441104375	-0.0339891844	0.0808350932	-0.0533515689	-0.0231897558	0.0784076511	-0.0615281933	-0.0119276293	-0.0119286990080524	-0.0762600931981864	0.0001422938600247	0.005815601814596	0.0184021101801761	-0.0240265496673117	0.0005772750889157	0.0003386376590833	0.0629897963321539	0.0340530513780806	0.0011596103081581	0.0039677144419662	-0.0067818615903154	-0.001221256589622	1.491467657695402e-06	4.599364663019533e-05	0.000967370685877	0.0009102625642193	9.358060438941374e-07	8.285779358192758e-07	0.00166379985603	-0.000635877632409	4.0434036339820244e-07	2.768229960925449e-06	0.0	0.0	0.0	0.0
1756.7359187498328	0.3310445496299508	0.1095904938396969	3086121.088225819	2433.2120601512765	4.525984304922531	20.484533928405085	5920520.92966562	1935.949616854892	1.3187660229150424	3747900.919000603	1.739143823195158	2065.673221120013	1435.6099433466395	1.16896	36.417633	0.1204860440240784	0.0569114302304724	0.0601041209	-0.0605568248	0.0063415331	0.0573338132	0.0266469011	-0.0505099495	-0.048753905	-0.0143488313	0.0492509193	0.0087299026	0.0756400711	0.0477960953	-0.0411891439	0.0589609994	0.0021138449	-0.0108611458	0.0943730677	-0.1230034585	-0.0422910417	-0.0201985673	0.0623067861	0.0236556748	0.0514459987	-0.1087263114	-0.000578103	-0.0709399792	0.0019446709	-0.0144363832	-0.0610848371	-0.0019403365	0.0221929342	0.1232089872	-0.064992169	0.0489564768	0.0713725784	0.0266349337	-0.0311661906	-0.0065243799	0.0224137828	-0.0039701853	-0.0654530553	0.0147872291	0.0528880895	-0.0102142436	-0.030754403	-0.0105883377	-0.0276556889	0.0596589954	0.0474881165	-0.0073869462	-0.0473196545	0.0203733877	-0.0189795597	-0.0599164572	0.1043817067	0.0859407664	0.0351776537	-0.0749585764	-0.0459579601	0.0624897992	0.115544232	0.0740209937	-0.0210932464	0.1004599122	-0.0031418441	-0.0370617754	0.0685288665	0.0108110742	0.084805538	0.0455782721	-0.0438074275	0.0028628501	-0.0126743911	0.0226762101	0.0099261131	-0.054793005	0.0205317838	-0.0579102846	-0.1066063182	0.1033336114	0.03359504	-0.0273157129	0.0322040901	-0.0173716967	-0.0797012777	0.0673364706	-0.0810528131	0.0119175917	0.0302346355	-0.0433746025	0.0576231372	0.0012883248	-0.0804126852	-0.0324062566	0.0259773694	0.0327022149	0.0832204932	-0.0296660873	-0.0138879773	0.0670485889	0.0406967552	-0.0556927188	0.0466246011	0.0217630845	-0.1091935675	0.023650452	0.0619444009	0.010290737	-0.0249633613	-0.0672580607	0.0280571667	-0.0151497911	0.0124425628	-0.0091706917	-0.1706447504	-0.0173112394	-0.0472801152	0.0254002761	-0.0587348614	0.0270757547	0.0220276441	0.0076919552	0.0067608584	-0.0849482597	-0.0402857822	0.1318355781	-0.0700990479	0.0161098377	-0.0311531623	-0.0003748569	-0.0157551281	0.0211277579	0.0873031428	-0.0170567331	0.0261104535	-0.063556913	0.0227669955	0.0648934598	-0.0144332369	-0.0008418244	0.0585431152	0.0579233679	0.0343261045	0.0136679284	0.0399050641	-0.0893552992	0.0429538191	0.0734009894	-0.0222040778	-0.0431685127	-0.0448275254	-0.0324269895	0.0804338397	-0.0558930371	-0.0190607341	0.0768225931	-0.0652939789	-0.0051268245	-0.0076576731751316	0.0042710258329208	5.863995845713008e-05	1.8241661665476817e-05	0.0356266868111134	0.0172245766309373	0.000296686040115	0.0012692608131371	0.1064146815468092	0.0434248852146553	0.0018857206559059	0.0113240844487088	-0.0066248221527353	0.0001570394375801	2.466138495547415e-08	4.3888268555372375e-05	0.000442917931557	-0.00052445275432	1.9617629409473135e-07	2.750506915138343e-07	0.0012339809210188	-0.0004298189350111	1.8474431689416214e-07	1.522708913438406e-06	0.0	0.0	0.0	0.0
1752.0058606379127	-4.730058111920016	22.373449742140348	3069524.535709593	2437.5097831443504	4.297722993073876	18.470422925195876	5941453.9429244185	1934.727696443976	-1.221920410916027	3743171.2593874135	1.493089490613193	2071.525590569585	1467.871602758897	1.175165	36.610935	0.0860112366502819	0.0562807974367331	0.0451123437	0.0348994401	-0.0860160969	-0.114253331	0.0449749098	-0.0617936676	-0.0711433916	0.0852644908	0.0074345499	-0.0063269315	-0.0413116908	-0.0277835879	0.0476198368	-0.0067045827	-0.0016392268	0.0336022438	-0.0637424341	0.0461154411	-0.0440322477	0.0144109836	-0.0165843748	-0.0229450056	0.0456884158	-0.0741912243	-0.0935563105	0.051638726	0.0811741728	0.0130441686	0.021375222	-0.0121367935	0.041215551	-0.0811882575	-0.0186702326	0.0495114743	-0.0041189478	-0.0201106344	-0.0428958112	0.0252350714	0.0060567023	0.0370351627	0.0068350455	-0.0121988791	0.011246942	0.0268770123	-0.0446116132	-0.004644995	-0.0105773448	-0.0355053538	-0.093446903	-0.0180536846	0.0741701782	-0.0386491154	0.0601188244	0.0223540253	0.0015934643	-0.0691577181	-0.0153045635	-0.0538637461	0.0343205953	-0.0616560449	0.0419912951	0.0317903338	0.011374287	-0.0153800964	0.0217775919	0.0437164661	-0.0437841355	0.0515296287	-0.0247412984	0.0504514601	0.0692902015	-0.0859953639	-0.0952289131	-0.0533507377	0.004023894	0.0135012309	0.0243834608	0.0328778487	-0.0388069546	0.022186303	0.0185258869	0.053632916	-0.0134189915	-0.0695324943	0.0171596776	-0.041486884	0.0167441321	0.01847306	0.0251830928	0.0109301495	0.0028933329	-0.040378444	0.0442442263	-0.0132506041	0.0431978306	-0.0125625046	0.0046738334	0.0753125522	0.0678508597	-0.1091113597	-0.0240518905	-0.0132945987	0.0230650686	-0.045593578	0.0122824149	-0.0220698542	-0.0627109196	0.0099255123	-0.0476450851	-0.0180705534	-0.002279554	-0.0208340084	0.0230961623	0.0471131535	-0.0267344693	0.0558587852	0.0065396569	-0.027195838	0.0079291842	0.0995636517	-0.0025775309	-0.0187809825	0.0457123545	0.0265862432	0.0056756736	-0.0205967739	-0.0292825655	-0.0334177799	-0.0376889097	-0.0020989798	0.0880172896	0.0034649902	-0.0110640748	-0.123654777	-0.0240007677	0.0265848426	-0.068252771	0.0496594608	0.0156236679	0.0702828749	-0.0091525132	0.0131251712	0.0323369914	0.0712253622	0.0384402868	-0.0541798741	0.0374219361	0.0283265204	-0.0298897238	-0.0323477902	-0.0455396975	-0.0308505711	0.0799532077	-0.05833645	-0.0148794683	0.0749343514	-0.0687090676	0.0017099414	0.0155283142774322	0.0231859874525638	0.0002411285442987	0.0005375900141504	0.0446314759953168	0.0090047891842033	8.108622825194644e-05	0.0019919686495205	0.1056915766732444	-0.0007231048735648	5.228806581731741e-07	0.0111707093796763	-0.0056557494097959	0.0009690727429393	9.39101981108092e-07	3.1987501386406674e-05	0.0003510165323714	-9.190139918560002e-05	1.2321260599804214e-07	8.445867172271004e-09	0.0012330079603448	-9.72960674000111e-07	9.466524731507505e-13	1.5203086302736438e-06	0.0	0.0	0.0	0.0
1749.5117626507786	-2.4940979871341824	6.22052476942678	3060791.407653434	2427.5918412385163	-9.91794190583414	98.36557164750096	5893202.147647809	1926.78249955956	-7.945196884415964	3712490.8006089856	63.12615353213314	2059.3089838119254	1452.6477731848713	1.134729	35.351208	0.2064701153949567	0.1313801617941712	-0.0555415885	-0.0485467478	-0.0254349304	0.0130832708	-0.0547321735	-0.0896537724	-0.0374609141	0.0172010659	0.0913886593	0.0500532037	0.0328575551	-0.016971768	-0.0399619828	-0.0499677748	-0.1104178674	-0.004703785	0.0583731639	0.0232001349	0.0160219061	-0.014005429	-0.0672563025	-0.0995248463	0.0375221798	0.0162117638	0.0073091234	0.0438853543	-0.0197573213	-0.0118389526	-0.0119058202	0.0004672545	-0.0344045124	0.0401522669	0.0447605411	0.0571605021	-0.0329940891	-0.0511119089	-0.0117052077	-0.0003970858	0.0677414222	0.0492510128	-0.0798587767	-0.0731135614	-0.0721497888	0.0147949972	-0.006031735	0.0167666109	0.0834563119	0.0481333325	-0.0843356858	0.0374102489	0.0382364457	0.015043514	0.088438118	0.0092462126	0.0146429326	-0.0472903633	-0.0117972446	0.0122576794	-0.0741267189	0.0471848163	0.0521666977	0.0542630838	-0.0520145547	0.0673257551	-0.0417438343	0.0086269016	0.0137128129	-0.0526880934	-0.0762006218	-0.0462544073	-0.0773908498	-0.0565809623	-0.0129598628	0.0228112666	0.0524506426	-0.0209073735	0.0882489709	0.0434468268	-0.0096111627	-0.0477630386	-0.055203287	-0.0516377153	-0.0641829307	0.0168548046	0.0402643421	0.0781848172	-0.0427161551	0.0166267684	-0.0129234201	-0.0496705232	0.0319973378	-0.0482648083	-0.0180629481	-0.0570771877	-0.0403980399	0.0213551588	-0.0206683574	0.0038238413	-0.0612714952	-0.0434173691	-0.0869965669	-0.0408899217	-0.0132855596	-0.0216614652	0.0390978247	-0.0355344485	0.0161842134	-0.041232268	0.08031511	-0.0542976526	0.0978253488	-0.0188027151	0.0715430606	0.0694485871	-0.0629751869	0.0851790778	-0.0462445488	0.0254235672	-0.0193770891	0.0542626805	0.093177628	0.016325124	0.0063412839	0.0131072221	0.0136143003	0.124806146	0.0228209444	0.0451827394	-0.0180719876	0.0120064278	-0.009012021	0.0460760092	0.0832282825	-0.1032329041	0.0629967512	-0.0031012896	-0.0763016085	-0.0025728819	-0.0760957544	0.0535209115	-0.0611330741	0.0389003601	0.0275297736	-0.027365077	0.0433544321	-0.0305133992	-0.020834521	-0.0384094565	-0.057920728	-0.031752198	-0.0462468756	-0.0292606206	0.0793936715	-0.0606775209	-0.010657419	0.0727503781	-0.0717551168	0.0085347133	0.0220750032878811	0.0065466890104489	0.0004873057701599	4.28591369995324e-05	0.0193662222229988	-0.025265253772318	0.0006383330481796	0.0003750505631905	0.2115400792515842	0.1058485025783397	0.0112039054980768	0.0447492051297665	-0.006969810374557	-0.001314060964761	1.726756219108872e-06	4.857825665728239e-05	0.0004122058429996	6.118931062819999e-05	1.699136570030109e-07	3.744131735154348e-09	0.0012339510856325	9.431252877001306e-07	8.894853082994542e-13	1.5226352817336254e-06	0.0	0.0	0.0	0.0
1754.949941749229	5.438179098450519	29.57379190682409	3079849.2980456227	2410.98240520336	-16.60943603515625	275.87336540594697	5812836.158200179	1931.995029858816	5.212530299256059	3732604.795399167	27.170472120662463	2056.821987487421	1403.2770721469303	1.193707	37.188599	0.105868797071857	0.0578854886385494	0.0240132432	-0.1249399896	-0.0633624504	0.0653785938	-0.0189676383	-0.0527151558	0.1470330463	0.0481624758	0.0189427621	0.0255731005	0.050594274	0.0234092356	-0.0466556816	0.0279413382	0.0266576742	0.0301760693	0.0415551747	0.0193816665	-0.0401644132	0.090906581	0.0547403712	-0.0988676385	-0.1155243267	0.0304475432	0.1749298575	-0.0214990171	-0.0872958228	0.1003412256	0.0152515954	0.0980514485	0.0861182425	0.0099763949	0.0022874121	-0.0295568285	0.0280640658	0.0712283377	-0.0115098275	-0.1203932622	-0.0195285031	0.0939166176	-0.0293839928	-0.0149824145	0.0178677246	0.014923121	0.1123145376	-0.0631869498	0.0135514021	0.0263587916	-0.0284606871	0.0048970343	0.018419363	0.0202174572	0.0294904519	-0.0134370203	0.0282125146	0.013843226	0.0652471271	-0.0334733046	-0.0049088491	-0.0614110702	0.0213023983	-0.0452658706	-0.0453734934	-0.0533022982	0.0783344937	0.0042591035	0.0109773711	0.0418945333	0.0561193392	-0.1278059054	-0.046507031	-0.0254289259	0.0670776799	0.0723725889	-0.2130610926	-0.0614158042	0.0403417944	0.0161825758	0.0402869194	0.0783920999	-0.0456965006	-0.0453333291	0.0689124276	0.0528744753	0.0020114418	0.0420720999	0.0906467865	-0.0605520173	-0.0202781989	0.1449870445	-0.0507647482	0.028152509	0.108570581	-0.1192895304	0.0061922009	-0.1265639629	0.0156279341	0.0858308204	-0.0607708432	0.0979127682	0.0012668668	-0.0056942758	0.0389230986	-0.0522607228	0.0385155018	0.0071431132	0.0709011129	-0.0212079054	0.0338788098	-0.0479522265	-0.0014710313	-0.0484901844	-0.0468434101	0.0553626103	0.0416742452	0.0063268622	0.039178872	-0.0501293912	0.0137501128	0.0411916218	0.0390230775	0.0274776747	0.0766621443	0.0050717442	-0.022759731	-0.0415202032	-0.0389348642	0.0455585969	-0.0424484933	-0.0660009889	-0.0320830421	-0.0272865111	0.0564837523	0.0857485084	0.0660854381	-0.1662575003	0.0828558702	-0.0124799499	-0.0665401851	0.0542676423	-0.0975424348	0.0429230082	0.0138729383	-0.0723074414	0.0078821954	-0.1316515032	-0.0288638697	0.0220004045	0.0132656203	-0.0522535645	-0.0469489822	-0.0276578354	0.0787557834	-0.0629121428	-0.0064061583	0.0702792922	-0.0744157659	0.0152996203	0.0366930296821692	0.014618026394288	0.0013463784272565	0.0002136866956641	0.0284476047942092	0.0090813825712104	8.247150940468403e-05	0.0008092662185275	0.1581388880852756	-0.0534011911663085	0.0028516872179806	0.0250079079248473	-0.0066699785109581	0.0002998318635989	8.989914642918953e-08	4.4488613336642825e-05	0.000685887064654	0.0002736812216544	4.7044106545968046e-07	7.490141108624481e-08	0.0012358019391802	1.8508535477000396e-06	3.425658855033822e-12	1.527206432881543e-06	0.0	0.0	0.0	0.0
1766.8832199469111	11.933278197682055	142.40312854327394	3121876.3129299646	2408.218055159957	-2.7643500434028283	7.641631162461219	5799514.201198407	1930.4835089272697	-1.511520931546329	3726766.578240144	2.284695526502682	2059.3946130551703	1476.7470933230577	1.384935	43.146076	0.1296258493590293	0.0622072366915639	-0.0151967075	0.0890865232	-0.0997098874	0.0029022454	-0.0968406399	0.0224905966	0.0888746284	-0.0430580475	-0.1016625843	0.0227910745	-0.1612683037	-0.0153637404	0.0012805534	0.0994487578	0.0025433138	-0.0004693306	0.0460985303	-0.1437104596	0.0844457732	-0.0963811601	-0.0676146614	0.0599892325	-0.004317864	0.0769318492	0.0305463373	0.0542483489	-0.0701244349	-0.0723438392	-0.0035145821	-0.0889004685	0.060500494	-0.1248972494	0.0117518422	0.1428085652	-0.0302317898	0.0376803391	0.0053455035	-0.0831520412	0.0193007096	-0.0287546834	0.0061159113	-0.065623852	0.0584650435	-0.0575653084	-0.0698477706	0.0332289079	-0.1226025796	-0.0615118647	-0.0745261329	-0.0871590777	-0.0086720923	0.0654363208	-0.0435167052	-0.0773454504	0.0704764789	-0.0460926357	-0.0524626802	-0.0643363982	0.1371313773	-0.0436554575	0.0175734364	0.0370395974	-0.0333358378	0.0527780351	-0.0650232186	-0.0610290366	0.0036584834	0.0561055437	-0.0304893715	0.0747486833	0.0181205377	0.0825831959	0.0782642316	-0.0392158661	0.0324695159	0.0227415133	-0.0799747492	0.1297492087	-0.0304277958	-0.0286304009	0.0172158989	-0.120441098	0.0450460601	0.0888160251	0.1100724544	-0.033720089	-0.0278940556	0.0108076525	-0.0922076818	-0.0261822622	-0.045830025	-0.0105854625	0.0279214236	-0.0681288415	-0.0075014307	-0.1091623853	-0.0384035096	-0.0068622635	0.0087574525	-0.0410377895	0.0503949906	0.0842798372	-0.0314687946	-0.0897826094	-0.158942848	0.0348513331	-0.0419527701	0.0296697689	-0.0049064465	0.0200250823	-0.029452697	0.0105458569	0.1297158093	-0.0689197989	-0.0380143468	-0.0176263411	-0.0381801548	-0.0266402733	-0.0499734986	0.1910578364	-0.0080693607	-0.1404154442	-0.0886500115	-0.0523418714	-0.0933949727	-0.0336484017	0.0027699816	-0.034406178	0.0220633489	0.0282598212	-0.0098869302	0.0468424754	0.0306891059	0.0298861029	-0.0827334349	-0.0322001711	-0.070145046	-0.0011623773	0.0401353291	0.0795507099	-0.0805957084	-0.05059947	-0.0114462489	0.0064237994	-0.0620869196	0.0265516518	0.1247061536	-0.0350081879	0.1200261488	0.1148324077	-0.0476459404	-0.0260429185	0.0780401729	-0.0650363955	-0.0021373389	0.0675308461	-0.0766767246	0.0219572114	0.0098217417129404	-0.0268712879692288	9.64666102757134e-05	0.0007220661171252	0.0335646063523569	0.0051170015581476	2.6183704946085965e-05	0.0011265827995886	0.1192037729142327	-0.0389351151710428	0.0015159431933823	0.0142095394769879	-0.0074397471220033	-0.0007697686110452	5.925437145504568e-07	5.5349837239356384e-05	0.0010869073496078	0.0004010202849538	1.1813675866314522e-06	1.6081726894442696e-07	0.0012390619363934	3.2599972131998507e-06	1.0627581830070794e-11	1.535274482218962e-06	0.0	0.0	0.0	0.0
1770.0566878613215	3.1734679144103666	10.07089860379208	3133100.678242592	2417.0719426472983	8.853887487341126	78.39132363849576	5842236.775932784	1942.3034854016817	11.819976474411988	3772542.829403521	139.71184385565283	2072.62451384356	1493.7420629231276	1.19228	37.144115	0.1948575562101556	0.0861834748068506	-0.0481370803	-0.0346741358	0.0284804242	-0.0179247188	0.0034628595	0.0659008066	0.0286741382	-0.0750816687	-0.0616873874	0.048396306	-0.1133293122	-0.0733312747	0.021980668	0.0626418527	0.1438042247	-0.0735567427	0.0261049796	0.0577189435	0.1094805837	0.0852440479	0.0553847755	0.058541197	0.0451172712	-0.0624042484	-0.0550474685	0.0194751308	0.0599215845	-0.0899205645	0.1223962495	-0.0835031225	-0.0159051239	0.0554928954	-0.0022557954	0.0191546345	-0.0853919117	0.0094266754	-0.0367672713	0.024914845	0.0086857987	0.0449853159	0.1084911471	-0.0754831	-0.074772423	0.0479237703	0.0715220052	0.0003285751	0.0379620693	-0.0377373629	-0.0418205387	0.0599832776	-0.0097937613	0.0108326562	0.0217622699	0.1230123458	-0.0358334354	0.0387411675	0.0036796104	-0.0566656819	-0.0298490277	-0.0785118182	-0.0437278221	0.0471031624	-0.0320568387	0.0043130353	0.0369762758	0.1018612123	-0.082035523	0.0799943855	0.0603827971	-0.0507664651	0.0414350552	-0.0785545769	0.0634667811	-0.0480720004	-0.0186275265	0.1425025885	-0.0178617364	-0.0910801841	-0.0379292573	0.0015738157	-0.0038149934	0.0887946805	0.0082188777	-0.0182025043	-0.0289628269	-0.0300158765	0.0784384342	0.2239885731	0.0406843387	-0.0861743492	-0.010446123	-0.0544384127	0.0352796297	-0.0619981248	0.0116898605	0.0144433556	-0.0708317507	-0.0805230414	0.0911392048	-0.0443102868	0.0053511748	0.0034863076	-0.1083641935	-0.1238422129	0.0885664951	-0.1320414861	0.0071466017	0.0913672219	0.0967720055	0.1181509032	0.0269312908	-0.0176817818	0.0113231704	-0.0515062686	-0.0137465832	0.0974279072	0.0590164147	0.0129859119	0.0188986118	-0.0100001163	-0.0605599119	-0.0037326439	0.0766364484	0.029852491	0.0027373314	-0.0322204834	0.0168368791	0.0500079132	0.0226958046	0.1250300292	-0.0139701934	0.0763295904	0.001619692	0.0212067734	0.0352641984	0.0450375442	-0.0241850772	0.0141003564	0.0970086732	0.0581798473	0.0590251402	0.1032803471	0.0326730831	0.0186726762	-0.1134525726	-0.0484472269	0.0806492567	-0.0266284504	-0.0506577434	0.0152928069	-0.0483376736	-0.0244165784	0.0772475461	-0.0670465522	0.0021373389	0.0645158866	-0.0785258491	0.0284607885	-0.0378227770452213	-0.0476445187581617	0.0014305624634125	0.0022700001676968	0.0717912962943785	0.0382266899420216	0.0014612798239234	0.0051539902236272	0.17004209955833	0.0508383266440972	0.0025845354559719	0.028914315622205	-0.0077258389915538	-0.0002860918695504	8.18485578229002e-08	5.968858812341303e-05	0.0006700006661082	-0.0004169066834996	4.489008925854317e-07	1.7381118274663569e-07	0.000779100072126	-0.0004599618642674	2.115649165803421e-07	6.069969223867383e-07	0.0	0.0	0.0	0.0
1774.456557377458	4.399869516136505	19.35885175902728	3148696.07401986	2428.2541356969764	11.182193049678062	125.04144140026835	5896418.14752947	1936.0990895794853	-6.204395822196375	3748479.684670512	38.49452751848783	2063.4686497621065	1494.1550241909197	1.042211	32.468903	0.0867061382854458	0.0461995218336016	-0.0852860498	-0.0673810155	0.0393652248	0.0624322575	0.0047449492	0.1175992709	0.1022779009	-0.1062030169	0.0060829484	-0.0098530801	0.0575464435	0.0086219019	-0.0217092269	0.1158930267	-0.032090851	0.0850024689	0.0434701894	0.0159804254	0.2111857122	0.0023721971	0.0998273457	0.0016957525	0.0494013862	-0.0769719662	-0.0377778984	-0.0454929306	-0.0427783028	0.0271420592	0.0590092537	-0.0207057575	0.0199489041	-0.0153752882	0.0020869384	-0.0608912603	-0.0151112313	0.0058156842	0.0865768708	-0.0160456293	-0.0416692322	0.0187601019	-0.0992347801	0.0861464693	0.0262233126	0.0443801812	0.086499383	-0.0519035779	0.0003422939	-0.0823043493	-0.139213475	-0.0065548745	-0.0910980801	0.0859877678	0.014328548	0.0239681997	-0.0018260338	-0.0853544943	0.0155262642	0.0068163295	-0.0125205062	-0.0200216793	-0.1116416946	0.0688643328	0.0030567203	-0.0111540951	-0.0554077222	0.1341137775	-0.0066066918	-0.0296452846	-0.0984037932	-0.0393079703	0.0361405379	0.0541156412	0.1410050698	-0.1010852071	0.0234126777	0.0281413841	0.0539738972	-0.0616481261	-0.08490447	0.0263386161	0.0094229621	0.0965138041	0.0402554005	0.1308189957	0.0274041639	-0.0030150327	0.097559155	0.0308068217	0.0215269352	-0.0457310735	0.0261665842	-0.0026678201	-0.0073141686	-0.0655942622	0.0176779493	-0.0436270753	-0.0515798037	0.0726655521	0.0486190945	0.0491167631	-0.027255614	0.0533410714	0.0201366189	-0.0379611262	-0.0758471601	0.0885675631	0.1095142015	0.0477098854	0.0227563287	0.0188949001	-0.0503738219	-0.0409077942	-0.0419417061	0.0021854033	-0.0377924146	-0.0287571123	0.027958758	-0.0175277725	0.0332742071	-0.0103415766	-0.0220802723	0.0550952678	0.0087187201	0.0638626402	0.0941176213	0.0724726096	0.0599448957	0.0905840686	0.0027488995	0.0619169378	-0.1366177736	0.0221643021	-0.012223186	0.0339852623	-0.0300127901	0.0263731738	-0.0480199509	0.076943865	0.0660258182	0.0053863216	0.0337212719	0.1305864887	0.0568440126	-0.0678648142	-0.167074734	-0.0555593794	0.0453186137	0.0161943197	-0.0772319561	-0.0747309952	-0.0490241061	-0.0227795284	0.0763786853	-0.0689390864	0.0064061583	0.0612463124	-0.0799532077	0.0347647336	-0.0406308208383308	-0.0028080437931094	0.0016508636019965	7.885109944020776e-06	0.0463890358530676	-0.0254022604413109	0.0006452748355281	0.0021519426473771	0.2082572861320955	0.0382151865737654	0.0014604004848677	0.0433710972271054	-0.0074702679147726	0.0002555710767811	6.531657528710197e-08	5.580490271848096e-05	0.0005211016897093	-0.0001488989763988	2.715469710178877e-07	2.2170905172640164e-08	0.0007779571757609	-1.1428963650999668e-06	1.3062121013587166e-12	6.052173673178758e-07	0.0	0.0	0.0	0.0
1772.8911820609958	-1.565375316462223	2.450399881389205	3143143.143429635	2449.399251584653	21.14511588767664	447.115925903275	5999556.693663458	1937.6789725438616	1.5798829643763384	3754599.800638635	2.4960301811265664	2077.603382080716	1513.6143583386345	1.340243	41.753761	0.2337788438688744	0.1630421466056051	0.0677357743	0.0402205656	0.0763058867	-0.0445446545	-0.0619640893	0.0442872842	-0.0711156367	-0.0365684364	-0.078811369	-0.088918386	-0.1039383836	-0.0601400622	-0.0466334966	0.0340723087	0.0211131491	-0.0415190112	0.0612814482	0.0406836134	0.0166796159	0.0278151306	-0.0051029323	0.0689879406	0.0880548474	-0.0415717931	-0.0555338214	0.0089574709	-0.0757099265	-0.0095573393	-0.0463882681	-0.0444374439	0.0032005636	-0.0439686543	0.0961877545	-0.0076825721	0.0526716554	-0.0517879482	-0.003380223	-0.0247202255	-0.0980548146	0.0697666258	-0.0031679777	0.0500109902	-0.0109202653	0.0374169093	0.0097818311	0.0442517875	0.0473659023	0.1675691889	-0.0132121273	0.0726226594	-0.0603147882	0.048817061	-0.0469533388	0.051639206	-0.0930161392	0.0422087477	0.0566451643	-0.0372362043	-0.0686695296	-0.0868265678	0.0537328119	-0.0958991792	-0.0396434847	0.0204244216	-0.0398000806	0.0561247358	0.0059417984	-0.0108541496	-0.0935005017	0.0456470354	0.0742969316	0.0077118672	-0.0495989842	-0.1005784912	0.0556451116	0.1139452297	-0.0401618536	-0.0454142063	-0.0565661064	-0.0209551556	0.0156991376	0.0040563469	-0.0086888769	-0.0329025636	0.0782292233	0.0446987813	-0.0435257358	0.029455528	-0.0409786763	-0.0107709127	-0.0371431582	0.0938623326	-0.0629617339	-0.0034385662	-0.0499865379	-0.0216174363	0.0685048079	-0.0731512361	0.0495278364	0.0958596195	0.0241820575	0.0609775786	-0.0268797653	-0.0139490531	0.0279586098	0.0557179825	0.0206983187	0.0527531655	0.0008632722	-0.0567079629	0.015498233	0.0381252858	0.0970416576	0.1572575267	0.0491318086	0.0570828329	0.0226594658	-0.0487761785	-0.0088918568	-0.032222808	0.0557679477	0.0758597007	0.1167399632	0.02903263	-0.021611388	-0.0117838798	-0.0575957269	-0.0383802322	-0.0095255789	0.0219992914	-0.0247930012	0.0547734035	-0.0115656682	0.0302838495	-0.0487706303	0.0495704665	-0.0768535139	0.0169725558	0.0264560018	0.0142110371	0.1206897379	0.0379557303	-0.0348310019	0.0603116006	-0.0531403244	-0.0034150025	0.0643482167	0.0346942363	0.1037725036	-0.0187367705	-0.0497051625	-0.0211324865	0.0754344479	-0.0707106781	0.010657419	0.0577350269	-0.0809511339	0.040824829	-0.0044285744560284	0.0362022463823024	1.961227171258724e-05	0.0013106026431249	0.0419904532327422	-0.0043985826203254	1.9347529067828664e-05	0.0017631981626911	0.0522635373819539	-0.1559937487501416	0.0243340496491223	0.0027314773396748	-0.0075969605278571	-0.0001266926130845	1.6051018210178853e-08	5.771380926181883e-05	0.0005668827962572	4.578110654790001e-05	3.2135610469238216e-07	2.095909716750173e-09	0.0013491687784506	0.0005712116026897	3.262826950473357e-07	1.820256392745884e-06	0.0	0.0	0.0	0.0
1763.6925930735013	-9.198588987494531	84.61403936085567	3110611.562862331	2447.4589597913955	-1.9402917932575288	3.7647322429825194	5990055.35986318	1930.313113009392	-7.365859534469564	3726108.71425601	54.25588668153618	2069.046048024097	1527.862462280071	1.013138	31.563179	0.0959963806546304	0.0542868052742509	0.0319265148	0.0273040718	0.0352326934	-0.1418771651	0.0405304816	0.0433137923	-0.106733148	-0.0244028236	0.0063686864	-0.0050651756	-0.0495665428	-0.0236693495	0.0353064182	0.1086489442	0.0523263503	-0.0214449472	-0.0052520201	0.0137839832	-0.0016098673	0.0190151571	-0.0194726296	-0.0488275111	0.0440676109	-0.0695884971	0.0038050274	0.0005703556	-0.049913187	-0.0548689871	-0.0109436439	-0.043418686	0.0200779385	-0.0263658568	0.0261967937	0.0773861123	-0.0227372946	-0.0602639406	0.0282246996	0.0296920447	-0.0919234608	-0.0295801302	-0.0085003537	-0.0504188178	-0.062199948	0.0499220613	-0.0141098909	-0.0225227004	0.056280653	-0.0977870732	-0.0051537873	0.088253767	-0.0118677688	-0.120792892	0.043051773	0.0226968448	0.0210732452	0.0123772014	0.1083150619	-0.0160421566	0.0018972658	0.0994124845	0.0164500243	0.0669165882	0.0337062016	0.1098399894	-0.009652677	-0.0661068125	0.0144512195	0.0338544827	-0.003762044	-0.013931284	0.0082334477	-0.0235783755	-0.0591339978	-0.0350565923	0.0435076572	-0.0037817376	0.0861287453	-0.0317386788	-0.0461706002	0.0324488855	-0.0014791812	-0.0325294012	0.0333241276	0.0222313494	0.05260294	-0.0274482267	-0.0364530524	0.0063161647	-0.0405042562	0.010115204	-0.0333080737	-0.0228064232	-0.0307332635	-0.0455642388	0.023993407	-0.0201105163	-0.0444381636	0.0006626682	0.0248627807	-0.1354622186	0.0426913255	0.0533166155	-0.1184513865	-0.0200170734	0.0154062882	-0.0875744484	-0.0095489356	0.0245349027	-0.0458098272	0.0072657721	0.0343931163	0.0201665415	-0.0169143261	-0.0055177277	-0.0456068472	0.0270924403	0.0780697447	0.0565699919	0.0160362279	-0.0679367813	-0.037881623	-0.0267554641	0.0429630608	-0.0444362231	-0.0054379158	0.0664083548	-0.0377019135	-0.0179667357	-0.0372947826	0.0177071427	-0.0144861544	-0.0009791092	-0.0971702468	-0.0710242904	0.0004651139	0.0079036754	-0.0843861441	0.0461617461	0.0127635489	0.0178891151	0.0478511156	0.0413694202	-0.03642788	0.0656182609	-0.0175361333	-0.0211420085	0.0101776999	-0.0653840118	0.0083864066	0.0004846556	-0.0503807682	-0.0194761753	0.0744157659	-0.0723582192	0.0148794683	0.0539958877	-0.081514268	0.0465985677	0.0020624782978728	0.0064910527539012	4.253816729196283e-06	4.213376585392836e-05	0.0443987424952041	0.0024082892624619	5.799857171689284e-06	0.0019712483351554	0.0498498763860766	-0.0024136609958772	5.825759403019377e-06	0.0024850101757071	-0.0068021486113751	0.000794811916482	6.317259825817897e-07	4.62692257312322e-05	0.0002413647145782	-0.000325518081679	5.825692544341597e-08	1.0596202149997617e-07	0.0007758312237638	-0.0005733375546868	3.287159516142394e-07	6.019140877668354e-07	0.0	0.0	0.0	0.0
1762.4839945226672	-1.20859855083404	1.4607104570781415	3106349.8309485773	2425.8158481739188	-21.64311161747673	468.4242804865564	5884582.529251749	1931.84893105894	1.53581804954797	3732040.292433569	2.358737081317331	2064.9597131846986	1456.7036976946138	1.145821	35.696754	0.1295330397801427	0.0709426988080889	0.0707426377	-0.0148302403	0.0249705653	0.051652098	-0.0977244277	-0.0478458966	-0.0380593382	-0.0113684295	0.0341609549	0.0286270552	-0.0206453183	0.0703956279	-0.0969220675	0.1204017057	0.0217761195	-0.0896157601	0.0411073368	0.0089287905	-0.0442770605	-0.0394796811	0.00342229	0.00673513	0.0536192933	0.0127947713	0.0320680695	-0.0191724506	-0.0219946307	-0.0186288349	0.0254029188	0.0283651596	-0.017235163	0.004538841	0.0758032299	-0.0153413474	0.0361655231	-0.0136005917	0.0259958303	0.0599243277	-0.1157404202	-0.100069376	-0.0544593526	-0.0280450989	0.0410793527	0.0109385949	-0.0123645451	0.0862549232	0.0904265781	-0.0046940799	0.1261956487	0.0052120256	-0.0181539741	-0.0490682866	0.0328696128	-0.096295548	-0.0042283917	0.0650160041	-0.148109987	-0.0255419492	0.0331239295	0.0209855188	-0.0547671344	-0.0031036426	0.035190949	-0.0641442972	0.0893549916	-0.0263828044	0.0218447659	-0.0659815078	-0.0483064963	0.0996688172	0.0269433107	-0.0110908694	-0.0077613544	0.0638818756	0.0141240589	0.0043763479	-0.017463478	-0.0275611541	-0.0508597244	-0.0237855695	-0.0757127529	-0.0407190852	-0.0720628013	0.0014257761	-0.0326227513	-0.0232843641	-0.0939681756	-0.0285170084	0.064100023	0.0447839086	-0.0298593333	0.0465573564	-0.0619112064	-0.0353962253	-0.0046320986	0.0376254174	0.1028629381	-0.0338586872	-0.054104477	0.0147764879	0.0620664199	0.0134013273	0.0430162734	0.0670612621	-0.089477331	-0.0149149557	0.0824340268	0.0877316617	-0.0695626232	-0.0093123789	-0.0644563574	0.0752446758	-0.0775857901	-0.0133466926	0.0300790764	-0.108901023	0.0246657896	0.0727237795	0.0926214198	-0.0468133907	0.0207513262	-0.0578304461	0.0027860438	-0.0868807123	0.0845149885	-0.0557624997	-0.0878382059	-0.0297462753	-0.0283965302	-0.0344162339	-0.0979041239	0.0105593804	0.0801142747	-0.0028777886	0.0020137238	-0.0183076337	-0.009329335	-0.0311425187	-0.0267168814	-0.0494171405	0.0366887425	0.0266857636	-0.0373374609	-0.0132410487	0.0052548514	-0.0430482015	-0.0222992976	0.015524423	0.0454969868	-0.0220543234	-0.0510508491	-0.0178113211	0.0733236445	-0.0738788195	0.0190607341	0.0500436514	-0.0816395852	0.0520454508	0.0054976456690241	0.0034351673711512	3.022410790213944e-05	1.1800374867822533e-05	0.0214477670723738	-0.0229509754228302	0.0005267472728593	0.0004600067123908	0.0522277824179227	0.002377906031846	5.654437096290038e-06	0.0027277412562938	-0.0076661723305872	-0.000864023719212	7.465369873611095e-07	5.877019820226078e-05	0.0010868691292227	0.0008455044146445	1.1812845040573104e-06	7.148777151833388e-07	0.0010816829089935	0.0003058516852297	9.354525335784757e-08	1.1700379156086406e-06	0.0	0.0	0.0	0.0
1762.902831575423	0.4188370527558618	0.1754244767612165	3107826.3935766444	2440.8356885556823	15.019840381763515	225.595605093654	5957678.858527091	1932.1106782856848	0.2617472267447738	3733051.673145569	0.06851161070858	2063.209682746801	1498.690913816469	1.041251	32.439003	0.0995499041813816	0.0458279892165783	0.0410008739	-0.0080383524	0.1010476183	0.0243557664	0.0667089872	-0.0035551109	-0.0705111245	0.0058971533	-0.1236926524	0.0549322746	0.0294983821	0.0009713625	0.0115070583	0.0503388469	-0.0235020001	-0.0526258383	0.045175275	-0.0054732173	-0.0789560702	0.0017199615	-0.0136908859	0.065915666	0.0202122095	-0.0866325984	0.0407090657	0.0328464401	0.0003140566	0.0286029212	0.0143671774	0.0787362773	-0.0270182541	0.0572451439	0.1400332098	0.0402799332	0.0054208855	0.1533994154	-0.0648383986	0.2014664793	-0.1370953652	-0.0490092728	-0.0208500889	0.0317800676	0.0247417019	-0.1372678087	0.060225585	0.00043076	0.024274563	0.0621137386	-0.0147892546	0.077964362	-0.0096887265	0.0493154888	0.062344301	-0.1181694033	-0.0303670545	-0.0316101071	-0.0515239387	0.0550234049	0.1330611394	0.0427785277	0.0747585344	-0.0496303144	0.0205158206	0.079575572	-0.0760663226	-0.0327523035	0.0781197491	0.0112753515	0.0163291317	0.0124483467	0.0463429287	0.0045780342	-0.0426334243	0.111591122	0.004897428	0.032569741	-0.0334058608	0.0216316856	-0.0754444351	0.085290608	0.0460652381	0.0512998744	-0.0242919664	-0.0359138195	-0.0261447466	0.0023680109	0.0187709356	-0.0636511272	0.0220655062	-0.0117426629	-0.1030691609	0.0430274624	-0.1310541642	-0.058489327	-0.0267264071	-0.051885394	0.0217001127	-0.1018377726	-0.0394670366	-0.0448771057	9.4088e-06	-0.121009292	0.0816633327	-0.0617180628	-0.0137464059	-0.0082413493	0.0327194427	0.1214624877	0.0065490882	-0.0853642502	-0.021393342	0.1485683768	0.0159163606	-0.0178920772	0.1095204823	-0.0449839078	-0.0404901295	0.0431584679	-0.0101414197	-0.0328851004	-0.0162264202	-0.0318417449	-0.0763594186	-0.0545604787	-0.0907363049	0.097703924	-0.0365670139	0.0043136149	-0.0170739162	0.007430065	0.0332725169	0.0639935743	0.0089670022	0.0515027835	0.0723907688	0.0743187851	0.0148590657	0.1010559027	0.0166727561	-0.0479022069	0.0543357833	0.0269972481	-0.0151192215	0.0353732068	0.0398679699	-0.021305301	0.0096699675	-0.0359538068	0.027160158	0.0581392443	-0.0517153317	-0.0161386543	0.0721591615	-0.0752698111	0.0231897558	0.0458939156	-0.0813264124	0.0571272725	-0.0252530534043131	-0.0307506990733372	0.000637716706241	0.0009456054934989	0.0401797241889596	0.0187319571165857	0.0003508862174176	0.0016144102359008	0.0710780890812614	0.0188503066633387	0.0003553340613019	0.0050520947474437	-0.0078709246137496	-0.0002047522831623	4.192349746021549e-08	6.195145427532928e-05	0.0013702283085634	0.0002833591793406	1.877525617588516e-06	8.029242451663487e-08	0.0012179102730528	0.0001362273640592	1.8557894718545036e-08	1.483305433207546e-06	0.0	0.0	0.0	0.0
1760.3878674398406	-2.5149641355824315	6.325044603265887	3098965.4438293898	2449.458999633789	8.62331107810678	74.36149394979913	5999849.390886962	1929.8810955421368	-2.229582743548008	3724441.0429309183	4.971039210327062	2064.0220395346328	1480.3816868794702	0.907197	28.262705	0.1306712720104558	0.0623000931332082	0.0296595073	-0.0225707659	0.0307980147	0.0365868375	0.0787497001	0.0179754721	-0.0446957246	0.0378647053	-0.0094080103	-0.076529526	0.1275163564	-0.0077088441	0.0351696352	0.0374000387	0.0542709049	-0.0554919691	-0.0314970834	-0.0524192641	-0.0470102123	-0.039284907	-0.0321925982	0.0082077278	0.0511507024	-0.0114984797	0.0405072586	-0.0624229115	0.0055288979	0.0897155149	0.0081817278	-0.0279325801	-0.0220057337	-0.0130787499	0.0462526946	0.0226146248	0.0320852722	0.0935331419	-0.0844316471	-0.0505095206	-0.0217627124	0.0215506205	0.1444912535	0.0400473752	0.0207901753	-0.0998944447	-0.0709290228	0.0298060068	-0.0311715768	0.077412112	-0.1384668209	-0.024282484	0.0526858729	-0.0968069393	0.0552242861	0.0130765839	0.1445352091	-0.0939924026	0.0079558683	0.1590689744	-0.0207516489	-0.0864348049	0.0480239674	0.0021383664	0.0780082589	0.0296656094	-0.0004481621	-0.0483521957	0.0360909994	0.0314863217	-0.0019355371	0.0062976644	-0.0397599778	0.0406922643	-0.0378274154	0.0700580765	0.0249271561	-0.0233057656	0.0206404634	0.0048272495	-0.0838439619	0.0173710741	0.0145211523	-0.0423713215	-0.0146047905	-0.0275411504	-0.0808933423	-0.0826208523	0.0919229389	-0.046900655	0.0045564503	-0.0127627046	0.0252917888	0.0424036594	-0.019236699	0.0154095905	0.0247889728	-0.0482773079	-0.0363454183	-0.0074058801	0.0158334841	0.0095699177	0.0813535267	-0.0640006635	-0.0245587536	-0.0274740574	0.0293679967	0.0453006783	-0.1065633024	-0.0573937739	0.0962515835	-0.0043257898	0.1110513334	0.0350686121	0.1441119542	0.0218017847	0.0456756392	0.1074506506	-0.054707441	-0.0481904657	0.0032440454	-0.0163857145	0.0178781464	-0.0434556265	0.0179405876	-0.1331640756	-0.0902220197	-0.0310417738	-0.0332092103	0.0029306137	-0.0005329671	-0.0231291416	-0.0097614516	0.0590586469	0.0092875423	-0.0091715723	0.0890044722	0.0297363212	0.0522459377	0.046325494	0.048110017	-0.0227587389	-0.0327370155	0.012732895	0.0191084321	0.011847185	0.0526929975	-0.0075454887	-0.0093094957	-0.0081674935	0.0404285458	-0.0690424876	-0.0523741431	-0.0144589085	0.0709234662	-0.076528754	0.0272552159	0.0415630576	-0.0805764318	0.0618083875	-0.0138679642646479	0.0113850891396652	0.0001923204328455	0.0001296202547181	0.0158822111827277	-0.0242975130062318	0.000590369138288	0.0002522446320527	0.0986030358086651	0.0275249467274037	0.0007576226923464	0.0097225586706848	-0.0085784106398293	-0.0007074860260797	5.005364770980475e-07	7.358912910553655e-05	0.0017742897067143	0.0004040613981509	3.1481039633523166e-06	1.6326561347566025e-07	0.0014556373115653	0.0002377270385124	5.651414483992361e-08	2.1188799828210538e-06	0.0	0.0	0.0	0.0
1760.5136010119882	0.1257335721475101	0.0158089311649731	3099408.1393481977	2436.98898852313	-12.470011110659016	155.5011770999593	5938915.330182988	1931.293788500559	1.4126929584222123	3729895.697500842	1.9957013947757032	2063.6539764005897	1437.5134097284974	0.925144	28.821823	0.0661720824675779	0.0334323517644242	0.0254816441	-0.0253183184	-0.0759406681	0.0429879662	0.031072044	0.0064630849	0.0395113899	0.0146663286	0.0507897833	-0.0470728629	0.0482172184	0.0180668467	-0.0106299388	0.0341024229	0.0088774903	0.0151941813	0.0108781232	0.050900908	-0.0077538639	-0.0102021921	0.0382264123	-0.0045399427	-0.0185961681	-0.0125198079	0.0696637509	-0.0693408396	0.0414276492	-0.0538111028	0.1174397432	0.1049972989	0.0391543846	0.0735188994	-0.0158701771	0.0293359386	-0.0792358071	-0.0015887442	0.013094374	-0.0366448816	0.0223730636	-0.0765067455	0.0632489328	0.0361473306	-0.0536609117	0.0221071714	-0.043966753	0.0702185436	-0.033209414	0.0045600971	-0.0122316837	0.1144754439	0.0916322756	0.022566445	-0.0102870715	0.0090783187	0.0637689398	-0.0441294679	0.0835206725	-0.0156754018	-0.0316001758	-0.0566575421	0.0908889075	0.0334544518	-0.065945957	-0.0526615409	-0.0466767643	0.021419777	0.0628432091	-0.013224226	0.0920642576	0.0676488615	0.044723324	0.1084464396	0.0109341521	-0.0159043019	-0.0172159099	-0.05652974	0.0012187334	-0.0063629995	-0.0337455563	0.0392093002	0.001986935	-0.0362970941	0.056461128	0.0117728211	-0.0638436684	0.0029727621	-0.0182719467	0.0795010469	0.0381675601	-0.0236381264	-0.0820299777	-0.0131323543	-0.034588351	0.0037873437	0.0547384345	-0.0317637726	-0.0580979984	-0.0181712506	-0.0627825189	0.0587170912	0.0249237304	-0.0806578592	-0.0381103773	0.0759284028	-0.0187099773	-0.0709542045	-0.0375877898	-0.0841007053	0.0110635132	-0.0897055347	-0.0066433391	0.1104046397	-0.0262835249	-0.02778393	-0.0668466463	0.052211546	0.0082893511	-0.0592749994	-0.0170057798	-0.0020088512	3.32262e-05	-0.0894565656	-0.0339940897	0.0921562927	-0.0138776114	-0.0234858993	-0.0301701611	0.0078171947	0.0048782785	-0.0314754789	-0.0484578113	0.0517959301	0.0483276431	-0.0244278395	0.0023480129	-0.0644842209	0.0050991312	0.019441871	0.076268417	-0.016754076	-0.0821685254	0.0292419359	0.0023995276	-0.0079945897	0.0346912893	-0.0422556635	-0.0067827672	0.0111318312	0.0395555218	-0.0017309312	-0.0530272111	-0.0127728206	0.0696177779	-0.0776534394	0.0312459714	0.0370681691	-0.0793936715	0.066055961	-0.0221643374282791	-0.0082963731636311	0.0004912578536346	6.882980767021993e-05	0.003894537667719	-0.0119876735150087	0.0001437043163024	1.5167423645282148e-05	0.1266009804562031	0.027997944647538	0.0007838849044866	0.0160278082524719	-0.0084570341881643	0.0001213764516649	1.4732243018786073e-08	7.152142725977981e-05	0.0017290693852527	-4.522032146160007e-05	2.9896809390181497e-06	2.0448774730904483e-09	0.0016468423612667	0.0001912050497014	3.655937103131491e-08	2.7120897628624805e-06	0.0	0.0	0.0	0.0
1763.7801048204742	3.26650380848605	10.670047130853868	3110920.258160523	2436.658443874783	-0.3305446483468586	0.1092597645507484	5937304.37210628	1937.6468055926807	6.353017092121718	3754475.14322352	40.36082617279069	2072.79585418834	1477.2216683573429	1.010855	31.492046	0.0611180265641171	0.0325208892465778	0.0478766158	0.0138533365	0.0180259071	-0.0689313693	-0.0723294581	-0.0412205677	-0.0356051697	0.0557787665	-0.0014010248	-0.0526497632	0.0004675944	0.0374437447	-0.0549201527	-0.0585865503	0.0833952176	-0.0231447183	0.0029970187	0.0390709194	-0.0505411439	0.0264073312	0.0572975183	0.0493876945	0.0120313788	-0.0222350057	0.0075917663	-0.0355430088	-0.0036217948	-0.0505537895	0.0405509146	0.0500316714	0.0084290759	-0.012920072	0.0036152384	0.0100304036	0.0449003402	-0.0802178557	0.0194166573	-0.045495034	-0.0575009254	-0.036903776	0.03550822	0.0086265059	-0.0679338976	-0.0272933221	-0.0533060869	0.0181524247	-0.0539158948	-0.0016094374	-0.0160901909	-0.0255912309	0.02553858	0.1234688712	-0.0096004881	-0.0425267472	0.0235080041	-0.1189133139	0.0527136377	-0.044968341	-0.0243854384	0.0238175504	-0.0121048037	-0.0369869193	-0.0700700341	0.0078102993	0.0515913877	-0.0178637703	-0.0341464903	-0.0289911591	0.022757302	0.0169920012	-0.0057858689	-0.0497611529	-0.0570523442	-0.0402809508	-0.0387937935	0.0115573971	-0.0265398553	-0.0513137339	-0.0198418149	0.032051385	-0.0305572475	-0.0308102947	0.0570223912	-0.0150606447	0.0109009035	0.0168903569	-0.1065049819	0.0176764959	0.0105229979	-0.0209547993	-0.0414222296	-0.0288514793	-0.0026359235	0.0233336925	0.0054886322	-0.003240032	-0.0440922472	0.0198488647	0.0828954891	0.0134227858	0.0644316533	-0.0305643569	-0.0329346183	0.031976214	-0.0021618799	0.1206129057	0.0337974171	-0.088488519	0.0393090542	-0.0823073453	-0.0558915809	0.0343962571	-0.0068728508	-0.0248312324	0.0272468245	-0.0104058115	-0.0233021624	-0.0299678585	0.0351383626	-0.0166238596	0.0279593783	-0.0272516663	0.0022833745	-0.0291996855	0.0096630727	-0.0555799331	-0.0395130567	-0.0125132203	-0.0014819229	-0.021148984	0.0473253179	0.0838698304	0.0202379027	0.0332446944	-0.0044360471	-0.0225328281	-0.0704293147	-0.0372976657	0.0199548724	-0.0469950197	0.0220450109	0.0086352378	-0.0126780033	-0.0519592487	0.0215056377	0.0089166669	-0.0146472919	-0.0303873901	0.042630293	0.0116727538	-0.0536744641	-0.0110811301	0.0682433853	-0.0786418943	0.0351510839	0.0324269895	-0.0777844842	0.0698401994	-0.0255316782253203	-0.0033673407970412	0.0006518665930012	1.1338984043418066e-05	0.0220198790031531	0.0181253413354341	0.0003285279985259	0.0004848750713135	0.0999454267264212	-0.0266555537297819	0.0007105185446412	0.0099890883235264	-0.0086151268674361	-0.0001580926792717	2.499329523933585e-08	7.422041094201934e-05	0.0018138727009409	8.480331568820002e-05	3.2901341752186358e-06	7.191602351712512e-09	0.0016633421803439	1.6499819077199843e-05	2.7224402958032784e-10	2.7667072089111987e-06	0.0	0.0	0.0	0.0
1766.863027860324	3.082923039849902	9.50441446963736	3121804.9592197523	2442.8534794560187	6.195035581235516	38.37846585277406	5967533.122090377	1933.4008333434583	-4.245972249222405	3738038.782373179	18.028280341166766	2070.6748321506643	1490.0427323864624	0.851086	26.514612	0.0686504199127046	0.0446993558271606	0.0120214902	-0.0008261618	0.0403549427	-0.0502035159	-0.0186568025	0.0026497409	-0.0506568917	0.0280580211	0.0175076607	-0.0437959347	-0.0141900025	0.0112396541	-0.1075038519	-0.0501568289	-0.0496478645	0.0189259996	0.0192592401	0.0609455782	-0.0538959054	-0.0036723791	0.0200449537	0.0242190363	0.0010859804	-0.003729433	-0.0281397061	0.043158005	-0.0603769949	-0.0340495651	0.0057252588	-0.0275444702	-0.0419495996	0.0124492375	-0.0763574648	-0.0153850212	-0.0294344595	0.0012156842	0.001114196	-0.0552433604	0.0651662938	0.0093384931	-0.0183317151	0.0452594821	0.0124856502	-0.0146195482	-0.056726476	0.1083253371	-0.0500069169	0.0456362715	0.0407776104	0.0381205868	0.0411131117	-0.1397861661	-0.062638308	0.0143853637	-0.0078874308	-0.0081099262	-0.0412747105	-0.0170018227	-0.0054499397	0.0605000788	-0.0956864246	0.0292140832	-0.0056437361	-0.0272278124	0.0326937624	0.0316190659	0.0573630139	0.0015041517	0.0755893884	-0.0656270622	0.0152474761	-0.0046972462	-0.0677131493	-0.0168602276	0.0009417285	0.002145903	-0.0167187793	-0.0365319236	-0.0047963258	0.0090408722	-0.0368393163	-0.0611167125	-0.0575105679	0.0365393611	0.0211387054	0.0496515386	-0.0810512541	-0.025533232	0.0216105631	-0.0800706854	-0.0042266576	-0.0264688597	-0.0139512868	0.0321631907	-0.0075129436	0.0048563064	0.0143212236	6.68894e-05	-0.0271807282	0.0430632354	-0.0070324607	-0.0897873779	0.0405577265	0.0185054259	-0.0103191124	0.0294186784	-0.0879869723	-0.0251897239	0.0883325532	0.0642578134	0.024518137	-0.0416625778	-0.0138020672	-0.0318706695	-0.0572409337	-0.0189833731	0.0725633941	0.0141112803	0.0206044516	-0.0670763375	0.0191453071	-0.0133500986	0.056899338	0.0672268826	-0.0205367416	-0.0198498385	-0.018869581	-0.0004409883	-0.0055585638	-0.0096595139	0.0062011064	0.0882019869	-0.0505903376	-0.010945381	0.0484619744	0.0045939511	-0.0569259526	0.000857893	0.0070000472	-0.0658839599	0.0005413196	0.0151245277	-0.032080443	-0.038108641	0.0329239439	-0.0096632127	-0.0425077497	-0.029426224	0.013070528	0.0288265338	-0.054315831	-0.009384579	0.0668016447	-0.0794923845	0.0389598496	0.0276578354	-0.0757575129	0.073134559	-0.0231646261009927	0.0023670521243275	0.0005365999023987	5.602935759283796e-06	0.0182387544214606	-0.0037811245816925	1.4296903102279284e-05	0.0003326521628463	0.0565912421761467	-0.0433541845502745	0.0018795853180192	0.0032025686910392	-0.0086224646786145	-7.337811178400114e-06	5.3843472889853664e-11	7.434689713395465e-05	0.0019279940043925	0.0001141213034516	3.7171608809734273e-06	1.3023671901492174e-08	0.0014018401218457	-0.0002615020584981	6.838332659879593e-08	1.9651557272163672e-06	0.0	0.0	0.0	0.0
1763.364675746199	-3.498352114125055	12.238467514403242	3109454.979669498	2444.3322137903283	1.478734334309593	2.1866552314660344	5974759.971373127	1928.763165938168	-4.637667405290358	3720127.350279825	21.5079589620926	2065.7088150807936	1499.3510110230573	0.8503589999999999	26.491974	0.1288298472615249	0.0662608687423397	0.016656457	-0.0124460178	0.055093024	-0.0444570129	-0.0871590839	-0.0116602336	-0.0547928394	-0.0035694964	0.0562093201	-0.0052289896	0.0468738084	0.0223871357	-0.0752648574	-0.0273841854	-0.0478692292	-0.0250411575	0.0152624505	0.0497321994	-0.0442298851	0.0102506903	-0.0187625342	-0.0627031744	-0.0157417064	0.0672844981	0.069377261	0.0509416324	-0.0751495521	-0.0760081457	-0.032346294	0.0187458221	-0.0530051299	-0.0584025928	-0.0656687788	0.0281879292	0.0057257863	-0.0169073259	-0.0412509168	0.039834086	0.0191074376	0.0495457707	-0.0696079869	0.0247218805	0.0513842162	-0.0338851632	-0.0568281469	-0.0783594523	0.052634068	0.0254906279	0.0918906532	-0.0367470436	0.0391540479	-0.0112060474	0.0484825504	-0.043283742	-0.0628139592	0.0470435544	0.0179148362	-0.0049581053	-0.0777958626	0.0533477317	-0.0672520691	-0.055277364	0.0688383085	-0.01635516	0.0121962968	0.0553373748	-0.0771463305	0.0030279915	0.0767599713	0.0004969107	-0.0409223072	0.0196264278	-0.0417889689	0.0523687293	-0.0007799272	-0.0153410949	0.0231919004	-0.0127936366	0.034687072	-0.0516290091	-0.0443892497	-0.0778640417	-0.0936842231	0.0291718087	0.0056497108	0.0942568632	-0.068562769	-0.042514981	-0.0499994583	0.0168982111	-0.0558966354	-0.0578898562	-0.0314058602	-0.0355997451	-0.0207314588	0.1084510429	0.0401164013	0.0203315807	-0.0124104524	-0.0732061704	-0.0228567926	0.0101588097	-0.0157216038	-0.0582544126	0.0113213436	-0.0289292954	-0.0631619434	0.0123828918	-0.0313626062	-0.015783349	0.0266201185	-0.1054115509	-0.0856958622	-0.0229034625	0.0981544428	-0.1087668055	-0.0574888308	0.0300187401	-0.029907951	-0.0955435212	-0.0028531124	0.0715466679	0.0436629497	-0.0358312928	-0.0549542499	-0.0416682277	-0.0318610164	-0.0074307792	0.0023047425	-0.038627938	-0.0859367735	0.042964798	0.0184173042	-0.0501489608	0.0754435667	-0.0018695419	-0.0477604341	-0.0770039969	-0.0129000801	-0.0594226489	-0.0015797341	-0.0235261824	-0.0278506769	-0.0251240465	0.0405280232	0.0197198987	-0.061514059	0.0047132417	0.0069964137	-0.0757981273	-0.0549512416	-0.0076839116	0.0652939789	-0.0802034182	0.0426618292	0.0227795284	-0.0733236445	0.0759159322	-0.0193577712109771	0.0038068548900156	0.0003747233062565	1.4492144153635697e-05	-0.011456264142069	-0.0296950185635295	0.0008817941274883	0.0001312459880928	0.1001195766347464	0.0435283344585996	0.0018947159007397	0.0100239296255208	-0.009215022378255	-0.0005925576996405	3.511246274032417e-07	8.491663743174043e-05	0.0022138176403834	0.0002858236359908	4.900988544872724e-06	8.169515089105843e-08	0.0012442286704895	-0.0001576114513562	2.4841369598607805e-08	1.548104984468069e-06	0.0	0.0	0.0	0.0
1760.7982286950764	-2.5664470511226227	6.586650466216006	3100410.4021757185	2427.033172324852	-17.29904146547642	299.2568356242726	5890490.019565234	1932.3944653737967	3.631299435628762	3734148.3698072815	13.186335591197764	2063.392279004926	1455.0747542212496	0.947457	29.516953	0.1043289254385982	0.0527249057825177	0.042979054	-0.01408618	0.0476925708	0.0403932171	-0.0823685642	-0.0726410564	-0.0180685794	-0.010574279	0.0243663461	0.0319924178	0.0339955538	0.0762654679	-0.0666651594	0.0387659602	0.0493627853	-0.1082851394	-0.0582317588	0.0383284676	-0.0459177094	0.0130676493	-0.0124061506	0.0540852327	-0.0564196615	0.0662893443	0.0662782712	-0.032966349	0.0706663348	0.0388203999	0.0032476406	0.0225573675	-0.0375839529	-0.0404027806	0.0648953903	-0.0801341761	-0.0942916701	0.0750433557	-0.0329533027	-0.0358848353	0.098218895	-0.0288787014	0.0417508244	-0.0301830373	-0.018681486	-0.0983617123	-0.0322946619	0.0510644438	0.1432205614	-0.1221593067	0.1094685538	-0.0661281219	-0.0820103266	-0.0416026497	-0.0305296624	-0.0494268567	-0.0987117858	-0.0288587493	0.0679764128	-0.1263896916	-0.0230176147	-0.0440400909	-0.0209073079	0.0080540628	-0.1142896488	-0.0721524298	-0.0761306006	-0.075605022	-0.1340177229	-0.0013685693	0.0314602228	-0.1239894989	-0.1256531277	-0.0561873986	0.0064648904	0.1002815417	-0.0325398224	0.0202932408	-0.0263090746	-0.0518222848	0.0514993045	-0.0164408878	-0.091923258	-0.032506081	0.0021330858	-0.0482196646	-0.0626048746	-0.1130752721	-0.0300484088	0.0007337676	0.001214014	0.0322639648	-0.0007071281	-0.0408630417	0.0577230129	0.0868883896	-0.0696099828	-0.1355960164	0.0132930528	0.0475221428	-0.1031469175	-0.0479770909	-0.0476861125	-0.0678324123	0.0998731143	-0.0272442699	0.0152599746	0.0024256779	0.0127910116	0.0631739609	-0.0661358323	0.1555726002	0.0600667909	0.070833547	-0.0714052513	0.0259896219	-0.0114216441	-0.0069943956	0.0713259309	0.1386948607	0.0476233613	0.0324249325	-0.0556309129	0.0030486941	0.0142307117	0.0379659796	-0.0473955218	-0.1289951966	-0.0266558199	0.0007040068	-0.0065917532	-0.0261147623	0.0064528177	0.0356684651	0.0929169478	0.100825744	0.0004488224	-0.0079633089	-0.0332997337	-0.0031981626	-0.0245718308	-0.0444511155	0.0568705134	0.0351343832	-0.0277456691	-0.0316092672	0.053526913	0.0354990077	-0.0335016974	0.0168735173	0.0141313079	0.0064083546	-0.0555806262	-0.0059798738	0.0637218759	-0.0807737477	0.0462468756	0.0178113211	-0.0704959515	0.0781648097	-0.0047985960810308	0.0145591751299463	2.302652434888415e-05	0.0002119695804644	0.0148889557925713	0.0263452199346403	0.0006940706134045	0.0002216810045931	0.0999893489853747	-0.0001302276493716	1.695924066087634e-08	0.009997869910519	-0.0089797675646621	0.0002352548135929	5.534482731863029e-08	8.063622551535749e-05	0.0014771265212973	-0.000736691119086	2.181902759919863e-06	5.4271380494033e-07	0.0015381687923033	0.0002939401218137	8.64007952119115e-08	2.3659632336157923e-06	0.0	0.0	0.0	0.0
1770.1022463500633	9.304017654986865	86.56474452430727	3133261.96253354	2439.541209750705	12.508037425853216	156.4510002465448	5951361.314071934	1941.6942639862584	9.2997986124617	3770176.6147971377	86.48625423234456	2074.8873182650336	1487.321225499685	1.012652	31.548035	0.1202017187872891	0.0615313299110718	0.0086594681	-0.0125991954	0.0523325437	0.0482347969	0.06585179	0.0193935946	0.0253261381	0.0646564846	-0.0404884358	-0.0172506092	0.0491682036	-0.0445377576	0.0016848212	-0.0217100126	-0.0265582694	-0.0674085984	0.1089011469	-0.0259783341	-0.0479036311	0.0292512448	0.0873411508	0.0840076724	-0.0154898302	-0.0351732917	-0.0418643714	0.0400858497	-0.0181871735	-0.0300246692	0.0258055809	-0.013970267	-0.0144796642	0.0141837226	-0.0436363494	-0.0189945656	-0.0381984452	0.0062016721	-0.055817655	-0.0093978244	-0.088575257	-0.0213245991	0.1230337233	0.0075702275	0.0248727057	-0.0199667081	0.015336109	-6.8618e-05	-0.0268107058	0.0255565208	-0.0390804987	-0.0250823559	0.0798211623	-0.069708227	-0.0009979335	-0.0712976625	0.0057059936	0.0213517288	-0.0763837162	-0.0154713732	0.0779789007	0.1240011651	-0.1475274177	-0.0318956336	0.0169227629	-0.0110807589	-0.0911702617	0.0954215617	0.075871193	0.1259547175	0.0096944303	0.01528894	0.1054701586	-0.0301444251	-0.0353217299	-0.0287157382	-0.0882445436	0.0214970021	-0.092023545	-0.0156928358	-0.0254101245	0.0674979926	0.0494359166	0.0339505783	-0.103960374	-0.0360201755	-0.0228468741	0.0154320315	0.0375496929	-0.0012869119	-0.0003105066	-0.0407243026	0.0465251985	-0.046941581	-0.0072537686	0.0097370668	0.0197239152	-0.0370280665	0.0406569174	0.019250098	-0.0091312496	-0.0341500217	0.1232613076	-0.030282794	0.0206592269	-0.0593016019	-0.0489086714	0.0044237779	-0.0591683406	0.0221761446	0.0170649645	0.0774859569	-0.0254444518	0.0028563427	-0.0039360697	-0.0943353044	0.1650995037	-0.0122340317	-0.114302844	-0.1669413935	0.0296915325	-0.0040973897	-0.025057545	-0.0256258093	0.0165337933	0.027409313	0.0093741542	0.0153604283	-0.0206463743	-0.0043567314	-0.0248807891	-0.0187452848	0.0130892318	0.0226168403	-0.0479501574	0.0262975633	0.04427655	0.0561838203	0.0749509006	0.0628355733	0.0199386609	-0.019644262	0.0024460257	0.0243226096	0.0006815626	-0.0275657199	0.0135472945	-0.0302560039	-0.042973832	-0.0572412984	-0.016231504	0.0108319145	-0.0562039158	-0.0042732129	0.0620868871	-0.0812023727	0.0497051625	0.0127728206	-0.0672896215	0.0798654172	-0.0195978682067732	-0.0147992721257424	0.00038407643825	0.0002190184554517	0.0186962778197568	0.0038073220271855	1.449570101869191e-05	0.0003495508043135	0.0532151287950384	-0.0467742201903363	0.002187827674414	0.0028318499326725	-0.0082980822348914	0.0006816853297706	4.646948888245879e-07	6.885816877702024e-05	0.0017711494224441	0.0002940229011467	3.136970276624069e-06	8.644946639878085e-08	0.0016588786502663	0.000120709857963	1.4570869809447637e-08	2.751878376309341e-06	0.0	0.0	0.0	0.0
1768.4553763480417	-1.6468700020216147	2.7121808035586734	3127434.418134293	2441.5349109790945	1.9937012283894544	3.97484458808162	5961092.721529695	1933.126111732115	-8.568152254143342	3736976.563860526	73.41323305018165	2065.313075982767	1453.0719799109263	0.881703	27.468456	0.1233987059536607	0.0646602253070313	0.0075458974	-0.0396991113	-0.0200006933	0.0885926009	0.0427407317	0.0455651742	0.021443879	-0.022729814	0.0228289191	-0.0300726945	0.0708915696	-0.0302825322	-0.0523575787	-0.0406018554	0.0598160483	0.0274740367	-0.0374018151	-0.0890322194	-0.0031174816	-0.0312785232	0.0372069766	0.0030510824	0.0205408383	0.0551222677	-0.0312883624	-0.0258726577	-0.0238728481	0.0380685285	-0.0299641979	-0.0413903008	-0.0208723019	-0.0236539478	-0.0826723251	0.022670262	0.0490732551	-0.0130331822	-0.0579632714	0.0944247876	0.0105160311	-0.1461505848	0.0723825518	-0.0228764467	-0.0498348054	0.0135595189	-0.0750245217	-0.0292296339	-0.053424216	0.0434192672	-0.0044078469	0.0197731256	-0.0798768493	0.0254375582	-0.1144447784	0.0196516912	-0.0234677785	0.0063483875	0.0690797876	-0.0323950689	0.1092819016	-0.0491144158	-0.1120698493	-0.0840747297	-0.0271655607	0.0202049732	-0.0097327466	-0.0339961906	0.0147955615	0.0138324123	-0.0462517555	-0.051814249	0.0450064868	0.0102229756	0.0191891994	0.033103222	0.0149774032	-0.0349955413	-0.0175312067	-0.0327615776	-0.0252018299	-0.0202735293	0.0604330968	-0.0357741838	-0.0240066447	0.0775440844	0.0015570235	-0.0741486503	0.0176185491	-0.0702342068	0.0390815131	-0.0349715249	0.0413703573	0.0046372458	0.0286787205	0.0155143858	-0.103763649	0.0667329793	0.0264144549	-0.0008208676	0.0901477125	0.0067654303	0.0306732299	-0.0240465935	0.0082165382	0.0292569973	0.0259432295	0.0464772909	0.0021230344	-0.065520143	0.034817221	-0.017462957	-0.0062314864	0.0546183017	0.0829695469	-0.0232237202	-0.0625997244	0.0489415792	-0.0089543548	-0.0754775668	-0.0893906868	0.0354317733	-0.0398359094	0.0347472069	-0.1303304807	0.0491012331	-0.0357124724	-0.017608974	-0.0140119981	0.0117034885	-0.0108793586	-0.0302431419	-0.0809637532	-0.0025635826	-0.0284743243	-0.00780393	0.0326305964	0.0131236735	0.0877539323	0.0159610058	0.0242339754	-0.0007756801	-0.0611567848	-0.0103046889	-0.0005698731	-0.0074117613	-0.0270195541	-0.0310429649	-0.0382754652	-0.0146675718	0.0179638538	-0.0387994118	-0.0568210419	-0.0025646777	0.060390626	-0.0814885411	0.0530272111	0.0076839116	-0.0637218759	0.0810058262	0.0015336773534073	0.0211315455601805	2.35216622435442e-06	0.0004465422177619	0.016987847090732	-0.0017084307290248	2.9187355558762188e-06	0.000288586948778	0.0991156622504689	0.0459005334554305	0.002106858971493	0.009823914503349	-0.008904169167414	-0.0006060869325225	3.6734136977465414e-07	7.928422856192611e-05	0.0017787883712288	7.638948784700027e-06	3.1640880696188077e-06	5.835353853527002e-11	0.0011794406073931	-0.0004794380428732	2.2986083695408442e-07	1.3910801463678045e-06	0.0	0.0	0.0	0.0
1764.7600488776995	-3.695327470342136	13.655445113065207	3114378.0301148207	2456.929029111509	15.394118132414404	236.97887307473	6036500.254090822	1935.664078257132	2.5379665250168277	3746795.423855032	6.4412740821059895	2070.8926626393027	1468.9305447456056	0.936354	29.171045	0.1127747399973367	0.0601753394119269	0.0812497837	0.0237268896	-0.0076906916	0.0136611682	0.0916863369	-0.0102857439	-0.0337077701	-0.0201056428	-0.01952909	-0.0813005062	0.058595686	-0.0631825248	0.0113214724	-0.0725945932	0.0888073083	0.0546579278	-0.0345661223	-0.0281750031	-0.0570193863	0.0074943525	0.0444647276	0.0219188766	-0.0110951233	-0.004086462	-0.0649367904	-0.0552851964	-0.0191136487	0.0711880237	-0.0459901889	0.0024518347	0.005085845	0.0815852981	-0.0608876938	0.0017578896	-0.0527748066	-0.000977266	-0.0581047133	-0.123193773	0.0522996403	0.0099546891	-0.0002342463	0.0364796809	-0.0046843875	0.1009454329	0.0407852475	-0.0636510162	-0.06124519	0.036130828	-0.0037311432	0.0071981359	0.0168078154	0.1083888996	0.0519648959	-0.0506627356	0.0532885768	-0.0120780084	-0.025886292	0.0312022589	-0.0097530913	0.0234206051	-0.045338503	-0.0175153795	0.0870416483	-0.0373494551	0.0368000862	-0.0364065795	-0.1576747224	-0.010565546	0.0405357356	-0.0386169857	-0.0482144359	0.0303202994	-0.0361982291	-0.0069446247	-0.0207207778	-0.0185399783	-0.0304248888	-0.0586216192	-0.0043883438	0.0554689637	0.0806394481	-0.0080881438	0.0767601494	-0.0321746008	-0.0679457557	0.0437480221	0.0432339747	-0.0175649819	-0.0127801287	-0.0180834152	0.0803778274	-0.0485279513	0.0204372936	0.0003847784	-0.0079710318	0.0473759806	0.0283512268	0.0789289945	0.0062714272	0.0371275681	-0.1212625499	0.0639858191	-0.0825332509	-0.0721046296	0.0269608432	0.1348135816	-0.0251930713	-0.049224879	0.0400625699	-0.0411154788	-0.0269497806	-0.023805529	-0.0947592279	0.0267427271	0.0038708031	0.0032932391	-0.0823908766	0.0097454181	0.0613111919	-0.0029173198	-0.0281594175	-0.0410980651	-0.0400418513	0.0180165977	0.036890978	-0.0609612738	-0.0456878866	-0.0279578163	-0.0328071381	-0.0263960805	0.0612578677	0.0132474814	0.0087105323	0.0737534854	-0.0629136564	-0.011316617	0.0738605343	0.0295901619	0.0645772914	-0.0103126339	0.0022089	-0.021265548	-0.0066439646	0.046244895	-0.021584156	0.0018591708	-0.0500178778	-0.0033265131	0.0347735565	0.0495984523	-0.057431937	-0.0008550176	0.0586347667	-0.081631751	0.0562039158	0.0025646777	-0.0598118772	0.0815780375	0.0014842391136369	-4.943823977039989e-05	2.2029657464496508e-06	2.444139551595549e-09	0.0338290187706746	0.0168411716799426	0.0002836250635533	0.0011444025109866	0.0688473840237051	-0.0302682782267637	0.0009161686668127	0.0047399622869075	-0.008054204468482	0.0008499646989319	7.224399894305638e-07	6.487020962011542e-05	0.0015582986190882	-0.0002204897521405	2.428294586252191e-06	4.86157307990232e-08	0.0014213031933377	0.0002418625859446	5.849751047980909e-08	2.020102767391944e-06	0.0	0.0	0.0	0.0
1763.108767547507	-1.65128133019266	2.72673003144284	3108552.5262028887	2449.756579363788	-7.172449747720748	51.44403538357942	6001307.298136168	1934.738019263948	-0.9260589931839148	3743211.2031853846	0.8575852588568063	2072.2886008319906	1487.480629228913	0.8581649999999998	26.735165	0.0995757852032632	0.0523565985425934	0.0210724821	0.0052368803	0.011084845	-0.0257957009	0.1081662396	-0.0120542294	-0.0479086189	0.050408272	0.0376475022	-0.0683427182	0.0527169915	-0.0142880513	0.0478317431	-0.0028352024	0.0095839078	0.1044323262	-0.008705176	0.0138199854	-0.0345832146	-0.0023959768	0.033726189	0.0167886891	0.0140334019	-0.0420475766	-0.0340900642	-0.0185363446	0.0001949647	-0.0067689442	0.0115410604	0.0569143456	-0.0353600973	0.0411935739	0.0020727828	0.0304421495	-0.0274143841	0.0397741021	-0.026777397	0.0124336536	-0.0377493963	-0.0694008835	-0.0234138255	-0.0238962276	0.0453534542	0.0087169882	0.0604655492	0.0641738681	0.0624457835	-0.1009117232	0.0942862801	-0.0393056222	0.0247426717	-0.0650192846	0.0489234988	0.0683498125	0.0686911372	-0.0078305287	-0.025453778	0.0069254198	-0.0404888962	-0.0978760635	0.0115404398	0.086608236	0.0092715984	0.0742755001	0.0538718315	-0.0511082762	0.0287338127	-0.0028367727	0.0688995009	-0.0113690045	-0.0840869564	0.0324187097	-0.0669742908	-0.0344048898	0.0029016876	-0.0284881786	0.0003881295	-0.0295880612	-0.0385598541	0.0126699454	0.0623388971	0.02494834	-0.0019765864	0.0025994896	-0.0583764438	0.0311008484	0.0150491458	-0.0159392134	0.0168723414	0.0064724119	0.0011711953	-0.0553605235	-0.0552163951	-0.0015662334	0.0613598218	0.0174904645	-0.0847437527	-0.0240784621	-0.0279035308	0.0176255565	0.0105648363	-0.0020044718	-0.014629272	0.0142134128	-0.0155850442	-0.0416163357	0.0670113287	0.0345676975	-0.0438851113	0.0446958055	0.0361902156	0.0527209419	-0.0296902514	0.000439099	-0.0313618569	0.0395276767	0.0692664018	0.1264571853	-0.0169108981	0.0186131203	-0.0830847604	-0.0354870381	0.0131623874	-0.0612309265	-0.0420408452	-0.0040742783	-0.0107693221	-0.0099761226	-0.0329930997	-0.017365829	0.0452719079	0.0154820406	-0.0796934167	-0.0239405123	0.0324244418	0.026333531	0.068895709	0.0510444137	0.0349583141	-0.0190883422	-0.037549983	-0.0054894713	-0.0079986701	0.0460821543	-0.0073431481	-0.0085362243	-0.0592534882	0.0283242664	0.0183292053	-0.011076001	-0.058036534	0.0008550176	0.0568210419	-0.081631751	0.0592265694	-0.0025646777	-0.0555806262	0.0815780375	-0.0028366105011343	-0.0043208496147712	8.046359135145385e-06	1.8669741393468428e-05	-0.0003434862131967	-0.0341725049838713	0.0011677600968727	1.1798277865620885e-07	0.0420730766272043	-0.0267743073965008	0.0007168635365623	0.0017701437768786	-0.0083999894296053	-0.0003457849611232	1.1956723933904142e-07	7.055982241748076e-05	0.0015902636079268	3.196498883859997e-05	2.528938342696363e-06	1.0217605114518207e-09	0.0017297157075382	0.0003084125142005	9.51182789154736e-08	2.991916428904376e-06	0.0	0.0	0.0	0.0
1757.6890674810877	-5.419700066419182	29.373148809944084	3089470.8579425355	2434.538341380932	-15.218237982856408	231.59476730285348	5926976.935653819	1924.7156439465275	-10.022375317420485	3704530.310052496	100.44800700323933	2058.774702186684	1441.865134859507	0.91073	28.372768	0.0799676569245393	0.0506806011909331	0.033300933	-0.0109178684	-0.0848260071	0.0359040412	0.0429125789	-0.016859687	-0.0050018916	0.0004084106	0.0638967524	0.0186939775	0.0552652617	0.045734189	0.0408702443	0.0327570676	0.0674428989	0.0710922264	0.0329212079	-0.0189830893	-0.020846372	-0.0175705589	-0.0370937884	-0.0751698795	0.0069136028	0.0564422322	0.0621319856	0.0328781158	-0.0470620994	0.0633127346	0.0127393106	0.0325474802	-0.0161898704	-0.0297181727	-0.0051732417	0.038215371	-0.0835813041	0.0160912125	0.0429506065	0.0362862985	-0.0168270322	-0.0562087466	0.0035579995	0.0170953403	0.0296704922	-0.0465929736	0.0672847901	-0.0302885608	0.0165400653	0.0670557131	0.0032959814	-0.0263048658	-0.0525665084	0.0342115495	-0.0231139783	0.0164466948	0.0926785737	0.0109494136	-0.053709654	0.0387957217	-0.0001668532	-0.0248969086	-0.085838943	-0.018543619	0.0095357586	0.0247554074	-0.0466873631	0.0248938338	-0.0083883792	-0.0192688633	0.0532239494	-0.0748373623	-0.0021981891	0.0035183124	-0.0033573772	0.0440990651	0.0024215269	-0.0664928455	0.0770770596	0.0246872769	-0.0097417003	-0.0441938827	-0.0164545495	-0.0578134658	0.0249037096	-0.0013595896	-0.025785557	-0.0033299167	0.0301232693	-0.0750309688	-0.0294269772	7.94605e-05	-0.081759179	0.0043613561	-0.0835551665	0.0397243822	0.0387657638	0.0044907403	-0.0279165773	-0.0387271844	-0.0015930129	0.0819655262	0.0041214736	0.0631275904	0.0032459054	-0.0440055621	-0.0258913584	0.0001245581	0.0694445481	0.0746860423	-0.023895768	0.0075192745	0.0499796175	-0.009798664	-0.0186078986	-0.0737235367	-0.0082891112	0.0704646451	-0.0086616927	0.0071908264	-0.0883988475	-0.0145497767	-0.0872484093	0.064074423	-0.0113575342	-0.0054692678	-0.0307271266	0.008068598	-0.0359947623	-0.0232351197	-0.0262950023	-0.0444158429	-0.0542676307	-0.0306804405	0.0055354983	-0.0654514535	-0.0224795562	-0.0531367026	0.0600972413	-0.0293092752	0.0263639049	0.0043414312	-0.0637809875	-0.0136209543	0.0191651129	0.0333848221	-0.0690348706	-0.0405019077	-0.0695213877	0.0216775518	0.0293582966	-0.0026002434	-0.0586347667	0.0025646777	0.0549512416	-0.0814885411	0.0620868871	-0.0076839116	-0.0510508491	0.0810058262	0.0068900227875019	0.0097266332886362	4.747241401229545e-05	9.460739513160586e-05	-0.0017004670691562	-0.0013569808559595	1.8413970434405777e-06	2.891588253284677e-06	0.0857375550759229	0.0436644784487186	0.0019065866781986	0.0073509283503969	-0.008437148178732	-3.7158749126700585e-05	1.3807726366610716e-09	7.11854693898807e-05	0.0016126092671335	2.234565920670008e-05	2.6005086484448443e-06	4.993284853819801e-10	0.0012848288292471	-0.0004448868782911	1.9792433447560007e-07	1.6507851204644736e-06	0.0	0.0	0.0	0.0
1759.1049135836847	1.4158461025970157	2.0046201862391584	3094450.0969942627	2433.734078866464	-0.8042625144676094	0.6468381921777617	5923061.566635997	1930.468244063168	5.752600116640451	3726707.641336331	33.092408101971735	2062.012870503053	1444.8946143821277	0.952146	29.663033	0.1129495576997736	0.0540848805096556	0.057017832	0.0225764652	-0.0625574069	-0.0387614287	-0.0215027049	-0.0781978739	0.0198932056	0.0436559354	-0.0090299694	0.0092914279	0.0044188863	0.0126135984	0.0033663386	0.0316992507	-0.0142385326	-0.0169307014	0.0353068203	0.0521785815	-0.0425525114	0.0245871972	-0.0165497903	-0.0125699795	-0.0376145043	-0.0208038123	-0.0090176156	0.0130721968	0.0164868211	0.0281197525	-0.0319256384	-0.0971306892	-0.0247306617	0.013292939	0.0160831384	0.0326364926	0.0497895312	0.0114217288	0.0999511166	-0.0797333497	0.0607597154	-0.1026865065	-0.0146864891	-0.0128147835	0.065279705	-0.0475907993	0.0393582743	0.0009200064	0.0139247807	-0.0916263592	0.0268330115	0.001222165	0.0266361134	0.0110443593	0.0298122436	-0.1025821837	0.0017526115	-0.0387269636	0.0602542278	0.0064611728	-0.0349205819	0.0323984211	-0.0111605472	0.0300554011	0.066026147	-0.0030852217	-0.0782796891	0.1083383036	0.0450989447	-0.0278093023	0.0121038391	-0.0730747353	-0.0477513401	0.0407997904	-0.0133762162	0.0171970046	-0.0545210799	-0.0183317576	0.0278544572	0.0404481229	6.75379e-05	0.0363361017	-0.0102387361	-0.0327110104	0.0642507028	-0.0648985828	0.0125513387	-0.0096837937	-0.0074331475	0.0330219669	-0.0166129326	-0.0249691231	-0.0026741104	0.0669855301	0.0509172844	-0.0026992487	-0.0352597648	0.0037996726	-0.0498101148	-0.0183274801	-0.0577407663	-0.0539435211	0.0324799303	0.0648587975	0.0297672706	-0.0316130264	-0.1076204059	0.0787699868	0.010120135	0.006495584	-0.0071683158	0.0577432316	0.0635610797	0.0197536964	-0.0956911881	-0.0329436757	0.0715909585	-0.0941281723	0.0034428745	0.0387336964	-0.0204309632	-0.0291424071	-0.0014748576	-0.0498279465	-0.0432968084	0.0249388998	0.0583237915	-0.0222164759	-0.0379374579	-0.0257756563	-0.0354236602	-0.0042410145	0.0772410473	-0.0047229842	-0.002917846	0.026069893	-0.0910181597	-0.0552421497	-0.0116864824	0.0012042721	0.0049967597	-0.0122785551	0.0421897519	0.0069073294	-0.0148259652	-0.0130035541	-0.0338023448	0.0209018919	-0.0688603633	-0.0076668352	0.0050617508	0.105657294	-0.0592265694	0.0042732129	0.0530272111	-0.0812023727	0.064777029	-0.0127728206	-0.0462468756	0.0798654172	-0.0098943701645879	-0.0167843929520897	9.78985609538872e-05	0.0002817158467701	0.0252741359185222	0.0269746029876783	0.0007276292063428	0.0006387819464279	0.0496666279900424	-0.0360709270858805	0.0013011117808349	0.0024667739359012	-0.0086009730388941	-0.000163824860162	2.683858480713144e-08	7.39767372157832e-05	0.0012270155501679	-0.0003855937169656	1.5055671603538346e-06	1.4868251456334726e-07	0.0013978029456019	0.0001129741163547	1.2763150966147888e-08	1.9538530747333483e-06	0.0	0.0	0.0	0.0
1765.963497691201	6.858584107516208	47.0401759598739	3118627.0751777403	2424.4780604044595	-9.256018462004704	85.67387776897192	5878093.86538257	1935.8157347683589	5.347490705190921	3747382.558976761	28.595656842103296	2072.02801970506	1467.3360953120005	0.881649	27.466782	0.0788677892750017	0.0401186929161468	0.0331254494	0.0171941365	0.0111676657	-0.0265606911	-0.0467066295	-0.0456530399	-0.0255186816	0.0963072651	-0.012881025	0.0263344915	-0.0493952626	0.0072287987	-0.0624175889	-0.001186144	-0.0036292049	0.0561828145	0.0292314071	0.0176771203	-0.0630284922	0.0582235757	0.0146110673	0.0147379019	0.006603656	0.0303843729	0.0257312715	0.0419217192	-0.0522278738	-0.0229220567	-0.0247000053	-0.0248011798	-0.0512054378	-0.0504837708	0.0402721387	0.0529229076	-0.0848296936	-0.0145379868	-0.0135143377	0.0171688694	-0.0372784867	-0.04757285	-0.0330792796	0.0417234922	-0.0625703388	-0.0334187711	0.0127368436	0.0851881363	-0.0259677837	0.0644731682	0.039307659	0.0033749141	0.0502453809	-0.0080592301	-0.0578614434	0.0575831278	0.0190158418	-0.0183864036	-0.0062679359	-0.0296605879	-0.0270454234	-0.0101193075	-0.0032040985	-0.0100916968	0.0346189355	0.024091412	0.0099772745	-0.0061782355	-0.0465663153	0.0577698428	-0.1047852567	-0.011497238	-0.0242776868	-0.028901665	-0.0814361998	-0.010781	-0.0822408668	0.0314342333	-0.0195490365	0.0146720297	0.003786321	-0.0439413673	-0.0136914567	-0.040181677	-0.0744868694	0.0398804715	0.0082101862	0.0344294144	-0.0543876534	-0.02695959	-0.0682038937	-0.0371459529	-0.0064639375	0.0109659951	-0.0556083449	0.0100114936	-0.0082112928	8.1007e-06	0.0082834072	0.0380468151	0.0398131976	-0.0030870129	-0.061268791	-0.0146135341	-0.0051772265	0.0121819632	-0.0004270242	0.0085056636	-0.0606209173	0.0162080015	0.0217473483	-0.0327853131	-0.0231671474	0.0522803112	0.0339556687	-0.0120890221	0.0363484617	-0.0022290978	0.0039302825	0.0628088388	-0.0259660572	0.0150525593	0.0084801018	0.0308604197	-0.013794414	0.0855942411	-0.0147316702	0.0663946028	-0.0375153576	-0.0374789096	-0.0327222517	-0.0114301238	0.0458214064	0.0299202115	-0.060190932	-0.0079211759	0.0018303873	0.0226792681	-0.0153374257	-0.0373776727	-0.038739635	-0.0216052079	0.0348001641	-0.0156469152	-0.0265189837	-0.0776146885	-0.0322265312	0.0305735777	-0.0837572824	-0.0572630243	0.013921485	0.0408556983	-0.0598118772	0.0059798738	0.0510508491	-0.0807737477	0.0672896215	-0.0178113211	-0.041194508	0.0781648097	-0.0217023242787348	-0.0118079541141469	0.0004709908790993	0.0001394277803617	0.0216961600596476	-0.0035779758588746	1.2801911246689435e-05	0.0004707233613338	0.0156810030280922	-0.0339856249619502	0.0011550227040543	0.000245893855967	-0.0086733516559964	-7.237861710230123e-05	5.238664213641532e-09	7.52270289485755e-05	0.0016641190517563	0.0004371035015883	2.7692922184182867e-06	1.9105947110084026e-07	0.0014782455137118	8.044256810990007e-05	6.471006764115911e-09	2.185209798809064e-06	0.0	0.0	0.0	0.0
1769.0040056248104	3.040507933609433	9.244688494341906	3129375.171916624	2441.064024748626	16.585964344166314	275.0942132259563	5958793.57292196	1932.9082448908923	-2.90748987746656	3736134.28316719	8.453497387570511	2067.545435175883	1499.952544347375	0.874089	27.231249	0.1566526773200461	0.078679808446117	0.0005094862	-0.0066808003	0.0672797967	-0.035271149	-0.067250429	0.0152856102	-0.0325153029	-0.0204192983	-0.0042465355	-0.0022100184	-0.0002786004	0.0402431254	-0.0580934198	0.0267894439	-0.0106699874	-0.0409935543	-0.0441087789	-0.0241078207	-0.0285362084	0.0050159675	0.0064471568	0.0513936109	-0.0063519469	-0.0054103337	-0.0009172545	-0.0755778267	0.0122091636	-0.0122596678	-0.0906934616	-0.0081465524	-0.0664853992	-0.0756214362	-0.0496921184	-0.0988016772	0.0233707024	-0.0111109705	0.020221572	0.0519135649	0.0845623174	0.0878427366	0.0279656755	0.0682214853	0.0672501013	0.013909024	0.0024102683	0.0328355284	0.0663640349	0.0379051811	0.0428281003	-0.0385800892	0.0290411844	0.0612533031	0.0728618299	-0.014963597	-0.0025994814	-0.0166862685	-0.0466362394	0.0154992115	0.0484443529	0.1004465095	-0.0319118911	0.0411204272	0.0106746462	-0.0955306171	0.0461741012	-0.0625282606	0.0852406521	-0.0032003405	0.0758141419	-0.012559361	0.0457512422	0.0522312328	-0.0029921266	0.0535063209	-0.004041742	0.040710277	-0.0282524119	-0.070525682	0.0244184492	0.0059463349	-0.0419373773	-0.0062177134	-0.0558165255	0.026590672	-0.0717541985	-0.0785437748	-0.0646571829	-0.0389443233	0.0050339098	0.0617006111	0.0518076807	-0.013710446	-0.019525411	0.091377654	-0.028819066	0.0971291332	-0.0567181307	0.0406907133	0.0154824768	0.0129244091	-0.0270427877	0.0172869892	0.127404878	-0.0048689975	0.0651625911	0.0369166472	0.0165641846	-0.0915677033	-0.0624141614	0.0283185778	0.0239189151	-0.0365709088	-0.0589464239	-0.0010242737	0.0336669316	-0.0746735992	-0.0509374963	-0.0403031499	0.1032338121	0.0004259868	0.0474450823	-0.0130488672	-0.0599248724	-0.0613816852	-0.0188669085	0.0226058117	-0.0167861311	-0.0153246471	-0.0097154628	-0.0242440731	-0.0666555533	0.0241809711	-0.0389201143	-0.0241316944	0.0641142202	0.0313015121	-0.0201078965	-0.0618700824	-0.0556791418	-0.0447148591	0.0390860294	-0.0253253801	-0.0293033206	-0.0468930212	-0.0514789659	0.027055291	-0.0724611122	0.0241071858	-0.0161345607	-0.0424233258	-0.060390626	0.0076839116	0.0490241061	-0.0802034182	0.0696177779	-0.0227795284	-0.0359208828	0.0759159322	-0.0046879169657501	0.0170144073129847	2.1976565477767623e-05	0.0002894900562121	-0.0121865621196946	-0.0338827221793422	0.0011480388622824	0.0001485122962971	0.0454166064196215	0.0297356033915293	0.0008842061090583	0.0020626681386748	-0.00964528073468	-0.0009719290786835	9.446461339907504e-07	9.303144045078916e-05	0.0021999887186479	0.0005358696668915	4.839950362178028e-06	2.871562998945143e-07	0.0014656453705632	-1.260014314860016e-05	1.5876360736521554e-10	2.14811635225334e-06	0.0	0.0	0.0	0.0
1762.749852083528	-6.254153541282449	39.11443651793579	3107287.0410204995	2450.3115104392723	9.2474856906465	85.51599159871176	6004026.498191188	1931.219395662726	-1.6888492281664185	3729608.354183904	2.8522117154783078	2066.7548497717103	1481.6612543215797	0.868017	27.042099	0.0851419967891472	0.0420150031483415	0.0410229404	0.0016545208	0.0380418102	-0.0219556032	-0.1020746559	-0.0329375678	-0.0057771237	4.65493e-05	0.0485388032	-0.0547137009	0.0532661705	0.0246621013	-0.1020251616	-0.0825651082	-0.0536480716	-0.0644978424	-0.0356154754	0.1002121208	-0.0405909419	-0.0319125582	0.0176338687	-0.0423324277	0.0150360748	0.0406549226	-0.044018637	0.0357239768	-0.0310129494	-0.044441973	0.0169785005	0.0691772497	0.0730934064	0.0811925852	-0.0387887986	0.0191325242	-0.0196377138	-0.0093773831	0.0176824296	-0.012584319	0.0754467564	0.0535291453	-0.0029279527	0.0118549386	-0.026597077	0.0155731367	0.0140306576	0.0642068515	0.0919196753	-0.0101276322	-0.0131331533	-0.1122617196	0.0397454747	0.0239835119	-0.1008565428	0.0813352096	-0.0853487841	-0.0343503008	0.0409893657	0.1012098401	-0.0041264784	0.0243937902	0.0906015133	-0.0835876539	-0.0802127813	-0.0288476538	0.0371226491	0.0906435451	0.0470831622	-0.0036839096	-0.0836611788	-0.0123708404	0.032612269	-0.043380998	-0.0095672365	0.0173972715	0.0155227961	-0.0530482552	-0.0137842509	-0.0558738815	0.0123735579	-0.0214841321	-0.0147765165	-0.0772989093	0.0378454482	-0.0021706138	0.053137654	0.0467322405	-0.0650998857	0.0567953424	0.0269511961	0.0206937812	0.003462021	-0.059075186	0.070329931	0.0295794925	0.0227237286	0.0091566305	0.0311982579	0.0073830664	-0.0269392075	-0.0050521464	-0.0911664468	-0.0752320499	0.0243274255	0.0358418585	0.1374648997	0.0073838878	-0.0554677225	-0.0273402311	0.0081406736	0.0192560735	0.0012694302	-0.0446191718	0.0520964854	-0.0478078626	-0.0119094043	0.0009683871	0.0635571654	-0.001868677	-0.0288255595	0.066014456	0.1023359358	0.1178128529	0.089120858	-0.0164991873	0.0701906591	0.0025367966	-0.0337417621	-0.0273129936	-0.0018660037	-0.0498412802	-0.0435044523	0.0100598997	0.0803377593	0.0255897466	-0.0303840005	-0.0419269227	-0.0171491706	-0.0831758428	-0.0521803721	-0.0584935788	0.0395894838	-0.0345708598	-0.0614701326	0.0252140108	-0.0153563371	0.0831792883	-0.046443881	0.037813514	-0.0176826999	0.0037704916	-0.0609627523	0.009384579	0.0469489822	-0.0794923845	0.0717551168	-0.0276578354	-0.0304543249	0.073134559	0.0142666148647094	0.0189545318304595	0.0002035362996979	0.0003592742769119	-0.0080728756467181	0.0041136864729765	1.6922416397949837e-05	6.517132120737417e-05	0.0779784330002328	0.0325618265806113	0.0010602725502658	0.0060806360131717	-0.0096452900215064	-9.28682639990408e-09	8.624514458195536e-17	9.303161959897092e-05	0.0018741994406155	-0.0003257892780323	3.512623543203453e-06	1.0613865368087229e-07	0.0017300858438064	0.0002644404732432	6.992876388908766e-08	2.993197026939304e-06	0.0	0.0	0.0	0.0
1759.947948815167	-2.801903268361002	7.850661925252066	3097416.7825387134	2442.617694430881	-7.693816008391423	59.19480477098013	5966381.201146832	1930.1013692378256	-1.1180264249003358	3725291.295533729	1.2499830867754262	2068.070645882629	1493.6692790605323	0.8926969999999999	27.810974	0.0639492805321253	0.0297267028910467	-0.0102660647	-0.0023270192	0.0762334156	-0.0424930411	-0.0410459194	-0.0511266712	-0.0495318181	0.0081690787	-0.0097474389	0.0082400597	-0.0257905836	0.0119818109	-0.0255803096	-0.058708079	-0.0439370929	-0.0203624425	0.0093468358	0.0989061389	-0.0206377876	-0.0164601392	-0.0325668723	0.0593664797	0.007198477	0.0131866101	0.0221664097	-0.0211573493	-0.0330505811	-0.0412907013	-0.0476847783	0.0582546002	-0.0801709848	0.0338767859	0.0150957774	-0.0403608454	0.0152411168	-0.0807701754	0.0450096071	-0.0917550999	0.0517059957	0.0221091195	-0.079310886	0.0174500675	-0.0690911126	-0.0083064578	-0.0378737116	-0.0501572311	-0.0291027405	0.0335976086	-0.0155324502	0.0200775374	-0.0554425662	-0.058820278	0.0651310599	0.0581536636	0.0628831482	-0.0727239065	-0.0321361614	-0.0713251733	0.0448206836	0.0555203081	-0.0207495058	0.0181649838	-0.0804482938	-0.0173579295	0.0182684092	0.0193914851	-0.0247655402	-0.0348023376	0.0981084621	0.0279594297	-0.1196226882	-0.0168388746	-0.0260652363	0.0259781361	0.0369560292	0.0646449326	-0.069378121	-0.045298329	0.0224561827	-0.0108204729	-0.0694887183	-0.0128136193	-0.085572526	-0.039772979	-0.0127353522	0.0913271954	-2.9536e-06	-0.0157889181	-0.016189897	0.0516619926	0.0120087673	0.0379661602	-0.0220334951	0.0219825808	-0.0493422783	-0.0448516763	-0.0205199078	0.076500363	-0.0686887284	0.0078093713	-0.0127720162	-0.0541955653	-0.0373572501	0.0396899463	0.0141528621	0.0016624207	0.0356148779	-0.0636716266	0.0251962408	-0.0163585354	-0.0218102457	-0.0965044791	-0.0087891295	0.0201394405	-0.0242072433	0.0220442332	0.035552908	-0.0298176443	0.0731915236	0.0472934354	0.0326210597	-0.057086546	0.0166286157	0.0086565293	0.1060452474	0.0157249365	0.0185161918	0.0046980473	0.003387605	-0.0202418511	0.0682555895	0.0511600173	-0.0006565139	0.0335280653	0.0287291767	0.0465622811	-0.0184544092	-0.0256794788	-0.0819823897	-0.0718711557	0.0439209304	-0.0368521926	-0.0042460445	-0.0107950523	0.0188198163	0.0501811975	-0.0510569925	0.0290206687	-0.0788864059	0.0297786659	-0.0615281933	0.0110811301	0.0448275254	-0.0786418943	0.0736957799	-0.0324269895	-0.0248241955	0.0698401994	0.023167075609848	0.0089004607451386	0.0005367133923124	7.921820147575318e-05	-0.0004039262005477	0.0076689494461704	5.881278560791728e-05	1.6315637548890077e-07	0.0929266753930591	0.0149482423928263	0.0002234499506346	0.0086353669996069	-0.0097792755391663	-0.0001339855176599	1.7952118942591567e-08	9.563423007093634e-05	0.0022469010480465	0.0003727016074309	5.04856431971246e-06	1.3890648818165112e-07	0.0018720312776753	0.0001419454338688	2.0148506196230232e-08	3.504501104594616e-06	0.0	0.0	0.0	0.0
1760.4042458594945	0.4562970443275844	0.2082069926620895	3099023.1088401354	2443.485944112142	0.8682496812612044	0.753857509010183	5970623.559073607	1927.16110604436	-2.9402631934656256	3713949.9286501207	8.64514764684868	2063.941278973904	1484.3976472668944	0.930077	28.975489	0.0638850338512921	0.0383222329553702	-0.0087346014	-0.0168441265	0.0356797227	0.047416424	0.0792175586	-0.0051747714	-0.0332718337	0.0140628257	-0.051249154	0.0166066319	0.0254248001	-0.0308631463	0.0627137115	-0.0257579813	-0.068075501	-0.0635606152	0.0169446308	-0.0768318129	-0.0349449307	-0.0084744373	-0.0243720439	-0.0633303191	0.0193633071	0.0099413929	-0.0130176559	0.0139821987	0.0589028241	-0.077558976	-0.0080408478	-0.0745831699	-0.1017449727	0.0436324431	-0.0236268806	-0.0250552443	0.0116501565	0.0369889386	0.0165107079	0.0677623354	0.0423588377	0.0660867399	-0.0919206687	-0.0434518359	-0.0178145128	0.0440519276	-0.0199912707	-0.0712484924	-0.0370173857	-0.0275954243	-0.0026589594	0.0306216663	-0.0024188136	-0.0293021003	0.0090633186	-0.0355411126	-0.0040186922	0.037437614	0.0217414911	-0.0494387183	0.1351508007	-0.0276979143	0.0331543229	0.0438869788	0.0282990351	0.0009897432	-0.063420345	-0.0229635153	0.0489964844	0.0100357062	-0.0114860288	-0.0490779051	-0.0801238229	0.0324341533	-0.0416696532	0.0350183318	0.0210253821	-0.0293927836	-0.0006685235	0.0497757018	0.0223802903	-0.0599858348	0.0315062312	0.1009352296	-0.0654769411	0.0340154925	-0.0265050521	0.0929715661	0.0288138776	0.0311012625	-0.0213776961	-0.0161288551	0.0512666543	-0.0194909255	0.0625621257	-0.0229943314	-0.0183529525	0.0587660059	-0.0009585803	-0.0318368031	-0.0388304214	-0.0942908444	0.0194174834	-0.0408224908	0.0328155536	-0.0168122106	-0.0270670399	-0.0098651891	0.0380193791	0.0965020755	-0.0977901285	0.0077979797	-0.0430659186	-0.0441212773	-0.0059581202	0.0337491613	0.0117713681	0.0267721234	0.0219618558	-0.0544415769	0.0053406654	0.064913252	0.061675328	-0.0351766202	-0.0244655143	0.0150077311	-0.034983515	-0.0320996977	0.0144594911	0.0001267953	0.0111640275	-0.0177416731	-0.0018938687	-0.0073040598	-0.0124452484	-0.0341308242	0.0606977286	0.0627055873	0.0794884238	0.0522831713	-0.0434710625	0.0180594638	-0.0121183522	-0.0036126068	0.0167270048	0.0188417449	-0.0063667441	0.0159042009	-0.0230242918	-0.0167764855	-0.0470903849	-0.044255004	-0.0620868871	0.0127728206	0.0426618292	-0.0776534394	0.0754344479	-0.0370681691	-0.0190607341	0.066055961	0.0183973664098431	-0.0047697092000049	0.000338463090818	2.27501258526114e-05	-0.0082641591815217	-0.007860232980974	6.178326251519142e-05	6.829632697752943e-05	0.0949120475479574	0.0019853721548983	3.941702593445526e-06	0.0090082967697457	-0.0104109787949668	-0.0006317032558004	3.990490033889515e-07	0.0001083884794692	0.0018953192621367	-0.0003515817859097	3.592235105426405e-06	1.236097521835243e-07	0.0018699219290773	-2.109348597999997e-06	4.449351507884554e-12	3.496608020844171e-06	0.0	0.0	0.0	0.0
1759.2888768041196	-1.115369055374913	1.2440481296879256	3095097.3520467007	2429.1336350617585	-14.35230905038361	205.9887750777233	5900690.216988352	1925.730939945203	-1.4301660991568497	3708439.653062236	2.04537507117752	2057.338847479891	1450.2310474404192	0.962545	29.987005	0.1927913748934275	0.1128375887800089	-0.0155489473	-0.0309094215	-0.0647073018	0.022346292	-0.0042198384	0.027643617	0.0851089474	0.0160160628	0.0623493948	-0.0308311953	0.040328221	0.0820616743	0.0151054812	-0.0043316414	0.0304305836	0.004149882	-0.0599474513	-0.0343266266	0.0280653875	-0.044964889	-0.0212679357	-0.0674766029	-0.0175521924	0.0278468925	0.0286736811	-0.0095475831	-0.0431083003	-0.013336639	-0.0370423359	0.0327581739	0.0125962825	0.031719676	0.0015226963	0.0361644284	-0.0469093092	-0.0730880845	0.0325769281	-0.0199752757	0.0431369764	0.0794826104	-0.033912062	0.0242821572	0.015300043	-0.0611092867	0.0122558569	-0.0897656021	-0.0218847188	-0.0249165862	0.0818163938	-0.018321017	-0.0245976319	-0.0500251911	-0.0599362986	0.0931129584	0.0554398213	0.0019873629	-0.0586747357	-0.0223251387	-0.090390127	0.028920897	-0.0519789322	-0.0443297769	-0.0089184221	-0.0017564849	-0.0020973169	-0.0090026761	-0.0171806181	0.0002121676	-0.0235311223	0.0880177402	0.0910448436	-0.0193730569	0.047405352	0.0078224283	0.012231728	-0.0708814626	0.0154098601	0.0496495387	0.0015695186	-0.0160595794	-0.0273312232	-0.0452191222	0.0537799199	-0.0014727182	0.022916672	0.0631978135	0.0078207782	0.041827923	-0.0046998476	0.0532949162	-0.0079993282	-0.0005064284	-0.0315453775	0.0093166099	-0.0256248822	0.0119773789	0.0106896198	-0.0123232718	0.013208466	-0.0322733261	-0.0349208471	0.0787065936	-0.0766433414	-0.045866657	-0.050136324	-0.0306981085	0.0453519908	-0.0328564978	0.0121863671	-0.0164619871	-0.0466899965	-0.0413734958	-0.0030763834	-0.1167212983	-0.0094947511	-0.086539909	0.0292148625	0.0047858007	0.0715824519	0.0731814802	0.0417693041	0.0453649312	0.1054337058	0.0506944272	0.0617239058	-0.0721786849	0.0144614955	0.0216904124	0.0574047692	-0.0428097526	-0.0283455618	-0.0094290399	0.037786228	-0.0491778795	-0.0024694597	-0.0446956263	0.0156784887	-0.0242153184	0.0105218954	0.0102843249	-0.064602122	-0.0137093411	0.0010008913	0.0014389149	0.0289266568	0.0154115969	-0.0117926575	0.0261620732	0.0239212496	-0.0266904812	-0.0626387723	0.0144589085	0.0404540309	-0.076528754	0.0769663555	-0.0415630576	-0.0131948967	0.0618083875	0.0148952975545455	-0.0035020688552975	0.0002218698892384	1.2264486267245437e-05	-0.0458936109238408	-0.037629451742319	0.0014159756384275	0.0021062235236288	0.1476508564092782	0.0527388088613207	0.0027813819601109	0.0218007753983932	-0.0120554051626355	-0.0016444263676687	2.704138078684075e-06	0.0001453327936352	0.0022222704606753	0.0003269511985386	4.938486000390011e-06	1.0689708622582709e-07	0.0018769652715598	7.043342482500022e-06	4.960867332578957e-11	3.5229986306415536e-06	0.0	0.0	0.0	0.0
1760.7453484309726	1.4564716268530449	2.1213095998279545	3100224.1820213078	2422.8077937938547	-6.325841267903797	40.016267746714725	5869997.605668246	1927.264581422228	1.5336414770249576	3714348.766804596	2.3520561800512936	2059.6608359765964	1472.929335755057	0.902523	28.117085	0.1074693449847117	0.0578192471227718	-0.0058796458	-0.0110687613	-0.0031681226	-0.0111046033	-0.0515943422	-0.0003495489	0.0255847616	-0.0252643714	-0.0221917743	0.0375354277	-0.0202232018	0.0960074402	-0.0121862989	-0.0439916709	0.0715948255	-0.0265195382	-0.0646179308	-0.0003285778	-0.0102342505	0.0091718358	-0.0516660546	-0.0021355769	-0.0444350012	0.0359293881	0.1117627736	0.0210520602	0.0126328584	0.0814555579	0.0042646533	0.029734095	-0.026453438	0.0418457395	-0.0071913594	0.0115700646	-0.0119280574	-0.0509368	-0.0340337748	-0.0535213301	0.0105068526	0.0698044079	0.0011401052	0.0115594267	-0.0274179417	0.0636454229	-0.0794185234	0.0369468117	-0.0269120827	-0.009010025	0.0268666694	0.0324866706	-0.0368950901	0.0559207319	-0.0264900228	0.0372681001	-0.0677094905	0.0849696238	0.1147283398	0.0152523551	0.0669767057	-0.048505715	0.0062239953	0.0371383221	0.1130066608	0.0349805731	-0.0187131347	0.0083499979	0.0134816498	-0.0377338426	-0.051848166	0.0395188111	0.0538998904	0.0534244192	0.0493666691	0.0800470568	-0.0163371954	0.0116093782	-0.0268974479	-0.0074031024	0.0803237787	0.0082547454	-0.0964588415	-0.0142141307	0.0642394114	-0.060181161	-0.0441227964	-0.0154546093	0.0389156647	-0.0006800035	0.0069646433	-0.0359527895	-0.0200994742	-0.0210111701	0.0766716446	0.0086628925	0.0174790394	-0.0405663113	0.0341835487	-0.0431641218	0.0070558406	0.0017184146	-0.0655976671	0.0415619257	-0.0615071536	0.0342895402	0.0312343563	-0.0235382506	-0.0533596119	-0.083416368	0.0417335675	0.0064976853	-0.0501908601	-7.7755e-05	0.0420439314	0.0846267843	0.0333175163	-0.0731459813	0.0408260858	0.0240006164	-0.0764636362	0.0110490144	-0.0152633107	-0.0028993443	-0.0136060352	0.0829740879	0.0500363979	-0.0545046923	0.0223329973	0.0319469828	0.0725787807	-0.0329309692	0.0660091602	0.0210431567	0.0718994393	0.0359320986	-0.0195135757	0.0002308673	-0.0328496601	-0.0435951299	-0.0074305795	0.0008420386	0.0212898496	-0.0331908607	-0.0277019816	-0.0080246571	0.0805394847	0.0407657348	0.0262062411	0.0118162547	-0.0061676782	0.1268827097	-0.0631837885	0.0161386543	0.0382063093	-0.0752698111	0.0782873035	-0.0458939156	-0.0072581889	0.0571272725	0.0140998630697595	-0.000795434484786	0.0001988061385859	6.327160195867703e-07	-0.0095553809336763	0.0363382299901645	0.001320466958818	9.130530478766456e-05	0.1779409548310795	0.0302900984218013	0.0009174900624024	0.0316629834061962	-0.0127535561268161	-0.0006981509641805	4.874147687863011e-07	0.0001626531938798	0.0023221100798151	9.983961913979976e-05	5.39219522277889e-06	9.967949549980272e-09	0.0018798863299986	2.9210584387999363e-06	8.532582402884322e-12	3.533972613715605e-06	0.0	0.0	0.0	0.0
1763.2713243045605	2.525975873587868	6.380554113947992	3109125.763114759	2435.9286541408965	13.120860347041798	172.15697624657383	5933748.408064679	1930.610344917926	3.345763495698065	3727256.303904114	11.19413336914574	2067.3091015794985	1469.0506608095843	0.971781	30.274731	0.2796945429567429	0.1707565879228521	-0.0132363994	-0.008791078	-0.0209502001	0.0386534741	0.0838422863	0.0093863389	0.0365111078	0.0628134801	-0.0312084172	-0.0198237975	-0.0254387045	-0.050188046	0.059692576	-0.0548078443	-0.0106958075	-0.0250954865	0.0212762274	-0.0137284442	-0.0279401842	-0.0433511455	0.0351906789	0.0145296789	-0.0162205154	-0.0240892258	-0.0263935374	-0.0075052275	-0.0197682588	0.0143295456	0.0490158864	0.042427527	0.0112125564	0.0300816879	-0.047907782	0.0594436236	-0.0100293916	-0.0463989859	0.0013844212	-0.0053615054	-0.041900141	0.0754582772	0.0247835944	0.0114864932	-0.0163750778	-0.0439021454	-0.0338675463	-0.0038240751	-0.10672974	-0.0466938021	-0.0239922663	0.0435509539	-0.0723156822	-0.0342426644	-0.0306904451	0.0016069975	-0.0013080659	0.0830057724	-0.0449721532	0.0410770546	0.0549785666	0.027793908	0.1089055163	-0.0300068355	-0.0509336777	-0.0268654706	0.0555418285	-0.0761741158	-0.0466329143	-0.0504097923	-0.0202274265	-0.0344854682	-0.0578706783	-0.0550301298	-0.0247820612	-0.0550929226	-0.0394944168	-0.0518219331	-0.0616234696	0.0489539103	-0.0037000708	-0.0067597709	0.0466092546	0.0393308155	0.0101277545	0.0093038699	-0.0404116959	0.0612174655	0.0297990608	-0.0295459001	-0.0094000915	0.0505457481	-0.032003559	-0.0456105527	-0.0037716834	0.0521969926	0.0513059467	-0.0156672849	-0.016301179	-0.0267873966	0.0572906966	0.0356405569	-0.0239654717	-0.0461771767	0.0380131883	0.0242995159	-0.0311227997	-0.0195277708	0.0710206907	-0.0426400536	-0.0482507276	0.0333051216	-0.0772600561	0.0469893233	0.0829998426	-0.0083639848	-0.0752978479	0.0569738703	-0.0171282484	-0.0084698526	0.0947630068	0.0290775511	-0.0764381342	0.0450873404	0.0335891644	-0.0317587628	-0.0283259357	-0.0499187583	0.0279048743	0.0065991211	0.0183921707	-0.0251817722	0.0610953919	0.0407479973	-0.0499426283	-0.0057952422	-0.014055214	0.0321529377	0.0842241149	0.051217823	0.024953273	-0.0669168546	-0.0137996991	-0.0272701088	-0.0055994501	-0.0333672739	-0.0404159352	0.0221837324	0.0012963159	-0.0017423019	-0.0755221331	0.0554520741	-0.0637218759	0.0178113211	0.0359208828	-0.0738788195	0.0793936715	-0.0500436514	-0.0012824971	0.0520454508	-0.0094122198495085	-0.023512082919268	8.85898824954818e-05	0.0005528180432025	0.0080060356975479	0.0175614166312242	0.0003084033540954	6.409660759041128e-05	0.0603568477576388	-0.1175841070734406	0.0138260222362583	0.0036429490712387	-0.0104605086276627	0.0022930474991534	5.258066833373664e-06	0.0001094222407494	0.0024457643556512	0.0001236542758361	5.9817632833739294e-06	1.5290379932550305e-08	0.0018758493783319	-4.036951666699885e-06	1.629697875927098e-11	3.518810890188176e-06	0.0	0.0	0.0	0.0
1761.1964358763637	-2.0748884281968003	4.305161989464988	3101812.8857436064	2446.1893923724137	10.26073823151728	105.28274905572036	5983842.543355319	1926.68508650096	-3.9252584169660167	3712115.422545212	15.40765363996256	2066.879728391961	1464.8274082335752	0.960478	29.9226	0.1437195424822793	0.0782761792407587	0.0061244124	0.0073377887	-0.0892539348	-0.0326103345	0.0137363024	0.0294465716	-0.0400012837	-0.0128230918	0.0233094304	-0.0240474767	0.0023769667	-0.0262508836	0.0272121857	-0.0293531138	0.0506540136	0.0625288939	-0.0151197733	0.011389542	-0.0085398406	-0.0703619181	-0.0410762962	-0.0576783821	0.0372708935	0.053951074	-0.0783193592	0.0154387311	0.1018577986	-0.0069847357	0.0740727233	0.0457647869	0.0273043434	0.0260105403	-0.0044099343	-0.025563235	0.0153629347	-0.0155647773	-0.0408630098	0.0337947247	-0.0104346286	0.0443195811	-0.0342235682	-0.0686873449	-0.0332503805	-0.0525698352	0.0454843712	0.0163028069	-0.059078742	0.0017850833	-0.0066454545	9.1043e-05	-0.0386907867	0.0181439821	0.0299640374	0.01667163	0.1397134527	-0.053044742	-0.0107987004	0.1057249518	-0.0279326118	-0.0146835867	-0.0390062725	0.0845723407	-0.0878150963	-0.0079976996	0.0051839996	-0.0254980762	-0.0342981103	0.0532458701	0.0576116212	0.0913248087	0.0776339692	0.0099549587	-0.0315948582	-0.0362507047	0.0880832233	-0.0549957098	0.0084962091	0.0180025342	0.0201403242	-0.0781640099	0.0265432282	0.0107280422	-0.0015233225	-0.0270199071	-0.0087764169	0.0009854642	0.0273187868	0.0415202847	0.0759969155	-0.03772836	-0.0331922776	-0.0453638574	0.0023545081	-0.0068862495	0.059257341	0.0812079276	0.0189569122	-0.0080834897	-0.0234941875	0.028954419	0.0106596037	0.0005432855	-0.0610642772	-0.0161347889	0.0148078055	0.0016892163	0.0504174319	0.0302991748	0.088393196	-0.1157188327	9.49695e-05	0.0191815999	0.0076793471	-0.091703659	-0.0278910957	0.0449936088	0.0534844235	0.0236552027	0.021163357	0.0016446253	0.0306769642	0.0207282946	0.0450333655	-0.0783592263	-0.0044917202	-3.9315e-05	0.0013367051	-0.0136669231	0.0315524667	-0.0439062227	-0.0285400863	0.0041810256	-0.0145460325	-0.1031226856	-0.0227936165	-0.0370051539	0.0095660096	-0.0320146205	0.036993941	-0.0295169783	-0.0272685805	-0.0341240469	0.0172045329	0.0167703029	-0.0577550896	-0.0129603673	0.0039671819	0.0250932303	-0.0173602058	-0.0485523986	-0.0642529755	0.0194761753	0.0336000067	-0.0723582192	0.080282427	-0.0539958877	0.0047000831	0.0465985677	0.0016924425754893	0.0111046624249977	2.864361871328855e-06	0.0001233135275731	-0.0090188339906518	-0.0170248696881997	0.0002898461879001	8.133936655093628e-05	0.0757334332558556	0.0153765854982168	0.0002364393815839	0.0057355529127191	-0.0118044079518171	-0.0013438993241544	1.806065393462654e-06	0.0001393440470929	0.0027551012733904	0.0003093369177392	7.590583026637403e-06	9.568932867638865e-08	0.0015248171228082	-0.0003510322555237	1.2322364441805629e-07	2.325067258009077e-06	0.0	0.0	0.0	0.0
1755.8098874271884	-5.38654844917528	29.01490419531261	3082868.360787076	2438.095708776403	-8.093683596010578	65.50771415233072	5944310.685153912	1926.4873677160283	-0.1977187849317943	3711353.577969432	0.0390927179149051	2062.9267279058045	1474.234218601632	0.914278	28.483286	0.0920421529701894	0.043099246295841	-0.0033503503	0.008508716	-0.0455880963	-0.0599931509	-0.0227536297	-0.0348918843	-0.0064377876	0.0113726678	0.0384097582	-0.0060442776	-0.0307160009	0.0378007766	0.0272772533	-0.040611862	0.0007734687	-0.0843479551	-0.0134600585	0.0241842759	-0.0203690991	-0.0265043286	-0.0406835116	-0.0179587821	0.0154863196	0.024266239	0.0187017427	-0.0249935279	0.0165552468	-0.0030206621	-0.0745320929	-0.0073525675	0.0293102623	0.0401863397	-0.0488335648	0.0358726109	0.0362346739	-0.0559997252	0.0538280321	0.0696303129	-0.0457589043	-0.0289842756	-0.0705198524	-0.045256332	0.0959643258	0.0562746392	-0.0302135927	0.0518599659	-0.0496923618	0.034983288	-0.0013443497	-0.0407516914	0.0111754455	0.0464099627	-0.0150507467	0.0271938238	0.0109917864	-0.0215647603	-0.0260483056	-0.0047039738	-0.0249281071	0.0036995017	0.0841438202	-0.010768247	-0.0354309991	-0.0402365261	0.0172338659	0.0741437219	0.0487932598	-0.0563359516	-0.086973724	-0.0247148768	-0.007680134	0.0105186873	-0.0046865987	-0.0180975878	0.0363923962	-0.0135733649	-5.4335e-05	0.0259740304	0.007847452	-0.0417994489	-0.0360895434	-0.0378656201	0.0684849358	-0.0260546197	-0.0072907905	0.0344605959	-0.0589871541	-0.043345412	0.0068300889	-0.0096898981	0.0198423111	0.0205989703	-0.0410859167	-0.0590355521	-0.0130822005	0.0475328811	0.036478462	0.0048393249	0.0459245413	-0.0294583759	0.0437134676	0.0543866067	0.0298318476	0.0586845457	0.0087894473	0.0935345283	-0.0073991751	-0.0234647388	-0.0174054632	0.0207307459	-0.0092093897	-6.92392e-05	0.0589726876	0.0047251589	-0.0578618604	0.00248456	0.0525890065	-0.0189594469	-0.0457452807	0.021358501	0.047712887	0.01719936	0.0075649756	0.0516402226	0.0336429306	-0.0525270959	0.0182750199	0.0164095968	0.0473352829	-0.0258148852	0.0873607723	0.0258841971	0.0313710768	-0.0210143975	-0.0575914458	-0.0317397994	-0.033203495	-0.0080669082	0.0088485987	-0.0399429243	0.0263150508	-0.0146573989	0.0170567915	0.008032114	-0.0101592804	0.0184195498	0.0401065356	0.0425878916	-0.0651783322	0.065106729	-0.064777029	0.0211324865	0.0312459714	-0.0707106781	0.0809511339	-0.0577350269	0.010657419	0.040824829	-0.0031211247421083	-0.0048135673175976	9.741419655800602e-06	2.317043032104376e-05	-0.0024505656819684	0.0065682683086834	4.31421485748547e-05	6.0052721616412506e-06	0.112788334502639	0.0370549012467834	0.0013730657064088	0.0127212083998791	-0.012028636157642	-0.0002242282058249	5.0278288287453926e-08	0.0001446880878129	0.002462288402913	-0.0002928128704774	6.062864179119852e-06	8.573937711721472e-08	0.0018798843684484	0.0003550672456401	1.260727489265181e-07	3.5339652387366394e-06	0.0	0.0	0.0	0.0
1760.663809122918	4.853921695729696	23.560555828275444	3099937.0487552234	2428.1591844911927	-9.936524285210451	98.7345148705771	5895957.025228934	1927.2061649874247	0.7187972713963973	3714123.6023655366	0.516669517366906	2059.1229890270583	1474.655195797439	0.877073	27.324211	0.0981098552463114	0.0620500279554426	-0.0297242671	-0.0099033476	0.0225550266	-0.0086494412	-0.026833847	-0.0382344588	-0.0117205596	-0.026176036	-0.0454830689	0.1126279915	-0.0038073194	-0.0207889762	-0.0083164905	-0.0512441859	0.0579856464	0.0492388339	0.0493126283	-0.0197579801	-0.0084423373	-0.017075846	-0.0374533398	-0.0151210939	0.0045865558	0.0003903418	0.0117728086	-0.0029665194	0.0246771741	0.0171974433	-0.0333479067	-0.0861039388	-0.0153935531	0.0155493691	-0.0530964334	-0.0273536518	0.0552106424	-0.0063017277	0.0431361791	0.1107149491	0.0313709903	0.0014705193	-0.0696745403	-0.0527576784	0.0048784681	0.0135290854	0.014186779	-0.0099257604	-0.1062612005	-0.000622575	0.0588397747	0.061990448	-0.0503177781	-0.0540556556	-0.0937734393	-0.0477726081	-0.0235239955	0.0239253761	-0.0613425447	0.0117122842	-0.0104956388	0.0689090884	-0.0072382206	0.0018803159	0.0062387978	-0.0357272557	-0.0732458531	0.0068785574	0.1233222305	-0.0229478116	0.0610176212	-0.0001680246	-0.0462638246	-0.1529193662	0.0184808285	0.0907782702	0.0253299872	0.0143133168	0.0022874664	0.0147602729	0.0207928869	-0.0157521486	-0.0321380633	0.0258357439	-0.0271831978	-0.0130504025	0.0477020557	0.0118412371	0.0123045525	-0.0154760923	0.0810362384	-0.0142901225	0.0438882095	0.1172397916	0.0194291619	-0.0561389252	-0.0418056922	0.049027008	0.005769641	-0.0287298969	0.0045351519	-0.0566585235	-0.0004023209	0.0454918333	0.0533377174	0.0256002136	-0.0241927969	0.0147408162	0.0171026927	0.0102119341	0.0286603247	0.0236416663	-0.0852807408	0.0143930542	-0.0149657558	-0.0779978184	-0.0940741913	-0.0333158928	0.0297364576	0.0270534442	-0.0020378593	-0.0226536594	-0.0217923504	-0.0151462609	-0.0912329245	0.1052772431	0.0137220194	0.077843399	0.017325839	0.0042285169	0.0264600397	-0.011646129	0.0366950346	0.029592558	-0.0070365491	-0.0381093772	0.0342462534	0.0461291232	0.0049039079	0.0030553553	-0.0583502732	-0.0368243995	-0.00365545	-0.0097404334	0.005994142	-0.0608845105	-0.0415828597	0.0373558367	-0.0019136008	-0.0500842911	-0.0631073404	-0.0075019684	-0.0652939789	0.0227795284	0.0288611001	-0.0689390864	0.0813979594	-0.0612463124	0.0165575133	0.0347647336	-0.0107979479596451	-0.0076768232175368	0.0001165956801392	5.893361471331207e-05	0.0072965699932581	0.0097471356752265	9.500665387127316e-05	5.323993366651451e-05	0.0571047675065159	-0.0556835669961231	0.0031006596334117	0.0032609544719732	-0.0116180160082088	0.0004106201494332	1.6860890712054404e-07	0.0001349782959669	0.0023927803353325	-6.95080675804996e-05	5.725397733153912e-06	4.831371458775299e-09	0.0018599659983136	-1.9918370134799825e-05	3.967414688268856e-10	3.459473514882707e-06	0.0	0.0	0.0	0.0
1764.5635023692407	3.899693246322613	15.2076074154142	3113684.3538936013	2443.411061604818	15.251877113625142	232.6197554891224	5970257.615972783	1927.814344343835	0.6081793564103464	3716468.146257851	0.3698821295637031	2059.730815412689	1457.5982592949824	1.035928	32.273151	0.2540452476837512	0.1353241564662648	-0.0351408379	-0.0473584655	-0.0552207689	0.1132893902	0.0509565599	0.0670671274	0.1300402708	0.0266307149	-0.0408072927	-0.0639138871	0.1180459871	0.0637298368	0.0492842251	-0.0436537908	-0.0850901945	-2.07252e-05	0.0180174956	-0.0516124286	0.0165739811	-0.0630659715	0.0009156797	-0.0020990539	0.015480531	0.0522609505	0.0482225985	0.0069546429	0.0523554206	0.0038105493	-0.0291442773	0.0299033053	-0.0131889544	0.0066656152	-0.0194210474	-0.0118641337	0.0277971581	-0.0041947243	-0.1206491849	-0.0269777407	-0.0258438914	-0.0400886436	-0.0383172785	0.0026042382	0.0275559266	0.0009429776	0.1014911237	0.0164902967	0.0029490979	0.0006602611	-0.0370367697	0.0717003476	-0.0424806616	0.0146326343	0.0047282435	0.08972519	-0.0503955394	0.0482255098	0.0119820505	-0.0108480674	-0.0036764587	0.0047733543	0.0581538606	-0.0224619168	-0.0420901105	0.0382554145	0.0341484936	0.012881078	0.085890364	0.0989990075	-0.0830672966	-0.0404532522	0.120204927	-0.0170860926	0.0671763208	0.0330280038	-0.0106577051	-0.0598679282	-0.0558997913	0.0563078177	-0.0141847771	-0.049731213	0.0053719918	0.0088932455	0.0047064132	-0.0181926356	-0.0598483864	-0.002651818	0.091405765	-0.0071625424	0.0325999486	0.0550310686	0.0319492645	-0.0046134946	0.021296494	-0.0284916076	-0.0224069775	-0.0027262549	0.0096963982	-0.0028132824	0.0095300803	0.038649311	0.0164174117	0.0247829119	-0.0473362735	-0.0192912042	-0.0301084981	-0.0113099168	-0.0425558412	-0.0361595913	0.021752271	-0.0585739399	-0.0219338097	-0.0146456344	0.0867321267	-0.00059555	0.0866865541	0.0560949318	0.0609505569	-0.0553334749	-0.0163162851	-0.0063692634	-0.032175838	0.1126685837	0.0232359558	-0.0213091286	-0.0198582008	0.1088927716	0.0270261808	0.0420757449	0.0704797838	-0.0379033435	-0.0412349337	-0.0253176495	0.0502805047	-0.0159230301	-0.0160885025	-0.0037117455	0.1083821584	0.0151222474	0.0140549219	0.0302974861	-0.0475464813	-0.0192417061	0.0557975744	-0.0048040773	0.0108798241	0.0075756801	0.013944507	0.0137890746	0.006459446	-0.0039543761	-0.0658037687	0.0244165784	0.0264477464	-0.0670465522	0.0816216788	-0.0645158866	0.0223686765	0.0284607885	0.0020771257248952	0.0128750736845403	4.31445127702141e-06	0.0001657675223823	-0.0505706227122004	-0.0578671927054584	0.0033486119916106	0.0025573878814997	0.1390985554985633	0.0819937879920473	0.0067229812692848	0.0193484081417868	-0.0132727614421744	-0.0016547454339656	2.738182451230003e-06	0.0001761661963008	0.0022140381378732	-0.0001787421974593	4.901964875957027e-06	3.1948773152579454e-08	0.0016672697637044	-0.0001926962346092	3.71318388325639e-08	2.7797884649629254e-06	0.0	0.0	0.0	0.0
1762.8737995954546	-1.6897027737861663	2.855095463740664	3107724.033300115	2432.092493975604	-11.318567629213703	128.1099731770843	5915073.899252474	1931.519064041541	3.704719697705968	3730765.894755911	13.724948038570602	2064.827407611153	1460.0389000135183	0.945779	29.464672	0.122151525793403	0.0567168446825389	-0.016170638	-0.005957948	-0.0814746897	-0.0208570881	0.028129557	0.009794897	0.0555714132	0.0043833948	-0.0411222482	-0.022965294	-0.0605333825	-0.0344525101	0.0822413734	-0.083542566	-0.0143698434	0.0734547824	0.0031659115	-0.0031181787	-0.0016564518	-0.010924115	0.0234779167	0.0189182359	-0.0003310503	0.0256189444	0.0067370379	-0.0066897946	0.0854542269	0.0162983534	0.0309130127	0.0159591858	0.0457299382	0.0433278067	0.0068610162	-0.0040770428	-0.0223728312	0.0509199045	0.0176692277	0.0198052642	-0.0245902524	0.0069124391	-0.0170562006	-0.0563826864	0.0338158629	0.0320176072	0.0700641612	-0.0556131092	0.0138822895	-0.0854411869	-0.0719708682	-0.045216726	-0.0472552067	-0.018561975	-0.0212351713	-0.1253387262	-0.0621347055	0.02558179	0.0246479411	0.0592951987	-0.0410129891	-0.0105245657	0.1020334625	0.0339348299	0.0870900526	-0.0879034679	0.0823946494	-0.0145442813	0.0133850641	-0.0696336383	0.0077207851	0.0226279767	0.0227836961	-0.0054323083	0.0128302155	-0.0393344716	-0.0365716654	-0.0328832868	-0.0502830683	0.0518760722	0.0124837358	-0.0349115431	0.0129846256	0.0522628333	0.0726360462	-0.0161963045	0.0246705454	0.0178476206	-0.007464245	-0.0269061074	0.0471336661	0.0074428976	0.0126458743	-0.0157105478	0.008572802	-0.0125157189	0.046845123	-0.0031186851	-0.0532622731	-0.0235966676	-0.0707614462	-0.0081224927	-0.07335686	0.0569921458	-0.0104994499	0.0537173974	-0.0328795586	0.0043784664	0.0311618031	0.0342383259	-0.0508316289	-0.0409454403	-0.0343108641	0.0211834937	-0.0311191462	0.0689470053	-0.0263336135	0.0062036686	-0.0936402636	0.050574858	0.0074737917	-0.057333086	-0.0160433106	0.035588014	-0.0365946487	-0.0545756566	-0.1264121537	-0.011321263	0.0263155948	0.0294994207	0.0616139858	-0.0107805151	0.0889272134	0.0354717321	-0.0289920157	-0.0030929571	-0.0566946475	-0.0048953095	0.0480002593	0.0120330096	0.0202920791	-0.0027289568	-0.0187371638	-0.0436052843	0.006930526	0.0068803421	-0.0388637844	0.0212442348	-0.0094643303	0.0217959876	0.0138976623	0.0175483213	-0.0663063423	0.0260429185	0.024008292	-0.0650363955	0.0816216788	-0.0675308461	0.0280596966	0.0219572114	-0.0109942059923611	-0.0130713317172563	0.0001208725654024	0.0001708597128625	-0.0202340986518123	0.030336524060388	0.0009203046920665	0.0004094187482512	0.1130617909396747	-0.0260367645588885	0.0006779131086949	0.0127829685704867	-0.0126343011267037	0.0006384603154707	4.076315744309462e-07	0.0001596255649602	0.0020380433162885	-0.0001759948215847	4.153620559068227e-06	3.0974177224630415e-08	0.0019069527357864	0.000239682972082	5.7447927106060866e-08	3.636468736523236e-06	0.0	0.0	0.0	0.0
1766.3224276386193	3.4486280431647174	11.893035380102107	3119894.9183791853	2441.804659525553	9.712165549948622	94.32615966960884	5962409.995280701	1931.423003818162	-0.0960602233790268	3730394.819677972	0.0092275665156285	2063.360230448352	1454.9629021133997	0.8383089999999999	26.116552	0.1203045610981498	0.058251828707674	-0.0545415821	-0.0172202937	-0.1156405534	-0.0159574912	-0.0228704406	0.0357462588	0.0682018863	0.0031906908	-0.0296668262	-0.0659029066	-0.0262927122	0.0017850301	0.0534434525	-0.0722422653	-0.0699027013	0.039932457	-0.0370212978	-0.0030893329	0.0167142504	-0.0284923633	0.0058168077	0.0471998892	0.0067085811	0.0353481544	0.0206944266	0.0184800164	0.0219661562	-0.034276199	-0.0019377944	-0.0089359072	0.0092942818	0.0092736423	0.0334883307	0.037367946	0.0259653961	0.0087466338	0.1049518651	0.0342182924	-0.0155504894	-0.0934871915	0.0468203203	-0.0388973618	-0.0501211885	0.0013492904	0.0374964936	-0.0452689639	0.0439164929	-0.0404352507	0.0474357115	0.0150403761	0.0902001935	0.0469203079	0.0013389495	-0.0855241464	0.0265953049	0.023783779	-0.009049909	0.0467025233	0.0209761073	-0.080811444	-0.0284543319	0.0819761966	-0.0289444821	-0.0116065089	0.0065235691	0.028159239	0.0238830395	-0.1208065448	0.0035085492	0.0250926196	0.1262224736	0.0690672427	0.0250892156	-0.0377156958	-0.0011359667	-0.0224356114	-0.0366899801	0.061379541	-0.0113431294	-0.0522533633	-0.0164773111	0.0081011021	0.0635030715	-0.0051714166	0.0391071233	0.00660177	-0.0167931951	0.0462667363	-0.0007021913	-0.0443059419	0.0115505539	0.0123105613	-0.0318040993	0.0103160771	-0.0101284784	-0.0100959453	-0.0885429699	-0.0270955109	0.0170876655	-0.0556285269	0.0340901182	0.0109783432	-0.028227263	0.0498589311	0.0011631337	-0.0113224413	-0.0264775044	0.0093171456	-0.0105165016	-0.0865585764	0.0459037918	0.0621720182	-0.0971169129	0.0184890824	0.038152229	-0.0239754297	0.0597044982	0.0032518363	-0.1335566224	0.0262428551	-0.0109128819	-0.0567866395	-0.0547712962	0.0005315577	0.0528669179	-0.022269747	0.0388744761	0.0436421233	0.0638332176	-0.0107040861	0.0262000944	0.018432565	-0.0554204764	-0.0472590994	-0.0313806544	-0.0050955969	0.0026291446	-0.0124118762	-0.0100755799	4.0709e-06	-0.0273283838	-0.0119887084	0.0041791807	-0.021570541	-0.0163942091	-0.0104151211	0.0111610856	-0.0118409645	0.0017559617	0.0074273436	-0.0668016447	0.0276578354	0.0215451443	-0.0629121428	0.0813979594	-0.0702792922	0.0336000067	0.0152996203	-0.0018821474127861	0.009112058579575	3.54247888345741e-06	8.302961155760636e-05	-0.0469901843676439	-0.0267560857158315	0.0007158881228329	0.0022080774269051	0.0931054276857565	-0.0199563632539181	0.0003982564343223	0.0086686206645476	-0.0134303989222636	-0.0007960977955599	6.337717000953324e-07	0.0001803756152111	0.0023153533170472	0.0002773100007587	5.360860982761472e-06	7.69008365207903e-08	0.0021231460104443	0.0002161932746579	4.673953200730623e-08	4.507748981665548e-06	0.0	0.0	0.0	0.0
1768.134287123995	1.811859485375635	3.2828347947456606	3126298.857303478	2433.9087826764144	-7.8958768491384035	62.344871216759806	5923911.962389385	1932.29402865444	0.8710248362779112	3733760.2131736055	0.758684265412962	2065.840920125432	1481.5615086428886	0.8405589999999998	26.186665	0.0936095860678124	0.0506666343437937	-0.0406506945	-0.0192783676	-0.0551046827	-0.0398990649	-0.1083540141	0.0389596185	0.0385234774	-0.033899305	0.0137597061	-0.0209841097	-0.0619826518	0.0547292958	-0.0149706379	-0.0578954808	-0.0689337615	0.0710423305	-0.0331934642	-0.0004266381	0.061888812	-0.0425399265	0.0391710321	0.0148128116	-0.01294341	0.0498259275	0.0251306016	-0.0056994924	0.0414231468	-0.0384311271	0.0597419028	-0.049124812	-0.0168320991	0.0069424924	-0.0878002275	-0.0187145982	-0.0393347769	-0.0571676269	0.0836033638	-0.0919560976	0.0479267722	-0.040023345	-0.021568406	-0.0596939752	-0.0891648446	-0.0022918839	0.0667800365	-0.0586324697	0.0680502354	0.0582044692	0.0121470218	-0.0509313024	0.0561424093	-0.0375543801	0.0576695648	0.0093963379	-0.0196770402	0.04119659	-0.0255270701	0.0688735263	0.0452323371	0.0327770019	0.004435119	-0.0744863023	0.0378403988	-0.0291703423	-0.0022244495	-0.1057088569	0.0146220191	-0.0434375285	-0.0180126551	0.0107647692	0.0023861123	-0.0355219554	0.0347872509	-0.0670322935	0.0110889699	-0.0489640367	-0.0265965966	0.0174685297	0.0045806795	-0.0756278978	-0.0159533911	-0.0091703472	0.0291925803	0.088638002	0.0400941754	0.0592321567	-0.048999926	0.0247643039	0.0437615594	-0.0766116634	-0.0031806542	0.020884918	0.0595722289	0.0549679583	-0.040031121	-0.0047218325	-0.1097654078	0.0070861184	-0.0840256003	0.0562924039	0.0106462563	-0.0168904847	-0.0183247727	0.0206670752	-0.0224724005	-0.1085217698	0.0439327805	0.0081255907	0.0316461508	0.0279845337	0.0503329985	-0.0766335562	-0.0211018223	-0.0314285471	0.0629214869	0.0054396666	-0.0691932016	-0.025916923	-0.0300345986	-0.0538886145	0.0509399614	-0.0492784721	0.0073714942	-0.0022100318	0.0028129734	0.0682514667	0.0290395369	0.0413932243	0.0809583064	-0.0284867337	-0.0349714368	0.0054276605	-0.0093440531	-0.0585252394	-0.0331840442	-0.0105892042	-0.0225496745	-0.0892205005	-0.0384143989	-0.0128526727	0.0083012354	-0.0434436176	-0.0388193016	-0.044930966	-0.0498129422	0.0138562152	0.015796618	0.0207584216	0.0415433814	-0.0234567461	-0.0672896215	0.0292606206	0.0190607341	-0.0606775209	0.0809511339	-0.0727503781	0.0389598496	0.0085347133	-0.0061911910296146	-0.0043090436168285	3.833084636518029e-05	1.856785689173044e-05	-0.0524876986568187	-0.0054975142891748	3.022266335968115e-05	0.002754958510289	0.1223486684218357	0.0292432407360792	0.0008551671287482	0.0149691966645962	-0.0141347900267503	-0.0007043911044866	4.96166828079992e-07	0.0001997922891003	0.0024489108152252	0.000133557498178	5.997164180926955e-06	1.7837605319566477e-08	0.0018698988645944	-0.0002532471458499	6.413411688112059e-08	3.4965217638114264e-06	0.0	0.0	0.0	0.0
1767.4184763343644	-0.7158107896304955	0.5123850865514334	3123768.0704880864	2434.3581754896377	0.4493928132233122	0.2019539005767628	5926099.726573237	1930.7940402349825	-1.4999884194573951	3727965.625806927	2.2499652585062946	2063.1377847138647	1472.7294939914636	0.8696939999999999	27.094315	0.0498167966632382	0.0251036895431255	-0.05609681	-0.0446916125	-0.0135891022	0.0362592044	-0.1042136386	0.0430040928	0.0843518857	-0.0645878341	0.021695192	-0.0279035934	-0.0436283789	0.0857390093	-0.0082925471	-0.0445975072	-0.0291293436	-0.0858496255	-0.038470435	0.0021953655	0.0300990409	-0.0424626698	0.0209101057	0.0241022014	-0.0654593055	0.0766935127	0.0586090901	0.0174406921	0.0489250779	0.016468809	-0.0120427314	0.0571317746	-0.0101663028	0.0655167336	0.0007875521	-0.0825980484	-0.0195708376	-0.0225460167	-0.0103597449	-0.0079547375	0.0496219872	0.0035798697	0.0742476637	-0.0816964307	-0.0349014044	-0.100345492	-0.034701041	0.0047648977	0.0075128626	-0.0661802889	0.0158589949	-0.0557512253	0.0048476793	0.0060835606	-0.0466148184	0.028779762	-0.0566655281	0.0595784214	-0.0381532171	-0.0360573241	0.0316401523	-0.0692875478	-0.0054179924	0.0018622256	-0.0018641772	0.0521940673	0.0395101842	0.097996745	-0.1221030092	-0.0433433362	-0.1163811636	-0.0769390917	-0.1041694288	-0.0380952093	0.1015878767	0.0365878628	0.0176447562	-0.0279739612	-0.0832511108	-0.0326753201	0.0874793562	-0.0511577603	-0.0753010239	0.0291260302	0.0251177314	-0.0003553556	-0.0162490123	-0.0056610689	-0.0062277684	0.0121522556	0.0387241213	-0.0049544442	0.0213001671	-0.0572721985	0.0239068113	0.0919896648	-0.0183202972	-0.0499096293	0.0448059214	-0.0381579647	-0.0434071443	-0.0033177035	-0.0060153142	-0.0650488011	0.0106370541	0.0616734563	0.0321291618	-0.050014115	0.0080768182	-0.0090117722	-0.0124653521	0.0946105924	0.0402000667	-0.008431926	0.0238984443	0.0248524397	0.0423573523	0.013420462	0.0288929795	0.0361029713	-0.07408232	0.0004737872	-0.0667626682	0.0426265245	0.0348251673	-0.009594655	0.0592344213	-0.00476111	0.0424316109	0.0712274987	0.0864416548	-0.0252944606	-0.0186891	-0.0060185891	0.0491522376	0.0463660685	-0.0653379649	0.0022656947	0.0272083279	-0.0766648932	-0.0699011218	-0.004673019	0.0547846752	-0.0138240215	0.0574744459	-0.0341077329	0.014099417	-0.0025374149	0.0363728504	0.0500037679	-0.0062199281	0.0434649828	-0.0677702193	0.0308505711	0.0165575133	-0.05833645	0.080282427	-0.0749343514	0.0441104375	0.0017099414	-0.002002179931523	0.0041890110980916	4.008724478193445e-06	1.7547813979934596e-05	-0.0473381358300031	0.0051495628268156	2.651799730732113e-05	0.0022408991038598	0.1456306305999817	0.0232819621781459	0.0005420497628646	0.0212082805689483	-0.0142182194701263	-8.342944337600029e-05	6.960472022029239e-09	0.0002021577649006	0.0022692538055331	-0.0001796570096921	5.1495128339264565e-06	3.227664113150737e-08	0.00195073762273	8.083875813560005e-05	6.534904816906043e-09	3.805377272734292e-06	0.0	0.0	0.0	0.0
1771.62286758577	4.204391251405696	17.67690579489675	3138647.584952827	2435.901461848506	1.5432863588684995	2.381732785469591	5933615.93183569	1935.794588127552	5.000547892569557	3747300.687423919	25.00547922588184	2068.418553816328	1493.6492400633551	0.988498	30.795544	0.1303784659440945	0.077348999954405	-0.0413071973	-0.0196049148	-0.0086877505	0.0219205075	0.047670423	0.0698778715	0.1095487916	-0.0109895963	-0.0546207826	-0.0315925775	-0.0057064626	-0.0610886488	0.0713632666	-0.1019547757	0.0265375666	-0.0977735398	0.0764175253	-0.0122993015	0.0295473641	0.031491859	0.0365501622	0.097832608	-0.0255994404	0.0237249315	-0.0177213788	0.0662926964	0.1012632395	-0.0067730443	-0.0115700326	0.0535587067	0.069320533	-0.0003668975	0.0122687092	-0.0372317088	0.0587407984	-0.0376776829	0.0280114912	-0.0196487384	0.0112982749	-0.0675220796	-0.1034298928	0.0854998848	0.0066460803	0.0229826703	-0.0040197097	-0.0152245759	-0.0414910265	0.030160102	-0.0129783072	-0.0321280754	0.0216351499	0.0619889409	-0.0682074616	-0.0305028807	-0.0719630041	0.0185571119	0.0113780397	-0.0495898087	-0.0575217835	-0.0250559374	0.0144941054	0.0242954132	0.01612776	0.0505584805	-0.0047147729	-0.0372838658	0.0050192991	-0.008926876	-0.0534602623	0.0303464972	0.0073765245	0.0424439856	0.0651196881	-0.0564542987	-0.0666477301	0.021044137	-0.1111857135	0.0095719316	0.0341023432	-0.0258891876	0.0307262572	0.0619138558	0.0469091466	-0.0623625906	0.0346056721	0.0169186946	0.0265910262	-0.031841888	-0.0350414045	0.024926955	-0.0134173883	-0.0132085196	0.0370800241	0.015801488	0.0178601868	0.0034589068	0.0752072147	0.0164476034	-0.0191972268	0.0287640577	-0.0083275245	-0.0571119548	0.0169880237	0.0611088103	-0.0549604207	0.0161216207	-0.0411184463	-0.0187338314	-0.1704736579	-0.044376068	0.0262947198	-0.0295226064	0.0245663566	0.0173695473	-0.0015039801	-0.0321333629	0.0100689375	-0.0649145825	-0.066966248	-0.008930653	0.0364419676	0.043549187	-0.0546083063	0.0575895276	0.0931673798	0.0817252444	0.0470509663	0.0533139096	0.0548829019	-0.0089571363	0.0565914755	0.008870947	-0.0663408314	0.0801927849	-0.0496841233	0.0420266393	0.0968658276	-0.0243221481	-0.0271367602	0.100223944	0.0341587941	-0.0059018522	0.2045389989	0.079774843	0.1061531383	-0.0251708173	0.0107464956	-0.1039725518	-0.0454795768	0.045399787	-0.0682433853	0.0324269895	0.0140379523	-0.0558930371	0.0793936715	-0.0768225931	0.0490241061	-0.0051268245	0.0093922904747074	0.0113944704062304	8.821512036127934e-05	0.0001298339558384	-0.0139476477739037	0.0333904880560994	0.0011149246926245	0.0001945368784248	0.1270498170654619	-0.0185808135345197	0.0003452466316045	0.0161416560163673	-0.012996158805629	0.0012220606644972	1.4934322677115818e-06	0.0001689001437011	0.0023581151929292	8.886138739609998e-05	5.560707263123518e-06	7.896346169959756e-09	0.0019214057956785	-2.9331827051500047e-05	8.603560781791101e-10	3.6918002316669297e-06	0.0	0.0	0.0	0.0
1772.7628982771716	1.1400306914015346	1.299669977337461	3142688.293508077	2446.129825450756	10.228363602249829	104.61942197982908	5983551.122959746	1934.2496542923184	-1.544933835233678	3741321.725129953	2.386820555249842	2070.3648825065275	1479.4168774237676	0.890417	27.739918	0.1800837544836995	0.09145292616406	-0.0603476693	-0.0321938897	-0.0716889941	0.0163858329	0.0613916026	0.1212838795	0.0583840772	-0.0242480792	-0.0002508699	-0.1075191091	-0.0113110279	-0.0490314908	0.0377669785	-0.0418361806	-0.0288827394	0.061685078	-0.0416629574	-0.016392508	0.0620507525	-0.0436449002	0.0559693071	0.039731431	0.0217577724	0.0400631924	-0.0839258339	0.0056106579	0.0374324518	0.0191956008	0.0680169895	-0.0122195233	0.0085413707	-0.0831464593	-0.0650444328	-0.0294110191	-0.072796491	0.0372054607	0.0491470969	0.0798581956	-0.0089736574	0.0220804101	-0.0703431426	0.0139912059	-0.0349940434	0.0301327738	-0.0250493649	0.069988843	-0.0464153472	0.0476175725	-0.0172919558	-0.0443033561	-0.0698419023	-0.0201057803	0.0172155882	0.0402696049	-0.0813219033	0.0375900752	0.0600642582	-0.0550536055	-0.0029676373	-0.0470942249	0.0083620112	-0.0884856173	-0.0230984635	0.0980231513	-0.02837818	0.0383522779	0.022117418	0.0288823862	-0.0040001671	-0.0002044026	0.0385103163	-0.0196216456	0.0259241817	-0.0982457666	0.0318025908	-0.0336980626	-0.0483378422	-0.0034192328	-0.0211958566	-0.0849526623	0.0844201989	0.0820796235	0.0145557476	0.0779259009	0.0243974099	-0.0221688041	0.036050543	-0.0438654748	0.0331862157	-0.0643508734	-0.0386246234	0.0295700057	0.012198741	0.0167479073	-0.0103388337	0.0418085837	0.0010007215	-0.0429321334	0.0370533092	0.0892844351	-0.0528247363	0.0356791199	0.0615056665	0.035489776	0.0299227739	-0.0449868359	-0.0199279494	0.0444644831	0.0121514419	0.0067210796	-0.0373507287	0.0148103897	0.0457360979	0.0523416649	-0.0600757251	-0.000549414	0.0387413553	-0.017862525	-0.0439803593	0.0471702621	-0.0092107194	0.0024926152	0.0163414818	0.034760193	-0.0439077043	0.0434283809	0.0562516274	0.0665438068	0.0696631828	-0.0086645708	-0.0148107326	-0.0142634953	-0.1233911126	0.0095058137	-0.0243677693	0.0261681868	0.0802281631	-0.018427848	0.0083444853	0.0798777207	-0.0221386033	0.0043123599	0.2026330713	0.0661707352	0.1178035974	-0.0396498566	-0.045954006	-0.0459637597	0.0204380781	-0.0980501057	-0.0687090676	0.0339891844	0.0115045374	-0.0533515689	0.0782873035	-0.0784076511	0.0536744641	-0.0119276293	-0.0037708644088496	-0.013163154883557	1.4219418389928643e-05	0.0001732686464885	-0.0481982640015701	-0.0342506162276664	0.0011731047119748	0.002323072652765	0.0863350389420958	-0.0407147781233661	0.0016576931576349	0.0074537389491331	-0.0143678031550322	-0.0013716443494032	1.88140822124973e-06	0.0002064337675017	0.0026361982971419	0.0002780831042126	6.949541461853852e-06	7.733021284857127e-08	0.0017320291443122	-0.0001893766513663	3.586351608271317e-08	2.999924956746852e-06	0.0	0.0	0.0	0.0
1767.1450092636244	-5.617889013547256	31.56067696853496	3122801.4837653358	2444.916154084382	-1.213671366374001	1.4729981855561347	5977615.000502765	1923.8365535469115	-10.413100745406837	3701147.084763258	108.43266713399242	2058.5184032948146	1481.0073791816171	0.8626749999999999	26.87565	0.1137072214704993	0.0547020839852695	-0.0204242336	-0.0207145839	-0.1011221975	-0.0032919233	0.0123181389	0.1004264186	0.0654749015	-0.0757042078	0.0367420471	-0.0608998508	-0.0152279154	0.0579342442	0.0783049026	0.001285164	0.0351264826	-0.0386158116	-0.0179097791	-0.066974347	0.0636292715	-0.0763819183	-0.0208271414	-0.0139987239	0.0295275	0.0935279184	0.0414539637	0.0120754225	0.0205832843	0.0324203405	0.0333915929	-0.0256942023	0.01331423	-0.0614677744	-0.0278291455	-0.0069431639	-0.024446276	-0.0383847438	0.0160800097	0.0590588754	-0.1056887059	-0.101602379	0.0577323687	0.0941674357	0.0396216419	0.0266297349	-0.0696859752	-0.1007840424	-0.009657103	0.0234161215	0.028148747	0.000497393	-0.0142152206	-0.0054455509	0.0518941327	0.0305262918	-0.0306386426	0.0699647002	0.1111773054	0.0129978716	-0.0915040258	-0.0187384919	0.0557751813	0.0420563683	-0.0278246125	-0.0188007345	-0.0102823283	0.0676215734	-0.02955809	0.0922954296	0.1674782252	-0.0082977334	0.0430308388	0.0767456405	0.0858465831	-0.0143010142	0.0708110074	-0.0552705248	-0.0121695656	0.0292399817	-0.0131130713	-0.08234896	0.0072927543	-0.0232336629	0.0652803394	0.0151700945	-0.0058903171	-0.0032650666	0.0611653949	-0.052114396	-0.0355794602	-0.0723226502	-0.0389761024	0.0221457659	-0.0291280713	0.0535032564	0.0006519697	0.0613966661	0.026431893	0.0061187129	0.051416882	0.0421239989	0.0385314253	0.1160951693	-0.0845461057	0.0701162541	0.0208901227	-0.0326929651	-0.086409901	-0.0300358018	-0.0790091582	-0.0548088574	-0.0018864349	-0.020373046	-0.0192486628	0.0069086593	0.0072791879	-0.0188472808	-0.0623055575	0.001869047	-0.0791545296	-0.0499771005	-0.0917132464	0.0879534349	0.0253321696	-0.0281819872	-0.0489988468	-0.0488883816	0.0254183511	0.0503394801	0.0837514733	-0.0326752964	-0.0650166309	-0.0438926429	-0.0113181039	-0.0294142485	-0.0895812625	-0.061647621	0.0524211253	-0.0827491868	0.0208618627	0.0694812656	-0.0029891744	-0.0319176348	0.1653662128	0.1066083539	0.0928991294	-0.0410406548	0.0073770323	-0.0048103319	0.0507258212	-0.0262242976	-0.0691672152	0.0355364705	0.008959769	-0.0507165039	0.0769663555	-0.0796832699	0.058036534	-0.0186447705	0.0007359902002832	0.0045068546091328	5.416815749129049e-07	2.0311738467861564e-05	-0.0707871106872488	-0.0225888466856786	0.000510255994589	0.0050108150394488	0.1274042868421787	0.0410692479000829	0.0016866831230784	0.0162318523057641	-0.014785218616834	-0.0004174154618017	1.7423566775120918e-07	0.0002186026895475	0.0022877541689632	-0.0003484441281786	5.233819137608503e-06	1.2141331046221414e-07	0.0018770149998438	0.0001449858555316	2.102089830423e-08	3.5231853096386205e-06	0.0	0.0	0.0	0.0
1766.7947796374178	-0.3502296262065556	0.1226607910727836	3121563.793354032	2433.783857840079	-11.132296244303234	123.92801967092788	5923303.866682936	1928.605983989235	4.769430442323483	3719521.0414790856	22.74746674416197	2059.94968711116	1475.2834198031803	0.964953	30.062029	0.0660230673835174	0.0311583977544728	-0.0515779453	-0.0172007083	-0.0923510841	-0.0511958384	-0.0465936428	0.0356164539	0.0776152403	-0.0424615361	-0.0383282285	-0.0364386313	-0.0596966313	0.0327390748	0.0704572357	0.0016028004	0.0080629317	-0.043711682	-0.0185682032	-0.0149961572	0.0191923953	-0.1049295202	-0.0055663033	0.0430877482	-0.0009929946	0.0325029792	0.0332849351	-0.0022575441	0.1029963142	0.0173053438	-0.0240916647	-0.0236822664	0.0956000586	-0.0012491755	0.0006738609	0.0577830297	-0.0229950969	-0.0056540429	0.0358531138	-0.0483167329	0.0522269437	-0.0428518483	0.0068106812	-0.0649290106	-0.0197574041	0.0521778236	0.001781243	-0.0271520456	0.039659438	0.0362241637	-0.0126043266	-0.02536409	-0.0416742648	-0.0466880492	-0.0275848524	-0.0560748669	-0.0548637184	-0.0359591525	0.0093549229	0.0521364518	-0.06659719	-0.0043869019	-0.0408402533	-0.0238372954	0.0193802519	0.0702814448	0.0409198436	-0.0909012018	-0.0046757025	-0.1292119875	0.0136538119	0.0499362048	0.0396278662	0.0252207906	0.0801305958	-0.0274371433	0.0338751458	-0.0603213982	-0.069225279	0.0633765091	-0.015905114	-0.04260259	-0.0213144493	0.0058988499	0.1164986228	-0.0655501366	0.0063457284	0.018604262	-0.043045141	-0.0026941189	0.0074671707	-0.0390616407	0.0290825876	0.0621855119	0.0125528197	-0.0467944103	0.0042775834	-0.0251126287	0.0045852142	0.0131120799	-0.0357237518	-0.0123187397	-0.0296260087	0.0988786189	-0.0104607056	0.0450010667	0.016247295	-0.0449844107	0.0029045274	-0.0489474006	0.0145752858	-0.0285781429	-0.0002010415	0.0024008488	-0.049244314	-0.004033932	0.0320305444	-0.0329260687	-0.0721342148	0.0158854245	-0.0078248718	-0.0685932622	0.0383101709	0.0151856128	-0.0102999267	0.0273140979	-0.0195000898	0.0138880838	0.0536584927	0.0651871127	0.0890903826	-0.0196010531	0.072798905	0.0123554917	-0.020807573	0.0207354842	-0.1207454772	-0.026331629	0.0183759634	-0.0284085715	-0.0350544413	-0.0192209997	0.0097375707	-0.013696105	0.0247647684	-0.0193960719	-0.0152244883	-0.0067220175	0.0249574194	0.0173626951	-0.0235720974	0.0712294317	-0.0696177779	0.0370681691	0.0064061583	-0.0479924649	0.0754344479	-0.0806444153	0.0620868871	-0.0252311319	-0.0057444728652313	-0.0064804630655145	3.29989684993787e-05	4.19964015434976e-05	-0.0631954938200181	0.0075916168672306	5.763264665882166e-05	0.0039936704391559	0.1165918971720714	-0.0108123896701072	0.0001169077703782	0.0135936704861828	-0.0143076069648476	0.0004776116519863	2.2811289011317805e-07	0.0002047076170605	0.0024080921150453	0.000120337946082	5.798907634543345e-06	1.4481221267258332e-08	0.0021018373573886	0.0002248223575448	5.054509245200196e-08	4.417720276914294e-06	0.0	0.0	0.0	0.0
1771.08601217697	4.291232539552084	18.414676708510623	3136745.662528922	2431.9260903817635	-1.8577674583152657	3.4512999291751623	5914264.509079529	1927.478271484375	-1.1277125048600285	3715172.487044394	1.2717354936176792	2063.321941325932	1499.5051997741766	0.929852	28.968489	0.158165651467325	0.1198895100852701	-0.0433090174	-0.0118387965	-0.0045763046	-0.0321677072	-0.0671664542	0.0540598565	0.0423916165	-0.011283738	-0.0196575116	-0.0126330149	-0.1232441584	-0.0157858872	-0.0040309559	-0.0283104347	-0.0165518105	0.0136025552	0.0211800816	-0.025926278	0.0340879901	0.0094485515	-0.0166644313	0.0184238189	-0.0036289706	0.0757866197	0.0940813023	0.1025419682	0.0386439613	-0.0365417345	0.0306181716	-0.0517446402	-0.0423275168	0.0217288344	0.0099877622	0.0205243693	0.0168768141	-0.0334012166	0.0189700836	-0.0075295939	-0.0820482835	0.036393935	-0.0220228417	0.0346830927	-0.0594054094	0.0491518349	0.0106445999	-0.0351150797	0.0383695899	-0.0122981221	0.0361315916	-0.0214426201	-0.0032252008	-0.0269891634	0.0653770567	0.0785681454	-0.0498384527	0.0046013974	-0.0623130998	0.042001099	0.0161421505	-0.0412248085	-0.019473801	0.0531020282	-0.0738727645	-0.0232756082	-0.002565467	-0.0024951702	-0.1218280397	-0.0011908216	-0.0279481752	0.0165904164	-0.0216243946	0.0666151423	0.0269299349	-0.0320074904	-0.0150613793	0.0234388391	-0.024473119	0.0546139361	0.0192066202	-0.0856396919	-0.0275432215	-0.0231088512	-0.0145921698	0.0399152943	0.046327333	0.0479501503	-0.0331462651	-0.0806014426	-0.0309734891	-0.0631533899	-0.0666344354	0.0082368044	0.0329852384	-0.0035086583	0.0103592643	0.0461531199	-0.033741794	-0.0673284404	0.0602154223	0.0243959422	0.0118782307	-0.054435938	-0.1164238522	0.0257265103	0.0076549439	-0.0799410181	0.0152449213	0.0542886297	-0.0531289346	-0.0113781037	0.0961730559	-0.061916514	0.0046711327	0.0962281166	0.0387224092	-0.0023793914	0.0756766176	0.0363835264	0.0357882756	-0.0900581972	-0.0667441501	0.0098246613	0.0248453834	-0.0935498022	-0.0225418773	-0.0372083209	0.0267415056	0.0216348543	0.0364255528	-0.0004922564	-0.0234644298	0.00468458	-0.0686402751	-0.0200711514	-0.0358026456	0.0018543017	-0.0122115532	-0.0625639538	-0.0595322797	0.0177708203	0.0059713461	-0.0067640143	0.0100585871	-0.0224761301	-0.0248513647	-0.0119855924	-0.013625458	-0.0434675422	0.0318154302	-0.0240258526	-0.0700607062	0.0385836084	0.0038462256	-0.0451842308	0.0736957799	-0.081287294	0.0658037687	-0.0316405151	0.0062147015084548	0.0119591743736861	3.862251483919037e-05	0.0001430218517002	-0.0640470541214455	-0.0008515603014273	7.251549469671211e-07	0.0041020251416353	0.0086426675432349	-0.1079492296288365	0.0116530361774592	7.469570226288597e-05	-0.0142862853428489	2.1321621998700305e-05	4.546115646554607e-10	0.0002040979488972	0.0017470526576921	-0.0006610394573531	3.05219298874903e-06	4.369731641778128e-07	0.002036084693473	-6.57526639156001e-05	4.3234128119978595e-09	4.14564087899504e-06	0.0	0.0	0.0	0.0
1768.010528577248	-3.07548359972202	9.458599372159114	3125861.22916	2422.22641104239	-9.699679339373688	94.08377928667278	5867180.786351296	1926.1734066691777	-1.304864815197334	3710143.992559545	1.7026721859399725	2061.7722122285345	1506.7977266353844	0.8370929999999999	26.078691	0.1558828541233676	0.0892368784531567	-0.0166991016	-0.0019378823	0.0142480706	-0.0069113029	-0.0091082094	0.055933732	0.000358697	-0.1042082184	0.0108478197	0.0824526209	-0.1149168067	0.0395750531	0.0290437862	0.1274763857	0.0608523991	-0.020324144	-0.0482271367	-0.0643093611	0.069171872	-0.0770392905	0.0009685348	-0.0180809363	0.032774901	0.01751417	0.0153828308	-0.0718554677	-0.0342115344	0.0577373569	0.0054045062	0.0225355831	-0.0177338785	-0.1107227249	0.0376392472	-0.0068660113	0.0244012551	-0.0004849916	-0.0706895458	0.0323111928	0.007022221	0.0107039096	0.0391599094	-0.0553131361	0.0187704565	-0.0111312186	0.0389135314	-0.0378539884	0.0680800344	0.0058797421	0.0789887874	0.0140857181	0.0820234803	-0.0255198377	0.0272501247	0.001598577	-0.0240720537	0.0212507757	-0.0284690007	0.0162308249	-0.007038337	0.0092292656	0.0204664644	-0.0659554243	0.049105969	0.0102155945	-0.0038420939	0.0046271082	0.0104483827	0.0255747798	-0.0219821986	-0.0683375128	0.0486938153	0.0261181803	0.0674118773	0.0076769208	0.0716608201	0.0037362828	0.0105184498	-0.0282487879	-0.0156867413	-0.0282528022	-0.0372929967	-0.0203482433	-0.0368732537	0.018706811	-0.0393555619	-0.1449117919	0.0003665341	-0.0255749908	-0.0370300279	0.0805318786	0.0105994842	-0.0255764514	0.0086242306	-0.017737314	-0.0749293342	0.0044329287	0.0597055844	-0.0487851818	0.0125496257	-0.0360659452	0.0082658877	-0.0300178893	-0.018673119	0.0068609927	0.0864088615	-0.0058539108	0.0596373802	0.0651843576	0.0027226267	0.0366073504	0.0373056295	-0.0066705073	-0.0457594505	-0.0388684531	0.099688716	0.0144684413	-0.0812817501	-0.0193883394	-0.0019654626	-0.0599213225	0.0143551345	-0.0200975438	0.0298244626	5.80722e-05	0.0076132269	0.015278176	0.0097221333	-0.0016490971	-0.0038426484	-0.0110625005	-0.0939508483	-0.039845065	-0.0473563567	-0.003291637	-0.0583469042	-0.0104413799	0.0081694383	0.0096976002	-0.0384082699	-0.0282120079	0.054697803	0.0638294724	0.0021871304	0.0138761086	-0.0292471646	-0.0019881342	-0.032783174	-0.0271113034	-0.0542095995	-0.0263378203	-0.0704959515	0.0400821236	0.0012824971	-0.0422967282	0.0717551168	-0.0816093689	0.0691672152	-0.0378279629	0.0211191176898353	0.0149044161813805	0.0004460171319971	0.0002221416217077	-0.057377852667372	0.0066692014540735	4.447824803501609e-05	0.0032922179767186	-0.0679981571576888	-0.0766408247009236	0.0058738160108377	0.0046237493768417	-0.0136131548813573	0.0006731304614915	4.531046181878936e-07	0.0001853179858238	0.0017766623409554	2.960968326329999e-05	3.156529073769122e-06	8.767333429529474e-10	0.0024867127844579	0.0004506280909848	2.030656763846953e-07	6.183740472386362e-06	0.0	0.0	0.0	0.0
1768.154650454749	0.1441218775009929	0.0207711155744112	3126370.8679247554	2437.173368948477	14.946957906087391	223.4115506463484	5939814.03031167	1931.7940823805648	5.6206757113870935	3731828.376720568	31.59199545257681	2067.162322812126	1502.0755837533327	1.126829	35.105068	0.2422665255630798	0.1486086454489876	0.0764575963	0.0719298465	0.0725762919	0.1332166459	0.0319295023	-0.0136581586	-0.0365762914	-0.0630328396	-0.1125784788	0.0792370996	-0.0293971529	-0.0472567424	0.0085832494	0.0872641893	0.0303046327	-0.1025487629	0.005172514	-0.0505794331	-0.0052120338	0.0072207826	-0.0417614734	0.1012915479	0.0329003402	0.1008289718	-0.0606435868	0.0296849945	-0.0804444498	-0.0697254724	0.010722985	-0.0116589622	0.0193216333	0.004728828	0.0545024675	-0.0767626024	0.0358444523	0.0285303492	-0.0247506868	-0.0571517356	0.0239761008	-0.0735232816	0.0153118823	0.0499894485	0.0392571147	0.0554590614	-0.09865217	-0.0836683372	-0.0724866005	-0.0663288184	0.0011619731	0.0679523566	-0.1356239066	0.0590102231	-0.0287108593	0.0289665004	-0.017142116	0.031069247	-0.015370159	-0.0432487232	0.0210272249	-0.016669233	0.0369964999	-0.0654302671	-0.0184638571	0.0173578792	0.0488810081	-0.0618085914	0.0434595185	-0.0100483606	-0.0204901116	0.0301378339	-0.0337748063	-0.1017676475	-0.0010693765	0.0469994242	0.0547671287	0.110436448	-0.0986922558	-0.0326221539	-0.0037825825	-0.0411836567	0.1155675378	-0.0464973972	-0.0254915819	0.0202114251	0.0742225688	-0.0485520494	0.0834161376	0.0711711684	-0.0879603173	0.0248009807	-0.0582644101	0.015726357	-0.0185235645	-0.0029592866	-0.0411564251	-0.0547739104	0.0619405613	0.1134411315	-0.0087801317	-0.0056543739	0.0562918269	0.0246814763	-0.0558346233	0.0513034519	-0.041620269	-0.037854063	0.0646777319	-0.040941361	-0.0385674576	0.0635441439	-0.0682771106	0.0030023261	-0.0161665711	0.1016802848	-0.075216273	0.0012842995	-0.0041762568	0.0075530795	0.0133199546	0.0515795058	0.0279389243	-0.0451233414	-0.0647154678	-0.0128473209	0.0420579581	0.0738212448	-0.0473786737	-0.0958777687	-0.0607267266	0.0395105149	-0.0254873532	-0.0543409074	0.0548084424	0.0770711669	-0.0362998211	0.074997672	0.0275383868	0.0623924746	0.0323901903	0.0491990004	0.0601700114	-0.0173224557	-0.019987884	-0.0407329393	-0.0182367691	0.0842638816	0.0067092492	-0.1212479944	-0.0198296871	0.110348121	-0.0709234662	0.0415630576	-0.0012824971	-0.0393350228	0.0696177779	-0.0816093689	0.0721591615	-0.0437500746	-0.0173968563456128	-0.0385159740354481	0.0003026506107098	0.0014834802558993	-0.0355102148857042	0.0218676377816677	0.0004781935821502	0.0012609753612288	-0.2007140318916427	-0.1327158747339539	0.0176135034063985	0.0402861225981993	-0.0131145231861511	0.0004986316952062	2.4863356746420973e-07	0.0001719907184	0.0013169208108274	-0.0004597415301279	1.7342804219902968e-06	2.113622745244347e-07	0.0024617452295519	-2.4967554905999927e-05	6.23378797984121e-10	6.060189575221537e-06	0.0	0.0	0.0	0.0
1766.640411345874	-1.51423910887479	2.292920078845918	3121018.34300032	2448.463805022064	11.290436073586989	127.47394673175438	5994975.004503124	1933.9681286374296	2.1740462568648127	3740232.7225853615	4.726477126987903	2070.388727757493	1517.4242658150931	0.996744	31.052433	0.1237852985171718	0.0613021650295578	0.00559086	0.0560871871	0.0331201216	0.0033717007	0.0679713981	0.0048067453	-0.0077292587	0.0595200086	-0.0368749038	-0.0332188622	0.0317721505	-0.0868504352	0.0354640063	0.0424653631	-0.032388105	-0.0172706554	-0.0309584018	-0.024482314	0.0184951672	0.0325031604	0.0525372685	0.0068967725	-0.0021770209	-0.0042731807	-0.0807144122	0.002303362	-0.0152910215	-0.0310943273	-0.0419507811	-0.0393955752	0.0046591469	-0.0227910371	0.0349718121	0.0200218886	-0.0155089226	0.096910417	0.0123078083	0.0012056645	0.0311759965	0.0607435505	-0.0240963299	-0.0046254512	-0.0117951285	-0.0206916483	-0.0593524652	-0.0035443404	-0.0661899382	-0.0009181765	-0.0867488503	0.0440027707	0.0439417617	-0.055077806	0.0374199315	0.03757042	0.0195023962	0.0717407665	0.0231835233	0.041532992	-0.0474347366	-0.0410848722	0.0584666629	-0.0127239576	-0.0434202279	-0.1195219072	-0.0538159169	-0.0861693497	0.0420269926	0.1394241202	0.0166161397	-0.0032063938	0.0227464763	-0.0353627324	-0.0280765736	-0.0484659564	-0.0139200425	0.0026468085	0.0006216848	-0.0081671941	-0.0222917916	-0.0187136568	0.1161738672	0.0400034135	-0.0694127829	0.0358077353	-0.0003513502	-0.0152324806	0.0394424384	-0.0080408355	-0.0748298166	0.0027987337	0.0778045112	0.0487271739	0.01472013	0.0006660891	0.0524651964	-0.0399142318	-0.03317628	0.0179736651	0.0295495765	-0.0340006333	-0.0228279385	-0.007449316	0.0399906545	0.0078818553	0.015464271	-0.0268697058	0.0003703646	-0.0381106627	0.0642495273	-0.0217209573	-0.0542291454	-0.0371111614	0.0162423711	0.0109893598	-0.0318927485	0.0049958285	0.0073184379	-0.011685884	0.0275731083	0.0834417954	-0.0089276267	0.0006173959	0.0399154634	0.0103024443	-0.0469819008	-0.016743982	0.0208176823	-0.0618313543	-0.0351226136	0.0338844877	0.0369422124	-0.022123629	-0.0659144484	0.0082961342	-0.0136833917	0.0492770969	0.0030360922	0.0631564401	0.0396961337	0.1032519908	-0.0092398099	-0.0301572583	-0.047641178	-0.0342650215	-0.05004012	0.0741660798	0.0319329392	-0.0980228031	-0.0484870952	-0.0372184301	-0.0713432033	0.0430257605	-0.0038462256	-0.0363043104	0.0672896215	-0.081287294	0.0747635377	-0.049365311	0.0079040342577627	0.0253008906033755	6.247375754788637e-05	0.0006401350653239	-0.0369341615894143	-0.00142394670371	2.0276242150068577e-06	0.0013641322923129	-0.1579021892856715	0.0428118426059711	0.0018328538673184	0.024933101381208	-0.0135582576633508	-0.0004437344771997	1.9690028625569206e-07	0.0001838263508658	0.001207263487184	-0.0001096573236434	1.4574851274876722e-06	1.2024728628633381e-08	0.0029933258007911	0.0005315805712391	2.82577903718994e-07	8.95999934968168e-06	0.0	0.0	0.0	0.0
1768.5605617790088	1.9201504331347223	3.6869776858674617	3127806.4606800834	2443.06189388699	-5.401911135073988	29.180643911236334	5968551.417362687	1932.376652790265	-1.5914758471644743	3734079.528248909	2.532795372107882	2067.597035699351	1509.7572578033514	0.956241	29.790613	0.0949370249102583	0.058520710837873	0.0035560768	0.0253422847	0.020270499	-0.0126337063	0.0058509755	0.0398827046	-0.063930039	-0.0314400156	0.0301247774	0.0144390786	-0.0458928944	-0.0149574279	-0.0472567893	0.0527116967	-0.0149309746	0.0445124775	0.051733514	-0.0546138222	0.0534550267	0.0414809683	0.0260627408	0.0206962409	0.0226221379	-0.1086022874	-0.0347409361	-0.0295772254	-0.0695578054	-0.045847795	0.0018317025	-0.0152748901	0.036081476	-0.039401927	0.0405186185	-0.0156023487	-0.0028238279	-0.0061145153	0.0049384195	0.0216122171	0.0127481735	0.0436827111	-0.009952256	-0.0723306616	0.0060186911	0.0182611883	0.0667353535	-0.0184911746	0.03012052	0.0449610958	-0.0100334778	0.0531943246	0.0007020547	-0.0130697721	0.031368019	-0.0014172326	0.0331646664	0.0567921659	-0.1009657643	0.0429494074	-0.0120159856	0.0169100253	0.0468146159	0.0561694791	-0.009722411	-0.0222192819	0.1288895451	-0.0340077268	0.0014584607	0.0499410362	-0.115825433	-0.0948348935	0.0256689317	0.0195639965	-0.0189423099	-0.0237339874	0.0204714356	0.0686922399	0.0559689597	-0.0407189541	-0.0303451992	0.0689932194	-0.0394374974	0.0498125024	-0.0765881175	0.0504133943	0.0183360386	-0.1002533236	-0.0363587822	0.0327143152	0.0090337083	0.0196654627	0.0589517387	0.0009279065	-0.0929495195	-0.0586086738	-0.0002702135	0.0360461683	0.0322555763	-0.0590600879	-0.0437513287	0.004914589	-0.0426937555	0.0368496805	0.0140361262	0.0061960053	-0.010861605	-0.0449174336	0.0897648106	0.045533394	0.0731373433	0.0397490305	-0.0150155448	-0.0666794949	0.0112420949	-0.0277177469	0.0054422737	-0.0075416509	0.0084135655	-0.0379236544	0.060141507	-0.0359060502	0.0411347788	0.0092497439	-0.000102729	-0.0078409222	0.046619735	-0.0328119901	-0.0080425539	-0.0317400639	-0.0449671757	0.0282612502	-0.0548453599	-0.0440604649	-0.0751250798	-0.0210695616	0.0100141853	0.0167278399	-0.0248985629	0.0222379189	0.0004429678	0.0278302458	0.0396558894	0.0691140742	-0.0391833247	-0.0136083099	-0.0142878969	-0.0497895814	-0.0099151	-0.0124767066	-0.0160838434	-0.0665050672	-0.0717551168	0.044469591	-0.0064061583	-0.0332099078	0.064777029	-0.0806444153	0.0769663555	-0.0546342852	0.0100240356069463	0.0021200013491835	0.0001004812898493	4.494405720540278e-06	-0.061738110142457	-0.0248039485530427	0.0006152358638219	0.0038115942439621	-0.1554981317633945	0.002404057522277	5.779492570416697e-06	0.0241796689819059	-0.0144494031782852	-0.0008911455149344	7.941403287876971e-07	0.0002087852522086	0.0015986781811589	0.0003914146939749	2.5557719269135286e-06	1.532054626594646e-07	0.0029637056599853	-2.9620140805799916e-05	8.773527413554131e-10	8.783551239028902e-06	0.0	0.0	0.0	0.0
1762.5479699524444	-6.012591826564403	36.15126047286907	3106575.3463834827	2451.420509620949	8.358615733958686	69.8664569879817	6009462.514990233	1926.769124981775	-5.607527808490204	3712439.2609830345	31.444368122990948	2063.5020708394527	1537.2665283563915	1.009892	31.462036	0.0764571685391806	0.0374701993465144	0.0463425401	0.0320999738	0.1156198008	-0.0217529115	-0.0366212167	-0.026761874	-0.0819999849	-0.0230651081	0.0677065659	0.0309938575	-0.0130981556	-0.0195434069	-0.0130127069	0.0496243341	-0.0508625187	-0.0971357978	0.0185802167	0.0679695905	0.0154500318	0.0029896447	-0.0439298388	-0.0161262652	-0.0069695065	0.0103378815	-0.0199007488	0.030158053	-0.0752130116	0.0239143103	0.0066175061	-0.105561891	-0.0366757015	0.0395834288	-0.0501585334	0.0325971649	0.104829379	0.0252809404	0.0269024603	-0.073817109	0.0153519714	0.0511373765	-0.0109352133	0.0077026788	-0.0033407596	0.0291663369	-0.0728339131	0.0848534594	-0.0385918742	0.0310363408	-0.0314463586	0.0376866983	-0.0629575679	-0.0060151351	-0.0810958512	0.0416893423	0.0251743837	-0.0399901569	-0.0330367554	-0.0513538535	-0.0565045263	0.1169283294	0.0606368855	0.0576492358	0.0684782689	0.0617821629	0.039523513	0.014744438	-0.0142035384	0.0034194469	0.042964751	-0.0030152746	-0.0766155999	0.1097179398	-0.0051405087	0.0331409451	0.0728034897	0.0141254916	0.051257958	-0.0401901421	0.0044392789	0.0373167651	0.0175120966	-0.0807260512	-0.0359341073	0.0072608676	0.0293994551	0.0643799717	0.0062616153	-0.0341994711	-0.0569723162	-0.0651955327	0.0130889134	0.0770796428	0.1189345533	-0.0768938908	0.0353310574	-0.0012747355	0.0522415663	-0.0021782003	0.0610426167	0.0506816453	0.0962307179	-0.0253094607	0.0221935634	-0.0303685675	0.0078200889	0.0060202446	-0.0657195878	-0.1009825137	-0.0313369966	0.0764669674	0.0214389422	-0.0542605568	0.0277936582	-0.0184786246	-0.070895028	0.0436970419	0.0053714093	0.0473138453	0.0182785117	0.0108338132	0.0008303706	0.0522831405	-0.008154762	-0.0233111496	-0.0255754575	0.0503647903	-0.02578192	-0.0426499145	-0.0423015252	0.0164840121	-0.0494715506	-0.0380450181	0.0740147257	0.0448027136	-0.0260623936	-0.0174293521	-0.0409534402	-0.0086942551	-0.0240946367	-0.0183265704	0.1004455764	-0.0034885138	-0.045390675	0.0447418167	0.0288022271	0.0870364087	-0.0107715653	0.0223606674	-0.0484868307	-0.0117993191	-0.0721591615	0.0458939156	-0.008959769	-0.0300572439	0.0620868871	-0.0796832699	0.0787557834	-0.0595200392	0.0126995876655371	0.0026755520585908	0.0001612795268746	7.158578818229468e-06	-0.0616374070644809	0.0001007030779761	1.0141109913861552e-08	0.0037991699496325	-0.1390407816577408	0.0164573501056536	0.0002708443725	0.0193323389639955	-0.01402850283571	0.0004209003425752	1.771570983799215e-07	0.0001967988918115	0.0011079019785451	-0.0004907762026137	1.2274467940641475e-06	2.408612810520216e-07	0.0027309109392351	-0.0002327947207502	5.4193382009163656e-08	7.457874558033935e-06	0.0	0.0	0.0	0.0
1756.5875299260506	-5.960440026393826	35.52684530823763	3085599.750291704	2440.676601833768	-10.743907787180888	115.43155453944613	5956902.27473883	1924.9277852534503	-1.841339728324556	3705346.9784407536	3.390531995106349	2068.564704808699	1514.9139618831398	0.873681	27.21855	0.0516265394730822	0.0236836064620345	0.00853193	0.0303204133	0.0798936322	-0.0729029811	0.017301338	-0.0703931511	-0.0989331683	0.029797517	0.0236222888	0.0513094654	-0.0850176307	-0.0489849026	0.0750277131	0.0270294671	-0.0126941592	0.0015856437	0.08750767	0.0220059301	-0.0127064981	0.0245615889	-0.035243692	-0.0436433208	0.0168365704	-0.0557416193	-0.0296213734	0.0180082093	0.0146058977	-0.0014169941	-0.0211157618	0.0445714432	0.0888835092	-0.0333125957	0.0753445242	-0.0357309209	0.024205222	0.0338893503	-0.0120228578	0.0316598956	0.0138151525	-0.0231662918	-0.0615823546	0.0251523071	0.0032384965	0.071799632	0.0069866974	0.0324120053	-0.0431985643	0.015814847	0.0312482426	-0.0038748976	-0.0347684266	-0.0431055019	-0.0187788845	-0.0414373383	-0.0348625721	-0.0762977402	0.0279344957	-0.0159267084	-0.015876559	0.0259379589	-0.0754592973	-0.0166348248	0.0091882625	-0.0080886552	0.0290279654	-0.0357488192	-0.1003910822	0.0441210742	0.0196822174	-0.0136364191	0.0321454566	0.0490485501	-0.0815306971	-0.0342853821	0.0170102509	0.0385248493	0.0478525193	0.0066762381	0.0340201121	0.0102107404	-0.0242532003	0.0817917074	-0.0393326429	-0.0763111876	0.0464518839	0.0006684582	0.0002547918	-0.017585199	-0.0576703167	0.0857960731	-0.0116384174	0.0221208046	-0.042210972	-0.1323871172	0.0142324103	0.0275460381	0.0516968129	0.0198458467	-0.0368716859	0.007939083	-0.0286776878	-0.010079856	0.0372571345	0.0391267791	-0.0021448393	0.0604541781	-0.0113814913	0.0239730208	-0.003568648	0.0374912232	0.0015770325	0.0015203068	-0.0600383709	-0.0297607982	-0.052282286	0.0655700463	0.0306696263	0.0288950359	0.0932442109	-0.0677716042	0.0137257488	-0.0129607148	0.0381857315	0.0162284718	-0.097804737	-0.027403616	-0.0080807889	-0.0309846795	-0.0499876704	0.0346009286	0.0599155654	-0.0081267928	-0.0152296687	-0.0142388773	0.0275090063	0.0090144842	-0.0479153529	0.0249298447	-0.0394898615	-0.0002689353	0.0599047048	0.0368127706	-0.0354375194	0.0220119561	0.0292236541	0.0594098401	-0.0354539999	0.0013626811	-0.0480454171	-0.0758622682	-0.0725552932	0.0472981097	-0.0115045374	-0.0268518493	0.0592265694	-0.0784076511	0.0801222105	-0.0639883028	-0.005763386648752	-0.0184629743142891	3.321662566301281e-05	0.00034088142053	-0.0535962660633515	0.0080411410011293	6.465994860004428e-05	0.0028725597359335	-0.1468707304309546	-0.0078299487732138	6.130809779115232e-05	0.0215710114573221	-0.0139422560458049	8.624678990509956e-05	7.438508768934383e-09	0.0001943865036467	0.0012396330855841	0.000131731107039	1.5366901868747568e-06	1.7353084561720477e-08	0.00285878254998	0.0001278716107449	1.6351148834495297e-08	8.172637668070152e-06	0.0	0.0	0.0	0.0
1757.884393878744	1.296863952693457	1.6818561117956965	3090157.5422424395	2428.9165570294417	-11.7600448043263	138.29865379976198	5899635.641011757	1925.335075793704	0.407290540253598	3706915.154081548	0.1658855841800677	2060.1420554749543	1500.8022467140602	0.871127	27.138985	0.1795778408380972	0.1215204627726429	-0.0153895596	-0.0134720087	0.0637716701	0.021700154	0.007574741	-0.0357482453	-0.0349736033	0.011047781	0.0079708558	0.1354666792	0.0380514053	-0.0244338959	-0.013936329	0.0445616555	-0.0111815843	-0.012045259	0.0794906992	-0.0463625432	0.0055745074	0.0310708404	0.0014158849	-0.0916307206	-0.0238063965	-0.0223404033	0.0064704121	0.0303513513	-0.0399369573	0.001448886	0.0252093205	-0.0304398492	-0.0251600255	0.0537891391	-0.0326834283	-0.0847647434	-0.0012618777	0.0759285154	-0.0055539582	0.0585341456	0.0121090808	0.0659881164	-0.0242937476	-0.0369358997	0.0374909403	-0.0066894532	0.0936228565	0.0304748464	0.0584462023	-0.0093439403	0.0171539657	0.0097751442	0.0518744984	0.0275220024	0.0142036501	-0.0425721151	-0.0216130104	-0.048287398	0.0312060498	-0.0438849782	-0.0564447976	0.038455182	0.0320175022	0.0518701791	0.0234816787	-0.0137568844	-0.0083658843	-0.0322107993	-0.007523965	0.0357955944	-0.0425355207	-0.0228848693	0.0197653139	-0.0074815365	-0.0124908887	0.0636832795	-0.0380498301	0.0057797954	0.0714029008	-0.0145560166	0.0273075962	0.0324650174	-0.033827104	0.0289860316	-0.0577136982	0.0110784688	0.0470271338	0.0484583583	0.0959490505	0.0502351244	0.0071768845	0.0228034348	0.0139269355	-0.0062770393	0.0102510464	-0.0378446002	0.0382012493	0.089496426	-0.0223642041	-0.0074547887	-0.0736154877	-0.0403071559	-0.0075878776	-0.0247591377	0.0435548682	-0.0717020748	0.0186343779	-0.0013163529	-0.0022552266	0.0814158338	0.0101093883	0.0309754701	-0.0648348281	-0.0256603482	-0.0395932283	-0.0080306761	0.0084705645	-0.014234622	0.002280028	0.0271310423	0.0353404763	0.0021463256	0.0559179497	-0.0266750405	0.039510613	0.0578489675	-0.0698611679	0.1000107882	0.0062051834	0.0030643166	-0.0295004041	0.0302811635	-0.031278742	-0.0467904739	0.017679671	-0.0367387423	0.1160196725	0.0399390122	-0.0169703992	0.0332858618	-0.0297573946	0.0464982772	-0.0067050313	0.0230552432	0.0096450638	-0.0637590485	0.0413783994	0.0063501547	-0.0376309597	0.0203584875	-0.0209804571	-0.0893224653	-0.0729434684	0.0486815572	-0.0140379523	-0.0235993474	0.0562039158	-0.0768225931	0.0810582975	-0.0680077345	-0.0043965368049327	0.0013668498438192	1.9329535877127832e-05	1.8682784955488443e-06	-0.0871026514502943	-0.0335063853869428	0.0011226778616983	0.0075868718896714	-0.1307545684706994	0.0161161619602552	0.0002597306763291	0.0170967571759588	-0.0161067332514729	-0.0021644772056679	4.684961573856352e-06	0.0002594268560341	0.0009927512140859	-0.0002468818714982	9.855549730690287e-07	6.095065847445374e-08	0.0030191923457554	0.0001604097957753	2.573130258070548e-08	9.115522420667996e-06	0.0	0.0	0.0	0.0
1762.34875510898	4.464361230235909	19.93052119403348	3105873.134634172	2428.672738534433	-0.2438184950087816	0.0594474585083472	5898451.270900342	1929.8118883195227	4.4768125258187865	3724173.924299362	20.041850391327984	2055.866204616191	1463.7456009514565	0.921969	28.722908	0.0985508583664686	0.0478010398868339	0.0142753823	-0.0129090018	-0.0127635569	0.1011652514	0.0141893591	-0.009873095	0.0509954756	0.0033607472	-0.054127522	0.0761960765	0.1263326586	0.0301848159	-0.0397981404	0.050471211	0.0126089326	0.0245674212	0.0179781191	0.0333799867	-0.0011813193	0.0538916184	-0.0008050443	0.019694574	-0.0417942121	-0.0436396213	-0.0084959893	0.0289472103	-0.0977353636	0.0687372616	-0.0308129902	0.0014084142	-0.0160607703	0.077634452	-0.0188576632	-0.0003198494	-0.0050086584	-0.0375456308	-0.0305493761	0.0750363748	0.0428515778	-0.0120735795	0.0206209809	-0.0390857333	0.0494993368	0.0081161972	-0.0064440858	-0.0366355848	0.0658175217	-0.0702529906	-0.093139097	0.0630141519	-0.0059218694	0.0616112345	-0.0032669686	-0.0233235559	-0.0152418867	0.0765669596	-0.0045500493	-0.0492158343	0.0600705053	0.0610572633	-0.0496497616	-0.0340415201	0.0379786314	0.0309064026	-0.032275009	-0.0471982658	-0.0493745332	0.0049915012	0.1219593793	0.0549672221	0.1023083008	0.0178333458	0.0524416807	0.0920651578	-0.040230931	0.0183448566	0.0369508428	0.0065350356	-0.0080791989	0.0970308363	0.0177563966	-0.0286186145	0.038437783	-0.0242014076	0.0637570732	-0.0015068071	0.0515699739	0.0085870819	0.0849835899	0.0023688997	0.0338214849	0.0175480254	-0.027743941	-0.0296556695	-0.0217170527	0.0291941878	-0.0253513984	-0.036883375	0.0106236402	-0.0901795426	-0.0497062807	0.0393311632	-0.0076686122	-0.0544265183	0.0075992096	-0.0249699228	0.0634372971	-0.071512276	0.0293690912	-0.0177580219	-0.0598255644	0.0270845752	-0.0305642824	0.0281511775	0.0092118827	-0.0677112232	-0.044466803	-0.0163136442	0.0355089757	-0.0211172044	-0.0174444879	-0.0114776278	0.0044379578	-0.0262353567	0.0789702524	0.1388425842	-0.0173644771	0.0023950941	-0.0212769964	0.0185826192	-0.0294078713	-0.0602275756	0.0980682267	0.0535572326	0.0098217094	-0.0212617837	0.0033644865	0.0253156634	0.0516334082	0.0249089914	0.0006208517	0.0405772448	0.0139345371	-0.0206103534	0.0318439353	-0.023692793	0.0221839245	0.0109169849	0.0329363146	0.0438409334	-0.0733236445	0.0500436514	-0.0165575133	-0.0203054443	0.0530272111	-0.0749343514	0.0815590168	-0.0715501408	-0.0026105372486568	0.0017859995562758	6.814904726624615e-06	3.189794415017711e-06	-0.0668093300428012	0.0202933214074931	0.0004118188937478	0.0044634865807679	-0.1168214333351898	0.0139331351355096	0.0001941322547043	0.0136472472864881	-0.016724934037677	-0.0006182007862041	3.821722120633688e-07	0.0002797234185646	0.0014721409303386	0.0004793897162526	2.1671989187781987e-06	2.298145000488442e-07	0.0028660148028684	-0.000153177542887	2.3463359644898763e-08	8.214040850260792e-06	0.0	0.0	0.0	0.0
1765.665228304472	3.316473195492108	10.998994456417634	3117573.698443484	2436.1409623887803	7.468223854347343	55.774367538642686	5934782.788628533	1934.6965802846764	4.884691965153706	3743050.8577652215	23.86021559443718	2068.3607409338624	1508.4029496285768	0.875634	27.279394	0.0580253277933495	0.044410618370576	0.002624049	0.0028652776	0.0677872167	0.0237901166	0.0651933723	-0.0131472706	-0.0126361641	0.0259293194	-0.1247045403	0.0343494575	0.0431687241	0.0049852042	0.0330636182	0.0116810218	-0.0453957857	0.1257453642	0.0680590401	0.0293190845	-0.0414174251	0.0488626998	0.0493599612	0.0495593344	-0.0278257834	-0.0734451012	-0.067045578	-0.0306286696	-0.0346473328	0.0142939224	0.0530559926	0.0361491056	-0.0275920202	0.0436412898	0.0350230148	-0.0055039247	0.0386250557	0.0268461951	-0.008279569	0.0313386017	-0.0555644458	-0.0010525776	0.0587347826	0.0867537116	0.0201992217	-0.0586475521	-0.0394737577	-0.0200011553	-0.0474851038	0.037778859	-0.0429774918	0.0332872741	0.0650850563	-0.00685233	-0.0867064061	0.0433283307	0.0075130138	-0.1233092543	0.043652401	0.0722350788	0.0829624599	-0.0533610398	-0.0341741593	0.014011169	-0.1089156739	-0.0179811614	0.0140983255	0.0288385372	0.0437405191	0.0298388886	0.1134501731	0.0948338472	0.0064233903	0.0221108646	-0.0382998024	-0.0032018673	-0.0599591424	0.0325646104	-0.0256663077	-0.0348067497	-0.0068780884	0.0877640388	0.0626376394	0.0825348038	-0.0222262075	0.005963016	0.0363868352	0.0291316362	0.0373714329	-0.0063488331	0.0512683953	0.060143661	-0.0258557539	0.0433624568	-0.0198418871	0.0103708925	-0.0345777191	-0.0823030464	-0.0436119138	0.068230949	0.0431179248	0.0156258179	0.066453847	-0.083499115	0.0102633055	-0.0523021504	-0.018659444	0.0227404727	-0.0283274216	-0.0409537938	0.0519611429	-0.0096647109	-0.0239422535	0.1104752512	0.0061067488	0.0388888928	-0.0402360178	-0.0015726616	-0.0205891698	0.0074634908	-0.0307553742	0.0536217723	0.0191086241	-0.0547339801	-0.033625077	0.0119512792	0.0343210886	0.0055653366	0.0088116287	0.0078671896	-0.0322940464	0.0429838848	0.0369465333	-0.0107950748	-0.014260407	0.0458729749	0.0697540005	0.0627300197	-0.0038350267	0.0572725089	0.0219393954	0.0219759891	0.0007433681	0.0028976319	-0.0014765715	-0.0163233003	0.0523843417	-0.001524404	1.80676e-05	0.0237516048	0.0086243064	-0.0029320258	-0.0736957799	0.0513837948	-0.0190607341	-0.0169759185	0.0497051625	-0.0727503781	0.0816216788	-0.0745906743	-0.001475431577333	0.0011351056713238	2.176898339391344e-06	1.2884648850714549e-06	-0.0715845723881614	-0.0047752423453602	2.2802939456921296e-05	0.0051243510039959	-0.1615271535417903	-0.0447057202066005	0.0019986014191908	0.0260910213313131	-0.0166720595891253	5.287444855170062e-05	2.795707309646436e-09	0.0002779575709433	0.0015657117155931	9.357078525449996e-05	2.4514531763454884e-06	8.755491853143745e-09	0.0028677547604635	1.7399575951001708e-06	3.02745243274677e-12	8.224017366161067e-06	0.0	0.0	0.0	0.0
1761.8441581063537	-3.8210701981183774	14.600577458948417	3104094.8374534864	2447.756384390372	11.615422001591924	134.91802827506572	5991511.317323827	1929.0533923776488	-5.643187907027595	3721246.990643715	31.84556975402249	2065.8409429140147	1509.4168205176834	0.835898	26.041456	0.1615354218671203	0.0855222854811422	-0.0250395293	-0.0152614041	0.0556653579	0.0030863036	-0.0122949526	-0.0065279012	-0.026055701	-0.024646953	0.0402951204	-0.0406488235	0.0527380031	0.0231297556	-0.0173681913	0.0282996814	-0.0122992686	0.0566350166	-0.0490304994	0.0090444933	-0.0090327096	0.0478786637	0.0152442161	-0.0247666414	-0.0111517747	-0.0352275691	-0.0173260569	-0.0247898395	0.0112929812	-0.0600943959	-0.0422642009	0.0796638754	-0.013689547	-0.0684793584	-0.0139119261	-0.0610501765	0.0077745579	-0.0740916055	0.0250222785	-0.0148461203	-0.0003514515	-0.0502232942	0.0598530705	-0.0698960089	0.0078317749	-0.0309395154	-0.0418118536	0.0220395253	-0.0805993166	-0.1058719133	-0.0302551868	-0.0196239034	0.0498977346	0.0361059756	-0.0128868731	0.0365385979	0.0089532513	0.0559408292	-0.0202497121	-0.0150036082	-0.0461026568	0.0249952426	-0.0674458972	0.0532030834	-0.0087145961	-0.1159577323	-0.0992503699	0.0018154496	0.0210456918	0.0197698143	0.0150638189	0.0395606807	0.0150510299	0.0294925784	-0.0095251088	0.0117782431	-0.0043635288	0.0248513405	0.0449921016	-0.0759045448	0.0567359744	0.0442083084	-0.0258021593	0.0315983077	-0.0294553017	-4.49721e-05	-0.0262444007	-0.0825469752	-0.0435164756	0.0262578002	-0.013362874	0.0745442817	0.0460201639	-0.1145038044	0.0199469956	0.0609714307	0.076922823	0.0123565933	-0.0758229998	0.0036416571	0.006891642	-0.0199841498	0.0205334979	0.0154653779	-0.0268714794	0.0457125364	-0.0064259488	0.0561689332	0.0237506689	-0.0296319042	0.0130950769	0.0049164867	-0.0063420893	0.0456144242	0.0400821033	-0.0797099452	-0.028921808	-0.0058171225	-0.0469754695	-0.0414476302	-0.066461353	-0.0585024949	-0.0115296642	0.0347804872	-0.0607005654	0.0281126984	0.0171262151	-0.0954245735	0.0123586525	0.013842988	-0.0105289596	0.0312237395	-0.0228814468	-0.0355038224	-0.0111555225	-0.0221453831	0.0717000732	0.0343397863	-0.0107974948	0.0057856713	-0.0711713205	0.0590015127	0.0072194217	0.0196650146	-0.0212765799	0.0372267117	0.0109643265	0.008438989	-0.0255572388	0.01682592	0.0292859701	-0.1188576668	-0.0740598336	0.0527013995	-0.0215451443	-0.0136166111	0.0462468756	-0.0702792922	0.0812459471	-0.0771080077	0.0086675767878858	0.0101430083652188	7.512688737389672e-05	0.0001028806186968	-0.0745486284107386	-0.0029640560225771	8.785628104976152e-06	0.0055574979979223	-0.088473775547051	0.0730533779947393	0.0053367960364422	0.0078276089595499	-0.0161101395385157	0.0005619200506096	3.1575414327709576e-07	0.0002595365959504	0.0006360734625718	-0.0009296382530213	4.045894497880791e-07	8.642272814804946e-07	0.0028518134744027	-1.5941286060799833e-05	2.5412460127225105e-10	8.132840092784801e-06	0.0	0.0	0.0	0.0
1763.8750945978904	2.0309364915367496	4.124703032655602	3111255.349342717	2436.6211183336045	-11.135266056767705	123.99415015500298	5937122.474309306	1931.6703326995043	2.616940321855509	3731350.274231414	6.848376648153215	2065.2163321791368	1505.1500782502435	0.783215	24.400177	0.1135678067434302	0.059672422891125	-0.0290386204	-0.0247720848	0.0329031295	-0.0035719731	-0.0414876816	0.0048770614	0.0169168791	-0.0301846577	0.0795495465	0.008763539	0.0241953604	0.0520824286	-0.0520669766	-0.0081958147	-0.0459002764	-0.0025264452	-0.0405233414	0.0180077991	0.0255434325	0.0338219387	0.0738161065	-0.0291924355	-0.0426187189	0.0254398779	-0.0214285038	-0.0781928693	-0.0437978126	-0.0288894524	-0.1076436291	0.0049230443	-0.0128059911	-0.0512258689	-0.0354328899	-0.0202630688	0.0143481753	-0.012353013	-0.011322825	-0.0495764118	0.1085627418	0.0451093786	0.0561440264	0.0533739878	0.0568593204	-0.0138789786	-0.0190869147	0.0240447177	-0.0541682852	-0.0469235761	0.0651418413	-0.0383088973	0.0173858863	-0.0781026149	0.0248121278	0.0077924605	-0.0414751119	0.0254156513	-0.0985461657	-0.0147534605	-0.0358875011	-0.010396745	0.000130208	0.0009041926	0.1225452217	0.059357848	-0.0513959253	0.0467752673	0.0949661718	-0.0876037581	-0.077510451	-0.0717558262	-0.0727850032	-0.0150287312	0.0384365071	0.0069481082	-0.0375294463	-0.0250834593	0.0201495161	-0.0903825881	0.0552168137	0.0311947385	-0.0199425048	-0.0174853404	-0.0506998196	0.0261566808	-0.0525035627	-0.0265147366	-0.0527722221	0.0086553588	-0.0789979372	0.0785491649	0.1079059538	-0.0678900118	-0.00846387	0.1279312186	-0.0020055043	0.0219062163	0.0905980431	0.0217014732	0.0158023914	-0.0302359557	-0.0060224294	0.0017652534	0.0357751829	0.0415530707	-0.0488056349	0.0322917942	-0.0407410563	-0.0331625026	-0.019489451	0.1072929929	0.0486164609	-0.0636982735	-0.0259276583	-0.042496114	-0.027320534	0.0366792469	-0.0550829432	0.0342450199	-0.045714853	0.0339116471	0.0715472791	0.0044421904	0.0253567015	0.0593761492	0.0182374876	0.0418615673	0.017121964	0.0259141997	0.0044123079	0.0067511445	-0.0606212328	-0.0598367245	0.0380684139	-0.0023978132	0.031942151	-0.0050565991	-0.0263833429	-0.0362617826	-0.048355208	0.0498143749	0.0118629604	0.0211016563	-0.0067937576	0.0441581328	0.075789275	0.0366048041	-0.0321543523	0.0458722053	0.0218856344	-0.0656945757	-0.0744157659	0.0539958877	-0.024008292	-0.0102334157	0.0426618292	-0.0675308461	0.0804338397	-0.0790844839	0.0153938645536015	0.0067262877657157	0.0002369710658946	4.524294710721671e-05	-0.0688497968203734	0.0056988315903652	3.247668149534438e-05	0.0047402945222066	-0.0510156121195066	0.0374581634275444	0.0014031140073646	0.0026025926799279	-0.0168689648603229	-0.0007588253218072	5.758158690158008e-07	0.0002845619754588	0.0006648986960819	2.882523351010005e-05	4.420902760514109e-07	8.308940869117945e-10	0.0033378533982815	0.0004860399238787	2.362348076041093e-07	1.1141265308419355e-05	0.0	0.0	0.0	0.0
1759.8446962427024	-4.0303983551880265	16.24411090150235	3097053.3548935694	2438.645955686216	2.0248373526114847	4.099966304530686	5946994.097184738	1926.821202113506	-4.8491305859984095	3712639.944914136	23.51406744006528	2065.109669551733	1516.6080917594709	0.896282	27.922646	0.1808272770123992	0.1128021050069168	0.0134901819	0.0293562911	0.0323640059	-0.1001407437	0.0106791776	-0.0454262877	-0.0280608515	-0.0100300784	0.0463235959	0.0229707331	-0.0301712205	-0.0330129518	0.0275834688	-0.0409359288	-0.0138982722	0.0127017963	-0.0445259789	0.0450612069	-0.0064297314	0.0089326949	-0.0130206179	-0.0261916368	-0.0088755461	-0.0526959879	-0.0006672224	-0.0104255189	0.0133877093	0.0303796185	-0.0636477046	0.0234503457	0.1203351538	-0.0205762384	0.0530395859	0.0209919423	-0.0794209159	-0.0147774534	0.0171861383	-0.0021997002	-0.025511699	0.0145638358	-0.0297894491	0.0389174254	-0.0150259444	-0.053824956	0.0301772924	0.0425293959	0.0097148767	0.0345757639	0.0404190409	0.0283263318	-0.0424572176	-0.0448036059	-0.0019689103	-0.0032356631	-0.0052821179	-0.0171734383	-0.047675693	0.0295131987	-0.0337658797	0.0719209429	0.0137755986	-0.062770793	-0.0614877743	0.0416736112	-0.0178332724	-0.0053933124	-0.060654415	-0.0039214437	0.020989644	0.1111658437	-0.0100330855	0.0020364904	-0.0325442427	-0.0533712986	0.0032295261	-0.0148461241	0.0487017847	0.0046431893	0.0192060892	0.0266034969	-0.0083814083	0.0109402011	0.0769770114	-0.044582764	0.0288275977	-0.0463202502	-0.0655290624	-0.0240290342	-0.0516214948	0.00874614	0.0011638988	0.0377002113	-0.0144998778	-0.0311648552	0.0383651532	-0.0676031157	0.0223685983	0.0168659457	0.0382195163	0.0471480101	-0.0717267492	0.0192084274	-0.0187882389	-0.0279965923	0.0035161693	-0.0021753102	-0.0449282484	0.0195047665	-0.0041924921	-0.0195961707	-0.0019128263	0.0350897665	0.0152891428	-0.0673819273	0.0443127201	-0.0390471581	0.0434980707	0.0448913799	0.0562959541	-0.0320915314	-0.019806985	-0.0025703068	0.0080540249	0.0070619891	0.0180359728	0.0005968138	-0.0042350365	-0.0171516676	-0.0274933118	0.008518452	0.0609434222	-0.003148809	0.0318625413	0.0152663475	-0.0493618986	-0.0554485621	-0.054144343	-0.0233269535	-0.0007063011	-0.000113164	0.0309663069	-0.0012608382	-0.050026242	0.0642836276	-0.0203696266	0.0632743696	0.015701602	-0.0031999105	-0.0172037092	0.0218229616	-0.0747635377	0.0552666915	-0.0264477464	-0.0068322673	0.0389598496	-0.0645158866	0.0791897184	-0.0805062393	0.0140259991318032	-0.0013678654217983	0.0001967286516453	1.8710558121514425e-06	-0.0332144177355075	0.0356353790848659	0.001269880242522	0.0011031975455087	-0.1011047567601366	-0.0500891446406299	0.0025089224108299	0.0102221718395263	-0.0151166395522344	0.0017523253080885	3.070643985367456e-06	0.0002285127913521	0.0005978882900423	-6.70104060396e-05	3.574704073697055e-07	4.4903945175920596e-09	0.0033932154414555	5.536204317400017e-05	3.064955824399859e-09	1.1513911032132044e-05	0.0	0.0	0.0	0.0
1755.9790886607057	-3.865607581996756	14.942921977990803	3083462.5598136825	2434.3285751342773	-4.317380551938641	18.639774830258	5925955.611715281	1925.41189371112	-1.409308402385932	3707210.960444241	1.986150173035588	2065.3049597943523	1498.5557026989693	1.039832	32.394798	0.1144840850886587	0.0603709063714348	-0.0153356281	0.0289055986	-0.0349046099	-0.0673447699	0.0434680323	-0.0468656306	-0.0315274648	0.0634456874	0.098290287	-0.0149751247	-0.0654063615	0.0319254447	0.0396465313	0.0277671952	0.0081588113	-0.0258778982	-0.0512094892	-0.0326165197	-0.0827571919	-0.0651506093	0.0777671407	-0.0952097327	-0.1745520888	-0.0799496879	-0.0019190872	0.0078845371	-0.0836568666	0.0880650074	-0.0230443867	-0.1211201876	0.0660080072	-0.024503435	-0.0150916412	-0.0253723221	-0.0086248608	-0.08201805	0.0630357072	0.0342334518	-0.0605531769	-0.0898999065	0.1093652354	-0.005540041	-0.0248941585	0.0615900319	-0.095801288	0.0233788324	0.0294294563	0.0132499242	-0.037482073	-0.047604303	0.0096025413	0.1275906897	0.075989328	-0.0934739892	0.0529449098	-0.0549609693	-0.0033558756	0.030378594	0.0644550219	-0.0211244305	0.0703249635	-0.0215506741	0.1051454828	-0.0725551991	-0.0704442728	-0.0014703064	-0.2216601208	0.0418935119	0.1060523046	0.1408101742	-0.0926304497	0.0088514464	-0.0648224207	-0.0770982152	-0.0424831729	-0.1541924945	0.0005716528	0.0408147852	0.0593998815	0.1734442329	-0.0204860274	-0.0405678444	-0.026730259	-0.0152311197	0.0740753583	-0.0275778207	-0.0183695507	0.0373159611	-0.1019986115	-0.0350861966	-0.0423063693	0.0584103583	-0.1031468245	0.0477056272	0.0508585263	0.0598609347	-0.0061339332	0.0155622815	0.0213232521	-0.0653203381	0.0676068172	0.017978672	-0.0700783705	-0.0516215569	0.0702349769	0.109632459	-0.0661112641	0.0650121825	-0.1282605561	0.1019592225	0.0006961154	0.0699573065	0.0471845932	0.0997777395	-0.0943829017	-0.0010365016	-0.1275025358	-0.0606637812	0.1561514249	0.0983641443	-0.1588807645	-0.1002355905	-0.1115208239	-0.0864800078	0.0781153587	-0.0946122829	0.018523578	-0.0069005886	-0.0133669577	0.001807697	0.0894583878	-0.0443015933	-0.0412705643	-0.1219929302	-0.0497991349	-0.0516260475	0.0236805484	0.0833386553	-0.0218613164	-0.0942370131	0.0385624875	-0.0335216792	-0.3357167668	-0.074214593	-0.1802358288	-0.082465292	0.1056057029	-0.1490568244	0.0848167095	-0.0498127781	-0.0751031108	0.0565132535	-0.0288611001	-0.0034191328	0.0351510839	-0.0612463124	0.0775202656	-0.0813633012	0.0158203842507731	0.0017943851189699	0.0002502845578421	3.2198179551806248e-06	-0.0443730472094046	-0.011158629473897	0.0001245150117357	0.001968967318648	-0.1405638958414883	-0.0394591390813516	0.0015570236570414	0.0197582088141367	-0.014244176009588	0.0008724635426464	7.611926332471074e-07	0.0002028965501921	0.0007330361912165	0.0001351479011742	5.373420576331932e-07	1.8264955191791328e-08	0.0031593882569873	-0.0002338271844682	5.4675152196325674e-08	9.981734158389248e-06	0.0	0.0	0.0	0.0
1760.6376710065074	4.658582345801733	21.70238947261558	3099845.0085672187	2424.4385593555594	-9.890015778717952	97.81241210329009	5877902.3280900605	1925.0058400108128	-0.4060537003072113	3705647.484075735	0.1648796075331786	2060.323473154305	1470.83825783181	1.102016	34.332054	0.1098107267127737	0.0626771627683179	-0.0102503556	0.0115595089	-0.112274309	-0.0270045003	-0.002895832	-0.0204257797	-0.0030171543	0.0269594721	0.0753361516	0.028656689	-0.0423088356	0.0093070133	-0.0142867544	0.0377178347	0.0028598098	0.0049258748	-0.0185350183	-0.0724426877	0.0275726954	0.0588046394	-0.0325515408	-0.0880948923	-0.0274742037	-0.0280509319	-0.0597122051	-0.0599363642	-0.0545878085	0.0144162838	-0.0299031268	-0.0716008167	0.0452944917	-0.0728652442	0.0878255192	0.0535965889	-0.0562321964	0.0029093189	0.0725875647	0.0751948164	-0.0078016954	0.0370996476	0.0281474143	-0.0215059853	-0.0256914886	0.1048200517	0.0171309378	-0.0888315284	-0.033231038	0.031588514	-0.0665126263	-0.1107147403	-0.0102826844	0.0073950589	0.0726058605	-0.0665983595	0.0125377145	-0.0282523062	0.0434569719	0.0192406647	0.033674202	0.0494799008	-0.0526111204	-0.1314431248	-0.0602812798	0.0468500888	0.0550355677	0.0956320674	-0.0059728773	-0.0288833309	-0.0827226859	0.0254455546	0.0437158557	-0.0336238487	-0.01621327	-0.0648648574	-0.0247575849	-0.0179659176	0.1143425366	0.0439555433	0.0198934495	0.0109835937	-0.007610931	-0.0365467963	0.014114749	0.0475175101	0.0155971054	-0.0168884808	0.0074991104	0.0064770703	-0.0631907359	-0.0443187919	0.0399309159	0.0222769935	-0.0565804034	-0.0306029475	-0.0197804776	-0.0831446953	0.0025061666	-0.0020760928	0.0684697257	-0.0783846612	-0.0621172913	0.0376048275	0.0545819806	-0.0368314011	0.0536441676	0.0549596322	-0.0167935348	0.0436845988	-0.022818444	-0.0315665788	0.0565138863	-0.0413476886	-0.0648831509	-0.0346831441	-0.0411684316	0.0531490933	-0.0451860702	-0.0636799137	-0.0379549968	0.0143094478	0.0140515977	-0.0257411549	0.0495284231	0.0014101495	0.0269992356	0.0258722664	-0.0017653558	-0.0234913312	-0.028441031	0.0039837645	-0.0234626822	-0.0326052486	-0.0357449975	-0.0908804557	-0.0435827032	-0.0719926856	-0.0210697469	-0.004775145	-0.0255136692	0.0486088112	-0.0327274628	0.0546275209	-0.0291857568	0.059875421	-0.0465313976	-0.0100106392	-0.0255946116	-0.038026141	0.0044701195	-0.068417127	-0.0754344479	0.0577350269	-0.0312459714	-0.0	0.0312459714	-0.0577350269	0.0754344479	-0.0816496581	0.0209303602882471	0.0051099760374739	0.0004380799817958	2.6111855103558465e-05	-0.0455246848466259	-0.0011516376372213	1.32626924746466e-06	0.0020724969303846	-0.0852461483559849	0.0553177474855033	0.0030600531868699	0.0072669058095305	-0.0147774922881502	-0.0005333162785622	2.8442625297943417e-07	0.0002183742783263	0.0005339746304884	-0.0001990615607281	2.851289060052233e-07	3.962550495950707e-08	0.0033916377287485	0.0002322494717612	5.3939817133356586e-08	1.1503206483070284e-05	0.0	0.0	0.0	0.0
1759.4610673813672	-1.17660362514016	1.3843960906929664	3095703.24763078	2426.6546447188766	2.2160853633172337	4.911034337508876	5888652.764735698	1922.8058252408755	-2.2000147699372974	3697182.241580244	4.84006498794226	2055.851630493908	1469.3574871246794	0.843832	26.288618	0.072917440394832	0.0335670735787125	0.0190994452	0.022178686	-0.0909140927	-0.0318407316	0.0109321905	-0.0488333877	0.037481302	0.0494311637	0.0286389572	0.0010977319	-0.0054117271	0.0082860194	0.0052997988	-0.0300571067	0.0197649498	0.0062655231	-0.0475634757	-0.0169538775	0.0097941723	0.0231747488	-0.0052847249	-0.1213624772	-0.0111661915	-0.0333158867	0.0206618044	0.0001910565	-0.0033941243	0.0606725226	0.0013070312	-0.0519769624	0.0272853358	-0.0118269678	0.05028796	-0.0226432084	0.0238156808	0.0442420265	-0.0827964089	-0.0090582243	-0.0579323942	-0.0964881518	0.0629624848	0.0326776637	0.0616330611	0.0662518468	-0.0737190842	0.088678209	-0.0196655554	0.0610754673	0.0249150699	0.0550618376	0.024219261	-0.0448440178	0.0051319605	0.0525117658	0.021463428	-0.0813499487	0.0708488939	-0.0848030135	0.021665955	-0.0283286619	-0.0603494198	0.0567531587	0.0096064163	-0.0045116427	0.0707211804	0.0186123248	0.021760152	-0.0063889354	0.0055383871	-0.0177904758	0.0609886496	-0.0903888842	0.0035412012	-0.0227155437	-0.0464613828	-0.0513630287	0.0840500115	0.0768383449	-0.0268448275	0.0330465089	-0.0065085851	-0.0357202964	0.0288473909	-0.0057016617	-0.000695816	-0.0542949883	0.0223143729	0.0095068859	0.0048139315	-0.0133874802	0.0042629731	0.0382435608	-0.0150513685	-0.0106885577	-0.0196372565	0.0245792137	0.0486691695	0.0135302301	0.0123530339	-0.0161680164	0.0630479225	-0.0124725286	-0.056189314	0.0562139158	0.0876637433	0.1026106886	-0.0925635453	-0.0348799546	0.0268315807	-0.007475056	-0.0018750404	0.0309034077	-0.0115483614	0.0401200493	0.0432082275	0.0238782675	0.0432147298	0.0187843877	0.0337906047	-0.0290583526	0.0313683258	-0.0682855737	0.0225292222	0.0450005898	0.057058763	-0.0220174438	-0.00377385	-0.0222097884	-0.0390511753	0.005429329	0.0616613379	-0.0033122915	0.0037813458	-7.06915e-05	-0.0940933296	-0.0795825639	-0.024683951	0.0128006192	0.0112550242	0.0187312941	-0.025316567	0.0300303684	-0.0476180118	0.0350937677	-0.0515048063	0.0146142356	0.0105428575	-0.0330242163	-0.0107410884	0.0712529279	-0.0757575129	0.0589314758	-0.0336000067	0.0034191328	0.0272552159	-0.0539958877	0.0729434684	-0.0813633012	0.0095582437174073	-0.0113721165708397	9.136002296135612e-05	0.0001293250353007	-0.0348879009917624	0.0106367838548634	0.000113141170775	0.001217165635611	-0.1088422300278537	-0.0235960816718688	0.0005567750702655	0.0118466310374362	-0.0145895688908038	0.0001879233973464	3.531520327021299e-08	0.0002128555204195	0.000887275460057	0.0003533008295686	7.872577420193609e-07	1.2482147617386093e-07	0.0033966626677787	5.0249390301996925e-06	2.5250012257224223e-11	1.1537317278681514e-05	0.0	0.0	0.0	0.0
1762.042875900533	2.581808519165861	6.665735229637416	3104795.0965118213	2426.8618053860137	0.2071606671370318	0.0429155420086601	5889658.222441462	1928.4940935434488	5.688268302573306	3719089.468831968	32.3563962820602	2065.5044529635143	1477.8995478807296	0.7622609999999999	23.747383	0.057664582789132	0.0333549390897157	-0.0025235478	0.0253264915	-0.0653361378	-0.0635643125	0.0146461654	-0.0467829199	-0.015631884	0.0372147493	0.0223713425	0.0197001092	-0.0568661346	-0.0420779241	0.0187011319	0.003519202	0.0149333108	0.0746025042	0.0027306146	-0.0540863971	-0.0129597373	0.0654506967	0.0185834367	-0.0478344882	-0.0481118294	-0.0311126679	-0.0778358846	-0.0190841126	0.0234414908	0.0016154526	0.0026142983	-0.0378217692	-0.0065761887	-0.0578964517	-0.0063007968	-0.0196143955	-0.0291039739	0.0404929967	-0.0349472647	-0.0649913137	-0.0053151632	0.0038833893	0.0490717246	0.0268894158	-0.0182349976	-0.0349904036	0.0430856046	0.0214290034	0.0074683526	-0.1029630739	0.0560518183	0.0029965632	0.0248345072	0.0100256411	0.0530140803	0.0024433914	-0.0581309748	-0.1071296632	0.0072206564	-0.0034458945	-0.0398487709	0.0315353495	0.0278762349	0.0862349303	-0.0643518889	-0.0084453357	-0.0674335486	0.0275886078	0.0869922266	-0.0329782899	-0.0081745971	0.1077640238	0.0519316456	0.0072337684	-0.0529837465	-0.0898903511	-0.0673078611	-0.0225654557	0.0764842204	0.0217695482	0.0407022957	0.0404490814	0.0206919142	0.0092069938	0.0305012603	0.0223462065	0.0148876951	-0.022047796	-0.024393445	0.0207722153	0.0009850866	-0.0368200977	0.006189723	-0.0241210829	0.0272954793	0.0405607472	-0.0111757462	-0.0205393474	-0.0039594215	0.0437402868	0.0204800295	-0.0352100855	0.0022985401	-0.001357386	0.0323785412	-0.0347604497	-0.0300559759	0.0224078417	-0.0364384949	0.0246329087	0.0770230762	-0.0048043617	0.0077774099	0.0717947043	-0.1140703444	0.0303639588	0.0088438154	-0.0742124357	0.0626266837	0.019058053	0.0390469345	0.0003990934	-0.0462241569	-0.0714792332	0.022264733	0.0934712667	-0.0231434439	0.0060456311	0.0054909061	-0.0307115833	-0.0510181757	0.0124137672	0.0372802467	-0.0063528153	-0.0664354657	-0.0497105258	-0.0350322389	-0.04072308	-0.0272910506	0.0154344446	-0.0081497403	0.0315040317	-0.0236515379	0.0271878728	-0.0489991553	0.0428503823	-0.0454574139	0.0187718613	-0.0304964463	-0.0520870333	-0.0075047428	-0.0133552729	-0.0760722702	0.0601020755	-0.0359208828	0.0068322673	0.0231897558	-0.0500436514	0.0700607062	-0.0805062393	0.0017229683832766	-0.0078352753341307	2.9686200497707805e-06	6.139153956163694e-05	-0.0428070743399757	-0.0079191733482133	6.271330651905185e-05	0.0018324456135482	-0.1390738643229667	-0.0302316342951129	0.0009139517121534	0.0193415397377229	-0.0147010581391313	-0.0001114892483275	1.242985249263102e-08	0.0002161211104101	0.0008489637396451	-3.831172041189992e-05	7.207394312321933e-07	1.4677879209195883e-09	0.0034804316952728	8.376902749409991e-05	7.017249967307266e-09	1.2113404785459496e-05	0.0	0.0	0.0	0.0
1760.4751094336073	-1.567766466925832	2.4578916948171057	3099272.6109352717	2430.2551747074835	3.3933693214698906	11.514955351893024	5906140.214192501	1925.19452711138	-3.2995664320687865	3706373.96721961	10.887138639635142	2059.8040112262192	1479.5156730634976	0.798421	24.873892	0.1559617268574682	0.0977627008679153	-0.0168473343	-0.00175026	-0.0918430186	-0.0338175245	0.0113500837	0.0016918726	-0.0338884689	0.0144827447	0.0656524136	-0.0224540925	-0.0481879403	-0.0114919695	-0.0079422524	0.0231824491	0.019978789	0.0176916841	-0.0261531461	-0.0867165266	0.0080491879	0.0363911898	-0.0023463203	-0.0875311367	-0.0192632495	-0.0275929324	-0.0157293936	-0.0118826363	-0.0296520704	-0.0173701442	-0.0578382002	-0.0095312775	0.0887270753	-0.0686503206	-0.0613236116	0.0284590567	-0.0449394983	-0.0306718111	-0.0180827898	-0.084537813	-0.0337435768	0.0195700733	-0.0501040673	0.0160053841	-0.0944639582	0.0507449105	0.0481227893	0.0287390873	0.054905609	0.0685891087	-0.0316569856	0.0417910496	0.0279300632	0.0218345144	-0.1022346331	0.0163080617	0.0469005104	-0.0430329955	0.0833811264	0.0428693309	0.0318829006	-0.0590160267	-0.0422316963	-0.0321298689	0.0532522848	0.0909133905	-0.0037866689	-0.0553084209	0.0235639064	0.020014714	0.0141445992	-0.0157252679	-0.0526643023	-0.0115092781	-0.0291084131	-0.0497068827	-0.027454096	-0.0387830659	0.1109622988	0.0265286435	-0.0058877793	0.0210883554	-0.0166914094	-0.0250818037	0.0355188626	0.0397535151	0.0221956233	-0.0097556281	-0.0493793754	0.019319122	-0.05311216	-0.0212675899	0.0103579551	-0.057216149	-0.0150598836	-0.0181703893	-0.011358197	0.0336598582	0.0178139389	0.0650855008	0.0110330886	0.0501278802	-0.0388753548	0.0262928828	-0.0282171907	-0.0585658981	0.0524486385	-0.0397581204	-0.0495713278	0.0615735732	0.0344190416	-0.0295490821	0.05222983	0.0245672168	0.0654470811	-0.0030799801	-0.0239246635	0.0409514967	0.0176243201	-0.053270708	-0.0282100496	-0.0360796495	0.0498480301	-0.0411265464	-0.045018324	-0.0113043213	0.0436275662	0.1041550688	0.0091912647	-7.705e-05	-0.0117477472	0.0141579449	-0.0323042549	-0.019390433	-0.0323124557	-0.089565129	-0.001142909	-0.0585222034	-0.0339121191	-0.0101636277	-0.0049290217	0.0313516776	-0.0621029434	0.0244876052	-0.0468768232	0.0319939294	-0.0288902223	-0.007757373	0.0219202719	-0.0115549421	-0.0010498855	-0.0174665294	-0.0763786853	0.0612463124	-0.0382063093	0.0102334157	0.0190607341	-0.0458939156	0.0668016447	-0.0790844839	0.000879903690361	-0.0008430646929155	7.742305043109067e-07	7.107580764408748e-07	-0.0533775743752045	-0.0105705000352288	0.0001117354709947	0.0028491654461804	-0.0666010791294979	0.0724727851934688	0.0052523045936986	0.0044357037412136	-0.0158729709626578	-0.0011719128235265	1.3733796659458562e-06	0.0002519512071813	0.0010380861558267	0.0001891224161815	1.0776228669190555e-06	3.5767288302366295e-08	0.0033999593962638	-8.047229900899969e-05	6.475790907793852e-09	1.1559723896242504e-05	0.0	0.0	0.0	0.0
1758.5148417535904	-1.960267680016841	3.842649377318608	3092374.4486676552	2428.3565368652344	-1.8986378422491723	3.604825656020594	5896915.470136114	1920.896278962748	-4.298248148631956	3689842.514532932	18.47493714721804	2055.453105345511	1487.01274719175	0.953062	29.691555	0.339662726172607	0.1710228823297222	-0.0246917823	-0.0123966611	-0.0305346092	-0.0292289285	-0.0644521531	0.0074947158	0.0311856158	0.0003175225	0.0780846065	-0.0144265279	-0.0024589493	0.034157299	-0.0286894244	-0.0469888973	-0.0107953731	-0.0625639076	-0.0166734388	0.0523677486	0.0551551409	-0.0931146235	-0.0180307445	-0.0450587862	0.0437687308	-0.0461046595	0.0028570301	-0.0934103745	0.1087685874	0.021941457	-0.0812538225	0.0609015696	0.085751227	-0.0329869139	-0.0158780614	0.0170116726	-0.025462927	0.0793432251	-0.0351530231	-0.0277388453	-0.0026475801	-0.0244316349	0.0278322495	-0.067539343	-0.0361666374	-0.0145131678	-0.0328776447	0.00023896	0.0502305047	0.0765815305	0.0031578697	-0.0619288699	0.0423961712	-0.0275712357	-0.0848730971	-0.0343759356	0.01503005	-0.1197727765	0.1350328786	-0.0564974373	0.0277096187	0.0393736874	-0.0276739836	-0.033662491	0.002132011	7.87932e-05	0.0096584179	0.0072488296	-0.0892684363	0.0371133035	0.0337952973	-0.1891508557	-0.0210158083	0.0188321015	0.0422913489	-0.0571123664	0.0536114182	-0.0451744223	0.016246206	0.0423365416	-0.0705582499	0.0098697932	-0.041955581	-0.0003380994	0.0762052409	-0.064301998	-0.0332476198	-0.0197443707	-0.0365494656	0.063167922	0.0232832506	0.030523677	0.0335227309	-0.0371205605	-0.00761294	-0.0361928668	-0.0988474847	-0.0893013693	-0.0206397968	0.0151371564	-0.0634428029	0.0649422722	0.0166861038	0.0151418953	0.0078643888	-0.0106334389	0.1244380252	0.0611560005	-0.1060195463	0.0226046398	0.0266043852	-0.075843289	0.0678802551	0.0334878834	0.0524613319	-0.0892485609	-0.0765589385	-0.0373127125	-0.0257132648	-0.0370736557	0.0182402625	0.0165052958	-0.0311442049	-0.0617066916	0.0258375553	-0.0278935434	-0.0960613638	-0.0260756744	0.0195935126	0.0557131966	0.0449420974	0.0215946433	0.0494244136	-0.0207244333	0.055729923	0.0167743032	-0.0359187026	-0.0511777397	-0.0958123529	-0.0227687309	0.0442442712	-0.0360945069	-0.0220848512	0.0193948373	-0.0257443212	-0.0055572388	0.0649846961	-0.0565834135	0.1052377249	0.081262234	0.0552139436	0.0396036231	-0.0766767246	0.0623636846	-0.0404540309	0.0136166111	0.0148794683	-0.0415630576	0.0631837885	-0.0771080077	-0.0671795717915983	-0.0680594754819593	0.0045130948661025	0.0046320922028794	-0.025754302448206	0.0276232719269985	0.0007630451519529	0.0006632840945936	-0.0003760403703836	0.0662250387591143	0.0043857557586461	1.414063601582351e-07	-0.0185550107437325	-0.0026820397810746	7.193337387267217e-06	0.0003442884237	0.001126278353206	8.819219737929993e-05	1.2685029289004191e-06	7.777863678589397e-09	0.0041848262179005	0.0007848668216366	6.160159277060948e-07	1.75127704740274e-05	0.0	0.0	0.0	0.0
1763.8071703413289	5.292328587738439	28.008741880593536	3111015.7341474853	2422.055660671658	-6.300876193576187	39.70104080677514	5866353.623391623	1927.0942367624905	6.197957799742426	3713692.1973632057	38.41468088738797	2061.5174598793446	1503.9701905334946	0.8774149999999998	27.334877	0.1361841551932368	0.0826096671068028	-0.0475932798	-0.0211789135	0.0365955295	-0.0248849448	-0.0197986202	-0.0006123135	-0.0065408284	-0.0183216239	0.0211271027	0.0181531944	-0.0784223776	0.0043077363	0.0024586118	0.0083460088	0.014581126	-0.0091200589	0.0087427707	0.0210119571	0.0229601492	0.0018935585	-0.0104779387	0.033719218	-0.0061086095	-0.0521872646	0.0581850311	-0.0410299513	0.0705089162	-0.0289537601	-0.0056342451	0.020472637	-0.1161405906	-0.0340071709	0.0246245585	0.0861837178	0.0159389449	-0.0841235875	-0.0344849944	0.0133496235	-0.0403999912	0.075856619	0.0543162791	0.0006056556	0.0214061639	-0.0864551837	0.0032912985	-0.005266385	0.0294040373	-0.0286728402	-0.0472727785	-0.0279560325	-0.0691188761	-0.0154185959	0.0046869806	-0.0981133458	-0.0083448905	-0.001010627	0.0022790305	0.0101660409	0.0289941817	-0.0621855661	0.0280333713	-0.0579169453	0.0618686501	0.0337183004	-0.148879246	0.0713338986	0.0426978104	0.0745493144	0.0384660979	-0.0313272683	-0.0059556065	-0.0303173666	0.0224684828	0.0083877124	0.0076312079	0.0476640657	-0.0355594504	-0.0259788355	-0.0106076124	0.0194967093	-0.0853860928	0.0493942759	-0.0483648643	-0.012239703	-0.0901554396	0.0073912272	-0.0503449401	0.0204504301	0.0249852664	0.009390952	-0.0108486506	-0.0364693433	0.0219041864	0.0095047272	-0.0720352969	-0.0808210172	-0.0439670592	-0.0504489734	0.0296854033	-0.0598934708	0.0216369078	-0.0054689917	-0.0488110216	-0.0343793618	-0.0672657495	-0.0181913085	-0.0308245137	0.0613863727	0.0017863336	0.0148470923	0.0934747134	0.0269005764	0.0857413558	-0.0367874956	-0.011193996	0.0192952181	-0.103339984	0.0519604085	0.0401361709	0.0359952586	-0.0005068505	0.0559197089	-0.0258045393	-0.0245864681	-0.0413033428	-0.0751121571	0.0247751116	0.0452759652	0.0130816596	0.0307598216	0.014250226	-0.0046594311	0.0140094727	-0.0087631556	0.0596774102	0.0194925861	-0.049899937	-0.0003383461	-0.0016424484	-0.0205246593	-0.020509163	0.0096901956	-0.0173000136	-0.0330926162	0.0394658829	-0.0303602827	0.076904445	0.1290182353	0.0279829769	0.010310988	-0.0769663555	0.063453702	-0.0426618292	0.0169759185	0.010657419	-0.0370681691	0.0592265694	-0.0745906743	-0.0601867817046013	0.0069927900869969	0.0036224486919573	4.889911320080339e-05	-0.0272640022274401	-0.0015096997792341	2.2791934234194923e-06	0.0007433258174578	-0.0639499450076144	-0.0635739046372308	0.0040416413508237	0.0040895954664769	-0.0175939250653596	0.0009610856783728	9.236856811734972e-07	0.0003095461992054	0.0010863044638516	-3.997388935439981e-05	1.1800573881839124e-06	1.5979118301177982e-09	0.0044659218639687	0.0002810956460682	7.901476223849882e-08	1.9944458095073665e-05	0.0	0.0	0.0	0.0
1763.6295783804355	-0.1775919608933236	0.0315389045739357	3110389.289738353	2443.164819222909	21.109158551250857	445.5965747418472	5969054.33388851	1926.3452195898744	-0.7490171726160497	3710805.9050367614	0.5610267248737413	2061.506971234752	1503.9584613648135	0.835751	26.036873	0.1205552787254219	0.0587552917278543	0.0079048688	-0.0002052522	0.0259835652	-0.0421679431	-0.0413450413	0.0046451654	-0.0424855523	0.00273955	0.0392347597	-0.0435084656	-0.0046774067	-0.0301535535	-0.046085912	-0.0218118596	-0.0757231702	0.0265369807	0.0027334732	0.0783382093	0.0448852957	-0.0062264369	-0.0271953461	0.0076894573	0.0085593281	-0.0003626624	0.0539055948	0.0313050063	0.0134508062	-0.0335188565	0.0801449484	0.0248673198	-0.0424588006	0.0761552917	0.0080010805	0.0866287	-0.0043050516	0.0319166311	-0.0553283266	-0.0628929929	-0.0695321211	0.0555671552	-0.0009523065	0.0024855441	-0.1526714087	-0.0942475939	0.0561307178	-0.0287528487	0.1256131467	0.0624184253	-0.0125210035	-0.0360620399	-0.0043967432	-0.0833747606	-0.0417783389	0.0070538999	-0.0135195408	-0.0030668876	-0.0493255939	-0.0662253268	0.090818466	-0.0318948455	-0.0166462086	0.0559831743	0.0494704343	-0.0587492796	0.1521018037	0.032868802	0.0196381971	-0.0199458943	-0.1198771727	0.0554988631	-0.1395624413	0.0024271853	-0.0094389713	-0.028439602	0.0361496643	0.0065100032	0.0346611757	0.0194312906	-0.012664362	-0.0146483572	-0.0423320396	-0.027103041	0.0006607107	0.0324966452	-0.0059032519	0.0715571357	-0.0704249054	-0.0218041408	0.0227221748	-0.0862223587	-0.0634795335	-0.0038775484	0.041551038	0.0030731008	-0.0381058752	-0.0913578581	0.0067123533	0.0012694717	-0.0430689399	0.1089965232	0.0343029315	-0.1606409669	-0.0069707645	-0.0370978164	-0.0377282816	-0.1290077874	0.0324092122	0.0181094421	-0.023437005	-0.0651783243	0.0301709955	-0.1107969055	0.0460743166	0.0681558397	0.1186213318	0.0055274244	0.0326178401	0.0352270531	0.0164607403	-0.0506371205	-0.0423705955	0.0075008101	0.0092718985	-0.0465838463	-0.0666441725	-0.1039218022	-0.0205752849	0.0074138895	-0.0140684475	0.0197574356	-0.0375160802	-0.0085269571	0.066405474	-0.0163698738	0.0408068164	-0.0326998686	-0.0678899097	-0.0482995548	0.0616513096	-0.046850198	-0.0412815993	-0.0302161198	-0.0040305679	-0.0229937787	0.0287504249	-0.0627922026	0.0589876689	0.0968915692	0.0436956789	-0.0068103441	-0.0772475461	0.0645158866	-0.0448275254	0.0203054443	0.0064061583	-0.0324269895	0.0549512416	-0.0715501408	-0.0865457016059565	-0.0263589199013551	0.0074901584664672	0.000694792658366	-0.0457542596349895	-0.0184902574075493	0.0003418896189974	0.002093452274746	-0.0907767634444667	-0.0268268184368522	0.0007196781874438	0.0082404207814526	-0.0176318875534325	-3.796248807290056e-05	1.4411505006851174e-09	0.0003108834586968	0.0019027000344575	0.0008163955706058	3.620267421124572e-06	6.665017277049329e-07	0.0045891494648832	0.0001232276009145	1.5185041627143406e-08	2.1060292811037764e-05	0.0	0.0	0.0	0.0
1759.9843609803183	-3.6452174001171898	13.287609894117123	3097544.9508953	2420.290397644043	-22.87442157886608	523.239162567694	5857805.60892796	1925.554138468361	-0.7910811215133435	3707758.740172633	0.6258093408148094	2061.6642764152084	1477.203923953318	0.852318	26.553003	0.1877213586064445	0.0930245317630532	0.01195646	-0.0094542354	0.0265065909	0.0190558805	-0.0556940299	-0.0720917121	0.0062934778	0.0239270169	0.0318027913	0.0082010846	0.0026443184	0.0166312549	-0.043488065	-0.0193640567	0.0397998173	-0.0638193023	-0.0122312984	0.026412103	0.0122360548	-0.0040469763	-0.0036773074	0.0618236948	0.014679476	-0.0391328851	0.0654724819	-0.0528776546	-0.054995948	-0.027633231	-0.0232596801	0.110187275	0.015548693	-0.0250922254	0.0736984512	0.0221431142	0.0067900159	0.0983399629	0.0317444326	-0.0773713935	-0.0221544712	-0.0104446502	-0.0687511106	0.0061082875	0.0457235299	-0.0085354634	-0.0210848408	0.0834618766	0.0884271071	0.0900136959	-0.0010282852	-0.0141224939	0.0205666277	0.0417346397	0.0508545255	-0.0190410511	0.0328408495	0.0847133063	-0.1054990538	0.0405143535	0.0218366179	0.0213022505	-0.0063713318	-0.0248950958	-0.0012862216	-0.067054627	-0.0170559368	-0.0115376178	0.0307492171	-0.0450356198	0.0147499737	-0.1383773755	-0.0313784609	0.0247468811	0.0089079474	0.0015741848	-0.0023245296	0.0341343339	-0.0320431865	-0.0030312384	-0.0106846595	0.0165651969	-0.0120239561	-0.037868138	-0.0424266195	-0.0355841586	-0.057156876	-0.0030665618	-0.0527739822	-0.0035459869	0.0035515091	0.0943145576	0.0124535567	0.0049778817	-0.0632095592	-0.0439052062	0.0479738854	-0.0723659061	0.0100529827	-0.0410542226	-0.1120102354	0.0653510239	-0.0157071035	-0.0336151686	0.0789509499	0.0788379434	0.0264126018	0.0149434862	0.0096514938	0.0227397628	0.0241924474	0.0584939361	-0.0030141558	-0.0253464064	0.0216872378	-0.0273690684	0.0845593459	-0.0399285038	0.0503661828	-0.0106600741	0.0363826049	0.01407356	-0.0010576047	0.062412829	-0.0148882622	-0.0991104331	9.36337e-05	-0.0739620767	-0.0237966713	0.0033255426	-0.0357375739	0.0339566391	0.0250501528	0.0230418963	0.0783361921	0.0536805149	0.0275606286	-0.0105503633	-0.0397645301	-0.0132417109	0.0278508903	-0.0698903729	-0.0182636218	-0.0206379375	-0.0089413646	-0.059666537	0.0222367954	-0.0523132509	0.0543517328	0.1225737027	0.0218249026	0.0681783774	-0.0775202656	0.0655497724	-0.0469489822	0.0235993474	0.0021373389	-0.0276578354	0.0503807682	-0.0680077345	-0.1055411331678186	-0.0189954315618621	0.0111389307903472	0.0003608264202213	-1.2412416069196295e-05	0.0457418472189203	0.002092316586999	1.5406807267484242e-10	-0.1321073947441888	-0.0413306312997221	0.0017082210836335	0.0174523637460969	-0.0165958806964209	0.0010360068570115	1.073310207775053e-06	0.0002754232560898	0.0016730968446818	-0.0002296031897757	2.799253051684195e-06	5.271762475517613e-08	0.0042216905411517	-0.0003674589237315	1.3502606062991258e-07	1.7822671025249732e-05	0.0	0.0	0.0	0.0
1763.1573113383174	3.1729503579990705	10.06761397432643	3108723.704525765	2429.993010626899	9.702612982855952	94.1406986950849	5904866.03169558	1928.0940465378355	2.53990806947445	3717546.652294645	6.451133001381426	2063.8870248288254	1494.7295881288242	0.7859429999999998	24.485165	0.0725976450156773	0.0356166008410745	0.0185525473	-0.0015923385	0.0612882914	0.0288817019	0.0159853038	-0.0401063667	-0.0523355955	6.5788e-05	0.0023219633	0.0341599866	-0.0274212012	-0.0328103764	-0.0342648835	-0.0042867791	0.0592052521	-0.0333509112	0.0653970174	0.0608975272	-0.0101920842	0.0636541444	0.0048453842	0.0271987059	0.043511203	-0.071264749	-0.0063399919	0.0548438724	0.0303592756	-0.0258036304	-0.0158558019	0.0544643553	-0.0809650947	0.0171264164	0.0205003565	0.0259870418	-0.0123934811	0.0701362425	-0.0247283922	0.0009888723	-0.0129909857	0.042261303	0.0620146244	0.0242585022	0.0006608616	0.0226221773	0.0048140772	0.0629768771	0.0097707042	-0.1305411369	0.0036111549	-0.0826639558	-0.0280094883	0.0530443514	0.0543576362	-0.0533091896	0.104651199	0.0098693883	-0.0006041689	0.0508954115	-0.0367686891	-0.0650580475	-0.0503800159	0.0135012955	-0.0763211993	-0.013537059	0.0135092747	-0.0241859214	0.0263408572	-0.0519409536	-0.0229676323	-0.0415903258	-0.0611229651	-0.0471494496	-0.019653191	0.0160318824	-0.0210162959	0.0669978842	0.0116354181	-0.0566507854	-0.0245841431	0.0249646667	-0.018057751	0.0494755027	-0.0531441865	-0.073251956	-0.0611235763	0.0298857502	-0.0098247383	0.0340390075	-0.0028328319	-0.0168747158	0.0164732623	-0.1322807937	0.0101005724	-0.0033737441	0.0408902455	-0.0344161388	-0.0074395162	0.0089283701	0.0376741836	-0.0010365545	-0.0099971591	0.0566091371	0.0490590532	-0.038243007	-0.0183146959	-0.0116966458	0.0603519021	0.0328463177	0.0265824344	-0.0043194483	0.0396956301	0.0297956278	-0.033340853	0.0100781883	-0.0003534621	0.0385161122	0.0360810976	0.1100851966	-0.0691638111	0.0320075587	0.0420585386	0.0029262549	0.0005519219	-0.1084694774	-0.0726508705	-0.013531924	-0.0285752964	-0.0040700226	-0.0397585988	0.0425435454	0.0127466053	0.02684269	0.0503040567	0.0411418881	0.0599888877	0.0165332444	-0.0151104683	0.0069808687	0.0320111039	-0.0450988922	-0.0208272816	-0.0178085239	0.006960524	-0.0168529255	0.0055499335	-0.0720961863	0.046825357	0.0669201986	0.019416078	0.0450194611	-0.0777844842	0.0665549058	-0.0490241061	0.0268518493	-0.0021373389	-0.0227795284	0.0455396975	-0.0639883028	-0.1060799919820283	-0.0005388588142097	0.0112529646989071	2.90368821651487e-07	-0.0096875686118664	-0.0096751561957972	9.360864741307302e-05	9.38489856096191e-05	-0.1164869631800584	0.0156204315641304	0.0002439978822496	0.0135692125909122	-0.0160197606095599	0.000576120086861	3.319143544847267e-07	0.0002566327299876	0.0013891794692053	-0.0002839173754765	1.929819597661519e-06	8.06090760974639e-08	0.004296917047645	7.522650649329984e-05	5.659027279186484e-09	1.846349611434222e-05	0.0	0.0	0.0	0.0
1762.1002250377192	-1.0570863005982574	1.1174314469125093	3104997.2030779803	2433.395246717665	3.4022360907661096	11.575210417311458	5921412.426748126	1928.774088098695	0.6800415608595358	3720169.4829209526	0.4624565244962738	2062.890880827078	1494.1416922533406	0.7881639999999999	24.55434	0.0730395020369359	0.0420570236022509	-0.0105893102	-0.0189220545	0.0434975659	0.0300543808	0.057995263	-0.0234484033	-0.0277648418	0.0023672115	-0.0248513347	0.0462463786	0.0956844556	-0.0310839298	-0.0481920394	0.001328119	-0.0225172721	0.0321343426	-0.0011126041	0.0080765706	-0.029102337	0.0294762514	0.0163459891	0.0157726208	0.0402073732	-0.0482659019	-0.0257797977	0.0332778006	0.022777025	0.0087429066	0.0292145985	0.0019721658	-0.0920577656	0.1132550072	0.0037741954	-0.0245943844	-0.0362915498	-0.0265620406	-0.025592306	0.0929452139	-0.0295242539	0.080483111	0.001481588	0.0031306605	-0.0033234714	-0.122977955	0.0461962994	0.0238634184	0.0067399832	-0.0150656466	-0.1029448806	0.0144356954	-0.0024142059	0.0313366986	-0.0366765711	-0.0305506299	-0.0069726551	-0.0237036228	0.0215070004	-0.0988070381	0.0356881576	-0.0833673849	0.0176605412	-0.0537823684	0.0379640525	0.0272119017	0.0116741853	0.0519063731	0.0567309264	-0.0047644209	0.0254532425	0.109341798	-0.0172437638	-0.0100122308	-0.0229005621	0.0439415528	0.0016095115	0.0095115418	0.0235996784	-0.0392438354	-0.0283741241	0.0286440591	0.0527964202	0.0549203084	-0.0465090936	0.0244605994	0.0178554467	0.0373328524	0.0253540392	-0.066608179	0.1234803022	0.0088885863	0.0174566648	0.0246111755	-0.0075282007	0.0780764084	0.0199589181	-0.0454822707	-0.057690531	-0.0435956231	0.0137508997	-0.0008088196	-0.0094206757	-0.0983992541	0.0457453817	-0.0518872192	-0.0987454072	-0.0396825602	0.0469345946	-0.0151593377	-0.0394450552	-0.0821008196	-0.0289649853	0.031537313	0.0099831064	0.0159233149	0.0279311045	-0.0090293899	-0.0087783166	-0.0960805191	0.0281838169	0.039535958	-0.0053180135	0.0216211736	-0.1089321562	0.0222964144	0.0081296414	0.0287157059	-0.00176555	0.0079129755	-0.0235754021	0.032275945	0.0107068346	0.0256605506	-0.0073014149	-0.0007357277	0.0990305232	0.0495008177	0.023432533	0.0418726745	-0.0049343769	-0.0251919214	-0.0357904841	-0.0041595034	0.0229135618	0.0081929647	0.0106766295	-0.0539543578	0.0296273199	0.0391493947	0.0187751743	0.0182339412	-0.0780401729	0.0675308461	-0.0510508491	0.0300572439	-0.0064061583	-0.0178113211	0.0404540309	-0.0595200392	-0.0961289209800355	0.0099510710019928	0.0092407694487859	9.9023814086702e-05	-0.0151307600660288	-0.0054431914541624	2.9628333206666585e-05	0.0002289399001757	-0.0790688717727476	0.0374180914073108	0.0014001135645658	0.0062518864834152	-0.0161147440481071	-9.498343854719844e-05	9.02185359824942e-09	0.000259684975736	0.0014628827112759	7.370324207059994e-05	2.140025826949928e-06	5.432167891717453e-09	0.0040610607647934	-0.0002358562828516	5.5628186160574054e-08	1.649221453534435e-05	0.0	0.0	0.0	0.0
1761.4095812821638	-0.6906437555553566	0.4769887970876071	3102563.7130326075	2434.938887419524	1.5436407018587488	2.3828266164349707	5928927.385467828	1927.2465195722568	-1.5275685264382446	3714279.1472033774	2.33346560296471	2058.0895309780244	1479.9378485679626	0.850928	26.509701	0.1041528223309842	0.0494738007143632	0.0190143282	-0.0167267245	0.0226529778	0.0627977938	-0.0121975913	-0.0323287973	-0.0069847818	-0.0374231434	0.0765708101	-0.0087828401	0.1041264648	0.0073679635	-0.0524407036	0.0305413242	0.0403418143	0.0037119847	0.0047299215	0.0760388012	0.0246895003	-0.0068076191	0.0133499	0.0522375803	0.0198512323	-0.0043788945	-0.0284246553	0.0293645968	0.0230240742	0.0410838455	0.0102553225	0.0142268032	-0.0753776988	0.0188591548	-0.0640300505	-0.025130239	0.008123693	-0.0208506632	-0.0365279585	-0.0788194992	0.0382064841	0.0215489274	0.0477128888	0.0102195512	-0.0190762991	-0.0043626095	-0.0008843551	0.0589523222	0.0016022634	-0.0204437742	0.073323218	-0.0526432293	0.0387163277	0.0065207018	0.0545356841	-0.039348732	0.1209246817	0.0144346761	-0.0423227715	-0.0725553115	0.0116488674	-0.0318726524	0.0375672528	0.0055111612	0.0491748976	0.0244521141	-0.0333843881	0.051771127	0.005189689	-0.0884664036	-0.0385605847	0.0192097148	-0.0551105302	-0.071399767	0.0376993425	0.0332480644	0.0318624016	0.0224005388	0.0053150972	-0.048040411	-0.0357040822	0.0280167391	0.0016182907	-0.0391167461	-0.0216933022	-0.0542828001	-0.0535510908	-0.0259032061	0.0207166556	0.0404457389	0.0159701072	-0.1309797965	0.0418025803	-0.0891488244	0.0364422745	0.0572775433	0.0336730213	0.0509721968	0.0130535152	-0.0300858593	-0.0157949972	0.084362435	0.0749228	-0.0044215186	0.0451383721	-0.0564685523	-0.0801624142	-0.0010171023	0.0473180298	-0.0511857719	0.0091020514	-0.0143094456	0.0505891128	-0.0314894576	-0.0351747159	-0.0568947977	-0.0045066404	0.0108969879	-0.0483968677	0.0132552646	0.013917733	-0.0320943682	-0.0022877491	-0.0670821102	0.0636359438	-0.0427539341	0.0228732525	-0.0305030173	-0.0285679255	-0.0053185326	-0.0235238725	0.0069534426	-0.0517385948	-0.0047196892	0.1040774511	0.0367294776	0.0185512052	-0.0172060971	0.0075991107	-0.0057767568	0.014008575	-0.025874826	0.0019835593	-0.0122231155	0.0276999396	0.0351868527	-0.0093272751	-0.0371534841	0.0339300729	0.0488099177	0.0136152955	0.0376963306	-0.0782873035	0.0684771651	-0.0530272111	0.0332099078	-0.010657419	-0.0127728206	0.0351510839	-0.0546342852	-0.06980411847411	0.0263248025059255	0.0048726149559475	0.0006929952269759	-0.0315857902359795	-0.0164550301699507	0.0002707680178939	0.0009976621448312	-0.0624630852337944	0.0166057865389532	0.0002757521465772	0.0039016370169242	-0.0159576810990194	0.0001570629490876	2.466876997612444e-08	0.000254647586058	0.0014690426562822	6.159945006300148e-06	2.1580863259766624e-06	3.794492248064213e-11	0.0033289395965643	-0.000732121168229	5.360014049691415e-07	1.1081838837573683e-05	0.0	0.0	0.0	0.0
1759.2225899900411	-2.186991292122684	4.782930911820448	3094864.1211312683	2425.003879405834	-9.93500801368964	98.70438423207736	5880643.815133345	1924.6876945910888	-2.558824981168073	3704422.72171036	6.547585284249787	2057.1984557308665	1488.6033847310905	0.891771	27.782124	0.1303204005028574	0.0727531878329833	0.0176682656	0.004538943	0.0407006229	0.0475675548	0.0892196761	-0.0435231705	-0.0182824227	0.0428780696	-0.1114433473	0.0688600621	0.0587329814	-0.0304490461	0.0364708385	-0.0197500661	-0.0432489563	0.0349206891	0.0151031352	-0.0144077144	-0.0516321827	0.0529788164	-0.0149758105	0.0536829329	-0.0107855483	0.0011417092	0.0211407625	0.0228068789	-0.0032730769	0.0214273493	0.0221342559	0.0577899739	-0.0174643195	-0.0185120565	0.023181746	-0.0341685429	0.0382503683	-0.0037597906	-0.0414843917	0.0191644244	-0.0824403721	-0.0429419446	-0.0498258739	0.1095221606	0.0863219432	0.0256389664	0.0869925567	-0.0915577718	0.0234002904	0.0462738166	0.0286199166	0.1040444923	0.0621946231	0.0247747726	0.0901489235	0.0278748358	0.0916972889	-0.0650275497	-0.0851128735	0.0132137366	-0.0023056756	0.0079469156	-0.0344268121	0.0421027301	0.004272197	0.0153235393	-0.0119323231	-0.0334009318	0.0097733691	-0.0158333209	0.0006143201	0.0589664007	0.0012700808	-0.0430490389	-0.0344625292	0.073789208	-0.0313578968	0.0545638246	-0.0243766064	0.0158896541	-0.0180431318	0.0168211888	0.0480212056	0.0232982737	-0.0185465022	-0.0020252077	-0.0140538065	0.0255078873	0.0535835401	-0.0356231548	-0.0030887892	0.0405966151	-0.0769811983	0.0147439616	-0.0554206409	0.0091016587	-0.0355528534	0.0351191683	-0.009135891	0.0606594547	0.0147565468	0.0227441266	0.0342099435	-0.0083788081	-0.0041161228	-0.0433556242	-0.0428160881	-0.0006998181	0.0358430763	0.0421874852	-0.015940342	-0.0961098364	-0.0471201085	0.0429432429	-0.0564005949	0.0962601064	0.0382515252	0.0289025752	0.0389349231	-0.0300627665	0.0125375946	-0.0336810763	0.0127181642	-0.0583258519	0.0076132429	-0.0244936335	0.0580745652	0.0363999633	-0.013913744	-0.0073858726	-0.0474767883	0.0333320764	0.0740784038	0.0381865872	0.0189566139	0.06732931	0.0491522359	0.0470647815	0.0178633175	0.073161103	0.0291997402	-0.0249578034	-0.0399960657	-0.0227636499	0.0108340901	-0.0028192812	-0.0022469251	-0.0358511767	0.0322832621	0.0171692013	0.0158313874	0.1037359555	-0.0785258491	0.0693934478	-0.0549512416	0.0363043104	-0.0148794683	-0.0076839116	0.0296593388	-0.049365311	-0.0758271557409955	-0.0060230372668854	0.0057497575477691	3.627697791829149e-05	0.0077069978148074	0.0392927880507869	0.001543923192804	5.939781531744603e-05	-0.1193121525314993	-0.0568490672977048	0.0032318164526189	0.0142353897416997	-0.0158314618197998	0.0001262192792196	1.5931306446716012e-08	0.0002506351833517	0.0012604227037242	-0.000208619952558	1.5886653920634224e-06	4.3522284605302213e-08	0.0035572105225363	0.000228270925972	5.210761564411433e-08	1.2653746701642975e-05	0.0	0.0	0.0	0.0
1762.2575486359283	3.0349586458871727	9.2109739822453	3105551.667724312	2428.8577762179902	3.853896812156109	14.852520638747016	5899350.097094601	1921.474679997327	-3.213014593761727	3692064.94587083	10.323462779725835	2054.1739462644146	1496.1713918074306	0.829982	25.857141	0.1427609598529435	0.0813309084053461	0.0146765579	-0.0026326495	0.0458504085	0.0268471963	0.0248056498	-0.0085580764	-0.0135843886	0.0083157032	-0.0756980603	0.0369950556	0.1303054976	-0.0250500092	-0.0123893756	0.028742951	0.0299071003	0.1039643315	-0.0190753984	-0.0026000994	-0.0415466213	-0.0021858618	-0.0486809633	0.0086208487	0.0417253615	-0.0438021432	-0.0076951401	0.0463345496	0.040406304	-0.009298121	0.0304144132	0.020990144	-0.0219111164	-0.0358473855	0.0410869884	0.0079771607	0.0854230458	-0.0268717912	-0.0235178981	0.0156762089	-0.0025056471	0.0627183909	0.0231140873	0.0184583305	0.1165281648	-0.0815943031	-0.096881257	-0.1062309184	0.0851293205	-0.0643637132	-0.0221863381	0.0632565576	0.0217207299	0.0114899023	0.0637622533	-0.013313275	-0.0036440727	0.0044509595	0.0351291145	-0.0106369529	0.0334445097	0.0433630955	0.0999887823	0.0003044203	-0.1195619792	0.1001092069	-0.0811931636	0.0524496925	0.0119831198	-0.0042905688	0.0138211663	0.0029573678	-0.0011005455	0.0380064915	-0.0154336526	0.0991109659	0.0296382465	0.0421653008	0.0277739728	0.0152625276	-0.0395188438	0.0198296622	0.0385417254	0.0582067165	-0.0388788207	-0.0049880932	0.0087575196	-0.0195876248	-0.0138387123	-0.0586041211	0.088932522	0.057710755	-0.0746365497	0.0500502231	0.0132873571	0.0316141894	0.0390442812	-0.0088238231	-0.0074093785	0.0387530572	0.0298985352	-0.0867206974	0.0387935218	0.0354483524	0.0167430234	-0.0544931449	-0.0815979687	-0.0262580673	0.0266315816	-0.0014973469	0.023940483	-0.0633541562	0.0434557691	0.1067239905	0.0110713751	0.0729168844	-0.0853726798	-0.0751024909	-0.0385673881	-0.0266147249	-0.0451863136	0.0632677431	-0.0317895918	0.0639922329	0.1423615301	-0.0709648936	-0.0144701174	-0.0218653604	-0.0238813958	-0.0120590349	-0.044195002	0.0296919523	-0.0383971577	0.010271938	0.0126783006	-0.0075459336	0.119145319	0.0507723644	0.0006931403	0.0210062157	0.028931904	-0.0140881715	-0.0653993118	-0.0321990562	0.0383691497	-0.0197796662	0.018868079	-0.0652037643	-0.0040365832	0.0346937079	0.0491816266	-0.0260800615	-0.0787557834	0.0702792922	-0.0568210419	0.0393350228	-0.0190607341	-0.0025646777	0.024008292	-0.0437500746	-0.0794394234250432	-0.0036122676840477	0.0063106219941033	1.3048477821215404e-05	-0.0463092921443717	-0.0540162899591791	0.0029177595809541	0.0021445505389127	-0.125631068581896	-0.0063189160503966	3.992870005196096e-05	0.015783165393029	-0.0167275521255771	-0.0008960903057773	8.029778361080576e-07	0.0002798110001138	0.0018521318363897	0.0005917091326655	3.430392339368283e-06	3.501196976797584e-07	0.0034687402377927	-8.847028474360001e-05	7.826991282613664e-09	1.2032158837282158e-05	0.0	0.0	0.0	0.0
1762.0264980526026	-0.2310505833256684	0.0533843720551316	3104737.3798395186	2420.750079402217	-8.107696815773124	65.73474765649766	5860030.94692584	1922.6728270725	1.198147075172983	3696670.79996296	1.435556413745574	2051.3793208534767	1469.553237851742	0.833708	25.973219	0.073694018800692	0.0444144884405146	0.0267267665	-0.0155568459	0.0105217744	0.0885924933	-0.0268383654	-0.0133307628	0.0305425343	-0.0142808336	-0.0302080674	-0.0037417977	0.0891524247	0.0120305544	-0.056452109	0.0096052894	0.1055752798	-0.0010634463	-0.0483275975	0.0203886314	-0.0128142673	-0.0038903392	-0.0309552823	0.0142376118	-0.0145236128	-0.0129601781	0.0868856653	0.0440646726	-0.0328134585	-0.0107083633	0.0362727484	-0.0388233994	0.0326304691	0.0555368274	0.0455374996	0.0507319076	0.0271099579	0.0395118639	-0.0629089134	0.003901859	0.0221289821	0.0501239149	0.0189881131	-0.0495180915	-0.0198535597	-0.0761861956	0.0301385429	0.042366898	0.037394846	-0.0681662158	0.0036805002	0.0108616046	-0.0943189777	-0.0010597727	0.0701301194	-0.0395229541	-0.0393784403	0.0057113787	0.0644681054	0.0437356476	-0.0397919374	-0.0960418387	-0.0507093926	0.0564291262	0.0366880186	0.0596739758	0.0563598776	0.0123313859	-0.0784727521	0.0515763135	-0.0088931939	-0.0532368242	-0.0292308006	-0.0345225753	0.0439404003	0.1027697462	-0.006488428	0.0367944368	-0.0212297147	0.0079105429	-0.0195535747	0.0335892075	-0.0167589766	-0.0292453077	0.0357114533	0.0040629972	-0.0271013107	-0.0228183739	0.0494947276	0.1003856109	0.0412298093	0.0224230804	-0.0020888825	0.020308414	0.0271168389	-0.0312670826	0.0712794696	0.0067243703	0.0073498484	-0.0637925996	0.0320680967	-0.051507277	-0.0426492398	0.034183615	-0.0689763042	-0.0495920446	0.0206007936	0.0085984139	-0.0262964269	0.0106173673	0.1037667717	-0.059285826	0.0618014878	0.0217827031	0.0552892431	-0.02051	0.0821649039	-0.0349441931	0.0362223297	0.0922889533	0.0036281887	0.0260559104	0.0078218176	0.0147518718	0.0167228397	-0.0397719755	-0.0612033497	0.0122227055	-0.0330917968	-0.0113884632	-0.0304407818	0.0174243181	-0.0608428559	0.0033577763	0.0974628902	0.0590113773	0.0440429725	0.0072169947	-0.0084194078	0.0095486083	0.0566867888	-0.0246225401	-0.0201969197	-0.0053091217	0.0225950729	-0.031527755	0.0063316873	-0.0381862971	0.0385446963	0.0905278736	0.0106319228	0.0650170964	-0.0789770813	0.0711343098	-0.0586347667	0.0422967282	-0.0231897558	0.0025646777	0.0182282956	-0.0378279629	-0.0945154459693213	-0.015076022544278	0.0089331695267796	0.0002272864557555	-0.046613478448819	-0.0003041863044473	9.25293078133089e-08	0.0021728163730985	-0.0873019121117693	0.0383291564701266	0.0014691242357114	0.007621623858371	-0.016633505050915	9.40470746620993e-05	8.84485225249848e-09	0.0002766734902788	0.0019520040313201	9.987219493039991e-05	3.810319738289922e-06	9.9744553202158e-09	0.0032629664377484	-0.0002057738000443	4.2342856784671627e-08	1.0646949973872482e-05	0.0	0.0	0.0	0.0
1764.156927046456	2.1304289938534566	4.538727697851452	3112249.663245995	2428.641805013021	7.89172561080386	62.27933311621756	5898301.017056905	1925.1151681191072	2.442341046607225	3706068.4105222574	5.965029787942478	2059.288636316311	1494.3702632895613	0.8469219999999998	26.38489	0.1387540191127638	0.0718525452236629	0.0190049111	0.0098169571	0.0494237751	0.0352030303	0.057031736	-0.0051407617	-0.0134629756	0.0509892689	-0.1292989774	0.0232371754	0.0786197194	-0.0210062444	-0.0155222203	0.0101791045	-0.0024003238	0.0744989499	0.0619076084	0.0337015772	-0.0433346435	0.0136091421	-0.0180885528	0.0546925294	0.0675534971	-0.0334546135	-0.0180927044	0.0285465172	0.0027413528	-0.0256525485	0.1180517573	0.0494793997	0.0273023503	-0.0555546717	-0.0077995347	-0.0165743482	0.0571873429	0.0670846091	0.0612362054	0.029807188	0.0469731173	0.0417120746	0.0016050966	0.0117164993	0.0625518922	-0.0600484063	-0.0356885053	-0.0134735309	-0.1261481989	0.0093328986	0.0789166674	0.0047590442	0.05831076	0.052813875	-0.054853709	0.0538618354	0.0016431022	0.053355853	0.0504641563	0.0095801193	-0.0758698308	0.0107893289	0.0727867656	0.0371064476	0.0041978295	-0.0081323789	0.0269062627	-0.1151136118	0.0898165606	-0.0269275358	-0.0426974341	-0.0109656326	-0.0249548869	-0.1630451714	-0.0327400112	0.0272383806	-0.0155893072	0.0695092749	-0.0327506015	-0.0034373185	-0.0389207999	0.0255141154	0.043317769	0.0352643852	-0.0017136459	0.0131029993	-0.0192737545	-0.0347776105	0.0259034816	0.004836543	0.0831682998	0.0485277589	-0.1141411043	-0.0234232474	0.0604684762	0.0507135468	0.0644327554	-0.0021925364	0.0013653512	0.0450590868	0.0103132527	0.017394892	0.0119712302	-0.0100453183	0.1281321934	0.0170488987	0.0159730277	0.0006893915	0.0486915325	-0.0429770009	0.0095443334	-0.0497638772	-0.1184245289	0.0150253868	0.026729028	-0.0194506883	-0.0388479215	-0.0351532018	0.050803518	-0.010888846	-0.1384660408	0.0392688748	0.0701058969	-0.0505012303	0.0035542178	0.0577466695	-0.0858060679	-0.0074746457	-0.0241448429	-0.0175103574	-0.051050826	0.0387153943	0.0188657986	0.0458074331	0.0101458162	0.0620098565	0.0601852229	0.0534952319	0.0058936211	0.0455531019	0.0489071256	-0.0086130956	-0.0372056951	-0.0279453956	0.0088674062	-0.0028597364	-0.0172869979	-0.0371733486	0.00034607	-0.0143513836	0.0106051158	0.0612238289	-0.0791897184	0.0719581255	-0.060390626	0.0451842308	-0.0272552159	0.0076839116	0.0123503943	-0.0316405151	-0.0865551015176038	0.0079603444517174	0.0074917855987227	6.336708378998944e-05	-0.0069525690190772	0.0396609094297418	0.0015729877367941	4.83382159650321e-05	-0.1234715798069387	-0.0361696676951694	0.0013082448611789	0.0152452310200212	-0.0158264306489035	0.0008070744020115	6.513690903822233e-07	0.0002504759070845	0.0018557561101091	-9.624792121099989e-05	3.4438307402072585e-06	9.263662337438842e-09	0.0034589060652486	0.0001959396275001	3.839233762491706e-08	1.1964031168213553e-05	0.0	0.0	0.0	0.0
1764.756578385029	0.5996513385728122	0.3595817278521654	3114365.7809532345	2426.8082750108506	-1.8335300021703915	3.361832268858956	5889398.40366114	1922.175441237668	-2.939726881439128	3694758.426897224	8.641994137455821	2055.9817514975657	1499.324069656102	0.7976579999999999	24.85014	0.0804423335241308	0.0452568025082767	0.0060223615	-0.0059824418	0.0569813954	0.0446856011	0.0228893686	0.0041438771	-0.0033195437	0.0146789767	-0.0699540395	-0.0002509736	0.1078150381	-0.047572625	-0.0498229569	0.0560221041	0.0501368371	0.1188794247	-0.0374491869	0.0254970686	-0.0391105868	0.0272897326	-0.0329718125	-0.0165461871	0.0368239042	-0.0090461643	-0.0116325561	0.0064035006	0.0007273346	0.0245017096	0.1477935401	-0.0357762356	0.0742016918	0.1041274501	-0.0059130488	0.0088375939	0.0898034566	0.0058164402	-0.0872345619	0.0479254075	0.0202055892	0.0689527249	0.0070176565	0.039902046	0.0027601236	0.0047933429	-0.0161650599	-0.0115811984	0.0738706578	-0.0653208719	-0.0230060749	0.0148143679	0.0075665987	0.0299530939	0.0331633739	0.0466070047	0.0065539565	0.0393727974	0.0547201136	0.0419247801	-0.0273236593	0.0316542471	-0.1599741209	-0.0481400938	-0.0247564905	0.116744342	-0.0292819861	-0.0561145173	-0.0596494157	-0.100232756	0.0181053688	-0.0476605307	-0.0643911921	0.0588854803	-0.0338524479	0.0742621569	-0.0126672941	0.0436946458	0.0219184356	-0.0021588998	-0.0192006972	0.0232242957	0.030445127	0.0063680925	-0.0080358557	0.0264222492	0.0329440898	0.0093765876	0.0630389412	0.0469172395	0.140354517	0.0439603176	-0.0431537281	0.0908781826	0.0626976929	-0.0587439783	0.0735273869	0.0296052599	0.0036059023	0.0505563775	0.0464476404	-0.0201051502	-0.0416626398	-0.0704445786	0.0388120727	-0.0428556871	0.0047470767	-0.0361626547	0.0733265041	0.0102386415	0.0473270028	-0.0134639616	0.0193813987	0.0827328276	0.0173195337	0.0102917617	-0.0872777058	-0.0031921761	-0.0297349985	0.0340721175	-0.016436363	0.0351256683	-0.0755896857	0.0022862651	-0.0037391437	-0.0128154373	0.0271700065	-0.0416082135	-0.0180141443	-0.0169193003	-0.0468504397	0.0273578666	-0.0556604188	0.0185036665	-0.0227118894	0.01004144	0.1142154256	0.0712118959	0.012391334	0.033689999	0.0289398875	0.0020143573	-0.0504518979	-0.0275054357	0.0292977981	-0.0172986544	-0.0124241008	-0.0544844277	-0.0132724417	0.0313130917	0.0307733562	-0.0483004456	-0.0793936715	0.0727503781	-0.0620868871	0.0479924649	-0.0312459714	0.0127728206	0.0064061583	-0.0252311319	-0.0855987847262298	0.000956316791374	0.0073271519466074	9.145418054638756e-07	-0.0424844955764456	-0.0355319265573683	0.0012625178048782	0.001804932364385	-0.1254628802363271	-0.0019913004293884	3.965277400082431e-06	0.0157409343171949	-0.0162667016783716	-0.0004402710294681	1.938385793889011e-07	0.0002646055834931	0.0018929422001676	3.718609005849997e-05	3.5832301731753544e-06	1.3828052938388704e-09	0.0030971073898552	-0.0003617986753933	1.3089828151641854e-07	9.59207418429569e-06	0.0	0.0	0.0	0.0
1763.2215606449204	-1.5350177401085148	2.356279462447852	3108950.2719231085	2437.978928177445	11.170653166594548	124.7834921683488	5943741.254237244	1922.3155530867275	0.1401118490593944	3695297.0856391313	0.0196313302468425	2056.827684208245	1485.2543642752994	0.888569	27.682371	0.0843425130701495	0.0389077065607883	0.0512475493	0.0087415655	0.0466107636	0.0494490711	-0.0633677869	-0.020904465	-0.0069251668	-0.0316486738	-0.0012367569	-0.0708414248	0.0565318868	0.0318149284	-0.0680626795	0.0282239194	-0.0220850946	0.0365363821	-0.0462286126	0.0962675504	0.0037651203	0.0028837416	-0.0446146876	0.0462715423	0.0817023428	0.0185715484	0.0558899384	-0.0431847236	0.0391717558	-0.0388794798	0.0190891991	0.0137931085	-0.026087658	-0.0166067711	0.0225124217	-0.0443313061	0.0725094709	0.046123795	0.0143946584	0.0592270259	0.0393717537	-0.0317777049	0.0582007857	-0.0430348982	-0.0422309309	0.1238557489	-0.0119508579	-0.0136866446	-0.0923633116	0.1077743174	-0.0989771243	-0.0728301792	0.0363640345	-0.0545930337	-0.0075815503	0.0820716158	0.0395863741	0.0280824991	-0.0742147004	-0.0466310022	-0.0167130059	0.0020559932	-0.0007970935	0.0044719506	-0.0515726265	-0.0525307026	-0.0375703816	-0.0282422749	-0.0017457396	0.0647714397	0.0713869003	-0.0301976902	-0.1335712284	-0.018185562	0.0137998387	0.0555557769	0.054059713	0.0672058091	-0.0158306603	-0.0436195679	-0.036568326	-0.0383073253	-0.0357431807	-0.0347512791	-0.0165185736	-0.0204525991	-0.1003075668	-0.0692295481	-0.0277939342	0.0569244323	-0.0018876066	0.0649773331	0.0134855939	-0.0075177988	-0.0052898993	0.0169165116	-0.0215034872	0.0294621643	-0.0438606906	-0.0296527457	-0.0051228438	0.0457215606	0.0564816874	-0.0357082286	0.0648291236	0.0308028002	0.0193307907	-0.0012464241	-0.0140307932	0.0590968372	0.0147073645	0.0700885214	-0.0668740781	-0.1733501159	0.0338223998	0.0547788695	-0.0893914983	0.1526886502	0.0324489017	-0.1149084802	-0.0694508568	-0.0551939921	0.0632952428	0.0194998713	-0.1024824068	-0.0726393066	-0.0734891578	-0.1075214951	-0.0452209339	-0.0342930526	-0.0420150378	0.0054209031	-0.085194427	0.0061335312	0.0912642749	0.0594350842	0.0260415176	0.0013551605	-0.0185255702	-0.036202871	0.0549378215	-0.0084933247	-0.021588722	-0.0320340622	0.0189898768	-0.0167329452	0.0171229929	-0.0229303943	0.0196335566	0.0698561969	0.0096654861	0.0242406776	-0.0795889182	0.0735107199	-0.0637218759	0.0507165039	-0.0351510839	0.0178113211	0.0004275147	-0.0186447705	-0.0696549425674248	0.0159438421588049	0.0048518110240712	0.0002542061027848	-0.0361712251449262	0.0063132704315193	3.985738354149714e-05	0.0013083575284849	-0.1064457986328619	0.0190170816034652	0.0003616493927128	0.0113307080465877	-0.0164466292341042	-0.0001799275557325	3.237392531190741e-08	0.000270491613164	0.0023341717086797	0.000441229508512	5.44835756560071e-06	1.946834791818292e-07	0.0028568980765727	-0.0002402093132825	5.770051418765028e-08	8.161866619924794e-06	0.0	0.0	0.0	0.0
1762.3996295240445	-0.8219311208758882	0.6755707674642939	3106052.454146489	2418.3739067360207	-19.60502144142447	384.3568657187132	5848532.352781643	1921.1211347565124	-1.1944183302150575	3690706.41440815	1.426635147553727	2056.8342107203443	1484.3445628111342	0.883953	27.538546	0.1095002687099868	0.0601392099461211	0.0238954397	0.0150607637	0.0500111901	0.0264077502	0.0063651814	-0.0511762926	-0.0282540243	0.0215952875	-0.0535496153	0.0304914877	0.0124866761	-0.0196132235	-0.0408875538	0.0347284638	0.0351442118	-0.0270399259	-0.0084551141	0.0757544054	-0.0162672521	0.037692679	-0.0417316261	0.0363583847	0.0560509199	0.0167945747	0.0349080216	0.0460469083	0.023151889	0.0908145452	0.0025791329	0.0018169709	0.0037894356	0.0555008001	0.0572456518	0.0785467455	0.0404711577	0.045007358	-0.0234653356	-0.0441390831	0.0250029807	0.0442417121	-0.1575679944	-0.0011680765	-0.0434325863	-0.0022582182	0.0438842989	-0.0494801428	-0.077125239	0.02568603	0.0451047269	-0.0003679975	0.0088712039	0.0128439248	0.0395030806	0.1321738299	-0.0450868707	0.074082839	0.0833577959	0.0114596924	0.0925861849	0.0222880368	-0.049988008	0.0770960451	0.0797963592	0.002065833	-0.1150579373	-0.0298271502	0.0675670045	0.0349973132	-0.0367547054	-0.0379023173	0.0278368658	0.0508277378	-0.0246392606	0.0261280648	-0.0094492641	0.0930220704	-0.0286861749	-0.0121211127	-0.0350541245	-0.0230472647	-0.0143892318	0.0107136451	0.0255963416	-0.1218054879	-0.02930083	0.0353785437	0.075365573	0.0144445482	-0.0247128123	0.0024170123	-0.0404257954	0.005948854	0.0800006791	-0.0280656765	0.0519891469	0.0361312234	0.0071767516	-0.0340772383	-0.0129098619	0.0075778837	-0.0986186876	-0.0527482979	-0.0514207122	-0.0425455439	-0.0005114405	-0.0076538465	0.0639449008	0.073841579	0.0813864895	-0.0027507479	0.0006617033	-0.077784	0.0810134854	0.0226686927	-0.0291016976	-0.0599676879	0.0587345022	0.0516374503	-0.0880483827	0.0500559169	-0.0718557655	-0.0207078691	-0.0233502291	0.0793150381	-0.0064539072	-0.0724862222	-0.0206817124	-0.0285973985	-0.0587024796	0.0320311238	0.0270012776	0.0595856876	-0.0105902813	0.0752505284	0.0536363257	0.0692081008	-0.0115848481	0.0224141062	0.0245415635	-0.0022708079	-0.0206135362	-0.0185142268	0.0299022231	-0.0592569476	-0.0183219496	-0.0166614259	0.0114410966	0.0307119853	-0.0062626667	0.0420938658	-0.0797754371	0.0742388174	-0.0652939789	0.0533515689	-0.0389598496	0.0227795284	-0.0055534252	-0.0119276293	-0.0673496316136663	0.0023053109537584	0.0045359728784965	5.314458593518896e-06	-0.0209604574689734	0.0152107676759527	0.0002313674532918	0.0004393407773086	-0.1272344816033026	-0.0207886829704407	0.0004321693396454	0.0161886133088611	-0.0154797845220978	0.0009668447120063	9.347886971347348e-07	0.0002396237288505	0.0022382358260857	-9.593588259399974e-05	5.0096996131735366e-06	9.203693569089702e-09	0.003218027624169	0.0003611295475962	1.304145501471082e-07	1.035570178991478e-05	0.0	0.0	0.0	0.0
1770.1024875810726	7.702858057028152	59.33402224672352	3133262.8165407013	2432.3725427698205	13.998636033799812	195.96181080679847	5916436.186820522	1926.415295732893	5.294160976380454	3711075.89163365	28.02814044382964	2058.4378392258554	1511.66342829392	0.897838	27.971111	0.1702319451001493	0.0984579690366997	0.01480189	0.0080610857	0.048325938	0.0303839431	0.024869539	0.0638953075	0.0017619265	0.0376734883	-0.1030120459	-0.023894321	0.0931362011	-0.0466875107	-0.0378602376	0.0042135617	-0.0794459684	-0.0348310203	0.0773898731	-0.0100804337	0.0011926109	0.0702731259	-0.0167744713	0.0423785217	0.0427152529	0.0441428077	-0.0357667457	-0.0389151095	0.0017890072	-0.1236073515	0.07288385	-0.0394194574	-0.0496196975	0.0440869666	-0.0690140548	0.0819411803	-0.065385862	-0.0003198776	-0.0771198134	-0.0514486266	0.0675836565	-0.0254913528	-0.0380874911	0.0241242376	0.0713545046	0.0891654752	0.0842263067	-0.0438149951	0.0048392982	0.1086861081	0.021014736	0.001138618	0.0644310186	-0.0306241687	-0.0369626722	-0.0210961227	0.0353399569	0.0322331901	0.00028559	-0.0116459432	-0.0202766848	-0.0324434585	0.0264388044	-0.0391727336	-0.1813219653	0.0435762143	0.023770343	0.055645581	0.0673546015	0.0863156065	-0.0367871775	-0.0842226547	0.0843768952	-0.030694298	-0.029487538	0.0394197299	-0.0270309051	0.0784386784	-0.0333531981	0.0346522192	-0.0385682281	-0.0486177842	0.0867052276	0.0165365436	-0.0299783944	0.129236349	-0.0675360654	0.0757992876	-0.0300580644	0.0538280768	0.0458527404	-0.0689249329	0.0051238493	-0.0455531923	0.0372679929	-0.0773899039	-0.0656696269	-0.0033788682	0.043503901	-0.0702011554	0.0059713205	0.0267597812	-0.002142461	-0.0140968645	0.0358404301	-0.069080063	-0.0695256526	-0.0096119043	-0.0065127919	0.0022048199	-0.0218209466	0.0385389447	-0.0488968295	-0.0207308323	-0.0639676709	0.02090955	0.0266912986	0.1797758386	-0.0339048947	-0.0390433663	-0.0473098797	0.1007161584	0.1521470952	0.0802947828	0.139634934	0.1030886388	0.0217014269	0.0168069436	-0.0214254163	-0.0194083224	-0.0387666981	0.0278977015	-0.0722120492	0.028266113	-0.0122610044	0.0281250634	0.092056539	0.0584333506	-0.0092405669	0.0073022909	0.0882731641	0.0300660761	-0.0702640852	-0.0278563256	0.0473576926	-0.0369533122	0.0081149904	-0.0476726704	-0.0119250013	0.0481538018	0.0362734423	-0.024970923	-0.0799532077	0.0749343514	-0.0668016447	0.0558930371	-0.0426618292	0.0276578354	-0.0115045374	-0.0051268245	-0.0933462627847205	-0.0259966311710541	0.008713524775874	0.0006758248322438	-0.0552985998204462	-0.0343381423514728	0.00117910802015	0.0030579351421018	-0.1141670841117203	0.0130673974915823	0.000170756877203	0.0130341230945726	-0.0170846211231686	-0.0016048366010708	2.575500516136481e-06	0.0002918842789222	0.0024259261162298	0.0001876902901441	5.885117521405802e-06	3.5227645014376464e-08	0.0030739590336631	-0.0001440685905059	2.0755758770356715e-08	9.44922414063898e-06	0.0	0.0	0.0	0.0
1767.4996589810423	-2.602828600030307	6.774716721135728	3124055.044498101	2426.930807608145	-5.441735161675297	29.612481569813266	5889993.144917524	1927.6439702581283	1.2286745252354194	3715811.27607252	1.5096410889624834	2056.932526776851	1488.051784076522	0.8980409999999999	27.977436	0.0760162802985002	0.0315288706261373	0.0395426685	-0.0007431904	0.037224898	0.1148893511	0.0245750596	0.0507123447	-0.0041774631	-0.0769812035	-0.0486593086	0.001467153	0.0493275626	-0.0174117723	-0.0627089871	0.0359942299	0.0805752124	-0.0007214541	0.0205432959	0.0083552122	0.0036622049	0.0434768174	0.0035731677	0.0807774307	0.0749087879	0.0373993339	-0.0450655825	0.0378300698	-0.0317166986	-0.0225659715	0.0550818929	-0.0288482918	0.0375926534	0.0728097168	-0.0538575553	-0.0995605501	-0.0045102491	-0.0483344718	0.0432516288	0.0514124173	0.0742767524	-0.0429594466	0.0631443159	0.0329220023	0.0697412036	0.0031687997	0.0951027522	-0.0580131341	0.040276861	0.0184250548	0.0162951962	0.033148774	-0.0047083369	-0.0703371216	0.0197708514	0.0445426608	0.0423465341	-0.001887705	-0.0392792109	-0.0620826539	-0.0687916545	0.0017508618	-0.059435269	-0.1131192131	0.0822182073	0.0198009172	-0.0381245695	0.054732609	-0.0696405053	0.0360980476	-0.0726389076	0.1504969593	0.0009830802	0.022428704	0.0296103902	0.0701016944	0.0092132187	0.0771228582	0.0042239948	-0.0669019305	-0.0394888915	-0.0120725753	0.0819436544	-0.0377001505	0.0432125184	0.0387549322	0.1055313679	-0.0122360712	0.0317705236	-0.0095508672	0.1302714288	0.0020688197	-0.0046341863	0.023585171	-0.0549155309	0.0514611497	0.0118506127	0.0480176502	0.022182981	0.0601682474	0.0262020652	0.0265935601	0.0614464736	0.0315806638	-0.0063664785	-0.0243419236	-0.0571514107	-0.0638401213	-0.0069445161	-0.0257973082	-0.0817515038	-0.0098707826	-0.0016963515	-0.0490124195	-0.0647405001	-0.0219264313	0.1160798198	0.096739152	-0.0244557206	0.0209512277	-0.0039837908	-0.0722706856	0.0609368404	-0.0081125022	-0.0388286046	-0.0160220295	0.0091582076	0.1406945697	-0.0311070209	-0.0245827339	-0.0357506385	0.0050726412	-0.1054990848	-0.0113774708	0.0592440505	0.0672145171	0.0370985103	0.0325296997	0.028714251	0.0030700059	0.098387663	0.0097401422	-0.0223925361	-0.0367633942	0.0704250294	-0.0115163049	0.0401440624	0.012797194	-0.0057663512	0.0237342037	0.0156159612	0.0231591514	-0.0801222105	0.0755970167	-0.0682433853	0.05833645	-0.0462468756	0.0324269895	-0.0173938582	0.0017099414	-0.0881600497251611	0.0051862130595593	0.0077721943675428	2.6896805899144413e-05	-0.0715603117587306	-0.0162617119382843	0.0002644432751637	0.0051208782190067	-0.0987008959524189	0.0154661881593013	0.0002392029761789	0.0097418668618102	-0.016775923288226	0.0003086978349426	9.529435329824953e-08	0.0002814316021724	0.0026058714231502	0.0001799453069203	6.790565873990848e-06	3.238031348267682e-08	0.002780558832699	-0.0002934002009641	8.608367792577429e-08	7.731507422100424e-06	0.0	0.0	0.0	0.0
1761.8201097522758	-5.679549228766518	32.257279441982355	3104010.0991275213	2435.085303129973	8.154495521827812	66.49579721550984	5929640.4335195925	1922.594985321188	-5.048984936940315	3696371.477582179	25.492248893450192	2062.18622288318	1520.9621124731757	1.099847	34.264481	0.2808272722226039	0.1909378440207585	0.0938834386	0.0626989828	0.1052508913	-0.0396597706	0.0437788504	-0.048581282	-0.0982010653	-0.0088451817	-0.0545904103	0.0152914095	0.030236447	-0.0196378536	-0.0064714998	0.0213780452	0.1492761489	0.0138350315	0.0112599357	0.1769191875	-0.0534499708	0.083076476	-0.0570175794	0.0484215104	0.0394006836	0.0479234266	-0.0163729873	-0.0037917381	-0.027691609	0.042366533	0.0205484789	0.0708558473	-0.0287851968	0.0163585099	0.0283696736	-0.0556680517	0.075342868	0.0531938433	0.0883132053	-0.1470279729	0.0167493364	0.0315590262	-0.0777388941	0.1175735809	-0.029132356	-0.0779726726	0.1252490995	0.1077338466	0.0292580833	-0.0967273302	0.0719401369	-0.0039802798	0.008923589	0.1329303146	0.0565555585	0.0492009695	0.0354074966	-0.0437416679	-0.0168418974	-0.0658698559	-0.0703293941	0.0407455416	0.0080009631	0.0426307474	0.0283057021	-0.0182908721	-0.0471171817	0.0077631132	-0.0628377019	-0.0393798936	-0.0673837781	-0.0349179624	0.0472941899	0.0294956612	-0.0535259616	0.0524999861	0.0239051074	0.1119480477	-0.0102833768	-0.0942202468	0.0310784808	-0.0158607109	0.0501644275	-0.031195447	-0.0140316781	-0.1307715291	-0.1118926837	-0.0330200107	0.0487420446	0.0309874864	-0.069605244	0.0165648382	-0.0779622561	-0.0229323446	0.0550665023	0.0626165987	0.1106703072	0.001980551	0.0064813638	0.0687296528	0.0342382595	0.123952533	-0.0789015668	0.0162567815	0.0873391332	0.0335271298	0.030114708	0.0916494999	0.1018472771	-0.028677611	0.0216102196	0.0583515409	0.0540377342	-0.0263044126	0.006648085	-0.0262237031	0.133064765	-0.1332323038	0.080367178	0.0906911054	0.0268305186	-0.0890867641	0.0119008349	-0.029657768	0.0276395747	0.0477804181	0.1040035767	0.0627161428	-0.0689862111	-0.0830667849	-0.0816449062	-0.0040569054	0.0240299096	0.0450521582	0.0056831123	0.0876991859	-0.0098820274	0.0207706987	0.021141905	-0.0288663556	0.0321595054	-0.0587137062	0.0575471529	-0.0568363162	0.0633985716	0.0060733369	0.0206591993	0.0820444073	-0.0242051281	-0.089768758	-0.0939371945	0.0558828598	-0.080282427	0.0762265226	-0.0696177779	0.0606775209	-0.0497051625	0.0370681691	-0.0231897558	0.0085347133	-0.105001762650005	-0.0168417129248439	0.0110253701596079	0.0002836432942428	-0.0173136718220376	0.0542466399366929	0.0029426979444212	0.0002997632319612	-0.1209592715009009	-0.0222583755484819	0.0004954352820572	0.0146311453620286	-0.0133555375693158	0.0034203857189102	1.1699038466124846e-05	0.0001783703837654	0.0028117429777325	0.0002058715545823	7.905898572828026e-06	4.2383096986132956e-08	0.0029039124354582	0.0001233536027592	1.5216111313674582e-08	8.432707432808775e-06	0.0	0.0	0.0	0.0
1758.04693983187	-3.773169920405735	14.23681124825462	3090729.0426522032	2435.623504921242	0.5382017912688752	0.2896611681250259	5932261.857724835	1915.426790845524	-7.168194475663995	3668859.791088783	51.38301204093982	2057.747133100624	1524.9405523425182	1.023348	31.881229	0.1996940789217662	0.0897506034537371	0.0086734537	0.0324119174	0.0731496521	-0.0962929955	0.0371415096	-0.0099412161	-0.0942616764	0.0417024798	0.030158952	-0.0126532702	-0.018911872	-0.0447720093	0.0194240751	0.048210318	-0.0621706079	-0.0375159273	-0.0294506643	0.0588780784	-0.0568015185	0.0255044727	-0.0863169454	-0.061088254	0.064053165	-0.0336730454	0.0123291482	0.0432119618	0.0240123301	0.0259866828	-0.0222765466	0.0615952162	-0.1103428491	-0.0511553297	0.0463788738	0.0189010288	-0.0384992723	-0.0276610777	0.0614811537	0.0222704855	0.0437115732	0.0085811179	-0.0237770922	0.0545858973	-0.0003342353	-0.0124529794	-0.0206587876	0.0499984756	-0.0283841699	-0.019161096	0.0611113952	0.0972025624	0.0043582278	-0.0110380162	-0.0207232449	-0.0545103406	0.0055393476	0.0112592951	-0.0558861658	-0.0243320793	0.0252147082	0.0187197344	-0.0413602797	-0.0189090675	-0.0305072336	-0.1781188664	0.0922786476	-0.0222431319	0.0341547267	0.0959074751	0.0254512979	-0.0426779454	-0.0002987452	0.0861992083	-0.0967332085	0.0009973652	0.0371862188	0.0225040231	0.0705767067	0.0271985783	-0.0063985612	-0.0527779559	0.0226703377	0.0109400744	-0.0331608756	-0.0458491169	-0.0075099808	-0.0106392729	-0.052311088	-0.1050873329	-0.0683901044	0.0025954144	-0.1052803228	0.0215271012	-0.0177972717	0.0275583114	-0.0239466322	0.0121178181	-0.0619219616	-0.0363845911	-0.039203646	0.0222765257	-0.0301043313	0.0421265955	0.0141105606	0.0210546692	-0.0479055748	0.0111210582	0.0117550589	-0.0294334281	0.0078423891	-0.0474013128	-0.041450226	-0.0271580242	-0.0164575497	-0.0455575296	0.036781232	-0.0504295389	0.0352554722	-0.01455317	0.0854324172	-0.0135069785	0.0780637096	0.0084724541	0.0021211568	-0.0172718329	-0.0264489549	-0.0777979249	-0.0130890159	-0.041305391	-0.0518116734	0.010994336	0.0158304358	0.0830737251	-0.0582607517	-0.0204189186	0.058428548	0.0182418325	-0.0631966946	-0.0070680471	-0.0068460959	-0.019956401	-0.0490823974	-0.015343893	0.0114788363	0.0135913213	-0.0168960621	0.0281965369	-0.0511583243	-0.0082768877	-0.050175939	-0.0588156553	-0.0804338397	0.0768225931	-0.0709234662	0.0629121428	-0.0530272111	0.0415630576	-0.0288611001	0.0152996203	-0.082692637731057	0.022309124918948	0.0068380723349198	0.0004976970546492	-0.0411726383664188	-0.0238589665443812	0.0005692502845659	0.0016951861500519	-0.0825753470792989	0.038383924421602	0.0014733256540032	0.0068186879452666	-0.0144773302664603	-0.0011217926971445	1.258418855366732e-06	0.0002095930916441	0.0019989277634391	-0.0008128152142934	3.995712203447642e-06	6.606685725868258e-07	0.003272145784757	0.0003682333492987	1.35595799535812e-07	1.0706938036703005e-05	0.0	0.0	0.0	0.0
1758.0034203720752	-0.0435194597948793	0.0018939433808381	3090576.026039915	2418.7009480794272	-16.92255684181464	286.3729300644475	5850114.27624032	1919.8140865343728	4.387295688848781	3685686.126855808	19.248363461391097	2055.112051994516	1493.0034315311802	0.960475	29.922518	0.1014419414256089	0.0502411443687723	0.0538480024	0.0374672561	-0.0060641482	-0.019835685	-0.0187205476	-0.0206064922	-0.0651112295	0.047740722	0.0296755113	0.0327539912	-0.0450034418	-0.0141636632	-0.0660371499	0.0672006812	-0.0442981742	0.0256238239	0.0057827877	0.029435551	-0.0162725504	0.0766358925	-0.0401244318	-0.071230615	0.0075916552	-0.0398366555	0.0341727624	0.0461006922	-0.0317079455	-0.0650999049	0.0532956899	-0.0979292332	-0.0484730701	-0.0026219819	-0.0105145246	0.0305104607	-0.0547331988	-0.0042426312	0.0193263737	-0.0465414993	0.0158272971	-0.0224114458	-0.0213537766	-0.0103393696	0.0602137757	0.029900369	-0.0778436393	-0.0071587528	0.0373419844	-0.04062987	-0.068882944	-0.040310079	0.0412874667	0.0537813509	-0.011097729	0.0902961109	-0.0605419449	-0.0294509005	0.0271487472	0.0302680958	0.0393941252	-0.0384916948	0.025597389	0.0368391375	-0.0022699856	-0.0248307913	0.0984078001	0.0772223414	0.0826929881	-0.0148950741	-0.0450850529	0.1026282956	-0.0260137436	0.0729764361	-0.0715268735	-0.0068656966	-0.035396438	0.0262470231	0.1172427223	0.0437533984	-0.0241788832	-0.0147962209	-0.0037844195	-0.0318729342	-0.0252199006	0.0798246594	0.0093454881	-0.002299951	-0.0608029721	-0.0490275062	0.0151925251	-0.0604086441	-0.0732910381	0.0185885367	-0.0142833398	-0.0713608024	-0.0495750597	0.0029275772	-0.0694540259	0.0697253086	-0.0210032852	-0.0446137883	0.0365340136	-0.0092309312	-0.0351644437	-0.0193192345	-0.0289539915	-0.0305760088	-0.0047559071	-0.0515547351	-0.0495843693	0.0951483329	-0.0337503121	-0.119557385	-0.0147595654	0.1616807029	0.06733085	-0.0063809114	0.0829293939	-0.0171383238	0.0103767118	0.0436121762	0.0368670592	0.0359153229	-0.0426863249	0.0033815256	-0.0373772827	-0.0157694371	-0.0584182724	-0.0850809803	-0.0839365827	-0.0112698451	-0.0914281391	-0.0011298897	-0.0137403057	-0.0534766399	0.0332003543	-0.0373368373	-0.0686159568	-0.0491145028	0.0428575467	0.0185019064	-0.072190611	0.0386274081	0.0016458956	-0.0069751036	-0.0083864202	0.0196819209	-0.0686935866	-0.0622175178	0.004762009	-0.0477029291	-0.0805764318	0.0773849666	-0.0721591615	0.0650363955	-0.0562039158	0.0458939156	-0.0343774302	0.0219572114	-0.0626798361288507	0.0200128016022063	0.0039287618571395	0.0004005122279692	-0.0483320629676313	-0.0071594246012124	5.125736062044668e-05	0.002335988310707	-0.1138508828058491	-0.0312755357265502	0.0009781591349827	0.0129620235156711	-0.0151006172132331	-0.0006232869467727	3.884866180173589e-07	0.0002280286402205	0.0019327002380113	-6.622752542779988e-05	3.735330210008936e-06	4.386085124289879e-09	0.0031017766670448	-0.0001703691177121	2.9025636270033416e-08	9.621018492223549e-06	0.0	0.0	0.0	0.0
1757.1455925721866	-0.8578277998885824	0.7358685342616857	3087560.6334958607	2409.2980728149414	-9.402875264485829	88.41406323947945	5804717.203669791	1921.702788784567	1.8887022501942283	3692941.6084223823	3.5671961898887417	2050.9237268247016	1464.6602275561445	0.8766119999999998	27.30986	0.1267577735836623	0.069561710431947	0.0541373873	0.0320441461	-0.0301077696	-0.0093925589	-0.0221476087	-0.0642593787	0.0122333788	0.0705754242	0.019080628	0.0011099941	-0.0206184077	-0.0123154591	-0.0511825224	0.0580051702	0.0600136809	-0.048828025	-0.0188673111	-0.0073641305	-0.0025568609	0.0202946227	-0.0252972002	0.0233727845	0.0527680382	0.0511612297	0.0725032886	-0.0643825028	-0.0229126831	0.0078893194	-0.06640585	-0.0498615593	-0.0749449	0.0545550487	0.0189770434	0.042420134	0.0372703947	-0.0639801782	-0.0475186292	-0.0622213236	0.0426154319	-0.097129173	0.0890195041	-0.0195186991	-8.11441e-05	0.0061606591	-0.0154526729	0.107869341	0.0612521093	0.0100193632	-0.1373765523	-0.0530204154	0.0948323132	0.0081213577	-0.0904096126	0.0597350422	-0.049820258	0.0625137643	0.0203535844	-0.0334021206	0.0150096206	0.0290098579	0.1076566792	0.025003382	0.0661674895	-0.0238110734	0.0489123936	-0.0711320144	0.0024552735	-0.0866385309	0.0480065967	-0.0664761134	0.0601729193	-0.0059914355	0.0032075682	0.0355752408	-0.0438690892	0.0120149824	0.0386891814	0.0507392261	-0.0497247275	-0.0515883748	0.0148539736	-0.1188917697	0.0257896491	-0.0053951079	-0.0350657217	-0.0090594684	-0.0683157313	-0.0141597236	0.0027388314	-0.006152304	0.0422825278	0.0486166681	-0.0098313491	-0.0272724663	-0.1012093612	-0.0413635841	-0.0986220396	-0.0527607312	-0.0077998142	-0.0239530708	0.0668049391	-0.0656799601	-0.0615521404	0.0157141158	0.0003721276	0.0021431617	-0.0600931848	-0.106845835	0.0207169465	0.1230291379	-0.0673239181	0.0378882161	0.0447220039	0.0703780145	0.0767754602	0.0124252709	-0.0666311043	-0.0331580568	-0.007554082	0.0458701163	-0.0153994972	0.0695103983	-0.0687660049	0.0002993481	0.0505299994	0.0779533265	-0.0500963654	-0.0733112634	-0.0850534923	-0.0074679547	0.0100037233	0.033508331	-0.0042441307	0.0650465334	-0.0442285478	-0.0654746831	-0.0569189132	-0.0179010984	0.0260060675	-0.0071984408	-0.0482305491	0.055748725	0.0100148845	-0.0226137458	-0.0111428562	0.0468986903	-0.061783019	-0.0544336462	-0.0260421262	0.0382478482	-0.0807101879	0.0779133966	-0.0733236445	0.0670465522	-0.0592265694	0.0500436514	-0.0397091175	0.0284607885	-0.0660848111261884	-0.0034049749973377	0.0043672022615839	1.1593854732494894e-05	-0.0140097752285157	0.0343222877391155	0.0011780194356466	0.0001962738019535	-0.1320582031014581	-0.018207320295609	0.0003315065123468	0.0174393690063859	-0.0140681661806236	0.0010324510326095	1.0659551347364235e-06	0.0001979132996856	0.0018541321610121	-7.856807699919998e-05	3.4378060704994e-06	6.172942723352217e-09	0.0034072213684681	0.0003054447014232	9.32964656275688e-08	1.1609157453745632e-05	0.0	0.0	0.0	0.0
1760.28022294299	3.134630370803279	9.825907561562303	3098586.4632842224	2416.557873761212	7.259800946270388	52.70470977946843	5839751.957237309	1925.293916076376	3.591127291809016	3706756.663280708	12.89619522597556	2059.368387486232	1471.5173656581778	0.789682	24.601643	0.0684173989567175	0.0355565650006845	0.0661101159	0.0541179254	-0.0436263089	-0.0454778074	-0.0343567569	-0.0480812935	-0.0051089078	0.0766091743	-0.0198823588	-0.046778721	-0.0569509081	-0.0400193064	-0.0260107467	0.1010011617	0.0454793002	0.0207684214	0.008575799	-0.0020194949	-0.0430314447	0.1239682038	0.0024494254	0.0156832904	0.0188305035	-0.0062579858	0.0360013413	-0.0512622305	-0.043245002	-0.0332626657	-0.0202659483	-0.043654955	0.001516912	-0.0676731761	0.0631853686	0.0745128574	0.0111130552	-0.003031074	0.0096232129	-0.0310671582	-0.0525118413	-0.0965004529	-0.0639125754	-0.0643013123	0.0731657608	0.0018084589	0.0348859248	0.0638139531	0.0188550482	0.0073089858	-0.0448328692	0.0232054525	0.0334734169	0.0139329064	-0.044768406	-0.1049658829	-0.002981075	-0.0254759977	0.0056695351	-0.0191465714	-0.0879972218	-0.0544861715	-0.0894306956	0.0096319132	-0.0717565835	-0.127060165	-0.0805014318	0.0751989226	0.0427123773	-0.0120895617	-0.0173525597	0.0443668528	0.0601469415	0.0194397891	-0.0645238372	-0.0274840952	-0.1015539685	0.0590709909	0.0334466362	0.0281564181	-0.041499547	-0.0134768211	0.0605631586	-0.0662327014	0.0034639864	0.0482459672	-0.0321398429	-0.0102831022	-0.069745198	-0.0210702456	-0.0449972808	0.0528108433	-0.0029242862	0.0669406172	-0.0430045423	-0.071638573	-0.0067175928	-0.0058171658	-0.0051195951	0.0168882194	-0.048700969	-0.0673545356	0.0477204909	0.0538571918	-0.0311348988	0.0088618887	-0.0602247928	0.0793148648	-0.0151253302	0.0423449413	-0.0061606953	-0.0288310535	0.0327868356	0.0683342534	-0.0719892047	0.0147946912	0.0310226427	-0.0242727285	0.0038841249	-0.0259510887	-0.0264622231	-0.0021216412	-0.0189710669	0.044035553	-0.0703233369	0.07122473	0.0348275703	-0.0295665849	-0.0711975969	-0.0977277529	-0.0903172327	0.0035237058	-0.0060683379	0.0542677164	-0.0298305566	0.0137690981	-0.0183256023	-0.0461909546	-0.0542677301	-0.0111646372	0.0531599023	0.027357186	-0.0622594435	0.0207139433	-0.0162320465	-0.0166479582	-0.0363217674	0.033049932	-0.0696043885	-0.1156807593	0.0254833075	0.0161167868	-0.0808350932	0.0784076511	-0.0744157659	0.0689390864	-0.0620868871	0.0539958877	-0.0448275254	0.0347647336	-0.0589793216789047	0.0071054894472837	0.0034785603857037	5.048798028546006e-05	-0.0166333808172396	-0.0026236055887238	6.883306285183276e-06	0.0002766693574113	-0.1325360551299681	-0.00047785202851	2.2834256115112258e-07	0.0175658059094139	-0.0136931932095789	0.0003749729710446	1.4060472901408865e-07	0.0001875035402748	0.0014982173236737	-0.0003559148373383	2.2446551489559845e-06	1.266753714376197e-07	0.0029739001390072	-0.0004333212294608	1.877672879015059e-07	8.844082036787044e-06	0.0	0.0	0.0	0.0
1765.844716980978	5.564494037988197	30.963593898806195	3118207.5644896305	2437.1212525544342	20.56337879322245	422.852547393551	5939559.999652495	1924.2326999978736	-1.0612160785024116	3702671.483741107	1.1261795652720366	2058.0613860685585	1485.1518240861133	1.142671	35.598625	0.2589859296350436	0.1522561477002243	-0.0359259829	-0.0045227084	-0.0178738371	0.0070471985	0.0284797013	0.032752936	-0.038259769	-0.0437627528	0.0813729766	-0.0976467776	-0.0192051157	-0.0327594995	-0.0936216652	0.0567219433	-0.0348304727	0.0116417665	0.0850809496	-0.0235301137	0.1183646176	0.0710621128	0.0257949679	-0.0239258232	0.041993587	0.0530963536	-0.1060187394	-0.0165297348	-0.1106205166	0.0311689808	-0.0643420835	-0.0464410101	-0.0045609924	0.0159366343	-0.0581706883	0.0280640144	-0.0723930024	-0.1087299093	-0.0407465125	-0.0075978277	-0.0264401051	-0.0339235625	-0.0494842096	-0.0428034511	-0.0482984519	0.0101769313	-0.0023198075	0.0200465086	-0.0436699302	0.1419277498	-0.03723696	0.1172908166	-0.1737517548	-0.0280278458	0.0213293935	-0.0058393478	0.0755388586	0.0730493428	-0.1369441271	-0.0041073318	0.0794664298	0.0894451695	-0.0194546947	0.0824326761	0.0584648694	-0.0160292455	0.0650826618	-0.05491845	0.0089273072	-0.0281598066	0.0324203087	0.0349503531	-0.0820139134	0.021756431	0.0302890576	-0.0813815051	0.002979304	0.0446724444	0.1156602942	-0.0702645168	-0.0371123446	-0.0256971402	-0.0013810638	-0.1205490234	-0.0487878423	0.0697683971	0.0339149485	0.0455918004	-0.031992371	-0.0716345975	-0.0441136755	-0.078156787	0.1203699901	-0.0258218683	-0.0455677739	0.0386926161	-0.0363382265	0.0461448811	0.0746579395	-0.051967059	-0.04794299	0.0305124396	-0.0176250682	0.0054520613	-0.0907437622	-0.0385309657	-0.0219196491	-0.0109790735	-0.0032820742	-0.0190731217	0.0470332747	-0.0590691693	-0.0327277033	0.0144456885	0.0642360947	-0.0142699578	-0.0634395694	0.0397623962	0.0059518076	-0.0249254124	0.0816211537	-0.0543734728	-0.0161337822	-0.018421804	-0.1236887553	0.0167282851	0.0920348967	-0.0277831867	0.0470067475	0.0037541778	-0.0163322146	-0.0091405342	-0.0380145383	-0.0034316745	-0.1142583083	0.0364293499	-0.0643376562	-0.0224254955	-0.0149720141	0.0495151173	-0.0542422324	0.0264752668	0.0158700128	0.1676914431	-0.0151013254	0.0574401589	-0.0804445838	0.0392441697	-0.0354279675	-0.0521274373	-0.0735467829	-0.0998236351	-0.0809511339	0.0788675135	-0.0754344479	0.0707106781	-0.064777029	0.0577350269	-0.0497051625	0.040824829	-0.0144797998434711	0.0444995218354336	0.0002096646035069	0.0019802074435822	0.0033900987987749	0.0200234796160145	0.0004009397359329	1.149276986545502e-05	0.0066760864300974	0.1392121415600655	0.0193800203577397	4.457013002213064e-05	-0.014499410115368	-0.0008062169057891	6.499856991801509e-07	0.0002102328936936	0.0013002385864446	-0.0001979787372291	1.6906203816794514e-06	3.9195580394829096e-08	0.0028730800495548	-0.0001008200894524	1.0164690437189954e-08	8.254588971149813e-06	0.0	0.0	0.0	0.0
1768.1681108708565	2.323393889878389	5.398159167524232	3126418.4683006136	2421.3467178344727	-15.774534719961594	248.8359456312738	5862919.927967774	1923.6430852009016	-0.5896147969720005	3700402.7192412433	0.3476456088083333	2059.078066939577	1538.995199456679	1.054559	32.85358	0.1534221896386989	0.0733975513706044	-0.0002750377	0.0126032802	0.1039081187	-0.0215001222	0.0456253846	0.0292161736	0.0331979487	-0.018546824	-0.0156230831	-0.0140439328	0.0274285373	-0.0574057005	0.0677229389	0.0811127328	0.019361967	-0.0710818934	0.0419065199	-0.046943028	0.0640666035	0.0886130823	0.0217349998	0.015905218	0.0405839916	-0.0173860153	0.0565091531	-0.0082498133	-0.1147129461	0.0116239762	-0.0800690937	-0.1099204031	0.0056317066	-0.0639983416	0.0281413028	-0.0304594008	0.052922642	0.0340286119	0.021779455	0.0324614582	-0.0069154611	-0.037475187	-0.038567635	0.0897257927	-0.0622938699	0.0399123575	-0.1200707458	0.1066839419	-0.046499934	-0.0943551203	0.0244898643	-0.0828400282	0.0293680214	-0.0138950406	0.0774090128	0.0161446798	0.0194797097	0.0395797206	-0.081449478	-0.0426942783	0.0030495739	-0.0353674128	0.1026242436	0.0113212407	-0.0041101334	-0.0259445655	-0.0408089049	-0.0417742072	-0.1098602897	-0.038726842	0.0874888556	-0.0456094301	0.1828978182	0.0018153091	0.0209302758	-0.0411345308	-0.0370407741	0.0566253695	0.0584696242	-0.032935064	-0.0682495303	-0.0068763125	0.0764603739	0.0025813451	0.0307577968	0.055176671	-0.010587378	-0.0367299413	0.0526213001	-0.067428221	-0.1390264761	0.0162641371	0.0296391673	0.1046920599	0.0374694255	-0.0120487671	0.0355740236	0.0654643322	0.0097371962	-0.0490684218	0.0851157351	-0.0363864258	-0.0065027434	-0.0038034507	-0.0065142149	0.1044839031	0.0477540074	0.0296226813	-0.0167329902	-0.1146433361	-0.1437378487	0.1074571491	-0.0053789674	0.0111490076	0.0329795499	-0.0191278458	0.0789469851	-0.0441808639	0.050879036	-0.0205671364	0.0199214381	0.0520191769	-0.0937318424	0.0158174045	0.0422191898	0.008321541	-0.0427492565	-0.0141542173	-0.005722935	-0.0441911479	-0.0568173286	-0.0062101077	-0.1093513642	-0.0226645724	-0.0731187524	0.0295679821	-0.0005618891	0.015509648	0.0303742634	0.0567334491	0.0107912297	0.0275348913	0.0529725878	0.0962302854	0.0048110965	0.133513339	-0.055000112	0.067939921	-0.0593174226	-0.0264871343	-0.0913168568	-0.0979127991	-0.0810582975	0.0792927819	-0.0763786853	0.0723582192	-0.0672896215	0.0612463124	-0.054315831	0.0465985677	-0.0343262756544646	-0.0198464758109934	0.0011782932003062	0.0003938826021163	-0.0376128224595362	-0.0410029212583111	0.0016812395517152	0.0014147244133725	-0.0429796142225669	-0.0496557006526643	0.002465688607307	0.0018472472387206	-0.0138112922547608	0.0006881178606072	4.735061900866304e-07	0.0001907517937464	0.0013296955834092	2.945699696460004e-05	1.7680903445379326e-06	8.677146701724557e-10	0.002732313068792	-0.0001407669807628	1.9815342873074518e-08	7.465534705891556e-06	0.0	0.0	0.0	0.0
1756.7851594934511	-11.382951377405334	129.571582060374	3086294.0966164307	2458.9330896448205	37.58637181034783	1412.73534586571	6046351.939350223	1919.34990800113	-4.293177199771662	3683904.069343946	18.43137046863925	2063.529464203757	1539.1184763444207	1.092278	34.028675	0.1176280593536702	0.0587604321618517	0.0785853717	0.0696467497	0.1083122131	-0.1220031035	0.0088219558	-0.0380845177	-0.1472110143	-0.0686803822	-0.0205661421	-0.1142740853	-0.0011230459	-0.0299830427	0.0331506505	0.0245240465	0.0539771162	0.1174310624	0.0128072145	0.1145040544	-0.0191567793	0.0075487518	-0.0549306967	-0.0224347596	0.0924602176	-0.0706292515	-0.0185746763	-0.0646332882	-0.0505221121	0.0031839609	0.0229457839	0.0565456572	0.0098390435	0.0114658629	-0.0159758925	0.0250242343	-0.0234271196	-0.0189208564	0.0423548334	0.0016449249	0.0856593428	0.0408612644	0.0037201135	-0.0131729435	-0.0563681201	-0.0004125163	-0.0611051273	0.0006782524	-0.0301559221	0.0455378821	-0.0373452906	0.0080666747	0.0337727992	0.0741596216	-0.008433319	0.0697017967	0.1540563145	-0.0514029121	0.0688135538	-0.0360696866	0.0909765463	0.0694312925	0.044020895	0.0091783935	0.0650572693	0.0514413853	0.046031926	-0.0076031445	-0.0415437909	0.0040070942	0.037870287	0.0059896367	-0.0279483976	-0.0208970283	-0.0831231876	-0.0301273885	0.1009405638	0.0486966071	0.0946776095	-0.0846753679	-0.0440902918	0.0058008568	0.0183656859	-0.01375505	0.0734848039	-0.0458069656	0.0124323974	0.0001295821	-0.0700804067	-0.0155279745	-0.0699826588	0.0240424207	-0.0696179961	0.0384224324	0.0401189278	-0.0963060558	0.0165673131	-0.0176624954	-0.0852439093	0.0510957411	0.0291701938	0.0747066927	-0.0233174599	-0.0183583988	-0.0050646283	-0.0800956673	0.0796950024	0.036800345	-0.019225805	-0.1203030443	-0.0374053859	-0.0155641803	-0.0012897237	-0.0220818413	-0.0277997921	-0.0892484152	-0.0542396291	0.0166661457	0.0087958929	-0.0011164644	-0.0476135532	0.0356497552	-0.0626276151	-0.0162525073	-0.0010257713	-0.0566341799	0.0069667237	-0.0749656301	-0.0555305546	-0.0898184035	-0.0764578864	0.0043785952	-0.0019694532	0.0464390728	0.003330571	0.0216879149	-0.0032778857	-0.0214226358	-0.0700536635	3.69298e-05	0.022694758	-0.0188792042	0.0286462159	0.0037379789	-0.0325243141	0.083508162	0.0029331327	0.0783026433	-0.0389836988	-0.0021084271	-0.0470642083	-0.0168500834	-0.0811565722	0.0796832699	-0.0772475461	0.0738788195	-0.0696177779	0.0645158866	-0.0586347667	0.0520454508	-0.0691690578779287	-0.0348427822234641	0.0047843585677202	0.0012140194730717	-0.0192067111119769	0.0184061113475592	0.0003387849349387	0.0003688977517389	-0.0856089987115638	-0.0426293844889969	0.0018172644219107	0.0073289006603965	-0.0137601604406406	5.113181412019947e-05	2.61446241522263e-09	0.0001893420153521	0.0014701082222892	0.00014041263888	2.161218185242312e-06	1.9715709157245297e-08	0.0029757642416648	0.0002434511728727	5.926847357314187e-08	8.855172821970882e-06	0.0	0.0	0.0	0.0
1751.893385023584	-4.891774469867187	23.9294574640444	3069130.4324893914	2399.873706111201	-59.05938353361944	3488.010783371159	5759393.805283912	1919.0954849931352	-0.2544230079947738	3682927.480521037	0.0647310669971087	2054.9781262005176	1473.283361903334	1.012831	31.553589	0.1608438229523145	0.0781599442740572	0.0609856558	0.0507937301	-0.0249103348	-0.0445084785	-0.0034932444	-0.0779320852	-0.0617778112	0.0862863404	0.0335080075	0.062325728	-0.0845509329	-0.0096412716	-0.0250563379	0.1083987715	0.0221938337	-0.024527816	0.0481147774	-0.0065948187	-0.04566643	0.0717764834	-0.0594062527	-0.0514205403	0.0685754356	0.0433915801	-0.0475071793	-0.0601522178	0.0221922285	0.0066375544	-0.0046012256	-0.0081409004	0.0397476817	-0.0987829763	0.0532190999	0.0108656031	-0.0503591558	-0.0264630555	0.0389028681	-0.0421187822	0.0160231341	0.0060664062	0.0152571752	-0.0124624534	0.0406243513	-0.0465133542	-0.0896984474	-0.0252827436	-0.0010079294	-0.0228959668	0.025250721	0.1026826217	0.0289701704	-0.1204424291	-0.0125895756	-0.1189924398	0.0383566517	0.0137257571	-0.0365703807	0.1096815511	0.0680070532	-0.0149501411	0.0040172654	-0.0389548825	-0.0270675949	0.0626023946	0.0714802778	0.0575250269	0.0399129464	0.0664348122	-0.0480450539	-0.0875990621	0.0118291311	-0.0560557162	-0.0909855934	-0.023702021	-0.0094592123	0.0452516062	0.0800798881	0.0222020121	-0.0260761043	-0.0521308874	0.0012715752	-0.0721574427	0.0097148104	0.0018452897	-0.0381067195	-0.045194504	-0.0291360089	-0.0036948637	-0.0060800242	0.035316236	-0.0124172671	0.0445016412	-0.0176096828	-0.0190866529	-0.0432563166	-0.0881768758	0.1004769497	0.0662624191	-0.0510070272	-0.1232077154	0.0512506858	0.0123041098	0.0132153342	0.017013998	-0.0112739317	-0.0688718016	0.0038004454	0.0857041019	0.0767469519	-0.0538210056	-0.0278959637	0.0212140163	0.0019917934	-0.0520148898	-0.0238649186	0.0185677773	0.0203740875	0.0210561151	0.0578368762	0.1517175856	0.1497272309	0.0066668817	0.0740245927	0.0467209731	0.0430722685	-0.0131711772	-0.053010335	-0.0788804997	-0.08249705	0.0101434824	-0.0047554999	0.027955774	-0.011442887	-0.0362391838	0.0165557318	-0.0511512225	-0.089854375	0.0081579303	0.0623333372	-0.0066389917	-0.0628019718	0.0241338804	-0.0040025165	-0.0076745841	0.0173898513	-0.0030759481	-0.0460606822	-0.0452576165	-0.0234151745	0.002966476	-0.0812459471	0.0800388062	-0.0780401729	0.0752698111	-0.0717551168	0.0675308461	-0.0626387723	0.0571272725	-0.0852247859746597	-0.016055728096731	0.0072632641444265	0.0002577864047161	-0.0479680143531879	-0.0287613032412109	0.0008272125641328	0.0023009304009876	-0.1101710254290964	-0.0245620267175326	0.0006032931564727	0.0121376548440986	-0.0148516805758033	-0.0010915201351626	1.1914162054655968e-06	0.0002205724159256	0.0021301042695378	0.0006599960472485	4.537344199103164e-06	4.355947823837762e-07	0.0028979851261393	-7.77791155254998e-05	6.0495908119290444e-09	8.398317791324614e-06	0.0	0.0	0.0	0.0
1754.247477736255	2.3540927126709903	5.541752499850662	3077384.2131440123	2425.521011635109	25.647305523908017	657.7842806366826	5883152.177883402	1919.0452816312088	-0.0502033619263784	3682734.7929510055	0.0025203775487109	2056.070135343998	1492.4081775825634	0.972057	30.283329	0.2698621138718854	0.1761831283158023	0.0243728116	0.0173982043	0.0325686291	-0.0219931835	-0.0083988942	-0.0396241605	-0.0955569469	0.0569257629	0.0509341262	0.0037084714	-0.0294031081	-0.0462514463	-0.0361839532	-0.0248573027	-0.025148941	-0.0186640367	0.0968576548	0.0006490131	-0.0408406043	0.0154275525	-0.0196260187	-0.0306704749	0.0678618956	0.0045315589	0.0235044043	-0.0599379687	-0.0564141328	0.0305956325	-0.002380927	0.0943189894	0.0061337614	-0.1122123461	-0.018749589	0.0513437313	0.0166791952	-0.0708846313	-0.0979155303	0.0199091501	-0.0744221049	-0.02907662	-0.0767444701	0.0115547483	-0.0061462632	0.0286095592	0.0642581636	-0.0086127119	-0.0879451284	0.0315704311	0.1156642318	0.0057228858	-0.040517504	-0.0642417492	-0.0528664105	-0.0050621744	-0.1048983832	0.0029975682	0.1113094827	-0.0068832122	-0.0571748907	0.0494406647	-0.0855441749	0.072121936	-0.0363651883	0.0358483296	-0.0316710855	0.0034362609	-0.0129871118	-0.0628313976	0.0676366155	0.1042402087	0.0496499583	-0.0102282299	-0.0803172201	-0.0019185873	0.0068908998	0.022310098	0.0441988043	-0.0179596555	-0.0290317042	-0.0053031389	-0.0547774175	-0.0518079865	-0.092446791	-0.0468748555	-0.0508421109	0.0655757917	-0.0293167491	-0.1276637725	-0.0034091577	0.0506971569	-0.0146919911	-0.0358657868	-0.0081608406	-0.1233679772	-0.0454098129	0.031435433	0.1063062179	0.0105366339	0.0655959337	0.0633741026	0.0067180445	0.0127396429	-0.0541002683	-0.0035179706	0.0243728256	0.0096464433	-0.0302325862	0.0079994993	0.024366148	-0.0708078453	-0.1488217017	0.0670642044	-0.0061069439	-0.0142329176	-0.0511028389	0.0395251095	0.0010633565	0.0888484979	-0.0582898756	-0.0771289456	-0.1243812718	0.0068751637	-0.0338732898	0.176590919	-0.1129879155	0.048389283	-0.0138600318	-0.016160893	0.0024419614	0.0140385253	0.0566871553	0.0611851023	0.0103295134	-0.007125899	0.0290247613	0.013370711	-0.0447065741	-0.013497021	-0.0110009816	-0.0165010246	0.0039782899	0.0049401068	0.0562342538	0.0028699282	0.0378994562	0.0388217939	-0.0427197311	0.0020755372	-0.0634182411	0.0326183365	-0.0813264124	0.0803592349	-0.0787557834	0.076528754	-0.0736957799	0.0702792922	-0.0663063423	0.0618083875	-0.1127933968170964	-0.0275686108424366	0.0127223503655389	0.0007600283037817	-0.0026869594063896	0.0452810549467983	0.0020503739370949	7.219750851585552e-06	0.0534911658477241	0.1636621912768205	0.0267853128535305	0.0028613048237487	-0.0152266514286545	-0.0003749708528511	1.406031404879562e-07	0.0002318509137297	0.0024170468453064	0.0002869425757686	5.84211545240562e-06	8.233604178871876e-08	0.0029030768336361	5.091707496799897e-06	2.5925485232968275e-11	8.427855101994603e-06	0.0	0.0	0.0	0.0
1750.278583787996	-3.9688939482589376	15.752119172526418	3063475.120866913	2423.5959577207213	-1.9250539143877177	3.705832573299474	5873817.36628022	1917.349528501045	-1.6957531301638935	3676229.2144431793	2.875578678460644	2051.0310773060983	1469.931135388602	1.490317	46.429131	0.5423776248071114	0.3163011835547751	-0.0684791123	-0.0539310143	-0.0535502344	0.0492626525	0.0442520771	0.07510095	0.0348804307	-0.0234398361	0.124429095	-0.0207369266	0.0045207597	0.0345735922	0.0445684133	-0.2414850713	-0.1378213502	-0.2334662386	0.0212697947	-0.1630696658	-0.1237543754	-0.4620594468	0.1699912803	0.01900977	-0.4038273372	-0.0935370436	-0.1316688146	0.1885796224	-0.1207908686	0.0081141033	0.0362098206	-0.0945520259	-0.0499004841	-0.065581158	0.1408426624	0.0287005221	0.1230292922	-0.011957109	-0.1705062336	0.0333345235	0.1218200139	0.0472368335	-0.0212233975	0.0295394707	-0.0107826929	0.0587567156	0.0661560417	0.022854468	-0.0844501598	0.0362831933	0.0865185729	0.0022012438	-0.0256636607	0.0637620515	-0.0242471232	-0.0278855501	-0.0446878636	0.0498175336	-0.0379519376	0.0644866434	0.0071010312	0.0452603888	-0.0666307826	0.0071111932	-0.107387289	-0.0449341593	0.0712047252	0.1037851174	-0.0001096314	0.0454117505	-0.0156387682	-0.0376176871	0.0130843062	0.0290987241	0.0353771519	0.0131606588	0.1380333301	-0.398376377	-0.3251571019	0.0634098748	0.172006534	0.3607054274	-0.0103308656	-0.0037662055	-0.3264207186	-0.0212656538	0.1765132059	-0.1468006396	0.0344018667	0.0375235903	-0.0613613121	-0.0779830872	0.0053080432	0.034068773	0.044764475	-0.0575678451	-0.060816972	0.0546048115	0.1023618173	-0.1089991288	0.109645443	0.0397708123	-0.0968711579	-0.0614835636	-0.0244981987	-0.0331284187	-0.018566214	0.0257037194	0.0100321024	-0.0396029704	0.0513126545	-0.0632869401	-0.0199741786	-0.0465643642	-0.1362179401	0.0166438133	-0.0190687194	0.0684243229	0.1057502629	0.027185675	-0.0652675339	0.0125600339	0.0025283076	0.0400836901	0.0353072388	-0.0542882529	-0.0348089713	0.0088471907	0.0708512206	0.1160519596	0.1770241667	-0.0578420991	0.0926770424	-0.0998574804	0.0030457773	-0.1238201735	-0.0048546888	0.0325079094	0.1512863231	0.041529255	-0.0269923588	-0.0871883549	0.1535114291	-0.1415793826	-0.1042696479	-0.1023109437	0.0484121488	-0.1207729376	0.196779236	-0.0421704515	0.1955204773	-0.1195768575	-0.0813979594	0.0806444153	-0.0793936715	0.0776534394	-0.0754344479	0.0727503781	-0.0696177779	0.066055961	-0.0970427169364143	0.0157506798806821	0.009417288910401	0.0002480839167037	-0.080961568479509	-0.0782746090731194	0.0061269144255496	0.0065547755706622	0.306878283422904	0.2533871175751799	0.064205031353058	0.0941742808365882	-0.0182931713495333	-0.0030665199208787	9.403544425146512e-06	0.0003346401180233	0.0024569081148155	3.986126950909991e-05	6.036397484646253e-06	1.588920806877098e-09	0.0021101536584614	-0.0007929231751746	6.287271617291278e-07	4.452748462318031e-06	0.0	0.0	0.0	1.0
1748.8762315818087	-1.4023522061872882	1.9665917101983543	3058568.073391788	2392.22460909243	-31.371348628291344	984.1615147577972	5722738.58034743	1921.2238921407225	3.87436363967754	3691101.243732346	15.010693612455396	2054.826058091445	1455.7557819290498	1.145084	35.673798	0.2730432268151531	0.1569100088452804	-0.0140732873	-0.0235125646	-0.0715198668	0.0217552447	0.0686755079	0.0329046687	0.0285685016	0.0357874618	-0.0017997638	0.0406959403	-0.0341624199	0.0501271543	0.1838476823	-0.1376507139	0.0871671881	-0.0802990964	-0.0716301554	-0.0501686842	-0.1241945845	-0.2440075938	0.090336287	-0.0064837526	-0.1942751378	-0.0889244077	-0.1228758683	0.1744355907	0.0538555584	0.0141557286	0.036623272	0.0018840577	0.0794107382	-0.0895842386	0.0459395665	-0.0494028861	-0.0339315559	-0.0406126214	0.1325066029	-0.0985733741	-0.192934963	0.0356096102	0.0089330876	-0.0636047212	-0.0969347068	0.0522186722	0.0160393258	0.0696565521	0.0166446429	-0.0003034001	-0.1087107213	0.0291159243	0.0258246662	-0.131410927	-0.0652786599	0.1510023903	0.053329542	-0.0259625619	-0.0398382585	-0.0451874224	-0.1271242266	-0.1098922028	-0.002770675	-0.0180410254	0.0582214422	0.0486575797	-0.072841391	-0.1355043328	0.0493676477	-0.0519458652	-0.0075389606	-0.0872584629	-0.0102580106	0.0224510314	-0.0038264317	-0.0608172627	0.0563724886	-0.2174925618	-0.1816852995	0.0827618625	0.0717471908	0.1121352748	0.0638910121	0.0341179982	-0.0435045673	-0.0900885907	0.1367711443	-0.0824149984	-0.0607623386	0.0070076137	0.0138647648	-0.0401199334	-0.0877656956	0.0002695256	0.0279721107	-0.0152225637	0.0984528902	-0.0452891122	-0.1455924778	0.0998587507	-0.0317493374	0.0456816171	0.1218410292	0.0845029649	-0.0409180277	0.0385116981	0.0615937099	-0.0556630059	0.0913442551	0.164023242	0.0205764412	0.1362547615	0.0649736695	0.0069434982	0.2141825739	-0.002003362	0.0015734787	-0.0553518413	-0.0296367049	-0.0526399414	0.085633272	-0.1589618668	0.163788818	0.0520057925	0.0310445599	0.1172054166	0.0730382018	0.0175898833	0.026169858	0.0507413703	0.1070978762	-0.0534797848	0.0790242573	-0.0389704633	0.0509560309	-0.117932351	-0.0249248094	-0.0471038938	0.104817998	0.0160931523	0.0176998606	-0.0719254877	0.052524272	-0.1037358551	-0.1456868067	-0.064234104	-0.0576754131	-0.0998776233	0.1331602377	-0.0554562959	0.1490569433	-0.0467731497	-0.0814605803	0.0808942224	-0.0799532077	0.0786418943	-0.0769663555	0.0749343514	-0.0725552932	0.0698401994	-0.0847144073436396	0.0123283095927747	0.007176530811584	0.0001519872174153	-0.0315587646649788	0.0494028038145302	0.0024406370247369	0.0009959556271795	0.2065570274598158	-0.1003212559630882	0.0100643543980114	0.0426658055930351	-0.0163367029285297	0.0019564684210035	3.827768682384318e-06	0.000266887862575	0.002251948582483	-0.0002049595323324	5.071272418147193e-06	4.2008409893957086e-08	0.0021685428540205	5.83891955591e-05	3.4092981580388233e-09	4.702578109723375e-06	0.0	0.0	0.0	0.0
1750.488391264859	1.6121596830503222	2.5990588436529154	3064209.6079530343	2403.596002366808	11.37139327437808	129.308585000571	5777273.742593701	1918.2039671522648	-3.01992498845766	3679506.459598687	9.119946935911	2051.6013807756576	1433.3731665273683	1.031853	32.146214	0.1576071412723112	0.0849078624607029	-0.0596742941	-0.0416779123	-0.1474614535	-0.0010738712	0.0381968843	0.0173137475	0.0466172099	0.0034090108	0.1019645147	0.0086159476	-0.0044703723	0.0550476992	0.0904008518	-0.0867145318	0.0035305891	0.034717076	-0.0462352965	-0.055745363	0.0346515038	-0.0793546882	0.0069013754	-0.0734169657	0.0057829529	0.0773718969	-0.0347797812	-0.0622999048	0.1323945314	0.0063136961	0.0152523116	0.0315797733	0.012799864	0.1033181958	-0.1758266555	-0.05348281	-0.045538019	-0.0478518397	0.0074733742	0.1249025678	-0.0125992383	-0.0520280694	0.0550126647	0.0081151905	-0.0681138456	-0.0845086561	0.0243093864	-0.0545804654	-0.0001469732	-0.0034106564	0.0149162109	-0.0329002405	0.0351233899	-0.0068799933	0.1386454987	0.006553775	-0.0383709519	0.0929678357	0.0611436634	0.028471607	0.0914866177	0.0404710585	0.0788184847	-0.0110468576	0.038142495	0.0002252192	-0.040874831	0.0597255824	0.0179474977	0.0154926498	-0.0253907269	-0.0198580545	-0.048785104	-0.0142170747	0.0267546709	-0.0435678396	0.0309432841	-0.1262278359	0.0414502926	0.0170138708	0.0073672185	-0.0921714114	-0.0207631089	0.0249460306	0.0711506817	0.0106132716	-0.03416236	0.0522133604	0.0270028985	0.0083871772	0.0965302062	-0.0210231635	0.0411385373	-0.0392643857	-0.0475122229	0.1780412457	-0.0303709936	0.0824838028	-0.0622091179	0.0098444673	-0.0580027492	0.0069511845	-0.0125996606	-0.0393054081	0.0169981594	0.038462532	0.0601991491	-0.087320722	0.0099918946	0.0371829287	-0.0297592609	-0.0189437978	-0.0045453137	0.0115174614	0.0484896323	-0.1005969547	0.0475125309	0.1006915523	-0.1079294101	-0.017605961	-0.063580113	-0.0384353767	-0.0905768473	-0.0636030136	0.0731531866	-0.0506484774	-0.0187796262	0.0008308066	0.0568798927	0.078611396	0.1149743995	-0.0412741606	0.0568128367	-0.0203785032	-0.010893746	-0.1274159881	-0.0677737656	-0.0454873522	0.0736861242	-0.0178452287	-0.0644228957	-0.0193995897	-0.0096113647	-0.0173258714	0.0287056752	0.0160495266	-0.0294624045	-0.040555035	-0.0190377098	-0.0161106219	-0.0376722633	0.0034530678	-0.081514268	0.0811085467	-0.0804338397	0.0794923845	-0.0782873035	0.0768225931	-0.0751031108	0.073134559	-0.0702549116498687	0.0144594956937708	0.0049357526109308	0.0002090770157181	-0.027149947401341	0.0044088172636377	1.943766966415068e-05	0.0007371196438955	0.2731974695298333	0.0666404420700175	0.0044409485192873	0.0746368573575042	-0.015345661879428	0.0009910410491017	9.82162361004598e-07	0.0002354893385177	0.0018366966680791	-0.0004152519144039	3.373454650532868e-06	1.724341524161039e-07	0.0022042176154126	3.567476139209984e-05	1.272688600383257e-09	4.858575296095208e-06	0.0	0.0	0.0	0.0
1751.562026753504	1.073635488644868	1.1526931624777046	3067969.5335648423	2401.741035743996	-1.8549666228122987	3.440901171747665	5768360.002776641	1918.039325245432	-0.1646419068326849	3678874.8531879527	0.0271069574855025	2049.027102424748	1433.2850730988832	0.946759	29.49519	0.1122812926512907	0.0600666768036149	-0.0179612476	-0.0180794114	-0.1072787194	-0.0291489089	-0.0680233534	-0.0355210081	0.0762848227	0.0251499307	-0.0016291149	-0.0006792159	-0.0140315037	0.0615718316	0.0592131081	-0.1180998683	-0.0408460669	0.0180579332	-0.0485564878	-0.0609230597	-0.0017913287	-0.0482784463	0.0158163278	-0.0429724593	-0.0526497988	0.0660693137	0.0058075987	-0.0494066968	0.0095491411	0.0764744438	-0.0959596811	0.0618578033	0.0772143293	0.0822726753	-0.0142126679	-0.025482839	-0.0929632675	-0.0503934477	0.0829410818	-0.0155711519	-0.0152931357	0.0703992066	0.1281993859	-0.0778681419	-0.0193551301	0.0721091674	-0.1323839624	-0.1310889122	0.0712840703	-0.0151515856	0.0374886293	0.0269359373	0.0347182441	0.0399004994	-0.0468467513	-0.0135472375	-0.1003363014	-0.0085478482	0.0195174566	0.0808352025	0.0751071634	-0.0187307142	0.047300554	0.0374430766	-0.0427430112	-0.0791378751	0.1264988826	-0.0083481251	0.0884657706	0.0634330329	8.73988e-05	-0.0026716081	0.0250161098	-0.1323656362	0.0387479009	-0.0400322611	-0.0257862824	-0.1064407217	-0.0284285978	0.0408927455	0.0649640949	-0.0325452172	-0.0466356408	-0.0078574553	0.1463970063	-0.0700317292	0.047125863	0.0674151868	0.0111589012	0.0073726473	0.0121972594	0.042550769	0.0446140231	-0.0258981372	-0.0444433998	0.12587551	-0.0052645122	-0.0868843574	-0.002216334	0.0232150775	-0.0192542919	-0.0477882471	-0.0307369584	0.0360157686	-0.0585361567	0.0733781579	0.1120872694	-0.0465336457	-0.0180349964	-0.0174408674	0.027024613	0.049458559	-0.0104961779	0.0434457955	-0.0729641821	0.0543313183	-0.0441253666	-0.0705312143	-0.0713133243	-0.1090164696	-0.0009457784	0.0147687847	0.1215117062	-0.0595886071	0.0955024353	-0.0556824968	0.0299725366	-0.0352396113	0.0282487461	0.0463050356	0.0909811873	-0.0274886839	0.0904743694	0.0059383915	0.0396314326	-0.0481888815	-0.0973769634	-0.0637702013	-0.0005382779	-0.0337808103	-0.0580816153	-0.0013018375	0.0293583061	-0.0151054069	-0.0395402137	-0.0295745878	-0.0263866175	0.0239855125	-0.0019695028	-0.0140642417	0.0116976944	0.0571831756	-0.0815590168	0.081287294	-0.0808350932	0.0802034182	-0.0793936715	0.0784076511	-0.0772475461	0.0759159322	-0.0975397236605175	-0.0272848120106487	0.0095139976917701	0.0007444609664564	-0.0389251934313392	-0.0117752460299981	0.0001386564190669	0.0015151706836671	0.2325169255853296	-0.0406805439445037	0.0016549066556206	0.0540641206836537	-0.0154256033887542	-7.994150932620105e-05	6.390644913351089e-09	0.0002379492399071	0.0013032935600165	-0.0005334031080625	1.6985741035804824e-06	2.845188756908416e-07	0.0022416868113466	3.746919593399997e-05	1.4039406439404802e-09	5.025159760165286e-06	0.0	0.0	0.0	0.0
1762.0830078219587	10.52098106845483	110.69104264278494	3104936.5264548813	2402.28823739511	0.547201651114392	0.2994296469823168	5770988.775526905	1921.4363043564103	3.3969791109782363	3691917.47169882	11.539467080422488	2053.555251158871	1469.5307980912976	0.982254	30.600994	0.086293135716935	0.0413616189978632	-0.0881256935	-0.052591464	-0.0201075907	-0.0189683265	-0.0769788243	0.0273350767	0.0622666332	-0.0187201862	-0.0057163733	0.0156498671	-0.0753122328	0.0209186747	-0.0341967344	-0.060093629	-0.0886942883	0.0240047218	-0.0372301893	0.0083366794	0.0204117417	-0.0105353401	-0.0098807144	0.0370381784	-0.0166145833	0.0367749314	0.0971540984	-0.0087606002	0.0561896259	-0.0804389973	-0.0095892919	0.1039505158	-0.0287129815	-0.0227627466	-0.0568488127	0.0020326063	-0.0450364687	0.0633575234	0.1462623521	-0.0194800541	0.0619663382	-0.0400560287	-0.0231537089	-0.1197057943	0.1603850756	-0.025479619	0.0681391636	0.0112020652	0.0168616675	-0.0328746801	-0.0460970466	-0.0079135227	-0.0194183409	0.0611925698	-0.0613175538	0.0487180792	-0.0830124099	-0.0147106842	-0.0661015682	0.1327226162	-0.0363974743	0.045184997	-0.0097036024	-0.0346606719	0.0351815947	0.1303470642	0.0411757885	0.0112118893	-0.0625375325	0.0213691016	0.0966616726	0.1040634057	-0.1209027913	0.0488956441	0.0463816396	0.0108247881	-0.0311778299	0.0132715872	-0.08169833	0.0187046066	0.078597419	-0.0718104552	-0.1113898284	0.058583575	-0.0250837435	0.005732004	-0.0345170357	0.0815416731	-0.0346329142	0.034847476	0.0174572867	0.0646228486	0.0197379112	-0.0691553766	0.0029454128	0.0138220375	0.034269405	-0.0248183596	-0.1353964188	-0.0973646285	-0.1007303295	-0.0701660179	-0.0507763683	0.0925476893	0.0778547194	0.0091467927	-0.0485007405	0.0290563395	-0.0944562959	0.0034770609	0.0951398267	0.0724835391	0.0141057814	-0.0242130701	-0.076375904	-0.0716170249	-0.0188111819	-0.0321938407	0.0183515958	-0.0207501027	-0.0569837633	0.0048564303	-0.0581278851	0.0657599638	-0.0428529828	-0.1523222366	0.0925847649	0.0862823259	0.0712038965	0.0878861256	0.1145120318	-0.0179707474	0.0555788084	0.0043310153	-0.070045399	-0.0398709892	-0.0049038798	0.0472297522	0.0191626204	-0.0362086537	-0.1371772505	0.050125429	0.0226688517	0.023498337	0.0176636115	-0.0257431432	0.0450136327	0.0703557014	-0.0716940213	0.0036749464	-0.0556085859	-0.0127376664	-0.0815948217	0.0814303861	-0.0811565722	0.0807737477	-0.080282427	0.0796832699	-0.0789770813	0.0781648097	-0.0795063523034258	0.0180333713570916	0.0063212600565964	0.0003252024825027	-0.0431176032369364	-0.0041924098055972	1.7576299978067562e-05	0.0018591277088978	0.2495727527577358	0.0170558271724061	0.0002909012405349	0.0622865589190739	-0.0159999330879614	-0.0005743296992071	3.29854603391432e-07	0.0002559978588192	0.001048746006	-0.0002545475540165	1.099868185100952e-06	6.479445725578306e-08	0.0023530401057597	0.0001113532944131	1.2399556176650537e-08	5.53679773931362e-06	0.0	0.0	0.0	0.0
1765.9407224150857	3.857714593126957	14.881961882024685	3118546.6350839147	2406.50735812717	4.219120732059764	17.80097975169652	5791277.664720211	1919.2063003468847	-2.230004009525601	3683352.823291177	4.972917882500256	2049.339042590534	1480.7013411648506	0.909423	28.332031	0.245782199005606	0.1277584119753833	-0.0924928456	-0.0725554176	-0.013282367	0.0214615954	-0.0776598677	0.0945566243	0.0807677726	-0.0893290724	0.0318054944	0.0159476871	0.0111316021	0.0938696156	-0.0182274802	-0.0161069552	-0.1227628472	-0.0341831259	-0.0518193721	-0.0020072916	0.0861562706	-0.0083342634	0.0137746069	-0.0435607787	-0.0115350331	0.1016268354	0.0590750114	-0.0043894012	0.1268840794	0.0172753092	0.0422400868	0.01252286	-0.0589281387	0.0441720937	-0.0630589713	-0.1009855826	0.0009052688	0.0544159053	0.0258005867	0.0433792065	-0.1393086622	0.0365501495	-0.0933905542	-0.0135991299	-0.0457357526	0.0144558925	0.0463407483	-0.0609700333	-0.074436864	0.1043588354	0.019118403	-0.0656425189	-0.0520288976	-0.0106297174	-0.0031463779	-0.1121237271	-0.0779332015	-0.0380122121	0.0068876429	-0.0614064798	-0.0858212672	0.0206888911	0.0313691435	-0.0689613147	0.0557693732	-0.0221268188	-0.1451418892	0.0392749282	-0.0301592537	0.0163129397	-0.0401039103	0.0104922785	0.0539005567	-0.0049005808	0.1128422244	0.025920614	-0.0021250229	-0.0199551364	-0.019384063	-0.0414957477	0.0781788341	-0.1265815243	-0.1099707929	0.0891927919	0.0720297784	0.0361871087	-0.0546706891	0.0659914641	0.124986403	0.0458344611	0.0024160417	-0.0826248709	0.0316676469	-0.0718656599	0.0567196597	0.018628932	0.0072484464	0.0554359464	0.0579403333	-0.070349797	-0.0305346473	0.0369137726	0.0044024625	-0.0071798649	-0.0368535994	0.0326790832	0.0190049397	0.1003887428	-0.0681490825	0.0952364453	-0.0817887636	-0.1030460799	0.0414291549	-0.0480723122	0.0297821475	0.027161318	-0.029516229	-0.1212259184	-0.0756361058	0.0168185074	0.0739419079	-0.0714699558	-0.1196675888	-0.0680937563	-0.0260918609	0.0988349616	0.0263916971	0.0484882734	0.0806986314	0.1077558583	0.1447970214	-0.0526765239	-0.0525398758	-0.0838603083	-0.0190495173	-0.0341366708	-0.0237925308	0.0533051525	0.0548814256	-0.0537037928	-0.1373483691	0.0606424868	0.0800179497	0.0197631888	0.0617087993	0.007247615	0.0694796456	0.0615389778	-0.0508936885	0.0540436539	-0.0345950278	0.0057393912	-0.0816216788	0.0815377601	-0.0813979594	0.0812023727	-0.0809511339	0.0806444153	-0.080282427	0.0798654172	-0.0546901675667754	0.0248161847366504	0.0029910144284819	0.0006158430248835	-0.0843307945922902	-0.0412131913553538	0.001698527141693	0.007111682916567	0.3429912762111726	0.0934185234534367	0.0087270205242203	0.1176430155569688	-0.0171599437686231	-0.0011600106806617	1.3456247792492209e-06	0.0002944636701423	0.0014419152235876	0.0003931692175876	2.0791195120136785e-06	1.5458203365844568e-07	0.0021795340148057	-0.0001735060909539	3.0104363598137685e-08	4.750368521695053e-06	0.0	0.0	0.0	0.0
1766.248112593166	0.307390178080368	0.0944887215802803	3119632.395238921	2394.5790320502388	-11.928326076931173	142.28496299759618	5734008.740734658	1920.8008203580628	1.5945200111780196	3689475.791488207	2.542494066047152	2048.253667368279	1450.6075828634532	0.88329	27.5179	0.058008140129565	0.0339781971009857	-0.0726137111	-0.0663540483	-0.0809118826	0.0716760876	-0.0444194046	0.1092876672	0.1652559606	-0.0943372252	-0.0888333527	-0.016459068	0.0089752048	0.1251110333	0.0706532733	-0.0502765885	-0.0205613044	0.0541949233	-0.0036637649	-0.0807333186	0.1055969748	0.0071936702	0.0303633059	0.0433734289	-0.0096729347	0.0813972893	0.0911504114	-0.0487575801	0.033001454	-0.0040115037	-0.0653947533	-0.0733186975	0.0481532933	0.0514794224	-0.0070152103	-0.0774831634	-0.0019825194	0.0376076565	-0.0543082556	0.0527644652	0.035220936	-0.00623154	0.0218700948	0.0637310734	-0.0332553149	-0.0244438191	-0.0427530301	-0.027375828	-0.0199441612	-0.1541041459	0.0043740135	-0.0692520788	-0.0999925755	-0.0496677482	0.0159120031	-0.0756075322	-0.0366557862	-0.0541464667	0.0308268446	0.0120760548	0.0849978687	-0.0893900836	0.0063782103	0.0383417845	-0.0117165085	-0.0091633813	0.0157761587	-0.0448733347	0.0084871609	-0.0077460716	-0.0602306407	-0.0706140968	0.0149161538	0.0189830053	0.1397878861	-0.0026468097	-0.0287047932	0.007797698	-0.0824959265	0.0144825126	0.0378922993	-0.1183029758	-0.0880817321	0.0805059047	0.112945106	0.0998378262	-0.0060082112	-0.0095844086	0.0793982396	0.0168374621	-0.0157419028	-0.0153028461	0.1304811641	0.0039280953	-0.0157023134	0.0339667796	0.0007407146	0.006440093	0.1205334255	0.0638672585	0.0363813729	-0.0586822859	-0.0718791093	-0.0674861719	-0.0093756756	0.1080736283	-0.0556029797	0.0248686842	0.0208533172	-0.0054637771	-0.0732262369	0.0131430084	0.0648058884	0.0226265133	0.0293796882	0.0237824879	-0.0488829107	0.0384257938	0.0342818064	0.0745563233	0.0259036735	0.0351086215	0.0240668683	-0.0381628909	0.0458315276	-0.0684508722	-0.1071610119	0.0714455274	0.0665096957	0.0975441508	0.1428544737	-0.0621106472	-0.0288993031	-0.0653366287	0.0101175703	0.0349102353	-0.1159768371	-0.0017908473	0.0949400859	-0.0367563365	-0.0772640948	0.0586524908	0.0761069471	0.0171271433	0.0742004244	0.0328488608	0.0392111627	0.0349664375	0.0026715796	0.0426493354	-0.017899153	0.0481444353	-0.0816395852	0.0816093689	-0.0815590168	0.0814885411	-0.0813979594	0.081287294	-0.0811565722	0.0810058262	-0.0586676354276818	-0.0039774678609064	0.0034418914466753	1.5820250584543334e-05	-0.0675314976462573	0.0167992969460329	0.0002822163778809	0.0045605031743464	0.339766347068057	-0.0032249291431156	1.0400167978116434e-05	0.1154411705999713	-0.0166355214433538	0.0005244223252693	2.750187752408607e-07	0.0002767405736922	0.0015510940575871	0.0001091788339995	2.405892775482014e-06	1.1920017793490382e-08	0.0022260617791271	4.652776432140021e-05	2.164832852747762e-09	4.955351044490511e-06	0.0	0.0	0.0	0.0
1770.683885652047	4.435773058880841	19.67608262989309	3135321.422907831	2402.4427541097007	7.863722059461907	61.83812462846781	5771731.186774204	1927.3361930313229	6.535372673260099	3714624.800968473	42.71109597839485	2054.8075971080493	1467.200429537012	0.930061	28.974991	0.1930738141849726	0.1143751487376615	-0.0513682728	-0.0213493905	-0.0914971112	-0.0181549716	-0.0419384472	0.0930425645	0.137644474	-0.0876373015	-0.0695938282	-0.03282801	-0.1341654581	0.0013731621	0.0897696354	0.0200520362	0.0446769038	0.001825382	-0.0157706229	-0.0988956844	0.1112347677	0.0224712225	0.0809031597	0.0687263472	-0.0201774298	0.0136514553	-0.0061828709	-0.0118436886	0.0464763844	-0.0483171156	-0.0747475017	-0.0145568481	0.0732104658	0.0576294825	-0.0801155299	0.0330586592	-0.0491207535	0.0534096666	-0.0199566564	0.0919713514	0.023203867	-0.0729250013	0.036918699	-0.0397650926	0.0106252871	-0.0165016351	-0.0281159949	-0.0899495677	0.0617723785	-0.014436195	0.0466956841	-0.0238317625	-0.1039945979	0.0160116638	-0.0403766268	-0.0511297567	0.019467602	-0.0670922306	0.0391585561	-0.0196529233	-0.1032524406	0.0296180798	0.0118829086	-0.0956572455	-0.0304258803	-0.0176964298	-0.0131425626	-0.0809400256	-0.0992826251	-0.0477602149	0.0136385198	0.0755130141	0.0653344309	0.0705104691	0.1011775908	-0.0773952896	-0.0496930135	0.0071020054	-0.0633251484	0.0128282264	-0.004597483	-0.0160911955	0.028545268	0.1042509292	0.1189890417	0.0551155421	0.0870636999	0.060093215	0.0397684404	0.0474391942	-0.0208842355	-0.0267907238	0.076178411	-0.0337749183	-0.0853944599	-0.0286819913	-0.0496834378	-0.0021365452	0.0409796046	-0.0327732864	-0.0153091504	-0.0468339467	0.0083695711	0.0848377068	0.0492918442	-0.006159867	0.0028664305	-0.0226061137	0.0101940211	-0.1044407942	-0.1004684278	-0.0293979633	0.0717860659	0.0360921486	-0.0893114296	-0.042686889	-0.0405373613	-0.0352974035	-0.0473596812	0.0324687015	0.0600516629	-0.01197953	-0.1049298026	0.0357329103	-0.0762012966	-0.0047005658	-0.018632653	-0.0425313555	0.0634795421	0.0639536588	0.0987624914	-0.0395605659	0.0374574352	-0.0022089751	-0.0567105407	0.0652711535	-0.1475078518	0.0006800827	0.0514198465	-0.014172497	-0.0376085246	0.0640454021	0.0308071294	0.0327643186	0.0076022497	0.0539385012	-0.0190119103	0.0471895852	-0.0078173509	-0.0109571728	-0.0302143852	0.0662020147	-0.0816485389	0.0816451812	-0.0816395852	0.081631751	-0.0816216788	0.0816093689	-0.0815948217	0.0815780375	-0.0518282693679168	0.006839366059765	0.0026861695056733	4.6776928099465486e-05	-0.0475956086559961	0.0199358889902611	0.000397439669832	0.0022653419633347	0.2473548984781004	-0.0924114485899565	0.0085398758304941	0.0611844458011113	-0.0155710024655165	0.0010645189778372	1.1332006541757651e-06	0.0002424561177811	0.0013110985005875	-0.0002399955569996	1.7189792782427903e-06	5.75978673795483e-08	0.0020528341030642	-0.0001732276760629	3.0007827754153125e-08	4.214127854703398e-06	0.0	0.0	0.0	0.0
