
Mon Mar  9 11:12:24 CET 2026
cd /out/sourcedata/freesurfer/sub-v1s21x0050391_ses-1
setenv SUBJECTS_DIR /out/sourcedata/freesurfer
/opt/freesurfer/bin/recon-all -autorecon-hemi lh -noparcstats -noparcstats2 -noparcstats3 -nohyporelabel -nobalabels -lh-only -openmp 16 -subjid sub-v1s21x0050391_ses-1 -sd /out/sourcedata/freesurfer

subjid sub-v1s21x0050391_ses-1
setenv SUBJECTS_DIR /out/sourcedata/freesurfer
FREESURFER_HOME /opt/freesurfer
Actual FREESURFER_HOME /opt/freesurfer
build-stamp.txt: freesurfer-linux-ubuntu22_x86_64-7.3.2-20220804-6354275
Linux dna074 5.14.0-427.37.1.el9_4.x86_64 #1 SMP PREEMPT_DYNAMIC Fri Sep 13 12:41:50 EDT 2024 x86_64 x86_64 x86_64 GNU/Linux
cputime      unlimited
filesize     unlimited
datasize     unlimited
stacksize    8192 kbytes
coredumpsize 0 kbytes
memoryuse    67108864 kbytes
vmemoryuse   unlimited
descriptors  1024 
memorylocked unlimited
maxproc      2061970 
maxlocks     unlimited
maxsignal    2062029 
maxmessage   819200 
maxnice      0 
maxrtprio    0 
maxrttime    unlimited

               total        used        free      shared  buff/cache   available
Mem:           503Gi        51Gi       412Gi        11Gi        39Gi       437Gi
Swap:             0B          0B          0B

########################################
program versions used
7.3.2 (freesurfer-linux-ubuntu22_x86_64-7.3.2-20220804-6354275)
7.3.2

ProgramName: lta_convert  ProgramArguments: lta_convert -all-info  ProgramVersion: 7.3.2  TimeStamp: 2026/03/09-10:12:24-GMT  BuildTime: Aug  4 2022 06:17:15  BuildStamp: freesurfer-linux-ubuntu22_x86_64-7.3.2-20220804-6354275  User: oesteban  Machine: dna074  Platform: Linux  PlatformVersion: 5.14.0-427.37.1.el9_4.x86_64  CompilerName: GCC  CompilerVersion: 8.4.0
ProgramName: mri_and  ProgramArguments: mri_and -all-info  ProgramVersion: 7.3.2  TimeStamp: 2026/03/09-10:12:24-GMT  BuildTime: Aug  4 2022 06:17:15  BuildStamp: freesurfer-linux-ubuntu22_x86_64-7.3.2-20220804-6354275  User: oesteban  Machine: dna074  Platform: Linux  PlatformVersion: 5.14.0-427.37.1.el9_4.x86_64  CompilerName: GCC  CompilerVersion: 8.4.0
ProgramName: mri_annotation2label  ProgramArguments: mri_annotation2label -all-info  ProgramVersion: 7.3.2  TimeStamp: 2026/03/09-10:12:24-GMT  BuildTime: Aug  4 2022 06:17:15  BuildStamp: freesurfer-linux-ubuntu22_x86_64-7.3.2-20220804-6354275  User: oesteban  Machine: dna074  Platform: Linux  PlatformVersion: 5.14.0-427.37.1.el9_4.x86_64  CompilerName: GCC  CompilerVersion: 8.4.0
ProgramName: mri_aparc2aseg  ProgramArguments: mri_aparc2aseg -all-info  ProgramVersion: 7.3.2  TimeStamp: 2026/03/09-10:12:24-GMT  BuildTime: Aug  4 2022 06:17:15  BuildStamp: freesurfer-linux-ubuntu22_x86_64-7.3.2-20220804-6354275  User: oesteban  Machine: dna074  Platform: Linux  PlatformVersion: 5.14.0-427.37.1.el9_4.x86_64  CompilerName: GCC  CompilerVersion: 8.4.0
ProgramName: mri_surf2volseg  ProgramArguments: mri_surf2volseg -all-info  ProgramVersion: 7.3.2  TimeStamp: 2026/03/09-10:12:24-GMT  BuildTime: Aug  4 2022 06:17:15  BuildStamp: freesurfer-linux-ubuntu22_x86_64-7.3.2-20220804-6354275  User: oesteban  Machine: dna074  Platform: Linux  PlatformVersion: 5.14.0-427.37.1.el9_4.x86_64  CompilerName: GCC  CompilerVersion: 8.4.0
ProgramName: mri_binarize  ProgramArguments: mri_binarize -all-info  ProgramVersion: 7.3.2  TimeStamp: 2026/03/09-10:12:24-GMT  BuildTime: Aug  4 2022 06:17:15  BuildStamp: freesurfer-linux-ubuntu22_x86_64-7.3.2-20220804-6354275  User: oesteban  Machine: dna074  Platform: Linux  PlatformVersion: 5.14.0-427.37.1.el9_4.x86_64  CompilerName: GCC  CompilerVersion: 8.4.0
ProgramName: mri_ca_label  ProgramArguments: mri_ca_label -all-info  ProgramVersion: 7.3.2  TimeStamp: 2026/03/09-10:12:24-GMT  BuildTime: Aug  4 2022 06:17:15  BuildStamp: freesurfer-linux-ubuntu22_x86_64-7.3.2-20220804-6354275  User: oesteban  Machine: dna074  Platform: Linux  PlatformVersion: 5.14.0-427.37.1.el9_4.x86_64  CompilerName: GCC  CompilerVersion: 8.4.0
ProgramName: mri_ca_normalize  ProgramArguments: mri_ca_normalize -all-info  ProgramVersion: 7.3.2  TimeStamp: 2026/03/09-10:12:24-GMT  BuildTime: Aug  4 2022 06:17:15  BuildStamp: freesurfer-linux-ubuntu22_x86_64-7.3.2-20220804-6354275  User: oesteban  Machine: dna074  Platform: Linux  PlatformVersion: 5.14.0-427.37.1.el9_4.x86_64  CompilerName: GCC  CompilerVersion: 8.4.0
ProgramName: mri_ca_register  ProgramArguments: mri_ca_register -all-info  ProgramVersion: 7.3.2  TimeStamp: 2026/03/09-10:12:24-GMT  BuildTime: Aug  4 2022 06:17:15  BuildStamp: freesurfer-linux-ubuntu22_x86_64-7.3.2-20220804-6354275  User: oesteban  Machine: dna074  Platform: Linux  PlatformVersion: 5.14.0-427.37.1.el9_4.x86_64  CompilerName: GCC  CompilerVersion: 8.4.0
ProgramName: mri_cc  ProgramArguments: mri_cc -all-info  ProgramVersion: 7.3.2  TimeStamp: 2026/03/09-10:12:24-GMT  BuildTime: Aug  4 2022 06:17:15  BuildStamp: freesurfer-linux-ubuntu22_x86_64-7.3.2-20220804-6354275  User: oesteban  Machine: dna074  Platform: Linux  PlatformVersion: 5.14.0-427.37.1.el9_4.x86_64  CompilerName: GCC  CompilerVersion: 8.4.0
ProgramName: mri_compute_overlap  ProgramArguments: mri_compute_overlap -all-info  ProgramVersion: 7.3.2  TimeStamp: 2026/03/09-10:12:24-GMT  BuildTime: Aug  4 2022 06:17:15  BuildStamp: freesurfer-linux-ubuntu22_x86_64-7.3.2-20220804-6354275  User: oesteban  Machine: dna074  Platform: Linux  PlatformVersion: 5.14.0-427.37.1.el9_4.x86_64  CompilerName: GCC  CompilerVersion: 8.4.0
ProgramName: mri_compute_seg_overlap  ProgramArguments: mri_compute_seg_overlap -all-info  ProgramVersion: 7.3.2  TimeStamp: 2026/03/09-10:12:24-GMT  BuildTime: Aug  4 2022 06:17:15  BuildStamp: freesurfer-linux-ubuntu22_x86_64-7.3.2-20220804-6354275  User: oesteban  Machine: dna074  Platform: Linux  PlatformVersion: 5.14.0-427.37.1.el9_4.x86_64  CompilerName: GCC  CompilerVersion: 8.4.0
ProgramName: mri_concat  ProgramArguments: mri_concat -all-info  ProgramVersion: 7.3.2  TimeStamp: 2026/03/09-10:12:24-GMT  BuildTime: Aug  4 2022 06:17:15  BuildStamp: freesurfer-linux-ubuntu22_x86_64-7.3.2-20220804-6354275  User: oesteban  Machine: dna074  Platform: Linux  PlatformVersion: 5.14.0-427.37.1.el9_4.x86_64  CompilerName: GCC  CompilerVersion: 8.4.0
ProgramName: mri_concatenate_lta  ProgramArguments: mri_concatenate_lta -all-info  ProgramVersion: 7.3.2  TimeStamp: 2026/03/09-10:12:24-GMT  BuildTime: Aug  4 2022 06:17:15  BuildStamp: freesurfer-linux-ubuntu22_x86_64-7.3.2-20220804-6354275  User: oesteban  Machine: dna074  Platform: Linux  PlatformVersion: 5.14.0-427.37.1.el9_4.x86_64  CompilerName: GCC  CompilerVersion: 8.4.0
mri_convert -all-info 
ProgramName: mri_convert  ProgramArguments: mri_convert -all-info  ProgramVersion: 7.3.2  TimeStamp: 2026/03/09-10:12:24-GMT  BuildTime: Aug  4 2022 06:17:15  BuildStamp: freesurfer-linux-ubuntu22_x86_64-7.3.2-20220804-6354275  User: oesteban  Machine: dna074  Platform: Linux  PlatformVersion: 5.14.0-427.37.1.el9_4.x86_64  CompilerName: GCC  CompilerVersion: 8.4.0
ProgramName: mri_diff  ProgramArguments: mri_diff -all-info  ProgramVersion: 7.3.2  TimeStamp: 2026/03/09-10:12:24-GMT  BuildTime: Aug  4 2022 06:17:15  BuildStamp: freesurfer-linux-ubuntu22_x86_64-7.3.2-20220804-6354275  User: oesteban  Machine: dna074  Platform: Linux  PlatformVersion: 5.14.0-427.37.1.el9_4.x86_64  CompilerName: GCC  CompilerVersion: 8.4.0
ProgramName: mri_edit_wm_with_aseg  ProgramArguments: mri_edit_wm_with_aseg -all-info  ProgramVersion: 7.3.2  TimeStamp: 2026/03/09-10:12:24-GMT  BuildTime: Aug  4 2022 06:17:15  BuildStamp: freesurfer-linux-ubuntu22_x86_64-7.3.2-20220804-6354275  User: oesteban  Machine: dna074  Platform: Linux  PlatformVersion: 5.14.0-427.37.1.el9_4.x86_64  CompilerName: GCC  CompilerVersion: 8.4.0
ProgramName: mri_em_register  ProgramArguments: mri_em_register -all-info  ProgramVersion: 7.3.2  TimeStamp: 2026/03/09-10:12:24-GMT  BuildTime: Aug  4 2022 06:17:15  BuildStamp: freesurfer-linux-ubuntu22_x86_64-7.3.2-20220804-6354275  User: oesteban  Machine: dna074  Platform: Linux  PlatformVersion: 5.14.0-427.37.1.el9_4.x86_64  CompilerName: GCC  CompilerVersion: 8.4.0
ProgramName: mri_fill  ProgramArguments: mri_fill -all-info  ProgramVersion: 7.3.2  TimeStamp: 2026/03/09-10:12:24-GMT  BuildTime: Aug  4 2022 06:17:15  BuildStamp: freesurfer-linux-ubuntu22_x86_64-7.3.2-20220804-6354275  User: oesteban  Machine: dna074  Platform: Linux  PlatformVersion: 5.14.0-427.37.1.el9_4.x86_64  CompilerName: GCC  CompilerVersion: 8.4.0
ProgramName: mri_fuse_segmentations  ProgramArguments: mri_fuse_segmentations -all-info  ProgramVersion: 7.3.2  TimeStamp: 2026/03/09-10:12:24-GMT  BuildTime: Aug  4 2022 06:17:15  BuildStamp: freesurfer-linux-ubuntu22_x86_64-7.3.2-20220804-6354275  User: oesteban  Machine: dna074  Platform: Linux  PlatformVersion: 5.14.0-427.37.1.el9_4.x86_64  CompilerName: GCC  CompilerVersion: 8.4.0
ProgramName: mri_fwhm  ProgramArguments: mri_fwhm -all-info  ProgramVersion: 7.3.2  TimeStamp: 2026/03/09-10:12:24-GMT  BuildTime: Aug  4 2022 06:17:15  BuildStamp: freesurfer-linux-ubuntu22_x86_64-7.3.2-20220804-6354275  User: oesteban  Machine: dna074  Platform: Linux  PlatformVersion: 5.14.0-427.37.1.el9_4.x86_64  CompilerName: GCC  CompilerVersion: 8.4.0
ProgramName: mri_gcut  ProgramArguments: mri_gcut -all-info  ProgramVersion: 7.3.2  TimeStamp: 2026/03/09-10:12:24-GMT  BuildTime: Aug  4 2022 06:17:15  BuildStamp: freesurfer-linux-ubuntu22_x86_64-7.3.2-20220804-6354275  User: oesteban  Machine: dna074  Platform: Linux  PlatformVersion: 5.14.0-427.37.1.el9_4.x86_64  CompilerName: GCC  CompilerVersion: 8.4.0
ProgramName: mri_info  ProgramArguments: mri_info -all-info  ProgramVersion: 7.3.2  TimeStamp: 2026/03/09-10:12:24-GMT  BuildTime: Aug  4 2022 06:17:15  BuildStamp: freesurfer-linux-ubuntu22_x86_64-7.3.2-20220804-6354275  User: oesteban  Machine: dna074  Platform: Linux  PlatformVersion: 5.14.0-427.37.1.el9_4.x86_64  CompilerName: GCC  CompilerVersion: 8.4.0
ProgramName: mri_label2label  ProgramArguments: mri_label2label -all-info  ProgramVersion: 7.3.2  TimeStamp: 2026/03/09-10:12:24-GMT  BuildTime: Aug  4 2022 06:17:15  BuildStamp: freesurfer-linux-ubuntu22_x86_64-7.3.2-20220804-6354275  User: oesteban  Machine: dna074  Platform: Linux  PlatformVersion: 5.14.0-427.37.1.el9_4.x86_64  CompilerName: GCC  CompilerVersion: 8.4.0
ProgramName: mri_label2vol  ProgramArguments: mri_label2vol -all-info  ProgramVersion: 7.3.2  TimeStamp: 2026/03/09-10:12:24-GMT  BuildTime: Aug  4 2022 06:17:15  BuildStamp: freesurfer-linux-ubuntu22_x86_64-7.3.2-20220804-6354275  User: oesteban  Machine: dna074  Platform: Linux  PlatformVersion: 5.14.0-427.37.1.el9_4.x86_64  CompilerName: GCC  CompilerVersion: 8.4.0
ProgramName: mri_log_likelihood  ProgramArguments: mri_log_likelihood -all-info  ProgramVersion: 7.3.2  TimeStamp: 2026/03/09-10:12:24-GMT  BuildTime: Aug  4 2022 06:17:15  BuildStamp: freesurfer-linux-ubuntu22_x86_64-7.3.2-20220804-6354275  User: oesteban  Machine: dna074  Platform: Linux  PlatformVersion: 5.14.0-427.37.1.el9_4.x86_64  CompilerName: GCC  CompilerVersion: 8.4.0
ProgramName: mri_mask  ProgramArguments: mri_mask -all-info  ProgramVersion: 7.3.2  TimeStamp: 2026/03/09-10:12:24-GMT  BuildTime: Aug  4 2022 06:17:15  BuildStamp: freesurfer-linux-ubuntu22_x86_64-7.3.2-20220804-6354275  User: oesteban  Machine: dna074  Platform: Linux  PlatformVersion: 5.14.0-427.37.1.el9_4.x86_64  CompilerName: GCC  CompilerVersion: 8.4.0
ProgramName: mri_matrix_multiply  ProgramArguments: mri_matrix_multiply -all-info  ProgramVersion: 7.3.2  TimeStamp: 2026/03/09-10:12:24-GMT  BuildTime: Aug  4 2022 06:17:15  BuildStamp: freesurfer-linux-ubuntu22_x86_64-7.3.2-20220804-6354275  User: oesteban  Machine: dna074  Platform: Linux  PlatformVersion: 5.14.0-427.37.1.el9_4.x86_64  CompilerName: GCC  CompilerVersion: 8.4.0
ProgramName: mri_normalize  ProgramArguments: mri_normalize -all-info  ProgramVersion: 7.3.2  TimeStamp: 2026/03/09-10:12:24-GMT  BuildTime: Aug  4 2022 06:17:15  BuildStamp: freesurfer-linux-ubuntu22_x86_64-7.3.2-20220804-6354275  User: oesteban  Machine: dna074  Platform: Linux  PlatformVersion: 5.14.0-427.37.1.el9_4.x86_64  CompilerName: GCC  CompilerVersion: 8.4.0
ProgramName: mri_normalize_tp2  ProgramArguments: mri_normalize_tp2 -all-info  ProgramVersion: 7.3.2  TimeStamp: 2026/03/09-10:12:24-GMT  BuildTime: Aug  4 2022 06:17:15  BuildStamp: freesurfer-linux-ubuntu22_x86_64-7.3.2-20220804-6354275  User: oesteban  Machine: dna074  Platform: Linux  PlatformVersion: 5.14.0-427.37.1.el9_4.x86_64  CompilerName: GCC  CompilerVersion: 8.4.0
ProgramName: mri_or  ProgramArguments: mri_or -all-info  ProgramVersion: 7.3.2  TimeStamp: 2026/03/09-10:12:24-GMT  BuildTime: Aug  4 2022 06:17:15  BuildStamp: freesurfer-linux-ubuntu22_x86_64-7.3.2-20220804-6354275  User: oesteban  Machine: dna074  Platform: Linux  PlatformVersion: 5.14.0-427.37.1.el9_4.x86_64  CompilerName: GCC  CompilerVersion: 8.4.0
ProgramName: mri_relabel_hypointensities  ProgramArguments: mri_relabel_hypointensities -all-info  ProgramVersion: 7.3.2  TimeStamp: 2026/03/09-10:12:24-GMT  BuildTime: Aug  4 2022 06:17:15  BuildStamp: freesurfer-linux-ubuntu22_x86_64-7.3.2-20220804-6354275  User: oesteban  Machine: dna074  Platform: Linux  PlatformVersion: 5.14.0-427.37.1.el9_4.x86_64  CompilerName: GCC  CompilerVersion: 8.4.0
ProgramName: mri_relabel_nonwm_hypos  ProgramArguments: mri_relabel_nonwm_hypos -all-info  ProgramVersion: 7.3.2  TimeStamp: 2026/03/09-10:12:24-GMT  BuildTime: Aug  4 2022 06:17:15  BuildStamp: freesurfer-linux-ubuntu22_x86_64-7.3.2-20220804-6354275  User: oesteban  Machine: dna074  Platform: Linux  PlatformVersion: 5.14.0-427.37.1.el9_4.x86_64  CompilerName: GCC  CompilerVersion: 8.4.0
ProgramName: mri_remove_neck  ProgramArguments: mri_remove_neck -all-info  ProgramVersion: 7.3.2  TimeStamp: 2026/03/09-10:12:24-GMT  BuildTime: Aug  4 2022 06:17:15  BuildStamp: freesurfer-linux-ubuntu22_x86_64-7.3.2-20220804-6354275  User: oesteban  Machine: dna074  Platform: Linux  PlatformVersion: 5.14.0-427.37.1.el9_4.x86_64  CompilerName: GCC  CompilerVersion: 8.4.0
7.3.2

ProgramName: mri_robust_register  ProgramArguments: mri_robust_register -all-info  ProgramVersion: 7.3.2  TimeStamp: 2026/03/09-10:12:24-GMT  BuildTime: Aug  4 2022 06:17:15  BuildStamp: freesurfer-linux-ubuntu22_x86_64-7.3.2-20220804-6354275  User: oesteban  Machine: dna074  Platform: Linux  PlatformVersion: 5.14.0-427.37.1.el9_4.x86_64  CompilerName: GCC  CompilerVersion: 8.4.0
7.3.2

ProgramName: mri_robust_template  ProgramArguments: mri_robust_template -all-info  ProgramVersion: 7.3.2  TimeStamp: 2026/03/09-10:12:24-GMT  BuildTime: Aug  4 2022 06:17:15  BuildStamp: freesurfer-linux-ubuntu22_x86_64-7.3.2-20220804-6354275  User: oesteban  Machine: dna074  Platform: Linux  PlatformVersion: 5.14.0-427.37.1.el9_4.x86_64  CompilerName: GCC  CompilerVersion: 8.4.0
ProgramName: mris_anatomical_stats  ProgramArguments: mris_anatomical_stats -all-info  ProgramVersion: 7.3.2  TimeStamp: 2026/03/09-10:12:24-GMT  BuildTime: Aug  4 2022 06:17:15  BuildStamp: freesurfer-linux-ubuntu22_x86_64-7.3.2-20220804-6354275  User: oesteban  Machine: dna074  Platform: Linux  PlatformVersion: 5.14.0-427.37.1.el9_4.x86_64  CompilerName: GCC  CompilerVersion: 8.4.0
ProgramName: mris_ca_label  ProgramArguments: mris_ca_label -all-info  ProgramVersion: 7.3.2  TimeStamp: 2026/03/09-10:12:24-GMT  BuildTime: Aug  4 2022 06:17:15  BuildStamp: freesurfer-linux-ubuntu22_x86_64-7.3.2-20220804-6354275  User: oesteban  Machine: dna074  Platform: Linux  PlatformVersion: 5.14.0-427.37.1.el9_4.x86_64  CompilerName: GCC  CompilerVersion: 8.4.0
ProgramName: mris_calc  ProgramArguments: mris_calc -all-info  ProgramVersion: 7.3.2  TimeStamp: 2026/03/09-10:12:24-GMT  BuildTime: Aug  4 2022 06:17:15  BuildStamp: freesurfer-linux-ubuntu22_x86_64-7.3.2-20220804-6354275  User: oesteban  Machine: dna074  Platform: Linux  PlatformVersion: 5.14.0-427.37.1.el9_4.x86_64  CompilerName: GCC  CompilerVersion: 8.4.0
ProgramName: mris_convert  ProgramArguments: mris_convert -all-info  ProgramVersion: 7.3.2  TimeStamp: 2026/03/09-10:12:24-GMT  BuildTime: Aug  4 2022 06:17:15  BuildStamp: freesurfer-linux-ubuntu22_x86_64-7.3.2-20220804-6354275  User: oesteban  Machine: dna074  Platform: Linux  PlatformVersion: 5.14.0-427.37.1.el9_4.x86_64  CompilerName: GCC  CompilerVersion: 8.4.0
ProgramName: mris_curvature  ProgramArguments: mris_curvature -all-info  ProgramVersion: 7.3.2  TimeStamp: 2026/03/09-10:12:24-GMT  BuildTime: Aug  4 2022 06:17:15  BuildStamp: freesurfer-linux-ubuntu22_x86_64-7.3.2-20220804-6354275  User: oesteban  Machine: dna074  Platform: Linux  PlatformVersion: 5.14.0-427.37.1.el9_4.x86_64  CompilerName: GCC  CompilerVersion: 8.4.0
ProgramName: mris_curvature_stats  ProgramArguments: mris_curvature_stats -all-info  ProgramVersion: 7.3.2  TimeStamp: 2026/03/09-10:12:24-GMT  BuildTime: Aug  4 2022 06:17:15  BuildStamp: freesurfer-linux-ubuntu22_x86_64-7.3.2-20220804-6354275  User: oesteban  Machine: dna074  Platform: Linux  PlatformVersion: 5.14.0-427.37.1.el9_4.x86_64  CompilerName: GCC  CompilerVersion: 8.4.0
ProgramName: mris_diff  ProgramArguments: mris_diff -all-info  ProgramVersion: 7.3.2  TimeStamp: 2026/03/09-10:12:24-GMT  BuildTime: Aug  4 2022 06:17:15  BuildStamp: freesurfer-linux-ubuntu22_x86_64-7.3.2-20220804-6354275  User: oesteban  Machine: dna074  Platform: Linux  PlatformVersion: 5.14.0-427.37.1.el9_4.x86_64  CompilerName: GCC  CompilerVersion: 8.4.0
ProgramName: mris_divide_parcellation  ProgramArguments: mris_divide_parcellation -all-info  ProgramVersion: 7.3.2  TimeStamp: 2026/03/09-10:12:24-GMT  BuildTime: Aug  4 2022 06:17:15  BuildStamp: freesurfer-linux-ubuntu22_x86_64-7.3.2-20220804-6354275  User: oesteban  Machine: dna074  Platform: Linux  PlatformVersion: 5.14.0-427.37.1.el9_4.x86_64  CompilerName: GCC  CompilerVersion: 8.4.0
ProgramName: mri_segment  ProgramArguments: mri_segment -all-info  ProgramVersion: 7.3.2  TimeStamp: 2026/03/09-10:12:24-GMT  BuildTime: Aug  4 2022 06:17:15  BuildStamp: freesurfer-linux-ubuntu22_x86_64-7.3.2-20220804-6354275  User: oesteban  Machine: dna074  Platform: Linux  PlatformVersion: 5.14.0-427.37.1.el9_4.x86_64  CompilerName: GCC  CompilerVersion: 8.4.0
ProgramName: mri_segstats  ProgramArguments: mri_segstats -all-info  ProgramVersion: 7.3.2  TimeStamp: 2026/03/09-10:12:24-GMT  BuildTime: Aug  4 2022 06:17:15  BuildStamp: freesurfer-linux-ubuntu22_x86_64-7.3.2-20220804-6354275  User: oesteban  Machine: dna074  Platform: Linux  PlatformVersion: 5.14.0-427.37.1.el9_4.x86_64  CompilerName: GCC  CompilerVersion: 8.4.0
ProgramName: mris_euler_number  ProgramArguments: mris_euler_number -all-info  ProgramVersion: 7.3.2  TimeStamp: 2026/03/09-10:12:24-GMT  BuildTime: Aug  4 2022 06:17:15  BuildStamp: freesurfer-linux-ubuntu22_x86_64-7.3.2-20220804-6354275  User: oesteban  Machine: dna074  Platform: Linux  PlatformVersion: 5.14.0-427.37.1.el9_4.x86_64  CompilerName: GCC  CompilerVersion: 8.4.0
ProgramName: mris_fix_topology  ProgramArguments: mris_fix_topology -all-info  ProgramVersion: 7.3.2  TimeStamp: 2026/03/09-10:12:24-GMT  BuildTime: Aug  4 2022 06:17:15  BuildStamp: freesurfer-linux-ubuntu22_x86_64-7.3.2-20220804-6354275  User: oesteban  Machine: dna074  Platform: Linux  PlatformVersion: 5.14.0-427.37.1.el9_4.x86_64  CompilerName: GCC  CompilerVersion: 8.4.0
ProgramName: mris_topo_fixer  ProgramArguments: mris_topo_fixer -all-info  ProgramVersion: 7.3.2  TimeStamp: 2026/03/09-10:12:24-GMT  BuildTime: Aug  4 2022 06:17:15  BuildStamp: freesurfer-linux-ubuntu22_x86_64-7.3.2-20220804-6354275  User: oesteban  Machine: dna074  Platform: Linux  PlatformVersion: 5.14.0-427.37.1.el9_4.x86_64  CompilerName: GCC  CompilerVersion: 8.4.0
ProgramName: mris_jacobian  ProgramArguments: mris_jacobian -all-info  ProgramVersion: 7.3.2  TimeStamp: 2026/03/09-10:12:24-GMT  BuildTime: Aug  4 2022 06:17:15  BuildStamp: freesurfer-linux-ubuntu22_x86_64-7.3.2-20220804-6354275  User: oesteban  Machine: dna074  Platform: Linux  PlatformVersion: 5.14.0-427.37.1.el9_4.x86_64  CompilerName: GCC  CompilerVersion: 8.4.0
ProgramName: mris_label2annot  ProgramArguments: mris_label2annot -all-info  ProgramVersion: 7.3.2  TimeStamp: 2026/03/09-10:12:24-GMT  BuildTime: Aug  4 2022 06:17:15  BuildStamp: freesurfer-linux-ubuntu22_x86_64-7.3.2-20220804-6354275  User: oesteban  Machine: dna074  Platform: Linux  PlatformVersion: 5.14.0-427.37.1.el9_4.x86_64  CompilerName: GCC  CompilerVersion: 8.4.0
ProgramName: mris_left_right_register  ProgramArguments: mris_left_right_register -all-info  ProgramVersion: 7.3.2  TimeStamp: 2026/03/09-10:12:24-GMT  BuildTime: Aug  4 2022 06:17:15  BuildStamp: freesurfer-linux-ubuntu22_x86_64-7.3.2-20220804-6354275  User: oesteban  Machine: dna074  Platform: Linux  PlatformVersion: 5.14.0-427.37.1.el9_4.x86_64  CompilerName: GCC  CompilerVersion: 8.4.0
ProgramName: mris_place_surface  ProgramArguments: mris_place_surface -all-info  ProgramVersion: 7.3.2  TimeStamp: 2026/03/09-10:12:24-GMT  BuildTime: Aug  4 2022 06:17:15  BuildStamp: freesurfer-linux-ubuntu22_x86_64-7.3.2-20220804-6354275  User: oesteban  Machine: dna074  Platform: Linux  PlatformVersion: 5.14.0-427.37.1.el9_4.x86_64  CompilerName: GCC  CompilerVersion: 8.4.0
ProgramName: mrisp_paint  ProgramArguments: mrisp_paint -all-info  ProgramVersion: 7.3.2  TimeStamp: 2026/03/09-10:12:24-GMT  BuildTime: Aug  4 2022 06:17:15  BuildStamp: freesurfer-linux-ubuntu22_x86_64-7.3.2-20220804-6354275  User: oesteban  Machine: dna074  Platform: Linux  PlatformVersion: 5.14.0-427.37.1.el9_4.x86_64  CompilerName: GCC  CompilerVersion: 8.4.0
ProgramName: mris_register  ProgramArguments: mris_register -all-info  ProgramVersion: 7.3.2  TimeStamp: 2026/03/09-10:12:24-GMT  BuildTime: Aug  4 2022 06:17:15  BuildStamp: freesurfer-linux-ubuntu22_x86_64-7.3.2-20220804-6354275  User: oesteban  Machine: dna074  Platform: Linux  PlatformVersion: 5.14.0-427.37.1.el9_4.x86_64  CompilerName: GCC  CompilerVersion: 8.4.0
ProgramName: mris_smooth  ProgramArguments: mris_smooth -all-info  ProgramVersion: 7.3.2  TimeStamp: 2026/03/09-10:12:24-GMT  BuildTime: Aug  4 2022 06:17:15  BuildStamp: freesurfer-linux-ubuntu22_x86_64-7.3.2-20220804-6354275  User: oesteban  Machine: dna074  Platform: Linux  PlatformVersion: 5.14.0-427.37.1.el9_4.x86_64  CompilerName: GCC  CompilerVersion: 8.4.0
ProgramName: mris_sphere  ProgramArguments: mris_sphere -all-info  ProgramVersion: 7.3.2  TimeStamp: 2026/03/09-10:12:24-GMT  BuildTime: Aug  4 2022 06:17:15  BuildStamp: freesurfer-linux-ubuntu22_x86_64-7.3.2-20220804-6354275  User: oesteban  Machine: dna074  Platform: Linux  PlatformVersion: 5.14.0-427.37.1.el9_4.x86_64  CompilerName: GCC  CompilerVersion: 8.4.0
ProgramName: mris_surface_stats  ProgramArguments: mris_surface_stats -all-info  ProgramVersion: 7.3.2  TimeStamp: 2026/03/09-10:12:24-GMT  BuildTime: Aug  4 2022 06:17:15  BuildStamp: freesurfer-linux-ubuntu22_x86_64-7.3.2-20220804-6354275  User: oesteban  Machine: dna074  Platform: Linux  PlatformVersion: 5.14.0-427.37.1.el9_4.x86_64  CompilerName: GCC  CompilerVersion: 8.4.0
ProgramName: mri_stats2seg  ProgramArguments: mri_stats2seg -all-info  ProgramVersion: 7.3.2  TimeStamp: 2026/03/09-10:12:24-GMT  BuildTime: Aug  4 2022 06:17:15  BuildStamp: freesurfer-linux-ubuntu22_x86_64-7.3.2-20220804-6354275  User: oesteban  Machine: dna074  Platform: Linux  PlatformVersion: 5.14.0-427.37.1.el9_4.x86_64  CompilerName: GCC  CompilerVersion: 8.4.0
ProgramName: mris_thickness  ProgramArguments: mris_thickness -all-info  ProgramVersion: 7.3.2  TimeStamp: 2026/03/09-10:12:24-GMT  BuildTime: Aug  4 2022 06:17:15  BuildStamp: freesurfer-linux-ubuntu22_x86_64-7.3.2-20220804-6354275  User: oesteban  Machine: dna074  Platform: Linux  PlatformVersion: 5.14.0-427.37.1.el9_4.x86_64  CompilerName: GCC  CompilerVersion: 8.4.0
ProgramName: mris_thickness_diff  ProgramArguments: mris_thickness_diff -all-info  ProgramVersion: 7.3.2  TimeStamp: 2026/03/09-10:12:24-GMT  BuildTime: Aug  4 2022 06:17:15  BuildStamp: freesurfer-linux-ubuntu22_x86_64-7.3.2-20220804-6354275  User: oesteban  Machine: dna074  Platform: Linux  PlatformVersion: 5.14.0-427.37.1.el9_4.x86_64  CompilerName: GCC  CompilerVersion: 8.4.0
ProgramName: mris_topo_fixer  ProgramArguments: mris_topo_fixer -all-info  ProgramVersion: 7.3.2  TimeStamp: 2026/03/09-10:12:24-GMT  BuildTime: Aug  4 2022 06:17:15  BuildStamp: freesurfer-linux-ubuntu22_x86_64-7.3.2-20220804-6354275  User: oesteban  Machine: dna074  Platform: Linux  PlatformVersion: 5.14.0-427.37.1.el9_4.x86_64  CompilerName: GCC  CompilerVersion: 8.4.0
ProgramName: mri_surf2surf  ProgramArguments: mri_surf2surf -all-info  ProgramVersion: 7.3.2  TimeStamp: 2026/03/09-10:12:24-GMT  BuildTime: Aug  4 2022 06:17:15  BuildStamp: freesurfer-linux-ubuntu22_x86_64-7.3.2-20220804-6354275  User: oesteban  Machine: dna074  Platform: Linux  PlatformVersion: 5.14.0-427.37.1.el9_4.x86_64  CompilerName: GCC  CompilerVersion: 8.4.0
ProgramName: mri_surf2vol  ProgramArguments: mri_surf2vol -all-info  ProgramVersion: 7.3.2  TimeStamp: 2026/03/09-10:12:24-GMT  BuildTime: Aug  4 2022 06:17:15  BuildStamp: freesurfer-linux-ubuntu22_x86_64-7.3.2-20220804-6354275  User: oesteban  Machine: dna074  Platform: Linux  PlatformVersion: 5.14.0-427.37.1.el9_4.x86_64  CompilerName: GCC  CompilerVersion: 8.4.0
ProgramName: mri_surfcluster  ProgramArguments: mri_surfcluster -all-info  ProgramVersion: 7.3.2  TimeStamp: 2026/03/09-10:12:24-GMT  BuildTime: Aug  4 2022 06:17:15  BuildStamp: freesurfer-linux-ubuntu22_x86_64-7.3.2-20220804-6354275  User: oesteban  Machine: dna074  Platform: Linux  PlatformVersion: 5.14.0-427.37.1.el9_4.x86_64  CompilerName: GCC  CompilerVersion: 8.4.0
ProgramName: mris_volmask  ProgramArguments: mris_volmask -all-info  ProgramVersion: 7.3.2  TimeStamp: 2026/03/09-10:12:24-GMT  BuildTime: Aug  4 2022 06:17:15  BuildStamp: freesurfer-linux-ubuntu22_x86_64-7.3.2-20220804-6354275  User: oesteban  Machine: dna074  Platform: Linux  PlatformVersion: 5.14.0-427.37.1.el9_4.x86_64  CompilerName: GCC  CompilerVersion: 8.4.0
ProgramName: mri_tessellate  ProgramArguments: mri_tessellate -all-info  ProgramVersion: 7.3.2  TimeStamp: 2026/03/09-10:12:24-GMT  BuildTime: Aug  4 2022 06:17:15  BuildStamp: freesurfer-linux-ubuntu22_x86_64-7.3.2-20220804-6354275  User: oesteban  Machine: dna074  Platform: Linux  PlatformVersion: 5.14.0-427.37.1.el9_4.x86_64  CompilerName: GCC  CompilerVersion: 8.4.0
ProgramName: mri_vol2surf  ProgramArguments: mri_vol2surf -all-info  ProgramVersion: 7.3.2  TimeStamp: 2026/03/09-10:12:24-GMT  BuildTime: Aug  4 2022 06:17:15  BuildStamp: freesurfer-linux-ubuntu22_x86_64-7.3.2-20220804-6354275  User: oesteban  Machine: dna074  Platform: Linux  PlatformVersion: 5.14.0-427.37.1.el9_4.x86_64  CompilerName: GCC  CompilerVersion: 8.4.0
ProgramName: mri_vol2vol  ProgramArguments: mri_vol2vol -all-info  ProgramVersion: 7.3.2  TimeStamp: 2026/03/09-10:12:24-GMT  BuildTime: Aug  4 2022 06:17:15  BuildStamp: freesurfer-linux-ubuntu22_x86_64-7.3.2-20220804-6354275  User: oesteban  Machine: dna074  Platform: Linux  PlatformVersion: 5.14.0-427.37.1.el9_4.x86_64  CompilerName: GCC  CompilerVersion: 8.4.0
ProgramName: mri_voldiff  ProgramArguments: mri_voldiff -all-info  ProgramVersion: 7.3.2  TimeStamp: 2026/03/09-10:12:24-GMT  BuildTime: Aug  4 2022 06:17:15  BuildStamp: freesurfer-linux-ubuntu22_x86_64-7.3.2-20220804-6354275  User: oesteban  Machine: dna074  Platform: Linux  PlatformVersion: 5.14.0-427.37.1.el9_4.x86_64  CompilerName: GCC  CompilerVersion: 8.4.0
ProgramName: mri_watershed  ProgramArguments: mri_watershed -all-info  ProgramVersion: 7.3.2  TimeStamp: 2026/03/09-10:12:24-GMT  BuildTime: Aug  4 2022 06:17:15  BuildStamp: freesurfer-linux-ubuntu22_x86_64-7.3.2-20220804-6354275  User: oesteban  Machine: dna074  Platform: Linux  PlatformVersion: 5.14.0-427.37.1.el9_4.x86_64  CompilerName: GCC  CompilerVersion: 8.4.0
ProgramName: tkregister2  ProgramArguments: tkregister2_cmdl -all-info  ProgramVersion: 7.3.2  TimeStamp: 2026/03/09-10:12:24-GMT  BuildTime: Aug  4 2022 06:17:15  BuildStamp: freesurfer-linux-ubuntu22_x86_64-7.3.2-20220804-6354275  User: oesteban  Machine: dna074  Platform: Linux  PlatformVersion: 5.14.0-427.37.1.el9_4.x86_64  CompilerName: GCC  CompilerVersion: 8.4.0
mri_motion_correct.fsl 7.3.2
mri_convert -all-info 
ProgramName: mri_convert  ProgramArguments: mri_convert -all-info  ProgramVersion: 7.3.2  TimeStamp: 2026/03/09-10:12:24-GMT  BuildTime: Aug  4 2022 06:17:15  BuildStamp: freesurfer-linux-ubuntu22_x86_64-7.3.2-20220804-6354275  User: oesteban  Machine: dna074  Platform: Linux  PlatformVersion: 5.14.0-427.37.1.el9_4.x86_64  CompilerName: GCC  CompilerVersion: 8.4.0
Program nu_correct, built from:
Package MNI N3, version 1.12.0, compiled by nicks@terrier (x86_64-unknown-linux-gnu) on 2015-06-19 at 01:25:34
#######################################
GCADIR /opt/freesurfer/average
GCA RB_all_2020-01-02.gca
GCASkull RB_all_withskull_2020_01_02.gca
AvgCurvTif folding.atlas.acfb40.noaparc.i12.2016-08-02.tif
GCSDIR /opt/freesurfer/average
GCS DKaparc.atlas.acfb40.noaparc.i12.2016-08-02.gcs
#######################################
#--------------------------------------------
#@# Tessellate lh Mon Mar  9 11:12:24 CET 2026
/out/sourcedata/freesurfer/sub-v1s21x0050391_ses-1/scripts

 mri_pretess ../mri/filled.mgz 255 ../mri/norm.mgz ../mri/filled-pretess255.mgz 


Iteration Number : 1
pass   1 (xy+):   1 found -   1 modified     |    TOTAL:   1
pass   2 (xy+):   0 found -   1 modified     |    TOTAL:   1
pass   1 (xy-):   1 found -   1 modified     |    TOTAL:   2
pass   2 (xy-):   0 found -   1 modified     |    TOTAL:   2
pass   1 (yz+):   2 found -   2 modified     |    TOTAL:   4
pass   2 (yz+):   0 found -   2 modified     |    TOTAL:   4
pass   1 (yz-):   3 found -   3 modified     |    TOTAL:   7
pass   2 (yz-):   0 found -   3 modified     |    TOTAL:   7
pass   1 (xz+):   0 found -   0 modified     |    TOTAL:   7
pass   1 (xz-):   1 found -   1 modified     |    TOTAL:   8
pass   2 (xz-):   0 found -   1 modified     |    TOTAL:   8
Iteration Number : 1
pass   1 (+++):   0 found -   0 modified     |    TOTAL:   0
pass   1 (+++):   0 found -   0 modified     |    TOTAL:   0
pass   1 (+++):   0 found -   0 modified     |    TOTAL:   0
pass   1 (+++):   0 found -   0 modified     |    TOTAL:   0
Iteration Number : 1
pass   1 (++):   0 found -   0 modified     |    TOTAL:   0
pass   1 (+-):   0 found -   0 modified     |    TOTAL:   0
pass   1 (--):   0 found -   0 modified     |    TOTAL:   0
pass   1 (-+):   0 found -   0 modified     |    TOTAL:   0
Iteration Number : 2
pass   1 (xy+):   0 found -   0 modified     |    TOTAL:   0
pass   1 (xy-):   0 found -   0 modified     |    TOTAL:   0
pass   1 (yz+):   0 found -   0 modified     |    TOTAL:   0
pass   1 (yz-):   0 found -   0 modified     |    TOTAL:   0
pass   1 (xz+):   0 found -   0 modified     |    TOTAL:   0
pass   1 (xz-):   0 found -   0 modified     |    TOTAL:   0
Iteration Number : 2
pass   1 (+++):   0 found -   0 modified     |    TOTAL:   0
pass   1 (+++):   0 found -   0 modified     |    TOTAL:   0
pass   1 (+++):   0 found -   0 modified     |    TOTAL:   0
pass   1 (+++):   0 found -   0 modified     |    TOTAL:   0
Iteration Number : 2
pass   1 (++):   0 found -   0 modified     |    TOTAL:   0
pass   1 (+-):   0 found -   0 modified     |    TOTAL:   0
pass   1 (--):   0 found -   0 modified     |    TOTAL:   0
pass   1 (-+):   0 found -   0 modified     |    TOTAL:   0

Total Number of Modified Voxels = 8 (out of 323072: 0.002476)
Ambiguous edge configurations... 

mri_pretess done


 mri_tessellate ../mri/filled-pretess255.mgz 255 ../surf/lh.orig.nofix 

7.3.2
  7.3.2
slice 40: 218 vertices, 257 faces
slice 50: 3924 vertices, 4088 faces
slice 60: 9873 vertices, 10091 faces
slice 70: 17845 vertices, 18129 faces
slice 80: 27782 vertices, 28137 faces
slice 90: 37486 vertices, 37780 faces
slice 100: 47661 vertices, 47982 faces
slice 110: 59404 vertices, 59801 faces
slice 120: 71704 vertices, 72122 faces
slice 130: 84073 vertices, 84495 faces
slice 140: 95977 vertices, 96341 faces
slice 150: 106981 vertices, 107370 faces
slice 160: 116654 vertices, 116973 faces
slice 170: 125120 vertices, 125402 faces
slice 180: 133079 vertices, 133339 faces
slice 190: 139510 vertices, 139766 faces
slice 200: 144019 vertices, 144124 faces
slice 210: 144612 vertices, 144630 faces
slice 220: 144612 vertices, 144630 faces
slice 230: 144612 vertices, 144630 faces
slice 240: 144612 vertices, 144630 faces
slice 250: 144612 vertices, 144630 faces
using the conformed surface RAS to save vertex points...
writing ../surf/lh.orig.nofix
using vox2ras matrix:
-1.00000   0.00000   0.00000   128.00000;
 0.00000   0.00000   1.00000  -128.00000;
 0.00000  -1.00000   0.00000   128.00000;
 0.00000   0.00000   0.00000   1.00000;

 rm -f ../mri/filled-pretess255.mgz 


 mris_extract_main_component ../surf/lh.orig.nofix ../surf/lh.orig.nofix 


counting number of connected components...
   144612 voxel in cpt #1: X=-18 [v=144612,e=433890,f=289260] located at (-27.826689, -8.460149, 1.295702)
For the whole surface: X=-18 [v=144612,e=433890,f=289260]
One single component has been found
nothing to do
done

#--------------------------------------------
#@# Smooth1 lh Mon Mar  9 11:12:27 CET 2026
/out/sourcedata/freesurfer/sub-v1s21x0050391_ses-1/scripts

 mris_smooth -nw -seed 1234 ../surf/lh.orig.nofix ../surf/lh.smoothwm.nofix 

setting seed for random number generator to 1234
smoothing surface tessellation for 10 iterations...
smoothing complete - recomputing first and second fundamental forms...
#--------------------------------------------
#@# Inflation1 lh Mon Mar  9 11:12:29 CET 2026
/out/sourcedata/freesurfer/sub-v1s21x0050391_ses-1/scripts

 mris_inflate -no-save-sulc ../surf/lh.smoothwm.nofix ../surf/lh.inflated.nofix 

Not saving sulc
Reading ../surf/lh.smoothwm.nofix
avg radius = 48.0 mm, total surface area = 78169 mm^2
step 000: RMS=0.145 (target=0.015)   step 005: RMS=0.109 (target=0.015)   step 010: RMS=0.081 (target=0.015)   step 015: RMS=0.067 (target=0.015)   step 020: RMS=0.059 (target=0.015)   step 025: RMS=0.051 (target=0.015)   step 030: RMS=0.046 (target=0.015)   step 035: RMS=0.041 (target=0.015)   step 040: RMS=0.037 (target=0.015)   step 045: RMS=0.035 (target=0.015)   step 050: RMS=0.034 (target=0.015)   step 055: RMS=0.033 (target=0.015)   step 060: RMS=0.032 (target=0.015)   writing inflated surface to ../surf/lh.inflated.nofix
inflation took 0.3 minutes

inflation complete.
Not saving sulc
mris_inflate utimesec    79.750999
mris_inflate stimesec    2.594806
mris_inflate ru_maxrss   228972
mris_inflate ru_ixrss    0
mris_inflate ru_idrss    0
mris_inflate ru_isrss    0
mris_inflate ru_minflt   629210
mris_inflate ru_majflt   44
mris_inflate ru_nswap    0
mris_inflate ru_inblock  1672
mris_inflate ru_oublock  10176
mris_inflate ru_msgsnd   0
mris_inflate ru_msgrcv   0
mris_inflate ru_nsignals 0
mris_inflate ru_nvcsw    21789
mris_inflate ru_nivcsw   615
#--------------------------------------------
#@# QSphere lh Mon Mar  9 11:12:46 CET 2026
/out/sourcedata/freesurfer/sub-v1s21x0050391_ses-1/scripts

 mris_sphere -q -p 6 -a 128 -seed 1234 ../surf/lh.inflated.nofix ../surf/lh.qsphere.nofix 

doing quick spherical unfolding.
limitting unfolding to 6 passes
using n_averages = 128
setting seed for random number genererator to 1234
version: 7.3.2
available threads: 16
scaling brain by 0.306...
inflating...
projecting onto sphere...
surface projected - minimizing metric distortion...
vertex spacing 0.97 +- 0.53 (0.00-->6.99) (max @ vno 46401 --> 47366)
face area 0.03 +- 0.03 (-0.05-->0.67)
Entering MRISinflateToSphere()
inflating to sphere (rms error < 2.00)
000: dt: 0.0000, rms radial error=176.469, avgs=0
005/300: dt: 0.9000, rms radial error=176.212, avgs=0
010/300: dt: 0.9000, rms radial error=175.659, avgs=0
015/300: dt: 0.9000, rms radial error=174.932, avgs=0
020/300: dt: 0.9000, rms radial error=174.104, avgs=0
025/300: dt: 0.9000, rms radial error=173.217, avgs=0
030/300: dt: 0.9000, rms radial error=172.298, avgs=0
035/300: dt: 0.9000, rms radial error=171.362, avgs=0
040/300: dt: 0.9000, rms radial error=170.419, avgs=0
045/300: dt: 0.9000, rms radial error=169.474, avgs=0
050/300: dt: 0.9000, rms radial error=168.528, avgs=0
055/300: dt: 0.9000, rms radial error=167.585, avgs=0
060/300: dt: 0.9000, rms radial error=166.645, avgs=0
065/300: dt: 0.9000, rms radial error=165.710, avgs=0
070/300: dt: 0.9000, rms radial error=164.779, avgs=0
075/300: dt: 0.9000, rms radial error=163.852, avgs=0
080/300: dt: 0.9000, rms radial error=162.931, avgs=0
085/300: dt: 0.9000, rms radial error=162.014, avgs=0
090/300: dt: 0.9000, rms radial error=161.102, avgs=0
095/300: dt: 0.9000, rms radial error=160.195, avgs=0
100/300: dt: 0.9000, rms radial error=159.293, avgs=0
105/300: dt: 0.9000, rms radial error=158.396, avgs=0
110/300: dt: 0.9000, rms radial error=157.504, avgs=0
115/300: dt: 0.9000, rms radial error=156.616, avgs=0
120/300: dt: 0.9000, rms radial error=155.734, avgs=0
125/300: dt: 0.9000, rms radial error=154.857, avgs=0
130/300: dt: 0.9000, rms radial error=153.984, avgs=0
135/300: dt: 0.9000, rms radial error=153.116, avgs=0
140/300: dt: 0.9000, rms radial error=152.253, avgs=0
145/300: dt: 0.9000, rms radial error=151.395, avgs=0
150/300: dt: 0.9000, rms radial error=150.541, avgs=0
155/300: dt: 0.9000, rms radial error=149.693, avgs=0
160/300: dt: 0.9000, rms radial error=148.849, avgs=0
165/300: dt: 0.9000, rms radial error=148.010, avgs=0
170/300: dt: 0.9000, rms radial error=147.176, avgs=0
175/300: dt: 0.9000, rms radial error=146.346, avgs=0
180/300: dt: 0.9000, rms radial error=145.521, avgs=0
185/300: dt: 0.9000, rms radial error=144.700, avgs=0
190/300: dt: 0.9000, rms radial error=143.884, avgs=0
195/300: dt: 0.9000, rms radial error=143.073, avgs=0
200/300: dt: 0.9000, rms radial error=142.266, avgs=0
205/300: dt: 0.9000, rms radial error=141.464, avgs=0
210/300: dt: 0.9000, rms radial error=140.666, avgs=0
215/300: dt: 0.9000, rms radial error=139.873, avgs=0
220/300: dt: 0.9000, rms radial error=139.084, avgs=0
225/300: dt: 0.9000, rms radial error=138.299, avgs=0
230/300: dt: 0.9000, rms radial error=137.519, avgs=0
235/300: dt: 0.9000, rms radial error=136.744, avgs=0
240/300: dt: 0.9000, rms radial error=135.972, avgs=0
245/300: dt: 0.9000, rms radial error=135.205, avgs=0
250/300: dt: 0.9000, rms radial error=134.443, avgs=0
255/300: dt: 0.9000, rms radial error=133.685, avgs=0
260/300: dt: 0.9000, rms radial error=132.931, avgs=0
265/300: dt: 0.9000, rms radial error=132.182, avgs=0
270/300: dt: 0.9000, rms radial error=131.436, avgs=0
275/300: dt: 0.9000, rms radial error=130.695, avgs=0
280/300: dt: 0.9000, rms radial error=129.958, avgs=0
285/300: dt: 0.9000, rms radial error=129.225, avgs=0
290/300: dt: 0.9000, rms radial error=128.496, avgs=0
295/300: dt: 0.9000, rms radial error=127.772, avgs=0
300/300: dt: 0.9000, rms radial error=127.051, avgs=0

spherical inflation complete.
epoch 1 (K=10.0), pass 1, starting sse = 16887.17
taking momentum steps...
taking momentum steps...
taking momentum steps...
taking momentum steps...
pass 1 complete, delta sse/iter = 0.00/13 = 0.00021
epoch 2 (K=40.0), pass 1, starting sse = 2716.85
taking momentum steps...
taking momentum steps...
taking momentum steps...
taking momentum steps...
pass 1 complete, delta sse/iter = 0.00/13 = 0.00020
epoch 3 (K=160.0), pass 1, starting sse = 234.22
taking momentum steps...
taking momentum steps...
taking momentum steps...
taking momentum steps...
pass 1 complete, delta sse/iter = 0.12/16 = 0.00753
epoch 4 (K=640.0), pass 1, starting sse = 10.38
taking momentum steps...
taking momentum steps...
taking momentum steps...
taking momentum steps...
pass 1 complete, delta sse/iter = 0.07/19 = 0.00348
final distance error %100000.00
writing spherical brain to ../surf/lh.qsphere.nofix
spherical transformation took 0.0249 hours
FSRUNTIME@ mris_sphere  0.0249 hours 16 threads
#VMPC# mris_sphere VmPeak  1794076
mris_sphere done
#@# Fix Topology lh Mon Mar  9 11:14:15 CET 2026

 mris_fix_topology -mgz -sphere qsphere.nofix -inflated inflated.nofix -orig orig.nofix -out orig.premesh -ga -seed 1234 sub-v1s21x0050391_ses-1 lh 

reading spherical homeomorphism from 'qsphere.nofix'
reading inflated coordinates from 'inflated.nofix'
reading original coordinates from 'orig.nofix'
using genetic algorithm with optimized parameters
setting seed for random number genererator to 1234

*************************************************************
Topology Correction Parameters
retessellation mode:           genetic search
number of patches/generation : 10
number of generations :        10
surface mri loglikelihood coefficient :         1.0
volume mri loglikelihood coefficient :          10.0
normal dot loglikelihood coefficient :          1.0
quadratic curvature loglikelihood coefficient : 1.0
volume resolution :                             2
eliminate vertices during search :              1
initial patch selection :                       1
select all defect vertices :                    0
ordering dependant retessellation:              0
use precomputed edge table :                    0
smooth retessellated patch :                    2
match retessellated patch :                     1
verbose mode :                                  0

*************************************************************
INFO: assuming .mgz format
writing corrected surface to 'orig.premesh'
7.3.2
  7.3.2
before topology correction, eno=-18 (nv=144612, nf=289260, ne=433890, g=10)
using quasi-homeomorphic spherical map to tessellate cortical surface...

Correction of the Topology
Finding true center and radius of Spherical Surface...done
Surface centered at (0,0,0) with radius 100.0 in 9 iterations
marking ambiguous vertices...
4280 ambiguous faces found in tessellation
segmenting defects...
18 defects found, arbitrating ambiguous regions...
analyzing neighboring defects...
18 defects to be corrected 
0 vertices coincident
reading input surface /out/sourcedata/freesurfer/sub-v1s21x0050391_ses-1/surf/lh.qsphere.nofix...
reading brain volume from brain...
reading wm segmentation from wm...
Reading original properties of orig.nofix
Reading vertex positions of inflated.nofix
Computing Initial Surface Statistics
      -face       loglikelihood: -8.8483  (-4.4242)
      -vertex     loglikelihood: -5.7991  (-2.8995)
      -normal dot loglikelihood: -3.6095  (-3.6095)
      -quad curv  loglikelihood: -6.1518  (-3.0759)
      Total Loglikelihood : -24.4087
CORRECTING DEFECT 0 (vertices=38, convex hull=77, v0=428)
After retessellation of defect 0 (v0=428), euler #=-15 (142171,425898,283712) : difference with theory (-15) = 0 
CORRECTING DEFECT 1 (vertices=7, convex hull=23, v0=45434)
After retessellation of defect 1 (v0=45434), euler #=-14 (142173,425911,283724) : difference with theory (-14) = 0 
CORRECTING DEFECT 2 (vertices=9, convex hull=17, v0=50482)
After retessellation of defect 2 (v0=50482), euler #=-13 (142174,425917,283730) : difference with theory (-13) = 0 
CORRECTING DEFECT 3 (vertices=180, convex hull=198, v0=55788)
After retessellation of defect 3 (v0=55788), euler #=-12 (142268,426294,284014) : difference with theory (-12) = 0 
CORRECTING DEFECT 4 (vertices=27, convex hull=28, v0=58200)
After retessellation of defect 4 (v0=58200), euler #=-11 (142272,426317,284034) : difference with theory (-11) = 0 
CORRECTING DEFECT 5 (vertices=228, convex hull=207, v0=70375)
After retessellation of defect 5 (v0=70375), euler #=-10 (142376,426724,284338) : difference with theory (-10) = 0 
CORRECTING DEFECT 6 (vertices=138, convex hull=135, v0=75318)
After retessellation of defect 6 (v0=75318), euler #=-9 (142435,426960,284516) : difference with theory (-9) = 0 
CORRECTING DEFECT 7 (vertices=590, convex hull=77, v0=76480)
After retessellation of defect 7 (v0=76480), euler #=-8 (142453,427044,284583) : difference with theory (-8) = 0 
CORRECTING DEFECT 8 (vertices=27, convex hull=61, v0=86111)
After retessellation of defect 8 (v0=86111), euler #=-7 (142470,427126,284649) : difference with theory (-7) = 0 
CORRECTING DEFECT 9 (vertices=24, convex hull=25, v0=86158)
After retessellation of defect 9 (v0=86158), euler #=-6 (142472,427140,284662) : difference with theory (-6) = 0 
CORRECTING DEFECT 10 (vertices=72, convex hull=63, v0=87366)
After retessellation of defect 10 (v0=87366), euler #=-5 (142486,427207,284716) : difference with theory (-5) = 0 
CORRECTING DEFECT 11 (vertices=763, convex hull=229, v0=95633)
After retessellation of defect 11 (v0=95633), euler #=-4 (142495,427341,284842) : difference with theory (-4) = 0 
CORRECTING DEFECT 12 (vertices=25, convex hull=56, v0=97667)
After retessellation of defect 12 (v0=97667), euler #=-3 (142504,427389,284882) : difference with theory (-3) = 0 
CORRECTING DEFECT 13 (vertices=84, convex hull=56, v0=98939)
After retessellation of defect 13 (v0=98939), euler #=-2 (142520,427459,284937) : difference with theory (-2) = 0 
CORRECTING DEFECT 14 (vertices=95, convex hull=43, v0=101357)
After retessellation of defect 14 (v0=101357), euler #=-1 (142533,427515,284981) : difference with theory (-1) = 0 
CORRECTING DEFECT 15 (vertices=37, convex hull=73, v0=103363)
After retessellation of defect 15 (v0=103363), euler #=0 (142549,427591,285042) : difference with theory (0) = 0 
CORRECTING DEFECT 16 (vertices=21, convex hull=38, v0=133068)
After retessellation of defect 16 (v0=133068), euler #=1 (142551,427610,285060) : difference with theory (1) = 0 
CORRECTING DEFECT 17 (vertices=97, convex hull=85, v0=143398)
After retessellation of defect 17 (v0=143398), euler #=2 (142572,427710,285140) : difference with theory (2) = 0 
computing original vertex metric properties...
storing new metric properties...
computing tessellation statistics...
vertex spacing 0.89 +- 0.21 (0.03-->8.73) (max @ vno 141041 --> 142127)
face area -nan +- -nan (1000.00-->-1.00)
performing soap bubble on retessellated vertices for 0 iterations...
vertex spacing 0.89 +- 0.21 (0.03-->8.73) (max @ vno 141041 --> 142127)
face area -nan +- -nan (1000.00-->-1.00)
tessellation finished, orienting corrected surface...
71 mutations (32.9%), 145 crossovers (67.1%), 171 vertices were eliminated
building final representation...
2040 vertices and 0 faces have been removed from triangulation
after topology correction, eno=2 (nv=142572, nf=285140, ne=427710, g=0)
writing corrected surface to /out/sourcedata/freesurfer/sub-v1s21x0050391_ses-1/surf/lh.orig.premesh...

0.000 % of the vertices (0 vertices) exhibit an orientation change
removing intersecting faces
000: 120 intersecting
001: 4 intersecting
terminating search with 0 intersecting
topology fixing took 1.4 minutes
FSRUNTIME@ mris_fix_topology lh  0.0229 hours 16 threads
#VMPC# mris_fix_topology VmPeak  1860320

 mris_euler_number ../surf/lh.orig.premesh 

euler # = v-e+f = 2g-2: 142572 - 427710 + 285140 = 2 --> 0 holes
      F =2V-4:          285140 = 285144-4 (0)
      2E=3F:            855420 = 855420 (0)

total defect index = 0
Mon Mar  9 11:15:38 CET 2026

setenv SUBJECTS_DIR /out/sourcedata/freesurfer
cd /out/sourcedata/freesurfer/sub-v1s21x0050391_ses-1/scripts
/opt/freesurfer/bin/defect2seg --s sub-v1s21x0050391_ses-1 --lh-only --cortex

freesurfer-linux-ubuntu22_x86_64-7.3.2-20220804-6354275
defect2seg 7.3.2
Linux dna074 5.14.0-427.37.1.el9_4.x86_64 #1 SMP PREEMPT_DYNAMIC Fri Sep 13 12:41:50 EDT 2024 x86_64 x86_64 x86_64 GNU/Linux
pid 4123529
mri_label2label --label-cortex /out/sourcedata/freesurfer/sub-v1s21x0050391_ses-1/surf/lh.orig.nofix /out/sourcedata/freesurfer/sub-v1s21x0050391_ses-1/mri/aseg.presurf.mgz 0 /out/sourcedata/freesurfer/sub-v1s21x0050391_ses-1/label/lh.nofix.cortex.label

 Generating cortex label... RemoveHipAmgy=0
 NucAccIsMedialWall=0
 mris->useRealRAS=0
12 non-cortical segments detected
only using segment with 8751 vertices
erasing segment 1 (vno[0] = 72122)
erasing segment 2 (vno[0] = 74526)
erasing segment 3 (vno[0] = 85003)
erasing segment 4 (vno[0] = 94702)
erasing segment 5 (vno[0] = 97626)
erasing segment 6 (vno[0] = 97760)
erasing segment 7 (vno[0] = 99937)
erasing segment 8 (vno[0] = 101092)
erasing segment 9 (vno[0] = 102273)
erasing segment 10 (vno[0] = 105466)
erasing segment 11 (vno[0] = 111722)
mri_label2vol --defects /out/sourcedata/freesurfer/sub-v1s21x0050391_ses-1/surf/lh.orig.nofix /out/sourcedata/freesurfer/sub-v1s21x0050391_ses-1/surf/lh.defect_labels /out/sourcedata/freesurfer/sub-v1s21x0050391_ses-1/mri/orig.mgz 1000 0 /out/sourcedata/freesurfer/sub-v1s21x0050391_ses-1/mri/lh.surface.defects.mgz /out/sourcedata/freesurfer/sub-v1s21x0050391_ses-1/label/lh.nofix.cortex.label
mri_label2vol supposed to be reproducible but seed not set
Contraining to label /out/sourcedata/freesurfer/sub-v1s21x0050391_ses-1/label/lh.nofix.cortex.label
Changing input type 0 to MRI_INT
Converting defects to volume: offset=1000, merge=0
Writing to /out/sourcedata/freesurfer/sub-v1s21x0050391_ses-1/mri/lh.surface.defects.mgz
mris_defects_pointset -s /out/sourcedata/freesurfer/sub-v1s21x0050391_ses-1/surf/lh.orig.nofix -d /out/sourcedata/freesurfer/sub-v1s21x0050391_ses-1/surf/lh.defect_labels -o /out/sourcedata/freesurfer/sub-v1s21x0050391_ses-1/surf/lh.defects.pointset --label /out/sourcedata/freesurfer/sub-v1s21x0050391_ses-1/label/lh.nofix.cortex.label
Reading in surface /out/sourcedata/freesurfer/sub-v1s21x0050391_ses-1/surf/lh.orig.nofix
Reading in defect segmentation /out/sourcedata/freesurfer/sub-v1s21x0050391_ses-1/surf/lh.defect_labels
Reading in label /out/sourcedata/freesurfer/sub-v1s21x0050391_ses-1/label/lh.nofix.cortex.label
#VMPC# mris_defects_pointset 1438412
mris_defects_pointset done
 
Started at Mon Mar 9 11:15:38 CET 2026 
Ended   at Mon Mar  9 11:15:50 CET 2026
Defect2seg-Run-Time-Sec 12
Defect2seg-Run-Time-Min 0.24
Defect2seg-Run-Time-Hours 0.00
 
tkmeditfv sub-v1s21x0050391_ses-1 brain.finalsurfs.mgz -defect
defect2seg Done

 mris_remesh --remesh --iters 3 --input /out/sourcedata/freesurfer/sub-v1s21x0050391_ses-1/surf/lh.orig.premesh --output /out/sourcedata/freesurfer/sub-v1s21x0050391_ses-1/surf/lh.orig 

iters = 3
standard remeshing without target
   adjusted l: 0.708834
remeshing to edge length 0.708834 with 3 iterations

avg qual before   : 0.892441  after: 0.971482

Removing intersections
Remeshed surface quality stats nv0 = 142572  nv = 149108  1.04584
Area    298212  0.30106  0.03330 0.083573   0.4609
Corner  894636 60.00000  8.75258 14.080619 150.9341
Edge    447318  0.84169  0.08175 0.452571   1.2285
Hinge   447318  9.28539  9.48463 0.000002 123.7458
mris_remesh done
/out/sourcedata/freesurfer/sub-v1s21x0050391_ses-1/scripts

 mris_remove_intersection ../surf/lh.orig ../surf/lh.orig 

intersection removal took 0.00 hours
writing corrected surface to ../surf/lh.orig

 rm -f ../surf/lh.inflated 

#--------------------------------------------
#@# AutoDetGWStats lh Mon Mar  9 11:16:18 CET 2026
cd /out/sourcedata/freesurfer/sub-v1s21x0050391_ses-1/mri
mris_autodet_gwstats --o ../surf/autodet.gw.stats.lh.dat --i brain.finalsurfs.mgz --wm wm.mgz --surf ../surf/lh.orig.premesh
7.3.2

cd /out/sourcedata/freesurfer/sub-v1s21x0050391_ses-1/mri
setenv SUBJECTS_DIR /out/sourcedata/freesurfer
mris_autodet_gwstats --o ../surf/autodet.gw.stats.lh.dat --i brain.finalsurfs.mgz --wm wm.mgz --surf ../surf/lh.orig.premesh 

border white:    270665 voxels (1.61%)
border gray      293766 voxels (1.75%)
Reading in intensity volume brain.finalsurfs.mgz
Reading in wm volume wm.mgz
Reading in surf ../surf/lh.orig.premesh
Auto detecting stats
MRIclipBrightWM(): nthresh=11693, wmmin=5, clip=110 
Binarizing thresholding at 5
computing class statistics... low=30, hi=110.000000
CCS WM (98.0): 98.7 +- 6.8 [70.0 --> 110.0]
CCS GM (78.0) : 77.6 +- 8.9 [30.0 --> 110.0]
white_mean = 98.682 +/- 6.83148, gray_mean = 77.5667 +/- 8.86539
using class modes intead of means, discounting robust sigmas....
MRIScomputeClassModes(): min=0 max=192 nbins=193
intensity peaks found at WM=102+-4.3,    GM=74+-6.1
white_mode = 102, gray_mode = 74
std_scale = 1
Applying sanity checks, max_scale_down = 0.2
setting MIN_GRAY_AT_WHITE_BORDER to 65.1 (was 70.000000)
setting MAX_BORDER_WHITE to 108.8 (was 105.000000)
setting MIN_BORDER_WHITE to 74.0 (was 85.000000)
setting MAX_CSF to 56.3 (was 40.000000)
setting MAX_GRAY to 95.2 (was 95.000000)
setting MAX_GRAY_AT_CSF_BORDER to 65.1 (was 75.000000)
setting MIN_GRAY_AT_CSF_BORDER to 47.4 (was 40.000000)
When placing the white surface
  white_border_hi   = 108.831;
  white_border_low  = 74;
  white_outside_low = 65.1346;
  white_inside_hi   = 120;
  white_outside_hi  = 108.831;
When placing the pial surface
  pial_border_hi   = 65.1346;
  pial_border_low  = 47.4038;
  pial_outside_low = 10;
  pial_inside_hi   = 95.1685;
  pial_outside_hi  = 60.7019;
#VMPC# mris_autodet_gwstats VmPeak  1601440
mris_autodet_gwstats done
#--------------------------------------------
#@# WhitePreAparc lh Mon Mar  9 11:16:21 CET 2026
cd /out/sourcedata/freesurfer/sub-v1s21x0050391_ses-1/mri
mris_place_surface --adgws-in ../surf/autodet.gw.stats.lh.dat --wm wm.mgz --threads 16 --invol brain.finalsurfs.mgz --lh --i ../surf/lh.orig --o ../surf/lh.white.preaparc --white --seg aseg.presurf.mgz --nsmooth 5
7.3.2
7.3.2

cd /out/sourcedata/freesurfer/sub-v1s21x0050391_ses-1/mri
setenv SUBJECTS_DIR /out/sourcedata/freesurfer
mris_place_surface --adgws-in ../surf/autodet.gw.stats.lh.dat --wm wm.mgz --threads 16 --invol brain.finalsurfs.mgz --lh --i ../surf/lh.orig --o ../surf/lh.white.preaparc --white --seg aseg.presurf.mgz --nsmooth 5 

Reading in input surface ../surf/lh.orig
Smoothing surface before ripping with 5 iterations
Area    298212  0.26834  0.06103 0.001743   0.5623
Corner  894636 60.00000  9.08299 14.172047 134.7905
Edge    447318  0.79072  0.11054 0.058359   1.2903
Hinge   447318  6.24660  6.04731 0.000023 129.6129
Not reading in aparc
Reading in input volume brain.finalsurfs.mgz
Reading in wm volume wm.mgz
MRIclipBrightWM(): nthresh=11693, wmmin=5, clip=110 
MRIfindBrightNonWM(): 404 bright non-wm voxels segmented.
Masking bright non-wm for white surface
MRImask(): AllowDiffGeom = 1
MRImask(): AllowDiffGeom = 1
Reading in seg volume aseg.presurf.mgz
Ripping frozen voxels
INFO: rip surface needed but not specified, so using input surface
Freezing midline and others
Entering: MRISripMidline(): inhibiting deformation at non-cortical midline structures...
  which=1, fix_mtl=0, using annot = 0
#FML0# MRISripMidline(): nripped=0
#FML# MRISripMidline(): nmarked=7252, nmarked2=47, nripped=7252
Ripping segs (eg, WMSA, BG, frozen)
Starting MRISripSegs() d = (-2 2 0.5) segnos: 247 
MRISripSegs(): -2 2 0.5 ripped 0
vertex 74554: xyz = (-14.568,3.78659,-34.835) oxyz = (-14.568,3.78659,-34.835) wxzy = (-14.568,3.78659,-34.835) pxyz = (0,0,0) 
CBVO Creating mask 149108
n_averages 4
Iteration 0 =========================================
n_averages=4, current_sigma=2
Freezing midline and others
Ripping frozen voxels
INFO: rip surface needed but not specified, so using input surface
Freezing midline and others
Entering: MRISripMidline(): inhibiting deformation at non-cortical midline structures...
  which=1, fix_mtl=0, using annot = 0
#FML0# MRISripMidline(): nripped=7252
#FML# MRISripMidline(): nmarked=7252, nmarked2=47, nripped=7252
Ripping segs (eg, WMSA, BG, frozen)
Starting MRISripSegs() d = (-2 2 0.5) segnos: 247 247 
MRISripSegs(): -2 2 0.5 ripped 0
Computing target border values 
Entering MRIScomputeBorderValues_new(): 
  inside_hi   = 120.0000000;
  border_hi   = 108.8314740;
  border_low  =  74.0000000;
  outside_low =  65.1346130;
  outside_hi  = 108.8314740;
  sigma = 2;
  max_thickness = 10;
  step_size=0.5;
  STEP_SIZE=0.1;
  which = 1
  thresh = 0
  flags = 0
  CBVfindFirstPeakD1=0
  CBVfindFirstPeakD2=0
  nvertices=149108
  Gdiag_no=-1
  vno start=0, stop=149108
Replacing 255s with 0s
#SI# sigma=2 had to be increased for 29 vertices, nripped=7252
mean border=85.0, 163 (163) missing vertices, mean dist 0.2 [0.6 (%41.4)->0.8 (%58.6))]
%70 local maxima, %25 large gradients and % 0 min vals, 0 gradients ignored
nFirstPeakD1 0
MRIScomputeBorderValues_new() finished in 0.0114 min


Finding expansion regions
mean absolute distance = 0.72 +- 0.89
5066 vertices more than 2 sigmas from mean.
Averaging target values for 5 iterations...
Positioning Surface: tspring = 0.3, nspring = 0.3, spring = 0, niters = 100 l_repulse = 5, l_surf_repulse = 0, checktol = 0
Positioning pial surface
Entering MRISpositionSurface()
  max_mm = 0.3
  MAX_REDUCTIONS = 2, REDUCTION_PCT = 0.5
  parms->check_tol = 0, niterations = 100
tol=1.0e-04, sigma=2.0, host=dna07, nav=4, nbrs=2, l_repulse=5.000, l_tspring=0.300, l_nspring=0.300, l_intensity=0.200, l_curv=1.000
mom=0.00, dt=0.50
complete_dist_mat 0
rms 0
smooth_averages 0
remove_neg 0
ico_order 0
which_surface 0
target_radius 0.000000
nfields 0
scale 0.000000
desired_rms_height 0.000000
momentum 0.000000
nbhd_size 0
max_nbrs 0
niterations 100
nsurfaces 0
SURFACES 3
flags 0 (0)
use curv 0
no sulc 0
no rigid align 0
mris->nsize 2
mris->hemisphere 0
randomSeed 0

000: dt: 0.0000, sse=2202885.2, rms=8.485
001: dt: 0.5000, sse=1196573.0, rms=6.048 (28.725%)
002: dt: 0.5000, sse=715087.0, rms=4.428 (26.785%)
003: dt: 0.5000, sse=489919.9, rms=3.409 (23.009%)
004: dt: 0.5000, sse=380026.1, rms=2.779 (18.490%)
005: dt: 0.5000, sse=328997.4, rms=2.428 (12.621%)
006: dt: 0.5000, sse=304738.4, rms=2.239 (7.785%)
007: dt: 0.5000, sse=295766.4, rms=2.161 (3.474%)
rms = 2.1158/2.1612, sse=291152.3/295766.4, time step reduction 1 of 3 to 0.250  0 0 1
008: dt: 0.5000, sse=291152.3, rms=2.116 (2.102%)
009: dt: 0.2500, sse=206277.3, rms=1.175 (44.444%)
010: dt: 0.2500, sse=198627.7, rms=1.047 (10.962%)
rms = 1.0161/1.0466, sse=197258.1/198627.7, time step reduction 2 of 3 to 0.125  0 0 1
011: dt: 0.2500, sse=197258.1, rms=1.016 (2.916%)
rms = 0.9964/1.0161, sse=195787.3/197258.1, time step reduction 3 of 3 to 0.062  0 0 1
012: dt: 0.1250, sse=195787.3, rms=0.996 (1.937%)
  maximum number of reductions reached, breaking from loop
positioning took 1.0 minutes
Iteration 1 =========================================
n_averages=2, current_sigma=1
Freezing midline and others
Ripping frozen voxels
INFO: rip surface needed but not specified, so using input surface
Freezing midline and others
Entering: MRISripMidline(): inhibiting deformation at non-cortical midline structures...
  which=1, fix_mtl=0, using annot = 0
#FML0# MRISripMidline(): nripped=7252
removing 3 vertices from ripped group in thread:0
removing 1 vertices from ripped group in thread:0
removing 4 vertices from ripped group in thread:0
removing 2 vertices from ripped group in thread:0
removing 4 vertices from ripped group in thread:0
#FML# MRISripMidline(): nmarked=7549, nmarked2=110, nripped=7549
Ripping segs (eg, WMSA, BG, frozen)
Starting MRISripSegs() d = (-2 2 0.5) segnos: 247 247 247 
MRISripSegs(): -2 2 0.5 ripped 0
Computing target border values 
Entering MRIScomputeBorderValues_new(): 
  inside_hi   = 120.0000000;
  border_hi   = 108.8314740;
  border_low  =  74.0000000;
  outside_low =  65.1346130;
  outside_hi  = 108.8314740;
  sigma = 1;
  max_thickness = 10;
  step_size=0.5;
  STEP_SIZE=0.1;
  which = 1
  thresh = 0
  flags = 0
  CBVfindFirstPeakD1=0
  CBVfindFirstPeakD2=0
  nvertices=149108
  Gdiag_no=-1
  vno start=0, stop=149108
Replacing 255s with 0s
#SI# sigma=1 had to be increased for 88 vertices, nripped=7549
mean border=86.8, 180 (116) missing vertices, mean dist -0.2 [0.4 (%67.3)->0.3 (%32.7))]
%75 local maxima, %19 large gradients and % 0 min vals, 0 gradients ignored
nFirstPeakD1 0
MRIScomputeBorderValues_new() finished in 0.0084 min


Finding expansion regions
mean absolute distance = 0.34 +- 0.65
3477 vertices more than 2 sigmas from mean.
Averaging target values for 5 iterations...
Positioning Surface: tspring = 0.3, nspring = 0.3, spring = 0, niters = 100 l_repulse = 5, l_surf_repulse = 0, checktol = 0
Positioning pial surface
Entering MRISpositionSurface()
  max_mm = 0.3
  MAX_REDUCTIONS = 2, REDUCTION_PCT = 0.5
  parms->check_tol = 0, niterations = 100
tol=1.0e-04, sigma=1.0, host=dna07, nav=2, nbrs=2, l_repulse=5.000, l_tspring=0.300, l_nspring=0.300, l_intensity=0.200, l_curv=1.000
mom=0.00, dt=0.50
000: dt: 0.0000, sse=582940.8, rms=3.601
013: dt: 0.5000, sse=350830.4, rms=2.189 (39.229%)
014: dt: 0.5000, sse=297273.8, rms=1.708 (21.970%)
015: dt: 0.5000, sse=281255.3, rms=1.532 (10.279%)
rms = 1.5272/1.5322, sse=281008.6/281255.4, time step reduction 1 of 3 to 0.250  0 0 1
016: dt: 0.5000, sse=281008.7, rms=1.527 (0.330%)
017: dt: 0.2500, sse=243553.4, rms=0.992 (35.018%)
018: dt: 0.2500, sse=239147.5, rms=0.909 (8.381%)
rms = 0.8961/0.9092, sse=238584.7/239147.5, time step reduction 2 of 3 to 0.125  0 0 1
019: dt: 0.2500, sse=238584.7, rms=0.896 (1.443%)
rms = 0.8767/0.8961, sse=237659.9/238584.7, time step reduction 3 of 3 to 0.062  0 0 1
020: dt: 0.1250, sse=237659.9, rms=0.877 (2.167%)
  maximum number of reductions reached, breaking from loop
positioning took 0.7 minutes
Iteration 2 =========================================
n_averages=1, current_sigma=0.5
Freezing midline and others
Ripping frozen voxels
INFO: rip surface needed but not specified, so using input surface
Freezing midline and others
Entering: MRISripMidline(): inhibiting deformation at non-cortical midline structures...
  which=1, fix_mtl=0, using annot = 0
#FML0# MRISripMidline(): nripped=7549
removing 3 vertices from ripped group in thread:0
removing 4 vertices from ripped group in thread:0
#FML# MRISripMidline(): nmarked=7713, nmarked2=113, nripped=7713
Ripping segs (eg, WMSA, BG, frozen)
Starting MRISripSegs() d = (-2 2 0.5) segnos: 247 247 247 247 
MRISripSegs(): -2 2 0.5 ripped 0
Computing target border values 
Entering MRIScomputeBorderValues_new(): 
  inside_hi   = 120.0000000;
  border_hi   = 108.8314740;
  border_low  =  74.0000000;
  outside_low =  65.1346130;
  outside_hi  = 108.8314740;
  sigma = 0.5;
  max_thickness = 10;
  step_size=0.5;
  STEP_SIZE=0.1;
  which = 1
  thresh = 0
  flags = 0
  CBVfindFirstPeakD1=0
  CBVfindFirstPeakD2=0
  nvertices=149108
  Gdiag_no=-1
  vno start=0, stop=149108
Replacing 255s with 0s
#SI# sigma=0.5 had to be increased for 68 vertices, nripped=7713
mean border=88.4, 146 (79) missing vertices, mean dist -0.1 [0.3 (%67.2)->0.2 (%32.8))]
%83 local maxima, %12 large gradients and % 0 min vals, 0 gradients ignored
nFirstPeakD1 0
MRIScomputeBorderValues_new() finished in 0.0066 min


Finding expansion regions
mean absolute distance = 0.27 +- 0.47
3869 vertices more than 2 sigmas from mean.
Averaging target values for 5 iterations...
Positioning Surface: tspring = 0.3, nspring = 0.3, spring = 0, niters = 100 l_repulse = 5, l_surf_repulse = 0, checktol = 0
Positioning pial surface
Entering MRISpositionSurface()
  max_mm = 0.3
  MAX_REDUCTIONS = 2, REDUCTION_PCT = 0.5
  parms->check_tol = 0, niterations = 100
tol=1.0e-04, sigma=0.5, host=dna07, nav=1, nbrs=2, l_repulse=5.000, l_tspring=0.300, l_nspring=0.300, l_intensity=0.200, l_curv=1.000
mom=0.00, dt=0.50
000: dt: 0.0000, sse=383674.4, rms=2.461
021: dt: 0.5000, sse=278621.0, rms=1.521 (38.194%)
022: dt: 0.5000, sse=262261.9, rms=1.325 (12.905%)
rms = 1.2964/1.3250, sse=260487.5/262261.9, time step reduction 1 of 3 to 0.250  0 0 1
023: dt: 0.5000, sse=260487.5, rms=1.296 (2.156%)
024: dt: 0.2500, sse=233267.5, rms=0.847 (34.642%)
025: dt: 0.2500, sse=230469.6, rms=0.787 (7.146%)
rms = 0.7823/0.7868, sse=230200.7/230469.6, time step reduction 2 of 3 to 0.125  0 0 1
026: dt: 0.2500, sse=230200.7, rms=0.782 (0.574%)
rms = 0.7613/0.7823, sse=229315.2/230200.7, time step reduction 3 of 3 to 0.062  0 0 1
027: dt: 0.1250, sse=229315.2, rms=0.761 (2.681%)
  maximum number of reductions reached, breaking from loop
positioning took 0.6 minutes
Iteration 3 =========================================
n_averages=0, current_sigma=0.25
Freezing midline and others
Ripping frozen voxels
INFO: rip surface needed but not specified, so using input surface
Freezing midline and others
Entering: MRISripMidline(): inhibiting deformation at non-cortical midline structures...
  which=1, fix_mtl=0, using annot = 0
#FML0# MRISripMidline(): nripped=7713
removing 3 vertices from ripped group in thread:0
removing 2 vertices from ripped group in thread:0
#FML# MRISripMidline(): nmarked=7722, nmarked2=112, nripped=7722
Ripping segs (eg, WMSA, BG, frozen)
Starting MRISripSegs() d = (-2 2 0.5) segnos: 247 247 247 247 247 
MRISripSegs(): -2 2 0.5 ripped 0
Computing target border values 
Entering MRIScomputeBorderValues_new(): 
  inside_hi   = 120.0000000;
  border_hi   = 108.8314740;
  border_low  =  74.0000000;
  outside_low =  65.1346130;
  outside_hi  = 108.8314740;
  sigma = 0.25;
  max_thickness = 10;
  step_size=0.5;
  STEP_SIZE=0.1;
  which = 1
  thresh = 0
  flags = 0
  CBVfindFirstPeakD1=0
  CBVfindFirstPeakD2=0
  nvertices=149108
  Gdiag_no=-1
  vno start=0, stop=149108
Replacing 255s with 0s
#SI# sigma=0.25 had to be increased for 75 vertices, nripped=7722
mean border=89.0, 165 (77) missing vertices, mean dist -0.1 [0.3 (%56.2)->0.2 (%43.8))]
%86 local maxima, % 8 large gradients and % 0 min vals, 0 gradients ignored
nFirstPeakD1 0
MRIScomputeBorderValues_new() finished in 0.0033 min


Finding expansion regions
mean absolute distance = 0.24 +- 0.37
3707 vertices more than 2 sigmas from mean.
Averaging target values for 5 iterations...
Positioning Surface: tspring = 0.3, nspring = 0.3, spring = 0, niters = 100 l_repulse = 5, l_surf_repulse = 0, checktol = 0
Positioning pial surface
Entering MRISpositionSurface()
  max_mm = 0.3
  MAX_REDUCTIONS = 2, REDUCTION_PCT = 0.5
  parms->check_tol = 0, niterations = 100
tol=1.0e-04, sigma=0.2, host=dna07, nav=0, nbrs=2, l_repulse=5.000, l_tspring=0.300, l_nspring=0.300, l_intensity=0.200, l_curv=1.000
mom=0.00, dt=0.50
000: dt: 0.0000, sse=259227.0, rms=1.327
028: dt: 0.5000, sse=236703.9, rms=0.965 (27.312%)
rms = 1.0304/0.9647, sse=240027.2/236703.9, time step reduction 1 of 3 to 0.250  0 1 1
   RMS increased, rejecting step
029: dt: 0.2500, sse=226150.7, rms=0.750 (22.254%)
030: dt: 0.2500, sse=223169.8, rms=0.677 (9.741%)
rms = 0.6482/0.6770, sse=221614.2/223169.8, time step reduction 2 of 3 to 0.125  0 0 1
031: dt: 0.2500, sse=221614.2, rms=0.648 (4.248%)
rms = 0.6216/0.6482, sse=221213.3/221614.2, time step reduction 3 of 3 to 0.062  0 0 1
032: dt: 0.1250, sse=221213.3, rms=0.622 (4.112%)
  maximum number of reductions reached, breaking from loop
positioning took 0.4 minutes


Writing output to ../surf/lh.white.preaparc
#ET# mris_place_surface  2.76 minutes
#VMPC# mris_place_surfaces VmPeak  3225676
mris_place_surface done
#--------------------------------------------
#@# CortexLabel lh Mon Mar  9 11:19:12 CET 2026
cd /out/sourcedata/freesurfer/sub-v1s21x0050391_ses-1/mri
mri_label2label --label-cortex ../surf/lh.white.preaparc aseg.presurf.mgz 0 ../label/lh.cortex.label

 Generating cortex label... RemoveHipAmgy=0
 NucAccIsMedialWall=0
 mris->useRealRAS=0
5 non-cortical segments detected
only using segment with 9694 vertices
erasing segment 1 (vno[0] = 61031)
erasing segment 2 (vno[0] = 62040)
erasing segment 3 (vno[0] = 72027)
erasing segment 4 (vno[0] = 123135)
#--------------------------------------------
#@# CortexLabel+HipAmyg lh Mon Mar  9 11:19:22 CET 2026
cd /out/sourcedata/freesurfer/sub-v1s21x0050391_ses-1/mri
mri_label2label --label-cortex ../surf/lh.white.preaparc aseg.presurf.mgz 1 ../label/lh.cortex+hipamyg.label

 Generating cortex label... RemoveHipAmgy=1
 NucAccIsMedialWall=0
 mris->useRealRAS=0
16 non-cortical segments detected
only using segment with 6822 vertices
erasing segment 1 (vno[0] = 41667)
erasing segment 2 (vno[0] = 41720)
erasing segment 3 (vno[0] = 42529)
erasing segment 4 (vno[0] = 44648)
erasing segment 5 (vno[0] = 45723)
erasing segment 6 (vno[0] = 49887)
erasing segment 7 (vno[0] = 51917)
erasing segment 8 (vno[0] = 52878)
erasing segment 9 (vno[0] = 53940)
erasing segment 10 (vno[0] = 56132)
erasing segment 11 (vno[0] = 61031)
erasing segment 12 (vno[0] = 62040)
erasing segment 13 (vno[0] = 72027)
erasing segment 14 (vno[0] = 83301)
erasing segment 15 (vno[0] = 123135)
#--------------------------------------------
#@# Smooth2 lh Mon Mar  9 11:19:32 CET 2026
/out/sourcedata/freesurfer/sub-v1s21x0050391_ses-1/scripts

 mris_smooth -n 3 -nw -seed 1234 ../surf/lh.white.preaparc ../surf/lh.smoothwm 

smoothing for 3 iterations
setting seed for random number generator to 1234
smoothing surface tessellation for 3 iterations...
smoothing complete - recomputing first and second fundamental forms...
#--------------------------------------------
#@# Inflation2 lh Mon Mar  9 11:19:34 CET 2026
/out/sourcedata/freesurfer/sub-v1s21x0050391_ses-1/scripts

 mris_inflate ../surf/lh.smoothwm ../surf/lh.inflated 

Reading ../surf/lh.smoothwm
avg radius = 47.8 mm, total surface area = 91008 mm^2
step 000: RMS=0.164 (target=0.015)   step 005: RMS=0.110 (target=0.015)   step 010: RMS=0.082 (target=0.015)   step 015: RMS=0.068 (target=0.015)   step 020: RMS=0.057 (target=0.015)   step 025: RMS=0.047 (target=0.015)   step 030: RMS=0.039 (target=0.015)   step 035: RMS=0.033 (target=0.015)   step 040: RMS=0.028 (target=0.015)   step 045: RMS=0.024 (target=0.015)   step 050: RMS=0.022 (target=0.015)   step 055: RMS=0.020 (target=0.015)   step 060: RMS=0.018 (target=0.015)   writing inflated surface to ../surf/lh.inflated
writing sulcal depths to ../surf/lh.sulc

inflation complete.
inflation took 0.2 minutes
mris_inflate utimesec    58.090132
mris_inflate stimesec    0.567902
mris_inflate ru_maxrss   228208
mris_inflate ru_ixrss    0
mris_inflate ru_idrss    0
mris_inflate ru_isrss    0
mris_inflate ru_minflt   98427
mris_inflate ru_majflt   13
mris_inflate ru_nswap    0
mris_inflate ru_inblock  130
mris_inflate ru_oublock  11656
mris_inflate ru_msgsnd   0
mris_inflate ru_msgrcv   0
mris_inflate ru_nsignals 0
mris_inflate ru_nvcsw    5758
mris_inflate ru_nivcsw   432
#--------------------------------------------
#@# Curv .H and .K lh Mon Mar  9 11:19:48 CET 2026
/out/sourcedata/freesurfer/sub-v1s21x0050391_ses-1/surf

 mris_curvature -w -seed 1234 lh.white.preaparc 

setting seed for random number generator to 1234
total integrated curvature = 20.536*4pi (258.062) --> -20 handles
ICI = 153.1, FI = 1403.8, variation=22473.604
writing Gaussian curvature to ./lh.white.preaparc.K...done.
writing mean curvature to ./lh.white.preaparc.H...done.
rm -f lh.white.H
ln -s lh.white.preaparc.H lh.white.H
rm -f lh.white.K
ln -s lh.white.preaparc.K lh.white.K

 mris_curvature -seed 1234 -thresh .999 -n -a 5 -w -distances 10 10 lh.inflated 

setting seed for random number generator to 1234
normalizing curvature values.
averaging curvature patterns 5 times.
sampling 10 neighbors out to a distance of 10 mm
230 vertices thresholded to be in k1 ~ [-0.22 0.61], k2 ~ [-0.10 0.06]
total integrated curvature = 0.622*4pi (7.821) --> 0 handles
ICI = 1.7, FI = 10.9, variation=184.064
144 vertices thresholded to be in [-0.01 0.02]
writing Gaussian curvature to ./lh.inflated.K...thresholding curvature at 99.90% level
curvature mean = 0.000, std = 0.001
159 vertices thresholded to be in [-0.13 0.30]
done.
writing mean curvature to ./lh.inflated.H...curvature mean = -0.014, std = 0.026
done.
#--------------------------------------------
#@# Sphere lh Mon Mar  9 11:20:29 CET 2026
/out/sourcedata/freesurfer/sub-v1s21x0050391_ses-1/scripts

 mris_sphere -seed 1234 ../surf/lh.inflated ../surf/lh.sphere 

setting seed for random number genererator to 1234
version: 7.3.2
available threads: 16
reading original vertex positions...
projecting onto sphere...
surface projected - minimizing metric distortion...
scaling brain by 0.282...
MRISunfold() max_passes = 1 -------
tol=5.0e-01, sigma=0.0, host=dna07, nav=1024, nbrs=2, l_area=1.000, l_dist=1.000
using quadratic fit line minimization
complete_dist_mat 0
rms 0
smooth_averages 0
remove_neg 0
ico_order 0
which_surface 0
target_radius 0.000000
nfields 0
scale 1.000000
desired_rms_height -1.000000
momentum 0.900000
nbhd_size 7
max_nbrs 8
niterations 25
nsurfaces 0
SURFACES 3
flags 0 (0)
use curv 0
no sulc 0
no rigid align 0
mris->nsize 2
mris->hemisphere 0
randomSeed 1234

singular matrix in quadratic form
singular matrix in quadratic form
singular matrix in quadratic form
singular matrix in quadratic form
singular matrix in quadratic form
singular matrix in quadratic form
singular matrix in quadratic form
singular matrix in quadratic form
singular matrix in quadratic form
singular matrix in quadratic form
singular matrix in quadratic form
singular matrix in quadratic form
--------------------
  mrisRemoveNegativeArea()
pass 1: epoch 1 of 3 starting distance error %19.01
pass 1: epoch 2 of 3 starting distance error %18.99
unfolding complete - removing small folds...
starting distance error %18.96
removing remaining folds...
final distance error %18.96
MRISunfold() return, current seed 1234
-01: dt=0.0000, 162 negative triangles  VmPeak 1618184
096: dt=0.9900, 162 negative triangles
097: dt=0.9900, 129 negative triangles
098: dt=0.9900, 114 negative triangles
099: dt=0.9900, 101 negative triangles
100: dt=0.9900,  91 negative triangles
101: dt=0.9900,  84 negative triangles
102: dt=0.9900,  77 negative triangles
103: dt=0.9900,  61 negative triangles
104: dt=0.9900,  65 negative triangles
105: dt=0.9900,  58 negative triangles
106: dt=0.9900,  52 negative triangles
107: dt=0.9900,  50 negative triangles
108: dt=0.9900,  40 negative triangles
109: dt=0.9900,  29 negative triangles
110: dt=0.9900,  27 negative triangles
111: dt=0.9900,  23 negative triangles
112: dt=0.9900,  18 negative triangles
113: dt=0.9900,   9 negative triangles
114: dt=0.9900,  12 negative triangles
115: dt=0.9900,  13 negative triangles
116: dt=0.9900,  11 negative triangles
117: dt=0.9900,  11 negative triangles
118: dt=0.9900,  12 negative triangles
119: dt=0.9900,   8 negative triangles
120: dt=0.9900,  11 negative triangles
121: dt=0.9900,  11 negative triangles
122: dt=0.9900,  11 negative triangles
123: dt=0.9900,   8 negative triangles
124: dt=0.9900,   6 negative triangles
125: dt=0.9900,   4 negative triangles
126: dt=0.9900,   2 negative triangles
127: dt=0.9900,   3 negative triangles
128: dt=0.9900,   2 negative triangles
129: dt=0.9900,   1 negative triangles
writing spherical brain to ../surf/lh.sphere
spherical transformation took 0.0431 hours
FSRUNTIME@ mris_sphere  0.0431 hours 16 threads
#VMPC# mris_sphere VmPeak  1618184
mris_sphere done
#--------------------------------------------
#@# Surf Reg lh Mon Mar  9 11:23:04 CET 2026
/out/sourcedata/freesurfer/sub-v1s21x0050391_ses-1/scripts

 mris_register -curv ../surf/lh.sphere /opt/freesurfer/average/lh.folding.atlas.acfb40.noaparc.i12.2016-08-02.tif ../surf/lh.sphere.reg 

using smoothwm curvature for final alignment

cwd /out/sourcedata/freesurfer/sub-v1s21x0050391_ses-1/scripts
cmdline mris_register -curv ../surf/lh.sphere /opt/freesurfer/average/lh.folding.atlas.acfb40.noaparc.i12.2016-08-02.tif ../surf/lh.sphere.reg 

0 inflated.H
1 sulc
2 smoothwm (computed)
7.3.2
  7.3.2
reading surface from ../surf/lh.sphere...
reading template parameterization from /opt/freesurfer/average/lh.folding.atlas.acfb40.noaparc.i12.2016-08-02.tif...
MRISregister() -------
max_passes = 4 
min_degrees = 0.500000 
max_degrees = 64.000000 
nangles = 8 
tol=5.0e-01, sigma=0.0, host=dna07, nav=1024, nbrs=1, l_extern=10000.000, l_parea=0.200, l_nlarea=1.000, l_corr=1.000, l_dist=5.000
using quadratic fit line minimization
complete_dist_mat 0
rms 0
smooth_averages 0
remove_neg 0
ico_order 0
which_surface 0
target_radius 0.000000
nfields 0
scale 0.000000
desired_rms_height -1.000000
momentum 0.950000
nbhd_size -10
max_nbrs 10
niterations 25
nsurfaces 0
SURFACES 3
flags 16 (10)
use curv 16
no sulc 0
no rigid align 0
mris->nsize 1
mris->hemisphere 0
randomSeed 0

tol=5.0e-01, sigma=0.0, host=dna07, nav=1024, nbrs=1, l_extern=10000.000, l_parea=0.200, l_nlarea=1.000, l_corr=1.000, l_dist=5.000
using quadratic fit line minimization
--------------------
1 Reading lh.sulc
tol=1.0e+00, sigma=0.5, host=dna07, nav=1024, nbrs=1, l_extern=10000.000, l_parea=0.200, l_nlarea=1.000, l_corr=0.050, l_spring=0.500, l_dist=5.000
using quadratic fit line minimization
curvature mean = 0.000, std = 5.692
curvature mean = 0.019, std = 0.807
curvature mean = 0.013, std = 0.863
Starting MRISrigidBodyAlignGlobal()
Starting new MRISrigidBodyAlignGlobal_findMinSSE()
  new MRISrigidBodyAlignGlobal_findMinSSE min @ (-4.00, -8.50, 12.00) sse = 242509.9, elapsed since starting=0.0740 min
MRISrigidBodyAlignGlobal() done   0.07 min
curvature mean = -0.008, std = 0.825
curvature mean = 0.005, std = 0.946
curvature mean = -0.015, std = 0.832
curvature mean = 0.002, std = 0.978
curvature mean = -0.016, std = 0.834
curvature mean = 0.000, std = 0.991
2 Reading smoothwm
curvature mean = -0.019, std = 0.241
curvature mean = 0.036, std = 0.246
curvature mean = 0.053, std = 0.399
curvature mean = 0.034, std = 0.304
curvature mean = 0.028, std = 0.613
curvature mean = 0.033, std = 0.331
curvature mean = 0.015, std = 0.759
curvature mean = 0.033, std = 0.344
curvature mean = 0.004, std = 0.858
MRISregister() return, current seed 0
-01: dt=0.0000,   8 negative triangles  VmPeak 1617380
113: dt=0.9900,   8 negative triangles
114: dt=0.9900,   5 negative triangles
115: dt=0.9900,   6 negative triangles
116: dt=0.9900,   6 negative triangles
117: dt=0.9900,   5 negative triangles
118: dt=0.9900,   2 negative triangles
119: dt=0.9900,   2 negative triangles
writing registered surface to ../surf/lh.sphere.reg...
registration took 0.06 hours
#VMPC# mris_register VmPeak  1617380
FSRUNTIME@ mris_register  0.0648 hours 16 threads

 ln -sf lh.sphere.reg lh.fsaverage.sphere.reg 

#--------------------------------------------
#@# Jacobian white lh Mon Mar  9 11:26:57 CET 2026
/out/sourcedata/freesurfer/sub-v1s21x0050391_ses-1/scripts

 mris_jacobian ../surf/lh.white.preaparc ../surf/lh.sphere.reg ../surf/lh.jacobian_white 

reading surface from ../surf/lh.white.preaparc...
writing curvature file ../surf/lh.jacobian_white
#--------------------------------------------
#@# AvgCurv lh Mon Mar  9 11:26:58 CET 2026
/out/sourcedata/freesurfer/sub-v1s21x0050391_ses-1/scripts

 mrisp_paint -a 5 /opt/freesurfer/average/lh.folding.atlas.acfb40.noaparc.i12.2016-08-02.tif#6 ../surf/lh.sphere.reg ../surf/lh.avg_curv 

averaging curvature patterns 5 times...
reading surface from ../surf/lh.sphere.reg...
reading template parameterization from /opt/freesurfer/average/lh.folding.atlas.acfb40.noaparc.i12.2016-08-02.tif...
writing curvature file to ../surf/lh.avg_curv...
#-----------------------------------------
#@# Cortical Parc lh Mon Mar  9 11:26:59 CET 2026
/out/sourcedata/freesurfer/sub-v1s21x0050391_ses-1/scripts

 mris_ca_label -l ../label/lh.cortex.label -aseg ../mri/aseg.presurf.mgz -seed 1234 sub-v1s21x0050391_ses-1 lh ../surf/lh.sphere.reg /opt/freesurfer/average/lh.DKaparc.atlas.acfb40.noaparc.i12.2016-08-02.gcs ../label/lh.aparc.annot 

setting seed for random number generator to 1234
using ../mri/aseg.presurf.mgz aseg volume to correct midline
7.3.2
  7.3.2
reading atlas from /opt/freesurfer/average/lh.DKaparc.atlas.acfb40.noaparc.i12.2016-08-02.gcs...
reading color table from GCSA file....
average std = 0.8   using min determinant for regularization = 0.006
0 singular and 342 ill-conditioned covariance matrices regularized
input 0: MEAN CURVATURE, flags 0, avgs 5, name mean_curvature
labeling surface...
1283 labels changed using aseg
relabeling using gibbs priors...
000:   3327 changed, 149108 examined...
001:    796 changed, 13894 examined...
002:    184 changed, 4516 examined...
003:     69 changed, 1140 examined...
004:     29 changed, 417 examined...
005:      6 changed, 172 examined...
006:      1 changed, 37 examined...
007:      0 changed, 7 examined...
243 labels changed using aseg
000: 113 total segments, 68 labels (234 vertices) changed
001: 45 total segments, 4 labels (9 vertices) changed
002: 41 total segments, 0 labels (0 vertices) changed
10 filter iterations complete (10 requested, 2 changed)
rationalizing unknown annotations with cortex label
relabeling unknown label...
relabeling corpuscallosum label...
2207 vertices marked for relabeling...
2207 labels changed in reclassification.
writing output to ../label/lh.aparc.annot...
classification took 0 minutes and 8 seconds.
#--------------------------------------------
#@# WhiteSurfs lh Mon Mar  9 11:27:07 CET 2026
cd /out/sourcedata/freesurfer/sub-v1s21x0050391_ses-1/mri
mris_place_surface --adgws-in ../surf/autodet.gw.stats.lh.dat --seg aseg.presurf.mgz --threads 16 --wm wm.mgz --invol brain.finalsurfs.mgz --lh --i ../surf/lh.white.preaparc --o ../surf/lh.white --white --nsmooth 0 --rip-label ../label/lh.cortex.label --rip-bg --rip-surf ../surf/lh.white.preaparc --aparc ../label/lh.aparc.annot
7.3.2
7.3.2

cd /out/sourcedata/freesurfer/sub-v1s21x0050391_ses-1/mri
setenv SUBJECTS_DIR /out/sourcedata/freesurfer
mris_place_surface --adgws-in ../surf/autodet.gw.stats.lh.dat --seg aseg.presurf.mgz --threads 16 --wm wm.mgz --invol brain.finalsurfs.mgz --lh --i ../surf/lh.white.preaparc --o ../surf/lh.white --white --nsmooth 0 --rip-label ../label/lh.cortex.label --rip-bg --rip-surf ../surf/lh.white.preaparc --aparc ../label/lh.aparc.annot 

Reading in input surface ../surf/lh.white.preaparc
Not smoothing input surface
Area    298212  0.33269  0.10503 0.001001   2.1181
Corner  894636 60.00000 12.35094 0.260632 178.1803
Edge    447318  0.88503  0.17615 0.051867   3.4068
Hinge   447318  9.22895  9.93048 0.000011 179.5147
Reading in aparc ../label/lh.aparc.annot
Reading in input volume brain.finalsurfs.mgz
Reading in wm volume wm.mgz
MRIclipBrightWM(): nthresh=11693, wmmin=5, clip=110 
MRIfindBrightNonWM(): 404 bright non-wm voxels segmented.
Masking bright non-wm for white surface
MRImask(): AllowDiffGeom = 1
MRImask(): AllowDiffGeom = 1
Reading in seg volume aseg.presurf.mgz
Ripping frozen voxels
Ripping vertices not in label ../label/lh.cortex.label
MRISripNotLabel() ripped 9936/149108 vertices (139172 unripped)
Reading in ripping surface ../surf/lh.white.preaparc
Reading in aparc ../label/lh.aparc.annot for ripsurf
Ripping BG
MRISripBasalGanglia(): 1 -2 2 0.5 ripped 408
Ripping segs (eg, WMSA, BG, frozen)
Starting MRISripSegs() d = (-2 2 0.5) segnos: 247 
MRISripSegs(): -2 2 0.5 ripped 0
vertex 74554: xyz = (-14.1356,3.78465,-34.4395) oxyz = (-14.1356,3.78465,-34.4395) wxzy = (-14.1356,3.78465,-34.4395) pxyz = (0,0,0) 
CBVO Creating mask 149108
n_averages 4
Iteration 0 =========================================
n_averages=4, current_sigma=2
Computing target border values 
Entering MRIScomputeBorderValues_new(): 
  inside_hi   = 120.0000000;
  border_hi   = 108.8314740;
  border_low  =  74.0000000;
  outside_low =  65.1346130;
  outside_hi  = 108.8314740;
  sigma = 2;
  max_thickness = 10;
  step_size=0.5;
  STEP_SIZE=0.1;
  which = 1
  thresh = 0
  flags = 0
  CBVfindFirstPeakD1=0
  CBVfindFirstPeakD2=0
  nvertices=149108
  Gdiag_no=-1
  vno start=0, stop=149108
Replacing 255s with 0s
#SI# sigma=2 had to be increased for 65 vertices, nripped=10344
mean border=84.7, 153 (153) missing vertices, mean dist 0.3 [0.7 (%20.1)->0.6 (%79.9))]
%65 local maxima, %28 large gradients and % 0 min vals, 0 gradients ignored
nFirstPeakD1 0
MRIScomputeBorderValues_new() finished in 0.0105 min


Finding expansion regions
mean absolute distance = 0.59 +- 0.92
2823 vertices more than 2 sigmas from mean.
Averaging target values for 5 iterations...
Positioning Surface: tspring = 0.3, nspring = 0.3, spring = 0, niters = 100 l_repulse = 5, l_surf_repulse = 0, checktol = 0
Positioning pial surface
Entering MRISpositionSurface()
  max_mm = 0.3
  MAX_REDUCTIONS = 2, REDUCTION_PCT = 0.5
  parms->check_tol = 0, niterations = 100
tol=1.0e-04, sigma=2.0, host=dna07, nav=4, nbrs=2, l_repulse=5.000, l_tspring=0.300, l_nspring=0.300, l_intensity=0.200, l_curv=1.000
mom=0.00, dt=0.50
complete_dist_mat 0
rms 0
smooth_averages 0
remove_neg 0
ico_order 0
which_surface 0
target_radius 0.000000
nfields 0
scale 0.000000
desired_rms_height 0.000000
momentum 0.000000
nbhd_size 0
max_nbrs 0
niterations 100
nsurfaces 0
SURFACES 3
flags 0 (0)
use curv 0
no sulc 0
no rigid align 0
mris->nsize 2
mris->hemisphere 0
randomSeed 0

000: dt: 0.0000, sse=1249290.4, rms=6.141
001: dt: 0.5000, sse=579123.0, rms=3.688 (39.948%)
002: dt: 0.5000, sse=369365.6, rms=2.457 (33.373%)
003: dt: 0.5000, sse=305697.9, rms=1.925 (21.663%)
004: dt: 0.5000, sse=280942.3, rms=1.674 (13.004%)
005: dt: 0.5000, sse=276597.8, rms=1.615 (3.527%)
rms = 1.5885/1.6153, sse=273746.3/276597.7, time step reduction 1 of 3 to 0.250  0 0 1
006: dt: 0.5000, sse=273746.3, rms=1.589 (1.661%)
007: dt: 0.2500, sse=232801.5, rms=0.988 (37.807%)
008: dt: 0.2500, sse=228474.8, rms=0.902 (8.722%)
rms = 0.8903/0.9018, sse=228027.4/228474.8, time step reduction 2 of 3 to 0.125  0 0 1
009: dt: 0.2500, sse=228027.4, rms=0.890 (1.276%)
rms = 0.8735/0.8903, sse=227289.3/228027.4, time step reduction 3 of 3 to 0.062  0 0 1
010: dt: 0.1250, sse=227289.3, rms=0.874 (1.878%)
  maximum number of reductions reached, breaking from loop
positioning took 0.9 minutes
Iteration 1 =========================================
n_averages=2, current_sigma=1
Computing target border values 
Entering MRIScomputeBorderValues_new(): 
  inside_hi   = 120.0000000;
  border_hi   = 108.8314740;
  border_low  =  74.0000000;
  outside_low =  65.1346130;
  outside_hi  = 108.8314740;
  sigma = 1;
  max_thickness = 10;
  step_size=0.5;
  STEP_SIZE=0.1;
  which = 1
  thresh = 0
  flags = 0
  CBVfindFirstPeakD1=0
  CBVfindFirstPeakD2=0
  nvertices=149108
  Gdiag_no=-1
  vno start=0, stop=149108
Replacing 255s with 0s
#SI# sigma=1 had to be increased for 40 vertices, nripped=10344
mean border=86.6, 112 (102) missing vertices, mean dist -0.2 [0.4 (%66.9)->0.2 (%33.1))]
%73 local maxima, %20 large gradients and % 0 min vals, 0 gradients ignored
nFirstPeakD1 0
MRIScomputeBorderValues_new() finished in 0.0109 min


Finding expansion regions
mean absolute distance = 0.35 +- 0.67
3192 vertices more than 2 sigmas from mean.
Averaging target values for 5 iterations...
Positioning Surface: tspring = 0.3, nspring = 0.3, spring = 0, niters = 100 l_repulse = 5, l_surf_repulse = 0, checktol = 0
Positioning pial surface
Entering MRISpositionSurface()
  max_mm = 0.3
  MAX_REDUCTIONS = 2, REDUCTION_PCT = 0.5
  parms->check_tol = 0, niterations = 100
tol=1.0e-04, sigma=1.0, host=dna07, nav=2, nbrs=2, l_repulse=5.000, l_tspring=0.300, l_nspring=0.300, l_intensity=0.200, l_curv=1.000
mom=0.00, dt=0.50
000: dt: 0.0000, sse=554512.1, rms=3.474
011: dt: 0.5000, sse=339146.7, rms=2.077 (40.214%)
012: dt: 0.5000, sse=289305.9, rms=1.595 (23.212%)
013: dt: 0.5000, sse=274657.4, rms=1.418 (11.099%)
rms = 1.4065/1.4178, sse=273531.1/274657.4, time step reduction 1 of 3 to 0.250  0 0 1
014: dt: 0.5000, sse=273531.1, rms=1.407 (0.797%)
015: dt: 0.2500, sse=241378.4, rms=0.884 (37.159%)
016: dt: 0.2500, sse=237768.0, rms=0.804 (9.042%)
rms = 0.7941/0.8040, sse=237502.5/237768.0, time step reduction 2 of 3 to 0.125  0 0 1
017: dt: 0.2500, sse=237502.5, rms=0.794 (1.228%)
rms = 0.7741/0.7941, sse=237452.5/237502.5, time step reduction 3 of 3 to 0.062  0 0 1
018: dt: 0.1250, sse=237452.5, rms=0.774 (2.513%)
  maximum number of reductions reached, breaking from loop
positioning took 0.7 minutes
Iteration 2 =========================================
n_averages=1, current_sigma=0.5
Computing target border values 
Entering MRIScomputeBorderValues_new(): 
  inside_hi   = 120.0000000;
  border_hi   = 108.8314740;
  border_low  =  74.0000000;
  outside_low =  65.1346130;
  outside_hi  = 108.8314740;
  sigma = 0.5;
  max_thickness = 10;
  step_size=0.5;
  STEP_SIZE=0.1;
  which = 1
  thresh = 0
  flags = 0
  CBVfindFirstPeakD1=0
  CBVfindFirstPeakD2=0
  nvertices=149108
  Gdiag_no=-1
  vno start=0, stop=149108
Replacing 255s with 0s
#SI# sigma=0.5 had to be increased for 46 vertices, nripped=10344
mean border=88.3, 115 (99) missing vertices, mean dist -0.1 [0.3 (%67.6)->0.2 (%32.4))]
%81 local maxima, %12 large gradients and % 0 min vals, 0 gradients ignored
nFirstPeakD1 0
MRIScomputeBorderValues_new() finished in 0.0068 min


Finding expansion regions
mean absolute distance = 0.28 +- 0.49
3548 vertices more than 2 sigmas from mean.
Averaging target values for 5 iterations...
Positioning Surface: tspring = 0.3, nspring = 0.3, spring = 0, niters = 100 l_repulse = 5, l_surf_repulse = 0, checktol = 0
Positioning pial surface
Entering MRISpositionSurface()
  max_mm = 0.3
  MAX_REDUCTIONS = 2, REDUCTION_PCT = 0.5
  parms->check_tol = 0, niterations = 100
tol=1.0e-04, sigma=0.5, host=dna07, nav=1, nbrs=2, l_repulse=5.000, l_tspring=0.300, l_nspring=0.300, l_intensity=0.200, l_curv=1.000
mom=0.00, dt=0.50
000: dt: 0.0000, sse=388255.0, rms=2.501
019: dt: 0.5000, sse=281579.5, rms=1.531 (38.784%)
020: dt: 0.5000, sse=262495.7, rms=1.310 (14.421%)
rms = 1.2694/1.3102, sse=260462.1/262495.7, time step reduction 1 of 3 to 0.250  0 0 1
021: dt: 0.5000, sse=260462.1, rms=1.269 (3.113%)
022: dt: 0.2500, sse=233501.7, rms=0.823 (35.186%)
023: dt: 0.2500, sse=230716.2, rms=0.758 (7.900%)
rms = 0.7607/0.7578, sse=232133.9/230716.2, time step reduction 2 of 3 to 0.125  0 1 1
   RMS increased, rejecting step
rms = 0.7474/0.7578, sse=230248.2/230716.2, time step reduction 3 of 3 to 0.062  0 0 1
024: dt: 0.1250, sse=230248.2, rms=0.747 (1.368%)
  maximum number of reductions reached, breaking from loop
positioning took 0.6 minutes
Iteration 3 =========================================
n_averages=0, current_sigma=0.25
Computing target border values 
Entering MRIScomputeBorderValues_new(): 
  inside_hi   = 120.0000000;
  border_hi   = 108.8314740;
  border_low  =  74.0000000;
  outside_low =  65.1346130;
  outside_hi  = 108.8314740;
  sigma = 0.25;
  max_thickness = 10;
  step_size=0.5;
  STEP_SIZE=0.1;
  which = 1
  thresh = 0
  flags = 0
  CBVfindFirstPeakD1=0
  CBVfindFirstPeakD2=0
  nvertices=149108
  Gdiag_no=-1
  vno start=0, stop=149108
Replacing 255s with 0s
#SI# sigma=0.25 had to be increased for 50 vertices, nripped=10344
mean border=88.9, 138 (96) missing vertices, mean dist -0.1 [0.3 (%56.4)->0.2 (%43.6))]
%85 local maxima, % 8 large gradients and % 0 min vals, 0 gradients ignored
nFirstPeakD1 0
MRIScomputeBorderValues_new() finished in 0.0041 min


Finding expansion regions
mean absolute distance = 0.24 +- 0.38
3722 vertices more than 2 sigmas from mean.
Averaging target values for 5 iterations...
Positioning Surface: tspring = 0.3, nspring = 0.3, spring = 0, niters = 100 l_repulse = 5, l_surf_repulse = 0, checktol = 0
Positioning pial surface
Entering MRISpositionSurface()
  max_mm = 0.3
  MAX_REDUCTIONS = 2, REDUCTION_PCT = 0.5
  parms->check_tol = 0, niterations = 100
tol=1.0e-04, sigma=0.2, host=dna07, nav=0, nbrs=2, l_repulse=5.000, l_tspring=0.300, l_nspring=0.300, l_intensity=0.200, l_curv=1.000
mom=0.00, dt=0.50
000: dt: 0.0000, sse=257954.7, rms=1.305
025: dt: 0.5000, sse=240908.4, rms=0.966 (25.960%)
rms = 1.0544/0.9660, sse=243153.5/240908.4, time step reduction 1 of 3 to 0.250  0 1 1
   RMS increased, rejecting step
026: dt: 0.2500, sse=228997.4, rms=0.733 (24.169%)
027: dt: 0.2500, sse=225079.7, rms=0.660 (9.929%)
rms = 0.6254/0.6598, sse=223421.6/225079.7, time step reduction 2 of 3 to 0.125  0 0 1
028: dt: 0.2500, sse=223421.6, rms=0.625 (5.218%)
rms = 0.5971/0.6254, sse=222834.6/223421.6, time step reduction 3 of 3 to 0.062  0 0 1
029: dt: 0.1250, sse=222834.6, rms=0.597 (4.523%)
  maximum number of reductions reached, breaking from loop
positioning took 0.5 minutes


Writing output to ../surf/lh.white
#ET# mris_place_surface  2.71 minutes
#VMPC# mris_place_surfaces VmPeak  3200288
mris_place_surface done
#--------------------------------------------
#@# T1PialSurf lh Mon Mar  9 11:29:54 CET 2026
cd /out/sourcedata/freesurfer/sub-v1s21x0050391_ses-1/mri
mris_place_surface --adgws-in ../surf/autodet.gw.stats.lh.dat --seg aseg.presurf.mgz --threads 16 --wm wm.mgz --invol brain.finalsurfs.mgz --lh --i ../surf/lh.white --o ../surf/lh.pial.T1 --pial --nsmooth 0 --rip-label ../label/lh.cortex+hipamyg.label --pin-medial-wall ../label/lh.cortex.label --aparc ../label/lh.aparc.annot --repulse-surf ../surf/lh.white --white-surf ../surf/lh.white
7.3.2
7.3.2

cd /out/sourcedata/freesurfer/sub-v1s21x0050391_ses-1/mri
setenv SUBJECTS_DIR /out/sourcedata/freesurfer
mris_place_surface --adgws-in ../surf/autodet.gw.stats.lh.dat --seg aseg.presurf.mgz --threads 16 --wm wm.mgz --invol brain.finalsurfs.mgz --lh --i ../surf/lh.white --o ../surf/lh.pial.T1 --pial --nsmooth 0 --rip-label ../label/lh.cortex+hipamyg.label --pin-medial-wall ../label/lh.cortex.label --aparc ../label/lh.aparc.annot --repulse-surf ../surf/lh.white --white-surf ../surf/lh.white 

Reading in input surface ../surf/lh.white
Not smoothing input surface
Area    298212  0.33453  0.11788 0.001172   2.7434
Corner  894636 60.00000 13.68991 0.907192 176.6334
Edge    447318  0.88874  0.19510 0.028620   3.7987
Hinge   447318  9.23899  9.91858 0.000031 179.9487
Reading white surface coordinates from ../surf/lh.white
Reading repulsion surface coordinates from ../surf/lh.white
Reading in aparc ../label/lh.aparc.annot
Reading in input volume brain.finalsurfs.mgz
Reading in wm volume wm.mgz
MRIclipBrightWM(): nthresh=11693, wmmin=5, clip=110 
MRIfindBrightNonWM(): 404 bright non-wm voxels segmented.
Masking bright non-wm for pial surface mid_gray = 71.2862
MRImask(): AllowDiffGeom = 1
MRImask(): AllowDiffGeom = 1
MRImask(): AllowDiffGeom = 1
Reading in seg volume aseg.presurf.mgz
Ripping frozen voxels
Ripping vertices not in label ../label/lh.cortex+hipamyg.label
MRISripNotLabel() ripped 7107/149108 vertices (142001 unripped)
INFO: rip surface needed but not specified, so using input surface
Ripping segs (eg, WMSA, BG, frozen)
Starting MRISripSegs() d = (-2 2 0.5) segnos: 247 
MRISripSegs(): -2 2 0.5 ripped 0
vertex 74554: xyz = (-14.1356,3.78465,-34.4395) oxyz = (-14.1356,3.78465,-34.4395) wxzy = (-14.1356,3.78465,-34.4395) pxyz = (-14.1356,3.78465,-34.4395) 
CBVO Creating mask 149108
n_averages 16
Iteration 0 =========================================
n_averages=16, current_sigma=2
Computing target border values 
Entering MRIScomputeBorderValues_new(): 
  inside_hi   =  95.1685260;
  border_hi   =  65.1346130;
  border_low  =  47.4038470;
  outside_low =  10.0000000;
  outside_hi  =  60.7019200;
  sigma = 2;
  max_thickness = 10;
  step_size=0.5;
  STEP_SIZE=0.1;
  which = 2
  thresh = 0
  flags = 0
  CBVfindFirstPeakD1=0
  CBVfindFirstPeakD2=0
  nvertices=149108
  Gdiag_no=-1
  vno start=0, stop=149108
Replacing 255s with 0s
#SI# sigma=2 had to be increased for 147 vertices, nripped=7107
mean border=63.4, 175 (175) missing vertices, mean dist 1.6 [5.2 (%0.0)->2.9 (%100.0))]
%16 local maxima, %38 large gradients and %41 min vals, 0 gradients ignored
nFirstPeakD1 0
MRIScomputeBorderValues_new() finished in 0.0105 min


Averaging target values for 5 iterations...
Positioning Surface: tspring = 0.3, nspring = 0.3, spring = 0, niters = 100 l_repulse = 0, l_surf_repulse = 5, checktol = 0
Positioning pial surface
Entering MRISpositionSurface()
  max_mm = 0.3
  MAX_REDUCTIONS = 2, REDUCTION_PCT = 0.5
  parms->check_tol = 0, niterations = 100
tol=1.0e-04, sigma=2.0, host=dna07, nav=16, nbrs=2, l_surf_repulse=5.000, l_tspring=0.300, l_nspring=0.300, l_intensity=0.200, l_curv=1.000
mom=0.00, dt=0.50
complete_dist_mat 0
rms 0
smooth_averages 0
remove_neg 0
ico_order 0
which_surface 0
target_radius 0.000000
nfields 0
scale 0.000000
desired_rms_height 0.000000
momentum 0.000000
nbhd_size 0
max_nbrs 0
niterations 100
nsurfaces 0
SURFACES 3
flags 0 (0)
use curv 0
no sulc 0
no rigid align 0
mris->nsize 2
mris->hemisphere 0
randomSeed 0

000: dt: 0.0000, sse=19716072.0, rms=26.224
001: dt: 0.5000, sse=14262669.0, rms=22.258 (15.122%)
002: dt: 0.5000, sse=10167268.0, rms=18.735 (15.828%)
003: dt: 0.5000, sse=7301562.5, rms=15.809 (15.622%)
004: dt: 0.5000, sse=5396630.0, rms=13.515 (14.508%)
005: dt: 0.5000, sse=4085800.2, rms=11.676 (13.605%)
006: dt: 0.5000, sse=3136658.0, rms=10.137 (13.183%)
007: dt: 0.5000, sse=2413156.2, rms=8.782 (13.364%)
008: dt: 0.5000, sse=1856223.8, rms=7.575 (13.751%)
009: dt: 0.5000, sse=1430144.9, rms=6.500 (14.195%)
010: dt: 0.5000, sse=1111885.4, rms=5.561 (14.445%)
011: dt: 0.5000, sse=892845.0, rms=4.808 (13.543%)
012: dt: 0.5000, sse=753390.8, rms=4.257 (11.450%)
013: dt: 0.5000, sse=669892.9, rms=3.888 (8.679%)
014: dt: 0.5000, sse=623499.3, rms=3.664 (5.743%)
015: dt: 0.5000, sse=592580.8, rms=3.506 (4.328%)
016: dt: 0.5000, sse=575337.2, rms=3.412 (2.670%)
017: dt: 0.5000, sse=560793.2, rms=3.331 (2.382%)
rms = 3.2957/3.3309, sse=555001.5/560793.3, time step reduction 1 of 3 to 0.250  0 0 1
018: dt: 0.5000, sse=555001.5, rms=3.296 (1.057%)
019: dt: 0.2500, sse=465230.6, rms=2.750 (16.566%)
020: dt: 0.2500, sse=446784.9, rms=2.625 (4.541%)
rms = 2.6049/2.6249, sse=444153.1/446784.9, time step reduction 2 of 3 to 0.125  0 0 1
021: dt: 0.2500, sse=444153.1, rms=2.605 (0.762%)
022: dt: 0.1250, sse=433095.4, rms=2.525 (3.058%)
rms = 2.5102/2.5252, sse=431123.7/433095.4, time step reduction 3 of 3 to 0.062  0 0 1
023: dt: 0.1250, sse=431123.7, rms=2.510 (0.596%)
  maximum number of reductions reached, breaking from loop
positioning took 1.8 minutes
Iteration 1 =========================================
n_averages=8, current_sigma=1
Computing target border values 
Entering MRIScomputeBorderValues_new(): 
  inside_hi   =  95.1685260;
  border_hi   =  65.1346130;
  border_low  =  47.4038470;
  outside_low =  10.0000000;
  outside_hi  =  60.7019200;
  sigma = 1;
  max_thickness = 10;
  step_size=0.5;
  STEP_SIZE=0.1;
  which = 2
  thresh = 0
  flags = 0
  CBVfindFirstPeakD1=0
  CBVfindFirstPeakD2=0
  nvertices=149108
  Gdiag_no=-1
  vno start=0, stop=149108
Replacing 255s with 0s
#SI# sigma=1 had to be increased for 12378 vertices, nripped=7107
mean border=62.2, 1574 (53) missing vertices, mean dist 0.1 [0.2 (%42.3)->0.5 (%57.7))]
%27 local maxima, %31 large gradients and %37 min vals, 0 gradients ignored
nFirstPeakD1 0
MRIScomputeBorderValues_new() finished in 0.0041 min


Averaging target values for 5 iterations...
Positioning Surface: tspring = 0.3, nspring = 0.3, spring = 0, niters = 100 l_repulse = 0, l_surf_repulse = 5, checktol = 0
Positioning pial surface
Entering MRISpositionSurface()
  max_mm = 0.3
  MAX_REDUCTIONS = 2, REDUCTION_PCT = 0.5
  parms->check_tol = 0, niterations = 100
tol=1.0e-04, sigma=1.0, host=dna07, nav=8, nbrs=2, l_surf_repulse=5.000, l_tspring=0.300, l_nspring=0.300, l_intensity=0.200, l_curv=1.000
mom=0.00, dt=0.50
000: dt: 0.0000, sse=636447.1, rms=3.436
024: dt: 0.5000, sse=573619.7, rms=3.092 (10.020%)
rms = 3.0818/3.0920, sse=569751.4/573619.7, time step reduction 1 of 3 to 0.250  0 0 1
025: dt: 0.5000, sse=569751.4, rms=3.082 (0.333%)
026: dt: 0.2500, sse=491789.2, rms=2.580 (16.292%)
027: dt: 0.2500, sse=480536.8, rms=2.499 (3.117%)
rms = 2.4962/2.4993, sse=480340.3/480536.8, time step reduction 2 of 3 to 0.125  0 0 1
028: dt: 0.2500, sse=480340.2, rms=2.496 (0.122%)
029: dt: 0.1250, sse=467296.6, rms=2.399 (3.908%)
rms = 2.3800/2.3987, sse=464864.8/467296.6, time step reduction 3 of 3 to 0.062  0 0 1
030: dt: 0.1250, sse=464864.8, rms=2.380 (0.777%)
  maximum number of reductions reached, breaking from loop
positioning took 0.5 minutes
Iteration 2 =========================================
n_averages=4, current_sigma=0.5
Computing target border values 
Entering MRIScomputeBorderValues_new(): 
  inside_hi   =  95.1685260;
  border_hi   =  65.1346130;
  border_low  =  47.4038470;
  outside_low =  10.0000000;
  outside_hi  =  60.7019200;
  sigma = 0.5;
  max_thickness = 10;
  step_size=0.5;
  STEP_SIZE=0.1;
  which = 2
  thresh = 0
  flags = 0
  CBVfindFirstPeakD1=0
  CBVfindFirstPeakD2=0
  nvertices=149108
  Gdiag_no=-1
  vno start=0, stop=149108
Replacing 255s with 0s
#SI# sigma=0.5 had to be increased for 14357 vertices, nripped=7107
mean border=61.6, 2039 (45) missing vertices, mean dist 0.1 [0.2 (%42.0)->0.4 (%58.0))]
%35 local maxima, %22 large gradients and %37 min vals, 0 gradients ignored
nFirstPeakD1 0
MRIScomputeBorderValues_new() finished in 0.0025 min


Averaging target values for 5 iterations...
Positioning Surface: tspring = 0.3, nspring = 0.3, spring = 0, niters = 100 l_repulse = 0, l_surf_repulse = 5, checktol = 0
Positioning pial surface
Entering MRISpositionSurface()
  max_mm = 0.3
  MAX_REDUCTIONS = 2, REDUCTION_PCT = 0.5
  parms->check_tol = 0, niterations = 100
tol=1.0e-04, sigma=0.5, host=dna07, nav=4, nbrs=2, l_surf_repulse=5.000, l_tspring=0.300, l_nspring=0.300, l_intensity=0.200, l_curv=1.000
mom=0.00, dt=0.50
000: dt: 0.0000, sse=505060.8, rms=2.637
rms = 2.8028/2.6374, sse=530463.6/505060.8, time step reduction 1 of 3 to 0.250  0 1 1
   RMS increased, rejecting step
031: dt: 0.2500, sse=480812.5, rms=2.467 (6.443%)
032: dt: 0.2500, sse=470906.1, rms=2.395 (2.924%)
rms = 2.3946/2.3953, sse=470674.5/470906.1, time step reduction 2 of 3 to 0.125  0 0 1
033: dt: 0.2500, sse=470674.5, rms=2.395 (0.027%)
034: dt: 0.1250, sse=463293.4, rms=2.338 (2.381%)
rms = 2.3183/2.3376, sse=460729.4/463293.4, time step reduction 3 of 3 to 0.062  0 0 1
035: dt: 0.1250, sse=460729.4, rms=2.318 (0.826%)
  maximum number of reductions reached, breaking from loop
positioning took 0.5 minutes
Iteration 3 =========================================
n_averages=2, current_sigma=0.25
Computing target border values 
Entering MRIScomputeBorderValues_new(): 
  inside_hi   =  95.1685260;
  border_hi   =  65.1346130;
  border_low  =  47.4038470;
  outside_low =  10.0000000;
  outside_hi  =  60.7019200;
  sigma = 0.25;
  max_thickness = 10;
  step_size=0.5;
  STEP_SIZE=0.1;
  which = 2
  thresh = 0
  flags = 0
  CBVfindFirstPeakD1=0
  CBVfindFirstPeakD2=0
  nvertices=149108
  Gdiag_no=-1
  vno start=0, stop=149108
Replacing 255s with 0s
#SI# sigma=0.25 had to be increased for 12948 vertices, nripped=7107
mean border=61.2, 4810 (42) missing vertices, mean dist 0.1 [0.2 (%44.0)->0.3 (%56.0))]
%39 local maxima, %18 large gradients and %35 min vals, 0 gradients ignored
nFirstPeakD1 0
MRIScomputeBorderValues_new() finished in 0.0018 min


Averaging target values for 5 iterations...
Positioning Surface: tspring = 0.3, nspring = 0.3, spring = 0, niters = 100 l_repulse = 0, l_surf_repulse = 5, checktol = 0
Positioning pial surface
Entering MRISpositionSurface()
  max_mm = 0.3
  MAX_REDUCTIONS = 2, REDUCTION_PCT = 0.5
  parms->check_tol = 0, niterations = 100
tol=1.0e-04, sigma=0.2, host=dna07, nav=2, nbrs=2, l_surf_repulse=5.000, l_tspring=0.300, l_nspring=0.300, l_intensity=0.200, l_curv=1.000
mom=0.00, dt=0.50
000: dt: 0.0000, sse=472691.8, rms=2.407
rms = 2.5688/2.4068, sse=494169.2/472691.8, time step reduction 1 of 3 to 0.250  0 1 1
   RMS increased, rejecting step
036: dt: 0.2500, sse=462724.5, rms=2.332 (3.105%)
rms = 2.2970/2.3321, sse=457604.8/462724.5, time step reduction 2 of 3 to 0.125  0 0 1
037: dt: 0.2500, sse=457604.8, rms=2.297 (1.503%)
rms = 2.2592/2.2970, sse=452860.8/457604.8, time step reduction 3 of 3 to 0.062  0 0 1
038: dt: 0.1250, sse=452860.8, rms=2.259 (1.646%)
  maximum number of reductions reached, breaking from loop
positioning took 0.3 minutes
Pinning medial wall to white surface
removing intersecting faces
000: 12 intersecting
terminating search with 0 intersecting


Writing output to ../surf/lh.pial.T1
#ET# mris_place_surface  3.14 minutes
#VMPC# mris_place_surfaces VmPeak  2468796
mris_place_surface done
#@# white curv lh Mon Mar  9 11:33:07 CET 2026
cd /out/sourcedata/freesurfer/sub-v1s21x0050391_ses-1/mri
mris_place_surface --curv-map ../surf/lh.white 2 10 ../surf/lh.curv
insurf  ../surf/lh.white, nbrs 2, curvature_avgs 10
writing curvature file ../surf/lh.curv
#@# white area lh Mon Mar  9 11:33:09 CET 2026
cd /out/sourcedata/freesurfer/sub-v1s21x0050391_ses-1/mri
mris_place_surface --area-map ../surf/lh.white ../surf/lh.area
writing curvature file ../surf/lh.area
#@# pial curv lh Mon Mar  9 11:33:09 CET 2026
cd /out/sourcedata/freesurfer/sub-v1s21x0050391_ses-1/mri
mris_place_surface --curv-map ../surf/lh.pial 2 10 ../surf/lh.curv.pial
insurf  ../surf/lh.pial, nbrs 2, curvature_avgs 10
writing curvature file ../surf/lh.curv.pial
#@# pial area lh Mon Mar  9 11:33:11 CET 2026
cd /out/sourcedata/freesurfer/sub-v1s21x0050391_ses-1/mri
mris_place_surface --area-map ../surf/lh.pial ../surf/lh.area.pial
writing curvature file ../surf/lh.area.pial
#@# thickness lh Mon Mar  9 11:33:12 CET 2026
cd /out/sourcedata/freesurfer/sub-v1s21x0050391_ses-1/mri
mris_place_surface --thickness ../surf/lh.white ../surf/lh.pial 20 5 ../surf/lh.thickness
0 of 149108 vertices processed
25000 of 149108 vertices processed
50000 of 149108 vertices processed
75000 of 149108 vertices processed
100000 of 149108 vertices processed
125000 of 149108 vertices processed
0 of 149108 vertices processed
25000 of 149108 vertices processed
50000 of 149108 vertices processed
75000 of 149108 vertices processed
100000 of 149108 vertices processed
125000 of 149108 vertices processed
thickness calculation complete, 230:873 truncations.
69343 vertices at 0 distance
124286 vertices at 1 distance
65951 vertices at 2 distance
24490 vertices at 3 distance
8715 vertices at 4 distance
3171 vertices at 5 distance
1205 vertices at 6 distance
468 vertices at 7 distance
221 vertices at 8 distance
113 vertices at 9 distance
82 vertices at 10 distance
41 vertices at 11 distance
29 vertices at 12 distance
21 vertices at 13 distance
18 vertices at 14 distance
21 vertices at 15 distance
14 vertices at 16 distance
6 vertices at 17 distance
7 vertices at 18 distance
3 vertices at 19 distance
11 vertices at 20 distance
writing curvature file ../surf/lh.thickness
#@# area and vertex vol lh Mon Mar  9 11:33:32 CET 2026
cd /out/sourcedata/freesurfer/sub-v1s21x0050391_ses-1/mri
mris_place_surface --thickness ../surf/lh.white ../surf/lh.pial 20 5 ../surf/lh.thickness
/out/sourcedata/freesurfer/sub-v1s21x0050391_ses-1/surf
mris_calc -o lh.area.mid lh.area add lh.area.pial
Saving result to 'lh.area.mid' (type = MRI_CURV_FILE)                       [ ok ]
mris_calc -o lh.area.mid lh.area.mid div 2
Saving result to 'lh.area.mid' (type = MRI_CURV_FILE)                       [ ok ]
mris_convert --volume sub-v1s21x0050391_ses-1 lh /out/sourcedata/freesurfer/sub-v1s21x0050391_ses-1/surf/lh.volume
masking with /out/sourcedata/freesurfer/sub-v1s21x0050391_ses-1/label/lh.cortex.label
Total face volume 262402
Total vertex volume 262154 (mask=0)
#@# sub-v1s21x0050391_ses-1 lh 262154
 
vertexvol Done

#-----------------------------------------
#@# Curvature Stats lh Mon Mar  9 11:33:33 CET 2026
/out/sourcedata/freesurfer/sub-v1s21x0050391_ses-1/surf

 mris_curvature_stats -m --writeCurvatureFiles -G -o ../stats/lh.curv.stats -F smoothwm sub-v1s21x0050391_ses-1 lh curv sulc 

             Toggling save flag on curvature files                       [ ok ]
                 Outputting results using filestem   [ ../stats/lh.curv.stats ]
             Toggling save flag on curvature files                       [ ok ]
                                   Setting surface [ sub-v1s21x0050391_ses-1/lh.smoothwm ]
                                Reading surface...                       [ ok ]
                                   Setting texture                     [ curv ]
                                Reading texture...                       [ ok ]
                                   Setting texture                     [ sulc ]
                                Reading texture...Gb_filter = 0
                       [ ok ]
      Calculating Discrete Principal Curvatures...
      Determining geometric order for vno faces... [####################] [ ok ]
                      Determining KH curvatures... [####################] [ ok ]
                    Determining k1k2 curvatures... [####################] [ ok ]
                                   deltaViolations                      [ 234 ]
Gb_filter = 0
#-----------------------------------------
#@# Cortical Parc 2 lh Mon Mar  9 11:33:36 CET 2026
/out/sourcedata/freesurfer/sub-v1s21x0050391_ses-1/scripts

 mris_ca_label -l ../label/lh.cortex.label -aseg ../mri/aseg.presurf.mgz -seed 1234 sub-v1s21x0050391_ses-1 lh ../surf/lh.sphere.reg /opt/freesurfer/average/lh.CDaparc.atlas.acfb40.noaparc.i12.2016-08-02.gcs ../label/lh.aparc.a2009s.annot 

setting seed for random number generator to 1234
using ../mri/aseg.presurf.mgz aseg volume to correct midline
7.3.2
  7.3.2
reading atlas from /opt/freesurfer/average/lh.CDaparc.atlas.acfb40.noaparc.i12.2016-08-02.gcs...
reading color table from GCSA file....
average std = 3.0   using min determinant for regularization = 0.088
0 singular and 0 ill-conditioned covariance matrices regularized
input 0: MEAN CURVATURE, flags 0, avgs 5, name mean_curvature
labeling surface...
44 labels changed using aseg
relabeling using gibbs priors...
000:   9858 changed, 149108 examined...
001:   2284 changed, 37740 examined...
002:    643 changed, 12122 examined...
003:    280 changed, 3694 examined...
004:    120 changed, 1616 examined...
005:     66 changed, 717 examined...
006:     41 changed, 392 examined...
007:     28 changed, 242 examined...
008:     15 changed, 163 examined...
009:     10 changed, 92 examined...
010:      3 changed, 57 examined...
011:      1 changed, 20 examined...
012:      2 changed, 8 examined...
013:      4 changed, 13 examined...
014:      2 changed, 16 examined...
015:      0 changed, 9 examined...
19 labels changed using aseg
000: 249 total segments, 161 labels (1954 vertices) changed
001: 94 total segments, 8 labels (211 vertices) changed
002: 86 total segments, 0 labels (0 vertices) changed
10 filter iterations complete (10 requested, 34 changed)
rationalizing unknown annotations with cortex label
relabeling Medial_wall label...
1430 vertices marked for relabeling...
1430 labels changed in reclassification.
writing output to ../label/lh.aparc.a2009s.annot...
classification took 0 minutes and 11 seconds.
#-----------------------------------------
#@# Cortical Parc 3 lh Mon Mar  9 11:33:46 CET 2026
/out/sourcedata/freesurfer/sub-v1s21x0050391_ses-1/scripts

 mris_ca_label -l ../label/lh.cortex.label -aseg ../mri/aseg.presurf.mgz -seed 1234 sub-v1s21x0050391_ses-1 lh ../surf/lh.sphere.reg /opt/freesurfer/average/lh.DKTaparc.atlas.acfb40.noaparc.i12.2016-08-02.gcs ../label/lh.aparc.DKTatlas.annot 

setting seed for random number generator to 1234
using ../mri/aseg.presurf.mgz aseg volume to correct midline
7.3.2
  7.3.2
reading atlas from /opt/freesurfer/average/lh.DKTaparc.atlas.acfb40.noaparc.i12.2016-08-02.gcs...
reading color table from GCSA file....
average std = 1.4   using min determinant for regularization = 0.020
0 singular and 383 ill-conditioned covariance matrices regularized
input 0: MEAN CURVATURE, flags 0, avgs 5, name mean_curvature
labeling surface...
1576 labels changed using aseg
relabeling using gibbs priors...
000:   2083 changed, 149108 examined...
001:    480 changed, 9669 examined...
002:    163 changed, 2774 examined...
003:     73 changed, 879 examined...
004:     44 changed, 417 examined...
005:     31 changed, 244 examined...
006:     30 changed, 180 examined...
007:     23 changed, 144 examined...
008:     19 changed, 115 examined...
009:     21 changed, 100 examined...
010:     16 changed, 106 examined...
011:     15 changed, 94 examined...
012:     13 changed, 83 examined...
013:      7 changed, 66 examined...
014:      3 changed, 42 examined...
015:      2 changed, 23 examined...
016:      1 changed, 13 examined...
017:      1 changed, 7 examined...
018:      1 changed, 7 examined...
019:      1 changed, 6 examined...
020:      1 changed, 8 examined...
021:      0 changed, 6 examined...
436 labels changed using aseg
000: 58 total segments, 25 labels (177 vertices) changed
001: 33 total segments, 0 labels (0 vertices) changed
10 filter iterations complete (10 requested, 1 changed)
rationalizing unknown annotations with cortex label
relabeling unknown label...
relabeling corpuscallosum label...
971 vertices marked for relabeling...
971 labels changed in reclassification.
writing output to ../label/lh.aparc.DKTatlas.annot...
classification took 0 minutes and 8 seconds.
#-----------------------------------------
#@# WM/GM Contrast lh Mon Mar  9 11:33:55 CET 2026
/out/sourcedata/freesurfer/sub-v1s21x0050391_ses-1/scripts

 pctsurfcon --s sub-v1s21x0050391_ses-1 --lh-only 

Log file is /out/sourcedata/freesurfer/sub-v1s21x0050391_ses-1/scripts/pctsurfcon.log
Mon Mar  9 11:33:55 CET 2026
setenv SUBJECTS_DIR /out/sourcedata/freesurfer
cd /out/sourcedata/freesurfer/sub-v1s21x0050391_ses-1/scripts
/opt/freesurfer/bin/pctsurfcon
pctsurfcon 7.3.2
Linux dna074 5.14.0-427.37.1.el9_4.x86_64 #1 SMP PREEMPT_DYNAMIC Fri Sep 13 12:41:50 EDT 2024 x86_64 x86_64 x86_64 GNU/Linux
FREESURFER_HOME /opt/freesurfer
mri_vol2surf --mov /out/sourcedata/freesurfer/sub-v1s21x0050391_ses-1/mri/rawavg.mgz --hemi lh --noreshape --interp trilinear --projdist -1 --o /out/sourcedata/freesurfer/sub-v1s21x0050391_ses-1/surf/tmp.pctsurfcon.4139946/lh.wm.mgh --regheader sub-v1s21x0050391_ses-1 --cortex
srcvol = /out/sourcedata/freesurfer/sub-v1s21x0050391_ses-1/mri/rawavg.mgz
srcreg unspecified
srcregold = 0
srcwarp unspecified
surf = white
hemi = lh
ProjDist = -1
reshape = 0
interp = trilinear
float2int = round
GetProjMax = 0
INFO: float2int code = 0
Done loading volume
Computing registration from header.
  Using /out/sourcedata/freesurfer/sub-v1s21x0050391_ses-1/mri/orig.mgz as target reference.
-------- original matrix -----------
-1.00000   0.00000   0.00000   0.00000;
 0.00000   0.00000   1.00000   0.00003;
 0.00000  -1.00000   0.00000   0.00000;
 0.00000   0.00000   0.00000   1.00000;
-------- original matrix -----------
Loading label /out/sourcedata/freesurfer/sub-v1s21x0050391_ses-1/label/lh.cortex.label
Reading surface /out/sourcedata/freesurfer/sub-v1s21x0050391_ses-1/surf/lh.white
Done reading source surface
Mapping Source Volume onto Source Subject Surface
Projecting -1 -1 1
 1 -1 -1 -1
using old
Done mapping volume to surface
Number of source voxels hit = 80688
Masking with /out/sourcedata/freesurfer/sub-v1s21x0050391_ses-1/label/lh.cortex.label
Writing to /out/sourcedata/freesurfer/sub-v1s21x0050391_ses-1/surf/tmp.pctsurfcon.4139946/lh.wm.mgh
Dim: 149108 1 1
mri_vol2surf --mov /out/sourcedata/freesurfer/sub-v1s21x0050391_ses-1/mri/rawavg.mgz --hemi lh --noreshape --interp trilinear --o /out/sourcedata/freesurfer/sub-v1s21x0050391_ses-1/surf/tmp.pctsurfcon.4139946/lh.gm.mgh --projfrac 0.3 --regheader sub-v1s21x0050391_ses-1 --cortex
srcvol = /out/sourcedata/freesurfer/sub-v1s21x0050391_ses-1/mri/rawavg.mgz
srcreg unspecified
srcregold = 0
srcwarp unspecified
surf = white
hemi = lh
ProjFrac = 0.3
thickness = thickness
reshape = 0
interp = trilinear
float2int = round
GetProjMax = 0
INFO: float2int code = 0
Done loading volume
Computing registration from header.
  Using /out/sourcedata/freesurfer/sub-v1s21x0050391_ses-1/mri/orig.mgz as target reference.
-------- original matrix -----------
-1.00000   0.00000   0.00000   0.00000;
 0.00000   0.00000   1.00000   0.00003;
 0.00000  -1.00000   0.00000   0.00000;
 0.00000   0.00000   0.00000   1.00000;
-------- original matrix -----------
Loading label /out/sourcedata/freesurfer/sub-v1s21x0050391_ses-1/label/lh.cortex.label
Reading surface /out/sourcedata/freesurfer/sub-v1s21x0050391_ses-1/surf/lh.white
Done reading source surface
Reading thickness /out/sourcedata/freesurfer/sub-v1s21x0050391_ses-1/surf/lh.thickness
Done
Mapping Source Volume onto Source Subject Surface
Projecting 0.3 0.3 1
 1 0.3 0.3 0.3
using old
Done mapping volume to surface
Number of source voxels hit = 91669
Masking with /out/sourcedata/freesurfer/sub-v1s21x0050391_ses-1/label/lh.cortex.label
Writing to /out/sourcedata/freesurfer/sub-v1s21x0050391_ses-1/surf/tmp.pctsurfcon.4139946/lh.gm.mgh
Dim: 149108 1 1
mri_concat /out/sourcedata/freesurfer/sub-v1s21x0050391_ses-1/surf/tmp.pctsurfcon.4139946/lh.wm.mgh /out/sourcedata/freesurfer/sub-v1s21x0050391_ses-1/surf/tmp.pctsurfcon.4139946/lh.gm.mgh --paired-diff-norm --mul 100 --o /out/sourcedata/freesurfer/sub-v1s21x0050391_ses-1/surf/lh.w-g.pct.mgh
ninputs = 2
Checking inputs
nframestot = 2
Allocing output
Done allocing
Combining pairs
nframes = 1
Multiplying by 100.000000
Writing to /out/sourcedata/freesurfer/sub-v1s21x0050391_ses-1/surf/lh.w-g.pct.mgh
mri_segstats --in /out/sourcedata/freesurfer/sub-v1s21x0050391_ses-1/surf/lh.w-g.pct.mgh --annot sub-v1s21x0050391_ses-1 lh aparc --sum /out/sourcedata/freesurfer/sub-v1s21x0050391_ses-1/stats/lh.w-g.pct.stats --snr

7.3.2
cwd 
cmdline mri_segstats --in /out/sourcedata/freesurfer/sub-v1s21x0050391_ses-1/surf/lh.w-g.pct.mgh --annot sub-v1s21x0050391_ses-1 lh aparc --sum /out/sourcedata/freesurfer/sub-v1s21x0050391_ses-1/stats/lh.w-g.pct.stats --snr 
sysname  Linux
hostname dna074
machine  x86_64
user     oesteban
whitesurfname  white
UseRobust  0
Constructing seg from annotation

Reading annotation /out/sourcedata/freesurfer/sub-v1s21x0050391_ses-1/label/lh.aparc.annot
Seg base 1000
Loading /out/sourcedata/freesurfer/sub-v1s21x0050391_ses-1/surf/lh.w-g.pct.mgh
Vertex Area is 0.66906 mm^3
Generating list of segmentation ids
Found  36 segmentations
Computing statistics for each segmentation

Reporting on  35 segmentations
Using PrintSegStat
mri_segstats done
Cleaning up

Started at Mon Mar 9 11:12:24 CET 2026 
Ended   at Mon Mar 9 11:33:57 CET 2026
#@#%# recon-all-run-time-hours 0.359
recon-all -s sub-v1s21x0050391_ses-1 finished without error at Mon Mar  9 11:33:57 CET 2026



#New# invocation of recon-all 




Mon Mar  9 12:00:54 CET 2026
cd /out/sourcedata/freesurfer/sub-v1s21x0050391_ses-1
setenv SUBJECTS_DIR /out/sourcedata/freesurfer
/opt/freesurfer/bin/recon-all -autorecon-hemi lh -nohyporelabel -lh-only -openmp 16 -subjid sub-v1s21x0050391_ses-1 -sd /out/sourcedata/freesurfer -notessellate -nosmooth1 -noinflate1 -noqsphere -nofix -nowhite -nosmooth2 -noinflate2 -nocurvHK -nocurvstats -nosphere -nosurfreg -nojacobian_white -noavgcurv -nocortparc -nopial -nocortparc2 -nocortparc3 -nopctsurfcon

subjid sub-v1s21x0050391_ses-1
setenv SUBJECTS_DIR /out/sourcedata/freesurfer
FREESURFER_HOME /opt/freesurfer
Actual FREESURFER_HOME /opt/freesurfer
build-stamp.txt: freesurfer-linux-ubuntu22_x86_64-7.3.2-20220804-6354275
Linux dna074 5.14.0-427.37.1.el9_4.x86_64 #1 SMP PREEMPT_DYNAMIC Fri Sep 13 12:41:50 EDT 2024 x86_64 x86_64 x86_64 GNU/Linux
cputime      unlimited
filesize     unlimited
datasize     unlimited
stacksize    8192 kbytes
coredumpsize 0 kbytes
memoryuse    67108864 kbytes
vmemoryuse   unlimited
descriptors  1024 
memorylocked unlimited
maxproc      2061970 
maxlocks     unlimited
maxsignal    2062029 
maxmessage   819200 
maxnice      0 
maxrtprio    0 
maxrttime    unlimited

               total        used        free      shared  buff/cache   available
Mem:           503Gi        55Gi       409Gi        11Gi        38Gi       434Gi
Swap:             0B          0B          0B

########################################
program versions used
7.3.2 (freesurfer-linux-ubuntu22_x86_64-7.3.2-20220804-6354275)
7.3.2

ProgramName: lta_convert  ProgramArguments: lta_convert -all-info  ProgramVersion: 7.3.2  TimeStamp: 2026/03/09-11:00:54-GMT  BuildTime: Aug  4 2022 06:17:15  BuildStamp: freesurfer-linux-ubuntu22_x86_64-7.3.2-20220804-6354275  User: oesteban  Machine: dna074  Platform: Linux  PlatformVersion: 5.14.0-427.37.1.el9_4.x86_64  CompilerName: GCC  CompilerVersion: 8.4.0
ProgramName: mri_and  ProgramArguments: mri_and -all-info  ProgramVersion: 7.3.2  TimeStamp: 2026/03/09-11:00:54-GMT  BuildTime: Aug  4 2022 06:17:15  BuildStamp: freesurfer-linux-ubuntu22_x86_64-7.3.2-20220804-6354275  User: oesteban  Machine: dna074  Platform: Linux  PlatformVersion: 5.14.0-427.37.1.el9_4.x86_64  CompilerName: GCC  CompilerVersion: 8.4.0
ProgramName: mri_annotation2label  ProgramArguments: mri_annotation2label -all-info  ProgramVersion: 7.3.2  TimeStamp: 2026/03/09-11:00:54-GMT  BuildTime: Aug  4 2022 06:17:15  BuildStamp: freesurfer-linux-ubuntu22_x86_64-7.3.2-20220804-6354275  User: oesteban  Machine: dna074  Platform: Linux  PlatformVersion: 5.14.0-427.37.1.el9_4.x86_64  CompilerName: GCC  CompilerVersion: 8.4.0
ProgramName: mri_aparc2aseg  ProgramArguments: mri_aparc2aseg -all-info  ProgramVersion: 7.3.2  TimeStamp: 2026/03/09-11:00:54-GMT  BuildTime: Aug  4 2022 06:17:15  BuildStamp: freesurfer-linux-ubuntu22_x86_64-7.3.2-20220804-6354275  User: oesteban  Machine: dna074  Platform: Linux  PlatformVersion: 5.14.0-427.37.1.el9_4.x86_64  CompilerName: GCC  CompilerVersion: 8.4.0
ProgramName: mri_surf2volseg  ProgramArguments: mri_surf2volseg -all-info  ProgramVersion: 7.3.2  TimeStamp: 2026/03/09-11:00:54-GMT  BuildTime: Aug  4 2022 06:17:15  BuildStamp: freesurfer-linux-ubuntu22_x86_64-7.3.2-20220804-6354275  User: oesteban  Machine: dna074  Platform: Linux  PlatformVersion: 5.14.0-427.37.1.el9_4.x86_64  CompilerName: GCC  CompilerVersion: 8.4.0
ProgramName: mri_binarize  ProgramArguments: mri_binarize -all-info  ProgramVersion: 7.3.2  TimeStamp: 2026/03/09-11:00:54-GMT  BuildTime: Aug  4 2022 06:17:15  BuildStamp: freesurfer-linux-ubuntu22_x86_64-7.3.2-20220804-6354275  User: oesteban  Machine: dna074  Platform: Linux  PlatformVersion: 5.14.0-427.37.1.el9_4.x86_64  CompilerName: GCC  CompilerVersion: 8.4.0
ProgramName: mri_ca_label  ProgramArguments: mri_ca_label -all-info  ProgramVersion: 7.3.2  TimeStamp: 2026/03/09-11:00:54-GMT  BuildTime: Aug  4 2022 06:17:15  BuildStamp: freesurfer-linux-ubuntu22_x86_64-7.3.2-20220804-6354275  User: oesteban  Machine: dna074  Platform: Linux  PlatformVersion: 5.14.0-427.37.1.el9_4.x86_64  CompilerName: GCC  CompilerVersion: 8.4.0
ProgramName: mri_ca_normalize  ProgramArguments: mri_ca_normalize -all-info  ProgramVersion: 7.3.2  TimeStamp: 2026/03/09-11:00:54-GMT  BuildTime: Aug  4 2022 06:17:15  BuildStamp: freesurfer-linux-ubuntu22_x86_64-7.3.2-20220804-6354275  User: oesteban  Machine: dna074  Platform: Linux  PlatformVersion: 5.14.0-427.37.1.el9_4.x86_64  CompilerName: GCC  CompilerVersion: 8.4.0
ProgramName: mri_ca_register  ProgramArguments: mri_ca_register -all-info  ProgramVersion: 7.3.2  TimeStamp: 2026/03/09-11:00:54-GMT  BuildTime: Aug  4 2022 06:17:15  BuildStamp: freesurfer-linux-ubuntu22_x86_64-7.3.2-20220804-6354275  User: oesteban  Machine: dna074  Platform: Linux  PlatformVersion: 5.14.0-427.37.1.el9_4.x86_64  CompilerName: GCC  CompilerVersion: 8.4.0
ProgramName: mri_cc  ProgramArguments: mri_cc -all-info  ProgramVersion: 7.3.2  TimeStamp: 2026/03/09-11:00:54-GMT  BuildTime: Aug  4 2022 06:17:15  BuildStamp: freesurfer-linux-ubuntu22_x86_64-7.3.2-20220804-6354275  User: oesteban  Machine: dna074  Platform: Linux  PlatformVersion: 5.14.0-427.37.1.el9_4.x86_64  CompilerName: GCC  CompilerVersion: 8.4.0
ProgramName: mri_compute_overlap  ProgramArguments: mri_compute_overlap -all-info  ProgramVersion: 7.3.2  TimeStamp: 2026/03/09-11:00:54-GMT  BuildTime: Aug  4 2022 06:17:15  BuildStamp: freesurfer-linux-ubuntu22_x86_64-7.3.2-20220804-6354275  User: oesteban  Machine: dna074  Platform: Linux  PlatformVersion: 5.14.0-427.37.1.el9_4.x86_64  CompilerName: GCC  CompilerVersion: 8.4.0
ProgramName: mri_compute_seg_overlap  ProgramArguments: mri_compute_seg_overlap -all-info  ProgramVersion: 7.3.2  TimeStamp: 2026/03/09-11:00:54-GMT  BuildTime: Aug  4 2022 06:17:15  BuildStamp: freesurfer-linux-ubuntu22_x86_64-7.3.2-20220804-6354275  User: oesteban  Machine: dna074  Platform: Linux  PlatformVersion: 5.14.0-427.37.1.el9_4.x86_64  CompilerName: GCC  CompilerVersion: 8.4.0
ProgramName: mri_concat  ProgramArguments: mri_concat -all-info  ProgramVersion: 7.3.2  TimeStamp: 2026/03/09-11:00:54-GMT  BuildTime: Aug  4 2022 06:17:15  BuildStamp: freesurfer-linux-ubuntu22_x86_64-7.3.2-20220804-6354275  User: oesteban  Machine: dna074  Platform: Linux  PlatformVersion: 5.14.0-427.37.1.el9_4.x86_64  CompilerName: GCC  CompilerVersion: 8.4.0
ProgramName: mri_concatenate_lta  ProgramArguments: mri_concatenate_lta -all-info  ProgramVersion: 7.3.2  TimeStamp: 2026/03/09-11:00:54-GMT  BuildTime: Aug  4 2022 06:17:15  BuildStamp: freesurfer-linux-ubuntu22_x86_64-7.3.2-20220804-6354275  User: oesteban  Machine: dna074  Platform: Linux  PlatformVersion: 5.14.0-427.37.1.el9_4.x86_64  CompilerName: GCC  CompilerVersion: 8.4.0
mri_convert -all-info 
ProgramName: mri_convert  ProgramArguments: mri_convert -all-info  ProgramVersion: 7.3.2  TimeStamp: 2026/03/09-11:00:54-GMT  BuildTime: Aug  4 2022 06:17:15  BuildStamp: freesurfer-linux-ubuntu22_x86_64-7.3.2-20220804-6354275  User: oesteban  Machine: dna074  Platform: Linux  PlatformVersion: 5.14.0-427.37.1.el9_4.x86_64  CompilerName: GCC  CompilerVersion: 8.4.0
ProgramName: mri_diff  ProgramArguments: mri_diff -all-info  ProgramVersion: 7.3.2  TimeStamp: 2026/03/09-11:00:54-GMT  BuildTime: Aug  4 2022 06:17:15  BuildStamp: freesurfer-linux-ubuntu22_x86_64-7.3.2-20220804-6354275  User: oesteban  Machine: dna074  Platform: Linux  PlatformVersion: 5.14.0-427.37.1.el9_4.x86_64  CompilerName: GCC  CompilerVersion: 8.4.0
ProgramName: mri_edit_wm_with_aseg  ProgramArguments: mri_edit_wm_with_aseg -all-info  ProgramVersion: 7.3.2  TimeStamp: 2026/03/09-11:00:54-GMT  BuildTime: Aug  4 2022 06:17:15  BuildStamp: freesurfer-linux-ubuntu22_x86_64-7.3.2-20220804-6354275  User: oesteban  Machine: dna074  Platform: Linux  PlatformVersion: 5.14.0-427.37.1.el9_4.x86_64  CompilerName: GCC  CompilerVersion: 8.4.0
ProgramName: mri_em_register  ProgramArguments: mri_em_register -all-info  ProgramVersion: 7.3.2  TimeStamp: 2026/03/09-11:00:54-GMT  BuildTime: Aug  4 2022 06:17:15  BuildStamp: freesurfer-linux-ubuntu22_x86_64-7.3.2-20220804-6354275  User: oesteban  Machine: dna074  Platform: Linux  PlatformVersion: 5.14.0-427.37.1.el9_4.x86_64  CompilerName: GCC  CompilerVersion: 8.4.0
ProgramName: mri_fill  ProgramArguments: mri_fill -all-info  ProgramVersion: 7.3.2  TimeStamp: 2026/03/09-11:00:54-GMT  BuildTime: Aug  4 2022 06:17:15  BuildStamp: freesurfer-linux-ubuntu22_x86_64-7.3.2-20220804-6354275  User: oesteban  Machine: dna074  Platform: Linux  PlatformVersion: 5.14.0-427.37.1.el9_4.x86_64  CompilerName: GCC  CompilerVersion: 8.4.0
ProgramName: mri_fuse_segmentations  ProgramArguments: mri_fuse_segmentations -all-info  ProgramVersion: 7.3.2  TimeStamp: 2026/03/09-11:00:54-GMT  BuildTime: Aug  4 2022 06:17:15  BuildStamp: freesurfer-linux-ubuntu22_x86_64-7.3.2-20220804-6354275  User: oesteban  Machine: dna074  Platform: Linux  PlatformVersion: 5.14.0-427.37.1.el9_4.x86_64  CompilerName: GCC  CompilerVersion: 8.4.0
ProgramName: mri_fwhm  ProgramArguments: mri_fwhm -all-info  ProgramVersion: 7.3.2  TimeStamp: 2026/03/09-11:00:54-GMT  BuildTime: Aug  4 2022 06:17:15  BuildStamp: freesurfer-linux-ubuntu22_x86_64-7.3.2-20220804-6354275  User: oesteban  Machine: dna074  Platform: Linux  PlatformVersion: 5.14.0-427.37.1.el9_4.x86_64  CompilerName: GCC  CompilerVersion: 8.4.0
ProgramName: mri_gcut  ProgramArguments: mri_gcut -all-info  ProgramVersion: 7.3.2  TimeStamp: 2026/03/09-11:00:54-GMT  BuildTime: Aug  4 2022 06:17:15  BuildStamp: freesurfer-linux-ubuntu22_x86_64-7.3.2-20220804-6354275  User: oesteban  Machine: dna074  Platform: Linux  PlatformVersion: 5.14.0-427.37.1.el9_4.x86_64  CompilerName: GCC  CompilerVersion: 8.4.0
ProgramName: mri_info  ProgramArguments: mri_info -all-info  ProgramVersion: 7.3.2  TimeStamp: 2026/03/09-11:00:54-GMT  BuildTime: Aug  4 2022 06:17:15  BuildStamp: freesurfer-linux-ubuntu22_x86_64-7.3.2-20220804-6354275  User: oesteban  Machine: dna074  Platform: Linux  PlatformVersion: 5.14.0-427.37.1.el9_4.x86_64  CompilerName: GCC  CompilerVersion: 8.4.0
ProgramName: mri_label2label  ProgramArguments: mri_label2label -all-info  ProgramVersion: 7.3.2  TimeStamp: 2026/03/09-11:00:54-GMT  BuildTime: Aug  4 2022 06:17:15  BuildStamp: freesurfer-linux-ubuntu22_x86_64-7.3.2-20220804-6354275  User: oesteban  Machine: dna074  Platform: Linux  PlatformVersion: 5.14.0-427.37.1.el9_4.x86_64  CompilerName: GCC  CompilerVersion: 8.4.0
ProgramName: mri_label2vol  ProgramArguments: mri_label2vol -all-info  ProgramVersion: 7.3.2  TimeStamp: 2026/03/09-11:00:54-GMT  BuildTime: Aug  4 2022 06:17:15  BuildStamp: freesurfer-linux-ubuntu22_x86_64-7.3.2-20220804-6354275  User: oesteban  Machine: dna074  Platform: Linux  PlatformVersion: 5.14.0-427.37.1.el9_4.x86_64  CompilerName: GCC  CompilerVersion: 8.4.0
ProgramName: mri_log_likelihood  ProgramArguments: mri_log_likelihood -all-info  ProgramVersion: 7.3.2  TimeStamp: 2026/03/09-11:00:54-GMT  BuildTime: Aug  4 2022 06:17:15  BuildStamp: freesurfer-linux-ubuntu22_x86_64-7.3.2-20220804-6354275  User: oesteban  Machine: dna074  Platform: Linux  PlatformVersion: 5.14.0-427.37.1.el9_4.x86_64  CompilerName: GCC  CompilerVersion: 8.4.0
ProgramName: mri_mask  ProgramArguments: mri_mask -all-info  ProgramVersion: 7.3.2  TimeStamp: 2026/03/09-11:00:54-GMT  BuildTime: Aug  4 2022 06:17:15  BuildStamp: freesurfer-linux-ubuntu22_x86_64-7.3.2-20220804-6354275  User: oesteban  Machine: dna074  Platform: Linux  PlatformVersion: 5.14.0-427.37.1.el9_4.x86_64  CompilerName: GCC  CompilerVersion: 8.4.0
ProgramName: mri_matrix_multiply  ProgramArguments: mri_matrix_multiply -all-info  ProgramVersion: 7.3.2  TimeStamp: 2026/03/09-11:00:54-GMT  BuildTime: Aug  4 2022 06:17:15  BuildStamp: freesurfer-linux-ubuntu22_x86_64-7.3.2-20220804-6354275  User: oesteban  Machine: dna074  Platform: Linux  PlatformVersion: 5.14.0-427.37.1.el9_4.x86_64  CompilerName: GCC  CompilerVersion: 8.4.0
ProgramName: mri_normalize  ProgramArguments: mri_normalize -all-info  ProgramVersion: 7.3.2  TimeStamp: 2026/03/09-11:00:54-GMT  BuildTime: Aug  4 2022 06:17:15  BuildStamp: freesurfer-linux-ubuntu22_x86_64-7.3.2-20220804-6354275  User: oesteban  Machine: dna074  Platform: Linux  PlatformVersion: 5.14.0-427.37.1.el9_4.x86_64  CompilerName: GCC  CompilerVersion: 8.4.0
ProgramName: mri_normalize_tp2  ProgramArguments: mri_normalize_tp2 -all-info  ProgramVersion: 7.3.2  TimeStamp: 2026/03/09-11:00:54-GMT  BuildTime: Aug  4 2022 06:17:15  BuildStamp: freesurfer-linux-ubuntu22_x86_64-7.3.2-20220804-6354275  User: oesteban  Machine: dna074  Platform: Linux  PlatformVersion: 5.14.0-427.37.1.el9_4.x86_64  CompilerName: GCC  CompilerVersion: 8.4.0
ProgramName: mri_or  ProgramArguments: mri_or -all-info  ProgramVersion: 7.3.2  TimeStamp: 2026/03/09-11:00:54-GMT  BuildTime: Aug  4 2022 06:17:15  BuildStamp: freesurfer-linux-ubuntu22_x86_64-7.3.2-20220804-6354275  User: oesteban  Machine: dna074  Platform: Linux  PlatformVersion: 5.14.0-427.37.1.el9_4.x86_64  CompilerName: GCC  CompilerVersion: 8.4.0
ProgramName: mri_relabel_hypointensities  ProgramArguments: mri_relabel_hypointensities -all-info  ProgramVersion: 7.3.2  TimeStamp: 2026/03/09-11:00:54-GMT  BuildTime: Aug  4 2022 06:17:15  BuildStamp: freesurfer-linux-ubuntu22_x86_64-7.3.2-20220804-6354275  User: oesteban  Machine: dna074  Platform: Linux  PlatformVersion: 5.14.0-427.37.1.el9_4.x86_64  CompilerName: GCC  CompilerVersion: 8.4.0
ProgramName: mri_relabel_nonwm_hypos  ProgramArguments: mri_relabel_nonwm_hypos -all-info  ProgramVersion: 7.3.2  TimeStamp: 2026/03/09-11:00:54-GMT  BuildTime: Aug  4 2022 06:17:15  BuildStamp: freesurfer-linux-ubuntu22_x86_64-7.3.2-20220804-6354275  User: oesteban  Machine: dna074  Platform: Linux  PlatformVersion: 5.14.0-427.37.1.el9_4.x86_64  CompilerName: GCC  CompilerVersion: 8.4.0
ProgramName: mri_remove_neck  ProgramArguments: mri_remove_neck -all-info  ProgramVersion: 7.3.2  TimeStamp: 2026/03/09-11:00:54-GMT  BuildTime: Aug  4 2022 06:17:15  BuildStamp: freesurfer-linux-ubuntu22_x86_64-7.3.2-20220804-6354275  User: oesteban  Machine: dna074  Platform: Linux  PlatformVersion: 5.14.0-427.37.1.el9_4.x86_64  CompilerName: GCC  CompilerVersion: 8.4.0
7.3.2

ProgramName: mri_robust_register  ProgramArguments: mri_robust_register -all-info  ProgramVersion: 7.3.2  TimeStamp: 2026/03/09-11:00:54-GMT  BuildTime: Aug  4 2022 06:17:15  BuildStamp: freesurfer-linux-ubuntu22_x86_64-7.3.2-20220804-6354275  User: oesteban  Machine: dna074  Platform: Linux  PlatformVersion: 5.14.0-427.37.1.el9_4.x86_64  CompilerName: GCC  CompilerVersion: 8.4.0
7.3.2

ProgramName: mri_robust_template  ProgramArguments: mri_robust_template -all-info  ProgramVersion: 7.3.2  TimeStamp: 2026/03/09-11:00:54-GMT  BuildTime: Aug  4 2022 06:17:15  BuildStamp: freesurfer-linux-ubuntu22_x86_64-7.3.2-20220804-6354275  User: oesteban  Machine: dna074  Platform: Linux  PlatformVersion: 5.14.0-427.37.1.el9_4.x86_64  CompilerName: GCC  CompilerVersion: 8.4.0
ProgramName: mris_anatomical_stats  ProgramArguments: mris_anatomical_stats -all-info  ProgramVersion: 7.3.2  TimeStamp: 2026/03/09-11:00:54-GMT  BuildTime: Aug  4 2022 06:17:15  BuildStamp: freesurfer-linux-ubuntu22_x86_64-7.3.2-20220804-6354275  User: oesteban  Machine: dna074  Platform: Linux  PlatformVersion: 5.14.0-427.37.1.el9_4.x86_64  CompilerName: GCC  CompilerVersion: 8.4.0
ProgramName: mris_ca_label  ProgramArguments: mris_ca_label -all-info  ProgramVersion: 7.3.2  TimeStamp: 2026/03/09-11:00:54-GMT  BuildTime: Aug  4 2022 06:17:15  BuildStamp: freesurfer-linux-ubuntu22_x86_64-7.3.2-20220804-6354275  User: oesteban  Machine: dna074  Platform: Linux  PlatformVersion: 5.14.0-427.37.1.el9_4.x86_64  CompilerName: GCC  CompilerVersion: 8.4.0
ProgramName: mris_calc  ProgramArguments: mris_calc -all-info  ProgramVersion: 7.3.2  TimeStamp: 2026/03/09-11:00:54-GMT  BuildTime: Aug  4 2022 06:17:15  BuildStamp: freesurfer-linux-ubuntu22_x86_64-7.3.2-20220804-6354275  User: oesteban  Machine: dna074  Platform: Linux  PlatformVersion: 5.14.0-427.37.1.el9_4.x86_64  CompilerName: GCC  CompilerVersion: 8.4.0
ProgramName: mris_convert  ProgramArguments: mris_convert -all-info  ProgramVersion: 7.3.2  TimeStamp: 2026/03/09-11:00:54-GMT  BuildTime: Aug  4 2022 06:17:15  BuildStamp: freesurfer-linux-ubuntu22_x86_64-7.3.2-20220804-6354275  User: oesteban  Machine: dna074  Platform: Linux  PlatformVersion: 5.14.0-427.37.1.el9_4.x86_64  CompilerName: GCC  CompilerVersion: 8.4.0
ProgramName: mris_curvature  ProgramArguments: mris_curvature -all-info  ProgramVersion: 7.3.2  TimeStamp: 2026/03/09-11:00:54-GMT  BuildTime: Aug  4 2022 06:17:15  BuildStamp: freesurfer-linux-ubuntu22_x86_64-7.3.2-20220804-6354275  User: oesteban  Machine: dna074  Platform: Linux  PlatformVersion: 5.14.0-427.37.1.el9_4.x86_64  CompilerName: GCC  CompilerVersion: 8.4.0
ProgramName: mris_curvature_stats  ProgramArguments: mris_curvature_stats -all-info  ProgramVersion: 7.3.2  TimeStamp: 2026/03/09-11:00:54-GMT  BuildTime: Aug  4 2022 06:17:15  BuildStamp: freesurfer-linux-ubuntu22_x86_64-7.3.2-20220804-6354275  User: oesteban  Machine: dna074  Platform: Linux  PlatformVersion: 5.14.0-427.37.1.el9_4.x86_64  CompilerName: GCC  CompilerVersion: 8.4.0
ProgramName: mris_diff  ProgramArguments: mris_diff -all-info  ProgramVersion: 7.3.2  TimeStamp: 2026/03/09-11:00:54-GMT  BuildTime: Aug  4 2022 06:17:15  BuildStamp: freesurfer-linux-ubuntu22_x86_64-7.3.2-20220804-6354275  User: oesteban  Machine: dna074  Platform: Linux  PlatformVersion: 5.14.0-427.37.1.el9_4.x86_64  CompilerName: GCC  CompilerVersion: 8.4.0
ProgramName: mris_divide_parcellation  ProgramArguments: mris_divide_parcellation -all-info  ProgramVersion: 7.3.2  TimeStamp: 2026/03/09-11:00:54-GMT  BuildTime: Aug  4 2022 06:17:15  BuildStamp: freesurfer-linux-ubuntu22_x86_64-7.3.2-20220804-6354275  User: oesteban  Machine: dna074  Platform: Linux  PlatformVersion: 5.14.0-427.37.1.el9_4.x86_64  CompilerName: GCC  CompilerVersion: 8.4.0
ProgramName: mri_segment  ProgramArguments: mri_segment -all-info  ProgramVersion: 7.3.2  TimeStamp: 2026/03/09-11:00:54-GMT  BuildTime: Aug  4 2022 06:17:15  BuildStamp: freesurfer-linux-ubuntu22_x86_64-7.3.2-20220804-6354275  User: oesteban  Machine: dna074  Platform: Linux  PlatformVersion: 5.14.0-427.37.1.el9_4.x86_64  CompilerName: GCC  CompilerVersion: 8.4.0
ProgramName: mri_segstats  ProgramArguments: mri_segstats -all-info  ProgramVersion: 7.3.2  TimeStamp: 2026/03/09-11:00:54-GMT  BuildTime: Aug  4 2022 06:17:15  BuildStamp: freesurfer-linux-ubuntu22_x86_64-7.3.2-20220804-6354275  User: oesteban  Machine: dna074  Platform: Linux  PlatformVersion: 5.14.0-427.37.1.el9_4.x86_64  CompilerName: GCC  CompilerVersion: 8.4.0
ProgramName: mris_euler_number  ProgramArguments: mris_euler_number -all-info  ProgramVersion: 7.3.2  TimeStamp: 2026/03/09-11:00:54-GMT  BuildTime: Aug  4 2022 06:17:15  BuildStamp: freesurfer-linux-ubuntu22_x86_64-7.3.2-20220804-6354275  User: oesteban  Machine: dna074  Platform: Linux  PlatformVersion: 5.14.0-427.37.1.el9_4.x86_64  CompilerName: GCC  CompilerVersion: 8.4.0
ProgramName: mris_fix_topology  ProgramArguments: mris_fix_topology -all-info  ProgramVersion: 7.3.2  TimeStamp: 2026/03/09-11:00:54-GMT  BuildTime: Aug  4 2022 06:17:15  BuildStamp: freesurfer-linux-ubuntu22_x86_64-7.3.2-20220804-6354275  User: oesteban  Machine: dna074  Platform: Linux  PlatformVersion: 5.14.0-427.37.1.el9_4.x86_64  CompilerName: GCC  CompilerVersion: 8.4.0
ProgramName: mris_topo_fixer  ProgramArguments: mris_topo_fixer -all-info  ProgramVersion: 7.3.2  TimeStamp: 2026/03/09-11:00:54-GMT  BuildTime: Aug  4 2022 06:17:15  BuildStamp: freesurfer-linux-ubuntu22_x86_64-7.3.2-20220804-6354275  User: oesteban  Machine: dna074  Platform: Linux  PlatformVersion: 5.14.0-427.37.1.el9_4.x86_64  CompilerName: GCC  CompilerVersion: 8.4.0
ProgramName: mris_jacobian  ProgramArguments: mris_jacobian -all-info  ProgramVersion: 7.3.2  TimeStamp: 2026/03/09-11:00:54-GMT  BuildTime: Aug  4 2022 06:17:15  BuildStamp: freesurfer-linux-ubuntu22_x86_64-7.3.2-20220804-6354275  User: oesteban  Machine: dna074  Platform: Linux  PlatformVersion: 5.14.0-427.37.1.el9_4.x86_64  CompilerName: GCC  CompilerVersion: 8.4.0
ProgramName: mris_label2annot  ProgramArguments: mris_label2annot -all-info  ProgramVersion: 7.3.2  TimeStamp: 2026/03/09-11:00:54-GMT  BuildTime: Aug  4 2022 06:17:15  BuildStamp: freesurfer-linux-ubuntu22_x86_64-7.3.2-20220804-6354275  User: oesteban  Machine: dna074  Platform: Linux  PlatformVersion: 5.14.0-427.37.1.el9_4.x86_64  CompilerName: GCC  CompilerVersion: 8.4.0
ProgramName: mris_left_right_register  ProgramArguments: mris_left_right_register -all-info  ProgramVersion: 7.3.2  TimeStamp: 2026/03/09-11:00:54-GMT  BuildTime: Aug  4 2022 06:17:15  BuildStamp: freesurfer-linux-ubuntu22_x86_64-7.3.2-20220804-6354275  User: oesteban  Machine: dna074  Platform: Linux  PlatformVersion: 5.14.0-427.37.1.el9_4.x86_64  CompilerName: GCC  CompilerVersion: 8.4.0
ProgramName: mris_place_surface  ProgramArguments: mris_place_surface -all-info  ProgramVersion: 7.3.2  TimeStamp: 2026/03/09-11:00:54-GMT  BuildTime: Aug  4 2022 06:17:15  BuildStamp: freesurfer-linux-ubuntu22_x86_64-7.3.2-20220804-6354275  User: oesteban  Machine: dna074  Platform: Linux  PlatformVersion: 5.14.0-427.37.1.el9_4.x86_64  CompilerName: GCC  CompilerVersion: 8.4.0
ProgramName: mrisp_paint  ProgramArguments: mrisp_paint -all-info  ProgramVersion: 7.3.2  TimeStamp: 2026/03/09-11:00:54-GMT  BuildTime: Aug  4 2022 06:17:15  BuildStamp: freesurfer-linux-ubuntu22_x86_64-7.3.2-20220804-6354275  User: oesteban  Machine: dna074  Platform: Linux  PlatformVersion: 5.14.0-427.37.1.el9_4.x86_64  CompilerName: GCC  CompilerVersion: 8.4.0
ProgramName: mris_register  ProgramArguments: mris_register -all-info  ProgramVersion: 7.3.2  TimeStamp: 2026/03/09-11:00:54-GMT  BuildTime: Aug  4 2022 06:17:15  BuildStamp: freesurfer-linux-ubuntu22_x86_64-7.3.2-20220804-6354275  User: oesteban  Machine: dna074  Platform: Linux  PlatformVersion: 5.14.0-427.37.1.el9_4.x86_64  CompilerName: GCC  CompilerVersion: 8.4.0
ProgramName: mris_smooth  ProgramArguments: mris_smooth -all-info  ProgramVersion: 7.3.2  TimeStamp: 2026/03/09-11:00:54-GMT  BuildTime: Aug  4 2022 06:17:15  BuildStamp: freesurfer-linux-ubuntu22_x86_64-7.3.2-20220804-6354275  User: oesteban  Machine: dna074  Platform: Linux  PlatformVersion: 5.14.0-427.37.1.el9_4.x86_64  CompilerName: GCC  CompilerVersion: 8.4.0
ProgramName: mris_sphere  ProgramArguments: mris_sphere -all-info  ProgramVersion: 7.3.2  TimeStamp: 2026/03/09-11:00:54-GMT  BuildTime: Aug  4 2022 06:17:15  BuildStamp: freesurfer-linux-ubuntu22_x86_64-7.3.2-20220804-6354275  User: oesteban  Machine: dna074  Platform: Linux  PlatformVersion: 5.14.0-427.37.1.el9_4.x86_64  CompilerName: GCC  CompilerVersion: 8.4.0
ProgramName: mris_surface_stats  ProgramArguments: mris_surface_stats -all-info  ProgramVersion: 7.3.2  TimeStamp: 2026/03/09-11:00:54-GMT  BuildTime: Aug  4 2022 06:17:15  BuildStamp: freesurfer-linux-ubuntu22_x86_64-7.3.2-20220804-6354275  User: oesteban  Machine: dna074  Platform: Linux  PlatformVersion: 5.14.0-427.37.1.el9_4.x86_64  CompilerName: GCC  CompilerVersion: 8.4.0
ProgramName: mri_stats2seg  ProgramArguments: mri_stats2seg -all-info  ProgramVersion: 7.3.2  TimeStamp: 2026/03/09-11:00:54-GMT  BuildTime: Aug  4 2022 06:17:15  BuildStamp: freesurfer-linux-ubuntu22_x86_64-7.3.2-20220804-6354275  User: oesteban  Machine: dna074  Platform: Linux  PlatformVersion: 5.14.0-427.37.1.el9_4.x86_64  CompilerName: GCC  CompilerVersion: 8.4.0
ProgramName: mris_thickness  ProgramArguments: mris_thickness -all-info  ProgramVersion: 7.3.2  TimeStamp: 2026/03/09-11:00:54-GMT  BuildTime: Aug  4 2022 06:17:15  BuildStamp: freesurfer-linux-ubuntu22_x86_64-7.3.2-20220804-6354275  User: oesteban  Machine: dna074  Platform: Linux  PlatformVersion: 5.14.0-427.37.1.el9_4.x86_64  CompilerName: GCC  CompilerVersion: 8.4.0
ProgramName: mris_thickness_diff  ProgramArguments: mris_thickness_diff -all-info  ProgramVersion: 7.3.2  TimeStamp: 2026/03/09-11:00:54-GMT  BuildTime: Aug  4 2022 06:17:15  BuildStamp: freesurfer-linux-ubuntu22_x86_64-7.3.2-20220804-6354275  User: oesteban  Machine: dna074  Platform: Linux  PlatformVersion: 5.14.0-427.37.1.el9_4.x86_64  CompilerName: GCC  CompilerVersion: 8.4.0
ProgramName: mris_topo_fixer  ProgramArguments: mris_topo_fixer -all-info  ProgramVersion: 7.3.2  TimeStamp: 2026/03/09-11:00:54-GMT  BuildTime: Aug  4 2022 06:17:15  BuildStamp: freesurfer-linux-ubuntu22_x86_64-7.3.2-20220804-6354275  User: oesteban  Machine: dna074  Platform: Linux  PlatformVersion: 5.14.0-427.37.1.el9_4.x86_64  CompilerName: GCC  CompilerVersion: 8.4.0
ProgramName: mri_surf2surf  ProgramArguments: mri_surf2surf -all-info  ProgramVersion: 7.3.2  TimeStamp: 2026/03/09-11:00:54-GMT  BuildTime: Aug  4 2022 06:17:15  BuildStamp: freesurfer-linux-ubuntu22_x86_64-7.3.2-20220804-6354275  User: oesteban  Machine: dna074  Platform: Linux  PlatformVersion: 5.14.0-427.37.1.el9_4.x86_64  CompilerName: GCC  CompilerVersion: 8.4.0
ProgramName: mri_surf2vol  ProgramArguments: mri_surf2vol -all-info  ProgramVersion: 7.3.2  TimeStamp: 2026/03/09-11:00:54-GMT  BuildTime: Aug  4 2022 06:17:15  BuildStamp: freesurfer-linux-ubuntu22_x86_64-7.3.2-20220804-6354275  User: oesteban  Machine: dna074  Platform: Linux  PlatformVersion: 5.14.0-427.37.1.el9_4.x86_64  CompilerName: GCC  CompilerVersion: 8.4.0
ProgramName: mri_surfcluster  ProgramArguments: mri_surfcluster -all-info  ProgramVersion: 7.3.2  TimeStamp: 2026/03/09-11:00:54-GMT  BuildTime: Aug  4 2022 06:17:15  BuildStamp: freesurfer-linux-ubuntu22_x86_64-7.3.2-20220804-6354275  User: oesteban  Machine: dna074  Platform: Linux  PlatformVersion: 5.14.0-427.37.1.el9_4.x86_64  CompilerName: GCC  CompilerVersion: 8.4.0
ProgramName: mris_volmask  ProgramArguments: mris_volmask -all-info  ProgramVersion: 7.3.2  TimeStamp: 2026/03/09-11:00:54-GMT  BuildTime: Aug  4 2022 06:17:15  BuildStamp: freesurfer-linux-ubuntu22_x86_64-7.3.2-20220804-6354275  User: oesteban  Machine: dna074  Platform: Linux  PlatformVersion: 5.14.0-427.37.1.el9_4.x86_64  CompilerName: GCC  CompilerVersion: 8.4.0
ProgramName: mri_tessellate  ProgramArguments: mri_tessellate -all-info  ProgramVersion: 7.3.2  TimeStamp: 2026/03/09-11:00:54-GMT  BuildTime: Aug  4 2022 06:17:15  BuildStamp: freesurfer-linux-ubuntu22_x86_64-7.3.2-20220804-6354275  User: oesteban  Machine: dna074  Platform: Linux  PlatformVersion: 5.14.0-427.37.1.el9_4.x86_64  CompilerName: GCC  CompilerVersion: 8.4.0
ProgramName: mri_vol2surf  ProgramArguments: mri_vol2surf -all-info  ProgramVersion: 7.3.2  TimeStamp: 2026/03/09-11:00:54-GMT  BuildTime: Aug  4 2022 06:17:15  BuildStamp: freesurfer-linux-ubuntu22_x86_64-7.3.2-20220804-6354275  User: oesteban  Machine: dna074  Platform: Linux  PlatformVersion: 5.14.0-427.37.1.el9_4.x86_64  CompilerName: GCC  CompilerVersion: 8.4.0
ProgramName: mri_vol2vol  ProgramArguments: mri_vol2vol -all-info  ProgramVersion: 7.3.2  TimeStamp: 2026/03/09-11:00:54-GMT  BuildTime: Aug  4 2022 06:17:15  BuildStamp: freesurfer-linux-ubuntu22_x86_64-7.3.2-20220804-6354275  User: oesteban  Machine: dna074  Platform: Linux  PlatformVersion: 5.14.0-427.37.1.el9_4.x86_64  CompilerName: GCC  CompilerVersion: 8.4.0
ProgramName: mri_voldiff  ProgramArguments: mri_voldiff -all-info  ProgramVersion: 7.3.2  TimeStamp: 2026/03/09-11:00:54-GMT  BuildTime: Aug  4 2022 06:17:15  BuildStamp: freesurfer-linux-ubuntu22_x86_64-7.3.2-20220804-6354275  User: oesteban  Machine: dna074  Platform: Linux  PlatformVersion: 5.14.0-427.37.1.el9_4.x86_64  CompilerName: GCC  CompilerVersion: 8.4.0
ProgramName: mri_watershed  ProgramArguments: mri_watershed -all-info  ProgramVersion: 7.3.2  TimeStamp: 2026/03/09-11:00:54-GMT  BuildTime: Aug  4 2022 06:17:15  BuildStamp: freesurfer-linux-ubuntu22_x86_64-7.3.2-20220804-6354275  User: oesteban  Machine: dna074  Platform: Linux  PlatformVersion: 5.14.0-427.37.1.el9_4.x86_64  CompilerName: GCC  CompilerVersion: 8.4.0
ProgramName: tkregister2  ProgramArguments: tkregister2_cmdl -all-info  ProgramVersion: 7.3.2  TimeStamp: 2026/03/09-11:00:54-GMT  BuildTime: Aug  4 2022 06:17:15  BuildStamp: freesurfer-linux-ubuntu22_x86_64-7.3.2-20220804-6354275  User: oesteban  Machine: dna074  Platform: Linux  PlatformVersion: 5.14.0-427.37.1.el9_4.x86_64  CompilerName: GCC  CompilerVersion: 8.4.0
mri_motion_correct.fsl 7.3.2
mri_convert -all-info 
ProgramName: mri_convert  ProgramArguments: mri_convert -all-info  ProgramVersion: 7.3.2  TimeStamp: 2026/03/09-11:00:54-GMT  BuildTime: Aug  4 2022 06:17:15  BuildStamp: freesurfer-linux-ubuntu22_x86_64-7.3.2-20220804-6354275  User: oesteban  Machine: dna074  Platform: Linux  PlatformVersion: 5.14.0-427.37.1.el9_4.x86_64  CompilerName: GCC  CompilerVersion: 8.4.0
Program nu_correct, built from:
Package MNI N3, version 1.12.0, compiled by nicks@terrier (x86_64-unknown-linux-gnu) on 2015-06-19 at 01:25:34
#######################################
GCADIR /opt/freesurfer/average
GCA RB_all_2020-01-02.gca
GCASkull RB_all_withskull_2020_01_02.gca
AvgCurvTif folding.atlas.acfb40.noaparc.i12.2016-08-02.tif
GCSDIR /opt/freesurfer/average
GCS DKaparc.atlas.acfb40.noaparc.i12.2016-08-02.gcs
#######################################
#--------------------------------------------
#@# AutoDetGWStats lh Mon Mar  9 12:00:54 CET 2026
cd /out/sourcedata/freesurfer/sub-v1s21x0050391_ses-1/mri
mris_autodet_gwstats --o ../surf/autodet.gw.stats.lh.dat --i brain.finalsurfs.mgz --wm wm.mgz --surf ../surf/lh.orig.premesh
  Update not needed
#--------------------------------------------
#@# WhitePreAparc lh Mon Mar  9 12:00:54 CET 2026
cd /out/sourcedata/freesurfer/sub-v1s21x0050391_ses-1/mri
mris_place_surface --adgws-in ../surf/autodet.gw.stats.lh.dat --wm wm.mgz --threads 16 --invol brain.finalsurfs.mgz --lh --i ../surf/lh.orig --o ../surf/lh.white.preaparc --white --seg aseg.presurf.mgz --nsmooth 5
   Update not needed
#--------------------------------------------
#@# CortexLabel lh Mon Mar  9 12:00:54 CET 2026
cd /out/sourcedata/freesurfer/sub-v1s21x0050391_ses-1/mri
mri_label2label --label-cortex ../surf/lh.white.preaparc aseg.presurf.mgz 0 ../label/lh.cortex.label
   Update not needed
#--------------------------------------------
#@# CortexLabel+HipAmyg lh Mon Mar  9 12:00:54 CET 2026
cd /out/sourcedata/freesurfer/sub-v1s21x0050391_ses-1/mri
mri_label2label --label-cortex ../surf/lh.white.preaparc aseg.presurf.mgz 1 ../label/lh.cortex+hipamyg.label
   Update not needed
#@# white curv lh Mon Mar  9 12:00:54 CET 2026
cd /out/sourcedata/freesurfer/sub-v1s21x0050391_ses-1/mri
mris_place_surface --curv-map ../surf/lh.white 2 10 ../surf/lh.curv
   Update not needed
#@# white area lh Mon Mar  9 12:00:54 CET 2026
cd /out/sourcedata/freesurfer/sub-v1s21x0050391_ses-1/mri
mris_place_surface --area-map ../surf/lh.white ../surf/lh.area
   Update not needed
#@# pial curv lh Mon Mar  9 12:00:54 CET 2026
cd /out/sourcedata/freesurfer/sub-v1s21x0050391_ses-1/mri
mris_place_surface --curv-map ../surf/lh.pial 2 10 ../surf/lh.curv.pial
   Update not needed
#@# pial area lh Mon Mar  9 12:00:54 CET 2026
cd /out/sourcedata/freesurfer/sub-v1s21x0050391_ses-1/mri
mris_place_surface --area-map ../surf/lh.pial ../surf/lh.area.pial
   Update not needed
#@# thickness lh Mon Mar  9 12:00:54 CET 2026
cd /out/sourcedata/freesurfer/sub-v1s21x0050391_ses-1/mri
mris_place_surface --thickness ../surf/lh.white ../surf/lh.pial 20 5 ../surf/lh.thickness
   Update not needed
#@# area and vertex vol lh Mon Mar  9 12:00:54 CET 2026
cd /out/sourcedata/freesurfer/sub-v1s21x0050391_ses-1/mri
mris_place_surface --thickness ../surf/lh.white ../surf/lh.pial 20 5 ../surf/lh.thickness
   Update not needed
#-----------------------------------------
#@# Parcellation Stats lh Mon Mar  9 12:00:54 CET 2026
/out/sourcedata/freesurfer/sub-v1s21x0050391_ses-1/scripts

 mris_anatomical_stats -th3 -mgz -noglobal -cortex ../label/lh.cortex.label -f ../stats/lh.aparc.stats -b -a ../label/lh.aparc.annot -c ../label/aparc.annot.ctab sub-v1s21x0050391_ses-1 lh white 

computing statistics for each annotation in ../label/lh.aparc.annot.
reading volume /out/sourcedata/freesurfer/sub-v1s21x0050391_ses-1/mri/wm.mgz...
reading input surface /out/sourcedata/freesurfer/sub-v1s21x0050391_ses-1/surf/lh.white...
reading input pial surface /out/sourcedata/freesurfer/sub-v1s21x0050391_ses-1/surf/lh.pial...
reading input white surface /out/sourcedata/freesurfer/sub-v1s21x0050391_ses-1/surf/lh.white...
INFO: using TH3 volume calc
INFO: assuming MGZ format for volumes.
INFO: not computing global stats
INFO: using ../label/lh.cortex.label as mask to calc cortex NumVert, SurfArea and MeanThickness.
Using TH3 vertex volume calc
Total face volume 262402
Total vertex volume 262154 (mask=0)
Saving annotation colortable ../label/aparc.annot.ctab

table columns are:
    number of vertices
    total surface area (mm^2)
    total gray matter volume (mm^3)
    average cortical thickness +- standard deviation (mm)
    integrated rectified mean curvature
    integrated rectified Gaussian curvature
    folding index
    intrinsic curvature index
    structure name

 1444    951   2367  2.752 0.487     0.096     0.016        8     1.0  bankssts
 1276    871   2453  2.430 0.781     0.133     0.022       18     1.3  caudalanteriorcingulate
 4556   2996   8583  2.605 0.549     0.103     0.017       33     3.2  caudalmiddlefrontal
 2549   1684   3192  1.779 0.491     0.133     0.030       29     3.2  cuneus
  686    474   1968  2.988 0.856     0.134     0.059        8     1.8  entorhinal
 4767   3213   9124  2.606 0.645     0.118     0.026       50     5.1  fusiform
 6217   4334  12977  2.616 0.612     0.119     0.023       61     6.2  inferiorparietal
 5862   4055  13322  2.745 0.798     0.120     0.028       69     6.3  inferiortemporal
 1415    944   2213  2.244 0.771     0.106     0.021       14     1.2  isthmuscingulate
 7666   5189  13104  2.244 0.659     0.131     0.029       87     9.6  lateraloccipital
 4532   3055   8603  2.743 0.647     0.122     0.031       48     5.8  lateralorbitofrontal
 4022   2771   6039  1.996 0.588     0.131     0.029       45     4.9  lingual
 3567   2393   6327  2.353 0.752     0.108     0.026       41     3.6  medialorbitofrontal
 4964   3424  12056  2.983 0.621     0.112     0.021       44     4.5  middletemporal
 1137    681   1955  2.473 0.763     0.071     0.013        5     0.4  parahippocampal
 2232   1376   4151  2.531 0.685     0.114     0.024       20     2.1  paracentral
 2233   1495   4092  2.489 0.510     0.100     0.017       16     1.6  parsopercularis
 1056    776   2268  2.437 0.798     0.145     0.029       15     1.4  parsorbitalis
 2149   1451   4554  2.664 0.693     0.113     0.020       18     1.8  parstriangularis
 1913   1321   1934  1.657 0.432     0.143     0.034       21     2.9  pericalcarine
 6713   4215   9478  2.028 0.632     0.099     0.018       46     5.2  postcentral
 2103   1472   3367  2.135 0.739     0.124     0.023       28     2.1  posteriorcingulate
 8895   5616  14754  2.485 0.612     0.101     0.019       58     7.1  precentral
 5796   3898  10095  2.416 0.624     0.114     0.022       53     5.4  precuneus
 1261    881   2614  2.581 0.783     0.113     0.020       13     1.1  rostralanteriorcingulate
 9294   6780  19051  2.510 0.579     0.132     0.028      111    11.0  rostralmiddlefrontal
12593   8560  28062  2.900 0.627     0.119     0.024      113    12.9  superiorfrontal
10043   6597  15208  2.154 0.561     0.115     0.022       92     9.9  superiorparietal
 6747   4376  14086  2.815 0.729     0.093     0.016       45     4.7  superiortemporal
 5789   3930  11762  2.663 0.587     0.113     0.019       56     4.7  supramarginal
  423    307   1193  2.865 0.865     0.165     0.047        8     0.7  frontalpole
  760    530   2497  3.388 0.738     0.118     0.025        7     0.8  temporalpole
  802    512   1335  2.528 0.567     0.124     0.025        7     0.8  transversetemporal
 3710   2493   7372  3.114 0.825     0.112     0.026       31     3.9  insula

 mris_anatomical_stats -th3 -mgz -noglobal -cortex ../label/lh.cortex.label -f ../stats/lh.aparc.pial.stats -b -a ../label/lh.aparc.annot -c ../label/aparc.annot.ctab sub-v1s21x0050391_ses-1 lh pial 

computing statistics for each annotation in ../label/lh.aparc.annot.
reading volume /out/sourcedata/freesurfer/sub-v1s21x0050391_ses-1/mri/wm.mgz...
reading input surface /out/sourcedata/freesurfer/sub-v1s21x0050391_ses-1/surf/lh.pial...
reading input pial surface /out/sourcedata/freesurfer/sub-v1s21x0050391_ses-1/surf/lh.pial...
reading input white surface /out/sourcedata/freesurfer/sub-v1s21x0050391_ses-1/surf/lh.white...
INFO: using TH3 volume calc
INFO: assuming MGZ format for volumes.
INFO: not computing global stats
INFO: using ../label/lh.cortex.label as mask to calc cortex NumVert, SurfArea and MeanThickness.
Using TH3 vertex volume calc
Total face volume 262402
Total vertex volume 262154 (mask=0)
Saving annotation colortable ../label/aparc.annot.ctab

table columns are:
    number of vertices
    total surface area (mm^2)
    total gray matter volume (mm^3)
    average cortical thickness +- standard deviation (mm)
    integrated rectified mean curvature
    integrated rectified Gaussian curvature
    folding index
    intrinsic curvature index
    structure name

 1444    780   2367  2.752 0.487     0.089     0.024       15     1.1  bankssts
 1276   1114   2453  2.430 0.781     0.166     0.046       70     2.3  caudalanteriorcingulate
 4556   3482   8583  2.605 0.549     0.113     0.022       72     4.2  caudalmiddlefrontal
 2549   2047   3192  1.779 0.491     0.128     0.037       62     3.4  cuneus
  686    910   1968  2.988 0.856     0.293     0.070       23     2.4  entorhinal
 4767   3808   9124  2.606 0.645     0.135     0.034       99     6.7  fusiform
 6217   5526  12977  2.616 0.612     0.143     0.031      236     8.7  inferiorparietal
 5862   5422  13322  2.745 0.798     0.156     0.037      112     9.3  inferiortemporal
 1415   1100   2213  2.244 0.771     0.161     0.047       59     2.8  isthmuscingulate
 7666   6445  13104  2.244 0.659     0.126     0.031      158    10.0  lateraloccipital
 4532   3435   8603  2.743 0.647     0.128     0.035      245     5.7  lateralorbitofrontal
 4022   3524   6039  1.996 0.588     0.145     0.044      147     6.3  lingual
 3567   3106   6327  2.353 0.752     0.155     0.042       76     5.8  medialorbitofrontal
 4964   4551  12056  2.983 0.621     0.137     0.031       69     6.4  middletemporal
 1137    939   1955  2.473 0.763     0.134     0.034       10     1.8  parahippocampal
 2232   1849   4151  2.531 0.685     0.125     0.028       36     2.6  paracentral
 2233   1790   4092  2.489 0.510     0.129     0.026       32     2.7  parsopercularis
 1056   1096   2268  2.437 0.798     0.171     0.033       12     1.6  parsorbitalis
 2149   1915   4554  2.664 0.693     0.144     0.040       30     2.7  parstriangularis
 1913   1145   1934  1.657 0.432     0.126     0.038       35     3.1  pericalcarine
 6713   5214   9478  2.028 0.632     0.114     0.023       53     6.5  postcentral
 2103   1684   3367  2.135 0.739     0.146     0.038       92     3.1  posteriorcingulate
 8895   6253  14754  2.485 0.612     0.102     0.050      251     7.7  precentral
 5796   4504  10095  2.416 0.624     0.131     0.058      707     7.8  precuneus
 1261   1194   2614  2.581 0.783     0.172     0.043       71     2.2  rostralanteriorcingulate
 9294   8287  19051  2.510 0.579     0.153     0.034      204    12.6  rostralmiddlefrontal
12593  10503  28062  2.900 0.627     0.137     0.032    19740    16.5  superiorfrontal
10043   7610  15208  2.154 0.561     0.117     0.025      118    10.4  superiorparietal
 6747   5364  14086  2.815 0.729     0.124     0.027       97     8.0  superiortemporal
 5789   4824  11762  2.663 0.587     0.140     0.031     5698     8.2  supramarginal
  423    491   1193  2.865 0.865     0.185     0.035        5     0.7  frontalpole
  760    965   2497  3.388 0.738     0.178     0.036        8     1.3  temporalpole
  802    607   1335  2.528 0.567     0.125     0.032        6     1.1  transversetemporal
 3710   2311   7372  3.114 0.825     0.141     0.045      136     7.2  insula
#-----------------------------------------
#@# Parcellation Stats 2 lh Mon Mar  9 12:01:11 CET 2026
/out/sourcedata/freesurfer/sub-v1s21x0050391_ses-1/scripts

 mris_anatomical_stats -th3 -mgz -noglobal -cortex ../label/lh.cortex.label -f ../stats/lh.aparc.a2009s.stats -b -a ../label/lh.aparc.a2009s.annot -c ../label/aparc.annot.a2009s.ctab sub-v1s21x0050391_ses-1 lh white 

computing statistics for each annotation in ../label/lh.aparc.a2009s.annot.
reading volume /out/sourcedata/freesurfer/sub-v1s21x0050391_ses-1/mri/wm.mgz...
reading input surface /out/sourcedata/freesurfer/sub-v1s21x0050391_ses-1/surf/lh.white...
reading input pial surface /out/sourcedata/freesurfer/sub-v1s21x0050391_ses-1/surf/lh.pial...
reading input white surface /out/sourcedata/freesurfer/sub-v1s21x0050391_ses-1/surf/lh.white...
INFO: using TH3 volume calc
INFO: assuming MGZ format for volumes.
INFO: not computing global stats
INFO: using ../label/lh.cortex.label as mask to calc cortex NumVert, SurfArea and MeanThickness.
Using TH3 vertex volume calc
Total face volume 262402
Total vertex volume 262154 (mask=0)
Saving annotation colortable ../label/aparc.annot.a2009s.ctab

table columns are:
    number of vertices
    total surface area (mm^2)
    total gray matter volume (mm^3)
    average cortical thickness +- standard deviation (mm)
    integrated rectified mean curvature
    integrated rectified Gaussian curvature
    folding index
    intrinsic curvature index
    structure name

 1435   1040   2970  2.636 0.708     0.142     0.037       18     2.3  G_and_S_frontomargin
 1627   1127   3560  2.456 0.779     0.138     0.030       21     2.0  G_and_S_occipital_inf
 1712   1035   3398  2.493 0.744     0.116     0.023       16     1.6  G_and_S_paracentral
 1786   1157   3629  2.702 0.538     0.110     0.019       16     1.4  G_and_S_subcentral
  734    588   2427  3.150 0.715     0.139     0.039       11     1.0  G_and_S_transv_frontopol
 2769   1954   5315  2.498 0.765     0.116     0.021       26     2.5  G_and_S_cingul-Ant
 1596   1101   3010  2.700 0.542     0.122     0.025       15     1.6  G_and_S_cingul-Mid-Ant
 1713   1192   2730  2.262 0.569     0.116     0.021       16     1.6  G_and_S_cingul-Mid-Post
  560    394   1306  2.718 0.724     0.136     0.035        8     0.6  G_cingul-Post-dorsal
  253    168    581  2.703 0.653     0.126     0.025        3     0.3  G_cingul-Post-ventral
 2317   1550   3196  1.827 0.555     0.137     0.031       28     3.0  G_cuneus
 1124    764   2620  2.615 0.497     0.113     0.024       11     1.1  G_front_inf-Opercular
  474    319   1304  2.840 0.671     0.133     0.024        7     0.5  G_front_inf-Orbital
 1382    913   3526  2.853 0.624     0.123     0.023       14     1.3  G_front_inf-Triangul
 5482   3943  13968  2.746 0.560     0.133     0.028       74     6.2  G_front_middle
 8157   5430  20582  3.024 0.594     0.126     0.028       86     9.4  G_front_sup
  715    491   1561  3.055 0.956     0.125     0.033        9     1.0  G_Ins_lg_and_S_cent_ins
  803    512   2352  3.597 0.769     0.105     0.025        7     0.8  G_insular_short
 1859   1365   5193  2.845 0.620     0.135     0.030       24     2.5  G_occipital_middle
 1575   1027   2492  2.091 0.640     0.125     0.021       17     1.4  G_occipital_sup
 1988   1311   4351  2.715 0.740     0.121     0.034       26     2.6  G_oc-temp_lat-fusifor
 2926   2039   4709  1.961 0.672     0.143     0.035       38     4.3  G_oc-temp_med-Lingual
 1381    872   3232  2.738 0.872     0.102     0.035       12     2.0  G_oc-temp_med-Parahip
 2751   1946   6475  2.627 0.745     0.142     0.042       44     4.8  G_orbital
 2621   1835   6796  2.809 0.656     0.134     0.026       35     3.0  G_pariet_inf-Angular
 2933   1953   7042  2.827 0.621     0.119     0.022       34     2.8  G_pariet_inf-Supramar
 4393   2806   7305  2.191 0.580     0.114     0.023       45     4.7  G_parietal_sup
 2508   1492   3882  2.140 0.579     0.106     0.022       19     2.3  G_postcentral
 3594   2192   7120  2.640 0.603     0.099     0.020       25     3.1  G_precentral
 2796   1896   6260  2.539 0.612     0.123     0.026       32     3.1  G_precuneus
 1289    873   2714  2.397 0.715     0.107     0.025       16     1.3  G_rectus
  851    509   1158  2.194 0.910     0.117     0.040       14     1.2  G_subcallosal
  577    353   1009  2.492 0.400     0.126     0.027        6     0.6  G_temp_sup-G_T_transv
 2386   1544   7268  3.282 0.637     0.114     0.023       26     2.2  G_temp_sup-Lateral
  920    611   2071  3.193 0.790     0.083     0.016        3     0.7  G_temp_sup-Plan_polar
 1121    738   2023  2.560 0.484     0.073     0.011        4     0.5  G_temp_sup-Plan_tempo
 3124   2187   8852  2.960 0.880     0.141     0.039       52     4.5  G_temporal_inf
 2516   1788   7677  3.188 0.567     0.128     0.025       29     2.7  G_temporal_middle
  279    194    336  2.079 0.394     0.103     0.016        2     0.1  Lat_Fis-ant-Horizont
  320    224    412  2.263 0.596     0.092     0.011        1     0.1  Lat_Fis-ant-Vertical
 1143    744   1419  2.436 0.599     0.096     0.016        6     0.7  Lat_Fis-post
 2365   1563   3774  2.067 0.639     0.145     0.038       34     3.9  Pole_occipital
 1604   1192   4791  3.042 0.811     0.139     0.037       22     2.4  Pole_temporal
 2086   1436   2354  1.892 0.601     0.128     0.027       19     2.4  S_calcarine
 3261   2120   3143  1.693 0.482     0.103     0.020       21     2.7  S_central
 1140    797   1745  2.359 0.513     0.119     0.022       10     1.1  S_cingul-Marginalis
  517    351    855  3.093 0.469     0.087     0.013        2     0.3  S_circular_insula_ant
 1606   1098   2533  2.880 0.901     0.090     0.018        7     1.2  S_circular_insula_inf
 1923   1262   2651  2.659 0.488     0.093     0.014        9     1.2  S_circular_insula_sup
 1121    727   1569  2.661 0.553     0.090     0.015        5     0.7  S_collat_transv_ant
  637    418    649  1.925 0.382     0.112     0.020        5     0.6  S_collat_transv_post
 2171   1485   2866  2.125 0.457     0.100     0.018       14     1.5  S_front_inf
 1633   1162   2442  2.284 0.503     0.122     0.021       14     1.5  S_front_middle
 4223   2868   6789  2.587 0.512     0.103     0.017       26     3.1  S_front_sup
  335    228    464  2.289 0.466     0.089     0.016        1     0.2  S_interm_prim-Jensen
 3402   2272   4303  2.180 0.467     0.105     0.016       23     2.6  S_intrapariet_and_P_trans
 1038    728   1282  2.091 0.461     0.118     0.023        8     1.0  S_oc_middle_and_Lunatus
 1315    881   1605  2.032 0.404     0.109     0.022        9     1.2  S_oc_sup_and_transversal
 1003    664   1310  2.497 0.334     0.118     0.021        7     1.1  S_occipital_ant
 1117    730   1435  2.240 0.565     0.084     0.011        5     0.5  S_oc-temp_lat
 2213   1449   3258  2.294 0.489     0.093     0.014       14     1.2  S_oc-temp_med_and_Lingual
  328    254    665  2.880 0.660     0.142     0.026        3     0.5  S_orbital_lateral
  880    588   1053  2.214 0.706     0.101     0.019        6     0.6  S_orbital_med-olfact
 1780   1181   2857  2.724 0.581     0.119     0.026       14     1.9  S_orbital-H_Shaped
 2602   1714   3246  2.192 0.677     0.114     0.022       20     2.5  S_parieto_occipital
 1658   1052   1403  1.676 0.580     0.106     0.015       23     1.1  S_pericallosal
 2760   1882   3327  1.991 0.439     0.108     0.018       21     2.0  S_postcentral
 2468   1606   3749  2.483 0.488     0.087     0.012       12     1.2  S_precentral-inf-part
 1502    978   2158  2.625 0.383     0.094     0.014        8     0.9  S_precentral-sup-part
  737    519   1262  2.614 0.739     0.119     0.023        5     0.7  S_suborbital
 1011    704   1421  2.198 0.444     0.112     0.018        8     0.8  S_subparietal
 1801   1231   2749  2.567 0.486     0.100     0.015       10     1.3  S_temporal_inf
 6025   4010  10023  2.674 0.462     0.096     0.016       36     4.2  S_temporal_sup
  420    296    593  2.201 0.302     0.129     0.017        4     0.4  S_temporal_transverse
#-----------------------------------------
#@# Parcellation Stats 3 lh Mon Mar  9 12:01:19 CET 2026
/out/sourcedata/freesurfer/sub-v1s21x0050391_ses-1/scripts

 mris_anatomical_stats -th3 -mgz -noglobal -cortex ../label/lh.cortex.label -f ../stats/lh.aparc.DKTatlas.stats -b -a ../label/lh.aparc.DKTatlas.annot -c ../label/aparc.annot.DKTatlas.ctab sub-v1s21x0050391_ses-1 lh white 

computing statistics for each annotation in ../label/lh.aparc.DKTatlas.annot.
reading volume /out/sourcedata/freesurfer/sub-v1s21x0050391_ses-1/mri/wm.mgz...
reading input surface /out/sourcedata/freesurfer/sub-v1s21x0050391_ses-1/surf/lh.white...
reading input pial surface /out/sourcedata/freesurfer/sub-v1s21x0050391_ses-1/surf/lh.pial...
reading input white surface /out/sourcedata/freesurfer/sub-v1s21x0050391_ses-1/surf/lh.white...
INFO: using TH3 volume calc
INFO: assuming MGZ format for volumes.
INFO: not computing global stats
INFO: using ../label/lh.cortex.label as mask to calc cortex NumVert, SurfArea and MeanThickness.
Using TH3 vertex volume calc
Total face volume 262402
Total vertex volume 262154 (mask=0)
Saving annotation colortable ../label/aparc.annot.DKTatlas.ctab

table columns are:
    number of vertices
    total surface area (mm^2)
    total gray matter volume (mm^3)
    average cortical thickness +- standard deviation (mm)
    integrated rectified mean curvature
    integrated rectified Gaussian curvature
    folding index
    intrinsic curvature index
    structure name

 1909   1305   3612  2.532 0.728     0.134     0.025       25     2.1  caudalanteriorcingulate
 4895   3235   9134  2.608 0.535     0.103     0.017       35     3.4  caudalmiddlefrontal
 3491   2319   4649  1.886 0.569     0.124     0.027       35     3.9  cuneus
  596    415   1790  3.068 0.850     0.130     0.057        6     1.7  entorhinal
 4491   2988   8531  2.618 0.651     0.114     0.024       44     4.4  fusiform
 6384   4451  13612  2.626 0.629     0.122     0.023       67     6.4  inferiorparietal
 5721   3970  13075  2.722 0.815     0.122     0.031       70     6.6  inferiortemporal
 1401    930   2193  2.244 0.766     0.107     0.022       14     1.2  isthmuscingulate
 7662   5176  13098  2.244 0.664     0.132     0.030       87     9.6  lateraloccipital
 5112   3464   9905  2.698 0.705     0.131     0.037       64     7.9  lateralorbitofrontal
 4112   2845   6188  1.988 0.588     0.131     0.029       46     5.0  lingual
 2817   1882   5200  2.380 0.770     0.106     0.025       32     2.5  medialorbitofrontal
 6489   4459  14598  2.875 0.584     0.111     0.020       56     5.7  middletemporal
 1202    724   2053  2.445 0.754     0.075     0.015        7     0.6  parahippocampal
 2620   1618   5193  2.633 0.712     0.111     0.024       22     2.5  paracentral
 1945   1302   3510  2.488 0.507     0.100     0.018       14     1.4  parsopercularis
 1054    720   1876  2.366 0.582     0.120     0.022       10     1.1  parsorbitalis
 2686   1835   5617  2.641 0.699     0.114     0.020       23     2.3  parstriangularis
 1875   1288   1890  1.664 0.433     0.142     0.035       21     2.8  pericalcarine
 7455   4710  10798  2.067 0.667     0.103     0.019       55     5.8  postcentral
 2328   1632   3776  2.173 0.703     0.126     0.024       31     2.4  posteriorcingulate
 8752   5514  14509  2.482 0.618     0.101     0.019       57     7.0  precentral
 5622   3791  10150  2.449 0.609     0.115     0.022       53     5.3  precuneus
 2014   1354   3513  2.440 0.797     0.115     0.023       22     1.8  rostralanteriorcingulate
 6667   4852  13677  2.509 0.577     0.134     0.029       81     7.7  rostralmiddlefrontal
13843   9618  31149  2.844 0.642     0.121     0.024      132    14.3  superiorfrontal
 8395   5500  12226  2.121 0.519     0.114     0.022       74     8.5  superiorparietal
 8533   5576  18322  2.889 0.734     0.096     0.017       58     6.1  superiortemporal
 5286   3587  10471  2.648 0.575     0.111     0.019       49     4.2  supramarginal
  783    501   1303  2.516 0.558     0.124     0.025        7     0.8  transversetemporal
 3032   2063   6537  3.294 0.735     0.107     0.022       23     2.8  insula
/out/sourcedata/freesurfer/sub-v1s21x0050391_ses-1/label
#--------------------------------------------
#@# BA_exvivo Labels lh Mon Mar  9 12:01:27 CET 2026

 mri_label2label --srcsubject fsaverage --srclabel /out/sourcedata/freesurfer/fsaverage/label/lh.BA1_exvivo.label --trgsubject sub-v1s21x0050391_ses-1 --trglabel ./lh.BA1_exvivo.label --hemi lh --regmethod surface 


srclabel = /out/sourcedata/freesurfer/fsaverage/label/lh.BA1_exvivo.label
srcsubject = fsaverage
trgsubject = sub-v1s21x0050391_ses-1
trglabel = ./lh.BA1_exvivo.label
regmethod = surface

srchemi = lh
trghemi = lh
trgsurface = white
srcsurfreg = sphere.reg
trgsurfreg = sphere.reg
usehash = 1
Use ProjAbs  = 0, 0
Use ProjFrac = 0, 0
DoPaint 0

SUBJECTS_DIR    /out/sourcedata/freesurfer
FREESURFER_HOME /opt/freesurfer
Loading source label.
Found 4129 points in source label.
Starting surface-based mapping
Reading source registration 
 /out/sourcedata/freesurfer/fsaverage/surf/lh.sphere.reg
Rescaling ...  original radius = 100
Reading target surface 
 /out/sourcedata/freesurfer/sub-v1s21x0050391_ses-1/surf/lh.white
Reading target registration 
 /out/sourcedata/freesurfer/sub-v1s21x0050391_ses-1/surf/lh.sphere.reg
Rescaling ...  original radius = 100
Building target registration hash (res=16).
Building source registration hash (res=16).
INFO: found  4129 nlabel points
Performing mapping from target back to the source label 149108
Number of reverse mapping hits = 163
Checking for and removing duplicates
Writing label file ./lh.BA1_exvivo.label 4292
mri_label2label: Done


 mri_label2label --srcsubject fsaverage --srclabel /out/sourcedata/freesurfer/fsaverage/label/lh.BA2_exvivo.label --trgsubject sub-v1s21x0050391_ses-1 --trglabel ./lh.BA2_exvivo.label --hemi lh --regmethod surface 


srclabel = /out/sourcedata/freesurfer/fsaverage/label/lh.BA2_exvivo.label
srcsubject = fsaverage
trgsubject = sub-v1s21x0050391_ses-1
trglabel = ./lh.BA2_exvivo.label
regmethod = surface

srchemi = lh
trghemi = lh
trgsurface = white
srcsurfreg = sphere.reg
trgsurfreg = sphere.reg
usehash = 1
Use ProjAbs  = 0, 0
Use ProjFrac = 0, 0
DoPaint 0

SUBJECTS_DIR    /out/sourcedata/freesurfer
FREESURFER_HOME /opt/freesurfer
Loading source label.
Found 7909 points in source label.
Starting surface-based mapping
Reading source registration 
 /out/sourcedata/freesurfer/fsaverage/surf/lh.sphere.reg
Rescaling ...  original radius = 100
Reading target surface 
 /out/sourcedata/freesurfer/sub-v1s21x0050391_ses-1/surf/lh.white
Reading target registration 
 /out/sourcedata/freesurfer/sub-v1s21x0050391_ses-1/surf/lh.sphere.reg
Rescaling ...  original radius = 100
Building target registration hash (res=16).
Building source registration hash (res=16).
INFO: found  7909 nlabel points
Performing mapping from target back to the source label 149108
Number of reverse mapping hits = 252
Checking for and removing duplicates
Writing label file ./lh.BA2_exvivo.label 8161
mri_label2label: Done


 mri_label2label --srcsubject fsaverage --srclabel /out/sourcedata/freesurfer/fsaverage/label/lh.BA3a_exvivo.label --trgsubject sub-v1s21x0050391_ses-1 --trglabel ./lh.BA3a_exvivo.label --hemi lh --regmethod surface 


srclabel = /out/sourcedata/freesurfer/fsaverage/label/lh.BA3a_exvivo.label
srcsubject = fsaverage
trgsubject = sub-v1s21x0050391_ses-1
trglabel = ./lh.BA3a_exvivo.label
regmethod = surface

srchemi = lh
trghemi = lh
trgsurface = white
srcsurfreg = sphere.reg
trgsurfreg = sphere.reg
usehash = 1
Use ProjAbs  = 0, 0
Use ProjFrac = 0, 0
DoPaint 0

SUBJECTS_DIR    /out/sourcedata/freesurfer
FREESURFER_HOME /opt/freesurfer
Loading source label.
Found 4077 points in source label.
Starting surface-based mapping
Reading source registration 
 /out/sourcedata/freesurfer/fsaverage/surf/lh.sphere.reg
Rescaling ...  original radius = 100
Reading target surface 
 /out/sourcedata/freesurfer/sub-v1s21x0050391_ses-1/surf/lh.white
Reading target registration 
 /out/sourcedata/freesurfer/sub-v1s21x0050391_ses-1/surf/lh.sphere.reg
Rescaling ...  original radius = 100
Building target registration hash (res=16).
Building source registration hash (res=16).
INFO: found  4077 nlabel points
Performing mapping from target back to the source label 149108
Number of reverse mapping hits = 80
Checking for and removing duplicates
Writing label file ./lh.BA3a_exvivo.label 4157
mri_label2label: Done


 mri_label2label --srcsubject fsaverage --srclabel /out/sourcedata/freesurfer/fsaverage/label/lh.BA3b_exvivo.label --trgsubject sub-v1s21x0050391_ses-1 --trglabel ./lh.BA3b_exvivo.label --hemi lh --regmethod surface 


srclabel = /out/sourcedata/freesurfer/fsaverage/label/lh.BA3b_exvivo.label
srcsubject = fsaverage
trgsubject = sub-v1s21x0050391_ses-1
trglabel = ./lh.BA3b_exvivo.label
regmethod = surface

srchemi = lh
trghemi = lh
trgsurface = white
srcsurfreg = sphere.reg
trgsurfreg = sphere.reg
usehash = 1
Use ProjAbs  = 0, 0
Use ProjFrac = 0, 0
DoPaint 0

SUBJECTS_DIR    /out/sourcedata/freesurfer
FREESURFER_HOME /opt/freesurfer
Loading source label.
Found 5983 points in source label.
Starting surface-based mapping
Reading source registration 
 /out/sourcedata/freesurfer/fsaverage/surf/lh.sphere.reg
Rescaling ...  original radius = 100
Reading target surface 
 /out/sourcedata/freesurfer/sub-v1s21x0050391_ses-1/surf/lh.white
Reading target registration 
 /out/sourcedata/freesurfer/sub-v1s21x0050391_ses-1/surf/lh.sphere.reg
Rescaling ...  original radius = 100
Building target registration hash (res=16).
Building source registration hash (res=16).
INFO: found  5983 nlabel points
Performing mapping from target back to the source label 149108
Number of reverse mapping hits = 162
Checking for and removing duplicates
Writing label file ./lh.BA3b_exvivo.label 6145
mri_label2label: Done


 mri_label2label --srcsubject fsaverage --srclabel /out/sourcedata/freesurfer/fsaverage/label/lh.BA4a_exvivo.label --trgsubject sub-v1s21x0050391_ses-1 --trglabel ./lh.BA4a_exvivo.label --hemi lh --regmethod surface 


srclabel = /out/sourcedata/freesurfer/fsaverage/label/lh.BA4a_exvivo.label
srcsubject = fsaverage
trgsubject = sub-v1s21x0050391_ses-1
trglabel = ./lh.BA4a_exvivo.label
regmethod = surface

srchemi = lh
trghemi = lh
trgsurface = white
srcsurfreg = sphere.reg
trgsurfreg = sphere.reg
usehash = 1
Use ProjAbs  = 0, 0
Use ProjFrac = 0, 0
DoPaint 0

SUBJECTS_DIR    /out/sourcedata/freesurfer
FREESURFER_HOME /opt/freesurfer
Loading source label.
Found 5784 points in source label.
Starting surface-based mapping
Reading source registration 
 /out/sourcedata/freesurfer/fsaverage/surf/lh.sphere.reg
Rescaling ...  original radius = 100
Reading target surface 
 /out/sourcedata/freesurfer/sub-v1s21x0050391_ses-1/surf/lh.white
Reading target registration 
 /out/sourcedata/freesurfer/sub-v1s21x0050391_ses-1/surf/lh.sphere.reg
Rescaling ...  original radius = 100
Building target registration hash (res=16).
Building source registration hash (res=16).
INFO: found  5784 nlabel points
Performing mapping from target back to the source label 149108
Number of reverse mapping hits = 418
Checking for and removing duplicates
Writing label file ./lh.BA4a_exvivo.label 6202
mri_label2label: Done


 mri_label2label --srcsubject fsaverage --srclabel /out/sourcedata/freesurfer/fsaverage/label/lh.BA4p_exvivo.label --trgsubject sub-v1s21x0050391_ses-1 --trglabel ./lh.BA4p_exvivo.label --hemi lh --regmethod surface 


srclabel = /out/sourcedata/freesurfer/fsaverage/label/lh.BA4p_exvivo.label
srcsubject = fsaverage
trgsubject = sub-v1s21x0050391_ses-1
trglabel = ./lh.BA4p_exvivo.label
regmethod = surface

srchemi = lh
trghemi = lh
trgsurface = white
srcsurfreg = sphere.reg
trgsurfreg = sphere.reg
usehash = 1
Use ProjAbs  = 0, 0
Use ProjFrac = 0, 0
DoPaint 0

SUBJECTS_DIR    /out/sourcedata/freesurfer
FREESURFER_HOME /opt/freesurfer
Loading source label.
Found 4070 points in source label.
Starting surface-based mapping
Reading source registration 
 /out/sourcedata/freesurfer/fsaverage/surf/lh.sphere.reg
Rescaling ...  original radius = 100
Reading target surface 
 /out/sourcedata/freesurfer/sub-v1s21x0050391_ses-1/surf/lh.white
Reading target registration 
 /out/sourcedata/freesurfer/sub-v1s21x0050391_ses-1/surf/lh.sphere.reg
Rescaling ...  original radius = 100
Building target registration hash (res=16).
Building source registration hash (res=16).
INFO: found  4070 nlabel points
Performing mapping from target back to the source label 149108
Number of reverse mapping hits = 175
Checking for and removing duplicates
Writing label file ./lh.BA4p_exvivo.label 4245
mri_label2label: Done


 mri_label2label --srcsubject fsaverage --srclabel /out/sourcedata/freesurfer/fsaverage/label/lh.BA6_exvivo.label --trgsubject sub-v1s21x0050391_ses-1 --trglabel ./lh.BA6_exvivo.label --hemi lh --regmethod surface 


srclabel = /out/sourcedata/freesurfer/fsaverage/label/lh.BA6_exvivo.label
srcsubject = fsaverage
trgsubject = sub-v1s21x0050391_ses-1
trglabel = ./lh.BA6_exvivo.label
regmethod = surface

srchemi = lh
trghemi = lh
trgsurface = white
srcsurfreg = sphere.reg
trgsurfreg = sphere.reg
usehash = 1
Use ProjAbs  = 0, 0
Use ProjFrac = 0, 0
DoPaint 0

SUBJECTS_DIR    /out/sourcedata/freesurfer
FREESURFER_HOME /opt/freesurfer
Loading source label.
Found 13589 points in source label.
Starting surface-based mapping
Reading source registration 
 /out/sourcedata/freesurfer/fsaverage/surf/lh.sphere.reg
Rescaling ...  original radius = 100
Reading target surface 
 /out/sourcedata/freesurfer/sub-v1s21x0050391_ses-1/surf/lh.white
Reading target registration 
 /out/sourcedata/freesurfer/sub-v1s21x0050391_ses-1/surf/lh.sphere.reg
Rescaling ...  original radius = 100
Building target registration hash (res=16).
Building source registration hash (res=16).
INFO: found  13589 nlabel points
Performing mapping from target back to the source label 149108
Number of reverse mapping hits = 2015
Checking for and removing duplicates
Writing label file ./lh.BA6_exvivo.label 15604
mri_label2label: Done


 mri_label2label --srcsubject fsaverage --srclabel /out/sourcedata/freesurfer/fsaverage/label/lh.BA44_exvivo.label --trgsubject sub-v1s21x0050391_ses-1 --trglabel ./lh.BA44_exvivo.label --hemi lh --regmethod surface 


srclabel = /out/sourcedata/freesurfer/fsaverage/label/lh.BA44_exvivo.label
srcsubject = fsaverage
trgsubject = sub-v1s21x0050391_ses-1
trglabel = ./lh.BA44_exvivo.label
regmethod = surface

srchemi = lh
trghemi = lh
trgsurface = white
srcsurfreg = sphere.reg
trgsurfreg = sphere.reg
usehash = 1
Use ProjAbs  = 0, 0
Use ProjFrac = 0, 0
DoPaint 0

SUBJECTS_DIR    /out/sourcedata/freesurfer
FREESURFER_HOME /opt/freesurfer
Loading source label.
Found 4181 points in source label.
Starting surface-based mapping
Reading source registration 
 /out/sourcedata/freesurfer/fsaverage/surf/lh.sphere.reg
Rescaling ...  original radius = 100
Reading target surface 
 /out/sourcedata/freesurfer/sub-v1s21x0050391_ses-1/surf/lh.white
Reading target registration 
 /out/sourcedata/freesurfer/sub-v1s21x0050391_ses-1/surf/lh.sphere.reg
Rescaling ...  original radius = 100
Building target registration hash (res=16).
Building source registration hash (res=16).
INFO: found  4181 nlabel points
Performing mapping from target back to the source label 149108
Number of reverse mapping hits = 332
Checking for and removing duplicates
Writing label file ./lh.BA44_exvivo.label 4513
mri_label2label: Done


 mri_label2label --srcsubject fsaverage --srclabel /out/sourcedata/freesurfer/fsaverage/label/lh.BA45_exvivo.label --trgsubject sub-v1s21x0050391_ses-1 --trglabel ./lh.BA45_exvivo.label --hemi lh --regmethod surface 


srclabel = /out/sourcedata/freesurfer/fsaverage/label/lh.BA45_exvivo.label
srcsubject = fsaverage
trgsubject = sub-v1s21x0050391_ses-1
trglabel = ./lh.BA45_exvivo.label
regmethod = surface

srchemi = lh
trghemi = lh
trgsurface = white
srcsurfreg = sphere.reg
trgsurfreg = sphere.reg
usehash = 1
Use ProjAbs  = 0, 0
Use ProjFrac = 0, 0
DoPaint 0

SUBJECTS_DIR    /out/sourcedata/freesurfer
FREESURFER_HOME /opt/freesurfer
Loading source label.
Found 3422 points in source label.
Starting surface-based mapping
Reading source registration 
 /out/sourcedata/freesurfer/fsaverage/surf/lh.sphere.reg
Rescaling ...  original radius = 100
Reading target surface 
 /out/sourcedata/freesurfer/sub-v1s21x0050391_ses-1/surf/lh.white
Reading target registration 
 /out/sourcedata/freesurfer/sub-v1s21x0050391_ses-1/surf/lh.sphere.reg
Rescaling ...  original radius = 100
Building target registration hash (res=16).
Building source registration hash (res=16).
INFO: found  3422 nlabel points
Performing mapping from target back to the source label 149108
Number of reverse mapping hits = 683
Checking for and removing duplicates
Writing label file ./lh.BA45_exvivo.label 4105
mri_label2label: Done


 mri_label2label --srcsubject fsaverage --srclabel /out/sourcedata/freesurfer/fsaverage/label/lh.V1_exvivo.label --trgsubject sub-v1s21x0050391_ses-1 --trglabel ./lh.V1_exvivo.label --hemi lh --regmethod surface 


srclabel = /out/sourcedata/freesurfer/fsaverage/label/lh.V1_exvivo.label
srcsubject = fsaverage
trgsubject = sub-v1s21x0050391_ses-1
trglabel = ./lh.V1_exvivo.label
regmethod = surface

srchemi = lh
trghemi = lh
trgsurface = white
srcsurfreg = sphere.reg
trgsurfreg = sphere.reg
usehash = 1
Use ProjAbs  = 0, 0
Use ProjFrac = 0, 0
DoPaint 0

SUBJECTS_DIR    /out/sourcedata/freesurfer
FREESURFER_HOME /opt/freesurfer
Loading source label.
Found 4641 points in source label.
Starting surface-based mapping
Reading source registration 
 /out/sourcedata/freesurfer/fsaverage/surf/lh.sphere.reg
Rescaling ...  original radius = 100
Reading target surface 
 /out/sourcedata/freesurfer/sub-v1s21x0050391_ses-1/surf/lh.white
Reading target registration 
 /out/sourcedata/freesurfer/sub-v1s21x0050391_ses-1/surf/lh.sphere.reg
Rescaling ...  original radius = 100
Building target registration hash (res=16).
Building source registration hash (res=16).
INFO: found  4641 nlabel points
Performing mapping from target back to the source label 149108
Number of reverse mapping hits = 1204
Checking for and removing duplicates
Writing label file ./lh.V1_exvivo.label 5845
mri_label2label: Done


 mri_label2label --srcsubject fsaverage --srclabel /out/sourcedata/freesurfer/fsaverage/label/lh.V2_exvivo.label --trgsubject sub-v1s21x0050391_ses-1 --trglabel ./lh.V2_exvivo.label --hemi lh --regmethod surface 


srclabel = /out/sourcedata/freesurfer/fsaverage/label/lh.V2_exvivo.label
srcsubject = fsaverage
trgsubject = sub-v1s21x0050391_ses-1
trglabel = ./lh.V2_exvivo.label
regmethod = surface

srchemi = lh
trghemi = lh
trgsurface = white
srcsurfreg = sphere.reg
trgsurfreg = sphere.reg
usehash = 1
Use ProjAbs  = 0, 0
Use ProjFrac = 0, 0
DoPaint 0

SUBJECTS_DIR    /out/sourcedata/freesurfer
FREESURFER_HOME /opt/freesurfer
Loading source label.
Found 8114 points in source label.
Starting surface-based mapping
Reading source registration 
 /out/sourcedata/freesurfer/fsaverage/surf/lh.sphere.reg
Rescaling ...  original radius = 100
Reading target surface 
 /out/sourcedata/freesurfer/sub-v1s21x0050391_ses-1/surf/lh.white
Reading target registration 
 /out/sourcedata/freesurfer/sub-v1s21x0050391_ses-1/surf/lh.sphere.reg
Rescaling ...  original radius = 100
Building target registration hash (res=16).
Building source registration hash (res=16).
INFO: found  8114 nlabel points
Performing mapping from target back to the source label 149108
Number of reverse mapping hits = 2406
Checking for and removing duplicates
Writing label file ./lh.V2_exvivo.label 10520
mri_label2label: Done


 mri_label2label --srcsubject fsaverage --srclabel /out/sourcedata/freesurfer/fsaverage/label/lh.MT_exvivo.label --trgsubject sub-v1s21x0050391_ses-1 --trglabel ./lh.MT_exvivo.label --hemi lh --regmethod surface 


srclabel = /out/sourcedata/freesurfer/fsaverage/label/lh.MT_exvivo.label
srcsubject = fsaverage
trgsubject = sub-v1s21x0050391_ses-1
trglabel = ./lh.MT_exvivo.label
regmethod = surface

srchemi = lh
trghemi = lh
trgsurface = white
srcsurfreg = sphere.reg
trgsurfreg = sphere.reg
usehash = 1
Use ProjAbs  = 0, 0
Use ProjFrac = 0, 0
DoPaint 0

SUBJECTS_DIR    /out/sourcedata/freesurfer
FREESURFER_HOME /opt/freesurfer
Loading source label.
Found 2018 points in source label.
Starting surface-based mapping
Reading source registration 
 /out/sourcedata/freesurfer/fsaverage/surf/lh.sphere.reg
Rescaling ...  original radius = 100
Reading target surface 
 /out/sourcedata/freesurfer/sub-v1s21x0050391_ses-1/surf/lh.white
Reading target registration 
 /out/sourcedata/freesurfer/sub-v1s21x0050391_ses-1/surf/lh.sphere.reg
Rescaling ...  original radius = 100
Building target registration hash (res=16).
Building source registration hash (res=16).
INFO: found  2018 nlabel points
Performing mapping from target back to the source label 149108
Number of reverse mapping hits = 347
Checking for and removing duplicates
Writing label file ./lh.MT_exvivo.label 2365
mri_label2label: Done


 mri_label2label --srcsubject fsaverage --srclabel /out/sourcedata/freesurfer/fsaverage/label/lh.entorhinal_exvivo.label --trgsubject sub-v1s21x0050391_ses-1 --trglabel ./lh.entorhinal_exvivo.label --hemi lh --regmethod surface 


srclabel = /out/sourcedata/freesurfer/fsaverage/label/lh.entorhinal_exvivo.label
srcsubject = fsaverage
trgsubject = sub-v1s21x0050391_ses-1
trglabel = ./lh.entorhinal_exvivo.label
regmethod = surface

srchemi = lh
trghemi = lh
trgsurface = white
srcsurfreg = sphere.reg
trgsurfreg = sphere.reg
usehash = 1
Use ProjAbs  = 0, 0
Use ProjFrac = 0, 0
DoPaint 0

SUBJECTS_DIR    /out/sourcedata/freesurfer
FREESURFER_HOME /opt/freesurfer
Loading source label.
Found 1290 points in source label.
Starting surface-based mapping
Reading source registration 
 /out/sourcedata/freesurfer/fsaverage/surf/lh.sphere.reg
Rescaling ...  original radius = 100
Reading target surface 
 /out/sourcedata/freesurfer/sub-v1s21x0050391_ses-1/surf/lh.white
Reading target registration 
 /out/sourcedata/freesurfer/sub-v1s21x0050391_ses-1/surf/lh.sphere.reg
Rescaling ...  original radius = 100
Building target registration hash (res=16).
Building source registration hash (res=16).
INFO: found  1290 nlabel points
Performing mapping from target back to the source label 149108
Number of reverse mapping hits = 132
Checking for and removing duplicates
Writing label file ./lh.entorhinal_exvivo.label 1422
mri_label2label: Done


 mri_label2label --srcsubject fsaverage --srclabel /out/sourcedata/freesurfer/fsaverage/label/lh.perirhinal_exvivo.label --trgsubject sub-v1s21x0050391_ses-1 --trglabel ./lh.perirhinal_exvivo.label --hemi lh --regmethod surface 


srclabel = /out/sourcedata/freesurfer/fsaverage/label/lh.perirhinal_exvivo.label
srcsubject = fsaverage
trgsubject = sub-v1s21x0050391_ses-1
trglabel = ./lh.perirhinal_exvivo.label
regmethod = surface

srchemi = lh
trghemi = lh
trgsurface = white
srcsurfreg = sphere.reg
trgsurfreg = sphere.reg
usehash = 1
Use ProjAbs  = 0, 0
Use ProjFrac = 0, 0
DoPaint 0

SUBJECTS_DIR    /out/sourcedata/freesurfer
FREESURFER_HOME /opt/freesurfer
Loading source label.
Found 1199 points in source label.
Starting surface-based mapping
Reading source registration 
 /out/sourcedata/freesurfer/fsaverage/surf/lh.sphere.reg
Rescaling ...  original radius = 100
Reading target surface 
 /out/sourcedata/freesurfer/sub-v1s21x0050391_ses-1/surf/lh.white
Reading target registration 
 /out/sourcedata/freesurfer/sub-v1s21x0050391_ses-1/surf/lh.sphere.reg
Rescaling ...  original radius = 100
Building target registration hash (res=16).
Building source registration hash (res=16).
INFO: found  1199 nlabel points
Performing mapping from target back to the source label 149108
Number of reverse mapping hits = 90
Checking for and removing duplicates
Writing label file ./lh.perirhinal_exvivo.label 1289
mri_label2label: Done


 mri_label2label --srcsubject fsaverage --srclabel /out/sourcedata/freesurfer/fsaverage/label/lh.FG1.mpm.vpnl.label --trgsubject sub-v1s21x0050391_ses-1 --trglabel ./lh.FG1.mpm.vpnl.label --hemi lh --regmethod surface 


srclabel = /out/sourcedata/freesurfer/fsaverage/label/lh.FG1.mpm.vpnl.label
srcsubject = fsaverage
trgsubject = sub-v1s21x0050391_ses-1
trglabel = ./lh.FG1.mpm.vpnl.label
regmethod = surface

srchemi = lh
trghemi = lh
trgsurface = white
srcsurfreg = sphere.reg
trgsurfreg = sphere.reg
usehash = 1
Use ProjAbs  = 0, 0
Use ProjFrac = 0, 0
DoPaint 0

SUBJECTS_DIR    /out/sourcedata/freesurfer
FREESURFER_HOME /opt/freesurfer
Loading source label.
Found 414 points in source label.
Starting surface-based mapping
Reading source registration 
 /out/sourcedata/freesurfer/fsaverage/surf/lh.sphere.reg
Rescaling ...  original radius = 100
Reading target surface 
 /out/sourcedata/freesurfer/sub-v1s21x0050391_ses-1/surf/lh.white
Reading target registration 
 /out/sourcedata/freesurfer/sub-v1s21x0050391_ses-1/surf/lh.sphere.reg
Rescaling ...  original radius = 100
Building target registration hash (res=16).
Building source registration hash (res=16).
INFO: found  414 nlabel points
Performing mapping from target back to the source label 149108
Number of reverse mapping hits = 155
Checking for and removing duplicates
Writing label file ./lh.FG1.mpm.vpnl.label 569
mri_label2label: Done


 mri_label2label --srcsubject fsaverage --srclabel /out/sourcedata/freesurfer/fsaverage/label/lh.FG2.mpm.vpnl.label --trgsubject sub-v1s21x0050391_ses-1 --trglabel ./lh.FG2.mpm.vpnl.label --hemi lh --regmethod surface 


srclabel = /out/sourcedata/freesurfer/fsaverage/label/lh.FG2.mpm.vpnl.label
srcsubject = fsaverage
trgsubject = sub-v1s21x0050391_ses-1
trglabel = ./lh.FG2.mpm.vpnl.label
regmethod = surface

srchemi = lh
trghemi = lh
trgsurface = white
srcsurfreg = sphere.reg
trgsurfreg = sphere.reg
usehash = 1
Use ProjAbs  = 0, 0
Use ProjFrac = 0, 0
DoPaint 0

SUBJECTS_DIR    /out/sourcedata/freesurfer
FREESURFER_HOME /opt/freesurfer
Loading source label.
Found 703 points in source label.
Starting surface-based mapping
Reading source registration 
 /out/sourcedata/freesurfer/fsaverage/surf/lh.sphere.reg
Rescaling ...  original radius = 100
Reading target surface 
 /out/sourcedata/freesurfer/sub-v1s21x0050391_ses-1/surf/lh.white
Reading target registration 
 /out/sourcedata/freesurfer/sub-v1s21x0050391_ses-1/surf/lh.sphere.reg
Rescaling ...  original radius = 100
Building target registration hash (res=16).
Building source registration hash (res=16).
INFO: found  703 nlabel points
Performing mapping from target back to the source label 149108
Number of reverse mapping hits = 193
Checking for and removing duplicates
Writing label file ./lh.FG2.mpm.vpnl.label 896
mri_label2label: Done


 mri_label2label --srcsubject fsaverage --srclabel /out/sourcedata/freesurfer/fsaverage/label/lh.FG3.mpm.vpnl.label --trgsubject sub-v1s21x0050391_ses-1 --trglabel ./lh.FG3.mpm.vpnl.label --hemi lh --regmethod surface 


srclabel = /out/sourcedata/freesurfer/fsaverage/label/lh.FG3.mpm.vpnl.label
srcsubject = fsaverage
trgsubject = sub-v1s21x0050391_ses-1
trglabel = ./lh.FG3.mpm.vpnl.label
regmethod = surface

srchemi = lh
trghemi = lh
trgsurface = white
srcsurfreg = sphere.reg
trgsurfreg = sphere.reg
usehash = 1
Use ProjAbs  = 0, 0
Use ProjFrac = 0, 0
DoPaint 0

SUBJECTS_DIR    /out/sourcedata/freesurfer
FREESURFER_HOME /opt/freesurfer
Loading source label.
Found 1873 points in source label.
Starting surface-based mapping
Reading source registration 
 /out/sourcedata/freesurfer/fsaverage/surf/lh.sphere.reg
Rescaling ...  original radius = 100
Reading target surface 
 /out/sourcedata/freesurfer/sub-v1s21x0050391_ses-1/surf/lh.white
Reading target registration 
 /out/sourcedata/freesurfer/sub-v1s21x0050391_ses-1/surf/lh.sphere.reg
Rescaling ...  original radius = 100
Building target registration hash (res=16).
Building source registration hash (res=16).
INFO: found  1873 nlabel points
Performing mapping from target back to the source label 149108
Number of reverse mapping hits = 139
Checking for and removing duplicates
Writing label file ./lh.FG3.mpm.vpnl.label 2012
mri_label2label: Done


 mri_label2label --srcsubject fsaverage --srclabel /out/sourcedata/freesurfer/fsaverage/label/lh.FG4.mpm.vpnl.label --trgsubject sub-v1s21x0050391_ses-1 --trglabel ./lh.FG4.mpm.vpnl.label --hemi lh --regmethod surface 


srclabel = /out/sourcedata/freesurfer/fsaverage/label/lh.FG4.mpm.vpnl.label
srcsubject = fsaverage
trgsubject = sub-v1s21x0050391_ses-1
trglabel = ./lh.FG4.mpm.vpnl.label
regmethod = surface

srchemi = lh
trghemi = lh
trgsurface = white
srcsurfreg = sphere.reg
trgsurfreg = sphere.reg
usehash = 1
Use ProjAbs  = 0, 0
Use ProjFrac = 0, 0
DoPaint 0

SUBJECTS_DIR    /out/sourcedata/freesurfer
FREESURFER_HOME /opt/freesurfer
Loading source label.
Found 2101 points in source label.
Starting surface-based mapping
Reading source registration 
 /out/sourcedata/freesurfer/fsaverage/surf/lh.sphere.reg
Rescaling ...  original radius = 100
Reading target surface 
 /out/sourcedata/freesurfer/sub-v1s21x0050391_ses-1/surf/lh.white
Reading target registration 
 /out/sourcedata/freesurfer/sub-v1s21x0050391_ses-1/surf/lh.sphere.reg
Rescaling ...  original radius = 100
Building target registration hash (res=16).
Building source registration hash (res=16).
INFO: found  2101 nlabel points
Performing mapping from target back to the source label 149108
Number of reverse mapping hits = 699
Checking for and removing duplicates
Writing label file ./lh.FG4.mpm.vpnl.label 2800
mri_label2label: Done


 mri_label2label --srcsubject fsaverage --srclabel /out/sourcedata/freesurfer/fsaverage/label/lh.hOc1.mpm.vpnl.label --trgsubject sub-v1s21x0050391_ses-1 --trglabel ./lh.hOc1.mpm.vpnl.label --hemi lh --regmethod surface 


srclabel = /out/sourcedata/freesurfer/fsaverage/label/lh.hOc1.mpm.vpnl.label
srcsubject = fsaverage
trgsubject = sub-v1s21x0050391_ses-1
trglabel = ./lh.hOc1.mpm.vpnl.label
regmethod = surface

srchemi = lh
trghemi = lh
trgsurface = white
srcsurfreg = sphere.reg
trgsurfreg = sphere.reg
usehash = 1
Use ProjAbs  = 0, 0
Use ProjFrac = 0, 0
DoPaint 0

SUBJECTS_DIR    /out/sourcedata/freesurfer
FREESURFER_HOME /opt/freesurfer
Loading source label.
Found 3877 points in source label.
Starting surface-based mapping
Reading source registration 
 /out/sourcedata/freesurfer/fsaverage/surf/lh.sphere.reg
Rescaling ...  original radius = 100
Reading target surface 
 /out/sourcedata/freesurfer/sub-v1s21x0050391_ses-1/surf/lh.white
Reading target registration 
 /out/sourcedata/freesurfer/sub-v1s21x0050391_ses-1/surf/lh.sphere.reg
Rescaling ...  original radius = 100
Building target registration hash (res=16).
Building source registration hash (res=16).
INFO: found  3877 nlabel points
Performing mapping from target back to the source label 149108
Number of reverse mapping hits = 905
Checking for and removing duplicates
Writing label file ./lh.hOc1.mpm.vpnl.label 4782
mri_label2label: Done


 mri_label2label --srcsubject fsaverage --srclabel /out/sourcedata/freesurfer/fsaverage/label/lh.hOc2.mpm.vpnl.label --trgsubject sub-v1s21x0050391_ses-1 --trglabel ./lh.hOc2.mpm.vpnl.label --hemi lh --regmethod surface 


srclabel = /out/sourcedata/freesurfer/fsaverage/label/lh.hOc2.mpm.vpnl.label
srcsubject = fsaverage
trgsubject = sub-v1s21x0050391_ses-1
trglabel = ./lh.hOc2.mpm.vpnl.label
regmethod = surface

srchemi = lh
trghemi = lh
trgsurface = white
srcsurfreg = sphere.reg
trgsurfreg = sphere.reg
usehash = 1
Use ProjAbs  = 0, 0
Use ProjFrac = 0, 0
DoPaint 0

SUBJECTS_DIR    /out/sourcedata/freesurfer
FREESURFER_HOME /opt/freesurfer
Loading source label.
Found 2919 points in source label.
Starting surface-based mapping
Reading source registration 
 /out/sourcedata/freesurfer/fsaverage/surf/lh.sphere.reg
Rescaling ...  original radius = 100
Reading target surface 
 /out/sourcedata/freesurfer/sub-v1s21x0050391_ses-1/surf/lh.white
Reading target registration 
 /out/sourcedata/freesurfer/sub-v1s21x0050391_ses-1/surf/lh.sphere.reg
Rescaling ...  original radius = 100
Building target registration hash (res=16).
Building source registration hash (res=16).
INFO: found  2919 nlabel points
Performing mapping from target back to the source label 149108
Number of reverse mapping hits = 1062
Checking for and removing duplicates
Writing label file ./lh.hOc2.mpm.vpnl.label 3981
mri_label2label: Done


 mri_label2label --srcsubject fsaverage --srclabel /out/sourcedata/freesurfer/fsaverage/label/lh.hOc3v.mpm.vpnl.label --trgsubject sub-v1s21x0050391_ses-1 --trglabel ./lh.hOc3v.mpm.vpnl.label --hemi lh --regmethod surface 


srclabel = /out/sourcedata/freesurfer/fsaverage/label/lh.hOc3v.mpm.vpnl.label
srcsubject = fsaverage
trgsubject = sub-v1s21x0050391_ses-1
trglabel = ./lh.hOc3v.mpm.vpnl.label
regmethod = surface

srchemi = lh
trghemi = lh
trgsurface = white
srcsurfreg = sphere.reg
trgsurfreg = sphere.reg
usehash = 1
Use ProjAbs  = 0, 0
Use ProjFrac = 0, 0
DoPaint 0

SUBJECTS_DIR    /out/sourcedata/freesurfer
FREESURFER_HOME /opt/freesurfer
Loading source label.
Found 1286 points in source label.
Starting surface-based mapping
Reading source registration 
 /out/sourcedata/freesurfer/fsaverage/surf/lh.sphere.reg
Rescaling ...  original radius = 100
Reading target surface 
 /out/sourcedata/freesurfer/sub-v1s21x0050391_ses-1/surf/lh.white
Reading target registration 
 /out/sourcedata/freesurfer/sub-v1s21x0050391_ses-1/surf/lh.sphere.reg
Rescaling ...  original radius = 100
Building target registration hash (res=16).
Building source registration hash (res=16).
INFO: found  1286 nlabel points
Performing mapping from target back to the source label 149108
Number of reverse mapping hits = 500
Checking for and removing duplicates
Writing label file ./lh.hOc3v.mpm.vpnl.label 1786
mri_label2label: Done


 mri_label2label --srcsubject fsaverage --srclabel /out/sourcedata/freesurfer/fsaverage/label/lh.hOc4v.mpm.vpnl.label --trgsubject sub-v1s21x0050391_ses-1 --trglabel ./lh.hOc4v.mpm.vpnl.label --hemi lh --regmethod surface 


srclabel = /out/sourcedata/freesurfer/fsaverage/label/lh.hOc4v.mpm.vpnl.label
srcsubject = fsaverage
trgsubject = sub-v1s21x0050391_ses-1
trglabel = ./lh.hOc4v.mpm.vpnl.label
regmethod = surface

srchemi = lh
trghemi = lh
trgsurface = white
srcsurfreg = sphere.reg
trgsurfreg = sphere.reg
usehash = 1
Use ProjAbs  = 0, 0
Use ProjFrac = 0, 0
DoPaint 0

SUBJECTS_DIR    /out/sourcedata/freesurfer
FREESURFER_HOME /opt/freesurfer
Loading source label.
Found 1006 points in source label.
Starting surface-based mapping
Reading source registration 
 /out/sourcedata/freesurfer/fsaverage/surf/lh.sphere.reg
Rescaling ...  original radius = 100
Reading target surface 
 /out/sourcedata/freesurfer/sub-v1s21x0050391_ses-1/surf/lh.white
Reading target registration 
 /out/sourcedata/freesurfer/sub-v1s21x0050391_ses-1/surf/lh.sphere.reg
Rescaling ...  original radius = 100
Building target registration hash (res=16).
Building source registration hash (res=16).
INFO: found  1006 nlabel points
Performing mapping from target back to the source label 149108
Number of reverse mapping hits = 369
Checking for and removing duplicates
Writing label file ./lh.hOc4v.mpm.vpnl.label 1375
mri_label2label: Done


 mris_label2annot --s sub-v1s21x0050391_ses-1 --ctab /opt/freesurfer/average/colortable_vpnl.txt --hemi lh --a mpm.vpnl --maxstatwinner --noverbose --l lh.FG1.mpm.vpnl.label --l lh.FG2.mpm.vpnl.label --l lh.FG3.mpm.vpnl.label --l lh.FG4.mpm.vpnl.label --l lh.hOc1.mpm.vpnl.label --l lh.hOc2.mpm.vpnl.label --l lh.hOc3v.mpm.vpnl.label --l lh.hOc4v.mpm.vpnl.label 

Reading ctab /opt/freesurfer/average/colortable_vpnl.txt
Number of ctab entries 9

7.3.2
cwd /out/sourcedata/freesurfer/sub-v1s21x0050391_ses-1/label
cmdline mris_label2annot --s sub-v1s21x0050391_ses-1 --ctab /opt/freesurfer/average/colortable_vpnl.txt --hemi lh --a mpm.vpnl --maxstatwinner --noverbose --l lh.FG1.mpm.vpnl.label --l lh.FG2.mpm.vpnl.label --l lh.FG3.mpm.vpnl.label --l lh.FG4.mpm.vpnl.label --l lh.hOc1.mpm.vpnl.label --l lh.hOc2.mpm.vpnl.label --l lh.hOc3v.mpm.vpnl.label --l lh.hOc4v.mpm.vpnl.label 
sysname  Linux
hostname dna074
machine  x86_64
user     oesteban

subject sub-v1s21x0050391_ses-1
hemi    lh
SUBJECTS_DIR /out/sourcedata/freesurfer
ColorTable /opt/freesurfer/average/colortable_vpnl.txt
AnnotName  mpm.vpnl
nlables 8
LabelThresh 0 0.000000
Loading /out/sourcedata/freesurfer/sub-v1s21x0050391_ses-1/surf/lh.orig
 1 1376057 FG1
 2 16711935 FG2
 3 16711680 FG3
 4 1705837 FG4
 5 25600 hOc1
 6 255 hOc2
 7 16776960 hOc3v
 8 65535 hOc4v
Mapping unhit to unknown
Found 132616 unhit vertices
Writing annot to /out/sourcedata/freesurfer/sub-v1s21x0050391_ses-1/label/lh.mpm.vpnl.annot

 mri_label2label --srcsubject fsaverage --srclabel /out/sourcedata/freesurfer/fsaverage/label/lh.BA1_exvivo.thresh.label --trgsubject sub-v1s21x0050391_ses-1 --trglabel ./lh.BA1_exvivo.thresh.label --hemi lh --regmethod surface 


srclabel = /out/sourcedata/freesurfer/fsaverage/label/lh.BA1_exvivo.thresh.label
srcsubject = fsaverage
trgsubject = sub-v1s21x0050391_ses-1
trglabel = ./lh.BA1_exvivo.thresh.label
regmethod = surface

srchemi = lh
trghemi = lh
trgsurface = white
srcsurfreg = sphere.reg
trgsurfreg = sphere.reg
usehash = 1
Use ProjAbs  = 0, 0
Use ProjFrac = 0, 0
DoPaint 0

SUBJECTS_DIR    /out/sourcedata/freesurfer
FREESURFER_HOME /opt/freesurfer
Loading source label.
Found 1014 points in source label.
Starting surface-based mapping
Reading source registration 
 /out/sourcedata/freesurfer/fsaverage/surf/lh.sphere.reg
Rescaling ...  original radius = 100
Reading target surface 
 /out/sourcedata/freesurfer/sub-v1s21x0050391_ses-1/surf/lh.white
Reading target registration 
 /out/sourcedata/freesurfer/sub-v1s21x0050391_ses-1/surf/lh.sphere.reg
Rescaling ...  original radius = 100
Building target registration hash (res=16).
Building source registration hash (res=16).
INFO: found  1014 nlabel points
Performing mapping from target back to the source label 149108
Number of reverse mapping hits = 43
Checking for and removing duplicates
Writing label file ./lh.BA1_exvivo.thresh.label 1057
mri_label2label: Done


 mri_label2label --srcsubject fsaverage --srclabel /out/sourcedata/freesurfer/fsaverage/label/lh.BA2_exvivo.thresh.label --trgsubject sub-v1s21x0050391_ses-1 --trglabel ./lh.BA2_exvivo.thresh.label --hemi lh --regmethod surface 


srclabel = /out/sourcedata/freesurfer/fsaverage/label/lh.BA2_exvivo.thresh.label
srcsubject = fsaverage
trgsubject = sub-v1s21x0050391_ses-1
trglabel = ./lh.BA2_exvivo.thresh.label
regmethod = surface

srchemi = lh
trghemi = lh
trgsurface = white
srcsurfreg = sphere.reg
trgsurfreg = sphere.reg
usehash = 1
Use ProjAbs  = 0, 0
Use ProjFrac = 0, 0
DoPaint 0

SUBJECTS_DIR    /out/sourcedata/freesurfer
FREESURFER_HOME /opt/freesurfer
Loading source label.
Found 2092 points in source label.
Starting surface-based mapping
Reading source registration 
 /out/sourcedata/freesurfer/fsaverage/surf/lh.sphere.reg
Rescaling ...  original radius = 100
Reading target surface 
 /out/sourcedata/freesurfer/sub-v1s21x0050391_ses-1/surf/lh.white
Reading target registration 
 /out/sourcedata/freesurfer/sub-v1s21x0050391_ses-1/surf/lh.sphere.reg
Rescaling ...  original radius = 100
Building target registration hash (res=16).
Building source registration hash (res=16).
INFO: found  2092 nlabel points
Performing mapping from target back to the source label 149108
Number of reverse mapping hits = 79
Checking for and removing duplicates
Writing label file ./lh.BA2_exvivo.thresh.label 2171
mri_label2label: Done


 mri_label2label --srcsubject fsaverage --srclabel /out/sourcedata/freesurfer/fsaverage/label/lh.BA3a_exvivo.thresh.label --trgsubject sub-v1s21x0050391_ses-1 --trglabel ./lh.BA3a_exvivo.thresh.label --hemi lh --regmethod surface 


srclabel = /out/sourcedata/freesurfer/fsaverage/label/lh.BA3a_exvivo.thresh.label
srcsubject = fsaverage
trgsubject = sub-v1s21x0050391_ses-1
trglabel = ./lh.BA3a_exvivo.thresh.label
regmethod = surface

srchemi = lh
trghemi = lh
trgsurface = white
srcsurfreg = sphere.reg
trgsurfreg = sphere.reg
usehash = 1
Use ProjAbs  = 0, 0
Use ProjFrac = 0, 0
DoPaint 0

SUBJECTS_DIR    /out/sourcedata/freesurfer
FREESURFER_HOME /opt/freesurfer
Loading source label.
Found 1504 points in source label.
Starting surface-based mapping
Reading source registration 
 /out/sourcedata/freesurfer/fsaverage/surf/lh.sphere.reg
Rescaling ...  original radius = 100
Reading target surface 
 /out/sourcedata/freesurfer/sub-v1s21x0050391_ses-1/surf/lh.white
Reading target registration 
 /out/sourcedata/freesurfer/sub-v1s21x0050391_ses-1/surf/lh.sphere.reg
Rescaling ...  original radius = 100
Building target registration hash (res=16).
Building source registration hash (res=16).
INFO: found  1504 nlabel points
Performing mapping from target back to the source label 149108
Number of reverse mapping hits = 36
Checking for and removing duplicates
Writing label file ./lh.BA3a_exvivo.thresh.label 1540
mri_label2label: Done


 mri_label2label --srcsubject fsaverage --srclabel /out/sourcedata/freesurfer/fsaverage/label/lh.BA3b_exvivo.thresh.label --trgsubject sub-v1s21x0050391_ses-1 --trglabel ./lh.BA3b_exvivo.thresh.label --hemi lh --regmethod surface 


srclabel = /out/sourcedata/freesurfer/fsaverage/label/lh.BA3b_exvivo.thresh.label
srcsubject = fsaverage
trgsubject = sub-v1s21x0050391_ses-1
trglabel = ./lh.BA3b_exvivo.thresh.label
regmethod = surface

srchemi = lh
trghemi = lh
trgsurface = white
srcsurfreg = sphere.reg
trgsurfreg = sphere.reg
usehash = 1
Use ProjAbs  = 0, 0
Use ProjFrac = 0, 0
DoPaint 0

SUBJECTS_DIR    /out/sourcedata/freesurfer
FREESURFER_HOME /opt/freesurfer
Loading source label.
Found 1996 points in source label.
Starting surface-based mapping
Reading source registration 
 /out/sourcedata/freesurfer/fsaverage/surf/lh.sphere.reg
Rescaling ...  original radius = 100
Reading target surface 
 /out/sourcedata/freesurfer/sub-v1s21x0050391_ses-1/surf/lh.white
Reading target registration 
 /out/sourcedata/freesurfer/sub-v1s21x0050391_ses-1/surf/lh.sphere.reg
Rescaling ...  original radius = 100
Building target registration hash (res=16).
Building source registration hash (res=16).
INFO: found  1996 nlabel points
Performing mapping from target back to the source label 149108
Number of reverse mapping hits = 83
Checking for and removing duplicates
Writing label file ./lh.BA3b_exvivo.thresh.label 2079
mri_label2label: Done


 mri_label2label --srcsubject fsaverage --srclabel /out/sourcedata/freesurfer/fsaverage/label/lh.BA4a_exvivo.thresh.label --trgsubject sub-v1s21x0050391_ses-1 --trglabel ./lh.BA4a_exvivo.thresh.label --hemi lh --regmethod surface 


srclabel = /out/sourcedata/freesurfer/fsaverage/label/lh.BA4a_exvivo.thresh.label
srcsubject = fsaverage
trgsubject = sub-v1s21x0050391_ses-1
trglabel = ./lh.BA4a_exvivo.thresh.label
regmethod = surface

srchemi = lh
trghemi = lh
trgsurface = white
srcsurfreg = sphere.reg
trgsurfreg = sphere.reg
usehash = 1
Use ProjAbs  = 0, 0
Use ProjFrac = 0, 0
DoPaint 0

SUBJECTS_DIR    /out/sourcedata/freesurfer
FREESURFER_HOME /opt/freesurfer
Loading source label.
Found 2319 points in source label.
Starting surface-based mapping
Reading source registration 
 /out/sourcedata/freesurfer/fsaverage/surf/lh.sphere.reg
Rescaling ...  original radius = 100
Reading target surface 
 /out/sourcedata/freesurfer/sub-v1s21x0050391_ses-1/surf/lh.white
Reading target registration 
 /out/sourcedata/freesurfer/sub-v1s21x0050391_ses-1/surf/lh.sphere.reg
Rescaling ...  original radius = 100
Building target registration hash (res=16).
Building source registration hash (res=16).
INFO: found  2319 nlabel points
Performing mapping from target back to the source label 149108
Number of reverse mapping hits = 170
Checking for and removing duplicates
Writing label file ./lh.BA4a_exvivo.thresh.label 2489
mri_label2label: Done


 mri_label2label --srcsubject fsaverage --srclabel /out/sourcedata/freesurfer/fsaverage/label/lh.BA4p_exvivo.thresh.label --trgsubject sub-v1s21x0050391_ses-1 --trglabel ./lh.BA4p_exvivo.thresh.label --hemi lh --regmethod surface 


srclabel = /out/sourcedata/freesurfer/fsaverage/label/lh.BA4p_exvivo.thresh.label
srcsubject = fsaverage
trgsubject = sub-v1s21x0050391_ses-1
trglabel = ./lh.BA4p_exvivo.thresh.label
regmethod = surface

srchemi = lh
trghemi = lh
trgsurface = white
srcsurfreg = sphere.reg
trgsurfreg = sphere.reg
usehash = 1
Use ProjAbs  = 0, 0
Use ProjFrac = 0, 0
DoPaint 0

SUBJECTS_DIR    /out/sourcedata/freesurfer
FREESURFER_HOME /opt/freesurfer
Loading source label.
Found 1549 points in source label.
Starting surface-based mapping
Reading source registration 
 /out/sourcedata/freesurfer/fsaverage/surf/lh.sphere.reg
Rescaling ...  original radius = 100
Reading target surface 
 /out/sourcedata/freesurfer/sub-v1s21x0050391_ses-1/surf/lh.white
Reading target registration 
 /out/sourcedata/freesurfer/sub-v1s21x0050391_ses-1/surf/lh.sphere.reg
Rescaling ...  original radius = 100
Building target registration hash (res=16).
Building source registration hash (res=16).
INFO: found  1549 nlabel points
Performing mapping from target back to the source label 149108
Number of reverse mapping hits = 14
Checking for and removing duplicates
Writing label file ./lh.BA4p_exvivo.thresh.label 1563
mri_label2label: Done


 mri_label2label --srcsubject fsaverage --srclabel /out/sourcedata/freesurfer/fsaverage/label/lh.BA6_exvivo.thresh.label --trgsubject sub-v1s21x0050391_ses-1 --trglabel ./lh.BA6_exvivo.thresh.label --hemi lh --regmethod surface 


srclabel = /out/sourcedata/freesurfer/fsaverage/label/lh.BA6_exvivo.thresh.label
srcsubject = fsaverage
trgsubject = sub-v1s21x0050391_ses-1
trglabel = ./lh.BA6_exvivo.thresh.label
regmethod = surface

srchemi = lh
trghemi = lh
trgsurface = white
srcsurfreg = sphere.reg
trgsurfreg = sphere.reg
usehash = 1
Use ProjAbs  = 0, 0
Use ProjFrac = 0, 0
DoPaint 0

SUBJECTS_DIR    /out/sourcedata/freesurfer
FREESURFER_HOME /opt/freesurfer
Loading source label.
Found 7035 points in source label.
Starting surface-based mapping
Reading source registration 
 /out/sourcedata/freesurfer/fsaverage/surf/lh.sphere.reg
Rescaling ...  original radius = 100
Reading target surface 
 /out/sourcedata/freesurfer/sub-v1s21x0050391_ses-1/surf/lh.white
Reading target registration 
 /out/sourcedata/freesurfer/sub-v1s21x0050391_ses-1/surf/lh.sphere.reg
Rescaling ...  original radius = 100
Building target registration hash (res=16).
Building source registration hash (res=16).
INFO: found  7035 nlabel points
Performing mapping from target back to the source label 149108
Number of reverse mapping hits = 680
Checking for and removing duplicates
Writing label file ./lh.BA6_exvivo.thresh.label 7715
mri_label2label: Done


 mri_label2label --srcsubject fsaverage --srclabel /out/sourcedata/freesurfer/fsaverage/label/lh.BA44_exvivo.thresh.label --trgsubject sub-v1s21x0050391_ses-1 --trglabel ./lh.BA44_exvivo.thresh.label --hemi lh --regmethod surface 


srclabel = /out/sourcedata/freesurfer/fsaverage/label/lh.BA44_exvivo.thresh.label
srcsubject = fsaverage
trgsubject = sub-v1s21x0050391_ses-1
trglabel = ./lh.BA44_exvivo.thresh.label
regmethod = surface

srchemi = lh
trghemi = lh
trgsurface = white
srcsurfreg = sphere.reg
trgsurfreg = sphere.reg
usehash = 1
Use ProjAbs  = 0, 0
Use ProjFrac = 0, 0
DoPaint 0

SUBJECTS_DIR    /out/sourcedata/freesurfer
FREESURFER_HOME /opt/freesurfer
Loading source label.
Found 1912 points in source label.
Starting surface-based mapping
Reading source registration 
 /out/sourcedata/freesurfer/fsaverage/surf/lh.sphere.reg
Rescaling ...  original radius = 100
Reading target surface 
 /out/sourcedata/freesurfer/sub-v1s21x0050391_ses-1/surf/lh.white
Reading target registration 
 /out/sourcedata/freesurfer/sub-v1s21x0050391_ses-1/surf/lh.sphere.reg
Rescaling ...  original radius = 100
Building target registration hash (res=16).
Building source registration hash (res=16).
INFO: found  1912 nlabel points
Performing mapping from target back to the source label 149108
Number of reverse mapping hits = 59
Checking for and removing duplicates
Writing label file ./lh.BA44_exvivo.thresh.label 1971
mri_label2label: Done


 mri_label2label --srcsubject fsaverage --srclabel /out/sourcedata/freesurfer/fsaverage/label/lh.BA45_exvivo.thresh.label --trgsubject sub-v1s21x0050391_ses-1 --trglabel ./lh.BA45_exvivo.thresh.label --hemi lh --regmethod surface 


srclabel = /out/sourcedata/freesurfer/fsaverage/label/lh.BA45_exvivo.thresh.label
srcsubject = fsaverage
trgsubject = sub-v1s21x0050391_ses-1
trglabel = ./lh.BA45_exvivo.thresh.label
regmethod = surface

srchemi = lh
trghemi = lh
trgsurface = white
srcsurfreg = sphere.reg
trgsurfreg = sphere.reg
usehash = 1
Use ProjAbs  = 0, 0
Use ProjFrac = 0, 0
DoPaint 0

SUBJECTS_DIR    /out/sourcedata/freesurfer
FREESURFER_HOME /opt/freesurfer
Loading source label.
Found 1151 points in source label.
Starting surface-based mapping
Reading source registration 
 /out/sourcedata/freesurfer/fsaverage/surf/lh.sphere.reg
Rescaling ...  original radius = 100
Reading target surface 
 /out/sourcedata/freesurfer/sub-v1s21x0050391_ses-1/surf/lh.white
Reading target registration 
 /out/sourcedata/freesurfer/sub-v1s21x0050391_ses-1/surf/lh.sphere.reg
Rescaling ...  original radius = 100
Building target registration hash (res=16).
Building source registration hash (res=16).
INFO: found  1151 nlabel points
Performing mapping from target back to the source label 149108
Number of reverse mapping hits = 336
Checking for and removing duplicates
Writing label file ./lh.BA45_exvivo.thresh.label 1487
mri_label2label: Done


 mri_label2label --srcsubject fsaverage --srclabel /out/sourcedata/freesurfer/fsaverage/label/lh.V1_exvivo.thresh.label --trgsubject sub-v1s21x0050391_ses-1 --trglabel ./lh.V1_exvivo.thresh.label --hemi lh --regmethod surface 


srclabel = /out/sourcedata/freesurfer/fsaverage/label/lh.V1_exvivo.thresh.label
srcsubject = fsaverage
trgsubject = sub-v1s21x0050391_ses-1
trglabel = ./lh.V1_exvivo.thresh.label
regmethod = surface

srchemi = lh
trghemi = lh
trgsurface = white
srcsurfreg = sphere.reg
trgsurfreg = sphere.reg
usehash = 1
Use ProjAbs  = 0, 0
Use ProjFrac = 0, 0
DoPaint 0

SUBJECTS_DIR    /out/sourcedata/freesurfer
FREESURFER_HOME /opt/freesurfer
Loading source label.
Found 3405 points in source label.
Starting surface-based mapping
Reading source registration 
 /out/sourcedata/freesurfer/fsaverage/surf/lh.sphere.reg
Rescaling ...  original radius = 100
Reading target surface 
 /out/sourcedata/freesurfer/sub-v1s21x0050391_ses-1/surf/lh.white
Reading target registration 
 /out/sourcedata/freesurfer/sub-v1s21x0050391_ses-1/surf/lh.sphere.reg
Rescaling ...  original radius = 100
Building target registration hash (res=16).
Building source registration hash (res=16).
INFO: found  3405 nlabel points
Performing mapping from target back to the source label 149108
Number of reverse mapping hits = 856
Checking for and removing duplicates
Writing label file ./lh.V1_exvivo.thresh.label 4261
mri_label2label: Done


 mri_label2label --srcsubject fsaverage --srclabel /out/sourcedata/freesurfer/fsaverage/label/lh.V2_exvivo.thresh.label --trgsubject sub-v1s21x0050391_ses-1 --trglabel ./lh.V2_exvivo.thresh.label --hemi lh --regmethod surface 


srclabel = /out/sourcedata/freesurfer/fsaverage/label/lh.V2_exvivo.thresh.label
srcsubject = fsaverage
trgsubject = sub-v1s21x0050391_ses-1
trglabel = ./lh.V2_exvivo.thresh.label
regmethod = surface

srchemi = lh
trghemi = lh
trgsurface = white
srcsurfreg = sphere.reg
trgsurfreg = sphere.reg
usehash = 1
Use ProjAbs  = 0, 0
Use ProjFrac = 0, 0
DoPaint 0

SUBJECTS_DIR    /out/sourcedata/freesurfer
FREESURFER_HOME /opt/freesurfer
Loading source label.
Found 3334 points in source label.
Starting surface-based mapping
Reading source registration 
 /out/sourcedata/freesurfer/fsaverage/surf/lh.sphere.reg
Rescaling ...  original radius = 100
Reading target surface 
 /out/sourcedata/freesurfer/sub-v1s21x0050391_ses-1/surf/lh.white
Reading target registration 
 /out/sourcedata/freesurfer/sub-v1s21x0050391_ses-1/surf/lh.sphere.reg
Rescaling ...  original radius = 100
Building target registration hash (res=16).
Building source registration hash (res=16).
INFO: found  3334 nlabel points
Performing mapping from target back to the source label 149108
Number of reverse mapping hits = 1120
Checking for and removing duplicates
Writing label file ./lh.V2_exvivo.thresh.label 4454
mri_label2label: Done


 mri_label2label --srcsubject fsaverage --srclabel /out/sourcedata/freesurfer/fsaverage/label/lh.MT_exvivo.thresh.label --trgsubject sub-v1s21x0050391_ses-1 --trglabel ./lh.MT_exvivo.thresh.label --hemi lh --regmethod surface 


srclabel = /out/sourcedata/freesurfer/fsaverage/label/lh.MT_exvivo.thresh.label
srcsubject = fsaverage
trgsubject = sub-v1s21x0050391_ses-1
trglabel = ./lh.MT_exvivo.thresh.label
regmethod = surface

srchemi = lh
trghemi = lh
trgsurface = white
srcsurfreg = sphere.reg
trgsurfreg = sphere.reg
usehash = 1
Use ProjAbs  = 0, 0
Use ProjFrac = 0, 0
DoPaint 0

SUBJECTS_DIR    /out/sourcedata/freesurfer
FREESURFER_HOME /opt/freesurfer
Loading source label.
Found 513 points in source label.
Starting surface-based mapping
Reading source registration 
 /out/sourcedata/freesurfer/fsaverage/surf/lh.sphere.reg
Rescaling ...  original radius = 100
Reading target surface 
 /out/sourcedata/freesurfer/sub-v1s21x0050391_ses-1/surf/lh.white
Reading target registration 
 /out/sourcedata/freesurfer/sub-v1s21x0050391_ses-1/surf/lh.sphere.reg
Rescaling ...  original radius = 100
Building target registration hash (res=16).
Building source registration hash (res=16).
INFO: found  513 nlabel points
Performing mapping from target back to the source label 149108
Number of reverse mapping hits = 82
Checking for and removing duplicates
Writing label file ./lh.MT_exvivo.thresh.label 595
mri_label2label: Done


 mri_label2label --srcsubject fsaverage --srclabel /out/sourcedata/freesurfer/fsaverage/label/lh.entorhinal_exvivo.thresh.label --trgsubject sub-v1s21x0050391_ses-1 --trglabel ./lh.entorhinal_exvivo.thresh.label --hemi lh --regmethod surface 


srclabel = /out/sourcedata/freesurfer/fsaverage/label/lh.entorhinal_exvivo.thresh.label
srcsubject = fsaverage
trgsubject = sub-v1s21x0050391_ses-1
trglabel = ./lh.entorhinal_exvivo.thresh.label
regmethod = surface

srchemi = lh
trghemi = lh
trgsurface = white
srcsurfreg = sphere.reg
trgsurfreg = sphere.reg
usehash = 1
Use ProjAbs  = 0, 0
Use ProjFrac = 0, 0
DoPaint 0

SUBJECTS_DIR    /out/sourcedata/freesurfer
FREESURFER_HOME /opt/freesurfer
Loading source label.
Found 470 points in source label.
Starting surface-based mapping
Reading source registration 
 /out/sourcedata/freesurfer/fsaverage/surf/lh.sphere.reg
Rescaling ...  original radius = 100
Reading target surface 
 /out/sourcedata/freesurfer/sub-v1s21x0050391_ses-1/surf/lh.white
Reading target registration 
 /out/sourcedata/freesurfer/sub-v1s21x0050391_ses-1/surf/lh.sphere.reg
Rescaling ...  original radius = 100
Building target registration hash (res=16).
Building source registration hash (res=16).
INFO: found  470 nlabel points
Performing mapping from target back to the source label 149108
Number of reverse mapping hits = 57
Checking for and removing duplicates
Writing label file ./lh.entorhinal_exvivo.thresh.label 527
mri_label2label: Done


 mri_label2label --srcsubject fsaverage --srclabel /out/sourcedata/freesurfer/fsaverage/label/lh.perirhinal_exvivo.thresh.label --trgsubject sub-v1s21x0050391_ses-1 --trglabel ./lh.perirhinal_exvivo.thresh.label --hemi lh --regmethod surface 


srclabel = /out/sourcedata/freesurfer/fsaverage/label/lh.perirhinal_exvivo.thresh.label
srcsubject = fsaverage
trgsubject = sub-v1s21x0050391_ses-1
trglabel = ./lh.perirhinal_exvivo.thresh.label
regmethod = surface

srchemi = lh
trghemi = lh
trgsurface = white
srcsurfreg = sphere.reg
trgsurfreg = sphere.reg
usehash = 1
Use ProjAbs  = 0, 0
Use ProjFrac = 0, 0
DoPaint 0

SUBJECTS_DIR    /out/sourcedata/freesurfer
FREESURFER_HOME /opt/freesurfer
Loading source label.
Found 450 points in source label.
Starting surface-based mapping
Reading source registration 
 /out/sourcedata/freesurfer/fsaverage/surf/lh.sphere.reg
Rescaling ...  original radius = 100
Reading target surface 
 /out/sourcedata/freesurfer/sub-v1s21x0050391_ses-1/surf/lh.white
Reading target registration 
 /out/sourcedata/freesurfer/sub-v1s21x0050391_ses-1/surf/lh.sphere.reg
Rescaling ...  original radius = 100
Building target registration hash (res=16).
Building source registration hash (res=16).
INFO: found  450 nlabel points
Performing mapping from target back to the source label 149108
Number of reverse mapping hits = 52
Checking for and removing duplicates
Writing label file ./lh.perirhinal_exvivo.thresh.label 502
mri_label2label: Done


 mris_label2annot --s sub-v1s21x0050391_ses-1 --hemi lh --ctab /opt/freesurfer/average/colortable_BA.txt --l lh.BA1_exvivo.label --l lh.BA2_exvivo.label --l lh.BA3a_exvivo.label --l lh.BA3b_exvivo.label --l lh.BA4a_exvivo.label --l lh.BA4p_exvivo.label --l lh.BA6_exvivo.label --l lh.BA44_exvivo.label --l lh.BA45_exvivo.label --l lh.V1_exvivo.label --l lh.V2_exvivo.label --l lh.MT_exvivo.label --l lh.perirhinal_exvivo.label --l lh.entorhinal_exvivo.label --a BA_exvivo --maxstatwinner --noverbose 

Reading ctab /opt/freesurfer/average/colortable_BA.txt
Number of ctab entries 15

7.3.2
cwd /out/sourcedata/freesurfer/sub-v1s21x0050391_ses-1/label
cmdline mris_label2annot --s sub-v1s21x0050391_ses-1 --hemi lh --ctab /opt/freesurfer/average/colortable_BA.txt --l lh.BA1_exvivo.label --l lh.BA2_exvivo.label --l lh.BA3a_exvivo.label --l lh.BA3b_exvivo.label --l lh.BA4a_exvivo.label --l lh.BA4p_exvivo.label --l lh.BA6_exvivo.label --l lh.BA44_exvivo.label --l lh.BA45_exvivo.label --l lh.V1_exvivo.label --l lh.V2_exvivo.label --l lh.MT_exvivo.label --l lh.perirhinal_exvivo.label --l lh.entorhinal_exvivo.label --a BA_exvivo --maxstatwinner --noverbose 
sysname  Linux
hostname dna074
machine  x86_64
user     oesteban

subject sub-v1s21x0050391_ses-1
hemi    lh
SUBJECTS_DIR /out/sourcedata/freesurfer
ColorTable /opt/freesurfer/average/colortable_BA.txt
AnnotName  BA_exvivo
nlables 14
LabelThresh 0 0.000000
Loading /out/sourcedata/freesurfer/sub-v1s21x0050391_ses-1/surf/lh.orig
 1 1530880 BA1_exvivo
 2 16749699 BA2_exvivo
 3 16711680 BA3a_exvivo
 4 3368703 BA3b_exvivo
 5 1376196 BA4a_exvivo
 6 13382655 BA4p_exvivo
 7 10036737 BA6_exvivo
 8 2490521 BA44_exvivo
 9 39283 BA45_exvivo
10 3993 V1_exvivo
11 8508928 V2_exvivo
12 10027163 MT_exvivo
13 16422433 perirhinal_exvivo
14 16392598 entorhinal_exvivo
Mapping unhit to unknown
Found 104960 unhit vertices
Writing annot to /out/sourcedata/freesurfer/sub-v1s21x0050391_ses-1/label/lh.BA_exvivo.annot

 mris_label2annot --s sub-v1s21x0050391_ses-1 --hemi lh --ctab /opt/freesurfer/average/colortable_BA.txt --l lh.BA1_exvivo.thresh.label --l lh.BA2_exvivo.thresh.label --l lh.BA3a_exvivo.thresh.label --l lh.BA3b_exvivo.thresh.label --l lh.BA4a_exvivo.thresh.label --l lh.BA4p_exvivo.thresh.label --l lh.BA6_exvivo.thresh.label --l lh.BA44_exvivo.thresh.label --l lh.BA45_exvivo.thresh.label --l lh.V1_exvivo.thresh.label --l lh.V2_exvivo.thresh.label --l lh.MT_exvivo.thresh.label --l lh.perirhinal_exvivo.thresh.label --l lh.entorhinal_exvivo.thresh.label --a BA_exvivo.thresh --maxstatwinner --noverbose 

Reading ctab /opt/freesurfer/average/colortable_BA.txt
Number of ctab entries 15

7.3.2
cwd /out/sourcedata/freesurfer/sub-v1s21x0050391_ses-1/label
cmdline mris_label2annot --s sub-v1s21x0050391_ses-1 --hemi lh --ctab /opt/freesurfer/average/colortable_BA.txt --l lh.BA1_exvivo.thresh.label --l lh.BA2_exvivo.thresh.label --l lh.BA3a_exvivo.thresh.label --l lh.BA3b_exvivo.thresh.label --l lh.BA4a_exvivo.thresh.label --l lh.BA4p_exvivo.thresh.label --l lh.BA6_exvivo.thresh.label --l lh.BA44_exvivo.thresh.label --l lh.BA45_exvivo.thresh.label --l lh.V1_exvivo.thresh.label --l lh.V2_exvivo.thresh.label --l lh.MT_exvivo.thresh.label --l lh.perirhinal_exvivo.thresh.label --l lh.entorhinal_exvivo.thresh.label --a BA_exvivo.thresh --maxstatwinner --noverbose 
sysname  Linux
hostname dna074
machine  x86_64
user     oesteban

subject sub-v1s21x0050391_ses-1
hemi    lh
SUBJECTS_DIR /out/sourcedata/freesurfer
ColorTable /opt/freesurfer/average/colortable_BA.txt
AnnotName  BA_exvivo.thresh
nlables 14
LabelThresh 0 0.000000
Loading /out/sourcedata/freesurfer/sub-v1s21x0050391_ses-1/surf/lh.orig
 1 1530880 BA1_exvivo
 2 16749699 BA2_exvivo
 3 16711680 BA3a_exvivo
 4 3368703 BA3b_exvivo
 5 1376196 BA4a_exvivo
 6 13382655 BA4p_exvivo
 7 10036737 BA6_exvivo
 8 2490521 BA44_exvivo
 9 39283 BA45_exvivo
10 3993 V1_exvivo
11 8508928 V2_exvivo
12 10027163 MT_exvivo
13 16422433 perirhinal_exvivo
14 16392598 entorhinal_exvivo
Mapping unhit to unknown
Found 123489 unhit vertices
Writing annot to /out/sourcedata/freesurfer/sub-v1s21x0050391_ses-1/label/lh.BA_exvivo.thresh.annot

 mris_anatomical_stats -th3 -mgz -noglobal -f ../stats/lh.BA_exvivo.stats -b -a ./lh.BA_exvivo.annot -c ./BA_exvivo.ctab sub-v1s21x0050391_ses-1 lh white 

computing statistics for each annotation in ./lh.BA_exvivo.annot.
reading volume /out/sourcedata/freesurfer/sub-v1s21x0050391_ses-1/mri/wm.mgz...
reading input surface /out/sourcedata/freesurfer/sub-v1s21x0050391_ses-1/surf/lh.white...
reading input pial surface /out/sourcedata/freesurfer/sub-v1s21x0050391_ses-1/surf/lh.pial...
reading input white surface /out/sourcedata/freesurfer/sub-v1s21x0050391_ses-1/surf/lh.white...
INFO: using TH3 volume calc
INFO: assuming MGZ format for volumes.
INFO: not computing global stats
Using TH3 vertex volume calc
Total face volume 262402
Total vertex volume 262154 (mask=0)
Saving annotation colortable ./BA_exvivo.ctab

table columns are:
    number of vertices
    total surface area (mm^2)
    total gray matter volume (mm^3)
    average cortical thickness +- standard deviation (mm)
    integrated rectified mean curvature
    integrated rectified Gaussian curvature
    folding index
    intrinsic curvature index
    structure name

 1211    699   2026  2.236 0.618     0.113     0.025       10     1.2  BA1_exvivo
 3859   2543   5647  2.148 0.569     0.108     0.019       31     3.0  BA2_exvivo
 1098    725   1132  1.731 0.534     0.132     0.030       11     1.3  BA3a_exvivo
 2500   1574   3463  1.873 0.724     0.101     0.017       19     1.8  BA3b_exvivo
 1812   1011   2864  2.476 0.622     0.095     0.020       11     1.4  BA4a_exvivo
 1321    895   1727  2.014 0.634     0.106     0.021        6     1.3  BA4p_exvivo
11763   7559  24278  2.833 0.552     0.107     0.021       92     9.9  BA6_exvivo
 2245   1487   3909  2.405 0.547     0.097     0.017       15     1.6  BA44_exvivo
 3305   2298   6964  2.555 0.680     0.119     0.021       31     3.0  BA45_exvivo
 3437   2403   4136  1.728 0.547     0.146     0.035       43     5.3  V1_exvivo
 8075   5399  11788  1.981 0.598     0.134     0.031       94    10.5  V2_exvivo
 2115   1476   4320  2.612 0.576     0.129     0.025       23     2.4  MT_exvivo
  719    506   1658  2.845 0.795     0.134     0.054        8     1.8  perirhinal_exvivo
  688    426   1346  2.338 1.212     0.109     0.039        9     1.0  entorhinal_exvivo

 mris_anatomical_stats -th3 -mgz -f ../stats/lh.BA_exvivo.thresh.stats -noglobal -b -a ./lh.BA_exvivo.thresh.annot -c ./BA_exvivo.thresh.ctab sub-v1s21x0050391_ses-1 lh white 

computing statistics for each annotation in ./lh.BA_exvivo.thresh.annot.
reading volume /out/sourcedata/freesurfer/sub-v1s21x0050391_ses-1/mri/wm.mgz...
reading input surface /out/sourcedata/freesurfer/sub-v1s21x0050391_ses-1/surf/lh.white...
reading input pial surface /out/sourcedata/freesurfer/sub-v1s21x0050391_ses-1/surf/lh.pial...
reading input white surface /out/sourcedata/freesurfer/sub-v1s21x0050391_ses-1/surf/lh.white...
INFO: using TH3 volume calc
INFO: assuming MGZ format for volumes.
INFO: not computing global stats
Using TH3 vertex volume calc
Total face volume 262402
Total vertex volume 262154 (mask=0)
Saving annotation colortable ./BA_exvivo.thresh.ctab

table columns are:
    number of vertices
    total surface area (mm^2)
    total gray matter volume (mm^3)
    average cortical thickness +- standard deviation (mm)
    integrated rectified mean curvature
    integrated rectified Gaussian curvature
    folding index
    intrinsic curvature index
    structure name

  776    433   1256  2.175 0.540     0.113     0.025        7     0.8  BA1_exvivo
 1531    965   2261  2.151 0.549     0.093     0.018       10     1.0  BA2_exvivo
  976    644    860  1.635 0.417     0.135     0.029       10     1.2  BA3a_exvivo
 1578    986   1534  1.505 0.368     0.085     0.013        9     1.0  BA3b_exvivo
 1783   1010   2701  2.395 0.597     0.094     0.019       11     1.4  BA4a_exvivo
 1017    709   1254  1.936 0.567     0.111     0.022        5     1.0  BA4p_exvivo
 6209   3871  12678  2.843 0.546     0.104     0.022       47     5.4  BA6_exvivo
 1322    876   2277  2.374 0.523     0.104     0.019       11     1.0  BA44_exvivo
 1404    954   3426  2.727 0.676     0.122     0.024       13     1.4  BA45_exvivo
 3661   2541   4431  1.727 0.543     0.146     0.036       46     5.8  V1_exvivo
 4063   2746   5683  1.918 0.551     0.145     0.033       55     5.7  V2_exvivo
  549    380   1020  2.585 0.428     0.119     0.025        4     0.6  MT_exvivo
  301    214    753  2.931 0.735     0.140     0.063        4     1.0  perirhinal_exvivo
  449    293    997  2.586 0.887     0.108     0.040        4     0.8  entorhinal_exvivo

Started at Mon Mar 9 12:00:54 CET 2026 
Ended   at Mon Mar 9 12:03:30 CET 2026
#@#%# recon-all-run-time-hours 0.043
recon-all -s sub-v1s21x0050391_ses-1 finished without error at Mon Mar  9 12:03:30 CET 2026
