
Mon Mar  9 13:16:17 CET 2026
cd /out/sourcedata/freesurfer/sub-v1s21x0050416_ses-1
setenv SUBJECTS_DIR /out/sourcedata/freesurfer
/opt/freesurfer/bin/recon-all -autorecon-hemi rh -noparcstats -noparcstats2 -noparcstats3 -nohyporelabel -nobalabels -rh-only -openmp 16 -subjid sub-v1s21x0050416_ses-1 -sd /out/sourcedata/freesurfer

subjid sub-v1s21x0050416_ses-1
setenv SUBJECTS_DIR /out/sourcedata/freesurfer
FREESURFER_HOME /opt/freesurfer
Actual FREESURFER_HOME /opt/freesurfer
build-stamp.txt: freesurfer-linux-ubuntu22_x86_64-7.3.2-20220804-6354275
Linux dna071 5.14.0-427.37.1.el9_4.x86_64 #1 SMP PREEMPT_DYNAMIC Fri Sep 13 12:41:50 EDT 2024 x86_64 x86_64 x86_64 GNU/Linux
cputime      unlimited
filesize     unlimited
datasize     unlimited
stacksize    8192 kbytes
coredumpsize 0 kbytes
memoryuse    67108864 kbytes
vmemoryuse   unlimited
descriptors  1024 
memorylocked unlimited
maxproc      2061970 
maxlocks     unlimited
maxsignal    2062029 
maxmessage   819200 
maxnice      0 
maxrtprio    0 
maxrttime    unlimited

               total        used        free      shared  buff/cache   available
Mem:           503Gi        99Gi       370Gi       9.3Gi        33Gi       391Gi
Swap:             0B          0B          0B

########################################
program versions used
7.3.2 (freesurfer-linux-ubuntu22_x86_64-7.3.2-20220804-6354275)
7.3.2

ProgramName: lta_convert  ProgramArguments: lta_convert -all-info  ProgramVersion: 7.3.2  TimeStamp: 2026/03/09-12:16:17-GMT  BuildTime: Aug  4 2022 06:17:15  BuildStamp: freesurfer-linux-ubuntu22_x86_64-7.3.2-20220804-6354275  User: oesteban  Machine: dna071  Platform: Linux  PlatformVersion: 5.14.0-427.37.1.el9_4.x86_64  CompilerName: GCC  CompilerVersion: 8.4.0
ProgramName: mri_and  ProgramArguments: mri_and -all-info  ProgramVersion: 7.3.2  TimeStamp: 2026/03/09-12:16:17-GMT  BuildTime: Aug  4 2022 06:17:15  BuildStamp: freesurfer-linux-ubuntu22_x86_64-7.3.2-20220804-6354275  User: oesteban  Machine: dna071  Platform: Linux  PlatformVersion: 5.14.0-427.37.1.el9_4.x86_64  CompilerName: GCC  CompilerVersion: 8.4.0
ProgramName: mri_annotation2label  ProgramArguments: mri_annotation2label -all-info  ProgramVersion: 7.3.2  TimeStamp: 2026/03/09-12:16:17-GMT  BuildTime: Aug  4 2022 06:17:15  BuildStamp: freesurfer-linux-ubuntu22_x86_64-7.3.2-20220804-6354275  User: oesteban  Machine: dna071  Platform: Linux  PlatformVersion: 5.14.0-427.37.1.el9_4.x86_64  CompilerName: GCC  CompilerVersion: 8.4.0
ProgramName: mri_aparc2aseg  ProgramArguments: mri_aparc2aseg -all-info  ProgramVersion: 7.3.2  TimeStamp: 2026/03/09-12:16:17-GMT  BuildTime: Aug  4 2022 06:17:15  BuildStamp: freesurfer-linux-ubuntu22_x86_64-7.3.2-20220804-6354275  User: oesteban  Machine: dna071  Platform: Linux  PlatformVersion: 5.14.0-427.37.1.el9_4.x86_64  CompilerName: GCC  CompilerVersion: 8.4.0
ProgramName: mri_surf2volseg  ProgramArguments: mri_surf2volseg -all-info  ProgramVersion: 7.3.2  TimeStamp: 2026/03/09-12:16:17-GMT  BuildTime: Aug  4 2022 06:17:15  BuildStamp: freesurfer-linux-ubuntu22_x86_64-7.3.2-20220804-6354275  User: oesteban  Machine: dna071  Platform: Linux  PlatformVersion: 5.14.0-427.37.1.el9_4.x86_64  CompilerName: GCC  CompilerVersion: 8.4.0
ProgramName: mri_binarize  ProgramArguments: mri_binarize -all-info  ProgramVersion: 7.3.2  TimeStamp: 2026/03/09-12:16:17-GMT  BuildTime: Aug  4 2022 06:17:15  BuildStamp: freesurfer-linux-ubuntu22_x86_64-7.3.2-20220804-6354275  User: oesteban  Machine: dna071  Platform: Linux  PlatformVersion: 5.14.0-427.37.1.el9_4.x86_64  CompilerName: GCC  CompilerVersion: 8.4.0
ProgramName: mri_ca_label  ProgramArguments: mri_ca_label -all-info  ProgramVersion: 7.3.2  TimeStamp: 2026/03/09-12:16:17-GMT  BuildTime: Aug  4 2022 06:17:15  BuildStamp: freesurfer-linux-ubuntu22_x86_64-7.3.2-20220804-6354275  User: oesteban  Machine: dna071  Platform: Linux  PlatformVersion: 5.14.0-427.37.1.el9_4.x86_64  CompilerName: GCC  CompilerVersion: 8.4.0
ProgramName: mri_ca_normalize  ProgramArguments: mri_ca_normalize -all-info  ProgramVersion: 7.3.2  TimeStamp: 2026/03/09-12:16:17-GMT  BuildTime: Aug  4 2022 06:17:15  BuildStamp: freesurfer-linux-ubuntu22_x86_64-7.3.2-20220804-6354275  User: oesteban  Machine: dna071  Platform: Linux  PlatformVersion: 5.14.0-427.37.1.el9_4.x86_64  CompilerName: GCC  CompilerVersion: 8.4.0
ProgramName: mri_ca_register  ProgramArguments: mri_ca_register -all-info  ProgramVersion: 7.3.2  TimeStamp: 2026/03/09-12:16:17-GMT  BuildTime: Aug  4 2022 06:17:15  BuildStamp: freesurfer-linux-ubuntu22_x86_64-7.3.2-20220804-6354275  User: oesteban  Machine: dna071  Platform: Linux  PlatformVersion: 5.14.0-427.37.1.el9_4.x86_64  CompilerName: GCC  CompilerVersion: 8.4.0
ProgramName: mri_cc  ProgramArguments: mri_cc -all-info  ProgramVersion: 7.3.2  TimeStamp: 2026/03/09-12:16:17-GMT  BuildTime: Aug  4 2022 06:17:15  BuildStamp: freesurfer-linux-ubuntu22_x86_64-7.3.2-20220804-6354275  User: oesteban  Machine: dna071  Platform: Linux  PlatformVersion: 5.14.0-427.37.1.el9_4.x86_64  CompilerName: GCC  CompilerVersion: 8.4.0
ProgramName: mri_compute_overlap  ProgramArguments: mri_compute_overlap -all-info  ProgramVersion: 7.3.2  TimeStamp: 2026/03/09-12:16:17-GMT  BuildTime: Aug  4 2022 06:17:15  BuildStamp: freesurfer-linux-ubuntu22_x86_64-7.3.2-20220804-6354275  User: oesteban  Machine: dna071  Platform: Linux  PlatformVersion: 5.14.0-427.37.1.el9_4.x86_64  CompilerName: GCC  CompilerVersion: 8.4.0
ProgramName: mri_compute_seg_overlap  ProgramArguments: mri_compute_seg_overlap -all-info  ProgramVersion: 7.3.2  TimeStamp: 2026/03/09-12:16:17-GMT  BuildTime: Aug  4 2022 06:17:15  BuildStamp: freesurfer-linux-ubuntu22_x86_64-7.3.2-20220804-6354275  User: oesteban  Machine: dna071  Platform: Linux  PlatformVersion: 5.14.0-427.37.1.el9_4.x86_64  CompilerName: GCC  CompilerVersion: 8.4.0
ProgramName: mri_concat  ProgramArguments: mri_concat -all-info  ProgramVersion: 7.3.2  TimeStamp: 2026/03/09-12:16:17-GMT  BuildTime: Aug  4 2022 06:17:15  BuildStamp: freesurfer-linux-ubuntu22_x86_64-7.3.2-20220804-6354275  User: oesteban  Machine: dna071  Platform: Linux  PlatformVersion: 5.14.0-427.37.1.el9_4.x86_64  CompilerName: GCC  CompilerVersion: 8.4.0
ProgramName: mri_concatenate_lta  ProgramArguments: mri_concatenate_lta -all-info  ProgramVersion: 7.3.2  TimeStamp: 2026/03/09-12:16:17-GMT  BuildTime: Aug  4 2022 06:17:15  BuildStamp: freesurfer-linux-ubuntu22_x86_64-7.3.2-20220804-6354275  User: oesteban  Machine: dna071  Platform: Linux  PlatformVersion: 5.14.0-427.37.1.el9_4.x86_64  CompilerName: GCC  CompilerVersion: 8.4.0
mri_convert -all-info 
ProgramName: mri_convert  ProgramArguments: mri_convert -all-info  ProgramVersion: 7.3.2  TimeStamp: 2026/03/09-12:16:17-GMT  BuildTime: Aug  4 2022 06:17:15  BuildStamp: freesurfer-linux-ubuntu22_x86_64-7.3.2-20220804-6354275  User: oesteban  Machine: dna071  Platform: Linux  PlatformVersion: 5.14.0-427.37.1.el9_4.x86_64  CompilerName: GCC  CompilerVersion: 8.4.0
ProgramName: mri_diff  ProgramArguments: mri_diff -all-info  ProgramVersion: 7.3.2  TimeStamp: 2026/03/09-12:16:17-GMT  BuildTime: Aug  4 2022 06:17:15  BuildStamp: freesurfer-linux-ubuntu22_x86_64-7.3.2-20220804-6354275  User: oesteban  Machine: dna071  Platform: Linux  PlatformVersion: 5.14.0-427.37.1.el9_4.x86_64  CompilerName: GCC  CompilerVersion: 8.4.0
ProgramName: mri_edit_wm_with_aseg  ProgramArguments: mri_edit_wm_with_aseg -all-info  ProgramVersion: 7.3.2  TimeStamp: 2026/03/09-12:16:17-GMT  BuildTime: Aug  4 2022 06:17:15  BuildStamp: freesurfer-linux-ubuntu22_x86_64-7.3.2-20220804-6354275  User: oesteban  Machine: dna071  Platform: Linux  PlatformVersion: 5.14.0-427.37.1.el9_4.x86_64  CompilerName: GCC  CompilerVersion: 8.4.0
ProgramName: mri_em_register  ProgramArguments: mri_em_register -all-info  ProgramVersion: 7.3.2  TimeStamp: 2026/03/09-12:16:17-GMT  BuildTime: Aug  4 2022 06:17:15  BuildStamp: freesurfer-linux-ubuntu22_x86_64-7.3.2-20220804-6354275  User: oesteban  Machine: dna071  Platform: Linux  PlatformVersion: 5.14.0-427.37.1.el9_4.x86_64  CompilerName: GCC  CompilerVersion: 8.4.0
ProgramName: mri_fill  ProgramArguments: mri_fill -all-info  ProgramVersion: 7.3.2  TimeStamp: 2026/03/09-12:16:17-GMT  BuildTime: Aug  4 2022 06:17:15  BuildStamp: freesurfer-linux-ubuntu22_x86_64-7.3.2-20220804-6354275  User: oesteban  Machine: dna071  Platform: Linux  PlatformVersion: 5.14.0-427.37.1.el9_4.x86_64  CompilerName: GCC  CompilerVersion: 8.4.0
ProgramName: mri_fuse_segmentations  ProgramArguments: mri_fuse_segmentations -all-info  ProgramVersion: 7.3.2  TimeStamp: 2026/03/09-12:16:17-GMT  BuildTime: Aug  4 2022 06:17:15  BuildStamp: freesurfer-linux-ubuntu22_x86_64-7.3.2-20220804-6354275  User: oesteban  Machine: dna071  Platform: Linux  PlatformVersion: 5.14.0-427.37.1.el9_4.x86_64  CompilerName: GCC  CompilerVersion: 8.4.0
ProgramName: mri_fwhm  ProgramArguments: mri_fwhm -all-info  ProgramVersion: 7.3.2  TimeStamp: 2026/03/09-12:16:17-GMT  BuildTime: Aug  4 2022 06:17:15  BuildStamp: freesurfer-linux-ubuntu22_x86_64-7.3.2-20220804-6354275  User: oesteban  Machine: dna071  Platform: Linux  PlatformVersion: 5.14.0-427.37.1.el9_4.x86_64  CompilerName: GCC  CompilerVersion: 8.4.0
ProgramName: mri_gcut  ProgramArguments: mri_gcut -all-info  ProgramVersion: 7.3.2  TimeStamp: 2026/03/09-12:16:17-GMT  BuildTime: Aug  4 2022 06:17:15  BuildStamp: freesurfer-linux-ubuntu22_x86_64-7.3.2-20220804-6354275  User: oesteban  Machine: dna071  Platform: Linux  PlatformVersion: 5.14.0-427.37.1.el9_4.x86_64  CompilerName: GCC  CompilerVersion: 8.4.0
ProgramName: mri_info  ProgramArguments: mri_info -all-info  ProgramVersion: 7.3.2  TimeStamp: 2026/03/09-12:16:17-GMT  BuildTime: Aug  4 2022 06:17:15  BuildStamp: freesurfer-linux-ubuntu22_x86_64-7.3.2-20220804-6354275  User: oesteban  Machine: dna071  Platform: Linux  PlatformVersion: 5.14.0-427.37.1.el9_4.x86_64  CompilerName: GCC  CompilerVersion: 8.4.0
ProgramName: mri_label2label  ProgramArguments: mri_label2label -all-info  ProgramVersion: 7.3.2  TimeStamp: 2026/03/09-12:16:17-GMT  BuildTime: Aug  4 2022 06:17:15  BuildStamp: freesurfer-linux-ubuntu22_x86_64-7.3.2-20220804-6354275  User: oesteban  Machine: dna071  Platform: Linux  PlatformVersion: 5.14.0-427.37.1.el9_4.x86_64  CompilerName: GCC  CompilerVersion: 8.4.0
ProgramName: mri_label2vol  ProgramArguments: mri_label2vol -all-info  ProgramVersion: 7.3.2  TimeStamp: 2026/03/09-12:16:17-GMT  BuildTime: Aug  4 2022 06:17:15  BuildStamp: freesurfer-linux-ubuntu22_x86_64-7.3.2-20220804-6354275  User: oesteban  Machine: dna071  Platform: Linux  PlatformVersion: 5.14.0-427.37.1.el9_4.x86_64  CompilerName: GCC  CompilerVersion: 8.4.0
ProgramName: mri_log_likelihood  ProgramArguments: mri_log_likelihood -all-info  ProgramVersion: 7.3.2  TimeStamp: 2026/03/09-12:16:17-GMT  BuildTime: Aug  4 2022 06:17:15  BuildStamp: freesurfer-linux-ubuntu22_x86_64-7.3.2-20220804-6354275  User: oesteban  Machine: dna071  Platform: Linux  PlatformVersion: 5.14.0-427.37.1.el9_4.x86_64  CompilerName: GCC  CompilerVersion: 8.4.0
ProgramName: mri_mask  ProgramArguments: mri_mask -all-info  ProgramVersion: 7.3.2  TimeStamp: 2026/03/09-12:16:17-GMT  BuildTime: Aug  4 2022 06:17:15  BuildStamp: freesurfer-linux-ubuntu22_x86_64-7.3.2-20220804-6354275  User: oesteban  Machine: dna071  Platform: Linux  PlatformVersion: 5.14.0-427.37.1.el9_4.x86_64  CompilerName: GCC  CompilerVersion: 8.4.0
ProgramName: mri_matrix_multiply  ProgramArguments: mri_matrix_multiply -all-info  ProgramVersion: 7.3.2  TimeStamp: 2026/03/09-12:16:17-GMT  BuildTime: Aug  4 2022 06:17:15  BuildStamp: freesurfer-linux-ubuntu22_x86_64-7.3.2-20220804-6354275  User: oesteban  Machine: dna071  Platform: Linux  PlatformVersion: 5.14.0-427.37.1.el9_4.x86_64  CompilerName: GCC  CompilerVersion: 8.4.0
ProgramName: mri_normalize  ProgramArguments: mri_normalize -all-info  ProgramVersion: 7.3.2  TimeStamp: 2026/03/09-12:16:17-GMT  BuildTime: Aug  4 2022 06:17:15  BuildStamp: freesurfer-linux-ubuntu22_x86_64-7.3.2-20220804-6354275  User: oesteban  Machine: dna071  Platform: Linux  PlatformVersion: 5.14.0-427.37.1.el9_4.x86_64  CompilerName: GCC  CompilerVersion: 8.4.0
ProgramName: mri_normalize_tp2  ProgramArguments: mri_normalize_tp2 -all-info  ProgramVersion: 7.3.2  TimeStamp: 2026/03/09-12:16:17-GMT  BuildTime: Aug  4 2022 06:17:15  BuildStamp: freesurfer-linux-ubuntu22_x86_64-7.3.2-20220804-6354275  User: oesteban  Machine: dna071  Platform: Linux  PlatformVersion: 5.14.0-427.37.1.el9_4.x86_64  CompilerName: GCC  CompilerVersion: 8.4.0
ProgramName: mri_or  ProgramArguments: mri_or -all-info  ProgramVersion: 7.3.2  TimeStamp: 2026/03/09-12:16:17-GMT  BuildTime: Aug  4 2022 06:17:15  BuildStamp: freesurfer-linux-ubuntu22_x86_64-7.3.2-20220804-6354275  User: oesteban  Machine: dna071  Platform: Linux  PlatformVersion: 5.14.0-427.37.1.el9_4.x86_64  CompilerName: GCC  CompilerVersion: 8.4.0
ProgramName: mri_relabel_hypointensities  ProgramArguments: mri_relabel_hypointensities -all-info  ProgramVersion: 7.3.2  TimeStamp: 2026/03/09-12:16:17-GMT  BuildTime: Aug  4 2022 06:17:15  BuildStamp: freesurfer-linux-ubuntu22_x86_64-7.3.2-20220804-6354275  User: oesteban  Machine: dna071  Platform: Linux  PlatformVersion: 5.14.0-427.37.1.el9_4.x86_64  CompilerName: GCC  CompilerVersion: 8.4.0
ProgramName: mri_relabel_nonwm_hypos  ProgramArguments: mri_relabel_nonwm_hypos -all-info  ProgramVersion: 7.3.2  TimeStamp: 2026/03/09-12:16:17-GMT  BuildTime: Aug  4 2022 06:17:15  BuildStamp: freesurfer-linux-ubuntu22_x86_64-7.3.2-20220804-6354275  User: oesteban  Machine: dna071  Platform: Linux  PlatformVersion: 5.14.0-427.37.1.el9_4.x86_64  CompilerName: GCC  CompilerVersion: 8.4.0
ProgramName: mri_remove_neck  ProgramArguments: mri_remove_neck -all-info  ProgramVersion: 7.3.2  TimeStamp: 2026/03/09-12:16:17-GMT  BuildTime: Aug  4 2022 06:17:15  BuildStamp: freesurfer-linux-ubuntu22_x86_64-7.3.2-20220804-6354275  User: oesteban  Machine: dna071  Platform: Linux  PlatformVersion: 5.14.0-427.37.1.el9_4.x86_64  CompilerName: GCC  CompilerVersion: 8.4.0
7.3.2

ProgramName: mri_robust_register  ProgramArguments: mri_robust_register -all-info  ProgramVersion: 7.3.2  TimeStamp: 2026/03/09-12:16:17-GMT  BuildTime: Aug  4 2022 06:17:15  BuildStamp: freesurfer-linux-ubuntu22_x86_64-7.3.2-20220804-6354275  User: oesteban  Machine: dna071  Platform: Linux  PlatformVersion: 5.14.0-427.37.1.el9_4.x86_64  CompilerName: GCC  CompilerVersion: 8.4.0
7.3.2

ProgramName: mri_robust_template  ProgramArguments: mri_robust_template -all-info  ProgramVersion: 7.3.2  TimeStamp: 2026/03/09-12:16:17-GMT  BuildTime: Aug  4 2022 06:17:15  BuildStamp: freesurfer-linux-ubuntu22_x86_64-7.3.2-20220804-6354275  User: oesteban  Machine: dna071  Platform: Linux  PlatformVersion: 5.14.0-427.37.1.el9_4.x86_64  CompilerName: GCC  CompilerVersion: 8.4.0
ProgramName: mris_anatomical_stats  ProgramArguments: mris_anatomical_stats -all-info  ProgramVersion: 7.3.2  TimeStamp: 2026/03/09-12:16:17-GMT  BuildTime: Aug  4 2022 06:17:15  BuildStamp: freesurfer-linux-ubuntu22_x86_64-7.3.2-20220804-6354275  User: oesteban  Machine: dna071  Platform: Linux  PlatformVersion: 5.14.0-427.37.1.el9_4.x86_64  CompilerName: GCC  CompilerVersion: 8.4.0
ProgramName: mris_ca_label  ProgramArguments: mris_ca_label -all-info  ProgramVersion: 7.3.2  TimeStamp: 2026/03/09-12:16:17-GMT  BuildTime: Aug  4 2022 06:17:15  BuildStamp: freesurfer-linux-ubuntu22_x86_64-7.3.2-20220804-6354275  User: oesteban  Machine: dna071  Platform: Linux  PlatformVersion: 5.14.0-427.37.1.el9_4.x86_64  CompilerName: GCC  CompilerVersion: 8.4.0
ProgramName: mris_calc  ProgramArguments: mris_calc -all-info  ProgramVersion: 7.3.2  TimeStamp: 2026/03/09-12:16:17-GMT  BuildTime: Aug  4 2022 06:17:15  BuildStamp: freesurfer-linux-ubuntu22_x86_64-7.3.2-20220804-6354275  User: oesteban  Machine: dna071  Platform: Linux  PlatformVersion: 5.14.0-427.37.1.el9_4.x86_64  CompilerName: GCC  CompilerVersion: 8.4.0
ProgramName: mris_convert  ProgramArguments: mris_convert -all-info  ProgramVersion: 7.3.2  TimeStamp: 2026/03/09-12:16:17-GMT  BuildTime: Aug  4 2022 06:17:15  BuildStamp: freesurfer-linux-ubuntu22_x86_64-7.3.2-20220804-6354275  User: oesteban  Machine: dna071  Platform: Linux  PlatformVersion: 5.14.0-427.37.1.el9_4.x86_64  CompilerName: GCC  CompilerVersion: 8.4.0
ProgramName: mris_curvature  ProgramArguments: mris_curvature -all-info  ProgramVersion: 7.3.2  TimeStamp: 2026/03/09-12:16:17-GMT  BuildTime: Aug  4 2022 06:17:15  BuildStamp: freesurfer-linux-ubuntu22_x86_64-7.3.2-20220804-6354275  User: oesteban  Machine: dna071  Platform: Linux  PlatformVersion: 5.14.0-427.37.1.el9_4.x86_64  CompilerName: GCC  CompilerVersion: 8.4.0
ProgramName: mris_curvature_stats  ProgramArguments: mris_curvature_stats -all-info  ProgramVersion: 7.3.2  TimeStamp: 2026/03/09-12:16:17-GMT  BuildTime: Aug  4 2022 06:17:15  BuildStamp: freesurfer-linux-ubuntu22_x86_64-7.3.2-20220804-6354275  User: oesteban  Machine: dna071  Platform: Linux  PlatformVersion: 5.14.0-427.37.1.el9_4.x86_64  CompilerName: GCC  CompilerVersion: 8.4.0
ProgramName: mris_diff  ProgramArguments: mris_diff -all-info  ProgramVersion: 7.3.2  TimeStamp: 2026/03/09-12:16:17-GMT  BuildTime: Aug  4 2022 06:17:15  BuildStamp: freesurfer-linux-ubuntu22_x86_64-7.3.2-20220804-6354275  User: oesteban  Machine: dna071  Platform: Linux  PlatformVersion: 5.14.0-427.37.1.el9_4.x86_64  CompilerName: GCC  CompilerVersion: 8.4.0
ProgramName: mris_divide_parcellation  ProgramArguments: mris_divide_parcellation -all-info  ProgramVersion: 7.3.2  TimeStamp: 2026/03/09-12:16:17-GMT  BuildTime: Aug  4 2022 06:17:15  BuildStamp: freesurfer-linux-ubuntu22_x86_64-7.3.2-20220804-6354275  User: oesteban  Machine: dna071  Platform: Linux  PlatformVersion: 5.14.0-427.37.1.el9_4.x86_64  CompilerName: GCC  CompilerVersion: 8.4.0
ProgramName: mri_segment  ProgramArguments: mri_segment -all-info  ProgramVersion: 7.3.2  TimeStamp: 2026/03/09-12:16:17-GMT  BuildTime: Aug  4 2022 06:17:15  BuildStamp: freesurfer-linux-ubuntu22_x86_64-7.3.2-20220804-6354275  User: oesteban  Machine: dna071  Platform: Linux  PlatformVersion: 5.14.0-427.37.1.el9_4.x86_64  CompilerName: GCC  CompilerVersion: 8.4.0
ProgramName: mri_segstats  ProgramArguments: mri_segstats -all-info  ProgramVersion: 7.3.2  TimeStamp: 2026/03/09-12:16:17-GMT  BuildTime: Aug  4 2022 06:17:15  BuildStamp: freesurfer-linux-ubuntu22_x86_64-7.3.2-20220804-6354275  User: oesteban  Machine: dna071  Platform: Linux  PlatformVersion: 5.14.0-427.37.1.el9_4.x86_64  CompilerName: GCC  CompilerVersion: 8.4.0
ProgramName: mris_euler_number  ProgramArguments: mris_euler_number -all-info  ProgramVersion: 7.3.2  TimeStamp: 2026/03/09-12:16:17-GMT  BuildTime: Aug  4 2022 06:17:15  BuildStamp: freesurfer-linux-ubuntu22_x86_64-7.3.2-20220804-6354275  User: oesteban  Machine: dna071  Platform: Linux  PlatformVersion: 5.14.0-427.37.1.el9_4.x86_64  CompilerName: GCC  CompilerVersion: 8.4.0
ProgramName: mris_fix_topology  ProgramArguments: mris_fix_topology -all-info  ProgramVersion: 7.3.2  TimeStamp: 2026/03/09-12:16:17-GMT  BuildTime: Aug  4 2022 06:17:15  BuildStamp: freesurfer-linux-ubuntu22_x86_64-7.3.2-20220804-6354275  User: oesteban  Machine: dna071  Platform: Linux  PlatformVersion: 5.14.0-427.37.1.el9_4.x86_64  CompilerName: GCC  CompilerVersion: 8.4.0
ProgramName: mris_topo_fixer  ProgramArguments: mris_topo_fixer -all-info  ProgramVersion: 7.3.2  TimeStamp: 2026/03/09-12:16:17-GMT  BuildTime: Aug  4 2022 06:17:15  BuildStamp: freesurfer-linux-ubuntu22_x86_64-7.3.2-20220804-6354275  User: oesteban  Machine: dna071  Platform: Linux  PlatformVersion: 5.14.0-427.37.1.el9_4.x86_64  CompilerName: GCC  CompilerVersion: 8.4.0
ProgramName: mris_jacobian  ProgramArguments: mris_jacobian -all-info  ProgramVersion: 7.3.2  TimeStamp: 2026/03/09-12:16:17-GMT  BuildTime: Aug  4 2022 06:17:15  BuildStamp: freesurfer-linux-ubuntu22_x86_64-7.3.2-20220804-6354275  User: oesteban  Machine: dna071  Platform: Linux  PlatformVersion: 5.14.0-427.37.1.el9_4.x86_64  CompilerName: GCC  CompilerVersion: 8.4.0
ProgramName: mris_label2annot  ProgramArguments: mris_label2annot -all-info  ProgramVersion: 7.3.2  TimeStamp: 2026/03/09-12:16:17-GMT  BuildTime: Aug  4 2022 06:17:15  BuildStamp: freesurfer-linux-ubuntu22_x86_64-7.3.2-20220804-6354275  User: oesteban  Machine: dna071  Platform: Linux  PlatformVersion: 5.14.0-427.37.1.el9_4.x86_64  CompilerName: GCC  CompilerVersion: 8.4.0
ProgramName: mris_left_right_register  ProgramArguments: mris_left_right_register -all-info  ProgramVersion: 7.3.2  TimeStamp: 2026/03/09-12:16:17-GMT  BuildTime: Aug  4 2022 06:17:15  BuildStamp: freesurfer-linux-ubuntu22_x86_64-7.3.2-20220804-6354275  User: oesteban  Machine: dna071  Platform: Linux  PlatformVersion: 5.14.0-427.37.1.el9_4.x86_64  CompilerName: GCC  CompilerVersion: 8.4.0
ProgramName: mris_place_surface  ProgramArguments: mris_place_surface -all-info  ProgramVersion: 7.3.2  TimeStamp: 2026/03/09-12:16:17-GMT  BuildTime: Aug  4 2022 06:17:15  BuildStamp: freesurfer-linux-ubuntu22_x86_64-7.3.2-20220804-6354275  User: oesteban  Machine: dna071  Platform: Linux  PlatformVersion: 5.14.0-427.37.1.el9_4.x86_64  CompilerName: GCC  CompilerVersion: 8.4.0
ProgramName: mrisp_paint  ProgramArguments: mrisp_paint -all-info  ProgramVersion: 7.3.2  TimeStamp: 2026/03/09-12:16:17-GMT  BuildTime: Aug  4 2022 06:17:15  BuildStamp: freesurfer-linux-ubuntu22_x86_64-7.3.2-20220804-6354275  User: oesteban  Machine: dna071  Platform: Linux  PlatformVersion: 5.14.0-427.37.1.el9_4.x86_64  CompilerName: GCC  CompilerVersion: 8.4.0
ProgramName: mris_register  ProgramArguments: mris_register -all-info  ProgramVersion: 7.3.2  TimeStamp: 2026/03/09-12:16:17-GMT  BuildTime: Aug  4 2022 06:17:15  BuildStamp: freesurfer-linux-ubuntu22_x86_64-7.3.2-20220804-6354275  User: oesteban  Machine: dna071  Platform: Linux  PlatformVersion: 5.14.0-427.37.1.el9_4.x86_64  CompilerName: GCC  CompilerVersion: 8.4.0
ProgramName: mris_smooth  ProgramArguments: mris_smooth -all-info  ProgramVersion: 7.3.2  TimeStamp: 2026/03/09-12:16:17-GMT  BuildTime: Aug  4 2022 06:17:15  BuildStamp: freesurfer-linux-ubuntu22_x86_64-7.3.2-20220804-6354275  User: oesteban  Machine: dna071  Platform: Linux  PlatformVersion: 5.14.0-427.37.1.el9_4.x86_64  CompilerName: GCC  CompilerVersion: 8.4.0
ProgramName: mris_sphere  ProgramArguments: mris_sphere -all-info  ProgramVersion: 7.3.2  TimeStamp: 2026/03/09-12:16:17-GMT  BuildTime: Aug  4 2022 06:17:15  BuildStamp: freesurfer-linux-ubuntu22_x86_64-7.3.2-20220804-6354275  User: oesteban  Machine: dna071  Platform: Linux  PlatformVersion: 5.14.0-427.37.1.el9_4.x86_64  CompilerName: GCC  CompilerVersion: 8.4.0
ProgramName: mris_surface_stats  ProgramArguments: mris_surface_stats -all-info  ProgramVersion: 7.3.2  TimeStamp: 2026/03/09-12:16:17-GMT  BuildTime: Aug  4 2022 06:17:15  BuildStamp: freesurfer-linux-ubuntu22_x86_64-7.3.2-20220804-6354275  User: oesteban  Machine: dna071  Platform: Linux  PlatformVersion: 5.14.0-427.37.1.el9_4.x86_64  CompilerName: GCC  CompilerVersion: 8.4.0
ProgramName: mri_stats2seg  ProgramArguments: mri_stats2seg -all-info  ProgramVersion: 7.3.2  TimeStamp: 2026/03/09-12:16:17-GMT  BuildTime: Aug  4 2022 06:17:15  BuildStamp: freesurfer-linux-ubuntu22_x86_64-7.3.2-20220804-6354275  User: oesteban  Machine: dna071  Platform: Linux  PlatformVersion: 5.14.0-427.37.1.el9_4.x86_64  CompilerName: GCC  CompilerVersion: 8.4.0
ProgramName: mris_thickness  ProgramArguments: mris_thickness -all-info  ProgramVersion: 7.3.2  TimeStamp: 2026/03/09-12:16:17-GMT  BuildTime: Aug  4 2022 06:17:15  BuildStamp: freesurfer-linux-ubuntu22_x86_64-7.3.2-20220804-6354275  User: oesteban  Machine: dna071  Platform: Linux  PlatformVersion: 5.14.0-427.37.1.el9_4.x86_64  CompilerName: GCC  CompilerVersion: 8.4.0
ProgramName: mris_thickness_diff  ProgramArguments: mris_thickness_diff -all-info  ProgramVersion: 7.3.2  TimeStamp: 2026/03/09-12:16:17-GMT  BuildTime: Aug  4 2022 06:17:15  BuildStamp: freesurfer-linux-ubuntu22_x86_64-7.3.2-20220804-6354275  User: oesteban  Machine: dna071  Platform: Linux  PlatformVersion: 5.14.0-427.37.1.el9_4.x86_64  CompilerName: GCC  CompilerVersion: 8.4.0
ProgramName: mris_topo_fixer  ProgramArguments: mris_topo_fixer -all-info  ProgramVersion: 7.3.2  TimeStamp: 2026/03/09-12:16:17-GMT  BuildTime: Aug  4 2022 06:17:15  BuildStamp: freesurfer-linux-ubuntu22_x86_64-7.3.2-20220804-6354275  User: oesteban  Machine: dna071  Platform: Linux  PlatformVersion: 5.14.0-427.37.1.el9_4.x86_64  CompilerName: GCC  CompilerVersion: 8.4.0
ProgramName: mri_surf2surf  ProgramArguments: mri_surf2surf -all-info  ProgramVersion: 7.3.2  TimeStamp: 2026/03/09-12:16:17-GMT  BuildTime: Aug  4 2022 06:17:15  BuildStamp: freesurfer-linux-ubuntu22_x86_64-7.3.2-20220804-6354275  User: oesteban  Machine: dna071  Platform: Linux  PlatformVersion: 5.14.0-427.37.1.el9_4.x86_64  CompilerName: GCC  CompilerVersion: 8.4.0
ProgramName: mri_surf2vol  ProgramArguments: mri_surf2vol -all-info  ProgramVersion: 7.3.2  TimeStamp: 2026/03/09-12:16:17-GMT  BuildTime: Aug  4 2022 06:17:15  BuildStamp: freesurfer-linux-ubuntu22_x86_64-7.3.2-20220804-6354275  User: oesteban  Machine: dna071  Platform: Linux  PlatformVersion: 5.14.0-427.37.1.el9_4.x86_64  CompilerName: GCC  CompilerVersion: 8.4.0
ProgramName: mri_surfcluster  ProgramArguments: mri_surfcluster -all-info  ProgramVersion: 7.3.2  TimeStamp: 2026/03/09-12:16:17-GMT  BuildTime: Aug  4 2022 06:17:15  BuildStamp: freesurfer-linux-ubuntu22_x86_64-7.3.2-20220804-6354275  User: oesteban  Machine: dna071  Platform: Linux  PlatformVersion: 5.14.0-427.37.1.el9_4.x86_64  CompilerName: GCC  CompilerVersion: 8.4.0
ProgramName: mris_volmask  ProgramArguments: mris_volmask -all-info  ProgramVersion: 7.3.2  TimeStamp: 2026/03/09-12:16:17-GMT  BuildTime: Aug  4 2022 06:17:15  BuildStamp: freesurfer-linux-ubuntu22_x86_64-7.3.2-20220804-6354275  User: oesteban  Machine: dna071  Platform: Linux  PlatformVersion: 5.14.0-427.37.1.el9_4.x86_64  CompilerName: GCC  CompilerVersion: 8.4.0
ProgramName: mri_tessellate  ProgramArguments: mri_tessellate -all-info  ProgramVersion: 7.3.2  TimeStamp: 2026/03/09-12:16:17-GMT  BuildTime: Aug  4 2022 06:17:15  BuildStamp: freesurfer-linux-ubuntu22_x86_64-7.3.2-20220804-6354275  User: oesteban  Machine: dna071  Platform: Linux  PlatformVersion: 5.14.0-427.37.1.el9_4.x86_64  CompilerName: GCC  CompilerVersion: 8.4.0
ProgramName: mri_vol2surf  ProgramArguments: mri_vol2surf -all-info  ProgramVersion: 7.3.2  TimeStamp: 2026/03/09-12:16:17-GMT  BuildTime: Aug  4 2022 06:17:15  BuildStamp: freesurfer-linux-ubuntu22_x86_64-7.3.2-20220804-6354275  User: oesteban  Machine: dna071  Platform: Linux  PlatformVersion: 5.14.0-427.37.1.el9_4.x86_64  CompilerName: GCC  CompilerVersion: 8.4.0
ProgramName: mri_vol2vol  ProgramArguments: mri_vol2vol -all-info  ProgramVersion: 7.3.2  TimeStamp: 2026/03/09-12:16:17-GMT  BuildTime: Aug  4 2022 06:17:15  BuildStamp: freesurfer-linux-ubuntu22_x86_64-7.3.2-20220804-6354275  User: oesteban  Machine: dna071  Platform: Linux  PlatformVersion: 5.14.0-427.37.1.el9_4.x86_64  CompilerName: GCC  CompilerVersion: 8.4.0
ProgramName: mri_voldiff  ProgramArguments: mri_voldiff -all-info  ProgramVersion: 7.3.2  TimeStamp: 2026/03/09-12:16:17-GMT  BuildTime: Aug  4 2022 06:17:15  BuildStamp: freesurfer-linux-ubuntu22_x86_64-7.3.2-20220804-6354275  User: oesteban  Machine: dna071  Platform: Linux  PlatformVersion: 5.14.0-427.37.1.el9_4.x86_64  CompilerName: GCC  CompilerVersion: 8.4.0
ProgramName: mri_watershed  ProgramArguments: mri_watershed -all-info  ProgramVersion: 7.3.2  TimeStamp: 2026/03/09-12:16:17-GMT  BuildTime: Aug  4 2022 06:17:15  BuildStamp: freesurfer-linux-ubuntu22_x86_64-7.3.2-20220804-6354275  User: oesteban  Machine: dna071  Platform: Linux  PlatformVersion: 5.14.0-427.37.1.el9_4.x86_64  CompilerName: GCC  CompilerVersion: 8.4.0
ProgramName: tkregister2  ProgramArguments: tkregister2_cmdl -all-info  ProgramVersion: 7.3.2  TimeStamp: 2026/03/09-12:16:17-GMT  BuildTime: Aug  4 2022 06:17:15  BuildStamp: freesurfer-linux-ubuntu22_x86_64-7.3.2-20220804-6354275  User: oesteban  Machine: dna071  Platform: Linux  PlatformVersion: 5.14.0-427.37.1.el9_4.x86_64  CompilerName: GCC  CompilerVersion: 8.4.0
mri_motion_correct.fsl 7.3.2
mri_convert -all-info 
ProgramName: mri_convert  ProgramArguments: mri_convert -all-info  ProgramVersion: 7.3.2  TimeStamp: 2026/03/09-12:16:17-GMT  BuildTime: Aug  4 2022 06:17:15  BuildStamp: freesurfer-linux-ubuntu22_x86_64-7.3.2-20220804-6354275  User: oesteban  Machine: dna071  Platform: Linux  PlatformVersion: 5.14.0-427.37.1.el9_4.x86_64  CompilerName: GCC  CompilerVersion: 8.4.0
Program nu_correct, built from:
Package MNI N3, version 1.12.0, compiled by nicks@terrier (x86_64-unknown-linux-gnu) on 2015-06-19 at 01:25:34
#######################################
GCADIR /opt/freesurfer/average
GCA RB_all_2020-01-02.gca
GCASkull RB_all_withskull_2020_01_02.gca
AvgCurvTif folding.atlas.acfb40.noaparc.i12.2016-08-02.tif
GCSDIR /opt/freesurfer/average
GCS DKaparc.atlas.acfb40.noaparc.i12.2016-08-02.gcs
#######################################
#--------------------------------------------
#@# Tessellate rh Mon Mar  9 13:16:17 CET 2026
/out/sourcedata/freesurfer/sub-v1s21x0050416_ses-1/scripts

 mri_pretess ../mri/filled.mgz 127 ../mri/norm.mgz ../mri/filled-pretess127.mgz 


Iteration Number : 1
pass   1 (xy+):   0 found -   0 modified     |    TOTAL:   0
pass   1 (xy-):   3 found -   3 modified     |    TOTAL:   3
pass   2 (xy-):   0 found -   3 modified     |    TOTAL:   3
pass   1 (yz+):  11 found -  11 modified     |    TOTAL:  14
pass   2 (yz+):   0 found -  11 modified     |    TOTAL:  14
pass   1 (yz-):   8 found -   8 modified     |    TOTAL:  22
pass   2 (yz-):   0 found -   8 modified     |    TOTAL:  22
pass   1 (xz+):   1 found -   1 modified     |    TOTAL:  23
pass   2 (xz+):   0 found -   1 modified     |    TOTAL:  23
pass   1 (xz-):   0 found -   0 modified     |    TOTAL:  23
Iteration Number : 1
pass   1 (+++):   0 found -   0 modified     |    TOTAL:   0
pass   1 (+++):   0 found -   0 modified     |    TOTAL:   0
pass   1 (+++):   0 found -   0 modified     |    TOTAL:   0
pass   1 (+++):   0 found -   0 modified     |    TOTAL:   0
Iteration Number : 1
pass   1 (++):   1 found -   1 modified     |    TOTAL:   1
pass   2 (++):   0 found -   1 modified     |    TOTAL:   1
pass   1 (+-):   0 found -   0 modified     |    TOTAL:   1
pass   1 (--):   1 found -   1 modified     |    TOTAL:   2
pass   2 (--):   0 found -   1 modified     |    TOTAL:   2
pass   1 (-+):   1 found -   1 modified     |    TOTAL:   3
pass   2 (-+):   0 found -   1 modified     |    TOTAL:   3
Iteration Number : 2
pass   1 (xy+):   0 found -   0 modified     |    TOTAL:   0
pass   1 (xy-):   0 found -   0 modified     |    TOTAL:   0
pass   1 (yz+):   0 found -   0 modified     |    TOTAL:   0
pass   1 (yz-):   0 found -   0 modified     |    TOTAL:   0
pass   1 (xz+):   0 found -   0 modified     |    TOTAL:   0
pass   1 (xz-):   0 found -   0 modified     |    TOTAL:   0
Iteration Number : 2
pass   1 (+++):   0 found -   0 modified     |    TOTAL:   0
pass   1 (+++):   0 found -   0 modified     |    TOTAL:   0
pass   1 (+++):   0 found -   0 modified     |    TOTAL:   0
pass   1 (+++):   0 found -   0 modified     |    TOTAL:   0
Iteration Number : 2
pass   1 (++):   0 found -   0 modified     |    TOTAL:   0
pass   1 (+-):   0 found -   0 modified     |    TOTAL:   0
pass   1 (--):   0 found -   0 modified     |    TOTAL:   0
pass   1 (-+):   0 found -   0 modified     |    TOTAL:   0

Total Number of Modified Voxels = 26 (out of 288824: 0.009002)
Ambiguous edge configurations... 

mri_pretess done


 mri_tessellate ../mri/filled-pretess127.mgz 127 ../surf/rh.orig.nofix 

7.3.2
  7.3.2
slice 30: 724 vertices, 803 faces
slice 40: 5234 vertices, 5452 faces
slice 50: 12497 vertices, 12783 faces
slice 60: 21578 vertices, 21927 faces
slice 70: 31720 vertices, 32092 faces
slice 80: 42700 vertices, 43070 faces
slice 90: 53745 vertices, 54171 faces
slice 100: 66190 vertices, 66594 faces
slice 110: 78435 vertices, 78861 faces
slice 120: 90967 vertices, 91449 faces
slice 130: 102813 vertices, 103246 faces
slice 140: 113788 vertices, 114158 faces
slice 150: 122475 vertices, 122822 faces
slice 160: 131292 vertices, 131638 faces
slice 170: 138926 vertices, 139249 faces
slice 180: 145234 vertices, 145503 faces
slice 190: 149904 vertices, 150117 faces
slice 200: 152362 vertices, 152428 faces
slice 210: 152362 vertices, 152428 faces
slice 220: 152362 vertices, 152428 faces
slice 230: 152362 vertices, 152428 faces
slice 240: 152362 vertices, 152428 faces
slice 250: 152362 vertices, 152428 faces
using the conformed surface RAS to save vertex points...
writing ../surf/rh.orig.nofix
using vox2ras matrix:
-1.00000   0.00000   0.00000   128.00000;
 0.00000   0.00000   1.00000  -128.00000;
 0.00000  -1.00000   0.00000   128.00000;
 0.00000   0.00000   0.00000   1.00000;

 rm -f ../mri/filled-pretess127.mgz 


 mris_extract_main_component ../surf/rh.orig.nofix ../surf/rh.orig.nofix 


counting number of connected components...
   152362 voxel in cpt #1: X=-66 [v=152362,e=457284,f=304856] located at (25.870520, -19.853573, 18.324543)
For the whole surface: X=-66 [v=152362,e=457284,f=304856]
One single component has been found
nothing to do
done

#--------------------------------------------
#@# Smooth1 rh Mon Mar  9 13:16:20 CET 2026
/out/sourcedata/freesurfer/sub-v1s21x0050416_ses-1/scripts

 mris_smooth -nw -seed 1234 ../surf/rh.orig.nofix ../surf/rh.smoothwm.nofix 

setting seed for random number generator to 1234
smoothing surface tessellation for 10 iterations...
smoothing complete - recomputing first and second fundamental forms...
#--------------------------------------------
#@# Inflation1 rh Mon Mar  9 13:16:22 CET 2026
/out/sourcedata/freesurfer/sub-v1s21x0050416_ses-1/scripts

 mris_inflate -no-save-sulc ../surf/rh.smoothwm.nofix ../surf/rh.inflated.nofix 

Not saving sulc
Reading ../surf/rh.smoothwm.nofix
avg radius = 48.5 mm, total surface area = 82527 mm^2
step 000: RMS=0.154 (target=0.015)   step 005: RMS=0.119 (target=0.015)   step 010: RMS=0.091 (target=0.015)   step 015: RMS=0.078 (target=0.015)   step 020: RMS=0.068 (target=0.015)   step 025: RMS=0.061 (target=0.015)   step 030: RMS=0.055 (target=0.015)   step 035: RMS=0.051 (target=0.015)   step 040: RMS=0.048 (target=0.015)   step 045: RMS=0.046 (target=0.015)   step 050: RMS=0.045 (target=0.015)   step 055: RMS=0.044 (target=0.015)   step 060: RMS=0.044 (target=0.015)   writing inflated surface to ../surf/rh.inflated.nofix
inflation took 0.2 minutes

inflation complete.
Not saving sulc
mris_inflate utimesec    53.289247
mris_inflate stimesec    2.099892
mris_inflate ru_maxrss   244316
mris_inflate ru_ixrss    0
mris_inflate ru_idrss    0
mris_inflate ru_isrss    0
mris_inflate ru_minflt   609462
mris_inflate ru_majflt   11
mris_inflate ru_nswap    0
mris_inflate ru_inblock  0
mris_inflate ru_oublock  10720
mris_inflate ru_msgsnd   0
mris_inflate ru_msgrcv   0
mris_inflate ru_nsignals 0
mris_inflate ru_nvcsw    12898
mris_inflate ru_nivcsw   309
#--------------------------------------------
#@# QSphere rh Mon Mar  9 13:16:37 CET 2026
/out/sourcedata/freesurfer/sub-v1s21x0050416_ses-1/scripts

 mris_sphere -q -p 6 -a 128 -seed 1234 ../surf/rh.inflated.nofix ../surf/rh.qsphere.nofix 

doing quick spherical unfolding.
limitting unfolding to 6 passes
using n_averages = 128
setting seed for random number genererator to 1234
version: 7.3.2
available threads: 16
scaling brain by 0.285...
inflating...
projecting onto sphere...
surface projected - minimizing metric distortion...
vertex spacing 0.94 +- 0.56 (0.00-->6.55) (max @ vno 104782 --> 104783)
face area 0.02 +- 0.03 (-0.21-->0.49)
Entering MRISinflateToSphere()
inflating to sphere (rms error < 2.00)
000: dt: 0.0000, rms radial error=177.435, avgs=0
005/300: dt: 0.9000, rms radial error=177.172, avgs=0
010/300: dt: 0.9000, rms radial error=176.609, avgs=0
015/300: dt: 0.9000, rms radial error=175.873, avgs=0
020/300: dt: 0.9000, rms radial error=175.037, avgs=0
025/300: dt: 0.9000, rms radial error=174.143, avgs=0
030/300: dt: 0.9000, rms radial error=173.218, avgs=0
035/300: dt: 0.9000, rms radial error=172.277, avgs=0
040/300: dt: 0.9000, rms radial error=171.329, avgs=0
045/300: dt: 0.9000, rms radial error=170.378, avgs=0
050/300: dt: 0.9000, rms radial error=169.429, avgs=0
055/300: dt: 0.9000, rms radial error=168.482, avgs=0
060/300: dt: 0.9000, rms radial error=167.539, avgs=0
065/300: dt: 0.9000, rms radial error=166.601, avgs=0
070/300: dt: 0.9000, rms radial error=165.667, avgs=0
075/300: dt: 0.9000, rms radial error=164.739, avgs=0
080/300: dt: 0.9000, rms radial error=163.815, avgs=0
085/300: dt: 0.9000, rms radial error=162.896, avgs=0
090/300: dt: 0.9000, rms radial error=161.983, avgs=0
095/300: dt: 0.9000, rms radial error=161.074, avgs=0
100/300: dt: 0.9000, rms radial error=160.170, avgs=0
105/300: dt: 0.9000, rms radial error=159.271, avgs=0
110/300: dt: 0.9000, rms radial error=158.377, avgs=0
115/300: dt: 0.9000, rms radial error=157.488, avgs=0
120/300: dt: 0.9000, rms radial error=156.604, avgs=0
125/300: dt: 0.9000, rms radial error=155.724, avgs=0
130/300: dt: 0.9000, rms radial error=154.849, avgs=0
135/300: dt: 0.9000, rms radial error=153.979, avgs=0
140/300: dt: 0.9000, rms radial error=153.114, avgs=0
145/300: dt: 0.9000, rms radial error=152.253, avgs=0
150/300: dt: 0.9000, rms radial error=151.397, avgs=0
155/300: dt: 0.9000, rms radial error=150.546, avgs=0
160/300: dt: 0.9000, rms radial error=149.699, avgs=0
165/300: dt: 0.9000, rms radial error=148.857, avgs=0
170/300: dt: 0.9000, rms radial error=148.020, avgs=0
175/300: dt: 0.9000, rms radial error=147.187, avgs=0
180/300: dt: 0.9000, rms radial error=146.359, avgs=0
185/300: dt: 0.9000, rms radial error=145.535, avgs=0
190/300: dt: 0.9000, rms radial error=144.716, avgs=0
195/300: dt: 0.9000, rms radial error=143.901, avgs=0
200/300: dt: 0.9000, rms radial error=143.091, avgs=0
205/300: dt: 0.9000, rms radial error=142.286, avgs=0
210/300: dt: 0.9000, rms radial error=141.484, avgs=0
215/300: dt: 0.9000, rms radial error=140.688, avgs=0
220/300: dt: 0.9000, rms radial error=139.895, avgs=0
225/300: dt: 0.9000, rms radial error=139.107, avgs=0
230/300: dt: 0.9000, rms radial error=138.324, avgs=0
235/300: dt: 0.9000, rms radial error=137.544, avgs=0
240/300: dt: 0.9000, rms radial error=136.769, avgs=0
245/300: dt: 0.9000, rms radial error=135.999, avgs=0
250/300: dt: 0.9000, rms radial error=135.232, avgs=0
255/300: dt: 0.9000, rms radial error=134.470, avgs=0
260/300: dt: 0.9000, rms radial error=133.712, avgs=0
265/300: dt: 0.9000, rms radial error=132.959, avgs=0
270/300: dt: 0.9000, rms radial error=132.210, avgs=0
275/300: dt: 0.9000, rms radial error=131.465, avgs=0
280/300: dt: 0.9000, rms radial error=130.725, avgs=0
285/300: dt: 0.9000, rms radial error=129.988, avgs=0
290/300: dt: 0.9000, rms radial error=129.256, avgs=0
295/300: dt: 0.9000, rms radial error=128.528, avgs=0
300/300: dt: 0.9000, rms radial error=127.804, avgs=0

spherical inflation complete.
epoch 1 (K=10.0), pass 1, starting sse = 18230.28
taking momentum steps...
taking momentum steps...
taking momentum steps...
taking momentum steps...
pass 1 complete, delta sse/iter = 0.00/13 = 0.00025
epoch 2 (K=40.0), pass 1, starting sse = 3148.30
taking momentum steps...
taking momentum steps...
taking momentum steps...
taking momentum steps...
pass 1 complete, delta sse/iter = 0.00/13 = 0.00029
epoch 3 (K=160.0), pass 1, starting sse = 332.78
taking momentum steps...
taking momentum steps...
taking momentum steps...
taking momentum steps...
pass 1 complete, delta sse/iter = 0.12/16 = 0.00736
epoch 4 (K=640.0), pass 1, starting sse = 19.82
taking momentum steps...
taking momentum steps...
taking momentum steps...
taking momentum steps...
pass 1 complete, delta sse/iter = 0.11/20 = 0.00527
final distance error %100000.00
writing spherical brain to ../surf/rh.qsphere.nofix
spherical transformation took 0.0174 hours
FSRUNTIME@ mris_sphere  0.0174 hours 16 threads
#VMPC# mris_sphere VmPeak  1577732
mris_sphere done
#@# Fix Topology rh Mon Mar  9 13:17:40 CET 2026

 mris_fix_topology -mgz -sphere qsphere.nofix -inflated inflated.nofix -orig orig.nofix -out orig.premesh -ga -seed 1234 sub-v1s21x0050416_ses-1 rh 

reading spherical homeomorphism from 'qsphere.nofix'
reading inflated coordinates from 'inflated.nofix'
reading original coordinates from 'orig.nofix'
using genetic algorithm with optimized parameters
setting seed for random number genererator to 1234

*************************************************************
Topology Correction Parameters
retessellation mode:           genetic search
number of patches/generation : 10
number of generations :        10
surface mri loglikelihood coefficient :         1.0
volume mri loglikelihood coefficient :          10.0
normal dot loglikelihood coefficient :          1.0
quadratic curvature loglikelihood coefficient : 1.0
volume resolution :                             2
eliminate vertices during search :              1
initial patch selection :                       1
select all defect vertices :                    0
ordering dependant retessellation:              0
use precomputed edge table :                    0
smooth retessellated patch :                    2
match retessellated patch :                     1
verbose mode :                                  0

*************************************************************
INFO: assuming .mgz format
writing corrected surface to 'orig.premesh'
7.3.2
  7.3.2
before topology correction, eno=-66 (nv=152362, nf=304856, ne=457284, g=34)
using quasi-homeomorphic spherical map to tessellate cortical surface...

Correction of the Topology
Finding true center and radius of Spherical Surface...done
Surface centered at (0,0,0) with radius 100.0 in 8 iterations
marking ambiguous vertices...
7155 ambiguous faces found in tessellation
segmenting defects...
41 defects found, arbitrating ambiguous regions...
analyzing neighboring defects...
      -merging segment 34 into 33
40 defects to be corrected 
0 vertices coincident
reading input surface /out/sourcedata/freesurfer/sub-v1s21x0050416_ses-1/surf/rh.qsphere.nofix...
reading brain volume from brain...
reading wm segmentation from wm...
Reading original properties of orig.nofix
Reading vertex positions of inflated.nofix
Computing Initial Surface Statistics
      -face       loglikelihood: -9.5816  (-4.7908)
      -vertex     loglikelihood: -6.4770  (-3.2385)
      -normal dot loglikelihood: -3.5184  (-3.5184)
      -quad curv  loglikelihood: -6.1156  (-3.0578)
      Total Loglikelihood : -25.6926
CORRECTING DEFECT 0 (vertices=30, convex hull=59, v0=685)
After retessellation of defect 0 (v0=685), euler #=-38 (148093,442742,294611) : difference with theory (-37) = 1 
CORRECTING DEFECT 1 (vertices=6, convex hull=18, v0=2126)
After retessellation of defect 1 (v0=2126), euler #=-37 (148094,442751,294620) : difference with theory (-36) = 1 
CORRECTING DEFECT 2 (vertices=57, convex hull=90, v0=8361)
After retessellation of defect 2 (v0=8361), euler #=-36 (148119,442865,294710) : difference with theory (-35) = 1 
CORRECTING DEFECT 3 (vertices=132, convex hull=178, v0=14986)
After retessellation of defect 3 (v0=14986), euler #=-35 (148194,443175,294946) : difference with theory (-34) = 1 
CORRECTING DEFECT 4 (vertices=65, convex hull=73, v0=21466)
After retessellation of defect 4 (v0=21466), euler #=-34 (148216,443274,295024) : difference with theory (-33) = 1 
CORRECTING DEFECT 5 (vertices=47, convex hull=79, v0=22462)
After retessellation of defect 5 (v0=22462), euler #=-33 (148242,443383,295108) : difference with theory (-32) = 1 
CORRECTING DEFECT 6 (vertices=74, convex hull=46, v0=44739)
After retessellation of defect 6 (v0=44739), euler #=-32 (148252,443432,295148) : difference with theory (-31) = 1 
CORRECTING DEFECT 7 (vertices=651, convex hull=285, v0=44746)
After retessellation of defect 7 (v0=44746), euler #=-31 (148315,443773,295427) : difference with theory (-30) = 1 
CORRECTING DEFECT 8 (vertices=427, convex hull=237, v0=52163)
After retessellation of defect 8 (v0=52163), euler #=-30 (148327,443922,295565) : difference with theory (-29) = 1 
CORRECTING DEFECT 9 (vertices=9, convex hull=24, v0=53302)
After retessellation of defect 9 (v0=53302), euler #=-29 (148329,443936,295578) : difference with theory (-28) = 1 
CORRECTING DEFECT 10 (vertices=45, convex hull=36, v0=73235)
After retessellation of defect 10 (v0=73235), euler #=-28 (148337,443973,295608) : difference with theory (-27) = 1 
CORRECTING DEFECT 11 (vertices=24, convex hull=81, v0=75090)
After retessellation of defect 11 (v0=75090), euler #=-27 (148349,444040,295664) : difference with theory (-26) = 1 
CORRECTING DEFECT 12 (vertices=337, convex hull=163, v0=78396)
After retessellation of defect 12 (v0=78396), euler #=-26 (148403,444275,295846) : difference with theory (-25) = 1 
CORRECTING DEFECT 13 (vertices=371, convex hull=213, v0=81848)
After retessellation of defect 13 (v0=81848), euler #=-25 (148513,444704,296166) : difference with theory (-24) = 1 
CORRECTING DEFECT 14 (vertices=60, convex hull=95, v0=84429)
After retessellation of defect 14 (v0=84429), euler #=-24 (148549,444852,296279) : difference with theory (-23) = 1 
CORRECTING DEFECT 15 (vertices=12, convex hull=27, v0=88052)
After retessellation of defect 15 (v0=88052), euler #=-23 (148550,444864,296291) : difference with theory (-22) = 1 
CORRECTING DEFECT 16 (vertices=24, convex hull=63, v0=90209)
After retessellation of defect 16 (v0=90209), euler #=-22 (148560,444921,296339) : difference with theory (-21) = 1 
CORRECTING DEFECT 17 (vertices=19, convex hull=41, v0=96447)
After retessellation of defect 17 (v0=96447), euler #=-21 (148568,444958,296369) : difference with theory (-20) = 1 
CORRECTING DEFECT 18 (vertices=18, convex hull=39, v0=98959)
After retessellation of defect 18 (v0=98959), euler #=-20 (148577,445000,296403) : difference with theory (-19) = 1 
CORRECTING DEFECT 19 (vertices=38, convex hull=57, v0=99198)
After retessellation of defect 19 (v0=99198), euler #=-19 (148592,445065,296454) : difference with theory (-18) = 1 
CORRECTING DEFECT 20 (vertices=20, convex hull=26, v0=100333)
After retessellation of defect 20 (v0=100333), euler #=-18 (148594,445079,296467) : difference with theory (-17) = 1 
CORRECTING DEFECT 21 (vertices=46, convex hull=82, v0=101371)
After retessellation of defect 21 (v0=101371), euler #=-17 (148617,445184,296550) : difference with theory (-16) = 1 
CORRECTING DEFECT 22 (vertices=76, convex hull=42, v0=103628)
After retessellation of defect 22 (v0=103628), euler #=-16 (148626,445227,296585) : difference with theory (-15) = 1 
CORRECTING DEFECT 23 (vertices=47, convex hull=61, v0=104666)
After retessellation of defect 23 (v0=104666), euler #=-15 (148649,445321,296657) : difference with theory (-14) = 1 
CORRECTING DEFECT 24 (vertices=109, convex hull=36, v0=105480)
After retessellation of defect 24 (v0=105480), euler #=-14 (148658,445365,296693) : difference with theory (-13) = 1 
CORRECTING DEFECT 25 (vertices=20, convex hull=22, v0=107038)
After retessellation of defect 25 (v0=107038), euler #=-13 (148664,445388,296711) : difference with theory (-12) = 1 
CORRECTING DEFECT 26 (vertices=70, convex hull=48, v0=107310)
After retessellation of defect 26 (v0=107310), euler #=-12 (148673,445433,296748) : difference with theory (-11) = 1 
CORRECTING DEFECT 27 (vertices=77, convex hull=78, v0=109511)
After retessellation of defect 27 (v0=109511), euler #=-11 (148690,445518,296817) : difference with theory (-10) = 1 
CORRECTING DEFECT 28 (vertices=27, convex hull=33, v0=110424)
After retessellation of defect 28 (v0=110424), euler #=-10 (148694,445541,296837) : difference with theory (-9) = 1 
CORRECTING DEFECT 29 (vertices=39, convex hull=71, v0=113591)
After retessellation of defect 29 (v0=113591), euler #=-9 (148718,445642,296915) : difference with theory (-8) = 1 
CORRECTING DEFECT 30 (vertices=185, convex hull=98, v0=113766)
After retessellation of defect 30 (v0=113766), euler #=-8 (148736,445740,296996) : difference with theory (-7) = 1 
CORRECTING DEFECT 31 (vertices=391, convex hull=250, v0=116154)
After retessellation of defect 31 (v0=116154), euler #=-7 (148875,446282,297400) : difference with theory (-6) = 1 
CORRECTING DEFECT 32 (vertices=113, convex hull=141, v0=116185)
After retessellation of defect 32 (v0=116185), euler #=-6 (148926,446500,297568) : difference with theory (-5) = 1 
CORRECTING DEFECT 33 (vertices=362, convex hull=294, v0=126028)
After retessellation of defect 33 (v0=126028), euler #=-4 (149068,447086,298014) : difference with theory (-4) = 0 
CORRECTING DEFECT 34 (vertices=11, convex hull=27, v0=130451)
After retessellation of defect 34 (v0=130451), euler #=-3 (149070,447101,298028) : difference with theory (-3) = 0 
CORRECTING DEFECT 35 (vertices=30, convex hull=29, v0=130457)
After retessellation of defect 35 (v0=130457), euler #=-2 (149072,447118,298044) : difference with theory (-2) = 0 
CORRECTING DEFECT 36 (vertices=19, convex hull=17, v0=132665)
After retessellation of defect 36 (v0=132665), euler #=-1 (149074,447128,298053) : difference with theory (-1) = 0 
CORRECTING DEFECT 37 (vertices=53, convex hull=33, v0=141590)
After retessellation of defect 37 (v0=141590), euler #=0 (149083,447171,298088) : difference with theory (0) = 0 
CORRECTING DEFECT 38 (vertices=109, convex hull=101, v0=148561)
After retessellation of defect 38 (v0=148561), euler #=1 (149094,447250,298157) : difference with theory (1) = 0 
CORRECTING DEFECT 39 (vertices=29, convex hull=66, v0=151611)
After retessellation of defect 39 (v0=151611), euler #=2 (149103,447303,298202) : difference with theory (2) = 0 
computing original vertex metric properties...
storing new metric properties...
computing tessellation statistics...
vertex spacing 0.89 +- 0.23 (0.05-->10.52) (max @ vno 52940 --> 62638)
face area -nan +- -nan (1000.00-->-1.00)
performing soap bubble on retessellated vertices for 0 iterations...
vertex spacing 0.89 +- 0.23 (0.05-->10.52) (max @ vno 52940 --> 62638)
face area -nan +- -nan (1000.00-->-1.00)
tessellation finished, orienting corrected surface...
133 mutations (31.4%), 290 crossovers (68.6%), 328 vertices were eliminated
building final representation...
3259 vertices and 0 faces have been removed from triangulation
after topology correction, eno=2 (nv=149103, nf=298202, ne=447303, g=0)
writing corrected surface to /out/sourcedata/freesurfer/sub-v1s21x0050416_ses-1/surf/rh.orig.premesh...

0.000 % of the vertices (0 vertices) exhibit an orientation change
removing intersecting faces
000: 332 intersecting
001: 41 intersecting
002: 5 intersecting
terminating search with 0 intersecting
topology fixing took 2.7 minutes
FSRUNTIME@ mris_fix_topology rh  0.0458 hours 16 threads
#VMPC# mris_fix_topology VmPeak  1868360

 mris_euler_number ../surf/rh.orig.premesh 

euler # = v-e+f = 2g-2: 149103 - 447303 + 298202 = 2 --> 0 holes
      F =2V-4:          298202 = 298206-4 (0)
      2E=3F:            894606 = 894606 (0)

total defect index = 0
Mon Mar  9 13:20:26 CET 2026

setenv SUBJECTS_DIR /out/sourcedata/freesurfer
cd /out/sourcedata/freesurfer/sub-v1s21x0050416_ses-1/scripts
/opt/freesurfer/bin/defect2seg --s sub-v1s21x0050416_ses-1 --rh-only --cortex

freesurfer-linux-ubuntu22_x86_64-7.3.2-20220804-6354275
defect2seg 7.3.2
Linux dna071 5.14.0-427.37.1.el9_4.x86_64 #1 SMP PREEMPT_DYNAMIC Fri Sep 13 12:41:50 EDT 2024 x86_64 x86_64 x86_64 GNU/Linux
pid 3340178
mri_label2label --label-cortex /out/sourcedata/freesurfer/sub-v1s21x0050416_ses-1/surf/rh.orig.nofix /out/sourcedata/freesurfer/sub-v1s21x0050416_ses-1/mri/aseg.presurf.mgz 0 /out/sourcedata/freesurfer/sub-v1s21x0050416_ses-1/label/rh.nofix.cortex.label

 Generating cortex label... RemoveHipAmgy=0
 NucAccIsMedialWall=0
 mris->useRealRAS=0
5 non-cortical segments detected
only using segment with 8544 vertices
erasing segment 1 (vno[0] = 94030)
erasing segment 2 (vno[0] = 96504)
erasing segment 3 (vno[0] = 103462)
erasing segment 4 (vno[0] = 104658)
mri_label2vol --defects /out/sourcedata/freesurfer/sub-v1s21x0050416_ses-1/surf/rh.orig.nofix /out/sourcedata/freesurfer/sub-v1s21x0050416_ses-1/surf/rh.defect_labels /out/sourcedata/freesurfer/sub-v1s21x0050416_ses-1/mri/orig.mgz 2000 0 /out/sourcedata/freesurfer/sub-v1s21x0050416_ses-1/mri/rh.surface.defects.mgz /out/sourcedata/freesurfer/sub-v1s21x0050416_ses-1/label/rh.nofix.cortex.label
mri_label2vol supposed to be reproducible but seed not set
Contraining to label /out/sourcedata/freesurfer/sub-v1s21x0050416_ses-1/label/rh.nofix.cortex.label
Changing input type 0 to MRI_INT
Converting defects to volume: offset=2000, merge=0
Writing to /out/sourcedata/freesurfer/sub-v1s21x0050416_ses-1/mri/rh.surface.defects.mgz
mris_defects_pointset -s /out/sourcedata/freesurfer/sub-v1s21x0050416_ses-1/surf/rh.orig.nofix -d /out/sourcedata/freesurfer/sub-v1s21x0050416_ses-1/surf/rh.defect_labels -o /out/sourcedata/freesurfer/sub-v1s21x0050416_ses-1/surf/rh.defects.pointset --label /out/sourcedata/freesurfer/sub-v1s21x0050416_ses-1/label/rh.nofix.cortex.label
Reading in surface /out/sourcedata/freesurfer/sub-v1s21x0050416_ses-1/surf/rh.orig.nofix
Reading in defect segmentation /out/sourcedata/freesurfer/sub-v1s21x0050416_ses-1/surf/rh.defect_labels
Reading in label /out/sourcedata/freesurfer/sub-v1s21x0050416_ses-1/label/rh.nofix.cortex.label
#VMPC# mris_defects_pointset 1313608
mris_defects_pointset done
 
Started at Mon Mar 9 13:20:26 CET 2026 
Ended   at Mon Mar  9 13:20:37 CET 2026
Defect2seg-Run-Time-Sec 11
Defect2seg-Run-Time-Min 0.22
Defect2seg-Run-Time-Hours 0.00
 
tkmeditfv sub-v1s21x0050416_ses-1 brain.finalsurfs.mgz -defect
defect2seg Done

 mris_remesh --remesh --iters 3 --input /out/sourcedata/freesurfer/sub-v1s21x0050416_ses-1/surf/rh.orig.premesh --output /out/sourcedata/freesurfer/sub-v1s21x0050416_ses-1/surf/rh.orig 

iters = 3
standard remeshing without target
   adjusted l: 0.714008
remeshing to edge length 0.714008 with 3 iterations

avg qual before   : 0.891614  after: 0.971504

Removing intersections
Remeshed surface quality stats nv0 = 149103  nv = 155588  1.04349
Area    311172  0.30523  0.03369 0.081882   0.4883
Corner  933516 60.00000  8.74008 19.120234 140.8213
Edge    466758  0.84750  0.08229 0.430208   1.2907
Hinge   466758  9.57588 10.30381 0.000011 145.7529
mris_remesh done
/out/sourcedata/freesurfer/sub-v1s21x0050416_ses-1/scripts

 mris_remove_intersection ../surf/rh.orig ../surf/rh.orig 

intersection removal took 0.00 hours
writing corrected surface to ../surf/rh.orig

 rm -f ../surf/rh.inflated 

#--------------------------------------------
#@# AutoDetGWStats rh Mon Mar  9 13:21:07 CET 2026
cd /out/sourcedata/freesurfer/sub-v1s21x0050416_ses-1/mri
mris_autodet_gwstats --o ../surf/autodet.gw.stats.rh.dat --i brain.finalsurfs.mgz --wm wm.mgz --surf ../surf/rh.orig.premesh
7.3.2

cd /out/sourcedata/freesurfer/sub-v1s21x0050416_ses-1/mri
setenv SUBJECTS_DIR /out/sourcedata/freesurfer
mris_autodet_gwstats --o ../surf/autodet.gw.stats.rh.dat --i brain.finalsurfs.mgz --wm wm.mgz --surf ../surf/rh.orig.premesh 

border white:    279875 voxels (1.67%)
border gray      321401 voxels (1.92%)
Reading in intensity volume brain.finalsurfs.mgz
Reading in wm volume wm.mgz
Reading in surf ../surf/rh.orig.premesh
Auto detecting stats
MRIclipBrightWM(): nthresh=22287, wmmin=5, clip=110 
Binarizing thresholding at 5
computing class statistics... low=30, hi=110.000000
CCS WM (96.0): 97.0 +- 8.4 [70.0 --> 110.0]
CCS GM (72.0) : 71.4 +- 10.6 [30.0 --> 110.0]
white_mean = 97.0374 +/- 8.36692, gray_mean = 71.3517 +/- 10.5792
using class modes intead of means, discounting robust sigmas....
MRIScomputeClassModes(): min=0 max=235 nbins=236
intensity peaks found at WM=101+-7.0,    GM=67+-7.8
white_mode = 101, gray_mode = 67
std_scale = 1
Applying sanity checks, max_scale_down = 0.2
setting MIN_GRAY_AT_WHITE_BORDER to 56.4 (was 70.000000)
setting MAX_BORDER_WHITE to 109.4 (was 105.000000)
setting MIN_BORDER_WHITE to 67.0 (was 85.000000)
setting MAX_CSF to 45.8 (was 40.000000)
setting MAX_GRAY to 92.6 (was 95.000000)
setting MAX_GRAY_AT_CSF_BORDER to 56.4 (was 75.000000)
setting MIN_GRAY_AT_CSF_BORDER to 35.3 (was 40.000000)
When placing the white surface
  white_border_hi   = 109.367;
  white_border_low  = 67;
  white_outside_low = 56.4208;
  white_inside_hi   = 120;
  white_outside_hi  = 109.367;
When placing the pial surface
  pial_border_hi   = 56.4208;
  pial_border_low  = 35.2625;
  pial_outside_low = 10;
  pial_inside_hi   = 92.6331;
  pial_outside_hi  = 51.1313;
#VMPC# mris_autodet_gwstats VmPeak  1353576
mris_autodet_gwstats done
#--------------------------------------------
#@# WhitePreAparc rh Mon Mar  9 13:21:10 CET 2026
cd /out/sourcedata/freesurfer/sub-v1s21x0050416_ses-1/mri
mris_place_surface --adgws-in ../surf/autodet.gw.stats.rh.dat --wm wm.mgz --threads 16 --invol brain.finalsurfs.mgz --rh --i ../surf/rh.orig --o ../surf/rh.white.preaparc --white --seg aseg.presurf.mgz --nsmooth 5
7.3.2
7.3.2

cd /out/sourcedata/freesurfer/sub-v1s21x0050416_ses-1/mri
setenv SUBJECTS_DIR /out/sourcedata/freesurfer
mris_place_surface --adgws-in ../surf/autodet.gw.stats.rh.dat --wm wm.mgz --threads 16 --invol brain.finalsurfs.mgz --rh --i ../surf/rh.orig --o ../surf/rh.white.preaparc --white --seg aseg.presurf.mgz --nsmooth 5 

Reading in input surface ../surf/rh.orig
Smoothing surface before ripping with 5 iterations
Area    311172  0.26970  0.06455 0.001093   0.6292
Corner  933516 60.00000  9.46422 3.472465 148.5950
Edge    466758  0.79260  0.11642 0.016915   1.3509
Hinge   466758  6.45892  6.71466 0.000009 152.0885
Not reading in aparc
Reading in input volume brain.finalsurfs.mgz
Reading in wm volume wm.mgz
MRIclipBrightWM(): nthresh=22287, wmmin=5, clip=110 
MRIfindBrightNonWM(): 1897 bright non-wm voxels segmented.
Masking bright non-wm for white surface
MRImask(): AllowDiffGeom = 1
MRImask(): AllowDiffGeom = 1
Reading in seg volume aseg.presurf.mgz
Ripping frozen voxels
INFO: rip surface needed but not specified, so using input surface
Freezing midline and others
Entering: MRISripMidline(): inhibiting deformation at non-cortical midline structures...
  which=1, fix_mtl=0, using annot = 0
#FML0# MRISripMidline(): nripped=0
removing 4 vertices from ripped group in thread:0
removing 3 vertices from ripped group in thread:0
removing 3 vertices from ripped group in thread:0
#FML# MRISripMidline(): nmarked=6836, nmarked2=62, nripped=6836
Ripping segs (eg, WMSA, BG, frozen)
Starting MRISripSegs() d = (-2 2 0.5) segnos: 247 
MRISripSegs(): -2 2 0.5 ripped 0
vertex 77794: xyz = (58.2614,-8.48643,16.2251) oxyz = (58.2614,-8.48643,16.2251) wxzy = (58.2614,-8.48643,16.2251) pxyz = (0,0,0) 
CBVO Creating mask 155588
n_averages 4
Iteration 0 =========================================
n_averages=4, current_sigma=2
Freezing midline and others
Ripping frozen voxels
INFO: rip surface needed but not specified, so using input surface
Freezing midline and others
Entering: MRISripMidline(): inhibiting deformation at non-cortical midline structures...
  which=1, fix_mtl=0, using annot = 0
#FML0# MRISripMidline(): nripped=6836
removing 4 vertices from ripped group in thread:0
removing 3 vertices from ripped group in thread:0
removing 3 vertices from ripped group in thread:0
#FML# MRISripMidline(): nmarked=6836, nmarked2=62, nripped=6836
Ripping segs (eg, WMSA, BG, frozen)
Starting MRISripSegs() d = (-2 2 0.5) segnos: 247 247 
MRISripSegs(): -2 2 0.5 ripped 0
Computing target border values 
Entering MRIScomputeBorderValues_new(): 
  inside_hi   = 120.0000000;
  border_hi   = 109.3669200;
  border_low  =  67.0000000;
  outside_low =  56.4208450;
  outside_hi  = 109.3669200;
  sigma = 2;
  max_thickness = 10;
  step_size=0.5;
  STEP_SIZE=0.1;
  which = 1
  thresh = 0
  flags = 0
  CBVfindFirstPeakD1=0
  CBVfindFirstPeakD2=0
  nvertices=155588
  Gdiag_no=-1
  vno start=0, stop=155588
Replacing 255s with 0s
#SI# sigma=2 had to be increased for 135 vertices, nripped=6836
mean border=79.9, 32 (32) missing vertices, mean dist 0.3 [0.5 (%38.0)->0.8 (%62.0))]
%68 local maxima, %28 large gradients and % 0 min vals, 0 gradients ignored
nFirstPeakD1 0
MRIScomputeBorderValues_new() finished in 0.0120 min


Finding expansion regions
mean absolute distance = 0.69 +- 0.85
5678 vertices more than 2 sigmas from mean.
Averaging target values for 5 iterations...
Positioning Surface: tspring = 0.3, nspring = 0.3, spring = 0, niters = 100 l_repulse = 5, l_surf_repulse = 0, checktol = 0
Positioning pial surface
Entering MRISpositionSurface()
  max_mm = 0.3
  MAX_REDUCTIONS = 2, REDUCTION_PCT = 0.5
  parms->check_tol = 0, niterations = 100
tol=1.0e-04, sigma=2.0, host=dna07, nav=4, nbrs=2, l_repulse=5.000, l_tspring=0.300, l_nspring=0.300, l_intensity=0.200, l_curv=1.000
mom=0.00, dt=0.50
complete_dist_mat 0
rms 0
smooth_averages 0
remove_neg 0
ico_order 0
which_surface 0
target_radius 0.000000
nfields 0
scale 0.000000
desired_rms_height 0.000000
momentum 0.000000
nbhd_size 0
max_nbrs 0
niterations 100
nsurfaces 0
SURFACES 3
flags 0 (0)
use curv 0
no sulc 0
no rigid align 0
mris->nsize 2
mris->hemisphere 1
randomSeed 0

000: dt: 0.0000, sse=3377178.0, rms=10.375
001: dt: 0.5000, sse=1823248.0, rms=7.458 (28.114%)
002: dt: 0.5000, sse=1161258.1, rms=5.781 (22.485%)
003: dt: 0.5000, sse=842198.9, rms=4.761 (17.644%)
004: dt: 0.5000, sse=671166.2, rms=4.110 (13.681%)
005: dt: 0.5000, sse=577553.2, rms=3.701 (9.953%)
006: dt: 0.5000, sse=531623.6, rms=3.479 (5.994%)
007: dt: 0.5000, sse=509592.0, rms=3.362 (3.349%)
008: dt: 0.5000, sse=497320.2, rms=3.298 (1.922%)
rms = 3.2578/3.2978, sse=491692.1/497320.2, time step reduction 1 of 3 to 0.250  0 0 1
009: dt: 0.5000, sse=491692.1, rms=3.258 (1.215%)
010: dt: 0.2500, sse=277965.2, rms=1.827 (43.913%)
011: dt: 0.2500, sse=246187.4, rms=1.505 (17.618%)
012: dt: 0.2500, sse=238583.2, rms=1.412 (6.192%)
013: dt: 0.2500, sse=234645.9, rms=1.360 (3.695%)
rms = 1.3361/1.3599, sse=233066.0/234645.9, time step reduction 2 of 3 to 0.125  0 0 1
014: dt: 0.2500, sse=233066.0, rms=1.336 (1.751%)
015: dt: 0.1250, sse=227662.5, rms=1.263 (5.505%)
rms = 1.2485/1.2625, sse=226858.2/227662.5, time step reduction 3 of 3 to 0.062  0 0 1
016: dt: 0.1250, sse=226858.2, rms=1.249 (1.107%)
  maximum number of reductions reached, breaking from loop
positioning took 1.4 minutes
Iteration 1 =========================================
n_averages=2, current_sigma=1
Freezing midline and others
Ripping frozen voxels
INFO: rip surface needed but not specified, so using input surface
Freezing midline and others
Entering: MRISripMidline(): inhibiting deformation at non-cortical midline structures...
  which=1, fix_mtl=0, using annot = 0
#FML0# MRISripMidline(): nripped=6836
removing 1 vertices from ripped group in thread:0
removing 2 vertices from ripped group in thread:0
removing 2 vertices from ripped group in thread:0
removing 4 vertices from ripped group in thread:0
removing 3 vertices from ripped group in thread:0
removing 4 vertices from ripped group in thread:0
removing 3 vertices from ripped group in thread:0
removing 2 vertices from ripped group in thread:0
#FML# MRISripMidline(): nmarked=7066, nmarked2=73, nripped=7066
Ripping segs (eg, WMSA, BG, frozen)
Starting MRISripSegs() d = (-2 2 0.5) segnos: 247 247 247 
MRISripSegs(): -2 2 0.5 ripped 0
Computing target border values 
Entering MRIScomputeBorderValues_new(): 
  inside_hi   = 120.0000000;
  border_hi   = 109.3669200;
  border_low  =  67.0000000;
  outside_low =  56.4208450;
  outside_hi  = 109.3669200;
  sigma = 1;
  max_thickness = 10;
  step_size=0.5;
  STEP_SIZE=0.1;
  which = 1
  thresh = 0
  flags = 0
  CBVfindFirstPeakD1=0
  CBVfindFirstPeakD2=0
  nvertices=155588
  Gdiag_no=-1
  vno start=0, stop=155588
Replacing 255s with 0s
#SI# sigma=1 had to be increased for 214 vertices, nripped=7066
mean border=82.3, 97 (6) missing vertices, mean dist -0.2 [0.4 (%68.2)->0.3 (%31.8))]
%75 local maxima, %21 large gradients and % 0 min vals, 0 gradients ignored
nFirstPeakD1 0
MRIScomputeBorderValues_new() finished in 0.0088 min


Finding expansion regions
mean absolute distance = 0.36 +- 0.66
4904 vertices more than 2 sigmas from mean.
Averaging target values for 5 iterations...
Positioning Surface: tspring = 0.3, nspring = 0.3, spring = 0, niters = 100 l_repulse = 5, l_surf_repulse = 0, checktol = 0
Positioning pial surface
Entering MRISpositionSurface()
  max_mm = 0.3
  MAX_REDUCTIONS = 2, REDUCTION_PCT = 0.5
  parms->check_tol = 0, niterations = 100
tol=1.0e-04, sigma=1.0, host=dna07, nav=2, nbrs=2, l_repulse=5.000, l_tspring=0.300, l_nspring=0.300, l_intensity=0.200, l_curv=1.000
mom=0.00, dt=0.50
000: dt: 0.0000, sse=781849.2, rms=4.285
017: dt: 0.5000, sse=503185.7, rms=2.976 (30.565%)
rms = 2.9670/2.9756, sse=495712.8/503185.6, time step reduction 1 of 3 to 0.250  0 0 1
018: dt: 0.5000, sse=495712.8, rms=2.967 (0.290%)
019: dt: 0.2500, sse=321289.5, rms=1.696 (42.828%)
020: dt: 0.2500, sse=295210.2, rms=1.411 (16.829%)
021: dt: 0.2500, sse=285027.4, rms=1.279 (9.351%)
022: dt: 0.2500, sse=279598.6, rms=1.196 (6.492%)
rms = 1.1553/1.1959, sse=282643.4/279598.6, time step reduction 2 of 3 to 0.125  0 1 1
023: dt: 0.2500, sse=282643.4, rms=1.155 (3.398%)
024: dt: 0.1250, sse=271774.7, rms=1.083 (6.214%)
rms = 1.0668/1.0835, sse=270814.1/271774.6, time step reduction 3 of 3 to 0.062  0 0 1
025: dt: 0.1250, sse=270814.1, rms=1.067 (1.534%)
  maximum number of reductions reached, breaking from loop
positioning took 0.8 minutes
Iteration 2 =========================================
n_averages=1, current_sigma=0.5
Freezing midline and others
Ripping frozen voxels
INFO: rip surface needed but not specified, so using input surface
Freezing midline and others
Entering: MRISripMidline(): inhibiting deformation at non-cortical midline structures...
  which=1, fix_mtl=0, using annot = 0
#FML0# MRISripMidline(): nripped=7066
removing 2 vertices from ripped group in thread:0
removing 4 vertices from ripped group in thread:0
removing 3 vertices from ripped group in thread:0
removing 4 vertices from ripped group in thread:0
removing 2 vertices from ripped group in thread:0
removing 3 vertices from ripped group in thread:0
removing 4 vertices from ripped group in thread:0
removing 3 vertices from ripped group in thread:0
removing 4 vertices from ripped group in thread:0
removing 3 vertices from ripped group in thread:0
#FML# MRISripMidline(): nmarked=7174, nmarked2=75, nripped=7174
Ripping segs (eg, WMSA, BG, frozen)
Starting MRISripSegs() d = (-2 2 0.5) segnos: 247 247 247 247 
MRISripSegs(): -2 2 0.5 ripped 0
Computing target border values 
Entering MRIScomputeBorderValues_new(): 
  inside_hi   = 120.0000000;
  border_hi   = 109.3669200;
  border_low  =  67.0000000;
  outside_low =  56.4208450;
  outside_hi  = 109.3669200;
  sigma = 0.5;
  max_thickness = 10;
  step_size=0.5;
  STEP_SIZE=0.1;
  which = 1
  thresh = 0
  flags = 0
  CBVfindFirstPeakD1=0
  CBVfindFirstPeakD2=0
  nvertices=155588
  Gdiag_no=-1
  vno start=0, stop=155588
Replacing 255s with 0s
#SI# sigma=0.5 had to be increased for 203 vertices, nripped=7174
mean border=83.9, 117 (3) missing vertices, mean dist -0.1 [0.3 (%63.7)->0.2 (%36.3))]
%81 local maxima, %15 large gradients and % 0 min vals, 0 gradients ignored
nFirstPeakD1 0
MRIScomputeBorderValues_new() finished in 0.0053 min


Finding expansion regions
mean absolute distance = 0.29 +- 0.50
4967 vertices more than 2 sigmas from mean.
Averaging target values for 5 iterations...
Positioning Surface: tspring = 0.3, nspring = 0.3, spring = 0, niters = 100 l_repulse = 5, l_surf_repulse = 0, checktol = 0
Positioning pial surface
Entering MRISpositionSurface()
  max_mm = 0.3
  MAX_REDUCTIONS = 2, REDUCTION_PCT = 0.5
  parms->check_tol = 0, niterations = 100
tol=1.0e-04, sigma=0.5, host=dna07, nav=1, nbrs=2, l_repulse=5.000, l_tspring=0.300, l_nspring=0.300, l_intensity=0.200, l_curv=1.000
mom=0.00, dt=0.50
000: dt: 0.0000, sse=451492.0, rms=2.711
026: dt: 0.5000, sse=401867.9, rms=2.363 (12.825%)
rms = 2.5753/2.3635, sse=430565.8/401867.9, time step reduction 1 of 3 to 0.250  0 1 1
   RMS increased, rejecting step
027: dt: 0.2500, sse=310696.4, rms=1.594 (32.549%)
028: dt: 0.2500, sse=277452.4, rms=1.207 (24.295%)
029: dt: 0.2500, sse=270207.6, rms=1.096 (9.188%)
rms = 1.0606/1.0960, sse=268098.2/270207.6, time step reduction 2 of 3 to 0.125  0 0 1
030: dt: 0.2500, sse=268098.2, rms=1.061 (3.225%)
031: dt: 0.1250, sse=263423.1, rms=0.988 (6.882%)
rms = 0.9763/0.9876, sse=262721.2/263423.1, time step reduction 3 of 3 to 0.062  0 0 1
032: dt: 0.1250, sse=262721.2, rms=0.976 (1.147%)
  maximum number of reductions reached, breaking from loop
positioning took 0.6 minutes
Iteration 3 =========================================
n_averages=0, current_sigma=0.25
Freezing midline and others
Ripping frozen voxels
INFO: rip surface needed but not specified, so using input surface
Freezing midline and others
Entering: MRISripMidline(): inhibiting deformation at non-cortical midline structures...
  which=1, fix_mtl=0, using annot = 0
#FML0# MRISripMidline(): nripped=7174
removing 2 vertices from ripped group in thread:0
removing 2 vertices from ripped group in thread:0
removing 4 vertices from ripped group in thread:0
removing 3 vertices from ripped group in thread:0
removing 4 vertices from ripped group in thread:0
removing 4 vertices from ripped group in thread:0
#FML# MRISripMidline(): nmarked=7211, nmarked2=74, nripped=7211
Ripping segs (eg, WMSA, BG, frozen)
Starting MRISripSegs() d = (-2 2 0.5) segnos: 247 247 247 247 247 
MRISripSegs(): -2 2 0.5 ripped 0
Computing target border values 
Entering MRIScomputeBorderValues_new(): 
  inside_hi   = 120.0000000;
  border_hi   = 109.3669200;
  border_low  =  67.0000000;
  outside_low =  56.4208450;
  outside_hi  = 109.3669200;
  sigma = 0.25;
  max_thickness = 10;
  step_size=0.5;
  STEP_SIZE=0.1;
  which = 1
  thresh = 0
  flags = 0
  CBVfindFirstPeakD1=0
  CBVfindFirstPeakD2=0
  nvertices=155588
  Gdiag_no=-1
  vno start=0, stop=155588
Replacing 255s with 0s
#SI# sigma=0.25 had to be increased for 210 vertices, nripped=7211
mean border=84.6, 159 (1) missing vertices, mean dist -0.1 [0.3 (%54.6)->0.2 (%45.4))]
%84 local maxima, %12 large gradients and % 0 min vals, 0 gradients ignored
nFirstPeakD1 0
MRIScomputeBorderValues_new() finished in 0.0034 min


Finding expansion regions
mean absolute distance = 0.26 +- 0.42
4653 vertices more than 2 sigmas from mean.
Averaging target values for 5 iterations...
Positioning Surface: tspring = 0.3, nspring = 0.3, spring = 0, niters = 100 l_repulse = 5, l_surf_repulse = 0, checktol = 0
Positioning pial surface
Entering MRISpositionSurface()
  max_mm = 0.3
  MAX_REDUCTIONS = 2, REDUCTION_PCT = 0.5
  parms->check_tol = 0, niterations = 100
tol=1.0e-04, sigma=0.2, host=dna07, nav=0, nbrs=2, l_repulse=5.000, l_tspring=0.300, l_nspring=0.300, l_intensity=0.200, l_curv=1.000
mom=0.00, dt=0.50
000: dt: 0.0000, sse=302698.6, rms=1.550
rms = 1.5644/1.5502, sse=308522.9/302698.6, time step reduction 1 of 3 to 0.250  0 1 1
   RMS increased, rejecting step
033: dt: 0.2500, sse=268087.7, rms=1.110 (28.364%)
034: dt: 0.2500, sse=253293.9, rms=0.839 (24.415%)
rms = 0.8147/0.8394, sse=252603.0/253293.9, time step reduction 2 of 3 to 0.125  0 0 1
035: dt: 0.2500, sse=252603.0, rms=0.815 (2.939%)
036: dt: 0.1250, sse=249742.7, rms=0.763 (6.360%)
rms = 0.7457/0.7629, sse=249504.9/249742.7, time step reduction 3 of 3 to 0.062  0 0 1
037: dt: 0.1250, sse=249504.9, rms=0.746 (2.249%)
  maximum number of reductions reached, breaking from loop
positioning took 0.5 minutes


Writing output to ../surf/rh.white.preaparc
#ET# mris_place_surface  3.43 minutes
#VMPC# mris_place_surfaces VmPeak  3426376
mris_place_surface done
#--------------------------------------------
#@# CortexLabel rh Mon Mar  9 13:24:41 CET 2026
cd /out/sourcedata/freesurfer/sub-v1s21x0050416_ses-1/mri
mri_label2label --label-cortex ../surf/rh.white.preaparc aseg.presurf.mgz 0 ../label/rh.cortex.label

 Generating cortex label... RemoveHipAmgy=0
 NucAccIsMedialWall=0
 mris->useRealRAS=0
4 non-cortical segments detected
only using segment with 8936 vertices
erasing segment 0 (vno[0] = 31201)
erasing segment 2 (vno[0] = 80948)
erasing segment 3 (vno[0] = 87762)
#--------------------------------------------
#@# CortexLabel+HipAmyg rh Mon Mar  9 13:24:51 CET 2026
cd /out/sourcedata/freesurfer/sub-v1s21x0050416_ses-1/mri
mri_label2label --label-cortex ../surf/rh.white.preaparc aseg.presurf.mgz 1 ../label/rh.cortex+hipamyg.label

 Generating cortex label... RemoveHipAmgy=1
 NucAccIsMedialWall=0
 mris->useRealRAS=0
12 non-cortical segments detected
only using segment with 5821 vertices
erasing segment 0 (vno[0] = 31201)
erasing segment 2 (vno[0] = 50782)
erasing segment 3 (vno[0] = 51810)
erasing segment 4 (vno[0] = 52930)
erasing segment 5 (vno[0] = 59908)
erasing segment 6 (vno[0] = 74026)
erasing segment 7 (vno[0] = 79099)
erasing segment 8 (vno[0] = 80948)
erasing segment 9 (vno[0] = 83177)
erasing segment 10 (vno[0] = 87762)
erasing segment 11 (vno[0] = 146040)
#--------------------------------------------
#@# Smooth2 rh Mon Mar  9 13:25:02 CET 2026
/out/sourcedata/freesurfer/sub-v1s21x0050416_ses-1/scripts

 mris_smooth -n 3 -nw -seed 1234 ../surf/rh.white.preaparc ../surf/rh.smoothwm 

smoothing for 3 iterations
setting seed for random number generator to 1234
smoothing surface tessellation for 3 iterations...
smoothing complete - recomputing first and second fundamental forms...
#--------------------------------------------
#@# Inflation2 rh Mon Mar  9 13:25:05 CET 2026
/out/sourcedata/freesurfer/sub-v1s21x0050416_ses-1/scripts

 mris_inflate ../surf/rh.smoothwm ../surf/rh.inflated 

Reading ../surf/rh.smoothwm
avg radius = 48.4 mm, total surface area = 96948 mm^2
step 000: RMS=0.171 (target=0.015)   step 005: RMS=0.117 (target=0.015)   step 010: RMS=0.090 (target=0.015)   step 015: RMS=0.075 (target=0.015)   step 020: RMS=0.062 (target=0.015)   step 025: RMS=0.052 (target=0.015)   step 030: RMS=0.043 (target=0.015)   step 035: RMS=0.037 (target=0.015)   step 040: RMS=0.031 (target=0.015)   step 045: RMS=0.027 (target=0.015)   step 050: RMS=0.025 (target=0.015)   step 055: RMS=0.023 (target=0.015)   step 060: RMS=0.022 (target=0.015)   writing inflated surface to ../surf/rh.inflated
writing sulcal depths to ../surf/rh.sulc

inflation complete.
inflation took 0.2 minutes
mris_inflate utimesec    58.526843
mris_inflate stimesec    1.054789
mris_inflate ru_maxrss   237804
mris_inflate ru_ixrss    0
mris_inflate ru_idrss    0
mris_inflate ru_isrss    0
mris_inflate ru_minflt   194307
mris_inflate ru_majflt   20
mris_inflate ru_nswap    0
mris_inflate ru_inblock  0
mris_inflate ru_oublock  12160
mris_inflate ru_msgsnd   0
mris_inflate ru_msgrcv   0
mris_inflate ru_nsignals 0
mris_inflate ru_nvcsw    12337
mris_inflate ru_nivcsw   297
#--------------------------------------------
#@# Curv .H and .K rh Mon Mar  9 13:25:20 CET 2026
/out/sourcedata/freesurfer/sub-v1s21x0050416_ses-1/surf

 mris_curvature -w -seed 1234 rh.white.preaparc 

setting seed for random number generator to 1234
total integrated curvature = 25.120*4pi (315.667) --> -24 handles
ICI = 184.9, FI = 1671.7, variation=26861.376
writing Gaussian curvature to ./rh.white.preaparc.K...done.
writing mean curvature to ./rh.white.preaparc.H...done.
rm -f rh.white.H
ln -s rh.white.preaparc.H rh.white.H
rm -f rh.white.K
ln -s rh.white.preaparc.K rh.white.K

 mris_curvature -seed 1234 -thresh .999 -n -a 5 -w -distances 10 10 rh.inflated 

setting seed for random number generator to 1234
normalizing curvature values.
averaging curvature patterns 5 times.
sampling 10 neighbors out to a distance of 10 mm
212 vertices thresholded to be in k1 ~ [-0.48 0.32], k2 ~ [-0.16 0.09]
total integrated curvature = 0.461*4pi (5.798) --> 1 handles
ICI = 1.6, FI = 11.4, variation=191.395
160 vertices thresholded to be in [-0.02 0.03]
writing Gaussian curvature to ./rh.inflated.K...thresholding curvature at 99.90% level
curvature mean = 0.000, std = 0.001
140 vertices thresholded to be in [-0.20 0.16]
done.
writing mean curvature to ./rh.inflated.H...curvature mean = -0.016, std = 0.024
done.
#--------------------------------------------
#@# Sphere rh Mon Mar  9 13:26:02 CET 2026
/out/sourcedata/freesurfer/sub-v1s21x0050416_ses-1/scripts

 mris_sphere -seed 1234 ../surf/rh.inflated ../surf/rh.sphere 

setting seed for random number genererator to 1234
version: 7.3.2
available threads: 16
reading original vertex positions...
projecting onto sphere...
surface projected - minimizing metric distortion...
scaling brain by 0.261...
MRISunfold() max_passes = 1 -------
tol=5.0e-01, sigma=0.0, host=dna07, nav=1024, nbrs=2, l_area=1.000, l_dist=1.000
using quadratic fit line minimization
complete_dist_mat 0
rms 0
smooth_averages 0
remove_neg 0
ico_order 0
which_surface 0
target_radius 0.000000
nfields 0
scale 1.000000
desired_rms_height -1.000000
momentum 0.900000
nbhd_size 7
max_nbrs 8
niterations 25
nsurfaces 0
SURFACES 3
flags 0 (0)
use curv 0
no sulc 0
no rigid align 0
mris->nsize 2
mris->hemisphere 1
randomSeed 1234

singular matrix in quadratic form
--------------------
  mrisRemoveNegativeArea()
pass 1: epoch 1 of 3 starting distance error %20.86
pass 1: epoch 2 of 3 starting distance error %20.82
unfolding complete - removing small folds...
starting distance error %20.76
removing remaining folds...
final distance error %20.80
MRISunfold() return, current seed 1234
-01: dt=0.0000,  23 negative triangles  VmPeak 1629304
194: dt=0.9900,  23 negative triangles
195: dt=0.9900,   3 negative triangles
196: dt=0.9900,   3 negative triangles
197: dt=0.9900,   1 negative triangles
198: dt=0.9900,   3 negative triangles
199: dt=0.9900,   3 negative triangles
200: dt=0.9900,   3 negative triangles
201: dt=0.9900,   1 negative triangles
202: dt=0.9900,   1 negative triangles
203: dt=0.9900,   1 negative triangles
204: dt=0.9900,   3 negative triangles
205: dt=0.9900,   1 negative triangles
writing spherical brain to ../surf/rh.sphere
spherical transformation took 0.0626 hours
FSRUNTIME@ mris_sphere  0.0626 hours 16 threads
#VMPC# mris_sphere VmPeak  1629304
mris_sphere done
#--------------------------------------------
#@# Surf Reg rh Mon Mar  9 13:29:47 CET 2026
/out/sourcedata/freesurfer/sub-v1s21x0050416_ses-1/scripts

 mris_register -curv ../surf/rh.sphere /opt/freesurfer/average/rh.folding.atlas.acfb40.noaparc.i12.2016-08-02.tif ../surf/rh.sphere.reg 

using smoothwm curvature for final alignment

cwd /out/sourcedata/freesurfer/sub-v1s21x0050416_ses-1/scripts
cmdline mris_register -curv ../surf/rh.sphere /opt/freesurfer/average/rh.folding.atlas.acfb40.noaparc.i12.2016-08-02.tif ../surf/rh.sphere.reg 

0 inflated.H
1 sulc
2 smoothwm (computed)
7.3.2
  7.3.2
reading surface from ../surf/rh.sphere...
reading template parameterization from /opt/freesurfer/average/rh.folding.atlas.acfb40.noaparc.i12.2016-08-02.tif...
MRISregister() -------
max_passes = 4 
min_degrees = 0.500000 
max_degrees = 64.000000 
nangles = 8 
tol=5.0e-01, sigma=0.0, host=dna07, nav=1024, nbrs=1, l_extern=10000.000, l_parea=0.200, l_nlarea=1.000, l_corr=1.000, l_dist=5.000
using quadratic fit line minimization
complete_dist_mat 0
rms 0
smooth_averages 0
remove_neg 0
ico_order 0
which_surface 0
target_radius 0.000000
nfields 0
scale 0.000000
desired_rms_height -1.000000
momentum 0.950000
nbhd_size -10
max_nbrs 10
niterations 25
nsurfaces 0
SURFACES 3
flags 16 (10)
use curv 16
no sulc 0
no rigid align 0
mris->nsize 1
mris->hemisphere 1
randomSeed 0

tol=5.0e-01, sigma=0.0, host=dna07, nav=1024, nbrs=1, l_extern=10000.000, l_parea=0.200, l_nlarea=1.000, l_corr=1.000, l_dist=5.000
using quadratic fit line minimization
--------------------
1 Reading rh.sulc
tol=1.0e+00, sigma=0.5, host=dna07, nav=1024, nbrs=1, l_extern=10000.000, l_parea=0.200, l_nlarea=1.000, l_corr=0.050, l_spring=0.500, l_dist=5.000
using quadratic fit line minimization
curvature mean = 0.000, std = 5.731
curvature mean = 0.026, std = 0.804
curvature mean = 0.007, std = 0.850
Starting MRISrigidBodyAlignGlobal()
Starting new MRISrigidBodyAlignGlobal_findMinSSE()
  new MRISrigidBodyAlignGlobal_findMinSSE min @ (5.50, -3.50, 13.50) sse = 276152.2, elapsed since starting=0.0682 min
MRISrigidBodyAlignGlobal() done   0.07 min
curvature mean = -0.005, std = 0.817
curvature mean = 0.002, std = 0.943
curvature mean = -0.010, std = 0.825
curvature mean = 0.001, std = 0.977
curvature mean = -0.011, std = 0.826
curvature mean = 0.000, std = 0.991
2 Reading smoothwm
curvature mean = -0.021, std = 0.273
curvature mean = 0.038, std = 0.239
curvature mean = 0.045, std = 0.353
curvature mean = 0.032, std = 0.298
curvature mean = 0.035, std = 0.540
curvature mean = 0.031, std = 0.324
curvature mean = 0.020, std = 0.682
curvature mean = 0.031, std = 0.336
curvature mean = 0.007, std = 0.790
MRISregister() return, current seed 0
-01: dt=0.0000,  53 negative triangles  VmPeak 1626016
115: dt=0.9900,  53 negative triangles
116: dt=0.9900,  31 negative triangles
117: dt=0.9900,  27 negative triangles
118: dt=0.9900,  24 negative triangles
119: dt=0.9900,  19 negative triangles
120: dt=0.9900,  26 negative triangles
121: dt=0.9900,  19 negative triangles
122: dt=0.9900,  21 negative triangles
123: dt=0.9900,  20 negative triangles
124: dt=0.9900,  17 negative triangles
125: dt=0.9900,  22 negative triangles
126: dt=0.9900,  17 negative triangles
127: dt=0.9900,  18 negative triangles
128: dt=0.9900,  14 negative triangles
129: dt=0.9900,  17 negative triangles
130: dt=0.9900,  12 negative triangles
131: dt=0.9900,   6 negative triangles
132: dt=0.9900,  10 negative triangles
133: dt=0.9900,   6 negative triangles
134: dt=0.9900,   7 negative triangles
135: dt=0.9900,   6 negative triangles
136: dt=0.9900,   2 negative triangles
137: dt=0.9900,   3 negative triangles
138: dt=0.9900,   6 negative triangles
139: dt=0.9900,   2 negative triangles
140: dt=0.9900,   2 negative triangles
141: dt=0.9900,   1 negative triangles
142: dt=0.9900,   1 negative triangles
writing registered surface to ../surf/rh.sphere.reg...
registration took 0.06 hours
#VMPC# mris_register VmPeak  1626016
FSRUNTIME@ mris_register  0.0624 hours 16 threads

 ln -sf rh.sphere.reg rh.fsaverage.sphere.reg 

#--------------------------------------------
#@# Jacobian white rh Mon Mar  9 13:33:32 CET 2026
/out/sourcedata/freesurfer/sub-v1s21x0050416_ses-1/scripts

 mris_jacobian ../surf/rh.white.preaparc ../surf/rh.sphere.reg ../surf/rh.jacobian_white 

reading surface from ../surf/rh.white.preaparc...
writing curvature file ../surf/rh.jacobian_white
#--------------------------------------------
#@# AvgCurv rh Mon Mar  9 13:33:33 CET 2026
/out/sourcedata/freesurfer/sub-v1s21x0050416_ses-1/scripts

 mrisp_paint -a 5 /opt/freesurfer/average/rh.folding.atlas.acfb40.noaparc.i12.2016-08-02.tif#6 ../surf/rh.sphere.reg ../surf/rh.avg_curv 

averaging curvature patterns 5 times...
reading surface from ../surf/rh.sphere.reg...
reading template parameterization from /opt/freesurfer/average/rh.folding.atlas.acfb40.noaparc.i12.2016-08-02.tif...
writing curvature file to ../surf/rh.avg_curv...
#-----------------------------------------
#@# Cortical Parc rh Mon Mar  9 13:33:33 CET 2026
/out/sourcedata/freesurfer/sub-v1s21x0050416_ses-1/scripts

 mris_ca_label -l ../label/rh.cortex.label -aseg ../mri/aseg.presurf.mgz -seed 1234 sub-v1s21x0050416_ses-1 rh ../surf/rh.sphere.reg /opt/freesurfer/average/rh.DKaparc.atlas.acfb40.noaparc.i12.2016-08-02.gcs ../label/rh.aparc.annot 

setting seed for random number generator to 1234
using ../mri/aseg.presurf.mgz aseg volume to correct midline
7.3.2
  7.3.2
reading atlas from /opt/freesurfer/average/rh.DKaparc.atlas.acfb40.noaparc.i12.2016-08-02.gcs...
reading color table from GCSA file....
average std = 0.7   using min determinant for regularization = 0.004
0 singular and 309 ill-conditioned covariance matrices regularized
input 0: MEAN CURVATURE, flags 0, avgs 5, name mean_curvature
labeling surface...
1489 labels changed using aseg
relabeling using gibbs priors...
000:   3148 changed, 155588 examined...
001:    662 changed, 13442 examined...
002:    155 changed, 3807 examined...
003:     46 changed, 971 examined...
004:     17 changed, 288 examined...
005:      6 changed, 112 examined...
006:      1 changed, 41 examined...
007:      0 changed, 7 examined...
182 labels changed using aseg
000: 106 total segments, 69 labels (178 vertices) changed
001: 38 total segments, 1 labels (2 vertices) changed
002: 37 total segments, 0 labels (0 vertices) changed
10 filter iterations complete (10 requested, 4 changed)
rationalizing unknown annotations with cortex label
relabeling unknown label...
relabeling corpuscallosum label...
1843 vertices marked for relabeling...
1843 labels changed in reclassification.
writing output to ../label/rh.aparc.annot...
classification took 0 minutes and 8 seconds.
#--------------------------------------------
#@# WhiteSurfs rh Mon Mar  9 13:33:42 CET 2026
cd /out/sourcedata/freesurfer/sub-v1s21x0050416_ses-1/mri
mris_place_surface --adgws-in ../surf/autodet.gw.stats.rh.dat --seg aseg.presurf.mgz --threads 16 --wm wm.mgz --invol brain.finalsurfs.mgz --rh --i ../surf/rh.white.preaparc --o ../surf/rh.white --white --nsmooth 0 --rip-label ../label/rh.cortex.label --rip-bg --rip-surf ../surf/rh.white.preaparc --aparc ../label/rh.aparc.annot
7.3.2
7.3.2

cd /out/sourcedata/freesurfer/sub-v1s21x0050416_ses-1/mri
setenv SUBJECTS_DIR /out/sourcedata/freesurfer
mris_place_surface --adgws-in ../surf/autodet.gw.stats.rh.dat --seg aseg.presurf.mgz --threads 16 --wm wm.mgz --invol brain.finalsurfs.mgz --rh --i ../surf/rh.white.preaparc --o ../surf/rh.white --white --nsmooth 0 --rip-label ../label/rh.cortex.label --rip-bg --rip-surf ../surf/rh.white.preaparc --aparc ../label/rh.aparc.annot 

Reading in input surface ../surf/rh.white.preaparc
Not smoothing input surface
Area    311172  0.34310  0.12367 0.000524   2.1716
Corner  933516 60.00000 14.00995 0.187983 178.7937
Edge    466758  0.90139  0.20402 0.029012   3.7489
Hinge   466758 10.05101 11.61392 0.000024 179.9497
Reading in aparc ../label/rh.aparc.annot
Reading in input volume brain.finalsurfs.mgz
Reading in wm volume wm.mgz
MRIclipBrightWM(): nthresh=22287, wmmin=5, clip=110 
MRIfindBrightNonWM(): 1897 bright non-wm voxels segmented.
Masking bright non-wm for white surface
MRImask(): AllowDiffGeom = 1
MRImask(): AllowDiffGeom = 1
Reading in seg volume aseg.presurf.mgz
Ripping frozen voxels
Ripping vertices not in label ../label/rh.cortex.label
MRISripNotLabel() ripped 9145/155588 vertices (146443 unripped)
Reading in ripping surface ../surf/rh.white.preaparc
Reading in aparc ../label/rh.aparc.annot for ripsurf
Ripping BG
MRISripBasalGanglia(): 1 -2 2 0.5 ripped 433
Ripping segs (eg, WMSA, BG, frozen)
Starting MRISripSegs() d = (-2 2 0.5) segnos: 247 
MRISripSegs(): -2 2 0.5 ripped 0
vertex 77794: xyz = (59.082,-6.97586,15.0936) oxyz = (59.082,-6.97586,15.0936) wxzy = (59.082,-6.97586,15.0936) pxyz = (0,0,0) 
CBVO Creating mask 155588
n_averages 4
Iteration 0 =========================================
n_averages=4, current_sigma=2
Computing target border values 
Entering MRIScomputeBorderValues_new(): 
  inside_hi   = 120.0000000;
  border_hi   = 109.3669200;
  border_low  =  67.0000000;
  outside_low =  56.4208450;
  outside_hi  = 109.3669200;
  sigma = 2;
  max_thickness = 10;
  step_size=0.5;
  STEP_SIZE=0.1;
  which = 1
  thresh = 0
  flags = 0
  CBVfindFirstPeakD1=0
  CBVfindFirstPeakD2=0
  nvertices=155588
  Gdiag_no=-1
  vno start=0, stop=155588
Replacing 255s with 0s
#SI# sigma=2 had to be increased for 205 vertices, nripped=9578
mean border=79.5, 93 (93) missing vertices, mean dist 0.3 [0.7 (%20.1)->0.5 (%79.9))]
%62 local maxima, %32 large gradients and % 0 min vals, 0 gradients ignored
nFirstPeakD1 0
MRIScomputeBorderValues_new() finished in 0.0118 min


Finding expansion regions
mean absolute distance = 0.56 +- 0.88
3912 vertices more than 2 sigmas from mean.
Averaging target values for 5 iterations...
Positioning Surface: tspring = 0.3, nspring = 0.3, spring = 0, niters = 100 l_repulse = 5, l_surf_repulse = 0, checktol = 0
Positioning pial surface
Entering MRISpositionSurface()
  max_mm = 0.3
  MAX_REDUCTIONS = 2, REDUCTION_PCT = 0.5
  parms->check_tol = 0, niterations = 100
tol=1.0e-04, sigma=2.0, host=dna07, nav=4, nbrs=2, l_repulse=5.000, l_tspring=0.300, l_nspring=0.300, l_intensity=0.200, l_curv=1.000
mom=0.00, dt=0.50
complete_dist_mat 0
rms 0
smooth_averages 0
remove_neg 0
ico_order 0
which_surface 0
target_radius 0.000000
nfields 0
scale 0.000000
desired_rms_height 0.000000
momentum 0.000000
nbhd_size 0
max_nbrs 0
niterations 100
nsurfaces 0
SURFACES 3
flags 0 (0)
use curv 0
no sulc 0
no rigid align 0
mris->nsize 2
mris->hemisphere 1
randomSeed 0

000: dt: 0.0000, sse=1722665.1, rms=7.157
001: dt: 0.5000, sse=810643.9, rms=4.485 (37.326%)
002: dt: 0.5000, sse=590201.5, rms=3.548 (20.892%)
003: dt: 0.5000, sse=535802.8, rms=3.269 (7.873%)
004: dt: 0.5000, sse=501986.9, rms=3.078 (5.833%)
rms = 3.0844/3.0783, sse=505848.3/501986.9, time step reduction 1 of 3 to 0.250  0 1 1
   RMS increased, rejecting step
005: dt: 0.2500, sse=361245.1, rms=2.144 (30.351%)
006: dt: 0.2500, sse=307479.8, rms=1.648 (23.139%)
007: dt: 0.2500, sse=291972.8, rms=1.473 (10.640%)
008: dt: 0.2500, sse=286795.4, rms=1.396 (5.185%)
009: dt: 0.2500, sse=282619.8, rms=1.341 (3.958%)
rms = 1.3129/1.3410, sse=279934.9/282619.7, time step reduction 2 of 3 to 0.125  0 0 1
010: dt: 0.2500, sse=279934.9, rms=1.313 (2.091%)
011: dt: 0.1250, sse=276687.1, rms=1.260 (4.045%)
rms = 1.2446/1.2598, sse=276325.0/276687.1, time step reduction 3 of 3 to 0.062  0 0 1
012: dt: 0.1250, sse=276325.0, rms=1.245 (1.206%)
  maximum number of reductions reached, breaking from loop
positioning took 1.2 minutes
Iteration 1 =========================================
n_averages=2, current_sigma=1
Computing target border values 
Entering MRIScomputeBorderValues_new(): 
  inside_hi   = 120.0000000;
  border_hi   = 109.3669200;
  border_low  =  67.0000000;
  outside_low =  56.4208450;
  outside_hi  = 109.3669200;
  sigma = 1;
  max_thickness = 10;
  step_size=0.5;
  STEP_SIZE=0.1;
  which = 1
  thresh = 0
  flags = 0
  CBVfindFirstPeakD1=0
  CBVfindFirstPeakD2=0
  nvertices=155588
  Gdiag_no=-1
  vno start=0, stop=155588
Replacing 255s with 0s
#SI# sigma=1 had to be increased for 183 vertices, nripped=9578
mean border=82.0, 138 (33) missing vertices, mean dist -0.2 [0.4 (%68.1)->0.3 (%31.9))]
%72 local maxima, %21 large gradients and % 0 min vals, 0 gradients ignored
nFirstPeakD1 0
MRIScomputeBorderValues_new() finished in 0.0089 min


Finding expansion regions
mean absolute distance = 0.37 +- 0.69
5024 vertices more than 2 sigmas from mean.
Averaging target values for 5 iterations...
Positioning Surface: tspring = 0.3, nspring = 0.3, spring = 0, niters = 100 l_repulse = 5, l_surf_repulse = 0, checktol = 0
Positioning pial surface
Entering MRISpositionSurface()
  max_mm = 0.3
  MAX_REDUCTIONS = 2, REDUCTION_PCT = 0.5
  parms->check_tol = 0, niterations = 100
tol=1.0e-04, sigma=1.0, host=dna07, nav=2, nbrs=2, l_repulse=5.000, l_tspring=0.300, l_nspring=0.300, l_intensity=0.200, l_curv=1.000
mom=0.00, dt=0.50
000: dt: 0.0000, sse=755570.1, rms=4.176
013: dt: 0.5000, sse=487073.0, rms=2.866 (31.358%)
rms = 2.8343/2.8665, sse=481201.7/487073.0, time step reduction 1 of 3 to 0.250  0 0 1
014: dt: 0.5000, sse=481201.7, rms=2.834 (1.124%)
015: dt: 0.2500, sse=324740.4, rms=1.626 (42.643%)
016: dt: 0.2500, sse=301699.8, rms=1.345 (17.269%)
017: dt: 0.2500, sse=292810.2, rms=1.220 (9.274%)
018: dt: 0.2500, sse=287439.7, rms=1.150 (5.790%)
rms = 1.1160/1.1495, sse=288386.8/287439.7, time step reduction 2 of 3 to 0.125  0 1 1
019: dt: 0.2500, sse=288386.8, rms=1.116 (2.913%)
020: dt: 0.1250, sse=279527.5, rms=1.051 (5.848%)
rms = 1.0383/1.0508, sse=278691.8/279527.5, time step reduction 3 of 3 to 0.062  0 0 1
021: dt: 0.1250, sse=278691.8, rms=1.038 (1.187%)
  maximum number of reductions reached, breaking from loop
positioning took 0.8 minutes
Iteration 2 =========================================
n_averages=1, current_sigma=0.5
Computing target border values 
Entering MRIScomputeBorderValues_new(): 
  inside_hi   = 120.0000000;
  border_hi   = 109.3669200;
  border_low  =  67.0000000;
  outside_low =  56.4208450;
  outside_hi  = 109.3669200;
  sigma = 0.5;
  max_thickness = 10;
  step_size=0.5;
  STEP_SIZE=0.1;
  which = 1
  thresh = 0
  flags = 0
  CBVfindFirstPeakD1=0
  CBVfindFirstPeakD2=0
  nvertices=155588
  Gdiag_no=-1
  vno start=0, stop=155588
Replacing 255s with 0s
#SI# sigma=0.5 had to be increased for 196 vertices, nripped=9578
mean border=83.8, 171 (23) missing vertices, mean dist -0.1 [0.3 (%64.3)->0.2 (%35.7))]
%79 local maxima, %14 large gradients and % 0 min vals, 0 gradients ignored
nFirstPeakD1 0
MRIScomputeBorderValues_new() finished in 0.0053 min


Finding expansion regions
mean absolute distance = 0.30 +- 0.52
5276 vertices more than 2 sigmas from mean.
Averaging target values for 5 iterations...
Positioning Surface: tspring = 0.3, nspring = 0.3, spring = 0, niters = 100 l_repulse = 5, l_surf_repulse = 0, checktol = 0
Positioning pial surface
Entering MRISpositionSurface()
  max_mm = 0.3
  MAX_REDUCTIONS = 2, REDUCTION_PCT = 0.5
  parms->check_tol = 0, niterations = 100
tol=1.0e-04, sigma=0.5, host=dna07, nav=1, nbrs=2, l_repulse=5.000, l_tspring=0.300, l_nspring=0.300, l_intensity=0.200, l_curv=1.000
mom=0.00, dt=0.50
000: dt: 0.0000, sse=461938.2, rms=2.757
022: dt: 0.5000, sse=410334.0, rms=2.380 (13.666%)
rms = 2.5558/2.3804, sse=432924.9/410334.0, time step reduction 1 of 3 to 0.250  0 1 1
   RMS increased, rejecting step
023: dt: 0.2500, sse=318899.7, rms=1.612 (32.280%)
024: dt: 0.2500, sse=286571.4, rms=1.204 (25.304%)
025: dt: 0.2500, sse=279224.6, rms=1.086 (9.804%)
rms = 1.0425/1.0861, sse=274012.4/279224.6, time step reduction 2 of 3 to 0.125  0 0 1
026: dt: 0.2500, sse=274012.4, rms=1.043 (4.007%)
027: dt: 0.1250, sse=269361.1, rms=0.967 (7.202%)
rms = 0.9545/0.9675, sse=268736.0/269361.1, time step reduction 3 of 3 to 0.062  0 0 1
028: dt: 0.1250, sse=268736.0, rms=0.954 (1.341%)
  maximum number of reductions reached, breaking from loop
positioning took 0.7 minutes
Iteration 3 =========================================
n_averages=0, current_sigma=0.25
Computing target border values 
Entering MRIScomputeBorderValues_new(): 
  inside_hi   = 120.0000000;
  border_hi   = 109.3669200;
  border_low  =  67.0000000;
  outside_low =  56.4208450;
  outside_hi  = 109.3669200;
  sigma = 0.25;
  max_thickness = 10;
  step_size=0.5;
  STEP_SIZE=0.1;
  which = 1
  thresh = 0
  flags = 0
  CBVfindFirstPeakD1=0
  CBVfindFirstPeakD2=0
  nvertices=155588
  Gdiag_no=-1
  vno start=0, stop=155588
Replacing 255s with 0s
#SI# sigma=0.25 had to be increased for 209 vertices, nripped=9578
mean border=84.5, 235 (19) missing vertices, mean dist -0.1 [0.3 (%54.9)->0.2 (%45.1))]
%82 local maxima, %11 large gradients and % 0 min vals, 0 gradients ignored
nFirstPeakD1 0
MRIScomputeBorderValues_new() finished in 0.0037 min


Finding expansion regions
mean absolute distance = 0.27 +- 0.43
4817 vertices more than 2 sigmas from mean.
Averaging target values for 5 iterations...
Positioning Surface: tspring = 0.3, nspring = 0.3, spring = 0, niters = 100 l_repulse = 5, l_surf_repulse = 0, checktol = 0
Positioning pial surface
Entering MRISpositionSurface()
  max_mm = 0.3
  MAX_REDUCTIONS = 2, REDUCTION_PCT = 0.5
  parms->check_tol = 0, niterations = 100
tol=1.0e-04, sigma=0.2, host=dna07, nav=0, nbrs=2, l_repulse=5.000, l_tspring=0.300, l_nspring=0.300, l_intensity=0.200, l_curv=1.000
mom=0.00, dt=0.50
000: dt: 0.0000, sse=308294.7, rms=1.547
rms = 1.5888/1.5470, sse=328670.9/308294.7, time step reduction 1 of 3 to 0.250  0 1 1
   RMS increased, rejecting step
029: dt: 0.2500, sse=275349.5, rms=1.107 (28.472%)
030: dt: 0.2500, sse=264092.4, rms=0.828 (25.183%)
rms = 0.8129/0.8279, sse=264315.4/264092.4, time step reduction 2 of 3 to 0.125  0 1 1
031: dt: 0.2500, sse=264315.4, rms=0.813 (1.805%)
032: dt: 0.1250, sse=258453.9, rms=0.756 (7.003%)
rms = 0.7400/0.7560, sse=259113.7/258453.9, time step reduction 3 of 3 to 0.062  0 1 1
033: dt: 0.1250, sse=259113.7, rms=0.740 (2.119%)
  maximum number of reductions reached, breaking from loop
positioning took 0.5 minutes


Writing output to ../surf/rh.white
#ET# mris_place_surface  3.17 minutes
#VMPC# mris_place_surfaces VmPeak  3328464
mris_place_surface done
#--------------------------------------------
#@# T1PialSurf rh Mon Mar  9 13:36:57 CET 2026
cd /out/sourcedata/freesurfer/sub-v1s21x0050416_ses-1/mri
mris_place_surface --adgws-in ../surf/autodet.gw.stats.rh.dat --seg aseg.presurf.mgz --threads 16 --wm wm.mgz --invol brain.finalsurfs.mgz --rh --i ../surf/rh.white --o ../surf/rh.pial.T1 --pial --nsmooth 0 --rip-label ../label/rh.cortex+hipamyg.label --pin-medial-wall ../label/rh.cortex.label --aparc ../label/rh.aparc.annot --repulse-surf ../surf/rh.white --white-surf ../surf/rh.white
7.3.2
7.3.2

cd /out/sourcedata/freesurfer/sub-v1s21x0050416_ses-1/mri
setenv SUBJECTS_DIR /out/sourcedata/freesurfer
mris_place_surface --adgws-in ../surf/autodet.gw.stats.rh.dat --seg aseg.presurf.mgz --threads 16 --wm wm.mgz --invol brain.finalsurfs.mgz --rh --i ../surf/rh.white --o ../surf/rh.pial.T1 --pial --nsmooth 0 --rip-label ../label/rh.cortex+hipamyg.label --pin-medial-wall ../label/rh.cortex.label --aparc ../label/rh.aparc.annot --repulse-surf ../surf/rh.white --white-surf ../surf/rh.white 

Reading in input surface ../surf/rh.white
Not smoothing input surface
Area    311172  0.34700  0.14004 0.000520   2.5301
Corner  933516 60.00000 15.61012 0.327146 178.9860
Edge    466758  0.90848  0.22678 0.019595   3.7489
Hinge   466758 10.29258 12.23487 0.000002 179.9866
Reading white surface coordinates from ../surf/rh.white
Reading repulsion surface coordinates from ../surf/rh.white
Reading in aparc ../label/rh.aparc.annot
Reading in input volume brain.finalsurfs.mgz
Reading in wm volume wm.mgz
MRIclipBrightWM(): nthresh=22287, wmmin=5, clip=110 
MRIfindBrightNonWM(): 1897 bright non-wm voxels segmented.
Masking bright non-wm for pial surface mid_gray = 63.9478
MRImask(): AllowDiffGeom = 1
MRImask(): AllowDiffGeom = 1
MRImask(): AllowDiffGeom = 1
Reading in seg volume aseg.presurf.mgz
Ripping frozen voxels
Ripping vertices not in label ../label/rh.cortex+hipamyg.label
MRISripNotLabel() ripped 6275/155588 vertices (149313 unripped)
INFO: rip surface needed but not specified, so using input surface
Ripping segs (eg, WMSA, BG, frozen)
Starting MRISripSegs() d = (-2 2 0.5) segnos: 247 
MRISripSegs(): -2 2 0.5 ripped 0
vertex 77794: xyz = (59.2712,-7.20812,15.1127) oxyz = (59.2712,-7.20812,15.1127) wxzy = (59.2712,-7.20812,15.1127) pxyz = (59.2712,-7.20812,15.1127) 
CBVO Creating mask 155588
n_averages 16
Iteration 0 =========================================
n_averages=16, current_sigma=2
Computing target border values 
Entering MRIScomputeBorderValues_new(): 
  inside_hi   =  92.6330800;
  border_hi   =  56.4208450;
  border_low  =  35.2625390;
  outside_low =  10.0000000;
  outside_hi  =  51.1312680;
  sigma = 2;
  max_thickness = 10;
  step_size=0.5;
  STEP_SIZE=0.1;
  which = 2
  thresh = 0
  flags = 0
  CBVfindFirstPeakD1=0
  CBVfindFirstPeakD2=0
  nvertices=155588
  Gdiag_no=-1
  vno start=0, stop=155588
Replacing 255s with 0s
#SI# sigma=2 had to be increased for 333 vertices, nripped=6275
mean border=55.3, 175 (175) missing vertices, mean dist 1.6 [0.0 (%0.0)->2.7 (%100.0))]
%10 local maxima, %45 large gradients and %41 min vals, 0 gradients ignored
nFirstPeakD1 0
MRIScomputeBorderValues_new() finished in 0.0112 min


Averaging target values for 5 iterations...
Positioning Surface: tspring = 0.3, nspring = 0.3, spring = 0, niters = 100 l_repulse = 0, l_surf_repulse = 5, checktol = 0
Positioning pial surface
Entering MRISpositionSurface()
  max_mm = 0.3
  MAX_REDUCTIONS = 2, REDUCTION_PCT = 0.5
  parms->check_tol = 0, niterations = 100
tol=1.0e-04, sigma=2.0, host=dna07, nav=16, nbrs=2, l_surf_repulse=5.000, l_tspring=0.300, l_nspring=0.300, l_intensity=0.200, l_curv=1.000
mom=0.00, dt=0.50
complete_dist_mat 0
rms 0
smooth_averages 0
remove_neg 0
ico_order 0
which_surface 0
target_radius 0.000000
nfields 0
scale 0.000000
desired_rms_height 0.000000
momentum 0.000000
nbhd_size 0
max_nbrs 0
niterations 100
nsurfaces 0
SURFACES 3
flags 0 (0)
use curv 0
no sulc 0
no rigid align 0
mris->nsize 2
mris->hemisphere 1
randomSeed 0

000: dt: 0.0000, sse=26914168.0, rms=29.909
001: dt: 0.5000, sse=18590962.0, rms=24.809 (17.052%)
002: dt: 0.5000, sse=12637284.0, rms=20.391 (17.806%)
003: dt: 0.5000, sse=8796860.0, rms=16.940 (16.927%)
004: dt: 0.5000, sse=6462953.0, rms=14.443 (14.740%)
005: dt: 0.5000, sse=5001338.0, rms=12.629 (12.558%)
006: dt: 0.5000, sse=3982523.0, rms=11.190 (11.391%)
007: dt: 0.5000, sse=3206160.0, rms=9.954 (11.050%)
008: dt: 0.5000, sse=2575156.8, rms=8.821 (11.384%)
009: dt: 0.5000, sse=2056372.8, rms=7.765 (11.968%)
010: dt: 0.5000, sse=1654114.2, rms=6.834 (11.992%)
011: dt: 0.5000, sse=1373986.1, rms=6.100 (10.740%)
012: dt: 0.5000, sse=1184459.1, rms=5.547 (9.066%)
013: dt: 0.5000, sse=1056440.6, rms=5.138 (7.379%)
014: dt: 0.5000, sse=979413.6, rms=4.873 (5.157%)
015: dt: 0.5000, sse=928534.3, rms=4.688 (3.796%)
016: dt: 0.5000, sse=898776.8, rms=4.574 (2.431%)
017: dt: 0.5000, sse=872643.2, rms=4.471 (2.237%)
018: dt: 0.5000, sse=857847.8, rms=4.410 (1.377%)
019: dt: 0.5000, sse=841276.2, rms=4.342 (1.545%)
rms = 4.3031/4.3417, sse=832678.3/841276.2, time step reduction 1 of 3 to 0.250  0 0 1
020: dt: 0.5000, sse=832678.3, rms=4.303 (0.890%)
021: dt: 0.2500, sse=707985.1, rms=3.767 (12.458%)
022: dt: 0.2500, sse=681874.4, rms=3.645 (3.226%)
rms = 3.6407/3.6455, sse=681341.2/681874.4, time step reduction 2 of 3 to 0.125  0 0 1
023: dt: 0.2500, sse=681341.2, rms=3.641 (0.131%)
024: dt: 0.1250, sse=654356.5, rms=3.510 (3.581%)
rms = 3.4877/3.5103, sse=649852.7/654356.5, time step reduction 3 of 3 to 0.062  0 0 1
025: dt: 0.1250, sse=649852.7, rms=3.488 (0.645%)
  maximum number of reductions reached, breaking from loop
positioning took 2.0 minutes
Iteration 1 =========================================
n_averages=8, current_sigma=1
Computing target border values 
Entering MRIScomputeBorderValues_new(): 
  inside_hi   =  92.6330800;
  border_hi   =  56.4208450;
  border_low  =  35.2625390;
  outside_low =  10.0000000;
  outside_hi  =  51.1312680;
  sigma = 1;
  max_thickness = 10;
  step_size=0.5;
  STEP_SIZE=0.1;
  which = 2
  thresh = 0
  flags = 0
  CBVfindFirstPeakD1=0
  CBVfindFirstPeakD2=0
  nvertices=155588
  Gdiag_no=-1
  vno start=0, stop=155588
Replacing 255s with 0s
#SI# sigma=1 had to be increased for 12734 vertices, nripped=6275
mean border=54.1, 2288 (42) missing vertices, mean dist 0.2 [0.2 (%49.0)->0.7 (%51.0))]
%19 local maxima, %39 large gradients and %36 min vals, 0 gradients ignored
nFirstPeakD1 0
MRIScomputeBorderValues_new() finished in 0.0042 min


Averaging target values for 5 iterations...
Positioning Surface: tspring = 0.3, nspring = 0.3, spring = 0, niters = 100 l_repulse = 0, l_surf_repulse = 5, checktol = 0
Positioning pial surface
Entering MRISpositionSurface()
  max_mm = 0.3
  MAX_REDUCTIONS = 2, REDUCTION_PCT = 0.5
  parms->check_tol = 0, niterations = 100
tol=1.0e-04, sigma=1.0, host=dna07, nav=8, nbrs=2, l_surf_repulse=5.000, l_tspring=0.300, l_nspring=0.300, l_intensity=0.200, l_curv=1.000
mom=0.00, dt=0.50
000: dt: 0.0000, sse=884594.4, rms=4.220
rms = 4.2239/4.2204, sse=885487.9/884594.4, time step reduction 1 of 3 to 0.250  0 1 1
   RMS increased, rejecting step
026: dt: 0.2500, sse=815761.1, rms=3.935 (6.769%)
027: dt: 0.2500, sse=764132.7, rms=3.706 (5.815%)
028: dt: 0.2500, sse=747202.1, rms=3.629 (2.087%)
rms = 3.5904/3.6286, sse=739028.5/747202.1, time step reduction 2 of 3 to 0.125  0 0 1
029: dt: 0.2500, sse=739028.5, rms=3.590 (1.053%)
030: dt: 0.1250, sse=710640.3, rms=3.452 (3.867%)
rms = 3.4135/3.4516, sse=702998.2/710640.3, time step reduction 3 of 3 to 0.062  0 0 1
031: dt: 0.1250, sse=702998.2, rms=3.413 (1.104%)
  maximum number of reductions reached, breaking from loop
positioning took 0.5 minutes
Iteration 2 =========================================
n_averages=4, current_sigma=0.5
Computing target border values 
Entering MRIScomputeBorderValues_new(): 
  inside_hi   =  92.6330800;
  border_hi   =  56.4208450;
  border_low  =  35.2625390;
  outside_low =  10.0000000;
  outside_hi  =  51.1312680;
  sigma = 0.5;
  max_thickness = 10;
  step_size=0.5;
  STEP_SIZE=0.1;
  which = 2
  thresh = 0
  flags = 0
  CBVfindFirstPeakD1=0
  CBVfindFirstPeakD2=0
  nvertices=155588
  Gdiag_no=-1
  vno start=0, stop=155588
Replacing 255s with 0s
#SI# sigma=0.5 had to be increased for 14611 vertices, nripped=6275
mean border=53.3, 2715 (32) missing vertices, mean dist 0.2 [0.2 (%46.1)->0.6 (%53.9))]
%28 local maxima, %30 large gradients and %37 min vals, 0 gradients ignored
nFirstPeakD1 0
MRIScomputeBorderValues_new() finished in 0.0024 min


Averaging target values for 5 iterations...
Positioning Surface: tspring = 0.3, nspring = 0.3, spring = 0, niters = 100 l_repulse = 0, l_surf_repulse = 5, checktol = 0
Positioning pial surface
Entering MRISpositionSurface()
  max_mm = 0.3
  MAX_REDUCTIONS = 2, REDUCTION_PCT = 0.5
  parms->check_tol = 0, niterations = 100
tol=1.0e-04, sigma=0.5, host=dna07, nav=4, nbrs=2, l_surf_repulse=5.000, l_tspring=0.300, l_nspring=0.300, l_intensity=0.200, l_curv=1.000
mom=0.00, dt=0.50
000: dt: 0.0000, sse=784539.4, rms=3.773
rms = 3.9707/3.7734, sse=828966.6/784539.4, time step reduction 1 of 3 to 0.250  0 1 1
   RMS increased, rejecting step
032: dt: 0.2500, sse=744074.8, rms=3.588 (4.923%)
033: dt: 0.2500, sse=719363.0, rms=3.471 (3.236%)
rms = 3.4585/3.4715, sse=716282.7/719363.0, time step reduction 2 of 3 to 0.125  0 0 1
034: dt: 0.2500, sse=716282.7, rms=3.459 (0.373%)
035: dt: 0.1250, sse=694217.9, rms=3.347 (3.212%)
rms = 3.3132/3.3474, sse=687346.7/694217.9, time step reduction 3 of 3 to 0.062  0 0 1
036: dt: 0.1250, sse=687346.7, rms=3.313 (1.022%)
  maximum number of reductions reached, breaking from loop
positioning took 0.4 minutes
Iteration 3 =========================================
n_averages=2, current_sigma=0.25
Computing target border values 
Entering MRIScomputeBorderValues_new(): 
  inside_hi   =  92.6330800;
  border_hi   =  56.4208450;
  border_low  =  35.2625390;
  outside_low =  10.0000000;
  outside_hi  =  51.1312680;
  sigma = 0.25;
  max_thickness = 10;
  step_size=0.5;
  STEP_SIZE=0.1;
  which = 2
  thresh = 0
  flags = 0
  CBVfindFirstPeakD1=0
  CBVfindFirstPeakD2=0
  nvertices=155588
  Gdiag_no=-1
  vno start=0, stop=155588
Replacing 255s with 0s
#SI# sigma=0.25 had to be increased for 12735 vertices, nripped=6275
mean border=52.7, 5947 (28) missing vertices, mean dist 0.1 [0.2 (%46.0)->0.5 (%54.0))]
%33 local maxima, %24 large gradients and %35 min vals, 0 gradients ignored
nFirstPeakD1 0
MRIScomputeBorderValues_new() finished in 0.0017 min


Averaging target values for 5 iterations...
Positioning Surface: tspring = 0.3, nspring = 0.3, spring = 0, niters = 100 l_repulse = 0, l_surf_repulse = 5, checktol = 0
Positioning pial surface
Entering MRISpositionSurface()
  max_mm = 0.3
  MAX_REDUCTIONS = 2, REDUCTION_PCT = 0.5
  parms->check_tol = 0, niterations = 100
tol=1.0e-04, sigma=0.2, host=dna07, nav=2, nbrs=2, l_surf_repulse=5.000, l_tspring=0.300, l_nspring=0.300, l_intensity=0.200, l_curv=1.000
mom=0.00, dt=0.50
000: dt: 0.0000, sse=722018.3, rms=3.474
rms = 3.6959/3.4738, sse=766962.1/722018.3, time step reduction 1 of 3 to 0.250  0 1 1
   RMS increased, rejecting step
037: dt: 0.2500, sse=699002.7, rms=3.361 (3.259%)
038: dt: 0.2500, sse=683059.1, rms=3.285 (2.243%)
rms = 3.2696/3.2852, sse=679202.6/683059.1, time step reduction 2 of 3 to 0.125  0 0 1
039: dt: 0.2500, sse=679202.6, rms=3.270 (0.475%)
040: dt: 0.1250, sse=659587.9, rms=3.166 (3.168%)
rms = 3.1317/3.1660, sse=652861.8/659588.0, time step reduction 3 of 3 to 0.062  0 0 1
041: dt: 0.1250, sse=652861.8, rms=3.132 (1.084%)
  maximum number of reductions reached, breaking from loop
positioning took 0.4 minutes
Pinning medial wall to white surface
removing intersecting faces
000: 13 intersecting
001: 3 intersecting
step 1 with no progress (num=21, old_num=3)
002: 21 intersecting
003: 20 intersecting
004: 10 intersecting
terminating search with 0 intersecting


Writing output to ../surf/rh.pial.T1
#ET# mris_place_surface  3.68 minutes
#VMPC# mris_place_surfaces VmPeak  2509236
mris_place_surface done
#@# white curv rh Mon Mar  9 13:40:43 CET 2026
cd /out/sourcedata/freesurfer/sub-v1s21x0050416_ses-1/mri
mris_place_surface --curv-map ../surf/rh.white 2 10 ../surf/rh.curv
insurf  ../surf/rh.white, nbrs 2, curvature_avgs 10
writing curvature file ../surf/rh.curv
#@# white area rh Mon Mar  9 13:40:45 CET 2026
cd /out/sourcedata/freesurfer/sub-v1s21x0050416_ses-1/mri
mris_place_surface --area-map ../surf/rh.white ../surf/rh.area
writing curvature file ../surf/rh.area
#@# pial curv rh Mon Mar  9 13:40:45 CET 2026
cd /out/sourcedata/freesurfer/sub-v1s21x0050416_ses-1/mri
mris_place_surface --curv-map ../surf/rh.pial 2 10 ../surf/rh.curv.pial
insurf  ../surf/rh.pial, nbrs 2, curvature_avgs 10
writing curvature file ../surf/rh.curv.pial
#@# pial area rh Mon Mar  9 13:40:47 CET 2026
cd /out/sourcedata/freesurfer/sub-v1s21x0050416_ses-1/mri
mris_place_surface --area-map ../surf/rh.pial ../surf/rh.area.pial
writing curvature file ../surf/rh.area.pial
#@# thickness rh Mon Mar  9 13:40:47 CET 2026
cd /out/sourcedata/freesurfer/sub-v1s21x0050416_ses-1/mri
mris_place_surface --thickness ../surf/rh.white ../surf/rh.pial 20 5 ../surf/rh.thickness
0 of 155588 vertices processed
25000 of 155588 vertices processed
50000 of 155588 vertices processed
75000 of 155588 vertices processed
100000 of 155588 vertices processed
125000 of 155588 vertices processed
150000 of 155588 vertices processed
0 of 155588 vertices processed
25000 of 155588 vertices processed
50000 of 155588 vertices processed
75000 of 155588 vertices processed
100000 of 155588 vertices processed
125000 of 155588 vertices processed
150000 of 155588 vertices processed
thickness calculation complete, 170:1312 truncations.
71653 vertices at 0 distance
124467 vertices at 1 distance
71765 vertices at 2 distance
26837 vertices at 3 distance
9578 vertices at 4 distance
3686 vertices at 5 distance
1553 vertices at 6 distance
663 vertices at 7 distance
342 vertices at 8 distance
144 vertices at 9 distance
111 vertices at 10 distance
93 vertices at 11 distance
51 vertices at 12 distance
52 vertices at 13 distance
40 vertices at 14 distance
34 vertices at 15 distance
22 vertices at 16 distance
23 vertices at 17 distance
17 vertices at 18 distance
21 vertices at 19 distance
24 vertices at 20 distance
writing curvature file ../surf/rh.thickness
#@# area and vertex vol rh Mon Mar  9 13:41:09 CET 2026
cd /out/sourcedata/freesurfer/sub-v1s21x0050416_ses-1/mri
mris_place_surface --thickness ../surf/rh.white ../surf/rh.pial 20 5 ../surf/rh.thickness
/out/sourcedata/freesurfer/sub-v1s21x0050416_ses-1/surf
mris_calc -o rh.area.mid rh.area add rh.area.pial
Saving result to 'rh.area.mid' (type = MRI_CURV_FILE)                       [ ok ]
mris_calc -o rh.area.mid rh.area.mid div 2
Saving result to 'rh.area.mid' (type = MRI_CURV_FILE)                       [ ok ]
mris_convert --volume sub-v1s21x0050416_ses-1 rh /out/sourcedata/freesurfer/sub-v1s21x0050416_ses-1/surf/rh.volume
masking with /out/sourcedata/freesurfer/sub-v1s21x0050416_ses-1/label/rh.cortex.label
Total face volume 284286
Total vertex volume 284077 (mask=0)
#@# sub-v1s21x0050416_ses-1 rh 284077
 
vertexvol Done

#-----------------------------------------
#@# Curvature Stats rh Mon Mar  9 13:41:11 CET 2026
/out/sourcedata/freesurfer/sub-v1s21x0050416_ses-1/surf

 mris_curvature_stats -m --writeCurvatureFiles -G -o ../stats/rh.curv.stats -F smoothwm sub-v1s21x0050416_ses-1 rh curv sulc 

             Toggling save flag on curvature files                       [ ok ]
                 Outputting results using filestem   [ ../stats/rh.curv.stats ]
             Toggling save flag on curvature files                       [ ok ]
                                   Setting surface [ sub-v1s21x0050416_ses-1/rh.smoothwm ]
                                Reading surface...                       [ ok ]
                                   Setting texture                     [ curv ]
                                Reading texture...                       [ ok ]
                                   Setting texture                     [ sulc ]
                                Reading texture...Gb_filter = 0
                       [ ok ]
      Calculating Discrete Principal Curvatures...
      Determining geometric order for vno faces... [####################] [ ok ]
                      Determining KH curvatures... [####################] [ ok ]
                    Determining k1k2 curvatures... [####################] [ ok ]
                                   deltaViolations                      [ 246 ]
Gb_filter = 0

WARN:    S lookup   min:                          -0.236467
WARN:    S explicit min:                          0.000000	vertex = 95
#-----------------------------------------
#@# Cortical Parc 2 rh Mon Mar  9 13:41:13 CET 2026
/out/sourcedata/freesurfer/sub-v1s21x0050416_ses-1/scripts

 mris_ca_label -l ../label/rh.cortex.label -aseg ../mri/aseg.presurf.mgz -seed 1234 sub-v1s21x0050416_ses-1 rh ../surf/rh.sphere.reg /opt/freesurfer/average/rh.CDaparc.atlas.acfb40.noaparc.i12.2016-08-02.gcs ../label/rh.aparc.a2009s.annot 

setting seed for random number generator to 1234
using ../mri/aseg.presurf.mgz aseg volume to correct midline
7.3.2
  7.3.2
reading atlas from /opt/freesurfer/average/rh.CDaparc.atlas.acfb40.noaparc.i12.2016-08-02.gcs...
reading color table from GCSA file....
average std = 1.4   using min determinant for regularization = 0.021
0 singular and 0 ill-conditioned covariance matrices regularized
input 0: MEAN CURVATURE, flags 0, avgs 5, name mean_curvature
labeling surface...
1 labels changed using aseg
relabeling using gibbs priors...
000:   9840 changed, 155588 examined...
001:   2235 changed, 38323 examined...
002:    637 changed, 11934 examined...
003:    257 changed, 3691 examined...
004:    130 changed, 1506 examined...
005:     64 changed, 757 examined...
006:     22 changed, 369 examined...
007:     10 changed, 129 examined...
008:      5 changed, 74 examined...
009:      1 changed, 33 examined...
010:      0 changed, 8 examined...
0 labels changed using aseg
000: 246 total segments, 158 labels (2805 vertices) changed
001: 103 total segments, 17 labels (62 vertices) changed
002: 86 total segments, 0 labels (0 vertices) changed
10 filter iterations complete (10 requested, 41 changed)
rationalizing unknown annotations with cortex label
relabeling Medial_wall label...
1404 vertices marked for relabeling...
1404 labels changed in reclassification.
writing output to ../label/rh.aparc.a2009s.annot...
classification took 0 minutes and 11 seconds.
#-----------------------------------------
#@# Cortical Parc 3 rh Mon Mar  9 13:41:24 CET 2026
/out/sourcedata/freesurfer/sub-v1s21x0050416_ses-1/scripts

 mris_ca_label -l ../label/rh.cortex.label -aseg ../mri/aseg.presurf.mgz -seed 1234 sub-v1s21x0050416_ses-1 rh ../surf/rh.sphere.reg /opt/freesurfer/average/rh.DKTaparc.atlas.acfb40.noaparc.i12.2016-08-02.gcs ../label/rh.aparc.DKTatlas.annot 

setting seed for random number generator to 1234
using ../mri/aseg.presurf.mgz aseg volume to correct midline
7.3.2
  7.3.2
reading atlas from /opt/freesurfer/average/rh.DKTaparc.atlas.acfb40.noaparc.i12.2016-08-02.gcs...
reading color table from GCSA file....
average std = 0.9   using min determinant for regularization = 0.009
0 singular and 325 ill-conditioned covariance matrices regularized
input 0: MEAN CURVATURE, flags 0, avgs 5, name mean_curvature
labeling surface...
1699 labels changed using aseg
relabeling using gibbs priors...
000:   2247 changed, 155588 examined...
001:    515 changed, 10387 examined...
002:    123 changed, 2996 examined...
003:     41 changed, 765 examined...
004:     23 changed, 240 examined...
005:     18 changed, 144 examined...
006:     16 changed, 89 examined...
007:      9 changed, 82 examined...
008:      7 changed, 50 examined...
009:      7 changed, 38 examined...
010:      6 changed, 34 examined...
011:      6 changed, 30 examined...
012:      8 changed, 38 examined...
013:      7 changed, 42 examined...
014:     10 changed, 43 examined...
015:      7 changed, 36 examined...
016:      6 changed, 25 examined...
017:      2 changed, 34 examined...
018:      1 changed, 15 examined...
019:      0 changed, 7 examined...
200 labels changed using aseg
000: 56 total segments, 23 labels (84 vertices) changed
001: 33 total segments, 0 labels (0 vertices) changed
10 filter iterations complete (10 requested, 1 changed)
rationalizing unknown annotations with cortex label
relabeling unknown label...
relabeling corpuscallosum label...
1203 vertices marked for relabeling...
1203 labels changed in reclassification.
writing output to ../label/rh.aparc.DKTatlas.annot...
classification took 0 minutes and 9 seconds.
#-----------------------------------------
#@# WM/GM Contrast rh Mon Mar  9 13:41:32 CET 2026
/out/sourcedata/freesurfer/sub-v1s21x0050416_ses-1/scripts

 pctsurfcon --s sub-v1s21x0050416_ses-1 --rh-only 

Log file is /out/sourcedata/freesurfer/sub-v1s21x0050416_ses-1/scripts/pctsurfcon.log
Mon Mar  9 13:41:32 CET 2026
setenv SUBJECTS_DIR /out/sourcedata/freesurfer
cd /out/sourcedata/freesurfer/sub-v1s21x0050416_ses-1/scripts
/opt/freesurfer/bin/pctsurfcon
pctsurfcon 7.3.2
Linux dna071 5.14.0-427.37.1.el9_4.x86_64 #1 SMP PREEMPT_DYNAMIC Fri Sep 13 12:41:50 EDT 2024 x86_64 x86_64 x86_64 GNU/Linux
FREESURFER_HOME /opt/freesurfer
mri_vol2surf --mov /out/sourcedata/freesurfer/sub-v1s21x0050416_ses-1/mri/rawavg.mgz --hemi rh --noreshape --interp trilinear --projdist -1 --o /out/sourcedata/freesurfer/sub-v1s21x0050416_ses-1/surf/tmp.pctsurfcon.3348997/rh.wm.mgh --regheader sub-v1s21x0050416_ses-1 --cortex
srcvol = /out/sourcedata/freesurfer/sub-v1s21x0050416_ses-1/mri/rawavg.mgz
srcreg unspecified
srcregold = 0
srcwarp unspecified
surf = white
hemi = rh
ProjDist = -1
reshape = 0
interp = trilinear
float2int = round
GetProjMax = 0
INFO: float2int code = 0
Done loading volume
Computing registration from header.
  Using /out/sourcedata/freesurfer/sub-v1s21x0050416_ses-1/mri/orig.mgz as target reference.
-------- original matrix -----------
-1.00000   0.00000   0.00000   0.00000;
 0.00000   0.00000   1.00000   0.00000;
 0.00000  -1.00000   0.00000   0.00000;
 0.00000   0.00000   0.00000   1.00000;
-------- original matrix -----------
Loading label /out/sourcedata/freesurfer/sub-v1s21x0050416_ses-1/label/rh.cortex.label
Reading surface /out/sourcedata/freesurfer/sub-v1s21x0050416_ses-1/surf/rh.white
Done reading source surface
Mapping Source Volume onto Source Subject Surface
Projecting -1 -1 1
 1 -1 -1 -1
using old
Done mapping volume to surface
Number of source voxels hit = 79549
Masking with /out/sourcedata/freesurfer/sub-v1s21x0050416_ses-1/label/rh.cortex.label
Writing to /out/sourcedata/freesurfer/sub-v1s21x0050416_ses-1/surf/tmp.pctsurfcon.3348997/rh.wm.mgh
Dim: 155588 1 1
mri_vol2surf --mov /out/sourcedata/freesurfer/sub-v1s21x0050416_ses-1/mri/rawavg.mgz --hemi rh --noreshape --interp trilinear --o /out/sourcedata/freesurfer/sub-v1s21x0050416_ses-1/surf/tmp.pctsurfcon.3348997/rh.gm.mgh --projfrac 0.3 --regheader sub-v1s21x0050416_ses-1 --cortex
srcvol = /out/sourcedata/freesurfer/sub-v1s21x0050416_ses-1/mri/rawavg.mgz
srcreg unspecified
srcregold = 0
srcwarp unspecified
surf = white
hemi = rh
ProjFrac = 0.3
thickness = thickness
reshape = 0
interp = trilinear
float2int = round
GetProjMax = 0
INFO: float2int code = 0
Done loading volume
Computing registration from header.
  Using /out/sourcedata/freesurfer/sub-v1s21x0050416_ses-1/mri/orig.mgz as target reference.
-------- original matrix -----------
-1.00000   0.00000   0.00000   0.00000;
 0.00000   0.00000   1.00000   0.00000;
 0.00000  -1.00000   0.00000   0.00000;
 0.00000   0.00000   0.00000   1.00000;
-------- original matrix -----------
Loading label /out/sourcedata/freesurfer/sub-v1s21x0050416_ses-1/label/rh.cortex.label
Reading surface /out/sourcedata/freesurfer/sub-v1s21x0050416_ses-1/surf/rh.white
Done reading source surface
Reading thickness /out/sourcedata/freesurfer/sub-v1s21x0050416_ses-1/surf/rh.thickness
Done
Mapping Source Volume onto Source Subject Surface
Projecting 0.3 0.3 1
 1 0.3 0.3 0.3
using old
Done mapping volume to surface
Number of source voxels hit = 92254
Masking with /out/sourcedata/freesurfer/sub-v1s21x0050416_ses-1/label/rh.cortex.label
Writing to /out/sourcedata/freesurfer/sub-v1s21x0050416_ses-1/surf/tmp.pctsurfcon.3348997/rh.gm.mgh
Dim: 155588 1 1
mri_concat /out/sourcedata/freesurfer/sub-v1s21x0050416_ses-1/surf/tmp.pctsurfcon.3348997/rh.wm.mgh /out/sourcedata/freesurfer/sub-v1s21x0050416_ses-1/surf/tmp.pctsurfcon.3348997/rh.gm.mgh --paired-diff-norm --mul 100 --o /out/sourcedata/freesurfer/sub-v1s21x0050416_ses-1/surf/rh.w-g.pct.mgh
ninputs = 2
Checking inputs
nframestot = 2
Allocing output
Done allocing
Combining pairs
nframes = 1
Multiplying by 100.000000
Writing to /out/sourcedata/freesurfer/sub-v1s21x0050416_ses-1/surf/rh.w-g.pct.mgh
mri_segstats --in /out/sourcedata/freesurfer/sub-v1s21x0050416_ses-1/surf/rh.w-g.pct.mgh --annot sub-v1s21x0050416_ses-1 rh aparc --sum /out/sourcedata/freesurfer/sub-v1s21x0050416_ses-1/stats/rh.w-g.pct.stats --snr

7.3.2
cwd 
cmdline mri_segstats --in /out/sourcedata/freesurfer/sub-v1s21x0050416_ses-1/surf/rh.w-g.pct.mgh --annot sub-v1s21x0050416_ses-1 rh aparc --sum /out/sourcedata/freesurfer/sub-v1s21x0050416_ses-1/stats/rh.w-g.pct.stats --snr 
sysname  Linux
hostname dna071
machine  x86_64
user     oesteban
whitesurfname  white
UseRobust  0
Constructing seg from annotation

Reading annotation /out/sourcedata/freesurfer/sub-v1s21x0050416_ses-1/label/rh.aparc.annot
Seg base 2000
Loading /out/sourcedata/freesurfer/sub-v1s21x0050416_ses-1/surf/rh.w-g.pct.mgh
Vertex Area is 0.693995 mm^3
Generating list of segmentation ids
Found  36 segmentations
Computing statistics for each segmentation

Reporting on  35 segmentations
Using PrintSegStat
mri_segstats done
Cleaning up

Started at Mon Mar 9 13:16:17 CET 2026 
Ended   at Mon Mar 9 13:41:35 CET 2026
#@#%# recon-all-run-time-hours 0.422
recon-all -s sub-v1s21x0050416_ses-1 finished without error at Mon Mar  9 13:41:35 CET 2026



#New# invocation of recon-all 




Mon Mar  9 13:50:44 CET 2026
cd /out/sourcedata/freesurfer/sub-v1s21x0050416_ses-1
setenv SUBJECTS_DIR /out/sourcedata/freesurfer
/opt/freesurfer/bin/recon-all -autorecon-hemi rh -nohyporelabel -rh-only -openmp 16 -subjid sub-v1s21x0050416_ses-1 -sd /out/sourcedata/freesurfer -notessellate -nosmooth1 -noinflate1 -noqsphere -nofix -nowhite -nosmooth2 -noinflate2 -nocurvHK -nocurvstats -nosphere -nosurfreg -nojacobian_white -noavgcurv -nocortparc -nopial -nocortparc2 -nocortparc3 -nopctsurfcon

subjid sub-v1s21x0050416_ses-1
setenv SUBJECTS_DIR /out/sourcedata/freesurfer
FREESURFER_HOME /opt/freesurfer
Actual FREESURFER_HOME /opt/freesurfer
build-stamp.txt: freesurfer-linux-ubuntu22_x86_64-7.3.2-20220804-6354275
Linux dna071 5.14.0-427.37.1.el9_4.x86_64 #1 SMP PREEMPT_DYNAMIC Fri Sep 13 12:41:50 EDT 2024 x86_64 x86_64 x86_64 GNU/Linux
cputime      unlimited
filesize     unlimited
datasize     unlimited
stacksize    8192 kbytes
coredumpsize 0 kbytes
memoryuse    67108864 kbytes
vmemoryuse   unlimited
descriptors  1024 
memorylocked unlimited
maxproc      2061970 
maxlocks     unlimited
maxsignal    2062029 
maxmessage   819200 
maxnice      0 
maxrtprio    0 
maxrttime    unlimited

               total        used        free      shared  buff/cache   available
Mem:           503Gi       133Gi       333Gi       9.3Gi        36Gi       357Gi
Swap:             0B          0B          0B

########################################
program versions used
7.3.2 (freesurfer-linux-ubuntu22_x86_64-7.3.2-20220804-6354275)
7.3.2

ProgramName: lta_convert  ProgramArguments: lta_convert -all-info  ProgramVersion: 7.3.2  TimeStamp: 2026/03/09-12:50:44-GMT  BuildTime: Aug  4 2022 06:17:15  BuildStamp: freesurfer-linux-ubuntu22_x86_64-7.3.2-20220804-6354275  User: oesteban  Machine: dna071  Platform: Linux  PlatformVersion: 5.14.0-427.37.1.el9_4.x86_64  CompilerName: GCC  CompilerVersion: 8.4.0
ProgramName: mri_and  ProgramArguments: mri_and -all-info  ProgramVersion: 7.3.2  TimeStamp: 2026/03/09-12:50:44-GMT  BuildTime: Aug  4 2022 06:17:15  BuildStamp: freesurfer-linux-ubuntu22_x86_64-7.3.2-20220804-6354275  User: oesteban  Machine: dna071  Platform: Linux  PlatformVersion: 5.14.0-427.37.1.el9_4.x86_64  CompilerName: GCC  CompilerVersion: 8.4.0
ProgramName: mri_annotation2label  ProgramArguments: mri_annotation2label -all-info  ProgramVersion: 7.3.2  TimeStamp: 2026/03/09-12:50:44-GMT  BuildTime: Aug  4 2022 06:17:15  BuildStamp: freesurfer-linux-ubuntu22_x86_64-7.3.2-20220804-6354275  User: oesteban  Machine: dna071  Platform: Linux  PlatformVersion: 5.14.0-427.37.1.el9_4.x86_64  CompilerName: GCC  CompilerVersion: 8.4.0
ProgramName: mri_aparc2aseg  ProgramArguments: mri_aparc2aseg -all-info  ProgramVersion: 7.3.2  TimeStamp: 2026/03/09-12:50:44-GMT  BuildTime: Aug  4 2022 06:17:15  BuildStamp: freesurfer-linux-ubuntu22_x86_64-7.3.2-20220804-6354275  User: oesteban  Machine: dna071  Platform: Linux  PlatformVersion: 5.14.0-427.37.1.el9_4.x86_64  CompilerName: GCC  CompilerVersion: 8.4.0
ProgramName: mri_surf2volseg  ProgramArguments: mri_surf2volseg -all-info  ProgramVersion: 7.3.2  TimeStamp: 2026/03/09-12:50:44-GMT  BuildTime: Aug  4 2022 06:17:15  BuildStamp: freesurfer-linux-ubuntu22_x86_64-7.3.2-20220804-6354275  User: oesteban  Machine: dna071  Platform: Linux  PlatformVersion: 5.14.0-427.37.1.el9_4.x86_64  CompilerName: GCC  CompilerVersion: 8.4.0
ProgramName: mri_binarize  ProgramArguments: mri_binarize -all-info  ProgramVersion: 7.3.2  TimeStamp: 2026/03/09-12:50:44-GMT  BuildTime: Aug  4 2022 06:17:15  BuildStamp: freesurfer-linux-ubuntu22_x86_64-7.3.2-20220804-6354275  User: oesteban  Machine: dna071  Platform: Linux  PlatformVersion: 5.14.0-427.37.1.el9_4.x86_64  CompilerName: GCC  CompilerVersion: 8.4.0
ProgramName: mri_ca_label  ProgramArguments: mri_ca_label -all-info  ProgramVersion: 7.3.2  TimeStamp: 2026/03/09-12:50:44-GMT  BuildTime: Aug  4 2022 06:17:15  BuildStamp: freesurfer-linux-ubuntu22_x86_64-7.3.2-20220804-6354275  User: oesteban  Machine: dna071  Platform: Linux  PlatformVersion: 5.14.0-427.37.1.el9_4.x86_64  CompilerName: GCC  CompilerVersion: 8.4.0
ProgramName: mri_ca_normalize  ProgramArguments: mri_ca_normalize -all-info  ProgramVersion: 7.3.2  TimeStamp: 2026/03/09-12:50:44-GMT  BuildTime: Aug  4 2022 06:17:15  BuildStamp: freesurfer-linux-ubuntu22_x86_64-7.3.2-20220804-6354275  User: oesteban  Machine: dna071  Platform: Linux  PlatformVersion: 5.14.0-427.37.1.el9_4.x86_64  CompilerName: GCC  CompilerVersion: 8.4.0
ProgramName: mri_ca_register  ProgramArguments: mri_ca_register -all-info  ProgramVersion: 7.3.2  TimeStamp: 2026/03/09-12:50:44-GMT  BuildTime: Aug  4 2022 06:17:15  BuildStamp: freesurfer-linux-ubuntu22_x86_64-7.3.2-20220804-6354275  User: oesteban  Machine: dna071  Platform: Linux  PlatformVersion: 5.14.0-427.37.1.el9_4.x86_64  CompilerName: GCC  CompilerVersion: 8.4.0
ProgramName: mri_cc  ProgramArguments: mri_cc -all-info  ProgramVersion: 7.3.2  TimeStamp: 2026/03/09-12:50:44-GMT  BuildTime: Aug  4 2022 06:17:15  BuildStamp: freesurfer-linux-ubuntu22_x86_64-7.3.2-20220804-6354275  User: oesteban  Machine: dna071  Platform: Linux  PlatformVersion: 5.14.0-427.37.1.el9_4.x86_64  CompilerName: GCC  CompilerVersion: 8.4.0
ProgramName: mri_compute_overlap  ProgramArguments: mri_compute_overlap -all-info  ProgramVersion: 7.3.2  TimeStamp: 2026/03/09-12:50:44-GMT  BuildTime: Aug  4 2022 06:17:15  BuildStamp: freesurfer-linux-ubuntu22_x86_64-7.3.2-20220804-6354275  User: oesteban  Machine: dna071  Platform: Linux  PlatformVersion: 5.14.0-427.37.1.el9_4.x86_64  CompilerName: GCC  CompilerVersion: 8.4.0
ProgramName: mri_compute_seg_overlap  ProgramArguments: mri_compute_seg_overlap -all-info  ProgramVersion: 7.3.2  TimeStamp: 2026/03/09-12:50:44-GMT  BuildTime: Aug  4 2022 06:17:15  BuildStamp: freesurfer-linux-ubuntu22_x86_64-7.3.2-20220804-6354275  User: oesteban  Machine: dna071  Platform: Linux  PlatformVersion: 5.14.0-427.37.1.el9_4.x86_64  CompilerName: GCC  CompilerVersion: 8.4.0
ProgramName: mri_concat  ProgramArguments: mri_concat -all-info  ProgramVersion: 7.3.2  TimeStamp: 2026/03/09-12:50:44-GMT  BuildTime: Aug  4 2022 06:17:15  BuildStamp: freesurfer-linux-ubuntu22_x86_64-7.3.2-20220804-6354275  User: oesteban  Machine: dna071  Platform: Linux  PlatformVersion: 5.14.0-427.37.1.el9_4.x86_64  CompilerName: GCC  CompilerVersion: 8.4.0
ProgramName: mri_concatenate_lta  ProgramArguments: mri_concatenate_lta -all-info  ProgramVersion: 7.3.2  TimeStamp: 2026/03/09-12:50:44-GMT  BuildTime: Aug  4 2022 06:17:15  BuildStamp: freesurfer-linux-ubuntu22_x86_64-7.3.2-20220804-6354275  User: oesteban  Machine: dna071  Platform: Linux  PlatformVersion: 5.14.0-427.37.1.el9_4.x86_64  CompilerName: GCC  CompilerVersion: 8.4.0
mri_convert -all-info 
ProgramName: mri_convert  ProgramArguments: mri_convert -all-info  ProgramVersion: 7.3.2  TimeStamp: 2026/03/09-12:50:44-GMT  BuildTime: Aug  4 2022 06:17:15  BuildStamp: freesurfer-linux-ubuntu22_x86_64-7.3.2-20220804-6354275  User: oesteban  Machine: dna071  Platform: Linux  PlatformVersion: 5.14.0-427.37.1.el9_4.x86_64  CompilerName: GCC  CompilerVersion: 8.4.0
ProgramName: mri_diff  ProgramArguments: mri_diff -all-info  ProgramVersion: 7.3.2  TimeStamp: 2026/03/09-12:50:44-GMT  BuildTime: Aug  4 2022 06:17:15  BuildStamp: freesurfer-linux-ubuntu22_x86_64-7.3.2-20220804-6354275  User: oesteban  Machine: dna071  Platform: Linux  PlatformVersion: 5.14.0-427.37.1.el9_4.x86_64  CompilerName: GCC  CompilerVersion: 8.4.0
ProgramName: mri_edit_wm_with_aseg  ProgramArguments: mri_edit_wm_with_aseg -all-info  ProgramVersion: 7.3.2  TimeStamp: 2026/03/09-12:50:44-GMT  BuildTime: Aug  4 2022 06:17:15  BuildStamp: freesurfer-linux-ubuntu22_x86_64-7.3.2-20220804-6354275  User: oesteban  Machine: dna071  Platform: Linux  PlatformVersion: 5.14.0-427.37.1.el9_4.x86_64  CompilerName: GCC  CompilerVersion: 8.4.0
ProgramName: mri_em_register  ProgramArguments: mri_em_register -all-info  ProgramVersion: 7.3.2  TimeStamp: 2026/03/09-12:50:44-GMT  BuildTime: Aug  4 2022 06:17:15  BuildStamp: freesurfer-linux-ubuntu22_x86_64-7.3.2-20220804-6354275  User: oesteban  Machine: dna071  Platform: Linux  PlatformVersion: 5.14.0-427.37.1.el9_4.x86_64  CompilerName: GCC  CompilerVersion: 8.4.0
ProgramName: mri_fill  ProgramArguments: mri_fill -all-info  ProgramVersion: 7.3.2  TimeStamp: 2026/03/09-12:50:44-GMT  BuildTime: Aug  4 2022 06:17:15  BuildStamp: freesurfer-linux-ubuntu22_x86_64-7.3.2-20220804-6354275  User: oesteban  Machine: dna071  Platform: Linux  PlatformVersion: 5.14.0-427.37.1.el9_4.x86_64  CompilerName: GCC  CompilerVersion: 8.4.0
ProgramName: mri_fuse_segmentations  ProgramArguments: mri_fuse_segmentations -all-info  ProgramVersion: 7.3.2  TimeStamp: 2026/03/09-12:50:44-GMT  BuildTime: Aug  4 2022 06:17:15  BuildStamp: freesurfer-linux-ubuntu22_x86_64-7.3.2-20220804-6354275  User: oesteban  Machine: dna071  Platform: Linux  PlatformVersion: 5.14.0-427.37.1.el9_4.x86_64  CompilerName: GCC  CompilerVersion: 8.4.0
ProgramName: mri_fwhm  ProgramArguments: mri_fwhm -all-info  ProgramVersion: 7.3.2  TimeStamp: 2026/03/09-12:50:44-GMT  BuildTime: Aug  4 2022 06:17:15  BuildStamp: freesurfer-linux-ubuntu22_x86_64-7.3.2-20220804-6354275  User: oesteban  Machine: dna071  Platform: Linux  PlatformVersion: 5.14.0-427.37.1.el9_4.x86_64  CompilerName: GCC  CompilerVersion: 8.4.0
ProgramName: mri_gcut  ProgramArguments: mri_gcut -all-info  ProgramVersion: 7.3.2  TimeStamp: 2026/03/09-12:50:44-GMT  BuildTime: Aug  4 2022 06:17:15  BuildStamp: freesurfer-linux-ubuntu22_x86_64-7.3.2-20220804-6354275  User: oesteban  Machine: dna071  Platform: Linux  PlatformVersion: 5.14.0-427.37.1.el9_4.x86_64  CompilerName: GCC  CompilerVersion: 8.4.0
ProgramName: mri_info  ProgramArguments: mri_info -all-info  ProgramVersion: 7.3.2  TimeStamp: 2026/03/09-12:50:44-GMT  BuildTime: Aug  4 2022 06:17:15  BuildStamp: freesurfer-linux-ubuntu22_x86_64-7.3.2-20220804-6354275  User: oesteban  Machine: dna071  Platform: Linux  PlatformVersion: 5.14.0-427.37.1.el9_4.x86_64  CompilerName: GCC  CompilerVersion: 8.4.0
ProgramName: mri_label2label  ProgramArguments: mri_label2label -all-info  ProgramVersion: 7.3.2  TimeStamp: 2026/03/09-12:50:44-GMT  BuildTime: Aug  4 2022 06:17:15  BuildStamp: freesurfer-linux-ubuntu22_x86_64-7.3.2-20220804-6354275  User: oesteban  Machine: dna071  Platform: Linux  PlatformVersion: 5.14.0-427.37.1.el9_4.x86_64  CompilerName: GCC  CompilerVersion: 8.4.0
ProgramName: mri_label2vol  ProgramArguments: mri_label2vol -all-info  ProgramVersion: 7.3.2  TimeStamp: 2026/03/09-12:50:44-GMT  BuildTime: Aug  4 2022 06:17:15  BuildStamp: freesurfer-linux-ubuntu22_x86_64-7.3.2-20220804-6354275  User: oesteban  Machine: dna071  Platform: Linux  PlatformVersion: 5.14.0-427.37.1.el9_4.x86_64  CompilerName: GCC  CompilerVersion: 8.4.0
ProgramName: mri_log_likelihood  ProgramArguments: mri_log_likelihood -all-info  ProgramVersion: 7.3.2  TimeStamp: 2026/03/09-12:50:44-GMT  BuildTime: Aug  4 2022 06:17:15  BuildStamp: freesurfer-linux-ubuntu22_x86_64-7.3.2-20220804-6354275  User: oesteban  Machine: dna071  Platform: Linux  PlatformVersion: 5.14.0-427.37.1.el9_4.x86_64  CompilerName: GCC  CompilerVersion: 8.4.0
ProgramName: mri_mask  ProgramArguments: mri_mask -all-info  ProgramVersion: 7.3.2  TimeStamp: 2026/03/09-12:50:44-GMT  BuildTime: Aug  4 2022 06:17:15  BuildStamp: freesurfer-linux-ubuntu22_x86_64-7.3.2-20220804-6354275  User: oesteban  Machine: dna071  Platform: Linux  PlatformVersion: 5.14.0-427.37.1.el9_4.x86_64  CompilerName: GCC  CompilerVersion: 8.4.0
ProgramName: mri_matrix_multiply  ProgramArguments: mri_matrix_multiply -all-info  ProgramVersion: 7.3.2  TimeStamp: 2026/03/09-12:50:44-GMT  BuildTime: Aug  4 2022 06:17:15  BuildStamp: freesurfer-linux-ubuntu22_x86_64-7.3.2-20220804-6354275  User: oesteban  Machine: dna071  Platform: Linux  PlatformVersion: 5.14.0-427.37.1.el9_4.x86_64  CompilerName: GCC  CompilerVersion: 8.4.0
ProgramName: mri_normalize  ProgramArguments: mri_normalize -all-info  ProgramVersion: 7.3.2  TimeStamp: 2026/03/09-12:50:44-GMT  BuildTime: Aug  4 2022 06:17:15  BuildStamp: freesurfer-linux-ubuntu22_x86_64-7.3.2-20220804-6354275  User: oesteban  Machine: dna071  Platform: Linux  PlatformVersion: 5.14.0-427.37.1.el9_4.x86_64  CompilerName: GCC  CompilerVersion: 8.4.0
ProgramName: mri_normalize_tp2  ProgramArguments: mri_normalize_tp2 -all-info  ProgramVersion: 7.3.2  TimeStamp: 2026/03/09-12:50:44-GMT  BuildTime: Aug  4 2022 06:17:15  BuildStamp: freesurfer-linux-ubuntu22_x86_64-7.3.2-20220804-6354275  User: oesteban  Machine: dna071  Platform: Linux  PlatformVersion: 5.14.0-427.37.1.el9_4.x86_64  CompilerName: GCC  CompilerVersion: 8.4.0
ProgramName: mri_or  ProgramArguments: mri_or -all-info  ProgramVersion: 7.3.2  TimeStamp: 2026/03/09-12:50:44-GMT  BuildTime: Aug  4 2022 06:17:15  BuildStamp: freesurfer-linux-ubuntu22_x86_64-7.3.2-20220804-6354275  User: oesteban  Machine: dna071  Platform: Linux  PlatformVersion: 5.14.0-427.37.1.el9_4.x86_64  CompilerName: GCC  CompilerVersion: 8.4.0
ProgramName: mri_relabel_hypointensities  ProgramArguments: mri_relabel_hypointensities -all-info  ProgramVersion: 7.3.2  TimeStamp: 2026/03/09-12:50:44-GMT  BuildTime: Aug  4 2022 06:17:15  BuildStamp: freesurfer-linux-ubuntu22_x86_64-7.3.2-20220804-6354275  User: oesteban  Machine: dna071  Platform: Linux  PlatformVersion: 5.14.0-427.37.1.el9_4.x86_64  CompilerName: GCC  CompilerVersion: 8.4.0
ProgramName: mri_relabel_nonwm_hypos  ProgramArguments: mri_relabel_nonwm_hypos -all-info  ProgramVersion: 7.3.2  TimeStamp: 2026/03/09-12:50:44-GMT  BuildTime: Aug  4 2022 06:17:15  BuildStamp: freesurfer-linux-ubuntu22_x86_64-7.3.2-20220804-6354275  User: oesteban  Machine: dna071  Platform: Linux  PlatformVersion: 5.14.0-427.37.1.el9_4.x86_64  CompilerName: GCC  CompilerVersion: 8.4.0
ProgramName: mri_remove_neck  ProgramArguments: mri_remove_neck -all-info  ProgramVersion: 7.3.2  TimeStamp: 2026/03/09-12:50:44-GMT  BuildTime: Aug  4 2022 06:17:15  BuildStamp: freesurfer-linux-ubuntu22_x86_64-7.3.2-20220804-6354275  User: oesteban  Machine: dna071  Platform: Linux  PlatformVersion: 5.14.0-427.37.1.el9_4.x86_64  CompilerName: GCC  CompilerVersion: 8.4.0
7.3.2

ProgramName: mri_robust_register  ProgramArguments: mri_robust_register -all-info  ProgramVersion: 7.3.2  TimeStamp: 2026/03/09-12:50:44-GMT  BuildTime: Aug  4 2022 06:17:15  BuildStamp: freesurfer-linux-ubuntu22_x86_64-7.3.2-20220804-6354275  User: oesteban  Machine: dna071  Platform: Linux  PlatformVersion: 5.14.0-427.37.1.el9_4.x86_64  CompilerName: GCC  CompilerVersion: 8.4.0
7.3.2

ProgramName: mri_robust_template  ProgramArguments: mri_robust_template -all-info  ProgramVersion: 7.3.2  TimeStamp: 2026/03/09-12:50:44-GMT  BuildTime: Aug  4 2022 06:17:15  BuildStamp: freesurfer-linux-ubuntu22_x86_64-7.3.2-20220804-6354275  User: oesteban  Machine: dna071  Platform: Linux  PlatformVersion: 5.14.0-427.37.1.el9_4.x86_64  CompilerName: GCC  CompilerVersion: 8.4.0
ProgramName: mris_anatomical_stats  ProgramArguments: mris_anatomical_stats -all-info  ProgramVersion: 7.3.2  TimeStamp: 2026/03/09-12:50:44-GMT  BuildTime: Aug  4 2022 06:17:15  BuildStamp: freesurfer-linux-ubuntu22_x86_64-7.3.2-20220804-6354275  User: oesteban  Machine: dna071  Platform: Linux  PlatformVersion: 5.14.0-427.37.1.el9_4.x86_64  CompilerName: GCC  CompilerVersion: 8.4.0
ProgramName: mris_ca_label  ProgramArguments: mris_ca_label -all-info  ProgramVersion: 7.3.2  TimeStamp: 2026/03/09-12:50:44-GMT  BuildTime: Aug  4 2022 06:17:15  BuildStamp: freesurfer-linux-ubuntu22_x86_64-7.3.2-20220804-6354275  User: oesteban  Machine: dna071  Platform: Linux  PlatformVersion: 5.14.0-427.37.1.el9_4.x86_64  CompilerName: GCC  CompilerVersion: 8.4.0
ProgramName: mris_calc  ProgramArguments: mris_calc -all-info  ProgramVersion: 7.3.2  TimeStamp: 2026/03/09-12:50:44-GMT  BuildTime: Aug  4 2022 06:17:15  BuildStamp: freesurfer-linux-ubuntu22_x86_64-7.3.2-20220804-6354275  User: oesteban  Machine: dna071  Platform: Linux  PlatformVersion: 5.14.0-427.37.1.el9_4.x86_64  CompilerName: GCC  CompilerVersion: 8.4.0
ProgramName: mris_convert  ProgramArguments: mris_convert -all-info  ProgramVersion: 7.3.2  TimeStamp: 2026/03/09-12:50:44-GMT  BuildTime: Aug  4 2022 06:17:15  BuildStamp: freesurfer-linux-ubuntu22_x86_64-7.3.2-20220804-6354275  User: oesteban  Machine: dna071  Platform: Linux  PlatformVersion: 5.14.0-427.37.1.el9_4.x86_64  CompilerName: GCC  CompilerVersion: 8.4.0
ProgramName: mris_curvature  ProgramArguments: mris_curvature -all-info  ProgramVersion: 7.3.2  TimeStamp: 2026/03/09-12:50:44-GMT  BuildTime: Aug  4 2022 06:17:15  BuildStamp: freesurfer-linux-ubuntu22_x86_64-7.3.2-20220804-6354275  User: oesteban  Machine: dna071  Platform: Linux  PlatformVersion: 5.14.0-427.37.1.el9_4.x86_64  CompilerName: GCC  CompilerVersion: 8.4.0
ProgramName: mris_curvature_stats  ProgramArguments: mris_curvature_stats -all-info  ProgramVersion: 7.3.2  TimeStamp: 2026/03/09-12:50:44-GMT  BuildTime: Aug  4 2022 06:17:15  BuildStamp: freesurfer-linux-ubuntu22_x86_64-7.3.2-20220804-6354275  User: oesteban  Machine: dna071  Platform: Linux  PlatformVersion: 5.14.0-427.37.1.el9_4.x86_64  CompilerName: GCC  CompilerVersion: 8.4.0
ProgramName: mris_diff  ProgramArguments: mris_diff -all-info  ProgramVersion: 7.3.2  TimeStamp: 2026/03/09-12:50:44-GMT  BuildTime: Aug  4 2022 06:17:15  BuildStamp: freesurfer-linux-ubuntu22_x86_64-7.3.2-20220804-6354275  User: oesteban  Machine: dna071  Platform: Linux  PlatformVersion: 5.14.0-427.37.1.el9_4.x86_64  CompilerName: GCC  CompilerVersion: 8.4.0
ProgramName: mris_divide_parcellation  ProgramArguments: mris_divide_parcellation -all-info  ProgramVersion: 7.3.2  TimeStamp: 2026/03/09-12:50:44-GMT  BuildTime: Aug  4 2022 06:17:15  BuildStamp: freesurfer-linux-ubuntu22_x86_64-7.3.2-20220804-6354275  User: oesteban  Machine: dna071  Platform: Linux  PlatformVersion: 5.14.0-427.37.1.el9_4.x86_64  CompilerName: GCC  CompilerVersion: 8.4.0
ProgramName: mri_segment  ProgramArguments: mri_segment -all-info  ProgramVersion: 7.3.2  TimeStamp: 2026/03/09-12:50:44-GMT  BuildTime: Aug  4 2022 06:17:15  BuildStamp: freesurfer-linux-ubuntu22_x86_64-7.3.2-20220804-6354275  User: oesteban  Machine: dna071  Platform: Linux  PlatformVersion: 5.14.0-427.37.1.el9_4.x86_64  CompilerName: GCC  CompilerVersion: 8.4.0
ProgramName: mri_segstats  ProgramArguments: mri_segstats -all-info  ProgramVersion: 7.3.2  TimeStamp: 2026/03/09-12:50:44-GMT  BuildTime: Aug  4 2022 06:17:15  BuildStamp: freesurfer-linux-ubuntu22_x86_64-7.3.2-20220804-6354275  User: oesteban  Machine: dna071  Platform: Linux  PlatformVersion: 5.14.0-427.37.1.el9_4.x86_64  CompilerName: GCC  CompilerVersion: 8.4.0
ProgramName: mris_euler_number  ProgramArguments: mris_euler_number -all-info  ProgramVersion: 7.3.2  TimeStamp: 2026/03/09-12:50:44-GMT  BuildTime: Aug  4 2022 06:17:15  BuildStamp: freesurfer-linux-ubuntu22_x86_64-7.3.2-20220804-6354275  User: oesteban  Machine: dna071  Platform: Linux  PlatformVersion: 5.14.0-427.37.1.el9_4.x86_64  CompilerName: GCC  CompilerVersion: 8.4.0
ProgramName: mris_fix_topology  ProgramArguments: mris_fix_topology -all-info  ProgramVersion: 7.3.2  TimeStamp: 2026/03/09-12:50:44-GMT  BuildTime: Aug  4 2022 06:17:15  BuildStamp: freesurfer-linux-ubuntu22_x86_64-7.3.2-20220804-6354275  User: oesteban  Machine: dna071  Platform: Linux  PlatformVersion: 5.14.0-427.37.1.el9_4.x86_64  CompilerName: GCC  CompilerVersion: 8.4.0
ProgramName: mris_topo_fixer  ProgramArguments: mris_topo_fixer -all-info  ProgramVersion: 7.3.2  TimeStamp: 2026/03/09-12:50:44-GMT  BuildTime: Aug  4 2022 06:17:15  BuildStamp: freesurfer-linux-ubuntu22_x86_64-7.3.2-20220804-6354275  User: oesteban  Machine: dna071  Platform: Linux  PlatformVersion: 5.14.0-427.37.1.el9_4.x86_64  CompilerName: GCC  CompilerVersion: 8.4.0
ProgramName: mris_jacobian  ProgramArguments: mris_jacobian -all-info  ProgramVersion: 7.3.2  TimeStamp: 2026/03/09-12:50:44-GMT  BuildTime: Aug  4 2022 06:17:15  BuildStamp: freesurfer-linux-ubuntu22_x86_64-7.3.2-20220804-6354275  User: oesteban  Machine: dna071  Platform: Linux  PlatformVersion: 5.14.0-427.37.1.el9_4.x86_64  CompilerName: GCC  CompilerVersion: 8.4.0
ProgramName: mris_label2annot  ProgramArguments: mris_label2annot -all-info  ProgramVersion: 7.3.2  TimeStamp: 2026/03/09-12:50:44-GMT  BuildTime: Aug  4 2022 06:17:15  BuildStamp: freesurfer-linux-ubuntu22_x86_64-7.3.2-20220804-6354275  User: oesteban  Machine: dna071  Platform: Linux  PlatformVersion: 5.14.0-427.37.1.el9_4.x86_64  CompilerName: GCC  CompilerVersion: 8.4.0
ProgramName: mris_left_right_register  ProgramArguments: mris_left_right_register -all-info  ProgramVersion: 7.3.2  TimeStamp: 2026/03/09-12:50:44-GMT  BuildTime: Aug  4 2022 06:17:15  BuildStamp: freesurfer-linux-ubuntu22_x86_64-7.3.2-20220804-6354275  User: oesteban  Machine: dna071  Platform: Linux  PlatformVersion: 5.14.0-427.37.1.el9_4.x86_64  CompilerName: GCC  CompilerVersion: 8.4.0
ProgramName: mris_place_surface  ProgramArguments: mris_place_surface -all-info  ProgramVersion: 7.3.2  TimeStamp: 2026/03/09-12:50:44-GMT  BuildTime: Aug  4 2022 06:17:15  BuildStamp: freesurfer-linux-ubuntu22_x86_64-7.3.2-20220804-6354275  User: oesteban  Machine: dna071  Platform: Linux  PlatformVersion: 5.14.0-427.37.1.el9_4.x86_64  CompilerName: GCC  CompilerVersion: 8.4.0
ProgramName: mrisp_paint  ProgramArguments: mrisp_paint -all-info  ProgramVersion: 7.3.2  TimeStamp: 2026/03/09-12:50:44-GMT  BuildTime: Aug  4 2022 06:17:15  BuildStamp: freesurfer-linux-ubuntu22_x86_64-7.3.2-20220804-6354275  User: oesteban  Machine: dna071  Platform: Linux  PlatformVersion: 5.14.0-427.37.1.el9_4.x86_64  CompilerName: GCC  CompilerVersion: 8.4.0
ProgramName: mris_register  ProgramArguments: mris_register -all-info  ProgramVersion: 7.3.2  TimeStamp: 2026/03/09-12:50:44-GMT  BuildTime: Aug  4 2022 06:17:15  BuildStamp: freesurfer-linux-ubuntu22_x86_64-7.3.2-20220804-6354275  User: oesteban  Machine: dna071  Platform: Linux  PlatformVersion: 5.14.0-427.37.1.el9_4.x86_64  CompilerName: GCC  CompilerVersion: 8.4.0
ProgramName: mris_smooth  ProgramArguments: mris_smooth -all-info  ProgramVersion: 7.3.2  TimeStamp: 2026/03/09-12:50:44-GMT  BuildTime: Aug  4 2022 06:17:15  BuildStamp: freesurfer-linux-ubuntu22_x86_64-7.3.2-20220804-6354275  User: oesteban  Machine: dna071  Platform: Linux  PlatformVersion: 5.14.0-427.37.1.el9_4.x86_64  CompilerName: GCC  CompilerVersion: 8.4.0
ProgramName: mris_sphere  ProgramArguments: mris_sphere -all-info  ProgramVersion: 7.3.2  TimeStamp: 2026/03/09-12:50:44-GMT  BuildTime: Aug  4 2022 06:17:15  BuildStamp: freesurfer-linux-ubuntu22_x86_64-7.3.2-20220804-6354275  User: oesteban  Machine: dna071  Platform: Linux  PlatformVersion: 5.14.0-427.37.1.el9_4.x86_64  CompilerName: GCC  CompilerVersion: 8.4.0
ProgramName: mris_surface_stats  ProgramArguments: mris_surface_stats -all-info  ProgramVersion: 7.3.2  TimeStamp: 2026/03/09-12:50:44-GMT  BuildTime: Aug  4 2022 06:17:15  BuildStamp: freesurfer-linux-ubuntu22_x86_64-7.3.2-20220804-6354275  User: oesteban  Machine: dna071  Platform: Linux  PlatformVersion: 5.14.0-427.37.1.el9_4.x86_64  CompilerName: GCC  CompilerVersion: 8.4.0
ProgramName: mri_stats2seg  ProgramArguments: mri_stats2seg -all-info  ProgramVersion: 7.3.2  TimeStamp: 2026/03/09-12:50:44-GMT  BuildTime: Aug  4 2022 06:17:15  BuildStamp: freesurfer-linux-ubuntu22_x86_64-7.3.2-20220804-6354275  User: oesteban  Machine: dna071  Platform: Linux  PlatformVersion: 5.14.0-427.37.1.el9_4.x86_64  CompilerName: GCC  CompilerVersion: 8.4.0
ProgramName: mris_thickness  ProgramArguments: mris_thickness -all-info  ProgramVersion: 7.3.2  TimeStamp: 2026/03/09-12:50:44-GMT  BuildTime: Aug  4 2022 06:17:15  BuildStamp: freesurfer-linux-ubuntu22_x86_64-7.3.2-20220804-6354275  User: oesteban  Machine: dna071  Platform: Linux  PlatformVersion: 5.14.0-427.37.1.el9_4.x86_64  CompilerName: GCC  CompilerVersion: 8.4.0
ProgramName: mris_thickness_diff  ProgramArguments: mris_thickness_diff -all-info  ProgramVersion: 7.3.2  TimeStamp: 2026/03/09-12:50:44-GMT  BuildTime: Aug  4 2022 06:17:15  BuildStamp: freesurfer-linux-ubuntu22_x86_64-7.3.2-20220804-6354275  User: oesteban  Machine: dna071  Platform: Linux  PlatformVersion: 5.14.0-427.37.1.el9_4.x86_64  CompilerName: GCC  CompilerVersion: 8.4.0
ProgramName: mris_topo_fixer  ProgramArguments: mris_topo_fixer -all-info  ProgramVersion: 7.3.2  TimeStamp: 2026/03/09-12:50:44-GMT  BuildTime: Aug  4 2022 06:17:15  BuildStamp: freesurfer-linux-ubuntu22_x86_64-7.3.2-20220804-6354275  User: oesteban  Machine: dna071  Platform: Linux  PlatformVersion: 5.14.0-427.37.1.el9_4.x86_64  CompilerName: GCC  CompilerVersion: 8.4.0
ProgramName: mri_surf2surf  ProgramArguments: mri_surf2surf -all-info  ProgramVersion: 7.3.2  TimeStamp: 2026/03/09-12:50:44-GMT  BuildTime: Aug  4 2022 06:17:15  BuildStamp: freesurfer-linux-ubuntu22_x86_64-7.3.2-20220804-6354275  User: oesteban  Machine: dna071  Platform: Linux  PlatformVersion: 5.14.0-427.37.1.el9_4.x86_64  CompilerName: GCC  CompilerVersion: 8.4.0
ProgramName: mri_surf2vol  ProgramArguments: mri_surf2vol -all-info  ProgramVersion: 7.3.2  TimeStamp: 2026/03/09-12:50:44-GMT  BuildTime: Aug  4 2022 06:17:15  BuildStamp: freesurfer-linux-ubuntu22_x86_64-7.3.2-20220804-6354275  User: oesteban  Machine: dna071  Platform: Linux  PlatformVersion: 5.14.0-427.37.1.el9_4.x86_64  CompilerName: GCC  CompilerVersion: 8.4.0
ProgramName: mri_surfcluster  ProgramArguments: mri_surfcluster -all-info  ProgramVersion: 7.3.2  TimeStamp: 2026/03/09-12:50:44-GMT  BuildTime: Aug  4 2022 06:17:15  BuildStamp: freesurfer-linux-ubuntu22_x86_64-7.3.2-20220804-6354275  User: oesteban  Machine: dna071  Platform: Linux  PlatformVersion: 5.14.0-427.37.1.el9_4.x86_64  CompilerName: GCC  CompilerVersion: 8.4.0
ProgramName: mris_volmask  ProgramArguments: mris_volmask -all-info  ProgramVersion: 7.3.2  TimeStamp: 2026/03/09-12:50:44-GMT  BuildTime: Aug  4 2022 06:17:15  BuildStamp: freesurfer-linux-ubuntu22_x86_64-7.3.2-20220804-6354275  User: oesteban  Machine: dna071  Platform: Linux  PlatformVersion: 5.14.0-427.37.1.el9_4.x86_64  CompilerName: GCC  CompilerVersion: 8.4.0
ProgramName: mri_tessellate  ProgramArguments: mri_tessellate -all-info  ProgramVersion: 7.3.2  TimeStamp: 2026/03/09-12:50:44-GMT  BuildTime: Aug  4 2022 06:17:15  BuildStamp: freesurfer-linux-ubuntu22_x86_64-7.3.2-20220804-6354275  User: oesteban  Machine: dna071  Platform: Linux  PlatformVersion: 5.14.0-427.37.1.el9_4.x86_64  CompilerName: GCC  CompilerVersion: 8.4.0
ProgramName: mri_vol2surf  ProgramArguments: mri_vol2surf -all-info  ProgramVersion: 7.3.2  TimeStamp: 2026/03/09-12:50:44-GMT  BuildTime: Aug  4 2022 06:17:15  BuildStamp: freesurfer-linux-ubuntu22_x86_64-7.3.2-20220804-6354275  User: oesteban  Machine: dna071  Platform: Linux  PlatformVersion: 5.14.0-427.37.1.el9_4.x86_64  CompilerName: GCC  CompilerVersion: 8.4.0
ProgramName: mri_vol2vol  ProgramArguments: mri_vol2vol -all-info  ProgramVersion: 7.3.2  TimeStamp: 2026/03/09-12:50:44-GMT  BuildTime: Aug  4 2022 06:17:15  BuildStamp: freesurfer-linux-ubuntu22_x86_64-7.3.2-20220804-6354275  User: oesteban  Machine: dna071  Platform: Linux  PlatformVersion: 5.14.0-427.37.1.el9_4.x86_64  CompilerName: GCC  CompilerVersion: 8.4.0
ProgramName: mri_voldiff  ProgramArguments: mri_voldiff -all-info  ProgramVersion: 7.3.2  TimeStamp: 2026/03/09-12:50:44-GMT  BuildTime: Aug  4 2022 06:17:15  BuildStamp: freesurfer-linux-ubuntu22_x86_64-7.3.2-20220804-6354275  User: oesteban  Machine: dna071  Platform: Linux  PlatformVersion: 5.14.0-427.37.1.el9_4.x86_64  CompilerName: GCC  CompilerVersion: 8.4.0
ProgramName: mri_watershed  ProgramArguments: mri_watershed -all-info  ProgramVersion: 7.3.2  TimeStamp: 2026/03/09-12:50:44-GMT  BuildTime: Aug  4 2022 06:17:15  BuildStamp: freesurfer-linux-ubuntu22_x86_64-7.3.2-20220804-6354275  User: oesteban  Machine: dna071  Platform: Linux  PlatformVersion: 5.14.0-427.37.1.el9_4.x86_64  CompilerName: GCC  CompilerVersion: 8.4.0
ProgramName: tkregister2  ProgramArguments: tkregister2_cmdl -all-info  ProgramVersion: 7.3.2  TimeStamp: 2026/03/09-12:50:44-GMT  BuildTime: Aug  4 2022 06:17:15  BuildStamp: freesurfer-linux-ubuntu22_x86_64-7.3.2-20220804-6354275  User: oesteban  Machine: dna071  Platform: Linux  PlatformVersion: 5.14.0-427.37.1.el9_4.x86_64  CompilerName: GCC  CompilerVersion: 8.4.0
mri_motion_correct.fsl 7.3.2
mri_convert -all-info 
ProgramName: mri_convert  ProgramArguments: mri_convert -all-info  ProgramVersion: 7.3.2  TimeStamp: 2026/03/09-12:50:44-GMT  BuildTime: Aug  4 2022 06:17:15  BuildStamp: freesurfer-linux-ubuntu22_x86_64-7.3.2-20220804-6354275  User: oesteban  Machine: dna071  Platform: Linux  PlatformVersion: 5.14.0-427.37.1.el9_4.x86_64  CompilerName: GCC  CompilerVersion: 8.4.0
Program nu_correct, built from:
Package MNI N3, version 1.12.0, compiled by nicks@terrier (x86_64-unknown-linux-gnu) on 2015-06-19 at 01:25:34
#######################################
GCADIR /opt/freesurfer/average
GCA RB_all_2020-01-02.gca
GCASkull RB_all_withskull_2020_01_02.gca
AvgCurvTif folding.atlas.acfb40.noaparc.i12.2016-08-02.tif
GCSDIR /opt/freesurfer/average
GCS DKaparc.atlas.acfb40.noaparc.i12.2016-08-02.gcs
#######################################
#--------------------------------------------
#@# AutoDetGWStats rh Mon Mar  9 13:50:44 CET 2026
cd /out/sourcedata/freesurfer/sub-v1s21x0050416_ses-1/mri
mris_autodet_gwstats --o ../surf/autodet.gw.stats.rh.dat --i brain.finalsurfs.mgz --wm wm.mgz --surf ../surf/rh.orig.premesh
  Update not needed
#--------------------------------------------
#@# WhitePreAparc rh Mon Mar  9 13:50:44 CET 2026
cd /out/sourcedata/freesurfer/sub-v1s21x0050416_ses-1/mri
mris_place_surface --adgws-in ../surf/autodet.gw.stats.rh.dat --wm wm.mgz --threads 16 --invol brain.finalsurfs.mgz --rh --i ../surf/rh.orig --o ../surf/rh.white.preaparc --white --seg aseg.presurf.mgz --nsmooth 5
   Update not needed
#--------------------------------------------
#@# CortexLabel rh Mon Mar  9 13:50:44 CET 2026
cd /out/sourcedata/freesurfer/sub-v1s21x0050416_ses-1/mri
mri_label2label --label-cortex ../surf/rh.white.preaparc aseg.presurf.mgz 0 ../label/rh.cortex.label
   Update not needed
#--------------------------------------------
#@# CortexLabel+HipAmyg rh Mon Mar  9 13:50:44 CET 2026
cd /out/sourcedata/freesurfer/sub-v1s21x0050416_ses-1/mri
mri_label2label --label-cortex ../surf/rh.white.preaparc aseg.presurf.mgz 1 ../label/rh.cortex+hipamyg.label
   Update not needed
#@# white curv rh Mon Mar  9 13:50:44 CET 2026
cd /out/sourcedata/freesurfer/sub-v1s21x0050416_ses-1/mri
mris_place_surface --curv-map ../surf/rh.white 2 10 ../surf/rh.curv
   Update not needed
#@# white area rh Mon Mar  9 13:50:44 CET 2026
cd /out/sourcedata/freesurfer/sub-v1s21x0050416_ses-1/mri
mris_place_surface --area-map ../surf/rh.white ../surf/rh.area
   Update not needed
#@# pial curv rh Mon Mar  9 13:50:44 CET 2026
cd /out/sourcedata/freesurfer/sub-v1s21x0050416_ses-1/mri
mris_place_surface --curv-map ../surf/rh.pial 2 10 ../surf/rh.curv.pial
   Update not needed
#@# pial area rh Mon Mar  9 13:50:44 CET 2026
cd /out/sourcedata/freesurfer/sub-v1s21x0050416_ses-1/mri
mris_place_surface --area-map ../surf/rh.pial ../surf/rh.area.pial
   Update not needed
#@# thickness rh Mon Mar  9 13:50:44 CET 2026
cd /out/sourcedata/freesurfer/sub-v1s21x0050416_ses-1/mri
mris_place_surface --thickness ../surf/rh.white ../surf/rh.pial 20 5 ../surf/rh.thickness
   Update not needed
#@# area and vertex vol rh Mon Mar  9 13:50:44 CET 2026
cd /out/sourcedata/freesurfer/sub-v1s21x0050416_ses-1/mri
mris_place_surface --thickness ../surf/rh.white ../surf/rh.pial 20 5 ../surf/rh.thickness
   Update not needed
#-----------------------------------------
#@# Parcellation Stats rh Mon Mar  9 13:50:44 CET 2026
/out/sourcedata/freesurfer/sub-v1s21x0050416_ses-1/scripts

 mris_anatomical_stats -th3 -mgz -noglobal -cortex ../label/rh.cortex.label -f ../stats/rh.aparc.stats -b -a ../label/rh.aparc.annot -c ../label/aparc.annot.ctab sub-v1s21x0050416_ses-1 rh white 

computing statistics for each annotation in ../label/rh.aparc.annot.
reading volume /out/sourcedata/freesurfer/sub-v1s21x0050416_ses-1/mri/wm.mgz...
reading input surface /out/sourcedata/freesurfer/sub-v1s21x0050416_ses-1/surf/rh.white...
reading input pial surface /out/sourcedata/freesurfer/sub-v1s21x0050416_ses-1/surf/rh.pial...
reading input white surface /out/sourcedata/freesurfer/sub-v1s21x0050416_ses-1/surf/rh.white...
INFO: using TH3 volume calc
INFO: assuming MGZ format for volumes.
INFO: not computing global stats
INFO: using ../label/rh.cortex.label as mask to calc cortex NumVert, SurfArea and MeanThickness.
Using TH3 vertex volume calc
Total face volume 284286
Total vertex volume 284077 (mask=0)
Saving annotation colortable ../label/aparc.annot.ctab

table columns are:
    number of vertices
    total surface area (mm^2)
    total gray matter volume (mm^3)
    average cortical thickness +- standard deviation (mm)
    integrated rectified mean curvature
    integrated rectified Gaussian curvature
    folding index
    intrinsic curvature index
    structure name

 1324    855   1723  2.106 0.659     0.077     0.011        5     0.7  bankssts
 1565   1013   2623  2.163 0.982     0.107     0.018       16     1.2  caudalanteriorcingulate
 4537   3195   9431  2.500 0.730     0.114     0.022       46     4.1  caudalmiddlefrontal
 2824   2084   4233  1.969 0.622     0.159     0.039       47     4.9  cuneus
  635    421   1695  3.016 0.837     0.122     0.042        8     0.9  entorhinal
 4451   3147   9093  2.403 0.762     0.127     0.033       56     6.8  fusiform
 7145   5233  15187  2.466 0.667     0.124     0.026       80     7.8  inferiorparietal
 5939   4326  13687  2.523 0.780     0.124     0.032       80     7.6  inferiortemporal
 1607   1147   3205  2.371 0.958     0.118     0.024       18     1.5  isthmuscingulate
 9662   6781  16105  2.082 0.651     0.136     0.036      111    14.2  lateraloccipital
 4188   2957   8095  2.572 0.803     0.134     0.038       52     6.6  lateralorbitofrontal
 3993   3012   7298  2.277 0.737     0.147     0.036       57     6.1  lingual
 2844   2123   5980  2.548 0.688     0.124     0.033       41     3.5  medialorbitofrontal
 6008   4357  14681  2.696 0.750     0.116     0.025       74     6.2  middletemporal
  899    595   1505  2.380 0.605     0.104     0.023        8     0.8  parahippocampal
 3552   2238   5230  2.348 0.578     0.117     0.028       32     4.2  paracentral
 2493   1653   4405  2.406 0.723     0.098     0.018       18     1.9  parsopercularis
 1472   1098   3489  2.548 0.742     0.136     0.033       24     1.9  parsorbitalis
 2681   1920   5617  2.452 0.770     0.111     0.020       30     2.3  parstriangularis
 2326   1624   2233  1.466 0.456     0.130     0.034       25     3.3  pericalcarine
 7562   5011  10471  1.900 0.629     0.099     0.021       59     6.7  postcentral
 2354   1671   4467  2.421 0.803     0.122     0.021       28     2.1  posteriorcingulate
 9329   6071  17818  2.669 0.633     0.108     0.024       74     9.1  precentral
 5950   4116  11820  2.593 0.616     0.117     0.023       55     5.8  precuneus
 1053    803   2600  2.741 0.707     0.134     0.029       16     1.4  rostralanteriorcingulate
 9624   6969  19103  2.288 0.661     0.124     0.028      124    11.4  rostralmiddlefrontal
14890  10276  32915  2.903 0.648     0.122     0.029      148    17.4  superiorfrontal
 7927   5282  14078  2.369 0.664     0.117     0.025       77     8.1  superiorparietal
 6688   4536  12278  2.418 0.619     0.101     0.021       58     6.2  superiortemporal
 5441   3806  10550  2.455 0.707     0.107     0.021       50     4.6  supramarginal
  427    366   1605  2.962 0.712     0.182     0.054       15     0.9  frontalpole
  810    572   2257  2.888 0.738     0.107     0.035       12     1.2  temporalpole
  579    411   1063  2.345 0.439     0.129     0.022        6     0.5  transversetemporal
 3664   2544   7539  2.910 0.797     0.115     0.025       30     3.8  insula

 mris_anatomical_stats -th3 -mgz -noglobal -cortex ../label/rh.cortex.label -f ../stats/rh.aparc.pial.stats -b -a ../label/rh.aparc.annot -c ../label/aparc.annot.ctab sub-v1s21x0050416_ses-1 rh pial 

computing statistics for each annotation in ../label/rh.aparc.annot.
reading volume /out/sourcedata/freesurfer/sub-v1s21x0050416_ses-1/mri/wm.mgz...
reading input surface /out/sourcedata/freesurfer/sub-v1s21x0050416_ses-1/surf/rh.pial...
reading input pial surface /out/sourcedata/freesurfer/sub-v1s21x0050416_ses-1/surf/rh.pial...
reading input white surface /out/sourcedata/freesurfer/sub-v1s21x0050416_ses-1/surf/rh.white...
INFO: using TH3 volume calc
INFO: assuming MGZ format for volumes.
INFO: not computing global stats
INFO: using ../label/rh.cortex.label as mask to calc cortex NumVert, SurfArea and MeanThickness.
Using TH3 vertex volume calc
Total face volume 284286
Total vertex volume 284077 (mask=0)
Saving annotation colortable ../label/aparc.annot.ctab

table columns are:
    number of vertices
    total surface area (mm^2)
    total gray matter volume (mm^3)
    average cortical thickness +- standard deviation (mm)
    integrated rectified mean curvature
    integrated rectified Gaussian curvature
    folding index
    intrinsic curvature index
    structure name

 1324    782   1723  2.106 0.659     0.103     0.026       23     1.4  bankssts
 1565   1256   2623  2.163 0.982     0.127     0.035       39     2.1  caudalanteriorcingulate
 4537   4192   9431  2.500 0.730     0.150     0.035       90     6.4  caudalmiddlefrontal
 2824   2395   4233  1.969 0.622     0.160     0.046       74     5.4  cuneus
  635    741   1695  3.016 0.837     0.263     0.084       20     2.3  entorhinal
 4451   4328   9093  2.403 0.762     0.185     0.052      133     9.1  fusiform
 7145   6773  15187  2.466 0.667     0.162     0.042      126    12.0  inferiorparietal
 5939   6420  13687  2.523 0.780     0.183     0.044      104    12.0  inferiortemporal
 1607   1505   3205  2.371 0.958     0.168     0.054     4511     2.7  isthmuscingulate
 9662   8843  16105  2.082 0.651     0.157     0.040      206    16.4  lateraloccipital
 4188   3489   8095  2.572 0.803     0.162     0.047      160     8.1  lateralorbitofrontal
 3993   3645   7298  2.277 0.737     0.169     0.046       80     7.6  lingual
 2844   2825   5980  2.548 0.688     0.180     0.046       60     5.5  medialorbitofrontal
 6008   6342  14681  2.696 0.750     0.176     0.040      130    11.3  middletemporal
  899    724   1505  2.380 0.605     0.199     0.062       43     2.5  parahippocampal
 3552   2329   5230  2.348 0.578     0.106     0.029       48     3.9  paracentral
 2493   2035   4405  2.406 0.723     0.143     0.038      194     3.6  parsopercularis
 1472   1656   3489  2.548 0.742     0.174     0.038       31     2.6  parsorbitalis
 2681   2666   5617  2.452 0.770     0.160     0.034       32     4.2  parstriangularis
 2326   1570   2233  1.466 0.456     0.142     0.039       45     3.7  pericalcarine
 7562   6105  10471  1.900 0.629     0.122     0.026       97     8.4  postcentral
 2354   2057   4467  2.421 0.803     0.148     0.037       47     3.7  posteriorcingulate
 9329   7091  17818  2.669 0.633     0.119     0.028      795    10.1  precentral
 5950   5028  11820  2.593 0.616     0.153     0.041      165     9.4  precuneus
 1053   1106   2600  2.741 0.707     0.185     0.042       27     2.1  rostralanteriorcingulate
 9624   9375  19103  2.288 0.661     0.166     0.035      156    14.7  rostralmiddlefrontal
14890  12308  32915  2.903 0.648     0.140     0.036      630    20.3  superiorfrontal
 7927   6489  14078  2.369 0.664     0.131     0.031      119    10.4  superiorparietal
 6688   5826  12278  2.418 0.619     0.145     0.043      140     9.9  superiortemporal
 5441   4667  10550  2.455 0.707     0.139     0.031       85     7.5  supramarginal
  427    710   1605  2.962 0.712     0.281     0.056       11     1.3  frontalpole
  810   1018   2257  2.888 0.738     0.206     0.053       14     1.8  temporalpole
  579    525   1063  2.345 0.439     0.161     0.051       17     1.0  transversetemporal
 3664   2668   7539  2.910 0.797     0.154     0.041       70     6.2  insula
#-----------------------------------------
#@# Parcellation Stats 2 rh Mon Mar  9 13:51:02 CET 2026
/out/sourcedata/freesurfer/sub-v1s21x0050416_ses-1/scripts

 mris_anatomical_stats -th3 -mgz -noglobal -cortex ../label/rh.cortex.label -f ../stats/rh.aparc.a2009s.stats -b -a ../label/rh.aparc.a2009s.annot -c ../label/aparc.annot.a2009s.ctab sub-v1s21x0050416_ses-1 rh white 

computing statistics for each annotation in ../label/rh.aparc.a2009s.annot.
reading volume /out/sourcedata/freesurfer/sub-v1s21x0050416_ses-1/mri/wm.mgz...
reading input surface /out/sourcedata/freesurfer/sub-v1s21x0050416_ses-1/surf/rh.white...
reading input pial surface /out/sourcedata/freesurfer/sub-v1s21x0050416_ses-1/surf/rh.pial...
reading input white surface /out/sourcedata/freesurfer/sub-v1s21x0050416_ses-1/surf/rh.white...
INFO: using TH3 volume calc
INFO: assuming MGZ format for volumes.
INFO: not computing global stats
INFO: using ../label/rh.cortex.label as mask to calc cortex NumVert, SurfArea and MeanThickness.
Using TH3 vertex volume calc
Total face volume 284286
Total vertex volume 284077 (mask=0)
Saving annotation colortable ../label/aparc.annot.a2009s.ctab

table columns are:
    number of vertices
    total surface area (mm^2)
    total gray matter volume (mm^3)
    average cortical thickness +- standard deviation (mm)
    integrated rectified mean curvature
    integrated rectified Gaussian curvature
    folding index
    intrinsic curvature index
    structure name

  940    688   2053  2.346 0.742     0.138     0.041       21     1.5  G_and_S_frontomargin
 1646   1215   3241  2.250 0.701     0.141     0.039       20     2.6  G_and_S_occipital_inf
 1881   1174   2553  2.067 0.607     0.123     0.034       19     2.7  G_and_S_paracentral
 2352   1621   4314  2.478 0.606     0.108     0.025       20     2.4  G_and_S_subcentral
 1271    989   3458  2.759 0.540     0.154     0.034       27     1.8  G_and_S_transv_frontopol
 3385   2367   6794  2.847 0.575     0.103     0.020       26     2.9  G_and_S_cingul-Ant
 1674   1149   3306  2.936 0.690     0.113     0.021       14     1.4  G_and_S_cingul-Mid-Ant
 1906   1342   3622  2.593 0.500     0.115     0.024       17     1.7  G_and_S_cingul-Mid-Post
  679    493   1895  3.135 0.787     0.157     0.033       12     0.9  G_cingul-Post-dorsal
  259    203    910  2.949 0.753     0.154     0.038        5     0.4  G_cingul-Post-ventral
 2557   1903   3814  1.865 0.625     0.158     0.041       45     4.4  G_cuneus
 1666   1129   4217  2.753 0.712     0.119     0.028       20     1.8  G_front_inf-Opercular
  537    414   1450  2.591 0.663     0.141     0.032       12     0.6  G_front_inf-Orbital
 1105    834   3054  2.795 0.705     0.129     0.025       16     1.2  G_front_inf-Triangul
 4623   3539  13285  2.638 0.752     0.141     0.035       87     7.0  G_front_middle
10737   7393  26638  2.960 0.670     0.135     0.035      142    15.4  G_front_sup
  913    675   1847  2.836 0.706     0.151     0.040       12     1.5  G_Ins_lg_and_S_cent_ins
  763    549   2633  3.522 0.806     0.122     0.029        9     0.9  G_insular_short
 2543   2008   6711  2.506 0.645     0.152     0.037       41     3.8  G_occipital_middle
 1837   1236   3498  2.272 0.729     0.135     0.030       20     2.3  G_occipital_sup
 1658   1192   4166  2.574 0.737     0.136     0.037       29     2.6  G_oc-temp_lat-fusifor
 2523   2025   5389  2.255 0.821     0.171     0.046       48     5.0  G_oc-temp_med-Lingual
 1359    891   3025  2.652 0.842     0.127     0.040       20     1.9  G_oc-temp_med-Parahip
 2988   2163   7488  2.528 0.860     0.135     0.040       44     4.7  G_orbital
 2426   1876   6933  2.719 0.692     0.144     0.033       38     3.1  G_pariet_inf-Angular
 2838   2029   6689  2.611 0.732     0.121     0.027       35     3.0  G_pariet_inf-Supramar
 3203   2118   6958  2.652 0.661     0.123     0.029       41     3.8  G_parietal_sup
 2534   1637   3988  1.978 0.631     0.111     0.026       25     2.7  G_postcentral
 3036   1967   7719  2.930 0.608     0.116     0.031       31     3.7  G_precentral
 2501   1764   6308  2.691 0.677     0.130     0.029       30     3.1  G_precuneus
  700    574   2170  2.643 0.718     0.165     0.057       16     1.5  G_rectus
  495    338    854  2.318 0.926     0.139     0.058        8     1.0  G_subcallosal
  472    324    970  2.366 0.473     0.114     0.022        5     0.3  G_temp_sup-G_T_transv
 2356   1648   5527  2.466 0.674     0.127     0.033       36     3.5  G_temp_sup-Lateral
 1033    677   1778  2.337 0.634     0.070     0.014        3     0.5  G_temp_sup-Plan_polar
  881    566   1407  2.380 0.476     0.057     0.005        2     0.2  G_temp_sup-Plan_tempo
 3510   2663   9704  2.615 0.829     0.144     0.042       66     5.9  G_temporal_inf
 3499   2635  10453  2.862 0.728     0.130     0.031       57     4.4  G_temporal_middle
  439    294    556  2.104 0.518     0.082     0.011        2     0.2  Lat_Fis-ant-Horizont
  317    215    529  2.441 1.012     0.098     0.015        2     0.2  Lat_Fis-ant-Vertical
 1561   1041   2009  2.330 0.630     0.101     0.018       10     1.2  Lat_Fis-post
 4277   2892   5938  1.876 0.616     0.148     0.044       59     7.7  Pole_occipital
 2004   1590   6607  3.013 0.811     0.150     0.047       37     4.7  Pole_temporal
 2741   1861   3379  2.028 0.846     0.107     0.022       19     2.7  S_calcarine
 3381   2193   3538  1.844 0.583     0.089     0.016       16     2.4  S_central
 1458    965   2087  2.378 0.424     0.095     0.015        9     0.8  S_cingul-Marginalis
  708    486   1272  3.246 0.532     0.106     0.018        4     0.5  S_circular_insula_ant
 1208    786   1555  2.303 0.788     0.079     0.013        4     0.6  S_circular_insula_inf
 1837   1210   2693  2.728 0.486     0.090     0.015        7     1.2  S_circular_insula_sup
 1454    963   2264  2.466 0.666     0.090     0.012        6     0.9  S_collat_transv_ant
  304    216    330  1.906 0.413     0.123     0.030        2     0.3  S_collat_transv_post
 2767   1822   3274  1.860 0.508     0.089     0.014       14     1.5  S_front_inf
 2692   1909   4719  2.337 0.596     0.117     0.025       22     2.8  S_front_middle
 3865   2638   6004  2.506 0.515     0.102     0.018       23     3.0  S_front_sup
  180    135    310  2.794 0.867     0.111     0.016        1     0.2  S_interm_prim-Jensen
 2944   1988   3588  2.060 0.486     0.101     0.018       20     2.3  S_intrapariet_and_P_trans
 1491   1006   1774  2.050 0.608     0.108     0.023       10     1.3  S_oc_middle_and_Lunatus
 1028    694   1408  2.196 0.443     0.108     0.020        6     0.9  S_oc_sup_and_transversal
  907    614   1037  1.898 0.487     0.103     0.021        5     0.8  S_occipital_ant
 1056    726   1411  1.967 0.606     0.104     0.019        6     0.9  S_oc-temp_lat
 1615   1079   2362  2.365 0.496     0.089     0.016        9     0.9  S_oc-temp_med_and_Lingual
  607    427    750  1.792 0.581     0.113     0.019        6     0.5  S_orbital_lateral
  673    525   1139  2.564 0.695     0.131     0.034        6     1.0  S_orbital_med-olfact
 1566   1061   2362  2.403 0.745     0.120     0.028       15     2.0  S_orbital-H_Shaped
 2720   1833   4106  2.478 0.533     0.110     0.017       19     2.2  S_parieto_occipital
 2227   1443   1842  1.510 0.450     0.101     0.014       22     1.3  S_pericallosal
 2826   1927   3375  1.875 0.528     0.096     0.018       18     1.9  S_postcentral
 2576   1688   3592  2.396 0.594     0.091     0.012       14     1.4  S_precentral-inf-part
 1885   1284   2795  2.534 0.520     0.112     0.020       13     1.7  S_precentral-sup-part
  251    190    382  2.390 0.480     0.152     0.023        3     0.3  S_suborbital
 1131    823   2029  2.472 0.563     0.125     0.024       10     1.1  S_subparietal
 1772   1156   2093  2.072 0.568     0.088     0.014        7     1.1  S_temporal_inf
 6347   4279   9682  2.335 0.612     0.095     0.016       37     4.5  S_temporal_sup
  342    247    465  2.421 0.380     0.128     0.015        3     0.3  S_temporal_transverse
#-----------------------------------------
#@# Parcellation Stats 3 rh Mon Mar  9 13:51:11 CET 2026
/out/sourcedata/freesurfer/sub-v1s21x0050416_ses-1/scripts

 mris_anatomical_stats -th3 -mgz -noglobal -cortex ../label/rh.cortex.label -f ../stats/rh.aparc.DKTatlas.stats -b -a ../label/rh.aparc.DKTatlas.annot -c ../label/aparc.annot.DKTatlas.ctab sub-v1s21x0050416_ses-1 rh white 

computing statistics for each annotation in ../label/rh.aparc.DKTatlas.annot.
reading volume /out/sourcedata/freesurfer/sub-v1s21x0050416_ses-1/mri/wm.mgz...
reading input surface /out/sourcedata/freesurfer/sub-v1s21x0050416_ses-1/surf/rh.white...
reading input pial surface /out/sourcedata/freesurfer/sub-v1s21x0050416_ses-1/surf/rh.pial...
reading input white surface /out/sourcedata/freesurfer/sub-v1s21x0050416_ses-1/surf/rh.white...
INFO: using TH3 volume calc
INFO: assuming MGZ format for volumes.
INFO: not computing global stats
INFO: using ../label/rh.cortex.label as mask to calc cortex NumVert, SurfArea and MeanThickness.
Using TH3 vertex volume calc
Total face volume 284286
Total vertex volume 284077 (mask=0)
Saving annotation colortable ../label/aparc.annot.DKTatlas.ctab

table columns are:
    number of vertices
    total surface area (mm^2)
    total gray matter volume (mm^3)
    average cortical thickness +- standard deviation (mm)
    integrated rectified mean curvature
    integrated rectified Gaussian curvature
    folding index
    intrinsic curvature index
    structure name

 1712   1113   2861  2.192 0.976     0.108     0.018       18     1.3  caudalanteriorcingulate
 4718   3328   9833  2.512 0.731     0.116     0.022       48     4.5  caudalmiddlefrontal
 3403   2481   5386  2.078 0.668     0.149     0.036       47     5.1  cuneus
  565    367   1269  2.911 0.774     0.116     0.039        7     0.7  entorhinal
 4031   2781   7753  2.375 0.747     0.119     0.029       48     4.9  fusiform
 7034   5151  14942  2.476 0.663     0.125     0.027       79     7.7  inferiorparietal
 6560   4864  15761  2.531 0.796     0.129     0.034       91     9.9  inferiortemporal
 1524   1090   3041  2.349 0.934     0.118     0.024       18     1.5  isthmuscingulate
 9600   6716  15845  2.072 0.648     0.136     0.036      111    14.0  lateraloccipital
 4424   3165   8935  2.460 0.817     0.134     0.039       60     6.9  lateralorbitofrontal
 3956   2980   7221  2.272 0.734     0.145     0.035       56     5.9  lingual
 2078   1604   4875  2.528 0.717     0.142     0.042       38     3.4  medialorbitofrontal
 7079   5058  16351  2.652 0.744     0.111     0.024       80     6.8  middletemporal
  954    636   1609  2.392 0.593     0.105     0.025        9     0.9  parahippocampal
 3721   2375   5453  2.330 0.573     0.121     0.030       34     4.8  paracentral
 2829   1881   5034  2.411 0.760     0.099     0.019       21     2.3  parsopercularis
 1318    955   2996  2.774 0.643     0.125     0.026       15     1.4  parsorbitalis
 2667   1897   5180  2.352 0.757     0.108     0.019       30     2.1  parstriangularis
 2357   1647   2283  1.470 0.471     0.133     0.036       30     3.8  pericalcarine
 8194   5407  11295  1.919 0.639     0.100     0.021       68     7.2  postcentral
 2457   1752   4676  2.448 0.800     0.123     0.022       28     2.4  posteriorcingulate
 9162   5974  17589  2.666 0.628     0.108     0.024       73     8.7  precentral
 6053   4185  11901  2.569 0.625     0.117     0.023       57     5.8  precuneus
 1474   1092   3329  2.689 0.742     0.130     0.029       21     1.9  rostralanteriorcingulate
 7034   5092  14130  2.283 0.662     0.124     0.029       95     8.6  rostralmiddlefrontal
17688  12313  38904  2.849 0.652     0.122     0.028      185    20.0  superiorfrontal
 6394   4289  11653  2.404 0.651     0.118     0.025       60     6.7  superiorparietal
 8245   5589  15399  2.414 0.672     0.101     0.022       76     8.1  superiortemporal
 5252   3656  10264  2.466 0.721     0.106     0.020       48     4.4  supramarginal
  563    401   1058  2.336 0.450     0.123     0.021        6     0.4  transversetemporal
 3397   2377   7252  2.973 0.791     0.116     0.024       28     3.5  insula
/out/sourcedata/freesurfer/sub-v1s21x0050416_ses-1/label
#--------------------------------------------
#@# BA_exvivo Labels rh Mon Mar  9 13:51:19 CET 2026

 mri_label2label --srcsubject fsaverage --srclabel /out/sourcedata/freesurfer/fsaverage/label/rh.BA1_exvivo.label --trgsubject sub-v1s21x0050416_ses-1 --trglabel ./rh.BA1_exvivo.label --hemi rh --regmethod surface 


srclabel = /out/sourcedata/freesurfer/fsaverage/label/rh.BA1_exvivo.label
srcsubject = fsaverage
trgsubject = sub-v1s21x0050416_ses-1
trglabel = ./rh.BA1_exvivo.label
regmethod = surface

srchemi = rh
trghemi = rh
trgsurface = white
srcsurfreg = sphere.reg
trgsurfreg = sphere.reg
usehash = 1
Use ProjAbs  = 0, 0
Use ProjFrac = 0, 0
DoPaint 0

SUBJECTS_DIR    /out/sourcedata/freesurfer
FREESURFER_HOME /opt/freesurfer
Loading source label.
Found 3962 points in source label.
Starting surface-based mapping
Reading source registration 
 /out/sourcedata/freesurfer/fsaverage/surf/rh.sphere.reg
Rescaling ...  original radius = 100
Reading target surface 
 /out/sourcedata/freesurfer/sub-v1s21x0050416_ses-1/surf/rh.white
Reading target registration 
 /out/sourcedata/freesurfer/sub-v1s21x0050416_ses-1/surf/rh.sphere.reg
Rescaling ...  original radius = 100
Building target registration hash (res=16).
Building source registration hash (res=16).
INFO: found  3962 nlabel points
Performing mapping from target back to the source label 155588
Number of reverse mapping hits = 304
Checking for and removing duplicates
Writing label file ./rh.BA1_exvivo.label 4266
mri_label2label: Done


 mri_label2label --srcsubject fsaverage --srclabel /out/sourcedata/freesurfer/fsaverage/label/rh.BA2_exvivo.label --trgsubject sub-v1s21x0050416_ses-1 --trglabel ./rh.BA2_exvivo.label --hemi rh --regmethod surface 


srclabel = /out/sourcedata/freesurfer/fsaverage/label/rh.BA2_exvivo.label
srcsubject = fsaverage
trgsubject = sub-v1s21x0050416_ses-1
trglabel = ./rh.BA2_exvivo.label
regmethod = surface

srchemi = rh
trghemi = rh
trgsurface = white
srcsurfreg = sphere.reg
trgsurfreg = sphere.reg
usehash = 1
Use ProjAbs  = 0, 0
Use ProjFrac = 0, 0
DoPaint 0

SUBJECTS_DIR    /out/sourcedata/freesurfer
FREESURFER_HOME /opt/freesurfer
Loading source label.
Found 6687 points in source label.
Starting surface-based mapping
Reading source registration 
 /out/sourcedata/freesurfer/fsaverage/surf/rh.sphere.reg
Rescaling ...  original radius = 100
Reading target surface 
 /out/sourcedata/freesurfer/sub-v1s21x0050416_ses-1/surf/rh.white
Reading target registration 
 /out/sourcedata/freesurfer/sub-v1s21x0050416_ses-1/surf/rh.sphere.reg
Rescaling ...  original radius = 100
Building target registration hash (res=16).
Building source registration hash (res=16).
INFO: found  6687 nlabel points
Performing mapping from target back to the source label 155588
Number of reverse mapping hits = 470
Checking for and removing duplicates
Writing label file ./rh.BA2_exvivo.label 7157
mri_label2label: Done


 mri_label2label --srcsubject fsaverage --srclabel /out/sourcedata/freesurfer/fsaverage/label/rh.BA3a_exvivo.label --trgsubject sub-v1s21x0050416_ses-1 --trglabel ./rh.BA3a_exvivo.label --hemi rh --regmethod surface 


srclabel = /out/sourcedata/freesurfer/fsaverage/label/rh.BA3a_exvivo.label
srcsubject = fsaverage
trgsubject = sub-v1s21x0050416_ses-1
trglabel = ./rh.BA3a_exvivo.label
regmethod = surface

srchemi = rh
trghemi = rh
trgsurface = white
srcsurfreg = sphere.reg
trgsurfreg = sphere.reg
usehash = 1
Use ProjAbs  = 0, 0
Use ProjFrac = 0, 0
DoPaint 0

SUBJECTS_DIR    /out/sourcedata/freesurfer
FREESURFER_HOME /opt/freesurfer
Loading source label.
Found 3980 points in source label.
Starting surface-based mapping
Reading source registration 
 /out/sourcedata/freesurfer/fsaverage/surf/rh.sphere.reg
Rescaling ...  original radius = 100
Reading target surface 
 /out/sourcedata/freesurfer/sub-v1s21x0050416_ses-1/surf/rh.white
Reading target registration 
 /out/sourcedata/freesurfer/sub-v1s21x0050416_ses-1/surf/rh.sphere.reg
Rescaling ...  original radius = 100
Building target registration hash (res=16).
Building source registration hash (res=16).
INFO: found  3980 nlabel points
Performing mapping from target back to the source label 155588
Number of reverse mapping hits = 147
Checking for and removing duplicates
Writing label file ./rh.BA3a_exvivo.label 4127
mri_label2label: Done


 mri_label2label --srcsubject fsaverage --srclabel /out/sourcedata/freesurfer/fsaverage/label/rh.BA3b_exvivo.label --trgsubject sub-v1s21x0050416_ses-1 --trglabel ./rh.BA3b_exvivo.label --hemi rh --regmethod surface 


srclabel = /out/sourcedata/freesurfer/fsaverage/label/rh.BA3b_exvivo.label
srcsubject = fsaverage
trgsubject = sub-v1s21x0050416_ses-1
trglabel = ./rh.BA3b_exvivo.label
regmethod = surface

srchemi = rh
trghemi = rh
trgsurface = white
srcsurfreg = sphere.reg
trgsurfreg = sphere.reg
usehash = 1
Use ProjAbs  = 0, 0
Use ProjFrac = 0, 0
DoPaint 0

SUBJECTS_DIR    /out/sourcedata/freesurfer
FREESURFER_HOME /opt/freesurfer
Loading source label.
Found 4522 points in source label.
Starting surface-based mapping
Reading source registration 
 /out/sourcedata/freesurfer/fsaverage/surf/rh.sphere.reg
Rescaling ...  original radius = 100
Reading target surface 
 /out/sourcedata/freesurfer/sub-v1s21x0050416_ses-1/surf/rh.white
Reading target registration 
 /out/sourcedata/freesurfer/sub-v1s21x0050416_ses-1/surf/rh.sphere.reg
Rescaling ...  original radius = 100
Building target registration hash (res=16).
Building source registration hash (res=16).
INFO: found  4522 nlabel points
Performing mapping from target back to the source label 155588
Number of reverse mapping hits = 300
Checking for and removing duplicates
Writing label file ./rh.BA3b_exvivo.label 4822
mri_label2label: Done


 mri_label2label --srcsubject fsaverage --srclabel /out/sourcedata/freesurfer/fsaverage/label/rh.BA4a_exvivo.label --trgsubject sub-v1s21x0050416_ses-1 --trglabel ./rh.BA4a_exvivo.label --hemi rh --regmethod surface 


srclabel = /out/sourcedata/freesurfer/fsaverage/label/rh.BA4a_exvivo.label
srcsubject = fsaverage
trgsubject = sub-v1s21x0050416_ses-1
trglabel = ./rh.BA4a_exvivo.label
regmethod = surface

srchemi = rh
trghemi = rh
trgsurface = white
srcsurfreg = sphere.reg
trgsurfreg = sphere.reg
usehash = 1
Use ProjAbs  = 0, 0
Use ProjFrac = 0, 0
DoPaint 0

SUBJECTS_DIR    /out/sourcedata/freesurfer
FREESURFER_HOME /opt/freesurfer
Loading source label.
Found 5747 points in source label.
Starting surface-based mapping
Reading source registration 
 /out/sourcedata/freesurfer/fsaverage/surf/rh.sphere.reg
Rescaling ...  original radius = 100
Reading target surface 
 /out/sourcedata/freesurfer/sub-v1s21x0050416_ses-1/surf/rh.white
Reading target registration 
 /out/sourcedata/freesurfer/sub-v1s21x0050416_ses-1/surf/rh.sphere.reg
Rescaling ...  original radius = 100
Building target registration hash (res=16).
Building source registration hash (res=16).
INFO: found  5747 nlabel points
Performing mapping from target back to the source label 155588
Number of reverse mapping hits = 932
Checking for and removing duplicates
Writing label file ./rh.BA4a_exvivo.label 6679
mri_label2label: Done


 mri_label2label --srcsubject fsaverage --srclabel /out/sourcedata/freesurfer/fsaverage/label/rh.BA4p_exvivo.label --trgsubject sub-v1s21x0050416_ses-1 --trglabel ./rh.BA4p_exvivo.label --hemi rh --regmethod surface 


srclabel = /out/sourcedata/freesurfer/fsaverage/label/rh.BA4p_exvivo.label
srcsubject = fsaverage
trgsubject = sub-v1s21x0050416_ses-1
trglabel = ./rh.BA4p_exvivo.label
regmethod = surface

srchemi = rh
trghemi = rh
trgsurface = white
srcsurfreg = sphere.reg
trgsurfreg = sphere.reg
usehash = 1
Use ProjAbs  = 0, 0
Use ProjFrac = 0, 0
DoPaint 0

SUBJECTS_DIR    /out/sourcedata/freesurfer
FREESURFER_HOME /opt/freesurfer
Loading source label.
Found 4473 points in source label.
Starting surface-based mapping
Reading source registration 
 /out/sourcedata/freesurfer/fsaverage/surf/rh.sphere.reg
Rescaling ...  original radius = 100
Reading target surface 
 /out/sourcedata/freesurfer/sub-v1s21x0050416_ses-1/surf/rh.white
Reading target registration 
 /out/sourcedata/freesurfer/sub-v1s21x0050416_ses-1/surf/rh.sphere.reg
Rescaling ...  original radius = 100
Building target registration hash (res=16).
Building source registration hash (res=16).
INFO: found  4473 nlabel points
Performing mapping from target back to the source label 155588
Number of reverse mapping hits = 325
Checking for and removing duplicates
Writing label file ./rh.BA4p_exvivo.label 4798
mri_label2label: Done


 mri_label2label --srcsubject fsaverage --srclabel /out/sourcedata/freesurfer/fsaverage/label/rh.BA6_exvivo.label --trgsubject sub-v1s21x0050416_ses-1 --trglabel ./rh.BA6_exvivo.label --hemi rh --regmethod surface 


srclabel = /out/sourcedata/freesurfer/fsaverage/label/rh.BA6_exvivo.label
srcsubject = fsaverage
trgsubject = sub-v1s21x0050416_ses-1
trglabel = ./rh.BA6_exvivo.label
regmethod = surface

srchemi = rh
trghemi = rh
trgsurface = white
srcsurfreg = sphere.reg
trgsurfreg = sphere.reg
usehash = 1
Use ProjAbs  = 0, 0
Use ProjFrac = 0, 0
DoPaint 0

SUBJECTS_DIR    /out/sourcedata/freesurfer
FREESURFER_HOME /opt/freesurfer
Loading source label.
Found 12256 points in source label.
Starting surface-based mapping
Reading source registration 
 /out/sourcedata/freesurfer/fsaverage/surf/rh.sphere.reg
Rescaling ...  original radius = 100
Reading target surface 
 /out/sourcedata/freesurfer/sub-v1s21x0050416_ses-1/surf/rh.white
Reading target registration 
 /out/sourcedata/freesurfer/sub-v1s21x0050416_ses-1/surf/rh.sphere.reg
Rescaling ...  original radius = 100
Building target registration hash (res=16).
Building source registration hash (res=16).
INFO: found  12256 nlabel points
Performing mapping from target back to the source label 155588
Number of reverse mapping hits = 2591
Checking for and removing duplicates
Writing label file ./rh.BA6_exvivo.label 14847
mri_label2label: Done


 mri_label2label --srcsubject fsaverage --srclabel /out/sourcedata/freesurfer/fsaverage/label/rh.BA44_exvivo.label --trgsubject sub-v1s21x0050416_ses-1 --trglabel ./rh.BA44_exvivo.label --hemi rh --regmethod surface 


srclabel = /out/sourcedata/freesurfer/fsaverage/label/rh.BA44_exvivo.label
srcsubject = fsaverage
trgsubject = sub-v1s21x0050416_ses-1
trglabel = ./rh.BA44_exvivo.label
regmethod = surface

srchemi = rh
trghemi = rh
trgsurface = white
srcsurfreg = sphere.reg
trgsurfreg = sphere.reg
usehash = 1
Use ProjAbs  = 0, 0
Use ProjFrac = 0, 0
DoPaint 0

SUBJECTS_DIR    /out/sourcedata/freesurfer
FREESURFER_HOME /opt/freesurfer
Loading source label.
Found 6912 points in source label.
Starting surface-based mapping
Reading source registration 
 /out/sourcedata/freesurfer/fsaverage/surf/rh.sphere.reg
Rescaling ...  original radius = 100
Reading target surface 
 /out/sourcedata/freesurfer/sub-v1s21x0050416_ses-1/surf/rh.white
Reading target registration 
 /out/sourcedata/freesurfer/sub-v1s21x0050416_ses-1/surf/rh.sphere.reg
Rescaling ...  original radius = 100
Building target registration hash (res=16).
Building source registration hash (res=16).
INFO: found  6912 nlabel points
Performing mapping from target back to the source label 155588
Number of reverse mapping hits = 1566
Checking for and removing duplicates
Writing label file ./rh.BA44_exvivo.label 8478
mri_label2label: Done


 mri_label2label --srcsubject fsaverage --srclabel /out/sourcedata/freesurfer/fsaverage/label/rh.BA45_exvivo.label --trgsubject sub-v1s21x0050416_ses-1 --trglabel ./rh.BA45_exvivo.label --hemi rh --regmethod surface 


srclabel = /out/sourcedata/freesurfer/fsaverage/label/rh.BA45_exvivo.label
srcsubject = fsaverage
trgsubject = sub-v1s21x0050416_ses-1
trglabel = ./rh.BA45_exvivo.label
regmethod = surface

srchemi = rh
trghemi = rh
trgsurface = white
srcsurfreg = sphere.reg
trgsurfreg = sphere.reg
usehash = 1
Use ProjAbs  = 0, 0
Use ProjFrac = 0, 0
DoPaint 0

SUBJECTS_DIR    /out/sourcedata/freesurfer
FREESURFER_HOME /opt/freesurfer
Loading source label.
Found 5355 points in source label.
Starting surface-based mapping
Reading source registration 
 /out/sourcedata/freesurfer/fsaverage/surf/rh.sphere.reg
Rescaling ...  original radius = 100
Reading target surface 
 /out/sourcedata/freesurfer/sub-v1s21x0050416_ses-1/surf/rh.white
Reading target registration 
 /out/sourcedata/freesurfer/sub-v1s21x0050416_ses-1/surf/rh.sphere.reg
Rescaling ...  original radius = 100
Building target registration hash (res=16).
Building source registration hash (res=16).
INFO: found  5355 nlabel points
Performing mapping from target back to the source label 155588
Number of reverse mapping hits = 1258
Checking for and removing duplicates
Writing label file ./rh.BA45_exvivo.label 6613
mri_label2label: Done


 mri_label2label --srcsubject fsaverage --srclabel /out/sourcedata/freesurfer/fsaverage/label/rh.V1_exvivo.label --trgsubject sub-v1s21x0050416_ses-1 --trglabel ./rh.V1_exvivo.label --hemi rh --regmethod surface 


srclabel = /out/sourcedata/freesurfer/fsaverage/label/rh.V1_exvivo.label
srcsubject = fsaverage
trgsubject = sub-v1s21x0050416_ses-1
trglabel = ./rh.V1_exvivo.label
regmethod = surface

srchemi = rh
trghemi = rh
trgsurface = white
srcsurfreg = sphere.reg
trgsurfreg = sphere.reg
usehash = 1
Use ProjAbs  = 0, 0
Use ProjFrac = 0, 0
DoPaint 0

SUBJECTS_DIR    /out/sourcedata/freesurfer
FREESURFER_HOME /opt/freesurfer
Loading source label.
Found 4727 points in source label.
Starting surface-based mapping
Reading source registration 
 /out/sourcedata/freesurfer/fsaverage/surf/rh.sphere.reg
Rescaling ...  original radius = 100
Reading target surface 
 /out/sourcedata/freesurfer/sub-v1s21x0050416_ses-1/surf/rh.white
Reading target registration 
 /out/sourcedata/freesurfer/sub-v1s21x0050416_ses-1/surf/rh.sphere.reg
Rescaling ...  original radius = 100
Building target registration hash (res=16).
Building source registration hash (res=16).
INFO: found  4727 nlabel points
Performing mapping from target back to the source label 155588
Number of reverse mapping hits = 1673
Checking for and removing duplicates
Writing label file ./rh.V1_exvivo.label 6400
mri_label2label: Done


 mri_label2label --srcsubject fsaverage --srclabel /out/sourcedata/freesurfer/fsaverage/label/rh.V2_exvivo.label --trgsubject sub-v1s21x0050416_ses-1 --trglabel ./rh.V2_exvivo.label --hemi rh --regmethod surface 


srclabel = /out/sourcedata/freesurfer/fsaverage/label/rh.V2_exvivo.label
srcsubject = fsaverage
trgsubject = sub-v1s21x0050416_ses-1
trglabel = ./rh.V2_exvivo.label
regmethod = surface

srchemi = rh
trghemi = rh
trgsurface = white
srcsurfreg = sphere.reg
trgsurfreg = sphere.reg
usehash = 1
Use ProjAbs  = 0, 0
Use ProjFrac = 0, 0
DoPaint 0

SUBJECTS_DIR    /out/sourcedata/freesurfer
FREESURFER_HOME /opt/freesurfer
Loading source label.
Found 8016 points in source label.
Starting surface-based mapping
Reading source registration 
 /out/sourcedata/freesurfer/fsaverage/surf/rh.sphere.reg
Rescaling ...  original radius = 100
Reading target surface 
 /out/sourcedata/freesurfer/sub-v1s21x0050416_ses-1/surf/rh.white
Reading target registration 
 /out/sourcedata/freesurfer/sub-v1s21x0050416_ses-1/surf/rh.sphere.reg
Rescaling ...  original radius = 100
Building target registration hash (res=16).
Building source registration hash (res=16).
INFO: found  8016 nlabel points
Performing mapping from target back to the source label 155588
Number of reverse mapping hits = 2991
Checking for and removing duplicates
Writing label file ./rh.V2_exvivo.label 11007
mri_label2label: Done


 mri_label2label --srcsubject fsaverage --srclabel /out/sourcedata/freesurfer/fsaverage/label/rh.MT_exvivo.label --trgsubject sub-v1s21x0050416_ses-1 --trglabel ./rh.MT_exvivo.label --hemi rh --regmethod surface 


srclabel = /out/sourcedata/freesurfer/fsaverage/label/rh.MT_exvivo.label
srcsubject = fsaverage
trgsubject = sub-v1s21x0050416_ses-1
trglabel = ./rh.MT_exvivo.label
regmethod = surface

srchemi = rh
trghemi = rh
trgsurface = white
srcsurfreg = sphere.reg
trgsurfreg = sphere.reg
usehash = 1
Use ProjAbs  = 0, 0
Use ProjFrac = 0, 0
DoPaint 0

SUBJECTS_DIR    /out/sourcedata/freesurfer
FREESURFER_HOME /opt/freesurfer
Loading source label.
Found 1932 points in source label.
Starting surface-based mapping
Reading source registration 
 /out/sourcedata/freesurfer/fsaverage/surf/rh.sphere.reg
Rescaling ...  original radius = 100
Reading target surface 
 /out/sourcedata/freesurfer/sub-v1s21x0050416_ses-1/surf/rh.white
Reading target registration 
 /out/sourcedata/freesurfer/sub-v1s21x0050416_ses-1/surf/rh.sphere.reg
Rescaling ...  original radius = 100
Building target registration hash (res=16).
Building source registration hash (res=16).
INFO: found  1932 nlabel points
Performing mapping from target back to the source label 155588
Number of reverse mapping hits = 840
Checking for and removing duplicates
Writing label file ./rh.MT_exvivo.label 2772
mri_label2label: Done


 mri_label2label --srcsubject fsaverage --srclabel /out/sourcedata/freesurfer/fsaverage/label/rh.entorhinal_exvivo.label --trgsubject sub-v1s21x0050416_ses-1 --trglabel ./rh.entorhinal_exvivo.label --hemi rh --regmethod surface 


srclabel = /out/sourcedata/freesurfer/fsaverage/label/rh.entorhinal_exvivo.label
srcsubject = fsaverage
trgsubject = sub-v1s21x0050416_ses-1
trglabel = ./rh.entorhinal_exvivo.label
regmethod = surface

srchemi = rh
trghemi = rh
trgsurface = white
srcsurfreg = sphere.reg
trgsurfreg = sphere.reg
usehash = 1
Use ProjAbs  = 0, 0
Use ProjFrac = 0, 0
DoPaint 0

SUBJECTS_DIR    /out/sourcedata/freesurfer
FREESURFER_HOME /opt/freesurfer
Loading source label.
Found 1038 points in source label.
Starting surface-based mapping
Reading source registration 
 /out/sourcedata/freesurfer/fsaverage/surf/rh.sphere.reg
Rescaling ...  original radius = 100
Reading target surface 
 /out/sourcedata/freesurfer/sub-v1s21x0050416_ses-1/surf/rh.white
Reading target registration 
 /out/sourcedata/freesurfer/sub-v1s21x0050416_ses-1/surf/rh.sphere.reg
Rescaling ...  original radius = 100
Building target registration hash (res=16).
Building source registration hash (res=16).
INFO: found  1038 nlabel points
Performing mapping from target back to the source label 155588
Number of reverse mapping hits = 232
Checking for and removing duplicates
Writing label file ./rh.entorhinal_exvivo.label 1270
mri_label2label: Done


 mri_label2label --srcsubject fsaverage --srclabel /out/sourcedata/freesurfer/fsaverage/label/rh.perirhinal_exvivo.label --trgsubject sub-v1s21x0050416_ses-1 --trglabel ./rh.perirhinal_exvivo.label --hemi rh --regmethod surface 


srclabel = /out/sourcedata/freesurfer/fsaverage/label/rh.perirhinal_exvivo.label
srcsubject = fsaverage
trgsubject = sub-v1s21x0050416_ses-1
trglabel = ./rh.perirhinal_exvivo.label
regmethod = surface

srchemi = rh
trghemi = rh
trgsurface = white
srcsurfreg = sphere.reg
trgsurfreg = sphere.reg
usehash = 1
Use ProjAbs  = 0, 0
Use ProjFrac = 0, 0
DoPaint 0

SUBJECTS_DIR    /out/sourcedata/freesurfer
FREESURFER_HOME /opt/freesurfer
Loading source label.
Found 752 points in source label.
Starting surface-based mapping
Reading source registration 
 /out/sourcedata/freesurfer/fsaverage/surf/rh.sphere.reg
Rescaling ...  original radius = 100
Reading target surface 
 /out/sourcedata/freesurfer/sub-v1s21x0050416_ses-1/surf/rh.white
Reading target registration 
 /out/sourcedata/freesurfer/sub-v1s21x0050416_ses-1/surf/rh.sphere.reg
Rescaling ...  original radius = 100
Building target registration hash (res=16).
Building source registration hash (res=16).
INFO: found  752 nlabel points
Performing mapping from target back to the source label 155588
Number of reverse mapping hits = 135
Checking for and removing duplicates
Writing label file ./rh.perirhinal_exvivo.label 887
mri_label2label: Done


 mri_label2label --srcsubject fsaverage --srclabel /out/sourcedata/freesurfer/fsaverage/label/rh.FG1.mpm.vpnl.label --trgsubject sub-v1s21x0050416_ses-1 --trglabel ./rh.FG1.mpm.vpnl.label --hemi rh --regmethod surface 


srclabel = /out/sourcedata/freesurfer/fsaverage/label/rh.FG1.mpm.vpnl.label
srcsubject = fsaverage
trgsubject = sub-v1s21x0050416_ses-1
trglabel = ./rh.FG1.mpm.vpnl.label
regmethod = surface

srchemi = rh
trghemi = rh
trgsurface = white
srcsurfreg = sphere.reg
trgsurfreg = sphere.reg
usehash = 1
Use ProjAbs  = 0, 0
Use ProjFrac = 0, 0
DoPaint 0

SUBJECTS_DIR    /out/sourcedata/freesurfer
FREESURFER_HOME /opt/freesurfer
Loading source label.
Found 541 points in source label.
Starting surface-based mapping
Reading source registration 
 /out/sourcedata/freesurfer/fsaverage/surf/rh.sphere.reg
Rescaling ...  original radius = 100
Reading target surface 
 /out/sourcedata/freesurfer/sub-v1s21x0050416_ses-1/surf/rh.white
Reading target registration 
 /out/sourcedata/freesurfer/sub-v1s21x0050416_ses-1/surf/rh.sphere.reg
Rescaling ...  original radius = 100
Building target registration hash (res=16).
Building source registration hash (res=16).
INFO: found  541 nlabel points
Performing mapping from target back to the source label 155588
Number of reverse mapping hits = 77
Checking for and removing duplicates
Writing label file ./rh.FG1.mpm.vpnl.label 618
mri_label2label: Done


 mri_label2label --srcsubject fsaverage --srclabel /out/sourcedata/freesurfer/fsaverage/label/rh.FG2.mpm.vpnl.label --trgsubject sub-v1s21x0050416_ses-1 --trglabel ./rh.FG2.mpm.vpnl.label --hemi rh --regmethod surface 


srclabel = /out/sourcedata/freesurfer/fsaverage/label/rh.FG2.mpm.vpnl.label
srcsubject = fsaverage
trgsubject = sub-v1s21x0050416_ses-1
trglabel = ./rh.FG2.mpm.vpnl.label
regmethod = surface

srchemi = rh
trghemi = rh
trgsurface = white
srcsurfreg = sphere.reg
trgsurfreg = sphere.reg
usehash = 1
Use ProjAbs  = 0, 0
Use ProjFrac = 0, 0
DoPaint 0

SUBJECTS_DIR    /out/sourcedata/freesurfer
FREESURFER_HOME /opt/freesurfer
Loading source label.
Found 721 points in source label.
Starting surface-based mapping
Reading source registration 
 /out/sourcedata/freesurfer/fsaverage/surf/rh.sphere.reg
Rescaling ...  original radius = 100
Reading target surface 
 /out/sourcedata/freesurfer/sub-v1s21x0050416_ses-1/surf/rh.white
Reading target registration 
 /out/sourcedata/freesurfer/sub-v1s21x0050416_ses-1/surf/rh.sphere.reg
Rescaling ...  original radius = 100
Building target registration hash (res=16).
Building source registration hash (res=16).
INFO: found  721 nlabel points
Performing mapping from target back to the source label 155588
Number of reverse mapping hits = 287
Checking for and removing duplicates
Writing label file ./rh.FG2.mpm.vpnl.label 1008
mri_label2label: Done


 mri_label2label --srcsubject fsaverage --srclabel /out/sourcedata/freesurfer/fsaverage/label/rh.FG3.mpm.vpnl.label --trgsubject sub-v1s21x0050416_ses-1 --trglabel ./rh.FG3.mpm.vpnl.label --hemi rh --regmethod surface 


srclabel = /out/sourcedata/freesurfer/fsaverage/label/rh.FG3.mpm.vpnl.label
srcsubject = fsaverage
trgsubject = sub-v1s21x0050416_ses-1
trglabel = ./rh.FG3.mpm.vpnl.label
regmethod = surface

srchemi = rh
trghemi = rh
trgsurface = white
srcsurfreg = sphere.reg
trgsurfreg = sphere.reg
usehash = 1
Use ProjAbs  = 0, 0
Use ProjFrac = 0, 0
DoPaint 0

SUBJECTS_DIR    /out/sourcedata/freesurfer
FREESURFER_HOME /opt/freesurfer
Loading source label.
Found 1523 points in source label.
Starting surface-based mapping
Reading source registration 
 /out/sourcedata/freesurfer/fsaverage/surf/rh.sphere.reg
Rescaling ...  original radius = 100
Reading target surface 
 /out/sourcedata/freesurfer/sub-v1s21x0050416_ses-1/surf/rh.white
Reading target registration 
 /out/sourcedata/freesurfer/sub-v1s21x0050416_ses-1/surf/rh.sphere.reg
Rescaling ...  original radius = 100
Building target registration hash (res=16).
Building source registration hash (res=16).
INFO: found  1523 nlabel points
Performing mapping from target back to the source label 155588
Number of reverse mapping hits = 72
Checking for and removing duplicates
Writing label file ./rh.FG3.mpm.vpnl.label 1595
mri_label2label: Done


 mri_label2label --srcsubject fsaverage --srclabel /out/sourcedata/freesurfer/fsaverage/label/rh.FG4.mpm.vpnl.label --trgsubject sub-v1s21x0050416_ses-1 --trglabel ./rh.FG4.mpm.vpnl.label --hemi rh --regmethod surface 


srclabel = /out/sourcedata/freesurfer/fsaverage/label/rh.FG4.mpm.vpnl.label
srcsubject = fsaverage
trgsubject = sub-v1s21x0050416_ses-1
trglabel = ./rh.FG4.mpm.vpnl.label
regmethod = surface

srchemi = rh
trghemi = rh
trgsurface = white
srcsurfreg = sphere.reg
trgsurfreg = sphere.reg
usehash = 1
Use ProjAbs  = 0, 0
Use ProjFrac = 0, 0
DoPaint 0

SUBJECTS_DIR    /out/sourcedata/freesurfer
FREESURFER_HOME /opt/freesurfer
Loading source label.
Found 1586 points in source label.
Starting surface-based mapping
Reading source registration 
 /out/sourcedata/freesurfer/fsaverage/surf/rh.sphere.reg
Rescaling ...  original radius = 100
Reading target surface 
 /out/sourcedata/freesurfer/sub-v1s21x0050416_ses-1/surf/rh.white
Reading target registration 
 /out/sourcedata/freesurfer/sub-v1s21x0050416_ses-1/surf/rh.sphere.reg
Rescaling ...  original radius = 100
Building target registration hash (res=16).
Building source registration hash (res=16).
INFO: found  1586 nlabel points
Performing mapping from target back to the source label 155588
Number of reverse mapping hits = 339
Checking for and removing duplicates
Writing label file ./rh.FG4.mpm.vpnl.label 1925
mri_label2label: Done


 mri_label2label --srcsubject fsaverage --srclabel /out/sourcedata/freesurfer/fsaverage/label/rh.hOc1.mpm.vpnl.label --trgsubject sub-v1s21x0050416_ses-1 --trglabel ./rh.hOc1.mpm.vpnl.label --hemi rh --regmethod surface 


srclabel = /out/sourcedata/freesurfer/fsaverage/label/rh.hOc1.mpm.vpnl.label
srcsubject = fsaverage
trgsubject = sub-v1s21x0050416_ses-1
trglabel = ./rh.hOc1.mpm.vpnl.label
regmethod = surface

srchemi = rh
trghemi = rh
trgsurface = white
srcsurfreg = sphere.reg
trgsurfreg = sphere.reg
usehash = 1
Use ProjAbs  = 0, 0
Use ProjFrac = 0, 0
DoPaint 0

SUBJECTS_DIR    /out/sourcedata/freesurfer
FREESURFER_HOME /opt/freesurfer
Loading source label.
Found 3667 points in source label.
Starting surface-based mapping
Reading source registration 
 /out/sourcedata/freesurfer/fsaverage/surf/rh.sphere.reg
Rescaling ...  original radius = 100
Reading target surface 
 /out/sourcedata/freesurfer/sub-v1s21x0050416_ses-1/surf/rh.white
Reading target registration 
 /out/sourcedata/freesurfer/sub-v1s21x0050416_ses-1/surf/rh.sphere.reg
Rescaling ...  original radius = 100
Building target registration hash (res=16).
Building source registration hash (res=16).
INFO: found  3667 nlabel points
Performing mapping from target back to the source label 155588
Number of reverse mapping hits = 1189
Checking for and removing duplicates
Writing label file ./rh.hOc1.mpm.vpnl.label 4856
mri_label2label: Done


 mri_label2label --srcsubject fsaverage --srclabel /out/sourcedata/freesurfer/fsaverage/label/rh.hOc2.mpm.vpnl.label --trgsubject sub-v1s21x0050416_ses-1 --trglabel ./rh.hOc2.mpm.vpnl.label --hemi rh --regmethod surface 


srclabel = /out/sourcedata/freesurfer/fsaverage/label/rh.hOc2.mpm.vpnl.label
srcsubject = fsaverage
trgsubject = sub-v1s21x0050416_ses-1
trglabel = ./rh.hOc2.mpm.vpnl.label
regmethod = surface

srchemi = rh
trghemi = rh
trgsurface = white
srcsurfreg = sphere.reg
trgsurfreg = sphere.reg
usehash = 1
Use ProjAbs  = 0, 0
Use ProjFrac = 0, 0
DoPaint 0

SUBJECTS_DIR    /out/sourcedata/freesurfer
FREESURFER_HOME /opt/freesurfer
Loading source label.
Found 2719 points in source label.
Starting surface-based mapping
Reading source registration 
 /out/sourcedata/freesurfer/fsaverage/surf/rh.sphere.reg
Rescaling ...  original radius = 100
Reading target surface 
 /out/sourcedata/freesurfer/sub-v1s21x0050416_ses-1/surf/rh.white
Reading target registration 
 /out/sourcedata/freesurfer/sub-v1s21x0050416_ses-1/surf/rh.sphere.reg
Rescaling ...  original radius = 100
Building target registration hash (res=16).
Building source registration hash (res=16).
INFO: found  2719 nlabel points
Performing mapping from target back to the source label 155588
Number of reverse mapping hits = 1157
Checking for and removing duplicates
Writing label file ./rh.hOc2.mpm.vpnl.label 3876
mri_label2label: Done


 mri_label2label --srcsubject fsaverage --srclabel /out/sourcedata/freesurfer/fsaverage/label/rh.hOc3v.mpm.vpnl.label --trgsubject sub-v1s21x0050416_ses-1 --trglabel ./rh.hOc3v.mpm.vpnl.label --hemi rh --regmethod surface 


srclabel = /out/sourcedata/freesurfer/fsaverage/label/rh.hOc3v.mpm.vpnl.label
srcsubject = fsaverage
trgsubject = sub-v1s21x0050416_ses-1
trglabel = ./rh.hOc3v.mpm.vpnl.label
regmethod = surface

srchemi = rh
trghemi = rh
trgsurface = white
srcsurfreg = sphere.reg
trgsurfreg = sphere.reg
usehash = 1
Use ProjAbs  = 0, 0
Use ProjFrac = 0, 0
DoPaint 0

SUBJECTS_DIR    /out/sourcedata/freesurfer
FREESURFER_HOME /opt/freesurfer
Loading source label.
Found 1228 points in source label.
Starting surface-based mapping
Reading source registration 
 /out/sourcedata/freesurfer/fsaverage/surf/rh.sphere.reg
Rescaling ...  original radius = 100
Reading target surface 
 /out/sourcedata/freesurfer/sub-v1s21x0050416_ses-1/surf/rh.white
Reading target registration 
 /out/sourcedata/freesurfer/sub-v1s21x0050416_ses-1/surf/rh.sphere.reg
Rescaling ...  original radius = 100
Building target registration hash (res=16).
Building source registration hash (res=16).
INFO: found  1228 nlabel points
Performing mapping from target back to the source label 155588
Number of reverse mapping hits = 537
Checking for and removing duplicates
Writing label file ./rh.hOc3v.mpm.vpnl.label 1765
mri_label2label: Done


 mri_label2label --srcsubject fsaverage --srclabel /out/sourcedata/freesurfer/fsaverage/label/rh.hOc4v.mpm.vpnl.label --trgsubject sub-v1s21x0050416_ses-1 --trglabel ./rh.hOc4v.mpm.vpnl.label --hemi rh --regmethod surface 


srclabel = /out/sourcedata/freesurfer/fsaverage/label/rh.hOc4v.mpm.vpnl.label
srcsubject = fsaverage
trgsubject = sub-v1s21x0050416_ses-1
trglabel = ./rh.hOc4v.mpm.vpnl.label
regmethod = surface

srchemi = rh
trghemi = rh
trgsurface = white
srcsurfreg = sphere.reg
trgsurfreg = sphere.reg
usehash = 1
Use ProjAbs  = 0, 0
Use ProjFrac = 0, 0
DoPaint 0

SUBJECTS_DIR    /out/sourcedata/freesurfer
FREESURFER_HOME /opt/freesurfer
Loading source label.
Found 1025 points in source label.
Starting surface-based mapping
Reading source registration 
 /out/sourcedata/freesurfer/fsaverage/surf/rh.sphere.reg
Rescaling ...  original radius = 100
Reading target surface 
 /out/sourcedata/freesurfer/sub-v1s21x0050416_ses-1/surf/rh.white
Reading target registration 
 /out/sourcedata/freesurfer/sub-v1s21x0050416_ses-1/surf/rh.sphere.reg
Rescaling ...  original radius = 100
Building target registration hash (res=16).
Building source registration hash (res=16).
INFO: found  1025 nlabel points
Performing mapping from target back to the source label 155588
Number of reverse mapping hits = 325
Checking for and removing duplicates
Writing label file ./rh.hOc4v.mpm.vpnl.label 1350
mri_label2label: Done


 mris_label2annot --s sub-v1s21x0050416_ses-1 --ctab /opt/freesurfer/average/colortable_vpnl.txt --hemi rh --a mpm.vpnl --maxstatwinner --noverbose --l rh.FG1.mpm.vpnl.label --l rh.FG2.mpm.vpnl.label --l rh.FG3.mpm.vpnl.label --l rh.FG4.mpm.vpnl.label --l rh.hOc1.mpm.vpnl.label --l rh.hOc2.mpm.vpnl.label --l rh.hOc3v.mpm.vpnl.label --l rh.hOc4v.mpm.vpnl.label 

Reading ctab /opt/freesurfer/average/colortable_vpnl.txt
Number of ctab entries 9

7.3.2
cwd /out/sourcedata/freesurfer/sub-v1s21x0050416_ses-1/label
cmdline mris_label2annot --s sub-v1s21x0050416_ses-1 --ctab /opt/freesurfer/average/colortable_vpnl.txt --hemi rh --a mpm.vpnl --maxstatwinner --noverbose --l rh.FG1.mpm.vpnl.label --l rh.FG2.mpm.vpnl.label --l rh.FG3.mpm.vpnl.label --l rh.FG4.mpm.vpnl.label --l rh.hOc1.mpm.vpnl.label --l rh.hOc2.mpm.vpnl.label --l rh.hOc3v.mpm.vpnl.label --l rh.hOc4v.mpm.vpnl.label 
sysname  Linux
hostname dna071
machine  x86_64
user     oesteban

subject sub-v1s21x0050416_ses-1
hemi    rh
SUBJECTS_DIR /out/sourcedata/freesurfer
ColorTable /opt/freesurfer/average/colortable_vpnl.txt
AnnotName  mpm.vpnl
nlables 8
LabelThresh 0 0.000000
Loading /out/sourcedata/freesurfer/sub-v1s21x0050416_ses-1/surf/rh.orig
 1 1376057 FG1
 2 16711935 FG2
 3 16711680 FG3
 4 1705837 FG4
 5 25600 hOc1
 6 255 hOc2
 7 16776960 hOc3v
 8 65535 hOc4v
Mapping unhit to unknown
Found 139867 unhit vertices
Writing annot to /out/sourcedata/freesurfer/sub-v1s21x0050416_ses-1/label/rh.mpm.vpnl.annot

 mri_label2label --srcsubject fsaverage --srclabel /out/sourcedata/freesurfer/fsaverage/label/rh.BA1_exvivo.thresh.label --trgsubject sub-v1s21x0050416_ses-1 --trglabel ./rh.BA1_exvivo.thresh.label --hemi rh --regmethod surface 


srclabel = /out/sourcedata/freesurfer/fsaverage/label/rh.BA1_exvivo.thresh.label
srcsubject = fsaverage
trgsubject = sub-v1s21x0050416_ses-1
trglabel = ./rh.BA1_exvivo.thresh.label
regmethod = surface

srchemi = rh
trghemi = rh
trgsurface = white
srcsurfreg = sphere.reg
trgsurfreg = sphere.reg
usehash = 1
Use ProjAbs  = 0, 0
Use ProjFrac = 0, 0
DoPaint 0

SUBJECTS_DIR    /out/sourcedata/freesurfer
FREESURFER_HOME /opt/freesurfer
Loading source label.
Found 876 points in source label.
Starting surface-based mapping
Reading source registration 
 /out/sourcedata/freesurfer/fsaverage/surf/rh.sphere.reg
Rescaling ...  original radius = 100
Reading target surface 
 /out/sourcedata/freesurfer/sub-v1s21x0050416_ses-1/surf/rh.white
Reading target registration 
 /out/sourcedata/freesurfer/sub-v1s21x0050416_ses-1/surf/rh.sphere.reg
Rescaling ...  original radius = 100
Building target registration hash (res=16).
Building source registration hash (res=16).
INFO: found  876 nlabel points
Performing mapping from target back to the source label 155588
Number of reverse mapping hits = 51
Checking for and removing duplicates
Writing label file ./rh.BA1_exvivo.thresh.label 927
mri_label2label: Done


 mri_label2label --srcsubject fsaverage --srclabel /out/sourcedata/freesurfer/fsaverage/label/rh.BA2_exvivo.thresh.label --trgsubject sub-v1s21x0050416_ses-1 --trglabel ./rh.BA2_exvivo.thresh.label --hemi rh --regmethod surface 


srclabel = /out/sourcedata/freesurfer/fsaverage/label/rh.BA2_exvivo.thresh.label
srcsubject = fsaverage
trgsubject = sub-v1s21x0050416_ses-1
trglabel = ./rh.BA2_exvivo.thresh.label
regmethod = surface

srchemi = rh
trghemi = rh
trgsurface = white
srcsurfreg = sphere.reg
trgsurfreg = sphere.reg
usehash = 1
Use ProjAbs  = 0, 0
Use ProjFrac = 0, 0
DoPaint 0

SUBJECTS_DIR    /out/sourcedata/freesurfer
FREESURFER_HOME /opt/freesurfer
Loading source label.
Found 2688 points in source label.
Starting surface-based mapping
Reading source registration 
 /out/sourcedata/freesurfer/fsaverage/surf/rh.sphere.reg
Rescaling ...  original radius = 100
Reading target surface 
 /out/sourcedata/freesurfer/sub-v1s21x0050416_ses-1/surf/rh.white
Reading target registration 
 /out/sourcedata/freesurfer/sub-v1s21x0050416_ses-1/surf/rh.sphere.reg
Rescaling ...  original radius = 100
Building target registration hash (res=16).
Building source registration hash (res=16).
INFO: found  2688 nlabel points
Performing mapping from target back to the source label 155588
Number of reverse mapping hits = 189
Checking for and removing duplicates
Writing label file ./rh.BA2_exvivo.thresh.label 2877
mri_label2label: Done


 mri_label2label --srcsubject fsaverage --srclabel /out/sourcedata/freesurfer/fsaverage/label/rh.BA3a_exvivo.thresh.label --trgsubject sub-v1s21x0050416_ses-1 --trglabel ./rh.BA3a_exvivo.thresh.label --hemi rh --regmethod surface 


srclabel = /out/sourcedata/freesurfer/fsaverage/label/rh.BA3a_exvivo.thresh.label
srcsubject = fsaverage
trgsubject = sub-v1s21x0050416_ses-1
trglabel = ./rh.BA3a_exvivo.thresh.label
regmethod = surface

srchemi = rh
trghemi = rh
trgsurface = white
srcsurfreg = sphere.reg
trgsurfreg = sphere.reg
usehash = 1
Use ProjAbs  = 0, 0
Use ProjFrac = 0, 0
DoPaint 0

SUBJECTS_DIR    /out/sourcedata/freesurfer
FREESURFER_HOME /opt/freesurfer
Loading source label.
Found 1698 points in source label.
Starting surface-based mapping
Reading source registration 
 /out/sourcedata/freesurfer/fsaverage/surf/rh.sphere.reg
Rescaling ...  original radius = 100
Reading target surface 
 /out/sourcedata/freesurfer/sub-v1s21x0050416_ses-1/surf/rh.white
Reading target registration 
 /out/sourcedata/freesurfer/sub-v1s21x0050416_ses-1/surf/rh.sphere.reg
Rescaling ...  original radius = 100
Building target registration hash (res=16).
Building source registration hash (res=16).
INFO: found  1698 nlabel points
Performing mapping from target back to the source label 155588
Number of reverse mapping hits = 34
Checking for and removing duplicates
Writing label file ./rh.BA3a_exvivo.thresh.label 1732
mri_label2label: Done


 mri_label2label --srcsubject fsaverage --srclabel /out/sourcedata/freesurfer/fsaverage/label/rh.BA3b_exvivo.thresh.label --trgsubject sub-v1s21x0050416_ses-1 --trglabel ./rh.BA3b_exvivo.thresh.label --hemi rh --regmethod surface 


srclabel = /out/sourcedata/freesurfer/fsaverage/label/rh.BA3b_exvivo.thresh.label
srcsubject = fsaverage
trgsubject = sub-v1s21x0050416_ses-1
trglabel = ./rh.BA3b_exvivo.thresh.label
regmethod = surface

srchemi = rh
trghemi = rh
trgsurface = white
srcsurfreg = sphere.reg
trgsurfreg = sphere.reg
usehash = 1
Use ProjAbs  = 0, 0
Use ProjFrac = 0, 0
DoPaint 0

SUBJECTS_DIR    /out/sourcedata/freesurfer
FREESURFER_HOME /opt/freesurfer
Loading source label.
Found 2183 points in source label.
Starting surface-based mapping
Reading source registration 
 /out/sourcedata/freesurfer/fsaverage/surf/rh.sphere.reg
Rescaling ...  original radius = 100
Reading target surface 
 /out/sourcedata/freesurfer/sub-v1s21x0050416_ses-1/surf/rh.white
Reading target registration 
 /out/sourcedata/freesurfer/sub-v1s21x0050416_ses-1/surf/rh.sphere.reg
Rescaling ...  original radius = 100
Building target registration hash (res=16).
Building source registration hash (res=16).
INFO: found  2183 nlabel points
Performing mapping from target back to the source label 155588
Number of reverse mapping hits = 108
Checking for and removing duplicates
Writing label file ./rh.BA3b_exvivo.thresh.label 2291
mri_label2label: Done


 mri_label2label --srcsubject fsaverage --srclabel /out/sourcedata/freesurfer/fsaverage/label/rh.BA4a_exvivo.thresh.label --trgsubject sub-v1s21x0050416_ses-1 --trglabel ./rh.BA4a_exvivo.thresh.label --hemi rh --regmethod surface 


srclabel = /out/sourcedata/freesurfer/fsaverage/label/rh.BA4a_exvivo.thresh.label
srcsubject = fsaverage
trgsubject = sub-v1s21x0050416_ses-1
trglabel = ./rh.BA4a_exvivo.thresh.label
regmethod = surface

srchemi = rh
trghemi = rh
trgsurface = white
srcsurfreg = sphere.reg
trgsurfreg = sphere.reg
usehash = 1
Use ProjAbs  = 0, 0
Use ProjFrac = 0, 0
DoPaint 0

SUBJECTS_DIR    /out/sourcedata/freesurfer
FREESURFER_HOME /opt/freesurfer
Loading source label.
Found 1388 points in source label.
Starting surface-based mapping
Reading source registration 
 /out/sourcedata/freesurfer/fsaverage/surf/rh.sphere.reg
Rescaling ...  original radius = 100
Reading target surface 
 /out/sourcedata/freesurfer/sub-v1s21x0050416_ses-1/surf/rh.white
Reading target registration 
 /out/sourcedata/freesurfer/sub-v1s21x0050416_ses-1/surf/rh.sphere.reg
Rescaling ...  original radius = 100
Building target registration hash (res=16).
Building source registration hash (res=16).
INFO: found  1388 nlabel points
Performing mapping from target back to the source label 155588
Number of reverse mapping hits = 451
Checking for and removing duplicates
Writing label file ./rh.BA4a_exvivo.thresh.label 1839
mri_label2label: Done


 mri_label2label --srcsubject fsaverage --srclabel /out/sourcedata/freesurfer/fsaverage/label/rh.BA4p_exvivo.thresh.label --trgsubject sub-v1s21x0050416_ses-1 --trglabel ./rh.BA4p_exvivo.thresh.label --hemi rh --regmethod surface 


srclabel = /out/sourcedata/freesurfer/fsaverage/label/rh.BA4p_exvivo.thresh.label
srcsubject = fsaverage
trgsubject = sub-v1s21x0050416_ses-1
trglabel = ./rh.BA4p_exvivo.thresh.label
regmethod = surface

srchemi = rh
trghemi = rh
trgsurface = white
srcsurfreg = sphere.reg
trgsurfreg = sphere.reg
usehash = 1
Use ProjAbs  = 0, 0
Use ProjFrac = 0, 0
DoPaint 0

SUBJECTS_DIR    /out/sourcedata/freesurfer
FREESURFER_HOME /opt/freesurfer
Loading source label.
Found 1489 points in source label.
Starting surface-based mapping
Reading source registration 
 /out/sourcedata/freesurfer/fsaverage/surf/rh.sphere.reg
Rescaling ...  original radius = 100
Reading target surface 
 /out/sourcedata/freesurfer/sub-v1s21x0050416_ses-1/surf/rh.white
Reading target registration 
 /out/sourcedata/freesurfer/sub-v1s21x0050416_ses-1/surf/rh.sphere.reg
Rescaling ...  original radius = 100
Building target registration hash (res=16).
Building source registration hash (res=16).
INFO: found  1489 nlabel points
Performing mapping from target back to the source label 155588
Number of reverse mapping hits = 79
Checking for and removing duplicates
Writing label file ./rh.BA4p_exvivo.thresh.label 1568
mri_label2label: Done


 mri_label2label --srcsubject fsaverage --srclabel /out/sourcedata/freesurfer/fsaverage/label/rh.BA6_exvivo.thresh.label --trgsubject sub-v1s21x0050416_ses-1 --trglabel ./rh.BA6_exvivo.thresh.label --hemi rh --regmethod surface 


srclabel = /out/sourcedata/freesurfer/fsaverage/label/rh.BA6_exvivo.thresh.label
srcsubject = fsaverage
trgsubject = sub-v1s21x0050416_ses-1
trglabel = ./rh.BA6_exvivo.thresh.label
regmethod = surface

srchemi = rh
trghemi = rh
trgsurface = white
srcsurfreg = sphere.reg
trgsurfreg = sphere.reg
usehash = 1
Use ProjAbs  = 0, 0
Use ProjFrac = 0, 0
DoPaint 0

SUBJECTS_DIR    /out/sourcedata/freesurfer
FREESURFER_HOME /opt/freesurfer
Loading source label.
Found 6959 points in source label.
Starting surface-based mapping
Reading source registration 
 /out/sourcedata/freesurfer/fsaverage/surf/rh.sphere.reg
Rescaling ...  original radius = 100
Reading target surface 
 /out/sourcedata/freesurfer/sub-v1s21x0050416_ses-1/surf/rh.white
Reading target registration 
 /out/sourcedata/freesurfer/sub-v1s21x0050416_ses-1/surf/rh.sphere.reg
Rescaling ...  original radius = 100
Building target registration hash (res=16).
Building source registration hash (res=16).
INFO: found  6959 nlabel points
Performing mapping from target back to the source label 155588
Number of reverse mapping hits = 1291
Checking for and removing duplicates
Writing label file ./rh.BA6_exvivo.thresh.label 8250
mri_label2label: Done


 mri_label2label --srcsubject fsaverage --srclabel /out/sourcedata/freesurfer/fsaverage/label/rh.BA44_exvivo.thresh.label --trgsubject sub-v1s21x0050416_ses-1 --trglabel ./rh.BA44_exvivo.thresh.label --hemi rh --regmethod surface 


srclabel = /out/sourcedata/freesurfer/fsaverage/label/rh.BA44_exvivo.thresh.label
srcsubject = fsaverage
trgsubject = sub-v1s21x0050416_ses-1
trglabel = ./rh.BA44_exvivo.thresh.label
regmethod = surface

srchemi = rh
trghemi = rh
trgsurface = white
srcsurfreg = sphere.reg
trgsurfreg = sphere.reg
usehash = 1
Use ProjAbs  = 0, 0
Use ProjFrac = 0, 0
DoPaint 0

SUBJECTS_DIR    /out/sourcedata/freesurfer
FREESURFER_HOME /opt/freesurfer
Loading source label.
Found 1012 points in source label.
Starting surface-based mapping
Reading source registration 
 /out/sourcedata/freesurfer/fsaverage/surf/rh.sphere.reg
Rescaling ...  original radius = 100
Reading target surface 
 /out/sourcedata/freesurfer/sub-v1s21x0050416_ses-1/surf/rh.white
Reading target registration 
 /out/sourcedata/freesurfer/sub-v1s21x0050416_ses-1/surf/rh.sphere.reg
Rescaling ...  original radius = 100
Building target registration hash (res=16).
Building source registration hash (res=16).
INFO: found  1012 nlabel points
Performing mapping from target back to the source label 155588
Number of reverse mapping hits = 195
Checking for and removing duplicates
Writing label file ./rh.BA44_exvivo.thresh.label 1207
mri_label2label: Done


 mri_label2label --srcsubject fsaverage --srclabel /out/sourcedata/freesurfer/fsaverage/label/rh.BA45_exvivo.thresh.label --trgsubject sub-v1s21x0050416_ses-1 --trglabel ./rh.BA45_exvivo.thresh.label --hemi rh --regmethod surface 


srclabel = /out/sourcedata/freesurfer/fsaverage/label/rh.BA45_exvivo.thresh.label
srcsubject = fsaverage
trgsubject = sub-v1s21x0050416_ses-1
trglabel = ./rh.BA45_exvivo.thresh.label
regmethod = surface

srchemi = rh
trghemi = rh
trgsurface = white
srcsurfreg = sphere.reg
trgsurfreg = sphere.reg
usehash = 1
Use ProjAbs  = 0, 0
Use ProjFrac = 0, 0
DoPaint 0

SUBJECTS_DIR    /out/sourcedata/freesurfer
FREESURFER_HOME /opt/freesurfer
Loading source label.
Found 1178 points in source label.
Starting surface-based mapping
Reading source registration 
 /out/sourcedata/freesurfer/fsaverage/surf/rh.sphere.reg
Rescaling ...  original radius = 100
Reading target surface 
 /out/sourcedata/freesurfer/sub-v1s21x0050416_ses-1/surf/rh.white
Reading target registration 
 /out/sourcedata/freesurfer/sub-v1s21x0050416_ses-1/surf/rh.sphere.reg
Rescaling ...  original radius = 100
Building target registration hash (res=16).
Building source registration hash (res=16).
INFO: found  1178 nlabel points
Performing mapping from target back to the source label 155588
Number of reverse mapping hits = 217
Checking for and removing duplicates
Writing label file ./rh.BA45_exvivo.thresh.label 1395
mri_label2label: Done


 mri_label2label --srcsubject fsaverage --srclabel /out/sourcedata/freesurfer/fsaverage/label/rh.V1_exvivo.thresh.label --trgsubject sub-v1s21x0050416_ses-1 --trglabel ./rh.V1_exvivo.thresh.label --hemi rh --regmethod surface 


srclabel = /out/sourcedata/freesurfer/fsaverage/label/rh.V1_exvivo.thresh.label
srcsubject = fsaverage
trgsubject = sub-v1s21x0050416_ses-1
trglabel = ./rh.V1_exvivo.thresh.label
regmethod = surface

srchemi = rh
trghemi = rh
trgsurface = white
srcsurfreg = sphere.reg
trgsurfreg = sphere.reg
usehash = 1
Use ProjAbs  = 0, 0
Use ProjFrac = 0, 0
DoPaint 0

SUBJECTS_DIR    /out/sourcedata/freesurfer
FREESURFER_HOME /opt/freesurfer
Loading source label.
Found 3232 points in source label.
Starting surface-based mapping
Reading source registration 
 /out/sourcedata/freesurfer/fsaverage/surf/rh.sphere.reg
Rescaling ...  original radius = 100
Reading target surface 
 /out/sourcedata/freesurfer/sub-v1s21x0050416_ses-1/surf/rh.white
Reading target registration 
 /out/sourcedata/freesurfer/sub-v1s21x0050416_ses-1/surf/rh.sphere.reg
Rescaling ...  original radius = 100
Building target registration hash (res=16).
Building source registration hash (res=16).
INFO: found  3232 nlabel points
Performing mapping from target back to the source label 155588
Number of reverse mapping hits = 1089
Checking for and removing duplicates
Writing label file ./rh.V1_exvivo.thresh.label 4321
mri_label2label: Done


 mri_label2label --srcsubject fsaverage --srclabel /out/sourcedata/freesurfer/fsaverage/label/rh.V2_exvivo.thresh.label --trgsubject sub-v1s21x0050416_ses-1 --trglabel ./rh.V2_exvivo.thresh.label --hemi rh --regmethod surface 


srclabel = /out/sourcedata/freesurfer/fsaverage/label/rh.V2_exvivo.thresh.label
srcsubject = fsaverage
trgsubject = sub-v1s21x0050416_ses-1
trglabel = ./rh.V2_exvivo.thresh.label
regmethod = surface

srchemi = rh
trghemi = rh
trgsurface = white
srcsurfreg = sphere.reg
trgsurfreg = sphere.reg
usehash = 1
Use ProjAbs  = 0, 0
Use ProjFrac = 0, 0
DoPaint 0

SUBJECTS_DIR    /out/sourcedata/freesurfer
FREESURFER_HOME /opt/freesurfer
Loading source label.
Found 3437 points in source label.
Starting surface-based mapping
Reading source registration 
 /out/sourcedata/freesurfer/fsaverage/surf/rh.sphere.reg
Rescaling ...  original radius = 100
Reading target surface 
 /out/sourcedata/freesurfer/sub-v1s21x0050416_ses-1/surf/rh.white
Reading target registration 
 /out/sourcedata/freesurfer/sub-v1s21x0050416_ses-1/surf/rh.sphere.reg
Rescaling ...  original radius = 100
Building target registration hash (res=16).
Building source registration hash (res=16).
INFO: found  3437 nlabel points
Performing mapping from target back to the source label 155588
Number of reverse mapping hits = 1301
Checking for and removing duplicates
Writing label file ./rh.V2_exvivo.thresh.label 4738
mri_label2label: Done


 mri_label2label --srcsubject fsaverage --srclabel /out/sourcedata/freesurfer/fsaverage/label/rh.MT_exvivo.thresh.label --trgsubject sub-v1s21x0050416_ses-1 --trglabel ./rh.MT_exvivo.thresh.label --hemi rh --regmethod surface 


srclabel = /out/sourcedata/freesurfer/fsaverage/label/rh.MT_exvivo.thresh.label
srcsubject = fsaverage
trgsubject = sub-v1s21x0050416_ses-1
trglabel = ./rh.MT_exvivo.thresh.label
regmethod = surface

srchemi = rh
trghemi = rh
trgsurface = white
srcsurfreg = sphere.reg
trgsurfreg = sphere.reg
usehash = 1
Use ProjAbs  = 0, 0
Use ProjFrac = 0, 0
DoPaint 0

SUBJECTS_DIR    /out/sourcedata/freesurfer
FREESURFER_HOME /opt/freesurfer
Loading source label.
Found 268 points in source label.
Starting surface-based mapping
Reading source registration 
 /out/sourcedata/freesurfer/fsaverage/surf/rh.sphere.reg
Rescaling ...  original radius = 100
Reading target surface 
 /out/sourcedata/freesurfer/sub-v1s21x0050416_ses-1/surf/rh.white
Reading target registration 
 /out/sourcedata/freesurfer/sub-v1s21x0050416_ses-1/surf/rh.sphere.reg
Rescaling ...  original radius = 100
Building target registration hash (res=16).
Building source registration hash (res=16).
INFO: found  268 nlabel points
Performing mapping from target back to the source label 155588
Number of reverse mapping hits = 102
Checking for and removing duplicates
Writing label file ./rh.MT_exvivo.thresh.label 370
mri_label2label: Done


 mri_label2label --srcsubject fsaverage --srclabel /out/sourcedata/freesurfer/fsaverage/label/rh.entorhinal_exvivo.thresh.label --trgsubject sub-v1s21x0050416_ses-1 --trglabel ./rh.entorhinal_exvivo.thresh.label --hemi rh --regmethod surface 


srclabel = /out/sourcedata/freesurfer/fsaverage/label/rh.entorhinal_exvivo.thresh.label
srcsubject = fsaverage
trgsubject = sub-v1s21x0050416_ses-1
trglabel = ./rh.entorhinal_exvivo.thresh.label
regmethod = surface

srchemi = rh
trghemi = rh
trgsurface = white
srcsurfreg = sphere.reg
trgsurfreg = sphere.reg
usehash = 1
Use ProjAbs  = 0, 0
Use ProjFrac = 0, 0
DoPaint 0

SUBJECTS_DIR    /out/sourcedata/freesurfer
FREESURFER_HOME /opt/freesurfer
Loading source label.
Found 694 points in source label.
Starting surface-based mapping
Reading source registration 
 /out/sourcedata/freesurfer/fsaverage/surf/rh.sphere.reg
Rescaling ...  original radius = 100
Reading target surface 
 /out/sourcedata/freesurfer/sub-v1s21x0050416_ses-1/surf/rh.white
Reading target registration 
 /out/sourcedata/freesurfer/sub-v1s21x0050416_ses-1/surf/rh.sphere.reg
Rescaling ...  original radius = 100
Building target registration hash (res=16).
Building source registration hash (res=16).
INFO: found  694 nlabel points
Performing mapping from target back to the source label 155588
Number of reverse mapping hits = 171
Checking for and removing duplicates
Writing label file ./rh.entorhinal_exvivo.thresh.label 865
mri_label2label: Done


 mri_label2label --srcsubject fsaverage --srclabel /out/sourcedata/freesurfer/fsaverage/label/rh.perirhinal_exvivo.thresh.label --trgsubject sub-v1s21x0050416_ses-1 --trglabel ./rh.perirhinal_exvivo.thresh.label --hemi rh --regmethod surface 


srclabel = /out/sourcedata/freesurfer/fsaverage/label/rh.perirhinal_exvivo.thresh.label
srcsubject = fsaverage
trgsubject = sub-v1s21x0050416_ses-1
trglabel = ./rh.perirhinal_exvivo.thresh.label
regmethod = surface

srchemi = rh
trghemi = rh
trgsurface = white
srcsurfreg = sphere.reg
trgsurfreg = sphere.reg
usehash = 1
Use ProjAbs  = 0, 0
Use ProjFrac = 0, 0
DoPaint 0

SUBJECTS_DIR    /out/sourcedata/freesurfer
FREESURFER_HOME /opt/freesurfer
Loading source label.
Found 291 points in source label.
Starting surface-based mapping
Reading source registration 
 /out/sourcedata/freesurfer/fsaverage/surf/rh.sphere.reg
Rescaling ...  original radius = 100
Reading target surface 
 /out/sourcedata/freesurfer/sub-v1s21x0050416_ses-1/surf/rh.white
Reading target registration 
 /out/sourcedata/freesurfer/sub-v1s21x0050416_ses-1/surf/rh.sphere.reg
Rescaling ...  original radius = 100
Building target registration hash (res=16).
Building source registration hash (res=16).
INFO: found  291 nlabel points
Performing mapping from target back to the source label 155588
Number of reverse mapping hits = 88
Checking for and removing duplicates
Writing label file ./rh.perirhinal_exvivo.thresh.label 379
mri_label2label: Done


 mris_label2annot --s sub-v1s21x0050416_ses-1 --hemi rh --ctab /opt/freesurfer/average/colortable_BA.txt --l rh.BA1_exvivo.label --l rh.BA2_exvivo.label --l rh.BA3a_exvivo.label --l rh.BA3b_exvivo.label --l rh.BA4a_exvivo.label --l rh.BA4p_exvivo.label --l rh.BA6_exvivo.label --l rh.BA44_exvivo.label --l rh.BA45_exvivo.label --l rh.V1_exvivo.label --l rh.V2_exvivo.label --l rh.MT_exvivo.label --l rh.perirhinal_exvivo.label --l rh.entorhinal_exvivo.label --a BA_exvivo --maxstatwinner --noverbose 

Reading ctab /opt/freesurfer/average/colortable_BA.txt
Number of ctab entries 15

7.3.2
cwd /out/sourcedata/freesurfer/sub-v1s21x0050416_ses-1/label
cmdline mris_label2annot --s sub-v1s21x0050416_ses-1 --hemi rh --ctab /opt/freesurfer/average/colortable_BA.txt --l rh.BA1_exvivo.label --l rh.BA2_exvivo.label --l rh.BA3a_exvivo.label --l rh.BA3b_exvivo.label --l rh.BA4a_exvivo.label --l rh.BA4p_exvivo.label --l rh.BA6_exvivo.label --l rh.BA44_exvivo.label --l rh.BA45_exvivo.label --l rh.V1_exvivo.label --l rh.V2_exvivo.label --l rh.MT_exvivo.label --l rh.perirhinal_exvivo.label --l rh.entorhinal_exvivo.label --a BA_exvivo --maxstatwinner --noverbose 
sysname  Linux
hostname dna071
machine  x86_64
user     oesteban

subject sub-v1s21x0050416_ses-1
hemi    rh
SUBJECTS_DIR /out/sourcedata/freesurfer
ColorTable /opt/freesurfer/average/colortable_BA.txt
AnnotName  BA_exvivo
nlables 14
LabelThresh 0 0.000000
Loading /out/sourcedata/freesurfer/sub-v1s21x0050416_ses-1/surf/rh.orig
 1 1530880 BA1_exvivo
 2 16749699 BA2_exvivo
 3 16711680 BA3a_exvivo
 4 3368703 BA3b_exvivo
 5 1376196 BA4a_exvivo
 6 13382655 BA4p_exvivo
 7 10036737 BA6_exvivo
 8 2490521 BA44_exvivo
 9 39283 BA45_exvivo
10 3993 V1_exvivo
11 8508928 V2_exvivo
12 10027163 MT_exvivo
13 16422433 perirhinal_exvivo
14 16392598 entorhinal_exvivo
Mapping unhit to unknown
Found 105026 unhit vertices
Writing annot to /out/sourcedata/freesurfer/sub-v1s21x0050416_ses-1/label/rh.BA_exvivo.annot

 mris_label2annot --s sub-v1s21x0050416_ses-1 --hemi rh --ctab /opt/freesurfer/average/colortable_BA.txt --l rh.BA1_exvivo.thresh.label --l rh.BA2_exvivo.thresh.label --l rh.BA3a_exvivo.thresh.label --l rh.BA3b_exvivo.thresh.label --l rh.BA4a_exvivo.thresh.label --l rh.BA4p_exvivo.thresh.label --l rh.BA6_exvivo.thresh.label --l rh.BA44_exvivo.thresh.label --l rh.BA45_exvivo.thresh.label --l rh.V1_exvivo.thresh.label --l rh.V2_exvivo.thresh.label --l rh.MT_exvivo.thresh.label --l rh.perirhinal_exvivo.thresh.label --l rh.entorhinal_exvivo.thresh.label --a BA_exvivo.thresh --maxstatwinner --noverbose 

Reading ctab /opt/freesurfer/average/colortable_BA.txt
Number of ctab entries 15

7.3.2
cwd /out/sourcedata/freesurfer/sub-v1s21x0050416_ses-1/label
cmdline mris_label2annot --s sub-v1s21x0050416_ses-1 --hemi rh --ctab /opt/freesurfer/average/colortable_BA.txt --l rh.BA1_exvivo.thresh.label --l rh.BA2_exvivo.thresh.label --l rh.BA3a_exvivo.thresh.label --l rh.BA3b_exvivo.thresh.label --l rh.BA4a_exvivo.thresh.label --l rh.BA4p_exvivo.thresh.label --l rh.BA6_exvivo.thresh.label --l rh.BA44_exvivo.thresh.label --l rh.BA45_exvivo.thresh.label --l rh.V1_exvivo.thresh.label --l rh.V2_exvivo.thresh.label --l rh.MT_exvivo.thresh.label --l rh.perirhinal_exvivo.thresh.label --l rh.entorhinal_exvivo.thresh.label --a BA_exvivo.thresh --maxstatwinner --noverbose 
sysname  Linux
hostname dna071
machine  x86_64
user     oesteban

subject sub-v1s21x0050416_ses-1
hemi    rh
SUBJECTS_DIR /out/sourcedata/freesurfer
ColorTable /opt/freesurfer/average/colortable_BA.txt
AnnotName  BA_exvivo.thresh
nlables 14
LabelThresh 0 0.000000
Loading /out/sourcedata/freesurfer/sub-v1s21x0050416_ses-1/surf/rh.orig
 1 1530880 BA1_exvivo
 2 16749699 BA2_exvivo
 3 16711680 BA3a_exvivo
 4 3368703 BA3b_exvivo
 5 1376196 BA4a_exvivo
 6 13382655 BA4p_exvivo
 7 10036737 BA6_exvivo
 8 2490521 BA44_exvivo
 9 39283 BA45_exvivo
10 3993 V1_exvivo
11 8508928 V2_exvivo
12 10027163 MT_exvivo
13 16422433 perirhinal_exvivo
14 16392598 entorhinal_exvivo
Mapping unhit to unknown
Found 127891 unhit vertices
Writing annot to /out/sourcedata/freesurfer/sub-v1s21x0050416_ses-1/label/rh.BA_exvivo.thresh.annot

 mris_anatomical_stats -th3 -mgz -noglobal -f ../stats/rh.BA_exvivo.stats -b -a ./rh.BA_exvivo.annot -c ./BA_exvivo.ctab sub-v1s21x0050416_ses-1 rh white 

computing statistics for each annotation in ./rh.BA_exvivo.annot.
reading volume /out/sourcedata/freesurfer/sub-v1s21x0050416_ses-1/mri/wm.mgz...
reading input surface /out/sourcedata/freesurfer/sub-v1s21x0050416_ses-1/surf/rh.white...
reading input pial surface /out/sourcedata/freesurfer/sub-v1s21x0050416_ses-1/surf/rh.pial...
reading input white surface /out/sourcedata/freesurfer/sub-v1s21x0050416_ses-1/surf/rh.white...
INFO: using TH3 volume calc
INFO: assuming MGZ format for volumes.
INFO: not computing global stats
Using TH3 vertex volume calc
Total face volume 284286
Total vertex volume 284077 (mask=0)
Saving annotation colortable ./BA_exvivo.ctab

table columns are:
    number of vertices
    total surface area (mm^2)
    total gray matter volume (mm^3)
    average cortical thickness +- standard deviation (mm)
    integrated rectified mean curvature
    integrated rectified Gaussian curvature
    folding index
    intrinsic curvature index
    structure name

 1029    639   1911  2.247 0.638     0.125     0.031       12     1.5  BA1_exvivo
 4043   2733   5117  1.882 0.530     0.102     0.020       30     3.2  BA2_exvivo
 1176    778   1082  1.811 0.472     0.132     0.027       12     1.3  BA3a_exvivo
 2276   1451   2443  1.581 0.477     0.082     0.016       12     1.6  BA3b_exvivo
 2181   1350   3592  2.503 0.664     0.120     0.033       20     3.2  BA4a_exvivo
 1371    874   2027  2.360 0.523     0.088     0.020        6     1.1  BA4p_exvivo
11377   7751  24796  2.832 0.658     0.125     0.030      114    14.5  BA6_exvivo
 5155   3399   9263  2.501 0.704     0.098     0.018       37     3.9  BA44_exvivo
 5067   3605  10349  2.370 0.771     0.117     0.023       60     4.9  BA45_exvivo
 4267   2979   5040  1.643 0.602     0.143     0.042       61     8.2  V1_exvivo
 8706   6225  13762  2.068 0.683     0.144     0.036      115    12.0  V2_exvivo
 2674   1829   4156  2.164 0.584     0.110     0.023       19     2.5  MT_exvivo
  459    349   1156  2.642 0.829     0.153     0.050        7     1.2  perirhinal_exvivo
  781    527   1755  2.476 1.193     0.130     0.044       11     1.4  entorhinal_exvivo

 mris_anatomical_stats -th3 -mgz -f ../stats/rh.BA_exvivo.thresh.stats -noglobal -b -a ./rh.BA_exvivo.thresh.annot -c ./BA_exvivo.thresh.ctab sub-v1s21x0050416_ses-1 rh white 

computing statistics for each annotation in ./rh.BA_exvivo.thresh.annot.
reading volume /out/sourcedata/freesurfer/sub-v1s21x0050416_ses-1/mri/wm.mgz...
reading input surface /out/sourcedata/freesurfer/sub-v1s21x0050416_ses-1/surf/rh.white...
reading input pial surface /out/sourcedata/freesurfer/sub-v1s21x0050416_ses-1/surf/rh.pial...
reading input white surface /out/sourcedata/freesurfer/sub-v1s21x0050416_ses-1/surf/rh.white...
INFO: using TH3 volume calc
INFO: assuming MGZ format for volumes.
INFO: not computing global stats
Using TH3 vertex volume calc
Total face volume 284286
Total vertex volume 284077 (mask=0)
Saving annotation colortable ./BA_exvivo.thresh.ctab

table columns are:
    number of vertices
    total surface area (mm^2)
    total gray matter volume (mm^3)
    average cortical thickness +- standard deviation (mm)
    integrated rectified mean curvature
    integrated rectified Gaussian curvature
    folding index
    intrinsic curvature index
    structure name

  651    417   1221  2.209 0.715     0.132     0.034        9     1.1  BA1_exvivo
 2327   1582   3192  1.843 0.552     0.100     0.020       19     1.8  BA2_exvivo
 1050    678    853  1.798 0.445     0.130     0.025       10     1.2  BA3a_exvivo
 1710   1116   1593  1.427 0.344     0.072     0.012        7     0.8  BA3b_exvivo
 1642    960   2632  2.573 0.645     0.123     0.035       16     2.5  BA4a_exvivo
 1113    725   1755  2.422 0.540     0.089     0.019        4     0.9  BA4p_exvivo
 7050   4838  14876  2.739 0.659     0.127     0.032       73     9.4  BA6_exvivo
 1109    754   2173  2.481 0.680     0.104     0.019       10     0.9  BA44_exvivo
 1246    907   3298  2.782 0.767     0.129     0.025       16     1.4  BA45_exvivo
 4092   2836   4645  1.629 0.597     0.139     0.040       56     7.5  V1_exvivo
 4512   3232   7087  2.034 0.710     0.151     0.040       62     7.2  V2_exvivo
  361    273    982  2.396 0.655     0.150     0.039        5     0.6  MT_exvivo
   47     35     95  2.145 0.828     0.162     0.034        1     0.1  perirhinal_exvivo
  787    517   1681  2.714 0.877     0.109     0.038        9     1.1  entorhinal_exvivo

Started at Mon Mar 9 13:50:44 CET 2026 
Ended   at Mon Mar 9 13:53:24 CET 2026
#@#%# recon-all-run-time-hours 0.044
recon-all -s sub-v1s21x0050416_ses-1 finished without error at Mon Mar  9 13:53:24 CET 2026
