
Mon Mar  9 12:50:42 CET 2026
cd /out/sourcedata/freesurfer/sub-v1s21x0050416_ses-1
setenv SUBJECTS_DIR /out/sourcedata/freesurfer
/opt/freesurfer/bin/recon-all -autorecon-hemi lh -noparcstats -noparcstats2 -noparcstats3 -nohyporelabel -nobalabels -lh-only -openmp 16 -subjid sub-v1s21x0050416_ses-1 -sd /out/sourcedata/freesurfer

subjid sub-v1s21x0050416_ses-1
setenv SUBJECTS_DIR /out/sourcedata/freesurfer
FREESURFER_HOME /opt/freesurfer
Actual FREESURFER_HOME /opt/freesurfer
build-stamp.txt: freesurfer-linux-ubuntu22_x86_64-7.3.2-20220804-6354275
Linux dna071 5.14.0-427.37.1.el9_4.x86_64 #1 SMP PREEMPT_DYNAMIC Fri Sep 13 12:41:50 EDT 2024 x86_64 x86_64 x86_64 GNU/Linux
cputime      unlimited
filesize     unlimited
datasize     unlimited
stacksize    8192 kbytes
coredumpsize 0 kbytes
memoryuse    67108864 kbytes
vmemoryuse   unlimited
descriptors  1024 
memorylocked unlimited
maxproc      2061970 
maxlocks     unlimited
maxsignal    2062029 
maxmessage   819200 
maxnice      0 
maxrtprio    0 
maxrttime    unlimited

               total        used        free      shared  buff/cache   available
Mem:           503Gi        98Gi       372Gi       9.3Gi        33Gi       392Gi
Swap:             0B          0B          0B

########################################
program versions used
7.3.2 (freesurfer-linux-ubuntu22_x86_64-7.3.2-20220804-6354275)
7.3.2

ProgramName: lta_convert  ProgramArguments: lta_convert -all-info  ProgramVersion: 7.3.2  TimeStamp: 2026/03/09-11:50:42-GMT  BuildTime: Aug  4 2022 06:17:15  BuildStamp: freesurfer-linux-ubuntu22_x86_64-7.3.2-20220804-6354275  User: oesteban  Machine: dna071  Platform: Linux  PlatformVersion: 5.14.0-427.37.1.el9_4.x86_64  CompilerName: GCC  CompilerVersion: 8.4.0
ProgramName: mri_and  ProgramArguments: mri_and -all-info  ProgramVersion: 7.3.2  TimeStamp: 2026/03/09-11:50:42-GMT  BuildTime: Aug  4 2022 06:17:15  BuildStamp: freesurfer-linux-ubuntu22_x86_64-7.3.2-20220804-6354275  User: oesteban  Machine: dna071  Platform: Linux  PlatformVersion: 5.14.0-427.37.1.el9_4.x86_64  CompilerName: GCC  CompilerVersion: 8.4.0
ProgramName: mri_annotation2label  ProgramArguments: mri_annotation2label -all-info  ProgramVersion: 7.3.2  TimeStamp: 2026/03/09-11:50:42-GMT  BuildTime: Aug  4 2022 06:17:15  BuildStamp: freesurfer-linux-ubuntu22_x86_64-7.3.2-20220804-6354275  User: oesteban  Machine: dna071  Platform: Linux  PlatformVersion: 5.14.0-427.37.1.el9_4.x86_64  CompilerName: GCC  CompilerVersion: 8.4.0
ProgramName: mri_aparc2aseg  ProgramArguments: mri_aparc2aseg -all-info  ProgramVersion: 7.3.2  TimeStamp: 2026/03/09-11:50:42-GMT  BuildTime: Aug  4 2022 06:17:15  BuildStamp: freesurfer-linux-ubuntu22_x86_64-7.3.2-20220804-6354275  User: oesteban  Machine: dna071  Platform: Linux  PlatformVersion: 5.14.0-427.37.1.el9_4.x86_64  CompilerName: GCC  CompilerVersion: 8.4.0
ProgramName: mri_surf2volseg  ProgramArguments: mri_surf2volseg -all-info  ProgramVersion: 7.3.2  TimeStamp: 2026/03/09-11:50:42-GMT  BuildTime: Aug  4 2022 06:17:15  BuildStamp: freesurfer-linux-ubuntu22_x86_64-7.3.2-20220804-6354275  User: oesteban  Machine: dna071  Platform: Linux  PlatformVersion: 5.14.0-427.37.1.el9_4.x86_64  CompilerName: GCC  CompilerVersion: 8.4.0
ProgramName: mri_binarize  ProgramArguments: mri_binarize -all-info  ProgramVersion: 7.3.2  TimeStamp: 2026/03/09-11:50:42-GMT  BuildTime: Aug  4 2022 06:17:15  BuildStamp: freesurfer-linux-ubuntu22_x86_64-7.3.2-20220804-6354275  User: oesteban  Machine: dna071  Platform: Linux  PlatformVersion: 5.14.0-427.37.1.el9_4.x86_64  CompilerName: GCC  CompilerVersion: 8.4.0
ProgramName: mri_ca_label  ProgramArguments: mri_ca_label -all-info  ProgramVersion: 7.3.2  TimeStamp: 2026/03/09-11:50:42-GMT  BuildTime: Aug  4 2022 06:17:15  BuildStamp: freesurfer-linux-ubuntu22_x86_64-7.3.2-20220804-6354275  User: oesteban  Machine: dna071  Platform: Linux  PlatformVersion: 5.14.0-427.37.1.el9_4.x86_64  CompilerName: GCC  CompilerVersion: 8.4.0
ProgramName: mri_ca_normalize  ProgramArguments: mri_ca_normalize -all-info  ProgramVersion: 7.3.2  TimeStamp: 2026/03/09-11:50:42-GMT  BuildTime: Aug  4 2022 06:17:15  BuildStamp: freesurfer-linux-ubuntu22_x86_64-7.3.2-20220804-6354275  User: oesteban  Machine: dna071  Platform: Linux  PlatformVersion: 5.14.0-427.37.1.el9_4.x86_64  CompilerName: GCC  CompilerVersion: 8.4.0
ProgramName: mri_ca_register  ProgramArguments: mri_ca_register -all-info  ProgramVersion: 7.3.2  TimeStamp: 2026/03/09-11:50:42-GMT  BuildTime: Aug  4 2022 06:17:15  BuildStamp: freesurfer-linux-ubuntu22_x86_64-7.3.2-20220804-6354275  User: oesteban  Machine: dna071  Platform: Linux  PlatformVersion: 5.14.0-427.37.1.el9_4.x86_64  CompilerName: GCC  CompilerVersion: 8.4.0
ProgramName: mri_cc  ProgramArguments: mri_cc -all-info  ProgramVersion: 7.3.2  TimeStamp: 2026/03/09-11:50:42-GMT  BuildTime: Aug  4 2022 06:17:15  BuildStamp: freesurfer-linux-ubuntu22_x86_64-7.3.2-20220804-6354275  User: oesteban  Machine: dna071  Platform: Linux  PlatformVersion: 5.14.0-427.37.1.el9_4.x86_64  CompilerName: GCC  CompilerVersion: 8.4.0
ProgramName: mri_compute_overlap  ProgramArguments: mri_compute_overlap -all-info  ProgramVersion: 7.3.2  TimeStamp: 2026/03/09-11:50:42-GMT  BuildTime: Aug  4 2022 06:17:15  BuildStamp: freesurfer-linux-ubuntu22_x86_64-7.3.2-20220804-6354275  User: oesteban  Machine: dna071  Platform: Linux  PlatformVersion: 5.14.0-427.37.1.el9_4.x86_64  CompilerName: GCC  CompilerVersion: 8.4.0
ProgramName: mri_compute_seg_overlap  ProgramArguments: mri_compute_seg_overlap -all-info  ProgramVersion: 7.3.2  TimeStamp: 2026/03/09-11:50:42-GMT  BuildTime: Aug  4 2022 06:17:15  BuildStamp: freesurfer-linux-ubuntu22_x86_64-7.3.2-20220804-6354275  User: oesteban  Machine: dna071  Platform: Linux  PlatformVersion: 5.14.0-427.37.1.el9_4.x86_64  CompilerName: GCC  CompilerVersion: 8.4.0
ProgramName: mri_concat  ProgramArguments: mri_concat -all-info  ProgramVersion: 7.3.2  TimeStamp: 2026/03/09-11:50:42-GMT  BuildTime: Aug  4 2022 06:17:15  BuildStamp: freesurfer-linux-ubuntu22_x86_64-7.3.2-20220804-6354275  User: oesteban  Machine: dna071  Platform: Linux  PlatformVersion: 5.14.0-427.37.1.el9_4.x86_64  CompilerName: GCC  CompilerVersion: 8.4.0
ProgramName: mri_concatenate_lta  ProgramArguments: mri_concatenate_lta -all-info  ProgramVersion: 7.3.2  TimeStamp: 2026/03/09-11:50:42-GMT  BuildTime: Aug  4 2022 06:17:15  BuildStamp: freesurfer-linux-ubuntu22_x86_64-7.3.2-20220804-6354275  User: oesteban  Machine: dna071  Platform: Linux  PlatformVersion: 5.14.0-427.37.1.el9_4.x86_64  CompilerName: GCC  CompilerVersion: 8.4.0
mri_convert -all-info 
ProgramName: mri_convert  ProgramArguments: mri_convert -all-info  ProgramVersion: 7.3.2  TimeStamp: 2026/03/09-11:50:42-GMT  BuildTime: Aug  4 2022 06:17:15  BuildStamp: freesurfer-linux-ubuntu22_x86_64-7.3.2-20220804-6354275  User: oesteban  Machine: dna071  Platform: Linux  PlatformVersion: 5.14.0-427.37.1.el9_4.x86_64  CompilerName: GCC  CompilerVersion: 8.4.0
ProgramName: mri_diff  ProgramArguments: mri_diff -all-info  ProgramVersion: 7.3.2  TimeStamp: 2026/03/09-11:50:42-GMT  BuildTime: Aug  4 2022 06:17:15  BuildStamp: freesurfer-linux-ubuntu22_x86_64-7.3.2-20220804-6354275  User: oesteban  Machine: dna071  Platform: Linux  PlatformVersion: 5.14.0-427.37.1.el9_4.x86_64  CompilerName: GCC  CompilerVersion: 8.4.0
ProgramName: mri_edit_wm_with_aseg  ProgramArguments: mri_edit_wm_with_aseg -all-info  ProgramVersion: 7.3.2  TimeStamp: 2026/03/09-11:50:42-GMT  BuildTime: Aug  4 2022 06:17:15  BuildStamp: freesurfer-linux-ubuntu22_x86_64-7.3.2-20220804-6354275  User: oesteban  Machine: dna071  Platform: Linux  PlatformVersion: 5.14.0-427.37.1.el9_4.x86_64  CompilerName: GCC  CompilerVersion: 8.4.0
ProgramName: mri_em_register  ProgramArguments: mri_em_register -all-info  ProgramVersion: 7.3.2  TimeStamp: 2026/03/09-11:50:42-GMT  BuildTime: Aug  4 2022 06:17:15  BuildStamp: freesurfer-linux-ubuntu22_x86_64-7.3.2-20220804-6354275  User: oesteban  Machine: dna071  Platform: Linux  PlatformVersion: 5.14.0-427.37.1.el9_4.x86_64  CompilerName: GCC  CompilerVersion: 8.4.0
ProgramName: mri_fill  ProgramArguments: mri_fill -all-info  ProgramVersion: 7.3.2  TimeStamp: 2026/03/09-11:50:42-GMT  BuildTime: Aug  4 2022 06:17:15  BuildStamp: freesurfer-linux-ubuntu22_x86_64-7.3.2-20220804-6354275  User: oesteban  Machine: dna071  Platform: Linux  PlatformVersion: 5.14.0-427.37.1.el9_4.x86_64  CompilerName: GCC  CompilerVersion: 8.4.0
ProgramName: mri_fuse_segmentations  ProgramArguments: mri_fuse_segmentations -all-info  ProgramVersion: 7.3.2  TimeStamp: 2026/03/09-11:50:42-GMT  BuildTime: Aug  4 2022 06:17:15  BuildStamp: freesurfer-linux-ubuntu22_x86_64-7.3.2-20220804-6354275  User: oesteban  Machine: dna071  Platform: Linux  PlatformVersion: 5.14.0-427.37.1.el9_4.x86_64  CompilerName: GCC  CompilerVersion: 8.4.0
ProgramName: mri_fwhm  ProgramArguments: mri_fwhm -all-info  ProgramVersion: 7.3.2  TimeStamp: 2026/03/09-11:50:42-GMT  BuildTime: Aug  4 2022 06:17:15  BuildStamp: freesurfer-linux-ubuntu22_x86_64-7.3.2-20220804-6354275  User: oesteban  Machine: dna071  Platform: Linux  PlatformVersion: 5.14.0-427.37.1.el9_4.x86_64  CompilerName: GCC  CompilerVersion: 8.4.0
ProgramName: mri_gcut  ProgramArguments: mri_gcut -all-info  ProgramVersion: 7.3.2  TimeStamp: 2026/03/09-11:50:42-GMT  BuildTime: Aug  4 2022 06:17:15  BuildStamp: freesurfer-linux-ubuntu22_x86_64-7.3.2-20220804-6354275  User: oesteban  Machine: dna071  Platform: Linux  PlatformVersion: 5.14.0-427.37.1.el9_4.x86_64  CompilerName: GCC  CompilerVersion: 8.4.0
ProgramName: mri_info  ProgramArguments: mri_info -all-info  ProgramVersion: 7.3.2  TimeStamp: 2026/03/09-11:50:42-GMT  BuildTime: Aug  4 2022 06:17:15  BuildStamp: freesurfer-linux-ubuntu22_x86_64-7.3.2-20220804-6354275  User: oesteban  Machine: dna071  Platform: Linux  PlatformVersion: 5.14.0-427.37.1.el9_4.x86_64  CompilerName: GCC  CompilerVersion: 8.4.0
ProgramName: mri_label2label  ProgramArguments: mri_label2label -all-info  ProgramVersion: 7.3.2  TimeStamp: 2026/03/09-11:50:42-GMT  BuildTime: Aug  4 2022 06:17:15  BuildStamp: freesurfer-linux-ubuntu22_x86_64-7.3.2-20220804-6354275  User: oesteban  Machine: dna071  Platform: Linux  PlatformVersion: 5.14.0-427.37.1.el9_4.x86_64  CompilerName: GCC  CompilerVersion: 8.4.0
ProgramName: mri_label2vol  ProgramArguments: mri_label2vol -all-info  ProgramVersion: 7.3.2  TimeStamp: 2026/03/09-11:50:42-GMT  BuildTime: Aug  4 2022 06:17:15  BuildStamp: freesurfer-linux-ubuntu22_x86_64-7.3.2-20220804-6354275  User: oesteban  Machine: dna071  Platform: Linux  PlatformVersion: 5.14.0-427.37.1.el9_4.x86_64  CompilerName: GCC  CompilerVersion: 8.4.0
ProgramName: mri_log_likelihood  ProgramArguments: mri_log_likelihood -all-info  ProgramVersion: 7.3.2  TimeStamp: 2026/03/09-11:50:42-GMT  BuildTime: Aug  4 2022 06:17:15  BuildStamp: freesurfer-linux-ubuntu22_x86_64-7.3.2-20220804-6354275  User: oesteban  Machine: dna071  Platform: Linux  PlatformVersion: 5.14.0-427.37.1.el9_4.x86_64  CompilerName: GCC  CompilerVersion: 8.4.0
ProgramName: mri_mask  ProgramArguments: mri_mask -all-info  ProgramVersion: 7.3.2  TimeStamp: 2026/03/09-11:50:42-GMT  BuildTime: Aug  4 2022 06:17:15  BuildStamp: freesurfer-linux-ubuntu22_x86_64-7.3.2-20220804-6354275  User: oesteban  Machine: dna071  Platform: Linux  PlatformVersion: 5.14.0-427.37.1.el9_4.x86_64  CompilerName: GCC  CompilerVersion: 8.4.0
ProgramName: mri_matrix_multiply  ProgramArguments: mri_matrix_multiply -all-info  ProgramVersion: 7.3.2  TimeStamp: 2026/03/09-11:50:42-GMT  BuildTime: Aug  4 2022 06:17:15  BuildStamp: freesurfer-linux-ubuntu22_x86_64-7.3.2-20220804-6354275  User: oesteban  Machine: dna071  Platform: Linux  PlatformVersion: 5.14.0-427.37.1.el9_4.x86_64  CompilerName: GCC  CompilerVersion: 8.4.0
ProgramName: mri_normalize  ProgramArguments: mri_normalize -all-info  ProgramVersion: 7.3.2  TimeStamp: 2026/03/09-11:50:42-GMT  BuildTime: Aug  4 2022 06:17:15  BuildStamp: freesurfer-linux-ubuntu22_x86_64-7.3.2-20220804-6354275  User: oesteban  Machine: dna071  Platform: Linux  PlatformVersion: 5.14.0-427.37.1.el9_4.x86_64  CompilerName: GCC  CompilerVersion: 8.4.0
ProgramName: mri_normalize_tp2  ProgramArguments: mri_normalize_tp2 -all-info  ProgramVersion: 7.3.2  TimeStamp: 2026/03/09-11:50:42-GMT  BuildTime: Aug  4 2022 06:17:15  BuildStamp: freesurfer-linux-ubuntu22_x86_64-7.3.2-20220804-6354275  User: oesteban  Machine: dna071  Platform: Linux  PlatformVersion: 5.14.0-427.37.1.el9_4.x86_64  CompilerName: GCC  CompilerVersion: 8.4.0
ProgramName: mri_or  ProgramArguments: mri_or -all-info  ProgramVersion: 7.3.2  TimeStamp: 2026/03/09-11:50:42-GMT  BuildTime: Aug  4 2022 06:17:15  BuildStamp: freesurfer-linux-ubuntu22_x86_64-7.3.2-20220804-6354275  User: oesteban  Machine: dna071  Platform: Linux  PlatformVersion: 5.14.0-427.37.1.el9_4.x86_64  CompilerName: GCC  CompilerVersion: 8.4.0
ProgramName: mri_relabel_hypointensities  ProgramArguments: mri_relabel_hypointensities -all-info  ProgramVersion: 7.3.2  TimeStamp: 2026/03/09-11:50:42-GMT  BuildTime: Aug  4 2022 06:17:15  BuildStamp: freesurfer-linux-ubuntu22_x86_64-7.3.2-20220804-6354275  User: oesteban  Machine: dna071  Platform: Linux  PlatformVersion: 5.14.0-427.37.1.el9_4.x86_64  CompilerName: GCC  CompilerVersion: 8.4.0
ProgramName: mri_relabel_nonwm_hypos  ProgramArguments: mri_relabel_nonwm_hypos -all-info  ProgramVersion: 7.3.2  TimeStamp: 2026/03/09-11:50:42-GMT  BuildTime: Aug  4 2022 06:17:15  BuildStamp: freesurfer-linux-ubuntu22_x86_64-7.3.2-20220804-6354275  User: oesteban  Machine: dna071  Platform: Linux  PlatformVersion: 5.14.0-427.37.1.el9_4.x86_64  CompilerName: GCC  CompilerVersion: 8.4.0
ProgramName: mri_remove_neck  ProgramArguments: mri_remove_neck -all-info  ProgramVersion: 7.3.2  TimeStamp: 2026/03/09-11:50:42-GMT  BuildTime: Aug  4 2022 06:17:15  BuildStamp: freesurfer-linux-ubuntu22_x86_64-7.3.2-20220804-6354275  User: oesteban  Machine: dna071  Platform: Linux  PlatformVersion: 5.14.0-427.37.1.el9_4.x86_64  CompilerName: GCC  CompilerVersion: 8.4.0
7.3.2

ProgramName: mri_robust_register  ProgramArguments: mri_robust_register -all-info  ProgramVersion: 7.3.2  TimeStamp: 2026/03/09-11:50:42-GMT  BuildTime: Aug  4 2022 06:17:15  BuildStamp: freesurfer-linux-ubuntu22_x86_64-7.3.2-20220804-6354275  User: oesteban  Machine: dna071  Platform: Linux  PlatformVersion: 5.14.0-427.37.1.el9_4.x86_64  CompilerName: GCC  CompilerVersion: 8.4.0
7.3.2

ProgramName: mri_robust_template  ProgramArguments: mri_robust_template -all-info  ProgramVersion: 7.3.2  TimeStamp: 2026/03/09-11:50:42-GMT  BuildTime: Aug  4 2022 06:17:15  BuildStamp: freesurfer-linux-ubuntu22_x86_64-7.3.2-20220804-6354275  User: oesteban  Machine: dna071  Platform: Linux  PlatformVersion: 5.14.0-427.37.1.el9_4.x86_64  CompilerName: GCC  CompilerVersion: 8.4.0
ProgramName: mris_anatomical_stats  ProgramArguments: mris_anatomical_stats -all-info  ProgramVersion: 7.3.2  TimeStamp: 2026/03/09-11:50:42-GMT  BuildTime: Aug  4 2022 06:17:15  BuildStamp: freesurfer-linux-ubuntu22_x86_64-7.3.2-20220804-6354275  User: oesteban  Machine: dna071  Platform: Linux  PlatformVersion: 5.14.0-427.37.1.el9_4.x86_64  CompilerName: GCC  CompilerVersion: 8.4.0
ProgramName: mris_ca_label  ProgramArguments: mris_ca_label -all-info  ProgramVersion: 7.3.2  TimeStamp: 2026/03/09-11:50:42-GMT  BuildTime: Aug  4 2022 06:17:15  BuildStamp: freesurfer-linux-ubuntu22_x86_64-7.3.2-20220804-6354275  User: oesteban  Machine: dna071  Platform: Linux  PlatformVersion: 5.14.0-427.37.1.el9_4.x86_64  CompilerName: GCC  CompilerVersion: 8.4.0
ProgramName: mris_calc  ProgramArguments: mris_calc -all-info  ProgramVersion: 7.3.2  TimeStamp: 2026/03/09-11:50:42-GMT  BuildTime: Aug  4 2022 06:17:15  BuildStamp: freesurfer-linux-ubuntu22_x86_64-7.3.2-20220804-6354275  User: oesteban  Machine: dna071  Platform: Linux  PlatformVersion: 5.14.0-427.37.1.el9_4.x86_64  CompilerName: GCC  CompilerVersion: 8.4.0
ProgramName: mris_convert  ProgramArguments: mris_convert -all-info  ProgramVersion: 7.3.2  TimeStamp: 2026/03/09-11:50:42-GMT  BuildTime: Aug  4 2022 06:17:15  BuildStamp: freesurfer-linux-ubuntu22_x86_64-7.3.2-20220804-6354275  User: oesteban  Machine: dna071  Platform: Linux  PlatformVersion: 5.14.0-427.37.1.el9_4.x86_64  CompilerName: GCC  CompilerVersion: 8.4.0
ProgramName: mris_curvature  ProgramArguments: mris_curvature -all-info  ProgramVersion: 7.3.2  TimeStamp: 2026/03/09-11:50:42-GMT  BuildTime: Aug  4 2022 06:17:15  BuildStamp: freesurfer-linux-ubuntu22_x86_64-7.3.2-20220804-6354275  User: oesteban  Machine: dna071  Platform: Linux  PlatformVersion: 5.14.0-427.37.1.el9_4.x86_64  CompilerName: GCC  CompilerVersion: 8.4.0
ProgramName: mris_curvature_stats  ProgramArguments: mris_curvature_stats -all-info  ProgramVersion: 7.3.2  TimeStamp: 2026/03/09-11:50:42-GMT  BuildTime: Aug  4 2022 06:17:15  BuildStamp: freesurfer-linux-ubuntu22_x86_64-7.3.2-20220804-6354275  User: oesteban  Machine: dna071  Platform: Linux  PlatformVersion: 5.14.0-427.37.1.el9_4.x86_64  CompilerName: GCC  CompilerVersion: 8.4.0
ProgramName: mris_diff  ProgramArguments: mris_diff -all-info  ProgramVersion: 7.3.2  TimeStamp: 2026/03/09-11:50:42-GMT  BuildTime: Aug  4 2022 06:17:15  BuildStamp: freesurfer-linux-ubuntu22_x86_64-7.3.2-20220804-6354275  User: oesteban  Machine: dna071  Platform: Linux  PlatformVersion: 5.14.0-427.37.1.el9_4.x86_64  CompilerName: GCC  CompilerVersion: 8.4.0
ProgramName: mris_divide_parcellation  ProgramArguments: mris_divide_parcellation -all-info  ProgramVersion: 7.3.2  TimeStamp: 2026/03/09-11:50:42-GMT  BuildTime: Aug  4 2022 06:17:15  BuildStamp: freesurfer-linux-ubuntu22_x86_64-7.3.2-20220804-6354275  User: oesteban  Machine: dna071  Platform: Linux  PlatformVersion: 5.14.0-427.37.1.el9_4.x86_64  CompilerName: GCC  CompilerVersion: 8.4.0
ProgramName: mri_segment  ProgramArguments: mri_segment -all-info  ProgramVersion: 7.3.2  TimeStamp: 2026/03/09-11:50:42-GMT  BuildTime: Aug  4 2022 06:17:15  BuildStamp: freesurfer-linux-ubuntu22_x86_64-7.3.2-20220804-6354275  User: oesteban  Machine: dna071  Platform: Linux  PlatformVersion: 5.14.0-427.37.1.el9_4.x86_64  CompilerName: GCC  CompilerVersion: 8.4.0
ProgramName: mri_segstats  ProgramArguments: mri_segstats -all-info  ProgramVersion: 7.3.2  TimeStamp: 2026/03/09-11:50:42-GMT  BuildTime: Aug  4 2022 06:17:15  BuildStamp: freesurfer-linux-ubuntu22_x86_64-7.3.2-20220804-6354275  User: oesteban  Machine: dna071  Platform: Linux  PlatformVersion: 5.14.0-427.37.1.el9_4.x86_64  CompilerName: GCC  CompilerVersion: 8.4.0
ProgramName: mris_euler_number  ProgramArguments: mris_euler_number -all-info  ProgramVersion: 7.3.2  TimeStamp: 2026/03/09-11:50:42-GMT  BuildTime: Aug  4 2022 06:17:15  BuildStamp: freesurfer-linux-ubuntu22_x86_64-7.3.2-20220804-6354275  User: oesteban  Machine: dna071  Platform: Linux  PlatformVersion: 5.14.0-427.37.1.el9_4.x86_64  CompilerName: GCC  CompilerVersion: 8.4.0
ProgramName: mris_fix_topology  ProgramArguments: mris_fix_topology -all-info  ProgramVersion: 7.3.2  TimeStamp: 2026/03/09-11:50:42-GMT  BuildTime: Aug  4 2022 06:17:15  BuildStamp: freesurfer-linux-ubuntu22_x86_64-7.3.2-20220804-6354275  User: oesteban  Machine: dna071  Platform: Linux  PlatformVersion: 5.14.0-427.37.1.el9_4.x86_64  CompilerName: GCC  CompilerVersion: 8.4.0
ProgramName: mris_topo_fixer  ProgramArguments: mris_topo_fixer -all-info  ProgramVersion: 7.3.2  TimeStamp: 2026/03/09-11:50:42-GMT  BuildTime: Aug  4 2022 06:17:15  BuildStamp: freesurfer-linux-ubuntu22_x86_64-7.3.2-20220804-6354275  User: oesteban  Machine: dna071  Platform: Linux  PlatformVersion: 5.14.0-427.37.1.el9_4.x86_64  CompilerName: GCC  CompilerVersion: 8.4.0
ProgramName: mris_jacobian  ProgramArguments: mris_jacobian -all-info  ProgramVersion: 7.3.2  TimeStamp: 2026/03/09-11:50:42-GMT  BuildTime: Aug  4 2022 06:17:15  BuildStamp: freesurfer-linux-ubuntu22_x86_64-7.3.2-20220804-6354275  User: oesteban  Machine: dna071  Platform: Linux  PlatformVersion: 5.14.0-427.37.1.el9_4.x86_64  CompilerName: GCC  CompilerVersion: 8.4.0
ProgramName: mris_label2annot  ProgramArguments: mris_label2annot -all-info  ProgramVersion: 7.3.2  TimeStamp: 2026/03/09-11:50:42-GMT  BuildTime: Aug  4 2022 06:17:15  BuildStamp: freesurfer-linux-ubuntu22_x86_64-7.3.2-20220804-6354275  User: oesteban  Machine: dna071  Platform: Linux  PlatformVersion: 5.14.0-427.37.1.el9_4.x86_64  CompilerName: GCC  CompilerVersion: 8.4.0
ProgramName: mris_left_right_register  ProgramArguments: mris_left_right_register -all-info  ProgramVersion: 7.3.2  TimeStamp: 2026/03/09-11:50:42-GMT  BuildTime: Aug  4 2022 06:17:15  BuildStamp: freesurfer-linux-ubuntu22_x86_64-7.3.2-20220804-6354275  User: oesteban  Machine: dna071  Platform: Linux  PlatformVersion: 5.14.0-427.37.1.el9_4.x86_64  CompilerName: GCC  CompilerVersion: 8.4.0
ProgramName: mris_place_surface  ProgramArguments: mris_place_surface -all-info  ProgramVersion: 7.3.2  TimeStamp: 2026/03/09-11:50:42-GMT  BuildTime: Aug  4 2022 06:17:15  BuildStamp: freesurfer-linux-ubuntu22_x86_64-7.3.2-20220804-6354275  User: oesteban  Machine: dna071  Platform: Linux  PlatformVersion: 5.14.0-427.37.1.el9_4.x86_64  CompilerName: GCC  CompilerVersion: 8.4.0
ProgramName: mrisp_paint  ProgramArguments: mrisp_paint -all-info  ProgramVersion: 7.3.2  TimeStamp: 2026/03/09-11:50:42-GMT  BuildTime: Aug  4 2022 06:17:15  BuildStamp: freesurfer-linux-ubuntu22_x86_64-7.3.2-20220804-6354275  User: oesteban  Machine: dna071  Platform: Linux  PlatformVersion: 5.14.0-427.37.1.el9_4.x86_64  CompilerName: GCC  CompilerVersion: 8.4.0
ProgramName: mris_register  ProgramArguments: mris_register -all-info  ProgramVersion: 7.3.2  TimeStamp: 2026/03/09-11:50:42-GMT  BuildTime: Aug  4 2022 06:17:15  BuildStamp: freesurfer-linux-ubuntu22_x86_64-7.3.2-20220804-6354275  User: oesteban  Machine: dna071  Platform: Linux  PlatformVersion: 5.14.0-427.37.1.el9_4.x86_64  CompilerName: GCC  CompilerVersion: 8.4.0
ProgramName: mris_smooth  ProgramArguments: mris_smooth -all-info  ProgramVersion: 7.3.2  TimeStamp: 2026/03/09-11:50:42-GMT  BuildTime: Aug  4 2022 06:17:15  BuildStamp: freesurfer-linux-ubuntu22_x86_64-7.3.2-20220804-6354275  User: oesteban  Machine: dna071  Platform: Linux  PlatformVersion: 5.14.0-427.37.1.el9_4.x86_64  CompilerName: GCC  CompilerVersion: 8.4.0
ProgramName: mris_sphere  ProgramArguments: mris_sphere -all-info  ProgramVersion: 7.3.2  TimeStamp: 2026/03/09-11:50:42-GMT  BuildTime: Aug  4 2022 06:17:15  BuildStamp: freesurfer-linux-ubuntu22_x86_64-7.3.2-20220804-6354275  User: oesteban  Machine: dna071  Platform: Linux  PlatformVersion: 5.14.0-427.37.1.el9_4.x86_64  CompilerName: GCC  CompilerVersion: 8.4.0
ProgramName: mris_surface_stats  ProgramArguments: mris_surface_stats -all-info  ProgramVersion: 7.3.2  TimeStamp: 2026/03/09-11:50:42-GMT  BuildTime: Aug  4 2022 06:17:15  BuildStamp: freesurfer-linux-ubuntu22_x86_64-7.3.2-20220804-6354275  User: oesteban  Machine: dna071  Platform: Linux  PlatformVersion: 5.14.0-427.37.1.el9_4.x86_64  CompilerName: GCC  CompilerVersion: 8.4.0
ProgramName: mri_stats2seg  ProgramArguments: mri_stats2seg -all-info  ProgramVersion: 7.3.2  TimeStamp: 2026/03/09-11:50:42-GMT  BuildTime: Aug  4 2022 06:17:15  BuildStamp: freesurfer-linux-ubuntu22_x86_64-7.3.2-20220804-6354275  User: oesteban  Machine: dna071  Platform: Linux  PlatformVersion: 5.14.0-427.37.1.el9_4.x86_64  CompilerName: GCC  CompilerVersion: 8.4.0
ProgramName: mris_thickness  ProgramArguments: mris_thickness -all-info  ProgramVersion: 7.3.2  TimeStamp: 2026/03/09-11:50:42-GMT  BuildTime: Aug  4 2022 06:17:15  BuildStamp: freesurfer-linux-ubuntu22_x86_64-7.3.2-20220804-6354275  User: oesteban  Machine: dna071  Platform: Linux  PlatformVersion: 5.14.0-427.37.1.el9_4.x86_64  CompilerName: GCC  CompilerVersion: 8.4.0
ProgramName: mris_thickness_diff  ProgramArguments: mris_thickness_diff -all-info  ProgramVersion: 7.3.2  TimeStamp: 2026/03/09-11:50:42-GMT  BuildTime: Aug  4 2022 06:17:15  BuildStamp: freesurfer-linux-ubuntu22_x86_64-7.3.2-20220804-6354275  User: oesteban  Machine: dna071  Platform: Linux  PlatformVersion: 5.14.0-427.37.1.el9_4.x86_64  CompilerName: GCC  CompilerVersion: 8.4.0
ProgramName: mris_topo_fixer  ProgramArguments: mris_topo_fixer -all-info  ProgramVersion: 7.3.2  TimeStamp: 2026/03/09-11:50:42-GMT  BuildTime: Aug  4 2022 06:17:15  BuildStamp: freesurfer-linux-ubuntu22_x86_64-7.3.2-20220804-6354275  User: oesteban  Machine: dna071  Platform: Linux  PlatformVersion: 5.14.0-427.37.1.el9_4.x86_64  CompilerName: GCC  CompilerVersion: 8.4.0
ProgramName: mri_surf2surf  ProgramArguments: mri_surf2surf -all-info  ProgramVersion: 7.3.2  TimeStamp: 2026/03/09-11:50:42-GMT  BuildTime: Aug  4 2022 06:17:15  BuildStamp: freesurfer-linux-ubuntu22_x86_64-7.3.2-20220804-6354275  User: oesteban  Machine: dna071  Platform: Linux  PlatformVersion: 5.14.0-427.37.1.el9_4.x86_64  CompilerName: GCC  CompilerVersion: 8.4.0
ProgramName: mri_surf2vol  ProgramArguments: mri_surf2vol -all-info  ProgramVersion: 7.3.2  TimeStamp: 2026/03/09-11:50:42-GMT  BuildTime: Aug  4 2022 06:17:15  BuildStamp: freesurfer-linux-ubuntu22_x86_64-7.3.2-20220804-6354275  User: oesteban  Machine: dna071  Platform: Linux  PlatformVersion: 5.14.0-427.37.1.el9_4.x86_64  CompilerName: GCC  CompilerVersion: 8.4.0
ProgramName: mri_surfcluster  ProgramArguments: mri_surfcluster -all-info  ProgramVersion: 7.3.2  TimeStamp: 2026/03/09-11:50:42-GMT  BuildTime: Aug  4 2022 06:17:15  BuildStamp: freesurfer-linux-ubuntu22_x86_64-7.3.2-20220804-6354275  User: oesteban  Machine: dna071  Platform: Linux  PlatformVersion: 5.14.0-427.37.1.el9_4.x86_64  CompilerName: GCC  CompilerVersion: 8.4.0
ProgramName: mris_volmask  ProgramArguments: mris_volmask -all-info  ProgramVersion: 7.3.2  TimeStamp: 2026/03/09-11:50:42-GMT  BuildTime: Aug  4 2022 06:17:15  BuildStamp: freesurfer-linux-ubuntu22_x86_64-7.3.2-20220804-6354275  User: oesteban  Machine: dna071  Platform: Linux  PlatformVersion: 5.14.0-427.37.1.el9_4.x86_64  CompilerName: GCC  CompilerVersion: 8.4.0
ProgramName: mri_tessellate  ProgramArguments: mri_tessellate -all-info  ProgramVersion: 7.3.2  TimeStamp: 2026/03/09-11:50:42-GMT  BuildTime: Aug  4 2022 06:17:15  BuildStamp: freesurfer-linux-ubuntu22_x86_64-7.3.2-20220804-6354275  User: oesteban  Machine: dna071  Platform: Linux  PlatformVersion: 5.14.0-427.37.1.el9_4.x86_64  CompilerName: GCC  CompilerVersion: 8.4.0
ProgramName: mri_vol2surf  ProgramArguments: mri_vol2surf -all-info  ProgramVersion: 7.3.2  TimeStamp: 2026/03/09-11:50:42-GMT  BuildTime: Aug  4 2022 06:17:15  BuildStamp: freesurfer-linux-ubuntu22_x86_64-7.3.2-20220804-6354275  User: oesteban  Machine: dna071  Platform: Linux  PlatformVersion: 5.14.0-427.37.1.el9_4.x86_64  CompilerName: GCC  CompilerVersion: 8.4.0
ProgramName: mri_vol2vol  ProgramArguments: mri_vol2vol -all-info  ProgramVersion: 7.3.2  TimeStamp: 2026/03/09-11:50:42-GMT  BuildTime: Aug  4 2022 06:17:15  BuildStamp: freesurfer-linux-ubuntu22_x86_64-7.3.2-20220804-6354275  User: oesteban  Machine: dna071  Platform: Linux  PlatformVersion: 5.14.0-427.37.1.el9_4.x86_64  CompilerName: GCC  CompilerVersion: 8.4.0
ProgramName: mri_voldiff  ProgramArguments: mri_voldiff -all-info  ProgramVersion: 7.3.2  TimeStamp: 2026/03/09-11:50:42-GMT  BuildTime: Aug  4 2022 06:17:15  BuildStamp: freesurfer-linux-ubuntu22_x86_64-7.3.2-20220804-6354275  User: oesteban  Machine: dna071  Platform: Linux  PlatformVersion: 5.14.0-427.37.1.el9_4.x86_64  CompilerName: GCC  CompilerVersion: 8.4.0
ProgramName: mri_watershed  ProgramArguments: mri_watershed -all-info  ProgramVersion: 7.3.2  TimeStamp: 2026/03/09-11:50:42-GMT  BuildTime: Aug  4 2022 06:17:15  BuildStamp: freesurfer-linux-ubuntu22_x86_64-7.3.2-20220804-6354275  User: oesteban  Machine: dna071  Platform: Linux  PlatformVersion: 5.14.0-427.37.1.el9_4.x86_64  CompilerName: GCC  CompilerVersion: 8.4.0
ProgramName: tkregister2  ProgramArguments: tkregister2_cmdl -all-info  ProgramVersion: 7.3.2  TimeStamp: 2026/03/09-11:50:42-GMT  BuildTime: Aug  4 2022 06:17:15  BuildStamp: freesurfer-linux-ubuntu22_x86_64-7.3.2-20220804-6354275  User: oesteban  Machine: dna071  Platform: Linux  PlatformVersion: 5.14.0-427.37.1.el9_4.x86_64  CompilerName: GCC  CompilerVersion: 8.4.0
mri_motion_correct.fsl 7.3.2
mri_convert -all-info 
ProgramName: mri_convert  ProgramArguments: mri_convert -all-info  ProgramVersion: 7.3.2  TimeStamp: 2026/03/09-11:50:42-GMT  BuildTime: Aug  4 2022 06:17:15  BuildStamp: freesurfer-linux-ubuntu22_x86_64-7.3.2-20220804-6354275  User: oesteban  Machine: dna071  Platform: Linux  PlatformVersion: 5.14.0-427.37.1.el9_4.x86_64  CompilerName: GCC  CompilerVersion: 8.4.0
Program nu_correct, built from:
Package MNI N3, version 1.12.0, compiled by nicks@terrier (x86_64-unknown-linux-gnu) on 2015-06-19 at 01:25:34
#######################################
GCADIR /opt/freesurfer/average
GCA RB_all_2020-01-02.gca
GCASkull RB_all_withskull_2020_01_02.gca
AvgCurvTif folding.atlas.acfb40.noaparc.i12.2016-08-02.tif
GCSDIR /opt/freesurfer/average
GCS DKaparc.atlas.acfb40.noaparc.i12.2016-08-02.gcs
#######################################
#--------------------------------------------
#@# Tessellate lh Mon Mar  9 12:50:42 CET 2026
/out/sourcedata/freesurfer/sub-v1s21x0050416_ses-1/scripts

 mri_pretess ../mri/filled.mgz 255 ../mri/norm.mgz ../mri/filled-pretess255.mgz 


Iteration Number : 1
pass   1 (xy+):   2 found -   2 modified     |    TOTAL:   2
pass   2 (xy+):   0 found -   2 modified     |    TOTAL:   2
pass   1 (xy-):   1 found -   1 modified     |    TOTAL:   3
pass   2 (xy-):   0 found -   1 modified     |    TOTAL:   3
pass   1 (yz+):   7 found -   7 modified     |    TOTAL:  10
pass   2 (yz+):   0 found -   7 modified     |    TOTAL:  10
pass   1 (yz-):   5 found -   5 modified     |    TOTAL:  15
pass   2 (yz-):   0 found -   5 modified     |    TOTAL:  15
pass   1 (xz+):   2 found -   2 modified     |    TOTAL:  17
pass   2 (xz+):   0 found -   2 modified     |    TOTAL:  17
pass   1 (xz-):   1 found -   1 modified     |    TOTAL:  18
pass   2 (xz-):   0 found -   1 modified     |    TOTAL:  18
Iteration Number : 1
pass   1 (+++):   0 found -   0 modified     |    TOTAL:   0
pass   1 (+++):   2 found -   2 modified     |    TOTAL:   2
pass   2 (+++):   0 found -   2 modified     |    TOTAL:   2
pass   1 (+++):   0 found -   0 modified     |    TOTAL:   2
pass   1 (+++):   0 found -   0 modified     |    TOTAL:   2
Iteration Number : 1
pass   1 (++):   0 found -   0 modified     |    TOTAL:   0
pass   1 (+-):   0 found -   0 modified     |    TOTAL:   0
pass   1 (--):   0 found -   0 modified     |    TOTAL:   0
pass   1 (-+):   0 found -   0 modified     |    TOTAL:   0
Iteration Number : 2
pass   1 (xy+):   0 found -   0 modified     |    TOTAL:   0
pass   1 (xy-):   0 found -   0 modified     |    TOTAL:   0
pass   1 (yz+):   0 found -   0 modified     |    TOTAL:   0
pass   1 (yz-):   0 found -   0 modified     |    TOTAL:   0
pass   1 (xz+):   0 found -   0 modified     |    TOTAL:   0
pass   1 (xz-):   0 found -   0 modified     |    TOTAL:   0
Iteration Number : 2
pass   1 (+++):   0 found -   0 modified     |    TOTAL:   0
pass   1 (+++):   0 found -   0 modified     |    TOTAL:   0
pass   1 (+++):   0 found -   0 modified     |    TOTAL:   0
pass   1 (+++):   0 found -   0 modified     |    TOTAL:   0
Iteration Number : 2
pass   1 (++):   0 found -   0 modified     |    TOTAL:   0
pass   1 (+-):   0 found -   0 modified     |    TOTAL:   0
pass   1 (--):   0 found -   0 modified     |    TOTAL:   0
pass   1 (-+):   0 found -   0 modified     |    TOTAL:   0

Total Number of Modified Voxels = 20 (out of 291471: 0.006862)
Ambiguous edge configurations... 

mri_pretess done


 mri_tessellate ../mri/filled-pretess255.mgz 255 ../surf/lh.orig.nofix 

7.3.2
  7.3.2
slice 30: 774 vertices, 883 faces
slice 40: 5968 vertices, 6199 faces
slice 50: 14350 vertices, 14661 faces
slice 60: 23859 vertices, 24201 faces
slice 70: 34096 vertices, 34503 faces
slice 80: 44965 vertices, 45351 faces
slice 90: 55783 vertices, 56192 faces
slice 100: 67480 vertices, 67910 faces
slice 110: 79385 vertices, 79803 faces
slice 120: 91745 vertices, 92244 faces
slice 130: 103028 vertices, 103418 faces
slice 140: 113503 vertices, 113925 faces
slice 150: 122434 vertices, 122749 faces
slice 160: 130624 vertices, 130970 faces
slice 170: 137655 vertices, 137968 faces
slice 180: 143925 vertices, 144233 faces
slice 190: 149684 vertices, 149908 faces
slice 200: 152148 vertices, 152218 faces
slice 210: 152148 vertices, 152218 faces
slice 220: 152148 vertices, 152218 faces
slice 230: 152148 vertices, 152218 faces
slice 240: 152148 vertices, 152218 faces
slice 250: 152148 vertices, 152218 faces
using the conformed surface RAS to save vertex points...
writing ../surf/lh.orig.nofix
using vox2ras matrix:
-1.00000   0.00000   0.00000   128.00000;
 0.00000   0.00000   1.00000  -128.00000;
 0.00000  -1.00000   0.00000   128.00000;
 0.00000   0.00000   0.00000   1.00000;

 rm -f ../mri/filled-pretess255.mgz 


 mris_extract_main_component ../surf/lh.orig.nofix ../surf/lh.orig.nofix 


counting number of connected components...
   152148 voxel in cpt #1: X=-70 [v=152148,e=456654,f=304436] located at (-29.344841, -20.714298, 20.869455)
For the whole surface: X=-70 [v=152148,e=456654,f=304436]
One single component has been found
nothing to do
done

#--------------------------------------------
#@# Smooth1 lh Mon Mar  9 12:50:45 CET 2026
/out/sourcedata/freesurfer/sub-v1s21x0050416_ses-1/scripts

 mris_smooth -nw -seed 1234 ../surf/lh.orig.nofix ../surf/lh.smoothwm.nofix 

setting seed for random number generator to 1234
smoothing surface tessellation for 10 iterations...
smoothing complete - recomputing first and second fundamental forms...
#--------------------------------------------
#@# Inflation1 lh Mon Mar  9 12:50:47 CET 2026
/out/sourcedata/freesurfer/sub-v1s21x0050416_ses-1/scripts

 mris_inflate -no-save-sulc ../surf/lh.smoothwm.nofix ../surf/lh.inflated.nofix 

Not saving sulc
Reading ../surf/lh.smoothwm.nofix
avg radius = 49.3 mm, total surface area = 82352 mm^2
step 000: RMS=0.153 (target=0.015)   step 005: RMS=0.118 (target=0.015)   step 010: RMS=0.092 (target=0.015)   step 015: RMS=0.079 (target=0.015)   step 020: RMS=0.069 (target=0.015)   step 025: RMS=0.061 (target=0.015)   step 030: RMS=0.056 (target=0.015)   step 035: RMS=0.053 (target=0.015)   step 040: RMS=0.050 (target=0.015)   step 045: RMS=0.048 (target=0.015)   step 050: RMS=0.046 (target=0.015)   step 055: RMS=0.045 (target=0.015)   step 060: RMS=0.045 (target=0.015)   writing inflated surface to ../surf/lh.inflated.nofix
inflation took 0.2 minutes

inflation complete.
Not saving sulc
mris_inflate utimesec    51.042487
mris_inflate stimesec    2.070518
mris_inflate ru_maxrss   241960
mris_inflate ru_ixrss    0
mris_inflate ru_idrss    0
mris_inflate ru_isrss    0
mris_inflate ru_minflt   579753
mris_inflate ru_majflt   33
mris_inflate ru_nswap    0
mris_inflate ru_inblock  1672
mris_inflate ru_oublock  10704
mris_inflate ru_msgsnd   0
mris_inflate ru_msgrcv   0
mris_inflate ru_nsignals 0
mris_inflate ru_nvcsw    8982
mris_inflate ru_nivcsw   383
#--------------------------------------------
#@# QSphere lh Mon Mar  9 12:51:01 CET 2026
/out/sourcedata/freesurfer/sub-v1s21x0050416_ses-1/scripts

 mris_sphere -q -p 6 -a 128 -seed 1234 ../surf/lh.inflated.nofix ../surf/lh.qsphere.nofix 

doing quick spherical unfolding.
limitting unfolding to 6 passes
using n_averages = 128
setting seed for random number genererator to 1234
version: 7.3.2
available threads: 16
scaling brain by 0.285...
inflating...
projecting onto sphere...
surface projected - minimizing metric distortion...
vertex spacing 0.92 +- 0.57 (0.00-->6.07) (max @ vno 86260 --> 86261)
face area 0.02 +- 0.03 (-0.06-->0.52)
Entering MRISinflateToSphere()
inflating to sphere (rms error < 2.00)
000: dt: 0.0000, rms radial error=177.227, avgs=0
005/300: dt: 0.9000, rms radial error=176.966, avgs=0
010/300: dt: 0.9000, rms radial error=176.407, avgs=0
015/300: dt: 0.9000, rms radial error=175.672, avgs=0
020/300: dt: 0.9000, rms radial error=174.834, avgs=0
025/300: dt: 0.9000, rms radial error=173.937, avgs=0
030/300: dt: 0.9000, rms radial error=173.008, avgs=0
035/300: dt: 0.9000, rms radial error=172.065, avgs=0
040/300: dt: 0.9000, rms radial error=171.115, avgs=0
045/300: dt: 0.9000, rms radial error=170.163, avgs=0
050/300: dt: 0.9000, rms radial error=169.212, avgs=0
055/300: dt: 0.9000, rms radial error=168.264, avgs=0
060/300: dt: 0.9000, rms radial error=167.319, avgs=0
065/300: dt: 0.9000, rms radial error=166.378, avgs=0
070/300: dt: 0.9000, rms radial error=165.442, avgs=0
075/300: dt: 0.9000, rms radial error=164.511, avgs=0
080/300: dt: 0.9000, rms radial error=163.586, avgs=0
085/300: dt: 0.9000, rms radial error=162.666, avgs=0
090/300: dt: 0.9000, rms radial error=161.751, avgs=0
095/300: dt: 0.9000, rms radial error=160.840, avgs=0
100/300: dt: 0.9000, rms radial error=159.935, avgs=0
105/300: dt: 0.9000, rms radial error=159.035, avgs=0
110/300: dt: 0.9000, rms radial error=158.141, avgs=0
115/300: dt: 0.9000, rms radial error=157.252, avgs=0
120/300: dt: 0.9000, rms radial error=156.367, avgs=0
125/300: dt: 0.9000, rms radial error=155.487, avgs=0
130/300: dt: 0.9000, rms radial error=154.612, avgs=0
135/300: dt: 0.9000, rms radial error=153.742, avgs=0
140/300: dt: 0.9000, rms radial error=152.876, avgs=0
145/300: dt: 0.9000, rms radial error=152.016, avgs=0
150/300: dt: 0.9000, rms radial error=151.160, avgs=0
155/300: dt: 0.9000, rms radial error=150.309, avgs=0
160/300: dt: 0.9000, rms radial error=149.462, avgs=0
165/300: dt: 0.9000, rms radial error=148.620, avgs=0
170/300: dt: 0.9000, rms radial error=147.783, avgs=0
175/300: dt: 0.9000, rms radial error=146.951, avgs=0
180/300: dt: 0.9000, rms radial error=146.123, avgs=0
185/300: dt: 0.9000, rms radial error=145.299, avgs=0
190/300: dt: 0.9000, rms radial error=144.480, avgs=0
195/300: dt: 0.9000, rms radial error=143.666, avgs=0
200/300: dt: 0.9000, rms radial error=142.856, avgs=0
205/300: dt: 0.9000, rms radial error=142.051, avgs=0
210/300: dt: 0.9000, rms radial error=141.251, avgs=0
215/300: dt: 0.9000, rms radial error=140.454, avgs=0
220/300: dt: 0.9000, rms radial error=139.663, avgs=0
225/300: dt: 0.9000, rms radial error=138.875, avgs=0
230/300: dt: 0.9000, rms radial error=138.093, avgs=0
235/300: dt: 0.9000, rms radial error=137.314, avgs=0
240/300: dt: 0.9000, rms radial error=136.540, avgs=0
245/300: dt: 0.9000, rms radial error=135.770, avgs=0
250/300: dt: 0.9000, rms radial error=135.005, avgs=0
255/300: dt: 0.9000, rms radial error=134.243, avgs=0
260/300: dt: 0.9000, rms radial error=133.487, avgs=0
265/300: dt: 0.9000, rms radial error=132.734, avgs=0
270/300: dt: 0.9000, rms radial error=131.985, avgs=0
275/300: dt: 0.9000, rms radial error=131.241, avgs=0
280/300: dt: 0.9000, rms radial error=130.501, avgs=0
285/300: dt: 0.9000, rms radial error=129.765, avgs=0
290/300: dt: 0.9000, rms radial error=129.034, avgs=0
295/300: dt: 0.9000, rms radial error=128.306, avgs=0
300/300: dt: 0.9000, rms radial error=127.583, avgs=0

spherical inflation complete.
epoch 1 (K=10.0), pass 1, starting sse = 18234.03
taking momentum steps...
taking momentum steps...
taking momentum steps...
taking momentum steps...
pass 1 complete, delta sse/iter = 0.00/13 = 0.00031
epoch 2 (K=40.0), pass 1, starting sse = 3167.51
taking momentum steps...
taking momentum steps...
taking momentum steps...
taking momentum steps...
pass 1 complete, delta sse/iter = 0.00/13 = 0.00005
epoch 3 (K=160.0), pass 1, starting sse = 367.65
taking momentum steps...
taking momentum steps...
taking momentum steps...
taking momentum steps...
pass 1 complete, delta sse/iter = 0.15/17 = 0.00905
epoch 4 (K=640.0), pass 1, starting sse = 22.63
taking momentum steps...
taking momentum steps...
taking momentum steps...
taking momentum steps...
pass 1 complete, delta sse/iter = 0.19/24 = 0.00787
final distance error %100000.00
writing spherical brain to ../surf/lh.qsphere.nofix
spherical transformation took 0.0159 hours
FSRUNTIME@ mris_sphere  0.0159 hours 16 threads
#VMPC# mris_sphere VmPeak  1577588
mris_sphere done
#@# Fix Topology lh Mon Mar  9 12:51:58 CET 2026

 mris_fix_topology -mgz -sphere qsphere.nofix -inflated inflated.nofix -orig orig.nofix -out orig.premesh -ga -seed 1234 sub-v1s21x0050416_ses-1 lh 

reading spherical homeomorphism from 'qsphere.nofix'
reading inflated coordinates from 'inflated.nofix'
reading original coordinates from 'orig.nofix'
using genetic algorithm with optimized parameters
setting seed for random number genererator to 1234

*************************************************************
Topology Correction Parameters
retessellation mode:           genetic search
number of patches/generation : 10
number of generations :        10
surface mri loglikelihood coefficient :         1.0
volume mri loglikelihood coefficient :          10.0
normal dot loglikelihood coefficient :          1.0
quadratic curvature loglikelihood coefficient : 1.0
volume resolution :                             2
eliminate vertices during search :              1
initial patch selection :                       1
select all defect vertices :                    0
ordering dependant retessellation:              0
use precomputed edge table :                    0
smooth retessellated patch :                    2
match retessellated patch :                     1
verbose mode :                                  0

*************************************************************
INFO: assuming .mgz format
writing corrected surface to 'orig.premesh'
7.3.2
  7.3.2
before topology correction, eno=-70 (nv=152148, nf=304436, ne=456654, g=36)
using quasi-homeomorphic spherical map to tessellate cortical surface...

Correction of the Topology
Finding true center and radius of Spherical Surface...done
Surface centered at (0,0,0) with radius 100.0 in 8 iterations
marking ambiguous vertices...
6958 ambiguous faces found in tessellation
segmenting defects...
48 defects found, arbitrating ambiguous regions...
analyzing neighboring defects...
      -merging segment 13 into 12
      -merging segment 12 into 14
      -merging segment 17 into 15
      -merging segment 25 into 22
      -merging segment 27 into 22
      -merging segment 23 into 24
42 defects to be corrected 
0 vertices coincident
reading input surface /out/sourcedata/freesurfer/sub-v1s21x0050416_ses-1/surf/lh.qsphere.nofix...
reading brain volume from brain...
reading wm segmentation from wm...
Reading original properties of orig.nofix
Reading vertex positions of inflated.nofix
Computing Initial Surface Statistics
      -face       loglikelihood: -9.5410  (-4.7705)
      -vertex     loglikelihood: -6.4596  (-3.2298)
      -normal dot loglikelihood: -3.5818  (-3.5818)
      -quad curv  loglikelihood: -6.3184  (-3.1592)
      Total Loglikelihood : -25.9009
CORRECTING DEFECT 0 (vertices=86, convex hull=138, v0=192)
After retessellation of defect 0 (v0=192), euler #=-45 (147980,442411,294386) : difference with theory (-39) = 6 
CORRECTING DEFECT 1 (vertices=102, convex hull=69, v0=987)
After retessellation of defect 1 (v0=987), euler #=-44 (148005,442515,294466) : difference with theory (-38) = 6 
CORRECTING DEFECT 2 (vertices=213, convex hull=207, v0=2733)
After retessellation of defect 2 (v0=2733), euler #=-43 (148097,442886,294746) : difference with theory (-37) = 6 
CORRECTING DEFECT 3 (vertices=39, convex hull=83, v0=3938)
After retessellation of defect 3 (v0=3938), euler #=-42 (148119,442987,294826) : difference with theory (-36) = 6 
CORRECTING DEFECT 4 (vertices=50, convex hull=70, v0=4709)
After retessellation of defect 4 (v0=4709), euler #=-41 (148130,443049,294878) : difference with theory (-35) = 6 
CORRECTING DEFECT 5 (vertices=75, convex hull=41, v0=10624)
After retessellation of defect 5 (v0=10624), euler #=-40 (148141,443095,294914) : difference with theory (-34) = 6 
CORRECTING DEFECT 6 (vertices=8, convex hull=28, v0=13030)
After retessellation of defect 6 (v0=13030), euler #=-39 (148143,443107,294925) : difference with theory (-33) = 6 
CORRECTING DEFECT 7 (vertices=15, convex hull=16, v0=17565)
After retessellation of defect 7 (v0=17565), euler #=-38 (148146,443121,294937) : difference with theory (-32) = 6 
CORRECTING DEFECT 8 (vertices=55, convex hull=88, v0=18899)
After retessellation of defect 8 (v0=18899), euler #=-37 (148167,443227,295023) : difference with theory (-31) = 6 
CORRECTING DEFECT 9 (vertices=45, convex hull=101, v0=20159)
After retessellation of defect 9 (v0=20159), euler #=-36 (148189,443333,295108) : difference with theory (-30) = 6 
CORRECTING DEFECT 10 (vertices=80, convex hull=122, v0=29784)
After retessellation of defect 10 (v0=29784), euler #=-35 (148223,443487,295229) : difference with theory (-29) = 6 
CORRECTING DEFECT 11 (vertices=25, convex hull=40, v0=29808)
After retessellation of defect 11 (v0=29808), euler #=-34 (148232,443530,295264) : difference with theory (-28) = 6 
CORRECTING DEFECT 12 (vertices=35, convex hull=50, v0=51874)
After retessellation of defect 12 (v0=51874), euler #=-31 (148239,443570,295300) : difference with theory (-27) = 4 
CORRECTING DEFECT 13 (vertices=104, convex hull=147, v0=54493)
After retessellation of defect 13 (v0=54493), euler #=-29 (148285,443783,295469) : difference with theory (-26) = 3 
CORRECTING DEFECT 14 (vertices=8, convex hull=30, v0=56608)
After retessellation of defect 14 (v0=56608), euler #=-28 (148288,443801,295485) : difference with theory (-25) = 3 
CORRECTING DEFECT 15 (vertices=168, convex hull=74, v0=61761)
After retessellation of defect 15 (v0=61761), euler #=-27 (148313,443906,295566) : difference with theory (-24) = 3 
CORRECTING DEFECT 16 (vertices=33, convex hull=25, v0=63657)
After retessellation of defect 16 (v0=63657), euler #=-26 (148317,443926,295583) : difference with theory (-23) = 3 
CORRECTING DEFECT 17 (vertices=79, convex hull=105, v0=65108)
After retessellation of defect 17 (v0=65108), euler #=-25 (148333,444023,295665) : difference with theory (-22) = 3 
CORRECTING DEFECT 18 (vertices=172, convex hull=127, v0=80655)
After retessellation of defect 18 (v0=80655), euler #=-24 (148347,444118,295747) : difference with theory (-21) = 3 
CORRECTING DEFECT 19 (vertices=348, convex hull=310, v0=86195)
After retessellation of defect 19 (v0=86195), euler #=-21 (148398,444435,296016) : difference with theory (-20) = 1 
CORRECTING DEFECT 20 (vertices=320, convex hull=168, v0=87662)
After retessellation of defect 20 (v0=87662), euler #=-19 (148457,444694,296218) : difference with theory (-19) = 0 
CORRECTING DEFECT 21 (vertices=30, convex hull=33, v0=91519)
After retessellation of defect 21 (v0=91519), euler #=-18 (148462,444719,296239) : difference with theory (-18) = 0 
CORRECTING DEFECT 22 (vertices=35, convex hull=60, v0=97319)
After retessellation of defect 22 (v0=97319), euler #=-17 (148482,444803,296304) : difference with theory (-17) = 0 
CORRECTING DEFECT 23 (vertices=18, convex hull=37, v0=100731)
After retessellation of defect 23 (v0=100731), euler #=-16 (148489,444838,296333) : difference with theory (-16) = 0 
CORRECTING DEFECT 24 (vertices=74, convex hull=98, v0=103571)
After retessellation of defect 24 (v0=103571), euler #=-15 (148517,444961,296429) : difference with theory (-15) = 0 
CORRECTING DEFECT 25 (vertices=294, convex hull=54, v0=103713)
After retessellation of defect 25 (v0=103713), euler #=-14 (148526,445009,296469) : difference with theory (-14) = 0 
CORRECTING DEFECT 26 (vertices=18, convex hull=49, v0=104608)
After retessellation of defect 26 (v0=104608), euler #=-13 (148539,445066,296514) : difference with theory (-13) = 0 
CORRECTING DEFECT 27 (vertices=227, convex hull=89, v0=106984)
After retessellation of defect 27 (v0=106984), euler #=-12 (148565,445191,296614) : difference with theory (-12) = 0 
CORRECTING DEFECT 28 (vertices=86, convex hull=58, v0=107750)
After retessellation of defect 28 (v0=107750), euler #=-11 (148582,445263,296670) : difference with theory (-11) = 0 
CORRECTING DEFECT 29 (vertices=33, convex hull=73, v0=108812)
After retessellation of defect 29 (v0=108812), euler #=-10 (148593,445326,296723) : difference with theory (-10) = 0 
CORRECTING DEFECT 30 (vertices=38, convex hull=79, v0=113409)
After retessellation of defect 30 (v0=113409), euler #=-9 (148617,445431,296805) : difference with theory (-9) = 0 
CORRECTING DEFECT 31 (vertices=54, convex hull=44, v0=116384)
After retessellation of defect 31 (v0=116384), euler #=-8 (148628,445481,296845) : difference with theory (-8) = 0 
CORRECTING DEFECT 32 (vertices=31, convex hull=60, v0=118100)
After retessellation of defect 32 (v0=118100), euler #=-7 (148649,445565,296909) : difference with theory (-7) = 0 
CORRECTING DEFECT 33 (vertices=383, convex hull=237, v0=121616)
After retessellation of defect 33 (v0=121616), euler #=-6 (148693,445817,297118) : difference with theory (-6) = 0 
CORRECTING DEFECT 34 (vertices=209, convex hull=70, v0=121667)
After retessellation of defect 34 (v0=121667), euler #=-5 (148722,445940,297213) : difference with theory (-5) = 0 
CORRECTING DEFECT 35 (vertices=197, convex hull=60, v0=126408)
After retessellation of defect 35 (v0=126408), euler #=-4 (148740,446019,297275) : difference with theory (-4) = 0 
CORRECTING DEFECT 36 (vertices=162, convex hull=109, v0=136184)
After retessellation of defect 36 (v0=136184), euler #=-3 (148765,446146,297378) : difference with theory (-3) = 0 
CORRECTING DEFECT 37 (vertices=78, convex hull=94, v0=140244)
After retessellation of defect 37 (v0=140244), euler #=-2 (148796,446281,297483) : difference with theory (-2) = 0 
CORRECTING DEFECT 38 (vertices=102, convex hull=96, v0=145957)
After retessellation of defect 38 (v0=145957), euler #=-1 (148833,446435,297601) : difference with theory (-1) = 0 
CORRECTING DEFECT 39 (vertices=24, convex hull=31, v0=147634)
After retessellation of defect 39 (v0=147634), euler #=0 (148840,446469,297629) : difference with theory (0) = 0 
CORRECTING DEFECT 40 (vertices=31, convex hull=41, v0=149979)
After retessellation of defect 40 (v0=149979), euler #=1 (148848,446506,297659) : difference with theory (1) = 0 
CORRECTING DEFECT 41 (vertices=31, convex hull=76, v0=150048)
After retessellation of defect 41 (v0=150048), euler #=2 (148859,446571,297714) : difference with theory (2) = 0 
computing original vertex metric properties...
storing new metric properties...
computing tessellation statistics...
vertex spacing 0.89 +- 0.24 (0.05-->10.62) (max @ vno 91853 --> 94172)
face area -nan +- -nan (1000.00-->-1.00)
performing soap bubble on retessellated vertices for 0 iterations...
vertex spacing 0.89 +- 0.24 (0.05-->10.62) (max @ vno 91853 --> 94172)
face area -nan +- -nan (1000.00-->-1.00)
tessellation finished, orienting corrected surface...
135 mutations (31.0%), 301 crossovers (69.0%), 336 vertices were eliminated
building final representation...
3289 vertices and 0 faces have been removed from triangulation
after topology correction, eno=2 (nv=148859, nf=297714, ne=446571, g=0)
writing corrected surface to /out/sourcedata/freesurfer/sub-v1s21x0050416_ses-1/surf/lh.orig.premesh...

0.000 % of the vertices (0 vertices) exhibit an orientation change
removing intersecting faces
000: 427 intersecting
001: 38 intersecting
002: 3 intersecting
003: 2 intersecting
terminating search with 0 intersecting
topology fixing took 2.3 minutes
FSRUNTIME@ mris_fix_topology lh  0.0382 hours 16 threads
#VMPC# mris_fix_topology VmPeak  1868096

 mris_euler_number ../surf/lh.orig.premesh 

euler # = v-e+f = 2g-2: 148859 - 446571 + 297714 = 2 --> 0 holes
      F =2V-4:          297714 = 297718-4 (0)
      2E=3F:            893142 = 893142 (0)

total defect index = 0
Mon Mar  9 12:54:16 CET 2026

setenv SUBJECTS_DIR /out/sourcedata/freesurfer
cd /out/sourcedata/freesurfer/sub-v1s21x0050416_ses-1/scripts
/opt/freesurfer/bin/defect2seg --s sub-v1s21x0050416_ses-1 --lh-only --cortex

freesurfer-linux-ubuntu22_x86_64-7.3.2-20220804-6354275
defect2seg 7.3.2
Linux dna071 5.14.0-427.37.1.el9_4.x86_64 #1 SMP PREEMPT_DYNAMIC Fri Sep 13 12:41:50 EDT 2024 x86_64 x86_64 x86_64 GNU/Linux
pid 3333887
mri_label2label --label-cortex /out/sourcedata/freesurfer/sub-v1s21x0050416_ses-1/surf/lh.orig.nofix /out/sourcedata/freesurfer/sub-v1s21x0050416_ses-1/mri/aseg.presurf.mgz 0 /out/sourcedata/freesurfer/sub-v1s21x0050416_ses-1/label/lh.nofix.cortex.label

 Generating cortex label... RemoveHipAmgy=0
 NucAccIsMedialWall=0
 mris->useRealRAS=0
7 non-cortical segments detected
only using segment with 8137 vertices
erasing segment 1 (vno[0] = 86552)
erasing segment 2 (vno[0] = 101685)
erasing segment 3 (vno[0] = 103674)
erasing segment 4 (vno[0] = 103781)
erasing segment 5 (vno[0] = 105685)
erasing segment 6 (vno[0] = 108607)
mri_label2vol --defects /out/sourcedata/freesurfer/sub-v1s21x0050416_ses-1/surf/lh.orig.nofix /out/sourcedata/freesurfer/sub-v1s21x0050416_ses-1/surf/lh.defect_labels /out/sourcedata/freesurfer/sub-v1s21x0050416_ses-1/mri/orig.mgz 1000 0 /out/sourcedata/freesurfer/sub-v1s21x0050416_ses-1/mri/lh.surface.defects.mgz /out/sourcedata/freesurfer/sub-v1s21x0050416_ses-1/label/lh.nofix.cortex.label
mri_label2vol supposed to be reproducible but seed not set
Contraining to label /out/sourcedata/freesurfer/sub-v1s21x0050416_ses-1/label/lh.nofix.cortex.label
Changing input type 0 to MRI_INT
Converting defects to volume: offset=1000, merge=0
Writing to /out/sourcedata/freesurfer/sub-v1s21x0050416_ses-1/mri/lh.surface.defects.mgz
mris_defects_pointset -s /out/sourcedata/freesurfer/sub-v1s21x0050416_ses-1/surf/lh.orig.nofix -d /out/sourcedata/freesurfer/sub-v1s21x0050416_ses-1/surf/lh.defect_labels -o /out/sourcedata/freesurfer/sub-v1s21x0050416_ses-1/surf/lh.defects.pointset --label /out/sourcedata/freesurfer/sub-v1s21x0050416_ses-1/label/lh.nofix.cortex.label
Reading in surface /out/sourcedata/freesurfer/sub-v1s21x0050416_ses-1/surf/lh.orig.nofix
Reading in defect segmentation /out/sourcedata/freesurfer/sub-v1s21x0050416_ses-1/surf/lh.defect_labels
Reading in label /out/sourcedata/freesurfer/sub-v1s21x0050416_ses-1/label/lh.nofix.cortex.label
#VMPC# mris_defects_pointset 1591304
mris_defects_pointset done
 
Started at Mon Mar 9 12:54:16 CET 2026 
Ended   at Mon Mar  9 12:54:28 CET 2026
Defect2seg-Run-Time-Sec 12
Defect2seg-Run-Time-Min 0.24
Defect2seg-Run-Time-Hours 0.00
 
tkmeditfv sub-v1s21x0050416_ses-1 brain.finalsurfs.mgz -defect
defect2seg Done

 mris_remesh --remesh --iters 3 --input /out/sourcedata/freesurfer/sub-v1s21x0050416_ses-1/surf/lh.orig.premesh --output /out/sourcedata/freesurfer/sub-v1s21x0050416_ses-1/surf/lh.orig 

iters = 3
standard remeshing without target
   adjusted l: 0.714684
remeshing to edge length 0.714684 with 3 iterations

avg qual before   : 0.890254  after: 0.971514

Removing intersections
removing intersecting faces
000: 2 intersecting
terminating search with 0 intersecting
Remeshed surface quality stats nv0 = 148859  nv = 155077  1.04177
Area    310150  0.30577  0.03388 0.039089   0.4874
Corner  930450 60.00000  8.74895 21.598140 133.8152
Edge    465225  0.84824  0.08238 0.178770   1.2622
Hinge   465225  9.56223 10.28028 0.000001 135.3813
mris_remesh done
/out/sourcedata/freesurfer/sub-v1s21x0050416_ses-1/scripts

 mris_remove_intersection ../surf/lh.orig ../surf/lh.orig 

intersection removal took 0.00 hours
writing corrected surface to ../surf/lh.orig

 rm -f ../surf/lh.inflated 

#--------------------------------------------
#@# AutoDetGWStats lh Mon Mar  9 12:55:03 CET 2026
cd /out/sourcedata/freesurfer/sub-v1s21x0050416_ses-1/mri
mris_autodet_gwstats --o ../surf/autodet.gw.stats.lh.dat --i brain.finalsurfs.mgz --wm wm.mgz --surf ../surf/lh.orig.premesh
7.3.2

cd /out/sourcedata/freesurfer/sub-v1s21x0050416_ses-1/mri
setenv SUBJECTS_DIR /out/sourcedata/freesurfer
mris_autodet_gwstats --o ../surf/autodet.gw.stats.lh.dat --i brain.finalsurfs.mgz --wm wm.mgz --surf ../surf/lh.orig.premesh 

border white:    279875 voxels (1.67%)
border gray      321401 voxels (1.92%)
Reading in intensity volume brain.finalsurfs.mgz
Reading in wm volume wm.mgz
Reading in surf ../surf/lh.orig.premesh
Auto detecting stats
MRIclipBrightWM(): nthresh=22287, wmmin=5, clip=110 
Binarizing thresholding at 5
computing class statistics... low=30, hi=110.000000
CCS WM (96.0): 97.0 +- 8.4 [70.0 --> 110.0]
CCS GM (72.0) : 71.4 +- 10.6 [30.0 --> 110.0]
white_mean = 97.0374 +/- 8.36692, gray_mean = 71.3517 +/- 10.5792
using class modes intead of means, discounting robust sigmas....
MRIScomputeClassModes(): min=0 max=235 nbins=236
intensity peaks found at WM=101+-7.0,    GM=66+-7.8
white_mode = 101, gray_mode = 66
std_scale = 1
Applying sanity checks, max_scale_down = 0.2
setting MIN_GRAY_AT_WHITE_BORDER to 55.4 (was 70.000000)
setting MAX_BORDER_WHITE to 109.4 (was 105.000000)
setting MIN_BORDER_WHITE to 66.0 (was 85.000000)
setting MAX_CSF to 44.8 (was 40.000000)
setting MAX_GRAY to 92.6 (was 95.000000)
setting MAX_GRAY_AT_CSF_BORDER to 55.4 (was 75.000000)
setting MIN_GRAY_AT_CSF_BORDER to 34.3 (was 40.000000)
When placing the white surface
  white_border_hi   = 109.367;
  white_border_low  = 66;
  white_outside_low = 55.4208;
  white_inside_hi   = 120;
  white_outside_hi  = 109.367;
When placing the pial surface
  pial_border_hi   = 55.4208;
  pial_border_low  = 34.2625;
  pial_outside_low = 10;
  pial_inside_hi   = 92.6331;
  pial_outside_hi  = 50.1313;
#VMPC# mris_autodet_gwstats VmPeak  1353388
mris_autodet_gwstats done
#--------------------------------------------
#@# WhitePreAparc lh Mon Mar  9 12:55:06 CET 2026
cd /out/sourcedata/freesurfer/sub-v1s21x0050416_ses-1/mri
mris_place_surface --adgws-in ../surf/autodet.gw.stats.lh.dat --wm wm.mgz --threads 16 --invol brain.finalsurfs.mgz --lh --i ../surf/lh.orig --o ../surf/lh.white.preaparc --white --seg aseg.presurf.mgz --nsmooth 5
7.3.2
7.3.2

cd /out/sourcedata/freesurfer/sub-v1s21x0050416_ses-1/mri
setenv SUBJECTS_DIR /out/sourcedata/freesurfer
mris_place_surface --adgws-in ../surf/autodet.gw.stats.lh.dat --wm wm.mgz --threads 16 --invol brain.finalsurfs.mgz --lh --i ../surf/lh.orig --o ../surf/lh.white.preaparc --white --seg aseg.presurf.mgz --nsmooth 5 

Reading in input surface ../surf/lh.orig
Smoothing surface before ripping with 5 iterations
Area    310150  0.27044  0.06437 0.004258   0.6232
Corner  930450 60.00000  9.46670 10.326063 131.3779
Edge    465225  0.79380  0.11607 0.048703   1.2919
Hinge   465225  6.39019  6.60784 0.000025 140.5479
Not reading in aparc
Reading in input volume brain.finalsurfs.mgz
Reading in wm volume wm.mgz
MRIclipBrightWM(): nthresh=22287, wmmin=5, clip=110 
MRIfindBrightNonWM(): 1897 bright non-wm voxels segmented.
Masking bright non-wm for white surface
MRImask(): AllowDiffGeom = 1
MRImask(): AllowDiffGeom = 1
Reading in seg volume aseg.presurf.mgz
Ripping frozen voxels
INFO: rip surface needed but not specified, so using input surface
Freezing midline and others
Entering: MRISripMidline(): inhibiting deformation at non-cortical midline structures...
  which=1, fix_mtl=0, using annot = 0
#FML0# MRISripMidline(): nripped=0
removing 3 vertices from ripped group in thread:0
removing 2 vertices from ripped group in thread:0
#FML# MRISripMidline(): nmarked=6930, nmarked2=136, nripped=6930
Ripping segs (eg, WMSA, BG, frozen)
Starting MRISripSegs() d = (-2 2 0.5) segnos: 247 
MRISripSegs(): -2 2 0.5 ripped 0
vertex 77539: xyz = (-3.78572,-8.33481,38.7898) oxyz = (-3.78572,-8.33481,38.7898) wxzy = (-3.78572,-8.33481,38.7898) pxyz = (0,0,0) 
CBVO Creating mask 155077
n_averages 4
Iteration 0 =========================================
n_averages=4, current_sigma=2
Freezing midline and others
Ripping frozen voxels
INFO: rip surface needed but not specified, so using input surface
Freezing midline and others
Entering: MRISripMidline(): inhibiting deformation at non-cortical midline structures...
  which=1, fix_mtl=0, using annot = 0
#FML0# MRISripMidline(): nripped=6930
removing 3 vertices from ripped group in thread:0
removing 2 vertices from ripped group in thread:0
#FML# MRISripMidline(): nmarked=6930, nmarked2=136, nripped=6930
Ripping segs (eg, WMSA, BG, frozen)
Starting MRISripSegs() d = (-2 2 0.5) segnos: 247 247 
MRISripSegs(): -2 2 0.5 ripped 0
Computing target border values 
Entering MRIScomputeBorderValues_new(): 
  inside_hi   = 120.0000000;
  border_hi   = 109.3669200;
  border_low  =  66.0000000;
  outside_low =  55.4208450;
  outside_hi  = 109.3669200;
  sigma = 2;
  max_thickness = 10;
  step_size=0.5;
  STEP_SIZE=0.1;
  which = 1
  thresh = 0
  flags = 0
  CBVfindFirstPeakD1=0
  CBVfindFirstPeakD2=0
  nvertices=155077
  Gdiag_no=-1
  vno start=0, stop=155077
Replacing 255s with 0s
#SI# sigma=2 had to be increased for 158 vertices, nripped=6930
mean border=79.1, 137 (137) missing vertices, mean dist 0.3 [0.5 (%34.9)->0.8 (%65.1))]
%72 local maxima, %24 large gradients and % 0 min vals, 0 gradients ignored
nFirstPeakD1 0
MRIScomputeBorderValues_new() finished in 0.0119 min


Finding expansion regions
mean absolute distance = 0.70 +- 0.87
5788 vertices more than 2 sigmas from mean.
Averaging target values for 5 iterations...
Positioning Surface: tspring = 0.3, nspring = 0.3, spring = 0, niters = 100 l_repulse = 5, l_surf_repulse = 0, checktol = 0
Positioning pial surface
Entering MRISpositionSurface()
  max_mm = 0.3
  MAX_REDUCTIONS = 2, REDUCTION_PCT = 0.5
  parms->check_tol = 0, niterations = 100
tol=1.0e-04, sigma=2.0, host=dna07, nav=4, nbrs=2, l_repulse=5.000, l_tspring=0.300, l_nspring=0.300, l_intensity=0.200, l_curv=1.000
mom=0.00, dt=0.50
complete_dist_mat 0
rms 0
smooth_averages 0
remove_neg 0
ico_order 0
which_surface 0
target_radius 0.000000
nfields 0
scale 0.000000
desired_rms_height 0.000000
momentum 0.000000
nbhd_size 0
max_nbrs 0
niterations 100
nsurfaces 0
SURFACES 3
flags 0 (0)
use curv 0
no sulc 0
no rigid align 0
mris->nsize 2
mris->hemisphere 0
randomSeed 0

000: dt: 0.0000, sse=3462423.8, rms=10.541
001: dt: 0.5000, sse=1921203.6, rms=7.695 (26.994%)
002: dt: 0.5000, sse=1229055.4, rms=5.990 (22.160%)
003: dt: 0.5000, sse=884881.4, rms=4.923 (17.813%)
004: dt: 0.5000, sse=703485.8, rms=4.250 (13.681%)
005: dt: 0.5000, sse=604153.4, rms=3.824 (10.004%)
006: dt: 0.5000, sse=548294.2, rms=3.564 (6.821%)
007: dt: 0.5000, sse=518776.8, rms=3.410 (4.319%)
008: dt: 0.5000, sse=505447.0, rms=3.329 (2.367%)
009: dt: 0.5000, sse=495234.7, rms=3.269 (1.800%)
rms = 3.2339/3.2690, sse=489929.9/495234.7, time step reduction 1 of 3 to 0.250  0 0 1
010: dt: 0.5000, sse=489929.9, rms=3.234 (1.075%)
011: dt: 0.2500, sse=282586.7, rms=1.837 (43.187%)
012: dt: 0.2500, sse=254438.5, rms=1.545 (15.929%)
013: dt: 0.2500, sse=247218.1, rms=1.464 (5.238%)
014: dt: 0.2500, sse=244252.2, rms=1.409 (3.740%)
rms = 1.3865/1.4089, sse=242380.4/244252.2, time step reduction 2 of 3 to 0.125  0 0 1
015: dt: 0.2500, sse=242380.4, rms=1.386 (1.595%)
016: dt: 0.1250, sse=234608.8, rms=1.311 (5.467%)
rms = 1.2923/1.3107, sse=233931.8/234608.8, time step reduction 3 of 3 to 0.062  0 0 1
017: dt: 0.1250, sse=233931.8, rms=1.292 (1.398%)
  maximum number of reductions reached, breaking from loop
positioning took 1.5 minutes
Iteration 1 =========================================
n_averages=2, current_sigma=1
Freezing midline and others
Ripping frozen voxels
INFO: rip surface needed but not specified, so using input surface
Freezing midline and others
Entering: MRISripMidline(): inhibiting deformation at non-cortical midline structures...
  which=1, fix_mtl=0, using annot = 0
#FML0# MRISripMidline(): nripped=6930
removing 4 vertices from ripped group in thread:0
removing 4 vertices from ripped group in thread:0
removing 3 vertices from ripped group in thread:0
removing 4 vertices from ripped group in thread:0
removing 4 vertices from ripped group in thread:0
removing 3 vertices from ripped group in thread:0
removing 2 vertices from ripped group in thread:0
removing 3 vertices from ripped group in thread:0
#FML# MRISripMidline(): nmarked=7238, nmarked2=145, nripped=7238
Ripping segs (eg, WMSA, BG, frozen)
Starting MRISripSegs() d = (-2 2 0.5) segnos: 247 247 247 
MRISripSegs(): -2 2 0.5 ripped 0
Computing target border values 
Entering MRIScomputeBorderValues_new(): 
  inside_hi   = 120.0000000;
  border_hi   = 109.3669200;
  border_low  =  66.0000000;
  outside_low =  55.4208450;
  outside_hi  = 109.3669200;
  sigma = 1;
  max_thickness = 10;
  step_size=0.5;
  STEP_SIZE=0.1;
  which = 1
  thresh = 0
  flags = 0
  CBVfindFirstPeakD1=0
  CBVfindFirstPeakD2=0
  nvertices=155077
  Gdiag_no=-1
  vno start=0, stop=155077
Replacing 255s with 0s
#SI# sigma=1 had to be increased for 165 vertices, nripped=7238
mean border=81.7, 124 (19) missing vertices, mean dist -0.2 [0.4 (%69.9)->0.3 (%30.1))]
%78 local maxima, %17 large gradients and % 0 min vals, 0 gradients ignored
nFirstPeakD1 0
MRIScomputeBorderValues_new() finished in 0.0086 min


Finding expansion regions
mean absolute distance = 0.36 +- 0.65
4308 vertices more than 2 sigmas from mean.
Averaging target values for 5 iterations...
Positioning Surface: tspring = 0.3, nspring = 0.3, spring = 0, niters = 100 l_repulse = 5, l_surf_repulse = 0, checktol = 0
Positioning pial surface
Entering MRISpositionSurface()
  max_mm = 0.3
  MAX_REDUCTIONS = 2, REDUCTION_PCT = 0.5
  parms->check_tol = 0, niterations = 100
tol=1.0e-04, sigma=1.0, host=dna07, nav=2, nbrs=2, l_repulse=5.000, l_tspring=0.300, l_nspring=0.300, l_intensity=0.200, l_curv=1.000
mom=0.00, dt=0.50
000: dt: 0.0000, sse=824056.8, rms=4.441
018: dt: 0.5000, sse=507329.4, rms=2.986 (32.765%)
019: dt: 0.5000, sse=498020.0, rms=2.920 (2.213%)
rms = 2.9031/2.9198, sse=499954.0/498020.0, time step reduction 1 of 3 to 0.250  0 1 1
020: dt: 0.5000, sse=499954.0, rms=2.903 (0.573%)
021: dt: 0.2500, sse=330388.4, rms=1.591 (45.186%)
022: dt: 0.2500, sse=299520.2, rms=1.300 (18.319%)
023: dt: 0.2500, sse=294612.8, rms=1.229 (5.417%)
rms = 1.1799/1.2294, sse=289615.0/294612.8, time step reduction 2 of 3 to 0.125  0 0 1
024: dt: 0.2500, sse=289615.0, rms=1.180 (4.022%)
025: dt: 0.1250, sse=285411.1, rms=1.114 (5.560%)
rms = 1.0999/1.1143, sse=281684.7/285411.1, time step reduction 3 of 3 to 0.062  0 0 1
026: dt: 0.1250, sse=281684.7, rms=1.100 (1.297%)
  maximum number of reductions reached, breaking from loop
positioning took 0.8 minutes
Iteration 2 =========================================
n_averages=1, current_sigma=0.5
Freezing midline and others
Ripping frozen voxels
INFO: rip surface needed but not specified, so using input surface
Freezing midline and others
Entering: MRISripMidline(): inhibiting deformation at non-cortical midline structures...
  which=1, fix_mtl=0, using annot = 0
#FML0# MRISripMidline(): nripped=7238
removing 4 vertices from ripped group in thread:0
removing 3 vertices from ripped group in thread:0
removing 2 vertices from ripped group in thread:0
removing 3 vertices from ripped group in thread:0
removing 4 vertices from ripped group in thread:0
removing 3 vertices from ripped group in thread:0
removing 2 vertices from ripped group in thread:0
removing 3 vertices from ripped group in thread:0
#FML# MRISripMidline(): nmarked=7367, nmarked2=146, nripped=7367
Ripping segs (eg, WMSA, BG, frozen)
Starting MRISripSegs() d = (-2 2 0.5) segnos: 247 247 247 247 
MRISripSegs(): -2 2 0.5 ripped 0
Computing target border values 
Entering MRIScomputeBorderValues_new(): 
  inside_hi   = 120.0000000;
  border_hi   = 109.3669200;
  border_low  =  66.0000000;
  outside_low =  55.4208450;
  outside_hi  = 109.3669200;
  sigma = 0.5;
  max_thickness = 10;
  step_size=0.5;
  STEP_SIZE=0.1;
  which = 1
  thresh = 0
  flags = 0
  CBVfindFirstPeakD1=0
  CBVfindFirstPeakD2=0
  nvertices=155077
  Gdiag_no=-1
  vno start=0, stop=155077
Replacing 255s with 0s
#SI# sigma=0.5 had to be increased for 226 vertices, nripped=7367
mean border=83.4, 139 (15) missing vertices, mean dist -0.1 [0.3 (%64.6)->0.2 (%35.4))]
%84 local maxima, %11 large gradients and % 0 min vals, 0 gradients ignored
nFirstPeakD1 0
MRIScomputeBorderValues_new() finished in 0.0050 min


Finding expansion regions
mean absolute distance = 0.28 +- 0.48
4853 vertices more than 2 sigmas from mean.
Averaging target values for 5 iterations...
Positioning Surface: tspring = 0.3, nspring = 0.3, spring = 0, niters = 100 l_repulse = 5, l_surf_repulse = 0, checktol = 0
Positioning pial surface
Entering MRISpositionSurface()
  max_mm = 0.3
  MAX_REDUCTIONS = 2, REDUCTION_PCT = 0.5
  parms->check_tol = 0, niterations = 100
tol=1.0e-04, sigma=0.5, host=dna07, nav=1, nbrs=2, l_repulse=5.000, l_tspring=0.300, l_nspring=0.300, l_intensity=0.200, l_curv=1.000
mom=0.00, dt=0.50
000: dt: 0.0000, sse=473352.7, rms=2.795
027: dt: 0.5000, sse=423433.1, rms=2.461 (11.954%)
rms = 2.5975/2.4611, sse=441414.8/423433.1, time step reduction 1 of 3 to 0.250  0 1 1
   RMS increased, rejecting step
028: dt: 0.2500, sse=326075.5, rms=1.670 (32.138%)
029: dt: 0.2500, sse=290284.7, rms=1.270 (23.984%)
030: dt: 0.2500, sse=284788.7, rms=1.144 (9.855%)
rms = 1.1107/1.1445, sse=282366.2/284788.7, time step reduction 2 of 3 to 0.125  0 0 1
031: dt: 0.2500, sse=282366.2, rms=1.111 (2.953%)
032: dt: 0.1250, sse=276662.6, rms=1.030 (7.278%)
rms = 1.0150/1.0298, sse=273398.7/276662.6, time step reduction 3 of 3 to 0.062  0 0 1
033: dt: 0.1250, sse=273398.8, rms=1.015 (1.439%)
  maximum number of reductions reached, breaking from loop
positioning took 0.7 minutes
Iteration 3 =========================================
n_averages=0, current_sigma=0.25
Freezing midline and others
Ripping frozen voxels
INFO: rip surface needed but not specified, so using input surface
Freezing midline and others
Entering: MRISripMidline(): inhibiting deformation at non-cortical midline structures...
  which=1, fix_mtl=0, using annot = 0
#FML0# MRISripMidline(): nripped=7367
removing 4 vertices from ripped group in thread:0
removing 3 vertices from ripped group in thread:0
removing 2 vertices from ripped group in thread:0
removing 4 vertices from ripped group in thread:0
removing 2 vertices from ripped group in thread:0
removing 4 vertices from ripped group in thread:0
#FML# MRISripMidline(): nmarked=7394, nmarked2=145, nripped=7394
Ripping segs (eg, WMSA, BG, frozen)
Starting MRISripSegs() d = (-2 2 0.5) segnos: 247 247 247 247 247 
MRISripSegs(): -2 2 0.5 ripped 0
Computing target border values 
Entering MRIScomputeBorderValues_new(): 
  inside_hi   = 120.0000000;
  border_hi   = 109.3669200;
  border_low  =  66.0000000;
  outside_low =  55.4208450;
  outside_hi  = 109.3669200;
  sigma = 0.25;
  max_thickness = 10;
  step_size=0.5;
  STEP_SIZE=0.1;
  which = 1
  thresh = 0
  flags = 0
  CBVfindFirstPeakD1=0
  CBVfindFirstPeakD2=0
  nvertices=155077
  Gdiag_no=-1
  vno start=0, stop=155077
Replacing 255s with 0s
#SI# sigma=0.25 had to be increased for 194 vertices, nripped=7394
mean border=84.0, 161 (12) missing vertices, mean dist -0.0 [0.3 (%54.5)->0.2 (%45.5))]
%86 local maxima, % 9 large gradients and % 0 min vals, 0 gradients ignored
nFirstPeakD1 0
MRIScomputeBorderValues_new() finished in 0.0033 min


Finding expansion regions
mean absolute distance = 0.26 +- 0.41
3974 vertices more than 2 sigmas from mean.
Averaging target values for 5 iterations...
Positioning Surface: tspring = 0.3, nspring = 0.3, spring = 0, niters = 100 l_repulse = 5, l_surf_repulse = 0, checktol = 0
Positioning pial surface
Entering MRISpositionSurface()
  max_mm = 0.3
  MAX_REDUCTIONS = 2, REDUCTION_PCT = 0.5
  parms->check_tol = 0, niterations = 100
tol=1.0e-04, sigma=0.2, host=dna07, nav=0, nbrs=2, l_repulse=5.000, l_tspring=0.300, l_nspring=0.300, l_intensity=0.200, l_curv=1.000
mom=0.00, dt=0.50
000: dt: 0.0000, sse=310304.7, rms=1.539
rms = 1.5873/1.5389, sse=326846.6/310304.7, time step reduction 1 of 3 to 0.250  0 1 1
   RMS increased, rejecting step
034: dt: 0.2500, sse=278218.5, rms=1.121 (27.180%)
035: dt: 0.2500, sse=261919.3, rms=0.861 (23.167%)
rms = 0.8656/0.8610, sse=259138.5/261919.3, time step reduction 2 of 3 to 0.125  0 0 1
   RMS increased, rejecting step
rms = 0.8401/0.8610, sse=258902.0/261919.3, time step reduction 3 of 3 to 0.062  0 0 1
036: dt: 0.1250, sse=258902.0, rms=0.840 (2.426%)
  maximum number of reductions reached, breaking from loop
positioning took 0.4 minutes


Writing output to ../surf/lh.white.preaparc
#ET# mris_place_surface  3.48 minutes
#VMPC# mris_place_surfaces VmPeak  3389060
mris_place_surface done
#--------------------------------------------
#@# CortexLabel lh Mon Mar  9 12:58:39 CET 2026
cd /out/sourcedata/freesurfer/sub-v1s21x0050416_ses-1/mri
mri_label2label --label-cortex ../surf/lh.white.preaparc aseg.presurf.mgz 0 ../label/lh.cortex.label

 Generating cortex label... RemoveHipAmgy=0
 NucAccIsMedialWall=0
 mris->useRealRAS=0
4 non-cortical segments detected
only using segment with 8727 vertices
erasing segment 0 (vno[0] = 28055)
erasing segment 2 (vno[0] = 51792)
erasing segment 3 (vno[0] = 93704)
#--------------------------------------------
#@# CortexLabel+HipAmyg lh Mon Mar  9 12:58:50 CET 2026
cd /out/sourcedata/freesurfer/sub-v1s21x0050416_ses-1/mri
mri_label2label --label-cortex ../surf/lh.white.preaparc aseg.presurf.mgz 1 ../label/lh.cortex+hipamyg.label

 Generating cortex label... RemoveHipAmgy=1
 NucAccIsMedialWall=0
 mris->useRealRAS=0
9 non-cortical segments detected
only using segment with 6418 vertices
erasing segment 0 (vno[0] = 28055)
erasing segment 2 (vno[0] = 50825)
erasing segment 3 (vno[0] = 51792)
erasing segment 4 (vno[0] = 54786)
erasing segment 5 (vno[0] = 62163)
erasing segment 6 (vno[0] = 87036)
erasing segment 7 (vno[0] = 93704)
erasing segment 8 (vno[0] = 139761)
#--------------------------------------------
#@# Smooth2 lh Mon Mar  9 12:59:01 CET 2026
/out/sourcedata/freesurfer/sub-v1s21x0050416_ses-1/scripts

 mris_smooth -n 3 -nw -seed 1234 ../surf/lh.white.preaparc ../surf/lh.smoothwm 

smoothing for 3 iterations
setting seed for random number generator to 1234
smoothing surface tessellation for 3 iterations...
smoothing complete - recomputing first and second fundamental forms...
#--------------------------------------------
#@# Inflation2 lh Mon Mar  9 12:59:03 CET 2026
/out/sourcedata/freesurfer/sub-v1s21x0050416_ses-1/scripts

 mris_inflate ../surf/lh.smoothwm ../surf/lh.inflated 

Reading ../surf/lh.smoothwm
avg radius = 49.3 mm, total surface area = 97590 mm^2
step 000: RMS=0.171 (target=0.015)   step 005: RMS=0.116 (target=0.015)   step 010: RMS=0.089 (target=0.015)   step 015: RMS=0.075 (target=0.015)   step 020: RMS=0.062 (target=0.015)   step 025: RMS=0.051 (target=0.015)   step 030: RMS=0.043 (target=0.015)   step 035: RMS=0.036 (target=0.015)   step 040: RMS=0.030 (target=0.015)   step 045: RMS=0.026 (target=0.015)   step 050: RMS=0.024 (target=0.015)   step 055: RMS=0.022 (target=0.015)   step 060: RMS=0.020 (target=0.015)   writing inflated surface to ../surf/lh.inflated
writing sulcal depths to ../surf/lh.sulc

inflation complete.
inflation took 0.3 minutes
mris_inflate utimesec    57.390421
mris_inflate stimesec    0.813381
mris_inflate ru_maxrss   236072
mris_inflate ru_ixrss    0
mris_inflate ru_idrss    0
mris_inflate ru_isrss    0
mris_inflate ru_minflt   194543
mris_inflate ru_majflt   9
mris_inflate ru_nswap    0
mris_inflate ru_inblock  130
mris_inflate ru_oublock  12128
mris_inflate ru_msgsnd   0
mris_inflate ru_msgrcv   0
mris_inflate ru_nsignals 0
mris_inflate ru_nvcsw    8346
mris_inflate ru_nivcsw   206
#--------------------------------------------
#@# Curv .H and .K lh Mon Mar  9 12:59:18 CET 2026
/out/sourcedata/freesurfer/sub-v1s21x0050416_ses-1/surf

 mris_curvature -w -seed 1234 lh.white.preaparc 

setting seed for random number generator to 1234
total integrated curvature = 19.274*4pi (242.202) --> -18 handles
ICI = 175.2, FI = 1627.1, variation=26080.963
writing Gaussian curvature to ./lh.white.preaparc.K...done.
writing mean curvature to ./lh.white.preaparc.H...done.
rm -f lh.white.H
ln -s lh.white.preaparc.H lh.white.H
rm -f lh.white.K
ln -s lh.white.preaparc.K lh.white.K

 mris_curvature -seed 1234 -thresh .999 -n -a 5 -w -distances 10 10 lh.inflated 

setting seed for random number generator to 1234
normalizing curvature values.
averaging curvature patterns 5 times.
sampling 10 neighbors out to a distance of 10 mm
219 vertices thresholded to be in k1 ~ [-0.43 0.35], k2 ~ [-0.15 0.08]
total integrated curvature = 0.369*4pi (4.632) --> 1 handles
ICI = 1.6, FI = 11.1, variation=186.997
163 vertices thresholded to be in [-0.01 0.03]
writing Gaussian curvature to ./lh.inflated.K...thresholding curvature at 99.90% level
curvature mean = 0.000, std = 0.001
164 vertices thresholded to be in [-0.22 0.18]
done.
writing mean curvature to ./lh.inflated.H...curvature mean = -0.016, std = 0.025
done.
#--------------------------------------------
#@# Sphere lh Mon Mar  9 13:00:00 CET 2026
/out/sourcedata/freesurfer/sub-v1s21x0050416_ses-1/scripts

 mris_sphere -seed 1234 ../surf/lh.inflated ../surf/lh.sphere 

setting seed for random number genererator to 1234
version: 7.3.2
available threads: 16
reading original vertex positions...
projecting onto sphere...
surface projected - minimizing metric distortion...
scaling brain by 0.261...
MRISunfold() max_passes = 1 -------
tol=5.0e-01, sigma=0.0, host=dna07, nav=1024, nbrs=2, l_area=1.000, l_dist=1.000
using quadratic fit line minimization
complete_dist_mat 0
rms 0
smooth_averages 0
remove_neg 0
ico_order 0
which_surface 0
target_radius 0.000000
nfields 0
scale 1.000000
desired_rms_height -1.000000
momentum 0.900000
nbhd_size 7
max_nbrs 8
niterations 25
nsurfaces 0
SURFACES 3
flags 0 (0)
use curv 0
no sulc 0
no rigid align 0
mris->nsize 2
mris->hemisphere 0
randomSeed 1234

singular matrix in quadratic form
singular matrix in quadratic form
singular matrix in quadratic form
singular matrix in quadratic form
--------------------
  mrisRemoveNegativeArea()
pass 1: epoch 1 of 3 starting distance error %21.45
pass 1: epoch 2 of 3 starting distance error %21.40
unfolding complete - removing small folds...
starting distance error %21.29
removing remaining folds...
final distance error %21.33
MRISunfold() return, current seed 1234
-01: dt=0.0000,   8 negative triangles  VmPeak 1628424
177: dt=0.9900,   8 negative triangles
178: dt=0.9900,   4 negative triangles
writing spherical brain to ../surf/lh.sphere
spherical transformation took 0.0637 hours
FSRUNTIME@ mris_sphere  0.0637 hours 16 threads
#VMPC# mris_sphere VmPeak  1628424
mris_sphere done
#--------------------------------------------
#@# Surf Reg lh Mon Mar  9 13:03:49 CET 2026
/out/sourcedata/freesurfer/sub-v1s21x0050416_ses-1/scripts

 mris_register -curv ../surf/lh.sphere /opt/freesurfer/average/lh.folding.atlas.acfb40.noaparc.i12.2016-08-02.tif ../surf/lh.sphere.reg 

using smoothwm curvature for final alignment

cwd /out/sourcedata/freesurfer/sub-v1s21x0050416_ses-1/scripts
cmdline mris_register -curv ../surf/lh.sphere /opt/freesurfer/average/lh.folding.atlas.acfb40.noaparc.i12.2016-08-02.tif ../surf/lh.sphere.reg 

0 inflated.H
1 sulc
2 smoothwm (computed)
7.3.2
  7.3.2
reading surface from ../surf/lh.sphere...
reading template parameterization from /opt/freesurfer/average/lh.folding.atlas.acfb40.noaparc.i12.2016-08-02.tif...
MRISregister() -------
max_passes = 4 
min_degrees = 0.500000 
max_degrees = 64.000000 
nangles = 8 
tol=5.0e-01, sigma=0.0, host=dna07, nav=1024, nbrs=1, l_extern=10000.000, l_parea=0.200, l_nlarea=1.000, l_corr=1.000, l_dist=5.000
using quadratic fit line minimization
complete_dist_mat 0
rms 0
smooth_averages 0
remove_neg 0
ico_order 0
which_surface 0
target_radius 0.000000
nfields 0
scale 0.000000
desired_rms_height -1.000000
momentum 0.950000
nbhd_size -10
max_nbrs 10
niterations 25
nsurfaces 0
SURFACES 3
flags 16 (10)
use curv 16
no sulc 0
no rigid align 0
mris->nsize 1
mris->hemisphere 0
randomSeed 0

tol=5.0e-01, sigma=0.0, host=dna07, nav=1024, nbrs=1, l_extern=10000.000, l_parea=0.200, l_nlarea=1.000, l_corr=1.000, l_dist=5.000
using quadratic fit line minimization
--------------------
1 Reading lh.sulc
tol=1.0e+00, sigma=0.5, host=dna07, nav=1024, nbrs=1, l_extern=10000.000, l_parea=0.200, l_nlarea=1.000, l_corr=0.050, l_spring=0.500, l_dist=5.000
using quadratic fit line minimization
curvature mean = 0.000, std = 5.760
curvature mean = 0.035, std = 0.819
curvature mean = 0.004, std = 0.852
Starting MRISrigidBodyAlignGlobal()
Starting new MRISrigidBodyAlignGlobal_findMinSSE()
  new MRISrigidBodyAlignGlobal_findMinSSE min @ (4.50, -2.00, 7.50) sse = 282456.5, elapsed since starting=0.0792 min
MRISrigidBodyAlignGlobal() done   0.08 min
curvature mean = 0.016, std = 0.825
curvature mean = 0.001, std = 0.944
curvature mean = 0.013, std = 0.834
curvature mean = 0.001, std = 0.977
curvature mean = 0.011, std = 0.835
curvature mean = 0.000, std = 0.991
2 Reading smoothwm
curvature mean = -0.019, std = 0.261
curvature mean = 0.046, std = 0.245
curvature mean = 0.043, std = 0.365
curvature mean = 0.040, std = 0.304
curvature mean = 0.033, std = 0.553
curvature mean = 0.039, std = 0.330
curvature mean = 0.019, std = 0.697
curvature mean = 0.039, std = 0.342
curvature mean = 0.006, std = 0.808
MRISregister() return, current seed 0
-01: dt=0.0000,  12 negative triangles  VmPeak 1624648
115: dt=0.9900,  12 negative triangles
writing registered surface to ../surf/lh.sphere.reg...
registration took 0.07 hours
#VMPC# mris_register VmPeak  1624648
FSRUNTIME@ mris_register  0.0710 hours 16 threads

 ln -sf lh.sphere.reg lh.fsaverage.sphere.reg 

#--------------------------------------------
#@# Jacobian white lh Mon Mar  9 13:08:05 CET 2026
/out/sourcedata/freesurfer/sub-v1s21x0050416_ses-1/scripts

 mris_jacobian ../surf/lh.white.preaparc ../surf/lh.sphere.reg ../surf/lh.jacobian_white 

reading surface from ../surf/lh.white.preaparc...
writing curvature file ../surf/lh.jacobian_white
#--------------------------------------------
#@# AvgCurv lh Mon Mar  9 13:08:06 CET 2026
/out/sourcedata/freesurfer/sub-v1s21x0050416_ses-1/scripts

 mrisp_paint -a 5 /opt/freesurfer/average/lh.folding.atlas.acfb40.noaparc.i12.2016-08-02.tif#6 ../surf/lh.sphere.reg ../surf/lh.avg_curv 

averaging curvature patterns 5 times...
reading surface from ../surf/lh.sphere.reg...
reading template parameterization from /opt/freesurfer/average/lh.folding.atlas.acfb40.noaparc.i12.2016-08-02.tif...
writing curvature file to ../surf/lh.avg_curv...
#-----------------------------------------
#@# Cortical Parc lh Mon Mar  9 13:08:06 CET 2026
/out/sourcedata/freesurfer/sub-v1s21x0050416_ses-1/scripts

 mris_ca_label -l ../label/lh.cortex.label -aseg ../mri/aseg.presurf.mgz -seed 1234 sub-v1s21x0050416_ses-1 lh ../surf/lh.sphere.reg /opt/freesurfer/average/lh.DKaparc.atlas.acfb40.noaparc.i12.2016-08-02.gcs ../label/lh.aparc.annot 

setting seed for random number generator to 1234
using ../mri/aseg.presurf.mgz aseg volume to correct midline
7.3.2
  7.3.2
reading atlas from /opt/freesurfer/average/lh.DKaparc.atlas.acfb40.noaparc.i12.2016-08-02.gcs...
reading color table from GCSA file....
average std = 0.8   using min determinant for regularization = 0.006
0 singular and 342 ill-conditioned covariance matrices regularized
input 0: MEAN CURVATURE, flags 0, avgs 5, name mean_curvature
labeling surface...
1392 labels changed using aseg
relabeling using gibbs priors...
000:   3671 changed, 155077 examined...
001:    848 changed, 15259 examined...
002:    193 changed, 4805 examined...
003:     58 changed, 1229 examined...
004:     18 changed, 378 examined...
005:      8 changed, 106 examined...
006:      8 changed, 50 examined...
007:      3 changed, 48 examined...
008:      1 changed, 18 examined...
009:      1 changed, 7 examined...
010:      1 changed, 7 examined...
011:      0 changed, 8 examined...
278 labels changed using aseg
000: 128 total segments, 85 labels (307 vertices) changed
001: 45 total segments, 2 labels (2 vertices) changed
002: 43 total segments, 0 labels (0 vertices) changed
10 filter iterations complete (10 requested, 5 changed)
rationalizing unknown annotations with cortex label
relabeling unknown label...
relabeling corpuscallosum label...
2038 vertices marked for relabeling...
2038 labels changed in reclassification.
writing output to ../label/lh.aparc.annot...
classification took 0 minutes and 8 seconds.
#--------------------------------------------
#@# WhiteSurfs lh Mon Mar  9 13:08:15 CET 2026
cd /out/sourcedata/freesurfer/sub-v1s21x0050416_ses-1/mri
mris_place_surface --adgws-in ../surf/autodet.gw.stats.lh.dat --seg aseg.presurf.mgz --threads 16 --wm wm.mgz --invol brain.finalsurfs.mgz --lh --i ../surf/lh.white.preaparc --o ../surf/lh.white --white --nsmooth 0 --rip-label ../label/lh.cortex.label --rip-bg --rip-surf ../surf/lh.white.preaparc --aparc ../label/lh.aparc.annot
7.3.2
7.3.2

cd /out/sourcedata/freesurfer/sub-v1s21x0050416_ses-1/mri
setenv SUBJECTS_DIR /out/sourcedata/freesurfer
mris_place_surface --adgws-in ../surf/autodet.gw.stats.lh.dat --seg aseg.presurf.mgz --threads 16 --wm wm.mgz --invol brain.finalsurfs.mgz --lh --i ../surf/lh.white.preaparc --o ../surf/lh.white --white --nsmooth 0 --rip-label ../label/lh.cortex.label --rip-bg --rip-surf ../surf/lh.white.preaparc --aparc ../label/lh.aparc.annot 

Reading in input surface ../surf/lh.white.preaparc
Not smoothing input surface
Area    310150  0.34660  0.13062 0.000104   2.3953
Corner  930450 60.00000 14.59858 0.362829 177.8117
Edge    465225  0.90742  0.21592 0.022349   4.0657
Hinge   465225 10.10167 11.72600 0.000007 179.8172
Reading in aparc ../label/lh.aparc.annot
Reading in input volume brain.finalsurfs.mgz
Reading in wm volume wm.mgz
MRIclipBrightWM(): nthresh=22287, wmmin=5, clip=110 
MRIfindBrightNonWM(): 1897 bright non-wm voxels segmented.
Masking bright non-wm for white surface
MRImask(): AllowDiffGeom = 1
MRImask(): AllowDiffGeom = 1
Reading in seg volume aseg.presurf.mgz
Ripping frozen voxels
Ripping vertices not in label ../label/lh.cortex.label
MRISripNotLabel() ripped 9008/155077 vertices (146069 unripped)
Reading in ripping surface ../surf/lh.white.preaparc
Reading in aparc ../label/lh.aparc.annot for ripsurf
Ripping BG
MRISripBasalGanglia(): 1 -2 2 0.5 ripped 468
Ripping segs (eg, WMSA, BG, frozen)
Starting MRISripSegs() d = (-2 2 0.5) segnos: 247 
MRISripSegs(): -2 2 0.5 ripped 0
vertex 77539: xyz = (-3.45251,-8.28444,38.8525) oxyz = (-3.45251,-8.28444,38.8525) wxzy = (-3.45251,-8.28444,38.8525) pxyz = (0,0,0) 
CBVO Creating mask 155077
n_averages 4
Iteration 0 =========================================
n_averages=4, current_sigma=2
Computing target border values 
Entering MRIScomputeBorderValues_new(): 
  inside_hi   = 120.0000000;
  border_hi   = 109.3669200;
  border_low  =  66.0000000;
  outside_low =  55.4208450;
  outside_hi  = 109.3669200;
  sigma = 2;
  max_thickness = 10;
  step_size=0.5;
  STEP_SIZE=0.1;
  which = 1
  thresh = 0
  flags = 0
  CBVfindFirstPeakD1=0
  CBVfindFirstPeakD2=0
  nvertices=155077
  Gdiag_no=-1
  vno start=0, stop=155077
Replacing 255s with 0s
#SI# sigma=2 had to be increased for 177 vertices, nripped=9476
mean border=78.6, 145 (145) missing vertices, mean dist 0.3 [0.7 (%19.6)->0.5 (%80.4))]
%67 local maxima, %27 large gradients and % 0 min vals, 0 gradients ignored
nFirstPeakD1 0
MRIScomputeBorderValues_new() finished in 0.0119 min


Finding expansion regions
mean absolute distance = 0.57 +- 0.87
3537 vertices more than 2 sigmas from mean.
Averaging target values for 5 iterations...
Positioning Surface: tspring = 0.3, nspring = 0.3, spring = 0, niters = 100 l_repulse = 5, l_surf_repulse = 0, checktol = 0
Positioning pial surface
Entering MRISpositionSurface()
  max_mm = 0.3
  MAX_REDUCTIONS = 2, REDUCTION_PCT = 0.5
  parms->check_tol = 0, niterations = 100
tol=1.0e-04, sigma=2.0, host=dna07, nav=4, nbrs=2, l_repulse=5.000, l_tspring=0.300, l_nspring=0.300, l_intensity=0.200, l_curv=1.000
mom=0.00, dt=0.50
complete_dist_mat 0
rms 0
smooth_averages 0
remove_neg 0
ico_order 0
which_surface 0
target_radius 0.000000
nfields 0
scale 0.000000
desired_rms_height 0.000000
momentum 0.000000
nbhd_size 0
max_nbrs 0
niterations 100
nsurfaces 0
SURFACES 3
flags 0 (0)
use curv 0
no sulc 0
no rigid align 0
mris->nsize 2
mris->hemisphere 0
randomSeed 0

000: dt: 0.0000, sse=1820290.6, rms=7.383
001: dt: 0.5000, sse=813680.1, rms=4.472 (39.432%)
002: dt: 0.5000, sse=577161.6, rms=3.450 (22.847%)
003: dt: 0.5000, sse=525729.3, rms=3.174 (7.990%)
004: dt: 0.5000, sse=494180.5, rms=3.002 (5.434%)
rms = 3.0196/3.0020, sse=498287.0/494180.5, time step reduction 1 of 3 to 0.250  0 1 1
   RMS increased, rejecting step
005: dt: 0.2500, sse=360829.0, rms=2.098 (30.126%)
006: dt: 0.2500, sse=314883.4, rms=1.627 (22.458%)
007: dt: 0.2500, sse=295950.8, rms=1.462 (10.100%)
008: dt: 0.2500, sse=291676.8, rms=1.393 (4.728%)
rms = 1.3529/1.3931, sse=288958.7/291676.8, time step reduction 2 of 3 to 0.125  0 0 1
009: dt: 0.2500, sse=288958.7, rms=1.353 (2.887%)
010: dt: 0.1250, sse=284395.1, rms=1.294 (4.359%)
rms = 1.2798/1.2939, sse=283476.8/284395.1, time step reduction 3 of 3 to 0.062  0 0 1
011: dt: 0.1250, sse=283476.8, rms=1.280 (1.090%)
  maximum number of reductions reached, breaking from loop
positioning took 1.1 minutes
Iteration 1 =========================================
n_averages=2, current_sigma=1
Computing target border values 
Entering MRIScomputeBorderValues_new(): 
  inside_hi   = 120.0000000;
  border_hi   = 109.3669200;
  border_low  =  66.0000000;
  outside_low =  55.4208450;
  outside_hi  = 109.3669200;
  sigma = 1;
  max_thickness = 10;
  step_size=0.5;
  STEP_SIZE=0.1;
  which = 1
  thresh = 0
  flags = 0
  CBVfindFirstPeakD1=0
  CBVfindFirstPeakD2=0
  nvertices=155077
  Gdiag_no=-1
  vno start=0, stop=155077
Replacing 255s with 0s
#SI# sigma=1 had to be increased for 158 vertices, nripped=9476
mean border=81.4, 129 (47) missing vertices, mean dist -0.2 [0.4 (%70.7)->0.3 (%29.3))]
%76 local maxima, %17 large gradients and % 0 min vals, 0 gradients ignored
nFirstPeakD1 0
MRIScomputeBorderValues_new() finished in 0.0086 min


Finding expansion regions
mean absolute distance = 0.37 +- 0.67
4384 vertices more than 2 sigmas from mean.
Averaging target values for 5 iterations...
Positioning Surface: tspring = 0.3, nspring = 0.3, spring = 0, niters = 100 l_repulse = 5, l_surf_repulse = 0, checktol = 0
Positioning pial surface
Entering MRISpositionSurface()
  max_mm = 0.3
  MAX_REDUCTIONS = 2, REDUCTION_PCT = 0.5
  parms->check_tol = 0, niterations = 100
tol=1.0e-04, sigma=1.0, host=dna07, nav=2, nbrs=2, l_repulse=5.000, l_tspring=0.300, l_nspring=0.300, l_intensity=0.200, l_curv=1.000
mom=0.00, dt=0.50
000: dt: 0.0000, sse=809892.4, rms=4.385
012: dt: 0.5000, sse=497493.0, rms=2.903 (33.793%)
013: dt: 0.5000, sse=481844.5, rms=2.801 (3.529%)
rms = 2.8131/2.8008, sse=481367.0/481844.5, time step reduction 1 of 3 to 0.250  0 0 1
   RMS increased, rejecting step
014: dt: 0.2500, sse=359802.4, rms=1.926 (31.251%)
015: dt: 0.2500, sse=315422.6, rms=1.406 (26.990%)
016: dt: 0.2500, sse=299711.3, rms=1.248 (11.210%)
017: dt: 0.2500, sse=292507.1, rms=1.166 (6.571%)
rms = 1.1319/1.1662, sse=290174.2/292507.1, time step reduction 2 of 3 to 0.125  0 0 1
018: dt: 0.2500, sse=290174.2, rms=1.132 (2.946%)
019: dt: 0.1250, sse=285162.5, rms=1.071 (5.337%)
rms = 1.0593/1.0715, sse=284664.5/285162.5, time step reduction 3 of 3 to 0.062  0 0 1
020: dt: 0.1250, sse=284664.5, rms=1.059 (1.137%)
  maximum number of reductions reached, breaking from loop
positioning took 0.9 minutes
Iteration 2 =========================================
n_averages=1, current_sigma=0.5
Computing target border values 
Entering MRIScomputeBorderValues_new(): 
  inside_hi   = 120.0000000;
  border_hi   = 109.3669200;
  border_low  =  66.0000000;
  outside_low =  55.4208450;
  outside_hi  = 109.3669200;
  sigma = 0.5;
  max_thickness = 10;
  step_size=0.5;
  STEP_SIZE=0.1;
  which = 1
  thresh = 0
  flags = 0
  CBVfindFirstPeakD1=0
  CBVfindFirstPeakD2=0
  nvertices=155077
  Gdiag_no=-1
  vno start=0, stop=155077
Replacing 255s with 0s
#SI# sigma=0.5 had to be increased for 239 vertices, nripped=9476
mean border=83.2, 132 (36) missing vertices, mean dist -0.1 [0.3 (%65.1)->0.2 (%34.9))]
%83 local maxima, %11 large gradients and % 0 min vals, 0 gradients ignored
nFirstPeakD1 0
MRIScomputeBorderValues_new() finished in 0.0066 min


Finding expansion regions
mean absolute distance = 0.29 +- 0.51
4697 vertices more than 2 sigmas from mean.
Averaging target values for 5 iterations...
Positioning Surface: tspring = 0.3, nspring = 0.3, spring = 0, niters = 100 l_repulse = 5, l_surf_repulse = 0, checktol = 0
Positioning pial surface
Entering MRISpositionSurface()
  max_mm = 0.3
  MAX_REDUCTIONS = 2, REDUCTION_PCT = 0.5
  parms->check_tol = 0, niterations = 100
tol=1.0e-04, sigma=0.5, host=dna07, nav=1, nbrs=2, l_repulse=5.000, l_tspring=0.300, l_nspring=0.300, l_intensity=0.200, l_curv=1.000
mom=0.00, dt=0.50
000: dt: 0.0000, sse=479453.3, rms=2.837
021: dt: 0.5000, sse=427783.2, rms=2.461 (13.257%)
rms = 2.5595/2.4609, sse=436769.0/427783.2, time step reduction 1 of 3 to 0.250  0 1 1
   RMS increased, rejecting step
022: dt: 0.2500, sse=329921.0, rms=1.671 (32.110%)
023: dt: 0.2500, sse=293562.9, rms=1.242 (25.662%)
024: dt: 0.2500, sse=284444.5, rms=1.107 (10.867%)
rms = 1.0698/1.1070, sse=293066.9/284444.5, time step reduction 2 of 3 to 0.125  0 1 1
025: dt: 0.2500, sse=293066.9, rms=1.070 (3.361%)
026: dt: 0.1250, sse=278106.7, rms=0.980 (8.354%)
rms = 0.9651/0.9804, sse=276956.4/278106.7, time step reduction 3 of 3 to 0.062  0 0 1
027: dt: 0.1250, sse=276956.4, rms=0.965 (1.564%)
  maximum number of reductions reached, breaking from loop
positioning took 0.7 minutes
Iteration 3 =========================================
n_averages=0, current_sigma=0.25
Computing target border values 
Entering MRIScomputeBorderValues_new(): 
  inside_hi   = 120.0000000;
  border_hi   = 109.3669200;
  border_low  =  66.0000000;
  outside_low =  55.4208450;
  outside_hi  = 109.3669200;
  sigma = 0.25;
  max_thickness = 10;
  step_size=0.5;
  STEP_SIZE=0.1;
  which = 1
  thresh = 0
  flags = 0
  CBVfindFirstPeakD1=0
  CBVfindFirstPeakD2=0
  nvertices=155077
  Gdiag_no=-1
  vno start=0, stop=155077
Replacing 255s with 0s
#SI# sigma=0.25 had to be increased for 210 vertices, nripped=9476
mean border=83.9, 214 (33) missing vertices, mean dist -0.0 [0.3 (%54.7)->0.2 (%45.3))]
%85 local maxima, % 8 large gradients and % 0 min vals, 0 gradients ignored
nFirstPeakD1 0
MRIScomputeBorderValues_new() finished in 0.0035 min


Finding expansion regions
mean absolute distance = 0.26 +- 0.42
4043 vertices more than 2 sigmas from mean.
Averaging target values for 5 iterations...
Positioning Surface: tspring = 0.3, nspring = 0.3, spring = 0, niters = 100 l_repulse = 5, l_surf_repulse = 0, checktol = 0
Positioning pial surface
Entering MRISpositionSurface()
  max_mm = 0.3
  MAX_REDUCTIONS = 2, REDUCTION_PCT = 0.5
  parms->check_tol = 0, niterations = 100
tol=1.0e-04, sigma=0.2, host=dna07, nav=0, nbrs=2, l_repulse=5.000, l_tspring=0.300, l_nspring=0.300, l_intensity=0.200, l_curv=1.000
mom=0.00, dt=0.50
000: dt: 0.0000, sse=315757.8, rms=1.543
rms = 1.5933/1.5434, sse=332602.8/315757.7, time step reduction 1 of 3 to 0.250  0 1 1
   RMS increased, rejecting step
028: dt: 0.2500, sse=282763.4, rms=1.112 (27.925%)
029: dt: 0.2500, sse=271024.2, rms=0.845 (24.080%)
rms = 0.8424/0.8445, sse=266272.7/271024.2, time step reduction 2 of 3 to 0.125  0 0 1
030: dt: 0.2500, sse=266272.8, rms=0.842 (0.251%)
031: dt: 0.1250, sse=263000.9, rms=0.765 (9.130%)
rms = 0.7501/0.7655, sse=262981.4/263000.9, time step reduction 3 of 3 to 0.062  0 0 1
032: dt: 0.1250, sse=262981.4, rms=0.750 (2.016%)
  maximum number of reductions reached, breaking from loop
positioning took 0.5 minutes


Writing output to ../surf/lh.white
#ET# mris_place_surface  3.34 minutes
#VMPC# mris_place_surfaces VmPeak  3296640
mris_place_surface done
#--------------------------------------------
#@# T1PialSurf lh Mon Mar  9 13:11:41 CET 2026
cd /out/sourcedata/freesurfer/sub-v1s21x0050416_ses-1/mri
mris_place_surface --adgws-in ../surf/autodet.gw.stats.lh.dat --seg aseg.presurf.mgz --threads 16 --wm wm.mgz --invol brain.finalsurfs.mgz --lh --i ../surf/lh.white --o ../surf/lh.pial.T1 --pial --nsmooth 0 --rip-label ../label/lh.cortex+hipamyg.label --pin-medial-wall ../label/lh.cortex.label --aparc ../label/lh.aparc.annot --repulse-surf ../surf/lh.white --white-surf ../surf/lh.white
7.3.2
7.3.2

cd /out/sourcedata/freesurfer/sub-v1s21x0050416_ses-1/mri
setenv SUBJECTS_DIR /out/sourcedata/freesurfer
mris_place_surface --adgws-in ../surf/autodet.gw.stats.lh.dat --seg aseg.presurf.mgz --threads 16 --wm wm.mgz --invol brain.finalsurfs.mgz --lh --i ../surf/lh.white --o ../surf/lh.pial.T1 --pial --nsmooth 0 --rip-label ../label/lh.cortex+hipamyg.label --pin-medial-wall ../label/lh.cortex.label --aparc ../label/lh.aparc.annot --repulse-surf ../surf/lh.white --white-surf ../surf/lh.white 

Reading in input surface ../surf/lh.white
Not smoothing input surface
Area    310150  0.34966  0.14333 0.000814   2.9370
Corner  930450 60.00000 15.78607 0.410259 179.0822
Edge    465225  0.91280  0.23251 0.015275   4.0657
Hinge   465225 10.25227 12.11475 0.000059 179.9915
Reading white surface coordinates from ../surf/lh.white
Reading repulsion surface coordinates from ../surf/lh.white
Reading in aparc ../label/lh.aparc.annot
Reading in input volume brain.finalsurfs.mgz
Reading in wm volume wm.mgz
MRIclipBrightWM(): nthresh=22287, wmmin=5, clip=110 
MRIfindBrightNonWM(): 1897 bright non-wm voxels segmented.
Masking bright non-wm for pial surface mid_gray = 63.4478
MRImask(): AllowDiffGeom = 1
MRImask(): AllowDiffGeom = 1
MRImask(): AllowDiffGeom = 1
Reading in seg volume aseg.presurf.mgz
Ripping frozen voxels
Ripping vertices not in label ../label/lh.cortex+hipamyg.label
MRISripNotLabel() ripped 6863/155077 vertices (148214 unripped)
INFO: rip surface needed but not specified, so using input surface
Ripping segs (eg, WMSA, BG, frozen)
Starting MRISripSegs() d = (-2 2 0.5) segnos: 247 
MRISripSegs(): -2 2 0.5 ripped 0
vertex 77539: xyz = (-3.48246,-8.23469,39.0889) oxyz = (-3.48246,-8.23469,39.0889) wxzy = (-3.48246,-8.23469,39.0889) pxyz = (-3.48246,-8.23469,39.0889) 
CBVO Creating mask 155077
n_averages 16
Iteration 0 =========================================
n_averages=16, current_sigma=2
Computing target border values 
Entering MRIScomputeBorderValues_new(): 
  inside_hi   =  92.6330800;
  border_hi   =  55.4208450;
  border_low  =  34.2625390;
  outside_low =  10.0000000;
  outside_hi  =  50.1312680;
  sigma = 2;
  max_thickness = 10;
  step_size=0.5;
  STEP_SIZE=0.1;
  which = 2
  thresh = 0
  flags = 0
  CBVfindFirstPeakD1=0
  CBVfindFirstPeakD2=0
  nvertices=155077
  Gdiag_no=-1
  vno start=0, stop=155077
Replacing 255s with 0s
#SI# sigma=2 had to be increased for 266 vertices, nripped=6863
mean border=54.4, 184 (184) missing vertices, mean dist 1.6 [4.3 (%0.0)->2.9 (%100.0))]
%11 local maxima, %41 large gradients and %43 min vals, 0 gradients ignored
nFirstPeakD1 0
MRIScomputeBorderValues_new() finished in 0.0106 min


Averaging target values for 5 iterations...
Positioning Surface: tspring = 0.3, nspring = 0.3, spring = 0, niters = 100 l_repulse = 0, l_surf_repulse = 5, checktol = 0
Positioning pial surface
Entering MRISpositionSurface()
  max_mm = 0.3
  MAX_REDUCTIONS = 2, REDUCTION_PCT = 0.5
  parms->check_tol = 0, niterations = 100
tol=1.0e-04, sigma=2.0, host=dna07, nav=16, nbrs=2, l_surf_repulse=5.000, l_tspring=0.300, l_nspring=0.300, l_intensity=0.200, l_curv=1.000
mom=0.00, dt=0.50
complete_dist_mat 0
rms 0
smooth_averages 0
remove_neg 0
ico_order 0
which_surface 0
target_radius 0.000000
nfields 0
scale 0.000000
desired_rms_height 0.000000
momentum 0.000000
nbhd_size 0
max_nbrs 0
niterations 100
nsurfaces 0
SURFACES 3
flags 0 (0)
use curv 0
no sulc 0
no rigid align 0
mris->nsize 2
mris->hemisphere 0
randomSeed 0

000: dt: 0.0000, sse=27420492.0, rms=30.303
001: dt: 0.5000, sse=19078368.0, rms=25.229 (16.746%)
002: dt: 0.5000, sse=13113560.0, rms=20.856 (17.334%)
003: dt: 0.5000, sse=9214950.0, rms=17.412 (16.512%)
004: dt: 0.5000, sse=6777298.5, rms=14.857 (14.674%)
005: dt: 0.5000, sse=5219732.0, rms=12.962 (12.756%)
006: dt: 0.5000, sse=4146898.8, rms=11.474 (11.476%)
007: dt: 0.5000, sse=3348826.8, rms=10.227 (10.872%)
008: dt: 0.5000, sse=2723974.0, rms=9.130 (10.721%)
009: dt: 0.5000, sse=2227699.5, rms=8.154 (10.698%)
010: dt: 0.5000, sse=1831508.6, rms=7.279 (10.723%)
011: dt: 0.5000, sse=1536255.8, rms=6.551 (10.010%)
012: dt: 0.5000, sse=1320393.9, rms=5.960 (9.010%)
013: dt: 0.5000, sse=1174441.6, rms=5.524 (7.318%)
014: dt: 0.5000, sse=1069229.9, rms=5.186 (6.130%)
015: dt: 0.5000, sse=1003150.3, rms=4.959 (4.371%)
016: dt: 0.5000, sse=956389.3, rms=4.791 (3.383%)
017: dt: 0.5000, sse=928424.6, rms=4.686 (2.192%)
018: dt: 0.5000, sse=907865.1, rms=4.606 (1.717%)
019: dt: 0.5000, sse=894019.9, rms=4.550 (1.212%)
rms = 4.5032/4.5499, sse=882672.4/894019.9, time step reduction 1 of 3 to 0.250  0 0 1
020: dt: 0.5000, sse=882672.4, rms=4.503 (1.028%)
021: dt: 0.2500, sse=751196.2, rms=3.960 (12.057%)
022: dt: 0.2500, sse=720312.1, rms=3.823 (3.457%)
rms = 3.8054/3.8233, sse=716857.5/720312.1, time step reduction 2 of 3 to 0.125  0 0 1
023: dt: 0.2500, sse=716857.5, rms=3.805 (0.470%)
024: dt: 0.1250, sse=688884.9, rms=3.675 (3.423%)
rms = 3.6528/3.6751, sse=684318.0/688884.9, time step reduction 3 of 3 to 0.062  0 0 1
025: dt: 0.1250, sse=684318.0, rms=3.653 (0.608%)
  maximum number of reductions reached, breaking from loop
positioning took 2.2 minutes
Iteration 1 =========================================
n_averages=8, current_sigma=1
Computing target border values 
Entering MRIScomputeBorderValues_new(): 
  inside_hi   =  92.6330800;
  border_hi   =  55.4208450;
  border_low  =  34.2625390;
  outside_low =  10.0000000;
  outside_hi  =  50.1312680;
  sigma = 1;
  max_thickness = 10;
  step_size=0.5;
  STEP_SIZE=0.1;
  which = 2
  thresh = 0
  flags = 0
  CBVfindFirstPeakD1=0
  CBVfindFirstPeakD2=0
  nvertices=155077
  Gdiag_no=-1
  vno start=0, stop=155077
Replacing 255s with 0s
#SI# sigma=1 had to be increased for 13094 vertices, nripped=6863
mean border=53.1, 2520 (24) missing vertices, mean dist 0.2 [0.1 (%47.5)->0.7 (%52.5))]
%19 local maxima, %36 large gradients and %39 min vals, 0 gradients ignored
nFirstPeakD1 0
MRIScomputeBorderValues_new() finished in 0.0035 min


Averaging target values for 5 iterations...
Positioning Surface: tspring = 0.3, nspring = 0.3, spring = 0, niters = 100 l_repulse = 0, l_surf_repulse = 5, checktol = 0
Positioning pial surface
Entering MRISpositionSurface()
  max_mm = 0.3
  MAX_REDUCTIONS = 2, REDUCTION_PCT = 0.5
  parms->check_tol = 0, niterations = 100
tol=1.0e-04, sigma=1.0, host=dna07, nav=8, nbrs=2, l_surf_repulse=5.000, l_tspring=0.300, l_nspring=0.300, l_intensity=0.200, l_curv=1.000
mom=0.00, dt=0.50
000: dt: 0.0000, sse=916653.2, rms=4.352
rms = 4.3783/4.3518, sse=923522.7/916653.3, time step reduction 1 of 3 to 0.250  0 1 1
   RMS increased, rejecting step
026: dt: 0.2500, sse=840855.6, rms=4.044 (7.070%)
027: dt: 0.2500, sse=785866.2, rms=3.805 (5.914%)
028: dt: 0.2500, sse=770079.6, rms=3.735 (1.839%)
rms = 3.6961/3.7350, sse=761548.6/770079.7, time step reduction 2 of 3 to 0.125  0 0 1
029: dt: 0.2500, sse=761548.6, rms=3.696 (1.043%)
030: dt: 0.1250, sse=732209.9, rms=3.556 (3.800%)
rms = 3.5151/3.5556, sse=723884.6/732210.0, time step reduction 3 of 3 to 0.062  0 0 1
031: dt: 0.1250, sse=723884.6, rms=3.515 (1.139%)
  maximum number of reductions reached, breaking from loop
positioning took 0.6 minutes
Iteration 2 =========================================
n_averages=4, current_sigma=0.5
Computing target border values 
Entering MRIScomputeBorderValues_new(): 
  inside_hi   =  92.6330800;
  border_hi   =  55.4208450;
  border_low  =  34.2625390;
  outside_low =  10.0000000;
  outside_hi  =  50.1312680;
  sigma = 0.5;
  max_thickness = 10;
  step_size=0.5;
  STEP_SIZE=0.1;
  which = 2
  thresh = 0
  flags = 0
  CBVfindFirstPeakD1=0
  CBVfindFirstPeakD2=0
  nvertices=155077
  Gdiag_no=-1
  vno start=0, stop=155077
Replacing 255s with 0s
#SI# sigma=0.5 had to be increased for 15046 vertices, nripped=6863
mean border=52.3, 3051 (16) missing vertices, mean dist 0.1 [0.2 (%45.7)->0.6 (%54.3))]
%28 local maxima, %27 large gradients and %39 min vals, 0 gradients ignored
nFirstPeakD1 0
MRIScomputeBorderValues_new() finished in 0.0022 min


Averaging target values for 5 iterations...
Positioning Surface: tspring = 0.3, nspring = 0.3, spring = 0, niters = 100 l_repulse = 0, l_surf_repulse = 5, checktol = 0
Positioning pial surface
Entering MRISpositionSurface()
  max_mm = 0.3
  MAX_REDUCTIONS = 2, REDUCTION_PCT = 0.5
  parms->check_tol = 0, niterations = 100
tol=1.0e-04, sigma=0.5, host=dna07, nav=4, nbrs=2, l_surf_repulse=5.000, l_tspring=0.300, l_nspring=0.300, l_intensity=0.200, l_curv=1.000
mom=0.00, dt=0.50
000: dt: 0.0000, sse=794280.2, rms=3.823
rms = 4.1223/3.8234, sse=863201.0/794280.2, time step reduction 1 of 3 to 0.250  0 1 1
   RMS increased, rejecting step
032: dt: 0.2500, sse=755776.4, rms=3.648 (4.591%)
033: dt: 0.2500, sse=739942.3, rms=3.576 (1.979%)
rms = 3.5912/3.5757, sse=742724.4/739942.3, time step reduction 2 of 3 to 0.125  0 1 1
   RMS increased, rejecting step
rms = 3.5439/3.5757, sse=733407.0/739942.3, time step reduction 3 of 3 to 0.062  0 0 1
034: dt: 0.1250, sse=733407.0, rms=3.544 (0.889%)
  maximum number of reductions reached, breaking from loop
positioning took 0.4 minutes
Iteration 3 =========================================
n_averages=2, current_sigma=0.25
Computing target border values 
Entering MRIScomputeBorderValues_new(): 
  inside_hi   =  92.6330800;
  border_hi   =  55.4208450;
  border_low  =  34.2625390;
  outside_low =  10.0000000;
  outside_hi  =  50.1312680;
  sigma = 0.25;
  max_thickness = 10;
  step_size=0.5;
  STEP_SIZE=0.1;
  which = 2
  thresh = 0
  flags = 0
  CBVfindFirstPeakD1=0
  CBVfindFirstPeakD2=0
  nvertices=155077
  Gdiag_no=-1
  vno start=0, stop=155077
Replacing 255s with 0s
#SI# sigma=0.25 had to be increased for 12842 vertices, nripped=6863
mean border=51.8, 6484 (15) missing vertices, mean dist 0.1 [0.2 (%46.0)->0.5 (%54.0))]
%32 local maxima, %22 large gradients and %37 min vals, 0 gradients ignored
nFirstPeakD1 0
MRIScomputeBorderValues_new() finished in 0.0015 min


Averaging target values for 5 iterations...
Positioning Surface: tspring = 0.3, nspring = 0.3, spring = 0, niters = 100 l_repulse = 0, l_surf_repulse = 5, checktol = 0
Positioning pial surface
Entering MRISpositionSurface()
  max_mm = 0.3
  MAX_REDUCTIONS = 2, REDUCTION_PCT = 0.5
  parms->check_tol = 0, niterations = 100
tol=1.0e-04, sigma=0.2, host=dna07, nav=2, nbrs=2, l_surf_repulse=5.000, l_tspring=0.300, l_nspring=0.300, l_intensity=0.200, l_curv=1.000
mom=0.00, dt=0.50
000: dt: 0.0000, sse=763969.6, rms=3.683
rms = 3.9920/3.6832, sse=830449.8/763969.5, time step reduction 1 of 3 to 0.250  0 1 1
   RMS increased, rejecting step
035: dt: 0.2500, sse=736127.6, rms=3.553 (3.539%)
036: dt: 0.2500, sse=719019.2, rms=3.477 (2.127%)
rms = 3.4878/3.4773, sse=720192.8/719019.2, time step reduction 2 of 3 to 0.125  0 1 1
   RMS increased, rejecting step
rms = 3.4446/3.4773, sse=712446.0/719019.2, time step reduction 3 of 3 to 0.062  0 0 1
037: dt: 0.1250, sse=712446.0, rms=3.445 (0.941%)
  maximum number of reductions reached, breaking from loop
positioning took 0.4 minutes
Pinning medial wall to white surface
removing intersecting faces
000: 11 intersecting
001: 4 intersecting
terminating search with 0 intersecting


Writing output to ../surf/lh.pial.T1
#ET# mris_place_surface  3.60 minutes
#VMPC# mris_place_surfaces VmPeak  2501296
mris_place_surface done
#@# white curv lh Mon Mar  9 13:15:22 CET 2026
cd /out/sourcedata/freesurfer/sub-v1s21x0050416_ses-1/mri
mris_place_surface --curv-map ../surf/lh.white 2 10 ../surf/lh.curv
insurf  ../surf/lh.white, nbrs 2, curvature_avgs 10
writing curvature file ../surf/lh.curv
#@# white area lh Mon Mar  9 13:15:23 CET 2026
cd /out/sourcedata/freesurfer/sub-v1s21x0050416_ses-1/mri
mris_place_surface --area-map ../surf/lh.white ../surf/lh.area
writing curvature file ../surf/lh.area
#@# pial curv lh Mon Mar  9 13:15:24 CET 2026
cd /out/sourcedata/freesurfer/sub-v1s21x0050416_ses-1/mri
mris_place_surface --curv-map ../surf/lh.pial 2 10 ../surf/lh.curv.pial
insurf  ../surf/lh.pial, nbrs 2, curvature_avgs 10
writing curvature file ../surf/lh.curv.pial
#@# pial area lh Mon Mar  9 13:15:25 CET 2026
cd /out/sourcedata/freesurfer/sub-v1s21x0050416_ses-1/mri
mris_place_surface --area-map ../surf/lh.pial ../surf/lh.area.pial
writing curvature file ../surf/lh.area.pial
#@# thickness lh Mon Mar  9 13:15:26 CET 2026
cd /out/sourcedata/freesurfer/sub-v1s21x0050416_ses-1/mri
mris_place_surface --thickness ../surf/lh.white ../surf/lh.pial 20 5 ../surf/lh.thickness
0 of 155077 vertices processed
25000 of 155077 vertices processed
50000 of 155077 vertices processed
75000 of 155077 vertices processed
100000 of 155077 vertices processed
125000 of 155077 vertices processed
150000 of 155077 vertices processed
0 of 155077 vertices processed
25000 of 155077 vertices processed
50000 of 155077 vertices processed
75000 of 155077 vertices processed
100000 of 155077 vertices processed
125000 of 155077 vertices processed
150000 of 155077 vertices processed
thickness calculation complete, 159:1165 truncations.
69309 vertices at 0 distance
124980 vertices at 1 distance
72664 vertices at 2 distance
26801 vertices at 3 distance
9587 vertices at 4 distance
3706 vertices at 5 distance
1464 vertices at 6 distance
628 vertices at 7 distance
319 vertices at 8 distance
176 vertices at 9 distance
113 vertices at 10 distance
72 vertices at 11 distance
67 vertices at 12 distance
69 vertices at 13 distance
61 vertices at 14 distance
34 vertices at 15 distance
23 vertices at 16 distance
28 vertices at 17 distance
16 vertices at 18 distance
16 vertices at 19 distance
21 vertices at 20 distance
writing curvature file ../surf/lh.thickness
#@# area and vertex vol lh Mon Mar  9 13:15:48 CET 2026
cd /out/sourcedata/freesurfer/sub-v1s21x0050416_ses-1/mri
mris_place_surface --thickness ../surf/lh.white ../surf/lh.pial 20 5 ../surf/lh.thickness
/out/sourcedata/freesurfer/sub-v1s21x0050416_ses-1/surf
mris_calc -o lh.area.mid lh.area add lh.area.pial
Saving result to 'lh.area.mid' (type = MRI_CURV_FILE)                       [ ok ]
mris_calc -o lh.area.mid lh.area.mid div 2
Saving result to 'lh.area.mid' (type = MRI_CURV_FILE)                       [ ok ]
mris_convert --volume sub-v1s21x0050416_ses-1 lh /out/sourcedata/freesurfer/sub-v1s21x0050416_ses-1/surf/lh.volume
masking with /out/sourcedata/freesurfer/sub-v1s21x0050416_ses-1/label/lh.cortex.label
Total face volume 286684
Total vertex volume 286442 (mask=0)
#@# sub-v1s21x0050416_ses-1 lh 286442
 
vertexvol Done

#-----------------------------------------
#@# Curvature Stats lh Mon Mar  9 13:15:49 CET 2026
/out/sourcedata/freesurfer/sub-v1s21x0050416_ses-1/surf

 mris_curvature_stats -m --writeCurvatureFiles -G -o ../stats/lh.curv.stats -F smoothwm sub-v1s21x0050416_ses-1 lh curv sulc 

             Toggling save flag on curvature files                       [ ok ]
                 Outputting results using filestem   [ ../stats/lh.curv.stats ]
             Toggling save flag on curvature files                       [ ok ]
                                   Setting surface [ sub-v1s21x0050416_ses-1/lh.smoothwm ]
                                Reading surface...                       [ ok ]
                                   Setting texture                     [ curv ]
                                Reading texture...                       [ ok ]
                                   Setting texture                     [ sulc ]
                                Reading texture...Gb_filter = 0
                       [ ok ]
      Calculating Discrete Principal Curvatures...
      Determining geometric order for vno faces... [####################] [ ok ]
                      Determining KH curvatures... [####################] [ ok ]
                    Determining k1k2 curvatures... [####################] [ ok ]
                                   deltaViolations                      [ 291 ]
Gb_filter = 0

WARN:    S lookup   min:                          -0.014196
WARN:    S explicit min:                          0.000000	vertex = 886
#-----------------------------------------
#@# Cortical Parc 2 lh Mon Mar  9 13:15:51 CET 2026
/out/sourcedata/freesurfer/sub-v1s21x0050416_ses-1/scripts

 mris_ca_label -l ../label/lh.cortex.label -aseg ../mri/aseg.presurf.mgz -seed 1234 sub-v1s21x0050416_ses-1 lh ../surf/lh.sphere.reg /opt/freesurfer/average/lh.CDaparc.atlas.acfb40.noaparc.i12.2016-08-02.gcs ../label/lh.aparc.a2009s.annot 

setting seed for random number generator to 1234
using ../mri/aseg.presurf.mgz aseg volume to correct midline
7.3.2
  7.3.2
reading atlas from /opt/freesurfer/average/lh.CDaparc.atlas.acfb40.noaparc.i12.2016-08-02.gcs...
reading color table from GCSA file....
average std = 3.0   using min determinant for regularization = 0.088
0 singular and 0 ill-conditioned covariance matrices regularized
input 0: MEAN CURVATURE, flags 0, avgs 5, name mean_curvature
labeling surface...
7 labels changed using aseg
relabeling using gibbs priors...
000:  10343 changed, 155077 examined...
001:   2365 changed, 39917 examined...
002:    706 changed, 12569 examined...
003:    271 changed, 4110 examined...
004:    143 changed, 1594 examined...
005:     68 changed, 843 examined...
006:     42 changed, 429 examined...
007:     17 changed, 239 examined...
008:     13 changed, 99 examined...
009:     11 changed, 79 examined...
010:      3 changed, 52 examined...
011:      1 changed, 20 examined...
012:      2 changed, 7 examined...
013:      0 changed, 13 examined...
4 labels changed using aseg
000: 291 total segments, 207 labels (2962 vertices) changed
001: 104 total segments, 20 labels (75 vertices) changed
002: 84 total segments, 0 labels (0 vertices) changed
10 filter iterations complete (10 requested, 42 changed)
rationalizing unknown annotations with cortex label
relabeling Medial_wall label...
1350 vertices marked for relabeling...
1350 labels changed in reclassification.
writing output to ../label/lh.aparc.a2009s.annot...
classification took 0 minutes and 11 seconds.
#-----------------------------------------
#@# Cortical Parc 3 lh Mon Mar  9 13:16:02 CET 2026
/out/sourcedata/freesurfer/sub-v1s21x0050416_ses-1/scripts

 mris_ca_label -l ../label/lh.cortex.label -aseg ../mri/aseg.presurf.mgz -seed 1234 sub-v1s21x0050416_ses-1 lh ../surf/lh.sphere.reg /opt/freesurfer/average/lh.DKTaparc.atlas.acfb40.noaparc.i12.2016-08-02.gcs ../label/lh.aparc.DKTatlas.annot 

setting seed for random number generator to 1234
using ../mri/aseg.presurf.mgz aseg volume to correct midline
7.3.2
  7.3.2
reading atlas from /opt/freesurfer/average/lh.DKTaparc.atlas.acfb40.noaparc.i12.2016-08-02.gcs...
reading color table from GCSA file....
average std = 1.4   using min determinant for regularization = 0.020
0 singular and 383 ill-conditioned covariance matrices regularized
input 0: MEAN CURVATURE, flags 0, avgs 5, name mean_curvature
labeling surface...
1755 labels changed using aseg
relabeling using gibbs priors...
000:   2318 changed, 155077 examined...
001:    544 changed, 10580 examined...
002:    170 changed, 3084 examined...
003:     83 changed, 982 examined...
004:     47 changed, 447 examined...
005:     36 changed, 266 examined...
006:     20 changed, 174 examined...
007:     22 changed, 110 examined...
008:     25 changed, 110 examined...
009:     18 changed, 113 examined...
010:      9 changed, 94 examined...
011:      8 changed, 41 examined...
012:      7 changed, 46 examined...
013:      5 changed, 36 examined...
014:      5 changed, 25 examined...
015:      3 changed, 24 examined...
016:      4 changed, 19 examined...
017:      3 changed, 25 examined...
018:      5 changed, 21 examined...
019:      4 changed, 26 examined...
020:      7 changed, 26 examined...
021:      5 changed, 32 examined...
022:      5 changed, 29 examined...
023:      5 changed, 27 examined...
024:      2 changed, 24 examined...
025:      5 changed, 15 examined...
026:      4 changed, 22 examined...
027:      4 changed, 24 examined...
028:      3 changed, 18 examined...
029:      1 changed, 15 examined...
030:      1 changed, 8 examined...
031:      1 changed, 5 examined...
032:      1 changed, 8 examined...
033:      1 changed, 6 examined...
034:      2 changed, 8 examined...
035:      2 changed, 12 examined...
036:      2 changed, 13 examined...
037:      1 changed, 11 examined...
038:      3 changed, 8 examined...
039:      1 changed, 15 examined...
040:      2 changed, 7 examined...
041:      0 changed, 11 examined...
472 labels changed using aseg
000: 53 total segments, 20 labels (178 vertices) changed
001: 34 total segments, 1 labels (1 vertices) changed
002: 33 total segments, 0 labels (0 vertices) changed
10 filter iterations complete (10 requested, 9 changed)
rationalizing unknown annotations with cortex label
relabeling unknown label...
relabeling corpuscallosum label...
928 vertices marked for relabeling...
928 labels changed in reclassification.
writing output to ../label/lh.aparc.DKTatlas.annot...
classification took 0 minutes and 9 seconds.
#-----------------------------------------
#@# WM/GM Contrast lh Mon Mar  9 13:16:11 CET 2026
/out/sourcedata/freesurfer/sub-v1s21x0050416_ses-1/scripts

 pctsurfcon --s sub-v1s21x0050416_ses-1 --lh-only 

Log file is /out/sourcedata/freesurfer/sub-v1s21x0050416_ses-1/scripts/pctsurfcon.log
Mon Mar  9 13:16:11 CET 2026
setenv SUBJECTS_DIR /out/sourcedata/freesurfer
cd /out/sourcedata/freesurfer/sub-v1s21x0050416_ses-1/scripts
/opt/freesurfer/bin/pctsurfcon
pctsurfcon 7.3.2
Linux dna071 5.14.0-427.37.1.el9_4.x86_64 #1 SMP PREEMPT_DYNAMIC Fri Sep 13 12:41:50 EDT 2024 x86_64 x86_64 x86_64 GNU/Linux
FREESURFER_HOME /opt/freesurfer
mri_vol2surf --mov /out/sourcedata/freesurfer/sub-v1s21x0050416_ses-1/mri/rawavg.mgz --hemi lh --noreshape --interp trilinear --projdist -1 --o /out/sourcedata/freesurfer/sub-v1s21x0050416_ses-1/surf/tmp.pctsurfcon.3338792/lh.wm.mgh --regheader sub-v1s21x0050416_ses-1 --cortex
srcvol = /out/sourcedata/freesurfer/sub-v1s21x0050416_ses-1/mri/rawavg.mgz
srcreg unspecified
srcregold = 0
srcwarp unspecified
surf = white
hemi = lh
ProjDist = -1
reshape = 0
interp = trilinear
float2int = round
GetProjMax = 0
INFO: float2int code = 0
Done loading volume
Computing registration from header.
  Using /out/sourcedata/freesurfer/sub-v1s21x0050416_ses-1/mri/orig.mgz as target reference.
-------- original matrix -----------
-1.00000   0.00000   0.00000   0.00000;
 0.00000   0.00000   1.00000   0.00000;
 0.00000  -1.00000   0.00000   0.00000;
 0.00000   0.00000   0.00000   1.00000;
-------- original matrix -----------
Loading label /out/sourcedata/freesurfer/sub-v1s21x0050416_ses-1/label/lh.cortex.label
Reading surface /out/sourcedata/freesurfer/sub-v1s21x0050416_ses-1/surf/lh.white
Done reading source surface
Mapping Source Volume onto Source Subject Surface
Projecting -1 -1 1
 1 -1 -1 -1
using old
Done mapping volume to surface
Number of source voxels hit = 80407
Masking with /out/sourcedata/freesurfer/sub-v1s21x0050416_ses-1/label/lh.cortex.label
Writing to /out/sourcedata/freesurfer/sub-v1s21x0050416_ses-1/surf/tmp.pctsurfcon.3338792/lh.wm.mgh
Dim: 155077 1 1
mri_vol2surf --mov /out/sourcedata/freesurfer/sub-v1s21x0050416_ses-1/mri/rawavg.mgz --hemi lh --noreshape --interp trilinear --o /out/sourcedata/freesurfer/sub-v1s21x0050416_ses-1/surf/tmp.pctsurfcon.3338792/lh.gm.mgh --projfrac 0.3 --regheader sub-v1s21x0050416_ses-1 --cortex
srcvol = /out/sourcedata/freesurfer/sub-v1s21x0050416_ses-1/mri/rawavg.mgz
srcreg unspecified
srcregold = 0
srcwarp unspecified
surf = white
hemi = lh
ProjFrac = 0.3
thickness = thickness
reshape = 0
interp = trilinear
float2int = round
GetProjMax = 0
INFO: float2int code = 0
Done loading volume
Computing registration from header.
  Using /out/sourcedata/freesurfer/sub-v1s21x0050416_ses-1/mri/orig.mgz as target reference.
-------- original matrix -----------
-1.00000   0.00000   0.00000   0.00000;
 0.00000   0.00000   1.00000   0.00000;
 0.00000  -1.00000   0.00000   0.00000;
 0.00000   0.00000   0.00000   1.00000;
-------- original matrix -----------
Loading label /out/sourcedata/freesurfer/sub-v1s21x0050416_ses-1/label/lh.cortex.label
Reading surface /out/sourcedata/freesurfer/sub-v1s21x0050416_ses-1/surf/lh.white
Done reading source surface
Reading thickness /out/sourcedata/freesurfer/sub-v1s21x0050416_ses-1/surf/lh.thickness
Done
Mapping Source Volume onto Source Subject Surface
Projecting 0.3 0.3 1
 1 0.3 0.3 0.3
using old
Done mapping volume to surface
Number of source voxels hit = 92577
Masking with /out/sourcedata/freesurfer/sub-v1s21x0050416_ses-1/label/lh.cortex.label
Writing to /out/sourcedata/freesurfer/sub-v1s21x0050416_ses-1/surf/tmp.pctsurfcon.3338792/lh.gm.mgh
Dim: 155077 1 1
mri_concat /out/sourcedata/freesurfer/sub-v1s21x0050416_ses-1/surf/tmp.pctsurfcon.3338792/lh.wm.mgh /out/sourcedata/freesurfer/sub-v1s21x0050416_ses-1/surf/tmp.pctsurfcon.3338792/lh.gm.mgh --paired-diff-norm --mul 100 --o /out/sourcedata/freesurfer/sub-v1s21x0050416_ses-1/surf/lh.w-g.pct.mgh
ninputs = 2
Checking inputs
nframestot = 2
Allocing output
Done allocing
Combining pairs
nframes = 1
Multiplying by 100.000000
Writing to /out/sourcedata/freesurfer/sub-v1s21x0050416_ses-1/surf/lh.w-g.pct.mgh
mri_segstats --in /out/sourcedata/freesurfer/sub-v1s21x0050416_ses-1/surf/lh.w-g.pct.mgh --annot sub-v1s21x0050416_ses-1 lh aparc --sum /out/sourcedata/freesurfer/sub-v1s21x0050416_ses-1/stats/lh.w-g.pct.stats --snr

7.3.2
cwd 
cmdline mri_segstats --in /out/sourcedata/freesurfer/sub-v1s21x0050416_ses-1/surf/lh.w-g.pct.mgh --annot sub-v1s21x0050416_ses-1 lh aparc --sum /out/sourcedata/freesurfer/sub-v1s21x0050416_ses-1/stats/lh.w-g.pct.stats --snr 
sysname  Linux
hostname dna071
machine  x86_64
user     oesteban
whitesurfname  white
UseRobust  0
Constructing seg from annotation

Reading annotation /out/sourcedata/freesurfer/sub-v1s21x0050416_ses-1/label/lh.aparc.annot
Seg base 1000
Loading /out/sourcedata/freesurfer/sub-v1s21x0050416_ses-1/surf/lh.w-g.pct.mgh
Vertex Area is 0.699316 mm^3
Generating list of segmentation ids
Found  36 segmentations
Computing statistics for each segmentation

Reporting on  35 segmentations
Using PrintSegStat
mri_segstats done
Cleaning up

Started at Mon Mar 9 12:50:42 CET 2026 
Ended   at Mon Mar 9 13:16:13 CET 2026
#@#%# recon-all-run-time-hours 0.425
recon-all -s sub-v1s21x0050416_ses-1 finished without error at Mon Mar  9 13:16:13 CET 2026



#New# invocation of recon-all 




Mon Mar  9 13:47:42 CET 2026
cd /out/sourcedata/freesurfer/sub-v1s21x0050416_ses-1
setenv SUBJECTS_DIR /out/sourcedata/freesurfer
/opt/freesurfer/bin/recon-all -autorecon-hemi lh -nohyporelabel -lh-only -openmp 16 -subjid sub-v1s21x0050416_ses-1 -sd /out/sourcedata/freesurfer -notessellate -nosmooth1 -noinflate1 -noqsphere -nofix -nowhite -nosmooth2 -noinflate2 -nocurvHK -nocurvstats -nosphere -nosurfreg -nojacobian_white -noavgcurv -nocortparc -nopial -nocortparc2 -nocortparc3 -nopctsurfcon

subjid sub-v1s21x0050416_ses-1
setenv SUBJECTS_DIR /out/sourcedata/freesurfer
FREESURFER_HOME /opt/freesurfer
Actual FREESURFER_HOME /opt/freesurfer
build-stamp.txt: freesurfer-linux-ubuntu22_x86_64-7.3.2-20220804-6354275
Linux dna071 5.14.0-427.37.1.el9_4.x86_64 #1 SMP PREEMPT_DYNAMIC Fri Sep 13 12:41:50 EDT 2024 x86_64 x86_64 x86_64 GNU/Linux
cputime      unlimited
filesize     unlimited
datasize     unlimited
stacksize    8192 kbytes
coredumpsize 0 kbytes
memoryuse    67108864 kbytes
vmemoryuse   unlimited
descriptors  1024 
memorylocked unlimited
maxproc      2061970 
maxlocks     unlimited
maxsignal    2062029 
maxmessage   819200 
maxnice      0 
maxrtprio    0 
maxrttime    unlimited

               total        used        free      shared  buff/cache   available
Mem:           503Gi       130Gi       337Gi       9.3Gi        36Gi       360Gi
Swap:             0B          0B          0B

########################################
program versions used
7.3.2 (freesurfer-linux-ubuntu22_x86_64-7.3.2-20220804-6354275)
7.3.2

ProgramName: lta_convert  ProgramArguments: lta_convert -all-info  ProgramVersion: 7.3.2  TimeStamp: 2026/03/09-12:47:42-GMT  BuildTime: Aug  4 2022 06:17:15  BuildStamp: freesurfer-linux-ubuntu22_x86_64-7.3.2-20220804-6354275  User: oesteban  Machine: dna071  Platform: Linux  PlatformVersion: 5.14.0-427.37.1.el9_4.x86_64  CompilerName: GCC  CompilerVersion: 8.4.0
ProgramName: mri_and  ProgramArguments: mri_and -all-info  ProgramVersion: 7.3.2  TimeStamp: 2026/03/09-12:47:42-GMT  BuildTime: Aug  4 2022 06:17:15  BuildStamp: freesurfer-linux-ubuntu22_x86_64-7.3.2-20220804-6354275  User: oesteban  Machine: dna071  Platform: Linux  PlatformVersion: 5.14.0-427.37.1.el9_4.x86_64  CompilerName: GCC  CompilerVersion: 8.4.0
ProgramName: mri_annotation2label  ProgramArguments: mri_annotation2label -all-info  ProgramVersion: 7.3.2  TimeStamp: 2026/03/09-12:47:42-GMT  BuildTime: Aug  4 2022 06:17:15  BuildStamp: freesurfer-linux-ubuntu22_x86_64-7.3.2-20220804-6354275  User: oesteban  Machine: dna071  Platform: Linux  PlatformVersion: 5.14.0-427.37.1.el9_4.x86_64  CompilerName: GCC  CompilerVersion: 8.4.0
ProgramName: mri_aparc2aseg  ProgramArguments: mri_aparc2aseg -all-info  ProgramVersion: 7.3.2  TimeStamp: 2026/03/09-12:47:42-GMT  BuildTime: Aug  4 2022 06:17:15  BuildStamp: freesurfer-linux-ubuntu22_x86_64-7.3.2-20220804-6354275  User: oesteban  Machine: dna071  Platform: Linux  PlatformVersion: 5.14.0-427.37.1.el9_4.x86_64  CompilerName: GCC  CompilerVersion: 8.4.0
ProgramName: mri_surf2volseg  ProgramArguments: mri_surf2volseg -all-info  ProgramVersion: 7.3.2  TimeStamp: 2026/03/09-12:47:42-GMT  BuildTime: Aug  4 2022 06:17:15  BuildStamp: freesurfer-linux-ubuntu22_x86_64-7.3.2-20220804-6354275  User: oesteban  Machine: dna071  Platform: Linux  PlatformVersion: 5.14.0-427.37.1.el9_4.x86_64  CompilerName: GCC  CompilerVersion: 8.4.0
ProgramName: mri_binarize  ProgramArguments: mri_binarize -all-info  ProgramVersion: 7.3.2  TimeStamp: 2026/03/09-12:47:42-GMT  BuildTime: Aug  4 2022 06:17:15  BuildStamp: freesurfer-linux-ubuntu22_x86_64-7.3.2-20220804-6354275  User: oesteban  Machine: dna071  Platform: Linux  PlatformVersion: 5.14.0-427.37.1.el9_4.x86_64  CompilerName: GCC  CompilerVersion: 8.4.0
ProgramName: mri_ca_label  ProgramArguments: mri_ca_label -all-info  ProgramVersion: 7.3.2  TimeStamp: 2026/03/09-12:47:42-GMT  BuildTime: Aug  4 2022 06:17:15  BuildStamp: freesurfer-linux-ubuntu22_x86_64-7.3.2-20220804-6354275  User: oesteban  Machine: dna071  Platform: Linux  PlatformVersion: 5.14.0-427.37.1.el9_4.x86_64  CompilerName: GCC  CompilerVersion: 8.4.0
ProgramName: mri_ca_normalize  ProgramArguments: mri_ca_normalize -all-info  ProgramVersion: 7.3.2  TimeStamp: 2026/03/09-12:47:42-GMT  BuildTime: Aug  4 2022 06:17:15  BuildStamp: freesurfer-linux-ubuntu22_x86_64-7.3.2-20220804-6354275  User: oesteban  Machine: dna071  Platform: Linux  PlatformVersion: 5.14.0-427.37.1.el9_4.x86_64  CompilerName: GCC  CompilerVersion: 8.4.0
ProgramName: mri_ca_register  ProgramArguments: mri_ca_register -all-info  ProgramVersion: 7.3.2  TimeStamp: 2026/03/09-12:47:42-GMT  BuildTime: Aug  4 2022 06:17:15  BuildStamp: freesurfer-linux-ubuntu22_x86_64-7.3.2-20220804-6354275  User: oesteban  Machine: dna071  Platform: Linux  PlatformVersion: 5.14.0-427.37.1.el9_4.x86_64  CompilerName: GCC  CompilerVersion: 8.4.0
ProgramName: mri_cc  ProgramArguments: mri_cc -all-info  ProgramVersion: 7.3.2  TimeStamp: 2026/03/09-12:47:42-GMT  BuildTime: Aug  4 2022 06:17:15  BuildStamp: freesurfer-linux-ubuntu22_x86_64-7.3.2-20220804-6354275  User: oesteban  Machine: dna071  Platform: Linux  PlatformVersion: 5.14.0-427.37.1.el9_4.x86_64  CompilerName: GCC  CompilerVersion: 8.4.0
ProgramName: mri_compute_overlap  ProgramArguments: mri_compute_overlap -all-info  ProgramVersion: 7.3.2  TimeStamp: 2026/03/09-12:47:42-GMT  BuildTime: Aug  4 2022 06:17:15  BuildStamp: freesurfer-linux-ubuntu22_x86_64-7.3.2-20220804-6354275  User: oesteban  Machine: dna071  Platform: Linux  PlatformVersion: 5.14.0-427.37.1.el9_4.x86_64  CompilerName: GCC  CompilerVersion: 8.4.0
ProgramName: mri_compute_seg_overlap  ProgramArguments: mri_compute_seg_overlap -all-info  ProgramVersion: 7.3.2  TimeStamp: 2026/03/09-12:47:42-GMT  BuildTime: Aug  4 2022 06:17:15  BuildStamp: freesurfer-linux-ubuntu22_x86_64-7.3.2-20220804-6354275  User: oesteban  Machine: dna071  Platform: Linux  PlatformVersion: 5.14.0-427.37.1.el9_4.x86_64  CompilerName: GCC  CompilerVersion: 8.4.0
ProgramName: mri_concat  ProgramArguments: mri_concat -all-info  ProgramVersion: 7.3.2  TimeStamp: 2026/03/09-12:47:42-GMT  BuildTime: Aug  4 2022 06:17:15  BuildStamp: freesurfer-linux-ubuntu22_x86_64-7.3.2-20220804-6354275  User: oesteban  Machine: dna071  Platform: Linux  PlatformVersion: 5.14.0-427.37.1.el9_4.x86_64  CompilerName: GCC  CompilerVersion: 8.4.0
ProgramName: mri_concatenate_lta  ProgramArguments: mri_concatenate_lta -all-info  ProgramVersion: 7.3.2  TimeStamp: 2026/03/09-12:47:42-GMT  BuildTime: Aug  4 2022 06:17:15  BuildStamp: freesurfer-linux-ubuntu22_x86_64-7.3.2-20220804-6354275  User: oesteban  Machine: dna071  Platform: Linux  PlatformVersion: 5.14.0-427.37.1.el9_4.x86_64  CompilerName: GCC  CompilerVersion: 8.4.0
mri_convert -all-info 
ProgramName: mri_convert  ProgramArguments: mri_convert -all-info  ProgramVersion: 7.3.2  TimeStamp: 2026/03/09-12:47:42-GMT  BuildTime: Aug  4 2022 06:17:15  BuildStamp: freesurfer-linux-ubuntu22_x86_64-7.3.2-20220804-6354275  User: oesteban  Machine: dna071  Platform: Linux  PlatformVersion: 5.14.0-427.37.1.el9_4.x86_64  CompilerName: GCC  CompilerVersion: 8.4.0
ProgramName: mri_diff  ProgramArguments: mri_diff -all-info  ProgramVersion: 7.3.2  TimeStamp: 2026/03/09-12:47:42-GMT  BuildTime: Aug  4 2022 06:17:15  BuildStamp: freesurfer-linux-ubuntu22_x86_64-7.3.2-20220804-6354275  User: oesteban  Machine: dna071  Platform: Linux  PlatformVersion: 5.14.0-427.37.1.el9_4.x86_64  CompilerName: GCC  CompilerVersion: 8.4.0
ProgramName: mri_edit_wm_with_aseg  ProgramArguments: mri_edit_wm_with_aseg -all-info  ProgramVersion: 7.3.2  TimeStamp: 2026/03/09-12:47:42-GMT  BuildTime: Aug  4 2022 06:17:15  BuildStamp: freesurfer-linux-ubuntu22_x86_64-7.3.2-20220804-6354275  User: oesteban  Machine: dna071  Platform: Linux  PlatformVersion: 5.14.0-427.37.1.el9_4.x86_64  CompilerName: GCC  CompilerVersion: 8.4.0
ProgramName: mri_em_register  ProgramArguments: mri_em_register -all-info  ProgramVersion: 7.3.2  TimeStamp: 2026/03/09-12:47:42-GMT  BuildTime: Aug  4 2022 06:17:15  BuildStamp: freesurfer-linux-ubuntu22_x86_64-7.3.2-20220804-6354275  User: oesteban  Machine: dna071  Platform: Linux  PlatformVersion: 5.14.0-427.37.1.el9_4.x86_64  CompilerName: GCC  CompilerVersion: 8.4.0
ProgramName: mri_fill  ProgramArguments: mri_fill -all-info  ProgramVersion: 7.3.2  TimeStamp: 2026/03/09-12:47:42-GMT  BuildTime: Aug  4 2022 06:17:15  BuildStamp: freesurfer-linux-ubuntu22_x86_64-7.3.2-20220804-6354275  User: oesteban  Machine: dna071  Platform: Linux  PlatformVersion: 5.14.0-427.37.1.el9_4.x86_64  CompilerName: GCC  CompilerVersion: 8.4.0
ProgramName: mri_fuse_segmentations  ProgramArguments: mri_fuse_segmentations -all-info  ProgramVersion: 7.3.2  TimeStamp: 2026/03/09-12:47:42-GMT  BuildTime: Aug  4 2022 06:17:15  BuildStamp: freesurfer-linux-ubuntu22_x86_64-7.3.2-20220804-6354275  User: oesteban  Machine: dna071  Platform: Linux  PlatformVersion: 5.14.0-427.37.1.el9_4.x86_64  CompilerName: GCC  CompilerVersion: 8.4.0
ProgramName: mri_fwhm  ProgramArguments: mri_fwhm -all-info  ProgramVersion: 7.3.2  TimeStamp: 2026/03/09-12:47:42-GMT  BuildTime: Aug  4 2022 06:17:15  BuildStamp: freesurfer-linux-ubuntu22_x86_64-7.3.2-20220804-6354275  User: oesteban  Machine: dna071  Platform: Linux  PlatformVersion: 5.14.0-427.37.1.el9_4.x86_64  CompilerName: GCC  CompilerVersion: 8.4.0
ProgramName: mri_gcut  ProgramArguments: mri_gcut -all-info  ProgramVersion: 7.3.2  TimeStamp: 2026/03/09-12:47:42-GMT  BuildTime: Aug  4 2022 06:17:15  BuildStamp: freesurfer-linux-ubuntu22_x86_64-7.3.2-20220804-6354275  User: oesteban  Machine: dna071  Platform: Linux  PlatformVersion: 5.14.0-427.37.1.el9_4.x86_64  CompilerName: GCC  CompilerVersion: 8.4.0
ProgramName: mri_info  ProgramArguments: mri_info -all-info  ProgramVersion: 7.3.2  TimeStamp: 2026/03/09-12:47:42-GMT  BuildTime: Aug  4 2022 06:17:15  BuildStamp: freesurfer-linux-ubuntu22_x86_64-7.3.2-20220804-6354275  User: oesteban  Machine: dna071  Platform: Linux  PlatformVersion: 5.14.0-427.37.1.el9_4.x86_64  CompilerName: GCC  CompilerVersion: 8.4.0
ProgramName: mri_label2label  ProgramArguments: mri_label2label -all-info  ProgramVersion: 7.3.2  TimeStamp: 2026/03/09-12:47:42-GMT  BuildTime: Aug  4 2022 06:17:15  BuildStamp: freesurfer-linux-ubuntu22_x86_64-7.3.2-20220804-6354275  User: oesteban  Machine: dna071  Platform: Linux  PlatformVersion: 5.14.0-427.37.1.el9_4.x86_64  CompilerName: GCC  CompilerVersion: 8.4.0
ProgramName: mri_label2vol  ProgramArguments: mri_label2vol -all-info  ProgramVersion: 7.3.2  TimeStamp: 2026/03/09-12:47:42-GMT  BuildTime: Aug  4 2022 06:17:15  BuildStamp: freesurfer-linux-ubuntu22_x86_64-7.3.2-20220804-6354275  User: oesteban  Machine: dna071  Platform: Linux  PlatformVersion: 5.14.0-427.37.1.el9_4.x86_64  CompilerName: GCC  CompilerVersion: 8.4.0
ProgramName: mri_log_likelihood  ProgramArguments: mri_log_likelihood -all-info  ProgramVersion: 7.3.2  TimeStamp: 2026/03/09-12:47:42-GMT  BuildTime: Aug  4 2022 06:17:15  BuildStamp: freesurfer-linux-ubuntu22_x86_64-7.3.2-20220804-6354275  User: oesteban  Machine: dna071  Platform: Linux  PlatformVersion: 5.14.0-427.37.1.el9_4.x86_64  CompilerName: GCC  CompilerVersion: 8.4.0
ProgramName: mri_mask  ProgramArguments: mri_mask -all-info  ProgramVersion: 7.3.2  TimeStamp: 2026/03/09-12:47:42-GMT  BuildTime: Aug  4 2022 06:17:15  BuildStamp: freesurfer-linux-ubuntu22_x86_64-7.3.2-20220804-6354275  User: oesteban  Machine: dna071  Platform: Linux  PlatformVersion: 5.14.0-427.37.1.el9_4.x86_64  CompilerName: GCC  CompilerVersion: 8.4.0
ProgramName: mri_matrix_multiply  ProgramArguments: mri_matrix_multiply -all-info  ProgramVersion: 7.3.2  TimeStamp: 2026/03/09-12:47:42-GMT  BuildTime: Aug  4 2022 06:17:15  BuildStamp: freesurfer-linux-ubuntu22_x86_64-7.3.2-20220804-6354275  User: oesteban  Machine: dna071  Platform: Linux  PlatformVersion: 5.14.0-427.37.1.el9_4.x86_64  CompilerName: GCC  CompilerVersion: 8.4.0
ProgramName: mri_normalize  ProgramArguments: mri_normalize -all-info  ProgramVersion: 7.3.2  TimeStamp: 2026/03/09-12:47:42-GMT  BuildTime: Aug  4 2022 06:17:15  BuildStamp: freesurfer-linux-ubuntu22_x86_64-7.3.2-20220804-6354275  User: oesteban  Machine: dna071  Platform: Linux  PlatformVersion: 5.14.0-427.37.1.el9_4.x86_64  CompilerName: GCC  CompilerVersion: 8.4.0
ProgramName: mri_normalize_tp2  ProgramArguments: mri_normalize_tp2 -all-info  ProgramVersion: 7.3.2  TimeStamp: 2026/03/09-12:47:42-GMT  BuildTime: Aug  4 2022 06:17:15  BuildStamp: freesurfer-linux-ubuntu22_x86_64-7.3.2-20220804-6354275  User: oesteban  Machine: dna071  Platform: Linux  PlatformVersion: 5.14.0-427.37.1.el9_4.x86_64  CompilerName: GCC  CompilerVersion: 8.4.0
ProgramName: mri_or  ProgramArguments: mri_or -all-info  ProgramVersion: 7.3.2  TimeStamp: 2026/03/09-12:47:42-GMT  BuildTime: Aug  4 2022 06:17:15  BuildStamp: freesurfer-linux-ubuntu22_x86_64-7.3.2-20220804-6354275  User: oesteban  Machine: dna071  Platform: Linux  PlatformVersion: 5.14.0-427.37.1.el9_4.x86_64  CompilerName: GCC  CompilerVersion: 8.4.0
ProgramName: mri_relabel_hypointensities  ProgramArguments: mri_relabel_hypointensities -all-info  ProgramVersion: 7.3.2  TimeStamp: 2026/03/09-12:47:42-GMT  BuildTime: Aug  4 2022 06:17:15  BuildStamp: freesurfer-linux-ubuntu22_x86_64-7.3.2-20220804-6354275  User: oesteban  Machine: dna071  Platform: Linux  PlatformVersion: 5.14.0-427.37.1.el9_4.x86_64  CompilerName: GCC  CompilerVersion: 8.4.0
ProgramName: mri_relabel_nonwm_hypos  ProgramArguments: mri_relabel_nonwm_hypos -all-info  ProgramVersion: 7.3.2  TimeStamp: 2026/03/09-12:47:42-GMT  BuildTime: Aug  4 2022 06:17:15  BuildStamp: freesurfer-linux-ubuntu22_x86_64-7.3.2-20220804-6354275  User: oesteban  Machine: dna071  Platform: Linux  PlatformVersion: 5.14.0-427.37.1.el9_4.x86_64  CompilerName: GCC  CompilerVersion: 8.4.0
ProgramName: mri_remove_neck  ProgramArguments: mri_remove_neck -all-info  ProgramVersion: 7.3.2  TimeStamp: 2026/03/09-12:47:42-GMT  BuildTime: Aug  4 2022 06:17:15  BuildStamp: freesurfer-linux-ubuntu22_x86_64-7.3.2-20220804-6354275  User: oesteban  Machine: dna071  Platform: Linux  PlatformVersion: 5.14.0-427.37.1.el9_4.x86_64  CompilerName: GCC  CompilerVersion: 8.4.0
7.3.2

ProgramName: mri_robust_register  ProgramArguments: mri_robust_register -all-info  ProgramVersion: 7.3.2  TimeStamp: 2026/03/09-12:47:42-GMT  BuildTime: Aug  4 2022 06:17:15  BuildStamp: freesurfer-linux-ubuntu22_x86_64-7.3.2-20220804-6354275  User: oesteban  Machine: dna071  Platform: Linux  PlatformVersion: 5.14.0-427.37.1.el9_4.x86_64  CompilerName: GCC  CompilerVersion: 8.4.0
7.3.2

ProgramName: mri_robust_template  ProgramArguments: mri_robust_template -all-info  ProgramVersion: 7.3.2  TimeStamp: 2026/03/09-12:47:42-GMT  BuildTime: Aug  4 2022 06:17:15  BuildStamp: freesurfer-linux-ubuntu22_x86_64-7.3.2-20220804-6354275  User: oesteban  Machine: dna071  Platform: Linux  PlatformVersion: 5.14.0-427.37.1.el9_4.x86_64  CompilerName: GCC  CompilerVersion: 8.4.0
ProgramName: mris_anatomical_stats  ProgramArguments: mris_anatomical_stats -all-info  ProgramVersion: 7.3.2  TimeStamp: 2026/03/09-12:47:42-GMT  BuildTime: Aug  4 2022 06:17:15  BuildStamp: freesurfer-linux-ubuntu22_x86_64-7.3.2-20220804-6354275  User: oesteban  Machine: dna071  Platform: Linux  PlatformVersion: 5.14.0-427.37.1.el9_4.x86_64  CompilerName: GCC  CompilerVersion: 8.4.0
ProgramName: mris_ca_label  ProgramArguments: mris_ca_label -all-info  ProgramVersion: 7.3.2  TimeStamp: 2026/03/09-12:47:42-GMT  BuildTime: Aug  4 2022 06:17:15  BuildStamp: freesurfer-linux-ubuntu22_x86_64-7.3.2-20220804-6354275  User: oesteban  Machine: dna071  Platform: Linux  PlatformVersion: 5.14.0-427.37.1.el9_4.x86_64  CompilerName: GCC  CompilerVersion: 8.4.0
ProgramName: mris_calc  ProgramArguments: mris_calc -all-info  ProgramVersion: 7.3.2  TimeStamp: 2026/03/09-12:47:42-GMT  BuildTime: Aug  4 2022 06:17:15  BuildStamp: freesurfer-linux-ubuntu22_x86_64-7.3.2-20220804-6354275  User: oesteban  Machine: dna071  Platform: Linux  PlatformVersion: 5.14.0-427.37.1.el9_4.x86_64  CompilerName: GCC  CompilerVersion: 8.4.0
ProgramName: mris_convert  ProgramArguments: mris_convert -all-info  ProgramVersion: 7.3.2  TimeStamp: 2026/03/09-12:47:42-GMT  BuildTime: Aug  4 2022 06:17:15  BuildStamp: freesurfer-linux-ubuntu22_x86_64-7.3.2-20220804-6354275  User: oesteban  Machine: dna071  Platform: Linux  PlatformVersion: 5.14.0-427.37.1.el9_4.x86_64  CompilerName: GCC  CompilerVersion: 8.4.0
ProgramName: mris_curvature  ProgramArguments: mris_curvature -all-info  ProgramVersion: 7.3.2  TimeStamp: 2026/03/09-12:47:42-GMT  BuildTime: Aug  4 2022 06:17:15  BuildStamp: freesurfer-linux-ubuntu22_x86_64-7.3.2-20220804-6354275  User: oesteban  Machine: dna071  Platform: Linux  PlatformVersion: 5.14.0-427.37.1.el9_4.x86_64  CompilerName: GCC  CompilerVersion: 8.4.0
ProgramName: mris_curvature_stats  ProgramArguments: mris_curvature_stats -all-info  ProgramVersion: 7.3.2  TimeStamp: 2026/03/09-12:47:42-GMT  BuildTime: Aug  4 2022 06:17:15  BuildStamp: freesurfer-linux-ubuntu22_x86_64-7.3.2-20220804-6354275  User: oesteban  Machine: dna071  Platform: Linux  PlatformVersion: 5.14.0-427.37.1.el9_4.x86_64  CompilerName: GCC  CompilerVersion: 8.4.0
ProgramName: mris_diff  ProgramArguments: mris_diff -all-info  ProgramVersion: 7.3.2  TimeStamp: 2026/03/09-12:47:42-GMT  BuildTime: Aug  4 2022 06:17:15  BuildStamp: freesurfer-linux-ubuntu22_x86_64-7.3.2-20220804-6354275  User: oesteban  Machine: dna071  Platform: Linux  PlatformVersion: 5.14.0-427.37.1.el9_4.x86_64  CompilerName: GCC  CompilerVersion: 8.4.0
ProgramName: mris_divide_parcellation  ProgramArguments: mris_divide_parcellation -all-info  ProgramVersion: 7.3.2  TimeStamp: 2026/03/09-12:47:42-GMT  BuildTime: Aug  4 2022 06:17:15  BuildStamp: freesurfer-linux-ubuntu22_x86_64-7.3.2-20220804-6354275  User: oesteban  Machine: dna071  Platform: Linux  PlatformVersion: 5.14.0-427.37.1.el9_4.x86_64  CompilerName: GCC  CompilerVersion: 8.4.0
ProgramName: mri_segment  ProgramArguments: mri_segment -all-info  ProgramVersion: 7.3.2  TimeStamp: 2026/03/09-12:47:42-GMT  BuildTime: Aug  4 2022 06:17:15  BuildStamp: freesurfer-linux-ubuntu22_x86_64-7.3.2-20220804-6354275  User: oesteban  Machine: dna071  Platform: Linux  PlatformVersion: 5.14.0-427.37.1.el9_4.x86_64  CompilerName: GCC  CompilerVersion: 8.4.0
ProgramName: mri_segstats  ProgramArguments: mri_segstats -all-info  ProgramVersion: 7.3.2  TimeStamp: 2026/03/09-12:47:42-GMT  BuildTime: Aug  4 2022 06:17:15  BuildStamp: freesurfer-linux-ubuntu22_x86_64-7.3.2-20220804-6354275  User: oesteban  Machine: dna071  Platform: Linux  PlatformVersion: 5.14.0-427.37.1.el9_4.x86_64  CompilerName: GCC  CompilerVersion: 8.4.0
ProgramName: mris_euler_number  ProgramArguments: mris_euler_number -all-info  ProgramVersion: 7.3.2  TimeStamp: 2026/03/09-12:47:42-GMT  BuildTime: Aug  4 2022 06:17:15  BuildStamp: freesurfer-linux-ubuntu22_x86_64-7.3.2-20220804-6354275  User: oesteban  Machine: dna071  Platform: Linux  PlatformVersion: 5.14.0-427.37.1.el9_4.x86_64  CompilerName: GCC  CompilerVersion: 8.4.0
ProgramName: mris_fix_topology  ProgramArguments: mris_fix_topology -all-info  ProgramVersion: 7.3.2  TimeStamp: 2026/03/09-12:47:42-GMT  BuildTime: Aug  4 2022 06:17:15  BuildStamp: freesurfer-linux-ubuntu22_x86_64-7.3.2-20220804-6354275  User: oesteban  Machine: dna071  Platform: Linux  PlatformVersion: 5.14.0-427.37.1.el9_4.x86_64  CompilerName: GCC  CompilerVersion: 8.4.0
ProgramName: mris_topo_fixer  ProgramArguments: mris_topo_fixer -all-info  ProgramVersion: 7.3.2  TimeStamp: 2026/03/09-12:47:42-GMT  BuildTime: Aug  4 2022 06:17:15  BuildStamp: freesurfer-linux-ubuntu22_x86_64-7.3.2-20220804-6354275  User: oesteban  Machine: dna071  Platform: Linux  PlatformVersion: 5.14.0-427.37.1.el9_4.x86_64  CompilerName: GCC  CompilerVersion: 8.4.0
ProgramName: mris_jacobian  ProgramArguments: mris_jacobian -all-info  ProgramVersion: 7.3.2  TimeStamp: 2026/03/09-12:47:42-GMT  BuildTime: Aug  4 2022 06:17:15  BuildStamp: freesurfer-linux-ubuntu22_x86_64-7.3.2-20220804-6354275  User: oesteban  Machine: dna071  Platform: Linux  PlatformVersion: 5.14.0-427.37.1.el9_4.x86_64  CompilerName: GCC  CompilerVersion: 8.4.0
ProgramName: mris_label2annot  ProgramArguments: mris_label2annot -all-info  ProgramVersion: 7.3.2  TimeStamp: 2026/03/09-12:47:42-GMT  BuildTime: Aug  4 2022 06:17:15  BuildStamp: freesurfer-linux-ubuntu22_x86_64-7.3.2-20220804-6354275  User: oesteban  Machine: dna071  Platform: Linux  PlatformVersion: 5.14.0-427.37.1.el9_4.x86_64  CompilerName: GCC  CompilerVersion: 8.4.0
ProgramName: mris_left_right_register  ProgramArguments: mris_left_right_register -all-info  ProgramVersion: 7.3.2  TimeStamp: 2026/03/09-12:47:42-GMT  BuildTime: Aug  4 2022 06:17:15  BuildStamp: freesurfer-linux-ubuntu22_x86_64-7.3.2-20220804-6354275  User: oesteban  Machine: dna071  Platform: Linux  PlatformVersion: 5.14.0-427.37.1.el9_4.x86_64  CompilerName: GCC  CompilerVersion: 8.4.0
ProgramName: mris_place_surface  ProgramArguments: mris_place_surface -all-info  ProgramVersion: 7.3.2  TimeStamp: 2026/03/09-12:47:42-GMT  BuildTime: Aug  4 2022 06:17:15  BuildStamp: freesurfer-linux-ubuntu22_x86_64-7.3.2-20220804-6354275  User: oesteban  Machine: dna071  Platform: Linux  PlatformVersion: 5.14.0-427.37.1.el9_4.x86_64  CompilerName: GCC  CompilerVersion: 8.4.0
ProgramName: mrisp_paint  ProgramArguments: mrisp_paint -all-info  ProgramVersion: 7.3.2  TimeStamp: 2026/03/09-12:47:42-GMT  BuildTime: Aug  4 2022 06:17:15  BuildStamp: freesurfer-linux-ubuntu22_x86_64-7.3.2-20220804-6354275  User: oesteban  Machine: dna071  Platform: Linux  PlatformVersion: 5.14.0-427.37.1.el9_4.x86_64  CompilerName: GCC  CompilerVersion: 8.4.0
ProgramName: mris_register  ProgramArguments: mris_register -all-info  ProgramVersion: 7.3.2  TimeStamp: 2026/03/09-12:47:42-GMT  BuildTime: Aug  4 2022 06:17:15  BuildStamp: freesurfer-linux-ubuntu22_x86_64-7.3.2-20220804-6354275  User: oesteban  Machine: dna071  Platform: Linux  PlatformVersion: 5.14.0-427.37.1.el9_4.x86_64  CompilerName: GCC  CompilerVersion: 8.4.0
ProgramName: mris_smooth  ProgramArguments: mris_smooth -all-info  ProgramVersion: 7.3.2  TimeStamp: 2026/03/09-12:47:42-GMT  BuildTime: Aug  4 2022 06:17:15  BuildStamp: freesurfer-linux-ubuntu22_x86_64-7.3.2-20220804-6354275  User: oesteban  Machine: dna071  Platform: Linux  PlatformVersion: 5.14.0-427.37.1.el9_4.x86_64  CompilerName: GCC  CompilerVersion: 8.4.0
ProgramName: mris_sphere  ProgramArguments: mris_sphere -all-info  ProgramVersion: 7.3.2  TimeStamp: 2026/03/09-12:47:42-GMT  BuildTime: Aug  4 2022 06:17:15  BuildStamp: freesurfer-linux-ubuntu22_x86_64-7.3.2-20220804-6354275  User: oesteban  Machine: dna071  Platform: Linux  PlatformVersion: 5.14.0-427.37.1.el9_4.x86_64  CompilerName: GCC  CompilerVersion: 8.4.0
ProgramName: mris_surface_stats  ProgramArguments: mris_surface_stats -all-info  ProgramVersion: 7.3.2  TimeStamp: 2026/03/09-12:47:42-GMT  BuildTime: Aug  4 2022 06:17:15  BuildStamp: freesurfer-linux-ubuntu22_x86_64-7.3.2-20220804-6354275  User: oesteban  Machine: dna071  Platform: Linux  PlatformVersion: 5.14.0-427.37.1.el9_4.x86_64  CompilerName: GCC  CompilerVersion: 8.4.0
ProgramName: mri_stats2seg  ProgramArguments: mri_stats2seg -all-info  ProgramVersion: 7.3.2  TimeStamp: 2026/03/09-12:47:42-GMT  BuildTime: Aug  4 2022 06:17:15  BuildStamp: freesurfer-linux-ubuntu22_x86_64-7.3.2-20220804-6354275  User: oesteban  Machine: dna071  Platform: Linux  PlatformVersion: 5.14.0-427.37.1.el9_4.x86_64  CompilerName: GCC  CompilerVersion: 8.4.0
ProgramName: mris_thickness  ProgramArguments: mris_thickness -all-info  ProgramVersion: 7.3.2  TimeStamp: 2026/03/09-12:47:42-GMT  BuildTime: Aug  4 2022 06:17:15  BuildStamp: freesurfer-linux-ubuntu22_x86_64-7.3.2-20220804-6354275  User: oesteban  Machine: dna071  Platform: Linux  PlatformVersion: 5.14.0-427.37.1.el9_4.x86_64  CompilerName: GCC  CompilerVersion: 8.4.0
ProgramName: mris_thickness_diff  ProgramArguments: mris_thickness_diff -all-info  ProgramVersion: 7.3.2  TimeStamp: 2026/03/09-12:47:42-GMT  BuildTime: Aug  4 2022 06:17:15  BuildStamp: freesurfer-linux-ubuntu22_x86_64-7.3.2-20220804-6354275  User: oesteban  Machine: dna071  Platform: Linux  PlatformVersion: 5.14.0-427.37.1.el9_4.x86_64  CompilerName: GCC  CompilerVersion: 8.4.0
ProgramName: mris_topo_fixer  ProgramArguments: mris_topo_fixer -all-info  ProgramVersion: 7.3.2  TimeStamp: 2026/03/09-12:47:42-GMT  BuildTime: Aug  4 2022 06:17:15  BuildStamp: freesurfer-linux-ubuntu22_x86_64-7.3.2-20220804-6354275  User: oesteban  Machine: dna071  Platform: Linux  PlatformVersion: 5.14.0-427.37.1.el9_4.x86_64  CompilerName: GCC  CompilerVersion: 8.4.0
ProgramName: mri_surf2surf  ProgramArguments: mri_surf2surf -all-info  ProgramVersion: 7.3.2  TimeStamp: 2026/03/09-12:47:42-GMT  BuildTime: Aug  4 2022 06:17:15  BuildStamp: freesurfer-linux-ubuntu22_x86_64-7.3.2-20220804-6354275  User: oesteban  Machine: dna071  Platform: Linux  PlatformVersion: 5.14.0-427.37.1.el9_4.x86_64  CompilerName: GCC  CompilerVersion: 8.4.0
ProgramName: mri_surf2vol  ProgramArguments: mri_surf2vol -all-info  ProgramVersion: 7.3.2  TimeStamp: 2026/03/09-12:47:42-GMT  BuildTime: Aug  4 2022 06:17:15  BuildStamp: freesurfer-linux-ubuntu22_x86_64-7.3.2-20220804-6354275  User: oesteban  Machine: dna071  Platform: Linux  PlatformVersion: 5.14.0-427.37.1.el9_4.x86_64  CompilerName: GCC  CompilerVersion: 8.4.0
ProgramName: mri_surfcluster  ProgramArguments: mri_surfcluster -all-info  ProgramVersion: 7.3.2  TimeStamp: 2026/03/09-12:47:42-GMT  BuildTime: Aug  4 2022 06:17:15  BuildStamp: freesurfer-linux-ubuntu22_x86_64-7.3.2-20220804-6354275  User: oesteban  Machine: dna071  Platform: Linux  PlatformVersion: 5.14.0-427.37.1.el9_4.x86_64  CompilerName: GCC  CompilerVersion: 8.4.0
ProgramName: mris_volmask  ProgramArguments: mris_volmask -all-info  ProgramVersion: 7.3.2  TimeStamp: 2026/03/09-12:47:42-GMT  BuildTime: Aug  4 2022 06:17:15  BuildStamp: freesurfer-linux-ubuntu22_x86_64-7.3.2-20220804-6354275  User: oesteban  Machine: dna071  Platform: Linux  PlatformVersion: 5.14.0-427.37.1.el9_4.x86_64  CompilerName: GCC  CompilerVersion: 8.4.0
ProgramName: mri_tessellate  ProgramArguments: mri_tessellate -all-info  ProgramVersion: 7.3.2  TimeStamp: 2026/03/09-12:47:42-GMT  BuildTime: Aug  4 2022 06:17:15  BuildStamp: freesurfer-linux-ubuntu22_x86_64-7.3.2-20220804-6354275  User: oesteban  Machine: dna071  Platform: Linux  PlatformVersion: 5.14.0-427.37.1.el9_4.x86_64  CompilerName: GCC  CompilerVersion: 8.4.0
ProgramName: mri_vol2surf  ProgramArguments: mri_vol2surf -all-info  ProgramVersion: 7.3.2  TimeStamp: 2026/03/09-12:47:42-GMT  BuildTime: Aug  4 2022 06:17:15  BuildStamp: freesurfer-linux-ubuntu22_x86_64-7.3.2-20220804-6354275  User: oesteban  Machine: dna071  Platform: Linux  PlatformVersion: 5.14.0-427.37.1.el9_4.x86_64  CompilerName: GCC  CompilerVersion: 8.4.0
ProgramName: mri_vol2vol  ProgramArguments: mri_vol2vol -all-info  ProgramVersion: 7.3.2  TimeStamp: 2026/03/09-12:47:42-GMT  BuildTime: Aug  4 2022 06:17:15  BuildStamp: freesurfer-linux-ubuntu22_x86_64-7.3.2-20220804-6354275  User: oesteban  Machine: dna071  Platform: Linux  PlatformVersion: 5.14.0-427.37.1.el9_4.x86_64  CompilerName: GCC  CompilerVersion: 8.4.0
ProgramName: mri_voldiff  ProgramArguments: mri_voldiff -all-info  ProgramVersion: 7.3.2  TimeStamp: 2026/03/09-12:47:42-GMT  BuildTime: Aug  4 2022 06:17:15  BuildStamp: freesurfer-linux-ubuntu22_x86_64-7.3.2-20220804-6354275  User: oesteban  Machine: dna071  Platform: Linux  PlatformVersion: 5.14.0-427.37.1.el9_4.x86_64  CompilerName: GCC  CompilerVersion: 8.4.0
ProgramName: mri_watershed  ProgramArguments: mri_watershed -all-info  ProgramVersion: 7.3.2  TimeStamp: 2026/03/09-12:47:42-GMT  BuildTime: Aug  4 2022 06:17:15  BuildStamp: freesurfer-linux-ubuntu22_x86_64-7.3.2-20220804-6354275  User: oesteban  Machine: dna071  Platform: Linux  PlatformVersion: 5.14.0-427.37.1.el9_4.x86_64  CompilerName: GCC  CompilerVersion: 8.4.0
ProgramName: tkregister2  ProgramArguments: tkregister2_cmdl -all-info  ProgramVersion: 7.3.2  TimeStamp: 2026/03/09-12:47:42-GMT  BuildTime: Aug  4 2022 06:17:15  BuildStamp: freesurfer-linux-ubuntu22_x86_64-7.3.2-20220804-6354275  User: oesteban  Machine: dna071  Platform: Linux  PlatformVersion: 5.14.0-427.37.1.el9_4.x86_64  CompilerName: GCC  CompilerVersion: 8.4.0
mri_motion_correct.fsl 7.3.2
mri_convert -all-info 
ProgramName: mri_convert  ProgramArguments: mri_convert -all-info  ProgramVersion: 7.3.2  TimeStamp: 2026/03/09-12:47:42-GMT  BuildTime: Aug  4 2022 06:17:15  BuildStamp: freesurfer-linux-ubuntu22_x86_64-7.3.2-20220804-6354275  User: oesteban  Machine: dna071  Platform: Linux  PlatformVersion: 5.14.0-427.37.1.el9_4.x86_64  CompilerName: GCC  CompilerVersion: 8.4.0
Program nu_correct, built from:
Package MNI N3, version 1.12.0, compiled by nicks@terrier (x86_64-unknown-linux-gnu) on 2015-06-19 at 01:25:34
#######################################
GCADIR /opt/freesurfer/average
GCA RB_all_2020-01-02.gca
GCASkull RB_all_withskull_2020_01_02.gca
AvgCurvTif folding.atlas.acfb40.noaparc.i12.2016-08-02.tif
GCSDIR /opt/freesurfer/average
GCS DKaparc.atlas.acfb40.noaparc.i12.2016-08-02.gcs
#######################################
#--------------------------------------------
#@# AutoDetGWStats lh Mon Mar  9 13:47:42 CET 2026
cd /out/sourcedata/freesurfer/sub-v1s21x0050416_ses-1/mri
mris_autodet_gwstats --o ../surf/autodet.gw.stats.lh.dat --i brain.finalsurfs.mgz --wm wm.mgz --surf ../surf/lh.orig.premesh
  Update not needed
#--------------------------------------------
#@# WhitePreAparc lh Mon Mar  9 13:47:42 CET 2026
cd /out/sourcedata/freesurfer/sub-v1s21x0050416_ses-1/mri
mris_place_surface --adgws-in ../surf/autodet.gw.stats.lh.dat --wm wm.mgz --threads 16 --invol brain.finalsurfs.mgz --lh --i ../surf/lh.orig --o ../surf/lh.white.preaparc --white --seg aseg.presurf.mgz --nsmooth 5
   Update not needed
#--------------------------------------------
#@# CortexLabel lh Mon Mar  9 13:47:42 CET 2026
cd /out/sourcedata/freesurfer/sub-v1s21x0050416_ses-1/mri
mri_label2label --label-cortex ../surf/lh.white.preaparc aseg.presurf.mgz 0 ../label/lh.cortex.label
   Update not needed
#--------------------------------------------
#@# CortexLabel+HipAmyg lh Mon Mar  9 13:47:42 CET 2026
cd /out/sourcedata/freesurfer/sub-v1s21x0050416_ses-1/mri
mri_label2label --label-cortex ../surf/lh.white.preaparc aseg.presurf.mgz 1 ../label/lh.cortex+hipamyg.label
   Update not needed
#@# white curv lh Mon Mar  9 13:47:42 CET 2026
cd /out/sourcedata/freesurfer/sub-v1s21x0050416_ses-1/mri
mris_place_surface --curv-map ../surf/lh.white 2 10 ../surf/lh.curv
   Update not needed
#@# white area lh Mon Mar  9 13:47:42 CET 2026
cd /out/sourcedata/freesurfer/sub-v1s21x0050416_ses-1/mri
mris_place_surface --area-map ../surf/lh.white ../surf/lh.area
   Update not needed
#@# pial curv lh Mon Mar  9 13:47:42 CET 2026
cd /out/sourcedata/freesurfer/sub-v1s21x0050416_ses-1/mri
mris_place_surface --curv-map ../surf/lh.pial 2 10 ../surf/lh.curv.pial
   Update not needed
#@# pial area lh Mon Mar  9 13:47:42 CET 2026
cd /out/sourcedata/freesurfer/sub-v1s21x0050416_ses-1/mri
mris_place_surface --area-map ../surf/lh.pial ../surf/lh.area.pial
   Update not needed
#@# thickness lh Mon Mar  9 13:47:42 CET 2026
cd /out/sourcedata/freesurfer/sub-v1s21x0050416_ses-1/mri
mris_place_surface --thickness ../surf/lh.white ../surf/lh.pial 20 5 ../surf/lh.thickness
   Update not needed
#@# area and vertex vol lh Mon Mar  9 13:47:42 CET 2026
cd /out/sourcedata/freesurfer/sub-v1s21x0050416_ses-1/mri
mris_place_surface --thickness ../surf/lh.white ../surf/lh.pial 20 5 ../surf/lh.thickness
   Update not needed
#-----------------------------------------
#@# Parcellation Stats lh Mon Mar  9 13:47:42 CET 2026
/out/sourcedata/freesurfer/sub-v1s21x0050416_ses-1/scripts

 mris_anatomical_stats -th3 -mgz -noglobal -cortex ../label/lh.cortex.label -f ../stats/lh.aparc.stats -b -a ../label/lh.aparc.annot -c ../label/aparc.annot.ctab sub-v1s21x0050416_ses-1 lh white 

computing statistics for each annotation in ../label/lh.aparc.annot.
reading volume /out/sourcedata/freesurfer/sub-v1s21x0050416_ses-1/mri/wm.mgz...
reading input surface /out/sourcedata/freesurfer/sub-v1s21x0050416_ses-1/surf/lh.white...
reading input pial surface /out/sourcedata/freesurfer/sub-v1s21x0050416_ses-1/surf/lh.pial...
reading input white surface /out/sourcedata/freesurfer/sub-v1s21x0050416_ses-1/surf/lh.white...
INFO: using TH3 volume calc
INFO: assuming MGZ format for volumes.
INFO: not computing global stats
INFO: using ../label/lh.cortex.label as mask to calc cortex NumVert, SurfArea and MeanThickness.
Using TH3 vertex volume calc
Total face volume 286684
Total vertex volume 286442 (mask=0)
Saving annotation colortable ../label/aparc.annot.ctab

table columns are:
    number of vertices
    total surface area (mm^2)
    total gray matter volume (mm^3)
    average cortical thickness +- standard deviation (mm)
    integrated rectified mean curvature
    integrated rectified Gaussian curvature
    folding index
    intrinsic curvature index
    structure name

 1480    999   2259  2.256 0.619     0.093     0.015        9     1.0  bankssts
 1227    895   2705  2.488 0.813     0.127     0.023       18     1.3  caudalanteriorcingulate
 4038   2781   9315  2.945 0.577     0.110     0.022       32     3.7  caudalmiddlefrontal
 2465   1796   3592  1.933 0.617     0.151     0.035       31     3.6  cuneus
  867    609   2516  3.036 0.712     0.138     0.041       13     1.3  entorhinal
 4821   3605  10072  2.449 0.709     0.135     0.034       71     7.1  fusiform
 7083   5024  14431  2.479 0.685     0.112     0.022       71     6.6  inferiorparietal
 6807   4954  15269  2.584 0.743     0.137     0.034      109     9.9  inferiortemporal
 1705   1226   3626  2.453 0.919     0.121     0.026       19     1.8  isthmuscingulate
 9548   6589  15726  2.121 0.657     0.134     0.035      120    13.8  lateraloccipital
 4426   3227   9114  2.595 0.738     0.132     0.032       46     5.9  lateralorbitofrontal
 4373   3277   6607  1.927 0.630     0.135     0.035       59     6.2  lingual
 3392   2340   6399  2.396 0.637     0.117     0.036       40     4.3  medialorbitofrontal
 5760   3971  12582  2.699 0.637     0.109     0.023       58     5.0  middletemporal
  979    646   2126  2.811 0.784     0.090     0.018        7     0.8  parahippocampal
 2469   1727   4090  2.306 0.655     0.117     0.028       23     2.9  paracentral
 3954   2827   8757  2.652 0.769     0.121     0.025       43     4.1  parsopercularis
 1331    985   2872  2.374 0.651     0.141     0.032       21     1.7  parsorbitalis
 2370   1721   4585  2.303 0.594     0.109     0.019       22     2.0  parstriangularis
 2385   1666   2209  1.509 0.497     0.132     0.035       25     3.3  pericalcarine
 6286   4083   8211  1.830 0.637     0.101     0.021       47     5.7  postcentral
 1751   1254   3394  2.521 0.718     0.113     0.019       16     1.6  posteriorcingulate
 7913   5363  15017  2.608 0.653     0.113     0.024       67     7.8  precentral
 5425   3829  11338  2.537 0.689     0.118     0.024       53     5.4  precuneus
 1611   1208   3394  2.524 0.771     0.128     0.028       26     1.9  rostralanteriorcingulate
10906   8031  22174  2.425 0.640     0.130     0.031      163    13.4  rostralmiddlefrontal
14174   9737  32813  2.985 0.669     0.117     0.025      132    15.0  superiorfrontal
 8577   5748  15127  2.352 0.653     0.111     0.022       78     7.9  superiorparietal
 6485   4550  11596  2.304 0.663     0.106     0.023       66     6.7  superiortemporal
 5680   4199  12387  2.553 0.694     0.128     0.028       65     7.0  supramarginal
  438    352   1345  2.884 0.501     0.142     0.037        7     0.5  frontalpole
  735    557   1817  2.702 0.695     0.134     0.040       15     1.3  temporalpole
  742    516   1443  2.488 0.552     0.111     0.025        7     0.7  transversetemporal
 3866   2571   7535  2.874 0.691     0.111     0.025       31     3.9  insula

 mris_anatomical_stats -th3 -mgz -noglobal -cortex ../label/lh.cortex.label -f ../stats/lh.aparc.pial.stats -b -a ../label/lh.aparc.annot -c ../label/aparc.annot.ctab sub-v1s21x0050416_ses-1 lh pial 

computing statistics for each annotation in ../label/lh.aparc.annot.
reading volume /out/sourcedata/freesurfer/sub-v1s21x0050416_ses-1/mri/wm.mgz...
reading input surface /out/sourcedata/freesurfer/sub-v1s21x0050416_ses-1/surf/lh.pial...
reading input pial surface /out/sourcedata/freesurfer/sub-v1s21x0050416_ses-1/surf/lh.pial...
reading input white surface /out/sourcedata/freesurfer/sub-v1s21x0050416_ses-1/surf/lh.white...
INFO: using TH3 volume calc
INFO: assuming MGZ format for volumes.
INFO: not computing global stats
INFO: using ../label/lh.cortex.label as mask to calc cortex NumVert, SurfArea and MeanThickness.
Using TH3 vertex volume calc
Total face volume 286684
Total vertex volume 286442 (mask=0)
Saving annotation colortable ../label/aparc.annot.ctab

table columns are:
    number of vertices
    total surface area (mm^2)
    total gray matter volume (mm^3)
    average cortical thickness +- standard deviation (mm)
    integrated rectified mean curvature
    integrated rectified Gaussian curvature
    folding index
    intrinsic curvature index
    structure name

 1480    947   2259  2.256 0.619     0.110     0.028       15     1.6  bankssts
 1227   1236   2705  2.488 0.813     0.191     0.055      106     2.3  caudalanteriorcingulate
 4038   3416   9315  2.945 0.577     0.135     0.032       51     5.4  caudalmiddlefrontal
 2465   2126   3592  1.933 0.617     0.150     0.041      101     4.1  cuneus
  867   1124   2516  3.036 0.712     0.305     0.094       36     4.1  entorhinal
 4821   4742  10072  2.449 0.709     0.179     0.050      183     9.7  fusiform
 7083   6460  14431  2.479 0.685     0.143     0.030       97     9.7  inferiorparietal
 6807   6825  15269  2.584 0.743     0.181     0.043      230    13.1  inferiortemporal
 1705   1719   3626  2.453 0.919     0.173     0.094       47     3.4  isthmuscingulate
 9548   8369  15726  2.121 0.657     0.150     0.039      360    15.1  lateraloccipital
 4426   3965   9114  2.595 0.738     0.166     0.043       97     8.4  lateralorbitofrontal
 4373   3910   6607  1.927 0.630     0.161     0.043      110     7.2  lingual
 3392   3164   6399  2.396 0.637     0.177     0.053       70     7.7  medialorbitofrontal
 5760   5244  12582  2.699 0.637     0.146     0.040      124     8.2  middletemporal
  979    956   2126  2.811 0.784     0.209     0.057       15     2.9  parahippocampal
 2469   1961   4090  2.306 0.655     0.123     0.027       31     2.7  paracentral
 3954   3845   8757  2.652 0.769     0.154     0.035       66     5.8  parsopercularis
 1331   1419   2872  2.374 0.651     0.168     0.040       22     2.3  parsorbitalis
 2370   2293   4585  2.303 0.594     0.161     0.030       42     3.4  parstriangularis
 2385   1492   2209  1.509 0.497     0.123     0.034       45     3.2  pericalcarine
 6286   5064   8211  1.830 0.637     0.119     0.024       57     6.6  postcentral
 1751   1454   3394  2.521 0.718     0.155     0.039       57     2.6  posteriorcingulate
 7913   6057  15017  2.608 0.653     0.118     0.028      202     9.6  precentral
 5425   4853  11338  2.537 0.689     0.156     0.036      103     8.3  precuneus
 1611   1542   3394  2.524 0.771     0.179     0.049       65     3.9  rostralanteriorcingulate
10906  10169  22174  2.425 0.640     0.160     0.040     1322    19.4  rostralmiddlefrontal
14174  11955  32813  2.985 0.669     0.139     0.036      541    19.4  superiorfrontal
 8577   6932  15127  2.352 0.653     0.124     0.028      133    10.1  superiorparietal
 6485   5670  11596  2.304 0.663     0.144     0.039      147     9.5  superiortemporal
 5680   5370  12387  2.553 0.694     0.155     0.035       92     8.6  supramarginal
  438    582   1345  2.884 0.501     0.189     0.040        7     0.8  frontalpole
  735    885   1817  2.702 0.695     0.192     0.050       15     1.5  temporalpole
  742    696   1443  2.488 0.552     0.144     0.038        7     1.2  transversetemporal
 3866   2679   7535  2.874 0.691     0.147     0.041       76     6.8  insula
#-----------------------------------------
#@# Parcellation Stats 2 lh Mon Mar  9 13:48:08 CET 2026
/out/sourcedata/freesurfer/sub-v1s21x0050416_ses-1/scripts

 mris_anatomical_stats -th3 -mgz -noglobal -cortex ../label/lh.cortex.label -f ../stats/lh.aparc.a2009s.stats -b -a ../label/lh.aparc.a2009s.annot -c ../label/aparc.annot.a2009s.ctab sub-v1s21x0050416_ses-1 lh white 

computing statistics for each annotation in ../label/lh.aparc.a2009s.annot.
reading volume /out/sourcedata/freesurfer/sub-v1s21x0050416_ses-1/mri/wm.mgz...
reading input surface /out/sourcedata/freesurfer/sub-v1s21x0050416_ses-1/surf/lh.white...
reading input pial surface /out/sourcedata/freesurfer/sub-v1s21x0050416_ses-1/surf/lh.pial...
reading input white surface /out/sourcedata/freesurfer/sub-v1s21x0050416_ses-1/surf/lh.white...
INFO: using TH3 volume calc
INFO: assuming MGZ format for volumes.
INFO: not computing global stats
INFO: using ../label/lh.cortex.label as mask to calc cortex NumVert, SurfArea and MeanThickness.
Using TH3 vertex volume calc
Total face volume 286684
Total vertex volume 286442 (mask=0)
Saving annotation colortable ../label/aparc.annot.a2009s.ctab

table columns are:
    number of vertices
    total surface area (mm^2)
    total gray matter volume (mm^3)
    average cortical thickness +- standard deviation (mm)
    integrated rectified mean curvature
    integrated rectified Gaussian curvature
    folding index
    intrinsic curvature index
    structure name

 1456   1053   2393  2.178 0.620     0.147     0.040       29     2.3  G_and_S_frontomargin
 2223   1631   4526  2.415 0.598     0.150     0.041       34     3.6  G_and_S_occipital_inf
 2011   1290   3421  2.349 0.716     0.122     0.031       18     2.7  G_and_S_paracentral
 1493   1002   2638  2.382 0.704     0.127     0.031       17     2.0  G_and_S_subcentral
 1062    878   3332  2.943 0.566     0.161     0.043       21     2.0  G_and_S_transv_frontopol
 2947   2167   6389  2.754 0.599     0.116     0.026       35     3.1  G_and_S_cingul-Ant
 1632   1135   3159  2.723 0.509     0.098     0.014       13     1.1  G_and_S_cingul-Mid-Ant
 1577   1093   3017  2.595 0.606     0.095     0.016       11     1.1  G_and_S_cingul-Mid-Post
  516    428   1759  3.071 0.682     0.172     0.041       10     0.9  G_cingul-Post-dorsal
  423    323   1338  3.012 0.979     0.156     0.041        6     0.7  G_cingul-Post-ventral
 2335   1713   3466  1.761 0.629     0.146     0.036       27     3.5  G_cuneus
 2322   1677   6226  2.844 0.739     0.132     0.032       32     2.9  G_front_inf-Opercular
  648    477   2007  2.906 0.539     0.148     0.035       14     1.0  G_front_inf-Orbital
 1308   1034   3268  2.356 0.621     0.126     0.027       17     1.6  G_front_inf-Triangul
 5774   4436  16448  2.819 0.696     0.141     0.034       90     7.8  G_front_middle
 9369   6560  24895  3.117 0.704     0.131     0.031      108    11.7  G_front_sup
  890    573   1750  2.801 0.592     0.117     0.028       11     0.9  G_Ins_lg_and_S_cent_ins
  865    620   2712  3.333 0.634     0.142     0.036       10     1.3  G_insular_short
 2800   1997   6473  2.476 0.707     0.137     0.037       42     4.2  G_occipital_middle
 1600   1046   2454  1.972 0.699     0.122     0.029       18     1.9  G_occipital_sup
 2113   1637   5200  2.570 0.688     0.153     0.041       42     3.7  G_oc-temp_lat-fusifor
 3026   2401   5040  1.807 0.660     0.168     0.049       58     6.2  G_oc-temp_med-Lingual
 1398    956   3681  2.975 0.779     0.121     0.033       17     1.9  G_oc-temp_med-Parahip
 2690   2062   6760  2.459 0.789     0.149     0.041       39     4.1  G_orbital
 2379   1814   6365  2.696 0.706     0.126     0.026       35     2.5  G_pariet_inf-Angular
 2674   2065   7543  2.826 0.727     0.148     0.035       42     4.2  G_pariet_inf-Supramar
 3055   2115   7577  2.769 0.609     0.117     0.025       38     3.2  G_parietal_sup
 2560   1662   3738  1.903 0.608     0.115     0.025       27     2.9  G_postcentral
 2739   1825   6775  2.824 0.611     0.116     0.027       25     2.9  G_precentral
 2423   1827   7226  2.856 0.709     0.146     0.033       37     3.5  G_precuneus
 1240    894   2914  2.510 0.668     0.153     0.057       23     2.7  G_rectus
  602    376    836  2.142 0.625     0.116     0.047        7     0.9  G_subcallosal
  576    405   1246  2.443 0.538     0.109     0.027        6     0.6  G_temp_sup-G_T_transv
 2392   1825   5739  2.448 0.762     0.151     0.042       49     4.6  G_temp_sup-Lateral
  978    705   1875  2.384 0.703     0.073     0.014        3     0.6  G_temp_sup-Plan_polar
  899    626   1667  2.434 0.629     0.073     0.009        3     0.4  G_temp_sup-Plan_tempo
 3647   2673   9382  2.693 0.830     0.151     0.045       77     6.8  G_temporal_inf
 2742   1935   7465  2.926 0.614     0.122     0.028       37     2.6  G_temporal_middle
  386    267    556  2.379 0.351     0.097     0.011        2     0.2  Lat_Fis-ant-Horizont
  329    235    480  2.162 0.606     0.091     0.016        2     0.2  Lat_Fis-ant-Vertical
 1179    776   1351  2.090 0.579     0.098     0.018        6     0.9  Lat_Fis-post
 2628   1722   3578  1.858 0.711     0.132     0.039       30     4.0  Pole_occipital
 1850   1467   5587  2.764 0.736     0.158     0.046       38     3.5  Pole_temporal
 2902   1969   3362  1.911 0.708     0.106     0.024       20     3.0  S_calcarine
 3161   2101   3436  1.867 0.660     0.097     0.018       17     2.4  S_central
 1272    860   1773  2.223 0.551     0.094     0.014        6     0.8  S_cingul-Marginalis
  708    479   1246  3.203 0.523     0.090     0.015        2     0.5  S_circular_insula_ant
 1410    911   1875  2.501 0.640     0.085     0.015        6     0.8  S_circular_insula_inf
 2234   1457   3160  2.716 0.656     0.094     0.015        9     1.4  S_circular_insula_sup
 1068    767   2135  2.693 0.753     0.120     0.023       11     1.2  S_collat_transv_ant
  367    262    488  2.093 0.541     0.126     0.028        3     0.4  S_collat_transv_post
 3286   2293   4905  2.268 0.567     0.114     0.019       27     2.5  S_front_inf
 1636   1168   2539  2.270 0.409     0.118     0.028       31     2.0  S_front_middle
 4190   2775   7090  2.708 0.471     0.093     0.016       21     2.8  S_front_sup
  309    216    437  2.151 0.580     0.099     0.017        2     0.2  S_interm_prim-Jensen
 3558   2350   4555  2.230 0.464     0.099     0.018       21     2.7  S_intrapariet_and_P_trans
 1327    896   1526  1.933 0.471     0.108     0.018        8     1.1  S_oc_middle_and_Lunatus
 1402    953   1559  1.885 0.475     0.109     0.021       11     1.1  S_oc_sup_and_transversal
 1064    752   1487  2.094 0.406     0.120     0.021       13     1.0  S_occipital_ant
 1263    884   1662  2.065 0.656     0.105     0.018        9     1.1  S_oc-temp_lat
 1982   1357   2817  2.284 0.559     0.099     0.020       12     1.5  S_oc-temp_med_and_Lingual
  464    332    579  1.928 0.468     0.106     0.014        3     0.3  S_orbital_lateral
  713    493   1118  2.386 0.695     0.097     0.022        4     0.5  S_orbital_med-olfact
 1720   1195   2615  2.324 0.669     0.121     0.025       14     1.9  S_orbital-H_Shaped
 2491   1706   3551  2.268 0.526     0.108     0.018       19     1.9  S_parieto_occipital
 1778   1101   1521  1.671 0.473     0.095     0.013       18     1.0  S_pericallosal
 3044   2078   3880  1.959 0.538     0.103     0.019       19     2.5  S_postcentral
 2084   1484   3403  2.535 0.569     0.110     0.021       17     2.1  S_precentral-inf-part
 1653   1086   2681  2.873 0.495     0.085     0.014        6     1.0  S_precentral-sup-part
  839    554   1029  2.230 0.484     0.097     0.012        5     0.5  S_suborbital
  821    571   1266  2.440 0.459     0.114     0.020        6     0.7  S_subparietal
 2792   1857   3911  2.414 0.456     0.096     0.014       15     2.1  S_temporal_inf
 6238   4182   9925  2.330 0.598     0.096     0.017       44     4.5  S_temporal_sup
  537    373    658  2.092 0.359     0.103     0.012        4     0.3  S_temporal_transverse
#-----------------------------------------
#@# Parcellation Stats 3 lh Mon Mar  9 13:48:17 CET 2026
/out/sourcedata/freesurfer/sub-v1s21x0050416_ses-1/scripts

 mris_anatomical_stats -th3 -mgz -noglobal -cortex ../label/lh.cortex.label -f ../stats/lh.aparc.DKTatlas.stats -b -a ../label/lh.aparc.DKTatlas.annot -c ../label/aparc.annot.DKTatlas.ctab sub-v1s21x0050416_ses-1 lh white 

computing statistics for each annotation in ../label/lh.aparc.DKTatlas.annot.
reading volume /out/sourcedata/freesurfer/sub-v1s21x0050416_ses-1/mri/wm.mgz...
reading input surface /out/sourcedata/freesurfer/sub-v1s21x0050416_ses-1/surf/lh.white...
reading input pial surface /out/sourcedata/freesurfer/sub-v1s21x0050416_ses-1/surf/lh.pial...
reading input white surface /out/sourcedata/freesurfer/sub-v1s21x0050416_ses-1/surf/lh.white...
INFO: using TH3 volume calc
INFO: assuming MGZ format for volumes.
INFO: not computing global stats
INFO: using ../label/lh.cortex.label as mask to calc cortex NumVert, SurfArea and MeanThickness.
Using TH3 vertex volume calc
Total face volume 286684
Total vertex volume 286442 (mask=0)
Saving annotation colortable ../label/aparc.annot.DKTatlas.ctab

table columns are:
    number of vertices
    total surface area (mm^2)
    total gray matter volume (mm^3)
    average cortical thickness +- standard deviation (mm)
    integrated rectified mean curvature
    integrated rectified Gaussian curvature
    folding index
    intrinsic curvature index
    structure name

 1930   1359   3909  2.586 0.727     0.113     0.019       23     1.7  caudalanteriorcingulate
 4310   2961   9670  2.920 0.578     0.110     0.022       34     3.9  caudalmiddlefrontal
 3389   2419   4997  1.972 0.624     0.131     0.029       34     4.1  cuneus
  729    513   2011  3.019 0.709     0.137     0.041       11     1.2  entorhinal
 4491   3370   9096  2.412 0.715     0.134     0.031       64     6.1  fusiform
 7005   4963  13979  2.474 0.687     0.111     0.022       70     6.4  inferiorparietal
 6611   4833  15251  2.608 0.767     0.141     0.038      107    10.6  inferiortemporal
 1662   1192   3527  2.468 0.913     0.123     0.026       19     1.8  isthmuscingulate
 9589   6587  15655  2.116 0.658     0.133     0.035      123    13.5  lateraloccipital
 4784   3436   9186  2.397 0.768     0.134     0.035       57     6.6  lateralorbitofrontal
 4488   3372   6863  1.924 0.626     0.136     0.035       60     6.5  lingual
 2636   1842   5198  2.429 0.636     0.120     0.039       31     3.8  medialorbitofrontal
 7652   5269  16092  2.604 0.648     0.109     0.021       77     6.7  middletemporal
 1028    674   2199  2.793 0.772     0.089     0.018        7     0.8  parahippocampal
 3063   2116   4941  2.320 0.638     0.115     0.026       26     3.4  paracentral
 3603   2559   7859  2.679 0.754     0.116     0.025       37     3.6  parsopercularis
 1322    976   3196  2.716 0.666     0.137     0.028       19     1.7  parsorbitalis
 3113   2246   5740  2.264 0.584     0.113     0.020       30     2.6  parstriangularis
 2339   1634   2141  1.502 0.501     0.133     0.036       24     3.4  pericalcarine
 7142   4615   9465  1.909 0.675     0.103     0.020       56     6.3  postcentral
 2003   1426   3934  2.545 0.706     0.110     0.019       19     1.8  posteriorcingulate
 7890   5339  14919  2.603 0.645     0.113     0.024       67     8.1  precentral
 5223   3741  11446  2.570 0.680     0.121     0.024       53     5.3  precuneus
 2167   1573   4102  2.474 0.753     0.121     0.027       30     2.4  rostralanteriorcingulate
 7800   5806  16648  2.481 0.647     0.133     0.031      121     9.8  rostralmiddlefrontal
15596  10943  37134  2.943 0.678     0.121     0.027      163    17.1  superiorfrontal
 6801   4570  12199  2.394 0.642     0.111     0.023       64     6.3  superiorparietal
 8370   5897  15258  2.358 0.670     0.109     0.025       91     9.1  superiortemporal
 5251   3888  11640  2.559 0.696     0.129     0.028       61     6.7  supramarginal
  720    496   1402  2.499 0.551     0.111     0.025        6     0.6  transversetemporal
 3362   2249   6787  2.902 0.705     0.106     0.022       25     3.0  insula
/out/sourcedata/freesurfer/sub-v1s21x0050416_ses-1/label
#--------------------------------------------
#@# BA_exvivo Labels lh Mon Mar  9 13:48:30 CET 2026

 mri_label2label --srcsubject fsaverage --srclabel /out/sourcedata/freesurfer/fsaverage/label/lh.BA1_exvivo.label --trgsubject sub-v1s21x0050416_ses-1 --trglabel ./lh.BA1_exvivo.label --hemi lh --regmethod surface 


srclabel = /out/sourcedata/freesurfer/fsaverage/label/lh.BA1_exvivo.label
srcsubject = fsaverage
trgsubject = sub-v1s21x0050416_ses-1
trglabel = ./lh.BA1_exvivo.label
regmethod = surface

srchemi = lh
trghemi = lh
trgsurface = white
srcsurfreg = sphere.reg
trgsurfreg = sphere.reg
usehash = 1
Use ProjAbs  = 0, 0
Use ProjFrac = 0, 0
DoPaint 0

SUBJECTS_DIR    /out/sourcedata/freesurfer
FREESURFER_HOME /opt/freesurfer
Loading source label.
Found 4129 points in source label.
Starting surface-based mapping
Reading source registration 
 /out/sourcedata/freesurfer/fsaverage/surf/lh.sphere.reg
Rescaling ...  original radius = 100
Reading target surface 
 /out/sourcedata/freesurfer/sub-v1s21x0050416_ses-1/surf/lh.white
Reading target registration 
 /out/sourcedata/freesurfer/sub-v1s21x0050416_ses-1/surf/lh.sphere.reg
Rescaling ...  original radius = 100
Building target registration hash (res=16).
Building source registration hash (res=16).
INFO: found  4129 nlabel points
Performing mapping from target back to the source label 155077
Number of reverse mapping hits = 243
Checking for and removing duplicates
Writing label file ./lh.BA1_exvivo.label 4372
mri_label2label: Done


 mri_label2label --srcsubject fsaverage --srclabel /out/sourcedata/freesurfer/fsaverage/label/lh.BA2_exvivo.label --trgsubject sub-v1s21x0050416_ses-1 --trglabel ./lh.BA2_exvivo.label --hemi lh --regmethod surface 


srclabel = /out/sourcedata/freesurfer/fsaverage/label/lh.BA2_exvivo.label
srcsubject = fsaverage
trgsubject = sub-v1s21x0050416_ses-1
trglabel = ./lh.BA2_exvivo.label
regmethod = surface

srchemi = lh
trghemi = lh
trgsurface = white
srcsurfreg = sphere.reg
trgsurfreg = sphere.reg
usehash = 1
Use ProjAbs  = 0, 0
Use ProjFrac = 0, 0
DoPaint 0

SUBJECTS_DIR    /out/sourcedata/freesurfer
FREESURFER_HOME /opt/freesurfer
Loading source label.
Found 7909 points in source label.
Starting surface-based mapping
Reading source registration 
 /out/sourcedata/freesurfer/fsaverage/surf/lh.sphere.reg
Rescaling ...  original radius = 100
Reading target surface 
 /out/sourcedata/freesurfer/sub-v1s21x0050416_ses-1/surf/lh.white
Reading target registration 
 /out/sourcedata/freesurfer/sub-v1s21x0050416_ses-1/surf/lh.sphere.reg
Rescaling ...  original radius = 100
Building target registration hash (res=16).
Building source registration hash (res=16).
INFO: found  7909 nlabel points
Performing mapping from target back to the source label 155077
Number of reverse mapping hits = 369
Checking for and removing duplicates
Writing label file ./lh.BA2_exvivo.label 8278
mri_label2label: Done


 mri_label2label --srcsubject fsaverage --srclabel /out/sourcedata/freesurfer/fsaverage/label/lh.BA3a_exvivo.label --trgsubject sub-v1s21x0050416_ses-1 --trglabel ./lh.BA3a_exvivo.label --hemi lh --regmethod surface 


srclabel = /out/sourcedata/freesurfer/fsaverage/label/lh.BA3a_exvivo.label
srcsubject = fsaverage
trgsubject = sub-v1s21x0050416_ses-1
trglabel = ./lh.BA3a_exvivo.label
regmethod = surface

srchemi = lh
trghemi = lh
trgsurface = white
srcsurfreg = sphere.reg
trgsurfreg = sphere.reg
usehash = 1
Use ProjAbs  = 0, 0
Use ProjFrac = 0, 0
DoPaint 0

SUBJECTS_DIR    /out/sourcedata/freesurfer
FREESURFER_HOME /opt/freesurfer
Loading source label.
Found 4077 points in source label.
Starting surface-based mapping
Reading source registration 
 /out/sourcedata/freesurfer/fsaverage/surf/lh.sphere.reg
Rescaling ...  original radius = 100
Reading target surface 
 /out/sourcedata/freesurfer/sub-v1s21x0050416_ses-1/surf/lh.white
Reading target registration 
 /out/sourcedata/freesurfer/sub-v1s21x0050416_ses-1/surf/lh.sphere.reg
Rescaling ...  original radius = 100
Building target registration hash (res=16).
Building source registration hash (res=16).
INFO: found  4077 nlabel points
Performing mapping from target back to the source label 155077
Number of reverse mapping hits = 39
Checking for and removing duplicates
Writing label file ./lh.BA3a_exvivo.label 4116
mri_label2label: Done


 mri_label2label --srcsubject fsaverage --srclabel /out/sourcedata/freesurfer/fsaverage/label/lh.BA3b_exvivo.label --trgsubject sub-v1s21x0050416_ses-1 --trglabel ./lh.BA3b_exvivo.label --hemi lh --regmethod surface 


srclabel = /out/sourcedata/freesurfer/fsaverage/label/lh.BA3b_exvivo.label
srcsubject = fsaverage
trgsubject = sub-v1s21x0050416_ses-1
trglabel = ./lh.BA3b_exvivo.label
regmethod = surface

srchemi = lh
trghemi = lh
trgsurface = white
srcsurfreg = sphere.reg
trgsurfreg = sphere.reg
usehash = 1
Use ProjAbs  = 0, 0
Use ProjFrac = 0, 0
DoPaint 0

SUBJECTS_DIR    /out/sourcedata/freesurfer
FREESURFER_HOME /opt/freesurfer
Loading source label.
Found 5983 points in source label.
Starting surface-based mapping
Reading source registration 
 /out/sourcedata/freesurfer/fsaverage/surf/lh.sphere.reg
Rescaling ...  original radius = 100
Reading target surface 
 /out/sourcedata/freesurfer/sub-v1s21x0050416_ses-1/surf/lh.white
Reading target registration 
 /out/sourcedata/freesurfer/sub-v1s21x0050416_ses-1/surf/lh.sphere.reg
Rescaling ...  original radius = 100
Building target registration hash (res=16).
Building source registration hash (res=16).
INFO: found  5983 nlabel points
Performing mapping from target back to the source label 155077
Number of reverse mapping hits = 187
Checking for and removing duplicates
Writing label file ./lh.BA3b_exvivo.label 6170
mri_label2label: Done


 mri_label2label --srcsubject fsaverage --srclabel /out/sourcedata/freesurfer/fsaverage/label/lh.BA4a_exvivo.label --trgsubject sub-v1s21x0050416_ses-1 --trglabel ./lh.BA4a_exvivo.label --hemi lh --regmethod surface 


srclabel = /out/sourcedata/freesurfer/fsaverage/label/lh.BA4a_exvivo.label
srcsubject = fsaverage
trgsubject = sub-v1s21x0050416_ses-1
trglabel = ./lh.BA4a_exvivo.label
regmethod = surface

srchemi = lh
trghemi = lh
trgsurface = white
srcsurfreg = sphere.reg
trgsurfreg = sphere.reg
usehash = 1
Use ProjAbs  = 0, 0
Use ProjFrac = 0, 0
DoPaint 0

SUBJECTS_DIR    /out/sourcedata/freesurfer
FREESURFER_HOME /opt/freesurfer
Loading source label.
Found 5784 points in source label.
Starting surface-based mapping
Reading source registration 
 /out/sourcedata/freesurfer/fsaverage/surf/lh.sphere.reg
Rescaling ...  original radius = 100
Reading target surface 
 /out/sourcedata/freesurfer/sub-v1s21x0050416_ses-1/surf/lh.white
Reading target registration 
 /out/sourcedata/freesurfer/sub-v1s21x0050416_ses-1/surf/lh.sphere.reg
Rescaling ...  original radius = 100
Building target registration hash (res=16).
Building source registration hash (res=16).
INFO: found  5784 nlabel points
Performing mapping from target back to the source label 155077
Number of reverse mapping hits = 418
Checking for and removing duplicates
Writing label file ./lh.BA4a_exvivo.label 6202
mri_label2label: Done


 mri_label2label --srcsubject fsaverage --srclabel /out/sourcedata/freesurfer/fsaverage/label/lh.BA4p_exvivo.label --trgsubject sub-v1s21x0050416_ses-1 --trglabel ./lh.BA4p_exvivo.label --hemi lh --regmethod surface 


srclabel = /out/sourcedata/freesurfer/fsaverage/label/lh.BA4p_exvivo.label
srcsubject = fsaverage
trgsubject = sub-v1s21x0050416_ses-1
trglabel = ./lh.BA4p_exvivo.label
regmethod = surface

srchemi = lh
trghemi = lh
trgsurface = white
srcsurfreg = sphere.reg
trgsurfreg = sphere.reg
usehash = 1
Use ProjAbs  = 0, 0
Use ProjFrac = 0, 0
DoPaint 0

SUBJECTS_DIR    /out/sourcedata/freesurfer
FREESURFER_HOME /opt/freesurfer
Loading source label.
Found 4070 points in source label.
Starting surface-based mapping
Reading source registration 
 /out/sourcedata/freesurfer/fsaverage/surf/lh.sphere.reg
Rescaling ...  original radius = 100
Reading target surface 
 /out/sourcedata/freesurfer/sub-v1s21x0050416_ses-1/surf/lh.white
Reading target registration 
 /out/sourcedata/freesurfer/sub-v1s21x0050416_ses-1/surf/lh.sphere.reg
Rescaling ...  original radius = 100
Building target registration hash (res=16).
Building source registration hash (res=16).
INFO: found  4070 nlabel points
Performing mapping from target back to the source label 155077
Number of reverse mapping hits = 223
Checking for and removing duplicates
Writing label file ./lh.BA4p_exvivo.label 4293
mri_label2label: Done


 mri_label2label --srcsubject fsaverage --srclabel /out/sourcedata/freesurfer/fsaverage/label/lh.BA6_exvivo.label --trgsubject sub-v1s21x0050416_ses-1 --trglabel ./lh.BA6_exvivo.label --hemi lh --regmethod surface 


srclabel = /out/sourcedata/freesurfer/fsaverage/label/lh.BA6_exvivo.label
srcsubject = fsaverage
trgsubject = sub-v1s21x0050416_ses-1
trglabel = ./lh.BA6_exvivo.label
regmethod = surface

srchemi = lh
trghemi = lh
trgsurface = white
srcsurfreg = sphere.reg
trgsurfreg = sphere.reg
usehash = 1
Use ProjAbs  = 0, 0
Use ProjFrac = 0, 0
DoPaint 0

SUBJECTS_DIR    /out/sourcedata/freesurfer
FREESURFER_HOME /opt/freesurfer
Loading source label.
Found 13589 points in source label.
Starting surface-based mapping
Reading source registration 
 /out/sourcedata/freesurfer/fsaverage/surf/lh.sphere.reg
Rescaling ...  original radius = 100
Reading target surface 
 /out/sourcedata/freesurfer/sub-v1s21x0050416_ses-1/surf/lh.white
Reading target registration 
 /out/sourcedata/freesurfer/sub-v1s21x0050416_ses-1/surf/lh.sphere.reg
Rescaling ...  original radius = 100
Building target registration hash (res=16).
Building source registration hash (res=16).
INFO: found  13589 nlabel points
Performing mapping from target back to the source label 155077
Number of reverse mapping hits = 1559
Checking for and removing duplicates
Writing label file ./lh.BA6_exvivo.label 15148
mri_label2label: Done


 mri_label2label --srcsubject fsaverage --srclabel /out/sourcedata/freesurfer/fsaverage/label/lh.BA44_exvivo.label --trgsubject sub-v1s21x0050416_ses-1 --trglabel ./lh.BA44_exvivo.label --hemi lh --regmethod surface 


srclabel = /out/sourcedata/freesurfer/fsaverage/label/lh.BA44_exvivo.label
srcsubject = fsaverage
trgsubject = sub-v1s21x0050416_ses-1
trglabel = ./lh.BA44_exvivo.label
regmethod = surface

srchemi = lh
trghemi = lh
trgsurface = white
srcsurfreg = sphere.reg
trgsurfreg = sphere.reg
usehash = 1
Use ProjAbs  = 0, 0
Use ProjFrac = 0, 0
DoPaint 0

SUBJECTS_DIR    /out/sourcedata/freesurfer
FREESURFER_HOME /opt/freesurfer
Loading source label.
Found 4181 points in source label.
Starting surface-based mapping
Reading source registration 
 /out/sourcedata/freesurfer/fsaverage/surf/lh.sphere.reg
Rescaling ...  original radius = 100
Reading target surface 
 /out/sourcedata/freesurfer/sub-v1s21x0050416_ses-1/surf/lh.white
Reading target registration 
 /out/sourcedata/freesurfer/sub-v1s21x0050416_ses-1/surf/lh.sphere.reg
Rescaling ...  original radius = 100
Building target registration hash (res=16).
Building source registration hash (res=16).
INFO: found  4181 nlabel points
Performing mapping from target back to the source label 155077
Number of reverse mapping hits = 863
Checking for and removing duplicates
Writing label file ./lh.BA44_exvivo.label 5044
mri_label2label: Done


 mri_label2label --srcsubject fsaverage --srclabel /out/sourcedata/freesurfer/fsaverage/label/lh.BA45_exvivo.label --trgsubject sub-v1s21x0050416_ses-1 --trglabel ./lh.BA45_exvivo.label --hemi lh --regmethod surface 


srclabel = /out/sourcedata/freesurfer/fsaverage/label/lh.BA45_exvivo.label
srcsubject = fsaverage
trgsubject = sub-v1s21x0050416_ses-1
trglabel = ./lh.BA45_exvivo.label
regmethod = surface

srchemi = lh
trghemi = lh
trgsurface = white
srcsurfreg = sphere.reg
trgsurfreg = sphere.reg
usehash = 1
Use ProjAbs  = 0, 0
Use ProjFrac = 0, 0
DoPaint 0

SUBJECTS_DIR    /out/sourcedata/freesurfer
FREESURFER_HOME /opt/freesurfer
Loading source label.
Found 3422 points in source label.
Starting surface-based mapping
Reading source registration 
 /out/sourcedata/freesurfer/fsaverage/surf/lh.sphere.reg
Rescaling ...  original radius = 100
Reading target surface 
 /out/sourcedata/freesurfer/sub-v1s21x0050416_ses-1/surf/lh.white
Reading target registration 
 /out/sourcedata/freesurfer/sub-v1s21x0050416_ses-1/surf/lh.sphere.reg
Rescaling ...  original radius = 100
Building target registration hash (res=16).
Building source registration hash (res=16).
INFO: found  3422 nlabel points
Performing mapping from target back to the source label 155077
Number of reverse mapping hits = 1290
Checking for and removing duplicates
Writing label file ./lh.BA45_exvivo.label 4712
mri_label2label: Done


 mri_label2label --srcsubject fsaverage --srclabel /out/sourcedata/freesurfer/fsaverage/label/lh.V1_exvivo.label --trgsubject sub-v1s21x0050416_ses-1 --trglabel ./lh.V1_exvivo.label --hemi lh --regmethod surface 


srclabel = /out/sourcedata/freesurfer/fsaverage/label/lh.V1_exvivo.label
srcsubject = fsaverage
trgsubject = sub-v1s21x0050416_ses-1
trglabel = ./lh.V1_exvivo.label
regmethod = surface

srchemi = lh
trghemi = lh
trgsurface = white
srcsurfreg = sphere.reg
trgsurfreg = sphere.reg
usehash = 1
Use ProjAbs  = 0, 0
Use ProjFrac = 0, 0
DoPaint 0

SUBJECTS_DIR    /out/sourcedata/freesurfer
FREESURFER_HOME /opt/freesurfer
Loading source label.
Found 4641 points in source label.
Starting surface-based mapping
Reading source registration 
 /out/sourcedata/freesurfer/fsaverage/surf/lh.sphere.reg
Rescaling ...  original radius = 100
Reading target surface 
 /out/sourcedata/freesurfer/sub-v1s21x0050416_ses-1/surf/lh.white
Reading target registration 
 /out/sourcedata/freesurfer/sub-v1s21x0050416_ses-1/surf/lh.sphere.reg
Rescaling ...  original radius = 100
Building target registration hash (res=16).
Building source registration hash (res=16).
INFO: found  4641 nlabel points
Performing mapping from target back to the source label 155077
Number of reverse mapping hits = 1662
Checking for and removing duplicates
Writing label file ./lh.V1_exvivo.label 6303
mri_label2label: Done


 mri_label2label --srcsubject fsaverage --srclabel /out/sourcedata/freesurfer/fsaverage/label/lh.V2_exvivo.label --trgsubject sub-v1s21x0050416_ses-1 --trglabel ./lh.V2_exvivo.label --hemi lh --regmethod surface 


srclabel = /out/sourcedata/freesurfer/fsaverage/label/lh.V2_exvivo.label
srcsubject = fsaverage
trgsubject = sub-v1s21x0050416_ses-1
trglabel = ./lh.V2_exvivo.label
regmethod = surface

srchemi = lh
trghemi = lh
trgsurface = white
srcsurfreg = sphere.reg
trgsurfreg = sphere.reg
usehash = 1
Use ProjAbs  = 0, 0
Use ProjFrac = 0, 0
DoPaint 0

SUBJECTS_DIR    /out/sourcedata/freesurfer
FREESURFER_HOME /opt/freesurfer
Loading source label.
Found 8114 points in source label.
Starting surface-based mapping
Reading source registration 
 /out/sourcedata/freesurfer/fsaverage/surf/lh.sphere.reg
Rescaling ...  original radius = 100
Reading target surface 
 /out/sourcedata/freesurfer/sub-v1s21x0050416_ses-1/surf/lh.white
Reading target registration 
 /out/sourcedata/freesurfer/sub-v1s21x0050416_ses-1/surf/lh.sphere.reg
Rescaling ...  original radius = 100
Building target registration hash (res=16).
Building source registration hash (res=16).
INFO: found  8114 nlabel points
Performing mapping from target back to the source label 155077
Number of reverse mapping hits = 2959
Checking for and removing duplicates
Writing label file ./lh.V2_exvivo.label 11073
mri_label2label: Done


 mri_label2label --srcsubject fsaverage --srclabel /out/sourcedata/freesurfer/fsaverage/label/lh.MT_exvivo.label --trgsubject sub-v1s21x0050416_ses-1 --trglabel ./lh.MT_exvivo.label --hemi lh --regmethod surface 


srclabel = /out/sourcedata/freesurfer/fsaverage/label/lh.MT_exvivo.label
srcsubject = fsaverage
trgsubject = sub-v1s21x0050416_ses-1
trglabel = ./lh.MT_exvivo.label
regmethod = surface

srchemi = lh
trghemi = lh
trgsurface = white
srcsurfreg = sphere.reg
trgsurfreg = sphere.reg
usehash = 1
Use ProjAbs  = 0, 0
Use ProjFrac = 0, 0
DoPaint 0

SUBJECTS_DIR    /out/sourcedata/freesurfer
FREESURFER_HOME /opt/freesurfer
Loading source label.
Found 2018 points in source label.
Starting surface-based mapping
Reading source registration 
 /out/sourcedata/freesurfer/fsaverage/surf/lh.sphere.reg
Rescaling ...  original radius = 100
Reading target surface 
 /out/sourcedata/freesurfer/sub-v1s21x0050416_ses-1/surf/lh.white
Reading target registration 
 /out/sourcedata/freesurfer/sub-v1s21x0050416_ses-1/surf/lh.sphere.reg
Rescaling ...  original radius = 100
Building target registration hash (res=16).
Building source registration hash (res=16).
INFO: found  2018 nlabel points
Performing mapping from target back to the source label 155077
Number of reverse mapping hits = 914
Checking for and removing duplicates
Writing label file ./lh.MT_exvivo.label 2932
mri_label2label: Done


 mri_label2label --srcsubject fsaverage --srclabel /out/sourcedata/freesurfer/fsaverage/label/lh.entorhinal_exvivo.label --trgsubject sub-v1s21x0050416_ses-1 --trglabel ./lh.entorhinal_exvivo.label --hemi lh --regmethod surface 


srclabel = /out/sourcedata/freesurfer/fsaverage/label/lh.entorhinal_exvivo.label
srcsubject = fsaverage
trgsubject = sub-v1s21x0050416_ses-1
trglabel = ./lh.entorhinal_exvivo.label
regmethod = surface

srchemi = lh
trghemi = lh
trgsurface = white
srcsurfreg = sphere.reg
trgsurfreg = sphere.reg
usehash = 1
Use ProjAbs  = 0, 0
Use ProjFrac = 0, 0
DoPaint 0

SUBJECTS_DIR    /out/sourcedata/freesurfer
FREESURFER_HOME /opt/freesurfer
Loading source label.
Found 1290 points in source label.
Starting surface-based mapping
Reading source registration 
 /out/sourcedata/freesurfer/fsaverage/surf/lh.sphere.reg
Rescaling ...  original radius = 100
Reading target surface 
 /out/sourcedata/freesurfer/sub-v1s21x0050416_ses-1/surf/lh.white
Reading target registration 
 /out/sourcedata/freesurfer/sub-v1s21x0050416_ses-1/surf/lh.sphere.reg
Rescaling ...  original radius = 100
Building target registration hash (res=16).
Building source registration hash (res=16).
INFO: found  1290 nlabel points
Performing mapping from target back to the source label 155077
Number of reverse mapping hits = 125
Checking for and removing duplicates
Writing label file ./lh.entorhinal_exvivo.label 1415
mri_label2label: Done


 mri_label2label --srcsubject fsaverage --srclabel /out/sourcedata/freesurfer/fsaverage/label/lh.perirhinal_exvivo.label --trgsubject sub-v1s21x0050416_ses-1 --trglabel ./lh.perirhinal_exvivo.label --hemi lh --regmethod surface 


srclabel = /out/sourcedata/freesurfer/fsaverage/label/lh.perirhinal_exvivo.label
srcsubject = fsaverage
trgsubject = sub-v1s21x0050416_ses-1
trglabel = ./lh.perirhinal_exvivo.label
regmethod = surface

srchemi = lh
trghemi = lh
trgsurface = white
srcsurfreg = sphere.reg
trgsurfreg = sphere.reg
usehash = 1
Use ProjAbs  = 0, 0
Use ProjFrac = 0, 0
DoPaint 0

SUBJECTS_DIR    /out/sourcedata/freesurfer
FREESURFER_HOME /opt/freesurfer
Loading source label.
Found 1199 points in source label.
Starting surface-based mapping
Reading source registration 
 /out/sourcedata/freesurfer/fsaverage/surf/lh.sphere.reg
Rescaling ...  original radius = 100
Reading target surface 
 /out/sourcedata/freesurfer/sub-v1s21x0050416_ses-1/surf/lh.white
Reading target registration 
 /out/sourcedata/freesurfer/sub-v1s21x0050416_ses-1/surf/lh.sphere.reg
Rescaling ...  original radius = 100
Building target registration hash (res=16).
Building source registration hash (res=16).
INFO: found  1199 nlabel points
Performing mapping from target back to the source label 155077
Number of reverse mapping hits = 132
Checking for and removing duplicates
Writing label file ./lh.perirhinal_exvivo.label 1331
mri_label2label: Done


 mri_label2label --srcsubject fsaverage --srclabel /out/sourcedata/freesurfer/fsaverage/label/lh.FG1.mpm.vpnl.label --trgsubject sub-v1s21x0050416_ses-1 --trglabel ./lh.FG1.mpm.vpnl.label --hemi lh --regmethod surface 


srclabel = /out/sourcedata/freesurfer/fsaverage/label/lh.FG1.mpm.vpnl.label
srcsubject = fsaverage
trgsubject = sub-v1s21x0050416_ses-1
trglabel = ./lh.FG1.mpm.vpnl.label
regmethod = surface

srchemi = lh
trghemi = lh
trgsurface = white
srcsurfreg = sphere.reg
trgsurfreg = sphere.reg
usehash = 1
Use ProjAbs  = 0, 0
Use ProjFrac = 0, 0
DoPaint 0

SUBJECTS_DIR    /out/sourcedata/freesurfer
FREESURFER_HOME /opt/freesurfer
Loading source label.
Found 414 points in source label.
Starting surface-based mapping
Reading source registration 
 /out/sourcedata/freesurfer/fsaverage/surf/lh.sphere.reg
Rescaling ...  original radius = 100
Reading target surface 
 /out/sourcedata/freesurfer/sub-v1s21x0050416_ses-1/surf/lh.white
Reading target registration 
 /out/sourcedata/freesurfer/sub-v1s21x0050416_ses-1/surf/lh.sphere.reg
Rescaling ...  original radius = 100
Building target registration hash (res=16).
Building source registration hash (res=16).
INFO: found  414 nlabel points
Performing mapping from target back to the source label 155077
Number of reverse mapping hits = 66
Checking for and removing duplicates
Writing label file ./lh.FG1.mpm.vpnl.label 480
mri_label2label: Done


 mri_label2label --srcsubject fsaverage --srclabel /out/sourcedata/freesurfer/fsaverage/label/lh.FG2.mpm.vpnl.label --trgsubject sub-v1s21x0050416_ses-1 --trglabel ./lh.FG2.mpm.vpnl.label --hemi lh --regmethod surface 


srclabel = /out/sourcedata/freesurfer/fsaverage/label/lh.FG2.mpm.vpnl.label
srcsubject = fsaverage
trgsubject = sub-v1s21x0050416_ses-1
trglabel = ./lh.FG2.mpm.vpnl.label
regmethod = surface

srchemi = lh
trghemi = lh
trgsurface = white
srcsurfreg = sphere.reg
trgsurfreg = sphere.reg
usehash = 1
Use ProjAbs  = 0, 0
Use ProjFrac = 0, 0
DoPaint 0

SUBJECTS_DIR    /out/sourcedata/freesurfer
FREESURFER_HOME /opt/freesurfer
Loading source label.
Found 703 points in source label.
Starting surface-based mapping
Reading source registration 
 /out/sourcedata/freesurfer/fsaverage/surf/lh.sphere.reg
Rescaling ...  original radius = 100
Reading target surface 
 /out/sourcedata/freesurfer/sub-v1s21x0050416_ses-1/surf/lh.white
Reading target registration 
 /out/sourcedata/freesurfer/sub-v1s21x0050416_ses-1/surf/lh.sphere.reg
Rescaling ...  original radius = 100
Building target registration hash (res=16).
Building source registration hash (res=16).
INFO: found  703 nlabel points
Performing mapping from target back to the source label 155077
Number of reverse mapping hits = 182
Checking for and removing duplicates
Writing label file ./lh.FG2.mpm.vpnl.label 885
mri_label2label: Done


 mri_label2label --srcsubject fsaverage --srclabel /out/sourcedata/freesurfer/fsaverage/label/lh.FG3.mpm.vpnl.label --trgsubject sub-v1s21x0050416_ses-1 --trglabel ./lh.FG3.mpm.vpnl.label --hemi lh --regmethod surface 


srclabel = /out/sourcedata/freesurfer/fsaverage/label/lh.FG3.mpm.vpnl.label
srcsubject = fsaverage
trgsubject = sub-v1s21x0050416_ses-1
trglabel = ./lh.FG3.mpm.vpnl.label
regmethod = surface

srchemi = lh
trghemi = lh
trgsurface = white
srcsurfreg = sphere.reg
trgsurfreg = sphere.reg
usehash = 1
Use ProjAbs  = 0, 0
Use ProjFrac = 0, 0
DoPaint 0

SUBJECTS_DIR    /out/sourcedata/freesurfer
FREESURFER_HOME /opt/freesurfer
Loading source label.
Found 1873 points in source label.
Starting surface-based mapping
Reading source registration 
 /out/sourcedata/freesurfer/fsaverage/surf/lh.sphere.reg
Rescaling ...  original radius = 100
Reading target surface 
 /out/sourcedata/freesurfer/sub-v1s21x0050416_ses-1/surf/lh.white
Reading target registration 
 /out/sourcedata/freesurfer/sub-v1s21x0050416_ses-1/surf/lh.sphere.reg
Rescaling ...  original radius = 100
Building target registration hash (res=16).
Building source registration hash (res=16).
INFO: found  1873 nlabel points
Performing mapping from target back to the source label 155077
Number of reverse mapping hits = 148
Checking for and removing duplicates
Writing label file ./lh.FG3.mpm.vpnl.label 2021
mri_label2label: Done


 mri_label2label --srcsubject fsaverage --srclabel /out/sourcedata/freesurfer/fsaverage/label/lh.FG4.mpm.vpnl.label --trgsubject sub-v1s21x0050416_ses-1 --trglabel ./lh.FG4.mpm.vpnl.label --hemi lh --regmethod surface 


srclabel = /out/sourcedata/freesurfer/fsaverage/label/lh.FG4.mpm.vpnl.label
srcsubject = fsaverage
trgsubject = sub-v1s21x0050416_ses-1
trglabel = ./lh.FG4.mpm.vpnl.label
regmethod = surface

srchemi = lh
trghemi = lh
trgsurface = white
srcsurfreg = sphere.reg
trgsurfreg = sphere.reg
usehash = 1
Use ProjAbs  = 0, 0
Use ProjFrac = 0, 0
DoPaint 0

SUBJECTS_DIR    /out/sourcedata/freesurfer
FREESURFER_HOME /opt/freesurfer
Loading source label.
Found 2101 points in source label.
Starting surface-based mapping
Reading source registration 
 /out/sourcedata/freesurfer/fsaverage/surf/lh.sphere.reg
Rescaling ...  original radius = 100
Reading target surface 
 /out/sourcedata/freesurfer/sub-v1s21x0050416_ses-1/surf/lh.white
Reading target registration 
 /out/sourcedata/freesurfer/sub-v1s21x0050416_ses-1/surf/lh.sphere.reg
Rescaling ...  original radius = 100
Building target registration hash (res=16).
Building source registration hash (res=16).
INFO: found  2101 nlabel points
Performing mapping from target back to the source label 155077
Number of reverse mapping hits = 819
Checking for and removing duplicates
Writing label file ./lh.FG4.mpm.vpnl.label 2920
mri_label2label: Done


 mri_label2label --srcsubject fsaverage --srclabel /out/sourcedata/freesurfer/fsaverage/label/lh.hOc1.mpm.vpnl.label --trgsubject sub-v1s21x0050416_ses-1 --trglabel ./lh.hOc1.mpm.vpnl.label --hemi lh --regmethod surface 


srclabel = /out/sourcedata/freesurfer/fsaverage/label/lh.hOc1.mpm.vpnl.label
srcsubject = fsaverage
trgsubject = sub-v1s21x0050416_ses-1
trglabel = ./lh.hOc1.mpm.vpnl.label
regmethod = surface

srchemi = lh
trghemi = lh
trgsurface = white
srcsurfreg = sphere.reg
trgsurfreg = sphere.reg
usehash = 1
Use ProjAbs  = 0, 0
Use ProjFrac = 0, 0
DoPaint 0

SUBJECTS_DIR    /out/sourcedata/freesurfer
FREESURFER_HOME /opt/freesurfer
Loading source label.
Found 3877 points in source label.
Starting surface-based mapping
Reading source registration 
 /out/sourcedata/freesurfer/fsaverage/surf/lh.sphere.reg
Rescaling ...  original radius = 100
Reading target surface 
 /out/sourcedata/freesurfer/sub-v1s21x0050416_ses-1/surf/lh.white
Reading target registration 
 /out/sourcedata/freesurfer/sub-v1s21x0050416_ses-1/surf/lh.sphere.reg
Rescaling ...  original radius = 100
Building target registration hash (res=16).
Building source registration hash (res=16).
INFO: found  3877 nlabel points
Performing mapping from target back to the source label 155077
Number of reverse mapping hits = 1366
Checking for and removing duplicates
Writing label file ./lh.hOc1.mpm.vpnl.label 5243
mri_label2label: Done


 mri_label2label --srcsubject fsaverage --srclabel /out/sourcedata/freesurfer/fsaverage/label/lh.hOc2.mpm.vpnl.label --trgsubject sub-v1s21x0050416_ses-1 --trglabel ./lh.hOc2.mpm.vpnl.label --hemi lh --regmethod surface 


srclabel = /out/sourcedata/freesurfer/fsaverage/label/lh.hOc2.mpm.vpnl.label
srcsubject = fsaverage
trgsubject = sub-v1s21x0050416_ses-1
trglabel = ./lh.hOc2.mpm.vpnl.label
regmethod = surface

srchemi = lh
trghemi = lh
trgsurface = white
srcsurfreg = sphere.reg
trgsurfreg = sphere.reg
usehash = 1
Use ProjAbs  = 0, 0
Use ProjFrac = 0, 0
DoPaint 0

SUBJECTS_DIR    /out/sourcedata/freesurfer
FREESURFER_HOME /opt/freesurfer
Loading source label.
Found 2919 points in source label.
Starting surface-based mapping
Reading source registration 
 /out/sourcedata/freesurfer/fsaverage/surf/lh.sphere.reg
Rescaling ...  original radius = 100
Reading target surface 
 /out/sourcedata/freesurfer/sub-v1s21x0050416_ses-1/surf/lh.white
Reading target registration 
 /out/sourcedata/freesurfer/sub-v1s21x0050416_ses-1/surf/lh.sphere.reg
Rescaling ...  original radius = 100
Building target registration hash (res=16).
Building source registration hash (res=16).
INFO: found  2919 nlabel points
Performing mapping from target back to the source label 155077
Number of reverse mapping hits = 1183
Checking for and removing duplicates
Writing label file ./lh.hOc2.mpm.vpnl.label 4102
mri_label2label: Done


 mri_label2label --srcsubject fsaverage --srclabel /out/sourcedata/freesurfer/fsaverage/label/lh.hOc3v.mpm.vpnl.label --trgsubject sub-v1s21x0050416_ses-1 --trglabel ./lh.hOc3v.mpm.vpnl.label --hemi lh --regmethod surface 


srclabel = /out/sourcedata/freesurfer/fsaverage/label/lh.hOc3v.mpm.vpnl.label
srcsubject = fsaverage
trgsubject = sub-v1s21x0050416_ses-1
trglabel = ./lh.hOc3v.mpm.vpnl.label
regmethod = surface

srchemi = lh
trghemi = lh
trgsurface = white
srcsurfreg = sphere.reg
trgsurfreg = sphere.reg
usehash = 1
Use ProjAbs  = 0, 0
Use ProjFrac = 0, 0
DoPaint 0

SUBJECTS_DIR    /out/sourcedata/freesurfer
FREESURFER_HOME /opt/freesurfer
Loading source label.
Found 1286 points in source label.
Starting surface-based mapping
Reading source registration 
 /out/sourcedata/freesurfer/fsaverage/surf/lh.sphere.reg
Rescaling ...  original radius = 100
Reading target surface 
 /out/sourcedata/freesurfer/sub-v1s21x0050416_ses-1/surf/lh.white
Reading target registration 
 /out/sourcedata/freesurfer/sub-v1s21x0050416_ses-1/surf/lh.sphere.reg
Rescaling ...  original radius = 100
Building target registration hash (res=16).
Building source registration hash (res=16).
INFO: found  1286 nlabel points
Performing mapping from target back to the source label 155077
Number of reverse mapping hits = 525
Checking for and removing duplicates
Writing label file ./lh.hOc3v.mpm.vpnl.label 1811
mri_label2label: Done


 mri_label2label --srcsubject fsaverage --srclabel /out/sourcedata/freesurfer/fsaverage/label/lh.hOc4v.mpm.vpnl.label --trgsubject sub-v1s21x0050416_ses-1 --trglabel ./lh.hOc4v.mpm.vpnl.label --hemi lh --regmethod surface 


srclabel = /out/sourcedata/freesurfer/fsaverage/label/lh.hOc4v.mpm.vpnl.label
srcsubject = fsaverage
trgsubject = sub-v1s21x0050416_ses-1
trglabel = ./lh.hOc4v.mpm.vpnl.label
regmethod = surface

srchemi = lh
trghemi = lh
trgsurface = white
srcsurfreg = sphere.reg
trgsurfreg = sphere.reg
usehash = 1
Use ProjAbs  = 0, 0
Use ProjFrac = 0, 0
DoPaint 0

SUBJECTS_DIR    /out/sourcedata/freesurfer
FREESURFER_HOME /opt/freesurfer
Loading source label.
Found 1006 points in source label.
Starting surface-based mapping
Reading source registration 
 /out/sourcedata/freesurfer/fsaverage/surf/lh.sphere.reg
Rescaling ...  original radius = 100
Reading target surface 
 /out/sourcedata/freesurfer/sub-v1s21x0050416_ses-1/surf/lh.white
Reading target registration 
 /out/sourcedata/freesurfer/sub-v1s21x0050416_ses-1/surf/lh.sphere.reg
Rescaling ...  original radius = 100
Building target registration hash (res=16).
Building source registration hash (res=16).
INFO: found  1006 nlabel points
Performing mapping from target back to the source label 155077
Number of reverse mapping hits = 266
Checking for and removing duplicates
Writing label file ./lh.hOc4v.mpm.vpnl.label 1272
mri_label2label: Done


 mris_label2annot --s sub-v1s21x0050416_ses-1 --ctab /opt/freesurfer/average/colortable_vpnl.txt --hemi lh --a mpm.vpnl --maxstatwinner --noverbose --l lh.FG1.mpm.vpnl.label --l lh.FG2.mpm.vpnl.label --l lh.FG3.mpm.vpnl.label --l lh.FG4.mpm.vpnl.label --l lh.hOc1.mpm.vpnl.label --l lh.hOc2.mpm.vpnl.label --l lh.hOc3v.mpm.vpnl.label --l lh.hOc4v.mpm.vpnl.label 

Reading ctab /opt/freesurfer/average/colortable_vpnl.txt
Number of ctab entries 9

7.3.2
cwd /out/sourcedata/freesurfer/sub-v1s21x0050416_ses-1/label
cmdline mris_label2annot --s sub-v1s21x0050416_ses-1 --ctab /opt/freesurfer/average/colortable_vpnl.txt --hemi lh --a mpm.vpnl --maxstatwinner --noverbose --l lh.FG1.mpm.vpnl.label --l lh.FG2.mpm.vpnl.label --l lh.FG3.mpm.vpnl.label --l lh.FG4.mpm.vpnl.label --l lh.hOc1.mpm.vpnl.label --l lh.hOc2.mpm.vpnl.label --l lh.hOc3v.mpm.vpnl.label --l lh.hOc4v.mpm.vpnl.label 
sysname  Linux
hostname dna071
machine  x86_64
user     oesteban

subject sub-v1s21x0050416_ses-1
hemi    lh
SUBJECTS_DIR /out/sourcedata/freesurfer
ColorTable /opt/freesurfer/average/colortable_vpnl.txt
AnnotName  mpm.vpnl
nlables 8
LabelThresh 0 0.000000
Loading /out/sourcedata/freesurfer/sub-v1s21x0050416_ses-1/surf/lh.orig
 1 1376057 FG1
 2 16711935 FG2
 3 16711680 FG3
 4 1705837 FG4
 5 25600 hOc1
 6 255 hOc2
 7 16776960 hOc3v
 8 65535 hOc4v
Mapping unhit to unknown
Found 137506 unhit vertices
Writing annot to /out/sourcedata/freesurfer/sub-v1s21x0050416_ses-1/label/lh.mpm.vpnl.annot

 mri_label2label --srcsubject fsaverage --srclabel /out/sourcedata/freesurfer/fsaverage/label/lh.BA1_exvivo.thresh.label --trgsubject sub-v1s21x0050416_ses-1 --trglabel ./lh.BA1_exvivo.thresh.label --hemi lh --regmethod surface 


srclabel = /out/sourcedata/freesurfer/fsaverage/label/lh.BA1_exvivo.thresh.label
srcsubject = fsaverage
trgsubject = sub-v1s21x0050416_ses-1
trglabel = ./lh.BA1_exvivo.thresh.label
regmethod = surface

srchemi = lh
trghemi = lh
trgsurface = white
srcsurfreg = sphere.reg
trgsurfreg = sphere.reg
usehash = 1
Use ProjAbs  = 0, 0
Use ProjFrac = 0, 0
DoPaint 0

SUBJECTS_DIR    /out/sourcedata/freesurfer
FREESURFER_HOME /opt/freesurfer
Loading source label.
Found 1014 points in source label.
Starting surface-based mapping
Reading source registration 
 /out/sourcedata/freesurfer/fsaverage/surf/lh.sphere.reg
Rescaling ...  original radius = 100
Reading target surface 
 /out/sourcedata/freesurfer/sub-v1s21x0050416_ses-1/surf/lh.white
Reading target registration 
 /out/sourcedata/freesurfer/sub-v1s21x0050416_ses-1/surf/lh.sphere.reg
Rescaling ...  original radius = 100
Building target registration hash (res=16).
Building source registration hash (res=16).
INFO: found  1014 nlabel points
Performing mapping from target back to the source label 155077
Number of reverse mapping hits = 45
Checking for and removing duplicates
Writing label file ./lh.BA1_exvivo.thresh.label 1059
mri_label2label: Done


 mri_label2label --srcsubject fsaverage --srclabel /out/sourcedata/freesurfer/fsaverage/label/lh.BA2_exvivo.thresh.label --trgsubject sub-v1s21x0050416_ses-1 --trglabel ./lh.BA2_exvivo.thresh.label --hemi lh --regmethod surface 


srclabel = /out/sourcedata/freesurfer/fsaverage/label/lh.BA2_exvivo.thresh.label
srcsubject = fsaverage
trgsubject = sub-v1s21x0050416_ses-1
trglabel = ./lh.BA2_exvivo.thresh.label
regmethod = surface

srchemi = lh
trghemi = lh
trgsurface = white
srcsurfreg = sphere.reg
trgsurfreg = sphere.reg
usehash = 1
Use ProjAbs  = 0, 0
Use ProjFrac = 0, 0
DoPaint 0

SUBJECTS_DIR    /out/sourcedata/freesurfer
FREESURFER_HOME /opt/freesurfer
Loading source label.
Found 2092 points in source label.
Starting surface-based mapping
Reading source registration 
 /out/sourcedata/freesurfer/fsaverage/surf/lh.sphere.reg
Rescaling ...  original radius = 100
Reading target surface 
 /out/sourcedata/freesurfer/sub-v1s21x0050416_ses-1/surf/lh.white
Reading target registration 
 /out/sourcedata/freesurfer/sub-v1s21x0050416_ses-1/surf/lh.sphere.reg
Rescaling ...  original radius = 100
Building target registration hash (res=16).
Building source registration hash (res=16).
INFO: found  2092 nlabel points
Performing mapping from target back to the source label 155077
Number of reverse mapping hits = 87
Checking for and removing duplicates
Writing label file ./lh.BA2_exvivo.thresh.label 2179
mri_label2label: Done


 mri_label2label --srcsubject fsaverage --srclabel /out/sourcedata/freesurfer/fsaverage/label/lh.BA3a_exvivo.thresh.label --trgsubject sub-v1s21x0050416_ses-1 --trglabel ./lh.BA3a_exvivo.thresh.label --hemi lh --regmethod surface 


srclabel = /out/sourcedata/freesurfer/fsaverage/label/lh.BA3a_exvivo.thresh.label
srcsubject = fsaverage
trgsubject = sub-v1s21x0050416_ses-1
trglabel = ./lh.BA3a_exvivo.thresh.label
regmethod = surface

srchemi = lh
trghemi = lh
trgsurface = white
srcsurfreg = sphere.reg
trgsurfreg = sphere.reg
usehash = 1
Use ProjAbs  = 0, 0
Use ProjFrac = 0, 0
DoPaint 0

SUBJECTS_DIR    /out/sourcedata/freesurfer
FREESURFER_HOME /opt/freesurfer
Loading source label.
Found 1504 points in source label.
Starting surface-based mapping
Reading source registration 
 /out/sourcedata/freesurfer/fsaverage/surf/lh.sphere.reg
Rescaling ...  original radius = 100
Reading target surface 
 /out/sourcedata/freesurfer/sub-v1s21x0050416_ses-1/surf/lh.white
Reading target registration 
 /out/sourcedata/freesurfer/sub-v1s21x0050416_ses-1/surf/lh.sphere.reg
Rescaling ...  original radius = 100
Building target registration hash (res=16).
Building source registration hash (res=16).
INFO: found  1504 nlabel points
Performing mapping from target back to the source label 155077
Number of reverse mapping hits = 13
Checking for and removing duplicates
Writing label file ./lh.BA3a_exvivo.thresh.label 1517
mri_label2label: Done


 mri_label2label --srcsubject fsaverage --srclabel /out/sourcedata/freesurfer/fsaverage/label/lh.BA3b_exvivo.thresh.label --trgsubject sub-v1s21x0050416_ses-1 --trglabel ./lh.BA3b_exvivo.thresh.label --hemi lh --regmethod surface 


srclabel = /out/sourcedata/freesurfer/fsaverage/label/lh.BA3b_exvivo.thresh.label
srcsubject = fsaverage
trgsubject = sub-v1s21x0050416_ses-1
trglabel = ./lh.BA3b_exvivo.thresh.label
regmethod = surface

srchemi = lh
trghemi = lh
trgsurface = white
srcsurfreg = sphere.reg
trgsurfreg = sphere.reg
usehash = 1
Use ProjAbs  = 0, 0
Use ProjFrac = 0, 0
DoPaint 0

SUBJECTS_DIR    /out/sourcedata/freesurfer
FREESURFER_HOME /opt/freesurfer
Loading source label.
Found 1996 points in source label.
Starting surface-based mapping
Reading source registration 
 /out/sourcedata/freesurfer/fsaverage/surf/lh.sphere.reg
Rescaling ...  original radius = 100
Reading target surface 
 /out/sourcedata/freesurfer/sub-v1s21x0050416_ses-1/surf/lh.white
Reading target registration 
 /out/sourcedata/freesurfer/sub-v1s21x0050416_ses-1/surf/lh.sphere.reg
Rescaling ...  original radius = 100
Building target registration hash (res=16).
Building source registration hash (res=16).
INFO: found  1996 nlabel points
Performing mapping from target back to the source label 155077
Number of reverse mapping hits = 43
Checking for and removing duplicates
Writing label file ./lh.BA3b_exvivo.thresh.label 2039
mri_label2label: Done


 mri_label2label --srcsubject fsaverage --srclabel /out/sourcedata/freesurfer/fsaverage/label/lh.BA4a_exvivo.thresh.label --trgsubject sub-v1s21x0050416_ses-1 --trglabel ./lh.BA4a_exvivo.thresh.label --hemi lh --regmethod surface 


srclabel = /out/sourcedata/freesurfer/fsaverage/label/lh.BA4a_exvivo.thresh.label
srcsubject = fsaverage
trgsubject = sub-v1s21x0050416_ses-1
trglabel = ./lh.BA4a_exvivo.thresh.label
regmethod = surface

srchemi = lh
trghemi = lh
trgsurface = white
srcsurfreg = sphere.reg
trgsurfreg = sphere.reg
usehash = 1
Use ProjAbs  = 0, 0
Use ProjFrac = 0, 0
DoPaint 0

SUBJECTS_DIR    /out/sourcedata/freesurfer
FREESURFER_HOME /opt/freesurfer
Loading source label.
Found 2319 points in source label.
Starting surface-based mapping
Reading source registration 
 /out/sourcedata/freesurfer/fsaverage/surf/lh.sphere.reg
Rescaling ...  original radius = 100
Reading target surface 
 /out/sourcedata/freesurfer/sub-v1s21x0050416_ses-1/surf/lh.white
Reading target registration 
 /out/sourcedata/freesurfer/sub-v1s21x0050416_ses-1/surf/lh.sphere.reg
Rescaling ...  original radius = 100
Building target registration hash (res=16).
Building source registration hash (res=16).
INFO: found  2319 nlabel points
Performing mapping from target back to the source label 155077
Number of reverse mapping hits = 214
Checking for and removing duplicates
Writing label file ./lh.BA4a_exvivo.thresh.label 2533
mri_label2label: Done


 mri_label2label --srcsubject fsaverage --srclabel /out/sourcedata/freesurfer/fsaverage/label/lh.BA4p_exvivo.thresh.label --trgsubject sub-v1s21x0050416_ses-1 --trglabel ./lh.BA4p_exvivo.thresh.label --hemi lh --regmethod surface 


srclabel = /out/sourcedata/freesurfer/fsaverage/label/lh.BA4p_exvivo.thresh.label
srcsubject = fsaverage
trgsubject = sub-v1s21x0050416_ses-1
trglabel = ./lh.BA4p_exvivo.thresh.label
regmethod = surface

srchemi = lh
trghemi = lh
trgsurface = white
srcsurfreg = sphere.reg
trgsurfreg = sphere.reg
usehash = 1
Use ProjAbs  = 0, 0
Use ProjFrac = 0, 0
DoPaint 0

SUBJECTS_DIR    /out/sourcedata/freesurfer
FREESURFER_HOME /opt/freesurfer
Loading source label.
Found 1549 points in source label.
Starting surface-based mapping
Reading source registration 
 /out/sourcedata/freesurfer/fsaverage/surf/lh.sphere.reg
Rescaling ...  original radius = 100
Reading target surface 
 /out/sourcedata/freesurfer/sub-v1s21x0050416_ses-1/surf/lh.white
Reading target registration 
 /out/sourcedata/freesurfer/sub-v1s21x0050416_ses-1/surf/lh.sphere.reg
Rescaling ...  original radius = 100
Building target registration hash (res=16).
Building source registration hash (res=16).
INFO: found  1549 nlabel points
Performing mapping from target back to the source label 155077
Number of reverse mapping hits = 50
Checking for and removing duplicates
Writing label file ./lh.BA4p_exvivo.thresh.label 1599
mri_label2label: Done


 mri_label2label --srcsubject fsaverage --srclabel /out/sourcedata/freesurfer/fsaverage/label/lh.BA6_exvivo.thresh.label --trgsubject sub-v1s21x0050416_ses-1 --trglabel ./lh.BA6_exvivo.thresh.label --hemi lh --regmethod surface 


srclabel = /out/sourcedata/freesurfer/fsaverage/label/lh.BA6_exvivo.thresh.label
srcsubject = fsaverage
trgsubject = sub-v1s21x0050416_ses-1
trglabel = ./lh.BA6_exvivo.thresh.label
regmethod = surface

srchemi = lh
trghemi = lh
trgsurface = white
srcsurfreg = sphere.reg
trgsurfreg = sphere.reg
usehash = 1
Use ProjAbs  = 0, 0
Use ProjFrac = 0, 0
DoPaint 0

SUBJECTS_DIR    /out/sourcedata/freesurfer
FREESURFER_HOME /opt/freesurfer
Loading source label.
Found 7035 points in source label.
Starting surface-based mapping
Reading source registration 
 /out/sourcedata/freesurfer/fsaverage/surf/lh.sphere.reg
Rescaling ...  original radius = 100
Reading target surface 
 /out/sourcedata/freesurfer/sub-v1s21x0050416_ses-1/surf/lh.white
Reading target registration 
 /out/sourcedata/freesurfer/sub-v1s21x0050416_ses-1/surf/lh.sphere.reg
Rescaling ...  original radius = 100
Building target registration hash (res=16).
Building source registration hash (res=16).
INFO: found  7035 nlabel points
Performing mapping from target back to the source label 155077
Number of reverse mapping hits = 754
Checking for and removing duplicates
Writing label file ./lh.BA6_exvivo.thresh.label 7789
mri_label2label: Done


 mri_label2label --srcsubject fsaverage --srclabel /out/sourcedata/freesurfer/fsaverage/label/lh.BA44_exvivo.thresh.label --trgsubject sub-v1s21x0050416_ses-1 --trglabel ./lh.BA44_exvivo.thresh.label --hemi lh --regmethod surface 


srclabel = /out/sourcedata/freesurfer/fsaverage/label/lh.BA44_exvivo.thresh.label
srcsubject = fsaverage
trgsubject = sub-v1s21x0050416_ses-1
trglabel = ./lh.BA44_exvivo.thresh.label
regmethod = surface

srchemi = lh
trghemi = lh
trgsurface = white
srcsurfreg = sphere.reg
trgsurfreg = sphere.reg
usehash = 1
Use ProjAbs  = 0, 0
Use ProjFrac = 0, 0
DoPaint 0

SUBJECTS_DIR    /out/sourcedata/freesurfer
FREESURFER_HOME /opt/freesurfer
Loading source label.
Found 1912 points in source label.
Starting surface-based mapping
Reading source registration 
 /out/sourcedata/freesurfer/fsaverage/surf/lh.sphere.reg
Rescaling ...  original radius = 100
Reading target surface 
 /out/sourcedata/freesurfer/sub-v1s21x0050416_ses-1/surf/lh.white
Reading target registration 
 /out/sourcedata/freesurfer/sub-v1s21x0050416_ses-1/surf/lh.sphere.reg
Rescaling ...  original radius = 100
Building target registration hash (res=16).
Building source registration hash (res=16).
INFO: found  1912 nlabel points
Performing mapping from target back to the source label 155077
Number of reverse mapping hits = 498
Checking for and removing duplicates
Writing label file ./lh.BA44_exvivo.thresh.label 2410
mri_label2label: Done


 mri_label2label --srcsubject fsaverage --srclabel /out/sourcedata/freesurfer/fsaverage/label/lh.BA45_exvivo.thresh.label --trgsubject sub-v1s21x0050416_ses-1 --trglabel ./lh.BA45_exvivo.thresh.label --hemi lh --regmethod surface 


srclabel = /out/sourcedata/freesurfer/fsaverage/label/lh.BA45_exvivo.thresh.label
srcsubject = fsaverage
trgsubject = sub-v1s21x0050416_ses-1
trglabel = ./lh.BA45_exvivo.thresh.label
regmethod = surface

srchemi = lh
trghemi = lh
trgsurface = white
srcsurfreg = sphere.reg
trgsurfreg = sphere.reg
usehash = 1
Use ProjAbs  = 0, 0
Use ProjFrac = 0, 0
DoPaint 0

SUBJECTS_DIR    /out/sourcedata/freesurfer
FREESURFER_HOME /opt/freesurfer
Loading source label.
Found 1151 points in source label.
Starting surface-based mapping
Reading source registration 
 /out/sourcedata/freesurfer/fsaverage/surf/lh.sphere.reg
Rescaling ...  original radius = 100
Reading target surface 
 /out/sourcedata/freesurfer/sub-v1s21x0050416_ses-1/surf/lh.white
Reading target registration 
 /out/sourcedata/freesurfer/sub-v1s21x0050416_ses-1/surf/lh.sphere.reg
Rescaling ...  original radius = 100
Building target registration hash (res=16).
Building source registration hash (res=16).
INFO: found  1151 nlabel points
Performing mapping from target back to the source label 155077
Number of reverse mapping hits = 518
Checking for and removing duplicates
Writing label file ./lh.BA45_exvivo.thresh.label 1669
mri_label2label: Done


 mri_label2label --srcsubject fsaverage --srclabel /out/sourcedata/freesurfer/fsaverage/label/lh.V1_exvivo.thresh.label --trgsubject sub-v1s21x0050416_ses-1 --trglabel ./lh.V1_exvivo.thresh.label --hemi lh --regmethod surface 


srclabel = /out/sourcedata/freesurfer/fsaverage/label/lh.V1_exvivo.thresh.label
srcsubject = fsaverage
trgsubject = sub-v1s21x0050416_ses-1
trglabel = ./lh.V1_exvivo.thresh.label
regmethod = surface

srchemi = lh
trghemi = lh
trgsurface = white
srcsurfreg = sphere.reg
trgsurfreg = sphere.reg
usehash = 1
Use ProjAbs  = 0, 0
Use ProjFrac = 0, 0
DoPaint 0

SUBJECTS_DIR    /out/sourcedata/freesurfer
FREESURFER_HOME /opt/freesurfer
Loading source label.
Found 3405 points in source label.
Starting surface-based mapping
Reading source registration 
 /out/sourcedata/freesurfer/fsaverage/surf/lh.sphere.reg
Rescaling ...  original radius = 100
Reading target surface 
 /out/sourcedata/freesurfer/sub-v1s21x0050416_ses-1/surf/lh.white
Reading target registration 
 /out/sourcedata/freesurfer/sub-v1s21x0050416_ses-1/surf/lh.sphere.reg
Rescaling ...  original radius = 100
Building target registration hash (res=16).
Building source registration hash (res=16).
INFO: found  3405 nlabel points
Performing mapping from target back to the source label 155077
Number of reverse mapping hits = 1190
Checking for and removing duplicates
Writing label file ./lh.V1_exvivo.thresh.label 4595
mri_label2label: Done


 mri_label2label --srcsubject fsaverage --srclabel /out/sourcedata/freesurfer/fsaverage/label/lh.V2_exvivo.thresh.label --trgsubject sub-v1s21x0050416_ses-1 --trglabel ./lh.V2_exvivo.thresh.label --hemi lh --regmethod surface 


srclabel = /out/sourcedata/freesurfer/fsaverage/label/lh.V2_exvivo.thresh.label
srcsubject = fsaverage
trgsubject = sub-v1s21x0050416_ses-1
trglabel = ./lh.V2_exvivo.thresh.label
regmethod = surface

srchemi = lh
trghemi = lh
trgsurface = white
srcsurfreg = sphere.reg
trgsurfreg = sphere.reg
usehash = 1
Use ProjAbs  = 0, 0
Use ProjFrac = 0, 0
DoPaint 0

SUBJECTS_DIR    /out/sourcedata/freesurfer
FREESURFER_HOME /opt/freesurfer
Loading source label.
Found 3334 points in source label.
Starting surface-based mapping
Reading source registration 
 /out/sourcedata/freesurfer/fsaverage/surf/lh.sphere.reg
Rescaling ...  original radius = 100
Reading target surface 
 /out/sourcedata/freesurfer/sub-v1s21x0050416_ses-1/surf/lh.white
Reading target registration 
 /out/sourcedata/freesurfer/sub-v1s21x0050416_ses-1/surf/lh.sphere.reg
Rescaling ...  original radius = 100
Building target registration hash (res=16).
Building source registration hash (res=16).
INFO: found  3334 nlabel points
Performing mapping from target back to the source label 155077
Number of reverse mapping hits = 1308
Checking for and removing duplicates
Writing label file ./lh.V2_exvivo.thresh.label 4642
mri_label2label: Done


 mri_label2label --srcsubject fsaverage --srclabel /out/sourcedata/freesurfer/fsaverage/label/lh.MT_exvivo.thresh.label --trgsubject sub-v1s21x0050416_ses-1 --trglabel ./lh.MT_exvivo.thresh.label --hemi lh --regmethod surface 


srclabel = /out/sourcedata/freesurfer/fsaverage/label/lh.MT_exvivo.thresh.label
srcsubject = fsaverage
trgsubject = sub-v1s21x0050416_ses-1
trglabel = ./lh.MT_exvivo.thresh.label
regmethod = surface

srchemi = lh
trghemi = lh
trgsurface = white
srcsurfreg = sphere.reg
trgsurfreg = sphere.reg
usehash = 1
Use ProjAbs  = 0, 0
Use ProjFrac = 0, 0
DoPaint 0

SUBJECTS_DIR    /out/sourcedata/freesurfer
FREESURFER_HOME /opt/freesurfer
Loading source label.
Found 513 points in source label.
Starting surface-based mapping
Reading source registration 
 /out/sourcedata/freesurfer/fsaverage/surf/lh.sphere.reg
Rescaling ...  original radius = 100
Reading target surface 
 /out/sourcedata/freesurfer/sub-v1s21x0050416_ses-1/surf/lh.white
Reading target registration 
 /out/sourcedata/freesurfer/sub-v1s21x0050416_ses-1/surf/lh.sphere.reg
Rescaling ...  original radius = 100
Building target registration hash (res=16).
Building source registration hash (res=16).
INFO: found  513 nlabel points
Performing mapping from target back to the source label 155077
Number of reverse mapping hits = 269
Checking for and removing duplicates
Writing label file ./lh.MT_exvivo.thresh.label 782
mri_label2label: Done


 mri_label2label --srcsubject fsaverage --srclabel /out/sourcedata/freesurfer/fsaverage/label/lh.entorhinal_exvivo.thresh.label --trgsubject sub-v1s21x0050416_ses-1 --trglabel ./lh.entorhinal_exvivo.thresh.label --hemi lh --regmethod surface 


srclabel = /out/sourcedata/freesurfer/fsaverage/label/lh.entorhinal_exvivo.thresh.label
srcsubject = fsaverage
trgsubject = sub-v1s21x0050416_ses-1
trglabel = ./lh.entorhinal_exvivo.thresh.label
regmethod = surface

srchemi = lh
trghemi = lh
trgsurface = white
srcsurfreg = sphere.reg
trgsurfreg = sphere.reg
usehash = 1
Use ProjAbs  = 0, 0
Use ProjFrac = 0, 0
DoPaint 0

SUBJECTS_DIR    /out/sourcedata/freesurfer
FREESURFER_HOME /opt/freesurfer
Loading source label.
Found 470 points in source label.
Starting surface-based mapping
Reading source registration 
 /out/sourcedata/freesurfer/fsaverage/surf/lh.sphere.reg
Rescaling ...  original radius = 100
Reading target surface 
 /out/sourcedata/freesurfer/sub-v1s21x0050416_ses-1/surf/lh.white
Reading target registration 
 /out/sourcedata/freesurfer/sub-v1s21x0050416_ses-1/surf/lh.sphere.reg
Rescaling ...  original radius = 100
Building target registration hash (res=16).
Building source registration hash (res=16).
INFO: found  470 nlabel points
Performing mapping from target back to the source label 155077
Number of reverse mapping hits = 59
Checking for and removing duplicates
Writing label file ./lh.entorhinal_exvivo.thresh.label 529
mri_label2label: Done


 mri_label2label --srcsubject fsaverage --srclabel /out/sourcedata/freesurfer/fsaverage/label/lh.perirhinal_exvivo.thresh.label --trgsubject sub-v1s21x0050416_ses-1 --trglabel ./lh.perirhinal_exvivo.thresh.label --hemi lh --regmethod surface 


srclabel = /out/sourcedata/freesurfer/fsaverage/label/lh.perirhinal_exvivo.thresh.label
srcsubject = fsaverage
trgsubject = sub-v1s21x0050416_ses-1
trglabel = ./lh.perirhinal_exvivo.thresh.label
regmethod = surface

srchemi = lh
trghemi = lh
trgsurface = white
srcsurfreg = sphere.reg
trgsurfreg = sphere.reg
usehash = 1
Use ProjAbs  = 0, 0
Use ProjFrac = 0, 0
DoPaint 0

SUBJECTS_DIR    /out/sourcedata/freesurfer
FREESURFER_HOME /opt/freesurfer
Loading source label.
Found 450 points in source label.
Starting surface-based mapping
Reading source registration 
 /out/sourcedata/freesurfer/fsaverage/surf/lh.sphere.reg
Rescaling ...  original radius = 100
Reading target surface 
 /out/sourcedata/freesurfer/sub-v1s21x0050416_ses-1/surf/lh.white
Reading target registration 
 /out/sourcedata/freesurfer/sub-v1s21x0050416_ses-1/surf/lh.sphere.reg
Rescaling ...  original radius = 100
Building target registration hash (res=16).
Building source registration hash (res=16).
INFO: found  450 nlabel points
Performing mapping from target back to the source label 155077
Number of reverse mapping hits = 40
Checking for and removing duplicates
Writing label file ./lh.perirhinal_exvivo.thresh.label 490
mri_label2label: Done


 mris_label2annot --s sub-v1s21x0050416_ses-1 --hemi lh --ctab /opt/freesurfer/average/colortable_BA.txt --l lh.BA1_exvivo.label --l lh.BA2_exvivo.label --l lh.BA3a_exvivo.label --l lh.BA3b_exvivo.label --l lh.BA4a_exvivo.label --l lh.BA4p_exvivo.label --l lh.BA6_exvivo.label --l lh.BA44_exvivo.label --l lh.BA45_exvivo.label --l lh.V1_exvivo.label --l lh.V2_exvivo.label --l lh.MT_exvivo.label --l lh.perirhinal_exvivo.label --l lh.entorhinal_exvivo.label --a BA_exvivo --maxstatwinner --noverbose 

Reading ctab /opt/freesurfer/average/colortable_BA.txt
Number of ctab entries 15

7.3.2
cwd /out/sourcedata/freesurfer/sub-v1s21x0050416_ses-1/label
cmdline mris_label2annot --s sub-v1s21x0050416_ses-1 --hemi lh --ctab /opt/freesurfer/average/colortable_BA.txt --l lh.BA1_exvivo.label --l lh.BA2_exvivo.label --l lh.BA3a_exvivo.label --l lh.BA3b_exvivo.label --l lh.BA4a_exvivo.label --l lh.BA4p_exvivo.label --l lh.BA6_exvivo.label --l lh.BA44_exvivo.label --l lh.BA45_exvivo.label --l lh.V1_exvivo.label --l lh.V2_exvivo.label --l lh.MT_exvivo.label --l lh.perirhinal_exvivo.label --l lh.entorhinal_exvivo.label --a BA_exvivo --maxstatwinner --noverbose 
sysname  Linux
hostname dna071
machine  x86_64
user     oesteban

subject sub-v1s21x0050416_ses-1
hemi    lh
SUBJECTS_DIR /out/sourcedata/freesurfer
ColorTable /opt/freesurfer/average/colortable_BA.txt
AnnotName  BA_exvivo
nlables 14
LabelThresh 0 0.000000
Loading /out/sourcedata/freesurfer/sub-v1s21x0050416_ses-1/surf/lh.orig
 1 1530880 BA1_exvivo
 2 16749699 BA2_exvivo
 3 16711680 BA3a_exvivo
 4 3368703 BA3b_exvivo
 5 1376196 BA4a_exvivo
 6 13382655 BA4p_exvivo
 7 10036737 BA6_exvivo
 8 2490521 BA44_exvivo
 9 39283 BA45_exvivo
10 3993 V1_exvivo
11 8508928 V2_exvivo
12 10027163 MT_exvivo
13 16422433 perirhinal_exvivo
14 16392598 entorhinal_exvivo
Mapping unhit to unknown
Found 107488 unhit vertices
Writing annot to /out/sourcedata/freesurfer/sub-v1s21x0050416_ses-1/label/lh.BA_exvivo.annot

 mris_label2annot --s sub-v1s21x0050416_ses-1 --hemi lh --ctab /opt/freesurfer/average/colortable_BA.txt --l lh.BA1_exvivo.thresh.label --l lh.BA2_exvivo.thresh.label --l lh.BA3a_exvivo.thresh.label --l lh.BA3b_exvivo.thresh.label --l lh.BA4a_exvivo.thresh.label --l lh.BA4p_exvivo.thresh.label --l lh.BA6_exvivo.thresh.label --l lh.BA44_exvivo.thresh.label --l lh.BA45_exvivo.thresh.label --l lh.V1_exvivo.thresh.label --l lh.V2_exvivo.thresh.label --l lh.MT_exvivo.thresh.label --l lh.perirhinal_exvivo.thresh.label --l lh.entorhinal_exvivo.thresh.label --a BA_exvivo.thresh --maxstatwinner --noverbose 

Reading ctab /opt/freesurfer/average/colortable_BA.txt
Number of ctab entries 15

7.3.2
cwd /out/sourcedata/freesurfer/sub-v1s21x0050416_ses-1/label
cmdline mris_label2annot --s sub-v1s21x0050416_ses-1 --hemi lh --ctab /opt/freesurfer/average/colortable_BA.txt --l lh.BA1_exvivo.thresh.label --l lh.BA2_exvivo.thresh.label --l lh.BA3a_exvivo.thresh.label --l lh.BA3b_exvivo.thresh.label --l lh.BA4a_exvivo.thresh.label --l lh.BA4p_exvivo.thresh.label --l lh.BA6_exvivo.thresh.label --l lh.BA44_exvivo.thresh.label --l lh.BA45_exvivo.thresh.label --l lh.V1_exvivo.thresh.label --l lh.V2_exvivo.thresh.label --l lh.MT_exvivo.thresh.label --l lh.perirhinal_exvivo.thresh.label --l lh.entorhinal_exvivo.thresh.label --a BA_exvivo.thresh --maxstatwinner --noverbose 
sysname  Linux
hostname dna071
machine  x86_64
user     oesteban

subject sub-v1s21x0050416_ses-1
hemi    lh
SUBJECTS_DIR /out/sourcedata/freesurfer
ColorTable /opt/freesurfer/average/colortable_BA.txt
AnnotName  BA_exvivo.thresh
nlables 14
LabelThresh 0 0.000000
Loading /out/sourcedata/freesurfer/sub-v1s21x0050416_ses-1/surf/lh.orig
 1 1530880 BA1_exvivo
 2 16749699 BA2_exvivo
 3 16711680 BA3a_exvivo
 4 3368703 BA3b_exvivo
 5 1376196 BA4a_exvivo
 6 13382655 BA4p_exvivo
 7 10036737 BA6_exvivo
 8 2490521 BA44_exvivo
 9 39283 BA45_exvivo
10 3993 V1_exvivo
11 8508928 V2_exvivo
12 10027163 MT_exvivo
13 16422433 perirhinal_exvivo
14 16392598 entorhinal_exvivo
Mapping unhit to unknown
Found 127011 unhit vertices
Writing annot to /out/sourcedata/freesurfer/sub-v1s21x0050416_ses-1/label/lh.BA_exvivo.thresh.annot

 mris_anatomical_stats -th3 -mgz -noglobal -f ../stats/lh.BA_exvivo.stats -b -a ./lh.BA_exvivo.annot -c ./BA_exvivo.ctab sub-v1s21x0050416_ses-1 lh white 

computing statistics for each annotation in ./lh.BA_exvivo.annot.
reading volume /out/sourcedata/freesurfer/sub-v1s21x0050416_ses-1/mri/wm.mgz...
reading input surface /out/sourcedata/freesurfer/sub-v1s21x0050416_ses-1/surf/lh.white...
reading input pial surface /out/sourcedata/freesurfer/sub-v1s21x0050416_ses-1/surf/lh.pial...
reading input white surface /out/sourcedata/freesurfer/sub-v1s21x0050416_ses-1/surf/lh.white...
INFO: using TH3 volume calc
INFO: assuming MGZ format for volumes.
INFO: not computing global stats
Using TH3 vertex volume calc
Total face volume 286684
Total vertex volume 286442 (mask=0)
Saving annotation colortable ./BA_exvivo.ctab

table columns are:
    number of vertices
    total surface area (mm^2)
    total gray matter volume (mm^3)
    average cortical thickness +- standard deviation (mm)
    integrated rectified mean curvature
    integrated rectified Gaussian curvature
    folding index
    intrinsic curvature index
    structure name

 1280    818   2130  2.041 0.612     0.132     0.030       16     1.8  BA1_exvivo
 4000   2624   5502  2.032 0.625     0.100     0.019       26     3.2  BA2_exvivo
 1014    669    876  1.700 0.371     0.138     0.032       10     1.3  BA3a_exvivo
 2275   1507   2782  1.660 0.616     0.096     0.020       18     2.0  BA3b_exvivo
 1923   1316   3764  2.701 0.552     0.125     0.032       19     2.7  BA4a_exvivo
 1470    940   2044  2.287 0.664     0.089     0.017        6     1.1  BA4p_exvivo
11148   7583  25696  2.949 0.649     0.114     0.025       94    11.4  BA6_exvivo
 3186   2340   7160  2.712 0.679     0.133     0.032       44     4.1  BA44_exvivo
 3921   2895   7379  2.195 0.610     0.114     0.021       41     3.6  BA45_exvivo
 4147   2853   4503  1.581 0.578     0.127     0.034       43     5.6  V1_exvivo
 8941   6305  13156  1.951 0.653     0.140     0.038      118    14.1  V2_exvivo
 2817   2051   5437  2.393 0.538     0.124     0.026       32     2.9  MT_exvivo
  789    559   2147  2.964 0.801     0.129     0.035       10     1.1  perirhinal_exvivo
  678    488   1956  2.892 0.953     0.144     0.043       10     1.2  entorhinal_exvivo

 mris_anatomical_stats -th3 -mgz -f ../stats/lh.BA_exvivo.thresh.stats -noglobal -b -a ./lh.BA_exvivo.thresh.annot -c ./BA_exvivo.thresh.ctab sub-v1s21x0050416_ses-1 lh white 

computing statistics for each annotation in ./lh.BA_exvivo.thresh.annot.
reading volume /out/sourcedata/freesurfer/sub-v1s21x0050416_ses-1/mri/wm.mgz...
reading input surface /out/sourcedata/freesurfer/sub-v1s21x0050416_ses-1/surf/lh.white...
reading input pial surface /out/sourcedata/freesurfer/sub-v1s21x0050416_ses-1/surf/lh.pial...
reading input white surface /out/sourcedata/freesurfer/sub-v1s21x0050416_ses-1/surf/lh.white...
INFO: using TH3 volume calc
INFO: assuming MGZ format for volumes.
INFO: not computing global stats
Using TH3 vertex volume calc
Total face volume 286684
Total vertex volume 286442 (mask=0)
Saving annotation colortable ./BA_exvivo.thresh.ctab

table columns are:
    number of vertices
    total surface area (mm^2)
    total gray matter volume (mm^3)
    average cortical thickness +- standard deviation (mm)
    integrated rectified mean curvature
    integrated rectified Gaussian curvature
    folding index
    intrinsic curvature index
    structure name

  733    466   1279  2.146 0.617     0.137     0.030       10     1.0  BA1_exvivo
 1587   1013   2051  1.839 0.534     0.087     0.016        9     1.1  BA2_exvivo
  878    584    733  1.700 0.370     0.141     0.033        9     1.2  BA3a_exvivo
 1341    887   1221  1.349 0.277     0.079     0.013        7     0.7  BA3b_exvivo
 1903   1233   3489  2.723 0.528     0.107     0.025       14     2.1  BA4a_exvivo
 1164    755   1582  2.245 0.672     0.092     0.017        5     0.9  BA4p_exvivo
 6236   4185  13738  2.907 0.640     0.115     0.026       49     6.9  BA6_exvivo
 2194   1630   5383  2.753 0.704     0.135     0.034       30     3.1  BA44_exvivo
 1620   1259   3458  2.142 0.640     0.118     0.023       17     1.8  BA45_exvivo
 4400   3043   5031  1.625 0.618     0.126     0.034       45     6.0  V1_exvivo
 4464   3141   5958  1.835 0.632     0.140     0.036       54     6.6  V2_exvivo
  771    548   1233  2.260 0.464     0.114     0.023        7     0.7  MT_exvivo
  323    225    750  3.055 0.843     0.104     0.028        3     0.2  perirhinal_exvivo
  452    332   1482  3.210 0.749     0.138     0.038        7     0.8  entorhinal_exvivo

Started at Mon Mar 9 13:47:42 CET 2026 
Ended   at Mon Mar 9 13:50:42 CET 2026
#@#%# recon-all-run-time-hours 0.050
recon-all -s sub-v1s21x0050416_ses-1 finished without error at Mon Mar  9 13:50:42 CET 2026
