
Mon Mar  9 09:28:53 CET 2026
cd /out/sourcedata/freesurfer/sub-v1s21x0050390_ses-1
setenv SUBJECTS_DIR /out/sourcedata/freesurfer
/opt/freesurfer/bin/recon-all -autorecon1 -i /work/fmriprep_25_2_wf/sub_v1s21x0050390_ses_1_wf/anat_fit_wf/anat_validate/sub-v1s21x0050390_ses-1_T1w_noise_corrected_ras_valid.nii.gz -noskullstrip -noT2pial -noFLAIRpial -cw256 -openmp 16 -subjid sub-v1s21x0050390_ses-1 -sd /out/sourcedata/freesurfer

subjid sub-v1s21x0050390_ses-1
setenv SUBJECTS_DIR /out/sourcedata/freesurfer
FREESURFER_HOME /opt/freesurfer
Actual FREESURFER_HOME /opt/freesurfer
build-stamp.txt: freesurfer-linux-ubuntu22_x86_64-7.3.2-20220804-6354275
Linux dna058 5.14.0-427.37.1.el9_4.x86_64 #1 SMP PREEMPT_DYNAMIC Fri Sep 13 12:41:50 EDT 2024 x86_64 x86_64 x86_64 GNU/Linux
cputime      unlimited
filesize     unlimited
datasize     unlimited
stacksize    8192 kbytes
coredumpsize 0 kbytes
memoryuse    67108864 kbytes
vmemoryuse   unlimited
descriptors  1024 
memorylocked unlimited
maxproc      2061970 
maxlocks     unlimited
maxsignal    2061970 
maxmessage   819200 
maxnice      0 
maxrtprio    0 
maxrttime    unlimited

               total        used        free      shared  buff/cache   available
Mem:           503Gi        50Gi       208Gi        14Gi       245Gi       435Gi
Swap:             0B          0B          0B

########################################
program versions used
7.3.2 (freesurfer-linux-ubuntu22_x86_64-7.3.2-20220804-6354275)
7.3.2

ProgramName: lta_convert  ProgramArguments: lta_convert -all-info  ProgramVersion: 7.3.2  TimeStamp: 2026/03/09-08:28:53-GMT  BuildTime: Aug  4 2022 06:17:15  BuildStamp: freesurfer-linux-ubuntu22_x86_64-7.3.2-20220804-6354275  User: oesteban  Machine: dna058  Platform: Linux  PlatformVersion: 5.14.0-427.37.1.el9_4.x86_64  CompilerName: GCC  CompilerVersion: 8.4.0
ProgramName: mri_and  ProgramArguments: mri_and -all-info  ProgramVersion: 7.3.2  TimeStamp: 2026/03/09-08:28:53-GMT  BuildTime: Aug  4 2022 06:17:15  BuildStamp: freesurfer-linux-ubuntu22_x86_64-7.3.2-20220804-6354275  User: oesteban  Machine: dna058  Platform: Linux  PlatformVersion: 5.14.0-427.37.1.el9_4.x86_64  CompilerName: GCC  CompilerVersion: 8.4.0
ProgramName: mri_annotation2label  ProgramArguments: mri_annotation2label -all-info  ProgramVersion: 7.3.2  TimeStamp: 2026/03/09-08:28:53-GMT  BuildTime: Aug  4 2022 06:17:15  BuildStamp: freesurfer-linux-ubuntu22_x86_64-7.3.2-20220804-6354275  User: oesteban  Machine: dna058  Platform: Linux  PlatformVersion: 5.14.0-427.37.1.el9_4.x86_64  CompilerName: GCC  CompilerVersion: 8.4.0
ProgramName: mri_aparc2aseg  ProgramArguments: mri_aparc2aseg -all-info  ProgramVersion: 7.3.2  TimeStamp: 2026/03/09-08:28:53-GMT  BuildTime: Aug  4 2022 06:17:15  BuildStamp: freesurfer-linux-ubuntu22_x86_64-7.3.2-20220804-6354275  User: oesteban  Machine: dna058  Platform: Linux  PlatformVersion: 5.14.0-427.37.1.el9_4.x86_64  CompilerName: GCC  CompilerVersion: 8.4.0
ProgramName: mri_surf2volseg  ProgramArguments: mri_surf2volseg -all-info  ProgramVersion: 7.3.2  TimeStamp: 2026/03/09-08:28:53-GMT  BuildTime: Aug  4 2022 06:17:15  BuildStamp: freesurfer-linux-ubuntu22_x86_64-7.3.2-20220804-6354275  User: oesteban  Machine: dna058  Platform: Linux  PlatformVersion: 5.14.0-427.37.1.el9_4.x86_64  CompilerName: GCC  CompilerVersion: 8.4.0
ProgramName: mri_binarize  ProgramArguments: mri_binarize -all-info  ProgramVersion: 7.3.2  TimeStamp: 2026/03/09-08:28:53-GMT  BuildTime: Aug  4 2022 06:17:15  BuildStamp: freesurfer-linux-ubuntu22_x86_64-7.3.2-20220804-6354275  User: oesteban  Machine: dna058  Platform: Linux  PlatformVersion: 5.14.0-427.37.1.el9_4.x86_64  CompilerName: GCC  CompilerVersion: 8.4.0
ProgramName: mri_ca_label  ProgramArguments: mri_ca_label -all-info  ProgramVersion: 7.3.2  TimeStamp: 2026/03/09-08:28:53-GMT  BuildTime: Aug  4 2022 06:17:15  BuildStamp: freesurfer-linux-ubuntu22_x86_64-7.3.2-20220804-6354275  User: oesteban  Machine: dna058  Platform: Linux  PlatformVersion: 5.14.0-427.37.1.el9_4.x86_64  CompilerName: GCC  CompilerVersion: 8.4.0
ProgramName: mri_ca_normalize  ProgramArguments: mri_ca_normalize -all-info  ProgramVersion: 7.3.2  TimeStamp: 2026/03/09-08:28:53-GMT  BuildTime: Aug  4 2022 06:17:15  BuildStamp: freesurfer-linux-ubuntu22_x86_64-7.3.2-20220804-6354275  User: oesteban  Machine: dna058  Platform: Linux  PlatformVersion: 5.14.0-427.37.1.el9_4.x86_64  CompilerName: GCC  CompilerVersion: 8.4.0
ProgramName: mri_ca_register  ProgramArguments: mri_ca_register -all-info  ProgramVersion: 7.3.2  TimeStamp: 2026/03/09-08:28:53-GMT  BuildTime: Aug  4 2022 06:17:15  BuildStamp: freesurfer-linux-ubuntu22_x86_64-7.3.2-20220804-6354275  User: oesteban  Machine: dna058  Platform: Linux  PlatformVersion: 5.14.0-427.37.1.el9_4.x86_64  CompilerName: GCC  CompilerVersion: 8.4.0
ProgramName: mri_cc  ProgramArguments: mri_cc -all-info  ProgramVersion: 7.3.2  TimeStamp: 2026/03/09-08:28:53-GMT  BuildTime: Aug  4 2022 06:17:15  BuildStamp: freesurfer-linux-ubuntu22_x86_64-7.3.2-20220804-6354275  User: oesteban  Machine: dna058  Platform: Linux  PlatformVersion: 5.14.0-427.37.1.el9_4.x86_64  CompilerName: GCC  CompilerVersion: 8.4.0
ProgramName: mri_compute_overlap  ProgramArguments: mri_compute_overlap -all-info  ProgramVersion: 7.3.2  TimeStamp: 2026/03/09-08:28:53-GMT  BuildTime: Aug  4 2022 06:17:15  BuildStamp: freesurfer-linux-ubuntu22_x86_64-7.3.2-20220804-6354275  User: oesteban  Machine: dna058  Platform: Linux  PlatformVersion: 5.14.0-427.37.1.el9_4.x86_64  CompilerName: GCC  CompilerVersion: 8.4.0
ProgramName: mri_compute_seg_overlap  ProgramArguments: mri_compute_seg_overlap -all-info  ProgramVersion: 7.3.2  TimeStamp: 2026/03/09-08:28:53-GMT  BuildTime: Aug  4 2022 06:17:15  BuildStamp: freesurfer-linux-ubuntu22_x86_64-7.3.2-20220804-6354275  User: oesteban  Machine: dna058  Platform: Linux  PlatformVersion: 5.14.0-427.37.1.el9_4.x86_64  CompilerName: GCC  CompilerVersion: 8.4.0
ProgramName: mri_concat  ProgramArguments: mri_concat -all-info  ProgramVersion: 7.3.2  TimeStamp: 2026/03/09-08:28:53-GMT  BuildTime: Aug  4 2022 06:17:15  BuildStamp: freesurfer-linux-ubuntu22_x86_64-7.3.2-20220804-6354275  User: oesteban  Machine: dna058  Platform: Linux  PlatformVersion: 5.14.0-427.37.1.el9_4.x86_64  CompilerName: GCC  CompilerVersion: 8.4.0
ProgramName: mri_concatenate_lta  ProgramArguments: mri_concatenate_lta -all-info  ProgramVersion: 7.3.2  TimeStamp: 2026/03/09-08:28:53-GMT  BuildTime: Aug  4 2022 06:17:15  BuildStamp: freesurfer-linux-ubuntu22_x86_64-7.3.2-20220804-6354275  User: oesteban  Machine: dna058  Platform: Linux  PlatformVersion: 5.14.0-427.37.1.el9_4.x86_64  CompilerName: GCC  CompilerVersion: 8.4.0
mri_convert -all-info 
ProgramName: mri_convert  ProgramArguments: mri_convert -all-info  ProgramVersion: 7.3.2  TimeStamp: 2026/03/09-08:28:53-GMT  BuildTime: Aug  4 2022 06:17:15  BuildStamp: freesurfer-linux-ubuntu22_x86_64-7.3.2-20220804-6354275  User: oesteban  Machine: dna058  Platform: Linux  PlatformVersion: 5.14.0-427.37.1.el9_4.x86_64  CompilerName: GCC  CompilerVersion: 8.4.0
ProgramName: mri_diff  ProgramArguments: mri_diff -all-info  ProgramVersion: 7.3.2  TimeStamp: 2026/03/09-08:28:53-GMT  BuildTime: Aug  4 2022 06:17:15  BuildStamp: freesurfer-linux-ubuntu22_x86_64-7.3.2-20220804-6354275  User: oesteban  Machine: dna058  Platform: Linux  PlatformVersion: 5.14.0-427.37.1.el9_4.x86_64  CompilerName: GCC  CompilerVersion: 8.4.0
ProgramName: mri_edit_wm_with_aseg  ProgramArguments: mri_edit_wm_with_aseg -all-info  ProgramVersion: 7.3.2  TimeStamp: 2026/03/09-08:28:53-GMT  BuildTime: Aug  4 2022 06:17:15  BuildStamp: freesurfer-linux-ubuntu22_x86_64-7.3.2-20220804-6354275  User: oesteban  Machine: dna058  Platform: Linux  PlatformVersion: 5.14.0-427.37.1.el9_4.x86_64  CompilerName: GCC  CompilerVersion: 8.4.0
ProgramName: mri_em_register  ProgramArguments: mri_em_register -all-info  ProgramVersion: 7.3.2  TimeStamp: 2026/03/09-08:28:53-GMT  BuildTime: Aug  4 2022 06:17:15  BuildStamp: freesurfer-linux-ubuntu22_x86_64-7.3.2-20220804-6354275  User: oesteban  Machine: dna058  Platform: Linux  PlatformVersion: 5.14.0-427.37.1.el9_4.x86_64  CompilerName: GCC  CompilerVersion: 8.4.0
ProgramName: mri_fill  ProgramArguments: mri_fill -all-info  ProgramVersion: 7.3.2  TimeStamp: 2026/03/09-08:28:53-GMT  BuildTime: Aug  4 2022 06:17:15  BuildStamp: freesurfer-linux-ubuntu22_x86_64-7.3.2-20220804-6354275  User: oesteban  Machine: dna058  Platform: Linux  PlatformVersion: 5.14.0-427.37.1.el9_4.x86_64  CompilerName: GCC  CompilerVersion: 8.4.0
ProgramName: mri_fuse_segmentations  ProgramArguments: mri_fuse_segmentations -all-info  ProgramVersion: 7.3.2  TimeStamp: 2026/03/09-08:28:53-GMT  BuildTime: Aug  4 2022 06:17:15  BuildStamp: freesurfer-linux-ubuntu22_x86_64-7.3.2-20220804-6354275  User: oesteban  Machine: dna058  Platform: Linux  PlatformVersion: 5.14.0-427.37.1.el9_4.x86_64  CompilerName: GCC  CompilerVersion: 8.4.0
ProgramName: mri_fwhm  ProgramArguments: mri_fwhm -all-info  ProgramVersion: 7.3.2  TimeStamp: 2026/03/09-08:28:53-GMT  BuildTime: Aug  4 2022 06:17:15  BuildStamp: freesurfer-linux-ubuntu22_x86_64-7.3.2-20220804-6354275  User: oesteban  Machine: dna058  Platform: Linux  PlatformVersion: 5.14.0-427.37.1.el9_4.x86_64  CompilerName: GCC  CompilerVersion: 8.4.0
ProgramName: mri_gcut  ProgramArguments: mri_gcut -all-info  ProgramVersion: 7.3.2  TimeStamp: 2026/03/09-08:28:53-GMT  BuildTime: Aug  4 2022 06:17:15  BuildStamp: freesurfer-linux-ubuntu22_x86_64-7.3.2-20220804-6354275  User: oesteban  Machine: dna058  Platform: Linux  PlatformVersion: 5.14.0-427.37.1.el9_4.x86_64  CompilerName: GCC  CompilerVersion: 8.4.0
ProgramName: mri_info  ProgramArguments: mri_info -all-info  ProgramVersion: 7.3.2  TimeStamp: 2026/03/09-08:28:53-GMT  BuildTime: Aug  4 2022 06:17:15  BuildStamp: freesurfer-linux-ubuntu22_x86_64-7.3.2-20220804-6354275  User: oesteban  Machine: dna058  Platform: Linux  PlatformVersion: 5.14.0-427.37.1.el9_4.x86_64  CompilerName: GCC  CompilerVersion: 8.4.0
ProgramName: mri_label2label  ProgramArguments: mri_label2label -all-info  ProgramVersion: 7.3.2  TimeStamp: 2026/03/09-08:28:53-GMT  BuildTime: Aug  4 2022 06:17:15  BuildStamp: freesurfer-linux-ubuntu22_x86_64-7.3.2-20220804-6354275  User: oesteban  Machine: dna058  Platform: Linux  PlatformVersion: 5.14.0-427.37.1.el9_4.x86_64  CompilerName: GCC  CompilerVersion: 8.4.0
ProgramName: mri_label2vol  ProgramArguments: mri_label2vol -all-info  ProgramVersion: 7.3.2  TimeStamp: 2026/03/09-08:28:53-GMT  BuildTime: Aug  4 2022 06:17:15  BuildStamp: freesurfer-linux-ubuntu22_x86_64-7.3.2-20220804-6354275  User: oesteban  Machine: dna058  Platform: Linux  PlatformVersion: 5.14.0-427.37.1.el9_4.x86_64  CompilerName: GCC  CompilerVersion: 8.4.0
ProgramName: mri_log_likelihood  ProgramArguments: mri_log_likelihood -all-info  ProgramVersion: 7.3.2  TimeStamp: 2026/03/09-08:28:53-GMT  BuildTime: Aug  4 2022 06:17:15  BuildStamp: freesurfer-linux-ubuntu22_x86_64-7.3.2-20220804-6354275  User: oesteban  Machine: dna058  Platform: Linux  PlatformVersion: 5.14.0-427.37.1.el9_4.x86_64  CompilerName: GCC  CompilerVersion: 8.4.0
ProgramName: mri_mask  ProgramArguments: mri_mask -all-info  ProgramVersion: 7.3.2  TimeStamp: 2026/03/09-08:28:53-GMT  BuildTime: Aug  4 2022 06:17:15  BuildStamp: freesurfer-linux-ubuntu22_x86_64-7.3.2-20220804-6354275  User: oesteban  Machine: dna058  Platform: Linux  PlatformVersion: 5.14.0-427.37.1.el9_4.x86_64  CompilerName: GCC  CompilerVersion: 8.4.0
ProgramName: mri_matrix_multiply  ProgramArguments: mri_matrix_multiply -all-info  ProgramVersion: 7.3.2  TimeStamp: 2026/03/09-08:28:53-GMT  BuildTime: Aug  4 2022 06:17:15  BuildStamp: freesurfer-linux-ubuntu22_x86_64-7.3.2-20220804-6354275  User: oesteban  Machine: dna058  Platform: Linux  PlatformVersion: 5.14.0-427.37.1.el9_4.x86_64  CompilerName: GCC  CompilerVersion: 8.4.0
ProgramName: mri_normalize  ProgramArguments: mri_normalize -all-info  ProgramVersion: 7.3.2  TimeStamp: 2026/03/09-08:28:53-GMT  BuildTime: Aug  4 2022 06:17:15  BuildStamp: freesurfer-linux-ubuntu22_x86_64-7.3.2-20220804-6354275  User: oesteban  Machine: dna058  Platform: Linux  PlatformVersion: 5.14.0-427.37.1.el9_4.x86_64  CompilerName: GCC  CompilerVersion: 8.4.0
ProgramName: mri_normalize_tp2  ProgramArguments: mri_normalize_tp2 -all-info  ProgramVersion: 7.3.2  TimeStamp: 2026/03/09-08:28:53-GMT  BuildTime: Aug  4 2022 06:17:15  BuildStamp: freesurfer-linux-ubuntu22_x86_64-7.3.2-20220804-6354275  User: oesteban  Machine: dna058  Platform: Linux  PlatformVersion: 5.14.0-427.37.1.el9_4.x86_64  CompilerName: GCC  CompilerVersion: 8.4.0
ProgramName: mri_or  ProgramArguments: mri_or -all-info  ProgramVersion: 7.3.2  TimeStamp: 2026/03/09-08:28:53-GMT  BuildTime: Aug  4 2022 06:17:15  BuildStamp: freesurfer-linux-ubuntu22_x86_64-7.3.2-20220804-6354275  User: oesteban  Machine: dna058  Platform: Linux  PlatformVersion: 5.14.0-427.37.1.el9_4.x86_64  CompilerName: GCC  CompilerVersion: 8.4.0
ProgramName: mri_relabel_hypointensities  ProgramArguments: mri_relabel_hypointensities -all-info  ProgramVersion: 7.3.2  TimeStamp: 2026/03/09-08:28:53-GMT  BuildTime: Aug  4 2022 06:17:15  BuildStamp: freesurfer-linux-ubuntu22_x86_64-7.3.2-20220804-6354275  User: oesteban  Machine: dna058  Platform: Linux  PlatformVersion: 5.14.0-427.37.1.el9_4.x86_64  CompilerName: GCC  CompilerVersion: 8.4.0
ProgramName: mri_relabel_nonwm_hypos  ProgramArguments: mri_relabel_nonwm_hypos -all-info  ProgramVersion: 7.3.2  TimeStamp: 2026/03/09-08:28:53-GMT  BuildTime: Aug  4 2022 06:17:15  BuildStamp: freesurfer-linux-ubuntu22_x86_64-7.3.2-20220804-6354275  User: oesteban  Machine: dna058  Platform: Linux  PlatformVersion: 5.14.0-427.37.1.el9_4.x86_64  CompilerName: GCC  CompilerVersion: 8.4.0
ProgramName: mri_remove_neck  ProgramArguments: mri_remove_neck -all-info  ProgramVersion: 7.3.2  TimeStamp: 2026/03/09-08:28:53-GMT  BuildTime: Aug  4 2022 06:17:15  BuildStamp: freesurfer-linux-ubuntu22_x86_64-7.3.2-20220804-6354275  User: oesteban  Machine: dna058  Platform: Linux  PlatformVersion: 5.14.0-427.37.1.el9_4.x86_64  CompilerName: GCC  CompilerVersion: 8.4.0
7.3.2

ProgramName: mri_robust_register  ProgramArguments: mri_robust_register -all-info  ProgramVersion: 7.3.2  TimeStamp: 2026/03/09-08:28:53-GMT  BuildTime: Aug  4 2022 06:17:15  BuildStamp: freesurfer-linux-ubuntu22_x86_64-7.3.2-20220804-6354275  User: oesteban  Machine: dna058  Platform: Linux  PlatformVersion: 5.14.0-427.37.1.el9_4.x86_64  CompilerName: GCC  CompilerVersion: 8.4.0
7.3.2

ProgramName: mri_robust_template  ProgramArguments: mri_robust_template -all-info  ProgramVersion: 7.3.2  TimeStamp: 2026/03/09-08:28:53-GMT  BuildTime: Aug  4 2022 06:17:15  BuildStamp: freesurfer-linux-ubuntu22_x86_64-7.3.2-20220804-6354275  User: oesteban  Machine: dna058  Platform: Linux  PlatformVersion: 5.14.0-427.37.1.el9_4.x86_64  CompilerName: GCC  CompilerVersion: 8.4.0
ProgramName: mris_anatomical_stats  ProgramArguments: mris_anatomical_stats -all-info  ProgramVersion: 7.3.2  TimeStamp: 2026/03/09-08:28:53-GMT  BuildTime: Aug  4 2022 06:17:15  BuildStamp: freesurfer-linux-ubuntu22_x86_64-7.3.2-20220804-6354275  User: oesteban  Machine: dna058  Platform: Linux  PlatformVersion: 5.14.0-427.37.1.el9_4.x86_64  CompilerName: GCC  CompilerVersion: 8.4.0
ProgramName: mris_ca_label  ProgramArguments: mris_ca_label -all-info  ProgramVersion: 7.3.2  TimeStamp: 2026/03/09-08:28:54-GMT  BuildTime: Aug  4 2022 06:17:15  BuildStamp: freesurfer-linux-ubuntu22_x86_64-7.3.2-20220804-6354275  User: oesteban  Machine: dna058  Platform: Linux  PlatformVersion: 5.14.0-427.37.1.el9_4.x86_64  CompilerName: GCC  CompilerVersion: 8.4.0
ProgramName: mris_calc  ProgramArguments: mris_calc -all-info  ProgramVersion: 7.3.2  TimeStamp: 2026/03/09-08:28:54-GMT  BuildTime: Aug  4 2022 06:17:15  BuildStamp: freesurfer-linux-ubuntu22_x86_64-7.3.2-20220804-6354275  User: oesteban  Machine: dna058  Platform: Linux  PlatformVersion: 5.14.0-427.37.1.el9_4.x86_64  CompilerName: GCC  CompilerVersion: 8.4.0
ProgramName: mris_convert  ProgramArguments: mris_convert -all-info  ProgramVersion: 7.3.2  TimeStamp: 2026/03/09-08:28:54-GMT  BuildTime: Aug  4 2022 06:17:15  BuildStamp: freesurfer-linux-ubuntu22_x86_64-7.3.2-20220804-6354275  User: oesteban  Machine: dna058  Platform: Linux  PlatformVersion: 5.14.0-427.37.1.el9_4.x86_64  CompilerName: GCC  CompilerVersion: 8.4.0
ProgramName: mris_curvature  ProgramArguments: mris_curvature -all-info  ProgramVersion: 7.3.2  TimeStamp: 2026/03/09-08:28:54-GMT  BuildTime: Aug  4 2022 06:17:15  BuildStamp: freesurfer-linux-ubuntu22_x86_64-7.3.2-20220804-6354275  User: oesteban  Machine: dna058  Platform: Linux  PlatformVersion: 5.14.0-427.37.1.el9_4.x86_64  CompilerName: GCC  CompilerVersion: 8.4.0
ProgramName: mris_curvature_stats  ProgramArguments: mris_curvature_stats -all-info  ProgramVersion: 7.3.2  TimeStamp: 2026/03/09-08:28:54-GMT  BuildTime: Aug  4 2022 06:17:15  BuildStamp: freesurfer-linux-ubuntu22_x86_64-7.3.2-20220804-6354275  User: oesteban  Machine: dna058  Platform: Linux  PlatformVersion: 5.14.0-427.37.1.el9_4.x86_64  CompilerName: GCC  CompilerVersion: 8.4.0
ProgramName: mris_diff  ProgramArguments: mris_diff -all-info  ProgramVersion: 7.3.2  TimeStamp: 2026/03/09-08:28:54-GMT  BuildTime: Aug  4 2022 06:17:15  BuildStamp: freesurfer-linux-ubuntu22_x86_64-7.3.2-20220804-6354275  User: oesteban  Machine: dna058  Platform: Linux  PlatformVersion: 5.14.0-427.37.1.el9_4.x86_64  CompilerName: GCC  CompilerVersion: 8.4.0
ProgramName: mris_divide_parcellation  ProgramArguments: mris_divide_parcellation -all-info  ProgramVersion: 7.3.2  TimeStamp: 2026/03/09-08:28:54-GMT  BuildTime: Aug  4 2022 06:17:15  BuildStamp: freesurfer-linux-ubuntu22_x86_64-7.3.2-20220804-6354275  User: oesteban  Machine: dna058  Platform: Linux  PlatformVersion: 5.14.0-427.37.1.el9_4.x86_64  CompilerName: GCC  CompilerVersion: 8.4.0
ProgramName: mri_segment  ProgramArguments: mri_segment -all-info  ProgramVersion: 7.3.2  TimeStamp: 2026/03/09-08:28:54-GMT  BuildTime: Aug  4 2022 06:17:15  BuildStamp: freesurfer-linux-ubuntu22_x86_64-7.3.2-20220804-6354275  User: oesteban  Machine: dna058  Platform: Linux  PlatformVersion: 5.14.0-427.37.1.el9_4.x86_64  CompilerName: GCC  CompilerVersion: 8.4.0
ProgramName: mri_segstats  ProgramArguments: mri_segstats -all-info  ProgramVersion: 7.3.2  TimeStamp: 2026/03/09-08:28:54-GMT  BuildTime: Aug  4 2022 06:17:15  BuildStamp: freesurfer-linux-ubuntu22_x86_64-7.3.2-20220804-6354275  User: oesteban  Machine: dna058  Platform: Linux  PlatformVersion: 5.14.0-427.37.1.el9_4.x86_64  CompilerName: GCC  CompilerVersion: 8.4.0
ProgramName: mris_euler_number  ProgramArguments: mris_euler_number -all-info  ProgramVersion: 7.3.2  TimeStamp: 2026/03/09-08:28:54-GMT  BuildTime: Aug  4 2022 06:17:15  BuildStamp: freesurfer-linux-ubuntu22_x86_64-7.3.2-20220804-6354275  User: oesteban  Machine: dna058  Platform: Linux  PlatformVersion: 5.14.0-427.37.1.el9_4.x86_64  CompilerName: GCC  CompilerVersion: 8.4.0
ProgramName: mris_fix_topology  ProgramArguments: mris_fix_topology -all-info  ProgramVersion: 7.3.2  TimeStamp: 2026/03/09-08:28:54-GMT  BuildTime: Aug  4 2022 06:17:15  BuildStamp: freesurfer-linux-ubuntu22_x86_64-7.3.2-20220804-6354275  User: oesteban  Machine: dna058  Platform: Linux  PlatformVersion: 5.14.0-427.37.1.el9_4.x86_64  CompilerName: GCC  CompilerVersion: 8.4.0
ProgramName: mris_topo_fixer  ProgramArguments: mris_topo_fixer -all-info  ProgramVersion: 7.3.2  TimeStamp: 2026/03/09-08:28:54-GMT  BuildTime: Aug  4 2022 06:17:15  BuildStamp: freesurfer-linux-ubuntu22_x86_64-7.3.2-20220804-6354275  User: oesteban  Machine: dna058  Platform: Linux  PlatformVersion: 5.14.0-427.37.1.el9_4.x86_64  CompilerName: GCC  CompilerVersion: 8.4.0
ProgramName: mris_jacobian  ProgramArguments: mris_jacobian -all-info  ProgramVersion: 7.3.2  TimeStamp: 2026/03/09-08:28:54-GMT  BuildTime: Aug  4 2022 06:17:15  BuildStamp: freesurfer-linux-ubuntu22_x86_64-7.3.2-20220804-6354275  User: oesteban  Machine: dna058  Platform: Linux  PlatformVersion: 5.14.0-427.37.1.el9_4.x86_64  CompilerName: GCC  CompilerVersion: 8.4.0
ProgramName: mris_label2annot  ProgramArguments: mris_label2annot -all-info  ProgramVersion: 7.3.2  TimeStamp: 2026/03/09-08:28:54-GMT  BuildTime: Aug  4 2022 06:17:15  BuildStamp: freesurfer-linux-ubuntu22_x86_64-7.3.2-20220804-6354275  User: oesteban  Machine: dna058  Platform: Linux  PlatformVersion: 5.14.0-427.37.1.el9_4.x86_64  CompilerName: GCC  CompilerVersion: 8.4.0
ProgramName: mris_left_right_register  ProgramArguments: mris_left_right_register -all-info  ProgramVersion: 7.3.2  TimeStamp: 2026/03/09-08:28:54-GMT  BuildTime: Aug  4 2022 06:17:15  BuildStamp: freesurfer-linux-ubuntu22_x86_64-7.3.2-20220804-6354275  User: oesteban  Machine: dna058  Platform: Linux  PlatformVersion: 5.14.0-427.37.1.el9_4.x86_64  CompilerName: GCC  CompilerVersion: 8.4.0
ProgramName: mris_place_surface  ProgramArguments: mris_place_surface -all-info  ProgramVersion: 7.3.2  TimeStamp: 2026/03/09-08:28:54-GMT  BuildTime: Aug  4 2022 06:17:15  BuildStamp: freesurfer-linux-ubuntu22_x86_64-7.3.2-20220804-6354275  User: oesteban  Machine: dna058  Platform: Linux  PlatformVersion: 5.14.0-427.37.1.el9_4.x86_64  CompilerName: GCC  CompilerVersion: 8.4.0
ProgramName: mrisp_paint  ProgramArguments: mrisp_paint -all-info  ProgramVersion: 7.3.2  TimeStamp: 2026/03/09-08:28:54-GMT  BuildTime: Aug  4 2022 06:17:15  BuildStamp: freesurfer-linux-ubuntu22_x86_64-7.3.2-20220804-6354275  User: oesteban  Machine: dna058  Platform: Linux  PlatformVersion: 5.14.0-427.37.1.el9_4.x86_64  CompilerName: GCC  CompilerVersion: 8.4.0
ProgramName: mris_register  ProgramArguments: mris_register -all-info  ProgramVersion: 7.3.2  TimeStamp: 2026/03/09-08:28:54-GMT  BuildTime: Aug  4 2022 06:17:15  BuildStamp: freesurfer-linux-ubuntu22_x86_64-7.3.2-20220804-6354275  User: oesteban  Machine: dna058  Platform: Linux  PlatformVersion: 5.14.0-427.37.1.el9_4.x86_64  CompilerName: GCC  CompilerVersion: 8.4.0
ProgramName: mris_smooth  ProgramArguments: mris_smooth -all-info  ProgramVersion: 7.3.2  TimeStamp: 2026/03/09-08:28:54-GMT  BuildTime: Aug  4 2022 06:17:15  BuildStamp: freesurfer-linux-ubuntu22_x86_64-7.3.2-20220804-6354275  User: oesteban  Machine: dna058  Platform: Linux  PlatformVersion: 5.14.0-427.37.1.el9_4.x86_64  CompilerName: GCC  CompilerVersion: 8.4.0
ProgramName: mris_sphere  ProgramArguments: mris_sphere -all-info  ProgramVersion: 7.3.2  TimeStamp: 2026/03/09-08:28:54-GMT  BuildTime: Aug  4 2022 06:17:15  BuildStamp: freesurfer-linux-ubuntu22_x86_64-7.3.2-20220804-6354275  User: oesteban  Machine: dna058  Platform: Linux  PlatformVersion: 5.14.0-427.37.1.el9_4.x86_64  CompilerName: GCC  CompilerVersion: 8.4.0
ProgramName: mris_surface_stats  ProgramArguments: mris_surface_stats -all-info  ProgramVersion: 7.3.2  TimeStamp: 2026/03/09-08:28:54-GMT  BuildTime: Aug  4 2022 06:17:15  BuildStamp: freesurfer-linux-ubuntu22_x86_64-7.3.2-20220804-6354275  User: oesteban  Machine: dna058  Platform: Linux  PlatformVersion: 5.14.0-427.37.1.el9_4.x86_64  CompilerName: GCC  CompilerVersion: 8.4.0
ProgramName: mri_stats2seg  ProgramArguments: mri_stats2seg -all-info  ProgramVersion: 7.3.2  TimeStamp: 2026/03/09-08:28:54-GMT  BuildTime: Aug  4 2022 06:17:15  BuildStamp: freesurfer-linux-ubuntu22_x86_64-7.3.2-20220804-6354275  User: oesteban  Machine: dna058  Platform: Linux  PlatformVersion: 5.14.0-427.37.1.el9_4.x86_64  CompilerName: GCC  CompilerVersion: 8.4.0
ProgramName: mris_thickness  ProgramArguments: mris_thickness -all-info  ProgramVersion: 7.3.2  TimeStamp: 2026/03/09-08:28:54-GMT  BuildTime: Aug  4 2022 06:17:15  BuildStamp: freesurfer-linux-ubuntu22_x86_64-7.3.2-20220804-6354275  User: oesteban  Machine: dna058  Platform: Linux  PlatformVersion: 5.14.0-427.37.1.el9_4.x86_64  CompilerName: GCC  CompilerVersion: 8.4.0
ProgramName: mris_thickness_diff  ProgramArguments: mris_thickness_diff -all-info  ProgramVersion: 7.3.2  TimeStamp: 2026/03/09-08:28:54-GMT  BuildTime: Aug  4 2022 06:17:15  BuildStamp: freesurfer-linux-ubuntu22_x86_64-7.3.2-20220804-6354275  User: oesteban  Machine: dna058  Platform: Linux  PlatformVersion: 5.14.0-427.37.1.el9_4.x86_64  CompilerName: GCC  CompilerVersion: 8.4.0
ProgramName: mris_topo_fixer  ProgramArguments: mris_topo_fixer -all-info  ProgramVersion: 7.3.2  TimeStamp: 2026/03/09-08:28:54-GMT  BuildTime: Aug  4 2022 06:17:15  BuildStamp: freesurfer-linux-ubuntu22_x86_64-7.3.2-20220804-6354275  User: oesteban  Machine: dna058  Platform: Linux  PlatformVersion: 5.14.0-427.37.1.el9_4.x86_64  CompilerName: GCC  CompilerVersion: 8.4.0
ProgramName: mri_surf2surf  ProgramArguments: mri_surf2surf -all-info  ProgramVersion: 7.3.2  TimeStamp: 2026/03/09-08:28:54-GMT  BuildTime: Aug  4 2022 06:17:15  BuildStamp: freesurfer-linux-ubuntu22_x86_64-7.3.2-20220804-6354275  User: oesteban  Machine: dna058  Platform: Linux  PlatformVersion: 5.14.0-427.37.1.el9_4.x86_64  CompilerName: GCC  CompilerVersion: 8.4.0
ProgramName: mri_surf2vol  ProgramArguments: mri_surf2vol -all-info  ProgramVersion: 7.3.2  TimeStamp: 2026/03/09-08:28:54-GMT  BuildTime: Aug  4 2022 06:17:15  BuildStamp: freesurfer-linux-ubuntu22_x86_64-7.3.2-20220804-6354275  User: oesteban  Machine: dna058  Platform: Linux  PlatformVersion: 5.14.0-427.37.1.el9_4.x86_64  CompilerName: GCC  CompilerVersion: 8.4.0
ProgramName: mri_surfcluster  ProgramArguments: mri_surfcluster -all-info  ProgramVersion: 7.3.2  TimeStamp: 2026/03/09-08:28:54-GMT  BuildTime: Aug  4 2022 06:17:15  BuildStamp: freesurfer-linux-ubuntu22_x86_64-7.3.2-20220804-6354275  User: oesteban  Machine: dna058  Platform: Linux  PlatformVersion: 5.14.0-427.37.1.el9_4.x86_64  CompilerName: GCC  CompilerVersion: 8.4.0
ProgramName: mris_volmask  ProgramArguments: mris_volmask -all-info  ProgramVersion: 7.3.2  TimeStamp: 2026/03/09-08:28:54-GMT  BuildTime: Aug  4 2022 06:17:15  BuildStamp: freesurfer-linux-ubuntu22_x86_64-7.3.2-20220804-6354275  User: oesteban  Machine: dna058  Platform: Linux  PlatformVersion: 5.14.0-427.37.1.el9_4.x86_64  CompilerName: GCC  CompilerVersion: 8.4.0
ProgramName: mri_tessellate  ProgramArguments: mri_tessellate -all-info  ProgramVersion: 7.3.2  TimeStamp: 2026/03/09-08:28:54-GMT  BuildTime: Aug  4 2022 06:17:15  BuildStamp: freesurfer-linux-ubuntu22_x86_64-7.3.2-20220804-6354275  User: oesteban  Machine: dna058  Platform: Linux  PlatformVersion: 5.14.0-427.37.1.el9_4.x86_64  CompilerName: GCC  CompilerVersion: 8.4.0
ProgramName: mri_vol2surf  ProgramArguments: mri_vol2surf -all-info  ProgramVersion: 7.3.2  TimeStamp: 2026/03/09-08:28:54-GMT  BuildTime: Aug  4 2022 06:17:15  BuildStamp: freesurfer-linux-ubuntu22_x86_64-7.3.2-20220804-6354275  User: oesteban  Machine: dna058  Platform: Linux  PlatformVersion: 5.14.0-427.37.1.el9_4.x86_64  CompilerName: GCC  CompilerVersion: 8.4.0
ProgramName: mri_vol2vol  ProgramArguments: mri_vol2vol -all-info  ProgramVersion: 7.3.2  TimeStamp: 2026/03/09-08:28:54-GMT  BuildTime: Aug  4 2022 06:17:15  BuildStamp: freesurfer-linux-ubuntu22_x86_64-7.3.2-20220804-6354275  User: oesteban  Machine: dna058  Platform: Linux  PlatformVersion: 5.14.0-427.37.1.el9_4.x86_64  CompilerName: GCC  CompilerVersion: 8.4.0
ProgramName: mri_voldiff  ProgramArguments: mri_voldiff -all-info  ProgramVersion: 7.3.2  TimeStamp: 2026/03/09-08:28:54-GMT  BuildTime: Aug  4 2022 06:17:15  BuildStamp: freesurfer-linux-ubuntu22_x86_64-7.3.2-20220804-6354275  User: oesteban  Machine: dna058  Platform: Linux  PlatformVersion: 5.14.0-427.37.1.el9_4.x86_64  CompilerName: GCC  CompilerVersion: 8.4.0
ProgramName: mri_watershed  ProgramArguments: mri_watershed -all-info  ProgramVersion: 7.3.2  TimeStamp: 2026/03/09-08:28:54-GMT  BuildTime: Aug  4 2022 06:17:15  BuildStamp: freesurfer-linux-ubuntu22_x86_64-7.3.2-20220804-6354275  User: oesteban  Machine: dna058  Platform: Linux  PlatformVersion: 5.14.0-427.37.1.el9_4.x86_64  CompilerName: GCC  CompilerVersion: 8.4.0
ProgramName: tkregister2  ProgramArguments: tkregister2_cmdl -all-info  ProgramVersion: 7.3.2  TimeStamp: 2026/03/09-08:28:54-GMT  BuildTime: Aug  4 2022 06:17:15  BuildStamp: freesurfer-linux-ubuntu22_x86_64-7.3.2-20220804-6354275  User: oesteban  Machine: dna058  Platform: Linux  PlatformVersion: 5.14.0-427.37.1.el9_4.x86_64  CompilerName: GCC  CompilerVersion: 8.4.0
mri_motion_correct.fsl 7.3.2
mri_convert -all-info 
ProgramName: mri_convert  ProgramArguments: mri_convert -all-info  ProgramVersion: 7.3.2  TimeStamp: 2026/03/09-08:28:54-GMT  BuildTime: Aug  4 2022 06:17:15  BuildStamp: freesurfer-linux-ubuntu22_x86_64-7.3.2-20220804-6354275  User: oesteban  Machine: dna058  Platform: Linux  PlatformVersion: 5.14.0-427.37.1.el9_4.x86_64  CompilerName: GCC  CompilerVersion: 8.4.0
Program nu_correct, built from:
Package MNI N3, version 1.12.0, compiled by nicks@terrier (x86_64-unknown-linux-gnu) on 2015-06-19 at 01:25:34
#######################################
GCADIR /opt/freesurfer/average
GCA RB_all_2020-01-02.gca
GCASkull RB_all_withskull_2020_01_02.gca
AvgCurvTif folding.atlas.acfb40.noaparc.i12.2016-08-02.tif
GCSDIR /opt/freesurfer/average
GCS DKaparc.atlas.acfb40.noaparc.i12.2016-08-02.gcs
#######################################
-cw256 option is now persistent (remove with -clean-cw256)
/out/sourcedata/freesurfer/sub-v1s21x0050390_ses-1

 mri_convert /work/fmriprep_25_2_wf/sub_v1s21x0050390_ses_1_wf/anat_fit_wf/anat_validate/sub-v1s21x0050390_ses-1_T1w_noise_corrected_ras_valid.nii.gz /out/sourcedata/freesurfer/sub-v1s21x0050390_ses-1/mri/orig/001.mgz 

mri_convert /work/fmriprep_25_2_wf/sub_v1s21x0050390_ses_1_wf/anat_fit_wf/anat_validate/sub-v1s21x0050390_ses-1_T1w_noise_corrected_ras_valid.nii.gz /out/sourcedata/freesurfer/sub-v1s21x0050390_ses-1/mri/orig/001.mgz 
reading from /work/fmriprep_25_2_wf/sub_v1s21x0050390_ses_1_wf/anat_fit_wf/anat_validate/sub-v1s21x0050390_ses-1_T1w_noise_corrected_ras_valid.nii.gz...
TR=0.00, TE=0.00, TI=0.00, flip angle=0.00
i_ras = (1, 0, 0)
j_ras = (0, 1, 0)
k_ras = (0, 0, 1)
writing to /out/sourcedata/freesurfer/sub-v1s21x0050390_ses-1/mri/orig/001.mgz...
#--------------------------------------------
#@# MotionCor Mon Mar  9 09:28:55 CET 2026
Found 1 runs
/out/sourcedata/freesurfer/sub-v1s21x0050390_ses-1/mri/orig/001.mgz
Checking for (invalid) multi-frame inputs...
Only one run found so motion
correction will not be performed. I'll
copy the run to rawavg and continue.

 cp /out/sourcedata/freesurfer/sub-v1s21x0050390_ses-1/mri/orig/001.mgz /out/sourcedata/freesurfer/sub-v1s21x0050390_ses-1/mri/rawavg.mgz 


 mri_info /out/sourcedata/freesurfer/sub-v1s21x0050390_ses-1/mri/rawavg.mgz 

rawavg.mgz ========================================
Volume information for /out/sourcedata/freesurfer/sub-v1s21x0050390_ses-1/mri/rawavg.mgz
          type: MGH
    dimensions: 256 x 256 x 124
   voxel sizes: 1.015620, 1.015620, 1.200000
          type: FLOAT (3)
           fov: 259.999
           dof: 1
        xstart: -130.0, xend: 130.0
        ystart: -130.0, yend: 130.0
        zstart: -74.4, zend: 74.4
            TR: 0.00 msec, TE: 0.00 msec, TI: 0.00 msec, flip angle: 0.00 degrees
       nframes: 1
       PhEncDir: UNKNOWN
       FieldStrength: 0.000000
ras xform present
    xform info: x_r =   1.0000, y_r =   0.0000, z_r =   0.0000, c_r =     0.5078
              : x_a =   0.0000, y_a =   1.0000, z_a =   0.0000, c_a =     0.5078
              : x_s =   0.0000, y_s =   0.0000, z_s =   1.0000, c_s =     0.6000

talairach xfm : 
Orientation   : RAS
Primary Slice Direction: axial

voxel to ras transform:
                1.0156   0.0000   0.0000  -129.4915
                0.0000   1.0156   0.0000  -129.4915
                0.0000   0.0000   1.2000   -73.8000
                0.0000   0.0000   0.0000     1.0000

voxel-to-ras determinant 1.23778

ras to voxel transform:
                0.9846   0.0000   0.0000   127.5000
                0.0000   0.9846   0.0000   127.5000
                0.0000   0.0000   0.8333    61.5000
                0.0000   0.0000   0.0000     1.0000
/out/sourcedata/freesurfer/sub-v1s21x0050390_ses-1

 mri_convert /out/sourcedata/freesurfer/sub-v1s21x0050390_ses-1/mri/rawavg.mgz /out/sourcedata/freesurfer/sub-v1s21x0050390_ses-1/mri/orig.mgz --conform --cw256 

mri_convert /out/sourcedata/freesurfer/sub-v1s21x0050390_ses-1/mri/rawavg.mgz /out/sourcedata/freesurfer/sub-v1s21x0050390_ses-1/mri/orig.mgz --conform --cw256 
reading from /out/sourcedata/freesurfer/sub-v1s21x0050390_ses-1/mri/rawavg.mgz...
TR=0.00, TE=0.00, TI=0.00, flip angle=0.00
i_ras = (1, 0, 0)
j_ras = (0, 1, 0)
k_ras = (0, 0, 1)
changing data type from float to uchar (noscale = 0)...
MRIchangeType: Building histogram -0.00164795 8094.18 1000, flo=0, fhi=0.999, dest_type=0
Reslicing using trilinear interpolation 
writing to /out/sourcedata/freesurfer/sub-v1s21x0050390_ses-1/mri/orig.mgz...

 mri_add_xform_to_header -c /out/sourcedata/freesurfer/sub-v1s21x0050390_ses-1/mri/transforms/talairach.xfm /out/sourcedata/freesurfer/sub-v1s21x0050390_ses-1/mri/orig.mgz /out/sourcedata/freesurfer/sub-v1s21x0050390_ses-1/mri/orig.mgz 

INFO: extension is mgz

 mri_info /out/sourcedata/freesurfer/sub-v1s21x0050390_ses-1/mri/orig.mgz 

orig.mgz ========================================
Volume information for /out/sourcedata/freesurfer/sub-v1s21x0050390_ses-1/mri/orig.mgz
          type: MGH
    dimensions: 256 x 256 x 256
   voxel sizes: 1.000000, 1.000000, 1.000000
          type: UCHAR (0)
           fov: 256.000
           dof: 1
        xstart: -128.0, xend: 128.0
        ystart: -128.0, yend: 128.0
        zstart: -128.0, zend: 128.0
            TR: 0.00 msec, TE: 0.00 msec, TI: 0.00 msec, flip angle: 0.00 degrees
       nframes: 1
       PhEncDir: UNKNOWN
       FieldStrength: 0.000000
ras xform present
    xform info: x_r =  -1.0000, y_r =   0.0000, z_r =   0.0000, c_r =     0.5078
              : x_a =   0.0000, y_a =   0.0000, z_a =   1.0000, c_a =     0.5078
              : x_s =   0.0000, y_s =  -1.0000, z_s =   0.0000, c_s =     0.6000

talairach xfm : /out/sourcedata/freesurfer/sub-v1s21x0050390_ses-1/mri/transforms/talairach.xfm
Orientation   : LIA
Primary Slice Direction: coronal

voxel to ras transform:
               -1.0000   0.0000   0.0000   128.5078
                0.0000   0.0000   1.0000  -127.4922
                0.0000  -1.0000   0.0000   128.6000
                0.0000   0.0000   0.0000     1.0000

voxel-to-ras determinant -1

ras to voxel transform:
               -1.0000  -0.0000  -0.0000   128.5078
               -0.0000  -0.0000  -1.0000   128.6000
               -0.0000   1.0000  -0.0000   127.4922
               -0.0000  -0.0000  -0.0000     1.0000
#--------------------------------------------
#@# Talairach Mon Mar  9 09:29:05 CET 2026
/out/sourcedata/freesurfer/sub-v1s21x0050390_ses-1/mri

 mri_nu_correct.mni --no-rescale --i orig.mgz --o orig_nu.mgz --ants-n4 --n 1 --proto-iters 1000 --distance 50 

/usr/bin/bc
/out/sourcedata/freesurfer/sub-v1s21x0050390_ses-1/mri
/opt/freesurfer/bin/mri_nu_correct.mni
--no-rescale --i orig.mgz --o orig_nu.mgz --ants-n4 --n 1 --proto-iters 1000 --distance 50
nIters 1
mri_nu_correct.mni 7.3.2
Linux dna058 5.14.0-427.37.1.el9_4.x86_64 #1 SMP PREEMPT_DYNAMIC Fri Sep 13 12:41:50 EDT 2024 x86_64 x86_64 x86_64 GNU/Linux
Mon Mar  9 09:29:05 CET 2026
tmpdir is ./tmp.mri_nu_correct.mni.3493450
cd /out/sourcedata/freesurfer/sub-v1s21x0050390_ses-1/mri
AntsN4BiasFieldCorrectionFs -i orig.mgz -o ./tmp.mri_nu_correct.mni.3493450/nu0.mgz --dtype uchar
AntsN4BiasFieldCorrectionFs done
mri_convert ./tmp.mri_nu_correct.mni.3493450/nu0.mgz orig_nu.mgz --like orig.mgz --conform
mri_convert ./tmp.mri_nu_correct.mni.3493450/nu0.mgz orig_nu.mgz --like orig.mgz --conform 
reading from ./tmp.mri_nu_correct.mni.3493450/nu0.mgz...
TR=0.00, TE=0.00, TI=0.00, flip angle=0.00
i_ras = (-1, 0, 0)
j_ras = (0, 0, -1)
k_ras = (0, 1, 0)
INFO: transform src into the like-volume: orig.mgz
writing to orig_nu.mgz...
 
 
Mon Mar  9 09:31:59 CET 2026
mri_nu_correct.mni done

 talairach_avi --i orig_nu.mgz --xfm transforms/talairach.auto.xfm 

talairach_avi log file is transforms/talairach_avi.log...
mv -f /out/sourcedata/freesurfer/sub-v1s21x0050390_ses-1/mri/talsrcimg_to_711-2C_as_mni_average_305_t4_vox2vox.txt /out/sourcedata/freesurfer/sub-v1s21x0050390_ses-1/mri/transforms/talsrcimg_to_711-2C_as_mni_average_305_t4_vox2vox.txt
Started at Mon Mar 9 09:31:59 CET 2026
Ended   at Mon Mar  9 09:33:26 CET 2026
talairach_avi done

 cp transforms/talairach.auto.xfm transforms/talairach.xfm 

lta_convert --src orig.mgz --trg /opt/freesurfer/average/mni305.cor.mgz --inxfm transforms/talairach.xfm --outlta transforms/talairach.xfm.lta --subject fsaverage --ltavox2vox
7.3.2

--src: orig.mgz src image (geometry).
--trg: /opt/freesurfer/average/mni305.cor.mgz trg image (geometry).
--inmni: transforms/talairach.xfm input MNI/XFM transform.
--outlta: transforms/talairach.xfm.lta output LTA.
--s: fsaverage subject name
--ltavox2vox: output LTA as VOX_TO_VOX transform.
 LTA read, type : 1
 1.08091  -0.10588  -0.06188  -9.01674;
 0.08394   0.98850   0.17634  -8.57496;
 0.07395  -0.04268   1.15345   13.66885;
 0.00000   0.00000   0.00000   1.00000;
setting subject to fsaverage
Writing  LTA to file transforms/talairach.xfm.lta...
lta_convert successful.
#--------------------------------------------
#@# Talairach Failure Detection Mon Mar  9 09:33:28 CET 2026
/out/sourcedata/freesurfer/sub-v1s21x0050390_ses-1/mri

 talairach_afd -T 0.005 -xfm transforms/talairach.xfm 

talairach_afd: Talairach Transform: transforms/talairach.xfm OK (p=0.7170, pval=0.4932 >= threshold=0.0050)

 awk -f /opt/freesurfer/bin/extract_talairach_avi_QA.awk /out/sourcedata/freesurfer/sub-v1s21x0050390_ses-1/mri/transforms/talairach_avi.log 


 tal_QC_AZS /out/sourcedata/freesurfer/sub-v1s21x0050390_ses-1/mri/transforms/talairach_avi.log 

TalAviQA: 0.98214
z-score: 0
#--------------------------------------------
#@# Nu Intensity Correction Mon Mar  9 09:33:28 CET 2026

 mri_nu_correct.mni --i orig.mgz --o nu.mgz --uchar transforms/talairach.xfm --n 2 --ants-n4 

/usr/bin/bc
/out/sourcedata/freesurfer/sub-v1s21x0050390_ses-1/mri
/opt/freesurfer/bin/mri_nu_correct.mni
--i orig.mgz --o nu.mgz --uchar transforms/talairach.xfm --n 2 --ants-n4
nIters 2
mri_nu_correct.mni 7.3.2
Linux dna058 5.14.0-427.37.1.el9_4.x86_64 #1 SMP PREEMPT_DYNAMIC Fri Sep 13 12:41:50 EDT 2024 x86_64 x86_64 x86_64 GNU/Linux
Mon Mar  9 09:33:29 CET 2026
tmpdir is ./tmp.mri_nu_correct.mni.3494870
cd /out/sourcedata/freesurfer/sub-v1s21x0050390_ses-1/mri
AntsN4BiasFieldCorrectionFs -i orig.mgz -o ./tmp.mri_nu_correct.mni.3494870/nu0.mgz --dtype uchar
AntsN4BiasFieldCorrectionFs done
mri_binarize --i ./tmp.mri_nu_correct.mni.3494870/nu0.mgz --min -1 --o ./tmp.mri_nu_correct.mni.3494870/ones.mgz

7.3.2
cwd /out/sourcedata/freesurfer/sub-v1s21x0050390_ses-1/mri
cmdline mri_binarize --i ./tmp.mri_nu_correct.mni.3494870/nu0.mgz --min -1 --o ./tmp.mri_nu_correct.mni.3494870/ones.mgz 
sysname  Linux
hostname dna058
machine  x86_64
user     oesteban

input      ./tmp.mri_nu_correct.mni.3494870/nu0.mgz
frame      0
nErode3d   0
nErode2d   0
output     ./tmp.mri_nu_correct.mni.3494870/ones.mgz
Binarizing based on threshold
min        -1
max        +infinity
binval        1
binvalnot     0
fstart = 0, fend = 0, nframes = 1
Starting parallel 1
Found 16777216 values in range
Counting number of voxels in first frame
Found 16777215 voxels in final mask
Writing output to ./tmp.mri_nu_correct.mni.3494870/ones.mgz
Count: 16777215 16777215.000000 16777216 99.999994
mri_binarize done
mri_segstats --id 1 --seg ./tmp.mri_nu_correct.mni.3494870/ones.mgz --i orig.mgz --sum ./tmp.mri_nu_correct.mni.3494870/sum.junk --avgwf ./tmp.mri_nu_correct.mni.3494870/input.mean.dat

7.3.2
cwd 
cmdline mri_segstats --id 1 --seg ./tmp.mri_nu_correct.mni.3494870/ones.mgz --i orig.mgz --sum ./tmp.mri_nu_correct.mni.3494870/sum.junk --avgwf ./tmp.mri_nu_correct.mni.3494870/input.mean.dat 
sysname  Linux
hostname dna058
machine  x86_64
user     oesteban
whitesurfname  white
UseRobust  0
Loading ./tmp.mri_nu_correct.mni.3494870/ones.mgz
Loading orig.mgz
Voxel Volume is 1 mm^3
Generating list of segmentation ids
Found   1 segmentations
Computing statistics for each segmentation

Reporting on   1 segmentations
Using PrintSegStat
Computing spatial average of each frame

Writing to ./tmp.mri_nu_correct.mni.3494870/input.mean.dat
mri_segstats done
mri_segstats --id 1 --seg ./tmp.mri_nu_correct.mni.3494870/ones.mgz --i ./tmp.mri_nu_correct.mni.3494870/nu0.mgz --sum ./tmp.mri_nu_correct.mni.3494870/sum.junk --avgwf ./tmp.mri_nu_correct.mni.3494870/output.mean.dat

7.3.2
cwd 
cmdline mri_segstats --id 1 --seg ./tmp.mri_nu_correct.mni.3494870/ones.mgz --i ./tmp.mri_nu_correct.mni.3494870/nu0.mgz --sum ./tmp.mri_nu_correct.mni.3494870/sum.junk --avgwf ./tmp.mri_nu_correct.mni.3494870/output.mean.dat 
sysname  Linux
hostname dna058
machine  x86_64
user     oesteban
whitesurfname  white
UseRobust  0
Loading ./tmp.mri_nu_correct.mni.3494870/ones.mgz
Loading ./tmp.mri_nu_correct.mni.3494870/nu0.mgz
Voxel Volume is 1 mm^3
Generating list of segmentation ids
Found   1 segmentations
Computing statistics for each segmentation

Reporting on   1 segmentations
Using PrintSegStat
Computing spatial average of each frame

Writing to ./tmp.mri_nu_correct.mni.3494870/output.mean.dat
mri_segstats done
mris_calc -o ./tmp.mri_nu_correct.mni.3494870/nu0.mgz ./tmp.mri_nu_correct.mni.3494870/nu0.mgz mul 1.19381988219103765954
Saving result to './tmp.mri_nu_correct.mni.3494870/nu0.mgz' (type = MGH )                       [ ok ]
mri_convert ./tmp.mri_nu_correct.mni.3494870/nu0.mgz nu.mgz --like orig.mgz
mri_convert ./tmp.mri_nu_correct.mni.3494870/nu0.mgz nu.mgz --like orig.mgz 
reading from ./tmp.mri_nu_correct.mni.3494870/nu0.mgz...
TR=0.00, TE=0.00, TI=0.00, flip angle=0.00
i_ras = (-1, 0, 0)
j_ras = (0, 0, -1)
k_ras = (0, 1, 0)
INFO: transform src into the like-volume: orig.mgz
writing to nu.mgz...
mri_make_uchar nu.mgz transforms/talairach.xfm nu.mgz
type change took 0 minutes and 6 seconds.
FIRST_PERCENTILE 0.010000
WM_PERCENTILE    0.900000
MAX_R 50.000000
i1 = 4, i2 = 51
#mri_make_uchar# mapping 10 131 to  3 110  :  b -6.59468 m 0.887572 : thresh 7.43002 maxsat 294.731 : nzero 13982661 nsat 0
 
 
Mon Mar  9 09:36:46 CET 2026
mri_nu_correct.mni done

 mri_add_xform_to_header -c /out/sourcedata/freesurfer/sub-v1s21x0050390_ses-1/mri/transforms/talairach.xfm nu.mgz nu.mgz 

INFO: extension is mgz
#--------------------------------------------
#@# Intensity Normalization Mon Mar  9 09:36:46 CET 2026
/out/sourcedata/freesurfer/sub-v1s21x0050390_ses-1/mri

 mri_normalize -g 1 -seed 1234 -mprage nu.mgz T1.mgz 

using max gradient = 1.000
setting seed for random number genererator to 1234
assuming input volume is MGH (Van der Kouwe) MP-RAGE
reading mri_src from nu.mgz...
normalizing image...
NOT doing gentle normalization with control points/label
talairach transform
 1.08091  -0.10588  -0.06188  -9.01674;
 0.08394   0.98850   0.17634  -8.57496;
 0.07395  -0.04268   1.15345   13.66885;
 0.00000   0.00000   0.00000   1.00000;
processing without aseg, no1d=0
MRInormInit(): 
INFO: Modifying talairach volume c_(r,a,s) based on average_305
MRInormalize(): 
MRIsplineNormalize(): npeaks = 17
Starting OpenSpline(): npoints = 17
building Voronoi diagram...
performing soap bubble smoothing, sigma = 8...

Iterating 2 times
---------------------------------
3d normalization pass 1 of 2
white matter peak found at 110
white matter peak found at 109
gm peak at 71 (71), valley at 48 (48)
csf peak at 36, setting threshold to 59
building Voronoi diagram...
performing soap bubble smoothing, sigma = 8...
---------------------------------
3d normalization pass 2 of 2
white matter peak found at 110
white matter peak found at 110
gm peak at 73 (73), valley at 49 (49)
csf peak at 27, setting threshold to 57
building Voronoi diagram...
performing soap bubble smoothing, sigma = 8...
Done iterating ---------------------------------
writing output to T1.mgz
3D bias adjustment took 1 minutes and 27 seconds.

Started at Mon Mar 9 09:28:53 CET 2026 
Ended   at Mon Mar 9 09:38:14 CET 2026
#@#%# recon-all-run-time-hours 0.156
recon-all -s sub-v1s21x0050390_ses-1 finished without error at Mon Mar  9 09:38:14 CET 2026



#New# invocation of recon-all 




Mon Mar  9 09:44:53 CET 2026
cd /out/sourcedata/freesurfer/sub-v1s21x0050390_ses-1
setenv SUBJECTS_DIR /out/sourcedata/freesurfer
/opt/freesurfer/bin/recon-all -openmp 16 -subjid sub-v1s21x0050390_ses-1 -sd /out/sourcedata/freesurfer -gcareg

subjid sub-v1s21x0050390_ses-1
setenv SUBJECTS_DIR /out/sourcedata/freesurfer
FREESURFER_HOME /opt/freesurfer
Actual FREESURFER_HOME /opt/freesurfer
build-stamp.txt: freesurfer-linux-ubuntu22_x86_64-7.3.2-20220804-6354275
Linux dna058 5.14.0-427.37.1.el9_4.x86_64 #1 SMP PREEMPT_DYNAMIC Fri Sep 13 12:41:50 EDT 2024 x86_64 x86_64 x86_64 GNU/Linux
cputime      unlimited
filesize     unlimited
datasize     unlimited
stacksize    8192 kbytes
coredumpsize 0 kbytes
memoryuse    67108864 kbytes
vmemoryuse   unlimited
descriptors  1024 
memorylocked unlimited
maxproc      2061970 
maxlocks     unlimited
maxsignal    2061970 
maxmessage   819200 
maxnice      0 
maxrtprio    0 
maxrttime    unlimited

               total        used        free      shared  buff/cache   available
Mem:           503Gi        51Gi       205Gi        14Gi       246Gi       434Gi
Swap:             0B          0B          0B

########################################
program versions used
7.3.2 (freesurfer-linux-ubuntu22_x86_64-7.3.2-20220804-6354275)
7.3.2

ProgramName: lta_convert  ProgramArguments: lta_convert -all-info  ProgramVersion: 7.3.2  TimeStamp: 2026/03/09-08:44:53-GMT  BuildTime: Aug  4 2022 06:17:15  BuildStamp: freesurfer-linux-ubuntu22_x86_64-7.3.2-20220804-6354275  User: oesteban  Machine: dna058  Platform: Linux  PlatformVersion: 5.14.0-427.37.1.el9_4.x86_64  CompilerName: GCC  CompilerVersion: 8.4.0
ProgramName: mri_and  ProgramArguments: mri_and -all-info  ProgramVersion: 7.3.2  TimeStamp: 2026/03/09-08:44:53-GMT  BuildTime: Aug  4 2022 06:17:15  BuildStamp: freesurfer-linux-ubuntu22_x86_64-7.3.2-20220804-6354275  User: oesteban  Machine: dna058  Platform: Linux  PlatformVersion: 5.14.0-427.37.1.el9_4.x86_64  CompilerName: GCC  CompilerVersion: 8.4.0
ProgramName: mri_annotation2label  ProgramArguments: mri_annotation2label -all-info  ProgramVersion: 7.3.2  TimeStamp: 2026/03/09-08:44:53-GMT  BuildTime: Aug  4 2022 06:17:15  BuildStamp: freesurfer-linux-ubuntu22_x86_64-7.3.2-20220804-6354275  User: oesteban  Machine: dna058  Platform: Linux  PlatformVersion: 5.14.0-427.37.1.el9_4.x86_64  CompilerName: GCC  CompilerVersion: 8.4.0
ProgramName: mri_aparc2aseg  ProgramArguments: mri_aparc2aseg -all-info  ProgramVersion: 7.3.2  TimeStamp: 2026/03/09-08:44:53-GMT  BuildTime: Aug  4 2022 06:17:15  BuildStamp: freesurfer-linux-ubuntu22_x86_64-7.3.2-20220804-6354275  User: oesteban  Machine: dna058  Platform: Linux  PlatformVersion: 5.14.0-427.37.1.el9_4.x86_64  CompilerName: GCC  CompilerVersion: 8.4.0
ProgramName: mri_surf2volseg  ProgramArguments: mri_surf2volseg -all-info  ProgramVersion: 7.3.2  TimeStamp: 2026/03/09-08:44:53-GMT  BuildTime: Aug  4 2022 06:17:15  BuildStamp: freesurfer-linux-ubuntu22_x86_64-7.3.2-20220804-6354275  User: oesteban  Machine: dna058  Platform: Linux  PlatformVersion: 5.14.0-427.37.1.el9_4.x86_64  CompilerName: GCC  CompilerVersion: 8.4.0
ProgramName: mri_binarize  ProgramArguments: mri_binarize -all-info  ProgramVersion: 7.3.2  TimeStamp: 2026/03/09-08:44:53-GMT  BuildTime: Aug  4 2022 06:17:15  BuildStamp: freesurfer-linux-ubuntu22_x86_64-7.3.2-20220804-6354275  User: oesteban  Machine: dna058  Platform: Linux  PlatformVersion: 5.14.0-427.37.1.el9_4.x86_64  CompilerName: GCC  CompilerVersion: 8.4.0
ProgramName: mri_ca_label  ProgramArguments: mri_ca_label -all-info  ProgramVersion: 7.3.2  TimeStamp: 2026/03/09-08:44:53-GMT  BuildTime: Aug  4 2022 06:17:15  BuildStamp: freesurfer-linux-ubuntu22_x86_64-7.3.2-20220804-6354275  User: oesteban  Machine: dna058  Platform: Linux  PlatformVersion: 5.14.0-427.37.1.el9_4.x86_64  CompilerName: GCC  CompilerVersion: 8.4.0
ProgramName: mri_ca_normalize  ProgramArguments: mri_ca_normalize -all-info  ProgramVersion: 7.3.2  TimeStamp: 2026/03/09-08:44:53-GMT  BuildTime: Aug  4 2022 06:17:15  BuildStamp: freesurfer-linux-ubuntu22_x86_64-7.3.2-20220804-6354275  User: oesteban  Machine: dna058  Platform: Linux  PlatformVersion: 5.14.0-427.37.1.el9_4.x86_64  CompilerName: GCC  CompilerVersion: 8.4.0
ProgramName: mri_ca_register  ProgramArguments: mri_ca_register -all-info  ProgramVersion: 7.3.2  TimeStamp: 2026/03/09-08:44:53-GMT  BuildTime: Aug  4 2022 06:17:15  BuildStamp: freesurfer-linux-ubuntu22_x86_64-7.3.2-20220804-6354275  User: oesteban  Machine: dna058  Platform: Linux  PlatformVersion: 5.14.0-427.37.1.el9_4.x86_64  CompilerName: GCC  CompilerVersion: 8.4.0
ProgramName: mri_cc  ProgramArguments: mri_cc -all-info  ProgramVersion: 7.3.2  TimeStamp: 2026/03/09-08:44:53-GMT  BuildTime: Aug  4 2022 06:17:15  BuildStamp: freesurfer-linux-ubuntu22_x86_64-7.3.2-20220804-6354275  User: oesteban  Machine: dna058  Platform: Linux  PlatformVersion: 5.14.0-427.37.1.el9_4.x86_64  CompilerName: GCC  CompilerVersion: 8.4.0
ProgramName: mri_compute_overlap  ProgramArguments: mri_compute_overlap -all-info  ProgramVersion: 7.3.2  TimeStamp: 2026/03/09-08:44:53-GMT  BuildTime: Aug  4 2022 06:17:15  BuildStamp: freesurfer-linux-ubuntu22_x86_64-7.3.2-20220804-6354275  User: oesteban  Machine: dna058  Platform: Linux  PlatformVersion: 5.14.0-427.37.1.el9_4.x86_64  CompilerName: GCC  CompilerVersion: 8.4.0
ProgramName: mri_compute_seg_overlap  ProgramArguments: mri_compute_seg_overlap -all-info  ProgramVersion: 7.3.2  TimeStamp: 2026/03/09-08:44:53-GMT  BuildTime: Aug  4 2022 06:17:15  BuildStamp: freesurfer-linux-ubuntu22_x86_64-7.3.2-20220804-6354275  User: oesteban  Machine: dna058  Platform: Linux  PlatformVersion: 5.14.0-427.37.1.el9_4.x86_64  CompilerName: GCC  CompilerVersion: 8.4.0
ProgramName: mri_concat  ProgramArguments: mri_concat -all-info  ProgramVersion: 7.3.2  TimeStamp: 2026/03/09-08:44:53-GMT  BuildTime: Aug  4 2022 06:17:15  BuildStamp: freesurfer-linux-ubuntu22_x86_64-7.3.2-20220804-6354275  User: oesteban  Machine: dna058  Platform: Linux  PlatformVersion: 5.14.0-427.37.1.el9_4.x86_64  CompilerName: GCC  CompilerVersion: 8.4.0
ProgramName: mri_concatenate_lta  ProgramArguments: mri_concatenate_lta -all-info  ProgramVersion: 7.3.2  TimeStamp: 2026/03/09-08:44:53-GMT  BuildTime: Aug  4 2022 06:17:15  BuildStamp: freesurfer-linux-ubuntu22_x86_64-7.3.2-20220804-6354275  User: oesteban  Machine: dna058  Platform: Linux  PlatformVersion: 5.14.0-427.37.1.el9_4.x86_64  CompilerName: GCC  CompilerVersion: 8.4.0
mri_convert -all-info 
ProgramName: mri_convert  ProgramArguments: mri_convert -all-info  ProgramVersion: 7.3.2  TimeStamp: 2026/03/09-08:44:53-GMT  BuildTime: Aug  4 2022 06:17:15  BuildStamp: freesurfer-linux-ubuntu22_x86_64-7.3.2-20220804-6354275  User: oesteban  Machine: dna058  Platform: Linux  PlatformVersion: 5.14.0-427.37.1.el9_4.x86_64  CompilerName: GCC  CompilerVersion: 8.4.0
ProgramName: mri_diff  ProgramArguments: mri_diff -all-info  ProgramVersion: 7.3.2  TimeStamp: 2026/03/09-08:44:53-GMT  BuildTime: Aug  4 2022 06:17:15  BuildStamp: freesurfer-linux-ubuntu22_x86_64-7.3.2-20220804-6354275  User: oesteban  Machine: dna058  Platform: Linux  PlatformVersion: 5.14.0-427.37.1.el9_4.x86_64  CompilerName: GCC  CompilerVersion: 8.4.0
ProgramName: mri_edit_wm_with_aseg  ProgramArguments: mri_edit_wm_with_aseg -all-info  ProgramVersion: 7.3.2  TimeStamp: 2026/03/09-08:44:53-GMT  BuildTime: Aug  4 2022 06:17:15  BuildStamp: freesurfer-linux-ubuntu22_x86_64-7.3.2-20220804-6354275  User: oesteban  Machine: dna058  Platform: Linux  PlatformVersion: 5.14.0-427.37.1.el9_4.x86_64  CompilerName: GCC  CompilerVersion: 8.4.0
ProgramName: mri_em_register  ProgramArguments: mri_em_register -all-info  ProgramVersion: 7.3.2  TimeStamp: 2026/03/09-08:44:53-GMT  BuildTime: Aug  4 2022 06:17:15  BuildStamp: freesurfer-linux-ubuntu22_x86_64-7.3.2-20220804-6354275  User: oesteban  Machine: dna058  Platform: Linux  PlatformVersion: 5.14.0-427.37.1.el9_4.x86_64  CompilerName: GCC  CompilerVersion: 8.4.0
ProgramName: mri_fill  ProgramArguments: mri_fill -all-info  ProgramVersion: 7.3.2  TimeStamp: 2026/03/09-08:44:53-GMT  BuildTime: Aug  4 2022 06:17:15  BuildStamp: freesurfer-linux-ubuntu22_x86_64-7.3.2-20220804-6354275  User: oesteban  Machine: dna058  Platform: Linux  PlatformVersion: 5.14.0-427.37.1.el9_4.x86_64  CompilerName: GCC  CompilerVersion: 8.4.0
ProgramName: mri_fuse_segmentations  ProgramArguments: mri_fuse_segmentations -all-info  ProgramVersion: 7.3.2  TimeStamp: 2026/03/09-08:44:53-GMT  BuildTime: Aug  4 2022 06:17:15  BuildStamp: freesurfer-linux-ubuntu22_x86_64-7.3.2-20220804-6354275  User: oesteban  Machine: dna058  Platform: Linux  PlatformVersion: 5.14.0-427.37.1.el9_4.x86_64  CompilerName: GCC  CompilerVersion: 8.4.0
ProgramName: mri_fwhm  ProgramArguments: mri_fwhm -all-info  ProgramVersion: 7.3.2  TimeStamp: 2026/03/09-08:44:53-GMT  BuildTime: Aug  4 2022 06:17:15  BuildStamp: freesurfer-linux-ubuntu22_x86_64-7.3.2-20220804-6354275  User: oesteban  Machine: dna058  Platform: Linux  PlatformVersion: 5.14.0-427.37.1.el9_4.x86_64  CompilerName: GCC  CompilerVersion: 8.4.0
ProgramName: mri_gcut  ProgramArguments: mri_gcut -all-info  ProgramVersion: 7.3.2  TimeStamp: 2026/03/09-08:44:53-GMT  BuildTime: Aug  4 2022 06:17:15  BuildStamp: freesurfer-linux-ubuntu22_x86_64-7.3.2-20220804-6354275  User: oesteban  Machine: dna058  Platform: Linux  PlatformVersion: 5.14.0-427.37.1.el9_4.x86_64  CompilerName: GCC  CompilerVersion: 8.4.0
ProgramName: mri_info  ProgramArguments: mri_info -all-info  ProgramVersion: 7.3.2  TimeStamp: 2026/03/09-08:44:53-GMT  BuildTime: Aug  4 2022 06:17:15  BuildStamp: freesurfer-linux-ubuntu22_x86_64-7.3.2-20220804-6354275  User: oesteban  Machine: dna058  Platform: Linux  PlatformVersion: 5.14.0-427.37.1.el9_4.x86_64  CompilerName: GCC  CompilerVersion: 8.4.0
ProgramName: mri_label2label  ProgramArguments: mri_label2label -all-info  ProgramVersion: 7.3.2  TimeStamp: 2026/03/09-08:44:53-GMT  BuildTime: Aug  4 2022 06:17:15  BuildStamp: freesurfer-linux-ubuntu22_x86_64-7.3.2-20220804-6354275  User: oesteban  Machine: dna058  Platform: Linux  PlatformVersion: 5.14.0-427.37.1.el9_4.x86_64  CompilerName: GCC  CompilerVersion: 8.4.0
ProgramName: mri_label2vol  ProgramArguments: mri_label2vol -all-info  ProgramVersion: 7.3.2  TimeStamp: 2026/03/09-08:44:53-GMT  BuildTime: Aug  4 2022 06:17:15  BuildStamp: freesurfer-linux-ubuntu22_x86_64-7.3.2-20220804-6354275  User: oesteban  Machine: dna058  Platform: Linux  PlatformVersion: 5.14.0-427.37.1.el9_4.x86_64  CompilerName: GCC  CompilerVersion: 8.4.0
ProgramName: mri_log_likelihood  ProgramArguments: mri_log_likelihood -all-info  ProgramVersion: 7.3.2  TimeStamp: 2026/03/09-08:44:53-GMT  BuildTime: Aug  4 2022 06:17:15  BuildStamp: freesurfer-linux-ubuntu22_x86_64-7.3.2-20220804-6354275  User: oesteban  Machine: dna058  Platform: Linux  PlatformVersion: 5.14.0-427.37.1.el9_4.x86_64  CompilerName: GCC  CompilerVersion: 8.4.0
ProgramName: mri_mask  ProgramArguments: mri_mask -all-info  ProgramVersion: 7.3.2  TimeStamp: 2026/03/09-08:44:53-GMT  BuildTime: Aug  4 2022 06:17:15  BuildStamp: freesurfer-linux-ubuntu22_x86_64-7.3.2-20220804-6354275  User: oesteban  Machine: dna058  Platform: Linux  PlatformVersion: 5.14.0-427.37.1.el9_4.x86_64  CompilerName: GCC  CompilerVersion: 8.4.0
ProgramName: mri_matrix_multiply  ProgramArguments: mri_matrix_multiply -all-info  ProgramVersion: 7.3.2  TimeStamp: 2026/03/09-08:44:53-GMT  BuildTime: Aug  4 2022 06:17:15  BuildStamp: freesurfer-linux-ubuntu22_x86_64-7.3.2-20220804-6354275  User: oesteban  Machine: dna058  Platform: Linux  PlatformVersion: 5.14.0-427.37.1.el9_4.x86_64  CompilerName: GCC  CompilerVersion: 8.4.0
ProgramName: mri_normalize  ProgramArguments: mri_normalize -all-info  ProgramVersion: 7.3.2  TimeStamp: 2026/03/09-08:44:53-GMT  BuildTime: Aug  4 2022 06:17:15  BuildStamp: freesurfer-linux-ubuntu22_x86_64-7.3.2-20220804-6354275  User: oesteban  Machine: dna058  Platform: Linux  PlatformVersion: 5.14.0-427.37.1.el9_4.x86_64  CompilerName: GCC  CompilerVersion: 8.4.0
ProgramName: mri_normalize_tp2  ProgramArguments: mri_normalize_tp2 -all-info  ProgramVersion: 7.3.2  TimeStamp: 2026/03/09-08:44:53-GMT  BuildTime: Aug  4 2022 06:17:15  BuildStamp: freesurfer-linux-ubuntu22_x86_64-7.3.2-20220804-6354275  User: oesteban  Machine: dna058  Platform: Linux  PlatformVersion: 5.14.0-427.37.1.el9_4.x86_64  CompilerName: GCC  CompilerVersion: 8.4.0
ProgramName: mri_or  ProgramArguments: mri_or -all-info  ProgramVersion: 7.3.2  TimeStamp: 2026/03/09-08:44:53-GMT  BuildTime: Aug  4 2022 06:17:15  BuildStamp: freesurfer-linux-ubuntu22_x86_64-7.3.2-20220804-6354275  User: oesteban  Machine: dna058  Platform: Linux  PlatformVersion: 5.14.0-427.37.1.el9_4.x86_64  CompilerName: GCC  CompilerVersion: 8.4.0
ProgramName: mri_relabel_hypointensities  ProgramArguments: mri_relabel_hypointensities -all-info  ProgramVersion: 7.3.2  TimeStamp: 2026/03/09-08:44:53-GMT  BuildTime: Aug  4 2022 06:17:15  BuildStamp: freesurfer-linux-ubuntu22_x86_64-7.3.2-20220804-6354275  User: oesteban  Machine: dna058  Platform: Linux  PlatformVersion: 5.14.0-427.37.1.el9_4.x86_64  CompilerName: GCC  CompilerVersion: 8.4.0
ProgramName: mri_relabel_nonwm_hypos  ProgramArguments: mri_relabel_nonwm_hypos -all-info  ProgramVersion: 7.3.2  TimeStamp: 2026/03/09-08:44:53-GMT  BuildTime: Aug  4 2022 06:17:15  BuildStamp: freesurfer-linux-ubuntu22_x86_64-7.3.2-20220804-6354275  User: oesteban  Machine: dna058  Platform: Linux  PlatformVersion: 5.14.0-427.37.1.el9_4.x86_64  CompilerName: GCC  CompilerVersion: 8.4.0
ProgramName: mri_remove_neck  ProgramArguments: mri_remove_neck -all-info  ProgramVersion: 7.3.2  TimeStamp: 2026/03/09-08:44:53-GMT  BuildTime: Aug  4 2022 06:17:15  BuildStamp: freesurfer-linux-ubuntu22_x86_64-7.3.2-20220804-6354275  User: oesteban  Machine: dna058  Platform: Linux  PlatformVersion: 5.14.0-427.37.1.el9_4.x86_64  CompilerName: GCC  CompilerVersion: 8.4.0
7.3.2

ProgramName: mri_robust_register  ProgramArguments: mri_robust_register -all-info  ProgramVersion: 7.3.2  TimeStamp: 2026/03/09-08:44:53-GMT  BuildTime: Aug  4 2022 06:17:15  BuildStamp: freesurfer-linux-ubuntu22_x86_64-7.3.2-20220804-6354275  User: oesteban  Machine: dna058  Platform: Linux  PlatformVersion: 5.14.0-427.37.1.el9_4.x86_64  CompilerName: GCC  CompilerVersion: 8.4.0
7.3.2

ProgramName: mri_robust_template  ProgramArguments: mri_robust_template -all-info  ProgramVersion: 7.3.2  TimeStamp: 2026/03/09-08:44:53-GMT  BuildTime: Aug  4 2022 06:17:15  BuildStamp: freesurfer-linux-ubuntu22_x86_64-7.3.2-20220804-6354275  User: oesteban  Machine: dna058  Platform: Linux  PlatformVersion: 5.14.0-427.37.1.el9_4.x86_64  CompilerName: GCC  CompilerVersion: 8.4.0
ProgramName: mris_anatomical_stats  ProgramArguments: mris_anatomical_stats -all-info  ProgramVersion: 7.3.2  TimeStamp: 2026/03/09-08:44:53-GMT  BuildTime: Aug  4 2022 06:17:15  BuildStamp: freesurfer-linux-ubuntu22_x86_64-7.3.2-20220804-6354275  User: oesteban  Machine: dna058  Platform: Linux  PlatformVersion: 5.14.0-427.37.1.el9_4.x86_64  CompilerName: GCC  CompilerVersion: 8.4.0
ProgramName: mris_ca_label  ProgramArguments: mris_ca_label -all-info  ProgramVersion: 7.3.2  TimeStamp: 2026/03/09-08:44:53-GMT  BuildTime: Aug  4 2022 06:17:15  BuildStamp: freesurfer-linux-ubuntu22_x86_64-7.3.2-20220804-6354275  User: oesteban  Machine: dna058  Platform: Linux  PlatformVersion: 5.14.0-427.37.1.el9_4.x86_64  CompilerName: GCC  CompilerVersion: 8.4.0
ProgramName: mris_calc  ProgramArguments: mris_calc -all-info  ProgramVersion: 7.3.2  TimeStamp: 2026/03/09-08:44:53-GMT  BuildTime: Aug  4 2022 06:17:15  BuildStamp: freesurfer-linux-ubuntu22_x86_64-7.3.2-20220804-6354275  User: oesteban  Machine: dna058  Platform: Linux  PlatformVersion: 5.14.0-427.37.1.el9_4.x86_64  CompilerName: GCC  CompilerVersion: 8.4.0
ProgramName: mris_convert  ProgramArguments: mris_convert -all-info  ProgramVersion: 7.3.2  TimeStamp: 2026/03/09-08:44:53-GMT  BuildTime: Aug  4 2022 06:17:15  BuildStamp: freesurfer-linux-ubuntu22_x86_64-7.3.2-20220804-6354275  User: oesteban  Machine: dna058  Platform: Linux  PlatformVersion: 5.14.0-427.37.1.el9_4.x86_64  CompilerName: GCC  CompilerVersion: 8.4.0
ProgramName: mris_curvature  ProgramArguments: mris_curvature -all-info  ProgramVersion: 7.3.2  TimeStamp: 2026/03/09-08:44:53-GMT  BuildTime: Aug  4 2022 06:17:15  BuildStamp: freesurfer-linux-ubuntu22_x86_64-7.3.2-20220804-6354275  User: oesteban  Machine: dna058  Platform: Linux  PlatformVersion: 5.14.0-427.37.1.el9_4.x86_64  CompilerName: GCC  CompilerVersion: 8.4.0
ProgramName: mris_curvature_stats  ProgramArguments: mris_curvature_stats -all-info  ProgramVersion: 7.3.2  TimeStamp: 2026/03/09-08:44:53-GMT  BuildTime: Aug  4 2022 06:17:15  BuildStamp: freesurfer-linux-ubuntu22_x86_64-7.3.2-20220804-6354275  User: oesteban  Machine: dna058  Platform: Linux  PlatformVersion: 5.14.0-427.37.1.el9_4.x86_64  CompilerName: GCC  CompilerVersion: 8.4.0
ProgramName: mris_diff  ProgramArguments: mris_diff -all-info  ProgramVersion: 7.3.2  TimeStamp: 2026/03/09-08:44:53-GMT  BuildTime: Aug  4 2022 06:17:15  BuildStamp: freesurfer-linux-ubuntu22_x86_64-7.3.2-20220804-6354275  User: oesteban  Machine: dna058  Platform: Linux  PlatformVersion: 5.14.0-427.37.1.el9_4.x86_64  CompilerName: GCC  CompilerVersion: 8.4.0
ProgramName: mris_divide_parcellation  ProgramArguments: mris_divide_parcellation -all-info  ProgramVersion: 7.3.2  TimeStamp: 2026/03/09-08:44:53-GMT  BuildTime: Aug  4 2022 06:17:15  BuildStamp: freesurfer-linux-ubuntu22_x86_64-7.3.2-20220804-6354275  User: oesteban  Machine: dna058  Platform: Linux  PlatformVersion: 5.14.0-427.37.1.el9_4.x86_64  CompilerName: GCC  CompilerVersion: 8.4.0
ProgramName: mri_segment  ProgramArguments: mri_segment -all-info  ProgramVersion: 7.3.2  TimeStamp: 2026/03/09-08:44:53-GMT  BuildTime: Aug  4 2022 06:17:15  BuildStamp: freesurfer-linux-ubuntu22_x86_64-7.3.2-20220804-6354275  User: oesteban  Machine: dna058  Platform: Linux  PlatformVersion: 5.14.0-427.37.1.el9_4.x86_64  CompilerName: GCC  CompilerVersion: 8.4.0
ProgramName: mri_segstats  ProgramArguments: mri_segstats -all-info  ProgramVersion: 7.3.2  TimeStamp: 2026/03/09-08:44:53-GMT  BuildTime: Aug  4 2022 06:17:15  BuildStamp: freesurfer-linux-ubuntu22_x86_64-7.3.2-20220804-6354275  User: oesteban  Machine: dna058  Platform: Linux  PlatformVersion: 5.14.0-427.37.1.el9_4.x86_64  CompilerName: GCC  CompilerVersion: 8.4.0
ProgramName: mris_euler_number  ProgramArguments: mris_euler_number -all-info  ProgramVersion: 7.3.2  TimeStamp: 2026/03/09-08:44:53-GMT  BuildTime: Aug  4 2022 06:17:15  BuildStamp: freesurfer-linux-ubuntu22_x86_64-7.3.2-20220804-6354275  User: oesteban  Machine: dna058  Platform: Linux  PlatformVersion: 5.14.0-427.37.1.el9_4.x86_64  CompilerName: GCC  CompilerVersion: 8.4.0
ProgramName: mris_fix_topology  ProgramArguments: mris_fix_topology -all-info  ProgramVersion: 7.3.2  TimeStamp: 2026/03/09-08:44:53-GMT  BuildTime: Aug  4 2022 06:17:15  BuildStamp: freesurfer-linux-ubuntu22_x86_64-7.3.2-20220804-6354275  User: oesteban  Machine: dna058  Platform: Linux  PlatformVersion: 5.14.0-427.37.1.el9_4.x86_64  CompilerName: GCC  CompilerVersion: 8.4.0
ProgramName: mris_topo_fixer  ProgramArguments: mris_topo_fixer -all-info  ProgramVersion: 7.3.2  TimeStamp: 2026/03/09-08:44:53-GMT  BuildTime: Aug  4 2022 06:17:15  BuildStamp: freesurfer-linux-ubuntu22_x86_64-7.3.2-20220804-6354275  User: oesteban  Machine: dna058  Platform: Linux  PlatformVersion: 5.14.0-427.37.1.el9_4.x86_64  CompilerName: GCC  CompilerVersion: 8.4.0
ProgramName: mris_jacobian  ProgramArguments: mris_jacobian -all-info  ProgramVersion: 7.3.2  TimeStamp: 2026/03/09-08:44:53-GMT  BuildTime: Aug  4 2022 06:17:15  BuildStamp: freesurfer-linux-ubuntu22_x86_64-7.3.2-20220804-6354275  User: oesteban  Machine: dna058  Platform: Linux  PlatformVersion: 5.14.0-427.37.1.el9_4.x86_64  CompilerName: GCC  CompilerVersion: 8.4.0
ProgramName: mris_label2annot  ProgramArguments: mris_label2annot -all-info  ProgramVersion: 7.3.2  TimeStamp: 2026/03/09-08:44:53-GMT  BuildTime: Aug  4 2022 06:17:15  BuildStamp: freesurfer-linux-ubuntu22_x86_64-7.3.2-20220804-6354275  User: oesteban  Machine: dna058  Platform: Linux  PlatformVersion: 5.14.0-427.37.1.el9_4.x86_64  CompilerName: GCC  CompilerVersion: 8.4.0
ProgramName: mris_left_right_register  ProgramArguments: mris_left_right_register -all-info  ProgramVersion: 7.3.2  TimeStamp: 2026/03/09-08:44:53-GMT  BuildTime: Aug  4 2022 06:17:15  BuildStamp: freesurfer-linux-ubuntu22_x86_64-7.3.2-20220804-6354275  User: oesteban  Machine: dna058  Platform: Linux  PlatformVersion: 5.14.0-427.37.1.el9_4.x86_64  CompilerName: GCC  CompilerVersion: 8.4.0
ProgramName: mris_place_surface  ProgramArguments: mris_place_surface -all-info  ProgramVersion: 7.3.2  TimeStamp: 2026/03/09-08:44:53-GMT  BuildTime: Aug  4 2022 06:17:15  BuildStamp: freesurfer-linux-ubuntu22_x86_64-7.3.2-20220804-6354275  User: oesteban  Machine: dna058  Platform: Linux  PlatformVersion: 5.14.0-427.37.1.el9_4.x86_64  CompilerName: GCC  CompilerVersion: 8.4.0
ProgramName: mrisp_paint  ProgramArguments: mrisp_paint -all-info  ProgramVersion: 7.3.2  TimeStamp: 2026/03/09-08:44:53-GMT  BuildTime: Aug  4 2022 06:17:15  BuildStamp: freesurfer-linux-ubuntu22_x86_64-7.3.2-20220804-6354275  User: oesteban  Machine: dna058  Platform: Linux  PlatformVersion: 5.14.0-427.37.1.el9_4.x86_64  CompilerName: GCC  CompilerVersion: 8.4.0
ProgramName: mris_register  ProgramArguments: mris_register -all-info  ProgramVersion: 7.3.2  TimeStamp: 2026/03/09-08:44:53-GMT  BuildTime: Aug  4 2022 06:17:15  BuildStamp: freesurfer-linux-ubuntu22_x86_64-7.3.2-20220804-6354275  User: oesteban  Machine: dna058  Platform: Linux  PlatformVersion: 5.14.0-427.37.1.el9_4.x86_64  CompilerName: GCC  CompilerVersion: 8.4.0
ProgramName: mris_smooth  ProgramArguments: mris_smooth -all-info  ProgramVersion: 7.3.2  TimeStamp: 2026/03/09-08:44:53-GMT  BuildTime: Aug  4 2022 06:17:15  BuildStamp: freesurfer-linux-ubuntu22_x86_64-7.3.2-20220804-6354275  User: oesteban  Machine: dna058  Platform: Linux  PlatformVersion: 5.14.0-427.37.1.el9_4.x86_64  CompilerName: GCC  CompilerVersion: 8.4.0
ProgramName: mris_sphere  ProgramArguments: mris_sphere -all-info  ProgramVersion: 7.3.2  TimeStamp: 2026/03/09-08:44:53-GMT  BuildTime: Aug  4 2022 06:17:15  BuildStamp: freesurfer-linux-ubuntu22_x86_64-7.3.2-20220804-6354275  User: oesteban  Machine: dna058  Platform: Linux  PlatformVersion: 5.14.0-427.37.1.el9_4.x86_64  CompilerName: GCC  CompilerVersion: 8.4.0
ProgramName: mris_surface_stats  ProgramArguments: mris_surface_stats -all-info  ProgramVersion: 7.3.2  TimeStamp: 2026/03/09-08:44:53-GMT  BuildTime: Aug  4 2022 06:17:15  BuildStamp: freesurfer-linux-ubuntu22_x86_64-7.3.2-20220804-6354275  User: oesteban  Machine: dna058  Platform: Linux  PlatformVersion: 5.14.0-427.37.1.el9_4.x86_64  CompilerName: GCC  CompilerVersion: 8.4.0
ProgramName: mri_stats2seg  ProgramArguments: mri_stats2seg -all-info  ProgramVersion: 7.3.2  TimeStamp: 2026/03/09-08:44:53-GMT  BuildTime: Aug  4 2022 06:17:15  BuildStamp: freesurfer-linux-ubuntu22_x86_64-7.3.2-20220804-6354275  User: oesteban  Machine: dna058  Platform: Linux  PlatformVersion: 5.14.0-427.37.1.el9_4.x86_64  CompilerName: GCC  CompilerVersion: 8.4.0
ProgramName: mris_thickness  ProgramArguments: mris_thickness -all-info  ProgramVersion: 7.3.2  TimeStamp: 2026/03/09-08:44:53-GMT  BuildTime: Aug  4 2022 06:17:15  BuildStamp: freesurfer-linux-ubuntu22_x86_64-7.3.2-20220804-6354275  User: oesteban  Machine: dna058  Platform: Linux  PlatformVersion: 5.14.0-427.37.1.el9_4.x86_64  CompilerName: GCC  CompilerVersion: 8.4.0
ProgramName: mris_thickness_diff  ProgramArguments: mris_thickness_diff -all-info  ProgramVersion: 7.3.2  TimeStamp: 2026/03/09-08:44:53-GMT  BuildTime: Aug  4 2022 06:17:15  BuildStamp: freesurfer-linux-ubuntu22_x86_64-7.3.2-20220804-6354275  User: oesteban  Machine: dna058  Platform: Linux  PlatformVersion: 5.14.0-427.37.1.el9_4.x86_64  CompilerName: GCC  CompilerVersion: 8.4.0
ProgramName: mris_topo_fixer  ProgramArguments: mris_topo_fixer -all-info  ProgramVersion: 7.3.2  TimeStamp: 2026/03/09-08:44:53-GMT  BuildTime: Aug  4 2022 06:17:15  BuildStamp: freesurfer-linux-ubuntu22_x86_64-7.3.2-20220804-6354275  User: oesteban  Machine: dna058  Platform: Linux  PlatformVersion: 5.14.0-427.37.1.el9_4.x86_64  CompilerName: GCC  CompilerVersion: 8.4.0
ProgramName: mri_surf2surf  ProgramArguments: mri_surf2surf -all-info  ProgramVersion: 7.3.2  TimeStamp: 2026/03/09-08:44:53-GMT  BuildTime: Aug  4 2022 06:17:15  BuildStamp: freesurfer-linux-ubuntu22_x86_64-7.3.2-20220804-6354275  User: oesteban  Machine: dna058  Platform: Linux  PlatformVersion: 5.14.0-427.37.1.el9_4.x86_64  CompilerName: GCC  CompilerVersion: 8.4.0
ProgramName: mri_surf2vol  ProgramArguments: mri_surf2vol -all-info  ProgramVersion: 7.3.2  TimeStamp: 2026/03/09-08:44:53-GMT  BuildTime: Aug  4 2022 06:17:15  BuildStamp: freesurfer-linux-ubuntu22_x86_64-7.3.2-20220804-6354275  User: oesteban  Machine: dna058  Platform: Linux  PlatformVersion: 5.14.0-427.37.1.el9_4.x86_64  CompilerName: GCC  CompilerVersion: 8.4.0
ProgramName: mri_surfcluster  ProgramArguments: mri_surfcluster -all-info  ProgramVersion: 7.3.2  TimeStamp: 2026/03/09-08:44:53-GMT  BuildTime: Aug  4 2022 06:17:15  BuildStamp: freesurfer-linux-ubuntu22_x86_64-7.3.2-20220804-6354275  User: oesteban  Machine: dna058  Platform: Linux  PlatformVersion: 5.14.0-427.37.1.el9_4.x86_64  CompilerName: GCC  CompilerVersion: 8.4.0
ProgramName: mris_volmask  ProgramArguments: mris_volmask -all-info  ProgramVersion: 7.3.2  TimeStamp: 2026/03/09-08:44:53-GMT  BuildTime: Aug  4 2022 06:17:15  BuildStamp: freesurfer-linux-ubuntu22_x86_64-7.3.2-20220804-6354275  User: oesteban  Machine: dna058  Platform: Linux  PlatformVersion: 5.14.0-427.37.1.el9_4.x86_64  CompilerName: GCC  CompilerVersion: 8.4.0
ProgramName: mri_tessellate  ProgramArguments: mri_tessellate -all-info  ProgramVersion: 7.3.2  TimeStamp: 2026/03/09-08:44:53-GMT  BuildTime: Aug  4 2022 06:17:15  BuildStamp: freesurfer-linux-ubuntu22_x86_64-7.3.2-20220804-6354275  User: oesteban  Machine: dna058  Platform: Linux  PlatformVersion: 5.14.0-427.37.1.el9_4.x86_64  CompilerName: GCC  CompilerVersion: 8.4.0
ProgramName: mri_vol2surf  ProgramArguments: mri_vol2surf -all-info  ProgramVersion: 7.3.2  TimeStamp: 2026/03/09-08:44:53-GMT  BuildTime: Aug  4 2022 06:17:15  BuildStamp: freesurfer-linux-ubuntu22_x86_64-7.3.2-20220804-6354275  User: oesteban  Machine: dna058  Platform: Linux  PlatformVersion: 5.14.0-427.37.1.el9_4.x86_64  CompilerName: GCC  CompilerVersion: 8.4.0
ProgramName: mri_vol2vol  ProgramArguments: mri_vol2vol -all-info  ProgramVersion: 7.3.2  TimeStamp: 2026/03/09-08:44:53-GMT  BuildTime: Aug  4 2022 06:17:15  BuildStamp: freesurfer-linux-ubuntu22_x86_64-7.3.2-20220804-6354275  User: oesteban  Machine: dna058  Platform: Linux  PlatformVersion: 5.14.0-427.37.1.el9_4.x86_64  CompilerName: GCC  CompilerVersion: 8.4.0
ProgramName: mri_voldiff  ProgramArguments: mri_voldiff -all-info  ProgramVersion: 7.3.2  TimeStamp: 2026/03/09-08:44:53-GMT  BuildTime: Aug  4 2022 06:17:15  BuildStamp: freesurfer-linux-ubuntu22_x86_64-7.3.2-20220804-6354275  User: oesteban  Machine: dna058  Platform: Linux  PlatformVersion: 5.14.0-427.37.1.el9_4.x86_64  CompilerName: GCC  CompilerVersion: 8.4.0
ProgramName: mri_watershed  ProgramArguments: mri_watershed -all-info  ProgramVersion: 7.3.2  TimeStamp: 2026/03/09-08:44:53-GMT  BuildTime: Aug  4 2022 06:17:15  BuildStamp: freesurfer-linux-ubuntu22_x86_64-7.3.2-20220804-6354275  User: oesteban  Machine: dna058  Platform: Linux  PlatformVersion: 5.14.0-427.37.1.el9_4.x86_64  CompilerName: GCC  CompilerVersion: 8.4.0
ProgramName: tkregister2  ProgramArguments: tkregister2_cmdl -all-info  ProgramVersion: 7.3.2  TimeStamp: 2026/03/09-08:44:53-GMT  BuildTime: Aug  4 2022 06:17:15  BuildStamp: freesurfer-linux-ubuntu22_x86_64-7.3.2-20220804-6354275  User: oesteban  Machine: dna058  Platform: Linux  PlatformVersion: 5.14.0-427.37.1.el9_4.x86_64  CompilerName: GCC  CompilerVersion: 8.4.0
mri_motion_correct.fsl 7.3.2
mri_convert -all-info 
ProgramName: mri_convert  ProgramArguments: mri_convert -all-info  ProgramVersion: 7.3.2  TimeStamp: 2026/03/09-08:44:53-GMT  BuildTime: Aug  4 2022 06:17:15  BuildStamp: freesurfer-linux-ubuntu22_x86_64-7.3.2-20220804-6354275  User: oesteban  Machine: dna058  Platform: Linux  PlatformVersion: 5.14.0-427.37.1.el9_4.x86_64  CompilerName: GCC  CompilerVersion: 8.4.0
Program nu_correct, built from:
Package MNI N3, version 1.12.0, compiled by nicks@terrier (x86_64-unknown-linux-gnu) on 2015-06-19 at 01:25:34
#######################################
GCADIR /opt/freesurfer/average
GCA RB_all_2020-01-02.gca
GCASkull RB_all_withskull_2020_01_02.gca
AvgCurvTif folding.atlas.acfb40.noaparc.i12.2016-08-02.tif
GCSDIR /opt/freesurfer/average
GCS DKaparc.atlas.acfb40.noaparc.i12.2016-08-02.gcs
#######################################
#-------------------------------------
#@# EM Registration Mon Mar  9 09:44:53 CET 2026
/out/sourcedata/freesurfer/sub-v1s21x0050390_ses-1/mri

 mri_em_register -uns 3 -mask brainmask.mgz nu.mgz /opt/freesurfer/average/RB_all_2020-01-02.gca transforms/talairach.lta 

setting unknown_nbr_spacing = 3
using MR volume brainmask.mgz to mask input volume...

== Number of threads available to mri_em_register for OpenMP = 16 == 
reading 1 input volumes...
logging results to talairach.log
reading '/opt/freesurfer/average/RB_all_2020-01-02.gca'...
GCAread took 0 minutes and 1 seconds.
average std = 7.2   using min determinant for regularization = 5.2
0 singular and 884 ill-conditioned covariance matrices regularized
reading 'nu.mgz'...
MRImask(): AllowDiffGeom = 1
MRImask(): AllowDiffGeom = 1
MRImask(): AllowDiffGeom = 1
MRImask(): AllowDiffGeom = 1
MRImask(): AllowDiffGeom = 1
freeing gibbs priors...done.
accounting for voxel sizes in initial transform
bounding unknown intensity as < 5.9 or > 519.0 
total sample mean = 79.1 (1017 zeros)
************************************************
spacing=8, using 2841 sample points, tol=1.00e-05...
************************************************
register_mri: find_optimal_transform
find_optimal_transform: nsamples 2841, passno 0, spacing 8
resetting wm mean[0]: 98 --> 107
resetting gm mean[0]: 61 --> 61
input volume #1 is the most T1-like
using real data threshold=24.1
skull bounding box = (55, 73, 36) --> (190, 189, 208)
finding center of left hemi white matter
using (100, 112, 122) as brain centroid of Right_Cerebral_White_Matter...
MRImask(): AllowDiffGeom = 1
mean wm in atlas = 107, using box (83,98,101) --> (116, 126,143) to find MRI wm
before smoothing, mri peak at 108
robust fit to distribution - 108 +- 3.8
after smoothing, mri peak at 109, scaling input intensities by 0.982
scaling channel 0 by 0.981651
initial log_p = -4.207
************************************************
First Search limited to translation only.
************************************************
max log p =    -3.983394 @ (10.526, -10.526, -10.526)
max log p =    -3.662656 @ (-5.263, -5.263, 5.263)
max log p =    -3.662656 @ (0.000, 0.000, 0.000)
max log p =    -3.657057 @ (-1.316, 1.316, -3.947)
max log p =    -3.640342 @ (-0.658, -0.658, -0.658)
max log p =    -3.637286 @ (1.645, -2.303, 2.961)
max log p =    -3.637286 @ (0.000, 0.000, 0.000)
max log p =    -3.637286 @ (0.000, 0.000, 0.000)
Found translation: (4.9, -17.4, -6.9): log p = -3.637
****************************************
Nine parameter search.  iteration 0 nscales = 0 ...
****************************************
Result so far: scale 1.000: max_log_p=-3.390, old_max_log_p =-3.637 (thresh=-3.6)
 0.99144  -0.01959   0.12941  -5.88082;
 0.00000   1.14016   0.13053  -51.25960;
-0.13053  -0.14882   0.98296   31.26027;
 0.00000   0.00000   0.00000   1.00000;
iteration took 0 minutes and 11 seconds.
****************************************
Nine parameter search.  iteration 1 nscales = 0 ...
****************************************
Result so far: scale 1.000: max_log_p=-3.390, old_max_log_p =-3.390 (thresh=-3.4)
 0.99144  -0.01959   0.12941  -5.88082;
 0.00000   1.14016   0.13053  -51.25960;
-0.13053  -0.14882   0.98296   31.26027;
 0.00000   0.00000   0.00000   1.00000;
reducing scale to 0.2500
iteration took 0 minutes and 10 seconds.
****************************************
Nine parameter search.  iteration 2 nscales = 1 ...
****************************************
Result so far: scale 0.250: max_log_p=-3.169, old_max_log_p =-3.390 (thresh=-3.4)
 1.04909  -0.09729   0.09654  -0.46549;
 0.07655   1.18694   0.07266  -58.60799;
-0.09702  -0.07062   0.97455   17.42958;
 0.00000   0.00000   0.00000   1.00000;
iteration took 0 minutes and 11 seconds.
****************************************
Nine parameter search.  iteration 3 nscales = 1 ...
****************************************
Result so far: scale 0.250: max_log_p=-3.169, old_max_log_p =-3.169 (thresh=-3.2)
 1.04909  -0.09729   0.09654  -0.46549;
 0.07655   1.18694   0.07266  -58.60799;
-0.09702  -0.07062   0.97455   17.42958;
 0.00000   0.00000   0.00000   1.00000;
reducing scale to 0.0625
iteration took 0 minutes and 11 seconds.
****************************************
Nine parameter search.  iteration 4 nscales = 2 ...
****************************************
Result so far: scale 0.062: max_log_p=-3.131, old_max_log_p =-3.169 (thresh=-3.2)
 1.04652  -0.07789   0.09710  -1.91022;
 0.05956   1.18693   0.07127  -55.90083;
-0.09664  -0.07087   0.97341   17.06078;
 0.00000   0.00000   0.00000   1.00000;
iteration took 0 minutes and 11 seconds.
****************************************
Nine parameter search.  iteration 5 nscales = 2 ...
****************************************
Result so far: scale 0.062: max_log_p=-3.131, old_max_log_p =-3.131 (thresh=-3.1)
 1.04652  -0.07789   0.09710  -1.91022;
 0.05956   1.18693   0.07127  -55.90083;
-0.09664  -0.07087   0.97341   17.06078;
 0.00000   0.00000   0.00000   1.00000;
min search scale 0.025000 reached
***********************************************
Computing MAP estimate using 2841 samples...
***********************************************
dt = 5.00e-06, momentum=0.80, tol=1.00e-05
l_intensity = 1.0000
Aligning input volume to GCA...
Transform matrix
 1.04652  -0.07789   0.09710  -1.91022;
 0.05956   1.18693   0.07127  -55.90083;
-0.09664  -0.07087   0.97341   17.06078;
 0.00000   0.00000   0.00000   1.00000;
nsamples 2841
Quasinewton: input matrix
 1.04652  -0.07789   0.09710  -1.91022;
 0.05956   1.18693   0.07127  -55.90083;
-0.09664  -0.07087   0.97341   17.06078;
 0.00000   0.00000   0.00000   1.00000;
 IFLAG= -1  LINE SEARCH FAILED. SEE DOCUMENTATION OF ROUTINE MCSRCH ERROR RETURN OF LINE SEARCH: INFO= 3 POSSIBLE CAUSES: FUNCTION OR GRADIENT ARE INCORRECT OR INCORRECT TOLERANCESoutof QuasiNewtonEMA: 008: -log(p) =   -0.0  tol 0.000010
Resulting transform:
 1.04652  -0.07789   0.09710  -1.91022;
 0.05956   1.18693   0.07127  -55.90083;
-0.09664  -0.07087   0.97341   17.06078;
 0.00000   0.00000   0.00000   1.00000;

pass 1, spacing 8: log(p) = -3.131 (old=-4.207)
transform before final EM align:
 1.04652  -0.07789   0.09710  -1.91022;
 0.05956   1.18693   0.07127  -55.90083;
-0.09664  -0.07087   0.97341   17.06078;
 0.00000   0.00000   0.00000   1.00000;

**************************************************
 EM alignment process ...
 Computing final MAP estimate using 315638 samples. 
**************************************************
dt = 5.00e-06, momentum=0.80, tol=1.00e-07
l_intensity = 1.0000
Aligning input volume to GCA...
Transform matrix
 1.04652  -0.07789   0.09710  -1.91022;
 0.05956   1.18693   0.07127  -55.90083;
-0.09664  -0.07087   0.97341   17.06078;
 0.00000   0.00000   0.00000   1.00000;
nsamples 315638
Quasinewton: input matrix
 1.04652  -0.07789   0.09710  -1.91022;
 0.05956   1.18693   0.07127  -55.90083;
-0.09664  -0.07087   0.97341   17.06078;
 0.00000   0.00000   0.00000   1.00000;
 IFLAG= -1  LINE SEARCH FAILED. SEE DOCUMENTATION OF ROUTINE MCSRCH ERROR RETURN OF LINE SEARCH: INFO= 6 POSSIBLE CAUSES: FUNCTION OR GRADIENT ARE INCORRECT OR INCORRECT TOLERANCESoutof QuasiNewtonEMA: 010: -log(p) =    3.7  tol 0.000000
final transform:
 1.04652  -0.07789   0.09710  -1.91022;
 0.05956   1.18693   0.07127  -55.90083;
-0.09664  -0.07087   0.97341   17.06078;
 0.00000   0.00000   0.00000   1.00000;

writing output transformation to transforms/talairach.lta...
#VMPC# mri_em_register VmPeak  891288
FSRUNTIME@ mri_em_register  0.0264 hours 16 threads
registration took 1 minutes and 35 seconds.

Started at Mon Mar 9 09:44:53 CET 2026 
Ended   at Mon Mar 9 09:46:29 CET 2026
#@#%# recon-all-run-time-hours 0.027
recon-all -s sub-v1s21x0050390_ses-1 finished without error at Mon Mar  9 09:46:29 CET 2026



#New# invocation of recon-all 




Mon Mar  9 09:46:33 CET 2026
cd /out/sourcedata/freesurfer/sub-v1s21x0050390_ses-1
setenv SUBJECTS_DIR /out/sourcedata/freesurfer
/opt/freesurfer/bin/recon-all -autorecon2-volonly -openmp 16 -subjid sub-v1s21x0050390_ses-1 -sd /out/sourcedata/freesurfer -nogcareg

subjid sub-v1s21x0050390_ses-1
setenv SUBJECTS_DIR /out/sourcedata/freesurfer
FREESURFER_HOME /opt/freesurfer
Actual FREESURFER_HOME /opt/freesurfer
build-stamp.txt: freesurfer-linux-ubuntu22_x86_64-7.3.2-20220804-6354275
Linux dna058 5.14.0-427.37.1.el9_4.x86_64 #1 SMP PREEMPT_DYNAMIC Fri Sep 13 12:41:50 EDT 2024 x86_64 x86_64 x86_64 GNU/Linux
cputime      unlimited
filesize     unlimited
datasize     unlimited
stacksize    8192 kbytes
coredumpsize 0 kbytes
memoryuse    67108864 kbytes
vmemoryuse   unlimited
descriptors  1024 
memorylocked unlimited
maxproc      2061970 
maxlocks     unlimited
maxsignal    2061970 
maxmessage   819200 
maxnice      0 
maxrtprio    0 
maxrttime    unlimited

               total        used        free      shared  buff/cache   available
Mem:           503Gi        50Gi       206Gi        14Gi       246Gi       435Gi
Swap:             0B          0B          0B

########################################
program versions used
7.3.2 (freesurfer-linux-ubuntu22_x86_64-7.3.2-20220804-6354275)
7.3.2

ProgramName: lta_convert  ProgramArguments: lta_convert -all-info  ProgramVersion: 7.3.2  TimeStamp: 2026/03/09-08:46:33-GMT  BuildTime: Aug  4 2022 06:17:15  BuildStamp: freesurfer-linux-ubuntu22_x86_64-7.3.2-20220804-6354275  User: oesteban  Machine: dna058  Platform: Linux  PlatformVersion: 5.14.0-427.37.1.el9_4.x86_64  CompilerName: GCC  CompilerVersion: 8.4.0
ProgramName: mri_and  ProgramArguments: mri_and -all-info  ProgramVersion: 7.3.2  TimeStamp: 2026/03/09-08:46:33-GMT  BuildTime: Aug  4 2022 06:17:15  BuildStamp: freesurfer-linux-ubuntu22_x86_64-7.3.2-20220804-6354275  User: oesteban  Machine: dna058  Platform: Linux  PlatformVersion: 5.14.0-427.37.1.el9_4.x86_64  CompilerName: GCC  CompilerVersion: 8.4.0
ProgramName: mri_annotation2label  ProgramArguments: mri_annotation2label -all-info  ProgramVersion: 7.3.2  TimeStamp: 2026/03/09-08:46:33-GMT  BuildTime: Aug  4 2022 06:17:15  BuildStamp: freesurfer-linux-ubuntu22_x86_64-7.3.2-20220804-6354275  User: oesteban  Machine: dna058  Platform: Linux  PlatformVersion: 5.14.0-427.37.1.el9_4.x86_64  CompilerName: GCC  CompilerVersion: 8.4.0
ProgramName: mri_aparc2aseg  ProgramArguments: mri_aparc2aseg -all-info  ProgramVersion: 7.3.2  TimeStamp: 2026/03/09-08:46:33-GMT  BuildTime: Aug  4 2022 06:17:15  BuildStamp: freesurfer-linux-ubuntu22_x86_64-7.3.2-20220804-6354275  User: oesteban  Machine: dna058  Platform: Linux  PlatformVersion: 5.14.0-427.37.1.el9_4.x86_64  CompilerName: GCC  CompilerVersion: 8.4.0
ProgramName: mri_surf2volseg  ProgramArguments: mri_surf2volseg -all-info  ProgramVersion: 7.3.2  TimeStamp: 2026/03/09-08:46:33-GMT  BuildTime: Aug  4 2022 06:17:15  BuildStamp: freesurfer-linux-ubuntu22_x86_64-7.3.2-20220804-6354275  User: oesteban  Machine: dna058  Platform: Linux  PlatformVersion: 5.14.0-427.37.1.el9_4.x86_64  CompilerName: GCC  CompilerVersion: 8.4.0
ProgramName: mri_binarize  ProgramArguments: mri_binarize -all-info  ProgramVersion: 7.3.2  TimeStamp: 2026/03/09-08:46:33-GMT  BuildTime: Aug  4 2022 06:17:15  BuildStamp: freesurfer-linux-ubuntu22_x86_64-7.3.2-20220804-6354275  User: oesteban  Machine: dna058  Platform: Linux  PlatformVersion: 5.14.0-427.37.1.el9_4.x86_64  CompilerName: GCC  CompilerVersion: 8.4.0
ProgramName: mri_ca_label  ProgramArguments: mri_ca_label -all-info  ProgramVersion: 7.3.2  TimeStamp: 2026/03/09-08:46:33-GMT  BuildTime: Aug  4 2022 06:17:15  BuildStamp: freesurfer-linux-ubuntu22_x86_64-7.3.2-20220804-6354275  User: oesteban  Machine: dna058  Platform: Linux  PlatformVersion: 5.14.0-427.37.1.el9_4.x86_64  CompilerName: GCC  CompilerVersion: 8.4.0
ProgramName: mri_ca_normalize  ProgramArguments: mri_ca_normalize -all-info  ProgramVersion: 7.3.2  TimeStamp: 2026/03/09-08:46:33-GMT  BuildTime: Aug  4 2022 06:17:15  BuildStamp: freesurfer-linux-ubuntu22_x86_64-7.3.2-20220804-6354275  User: oesteban  Machine: dna058  Platform: Linux  PlatformVersion: 5.14.0-427.37.1.el9_4.x86_64  CompilerName: GCC  CompilerVersion: 8.4.0
ProgramName: mri_ca_register  ProgramArguments: mri_ca_register -all-info  ProgramVersion: 7.3.2  TimeStamp: 2026/03/09-08:46:33-GMT  BuildTime: Aug  4 2022 06:17:15  BuildStamp: freesurfer-linux-ubuntu22_x86_64-7.3.2-20220804-6354275  User: oesteban  Machine: dna058  Platform: Linux  PlatformVersion: 5.14.0-427.37.1.el9_4.x86_64  CompilerName: GCC  CompilerVersion: 8.4.0
ProgramName: mri_cc  ProgramArguments: mri_cc -all-info  ProgramVersion: 7.3.2  TimeStamp: 2026/03/09-08:46:33-GMT  BuildTime: Aug  4 2022 06:17:15  BuildStamp: freesurfer-linux-ubuntu22_x86_64-7.3.2-20220804-6354275  User: oesteban  Machine: dna058  Platform: Linux  PlatformVersion: 5.14.0-427.37.1.el9_4.x86_64  CompilerName: GCC  CompilerVersion: 8.4.0
ProgramName: mri_compute_overlap  ProgramArguments: mri_compute_overlap -all-info  ProgramVersion: 7.3.2  TimeStamp: 2026/03/09-08:46:33-GMT  BuildTime: Aug  4 2022 06:17:15  BuildStamp: freesurfer-linux-ubuntu22_x86_64-7.3.2-20220804-6354275  User: oesteban  Machine: dna058  Platform: Linux  PlatformVersion: 5.14.0-427.37.1.el9_4.x86_64  CompilerName: GCC  CompilerVersion: 8.4.0
ProgramName: mri_compute_seg_overlap  ProgramArguments: mri_compute_seg_overlap -all-info  ProgramVersion: 7.3.2  TimeStamp: 2026/03/09-08:46:33-GMT  BuildTime: Aug  4 2022 06:17:15  BuildStamp: freesurfer-linux-ubuntu22_x86_64-7.3.2-20220804-6354275  User: oesteban  Machine: dna058  Platform: Linux  PlatformVersion: 5.14.0-427.37.1.el9_4.x86_64  CompilerName: GCC  CompilerVersion: 8.4.0
ProgramName: mri_concat  ProgramArguments: mri_concat -all-info  ProgramVersion: 7.3.2  TimeStamp: 2026/03/09-08:46:33-GMT  BuildTime: Aug  4 2022 06:17:15  BuildStamp: freesurfer-linux-ubuntu22_x86_64-7.3.2-20220804-6354275  User: oesteban  Machine: dna058  Platform: Linux  PlatformVersion: 5.14.0-427.37.1.el9_4.x86_64  CompilerName: GCC  CompilerVersion: 8.4.0
ProgramName: mri_concatenate_lta  ProgramArguments: mri_concatenate_lta -all-info  ProgramVersion: 7.3.2  TimeStamp: 2026/03/09-08:46:33-GMT  BuildTime: Aug  4 2022 06:17:15  BuildStamp: freesurfer-linux-ubuntu22_x86_64-7.3.2-20220804-6354275  User: oesteban  Machine: dna058  Platform: Linux  PlatformVersion: 5.14.0-427.37.1.el9_4.x86_64  CompilerName: GCC  CompilerVersion: 8.4.0
mri_convert -all-info 
ProgramName: mri_convert  ProgramArguments: mri_convert -all-info  ProgramVersion: 7.3.2  TimeStamp: 2026/03/09-08:46:33-GMT  BuildTime: Aug  4 2022 06:17:15  BuildStamp: freesurfer-linux-ubuntu22_x86_64-7.3.2-20220804-6354275  User: oesteban  Machine: dna058  Platform: Linux  PlatformVersion: 5.14.0-427.37.1.el9_4.x86_64  CompilerName: GCC  CompilerVersion: 8.4.0
ProgramName: mri_diff  ProgramArguments: mri_diff -all-info  ProgramVersion: 7.3.2  TimeStamp: 2026/03/09-08:46:33-GMT  BuildTime: Aug  4 2022 06:17:15  BuildStamp: freesurfer-linux-ubuntu22_x86_64-7.3.2-20220804-6354275  User: oesteban  Machine: dna058  Platform: Linux  PlatformVersion: 5.14.0-427.37.1.el9_4.x86_64  CompilerName: GCC  CompilerVersion: 8.4.0
ProgramName: mri_edit_wm_with_aseg  ProgramArguments: mri_edit_wm_with_aseg -all-info  ProgramVersion: 7.3.2  TimeStamp: 2026/03/09-08:46:33-GMT  BuildTime: Aug  4 2022 06:17:15  BuildStamp: freesurfer-linux-ubuntu22_x86_64-7.3.2-20220804-6354275  User: oesteban  Machine: dna058  Platform: Linux  PlatformVersion: 5.14.0-427.37.1.el9_4.x86_64  CompilerName: GCC  CompilerVersion: 8.4.0
ProgramName: mri_em_register  ProgramArguments: mri_em_register -all-info  ProgramVersion: 7.3.2  TimeStamp: 2026/03/09-08:46:33-GMT  BuildTime: Aug  4 2022 06:17:15  BuildStamp: freesurfer-linux-ubuntu22_x86_64-7.3.2-20220804-6354275  User: oesteban  Machine: dna058  Platform: Linux  PlatformVersion: 5.14.0-427.37.1.el9_4.x86_64  CompilerName: GCC  CompilerVersion: 8.4.0
ProgramName: mri_fill  ProgramArguments: mri_fill -all-info  ProgramVersion: 7.3.2  TimeStamp: 2026/03/09-08:46:33-GMT  BuildTime: Aug  4 2022 06:17:15  BuildStamp: freesurfer-linux-ubuntu22_x86_64-7.3.2-20220804-6354275  User: oesteban  Machine: dna058  Platform: Linux  PlatformVersion: 5.14.0-427.37.1.el9_4.x86_64  CompilerName: GCC  CompilerVersion: 8.4.0
ProgramName: mri_fuse_segmentations  ProgramArguments: mri_fuse_segmentations -all-info  ProgramVersion: 7.3.2  TimeStamp: 2026/03/09-08:46:33-GMT  BuildTime: Aug  4 2022 06:17:15  BuildStamp: freesurfer-linux-ubuntu22_x86_64-7.3.2-20220804-6354275  User: oesteban  Machine: dna058  Platform: Linux  PlatformVersion: 5.14.0-427.37.1.el9_4.x86_64  CompilerName: GCC  CompilerVersion: 8.4.0
ProgramName: mri_fwhm  ProgramArguments: mri_fwhm -all-info  ProgramVersion: 7.3.2  TimeStamp: 2026/03/09-08:46:33-GMT  BuildTime: Aug  4 2022 06:17:15  BuildStamp: freesurfer-linux-ubuntu22_x86_64-7.3.2-20220804-6354275  User: oesteban  Machine: dna058  Platform: Linux  PlatformVersion: 5.14.0-427.37.1.el9_4.x86_64  CompilerName: GCC  CompilerVersion: 8.4.0
ProgramName: mri_gcut  ProgramArguments: mri_gcut -all-info  ProgramVersion: 7.3.2  TimeStamp: 2026/03/09-08:46:33-GMT  BuildTime: Aug  4 2022 06:17:15  BuildStamp: freesurfer-linux-ubuntu22_x86_64-7.3.2-20220804-6354275  User: oesteban  Machine: dna058  Platform: Linux  PlatformVersion: 5.14.0-427.37.1.el9_4.x86_64  CompilerName: GCC  CompilerVersion: 8.4.0
ProgramName: mri_info  ProgramArguments: mri_info -all-info  ProgramVersion: 7.3.2  TimeStamp: 2026/03/09-08:46:33-GMT  BuildTime: Aug  4 2022 06:17:15  BuildStamp: freesurfer-linux-ubuntu22_x86_64-7.3.2-20220804-6354275  User: oesteban  Machine: dna058  Platform: Linux  PlatformVersion: 5.14.0-427.37.1.el9_4.x86_64  CompilerName: GCC  CompilerVersion: 8.4.0
ProgramName: mri_label2label  ProgramArguments: mri_label2label -all-info  ProgramVersion: 7.3.2  TimeStamp: 2026/03/09-08:46:33-GMT  BuildTime: Aug  4 2022 06:17:15  BuildStamp: freesurfer-linux-ubuntu22_x86_64-7.3.2-20220804-6354275  User: oesteban  Machine: dna058  Platform: Linux  PlatformVersion: 5.14.0-427.37.1.el9_4.x86_64  CompilerName: GCC  CompilerVersion: 8.4.0
ProgramName: mri_label2vol  ProgramArguments: mri_label2vol -all-info  ProgramVersion: 7.3.2  TimeStamp: 2026/03/09-08:46:33-GMT  BuildTime: Aug  4 2022 06:17:15  BuildStamp: freesurfer-linux-ubuntu22_x86_64-7.3.2-20220804-6354275  User: oesteban  Machine: dna058  Platform: Linux  PlatformVersion: 5.14.0-427.37.1.el9_4.x86_64  CompilerName: GCC  CompilerVersion: 8.4.0
ProgramName: mri_log_likelihood  ProgramArguments: mri_log_likelihood -all-info  ProgramVersion: 7.3.2  TimeStamp: 2026/03/09-08:46:33-GMT  BuildTime: Aug  4 2022 06:17:15  BuildStamp: freesurfer-linux-ubuntu22_x86_64-7.3.2-20220804-6354275  User: oesteban  Machine: dna058  Platform: Linux  PlatformVersion: 5.14.0-427.37.1.el9_4.x86_64  CompilerName: GCC  CompilerVersion: 8.4.0
ProgramName: mri_mask  ProgramArguments: mri_mask -all-info  ProgramVersion: 7.3.2  TimeStamp: 2026/03/09-08:46:33-GMT  BuildTime: Aug  4 2022 06:17:15  BuildStamp: freesurfer-linux-ubuntu22_x86_64-7.3.2-20220804-6354275  User: oesteban  Machine: dna058  Platform: Linux  PlatformVersion: 5.14.0-427.37.1.el9_4.x86_64  CompilerName: GCC  CompilerVersion: 8.4.0
ProgramName: mri_matrix_multiply  ProgramArguments: mri_matrix_multiply -all-info  ProgramVersion: 7.3.2  TimeStamp: 2026/03/09-08:46:33-GMT  BuildTime: Aug  4 2022 06:17:15  BuildStamp: freesurfer-linux-ubuntu22_x86_64-7.3.2-20220804-6354275  User: oesteban  Machine: dna058  Platform: Linux  PlatformVersion: 5.14.0-427.37.1.el9_4.x86_64  CompilerName: GCC  CompilerVersion: 8.4.0
ProgramName: mri_normalize  ProgramArguments: mri_normalize -all-info  ProgramVersion: 7.3.2  TimeStamp: 2026/03/09-08:46:33-GMT  BuildTime: Aug  4 2022 06:17:15  BuildStamp: freesurfer-linux-ubuntu22_x86_64-7.3.2-20220804-6354275  User: oesteban  Machine: dna058  Platform: Linux  PlatformVersion: 5.14.0-427.37.1.el9_4.x86_64  CompilerName: GCC  CompilerVersion: 8.4.0
ProgramName: mri_normalize_tp2  ProgramArguments: mri_normalize_tp2 -all-info  ProgramVersion: 7.3.2  TimeStamp: 2026/03/09-08:46:33-GMT  BuildTime: Aug  4 2022 06:17:15  BuildStamp: freesurfer-linux-ubuntu22_x86_64-7.3.2-20220804-6354275  User: oesteban  Machine: dna058  Platform: Linux  PlatformVersion: 5.14.0-427.37.1.el9_4.x86_64  CompilerName: GCC  CompilerVersion: 8.4.0
ProgramName: mri_or  ProgramArguments: mri_or -all-info  ProgramVersion: 7.3.2  TimeStamp: 2026/03/09-08:46:33-GMT  BuildTime: Aug  4 2022 06:17:15  BuildStamp: freesurfer-linux-ubuntu22_x86_64-7.3.2-20220804-6354275  User: oesteban  Machine: dna058  Platform: Linux  PlatformVersion: 5.14.0-427.37.1.el9_4.x86_64  CompilerName: GCC  CompilerVersion: 8.4.0
ProgramName: mri_relabel_hypointensities  ProgramArguments: mri_relabel_hypointensities -all-info  ProgramVersion: 7.3.2  TimeStamp: 2026/03/09-08:46:33-GMT  BuildTime: Aug  4 2022 06:17:15  BuildStamp: freesurfer-linux-ubuntu22_x86_64-7.3.2-20220804-6354275  User: oesteban  Machine: dna058  Platform: Linux  PlatformVersion: 5.14.0-427.37.1.el9_4.x86_64  CompilerName: GCC  CompilerVersion: 8.4.0
ProgramName: mri_relabel_nonwm_hypos  ProgramArguments: mri_relabel_nonwm_hypos -all-info  ProgramVersion: 7.3.2  TimeStamp: 2026/03/09-08:46:33-GMT  BuildTime: Aug  4 2022 06:17:15  BuildStamp: freesurfer-linux-ubuntu22_x86_64-7.3.2-20220804-6354275  User: oesteban  Machine: dna058  Platform: Linux  PlatformVersion: 5.14.0-427.37.1.el9_4.x86_64  CompilerName: GCC  CompilerVersion: 8.4.0
ProgramName: mri_remove_neck  ProgramArguments: mri_remove_neck -all-info  ProgramVersion: 7.3.2  TimeStamp: 2026/03/09-08:46:33-GMT  BuildTime: Aug  4 2022 06:17:15  BuildStamp: freesurfer-linux-ubuntu22_x86_64-7.3.2-20220804-6354275  User: oesteban  Machine: dna058  Platform: Linux  PlatformVersion: 5.14.0-427.37.1.el9_4.x86_64  CompilerName: GCC  CompilerVersion: 8.4.0
7.3.2

ProgramName: mri_robust_register  ProgramArguments: mri_robust_register -all-info  ProgramVersion: 7.3.2  TimeStamp: 2026/03/09-08:46:33-GMT  BuildTime: Aug  4 2022 06:17:15  BuildStamp: freesurfer-linux-ubuntu22_x86_64-7.3.2-20220804-6354275  User: oesteban  Machine: dna058  Platform: Linux  PlatformVersion: 5.14.0-427.37.1.el9_4.x86_64  CompilerName: GCC  CompilerVersion: 8.4.0
7.3.2

ProgramName: mri_robust_template  ProgramArguments: mri_robust_template -all-info  ProgramVersion: 7.3.2  TimeStamp: 2026/03/09-08:46:33-GMT  BuildTime: Aug  4 2022 06:17:15  BuildStamp: freesurfer-linux-ubuntu22_x86_64-7.3.2-20220804-6354275  User: oesteban  Machine: dna058  Platform: Linux  PlatformVersion: 5.14.0-427.37.1.el9_4.x86_64  CompilerName: GCC  CompilerVersion: 8.4.0
ProgramName: mris_anatomical_stats  ProgramArguments: mris_anatomical_stats -all-info  ProgramVersion: 7.3.2  TimeStamp: 2026/03/09-08:46:33-GMT  BuildTime: Aug  4 2022 06:17:15  BuildStamp: freesurfer-linux-ubuntu22_x86_64-7.3.2-20220804-6354275  User: oesteban  Machine: dna058  Platform: Linux  PlatformVersion: 5.14.0-427.37.1.el9_4.x86_64  CompilerName: GCC  CompilerVersion: 8.4.0
ProgramName: mris_ca_label  ProgramArguments: mris_ca_label -all-info  ProgramVersion: 7.3.2  TimeStamp: 2026/03/09-08:46:33-GMT  BuildTime: Aug  4 2022 06:17:15  BuildStamp: freesurfer-linux-ubuntu22_x86_64-7.3.2-20220804-6354275  User: oesteban  Machine: dna058  Platform: Linux  PlatformVersion: 5.14.0-427.37.1.el9_4.x86_64  CompilerName: GCC  CompilerVersion: 8.4.0
ProgramName: mris_calc  ProgramArguments: mris_calc -all-info  ProgramVersion: 7.3.2  TimeStamp: 2026/03/09-08:46:33-GMT  BuildTime: Aug  4 2022 06:17:15  BuildStamp: freesurfer-linux-ubuntu22_x86_64-7.3.2-20220804-6354275  User: oesteban  Machine: dna058  Platform: Linux  PlatformVersion: 5.14.0-427.37.1.el9_4.x86_64  CompilerName: GCC  CompilerVersion: 8.4.0
ProgramName: mris_convert  ProgramArguments: mris_convert -all-info  ProgramVersion: 7.3.2  TimeStamp: 2026/03/09-08:46:33-GMT  BuildTime: Aug  4 2022 06:17:15  BuildStamp: freesurfer-linux-ubuntu22_x86_64-7.3.2-20220804-6354275  User: oesteban  Machine: dna058  Platform: Linux  PlatformVersion: 5.14.0-427.37.1.el9_4.x86_64  CompilerName: GCC  CompilerVersion: 8.4.0
ProgramName: mris_curvature  ProgramArguments: mris_curvature -all-info  ProgramVersion: 7.3.2  TimeStamp: 2026/03/09-08:46:33-GMT  BuildTime: Aug  4 2022 06:17:15  BuildStamp: freesurfer-linux-ubuntu22_x86_64-7.3.2-20220804-6354275  User: oesteban  Machine: dna058  Platform: Linux  PlatformVersion: 5.14.0-427.37.1.el9_4.x86_64  CompilerName: GCC  CompilerVersion: 8.4.0
ProgramName: mris_curvature_stats  ProgramArguments: mris_curvature_stats -all-info  ProgramVersion: 7.3.2  TimeStamp: 2026/03/09-08:46:33-GMT  BuildTime: Aug  4 2022 06:17:15  BuildStamp: freesurfer-linux-ubuntu22_x86_64-7.3.2-20220804-6354275  User: oesteban  Machine: dna058  Platform: Linux  PlatformVersion: 5.14.0-427.37.1.el9_4.x86_64  CompilerName: GCC  CompilerVersion: 8.4.0
ProgramName: mris_diff  ProgramArguments: mris_diff -all-info  ProgramVersion: 7.3.2  TimeStamp: 2026/03/09-08:46:33-GMT  BuildTime: Aug  4 2022 06:17:15  BuildStamp: freesurfer-linux-ubuntu22_x86_64-7.3.2-20220804-6354275  User: oesteban  Machine: dna058  Platform: Linux  PlatformVersion: 5.14.0-427.37.1.el9_4.x86_64  CompilerName: GCC  CompilerVersion: 8.4.0
ProgramName: mris_divide_parcellation  ProgramArguments: mris_divide_parcellation -all-info  ProgramVersion: 7.3.2  TimeStamp: 2026/03/09-08:46:33-GMT  BuildTime: Aug  4 2022 06:17:15  BuildStamp: freesurfer-linux-ubuntu22_x86_64-7.3.2-20220804-6354275  User: oesteban  Machine: dna058  Platform: Linux  PlatformVersion: 5.14.0-427.37.1.el9_4.x86_64  CompilerName: GCC  CompilerVersion: 8.4.0
ProgramName: mri_segment  ProgramArguments: mri_segment -all-info  ProgramVersion: 7.3.2  TimeStamp: 2026/03/09-08:46:33-GMT  BuildTime: Aug  4 2022 06:17:15  BuildStamp: freesurfer-linux-ubuntu22_x86_64-7.3.2-20220804-6354275  User: oesteban  Machine: dna058  Platform: Linux  PlatformVersion: 5.14.0-427.37.1.el9_4.x86_64  CompilerName: GCC  CompilerVersion: 8.4.0
ProgramName: mri_segstats  ProgramArguments: mri_segstats -all-info  ProgramVersion: 7.3.2  TimeStamp: 2026/03/09-08:46:33-GMT  BuildTime: Aug  4 2022 06:17:15  BuildStamp: freesurfer-linux-ubuntu22_x86_64-7.3.2-20220804-6354275  User: oesteban  Machine: dna058  Platform: Linux  PlatformVersion: 5.14.0-427.37.1.el9_4.x86_64  CompilerName: GCC  CompilerVersion: 8.4.0
ProgramName: mris_euler_number  ProgramArguments: mris_euler_number -all-info  ProgramVersion: 7.3.2  TimeStamp: 2026/03/09-08:46:33-GMT  BuildTime: Aug  4 2022 06:17:15  BuildStamp: freesurfer-linux-ubuntu22_x86_64-7.3.2-20220804-6354275  User: oesteban  Machine: dna058  Platform: Linux  PlatformVersion: 5.14.0-427.37.1.el9_4.x86_64  CompilerName: GCC  CompilerVersion: 8.4.0
ProgramName: mris_fix_topology  ProgramArguments: mris_fix_topology -all-info  ProgramVersion: 7.3.2  TimeStamp: 2026/03/09-08:46:33-GMT  BuildTime: Aug  4 2022 06:17:15  BuildStamp: freesurfer-linux-ubuntu22_x86_64-7.3.2-20220804-6354275  User: oesteban  Machine: dna058  Platform: Linux  PlatformVersion: 5.14.0-427.37.1.el9_4.x86_64  CompilerName: GCC  CompilerVersion: 8.4.0
ProgramName: mris_topo_fixer  ProgramArguments: mris_topo_fixer -all-info  ProgramVersion: 7.3.2  TimeStamp: 2026/03/09-08:46:33-GMT  BuildTime: Aug  4 2022 06:17:15  BuildStamp: freesurfer-linux-ubuntu22_x86_64-7.3.2-20220804-6354275  User: oesteban  Machine: dna058  Platform: Linux  PlatformVersion: 5.14.0-427.37.1.el9_4.x86_64  CompilerName: GCC  CompilerVersion: 8.4.0
ProgramName: mris_jacobian  ProgramArguments: mris_jacobian -all-info  ProgramVersion: 7.3.2  TimeStamp: 2026/03/09-08:46:33-GMT  BuildTime: Aug  4 2022 06:17:15  BuildStamp: freesurfer-linux-ubuntu22_x86_64-7.3.2-20220804-6354275  User: oesteban  Machine: dna058  Platform: Linux  PlatformVersion: 5.14.0-427.37.1.el9_4.x86_64  CompilerName: GCC  CompilerVersion: 8.4.0
ProgramName: mris_label2annot  ProgramArguments: mris_label2annot -all-info  ProgramVersion: 7.3.2  TimeStamp: 2026/03/09-08:46:33-GMT  BuildTime: Aug  4 2022 06:17:15  BuildStamp: freesurfer-linux-ubuntu22_x86_64-7.3.2-20220804-6354275  User: oesteban  Machine: dna058  Platform: Linux  PlatformVersion: 5.14.0-427.37.1.el9_4.x86_64  CompilerName: GCC  CompilerVersion: 8.4.0
ProgramName: mris_left_right_register  ProgramArguments: mris_left_right_register -all-info  ProgramVersion: 7.3.2  TimeStamp: 2026/03/09-08:46:33-GMT  BuildTime: Aug  4 2022 06:17:15  BuildStamp: freesurfer-linux-ubuntu22_x86_64-7.3.2-20220804-6354275  User: oesteban  Machine: dna058  Platform: Linux  PlatformVersion: 5.14.0-427.37.1.el9_4.x86_64  CompilerName: GCC  CompilerVersion: 8.4.0
ProgramName: mris_place_surface  ProgramArguments: mris_place_surface -all-info  ProgramVersion: 7.3.2  TimeStamp: 2026/03/09-08:46:33-GMT  BuildTime: Aug  4 2022 06:17:15  BuildStamp: freesurfer-linux-ubuntu22_x86_64-7.3.2-20220804-6354275  User: oesteban  Machine: dna058  Platform: Linux  PlatformVersion: 5.14.0-427.37.1.el9_4.x86_64  CompilerName: GCC  CompilerVersion: 8.4.0
ProgramName: mrisp_paint  ProgramArguments: mrisp_paint -all-info  ProgramVersion: 7.3.2  TimeStamp: 2026/03/09-08:46:33-GMT  BuildTime: Aug  4 2022 06:17:15  BuildStamp: freesurfer-linux-ubuntu22_x86_64-7.3.2-20220804-6354275  User: oesteban  Machine: dna058  Platform: Linux  PlatformVersion: 5.14.0-427.37.1.el9_4.x86_64  CompilerName: GCC  CompilerVersion: 8.4.0
ProgramName: mris_register  ProgramArguments: mris_register -all-info  ProgramVersion: 7.3.2  TimeStamp: 2026/03/09-08:46:33-GMT  BuildTime: Aug  4 2022 06:17:15  BuildStamp: freesurfer-linux-ubuntu22_x86_64-7.3.2-20220804-6354275  User: oesteban  Machine: dna058  Platform: Linux  PlatformVersion: 5.14.0-427.37.1.el9_4.x86_64  CompilerName: GCC  CompilerVersion: 8.4.0
ProgramName: mris_smooth  ProgramArguments: mris_smooth -all-info  ProgramVersion: 7.3.2  TimeStamp: 2026/03/09-08:46:33-GMT  BuildTime: Aug  4 2022 06:17:15  BuildStamp: freesurfer-linux-ubuntu22_x86_64-7.3.2-20220804-6354275  User: oesteban  Machine: dna058  Platform: Linux  PlatformVersion: 5.14.0-427.37.1.el9_4.x86_64  CompilerName: GCC  CompilerVersion: 8.4.0
ProgramName: mris_sphere  ProgramArguments: mris_sphere -all-info  ProgramVersion: 7.3.2  TimeStamp: 2026/03/09-08:46:33-GMT  BuildTime: Aug  4 2022 06:17:15  BuildStamp: freesurfer-linux-ubuntu22_x86_64-7.3.2-20220804-6354275  User: oesteban  Machine: dna058  Platform: Linux  PlatformVersion: 5.14.0-427.37.1.el9_4.x86_64  CompilerName: GCC  CompilerVersion: 8.4.0
ProgramName: mris_surface_stats  ProgramArguments: mris_surface_stats -all-info  ProgramVersion: 7.3.2  TimeStamp: 2026/03/09-08:46:33-GMT  BuildTime: Aug  4 2022 06:17:15  BuildStamp: freesurfer-linux-ubuntu22_x86_64-7.3.2-20220804-6354275  User: oesteban  Machine: dna058  Platform: Linux  PlatformVersion: 5.14.0-427.37.1.el9_4.x86_64  CompilerName: GCC  CompilerVersion: 8.4.0
ProgramName: mri_stats2seg  ProgramArguments: mri_stats2seg -all-info  ProgramVersion: 7.3.2  TimeStamp: 2026/03/09-08:46:33-GMT  BuildTime: Aug  4 2022 06:17:15  BuildStamp: freesurfer-linux-ubuntu22_x86_64-7.3.2-20220804-6354275  User: oesteban  Machine: dna058  Platform: Linux  PlatformVersion: 5.14.0-427.37.1.el9_4.x86_64  CompilerName: GCC  CompilerVersion: 8.4.0
ProgramName: mris_thickness  ProgramArguments: mris_thickness -all-info  ProgramVersion: 7.3.2  TimeStamp: 2026/03/09-08:46:33-GMT  BuildTime: Aug  4 2022 06:17:15  BuildStamp: freesurfer-linux-ubuntu22_x86_64-7.3.2-20220804-6354275  User: oesteban  Machine: dna058  Platform: Linux  PlatformVersion: 5.14.0-427.37.1.el9_4.x86_64  CompilerName: GCC  CompilerVersion: 8.4.0
ProgramName: mris_thickness_diff  ProgramArguments: mris_thickness_diff -all-info  ProgramVersion: 7.3.2  TimeStamp: 2026/03/09-08:46:33-GMT  BuildTime: Aug  4 2022 06:17:15  BuildStamp: freesurfer-linux-ubuntu22_x86_64-7.3.2-20220804-6354275  User: oesteban  Machine: dna058  Platform: Linux  PlatformVersion: 5.14.0-427.37.1.el9_4.x86_64  CompilerName: GCC  CompilerVersion: 8.4.0
ProgramName: mris_topo_fixer  ProgramArguments: mris_topo_fixer -all-info  ProgramVersion: 7.3.2  TimeStamp: 2026/03/09-08:46:33-GMT  BuildTime: Aug  4 2022 06:17:15  BuildStamp: freesurfer-linux-ubuntu22_x86_64-7.3.2-20220804-6354275  User: oesteban  Machine: dna058  Platform: Linux  PlatformVersion: 5.14.0-427.37.1.el9_4.x86_64  CompilerName: GCC  CompilerVersion: 8.4.0
ProgramName: mri_surf2surf  ProgramArguments: mri_surf2surf -all-info  ProgramVersion: 7.3.2  TimeStamp: 2026/03/09-08:46:33-GMT  BuildTime: Aug  4 2022 06:17:15  BuildStamp: freesurfer-linux-ubuntu22_x86_64-7.3.2-20220804-6354275  User: oesteban  Machine: dna058  Platform: Linux  PlatformVersion: 5.14.0-427.37.1.el9_4.x86_64  CompilerName: GCC  CompilerVersion: 8.4.0
ProgramName: mri_surf2vol  ProgramArguments: mri_surf2vol -all-info  ProgramVersion: 7.3.2  TimeStamp: 2026/03/09-08:46:33-GMT  BuildTime: Aug  4 2022 06:17:15  BuildStamp: freesurfer-linux-ubuntu22_x86_64-7.3.2-20220804-6354275  User: oesteban  Machine: dna058  Platform: Linux  PlatformVersion: 5.14.0-427.37.1.el9_4.x86_64  CompilerName: GCC  CompilerVersion: 8.4.0
ProgramName: mri_surfcluster  ProgramArguments: mri_surfcluster -all-info  ProgramVersion: 7.3.2  TimeStamp: 2026/03/09-08:46:33-GMT  BuildTime: Aug  4 2022 06:17:15  BuildStamp: freesurfer-linux-ubuntu22_x86_64-7.3.2-20220804-6354275  User: oesteban  Machine: dna058  Platform: Linux  PlatformVersion: 5.14.0-427.37.1.el9_4.x86_64  CompilerName: GCC  CompilerVersion: 8.4.0
ProgramName: mris_volmask  ProgramArguments: mris_volmask -all-info  ProgramVersion: 7.3.2  TimeStamp: 2026/03/09-08:46:33-GMT  BuildTime: Aug  4 2022 06:17:15  BuildStamp: freesurfer-linux-ubuntu22_x86_64-7.3.2-20220804-6354275  User: oesteban  Machine: dna058  Platform: Linux  PlatformVersion: 5.14.0-427.37.1.el9_4.x86_64  CompilerName: GCC  CompilerVersion: 8.4.0
ProgramName: mri_tessellate  ProgramArguments: mri_tessellate -all-info  ProgramVersion: 7.3.2  TimeStamp: 2026/03/09-08:46:33-GMT  BuildTime: Aug  4 2022 06:17:15  BuildStamp: freesurfer-linux-ubuntu22_x86_64-7.3.2-20220804-6354275  User: oesteban  Machine: dna058  Platform: Linux  PlatformVersion: 5.14.0-427.37.1.el9_4.x86_64  CompilerName: GCC  CompilerVersion: 8.4.0
ProgramName: mri_vol2surf  ProgramArguments: mri_vol2surf -all-info  ProgramVersion: 7.3.2  TimeStamp: 2026/03/09-08:46:33-GMT  BuildTime: Aug  4 2022 06:17:15  BuildStamp: freesurfer-linux-ubuntu22_x86_64-7.3.2-20220804-6354275  User: oesteban  Machine: dna058  Platform: Linux  PlatformVersion: 5.14.0-427.37.1.el9_4.x86_64  CompilerName: GCC  CompilerVersion: 8.4.0
ProgramName: mri_vol2vol  ProgramArguments: mri_vol2vol -all-info  ProgramVersion: 7.3.2  TimeStamp: 2026/03/09-08:46:33-GMT  BuildTime: Aug  4 2022 06:17:15  BuildStamp: freesurfer-linux-ubuntu22_x86_64-7.3.2-20220804-6354275  User: oesteban  Machine: dna058  Platform: Linux  PlatformVersion: 5.14.0-427.37.1.el9_4.x86_64  CompilerName: GCC  CompilerVersion: 8.4.0
ProgramName: mri_voldiff  ProgramArguments: mri_voldiff -all-info  ProgramVersion: 7.3.2  TimeStamp: 2026/03/09-08:46:33-GMT  BuildTime: Aug  4 2022 06:17:15  BuildStamp: freesurfer-linux-ubuntu22_x86_64-7.3.2-20220804-6354275  User: oesteban  Machine: dna058  Platform: Linux  PlatformVersion: 5.14.0-427.37.1.el9_4.x86_64  CompilerName: GCC  CompilerVersion: 8.4.0
ProgramName: mri_watershed  ProgramArguments: mri_watershed -all-info  ProgramVersion: 7.3.2  TimeStamp: 2026/03/09-08:46:33-GMT  BuildTime: Aug  4 2022 06:17:15  BuildStamp: freesurfer-linux-ubuntu22_x86_64-7.3.2-20220804-6354275  User: oesteban  Machine: dna058  Platform: Linux  PlatformVersion: 5.14.0-427.37.1.el9_4.x86_64  CompilerName: GCC  CompilerVersion: 8.4.0
ProgramName: tkregister2  ProgramArguments: tkregister2_cmdl -all-info  ProgramVersion: 7.3.2  TimeStamp: 2026/03/09-08:46:33-GMT  BuildTime: Aug  4 2022 06:17:15  BuildStamp: freesurfer-linux-ubuntu22_x86_64-7.3.2-20220804-6354275  User: oesteban  Machine: dna058  Platform: Linux  PlatformVersion: 5.14.0-427.37.1.el9_4.x86_64  CompilerName: GCC  CompilerVersion: 8.4.0
mri_motion_correct.fsl 7.3.2
mri_convert -all-info 
ProgramName: mri_convert  ProgramArguments: mri_convert -all-info  ProgramVersion: 7.3.2  TimeStamp: 2026/03/09-08:46:33-GMT  BuildTime: Aug  4 2022 06:17:15  BuildStamp: freesurfer-linux-ubuntu22_x86_64-7.3.2-20220804-6354275  User: oesteban  Machine: dna058  Platform: Linux  PlatformVersion: 5.14.0-427.37.1.el9_4.x86_64  CompilerName: GCC  CompilerVersion: 8.4.0
Program nu_correct, built from:
Package MNI N3, version 1.12.0, compiled by nicks@terrier (x86_64-unknown-linux-gnu) on 2015-06-19 at 01:25:34
#######################################
GCADIR /opt/freesurfer/average
GCA RB_all_2020-01-02.gca
GCASkull RB_all_withskull_2020_01_02.gca
AvgCurvTif folding.atlas.acfb40.noaparc.i12.2016-08-02.tif
GCSDIR /opt/freesurfer/average
GCS DKaparc.atlas.acfb40.noaparc.i12.2016-08-02.gcs
#######################################
#--------------------------------------
#@# CA Normalize Mon Mar  9 09:46:33 CET 2026
/out/sourcedata/freesurfer/sub-v1s21x0050390_ses-1/mri

 mri_ca_normalize -c ctrl_pts.mgz -mask brainmask.mgz nu.mgz /opt/freesurfer/average/RB_all_2020-01-02.gca transforms/talairach.lta norm.mgz 

writing control point volume to ctrl_pts.mgz
using MR volume brainmask.mgz to mask input volume...
reading 1 input volume
reading atlas from '/opt/freesurfer/average/RB_all_2020-01-02.gca'...
reading transform from 'transforms/talairach.lta'...
reading input volume from nu.mgz...
resetting wm mean[0]: 98 --> 107
resetting gm mean[0]: 61 --> 61
input volume #1 is the most T1-like
using real data threshold=24.1
skull bounding box = (55, 73, 36) --> (190, 189, 208)
finding center of left hemi white matter
using (100, 112, 122) as brain centroid of Right_Cerebral_White_Matter...
mean wm in atlas = 107, using box (83,98,101) --> (116, 126,143) to find MRI wm
before smoothing, mri peak at 108
robust fit to distribution - 108 +- 3.8
after smoothing, mri peak at 109, scaling input intensities by 0.982
scaling channel 0 by 0.981651
using 246437 sample points...
INFO: compute sample coordinates transform
 1.04652  -0.07789   0.09710  -1.91022;
 0.05956   1.18693   0.07127  -55.90083;
-0.09664  -0.07087   0.97341   17.06078;
 0.00000   0.00000   0.00000   1.00000;
INFO: transform used
finding control points in Left_Cerebral_White_Matter....
found 40230 control points for structure...
bounding box (118, 77, 34) --> (187, 174, 205)
Left_Cerebral_White_Matter: limiting intensities to 95.0 --> 132.0
35 of 7910 (0.4%) samples deleted
finding control points in Right_Cerebral_White_Matter....
found 39478 control points for structure...
bounding box (61, 80, 31) --> (126, 180, 203)
Right_Cerebral_White_Matter: limiting intensities to 93.0 --> 132.0
7 of 7854 (0.1%) samples deleted
finding control points in Left_Cerebellum_White_Matter....
found 3105 control points for structure...
bounding box (127, 148, 59) --> (175, 187, 114)
Left_Cerebellum_White_Matter: limiting intensities to 98.0 --> 132.0
175 of 533 (32.8%) samples deleted
finding control points in Right_Cerebellum_White_Matter....
found 2710 control points for structure...
bounding box (86, 149, 53) --> (128, 188, 113)
Right_Cerebellum_White_Matter: limiting intensities to 88.0 --> 132.0
0 of 518 (0.0%) samples deleted
finding control points in Brain_Stem....
found 3475 control points for structure...
bounding box (108, 144, 93) --> (142, 202, 125)
Brain_Stem: limiting intensities to 88.0 --> 132.0
2 of 1020 (0.2%) samples deleted
using 17835 total control points for intensity normalization...
bias field = 0.971 +- 0.065
40 of 17616 control points discarded
finding control points in Left_Cerebral_White_Matter....
found 40230 control points for structure...
bounding box (118, 77, 34) --> (187, 174, 205)
Left_Cerebral_White_Matter: limiting intensities to 92.0 --> 132.0
21 of 8028 (0.3%) samples deleted
finding control points in Right_Cerebral_White_Matter....
found 39478 control points for structure...
bounding box (61, 80, 31) --> (126, 180, 203)
Right_Cerebral_White_Matter: limiting intensities to 90.0 --> 132.0
7 of 8004 (0.1%) samples deleted
finding control points in Left_Cerebellum_White_Matter....
found 3105 control points for structure...
bounding box (127, 148, 59) --> (175, 187, 114)
Left_Cerebellum_White_Matter: limiting intensities to 89.0 --> 132.0
261 of 645 (40.5%) samples deleted
finding control points in Right_Cerebellum_White_Matter....
found 2710 control points for structure...
bounding box (86, 149, 53) --> (128, 188, 113)
Right_Cerebellum_White_Matter: limiting intensities to 88.0 --> 132.0
165 of 545 (30.3%) samples deleted
finding control points in Brain_Stem....
found 3475 control points for structure...
bounding box (108, 144, 93) --> (142, 202, 125)
Brain_Stem: limiting intensities to 88.0 --> 132.0
55 of 1088 (5.1%) samples deleted
using 18310 total control points for intensity normalization...
bias field = 1.006 +- 0.052
40 of 17686 control points discarded
finding control points in Left_Cerebral_White_Matter....
found 40230 control points for structure...
bounding box (118, 77, 34) --> (187, 174, 205)
Left_Cerebral_White_Matter: limiting intensities to 93.0 --> 132.0
25 of 8022 (0.3%) samples deleted
finding control points in Right_Cerebral_White_Matter....
found 39478 control points for structure...
bounding box (61, 80, 31) --> (126, 180, 203)
Right_Cerebral_White_Matter: limiting intensities to 90.0 --> 132.0
11 of 7946 (0.1%) samples deleted
finding control points in Left_Cerebellum_White_Matter....
found 3105 control points for structure...
bounding box (127, 148, 59) --> (175, 187, 114)
Left_Cerebellum_White_Matter: limiting intensities to 88.0 --> 132.0
311 of 637 (48.8%) samples deleted
finding control points in Right_Cerebellum_White_Matter....
found 2710 control points for structure...
bounding box (86, 149, 53) --> (128, 188, 113)
Right_Cerebellum_White_Matter: limiting intensities to 88.0 --> 132.0
374 of 548 (68.2%) samples deleted
finding control points in Brain_Stem....
found 3475 control points for structure...
bounding box (108, 144, 93) --> (142, 202, 125)
Brain_Stem: limiting intensities to 88.0 --> 132.0
206 of 1104 (18.7%) samples deleted
using 18257 total control points for intensity normalization...
bias field = 1.004 +- 0.043
33 of 17163 control points discarded
writing normalized volume to norm.mgz...
writing control points to ctrl_pts.mgz
freeing GCA...done.
normalization took 1 minutes and 20 seconds.
#--------------------------------------
#@# CA Reg Mon Mar  9 09:47:53 CET 2026
/out/sourcedata/freesurfer/sub-v1s21x0050390_ses-1/mri

 mri_ca_register -nobigventricles -T transforms/talairach.lta -align-after -mask brainmask.mgz norm.mgz /opt/freesurfer/average/RB_all_2020-01-02.gca transforms/talairach.m3z 

not handling expanded ventricles...
using previously computed transform transforms/talairach.lta
renormalizing sequences with structure alignment, equivalent to:
	-renormalize
	-regularize_mean 0.500
	-regularize 0.500
using MR volume brainmask.mgz to mask input volume...

== Number of threads available to mri_ca_register for OpenMP = 16 == 
reading 1 input volumes...
logging results to talairach.log
reading input volume 'norm.mgz'...
reading GCA '/opt/freesurfer/average/RB_all_2020-01-02.gca'...
label assignment complete, 0 changed (0.00%)
freeing gibbs priors...done.
average std[0] = 5.0
Starting GCAMregister()
label assignment complete, 0 changed (0.00%)
npasses = 1, nlevels = 6
#pass# 1 of 1 ************************
enabling zero nodes
setting smoothness cost coefficient to 0.156

#GCAMreg# pass 0 level1 5 level2 0 tsec 0 sigma 2
l_jacobian=1.00 l_label=1.00 l_log_likelihood=0.20 l_smoothness=0.16 
tol=2.50e-01, dt=5.00e-02, exp_k=20.0, momentum=0.90, levels=6, niter=500, lbl_dist=10.00, avgs=256, sigma=2.0,type=2, relabel=0, neg=no

blurring input image with Gaussian with sigma=2.000...
GCAMRegisterLevel(): init RMS 0.735922
#FOTS# QuadFit found better minimum quadopt=(dt=199.986,rms=0.69322) vs oldopt=(dt=92.48,rms=0.705784)
#GCMRL#    0 dt 199.986135 rms  0.693  5.803% neg 0  invalid 762 tFOTS 4.1420 tGradient 2.8520 tsec 7.3120
#FOTS# QuadFit found better minimum quadopt=(dt=137.628,rms=0.681032) vs oldopt=(dt=92.48,rms=0.682565)
#GCMRL#    1 dt 137.628319 rms  0.681  1.758% neg 0  invalid 762 tFOTS 4.1910 tGradient 2.9080 tsec 7.3860
#FOTS# QuadFit found better minimum quadopt=(dt=295.936,rms=0.671864) vs oldopt=(dt=369.92,rms=0.672324)
#GCMRL#    2 dt 295.936000 rms  0.672  1.346% neg 0  invalid 762 tFOTS 3.7590 tGradient 3.0740 tsec 7.1310
#FOTS# QuadFit found better minimum quadopt=(dt=110.976,rms=0.668564) vs oldopt=(dt=92.48,rms=0.668641)
#GCMRL#    3 dt 110.976000 rms  0.669  0.491% neg 0  invalid 762 tFOTS 4.0190 tGradient 2.8480 tsec 7.1920
#FOTS# QuadFit found better minimum quadopt=(dt=517.888,rms=0.66281) vs oldopt=(dt=369.92,rms=0.663835)
#GCMRL#    4 dt 517.888000 rms  0.663  0.861% neg 0  invalid 762 tFOTS 4.0860 tGradient 2.8390 tsec 7.2280
#FOTS# QuadFit found better minimum quadopt=(dt=110.976,rms=0.661574) vs oldopt=(dt=92.48,rms=0.661585)
#GCMRL#    5 dt 110.976000 rms  0.662  0.000% neg 0  invalid 762 tFOTS 4.3180 tGradient 2.8320 tsec 7.4710
#GCMRL#    6 dt 110.976000 rms  0.661  0.109% neg 0  invalid 762 tFOTS 0.0000 tGradient 2.9660 tsec 3.3100
#GCMRL#    7 dt 110.976000 rms  0.660  0.167% neg 0  invalid 762 tFOTS 0.0000 tGradient 3.0790 tsec 3.3990
#GCMRL#    8 dt 110.976000 rms  0.658  0.211% neg 0  invalid 762 tFOTS 0.0000 tGradient 2.9440 tsec 3.2590
#GCMRL#    9 dt 110.976000 rms  0.657  0.226% neg 0  invalid 762 tFOTS 0.0000 tGradient 2.8210 tsec 3.1130
#GCMRL#   10 dt 110.976000 rms  0.655  0.235% neg 0  invalid 762 tFOTS 0.0000 tGradient 2.8230 tsec 3.1150
#GCMRL#   11 dt 110.976000 rms  0.654  0.234% neg 0  invalid 762 tFOTS 0.0000 tGradient 2.8710 tsec 3.1590
#GCMRL#   12 dt 110.976000 rms  0.652  0.209% neg 0  invalid 762 tFOTS 0.0000 tGradient 2.8920 tsec 3.1850
#GCMRL#   13 dt 110.976000 rms  0.651  0.190% neg 0  invalid 762 tFOTS 0.0000 tGradient 2.9750 tsec 3.3180
#GCMRL#   14 dt 110.976000 rms  0.650  0.179% neg 0  invalid 762 tFOTS 0.0000 tGradient 2.8260 tsec 3.1200
#GCMRL#   15 dt 110.976000 rms  0.649  0.161% neg 0  invalid 762 tFOTS 0.0000 tGradient 2.8450 tsec 3.1350
#GCMRL#   16 dt 110.976000 rms  0.648  0.155% neg 0  invalid 762 tFOTS 0.0000 tGradient 2.7840 tsec 3.0700
#GCMRL#   17 dt 110.976000 rms  0.647  0.137% neg 0  invalid 762 tFOTS 0.0000 tGradient 2.7700 tsec 3.0580
#GCMRL#   18 dt 110.976000 rms  0.646  0.120% neg 0  invalid 762 tFOTS 0.0000 tGradient 2.7660 tsec 3.0560
#GCMRL#   19 dt 110.976000 rms  0.646  0.108% neg 0  invalid 762 tFOTS 0.0000 tGradient 2.7680 tsec 3.0850
#FOTS# QuadFit found better minimum quadopt=(dt=2071.55,rms=0.644461) vs oldopt=(dt=1479.68,rms=0.64455)
#GCMRL#   20 dt 2071.552000 rms  0.644  0.177% neg 0  invalid 762 tFOTS 4.3440 tGradient 2.7460 tsec 7.3950

#GCAMreg# pass 0 level1 5 level2 1 tsec 112.73 sigma 0.5
l_jacobian=1.00 l_label=1.00 l_log_likelihood=0.20 l_smoothness=0.16 
tol=2.50e-01, dt=5.00e-02, exp_k=20.0, momentum=0.90, levels=6, niter=500, lbl_dist=10.00, avgs=256, sigma=0.5,type=2, relabel=0, neg=no

blurring input image with Gaussian with sigma=0.500...
GCAMRegisterLevel(): init RMS 0.644879
#FOTS# QuadFit found better minimum quadopt=(dt=129.472,rms=0.644047) vs oldopt=(dt=92.48,rms=0.644079)
#GCMRL#   22 dt 129.472000 rms  0.644  0.129% neg 0  invalid 762 tFOTS 4.2230 tGradient 2.9170 tsec 7.4400
#FOTS# QuadFit found better minimum quadopt=(dt=517.888,rms=0.642837) vs oldopt=(dt=369.92,rms=0.643025)
#GCMRL#   23 dt 517.888000 rms  0.643  0.188% neg 0  invalid 762 tFOTS 4.0540 tGradient 2.8220 tsec 7.1770
#FOTS# QuadFit found better minimum quadopt=(dt=8.092,rms=0.642854) vs oldopt=(dt=5.78,rms=0.642854)
setting smoothness cost coefficient to 0.615

#GCAMreg# pass 0 level1 4 level2 0 tsec 0 sigma 2
l_jacobian=1.00 l_label=1.00 l_log_likelihood=0.20 l_smoothness=0.62 
tol=2.50e-01, dt=5.00e-02, exp_k=20.0, momentum=0.90, levels=6, niter=500, lbl_dist=10.00, avgs=64, sigma=2.0,type=2, relabel=0, neg=no

blurring input image with Gaussian with sigma=2.000...
GCAMRegisterLevel(): init RMS 0.651171
#FOTS# QuadFit found better minimum quadopt=(dt=77.5495,rms=0.647923) vs oldopt=(dt=103.68,rms=0.648211)
#GCMRL#   25 dt  77.549550 rms  0.648  0.499% neg 0  invalid 762 tFOTS 4.0350 tGradient 2.2650 tsec 6.5960
#FOTS# QuadFit found better minimum quadopt=(dt=331.776,rms=0.639592) vs oldopt=(dt=414.72,rms=0.64074)
#GCMRL#   26 dt 331.776000 rms  0.640  1.286% neg 0  invalid 762 tFOTS 4.0430 tGradient 2.0320 tsec 6.3740
#FOTS# QuadFit found better minimum quadopt=(dt=48.9412,rms=0.637446) vs oldopt=(dt=25.92,rms=0.63777)
#GCMRL#   27 dt  48.941176 rms  0.637  0.336% neg 0  invalid 762 tFOTS 4.0510 tGradient 2.1870 tsec 6.5430
#FOTS# QuadFit found better minimum quadopt=(dt=331.776,rms=0.633113) vs oldopt=(dt=414.72,rms=0.633369)
#GCMRL#   28 dt 331.776000 rms  0.633  0.680% neg 0  invalid 762 tFOTS 4.0990 tGradient 2.2360 tsec 6.6400
#FOTS# QuadFit found better minimum quadopt=(dt=36.288,rms=0.632063) vs oldopt=(dt=25.92,rms=0.632222)
#GCMRL#   29 dt  36.288000 rms  0.632  0.000% neg 0  invalid 762 tFOTS 4.1760 tGradient 2.1580 tsec 6.6580
#GCMRL#   30 dt  36.288000 rms  0.632  0.040% neg 0  invalid 762 tFOTS 0.0000 tGradient 2.1270 tsec 2.4150

#GCAMreg# pass 0 level1 4 level2 1 tsec 47.215 sigma 0.5
l_jacobian=1.00 l_label=1.00 l_log_likelihood=0.20 l_smoothness=0.62 
tol=2.50e-01, dt=5.00e-02, exp_k=20.0, momentum=0.90, levels=6, niter=500, lbl_dist=10.00, avgs=64, sigma=0.5,type=2, relabel=0, neg=no

blurring input image with Gaussian with sigma=0.500...
GCAMRegisterLevel(): init RMS 0.632291
#FOTS# QuadFit found better minimum quadopt=(dt=36.288,rms=0.631411) vs oldopt=(dt=25.92,rms=0.63149)
#GCMRL#   32 dt  36.288000 rms  0.631  0.139% neg 0  invalid 762 tFOTS 4.2480 tGradient 2.1280 tsec 6.6800
#FOTS# QuadFit found better minimum quadopt=(dt=36.288,rms=0.631308) vs oldopt=(dt=25.92,rms=0.631322)
#GCMRL#   33 dt  36.288000 rms  0.631  0.000% neg 0  invalid 762 tFOTS 4.2710 tGradient 2.2080 tsec 6.8020
#GCMRL#   34 dt  36.288000 rms  0.631  0.003% neg 0  invalid 762 tFOTS 0.0000 tGradient 2.1850 tsec 2.4770
setting smoothness cost coefficient to 2.353

#GCAMreg# pass 0 level1 3 level2 0 tsec 0 sigma 2
l_jacobian=1.00 l_label=1.00 l_log_likelihood=0.20 l_smoothness=2.35 
tol=2.50e-01, dt=5.00e-02, exp_k=20.0, momentum=0.90, levels=6, niter=500, lbl_dist=10.00, avgs=16, sigma=2.0,type=2, relabel=0, neg=no

blurring input image with Gaussian with sigma=2.000...
GCAMRegisterLevel(): init RMS 0.650903
#FOTS# QuadFit found better minimum quadopt=(dt=2.4,rms=0.650241) vs oldopt=(dt=2,rms=0.650249)
#GCMRL#   36 dt   2.400000 rms  0.650  0.102% neg 0  invalid 762 tFOTS 3.7950 tGradient 1.7290 tsec 5.8360
#FOTS# QuadFit found better minimum quadopt=(dt=0.7,rms=0.65022) vs oldopt=(dt=0.5,rms=0.650221)
#GCMRL#   37 dt   0.700000 rms  0.650  0.000% neg 0  invalid 762 tFOTS 4.0540 tGradient 1.6690 tsec 6.0730

#GCAMreg# pass 0 level1 3 level2 1 tsec 23.503 sigma 0.5
l_jacobian=1.00 l_label=1.00 l_log_likelihood=0.20 l_smoothness=2.35 
tol=2.50e-01, dt=5.00e-02, exp_k=20.0, momentum=0.90, levels=6, niter=500, lbl_dist=10.00, avgs=16, sigma=0.5,type=2, relabel=0, neg=no

blurring input image with Gaussian with sigma=0.500...
GCAMRegisterLevel(): init RMS 0.6507
#GCMRL#   39 dt   0.000000 rms  0.650  0.072% neg 0  invalid 762 tFOTS 3.8610 tGradient 1.7300 tsec 5.8970
setting smoothness cost coefficient to 8.000

#GCAMreg# pass 0 level1 2 level2 0 tsec 0 sigma 2
l_jacobian=1.00 l_label=1.00 l_log_likelihood=0.20 l_smoothness=8.00 
tol=2.50e-01, dt=5.00e-02, exp_k=20.0, momentum=0.90, levels=6, niter=500, lbl_dist=10.00, avgs=4, sigma=2.0,type=2, relabel=0, neg=no

blurring input image with Gaussian with sigma=2.000...
GCAMRegisterLevel(): init RMS 0.702834
#FOTS# QuadFit found better minimum quadopt=(dt=2.69217,rms=0.687103) vs oldopt=(dt=2.88,rms=0.687182)
#GCMRL#   41 dt   2.692168 rms  0.687  2.238% neg 0  invalid 762 tFOTS 3.7540 tGradient 1.5610 tsec 5.6060
#FOTS# QuadFit found better minimum quadopt=(dt=1.5625,rms=0.685882) vs oldopt=(dt=0.72,rms=0.686272)
#GCMRL#   42 dt   1.562500 rms  0.686  0.000% neg 0  invalid 762 tFOTS 3.7790 tGradient 1.4430 tsec 5.5480
#GCMRL#   43 dt   1.562500 rms  0.685  0.131% neg 0  invalid 762 tFOTS 0.0000 tGradient 1.5540 tsec 1.8390
#GCMRL#   44 dt   1.562500 rms  0.685 -0.026% neg 0  invalid 762 tFOTS 0.0000 tGradient 1.4790 tsec 2.0110
#FOTS# QuadFit found better minimum quadopt=(dt=1.625,rms=0.684718) vs oldopt=(dt=0.72,rms=0.684799)
#GCMRL#   45 dt   1.625000 rms  0.685  0.038% neg 0  invalid 762 tFOTS 4.1670 tGradient 1.5120 tsec 5.9940
#FOTS# QuadFit found better minimum quadopt=(dt=1.008,rms=0.68464) vs oldopt=(dt=0.72,rms=0.684647)

#GCAMreg# pass 0 level1 2 level2 1 tsec 36.239 sigma 0.5
l_jacobian=1.00 l_label=1.00 l_log_likelihood=0.20 l_smoothness=8.00 
tol=2.50e-01, dt=5.00e-02, exp_k=20.0, momentum=0.90, levels=6, niter=500, lbl_dist=10.00, avgs=4, sigma=0.5,type=2, relabel=0, neg=no

blurring input image with Gaussian with sigma=0.500...
GCAMRegisterLevel(): init RMS 0.685123
#GCMRL#   47 dt   0.000000 rms  0.685  0.070% neg 0  invalid 762 tFOTS 3.8450 tGradient 1.5510 tsec 5.7070
setting smoothness cost coefficient to 20.000

#GCAMreg# pass 0 level1 1 level2 0 tsec 0 sigma 2
l_jacobian=1.00 l_label=1.00 l_log_likelihood=0.20 l_smoothness=20.00 
tol=2.50e-01, dt=5.00e-02, exp_k=20.0, momentum=0.90, levels=6, niter=500, lbl_dist=10.00, avgs=1, sigma=2.0,type=2, relabel=0, neg=no

blurring input image with Gaussian with sigma=2.000...
GCAMRegisterLevel(): init RMS 0.721528
#FOTS# QuadFit found better minimum quadopt=(dt=0.112,rms=0.720953) vs oldopt=(dt=0.08,rms=0.72096)
#GCMRL#   49 dt   0.112000 rms  0.721  0.080% neg 0  invalid 762 tFOTS 3.6940 tGradient 1.3150 tsec 5.3390
#FOTS# QuadFit found better minimum quadopt=(dt=0.192,rms=0.720736) vs oldopt=(dt=0.32,rms=0.720778)
#GCMRL#   50 dt   0.192000 rms  0.721  0.000% neg 0  invalid 762 tFOTS 3.9730 tGradient 1.3460 tsec 5.6190
#GCMRL#   51 dt   0.192000 rms  0.720  0.081% neg 0  invalid 762 tFOTS 0.0000 tGradient 1.3230 tsec 1.6160
#GCMRL#   52 dt   0.192000 rms  0.719  0.130% neg 0  invalid 762 tFOTS 0.0000 tGradient 1.4250 tsec 1.6980
#GCMRL#   53 dt   0.192000 rms  0.718  0.157% neg 0  invalid 762 tFOTS 0.0000 tGradient 1.3280 tsec 1.6120
#GCMRL#   54 dt   0.192000 rms  0.717  0.182% neg 0  invalid 762 tFOTS 0.0000 tGradient 1.3450 tsec 1.6180
#GCMRL#   55 dt   0.192000 rms  0.715  0.182% neg 0  invalid 762 tFOTS 0.0000 tGradient 1.3400 tsec 1.6220
#GCMRL#   56 dt   0.192000 rms  0.714  0.156% neg 0  invalid 762 tFOTS 0.0000 tGradient 1.3000 tsec 1.5790
#GCMRL#   57 dt   0.192000 rms  0.714  0.109% neg 0  invalid 762 tFOTS 0.0000 tGradient 1.3350 tsec 1.6150
#GCMRL#   58 dt   0.192000 rms  0.713  0.060% neg 0  invalid 762 tFOTS 0.0000 tGradient 1.3240 tsec 1.6240
#FOTS# QuadFit found better minimum quadopt=(dt=1.792,rms=0.710942) vs oldopt=(dt=1.28,rms=0.711271)
#GCMRL#   59 dt   1.792000 rms  0.711  0.311% neg 0  invalid 762 tFOTS 3.9210 tGradient 1.4140 tsec 5.6400
#FOTS# QuadFit found better minimum quadopt=(dt=0.448,rms=0.709698) vs oldopt=(dt=0.32,rms=0.709807)
#GCMRL#   60 dt   0.448000 rms  0.710  0.000% neg 0  invalid 762 tFOTS 4.0550 tGradient 1.6300 tsec 6.0080

#GCAMreg# pass 0 level1 1 level2 1 tsec 46.913 sigma 0.5
l_jacobian=1.00 l_label=1.00 l_log_likelihood=0.20 l_smoothness=20.00 
tol=2.50e-01, dt=5.00e-02, exp_k=20.0, momentum=0.90, levels=6, niter=500, lbl_dist=10.00, avgs=1, sigma=0.5,type=2, relabel=0, neg=no

blurring input image with Gaussian with sigma=0.500...
GCAMRegisterLevel(): init RMS 0.710178
#FOTS# QuadFit found better minimum quadopt=(dt=0.256,rms=0.709284) vs oldopt=(dt=0.32,rms=0.70933)
#GCMRL#   62 dt   0.256000 rms  0.709  0.126% neg 0  invalid 762 tFOTS 4.1580 tGradient 1.5570 tsec 6.0160
#FOTS# QuadFit found better minimum quadopt=(dt=0.256,rms=0.709215) vs oldopt=(dt=0.32,rms=0.709222)
#GCMRL#   63 dt   0.256000 rms  0.709  0.000% neg 0  invalid 762 tFOTS 3.9320 tGradient 1.4250 tsec 5.6900
#GCMRL#   64 dt   0.256000 rms  0.709  0.007% neg 0  invalid 762 tFOTS 0.0000 tGradient 1.4000 tsec 1.7080
#GCMRL#   65 dt   0.256000 rms  0.709  0.012% neg 0  invalid 762 tFOTS 0.0000 tGradient 1.4140 tsec 1.7220
#GCMRL#   66 dt   0.256000 rms  0.709  0.020% neg 0  invalid 762 tFOTS 0.0000 tGradient 1.3910 tsec 1.6980
#GCMRL#   67 dt   0.256000 rms  0.709  0.021% neg 0  invalid 762 tFOTS 0.0000 tGradient 1.4110 tsec 1.7150
#GCMRL#   68 dt   0.256000 rms  0.709  0.028% neg 0  invalid 762 tFOTS 0.0000 tGradient 1.4410 tsec 1.7490
#GCMRL#   69 dt   0.256000 rms  0.708  0.027% neg 0  invalid 762 tFOTS 0.0000 tGradient 1.4140 tsec 1.7180
#GCMRL#   70 dt   0.256000 rms  0.708  0.027% neg 0  invalid 762 tFOTS 0.0000 tGradient 1.4390 tsec 1.7440
resetting metric properties...
setting smoothness cost coefficient to 40.000

#GCAMreg# pass 0 level1 0 level2 0 tsec 0 sigma 2
l_jacobian=1.00 l_label=1.00 l_log_likelihood=0.20 l_smoothness=40.00 
tol=2.50e-01, dt=5.00e-02, exp_k=20.0, momentum=0.90, levels=6, niter=500, lbl_dist=10.00, avgs=0, sigma=2.0,type=2, relabel=0, neg=no

blurring input image with Gaussian with sigma=2.000...
GCAMRegisterLevel(): init RMS 0.694533
#FOTS# QuadFit found better minimum quadopt=(dt=0.132812,rms=0.691138) vs oldopt=(dt=0.08,rms=0.691918)
#GCMRL#   72 dt   0.132812 rms  0.691  0.489% neg 0  invalid 762 tFOTS 3.9780 tGradient 0.9970 tsec 5.2780
#FOTS# QuadFit found better minimum quadopt=(dt=0.00175,rms=0.691128) vs oldopt=(dt=0.00125,rms=0.691129)
#GCMRL#   73 dt   0.001750 rms  0.691  0.000% neg 0  invalid 762 tFOTS 4.2040 tGradient 0.9740 tsec 5.5130
#GCMRL#   74 dt   0.001750 rms  0.691  0.000% neg 0  invalid 762 tFOTS 0.0000 tGradient 0.9800 tsec 1.2760

#GCAMreg# pass 0 level1 0 level2 1 tsec 22.907 sigma 0.5
l_jacobian=1.00 l_label=1.00 l_log_likelihood=0.20 l_smoothness=40.00 
tol=2.50e-01, dt=5.00e-02, exp_k=20.0, momentum=0.90, levels=6, niter=500, lbl_dist=10.00, avgs=0, sigma=0.5,type=2, relabel=0, neg=no

blurring input image with Gaussian with sigma=0.500...
GCAMRegisterLevel(): init RMS 0.691614
#FOTS# QuadFit found better minimum quadopt=(dt=0.006,rms=0.691115) vs oldopt=(dt=0.005,rms=0.691115)
#GCMRL#   76 dt   0.006000 rms  0.691  0.072% neg 0  invalid 762 tFOTS 3.9670 tGradient 1.0000 tsec 5.2810
#GCMRL#   77 dt   0.050000 rms  0.691  0.000% neg 0  invalid 762 tFOTS 3.8820 tGradient 0.9910 tsec 5.2290
GCAMregister done in 6.65513 min
Starting GCAmapRenormalizeWithAlignment() without scales
renormalizing by structure alignment....
renormalizing input #0
gca peak = 0.10253 (16)
mri peak = 0.16427 (26)
Left_Lateral_Ventricle (4): linear fit = 1.41 x + 0.0 (1437 voxels, overlap=0.437)
Left_Lateral_Ventricle (4): linear fit = 1.41 x + 0.0 (1437 voxels, peak = 23), gca=22.6
gca peak = 0.17690 (16)
mri peak = 0.14312 (24)
Right_Lateral_Ventricle (43): linear fit = 1.52 x + 0.0 (1585 voxels, overlap=0.333)
Right_Lateral_Ventricle (43): linear fit = 1.50 x + 0.0 (1585 voxels, peak = 24), gca=24.0
gca peak = 0.28275 (96)
mri peak = 0.16913 (101)
Right_Pallidum (52): linear fit = 1.07 x + 0.0 (1007 voxels, overlap=0.694)
Right_Pallidum (52): linear fit = 1.07 x + 0.0 (1007 voxels, peak = 102), gca=102.2
gca peak = 0.18948 (93)
mri peak = 0.12038 (101)
Left_Pallidum (13): linear fit = 1.05 x + 0.0 (840 voxels, overlap=1.008)
Left_Pallidum (13): linear fit = 1.05 x + 0.0 (840 voxels, peak = 98), gca=98.1
gca peak = 0.20755 (55)
mri peak = 0.11481 (68)
Right_Hippocampus (53): linear fit = 1.21 x + 0.0 (1037 voxels, overlap=0.020)
Right_Hippocampus (53): linear fit = 1.21 x + 0.0 (1037 voxels, peak = 66), gca=66.3
gca peak = 0.31831 (58)
mri peak = 0.12708 (72)
Left_Hippocampus (17): linear fit = 1.25 x + 0.0 (1116 voxels, overlap=0.004)
Left_Hippocampus (17): linear fit = 1.25 x + 0.0 (1116 voxels, peak = 73), gca=72.8
gca peak = 0.11957 (102)
mri peak = 0.12599 (107)
Right_Cerebral_White_Matter (41): linear fit = 1.05 x + 0.0 (65429 voxels, overlap=0.505)
Right_Cerebral_White_Matter (41): linear fit = 1.05 x + 0.0 (65429 voxels, peak = 108), gca=107.6
gca peak = 0.11429 (102)
mri peak = 0.12637 (107)
Left_Cerebral_White_Matter (2): linear fit = 1.08 x + 0.0 (66287 voxels, overlap=0.366)
Left_Cerebral_White_Matter (2): linear fit = 1.08 x + 0.0 (66287 voxels, peak = 110), gca=109.7
gca peak = 0.14521 (59)
mri peak = 0.04061 (65)
Left_Cerebral_Cortex (3): linear fit = 1.14 x + 0.0 (35379 voxels, overlap=0.571)
Left_Cerebral_Cortex (3): linear fit = 1.14 x + 0.0 (35379 voxels, peak = 68), gca=67.6
gca peak = 0.14336 (58)
mri peak = 0.04411 (68)
Right_Cerebral_Cortex (42): linear fit = 1.14 x + 0.0 (36808 voxels, overlap=0.686)
Right_Cerebral_Cortex (42): linear fit = 1.14 x + 0.0 (36808 voxels, peak = 66), gca=66.4
gca peak = 0.13305 (70)
mri peak = 0.19290 (74)
Right_Caudate (50): linear fit = 1.09 x + 0.0 (877 voxels, overlap=0.339)
Right_Caudate (50): linear fit = 1.09 x + 0.0 (877 voxels, peak = 76), gca=76.0
gca peak = 0.15761 (71)
mri peak = 0.13468 (75)
Left_Caudate (11): linear fit = 1.03 x + 0.0 (1019 voxels, overlap=0.757)
Left_Caudate (11): linear fit = 1.03 x + 0.0 (1019 voxels, peak = 73), gca=73.5
gca peak = 0.13537 (57)
mri peak = 0.03847 (52)
Left_Cerebellum_Cortex (8): linear fit = 0.94 x + 0.0 (35330 voxels, overlap=0.977)
Left_Cerebellum_Cortex (8): linear fit = 0.94 x + 0.0 (35330 voxels, peak = 54), gca=53.9
gca peak = 0.13487 (56)
mri peak = 0.03918 (56)
Right_Cerebellum_Cortex (47): linear fit = 1.04 x + 0.0 (39280 voxels, overlap=0.947)
Right_Cerebellum_Cortex (47): linear fit = 1.04 x + 0.0 (39280 voxels, peak = 59), gca=58.5
gca peak = 0.19040 (84)
mri peak = 0.04979 (82)
Left_Cerebellum_White_Matter (7): linear fit = 0.96 x + 0.0 (10604 voxels, overlap=0.987)
Left_Cerebellum_White_Matter (7): linear fit = 0.96 x + 0.0 (10604 voxels, peak = 81), gca=81.1
gca peak = 0.18871 (83)
mri peak = 0.09808 (83)
Right_Cerebellum_White_Matter (46): linear fit = 1.01 x + 0.0 (8939 voxels, overlap=0.890)
Right_Cerebellum_White_Matter (46): linear fit = 1.01 x + 0.0 (8939 voxels, peak = 84), gca=84.2
gca peak = 0.24248 (57)
mri peak = 0.10480 (70)
Left_Amygdala (18): linear fit = 1.23 x + 0.0 (443 voxels, overlap=0.049)
Left_Amygdala (18): linear fit = 1.23 x + 0.0 (443 voxels, peak = 70), gca=69.8
gca peak = 0.35833 (56)
mri peak = 0.10179 (68)
Right_Amygdala (54): linear fit = 1.23 x + 0.0 (548 voxels, overlap=0.033)
Right_Amygdala (54): linear fit = 1.23 x + 0.0 (548 voxels, peak = 69), gca=68.6
gca peak = 0.12897 (85)
mri peak = 0.05024 (88)
Left_Thalamus (10): linear fit = 1.07 x + 0.0 (5521 voxels, overlap=0.881)
Left_Thalamus (10): linear fit = 1.07 x + 0.0 (5521 voxels, peak = 91), gca=90.5
gca peak = 0.13127 (83)
mri peak = 0.06021 (87)
Right_Thalamus (49): linear fit = 1.03 x + 0.0 (4722 voxels, overlap=0.844)
Right_Thalamus (49): linear fit = 1.03 x + 0.0 (4722 voxels, peak = 86), gca=85.9
gca peak = 0.12974 (78)
mri peak = 0.08853 (86)
Left_Putamen (12): linear fit = 1.13 x + 0.0 (2394 voxels, overlap=0.262)
Left_Putamen (12): linear fit = 1.13 x + 0.0 (2394 voxels, peak = 89), gca=88.5
gca peak = 0.17796 (79)
mri peak = 0.09779 (88)
Right_Putamen (51): linear fit = 1.10 x + 0.0 (2479 voxels, overlap=0.201)
Right_Putamen (51): linear fit = 1.10 x + 0.0 (2479 voxels, peak = 87), gca=86.5
gca peak = 0.10999 (80)
mri peak = 0.09340 (91)
Brain_Stem (16): linear fit = 1.14 x + 0.0 (12866 voxels, overlap=0.306)
Brain_Stem (16): linear fit = 1.14 x + 0.0 (12866 voxels, peak = 92), gca=91.6
gca peak = 0.13215 (88)
mri peak = 0.09837 (98)
Right_VentralDC (60): linear fit = 1.12 x + 0.0 (1430 voxels, overlap=0.061)
Right_VentralDC (60): linear fit = 1.12 x + 0.0 (1430 voxels, peak = 98), gca=98.1
gca peak = 0.11941 (89)
mri peak = 0.11665 (98)
Left_VentralDC (28): linear fit = 1.11 x + 0.0 (1443 voxels, overlap=0.074)
Left_VentralDC (28): linear fit = 1.11 x + 0.0 (1443 voxels, peak = 98), gca=98.3
gca peak = 0.20775 (25)
mri peak = 0.26097 (28)
gca peak = 0.13297 (21)
mri peak = 0.18936 (21)
Fourth_Ventricle (15): linear fit = 1.23 x + 0.0 (554 voxels, overlap=0.651)
Fourth_Ventricle (15): linear fit = 1.23 x + 0.0 (554 voxels, peak = 26), gca=25.7
gca peak Unknown = 0.94777 ( 0)
gca peak Left_Inf_Lat_Vent = 0.19087 (28)
gca peak Third_Ventricle = 0.20775 (25)
gca peak CSF = 0.16821 (33)
gca peak Left_Accumbens_area = 0.32850 (63)
gca peak Left_undetermined = 0.98480 (28)
gca peak Left_vessel = 0.40887 (53)
gca peak Left_choroid_plexus = 0.10898 (46)
gca peak Right_Inf_Lat_Vent = 0.17798 (26)
gca peak Right_Accumbens_area = 0.30137 (64)
gca peak Right_vessel = 0.47828 (52)
gca peak Right_choroid_plexus = 0.11612 (45)
gca peak Fifth_Ventricle = 0.59466 (35)
gca peak WM_hypointensities = 0.10053 (78)
gca peak non_WM_hypointensities = 0.07253 (60)
gca peak Optic_Chiasm = 0.25330 (73)
not using caudate to estimate GM means
estimating mean gm scale to be 1.20 x + 0.0
estimating mean wm scale to be 1.07 x + 0.0
estimating mean csf scale to be 1.38 x + 0.0
saving intensity scales to talairach.label_intensities.txt
GCAmapRenormalizeWithAlignment() took 3.49363 min
noneg pre
Starting GCAMregister()
label assignment complete, 0 changed (0.00%)
npasses = 1, nlevels = 6
#pass# 1 of 1 ************************
enabling zero nodes
setting smoothness cost coefficient to 0.008

#GCAMreg# pass 0 level1 5 level2 0 tsec 0 sigma 2
l_jacobian=1.00 l_label=1.00 l_log_likelihood=0.20 l_smoothness=0.01 
tol=5.00e-02, dt=5.00e-02, exp_k=20.0, momentum=0.90, levels=6, niter=500, lbl_dist=10.00, avgs=256, sigma=2.0,type=2, relabel=0, neg=no

blurring input image with Gaussian with sigma=2.000...
GCAMRegisterLevel(): init RMS 0.714707
#FOTS# QuadFit found better minimum quadopt=(dt=169.739,rms=0.696019) vs oldopt=(dt=92.48,rms=0.699967)
#GCMRL#   79 dt 169.739130 rms  0.696  2.615% neg 0  invalid 762 tFOTS 3.9580 tGradient 2.1270 tsec 6.3780
#FOTS# QuadFit found better minimum quadopt=(dt=295.936,rms=0.686167) vs oldopt=(dt=369.92,rms=0.686385)
#GCMRL#   80 dt 295.936000 rms  0.686  1.415% neg 0  invalid 762 tFOTS 3.7960 tGradient 2.0440 tsec 6.1340
#FOTS# QuadFit found better minimum quadopt=(dt=142.164,rms=0.680932) vs oldopt=(dt=92.48,rms=0.681753)
#GCMRL#   81 dt 142.163934 rms  0.681  0.763% neg 0  invalid 762 tFOTS 4.0350 tGradient 2.0930 tsec 6.4300
#FOTS# QuadFit found better minimum quadopt=(dt=129.472,rms=0.679725) vs oldopt=(dt=92.48,rms=0.679916)
#GCMRL#   82 dt 129.472000 rms  0.680  0.177% neg 0  invalid 762 tFOTS 3.7860 tGradient 2.1480 tsec 6.2350
#FOTS# QuadFit found better minimum quadopt=(dt=517.888,rms=0.674475) vs oldopt=(dt=369.92,rms=0.675282)
#GCMRL#   83 dt 517.888000 rms  0.674  0.772% neg 0  invalid 762 tFOTS 4.0480 tGradient 2.1540 tsec 6.5090
#GCMRL#   84 dt  92.480000 rms  0.673  0.164% neg 0  invalid 762 tFOTS 4.2900 tGradient 2.0450 tsec 6.6400
#FOTS# QuadFit found better minimum quadopt=(dt=2071.55,rms=0.665271) vs oldopt=(dt=1479.68,rms=0.66634)
#GCMRL#   85 dt 2071.552000 rms  0.665  1.202% neg 0  invalid 762 tFOTS 4.0340 tGradient 1.9780 tsec 6.3150
#FOTS# QuadFit found better minimum quadopt=(dt=129.472,rms=0.662949) vs oldopt=(dt=92.48,rms=0.663211)
#GCMRL#   86 dt 129.472000 rms  0.663  0.349% neg 0  invalid 762 tFOTS 4.2880 tGradient 2.0240 tsec 6.6140
#FOTS# QuadFit found better minimum quadopt=(dt=129.472,rms=0.662522) vs oldopt=(dt=92.48,rms=0.662595)
#GCMRL#   87 dt 129.472000 rms  0.663  0.065% neg 0  invalid 762 tFOTS 4.0390 tGradient 2.0500 tsec 6.3920
#FOTS# QuadFit found better minimum quadopt=(dt=517.888,rms=0.660754) vs oldopt=(dt=369.92,rms=0.661089)
#GCMRL#   88 dt 517.888000 rms  0.661  0.267% neg 0  invalid 762 tFOTS 4.0410 tGradient 2.0510 tsec 6.3960
#GCMRL#   89 dt  92.480000 rms  0.660  0.068% neg 0  invalid 762 tFOTS 4.0510 tGradient 2.0100 tsec 6.3620
#FOTS# QuadFit found better minimum quadopt=(dt=3551.23,rms=0.655231) vs oldopt=(dt=5918.72,rms=0.656629)
#GCMRL#   90 dt 3551.232000 rms  0.655  0.769% neg 0  invalid 762 tFOTS 4.1410 tGradient 2.0460 tsec 6.4940
#FOTS# QuadFit found better minimum quadopt=(dt=129.472,rms=0.651838) vs oldopt=(dt=92.48,rms=0.65213)
#GCMRL#   91 dt 129.472000 rms  0.652  0.518% neg 0  invalid 762 tFOTS 4.0310 tGradient 2.0300 tsec 6.3600
#FOTS# QuadFit found better minimum quadopt=(dt=73.984,rms=0.651803) vs oldopt=(dt=92.48,rms=0.651817)
#GCMRL#   92 dt  73.984000 rms  0.652  0.000% neg 0  invalid 762 tFOTS 4.1740 tGradient 2.1790 tsec 6.6840
#GCMRL#   93 dt  73.984000 rms  0.652  0.024% neg 0  invalid 762 tFOTS 0.0000 tGradient 1.9440 tsec 2.2450
#GCMRL#   94 dt  73.984000 rms  0.651  0.036% neg 0  invalid 762 tFOTS 0.0000 tGradient 2.0160 tsec 2.3100
#GCMRL#   95 dt  73.984000 rms  0.651  0.057% neg 0  invalid 762 tFOTS 0.0000 tGradient 1.9930 tsec 2.2910
#GCMRL#   96 dt  73.984000 rms  0.651  0.074% neg 0  invalid 762 tFOTS 0.0000 tGradient 1.9970 tsec 2.2880
#GCMRL#   97 dt  73.984000 rms  0.650  0.079% neg 0  invalid 762 tFOTS 0.0000 tGradient 1.9750 tsec 2.2700
#GCMRL#   98 dt  73.984000 rms  0.650  0.078% neg 0  invalid 762 tFOTS 0.0000 tGradient 2.0280 tsec 2.3430
#GCMRL#   99 dt  73.984000 rms  0.649  0.076% neg 0  invalid 762 tFOTS 0.0000 tGradient 2.1250 tsec 2.4230
#GCMRL#  100 dt  73.984000 rms  0.649  0.076% neg 0  invalid 762 tFOTS 0.0000 tGradient 1.9850 tsec 2.2760
#GCMRL#  101 dt  73.984000 rms  0.648  0.083% neg 0  invalid 762 tFOTS 0.0000 tGradient 1.9650 tsec 2.2530
#GCMRL#  102 dt  73.984000 rms  0.647  0.093% neg 0  invalid 762 tFOTS 0.0000 tGradient 2.0220 tsec 2.3120
#GCMRL#  103 dt  73.984000 rms  0.647  0.105% neg 0  invalid 762 tFOTS 0.0000 tGradient 2.0120 tsec 2.3020
#GCMRL#  104 dt  73.984000 rms  0.646  0.109% neg 0  invalid 762 tFOTS 0.0000 tGradient 2.0100 tsec 2.3020
#GCMRL#  105 dt  73.984000 rms  0.645  0.107% neg 0  invalid 762 tFOTS 0.0000 tGradient 2.0030 tsec 2.2920
#GCMRL#  106 dt  73.984000 rms  0.645  0.102% neg 0  invalid 762 tFOTS 0.0000 tGradient 2.1930 tsec 2.4720
#GCMRL#  107 dt  73.984000 rms  0.644  0.095% neg 0  invalid 762 tFOTS 0.0000 tGradient 2.2720 tsec 2.6260
#GCMRL#  108 dt  73.984000 rms  0.643  0.091% neg 0  invalid 762 tFOTS 0.0000 tGradient 2.0810 tsec 2.3740
#GCMRL#  109 dt  73.984000 rms  0.643  0.090% neg 0  invalid 762 tFOTS 0.0000 tGradient 2.0600 tsec 2.3520
#GCMRL#  110 dt  73.984000 rms  0.642  0.090% neg 0  invalid 762 tFOTS 0.0000 tGradient 1.9800 tsec 2.2760
#GCMRL#  111 dt  73.984000 rms  0.642  0.088% neg 0  invalid 762 tFOTS 0.0000 tGradient 2.0320 tsec 2.3280
#GCMRL#  112 dt  73.984000 rms  0.641  0.085% neg 0  invalid 762 tFOTS 0.0000 tGradient 2.0230 tsec 2.3170
#GCMRL#  113 dt  73.984000 rms  0.641  0.083% neg 0  invalid 762 tFOTS 0.0000 tGradient 1.9700 tsec 2.2990
#GCMRL#  114 dt  73.984000 rms  0.640  0.081% neg 0  invalid 762 tFOTS 0.0000 tGradient 1.9510 tsec 2.2430
#GCMRL#  115 dt  73.984000 rms  0.640  0.080% neg 0  invalid 762 tFOTS 0.0000 tGradient 2.0230 tsec 2.3230
#GCMRL#  116 dt  73.984000 rms  0.639  0.077% neg 0  invalid 762 tFOTS 0.0000 tGradient 1.9840 tsec 2.2770
#GCMRL#  117 dt  73.984000 rms  0.639  0.074% neg 0  invalid 762 tFOTS 0.0000 tGradient 1.9460 tsec 2.2410
#GCMRL#  118 dt  73.984000 rms  0.638  0.070% neg 0  invalid 762 tFOTS 0.0000 tGradient 1.9870 tsec 2.2820
#GCMRL#  119 dt  73.984000 rms  0.638  0.064% neg 0  invalid 762 tFOTS 0.0000 tGradient 1.9630 tsec 2.2540
#GCMRL#  120 dt  73.984000 rms  0.637  0.060% neg 0  invalid 762 tFOTS 0.0000 tGradient 1.9420 tsec 2.2330
#GCMRL#  121 dt  73.984000 rms  0.637  0.059% neg 0  invalid 762 tFOTS 0.0000 tGradient 2.0180 tsec 2.3130
#GCMRL#  122 dt  73.984000 rms  0.637  0.058% neg 0  invalid 762 tFOTS 0.0000 tGradient 1.9570 tsec 2.2510
#GCMRL#  123 dt  73.984000 rms  0.636  0.059% neg 0  invalid 762 tFOTS 0.0000 tGradient 1.9990 tsec 2.2870
#GCMRL#  124 dt  73.984000 rms  0.636  0.059% neg 0  invalid 762 tFOTS 0.0000 tGradient 2.0040 tsec 2.2970
#GCMRL#  125 dt  73.984000 rms  0.636  0.058% neg 0  invalid 762 tFOTS 0.0000 tGradient 2.0520 tsec 2.3480
#GCMRL#  126 dt  73.984000 rms  0.635  0.055% neg 0  invalid 762 tFOTS 0.0000 tGradient 2.0170 tsec 2.3050
#GCMRL#  127 dt  73.984000 rms  0.635  0.052% neg 0  invalid 762 tFOTS 0.0000 tGradient 1.9100 tsec 2.2060
#GCMRL#  128 dt  73.984000 rms  0.635  0.050% neg 0  invalid 762 tFOTS 0.0000 tGradient 1.9500 tsec 2.2440
#GCMRL#  129 dt  73.984000 rms  0.634  0.050% neg 0  invalid 762 tFOTS 0.0000 tGradient 2.0150 tsec 2.3070
#GCMRL#  130 dt  73.984000 rms  0.634  0.050% neg 0  invalid 762 tFOTS 0.0000 tGradient 1.9750 tsec 2.2660
#GCMRL#  131 dt  73.984000 rms  0.634  0.049% neg 0  invalid 762 tFOTS 0.0000 tGradient 1.9130 tsec 2.2030
#GCMRL#  132 dt  73.984000 rms  0.633  0.047% neg 0  invalid 762 tFOTS 0.0000 tGradient 1.9420 tsec 2.2410
#GCMRL#  133 dt  73.984000 rms  0.633  0.044% neg 0  invalid 762 tFOTS 0.0000 tGradient 2.0070 tsec 2.2940
#GCMRL#  134 dt  73.984000 rms  0.633  0.043% neg 0  invalid 762 tFOTS 0.0000 tGradient 1.9480 tsec 2.2380
#GCMRL#  135 dt  73.984000 rms  0.633  0.045% neg 0  invalid 762 tFOTS 0.0000 tGradient 2.1800 tsec 2.4710
#GCMRL#  136 dt  73.984000 rms  0.632  0.044% neg 0  invalid 762 tFOTS 0.0000 tGradient 2.0360 tsec 2.3450
#GCMRL#  137 dt  73.984000 rms  0.632  0.045% neg 0  invalid 762 tFOTS 0.0000 tGradient 2.1760 tsec 2.4710
#GCMRL#  138 dt  73.984000 rms  0.632  0.043% neg 0  invalid 762 tFOTS 0.0000 tGradient 1.9420 tsec 2.2380
#GCMRL#  139 dt  73.984000 rms  0.631  0.041% neg 0  invalid 762 tFOTS 0.0000 tGradient 1.9220 tsec 2.2150
#GCMRL#  140 dt  73.984000 rms  0.631  0.039% neg 0  invalid 762 tFOTS 0.0000 tGradient 1.9490 tsec 2.2420
#GCMRL#  141 dt  73.984000 rms  0.631  0.038% neg 0  invalid 762 tFOTS 0.0000 tGradient 2.0410 tsec 2.3410
#GCMRL#  142 dt  73.984000 rms  0.631  0.037% neg 0  invalid 762 tFOTS 0.0000 tGradient 2.0660 tsec 2.3600
#GCMRL#  143 dt  73.984000 rms  0.630  0.038% neg 0  invalid 762 tFOTS 0.0000 tGradient 2.0230 tsec 2.3110
#GCMRL#  144 dt  73.984000 rms  0.630  0.038% neg 0  invalid 762 tFOTS 0.0000 tGradient 1.9980 tsec 2.2870
#GCMRL#  145 dt  73.984000 rms  0.630  0.037% neg 0  invalid 762 tFOTS 0.0000 tGradient 2.1790 tsec 2.4680
#GCMRL#  146 dt  73.984000 rms  0.630  0.036% neg 0  invalid 762 tFOTS 0.0000 tGradient 2.0560 tsec 2.3490
#GCMRL#  147 dt  73.984000 rms  0.630  0.035% neg 0  invalid 762 tFOTS 0.0000 tGradient 1.9500 tsec 2.2400
#GCMRL#  148 dt  73.984000 rms  0.629  0.034% neg 0  invalid 762 tFOTS 0.0000 tGradient 1.9010 tsec 2.1920
#GCMRL#  149 dt  73.984000 rms  0.629  0.033% neg 0  invalid 762 tFOTS 0.0000 tGradient 2.0000 tsec 2.2910
#GCMRL#  150 dt  73.984000 rms  0.629  0.032% neg 0  invalid 762 tFOTS 0.0000 tGradient 2.0060 tsec 2.3020
#GCMRL#  151 dt  73.984000 rms  0.629  0.031% neg 0  invalid 762 tFOTS 0.0000 tGradient 2.0250 tsec 2.3190
#GCMRL#  152 dt  73.984000 rms  0.629  0.031% neg 0  invalid 762 tFOTS 0.0000 tGradient 2.0940 tsec 2.3870
#GCMRL#  153 dt  73.984000 rms  0.628  0.030% neg 0  invalid 762 tFOTS 0.0000 tGradient 2.1530 tsec 2.4480
#GCMRL#  154 dt  73.984000 rms  0.628  0.030% neg 0  invalid 762 tFOTS 0.0000 tGradient 2.0730 tsec 2.3670
#GCMRL#  155 dt  73.984000 rms  0.628  0.031% neg 0  invalid 762 tFOTS 0.0000 tGradient 1.9660 tsec 2.2630
#GCMRL#  156 dt  73.984000 rms  0.628  0.030% neg 0  invalid 762 tFOTS 0.0000 tGradient 2.1020 tsec 2.4040
#GCMRL#  157 dt  73.984000 rms  0.628  0.029% neg 0  invalid 762 tFOTS 0.0000 tGradient 2.0100 tsec 2.3040
#GCMRL#  158 dt  73.984000 rms  0.627  0.028% neg 0  invalid 762 tFOTS 0.0000 tGradient 1.9890 tsec 2.2800
#GCMRL#  159 dt  73.984000 rms  0.627  0.026% neg 0  invalid 762 tFOTS 0.0000 tGradient 2.0460 tsec 2.3380
#GCMRL#  160 dt  73.984000 rms  0.627  0.025% neg 0  invalid 762 tFOTS 0.0000 tGradient 2.0060 tsec 2.2960
#GCMRL#  161 dt  73.984000 rms  0.627  0.025% neg 0  invalid 762 tFOTS 0.0000 tGradient 2.0990 tsec 2.3910
#GCMRL#  162 dt  73.984000 rms  0.627  0.024% neg 0  invalid 762 tFOTS 0.0000 tGradient 2.0110 tsec 2.3210
#GCMRL#  163 dt 23674.880000 rms  0.625  0.313% neg 0  invalid 762 tFOTS 4.3100 tGradient 2.0360 tsec 6.6420
#FOTS# QuadFit found better minimum quadopt=(dt=129.472,rms=0.62388) vs oldopt=(dt=92.48,rms=0.623976)
#GCMRL#  164 dt 129.472000 rms  0.624  0.150% neg 0  invalid 762 tFOTS 4.1730 tGradient 2.1300 tsec 6.5990
#FOTS# QuadFit found better minimum quadopt=(dt=129.472,rms=0.623669) vs oldopt=(dt=92.48,rms=0.623709)
#GCMRL#  165 dt 129.472000 rms  0.624  0.000% neg 0  invalid 762 tFOTS 4.1460 tGradient 2.0890 tsec 6.5620
#GCMRL#  166 dt 129.472000 rms  0.624  0.025% neg 0  invalid 762 tFOTS 0.0000 tGradient 2.0090 tsec 2.3040
#GCMRL#  167 dt 129.472000 rms  0.623  0.027% neg 0  invalid 762 tFOTS 0.0000 tGradient 2.0900 tsec 2.4000
#GCMRL#  168 dt 129.472000 rms  0.623  0.025% neg 0  invalid 762 tFOTS 0.0000 tGradient 2.1700 tsec 2.4680
#GCMRL#  169 dt 129.472000 rms  0.623  0.020% neg 0  invalid 762 tFOTS 0.0000 tGradient 2.0490 tsec 2.3420
#GCMRL#  170 dt 129.472000 rms  0.623  0.019% neg 0  invalid 762 tFOTS 0.0000 tGradient 2.2130 tsec 2.5650
#FOTS# QuadFit found better minimum quadopt=(dt=13.872,rms=0.622943) vs oldopt=(dt=23.12,rms=0.622943)

#GCAMreg# pass 0 level1 5 level2 1 tsec 300.379 sigma 0.5
l_jacobian=1.00 l_label=1.00 l_log_likelihood=0.20 l_smoothness=0.01 
tol=5.00e-02, dt=5.00e-02, exp_k=20.0, momentum=0.90, levels=6, niter=500, lbl_dist=10.00, avgs=256, sigma=0.5,type=2, relabel=0, neg=no

blurring input image with Gaussian with sigma=0.500...
GCAMRegisterLevel(): init RMS 0.623241
#FOTS# QuadFit found better minimum quadopt=(dt=295.936,rms=0.622554) vs oldopt=(dt=369.92,rms=0.62258)
#GCMRL#  172 dt 295.936000 rms  0.623  0.110% neg 0  invalid 762 tFOTS 4.1150 tGradient 2.0750 tsec 6.5150
#FOTS# QuadFit found better minimum quadopt=(dt=295.936,rms=0.622134) vs oldopt=(dt=369.92,rms=0.622153)
#GCMRL#  173 dt 295.936000 rms  0.622  0.067% neg 0  invalid 762 tFOTS 4.0750 tGradient 2.0910 tsec 6.4700
#FOTS# QuadFit found better minimum quadopt=(dt=32.368,rms=0.622164) vs oldopt=(dt=23.12,rms=0.622166)
#GCMRL#  174 dt  32.368000 rms  0.622  0.000% neg 0  invalid 762 tFOTS 4.3160 tGradient 2.0620 tsec 6.9440
#GCMRL#  175 dt  32.368000 rms  0.622  0.002% neg 0  invalid 762 tFOTS 0.0000 tGradient 2.0350 tsec 2.3110
setting smoothness cost coefficient to 0.031

#GCAMreg# pass 0 level1 4 level2 0 tsec 0 sigma 2
l_jacobian=1.00 l_label=1.00 l_log_likelihood=0.20 l_smoothness=0.03 
tol=5.00e-02, dt=5.00e-02, exp_k=20.0, momentum=0.90, levels=6, niter=500, lbl_dist=10.00, avgs=64, sigma=2.0,type=2, relabel=0, neg=no

blurring input image with Gaussian with sigma=2.000...
GCAMRegisterLevel(): init RMS 0.624813
#FOTS# QuadFit found better minimum quadopt=(dt=331.776,rms=0.615366) vs oldopt=(dt=414.72,rms=0.615784)
#GCMRL#  177 dt 331.776000 rms  0.615  1.512% neg 0  invalid 762 tFOTS 3.4840 tGradient 1.7170 tsec 5.4750
#FOTS# QuadFit found better minimum quadopt=(dt=121.211,rms=0.606441) vs oldopt=(dt=103.68,rms=0.606602)
#GCMRL#  178 dt 121.210608 rms  0.606  1.450% neg 0  invalid 762 tFOTS 3.8110 tGradient 1.7160 tsec 5.8090
#FOTS# QuadFit found better minimum quadopt=(dt=36.288,rms=0.604719) vs oldopt=(dt=25.92,rms=0.605095)
#GCMRL#  179 dt  36.288000 rms  0.605  0.284% neg 0  invalid 762 tFOTS 3.7540 tGradient 1.7070 tsec 5.7450
#FOTS# QuadFit found better minimum quadopt=(dt=145.152,rms=0.602568) vs oldopt=(dt=103.68,rms=0.602727)
#GCMRL#  180 dt 145.152000 rms  0.603  0.356% neg 0  invalid 762 tFOTS 3.4930 tGradient 1.7290 tsec 5.5050
#FOTS# QuadFit found better minimum quadopt=(dt=109.128,rms=0.598919) vs oldopt=(dt=103.68,rms=0.598923)
#GCMRL#  181 dt 109.128205 rms  0.599  0.606% neg 0  invalid 762 tFOTS 3.9210 tGradient 1.6260 tsec 5.8850
#FOTS# QuadFit found better minimum quadopt=(dt=36.288,rms=0.597868) vs oldopt=(dt=25.92,rms=0.598102)
#GCMRL#  182 dt  36.288000 rms  0.598  0.176% neg 0  invalid 762 tFOTS 3.7170 tGradient 1.7630 tsec 5.7520
#FOTS# QuadFit found better minimum quadopt=(dt=145.152,rms=0.596034) vs oldopt=(dt=103.68,rms=0.596318)
#GCMRL#  183 dt 145.152000 rms  0.596  0.307% neg 0  invalid 762 tFOTS 3.6700 tGradient 1.7280 tsec 5.6700
#FOTS# QuadFit found better minimum quadopt=(dt=109.714,rms=0.593506) vs oldopt=(dt=103.68,rms=0.593508)
#GCMRL#  184 dt 109.714286 rms  0.594  0.424% neg 0  invalid 762 tFOTS 3.6130 tGradient 1.7130 tsec 5.6020
#FOTS# QuadFit found better minimum quadopt=(dt=36.288,rms=0.592735) vs oldopt=(dt=25.92,rms=0.592905)
#GCMRL#  185 dt  36.288000 rms  0.593  0.130% neg 0  invalid 762 tFOTS 3.9010 tGradient 1.6820 tsec 5.8990
#FOTS# QuadFit found better minimum quadopt=(dt=145.152,rms=0.5913) vs oldopt=(dt=103.68,rms=0.591515)
#GCMRL#  186 dt 145.152000 rms  0.591  0.242% neg 0  invalid 762 tFOTS 4.1120 tGradient 1.9720 tsec 6.3900
#GCMRL#  187 dt 103.680000 rms  0.589  0.337% neg 0  invalid 762 tFOTS 3.6690 tGradient 1.6980 tsec 5.6500
#FOTS# QuadFit found better minimum quadopt=(dt=36.288,rms=0.588772) vs oldopt=(dt=25.92,rms=0.588893)
#GCMRL#  188 dt  36.288000 rms  0.589  0.091% neg 0  invalid 762 tFOTS 4.3270 tGradient 2.0220 tsec 6.6830
#FOTS# QuadFit found better minimum quadopt=(dt=145.152,rms=0.587573) vs oldopt=(dt=103.68,rms=0.587774)
#GCMRL#  189 dt 145.152000 rms  0.588  0.204% neg 0  invalid 762 tFOTS 4.6200 tGradient 2.0410 tsec 7.0080
#FOTS# QuadFit found better minimum quadopt=(dt=109.314,rms=0.585949) vs oldopt=(dt=103.68,rms=0.585952)
#GCMRL#  190 dt 109.313869 rms  0.586  0.276% neg 0  invalid 762 tFOTS 4.5250 tGradient 1.9290 tsec 6.8420
#FOTS# QuadFit found better minimum quadopt=(dt=36.288,rms=0.585381) vs oldopt=(dt=25.92,rms=0.585508)
#GCMRL#  191 dt  36.288000 rms  0.585  0.097% neg 0  invalid 762 tFOTS 4.2640 tGradient 2.0250 tsec 6.6510
#FOTS# QuadFit found better minimum quadopt=(dt=145.152,rms=0.584325) vs oldopt=(dt=103.68,rms=0.584499)
#GCMRL#  192 dt 145.152000 rms  0.584  0.180% neg 0  invalid 762 tFOTS 4.6140 tGradient 2.0860 tsec 7.0460
#GCMRL#  193 dt 103.680000 rms  0.583  0.225% neg 0  invalid 762 tFOTS 4.3370 tGradient 2.3400 tsec 7.0290
#FOTS# QuadFit found better minimum quadopt=(dt=36.288,rms=0.582527) vs oldopt=(dt=25.92,rms=0.582634)
#GCMRL#  194 dt  36.288000 rms  0.583  0.083% neg 0  invalid 762 tFOTS 4.5610 tGradient 2.0600 tsec 6.9670
#FOTS# QuadFit found better minimum quadopt=(dt=248.832,rms=0.581372) vs oldopt=(dt=414.72,rms=0.58159)
#GCMRL#  195 dt 248.832000 rms  0.581  0.198% neg 0  invalid 762 tFOTS 4.6600 tGradient 2.1220 tsec 7.1290
#FOTS# QuadFit found better minimum quadopt=(dt=65.901,rms=0.579863) vs oldopt=(dt=103.68,rms=0.58027)
#GCMRL#  196 dt  65.900990 rms  0.580  0.260% neg 0  invalid 762 tFOTS 4.5790 tGradient 2.1720 tsec 7.0910
#FOTS# QuadFit found better minimum quadopt=(dt=82.944,rms=0.579434) vs oldopt=(dt=103.68,rms=0.579477)
#GCMRL#  197 dt  82.944000 rms  0.579  0.074% neg 0  invalid 762 tFOTS 5.2510 tGradient 2.2820 tsec 7.8750
#FOTS# QuadFit found better minimum quadopt=(dt=124.416,rms=0.57838) vs oldopt=(dt=103.68,rms=0.578414)
#GCMRL#  198 dt 124.416000 rms  0.578  0.182% neg 0  invalid 762 tFOTS 4.6930 tGradient 2.0880 tsec 7.1570
#FOTS# QuadFit found better minimum quadopt=(dt=36.288,rms=0.577989) vs oldopt=(dt=25.92,rms=0.578067)
#GCMRL#  199 dt  36.288000 rms  0.578  0.068% neg 0  invalid 762 tFOTS 4.7000 tGradient 2.3090 tsec 7.3850
#FOTS# QuadFit found better minimum quadopt=(dt=331.776,rms=0.576827) vs oldopt=(dt=414.72,rms=0.576846)
#GCMRL#  200 dt 331.776000 rms  0.577  0.201% neg 0  invalid 762 tFOTS 4.9750 tGradient 2.0720 tsec 7.4270
#FOTS# QuadFit found better minimum quadopt=(dt=36.288,rms=0.575591) vs oldopt=(dt=25.92,rms=0.575847)
#GCMRL#  201 dt  36.288000 rms  0.576  0.214% neg 0  invalid 762 tFOTS 5.0440 tGradient 2.0890 tsec 7.5200
#FOTS# QuadFit found better minimum quadopt=(dt=331.776,rms=0.574122) vs oldopt=(dt=414.72,rms=0.57425)
#GCMRL#  202 dt 331.776000 rms  0.574  0.255% neg 0  invalid 762 tFOTS 4.9620 tGradient 2.2000 tsec 7.5340
#FOTS# QuadFit found better minimum quadopt=(dt=36.288,rms=0.573313) vs oldopt=(dt=25.92,rms=0.573468)
#GCMRL#  203 dt  36.288000 rms  0.573  0.141% neg 0  invalid 762 tFOTS 4.9170 tGradient 2.3930 tsec 7.6920
#FOTS# QuadFit found better minimum quadopt=(dt=36.288,rms=0.573057) vs oldopt=(dt=25.92,rms=0.573087)
#GCMRL#  204 dt  36.288000 rms  0.573  0.000% neg 0  invalid 762 tFOTS 4.9050 tGradient 2.0960 tsec 7.4330
#GCMRL#  205 dt  36.288000 rms  0.573  0.036% neg 0  invalid 762 tFOTS 0.0000 tGradient 1.9520 tsec 2.2900
#GCMRL#  206 dt  36.288000 rms  0.573  0.058% neg 0  invalid 762 tFOTS 0.0000 tGradient 2.1000 tsec 2.4780
#GCMRL#  207 dt  36.288000 rms  0.572  0.089% neg 0  invalid 762 tFOTS 0.0000 tGradient 2.0140 tsec 2.3470
#GCMRL#  208 dt  36.288000 rms  0.571  0.118% neg 0  invalid 762 tFOTS 0.0000 tGradient 2.0520 tsec 2.4420
#GCMRL#  209 dt  36.288000 rms  0.571  0.141% neg 0  invalid 762 tFOTS 0.0000 tGradient 1.8630 tsec 2.2020
#GCMRL#  210 dt  36.288000 rms  0.570  0.156% neg 0  invalid 762 tFOTS 0.0000 tGradient 1.9290 tsec 2.3110
#GCMRL#  211 dt  36.288000 rms  0.569  0.160% neg 0  invalid 762 tFOTS 0.0000 tGradient 1.9630 tsec 2.2990
#GCMRL#  212 dt  36.288000 rms  0.568  0.166% neg 0  invalid 762 tFOTS 0.0000 tGradient 1.9880 tsec 2.3330
#GCMRL#  213 dt  36.288000 rms  0.567  0.165% neg 0  invalid 762 tFOTS 0.0000 tGradient 2.0820 tsec 2.4210
#GCMRL#  214 dt  36.288000 rms  0.566  0.173% neg 0  invalid 762 tFOTS 0.0000 tGradient 2.0540 tsec 2.3930
#GCMRL#  215 dt  36.288000 rms  0.565  0.178% neg 0  invalid 762 tFOTS 0.0000 tGradient 2.0130 tsec 2.3640
#GCMRL#  216 dt  36.288000 rms  0.564  0.171% neg 0  invalid 762 tFOTS 0.0000 tGradient 2.0110 tsec 2.3500
#GCMRL#  217 dt  36.288000 rms  0.563  0.158% neg 0  invalid 762 tFOTS 0.0000 tGradient 1.9660 tsec 2.3080
#GCMRL#  218 dt  36.288000 rms  0.562  0.147% neg 0  invalid 762 tFOTS 0.0000 tGradient 1.9370 tsec 2.2770
#GCMRL#  219 dt  36.288000 rms  0.561  0.144% neg 0  invalid 762 tFOTS 0.0000 tGradient 1.9390 tsec 2.2810
#GCMRL#  220 dt  36.288000 rms  0.561  0.146% neg 0  invalid 762 tFOTS 0.0000 tGradient 1.9300 tsec 2.2630
#GCMRL#  221 dt  36.288000 rms  0.560  0.150% neg 0  invalid 762 tFOTS 0.0000 tGradient 1.9040 tsec 2.2360
#GCMRL#  222 dt  36.288000 rms  0.559  0.142% neg 0  invalid 762 tFOTS 0.0000 tGradient 1.9090 tsec 2.2410
#GCMRL#  223 dt  36.288000 rms  0.558  0.130% neg 0  invalid 762 tFOTS 0.0000 tGradient 1.9120 tsec 2.2420
#GCMRL#  224 dt  36.288000 rms  0.558  0.114% neg 0  invalid 762 tFOTS 0.0000 tGradient 1.8610 tsec 2.2020
#GCMRL#  225 dt  36.288000 rms  0.557  0.105% neg 0  invalid 762 tFOTS 0.0000 tGradient 1.8810 tsec 2.2130
#GCMRL#  226 dt  36.288000 rms  0.556  0.106% neg 0  invalid 762 tFOTS 0.0000 tGradient 1.9300 tsec 2.2690
#GCMRL#  227 dt  36.288000 rms  0.556  0.109% neg 0  invalid 762 tFOTS 0.0000 tGradient 1.8350 tsec 2.1750
#GCMRL#  228 dt  36.288000 rms  0.555  0.107% neg 0  invalid 762 tFOTS 0.0000 tGradient 1.9440 tsec 2.3260
#GCMRL#  229 dt  36.288000 rms  0.555  0.102% neg 0  invalid 762 tFOTS 0.0000 tGradient 2.1800 tsec 2.5770
#GCMRL#  230 dt  36.288000 rms  0.554  0.095% neg 0  invalid 762 tFOTS 0.0000 tGradient 2.1920 tsec 2.5620
#GCMRL#  231 dt  36.288000 rms  0.554  0.090% neg 0  invalid 762 tFOTS 0.0000 tGradient 1.8700 tsec 2.2060
#GCMRL#  232 dt  36.288000 rms  0.553  0.087% neg 0  invalid 762 tFOTS 0.0000 tGradient 1.8710 tsec 2.3170
#GCMRL#  233 dt  36.288000 rms  0.553  0.086% neg 0  invalid 762 tFOTS 0.0000 tGradient 1.9310 tsec 2.2830
#GCMRL#  234 dt  36.288000 rms  0.552  0.083% neg 0  invalid 762 tFOTS 0.0000 tGradient 1.9880 tsec 2.3340
#GCMRL#  235 dt  36.288000 rms  0.552  0.076% neg 0  invalid 762 tFOTS 0.0000 tGradient 2.0830 tsec 2.4740
#GCMRL#  236 dt  36.288000 rms  0.551  0.071% neg 0  invalid 762 tFOTS 0.0000 tGradient 1.8480 tsec 2.1970
#GCMRL#  237 dt  36.288000 rms  0.551  0.064% neg 0  invalid 762 tFOTS 0.0000 tGradient 1.8770 tsec 2.2160
#GCMRL#  238 dt  36.288000 rms  0.551  0.063% neg 0  invalid 762 tFOTS 0.0000 tGradient 1.8770 tsec 2.2110
#GCMRL#  239 dt  36.288000 rms  0.550  0.064% neg 0  invalid 762 tFOTS 0.0000 tGradient 1.8980 tsec 2.2320
#GCMRL#  240 dt  36.288000 rms  0.550  0.063% neg 0  invalid 762 tFOTS 0.0000 tGradient 1.8410 tsec 2.1930
#GCMRL#  241 dt  36.288000 rms  0.550  0.060% neg 0  invalid 762 tFOTS 0.0000 tGradient 1.8710 tsec 2.2150
#GCMRL#  242 dt  36.288000 rms  0.549  0.055% neg 0  invalid 762 tFOTS 0.0000 tGradient 1.8760 tsec 2.2250
#GCMRL#  243 dt  36.288000 rms  0.549  0.051% neg 0  invalid 762 tFOTS 0.0000 tGradient 1.8400 tsec 2.1770
#GCMRL#  244 dt  36.288000 rms  0.549  0.053% neg 0  invalid 762 tFOTS 0.0000 tGradient 1.9360 tsec 2.2760
#GCMRL#  245 dt  36.288000 rms  0.548  0.056% neg 0  invalid 762 tFOTS 0.0000 tGradient 1.9260 tsec 2.2560
#GCMRL#  246 dt  36.288000 rms  0.548  0.052% neg 0  invalid 762 tFOTS 0.0000 tGradient 1.8120 tsec 2.1430
#GCMRL#  247 dt  36.288000 rms  0.548  0.052% neg 0  invalid 762 tFOTS 0.0000 tGradient 1.8870 tsec 2.2380
#GCMRL#  248 dt  36.288000 rms  0.548  0.048% neg 0  invalid 762 tFOTS 0.0000 tGradient 1.8640 tsec 2.2130
#GCMRL#  249 dt  36.288000 rms  0.547  0.046% neg 0  invalid 762 tFOTS 0.0000 tGradient 1.8620 tsec 2.2110
#GCMRL#  250 dt  36.288000 rms  0.547  0.045% neg 0  invalid 762 tFOTS 0.0000 tGradient 2.0910 tsec 2.4400
#GCMRL#  251 dt  36.288000 rms  0.547  0.043% neg 0  invalid 762 tFOTS 0.0000 tGradient 1.9000 tsec 2.2870
#GCMRL#  252 dt  36.288000 rms  0.547  0.045% neg 0  invalid 762 tFOTS 0.0000 tGradient 2.1120 tsec 2.4390
#GCMRL#  253 dt  36.288000 rms  0.546  0.044% neg 0  invalid 762 tFOTS 0.0000 tGradient 1.8970 tsec 2.2280
#GCMRL#  254 dt  36.288000 rms  0.546  0.047% neg 0  invalid 762 tFOTS 0.0000 tGradient 1.9120 tsec 2.2430
#GCMRL#  255 dt  36.288000 rms  0.546  0.044% neg 0  invalid 762 tFOTS 0.0000 tGradient 1.9180 tsec 2.2630
#GCMRL#  256 dt  36.288000 rms  0.546  0.039% neg 0  invalid 762 tFOTS 0.0000 tGradient 1.8700 tsec 2.2570
#GCMRL#  257 dt  36.288000 rms  0.545  0.040% neg 0  invalid 762 tFOTS 0.0000 tGradient 1.9040 tsec 2.2900
#GCMRL#  258 dt  36.288000 rms  0.545  0.038% neg 0  invalid 762 tFOTS 0.0000 tGradient 2.2570 tsec 2.6020
#GCMRL#  259 dt  36.288000 rms  0.545  0.038% neg 0  invalid 762 tFOTS 0.0000 tGradient 1.8810 tsec 2.2260
#GCMRL#  260 dt  36.288000 rms  0.545  0.036% neg 0  invalid 762 tFOTS 0.0000 tGradient 1.8530 tsec 2.1850
#GCMRL#  261 dt  36.288000 rms  0.545  0.036% neg 0  invalid 762 tFOTS 0.0000 tGradient 2.2140 tsec 2.6060
#GCMRL#  262 dt  36.288000 rms  0.544  0.035% neg 0  invalid 762 tFOTS 0.0000 tGradient 2.0590 tsec 2.3950
#GCMRL#  263 dt  36.288000 rms  0.544  0.034% neg 0  invalid 762 tFOTS 0.0000 tGradient 1.7750 tsec 2.1090
#GCMRL#  264 dt  36.288000 rms  0.544  0.033% neg 0  invalid 762 tFOTS 0.0000 tGradient 1.8380 tsec 2.1830
#GCMRL#  265 dt  36.288000 rms  0.544  0.033% neg 0  invalid 762 tFOTS 0.0000 tGradient 1.8450 tsec 2.1890
#GCMRL#  266 dt  36.288000 rms  0.544  0.034% neg 0  invalid 762 tFOTS 0.0000 tGradient 1.9360 tsec 2.3230
#GCMRL#  267 dt  36.288000 rms  0.544  0.032% neg 0  invalid 762 tFOTS 0.0000 tGradient 1.8160 tsec 2.1630
#GCMRL#  268 dt  36.288000 rms  0.543  0.031% neg 0  invalid 762 tFOTS 0.0000 tGradient 1.8270 tsec 2.1590
#GCMRL#  269 dt  36.288000 rms  0.543  0.031% neg 0  invalid 762 tFOTS 0.0000 tGradient 1.8450 tsec 2.1730
#GCMRL#  270 dt  36.288000 rms  0.543  0.028% neg 0  invalid 762 tFOTS 0.0000 tGradient 1.8110 tsec 2.1530
#GCMRL#  271 dt  36.288000 rms  0.543  0.029% neg 0  invalid 762 tFOTS 0.0000 tGradient 2.0220 tsec 2.3660
#GCMRL#  272 dt  36.288000 rms  0.543  0.030% neg 0  invalid 762 tFOTS 0.0000 tGradient 2.0460 tsec 2.3950
#GCMRL#  273 dt  36.288000 rms  0.543  0.029% neg 0  invalid 762 tFOTS 0.0000 tGradient 1.9430 tsec 2.2880
#GCMRL#  274 dt  36.288000 rms  0.542  0.028% neg 0  invalid 762 tFOTS 0.0000 tGradient 1.9590 tsec 2.3070
#GCMRL#  275 dt  36.288000 rms  0.542  0.025% neg 0  invalid 762 tFOTS 0.0000 tGradient 1.9270 tsec 2.2750
#GCMRL#  276 dt  36.288000 rms  0.542  0.027% neg 0  invalid 762 tFOTS 0.0000 tGradient 2.1010 tsec 2.5020
#GCMRL#  277 dt  36.288000 rms  0.542  0.026% neg 0  invalid 762 tFOTS 0.0000 tGradient 1.9640 tsec 2.2930
#GCMRL#  278 dt  36.288000 rms  0.542  0.026% neg 0  invalid 762 tFOTS 0.0000 tGradient 1.9800 tsec 2.3170
#GCMRL#  279 dt  36.288000 rms  0.542  0.024% neg 0  invalid 762 tFOTS 0.0000 tGradient 2.0280 tsec 2.3650
#GCMRL#  280 dt  36.288000 rms  0.542  0.023% neg 0  invalid 762 tFOTS 0.0000 tGradient 1.9670 tsec 2.4840
#FOTS# QuadFit found better minimum quadopt=(dt=497.664,rms=0.541522) vs oldopt=(dt=414.72,rms=0.541527)
#GCMRL#  281 dt 497.664000 rms  0.542  0.000% neg 0  invalid 762 tFOTS 4.3580 tGradient 1.9280 tsec 6.6410

#GCAMreg# pass 0 level1 4 level2 1 tsec 378.915 sigma 0.5
l_jacobian=1.00 l_label=1.00 l_log_likelihood=0.20 l_smoothness=0.03 
tol=5.00e-02, dt=5.00e-02, exp_k=20.0, momentum=0.90, levels=6, niter=500, lbl_dist=10.00, avgs=64, sigma=0.5,type=2, relabel=0, neg=no

blurring input image with Gaussian with sigma=0.500...
GCAMRegisterLevel(): init RMS 0.54203
#FOTS# QuadFit found better minimum quadopt=(dt=124.416,rms=0.540343) vs oldopt=(dt=103.68,rms=0.540346)
#GCMRL#  283 dt 124.416000 rms  0.540  0.311% neg 0  invalid 762 tFOTS 4.0600 tGradient 1.9190 tsec 6.3050
#FOTS# QuadFit found better minimum quadopt=(dt=36.288,rms=0.539962) vs oldopt=(dt=25.92,rms=0.540043)
#GCMRL#  284 dt  36.288000 rms  0.540  0.070% neg 0  invalid 762 tFOTS 4.0810 tGradient 1.9730 tsec 6.3790
#FOTS# QuadFit found better minimum quadopt=(dt=145.152,rms=0.539671) vs oldopt=(dt=103.68,rms=0.539699)
#GCMRL#  285 dt 145.152000 rms  0.540  0.054% neg 0  invalid 762 tFOTS 4.6290 tGradient 1.9370 tsec 6.9120
#GCMRL#  286 dt 103.680000 rms  0.539  0.069% neg 0  invalid 762 tFOTS 4.7140 tGradient 1.8960 tsec 6.9560
#FOTS# QuadFit found better minimum quadopt=(dt=36.288,rms=0.539242) vs oldopt=(dt=25.92,rms=0.539255)
#GCMRL#  287 dt  36.288000 rms  0.539  0.000% neg 0  invalid 762 tFOTS 4.5540 tGradient 1.8540 tsec 6.7790
#GCMRL#  288 dt  36.288000 rms  0.539  0.015% neg 0  invalid 762 tFOTS 0.0000 tGradient 1.8670 tsec 2.2070
#GCMRL#  289 dt  36.288000 rms  0.539  0.019% neg 0  invalid 762 tFOTS 0.0000 tGradient 1.8780 tsec 2.2150
#GCMRL#  290 dt  36.288000 rms  0.539  0.028% neg 0  invalid 762 tFOTS 0.0000 tGradient 1.8720 tsec 2.2090
#GCMRL#  291 dt  36.288000 rms  0.539  0.036% neg 0  invalid 762 tFOTS 0.0000 tGradient 1.8780 tsec 2.2160
#GCMRL#  292 dt  36.288000 rms  0.538  0.041% neg 0  invalid 762 tFOTS 0.0000 tGradient 1.8750 tsec 2.2160
#GCMRL#  293 dt  36.288000 rms  0.538  0.043% neg 0  invalid 762 tFOTS 0.0000 tGradient 1.8820 tsec 2.2210
#GCMRL#  294 dt  36.288000 rms  0.538  0.041% neg 0  invalid 762 tFOTS 0.0000 tGradient 1.8670 tsec 2.2060
#GCMRL#  295 dt  36.288000 rms  0.538  0.039% neg 0  invalid 762 tFOTS 0.0000 tGradient 1.8700 tsec 2.2080
#GCMRL#  296 dt  36.288000 rms  0.538  0.041% neg 0  invalid 762 tFOTS 0.0000 tGradient 1.9080 tsec 2.2460
#GCMRL#  297 dt  36.288000 rms  0.537  0.041% neg 0  invalid 762 tFOTS 0.0000 tGradient 1.8940 tsec 2.2290
#GCMRL#  298 dt  36.288000 rms  0.537  0.036% neg 0  invalid 762 tFOTS 0.0000 tGradient 1.9400 tsec 2.2750
#GCMRL#  299 dt  36.288000 rms  0.537  0.030% neg 0  invalid 762 tFOTS 0.0000 tGradient 1.9690 tsec 2.3060
#GCMRL#  300 dt  36.288000 rms  0.537  0.030% neg 0  invalid 762 tFOTS 0.0000 tGradient 1.9430 tsec 2.2850
#GCMRL#  301 dt  36.288000 rms  0.537  0.031% neg 0  invalid 762 tFOTS 0.0000 tGradient 1.9600 tsec 2.3040
#GCMRL#  302 dt  36.288000 rms  0.537  0.039% neg 0  invalid 762 tFOTS 0.0000 tGradient 2.0830 tsec 2.4110
#GCMRL#  303 dt  36.288000 rms  0.536  0.038% neg 0  invalid 762 tFOTS 0.0000 tGradient 1.9270 tsec 2.2530
#GCMRL#  304 dt  36.288000 rms  0.536  0.033% neg 0  invalid 762 tFOTS 0.0000 tGradient 1.8980 tsec 2.2280
#GCMRL#  305 dt  36.288000 rms  0.536  0.028% neg 0  invalid 762 tFOTS 0.0000 tGradient 1.9020 tsec 2.2300
#GCMRL#  306 dt  36.288000 rms  0.536  0.030% neg 0  invalid 762 tFOTS 0.0000 tGradient 1.9320 tsec 2.2600
#GCMRL#  307 dt  36.288000 rms  0.536  0.031% neg 0  invalid 762 tFOTS 0.0000 tGradient 1.9040 tsec 2.2220
#GCMRL#  308 dt  36.288000 rms  0.535  0.036% neg 0  invalid 762 tFOTS 0.0000 tGradient 1.9650 tsec 2.2840
#GCMRL#  309 dt  36.288000 rms  0.535  0.030% neg 0  invalid 762 tFOTS 0.0000 tGradient 1.8960 tsec 2.2210
#GCMRL#  310 dt  36.288000 rms  0.535  0.030% neg 0  invalid 762 tFOTS 0.0000 tGradient 1.8950 tsec 2.2160
#GCMRL#  311 dt  36.288000 rms  0.535  0.027% neg 0  invalid 762 tFOTS 0.0000 tGradient 2.0220 tsec 2.3700
#GCMRL#  312 dt  36.288000 rms  0.535  0.030% neg 0  invalid 762 tFOTS 0.0000 tGradient 1.9100 tsec 2.3310
#GCMRL#  313 dt  36.288000 rms  0.535  0.028% neg 0  invalid 762 tFOTS 0.0000 tGradient 2.2770 tsec 2.6410
#GCMRL#  314 dt  36.288000 rms  0.535  0.024% neg 0  invalid 762 tFOTS 0.0000 tGradient 2.1770 tsec 2.5120
#GCMRL#  315 dt  36.288000 rms  0.534  0.028% neg 0  invalid 762 tFOTS 0.0000 tGradient 1.9100 tsec 2.2470
#GCMRL#  316 dt  36.288000 rms  0.534  0.022% neg 0  invalid 762 tFOTS 0.0000 tGradient 1.9380 tsec 2.2740
#GCMRL#  317 dt  36.288000 rms  0.534  0.019% neg 0  invalid 762 tFOTS 0.0000 tGradient 1.9220 tsec 2.2840
#FOTS# QuadFit found better minimum quadopt=(dt=248.832,rms=0.5341) vs oldopt=(dt=414.72,rms=0.534125)
#GCMRL#  318 dt 248.832000 rms  0.534  0.000% neg 0  invalid 762 tFOTS 4.7760 tGradient 2.0650 tsec 7.1940
setting smoothness cost coefficient to 0.118

#GCAMreg# pass 0 level1 3 level2 0 tsec 0 sigma 2
l_jacobian=1.00 l_label=1.00 l_log_likelihood=0.20 l_smoothness=0.12 
tol=5.00e-02, dt=5.00e-02, exp_k=20.0, momentum=0.90, levels=6, niter=500, lbl_dist=10.00, avgs=16, sigma=2.0,type=2, relabel=0, neg=no

blurring input image with Gaussian with sigma=2.000...
GCAMRegisterLevel(): init RMS 0.548289
#FOTS# QuadFit found better minimum quadopt=(dt=38.4,rms=0.545983) vs oldopt=(dt=32,rms=0.546024)
#GCMRL#  320 dt  38.400000 rms  0.546  0.421% neg 0  invalid 762 tFOTS 4.4960 tGradient 1.7940 tsec 6.6110
#FOTS# QuadFit found better minimum quadopt=(dt=119.834,rms=0.540687) vs oldopt=(dt=128,rms=0.540735)
#GCMRL#  321 dt 119.833828 rms  0.541  0.970% neg 0  invalid 762 tFOTS 4.5820 tGradient 1.7940 tsec 6.6990
#FOTS# QuadFit found better minimum quadopt=(dt=38.4,rms=0.537581) vs oldopt=(dt=32,rms=0.537652)
#GCMRL#  322 dt  38.400000 rms  0.538  0.574% neg 0  invalid 762 tFOTS 4.4110 tGradient 1.8230 tsec 6.5740
#FOTS# QuadFit found better minimum quadopt=(dt=44.8,rms=0.534931) vs oldopt=(dt=32,rms=0.535261)
#GCMRL#  323 dt  44.800000 rms  0.535  0.493% neg 0  invalid 762 tFOTS 4.7390 tGradient 1.7080 tsec 6.7810
#FOTS# QuadFit found better minimum quadopt=(dt=44.8,rms=0.532913) vs oldopt=(dt=32,rms=0.533007)
#GCMRL#  324 dt  44.800000 rms  0.533  0.377% neg 0  invalid 762 tFOTS 4.8720 tGradient 1.7470 tsec 6.9590
#GCMRL#  325 dt  32.000000 rms  0.531  0.276% neg 0  invalid 762 tFOTS 4.5170 tGradient 1.6230 tsec 6.5260
#FOTS# QuadFit found better minimum quadopt=(dt=44.8,rms=0.529836) vs oldopt=(dt=32,rms=0.530061)
#GCMRL#  326 dt  44.800000 rms  0.530  0.303% neg 0  invalid 762 tFOTS 4.4000 tGradient 1.6850 tsec 6.4210
#FOTS# QuadFit found better minimum quadopt=(dt=38.4,rms=0.528902) vs oldopt=(dt=32,rms=0.528902)
#GCMRL#  327 dt  38.400000 rms  0.529  0.176% neg 0  invalid 762 tFOTS 4.7640 tGradient 1.6690 tsec 6.8270
#FOTS# QuadFit found better minimum quadopt=(dt=38.4,rms=0.527688) vs oldopt=(dt=32,rms=0.527718)
#GCMRL#  328 dt  38.400000 rms  0.528  0.230% neg 0  invalid 762 tFOTS 5.0800 tGradient 1.7920 tsec 7.2660
#GCMRL#  329 dt  32.000000 rms  0.527  0.160% neg 0  invalid 762 tFOTS 4.7000 tGradient 1.9660 tsec 6.9820
#FOTS# QuadFit found better minimum quadopt=(dt=38.4,rms=0.525974) vs oldopt=(dt=32,rms=0.526003)
#GCMRL#  330 dt  38.400000 rms  0.526  0.165% neg 0  invalid 762 tFOTS 4.2340 tGradient 1.5580 tsec 6.1610
#GCMRL#  331 dt  32.000000 rms  0.525  0.141% neg 0  invalid 762 tFOTS 4.8050 tGradient 1.7400 tsec 6.9170
#GCMRL#  332 dt  32.000000 rms  0.525  0.125% neg 0  invalid 762 tFOTS 4.3030 tGradient 1.5460 tsec 6.1750
#GCMRL#  333 dt  32.000000 rms  0.524  0.133% neg 0  invalid 762 tFOTS 4.3070 tGradient 1.5420 tsec 6.1700
#GCMRL#  334 dt  32.000000 rms  0.523  0.104% neg 0  invalid 762 tFOTS 4.3880 tGradient 1.5150 tsec 6.2720
#GCMRL#  335 dt  32.000000 rms  0.523  0.114% neg 0  invalid 762 tFOTS 4.3570 tGradient 1.5790 tsec 6.2590
#GCMRL#  336 dt  32.000000 rms  0.522  0.098% neg 0  invalid 762 tFOTS 4.4090 tGradient 1.5270 tsec 6.2650
#GCMRL#  337 dt  32.000000 rms  0.522  0.097% neg 0  invalid 762 tFOTS 4.4870 tGradient 1.6130 tsec 6.4300
#GCMRL#  338 dt  32.000000 rms  0.521  0.091% neg 0  invalid 762 tFOTS 4.1070 tGradient 1.5390 tsec 5.9490
#GCMRL#  339 dt  32.000000 rms  0.521  0.091% neg 0  invalid 762 tFOTS 4.1530 tGradient 1.4530 tsec 5.9640
#FOTS# QuadFit found better minimum quadopt=(dt=25.6,rms=0.520341) vs oldopt=(dt=32,rms=0.520348)
#GCMRL#  340 dt  25.600000 rms  0.520  0.082% neg 0  invalid 762 tFOTS 3.9610 tGradient 1.4010 tsec 5.6520
#FOTS# QuadFit found better minimum quadopt=(dt=44.8,rms=0.519885) vs oldopt=(dt=32,rms=0.519917)
#GCMRL#  341 dt  44.800000 rms  0.520  0.088% neg 0  invalid 762 tFOTS 4.2220 tGradient 1.4400 tsec 6.0530
#FOTS# QuadFit found better minimum quadopt=(dt=25.6,rms=0.519459) vs oldopt=(dt=32,rms=0.519488)
#GCMRL#  342 dt  25.600000 rms  0.519  0.082% neg 0  invalid 762 tFOTS 4.1780 tGradient 1.6470 tsec 6.1160
#FOTS# QuadFit found better minimum quadopt=(dt=38.4,rms=0.519055) vs oldopt=(dt=32,rms=0.519056)
#GCMRL#  343 dt  38.400000 rms  0.519  0.078% neg 0  invalid 762 tFOTS 4.0480 tGradient 1.3860 tsec 5.7290
#FOTS# QuadFit found better minimum quadopt=(dt=25.6,rms=0.518696) vs oldopt=(dt=32,rms=0.518728)
#GCMRL#  344 dt  25.600000 rms  0.519  0.069% neg 0  invalid 762 tFOTS 4.0080 tGradient 1.4380 tsec 5.7390
#GCMRL#  345 dt  32.000000 rms  0.518  0.069% neg 0  invalid 762 tFOTS 4.0390 tGradient 1.4320 tsec 5.7660
#FOTS# QuadFit found better minimum quadopt=(dt=25.6,rms=0.518043) vs oldopt=(dt=32,rms=0.518053)
#GCMRL#  346 dt  25.600000 rms  0.518  0.057% neg 0  invalid 762 tFOTS 4.0760 tGradient 1.3930 tsec 5.7650
#GCMRL#  347 dt  32.000000 rms  0.518  0.064% neg 0  invalid 762 tFOTS 4.0570 tGradient 1.3960 tsec 5.7490
#FOTS# QuadFit found better minimum quadopt=(dt=25.6,rms=0.517464) vs oldopt=(dt=32,rms=0.517475)
#GCMRL#  348 dt  25.600000 rms  0.517  0.000% neg 0  invalid 762 tFOTS 4.1520 tGradient 1.3690 tsec 5.8440
#GCMRL#  349 dt  25.600000 rms  0.517  0.058% neg 0  invalid 762 tFOTS 0.0000 tGradient 1.3910 tsec 1.6850
#GCMRL#  350 dt  25.600000 rms  0.517  0.086% neg 0  invalid 762 tFOTS 0.0000 tGradient 1.4020 tsec 1.6920
#GCMRL#  351 dt  25.600000 rms  0.516  0.119% neg 0  invalid 762 tFOTS 0.0000 tGradient 1.3800 tsec 1.6880
#GCMRL#  352 dt  25.600000 rms  0.515  0.161% neg 0  invalid 762 tFOTS 0.0000 tGradient 1.5310 tsec 1.8270
#GCMRL#  353 dt  25.600000 rms  0.514  0.171% neg 0  invalid 762 tFOTS 0.0000 tGradient 1.4340 tsec 1.7280
#GCMRL#  354 dt  25.600000 rms  0.513  0.174% neg 0  invalid 762 tFOTS 0.0000 tGradient 1.4120 tsec 1.7070
#GCMRL#  355 dt  25.600000 rms  0.513  0.180% neg 0  invalid 762 tFOTS 0.0000 tGradient 1.4490 tsec 1.7420
#GCMRL#  356 dt  25.600000 rms  0.512  0.207% neg 0  invalid 762 tFOTS 0.0000 tGradient 1.4740 tsec 1.7700
#GCMRL#  357 dt  25.600000 rms  0.511  0.173% neg 0  invalid 762 tFOTS 0.0000 tGradient 1.6560 tsec 1.9440
#GCMRL#  358 dt  25.600000 rms  0.510  0.162% neg 0  invalid 762 tFOTS 0.0000 tGradient 1.4140 tsec 1.7060
#GCMRL#  359 dt  25.600000 rms  0.509  0.163% neg 0  invalid 762 tFOTS 0.0000 tGradient 1.4160 tsec 1.7080
#GCMRL#  360 dt  25.600000 rms  0.508  0.170% neg 0  invalid 762 tFOTS 0.0000 tGradient 1.4410 tsec 1.7380
#GCMRL#  361 dt  25.600000 rms  0.507  0.133% neg 0  invalid 762 tFOTS 0.0000 tGradient 1.4320 tsec 1.7260
#GCMRL#  362 dt  25.600000 rms  0.507  0.117% neg 0  invalid 762 tFOTS 0.0000 tGradient 1.4150 tsec 1.7050
#GCMRL#  363 dt  25.600000 rms  0.506  0.129% neg 0  invalid 762 tFOTS 0.0000 tGradient 1.6020 tsec 1.8990
#GCMRL#  364 dt  25.600000 rms  0.506  0.108% neg 0  invalid 762 tFOTS 0.0000 tGradient 1.4430 tsec 1.7370
#GCMRL#  365 dt  25.600000 rms  0.505  0.079% neg 0  invalid 762 tFOTS 0.0000 tGradient 1.4450 tsec 1.7410
#GCMRL#  366 dt  25.600000 rms  0.505  0.092% neg 0  invalid 762 tFOTS 0.0000 tGradient 1.4310 tsec 1.7140
#GCMRL#  367 dt  25.600000 rms  0.504  0.099% neg 0  invalid 762 tFOTS 0.0000 tGradient 1.3990 tsec 1.6930
#GCMRL#  368 dt  25.600000 rms  0.504  0.066% neg 0  invalid 762 tFOTS 0.0000 tGradient 1.4010 tsec 1.6840
#GCMRL#  369 dt  25.600000 rms  0.504  0.058% neg 0  invalid 762 tFOTS 0.0000 tGradient 1.4410 tsec 1.7240
#GCMRL#  370 dt  25.600000 rms  0.503  0.071% neg 0  invalid 762 tFOTS 0.0000 tGradient 1.4480 tsec 1.7330
#GCMRL#  371 dt  25.600000 rms  0.503  0.058% neg 0  invalid 762 tFOTS 0.0000 tGradient 1.4460 tsec 1.7330
#GCMRL#  372 dt  25.600000 rms  0.503  0.044% neg 0  invalid 762 tFOTS 0.0000 tGradient 1.4460 tsec 1.7270
#GCMRL#  373 dt  25.600000 rms  0.502  0.058% neg 0  invalid 762 tFOTS 0.0000 tGradient 1.5500 tsec 1.8370
#GCMRL#  374 dt  25.600000 rms  0.502  0.055% neg 0  invalid 762 tFOTS 0.0000 tGradient 1.3860 tsec 1.6900
#GCMRL#  375 dt  25.600000 rms  0.502  0.035% neg 0  invalid 762 tFOTS 0.0000 tGradient 1.5040 tsec 1.7960
#GCMRL#  376 dt  25.600000 rms  0.502  0.037% neg 0  invalid 762 tFOTS 0.0000 tGradient 1.4380 tsec 1.7390
#GCMRL#  377 dt  25.600000 rms  0.502  0.046% neg 0  invalid 762 tFOTS 0.0000 tGradient 1.3860 tsec 1.6730
#GCMRL#  378 dt  25.600000 rms  0.502 -0.018% neg 0  invalid 762 tFOTS 0.0000 tGradient 1.5080 tsec 2.1770

#GCAMreg# pass 0 level1 3 level2 1 tsec 250.973 sigma 0.5
l_jacobian=1.00 l_label=1.00 l_log_likelihood=0.20 l_smoothness=0.12 
tol=5.00e-02, dt=5.00e-02, exp_k=20.0, momentum=0.90, levels=6, niter=500, lbl_dist=10.00, avgs=16, sigma=0.5,type=2, relabel=0, neg=no

blurring input image with Gaussian with sigma=0.500...
GCAMRegisterLevel(): init RMS 0.502084
#FOTS# QuadFit found better minimum quadopt=(dt=0.7,rms=0.501578) vs oldopt=(dt=0.5,rms=0.501589)
#GCMRL#  380 dt   0.700000 rms  0.502  0.101% neg 0  invalid 762 tFOTS 3.0510 tGradient 1.7130 tsec 5.0410
#FOTS# QuadFit found better minimum quadopt=(dt=0.175,rms=0.501566) vs oldopt=(dt=0.125,rms=0.501569)
#GCMRL#  381 dt   0.175000 rms  0.502  0.000% neg 0  invalid 762 tFOTS 2.5630 tGradient 1.4820 tsec 4.3400
#GCMRL#  382 dt   0.175000 rms  0.502  0.001% neg 0  invalid 762 tFOTS 0.0000 tGradient 1.4110 tsec 1.6820
#GCMRL#  383 dt   0.021875 rms  0.502  0.000% neg 0  invalid 762 tFOTS 0.0000 tGradient 1.4110 tsec 2.2320
#GCMRL#  384 dt   0.010937 rms  0.502  0.000% neg 0  invalid 762 tFOTS 0.0000 tGradient 1.4110 tsec 1.9890
#FOTS# QuadFit found better minimum quadopt=(dt=0.00273437,rms=0.501557) vs oldopt=(dt=0.00195312,rms=0.501557)
setting smoothness cost coefficient to 0.400

#GCAMreg# pass 0 level1 2 level2 0 tsec 0 sigma 2
l_jacobian=1.00 l_label=1.00 l_log_likelihood=0.20 l_smoothness=0.40 
tol=5.00e-02, dt=5.00e-02, exp_k=20.0, momentum=0.90, levels=6, niter=500, lbl_dist=10.00, avgs=4, sigma=2.0,type=2, relabel=0, neg=no

blurring input image with Gaussian with sigma=2.000...
GCAMRegisterLevel(): init RMS 0.541215
#FOTS# QuadFit found better minimum quadopt=(dt=0.252,rms=0.540769) vs oldopt=(dt=0.18,rms=0.540772)
#GCMRL#  386 dt   0.252000 rms  0.541  0.082% neg 0  invalid 762 tFOTS 3.6930 tGradient 1.3300 tsec 5.3010
#FOTS# QuadFit found better minimum quadopt=(dt=0.216,rms=0.540765) vs oldopt=(dt=0.18,rms=0.540765)
#GCMRL#  387 dt   0.216000 rms  0.541  0.000% neg 0  invalid 762 tFOTS 3.6720 tGradient 1.3190 tsec 5.2870
#GCMRL#  388 dt   0.216000 rms  0.541  0.000% neg 0  invalid 762 tFOTS 0.0000 tGradient 1.3760 tsec 1.6460

#GCAMreg# pass 0 level1 2 level2 1 tsec 23.232 sigma 0.5
l_jacobian=1.00 l_label=1.00 l_log_likelihood=0.20 l_smoothness=0.40 
tol=5.00e-02, dt=5.00e-02, exp_k=20.0, momentum=0.90, levels=6, niter=500, lbl_dist=10.00, avgs=4, sigma=0.5,type=2, relabel=0, neg=no

blurring input image with Gaussian with sigma=0.500...
GCAMRegisterLevel(): init RMS 0.5412
#FOTS# QuadFit found better minimum quadopt=(dt=2.02667,rms=0.540477) vs oldopt=(dt=2.88,rms=0.540544)
#GCMRL#  390 dt   2.026667 rms  0.540  0.134% neg 0  invalid 762 tFOTS 3.8400 tGradient 1.3810 tsec 5.5080
#FOTS# QuadFit found better minimum quadopt=(dt=0.576,rms=0.540462) vs oldopt=(dt=0.72,rms=0.540463)
#GCMRL#  391 dt   0.576000 rms  0.540  0.000% neg 0  invalid 762 tFOTS 3.8060 tGradient 1.3750 tsec 5.4810
setting smoothness cost coefficient to 1.000

#GCAMreg# pass 0 level1 1 level2 0 tsec 0 sigma 2
l_jacobian=1.00 l_label=1.00 l_log_likelihood=0.20 l_smoothness=1.00 
tol=5.00e-02, dt=5.00e-02, exp_k=20.0, momentum=0.90, levels=6, niter=500, lbl_dist=10.00, avgs=1, sigma=2.0,type=2, relabel=0, neg=no

blurring input image with Gaussian with sigma=2.000...
GCAMRegisterLevel(): init RMS 0.60791
#FOTS# QuadFit found better minimum quadopt=(dt=2.58824,rms=0.594993) vs oldopt=(dt=1.28,rms=0.598574)
#GCMRL#  393 dt   2.588235 rms  0.595  2.125% neg 0  invalid 762 tFOTS 3.5160 tGradient 1.2620 tsec 5.0600
#FOTS# QuadFit found better minimum quadopt=(dt=1.792,rms=0.593149) vs oldopt=(dt=1.28,rms=0.593345)
#GCMRL#  394 dt   1.792000 rms  0.593  0.310% neg 0  invalid 762 tFOTS 3.6060 tGradient 1.2220 tsec 5.1770
#GCMRL#  395 dt   1.280000 rms  0.593  0.065% neg 0  invalid 762 tFOTS 3.5600 tGradient 1.2140 tsec 5.0580
#FOTS# QuadFit found better minimum quadopt=(dt=0.448,rms=0.592688) vs oldopt=(dt=0.32,rms=0.592703)
#GCMRL#  396 dt   0.448000 rms  0.593  0.000% neg 0  invalid 762 tFOTS 3.5830 tGradient 1.3920 tsec 5.2810
#GCMRL#  397 dt   0.448000 rms  0.593  0.006% neg 0  invalid 762 tFOTS 0.0000 tGradient 1.1660 tsec 1.4380

#GCAMreg# pass 0 level1 1 level2 1 tsec 32.889 sigma 0.5
l_jacobian=1.00 l_label=1.00 l_log_likelihood=0.20 l_smoothness=1.00 
tol=5.00e-02, dt=5.00e-02, exp_k=20.0, momentum=0.90, levels=6, niter=500, lbl_dist=10.00, avgs=1, sigma=0.5,type=2, relabel=0, neg=no

blurring input image with Gaussian with sigma=0.500...
GCAMRegisterLevel(): init RMS 0.593059
#FOTS# QuadFit found better minimum quadopt=(dt=1.91176,rms=0.591014) vs oldopt=(dt=1.28,rms=0.591391)
#GCMRL#  399 dt   1.911765 rms  0.591  0.345% neg 0  invalid 762 tFOTS 3.4380 tGradient 1.2040 tsec 4.9290
#FOTS# QuadFit found better minimum quadopt=(dt=1.792,rms=0.590418) vs oldopt=(dt=1.28,rms=0.590515)
#GCMRL#  400 dt   1.792000 rms  0.590  0.101% neg 0  invalid 762 tFOTS 3.5800 tGradient 1.2100 tsec 5.0710
#FOTS# QuadFit found better minimum quadopt=(dt=1.536,rms=0.590262) vs oldopt=(dt=1.28,rms=0.590267)
#GCMRL#  401 dt   1.536000 rms  0.590  0.000% neg 0  invalid 762 tFOTS 3.5470 tGradient 1.1940 tsec 5.0410
resetting metric properties...
setting smoothness cost coefficient to 2.000

#GCAMreg# pass 0 level1 0 level2 0 tsec 0 sigma 2
l_jacobian=1.00 l_label=1.00 l_log_likelihood=0.20 l_smoothness=2.00 
tol=5.00e-02, dt=5.00e-02, exp_k=20.0, momentum=0.90, levels=6, niter=500, lbl_dist=10.00, avgs=0, sigma=2.0,type=2, relabel=0, neg=no

blurring input image with Gaussian with sigma=2.000...
GCAMRegisterLevel(): init RMS 0.554037
#FOTS# QuadFit found better minimum quadopt=(dt=1.536,rms=0.518796) vs oldopt=(dt=1.28,rms=0.522952)
#GCMRL#  403 dt   1.536000 rms  0.519  6.361% neg 0  invalid 762 tFOTS 3.5100 tGradient 0.7260 tsec 4.5160
#GCMRL#  404 dt   0.050000 rms  0.519  0.000% neg 0  invalid 762 tFOTS 3.1930 tGradient 0.7010 tsec 4.1970

#GCAMreg# pass 0 level1 0 level2 1 tsec 19.13 sigma 0.5
l_jacobian=1.00 l_label=1.00 l_log_likelihood=0.20 l_smoothness=2.00 
tol=5.00e-02, dt=5.00e-02, exp_k=20.0, momentum=0.90, levels=6, niter=500, lbl_dist=10.00, avgs=0, sigma=0.5,type=2, relabel=0, neg=no

blurring input image with Gaussian with sigma=0.500...
GCAMRegisterLevel(): init RMS 0.519288
#GCMRL#  406 dt   0.000000 rms  0.519  0.104% neg 0  invalid 762 tFOTS 3.2230 tGradient 0.8480 tsec 4.3540
#GCMRL#  407 dt   0.050000 rms  0.519  0.000% neg 0  invalid 762 tFOTS 3.1650 tGradient 0.7200 tsec 4.3660
GCAMregister done in 20.1252 min
********************* ALLOWING NEGATIVE NODES IN DEFORMATION********************************
noneg post
Starting GCAMregister()
label assignment complete, 0 changed (0.00%)
npasses = 1, nlevels = 6
#pass# 1 of 1 ************************
enabling zero nodes
setting smoothness cost coefficient to 0.008

#GCAMreg# pass 0 level1 5 level2 0 tsec 0 sigma 2
l_jacobian=1.00 l_label=1.00 l_log_likelihood=0.20 l_smoothness=0.01 
tol=2.50e-01, dt=5.00e-02, exp_k=20.0, momentum=0.90, levels=6, niter=500, lbl_dist=10.00, avgs=256, sigma=2.0,type=2, relabel=0, neg=yes

blurring input image with Gaussian with sigma=2.000...
GCAMRegisterLevel(): init RMS 0.508611
#FOTS# QuadFit found better minimum quadopt=(dt=129.472,rms=0.507661) vs oldopt=(dt=92.48,rms=0.507683)
#GCMRL#  409 dt 129.472000 rms  0.508  0.187% neg 0  invalid 762 tFOTS 3.9440 tGradient 1.9990 tsec 6.2150
#FOTS# QuadFit found better minimum quadopt=(dt=443.904,rms=0.506) vs oldopt=(dt=369.92,rms=0.506024)
iter 0, gcam->neg = 1
after 0 iterations, nbhd size=0, neg = 0
#GCMRL#  410 dt 443.904000 rms  0.506  0.327% neg 0  invalid 762 tFOTS 3.9000 tGradient 2.0450 tsec 6.9050
#FOTS# QuadFit found better minimum quadopt=(dt=32.368,rms=0.505681) vs oldopt=(dt=23.12,rms=0.505729)
#GCMRL#  411 dt  32.368000 rms  0.506  0.000% neg 0  invalid 762 tFOTS 4.2350 tGradient 2.0190 tsec 6.5530
#GCMRL#  412 dt  32.368000 rms  0.506  0.008% neg 0  invalid 762 tFOTS 0.0000 tGradient 1.9000 tsec 2.1640

#GCAMreg# pass 0 level1 5 level2 1 tsec 33.625 sigma 0.5
l_jacobian=1.00 l_label=1.00 l_log_likelihood=0.20 l_smoothness=0.01 
tol=2.50e-01, dt=5.00e-02, exp_k=20.0, momentum=0.90, levels=6, niter=500, lbl_dist=10.00, avgs=256, sigma=0.5,type=2, relabel=0, neg=yes

blurring input image with Gaussian with sigma=0.500...
GCAMRegisterLevel(): init RMS 0.506189
#FOTS# QuadFit found better minimum quadopt=(dt=129.472,rms=0.50498) vs oldopt=(dt=92.48,rms=0.505111)
iter 0, gcam->neg = 1
after 0 iterations, nbhd size=0, neg = 0
#GCMRL#  414 dt 129.472000 rms  0.505  0.238% neg 0  invalid 762 tFOTS 4.1910 tGradient 2.2510 tsec 7.4070
#FOTS# QuadFit found better minimum quadopt=(dt=295.936,rms=0.504506) vs oldopt=(dt=369.92,rms=0.504513)
#GCMRL#  415 dt 295.936000 rms  0.505  0.000% neg 0  invalid 762 tFOTS 4.0210 tGradient 1.9950 tsec 6.3130
setting smoothness cost coefficient to 0.031

#GCAMreg# pass 0 level1 4 level2 0 tsec 0 sigma 2
l_jacobian=1.00 l_label=1.00 l_log_likelihood=0.20 l_smoothness=0.03 
tol=2.50e-01, dt=5.00e-02, exp_k=20.0, momentum=0.90, levels=6, niter=500, lbl_dist=10.00, avgs=64, sigma=2.0,type=2, relabel=0, neg=yes

blurring input image with Gaussian with sigma=2.000...
GCAMRegisterLevel(): init RMS 0.505211
#FOTS# QuadFit found better minimum quadopt=(dt=78.6193,rms=0.501873) vs oldopt=(dt=103.68,rms=0.502126)
iter 0, gcam->neg = 1
after 0 iterations, nbhd size=0, neg = 0
#GCMRL#  417 dt  78.619289 rms  0.502  0.661% neg 0  invalid 762 tFOTS 4.0810 tGradient 1.6690 tsec 6.7140
#FOTS# QuadFit found better minimum quadopt=(dt=70.4,rms=0.500401) vs oldopt=(dt=25.92,rms=0.500752)
#GCMRL#  418 dt  70.400000 rms  0.500  0.293% neg 0  invalid 762 tFOTS 4.1010 tGradient 1.5160 tsec 5.8900
#FOTS# QuadFit found better minimum quadopt=(dt=56.5581,rms=0.498637) vs oldopt=(dt=25.92,rms=0.49893)
iter 0, gcam->neg = 4
after 1 iterations, nbhd size=0, neg = 0
#GCMRL#  419 dt  56.558140 rms  0.499  0.352% neg 0  invalid 762 tFOTS 4.0200 tGradient 1.5090 tsec 6.8200
#FOTS# QuadFit found better minimum quadopt=(dt=36.288,rms=0.497816) vs oldopt=(dt=25.92,rms=0.497893)
#GCMRL#  420 dt  36.288000 rms  0.498  0.000% neg 0  invalid 762 tFOTS 4.0620 tGradient 1.5090 tsec 5.9240
iter 0, gcam->neg = 1
after 0 iterations, nbhd size=0, neg = 0
#GCMRL#  421 dt  36.288000 rms  0.497  0.159% neg 0  invalid 762 tFOTS 0.0000 tGradient 1.5260 tsec 2.5090
iter 0, gcam->neg = 1
after 0 iterations, nbhd size=0, neg = 0
#GCMRL#  422 dt  36.288000 rms  0.496  0.175% neg 0  invalid 762 tFOTS 0.0000 tGradient 1.5250 tsec 2.4820
iter 0, gcam->neg = 3
after 0 iterations, nbhd size=0, neg = 0
#GCMRL#  423 dt  36.288000 rms  0.495  0.180% neg 0  invalid 762 tFOTS 0.0000 tGradient 1.5990 tsec 2.6440
iter 0, gcam->neg = 5
after 0 iterations, nbhd size=0, neg = 0
#GCMRL#  424 dt  36.288000 rms  0.495  0.149% neg 0  invalid 762 tFOTS 0.0000 tGradient 1.4840 tsec 2.4330
iter 0, gcam->neg = 5
after 2 iterations, nbhd size=0, neg = 0
#GCMRL#  425 dt  36.288000 rms  0.494  0.147% neg 0  invalid 762 tFOTS 0.0000 tGradient 1.5770 tsec 3.2920
iter 0, gcam->neg = 6
after 2 iterations, nbhd size=0, neg = 0
#GCMRL#  426 dt  36.288000 rms  0.493  0.110% neg 0  invalid 762 tFOTS 0.0000 tGradient 1.6490 tsec 3.2600
iter 0, gcam->neg = 11
after 1 iterations, nbhd size=0, neg = 0
#GCMRL#  427 dt  36.288000 rms  0.493  0.071% neg 0  invalid 762 tFOTS 0.0000 tGradient 1.5470 tsec 2.8490
#FOTS# QuadFit found better minimum quadopt=(dt=145.152,rms=0.492344) vs oldopt=(dt=103.68,rms=0.49237)
#GCMRL#  428 dt 145.152000 rms  0.492  0.114% neg 0  invalid 762 tFOTS 3.7970 tGradient 1.5640 tsec 5.6350
#FOTS# QuadFit found better minimum quadopt=(dt=36.288,rms=0.491663) vs oldopt=(dt=25.92,rms=0.491792)
#GCMRL#  429 dt  36.288000 rms  0.492  0.138% neg 0  invalid 762 tFOTS 3.8650 tGradient 1.5200 tsec 5.6560
#FOTS# QuadFit found better minimum quadopt=(dt=497.664,rms=0.49057) vs oldopt=(dt=414.72,rms=0.49058)
iter 0, gcam->neg = 8
after 2 iterations, nbhd size=0, neg = 0
#GCMRL#  430 dt 497.664000 rms  0.491  0.222% neg 0  invalid 762 tFOTS 3.8070 tGradient 1.5770 tsec 7.0060
#FOTS# QuadFit found better minimum quadopt=(dt=36.288,rms=0.489777) vs oldopt=(dt=25.92,rms=0.489905)
iter 0, gcam->neg = 1
after 0 iterations, nbhd size=0, neg = 0
#GCMRL#  431 dt  36.288000 rms  0.490  0.000% neg 0  invalid 762 tFOTS 4.0620 tGradient 1.5580 tsec 6.6210
iter 0, gcam->neg = 1
after 1 iterations, nbhd size=0, neg = 0
#GCMRL#  432 dt  36.288000 rms  0.490  0.045% neg 0  invalid 762 tFOTS 0.0000 tGradient 1.8540 tsec 3.1310
iter 0, gcam->neg = 1
after 0 iterations, nbhd size=0, neg = 0
#GCMRL#  433 dt  36.288000 rms  0.489  0.032% neg 0  invalid 762 tFOTS 0.0000 tGradient 1.6110 tsec 2.5580
iter 0, gcam->neg = 9
after 8 iterations, nbhd size=1, neg = 0

#GCAMreg# pass 0 level1 4 level2 1 tsec 89.943 sigma 0.5
l_jacobian=1.00 l_label=1.00 l_log_likelihood=0.20 l_smoothness=0.03 
tol=2.50e-01, dt=5.00e-02, exp_k=20.0, momentum=0.90, levels=6, niter=500, lbl_dist=10.00, avgs=64, sigma=0.5,type=2, relabel=0, neg=yes

blurring input image with Gaussian with sigma=0.500...
GCAMRegisterLevel(): init RMS 0.489793
#FOTS# QuadFit found better minimum quadopt=(dt=145.152,rms=0.487168) vs oldopt=(dt=103.68,rms=0.487361)
iter 0, gcam->neg = 2
after 1 iterations, nbhd size=0, neg = 0
#GCMRL#  435 dt 145.152000 rms  0.487  0.536% neg 0  invalid 762 tFOTS 4.3980 tGradient 1.6100 tsec 7.3250
#FOTS# QuadFit found better minimum quadopt=(dt=66.9669,rms=0.486522) vs oldopt=(dt=103.68,rms=0.486721)
#GCMRL#  436 dt  66.966887 rms  0.487  0.000% neg 0  invalid 762 tFOTS 4.6270 tGradient 1.5420 tsec 6.4950
#GCMRL#  437 dt  66.966887 rms  0.486  0.070% neg 0  invalid 762 tFOTS 0.0000 tGradient 1.5500 tsec 1.8420
#GCMRL#  438 dt  66.966887 rms  0.486  0.110% neg 0  invalid 762 tFOTS 0.0000 tGradient 1.6120 tsec 1.9030
#GCMRL#  439 dt  66.966887 rms  0.485  0.147% neg 0  invalid 762 tFOTS 0.0000 tGradient 1.5850 tsec 1.8950
iter 0, gcam->neg = 1
after 0 iterations, nbhd size=0, neg = 0
#GCMRL#  440 dt  66.966887 rms  0.484  0.151% neg 0  invalid 762 tFOTS 0.0000 tGradient 1.6390 tsec 2.6130
iter 0, gcam->neg = 1
after 6 iterations, nbhd size=1, neg = 0
#GCMRL#  441 dt  66.966887 rms  0.484  0.137% neg 0  invalid 762 tFOTS 0.0000 tGradient 1.5730 tsec 4.5320
iter 0, gcam->neg = 1
after 0 iterations, nbhd size=0, neg = 0
#GCMRL#  442 dt  66.966887 rms  0.483  0.133% neg 0  invalid 762 tFOTS 0.0000 tGradient 1.6140 tsec 2.5930
iter 0, gcam->neg = 5
after 1 iterations, nbhd size=0, neg = 0
#GCMRL#  443 dt  66.966887 rms  0.482  0.136% neg 0  invalid 762 tFOTS 0.0000 tGradient 1.5400 tsec 2.8750
#GCMRL#  444 dt  66.966887 rms  0.482  0.130% neg 0  invalid 762 tFOTS 0.0000 tGradient 1.6900 tsec 1.9810
#GCMRL#  445 dt  66.966887 rms  0.481  0.115% neg 0  invalid 762 tFOTS 0.0000 tGradient 1.5780 tsec 1.9040
iter 0, gcam->neg = 3
after 1 iterations, nbhd size=0, neg = 0
#GCMRL#  446 dt  66.966887 rms  0.481  0.103% neg 0  invalid 762 tFOTS 0.0000 tGradient 1.8610 tsec 3.1820
#GCMRL#  447 dt 103.680000 rms  0.480  0.000% neg 0  invalid 762 tFOTS 4.2590 tGradient 1.5400 tsec 6.1120
iter 0, gcam->neg = 1
after 1 iterations, nbhd size=0, neg = 0
setting smoothness cost coefficient to 0.118

#GCAMreg# pass 0 level1 3 level2 0 tsec 0 sigma 2
l_jacobian=1.00 l_label=1.00 l_log_likelihood=0.20 l_smoothness=0.12 
tol=2.50e-01, dt=5.00e-02, exp_k=20.0, momentum=0.90, levels=6, niter=500, lbl_dist=10.00, avgs=16, sigma=2.0,type=2, relabel=0, neg=yes

blurring input image with Gaussian with sigma=2.000...
GCAMRegisterLevel(): init RMS 0.482979
#FOTS# QuadFit found better minimum quadopt=(dt=63.4217,rms=0.477936) vs oldopt=(dt=32,rms=0.478808)
iter 0, gcam->neg = 36
after 9 iterations, nbhd size=1, neg = 0
#GCMRL#  449 dt  63.421687 rms  0.478  1.044% neg 0  invalid 762 tFOTS 4.5470 tGradient 1.3800 tsec 9.8470
#FOTS# QuadFit found better minimum quadopt=(dt=51.0588,rms=0.473147) vs oldopt=(dt=32,rms=0.473714)
iter 0, gcam->neg = 26
after 11 iterations, nbhd size=1, neg = 0
#GCMRL#  450 dt  51.058824 rms  0.473  0.991% neg 0  invalid 762 tFOTS 4.5300 tGradient 1.4080 tsec 10.5860
#FOTS# QuadFit found better minimum quadopt=(dt=28.4817,rms=0.471031) vs oldopt=(dt=32,rms=0.471104)
iter 0, gcam->neg = 14
after 3 iterations, nbhd size=0, neg = 0
#GCMRL#  451 dt  28.481675 rms  0.471  0.454% neg 0  invalid 762 tFOTS 4.5140 tGradient 1.3530 tsec 7.8390
#FOTS# QuadFit found better minimum quadopt=(dt=80,rms=0.468487) vs oldopt=(dt=32,rms=0.469077)
iter 0, gcam->neg = 37
after 13 iterations, nbhd size=1, neg = 0
#GCMRL#  452 dt  80.000000 rms  0.469  0.527% neg 0  invalid 762 tFOTS 4.5590 tGradient 1.3720 tsec 11.1720
#FOTS# QuadFit found better minimum quadopt=(dt=29.5673,rms=0.466734) vs oldopt=(dt=32,rms=0.466771)
iter 0, gcam->neg = 18
after 8 iterations, nbhd size=1, neg = 0
#GCMRL#  453 dt  29.567251 rms  0.467  0.387% neg 0  invalid 762 tFOTS 4.5310 tGradient 1.3540 tsec 9.5430
#FOTS# QuadFit found better minimum quadopt=(dt=44.8,rms=0.4654) vs oldopt=(dt=32,rms=0.465503)
iter 0, gcam->neg = 20
after 12 iterations, nbhd size=1, neg = 0
#GCMRL#  454 dt  44.800000 rms  0.465  0.275% neg 0  invalid 762 tFOTS 4.5130 tGradient 1.3860 tsec 10.9480
iter 0, gcam->neg = 11
after 1 iterations, nbhd size=0, neg = 0
#GCMRL#  455 dt  32.000000 rms  0.465  0.000% neg 0  invalid 762 tFOTS 4.6590 tGradient 1.6840 tsec 7.7480
iter 0, gcam->neg = 8
after 1 iterations, nbhd size=0, neg = 0
#GCMRL#  456 dt  32.000000 rms  0.464  0.152% neg 0  invalid 762 tFOTS 0.0000 tGradient 1.4200 tsec 2.7290
iter 0, gcam->neg = 14
after 9 iterations, nbhd size=1, neg = 0
#GCMRL#  457 dt  32.000000 rms  0.463  0.265% neg 0  invalid 762 tFOTS 0.0000 tGradient 1.4020 tsec 5.3030
iter 0, gcam->neg = 30
after 15 iterations, nbhd size=1, neg = 0
#GCMRL#  458 dt  32.000000 rms  0.462  0.250% neg 0  invalid 762 tFOTS 0.0000 tGradient 1.4280 tsec 7.2750
iter 0, gcam->neg = 27
after 13 iterations, nbhd size=1, neg = 0
#GCMRL#  459 dt  32.000000 rms  0.460  0.365% neg 0  invalid 762 tFOTS 0.0000 tGradient 1.4050 tsec 6.6370
iter 0, gcam->neg = 41
after 18 iterations, nbhd size=1, neg = 0
#GCMRL#  460 dt  32.000000 rms  0.459  0.251% neg 0  invalid 762 tFOTS 0.0000 tGradient 1.4050 tsec 8.2290
iter 0, gcam->neg = 29
after 9 iterations, nbhd size=1, neg = 0
#GCMRL#  461 dt  32.000000 rms  0.457  0.299% neg 0  invalid 762 tFOTS 0.0000 tGradient 1.4320 tsec 5.3220
iter 0, gcam->neg = 38
after 15 iterations, nbhd size=1, neg = 0
#GCMRL#  462 dt  32.000000 rms  0.456  0.203% neg 0  invalid 762 tFOTS 0.0000 tGradient 1.4330 tsec 7.3270
iter 0, gcam->neg = 28
after 14 iterations, nbhd size=1, neg = 0
#GCMRL#  463 dt  32.000000 rms  0.455  0.250% neg 0  invalid 762 tFOTS 0.0000 tGradient 1.4310 tsec 6.9750
iter 0, gcam->neg = 25
after 16 iterations, nbhd size=1, neg = 0
#GCMRL#  464 dt  32.000000 rms  0.455  0.150% neg 0  invalid 762 tFOTS 0.0000 tGradient 1.4330 tsec 7.6730
iter 0, gcam->neg = 19
after 11 iterations, nbhd size=1, neg = 0
#GCMRL#  465 dt  32.000000 rms  0.454  0.139% neg 0  invalid 762 tFOTS 0.0000 tGradient 1.4470 tsec 6.0100
iter 0, gcam->neg = 17
after 9 iterations, nbhd size=1, neg = 0
#GCMRL#  466 dt  32.000000 rms  0.453  0.164% neg 0  invalid 762 tFOTS 0.0000 tGradient 1.4520 tsec 5.3460
iter 0, gcam->neg = 17
after 10 iterations, nbhd size=1, neg = 0
#GCMRL#  467 dt  32.000000 rms  0.452  0.161% neg 0  invalid 762 tFOTS 0.0000 tGradient 1.4090 tsec 5.6490
iter 0, gcam->neg = 18
after 14 iterations, nbhd size=1, neg = 0
#GCMRL#  468 dt  32.000000 rms  0.452  0.075% neg 0  invalid 762 tFOTS 0.0000 tGradient 1.4060 tsec 6.9150
iter 0, gcam->neg = 22
after 8 iterations, nbhd size=0, neg = 0
#GCMRL#  469 dt  32.000000 rms  0.452  0.067% neg 0  invalid 762 tFOTS 0.0000 tGradient 1.4180 tsec 4.9840
#FOTS# QuadFit found better minimum quadopt=(dt=25.6,rms=0.45129) vs oldopt=(dt=32,rms=0.451343)
iter 0, gcam->neg = 2
after 1 iterations, nbhd size=0, neg = 0
#GCMRL#  470 dt  25.600000 rms  0.451  0.119% neg 0  invalid 762 tFOTS 4.5070 tGradient 1.4110 tsec 7.2300
#FOTS# QuadFit found better minimum quadopt=(dt=9.6,rms=0.451125) vs oldopt=(dt=8,rms=0.451127)
iter 0, gcam->neg = 1
after 0 iterations, nbhd size=0, neg = 0
#GCMRL#  471 dt   9.600000 rms  0.451  0.000% neg 0  invalid 762 tFOTS 4.4530 tGradient 1.4080 tsec 6.8680
#GCMRL#  472 dt   9.600000 rms  0.451  0.014% neg 0  invalid 762 tFOTS 0.0000 tGradient 1.4090 tsec 1.6940
iter 0, gcam->neg = 3
after 0 iterations, nbhd size=0, neg = 0
#GCMRL#  473 dt   9.600000 rms  0.451  0.010% neg 0  invalid 762 tFOTS 0.0000 tGradient 1.4050 tsec 2.3720
iter 0, gcam->neg = 3
after 6 iterations, nbhd size=0, neg = 0
#GCMRL#  474 dt   9.600000 rms  0.451  0.015% neg 0  invalid 762 tFOTS 0.0000 tGradient 1.4240 tsec 4.3300
iter 0, gcam->neg = 3
after 0 iterations, nbhd size=0, neg = 0
#GCMRL#  475 dt   9.600000 rms  0.451  0.021% neg 0  invalid 762 tFOTS 0.0000 tGradient 1.4100 tsec 2.3780
iter 0, gcam->neg = 7
after 7 iterations, nbhd size=0, neg = 0

#GCAMreg# pass 0 level1 3 level2 1 tsec 192.901 sigma 0.5
l_jacobian=1.00 l_label=1.00 l_log_likelihood=0.20 l_smoothness=0.12 
tol=2.50e-01, dt=5.00e-02, exp_k=20.0, momentum=0.90, levels=6, niter=500, lbl_dist=10.00, avgs=16, sigma=0.5,type=2, relabel=0, neg=yes

blurring input image with Gaussian with sigma=0.500...
GCAMRegisterLevel(): init RMS 0.451384
#FOTS# QuadFit found better minimum quadopt=(dt=76.7123,rms=0.448356) vs oldopt=(dt=32,rms=0.448817)
iter 0, gcam->neg = 15
after 5 iterations, nbhd size=0, neg = 0
#GCMRL#  477 dt  76.712329 rms  0.448  0.671% neg 0  invalid 762 tFOTS 4.5440 tGradient 1.4080 tsec 8.5770
#FOTS# QuadFit found better minimum quadopt=(dt=25.6,rms=0.447445) vs oldopt=(dt=32,rms=0.447488)
iter 0, gcam->neg = 4
after 1 iterations, nbhd size=0, neg = 0
#GCMRL#  478 dt  25.600000 rms  0.447  0.000% neg 0  invalid 762 tFOTS 4.5310 tGradient 1.4200 tsec 7.2830
#GCMRL#  479 dt  25.600000 rms  0.447  0.050% neg 0  invalid 762 tFOTS 0.0000 tGradient 1.4100 tsec 1.6960
iter 0, gcam->neg = 3
after 2 iterations, nbhd size=0, neg = 0
#GCMRL#  480 dt  25.600000 rms  0.447  0.054% neg 0  invalid 762 tFOTS 0.0000 tGradient 1.4260 tsec 3.0460
iter 0, gcam->neg = 1
after 0 iterations, nbhd size=0, neg = 0
#GCMRL#  481 dt  25.600000 rms  0.447  0.077% neg 0  invalid 762 tFOTS 0.0000 tGradient 1.3940 tsec 2.3580
iter 0, gcam->neg = 5
after 1 iterations, nbhd size=0, neg = 0
#GCMRL#  482 dt  25.600000 rms  0.446  0.067% neg 0  invalid 762 tFOTS 0.0000 tGradient 1.4410 tsec 2.7380
iter 0, gcam->neg = 3
after 4 iterations, nbhd size=0, neg = 0
#GCMRL#  483 dt  25.600000 rms  0.446  0.046% neg 0  invalid 762 tFOTS 0.0000 tGradient 1.4350 tsec 3.7190
#FOTS# QuadFit found better minimum quadopt=(dt=25.6,rms=0.445943) vs oldopt=(dt=32,rms=0.445965)
setting smoothness cost coefficient to 0.400

#GCAMreg# pass 0 level1 2 level2 0 tsec 0 sigma 2
l_jacobian=1.00 l_label=1.00 l_log_likelihood=0.20 l_smoothness=0.40 
tol=2.50e-01, dt=5.00e-02, exp_k=20.0, momentum=0.90, levels=6, niter=500, lbl_dist=10.00, avgs=4, sigma=2.0,type=2, relabel=0, neg=yes

blurring input image with Gaussian with sigma=2.000...
GCAMRegisterLevel(): init RMS 0.461825
#FOTS# QuadFit found better minimum quadopt=(dt=0.576,rms=0.461254) vs oldopt=(dt=0.72,rms=0.461254)
#GCMRL#  485 dt   0.576000 rms  0.461  0.124% neg 0  invalid 762 tFOTS 4.6920 tGradient 1.5060 tsec 6.5090
#FOTS# QuadFit found better minimum quadopt=(dt=0.09375,rms=0.461252) vs oldopt=(dt=0.045,rms=0.461252)
#GCMRL#  486 dt   0.093750 rms  0.461  0.000% neg 0  invalid 762 tFOTS 4.6360 tGradient 1.3210 tsec 6.2920
#GCMRL#  487 dt   0.093750 rms  0.461  0.000% neg 0  invalid 762 tFOTS 0.0000 tGradient 1.3400 tsec 1.6330

#GCAMreg# pass 0 level1 2 level2 1 tsec 25.644 sigma 0.5
l_jacobian=1.00 l_label=1.00 l_log_likelihood=0.20 l_smoothness=0.40 
tol=2.50e-01, dt=5.00e-02, exp_k=20.0, momentum=0.90, levels=6, niter=500, lbl_dist=10.00, avgs=4, sigma=0.5,type=2, relabel=0, neg=yes

blurring input image with Gaussian with sigma=0.500...
GCAMRegisterLevel(): init RMS 0.46181
#FOTS# QuadFit found better minimum quadopt=(dt=1.875,rms=0.461135) vs oldopt=(dt=2.88,rms=0.461163)
#GCMRL#  489 dt   1.875000 rms  0.461  0.146% neg 0  invalid 762 tFOTS 4.6490 tGradient 1.3390 tsec 6.2970
#FOTS# QuadFit found better minimum quadopt=(dt=0.576,rms=0.461119) vs oldopt=(dt=0.72,rms=0.461119)
#GCMRL#  490 dt   0.576000 rms  0.461  0.000% neg 0  invalid 762 tFOTS 4.6400 tGradient 1.3570 tsec 6.3280
#GCMRL#  491 dt   0.576000 rms  0.461  0.000% neg 0  invalid 762 tFOTS 0.0000 tGradient 1.3170 tsec 1.6120
setting smoothness cost coefficient to 1.000

#GCAMreg# pass 0 level1 1 level2 0 tsec 0 sigma 2
l_jacobian=1.00 l_label=1.00 l_log_likelihood=0.20 l_smoothness=1.00 
tol=2.50e-01, dt=5.00e-02, exp_k=20.0, momentum=0.90, levels=6, niter=500, lbl_dist=10.00, avgs=1, sigma=2.0,type=2, relabel=0, neg=yes

blurring input image with Gaussian with sigma=2.000...
GCAMRegisterLevel(): init RMS 0.488708
iter 0, gcam->neg = 1
after 0 iterations, nbhd size=0, neg = 0
#GCMRL#  493 dt   1.280000 rms  0.486  0.498% neg 0  invalid 762 tFOTS 4.6460 tGradient 1.1970 tsec 6.8420
#FOTS# QuadFit found better minimum quadopt=(dt=0.256,rms=0.48622) vs oldopt=(dt=0.32,rms=0.486222)
#GCMRL#  494 dt   0.256000 rms  0.486  0.000% neg 0  invalid 762 tFOTS 4.6970 tGradient 1.1900 tsec 6.2160

#GCAMreg# pass 0 level1 1 level2 1 tsec 24.057 sigma 0.5
l_jacobian=1.00 l_label=1.00 l_log_likelihood=0.20 l_smoothness=1.00 
tol=2.50e-01, dt=5.00e-02, exp_k=20.0, momentum=0.90, levels=6, niter=500, lbl_dist=10.00, avgs=1, sigma=0.5,type=2, relabel=0, neg=yes

blurring input image with Gaussian with sigma=0.500...
GCAMRegisterLevel(): init RMS 0.48675
#FOTS# QuadFit found better minimum quadopt=(dt=0.448,rms=0.4859) vs oldopt=(dt=0.32,rms=0.485966)
#GCMRL#  496 dt   0.448000 rms  0.486  0.175% neg 0  invalid 762 tFOTS 4.6010 tGradient 1.1810 tsec 6.0840
#FOTS# QuadFit found better minimum quadopt=(dt=0.448,rms=0.485769) vs oldopt=(dt=0.32,rms=0.485781)
#GCMRL#  497 dt   0.448000 rms  0.486  0.000% neg 0  invalid 762 tFOTS 4.6010 tGradient 1.1510 tsec 6.0750
resetting metric properties...
setting smoothness cost coefficient to 2.000

#GCAMreg# pass 0 level1 0 level2 0 tsec 0 sigma 2
l_jacobian=1.00 l_label=1.00 l_log_likelihood=0.20 l_smoothness=2.00 
tol=2.50e-01, dt=5.00e-02, exp_k=20.0, momentum=0.90, levels=6, niter=500, lbl_dist=10.00, avgs=0, sigma=2.0,type=2, relabel=0, neg=yes

blurring input image with Gaussian with sigma=2.000...
GCAMRegisterLevel(): init RMS 0.458145
#FOTS# QuadFit found better minimum quadopt=(dt=1.97558,rms=0.435307) vs oldopt=(dt=1.28,rms=0.438289)
iter 0, gcam->neg = 699
after 14 iterations, nbhd size=1, neg = 0
#GCMRL#  499 dt   1.975578 rms  0.436  4.855% neg 0  invalid 762 tFOTS 4.5460 tGradient 0.6460 tsec 10.7770
#FOTS# QuadFit found better minimum quadopt=(dt=0.048,rms=0.435798) vs oldopt=(dt=0.08,rms=0.435815)
#GCMRL#  500 dt   0.048000 rms  0.436  0.000% neg 0  invalid 762 tFOTS 4.5970 tGradient 0.7020 tsec 5.6230

#GCAMreg# pass 0 level1 0 level2 1 tsec 26.891 sigma 0.5
l_jacobian=1.00 l_label=1.00 l_log_likelihood=0.20 l_smoothness=2.00 
tol=2.50e-01, dt=5.00e-02, exp_k=20.0, momentum=0.90, levels=6, niter=500, lbl_dist=10.00, avgs=0, sigma=0.5,type=2, relabel=0, neg=yes

blurring input image with Gaussian with sigma=0.500...
GCAMRegisterLevel(): init RMS 0.436414
#FOTS# QuadFit found better minimum quadopt=(dt=0.064,rms=0.435657) vs oldopt=(dt=0.08,rms=0.435659)
#GCMRL#  502 dt   0.064000 rms  0.436  0.173% neg 0  invalid 762 tFOTS 4.5940 tGradient 0.6880 tsec 5.5840
#FOTS# QuadFit found better minimum quadopt=(dt=0.007,rms=0.435635) vs oldopt=(dt=0.005,rms=0.435635)
#GCMRL#  503 dt   0.007000 rms  0.436  0.000% neg 0  invalid 762 tFOTS 4.5960 tGradient 0.6770 tsec 5.5970
label assignment complete, 0 changed (0.00%)
GCAMregister done in 9.05733 min
Starting GCAMcomputeMaxPriorLabels()
Morphing with label term set to 0 *******************************
Starting GCAMregister()
label assignment complete, 0 changed (0.00%)
npasses = 1, nlevels = 6
#pass# 1 of 1 ************************
enabling zero nodes
setting smoothness cost coefficient to 0.008

#GCAMreg# pass 0 level1 5 level2 0 tsec 0 sigma 2
l_jacobian=1.00 l_log_likelihood=0.20 l_smoothness=0.01 
tol=2.50e-01, dt=5.00e-02, exp_k=20.0, momentum=0.90, levels=6, niter=500, lbl_dist=10.00, avgs=256, sigma=2.0,type=2, relabel=0, neg=yes

blurring input image with Gaussian with sigma=2.000...
GCAMRegisterLevel(): init RMS 0.424308

#GCAMreg# pass 0 level1 5 level2 1 tsec 15.196 sigma 0.5
l_jacobian=1.00 l_log_likelihood=0.20 l_smoothness=0.01 
tol=2.50e-01, dt=5.00e-02, exp_k=20.0, momentum=0.90, levels=6, niter=500, lbl_dist=10.00, avgs=256, sigma=0.5,type=2, relabel=0, neg=yes

blurring input image with Gaussian with sigma=0.500...
GCAMRegisterLevel(): init RMS 0.424308
#GCMRL#  506 dt  92.480000 rms  0.424  0.009% neg 0  invalid 762 tFOTS 3.9940 tGradient 1.5000 tsec 5.7730
#GCMRL#  507 dt 369.920000 rms  0.424  0.019% neg 0  invalid 762 tFOTS 3.9250 tGradient 1.5080 tsec 5.7170
#FOTS# QuadFit found better minimum quadopt=(dt=129.472,rms=0.424157) vs oldopt=(dt=92.48,rms=0.42416)
#GCMRL#  508 dt 129.472000 rms  0.424  0.000% neg 0  invalid 762 tFOTS 3.9220 tGradient 1.5180 tsec 5.7390
setting smoothness cost coefficient to 0.031

#GCAMreg# pass 0 level1 4 level2 0 tsec 0 sigma 2
l_jacobian=1.00 l_log_likelihood=0.20 l_smoothness=0.03 
tol=2.50e-01, dt=5.00e-02, exp_k=20.0, momentum=0.90, levels=6, niter=500, lbl_dist=10.00, avgs=64, sigma=2.0,type=2, relabel=0, neg=yes

blurring input image with Gaussian with sigma=2.000...
GCAMRegisterLevel(): init RMS 0.424297
#FOTS# QuadFit found better minimum quadopt=(dt=9.072,rms=0.424283) vs oldopt=(dt=6.48,rms=0.424285)
#GCMRL#  510 dt   9.072000 rms  0.424  0.003% neg 0  invalid 762 tFOTS 4.2020 tGradient 1.2280 tsec 5.7220
#FOTS# QuadFit found better minimum quadopt=(dt=2.268,rms=0.424282) vs oldopt=(dt=1.62,rms=0.424282)
#GCMRL#  511 dt   2.268000 rms  0.424  0.000% neg 0  invalid 762 tFOTS 4.2170 tGradient 1.1630 tsec 5.6880
#GCMRL#  512 dt   2.268000 rms  0.424  0.000% neg 0  invalid 762 tFOTS 0.0000 tGradient 1.1630 tsec 1.4360

#GCAMreg# pass 0 level1 4 level2 1 tsec 23.673 sigma 0.5
l_jacobian=1.00 l_log_likelihood=0.20 l_smoothness=0.03 
tol=2.50e-01, dt=5.00e-02, exp_k=20.0, momentum=0.90, levels=6, niter=500, lbl_dist=10.00, avgs=64, sigma=0.5,type=2, relabel=0, neg=yes

blurring input image with Gaussian with sigma=0.500...
GCAMRegisterLevel(): init RMS 0.424281
#FOTS# QuadFit found better minimum quadopt=(dt=145.152,rms=0.423714) vs oldopt=(dt=103.68,rms=0.423784)
#GCMRL#  514 dt 145.152000 rms  0.424  0.134% neg 0  invalid 762 tFOTS 3.9400 tGradient 1.1550 tsec 5.3800
#FOTS# QuadFit found better minimum quadopt=(dt=82.944,rms=0.423514) vs oldopt=(dt=103.68,rms=0.423531)
#GCMRL#  515 dt  82.944000 rms  0.424  0.000% neg 0  invalid 762 tFOTS 3.9370 tGradient 1.1410 tsec 5.3850
#GCMRL#  516 dt  82.944000 rms  0.423  0.047% neg 0  invalid 762 tFOTS 0.0000 tGradient 1.1560 tsec 1.4240
#GCMRL#  517 dt  82.944000 rms  0.423  0.052% neg 0  invalid 762 tFOTS 0.0000 tGradient 1.1430 tsec 1.4110
#GCMRL#  518 dt  82.944000 rms  0.423  0.045% neg 0  invalid 762 tFOTS 0.0000 tGradient 1.1580 tsec 1.4260
iter 0, gcam->neg = 1
after 0 iterations, nbhd size=0, neg = 0
setting smoothness cost coefficient to 0.118

#GCAMreg# pass 0 level1 3 level2 0 tsec 0 sigma 2
l_jacobian=1.00 l_log_likelihood=0.20 l_smoothness=0.12 
tol=2.50e-01, dt=5.00e-02, exp_k=20.0, momentum=0.90, levels=6, niter=500, lbl_dist=10.00, avgs=16, sigma=2.0,type=2, relabel=0, neg=yes

blurring input image with Gaussian with sigma=2.000...
GCAMRegisterLevel(): init RMS 0.423348
iter 0, gcam->neg = 2
after 8 iterations, nbhd size=1, neg = 0
#GCMRL#  520 dt  32.000000 rms  0.422  0.251% neg 0  invalid 762 tFOTS 4.3900 tGradient 1.0020 tsec 9.0270
#FOTS# QuadFit found better minimum quadopt=(dt=44.8,rms=0.420975) vs oldopt=(dt=32,rms=0.421236)
iter 0, gcam->neg = 23
after 10 iterations, nbhd size=1, neg = 0
#GCMRL#  521 dt  44.800000 rms  0.421  0.285% neg 0  invalid 762 tFOTS 4.2580 tGradient 0.9570 tsec 9.5140
#FOTS# QuadFit found better minimum quadopt=(dt=102.4,rms=0.420161) vs oldopt=(dt=128,rms=0.420306)
iter 0, gcam->neg = 78
after 16 iterations, nbhd size=1, neg = 0
#GCMRL#  522 dt 102.400000 rms  0.421  0.000% neg 0  invalid 762 tFOTS 4.0280 tGradient 1.0020 tsec 11.3960
iter 0, gcam->neg = 65
after 14 iterations, nbhd size=1, neg = 0
#GCMRL#  523 dt 102.400000 rms  0.420  0.075% neg 0  invalid 762 tFOTS 0.0000 tGradient 0.9730 tsec 6.6060
iter 0, gcam->neg = 175
after 15 iterations, nbhd size=1, neg = 0

#GCAMreg# pass 0 level1 3 level2 1 tsec 52.915 sigma 0.5
l_jacobian=1.00 l_log_likelihood=0.20 l_smoothness=0.12 
tol=2.50e-01, dt=5.00e-02, exp_k=20.0, momentum=0.90, levels=6, niter=500, lbl_dist=10.00, avgs=16, sigma=0.5,type=2, relabel=0, neg=yes

blurring input image with Gaussian with sigma=0.500...
GCAMRegisterLevel(): init RMS 0.420258
#FOTS# QuadFit found better minimum quadopt=(dt=38.4,rms=0.417224) vs oldopt=(dt=32,rms=0.417281)
iter 0, gcam->neg = 14
after 13 iterations, nbhd size=1, neg = 0
#GCMRL#  525 dt  38.400000 rms  0.417  0.706% neg 0  invalid 762 tFOTS 4.2430 tGradient 0.9580 tsec 10.5110
#FOTS# QuadFit found better minimum quadopt=(dt=38.4,rms=0.416091) vs oldopt=(dt=32,rms=0.416145)
iter 0, gcam->neg = 4
after 1 iterations, nbhd size=0, neg = 0
#GCMRL#  526 dt  38.400000 rms  0.416  0.288% neg 0  invalid 762 tFOTS 4.3320 tGradient 0.9480 tsec 6.6110
#FOTS# QuadFit found better minimum quadopt=(dt=44.8,rms=0.415381) vs oldopt=(dt=32,rms=0.415445)
iter 0, gcam->neg = 3
after 3 iterations, nbhd size=0, neg = 0
#GCMRL#  527 dt  44.800000 rms  0.415  0.000% neg 0  invalid 762 tFOTS 4.2870 tGradient 0.9490 tsec 7.2280
iter 0, gcam->neg = 7
after 3 iterations, nbhd size=0, neg = 0
#GCMRL#  528 dt  44.800000 rms  0.415  0.131% neg 0  invalid 762 tFOTS 0.0000 tGradient 0.9470 tsec 2.9290
iter 0, gcam->neg = 15
after 14 iterations, nbhd size=1, neg = 0
#GCMRL#  529 dt  44.800000 rms  0.414  0.205% neg 0  invalid 762 tFOTS 0.0000 tGradient 0.9680 tsec 6.5730
iter 0, gcam->neg = 19
after 13 iterations, nbhd size=1, neg = 0
#GCMRL#  530 dt  44.800000 rms  0.413  0.151% neg 0  invalid 762 tFOTS 0.0000 tGradient 0.9700 tsec 6.2660
iter 0, gcam->neg = 31
after 14 iterations, nbhd size=1, neg = 0
#GCMRL#  531 dt  44.800000 rms  0.413  0.196% neg 0  invalid 762 tFOTS 0.0000 tGradient 0.9470 tsec 6.5520
iter 0, gcam->neg = 44
after 13 iterations, nbhd size=1, neg = 0
#GCMRL#  532 dt  44.800000 rms  0.412  0.124% neg 0  invalid 762 tFOTS 0.0000 tGradient 0.9560 tsec 6.2900
iter 0, gcam->neg = 55
after 12 iterations, nbhd size=1, neg = 0
#GCMRL#  533 dt  44.800000 rms  0.411  0.140% neg 0  invalid 762 tFOTS 0.0000 tGradient 0.9460 tsec 5.8970
iter 0, gcam->neg = 58
after 17 iterations, nbhd size=1, neg = 0
#GCMRL#  534 dt  44.800000 rms  0.411  0.068% neg 0  invalid 762 tFOTS 0.0000 tGradient 0.9610 tsec 7.4810
iter 0, gcam->neg = 57
after 23 iterations, nbhd size=1, neg = 0
#GCMRL#  535 dt  44.800000 rms  0.411  0.114% neg 0  invalid 762 tFOTS 0.0000 tGradient 0.9560 tsec 9.3680
iter 0, gcam->neg = 42
after 16 iterations, nbhd size=1, neg = 0
#GCMRL#  536 dt  44.800000 rms  0.410  0.081% neg 0  invalid 762 tFOTS 0.0000 tGradient 0.9510 tsec 7.1410
iter 0, gcam->neg = 2
after 0 iterations, nbhd size=0, neg = 0
#GCMRL#  537 dt  32.000000 rms  0.410  0.000% neg 0  invalid 762 tFOTS 4.3510 tGradient 0.9500 tsec 6.2980
iter 0, gcam->neg = 6
after 4 iterations, nbhd size=0, neg = 0
#GCMRL#  538 dt  32.000000 rms  0.410  0.032% neg 0  invalid 762 tFOTS 0.0000 tGradient 0.9580 tsec 3.2160
iter 0, gcam->neg = 8
after 14 iterations, nbhd size=1, neg = 0
#GCMRL#  539 dt  32.000000 rms  0.410  0.016% neg 0  invalid 762 tFOTS 0.0000 tGradient 0.9540 tsec 6.4640
iter 0, gcam->neg = 12
after 4 iterations, nbhd size=0, neg = 0
#GCMRL#  540 dt  32.000000 rms  0.410  0.021% neg 0  invalid 762 tFOTS 0.0000 tGradient 0.9750 tsec 3.2240
iter 0, gcam->neg = 11
after 6 iterations, nbhd size=0, neg = 0
setting smoothness cost coefficient to 0.400

#GCAMreg# pass 0 level1 2 level2 0 tsec 0 sigma 2
l_jacobian=1.00 l_log_likelihood=0.20 l_smoothness=0.40 
tol=2.50e-01, dt=5.00e-02, exp_k=20.0, momentum=0.90, levels=6, niter=500, lbl_dist=10.00, avgs=4, sigma=2.0,type=2, relabel=0, neg=yes

blurring input image with Gaussian with sigma=2.000...
GCAMRegisterLevel(): init RMS 0.415911
#FOTS# QuadFit found better minimum quadopt=(dt=1.25,rms=0.415875) vs oldopt=(dt=0.72,rms=0.415884)
iter 0, gcam->neg = 1
after 3 iterations, nbhd size=0, neg = 0
#GCMRL#  542 dt   1.250000 rms  0.416  0.009% neg 0  invalid 762 tFOTS 4.3580 tGradient 0.8640 tsec 7.1650
#FOTS# QuadFit found better minimum quadopt=(dt=0.576,rms=0.415867) vs oldopt=(dt=0.72,rms=0.415867)
#GCMRL#  543 dt   0.576000 rms  0.416  0.000% neg 0  invalid 762 tFOTS 4.3600 tGradient 0.8520 tsec 5.5220

#GCAMreg# pass 0 level1 2 level2 1 tsec 23.262 sigma 0.5
l_jacobian=1.00 l_log_likelihood=0.20 l_smoothness=0.40 
tol=2.50e-01, dt=5.00e-02, exp_k=20.0, momentum=0.90, levels=6, niter=500, lbl_dist=10.00, avgs=4, sigma=0.5,type=2, relabel=0, neg=yes

blurring input image with Gaussian with sigma=0.500...
GCAMRegisterLevel(): init RMS 0.415867
#FOTS# QuadFit found better minimum quadopt=(dt=4.032,rms=0.415727) vs oldopt=(dt=2.88,rms=0.415735)
iter 0, gcam->neg = 1
after 0 iterations, nbhd size=0, neg = 0
#GCMRL#  545 dt   4.032000 rms  0.416  0.034% neg 0  invalid 762 tFOTS 4.4500 tGradient 0.8480 tsec 6.2750
#FOTS# QuadFit found better minimum quadopt=(dt=3.14286,rms=0.415675) vs oldopt=(dt=2.88,rms=0.415675)
iter 0, gcam->neg = 3
after 1 iterations, nbhd size=0, neg = 0
#GCMRL#  546 dt   3.142857 rms  0.416  0.000% neg 0  invalid 762 tFOTS 4.3380 tGradient 0.8420 tsec 6.4890
#GCMRL#  547 dt   3.142857 rms  0.416  0.005% neg 0  invalid 762 tFOTS 0.0000 tGradient 0.8290 tsec 1.1010
iter 0, gcam->neg = 8
after 4 iterations, nbhd size=0, neg = 0
setting smoothness cost coefficient to 1.000

#GCAMreg# pass 0 level1 1 level2 0 tsec 0 sigma 2
l_jacobian=1.00 l_log_likelihood=0.20 l_smoothness=1.00 
tol=2.50e-01, dt=5.00e-02, exp_k=20.0, momentum=0.90, levels=6, niter=500, lbl_dist=10.00, avgs=1, sigma=2.0,type=2, relabel=0, neg=yes

blurring input image with Gaussian with sigma=2.000...
GCAMRegisterLevel(): init RMS 0.425164

#GCAMreg# pass 0 level1 1 level2 1 tsec 14.399 sigma 0.5
l_jacobian=1.00 l_log_likelihood=0.20 l_smoothness=1.00 
tol=2.50e-01, dt=5.00e-02, exp_k=20.0, momentum=0.90, levels=6, niter=500, lbl_dist=10.00, avgs=1, sigma=0.5,type=2, relabel=0, neg=yes

blurring input image with Gaussian with sigma=0.500...
GCAMRegisterLevel(): init RMS 0.425164
resetting metric properties...
setting smoothness cost coefficient to 2.000

#GCAMreg# pass 0 level1 0 level2 0 tsec 0 sigma 2
l_jacobian=1.00 l_log_likelihood=0.20 l_smoothness=2.00 
tol=2.50e-01, dt=5.00e-02, exp_k=20.0, momentum=0.90, levels=6, niter=500, lbl_dist=10.00, avgs=0, sigma=2.0,type=2, relabel=0, neg=yes

blurring input image with Gaussian with sigma=2.000...
GCAMRegisterLevel(): init RMS 0.409195
#FOTS# QuadFit found better minimum quadopt=(dt=0.96549,rms=0.402253) vs oldopt=(dt=1.28,rms=0.403069)
iter 0, gcam->neg = 472
after 20 iterations, nbhd size=1, neg = 0
#GCMRL#  551 dt   0.965490 rms  0.403  1.570% neg 0  invalid 762 tFOTS 4.1330 tGradient 0.2980 tsec 11.8570
#FOTS# QuadFit found better minimum quadopt=(dt=0.007,rms=0.402769) vs oldopt=(dt=0.005,rms=0.40277)
#GCMRL#  552 dt   0.007000 rms  0.403  0.000% neg 0  invalid 762 tFOTS 4.1680 tGradient 0.3110 tsec 4.7810
#GCMRL#  553 dt   0.007000 rms  0.403  0.000% neg 0  invalid 762 tFOTS 0.0000 tGradient 0.3250 tsec 0.5870

#GCAMreg# pass 0 level1 0 level2 1 tsec 27.222 sigma 0.5
l_jacobian=1.00 l_log_likelihood=0.20 l_smoothness=2.00 
tol=2.50e-01, dt=5.00e-02, exp_k=20.0, momentum=0.90, levels=6, niter=500, lbl_dist=10.00, avgs=0, sigma=0.5,type=2, relabel=0, neg=yes

blurring input image with Gaussian with sigma=0.500...
GCAMRegisterLevel(): init RMS 0.402769
#FOTS# QuadFit found better minimum quadopt=(dt=0.112,rms=0.402437) vs oldopt=(dt=0.08,rms=0.402499)
#GCMRL#  555 dt   0.112000 rms  0.402  0.082% neg 0  invalid 762 tFOTS 4.1130 tGradient 0.3250 tsec 4.7100
#FOTS# QuadFit found better minimum quadopt=(dt=0.192,rms=0.402133) vs oldopt=(dt=0.32,rms=0.40219)
#GCMRL#  556 dt   0.192000 rms  0.402  0.000% neg 0  invalid 762 tFOTS 4.1760 tGradient 0.3140 tsec 4.8090
#GCMRL#  557 dt   0.192000 rms  0.402  0.082% neg 0  invalid 762 tFOTS 0.0000 tGradient 0.3180 tsec 0.5890
#GCMRL#  558 dt   0.192000 rms  0.402  0.065% neg 0  invalid 762 tFOTS 0.0000 tGradient 0.3060 tsec 0.5770
iter 0, gcam->neg = 46
after 2 iterations, nbhd size=0, neg = 0
GCAMregister done in 5.69212 min
writing output transformation to transforms/talairach.m3z...
GCAMwrite
Calls to gcamLogLikelihoodEnergy 4325 tmin = 1.89012
Calls to gcamLabelEnergy         3757 tmin = 1.16168
Calls to gcamJacobianEnergy      4325 tmin = 0.839417
Calls to gcamSmoothnessEnergy    4325 tmin = 4.87858
Calls to gcamLogLikelihoodTerm 560 tmin = 0.669367
Calls to gcamLabelTerm         505 tmin = 4.38118
Calls to gcamJacobianTerm      560 tmin = 0.960467
Calls to gcamSmoothnessTerm    560 tmin = 0.399717
Calls to gcamComputeGradient    560 tmin = 15.8416
Calls to gcamComputeMetricProperties    6449 tmin = 2.17245
mri_ca_register took 0 hours, 45 minutes and 15 seconds.
#VMPC# mri_ca_register VmPeak  3974652
FSRUNTIME@ mri_ca_register  0.7540 hours 16 threads
#--------------------------------------
#@# SubCort Seg Mon Mar  9 10:33:08 CET 2026

 mri_ca_label -relabel_unlikely 9 .3 -prior 0.5 -align norm.mgz transforms/talairach.m3z /opt/freesurfer/average/RB_all_2020-01-02.gca aseg.auto_noCCseg.mgz 

sysname  Linux
hostname dna058
machine  x86_64

setenv SUBJECTS_DIR /out/sourcedata/freesurfer
cd /out/sourcedata/freesurfer/sub-v1s21x0050390_ses-1/mri
mri_ca_label -relabel_unlikely 9 .3 -prior 0.5 -align norm.mgz transforms/talairach.m3z /opt/freesurfer/average/RB_all_2020-01-02.gca aseg.auto_noCCseg.mgz 

relabeling unlikely voxels with window_size = 9 and prior threshold 0.30
using Gibbs prior factor = 0.500
renormalizing sequences with structure alignment, equivalent to:
	-renormalize
	-renormalize_mean 0.500
	-regularize 0.500

== Number of threads available to for OpenMP = 16 == 
reading 1 input volumes
reading classifier array from /opt/freesurfer/average/RB_all_2020-01-02.gca
reading input volume from norm.mgz
average std[0] = 7.2
reading transform from transforms/talairach.m3z
setting orig areas to linear transform determinant scaled 6.50
Atlas used for the 3D morph was /opt/freesurfer/average/RB_all_2020-01-02.gca
average std = 7.2   using min determinant for regularization = 5.2
0 singular and 0 ill-conditioned covariance matrices regularized
labeling volume...
renormalizing by structure alignment....
renormalizing input #0
gca peak = 0.15521 (20)
mri peak = 0.15269 (26)
Left_Lateral_Ventricle (4): linear fit = 1.26 x + 0.0 (3047 voxels, overlap=0.396)
Left_Lateral_Ventricle (4): linear fit = 1.26 x + 0.0 (3047 voxels, peak = 25), gca=25.3
gca peak = 0.20380 (13)
mri peak = 0.12432 (25)
Right_Lateral_Ventricle (43): linear fit = 1.74 x + 0.0 (2345 voxels, overlap=0.337)
Right_Lateral_Ventricle (43): linear fit = 1.50 x + 0.0 (2345 voxels, peak = 23), gca=19.5
gca peak = 0.26283 (96)
mri peak = 0.21932 (101)
Right_Pallidum (52): linear fit = 1.07 x + 0.0 (493 voxels, overlap=0.128)
Right_Pallidum (52): linear fit = 1.07 x + 0.0 (493 voxels, peak = 102), gca=102.2
gca peak = 0.15814 (97)
mri peak = 0.20825 (101)
Left_Pallidum (13): linear fit = 1.07 x + 0.0 (484 voxels, overlap=0.209)
Left_Pallidum (13): linear fit = 1.07 x + 0.0 (484 voxels, peak = 103), gca=103.3
gca peak = 0.27624 (56)
mri peak = 0.12925 (68)
Right_Hippocampus (53): linear fit = 1.21 x + 0.0 (878 voxels, overlap=0.017)
Right_Hippocampus (53): linear fit = 1.21 x + 0.0 (878 voxels, peak = 67), gca=67.5
gca peak = 0.28723 (59)
mri peak = 0.13093 (72)
Left_Hippocampus (17): linear fit = 1.25 x + 0.0 (1041 voxels, overlap=0.017)
Left_Hippocampus (17): linear fit = 1.25 x + 0.0 (1041 voxels, peak = 73), gca=73.5
gca peak = 0.07623 (103)
mri peak = 0.15839 (107)
Right_Cerebral_White_Matter (41): linear fit = 1.03 x + 0.0 (30220 voxels, overlap=0.395)
Right_Cerebral_White_Matter (41): linear fit = 1.03 x + 0.0 (30220 voxels, peak = 107), gca=106.6
gca peak = 0.07837 (105)
mri peak = 0.12362 (109)
Left_Cerebral_White_Matter (2): linear fit = 1.04 x + 0.0 (29311 voxels, overlap=0.361)
Left_Cerebral_White_Matter (2): linear fit = 1.04 x + 0.0 (29311 voxels, peak = 110), gca=109.7
gca peak = 0.10165 (58)
mri peak = 0.05492 (67)
Left_Cerebral_Cortex (3): linear fit = 1.13 x + 0.0 (52851 voxels, overlap=0.550)
Left_Cerebral_Cortex (3): linear fit = 1.13 x + 0.0 (52851 voxels, peak = 66), gca=65.8
gca peak = 0.11113 (58)
mri peak = 0.05114 (67)
Right_Cerebral_Cortex (42): linear fit = 1.12 x + 0.0 (51465 voxels, overlap=0.669)
Right_Cerebral_Cortex (42): linear fit = 1.12 x + 0.0 (51465 voxels, peak = 65), gca=64.7
gca peak = 0.27796 (67)
mri peak = 0.18504 (75)
Right_Caudate (50): linear fit = 1.11 x + 0.0 (1093 voxels, overlap=0.012)
Right_Caudate (50): linear fit = 1.11 x + 0.0 (1093 voxels, peak = 74), gca=74.0
gca peak = 0.14473 (69)
mri peak = 0.12525 (75)
Left_Caudate (11): linear fit = 1.05 x + 0.0 (1005 voxels, overlap=0.679)
Left_Caudate (11): linear fit = 1.05 x + 0.0 (1005 voxels, peak = 73), gca=72.8
gca peak = 0.14301 (56)
mri peak = 0.05422 (52)
Left_Cerebellum_Cortex (8): linear fit = 0.96 x + 0.0 (28070 voxels, overlap=0.999)
Left_Cerebellum_Cortex (8): linear fit = 0.96 x + 0.0 (28070 voxels, peak = 54), gca=54.0
gca peak = 0.14610 (55)
mri peak = 0.05692 (56)
Right_Cerebellum_Cortex (47): linear fit = 1.04 x + 0.0 (30075 voxels, overlap=0.995)
Right_Cerebellum_Cortex (47): linear fit = 1.04 x + 0.0 (30075 voxels, peak = 57), gca=57.5
gca peak = 0.16309 (85)
mri peak = 0.05533 (82)
Left_Cerebellum_White_Matter (7): linear fit = 0.96 x + 0.0 (12541 voxels, overlap=0.996)
Left_Cerebellum_White_Matter (7): linear fit = 0.96 x + 0.0 (12541 voxels, peak = 82), gca=82.0
gca peak = 0.15172 (84)
mri peak = 0.09819 (83)
Right_Cerebellum_White_Matter (46): linear fit = 1.01 x + 0.0 (7445 voxels, overlap=0.876)
Right_Cerebellum_White_Matter (46): linear fit = 1.01 x + 0.0 (7445 voxels, peak = 85), gca=85.3
gca peak = 0.30461 (58)
mri peak = 0.12439 (72)
Left_Amygdala (18): linear fit = 1.24 x + 0.0 (513 voxels, overlap=0.049)
Left_Amygdala (18): linear fit = 1.24 x + 0.0 (513 voxels, peak = 72), gca=71.6
gca peak = 0.32293 (57)
mri peak = 0.09235 (73)
Right_Amygdala (54): linear fit = 1.24 x + 0.0 (371 voxels, overlap=0.061)
Right_Amygdala (54): linear fit = 1.24 x + 0.0 (371 voxels, peak = 70), gca=70.4
gca peak = 0.11083 (90)
mri peak = 0.06312 (89)
Left_Thalamus (10): linear fit = 1.01 x + 0.0 (4561 voxels, overlap=0.885)
Left_Thalamus (10): linear fit = 1.01 x + 0.0 (4561 voxels, peak = 91), gca=91.3
gca peak = 0.11393 (83)
mri peak = 0.07474 (87)
Right_Thalamus (49): linear fit = 1.04 x + 0.0 (4490 voxels, overlap=0.864)
Right_Thalamus (49): linear fit = 1.04 x + 0.0 (4490 voxels, peak = 87), gca=86.7
gca peak = 0.08575 (81)
mri peak = 0.08834 (87)
Left_Putamen (12): linear fit = 1.10 x + 0.0 (1854 voxels, overlap=0.355)
Left_Putamen (12): linear fit = 1.10 x + 0.0 (1854 voxels, peak = 89), gca=88.7
gca peak = 0.08618 (78)
mri peak = 0.11931 (88)
Right_Putamen (51): linear fit = 1.09 x + 0.0 (1972 voxels, overlap=0.330)
Right_Putamen (51): linear fit = 1.09 x + 0.0 (1972 voxels, peak = 85), gca=84.6
gca peak = 0.08005 (78)
mri peak = 0.09527 (94)
Brain_Stem (16): linear fit = 1.13 x + 0.0 (11218 voxels, overlap=0.428)
Brain_Stem (16): linear fit = 1.13 x + 0.0 (11218 voxels, peak = 89), gca=88.5
gca peak = 0.12854 (88)
mri peak = 0.11418 (99)
Right_VentralDC (60): linear fit = 1.11 x + 0.0 (1650 voxels, overlap=0.109)
Right_VentralDC (60): linear fit = 1.11 x + 0.0 (1650 voxels, peak = 97), gca=97.2
gca peak = 0.15703 (87)
mri peak = 0.10380 (98)
Left_VentralDC (28): linear fit = 1.12 x + 0.0 (1591 voxels, overlap=0.085)
Left_VentralDC (28): linear fit = 1.12 x + 0.0 (1591 voxels, peak = 97), gca=97.0
gca peak = 0.17522 (25)
mri peak = 0.24447 (28)
gca peak = 0.17113 (14)
mri peak = 0.20418 (21)
Fourth_Ventricle (15): linear fit = 1.40 x + 0.0 (476 voxels, overlap=0.484)
Fourth_Ventricle (15): linear fit = 1.40 x + 0.0 (476 voxels, peak = 20), gca=19.7
gca peak Unknown = 0.94777 ( 0)
gca peak Left_Inf_Lat_Vent = 0.16627 (28)
gca peak Third_Ventricle = 0.17522 (25)
gca peak CSF = 0.20346 (36)
gca peak Left_Accumbens_area = 0.70646 (62)
gca peak Left_undetermined = 1.00000 (28)
gca peak Left_vessel = 0.89917 (53)
gca peak Left_choroid_plexus = 0.11689 (35)
gca peak Right_Inf_Lat_Vent = 0.25504 (23)
gca peak Right_Accumbens_area = 0.31650 (65)
gca peak Right_vessel = 0.77268 (52)
gca peak Right_choroid_plexus = 0.13275 (38)
gca peak Fifth_Ventricle = 0.60973 (33)
gca peak WM_hypointensities = 0.11013 (77)
gca peak non_WM_hypointensities = 0.11354 (41)
gca peak Optic_Chiasm = 0.51646 (76)
not using caudate to estimate GM means
estimating mean gm scale to be 1.20 x + 0.0
estimating mean wm scale to be 1.04 x + 0.0
estimating mean csf scale to be 1.39 x + 0.0
saving intensity scales to aseg.auto_noCCseg.label_intensities.txt
renormalizing by structure alignment....
renormalizing input #0
gca peak = 0.11870 (23)
mri peak = 0.15269 (26)
Left_Lateral_Ventricle (4): linear fit = 1.05 x + 0.0 (3047 voxels, overlap=0.791)
Left_Lateral_Ventricle (4): linear fit = 1.05 x + 0.0 (3047 voxels, peak = 24), gca=24.3
gca peak = 0.16694 (19)
mri peak = 0.12432 (25)
Right_Lateral_Ventricle (43): linear fit = 1.18 x + 0.0 (2345 voxels, overlap=0.719)
Right_Lateral_Ventricle (43): linear fit = 1.18 x + 0.0 (2345 voxels, peak = 23), gca=22.5
gca peak = 0.24962 (102)
mri peak = 0.21932 (101)
Right_Pallidum (52): linear fit = 1.00 x + 0.0 (493 voxels, overlap=0.999)
Right_Pallidum (52): linear fit = 1.00 x + 0.0 (493 voxels, peak = 101), gca=101.5
gca peak = 0.16455 (101)
mri peak = 0.20825 (101)
Left_Pallidum (13): linear fit = 1.00 x + 0.0 (484 voxels, overlap=0.944)
Left_Pallidum (13): linear fit = 1.00 x + 0.0 (484 voxels, peak = 100), gca=100.5
gca peak = 0.27315 (67)
mri peak = 0.12925 (68)
Right_Hippocampus (53): linear fit = 1.00 x + 0.0 (878 voxels, overlap=1.001)
Right_Hippocampus (53): linear fit = 1.00 x + 0.0 (878 voxels, peak = 67), gca=67.0
gca peak = 0.25288 (70)
mri peak = 0.13093 (72)
Left_Hippocampus (17): linear fit = 1.00 x + 0.0 (1041 voxels, overlap=1.001)
Left_Hippocampus (17): linear fit = 1.00 x + 0.0 (1041 voxels, peak = 70), gca=70.0
gca peak = 0.07638 (107)
mri peak = 0.15839 (107)
Right_Cerebral_White_Matter (41): linear fit = 1.00 x + 0.0 (30220 voxels, overlap=0.578)
Right_Cerebral_White_Matter (41): linear fit = 1.00 x + 0.0 (30220 voxels, peak = 107), gca=107.0
gca peak = 0.07449 (109)
mri peak = 0.12362 (109)
Left_Cerebral_White_Matter (2): linear fit = 1.00 x + 0.0 (29311 voxels, overlap=0.591)
Left_Cerebral_White_Matter (2): linear fit = 1.00 x + 0.0 (29311 voxels, peak = 110), gca=109.5
gca peak = 0.08840 (66)
mri peak = 0.05492 (67)
Left_Cerebral_Cortex (3): linear fit = 1.00 x + 0.0 (52851 voxels, overlap=0.959)
Left_Cerebral_Cortex (3): linear fit = 1.00 x + 0.0 (52851 voxels, peak = 66), gca=66.0
gca peak = 0.10318 (65)
mri peak = 0.05114 (67)
Right_Cerebral_Cortex (42): linear fit = 1.00 x + 0.0 (51465 voxels, overlap=0.956)
Right_Cerebral_Cortex (42): linear fit = 1.00 x + 0.0 (51465 voxels, peak = 65), gca=65.0
gca peak = 0.25483 (74)
mri peak = 0.18504 (75)
Right_Caudate (50): linear fit = 1.00 x + 0.0 (1093 voxels, overlap=0.998)
Right_Caudate (50): linear fit = 1.00 x + 0.0 (1093 voxels, peak = 74), gca=74.0
gca peak = 0.14927 (82)
mri peak = 0.12525 (75)
Left_Caudate (11): linear fit = 1.00 x + 0.0 (1005 voxels, overlap=0.899)
Left_Caudate (11): linear fit = 1.00 x + 0.0 (1005 voxels, peak = 82), gca=82.0
gca peak = 0.14456 (54)
mri peak = 0.05422 (52)
Left_Cerebellum_Cortex (8): linear fit = 1.04 x + 0.0 (28070 voxels, overlap=0.987)
Left_Cerebellum_Cortex (8): linear fit = 1.04 x + 0.0 (28070 voxels, peak = 56), gca=56.4
gca peak = 0.15403 (58)
mri peak = 0.05692 (56)
Right_Cerebellum_Cortex (47): linear fit = 0.99 x + 0.0 (30075 voxels, overlap=0.998)
Right_Cerebellum_Cortex (47): linear fit = 0.99 x + 0.0 (30075 voxels, peak = 57), gca=57.1
gca peak = 0.16979 (82)
mri peak = 0.05533 (82)
Left_Cerebellum_White_Matter (7): linear fit = 0.99 x + 0.0 (12541 voxels, overlap=0.983)
Left_Cerebellum_White_Matter (7): linear fit = 0.99 x + 0.0 (12541 voxels, peak = 81), gca=80.8
gca peak = 0.15936 (85)
mri peak = 0.09819 (83)
Right_Cerebellum_White_Matter (46): linear fit = 1.00 x + 0.0 (7445 voxels, overlap=0.923)
Right_Cerebellum_White_Matter (46): linear fit = 1.00 x + 0.0 (7445 voxels, peak = 85), gca=85.0
gca peak = 0.26447 (72)
mri peak = 0.12439 (72)
Left_Amygdala (18): linear fit = 1.01 x + 0.0 (513 voxels, overlap=1.013)
Left_Amygdala (18): linear fit = 1.01 x + 0.0 (513 voxels, peak = 73), gca=73.1
gca peak = 0.28907 (71)
mri peak = 0.09235 (73)
Right_Amygdala (54): linear fit = 1.03 x + 0.0 (371 voxels, overlap=1.018)
Right_Amygdala (54): linear fit = 1.03 x + 0.0 (371 voxels, peak = 73), gca=73.5
gca peak = 0.10249 (91)
mri peak = 0.06312 (89)
Left_Thalamus (10): linear fit = 1.00 x + 0.0 (4561 voxels, overlap=0.922)
Left_Thalamus (10): linear fit = 1.00 x + 0.0 (4561 voxels, peak = 91), gca=90.5
gca peak = 0.09638 (87)
mri peak = 0.07474 (87)
Right_Thalamus (49): linear fit = 0.99 x + 0.0 (4490 voxels, overlap=0.955)
Right_Thalamus (49): linear fit = 0.99 x + 0.0 (4490 voxels, peak = 86), gca=85.7
gca peak = 0.08071 (91)
mri peak = 0.08834 (87)
Left_Putamen (12): linear fit = 1.00 x + 0.0 (1854 voxels, overlap=0.802)
Left_Putamen (12): linear fit = 1.00 x + 0.0 (1854 voxels, peak = 91), gca=91.0
gca peak = 0.09419 (82)
mri peak = 0.11931 (88)
Right_Putamen (51): linear fit = 1.01 x + 0.0 (1972 voxels, overlap=0.761)
Right_Putamen (51): linear fit = 1.01 x + 0.0 (1972 voxels, peak = 83), gca=83.2
gca peak = 0.07388 (89)
mri peak = 0.09527 (94)
Brain_Stem (16): linear fit = 0.99 x + 0.0 (11218 voxels, overlap=0.759)
Brain_Stem (16): linear fit = 0.99 x + 0.0 (11218 voxels, peak = 88), gca=87.7
gca peak = 0.11792 (97)
mri peak = 0.11418 (99)
Right_VentralDC (60): linear fit = 1.00 x + 0.0 (1650 voxels, overlap=0.756)
Right_VentralDC (60): linear fit = 1.00 x + 0.0 (1650 voxels, peak = 97), gca=97.5
gca peak = 0.14769 (97)
mri peak = 0.10380 (98)
Left_VentralDC (28): linear fit = 1.02 x + 0.0 (1591 voxels, overlap=0.861)
Left_VentralDC (28): linear fit = 1.02 x + 0.0 (1591 voxels, peak = 99), gca=99.4
gca peak = 0.13513 (33)
mri peak = 0.24447 (28)
gca peak = 0.15172 (20)
mri peak = 0.20418 (21)
Fourth_Ventricle (15): linear fit = 0.94 x + 0.0 (476 voxels, overlap=0.628)
Fourth_Ventricle (15): linear fit = 0.94 x + 0.0 (476 voxels, peak = 19), gca=18.7
gca peak Unknown = 0.94777 ( 0)
gca peak Left_Inf_Lat_Vent = 0.14657 (35)
gca peak Third_Ventricle = 0.13513 (33)
gca peak CSF = 0.17527 (50)
gca peak Left_Accumbens_area = 0.52169 (66)
gca peak Left_undetermined = 0.98480 (29)
gca peak Left_vessel = 0.89837 (53)
gca peak Left_choroid_plexus = 0.11177 (35)
gca peak Right_Inf_Lat_Vent = 0.26261 (28)
gca peak Right_Accumbens_area = 0.37439 (71)
gca peak Right_vessel = 0.77268 (52)
gca peak Right_choroid_plexus = 0.13291 (38)
gca peak Fifth_Ventricle = 0.77755 (44)
gca peak WM_hypointensities = 0.09638 (80)
gca peak non_WM_hypointensities = 0.14025 (42)
gca peak Optic_Chiasm = 0.52441 (76)
not using caudate to estimate GM means
estimating mean gm scale to be 1.01 x + 0.0
estimating mean wm scale to be 1.00 x + 0.0
estimating mean csf scale to be 1.06 x + 0.0
saving intensity scales to aseg.auto_noCCseg.label_intensities.txt
saving sequentially combined intensity scales to aseg.auto_noCCseg.label_intensities.txt
46413 voxels changed in iteration 0 of unlikely voxel relabeling
120 voxels changed in iteration 1 of unlikely voxel relabeling
2 voxels changed in iteration 2 of unlikely voxel relabeling
0 voxels changed in iteration 3 of unlikely voxel relabeling
34078 gm and wm labels changed (%31 to gray, %69 to white out of all changed labels)
311 hippocampal voxels changed.
0 amygdala voxels changed.
Reclassifying using Gibbs Priors
pass 1: 61714 changed. image ll: -2.095, PF=0.500
pass 2: 16635 changed. image ll: -2.094, PF=0.500
pass 3: 5629 changed.
pass 4: 2223 changed.
28017 voxels changed in iteration 0 of unlikely voxel relabeling
210 voxels changed in iteration 1 of unlikely voxel relabeling
1 voxels changed in iteration 2 of unlikely voxel relabeling
0 voxels changed in iteration 3 of unlikely voxel relabeling
6993 voxels changed in iteration 0 of unlikely voxel relabeling
102 voxels changed in iteration 1 of unlikely voxel relabeling
2 voxels changed in iteration 2 of unlikely voxel relabeling
0 voxels changed in iteration 3 of unlikely voxel relabeling
6758 voxels changed in iteration 0 of unlikely voxel relabeling
100 voxels changed in iteration 1 of unlikely voxel relabeling
0 voxels changed in iteration 2 of unlikely voxel relabeling
5833 voxels changed in iteration 0 of unlikely voxel relabeling
59 voxels changed in iteration 1 of unlikely voxel relabeling
2 voxels changed in iteration 2 of unlikely voxel relabeling
1 voxels changed in iteration 3 of unlikely voxel relabeling
1 voxels changed in iteration 4 of unlikely voxel relabeling
 !!!!!!!!! ventricle segment 1 with volume 10651 above threshold 100 - not erasing !!!!!!!!!!
 !!!!!!!!! ventricle segment 0 with volume 102 above threshold 100 - not erasing !!!!!!!!!!
 !!!!!!!!! ventricle segment 2 with volume 9150 above threshold 100 - not erasing !!!!!!!!!!
writing labeled volume to aseg.auto_noCCseg.mgz
mri_ca_label utimesec    1919.352022
mri_ca_label stimesec    2.820718
mri_ca_label ru_maxrss   2124996
mri_ca_label ru_ixrss    0
mri_ca_label ru_idrss    0
mri_ca_label ru_isrss    0
mri_ca_label ru_minflt   4179067
mri_ca_label ru_majflt   15
mri_ca_label ru_nswap    0
mri_ca_label ru_inblock  1142
mri_ca_label ru_oublock  640
mri_ca_label ru_msgsnd   0
mri_ca_label ru_msgrcv   0
mri_ca_label ru_nsignals 0
mri_ca_label ru_nvcsw    2470
mri_ca_label ru_nivcsw   4883
auto-labeling took 30 minutes and 30 seconds.
#--------------------------------------
#@# CC Seg Mon Mar  9 11:03:38 CET 2026

 mri_cc -aseg aseg.auto_noCCseg.mgz -o aseg.auto.mgz -lta /out/sourcedata/freesurfer/sub-v1s21x0050390_ses-1/mri/transforms/cc_up.lta sub-v1s21x0050390_ses-1 

will read input aseg from aseg.auto_noCCseg.mgz
writing aseg with cc labels to aseg.auto.mgz
will write lta as /out/sourcedata/freesurfer/sub-v1s21x0050390_ses-1/mri/transforms/cc_up.lta
reading aseg from /out/sourcedata/freesurfer/sub-v1s21x0050390_ses-1/mri/aseg.auto_noCCseg.mgz
reading norm from /out/sourcedata/freesurfer/sub-v1s21x0050390_ses-1/mri/norm.mgz
74873 voxels in left wm, 95696 in right wm, xrange [111, 128]
searching rotation angles z=[-4 10], y=[-3 11]
searching scale 1 Z rot -4.2  searching scale 1 Z rot -3.9  searching scale 1 Z rot -3.7  searching scale 1 Z rot -3.4  searching scale 1 Z rot -3.2  searching scale 1 Z rot -2.9  searching scale 1 Z rot -2.7  searching scale 1 Z rot -2.4  searching scale 1 Z rot -2.2  searching scale 1 Z rot -1.9  searching scale 1 Z rot -1.7  searching scale 1 Z rot -1.4  searching scale 1 Z rot -1.2  searching scale 1 Z rot -0.9  searching scale 1 Z rot -0.7  searching scale 1 Z rot -0.4  searching scale 1 Z rot -0.2  searching scale 1 Z rot 0.1  searching scale 1 Z rot 0.3  searching scale 1 Z rot 0.6  searching scale 1 Z rot 0.8  searching scale 1 Z rot 1.1  searching scale 1 Z rot 1.3  searching scale 1 Z rot 1.6  searching scale 1 Z rot 1.8  searching scale 1 Z rot 2.1  searching scale 1 Z rot 2.3  searching scale 1 Z rot 2.6  searching scale 1 Z rot 2.8  searching scale 1 Z rot 3.1  searching scale 1 Z rot 3.3  searching scale 1 Z rot 3.6  searching scale 1 Z rot 3.8  searching scale 1 Z rot 4.1  searching scale 1 Z rot 4.3  searching scale 1 Z rot 4.6  searching scale 1 Z rot 4.8  searching scale 1 Z rot 5.1  searching scale 1 Z rot 5.3  searching scale 1 Z rot 5.6  searching scale 1 Z rot 5.8  searching scale 1 Z rot 6.1  searching scale 1 Z rot 6.3  searching scale 1 Z rot 6.6  searching scale 1 Z rot 6.8  searching scale 1 Z rot 7.1  searching scale 1 Z rot 7.3  searching scale 1 Z rot 7.6  searching scale 1 Z rot 7.8  searching scale 1 Z rot 8.1  searching scale 1 Z rot 8.3  searching scale 1 Z rot 8.6  searching scale 1 Z rot 8.8  searching scale 1 Z rot 9.1  searching scale 1 Z rot 9.3  searching scale 1 Z rot 9.6  global minimum found at slice 120.2, rotations (4.44, 2.84)
final transformation (x=120.2, yr=4.443, zr=2.843):
 0.99577  -0.04961   0.07738   5.36014;
 0.04946   0.99877   0.00384   2.76204;
-0.07747   0.00000   0.99699   23.65722;
 0.00000   0.00000   0.00000   1.00000;
updating x range to be [127, 132] in xformed coordinates
best xformed slice 129
min_x_fornix = 131
min_x_fornix = 130
min_x_fornix = 138
min_x_fornix = 138
min_x_fornix = 134
cc center is found at 129 119 114
eigenvectors:
-0.00035   0.00988   0.99995;
 0.04665  -0.99886   0.00989;
 0.99891   0.04666  -0.00011;
writing aseg with callosum to /out/sourcedata/freesurfer/sub-v1s21x0050390_ses-1/mri/aseg.auto.mgz...
corpus callosum segmentation took 0.8 minutes
#VMPC# mri_cc VmPeak  556648
mri_cc done
#--------------------------------------
#@# Merge ASeg Mon Mar  9 11:04:27 CET 2026

 cp aseg.auto.mgz aseg.presurf.mgz 

#--------------------------------------------
#@# Intensity Normalization2 Mon Mar  9 11:04:28 CET 2026
/out/sourcedata/freesurfer/sub-v1s21x0050390_ses-1/mri

 mri_normalize -seed 1234 -mprage -aseg aseg.presurf.mgz -mask brainmask.mgz norm.mgz brain.mgz 

setting seed for random number genererator to 1234
assuming input volume is MGH (Van der Kouwe) MP-RAGE
using segmentation for initial intensity normalization
using MR volume brainmask.mgz to mask input volume...
reading mri_src from norm.mgz...
Reading aseg aseg.presurf.mgz
normalizing image...
NOT doing gentle normalization with control points/label
processing with aseg
removing outliers in the aseg WM...
500 control points removed
Building bias image
building Voronoi diagram...
performing soap bubble smoothing, sigma = 0...
Smoothing with sigma 8
Applying bias correction
building Voronoi diagram...
performing soap bubble smoothing, sigma = 8...

Iterating 2 times
---------------------------------
3d normalization pass 1 of 2
white matter peak found at 110
white matter peak found at 109
gm peak at 73 (73), valley at 30 (30)
csf peak at 37, setting threshold to 61
building Voronoi diagram...
performing soap bubble smoothing, sigma = 8...
---------------------------------
3d normalization pass 2 of 2
white matter peak found at 110
white matter peak found at 110
gm peak at 74 (74), valley at 30 (30)
csf peak at 37, setting threshold to 61
building Voronoi diagram...
performing soap bubble smoothing, sigma = 8...
Done iterating ---------------------------------
writing output to brain.mgz
3D bias adjustment took 2 minutes and 8 seconds.
#--------------------------------------------
#@# Mask BFS Mon Mar  9 11:06:36 CET 2026
/out/sourcedata/freesurfer/sub-v1s21x0050390_ses-1/mri

 mri_mask -T 5 brain.mgz brainmask.mgz brain.finalsurfs.mgz 

threshold mask volume at 5
DoAbs = 0
Found 1554148 voxels in mask (pct=  9.26)
Writing masked volume to brain.finalsurfs.mgz...done.
#--------------------------------------------
#@# WM Segmentation Mon Mar  9 11:06:37 CET 2026

 AntsDenoiseImageFs -i brain.mgz -o antsdn.brain.mgz 


 mri_segment -wsizemm 13 -mprage antsdn.brain.mgz wm.seg.mgz 

wsizemm = 13, voxres = 1, wsize = 13
Widening wm low from 89 to 79
assuming input volume is MGH (Van der Kouwe) MP-RAGE
wm mean:  110
wsize:    13
wm low:   79
wm hi:    125
gray low: 30
gray hi:  99
Doing initial trinary intensity segmentation 
Using local statistics to label ambiguous voxels
Autodetecting stats
Computing class statistics for intensity windows...
CCS WM (99.0): 98.8 +- 6.4 [79.0 --> 125.0]
CCS GM (76.0) : 75.8 +- 8.8 [30.0 --> 95.0]
 white_mean 98.8261
 white_sigma 6.40006
 gray_mean 75.8169
 gray_sigma 8.75615
setting bottom of white matter range wm_low to 84.6
setting top of gray matter range gray_hi to 93.3
 wm_low 84.5731
 wm_hi  125
 gray_low 30
 gray_hi  93.3292
Redoing initial intensity segmentation...
Recomputing local statistics to label ambiguous voxels...
 wm_low 84.5731
 wm_hi  125
 gray_low 30
 gray_hi  93.3292
using local geometry to label remaining ambiguous voxels...
polvwsize = 5, polvlen = 3, gray_hi = 93.3292, wm_low = 84.5731
MRIcpolvMedianCurveSegment(): wsize=5, len=3, gmhi=93.3292, wmlow=84.5731
    134450 voxels processed (0.80%)
     60416 voxels white (0.36%)
     74034 voxels non-white (0.44%)

Reclassifying voxels using Gaussian border classifier niter=1
MRIreclassify(): wm_low=79.5731, gray_hi=93.3292, wsize=13
    287768 voxels tested (1.72%)
     45644 voxels changed (0.27%)
     57075 multi-scale searches  (0.34%)
Recovering bright white
MRIrecoverBrightWhite()
 wm_low 84.5731
 wm_hi 125
 slack 6.40006
 pct_thresh 0.33
 intensity_thresh 131.4
 nvox_thresh 8.58
       96 voxels tested (0.00%)
       68 voxels changed (0.00%)

removing voxels with positive offset direction...
MRIremoveWrongDirection() wsize=3, lowthr=79.5731, hithr=93.3292
  smoothing input volume with sigma = 0.250
    96653 voxels tested (0.58%)
    14454 voxels changed (0.09%)
thicken = 1
removing 1-dimensional structures...
MRIremove1dStructures(): max_iter=10000, thresh=2, WM_MIN_VAL=5
 1787 sparsely connected voxels removed in 1 iterations
thickening thin strands....
thickness 4
nsegments 20
wm_hi 125
913 diagonally connected voxels added...
MRIthickenThinWMStrands(): thickness=4, nsegments=20
  20 segments, 4153 filled
MRIfindBrightNonWM(): 485 bright non-wm voxels segmented.
MRIfilterMorphology() WM_MIN_VAL=5, DIAGONAL_FILL=230
white matter segmentation took 1.0 minutes
writing output to wm.seg.mgz...

 mri_edit_wm_with_aseg -keep-in wm.seg.mgz brain.mgz aseg.presurf.mgz wm.asegedit.mgz 

preserving editing changes in input volume...
auto filling took 0.41 minutes
reading wm segmentation from wm.seg.mgz...
0 voxels added to wm to prevent paths from MTL structures to cortex
2926 additional wm voxels added
0 additional wm voxels added
SEG EDIT: 48437 voxels turned on, 38705 voxels turned off.
propagating editing to output volume from wm.seg.mgz
writing edited volume to wm.asegedit.mgz....

 mri_pretess wm.asegedit.mgz wm norm.mgz wm.mgz 


Iteration Number : 1
pass   1 (xy+):   8 found -   8 modified     |    TOTAL:   8
pass   2 (xy+):   0 found -   8 modified     |    TOTAL:   8
pass   1 (xy-):  29 found -  29 modified     |    TOTAL:  37
pass   2 (xy-):   0 found -  29 modified     |    TOTAL:  37
pass   1 (yz+):  17 found -  17 modified     |    TOTAL:  54
pass   2 (yz+):   0 found -  17 modified     |    TOTAL:  54
pass   1 (yz-):  12 found -  12 modified     |    TOTAL:  66
pass   2 (yz-):   0 found -  12 modified     |    TOTAL:  66
pass   1 (xz+):  17 found -  17 modified     |    TOTAL:  83
pass   2 (xz+):   0 found -  17 modified     |    TOTAL:  83
pass   1 (xz-):  12 found -  12 modified     |    TOTAL:  95
pass   2 (xz-):   0 found -  12 modified     |    TOTAL:  95
Iteration Number : 1
pass   1 (+++):  12 found -  12 modified     |    TOTAL:  12
pass   2 (+++):   0 found -  12 modified     |    TOTAL:  12
pass   1 (+++):   6 found -   6 modified     |    TOTAL:  18
pass   2 (+++):   0 found -   6 modified     |    TOTAL:  18
pass   1 (+++):  10 found -  10 modified     |    TOTAL:  28
pass   2 (+++):   0 found -  10 modified     |    TOTAL:  28
pass   1 (+++):   8 found -   8 modified     |    TOTAL:  36
pass   2 (+++):   0 found -   8 modified     |    TOTAL:  36
Iteration Number : 1
pass   1 (++):  36 found -  36 modified     |    TOTAL:  36
pass   2 (++):   0 found -  36 modified     |    TOTAL:  36
pass   1 (+-):  47 found -  47 modified     |    TOTAL:  83
pass   2 (+-):   2 found -  49 modified     |    TOTAL:  85
pass   3 (+-):   0 found -  49 modified     |    TOTAL:  85
pass   1 (--):  40 found -  40 modified     |    TOTAL: 125
pass   2 (--):   0 found -  40 modified     |    TOTAL: 125
pass   1 (-+):  41 found -  41 modified     |    TOTAL: 166
pass   2 (-+):   0 found -  41 modified     |    TOTAL: 166
Iteration Number : 2
pass   1 (xy+):   4 found -   4 modified     |    TOTAL:   4
pass   2 (xy+):   0 found -   4 modified     |    TOTAL:   4
pass   1 (xy-):   1 found -   1 modified     |    TOTAL:   5
pass   2 (xy-):   0 found -   1 modified     |    TOTAL:   5
pass   1 (yz+):   2 found -   2 modified     |    TOTAL:   7
pass   2 (yz+):   0 found -   2 modified     |    TOTAL:   7
pass   1 (yz-):   1 found -   1 modified     |    TOTAL:   8
pass   2 (yz-):   0 found -   1 modified     |    TOTAL:   8
pass   1 (xz+):   1 found -   1 modified     |    TOTAL:   9
pass   2 (xz+):   0 found -   1 modified     |    TOTAL:   9
pass   1 (xz-):   1 found -   1 modified     |    TOTAL:  10
pass   2 (xz-):   0 found -   1 modified     |    TOTAL:  10
Iteration Number : 2
pass   1 (+++):   0 found -   0 modified     |    TOTAL:   0
pass   1 (+++):   0 found -   0 modified     |    TOTAL:   0
pass   1 (+++):   0 found -   0 modified     |    TOTAL:   0
pass   1 (+++):   0 found -   0 modified     |    TOTAL:   0
Iteration Number : 2
pass   1 (++):   0 found -   0 modified     |    TOTAL:   0
pass   1 (+-):   1 found -   1 modified     |    TOTAL:   1
pass   2 (+-):   0 found -   1 modified     |    TOTAL:   1
pass   1 (--):   1 found -   1 modified     |    TOTAL:   2
pass   2 (--):   0 found -   1 modified     |    TOTAL:   2
pass   1 (-+):   0 found -   0 modified     |    TOTAL:   2
Iteration Number : 3
pass   1 (xy+):   0 found -   0 modified     |    TOTAL:   0
pass   1 (xy-):   1 found -   1 modified     |    TOTAL:   1
pass   2 (xy-):   0 found -   1 modified     |    TOTAL:   1
pass   1 (yz+):   1 found -   1 modified     |    TOTAL:   2
pass   2 (yz+):   0 found -   1 modified     |    TOTAL:   2
pass   1 (yz-):   0 found -   0 modified     |    TOTAL:   2
pass   1 (xz+):   0 found -   0 modified     |    TOTAL:   2
pass   1 (xz-):   0 found -   0 modified     |    TOTAL:   2
Iteration Number : 3
pass   1 (+++):   0 found -   0 modified     |    TOTAL:   0
pass   1 (+++):   0 found -   0 modified     |    TOTAL:   0
pass   1 (+++):   0 found -   0 modified     |    TOTAL:   0
pass   1 (+++):   0 found -   0 modified     |    TOTAL:   0
Iteration Number : 3
pass   1 (++):   0 found -   0 modified     |    TOTAL:   0
pass   1 (+-):   0 found -   0 modified     |    TOTAL:   0
pass   1 (--):   0 found -   0 modified     |    TOTAL:   0
pass   1 (-+):   0 found -   0 modified     |    TOTAL:   0
Iteration Number : 4
pass   1 (xy+):   0 found -   0 modified     |    TOTAL:   0
pass   1 (xy-):   0 found -   0 modified     |    TOTAL:   0
pass   1 (yz+):   0 found -   0 modified     |    TOTAL:   0
pass   1 (yz-):   0 found -   0 modified     |    TOTAL:   0
pass   1 (xz+):   0 found -   0 modified     |    TOTAL:   0
pass   1 (xz-):   0 found -   0 modified     |    TOTAL:   0
Iteration Number : 4
pass   1 (+++):   0 found -   0 modified     |    TOTAL:   0
pass   1 (+++):   0 found -   0 modified     |    TOTAL:   0
pass   1 (+++):   0 found -   0 modified     |    TOTAL:   0
pass   1 (+++):   0 found -   0 modified     |    TOTAL:   0
Iteration Number : 4
pass   1 (++):   0 found -   0 modified     |    TOTAL:   0
pass   1 (+-):   0 found -   0 modified     |    TOTAL:   0
pass   1 (--):   0 found -   0 modified     |    TOTAL:   0
pass   1 (-+):   0 found -   0 modified     |    TOTAL:   0

Total Number of Modified Voxels = 311 (out of 538789: 0.057722)
binarizing input wm segmentation...
Ambiguous edge configurations... 

mri_pretess done

#--------------------------------------------
#@# Fill Mon Mar  9 11:08:44 CET 2026
/out/sourcedata/freesurfer/sub-v1s21x0050390_ses-1/mri

 mri_fill -a ../scripts/ponscc.cut.log -xform transforms/talairach.lta -segmentation aseg.presurf.mgz -ctab /opt/freesurfer/SubCorticalMassLUT.txt wm.mgz filled.mgz 

logging cutting plane coordinates to ../scripts/ponscc.cut.log...
INFO: Using transforms/talairach.lta and its offset for Talairach volume ...
using segmentation aseg.presurf.mgz...
reading input volume...done.
searching for cutting planes...voxel to talairach voxel transform
 1.04652  -0.07789   0.09710  -1.91022;
 0.05956   1.18693   0.07127  -55.90082;
-0.09664  -0.07087   0.97341   17.06078;
 0.00000   0.00000   0.00000   1.00000;
voxel to talairach voxel transform
 1.04652  -0.07789   0.09710  -1.91022;
 0.05956   1.18693   0.07127  -55.90082;
-0.09664  -0.07087   0.97341   17.06078;
 0.00000   0.00000   0.00000   1.00000;
reading segmented volume aseg.presurf.mgz
removing CC from segmentation
Looking for area (min, max) = (350, 1400)
area[0] = 1176 (min = 350, max = 1400), aspect = 0.54 (min = 0.10, max = 0.75)
no need to search
using seed (127, 121, 149), TAL = (1.0, 21.0, 7.0)
talairach voxel to voxel transform
 0.94329   0.05604  -0.09820   6.60975;
-0.05273   0.83571  -0.05593   47.57024;
 0.08981   0.06641   1.01349  -13.40694;
 0.00000   0.00000   0.00000   1.00000;
segmentation indicates cc at (127,  121,  149) --> (1.0, 21.0, 7.0)
done.
filling took 1.0 minutes
talairach cc position changed to (1.00, 21.00, 7.00)
Erasing brainstem...done.
seed_search_size = 9, min_neighbors = 5
search rh wm seed point around talairach space:(19.00, 21.00, 7.00) SRC: (101.58, 134.61, 155.43)
search lh wm seed point around talairach space (-17.00, 21.00, 7.00), SRC: (135.54, 132.71, 158.66)
compute mri_fill using aseg
Erasing Brain Stem and Cerebellum ...
Define left and right masks using aseg:
Building Voronoi diagram ...
Using the Voronoi diagram for separating WM into two hemispheres ...
Find the largest connected component for each hemisphere ...
Embedding colortable
mri_fill done, writing output to filled.mgz...
 cp filled.mgz filled.auto.mgz

Started at Mon Mar 9 09:46:33 CET 2026 
Ended   at Mon Mar 9 11:09:44 CET 2026
#@#%# recon-all-run-time-hours 1.386
recon-all -s sub-v1s21x0050390_ses-1 finished without error at Mon Mar  9 11:09:44 CET 2026



#New# invocation of recon-all 




Mon Mar  9 11:55:44 CET 2026
cd /out/sourcedata/freesurfer/sub-v1s21x0050390_ses-1
setenv SUBJECTS_DIR /out/sourcedata/freesurfer
/opt/freesurfer/bin/recon-all -parallel -subjid sub-v1s21x0050390_ses-1 -sd /out/sourcedata/freesurfer -cortribbon

subjid sub-v1s21x0050390_ses-1
setenv SUBJECTS_DIR /out/sourcedata/freesurfer
FREESURFER_HOME /opt/freesurfer
Actual FREESURFER_HOME /opt/freesurfer
build-stamp.txt: freesurfer-linux-ubuntu22_x86_64-7.3.2-20220804-6354275
Linux dna058 5.14.0-427.37.1.el9_4.x86_64 #1 SMP PREEMPT_DYNAMIC Fri Sep 13 12:41:50 EDT 2024 x86_64 x86_64 x86_64 GNU/Linux
cputime      unlimited
filesize     unlimited
datasize     unlimited
stacksize    8192 kbytes
coredumpsize 0 kbytes
memoryuse    67108864 kbytes
vmemoryuse   unlimited
descriptors  1024 
memorylocked unlimited
maxproc      2061970 
maxlocks     unlimited
maxsignal    2061970 
maxmessage   819200 
maxnice      0 
maxrtprio    0 
maxrttime    unlimited

               total        used        free      shared  buff/cache   available
Mem:           503Gi        52Gi       205Gi        14Gi       245Gi       433Gi
Swap:             0B          0B          0B

########################################
program versions used
7.3.2 (freesurfer-linux-ubuntu22_x86_64-7.3.2-20220804-6354275)
7.3.2

ProgramName: lta_convert  ProgramArguments: lta_convert -all-info  ProgramVersion: 7.3.2  TimeStamp: 2026/03/09-10:55:44-GMT  BuildTime: Aug  4 2022 06:17:15  BuildStamp: freesurfer-linux-ubuntu22_x86_64-7.3.2-20220804-6354275  User: oesteban  Machine: dna058  Platform: Linux  PlatformVersion: 5.14.0-427.37.1.el9_4.x86_64  CompilerName: GCC  CompilerVersion: 8.4.0
ProgramName: mri_and  ProgramArguments: mri_and -all-info  ProgramVersion: 7.3.2  TimeStamp: 2026/03/09-10:55:44-GMT  BuildTime: Aug  4 2022 06:17:15  BuildStamp: freesurfer-linux-ubuntu22_x86_64-7.3.2-20220804-6354275  User: oesteban  Machine: dna058  Platform: Linux  PlatformVersion: 5.14.0-427.37.1.el9_4.x86_64  CompilerName: GCC  CompilerVersion: 8.4.0
ProgramName: mri_annotation2label  ProgramArguments: mri_annotation2label -all-info  ProgramVersion: 7.3.2  TimeStamp: 2026/03/09-10:55:44-GMT  BuildTime: Aug  4 2022 06:17:15  BuildStamp: freesurfer-linux-ubuntu22_x86_64-7.3.2-20220804-6354275  User: oesteban  Machine: dna058  Platform: Linux  PlatformVersion: 5.14.0-427.37.1.el9_4.x86_64  CompilerName: GCC  CompilerVersion: 8.4.0
ProgramName: mri_aparc2aseg  ProgramArguments: mri_aparc2aseg -all-info  ProgramVersion: 7.3.2  TimeStamp: 2026/03/09-10:55:44-GMT  BuildTime: Aug  4 2022 06:17:15  BuildStamp: freesurfer-linux-ubuntu22_x86_64-7.3.2-20220804-6354275  User: oesteban  Machine: dna058  Platform: Linux  PlatformVersion: 5.14.0-427.37.1.el9_4.x86_64  CompilerName: GCC  CompilerVersion: 8.4.0
ProgramName: mri_surf2volseg  ProgramArguments: mri_surf2volseg -all-info  ProgramVersion: 7.3.2  TimeStamp: 2026/03/09-10:55:44-GMT  BuildTime: Aug  4 2022 06:17:15  BuildStamp: freesurfer-linux-ubuntu22_x86_64-7.3.2-20220804-6354275  User: oesteban  Machine: dna058  Platform: Linux  PlatformVersion: 5.14.0-427.37.1.el9_4.x86_64  CompilerName: GCC  CompilerVersion: 8.4.0
ProgramName: mri_binarize  ProgramArguments: mri_binarize -all-info  ProgramVersion: 7.3.2  TimeStamp: 2026/03/09-10:55:44-GMT  BuildTime: Aug  4 2022 06:17:15  BuildStamp: freesurfer-linux-ubuntu22_x86_64-7.3.2-20220804-6354275  User: oesteban  Machine: dna058  Platform: Linux  PlatformVersion: 5.14.0-427.37.1.el9_4.x86_64  CompilerName: GCC  CompilerVersion: 8.4.0
ProgramName: mri_ca_label  ProgramArguments: mri_ca_label -all-info  ProgramVersion: 7.3.2  TimeStamp: 2026/03/09-10:55:44-GMT  BuildTime: Aug  4 2022 06:17:15  BuildStamp: freesurfer-linux-ubuntu22_x86_64-7.3.2-20220804-6354275  User: oesteban  Machine: dna058  Platform: Linux  PlatformVersion: 5.14.0-427.37.1.el9_4.x86_64  CompilerName: GCC  CompilerVersion: 8.4.0
ProgramName: mri_ca_normalize  ProgramArguments: mri_ca_normalize -all-info  ProgramVersion: 7.3.2  TimeStamp: 2026/03/09-10:55:44-GMT  BuildTime: Aug  4 2022 06:17:15  BuildStamp: freesurfer-linux-ubuntu22_x86_64-7.3.2-20220804-6354275  User: oesteban  Machine: dna058  Platform: Linux  PlatformVersion: 5.14.0-427.37.1.el9_4.x86_64  CompilerName: GCC  CompilerVersion: 8.4.0
ProgramName: mri_ca_register  ProgramArguments: mri_ca_register -all-info  ProgramVersion: 7.3.2  TimeStamp: 2026/03/09-10:55:44-GMT  BuildTime: Aug  4 2022 06:17:15  BuildStamp: freesurfer-linux-ubuntu22_x86_64-7.3.2-20220804-6354275  User: oesteban  Machine: dna058  Platform: Linux  PlatformVersion: 5.14.0-427.37.1.el9_4.x86_64  CompilerName: GCC  CompilerVersion: 8.4.0
ProgramName: mri_cc  ProgramArguments: mri_cc -all-info  ProgramVersion: 7.3.2  TimeStamp: 2026/03/09-10:55:44-GMT  BuildTime: Aug  4 2022 06:17:15  BuildStamp: freesurfer-linux-ubuntu22_x86_64-7.3.2-20220804-6354275  User: oesteban  Machine: dna058  Platform: Linux  PlatformVersion: 5.14.0-427.37.1.el9_4.x86_64  CompilerName: GCC  CompilerVersion: 8.4.0
ProgramName: mri_compute_overlap  ProgramArguments: mri_compute_overlap -all-info  ProgramVersion: 7.3.2  TimeStamp: 2026/03/09-10:55:44-GMT  BuildTime: Aug  4 2022 06:17:15  BuildStamp: freesurfer-linux-ubuntu22_x86_64-7.3.2-20220804-6354275  User: oesteban  Machine: dna058  Platform: Linux  PlatformVersion: 5.14.0-427.37.1.el9_4.x86_64  CompilerName: GCC  CompilerVersion: 8.4.0
ProgramName: mri_compute_seg_overlap  ProgramArguments: mri_compute_seg_overlap -all-info  ProgramVersion: 7.3.2  TimeStamp: 2026/03/09-10:55:44-GMT  BuildTime: Aug  4 2022 06:17:15  BuildStamp: freesurfer-linux-ubuntu22_x86_64-7.3.2-20220804-6354275  User: oesteban  Machine: dna058  Platform: Linux  PlatformVersion: 5.14.0-427.37.1.el9_4.x86_64  CompilerName: GCC  CompilerVersion: 8.4.0
ProgramName: mri_concat  ProgramArguments: mri_concat -all-info  ProgramVersion: 7.3.2  TimeStamp: 2026/03/09-10:55:44-GMT  BuildTime: Aug  4 2022 06:17:15  BuildStamp: freesurfer-linux-ubuntu22_x86_64-7.3.2-20220804-6354275  User: oesteban  Machine: dna058  Platform: Linux  PlatformVersion: 5.14.0-427.37.1.el9_4.x86_64  CompilerName: GCC  CompilerVersion: 8.4.0
ProgramName: mri_concatenate_lta  ProgramArguments: mri_concatenate_lta -all-info  ProgramVersion: 7.3.2  TimeStamp: 2026/03/09-10:55:44-GMT  BuildTime: Aug  4 2022 06:17:15  BuildStamp: freesurfer-linux-ubuntu22_x86_64-7.3.2-20220804-6354275  User: oesteban  Machine: dna058  Platform: Linux  PlatformVersion: 5.14.0-427.37.1.el9_4.x86_64  CompilerName: GCC  CompilerVersion: 8.4.0
mri_convert -all-info 
ProgramName: mri_convert  ProgramArguments: mri_convert -all-info  ProgramVersion: 7.3.2  TimeStamp: 2026/03/09-10:55:44-GMT  BuildTime: Aug  4 2022 06:17:15  BuildStamp: freesurfer-linux-ubuntu22_x86_64-7.3.2-20220804-6354275  User: oesteban  Machine: dna058  Platform: Linux  PlatformVersion: 5.14.0-427.37.1.el9_4.x86_64  CompilerName: GCC  CompilerVersion: 8.4.0
ProgramName: mri_diff  ProgramArguments: mri_diff -all-info  ProgramVersion: 7.3.2  TimeStamp: 2026/03/09-10:55:44-GMT  BuildTime: Aug  4 2022 06:17:15  BuildStamp: freesurfer-linux-ubuntu22_x86_64-7.3.2-20220804-6354275  User: oesteban  Machine: dna058  Platform: Linux  PlatformVersion: 5.14.0-427.37.1.el9_4.x86_64  CompilerName: GCC  CompilerVersion: 8.4.0
ProgramName: mri_edit_wm_with_aseg  ProgramArguments: mri_edit_wm_with_aseg -all-info  ProgramVersion: 7.3.2  TimeStamp: 2026/03/09-10:55:44-GMT  BuildTime: Aug  4 2022 06:17:15  BuildStamp: freesurfer-linux-ubuntu22_x86_64-7.3.2-20220804-6354275  User: oesteban  Machine: dna058  Platform: Linux  PlatformVersion: 5.14.0-427.37.1.el9_4.x86_64  CompilerName: GCC  CompilerVersion: 8.4.0
ProgramName: mri_em_register  ProgramArguments: mri_em_register -all-info  ProgramVersion: 7.3.2  TimeStamp: 2026/03/09-10:55:44-GMT  BuildTime: Aug  4 2022 06:17:15  BuildStamp: freesurfer-linux-ubuntu22_x86_64-7.3.2-20220804-6354275  User: oesteban  Machine: dna058  Platform: Linux  PlatformVersion: 5.14.0-427.37.1.el9_4.x86_64  CompilerName: GCC  CompilerVersion: 8.4.0
ProgramName: mri_fill  ProgramArguments: mri_fill -all-info  ProgramVersion: 7.3.2  TimeStamp: 2026/03/09-10:55:44-GMT  BuildTime: Aug  4 2022 06:17:15  BuildStamp: freesurfer-linux-ubuntu22_x86_64-7.3.2-20220804-6354275  User: oesteban  Machine: dna058  Platform: Linux  PlatformVersion: 5.14.0-427.37.1.el9_4.x86_64  CompilerName: GCC  CompilerVersion: 8.4.0
ProgramName: mri_fuse_segmentations  ProgramArguments: mri_fuse_segmentations -all-info  ProgramVersion: 7.3.2  TimeStamp: 2026/03/09-10:55:44-GMT  BuildTime: Aug  4 2022 06:17:15  BuildStamp: freesurfer-linux-ubuntu22_x86_64-7.3.2-20220804-6354275  User: oesteban  Machine: dna058  Platform: Linux  PlatformVersion: 5.14.0-427.37.1.el9_4.x86_64  CompilerName: GCC  CompilerVersion: 8.4.0
ProgramName: mri_fwhm  ProgramArguments: mri_fwhm -all-info  ProgramVersion: 7.3.2  TimeStamp: 2026/03/09-10:55:44-GMT  BuildTime: Aug  4 2022 06:17:15  BuildStamp: freesurfer-linux-ubuntu22_x86_64-7.3.2-20220804-6354275  User: oesteban  Machine: dna058  Platform: Linux  PlatformVersion: 5.14.0-427.37.1.el9_4.x86_64  CompilerName: GCC  CompilerVersion: 8.4.0
ProgramName: mri_gcut  ProgramArguments: mri_gcut -all-info  ProgramVersion: 7.3.2  TimeStamp: 2026/03/09-10:55:44-GMT  BuildTime: Aug  4 2022 06:17:15  BuildStamp: freesurfer-linux-ubuntu22_x86_64-7.3.2-20220804-6354275  User: oesteban  Machine: dna058  Platform: Linux  PlatformVersion: 5.14.0-427.37.1.el9_4.x86_64  CompilerName: GCC  CompilerVersion: 8.4.0
ProgramName: mri_info  ProgramArguments: mri_info -all-info  ProgramVersion: 7.3.2  TimeStamp: 2026/03/09-10:55:44-GMT  BuildTime: Aug  4 2022 06:17:15  BuildStamp: freesurfer-linux-ubuntu22_x86_64-7.3.2-20220804-6354275  User: oesteban  Machine: dna058  Platform: Linux  PlatformVersion: 5.14.0-427.37.1.el9_4.x86_64  CompilerName: GCC  CompilerVersion: 8.4.0
ProgramName: mri_label2label  ProgramArguments: mri_label2label -all-info  ProgramVersion: 7.3.2  TimeStamp: 2026/03/09-10:55:44-GMT  BuildTime: Aug  4 2022 06:17:15  BuildStamp: freesurfer-linux-ubuntu22_x86_64-7.3.2-20220804-6354275  User: oesteban  Machine: dna058  Platform: Linux  PlatformVersion: 5.14.0-427.37.1.el9_4.x86_64  CompilerName: GCC  CompilerVersion: 8.4.0
ProgramName: mri_label2vol  ProgramArguments: mri_label2vol -all-info  ProgramVersion: 7.3.2  TimeStamp: 2026/03/09-10:55:44-GMT  BuildTime: Aug  4 2022 06:17:15  BuildStamp: freesurfer-linux-ubuntu22_x86_64-7.3.2-20220804-6354275  User: oesteban  Machine: dna058  Platform: Linux  PlatformVersion: 5.14.0-427.37.1.el9_4.x86_64  CompilerName: GCC  CompilerVersion: 8.4.0
ProgramName: mri_log_likelihood  ProgramArguments: mri_log_likelihood -all-info  ProgramVersion: 7.3.2  TimeStamp: 2026/03/09-10:55:44-GMT  BuildTime: Aug  4 2022 06:17:15  BuildStamp: freesurfer-linux-ubuntu22_x86_64-7.3.2-20220804-6354275  User: oesteban  Machine: dna058  Platform: Linux  PlatformVersion: 5.14.0-427.37.1.el9_4.x86_64  CompilerName: GCC  CompilerVersion: 8.4.0
ProgramName: mri_mask  ProgramArguments: mri_mask -all-info  ProgramVersion: 7.3.2  TimeStamp: 2026/03/09-10:55:44-GMT  BuildTime: Aug  4 2022 06:17:15  BuildStamp: freesurfer-linux-ubuntu22_x86_64-7.3.2-20220804-6354275  User: oesteban  Machine: dna058  Platform: Linux  PlatformVersion: 5.14.0-427.37.1.el9_4.x86_64  CompilerName: GCC  CompilerVersion: 8.4.0
ProgramName: mri_matrix_multiply  ProgramArguments: mri_matrix_multiply -all-info  ProgramVersion: 7.3.2  TimeStamp: 2026/03/09-10:55:44-GMT  BuildTime: Aug  4 2022 06:17:15  BuildStamp: freesurfer-linux-ubuntu22_x86_64-7.3.2-20220804-6354275  User: oesteban  Machine: dna058  Platform: Linux  PlatformVersion: 5.14.0-427.37.1.el9_4.x86_64  CompilerName: GCC  CompilerVersion: 8.4.0
ProgramName: mri_normalize  ProgramArguments: mri_normalize -all-info  ProgramVersion: 7.3.2  TimeStamp: 2026/03/09-10:55:44-GMT  BuildTime: Aug  4 2022 06:17:15  BuildStamp: freesurfer-linux-ubuntu22_x86_64-7.3.2-20220804-6354275  User: oesteban  Machine: dna058  Platform: Linux  PlatformVersion: 5.14.0-427.37.1.el9_4.x86_64  CompilerName: GCC  CompilerVersion: 8.4.0
ProgramName: mri_normalize_tp2  ProgramArguments: mri_normalize_tp2 -all-info  ProgramVersion: 7.3.2  TimeStamp: 2026/03/09-10:55:44-GMT  BuildTime: Aug  4 2022 06:17:15  BuildStamp: freesurfer-linux-ubuntu22_x86_64-7.3.2-20220804-6354275  User: oesteban  Machine: dna058  Platform: Linux  PlatformVersion: 5.14.0-427.37.1.el9_4.x86_64  CompilerName: GCC  CompilerVersion: 8.4.0
ProgramName: mri_or  ProgramArguments: mri_or -all-info  ProgramVersion: 7.3.2  TimeStamp: 2026/03/09-10:55:44-GMT  BuildTime: Aug  4 2022 06:17:15  BuildStamp: freesurfer-linux-ubuntu22_x86_64-7.3.2-20220804-6354275  User: oesteban  Machine: dna058  Platform: Linux  PlatformVersion: 5.14.0-427.37.1.el9_4.x86_64  CompilerName: GCC  CompilerVersion: 8.4.0
ProgramName: mri_relabel_hypointensities  ProgramArguments: mri_relabel_hypointensities -all-info  ProgramVersion: 7.3.2  TimeStamp: 2026/03/09-10:55:44-GMT  BuildTime: Aug  4 2022 06:17:15  BuildStamp: freesurfer-linux-ubuntu22_x86_64-7.3.2-20220804-6354275  User: oesteban  Machine: dna058  Platform: Linux  PlatformVersion: 5.14.0-427.37.1.el9_4.x86_64  CompilerName: GCC  CompilerVersion: 8.4.0
ProgramName: mri_relabel_nonwm_hypos  ProgramArguments: mri_relabel_nonwm_hypos -all-info  ProgramVersion: 7.3.2  TimeStamp: 2026/03/09-10:55:44-GMT  BuildTime: Aug  4 2022 06:17:15  BuildStamp: freesurfer-linux-ubuntu22_x86_64-7.3.2-20220804-6354275  User: oesteban  Machine: dna058  Platform: Linux  PlatformVersion: 5.14.0-427.37.1.el9_4.x86_64  CompilerName: GCC  CompilerVersion: 8.4.0
ProgramName: mri_remove_neck  ProgramArguments: mri_remove_neck -all-info  ProgramVersion: 7.3.2  TimeStamp: 2026/03/09-10:55:44-GMT  BuildTime: Aug  4 2022 06:17:15  BuildStamp: freesurfer-linux-ubuntu22_x86_64-7.3.2-20220804-6354275  User: oesteban  Machine: dna058  Platform: Linux  PlatformVersion: 5.14.0-427.37.1.el9_4.x86_64  CompilerName: GCC  CompilerVersion: 8.4.0
7.3.2

ProgramName: mri_robust_register  ProgramArguments: mri_robust_register -all-info  ProgramVersion: 7.3.2  TimeStamp: 2026/03/09-10:55:44-GMT  BuildTime: Aug  4 2022 06:17:15  BuildStamp: freesurfer-linux-ubuntu22_x86_64-7.3.2-20220804-6354275  User: oesteban  Machine: dna058  Platform: Linux  PlatformVersion: 5.14.0-427.37.1.el9_4.x86_64  CompilerName: GCC  CompilerVersion: 8.4.0
7.3.2

ProgramName: mri_robust_template  ProgramArguments: mri_robust_template -all-info  ProgramVersion: 7.3.2  TimeStamp: 2026/03/09-10:55:44-GMT  BuildTime: Aug  4 2022 06:17:15  BuildStamp: freesurfer-linux-ubuntu22_x86_64-7.3.2-20220804-6354275  User: oesteban  Machine: dna058  Platform: Linux  PlatformVersion: 5.14.0-427.37.1.el9_4.x86_64  CompilerName: GCC  CompilerVersion: 8.4.0
ProgramName: mris_anatomical_stats  ProgramArguments: mris_anatomical_stats -all-info  ProgramVersion: 7.3.2  TimeStamp: 2026/03/09-10:55:44-GMT  BuildTime: Aug  4 2022 06:17:15  BuildStamp: freesurfer-linux-ubuntu22_x86_64-7.3.2-20220804-6354275  User: oesteban  Machine: dna058  Platform: Linux  PlatformVersion: 5.14.0-427.37.1.el9_4.x86_64  CompilerName: GCC  CompilerVersion: 8.4.0
ProgramName: mris_ca_label  ProgramArguments: mris_ca_label -all-info  ProgramVersion: 7.3.2  TimeStamp: 2026/03/09-10:55:44-GMT  BuildTime: Aug  4 2022 06:17:15  BuildStamp: freesurfer-linux-ubuntu22_x86_64-7.3.2-20220804-6354275  User: oesteban  Machine: dna058  Platform: Linux  PlatformVersion: 5.14.0-427.37.1.el9_4.x86_64  CompilerName: GCC  CompilerVersion: 8.4.0
ProgramName: mris_calc  ProgramArguments: mris_calc -all-info  ProgramVersion: 7.3.2  TimeStamp: 2026/03/09-10:55:44-GMT  BuildTime: Aug  4 2022 06:17:15  BuildStamp: freesurfer-linux-ubuntu22_x86_64-7.3.2-20220804-6354275  User: oesteban  Machine: dna058  Platform: Linux  PlatformVersion: 5.14.0-427.37.1.el9_4.x86_64  CompilerName: GCC  CompilerVersion: 8.4.0
ProgramName: mris_convert  ProgramArguments: mris_convert -all-info  ProgramVersion: 7.3.2  TimeStamp: 2026/03/09-10:55:44-GMT  BuildTime: Aug  4 2022 06:17:15  BuildStamp: freesurfer-linux-ubuntu22_x86_64-7.3.2-20220804-6354275  User: oesteban  Machine: dna058  Platform: Linux  PlatformVersion: 5.14.0-427.37.1.el9_4.x86_64  CompilerName: GCC  CompilerVersion: 8.4.0
ProgramName: mris_curvature  ProgramArguments: mris_curvature -all-info  ProgramVersion: 7.3.2  TimeStamp: 2026/03/09-10:55:44-GMT  BuildTime: Aug  4 2022 06:17:15  BuildStamp: freesurfer-linux-ubuntu22_x86_64-7.3.2-20220804-6354275  User: oesteban  Machine: dna058  Platform: Linux  PlatformVersion: 5.14.0-427.37.1.el9_4.x86_64  CompilerName: GCC  CompilerVersion: 8.4.0
ProgramName: mris_curvature_stats  ProgramArguments: mris_curvature_stats -all-info  ProgramVersion: 7.3.2  TimeStamp: 2026/03/09-10:55:44-GMT  BuildTime: Aug  4 2022 06:17:15  BuildStamp: freesurfer-linux-ubuntu22_x86_64-7.3.2-20220804-6354275  User: oesteban  Machine: dna058  Platform: Linux  PlatformVersion: 5.14.0-427.37.1.el9_4.x86_64  CompilerName: GCC  CompilerVersion: 8.4.0
ProgramName: mris_diff  ProgramArguments: mris_diff -all-info  ProgramVersion: 7.3.2  TimeStamp: 2026/03/09-10:55:44-GMT  BuildTime: Aug  4 2022 06:17:15  BuildStamp: freesurfer-linux-ubuntu22_x86_64-7.3.2-20220804-6354275  User: oesteban  Machine: dna058  Platform: Linux  PlatformVersion: 5.14.0-427.37.1.el9_4.x86_64  CompilerName: GCC  CompilerVersion: 8.4.0
ProgramName: mris_divide_parcellation  ProgramArguments: mris_divide_parcellation -all-info  ProgramVersion: 7.3.2  TimeStamp: 2026/03/09-10:55:44-GMT  BuildTime: Aug  4 2022 06:17:15  BuildStamp: freesurfer-linux-ubuntu22_x86_64-7.3.2-20220804-6354275  User: oesteban  Machine: dna058  Platform: Linux  PlatformVersion: 5.14.0-427.37.1.el9_4.x86_64  CompilerName: GCC  CompilerVersion: 8.4.0
ProgramName: mri_segment  ProgramArguments: mri_segment -all-info  ProgramVersion: 7.3.2  TimeStamp: 2026/03/09-10:55:44-GMT  BuildTime: Aug  4 2022 06:17:15  BuildStamp: freesurfer-linux-ubuntu22_x86_64-7.3.2-20220804-6354275  User: oesteban  Machine: dna058  Platform: Linux  PlatformVersion: 5.14.0-427.37.1.el9_4.x86_64  CompilerName: GCC  CompilerVersion: 8.4.0
ProgramName: mri_segstats  ProgramArguments: mri_segstats -all-info  ProgramVersion: 7.3.2  TimeStamp: 2026/03/09-10:55:44-GMT  BuildTime: Aug  4 2022 06:17:15  BuildStamp: freesurfer-linux-ubuntu22_x86_64-7.3.2-20220804-6354275  User: oesteban  Machine: dna058  Platform: Linux  PlatformVersion: 5.14.0-427.37.1.el9_4.x86_64  CompilerName: GCC  CompilerVersion: 8.4.0
ProgramName: mris_euler_number  ProgramArguments: mris_euler_number -all-info  ProgramVersion: 7.3.2  TimeStamp: 2026/03/09-10:55:44-GMT  BuildTime: Aug  4 2022 06:17:15  BuildStamp: freesurfer-linux-ubuntu22_x86_64-7.3.2-20220804-6354275  User: oesteban  Machine: dna058  Platform: Linux  PlatformVersion: 5.14.0-427.37.1.el9_4.x86_64  CompilerName: GCC  CompilerVersion: 8.4.0
ProgramName: mris_fix_topology  ProgramArguments: mris_fix_topology -all-info  ProgramVersion: 7.3.2  TimeStamp: 2026/03/09-10:55:44-GMT  BuildTime: Aug  4 2022 06:17:15  BuildStamp: freesurfer-linux-ubuntu22_x86_64-7.3.2-20220804-6354275  User: oesteban  Machine: dna058  Platform: Linux  PlatformVersion: 5.14.0-427.37.1.el9_4.x86_64  CompilerName: GCC  CompilerVersion: 8.4.0
ProgramName: mris_topo_fixer  ProgramArguments: mris_topo_fixer -all-info  ProgramVersion: 7.3.2  TimeStamp: 2026/03/09-10:55:44-GMT  BuildTime: Aug  4 2022 06:17:15  BuildStamp: freesurfer-linux-ubuntu22_x86_64-7.3.2-20220804-6354275  User: oesteban  Machine: dna058  Platform: Linux  PlatformVersion: 5.14.0-427.37.1.el9_4.x86_64  CompilerName: GCC  CompilerVersion: 8.4.0
ProgramName: mris_jacobian  ProgramArguments: mris_jacobian -all-info  ProgramVersion: 7.3.2  TimeStamp: 2026/03/09-10:55:44-GMT  BuildTime: Aug  4 2022 06:17:15  BuildStamp: freesurfer-linux-ubuntu22_x86_64-7.3.2-20220804-6354275  User: oesteban  Machine: dna058  Platform: Linux  PlatformVersion: 5.14.0-427.37.1.el9_4.x86_64  CompilerName: GCC  CompilerVersion: 8.4.0
ProgramName: mris_label2annot  ProgramArguments: mris_label2annot -all-info  ProgramVersion: 7.3.2  TimeStamp: 2026/03/09-10:55:44-GMT  BuildTime: Aug  4 2022 06:17:15  BuildStamp: freesurfer-linux-ubuntu22_x86_64-7.3.2-20220804-6354275  User: oesteban  Machine: dna058  Platform: Linux  PlatformVersion: 5.14.0-427.37.1.el9_4.x86_64  CompilerName: GCC  CompilerVersion: 8.4.0
ProgramName: mris_left_right_register  ProgramArguments: mris_left_right_register -all-info  ProgramVersion: 7.3.2  TimeStamp: 2026/03/09-10:55:44-GMT  BuildTime: Aug  4 2022 06:17:15  BuildStamp: freesurfer-linux-ubuntu22_x86_64-7.3.2-20220804-6354275  User: oesteban  Machine: dna058  Platform: Linux  PlatformVersion: 5.14.0-427.37.1.el9_4.x86_64  CompilerName: GCC  CompilerVersion: 8.4.0
ProgramName: mris_place_surface  ProgramArguments: mris_place_surface -all-info  ProgramVersion: 7.3.2  TimeStamp: 2026/03/09-10:55:44-GMT  BuildTime: Aug  4 2022 06:17:15  BuildStamp: freesurfer-linux-ubuntu22_x86_64-7.3.2-20220804-6354275  User: oesteban  Machine: dna058  Platform: Linux  PlatformVersion: 5.14.0-427.37.1.el9_4.x86_64  CompilerName: GCC  CompilerVersion: 8.4.0
ProgramName: mrisp_paint  ProgramArguments: mrisp_paint -all-info  ProgramVersion: 7.3.2  TimeStamp: 2026/03/09-10:55:44-GMT  BuildTime: Aug  4 2022 06:17:15  BuildStamp: freesurfer-linux-ubuntu22_x86_64-7.3.2-20220804-6354275  User: oesteban  Machine: dna058  Platform: Linux  PlatformVersion: 5.14.0-427.37.1.el9_4.x86_64  CompilerName: GCC  CompilerVersion: 8.4.0
ProgramName: mris_register  ProgramArguments: mris_register -all-info  ProgramVersion: 7.3.2  TimeStamp: 2026/03/09-10:55:44-GMT  BuildTime: Aug  4 2022 06:17:15  BuildStamp: freesurfer-linux-ubuntu22_x86_64-7.3.2-20220804-6354275  User: oesteban  Machine: dna058  Platform: Linux  PlatformVersion: 5.14.0-427.37.1.el9_4.x86_64  CompilerName: GCC  CompilerVersion: 8.4.0
ProgramName: mris_smooth  ProgramArguments: mris_smooth -all-info  ProgramVersion: 7.3.2  TimeStamp: 2026/03/09-10:55:44-GMT  BuildTime: Aug  4 2022 06:17:15  BuildStamp: freesurfer-linux-ubuntu22_x86_64-7.3.2-20220804-6354275  User: oesteban  Machine: dna058  Platform: Linux  PlatformVersion: 5.14.0-427.37.1.el9_4.x86_64  CompilerName: GCC  CompilerVersion: 8.4.0
ProgramName: mris_sphere  ProgramArguments: mris_sphere -all-info  ProgramVersion: 7.3.2  TimeStamp: 2026/03/09-10:55:44-GMT  BuildTime: Aug  4 2022 06:17:15  BuildStamp: freesurfer-linux-ubuntu22_x86_64-7.3.2-20220804-6354275  User: oesteban  Machine: dna058  Platform: Linux  PlatformVersion: 5.14.0-427.37.1.el9_4.x86_64  CompilerName: GCC  CompilerVersion: 8.4.0
ProgramName: mris_surface_stats  ProgramArguments: mris_surface_stats -all-info  ProgramVersion: 7.3.2  TimeStamp: 2026/03/09-10:55:44-GMT  BuildTime: Aug  4 2022 06:17:15  BuildStamp: freesurfer-linux-ubuntu22_x86_64-7.3.2-20220804-6354275  User: oesteban  Machine: dna058  Platform: Linux  PlatformVersion: 5.14.0-427.37.1.el9_4.x86_64  CompilerName: GCC  CompilerVersion: 8.4.0
ProgramName: mri_stats2seg  ProgramArguments: mri_stats2seg -all-info  ProgramVersion: 7.3.2  TimeStamp: 2026/03/09-10:55:44-GMT  BuildTime: Aug  4 2022 06:17:15  BuildStamp: freesurfer-linux-ubuntu22_x86_64-7.3.2-20220804-6354275  User: oesteban  Machine: dna058  Platform: Linux  PlatformVersion: 5.14.0-427.37.1.el9_4.x86_64  CompilerName: GCC  CompilerVersion: 8.4.0
ProgramName: mris_thickness  ProgramArguments: mris_thickness -all-info  ProgramVersion: 7.3.2  TimeStamp: 2026/03/09-10:55:44-GMT  BuildTime: Aug  4 2022 06:17:15  BuildStamp: freesurfer-linux-ubuntu22_x86_64-7.3.2-20220804-6354275  User: oesteban  Machine: dna058  Platform: Linux  PlatformVersion: 5.14.0-427.37.1.el9_4.x86_64  CompilerName: GCC  CompilerVersion: 8.4.0
ProgramName: mris_thickness_diff  ProgramArguments: mris_thickness_diff -all-info  ProgramVersion: 7.3.2  TimeStamp: 2026/03/09-10:55:44-GMT  BuildTime: Aug  4 2022 06:17:15  BuildStamp: freesurfer-linux-ubuntu22_x86_64-7.3.2-20220804-6354275  User: oesteban  Machine: dna058  Platform: Linux  PlatformVersion: 5.14.0-427.37.1.el9_4.x86_64  CompilerName: GCC  CompilerVersion: 8.4.0
ProgramName: mris_topo_fixer  ProgramArguments: mris_topo_fixer -all-info  ProgramVersion: 7.3.2  TimeStamp: 2026/03/09-10:55:44-GMT  BuildTime: Aug  4 2022 06:17:15  BuildStamp: freesurfer-linux-ubuntu22_x86_64-7.3.2-20220804-6354275  User: oesteban  Machine: dna058  Platform: Linux  PlatformVersion: 5.14.0-427.37.1.el9_4.x86_64  CompilerName: GCC  CompilerVersion: 8.4.0
ProgramName: mri_surf2surf  ProgramArguments: mri_surf2surf -all-info  ProgramVersion: 7.3.2  TimeStamp: 2026/03/09-10:55:44-GMT  BuildTime: Aug  4 2022 06:17:15  BuildStamp: freesurfer-linux-ubuntu22_x86_64-7.3.2-20220804-6354275  User: oesteban  Machine: dna058  Platform: Linux  PlatformVersion: 5.14.0-427.37.1.el9_4.x86_64  CompilerName: GCC  CompilerVersion: 8.4.0
ProgramName: mri_surf2vol  ProgramArguments: mri_surf2vol -all-info  ProgramVersion: 7.3.2  TimeStamp: 2026/03/09-10:55:44-GMT  BuildTime: Aug  4 2022 06:17:15  BuildStamp: freesurfer-linux-ubuntu22_x86_64-7.3.2-20220804-6354275  User: oesteban  Machine: dna058  Platform: Linux  PlatformVersion: 5.14.0-427.37.1.el9_4.x86_64  CompilerName: GCC  CompilerVersion: 8.4.0
ProgramName: mri_surfcluster  ProgramArguments: mri_surfcluster -all-info  ProgramVersion: 7.3.2  TimeStamp: 2026/03/09-10:55:44-GMT  BuildTime: Aug  4 2022 06:17:15  BuildStamp: freesurfer-linux-ubuntu22_x86_64-7.3.2-20220804-6354275  User: oesteban  Machine: dna058  Platform: Linux  PlatformVersion: 5.14.0-427.37.1.el9_4.x86_64  CompilerName: GCC  CompilerVersion: 8.4.0
ProgramName: mris_volmask  ProgramArguments: mris_volmask -all-info  ProgramVersion: 7.3.2  TimeStamp: 2026/03/09-10:55:44-GMT  BuildTime: Aug  4 2022 06:17:15  BuildStamp: freesurfer-linux-ubuntu22_x86_64-7.3.2-20220804-6354275  User: oesteban  Machine: dna058  Platform: Linux  PlatformVersion: 5.14.0-427.37.1.el9_4.x86_64  CompilerName: GCC  CompilerVersion: 8.4.0
ProgramName: mri_tessellate  ProgramArguments: mri_tessellate -all-info  ProgramVersion: 7.3.2  TimeStamp: 2026/03/09-10:55:44-GMT  BuildTime: Aug  4 2022 06:17:15  BuildStamp: freesurfer-linux-ubuntu22_x86_64-7.3.2-20220804-6354275  User: oesteban  Machine: dna058  Platform: Linux  PlatformVersion: 5.14.0-427.37.1.el9_4.x86_64  CompilerName: GCC  CompilerVersion: 8.4.0
ProgramName: mri_vol2surf  ProgramArguments: mri_vol2surf -all-info  ProgramVersion: 7.3.2  TimeStamp: 2026/03/09-10:55:44-GMT  BuildTime: Aug  4 2022 06:17:15  BuildStamp: freesurfer-linux-ubuntu22_x86_64-7.3.2-20220804-6354275  User: oesteban  Machine: dna058  Platform: Linux  PlatformVersion: 5.14.0-427.37.1.el9_4.x86_64  CompilerName: GCC  CompilerVersion: 8.4.0
ProgramName: mri_vol2vol  ProgramArguments: mri_vol2vol -all-info  ProgramVersion: 7.3.2  TimeStamp: 2026/03/09-10:55:44-GMT  BuildTime: Aug  4 2022 06:17:15  BuildStamp: freesurfer-linux-ubuntu22_x86_64-7.3.2-20220804-6354275  User: oesteban  Machine: dna058  Platform: Linux  PlatformVersion: 5.14.0-427.37.1.el9_4.x86_64  CompilerName: GCC  CompilerVersion: 8.4.0
ProgramName: mri_voldiff  ProgramArguments: mri_voldiff -all-info  ProgramVersion: 7.3.2  TimeStamp: 2026/03/09-10:55:44-GMT  BuildTime: Aug  4 2022 06:17:15  BuildStamp: freesurfer-linux-ubuntu22_x86_64-7.3.2-20220804-6354275  User: oesteban  Machine: dna058  Platform: Linux  PlatformVersion: 5.14.0-427.37.1.el9_4.x86_64  CompilerName: GCC  CompilerVersion: 8.4.0
ProgramName: mri_watershed  ProgramArguments: mri_watershed -all-info  ProgramVersion: 7.3.2  TimeStamp: 2026/03/09-10:55:44-GMT  BuildTime: Aug  4 2022 06:17:15  BuildStamp: freesurfer-linux-ubuntu22_x86_64-7.3.2-20220804-6354275  User: oesteban  Machine: dna058  Platform: Linux  PlatformVersion: 5.14.0-427.37.1.el9_4.x86_64  CompilerName: GCC  CompilerVersion: 8.4.0
ProgramName: tkregister2  ProgramArguments: tkregister2_cmdl -all-info  ProgramVersion: 7.3.2  TimeStamp: 2026/03/09-10:55:44-GMT  BuildTime: Aug  4 2022 06:17:15  BuildStamp: freesurfer-linux-ubuntu22_x86_64-7.3.2-20220804-6354275  User: oesteban  Machine: dna058  Platform: Linux  PlatformVersion: 5.14.0-427.37.1.el9_4.x86_64  CompilerName: GCC  CompilerVersion: 8.4.0
mri_motion_correct.fsl 7.3.2
mri_convert -all-info 
ProgramName: mri_convert  ProgramArguments: mri_convert -all-info  ProgramVersion: 7.3.2  TimeStamp: 2026/03/09-10:55:44-GMT  BuildTime: Aug  4 2022 06:17:15  BuildStamp: freesurfer-linux-ubuntu22_x86_64-7.3.2-20220804-6354275  User: oesteban  Machine: dna058  Platform: Linux  PlatformVersion: 5.14.0-427.37.1.el9_4.x86_64  CompilerName: GCC  CompilerVersion: 8.4.0
Program nu_correct, built from:
Package MNI N3, version 1.12.0, compiled by nicks@terrier (x86_64-unknown-linux-gnu) on 2015-06-19 at 01:25:34
#######################################
GCADIR /opt/freesurfer/average
GCA RB_all_2020-01-02.gca
GCASkull RB_all_withskull_2020_01_02.gca
AvgCurvTif folding.atlas.acfb40.noaparc.i12.2016-08-02.tif
GCSDIR /opt/freesurfer/average
GCS DKaparc.atlas.acfb40.noaparc.i12.2016-08-02.gcs
#######################################
#@# white curv lh Mon Mar  9 11:55:44 CET 2026
cd /out/sourcedata/freesurfer/sub-v1s21x0050390_ses-1/mri
mris_place_surface --curv-map ../surf/lh.white 2 10 ../surf/lh.curv
   Update not needed
#@# white area lh Mon Mar  9 11:55:44 CET 2026
cd /out/sourcedata/freesurfer/sub-v1s21x0050390_ses-1/mri
mris_place_surface --area-map ../surf/lh.white ../surf/lh.area
   Update not needed
#@# pial curv lh Mon Mar  9 11:55:44 CET 2026
cd /out/sourcedata/freesurfer/sub-v1s21x0050390_ses-1/mri
mris_place_surface --curv-map ../surf/lh.pial 2 10 ../surf/lh.curv.pial
   Update not needed
#@# pial area lh Mon Mar  9 11:55:44 CET 2026
cd /out/sourcedata/freesurfer/sub-v1s21x0050390_ses-1/mri
mris_place_surface --area-map ../surf/lh.pial ../surf/lh.area.pial
   Update not needed
#@# thickness lh Mon Mar  9 11:55:44 CET 2026
cd /out/sourcedata/freesurfer/sub-v1s21x0050390_ses-1/mri
mris_place_surface --thickness ../surf/lh.white ../surf/lh.pial 20 5 ../surf/lh.thickness
   Update not needed
#@# area and vertex vol lh Mon Mar  9 11:55:44 CET 2026
cd /out/sourcedata/freesurfer/sub-v1s21x0050390_ses-1/mri
mris_place_surface --thickness ../surf/lh.white ../surf/lh.pial 20 5 ../surf/lh.thickness
   Update not needed
#@# white curv rh Mon Mar  9 11:55:44 CET 2026
cd /out/sourcedata/freesurfer/sub-v1s21x0050390_ses-1/mri
mris_place_surface --curv-map ../surf/rh.white 2 10 ../surf/rh.curv
   Update not needed
#@# white area rh Mon Mar  9 11:55:44 CET 2026
cd /out/sourcedata/freesurfer/sub-v1s21x0050390_ses-1/mri
mris_place_surface --area-map ../surf/rh.white ../surf/rh.area
   Update not needed
#@# pial curv rh Mon Mar  9 11:55:44 CET 2026
cd /out/sourcedata/freesurfer/sub-v1s21x0050390_ses-1/mri
mris_place_surface --curv-map ../surf/rh.pial 2 10 ../surf/rh.curv.pial
   Update not needed
#@# pial area rh Mon Mar  9 11:55:44 CET 2026
cd /out/sourcedata/freesurfer/sub-v1s21x0050390_ses-1/mri
mris_place_surface --area-map ../surf/rh.pial ../surf/rh.area.pial
   Update not needed
#@# thickness rh Mon Mar  9 11:55:44 CET 2026
cd /out/sourcedata/freesurfer/sub-v1s21x0050390_ses-1/mri
mris_place_surface --thickness ../surf/rh.white ../surf/rh.pial 20 5 ../surf/rh.thickness
   Update not needed
#@# area and vertex vol rh Mon Mar  9 11:55:44 CET 2026
cd /out/sourcedata/freesurfer/sub-v1s21x0050390_ses-1/mri
mris_place_surface --thickness ../surf/rh.white ../surf/rh.pial 20 5 ../surf/rh.thickness
   Update not needed
#--------------------------------------------
#@# Cortical ribbon mask Mon Mar  9 11:55:44 CET 2026
/out/sourcedata/freesurfer/sub-v1s21x0050390_ses-1/mri

 mris_volmask --aseg_name aseg.presurf --label_left_white 2 --label_left_ribbon 3 --label_right_white 41 --label_right_ribbon 42 --save_ribbon sub-v1s21x0050390_ses-1 

SUBJECTS_DIR is /out/sourcedata/freesurfer
loading input data...
Running hemis serially
Processing left hemi
computing distance to left white surface 
computing distance to left pial surface 
Processing right hemi
computing distance to right white surface 
computing distance to right pial surface 
 hemi masks overlap voxels = 402
writing volume /out/sourcedata/freesurfer/sub-v1s21x0050390_ses-1/mri/ribbon.mgz
mris_volmask took 5.13 minutes
 writing ribbon files

Started at Mon Mar 9 11:55:44 CET 2026 
Ended   at Mon Mar 9 12:00:52 CET 2026
#@#%# recon-all-run-time-hours 0.086
recon-all -s sub-v1s21x0050390_ses-1 finished without error at Mon Mar  9 12:00:52 CET 2026



#New# invocation of recon-all 




Mon Mar  9 12:07:16 CET 2026
cd /out/sourcedata/freesurfer/sub-v1s21x0050390_ses-1
setenv SUBJECTS_DIR /out/sourcedata/freesurfer
/opt/freesurfer/bin/recon-all -autorecon3 -openmp 16 -subjid sub-v1s21x0050390_ses-1 -sd /out/sourcedata/freesurfer -nosphere -nosurfreg -nojacobian_white -noavgcurv -nocortparc -nopial -noparcstats -nocortparc2 -noparcstats2 -nocortparc3 -noparcstats3 -nopctsurfcon -nocortribbon -nobalabels

subjid sub-v1s21x0050390_ses-1
setenv SUBJECTS_DIR /out/sourcedata/freesurfer
FREESURFER_HOME /opt/freesurfer
Actual FREESURFER_HOME /opt/freesurfer
build-stamp.txt: freesurfer-linux-ubuntu22_x86_64-7.3.2-20220804-6354275
Linux dna058 5.14.0-427.37.1.el9_4.x86_64 #1 SMP PREEMPT_DYNAMIC Fri Sep 13 12:41:50 EDT 2024 x86_64 x86_64 x86_64 GNU/Linux
cputime      unlimited
filesize     unlimited
datasize     unlimited
stacksize    8192 kbytes
coredumpsize 0 kbytes
memoryuse    67108864 kbytes
vmemoryuse   unlimited
descriptors  1024 
memorylocked unlimited
maxproc      2061970 
maxlocks     unlimited
maxsignal    2061970 
maxmessage   819200 
maxnice      0 
maxrtprio    0 
maxrttime    unlimited

               total        used        free      shared  buff/cache   available
Mem:           503Gi        52Gi       203Gi        14Gi       247Gi       433Gi
Swap:             0B          0B          0B

########################################
program versions used
7.3.2 (freesurfer-linux-ubuntu22_x86_64-7.3.2-20220804-6354275)
7.3.2

ProgramName: lta_convert  ProgramArguments: lta_convert -all-info  ProgramVersion: 7.3.2  TimeStamp: 2026/03/09-11:07:16-GMT  BuildTime: Aug  4 2022 06:17:15  BuildStamp: freesurfer-linux-ubuntu22_x86_64-7.3.2-20220804-6354275  User: oesteban  Machine: dna058  Platform: Linux  PlatformVersion: 5.14.0-427.37.1.el9_4.x86_64  CompilerName: GCC  CompilerVersion: 8.4.0
ProgramName: mri_and  ProgramArguments: mri_and -all-info  ProgramVersion: 7.3.2  TimeStamp: 2026/03/09-11:07:16-GMT  BuildTime: Aug  4 2022 06:17:15  BuildStamp: freesurfer-linux-ubuntu22_x86_64-7.3.2-20220804-6354275  User: oesteban  Machine: dna058  Platform: Linux  PlatformVersion: 5.14.0-427.37.1.el9_4.x86_64  CompilerName: GCC  CompilerVersion: 8.4.0
ProgramName: mri_annotation2label  ProgramArguments: mri_annotation2label -all-info  ProgramVersion: 7.3.2  TimeStamp: 2026/03/09-11:07:16-GMT  BuildTime: Aug  4 2022 06:17:15  BuildStamp: freesurfer-linux-ubuntu22_x86_64-7.3.2-20220804-6354275  User: oesteban  Machine: dna058  Platform: Linux  PlatformVersion: 5.14.0-427.37.1.el9_4.x86_64  CompilerName: GCC  CompilerVersion: 8.4.0
ProgramName: mri_aparc2aseg  ProgramArguments: mri_aparc2aseg -all-info  ProgramVersion: 7.3.2  TimeStamp: 2026/03/09-11:07:16-GMT  BuildTime: Aug  4 2022 06:17:15  BuildStamp: freesurfer-linux-ubuntu22_x86_64-7.3.2-20220804-6354275  User: oesteban  Machine: dna058  Platform: Linux  PlatformVersion: 5.14.0-427.37.1.el9_4.x86_64  CompilerName: GCC  CompilerVersion: 8.4.0
ProgramName: mri_surf2volseg  ProgramArguments: mri_surf2volseg -all-info  ProgramVersion: 7.3.2  TimeStamp: 2026/03/09-11:07:16-GMT  BuildTime: Aug  4 2022 06:17:15  BuildStamp: freesurfer-linux-ubuntu22_x86_64-7.3.2-20220804-6354275  User: oesteban  Machine: dna058  Platform: Linux  PlatformVersion: 5.14.0-427.37.1.el9_4.x86_64  CompilerName: GCC  CompilerVersion: 8.4.0
ProgramName: mri_binarize  ProgramArguments: mri_binarize -all-info  ProgramVersion: 7.3.2  TimeStamp: 2026/03/09-11:07:16-GMT  BuildTime: Aug  4 2022 06:17:15  BuildStamp: freesurfer-linux-ubuntu22_x86_64-7.3.2-20220804-6354275  User: oesteban  Machine: dna058  Platform: Linux  PlatformVersion: 5.14.0-427.37.1.el9_4.x86_64  CompilerName: GCC  CompilerVersion: 8.4.0
ProgramName: mri_ca_label  ProgramArguments: mri_ca_label -all-info  ProgramVersion: 7.3.2  TimeStamp: 2026/03/09-11:07:16-GMT  BuildTime: Aug  4 2022 06:17:15  BuildStamp: freesurfer-linux-ubuntu22_x86_64-7.3.2-20220804-6354275  User: oesteban  Machine: dna058  Platform: Linux  PlatformVersion: 5.14.0-427.37.1.el9_4.x86_64  CompilerName: GCC  CompilerVersion: 8.4.0
ProgramName: mri_ca_normalize  ProgramArguments: mri_ca_normalize -all-info  ProgramVersion: 7.3.2  TimeStamp: 2026/03/09-11:07:16-GMT  BuildTime: Aug  4 2022 06:17:15  BuildStamp: freesurfer-linux-ubuntu22_x86_64-7.3.2-20220804-6354275  User: oesteban  Machine: dna058  Platform: Linux  PlatformVersion: 5.14.0-427.37.1.el9_4.x86_64  CompilerName: GCC  CompilerVersion: 8.4.0
ProgramName: mri_ca_register  ProgramArguments: mri_ca_register -all-info  ProgramVersion: 7.3.2  TimeStamp: 2026/03/09-11:07:16-GMT  BuildTime: Aug  4 2022 06:17:15  BuildStamp: freesurfer-linux-ubuntu22_x86_64-7.3.2-20220804-6354275  User: oesteban  Machine: dna058  Platform: Linux  PlatformVersion: 5.14.0-427.37.1.el9_4.x86_64  CompilerName: GCC  CompilerVersion: 8.4.0
ProgramName: mri_cc  ProgramArguments: mri_cc -all-info  ProgramVersion: 7.3.2  TimeStamp: 2026/03/09-11:07:16-GMT  BuildTime: Aug  4 2022 06:17:15  BuildStamp: freesurfer-linux-ubuntu22_x86_64-7.3.2-20220804-6354275  User: oesteban  Machine: dna058  Platform: Linux  PlatformVersion: 5.14.0-427.37.1.el9_4.x86_64  CompilerName: GCC  CompilerVersion: 8.4.0
ProgramName: mri_compute_overlap  ProgramArguments: mri_compute_overlap -all-info  ProgramVersion: 7.3.2  TimeStamp: 2026/03/09-11:07:16-GMT  BuildTime: Aug  4 2022 06:17:15  BuildStamp: freesurfer-linux-ubuntu22_x86_64-7.3.2-20220804-6354275  User: oesteban  Machine: dna058  Platform: Linux  PlatformVersion: 5.14.0-427.37.1.el9_4.x86_64  CompilerName: GCC  CompilerVersion: 8.4.0
ProgramName: mri_compute_seg_overlap  ProgramArguments: mri_compute_seg_overlap -all-info  ProgramVersion: 7.3.2  TimeStamp: 2026/03/09-11:07:16-GMT  BuildTime: Aug  4 2022 06:17:15  BuildStamp: freesurfer-linux-ubuntu22_x86_64-7.3.2-20220804-6354275  User: oesteban  Machine: dna058  Platform: Linux  PlatformVersion: 5.14.0-427.37.1.el9_4.x86_64  CompilerName: GCC  CompilerVersion: 8.4.0
ProgramName: mri_concat  ProgramArguments: mri_concat -all-info  ProgramVersion: 7.3.2  TimeStamp: 2026/03/09-11:07:16-GMT  BuildTime: Aug  4 2022 06:17:15  BuildStamp: freesurfer-linux-ubuntu22_x86_64-7.3.2-20220804-6354275  User: oesteban  Machine: dna058  Platform: Linux  PlatformVersion: 5.14.0-427.37.1.el9_4.x86_64  CompilerName: GCC  CompilerVersion: 8.4.0
ProgramName: mri_concatenate_lta  ProgramArguments: mri_concatenate_lta -all-info  ProgramVersion: 7.3.2  TimeStamp: 2026/03/09-11:07:16-GMT  BuildTime: Aug  4 2022 06:17:15  BuildStamp: freesurfer-linux-ubuntu22_x86_64-7.3.2-20220804-6354275  User: oesteban  Machine: dna058  Platform: Linux  PlatformVersion: 5.14.0-427.37.1.el9_4.x86_64  CompilerName: GCC  CompilerVersion: 8.4.0
mri_convert -all-info 
ProgramName: mri_convert  ProgramArguments: mri_convert -all-info  ProgramVersion: 7.3.2  TimeStamp: 2026/03/09-11:07:16-GMT  BuildTime: Aug  4 2022 06:17:15  BuildStamp: freesurfer-linux-ubuntu22_x86_64-7.3.2-20220804-6354275  User: oesteban  Machine: dna058  Platform: Linux  PlatformVersion: 5.14.0-427.37.1.el9_4.x86_64  CompilerName: GCC  CompilerVersion: 8.4.0
ProgramName: mri_diff  ProgramArguments: mri_diff -all-info  ProgramVersion: 7.3.2  TimeStamp: 2026/03/09-11:07:16-GMT  BuildTime: Aug  4 2022 06:17:15  BuildStamp: freesurfer-linux-ubuntu22_x86_64-7.3.2-20220804-6354275  User: oesteban  Machine: dna058  Platform: Linux  PlatformVersion: 5.14.0-427.37.1.el9_4.x86_64  CompilerName: GCC  CompilerVersion: 8.4.0
ProgramName: mri_edit_wm_with_aseg  ProgramArguments: mri_edit_wm_with_aseg -all-info  ProgramVersion: 7.3.2  TimeStamp: 2026/03/09-11:07:16-GMT  BuildTime: Aug  4 2022 06:17:15  BuildStamp: freesurfer-linux-ubuntu22_x86_64-7.3.2-20220804-6354275  User: oesteban  Machine: dna058  Platform: Linux  PlatformVersion: 5.14.0-427.37.1.el9_4.x86_64  CompilerName: GCC  CompilerVersion: 8.4.0
ProgramName: mri_em_register  ProgramArguments: mri_em_register -all-info  ProgramVersion: 7.3.2  TimeStamp: 2026/03/09-11:07:16-GMT  BuildTime: Aug  4 2022 06:17:15  BuildStamp: freesurfer-linux-ubuntu22_x86_64-7.3.2-20220804-6354275  User: oesteban  Machine: dna058  Platform: Linux  PlatformVersion: 5.14.0-427.37.1.el9_4.x86_64  CompilerName: GCC  CompilerVersion: 8.4.0
ProgramName: mri_fill  ProgramArguments: mri_fill -all-info  ProgramVersion: 7.3.2  TimeStamp: 2026/03/09-11:07:16-GMT  BuildTime: Aug  4 2022 06:17:15  BuildStamp: freesurfer-linux-ubuntu22_x86_64-7.3.2-20220804-6354275  User: oesteban  Machine: dna058  Platform: Linux  PlatformVersion: 5.14.0-427.37.1.el9_4.x86_64  CompilerName: GCC  CompilerVersion: 8.4.0
ProgramName: mri_fuse_segmentations  ProgramArguments: mri_fuse_segmentations -all-info  ProgramVersion: 7.3.2  TimeStamp: 2026/03/09-11:07:16-GMT  BuildTime: Aug  4 2022 06:17:15  BuildStamp: freesurfer-linux-ubuntu22_x86_64-7.3.2-20220804-6354275  User: oesteban  Machine: dna058  Platform: Linux  PlatformVersion: 5.14.0-427.37.1.el9_4.x86_64  CompilerName: GCC  CompilerVersion: 8.4.0
ProgramName: mri_fwhm  ProgramArguments: mri_fwhm -all-info  ProgramVersion: 7.3.2  TimeStamp: 2026/03/09-11:07:16-GMT  BuildTime: Aug  4 2022 06:17:15  BuildStamp: freesurfer-linux-ubuntu22_x86_64-7.3.2-20220804-6354275  User: oesteban  Machine: dna058  Platform: Linux  PlatformVersion: 5.14.0-427.37.1.el9_4.x86_64  CompilerName: GCC  CompilerVersion: 8.4.0
ProgramName: mri_gcut  ProgramArguments: mri_gcut -all-info  ProgramVersion: 7.3.2  TimeStamp: 2026/03/09-11:07:16-GMT  BuildTime: Aug  4 2022 06:17:15  BuildStamp: freesurfer-linux-ubuntu22_x86_64-7.3.2-20220804-6354275  User: oesteban  Machine: dna058  Platform: Linux  PlatformVersion: 5.14.0-427.37.1.el9_4.x86_64  CompilerName: GCC  CompilerVersion: 8.4.0
ProgramName: mri_info  ProgramArguments: mri_info -all-info  ProgramVersion: 7.3.2  TimeStamp: 2026/03/09-11:07:16-GMT  BuildTime: Aug  4 2022 06:17:15  BuildStamp: freesurfer-linux-ubuntu22_x86_64-7.3.2-20220804-6354275  User: oesteban  Machine: dna058  Platform: Linux  PlatformVersion: 5.14.0-427.37.1.el9_4.x86_64  CompilerName: GCC  CompilerVersion: 8.4.0
ProgramName: mri_label2label  ProgramArguments: mri_label2label -all-info  ProgramVersion: 7.3.2  TimeStamp: 2026/03/09-11:07:16-GMT  BuildTime: Aug  4 2022 06:17:15  BuildStamp: freesurfer-linux-ubuntu22_x86_64-7.3.2-20220804-6354275  User: oesteban  Machine: dna058  Platform: Linux  PlatformVersion: 5.14.0-427.37.1.el9_4.x86_64  CompilerName: GCC  CompilerVersion: 8.4.0
ProgramName: mri_label2vol  ProgramArguments: mri_label2vol -all-info  ProgramVersion: 7.3.2  TimeStamp: 2026/03/09-11:07:16-GMT  BuildTime: Aug  4 2022 06:17:15  BuildStamp: freesurfer-linux-ubuntu22_x86_64-7.3.2-20220804-6354275  User: oesteban  Machine: dna058  Platform: Linux  PlatformVersion: 5.14.0-427.37.1.el9_4.x86_64  CompilerName: GCC  CompilerVersion: 8.4.0
ProgramName: mri_log_likelihood  ProgramArguments: mri_log_likelihood -all-info  ProgramVersion: 7.3.2  TimeStamp: 2026/03/09-11:07:16-GMT  BuildTime: Aug  4 2022 06:17:15  BuildStamp: freesurfer-linux-ubuntu22_x86_64-7.3.2-20220804-6354275  User: oesteban  Machine: dna058  Platform: Linux  PlatformVersion: 5.14.0-427.37.1.el9_4.x86_64  CompilerName: GCC  CompilerVersion: 8.4.0
ProgramName: mri_mask  ProgramArguments: mri_mask -all-info  ProgramVersion: 7.3.2  TimeStamp: 2026/03/09-11:07:16-GMT  BuildTime: Aug  4 2022 06:17:15  BuildStamp: freesurfer-linux-ubuntu22_x86_64-7.3.2-20220804-6354275  User: oesteban  Machine: dna058  Platform: Linux  PlatformVersion: 5.14.0-427.37.1.el9_4.x86_64  CompilerName: GCC  CompilerVersion: 8.4.0
ProgramName: mri_matrix_multiply  ProgramArguments: mri_matrix_multiply -all-info  ProgramVersion: 7.3.2  TimeStamp: 2026/03/09-11:07:16-GMT  BuildTime: Aug  4 2022 06:17:15  BuildStamp: freesurfer-linux-ubuntu22_x86_64-7.3.2-20220804-6354275  User: oesteban  Machine: dna058  Platform: Linux  PlatformVersion: 5.14.0-427.37.1.el9_4.x86_64  CompilerName: GCC  CompilerVersion: 8.4.0
ProgramName: mri_normalize  ProgramArguments: mri_normalize -all-info  ProgramVersion: 7.3.2  TimeStamp: 2026/03/09-11:07:16-GMT  BuildTime: Aug  4 2022 06:17:15  BuildStamp: freesurfer-linux-ubuntu22_x86_64-7.3.2-20220804-6354275  User: oesteban  Machine: dna058  Platform: Linux  PlatformVersion: 5.14.0-427.37.1.el9_4.x86_64  CompilerName: GCC  CompilerVersion: 8.4.0
ProgramName: mri_normalize_tp2  ProgramArguments: mri_normalize_tp2 -all-info  ProgramVersion: 7.3.2  TimeStamp: 2026/03/09-11:07:16-GMT  BuildTime: Aug  4 2022 06:17:15  BuildStamp: freesurfer-linux-ubuntu22_x86_64-7.3.2-20220804-6354275  User: oesteban  Machine: dna058  Platform: Linux  PlatformVersion: 5.14.0-427.37.1.el9_4.x86_64  CompilerName: GCC  CompilerVersion: 8.4.0
ProgramName: mri_or  ProgramArguments: mri_or -all-info  ProgramVersion: 7.3.2  TimeStamp: 2026/03/09-11:07:16-GMT  BuildTime: Aug  4 2022 06:17:15  BuildStamp: freesurfer-linux-ubuntu22_x86_64-7.3.2-20220804-6354275  User: oesteban  Machine: dna058  Platform: Linux  PlatformVersion: 5.14.0-427.37.1.el9_4.x86_64  CompilerName: GCC  CompilerVersion: 8.4.0
ProgramName: mri_relabel_hypointensities  ProgramArguments: mri_relabel_hypointensities -all-info  ProgramVersion: 7.3.2  TimeStamp: 2026/03/09-11:07:16-GMT  BuildTime: Aug  4 2022 06:17:15  BuildStamp: freesurfer-linux-ubuntu22_x86_64-7.3.2-20220804-6354275  User: oesteban  Machine: dna058  Platform: Linux  PlatformVersion: 5.14.0-427.37.1.el9_4.x86_64  CompilerName: GCC  CompilerVersion: 8.4.0
ProgramName: mri_relabel_nonwm_hypos  ProgramArguments: mri_relabel_nonwm_hypos -all-info  ProgramVersion: 7.3.2  TimeStamp: 2026/03/09-11:07:16-GMT  BuildTime: Aug  4 2022 06:17:15  BuildStamp: freesurfer-linux-ubuntu22_x86_64-7.3.2-20220804-6354275  User: oesteban  Machine: dna058  Platform: Linux  PlatformVersion: 5.14.0-427.37.1.el9_4.x86_64  CompilerName: GCC  CompilerVersion: 8.4.0
ProgramName: mri_remove_neck  ProgramArguments: mri_remove_neck -all-info  ProgramVersion: 7.3.2  TimeStamp: 2026/03/09-11:07:16-GMT  BuildTime: Aug  4 2022 06:17:15  BuildStamp: freesurfer-linux-ubuntu22_x86_64-7.3.2-20220804-6354275  User: oesteban  Machine: dna058  Platform: Linux  PlatformVersion: 5.14.0-427.37.1.el9_4.x86_64  CompilerName: GCC  CompilerVersion: 8.4.0
7.3.2

ProgramName: mri_robust_register  ProgramArguments: mri_robust_register -all-info  ProgramVersion: 7.3.2  TimeStamp: 2026/03/09-11:07:16-GMT  BuildTime: Aug  4 2022 06:17:15  BuildStamp: freesurfer-linux-ubuntu22_x86_64-7.3.2-20220804-6354275  User: oesteban  Machine: dna058  Platform: Linux  PlatformVersion: 5.14.0-427.37.1.el9_4.x86_64  CompilerName: GCC  CompilerVersion: 8.4.0
7.3.2

ProgramName: mri_robust_template  ProgramArguments: mri_robust_template -all-info  ProgramVersion: 7.3.2  TimeStamp: 2026/03/09-11:07:16-GMT  BuildTime: Aug  4 2022 06:17:15  BuildStamp: freesurfer-linux-ubuntu22_x86_64-7.3.2-20220804-6354275  User: oesteban  Machine: dna058  Platform: Linux  PlatformVersion: 5.14.0-427.37.1.el9_4.x86_64  CompilerName: GCC  CompilerVersion: 8.4.0
ProgramName: mris_anatomical_stats  ProgramArguments: mris_anatomical_stats -all-info  ProgramVersion: 7.3.2  TimeStamp: 2026/03/09-11:07:16-GMT  BuildTime: Aug  4 2022 06:17:15  BuildStamp: freesurfer-linux-ubuntu22_x86_64-7.3.2-20220804-6354275  User: oesteban  Machine: dna058  Platform: Linux  PlatformVersion: 5.14.0-427.37.1.el9_4.x86_64  CompilerName: GCC  CompilerVersion: 8.4.0
ProgramName: mris_ca_label  ProgramArguments: mris_ca_label -all-info  ProgramVersion: 7.3.2  TimeStamp: 2026/03/09-11:07:16-GMT  BuildTime: Aug  4 2022 06:17:15  BuildStamp: freesurfer-linux-ubuntu22_x86_64-7.3.2-20220804-6354275  User: oesteban  Machine: dna058  Platform: Linux  PlatformVersion: 5.14.0-427.37.1.el9_4.x86_64  CompilerName: GCC  CompilerVersion: 8.4.0
ProgramName: mris_calc  ProgramArguments: mris_calc -all-info  ProgramVersion: 7.3.2  TimeStamp: 2026/03/09-11:07:16-GMT  BuildTime: Aug  4 2022 06:17:15  BuildStamp: freesurfer-linux-ubuntu22_x86_64-7.3.2-20220804-6354275  User: oesteban  Machine: dna058  Platform: Linux  PlatformVersion: 5.14.0-427.37.1.el9_4.x86_64  CompilerName: GCC  CompilerVersion: 8.4.0
ProgramName: mris_convert  ProgramArguments: mris_convert -all-info  ProgramVersion: 7.3.2  TimeStamp: 2026/03/09-11:07:16-GMT  BuildTime: Aug  4 2022 06:17:15  BuildStamp: freesurfer-linux-ubuntu22_x86_64-7.3.2-20220804-6354275  User: oesteban  Machine: dna058  Platform: Linux  PlatformVersion: 5.14.0-427.37.1.el9_4.x86_64  CompilerName: GCC  CompilerVersion: 8.4.0
ProgramName: mris_curvature  ProgramArguments: mris_curvature -all-info  ProgramVersion: 7.3.2  TimeStamp: 2026/03/09-11:07:16-GMT  BuildTime: Aug  4 2022 06:17:15  BuildStamp: freesurfer-linux-ubuntu22_x86_64-7.3.2-20220804-6354275  User: oesteban  Machine: dna058  Platform: Linux  PlatformVersion: 5.14.0-427.37.1.el9_4.x86_64  CompilerName: GCC  CompilerVersion: 8.4.0
ProgramName: mris_curvature_stats  ProgramArguments: mris_curvature_stats -all-info  ProgramVersion: 7.3.2  TimeStamp: 2026/03/09-11:07:16-GMT  BuildTime: Aug  4 2022 06:17:15  BuildStamp: freesurfer-linux-ubuntu22_x86_64-7.3.2-20220804-6354275  User: oesteban  Machine: dna058  Platform: Linux  PlatformVersion: 5.14.0-427.37.1.el9_4.x86_64  CompilerName: GCC  CompilerVersion: 8.4.0
ProgramName: mris_diff  ProgramArguments: mris_diff -all-info  ProgramVersion: 7.3.2  TimeStamp: 2026/03/09-11:07:16-GMT  BuildTime: Aug  4 2022 06:17:15  BuildStamp: freesurfer-linux-ubuntu22_x86_64-7.3.2-20220804-6354275  User: oesteban  Machine: dna058  Platform: Linux  PlatformVersion: 5.14.0-427.37.1.el9_4.x86_64  CompilerName: GCC  CompilerVersion: 8.4.0
ProgramName: mris_divide_parcellation  ProgramArguments: mris_divide_parcellation -all-info  ProgramVersion: 7.3.2  TimeStamp: 2026/03/09-11:07:16-GMT  BuildTime: Aug  4 2022 06:17:15  BuildStamp: freesurfer-linux-ubuntu22_x86_64-7.3.2-20220804-6354275  User: oesteban  Machine: dna058  Platform: Linux  PlatformVersion: 5.14.0-427.37.1.el9_4.x86_64  CompilerName: GCC  CompilerVersion: 8.4.0
ProgramName: mri_segment  ProgramArguments: mri_segment -all-info  ProgramVersion: 7.3.2  TimeStamp: 2026/03/09-11:07:16-GMT  BuildTime: Aug  4 2022 06:17:15  BuildStamp: freesurfer-linux-ubuntu22_x86_64-7.3.2-20220804-6354275  User: oesteban  Machine: dna058  Platform: Linux  PlatformVersion: 5.14.0-427.37.1.el9_4.x86_64  CompilerName: GCC  CompilerVersion: 8.4.0
ProgramName: mri_segstats  ProgramArguments: mri_segstats -all-info  ProgramVersion: 7.3.2  TimeStamp: 2026/03/09-11:07:16-GMT  BuildTime: Aug  4 2022 06:17:15  BuildStamp: freesurfer-linux-ubuntu22_x86_64-7.3.2-20220804-6354275  User: oesteban  Machine: dna058  Platform: Linux  PlatformVersion: 5.14.0-427.37.1.el9_4.x86_64  CompilerName: GCC  CompilerVersion: 8.4.0
ProgramName: mris_euler_number  ProgramArguments: mris_euler_number -all-info  ProgramVersion: 7.3.2  TimeStamp: 2026/03/09-11:07:16-GMT  BuildTime: Aug  4 2022 06:17:15  BuildStamp: freesurfer-linux-ubuntu22_x86_64-7.3.2-20220804-6354275  User: oesteban  Machine: dna058  Platform: Linux  PlatformVersion: 5.14.0-427.37.1.el9_4.x86_64  CompilerName: GCC  CompilerVersion: 8.4.0
ProgramName: mris_fix_topology  ProgramArguments: mris_fix_topology -all-info  ProgramVersion: 7.3.2  TimeStamp: 2026/03/09-11:07:16-GMT  BuildTime: Aug  4 2022 06:17:15  BuildStamp: freesurfer-linux-ubuntu22_x86_64-7.3.2-20220804-6354275  User: oesteban  Machine: dna058  Platform: Linux  PlatformVersion: 5.14.0-427.37.1.el9_4.x86_64  CompilerName: GCC  CompilerVersion: 8.4.0
ProgramName: mris_topo_fixer  ProgramArguments: mris_topo_fixer -all-info  ProgramVersion: 7.3.2  TimeStamp: 2026/03/09-11:07:16-GMT  BuildTime: Aug  4 2022 06:17:15  BuildStamp: freesurfer-linux-ubuntu22_x86_64-7.3.2-20220804-6354275  User: oesteban  Machine: dna058  Platform: Linux  PlatformVersion: 5.14.0-427.37.1.el9_4.x86_64  CompilerName: GCC  CompilerVersion: 8.4.0
ProgramName: mris_jacobian  ProgramArguments: mris_jacobian -all-info  ProgramVersion: 7.3.2  TimeStamp: 2026/03/09-11:07:16-GMT  BuildTime: Aug  4 2022 06:17:15  BuildStamp: freesurfer-linux-ubuntu22_x86_64-7.3.2-20220804-6354275  User: oesteban  Machine: dna058  Platform: Linux  PlatformVersion: 5.14.0-427.37.1.el9_4.x86_64  CompilerName: GCC  CompilerVersion: 8.4.0
ProgramName: mris_label2annot  ProgramArguments: mris_label2annot -all-info  ProgramVersion: 7.3.2  TimeStamp: 2026/03/09-11:07:16-GMT  BuildTime: Aug  4 2022 06:17:15  BuildStamp: freesurfer-linux-ubuntu22_x86_64-7.3.2-20220804-6354275  User: oesteban  Machine: dna058  Platform: Linux  PlatformVersion: 5.14.0-427.37.1.el9_4.x86_64  CompilerName: GCC  CompilerVersion: 8.4.0
ProgramName: mris_left_right_register  ProgramArguments: mris_left_right_register -all-info  ProgramVersion: 7.3.2  TimeStamp: 2026/03/09-11:07:16-GMT  BuildTime: Aug  4 2022 06:17:15  BuildStamp: freesurfer-linux-ubuntu22_x86_64-7.3.2-20220804-6354275  User: oesteban  Machine: dna058  Platform: Linux  PlatformVersion: 5.14.0-427.37.1.el9_4.x86_64  CompilerName: GCC  CompilerVersion: 8.4.0
ProgramName: mris_place_surface  ProgramArguments: mris_place_surface -all-info  ProgramVersion: 7.3.2  TimeStamp: 2026/03/09-11:07:16-GMT  BuildTime: Aug  4 2022 06:17:15  BuildStamp: freesurfer-linux-ubuntu22_x86_64-7.3.2-20220804-6354275  User: oesteban  Machine: dna058  Platform: Linux  PlatformVersion: 5.14.0-427.37.1.el9_4.x86_64  CompilerName: GCC  CompilerVersion: 8.4.0
ProgramName: mrisp_paint  ProgramArguments: mrisp_paint -all-info  ProgramVersion: 7.3.2  TimeStamp: 2026/03/09-11:07:16-GMT  BuildTime: Aug  4 2022 06:17:15  BuildStamp: freesurfer-linux-ubuntu22_x86_64-7.3.2-20220804-6354275  User: oesteban  Machine: dna058  Platform: Linux  PlatformVersion: 5.14.0-427.37.1.el9_4.x86_64  CompilerName: GCC  CompilerVersion: 8.4.0
ProgramName: mris_register  ProgramArguments: mris_register -all-info  ProgramVersion: 7.3.2  TimeStamp: 2026/03/09-11:07:16-GMT  BuildTime: Aug  4 2022 06:17:15  BuildStamp: freesurfer-linux-ubuntu22_x86_64-7.3.2-20220804-6354275  User: oesteban  Machine: dna058  Platform: Linux  PlatformVersion: 5.14.0-427.37.1.el9_4.x86_64  CompilerName: GCC  CompilerVersion: 8.4.0
ProgramName: mris_smooth  ProgramArguments: mris_smooth -all-info  ProgramVersion: 7.3.2  TimeStamp: 2026/03/09-11:07:16-GMT  BuildTime: Aug  4 2022 06:17:15  BuildStamp: freesurfer-linux-ubuntu22_x86_64-7.3.2-20220804-6354275  User: oesteban  Machine: dna058  Platform: Linux  PlatformVersion: 5.14.0-427.37.1.el9_4.x86_64  CompilerName: GCC  CompilerVersion: 8.4.0
ProgramName: mris_sphere  ProgramArguments: mris_sphere -all-info  ProgramVersion: 7.3.2  TimeStamp: 2026/03/09-11:07:16-GMT  BuildTime: Aug  4 2022 06:17:15  BuildStamp: freesurfer-linux-ubuntu22_x86_64-7.3.2-20220804-6354275  User: oesteban  Machine: dna058  Platform: Linux  PlatformVersion: 5.14.0-427.37.1.el9_4.x86_64  CompilerName: GCC  CompilerVersion: 8.4.0
ProgramName: mris_surface_stats  ProgramArguments: mris_surface_stats -all-info  ProgramVersion: 7.3.2  TimeStamp: 2026/03/09-11:07:16-GMT  BuildTime: Aug  4 2022 06:17:15  BuildStamp: freesurfer-linux-ubuntu22_x86_64-7.3.2-20220804-6354275  User: oesteban  Machine: dna058  Platform: Linux  PlatformVersion: 5.14.0-427.37.1.el9_4.x86_64  CompilerName: GCC  CompilerVersion: 8.4.0
ProgramName: mri_stats2seg  ProgramArguments: mri_stats2seg -all-info  ProgramVersion: 7.3.2  TimeStamp: 2026/03/09-11:07:16-GMT  BuildTime: Aug  4 2022 06:17:15  BuildStamp: freesurfer-linux-ubuntu22_x86_64-7.3.2-20220804-6354275  User: oesteban  Machine: dna058  Platform: Linux  PlatformVersion: 5.14.0-427.37.1.el9_4.x86_64  CompilerName: GCC  CompilerVersion: 8.4.0
ProgramName: mris_thickness  ProgramArguments: mris_thickness -all-info  ProgramVersion: 7.3.2  TimeStamp: 2026/03/09-11:07:16-GMT  BuildTime: Aug  4 2022 06:17:15  BuildStamp: freesurfer-linux-ubuntu22_x86_64-7.3.2-20220804-6354275  User: oesteban  Machine: dna058  Platform: Linux  PlatformVersion: 5.14.0-427.37.1.el9_4.x86_64  CompilerName: GCC  CompilerVersion: 8.4.0
ProgramName: mris_thickness_diff  ProgramArguments: mris_thickness_diff -all-info  ProgramVersion: 7.3.2  TimeStamp: 2026/03/09-11:07:16-GMT  BuildTime: Aug  4 2022 06:17:15  BuildStamp: freesurfer-linux-ubuntu22_x86_64-7.3.2-20220804-6354275  User: oesteban  Machine: dna058  Platform: Linux  PlatformVersion: 5.14.0-427.37.1.el9_4.x86_64  CompilerName: GCC  CompilerVersion: 8.4.0
ProgramName: mris_topo_fixer  ProgramArguments: mris_topo_fixer -all-info  ProgramVersion: 7.3.2  TimeStamp: 2026/03/09-11:07:16-GMT  BuildTime: Aug  4 2022 06:17:15  BuildStamp: freesurfer-linux-ubuntu22_x86_64-7.3.2-20220804-6354275  User: oesteban  Machine: dna058  Platform: Linux  PlatformVersion: 5.14.0-427.37.1.el9_4.x86_64  CompilerName: GCC  CompilerVersion: 8.4.0
ProgramName: mri_surf2surf  ProgramArguments: mri_surf2surf -all-info  ProgramVersion: 7.3.2  TimeStamp: 2026/03/09-11:07:16-GMT  BuildTime: Aug  4 2022 06:17:15  BuildStamp: freesurfer-linux-ubuntu22_x86_64-7.3.2-20220804-6354275  User: oesteban  Machine: dna058  Platform: Linux  PlatformVersion: 5.14.0-427.37.1.el9_4.x86_64  CompilerName: GCC  CompilerVersion: 8.4.0
ProgramName: mri_surf2vol  ProgramArguments: mri_surf2vol -all-info  ProgramVersion: 7.3.2  TimeStamp: 2026/03/09-11:07:16-GMT  BuildTime: Aug  4 2022 06:17:15  BuildStamp: freesurfer-linux-ubuntu22_x86_64-7.3.2-20220804-6354275  User: oesteban  Machine: dna058  Platform: Linux  PlatformVersion: 5.14.0-427.37.1.el9_4.x86_64  CompilerName: GCC  CompilerVersion: 8.4.0
ProgramName: mri_surfcluster  ProgramArguments: mri_surfcluster -all-info  ProgramVersion: 7.3.2  TimeStamp: 2026/03/09-11:07:16-GMT  BuildTime: Aug  4 2022 06:17:15  BuildStamp: freesurfer-linux-ubuntu22_x86_64-7.3.2-20220804-6354275  User: oesteban  Machine: dna058  Platform: Linux  PlatformVersion: 5.14.0-427.37.1.el9_4.x86_64  CompilerName: GCC  CompilerVersion: 8.4.0
ProgramName: mris_volmask  ProgramArguments: mris_volmask -all-info  ProgramVersion: 7.3.2  TimeStamp: 2026/03/09-11:07:16-GMT  BuildTime: Aug  4 2022 06:17:15  BuildStamp: freesurfer-linux-ubuntu22_x86_64-7.3.2-20220804-6354275  User: oesteban  Machine: dna058  Platform: Linux  PlatformVersion: 5.14.0-427.37.1.el9_4.x86_64  CompilerName: GCC  CompilerVersion: 8.4.0
ProgramName: mri_tessellate  ProgramArguments: mri_tessellate -all-info  ProgramVersion: 7.3.2  TimeStamp: 2026/03/09-11:07:16-GMT  BuildTime: Aug  4 2022 06:17:15  BuildStamp: freesurfer-linux-ubuntu22_x86_64-7.3.2-20220804-6354275  User: oesteban  Machine: dna058  Platform: Linux  PlatformVersion: 5.14.0-427.37.1.el9_4.x86_64  CompilerName: GCC  CompilerVersion: 8.4.0
ProgramName: mri_vol2surf  ProgramArguments: mri_vol2surf -all-info  ProgramVersion: 7.3.2  TimeStamp: 2026/03/09-11:07:16-GMT  BuildTime: Aug  4 2022 06:17:15  BuildStamp: freesurfer-linux-ubuntu22_x86_64-7.3.2-20220804-6354275  User: oesteban  Machine: dna058  Platform: Linux  PlatformVersion: 5.14.0-427.37.1.el9_4.x86_64  CompilerName: GCC  CompilerVersion: 8.4.0
ProgramName: mri_vol2vol  ProgramArguments: mri_vol2vol -all-info  ProgramVersion: 7.3.2  TimeStamp: 2026/03/09-11:07:16-GMT  BuildTime: Aug  4 2022 06:17:15  BuildStamp: freesurfer-linux-ubuntu22_x86_64-7.3.2-20220804-6354275  User: oesteban  Machine: dna058  Platform: Linux  PlatformVersion: 5.14.0-427.37.1.el9_4.x86_64  CompilerName: GCC  CompilerVersion: 8.4.0
ProgramName: mri_voldiff  ProgramArguments: mri_voldiff -all-info  ProgramVersion: 7.3.2  TimeStamp: 2026/03/09-11:07:16-GMT  BuildTime: Aug  4 2022 06:17:15  BuildStamp: freesurfer-linux-ubuntu22_x86_64-7.3.2-20220804-6354275  User: oesteban  Machine: dna058  Platform: Linux  PlatformVersion: 5.14.0-427.37.1.el9_4.x86_64  CompilerName: GCC  CompilerVersion: 8.4.0
ProgramName: mri_watershed  ProgramArguments: mri_watershed -all-info  ProgramVersion: 7.3.2  TimeStamp: 2026/03/09-11:07:16-GMT  BuildTime: Aug  4 2022 06:17:15  BuildStamp: freesurfer-linux-ubuntu22_x86_64-7.3.2-20220804-6354275  User: oesteban  Machine: dna058  Platform: Linux  PlatformVersion: 5.14.0-427.37.1.el9_4.x86_64  CompilerName: GCC  CompilerVersion: 8.4.0
ProgramName: tkregister2  ProgramArguments: tkregister2_cmdl -all-info  ProgramVersion: 7.3.2  TimeStamp: 2026/03/09-11:07:16-GMT  BuildTime: Aug  4 2022 06:17:15  BuildStamp: freesurfer-linux-ubuntu22_x86_64-7.3.2-20220804-6354275  User: oesteban  Machine: dna058  Platform: Linux  PlatformVersion: 5.14.0-427.37.1.el9_4.x86_64  CompilerName: GCC  CompilerVersion: 8.4.0
mri_motion_correct.fsl 7.3.2
mri_convert -all-info 
ProgramName: mri_convert  ProgramArguments: mri_convert -all-info  ProgramVersion: 7.3.2  TimeStamp: 2026/03/09-11:07:16-GMT  BuildTime: Aug  4 2022 06:17:15  BuildStamp: freesurfer-linux-ubuntu22_x86_64-7.3.2-20220804-6354275  User: oesteban  Machine: dna058  Platform: Linux  PlatformVersion: 5.14.0-427.37.1.el9_4.x86_64  CompilerName: GCC  CompilerVersion: 8.4.0
Program nu_correct, built from:
Package MNI N3, version 1.12.0, compiled by nicks@terrier (x86_64-unknown-linux-gnu) on 2015-06-19 at 01:25:34
#######################################
GCADIR /opt/freesurfer/average
GCA RB_all_2020-01-02.gca
GCASkull RB_all_withskull_2020_01_02.gca
AvgCurvTif folding.atlas.acfb40.noaparc.i12.2016-08-02.tif
GCSDIR /opt/freesurfer/average
GCS DKaparc.atlas.acfb40.noaparc.i12.2016-08-02.gcs
#######################################
#--------------------------------------------
#@# WhiteSurfs lh Mon Mar  9 12:07:16 CET 2026
cd /out/sourcedata/freesurfer/sub-v1s21x0050390_ses-1/mri
mris_place_surface --adgws-in ../surf/autodet.gw.stats.lh.dat --seg aseg.presurf.mgz --threads 16 --wm wm.mgz --invol brain.finalsurfs.mgz --lh --i ../surf/lh.white.preaparc --o ../surf/lh.white --white --nsmooth 0 --rip-label ../label/lh.cortex.label --rip-bg --rip-surf ../surf/lh.white.preaparc --aparc ../label/lh.aparc.annot
   Update not needed
#--------------------------------------------
#@# WhiteSurfs rh Mon Mar  9 12:07:16 CET 2026
cd /out/sourcedata/freesurfer/sub-v1s21x0050390_ses-1/mri
mris_place_surface --adgws-in ../surf/autodet.gw.stats.rh.dat --seg aseg.presurf.mgz --threads 16 --wm wm.mgz --invol brain.finalsurfs.mgz --rh --i ../surf/rh.white.preaparc --o ../surf/rh.white --white --nsmooth 0 --rip-label ../label/rh.cortex.label --rip-bg --rip-surf ../surf/rh.white.preaparc --aparc ../label/rh.aparc.annot
   Update not needed
#@# white curv lh Mon Mar  9 12:07:16 CET 2026
cd /out/sourcedata/freesurfer/sub-v1s21x0050390_ses-1/mri
mris_place_surface --curv-map ../surf/lh.white 2 10 ../surf/lh.curv
   Update not needed
#@# white area lh Mon Mar  9 12:07:16 CET 2026
cd /out/sourcedata/freesurfer/sub-v1s21x0050390_ses-1/mri
mris_place_surface --area-map ../surf/lh.white ../surf/lh.area
   Update not needed
#@# pial curv lh Mon Mar  9 12:07:16 CET 2026
cd /out/sourcedata/freesurfer/sub-v1s21x0050390_ses-1/mri
mris_place_surface --curv-map ../surf/lh.pial 2 10 ../surf/lh.curv.pial
   Update not needed
#@# pial area lh Mon Mar  9 12:07:16 CET 2026
cd /out/sourcedata/freesurfer/sub-v1s21x0050390_ses-1/mri
mris_place_surface --area-map ../surf/lh.pial ../surf/lh.area.pial
   Update not needed
#@# thickness lh Mon Mar  9 12:07:16 CET 2026
cd /out/sourcedata/freesurfer/sub-v1s21x0050390_ses-1/mri
mris_place_surface --thickness ../surf/lh.white ../surf/lh.pial 20 5 ../surf/lh.thickness
   Update not needed
#@# area and vertex vol lh Mon Mar  9 12:07:16 CET 2026
cd /out/sourcedata/freesurfer/sub-v1s21x0050390_ses-1/mri
mris_place_surface --thickness ../surf/lh.white ../surf/lh.pial 20 5 ../surf/lh.thickness
   Update not needed
#@# white curv rh Mon Mar  9 12:07:16 CET 2026
cd /out/sourcedata/freesurfer/sub-v1s21x0050390_ses-1/mri
mris_place_surface --curv-map ../surf/rh.white 2 10 ../surf/rh.curv
   Update not needed
#@# white area rh Mon Mar  9 12:07:16 CET 2026
cd /out/sourcedata/freesurfer/sub-v1s21x0050390_ses-1/mri
mris_place_surface --area-map ../surf/rh.white ../surf/rh.area
   Update not needed
#@# pial curv rh Mon Mar  9 12:07:16 CET 2026
cd /out/sourcedata/freesurfer/sub-v1s21x0050390_ses-1/mri
mris_place_surface --curv-map ../surf/rh.pial 2 10 ../surf/rh.curv.pial
   Update not needed
#@# pial area rh Mon Mar  9 12:07:16 CET 2026
cd /out/sourcedata/freesurfer/sub-v1s21x0050390_ses-1/mri
mris_place_surface --area-map ../surf/rh.pial ../surf/rh.area.pial
   Update not needed
#@# thickness rh Mon Mar  9 12:07:16 CET 2026
cd /out/sourcedata/freesurfer/sub-v1s21x0050390_ses-1/mri
mris_place_surface --thickness ../surf/rh.white ../surf/rh.pial 20 5 ../surf/rh.thickness
   Update not needed
#@# area and vertex vol rh Mon Mar  9 12:07:16 CET 2026
cd /out/sourcedata/freesurfer/sub-v1s21x0050390_ses-1/mri
mris_place_surface --thickness ../surf/rh.white ../surf/rh.pial 20 5 ../surf/rh.thickness
   Update not needed

#-----------------------------------------
#@# Curvature Stats lh Mon Mar  9 12:07:16 CET 2026
/out/sourcedata/freesurfer/sub-v1s21x0050390_ses-1/surf

 mris_curvature_stats -m --writeCurvatureFiles -G -o ../stats/lh.curv.stats -F smoothwm sub-v1s21x0050390_ses-1 lh curv sulc 

             Toggling save flag on curvature files                       [ ok ]
                 Outputting results using filestem   [ ../stats/lh.curv.stats ]
             Toggling save flag on curvature files                       [ ok ]
                                   Setting surface [ sub-v1s21x0050390_ses-1/lh.smoothwm ]
                                Reading surface...                       [ ok ]
                                   Setting texture                     [ curv ]
                                Reading texture...                       [ ok ]
                                   Setting texture                     [ sulc ]
                                Reading texture...Gb_filter = 0
                       [ ok ]
      Calculating Discrete Principal Curvatures...
      Determining geometric order for vno faces... [####################] [ ok ]
                      Determining KH curvatures... [####################] [ ok ]
                    Determining k1k2 curvatures... [####################] [ ok ]
                                   deltaViolations                      [ 252 ]
Gb_filter = 0

WARN:    S lookup   min:                          -0.256938
WARN:    S explicit min:                          0.000000	vertex = 733

#-----------------------------------------
#@# Curvature Stats rh Mon Mar  9 12:07:19 CET 2026
/out/sourcedata/freesurfer/sub-v1s21x0050390_ses-1/surf

 mris_curvature_stats -m --writeCurvatureFiles -G -o ../stats/rh.curv.stats -F smoothwm sub-v1s21x0050390_ses-1 rh curv sulc 

             Toggling save flag on curvature files                       [ ok ]
                 Outputting results using filestem   [ ../stats/rh.curv.stats ]
             Toggling save flag on curvature files                       [ ok ]
                                   Setting surface [ sub-v1s21x0050390_ses-1/rh.smoothwm ]
                                Reading surface...                       [ ok ]
                                   Setting texture                     [ curv ]
                                Reading texture...                       [ ok ]
                                   Setting texture                     [ sulc ]
                                Reading texture...Gb_filter = 0
                       [ ok ]
      Calculating Discrete Principal Curvatures...
      Determining geometric order for vno faces... [####################] [ ok ]
                      Determining KH curvatures... [####################] [ ok ]
                    Determining k1k2 curvatures... [####################] [ ok ]
                                   deltaViolations                      [ 234 ]
Gb_filter = 0

WARN:    S lookup   min:                          -0.900895
WARN:    S explicit min:                          0.000000	vertex = 432
#-----------------------------------------
#@# Relabel Hypointensities Mon Mar  9 12:07:21 CET 2026
/out/sourcedata/freesurfer/sub-v1s21x0050390_ses-1/mri

 mri_relabel_hypointensities aseg.presurf.mgz ../surf aseg.presurf.hypos.mgz 

reading input surface ../surf/lh.white...
relabeling lh hypointensities...
5111 voxels changed to hypointensity...
reading input surface ../surf/rh.white...
relabeling rh hypointensities...
4764 voxels changed to hypointensity...
9678 hypointense voxels neighboring cortex changed
#-----------------------------------------
#@# APas-to-ASeg Mon Mar  9 12:07:37 CET 2026
/out/sourcedata/freesurfer/sub-v1s21x0050390_ses-1/mri

 mri_surf2volseg --o aseg.mgz --i aseg.presurf.hypos.mgz --fix-presurf-with-ribbon /out/sourcedata/freesurfer/sub-v1s21x0050390_ses-1/mri/ribbon.mgz --threads 16 --lh-cortex-mask /out/sourcedata/freesurfer/sub-v1s21x0050390_ses-1/label/lh.cortex.label --lh-white /out/sourcedata/freesurfer/sub-v1s21x0050390_ses-1/surf/lh.white --lh-pial /out/sourcedata/freesurfer/sub-v1s21x0050390_ses-1/surf/lh.pial --rh-cortex-mask /out/sourcedata/freesurfer/sub-v1s21x0050390_ses-1/label/rh.cortex.label --rh-white /out/sourcedata/freesurfer/sub-v1s21x0050390_ses-1/surf/rh.white --rh-pial /out/sourcedata/freesurfer/sub-v1s21x0050390_ses-1/surf/rh.pial 

SUBJECTS_DIR /out/sourcedata/freesurfer
outvol aseg.mgz
16 avail.processors, using 16
Loading aseg.presurf.hypos.mgz
Loading /out/sourcedata/freesurfer/sub-v1s21x0050390_ses-1/mri/ribbon.mgz
Loading /out/sourcedata/freesurfer/sub-v1s21x0050390_ses-1/surf/lh.white
Loading /out/sourcedata/freesurfer/sub-v1s21x0050390_ses-1/surf/lh.pial
Loading /out/sourcedata/freesurfer/sub-v1s21x0050390_ses-1/label/lh.cortex.label
Loading /out/sourcedata/freesurfer/sub-v1s21x0050390_ses-1/surf/rh.white
Loading /out/sourcedata/freesurfer/sub-v1s21x0050390_ses-1/surf/rh.pial
Loading /out/sourcedata/freesurfer/sub-v1s21x0050390_ses-1/label/rh.cortex.label
Done loading
240 128  96   0 176  32 192  80 208  16 224 160 144  64 112  48   1 209 193 241  33  17  65 225  49  81  97 161   2  34 210 226 194  50  66 113 129 177  82 242  35 227 211  18   3  51  67  98 162 195 130  36 212 228  19 
 68   4  52 243  83 196 213 145 229  99 
 37 244   5  20  69  53 131 163 178 197 214 114 230  38 245  84  21   6  70  54 100 215 198 231 246  39 
 22  55 132   7  71  85 199 216 
247  40  23 232  56 164 101   8 146  72 200 217 133 248  24  41 233 179 
 57  86   9 201 218 165 249  73  25  42 234 102  58 134  87 202 219  10 
250 115  26  43 235  59 
147  74 166  11 203 220 251 103  44 236  27  88  60 180 135 252  12  75 221 204 148  45 237 167  28  61 104  13 253  89 222 205 238  46  76  29 136 149  14 254 206 223 181 239 
 62 168  90  47  30 105  77 255  15 207 150  31  63  78 169 106  91 137 182 151 116  79 
170 107  92 183 138 152 171  93 108 184 139 
172 153  94 109 185 173 140 186  95 154 117 110 174 187 141 155 175 111 188 156 189 142 118 190 157 143 191 158 119 
159 
120 121 122 123 124 125 126 127 
nrelabeled = 196315
ndotcheck = 0
Starting Surf2VolSeg free
free done
#VMPC# mri_surf2volseg VmPeak  1936140
mri_surf2volseg done

 mri_brainvol_stats sub-v1s21x0050390_ses-1 

ComputeBrainVolumeStats2 VoxelVol=1, KeepCSF=1
  #CBVS2 MaskVol              1556441.0
  #CBVS2 BrainSegVol          1243937.0
  #CBVS2 BrainSegVolNotVent   1218722.0
  #CBVS2 SupraTentVol         1093794.0
  #CBVS2 SupraTentVolNotVent  1068579.0
  #CBVS2 lhCtxGM               283421.9
  #CBVS2 rhCtxGM               279095.8
  #CBVS2 lhCerebralWM          228798.5
  #CBVS2 rhCerebralWM          221394.5
  #CBVS2 SubCortGMVol           57246.0
  #CBVS2 CerebellumVol         150143.0
  #CBVS2 CerebellumGMVol       110514.0
  #CBVS2 VentChorVol            21151.0
  #CBVS2 3rd4th5thCSF            4064.0
  #CBVS2 AllCSF                 25215.0
  #CBVS2 CCVol                   3569.0
#-----------------------------------------
#@# AParc-to-ASeg aparc Mon Mar  9 12:07:44 CET 2026
/out/sourcedata/freesurfer/sub-v1s21x0050390_ses-1/mri

 mri_surf2volseg --o aparc+aseg.mgz --label-cortex --i aseg.mgz --threads 16 --lh-annot /out/sourcedata/freesurfer/sub-v1s21x0050390_ses-1/label/lh.aparc.annot 1000 --lh-cortex-mask /out/sourcedata/freesurfer/sub-v1s21x0050390_ses-1/label/lh.cortex.label --lh-white /out/sourcedata/freesurfer/sub-v1s21x0050390_ses-1/surf/lh.white --lh-pial /out/sourcedata/freesurfer/sub-v1s21x0050390_ses-1/surf/lh.pial --rh-annot /out/sourcedata/freesurfer/sub-v1s21x0050390_ses-1/label/rh.aparc.annot 2000 --rh-cortex-mask /out/sourcedata/freesurfer/sub-v1s21x0050390_ses-1/label/rh.cortex.label --rh-white /out/sourcedata/freesurfer/sub-v1s21x0050390_ses-1/surf/rh.white --rh-pial /out/sourcedata/freesurfer/sub-v1s21x0050390_ses-1/surf/rh.pial 

SUBJECTS_DIR /out/sourcedata/freesurfer
outvol aparc+aseg.mgz
16 avail.processors, using 16
Loading aseg.mgz
Loading /out/sourcedata/freesurfer/sub-v1s21x0050390_ses-1/surf/lh.white
Loading /out/sourcedata/freesurfer/sub-v1s21x0050390_ses-1/surf/lh.pial
Loading /out/sourcedata/freesurfer/sub-v1s21x0050390_ses-1/label/lh.cortex.label
Ripping lh vertices labeled not in lh.cortex.label
  ripped 8295 vertices from lh hemi
Loading /out/sourcedata/freesurfer/sub-v1s21x0050390_ses-1/label/lh.aparc.annot
Loading /out/sourcedata/freesurfer/sub-v1s21x0050390_ses-1/surf/rh.white
Loading /out/sourcedata/freesurfer/sub-v1s21x0050390_ses-1/surf/rh.pial
Loading /out/sourcedata/freesurfer/sub-v1s21x0050390_ses-1/label/rh.cortex.label
Ripping rh vertices labeled not in rh.cortex.label
  ripped 8164 vertices from rh hemi
Loading /out/sourcedata/freesurfer/sub-v1s21x0050390_ses-1/label/rh.aparc.annot
Done loading
144 192  32  80  64 160  96   0 128  48 176 112 224 240 208  16 209  17   1  33 193 241 225  49   2  18 194  34 242 226 210 243  50  19 
227 195   3  35 211 244 228   4  36  20 212 196  51 245 229  37  21   5 197 213 246  52 230  38  22   6 214 198 247   7  23  39 
199 
215 231  53 248  40  24   8 216 200 232 249  25   9  41  54 217 233 201 250  42  10  26 234 218 202  55 251  11  27  43 235 203 219 
 56 252  44  28  12 236 220 204 253  13  45  29 237 205 221  57  46  30  14 254 238 206 222  47  31  15 255 239 
223 207  58  59 
 60  61 145  65 177  62 161 129  97  63  66 113 146  81 178 162  67 130  98 147 179 
 68 163 180 114 131  99 
 82 148  69 181 164 100 132  70 182 149 115 101  83  71 133 165 183 102 150 184 134  72 103 185 166 116  84 135 186 104 151  73 187 188 189 190 191 136 167 105 117  85  74 152 137 106 168 138 153 118  75  86 107 139 
169 154  76  87 119 
140 108 170 141 155  77 120  88 109 142 171  78 156 121 143  89 110 172  79 
157 173 122  90 111 174 158 123 175  91 159 
 92 124  93 125  94  95 126 127 
nrelabeled = 561108
ndotcheck = 36200
Starting Surf2VolSeg free
free done
#VMPC# mri_surf2volseg VmPeak  1920344
mri_surf2volseg done
#-----------------------------------------
#@# AParc-to-ASeg aparc.a2009s Mon Mar  9 12:08:24 CET 2026
/out/sourcedata/freesurfer/sub-v1s21x0050390_ses-1/mri

 mri_surf2volseg --o aparc.a2009s+aseg.mgz --label-cortex --i aseg.mgz --threads 16 --lh-annot /out/sourcedata/freesurfer/sub-v1s21x0050390_ses-1/label/lh.aparc.a2009s.annot 11100 --lh-cortex-mask /out/sourcedata/freesurfer/sub-v1s21x0050390_ses-1/label/lh.cortex.label --lh-white /out/sourcedata/freesurfer/sub-v1s21x0050390_ses-1/surf/lh.white --lh-pial /out/sourcedata/freesurfer/sub-v1s21x0050390_ses-1/surf/lh.pial --rh-annot /out/sourcedata/freesurfer/sub-v1s21x0050390_ses-1/label/rh.aparc.a2009s.annot 12100 --rh-cortex-mask /out/sourcedata/freesurfer/sub-v1s21x0050390_ses-1/label/rh.cortex.label --rh-white /out/sourcedata/freesurfer/sub-v1s21x0050390_ses-1/surf/rh.white --rh-pial /out/sourcedata/freesurfer/sub-v1s21x0050390_ses-1/surf/rh.pial 

SUBJECTS_DIR /out/sourcedata/freesurfer
outvol aparc.a2009s+aseg.mgz
16 avail.processors, using 16
Loading aseg.mgz
Loading /out/sourcedata/freesurfer/sub-v1s21x0050390_ses-1/surf/lh.white
Loading /out/sourcedata/freesurfer/sub-v1s21x0050390_ses-1/surf/lh.pial
Loading /out/sourcedata/freesurfer/sub-v1s21x0050390_ses-1/label/lh.cortex.label
Ripping lh vertices labeled not in lh.cortex.label
  ripped 8295 vertices from lh hemi
Loading /out/sourcedata/freesurfer/sub-v1s21x0050390_ses-1/label/lh.aparc.a2009s.annot
Loading /out/sourcedata/freesurfer/sub-v1s21x0050390_ses-1/surf/rh.white
Loading /out/sourcedata/freesurfer/sub-v1s21x0050390_ses-1/surf/rh.pial
Loading /out/sourcedata/freesurfer/sub-v1s21x0050390_ses-1/label/rh.cortex.label
Ripping rh vertices labeled not in rh.cortex.label
  ripped 8164 vertices from rh hemi
Loading /out/sourcedata/freesurfer/sub-v1s21x0050390_ses-1/label/rh.aparc.a2009s.annot
Done loading
192  80 112 128  16 160   0 224  32  64 176 240 144 208  96  48  33  49   1 209 225 241 193  17   2  50  34 210 194 226 242  18   3 211  51  35 227 243 195  19 
  4 212  52  36 228 196  20 244   5 213  53  37 197 229  21 245   6 214  54  38 198 230  22 246   7 215  55  39 
199 
231  23 247   8 216  56  40 200 232  24 248   9 217 201  41  57 233  25 249  10 218 202  42 234 250  26  11 219 
203  43 235  58  12 251  27 220 204  44 236  13 252 221  28 205  45  14 237 222 253 206  46  29  15 238 223 207 254  47  30 239 
255  31  59 
 60  61  65 145  62 177  97 161 113  66 129  63  81 146 178  67  98 162 130 114  68 179 
147  82  99 
 69 180 163 131 148 100 115  70 181  83 101 164 132 182  71 149 102 116 183  72 103 133 165  84 184 150 104 134 185 117  73  85 186 166 105 151 187 135 188 189 190 191  74 118 106 136  86 167 152 107  75 119 
137  87 168 153 108 138 120  76 139 
169 109  88 154 121  77 140 170 110  89 155 122 141  78 171 142 111 123  90 156  79 
143 172  91 157 124 173  92 158 174 125  93 175 159 
126  94  95 127 
nrelabeled = 561108
ndotcheck = 36200
Starting Surf2VolSeg free
free done
#VMPC# mri_surf2volseg VmPeak  1920424
mri_surf2volseg done
#-----------------------------------------
#@# AParc-to-ASeg aparc.DKTatlas Mon Mar  9 12:08:54 CET 2026
/out/sourcedata/freesurfer/sub-v1s21x0050390_ses-1/mri

 mri_surf2volseg --o aparc.DKTatlas+aseg.mgz --label-cortex --i aseg.mgz --threads 16 --lh-annot /out/sourcedata/freesurfer/sub-v1s21x0050390_ses-1/label/lh.aparc.DKTatlas.annot 1000 --lh-cortex-mask /out/sourcedata/freesurfer/sub-v1s21x0050390_ses-1/label/lh.cortex.label --lh-white /out/sourcedata/freesurfer/sub-v1s21x0050390_ses-1/surf/lh.white --lh-pial /out/sourcedata/freesurfer/sub-v1s21x0050390_ses-1/surf/lh.pial --rh-annot /out/sourcedata/freesurfer/sub-v1s21x0050390_ses-1/label/rh.aparc.DKTatlas.annot 2000 --rh-cortex-mask /out/sourcedata/freesurfer/sub-v1s21x0050390_ses-1/label/rh.cortex.label --rh-white /out/sourcedata/freesurfer/sub-v1s21x0050390_ses-1/surf/rh.white --rh-pial /out/sourcedata/freesurfer/sub-v1s21x0050390_ses-1/surf/rh.pial 

SUBJECTS_DIR /out/sourcedata/freesurfer
outvol aparc.DKTatlas+aseg.mgz
16 avail.processors, using 16
Loading aseg.mgz
Loading /out/sourcedata/freesurfer/sub-v1s21x0050390_ses-1/surf/lh.white
Loading /out/sourcedata/freesurfer/sub-v1s21x0050390_ses-1/surf/lh.pial
Loading /out/sourcedata/freesurfer/sub-v1s21x0050390_ses-1/label/lh.cortex.label
Ripping lh vertices labeled not in lh.cortex.label
  ripped 8295 vertices from lh hemi
Loading /out/sourcedata/freesurfer/sub-v1s21x0050390_ses-1/label/lh.aparc.DKTatlas.annot
Loading /out/sourcedata/freesurfer/sub-v1s21x0050390_ses-1/surf/rh.white
Loading /out/sourcedata/freesurfer/sub-v1s21x0050390_ses-1/surf/rh.pial
Loading /out/sourcedata/freesurfer/sub-v1s21x0050390_ses-1/label/rh.cortex.label
Ripping rh vertices labeled not in rh.cortex.label
  ripped 8164 vertices from rh hemi
Loading /out/sourcedata/freesurfer/sub-v1s21x0050390_ses-1/label/rh.aparc.DKTatlas.annot
Done loading
  0  96 176 208 192  64 128  32 144 240 224  48  80 160  16 112  17 193 209 241 225   1  49  33  18 194 210 242 226   2  50  34 195 211  19 
243 227   3  51 212 196 244 228   4  20  35  52 213 197   5 245 229  21  53  36 214 198   6 246 230  22  54 215 199 
  7 247 231  23  37  55 216 200   8 248 232  24  38  56 217 201   9 249 233  25 218 202  10 250 234  57  26  39 
219 
203  11 251 235  27 220  40 204  12 252 236  28 221 205 237  13 253  41  58  29 222 206 238  14 254  30 223 207  42 239 
 15 255  31  43  44  45  59 
 46  47  60  61 145  65 177  62 161  97 129  63 113  66 146  81 178 162  67  98 130 147 179 
163 114  68 180  82  99 
148 131 181  69 164 100 182 149 132 115  70  83 183 101 165 133 150 184 102  71 185 116 134 103 166 186  84  72 187 151 188 104 189 190 191 135 167 117 105  73 152 136  85 106 137 168  74 118 153 138  86 107 169  75 139 
154 119 
108 170  87 140  76 155 120 141 109 171  88  77 156 142 172 121 110 143 173 157  78  89 122 111 174 158 175  79 
123  90 159 
 91 124  92 125  93  94 126  95 127 
nrelabeled = 561108
ndotcheck = 36200
Starting Surf2VolSeg free
free done
#VMPC# mri_surf2volseg VmPeak  1920340
mri_surf2volseg done
#-----------------------------------------
#@# WMParc Mon Mar  9 12:09:34 CET 2026
/out/sourcedata/freesurfer/sub-v1s21x0050390_ses-1/mri

 mri_surf2volseg --o wmparc.mgz --label-wm --i aparc+aseg.mgz --threads 16 --lh-annot /out/sourcedata/freesurfer/sub-v1s21x0050390_ses-1/label/lh.aparc.annot 3000 --lh-cortex-mask /out/sourcedata/freesurfer/sub-v1s21x0050390_ses-1/label/lh.cortex.label --lh-white /out/sourcedata/freesurfer/sub-v1s21x0050390_ses-1/surf/lh.white --lh-pial /out/sourcedata/freesurfer/sub-v1s21x0050390_ses-1/surf/lh.pial --rh-annot /out/sourcedata/freesurfer/sub-v1s21x0050390_ses-1/label/rh.aparc.annot 4000 --rh-cortex-mask /out/sourcedata/freesurfer/sub-v1s21x0050390_ses-1/label/rh.cortex.label --rh-white /out/sourcedata/freesurfer/sub-v1s21x0050390_ses-1/surf/rh.white --rh-pial /out/sourcedata/freesurfer/sub-v1s21x0050390_ses-1/surf/rh.pial 

SUBJECTS_DIR /out/sourcedata/freesurfer
outvol wmparc.mgz
16 avail.processors, using 16
Loading aparc+aseg.mgz
Loading /out/sourcedata/freesurfer/sub-v1s21x0050390_ses-1/surf/lh.white
Loading /out/sourcedata/freesurfer/sub-v1s21x0050390_ses-1/surf/lh.pial
Loading /out/sourcedata/freesurfer/sub-v1s21x0050390_ses-1/label/lh.cortex.label
Ripping lh vertices labeled not in lh.cortex.label
  ripped 8295 vertices from lh hemi
Loading /out/sourcedata/freesurfer/sub-v1s21x0050390_ses-1/label/lh.aparc.annot
Loading /out/sourcedata/freesurfer/sub-v1s21x0050390_ses-1/surf/rh.white
Loading /out/sourcedata/freesurfer/sub-v1s21x0050390_ses-1/surf/rh.pial
Loading /out/sourcedata/freesurfer/sub-v1s21x0050390_ses-1/label/rh.cortex.label
Ripping rh vertices labeled not in rh.cortex.label
  ripped 8164 vertices from rh hemi
Loading /out/sourcedata/freesurfer/sub-v1s21x0050390_ses-1/label/rh.aparc.annot
Done loading
  0 240 144 192 160  32 208  80  96 128  16 112  48 176 224  64 193  17 241  33   1 225 209  49 242 194   2  34  18 226 210 243  50 195  35  19 
  3 227  65  36  20   4 196 244 228 211  51 197   5 245  37  21 229 212  52 246 198   6  38  22 230  23   7  39 
213 247 199 
231  53  24   8  40 214 248 200 232  66  54  25   9  41 215 249 201 233  55  26  42  10 177  43 202 216 250 234  27  11  56 203  44 251  28  12 217 235  57 204 252  45  13  29 205 218 236  46 253  14  58  30 206  47 237 254  15  67  31 219 
 59 
207 238 255 220  60 239 
221  61 222  62 223  63 178 129  68  81 161 113 179 
 69 145  97 180  70 130 181  82 182 162 114 183  71 184 185 186 146 187 188 189 190 191  72  98 131 163  83 115  73 147 132 164  84 116  74  99 
133 165 117 148  85  75 118 166 134 100  76  86 119 
149 167 120 135  77  87 121 168 101 150  78 169 122 136 170  88 123  79 
151 171 124 102  89 172 125 137 173 152 126 174  90 103 175 127 153 138  91 104 154  92 139 
155 105 156  93 140 157 106  94 158 141 159 
107  95 142 143 108 109 110 111 
nrelabeled = 446624
ndotcheck = 3605
Starting Surf2VolSeg free
free done
#VMPC# mri_surf2volseg VmPeak  1920344
mri_surf2volseg done

 mri_segstats --seed 1234 --seg mri/wmparc.mgz --sum stats/wmparc.stats --pv mri/norm.mgz --excludeid 0 --brainmask mri/brainmask.mgz --in mri/norm.mgz --in-intensity-name norm --in-intensity-units MR --subject sub-v1s21x0050390_ses-1 --surf-wm-vol --ctab /opt/freesurfer/WMParcStatsLUT.txt --etiv 

setting seed for random number genererator to 1234

7.3.2
cwd 
cmdline mri_segstats --seed 1234 --seg mri/wmparc.mgz --sum stats/wmparc.stats --pv mri/norm.mgz --excludeid 0 --brainmask mri/brainmask.mgz --in mri/norm.mgz --in-intensity-name norm --in-intensity-units MR --subject sub-v1s21x0050390_ses-1 --surf-wm-vol --ctab /opt/freesurfer/WMParcStatsLUT.txt --etiv 
sysname  Linux
hostname dna058
machine  x86_64
user     oesteban
whitesurfname  white
UseRobust  0
atlas_icv (eTIV) = 1553276 mm^3    (det: 1.254191 )
Loading mri/wmparc.mgz
Getting Brain Volume Statistics
Loading mri/norm.mgz
Loading mri/norm.mgz
Voxel Volume is 1 mm^3
Generating list of segmentation ids
Found 390 segmentations
Computing statistics for each segmentation

Reporting on  70 segmentations
Using PrintSegStat
mri_segstats done
#--------------------------------------------
#@# ASeg Stats Mon Mar  9 12:13:06 CET 2026
/out/sourcedata/freesurfer/sub-v1s21x0050390_ses-1

 mri_segstats --seed 1234 --seg mri/aseg.mgz --sum stats/aseg.stats --pv mri/norm.mgz --empty --brainmask mri/brainmask.mgz --brain-vol-from-seg --excludeid 0 --excl-ctxgmwm --supratent --subcortgray --in mri/norm.mgz --in-intensity-name norm --in-intensity-units MR --etiv --surf-wm-vol --surf-ctx-vol --totalgray --euler --ctab /opt/freesurfer/ASegStatsLUT.txt --subject sub-v1s21x0050390_ses-1 

setting seed for random number genererator to 1234

7.3.2
cwd 
cmdline mri_segstats --seed 1234 --seg mri/aseg.mgz --sum stats/aseg.stats --pv mri/norm.mgz --empty --brainmask mri/brainmask.mgz --brain-vol-from-seg --excludeid 0 --excl-ctxgmwm --supratent --subcortgray --in mri/norm.mgz --in-intensity-name norm --in-intensity-units MR --etiv --surf-wm-vol --surf-ctx-vol --totalgray --euler --ctab /opt/freesurfer/ASegStatsLUT.txt --subject sub-v1s21x0050390_ses-1 
sysname  Linux
hostname dna058
machine  x86_64
user     oesteban
whitesurfname  white
UseRobust  0
atlas_icv (eTIV) = 1553276 mm^3    (det: 1.254191 )
Computing euler number
orig.nofix lheno =  -58, rheno = -38
orig.nofix lhholes =   30, rhholes = 20
Loading mri/aseg.mgz
Getting Brain Volume Statistics
Loading mri/norm.mgz
Loading mri/norm.mgz
Voxel Volume is 1 mm^3
Generating list of segmentation ids
Found  50 segmentations
Computing statistics for each segmentation

Reporting on  45 segmentations
Using PrintSegStat
mri_segstats done

Started at Mon Mar 9 12:07:16 CET 2026 
Ended   at Mon Mar 9 12:13:44 CET 2026
#@#%# recon-all-run-time-hours 0.108
recon-all -s sub-v1s21x0050390_ses-1 finished without error at Mon Mar  9 12:13:44 CET 2026
