
Mon Mar  9 09:51:57 CET 2026
cd /out/sourcedata/freesurfer/sub-v1s21x0050399_ses-1
setenv SUBJECTS_DIR /out/sourcedata/freesurfer
/opt/freesurfer/bin/recon-all -autorecon1 -i /work/fmriprep_25_2_wf/sub_v1s21x0050399_ses_1_wf/anat_fit_wf/anat_validate/sub-v1s21x0050399_ses-1_T1w_noise_corrected_ras_valid.nii.gz -noskullstrip -noT2pial -noFLAIRpial -cw256 -openmp 16 -subjid sub-v1s21x0050399_ses-1 -sd /out/sourcedata/freesurfer

subjid sub-v1s21x0050399_ses-1
setenv SUBJECTS_DIR /out/sourcedata/freesurfer
FREESURFER_HOME /opt/freesurfer
Actual FREESURFER_HOME /opt/freesurfer
build-stamp.txt: freesurfer-linux-ubuntu22_x86_64-7.3.2-20220804-6354275
Linux dna018 5.14.0-427.37.1.el9_4.x86_64 #1 SMP PREEMPT_DYNAMIC Fri Sep 13 12:41:50 EDT 2024 x86_64 x86_64 x86_64 GNU/Linux
cputime      unlimited
filesize     unlimited
datasize     unlimited
stacksize    8192 kbytes
coredumpsize 0 kbytes
memoryuse    67108864 kbytes
vmemoryuse   unlimited
descriptors  1024 
memorylocked unlimited
maxproc      2061970 
maxlocks     unlimited
maxsignal    2061970 
maxmessage   819200 
maxnice      0 
maxrtprio    0 
maxrttime    unlimited

               total        used        free      shared  buff/cache   available
Mem:           503Gi        52Gi       376Gi       7.9Gi        74Gi       439Gi
Swap:             0B          0B          0B

########################################
program versions used
7.3.2 (freesurfer-linux-ubuntu22_x86_64-7.3.2-20220804-6354275)
7.3.2

ProgramName: lta_convert  ProgramArguments: lta_convert -all-info  ProgramVersion: 7.3.2  TimeStamp: 2026/03/09-08:51:57-GMT  BuildTime: Aug  4 2022 06:17:15  BuildStamp: freesurfer-linux-ubuntu22_x86_64-7.3.2-20220804-6354275  User: oesteban  Machine: dna018  Platform: Linux  PlatformVersion: 5.14.0-427.37.1.el9_4.x86_64  CompilerName: GCC  CompilerVersion: 8.4.0
ProgramName: mri_and  ProgramArguments: mri_and -all-info  ProgramVersion: 7.3.2  TimeStamp: 2026/03/09-08:51:57-GMT  BuildTime: Aug  4 2022 06:17:15  BuildStamp: freesurfer-linux-ubuntu22_x86_64-7.3.2-20220804-6354275  User: oesteban  Machine: dna018  Platform: Linux  PlatformVersion: 5.14.0-427.37.1.el9_4.x86_64  CompilerName: GCC  CompilerVersion: 8.4.0
ProgramName: mri_annotation2label  ProgramArguments: mri_annotation2label -all-info  ProgramVersion: 7.3.2  TimeStamp: 2026/03/09-08:51:57-GMT  BuildTime: Aug  4 2022 06:17:15  BuildStamp: freesurfer-linux-ubuntu22_x86_64-7.3.2-20220804-6354275  User: oesteban  Machine: dna018  Platform: Linux  PlatformVersion: 5.14.0-427.37.1.el9_4.x86_64  CompilerName: GCC  CompilerVersion: 8.4.0
ProgramName: mri_aparc2aseg  ProgramArguments: mri_aparc2aseg -all-info  ProgramVersion: 7.3.2  TimeStamp: 2026/03/09-08:51:57-GMT  BuildTime: Aug  4 2022 06:17:15  BuildStamp: freesurfer-linux-ubuntu22_x86_64-7.3.2-20220804-6354275  User: oesteban  Machine: dna018  Platform: Linux  PlatformVersion: 5.14.0-427.37.1.el9_4.x86_64  CompilerName: GCC  CompilerVersion: 8.4.0
ProgramName: mri_surf2volseg  ProgramArguments: mri_surf2volseg -all-info  ProgramVersion: 7.3.2  TimeStamp: 2026/03/09-08:51:57-GMT  BuildTime: Aug  4 2022 06:17:15  BuildStamp: freesurfer-linux-ubuntu22_x86_64-7.3.2-20220804-6354275  User: oesteban  Machine: dna018  Platform: Linux  PlatformVersion: 5.14.0-427.37.1.el9_4.x86_64  CompilerName: GCC  CompilerVersion: 8.4.0
ProgramName: mri_binarize  ProgramArguments: mri_binarize -all-info  ProgramVersion: 7.3.2  TimeStamp: 2026/03/09-08:51:57-GMT  BuildTime: Aug  4 2022 06:17:15  BuildStamp: freesurfer-linux-ubuntu22_x86_64-7.3.2-20220804-6354275  User: oesteban  Machine: dna018  Platform: Linux  PlatformVersion: 5.14.0-427.37.1.el9_4.x86_64  CompilerName: GCC  CompilerVersion: 8.4.0
ProgramName: mri_ca_label  ProgramArguments: mri_ca_label -all-info  ProgramVersion: 7.3.2  TimeStamp: 2026/03/09-08:51:57-GMT  BuildTime: Aug  4 2022 06:17:15  BuildStamp: freesurfer-linux-ubuntu22_x86_64-7.3.2-20220804-6354275  User: oesteban  Machine: dna018  Platform: Linux  PlatformVersion: 5.14.0-427.37.1.el9_4.x86_64  CompilerName: GCC  CompilerVersion: 8.4.0
ProgramName: mri_ca_normalize  ProgramArguments: mri_ca_normalize -all-info  ProgramVersion: 7.3.2  TimeStamp: 2026/03/09-08:51:57-GMT  BuildTime: Aug  4 2022 06:17:15  BuildStamp: freesurfer-linux-ubuntu22_x86_64-7.3.2-20220804-6354275  User: oesteban  Machine: dna018  Platform: Linux  PlatformVersion: 5.14.0-427.37.1.el9_4.x86_64  CompilerName: GCC  CompilerVersion: 8.4.0
ProgramName: mri_ca_register  ProgramArguments: mri_ca_register -all-info  ProgramVersion: 7.3.2  TimeStamp: 2026/03/09-08:51:57-GMT  BuildTime: Aug  4 2022 06:17:15  BuildStamp: freesurfer-linux-ubuntu22_x86_64-7.3.2-20220804-6354275  User: oesteban  Machine: dna018  Platform: Linux  PlatformVersion: 5.14.0-427.37.1.el9_4.x86_64  CompilerName: GCC  CompilerVersion: 8.4.0
ProgramName: mri_cc  ProgramArguments: mri_cc -all-info  ProgramVersion: 7.3.2  TimeStamp: 2026/03/09-08:51:57-GMT  BuildTime: Aug  4 2022 06:17:15  BuildStamp: freesurfer-linux-ubuntu22_x86_64-7.3.2-20220804-6354275  User: oesteban  Machine: dna018  Platform: Linux  PlatformVersion: 5.14.0-427.37.1.el9_4.x86_64  CompilerName: GCC  CompilerVersion: 8.4.0
ProgramName: mri_compute_overlap  ProgramArguments: mri_compute_overlap -all-info  ProgramVersion: 7.3.2  TimeStamp: 2026/03/09-08:51:57-GMT  BuildTime: Aug  4 2022 06:17:15  BuildStamp: freesurfer-linux-ubuntu22_x86_64-7.3.2-20220804-6354275  User: oesteban  Machine: dna018  Platform: Linux  PlatformVersion: 5.14.0-427.37.1.el9_4.x86_64  CompilerName: GCC  CompilerVersion: 8.4.0
ProgramName: mri_compute_seg_overlap  ProgramArguments: mri_compute_seg_overlap -all-info  ProgramVersion: 7.3.2  TimeStamp: 2026/03/09-08:51:57-GMT  BuildTime: Aug  4 2022 06:17:15  BuildStamp: freesurfer-linux-ubuntu22_x86_64-7.3.2-20220804-6354275  User: oesteban  Machine: dna018  Platform: Linux  PlatformVersion: 5.14.0-427.37.1.el9_4.x86_64  CompilerName: GCC  CompilerVersion: 8.4.0
ProgramName: mri_concat  ProgramArguments: mri_concat -all-info  ProgramVersion: 7.3.2  TimeStamp: 2026/03/09-08:51:57-GMT  BuildTime: Aug  4 2022 06:17:15  BuildStamp: freesurfer-linux-ubuntu22_x86_64-7.3.2-20220804-6354275  User: oesteban  Machine: dna018  Platform: Linux  PlatformVersion: 5.14.0-427.37.1.el9_4.x86_64  CompilerName: GCC  CompilerVersion: 8.4.0
ProgramName: mri_concatenate_lta  ProgramArguments: mri_concatenate_lta -all-info  ProgramVersion: 7.3.2  TimeStamp: 2026/03/09-08:51:57-GMT  BuildTime: Aug  4 2022 06:17:15  BuildStamp: freesurfer-linux-ubuntu22_x86_64-7.3.2-20220804-6354275  User: oesteban  Machine: dna018  Platform: Linux  PlatformVersion: 5.14.0-427.37.1.el9_4.x86_64  CompilerName: GCC  CompilerVersion: 8.4.0
mri_convert -all-info 
ProgramName: mri_convert  ProgramArguments: mri_convert -all-info  ProgramVersion: 7.3.2  TimeStamp: 2026/03/09-08:51:57-GMT  BuildTime: Aug  4 2022 06:17:15  BuildStamp: freesurfer-linux-ubuntu22_x86_64-7.3.2-20220804-6354275  User: oesteban  Machine: dna018  Platform: Linux  PlatformVersion: 5.14.0-427.37.1.el9_4.x86_64  CompilerName: GCC  CompilerVersion: 8.4.0
ProgramName: mri_diff  ProgramArguments: mri_diff -all-info  ProgramVersion: 7.3.2  TimeStamp: 2026/03/09-08:51:57-GMT  BuildTime: Aug  4 2022 06:17:15  BuildStamp: freesurfer-linux-ubuntu22_x86_64-7.3.2-20220804-6354275  User: oesteban  Machine: dna018  Platform: Linux  PlatformVersion: 5.14.0-427.37.1.el9_4.x86_64  CompilerName: GCC  CompilerVersion: 8.4.0
ProgramName: mri_edit_wm_with_aseg  ProgramArguments: mri_edit_wm_with_aseg -all-info  ProgramVersion: 7.3.2  TimeStamp: 2026/03/09-08:51:57-GMT  BuildTime: Aug  4 2022 06:17:15  BuildStamp: freesurfer-linux-ubuntu22_x86_64-7.3.2-20220804-6354275  User: oesteban  Machine: dna018  Platform: Linux  PlatformVersion: 5.14.0-427.37.1.el9_4.x86_64  CompilerName: GCC  CompilerVersion: 8.4.0
ProgramName: mri_em_register  ProgramArguments: mri_em_register -all-info  ProgramVersion: 7.3.2  TimeStamp: 2026/03/09-08:51:57-GMT  BuildTime: Aug  4 2022 06:17:15  BuildStamp: freesurfer-linux-ubuntu22_x86_64-7.3.2-20220804-6354275  User: oesteban  Machine: dna018  Platform: Linux  PlatformVersion: 5.14.0-427.37.1.el9_4.x86_64  CompilerName: GCC  CompilerVersion: 8.4.0
ProgramName: mri_fill  ProgramArguments: mri_fill -all-info  ProgramVersion: 7.3.2  TimeStamp: 2026/03/09-08:51:57-GMT  BuildTime: Aug  4 2022 06:17:15  BuildStamp: freesurfer-linux-ubuntu22_x86_64-7.3.2-20220804-6354275  User: oesteban  Machine: dna018  Platform: Linux  PlatformVersion: 5.14.0-427.37.1.el9_4.x86_64  CompilerName: GCC  CompilerVersion: 8.4.0
ProgramName: mri_fuse_segmentations  ProgramArguments: mri_fuse_segmentations -all-info  ProgramVersion: 7.3.2  TimeStamp: 2026/03/09-08:51:57-GMT  BuildTime: Aug  4 2022 06:17:15  BuildStamp: freesurfer-linux-ubuntu22_x86_64-7.3.2-20220804-6354275  User: oesteban  Machine: dna018  Platform: Linux  PlatformVersion: 5.14.0-427.37.1.el9_4.x86_64  CompilerName: GCC  CompilerVersion: 8.4.0
ProgramName: mri_fwhm  ProgramArguments: mri_fwhm -all-info  ProgramVersion: 7.3.2  TimeStamp: 2026/03/09-08:51:57-GMT  BuildTime: Aug  4 2022 06:17:15  BuildStamp: freesurfer-linux-ubuntu22_x86_64-7.3.2-20220804-6354275  User: oesteban  Machine: dna018  Platform: Linux  PlatformVersion: 5.14.0-427.37.1.el9_4.x86_64  CompilerName: GCC  CompilerVersion: 8.4.0
ProgramName: mri_gcut  ProgramArguments: mri_gcut -all-info  ProgramVersion: 7.3.2  TimeStamp: 2026/03/09-08:51:57-GMT  BuildTime: Aug  4 2022 06:17:15  BuildStamp: freesurfer-linux-ubuntu22_x86_64-7.3.2-20220804-6354275  User: oesteban  Machine: dna018  Platform: Linux  PlatformVersion: 5.14.0-427.37.1.el9_4.x86_64  CompilerName: GCC  CompilerVersion: 8.4.0
ProgramName: mri_info  ProgramArguments: mri_info -all-info  ProgramVersion: 7.3.2  TimeStamp: 2026/03/09-08:51:57-GMT  BuildTime: Aug  4 2022 06:17:15  BuildStamp: freesurfer-linux-ubuntu22_x86_64-7.3.2-20220804-6354275  User: oesteban  Machine: dna018  Platform: Linux  PlatformVersion: 5.14.0-427.37.1.el9_4.x86_64  CompilerName: GCC  CompilerVersion: 8.4.0
ProgramName: mri_label2label  ProgramArguments: mri_label2label -all-info  ProgramVersion: 7.3.2  TimeStamp: 2026/03/09-08:51:57-GMT  BuildTime: Aug  4 2022 06:17:15  BuildStamp: freesurfer-linux-ubuntu22_x86_64-7.3.2-20220804-6354275  User: oesteban  Machine: dna018  Platform: Linux  PlatformVersion: 5.14.0-427.37.1.el9_4.x86_64  CompilerName: GCC  CompilerVersion: 8.4.0
ProgramName: mri_label2vol  ProgramArguments: mri_label2vol -all-info  ProgramVersion: 7.3.2  TimeStamp: 2026/03/09-08:51:57-GMT  BuildTime: Aug  4 2022 06:17:15  BuildStamp: freesurfer-linux-ubuntu22_x86_64-7.3.2-20220804-6354275  User: oesteban  Machine: dna018  Platform: Linux  PlatformVersion: 5.14.0-427.37.1.el9_4.x86_64  CompilerName: GCC  CompilerVersion: 8.4.0
ProgramName: mri_log_likelihood  ProgramArguments: mri_log_likelihood -all-info  ProgramVersion: 7.3.2  TimeStamp: 2026/03/09-08:51:57-GMT  BuildTime: Aug  4 2022 06:17:15  BuildStamp: freesurfer-linux-ubuntu22_x86_64-7.3.2-20220804-6354275  User: oesteban  Machine: dna018  Platform: Linux  PlatformVersion: 5.14.0-427.37.1.el9_4.x86_64  CompilerName: GCC  CompilerVersion: 8.4.0
ProgramName: mri_mask  ProgramArguments: mri_mask -all-info  ProgramVersion: 7.3.2  TimeStamp: 2026/03/09-08:51:57-GMT  BuildTime: Aug  4 2022 06:17:15  BuildStamp: freesurfer-linux-ubuntu22_x86_64-7.3.2-20220804-6354275  User: oesteban  Machine: dna018  Platform: Linux  PlatformVersion: 5.14.0-427.37.1.el9_4.x86_64  CompilerName: GCC  CompilerVersion: 8.4.0
ProgramName: mri_matrix_multiply  ProgramArguments: mri_matrix_multiply -all-info  ProgramVersion: 7.3.2  TimeStamp: 2026/03/09-08:51:57-GMT  BuildTime: Aug  4 2022 06:17:15  BuildStamp: freesurfer-linux-ubuntu22_x86_64-7.3.2-20220804-6354275  User: oesteban  Machine: dna018  Platform: Linux  PlatformVersion: 5.14.0-427.37.1.el9_4.x86_64  CompilerName: GCC  CompilerVersion: 8.4.0
ProgramName: mri_normalize  ProgramArguments: mri_normalize -all-info  ProgramVersion: 7.3.2  TimeStamp: 2026/03/09-08:51:57-GMT  BuildTime: Aug  4 2022 06:17:15  BuildStamp: freesurfer-linux-ubuntu22_x86_64-7.3.2-20220804-6354275  User: oesteban  Machine: dna018  Platform: Linux  PlatformVersion: 5.14.0-427.37.1.el9_4.x86_64  CompilerName: GCC  CompilerVersion: 8.4.0
ProgramName: mri_normalize_tp2  ProgramArguments: mri_normalize_tp2 -all-info  ProgramVersion: 7.3.2  TimeStamp: 2026/03/09-08:51:57-GMT  BuildTime: Aug  4 2022 06:17:15  BuildStamp: freesurfer-linux-ubuntu22_x86_64-7.3.2-20220804-6354275  User: oesteban  Machine: dna018  Platform: Linux  PlatformVersion: 5.14.0-427.37.1.el9_4.x86_64  CompilerName: GCC  CompilerVersion: 8.4.0
ProgramName: mri_or  ProgramArguments: mri_or -all-info  ProgramVersion: 7.3.2  TimeStamp: 2026/03/09-08:51:57-GMT  BuildTime: Aug  4 2022 06:17:15  BuildStamp: freesurfer-linux-ubuntu22_x86_64-7.3.2-20220804-6354275  User: oesteban  Machine: dna018  Platform: Linux  PlatformVersion: 5.14.0-427.37.1.el9_4.x86_64  CompilerName: GCC  CompilerVersion: 8.4.0
ProgramName: mri_relabel_hypointensities  ProgramArguments: mri_relabel_hypointensities -all-info  ProgramVersion: 7.3.2  TimeStamp: 2026/03/09-08:51:57-GMT  BuildTime: Aug  4 2022 06:17:15  BuildStamp: freesurfer-linux-ubuntu22_x86_64-7.3.2-20220804-6354275  User: oesteban  Machine: dna018  Platform: Linux  PlatformVersion: 5.14.0-427.37.1.el9_4.x86_64  CompilerName: GCC  CompilerVersion: 8.4.0
ProgramName: mri_relabel_nonwm_hypos  ProgramArguments: mri_relabel_nonwm_hypos -all-info  ProgramVersion: 7.3.2  TimeStamp: 2026/03/09-08:51:57-GMT  BuildTime: Aug  4 2022 06:17:15  BuildStamp: freesurfer-linux-ubuntu22_x86_64-7.3.2-20220804-6354275  User: oesteban  Machine: dna018  Platform: Linux  PlatformVersion: 5.14.0-427.37.1.el9_4.x86_64  CompilerName: GCC  CompilerVersion: 8.4.0
ProgramName: mri_remove_neck  ProgramArguments: mri_remove_neck -all-info  ProgramVersion: 7.3.2  TimeStamp: 2026/03/09-08:51:58-GMT  BuildTime: Aug  4 2022 06:17:15  BuildStamp: freesurfer-linux-ubuntu22_x86_64-7.3.2-20220804-6354275  User: oesteban  Machine: dna018  Platform: Linux  PlatformVersion: 5.14.0-427.37.1.el9_4.x86_64  CompilerName: GCC  CompilerVersion: 8.4.0
7.3.2

ProgramName: mri_robust_register  ProgramArguments: mri_robust_register -all-info  ProgramVersion: 7.3.2  TimeStamp: 2026/03/09-08:51:58-GMT  BuildTime: Aug  4 2022 06:17:15  BuildStamp: freesurfer-linux-ubuntu22_x86_64-7.3.2-20220804-6354275  User: oesteban  Machine: dna018  Platform: Linux  PlatformVersion: 5.14.0-427.37.1.el9_4.x86_64  CompilerName: GCC  CompilerVersion: 8.4.0
7.3.2

ProgramName: mri_robust_template  ProgramArguments: mri_robust_template -all-info  ProgramVersion: 7.3.2  TimeStamp: 2026/03/09-08:51:58-GMT  BuildTime: Aug  4 2022 06:17:15  BuildStamp: freesurfer-linux-ubuntu22_x86_64-7.3.2-20220804-6354275  User: oesteban  Machine: dna018  Platform: Linux  PlatformVersion: 5.14.0-427.37.1.el9_4.x86_64  CompilerName: GCC  CompilerVersion: 8.4.0
ProgramName: mris_anatomical_stats  ProgramArguments: mris_anatomical_stats -all-info  ProgramVersion: 7.3.2  TimeStamp: 2026/03/09-08:51:58-GMT  BuildTime: Aug  4 2022 06:17:15  BuildStamp: freesurfer-linux-ubuntu22_x86_64-7.3.2-20220804-6354275  User: oesteban  Machine: dna018  Platform: Linux  PlatformVersion: 5.14.0-427.37.1.el9_4.x86_64  CompilerName: GCC  CompilerVersion: 8.4.0
ProgramName: mris_ca_label  ProgramArguments: mris_ca_label -all-info  ProgramVersion: 7.3.2  TimeStamp: 2026/03/09-08:51:58-GMT  BuildTime: Aug  4 2022 06:17:15  BuildStamp: freesurfer-linux-ubuntu22_x86_64-7.3.2-20220804-6354275  User: oesteban  Machine: dna018  Platform: Linux  PlatformVersion: 5.14.0-427.37.1.el9_4.x86_64  CompilerName: GCC  CompilerVersion: 8.4.0
ProgramName: mris_calc  ProgramArguments: mris_calc -all-info  ProgramVersion: 7.3.2  TimeStamp: 2026/03/09-08:51:58-GMT  BuildTime: Aug  4 2022 06:17:15  BuildStamp: freesurfer-linux-ubuntu22_x86_64-7.3.2-20220804-6354275  User: oesteban  Machine: dna018  Platform: Linux  PlatformVersion: 5.14.0-427.37.1.el9_4.x86_64  CompilerName: GCC  CompilerVersion: 8.4.0
ProgramName: mris_convert  ProgramArguments: mris_convert -all-info  ProgramVersion: 7.3.2  TimeStamp: 2026/03/09-08:51:58-GMT  BuildTime: Aug  4 2022 06:17:15  BuildStamp: freesurfer-linux-ubuntu22_x86_64-7.3.2-20220804-6354275  User: oesteban  Machine: dna018  Platform: Linux  PlatformVersion: 5.14.0-427.37.1.el9_4.x86_64  CompilerName: GCC  CompilerVersion: 8.4.0
ProgramName: mris_curvature  ProgramArguments: mris_curvature -all-info  ProgramVersion: 7.3.2  TimeStamp: 2026/03/09-08:51:58-GMT  BuildTime: Aug  4 2022 06:17:15  BuildStamp: freesurfer-linux-ubuntu22_x86_64-7.3.2-20220804-6354275  User: oesteban  Machine: dna018  Platform: Linux  PlatformVersion: 5.14.0-427.37.1.el9_4.x86_64  CompilerName: GCC  CompilerVersion: 8.4.0
ProgramName: mris_curvature_stats  ProgramArguments: mris_curvature_stats -all-info  ProgramVersion: 7.3.2  TimeStamp: 2026/03/09-08:51:58-GMT  BuildTime: Aug  4 2022 06:17:15  BuildStamp: freesurfer-linux-ubuntu22_x86_64-7.3.2-20220804-6354275  User: oesteban  Machine: dna018  Platform: Linux  PlatformVersion: 5.14.0-427.37.1.el9_4.x86_64  CompilerName: GCC  CompilerVersion: 8.4.0
ProgramName: mris_diff  ProgramArguments: mris_diff -all-info  ProgramVersion: 7.3.2  TimeStamp: 2026/03/09-08:51:58-GMT  BuildTime: Aug  4 2022 06:17:15  BuildStamp: freesurfer-linux-ubuntu22_x86_64-7.3.2-20220804-6354275  User: oesteban  Machine: dna018  Platform: Linux  PlatformVersion: 5.14.0-427.37.1.el9_4.x86_64  CompilerName: GCC  CompilerVersion: 8.4.0
ProgramName: mris_divide_parcellation  ProgramArguments: mris_divide_parcellation -all-info  ProgramVersion: 7.3.2  TimeStamp: 2026/03/09-08:51:58-GMT  BuildTime: Aug  4 2022 06:17:15  BuildStamp: freesurfer-linux-ubuntu22_x86_64-7.3.2-20220804-6354275  User: oesteban  Machine: dna018  Platform: Linux  PlatformVersion: 5.14.0-427.37.1.el9_4.x86_64  CompilerName: GCC  CompilerVersion: 8.4.0
ProgramName: mri_segment  ProgramArguments: mri_segment -all-info  ProgramVersion: 7.3.2  TimeStamp: 2026/03/09-08:51:58-GMT  BuildTime: Aug  4 2022 06:17:15  BuildStamp: freesurfer-linux-ubuntu22_x86_64-7.3.2-20220804-6354275  User: oesteban  Machine: dna018  Platform: Linux  PlatformVersion: 5.14.0-427.37.1.el9_4.x86_64  CompilerName: GCC  CompilerVersion: 8.4.0
ProgramName: mri_segstats  ProgramArguments: mri_segstats -all-info  ProgramVersion: 7.3.2  TimeStamp: 2026/03/09-08:51:58-GMT  BuildTime: Aug  4 2022 06:17:15  BuildStamp: freesurfer-linux-ubuntu22_x86_64-7.3.2-20220804-6354275  User: oesteban  Machine: dna018  Platform: Linux  PlatformVersion: 5.14.0-427.37.1.el9_4.x86_64  CompilerName: GCC  CompilerVersion: 8.4.0
ProgramName: mris_euler_number  ProgramArguments: mris_euler_number -all-info  ProgramVersion: 7.3.2  TimeStamp: 2026/03/09-08:51:58-GMT  BuildTime: Aug  4 2022 06:17:15  BuildStamp: freesurfer-linux-ubuntu22_x86_64-7.3.2-20220804-6354275  User: oesteban  Machine: dna018  Platform: Linux  PlatformVersion: 5.14.0-427.37.1.el9_4.x86_64  CompilerName: GCC  CompilerVersion: 8.4.0
ProgramName: mris_fix_topology  ProgramArguments: mris_fix_topology -all-info  ProgramVersion: 7.3.2  TimeStamp: 2026/03/09-08:51:58-GMT  BuildTime: Aug  4 2022 06:17:15  BuildStamp: freesurfer-linux-ubuntu22_x86_64-7.3.2-20220804-6354275  User: oesteban  Machine: dna018  Platform: Linux  PlatformVersion: 5.14.0-427.37.1.el9_4.x86_64  CompilerName: GCC  CompilerVersion: 8.4.0
ProgramName: mris_topo_fixer  ProgramArguments: mris_topo_fixer -all-info  ProgramVersion: 7.3.2  TimeStamp: 2026/03/09-08:51:58-GMT  BuildTime: Aug  4 2022 06:17:15  BuildStamp: freesurfer-linux-ubuntu22_x86_64-7.3.2-20220804-6354275  User: oesteban  Machine: dna018  Platform: Linux  PlatformVersion: 5.14.0-427.37.1.el9_4.x86_64  CompilerName: GCC  CompilerVersion: 8.4.0
ProgramName: mris_jacobian  ProgramArguments: mris_jacobian -all-info  ProgramVersion: 7.3.2  TimeStamp: 2026/03/09-08:51:58-GMT  BuildTime: Aug  4 2022 06:17:15  BuildStamp: freesurfer-linux-ubuntu22_x86_64-7.3.2-20220804-6354275  User: oesteban  Machine: dna018  Platform: Linux  PlatformVersion: 5.14.0-427.37.1.el9_4.x86_64  CompilerName: GCC  CompilerVersion: 8.4.0
ProgramName: mris_label2annot  ProgramArguments: mris_label2annot -all-info  ProgramVersion: 7.3.2  TimeStamp: 2026/03/09-08:51:58-GMT  BuildTime: Aug  4 2022 06:17:15  BuildStamp: freesurfer-linux-ubuntu22_x86_64-7.3.2-20220804-6354275  User: oesteban  Machine: dna018  Platform: Linux  PlatformVersion: 5.14.0-427.37.1.el9_4.x86_64  CompilerName: GCC  CompilerVersion: 8.4.0
ProgramName: mris_left_right_register  ProgramArguments: mris_left_right_register -all-info  ProgramVersion: 7.3.2  TimeStamp: 2026/03/09-08:51:58-GMT  BuildTime: Aug  4 2022 06:17:15  BuildStamp: freesurfer-linux-ubuntu22_x86_64-7.3.2-20220804-6354275  User: oesteban  Machine: dna018  Platform: Linux  PlatformVersion: 5.14.0-427.37.1.el9_4.x86_64  CompilerName: GCC  CompilerVersion: 8.4.0
ProgramName: mris_place_surface  ProgramArguments: mris_place_surface -all-info  ProgramVersion: 7.3.2  TimeStamp: 2026/03/09-08:51:58-GMT  BuildTime: Aug  4 2022 06:17:15  BuildStamp: freesurfer-linux-ubuntu22_x86_64-7.3.2-20220804-6354275  User: oesteban  Machine: dna018  Platform: Linux  PlatformVersion: 5.14.0-427.37.1.el9_4.x86_64  CompilerName: GCC  CompilerVersion: 8.4.0
ProgramName: mrisp_paint  ProgramArguments: mrisp_paint -all-info  ProgramVersion: 7.3.2  TimeStamp: 2026/03/09-08:51:58-GMT  BuildTime: Aug  4 2022 06:17:15  BuildStamp: freesurfer-linux-ubuntu22_x86_64-7.3.2-20220804-6354275  User: oesteban  Machine: dna018  Platform: Linux  PlatformVersion: 5.14.0-427.37.1.el9_4.x86_64  CompilerName: GCC  CompilerVersion: 8.4.0
ProgramName: mris_register  ProgramArguments: mris_register -all-info  ProgramVersion: 7.3.2  TimeStamp: 2026/03/09-08:51:58-GMT  BuildTime: Aug  4 2022 06:17:15  BuildStamp: freesurfer-linux-ubuntu22_x86_64-7.3.2-20220804-6354275  User: oesteban  Machine: dna018  Platform: Linux  PlatformVersion: 5.14.0-427.37.1.el9_4.x86_64  CompilerName: GCC  CompilerVersion: 8.4.0
ProgramName: mris_smooth  ProgramArguments: mris_smooth -all-info  ProgramVersion: 7.3.2  TimeStamp: 2026/03/09-08:51:58-GMT  BuildTime: Aug  4 2022 06:17:15  BuildStamp: freesurfer-linux-ubuntu22_x86_64-7.3.2-20220804-6354275  User: oesteban  Machine: dna018  Platform: Linux  PlatformVersion: 5.14.0-427.37.1.el9_4.x86_64  CompilerName: GCC  CompilerVersion: 8.4.0
ProgramName: mris_sphere  ProgramArguments: mris_sphere -all-info  ProgramVersion: 7.3.2  TimeStamp: 2026/03/09-08:51:58-GMT  BuildTime: Aug  4 2022 06:17:15  BuildStamp: freesurfer-linux-ubuntu22_x86_64-7.3.2-20220804-6354275  User: oesteban  Machine: dna018  Platform: Linux  PlatformVersion: 5.14.0-427.37.1.el9_4.x86_64  CompilerName: GCC  CompilerVersion: 8.4.0
ProgramName: mris_surface_stats  ProgramArguments: mris_surface_stats -all-info  ProgramVersion: 7.3.2  TimeStamp: 2026/03/09-08:51:58-GMT  BuildTime: Aug  4 2022 06:17:15  BuildStamp: freesurfer-linux-ubuntu22_x86_64-7.3.2-20220804-6354275  User: oesteban  Machine: dna018  Platform: Linux  PlatformVersion: 5.14.0-427.37.1.el9_4.x86_64  CompilerName: GCC  CompilerVersion: 8.4.0
ProgramName: mri_stats2seg  ProgramArguments: mri_stats2seg -all-info  ProgramVersion: 7.3.2  TimeStamp: 2026/03/09-08:51:58-GMT  BuildTime: Aug  4 2022 06:17:15  BuildStamp: freesurfer-linux-ubuntu22_x86_64-7.3.2-20220804-6354275  User: oesteban  Machine: dna018  Platform: Linux  PlatformVersion: 5.14.0-427.37.1.el9_4.x86_64  CompilerName: GCC  CompilerVersion: 8.4.0
ProgramName: mris_thickness  ProgramArguments: mris_thickness -all-info  ProgramVersion: 7.3.2  TimeStamp: 2026/03/09-08:51:58-GMT  BuildTime: Aug  4 2022 06:17:15  BuildStamp: freesurfer-linux-ubuntu22_x86_64-7.3.2-20220804-6354275  User: oesteban  Machine: dna018  Platform: Linux  PlatformVersion: 5.14.0-427.37.1.el9_4.x86_64  CompilerName: GCC  CompilerVersion: 8.4.0
ProgramName: mris_thickness_diff  ProgramArguments: mris_thickness_diff -all-info  ProgramVersion: 7.3.2  TimeStamp: 2026/03/09-08:51:58-GMT  BuildTime: Aug  4 2022 06:17:15  BuildStamp: freesurfer-linux-ubuntu22_x86_64-7.3.2-20220804-6354275  User: oesteban  Machine: dna018  Platform: Linux  PlatformVersion: 5.14.0-427.37.1.el9_4.x86_64  CompilerName: GCC  CompilerVersion: 8.4.0
ProgramName: mris_topo_fixer  ProgramArguments: mris_topo_fixer -all-info  ProgramVersion: 7.3.2  TimeStamp: 2026/03/09-08:51:58-GMT  BuildTime: Aug  4 2022 06:17:15  BuildStamp: freesurfer-linux-ubuntu22_x86_64-7.3.2-20220804-6354275  User: oesteban  Machine: dna018  Platform: Linux  PlatformVersion: 5.14.0-427.37.1.el9_4.x86_64  CompilerName: GCC  CompilerVersion: 8.4.0
ProgramName: mri_surf2surf  ProgramArguments: mri_surf2surf -all-info  ProgramVersion: 7.3.2  TimeStamp: 2026/03/09-08:51:58-GMT  BuildTime: Aug  4 2022 06:17:15  BuildStamp: freesurfer-linux-ubuntu22_x86_64-7.3.2-20220804-6354275  User: oesteban  Machine: dna018  Platform: Linux  PlatformVersion: 5.14.0-427.37.1.el9_4.x86_64  CompilerName: GCC  CompilerVersion: 8.4.0
ProgramName: mri_surf2vol  ProgramArguments: mri_surf2vol -all-info  ProgramVersion: 7.3.2  TimeStamp: 2026/03/09-08:51:58-GMT  BuildTime: Aug  4 2022 06:17:15  BuildStamp: freesurfer-linux-ubuntu22_x86_64-7.3.2-20220804-6354275  User: oesteban  Machine: dna018  Platform: Linux  PlatformVersion: 5.14.0-427.37.1.el9_4.x86_64  CompilerName: GCC  CompilerVersion: 8.4.0
ProgramName: mri_surfcluster  ProgramArguments: mri_surfcluster -all-info  ProgramVersion: 7.3.2  TimeStamp: 2026/03/09-08:51:58-GMT  BuildTime: Aug  4 2022 06:17:15  BuildStamp: freesurfer-linux-ubuntu22_x86_64-7.3.2-20220804-6354275  User: oesteban  Machine: dna018  Platform: Linux  PlatformVersion: 5.14.0-427.37.1.el9_4.x86_64  CompilerName: GCC  CompilerVersion: 8.4.0
ProgramName: mris_volmask  ProgramArguments: mris_volmask -all-info  ProgramVersion: 7.3.2  TimeStamp: 2026/03/09-08:51:58-GMT  BuildTime: Aug  4 2022 06:17:15  BuildStamp: freesurfer-linux-ubuntu22_x86_64-7.3.2-20220804-6354275  User: oesteban  Machine: dna018  Platform: Linux  PlatformVersion: 5.14.0-427.37.1.el9_4.x86_64  CompilerName: GCC  CompilerVersion: 8.4.0
ProgramName: mri_tessellate  ProgramArguments: mri_tessellate -all-info  ProgramVersion: 7.3.2  TimeStamp: 2026/03/09-08:51:58-GMT  BuildTime: Aug  4 2022 06:17:15  BuildStamp: freesurfer-linux-ubuntu22_x86_64-7.3.2-20220804-6354275  User: oesteban  Machine: dna018  Platform: Linux  PlatformVersion: 5.14.0-427.37.1.el9_4.x86_64  CompilerName: GCC  CompilerVersion: 8.4.0
ProgramName: mri_vol2surf  ProgramArguments: mri_vol2surf -all-info  ProgramVersion: 7.3.2  TimeStamp: 2026/03/09-08:51:58-GMT  BuildTime: Aug  4 2022 06:17:15  BuildStamp: freesurfer-linux-ubuntu22_x86_64-7.3.2-20220804-6354275  User: oesteban  Machine: dna018  Platform: Linux  PlatformVersion: 5.14.0-427.37.1.el9_4.x86_64  CompilerName: GCC  CompilerVersion: 8.4.0
ProgramName: mri_vol2vol  ProgramArguments: mri_vol2vol -all-info  ProgramVersion: 7.3.2  TimeStamp: 2026/03/09-08:51:58-GMT  BuildTime: Aug  4 2022 06:17:15  BuildStamp: freesurfer-linux-ubuntu22_x86_64-7.3.2-20220804-6354275  User: oesteban  Machine: dna018  Platform: Linux  PlatformVersion: 5.14.0-427.37.1.el9_4.x86_64  CompilerName: GCC  CompilerVersion: 8.4.0
ProgramName: mri_voldiff  ProgramArguments: mri_voldiff -all-info  ProgramVersion: 7.3.2  TimeStamp: 2026/03/09-08:51:58-GMT  BuildTime: Aug  4 2022 06:17:15  BuildStamp: freesurfer-linux-ubuntu22_x86_64-7.3.2-20220804-6354275  User: oesteban  Machine: dna018  Platform: Linux  PlatformVersion: 5.14.0-427.37.1.el9_4.x86_64  CompilerName: GCC  CompilerVersion: 8.4.0
ProgramName: mri_watershed  ProgramArguments: mri_watershed -all-info  ProgramVersion: 7.3.2  TimeStamp: 2026/03/09-08:51:58-GMT  BuildTime: Aug  4 2022 06:17:15  BuildStamp: freesurfer-linux-ubuntu22_x86_64-7.3.2-20220804-6354275  User: oesteban  Machine: dna018  Platform: Linux  PlatformVersion: 5.14.0-427.37.1.el9_4.x86_64  CompilerName: GCC  CompilerVersion: 8.4.0
ProgramName: tkregister2  ProgramArguments: tkregister2_cmdl -all-info  ProgramVersion: 7.3.2  TimeStamp: 2026/03/09-08:51:58-GMT  BuildTime: Aug  4 2022 06:17:15  BuildStamp: freesurfer-linux-ubuntu22_x86_64-7.3.2-20220804-6354275  User: oesteban  Machine: dna018  Platform: Linux  PlatformVersion: 5.14.0-427.37.1.el9_4.x86_64  CompilerName: GCC  CompilerVersion: 8.4.0
mri_motion_correct.fsl 7.3.2
mri_convert -all-info 
ProgramName: mri_convert  ProgramArguments: mri_convert -all-info  ProgramVersion: 7.3.2  TimeStamp: 2026/03/09-08:51:58-GMT  BuildTime: Aug  4 2022 06:17:15  BuildStamp: freesurfer-linux-ubuntu22_x86_64-7.3.2-20220804-6354275  User: oesteban  Machine: dna018  Platform: Linux  PlatformVersion: 5.14.0-427.37.1.el9_4.x86_64  CompilerName: GCC  CompilerVersion: 8.4.0
Program nu_correct, built from:
Package MNI N3, version 1.12.0, compiled by nicks@terrier (x86_64-unknown-linux-gnu) on 2015-06-19 at 01:25:34
#######################################
GCADIR /opt/freesurfer/average
GCA RB_all_2020-01-02.gca
GCASkull RB_all_withskull_2020_01_02.gca
AvgCurvTif folding.atlas.acfb40.noaparc.i12.2016-08-02.tif
GCSDIR /opt/freesurfer/average
GCS DKaparc.atlas.acfb40.noaparc.i12.2016-08-02.gcs
#######################################
-cw256 option is now persistent (remove with -clean-cw256)
/out/sourcedata/freesurfer/sub-v1s21x0050399_ses-1

 mri_convert /work/fmriprep_25_2_wf/sub_v1s21x0050399_ses_1_wf/anat_fit_wf/anat_validate/sub-v1s21x0050399_ses-1_T1w_noise_corrected_ras_valid.nii.gz /out/sourcedata/freesurfer/sub-v1s21x0050399_ses-1/mri/orig/001.mgz 

mri_convert /work/fmriprep_25_2_wf/sub_v1s21x0050399_ses_1_wf/anat_fit_wf/anat_validate/sub-v1s21x0050399_ses-1_T1w_noise_corrected_ras_valid.nii.gz /out/sourcedata/freesurfer/sub-v1s21x0050399_ses-1/mri/orig/001.mgz 
reading from /work/fmriprep_25_2_wf/sub_v1s21x0050399_ses_1_wf/anat_fit_wf/anat_validate/sub-v1s21x0050399_ses-1_T1w_noise_corrected_ras_valid.nii.gz...
TR=0.00, TE=0.00, TI=0.00, flip angle=0.00
i_ras = (1, 0, 0)
j_ras = (0, 1, 0)
k_ras = (0, 0, 1)
writing to /out/sourcedata/freesurfer/sub-v1s21x0050399_ses-1/mri/orig/001.mgz...
#--------------------------------------------
#@# MotionCor Mon Mar  9 09:51:59 CET 2026
Found 1 runs
/out/sourcedata/freesurfer/sub-v1s21x0050399_ses-1/mri/orig/001.mgz
Checking for (invalid) multi-frame inputs...
Only one run found so motion
correction will not be performed. I'll
copy the run to rawavg and continue.

 cp /out/sourcedata/freesurfer/sub-v1s21x0050399_ses-1/mri/orig/001.mgz /out/sourcedata/freesurfer/sub-v1s21x0050399_ses-1/mri/rawavg.mgz 


 mri_info /out/sourcedata/freesurfer/sub-v1s21x0050399_ses-1/mri/rawavg.mgz 

rawavg.mgz ========================================
Volume information for /out/sourcedata/freesurfer/sub-v1s21x0050399_ses-1/mri/rawavg.mgz
          type: MGH
    dimensions: 256 x 256 x 124
   voxel sizes: 1.015620, 1.015620, 1.200000
          type: FLOAT (3)
           fov: 259.999
           dof: 1
        xstart: -130.0, xend: 130.0
        ystart: -130.0, yend: 130.0
        zstart: -74.4, zend: 74.4
            TR: 0.00 msec, TE: 0.00 msec, TI: 0.00 msec, flip angle: 0.00 degrees
       nframes: 1
       PhEncDir: UNKNOWN
       FieldStrength: 0.000000
ras xform present
    xform info: x_r =   1.0000, y_r =   0.0000, z_r =   0.0000, c_r =     0.5078
              : x_a =   0.0000, y_a =   1.0000, z_a =   0.0000, c_a =     0.5078
              : x_s =   0.0000, y_s =   0.0000, z_s =   1.0000, c_s =     0.6000

talairach xfm : 
Orientation   : RAS
Primary Slice Direction: axial

voxel to ras transform:
                1.0156   0.0000   0.0000  -129.4915
                0.0000   1.0156   0.0000  -129.4915
                0.0000   0.0000   1.2000   -73.8000
                0.0000   0.0000   0.0000     1.0000

voxel-to-ras determinant 1.23778

ras to voxel transform:
                0.9846   0.0000   0.0000   127.5000
                0.0000   0.9846   0.0000   127.5000
                0.0000   0.0000   0.8333    61.5000
                0.0000   0.0000   0.0000     1.0000
/out/sourcedata/freesurfer/sub-v1s21x0050399_ses-1

 mri_convert /out/sourcedata/freesurfer/sub-v1s21x0050399_ses-1/mri/rawavg.mgz /out/sourcedata/freesurfer/sub-v1s21x0050399_ses-1/mri/orig.mgz --conform --cw256 

mri_convert /out/sourcedata/freesurfer/sub-v1s21x0050399_ses-1/mri/rawavg.mgz /out/sourcedata/freesurfer/sub-v1s21x0050399_ses-1/mri/orig.mgz --conform --cw256 
reading from /out/sourcedata/freesurfer/sub-v1s21x0050399_ses-1/mri/rawavg.mgz...
TR=0.00, TE=0.00, TI=0.00, flip angle=0.00
i_ras = (1, 0, 0)
j_ras = (0, 1, 0)
k_ras = (0, 0, 1)
changing data type from float to uchar (noscale = 0)...
MRIchangeType: Building histogram -0.00205169 7588.06 1000, flo=0, fhi=0.999, dest_type=0
Reslicing using trilinear interpolation 
writing to /out/sourcedata/freesurfer/sub-v1s21x0050399_ses-1/mri/orig.mgz...

 mri_add_xform_to_header -c /out/sourcedata/freesurfer/sub-v1s21x0050399_ses-1/mri/transforms/talairach.xfm /out/sourcedata/freesurfer/sub-v1s21x0050399_ses-1/mri/orig.mgz /out/sourcedata/freesurfer/sub-v1s21x0050399_ses-1/mri/orig.mgz 

INFO: extension is mgz

 mri_info /out/sourcedata/freesurfer/sub-v1s21x0050399_ses-1/mri/orig.mgz 

orig.mgz ========================================
Volume information for /out/sourcedata/freesurfer/sub-v1s21x0050399_ses-1/mri/orig.mgz
          type: MGH
    dimensions: 256 x 256 x 256
   voxel sizes: 1.000000, 1.000000, 1.000000
          type: UCHAR (0)
           fov: 256.000
           dof: 1
        xstart: -128.0, xend: 128.0
        ystart: -128.0, yend: 128.0
        zstart: -128.0, zend: 128.0
            TR: 0.00 msec, TE: 0.00 msec, TI: 0.00 msec, flip angle: 0.00 degrees
       nframes: 1
       PhEncDir: UNKNOWN
       FieldStrength: 0.000000
ras xform present
    xform info: x_r =  -1.0000, y_r =   0.0000, z_r =   0.0000, c_r =     0.5078
              : x_a =   0.0000, y_a =   0.0000, z_a =   1.0000, c_a =     0.5078
              : x_s =   0.0000, y_s =  -1.0000, z_s =   0.0000, c_s =     0.6000

talairach xfm : /out/sourcedata/freesurfer/sub-v1s21x0050399_ses-1/mri/transforms/talairach.xfm
Orientation   : LIA
Primary Slice Direction: coronal

voxel to ras transform:
               -1.0000   0.0000   0.0000   128.5078
                0.0000   0.0000   1.0000  -127.4922
                0.0000  -1.0000   0.0000   128.6000
                0.0000   0.0000   0.0000     1.0000

voxel-to-ras determinant -1

ras to voxel transform:
               -1.0000  -0.0000  -0.0000   128.5078
               -0.0000  -0.0000  -1.0000   128.6000
               -0.0000   1.0000  -0.0000   127.4922
               -0.0000  -0.0000  -0.0000     1.0000
#--------------------------------------------
#@# Talairach Mon Mar  9 09:52:07 CET 2026
/out/sourcedata/freesurfer/sub-v1s21x0050399_ses-1/mri

 mri_nu_correct.mni --no-rescale --i orig.mgz --o orig_nu.mgz --ants-n4 --n 1 --proto-iters 1000 --distance 50 

/usr/bin/bc
/out/sourcedata/freesurfer/sub-v1s21x0050399_ses-1/mri
/opt/freesurfer/bin/mri_nu_correct.mni
--no-rescale --i orig.mgz --o orig_nu.mgz --ants-n4 --n 1 --proto-iters 1000 --distance 50
nIters 1
mri_nu_correct.mni 7.3.2
Linux dna018 5.14.0-427.37.1.el9_4.x86_64 #1 SMP PREEMPT_DYNAMIC Fri Sep 13 12:41:50 EDT 2024 x86_64 x86_64 x86_64 GNU/Linux
Mon Mar  9 09:52:07 CET 2026
tmpdir is ./tmp.mri_nu_correct.mni.1672383
cd /out/sourcedata/freesurfer/sub-v1s21x0050399_ses-1/mri
AntsN4BiasFieldCorrectionFs -i orig.mgz -o ./tmp.mri_nu_correct.mni.1672383/nu0.mgz --dtype uchar
AntsN4BiasFieldCorrectionFs done
mri_convert ./tmp.mri_nu_correct.mni.1672383/nu0.mgz orig_nu.mgz --like orig.mgz --conform
mri_convert ./tmp.mri_nu_correct.mni.1672383/nu0.mgz orig_nu.mgz --like orig.mgz --conform 
reading from ./tmp.mri_nu_correct.mni.1672383/nu0.mgz...
TR=0.00, TE=0.00, TI=0.00, flip angle=0.00
i_ras = (-1, 0, 0)
j_ras = (0, 0, -1)
k_ras = (0, 1, 0)
INFO: transform src into the like-volume: orig.mgz
writing to orig_nu.mgz...
 
 
Mon Mar  9 09:55:03 CET 2026
mri_nu_correct.mni done

 talairach_avi --i orig_nu.mgz --xfm transforms/talairach.auto.xfm 

talairach_avi log file is transforms/talairach_avi.log...
mv -f /out/sourcedata/freesurfer/sub-v1s21x0050399_ses-1/mri/talsrcimg_to_711-2C_as_mni_average_305_t4_vox2vox.txt /out/sourcedata/freesurfer/sub-v1s21x0050399_ses-1/mri/transforms/talsrcimg_to_711-2C_as_mni_average_305_t4_vox2vox.txt
Started at Mon Mar 9 09:55:03 CET 2026
Ended   at Mon Mar  9 09:56:29 CET 2026
talairach_avi done

 cp transforms/talairach.auto.xfm transforms/talairach.xfm 

lta_convert --src orig.mgz --trg /opt/freesurfer/average/mni305.cor.mgz --inxfm transforms/talairach.xfm --outlta transforms/talairach.xfm.lta --subject fsaverage --ltavox2vox
7.3.2

--src: orig.mgz src image (geometry).
--trg: /opt/freesurfer/average/mni305.cor.mgz trg image (geometry).
--inmni: transforms/talairach.xfm input MNI/XFM transform.
--outlta: transforms/talairach.xfm.lta output LTA.
--s: fsaverage subject name
--ltavox2vox: output LTA as VOX_TO_VOX transform.
 LTA read, type : 1
 1.04725   0.00267  -0.00924  -1.96722;
 0.01180   0.97529   0.28533  -11.79425;
-0.01646  -0.27727   1.13247   7.66919;
 0.00000   0.00000   0.00000   1.00000;
setting subject to fsaverage
Writing  LTA to file transforms/talairach.xfm.lta...
lta_convert successful.
#--------------------------------------------
#@# Talairach Failure Detection Mon Mar  9 09:56:31 CET 2026
/out/sourcedata/freesurfer/sub-v1s21x0050399_ses-1/mri

 talairach_afd -T 0.005 -xfm transforms/talairach.xfm 

talairach_afd: Talairach Transform: transforms/talairach.xfm OK (p=0.7570, pval=0.6675 >= threshold=0.0050)

 awk -f /opt/freesurfer/bin/extract_talairach_avi_QA.awk /out/sourcedata/freesurfer/sub-v1s21x0050399_ses-1/mri/transforms/talairach_avi.log 


 tal_QC_AZS /out/sourcedata/freesurfer/sub-v1s21x0050399_ses-1/mri/transforms/talairach_avi.log 

TalAviQA: 0.97681
z-score: 0
#--------------------------------------------
#@# Nu Intensity Correction Mon Mar  9 09:56:31 CET 2026

 mri_nu_correct.mni --i orig.mgz --o nu.mgz --uchar transforms/talairach.xfm --n 2 --ants-n4 

/usr/bin/bc
/out/sourcedata/freesurfer/sub-v1s21x0050399_ses-1/mri
/opt/freesurfer/bin/mri_nu_correct.mni
--i orig.mgz --o nu.mgz --uchar transforms/talairach.xfm --n 2 --ants-n4
nIters 2
mri_nu_correct.mni 7.3.2
Linux dna018 5.14.0-427.37.1.el9_4.x86_64 #1 SMP PREEMPT_DYNAMIC Fri Sep 13 12:41:50 EDT 2024 x86_64 x86_64 x86_64 GNU/Linux
Mon Mar  9 09:56:31 CET 2026
tmpdir is ./tmp.mri_nu_correct.mni.1673949
cd /out/sourcedata/freesurfer/sub-v1s21x0050399_ses-1/mri
AntsN4BiasFieldCorrectionFs -i orig.mgz -o ./tmp.mri_nu_correct.mni.1673949/nu0.mgz --dtype uchar
AntsN4BiasFieldCorrectionFs done
mri_binarize --i ./tmp.mri_nu_correct.mni.1673949/nu0.mgz --min -1 --o ./tmp.mri_nu_correct.mni.1673949/ones.mgz

7.3.2
cwd /out/sourcedata/freesurfer/sub-v1s21x0050399_ses-1/mri
cmdline mri_binarize --i ./tmp.mri_nu_correct.mni.1673949/nu0.mgz --min -1 --o ./tmp.mri_nu_correct.mni.1673949/ones.mgz 
sysname  Linux
hostname dna018
machine  x86_64
user     oesteban

input      ./tmp.mri_nu_correct.mni.1673949/nu0.mgz
frame      0
nErode3d   0
nErode2d   0
output     ./tmp.mri_nu_correct.mni.1673949/ones.mgz
Binarizing based on threshold
min        -1
max        +infinity
binval        1
binvalnot     0
fstart = 0, fend = 0, nframes = 1
Starting parallel 1
Found 16777216 values in range
Counting number of voxels in first frame
Found 16777215 voxels in final mask
Writing output to ./tmp.mri_nu_correct.mni.1673949/ones.mgz
Count: 16777215 16777215.000000 16777216 99.999994
mri_binarize done
mri_segstats --id 1 --seg ./tmp.mri_nu_correct.mni.1673949/ones.mgz --i orig.mgz --sum ./tmp.mri_nu_correct.mni.1673949/sum.junk --avgwf ./tmp.mri_nu_correct.mni.1673949/input.mean.dat

7.3.2
cwd 
cmdline mri_segstats --id 1 --seg ./tmp.mri_nu_correct.mni.1673949/ones.mgz --i orig.mgz --sum ./tmp.mri_nu_correct.mni.1673949/sum.junk --avgwf ./tmp.mri_nu_correct.mni.1673949/input.mean.dat 
sysname  Linux
hostname dna018
machine  x86_64
user     oesteban
whitesurfname  white
UseRobust  0
Loading ./tmp.mri_nu_correct.mni.1673949/ones.mgz
Loading orig.mgz
Voxel Volume is 1 mm^3
Generating list of segmentation ids
Found   1 segmentations
Computing statistics for each segmentation

Reporting on   1 segmentations
Using PrintSegStat
Computing spatial average of each frame

Writing to ./tmp.mri_nu_correct.mni.1673949/input.mean.dat
mri_segstats done
mri_segstats --id 1 --seg ./tmp.mri_nu_correct.mni.1673949/ones.mgz --i ./tmp.mri_nu_correct.mni.1673949/nu0.mgz --sum ./tmp.mri_nu_correct.mni.1673949/sum.junk --avgwf ./tmp.mri_nu_correct.mni.1673949/output.mean.dat

7.3.2
cwd 
cmdline mri_segstats --id 1 --seg ./tmp.mri_nu_correct.mni.1673949/ones.mgz --i ./tmp.mri_nu_correct.mni.1673949/nu0.mgz --sum ./tmp.mri_nu_correct.mni.1673949/sum.junk --avgwf ./tmp.mri_nu_correct.mni.1673949/output.mean.dat 
sysname  Linux
hostname dna018
machine  x86_64
user     oesteban
whitesurfname  white
UseRobust  0
Loading ./tmp.mri_nu_correct.mni.1673949/ones.mgz
Loading ./tmp.mri_nu_correct.mni.1673949/nu0.mgz
Voxel Volume is 1 mm^3
Generating list of segmentation ids
Found   1 segmentations
Computing statistics for each segmentation

Reporting on   1 segmentations
Using PrintSegStat
Computing spatial average of each frame

Writing to ./tmp.mri_nu_correct.mni.1673949/output.mean.dat
mri_segstats done
mris_calc -o ./tmp.mri_nu_correct.mni.1673949/nu0.mgz ./tmp.mri_nu_correct.mni.1673949/nu0.mgz mul 1.09369330831828012984
Saving result to './tmp.mri_nu_correct.mni.1673949/nu0.mgz' (type = MGH )                       [ ok ]
mri_convert ./tmp.mri_nu_correct.mni.1673949/nu0.mgz nu.mgz --like orig.mgz
mri_convert ./tmp.mri_nu_correct.mni.1673949/nu0.mgz nu.mgz --like orig.mgz 
reading from ./tmp.mri_nu_correct.mni.1673949/nu0.mgz...
TR=0.00, TE=0.00, TI=0.00, flip angle=0.00
i_ras = (-1, 0, 0)
j_ras = (0, 0, -1)
k_ras = (0, 1, 0)
INFO: transform src into the like-volume: orig.mgz
writing to nu.mgz...
mri_make_uchar nu.mgz transforms/talairach.xfm nu.mgz
type change took 0 minutes and 6 seconds.
FIRST_PERCENTILE 0.010000
WM_PERCENTILE    0.900000
MAX_R 50.000000
i1 = 7, i2 = 45
#mri_make_uchar# mapping 18 116 to  3 110  :  b -17.2434 m 1.09779 : thresh 15.7074 maxsat 247.993 : nzero 14063804 nsat 1889
 
 
Mon Mar  9 09:59:45 CET 2026
mri_nu_correct.mni done

 mri_add_xform_to_header -c /out/sourcedata/freesurfer/sub-v1s21x0050399_ses-1/mri/transforms/talairach.xfm nu.mgz nu.mgz 

INFO: extension is mgz
#--------------------------------------------
#@# Intensity Normalization Mon Mar  9 09:59:45 CET 2026
/out/sourcedata/freesurfer/sub-v1s21x0050399_ses-1/mri

 mri_normalize -g 1 -seed 1234 -mprage nu.mgz T1.mgz 

using max gradient = 1.000
setting seed for random number genererator to 1234
assuming input volume is MGH (Van der Kouwe) MP-RAGE
reading mri_src from nu.mgz...
normalizing image...
NOT doing gentle normalization with control points/label
talairach transform
 1.04725   0.00267  -0.00924  -1.96722;
 0.01180   0.97529   0.28533  -11.79425;
-0.01646  -0.27727   1.13247   7.66919;
 0.00000   0.00000   0.00000   1.00000;
processing without aseg, no1d=0
MRInormInit(): 
INFO: Modifying talairach volume c_(r,a,s) based on average_305
MRInormalize(): 
MRIsplineNormalize(): npeaks = 20
Starting OpenSpline(): npoints = 20
building Voronoi diagram...
performing soap bubble smoothing, sigma = 8...

Iterating 2 times
---------------------------------
3d normalization pass 1 of 2
white matter peak found at 110
white matter peak found at 109
gm peak at 73 (73), valley at 50 (50)
csf peak at 37, setting threshold to 61
building Voronoi diagram...
performing soap bubble smoothing, sigma = 8...
---------------------------------
3d normalization pass 2 of 2
white matter peak found at 110
white matter peak found at 110
gm peak at 74 (74), valley at 32 (32)
csf peak at 37, setting threshold to 61
building Voronoi diagram...
performing soap bubble smoothing, sigma = 8...
Done iterating ---------------------------------
writing output to T1.mgz
3D bias adjustment took 1 minutes and 24 seconds.

Started at Mon Mar 9 09:51:57 CET 2026 
Ended   at Mon Mar 9 10:01:10 CET 2026
#@#%# recon-all-run-time-hours 0.154
recon-all -s sub-v1s21x0050399_ses-1 finished without error at Mon Mar  9 10:01:10 CET 2026



#New# invocation of recon-all 




Mon Mar  9 10:07:37 CET 2026
cd /out/sourcedata/freesurfer/sub-v1s21x0050399_ses-1
setenv SUBJECTS_DIR /out/sourcedata/freesurfer
/opt/freesurfer/bin/recon-all -openmp 16 -subjid sub-v1s21x0050399_ses-1 -sd /out/sourcedata/freesurfer -gcareg

subjid sub-v1s21x0050399_ses-1
setenv SUBJECTS_DIR /out/sourcedata/freesurfer
FREESURFER_HOME /opt/freesurfer
Actual FREESURFER_HOME /opt/freesurfer
build-stamp.txt: freesurfer-linux-ubuntu22_x86_64-7.3.2-20220804-6354275
Linux dna018 5.14.0-427.37.1.el9_4.x86_64 #1 SMP PREEMPT_DYNAMIC Fri Sep 13 12:41:50 EDT 2024 x86_64 x86_64 x86_64 GNU/Linux
cputime      unlimited
filesize     unlimited
datasize     unlimited
stacksize    8192 kbytes
coredumpsize 0 kbytes
memoryuse    67108864 kbytes
vmemoryuse   unlimited
descriptors  1024 
memorylocked unlimited
maxproc      2061970 
maxlocks     unlimited
maxsignal    2061970 
maxmessage   819200 
maxnice      0 
maxrtprio    0 
maxrttime    unlimited

               total        used        free      shared  buff/cache   available
Mem:           503Gi        53Gi       373Gi       7.9Gi        75Gi       438Gi
Swap:             0B          0B          0B

########################################
program versions used
7.3.2 (freesurfer-linux-ubuntu22_x86_64-7.3.2-20220804-6354275)
7.3.2

ProgramName: lta_convert  ProgramArguments: lta_convert -all-info  ProgramVersion: 7.3.2  TimeStamp: 2026/03/09-09:07:37-GMT  BuildTime: Aug  4 2022 06:17:15  BuildStamp: freesurfer-linux-ubuntu22_x86_64-7.3.2-20220804-6354275  User: oesteban  Machine: dna018  Platform: Linux  PlatformVersion: 5.14.0-427.37.1.el9_4.x86_64  CompilerName: GCC  CompilerVersion: 8.4.0
ProgramName: mri_and  ProgramArguments: mri_and -all-info  ProgramVersion: 7.3.2  TimeStamp: 2026/03/09-09:07:37-GMT  BuildTime: Aug  4 2022 06:17:15  BuildStamp: freesurfer-linux-ubuntu22_x86_64-7.3.2-20220804-6354275  User: oesteban  Machine: dna018  Platform: Linux  PlatformVersion: 5.14.0-427.37.1.el9_4.x86_64  CompilerName: GCC  CompilerVersion: 8.4.0
ProgramName: mri_annotation2label  ProgramArguments: mri_annotation2label -all-info  ProgramVersion: 7.3.2  TimeStamp: 2026/03/09-09:07:37-GMT  BuildTime: Aug  4 2022 06:17:15  BuildStamp: freesurfer-linux-ubuntu22_x86_64-7.3.2-20220804-6354275  User: oesteban  Machine: dna018  Platform: Linux  PlatformVersion: 5.14.0-427.37.1.el9_4.x86_64  CompilerName: GCC  CompilerVersion: 8.4.0
ProgramName: mri_aparc2aseg  ProgramArguments: mri_aparc2aseg -all-info  ProgramVersion: 7.3.2  TimeStamp: 2026/03/09-09:07:37-GMT  BuildTime: Aug  4 2022 06:17:15  BuildStamp: freesurfer-linux-ubuntu22_x86_64-7.3.2-20220804-6354275  User: oesteban  Machine: dna018  Platform: Linux  PlatformVersion: 5.14.0-427.37.1.el9_4.x86_64  CompilerName: GCC  CompilerVersion: 8.4.0
ProgramName: mri_surf2volseg  ProgramArguments: mri_surf2volseg -all-info  ProgramVersion: 7.3.2  TimeStamp: 2026/03/09-09:07:37-GMT  BuildTime: Aug  4 2022 06:17:15  BuildStamp: freesurfer-linux-ubuntu22_x86_64-7.3.2-20220804-6354275  User: oesteban  Machine: dna018  Platform: Linux  PlatformVersion: 5.14.0-427.37.1.el9_4.x86_64  CompilerName: GCC  CompilerVersion: 8.4.0
ProgramName: mri_binarize  ProgramArguments: mri_binarize -all-info  ProgramVersion: 7.3.2  TimeStamp: 2026/03/09-09:07:37-GMT  BuildTime: Aug  4 2022 06:17:15  BuildStamp: freesurfer-linux-ubuntu22_x86_64-7.3.2-20220804-6354275  User: oesteban  Machine: dna018  Platform: Linux  PlatformVersion: 5.14.0-427.37.1.el9_4.x86_64  CompilerName: GCC  CompilerVersion: 8.4.0
ProgramName: mri_ca_label  ProgramArguments: mri_ca_label -all-info  ProgramVersion: 7.3.2  TimeStamp: 2026/03/09-09:07:37-GMT  BuildTime: Aug  4 2022 06:17:15  BuildStamp: freesurfer-linux-ubuntu22_x86_64-7.3.2-20220804-6354275  User: oesteban  Machine: dna018  Platform: Linux  PlatformVersion: 5.14.0-427.37.1.el9_4.x86_64  CompilerName: GCC  CompilerVersion: 8.4.0
ProgramName: mri_ca_normalize  ProgramArguments: mri_ca_normalize -all-info  ProgramVersion: 7.3.2  TimeStamp: 2026/03/09-09:07:37-GMT  BuildTime: Aug  4 2022 06:17:15  BuildStamp: freesurfer-linux-ubuntu22_x86_64-7.3.2-20220804-6354275  User: oesteban  Machine: dna018  Platform: Linux  PlatformVersion: 5.14.0-427.37.1.el9_4.x86_64  CompilerName: GCC  CompilerVersion: 8.4.0
ProgramName: mri_ca_register  ProgramArguments: mri_ca_register -all-info  ProgramVersion: 7.3.2  TimeStamp: 2026/03/09-09:07:37-GMT  BuildTime: Aug  4 2022 06:17:15  BuildStamp: freesurfer-linux-ubuntu22_x86_64-7.3.2-20220804-6354275  User: oesteban  Machine: dna018  Platform: Linux  PlatformVersion: 5.14.0-427.37.1.el9_4.x86_64  CompilerName: GCC  CompilerVersion: 8.4.0
ProgramName: mri_cc  ProgramArguments: mri_cc -all-info  ProgramVersion: 7.3.2  TimeStamp: 2026/03/09-09:07:37-GMT  BuildTime: Aug  4 2022 06:17:15  BuildStamp: freesurfer-linux-ubuntu22_x86_64-7.3.2-20220804-6354275  User: oesteban  Machine: dna018  Platform: Linux  PlatformVersion: 5.14.0-427.37.1.el9_4.x86_64  CompilerName: GCC  CompilerVersion: 8.4.0
ProgramName: mri_compute_overlap  ProgramArguments: mri_compute_overlap -all-info  ProgramVersion: 7.3.2  TimeStamp: 2026/03/09-09:07:37-GMT  BuildTime: Aug  4 2022 06:17:15  BuildStamp: freesurfer-linux-ubuntu22_x86_64-7.3.2-20220804-6354275  User: oesteban  Machine: dna018  Platform: Linux  PlatformVersion: 5.14.0-427.37.1.el9_4.x86_64  CompilerName: GCC  CompilerVersion: 8.4.0
ProgramName: mri_compute_seg_overlap  ProgramArguments: mri_compute_seg_overlap -all-info  ProgramVersion: 7.3.2  TimeStamp: 2026/03/09-09:07:37-GMT  BuildTime: Aug  4 2022 06:17:15  BuildStamp: freesurfer-linux-ubuntu22_x86_64-7.3.2-20220804-6354275  User: oesteban  Machine: dna018  Platform: Linux  PlatformVersion: 5.14.0-427.37.1.el9_4.x86_64  CompilerName: GCC  CompilerVersion: 8.4.0
ProgramName: mri_concat  ProgramArguments: mri_concat -all-info  ProgramVersion: 7.3.2  TimeStamp: 2026/03/09-09:07:37-GMT  BuildTime: Aug  4 2022 06:17:15  BuildStamp: freesurfer-linux-ubuntu22_x86_64-7.3.2-20220804-6354275  User: oesteban  Machine: dna018  Platform: Linux  PlatformVersion: 5.14.0-427.37.1.el9_4.x86_64  CompilerName: GCC  CompilerVersion: 8.4.0
ProgramName: mri_concatenate_lta  ProgramArguments: mri_concatenate_lta -all-info  ProgramVersion: 7.3.2  TimeStamp: 2026/03/09-09:07:37-GMT  BuildTime: Aug  4 2022 06:17:15  BuildStamp: freesurfer-linux-ubuntu22_x86_64-7.3.2-20220804-6354275  User: oesteban  Machine: dna018  Platform: Linux  PlatformVersion: 5.14.0-427.37.1.el9_4.x86_64  CompilerName: GCC  CompilerVersion: 8.4.0
mri_convert -all-info 
ProgramName: mri_convert  ProgramArguments: mri_convert -all-info  ProgramVersion: 7.3.2  TimeStamp: 2026/03/09-09:07:37-GMT  BuildTime: Aug  4 2022 06:17:15  BuildStamp: freesurfer-linux-ubuntu22_x86_64-7.3.2-20220804-6354275  User: oesteban  Machine: dna018  Platform: Linux  PlatformVersion: 5.14.0-427.37.1.el9_4.x86_64  CompilerName: GCC  CompilerVersion: 8.4.0
ProgramName: mri_diff  ProgramArguments: mri_diff -all-info  ProgramVersion: 7.3.2  TimeStamp: 2026/03/09-09:07:37-GMT  BuildTime: Aug  4 2022 06:17:15  BuildStamp: freesurfer-linux-ubuntu22_x86_64-7.3.2-20220804-6354275  User: oesteban  Machine: dna018  Platform: Linux  PlatformVersion: 5.14.0-427.37.1.el9_4.x86_64  CompilerName: GCC  CompilerVersion: 8.4.0
ProgramName: mri_edit_wm_with_aseg  ProgramArguments: mri_edit_wm_with_aseg -all-info  ProgramVersion: 7.3.2  TimeStamp: 2026/03/09-09:07:37-GMT  BuildTime: Aug  4 2022 06:17:15  BuildStamp: freesurfer-linux-ubuntu22_x86_64-7.3.2-20220804-6354275  User: oesteban  Machine: dna018  Platform: Linux  PlatformVersion: 5.14.0-427.37.1.el9_4.x86_64  CompilerName: GCC  CompilerVersion: 8.4.0
ProgramName: mri_em_register  ProgramArguments: mri_em_register -all-info  ProgramVersion: 7.3.2  TimeStamp: 2026/03/09-09:07:37-GMT  BuildTime: Aug  4 2022 06:17:15  BuildStamp: freesurfer-linux-ubuntu22_x86_64-7.3.2-20220804-6354275  User: oesteban  Machine: dna018  Platform: Linux  PlatformVersion: 5.14.0-427.37.1.el9_4.x86_64  CompilerName: GCC  CompilerVersion: 8.4.0
ProgramName: mri_fill  ProgramArguments: mri_fill -all-info  ProgramVersion: 7.3.2  TimeStamp: 2026/03/09-09:07:37-GMT  BuildTime: Aug  4 2022 06:17:15  BuildStamp: freesurfer-linux-ubuntu22_x86_64-7.3.2-20220804-6354275  User: oesteban  Machine: dna018  Platform: Linux  PlatformVersion: 5.14.0-427.37.1.el9_4.x86_64  CompilerName: GCC  CompilerVersion: 8.4.0
ProgramName: mri_fuse_segmentations  ProgramArguments: mri_fuse_segmentations -all-info  ProgramVersion: 7.3.2  TimeStamp: 2026/03/09-09:07:37-GMT  BuildTime: Aug  4 2022 06:17:15  BuildStamp: freesurfer-linux-ubuntu22_x86_64-7.3.2-20220804-6354275  User: oesteban  Machine: dna018  Platform: Linux  PlatformVersion: 5.14.0-427.37.1.el9_4.x86_64  CompilerName: GCC  CompilerVersion: 8.4.0
ProgramName: mri_fwhm  ProgramArguments: mri_fwhm -all-info  ProgramVersion: 7.3.2  TimeStamp: 2026/03/09-09:07:37-GMT  BuildTime: Aug  4 2022 06:17:15  BuildStamp: freesurfer-linux-ubuntu22_x86_64-7.3.2-20220804-6354275  User: oesteban  Machine: dna018  Platform: Linux  PlatformVersion: 5.14.0-427.37.1.el9_4.x86_64  CompilerName: GCC  CompilerVersion: 8.4.0
ProgramName: mri_gcut  ProgramArguments: mri_gcut -all-info  ProgramVersion: 7.3.2  TimeStamp: 2026/03/09-09:07:37-GMT  BuildTime: Aug  4 2022 06:17:15  BuildStamp: freesurfer-linux-ubuntu22_x86_64-7.3.2-20220804-6354275  User: oesteban  Machine: dna018  Platform: Linux  PlatformVersion: 5.14.0-427.37.1.el9_4.x86_64  CompilerName: GCC  CompilerVersion: 8.4.0
ProgramName: mri_info  ProgramArguments: mri_info -all-info  ProgramVersion: 7.3.2  TimeStamp: 2026/03/09-09:07:37-GMT  BuildTime: Aug  4 2022 06:17:15  BuildStamp: freesurfer-linux-ubuntu22_x86_64-7.3.2-20220804-6354275  User: oesteban  Machine: dna018  Platform: Linux  PlatformVersion: 5.14.0-427.37.1.el9_4.x86_64  CompilerName: GCC  CompilerVersion: 8.4.0
ProgramName: mri_label2label  ProgramArguments: mri_label2label -all-info  ProgramVersion: 7.3.2  TimeStamp: 2026/03/09-09:07:37-GMT  BuildTime: Aug  4 2022 06:17:15  BuildStamp: freesurfer-linux-ubuntu22_x86_64-7.3.2-20220804-6354275  User: oesteban  Machine: dna018  Platform: Linux  PlatformVersion: 5.14.0-427.37.1.el9_4.x86_64  CompilerName: GCC  CompilerVersion: 8.4.0
ProgramName: mri_label2vol  ProgramArguments: mri_label2vol -all-info  ProgramVersion: 7.3.2  TimeStamp: 2026/03/09-09:07:37-GMT  BuildTime: Aug  4 2022 06:17:15  BuildStamp: freesurfer-linux-ubuntu22_x86_64-7.3.2-20220804-6354275  User: oesteban  Machine: dna018  Platform: Linux  PlatformVersion: 5.14.0-427.37.1.el9_4.x86_64  CompilerName: GCC  CompilerVersion: 8.4.0
ProgramName: mri_log_likelihood  ProgramArguments: mri_log_likelihood -all-info  ProgramVersion: 7.3.2  TimeStamp: 2026/03/09-09:07:37-GMT  BuildTime: Aug  4 2022 06:17:15  BuildStamp: freesurfer-linux-ubuntu22_x86_64-7.3.2-20220804-6354275  User: oesteban  Machine: dna018  Platform: Linux  PlatformVersion: 5.14.0-427.37.1.el9_4.x86_64  CompilerName: GCC  CompilerVersion: 8.4.0
ProgramName: mri_mask  ProgramArguments: mri_mask -all-info  ProgramVersion: 7.3.2  TimeStamp: 2026/03/09-09:07:37-GMT  BuildTime: Aug  4 2022 06:17:15  BuildStamp: freesurfer-linux-ubuntu22_x86_64-7.3.2-20220804-6354275  User: oesteban  Machine: dna018  Platform: Linux  PlatformVersion: 5.14.0-427.37.1.el9_4.x86_64  CompilerName: GCC  CompilerVersion: 8.4.0
ProgramName: mri_matrix_multiply  ProgramArguments: mri_matrix_multiply -all-info  ProgramVersion: 7.3.2  TimeStamp: 2026/03/09-09:07:37-GMT  BuildTime: Aug  4 2022 06:17:15  BuildStamp: freesurfer-linux-ubuntu22_x86_64-7.3.2-20220804-6354275  User: oesteban  Machine: dna018  Platform: Linux  PlatformVersion: 5.14.0-427.37.1.el9_4.x86_64  CompilerName: GCC  CompilerVersion: 8.4.0
ProgramName: mri_normalize  ProgramArguments: mri_normalize -all-info  ProgramVersion: 7.3.2  TimeStamp: 2026/03/09-09:07:37-GMT  BuildTime: Aug  4 2022 06:17:15  BuildStamp: freesurfer-linux-ubuntu22_x86_64-7.3.2-20220804-6354275  User: oesteban  Machine: dna018  Platform: Linux  PlatformVersion: 5.14.0-427.37.1.el9_4.x86_64  CompilerName: GCC  CompilerVersion: 8.4.0
ProgramName: mri_normalize_tp2  ProgramArguments: mri_normalize_tp2 -all-info  ProgramVersion: 7.3.2  TimeStamp: 2026/03/09-09:07:37-GMT  BuildTime: Aug  4 2022 06:17:15  BuildStamp: freesurfer-linux-ubuntu22_x86_64-7.3.2-20220804-6354275  User: oesteban  Machine: dna018  Platform: Linux  PlatformVersion: 5.14.0-427.37.1.el9_4.x86_64  CompilerName: GCC  CompilerVersion: 8.4.0
ProgramName: mri_or  ProgramArguments: mri_or -all-info  ProgramVersion: 7.3.2  TimeStamp: 2026/03/09-09:07:37-GMT  BuildTime: Aug  4 2022 06:17:15  BuildStamp: freesurfer-linux-ubuntu22_x86_64-7.3.2-20220804-6354275  User: oesteban  Machine: dna018  Platform: Linux  PlatformVersion: 5.14.0-427.37.1.el9_4.x86_64  CompilerName: GCC  CompilerVersion: 8.4.0
ProgramName: mri_relabel_hypointensities  ProgramArguments: mri_relabel_hypointensities -all-info  ProgramVersion: 7.3.2  TimeStamp: 2026/03/09-09:07:37-GMT  BuildTime: Aug  4 2022 06:17:15  BuildStamp: freesurfer-linux-ubuntu22_x86_64-7.3.2-20220804-6354275  User: oesteban  Machine: dna018  Platform: Linux  PlatformVersion: 5.14.0-427.37.1.el9_4.x86_64  CompilerName: GCC  CompilerVersion: 8.4.0
ProgramName: mri_relabel_nonwm_hypos  ProgramArguments: mri_relabel_nonwm_hypos -all-info  ProgramVersion: 7.3.2  TimeStamp: 2026/03/09-09:07:37-GMT  BuildTime: Aug  4 2022 06:17:15  BuildStamp: freesurfer-linux-ubuntu22_x86_64-7.3.2-20220804-6354275  User: oesteban  Machine: dna018  Platform: Linux  PlatformVersion: 5.14.0-427.37.1.el9_4.x86_64  CompilerName: GCC  CompilerVersion: 8.4.0
ProgramName: mri_remove_neck  ProgramArguments: mri_remove_neck -all-info  ProgramVersion: 7.3.2  TimeStamp: 2026/03/09-09:07:37-GMT  BuildTime: Aug  4 2022 06:17:15  BuildStamp: freesurfer-linux-ubuntu22_x86_64-7.3.2-20220804-6354275  User: oesteban  Machine: dna018  Platform: Linux  PlatformVersion: 5.14.0-427.37.1.el9_4.x86_64  CompilerName: GCC  CompilerVersion: 8.4.0
7.3.2

ProgramName: mri_robust_register  ProgramArguments: mri_robust_register -all-info  ProgramVersion: 7.3.2  TimeStamp: 2026/03/09-09:07:37-GMT  BuildTime: Aug  4 2022 06:17:15  BuildStamp: freesurfer-linux-ubuntu22_x86_64-7.3.2-20220804-6354275  User: oesteban  Machine: dna018  Platform: Linux  PlatformVersion: 5.14.0-427.37.1.el9_4.x86_64  CompilerName: GCC  CompilerVersion: 8.4.0
7.3.2

ProgramName: mri_robust_template  ProgramArguments: mri_robust_template -all-info  ProgramVersion: 7.3.2  TimeStamp: 2026/03/09-09:07:37-GMT  BuildTime: Aug  4 2022 06:17:15  BuildStamp: freesurfer-linux-ubuntu22_x86_64-7.3.2-20220804-6354275  User: oesteban  Machine: dna018  Platform: Linux  PlatformVersion: 5.14.0-427.37.1.el9_4.x86_64  CompilerName: GCC  CompilerVersion: 8.4.0
ProgramName: mris_anatomical_stats  ProgramArguments: mris_anatomical_stats -all-info  ProgramVersion: 7.3.2  TimeStamp: 2026/03/09-09:07:37-GMT  BuildTime: Aug  4 2022 06:17:15  BuildStamp: freesurfer-linux-ubuntu22_x86_64-7.3.2-20220804-6354275  User: oesteban  Machine: dna018  Platform: Linux  PlatformVersion: 5.14.0-427.37.1.el9_4.x86_64  CompilerName: GCC  CompilerVersion: 8.4.0
ProgramName: mris_ca_label  ProgramArguments: mris_ca_label -all-info  ProgramVersion: 7.3.2  TimeStamp: 2026/03/09-09:07:37-GMT  BuildTime: Aug  4 2022 06:17:15  BuildStamp: freesurfer-linux-ubuntu22_x86_64-7.3.2-20220804-6354275  User: oesteban  Machine: dna018  Platform: Linux  PlatformVersion: 5.14.0-427.37.1.el9_4.x86_64  CompilerName: GCC  CompilerVersion: 8.4.0
ProgramName: mris_calc  ProgramArguments: mris_calc -all-info  ProgramVersion: 7.3.2  TimeStamp: 2026/03/09-09:07:37-GMT  BuildTime: Aug  4 2022 06:17:15  BuildStamp: freesurfer-linux-ubuntu22_x86_64-7.3.2-20220804-6354275  User: oesteban  Machine: dna018  Platform: Linux  PlatformVersion: 5.14.0-427.37.1.el9_4.x86_64  CompilerName: GCC  CompilerVersion: 8.4.0
ProgramName: mris_convert  ProgramArguments: mris_convert -all-info  ProgramVersion: 7.3.2  TimeStamp: 2026/03/09-09:07:37-GMT  BuildTime: Aug  4 2022 06:17:15  BuildStamp: freesurfer-linux-ubuntu22_x86_64-7.3.2-20220804-6354275  User: oesteban  Machine: dna018  Platform: Linux  PlatformVersion: 5.14.0-427.37.1.el9_4.x86_64  CompilerName: GCC  CompilerVersion: 8.4.0
ProgramName: mris_curvature  ProgramArguments: mris_curvature -all-info  ProgramVersion: 7.3.2  TimeStamp: 2026/03/09-09:07:37-GMT  BuildTime: Aug  4 2022 06:17:15  BuildStamp: freesurfer-linux-ubuntu22_x86_64-7.3.2-20220804-6354275  User: oesteban  Machine: dna018  Platform: Linux  PlatformVersion: 5.14.0-427.37.1.el9_4.x86_64  CompilerName: GCC  CompilerVersion: 8.4.0
ProgramName: mris_curvature_stats  ProgramArguments: mris_curvature_stats -all-info  ProgramVersion: 7.3.2  TimeStamp: 2026/03/09-09:07:37-GMT  BuildTime: Aug  4 2022 06:17:15  BuildStamp: freesurfer-linux-ubuntu22_x86_64-7.3.2-20220804-6354275  User: oesteban  Machine: dna018  Platform: Linux  PlatformVersion: 5.14.0-427.37.1.el9_4.x86_64  CompilerName: GCC  CompilerVersion: 8.4.0
ProgramName: mris_diff  ProgramArguments: mris_diff -all-info  ProgramVersion: 7.3.2  TimeStamp: 2026/03/09-09:07:37-GMT  BuildTime: Aug  4 2022 06:17:15  BuildStamp: freesurfer-linux-ubuntu22_x86_64-7.3.2-20220804-6354275  User: oesteban  Machine: dna018  Platform: Linux  PlatformVersion: 5.14.0-427.37.1.el9_4.x86_64  CompilerName: GCC  CompilerVersion: 8.4.0
ProgramName: mris_divide_parcellation  ProgramArguments: mris_divide_parcellation -all-info  ProgramVersion: 7.3.2  TimeStamp: 2026/03/09-09:07:37-GMT  BuildTime: Aug  4 2022 06:17:15  BuildStamp: freesurfer-linux-ubuntu22_x86_64-7.3.2-20220804-6354275  User: oesteban  Machine: dna018  Platform: Linux  PlatformVersion: 5.14.0-427.37.1.el9_4.x86_64  CompilerName: GCC  CompilerVersion: 8.4.0
ProgramName: mri_segment  ProgramArguments: mri_segment -all-info  ProgramVersion: 7.3.2  TimeStamp: 2026/03/09-09:07:37-GMT  BuildTime: Aug  4 2022 06:17:15  BuildStamp: freesurfer-linux-ubuntu22_x86_64-7.3.2-20220804-6354275  User: oesteban  Machine: dna018  Platform: Linux  PlatformVersion: 5.14.0-427.37.1.el9_4.x86_64  CompilerName: GCC  CompilerVersion: 8.4.0
ProgramName: mri_segstats  ProgramArguments: mri_segstats -all-info  ProgramVersion: 7.3.2  TimeStamp: 2026/03/09-09:07:37-GMT  BuildTime: Aug  4 2022 06:17:15  BuildStamp: freesurfer-linux-ubuntu22_x86_64-7.3.2-20220804-6354275  User: oesteban  Machine: dna018  Platform: Linux  PlatformVersion: 5.14.0-427.37.1.el9_4.x86_64  CompilerName: GCC  CompilerVersion: 8.4.0
ProgramName: mris_euler_number  ProgramArguments: mris_euler_number -all-info  ProgramVersion: 7.3.2  TimeStamp: 2026/03/09-09:07:37-GMT  BuildTime: Aug  4 2022 06:17:15  BuildStamp: freesurfer-linux-ubuntu22_x86_64-7.3.2-20220804-6354275  User: oesteban  Machine: dna018  Platform: Linux  PlatformVersion: 5.14.0-427.37.1.el9_4.x86_64  CompilerName: GCC  CompilerVersion: 8.4.0
ProgramName: mris_fix_topology  ProgramArguments: mris_fix_topology -all-info  ProgramVersion: 7.3.2  TimeStamp: 2026/03/09-09:07:37-GMT  BuildTime: Aug  4 2022 06:17:15  BuildStamp: freesurfer-linux-ubuntu22_x86_64-7.3.2-20220804-6354275  User: oesteban  Machine: dna018  Platform: Linux  PlatformVersion: 5.14.0-427.37.1.el9_4.x86_64  CompilerName: GCC  CompilerVersion: 8.4.0
ProgramName: mris_topo_fixer  ProgramArguments: mris_topo_fixer -all-info  ProgramVersion: 7.3.2  TimeStamp: 2026/03/09-09:07:37-GMT  BuildTime: Aug  4 2022 06:17:15  BuildStamp: freesurfer-linux-ubuntu22_x86_64-7.3.2-20220804-6354275  User: oesteban  Machine: dna018  Platform: Linux  PlatformVersion: 5.14.0-427.37.1.el9_4.x86_64  CompilerName: GCC  CompilerVersion: 8.4.0
ProgramName: mris_jacobian  ProgramArguments: mris_jacobian -all-info  ProgramVersion: 7.3.2  TimeStamp: 2026/03/09-09:07:37-GMT  BuildTime: Aug  4 2022 06:17:15  BuildStamp: freesurfer-linux-ubuntu22_x86_64-7.3.2-20220804-6354275  User: oesteban  Machine: dna018  Platform: Linux  PlatformVersion: 5.14.0-427.37.1.el9_4.x86_64  CompilerName: GCC  CompilerVersion: 8.4.0
ProgramName: mris_label2annot  ProgramArguments: mris_label2annot -all-info  ProgramVersion: 7.3.2  TimeStamp: 2026/03/09-09:07:37-GMT  BuildTime: Aug  4 2022 06:17:15  BuildStamp: freesurfer-linux-ubuntu22_x86_64-7.3.2-20220804-6354275  User: oesteban  Machine: dna018  Platform: Linux  PlatformVersion: 5.14.0-427.37.1.el9_4.x86_64  CompilerName: GCC  CompilerVersion: 8.4.0
ProgramName: mris_left_right_register  ProgramArguments: mris_left_right_register -all-info  ProgramVersion: 7.3.2  TimeStamp: 2026/03/09-09:07:37-GMT  BuildTime: Aug  4 2022 06:17:15  BuildStamp: freesurfer-linux-ubuntu22_x86_64-7.3.2-20220804-6354275  User: oesteban  Machine: dna018  Platform: Linux  PlatformVersion: 5.14.0-427.37.1.el9_4.x86_64  CompilerName: GCC  CompilerVersion: 8.4.0
ProgramName: mris_place_surface  ProgramArguments: mris_place_surface -all-info  ProgramVersion: 7.3.2  TimeStamp: 2026/03/09-09:07:37-GMT  BuildTime: Aug  4 2022 06:17:15  BuildStamp: freesurfer-linux-ubuntu22_x86_64-7.3.2-20220804-6354275  User: oesteban  Machine: dna018  Platform: Linux  PlatformVersion: 5.14.0-427.37.1.el9_4.x86_64  CompilerName: GCC  CompilerVersion: 8.4.0
ProgramName: mrisp_paint  ProgramArguments: mrisp_paint -all-info  ProgramVersion: 7.3.2  TimeStamp: 2026/03/09-09:07:37-GMT  BuildTime: Aug  4 2022 06:17:15  BuildStamp: freesurfer-linux-ubuntu22_x86_64-7.3.2-20220804-6354275  User: oesteban  Machine: dna018  Platform: Linux  PlatformVersion: 5.14.0-427.37.1.el9_4.x86_64  CompilerName: GCC  CompilerVersion: 8.4.0
ProgramName: mris_register  ProgramArguments: mris_register -all-info  ProgramVersion: 7.3.2  TimeStamp: 2026/03/09-09:07:37-GMT  BuildTime: Aug  4 2022 06:17:15  BuildStamp: freesurfer-linux-ubuntu22_x86_64-7.3.2-20220804-6354275  User: oesteban  Machine: dna018  Platform: Linux  PlatformVersion: 5.14.0-427.37.1.el9_4.x86_64  CompilerName: GCC  CompilerVersion: 8.4.0
ProgramName: mris_smooth  ProgramArguments: mris_smooth -all-info  ProgramVersion: 7.3.2  TimeStamp: 2026/03/09-09:07:37-GMT  BuildTime: Aug  4 2022 06:17:15  BuildStamp: freesurfer-linux-ubuntu22_x86_64-7.3.2-20220804-6354275  User: oesteban  Machine: dna018  Platform: Linux  PlatformVersion: 5.14.0-427.37.1.el9_4.x86_64  CompilerName: GCC  CompilerVersion: 8.4.0
ProgramName: mris_sphere  ProgramArguments: mris_sphere -all-info  ProgramVersion: 7.3.2  TimeStamp: 2026/03/09-09:07:37-GMT  BuildTime: Aug  4 2022 06:17:15  BuildStamp: freesurfer-linux-ubuntu22_x86_64-7.3.2-20220804-6354275  User: oesteban  Machine: dna018  Platform: Linux  PlatformVersion: 5.14.0-427.37.1.el9_4.x86_64  CompilerName: GCC  CompilerVersion: 8.4.0
ProgramName: mris_surface_stats  ProgramArguments: mris_surface_stats -all-info  ProgramVersion: 7.3.2  TimeStamp: 2026/03/09-09:07:37-GMT  BuildTime: Aug  4 2022 06:17:15  BuildStamp: freesurfer-linux-ubuntu22_x86_64-7.3.2-20220804-6354275  User: oesteban  Machine: dna018  Platform: Linux  PlatformVersion: 5.14.0-427.37.1.el9_4.x86_64  CompilerName: GCC  CompilerVersion: 8.4.0
ProgramName: mri_stats2seg  ProgramArguments: mri_stats2seg -all-info  ProgramVersion: 7.3.2  TimeStamp: 2026/03/09-09:07:37-GMT  BuildTime: Aug  4 2022 06:17:15  BuildStamp: freesurfer-linux-ubuntu22_x86_64-7.3.2-20220804-6354275  User: oesteban  Machine: dna018  Platform: Linux  PlatformVersion: 5.14.0-427.37.1.el9_4.x86_64  CompilerName: GCC  CompilerVersion: 8.4.0
ProgramName: mris_thickness  ProgramArguments: mris_thickness -all-info  ProgramVersion: 7.3.2  TimeStamp: 2026/03/09-09:07:37-GMT  BuildTime: Aug  4 2022 06:17:15  BuildStamp: freesurfer-linux-ubuntu22_x86_64-7.3.2-20220804-6354275  User: oesteban  Machine: dna018  Platform: Linux  PlatformVersion: 5.14.0-427.37.1.el9_4.x86_64  CompilerName: GCC  CompilerVersion: 8.4.0
ProgramName: mris_thickness_diff  ProgramArguments: mris_thickness_diff -all-info  ProgramVersion: 7.3.2  TimeStamp: 2026/03/09-09:07:37-GMT  BuildTime: Aug  4 2022 06:17:15  BuildStamp: freesurfer-linux-ubuntu22_x86_64-7.3.2-20220804-6354275  User: oesteban  Machine: dna018  Platform: Linux  PlatformVersion: 5.14.0-427.37.1.el9_4.x86_64  CompilerName: GCC  CompilerVersion: 8.4.0
ProgramName: mris_topo_fixer  ProgramArguments: mris_topo_fixer -all-info  ProgramVersion: 7.3.2  TimeStamp: 2026/03/09-09:07:37-GMT  BuildTime: Aug  4 2022 06:17:15  BuildStamp: freesurfer-linux-ubuntu22_x86_64-7.3.2-20220804-6354275  User: oesteban  Machine: dna018  Platform: Linux  PlatformVersion: 5.14.0-427.37.1.el9_4.x86_64  CompilerName: GCC  CompilerVersion: 8.4.0
ProgramName: mri_surf2surf  ProgramArguments: mri_surf2surf -all-info  ProgramVersion: 7.3.2  TimeStamp: 2026/03/09-09:07:37-GMT  BuildTime: Aug  4 2022 06:17:15  BuildStamp: freesurfer-linux-ubuntu22_x86_64-7.3.2-20220804-6354275  User: oesteban  Machine: dna018  Platform: Linux  PlatformVersion: 5.14.0-427.37.1.el9_4.x86_64  CompilerName: GCC  CompilerVersion: 8.4.0
ProgramName: mri_surf2vol  ProgramArguments: mri_surf2vol -all-info  ProgramVersion: 7.3.2  TimeStamp: 2026/03/09-09:07:37-GMT  BuildTime: Aug  4 2022 06:17:15  BuildStamp: freesurfer-linux-ubuntu22_x86_64-7.3.2-20220804-6354275  User: oesteban  Machine: dna018  Platform: Linux  PlatformVersion: 5.14.0-427.37.1.el9_4.x86_64  CompilerName: GCC  CompilerVersion: 8.4.0
ProgramName: mri_surfcluster  ProgramArguments: mri_surfcluster -all-info  ProgramVersion: 7.3.2  TimeStamp: 2026/03/09-09:07:37-GMT  BuildTime: Aug  4 2022 06:17:15  BuildStamp: freesurfer-linux-ubuntu22_x86_64-7.3.2-20220804-6354275  User: oesteban  Machine: dna018  Platform: Linux  PlatformVersion: 5.14.0-427.37.1.el9_4.x86_64  CompilerName: GCC  CompilerVersion: 8.4.0
ProgramName: mris_volmask  ProgramArguments: mris_volmask -all-info  ProgramVersion: 7.3.2  TimeStamp: 2026/03/09-09:07:37-GMT  BuildTime: Aug  4 2022 06:17:15  BuildStamp: freesurfer-linux-ubuntu22_x86_64-7.3.2-20220804-6354275  User: oesteban  Machine: dna018  Platform: Linux  PlatformVersion: 5.14.0-427.37.1.el9_4.x86_64  CompilerName: GCC  CompilerVersion: 8.4.0
ProgramName: mri_tessellate  ProgramArguments: mri_tessellate -all-info  ProgramVersion: 7.3.2  TimeStamp: 2026/03/09-09:07:37-GMT  BuildTime: Aug  4 2022 06:17:15  BuildStamp: freesurfer-linux-ubuntu22_x86_64-7.3.2-20220804-6354275  User: oesteban  Machine: dna018  Platform: Linux  PlatformVersion: 5.14.0-427.37.1.el9_4.x86_64  CompilerName: GCC  CompilerVersion: 8.4.0
ProgramName: mri_vol2surf  ProgramArguments: mri_vol2surf -all-info  ProgramVersion: 7.3.2  TimeStamp: 2026/03/09-09:07:37-GMT  BuildTime: Aug  4 2022 06:17:15  BuildStamp: freesurfer-linux-ubuntu22_x86_64-7.3.2-20220804-6354275  User: oesteban  Machine: dna018  Platform: Linux  PlatformVersion: 5.14.0-427.37.1.el9_4.x86_64  CompilerName: GCC  CompilerVersion: 8.4.0
ProgramName: mri_vol2vol  ProgramArguments: mri_vol2vol -all-info  ProgramVersion: 7.3.2  TimeStamp: 2026/03/09-09:07:37-GMT  BuildTime: Aug  4 2022 06:17:15  BuildStamp: freesurfer-linux-ubuntu22_x86_64-7.3.2-20220804-6354275  User: oesteban  Machine: dna018  Platform: Linux  PlatformVersion: 5.14.0-427.37.1.el9_4.x86_64  CompilerName: GCC  CompilerVersion: 8.4.0
ProgramName: mri_voldiff  ProgramArguments: mri_voldiff -all-info  ProgramVersion: 7.3.2  TimeStamp: 2026/03/09-09:07:37-GMT  BuildTime: Aug  4 2022 06:17:15  BuildStamp: freesurfer-linux-ubuntu22_x86_64-7.3.2-20220804-6354275  User: oesteban  Machine: dna018  Platform: Linux  PlatformVersion: 5.14.0-427.37.1.el9_4.x86_64  CompilerName: GCC  CompilerVersion: 8.4.0
ProgramName: mri_watershed  ProgramArguments: mri_watershed -all-info  ProgramVersion: 7.3.2  TimeStamp: 2026/03/09-09:07:37-GMT  BuildTime: Aug  4 2022 06:17:15  BuildStamp: freesurfer-linux-ubuntu22_x86_64-7.3.2-20220804-6354275  User: oesteban  Machine: dna018  Platform: Linux  PlatformVersion: 5.14.0-427.37.1.el9_4.x86_64  CompilerName: GCC  CompilerVersion: 8.4.0
ProgramName: tkregister2  ProgramArguments: tkregister2_cmdl -all-info  ProgramVersion: 7.3.2  TimeStamp: 2026/03/09-09:07:37-GMT  BuildTime: Aug  4 2022 06:17:15  BuildStamp: freesurfer-linux-ubuntu22_x86_64-7.3.2-20220804-6354275  User: oesteban  Machine: dna018  Platform: Linux  PlatformVersion: 5.14.0-427.37.1.el9_4.x86_64  CompilerName: GCC  CompilerVersion: 8.4.0
mri_motion_correct.fsl 7.3.2
mri_convert -all-info 
ProgramName: mri_convert  ProgramArguments: mri_convert -all-info  ProgramVersion: 7.3.2  TimeStamp: 2026/03/09-09:07:37-GMT  BuildTime: Aug  4 2022 06:17:15  BuildStamp: freesurfer-linux-ubuntu22_x86_64-7.3.2-20220804-6354275  User: oesteban  Machine: dna018  Platform: Linux  PlatformVersion: 5.14.0-427.37.1.el9_4.x86_64  CompilerName: GCC  CompilerVersion: 8.4.0
Program nu_correct, built from:
Package MNI N3, version 1.12.0, compiled by nicks@terrier (x86_64-unknown-linux-gnu) on 2015-06-19 at 01:25:34
#######################################
GCADIR /opt/freesurfer/average
GCA RB_all_2020-01-02.gca
GCASkull RB_all_withskull_2020_01_02.gca
AvgCurvTif folding.atlas.acfb40.noaparc.i12.2016-08-02.tif
GCSDIR /opt/freesurfer/average
GCS DKaparc.atlas.acfb40.noaparc.i12.2016-08-02.gcs
#######################################
#-------------------------------------
#@# EM Registration Mon Mar  9 10:07:37 CET 2026
/out/sourcedata/freesurfer/sub-v1s21x0050399_ses-1/mri

 mri_em_register -uns 3 -mask brainmask.mgz nu.mgz /opt/freesurfer/average/RB_all_2020-01-02.gca transforms/talairach.lta 

setting unknown_nbr_spacing = 3
using MR volume brainmask.mgz to mask input volume...

== Number of threads available to mri_em_register for OpenMP = 16 == 
reading 1 input volumes...
logging results to talairach.log
reading '/opt/freesurfer/average/RB_all_2020-01-02.gca'...
GCAread took 0 minutes and 1 seconds.
average std = 7.2   using min determinant for regularization = 5.2
0 singular and 884 ill-conditioned covariance matrices regularized
reading 'nu.mgz'...
MRImask(): AllowDiffGeom = 1
MRImask(): AllowDiffGeom = 1
MRImask(): AllowDiffGeom = 1
MRImask(): AllowDiffGeom = 1
MRImask(): AllowDiffGeom = 1
freeing gibbs priors...done.
accounting for voxel sizes in initial transform
bounding unknown intensity as < 5.9 or > 519.0 
total sample mean = 79.1 (1017 zeros)
************************************************
spacing=8, using 2841 sample points, tol=1.00e-05...
************************************************
register_mri: find_optimal_transform
find_optimal_transform: nsamples 2841, passno 0, spacing 8
resetting wm mean[0]: 98 --> 107
resetting gm mean[0]: 61 --> 61
input volume #1 is the most T1-like
using real data threshold=26.9
skull bounding box = (58, 71, 47) --> (194, 198, 203)
finding center of left hemi white matter
using (103, 113, 125) as brain centroid of Right_Cerebral_White_Matter...
MRImask(): AllowDiffGeom = 1
mean wm in atlas = 107, using box (86,97,106) --> (119, 128,144) to find MRI wm
before smoothing, mri peak at 110
robust fit to distribution - 109 +- 4.1
after smoothing, mri peak at 109, scaling input intensities by 0.982
scaling channel 0 by 0.981651
initial log_p = -4.222
************************************************
First Search limited to translation only.
************************************************
max log p =    -4.112956 @ (-10.526, -10.526, -10.526)
max log p =    -3.897844 @ (5.263, 5.263, -5.263)
max log p =    -3.787455 @ (7.895, -2.632, -2.632)
max log p =    -3.728000 @ (-3.947, -1.316, 3.947)
max log p =    -3.721483 @ (0.658, -0.658, -1.974)
max log p =    -3.708990 @ (0.329, -0.329, 0.987)
max log p =    -3.708990 @ (0.000, 0.000, 0.000)
max log p =    -3.708990 @ (0.000, 0.000, 0.000)
Found translation: (-0.3, -10.2, -15.5): log p = -3.709
****************************************
Nine parameter search.  iteration 0 nscales = 0 ...
****************************************
Result so far: scale 1.000: max_log_p=-3.535, old_max_log_p =-3.709 (thresh=-3.7)
 1.00000   0.00000   0.00000  -0.32895;
 0.00000   1.19413   0.27823  -68.96716;
 0.00000  -0.27532   0.89348   40.56596;
 0.00000   0.00000   0.00000   1.00000;
iteration took 0 minutes and 9 seconds.
****************************************
Nine parameter search.  iteration 1 nscales = 0 ...
****************************************
Result so far: scale 1.000: max_log_p=-3.535, old_max_log_p =-3.535 (thresh=-3.5)
 1.00000   0.00000   0.00000  -0.32895;
 0.00000   1.19413   0.27823  -68.96716;
 0.00000  -0.27532   0.89348   40.56596;
 0.00000   0.00000   0.00000   1.00000;
reducing scale to 0.2500
iteration took 0 minutes and 8 seconds.
****************************************
Nine parameter search.  iteration 2 nscales = 1 ...
****************************************
Result so far: scale 0.250: max_log_p=-3.457, old_max_log_p =-3.535 (thresh=-3.5)
 1.01587   0.08054   0.01459  -14.57173;
-0.06399   1.16738   0.27691  -57.41953;
 0.00419  -0.28479   0.94549   33.45915;
 0.00000   0.00000   0.00000   1.00000;
iteration took 0 minutes and 9 seconds.
****************************************
Nine parameter search.  iteration 3 nscales = 1 ...
****************************************
Result so far: scale 0.250: max_log_p=-3.454, old_max_log_p =-3.457 (thresh=-3.5)
 0.99802   0.03092   0.03542  -8.19547;
-0.03251   1.19010   0.28321  -65.12432;
-0.02959  -0.29266   0.96222   36.86147;
 0.00000   0.00000   0.00000   1.00000;
reducing scale to 0.0625
iteration took 0 minutes and 8 seconds.
****************************************
Nine parameter search.  iteration 4 nscales = 2 ...
****************************************
Result so far: scale 0.062: max_log_p=-3.431, old_max_log_p =-3.454 (thresh=-3.5)
 1.00197   0.02406   0.02514  -7.07780;
-0.02538   1.18427   0.31587  -69.49280;
-0.02039  -0.33195   0.95493   41.68067;
 0.00000   0.00000   0.00000   1.00000;
iteration took 0 minutes and 8 seconds.
****************************************
Nine parameter search.  iteration 5 nscales = 2 ...
****************************************
Result so far: scale 0.062: max_log_p=-3.427, old_max_log_p =-3.431 (thresh=-3.4)
 1.00550   0.02415   0.02523  -7.54884;
-0.02541   1.18566   0.31624  -69.71402;
-0.02039  -0.33195   0.95493   41.68067;
 0.00000   0.00000   0.00000   1.00000;
iteration took 0 minutes and 8 seconds.
****************************************
Nine parameter search.  iteration 6 nscales = 2 ...
****************************************
Result so far: scale 0.062: max_log_p=-3.420, old_max_log_p =-3.427 (thresh=-3.4)
 1.00647   0.02153   0.03310  -8.23651;
-0.02528   1.18973   0.30878  -68.93834;
-0.02883  -0.32243   0.95725   41.23785;
 0.00000   0.00000   0.00000   1.00000;
iteration took 0 minutes and 8 seconds.
****************************************
Nine parameter search.  iteration 7 nscales = 2 ...
****************************************
Result so far: scale 0.062: max_log_p=-3.420, old_max_log_p =-3.420 (thresh=-3.4)
 1.00647   0.02153   0.03310  -8.23651;
-0.02528   1.18973   0.30878  -68.93834;
-0.02883  -0.32243   0.95725   41.23785;
 0.00000   0.00000   0.00000   1.00000;
min search scale 0.025000 reached
***********************************************
Computing MAP estimate using 2841 samples...
***********************************************
dt = 5.00e-06, momentum=0.80, tol=1.00e-05
l_intensity = 1.0000
Aligning input volume to GCA...
Transform matrix
 1.00647   0.02153   0.03310  -8.23651;
-0.02528   1.18973   0.30878  -68.93834;
-0.02883  -0.32243   0.95725   41.23785;
 0.00000   0.00000   0.00000   1.00000;
nsamples 2841
Quasinewton: input matrix
 1.00647   0.02153   0.03310  -8.23651;
-0.02528   1.18973   0.30878  -68.93834;
-0.02883  -0.32243   0.95725   41.23785;
 0.00000   0.00000   0.00000   1.00000;
 IFLAG= -1  LINE SEARCH FAILED. SEE DOCUMENTATION OF ROUTINE MCSRCH ERROR RETURN OF LINE SEARCH: INFO= 3 POSSIBLE CAUSES: FUNCTION OR GRADIENT ARE INCORRECT OR INCORRECT TOLERANCESoutof QuasiNewtonEMA: 010: -log(p) =   -0.0  tol 0.000010
Resulting transform:
 1.00647   0.02153   0.03310  -8.23651;
-0.02528   1.18973   0.30878  -68.93834;
-0.02883  -0.32243   0.95725   41.23785;
 0.00000   0.00000   0.00000   1.00000;

pass 1, spacing 8: log(p) = -3.420 (old=-4.222)
transform before final EM align:
 1.00647   0.02153   0.03310  -8.23651;
-0.02528   1.18973   0.30878  -68.93834;
-0.02883  -0.32243   0.95725   41.23785;
 0.00000   0.00000   0.00000   1.00000;

**************************************************
 EM alignment process ...
 Computing final MAP estimate using 315638 samples. 
**************************************************
dt = 5.00e-06, momentum=0.80, tol=1.00e-07
l_intensity = 1.0000
Aligning input volume to GCA...
Transform matrix
 1.00647   0.02153   0.03310  -8.23651;
-0.02528   1.18973   0.30878  -68.93834;
-0.02883  -0.32243   0.95725   41.23785;
 0.00000   0.00000   0.00000   1.00000;
nsamples 315638
Quasinewton: input matrix
 1.00647   0.02153   0.03310  -8.23651;
-0.02528   1.18973   0.30878  -68.93834;
-0.02883  -0.32243   0.95725   41.23785;
 0.00000   0.00000   0.00000   1.00000;
 IFLAG= -1  LINE SEARCH FAILED. SEE DOCUMENTATION OF ROUTINE MCSRCH ERROR RETURN OF LINE SEARCH: INFO= 3 POSSIBLE CAUSES: FUNCTION OR GRADIENT ARE INCORRECT OR INCORRECT TOLERANCESoutof QuasiNewtonEMA: 012: -log(p) =    3.9  tol 0.000000
final transform:
 1.00647   0.02153   0.03310  -8.23651;
-0.02528   1.18973   0.30878  -68.93834;
-0.02883  -0.32243   0.95725   41.23785;
 0.00000   0.00000   0.00000   1.00000;

writing output transformation to transforms/talairach.lta...
#VMPC# mri_em_register VmPeak  891284
FSRUNTIME@ mri_em_register  0.0304 hours 16 threads
registration took 1 minutes and 50 seconds.

Started at Mon Mar 9 10:07:37 CET 2026 
Ended   at Mon Mar 9 10:09:26 CET 2026
#@#%# recon-all-run-time-hours 0.030
recon-all -s sub-v1s21x0050399_ses-1 finished without error at Mon Mar  9 10:09:26 CET 2026



#New# invocation of recon-all 




Mon Mar  9 10:09:30 CET 2026
cd /out/sourcedata/freesurfer/sub-v1s21x0050399_ses-1
setenv SUBJECTS_DIR /out/sourcedata/freesurfer
/opt/freesurfer/bin/recon-all -autorecon2-volonly -openmp 16 -subjid sub-v1s21x0050399_ses-1 -sd /out/sourcedata/freesurfer -nogcareg

subjid sub-v1s21x0050399_ses-1
setenv SUBJECTS_DIR /out/sourcedata/freesurfer
FREESURFER_HOME /opt/freesurfer
Actual FREESURFER_HOME /opt/freesurfer
build-stamp.txt: freesurfer-linux-ubuntu22_x86_64-7.3.2-20220804-6354275
Linux dna018 5.14.0-427.37.1.el9_4.x86_64 #1 SMP PREEMPT_DYNAMIC Fri Sep 13 12:41:50 EDT 2024 x86_64 x86_64 x86_64 GNU/Linux
cputime      unlimited
filesize     unlimited
datasize     unlimited
stacksize    8192 kbytes
coredumpsize 0 kbytes
memoryuse    67108864 kbytes
vmemoryuse   unlimited
descriptors  1024 
memorylocked unlimited
maxproc      2061970 
maxlocks     unlimited
maxsignal    2061970 
maxmessage   819200 
maxnice      0 
maxrtprio    0 
maxrttime    unlimited

               total        used        free      shared  buff/cache   available
Mem:           503Gi        54Gi       373Gi       7.9Gi        75Gi       438Gi
Swap:             0B          0B          0B

########################################
program versions used
7.3.2 (freesurfer-linux-ubuntu22_x86_64-7.3.2-20220804-6354275)
7.3.2

ProgramName: lta_convert  ProgramArguments: lta_convert -all-info  ProgramVersion: 7.3.2  TimeStamp: 2026/03/09-09:09:30-GMT  BuildTime: Aug  4 2022 06:17:15  BuildStamp: freesurfer-linux-ubuntu22_x86_64-7.3.2-20220804-6354275  User: oesteban  Machine: dna018  Platform: Linux  PlatformVersion: 5.14.0-427.37.1.el9_4.x86_64  CompilerName: GCC  CompilerVersion: 8.4.0
ProgramName: mri_and  ProgramArguments: mri_and -all-info  ProgramVersion: 7.3.2  TimeStamp: 2026/03/09-09:09:30-GMT  BuildTime: Aug  4 2022 06:17:15  BuildStamp: freesurfer-linux-ubuntu22_x86_64-7.3.2-20220804-6354275  User: oesteban  Machine: dna018  Platform: Linux  PlatformVersion: 5.14.0-427.37.1.el9_4.x86_64  CompilerName: GCC  CompilerVersion: 8.4.0
ProgramName: mri_annotation2label  ProgramArguments: mri_annotation2label -all-info  ProgramVersion: 7.3.2  TimeStamp: 2026/03/09-09:09:30-GMT  BuildTime: Aug  4 2022 06:17:15  BuildStamp: freesurfer-linux-ubuntu22_x86_64-7.3.2-20220804-6354275  User: oesteban  Machine: dna018  Platform: Linux  PlatformVersion: 5.14.0-427.37.1.el9_4.x86_64  CompilerName: GCC  CompilerVersion: 8.4.0
ProgramName: mri_aparc2aseg  ProgramArguments: mri_aparc2aseg -all-info  ProgramVersion: 7.3.2  TimeStamp: 2026/03/09-09:09:30-GMT  BuildTime: Aug  4 2022 06:17:15  BuildStamp: freesurfer-linux-ubuntu22_x86_64-7.3.2-20220804-6354275  User: oesteban  Machine: dna018  Platform: Linux  PlatformVersion: 5.14.0-427.37.1.el9_4.x86_64  CompilerName: GCC  CompilerVersion: 8.4.0
ProgramName: mri_surf2volseg  ProgramArguments: mri_surf2volseg -all-info  ProgramVersion: 7.3.2  TimeStamp: 2026/03/09-09:09:30-GMT  BuildTime: Aug  4 2022 06:17:15  BuildStamp: freesurfer-linux-ubuntu22_x86_64-7.3.2-20220804-6354275  User: oesteban  Machine: dna018  Platform: Linux  PlatformVersion: 5.14.0-427.37.1.el9_4.x86_64  CompilerName: GCC  CompilerVersion: 8.4.0
ProgramName: mri_binarize  ProgramArguments: mri_binarize -all-info  ProgramVersion: 7.3.2  TimeStamp: 2026/03/09-09:09:30-GMT  BuildTime: Aug  4 2022 06:17:15  BuildStamp: freesurfer-linux-ubuntu22_x86_64-7.3.2-20220804-6354275  User: oesteban  Machine: dna018  Platform: Linux  PlatformVersion: 5.14.0-427.37.1.el9_4.x86_64  CompilerName: GCC  CompilerVersion: 8.4.0
ProgramName: mri_ca_label  ProgramArguments: mri_ca_label -all-info  ProgramVersion: 7.3.2  TimeStamp: 2026/03/09-09:09:30-GMT  BuildTime: Aug  4 2022 06:17:15  BuildStamp: freesurfer-linux-ubuntu22_x86_64-7.3.2-20220804-6354275  User: oesteban  Machine: dna018  Platform: Linux  PlatformVersion: 5.14.0-427.37.1.el9_4.x86_64  CompilerName: GCC  CompilerVersion: 8.4.0
ProgramName: mri_ca_normalize  ProgramArguments: mri_ca_normalize -all-info  ProgramVersion: 7.3.2  TimeStamp: 2026/03/09-09:09:30-GMT  BuildTime: Aug  4 2022 06:17:15  BuildStamp: freesurfer-linux-ubuntu22_x86_64-7.3.2-20220804-6354275  User: oesteban  Machine: dna018  Platform: Linux  PlatformVersion: 5.14.0-427.37.1.el9_4.x86_64  CompilerName: GCC  CompilerVersion: 8.4.0
ProgramName: mri_ca_register  ProgramArguments: mri_ca_register -all-info  ProgramVersion: 7.3.2  TimeStamp: 2026/03/09-09:09:30-GMT  BuildTime: Aug  4 2022 06:17:15  BuildStamp: freesurfer-linux-ubuntu22_x86_64-7.3.2-20220804-6354275  User: oesteban  Machine: dna018  Platform: Linux  PlatformVersion: 5.14.0-427.37.1.el9_4.x86_64  CompilerName: GCC  CompilerVersion: 8.4.0
ProgramName: mri_cc  ProgramArguments: mri_cc -all-info  ProgramVersion: 7.3.2  TimeStamp: 2026/03/09-09:09:30-GMT  BuildTime: Aug  4 2022 06:17:15  BuildStamp: freesurfer-linux-ubuntu22_x86_64-7.3.2-20220804-6354275  User: oesteban  Machine: dna018  Platform: Linux  PlatformVersion: 5.14.0-427.37.1.el9_4.x86_64  CompilerName: GCC  CompilerVersion: 8.4.0
ProgramName: mri_compute_overlap  ProgramArguments: mri_compute_overlap -all-info  ProgramVersion: 7.3.2  TimeStamp: 2026/03/09-09:09:30-GMT  BuildTime: Aug  4 2022 06:17:15  BuildStamp: freesurfer-linux-ubuntu22_x86_64-7.3.2-20220804-6354275  User: oesteban  Machine: dna018  Platform: Linux  PlatformVersion: 5.14.0-427.37.1.el9_4.x86_64  CompilerName: GCC  CompilerVersion: 8.4.0
ProgramName: mri_compute_seg_overlap  ProgramArguments: mri_compute_seg_overlap -all-info  ProgramVersion: 7.3.2  TimeStamp: 2026/03/09-09:09:30-GMT  BuildTime: Aug  4 2022 06:17:15  BuildStamp: freesurfer-linux-ubuntu22_x86_64-7.3.2-20220804-6354275  User: oesteban  Machine: dna018  Platform: Linux  PlatformVersion: 5.14.0-427.37.1.el9_4.x86_64  CompilerName: GCC  CompilerVersion: 8.4.0
ProgramName: mri_concat  ProgramArguments: mri_concat -all-info  ProgramVersion: 7.3.2  TimeStamp: 2026/03/09-09:09:30-GMT  BuildTime: Aug  4 2022 06:17:15  BuildStamp: freesurfer-linux-ubuntu22_x86_64-7.3.2-20220804-6354275  User: oesteban  Machine: dna018  Platform: Linux  PlatformVersion: 5.14.0-427.37.1.el9_4.x86_64  CompilerName: GCC  CompilerVersion: 8.4.0
ProgramName: mri_concatenate_lta  ProgramArguments: mri_concatenate_lta -all-info  ProgramVersion: 7.3.2  TimeStamp: 2026/03/09-09:09:30-GMT  BuildTime: Aug  4 2022 06:17:15  BuildStamp: freesurfer-linux-ubuntu22_x86_64-7.3.2-20220804-6354275  User: oesteban  Machine: dna018  Platform: Linux  PlatformVersion: 5.14.0-427.37.1.el9_4.x86_64  CompilerName: GCC  CompilerVersion: 8.4.0
mri_convert -all-info 
ProgramName: mri_convert  ProgramArguments: mri_convert -all-info  ProgramVersion: 7.3.2  TimeStamp: 2026/03/09-09:09:30-GMT  BuildTime: Aug  4 2022 06:17:15  BuildStamp: freesurfer-linux-ubuntu22_x86_64-7.3.2-20220804-6354275  User: oesteban  Machine: dna018  Platform: Linux  PlatformVersion: 5.14.0-427.37.1.el9_4.x86_64  CompilerName: GCC  CompilerVersion: 8.4.0
ProgramName: mri_diff  ProgramArguments: mri_diff -all-info  ProgramVersion: 7.3.2  TimeStamp: 2026/03/09-09:09:30-GMT  BuildTime: Aug  4 2022 06:17:15  BuildStamp: freesurfer-linux-ubuntu22_x86_64-7.3.2-20220804-6354275  User: oesteban  Machine: dna018  Platform: Linux  PlatformVersion: 5.14.0-427.37.1.el9_4.x86_64  CompilerName: GCC  CompilerVersion: 8.4.0
ProgramName: mri_edit_wm_with_aseg  ProgramArguments: mri_edit_wm_with_aseg -all-info  ProgramVersion: 7.3.2  TimeStamp: 2026/03/09-09:09:30-GMT  BuildTime: Aug  4 2022 06:17:15  BuildStamp: freesurfer-linux-ubuntu22_x86_64-7.3.2-20220804-6354275  User: oesteban  Machine: dna018  Platform: Linux  PlatformVersion: 5.14.0-427.37.1.el9_4.x86_64  CompilerName: GCC  CompilerVersion: 8.4.0
ProgramName: mri_em_register  ProgramArguments: mri_em_register -all-info  ProgramVersion: 7.3.2  TimeStamp: 2026/03/09-09:09:30-GMT  BuildTime: Aug  4 2022 06:17:15  BuildStamp: freesurfer-linux-ubuntu22_x86_64-7.3.2-20220804-6354275  User: oesteban  Machine: dna018  Platform: Linux  PlatformVersion: 5.14.0-427.37.1.el9_4.x86_64  CompilerName: GCC  CompilerVersion: 8.4.0
ProgramName: mri_fill  ProgramArguments: mri_fill -all-info  ProgramVersion: 7.3.2  TimeStamp: 2026/03/09-09:09:30-GMT  BuildTime: Aug  4 2022 06:17:15  BuildStamp: freesurfer-linux-ubuntu22_x86_64-7.3.2-20220804-6354275  User: oesteban  Machine: dna018  Platform: Linux  PlatformVersion: 5.14.0-427.37.1.el9_4.x86_64  CompilerName: GCC  CompilerVersion: 8.4.0
ProgramName: mri_fuse_segmentations  ProgramArguments: mri_fuse_segmentations -all-info  ProgramVersion: 7.3.2  TimeStamp: 2026/03/09-09:09:30-GMT  BuildTime: Aug  4 2022 06:17:15  BuildStamp: freesurfer-linux-ubuntu22_x86_64-7.3.2-20220804-6354275  User: oesteban  Machine: dna018  Platform: Linux  PlatformVersion: 5.14.0-427.37.1.el9_4.x86_64  CompilerName: GCC  CompilerVersion: 8.4.0
ProgramName: mri_fwhm  ProgramArguments: mri_fwhm -all-info  ProgramVersion: 7.3.2  TimeStamp: 2026/03/09-09:09:30-GMT  BuildTime: Aug  4 2022 06:17:15  BuildStamp: freesurfer-linux-ubuntu22_x86_64-7.3.2-20220804-6354275  User: oesteban  Machine: dna018  Platform: Linux  PlatformVersion: 5.14.0-427.37.1.el9_4.x86_64  CompilerName: GCC  CompilerVersion: 8.4.0
ProgramName: mri_gcut  ProgramArguments: mri_gcut -all-info  ProgramVersion: 7.3.2  TimeStamp: 2026/03/09-09:09:30-GMT  BuildTime: Aug  4 2022 06:17:15  BuildStamp: freesurfer-linux-ubuntu22_x86_64-7.3.2-20220804-6354275  User: oesteban  Machine: dna018  Platform: Linux  PlatformVersion: 5.14.0-427.37.1.el9_4.x86_64  CompilerName: GCC  CompilerVersion: 8.4.0
ProgramName: mri_info  ProgramArguments: mri_info -all-info  ProgramVersion: 7.3.2  TimeStamp: 2026/03/09-09:09:30-GMT  BuildTime: Aug  4 2022 06:17:15  BuildStamp: freesurfer-linux-ubuntu22_x86_64-7.3.2-20220804-6354275  User: oesteban  Machine: dna018  Platform: Linux  PlatformVersion: 5.14.0-427.37.1.el9_4.x86_64  CompilerName: GCC  CompilerVersion: 8.4.0
ProgramName: mri_label2label  ProgramArguments: mri_label2label -all-info  ProgramVersion: 7.3.2  TimeStamp: 2026/03/09-09:09:30-GMT  BuildTime: Aug  4 2022 06:17:15  BuildStamp: freesurfer-linux-ubuntu22_x86_64-7.3.2-20220804-6354275  User: oesteban  Machine: dna018  Platform: Linux  PlatformVersion: 5.14.0-427.37.1.el9_4.x86_64  CompilerName: GCC  CompilerVersion: 8.4.0
ProgramName: mri_label2vol  ProgramArguments: mri_label2vol -all-info  ProgramVersion: 7.3.2  TimeStamp: 2026/03/09-09:09:30-GMT  BuildTime: Aug  4 2022 06:17:15  BuildStamp: freesurfer-linux-ubuntu22_x86_64-7.3.2-20220804-6354275  User: oesteban  Machine: dna018  Platform: Linux  PlatformVersion: 5.14.0-427.37.1.el9_4.x86_64  CompilerName: GCC  CompilerVersion: 8.4.0
ProgramName: mri_log_likelihood  ProgramArguments: mri_log_likelihood -all-info  ProgramVersion: 7.3.2  TimeStamp: 2026/03/09-09:09:30-GMT  BuildTime: Aug  4 2022 06:17:15  BuildStamp: freesurfer-linux-ubuntu22_x86_64-7.3.2-20220804-6354275  User: oesteban  Machine: dna018  Platform: Linux  PlatformVersion: 5.14.0-427.37.1.el9_4.x86_64  CompilerName: GCC  CompilerVersion: 8.4.0
ProgramName: mri_mask  ProgramArguments: mri_mask -all-info  ProgramVersion: 7.3.2  TimeStamp: 2026/03/09-09:09:30-GMT  BuildTime: Aug  4 2022 06:17:15  BuildStamp: freesurfer-linux-ubuntu22_x86_64-7.3.2-20220804-6354275  User: oesteban  Machine: dna018  Platform: Linux  PlatformVersion: 5.14.0-427.37.1.el9_4.x86_64  CompilerName: GCC  CompilerVersion: 8.4.0
ProgramName: mri_matrix_multiply  ProgramArguments: mri_matrix_multiply -all-info  ProgramVersion: 7.3.2  TimeStamp: 2026/03/09-09:09:30-GMT  BuildTime: Aug  4 2022 06:17:15  BuildStamp: freesurfer-linux-ubuntu22_x86_64-7.3.2-20220804-6354275  User: oesteban  Machine: dna018  Platform: Linux  PlatformVersion: 5.14.0-427.37.1.el9_4.x86_64  CompilerName: GCC  CompilerVersion: 8.4.0
ProgramName: mri_normalize  ProgramArguments: mri_normalize -all-info  ProgramVersion: 7.3.2  TimeStamp: 2026/03/09-09:09:30-GMT  BuildTime: Aug  4 2022 06:17:15  BuildStamp: freesurfer-linux-ubuntu22_x86_64-7.3.2-20220804-6354275  User: oesteban  Machine: dna018  Platform: Linux  PlatformVersion: 5.14.0-427.37.1.el9_4.x86_64  CompilerName: GCC  CompilerVersion: 8.4.0
ProgramName: mri_normalize_tp2  ProgramArguments: mri_normalize_tp2 -all-info  ProgramVersion: 7.3.2  TimeStamp: 2026/03/09-09:09:30-GMT  BuildTime: Aug  4 2022 06:17:15  BuildStamp: freesurfer-linux-ubuntu22_x86_64-7.3.2-20220804-6354275  User: oesteban  Machine: dna018  Platform: Linux  PlatformVersion: 5.14.0-427.37.1.el9_4.x86_64  CompilerName: GCC  CompilerVersion: 8.4.0
ProgramName: mri_or  ProgramArguments: mri_or -all-info  ProgramVersion: 7.3.2  TimeStamp: 2026/03/09-09:09:30-GMT  BuildTime: Aug  4 2022 06:17:15  BuildStamp: freesurfer-linux-ubuntu22_x86_64-7.3.2-20220804-6354275  User: oesteban  Machine: dna018  Platform: Linux  PlatformVersion: 5.14.0-427.37.1.el9_4.x86_64  CompilerName: GCC  CompilerVersion: 8.4.0
ProgramName: mri_relabel_hypointensities  ProgramArguments: mri_relabel_hypointensities -all-info  ProgramVersion: 7.3.2  TimeStamp: 2026/03/09-09:09:30-GMT  BuildTime: Aug  4 2022 06:17:15  BuildStamp: freesurfer-linux-ubuntu22_x86_64-7.3.2-20220804-6354275  User: oesteban  Machine: dna018  Platform: Linux  PlatformVersion: 5.14.0-427.37.1.el9_4.x86_64  CompilerName: GCC  CompilerVersion: 8.4.0
ProgramName: mri_relabel_nonwm_hypos  ProgramArguments: mri_relabel_nonwm_hypos -all-info  ProgramVersion: 7.3.2  TimeStamp: 2026/03/09-09:09:30-GMT  BuildTime: Aug  4 2022 06:17:15  BuildStamp: freesurfer-linux-ubuntu22_x86_64-7.3.2-20220804-6354275  User: oesteban  Machine: dna018  Platform: Linux  PlatformVersion: 5.14.0-427.37.1.el9_4.x86_64  CompilerName: GCC  CompilerVersion: 8.4.0
ProgramName: mri_remove_neck  ProgramArguments: mri_remove_neck -all-info  ProgramVersion: 7.3.2  TimeStamp: 2026/03/09-09:09:30-GMT  BuildTime: Aug  4 2022 06:17:15  BuildStamp: freesurfer-linux-ubuntu22_x86_64-7.3.2-20220804-6354275  User: oesteban  Machine: dna018  Platform: Linux  PlatformVersion: 5.14.0-427.37.1.el9_4.x86_64  CompilerName: GCC  CompilerVersion: 8.4.0
7.3.2

ProgramName: mri_robust_register  ProgramArguments: mri_robust_register -all-info  ProgramVersion: 7.3.2  TimeStamp: 2026/03/09-09:09:30-GMT  BuildTime: Aug  4 2022 06:17:15  BuildStamp: freesurfer-linux-ubuntu22_x86_64-7.3.2-20220804-6354275  User: oesteban  Machine: dna018  Platform: Linux  PlatformVersion: 5.14.0-427.37.1.el9_4.x86_64  CompilerName: GCC  CompilerVersion: 8.4.0
7.3.2

ProgramName: mri_robust_template  ProgramArguments: mri_robust_template -all-info  ProgramVersion: 7.3.2  TimeStamp: 2026/03/09-09:09:30-GMT  BuildTime: Aug  4 2022 06:17:15  BuildStamp: freesurfer-linux-ubuntu22_x86_64-7.3.2-20220804-6354275  User: oesteban  Machine: dna018  Platform: Linux  PlatformVersion: 5.14.0-427.37.1.el9_4.x86_64  CompilerName: GCC  CompilerVersion: 8.4.0
ProgramName: mris_anatomical_stats  ProgramArguments: mris_anatomical_stats -all-info  ProgramVersion: 7.3.2  TimeStamp: 2026/03/09-09:09:30-GMT  BuildTime: Aug  4 2022 06:17:15  BuildStamp: freesurfer-linux-ubuntu22_x86_64-7.3.2-20220804-6354275  User: oesteban  Machine: dna018  Platform: Linux  PlatformVersion: 5.14.0-427.37.1.el9_4.x86_64  CompilerName: GCC  CompilerVersion: 8.4.0
ProgramName: mris_ca_label  ProgramArguments: mris_ca_label -all-info  ProgramVersion: 7.3.2  TimeStamp: 2026/03/09-09:09:30-GMT  BuildTime: Aug  4 2022 06:17:15  BuildStamp: freesurfer-linux-ubuntu22_x86_64-7.3.2-20220804-6354275  User: oesteban  Machine: dna018  Platform: Linux  PlatformVersion: 5.14.0-427.37.1.el9_4.x86_64  CompilerName: GCC  CompilerVersion: 8.4.0
ProgramName: mris_calc  ProgramArguments: mris_calc -all-info  ProgramVersion: 7.3.2  TimeStamp: 2026/03/09-09:09:30-GMT  BuildTime: Aug  4 2022 06:17:15  BuildStamp: freesurfer-linux-ubuntu22_x86_64-7.3.2-20220804-6354275  User: oesteban  Machine: dna018  Platform: Linux  PlatformVersion: 5.14.0-427.37.1.el9_4.x86_64  CompilerName: GCC  CompilerVersion: 8.4.0
ProgramName: mris_convert  ProgramArguments: mris_convert -all-info  ProgramVersion: 7.3.2  TimeStamp: 2026/03/09-09:09:30-GMT  BuildTime: Aug  4 2022 06:17:15  BuildStamp: freesurfer-linux-ubuntu22_x86_64-7.3.2-20220804-6354275  User: oesteban  Machine: dna018  Platform: Linux  PlatformVersion: 5.14.0-427.37.1.el9_4.x86_64  CompilerName: GCC  CompilerVersion: 8.4.0
ProgramName: mris_curvature  ProgramArguments: mris_curvature -all-info  ProgramVersion: 7.3.2  TimeStamp: 2026/03/09-09:09:30-GMT  BuildTime: Aug  4 2022 06:17:15  BuildStamp: freesurfer-linux-ubuntu22_x86_64-7.3.2-20220804-6354275  User: oesteban  Machine: dna018  Platform: Linux  PlatformVersion: 5.14.0-427.37.1.el9_4.x86_64  CompilerName: GCC  CompilerVersion: 8.4.0
ProgramName: mris_curvature_stats  ProgramArguments: mris_curvature_stats -all-info  ProgramVersion: 7.3.2  TimeStamp: 2026/03/09-09:09:30-GMT  BuildTime: Aug  4 2022 06:17:15  BuildStamp: freesurfer-linux-ubuntu22_x86_64-7.3.2-20220804-6354275  User: oesteban  Machine: dna018  Platform: Linux  PlatformVersion: 5.14.0-427.37.1.el9_4.x86_64  CompilerName: GCC  CompilerVersion: 8.4.0
ProgramName: mris_diff  ProgramArguments: mris_diff -all-info  ProgramVersion: 7.3.2  TimeStamp: 2026/03/09-09:09:30-GMT  BuildTime: Aug  4 2022 06:17:15  BuildStamp: freesurfer-linux-ubuntu22_x86_64-7.3.2-20220804-6354275  User: oesteban  Machine: dna018  Platform: Linux  PlatformVersion: 5.14.0-427.37.1.el9_4.x86_64  CompilerName: GCC  CompilerVersion: 8.4.0
ProgramName: mris_divide_parcellation  ProgramArguments: mris_divide_parcellation -all-info  ProgramVersion: 7.3.2  TimeStamp: 2026/03/09-09:09:30-GMT  BuildTime: Aug  4 2022 06:17:15  BuildStamp: freesurfer-linux-ubuntu22_x86_64-7.3.2-20220804-6354275  User: oesteban  Machine: dna018  Platform: Linux  PlatformVersion: 5.14.0-427.37.1.el9_4.x86_64  CompilerName: GCC  CompilerVersion: 8.4.0
ProgramName: mri_segment  ProgramArguments: mri_segment -all-info  ProgramVersion: 7.3.2  TimeStamp: 2026/03/09-09:09:30-GMT  BuildTime: Aug  4 2022 06:17:15  BuildStamp: freesurfer-linux-ubuntu22_x86_64-7.3.2-20220804-6354275  User: oesteban  Machine: dna018  Platform: Linux  PlatformVersion: 5.14.0-427.37.1.el9_4.x86_64  CompilerName: GCC  CompilerVersion: 8.4.0
ProgramName: mri_segstats  ProgramArguments: mri_segstats -all-info  ProgramVersion: 7.3.2  TimeStamp: 2026/03/09-09:09:30-GMT  BuildTime: Aug  4 2022 06:17:15  BuildStamp: freesurfer-linux-ubuntu22_x86_64-7.3.2-20220804-6354275  User: oesteban  Machine: dna018  Platform: Linux  PlatformVersion: 5.14.0-427.37.1.el9_4.x86_64  CompilerName: GCC  CompilerVersion: 8.4.0
ProgramName: mris_euler_number  ProgramArguments: mris_euler_number -all-info  ProgramVersion: 7.3.2  TimeStamp: 2026/03/09-09:09:30-GMT  BuildTime: Aug  4 2022 06:17:15  BuildStamp: freesurfer-linux-ubuntu22_x86_64-7.3.2-20220804-6354275  User: oesteban  Machine: dna018  Platform: Linux  PlatformVersion: 5.14.0-427.37.1.el9_4.x86_64  CompilerName: GCC  CompilerVersion: 8.4.0
ProgramName: mris_fix_topology  ProgramArguments: mris_fix_topology -all-info  ProgramVersion: 7.3.2  TimeStamp: 2026/03/09-09:09:30-GMT  BuildTime: Aug  4 2022 06:17:15  BuildStamp: freesurfer-linux-ubuntu22_x86_64-7.3.2-20220804-6354275  User: oesteban  Machine: dna018  Platform: Linux  PlatformVersion: 5.14.0-427.37.1.el9_4.x86_64  CompilerName: GCC  CompilerVersion: 8.4.0
ProgramName: mris_topo_fixer  ProgramArguments: mris_topo_fixer -all-info  ProgramVersion: 7.3.2  TimeStamp: 2026/03/09-09:09:30-GMT  BuildTime: Aug  4 2022 06:17:15  BuildStamp: freesurfer-linux-ubuntu22_x86_64-7.3.2-20220804-6354275  User: oesteban  Machine: dna018  Platform: Linux  PlatformVersion: 5.14.0-427.37.1.el9_4.x86_64  CompilerName: GCC  CompilerVersion: 8.4.0
ProgramName: mris_jacobian  ProgramArguments: mris_jacobian -all-info  ProgramVersion: 7.3.2  TimeStamp: 2026/03/09-09:09:30-GMT  BuildTime: Aug  4 2022 06:17:15  BuildStamp: freesurfer-linux-ubuntu22_x86_64-7.3.2-20220804-6354275  User: oesteban  Machine: dna018  Platform: Linux  PlatformVersion: 5.14.0-427.37.1.el9_4.x86_64  CompilerName: GCC  CompilerVersion: 8.4.0
ProgramName: mris_label2annot  ProgramArguments: mris_label2annot -all-info  ProgramVersion: 7.3.2  TimeStamp: 2026/03/09-09:09:30-GMT  BuildTime: Aug  4 2022 06:17:15  BuildStamp: freesurfer-linux-ubuntu22_x86_64-7.3.2-20220804-6354275  User: oesteban  Machine: dna018  Platform: Linux  PlatformVersion: 5.14.0-427.37.1.el9_4.x86_64  CompilerName: GCC  CompilerVersion: 8.4.0
ProgramName: mris_left_right_register  ProgramArguments: mris_left_right_register -all-info  ProgramVersion: 7.3.2  TimeStamp: 2026/03/09-09:09:30-GMT  BuildTime: Aug  4 2022 06:17:15  BuildStamp: freesurfer-linux-ubuntu22_x86_64-7.3.2-20220804-6354275  User: oesteban  Machine: dna018  Platform: Linux  PlatformVersion: 5.14.0-427.37.1.el9_4.x86_64  CompilerName: GCC  CompilerVersion: 8.4.0
ProgramName: mris_place_surface  ProgramArguments: mris_place_surface -all-info  ProgramVersion: 7.3.2  TimeStamp: 2026/03/09-09:09:30-GMT  BuildTime: Aug  4 2022 06:17:15  BuildStamp: freesurfer-linux-ubuntu22_x86_64-7.3.2-20220804-6354275  User: oesteban  Machine: dna018  Platform: Linux  PlatformVersion: 5.14.0-427.37.1.el9_4.x86_64  CompilerName: GCC  CompilerVersion: 8.4.0
ProgramName: mrisp_paint  ProgramArguments: mrisp_paint -all-info  ProgramVersion: 7.3.2  TimeStamp: 2026/03/09-09:09:30-GMT  BuildTime: Aug  4 2022 06:17:15  BuildStamp: freesurfer-linux-ubuntu22_x86_64-7.3.2-20220804-6354275  User: oesteban  Machine: dna018  Platform: Linux  PlatformVersion: 5.14.0-427.37.1.el9_4.x86_64  CompilerName: GCC  CompilerVersion: 8.4.0
ProgramName: mris_register  ProgramArguments: mris_register -all-info  ProgramVersion: 7.3.2  TimeStamp: 2026/03/09-09:09:30-GMT  BuildTime: Aug  4 2022 06:17:15  BuildStamp: freesurfer-linux-ubuntu22_x86_64-7.3.2-20220804-6354275  User: oesteban  Machine: dna018  Platform: Linux  PlatformVersion: 5.14.0-427.37.1.el9_4.x86_64  CompilerName: GCC  CompilerVersion: 8.4.0
ProgramName: mris_smooth  ProgramArguments: mris_smooth -all-info  ProgramVersion: 7.3.2  TimeStamp: 2026/03/09-09:09:30-GMT  BuildTime: Aug  4 2022 06:17:15  BuildStamp: freesurfer-linux-ubuntu22_x86_64-7.3.2-20220804-6354275  User: oesteban  Machine: dna018  Platform: Linux  PlatformVersion: 5.14.0-427.37.1.el9_4.x86_64  CompilerName: GCC  CompilerVersion: 8.4.0
ProgramName: mris_sphere  ProgramArguments: mris_sphere -all-info  ProgramVersion: 7.3.2  TimeStamp: 2026/03/09-09:09:30-GMT  BuildTime: Aug  4 2022 06:17:15  BuildStamp: freesurfer-linux-ubuntu22_x86_64-7.3.2-20220804-6354275  User: oesteban  Machine: dna018  Platform: Linux  PlatformVersion: 5.14.0-427.37.1.el9_4.x86_64  CompilerName: GCC  CompilerVersion: 8.4.0
ProgramName: mris_surface_stats  ProgramArguments: mris_surface_stats -all-info  ProgramVersion: 7.3.2  TimeStamp: 2026/03/09-09:09:30-GMT  BuildTime: Aug  4 2022 06:17:15  BuildStamp: freesurfer-linux-ubuntu22_x86_64-7.3.2-20220804-6354275  User: oesteban  Machine: dna018  Platform: Linux  PlatformVersion: 5.14.0-427.37.1.el9_4.x86_64  CompilerName: GCC  CompilerVersion: 8.4.0
ProgramName: mri_stats2seg  ProgramArguments: mri_stats2seg -all-info  ProgramVersion: 7.3.2  TimeStamp: 2026/03/09-09:09:30-GMT  BuildTime: Aug  4 2022 06:17:15  BuildStamp: freesurfer-linux-ubuntu22_x86_64-7.3.2-20220804-6354275  User: oesteban  Machine: dna018  Platform: Linux  PlatformVersion: 5.14.0-427.37.1.el9_4.x86_64  CompilerName: GCC  CompilerVersion: 8.4.0
ProgramName: mris_thickness  ProgramArguments: mris_thickness -all-info  ProgramVersion: 7.3.2  TimeStamp: 2026/03/09-09:09:30-GMT  BuildTime: Aug  4 2022 06:17:15  BuildStamp: freesurfer-linux-ubuntu22_x86_64-7.3.2-20220804-6354275  User: oesteban  Machine: dna018  Platform: Linux  PlatformVersion: 5.14.0-427.37.1.el9_4.x86_64  CompilerName: GCC  CompilerVersion: 8.4.0
ProgramName: mris_thickness_diff  ProgramArguments: mris_thickness_diff -all-info  ProgramVersion: 7.3.2  TimeStamp: 2026/03/09-09:09:30-GMT  BuildTime: Aug  4 2022 06:17:15  BuildStamp: freesurfer-linux-ubuntu22_x86_64-7.3.2-20220804-6354275  User: oesteban  Machine: dna018  Platform: Linux  PlatformVersion: 5.14.0-427.37.1.el9_4.x86_64  CompilerName: GCC  CompilerVersion: 8.4.0
ProgramName: mris_topo_fixer  ProgramArguments: mris_topo_fixer -all-info  ProgramVersion: 7.3.2  TimeStamp: 2026/03/09-09:09:30-GMT  BuildTime: Aug  4 2022 06:17:15  BuildStamp: freesurfer-linux-ubuntu22_x86_64-7.3.2-20220804-6354275  User: oesteban  Machine: dna018  Platform: Linux  PlatformVersion: 5.14.0-427.37.1.el9_4.x86_64  CompilerName: GCC  CompilerVersion: 8.4.0
ProgramName: mri_surf2surf  ProgramArguments: mri_surf2surf -all-info  ProgramVersion: 7.3.2  TimeStamp: 2026/03/09-09:09:30-GMT  BuildTime: Aug  4 2022 06:17:15  BuildStamp: freesurfer-linux-ubuntu22_x86_64-7.3.2-20220804-6354275  User: oesteban  Machine: dna018  Platform: Linux  PlatformVersion: 5.14.0-427.37.1.el9_4.x86_64  CompilerName: GCC  CompilerVersion: 8.4.0
ProgramName: mri_surf2vol  ProgramArguments: mri_surf2vol -all-info  ProgramVersion: 7.3.2  TimeStamp: 2026/03/09-09:09:30-GMT  BuildTime: Aug  4 2022 06:17:15  BuildStamp: freesurfer-linux-ubuntu22_x86_64-7.3.2-20220804-6354275  User: oesteban  Machine: dna018  Platform: Linux  PlatformVersion: 5.14.0-427.37.1.el9_4.x86_64  CompilerName: GCC  CompilerVersion: 8.4.0
ProgramName: mri_surfcluster  ProgramArguments: mri_surfcluster -all-info  ProgramVersion: 7.3.2  TimeStamp: 2026/03/09-09:09:30-GMT  BuildTime: Aug  4 2022 06:17:15  BuildStamp: freesurfer-linux-ubuntu22_x86_64-7.3.2-20220804-6354275  User: oesteban  Machine: dna018  Platform: Linux  PlatformVersion: 5.14.0-427.37.1.el9_4.x86_64  CompilerName: GCC  CompilerVersion: 8.4.0
ProgramName: mris_volmask  ProgramArguments: mris_volmask -all-info  ProgramVersion: 7.3.2  TimeStamp: 2026/03/09-09:09:30-GMT  BuildTime: Aug  4 2022 06:17:15  BuildStamp: freesurfer-linux-ubuntu22_x86_64-7.3.2-20220804-6354275  User: oesteban  Machine: dna018  Platform: Linux  PlatformVersion: 5.14.0-427.37.1.el9_4.x86_64  CompilerName: GCC  CompilerVersion: 8.4.0
ProgramName: mri_tessellate  ProgramArguments: mri_tessellate -all-info  ProgramVersion: 7.3.2  TimeStamp: 2026/03/09-09:09:30-GMT  BuildTime: Aug  4 2022 06:17:15  BuildStamp: freesurfer-linux-ubuntu22_x86_64-7.3.2-20220804-6354275  User: oesteban  Machine: dna018  Platform: Linux  PlatformVersion: 5.14.0-427.37.1.el9_4.x86_64  CompilerName: GCC  CompilerVersion: 8.4.0
ProgramName: mri_vol2surf  ProgramArguments: mri_vol2surf -all-info  ProgramVersion: 7.3.2  TimeStamp: 2026/03/09-09:09:30-GMT  BuildTime: Aug  4 2022 06:17:15  BuildStamp: freesurfer-linux-ubuntu22_x86_64-7.3.2-20220804-6354275  User: oesteban  Machine: dna018  Platform: Linux  PlatformVersion: 5.14.0-427.37.1.el9_4.x86_64  CompilerName: GCC  CompilerVersion: 8.4.0
ProgramName: mri_vol2vol  ProgramArguments: mri_vol2vol -all-info  ProgramVersion: 7.3.2  TimeStamp: 2026/03/09-09:09:30-GMT  BuildTime: Aug  4 2022 06:17:15  BuildStamp: freesurfer-linux-ubuntu22_x86_64-7.3.2-20220804-6354275  User: oesteban  Machine: dna018  Platform: Linux  PlatformVersion: 5.14.0-427.37.1.el9_4.x86_64  CompilerName: GCC  CompilerVersion: 8.4.0
ProgramName: mri_voldiff  ProgramArguments: mri_voldiff -all-info  ProgramVersion: 7.3.2  TimeStamp: 2026/03/09-09:09:30-GMT  BuildTime: Aug  4 2022 06:17:15  BuildStamp: freesurfer-linux-ubuntu22_x86_64-7.3.2-20220804-6354275  User: oesteban  Machine: dna018  Platform: Linux  PlatformVersion: 5.14.0-427.37.1.el9_4.x86_64  CompilerName: GCC  CompilerVersion: 8.4.0
ProgramName: mri_watershed  ProgramArguments: mri_watershed -all-info  ProgramVersion: 7.3.2  TimeStamp: 2026/03/09-09:09:30-GMT  BuildTime: Aug  4 2022 06:17:15  BuildStamp: freesurfer-linux-ubuntu22_x86_64-7.3.2-20220804-6354275  User: oesteban  Machine: dna018  Platform: Linux  PlatformVersion: 5.14.0-427.37.1.el9_4.x86_64  CompilerName: GCC  CompilerVersion: 8.4.0
ProgramName: tkregister2  ProgramArguments: tkregister2_cmdl -all-info  ProgramVersion: 7.3.2  TimeStamp: 2026/03/09-09:09:30-GMT  BuildTime: Aug  4 2022 06:17:15  BuildStamp: freesurfer-linux-ubuntu22_x86_64-7.3.2-20220804-6354275  User: oesteban  Machine: dna018  Platform: Linux  PlatformVersion: 5.14.0-427.37.1.el9_4.x86_64  CompilerName: GCC  CompilerVersion: 8.4.0
mri_motion_correct.fsl 7.3.2
mri_convert -all-info 
ProgramName: mri_convert  ProgramArguments: mri_convert -all-info  ProgramVersion: 7.3.2  TimeStamp: 2026/03/09-09:09:30-GMT  BuildTime: Aug  4 2022 06:17:15  BuildStamp: freesurfer-linux-ubuntu22_x86_64-7.3.2-20220804-6354275  User: oesteban  Machine: dna018  Platform: Linux  PlatformVersion: 5.14.0-427.37.1.el9_4.x86_64  CompilerName: GCC  CompilerVersion: 8.4.0
Program nu_correct, built from:
Package MNI N3, version 1.12.0, compiled by nicks@terrier (x86_64-unknown-linux-gnu) on 2015-06-19 at 01:25:34
#######################################
GCADIR /opt/freesurfer/average
GCA RB_all_2020-01-02.gca
GCASkull RB_all_withskull_2020_01_02.gca
AvgCurvTif folding.atlas.acfb40.noaparc.i12.2016-08-02.tif
GCSDIR /opt/freesurfer/average
GCS DKaparc.atlas.acfb40.noaparc.i12.2016-08-02.gcs
#######################################
#--------------------------------------
#@# CA Normalize Mon Mar  9 10:09:30 CET 2026
/out/sourcedata/freesurfer/sub-v1s21x0050399_ses-1/mri

 mri_ca_normalize -c ctrl_pts.mgz -mask brainmask.mgz nu.mgz /opt/freesurfer/average/RB_all_2020-01-02.gca transforms/talairach.lta norm.mgz 

writing control point volume to ctrl_pts.mgz
using MR volume brainmask.mgz to mask input volume...
reading 1 input volume
reading atlas from '/opt/freesurfer/average/RB_all_2020-01-02.gca'...
reading transform from 'transforms/talairach.lta'...
reading input volume from nu.mgz...
resetting wm mean[0]: 98 --> 107
resetting gm mean[0]: 61 --> 61
input volume #1 is the most T1-like
using real data threshold=26.9
skull bounding box = (58, 71, 47) --> (194, 198, 203)
finding center of left hemi white matter
using (103, 113, 125) as brain centroid of Right_Cerebral_White_Matter...
mean wm in atlas = 107, using box (86,97,106) --> (119, 128,144) to find MRI wm
before smoothing, mri peak at 110
robust fit to distribution - 109 +- 4.1
after smoothing, mri peak at 109, scaling input intensities by 0.982
scaling channel 0 by 0.981651
using 246437 sample points...
INFO: compute sample coordinates transform
 1.00647   0.02153   0.03310  -8.23651;
-0.02528   1.18973   0.30878  -68.93834;
-0.02883  -0.32243   0.95725   41.23785;
 0.00000   0.00000   0.00000   1.00000;
INFO: transform used
finding control points in Left_Cerebral_White_Matter....
found 40230 control points for structure...
bounding box (127, 77, 41) --> (193, 175, 204)
Left_Cerebral_White_Matter: limiting intensities to 94.0 --> 132.0
0 of 7235 (0.0%) samples deleted
finding control points in Right_Cerebral_White_Matter....
found 39478 control points for structure...
bounding box (63, 76, 38) --> (129, 167, 204)
Right_Cerebral_White_Matter: limiting intensities to 93.0 --> 132.0
2 of 7301 (0.0%) samples deleted
finding control points in Left_Cerebellum_White_Matter....
found 3105 control points for structure...
bounding box (129, 150, 71) --> (176, 188, 124)
Left_Cerebellum_White_Matter: limiting intensities to 99.0 --> 132.0
0 of 451 (0.0%) samples deleted
finding control points in Right_Cerebellum_White_Matter....
found 2710 control points for structure...
bounding box (83, 150, 67) --> (127, 186, 124)
Right_Cerebellum_White_Matter: limiting intensities to 98.0 --> 132.0
0 of 532 (0.0%) samples deleted
finding control points in Brain_Stem....
found 3475 control points for structure...
bounding box (110, 140, 105) --> (144, 196, 135)
Brain_Stem: limiting intensities to 92.0 --> 132.0
2 of 835 (0.2%) samples deleted
using 16354 total control points for intensity normalization...
bias field = 0.966 +- 0.081
7 of 16350 control points discarded
finding control points in Left_Cerebral_White_Matter....
found 40230 control points for structure...
bounding box (127, 77, 41) --> (193, 175, 204)
Left_Cerebral_White_Matter: limiting intensities to 88.0 --> 132.0
4 of 7508 (0.1%) samples deleted
finding control points in Right_Cerebral_White_Matter....
found 39478 control points for structure...
bounding box (63, 76, 38) --> (129, 167, 204)
Right_Cerebral_White_Matter: limiting intensities to 88.0 --> 132.0
11 of 7582 (0.1%) samples deleted
finding control points in Left_Cerebellum_White_Matter....
found 3105 control points for structure...
bounding box (129, 150, 71) --> (176, 188, 124)
Left_Cerebellum_White_Matter: limiting intensities to 88.0 --> 132.0
12 of 582 (2.1%) samples deleted
finding control points in Right_Cerebellum_White_Matter....
found 2710 control points for structure...
bounding box (83, 150, 67) --> (127, 186, 124)
Right_Cerebellum_White_Matter: limiting intensities to 88.0 --> 132.0
23 of 614 (3.7%) samples deleted
finding control points in Brain_Stem....
found 3475 control points for structure...
bounding box (110, 140, 105) --> (144, 196, 135)
Brain_Stem: limiting intensities to 88.0 --> 132.0
131 of 973 (13.5%) samples deleted
using 17259 total control points for intensity normalization...
bias field = 1.051 +- 0.070
18 of 16960 control points discarded
finding control points in Left_Cerebral_White_Matter....
found 40230 control points for structure...
bounding box (127, 77, 41) --> (193, 175, 204)
Left_Cerebral_White_Matter: limiting intensities to 88.0 --> 132.0
4 of 7543 (0.1%) samples deleted
finding control points in Right_Cerebral_White_Matter....
found 39478 control points for structure...
bounding box (63, 76, 38) --> (129, 167, 204)
Right_Cerebral_White_Matter: limiting intensities to 88.0 --> 132.0
10 of 7600 (0.1%) samples deleted
finding control points in Left_Cerebellum_White_Matter....
found 3105 control points for structure...
bounding box (129, 150, 71) --> (176, 188, 124)
Left_Cerebellum_White_Matter: limiting intensities to 88.0 --> 132.0
231 of 626 (36.9%) samples deleted
finding control points in Right_Cerebellum_White_Matter....
found 2710 control points for structure...
bounding box (83, 150, 67) --> (127, 186, 124)
Right_Cerebellum_White_Matter: limiting intensities to 88.0 --> 132.0
290 of 620 (46.8%) samples deleted
finding control points in Brain_Stem....
found 3475 control points for structure...
bounding box (110, 140, 105) --> (144, 196, 135)
Brain_Stem: limiting intensities to 88.0 --> 132.0
488 of 1019 (47.9%) samples deleted
using 17408 total control points for intensity normalization...
bias field = 1.050 +- 0.057
17 of 16205 control points discarded
writing normalized volume to norm.mgz...
writing control points to ctrl_pts.mgz
freeing GCA...done.
normalization took 1 minutes and 19 seconds.
#--------------------------------------
#@# CA Reg Mon Mar  9 10:10:50 CET 2026
/out/sourcedata/freesurfer/sub-v1s21x0050399_ses-1/mri

 mri_ca_register -nobigventricles -T transforms/talairach.lta -align-after -mask brainmask.mgz norm.mgz /opt/freesurfer/average/RB_all_2020-01-02.gca transforms/talairach.m3z 

not handling expanded ventricles...
using previously computed transform transforms/talairach.lta
renormalizing sequences with structure alignment, equivalent to:
	-renormalize
	-regularize_mean 0.500
	-regularize 0.500
using MR volume brainmask.mgz to mask input volume...

== Number of threads available to mri_ca_register for OpenMP = 16 == 
reading 1 input volumes...
logging results to talairach.log
reading input volume 'norm.mgz'...
reading GCA '/opt/freesurfer/average/RB_all_2020-01-02.gca'...
label assignment complete, 0 changed (0.00%)
freeing gibbs priors...done.
average std[0] = 5.0
Starting GCAMregister()
label assignment complete, 0 changed (0.00%)
npasses = 1, nlevels = 6
#pass# 1 of 1 ************************
enabling zero nodes
setting smoothness cost coefficient to 0.156

#GCAMreg# pass 0 level1 5 level2 0 tsec 0 sigma 2
l_jacobian=1.00 l_label=1.00 l_log_likelihood=0.20 l_smoothness=0.16 
tol=2.50e-01, dt=5.00e-02, exp_k=20.0, momentum=0.90, levels=6, niter=500, lbl_dist=10.00, avgs=256, sigma=2.0,type=2, relabel=0, neg=no

blurring input image with Gaussian with sigma=2.000...
GCAMRegisterLevel(): init RMS 0.8278
#FOTS# QuadFit found better minimum quadopt=(dt=205.629,rms=0.758295) vs oldopt=(dt=92.48,rms=0.778665)
#GCMRL#    0 dt 205.628979 rms  0.758  8.396% neg 0  invalid 762 tFOTS 3.7460 tGradient 2.5230 tsec 6.5150
#FOTS# QuadFit found better minimum quadopt=(dt=182.272,rms=0.741763) vs oldopt=(dt=92.48,rms=0.745799)
#GCMRL#    1 dt 182.272000 rms  0.742  2.180% neg 0  invalid 762 tFOTS 3.2660 tGradient 2.8400 tsec 6.3570
#FOTS# QuadFit found better minimum quadopt=(dt=178.462,rms=0.734336) vs oldopt=(dt=92.48,rms=0.736399)
#GCMRL#    2 dt 178.461538 rms  0.734  1.001% neg 0  invalid 762 tFOTS 3.4260 tGradient 2.6000 tsec 6.2720
#FOTS# QuadFit found better minimum quadopt=(dt=221.952,rms=0.728415) vs oldopt=(dt=369.92,rms=0.729498)
#GCMRL#    3 dt 221.952000 rms  0.728  0.806% neg 0  invalid 762 tFOTS 3.5850 tGradient 2.7430 tsec 6.5770
#FOTS# QuadFit found better minimum quadopt=(dt=129.472,rms=0.725651) vs oldopt=(dt=92.48,rms=0.726203)
#GCMRL#    4 dt 129.472000 rms  0.726  0.379% neg 0  invalid 762 tFOTS 3.2660 tGradient 2.7980 tsec 6.3120
#FOTS# QuadFit found better minimum quadopt=(dt=517.888,rms=0.719418) vs oldopt=(dt=369.92,rms=0.720548)
#GCMRL#    5 dt 517.888000 rms  0.719  0.859% neg 0  invalid 762 tFOTS 3.2350 tGradient 2.8710 tsec 6.3520
#FOTS# QuadFit found better minimum quadopt=(dt=129.472,rms=0.717483) vs oldopt=(dt=92.48,rms=0.717738)
#GCMRL#    6 dt 129.472000 rms  0.717  0.269% neg 0  invalid 762 tFOTS 3.2200 tGradient 2.7700 tsec 6.2340
#FOTS# QuadFit found better minimum quadopt=(dt=517.888,rms=0.715109) vs oldopt=(dt=369.92,rms=0.715257)
#GCMRL#    7 dt 517.888000 rms  0.715  0.331% neg 0  invalid 762 tFOTS 3.2660 tGradient 2.7210 tsec 6.2330
#FOTS# QuadFit found better minimum quadopt=(dt=129.472,rms=0.713284) vs oldopt=(dt=92.48,rms=0.713411)
#GCMRL#    8 dt 129.472000 rms  0.713  0.255% neg 0  invalid 762 tFOTS 3.2530 tGradient 2.8540 tsec 6.3500
#FOTS# QuadFit found better minimum quadopt=(dt=295.936,rms=0.712005) vs oldopt=(dt=369.92,rms=0.712014)
#GCMRL#    9 dt 295.936000 rms  0.712  0.000% neg 0  invalid 762 tFOTS 3.2080 tGradient 2.7360 tsec 6.2050

#GCAMreg# pass 0 level1 5 level2 1 tsec 75.821 sigma 0.5
l_jacobian=1.00 l_label=1.00 l_log_likelihood=0.20 l_smoothness=0.16 
tol=2.50e-01, dt=5.00e-02, exp_k=20.0, momentum=0.90, levels=6, niter=500, lbl_dist=10.00, avgs=256, sigma=0.5,type=2, relabel=0, neg=no

blurring input image with Gaussian with sigma=0.500...
GCAMRegisterLevel(): init RMS 0.712327
#FOTS# QuadFit found better minimum quadopt=(dt=129.472,rms=0.710744) vs oldopt=(dt=92.48,rms=0.710988)
#GCMRL#   11 dt 129.472000 rms  0.711  0.222% neg 0  invalid 762 tFOTS 3.1920 tGradient 2.8200 tsec 6.2520
#FOTS# QuadFit found better minimum quadopt=(dt=517.888,rms=0.709017) vs oldopt=(dt=369.92,rms=0.709347)
#GCMRL#   12 dt 517.888000 rms  0.709  0.243% neg 0  invalid 762 tFOTS 3.2390 tGradient 2.7840 tsec 6.2620
#GCMRL#   13 dt 369.920000 rms  0.708  0.000% neg 0  invalid 762 tFOTS 3.5190 tGradient 2.7860 tsec 6.6200
#GCMRL#   14 dt 369.920000 rms  0.708  0.050% neg 0  invalid 762 tFOTS 0.0000 tGradient 2.9130 tsec 3.1470
#GCMRL#   15 dt 369.920000 rms  0.706  0.271% neg 0  invalid 762 tFOTS 0.0000 tGradient 2.7740 tsec 3.0100
#GCMRL#   16 dt 369.920000 rms  0.704  0.307% neg 0  invalid 762 tFOTS 0.0000 tGradient 2.7920 tsec 3.0280
#GCMRL#   17 dt 369.920000 rms  0.702  0.289% neg 0  invalid 762 tFOTS 0.0000 tGradient 2.7490 tsec 2.9820
#GCMRL#   18 dt 369.920000 rms  0.700  0.257% neg 0  invalid 762 tFOTS 0.0000 tGradient 2.7250 tsec 2.9600
#GCMRL#   19 dt 369.920000 rms  0.698  0.317% neg 0  invalid 762 tFOTS 0.0000 tGradient 2.7470 tsec 2.9890
#GCMRL#   20 dt 369.920000 rms  0.696  0.236% neg 0  invalid 762 tFOTS 0.0000 tGradient 2.7220 tsec 2.9600
#GCMRL#   21 dt 369.920000 rms  0.694  0.320% neg 0  invalid 762 tFOTS 0.0000 tGradient 2.7790 tsec 3.0380
#GCMRL#   22 dt 369.920000 rms  0.693  0.142% neg 0  invalid 762 tFOTS 0.0000 tGradient 2.5760 tsec 2.8180
#GCMRL#   23 dt 369.920000 rms  0.691  0.198% neg 0  invalid 762 tFOTS 0.0000 tGradient 2.6670 tsec 2.9620
#GCMRL#   24 dt 369.920000 rms  0.690  0.233% neg 0  invalid 762 tFOTS 0.0000 tGradient 2.6570 tsec 2.9030
#GCMRL#   25 dt 369.920000 rms  0.689  0.092% neg 0  invalid 762 tFOTS 0.0000 tGradient 2.8550 tsec 3.1000
#GCMRL#   26 dt 369.920000 rms  0.688  0.180% neg 0  invalid 762 tFOTS 0.0000 tGradient 2.7650 tsec 3.0160
#GCMRL#   27 dt 369.920000 rms  0.687  0.093% neg 0  invalid 762 tFOTS 0.0000 tGradient 2.5680 tsec 2.8100
#GCMRL#   28 dt 369.920000 rms  0.687  0.057% neg 0  invalid 762 tFOTS 0.0000 tGradient 2.5720 tsec 2.8300
#FOTS# QuadFit found better minimum quadopt=(dt=129.472,rms=0.686192) vs oldopt=(dt=92.48,rms=0.686294)
#GCMRL#   29 dt 129.472000 rms  0.686  0.083% neg 0  invalid 762 tFOTS 3.4790 tGradient 2.7700 tsec 6.4920
#FOTS# QuadFit found better minimum quadopt=(dt=129.472,rms=0.686173) vs oldopt=(dt=92.48,rms=0.686178)
#GCMRL#   30 dt 129.472000 rms  0.686  0.000% neg 0  invalid 762 tFOTS 3.4480 tGradient 2.7270 tsec 6.4370
#GCMRL#   31 dt 129.472000 rms  0.686  0.003% neg 0  invalid 762 tFOTS 0.0000 tGradient 2.7780 tsec 3.0160
#GCMRL#   32 dt 129.472000 rms  0.686  0.007% neg 0  invalid 762 tFOTS 0.0000 tGradient 2.7930 tsec 3.0860
#GCMRL#   33 dt 129.472000 rms  0.686  0.010% neg 0  invalid 762 tFOTS 0.0000 tGradient 2.7550 tsec 2.9900
#GCMRL#   34 dt 129.472000 rms  0.686  0.007% neg 0  invalid 762 tFOTS 0.0000 tGradient 2.7380 tsec 2.9730
#GCMRL#   35 dt 129.472000 rms  0.686  0.009% neg 0  invalid 762 tFOTS 0.0000 tGradient 2.8950 tsec 3.1260
#GCMRL#   36 dt 129.472000 rms  0.686  0.013% neg 0  invalid 762 tFOTS 0.0000 tGradient 2.7550 tsec 2.9900
setting smoothness cost coefficient to 0.615

#GCAMreg# pass 0 level1 4 level2 0 tsec 0 sigma 2
l_jacobian=1.00 l_label=1.00 l_log_likelihood=0.20 l_smoothness=0.62 
tol=2.50e-01, dt=5.00e-02, exp_k=20.0, momentum=0.90, levels=6, niter=500, lbl_dist=10.00, avgs=64, sigma=2.0,type=2, relabel=0, neg=no

blurring input image with Gaussian with sigma=2.000...
GCAMRegisterLevel(): init RMS 0.695649
#FOTS# QuadFit found better minimum quadopt=(dt=36.288,rms=0.694174) vs oldopt=(dt=25.92,rms=0.694351)
#GCMRL#   38 dt  36.288000 rms  0.694  0.212% neg 0  invalid 762 tFOTS 3.7890 tGradient 2.2270 tsec 6.3470
#FOTS# QuadFit found better minimum quadopt=(dt=62.208,rms=0.693231) vs oldopt=(dt=103.68,rms=0.693503)
#GCMRL#   39 dt  62.208000 rms  0.693  0.000% neg 0  invalid 762 tFOTS 3.2660 tGradient 2.2410 tsec 5.7690
#GCMRL#   40 dt  62.208000 rms  0.692  0.226% neg 0  invalid 762 tFOTS 0.0000 tGradient 2.2030 tsec 2.4390
#GCMRL#   41 dt  62.208000 rms  0.689  0.374% neg 0  invalid 762 tFOTS 0.0000 tGradient 2.1670 tsec 2.4030
#GCMRL#   42 dt  62.208000 rms  0.686  0.470% neg 0  invalid 762 tFOTS 0.0000 tGradient 2.1800 tsec 2.4190
#GCMRL#   43 dt  62.208000 rms  0.682  0.585% neg 0  invalid 762 tFOTS 0.0000 tGradient 2.2090 tsec 2.4490
#GCMRL#   44 dt  62.208000 rms  0.677  0.702% neg 0  invalid 762 tFOTS 0.0000 tGradient 2.3250 tsec 2.6020
#GCMRL#   45 dt  62.208000 rms  0.672  0.755% neg 0  invalid 762 tFOTS 0.0000 tGradient 2.1750 tsec 2.4100
#GCMRL#   46 dt  62.208000 rms  0.667  0.673% neg 0  invalid 762 tFOTS 0.0000 tGradient 2.1510 tsec 2.3870
#GCMRL#   47 dt  62.208000 rms  0.664  0.477% neg 0  invalid 762 tFOTS 0.0000 tGradient 2.1450 tsec 2.3830
#GCMRL#   48 dt  62.208000 rms  0.663  0.253% neg 0  invalid 762 tFOTS 0.0000 tGradient 2.1770 tsec 2.4270
#GCMRL#   49 dt  62.208000 rms  0.662  0.060% neg 0  invalid 762 tFOTS 0.0000 tGradient 2.0160 tsec 2.2540
#GCMRL#   50 dt  62.208000 rms  0.662 -0.054% neg 0  invalid 762 tFOTS 0.0000 tGradient 2.0600 tsec 2.4720

#GCAMreg# pass 0 level1 4 level2 1 tsec 54.009 sigma 0.5
l_jacobian=1.00 l_label=1.00 l_log_likelihood=0.20 l_smoothness=0.62 
tol=2.50e-01, dt=5.00e-02, exp_k=20.0, momentum=0.90, levels=6, niter=500, lbl_dist=10.00, avgs=64, sigma=0.5,type=2, relabel=0, neg=no

blurring input image with Gaussian with sigma=0.500...
GCAMRegisterLevel(): init RMS 0.662613
#FOTS# QuadFit found better minimum quadopt=(dt=31.104,rms=0.66197) vs oldopt=(dt=25.92,rms=0.661971)
#GCMRL#   52 dt  31.104000 rms  0.662  0.097% neg 0  invalid 762 tFOTS 3.4410 tGradient 2.2160 tsec 5.9040
setting smoothness cost coefficient to 2.353

#GCAMreg# pass 0 level1 3 level2 0 tsec 0 sigma 2
l_jacobian=1.00 l_label=1.00 l_log_likelihood=0.20 l_smoothness=2.35 
tol=2.50e-01, dt=5.00e-02, exp_k=20.0, momentum=0.90, levels=6, niter=500, lbl_dist=10.00, avgs=16, sigma=2.0,type=2, relabel=0, neg=no

blurring input image with Gaussian with sigma=2.000...
GCAMRegisterLevel(): init RMS 0.695385
#FOTS# QuadFit found better minimum quadopt=(dt=2.8,rms=0.694131) vs oldopt=(dt=2,rms=0.694212)
#GCMRL#   54 dt   2.800000 rms  0.694  0.180% neg 0  invalid 762 tFOTS 3.4030 tGradient 1.6140 tsec 5.2570
#FOTS# QuadFit found better minimum quadopt=(dt=0.6,rms=0.694142) vs oldopt=(dt=0.5,rms=0.694143)

#GCAMreg# pass 0 level1 3 level2 1 tsec 19.449 sigma 0.5
l_jacobian=1.00 l_label=1.00 l_log_likelihood=0.20 l_smoothness=2.35 
tol=2.50e-01, dt=5.00e-02, exp_k=20.0, momentum=0.90, levels=6, niter=500, lbl_dist=10.00, avgs=16, sigma=0.5,type=2, relabel=0, neg=no

blurring input image with Gaussian with sigma=0.500...
GCAMRegisterLevel(): init RMS 0.694571
#FOTS# QuadFit found better minimum quadopt=(dt=0.7,rms=0.694119) vs oldopt=(dt=0.5,rms=0.694125)
#GCMRL#   56 dt   0.700000 rms  0.694  0.065% neg 0  invalid 762 tFOTS 2.9780 tGradient 1.5240 tsec 4.7410
#FOTS# QuadFit found better minimum quadopt=(dt=0.175,rms=0.694115) vs oldopt=(dt=0.125,rms=0.694115)
#GCMRL#   57 dt   0.175000 rms  0.694  0.000% neg 0  invalid 762 tFOTS 3.0760 tGradient 1.5190 tsec 4.9080
setting smoothness cost coefficient to 8.000

#GCAMreg# pass 0 level1 2 level2 0 tsec 0 sigma 2
l_jacobian=1.00 l_label=1.00 l_log_likelihood=0.20 l_smoothness=8.00 
tol=2.50e-01, dt=5.00e-02, exp_k=20.0, momentum=0.90, levels=6, niter=500, lbl_dist=10.00, avgs=4, sigma=2.0,type=2, relabel=0, neg=no

blurring input image with Gaussian with sigma=2.000...
GCAMRegisterLevel(): init RMS 0.773537
#FOTS# QuadFit found better minimum quadopt=(dt=2.60476,rms=0.745946) vs oldopt=(dt=2.88,rms=0.746255)
#GCMRL#   59 dt   2.604762 rms  0.746  3.567% neg 0  invalid 762 tFOTS 3.1950 tGradient 1.7100 tsec 5.1430
#FOTS# QuadFit found better minimum quadopt=(dt=1.6,rms=0.743173) vs oldopt=(dt=0.72,rms=0.744094)
#GCMRL#   60 dt   1.600000 rms  0.743  0.372% neg 0  invalid 762 tFOTS 3.0240 tGradient 1.3580 tsec 4.6210
#FOTS# QuadFit found better minimum quadopt=(dt=1.05882,rms=0.742638) vs oldopt=(dt=0.72,rms=0.742707)
#GCMRL#   61 dt   1.058824 rms  0.743  0.000% neg 0  invalid 762 tFOTS 3.0560 tGradient 1.4860 tsec 4.8020

#GCAMreg# pass 0 level1 2 level2 1 tsec 25.645 sigma 0.5
l_jacobian=1.00 l_label=1.00 l_log_likelihood=0.20 l_smoothness=8.00 
tol=2.50e-01, dt=5.00e-02, exp_k=20.0, momentum=0.90, levels=6, niter=500, lbl_dist=10.00, avgs=4, sigma=0.5,type=2, relabel=0, neg=no

blurring input image with Gaussian with sigma=0.500...
GCAMRegisterLevel(): init RMS 0.742937
#FOTS# QuadFit found better minimum quadopt=(dt=0.063,rms=0.742631) vs oldopt=(dt=0.045,rms=0.742631)
#GCMRL#   63 dt   0.063000 rms  0.743  0.041% neg 0  invalid 762 tFOTS 2.9540 tGradient 1.3970 tsec 4.5890
#FOTS# QuadFit found better minimum quadopt=(dt=0.063,rms=0.742631) vs oldopt=(dt=0.045,rms=0.742632)
setting smoothness cost coefficient to 20.000

#GCAMreg# pass 0 level1 1 level2 0 tsec 0 sigma 2
l_jacobian=1.00 l_label=1.00 l_log_likelihood=0.20 l_smoothness=20.00 
tol=2.50e-01, dt=5.00e-02, exp_k=20.0, momentum=0.90, levels=6, niter=500, lbl_dist=10.00, avgs=1, sigma=2.0,type=2, relabel=0, neg=no

blurring input image with Gaussian with sigma=2.000...
GCAMRegisterLevel(): init RMS 0.797552
#FOTS# QuadFit found better minimum quadopt=(dt=0.384,rms=0.79594) vs oldopt=(dt=0.32,rms=0.795958)
#GCMRL#   65 dt   0.384000 rms  0.796  0.202% neg 0  invalid 762 tFOTS 3.1550 tGradient 1.1660 tsec 4.5630
#FOTS# QuadFit found better minimum quadopt=(dt=0.932243,rms=0.789801) vs oldopt=(dt=1.28,rms=0.790397)
#GCMRL#   66 dt   0.932243 rms  0.790  0.771% neg 0  invalid 762 tFOTS 3.0010 tGradient 1.1840 tsec 4.4250
#FOTS# QuadFit found better minimum quadopt=(dt=0.112,rms=0.788844) vs oldopt=(dt=0.08,rms=0.789037)
#GCMRL#   67 dt   0.112000 rms  0.789  0.000% neg 0  invalid 762 tFOTS 3.4220 tGradient 1.2220 tsec 4.9600
#GCMRL#   68 dt   0.112000 rms  0.788  0.045% neg 0  invalid 762 tFOTS 0.0000 tGradient 1.1970 tsec 1.4280
#GCMRL#   69 dt   0.112000 rms  0.788  0.011% neg 0  invalid 762 tFOTS 0.0000 tGradient 1.1790 tsec 1.4160
#GCMRL#   70 dt   0.112000 rms  0.788  0.020% neg 0  invalid 762 tFOTS 0.0000 tGradient 1.1620 tsec 1.3980
#GCMRL#   71 dt   0.112000 rms  0.787  0.146% neg 0  invalid 762 tFOTS 0.0000 tGradient 1.1780 tsec 1.4150
#GCMRL#   72 dt   0.112000 rms  0.785  0.251% neg 0  invalid 762 tFOTS 0.0000 tGradient 1.1330 tsec 1.3690
#GCMRL#   73 dt   0.112000 rms  0.783  0.233% neg 0  invalid 762 tFOTS 0.0000 tGradient 1.1240 tsec 1.3580
#GCMRL#   74 dt   0.112000 rms  0.782  0.145% neg 0  invalid 762 tFOTS 0.0000 tGradient 1.1020 tsec 1.3390
#GCMRL#   75 dt   0.112000 rms  0.782  0.071% neg 0  invalid 762 tFOTS 0.0000 tGradient 1.1470 tsec 1.3830
#GCMRL#   76 dt   0.112000 rms  0.782  0.003% neg 0  invalid 762 tFOTS 0.0000 tGradient 1.1430 tsec 1.4010
#GCMRL#   77 dt   0.320000 rms  0.781  0.025% neg 0  invalid 762 tFOTS 3.0080 tGradient 1.0890 tsec 4.3390
#FOTS# QuadFit found better minimum quadopt=(dt=1.536,rms=0.778957) vs oldopt=(dt=1.28,rms=0.77901)
#GCMRL#   78 dt   1.536000 rms  0.779  0.309% neg 0  invalid 762 tFOTS 3.0290 tGradient 1.1760 tsec 4.4470
#FOTS# QuadFit found better minimum quadopt=(dt=0.112,rms=0.778439) vs oldopt=(dt=0.08,rms=0.778539)
#GCMRL#   79 dt   0.112000 rms  0.778  0.000% neg 0  invalid 762 tFOTS 3.6840 tGradient 1.2550 tsec 5.1980
#GCMRL#   80 dt   0.112000 rms  0.778  0.011% neg 0  invalid 762 tFOTS 0.0000 tGradient 1.1530 tsec 1.3870

#GCAMreg# pass 0 level1 1 level2 1 tsec 52.499 sigma 0.5
l_jacobian=1.00 l_label=1.00 l_log_likelihood=0.20 l_smoothness=20.00 
tol=2.50e-01, dt=5.00e-02, exp_k=20.0, momentum=0.90, levels=6, niter=500, lbl_dist=10.00, avgs=1, sigma=0.5,type=2, relabel=0, neg=no

blurring input image with Gaussian with sigma=0.500...
GCAMRegisterLevel(): init RMS 0.778587
#FOTS# QuadFit found better minimum quadopt=(dt=0.112,rms=0.778274) vs oldopt=(dt=0.08,rms=0.778284)
#GCMRL#   82 dt   0.112000 rms  0.778  0.040% neg 0  invalid 762 tFOTS 3.1010 tGradient 1.1370 tsec 4.4760
#FOTS# QuadFit found better minimum quadopt=(dt=0.028,rms=0.778265) vs oldopt=(dt=0.02,rms=0.778266)
#GCMRL#   83 dt   0.028000 rms  0.778  0.000% neg 0  invalid 762 tFOTS 3.0700 tGradient 1.0970 tsec 4.4300
#GCMRL#   84 dt   0.028000 rms  0.778  0.000% neg 0  invalid 762 tFOTS 0.0000 tGradient 1.1510 tsec 1.3910
resetting metric properties...
setting smoothness cost coefficient to 40.000

#GCAMreg# pass 0 level1 0 level2 0 tsec 0 sigma 2
l_jacobian=1.00 l_label=1.00 l_log_likelihood=0.20 l_smoothness=40.00 
tol=2.50e-01, dt=5.00e-02, exp_k=20.0, momentum=0.90, levels=6, niter=500, lbl_dist=10.00, avgs=0, sigma=2.0,type=2, relabel=0, neg=no

blurring input image with Gaussian with sigma=2.000...
GCAMRegisterLevel(): init RMS 0.745231
#FOTS# QuadFit found better minimum quadopt=(dt=0.224588,rms=0.740134) vs oldopt=(dt=0.32,rms=0.740749)
#GCMRL#   86 dt   0.224588 rms  0.740  0.684% neg 0  invalid 762 tFOTS 3.6940 tGradient 0.8260 tsec 4.8040
#FOTS# QuadFit found better minimum quadopt=(dt=0.024,rms=0.739881) vs oldopt=(dt=0.02,rms=0.739883)
#GCMRL#   87 dt   0.024000 rms  0.740  0.000% neg 0  invalid 762 tFOTS 3.7010 tGradient 0.7720 tsec 4.7830

#GCAMreg# pass 0 level1 0 level2 1 tsec 20.036 sigma 0.5
l_jacobian=1.00 l_label=1.00 l_log_likelihood=0.20 l_smoothness=40.00 
tol=2.50e-01, dt=5.00e-02, exp_k=20.0, momentum=0.90, levels=6, niter=500, lbl_dist=10.00, avgs=0, sigma=0.5,type=2, relabel=0, neg=no

blurring input image with Gaussian with sigma=0.500...
GCAMRegisterLevel(): init RMS 0.740142
#FOTS# QuadFit found better minimum quadopt=(dt=0.007,rms=0.739866) vs oldopt=(dt=0.005,rms=0.739867)
#GCMRL#   89 dt   0.007000 rms  0.740  0.037% neg 0  invalid 762 tFOTS 3.0140 tGradient 0.6960 tsec 3.9540
#FOTS# QuadFit found better minimum quadopt=(dt=0.0001875,rms=0.739865) vs oldopt=(dt=0.0003125,rms=0.739865)
#GCMRL#   90 dt   0.000188 rms  0.740  0.000% neg 0  invalid 762 tFOTS 3.2840 tGradient 0.7090 tsec 4.2530
GCAMregister done in 6.77527 min
Starting GCAmapRenormalizeWithAlignment() without scales
renormalizing by structure alignment....
renormalizing input #0
gca peak = 0.10253 (16)
mri peak = 0.07197 (25)
Left_Lateral_Ventricle (4): linear fit = 1.02 x + 0.0 (1777 voxels, overlap=0.839)
Left_Lateral_Ventricle (4): linear fit = 1.02 x + 0.0 (1777 voxels, peak = 16), gca=16.4
gca peak = 0.17690 (16)
mri peak = 0.08312 (29)
Right_Lateral_Ventricle (43): linear fit = 1.38 x + 0.0 (1444 voxels, overlap=0.784)
Right_Lateral_Ventricle (43): linear fit = 1.38 x + 0.0 (1444 voxels, peak = 22), gca=22.0
gca peak = 0.28275 (96)
mri peak = 0.12330 (90)
Right_Pallidum (52): linear fit = 0.94 x + 0.0 (954 voxels, overlap=0.966)
Right_Pallidum (52): linear fit = 0.94 x + 0.0 (954 voxels, peak = 91), gca=90.7
gca peak = 0.18948 (93)
mri peak = 0.09300 (94)
Left_Pallidum (13): linear fit = 0.98 x + 0.0 (826 voxels, overlap=1.004)
Left_Pallidum (13): linear fit = 0.98 x + 0.0 (826 voxels, peak = 91), gca=90.7
gca peak = 0.20755 (55)
mri peak = 0.09519 (66)
Right_Hippocampus (53): linear fit = 1.18 x + 0.0 (957 voxels, overlap=0.054)
Right_Hippocampus (53): linear fit = 1.18 x + 0.0 (957 voxels, peak = 65), gca=65.2
gca peak = 0.31831 (58)
mri peak = 0.08524 (69)
Left_Hippocampus (17): linear fit = 1.18 x + 0.0 (838 voxels, overlap=0.014)
Left_Hippocampus (17): linear fit = 1.18 x + 0.0 (838 voxels, peak = 69), gca=68.7
gca peak = 0.11957 (102)
mri peak = 0.09020 (103)
Right_Cerebral_White_Matter (41): linear fit = 1.00 x + 0.0 (62323 voxels, overlap=0.772)
Right_Cerebral_White_Matter (41): linear fit = 1.00 x + 0.0 (62323 voxels, peak = 103), gca=102.5
gca peak = 0.11429 (102)
mri peak = 0.09357 (103)
Left_Cerebral_White_Matter (2): linear fit = 1.01 x + 0.0 (64654 voxels, overlap=0.785)
Left_Cerebral_White_Matter (2): linear fit = 1.01 x + 0.0 (64654 voxels, peak = 104), gca=103.5
gca peak = 0.14521 (59)
mri peak = 0.03602 (66)
Left_Cerebral_Cortex (3): linear fit = 1.17 x + 0.0 (24329 voxels, overlap=0.296)
Left_Cerebral_Cortex (3): linear fit = 1.17 x + 0.0 (24329 voxels, peak = 69), gca=69.3
gca peak = 0.14336 (58)
mri peak = 0.03183 (65)
Right_Cerebral_Cortex (42): linear fit = 1.23 x + 0.0 (26604 voxels, overlap=0.279)
Right_Cerebral_Cortex (42): linear fit = 1.23 x + 0.0 (26604 voxels, peak = 71), gca=71.1
gca peak = 0.13305 (70)
mri peak = 0.06711 (65)
Right_Caudate (50): linear fit = 0.99 x + 0.0 (578 voxels, overlap=0.742)
Right_Caudate (50): linear fit = 0.99 x + 0.0 (578 voxels, peak = 69), gca=69.0
gca peak = 0.15761 (71)
mri peak = 0.05811 (72)
Left_Caudate (11): linear fit = 0.94 x + 0.0 (959 voxels, overlap=0.656)
Left_Caudate (11): linear fit = 0.94 x + 0.0 (959 voxels, peak = 67), gca=67.1
gca peak = 0.13537 (57)
mri peak = 0.03541 (64)
Left_Cerebellum_Cortex (8): linear fit = 1.16 x + 0.0 (28581 voxels, overlap=0.762)
Left_Cerebellum_Cortex (8): linear fit = 1.16 x + 0.0 (28581 voxels, peak = 66), gca=66.4
gca peak = 0.13487 (56)
mri peak = 0.04178 (62)
Right_Cerebellum_Cortex (47): linear fit = 1.16 x + 0.0 (32839 voxels, overlap=0.695)
Right_Cerebellum_Cortex (47): linear fit = 1.16 x + 0.0 (32839 voxels, peak = 65), gca=65.2
gca peak = 0.19040 (84)
mri peak = 0.09476 (86)
Left_Cerebellum_White_Matter (7): linear fit = 1.03 x + 0.0 (9694 voxels, overlap=0.730)
Left_Cerebellum_White_Matter (7): linear fit = 1.03 x + 0.0 (9694 voxels, peak = 87), gca=86.9
gca peak = 0.18871 (83)
mri peak = 0.13111 (85)
Right_Cerebellum_White_Matter (46): linear fit = 1.03 x + 0.0 (8389 voxels, overlap=0.827)
Right_Cerebellum_White_Matter (46): linear fit = 1.03 x + 0.0 (8389 voxels, peak = 86), gca=85.9
gca peak = 0.24248 (57)
mri peak = 0.09397 (77)
Left_Amygdala (18): linear fit = 1.33 x + 0.0 (435 voxels, overlap=0.057)
Left_Amygdala (18): linear fit = 1.33 x + 0.0 (435 voxels, peak = 76), gca=75.5
gca peak = 0.35833 (56)
mri peak = 0.10791 (77)
Right_Amygdala (54): linear fit = 1.32 x + 0.0 (531 voxels, overlap=0.043)
Right_Amygdala (54): linear fit = 1.32 x + 0.0 (531 voxels, peak = 74), gca=73.6
gca peak = 0.12897 (85)
mri peak = 0.08595 (84)
Left_Thalamus (10): linear fit = 0.95 x + 0.0 (5409 voxels, overlap=0.849)
Left_Thalamus (10): linear fit = 0.95 x + 0.0 (5409 voxels, peak = 81), gca=81.2
gca peak = 0.13127 (83)
mri peak = 0.10500 (82)
Right_Thalamus (49): linear fit = 1.00 x + 0.0 (4371 voxels, overlap=0.864)
Right_Thalamus (49): linear fit = 1.00 x + 0.0 (4371 voxels, peak = 83), gca=83.0
gca peak = 0.12974 (78)
mri peak = 0.06810 (82)
Left_Putamen (12): linear fit = 1.04 x + 0.0 (2380 voxels, overlap=0.910)
Left_Putamen (12): linear fit = 1.04 x + 0.0 (2380 voxels, peak = 82), gca=81.5
gca peak = 0.17796 (79)
mri peak = 0.08811 (82)
Right_Putamen (51): linear fit = 1.04 x + 0.0 (2443 voxels, overlap=0.959)
Right_Putamen (51): linear fit = 1.04 x + 0.0 (2443 voxels, peak = 83), gca=82.6
gca peak = 0.10999 (80)
mri peak = 0.10851 (88)
Brain_Stem (16): linear fit = 1.10 x + 0.0 (11581 voxels, overlap=0.415)
Brain_Stem (16): linear fit = 1.10 x + 0.0 (11581 voxels, peak = 88), gca=87.6
gca peak = 0.13215 (88)
mri peak = 0.10738 (92)
Right_VentralDC (60): linear fit = 1.09 x + 0.0 (1498 voxels, overlap=0.565)
Right_VentralDC (60): linear fit = 1.09 x + 0.0 (1498 voxels, peak = 95), gca=95.5
gca peak = 0.11941 (89)
mri peak = 0.09220 (92)
Left_VentralDC (28): linear fit = 1.05 x + 0.0 (1666 voxels, overlap=0.616)
Left_VentralDC (28): linear fit = 1.05 x + 0.0 (1666 voxels, peak = 94), gca=93.9
gca peak = 0.20775 (25)
mri peak = 0.16907 (16)
Third_Ventricle (14): linear fit = 0.64 x + 0.0 (58 voxels, overlap=0.741)
Third_Ventricle (14): linear fit = 0.64 x + 0.0 (58 voxels, peak = 16), gca=16.1
gca peak = 0.13297 (21)
mri peak = 0.27785 (13)
Fourth_Ventricle (15): linear fit = 0.58 x + 0.0 (313 voxels, overlap=0.172)
Fourth_Ventricle (15): linear fit = 0.58 x + 0.0 (313 voxels, peak = 12), gca=12.3
gca peak Unknown = 0.94777 ( 0)
gca peak Left_Inf_Lat_Vent = 0.19087 (28)
gca peak Third_Ventricle = 0.20775 (25)
gca peak Fourth_Ventricle = 0.13297 (21)
gca peak CSF = 0.16821 (33)
gca peak Left_Accumbens_area = 0.32850 (63)
gca peak Left_undetermined = 0.98480 (28)
gca peak Left_vessel = 0.40887 (53)
gca peak Left_choroid_plexus = 0.10898 (46)
gca peak Right_Inf_Lat_Vent = 0.17798 (26)
gca peak Right_Accumbens_area = 0.30137 (64)
gca peak Right_vessel = 0.47828 (52)
gca peak Right_choroid_plexus = 0.11612 (45)
gca peak Fifth_Ventricle = 0.59466 (35)
gca peak WM_hypointensities = 0.10053 (78)
gca peak non_WM_hypointensities = 0.07253 (60)
gca peak Optic_Chiasm = 0.25330 (73)
not using caudate to estimate GM means
estimating mean gm scale to be 1.24 x + 0.0
estimating mean wm scale to be 1.01 x + 0.0
estimating mean csf scale to be 1.20 x + 0.0
saving intensity scales to talairach.label_intensities.txt
GCAmapRenormalizeWithAlignment() took 3.33565 min
noneg pre
Starting GCAMregister()
label assignment complete, 0 changed (0.00%)
npasses = 1, nlevels = 6
#pass# 1 of 1 ************************
enabling zero nodes
setting smoothness cost coefficient to 0.008

#GCAMreg# pass 0 level1 5 level2 0 tsec 0 sigma 2
l_jacobian=1.00 l_label=1.00 l_log_likelihood=0.20 l_smoothness=0.01 
tol=5.00e-02, dt=5.00e-02, exp_k=20.0, momentum=0.90, levels=6, niter=500, lbl_dist=10.00, avgs=256, sigma=2.0,type=2, relabel=0, neg=no

blurring input image with Gaussian with sigma=2.000...
GCAMRegisterLevel(): init RMS 0.735463
#FOTS# QuadFit found better minimum quadopt=(dt=150.939,rms=0.708381) vs oldopt=(dt=92.48,rms=0.712825)
#GCMRL#   92 dt 150.939444 rms  0.708  3.682% neg 0  invalid 762 tFOTS 3.3720 tGradient 2.4970 tsec 6.1130
#FOTS# QuadFit found better minimum quadopt=(dt=517.888,rms=0.693886) vs oldopt=(dt=369.92,rms=0.695088)
#GCMRL#   93 dt 517.888000 rms  0.694  2.046% neg 0  invalid 762 tFOTS 3.2900 tGradient 2.4840 tsec 6.0160
#FOTS# QuadFit found better minimum quadopt=(dt=295.936,rms=0.687967) vs oldopt=(dt=369.92,rms=0.688236)
#GCMRL#   94 dt 295.936000 rms  0.688  0.853% neg 0  invalid 762 tFOTS 3.2320 tGradient 2.6250 tsec 6.0980
#FOTS# QuadFit found better minimum quadopt=(dt=129.472,rms=0.686129) vs oldopt=(dt=92.48,rms=0.68653)
#GCMRL#   95 dt 129.472000 rms  0.686  0.267% neg 0  invalid 762 tFOTS 3.3280 tGradient 2.6730 tsec 6.3010
#GCMRL#   96 dt 1479.680000 rms  0.679  1.036% neg 0  invalid 762 tFOTS 3.4060 tGradient 2.5580 tsec 6.2080
#FOTS# QuadFit found better minimum quadopt=(dt=110.976,rms=0.677031) vs oldopt=(dt=92.48,rms=0.677107)
#GCMRL#   97 dt 110.976000 rms  0.677  0.293% neg 0  invalid 762 tFOTS 3.2700 tGradient 2.5440 tsec 6.0580
#GCMRL#   98 dt 369.920000 rms  0.676  0.223% neg 0  invalid 762 tFOTS 3.2860 tGradient 2.4940 tsec 6.0240
#FOTS# QuadFit found better minimum quadopt=(dt=295.936,rms=0.674208) vs oldopt=(dt=369.92,rms=0.674393)
#GCMRL#   99 dt 295.936000 rms  0.674  0.195% neg 0  invalid 762 tFOTS 3.2970 tGradient 2.5730 tsec 6.1120
#GCMRL#  100 dt  92.480000 rms  0.674  0.060% neg 0  invalid 762 tFOTS 3.2790 tGradient 2.5590 tsec 6.0820
#GCMRL#  101 dt 1479.680000 rms  0.672  0.288% neg 0  invalid 762 tFOTS 3.4710 tGradient 2.6450 tsec 6.3590
#FOTS# QuadFit found better minimum quadopt=(dt=129.472,rms=0.669163) vs oldopt=(dt=92.48,rms=0.669664)
#GCMRL#  102 dt 129.472000 rms  0.669  0.402% neg 0  invalid 762 tFOTS 3.2750 tGradient 2.5520 tsec 6.0700
#FOTS# QuadFit found better minimum quadopt=(dt=129.472,rms=0.66904) vs oldopt=(dt=92.48,rms=0.669069)
#GCMRL#  103 dt 129.472000 rms  0.669  0.000% neg 0  invalid 762 tFOTS 3.2840 tGradient 2.5600 tsec 6.1080
#GCMRL#  104 dt 129.472000 rms  0.669  0.046% neg 0  invalid 762 tFOTS 0.0000 tGradient 2.5880 tsec 2.8250
#GCMRL#  105 dt 129.472000 rms  0.668  0.075% neg 0  invalid 762 tFOTS 0.0000 tGradient 2.5680 tsec 2.8060
#GCMRL#  106 dt 129.472000 rms  0.668  0.104% neg 0  invalid 762 tFOTS 0.0000 tGradient 2.5300 tsec 2.7680
#GCMRL#  107 dt 129.472000 rms  0.667  0.133% neg 0  invalid 762 tFOTS 0.0000 tGradient 2.5320 tsec 2.7690
#GCMRL#  108 dt 129.472000 rms  0.666  0.165% neg 0  invalid 762 tFOTS 0.0000 tGradient 2.6020 tsec 2.8410
#GCMRL#  109 dt 129.472000 rms  0.664  0.184% neg 0  invalid 762 tFOTS 0.0000 tGradient 2.6390 tsec 2.8790
#GCMRL#  110 dt 129.472000 rms  0.663  0.190% neg 0  invalid 762 tFOTS 0.0000 tGradient 2.5640 tsec 2.8030
#GCMRL#  111 dt 129.472000 rms  0.662  0.193% neg 0  invalid 762 tFOTS 0.0000 tGradient 2.5550 tsec 2.7930
#GCMRL#  112 dt 129.472000 rms  0.660  0.194% neg 0  invalid 762 tFOTS 0.0000 tGradient 2.5650 tsec 2.8140
#GCMRL#  113 dt 129.472000 rms  0.659  0.191% neg 0  invalid 762 tFOTS 0.0000 tGradient 2.5490 tsec 2.7890
#GCMRL#  114 dt 129.472000 rms  0.658  0.186% neg 0  invalid 762 tFOTS 0.0000 tGradient 2.5970 tsec 2.8340
#GCMRL#  115 dt 129.472000 rms  0.657  0.180% neg 0  invalid 762 tFOTS 0.0000 tGradient 2.5870 tsec 2.8260
#GCMRL#  116 dt 129.472000 rms  0.656  0.172% neg 0  invalid 762 tFOTS 0.0000 tGradient 2.5190 tsec 2.7570
#GCMRL#  117 dt 129.472000 rms  0.655  0.163% neg 0  invalid 762 tFOTS 0.0000 tGradient 2.6930 tsec 2.9300
#GCMRL#  118 dt 129.472000 rms  0.654  0.152% neg 0  invalid 762 tFOTS 0.0000 tGradient 2.5570 tsec 2.7940
#GCMRL#  119 dt 129.472000 rms  0.653  0.146% neg 0  invalid 762 tFOTS 0.0000 tGradient 2.5440 tsec 2.7820
#GCMRL#  120 dt 129.472000 rms  0.652  0.138% neg 0  invalid 762 tFOTS 0.0000 tGradient 2.5090 tsec 2.7470
#GCMRL#  121 dt 129.472000 rms  0.651  0.136% neg 0  invalid 762 tFOTS 0.0000 tGradient 2.5060 tsec 2.7450
#GCMRL#  122 dt 129.472000 rms  0.650  0.137% neg 0  invalid 762 tFOTS 0.0000 tGradient 2.4750 tsec 2.7110
#GCMRL#  123 dt 129.472000 rms  0.649  0.132% neg 0  invalid 762 tFOTS 0.0000 tGradient 2.5130 tsec 2.7500
#GCMRL#  124 dt 129.472000 rms  0.648  0.126% neg 0  invalid 762 tFOTS 0.0000 tGradient 2.6200 tsec 2.8540
#GCMRL#  125 dt 129.472000 rms  0.648  0.120% neg 0  invalid 762 tFOTS 0.0000 tGradient 2.5350 tsec 2.7720
#GCMRL#  126 dt 129.472000 rms  0.647  0.111% neg 0  invalid 762 tFOTS 0.0000 tGradient 2.5310 tsec 2.7670
#GCMRL#  127 dt 129.472000 rms  0.646  0.106% neg 0  invalid 762 tFOTS 0.0000 tGradient 2.4750 tsec 2.7130
#GCMRL#  128 dt 129.472000 rms  0.645  0.102% neg 0  invalid 762 tFOTS 0.0000 tGradient 2.5010 tsec 2.7380
#GCMRL#  129 dt 129.472000 rms  0.645  0.096% neg 0  invalid 762 tFOTS 0.0000 tGradient 2.5250 tsec 2.7580
#GCMRL#  130 dt 129.472000 rms  0.644  0.093% neg 0  invalid 762 tFOTS 0.0000 tGradient 2.4640 tsec 2.6970
#GCMRL#  131 dt 129.472000 rms  0.644  0.091% neg 0  invalid 762 tFOTS 0.0000 tGradient 2.4980 tsec 2.7340
#GCMRL#  132 dt 129.472000 rms  0.643  0.087% neg 0  invalid 762 tFOTS 0.0000 tGradient 2.4860 tsec 2.7200
#GCMRL#  133 dt 129.472000 rms  0.643  0.082% neg 0  invalid 762 tFOTS 0.0000 tGradient 2.5200 tsec 2.7560
#GCMRL#  134 dt 129.472000 rms  0.642  0.075% neg 0  invalid 762 tFOTS 0.0000 tGradient 2.4950 tsec 2.7320
#GCMRL#  135 dt 129.472000 rms  0.642  0.073% neg 0  invalid 762 tFOTS 0.0000 tGradient 2.5410 tsec 2.7790
#GCMRL#  136 dt 129.472000 rms  0.641  0.072% neg 0  invalid 762 tFOTS 0.0000 tGradient 2.5270 tsec 2.7660
#GCMRL#  137 dt 129.472000 rms  0.641  0.067% neg 0  invalid 762 tFOTS 0.0000 tGradient 2.5240 tsec 2.7610
#GCMRL#  138 dt 129.472000 rms  0.640  0.065% neg 0  invalid 762 tFOTS 0.0000 tGradient 2.5330 tsec 2.7710
#GCMRL#  139 dt 129.472000 rms  0.640  0.060% neg 0  invalid 762 tFOTS 0.0000 tGradient 2.5660 tsec 2.7990
#GCMRL#  140 dt 129.472000 rms  0.640  0.057% neg 0  invalid 762 tFOTS 0.0000 tGradient 2.5840 tsec 2.8190
#GCMRL#  141 dt 129.472000 rms  0.639  0.054% neg 0  invalid 762 tFOTS 0.0000 tGradient 2.5330 tsec 2.7700
#GCMRL#  142 dt 129.472000 rms  0.639  0.052% neg 0  invalid 762 tFOTS 0.0000 tGradient 2.5260 tsec 2.7620
#GCMRL#  143 dt 129.472000 rms  0.639  0.051% neg 0  invalid 762 tFOTS 0.0000 tGradient 2.5090 tsec 2.7470
#GCMRL#  144 dt 129.472000 rms  0.638  0.054% neg 0  invalid 762 tFOTS 0.0000 tGradient 2.4890 tsec 2.7270
#GCMRL#  145 dt 129.472000 rms  0.638  0.049% neg 0  invalid 762 tFOTS 0.0000 tGradient 2.4960 tsec 2.7300
#GCMRL#  146 dt 129.472000 rms  0.638  0.047% neg 0  invalid 762 tFOTS 0.0000 tGradient 2.6390 tsec 2.8780
#GCMRL#  147 dt 129.472000 rms  0.637  0.042% neg 0  invalid 762 tFOTS 0.0000 tGradient 2.5570 tsec 2.7920
#GCMRL#  148 dt 129.472000 rms  0.637  0.044% neg 0  invalid 762 tFOTS 0.0000 tGradient 2.5610 tsec 2.7970
#GCMRL#  149 dt 129.472000 rms  0.637  0.043% neg 0  invalid 762 tFOTS 0.0000 tGradient 2.5190 tsec 2.7520
#GCMRL#  150 dt 129.472000 rms  0.637  0.041% neg 0  invalid 762 tFOTS 0.0000 tGradient 2.4870 tsec 2.7250
#GCMRL#  151 dt 129.472000 rms  0.636  0.040% neg 0  invalid 762 tFOTS 0.0000 tGradient 2.5730 tsec 2.8090
#GCMRL#  152 dt 129.472000 rms  0.636  0.041% neg 0  invalid 762 tFOTS 0.0000 tGradient 2.6060 tsec 2.8440
#GCMRL#  153 dt 129.472000 rms  0.636  0.040% neg 0  invalid 762 tFOTS 0.0000 tGradient 2.5930 tsec 2.8300
#GCMRL#  154 dt 129.472000 rms  0.635  0.039% neg 0  invalid 762 tFOTS 0.0000 tGradient 2.6370 tsec 2.8750
#GCMRL#  155 dt 129.472000 rms  0.635  0.037% neg 0  invalid 762 tFOTS 0.0000 tGradient 2.6140 tsec 2.8490
#GCMRL#  156 dt 129.472000 rms  0.635  0.038% neg 0  invalid 762 tFOTS 0.0000 tGradient 2.6450 tsec 2.8810
#GCMRL#  157 dt 129.472000 rms  0.635  0.035% neg 0  invalid 762 tFOTS 0.0000 tGradient 2.6710 tsec 2.9060
#GCMRL#  158 dt 129.472000 rms  0.635  0.033% neg 0  invalid 762 tFOTS 0.0000 tGradient 2.5180 tsec 2.7510
#GCMRL#  159 dt 129.472000 rms  0.634  0.035% neg 0  invalid 762 tFOTS 0.0000 tGradient 2.5500 tsec 2.7840
#GCMRL#  160 dt 129.472000 rms  0.634  0.035% neg 0  invalid 762 tFOTS 0.0000 tGradient 2.5980 tsec 2.8360
#GCMRL#  161 dt 129.472000 rms  0.634  0.033% neg 0  invalid 762 tFOTS 0.0000 tGradient 2.6050 tsec 2.8390
#GCMRL#  162 dt 129.472000 rms  0.634  0.030% neg 0  invalid 762 tFOTS 0.0000 tGradient 2.6160 tsec 2.8510
#GCMRL#  163 dt 129.472000 rms  0.634  0.027% neg 0  invalid 762 tFOTS 0.0000 tGradient 2.6310 tsec 2.8690
#GCMRL#  164 dt 129.472000 rms  0.633  0.029% neg 0  invalid 762 tFOTS 0.0000 tGradient 2.6270 tsec 2.8640
#GCMRL#  165 dt 129.472000 rms  0.633  0.030% neg 0  invalid 762 tFOTS 0.0000 tGradient 2.5070 tsec 2.7440
#GCMRL#  166 dt 129.472000 rms  0.633  0.032% neg 0  invalid 762 tFOTS 0.0000 tGradient 2.6430 tsec 2.8780
#GCMRL#  167 dt 129.472000 rms  0.633  0.028% neg 0  invalid 762 tFOTS 0.0000 tGradient 2.5990 tsec 2.8360
#GCMRL#  168 dt 129.472000 rms  0.633  0.028% neg 0  invalid 762 tFOTS 0.0000 tGradient 2.6830 tsec 2.9200
#GCMRL#  169 dt 129.472000 rms  0.632  0.027% neg 0  invalid 762 tFOTS 0.0000 tGradient 2.6500 tsec 2.8840
#GCMRL#  170 dt 129.472000 rms  0.632  0.028% neg 0  invalid 762 tFOTS 0.0000 tGradient 2.5690 tsec 2.8020
#GCMRL#  171 dt 129.472000 rms  0.632  0.028% neg 0  invalid 762 tFOTS 0.0000 tGradient 2.4740 tsec 2.7110
#GCMRL#  172 dt 129.472000 rms  0.632  0.026% neg 0  invalid 762 tFOTS 0.0000 tGradient 2.5470 tsec 2.7850
#GCMRL#  173 dt 129.472000 rms  0.632  0.023% neg 0  invalid 762 tFOTS 0.0000 tGradient 2.5500 tsec 2.8700
#GCMRL#  174 dt 129.472000 rms  0.632  0.024% neg 0  invalid 762 tFOTS 0.0000 tGradient 2.6490 tsec 2.8820
#GCMRL#  175 dt 129.472000 rms  0.632  0.026% neg 0  invalid 762 tFOTS 0.0000 tGradient 2.6360 tsec 2.9480
#GCMRL#  176 dt 129.472000 rms  0.631  0.026% neg 0  invalid 762 tFOTS 0.0000 tGradient 2.8370 tsec 3.0750
#GCMRL#  177 dt 129.472000 rms  0.631  0.023% neg 0  invalid 762 tFOTS 0.0000 tGradient 2.6730 tsec 2.9080
#GCMRL#  178 dt 129.472000 rms  0.631  0.022% neg 0  invalid 762 tFOTS 0.0000 tGradient 2.6060 tsec 2.8610
#FOTS# QuadFit found better minimum quadopt=(dt=18939.9,rms=0.629572) vs oldopt=(dt=23674.9,rms=0.629629)
#GCMRL#  179 dt 18939.904000 rms  0.630  0.236% neg 0  invalid 762 tFOTS 3.4500 tGradient 2.5810 tsec 6.2710
#GCMRL#  180 dt  92.480000 rms  0.629  0.054% neg 0  invalid 762 tFOTS 3.2570 tGradient 2.5970 tsec 6.0950
#FOTS# QuadFit found better minimum quadopt=(dt=110.976,rms=0.629151) vs oldopt=(dt=92.48,rms=0.629154)
#GCMRL#  181 dt 110.976000 rms  0.629  0.000% neg 0  invalid 762 tFOTS 3.2880 tGradient 2.5780 tsec 6.1270
#GCMRL#  182 dt 110.976000 rms  0.629  0.008% neg 0  invalid 762 tFOTS 0.0000 tGradient 2.6300 tsec 2.8670
#GCMRL#  183 dt 110.976000 rms  0.629  0.003% neg 0  invalid 762 tFOTS 0.0000 tGradient 2.6180 tsec 2.8510
#GCMRL#  184 dt 110.976000 rms  0.629  0.000% neg 0  invalid 762 tFOTS 0.0000 tGradient 2.6190 tsec 2.8770
#FOTS# QuadFit found better minimum quadopt=(dt=517.888,rms=0.628947) vs oldopt=(dt=369.92,rms=0.628972)
#GCMRL#  185 dt 517.888000 rms  0.629  0.022% neg 0  invalid 762 tFOTS 4.4190 tGradient 2.8160 tsec 7.5570
#FOTS# QuadFit found better minimum quadopt=(dt=0.0316094,rms=0.62895) vs oldopt=(dt=0.0225781,rms=0.62895)

#GCAMreg# pass 0 level1 5 level2 1 tsec 335.629 sigma 0.5
l_jacobian=1.00 l_label=1.00 l_log_likelihood=0.20 l_smoothness=0.01 
tol=5.00e-02, dt=5.00e-02, exp_k=20.0, momentum=0.90, levels=6, niter=500, lbl_dist=10.00, avgs=256, sigma=0.5,type=2, relabel=0, neg=no

blurring input image with Gaussian with sigma=0.500...
GCAMRegisterLevel(): init RMS 0.629203
#GCMRL#  187 dt 369.920000 rms  0.628  0.158% neg 0  invalid 762 tFOTS 3.4330 tGradient 2.7020 tsec 6.3760
#FOTS# QuadFit found better minimum quadopt=(dt=295.936,rms=0.627894) vs oldopt=(dt=369.92,rms=0.627949)
#GCMRL#  188 dt 295.936000 rms  0.628  0.000% neg 0  invalid 762 tFOTS 3.2210 tGradient 2.5400 tsec 6.0150
setting smoothness cost coefficient to 0.031

#GCAMreg# pass 0 level1 4 level2 0 tsec 0 sigma 2
l_jacobian=1.00 l_label=1.00 l_log_likelihood=0.20 l_smoothness=0.03 
tol=5.00e-02, dt=5.00e-02, exp_k=20.0, momentum=0.90, levels=6, niter=500, lbl_dist=10.00, avgs=64, sigma=2.0,type=2, relabel=0, neg=no

blurring input image with Gaussian with sigma=2.000...
GCAMRegisterLevel(): init RMS 0.630592
#FOTS# QuadFit found better minimum quadopt=(dt=331.776,rms=0.621777) vs oldopt=(dt=414.72,rms=0.621885)
#GCMRL#  190 dt 331.776000 rms  0.622  1.398% neg 0  invalid 762 tFOTS 3.0730 tGradient 1.9410 tsec 5.2560
#FOTS# QuadFit found better minimum quadopt=(dt=123.301,rms=0.612205) vs oldopt=(dt=103.68,rms=0.61242)
#GCMRL#  191 dt 123.301028 rms  0.612  1.539% neg 0  invalid 762 tFOTS 3.2690 tGradient 1.9590 tsec 5.4720
#FOTS# QuadFit found better minimum quadopt=(dt=36.288,rms=0.610714) vs oldopt=(dt=25.92,rms=0.611074)
#GCMRL#  192 dt  36.288000 rms  0.611  0.244% neg 0  invalid 762 tFOTS 3.2770 tGradient 1.8670 tsec 5.3880
#FOTS# QuadFit found better minimum quadopt=(dt=124.416,rms=0.608751) vs oldopt=(dt=103.68,rms=0.608831)
#GCMRL#  193 dt 124.416000 rms  0.609  0.322% neg 0  invalid 762 tFOTS 3.0660 tGradient 1.9100 tsec 5.2200
#FOTS# QuadFit found better minimum quadopt=(dt=195.507,rms=0.603528) vs oldopt=(dt=103.68,rms=0.604562)
#GCMRL#  194 dt 195.506849 rms  0.604  0.858% neg 0  invalid 762 tFOTS 4.2040 tGradient 1.9830 tsec 6.5060
#FOTS# QuadFit found better minimum quadopt=(dt=36.288,rms=0.601832) vs oldopt=(dt=25.92,rms=0.602215)
#GCMRL#  195 dt  36.288000 rms  0.602  0.281% neg 0  invalid 762 tFOTS 3.2710 tGradient 2.1850 tsec 5.6970
#GCMRL#  196 dt 103.680000 rms  0.601  0.212% neg 0  invalid 762 tFOTS 3.0750 tGradient 1.9700 tsec 5.2860
#FOTS# QuadFit found better minimum quadopt=(dt=145.152,rms=0.596915) vs oldopt=(dt=103.68,rms=0.597447)
#GCMRL#  197 dt 145.152000 rms  0.597  0.606% neg 0  invalid 762 tFOTS 3.0670 tGradient 1.9670 tsec 5.2780
#FOTS# QuadFit found better minimum quadopt=(dt=65.0847,rms=0.595963) vs oldopt=(dt=103.68,rms=0.596297)
#GCMRL#  198 dt  65.084746 rms  0.596  0.160% neg 0  invalid 762 tFOTS 3.2700 tGradient 2.0460 tsec 5.5590
#FOTS# QuadFit found better minimum quadopt=(dt=580.608,rms=0.587993) vs oldopt=(dt=414.72,rms=0.589499)
#GCMRL#  199 dt 580.608000 rms  0.588  1.337% neg 0  invalid 762 tFOTS 3.9340 tGradient 2.1930 tsec 6.4430
#FOTS# QuadFit found better minimum quadopt=(dt=36.288,rms=0.586324) vs oldopt=(dt=25.92,rms=0.586673)
#GCMRL#  200 dt  36.288000 rms  0.586  0.284% neg 0  invalid 762 tFOTS 3.2230 tGradient 2.0560 tsec 5.5210
#GCMRL#  201 dt 103.680000 rms  0.585  0.162% neg 0  invalid 762 tFOTS 3.0500 tGradient 1.9790 tsec 5.2750
#FOTS# QuadFit found better minimum quadopt=(dt=145.152,rms=0.583597) vs oldopt=(dt=103.68,rms=0.58379)
#GCMRL#  202 dt 145.152000 rms  0.584  0.304% neg 0  invalid 762 tFOTS 3.0290 tGradient 1.9730 tsec 5.2470
#FOTS# QuadFit found better minimum quadopt=(dt=64.3743,rms=0.582808) vs oldopt=(dt=103.68,rms=0.583048)
#GCMRL#  203 dt  64.374269 rms  0.583  0.135% neg 0  invalid 762 tFOTS 3.2140 tGradient 2.0030 tsec 5.4640
#GCMRL#  204 dt 414.720000 rms  0.580  0.509% neg 0  invalid 762 tFOTS 3.2140 tGradient 1.9900 tsec 5.4500
#FOTS# QuadFit found better minimum quadopt=(dt=36.288,rms=0.57845) vs oldopt=(dt=25.92,rms=0.578728)
#GCMRL#  205 dt  36.288000 rms  0.578  0.240% neg 0  invalid 762 tFOTS 3.2290 tGradient 1.9460 tsec 5.4230
#FOTS# QuadFit found better minimum quadopt=(dt=82.944,rms=0.577833) vs oldopt=(dt=103.68,rms=0.577891)
#GCMRL#  206 dt  82.944000 rms  0.578  0.107% neg 0  invalid 762 tFOTS 3.0320 tGradient 2.0320 tsec 5.3090
#FOTS# QuadFit found better minimum quadopt=(dt=145.152,rms=0.576482) vs oldopt=(dt=103.68,rms=0.57668)
#GCMRL#  207 dt 145.152000 rms  0.576  0.234% neg 0  invalid 762 tFOTS 3.2440 tGradient 2.0760 tsec 5.5650
#FOTS# QuadFit found better minimum quadopt=(dt=36.288,rms=0.576118) vs oldopt=(dt=25.92,rms=0.576203)
#GCMRL#  208 dt  36.288000 rms  0.576  0.063% neg 0  invalid 762 tFOTS 3.0490 tGradient 1.9790 tsec 5.2750
#FOTS# QuadFit found better minimum quadopt=(dt=331.776,rms=0.574955) vs oldopt=(dt=414.72,rms=0.575055)
#GCMRL#  209 dt 331.776000 rms  0.575  0.202% neg 0  invalid 762 tFOTS 3.2450 tGradient 1.9340 tsec 5.4260
#FOTS# QuadFit found better minimum quadopt=(dt=70.1424,rms=0.573172) vs oldopt=(dt=103.68,rms=0.573504)
#GCMRL#  210 dt  70.142415 rms  0.573  0.310% neg 0  invalid 762 tFOTS 3.5210 tGradient 2.0520 tsec 5.8760
#FOTS# QuadFit found better minimum quadopt=(dt=82.944,rms=0.5728) vs oldopt=(dt=103.68,rms=0.57282)
#GCMRL#  211 dt  82.944000 rms  0.573  0.065% neg 0  invalid 762 tFOTS 3.7920 tGradient 2.2210 tsec 6.2610
#FOTS# QuadFit found better minimum quadopt=(dt=145.152,rms=0.571739) vs oldopt=(dt=103.68,rms=0.571906)
#GCMRL#  212 dt 145.152000 rms  0.572  0.185% neg 0  invalid 762 tFOTS 3.9280 tGradient 2.0470 tsec 6.2890
#FOTS# QuadFit found better minimum quadopt=(dt=36.288,rms=0.571459) vs oldopt=(dt=25.92,rms=0.571526)
#GCMRL#  213 dt  36.288000 rms  0.571  0.000% neg 0  invalid 762 tFOTS 3.2330 tGradient 2.4820 tsec 5.9760
#GCMRL#  214 dt  36.288000 rms  0.571  0.040% neg 0  invalid 762 tFOTS 0.0000 tGradient 2.0400 tsec 2.2810
#GCMRL#  215 dt  36.288000 rms  0.571  0.065% neg 0  invalid 762 tFOTS 0.0000 tGradient 2.0310 tsec 2.2700
#GCMRL#  216 dt  36.288000 rms  0.570  0.103% neg 0  invalid 762 tFOTS 0.0000 tGradient 2.0620 tsec 2.3140
#GCMRL#  217 dt  36.288000 rms  0.569  0.139% neg 0  invalid 762 tFOTS 0.0000 tGradient 1.9550 tsec 2.1970
#GCMRL#  218 dt  36.288000 rms  0.569  0.158% neg 0  invalid 762 tFOTS 0.0000 tGradient 2.0510 tsec 2.2890
#GCMRL#  219 dt  36.288000 rms  0.568  0.165% neg 0  invalid 762 tFOTS 0.0000 tGradient 2.0270 tsec 2.2710
#GCMRL#  220 dt  36.288000 rms  0.567  0.178% neg 0  invalid 762 tFOTS 0.0000 tGradient 2.0170 tsec 2.2560
#GCMRL#  221 dt  36.288000 rms  0.566  0.183% neg 0  invalid 762 tFOTS 0.0000 tGradient 2.0890 tsec 2.3960
#GCMRL#  222 dt  36.288000 rms  0.565  0.193% neg 0  invalid 762 tFOTS 0.0000 tGradient 2.2230 tsec 2.4670
#GCMRL#  223 dt  36.288000 rms  0.563  0.199% neg 0  invalid 762 tFOTS 0.0000 tGradient 2.0280 tsec 2.2720
#GCMRL#  224 dt  36.288000 rms  0.562  0.193% neg 0  invalid 762 tFOTS 0.0000 tGradient 2.0310 tsec 2.3550
#GCMRL#  225 dt  36.288000 rms  0.561  0.186% neg 0  invalid 762 tFOTS 0.0000 tGradient 2.0980 tsec 2.3400
#GCMRL#  226 dt  36.288000 rms  0.560  0.176% neg 0  invalid 762 tFOTS 0.0000 tGradient 2.0040 tsec 2.2440
#GCMRL#  227 dt  36.288000 rms  0.559  0.169% neg 0  invalid 762 tFOTS 0.0000 tGradient 2.1080 tsec 2.3480
#GCMRL#  228 dt  36.288000 rms  0.558  0.166% neg 0  invalid 762 tFOTS 0.0000 tGradient 1.9840 tsec 2.2260
#GCMRL#  229 dt  36.288000 rms  0.557  0.159% neg 0  invalid 762 tFOTS 0.0000 tGradient 1.9830 tsec 2.2260
#GCMRL#  230 dt  36.288000 rms  0.557  0.155% neg 0  invalid 762 tFOTS 0.0000 tGradient 1.9720 tsec 2.2150
#GCMRL#  231 dt  36.288000 rms  0.556  0.151% neg 0  invalid 762 tFOTS 0.0000 tGradient 2.0400 tsec 2.3490
#GCMRL#  232 dt  36.288000 rms  0.555  0.136% neg 0  invalid 762 tFOTS 0.0000 tGradient 1.9130 tsec 2.1520
#GCMRL#  233 dt  36.288000 rms  0.554  0.124% neg 0  invalid 762 tFOTS 0.0000 tGradient 1.9210 tsec 2.1580
#GCMRL#  234 dt  36.288000 rms  0.554  0.120% neg 0  invalid 762 tFOTS 0.0000 tGradient 2.0230 tsec 2.2590
#GCMRL#  235 dt  36.288000 rms  0.553  0.114% neg 0  invalid 762 tFOTS 0.0000 tGradient 2.0230 tsec 2.2590
#GCMRL#  236 dt  36.288000 rms  0.552  0.113% neg 0  invalid 762 tFOTS 0.0000 tGradient 1.9580 tsec 2.1910
#GCMRL#  237 dt  36.288000 rms  0.552  0.108% neg 0  invalid 762 tFOTS 0.0000 tGradient 1.9410 tsec 2.2060
#GCMRL#  238 dt  36.288000 rms  0.551  0.102% neg 0  invalid 762 tFOTS 0.0000 tGradient 2.0020 tsec 2.2460
#GCMRL#  239 dt  36.288000 rms  0.551  0.093% neg 0  invalid 762 tFOTS 0.0000 tGradient 1.9560 tsec 2.1950
#GCMRL#  240 dt  36.288000 rms  0.550  0.085% neg 0  invalid 762 tFOTS 0.0000 tGradient 1.9650 tsec 2.2130
#GCMRL#  241 dt  36.288000 rms  0.550  0.085% neg 0  invalid 762 tFOTS 0.0000 tGradient 1.9790 tsec 2.2180
#GCMRL#  242 dt  36.288000 rms  0.549  0.083% neg 0  invalid 762 tFOTS 0.0000 tGradient 1.9860 tsec 2.2270
#GCMRL#  243 dt  36.288000 rms  0.549  0.083% neg 0  invalid 762 tFOTS 0.0000 tGradient 1.9520 tsec 2.1920
#GCMRL#  244 dt  36.288000 rms  0.548  0.080% neg 0  invalid 762 tFOTS 0.0000 tGradient 1.9800 tsec 2.2200
#GCMRL#  245 dt  36.288000 rms  0.548  0.077% neg 0  invalid 762 tFOTS 0.0000 tGradient 1.9660 tsec 2.2250
#GCMRL#  246 dt  36.288000 rms  0.548  0.070% neg 0  invalid 762 tFOTS 0.0000 tGradient 2.1380 tsec 2.4280
#GCMRL#  247 dt  36.288000 rms  0.547  0.066% neg 0  invalid 762 tFOTS 0.0000 tGradient 2.0850 tsec 2.3240
#GCMRL#  248 dt  36.288000 rms  0.547  0.066% neg 0  invalid 762 tFOTS 0.0000 tGradient 1.9750 tsec 2.2180
#GCMRL#  249 dt  36.288000 rms  0.547  0.065% neg 0  invalid 762 tFOTS 0.0000 tGradient 2.0210 tsec 2.2620
#GCMRL#  250 dt  36.288000 rms  0.546  0.064% neg 0  invalid 762 tFOTS 0.0000 tGradient 1.9860 tsec 2.2290
#GCMRL#  251 dt  36.288000 rms  0.546  0.061% neg 0  invalid 762 tFOTS 0.0000 tGradient 1.9650 tsec 2.2060
#GCMRL#  252 dt  36.288000 rms  0.546  0.058% neg 0  invalid 762 tFOTS 0.0000 tGradient 1.9620 tsec 2.2700
#GCMRL#  253 dt  36.288000 rms  0.545  0.055% neg 0  invalid 762 tFOTS 0.0000 tGradient 1.9340 tsec 2.1780
#GCMRL#  254 dt  36.288000 rms  0.545  0.052% neg 0  invalid 762 tFOTS 0.0000 tGradient 1.9310 tsec 2.1740
#GCMRL#  255 dt  36.288000 rms  0.545  0.052% neg 0  invalid 762 tFOTS 0.0000 tGradient 1.9800 tsec 2.2220
#GCMRL#  256 dt  36.288000 rms  0.544  0.050% neg 0  invalid 762 tFOTS 0.0000 tGradient 1.9630 tsec 2.2050
#GCMRL#  257 dt  36.288000 rms  0.544  0.048% neg 0  invalid 762 tFOTS 0.0000 tGradient 1.9460 tsec 2.1880
#GCMRL#  258 dt  36.288000 rms  0.544  0.044% neg 0  invalid 762 tFOTS 0.0000 tGradient 1.9270 tsec 2.1680
#GCMRL#  259 dt  36.288000 rms  0.544  0.042% neg 0  invalid 762 tFOTS 0.0000 tGradient 1.9130 tsec 2.1550
#GCMRL#  260 dt  36.288000 rms  0.543  0.045% neg 0  invalid 762 tFOTS 0.0000 tGradient 1.9440 tsec 2.1850
#GCMRL#  261 dt  36.288000 rms  0.543  0.043% neg 0  invalid 762 tFOTS 0.0000 tGradient 1.9860 tsec 2.2280
#GCMRL#  262 dt  36.288000 rms  0.543  0.041% neg 0  invalid 762 tFOTS 0.0000 tGradient 1.9540 tsec 2.1970
#GCMRL#  263 dt  36.288000 rms  0.543  0.043% neg 0  invalid 762 tFOTS 0.0000 tGradient 1.9160 tsec 2.1590
#GCMRL#  264 dt  36.288000 rms  0.543  0.040% neg 0  invalid 762 tFOTS 0.0000 tGradient 1.9020 tsec 2.1430
#GCMRL#  265 dt  36.288000 rms  0.542  0.039% neg 0  invalid 762 tFOTS 0.0000 tGradient 1.8920 tsec 2.1320
#GCMRL#  266 dt  36.288000 rms  0.542  0.037% neg 0  invalid 762 tFOTS 0.0000 tGradient 1.9180 tsec 2.1620
#GCMRL#  267 dt  36.288000 rms  0.542  0.035% neg 0  invalid 762 tFOTS 0.0000 tGradient 1.9400 tsec 2.1800
#GCMRL#  268 dt  36.288000 rms  0.542  0.035% neg 0  invalid 762 tFOTS 0.0000 tGradient 1.9710 tsec 2.2970
#GCMRL#  269 dt  36.288000 rms  0.542  0.037% neg 0  invalid 762 tFOTS 0.0000 tGradient 2.2370 tsec 2.5520
#GCMRL#  270 dt  36.288000 rms  0.541  0.034% neg 0  invalid 762 tFOTS 0.0000 tGradient 1.9220 tsec 2.1610
#GCMRL#  271 dt  36.288000 rms  0.541  0.035% neg 0  invalid 762 tFOTS 0.0000 tGradient 1.9680 tsec 2.2070
#GCMRL#  272 dt  36.288000 rms  0.541  0.034% neg 0  invalid 762 tFOTS 0.0000 tGradient 1.9430 tsec 2.1850
#GCMRL#  273 dt  36.288000 rms  0.541  0.033% neg 0  invalid 762 tFOTS 0.0000 tGradient 1.9400 tsec 2.1810
#GCMRL#  274 dt  36.288000 rms  0.541  0.034% neg 0  invalid 762 tFOTS 0.0000 tGradient 1.9270 tsec 2.1680
#GCMRL#  275 dt  36.288000 rms  0.540  0.032% neg 0  invalid 762 tFOTS 0.0000 tGradient 1.9000 tsec 2.1400
#GCMRL#  276 dt  36.288000 rms  0.540  0.032% neg 0  invalid 762 tFOTS 0.0000 tGradient 1.9120 tsec 2.1520
#GCMRL#  277 dt  36.288000 rms  0.540  0.032% neg 0  invalid 762 tFOTS 0.0000 tGradient 1.8930 tsec 2.1330
#GCMRL#  278 dt  36.288000 rms  0.540  0.030% neg 0  invalid 762 tFOTS 0.0000 tGradient 1.9910 tsec 2.2300
#GCMRL#  279 dt  36.288000 rms  0.540  0.029% neg 0  invalid 762 tFOTS 0.0000 tGradient 1.9530 tsec 2.1940
#GCMRL#  280 dt  36.288000 rms  0.540  0.027% neg 0  invalid 762 tFOTS 0.0000 tGradient 2.0140 tsec 2.2550
#GCMRL#  281 dt  36.288000 rms  0.540  0.027% neg 0  invalid 762 tFOTS 0.0000 tGradient 2.1040 tsec 2.3450
#GCMRL#  282 dt  36.288000 rms  0.539  0.028% neg 0  invalid 762 tFOTS 0.0000 tGradient 1.9700 tsec 2.2130
#GCMRL#  283 dt  36.288000 rms  0.539  0.027% neg 0  invalid 762 tFOTS 0.0000 tGradient 1.9840 tsec 2.2290
#GCMRL#  284 dt  36.288000 rms  0.539  0.027% neg 0  invalid 762 tFOTS 0.0000 tGradient 1.9590 tsec 2.2020
#GCMRL#  285 dt  36.288000 rms  0.539  0.026% neg 0  invalid 762 tFOTS 0.0000 tGradient 2.0980 tsec 2.3410
#GCMRL#  286 dt  36.288000 rms  0.539  0.021% neg 0  invalid 762 tFOTS 0.0000 tGradient 2.1630 tsec 2.4870
#GCMRL#  287 dt  36.288000 rms  0.539  0.024% neg 0  invalid 762 tFOTS 0.0000 tGradient 2.2100 tsec 2.4510
#GCMRL#  288 dt  36.288000 rms  0.539  0.025% neg 0  invalid 762 tFOTS 0.0000 tGradient 1.9460 tsec 2.1900
#GCMRL#  289 dt  36.288000 rms  0.538  0.025% neg 0  invalid 762 tFOTS 0.0000 tGradient 2.0010 tsec 2.3180
#GCMRL#  290 dt  36.288000 rms  0.538  0.023% neg 0  invalid 762 tFOTS 0.0000 tGradient 2.2910 tsec 2.6220
#GCMRL#  291 dt  36.288000 rms  0.538  0.023% neg 0  invalid 762 tFOTS 0.0000 tGradient 2.1990 tsec 2.5460
#FOTS# QuadFit found better minimum quadopt=(dt=580.608,rms=0.537962) vs oldopt=(dt=414.72,rms=0.537999)
#GCMRL#  292 dt 580.608000 rms  0.538  0.040% neg 0  invalid 762 tFOTS 3.9820 tGradient 2.4040 tsec 6.7170
#FOTS# QuadFit found better minimum quadopt=(dt=15.552,rms=0.537976) vs oldopt=(dt=25.92,rms=0.537979)

#GCAMreg# pass 0 level1 4 level2 1 tsec 334.2 sigma 0.5
l_jacobian=1.00 l_label=1.00 l_log_likelihood=0.20 l_smoothness=0.03 
tol=5.00e-02, dt=5.00e-02, exp_k=20.0, momentum=0.90, levels=6, niter=500, lbl_dist=10.00, avgs=64, sigma=0.5,type=2, relabel=0, neg=no

blurring input image with Gaussian with sigma=0.500...
GCAMRegisterLevel(): init RMS 0.53835
#GCMRL#  294 dt 103.680000 rms  0.537  0.295% neg 0  invalid 762 tFOTS 3.0950 tGradient 1.9360 tsec 5.2790
#GCMRL#  295 dt 103.680000 rms  0.536  0.156% neg 0  invalid 762 tFOTS 3.9610 tGradient 2.2420 tsec 6.5240
#FOTS# QuadFit found better minimum quadopt=(dt=36.288,rms=0.535718) vs oldopt=(dt=25.92,rms=0.535759)
#GCMRL#  296 dt  36.288000 rms  0.536  0.000% neg 0  invalid 762 tFOTS 3.1030 tGradient 2.1700 tsec 5.5410
#GCMRL#  297 dt  36.288000 rms  0.536  0.034% neg 0  invalid 762 tFOTS 0.0000 tGradient 1.9110 tsec 2.2340
#GCMRL#  298 dt  36.288000 rms  0.535  0.037% neg 0  invalid 762 tFOTS 0.0000 tGradient 2.3990 tsec 2.7300
#GCMRL#  299 dt  36.288000 rms  0.535  0.055% neg 0  invalid 762 tFOTS 0.0000 tGradient 2.1470 tsec 2.3910
#GCMRL#  300 dt  36.288000 rms  0.535  0.063% neg 0  invalid 762 tFOTS 0.0000 tGradient 1.9100 tsec 2.1510
#GCMRL#  301 dt  36.288000 rms  0.534  0.057% neg 0  invalid 762 tFOTS 0.0000 tGradient 1.9100 tsec 2.1530
#GCMRL#  302 dt  36.288000 rms  0.534  0.055% neg 0  invalid 762 tFOTS 0.0000 tGradient 1.9330 tsec 2.1750
#GCMRL#  303 dt  36.288000 rms  0.534  0.046% neg 0  invalid 762 tFOTS 0.0000 tGradient 1.9310 tsec 2.1690
#GCMRL#  304 dt  36.288000 rms  0.534  0.043% neg 0  invalid 762 tFOTS 0.0000 tGradient 1.9000 tsec 2.1410
#GCMRL#  305 dt  36.288000 rms  0.533  0.043% neg 0  invalid 762 tFOTS 0.0000 tGradient 1.9540 tsec 2.1940
#GCMRL#  306 dt  36.288000 rms  0.533  0.045% neg 0  invalid 762 tFOTS 0.0000 tGradient 1.9100 tsec 2.1540
#GCMRL#  307 dt  36.288000 rms  0.533  0.044% neg 0  invalid 762 tFOTS 0.0000 tGradient 1.9780 tsec 2.2220
#GCMRL#  308 dt  36.288000 rms  0.533  0.043% neg 0  invalid 762 tFOTS 0.0000 tGradient 1.9110 tsec 2.1850
#GCMRL#  309 dt  36.288000 rms  0.532  0.042% neg 0  invalid 762 tFOTS 0.0000 tGradient 1.8910 tsec 2.1350
#GCMRL#  310 dt  36.288000 rms  0.532  0.041% neg 0  invalid 762 tFOTS 0.0000 tGradient 1.8960 tsec 2.1360
#GCMRL#  311 dt  36.288000 rms  0.532  0.043% neg 0  invalid 762 tFOTS 0.0000 tGradient 2.0340 tsec 2.2750
#GCMRL#  312 dt  36.288000 rms  0.532  0.044% neg 0  invalid 762 tFOTS 0.0000 tGradient 1.9460 tsec 2.1880
#GCMRL#  313 dt  36.288000 rms  0.532  0.045% neg 0  invalid 762 tFOTS 0.0000 tGradient 1.9270 tsec 2.1690
#GCMRL#  314 dt  36.288000 rms  0.531  0.043% neg 0  invalid 762 tFOTS 0.0000 tGradient 1.9050 tsec 2.1420
#GCMRL#  315 dt  36.288000 rms  0.531  0.040% neg 0  invalid 762 tFOTS 0.0000 tGradient 1.9320 tsec 2.1740
#GCMRL#  316 dt  36.288000 rms  0.531  0.040% neg 0  invalid 762 tFOTS 0.0000 tGradient 1.9420 tsec 2.1790
#GCMRL#  317 dt  36.288000 rms  0.531  0.040% neg 0  invalid 762 tFOTS 0.0000 tGradient 1.9480 tsec 2.1870
#GCMRL#  318 dt  36.288000 rms  0.530  0.037% neg 0  invalid 762 tFOTS 0.0000 tGradient 1.9530 tsec 2.1930
#GCMRL#  319 dt  36.288000 rms  0.530  0.037% neg 0  invalid 762 tFOTS 0.0000 tGradient 1.8900 tsec 2.1310
#GCMRL#  320 dt  36.288000 rms  0.530  0.037% neg 0  invalid 762 tFOTS 0.0000 tGradient 1.9280 tsec 2.1700
#GCMRL#  321 dt  36.288000 rms  0.530  0.035% neg 0  invalid 762 tFOTS 0.0000 tGradient 1.9320 tsec 2.1780
#GCMRL#  322 dt  36.288000 rms  0.530  0.033% neg 0  invalid 762 tFOTS 0.0000 tGradient 1.9740 tsec 2.2130
#GCMRL#  323 dt  36.288000 rms  0.530  0.035% neg 0  invalid 762 tFOTS 0.0000 tGradient 1.9420 tsec 2.1840
#GCMRL#  324 dt  36.288000 rms  0.529  0.037% neg 0  invalid 762 tFOTS 0.0000 tGradient 1.9890 tsec 2.2330
#GCMRL#  325 dt  36.288000 rms  0.529  0.033% neg 0  invalid 762 tFOTS 0.0000 tGradient 1.9440 tsec 2.1860
#GCMRL#  326 dt  36.288000 rms  0.529  0.030% neg 0  invalid 762 tFOTS 0.0000 tGradient 1.9220 tsec 2.1630
#GCMRL#  327 dt  36.288000 rms  0.529  0.026% neg 0  invalid 762 tFOTS 0.0000 tGradient 2.0990 tsec 2.3350
#GCMRL#  328 dt  36.288000 rms  0.529  0.025% neg 0  invalid 762 tFOTS 0.0000 tGradient 1.9750 tsec 2.2160
#GCMRL#  329 dt  36.288000 rms  0.529  0.024% neg 0  invalid 762 tFOTS 0.0000 tGradient 1.9240 tsec 2.1800
#FOTS# QuadFit found better minimum quadopt=(dt=580.608,rms=0.528452) vs oldopt=(dt=414.72,rms=0.528478)
#GCMRL#  330 dt 580.608000 rms  0.528  0.033% neg 0  invalid 762 tFOTS 3.2960 tGradient 1.9470 tsec 5.4910
#FOTS# QuadFit found better minimum quadopt=(dt=36.288,rms=0.528406) vs oldopt=(dt=25.92,rms=0.528415)
#GCMRL#  331 dt  36.288000 rms  0.528  0.000% neg 0  invalid 762 tFOTS 3.5350 tGradient 1.9370 tsec 5.7370
#GCMRL#  332 dt  36.288000 rms  0.528  0.004% neg 0  invalid 762 tFOTS 0.0000 tGradient 1.9770 tsec 2.2140
#GCMRL#  333 dt  36.288000 rms  0.528  0.007% neg 0  invalid 762 tFOTS 0.0000 tGradient 2.0010 tsec 2.2370
#GCMRL#  334 dt  36.288000 rms  0.528  0.006% neg 0  invalid 762 tFOTS 0.0000 tGradient 2.0050 tsec 2.2430
#GCMRL#  335 dt  36.288000 rms  0.528  0.008% neg 0  invalid 762 tFOTS 0.0000 tGradient 1.9670 tsec 2.2070
setting smoothness cost coefficient to 0.118

#GCAMreg# pass 0 level1 3 level2 0 tsec 0 sigma 2
l_jacobian=1.00 l_label=1.00 l_log_likelihood=0.20 l_smoothness=0.12 
tol=5.00e-02, dt=5.00e-02, exp_k=20.0, momentum=0.90, levels=6, niter=500, lbl_dist=10.00, avgs=16, sigma=2.0,type=2, relabel=0, neg=no

blurring input image with Gaussian with sigma=2.000...
GCAMRegisterLevel(): init RMS 0.54192
#GCMRL#  337 dt  32.000000 rms  0.540  0.310% neg 0  invalid 762 tFOTS 3.2830 tGradient 1.5740 tsec 5.1010
#FOTS# QuadFit found better minimum quadopt=(dt=44.8,rms=0.537835) vs oldopt=(dt=32,rms=0.538373)
#GCMRL#  338 dt  44.800000 rms  0.538  0.445% neg 0  invalid 762 tFOTS 3.0960 tGradient 1.5900 tsec 4.9300
#FOTS# QuadFit found better minimum quadopt=(dt=179.2,rms=0.532295) vs oldopt=(dt=128,rms=0.532774)
#GCMRL#  339 dt 179.200000 rms  0.532  1.030% neg 0  invalid 762 tFOTS 3.2850 tGradient 1.4860 tsec 5.0160
#FOTS# QuadFit found better minimum quadopt=(dt=44.8,rms=0.528993) vs oldopt=(dt=32,rms=0.529413)
#GCMRL#  340 dt  44.800000 rms  0.529  0.620% neg 0  invalid 762 tFOTS 3.0680 tGradient 1.4230 tsec 4.7350
#FOTS# QuadFit found better minimum quadopt=(dt=38.4,rms=0.527291) vs oldopt=(dt=32,rms=0.527313)
#GCMRL#  341 dt  38.400000 rms  0.527  0.322% neg 0  invalid 762 tFOTS 3.8070 tGradient 1.5520 tsec 5.6060
#FOTS# QuadFit found better minimum quadopt=(dt=44.8,rms=0.525632) vs oldopt=(dt=32,rms=0.525783)
#GCMRL#  342 dt  44.800000 rms  0.526  0.315% neg 0  invalid 762 tFOTS 3.5140 tGradient 1.4760 tsec 5.3100
#GCMRL#  343 dt  32.000000 rms  0.525  0.210% neg 0  invalid 762 tFOTS 3.0830 tGradient 1.6490 tsec 4.9790
#FOTS# QuadFit found better minimum quadopt=(dt=44.8,rms=0.523378) vs oldopt=(dt=32,rms=0.523468)
#GCMRL#  344 dt  44.800000 rms  0.523  0.219% neg 0  invalid 762 tFOTS 3.0870 tGradient 1.5910 tsec 4.9250
#GCMRL#  345 dt  32.000000 rms  0.522  0.169% neg 0  invalid 762 tFOTS 3.0920 tGradient 1.4810 tsec 4.8200
#FOTS# QuadFit found better minimum quadopt=(dt=38.4,rms=0.521656) vs oldopt=(dt=32,rms=0.521674)
#GCMRL#  346 dt  38.400000 rms  0.522  0.161% neg 0  invalid 762 tFOTS 3.0960 tGradient 1.5270 tsec 4.8710
#GCMRL#  347 dt  32.000000 rms  0.521  0.137% neg 0  invalid 762 tFOTS 3.1230 tGradient 1.5330 tsec 4.9050
#GCMRL#  348 dt  32.000000 rms  0.520  0.131% neg 0  invalid 762 tFOTS 3.0880 tGradient 1.5660 tsec 4.9000
#GCMRL#  349 dt  32.000000 rms  0.520  0.107% neg 0  invalid 762 tFOTS 3.1130 tGradient 1.8210 tsec 5.1810
#GCMRL#  350 dt  32.000000 rms  0.519  0.109% neg 0  invalid 762 tFOTS 3.1080 tGradient 1.4530 tsec 4.8090
#FOTS# QuadFit found better minimum quadopt=(dt=25.6,rms=0.518707) vs oldopt=(dt=32,rms=0.518714)
#GCMRL#  351 dt  25.600000 rms  0.519  0.083% neg 0  invalid 762 tFOTS 3.1110 tGradient 1.4360 tsec 4.8380
#FOTS# QuadFit found better minimum quadopt=(dt=44.8,rms=0.518107) vs oldopt=(dt=32,rms=0.51816)
#GCMRL#  352 dt  44.800000 rms  0.518  0.116% neg 0  invalid 762 tFOTS 3.1080 tGradient 1.4640 tsec 4.8190
#FOTS# QuadFit found better minimum quadopt=(dt=25.6,rms=0.517724) vs oldopt=(dt=32,rms=0.51779)
#GCMRL#  353 dt  25.600000 rms  0.518  0.074% neg 0  invalid 762 tFOTS 3.1110 tGradient 1.4730 tsec 4.8330
#FOTS# QuadFit found better minimum quadopt=(dt=38.4,rms=0.517156) vs oldopt=(dt=32,rms=0.517177)
#GCMRL#  354 dt  38.400000 rms  0.517  0.110% neg 0  invalid 762 tFOTS 3.5080 tGradient 1.4650 tsec 5.2190
#FOTS# QuadFit found better minimum quadopt=(dt=25.6,rms=0.516862) vs oldopt=(dt=32,rms=0.516927)
#GCMRL#  355 dt  25.600000 rms  0.517  0.057% neg 0  invalid 762 tFOTS 3.0870 tGradient 1.4290 tsec 4.7630
#FOTS# QuadFit found better minimum quadopt=(dt=38.4,rms=0.516358) vs oldopt=(dt=32,rms=0.516374)
#GCMRL#  356 dt  38.400000 rms  0.516  0.098% neg 0  invalid 762 tFOTS 3.0810 tGradient 1.4210 tsec 4.7490
#FOTS# QuadFit found better minimum quadopt=(dt=19.2,rms=0.516068) vs oldopt=(dt=32,rms=0.516134)
#GCMRL#  357 dt  19.200000 rms  0.516  0.056% neg 0  invalid 762 tFOTS 3.0840 tGradient 1.4140 tsec 4.7450
#GCMRL#  358 dt 128.000000 rms  0.515  0.185% neg 0  invalid 762 tFOTS 3.0930 tGradient 1.3940 tsec 4.7360
#FOTS# QuadFit found better minimum quadopt=(dt=25.2308,rms=0.514487) vs oldopt=(dt=32,rms=0.514615)
#GCMRL#  359 dt  25.230769 rms  0.514  0.122% neg 0  invalid 762 tFOTS 3.0380 tGradient 1.7270 tsec 5.0140
#FOTS# QuadFit found better minimum quadopt=(dt=44.8,rms=0.513993) vs oldopt=(dt=32,rms=0.514012)
#GCMRL#  360 dt  44.800000 rms  0.514  0.096% neg 0  invalid 762 tFOTS 2.8450 tGradient 1.3940 tsec 4.4840
#GCMRL#  361 dt  32.000000 rms  0.514  0.082% neg 0  invalid 762 tFOTS 3.2230 tGradient 1.4090 tsec 4.8790
#FOTS# QuadFit found better minimum quadopt=(dt=19.2,rms=0.513379) vs oldopt=(dt=32,rms=0.51342)
#GCMRL#  362 dt  19.200000 rms  0.513  0.000% neg 0  invalid 762 tFOTS 3.0400 tGradient 1.3930 tsec 4.6960
#GCMRL#  363 dt  19.200000 rms  0.513  0.047% neg 0  invalid 762 tFOTS 0.0000 tGradient 1.3960 tsec 1.6390
#GCMRL#  364 dt  19.200000 rms  0.513  0.063% neg 0  invalid 762 tFOTS 0.0000 tGradient 1.3580 tsec 1.5990
#GCMRL#  365 dt  19.200000 rms  0.512  0.089% neg 0  invalid 762 tFOTS 0.0000 tGradient 1.3970 tsec 1.6360
#GCMRL#  366 dt  19.200000 rms  0.512  0.109% neg 0  invalid 762 tFOTS 0.0000 tGradient 1.6510 tsec 1.8920
#GCMRL#  367 dt  19.200000 rms  0.511  0.123% neg 0  invalid 762 tFOTS 0.0000 tGradient 1.5040 tsec 1.7430
#GCMRL#  368 dt  19.200000 rms  0.510  0.137% neg 0  invalid 762 tFOTS 0.0000 tGradient 1.5100 tsec 1.7510
#GCMRL#  369 dt  19.200000 rms  0.510  0.145% neg 0  invalid 762 tFOTS 0.0000 tGradient 1.5020 tsec 1.7430
#GCMRL#  370 dt  19.200000 rms  0.509  0.143% neg 0  invalid 762 tFOTS 0.0000 tGradient 1.6270 tsec 1.9390
#GCMRL#  371 dt  19.200000 rms  0.508  0.149% neg 0  invalid 762 tFOTS 0.0000 tGradient 1.9050 tsec 2.2240
#GCMRL#  372 dt  19.200000 rms  0.507  0.154% neg 0  invalid 762 tFOTS 0.0000 tGradient 1.4550 tsec 1.6980
#GCMRL#  373 dt  19.200000 rms  0.507  0.150% neg 0  invalid 762 tFOTS 0.0000 tGradient 1.4220 tsec 1.6620
#GCMRL#  374 dt  19.200000 rms  0.506  0.137% neg 0  invalid 762 tFOTS 0.0000 tGradient 1.4420 tsec 1.6840
#GCMRL#  375 dt  19.200000 rms  0.505  0.137% neg 0  invalid 762 tFOTS 0.0000 tGradient 1.3600 tsec 1.6010
#GCMRL#  376 dt  19.200000 rms  0.505  0.132% neg 0  invalid 762 tFOTS 0.0000 tGradient 1.3970 tsec 1.6410
#GCMRL#  377 dt  19.200000 rms  0.505  0.006% neg 0  invalid 762 tFOTS 0.0000 tGradient 1.5540 tsec 1.9230
#GCMRL#  378 dt  19.200000 rms  0.505  0.010% neg 0  invalid 762 tFOTS 0.0000 tGradient 1.4320 tsec 1.6760
#GCMRL#  379 dt  19.200000 rms  0.504  0.020% neg 0  invalid 762 tFOTS 0.0000 tGradient 1.7210 tsec 1.9610
#GCMRL#  380 dt  19.200000 rms  0.504  0.026% neg 0  invalid 762 tFOTS 0.0000 tGradient 1.3620 tsec 1.6010
#GCMRL#  381 dt  19.200000 rms  0.504  0.030% neg 0  invalid 762 tFOTS 0.0000 tGradient 1.3620 tsec 1.6060
#GCMRL#  382 dt  19.200000 rms  0.504  0.027% neg 0  invalid 762 tFOTS 0.0000 tGradient 1.7070 tsec 1.9500
#GCMRL#  383 dt  19.200000 rms  0.504  0.042% neg 0  invalid 762 tFOTS 0.0000 tGradient 1.7420 tsec 1.9910
#GCMRL#  384 dt  19.200000 rms  0.504  0.046% neg 0  invalid 762 tFOTS 0.0000 tGradient 1.4850 tsec 1.7280
#GCMRL#  385 dt  19.200000 rms  0.503  0.043% neg 0  invalid 762 tFOTS 0.0000 tGradient 1.8150 tsec 2.1350
#GCMRL#  386 dt  19.200000 rms  0.503  0.051% neg 0  invalid 762 tFOTS 0.0000 tGradient 1.7090 tsec 2.0330
#GCMRL#  387 dt  19.200000 rms  0.503  0.058% neg 0  invalid 762 tFOTS 0.0000 tGradient 1.8690 tsec 2.1980
#GCMRL#  388 dt  19.200000 rms  0.503  0.054% neg 0  invalid 762 tFOTS 0.0000 tGradient 1.6130 tsec 1.8550
#GCMRL#  389 dt  19.200000 rms  0.502  0.050% neg 0  invalid 762 tFOTS 0.0000 tGradient 1.6640 tsec 1.9060
#GCMRL#  390 dt  19.200000 rms  0.502  0.061% neg 0  invalid 762 tFOTS 0.0000 tGradient 1.4310 tsec 1.6720
#GCMRL#  391 dt  19.200000 rms  0.502  0.068% neg 0  invalid 762 tFOTS 0.0000 tGradient 1.4920 tsec 1.7340
#GCMRL#  392 dt  19.200000 rms  0.501  0.061% neg 0  invalid 762 tFOTS 0.0000 tGradient 1.5170 tsec 1.7580
#GCMRL#  393 dt  19.200000 rms  0.501  0.060% neg 0  invalid 762 tFOTS 0.0000 tGradient 1.4900 tsec 1.7330
#GCMRL#  394 dt  19.200000 rms  0.501  0.060% neg 0  invalid 762 tFOTS 0.0000 tGradient 1.4730 tsec 1.7070
#GCMRL#  395 dt  19.200000 rms  0.501  0.008% neg 0  invalid 762 tFOTS 0.0000 tGradient 1.5050 tsec 1.8750
#GCMRL#  396 dt  19.200000 rms  0.501  0.010% neg 0  invalid 762 tFOTS 0.0000 tGradient 1.9410 tsec 2.2670
#GCMRL#  397 dt  19.200000 rms  0.501  0.013% neg 0  invalid 762 tFOTS 0.0000 tGradient 1.6790 tsec 1.9180
#GCMRL#  398 dt  19.200000 rms  0.501  0.018% neg 0  invalid 762 tFOTS 0.0000 tGradient 1.4810 tsec 1.7220
#GCMRL#  399 dt  19.200000 rms  0.500  0.026% neg 0  invalid 762 tFOTS 0.0000 tGradient 1.7950 tsec 2.1160
#GCMRL#  400 dt  19.200000 rms  0.500  0.026% neg 0  invalid 762 tFOTS 0.0000 tGradient 1.8870 tsec 2.2050
#GCMRL#  401 dt  19.200000 rms  0.500  0.028% neg 0  invalid 762 tFOTS 0.0000 tGradient 1.9610 tsec 2.2830
#GCMRL#  402 dt  19.200000 rms  0.500  0.027% neg 0  invalid 762 tFOTS 0.0000 tGradient 1.8420 tsec 2.1640
#GCMRL#  403 dt   9.600000 rms  0.500  0.005% neg 0  invalid 762 tFOTS 0.0000 tGradient 1.6400 tsec 2.1250
#GCMRL#  404 dt   2.400000 rms  0.500 -0.001% neg 0  invalid 762 tFOTS 0.0000 tGradient 1.5140 tsec 2.3030
#FOTS# QuadFit found better minimum quadopt=(dt=2.8,rms=0.49995) vs oldopt=(dt=2,rms=0.49995)
#GCMRL#  405 dt   2.800000 rms  0.500  0.000% neg 0  invalid 762 tFOTS 2.7120 tGradient 1.5250 tsec 4.4850
#FOTS# QuadFit found better minimum quadopt=(dt=0.7,rms=0.499947) vs oldopt=(dt=0.5,rms=0.499947)
#GCMRL#  406 dt   0.700000 rms  0.500  0.001% neg 0  invalid 762 tFOTS 3.1530 tGradient 1.5270 tsec 5.0010
#FOTS# QuadFit found better minimum quadopt=(dt=0.7,rms=0.499949) vs oldopt=(dt=0.5,rms=0.499949)

#GCAMreg# pass 0 level1 3 level2 1 tsec 230.979 sigma 0.5
l_jacobian=1.00 l_label=1.00 l_log_likelihood=0.20 l_smoothness=0.12 
tol=5.00e-02, dt=5.00e-02, exp_k=20.0, momentum=0.90, levels=6, niter=500, lbl_dist=10.00, avgs=16, sigma=0.5,type=2, relabel=0, neg=no

blurring input image with Gaussian with sigma=0.500...
GCAMRegisterLevel(): init RMS 0.500296
#FOTS# QuadFit found better minimum quadopt=(dt=0.04375,rms=0.499946) vs oldopt=(dt=0.03125,rms=0.499947)
#GCMRL#  408 dt   0.043750 rms  0.500  0.070% neg 0  invalid 762 tFOTS 2.1310 tGradient 1.5220 tsec 3.9010
#FOTS# QuadFit found better minimum quadopt=(dt=0.0109375,rms=0.499945) vs oldopt=(dt=0.0078125,rms=0.499945)
#GCMRL#  409 dt   0.010937 rms  0.500  0.000% neg 0  invalid 762 tFOTS 1.9300 tGradient 1.5080 tsec 3.7020
#GCMRL#  410 dt   0.005469 rms  0.500  0.000% neg 0  invalid 762 tFOTS 0.0000 tGradient 1.5510 tsec 2.0400
#GCMRL#  411 dt   0.002734 rms  0.500  0.000% neg 0  invalid 762 tFOTS 0.0000 tGradient 1.5250 tsec 2.0140
#GCMRL#  412 dt   0.001367 rms  0.500  0.000% neg 0  invalid 762 tFOTS 0.0000 tGradient 1.4690 tsec 1.9770
#FOTS# QuadFit found better minimum quadopt=(dt=0.000683594,rms=0.499944) vs oldopt=(dt=0.000488281,rms=0.499944)
setting smoothness cost coefficient to 0.400

#GCAMreg# pass 0 level1 2 level2 0 tsec 0 sigma 2
l_jacobian=1.00 l_label=1.00 l_log_likelihood=0.20 l_smoothness=0.40 
tol=5.00e-02, dt=5.00e-02, exp_k=20.0, momentum=0.90, levels=6, niter=500, lbl_dist=10.00, avgs=4, sigma=2.0,type=2, relabel=0, neg=no

blurring input image with Gaussian with sigma=2.000...
GCAMRegisterLevel(): init RMS 0.533649
#GCMRL#  414 dt   0.000000 rms  0.533  0.061% neg 0  invalid 762 tFOTS 3.1290 tGradient 1.2590 tsec 4.6380
#GCMRL#  415 dt   0.150000 rms  0.533  0.000% neg 0  invalid 762 tFOTS 3.8620 tGradient 1.3680 tsec 5.6570

#GCAMreg# pass 0 level1 2 level2 1 tsec 22.505 sigma 0.5
l_jacobian=1.00 l_label=1.00 l_log_likelihood=0.20 l_smoothness=0.40 
tol=5.00e-02, dt=5.00e-02, exp_k=20.0, momentum=0.90, levels=6, niter=500, lbl_dist=10.00, avgs=4, sigma=0.5,type=2, relabel=0, neg=no

blurring input image with Gaussian with sigma=0.500...
GCAMRegisterLevel(): init RMS 0.533649
#FOTS# QuadFit found better minimum quadopt=(dt=0.857143,rms=0.533257) vs oldopt=(dt=0.72,rms=0.533258)
#GCMRL#  417 dt   0.857143 rms  0.533  0.074% neg 0  invalid 762 tFOTS 4.1390 tGradient 1.5750 tsec 6.0360
#GCMRL#  418 dt   0.180000 rms  0.533  0.000% neg 0  invalid 762 tFOTS 3.2970 tGradient 1.4980 tsec 5.2200
#GCMRL#  419 dt   0.180000 rms  0.533  0.001% neg 0  invalid 762 tFOTS 0.0000 tGradient 1.2540 tsec 1.4950
setting smoothness cost coefficient to 1.000

#GCAMreg# pass 0 level1 1 level2 0 tsec 0 sigma 2
l_jacobian=1.00 l_label=1.00 l_log_likelihood=0.20 l_smoothness=1.00 
tol=5.00e-02, dt=5.00e-02, exp_k=20.0, momentum=0.90, levels=6, niter=500, lbl_dist=10.00, avgs=1, sigma=2.0,type=2, relabel=0, neg=no

blurring input image with Gaussian with sigma=2.000...
GCAMRegisterLevel(): init RMS 0.596017
#FOTS# QuadFit found better minimum quadopt=(dt=2.228,rms=0.585354) vs oldopt=(dt=1.28,rms=0.587532)
#GCMRL#  421 dt   2.228000 rms  0.585  1.789% neg 0  invalid 762 tFOTS 3.0980 tGradient 1.0630 tsec 4.4070
#GCMRL#  422 dt   1.280000 rms  0.584  0.182% neg 0  invalid 762 tFOTS 3.2280 tGradient 1.1240 tsec 4.5950
#FOTS# QuadFit found better minimum quadopt=(dt=0.448,rms=0.584193) vs oldopt=(dt=0.32,rms=0.584205)
#GCMRL#  423 dt   0.448000 rms  0.584  0.000% neg 0  invalid 762 tFOTS 3.2010 tGradient 1.1180 tsec 4.5870
#GCMRL#  424 dt   0.448000 rms  0.584  0.000% neg 0  invalid 762 tFOTS 0.0000 tGradient 1.0190 tsec 1.2630

#GCAMreg# pass 0 level1 1 level2 1 tsec 26.501 sigma 0.5
l_jacobian=1.00 l_label=1.00 l_log_likelihood=0.20 l_smoothness=1.00 
tol=5.00e-02, dt=5.00e-02, exp_k=20.0, momentum=0.90, levels=6, niter=500, lbl_dist=10.00, avgs=1, sigma=0.5,type=2, relabel=0, neg=no

blurring input image with Gaussian with sigma=0.500...
GCAMRegisterLevel(): init RMS 0.584475
#FOTS# QuadFit found better minimum quadopt=(dt=1.536,rms=0.583396) vs oldopt=(dt=1.28,rms=0.583413)
#GCMRL#  426 dt   1.536000 rms  0.583  0.185% neg 0  invalid 762 tFOTS 3.1010 tGradient 1.0260 tsec 4.3740
#FOTS# QuadFit found better minimum quadopt=(dt=0.448,rms=0.583295) vs oldopt=(dt=0.32,rms=0.583312)
#GCMRL#  427 dt   0.448000 rms  0.583  0.000% neg 0  invalid 762 tFOTS 2.8930 tGradient 1.0330 tsec 4.1900
#GCMRL#  428 dt   0.448000 rms  0.583  0.007% neg 0  invalid 762 tFOTS 0.0000 tGradient 1.0220 tsec 1.2670
resetting metric properties...
setting smoothness cost coefficient to 2.000

#GCAMreg# pass 0 level1 0 level2 0 tsec 0 sigma 2
l_jacobian=1.00 l_label=1.00 l_log_likelihood=0.20 l_smoothness=2.00 
tol=5.00e-02, dt=5.00e-02, exp_k=20.0, momentum=0.90, levels=6, niter=500, lbl_dist=10.00, avgs=0, sigma=2.0,type=2, relabel=0, neg=no

blurring input image with Gaussian with sigma=2.000...
GCAMRegisterLevel(): init RMS 0.536325
#FOTS# QuadFit found better minimum quadopt=(dt=0.448,rms=0.521873) vs oldopt=(dt=0.32,rms=0.525748)
#GCMRL#  430 dt   0.448000 rms  0.522  2.695% neg 0  invalid 762 tFOTS 3.7020 tGradient 0.8060 tsec 4.8170
#FOTS# QuadFit found better minimum quadopt=(dt=0.448,rms=0.517422) vs oldopt=(dt=0.32,rms=0.518668)
#GCMRL#  431 dt   0.448000 rms  0.517  0.853% neg 0  invalid 762 tFOTS 3.2860 tGradient 0.7660 tsec 4.3020
#FOTS# QuadFit found better minimum quadopt=(dt=0.448,rms=0.514697) vs oldopt=(dt=0.32,rms=0.515469)
#GCMRL#  432 dt   0.448000 rms  0.515  0.527% neg 0  invalid 762 tFOTS 2.9260 tGradient 0.6110 tsec 3.7860
#FOTS# QuadFit found better minimum quadopt=(dt=0.448,rms=0.512877) vs oldopt=(dt=0.32,rms=0.513388)
#GCMRL#  433 dt   0.448000 rms  0.513  0.354% neg 0  invalid 762 tFOTS 2.9200 tGradient 0.6510 tsec 3.8190
#FOTS# QuadFit found better minimum quadopt=(dt=0.448,rms=0.511562) vs oldopt=(dt=0.32,rms=0.511932)
#GCMRL#  434 dt   0.448000 rms  0.512  0.256% neg 0  invalid 762 tFOTS 2.9280 tGradient 0.6510 tsec 3.8300
#FOTS# QuadFit found better minimum quadopt=(dt=0.448,rms=0.510531) vs oldopt=(dt=0.32,rms=0.510813)
#GCMRL#  435 dt   0.448000 rms  0.511  0.201% neg 0  invalid 762 tFOTS 2.9130 tGradient 0.6440 tsec 3.8070
#FOTS# QuadFit found better minimum quadopt=(dt=0.5,rms=0.509602) vs oldopt=(dt=0.32,rms=0.509926)
#GCMRL#  436 dt   0.500000 rms  0.510  0.182% neg 0  invalid 762 tFOTS 2.9470 tGradient 0.6060 tsec 3.8050
#FOTS# QuadFit found better minimum quadopt=(dt=0.448,rms=0.508947) vs oldopt=(dt=0.32,rms=0.509123)
#GCMRL#  437 dt   0.448000 rms  0.509  0.128% neg 0  invalid 762 tFOTS 2.9250 tGradient 0.6520 tsec 3.8270
#FOTS# QuadFit found better minimum quadopt=(dt=0.448,rms=0.508384) vs oldopt=(dt=0.32,rms=0.508537)
#GCMRL#  438 dt   0.448000 rms  0.508  0.111% neg 0  invalid 762 tFOTS 2.8970 tGradient 0.6580 tsec 3.8050
#FOTS# QuadFit found better minimum quadopt=(dt=0.448,rms=0.507924) vs oldopt=(dt=0.32,rms=0.508045)
#GCMRL#  439 dt   0.448000 rms  0.508  0.090% neg 0  invalid 762 tFOTS 2.9810 tGradient 0.6480 tsec 3.8780
#FOTS# QuadFit found better minimum quadopt=(dt=0.448,rms=0.507512) vs oldopt=(dt=0.32,rms=0.507621)
#GCMRL#  440 dt   0.448000 rms  0.508  0.081% neg 0  invalid 762 tFOTS 2.9180 tGradient 0.6490 tsec 3.8880
#FOTS# QuadFit found better minimum quadopt=(dt=0.448,rms=0.507172) vs oldopt=(dt=0.32,rms=0.507259)
#GCMRL#  441 dt   0.448000 rms  0.507  0.067% neg 0  invalid 762 tFOTS 3.0360 tGradient 0.8230 tsec 4.1060
#FOTS# QuadFit found better minimum quadopt=(dt=0.448,rms=0.506851) vs oldopt=(dt=0.32,rms=0.506933)
#GCMRL#  442 dt   0.448000 rms  0.507  0.063% neg 0  invalid 762 tFOTS 2.9260 tGradient 0.6110 tsec 3.7870
#FOTS# QuadFit found better minimum quadopt=(dt=0.448,rms=0.506594) vs oldopt=(dt=0.32,rms=0.506658)
#GCMRL#  443 dt   0.448000 rms  0.507  0.051% neg 0  invalid 762 tFOTS 2.9300 tGradient 0.6140 tsec 3.7920
#FOTS# QuadFit found better minimum quadopt=(dt=0.448,rms=0.506336) vs oldopt=(dt=0.32,rms=0.506399)
#GCMRL#  444 dt   0.448000 rms  0.506  0.051% neg 0  invalid 762 tFOTS 2.9320 tGradient 0.6110 tsec 3.7900
#FOTS# QuadFit found better minimum quadopt=(dt=0.448,rms=0.50614) vs oldopt=(dt=0.32,rms=0.506187)
#GCMRL#  445 dt   0.448000 rms  0.506  0.000% neg 0  invalid 762 tFOTS 2.9290 tGradient 0.6070 tsec 3.8050
#GCMRL#  446 dt   0.448000 rms  0.506  0.042% neg 0  invalid 762 tFOTS 0.0000 tGradient 0.6070 tsec 0.8510
#GCMRL#  447 dt   0.448000 rms  0.506  0.069% neg 0  invalid 762 tFOTS 0.0000 tGradient 0.6130 tsec 0.8600
#GCMRL#  448 dt   0.448000 rms  0.505  0.089% neg 0  invalid 762 tFOTS 0.0000 tGradient 0.6510 tsec 0.8990
#GCMRL#  449 dt   0.448000 rms  0.505  0.101% neg 0  invalid 762 tFOTS 0.0000 tGradient 0.6110 tsec 0.8560
#GCMRL#  450 dt   0.448000 rms  0.504  0.103% neg 0  invalid 762 tFOTS 0.0000 tGradient 0.6540 tsec 0.8970
#GCMRL#  451 dt   0.448000 rms  0.504  0.095% neg 0  invalid 762 tFOTS 0.0000 tGradient 0.6200 tsec 0.9330
#GCMRL#  452 dt   0.448000 rms  0.503  0.070% neg 0  invalid 762 tFOTS 0.0000 tGradient 0.7450 tsec 1.0450
#GCMRL#  453 dt   0.448000 rms  0.503  0.058% neg 0  invalid 762 tFOTS 0.0000 tGradient 0.7530 tsec 1.0580
#GCMRL#  454 dt   0.448000 rms  0.503 -0.002% neg 0  invalid 762 tFOTS 0.0000 tGradient 0.8210 tsec 1.4910
#FOTS# QuadFit found better minimum quadopt=(dt=0.112,rms=0.502969) vs oldopt=(dt=0.08,rms=0.50297)
#GCMRL#  455 dt   0.112000 rms  0.503  0.001% neg 0  invalid 762 tFOTS 3.7830 tGradient 0.6600 tsec 4.7700
#FOTS# QuadFit found better minimum quadopt=(dt=0.112,rms=0.502961) vs oldopt=(dt=0.08,rms=0.502962)
#GCMRL#  456 dt   0.112000 rms  0.503  0.002% neg 0  invalid 762 tFOTS 3.2980 tGradient 0.7780 tsec 4.3240
#FOTS# QuadFit found better minimum quadopt=(dt=0.384,rms=0.502956) vs oldopt=(dt=0.32,rms=0.502956)

#GCAMreg# pass 0 level1 0 level2 1 tsec 95.001 sigma 0.5
l_jacobian=1.00 l_label=1.00 l_log_likelihood=0.20 l_smoothness=2.00 
tol=5.00e-02, dt=5.00e-02, exp_k=20.0, momentum=0.90, levels=6, niter=500, lbl_dist=10.00, avgs=0, sigma=0.5,type=2, relabel=0, neg=no

blurring input image with Gaussian with sigma=0.500...
GCAMRegisterLevel(): init RMS 0.503339
#FOTS# QuadFit found better minimum quadopt=(dt=0.448,rms=0.500047) vs oldopt=(dt=0.32,rms=0.500814)
#GCMRL#  458 dt   0.448000 rms  0.500  0.654% neg 0  invalid 762 tFOTS 3.1860 tGradient 0.6490 tsec 4.0830
#FOTS# QuadFit found better minimum quadopt=(dt=0.448,rms=0.499814) vs oldopt=(dt=0.32,rms=0.49987)
#GCMRL#  459 dt   0.448000 rms  0.500  0.000% neg 0  invalid 762 tFOTS 3.4630 tGradient 0.8250 tsec 4.5520
#GCMRL#  460 dt   0.448000 rms  0.500  0.005% neg 0  invalid 762 tFOTS 0.0000 tGradient 0.6510 tsec 0.8970
#GCMRL#  461 dt   0.448000 rms  0.500  0.004% neg 0  invalid 762 tFOTS 0.0000 tGradient 0.8210 tsec 1.1520
GCAMregister done in 20.5892 min
********************* ALLOWING NEGATIVE NODES IN DEFORMATION********************************
noneg post
Starting GCAMregister()
label assignment complete, 0 changed (0.00%)
npasses = 1, nlevels = 6
#pass# 1 of 1 ************************
enabling zero nodes
setting smoothness cost coefficient to 0.008

#GCAMreg# pass 0 level1 5 level2 0 tsec 0 sigma 2
l_jacobian=1.00 l_label=1.00 l_log_likelihood=0.20 l_smoothness=0.01 
tol=2.50e-01, dt=5.00e-02, exp_k=20.0, momentum=0.90, levels=6, niter=500, lbl_dist=10.00, avgs=256, sigma=2.0,type=2, relabel=0, neg=yes

blurring input image with Gaussian with sigma=2.000...
GCAMRegisterLevel(): init RMS 0.497089
#FOTS# QuadFit found better minimum quadopt=(dt=32.368,rms=0.496686) vs oldopt=(dt=23.12,rms=0.496687)
#GCMRL#  463 dt  32.368000 rms  0.497  0.081% neg 0  invalid 762 tFOTS 3.7040 tGradient 2.5980 tsec 6.5510
#FOTS# QuadFit found better minimum quadopt=(dt=32.368,rms=0.496673) vs oldopt=(dt=23.12,rms=0.496675)
#GCMRL#  464 dt  32.368000 rms  0.497  0.000% neg 0  invalid 762 tFOTS 3.6980 tGradient 2.4170 tsec 6.3820
#GCMRL#  465 dt  32.368000 rms  0.497  0.004% neg 0  invalid 762 tFOTS 0.0000 tGradient 2.5120 tsec 2.7540
#GCMRL#  466 dt  32.368000 rms  0.497  0.005% neg 0  invalid 762 tFOTS 0.0000 tGradient 2.4060 tsec 2.6470
#GCMRL#  467 dt  32.368000 rms  0.497  0.005% neg 0  invalid 762 tFOTS 0.0000 tGradient 2.4070 tsec 2.6490
#GCMRL#  468 dt  32.368000 rms  0.497  0.006% neg 0  invalid 762 tFOTS 0.0000 tGradient 2.4120 tsec 2.6530
#GCMRL#  469 dt  32.368000 rms  0.497  0.010% neg 0  invalid 762 tFOTS 0.0000 tGradient 2.4050 tsec 2.6440
#GCMRL#  470 dt  32.368000 rms  0.496  0.011% neg 0  invalid 762 tFOTS 0.0000 tGradient 2.3780 tsec 2.6190
#GCMRL#  471 dt  32.368000 rms  0.496  0.014% neg 0  invalid 762 tFOTS 0.0000 tGradient 2.6570 tsec 2.9010
#GCMRL#  472 dt  32.368000 rms  0.496  0.015% neg 0  invalid 762 tFOTS 0.0000 tGradient 2.5380 tsec 2.7820
#GCMRL#  473 dt  32.368000 rms  0.496  0.016% neg 0  invalid 762 tFOTS 0.0000 tGradient 2.5410 tsec 2.7850
#GCMRL#  474 dt  32.368000 rms  0.496  0.016% neg 0  invalid 762 tFOTS 0.0000 tGradient 2.5390 tsec 2.7840
#GCMRL#  475 dt  32.368000 rms  0.496  0.017% neg 0  invalid 762 tFOTS 0.0000 tGradient 2.5470 tsec 2.7910
#GCMRL#  476 dt  32.368000 rms  0.496  0.018% neg 0  invalid 762 tFOTS 0.0000 tGradient 2.5450 tsec 2.7920

#GCAMreg# pass 0 level1 5 level2 1 tsec 58.952 sigma 0.5
l_jacobian=1.00 l_label=1.00 l_log_likelihood=0.20 l_smoothness=0.01 
tol=2.50e-01, dt=5.00e-02, exp_k=20.0, momentum=0.90, levels=6, niter=500, lbl_dist=10.00, avgs=256, sigma=0.5,type=2, relabel=0, neg=yes

blurring input image with Gaussian with sigma=0.500...
GCAMRegisterLevel(): init RMS 0.49627
#FOTS# QuadFit found better minimum quadopt=(dt=295.936,rms=0.495006) vs oldopt=(dt=369.92,rms=0.495057)
#GCMRL#  478 dt 295.936000 rms  0.495  0.255% neg 0  invalid 762 tFOTS 3.6120 tGradient 2.4670 tsec 6.3250
#GCMRL#  479 dt  92.480000 rms  0.495  0.000% neg 0  invalid 762 tFOTS 3.5350 tGradient 2.4630 tsec 6.2680
#GCMRL#  480 dt  92.480000 rms  0.495  0.013% neg 0  invalid 762 tFOTS 0.0000 tGradient 2.4820 tsec 2.7250
#GCMRL#  481 dt  92.480000 rms  0.495  0.020% neg 0  invalid 762 tFOTS 0.0000 tGradient 2.4670 tsec 2.7080
#GCMRL#  482 dt  92.480000 rms  0.495  0.028% neg 0  invalid 762 tFOTS 0.0000 tGradient 2.4880 tsec 2.7300
#GCMRL#  483 dt  92.480000 rms  0.494  0.032% neg 0  invalid 762 tFOTS 0.0000 tGradient 2.4720 tsec 2.7140
#GCMRL#  484 dt  92.480000 rms  0.494  0.029% neg 0  invalid 762 tFOTS 0.0000 tGradient 2.4630 tsec 2.7050
#GCMRL#  485 dt  92.480000 rms  0.494  0.025% neg 0  invalid 762 tFOTS 0.0000 tGradient 2.4540 tsec 2.7190
#FOTS# QuadFit found better minimum quadopt=(dt=295.936,rms=0.494034) vs oldopt=(dt=369.92,rms=0.49404)
setting smoothness cost coefficient to 0.031

#GCAMreg# pass 0 level1 4 level2 0 tsec 0 sigma 2
l_jacobian=1.00 l_label=1.00 l_log_likelihood=0.20 l_smoothness=0.03 
tol=2.50e-01, dt=5.00e-02, exp_k=20.0, momentum=0.90, levels=6, niter=500, lbl_dist=10.00, avgs=64, sigma=2.0,type=2, relabel=0, neg=yes

blurring input image with Gaussian with sigma=2.000...
GCAMRegisterLevel(): init RMS 0.494465
#GCMRL#  487 dt 103.680000 rms  0.493  0.308% neg 0  invalid 762 tFOTS 3.7080 tGradient 1.8560 tsec 5.8110
#FOTS# QuadFit found better minimum quadopt=(dt=124.416,rms=0.491111) vs oldopt=(dt=103.68,rms=0.49119)
#GCMRL#  488 dt 124.416000 rms  0.491  0.372% neg 0  invalid 762 tFOTS 3.5380 tGradient 1.8690 tsec 5.6510
#FOTS# QuadFit found better minimum quadopt=(dt=36.288,rms=0.490184) vs oldopt=(dt=25.92,rms=0.490281)
#GCMRL#  489 dt  36.288000 rms  0.490  0.000% neg 0  invalid 762 tFOTS 3.8690 tGradient 2.0330 tsec 6.1900
#GCMRL#  490 dt  36.288000 rms  0.490  0.057% neg 0  invalid 762 tFOTS 0.0000 tGradient 1.9330 tsec 2.2350
#GCMRL#  491 dt  36.288000 rms  0.489  0.095% neg 0  invalid 762 tFOTS 0.0000 tGradient 1.9040 tsec 2.1410
iter 0, gcam->neg = 2
after 6 iterations, nbhd size=1, neg = 0
#GCMRL#  492 dt  36.288000 rms  0.489  0.155% neg 0  invalid 762 tFOTS 0.0000 tGradient 2.0090 tsec 4.9620
#GCMRL#  493 dt  36.288000 rms  0.488  0.164% neg 0  invalid 762 tFOTS 0.0000 tGradient 1.6470 tsec 1.8850
#GCMRL#  494 dt  36.288000 rms  0.487  0.161% neg 0  invalid 762 tFOTS 0.0000 tGradient 1.6050 tsec 1.8470
#GCMRL#  495 dt  36.288000 rms  0.486  0.134% neg 0  invalid 762 tFOTS 0.0000 tGradient 1.5320 tsec 1.7750
iter 0, gcam->neg = 2
after 6 iterations, nbhd size=1, neg = 0
#GCMRL#  496 dt  36.288000 rms  0.486  0.116% neg 0  invalid 762 tFOTS 0.0000 tGradient 1.5720 tsec 4.3810
iter 0, gcam->neg = 3
after 3 iterations, nbhd size=0, neg = 0
#GCMRL#  497 dt  36.288000 rms  0.485  0.084% neg 0  invalid 762 tFOTS 0.0000 tGradient 1.5230 tsec 3.4000
#GCMRL#  498 dt 103.680000 rms  0.485  0.000% neg 0  invalid 762 tFOTS 3.6030 tGradient 1.5090 tsec 5.3710

#GCAMreg# pass 0 level1 4 level2 1 tsec 57.812 sigma 0.5
l_jacobian=1.00 l_label=1.00 l_log_likelihood=0.20 l_smoothness=0.03 
tol=2.50e-01, dt=5.00e-02, exp_k=20.0, momentum=0.90, levels=6, niter=500, lbl_dist=10.00, avgs=64, sigma=0.5,type=2, relabel=0, neg=yes

blurring input image with Gaussian with sigma=0.500...
GCAMRegisterLevel(): init RMS 0.48572
#FOTS# QuadFit found better minimum quadopt=(dt=65.2611,rms=0.484104) vs oldopt=(dt=103.68,rms=0.484376)
#GCMRL#  500 dt  65.261084 rms  0.484  0.333% neg 0  invalid 762 tFOTS 4.4040 tGradient 1.5130 tsec 6.2170
#FOTS# QuadFit found better minimum quadopt=(dt=36.288,rms=0.483419) vs oldopt=(dt=25.92,rms=0.483545)
#GCMRL#  501 dt  36.288000 rms  0.483  0.000% neg 0  invalid 762 tFOTS 3.6140 tGradient 1.5630 tsec 5.4430
#GCMRL#  502 dt  36.288000 rms  0.483  0.085% neg 0  invalid 762 tFOTS 0.0000 tGradient 1.5730 tsec 1.8130
#GCMRL#  503 dt  36.288000 rms  0.483  0.105% neg 0  invalid 762 tFOTS 0.0000 tGradient 1.5140 tsec 1.7490
#GCMRL#  504 dt  36.288000 rms  0.482  0.134% neg 0  invalid 762 tFOTS 0.0000 tGradient 1.5160 tsec 1.7530
#GCMRL#  505 dt  36.288000 rms  0.481  0.124% neg 0  invalid 762 tFOTS 0.0000 tGradient 1.5570 tsec 1.7980
#GCMRL#  506 dt  36.288000 rms  0.481  0.111% neg 0  invalid 762 tFOTS 0.0000 tGradient 1.5190 tsec 1.7780
#FOTS# QuadFit found better minimum quadopt=(dt=145.152,rms=0.480405) vs oldopt=(dt=103.68,rms=0.480466)
#GCMRL#  507 dt 145.152000 rms  0.480  0.000% neg 0  invalid 762 tFOTS 3.5010 tGradient 1.4550 tsec 5.2170
setting smoothness cost coefficient to 0.118

#GCAMreg# pass 0 level1 3 level2 0 tsec 0 sigma 2
l_jacobian=1.00 l_label=1.00 l_log_likelihood=0.20 l_smoothness=0.12 
tol=2.50e-01, dt=5.00e-02, exp_k=20.0, momentum=0.90, levels=6, niter=500, lbl_dist=10.00, avgs=16, sigma=2.0,type=2, relabel=0, neg=yes

blurring input image with Gaussian with sigma=2.000...
GCAMRegisterLevel(): init RMS 0.481645
#FOTS# QuadFit found better minimum quadopt=(dt=50.326,rms=0.477357) vs oldopt=(dt=32,rms=0.477769)
iter 0, gcam->neg = 5
after 9 iterations, nbhd size=1, neg = 0
#GCMRL#  509 dt  50.325991 rms  0.477  0.886% neg 0  invalid 762 tFOTS 3.7160 tGradient 1.2070 tsec 8.6660
#FOTS# QuadFit found better minimum quadopt=(dt=44.8,rms=0.473108) vs oldopt=(dt=32,rms=0.473393)
iter 0, gcam->neg = 4
after 8 iterations, nbhd size=1, neg = 0
#GCMRL#  510 dt  44.800000 rms  0.473  0.874% neg 0  invalid 762 tFOTS 4.2830 tGradient 1.2670 tsec 8.9800
#FOTS# QuadFit found better minimum quadopt=(dt=25.6,rms=0.471144) vs oldopt=(dt=32,rms=0.471279)
#GCMRL#  511 dt  25.600000 rms  0.471  0.436% neg 0  invalid 762 tFOTS 3.8520 tGradient 1.2340 tsec 5.3310
iter 0, gcam->neg = 11
after 10 iterations, nbhd size=1, neg = 0
#GCMRL#  512 dt 128.000000 rms  0.468  0.719% neg 0  invalid 762 tFOTS 3.6980 tGradient 1.2560 tsec 9.0250
#FOTS# QuadFit found better minimum quadopt=(dt=25.6,rms=0.465811) vs oldopt=(dt=32,rms=0.465991)
iter 0, gcam->neg = 1
after 0 iterations, nbhd size=0, neg = 0
#GCMRL#  513 dt  25.600000 rms  0.466  0.415% neg 0  invalid 762 tFOTS 3.6940 tGradient 1.2620 tsec 5.8710
#GCMRL#  514 dt  32.000000 rms  0.465  0.000% neg 0  invalid 762 tFOTS 3.7090 tGradient 1.2190 tsec 5.1930
#GCMRL#  515 dt  32.000000 rms  0.464  0.163% neg 0  invalid 762 tFOTS 0.0000 tGradient 1.2600 tsec 1.5030
iter 0, gcam->neg = 5
after 12 iterations, nbhd size=1, neg = 0
#GCMRL#  516 dt  32.000000 rms  0.463  0.225% neg 0  invalid 762 tFOTS 0.0000 tGradient 1.2570 tsec 5.9490
iter 0, gcam->neg = 6
after 11 iterations, nbhd size=1, neg = 0
#GCMRL#  517 dt  32.000000 rms  0.462  0.171% neg 0  invalid 762 tFOTS 0.0000 tGradient 1.2580 tsec 5.6500
iter 0, gcam->neg = 7
after 4 iterations, nbhd size=0, neg = 0
#GCMRL#  518 dt  32.000000 rms  0.460  0.375% neg 0  invalid 762 tFOTS 0.0000 tGradient 1.2320 tsec 3.3930
iter 0, gcam->neg = 4
after 2 iterations, nbhd size=0, neg = 0
#GCMRL#  519 dt  32.000000 rms  0.459  0.276% neg 0  invalid 762 tFOTS 0.0000 tGradient 1.2580 tsec 2.8030
iter 0, gcam->neg = 11
after 2 iterations, nbhd size=0, neg = 0
#GCMRL#  520 dt  32.000000 rms  0.458  0.318% neg 0  invalid 762 tFOTS 0.0000 tGradient 1.2460 tsec 2.7910
iter 0, gcam->neg = 5
after 5 iterations, nbhd size=0, neg = 0
#GCMRL#  521 dt  32.000000 rms  0.457  0.141% neg 0  invalid 762 tFOTS 0.0000 tGradient 1.3280 tsec 3.8150
iter 0, gcam->neg = 4
after 8 iterations, nbhd size=1, neg = 0
#GCMRL#  522 dt  32.000000 rms  0.456  0.301% neg 0  invalid 762 tFOTS 0.0000 tGradient 1.2630 tsec 4.6980
iter 0, gcam->neg = 5
after 13 iterations, nbhd size=1, neg = 0
#GCMRL#  523 dt  32.000000 rms  0.455  0.219% neg 0  invalid 762 tFOTS 0.0000 tGradient 1.2540 tsec 6.2700
iter 0, gcam->neg = 7
after 5 iterations, nbhd size=0, neg = 0
#GCMRL#  524 dt  32.000000 rms  0.454  0.173% neg 0  invalid 762 tFOTS 0.0000 tGradient 1.2610 tsec 3.7460
iter 0, gcam->neg = 10
after 9 iterations, nbhd size=1, neg = 0
#GCMRL#  525 dt  32.000000 rms  0.454  0.022% neg 0  invalid 762 tFOTS 0.0000 tGradient 1.3110 tsec 5.1040
iter 0, gcam->neg = 8
after 11 iterations, nbhd size=1, neg = 0
#GCMRL#  526 dt  32.000000 rms  0.453  0.174% neg 0  invalid 762 tFOTS 0.0000 tGradient 1.2740 tsec 5.6390
iter 0, gcam->neg = 6
after 11 iterations, nbhd size=1, neg = 0
#GCMRL#  527 dt  32.000000 rms  0.452  0.176% neg 0  invalid 762 tFOTS 0.0000 tGradient 1.2400 tsec 5.6010
iter 0, gcam->neg = 8
after 16 iterations, nbhd size=1, neg = 0
#GCMRL#  528 dt  32.000000 rms  0.452  0.027% neg 0  invalid 762 tFOTS 0.0000 tGradient 1.3150 tsec 7.3140
iter 0, gcam->neg = 5
after 3 iterations, nbhd size=0, neg = 0
#GCMRL#  529 dt  32.000000 rms  0.452  0.092% neg 0  invalid 762 tFOTS 0.0000 tGradient 1.2570 tsec 3.1090
iter 0, gcam->neg = 9
after 9 iterations, nbhd size=1, neg = 0
#GCMRL#  530 dt  32.000000 rms  0.451  0.036% neg 0  invalid 762 tFOTS 0.0000 tGradient 1.2540 tsec 5.0280
#FOTS# QuadFit found better minimum quadopt=(dt=11.2,rms=0.450963) vs oldopt=(dt=8,rms=0.45108)
#GCMRL#  531 dt  11.200000 rms  0.451  0.104% neg 0  invalid 762 tFOTS 3.6220 tGradient 1.2340 tsec 5.0970
#FOTS# QuadFit found better minimum quadopt=(dt=11.2,rms=0.450706) vs oldopt=(dt=8,rms=0.450728)
#GCMRL#  532 dt  11.200000 rms  0.451  0.000% neg 0  invalid 762 tFOTS 3.6410 tGradient 1.2790 tsec 5.1840
#GCMRL#  533 dt  11.200000 rms  0.451  0.016% neg 0  invalid 762 tFOTS 0.0000 tGradient 1.2570 tsec 1.4990
#GCMRL#  534 dt  11.200000 rms  0.451  0.006% neg 0  invalid 762 tFOTS 0.0000 tGradient 1.2780 tsec 1.5190
iter 0, gcam->neg = 1
after 2 iterations, nbhd size=0, neg = 0

#GCAMreg# pass 0 level1 3 level2 1 tsec 141.968 sigma 0.5
l_jacobian=1.00 l_label=1.00 l_log_likelihood=0.20 l_smoothness=0.12 
tol=2.50e-01, dt=5.00e-02, exp_k=20.0, momentum=0.90, levels=6, niter=500, lbl_dist=10.00, avgs=16, sigma=0.5,type=2, relabel=0, neg=yes

blurring input image with Gaussian with sigma=0.500...
GCAMRegisterLevel(): init RMS 0.450967
#FOTS# QuadFit found better minimum quadopt=(dt=61.2766,rms=0.448394) vs oldopt=(dt=32,rms=0.448714)
iter 0, gcam->neg = 1
after 6 iterations, nbhd size=1, neg = 0
#GCMRL#  536 dt  61.276596 rms  0.448  0.569% neg 0  invalid 762 tFOTS 3.6470 tGradient 1.2620 tsec 7.7220
#FOTS# QuadFit found better minimum quadopt=(dt=25.5319,rms=0.447641) vs oldopt=(dt=32,rms=0.447739)
#GCMRL#  537 dt  25.531915 rms  0.448  0.000% neg 0  invalid 762 tFOTS 3.6870 tGradient 1.2350 tsec 5.1840
iter 0, gcam->neg = 1
after 0 iterations, nbhd size=0, neg = 0
#GCMRL#  538 dt  25.531915 rms  0.447  0.059% neg 0  invalid 762 tFOTS 0.0000 tGradient 1.3190 tsec 2.2480
#GCMRL#  539 dt  25.531915 rms  0.447  0.094% neg 0  invalid 762 tFOTS 0.0000 tGradient 1.3830 tsec 1.6210
#GCMRL#  540 dt  25.531915 rms  0.447  0.092% neg 0  invalid 762 tFOTS 0.0000 tGradient 1.3620 tsec 1.6000
iter 0, gcam->neg = 3
after 0 iterations, nbhd size=0, neg = 0
#GCMRL#  541 dt  25.531915 rms  0.446  0.087% neg 0  invalid 762 tFOTS 0.0000 tGradient 1.2170 tsec 2.1430
#FOTS# QuadFit found better minimum quadopt=(dt=11.2,rms=0.446025) vs oldopt=(dt=8,rms=0.446046)
setting smoothness cost coefficient to 0.400

#GCAMreg# pass 0 level1 2 level2 0 tsec 0 sigma 2
l_jacobian=1.00 l_label=1.00 l_log_likelihood=0.20 l_smoothness=0.40 
tol=2.50e-01, dt=5.00e-02, exp_k=20.0, momentum=0.90, levels=6, niter=500, lbl_dist=10.00, avgs=4, sigma=2.0,type=2, relabel=0, neg=yes

blurring input image with Gaussian with sigma=2.000...
GCAMRegisterLevel(): init RMS 0.457491
#FOTS# QuadFit found better minimum quadopt=(dt=1.008,rms=0.457053) vs oldopt=(dt=0.72,rms=0.457057)
#GCMRL#  543 dt   1.008000 rms  0.457  0.096% neg 0  invalid 762 tFOTS 3.7100 tGradient 1.1770 tsec 5.1330
#FOTS# QuadFit found better minimum quadopt=(dt=0.252,rms=0.457049) vs oldopt=(dt=0.18,rms=0.45705)
#GCMRL#  544 dt   0.252000 rms  0.457  0.000% neg 0  invalid 762 tFOTS 3.7030 tGradient 1.1670 tsec 5.1350
#GCMRL#  545 dt   0.252000 rms  0.457  0.000% neg 0  invalid 762 tFOTS 0.0000 tGradient 1.2080 tsec 1.4490

#GCAMreg# pass 0 level1 2 level2 1 tsec 23.553 sigma 0.5
l_jacobian=1.00 l_label=1.00 l_log_likelihood=0.20 l_smoothness=0.40 
tol=2.50e-01, dt=5.00e-02, exp_k=20.0, momentum=0.90, levels=6, niter=500, lbl_dist=10.00, avgs=4, sigma=0.5,type=2, relabel=0, neg=yes

blurring input image with Gaussian with sigma=0.500...
GCAMRegisterLevel(): init RMS 0.457445
#FOTS# QuadFit found better minimum quadopt=(dt=2.26667,rms=0.45694) vs oldopt=(dt=2.88,rms=0.45696)
#GCMRL#  547 dt   2.266667 rms  0.457  0.110% neg 0  invalid 762 tFOTS 3.8600 tGradient 1.2990 tsec 5.4050
#GCMRL#  548 dt   0.720000 rms  0.457  0.000% neg 0  invalid 762 tFOTS 3.7350 tGradient 1.1700 tsec 5.1680
setting smoothness cost coefficient to 1.000

#GCAMreg# pass 0 level1 1 level2 0 tsec 0 sigma 2
l_jacobian=1.00 l_label=1.00 l_log_likelihood=0.20 l_smoothness=1.00 
tol=2.50e-01, dt=5.00e-02, exp_k=20.0, momentum=0.90, levels=6, niter=500, lbl_dist=10.00, avgs=1, sigma=2.0,type=2, relabel=0, neg=yes

blurring input image with Gaussian with sigma=2.000...
GCAMRegisterLevel(): init RMS 0.476221
#FOTS# QuadFit found better minimum quadopt=(dt=1.536,rms=0.47335) vs oldopt=(dt=1.28,rms=0.473407)
#GCMRL#  550 dt   1.536000 rms  0.473  0.603% neg 0  invalid 762 tFOTS 3.7080 tGradient 1.1550 tsec 5.1030
#FOTS# QuadFit found better minimum quadopt=(dt=0.448,rms=0.473252) vs oldopt=(dt=0.32,rms=0.473263)
#GCMRL#  551 dt   0.448000 rms  0.473  0.000% neg 0  invalid 762 tFOTS 3.7330 tGradient 1.0490 tsec 5.0440

#GCAMreg# pass 0 level1 1 level2 1 tsec 21.917 sigma 0.5
l_jacobian=1.00 l_label=1.00 l_log_likelihood=0.20 l_smoothness=1.00 
tol=2.50e-01, dt=5.00e-02, exp_k=20.0, momentum=0.90, levels=6, niter=500, lbl_dist=10.00, avgs=1, sigma=0.5,type=2, relabel=0, neg=yes

blurring input image with Gaussian with sigma=0.500...
GCAMRegisterLevel(): init RMS 0.473623
iter 0, gcam->neg = 1
after 0 iterations, nbhd size=0, neg = 0
#GCMRL#  553 dt   1.280000 rms  0.473  0.200% neg 0  invalid 762 tFOTS 3.6920 tGradient 1.0470 tsec 5.6480
#FOTS# QuadFit found better minimum quadopt=(dt=0.384,rms=0.472632) vs oldopt=(dt=0.32,rms=0.472633)
#GCMRL#  554 dt   0.384000 rms  0.473  0.000% neg 0  invalid 762 tFOTS 3.7160 tGradient 1.0250 tsec 5.0010
resetting metric properties...
setting smoothness cost coefficient to 2.000

#GCAMreg# pass 0 level1 0 level2 0 tsec 0 sigma 2
l_jacobian=1.00 l_label=1.00 l_log_likelihood=0.20 l_smoothness=2.00 
tol=2.50e-01, dt=5.00e-02, exp_k=20.0, momentum=0.90, levels=6, niter=500, lbl_dist=10.00, avgs=0, sigma=2.0,type=2, relabel=0, neg=yes

blurring input image with Gaussian with sigma=2.000...
GCAMRegisterLevel(): init RMS 0.457935
#FOTS# QuadFit found better minimum quadopt=(dt=2.1993,rms=0.427117) vs oldopt=(dt=1.28,rms=0.432579)
iter 0, gcam->neg = 920
after 17 iterations, nbhd size=1, neg = 0
#GCMRL#  556 dt   2.199297 rms  0.429  6.364% neg 0  invalid 762 tFOTS 3.7270 tGradient 0.6280 tsec 10.7240
#GCMRL#  557 dt   0.080000 rms  0.429  0.000% neg 0  invalid 762 tFOTS 3.8480 tGradient 0.6560 tsec 4.7670

#GCAMreg# pass 0 level1 0 level2 1 tsec 26.902 sigma 0.5
l_jacobian=1.00 l_label=1.00 l_log_likelihood=0.20 l_smoothness=2.00 
tol=2.50e-01, dt=5.00e-02, exp_k=20.0, momentum=0.90, levels=6, niter=500, lbl_dist=10.00, avgs=0, sigma=0.5,type=2, relabel=0, neg=yes

blurring input image with Gaussian with sigma=0.500...
GCAMRegisterLevel(): init RMS 0.429046
#FOTS# QuadFit found better minimum quadopt=(dt=0.028,rms=0.428559) vs oldopt=(dt=0.02,rms=0.428571)
#GCMRL#  559 dt   0.028000 rms  0.429  0.114% neg 0  invalid 762 tFOTS 3.7610 tGradient 0.6230 tsec 4.6290
#GCMRL#  560 dt   0.020000 rms  0.429  0.000% neg 0  invalid 762 tFOTS 3.7550 tGradient 0.6260 tsec 4.6480
label assignment complete, 0 changed (0.00%)
GCAMregister done in 7.68238 min
Starting GCAMcomputeMaxPriorLabels()
Morphing with label term set to 0 *******************************
Starting GCAMregister()
label assignment complete, 0 changed (0.00%)
npasses = 1, nlevels = 6
#pass# 1 of 1 ************************
enabling zero nodes
setting smoothness cost coefficient to 0.008

#GCAMreg# pass 0 level1 5 level2 0 tsec 0 sigma 2
l_jacobian=1.00 l_log_likelihood=0.20 l_smoothness=0.01 
tol=2.50e-01, dt=5.00e-02, exp_k=20.0, momentum=0.90, levels=6, niter=500, lbl_dist=10.00, avgs=256, sigma=2.0,type=2, relabel=0, neg=yes

blurring input image with Gaussian with sigma=2.000...
GCAMRegisterLevel(): init RMS 0.413916

#GCAMreg# pass 0 level1 5 level2 1 tsec 15.679 sigma 0.5
l_jacobian=1.00 l_log_likelihood=0.20 l_smoothness=0.01 
tol=2.50e-01, dt=5.00e-02, exp_k=20.0, momentum=0.90, levels=6, niter=500, lbl_dist=10.00, avgs=256, sigma=0.5,type=2, relabel=0, neg=yes

blurring input image with Gaussian with sigma=0.500...
GCAMRegisterLevel(): init RMS 0.413916
#FOTS# QuadFit found better minimum quadopt=(dt=32.368,rms=0.413899) vs oldopt=(dt=23.12,rms=0.413902)
#GCMRL#  563 dt  32.368000 rms  0.414  0.004% neg 0  invalid 762 tFOTS 3.3250 tGradient 1.5080 tsec 5.0650
#FOTS# QuadFit found better minimum quadopt=(dt=32.368,rms=0.413892) vs oldopt=(dt=23.12,rms=0.413893)
#GCMRL#  564 dt  32.368000 rms  0.414  0.000% neg 0  invalid 762 tFOTS 3.3300 tGradient 1.5240 tsec 5.1060
#GCMRL#  565 dt  32.368000 rms  0.414  0.001% neg 0  invalid 762 tFOTS 0.0000 tGradient 1.5180 tsec 1.7430
#GCMRL#  566 dt  32.368000 rms  0.414  0.001% neg 0  invalid 762 tFOTS 0.0000 tGradient 1.5410 tsec 1.7710
#GCMRL#  567 dt  32.368000 rms  0.414  0.001% neg 0  invalid 762 tFOTS 0.0000 tGradient 1.5450 tsec 1.8290
#GCMRL#  568 dt  32.368000 rms  0.414  0.001% neg 0  invalid 762 tFOTS 0.0000 tGradient 1.5220 tsec 1.8320
#GCMRL#  569 dt  32.368000 rms  0.414  0.002% neg 0  invalid 762 tFOTS 0.0000 tGradient 1.4850 tsec 1.7040
#GCMRL#  570 dt  32.368000 rms  0.414  0.003% neg 0  invalid 762 tFOTS 0.0000 tGradient 1.5100 tsec 1.7300
#GCMRL#  571 dt  32.368000 rms  0.414  0.003% neg 0  invalid 762 tFOTS 0.0000 tGradient 1.4970 tsec 1.7170
setting smoothness cost coefficient to 0.031

#GCAMreg# pass 0 level1 4 level2 0 tsec 0 sigma 2
l_jacobian=1.00 l_log_likelihood=0.20 l_smoothness=0.03 
tol=2.50e-01, dt=5.00e-02, exp_k=20.0, momentum=0.90, levels=6, niter=500, lbl_dist=10.00, avgs=64, sigma=2.0,type=2, relabel=0, neg=yes

blurring input image with Gaussian with sigma=2.000...
GCAMRegisterLevel(): init RMS 0.414002
#FOTS# QuadFit found better minimum quadopt=(dt=2.268,rms=0.414) vs oldopt=(dt=1.62,rms=0.414001)
#GCMRL#  573 dt   2.268000 rms  0.414  0.000% neg 0  invalid 762 tFOTS 3.3060 tGradient 1.1100 tsec 4.6400
#FOTS# QuadFit found better minimum quadopt=(dt=2.268,rms=0.414) vs oldopt=(dt=1.62,rms=0.414)
#GCMRL#  574 dt   2.268000 rms  0.414  0.000% neg 0  invalid 762 tFOTS 3.3160 tGradient 1.0620 tsec 4.6220

#GCAMreg# pass 0 level1 4 level2 1 tsec 20.867 sigma 0.5
l_jacobian=1.00 l_log_likelihood=0.20 l_smoothness=0.03 
tol=2.50e-01, dt=5.00e-02, exp_k=20.0, momentum=0.90, levels=6, niter=500, lbl_dist=10.00, avgs=64, sigma=0.5,type=2, relabel=0, neg=yes

blurring input image with Gaussian with sigma=0.500...
GCAMRegisterLevel(): init RMS 0.414
#FOTS# QuadFit found better minimum quadopt=(dt=145.152,rms=0.41325) vs oldopt=(dt=103.68,rms=0.413383)
#GCMRL#  576 dt 145.152000 rms  0.413  0.181% neg 0  invalid 762 tFOTS 3.1640 tGradient 1.0620 tsec 4.4550
#GCMRL#  577 dt 103.680000 rms  0.413  0.000% neg 0  invalid 762 tFOTS 3.4990 tGradient 1.1190 tsec 4.9200
#GCMRL#  578 dt 103.680000 rms  0.413  0.026% neg 0  invalid 762 tFOTS 0.0000 tGradient 1.1280 tsec 1.4140
#GCMRL#  579 dt 103.680000 rms  0.412  0.113% neg 0  invalid 762 tFOTS 0.0000 tGradient 1.1180 tsec 1.3430
#GCMRL#  580 dt 103.680000 rms  0.412  0.071% neg 0  invalid 762 tFOTS 0.0000 tGradient 1.2460 tsec 1.5230
setting smoothness cost coefficient to 0.118

#GCAMreg# pass 0 level1 3 level2 0 tsec 0 sigma 2
l_jacobian=1.00 l_log_likelihood=0.20 l_smoothness=0.12 
tol=2.50e-01, dt=5.00e-02, exp_k=20.0, momentum=0.90, levels=6, niter=500, lbl_dist=10.00, avgs=16, sigma=2.0,type=2, relabel=0, neg=yes

blurring input image with Gaussian with sigma=2.000...
GCAMRegisterLevel(): init RMS 0.412694
#FOTS# QuadFit found better minimum quadopt=(dt=25.6,rms=0.411801) vs oldopt=(dt=32,rms=0.411881)
iter 0, gcam->neg = 1
after 7 iterations, nbhd size=1, neg = 0
#GCMRL#  582 dt  25.600000 rms  0.412  0.205% neg 0  invalid 762 tFOTS 3.4010 tGradient 0.9340 tsec 7.6340
#FOTS# QuadFit found better minimum quadopt=(dt=44.8,rms=0.410696) vs oldopt=(dt=32,rms=0.410899)
iter 0, gcam->neg = 3
after 3 iterations, nbhd size=0, neg = 0
#GCMRL#  583 dt  44.800000 rms  0.411  0.278% neg 0  invalid 762 tFOTS 3.3450 tGradient 0.8690 tsec 6.0720
#FOTS# QuadFit found better minimum quadopt=(dt=44.8,rms=0.410071) vs oldopt=(dt=32,rms=0.410185)
iter 0, gcam->neg = 6
after 8 iterations, nbhd size=1, neg = 0
#GCMRL#  584 dt  44.800000 rms  0.410  0.000% neg 0  invalid 762 tFOTS 3.1610 tGradient 0.8690 tsec 7.4610
iter 0, gcam->neg = 8
after 11 iterations, nbhd size=1, neg = 0
#GCMRL#  585 dt  44.800000 rms  0.410  0.140% neg 0  invalid 762 tFOTS 0.0000 tGradient 1.1110 tsec 5.6890
iter 0, gcam->neg = 23
after 13 iterations, nbhd size=1, neg = 0
#GCMRL#  586 dt  44.800000 rms  0.409  0.094% neg 0  invalid 762 tFOTS 0.0000 tGradient 0.9050 tsec 5.9170
iter 0, gcam->neg = 39
after 12 iterations, nbhd size=1, neg = 0
#GCMRL#  587 dt  44.800000 rms  0.409 -0.005% neg 0  invalid 762 tFOTS 0.0000 tGradient 0.8690 tsec 5.7120
#FOTS# QuadFit found better minimum quadopt=(dt=102.4,rms=0.408728) vs oldopt=(dt=128,rms=0.408771)
iter 0, gcam->neg = 21
after 12 iterations, nbhd size=1, neg = 0
#GCMRL#  588 dt 102.400000 rms  0.409  0.090% neg 0  invalid 762 tFOTS 3.1440 tGradient 0.8660 tsec 8.6980
#FOTS# QuadFit found better minimum quadopt=(dt=25.6,rms=0.408436) vs oldopt=(dt=32,rms=0.408439)
iter 0, gcam->neg = 2
after 6 iterations, nbhd size=1, neg = 0

#GCAMreg# pass 0 level1 3 level2 1 tsec 64.337 sigma 0.5
l_jacobian=1.00 l_log_likelihood=0.20 l_smoothness=0.12 
tol=2.50e-01, dt=5.00e-02, exp_k=20.0, momentum=0.90, levels=6, niter=500, lbl_dist=10.00, avgs=16, sigma=0.5,type=2, relabel=0, neg=yes

blurring input image with Gaussian with sigma=0.500...
GCAMRegisterLevel(): init RMS 0.408473
#FOTS# QuadFit found better minimum quadopt=(dt=67.6667,rms=0.405648) vs oldopt=(dt=32,rms=0.40624)
iter 0, gcam->neg = 4
after 0 iterations, nbhd size=0, neg = 0
#GCMRL#  590 dt  67.666667 rms  0.406  0.690% neg 0  invalid 762 tFOTS 3.3860 tGradient 0.8670 tsec 5.2690
#FOTS# QuadFit found better minimum quadopt=(dt=25.6,rms=0.4048) vs oldopt=(dt=32,rms=0.404873)
iter 0, gcam->neg = 1
after 4 iterations, nbhd size=0, neg = 0
#GCMRL#  591 dt  25.600000 rms  0.405  0.000% neg 0  invalid 762 tFOTS 3.5670 tGradient 1.2400 tsec 6.9850
iter 0, gcam->neg = 2
after 6 iterations, nbhd size=1, neg = 0
#GCMRL#  592 dt  25.600000 rms  0.404  0.094% neg 0  invalid 762 tFOTS 0.0000 tGradient 0.8720 tsec 3.6620
iter 0, gcam->neg = 6
after 3 iterations, nbhd size=0, neg = 0
#GCMRL#  593 dt  25.600000 rms  0.404  0.116% neg 0  invalid 762 tFOTS 0.0000 tGradient 0.8710 tsec 2.7130
iter 0, gcam->neg = 3
after 3 iterations, nbhd size=0, neg = 0
#GCMRL#  594 dt  25.600000 rms  0.403  0.141% neg 0  invalid 762 tFOTS 0.0000 tGradient 0.9430 tsec 2.7840
iter 0, gcam->neg = 3
after 4 iterations, nbhd size=0, neg = 0
#GCMRL#  595 dt  25.600000 rms  0.403  0.138% neg 0  invalid 762 tFOTS 0.0000 tGradient 1.0060 tsec 3.1600
iter 0, gcam->neg = 4
after 0 iterations, nbhd size=0, neg = 0
#GCMRL#  596 dt  25.600000 rms  0.402  0.156% neg 0  invalid 762 tFOTS 0.0000 tGradient 0.9470 tsec 1.8440
iter 0, gcam->neg = 4
after 3 iterations, nbhd size=0, neg = 0
#GCMRL#  597 dt  25.600000 rms  0.402  0.140% neg 0  invalid 762 tFOTS 0.0000 tGradient 0.9710 tsec 2.9340
iter 0, gcam->neg = 3
after 5 iterations, nbhd size=0, neg = 0
#GCMRL#  598 dt  25.600000 rms  0.401  0.117% neg 0  invalid 762 tFOTS 0.0000 tGradient 0.8700 tsec 3.3390
iter 0, gcam->neg = 5
after 10 iterations, nbhd size=1, neg = 0
#GCMRL#  599 dt  25.600000 rms  0.401  0.085% neg 0  invalid 762 tFOTS 0.0000 tGradient 0.9980 tsec 5.0590
#FOTS# QuadFit found better minimum quadopt=(dt=44.8,rms=0.400674) vs oldopt=(dt=32,rms=0.400697)
#GCMRL#  600 dt  44.800000 rms  0.401  0.000% neg 0  invalid 762 tFOTS 3.1740 tGradient 1.0210 tsec 4.4450
setting smoothness cost coefficient to 0.400

#GCAMreg# pass 0 level1 2 level2 0 tsec 0 sigma 2
l_jacobian=1.00 l_log_likelihood=0.20 l_smoothness=0.40 
tol=2.50e-01, dt=5.00e-02, exp_k=20.0, momentum=0.90, levels=6, niter=500, lbl_dist=10.00, avgs=4, sigma=2.0,type=2, relabel=0, neg=yes

blurring input image with Gaussian with sigma=2.000...
GCAMRegisterLevel(): init RMS 0.405666
#FOTS# QuadFit found better minimum quadopt=(dt=1.5,rms=0.405642) vs oldopt=(dt=0.72,rms=0.405646)
iter 0, gcam->neg = 1
after 1 iterations, nbhd size=0, neg = 0
#GCMRL#  602 dt   1.500000 rms  0.406  0.006% neg 0  invalid 762 tFOTS 3.4510 tGradient 0.8580 tsec 5.6140
#GCMRL#  603 dt   0.180000 rms  0.406  0.000% neg 0  invalid 762 tFOTS 3.4270 tGradient 0.8510 tsec 4.5340

#GCAMreg# pass 0 level1 2 level2 1 tsec 21.503 sigma 0.5
l_jacobian=1.00 l_log_likelihood=0.20 l_smoothness=0.40 
tol=2.50e-01, dt=5.00e-02, exp_k=20.0, momentum=0.90, levels=6, niter=500, lbl_dist=10.00, avgs=4, sigma=0.5,type=2, relabel=0, neg=yes

blurring input image with Gaussian with sigma=0.500...
GCAMRegisterLevel(): init RMS 0.405642
#FOTS# QuadFit found better minimum quadopt=(dt=3.456,rms=0.405548) vs oldopt=(dt=2.88,rms=0.405552)
#GCMRL#  605 dt   3.456000 rms  0.406  0.023% neg 0  invalid 762 tFOTS 3.5890 tGradient 0.7790 tsec 4.5950
#GCMRL#  606 dt   2.880000 rms  0.406  0.000% neg 0  invalid 762 tFOTS 3.8970 tGradient 0.7920 tsec 4.9330
iter 0, gcam->neg = 1
after 1 iterations, nbhd size=0, neg = 0
#GCMRL#  607 dt   2.880000 rms  0.405  0.002% neg 0  invalid 762 tFOTS 0.0000 tGradient 0.7850 tsec 2.0030
iter 0, gcam->neg = 1
after 1 iterations, nbhd size=0, neg = 0
setting smoothness cost coefficient to 1.000

#GCAMreg# pass 0 level1 1 level2 0 tsec 0 sigma 2
l_jacobian=1.00 l_log_likelihood=0.20 l_smoothness=1.00 
tol=2.50e-01, dt=5.00e-02, exp_k=20.0, momentum=0.90, levels=6, niter=500, lbl_dist=10.00, avgs=1, sigma=2.0,type=2, relabel=0, neg=yes

blurring input image with Gaussian with sigma=2.000...
GCAMRegisterLevel(): init RMS 0.414097
#GCMRL#  609 dt   0.000050 rms  0.414  0.000% neg 0  invalid 762 tFOTS 4.2350 tGradient 0.7420 tsec 5.2050

#GCAMreg# pass 0 level1 1 level2 1 tsec 19.67 sigma 0.5
l_jacobian=1.00 l_log_likelihood=0.20 l_smoothness=1.00 
tol=2.50e-01, dt=5.00e-02, exp_k=20.0, momentum=0.90, levels=6, niter=500, lbl_dist=10.00, avgs=1, sigma=0.5,type=2, relabel=0, neg=yes

blurring input image with Gaussian with sigma=0.500...
GCAMRegisterLevel(): init RMS 0.414097
resetting metric properties...
setting smoothness cost coefficient to 2.000

#GCAMreg# pass 0 level1 0 level2 0 tsec 0 sigma 2
l_jacobian=1.00 l_log_likelihood=0.20 l_smoothness=2.00 
tol=2.50e-01, dt=5.00e-02, exp_k=20.0, momentum=0.90, levels=6, niter=500, lbl_dist=10.00, avgs=0, sigma=2.0,type=2, relabel=0, neg=yes

blurring input image with Gaussian with sigma=2.000...
GCAMRegisterLevel(): init RMS 0.399664
#FOTS# QuadFit found better minimum quadopt=(dt=1.0681,rms=0.391231) vs oldopt=(dt=1.28,rms=0.391551)
iter 0, gcam->neg = 552
after 21 iterations, nbhd size=1, neg = 0
#GCMRL#  612 dt   1.068097 rms  0.393  1.702% neg 0  invalid 762 tFOTS 3.3790 tGradient 0.2710 tsec 11.1990
#FOTS# QuadFit found better minimum quadopt=(dt=2.73438e-05,rms=0.392862) vs oldopt=(dt=1.95313e-05,rms=0.392862)
#GCMRL#  613 dt   0.000027 rms  0.393  0.000% neg 0  invalid 762 tFOTS 4.2610 tGradient 0.2670 tsec 4.7730

#GCAMreg# pass 0 level1 0 level2 1 tsec 26.728 sigma 0.5
l_jacobian=1.00 l_log_likelihood=0.20 l_smoothness=2.00 
tol=2.50e-01, dt=5.00e-02, exp_k=20.0, momentum=0.90, levels=6, niter=500, lbl_dist=10.00, avgs=0, sigma=0.5,type=2, relabel=0, neg=yes

blurring input image with Gaussian with sigma=0.500...
GCAMRegisterLevel(): init RMS 0.392862
#FOTS# QuadFit found better minimum quadopt=(dt=0.112,rms=0.392638) vs oldopt=(dt=0.08,rms=0.392661)
#GCMRL#  615 dt   0.112000 rms  0.393  0.057% neg 0  invalid 762 tFOTS 3.5480 tGradient 0.2620 tsec 4.0380
#FOTS# QuadFit found better minimum quadopt=(dt=0.112,rms=0.392511) vs oldopt=(dt=0.08,rms=0.392526)
#GCMRL#  616 dt   0.112000 rms  0.393  0.000% neg 0  invalid 762 tFOTS 3.3910 tGradient 0.2610 tsec 3.8970
#GCMRL#  617 dt   0.112000 rms  0.392  0.036% neg 0  invalid 762 tFOTS 0.0000 tGradient 0.2640 tsec 0.4880
#GCMRL#  618 dt   0.112000 rms  0.392  0.022% neg 0  invalid 762 tFOTS 0.0000 tGradient 0.3070 tsec 0.5310
GCAMregister done in 4.7565 min
writing output transformation to transforms/talairach.m3z...
GCAMwrite
Calls to gcamLogLikelihoodEnergy 4434 tmin = 1.51683
Calls to gcamLabelEnergy         3834 tmin = 1.00442
Calls to gcamJacobianEnergy      4434 tmin = 0.79055
Calls to gcamSmoothnessEnergy    4434 tmin = 3.64753
Calls to gcamLogLikelihoodTerm 620 tmin = 0.606967
Calls to gcamLabelTerm         562 tmin = 4.18623
Calls to gcamJacobianTerm      620 tmin = 0.843633
Calls to gcamSmoothnessTerm    620 tmin = 0.3496
Calls to gcamComputeGradient    620 tmin = 18.4167
Calls to gcamComputeMetricProperties    6395 tmin = 1.70703
mri_ca_register took 0 hours, 43 minutes and 21 seconds.
#VMPC# mri_ca_register VmPeak  3111896
FSRUNTIME@ mri_ca_register  0.7226 hours 16 threads
#--------------------------------------
#@# SubCort Seg Mon Mar  9 10:54:11 CET 2026

 mri_ca_label -relabel_unlikely 9 .3 -prior 0.5 -align norm.mgz transforms/talairach.m3z /opt/freesurfer/average/RB_all_2020-01-02.gca aseg.auto_noCCseg.mgz 

sysname  Linux
hostname dna018
machine  x86_64

setenv SUBJECTS_DIR /out/sourcedata/freesurfer
cd /out/sourcedata/freesurfer/sub-v1s21x0050399_ses-1/mri
mri_ca_label -relabel_unlikely 9 .3 -prior 0.5 -align norm.mgz transforms/talairach.m3z /opt/freesurfer/average/RB_all_2020-01-02.gca aseg.auto_noCCseg.mgz 

relabeling unlikely voxels with window_size = 9 and prior threshold 0.30
using Gibbs prior factor = 0.500
renormalizing sequences with structure alignment, equivalent to:
	-renormalize
	-renormalize_mean 0.500
	-regularize 0.500

== Number of threads available to for OpenMP = 16 == 
reading 1 input volumes
reading classifier array from /opt/freesurfer/average/RB_all_2020-01-02.gca
reading input volume from norm.mgz
average std[0] = 7.2
reading transform from transforms/talairach.m3z
setting orig areas to linear transform determinant scaled 6.41
Atlas used for the 3D morph was /opt/freesurfer/average/RB_all_2020-01-02.gca
average std = 7.2   using min determinant for regularization = 5.2
0 singular and 0 ill-conditioned covariance matrices regularized
labeling volume...
renormalizing by structure alignment....
renormalizing input #0
gca peak = 0.15521 (20)
mri peak = 0.08425 (18)
Left_Lateral_Ventricle (4): linear fit = 0.88 x + 0.0 (3405 voxels, overlap=0.810)
Left_Lateral_Ventricle (4): linear fit = 0.88 x + 0.0 (3405 voxels, peak = 18), gca=17.7
gca peak = 0.20380 (13)
mri peak = 0.07864 (20)
Right_Lateral_Ventricle (43): linear fit = 1.12 x + 0.0 (2983 voxels, overlap=0.906)
Right_Lateral_Ventricle (43): linear fit = 1.12 x + 0.0 (2983 voxels, peak = 14), gca=14.5
gca peak = 0.26283 (96)
mri peak = 0.17919 (90)
Right_Pallidum (52): linear fit = 0.94 x + 0.0 (346 voxels, overlap=0.886)
Right_Pallidum (52): linear fit = 0.94 x + 0.0 (346 voxels, peak = 91), gca=90.7
gca peak = 0.15814 (97)
mri peak = 0.11803 (95)
Left_Pallidum (13): linear fit = 0.98 x + 0.0 (305 voxels, overlap=1.009)
Left_Pallidum (13): linear fit = 0.98 x + 0.0 (305 voxels, peak = 95), gca=94.6
gca peak = 0.27624 (56)
mri peak = 0.08964 (66)
Right_Hippocampus (53): linear fit = 1.15 x + 0.0 (1213 voxels, overlap=0.291)
Right_Hippocampus (53): linear fit = 1.15 x + 0.0 (1213 voxels, peak = 65), gca=64.7
gca peak = 0.28723 (59)
mri peak = 0.13880 (66)
Left_Hippocampus (17): linear fit = 1.14 x + 0.0 (1233 voxels, overlap=0.015)
Left_Hippocampus (17): linear fit = 1.14 x + 0.0 (1233 voxels, peak = 68), gca=67.6
gca peak = 0.07623 (103)
mri peak = 0.12065 (104)
Right_Cerebral_White_Matter (41): linear fit = 1.00 x + 0.0 (37898 voxels, overlap=0.756)
Right_Cerebral_White_Matter (41): linear fit = 1.00 x + 0.0 (37898 voxels, peak = 102), gca=102.5
gca peak = 0.07837 (105)
mri peak = 0.09996 (103)
Left_Cerebral_White_Matter (2): linear fit = 1.00 x + 0.0 (39523 voxels, overlap=0.709)
Left_Cerebral_White_Matter (2): linear fit = 1.00 x + 0.0 (39523 voxels, peak = 104), gca=104.5
gca peak = 0.10165 (58)
mri peak = 0.04206 (68)
Left_Cerebral_Cortex (3): linear fit = 1.18 x + 0.0 (30180 voxels, overlap=0.449)
Left_Cerebral_Cortex (3): linear fit = 1.18 x + 0.0 (30180 voxels, peak = 69), gca=68.7
gca peak = 0.11113 (58)
mri peak = 0.04116 (72)
Right_Cerebral_Cortex (42): linear fit = 1.20 x + 0.0 (29177 voxels, overlap=0.350)
Right_Cerebral_Cortex (42): linear fit = 1.20 x + 0.0 (29177 voxels, peak = 69), gca=69.3
gca peak = 0.27796 (67)
mri peak = 0.07921 (72)
Right_Caudate (50): linear fit = 1.07 x + 0.0 (634 voxels, overlap=1.016)
Right_Caudate (50): linear fit = 1.07 x + 0.0 (634 voxels, peak = 71), gca=71.4
gca peak = 0.14473 (69)
mri peak = 0.07917 (72)
Left_Caudate (11): linear fit = 0.96 x + 0.0 (693 voxels, overlap=0.845)
Left_Caudate (11): linear fit = 0.96 x + 0.0 (693 voxels, peak = 67), gca=66.6
gca peak = 0.14301 (56)
mri peak = 0.04631 (67)
Left_Cerebellum_Cortex (8): linear fit = 1.15 x + 0.0 (22368 voxels, overlap=0.737)
Left_Cerebellum_Cortex (8): linear fit = 1.15 x + 0.0 (22368 voxels, peak = 65), gca=64.7
gca peak = 0.14610 (55)
mri peak = 0.05275 (66)
Right_Cerebellum_Cortex (47): linear fit = 1.15 x + 0.0 (24909 voxels, overlap=0.746)
Right_Cerebellum_Cortex (47): linear fit = 1.15 x + 0.0 (24909 voxels, peak = 64), gca=63.5
gca peak = 0.16309 (85)
mri peak = 0.12605 (88)
Left_Cerebellum_White_Matter (7): linear fit = 1.03 x + 0.0 (7012 voxels, overlap=0.744)
Left_Cerebellum_White_Matter (7): linear fit = 1.03 x + 0.0 (7012 voxels, peak = 88), gca=88.0
gca peak = 0.15172 (84)
mri peak = 0.14976 (85)
Right_Cerebellum_White_Matter (46): linear fit = 1.02 x + 0.0 (6091 voxels, overlap=0.702)
Right_Cerebellum_White_Matter (46): linear fit = 1.02 x + 0.0 (6091 voxels, peak = 86), gca=86.1
gca peak = 0.30461 (58)
mri peak = 0.09621 (77)
Left_Amygdala (18): linear fit = 1.30 x + 0.0 (735 voxels, overlap=0.053)
Left_Amygdala (18): linear fit = 1.30 x + 0.0 (735 voxels, peak = 76), gca=75.7
gca peak = 0.32293 (57)
mri peak = 0.10684 (73)
Right_Amygdala (54): linear fit = 1.30 x + 0.0 (702 voxels, overlap=0.047)
Right_Amygdala (54): linear fit = 1.30 x + 0.0 (702 voxels, peak = 74), gca=74.4
gca peak = 0.11083 (90)
mri peak = 0.10042 (84)
Left_Thalamus (10): linear fit = 0.95 x + 0.0 (4308 voxels, overlap=0.806)
Left_Thalamus (10): linear fit = 0.95 x + 0.0 (4308 voxels, peak = 86), gca=85.9
gca peak = 0.11393 (83)
mri peak = 0.09865 (82)
Right_Thalamus (49): linear fit = 1.00 x + 0.0 (4373 voxels, overlap=0.975)
Right_Thalamus (49): linear fit = 1.00 x + 0.0 (4373 voxels, peak = 83), gca=83.0
gca peak = 0.08575 (81)
mri peak = 0.09054 (79)
Left_Putamen (12): linear fit = 1.02 x + 0.0 (1583 voxels, overlap=0.880)
Left_Putamen (12): linear fit = 1.02 x + 0.0 (1583 voxels, peak = 83), gca=83.0
gca peak = 0.08618 (78)
mri peak = 0.09495 (81)
Right_Putamen (51): linear fit = 1.00 x + 0.0 (1477 voxels, overlap=0.877)
Right_Putamen (51): linear fit = 1.00 x + 0.0 (1477 voxels, peak = 78), gca=78.0
gca peak = 0.08005 (78)
mri peak = 0.10639 (88)
Brain_Stem (16): linear fit = 1.07 x + 0.0 (11510 voxels, overlap=0.491)
Brain_Stem (16): linear fit = 1.07 x + 0.0 (11510 voxels, peak = 83), gca=83.1
gca peak = 0.12854 (88)
mri peak = 0.10801 (92)
Right_VentralDC (60): linear fit = 1.07 x + 0.0 (2049 voxels, overlap=0.616)
Right_VentralDC (60): linear fit = 1.07 x + 0.0 (2049 voxels, peak = 94), gca=93.7
gca peak = 0.15703 (87)
mri peak = 0.09016 (92)
Left_VentralDC (28): linear fit = 1.08 x + 0.0 (2233 voxels, overlap=0.734)
Left_VentralDC (28): linear fit = 1.08 x + 0.0 (2233 voxels, peak = 94), gca=93.5
gca peak = 0.17522 (25)
mri peak = 0.16800 (22)
Third_Ventricle (14): linear fit = 0.80 x + 0.0 (109 voxels, overlap=0.237)
Third_Ventricle (14): linear fit = 0.80 x + 0.0 (109 voxels, peak = 20), gca=19.9
gca peak = 0.17113 (14)
mri peak = 0.23426 (13)
Fourth_Ventricle (15): linear fit = 0.77 x + 0.0 (388 voxels, overlap=0.393)
Fourth_Ventricle (15): linear fit = 0.77 x + 0.0 (388 voxels, peak = 11), gca=10.8
gca peak Unknown = 0.94777 ( 0)
gca peak Left_Inf_Lat_Vent = 0.16627 (28)
gca peak CSF = 0.20346 (36)
gca peak Left_Accumbens_area = 0.70646 (62)
gca peak Left_undetermined = 1.00000 (28)
gca peak Left_vessel = 0.89917 (53)
gca peak Left_choroid_plexus = 0.11689 (35)
gca peak Right_Inf_Lat_Vent = 0.25504 (23)
gca peak Right_Accumbens_area = 0.31650 (65)
gca peak Right_vessel = 0.77268 (52)
gca peak Right_choroid_plexus = 0.13275 (38)
gca peak Fifth_Ventricle = 0.60973 (33)
gca peak WM_hypointensities = 0.11013 (77)
gca peak non_WM_hypointensities = 0.11354 (41)
gca peak Optic_Chiasm = 0.51646 (76)
not using caudate to estimate GM means
estimating mean gm scale to be 1.22 x + 0.0
estimating mean wm scale to be 1.00 x + 0.0
estimating mean csf scale to be 0.89 x + 0.0
saving intensity scales to aseg.auto_noCCseg.label_intensities.txt
renormalizing by structure alignment....
renormalizing input #0
gca peak = 0.19070 (18)
mri peak = 0.08425 (18)
Left_Lateral_Ventricle (4): linear fit = 1.02 x + 0.0 (3405 voxels, overlap=0.935)
Left_Lateral_Ventricle (4): linear fit = 1.02 x + 0.0 (3405 voxels, peak = 18), gca=18.4
gca peak = 0.17440 (14)
mri peak = 0.07864 (20)
Right_Lateral_Ventricle (43): linear fit = 1.11 x + 0.0 (2983 voxels, overlap=0.887)
Right_Lateral_Ventricle (43): linear fit = 1.11 x + 0.0 (2983 voxels, peak = 15), gca=15.5
gca peak = 0.28527 (90)
mri peak = 0.17919 (90)
Right_Pallidum (52): linear fit = 1.01 x + 0.0 (346 voxels, overlap=0.952)
Right_Pallidum (52): linear fit = 1.01 x + 0.0 (346 voxels, peak = 91), gca=91.3
gca peak = 0.18163 (94)
mri peak = 0.11803 (95)
Left_Pallidum (13): linear fit = 1.00 x + 0.0 (305 voxels, overlap=1.002)
Left_Pallidum (13): linear fit = 1.00 x + 0.0 (305 voxels, peak = 94), gca=94.0
gca peak = 0.24329 (64)
mri peak = 0.08964 (66)
Right_Hippocampus (53): linear fit = 0.99 x + 0.0 (1213 voxels, overlap=1.000)
Right_Hippocampus (53): linear fit = 0.99 x + 0.0 (1213 voxels, peak = 63), gca=63.0
gca peak = 0.24753 (65)
mri peak = 0.13880 (66)
Left_Hippocampus (17): linear fit = 1.00 x + 0.0 (1233 voxels, overlap=1.001)
Left_Hippocampus (17): linear fit = 1.00 x + 0.0 (1233 voxels, peak = 65), gca=65.0
gca peak = 0.08109 (103)
mri peak = 0.12065 (104)
Right_Cerebral_White_Matter (41): linear fit = 1.00 x + 0.0 (37898 voxels, overlap=0.736)
Right_Cerebral_White_Matter (41): linear fit = 1.00 x + 0.0 (37898 voxels, peak = 102), gca=102.5
gca peak = 0.08124 (104)
mri peak = 0.09996 (103)
Left_Cerebral_White_Matter (2): linear fit = 1.00 x + 0.0 (39523 voxels, overlap=0.689)
Left_Cerebral_White_Matter (2): linear fit = 1.00 x + 0.0 (39523 voxels, peak = 103), gca=103.5
gca peak = 0.08572 (69)
mri peak = 0.04206 (68)
Left_Cerebral_Cortex (3): linear fit = 0.99 x + 0.0 (30180 voxels, overlap=0.964)
Left_Cerebral_Cortex (3): linear fit = 0.99 x + 0.0 (30180 voxels, peak = 68), gca=68.0
gca peak = 0.09483 (70)
mri peak = 0.04116 (72)
Right_Cerebral_Cortex (42): linear fit = 1.03 x + 0.0 (29177 voxels, overlap=0.965)
Right_Cerebral_Cortex (42): linear fit = 1.03 x + 0.0 (29177 voxels, peak = 72), gca=72.4
gca peak = 0.22831 (72)
mri peak = 0.07921 (72)
Right_Caudate (50): linear fit = 1.00 x + 0.0 (634 voxels, overlap=1.015)
Right_Caudate (50): linear fit = 1.00 x + 0.0 (634 voxels, peak = 72), gca=72.0
gca peak = 0.15637 (75)
mri peak = 0.07917 (72)
Left_Caudate (11): linear fit = 0.96 x + 0.0 (693 voxels, overlap=0.900)
Left_Caudate (11): linear fit = 0.96 x + 0.0 (693 voxels, peak = 72), gca=72.4
gca peak = 0.11930 (65)
mri peak = 0.04631 (67)
Left_Cerebellum_Cortex (8): linear fit = 1.00 x + 0.0 (22368 voxels, overlap=1.000)
Left_Cerebellum_Cortex (8): linear fit = 1.00 x + 0.0 (22368 voxels, peak = 65), gca=65.0
gca peak = 0.13445 (64)
mri peak = 0.05275 (66)
Right_Cerebellum_Cortex (47): linear fit = 1.02 x + 0.0 (24909 voxels, overlap=0.995)
Right_Cerebellum_Cortex (47): linear fit = 1.02 x + 0.0 (24909 voxels, peak = 66), gca=65.6
gca peak = 0.16129 (88)
mri peak = 0.12605 (88)
Left_Cerebellum_White_Matter (7): linear fit = 1.00 x + 0.0 (7012 voxels, overlap=0.901)
Left_Cerebellum_White_Matter (7): linear fit = 1.00 x + 0.0 (7012 voxels, peak = 88), gca=88.0
gca peak = 0.15314 (86)
mri peak = 0.14976 (85)
Right_Cerebellum_White_Matter (46): linear fit = 1.00 x + 0.0 (6091 voxels, overlap=0.823)
Right_Cerebellum_White_Matter (46): linear fit = 1.00 x + 0.0 (6091 voxels, peak = 86), gca=86.0
gca peak = 0.26227 (76)
mri peak = 0.09621 (77)
Left_Amygdala (18): linear fit = 1.00 x + 0.0 (735 voxels, overlap=0.979)
Left_Amygdala (18): linear fit = 1.00 x + 0.0 (735 voxels, peak = 76), gca=76.0
gca peak = 0.25782 (75)
mri peak = 0.10684 (73)
Right_Amygdala (54): linear fit = 1.02 x + 0.0 (702 voxels, overlap=0.989)
Right_Amygdala (54): linear fit = 1.02 x + 0.0 (702 voxels, peak = 77), gca=76.9
gca peak = 0.11660 (86)
mri peak = 0.10042 (84)
Left_Thalamus (10): linear fit = 0.99 x + 0.0 (4308 voxels, overlap=0.958)
Left_Thalamus (10): linear fit = 0.99 x + 0.0 (4308 voxels, peak = 85), gca=84.7
gca peak = 0.11883 (83)
mri peak = 0.09865 (82)
Right_Thalamus (49): linear fit = 1.00 x + 0.0 (4373 voxels, overlap=0.973)
Right_Thalamus (49): linear fit = 1.00 x + 0.0 (4373 voxels, peak = 83), gca=83.0
gca peak = 0.08550 (83)
mri peak = 0.09054 (79)
Left_Putamen (12): linear fit = 1.00 x + 0.0 (1583 voxels, overlap=0.877)
Left_Putamen (12): linear fit = 1.00 x + 0.0 (1583 voxels, peak = 83), gca=83.0
gca peak = 0.08618 (78)
mri peak = 0.09495 (81)
Right_Putamen (51): linear fit = 1.00 x + 0.0 (1477 voxels, overlap=0.878)
Right_Putamen (51): linear fit = 1.00 x + 0.0 (1477 voxels, peak = 78), gca=78.0
gca peak = 0.07578 (86)
mri peak = 0.10639 (88)
Brain_Stem (16): linear fit = 1.01 x + 0.0 (11510 voxels, overlap=0.738)
Brain_Stem (16): linear fit = 1.01 x + 0.0 (11510 voxels, peak = 87), gca=87.3
gca peak = 0.12327 (95)
mri peak = 0.10801 (92)
Right_VentralDC (60): linear fit = 1.00 x + 0.0 (2049 voxels, overlap=0.796)
Right_VentralDC (60): linear fit = 1.00 x + 0.0 (2049 voxels, peak = 95), gca=94.5
gca peak = 0.13947 (92)
mri peak = 0.09016 (92)
Left_VentralDC (28): linear fit = 0.98 x + 0.0 (2233 voxels, overlap=0.854)
Left_VentralDC (28): linear fit = 0.98 x + 0.0 (2233 voxels, peak = 90), gca=89.7
gca peak = 0.21769 (20)
mri peak = 0.16800 (22)
Third_Ventricle (14): linear fit = 1.00 x + 0.0 (109 voxels, overlap=0.952)
Third_Ventricle (14): linear fit = 1.00 x + 0.0 (109 voxels, peak = 20), gca=20.0
gca peak = 0.23722 (11)
mri peak = 0.23426 (13)
Fourth_Ventricle (15): linear fit = 0.96 x + 0.0 (388 voxels, overlap=0.773)
Fourth_Ventricle (15): linear fit = 0.96 x + 0.0 (388 voxels, peak = 11), gca=10.6
gca peak Unknown = 0.94777 ( 0)
gca peak Left_Inf_Lat_Vent = 0.19940 (32)
gca peak CSF = 0.24529 (32)
gca peak Left_Accumbens_area = 0.51205 (60)
gca peak Left_undetermined = 1.00000 (28)
gca peak Left_vessel = 0.89837 (53)
gca peak Left_choroid_plexus = 0.11689 (35)
gca peak Right_Inf_Lat_Vent = 0.24870 (27)
gca peak Right_Accumbens_area = 0.36346 (70)
gca peak Right_vessel = 0.77268 (52)
gca peak Right_choroid_plexus = 0.13275 (38)
gca peak Fifth_Ventricle = 0.73673 (29)
gca peak WM_hypointensities = 0.12616 (76)
gca peak non_WM_hypointensities = 0.08214 (41)
gca peak Optic_Chiasm = 0.51667 (76)
not using caudate to estimate GM means
estimating mean gm scale to be 1.00 x + 0.0
estimating mean wm scale to be 1.00 x + 0.0
estimating mean csf scale to be 1.02 x + 0.0
saving intensity scales to aseg.auto_noCCseg.label_intensities.txt
saving sequentially combined intensity scales to aseg.auto_noCCseg.label_intensities.txt
46832 voxels changed in iteration 0 of unlikely voxel relabeling
249 voxels changed in iteration 1 of unlikely voxel relabeling
1 voxels changed in iteration 2 of unlikely voxel relabeling
0 voxels changed in iteration 3 of unlikely voxel relabeling
50739 gm and wm labels changed (%31 to gray, %69 to white out of all changed labels)
377 hippocampal voxels changed.
1 amygdala voxels changed.
Reclassifying using Gibbs Priors
pass 1: 62617 changed. image ll: -2.084, PF=0.500
pass 2: 15933 changed. image ll: -2.083, PF=0.500
pass 3: 4785 changed.
38252 voxels changed in iteration 0 of unlikely voxel relabeling
354 voxels changed in iteration 1 of unlikely voxel relabeling
8 voxels changed in iteration 2 of unlikely voxel relabeling
0 voxels changed in iteration 3 of unlikely voxel relabeling
7408 voxels changed in iteration 0 of unlikely voxel relabeling
113 voxels changed in iteration 1 of unlikely voxel relabeling
12 voxels changed in iteration 2 of unlikely voxel relabeling
0 voxels changed in iteration 3 of unlikely voxel relabeling
7078 voxels changed in iteration 0 of unlikely voxel relabeling
84 voxels changed in iteration 1 of unlikely voxel relabeling
3 voxels changed in iteration 2 of unlikely voxel relabeling
0 voxels changed in iteration 3 of unlikely voxel relabeling
6504 voxels changed in iteration 0 of unlikely voxel relabeling
32 voxels changed in iteration 1 of unlikely voxel relabeling
4 voxels changed in iteration 2 of unlikely voxel relabeling
0 voxels changed in iteration 3 of unlikely voxel relabeling
 !!!!!!!!! ventricle segment 0 with volume 11823 above threshold 100 - not erasing !!!!!!!!!!
 !!!!!!!!! ventricle segment 1 with volume 10090 above threshold 100 - not erasing !!!!!!!!!!
writing labeled volume to aseg.auto_noCCseg.mgz
mri_ca_label utimesec    1921.899128
mri_ca_label stimesec    3.540882
mri_ca_label ru_maxrss   2105836
mri_ca_label ru_ixrss    0
mri_ca_label ru_idrss    0
mri_ca_label ru_isrss    0
mri_ca_label ru_minflt   3547260
mri_ca_label ru_majflt   8
mri_ca_label ru_nswap    0
mri_ca_label ru_inblock  1142
mri_ca_label ru_oublock  648
mri_ca_label ru_msgsnd   0
mri_ca_label ru_msgrcv   0
mri_ca_label ru_nsignals 0
mri_ca_label ru_nvcsw    2017
mri_ca_label ru_nivcsw   22422
auto-labeling took 31 minutes and 10 seconds.
#--------------------------------------
#@# CC Seg Mon Mar  9 11:25:21 CET 2026

 mri_cc -aseg aseg.auto_noCCseg.mgz -o aseg.auto.mgz -lta /out/sourcedata/freesurfer/sub-v1s21x0050399_ses-1/mri/transforms/cc_up.lta sub-v1s21x0050399_ses-1 

will read input aseg from aseg.auto_noCCseg.mgz
writing aseg with cc labels to aseg.auto.mgz
will write lta as /out/sourcedata/freesurfer/sub-v1s21x0050399_ses-1/mri/transforms/cc_up.lta
reading aseg from /out/sourcedata/freesurfer/sub-v1s21x0050399_ses-1/mri/aseg.auto_noCCseg.mgz
reading norm from /out/sourcedata/freesurfer/sub-v1s21x0050399_ses-1/mri/norm.mgz
33860 voxels in left wm, 25638 in right wm, xrange [123, 131]
searching rotation angles z=[-8  6], y=[-7  7]
searching scale 1 Z rot -8.3  searching scale 1 Z rot -8.1  searching scale 1 Z rot -7.8  searching scale 1 Z rot -7.6  searching scale 1 Z rot -7.3  searching scale 1 Z rot -7.1  searching scale 1 Z rot -6.8  searching scale 1 Z rot -6.6  searching scale 1 Z rot -6.3  searching scale 1 Z rot -6.1  searching scale 1 Z rot -5.8  searching scale 1 Z rot -5.6  searching scale 1 Z rot -5.3  searching scale 1 Z rot -5.1  searching scale 1 Z rot -4.8  searching scale 1 Z rot -4.6  searching scale 1 Z rot -4.3  searching scale 1 Z rot -4.1  searching scale 1 Z rot -3.8  searching scale 1 Z rot -3.6  searching scale 1 Z rot -3.3  searching scale 1 Z rot -3.1  searching scale 1 Z rot -2.8  searching scale 1 Z rot -2.6  searching scale 1 Z rot -2.3  searching scale 1 Z rot -2.1  searching scale 1 Z rot -1.8  searching scale 1 Z rot -1.6  searching scale 1 Z rot -1.3  searching scale 1 Z rot -1.1  searching scale 1 Z rot -0.8  searching scale 1 Z rot -0.6  searching scale 1 Z rot -0.3  searching scale 1 Z rot -0.1  searching scale 1 Z rot 0.2  searching scale 1 Z rot 0.4  searching scale 1 Z rot 0.7  searching scale 1 Z rot 0.9  searching scale 1 Z rot 1.2  searching scale 1 Z rot 1.4  searching scale 1 Z rot 1.7  searching scale 1 Z rot 1.9  searching scale 1 Z rot 2.2  searching scale 1 Z rot 2.4  searching scale 1 Z rot 2.7  searching scale 1 Z rot 2.9  searching scale 1 Z rot 3.2  searching scale 1 Z rot 3.4  searching scale 1 Z rot 3.7  searching scale 1 Z rot 3.9  searching scale 1 Z rot 4.2  searching scale 1 Z rot 4.4  searching scale 1 Z rot 4.7  searching scale 1 Z rot 4.9  searching scale 1 Z rot 5.2  searching scale 1 Z rot 5.4  global minimum found at slice 126.0, rotations (-0.38, -1.32)
final transformation (x=126.0, yr=-0.379, zr=-1.323):
 0.99971   0.02308  -0.00661   0.03981;
-0.02308   0.99973   0.00015   12.92283;
 0.00661  -0.00000   0.99998   17.16933;
 0.00000   0.00000   0.00000   1.00000;
updating x range to be [127, 132] in xformed coordinates
best xformed slice 128
min_x_fornix = 133
min_x_fornix = 142
min_x_fornix = 150
min_x_fornix = 155
min_x_fornix = 133
cc center is found at 128 118 110
eigenvectors:
 0.00142  -0.00440   0.99999;
-0.14420  -0.98954  -0.00415;
 0.98955  -0.14419  -0.00204;
writing aseg with callosum to /out/sourcedata/freesurfer/sub-v1s21x0050399_ses-1/mri/aseg.auto.mgz...
corpus callosum segmentation took 0.6 minutes
#VMPC# mri_cc VmPeak  553852
mri_cc done
#--------------------------------------
#@# Merge ASeg Mon Mar  9 11:25:55 CET 2026

 cp aseg.auto.mgz aseg.presurf.mgz 

#--------------------------------------------
#@# Intensity Normalization2 Mon Mar  9 11:25:55 CET 2026
/out/sourcedata/freesurfer/sub-v1s21x0050399_ses-1/mri

 mri_normalize -seed 1234 -mprage -aseg aseg.presurf.mgz -mask brainmask.mgz norm.mgz brain.mgz 

setting seed for random number genererator to 1234
assuming input volume is MGH (Van der Kouwe) MP-RAGE
using segmentation for initial intensity normalization
using MR volume brainmask.mgz to mask input volume...
reading mri_src from norm.mgz...
Reading aseg aseg.presurf.mgz
normalizing image...
NOT doing gentle normalization with control points/label
processing with aseg
removing outliers in the aseg WM...
461 control points removed
Building bias image
building Voronoi diagram...
performing soap bubble smoothing, sigma = 0...
Smoothing with sigma 8
Applying bias correction
building Voronoi diagram...
performing soap bubble smoothing, sigma = 8...

Iterating 2 times
---------------------------------
3d normalization pass 1 of 2
white matter peak found at 110
white matter peak found at 109
gm peak at 78 (78), valley at  0 (-1)
csf peak at 39, setting threshold to 65
building Voronoi diagram...
performing soap bubble smoothing, sigma = 8...
---------------------------------
3d normalization pass 2 of 2
white matter peak found at 110
white matter peak found at 110
gm peak at 75 (75), valley at  0 (-1)
csf peak at 37, setting threshold to 62
building Voronoi diagram...
performing soap bubble smoothing, sigma = 8...
Done iterating ---------------------------------
writing output to brain.mgz
3D bias adjustment took 2 minutes and 3 seconds.
#--------------------------------------------
#@# Mask BFS Mon Mar  9 11:27:58 CET 2026
/out/sourcedata/freesurfer/sub-v1s21x0050399_ses-1/mri

 mri_mask -T 5 brain.mgz brainmask.mgz brain.finalsurfs.mgz 

threshold mask volume at 5
DoAbs = 0
Found 1433874 voxels in mask (pct=  8.55)
Writing masked volume to brain.finalsurfs.mgz...done.
#--------------------------------------------
#@# WM Segmentation Mon Mar  9 11:27:59 CET 2026

 AntsDenoiseImageFs -i brain.mgz -o antsdn.brain.mgz 


 mri_segment -wsizemm 13 -mprage antsdn.brain.mgz wm.seg.mgz 

wsizemm = 13, voxres = 1, wsize = 13
Widening wm low from 89 to 79
assuming input volume is MGH (Van der Kouwe) MP-RAGE
wm mean:  110
wsize:    13
wm low:   79
wm hi:    125
gray low: 30
gray hi:  99
Doing initial trinary intensity segmentation 
Using local statistics to label ambiguous voxels
Autodetecting stats
Computing class statistics for intensity windows...
CCS WM (100.0): 99.3 +- 7.1 [79.0 --> 125.0]
CCS GM (75.0) : 74.5 +- 9.6 [30.0 --> 95.0]
 white_mean 99.2949
 white_sigma 7.08746
 gray_mean 74.4587
 gray_sigma 9.6494
setting bottom of white matter range wm_low to 84.1
setting top of gray matter range gray_hi to 93.8
 wm_low 84.1081
 wm_hi  125
 gray_low 30
 gray_hi  93.7575
Redoing initial intensity segmentation...
Recomputing local statistics to label ambiguous voxels...
 wm_low 84.1081
 wm_hi  125
 gray_low 30
 gray_hi  93.7575
using local geometry to label remaining ambiguous voxels...
polvwsize = 5, polvlen = 3, gray_hi = 93.7575, wm_low = 84.1081
MRIcpolvMedianCurveSegment(): wsize=5, len=3, gmhi=93.7575, wmlow=84.1081
    138660 voxels processed (0.83%)
     64522 voxels white (0.38%)
     74138 voxels non-white (0.44%)

Reclassifying voxels using Gaussian border classifier niter=1
MRIreclassify(): wm_low=79.1081, gray_hi=93.7575, wsize=13
    258240 voxels tested (1.54%)
     47696 voxels changed (0.28%)
     56555 multi-scale searches  (0.34%)
Recovering bright white
MRIrecoverBrightWhite()
 wm_low 84.1081
 wm_hi 125
 slack 7.08746
 pct_thresh 0.33
 intensity_thresh 132.087
 nvox_thresh 8.58
      164 voxels tested (0.00%)
      121 voxels changed (0.00%)

removing voxels with positive offset direction...
MRIremoveWrongDirection() wsize=3, lowthr=79.1081, hithr=93.7575
  smoothing input volume with sigma = 0.250
    98419 voxels tested (0.59%)
    16893 voxels changed (0.10%)
thicken = 1
removing 1-dimensional structures...
MRIremove1dStructures(): max_iter=10000, thresh=2, WM_MIN_VAL=5
 1053 sparsely connected voxels removed in 1 iterations
thickening thin strands....
thickness 4
nsegments 20
wm_hi 125
851 diagonally connected voxels added...
MRIthickenThinWMStrands(): thickness=4, nsegments=20
  20 segments, 1891 filled
MRIfindBrightNonWM(): 510 bright non-wm voxels segmented.
MRIfilterMorphology() WM_MIN_VAL=5, DIAGONAL_FILL=230
white matter segmentation took 1.0 minutes
writing output to wm.seg.mgz...

 mri_edit_wm_with_aseg -keep-in wm.seg.mgz brain.mgz aseg.presurf.mgz wm.asegedit.mgz 

preserving editing changes in input volume...
auto filling took 0.40 minutes
reading wm segmentation from wm.seg.mgz...
0 voxels added to wm to prevent paths from MTL structures to cortex
3775 additional wm voxels added
0 additional wm voxels added
SEG EDIT: 55975 voxels turned on, 42306 voxels turned off.
propagating editing to output volume from wm.seg.mgz
writing edited volume to wm.asegedit.mgz....

 mri_pretess wm.asegedit.mgz wm norm.mgz wm.mgz 


Iteration Number : 1
pass   1 (xy+):  21 found -  21 modified     |    TOTAL:  21
pass   2 (xy+):   0 found -  21 modified     |    TOTAL:  21
pass   1 (xy-):   9 found -   9 modified     |    TOTAL:  30
pass   2 (xy-):   0 found -   9 modified     |    TOTAL:  30
pass   1 (yz+):  20 found -  20 modified     |    TOTAL:  50
pass   2 (yz+):   0 found -  20 modified     |    TOTAL:  50
pass   1 (yz-):  14 found -  14 modified     |    TOTAL:  64
pass   2 (yz-):   0 found -  14 modified     |    TOTAL:  64
pass   1 (xz+):   7 found -   7 modified     |    TOTAL:  71
pass   2 (xz+):   0 found -   7 modified     |    TOTAL:  71
pass   1 (xz-):  17 found -  17 modified     |    TOTAL:  88
pass   2 (xz-):   0 found -  17 modified     |    TOTAL:  88
Iteration Number : 1
pass   1 (+++):   8 found -   8 modified     |    TOTAL:   8
pass   2 (+++):   0 found -   8 modified     |    TOTAL:   8
pass   1 (+++):   4 found -   4 modified     |    TOTAL:  12
pass   2 (+++):   0 found -   4 modified     |    TOTAL:  12
pass   1 (+++):   6 found -   6 modified     |    TOTAL:  18
pass   2 (+++):   0 found -   6 modified     |    TOTAL:  18
pass   1 (+++):   8 found -   8 modified     |    TOTAL:  26
pass   2 (+++):   0 found -   8 modified     |    TOTAL:  26
Iteration Number : 1
pass   1 (++):  13 found -  13 modified     |    TOTAL:  13
pass   2 (++):   0 found -  13 modified     |    TOTAL:  13
pass   1 (+-):  15 found -  15 modified     |    TOTAL:  28
pass   2 (+-):   0 found -  15 modified     |    TOTAL:  28
pass   1 (--):  23 found -  23 modified     |    TOTAL:  51
pass   2 (--):   0 found -  23 modified     |    TOTAL:  51
pass   1 (-+):  26 found -  26 modified     |    TOTAL:  77
pass   2 (-+):   0 found -  26 modified     |    TOTAL:  77
Iteration Number : 2
pass   1 (xy+):   2 found -   2 modified     |    TOTAL:   2
pass   2 (xy+):   0 found -   2 modified     |    TOTAL:   2
pass   1 (xy-):   2 found -   2 modified     |    TOTAL:   4
pass   2 (xy-):   0 found -   2 modified     |    TOTAL:   4
pass   1 (yz+):   0 found -   0 modified     |    TOTAL:   4
pass   1 (yz-):   2 found -   2 modified     |    TOTAL:   6
pass   2 (yz-):   0 found -   2 modified     |    TOTAL:   6
pass   1 (xz+):   2 found -   2 modified     |    TOTAL:   8
pass   2 (xz+):   0 found -   2 modified     |    TOTAL:   8
pass   1 (xz-):   2 found -   2 modified     |    TOTAL:  10
pass   2 (xz-):   0 found -   2 modified     |    TOTAL:  10
Iteration Number : 2
pass   1 (+++):   0 found -   0 modified     |    TOTAL:   0
pass   1 (+++):   0 found -   0 modified     |    TOTAL:   0
pass   1 (+++):   0 found -   0 modified     |    TOTAL:   0
pass   1 (+++):   0 found -   0 modified     |    TOTAL:   0
Iteration Number : 2
pass   1 (++):   0 found -   0 modified     |    TOTAL:   0
pass   1 (+-):   0 found -   0 modified     |    TOTAL:   0
pass   1 (--):   0 found -   0 modified     |    TOTAL:   0
pass   1 (-+):   0 found -   0 modified     |    TOTAL:   0
Iteration Number : 3
pass   1 (xy+):   0 found -   0 modified     |    TOTAL:   0
pass   1 (xy-):   0 found -   0 modified     |    TOTAL:   0
pass   1 (yz+):   0 found -   0 modified     |    TOTAL:   0
pass   1 (yz-):   0 found -   0 modified     |    TOTAL:   0
pass   1 (xz+):   0 found -   0 modified     |    TOTAL:   0
pass   1 (xz-):   0 found -   0 modified     |    TOTAL:   0
Iteration Number : 3
pass   1 (+++):   0 found -   0 modified     |    TOTAL:   0
pass   1 (+++):   0 found -   0 modified     |    TOTAL:   0
pass   1 (+++):   0 found -   0 modified     |    TOTAL:   0
pass   1 (+++):   0 found -   0 modified     |    TOTAL:   0
Iteration Number : 3
pass   1 (++):   0 found -   0 modified     |    TOTAL:   0
pass   1 (+-):   0 found -   0 modified     |    TOTAL:   0
pass   1 (--):   0 found -   0 modified     |    TOTAL:   0
pass   1 (-+):   0 found -   0 modified     |    TOTAL:   0

Total Number of Modified Voxels = 201 (out of 573032: 0.035077)
binarizing input wm segmentation...
Ambiguous edge configurations... 

mri_pretess done

#--------------------------------------------
#@# Fill Mon Mar  9 11:29:59 CET 2026
/out/sourcedata/freesurfer/sub-v1s21x0050399_ses-1/mri

 mri_fill -a ../scripts/ponscc.cut.log -xform transforms/talairach.lta -segmentation aseg.presurf.mgz -ctab /opt/freesurfer/SubCorticalMassLUT.txt wm.mgz filled.mgz 

logging cutting plane coordinates to ../scripts/ponscc.cut.log...
INFO: Using transforms/talairach.lta and its offset for Talairach volume ...
using segmentation aseg.presurf.mgz...
reading input volume...done.
searching for cutting planes...voxel to talairach voxel transform
 1.00647   0.02153   0.03310  -8.23651;
-0.02528   1.18973   0.30878  -68.93832;
-0.02883  -0.32243   0.95725   41.23785;
 0.00000   0.00000   0.00000   1.00000;
voxel to talairach voxel transform
 1.00647   0.02153   0.03310  -8.23651;
-0.02528   1.18973   0.30878  -68.93832;
-0.02883  -0.32243   0.95725   41.23785;
 0.00000   0.00000   0.00000   1.00000;
reading segmented volume aseg.presurf.mgz
removing CC from segmentation
Looking for area (min, max) = (350, 1400)
area[0] = 1413 (min = 350, max = 1400), aspect = 0.59 (min = 0.10, max = 0.75)
need search nearby
using seed (125, 108, 102), TAL = (3.0, -26.0, 20.0)
talairach voxel to voxel transform
 0.99219  -0.02507  -0.02623   7.52570;
 0.01225   0.77265  -0.24965   63.66121;
 0.03401   0.25950   0.95978  -21.41020;
 0.00000   0.00000   0.00000   1.00000;
segmentation indicates cc at (125,  108,  102) --> (3.0, -26.0, 20.0)
done.
filling took 1.0 minutes
talairach cc position changed to (3.00, -26.00, 20.00)
Erasing brainstem...done.
seed_search_size = 9, min_neighbors = 5
search rh wm seed point around talairach space:(21.00, -26.00, 20.00) SRC: (108.31, 122.95, 108.15)
search lh wm seed point around talairach space (-15.00, -26.00, 20.00), SRC: (144.03, 123.39, 109.38)
compute mri_fill using aseg
Erasing Brain Stem and Cerebellum ...
Define left and right masks using aseg:
Building Voronoi diagram ...
Using the Voronoi diagram for separating WM into two hemispheres ...
Find the largest connected component for each hemisphere ...
Embedding colortable
mri_fill done, writing output to filled.mgz...
 cp filled.mgz filled.auto.mgz

Started at Mon Mar 9 10:09:30 CET 2026 
Ended   at Mon Mar 9 11:31:00 CET 2026
#@#%# recon-all-run-time-hours 1.358
recon-all -s sub-v1s21x0050399_ses-1 finished without error at Mon Mar  9 11:31:01 CET 2026



#New# invocation of recon-all 




Mon Mar  9 12:20:37 CET 2026
cd /out/sourcedata/freesurfer/sub-v1s21x0050399_ses-1
setenv SUBJECTS_DIR /out/sourcedata/freesurfer
/opt/freesurfer/bin/recon-all -parallel -subjid sub-v1s21x0050399_ses-1 -sd /out/sourcedata/freesurfer -cortribbon

subjid sub-v1s21x0050399_ses-1
setenv SUBJECTS_DIR /out/sourcedata/freesurfer
FREESURFER_HOME /opt/freesurfer
Actual FREESURFER_HOME /opt/freesurfer
build-stamp.txt: freesurfer-linux-ubuntu22_x86_64-7.3.2-20220804-6354275
Linux dna018 5.14.0-427.37.1.el9_4.x86_64 #1 SMP PREEMPT_DYNAMIC Fri Sep 13 12:41:50 EDT 2024 x86_64 x86_64 x86_64 GNU/Linux
cputime      unlimited
filesize     unlimited
datasize     unlimited
stacksize    8192 kbytes
coredumpsize 0 kbytes
memoryuse    67108864 kbytes
vmemoryuse   unlimited
descriptors  1024 
memorylocked unlimited
maxproc      2061970 
maxlocks     unlimited
maxsignal    2061970 
maxmessage   819200 
maxnice      0 
maxrtprio    0 
maxrttime    unlimited

               total        used        free      shared  buff/cache   available
Mem:           503Gi        59Gi       382Gi       7.8Gi        61Gi       432Gi
Swap:             0B          0B          0B

########################################
program versions used
7.3.2 (freesurfer-linux-ubuntu22_x86_64-7.3.2-20220804-6354275)
7.3.2

ProgramName: lta_convert  ProgramArguments: lta_convert -all-info  ProgramVersion: 7.3.2  TimeStamp: 2026/03/09-11:20:37-GMT  BuildTime: Aug  4 2022 06:17:15  BuildStamp: freesurfer-linux-ubuntu22_x86_64-7.3.2-20220804-6354275  User: oesteban  Machine: dna018  Platform: Linux  PlatformVersion: 5.14.0-427.37.1.el9_4.x86_64  CompilerName: GCC  CompilerVersion: 8.4.0
ProgramName: mri_and  ProgramArguments: mri_and -all-info  ProgramVersion: 7.3.2  TimeStamp: 2026/03/09-11:20:37-GMT  BuildTime: Aug  4 2022 06:17:15  BuildStamp: freesurfer-linux-ubuntu22_x86_64-7.3.2-20220804-6354275  User: oesteban  Machine: dna018  Platform: Linux  PlatformVersion: 5.14.0-427.37.1.el9_4.x86_64  CompilerName: GCC  CompilerVersion: 8.4.0
ProgramName: mri_annotation2label  ProgramArguments: mri_annotation2label -all-info  ProgramVersion: 7.3.2  TimeStamp: 2026/03/09-11:20:37-GMT  BuildTime: Aug  4 2022 06:17:15  BuildStamp: freesurfer-linux-ubuntu22_x86_64-7.3.2-20220804-6354275  User: oesteban  Machine: dna018  Platform: Linux  PlatformVersion: 5.14.0-427.37.1.el9_4.x86_64  CompilerName: GCC  CompilerVersion: 8.4.0
ProgramName: mri_aparc2aseg  ProgramArguments: mri_aparc2aseg -all-info  ProgramVersion: 7.3.2  TimeStamp: 2026/03/09-11:20:37-GMT  BuildTime: Aug  4 2022 06:17:15  BuildStamp: freesurfer-linux-ubuntu22_x86_64-7.3.2-20220804-6354275  User: oesteban  Machine: dna018  Platform: Linux  PlatformVersion: 5.14.0-427.37.1.el9_4.x86_64  CompilerName: GCC  CompilerVersion: 8.4.0
ProgramName: mri_surf2volseg  ProgramArguments: mri_surf2volseg -all-info  ProgramVersion: 7.3.2  TimeStamp: 2026/03/09-11:20:37-GMT  BuildTime: Aug  4 2022 06:17:15  BuildStamp: freesurfer-linux-ubuntu22_x86_64-7.3.2-20220804-6354275  User: oesteban  Machine: dna018  Platform: Linux  PlatformVersion: 5.14.0-427.37.1.el9_4.x86_64  CompilerName: GCC  CompilerVersion: 8.4.0
ProgramName: mri_binarize  ProgramArguments: mri_binarize -all-info  ProgramVersion: 7.3.2  TimeStamp: 2026/03/09-11:20:37-GMT  BuildTime: Aug  4 2022 06:17:15  BuildStamp: freesurfer-linux-ubuntu22_x86_64-7.3.2-20220804-6354275  User: oesteban  Machine: dna018  Platform: Linux  PlatformVersion: 5.14.0-427.37.1.el9_4.x86_64  CompilerName: GCC  CompilerVersion: 8.4.0
ProgramName: mri_ca_label  ProgramArguments: mri_ca_label -all-info  ProgramVersion: 7.3.2  TimeStamp: 2026/03/09-11:20:37-GMT  BuildTime: Aug  4 2022 06:17:15  BuildStamp: freesurfer-linux-ubuntu22_x86_64-7.3.2-20220804-6354275  User: oesteban  Machine: dna018  Platform: Linux  PlatformVersion: 5.14.0-427.37.1.el9_4.x86_64  CompilerName: GCC  CompilerVersion: 8.4.0
ProgramName: mri_ca_normalize  ProgramArguments: mri_ca_normalize -all-info  ProgramVersion: 7.3.2  TimeStamp: 2026/03/09-11:20:37-GMT  BuildTime: Aug  4 2022 06:17:15  BuildStamp: freesurfer-linux-ubuntu22_x86_64-7.3.2-20220804-6354275  User: oesteban  Machine: dna018  Platform: Linux  PlatformVersion: 5.14.0-427.37.1.el9_4.x86_64  CompilerName: GCC  CompilerVersion: 8.4.0
ProgramName: mri_ca_register  ProgramArguments: mri_ca_register -all-info  ProgramVersion: 7.3.2  TimeStamp: 2026/03/09-11:20:37-GMT  BuildTime: Aug  4 2022 06:17:15  BuildStamp: freesurfer-linux-ubuntu22_x86_64-7.3.2-20220804-6354275  User: oesteban  Machine: dna018  Platform: Linux  PlatformVersion: 5.14.0-427.37.1.el9_4.x86_64  CompilerName: GCC  CompilerVersion: 8.4.0
ProgramName: mri_cc  ProgramArguments: mri_cc -all-info  ProgramVersion: 7.3.2  TimeStamp: 2026/03/09-11:20:37-GMT  BuildTime: Aug  4 2022 06:17:15  BuildStamp: freesurfer-linux-ubuntu22_x86_64-7.3.2-20220804-6354275  User: oesteban  Machine: dna018  Platform: Linux  PlatformVersion: 5.14.0-427.37.1.el9_4.x86_64  CompilerName: GCC  CompilerVersion: 8.4.0
ProgramName: mri_compute_overlap  ProgramArguments: mri_compute_overlap -all-info  ProgramVersion: 7.3.2  TimeStamp: 2026/03/09-11:20:37-GMT  BuildTime: Aug  4 2022 06:17:15  BuildStamp: freesurfer-linux-ubuntu22_x86_64-7.3.2-20220804-6354275  User: oesteban  Machine: dna018  Platform: Linux  PlatformVersion: 5.14.0-427.37.1.el9_4.x86_64  CompilerName: GCC  CompilerVersion: 8.4.0
ProgramName: mri_compute_seg_overlap  ProgramArguments: mri_compute_seg_overlap -all-info  ProgramVersion: 7.3.2  TimeStamp: 2026/03/09-11:20:37-GMT  BuildTime: Aug  4 2022 06:17:15  BuildStamp: freesurfer-linux-ubuntu22_x86_64-7.3.2-20220804-6354275  User: oesteban  Machine: dna018  Platform: Linux  PlatformVersion: 5.14.0-427.37.1.el9_4.x86_64  CompilerName: GCC  CompilerVersion: 8.4.0
ProgramName: mri_concat  ProgramArguments: mri_concat -all-info  ProgramVersion: 7.3.2  TimeStamp: 2026/03/09-11:20:37-GMT  BuildTime: Aug  4 2022 06:17:15  BuildStamp: freesurfer-linux-ubuntu22_x86_64-7.3.2-20220804-6354275  User: oesteban  Machine: dna018  Platform: Linux  PlatformVersion: 5.14.0-427.37.1.el9_4.x86_64  CompilerName: GCC  CompilerVersion: 8.4.0
ProgramName: mri_concatenate_lta  ProgramArguments: mri_concatenate_lta -all-info  ProgramVersion: 7.3.2  TimeStamp: 2026/03/09-11:20:37-GMT  BuildTime: Aug  4 2022 06:17:15  BuildStamp: freesurfer-linux-ubuntu22_x86_64-7.3.2-20220804-6354275  User: oesteban  Machine: dna018  Platform: Linux  PlatformVersion: 5.14.0-427.37.1.el9_4.x86_64  CompilerName: GCC  CompilerVersion: 8.4.0
mri_convert -all-info 
ProgramName: mri_convert  ProgramArguments: mri_convert -all-info  ProgramVersion: 7.3.2  TimeStamp: 2026/03/09-11:20:37-GMT  BuildTime: Aug  4 2022 06:17:15  BuildStamp: freesurfer-linux-ubuntu22_x86_64-7.3.2-20220804-6354275  User: oesteban  Machine: dna018  Platform: Linux  PlatformVersion: 5.14.0-427.37.1.el9_4.x86_64  CompilerName: GCC  CompilerVersion: 8.4.0
ProgramName: mri_diff  ProgramArguments: mri_diff -all-info  ProgramVersion: 7.3.2  TimeStamp: 2026/03/09-11:20:37-GMT  BuildTime: Aug  4 2022 06:17:15  BuildStamp: freesurfer-linux-ubuntu22_x86_64-7.3.2-20220804-6354275  User: oesteban  Machine: dna018  Platform: Linux  PlatformVersion: 5.14.0-427.37.1.el9_4.x86_64  CompilerName: GCC  CompilerVersion: 8.4.0
ProgramName: mri_edit_wm_with_aseg  ProgramArguments: mri_edit_wm_with_aseg -all-info  ProgramVersion: 7.3.2  TimeStamp: 2026/03/09-11:20:37-GMT  BuildTime: Aug  4 2022 06:17:15  BuildStamp: freesurfer-linux-ubuntu22_x86_64-7.3.2-20220804-6354275  User: oesteban  Machine: dna018  Platform: Linux  PlatformVersion: 5.14.0-427.37.1.el9_4.x86_64  CompilerName: GCC  CompilerVersion: 8.4.0
ProgramName: mri_em_register  ProgramArguments: mri_em_register -all-info  ProgramVersion: 7.3.2  TimeStamp: 2026/03/09-11:20:37-GMT  BuildTime: Aug  4 2022 06:17:15  BuildStamp: freesurfer-linux-ubuntu22_x86_64-7.3.2-20220804-6354275  User: oesteban  Machine: dna018  Platform: Linux  PlatformVersion: 5.14.0-427.37.1.el9_4.x86_64  CompilerName: GCC  CompilerVersion: 8.4.0
ProgramName: mri_fill  ProgramArguments: mri_fill -all-info  ProgramVersion: 7.3.2  TimeStamp: 2026/03/09-11:20:37-GMT  BuildTime: Aug  4 2022 06:17:15  BuildStamp: freesurfer-linux-ubuntu22_x86_64-7.3.2-20220804-6354275  User: oesteban  Machine: dna018  Platform: Linux  PlatformVersion: 5.14.0-427.37.1.el9_4.x86_64  CompilerName: GCC  CompilerVersion: 8.4.0
ProgramName: mri_fuse_segmentations  ProgramArguments: mri_fuse_segmentations -all-info  ProgramVersion: 7.3.2  TimeStamp: 2026/03/09-11:20:37-GMT  BuildTime: Aug  4 2022 06:17:15  BuildStamp: freesurfer-linux-ubuntu22_x86_64-7.3.2-20220804-6354275  User: oesteban  Machine: dna018  Platform: Linux  PlatformVersion: 5.14.0-427.37.1.el9_4.x86_64  CompilerName: GCC  CompilerVersion: 8.4.0
ProgramName: mri_fwhm  ProgramArguments: mri_fwhm -all-info  ProgramVersion: 7.3.2  TimeStamp: 2026/03/09-11:20:37-GMT  BuildTime: Aug  4 2022 06:17:15  BuildStamp: freesurfer-linux-ubuntu22_x86_64-7.3.2-20220804-6354275  User: oesteban  Machine: dna018  Platform: Linux  PlatformVersion: 5.14.0-427.37.1.el9_4.x86_64  CompilerName: GCC  CompilerVersion: 8.4.0
ProgramName: mri_gcut  ProgramArguments: mri_gcut -all-info  ProgramVersion: 7.3.2  TimeStamp: 2026/03/09-11:20:37-GMT  BuildTime: Aug  4 2022 06:17:15  BuildStamp: freesurfer-linux-ubuntu22_x86_64-7.3.2-20220804-6354275  User: oesteban  Machine: dna018  Platform: Linux  PlatformVersion: 5.14.0-427.37.1.el9_4.x86_64  CompilerName: GCC  CompilerVersion: 8.4.0
ProgramName: mri_info  ProgramArguments: mri_info -all-info  ProgramVersion: 7.3.2  TimeStamp: 2026/03/09-11:20:37-GMT  BuildTime: Aug  4 2022 06:17:15  BuildStamp: freesurfer-linux-ubuntu22_x86_64-7.3.2-20220804-6354275  User: oesteban  Machine: dna018  Platform: Linux  PlatformVersion: 5.14.0-427.37.1.el9_4.x86_64  CompilerName: GCC  CompilerVersion: 8.4.0
ProgramName: mri_label2label  ProgramArguments: mri_label2label -all-info  ProgramVersion: 7.3.2  TimeStamp: 2026/03/09-11:20:37-GMT  BuildTime: Aug  4 2022 06:17:15  BuildStamp: freesurfer-linux-ubuntu22_x86_64-7.3.2-20220804-6354275  User: oesteban  Machine: dna018  Platform: Linux  PlatformVersion: 5.14.0-427.37.1.el9_4.x86_64  CompilerName: GCC  CompilerVersion: 8.4.0
ProgramName: mri_label2vol  ProgramArguments: mri_label2vol -all-info  ProgramVersion: 7.3.2  TimeStamp: 2026/03/09-11:20:37-GMT  BuildTime: Aug  4 2022 06:17:15  BuildStamp: freesurfer-linux-ubuntu22_x86_64-7.3.2-20220804-6354275  User: oesteban  Machine: dna018  Platform: Linux  PlatformVersion: 5.14.0-427.37.1.el9_4.x86_64  CompilerName: GCC  CompilerVersion: 8.4.0
ProgramName: mri_log_likelihood  ProgramArguments: mri_log_likelihood -all-info  ProgramVersion: 7.3.2  TimeStamp: 2026/03/09-11:20:37-GMT  BuildTime: Aug  4 2022 06:17:15  BuildStamp: freesurfer-linux-ubuntu22_x86_64-7.3.2-20220804-6354275  User: oesteban  Machine: dna018  Platform: Linux  PlatformVersion: 5.14.0-427.37.1.el9_4.x86_64  CompilerName: GCC  CompilerVersion: 8.4.0
ProgramName: mri_mask  ProgramArguments: mri_mask -all-info  ProgramVersion: 7.3.2  TimeStamp: 2026/03/09-11:20:37-GMT  BuildTime: Aug  4 2022 06:17:15  BuildStamp: freesurfer-linux-ubuntu22_x86_64-7.3.2-20220804-6354275  User: oesteban  Machine: dna018  Platform: Linux  PlatformVersion: 5.14.0-427.37.1.el9_4.x86_64  CompilerName: GCC  CompilerVersion: 8.4.0
ProgramName: mri_matrix_multiply  ProgramArguments: mri_matrix_multiply -all-info  ProgramVersion: 7.3.2  TimeStamp: 2026/03/09-11:20:37-GMT  BuildTime: Aug  4 2022 06:17:15  BuildStamp: freesurfer-linux-ubuntu22_x86_64-7.3.2-20220804-6354275  User: oesteban  Machine: dna018  Platform: Linux  PlatformVersion: 5.14.0-427.37.1.el9_4.x86_64  CompilerName: GCC  CompilerVersion: 8.4.0
ProgramName: mri_normalize  ProgramArguments: mri_normalize -all-info  ProgramVersion: 7.3.2  TimeStamp: 2026/03/09-11:20:37-GMT  BuildTime: Aug  4 2022 06:17:15  BuildStamp: freesurfer-linux-ubuntu22_x86_64-7.3.2-20220804-6354275  User: oesteban  Machine: dna018  Platform: Linux  PlatformVersion: 5.14.0-427.37.1.el9_4.x86_64  CompilerName: GCC  CompilerVersion: 8.4.0
ProgramName: mri_normalize_tp2  ProgramArguments: mri_normalize_tp2 -all-info  ProgramVersion: 7.3.2  TimeStamp: 2026/03/09-11:20:37-GMT  BuildTime: Aug  4 2022 06:17:15  BuildStamp: freesurfer-linux-ubuntu22_x86_64-7.3.2-20220804-6354275  User: oesteban  Machine: dna018  Platform: Linux  PlatformVersion: 5.14.0-427.37.1.el9_4.x86_64  CompilerName: GCC  CompilerVersion: 8.4.0
ProgramName: mri_or  ProgramArguments: mri_or -all-info  ProgramVersion: 7.3.2  TimeStamp: 2026/03/09-11:20:37-GMT  BuildTime: Aug  4 2022 06:17:15  BuildStamp: freesurfer-linux-ubuntu22_x86_64-7.3.2-20220804-6354275  User: oesteban  Machine: dna018  Platform: Linux  PlatformVersion: 5.14.0-427.37.1.el9_4.x86_64  CompilerName: GCC  CompilerVersion: 8.4.0
ProgramName: mri_relabel_hypointensities  ProgramArguments: mri_relabel_hypointensities -all-info  ProgramVersion: 7.3.2  TimeStamp: 2026/03/09-11:20:37-GMT  BuildTime: Aug  4 2022 06:17:15  BuildStamp: freesurfer-linux-ubuntu22_x86_64-7.3.2-20220804-6354275  User: oesteban  Machine: dna018  Platform: Linux  PlatformVersion: 5.14.0-427.37.1.el9_4.x86_64  CompilerName: GCC  CompilerVersion: 8.4.0
ProgramName: mri_relabel_nonwm_hypos  ProgramArguments: mri_relabel_nonwm_hypos -all-info  ProgramVersion: 7.3.2  TimeStamp: 2026/03/09-11:20:37-GMT  BuildTime: Aug  4 2022 06:17:15  BuildStamp: freesurfer-linux-ubuntu22_x86_64-7.3.2-20220804-6354275  User: oesteban  Machine: dna018  Platform: Linux  PlatformVersion: 5.14.0-427.37.1.el9_4.x86_64  CompilerName: GCC  CompilerVersion: 8.4.0
ProgramName: mri_remove_neck  ProgramArguments: mri_remove_neck -all-info  ProgramVersion: 7.3.2  TimeStamp: 2026/03/09-11:20:37-GMT  BuildTime: Aug  4 2022 06:17:15  BuildStamp: freesurfer-linux-ubuntu22_x86_64-7.3.2-20220804-6354275  User: oesteban  Machine: dna018  Platform: Linux  PlatformVersion: 5.14.0-427.37.1.el9_4.x86_64  CompilerName: GCC  CompilerVersion: 8.4.0
7.3.2

ProgramName: mri_robust_register  ProgramArguments: mri_robust_register -all-info  ProgramVersion: 7.3.2  TimeStamp: 2026/03/09-11:20:37-GMT  BuildTime: Aug  4 2022 06:17:15  BuildStamp: freesurfer-linux-ubuntu22_x86_64-7.3.2-20220804-6354275  User: oesteban  Machine: dna018  Platform: Linux  PlatformVersion: 5.14.0-427.37.1.el9_4.x86_64  CompilerName: GCC  CompilerVersion: 8.4.0
7.3.2

ProgramName: mri_robust_template  ProgramArguments: mri_robust_template -all-info  ProgramVersion: 7.3.2  TimeStamp: 2026/03/09-11:20:37-GMT  BuildTime: Aug  4 2022 06:17:15  BuildStamp: freesurfer-linux-ubuntu22_x86_64-7.3.2-20220804-6354275  User: oesteban  Machine: dna018  Platform: Linux  PlatformVersion: 5.14.0-427.37.1.el9_4.x86_64  CompilerName: GCC  CompilerVersion: 8.4.0
ProgramName: mris_anatomical_stats  ProgramArguments: mris_anatomical_stats -all-info  ProgramVersion: 7.3.2  TimeStamp: 2026/03/09-11:20:37-GMT  BuildTime: Aug  4 2022 06:17:15  BuildStamp: freesurfer-linux-ubuntu22_x86_64-7.3.2-20220804-6354275  User: oesteban  Machine: dna018  Platform: Linux  PlatformVersion: 5.14.0-427.37.1.el9_4.x86_64  CompilerName: GCC  CompilerVersion: 8.4.0
ProgramName: mris_ca_label  ProgramArguments: mris_ca_label -all-info  ProgramVersion: 7.3.2  TimeStamp: 2026/03/09-11:20:37-GMT  BuildTime: Aug  4 2022 06:17:15  BuildStamp: freesurfer-linux-ubuntu22_x86_64-7.3.2-20220804-6354275  User: oesteban  Machine: dna018  Platform: Linux  PlatformVersion: 5.14.0-427.37.1.el9_4.x86_64  CompilerName: GCC  CompilerVersion: 8.4.0
ProgramName: mris_calc  ProgramArguments: mris_calc -all-info  ProgramVersion: 7.3.2  TimeStamp: 2026/03/09-11:20:37-GMT  BuildTime: Aug  4 2022 06:17:15  BuildStamp: freesurfer-linux-ubuntu22_x86_64-7.3.2-20220804-6354275  User: oesteban  Machine: dna018  Platform: Linux  PlatformVersion: 5.14.0-427.37.1.el9_4.x86_64  CompilerName: GCC  CompilerVersion: 8.4.0
ProgramName: mris_convert  ProgramArguments: mris_convert -all-info  ProgramVersion: 7.3.2  TimeStamp: 2026/03/09-11:20:37-GMT  BuildTime: Aug  4 2022 06:17:15  BuildStamp: freesurfer-linux-ubuntu22_x86_64-7.3.2-20220804-6354275  User: oesteban  Machine: dna018  Platform: Linux  PlatformVersion: 5.14.0-427.37.1.el9_4.x86_64  CompilerName: GCC  CompilerVersion: 8.4.0
ProgramName: mris_curvature  ProgramArguments: mris_curvature -all-info  ProgramVersion: 7.3.2  TimeStamp: 2026/03/09-11:20:37-GMT  BuildTime: Aug  4 2022 06:17:15  BuildStamp: freesurfer-linux-ubuntu22_x86_64-7.3.2-20220804-6354275  User: oesteban  Machine: dna018  Platform: Linux  PlatformVersion: 5.14.0-427.37.1.el9_4.x86_64  CompilerName: GCC  CompilerVersion: 8.4.0
ProgramName: mris_curvature_stats  ProgramArguments: mris_curvature_stats -all-info  ProgramVersion: 7.3.2  TimeStamp: 2026/03/09-11:20:37-GMT  BuildTime: Aug  4 2022 06:17:15  BuildStamp: freesurfer-linux-ubuntu22_x86_64-7.3.2-20220804-6354275  User: oesteban  Machine: dna018  Platform: Linux  PlatformVersion: 5.14.0-427.37.1.el9_4.x86_64  CompilerName: GCC  CompilerVersion: 8.4.0
ProgramName: mris_diff  ProgramArguments: mris_diff -all-info  ProgramVersion: 7.3.2  TimeStamp: 2026/03/09-11:20:37-GMT  BuildTime: Aug  4 2022 06:17:15  BuildStamp: freesurfer-linux-ubuntu22_x86_64-7.3.2-20220804-6354275  User: oesteban  Machine: dna018  Platform: Linux  PlatformVersion: 5.14.0-427.37.1.el9_4.x86_64  CompilerName: GCC  CompilerVersion: 8.4.0
ProgramName: mris_divide_parcellation  ProgramArguments: mris_divide_parcellation -all-info  ProgramVersion: 7.3.2  TimeStamp: 2026/03/09-11:20:37-GMT  BuildTime: Aug  4 2022 06:17:15  BuildStamp: freesurfer-linux-ubuntu22_x86_64-7.3.2-20220804-6354275  User: oesteban  Machine: dna018  Platform: Linux  PlatformVersion: 5.14.0-427.37.1.el9_4.x86_64  CompilerName: GCC  CompilerVersion: 8.4.0
ProgramName: mri_segment  ProgramArguments: mri_segment -all-info  ProgramVersion: 7.3.2  TimeStamp: 2026/03/09-11:20:37-GMT  BuildTime: Aug  4 2022 06:17:15  BuildStamp: freesurfer-linux-ubuntu22_x86_64-7.3.2-20220804-6354275  User: oesteban  Machine: dna018  Platform: Linux  PlatformVersion: 5.14.0-427.37.1.el9_4.x86_64  CompilerName: GCC  CompilerVersion: 8.4.0
ProgramName: mri_segstats  ProgramArguments: mri_segstats -all-info  ProgramVersion: 7.3.2  TimeStamp: 2026/03/09-11:20:37-GMT  BuildTime: Aug  4 2022 06:17:15  BuildStamp: freesurfer-linux-ubuntu22_x86_64-7.3.2-20220804-6354275  User: oesteban  Machine: dna018  Platform: Linux  PlatformVersion: 5.14.0-427.37.1.el9_4.x86_64  CompilerName: GCC  CompilerVersion: 8.4.0
ProgramName: mris_euler_number  ProgramArguments: mris_euler_number -all-info  ProgramVersion: 7.3.2  TimeStamp: 2026/03/09-11:20:37-GMT  BuildTime: Aug  4 2022 06:17:15  BuildStamp: freesurfer-linux-ubuntu22_x86_64-7.3.2-20220804-6354275  User: oesteban  Machine: dna018  Platform: Linux  PlatformVersion: 5.14.0-427.37.1.el9_4.x86_64  CompilerName: GCC  CompilerVersion: 8.4.0
ProgramName: mris_fix_topology  ProgramArguments: mris_fix_topology -all-info  ProgramVersion: 7.3.2  TimeStamp: 2026/03/09-11:20:37-GMT  BuildTime: Aug  4 2022 06:17:15  BuildStamp: freesurfer-linux-ubuntu22_x86_64-7.3.2-20220804-6354275  User: oesteban  Machine: dna018  Platform: Linux  PlatformVersion: 5.14.0-427.37.1.el9_4.x86_64  CompilerName: GCC  CompilerVersion: 8.4.0
ProgramName: mris_topo_fixer  ProgramArguments: mris_topo_fixer -all-info  ProgramVersion: 7.3.2  TimeStamp: 2026/03/09-11:20:37-GMT  BuildTime: Aug  4 2022 06:17:15  BuildStamp: freesurfer-linux-ubuntu22_x86_64-7.3.2-20220804-6354275  User: oesteban  Machine: dna018  Platform: Linux  PlatformVersion: 5.14.0-427.37.1.el9_4.x86_64  CompilerName: GCC  CompilerVersion: 8.4.0
ProgramName: mris_jacobian  ProgramArguments: mris_jacobian -all-info  ProgramVersion: 7.3.2  TimeStamp: 2026/03/09-11:20:37-GMT  BuildTime: Aug  4 2022 06:17:15  BuildStamp: freesurfer-linux-ubuntu22_x86_64-7.3.2-20220804-6354275  User: oesteban  Machine: dna018  Platform: Linux  PlatformVersion: 5.14.0-427.37.1.el9_4.x86_64  CompilerName: GCC  CompilerVersion: 8.4.0
ProgramName: mris_label2annot  ProgramArguments: mris_label2annot -all-info  ProgramVersion: 7.3.2  TimeStamp: 2026/03/09-11:20:37-GMT  BuildTime: Aug  4 2022 06:17:15  BuildStamp: freesurfer-linux-ubuntu22_x86_64-7.3.2-20220804-6354275  User: oesteban  Machine: dna018  Platform: Linux  PlatformVersion: 5.14.0-427.37.1.el9_4.x86_64  CompilerName: GCC  CompilerVersion: 8.4.0
ProgramName: mris_left_right_register  ProgramArguments: mris_left_right_register -all-info  ProgramVersion: 7.3.2  TimeStamp: 2026/03/09-11:20:37-GMT  BuildTime: Aug  4 2022 06:17:15  BuildStamp: freesurfer-linux-ubuntu22_x86_64-7.3.2-20220804-6354275  User: oesteban  Machine: dna018  Platform: Linux  PlatformVersion: 5.14.0-427.37.1.el9_4.x86_64  CompilerName: GCC  CompilerVersion: 8.4.0
ProgramName: mris_place_surface  ProgramArguments: mris_place_surface -all-info  ProgramVersion: 7.3.2  TimeStamp: 2026/03/09-11:20:37-GMT  BuildTime: Aug  4 2022 06:17:15  BuildStamp: freesurfer-linux-ubuntu22_x86_64-7.3.2-20220804-6354275  User: oesteban  Machine: dna018  Platform: Linux  PlatformVersion: 5.14.0-427.37.1.el9_4.x86_64  CompilerName: GCC  CompilerVersion: 8.4.0
ProgramName: mrisp_paint  ProgramArguments: mrisp_paint -all-info  ProgramVersion: 7.3.2  TimeStamp: 2026/03/09-11:20:37-GMT  BuildTime: Aug  4 2022 06:17:15  BuildStamp: freesurfer-linux-ubuntu22_x86_64-7.3.2-20220804-6354275  User: oesteban  Machine: dna018  Platform: Linux  PlatformVersion: 5.14.0-427.37.1.el9_4.x86_64  CompilerName: GCC  CompilerVersion: 8.4.0
ProgramName: mris_register  ProgramArguments: mris_register -all-info  ProgramVersion: 7.3.2  TimeStamp: 2026/03/09-11:20:37-GMT  BuildTime: Aug  4 2022 06:17:15  BuildStamp: freesurfer-linux-ubuntu22_x86_64-7.3.2-20220804-6354275  User: oesteban  Machine: dna018  Platform: Linux  PlatformVersion: 5.14.0-427.37.1.el9_4.x86_64  CompilerName: GCC  CompilerVersion: 8.4.0
ProgramName: mris_smooth  ProgramArguments: mris_smooth -all-info  ProgramVersion: 7.3.2  TimeStamp: 2026/03/09-11:20:37-GMT  BuildTime: Aug  4 2022 06:17:15  BuildStamp: freesurfer-linux-ubuntu22_x86_64-7.3.2-20220804-6354275  User: oesteban  Machine: dna018  Platform: Linux  PlatformVersion: 5.14.0-427.37.1.el9_4.x86_64  CompilerName: GCC  CompilerVersion: 8.4.0
ProgramName: mris_sphere  ProgramArguments: mris_sphere -all-info  ProgramVersion: 7.3.2  TimeStamp: 2026/03/09-11:20:37-GMT  BuildTime: Aug  4 2022 06:17:15  BuildStamp: freesurfer-linux-ubuntu22_x86_64-7.3.2-20220804-6354275  User: oesteban  Machine: dna018  Platform: Linux  PlatformVersion: 5.14.0-427.37.1.el9_4.x86_64  CompilerName: GCC  CompilerVersion: 8.4.0
ProgramName: mris_surface_stats  ProgramArguments: mris_surface_stats -all-info  ProgramVersion: 7.3.2  TimeStamp: 2026/03/09-11:20:37-GMT  BuildTime: Aug  4 2022 06:17:15  BuildStamp: freesurfer-linux-ubuntu22_x86_64-7.3.2-20220804-6354275  User: oesteban  Machine: dna018  Platform: Linux  PlatformVersion: 5.14.0-427.37.1.el9_4.x86_64  CompilerName: GCC  CompilerVersion: 8.4.0
ProgramName: mri_stats2seg  ProgramArguments: mri_stats2seg -all-info  ProgramVersion: 7.3.2  TimeStamp: 2026/03/09-11:20:37-GMT  BuildTime: Aug  4 2022 06:17:15  BuildStamp: freesurfer-linux-ubuntu22_x86_64-7.3.2-20220804-6354275  User: oesteban  Machine: dna018  Platform: Linux  PlatformVersion: 5.14.0-427.37.1.el9_4.x86_64  CompilerName: GCC  CompilerVersion: 8.4.0
ProgramName: mris_thickness  ProgramArguments: mris_thickness -all-info  ProgramVersion: 7.3.2  TimeStamp: 2026/03/09-11:20:37-GMT  BuildTime: Aug  4 2022 06:17:15  BuildStamp: freesurfer-linux-ubuntu22_x86_64-7.3.2-20220804-6354275  User: oesteban  Machine: dna018  Platform: Linux  PlatformVersion: 5.14.0-427.37.1.el9_4.x86_64  CompilerName: GCC  CompilerVersion: 8.4.0
ProgramName: mris_thickness_diff  ProgramArguments: mris_thickness_diff -all-info  ProgramVersion: 7.3.2  TimeStamp: 2026/03/09-11:20:37-GMT  BuildTime: Aug  4 2022 06:17:15  BuildStamp: freesurfer-linux-ubuntu22_x86_64-7.3.2-20220804-6354275  User: oesteban  Machine: dna018  Platform: Linux  PlatformVersion: 5.14.0-427.37.1.el9_4.x86_64  CompilerName: GCC  CompilerVersion: 8.4.0
ProgramName: mris_topo_fixer  ProgramArguments: mris_topo_fixer -all-info  ProgramVersion: 7.3.2  TimeStamp: 2026/03/09-11:20:37-GMT  BuildTime: Aug  4 2022 06:17:15  BuildStamp: freesurfer-linux-ubuntu22_x86_64-7.3.2-20220804-6354275  User: oesteban  Machine: dna018  Platform: Linux  PlatformVersion: 5.14.0-427.37.1.el9_4.x86_64  CompilerName: GCC  CompilerVersion: 8.4.0
ProgramName: mri_surf2surf  ProgramArguments: mri_surf2surf -all-info  ProgramVersion: 7.3.2  TimeStamp: 2026/03/09-11:20:37-GMT  BuildTime: Aug  4 2022 06:17:15  BuildStamp: freesurfer-linux-ubuntu22_x86_64-7.3.2-20220804-6354275  User: oesteban  Machine: dna018  Platform: Linux  PlatformVersion: 5.14.0-427.37.1.el9_4.x86_64  CompilerName: GCC  CompilerVersion: 8.4.0
ProgramName: mri_surf2vol  ProgramArguments: mri_surf2vol -all-info  ProgramVersion: 7.3.2  TimeStamp: 2026/03/09-11:20:37-GMT  BuildTime: Aug  4 2022 06:17:15  BuildStamp: freesurfer-linux-ubuntu22_x86_64-7.3.2-20220804-6354275  User: oesteban  Machine: dna018  Platform: Linux  PlatformVersion: 5.14.0-427.37.1.el9_4.x86_64  CompilerName: GCC  CompilerVersion: 8.4.0
ProgramName: mri_surfcluster  ProgramArguments: mri_surfcluster -all-info  ProgramVersion: 7.3.2  TimeStamp: 2026/03/09-11:20:37-GMT  BuildTime: Aug  4 2022 06:17:15  BuildStamp: freesurfer-linux-ubuntu22_x86_64-7.3.2-20220804-6354275  User: oesteban  Machine: dna018  Platform: Linux  PlatformVersion: 5.14.0-427.37.1.el9_4.x86_64  CompilerName: GCC  CompilerVersion: 8.4.0
ProgramName: mris_volmask  ProgramArguments: mris_volmask -all-info  ProgramVersion: 7.3.2  TimeStamp: 2026/03/09-11:20:37-GMT  BuildTime: Aug  4 2022 06:17:15  BuildStamp: freesurfer-linux-ubuntu22_x86_64-7.3.2-20220804-6354275  User: oesteban  Machine: dna018  Platform: Linux  PlatformVersion: 5.14.0-427.37.1.el9_4.x86_64  CompilerName: GCC  CompilerVersion: 8.4.0
ProgramName: mri_tessellate  ProgramArguments: mri_tessellate -all-info  ProgramVersion: 7.3.2  TimeStamp: 2026/03/09-11:20:37-GMT  BuildTime: Aug  4 2022 06:17:15  BuildStamp: freesurfer-linux-ubuntu22_x86_64-7.3.2-20220804-6354275  User: oesteban  Machine: dna018  Platform: Linux  PlatformVersion: 5.14.0-427.37.1.el9_4.x86_64  CompilerName: GCC  CompilerVersion: 8.4.0
ProgramName: mri_vol2surf  ProgramArguments: mri_vol2surf -all-info  ProgramVersion: 7.3.2  TimeStamp: 2026/03/09-11:20:37-GMT  BuildTime: Aug  4 2022 06:17:15  BuildStamp: freesurfer-linux-ubuntu22_x86_64-7.3.2-20220804-6354275  User: oesteban  Machine: dna018  Platform: Linux  PlatformVersion: 5.14.0-427.37.1.el9_4.x86_64  CompilerName: GCC  CompilerVersion: 8.4.0
ProgramName: mri_vol2vol  ProgramArguments: mri_vol2vol -all-info  ProgramVersion: 7.3.2  TimeStamp: 2026/03/09-11:20:37-GMT  BuildTime: Aug  4 2022 06:17:15  BuildStamp: freesurfer-linux-ubuntu22_x86_64-7.3.2-20220804-6354275  User: oesteban  Machine: dna018  Platform: Linux  PlatformVersion: 5.14.0-427.37.1.el9_4.x86_64  CompilerName: GCC  CompilerVersion: 8.4.0
ProgramName: mri_voldiff  ProgramArguments: mri_voldiff -all-info  ProgramVersion: 7.3.2  TimeStamp: 2026/03/09-11:20:37-GMT  BuildTime: Aug  4 2022 06:17:15  BuildStamp: freesurfer-linux-ubuntu22_x86_64-7.3.2-20220804-6354275  User: oesteban  Machine: dna018  Platform: Linux  PlatformVersion: 5.14.0-427.37.1.el9_4.x86_64  CompilerName: GCC  CompilerVersion: 8.4.0
ProgramName: mri_watershed  ProgramArguments: mri_watershed -all-info  ProgramVersion: 7.3.2  TimeStamp: 2026/03/09-11:20:37-GMT  BuildTime: Aug  4 2022 06:17:15  BuildStamp: freesurfer-linux-ubuntu22_x86_64-7.3.2-20220804-6354275  User: oesteban  Machine: dna018  Platform: Linux  PlatformVersion: 5.14.0-427.37.1.el9_4.x86_64  CompilerName: GCC  CompilerVersion: 8.4.0
ProgramName: tkregister2  ProgramArguments: tkregister2_cmdl -all-info  ProgramVersion: 7.3.2  TimeStamp: 2026/03/09-11:20:37-GMT  BuildTime: Aug  4 2022 06:17:15  BuildStamp: freesurfer-linux-ubuntu22_x86_64-7.3.2-20220804-6354275  User: oesteban  Machine: dna018  Platform: Linux  PlatformVersion: 5.14.0-427.37.1.el9_4.x86_64  CompilerName: GCC  CompilerVersion: 8.4.0
mri_motion_correct.fsl 7.3.2
mri_convert -all-info 
ProgramName: mri_convert  ProgramArguments: mri_convert -all-info  ProgramVersion: 7.3.2  TimeStamp: 2026/03/09-11:20:37-GMT  BuildTime: Aug  4 2022 06:17:15  BuildStamp: freesurfer-linux-ubuntu22_x86_64-7.3.2-20220804-6354275  User: oesteban  Machine: dna018  Platform: Linux  PlatformVersion: 5.14.0-427.37.1.el9_4.x86_64  CompilerName: GCC  CompilerVersion: 8.4.0
Program nu_correct, built from:
Package MNI N3, version 1.12.0, compiled by nicks@terrier (x86_64-unknown-linux-gnu) on 2015-06-19 at 01:25:34
#######################################
GCADIR /opt/freesurfer/average
GCA RB_all_2020-01-02.gca
GCASkull RB_all_withskull_2020_01_02.gca
AvgCurvTif folding.atlas.acfb40.noaparc.i12.2016-08-02.tif
GCSDIR /opt/freesurfer/average
GCS DKaparc.atlas.acfb40.noaparc.i12.2016-08-02.gcs
#######################################
#@# white curv lh Mon Mar  9 12:20:37 CET 2026
cd /out/sourcedata/freesurfer/sub-v1s21x0050399_ses-1/mri
mris_place_surface --curv-map ../surf/lh.white 2 10 ../surf/lh.curv
   Update not needed
#@# white area lh Mon Mar  9 12:20:37 CET 2026
cd /out/sourcedata/freesurfer/sub-v1s21x0050399_ses-1/mri
mris_place_surface --area-map ../surf/lh.white ../surf/lh.area
   Update not needed
#@# pial curv lh Mon Mar  9 12:20:37 CET 2026
cd /out/sourcedata/freesurfer/sub-v1s21x0050399_ses-1/mri
mris_place_surface --curv-map ../surf/lh.pial 2 10 ../surf/lh.curv.pial
   Update not needed
#@# pial area lh Mon Mar  9 12:20:37 CET 2026
cd /out/sourcedata/freesurfer/sub-v1s21x0050399_ses-1/mri
mris_place_surface --area-map ../surf/lh.pial ../surf/lh.area.pial
   Update not needed
#@# thickness lh Mon Mar  9 12:20:37 CET 2026
cd /out/sourcedata/freesurfer/sub-v1s21x0050399_ses-1/mri
mris_place_surface --thickness ../surf/lh.white ../surf/lh.pial 20 5 ../surf/lh.thickness
   Update not needed
#@# area and vertex vol lh Mon Mar  9 12:20:37 CET 2026
cd /out/sourcedata/freesurfer/sub-v1s21x0050399_ses-1/mri
mris_place_surface --thickness ../surf/lh.white ../surf/lh.pial 20 5 ../surf/lh.thickness
   Update not needed
#@# white curv rh Mon Mar  9 12:20:37 CET 2026
cd /out/sourcedata/freesurfer/sub-v1s21x0050399_ses-1/mri
mris_place_surface --curv-map ../surf/rh.white 2 10 ../surf/rh.curv
   Update not needed
#@# white area rh Mon Mar  9 12:20:37 CET 2026
cd /out/sourcedata/freesurfer/sub-v1s21x0050399_ses-1/mri
mris_place_surface --area-map ../surf/rh.white ../surf/rh.area
   Update not needed
#@# pial curv rh Mon Mar  9 12:20:37 CET 2026
cd /out/sourcedata/freesurfer/sub-v1s21x0050399_ses-1/mri
mris_place_surface --curv-map ../surf/rh.pial 2 10 ../surf/rh.curv.pial
   Update not needed
#@# pial area rh Mon Mar  9 12:20:37 CET 2026
cd /out/sourcedata/freesurfer/sub-v1s21x0050399_ses-1/mri
mris_place_surface --area-map ../surf/rh.pial ../surf/rh.area.pial
   Update not needed
#@# thickness rh Mon Mar  9 12:20:37 CET 2026
cd /out/sourcedata/freesurfer/sub-v1s21x0050399_ses-1/mri
mris_place_surface --thickness ../surf/rh.white ../surf/rh.pial 20 5 ../surf/rh.thickness
   Update not needed
#@# area and vertex vol rh Mon Mar  9 12:20:37 CET 2026
cd /out/sourcedata/freesurfer/sub-v1s21x0050399_ses-1/mri
mris_place_surface --thickness ../surf/rh.white ../surf/rh.pial 20 5 ../surf/rh.thickness
   Update not needed
#--------------------------------------------
#@# Cortical ribbon mask Mon Mar  9 12:20:37 CET 2026
/out/sourcedata/freesurfer/sub-v1s21x0050399_ses-1/mri

 mris_volmask --aseg_name aseg.presurf --label_left_white 2 --label_left_ribbon 3 --label_right_white 41 --label_right_ribbon 42 --save_ribbon sub-v1s21x0050399_ses-1 

SUBJECTS_DIR is /out/sourcedata/freesurfer
loading input data...
Running hemis serially
Processing left hemi
computing distance to left white surface 
computing distance to left pial surface 
Processing right hemi
computing distance to right white surface 
computing distance to right pial surface 
 hemi masks overlap voxels = 169
writing volume /out/sourcedata/freesurfer/sub-v1s21x0050399_ses-1/mri/ribbon.mgz
mris_volmask took 2.60 minutes
 writing ribbon files

Started at Mon Mar 9 12:20:37 CET 2026 
Ended   at Mon Mar 9 12:23:13 CET 2026
#@#%# recon-all-run-time-hours 0.043
recon-all -s sub-v1s21x0050399_ses-1 finished without error at Mon Mar  9 12:23:13 CET 2026



#New# invocation of recon-all 




Mon Mar  9 12:28:39 CET 2026
cd /out/sourcedata/freesurfer/sub-v1s21x0050399_ses-1
setenv SUBJECTS_DIR /out/sourcedata/freesurfer
/opt/freesurfer/bin/recon-all -autorecon3 -openmp 16 -subjid sub-v1s21x0050399_ses-1 -sd /out/sourcedata/freesurfer -nosphere -nosurfreg -nojacobian_white -noavgcurv -nocortparc -nopial -noparcstats -nocortparc2 -noparcstats2 -nocortparc3 -noparcstats3 -nopctsurfcon -nocortribbon -nobalabels

subjid sub-v1s21x0050399_ses-1
setenv SUBJECTS_DIR /out/sourcedata/freesurfer
FREESURFER_HOME /opt/freesurfer
Actual FREESURFER_HOME /opt/freesurfer
build-stamp.txt: freesurfer-linux-ubuntu22_x86_64-7.3.2-20220804-6354275
Linux dna018 5.14.0-427.37.1.el9_4.x86_64 #1 SMP PREEMPT_DYNAMIC Fri Sep 13 12:41:50 EDT 2024 x86_64 x86_64 x86_64 GNU/Linux
cputime      unlimited
filesize     unlimited
datasize     unlimited
stacksize    8192 kbytes
coredumpsize 0 kbytes
memoryuse    67108864 kbytes
vmemoryuse   unlimited
descriptors  1024 
memorylocked unlimited
maxproc      2061970 
maxlocks     unlimited
maxsignal    2061970 
maxmessage   819200 
maxnice      0 
maxrtprio    0 
maxrttime    unlimited

               total        used        free      shared  buff/cache   available
Mem:           503Gi        64Gi       378Gi       7.9Gi        61Gi       428Gi
Swap:             0B          0B          0B

########################################
program versions used
7.3.2 (freesurfer-linux-ubuntu22_x86_64-7.3.2-20220804-6354275)
7.3.2

ProgramName: lta_convert  ProgramArguments: lta_convert -all-info  ProgramVersion: 7.3.2  TimeStamp: 2026/03/09-11:28:39-GMT  BuildTime: Aug  4 2022 06:17:15  BuildStamp: freesurfer-linux-ubuntu22_x86_64-7.3.2-20220804-6354275  User: oesteban  Machine: dna018  Platform: Linux  PlatformVersion: 5.14.0-427.37.1.el9_4.x86_64  CompilerName: GCC  CompilerVersion: 8.4.0
ProgramName: mri_and  ProgramArguments: mri_and -all-info  ProgramVersion: 7.3.2  TimeStamp: 2026/03/09-11:28:39-GMT  BuildTime: Aug  4 2022 06:17:15  BuildStamp: freesurfer-linux-ubuntu22_x86_64-7.3.2-20220804-6354275  User: oesteban  Machine: dna018  Platform: Linux  PlatformVersion: 5.14.0-427.37.1.el9_4.x86_64  CompilerName: GCC  CompilerVersion: 8.4.0
ProgramName: mri_annotation2label  ProgramArguments: mri_annotation2label -all-info  ProgramVersion: 7.3.2  TimeStamp: 2026/03/09-11:28:39-GMT  BuildTime: Aug  4 2022 06:17:15  BuildStamp: freesurfer-linux-ubuntu22_x86_64-7.3.2-20220804-6354275  User: oesteban  Machine: dna018  Platform: Linux  PlatformVersion: 5.14.0-427.37.1.el9_4.x86_64  CompilerName: GCC  CompilerVersion: 8.4.0
ProgramName: mri_aparc2aseg  ProgramArguments: mri_aparc2aseg -all-info  ProgramVersion: 7.3.2  TimeStamp: 2026/03/09-11:28:39-GMT  BuildTime: Aug  4 2022 06:17:15  BuildStamp: freesurfer-linux-ubuntu22_x86_64-7.3.2-20220804-6354275  User: oesteban  Machine: dna018  Platform: Linux  PlatformVersion: 5.14.0-427.37.1.el9_4.x86_64  CompilerName: GCC  CompilerVersion: 8.4.0
ProgramName: mri_surf2volseg  ProgramArguments: mri_surf2volseg -all-info  ProgramVersion: 7.3.2  TimeStamp: 2026/03/09-11:28:39-GMT  BuildTime: Aug  4 2022 06:17:15  BuildStamp: freesurfer-linux-ubuntu22_x86_64-7.3.2-20220804-6354275  User: oesteban  Machine: dna018  Platform: Linux  PlatformVersion: 5.14.0-427.37.1.el9_4.x86_64  CompilerName: GCC  CompilerVersion: 8.4.0
ProgramName: mri_binarize  ProgramArguments: mri_binarize -all-info  ProgramVersion: 7.3.2  TimeStamp: 2026/03/09-11:28:39-GMT  BuildTime: Aug  4 2022 06:17:15  BuildStamp: freesurfer-linux-ubuntu22_x86_64-7.3.2-20220804-6354275  User: oesteban  Machine: dna018  Platform: Linux  PlatformVersion: 5.14.0-427.37.1.el9_4.x86_64  CompilerName: GCC  CompilerVersion: 8.4.0
ProgramName: mri_ca_label  ProgramArguments: mri_ca_label -all-info  ProgramVersion: 7.3.2  TimeStamp: 2026/03/09-11:28:39-GMT  BuildTime: Aug  4 2022 06:17:15  BuildStamp: freesurfer-linux-ubuntu22_x86_64-7.3.2-20220804-6354275  User: oesteban  Machine: dna018  Platform: Linux  PlatformVersion: 5.14.0-427.37.1.el9_4.x86_64  CompilerName: GCC  CompilerVersion: 8.4.0
ProgramName: mri_ca_normalize  ProgramArguments: mri_ca_normalize -all-info  ProgramVersion: 7.3.2  TimeStamp: 2026/03/09-11:28:39-GMT  BuildTime: Aug  4 2022 06:17:15  BuildStamp: freesurfer-linux-ubuntu22_x86_64-7.3.2-20220804-6354275  User: oesteban  Machine: dna018  Platform: Linux  PlatformVersion: 5.14.0-427.37.1.el9_4.x86_64  CompilerName: GCC  CompilerVersion: 8.4.0
ProgramName: mri_ca_register  ProgramArguments: mri_ca_register -all-info  ProgramVersion: 7.3.2  TimeStamp: 2026/03/09-11:28:39-GMT  BuildTime: Aug  4 2022 06:17:15  BuildStamp: freesurfer-linux-ubuntu22_x86_64-7.3.2-20220804-6354275  User: oesteban  Machine: dna018  Platform: Linux  PlatformVersion: 5.14.0-427.37.1.el9_4.x86_64  CompilerName: GCC  CompilerVersion: 8.4.0
ProgramName: mri_cc  ProgramArguments: mri_cc -all-info  ProgramVersion: 7.3.2  TimeStamp: 2026/03/09-11:28:39-GMT  BuildTime: Aug  4 2022 06:17:15  BuildStamp: freesurfer-linux-ubuntu22_x86_64-7.3.2-20220804-6354275  User: oesteban  Machine: dna018  Platform: Linux  PlatformVersion: 5.14.0-427.37.1.el9_4.x86_64  CompilerName: GCC  CompilerVersion: 8.4.0
ProgramName: mri_compute_overlap  ProgramArguments: mri_compute_overlap -all-info  ProgramVersion: 7.3.2  TimeStamp: 2026/03/09-11:28:39-GMT  BuildTime: Aug  4 2022 06:17:15  BuildStamp: freesurfer-linux-ubuntu22_x86_64-7.3.2-20220804-6354275  User: oesteban  Machine: dna018  Platform: Linux  PlatformVersion: 5.14.0-427.37.1.el9_4.x86_64  CompilerName: GCC  CompilerVersion: 8.4.0
ProgramName: mri_compute_seg_overlap  ProgramArguments: mri_compute_seg_overlap -all-info  ProgramVersion: 7.3.2  TimeStamp: 2026/03/09-11:28:39-GMT  BuildTime: Aug  4 2022 06:17:15  BuildStamp: freesurfer-linux-ubuntu22_x86_64-7.3.2-20220804-6354275  User: oesteban  Machine: dna018  Platform: Linux  PlatformVersion: 5.14.0-427.37.1.el9_4.x86_64  CompilerName: GCC  CompilerVersion: 8.4.0
ProgramName: mri_concat  ProgramArguments: mri_concat -all-info  ProgramVersion: 7.3.2  TimeStamp: 2026/03/09-11:28:39-GMT  BuildTime: Aug  4 2022 06:17:15  BuildStamp: freesurfer-linux-ubuntu22_x86_64-7.3.2-20220804-6354275  User: oesteban  Machine: dna018  Platform: Linux  PlatformVersion: 5.14.0-427.37.1.el9_4.x86_64  CompilerName: GCC  CompilerVersion: 8.4.0
ProgramName: mri_concatenate_lta  ProgramArguments: mri_concatenate_lta -all-info  ProgramVersion: 7.3.2  TimeStamp: 2026/03/09-11:28:39-GMT  BuildTime: Aug  4 2022 06:17:15  BuildStamp: freesurfer-linux-ubuntu22_x86_64-7.3.2-20220804-6354275  User: oesteban  Machine: dna018  Platform: Linux  PlatformVersion: 5.14.0-427.37.1.el9_4.x86_64  CompilerName: GCC  CompilerVersion: 8.4.0
mri_convert -all-info 
ProgramName: mri_convert  ProgramArguments: mri_convert -all-info  ProgramVersion: 7.3.2  TimeStamp: 2026/03/09-11:28:39-GMT  BuildTime: Aug  4 2022 06:17:15  BuildStamp: freesurfer-linux-ubuntu22_x86_64-7.3.2-20220804-6354275  User: oesteban  Machine: dna018  Platform: Linux  PlatformVersion: 5.14.0-427.37.1.el9_4.x86_64  CompilerName: GCC  CompilerVersion: 8.4.0
ProgramName: mri_diff  ProgramArguments: mri_diff -all-info  ProgramVersion: 7.3.2  TimeStamp: 2026/03/09-11:28:39-GMT  BuildTime: Aug  4 2022 06:17:15  BuildStamp: freesurfer-linux-ubuntu22_x86_64-7.3.2-20220804-6354275  User: oesteban  Machine: dna018  Platform: Linux  PlatformVersion: 5.14.0-427.37.1.el9_4.x86_64  CompilerName: GCC  CompilerVersion: 8.4.0
ProgramName: mri_edit_wm_with_aseg  ProgramArguments: mri_edit_wm_with_aseg -all-info  ProgramVersion: 7.3.2  TimeStamp: 2026/03/09-11:28:39-GMT  BuildTime: Aug  4 2022 06:17:15  BuildStamp: freesurfer-linux-ubuntu22_x86_64-7.3.2-20220804-6354275  User: oesteban  Machine: dna018  Platform: Linux  PlatformVersion: 5.14.0-427.37.1.el9_4.x86_64  CompilerName: GCC  CompilerVersion: 8.4.0
ProgramName: mri_em_register  ProgramArguments: mri_em_register -all-info  ProgramVersion: 7.3.2  TimeStamp: 2026/03/09-11:28:39-GMT  BuildTime: Aug  4 2022 06:17:15  BuildStamp: freesurfer-linux-ubuntu22_x86_64-7.3.2-20220804-6354275  User: oesteban  Machine: dna018  Platform: Linux  PlatformVersion: 5.14.0-427.37.1.el9_4.x86_64  CompilerName: GCC  CompilerVersion: 8.4.0
ProgramName: mri_fill  ProgramArguments: mri_fill -all-info  ProgramVersion: 7.3.2  TimeStamp: 2026/03/09-11:28:39-GMT  BuildTime: Aug  4 2022 06:17:15  BuildStamp: freesurfer-linux-ubuntu22_x86_64-7.3.2-20220804-6354275  User: oesteban  Machine: dna018  Platform: Linux  PlatformVersion: 5.14.0-427.37.1.el9_4.x86_64  CompilerName: GCC  CompilerVersion: 8.4.0
ProgramName: mri_fuse_segmentations  ProgramArguments: mri_fuse_segmentations -all-info  ProgramVersion: 7.3.2  TimeStamp: 2026/03/09-11:28:39-GMT  BuildTime: Aug  4 2022 06:17:15  BuildStamp: freesurfer-linux-ubuntu22_x86_64-7.3.2-20220804-6354275  User: oesteban  Machine: dna018  Platform: Linux  PlatformVersion: 5.14.0-427.37.1.el9_4.x86_64  CompilerName: GCC  CompilerVersion: 8.4.0
ProgramName: mri_fwhm  ProgramArguments: mri_fwhm -all-info  ProgramVersion: 7.3.2  TimeStamp: 2026/03/09-11:28:39-GMT  BuildTime: Aug  4 2022 06:17:15  BuildStamp: freesurfer-linux-ubuntu22_x86_64-7.3.2-20220804-6354275  User: oesteban  Machine: dna018  Platform: Linux  PlatformVersion: 5.14.0-427.37.1.el9_4.x86_64  CompilerName: GCC  CompilerVersion: 8.4.0
ProgramName: mri_gcut  ProgramArguments: mri_gcut -all-info  ProgramVersion: 7.3.2  TimeStamp: 2026/03/09-11:28:39-GMT  BuildTime: Aug  4 2022 06:17:15  BuildStamp: freesurfer-linux-ubuntu22_x86_64-7.3.2-20220804-6354275  User: oesteban  Machine: dna018  Platform: Linux  PlatformVersion: 5.14.0-427.37.1.el9_4.x86_64  CompilerName: GCC  CompilerVersion: 8.4.0
ProgramName: mri_info  ProgramArguments: mri_info -all-info  ProgramVersion: 7.3.2  TimeStamp: 2026/03/09-11:28:39-GMT  BuildTime: Aug  4 2022 06:17:15  BuildStamp: freesurfer-linux-ubuntu22_x86_64-7.3.2-20220804-6354275  User: oesteban  Machine: dna018  Platform: Linux  PlatformVersion: 5.14.0-427.37.1.el9_4.x86_64  CompilerName: GCC  CompilerVersion: 8.4.0
ProgramName: mri_label2label  ProgramArguments: mri_label2label -all-info  ProgramVersion: 7.3.2  TimeStamp: 2026/03/09-11:28:39-GMT  BuildTime: Aug  4 2022 06:17:15  BuildStamp: freesurfer-linux-ubuntu22_x86_64-7.3.2-20220804-6354275  User: oesteban  Machine: dna018  Platform: Linux  PlatformVersion: 5.14.0-427.37.1.el9_4.x86_64  CompilerName: GCC  CompilerVersion: 8.4.0
ProgramName: mri_label2vol  ProgramArguments: mri_label2vol -all-info  ProgramVersion: 7.3.2  TimeStamp: 2026/03/09-11:28:39-GMT  BuildTime: Aug  4 2022 06:17:15  BuildStamp: freesurfer-linux-ubuntu22_x86_64-7.3.2-20220804-6354275  User: oesteban  Machine: dna018  Platform: Linux  PlatformVersion: 5.14.0-427.37.1.el9_4.x86_64  CompilerName: GCC  CompilerVersion: 8.4.0
ProgramName: mri_log_likelihood  ProgramArguments: mri_log_likelihood -all-info  ProgramVersion: 7.3.2  TimeStamp: 2026/03/09-11:28:39-GMT  BuildTime: Aug  4 2022 06:17:15  BuildStamp: freesurfer-linux-ubuntu22_x86_64-7.3.2-20220804-6354275  User: oesteban  Machine: dna018  Platform: Linux  PlatformVersion: 5.14.0-427.37.1.el9_4.x86_64  CompilerName: GCC  CompilerVersion: 8.4.0
ProgramName: mri_mask  ProgramArguments: mri_mask -all-info  ProgramVersion: 7.3.2  TimeStamp: 2026/03/09-11:28:39-GMT  BuildTime: Aug  4 2022 06:17:15  BuildStamp: freesurfer-linux-ubuntu22_x86_64-7.3.2-20220804-6354275  User: oesteban  Machine: dna018  Platform: Linux  PlatformVersion: 5.14.0-427.37.1.el9_4.x86_64  CompilerName: GCC  CompilerVersion: 8.4.0
ProgramName: mri_matrix_multiply  ProgramArguments: mri_matrix_multiply -all-info  ProgramVersion: 7.3.2  TimeStamp: 2026/03/09-11:28:39-GMT  BuildTime: Aug  4 2022 06:17:15  BuildStamp: freesurfer-linux-ubuntu22_x86_64-7.3.2-20220804-6354275  User: oesteban  Machine: dna018  Platform: Linux  PlatformVersion: 5.14.0-427.37.1.el9_4.x86_64  CompilerName: GCC  CompilerVersion: 8.4.0
ProgramName: mri_normalize  ProgramArguments: mri_normalize -all-info  ProgramVersion: 7.3.2  TimeStamp: 2026/03/09-11:28:39-GMT  BuildTime: Aug  4 2022 06:17:15  BuildStamp: freesurfer-linux-ubuntu22_x86_64-7.3.2-20220804-6354275  User: oesteban  Machine: dna018  Platform: Linux  PlatformVersion: 5.14.0-427.37.1.el9_4.x86_64  CompilerName: GCC  CompilerVersion: 8.4.0
ProgramName: mri_normalize_tp2  ProgramArguments: mri_normalize_tp2 -all-info  ProgramVersion: 7.3.2  TimeStamp: 2026/03/09-11:28:39-GMT  BuildTime: Aug  4 2022 06:17:15  BuildStamp: freesurfer-linux-ubuntu22_x86_64-7.3.2-20220804-6354275  User: oesteban  Machine: dna018  Platform: Linux  PlatformVersion: 5.14.0-427.37.1.el9_4.x86_64  CompilerName: GCC  CompilerVersion: 8.4.0
ProgramName: mri_or  ProgramArguments: mri_or -all-info  ProgramVersion: 7.3.2  TimeStamp: 2026/03/09-11:28:39-GMT  BuildTime: Aug  4 2022 06:17:15  BuildStamp: freesurfer-linux-ubuntu22_x86_64-7.3.2-20220804-6354275  User: oesteban  Machine: dna018  Platform: Linux  PlatformVersion: 5.14.0-427.37.1.el9_4.x86_64  CompilerName: GCC  CompilerVersion: 8.4.0
ProgramName: mri_relabel_hypointensities  ProgramArguments: mri_relabel_hypointensities -all-info  ProgramVersion: 7.3.2  TimeStamp: 2026/03/09-11:28:39-GMT  BuildTime: Aug  4 2022 06:17:15  BuildStamp: freesurfer-linux-ubuntu22_x86_64-7.3.2-20220804-6354275  User: oesteban  Machine: dna018  Platform: Linux  PlatformVersion: 5.14.0-427.37.1.el9_4.x86_64  CompilerName: GCC  CompilerVersion: 8.4.0
ProgramName: mri_relabel_nonwm_hypos  ProgramArguments: mri_relabel_nonwm_hypos -all-info  ProgramVersion: 7.3.2  TimeStamp: 2026/03/09-11:28:39-GMT  BuildTime: Aug  4 2022 06:17:15  BuildStamp: freesurfer-linux-ubuntu22_x86_64-7.3.2-20220804-6354275  User: oesteban  Machine: dna018  Platform: Linux  PlatformVersion: 5.14.0-427.37.1.el9_4.x86_64  CompilerName: GCC  CompilerVersion: 8.4.0
ProgramName: mri_remove_neck  ProgramArguments: mri_remove_neck -all-info  ProgramVersion: 7.3.2  TimeStamp: 2026/03/09-11:28:39-GMT  BuildTime: Aug  4 2022 06:17:15  BuildStamp: freesurfer-linux-ubuntu22_x86_64-7.3.2-20220804-6354275  User: oesteban  Machine: dna018  Platform: Linux  PlatformVersion: 5.14.0-427.37.1.el9_4.x86_64  CompilerName: GCC  CompilerVersion: 8.4.0
7.3.2

ProgramName: mri_robust_register  ProgramArguments: mri_robust_register -all-info  ProgramVersion: 7.3.2  TimeStamp: 2026/03/09-11:28:39-GMT  BuildTime: Aug  4 2022 06:17:15  BuildStamp: freesurfer-linux-ubuntu22_x86_64-7.3.2-20220804-6354275  User: oesteban  Machine: dna018  Platform: Linux  PlatformVersion: 5.14.0-427.37.1.el9_4.x86_64  CompilerName: GCC  CompilerVersion: 8.4.0
7.3.2

ProgramName: mri_robust_template  ProgramArguments: mri_robust_template -all-info  ProgramVersion: 7.3.2  TimeStamp: 2026/03/09-11:28:39-GMT  BuildTime: Aug  4 2022 06:17:15  BuildStamp: freesurfer-linux-ubuntu22_x86_64-7.3.2-20220804-6354275  User: oesteban  Machine: dna018  Platform: Linux  PlatformVersion: 5.14.0-427.37.1.el9_4.x86_64  CompilerName: GCC  CompilerVersion: 8.4.0
ProgramName: mris_anatomical_stats  ProgramArguments: mris_anatomical_stats -all-info  ProgramVersion: 7.3.2  TimeStamp: 2026/03/09-11:28:39-GMT  BuildTime: Aug  4 2022 06:17:15  BuildStamp: freesurfer-linux-ubuntu22_x86_64-7.3.2-20220804-6354275  User: oesteban  Machine: dna018  Platform: Linux  PlatformVersion: 5.14.0-427.37.1.el9_4.x86_64  CompilerName: GCC  CompilerVersion: 8.4.0
ProgramName: mris_ca_label  ProgramArguments: mris_ca_label -all-info  ProgramVersion: 7.3.2  TimeStamp: 2026/03/09-11:28:39-GMT  BuildTime: Aug  4 2022 06:17:15  BuildStamp: freesurfer-linux-ubuntu22_x86_64-7.3.2-20220804-6354275  User: oesteban  Machine: dna018  Platform: Linux  PlatformVersion: 5.14.0-427.37.1.el9_4.x86_64  CompilerName: GCC  CompilerVersion: 8.4.0
ProgramName: mris_calc  ProgramArguments: mris_calc -all-info  ProgramVersion: 7.3.2  TimeStamp: 2026/03/09-11:28:39-GMT  BuildTime: Aug  4 2022 06:17:15  BuildStamp: freesurfer-linux-ubuntu22_x86_64-7.3.2-20220804-6354275  User: oesteban  Machine: dna018  Platform: Linux  PlatformVersion: 5.14.0-427.37.1.el9_4.x86_64  CompilerName: GCC  CompilerVersion: 8.4.0
ProgramName: mris_convert  ProgramArguments: mris_convert -all-info  ProgramVersion: 7.3.2  TimeStamp: 2026/03/09-11:28:39-GMT  BuildTime: Aug  4 2022 06:17:15  BuildStamp: freesurfer-linux-ubuntu22_x86_64-7.3.2-20220804-6354275  User: oesteban  Machine: dna018  Platform: Linux  PlatformVersion: 5.14.0-427.37.1.el9_4.x86_64  CompilerName: GCC  CompilerVersion: 8.4.0
ProgramName: mris_curvature  ProgramArguments: mris_curvature -all-info  ProgramVersion: 7.3.2  TimeStamp: 2026/03/09-11:28:39-GMT  BuildTime: Aug  4 2022 06:17:15  BuildStamp: freesurfer-linux-ubuntu22_x86_64-7.3.2-20220804-6354275  User: oesteban  Machine: dna018  Platform: Linux  PlatformVersion: 5.14.0-427.37.1.el9_4.x86_64  CompilerName: GCC  CompilerVersion: 8.4.0
ProgramName: mris_curvature_stats  ProgramArguments: mris_curvature_stats -all-info  ProgramVersion: 7.3.2  TimeStamp: 2026/03/09-11:28:39-GMT  BuildTime: Aug  4 2022 06:17:15  BuildStamp: freesurfer-linux-ubuntu22_x86_64-7.3.2-20220804-6354275  User: oesteban  Machine: dna018  Platform: Linux  PlatformVersion: 5.14.0-427.37.1.el9_4.x86_64  CompilerName: GCC  CompilerVersion: 8.4.0
ProgramName: mris_diff  ProgramArguments: mris_diff -all-info  ProgramVersion: 7.3.2  TimeStamp: 2026/03/09-11:28:39-GMT  BuildTime: Aug  4 2022 06:17:15  BuildStamp: freesurfer-linux-ubuntu22_x86_64-7.3.2-20220804-6354275  User: oesteban  Machine: dna018  Platform: Linux  PlatformVersion: 5.14.0-427.37.1.el9_4.x86_64  CompilerName: GCC  CompilerVersion: 8.4.0
ProgramName: mris_divide_parcellation  ProgramArguments: mris_divide_parcellation -all-info  ProgramVersion: 7.3.2  TimeStamp: 2026/03/09-11:28:39-GMT  BuildTime: Aug  4 2022 06:17:15  BuildStamp: freesurfer-linux-ubuntu22_x86_64-7.3.2-20220804-6354275  User: oesteban  Machine: dna018  Platform: Linux  PlatformVersion: 5.14.0-427.37.1.el9_4.x86_64  CompilerName: GCC  CompilerVersion: 8.4.0
ProgramName: mri_segment  ProgramArguments: mri_segment -all-info  ProgramVersion: 7.3.2  TimeStamp: 2026/03/09-11:28:39-GMT  BuildTime: Aug  4 2022 06:17:15  BuildStamp: freesurfer-linux-ubuntu22_x86_64-7.3.2-20220804-6354275  User: oesteban  Machine: dna018  Platform: Linux  PlatformVersion: 5.14.0-427.37.1.el9_4.x86_64  CompilerName: GCC  CompilerVersion: 8.4.0
ProgramName: mri_segstats  ProgramArguments: mri_segstats -all-info  ProgramVersion: 7.3.2  TimeStamp: 2026/03/09-11:28:39-GMT  BuildTime: Aug  4 2022 06:17:15  BuildStamp: freesurfer-linux-ubuntu22_x86_64-7.3.2-20220804-6354275  User: oesteban  Machine: dna018  Platform: Linux  PlatformVersion: 5.14.0-427.37.1.el9_4.x86_64  CompilerName: GCC  CompilerVersion: 8.4.0
ProgramName: mris_euler_number  ProgramArguments: mris_euler_number -all-info  ProgramVersion: 7.3.2  TimeStamp: 2026/03/09-11:28:39-GMT  BuildTime: Aug  4 2022 06:17:15  BuildStamp: freesurfer-linux-ubuntu22_x86_64-7.3.2-20220804-6354275  User: oesteban  Machine: dna018  Platform: Linux  PlatformVersion: 5.14.0-427.37.1.el9_4.x86_64  CompilerName: GCC  CompilerVersion: 8.4.0
ProgramName: mris_fix_topology  ProgramArguments: mris_fix_topology -all-info  ProgramVersion: 7.3.2  TimeStamp: 2026/03/09-11:28:39-GMT  BuildTime: Aug  4 2022 06:17:15  BuildStamp: freesurfer-linux-ubuntu22_x86_64-7.3.2-20220804-6354275  User: oesteban  Machine: dna018  Platform: Linux  PlatformVersion: 5.14.0-427.37.1.el9_4.x86_64  CompilerName: GCC  CompilerVersion: 8.4.0
ProgramName: mris_topo_fixer  ProgramArguments: mris_topo_fixer -all-info  ProgramVersion: 7.3.2  TimeStamp: 2026/03/09-11:28:39-GMT  BuildTime: Aug  4 2022 06:17:15  BuildStamp: freesurfer-linux-ubuntu22_x86_64-7.3.2-20220804-6354275  User: oesteban  Machine: dna018  Platform: Linux  PlatformVersion: 5.14.0-427.37.1.el9_4.x86_64  CompilerName: GCC  CompilerVersion: 8.4.0
ProgramName: mris_jacobian  ProgramArguments: mris_jacobian -all-info  ProgramVersion: 7.3.2  TimeStamp: 2026/03/09-11:28:39-GMT  BuildTime: Aug  4 2022 06:17:15  BuildStamp: freesurfer-linux-ubuntu22_x86_64-7.3.2-20220804-6354275  User: oesteban  Machine: dna018  Platform: Linux  PlatformVersion: 5.14.0-427.37.1.el9_4.x86_64  CompilerName: GCC  CompilerVersion: 8.4.0
ProgramName: mris_label2annot  ProgramArguments: mris_label2annot -all-info  ProgramVersion: 7.3.2  TimeStamp: 2026/03/09-11:28:39-GMT  BuildTime: Aug  4 2022 06:17:15  BuildStamp: freesurfer-linux-ubuntu22_x86_64-7.3.2-20220804-6354275  User: oesteban  Machine: dna018  Platform: Linux  PlatformVersion: 5.14.0-427.37.1.el9_4.x86_64  CompilerName: GCC  CompilerVersion: 8.4.0
ProgramName: mris_left_right_register  ProgramArguments: mris_left_right_register -all-info  ProgramVersion: 7.3.2  TimeStamp: 2026/03/09-11:28:39-GMT  BuildTime: Aug  4 2022 06:17:15  BuildStamp: freesurfer-linux-ubuntu22_x86_64-7.3.2-20220804-6354275  User: oesteban  Machine: dna018  Platform: Linux  PlatformVersion: 5.14.0-427.37.1.el9_4.x86_64  CompilerName: GCC  CompilerVersion: 8.4.0
ProgramName: mris_place_surface  ProgramArguments: mris_place_surface -all-info  ProgramVersion: 7.3.2  TimeStamp: 2026/03/09-11:28:39-GMT  BuildTime: Aug  4 2022 06:17:15  BuildStamp: freesurfer-linux-ubuntu22_x86_64-7.3.2-20220804-6354275  User: oesteban  Machine: dna018  Platform: Linux  PlatformVersion: 5.14.0-427.37.1.el9_4.x86_64  CompilerName: GCC  CompilerVersion: 8.4.0
ProgramName: mrisp_paint  ProgramArguments: mrisp_paint -all-info  ProgramVersion: 7.3.2  TimeStamp: 2026/03/09-11:28:39-GMT  BuildTime: Aug  4 2022 06:17:15  BuildStamp: freesurfer-linux-ubuntu22_x86_64-7.3.2-20220804-6354275  User: oesteban  Machine: dna018  Platform: Linux  PlatformVersion: 5.14.0-427.37.1.el9_4.x86_64  CompilerName: GCC  CompilerVersion: 8.4.0
ProgramName: mris_register  ProgramArguments: mris_register -all-info  ProgramVersion: 7.3.2  TimeStamp: 2026/03/09-11:28:39-GMT  BuildTime: Aug  4 2022 06:17:15  BuildStamp: freesurfer-linux-ubuntu22_x86_64-7.3.2-20220804-6354275  User: oesteban  Machine: dna018  Platform: Linux  PlatformVersion: 5.14.0-427.37.1.el9_4.x86_64  CompilerName: GCC  CompilerVersion: 8.4.0
ProgramName: mris_smooth  ProgramArguments: mris_smooth -all-info  ProgramVersion: 7.3.2  TimeStamp: 2026/03/09-11:28:39-GMT  BuildTime: Aug  4 2022 06:17:15  BuildStamp: freesurfer-linux-ubuntu22_x86_64-7.3.2-20220804-6354275  User: oesteban  Machine: dna018  Platform: Linux  PlatformVersion: 5.14.0-427.37.1.el9_4.x86_64  CompilerName: GCC  CompilerVersion: 8.4.0
ProgramName: mris_sphere  ProgramArguments: mris_sphere -all-info  ProgramVersion: 7.3.2  TimeStamp: 2026/03/09-11:28:39-GMT  BuildTime: Aug  4 2022 06:17:15  BuildStamp: freesurfer-linux-ubuntu22_x86_64-7.3.2-20220804-6354275  User: oesteban  Machine: dna018  Platform: Linux  PlatformVersion: 5.14.0-427.37.1.el9_4.x86_64  CompilerName: GCC  CompilerVersion: 8.4.0
ProgramName: mris_surface_stats  ProgramArguments: mris_surface_stats -all-info  ProgramVersion: 7.3.2  TimeStamp: 2026/03/09-11:28:39-GMT  BuildTime: Aug  4 2022 06:17:15  BuildStamp: freesurfer-linux-ubuntu22_x86_64-7.3.2-20220804-6354275  User: oesteban  Machine: dna018  Platform: Linux  PlatformVersion: 5.14.0-427.37.1.el9_4.x86_64  CompilerName: GCC  CompilerVersion: 8.4.0
ProgramName: mri_stats2seg  ProgramArguments: mri_stats2seg -all-info  ProgramVersion: 7.3.2  TimeStamp: 2026/03/09-11:28:39-GMT  BuildTime: Aug  4 2022 06:17:15  BuildStamp: freesurfer-linux-ubuntu22_x86_64-7.3.2-20220804-6354275  User: oesteban  Machine: dna018  Platform: Linux  PlatformVersion: 5.14.0-427.37.1.el9_4.x86_64  CompilerName: GCC  CompilerVersion: 8.4.0
ProgramName: mris_thickness  ProgramArguments: mris_thickness -all-info  ProgramVersion: 7.3.2  TimeStamp: 2026/03/09-11:28:39-GMT  BuildTime: Aug  4 2022 06:17:15  BuildStamp: freesurfer-linux-ubuntu22_x86_64-7.3.2-20220804-6354275  User: oesteban  Machine: dna018  Platform: Linux  PlatformVersion: 5.14.0-427.37.1.el9_4.x86_64  CompilerName: GCC  CompilerVersion: 8.4.0
ProgramName: mris_thickness_diff  ProgramArguments: mris_thickness_diff -all-info  ProgramVersion: 7.3.2  TimeStamp: 2026/03/09-11:28:39-GMT  BuildTime: Aug  4 2022 06:17:15  BuildStamp: freesurfer-linux-ubuntu22_x86_64-7.3.2-20220804-6354275  User: oesteban  Machine: dna018  Platform: Linux  PlatformVersion: 5.14.0-427.37.1.el9_4.x86_64  CompilerName: GCC  CompilerVersion: 8.4.0
ProgramName: mris_topo_fixer  ProgramArguments: mris_topo_fixer -all-info  ProgramVersion: 7.3.2  TimeStamp: 2026/03/09-11:28:39-GMT  BuildTime: Aug  4 2022 06:17:15  BuildStamp: freesurfer-linux-ubuntu22_x86_64-7.3.2-20220804-6354275  User: oesteban  Machine: dna018  Platform: Linux  PlatformVersion: 5.14.0-427.37.1.el9_4.x86_64  CompilerName: GCC  CompilerVersion: 8.4.0
ProgramName: mri_surf2surf  ProgramArguments: mri_surf2surf -all-info  ProgramVersion: 7.3.2  TimeStamp: 2026/03/09-11:28:39-GMT  BuildTime: Aug  4 2022 06:17:15  BuildStamp: freesurfer-linux-ubuntu22_x86_64-7.3.2-20220804-6354275  User: oesteban  Machine: dna018  Platform: Linux  PlatformVersion: 5.14.0-427.37.1.el9_4.x86_64  CompilerName: GCC  CompilerVersion: 8.4.0
ProgramName: mri_surf2vol  ProgramArguments: mri_surf2vol -all-info  ProgramVersion: 7.3.2  TimeStamp: 2026/03/09-11:28:39-GMT  BuildTime: Aug  4 2022 06:17:15  BuildStamp: freesurfer-linux-ubuntu22_x86_64-7.3.2-20220804-6354275  User: oesteban  Machine: dna018  Platform: Linux  PlatformVersion: 5.14.0-427.37.1.el9_4.x86_64  CompilerName: GCC  CompilerVersion: 8.4.0
ProgramName: mri_surfcluster  ProgramArguments: mri_surfcluster -all-info  ProgramVersion: 7.3.2  TimeStamp: 2026/03/09-11:28:39-GMT  BuildTime: Aug  4 2022 06:17:15  BuildStamp: freesurfer-linux-ubuntu22_x86_64-7.3.2-20220804-6354275  User: oesteban  Machine: dna018  Platform: Linux  PlatformVersion: 5.14.0-427.37.1.el9_4.x86_64  CompilerName: GCC  CompilerVersion: 8.4.0
ProgramName: mris_volmask  ProgramArguments: mris_volmask -all-info  ProgramVersion: 7.3.2  TimeStamp: 2026/03/09-11:28:39-GMT  BuildTime: Aug  4 2022 06:17:15  BuildStamp: freesurfer-linux-ubuntu22_x86_64-7.3.2-20220804-6354275  User: oesteban  Machine: dna018  Platform: Linux  PlatformVersion: 5.14.0-427.37.1.el9_4.x86_64  CompilerName: GCC  CompilerVersion: 8.4.0
ProgramName: mri_tessellate  ProgramArguments: mri_tessellate -all-info  ProgramVersion: 7.3.2  TimeStamp: 2026/03/09-11:28:39-GMT  BuildTime: Aug  4 2022 06:17:15  BuildStamp: freesurfer-linux-ubuntu22_x86_64-7.3.2-20220804-6354275  User: oesteban  Machine: dna018  Platform: Linux  PlatformVersion: 5.14.0-427.37.1.el9_4.x86_64  CompilerName: GCC  CompilerVersion: 8.4.0
ProgramName: mri_vol2surf  ProgramArguments: mri_vol2surf -all-info  ProgramVersion: 7.3.2  TimeStamp: 2026/03/09-11:28:39-GMT  BuildTime: Aug  4 2022 06:17:15  BuildStamp: freesurfer-linux-ubuntu22_x86_64-7.3.2-20220804-6354275  User: oesteban  Machine: dna018  Platform: Linux  PlatformVersion: 5.14.0-427.37.1.el9_4.x86_64  CompilerName: GCC  CompilerVersion: 8.4.0
ProgramName: mri_vol2vol  ProgramArguments: mri_vol2vol -all-info  ProgramVersion: 7.3.2  TimeStamp: 2026/03/09-11:28:39-GMT  BuildTime: Aug  4 2022 06:17:15  BuildStamp: freesurfer-linux-ubuntu22_x86_64-7.3.2-20220804-6354275  User: oesteban  Machine: dna018  Platform: Linux  PlatformVersion: 5.14.0-427.37.1.el9_4.x86_64  CompilerName: GCC  CompilerVersion: 8.4.0
ProgramName: mri_voldiff  ProgramArguments: mri_voldiff -all-info  ProgramVersion: 7.3.2  TimeStamp: 2026/03/09-11:28:39-GMT  BuildTime: Aug  4 2022 06:17:15  BuildStamp: freesurfer-linux-ubuntu22_x86_64-7.3.2-20220804-6354275  User: oesteban  Machine: dna018  Platform: Linux  PlatformVersion: 5.14.0-427.37.1.el9_4.x86_64  CompilerName: GCC  CompilerVersion: 8.4.0
ProgramName: mri_watershed  ProgramArguments: mri_watershed -all-info  ProgramVersion: 7.3.2  TimeStamp: 2026/03/09-11:28:39-GMT  BuildTime: Aug  4 2022 06:17:15  BuildStamp: freesurfer-linux-ubuntu22_x86_64-7.3.2-20220804-6354275  User: oesteban  Machine: dna018  Platform: Linux  PlatformVersion: 5.14.0-427.37.1.el9_4.x86_64  CompilerName: GCC  CompilerVersion: 8.4.0
ProgramName: tkregister2  ProgramArguments: tkregister2_cmdl -all-info  ProgramVersion: 7.3.2  TimeStamp: 2026/03/09-11:28:39-GMT  BuildTime: Aug  4 2022 06:17:15  BuildStamp: freesurfer-linux-ubuntu22_x86_64-7.3.2-20220804-6354275  User: oesteban  Machine: dna018  Platform: Linux  PlatformVersion: 5.14.0-427.37.1.el9_4.x86_64  CompilerName: GCC  CompilerVersion: 8.4.0
mri_motion_correct.fsl 7.3.2
mri_convert -all-info 
ProgramName: mri_convert  ProgramArguments: mri_convert -all-info  ProgramVersion: 7.3.2  TimeStamp: 2026/03/09-11:28:39-GMT  BuildTime: Aug  4 2022 06:17:15  BuildStamp: freesurfer-linux-ubuntu22_x86_64-7.3.2-20220804-6354275  User: oesteban  Machine: dna018  Platform: Linux  PlatformVersion: 5.14.0-427.37.1.el9_4.x86_64  CompilerName: GCC  CompilerVersion: 8.4.0
Program nu_correct, built from:
Package MNI N3, version 1.12.0, compiled by nicks@terrier (x86_64-unknown-linux-gnu) on 2015-06-19 at 01:25:34
#######################################
GCADIR /opt/freesurfer/average
GCA RB_all_2020-01-02.gca
GCASkull RB_all_withskull_2020_01_02.gca
AvgCurvTif folding.atlas.acfb40.noaparc.i12.2016-08-02.tif
GCSDIR /opt/freesurfer/average
GCS DKaparc.atlas.acfb40.noaparc.i12.2016-08-02.gcs
#######################################
#--------------------------------------------
#@# WhiteSurfs lh Mon Mar  9 12:28:39 CET 2026
cd /out/sourcedata/freesurfer/sub-v1s21x0050399_ses-1/mri
mris_place_surface --adgws-in ../surf/autodet.gw.stats.lh.dat --seg aseg.presurf.mgz --threads 16 --wm wm.mgz --invol brain.finalsurfs.mgz --lh --i ../surf/lh.white.preaparc --o ../surf/lh.white --white --nsmooth 0 --rip-label ../label/lh.cortex.label --rip-bg --rip-surf ../surf/lh.white.preaparc --aparc ../label/lh.aparc.annot
   Update not needed
#--------------------------------------------
#@# WhiteSurfs rh Mon Mar  9 12:28:39 CET 2026
cd /out/sourcedata/freesurfer/sub-v1s21x0050399_ses-1/mri
mris_place_surface --adgws-in ../surf/autodet.gw.stats.rh.dat --seg aseg.presurf.mgz --threads 16 --wm wm.mgz --invol brain.finalsurfs.mgz --rh --i ../surf/rh.white.preaparc --o ../surf/rh.white --white --nsmooth 0 --rip-label ../label/rh.cortex.label --rip-bg --rip-surf ../surf/rh.white.preaparc --aparc ../label/rh.aparc.annot
   Update not needed
#@# white curv lh Mon Mar  9 12:28:39 CET 2026
cd /out/sourcedata/freesurfer/sub-v1s21x0050399_ses-1/mri
mris_place_surface --curv-map ../surf/lh.white 2 10 ../surf/lh.curv
   Update not needed
#@# white area lh Mon Mar  9 12:28:39 CET 2026
cd /out/sourcedata/freesurfer/sub-v1s21x0050399_ses-1/mri
mris_place_surface --area-map ../surf/lh.white ../surf/lh.area
   Update not needed
#@# pial curv lh Mon Mar  9 12:28:39 CET 2026
cd /out/sourcedata/freesurfer/sub-v1s21x0050399_ses-1/mri
mris_place_surface --curv-map ../surf/lh.pial 2 10 ../surf/lh.curv.pial
   Update not needed
#@# pial area lh Mon Mar  9 12:28:39 CET 2026
cd /out/sourcedata/freesurfer/sub-v1s21x0050399_ses-1/mri
mris_place_surface --area-map ../surf/lh.pial ../surf/lh.area.pial
   Update not needed
#@# thickness lh Mon Mar  9 12:28:39 CET 2026
cd /out/sourcedata/freesurfer/sub-v1s21x0050399_ses-1/mri
mris_place_surface --thickness ../surf/lh.white ../surf/lh.pial 20 5 ../surf/lh.thickness
   Update not needed
#@# area and vertex vol lh Mon Mar  9 12:28:39 CET 2026
cd /out/sourcedata/freesurfer/sub-v1s21x0050399_ses-1/mri
mris_place_surface --thickness ../surf/lh.white ../surf/lh.pial 20 5 ../surf/lh.thickness
   Update not needed
#@# white curv rh Mon Mar  9 12:28:39 CET 2026
cd /out/sourcedata/freesurfer/sub-v1s21x0050399_ses-1/mri
mris_place_surface --curv-map ../surf/rh.white 2 10 ../surf/rh.curv
   Update not needed
#@# white area rh Mon Mar  9 12:28:39 CET 2026
cd /out/sourcedata/freesurfer/sub-v1s21x0050399_ses-1/mri
mris_place_surface --area-map ../surf/rh.white ../surf/rh.area
   Update not needed
#@# pial curv rh Mon Mar  9 12:28:39 CET 2026
cd /out/sourcedata/freesurfer/sub-v1s21x0050399_ses-1/mri
mris_place_surface --curv-map ../surf/rh.pial 2 10 ../surf/rh.curv.pial
   Update not needed
#@# pial area rh Mon Mar  9 12:28:39 CET 2026
cd /out/sourcedata/freesurfer/sub-v1s21x0050399_ses-1/mri
mris_place_surface --area-map ../surf/rh.pial ../surf/rh.area.pial
   Update not needed
#@# thickness rh Mon Mar  9 12:28:39 CET 2026
cd /out/sourcedata/freesurfer/sub-v1s21x0050399_ses-1/mri
mris_place_surface --thickness ../surf/rh.white ../surf/rh.pial 20 5 ../surf/rh.thickness
   Update not needed
#@# area and vertex vol rh Mon Mar  9 12:28:39 CET 2026
cd /out/sourcedata/freesurfer/sub-v1s21x0050399_ses-1/mri
mris_place_surface --thickness ../surf/rh.white ../surf/rh.pial 20 5 ../surf/rh.thickness
   Update not needed

#-----------------------------------------
#@# Curvature Stats lh Mon Mar  9 12:28:39 CET 2026
/out/sourcedata/freesurfer/sub-v1s21x0050399_ses-1/surf

 mris_curvature_stats -m --writeCurvatureFiles -G -o ../stats/lh.curv.stats -F smoothwm sub-v1s21x0050399_ses-1 lh curv sulc 

             Toggling save flag on curvature files                       [ ok ]
                 Outputting results using filestem   [ ../stats/lh.curv.stats ]
             Toggling save flag on curvature files                       [ ok ]
                                   Setting surface [ sub-v1s21x0050399_ses-1/lh.smoothwm ]
                                Reading surface...                       [ ok ]
                                   Setting texture                     [ curv ]
                                Reading texture...                       [ ok ]
                                   Setting texture                     [ sulc ]
                                Reading texture...Gb_filter = 0
                       [ ok ]
      Calculating Discrete Principal Curvatures...
      Determining geometric order for vno faces... [####################] [ ok ]
                      Determining KH curvatures... [####################] [ ok ]
                    Determining k1k2 curvatures... [####################] [ ok ]
                                   deltaViolations                      [ 234 ]
Gb_filter = 0

WARN:    S lookup   min:                          -0.424924
WARN:    S explicit min:                          0.000000	vertex = 42

#-----------------------------------------
#@# Curvature Stats rh Mon Mar  9 12:28:41 CET 2026
/out/sourcedata/freesurfer/sub-v1s21x0050399_ses-1/surf

 mris_curvature_stats -m --writeCurvatureFiles -G -o ../stats/rh.curv.stats -F smoothwm sub-v1s21x0050399_ses-1 rh curv sulc 

             Toggling save flag on curvature files                       [ ok ]
                 Outputting results using filestem   [ ../stats/rh.curv.stats ]
             Toggling save flag on curvature files                       [ ok ]
                                   Setting surface [ sub-v1s21x0050399_ses-1/rh.smoothwm ]
                                Reading surface...                       [ ok ]
                                   Setting texture                     [ curv ]
                                Reading texture...                       [ ok ]
                                   Setting texture                     [ sulc ]
                                Reading texture...Gb_filter = 0
                       [ ok ]
      Calculating Discrete Principal Curvatures...
      Determining geometric order for vno faces... [####################] [ ok ]
                      Determining KH curvatures... [####################] [ ok ]
                    Determining k1k2 curvatures... [####################] [ ok ]
                                   deltaViolations                      [ 239 ]
Gb_filter = 0

WARN:    S lookup   min:                          -0.005380
WARN:    S explicit min:                          0.000000	vertex = 1074
#-----------------------------------------
#@# Relabel Hypointensities Mon Mar  9 12:28:43 CET 2026
/out/sourcedata/freesurfer/sub-v1s21x0050399_ses-1/mri

 mri_relabel_hypointensities aseg.presurf.mgz ../surf aseg.presurf.hypos.mgz 

reading input surface ../surf/lh.white...
relabeling lh hypointensities...
3263 voxels changed to hypointensity...
reading input surface ../surf/rh.white...
relabeling rh hypointensities...
4766 voxels changed to hypointensity...
7851 hypointense voxels neighboring cortex changed
#-----------------------------------------
#@# APas-to-ASeg Mon Mar  9 12:28:57 CET 2026
/out/sourcedata/freesurfer/sub-v1s21x0050399_ses-1/mri

 mri_surf2volseg --o aseg.mgz --i aseg.presurf.hypos.mgz --fix-presurf-with-ribbon /out/sourcedata/freesurfer/sub-v1s21x0050399_ses-1/mri/ribbon.mgz --threads 16 --lh-cortex-mask /out/sourcedata/freesurfer/sub-v1s21x0050399_ses-1/label/lh.cortex.label --lh-white /out/sourcedata/freesurfer/sub-v1s21x0050399_ses-1/surf/lh.white --lh-pial /out/sourcedata/freesurfer/sub-v1s21x0050399_ses-1/surf/lh.pial --rh-cortex-mask /out/sourcedata/freesurfer/sub-v1s21x0050399_ses-1/label/rh.cortex.label --rh-white /out/sourcedata/freesurfer/sub-v1s21x0050399_ses-1/surf/rh.white --rh-pial /out/sourcedata/freesurfer/sub-v1s21x0050399_ses-1/surf/rh.pial 

SUBJECTS_DIR /out/sourcedata/freesurfer
outvol aseg.mgz
16 avail.processors, using 16
Loading aseg.presurf.hypos.mgz
Loading /out/sourcedata/freesurfer/sub-v1s21x0050399_ses-1/mri/ribbon.mgz
Loading /out/sourcedata/freesurfer/sub-v1s21x0050399_ses-1/surf/lh.white
Loading /out/sourcedata/freesurfer/sub-v1s21x0050399_ses-1/surf/lh.pial
Loading /out/sourcedata/freesurfer/sub-v1s21x0050399_ses-1/label/lh.cortex.label
Loading /out/sourcedata/freesurfer/sub-v1s21x0050399_ses-1/surf/rh.white
Loading /out/sourcedata/freesurfer/sub-v1s21x0050399_ses-1/surf/rh.pial
Loading /out/sourcedata/freesurfer/sub-v1s21x0050399_ses-1/label/rh.cortex.label
Done loading
 80 176 112  64   0 240 128  32 224  16 192  96 144  48 208 160  33 209 225   1 193  49  17  65 177 210 226  34   2 194  81  50  18  66 211 227 241  35 113 195  97   3 178 145  51  19 
212 242 228 161  36 196  67   4  82  52  20 179 
229 213  37 197 146   5  21  53  68 230 214  38 198 243 180  98  83  22   6 231 215  39 
 54 199 
162  69  23 147 114   7 181  55  40 232 216 200 244 129  24  84  70  56  41 233 217   8 201  99 
 25  57 148  42 234 218 182 202   9 245  71  26  85  58  43 235 219 
203  10 183 163  27 100  59 
149  44 236 220 204  72  11 115 246  28  45 237 221 205  12  29  46 238 222 206 184  60  13 164  30 239 
207 223  86 247  47 150 185  14  73  61 101  31 248 130 186  15 151  62  74 187 116 249 102  87  63 188 165 250 152  75 131 189 251 103 166 190 252  88  76 153 132 117 253 191 254 104  77 167 154 255  89 133  78 155 168 105 134  90 118 156  79 
169 135  91 106 157 170 136 119 
158  92 171 107 137 159 
172  93 108 173 138 120 174  94 109 139 
175  95 110 140 121 141 111 122 142 123 143 124 125 126 127 
nrelabeled = 160538
ndotcheck = 0
Starting Surf2VolSeg free
free done
#VMPC# mri_surf2volseg VmPeak  1918200
mri_surf2volseg done

 mri_brainvol_stats sub-v1s21x0050399_ses-1 

ComputeBrainVolumeStats2 VoxelVol=1, KeepCSF=1
  #CBVS2 MaskVol              1438082.0
  #CBVS2 BrainSegVol          1128526.0
  #CBVS2 BrainSegVolNotVent   1101160.0
  #CBVS2 SupraTentVol         1007807.0
  #CBVS2 SupraTentVolNotVent   980441.0
  #CBVS2 lhCtxGM               224832.4
  #CBVS2 rhCtxGM               226458.3
  #CBVS2 lhCerebralWM          234808.5
  #CBVS2 rhCerebralWM          237717.5
  #CBVS2 SubCortGMVol           57543.0
  #CBVS2 CerebellumVol         120719.0
  #CBVS2 CerebellumGMVol        92242.0
  #CBVS2 VentChorVol            23657.0
  #CBVS2 3rd4th5thCSF            3709.0
  #CBVS2 AllCSF                 27366.0
  #CBVS2 CCVol                   4191.0
#-----------------------------------------
#@# AParc-to-ASeg aparc Mon Mar  9 12:29:03 CET 2026
/out/sourcedata/freesurfer/sub-v1s21x0050399_ses-1/mri

 mri_surf2volseg --o aparc+aseg.mgz --label-cortex --i aseg.mgz --threads 16 --lh-annot /out/sourcedata/freesurfer/sub-v1s21x0050399_ses-1/label/lh.aparc.annot 1000 --lh-cortex-mask /out/sourcedata/freesurfer/sub-v1s21x0050399_ses-1/label/lh.cortex.label --lh-white /out/sourcedata/freesurfer/sub-v1s21x0050399_ses-1/surf/lh.white --lh-pial /out/sourcedata/freesurfer/sub-v1s21x0050399_ses-1/surf/lh.pial --rh-annot /out/sourcedata/freesurfer/sub-v1s21x0050399_ses-1/label/rh.aparc.annot 2000 --rh-cortex-mask /out/sourcedata/freesurfer/sub-v1s21x0050399_ses-1/label/rh.cortex.label --rh-white /out/sourcedata/freesurfer/sub-v1s21x0050399_ses-1/surf/rh.white --rh-pial /out/sourcedata/freesurfer/sub-v1s21x0050399_ses-1/surf/rh.pial 

SUBJECTS_DIR /out/sourcedata/freesurfer
outvol aparc+aseg.mgz
16 avail.processors, using 16
Loading aseg.mgz
Loading /out/sourcedata/freesurfer/sub-v1s21x0050399_ses-1/surf/lh.white
Loading /out/sourcedata/freesurfer/sub-v1s21x0050399_ses-1/surf/lh.pial
Loading /out/sourcedata/freesurfer/sub-v1s21x0050399_ses-1/label/lh.cortex.label
Ripping lh vertices labeled not in lh.cortex.label
  ripped 8839 vertices from lh hemi
Loading /out/sourcedata/freesurfer/sub-v1s21x0050399_ses-1/label/lh.aparc.annot
Loading /out/sourcedata/freesurfer/sub-v1s21x0050399_ses-1/surf/rh.white
Loading /out/sourcedata/freesurfer/sub-v1s21x0050399_ses-1/surf/rh.pial
Loading /out/sourcedata/freesurfer/sub-v1s21x0050399_ses-1/label/rh.cortex.label
Ripping rh vertices labeled not in rh.cortex.label
  ripped 8870 vertices from rh hemi
Loading /out/sourcedata/freesurfer/sub-v1s21x0050399_ses-1/label/rh.aparc.annot
Done loading
  0 224 240 160 128 192 208  96  16  48  32  49  80 112 241 144 209  50  64 225  17 210 176 242   1  51 226 211 193  33   2 243  18  52 227 212  34   3 244  19 
 53 228 213 194  35   4 245  20  54 229 214 195  36   5 246  21  55 230 215 196  37   6 247  22  56 231 216 197  38   7 248  23  57 232 217 198  39 
  8 249  24  58 233 218 199 
 40   9 250  25  59 
234 219 
200  41  10 251  26 235 220 201  42  11 252  27 236 221  60 202  43  12 253  28 237 222 203  44  13 254  29 238 223 204  45  14 255  30 239 
205  46  15  31 206  47  61 207  62  65  63  66 129 113 145 161 177  67  97  81 114 130 146  68 178 162  98 115  82 147  69 131 179 
 99 
116 163 148  70  83 180 100 149 132 117 164  71 181  84 150 101 118  72 182 165 133  85 102 151 183 119 
 73 166  86 184 103 134 152 185 120 167  74 104 186  87 153 187 135 168 188 121 105 189  75  88 190 154 191 169 136 106 122 155  89 170  76 107 137 123 156 171 108  90  77 138 172 124 157 109 125 139 
110 173  91 158  78 140 111 126 174 141 159 
 92 127 175 142  79 
143  93  94  95 
nrelabeled = 450372
ndotcheck = 25056
Starting Surf2VolSeg free
free done
#VMPC# mri_surf2volseg VmPeak  2282328
mri_surf2volseg done
#-----------------------------------------
#@# AParc-to-ASeg aparc.a2009s Mon Mar  9 12:29:25 CET 2026
/out/sourcedata/freesurfer/sub-v1s21x0050399_ses-1/mri

 mri_surf2volseg --o aparc.a2009s+aseg.mgz --label-cortex --i aseg.mgz --threads 16 --lh-annot /out/sourcedata/freesurfer/sub-v1s21x0050399_ses-1/label/lh.aparc.a2009s.annot 11100 --lh-cortex-mask /out/sourcedata/freesurfer/sub-v1s21x0050399_ses-1/label/lh.cortex.label --lh-white /out/sourcedata/freesurfer/sub-v1s21x0050399_ses-1/surf/lh.white --lh-pial /out/sourcedata/freesurfer/sub-v1s21x0050399_ses-1/surf/lh.pial --rh-annot /out/sourcedata/freesurfer/sub-v1s21x0050399_ses-1/label/rh.aparc.a2009s.annot 12100 --rh-cortex-mask /out/sourcedata/freesurfer/sub-v1s21x0050399_ses-1/label/rh.cortex.label --rh-white /out/sourcedata/freesurfer/sub-v1s21x0050399_ses-1/surf/rh.white --rh-pial /out/sourcedata/freesurfer/sub-v1s21x0050399_ses-1/surf/rh.pial 

SUBJECTS_DIR /out/sourcedata/freesurfer
outvol aparc.a2009s+aseg.mgz
16 avail.processors, using 16
Loading aseg.mgz
Loading /out/sourcedata/freesurfer/sub-v1s21x0050399_ses-1/surf/lh.white
Loading /out/sourcedata/freesurfer/sub-v1s21x0050399_ses-1/surf/lh.pial
Loading /out/sourcedata/freesurfer/sub-v1s21x0050399_ses-1/label/lh.cortex.label
Ripping lh vertices labeled not in lh.cortex.label
  ripped 8839 vertices from lh hemi
Loading /out/sourcedata/freesurfer/sub-v1s21x0050399_ses-1/label/lh.aparc.a2009s.annot
Loading /out/sourcedata/freesurfer/sub-v1s21x0050399_ses-1/surf/rh.white
Loading /out/sourcedata/freesurfer/sub-v1s21x0050399_ses-1/surf/rh.pial
Loading /out/sourcedata/freesurfer/sub-v1s21x0050399_ses-1/label/rh.cortex.label
Ripping rh vertices labeled not in rh.cortex.label
  ripped 8870 vertices from rh hemi
Loading /out/sourcedata/freesurfer/sub-v1s21x0050399_ses-1/label/rh.aparc.a2009s.annot
Done loading
  0 240  64  48 224 192  96 112  80  16 176 208 160  32 144 225 209 128  49 210  17  50 241   1  33  18 211   2 242  51  34 193  19 
212 226   3 243  35  52  20   4 244 213 227  36  53 194  21   5 245 214 228  54  37 195  22   6 246 229 215  55  38 196  23   7 247 216 230  56  39 
197  24   8 248 231 217  57  40 198  25   9 249 232 218  58  41 199 
 26  10 250 233 219 
 59 
 42 200  27  11 251 234 220  43 201  28  12 252 221 235  44 202  60  29  13 253 222 236  45 203  30  14 254 237 223  46 204  31  15 255 238  47 205 239 
206  61 207  62  65  63  66 129 113 145 161 177  67  97  81 114 130 146  68 178 162 115  98 147  82  69 131 179 
148 163 116  70  99 
 83 180  71 149 164 132 117 100  84 181 150  72 165 182  85 101 118  73 151 133 183 166  86 102 184  74 152 119 
185 167 134  87 103 186 153  75 120 187 168 188 104  88 189 154 169 190  76 135 191 121 105 170 155  89  77 136 171 106 156 122  90 172 107  78 137 157 123 173 108  91 138 158  79 
109 174 124 139 
159 
110 125  92 175 140 111 126 141  93 127 142  94 143  95 
nrelabeled = 450372
ndotcheck = 25056
Starting Surf2VolSeg free
free done
#VMPC# mri_surf2volseg VmPeak  1902560
mri_surf2volseg done
#-----------------------------------------
#@# AParc-to-ASeg aparc.DKTatlas Mon Mar  9 12:29:48 CET 2026
/out/sourcedata/freesurfer/sub-v1s21x0050399_ses-1/mri

 mri_surf2volseg --o aparc.DKTatlas+aseg.mgz --label-cortex --i aseg.mgz --threads 16 --lh-annot /out/sourcedata/freesurfer/sub-v1s21x0050399_ses-1/label/lh.aparc.DKTatlas.annot 1000 --lh-cortex-mask /out/sourcedata/freesurfer/sub-v1s21x0050399_ses-1/label/lh.cortex.label --lh-white /out/sourcedata/freesurfer/sub-v1s21x0050399_ses-1/surf/lh.white --lh-pial /out/sourcedata/freesurfer/sub-v1s21x0050399_ses-1/surf/lh.pial --rh-annot /out/sourcedata/freesurfer/sub-v1s21x0050399_ses-1/label/rh.aparc.DKTatlas.annot 2000 --rh-cortex-mask /out/sourcedata/freesurfer/sub-v1s21x0050399_ses-1/label/rh.cortex.label --rh-white /out/sourcedata/freesurfer/sub-v1s21x0050399_ses-1/surf/rh.white --rh-pial /out/sourcedata/freesurfer/sub-v1s21x0050399_ses-1/surf/rh.pial 

SUBJECTS_DIR /out/sourcedata/freesurfer
outvol aparc.DKTatlas+aseg.mgz
16 avail.processors, using 16
Loading aseg.mgz
Loading /out/sourcedata/freesurfer/sub-v1s21x0050399_ses-1/surf/lh.white
Loading /out/sourcedata/freesurfer/sub-v1s21x0050399_ses-1/surf/lh.pial
Loading /out/sourcedata/freesurfer/sub-v1s21x0050399_ses-1/label/lh.cortex.label
Ripping lh vertices labeled not in lh.cortex.label
  ripped 8839 vertices from lh hemi
Loading /out/sourcedata/freesurfer/sub-v1s21x0050399_ses-1/label/lh.aparc.DKTatlas.annot
Loading /out/sourcedata/freesurfer/sub-v1s21x0050399_ses-1/surf/rh.white
Loading /out/sourcedata/freesurfer/sub-v1s21x0050399_ses-1/surf/rh.pial
Loading /out/sourcedata/freesurfer/sub-v1s21x0050399_ses-1/label/rh.cortex.label
Ripping rh vertices labeled not in rh.cortex.label
  ripped 8870 vertices from rh hemi
Loading /out/sourcedata/freesurfer/sub-v1s21x0050399_ses-1/label/rh.aparc.DKTatlas.annot
Done loading
  0  64  96 112 128 208  16  80  48 224 160 144 240 176  32 241  33  49 225   1 209 192  17  50 242  34   2  18 226  51 243 210 227  35  19 
  3  52 244 228 211  36  20   4 193  53 245 229 212  37  21   5  54 246 230  38  22 213   6 194  55 247 231 214  39 
  7  23 195  56 248 232 215  40   8  24 196  57 249 233 216  41  25   9 197  58 250 234 217  42  26  10 198  59 
251 235 218  43  27  11 199 
252 236 219 
 44  28  12 200  60 253 237 220  45  29  13 201 254 238 221  46  30  14 202 255 239 
222  47  31  15 203 223 204  61 205 206 207  62  65  63  66 129 145 113 161  67 177  97  81 130 146 114  68 162 147  98 178  69 115  82 131 148  70  99 
163 179 
116 149  83  71 132 180 100 164 117 150  72  84 181 101 151 165 118 133  73 182  85 102 152 166 183 119 
 74 134  86 103 184 153 167 185 120 104  75 154  87 186 135 168 187 105 155 121 188  76 169  88 189 136 190 191 156 106 170 122  77  89 157 137 107 171 123 158 108 172  78 138  90 124 109 159 
173 139 
125  79 
110  91 140 174 111 126 141 175  92 127 142 143  93  94  95 
nrelabeled = 450372
ndotcheck = 25056
Starting Surf2VolSeg free
free done
#VMPC# mri_surf2volseg VmPeak  1902364
mri_surf2volseg done
#-----------------------------------------
#@# WMParc Mon Mar  9 12:30:10 CET 2026
/out/sourcedata/freesurfer/sub-v1s21x0050399_ses-1/mri

 mri_surf2volseg --o wmparc.mgz --label-wm --i aparc+aseg.mgz --threads 16 --lh-annot /out/sourcedata/freesurfer/sub-v1s21x0050399_ses-1/label/lh.aparc.annot 3000 --lh-cortex-mask /out/sourcedata/freesurfer/sub-v1s21x0050399_ses-1/label/lh.cortex.label --lh-white /out/sourcedata/freesurfer/sub-v1s21x0050399_ses-1/surf/lh.white --lh-pial /out/sourcedata/freesurfer/sub-v1s21x0050399_ses-1/surf/lh.pial --rh-annot /out/sourcedata/freesurfer/sub-v1s21x0050399_ses-1/label/rh.aparc.annot 4000 --rh-cortex-mask /out/sourcedata/freesurfer/sub-v1s21x0050399_ses-1/label/rh.cortex.label --rh-white /out/sourcedata/freesurfer/sub-v1s21x0050399_ses-1/surf/rh.white --rh-pial /out/sourcedata/freesurfer/sub-v1s21x0050399_ses-1/surf/rh.pial 

SUBJECTS_DIR /out/sourcedata/freesurfer
outvol wmparc.mgz
16 avail.processors, using 16
Loading aparc+aseg.mgz
Loading /out/sourcedata/freesurfer/sub-v1s21x0050399_ses-1/surf/lh.white
Loading /out/sourcedata/freesurfer/sub-v1s21x0050399_ses-1/surf/lh.pial
Loading /out/sourcedata/freesurfer/sub-v1s21x0050399_ses-1/label/lh.cortex.label
Ripping lh vertices labeled not in lh.cortex.label
  ripped 8839 vertices from lh hemi
Loading /out/sourcedata/freesurfer/sub-v1s21x0050399_ses-1/label/lh.aparc.annot
Loading /out/sourcedata/freesurfer/sub-v1s21x0050399_ses-1/surf/rh.white
Loading /out/sourcedata/freesurfer/sub-v1s21x0050399_ses-1/surf/rh.pial
Loading /out/sourcedata/freesurfer/sub-v1s21x0050399_ses-1/label/rh.cortex.label
Ripping rh vertices labeled not in rh.cortex.label
  ripped 8870 vertices from rh hemi
Loading /out/sourcedata/freesurfer/sub-v1s21x0050399_ses-1/label/rh.aparc.annot
Done loading
  0  96 112  64  48 192 176 208  32 160 224 240 128  16 144  80   1  17 209  49  33 241 225 193 210 242 194  34  65  50  18 226   2 211 243 195  51 227  35  19 
  3 212 244 196  52 228  36  20   4  66 213 245 197  53 229  21  37   5 214 246 198  54 230  22  38   6 215 247 199 
 55  39 
231  23   7 216 248 200  56  40 232  24   8  67 217 249 201  57  41  25 233   9 218 250 202  58  42  26 234  10 219 
251 203  59 
 43  27 235  11 129 220 252 204  60  44  28 236  12 221 253 205  61  45  29 237  13 222 254 206  62  46  30 238  68  14 223 255 207  63  47  31 239 
 15  69  81 177  70 161  71  97  72 178  82 113 145  73 179 
130 162  98  74 180  83 114  75 181 182 131 163  76 183  84  99 
184 146 115  77 185 186 132 164 187  85 188 189  78 190 191 100 133 116  79 
165  86 147 134 101 166 117  87 135 167 118 102 136  88 168 148 119 
 89 169 137 103 170 120  90 138 149 171 104 121  91 172 122 139 
173 105 150  92 123 174 140 124 175 125  93 126 127 106 151 141  94 107 142 152  95 108 143 153 109 154 110 155 156 111 157 158 159 

nrelabeled = 468335
ndotcheck = 3892
Starting Surf2VolSeg free
free done
#VMPC# mri_surf2volseg VmPeak  1902480
mri_surf2volseg done

 mri_segstats --seed 1234 --seg mri/wmparc.mgz --sum stats/wmparc.stats --pv mri/norm.mgz --excludeid 0 --brainmask mri/brainmask.mgz --in mri/norm.mgz --in-intensity-name norm --in-intensity-units MR --subject sub-v1s21x0050399_ses-1 --surf-wm-vol --ctab /opt/freesurfer/WMParcStatsLUT.txt --etiv 

setting seed for random number genererator to 1234

7.3.2
cwd 
cmdline mri_segstats --seed 1234 --seg mri/wmparc.mgz --sum stats/wmparc.stats --pv mri/norm.mgz --excludeid 0 --brainmask mri/brainmask.mgz --in mri/norm.mgz --in-intensity-name norm --in-intensity-units MR --subject sub-v1s21x0050399_ses-1 --surf-wm-vol --ctab /opt/freesurfer/WMParcStatsLUT.txt --etiv 
sysname  Linux
hostname dna018
machine  x86_64
user     oesteban
whitesurfname  white
UseRobust  0
atlas_icv (eTIV) = 1571861 mm^3    (det: 1.239362 )
Loading mri/wmparc.mgz
Getting Brain Volume Statistics
Loading mri/norm.mgz
Loading mri/norm.mgz
Voxel Volume is 1 mm^3
Generating list of segmentation ids
Found 390 segmentations
Computing statistics for each segmentation

Reporting on  70 segmentations
Using PrintSegStat
mri_segstats done
#--------------------------------------------
#@# ASeg Stats Mon Mar  9 12:33:42 CET 2026
/out/sourcedata/freesurfer/sub-v1s21x0050399_ses-1

 mri_segstats --seed 1234 --seg mri/aseg.mgz --sum stats/aseg.stats --pv mri/norm.mgz --empty --brainmask mri/brainmask.mgz --brain-vol-from-seg --excludeid 0 --excl-ctxgmwm --supratent --subcortgray --in mri/norm.mgz --in-intensity-name norm --in-intensity-units MR --etiv --surf-wm-vol --surf-ctx-vol --totalgray --euler --ctab /opt/freesurfer/ASegStatsLUT.txt --subject sub-v1s21x0050399_ses-1 

setting seed for random number genererator to 1234

7.3.2
cwd 
cmdline mri_segstats --seed 1234 --seg mri/aseg.mgz --sum stats/aseg.stats --pv mri/norm.mgz --empty --brainmask mri/brainmask.mgz --brain-vol-from-seg --excludeid 0 --excl-ctxgmwm --supratent --subcortgray --in mri/norm.mgz --in-intensity-name norm --in-intensity-units MR --etiv --surf-wm-vol --surf-ctx-vol --totalgray --euler --ctab /opt/freesurfer/ASegStatsLUT.txt --subject sub-v1s21x0050399_ses-1 
sysname  Linux
hostname dna018
machine  x86_64
user     oesteban
whitesurfname  white
UseRobust  0
atlas_icv (eTIV) = 1571861 mm^3    (det: 1.239362 )
Computing euler number
orig.nofix lheno =  -34, rheno = -44
orig.nofix lhholes =   18, rhholes = 23
Loading mri/aseg.mgz
Getting Brain Volume Statistics
Loading mri/norm.mgz
Loading mri/norm.mgz
Voxel Volume is 1 mm^3
Generating list of segmentation ids
Found  50 segmentations
Computing statistics for each segmentation

Reporting on  45 segmentations
Using PrintSegStat
mri_segstats done

Started at Mon Mar 9 12:28:39 CET 2026 
Ended   at Mon Mar 9 12:34:13 CET 2026
#@#%# recon-all-run-time-hours 0.093
recon-all -s sub-v1s21x0050399_ses-1 finished without error at Mon Mar  9 12:34:13 CET 2026
