#!ascii label  , from subject sub-v1s21x0050424_ses-1 vox2ras=TkReg
3387
96422  -49.159  19.108  10.954 0.6999999881
123068  -49.343  19.380  10.297 0.6999999881
96431  -48.642  19.178  10.379 0.8000000119
96430  -47.822  19.072  10.100 0.6999999881
96432  -50.282  19.434  10.707 0.6999999881
96441  -49.952  19.683  9.872 0.6999999881
96424  -51.040  19.328  11.569 0.6000000238
96455  -49.592  19.997  9.123 0.6999999881
96423  -49.900  19.054  11.648 0.6000000238
96440  -48.799  19.508  9.686 0.8000000119
95589  -49.652  18.615  12.401 0.5000000000
131127  -47.819  19.484  9.266 0.8000000119
94803  -42.014  17.764  8.122 0.8999999762
130247  -41.411  17.275  7.837 0.8999999762
91387  -40.562  13.854  0.214 0.8000000119
122230  -50.853  19.755  10.120 0.6999999881
140974  -48.544  19.861  8.856 0.6999999881
97291  -48.202  20.171  8.119 0.6999999881
96439  -47.054  19.119  9.548 0.6999999881
123244  -47.073  19.521  8.803 0.6999999881
142904  -47.752  19.812  8.618 0.8000000119
96454  -47.261  19.964  7.998 0.8000000119
97309  -47.053  20.257  7.153 0.6999999881
96453  -46.407  19.567  8.249 0.6999999881
96452  -45.472  19.306  8.372 0.6999999881
96475  -45.366  19.882  6.970 0.8000000119
96451  -44.714  19.296  7.934 0.6999999881
96474  -44.444  19.818  6.697 0.8000000119
96464  -44.167  19.334  7.427 0.8000000119
96463  -43.579  19.468  6.873 0.8999999762
96462  -42.759  19.135  6.991 0.8999999762
95616  -42.409  18.522  7.612 0.8999999762
95627  -41.407  18.517  6.594 0.8999999762
96471  -41.665  19.106  6.240 0.8999999762
95615  -41.550  18.031  7.304 0.8999999762
92215  -41.463  14.860  6.865 0.8999999762
93948  -40.520  16.444  7.026 0.8999999762
92216  -42.441  14.621  6.888 0.8000000119
122595  -41.962  14.657  6.081 0.8000000119
92241  -46.184  15.521  4.575 0.8000000119
93121  -46.173  15.700  3.969 0.8000000119
93115  -45.321  15.815  4.105 0.8000000119
93120  -45.710  15.932  3.586 0.8000000119
93119  -44.667  15.848  3.325 0.8999999762
92270  -43.628  15.610  2.648 0.8000000119
92286  -42.299  14.730  1.662 0.8000000119
92301  -40.207  14.194  0.847 0.8000000119
92300  -39.796  14.460  0.495 0.8000000119
97277  -50.770  20.103  9.441 0.6000000238
96442  -51.485  19.949  10.025 0.5000000000
97293  -50.265  20.423  8.506 0.6000000238
97292  -49.205  20.249  8.285 0.6999999881
96473  -43.742  19.984  6.123 1.0000000000
128336  -42.927  19.644  6.279 0.8999999762
96472  -42.260  19.344  6.466 0.8999999762
95626  -40.953  18.648  5.940 0.8999999762
138671  -41.398  19.283  5.619 0.8999999762
93103  -40.312  15.828  6.656 0.8999999762
93957  -39.994  16.434  6.343 0.8999999762
94811  -40.869  17.917  6.583 0.8999999762
122762  -43.732  15.114  5.138 0.8000000119
92202  -40.779  15.315  6.826 0.8999999762
94809  -39.826  17.116  5.888 1.0000000000
92226  -41.360  14.680  5.310 0.8000000119
93108  -40.334  15.299  6.077 0.8000000119
93102  -39.874  15.803  5.969 0.8999999762
122126  -43.830  15.377  4.259 0.8000000119
92239  -42.771  14.921  4.589 0.8999999762
92238  -41.762  14.646  4.533 0.8999999762
146024  -44.295  15.656  3.785 0.8000000119
92253  -42.346  14.890  3.745 0.8000000119
92252  -41.160  14.476  3.778 0.8999999762
92267  -40.572  14.434  2.941 0.8000000119
92266  -39.898  14.757  2.437 0.8000000119
93126  -39.462  15.506  2.353 0.8999999762
92268  -41.508  14.532  3.041 0.8000000119
92283  -39.882  14.592  1.400 0.8000000119
92285  -41.320  14.423  2.052 0.8000000119
92284  -40.382  14.410  1.805 0.8000000119
137079  -39.541  14.910  0.925 0.8000000119
92299  -36.701  14.424  -0.319 0.1000000015
93152  -39.419  15.509  0.201 0.6999999881
92317  -36.504  15.096  -0.434 0.1000000015
92318  -36.837  14.854  -1.191 0.2000000030
129686  -37.130  14.039  -1.133 0.2000000030
92334  -37.398  14.663  -2.095 0.2000000030
136959  -39.294  15.285  -1.009 0.6999999881
140919  -39.513  14.872  0.072 0.8000000119
92350  -37.769  14.966  -2.641 0.4000000060
93182  -38.228  15.470  -2.667 0.5000000000
97311  -48.819  20.469  7.452 0.6999999881
97328  -47.651  20.632  6.492 0.6999999881
97310  -47.886  20.402  7.333 0.6999999881
97326  -45.920  20.322  6.285 0.6999999881
97360  -47.101  21.063  4.790 0.6999999881
97359  -46.168  20.913  4.842 0.6999999881
97325  -45.085  20.267  6.173 1.0000000000
98166  -45.868  21.189  4.144 0.6999999881
97324  -44.415  20.234  5.985 1.0000000000
97340  -43.071  20.167  5.394 1.0000000000
96482  -42.112  19.722  5.756 0.8999999762
97339  -42.294  20.113  4.985 1.0000000000
96481  -41.530  19.697  4.902 1.0000000000
95635  -40.401  18.560  5.402 1.0000000000
94817  -40.214  17.932  5.881 1.0000000000
143057  -39.762  17.616  5.415 1.0000000000
133614  -39.524  17.029  5.226 1.0000000000
92225  -40.523  14.899  5.314 0.8999999762
92224  -39.947  15.303  5.344 0.8999999762
93964  -39.454  16.298  4.945 1.0000000000
93971  -39.387  16.076  4.126 1.0000000000
92236  -40.043  14.841  4.457 0.8999999762
93118  -39.595  15.199  3.880 1.0000000000
92251  -40.429  14.529  3.847 0.8999999762
92250  -39.967  14.723  3.476 0.8000000119
137316  -39.629  15.075  3.122 0.8000000119
137317  -39.599  14.991  1.722 0.8000000119
145873  -36.493  13.718  1.268 0.1000000015
93989  -39.511  16.281  0.586 0.8000000119
93139  -39.444  15.578  1.297 0.8000000119
92298  -36.247  14.925  0.449 0.1000000015
92282  -36.185  14.362  1.238 0.1000000015
91384  -36.606  14.063  0.587 0.1000000015
93995  -36.254  16.487  0.209 0.1000000015
93151  -36.282  15.695  -0.080 0.1000000015
93997  -39.391  16.187  -0.901 0.6999999881
94005  -36.542  16.193  -0.588 0.2000000030
93181  -37.410  15.918  -2.367 0.3000000119
137811  -37.503  15.313  -2.453 0.4000000060
134984  -39.146  15.892  -1.780 0.6999999881
94039  -38.085  16.184  -2.704 0.4000000060
92336  -38.601  14.633  -2.612 0.6000000238
93183  -38.961  15.393  -2.220 0.6000000238
92319  -39.318  14.744  -1.999 0.6000000238
97278  -51.768  20.230  9.606 0.5000000000
97312  -49.779  20.647  7.614 0.6999999881
97329  -48.551  20.706  6.606 0.6999999881
97327  -46.783  20.485  6.378 0.6999999881
98183  -47.681  21.424  3.682 0.6999999881
97344  -46.486  20.708  5.586 0.6999999881
97342  -44.821  20.527  5.417 0.8000000119
98182  -46.538  21.426  3.468 0.6999999881
97343  -45.624  20.592  5.515 0.6999999881
97341  -44.022  20.415  5.383 0.8999999762
98921  -46.964  21.966  1.719 0.6999999881
130521  -46.248  21.653  2.625 0.6999999881
98181  -45.601  21.426  3.376 0.8000000119
98951  -47.523  22.842  -0.334 0.8000000119
124901  -47.790  22.362  0.619 0.6999999881
98198  -45.331  21.655  2.594 0.8000000119
98180  -44.745  21.414  3.235 0.8000000119
97354  -42.038  20.286  4.279 1.0000000000
98963  -46.992  23.142  -1.412 0.8000000119
98936  -46.689  22.293  0.795 0.8000000119
98920  -45.937  21.917  1.778 0.8000000119
98197  -44.603  21.636  2.517 0.8000000119
99681  -46.734  24.102  -2.891 0.8000000119
99670  -47.426  23.829  -2.090 0.8000000119
124274  -46.509  22.576  -0.079 0.8000000119
98935  -45.620  22.271  0.845 0.8000000119
98919  -44.995  21.965  1.838 0.8000000119
96480  -40.826  19.103  5.197 1.0000000000
99669  -46.512  23.442  -2.837 0.8000000119
98962  -45.855  22.764  -1.640 0.8000000119
98950  -45.777  22.574  -0.316 0.8000000119
98934  -44.693  22.198  0.999 0.8000000119
95634  -39.916  18.206  5.153 1.0000000000
96488  -40.819  19.277  4.393 1.0000000000
100428  -46.252  24.431  -3.297 0.8000000119
99680  -46.194  23.889  -3.525 0.8000000119
98949  -44.801  22.453  -0.206 0.6999999881
95640  -39.850  18.256  4.400 1.0000000000
95646  -40.278  18.805  3.942 1.0000000000
101130  -44.604  25.281  -2.350 0.6000000238
101137  -45.640  24.966  -2.961 0.6999999881
99668  -45.644  23.397  -3.287 0.6999999881
98948  -43.970  22.192  -0.596 0.6999999881
95645  -39.852  18.224  3.529 1.0000000000
132856  -39.563  17.601  3.201 1.0000000000
100410  -42.774  24.888  -2.121 0.6000000238
100427  -44.907  24.810  -3.111 0.6000000238
100435  -44.662  24.342  -3.320 0.6999999881
140488  -45.696  22.916  -2.818 0.6999999881
123722  -44.812  22.623  -1.742 0.6999999881
98947  -43.408  21.783  -1.028 0.6999999881
131383  -39.397  16.939  4.446 1.0000000000
127017  -39.545  17.610  3.995 1.0000000000
99690  -45.261  23.831  -3.376 0.6999999881
98974  -44.678  23.254  -3.315 0.6999999881
123621  -44.830  22.914  -3.042 0.6999999881
98961  -43.923  22.201  -2.341 0.6999999881
98231  -43.099  21.481  -2.289 0.6000000238
98223  -42.818  21.268  -0.744 0.6000000238
98222  -42.100  20.660  -0.314 0.6000000238
128842  -39.336  16.804  3.448 1.0000000000
94827  -39.502  17.185  2.362 0.8999999762
100426  -43.882  24.846  -2.903 0.6000000238
100434  -43.837  24.219  -3.391 0.6999999881
99689  -44.287  23.723  -3.411 0.6999999881
98982  -43.903  23.139  -3.476 0.6999999881
98973  -43.963  22.659  -3.433 0.6999999881
98972  -43.116  21.939  -3.383 0.6000000238
97398  -41.970  19.960  -1.804 0.6000000238
96520  -41.209  18.709  -1.310 0.6999999881
97390  -41.544  19.682  -0.342 0.6999999881
134875  -39.383  15.765  3.282 0.8999999762
93977  -39.345  16.325  2.659 0.8999999762
93983  -39.454  16.355  1.767 0.8999999762
100424  -42.277  24.302  -2.428 0.5000000000
100425  -43.100  24.385  -3.141 0.5000000000
99688  -43.341  23.587  -3.545 0.6000000238
98981  -43.001  22.578  -3.530 0.6000000238
97405  -42.112  20.160  -3.499 0.5000000000
96521  -41.566  19.251  -1.786 0.6000000238
99678  -41.996  23.570  -2.894 0.5000000000
99687  -42.533  23.052  -3.601 0.6000000238
98980  -42.262  22.278  -3.875 0.6000000238
98244  -42.333  21.569  -3.928 0.6000000238
97406  -42.136  20.785  -4.050 0.5000000000
98237  -42.621  21.023  -3.503 0.5000000000
96528  -41.698  19.308  -3.117 0.5000000000
96527  -41.229  18.623  -2.848 0.6000000238
98979  -41.840  21.832  -4.054 0.6000000238
98243  -41.898  21.083  -4.132 0.5000000000
97411  -41.566  20.322  -4.057 0.5000000000
96537  -41.526  19.589  -3.899 0.5000000000
96536  -41.068  18.981  -3.861 0.6000000238
94839  -39.869  16.847  -0.169 0.8000000119
94832  -39.660  17.056  1.157 0.8000000119
94846  -39.775  16.829  -1.816 0.6999999881
95664  -40.284  17.452  -0.685 0.6999999881
95672  -40.094  17.438  -2.381 0.6999999881
129627  -37.274  17.025  -1.494 0.3000000119
94006  -36.965  16.261  -1.506 0.3000000119
94038  -37.795  16.229  -2.611 0.4000000060
94021  -38.617  16.064  -2.418 0.6000000238
95670  -37.742  17.595  -1.562 0.3000000119
97294  -51.275  20.484  8.770 0.5000000000
96443  -52.203  20.016  10.305 0.5000000000
128368  -49.437  20.825  6.758 0.6000000238
97346  -48.365  20.947  5.705 0.6999999881
97347  -49.263  21.016  5.863 0.6999999881
97345  -47.414  20.861  5.633 0.6999999881
98151  -48.194  21.197  4.707 0.6000000238
98200  -48.286  21.692  2.497 0.6000000238
97357  -44.473  20.786  4.684 0.8999999762
97356  -43.615  20.645  4.644 0.8000000119
98922  -48.013  21.987  1.589 0.6999999881
98199  -47.276  21.692  2.636 0.6999999881
97358  -45.323  20.838  4.770 0.8000000119
97355  -42.801  20.486  4.517 1.0000000000
98165  -44.990  21.216  4.053 0.8000000119
97368  -43.246  20.859  4.030 0.8999999762
97367  -42.584  20.720  3.743 1.0000000000
124959  -43.978  21.392  2.881 0.8000000119
96489  -41.365  19.835  3.938 1.0000000000
98213  -44.055  21.799  1.880 0.8000000119
96498  -41.213  19.940  3.047 0.8999999762
96497  -40.741  19.378  3.492 1.0000000000
98933  -43.933  22.032  0.715 0.6999999881
98212  -43.253  21.596  1.424 0.6999999881
128145  -40.666  19.436  2.592 0.8999999762
96496  -40.230  18.840  2.930 1.0000000000
98224  -43.173  21.691  0.280 0.6999999881
98211  -42.693  21.362  1.076 0.6999999881
98210  -42.126  20.903  1.105 0.8000000119
141506  -42.118  20.749  2.027 0.8999999762
97381  -41.648  20.358  1.634 0.6999999881
95652  -39.839  18.073  2.612 1.0000000000
95658  -39.879  17.835  1.588 0.8999999762
100409  -41.742  24.857  -1.444 0.5000000000
100411  -43.496  25.288  -1.625 0.6000000238
96511  -40.979  18.958  0.214 0.8000000119
100408  -40.743  24.783  -0.962 0.5000000000
99667  -41.364  24.228  -1.900 0.5000000000
99666  -40.483  24.097  -1.447 0.5000000000
99677  -41.287  23.281  -2.474 0.5000000000
98970  -41.329  22.260  -3.318 0.5000000000
97410  -40.696  20.174  -4.099 0.5000000000
96543  -40.900  19.547  -4.086 0.6000000238
134844  -40.014  17.534  0.571 0.8000000119
98960  -40.550  22.857  -1.918 0.4000000060
98236  -40.758  21.780  -2.891 0.4000000060
98242  -41.305  21.141  -3.894 0.5000000000
96542  -40.222  19.523  -4.143 0.5000000000
95688  -40.261  18.998  -4.163 0.6000000238
95681  -40.397  18.425  -3.786 0.6000000238
97397  -40.405  20.899  -3.247 0.4000000060
97404  -39.882  20.003  -3.628 0.4000000060
94020  -37.513  16.587  -2.246 0.3000000119
143497  -38.034  16.780  -2.580 0.3000000119
94040  -38.456  16.733  -2.498 0.6000000238
94844  -37.758  17.069  -2.188 0.3000000119
96526  -39.218  19.652  -2.690 0.4000000060
124508  -38.337  18.905  -0.774 0.4000000060
96525  -38.654  18.841  -2.293 0.3000000119
95671  -38.251  18.166  -1.835 0.3000000119
94845  -38.321  17.352  -2.448 0.3000000119
97295  -52.105  20.476  9.122 0.5000000000
97313  -50.812  20.835  7.685 0.6000000238
98152  -49.187  21.226  4.833 0.6000000238
98167  -48.718  21.383  3.809 0.6000000238
98179  -43.244  21.084  3.301 0.8000000119
98178  -42.459  20.900  2.792 0.8000000119
97366  -41.861  20.425  3.428 0.8999999762
98196  -43.242  21.349  2.386 0.8000000119
97375  -41.720  20.416  2.544 0.8999999762
98195  -42.613  21.189  1.850 0.8000000119
144533  -40.381  19.063  2.288 0.8999999762
97374  -41.134  19.901  2.104 0.8999999762
97380  -41.223  19.772  1.036 0.8000000119
96505  -40.624  19.208  1.583 0.8000000119
95653  -40.188  18.592  1.971 0.8999999762
100392  -40.297  25.107  -0.019 0.5000000000
100393  -41.330  25.200  -0.423 0.4000000060
99658  -39.899  24.638  -0.419 0.5000000000
98959  -39.794  22.683  -0.824 0.5000000000
98229  -40.145  21.749  -1.968 0.4000000060
97396  -39.718  20.735  -2.280 0.4000000060
99665  -39.741  23.907  -0.791 0.5000000000
98228  -39.665  21.507  -0.903 0.4000000060
96535  -39.624  19.213  -3.948 0.5000000000
96534  -39.204  18.724  -3.469 0.5000000000
95679  -38.771  18.089  -2.979 0.5000000000
145386  -38.459  17.064  -2.536 0.5000000000
131491  -39.024  17.362  -2.722 0.6000000238
97389  -39.306  20.531  -1.106 0.4000000060
96519  -38.781  19.676  -1.097 0.4000000060
95659  -40.368  18.281  0.677 0.8000000119
95673  -40.622  18.024  -2.671 0.6000000238
142642  -39.729  18.691  -3.941 0.5000000000
95680  -39.567  18.097  -3.458 0.6000000238
94802  -40.904  17.207  7.222 0.8999999762
96465  -46.564  19.880  7.606 0.8000000119
122688  -45.887  19.666  7.639 0.8000000119
126740  -45.228  19.563  7.659 0.6999999881
97308  -46.258  20.043  7.000 0.8000000119
140741  -44.769  19.594  7.336 0.8000000119
95617  -43.381  18.890  7.695 0.8000000119
94810  -40.306  17.173  6.535 0.8999999762
93095  -40.804  15.812  7.381 0.8999999762
122763  -43.354  14.720  6.027 0.8000000119
92240  -45.128  15.540  4.881 0.8000000119
92254  -43.462  15.434  3.400 0.8000000119
92227  -42.439  14.742  5.274 0.8000000119
137410  -39.651  15.834  5.352 1.0000000000
92237  -40.800  14.593  4.545 0.8999999762
93164  -36.654  15.600  -0.967 0.1000000015
93165  -37.059  15.440  -1.857 0.2000000030
91424  -38.012  14.384  -2.581 0.3000000119
93198  -37.835  15.561  -2.688 0.4000000060
95641  -40.268  18.767  4.789 1.0000000000
94816  -39.584  17.659  4.806 1.0000000000
93996  -36.783  16.830  -0.553 0.3000000119
145833  -45.137  22.389  0.412 0.8000000119
98230  -42.582  20.683  -2.127 0.6000000238
129788  -42.517  21.226  0.373 0.6000000238
95665  -40.705  18.076  -0.989 0.6999999881
94007  -39.088  16.491  -2.237 0.6000000238
134178  -50.188  20.966  6.951 0.6000000238
98164  -44.035  21.116  3.860 0.8000000119
134169  -41.676  20.321  0.697 0.8000000119
90577  -49.487  13.381  -3.231 0.2000000030
90576  -48.316  13.292  -3.302 0.2000000030
91453  -47.676  13.774  -4.108 0.2000000030
91466  -47.093  14.324  -4.941 0.2000000030
91452  -46.751  13.451  -4.443 0.2000000030
90574  -45.963  13.051  -4.759 0.2000000030
91465  -46.268  13.844  -5.325 0.2000000030
91456  -51.095  13.765  -3.471 0.2000000030
90578  -50.610  13.072  -3.159 0.2000000030
143772  -49.437  14.163  -3.785 0.2000000030
91454  -48.640  13.994  -3.874 0.2000000030
91467  -48.013  14.663  -4.563 0.2000000030
92376  -47.411  15.414  -5.315 0.2000000030
92386  -46.521  14.838  -5.674 0.2000000030
124739  -45.300  12.612  -4.847 0.3000000119
144012  -45.461  13.381  -5.633 0.3000000119
127340  -51.474  14.434  -3.698 0.2000000030
92367  -50.721  14.601  -3.864 0.2000000030
92366  -49.854  14.766  -4.108 0.2000000030
92378  -49.422  15.701  -4.629 0.2000000030
92377  -48.431  15.627  -4.905 0.2000000030
89688  -43.533  12.142  -4.797 0.3000000119
90587  -44.814  12.797  -5.599 0.3000000119
90594  -44.332  13.231  -6.109 0.3000000119
91474  -45.787  14.323  -5.899 0.2000000030
92355  -54.590  14.968  -2.745 0.3000000119
92369  -52.908  15.318  -3.757 0.3000000119
91458  -52.952  13.811  -3.062 0.3000000119
93210  -52.246  15.735  -4.059 0.2000000030
92380  -51.368  15.347  -4.128 0.2000000030
87806  -42.115  9.829  0.629 0.1000000015
127305  -41.844  10.232  0.193 0.1000000015
93222  -50.007  16.670  -4.640 0.2000000030
88724  -42.585  10.742  -0.866 0.1000000015
89650  -43.342  11.260  -2.293 0.3000000119
92379  -50.382  15.543  -4.377 0.2000000030
93221  -48.930  16.533  -4.942 0.2000000030
89664  -43.003  11.417  -3.194 0.3000000119
93220  -47.984  16.300  -5.257 0.2000000030
143230  -47.315  16.118  -5.513 0.2000000030
89687  -42.558  12.243  -4.853 0.3000000119
90592  -42.791  13.206  -5.768 0.3000000119
93218  -45.685  15.845  -5.350 0.3000000119
93228  -46.740  15.694  -5.730 0.3000000119
91471  -43.940  13.680  -6.117 0.4000000060
91472  -44.744  14.100  -6.185 0.4000000060
146458  -45.254  14.736  -6.072 0.3000000119
92385  -46.090  15.191  -6.027 0.3000000119
91473  -45.224  13.966  -6.166 0.3000000119
93160  -57.698  15.296  0.492 0.3000000119
92345  -57.024  15.718  -1.441 0.3000000119
93176  -57.482  15.584  -0.498 0.3000000119
92328  -56.881  14.928  -1.218 0.3000000119
93193  -56.824  16.010  -1.815 0.3000000119
133470  -56.398  15.469  -1.954 0.3000000119
92356  -55.612  15.718  -2.564 0.3000000119
93205  -56.356  16.250  -2.208 0.3000000119
92344  -55.362  14.748  -2.221 0.3000000119
93213  -54.680  16.117  -3.141 0.3000000119
136766  -54.925  16.916  -3.043 0.3000000119
94062  -54.157  17.011  -3.409 0.3000000119
94073  -52.763  17.501  -3.566 0.3000000119
93212  -53.615  16.108  -3.625 0.3000000119
94876  -51.642  17.771  -4.113 0.2000000030
140853  -53.625  14.974  -3.275 0.3000000119
93211  -52.893  16.143  -3.939 0.2000000030
93224  -52.392  16.699  -4.172 0.2000000030
94875  -50.876  17.800  -4.153 0.2000000030
132389  -50.232  17.435  -4.398 0.2000000030
93223  -51.629  16.427  -4.349 0.2000000030
94865  -50.074  17.721  -3.858 0.2000000030
137733  -49.541  17.645  -4.133 0.2000000030
88723  -41.852  10.588  -0.480 0.1000000015
136460  -50.880  16.263  -4.461 0.2000000030
94864  -48.438  17.281  -4.749 0.2000000030
89649  -42.311  11.279  -2.525 0.3000000119
89680  -42.589  11.702  -4.020 0.3000000119
94873  -49.141  17.452  -4.539 0.2000000030
89648  -41.152  11.473  -2.496 0.3000000119
89679  -41.641  12.190  -4.476 0.3000000119
94069  -48.452  16.999  -5.045 0.2000000030
94059  -47.979  17.261  -4.555 0.2000000030
145119  -40.411  11.813  -2.602 0.3000000119
89678  -40.927  12.161  -4.058 0.3000000119
90572  -40.761  12.845  -4.660 0.3000000119
91464  -42.280  13.525  -5.449 0.3000000119
92362  -42.648  14.157  -4.769 0.4000000060
94066  -46.302  16.535  -4.905 0.3000000119
94067  -46.901  16.631  -5.312 0.3000000119
92374  -43.279  14.201  -5.415 0.4000000060
93217  -44.948  14.865  -5.683 0.3000000119
93159  -57.120  15.827  -0.058 0.3000000119
94016  -57.011  16.123  -1.316 0.3000000119
129379  -46.018  15.826  3.165 0.8000000119
93129  -46.087  16.082  2.284 0.8000000119
93155  -46.591  16.340  0.831 0.4000000060
93168  -46.887  16.459  0.108 0.3000000119
93186  -47.612  16.295  -1.503 0.3000000119
93201  -49.259  16.644  -2.651 0.2000000030
94046  -50.858  17.326  -3.122 0.3000000119
94858  -52.854  17.611  -3.332 0.3000000119
138146  -45.452  16.013  3.042 0.6999999881
93991  -46.233  16.672  0.987 0.6000000238
93169  -47.170  16.442  -0.640 0.3000000119
136914  -52.116  17.737  -3.620 0.3000000119
93128  -45.605  16.257  2.459 0.6999999881
93984  -45.815  16.583  1.819 0.6999999881
93999  -45.905  16.935  0.706 0.5000000000
94000  -46.391  16.878  0.388 0.4000000060
94011  -47.161  16.766  -1.161 0.3000000119
94025  -47.691  16.716  -2.176 0.2000000030
94044  -49.013  17.267  -3.318 0.2000000030
94045  -49.934  17.320  -3.315 0.2000000030
94866  -50.806  17.862  -3.948 0.2000000030
93127  -44.678  16.090  2.556 0.8000000119
93998  -45.444  16.756  1.152 0.6999999881
94009  -45.976  17.115  -0.105 0.4000000060
94855  -49.484  17.586  -3.764 0.2000000030
93141  -44.811  16.503  1.751 0.6999999881
94008  -45.324  16.797  0.308 0.6000000238
94023  -46.096  17.015  -1.064 0.4000000060
94024  -46.920  16.901  -1.490 0.2000000030
94043  -48.097  17.134  -3.450 0.2000000030
92269  -42.467  14.978  2.658 0.6999999881
93140  -43.840  15.838  1.052 0.6999999881
93154  -44.595  16.424  0.715 0.6999999881
93167  -44.610  16.213  -0.228 0.6000000238
128746  -45.383  16.450  -1.374 0.4000000060
93185  -45.749  16.473  -1.937 0.4000000060
94041  -46.457  16.640  -2.204 0.3000000119
94042  -47.258  16.759  -2.807 0.2000000030
134560  -43.017  15.292  2.045 0.6999999881
92287  -43.072  15.208  1.323 0.6999999881
90583  -41.451  12.864  -5.130 0.3000000119
91450  -40.990  13.319  -4.825 0.4000000060
93184  -44.973  15.840  -2.278 0.4000000060
94058  -47.230  16.933  -4.305 0.2000000030
89662  -40.425  12.159  -3.352 0.4000000060
90571  -40.243  12.841  -4.165 0.3000000119
91449  -40.462  13.124  -4.395 0.4000000060
128210  -42.040  13.910  -4.072 0.6000000238
92352  -43.143  14.268  -3.537 0.5000000000
93209  -45.707  16.092  -4.232 0.4000000060
141246  -47.457  17.061  -4.962 0.2000000030
90559  -39.690  12.915  -3.595 0.3000000119
91438  -39.970  13.161  -3.802 0.5000000000
91439  -40.573  13.375  -4.223 0.5000000000
91428  -40.447  13.572  -3.134 0.5000000000
91429  -41.615  13.640  -2.113 0.6000000238
92364  -44.522  14.969  -4.506 0.4000000060
93208  -45.173  15.466  -4.719 0.4000000060
123313  -39.698  13.578  -3.226 0.6000000238
131541  -41.017  13.521  -1.674 0.6000000238
91409  -40.951  13.610  -0.570 0.6000000238
91407  -39.914  14.135  -1.385 0.6000000238
91427  -40.264  13.781  -2.020 0.6000000238
93175  -56.473  16.225  -0.724 0.3000000119
94014  -55.854  16.723  -1.482 0.3000000119
94049  -55.351  17.033  -2.425 0.3000000119
94032  -56.608  16.383  -1.796 0.3000000119
94031  -56.128  16.878  -1.945 0.3000000119
94849  -54.631  17.366  -2.525 0.3000000119
94029  -53.878  17.349  -2.395 0.3000000119
94048  -53.816  17.618  -2.977 0.3000000119
92272  -46.360  15.832  1.984 0.5000000000
92289  -46.555  15.707  1.291 0.4000000060
92340  -48.265  15.441  -1.710 0.3000000119
136682  -48.985  15.613  -2.176 0.3000000119
93142  -46.272  16.339  1.551 0.6000000238
92306  -46.705  15.343  0.280 0.3000000119
93202  -50.226  16.748  -2.704 0.2000000030
94027  -51.811  17.221  -2.730 0.3000000119
94028  -52.883  17.281  -2.550 0.3000000119
93203  -51.013  16.761  -2.649 0.3000000119
94857  -51.496  17.707  -3.534 0.3000000119
92304  -43.121  15.073  0.432 0.6999999881
93153  -43.826  15.707  0.099 0.6000000238
92321  -43.213  14.827  -0.522 0.6000000238
93166  -43.961  15.427  -0.853 0.6000000238
130000  -44.738  15.960  -1.170 0.5000000000
92302  -41.586  14.211  1.037 0.6999999881
92320  -42.460  14.288  -0.185 0.6000000238
92337  -42.537  14.010  -1.240 0.6000000238
92353  -44.150  14.948  -3.203 0.5000000000
91374  -40.807  14.084  1.085 0.6999999881
143479  -41.098  13.824  0.427 0.6999999881
91388  -41.709  13.923  0.145 0.6000000238
91386  -40.069  14.046  -0.100 0.6999999881
91410  -41.726  13.686  -0.874 0.6000000238
91408  -40.386  13.802  -0.692 0.6000000238
131199  -39.651  14.510  -0.589 0.6000000238
93174  -55.578  16.294  -0.794 0.3000000119
93158  -55.989  15.702  0.063 0.3000000119
94013  -55.139  16.805  -1.497 0.3000000119
133408  -54.688  17.199  -1.948 0.3000000119
91344  -46.593  15.034  4.997 0.6999999881
92242  -46.493  15.382  4.307 0.6999999881
92255  -46.365  15.356  3.599 0.6999999881
92271  -46.245  15.559  2.657 0.8000000119
92323  -47.492  15.239  -1.101 0.3000000119
93188  -49.778  15.849  -2.315 0.3000000119
93190  -51.491  16.252  -2.170 0.3000000119
92229  -46.065  15.329  5.319 0.6999999881
123004  -44.877  14.670  6.820 0.8000000119
92218  -45.836  15.131  6.110 0.8000000119
92228  -44.888  15.209  5.640 0.6999999881
92217  -44.534  14.850  6.292 0.8000000119
122764  -43.608  14.563  6.901 0.6999999881
139045  -42.729  14.639  7.879 0.8000000119
92191  -41.820  15.158  8.090 0.8000000119
93173  -54.699  16.235  -0.902 0.3000000119
93172  -53.832  16.082  -1.093 0.3000000119
93191  -52.423  16.510  -2.010 0.3000000119
93192  -53.391  16.725  -1.830 0.3000000119
92305  -46.362  14.721  0.804 0.4000000060
92322  -47.099  15.735  -0.343 0.3000000119
92342  -49.462  14.876  -1.824 0.3000000119
93189  -50.633  16.036  -2.310 0.3000000119
124769  -46.498  15.016  5.730 0.6999999881
92288  -46.297  14.964  1.756 0.6999999881
92205  -45.269  14.434  7.550 0.6999999881
92204  -43.975  14.473  7.530 0.6999999881
147268  -42.856  14.730  8.567 0.6999999881
95603  -42.900  18.136  8.279 0.6999999881
93940  -42.247  16.250  8.891 0.6999999881
92327  -53.300  15.317  -0.445 0.3000000119
90519  -52.075  13.050  1.609 0.3000000119
89607  -51.101  11.695  2.670 0.3000000119
91411  -46.936  14.579  -0.502 0.3000000119
91333  -46.622  14.593  5.856 0.8000000119
92219  -46.678  14.743  6.323 0.8000000119
92206  -46.803  14.552  6.987 0.8000000119
145242  -47.230  14.325  7.289 0.6999999881
92193  -44.925  14.361  8.688 0.6999999881
92186  -43.855  14.691  9.312 0.6999999881
93935  -42.816  15.913  9.418 0.6999999881
95604  -43.742  18.442  8.473 0.6999999881
94794  -43.319  17.688  8.905 0.6999999881
95618  -44.132  18.936  8.044 0.6999999881
92307  -51.767  14.240  -0.084 0.3000000119
128221  -52.358  14.997  -0.676 0.3000000119
90530  -51.393  13.195  1.040 0.3000000119
92308  -52.749  14.556  0.181 0.3000000119
90518  -50.905  12.547  1.510 0.3000000119
93171  -52.903  15.857  -1.271 0.3000000119
90504  -51.531  12.309  2.192 0.3000000119
131926  -50.248  15.285  -1.952 0.3000000119
91390  -46.336  13.995  0.120 0.3000000119
91353  -46.463  14.896  4.134 0.6999999881
91363  -46.075  14.615  3.353 0.6999999881
91322  -47.118  14.308  6.740 0.8000000119
91321  -46.928  14.200  6.409 0.8000000119
91299  -47.502  14.056  7.691 0.6999999881
92194  -46.554  14.339  7.884 0.6999999881
92187  -44.749  14.481  9.523 0.6999999881
93085  -43.963  15.504  10.230 0.6999999881
93937  -44.020  16.575  10.225 0.6999999881
127847  -44.364  17.594  9.906 0.6999999881
147278  -48.896  21.301  4.324 0.5000000000
125574  -49.438  21.443  3.882 0.5000000000
93170  -51.960  15.579  -1.497 0.3000000119
92341  -48.759  14.853  -1.741 0.3000000119
91412  -48.262  14.398  -1.247 0.3000000119
92207  -47.381  14.189  7.106 0.6999999881
91296  -47.119  14.142  8.462 0.6999999881
91297  -47.667  13.659  8.661 0.6999999881
91294  -48.134  13.164  10.168 0.6999999881
122574  -45.901  14.229  9.081 0.6999999881
92182  -46.626  14.224  10.408 0.6999999881
92183  -47.646  13.919  10.721 0.6999999881
129740  -45.391  14.415  10.136 0.6999999881
93081  -46.164  14.971  11.375 0.6999999881
92180  -44.236  14.829  9.980 0.6999999881
93929  -45.185  16.418  11.186 0.6000000238
93930  -46.478  16.441  11.935 0.6000000238
95571  -48.334  17.937  12.444 0.6000000238
95573  -50.084  18.202  13.127 0.5000000000
94790  -45.099  17.917  10.227 0.6999999881
94784  -45.432  17.436  10.887 0.6999999881
95586  -46.870  18.040  11.356 0.6000000238
94781  -47.125  17.597  11.967 0.6000000238
95588  -48.789  18.635  11.870 0.6000000238
95596  -44.824  18.371  9.502 0.6999999881
95597  -45.637  18.532  9.704 0.6000000238
95599  -47.037  18.783  10.181 0.6000000238
95593  -47.345  18.589  10.832 0.6000000238
96438  -46.206  19.098  9.095 0.6000000238
98952  -48.565  22.856  -0.468 0.5000000000
98937  -48.762  22.408  0.490 0.6000000238
98923  -48.948  22.005  1.503 0.5000000000
97330  -50.082  21.169  6.149 0.4000000060
98184  -49.403  21.510  3.061 0.5000000000
98168  -50.132  21.512  4.183 0.5000000000
98140  -50.032  21.315  5.191 0.5000000000
98141  -50.779  21.331  5.579 0.4000000060
97331  -50.812  21.149  6.575 0.4000000060
98142  -51.461  21.282  6.036 0.5000000000
98129  -52.134  21.240  6.540 0.5000000000
131182  -47.516  14.195  -0.793 0.3000000119
90449  -46.817  13.010  7.227 0.8000000119
128921  -46.116  14.729  2.657 0.6999999881
91375  -45.676  13.747  1.717 0.5000000000
91352  -45.577  13.788  3.576 0.6999999881
91332  -46.203  14.026  5.292 0.8000000119
91309  -47.368  13.868  6.903 0.8000000119
90418  -47.890  12.192  10.423 0.8000000119
90426  -48.115  12.680  9.463 0.8000000119
90434  -47.669  13.419  8.045 0.8000000119
90450  -47.441  13.459  7.473 0.8000000119
90405  -47.429  12.762  12.325 0.6999999881
90412  -47.451  12.131  11.478 0.6999999881
90413  -48.007  12.862  11.659 0.6999999881
91292  -48.198  13.478  11.846 0.8000000119
147668  -47.978  13.992  11.367 0.6999999881
91289  -48.256  13.675  12.372 0.6999999881
92177  -48.223  13.858  11.779 0.8000000119
93077  -47.585  15.401  12.388 0.6999999881
93927  -48.389  16.593  13.224 0.6999999881
94758  -50.295  16.651  14.293 0.6999999881
96412  -51.797  19.101  12.470 0.5000000000
96425  -52.011  19.485  11.538 0.5000000000
96433  -51.571  19.660  10.716 0.5000000000
97296  -53.118  20.713  9.197 0.3000000119
97314  -52.246  21.015  7.656 0.4000000060
136100  -52.477  20.713  8.677 0.4000000060
97332  -51.529  21.062  7.107 0.4000000060
122202  -48.384  24.040  -1.584 0.6000000238
99659  -48.918  23.279  -1.121 0.5000000000
98130  -52.863  21.360  7.108 0.3000000119
98938  -49.567  22.799  0.739 0.5000000000
98201  -49.173  21.691  2.340 0.5000000000
98185  -50.396  21.679  3.040 0.4000000060
98153  -50.841  21.465  4.584 0.4000000060
98154  -51.495  21.408  5.020 0.5000000000
92343  -51.028  15.348  -1.728 0.3000000119
92324  -49.486  14.181  -1.276 0.3000000119
91413  -48.927  13.742  -1.012 0.3000000119
92325  -50.337  14.508  -1.298 0.3000000119
91391  -47.109  13.617  -0.304 0.3000000119
129631  -45.115  13.097  4.750 0.6000000238
90501  -45.386  13.458  2.621 0.6000000238
90513  -45.659  12.977  1.095 0.5000000000
91430  -48.931  14.311  -1.467 0.3000000119
90448  -45.505  12.584  7.092 0.8000000119
90469  -45.090  12.924  5.483 0.8000000119
89511  -45.324  11.331  10.744 0.6000000238
89534  -45.967  11.835  8.874 0.8000000119
91320  -46.306  13.706  5.956 0.6999999881
91389  -45.912  13.886  0.901 0.5000000000
89524  -46.187  11.636  9.832 0.8000000119
90432  -45.751  12.228  7.940 0.8000000119
90461  -46.546  13.381  6.564 0.8000000119
91343  -45.932  14.132  4.486 0.6999999881
89513  -47.393  11.885  9.808 0.8000000119
139036  -47.092  11.945  8.996 0.8000000119
142045  -46.517  11.780  11.538 0.6999999881
89504  -47.029  11.695  10.855 0.6999999881
90425  -47.806  12.567  8.769 0.8000000119
90404  -46.319  12.401  12.265 0.6999999881
91287  -46.541  13.386  13.059 0.6999999881
91266  -47.107  14.231  14.335 0.6999999881
91267  -47.896  14.186  14.065 0.6999999881
92170  -48.526  14.514  13.815 0.6999999881
142237  -48.581  14.799  13.397 0.6999999881
93071  -49.268  15.465  14.087 0.6999999881
94757  -49.320  16.383  13.762 0.6999999881
142886  -48.289  14.606  14.537 0.6999999881
92155  -48.923  14.977  14.664 0.6000000238
92156  -49.543  15.542  14.787 0.6999999881
93917  -50.628  16.383  14.916 0.6999999881
94759  -51.120  16.926  14.645 0.5000000000
95575  -52.235  18.558  13.498 0.5000000000
123658  -52.694  19.473  12.114 0.4000000060
96426  -53.227  19.802  11.921 0.4000000060
96444  -52.891  20.120  10.531 0.4000000060
147192  -52.695  20.506  9.432 0.3000000119
97315  -52.954  21.042  8.217 0.3000000119
98131  -53.570  21.376  7.680 0.3000000119
98171  -52.815  22.310  4.086 0.2000000030
98143  -52.857  21.545  5.960 0.4000000060
98939  -50.176  23.404  0.882 0.3000000119
98924  -50.510  22.833  1.554 0.3000000119
98925  -51.476  22.951  1.733 0.3000000119
98909  -51.932  22.558  2.095 0.3000000119
98187  -52.056  22.118  2.940 0.3000000119
129177  -52.316  21.971  3.696 0.4000000060
130520  -49.651  22.263  1.696 0.4000000060
98202  -50.067  21.992  2.287 0.4000000060
98186  -51.407  21.992  2.610 0.4000000060
98169  -51.086  21.656  3.526 0.4000000060
98170  -51.674  21.600  4.010 0.3000000119
128246  -52.132  21.413  5.481 0.4000000060
90433  -47.142  12.597  8.096 0.8000000119
145671  -44.835  13.203  12.845 0.6999999881
89512  -46.402  11.555  10.537 0.8000000119
91286  -45.479  13.230  12.888 0.6999999881
92152  -45.595  14.690  14.563 0.4000000060
92153  -46.623  14.633  14.841 0.6000000238
92143  -47.350  14.914  15.177 0.6000000238
93045  -47.579  15.532  15.392 0.5000000000
93048  -49.728  16.036  15.404 0.5000000000
94733  -50.310  16.968  15.564 0.4000000060
94744  -51.820  17.414  14.884 0.3000000119
95561  -53.135  18.602  14.463 0.4000000060
96414  -53.490  19.936  12.518 0.4000000060
97265  -53.631  20.558  11.830 0.3000000119
96378  -52.214  18.492  15.362 0.3000000119
96379  -52.748  18.802  15.277 0.3000000119
96435  -53.168  19.992  11.210 0.3000000119
97270  -53.337  20.310  10.727 0.3000000119
125514  -53.617  20.796  9.685 0.3000000119
93903  -45.607  15.942  14.789 0.4000000060
136455  -46.552  15.744  15.188 0.4000000060
93890  -47.253  16.345  15.305 0.4000000060
95543  -48.655  17.711  15.125 0.3000000119
95544  -49.483  18.032  15.255 0.3000000119
131051  -50.858  19.101  15.137 0.3000000119
96386  -53.027  19.379  15.095 0.4000000060
97234  -53.634  20.124  13.355 0.3000000119
98111  -53.747  20.898  12.052 0.3000000119
98862  -53.854  21.753  11.469 0.3000000119
94755  -45.744  17.625  13.920 0.4000000060
95556  -46.207  18.249  13.751 0.1000000015
94740  -45.802  16.903  14.453 0.4000000060
95541  -47.107  17.648  14.559 0.3000000119
96397  -47.720  19.034  13.854 0.1000000015
96398  -48.761  19.390  13.921 0.2000000030
130727  -47.408  17.006  15.035 0.3000000119
94742  -47.949  17.363  15.030 0.3000000119
96383  -48.688  18.544  14.556 0.3000000119
132491  -52.390  19.992  14.765 0.3000000119
98085  -53.521  20.676  13.399 0.3000000119
98098  -53.517  21.280  12.862 0.3000000119
96396  -46.647  19.076  13.379 0.1000000015
96410  -47.270  19.641  13.197 0.2000000030
133362  -48.282  20.627  12.800 0.2000000030
97245  -49.101  20.890  12.935 0.2000000030
97230  -48.017  19.898  13.326 0.2000000030
97231  -48.863  20.195  13.400 0.2000000030
97246  -49.944  21.071  13.188 0.2000000030
96399  -49.612  19.819  13.938 0.3000000119
98082  -50.913  21.188  13.433 0.3000000119
98083  -51.930  21.276  13.601 0.3000000119
96409  -46.658  19.805  12.728 0.2000000030
97244  -47.391  20.346  12.618 0.2000000030
95594  -48.204  18.832  10.971 0.6999999881
96411  -50.590  18.842  12.425 0.3000000119
93949  -41.100  16.452  7.827 0.8000000119
94792  -41.757  16.867  8.355 0.8000000119
93096  -41.326  15.703  8.028 0.8000000119
147485  -41.853  14.861  7.506 0.8000000119
138193  -43.803  15.816  1.911 0.6999999881
97279  -52.514  20.292  9.869 0.4000000060
98964  -48.295  23.521  -1.248 0.6000000238
100413  -47.374  24.396  -2.086 0.6000000238
100412  -46.559  24.852  -2.522 0.6999999881
124610  -51.755  20.755  8.185 0.4000000060
96434  -52.643  19.766  11.129 0.4000000060
126271  -48.663  21.499  3.092 0.5000000000
91455  -50.191  13.942  -3.559 0.2000000030
92365  -48.959  14.787  -4.366 0.2000000030
92368  -52.142  14.811  -3.741 0.2000000030
90585  -43.110  12.643  -5.486 0.3000000119
89681  -43.472  11.700  -3.942 0.3000000119
93227  -45.736  15.381  -5.951 0.3000000119
140116  -52.745  14.492  -3.489 0.2000000030
87805  -41.272  9.947  0.727 0.1000000015
94070  -49.429  17.207  -4.649 0.2000000030
89640  -41.801  11.054  -1.475 0.1000000015
94068  -47.689  16.964  -5.160 0.2000000030
90584  -42.189  12.983  -5.514 0.3000000119
92373  -42.508  13.945  -5.403 0.4000000060
90593  -43.517  13.108  -6.011 0.3000000119
93219  -46.216  16.157  -5.629 0.3000000119
91470  -43.161  13.700  -5.781 0.4000000060
92383  -43.991  14.200  -5.968 0.4000000060
92375  -44.083  14.528  -5.303 0.4000000060
93204  -55.587  16.548  -2.554 0.3000000119
94869  -53.543  17.441  -3.300 0.3000000119
94867  -51.544  17.883  -3.908 0.2000000030
89663  -41.991  11.594  -3.596 0.3000000119
139356  -41.363  11.609  -3.225 0.3000000119
91451  -41.735  13.786  -5.067 0.6000000238
91463  -41.631  13.339  -5.228 0.3000000119
93199  -45.035  15.589  -3.627 0.4000000060
94057  -46.492  16.518  -3.569 0.4000000060
92363  -43.653  14.494  -4.463 0.4000000060
93143  -56.669  15.529  0.573 0.3000000119
94010  -46.691  17.033  -0.467 0.3000000119
93187  -48.361  16.330  -2.224 0.2000000030
93990  -45.997  16.757  1.316 0.6999999881
94026  -48.488  16.809  -2.780 0.2000000030
94022  -45.366  16.691  -0.570 0.5000000000
93200  -45.762  16.167  -2.940 0.4000000060
126330  -41.182  13.618  -4.518 0.4000000060
92339  -44.107  15.213  -1.886 0.4000000060
92351  -42.552  13.970  -2.573 0.6000000238
91440  -41.313  13.669  -3.521 0.5000000000
137993  -43.495  14.546  -2.482 0.6000000238
91426  -39.331  14.070  -2.809 0.6000000238
92303  -42.382  14.531  0.758 0.6999999881
92338  -43.343  14.609  -1.543 0.6000000238
125545  -46.033  14.825  6.682 0.8000000119
93089  -41.953  15.567  8.537 0.8000000119
93090  -42.558  15.387  9.082 0.6999999881
122604  -43.696  14.514  8.442 0.6999999881
92185  -42.987  14.842  9.036 0.6999999881
94793  -42.527  17.272  8.669 0.6999999881
94788  -42.972  16.775  9.239 0.6999999881
90503  -50.747  11.974  2.108 0.3000000119
93087  -43.332  15.249  9.582 0.6999999881
93936  -43.394  16.189  9.781 0.6999999881
95595  -44.066  18.079  9.191 0.6999999881
94789  -43.663  17.205  9.560 0.6999999881
91376  -52.187  13.776  0.798 0.3000000119
92326  -51.395  14.692  -0.975 0.3000000119
93932  -44.526  15.903  10.793 0.6999999881
92181  -44.707  14.957  10.650 0.6999999881
94783  -44.689  17.025  10.625 0.6999999881
95606  -45.333  18.886  9.106 0.6000000238
91392  -48.143  13.454  -0.520 0.3000000119
92188  -46.868  14.091  9.415 0.6999999881
92189  -47.694  13.724  9.717 0.6999999881
137227  -47.978  13.163  8.770 0.8000000119
91291  -48.132  13.419  11.140 0.8000000119
92176  -46.598  14.467  11.041 0.6999999881
92175  -45.650  14.655  10.896 0.6999999881
143317  -45.898  15.873  11.580 0.6000000238
93080  -45.257  15.329  11.167 0.6999999881
93082  -46.870  15.344  11.910 0.6999999881
135122  -47.261  14.502  11.440 0.6999999881
94780  -46.536  17.341  11.716 0.6000000238
94770  -47.042  16.841  12.309 0.6000000238
94779  -45.871  16.938  11.477 0.6000000238
93925  -47.097  16.023  12.326 0.6999999881
94771  -47.782  17.279  12.580 0.6000000238
94772  -48.670  17.322  13.159 0.6000000238
95587  -47.709  18.212  11.744 0.6000000238
94773  -49.662  17.362  13.535 0.6000000238
95558  -50.735  17.442  13.839 0.6000000238
95574  -51.185  18.368  13.264 0.5000000000
95591  -45.879  18.166  10.429 0.6999999881
94785  -46.160  17.780  11.112 0.6999999881
95592  -46.603  18.371  10.638 0.6000000238
95598  -46.416  18.678  9.903 0.6000000238
98953  -49.167  22.961  -0.442 0.5000000000
90419  -48.068  12.647  10.948 0.8000000119
91288  -47.556  13.368  12.851 0.6999999881
93083  -47.880  14.512  12.015 0.6999999881
91281  -48.164  13.754  13.109 0.6999999881
92173  -48.404  14.116  12.817 0.6999999881
92172  -48.341  14.238  12.443 0.8000000119
93078  -48.256  14.995  12.722 0.6000000238
93926  -47.800  16.100  12.796 0.6000000238
93916  -48.620  15.692  13.422 0.6999999881
128567  -52.687  19.121  12.944 0.5000000000
97280  -53.173  20.434  10.034 0.3000000119
99671  -48.881  23.618  -1.389 0.6000000238
100414  -49.130  23.917  -1.339 0.6000000238
90490  -44.749  12.622  3.228 0.5000000000
90460  -45.345  12.846  6.313 0.8000000119
91280  -47.274  13.807  13.595 0.6999999881
132519  -45.579  13.786  13.562 0.6000000238
91279  -46.224  14.174  14.035 0.6999999881
92154  -47.588  14.533  14.786 0.6999999881
137050  -49.049  15.021  14.171 0.6999999881
124836  -49.930  16.026  14.594 0.6999999881
92144  -48.261  14.982  15.196 0.6000000238
93047  -49.210  15.511  15.283 0.6000000238
93904  -50.137  16.073  15.077 0.5000000000
93905  -50.678  16.514  15.140 0.5000000000
93895  -51.166  16.892  15.144 0.4000000060
95559  -51.690  17.726  14.143 0.4000000060
95546  -52.672  18.080  14.829 0.3000000119
95576  -53.089  18.814  13.723 0.5000000000
96413  -53.292  19.465  12.946 0.4000000060
97247  -53.533  20.221  12.446 0.4000000060
131818  -52.209  21.634  4.508 0.3000000119
98203  -51.142  22.362  2.144 0.4000000060
90411  -45.632  11.781  11.767 0.6000000238
93057  -45.114  15.217  14.679 0.5000000000
92151  -44.732  14.742  14.407 0.4000000060
93058  -46.006  15.203  14.922 0.4000000060
93059  -46.790  15.161  15.184 0.5000000000
93891  -48.267  16.105  15.571 0.5000000000
133133  -48.881  16.560  15.644 0.4000000060
93893  -50.238  16.444  15.374 0.4000000060
95535  -50.844  17.625  15.492 0.3000000119
94732  -49.394  17.171  15.616 0.3000000119
95534  -50.082  17.567  15.561 0.3000000119
96400  -53.479  19.124  13.870 0.4000000060
96401  -53.602  19.546  13.891 0.4000000060
97271  -53.531  20.367  11.300 0.3000000119
97248  -53.578  20.359  12.634 0.3000000119
95545  -50.381  18.285  15.391 0.3000000119
94739  -45.069  16.483  14.298 0.3000000119
142635  -46.359  16.368  14.948 0.4000000060
94731  -48.074  16.725  15.405 0.3000000119
96384  -49.731  18.957  14.686 0.3000000119
134367  -51.283  19.831  14.631 0.3000000119
97222  -53.249  20.062  14.576 0.4000000060
98073  -53.263  20.725  13.946 0.3000000119
133842  -53.659  21.483  12.246 0.2000000030
95555  -45.357  18.117  13.419 0.2000000030
94756  -46.351  17.580  14.286 0.2000000030
94741  -46.697  16.975  14.788 0.3000000119
95557  -46.998  18.393  14.049 0.1000000015
95542  -47.839  18.116  14.516 0.2000000030
98072  -52.626  20.704  14.202 0.3000000119
97233  -51.597  20.587  14.100 0.3000000119
98084  -52.740  21.266  13.682 0.3000000119
132420  -49.574  20.464  13.446 0.3000000119
97232  -50.454  20.378  13.873 0.3000000119
89609  -57.649  11.603  2.250 0.2000000030
88700  -57.797  10.888  1.625 0.2000000030
87786  -57.839  10.292  1.093 0.2000000030
88706  -58.208  10.981  1.021 0.2000000030
87799  -57.746  10.137  0.482 0.2000000030
89610  -58.009  12.048  1.984 0.2000000030
89621  -58.338  11.804  1.309 0.2000000030
89632  -58.103  11.597  0.420 0.2000000030
90494  -58.077  12.873  3.679 0.2000000030
90507  -58.098  12.711  2.553 0.2000000030
142009  -58.519  12.496  1.189 0.2000000030
88718  -58.007  10.916  0.482 0.2000000030
88717  -57.715  10.785  0.110 0.2000000030
89631  -57.648  11.550  0.139 0.2000000030
89630  -56.301  11.808  0.317 0.2000000030
90531  -55.305  12.308  0.313 0.2000000030
89629  -55.069  11.564  0.426 0.1000000015
89628  -54.135  11.494  0.302 0.2000000030
89643  -54.400  12.219  0.080 0.2000000030
88735  -53.422  10.918  0.249 0.2000000030
92244  -57.882  14.330  4.623 0.2000000030
92230  -58.041  14.208  5.235 0.2000000030
91357  -58.320  13.994  3.786 0.2000000030
91348  -58.193  14.124  4.616 0.2000000030
90495  -58.274  13.384  3.226 0.2000000030
91368  -58.332  13.802  2.762 0.2000000030
89611  -58.275  12.399  1.731 0.2000000030
89633  -58.356  11.677  0.796 0.2000000030
90532  -56.014  12.861  0.301 0.2000000030
88734  -52.147  9.945  -0.251 0.1000000015
141752  -52.559  10.564  -0.237 0.1000000015
89641  -52.648  11.289  -0.672 0.1000000015
89642  -53.498  11.815  -0.313 0.2000000030
87830  -50.590  9.664  -0.430 0.1000000015
86901  -51.217  8.853  -0.033 0.1000000015
87829  -49.980  9.712  -0.299 0.1000000015
91336  -56.933  14.285  5.591 0.2000000030
92245  -58.107  14.227  4.063 0.2000000030
92243  -57.222  14.420  4.890 0.2000000030
92259  -58.174  14.237  3.369 0.2000000030
92258  -57.946  14.366  3.788 0.2000000030
137588  -57.999  14.430  3.083 0.2000000030
90508  -58.319  13.063  2.109 0.2000000030
91380  -58.424  13.499  1.563 0.2000000030
91399  -58.379  13.210  0.388 0.2000000030
91398  -57.859  13.278  -0.074 0.2000000030
90533  -57.292  12.520  0.082 0.2000000030
91397  -56.776  13.422  -0.193 0.2000000030
90543  -55.842  13.452  -0.165 0.2000000030
90542  -55.032  12.976  -0.243 0.2000000030
145324  -54.641  13.348  -1.125 0.2000000030
90551  -53.949  12.656  -0.938 0.2000000030
88733  -51.429  10.056  -0.713 0.1000000015
88751  -51.939  10.653  -1.063 0.1000000015
89659  -52.229  11.432  -1.599 0.1000000015
89660  -52.926  12.075  -1.232 0.2000000030
88730  -49.421  10.355  -0.550 0.1000000015
88732  -50.896  10.105  -0.848 0.1000000015
87831  -51.071  9.555  -0.430 0.1000000015
87814  -49.721  9.219  0.278 0.1000000015
91347  -56.592  14.277  5.033 0.2000000030
92257  -57.460  14.485  4.088 0.2000000030
92275  -57.168  14.710  2.555 0.2000000030
126142  -57.642  14.527  3.257 0.2000000030
93131  -57.728  14.542  2.321 0.2000000030
92293  -57.941  14.560  1.682 0.2000000030
92294  -58.278  14.266  1.315 0.2000000030
91419  -58.052  14.088  -0.105 0.2000000030
93146  -58.023  14.899  1.057 0.2000000030
91400  -58.466  13.703  0.773 0.2000000030
92329  -57.604  15.129  -0.777 0.2000000030
91418  -57.360  14.213  -0.523 0.2000000030
91416  -55.432  13.702  -0.846 0.2000000030
91431  -54.095  13.382  -1.764 0.2000000030
88731  -50.292  10.172  -0.794 0.1000000015
88750  -51.256  10.554  -1.302 0.1000000015
90549  -52.468  12.147  -2.074 0.1000000015
87812  -48.022  9.843  0.377 0.1000000015
133609  -48.397  10.412  -0.258 0.1000000015
137300  -47.375  10.816  -0.609 0.1000000015
88712  -46.891  10.304  -0.000 0.1000000015
88729  -46.198  10.838  -0.745 0.1000000015
88655  -52.440  10.581  5.592 0.2000000030
88670  -52.171  10.799  4.818 0.2000000030
88654  -51.637  10.164  5.165 0.2000000030
128743  -55.282  11.861  7.311 0.2000000030
85886  -45.457  7.583  6.385 0.2000000030
88669  -51.317  10.507  4.377 0.2000000030
89577  -51.949  11.060  4.188 0.2000000030
86821  -45.061  8.094  5.914 0.2000000030
86833  -45.400  8.624  5.339 0.2000000030
86834  -46.314  8.491  5.385 0.2000000030
86847  -47.550  8.988  4.867 0.2000000030
86848  -48.427  9.119  4.802 0.2000000030
131783  -49.329  9.822  4.104 0.2000000030
88667  -49.875  10.101  3.982 0.2000000030
88668  -50.491  10.206  4.190 0.2000000030
90472  -55.755  13.320  5.984 0.2000000030
86845  -45.952  8.906  4.945 0.2000000030
87758  -46.954  9.460  4.333 0.2000000030
87759  -47.843  9.519  4.303 0.2000000030
87774  -48.816  10.017  3.775 0.2000000030
88684  -49.367  10.353  3.497 0.2000000030
88686  -50.811  10.643  3.807 0.2000000030
89589  -51.394  11.035  3.733 0.2000000030
91335  -56.241  13.926  5.466 0.2000000030
87742  -44.632  9.184  4.991 0.2000000030
87743  -45.362  9.158  4.789 0.2000000030
87757  -45.942  9.450  4.397 0.2000000030
87772  -47.280  9.978  3.783 0.2000000030
87773  -48.136  9.995  3.786 0.2000000030
88698  -49.816  10.891  2.958 0.2000000030
88685  -50.173  10.535  3.602 0.2000000030
89588  -50.702  11.088  3.213 0.2000000030
88680  -45.366  10.159  3.801 0.2000000030
87771  -46.347  9.998  3.789 0.2000000030
88683  -48.513  10.394  3.303 0.2000000030
88697  -48.959  10.804  2.789 0.2000000030
92256  -56.619  14.442  4.299 0.2000000030
130691  -45.715  10.594  3.228 0.2000000030
88681  -46.699  10.466  3.220 0.2000000030
88682  -47.636  10.424  3.248 0.2000000030
88696  -48.043  10.823  2.686 0.2000000030
88695  -47.072  10.871  2.625 0.2000000030
91443  -54.362  14.125  -2.282 0.2000000030
91442  -53.514  13.523  -2.403 0.2000000030
90550  -53.260  12.775  -1.869 0.1000000015
88749  -50.648  10.586  -1.299 0.1000000015
89673  -51.400  11.569  -2.264 0.1000000015
89674  -51.939  11.583  -2.207 0.1000000015
90566  -52.674  12.940  -2.509 0.1000000015
147142  -47.670  10.364  -0.108 0.1000000015
87827  -45.001  10.391  -0.364 0.1000000015
89571  -54.961  12.406  5.996 0.2000000030
89569  -52.981  11.348  5.291 0.2000000030
90462  -55.645  12.662  6.824 0.2000000030
90471  -55.194  13.005  5.417 0.2000000030
128309  -44.757  7.719  6.387 0.2000000030
86820  -44.313  8.179  6.129 0.2000000030
89578  -52.651  11.508  4.476 0.2000000030
91346  -55.998  14.111  4.771 0.2000000030
85854  -42.295  7.139  7.891 0.3000000119
85863  -41.954  7.906  7.633 0.3000000119
85865  -43.437  7.390  7.193 0.2000000030
85885  -44.034  7.650  6.720 0.2000000030
86819  -43.565  8.359  6.324 0.2000000030
86832  -44.512  8.645  5.579 0.2000000030
85883  -42.375  8.302  7.070 0.2000000030
86818  -42.793  8.716  6.519 0.2000000030
143976  -43.879  8.688  5.867 0.2000000030
87741  -43.770  9.296  5.376 0.2000000030
87756  -43.958  9.867  4.702 0.2000000030
88666  -44.824  9.770  4.337 0.2000000030
89590  -52.215  11.614  3.643 0.2000000030
91356  -55.851  14.209  4.008 0.2000000030
126150  -44.820  10.858  3.328 0.2000000030
91367  -55.725  14.287  3.193 0.2000000030
88694  -46.060  11.007  2.608 0.2000000030
89604  -48.471  11.312  2.158 0.2000000030
89606  -50.283  11.458  2.485 0.2000000030
130481  -56.295  14.473  3.566 0.2000000030
89603  -47.482  11.318  2.058 0.2000000030
89620  -49.959  11.944  1.707 0.2000000030
89601  -45.515  11.741  2.113 0.2000000030
89602  -46.451  11.437  2.007 0.2000000030
89618  -47.902  11.760  1.464 0.2000000030
90517  -49.290  12.335  1.048 0.2000000030
131474  -50.090  12.498  1.124 0.2000000030
89617  -46.861  11.854  1.390 0.2000000030
90516  -48.310  12.253  0.890 0.2000000030
138206  -48.730  12.743  0.296 0.2000000030
90515  -47.279  12.323  0.805 0.2000000030
90527  -47.671  12.829  0.175 0.2000000030
91393  -49.251  13.223  -0.231 0.2000000030
90526  -46.714  13.054  0.304 0.3000000119
92354  -53.792  14.258  -2.757 0.2000000030
88747  -48.540  11.049  -0.921 0.1000000015
88748  -49.805  10.781  -1.148 0.1000000015
89656  -50.241  11.224  -1.676 0.1000000015
89672  -50.640  11.674  -2.236 0.1000000015
90579  -51.520  12.976  -3.109 0.1000000015
91441  -52.191  13.132  -2.966 0.1000000015
89655  -49.176  11.525  -1.534 0.1000000015
89671  -49.681  11.941  -2.125 0.1000000015
90564  -51.086  12.254  -2.723 0.1000000015
145573  -47.430  11.308  -1.179 0.1000000015
87808  -43.544  9.719  0.538 0.1000000015
88745  -45.666  11.232  -1.462 0.1000000015
87826  -44.363  10.425  -0.344 0.1000000015
88728  -45.298  10.841  -0.964 0.1000000015
87717  -53.578  9.903  7.626 0.2000000030
145435  -53.217  10.299  6.850 0.2000000030
89559  -54.324  11.620  6.359 0.2000000030
88656  -53.329  11.045  6.126 0.2000000030
89570  -53.944  11.861  5.655 0.2000000030
89579  -53.554  12.050  4.872 0.2000000030
91334  -55.584  13.579  5.160 0.2000000030
91345  -55.427  13.669  4.396 0.2000000030
86796  -41.030  8.621  8.712 0.3000000119
86797  -41.377  8.418  8.109 0.3000000119
90479  -53.193  12.215  4.063 0.2000000030
85853  -41.519  7.481  8.246 0.3000000119
86804  -41.853  8.610  7.483 0.3000000119
90491  -52.840  12.408  3.225 0.2000000030
91355  -55.236  13.752  3.576 0.2000000030
87714  -42.093  9.220  6.971 0.4000000060
87728  -42.571  9.556  6.243 0.4000000060
87740  -42.989  9.776  5.577 0.3000000119
122388  -43.348  10.017  5.055 0.3000000119
88664  -43.419  10.728  4.591 0.5000000000
89608  -51.941  11.986  2.865 0.2000000030
90505  -52.496  12.669  2.421 0.2000000030
90506  -53.460  13.043  2.803 0.2000000030
88679  -44.154  11.165  3.670 0.2000000030
92274  -56.351  14.631  2.684 0.2000000030
90489  -44.006  11.978  3.796 0.5000000000
89587  -44.434  11.711  3.120 0.3000000119
88693  -45.139  11.317  2.751 0.3000000119
89600  -44.856  12.265  2.515 0.3000000119
90502  -45.319  12.671  1.822 0.3000000119
90514  -46.346  12.568  0.898 0.2000000030
90525  -46.089  13.278  0.618 0.4000000060
89654  -47.860  11.725  -1.633 0.1000000015
88746  -46.554  11.248  -1.235 0.1000000015
145439  -46.917  11.574  -1.600 0.1000000015
89670  -48.559  12.171  -2.098 0.1000000015
90562  -49.034  12.720  -2.596 0.1000000015
89652  -45.401  11.518  -2.221 0.1000000015
89653  -46.129  11.585  -1.877 0.1000000015
141453  -47.554  12.225  -2.276 0.1000000015
88743  -44.464  11.290  -1.953 0.1000000015
89667  -45.246  11.844  -2.989 0.1000000015
89668  -45.957  11.907  -2.623 0.1000000015
89651  -44.812  11.508  -2.483 0.1000000015
87710  -54.743  9.994  8.621 0.2000000030
88622  -55.165  10.792  8.319 0.2000000030
88621  -54.445  10.322  7.947 0.2000000030
88632  -54.904  11.091  7.631 0.2000000030
88631  -54.132  10.671  7.292 0.2000000030
88643  -53.946  11.003  6.721 0.2000000030
88644  -54.629  11.375  6.995 0.2000000030
90470  -54.479  12.549  5.204 0.2000000030
90480  -54.148  12.682  4.434 0.2000000030
90481  -54.966  13.127  4.777 0.2000000030
87713  -41.606  9.249  7.748 0.4000000060
136240  -41.831  9.892  7.418 0.4000000060
90493  -54.707  13.238  4.007 0.2000000030
88642  -42.205  10.301  6.784 0.5000000000
90492  -53.819  12.838  3.625 0.2000000030
91354  -54.399  13.395  3.185 0.2000000030
88652  -42.577  10.411  5.933 0.4000000060
89567  -42.762  11.127  5.646 0.5000000000
89568  -43.236  11.530  5.049 0.5000000000
91365  -54.027  13.564  2.365 0.2000000030
91366  -54.990  13.921  2.638 0.2000000030
89576  -43.578  11.563  4.397 0.5000000000
90477  -44.020  12.258  4.568 0.5000000000
90478  -44.839  12.898  3.995 0.5000000000
93156  -54.184  15.529  -0.295 0.2000000030
91414  -49.834  13.741  -0.693 0.2000000030
89669  -46.798  11.961  -2.127 0.1000000015
90575  -47.248  13.090  -3.555 0.1000000015
89684  -45.794  12.272  -3.430 0.1000000015
89666  -44.666  11.784  -3.225 0.1000000015
89533  -44.654  11.743  8.793 0.6999999881
90431  -44.433  12.009  7.838 0.6999999881
89531  -42.658  11.400  8.267 0.6000000238
89532  -43.325  11.810  7.636 0.6000000238
88620  -42.105  10.925  8.067 0.6000000238
89545  -42.452  11.237  7.326 0.6000000238
89546  -43.131  11.914  6.715 0.6000000238
90447  -44.201  12.313  6.973 0.6000000238
89557  -42.588  11.176  6.348 0.6000000238
90468  -43.878  12.249  5.325 0.6000000238
143749  -44.449  12.605  5.003 0.5000000000
91396  -53.249  14.178  0.930 0.2000000030
88725  -43.319  10.672  -0.743 0.1000000015
88741  -42.913  11.006  -1.565 0.2000000030
129967  -46.345  12.783  -3.902 0.1000000015
88742  -43.655  11.067  -1.524 0.2000000030
89665  -43.769  11.460  -2.942 0.2000000030
89683  -45.098  12.191  -3.876 0.1000000015
89682  -44.520  12.010  -3.882 0.2000000030
123262  -40.459  11.505  -1.788 0.1000000015
125937  -44.166  11.714  -3.488 0.2000000030
89625  -38.423  11.673  0.455 0.1000000015
89637  -38.596  12.025  -0.542 0.1000000015
89626  -39.216  11.286  0.031 0.1000000015
89638  -39.877  11.356  -0.828 0.2000000030
143657  -39.121  11.748  -0.912 0.2000000030
89639  -40.890  10.929  -0.738 0.1000000015
90540  -38.155  12.782  -1.211 0.1000000015
90541  -38.725  12.329  -1.549 0.1000000015
132048  -39.423  11.940  -1.720 0.2000000030
90548  -38.953  12.646  -2.469 0.2000000030
89647  -39.753  12.313  -2.710 0.2000000030
94831  -37.220  18.154  0.508 0.1000000015
94837  -36.562  17.379  0.543 0.1000000015
90539  -37.570  13.251  -0.719 0.1000000015
91406  -37.832  13.707  -1.883 0.1000000015
90547  -38.399  13.078  -2.219 0.1000000015
90558  -39.193  13.004  -3.107 0.2000000030
95657  -37.248  18.727  1.370 0.1000000015
95656  -36.663  18.132  1.373 0.1000000015
94838  -37.210  17.548  -0.504 0.2000000030
90557  -38.766  13.383  -2.838 0.2000000030
91437  -39.246  13.474  -3.163 0.4000000060
96510  -38.263  19.831  1.259 0.2000000030
96509  -37.707  19.319  1.505 0.2000000030
96517  -37.936  18.920  0.585 0.2000000030
95663  -37.791  18.223  -0.561 0.2000000030
92335  -38.102  14.857  -2.692 0.3000000119
91436  -38.567  14.090  -2.769 0.2000000030
144361  -38.863  14.037  -2.915 0.3000000119
101124  -46.176  25.446  -1.184 0.6000000238
101131  -45.434  25.461  -1.764 0.6000000238
97373  -38.321  20.873  1.788 0.2000000030
97379  -38.602  20.665  0.926 0.2000000030
96518  -38.478  19.721  0.202 0.2000000030
101125  -47.093  25.085  -1.724 0.5000000000
132788  -46.792  25.446  -0.752 0.4000000060
101122  -44.329  25.553  -0.962 0.6000000238
101123  -45.159  25.657  -0.389 0.5000000000
98220  -38.877  21.495  0.593 0.2000000030
98946  -39.091  23.730  -0.062 0.4000000060
137223  -39.274  21.233  -0.144 0.2000000030
97388  -38.895  20.515  -0.036 0.2000000030
100398  -49.389  24.282  -0.653 0.3000000119
100381  -49.125  24.950  0.072 0.2000000030
100397  -48.818  24.648  -0.978 0.3000000119
100367  -49.402  24.877  1.055 0.2000000030
123132  -47.825  25.052  -1.207 0.3000000119
100380  -48.109  25.315  0.128 0.2000000030
139070  -48.753  25.030  1.994 0.2000000030
100366  -48.399  25.202  1.243 0.2000000030
100396  -45.904  25.606  0.036 0.4000000060
100378  -45.625  25.487  1.060 0.4000000060
100379  -46.816  25.538  0.397 0.2000000030
100365  -47.262  25.319  1.511 0.2000000030
100364  -46.127  25.205  1.739 0.4000000060
93130  -57.380  14.863  1.782 0.2000000030
92291  -55.108  14.392  1.783 0.2000000030
93144  -57.276  15.279  0.973 0.2000000030
90528  -49.701  12.810  0.530 0.2000000030
91377  -52.842  13.651  1.407 0.2000000030
91394  -50.225  13.330  0.079 0.2000000030
92273  -55.621  14.418  2.433 0.2000000030
129747  -55.881  14.779  1.730 0.2000000030
91364  -53.079  13.332  2.037 0.2000000030
92309  -53.716  14.833  0.327 0.2000000030
92310  -55.274  15.000  0.835 0.2000000030
88726  -43.993  10.787  -0.929 0.1000000015
88755  -44.314  11.514  -2.700 0.2000000030
87825  -43.793  10.370  -0.201 0.1000000015
87809  -44.107  10.025  0.246 0.1000000015
88754  -43.979  11.307  -2.147 0.2000000030
88727  -44.589  10.896  -1.132 0.1000000015
100391  -39.395  25.104  0.332 0.3000000119
90563  -50.130  12.482  -2.665 0.1000000015
90561  -47.885  12.690  -2.755 0.1000000015
146251  -45.676  12.541  -4.183 0.1000000015
91457  -52.040  13.841  -3.426 0.1000000015
89689  -44.104  12.015  -4.342 0.2000000030
90573  -44.672  12.308  -4.660 0.2000000030
90586  -44.049  12.490  -5.390 0.2000000030
93145  -57.715  14.897  1.386 0.2000000030
93177  -58.028  15.094  0.280 0.2000000030
91433  -55.892  14.507  -1.447 0.2000000030
91417  -56.333  14.071  -0.685 0.2000000030
93157  -55.039  15.602  -0.129 0.2000000030
137960  -51.456  11.472  3.220 0.2000000030
91395  -51.175  13.558  0.384 0.2000000030
89523  -44.949  11.482  9.802 0.6000000238
92311  -56.125  15.236  0.963 0.2000000030
130908  -57.630  10.279  0.138 0.2000000030
90535  -58.429  12.357  0.621 0.2000000030
90483  -58.318  13.537  4.407 0.2000000030
134416  -58.585  12.999  0.835 0.2000000030
90534  -58.160  12.361  0.252 0.2000000030
87832  -51.705  9.331  -0.129 0.1000000015
89657  -51.003  11.035  -1.792 0.1000000015
89658  -51.609  11.097  -1.748 0.1000000015
87762  -50.830  9.850  4.833 0.2000000030
85900  -45.886  8.042  5.871 0.2000000030
86846  -46.662  8.940  4.881 0.2000000030
87760  -48.643  9.612  4.228 0.2000000030
89605  -49.408  11.355  2.277 0.2000000030
90565  -51.930  12.242  -2.669 0.1000000015
85864  -42.698  7.584  7.345 0.2000000030
85884  -43.112  7.943  6.787 0.2000000030
87729  -43.237  9.050  5.969 0.2000000030
88665  -44.051  10.506  4.158 0.3000000119
133134  -44.594  10.468  3.820 0.2000000030
89619  -48.909  11.792  1.582 0.2000000030
90529  -50.581  12.965  0.791 0.2000000030
88744  -44.989  11.190  -1.734 0.1000000015
87707  -41.250  9.205  8.472 0.3000000119
88653  -42.939  10.576  5.244 0.4000000060
88678  -43.735  11.206  4.085 0.5000000000
89616  -45.930  12.147  1.478 0.2000000030
90560  -46.734  12.445  -2.936 0.1000000015
88630  -42.000  10.508  7.550 0.4000000060
89558  -43.098  11.812  5.837 0.5000000000
91379  -54.449  13.982  1.900 0.2000000030
127633  -54.495  15.081  0.392 0.2000000030
91415  -50.807  13.953  -0.431 0.2000000030
132742  -43.546  11.640  8.555 0.6000000238
90459  -44.040  12.363  6.100 0.6000000238
91378  -53.671  13.837  1.623 0.2000000030
92290  -54.292  14.452  1.128 0.2000000030
90524  -38.053  12.507  -0.105 0.1000000015
93988  -35.886  16.834  1.084 0.1000000015
91425  -38.337  13.775  -2.578 0.2000000030
98221  -39.225  22.349  0.134 0.3000000119
98209  -38.657  22.509  0.857 0.3000000119
100351  -47.691  24.904  2.456 0.3000000119
92292  -56.726  15.030  1.635 0.2000000030
136691  -44.148  11.117  -1.533 0.1000000015
84914  -42.767  6.424  8.243 0.2000000030
129757  -41.869  6.621  8.447 0.2000000030
81978  -41.072  3.530  13.250 0.2000000030
81988  -40.490  3.662  12.626 0.2000000030
81990  -42.174  3.454  12.331 0.2000000030
82009  -41.954  3.968  10.884 0.2000000030
82994  -42.454  4.745  9.807 0.2000000030
83962  -41.902  5.282  9.351 0.2000000030
124173  -41.454  6.037  9.001 0.2000000030
137923  -37.428  4.952  15.545 0.2000000030
82907  -37.097  4.711  14.932 0.2000000030
82908  -37.980  4.577  15.070 0.2000000030
129671  -38.852  4.297  14.973 0.2000000030
82924  -37.525  4.487  14.190 0.2000000030
81966  -39.096  4.025  14.123 0.2000000030
81976  -39.601  3.842  13.529 0.2000000030
81977  -40.283  3.682  13.410 0.2000000030
82942  -37.684  4.624  13.391 0.2000000030
81986  -38.979  4.028  13.219 0.2000000030
81997  -39.933  3.964  12.109 0.2000000030
81998  -40.756  3.813  11.847 0.2000000030
82968  -41.097  4.130  11.067 0.2000000030
82966  -39.548  4.547  11.712 0.2000000030
147352  -39.678  5.456  10.851 0.2000000030
82980  -40.600  4.735  10.698 0.2000000030
82981  -41.496  4.682  10.185 0.2000000030
126367  -41.082  5.515  9.618 0.2000000030
123886  -40.168  5.334  10.496 0.2000000030
83961  -40.364  5.776  9.935 0.2000000030
84906  -40.703  6.306  9.411 0.2000000030
84913  -41.073  6.903  8.827 0.2000000030
83838  -36.758  5.655  18.997 0.1000000015
83861  -35.383  5.848  17.565 0.1000000015
122991  -35.714  5.782  16.703 0.1000000015
83870  -35.243  5.563  16.059 0.1000000015
122922  -35.939  5.446  15.916 0.1000000015
82906  -36.102  5.174  15.282 0.1000000015
143247  -36.073  5.131  14.698 0.2000000030
82923  -36.700  4.809  14.388 0.2000000030
82941  -36.915  4.809  13.722 0.2000000030
82953  -37.193  5.053  13.082 0.2000000030
82954  -37.906  4.857  12.782 0.2000000030
83933  -38.245  5.220  12.262 0.2000000030
82965  -38.891  4.938  11.999 0.2000000030
83942  -39.306  5.225  11.372 0.2000000030
83951  -39.259  5.898  10.996 0.2000000030
84898  -39.394  6.577  10.543 0.3000000119
84905  -40.015  6.503  9.921 0.3000000119
85844  -39.724  7.377  10.180 0.4000000060
86789  -40.715  8.562  9.257 0.3000000119
88619  -41.595  10.152  8.280 0.4000000060
80884  -38.000  1.996  33.266 0.1000000015
81871  -38.227  3.814  25.392 0.1000000015
128359  -37.399  4.173  25.113 0.1000000015
82855  -35.656  4.599  21.719 0.1000000015
82867  -35.742  4.754  20.765 0.1000000015
83855  -35.319  5.645  18.469 0.1000000015
83860  -34.663  5.782  18.093 0.1000000015
84844  -34.707  5.804  16.665 0.1000000015
83890  -34.616  5.661  15.687 0.1000000015
83910  -34.731  5.672  14.847 0.2000000030
83911  -35.516  5.460  14.453 0.2000000030
83922  -36.460  5.311  13.404 0.2000000030
83932  -37.568  5.432  12.524 0.2000000030
124982  -37.966  5.766  12.053 0.3000000119
84897  -38.776  6.503  11.189 0.3000000119
85840  -38.973  7.272  10.838 0.3000000119
86780  -39.241  7.917  10.688 0.3000000119
83941  -38.643  5.696  11.650 0.3000000119
86781  -39.796  8.275  10.343 0.4000000060
87693  -40.550  9.359  10.281 0.4000000060
86788  -40.309  7.984  9.637 0.4000000060
87698  -40.798  9.172  9.588 0.4000000060
87699  -41.164  9.709  9.178 0.4000000060
140765  -41.531  10.412  9.225 0.5000000000
89530  -42.059  11.023  8.941 0.5000000000
80872  -37.529  2.631  33.764 0.1000000015
81767  -36.265  3.601  32.925 0.1000000015
82718  -34.715  4.385  32.152 0.1000000015
82745  -32.457  4.230  31.104 0.1000000015
79940  -40.031  0.734  35.275 0.1000000015
80873  -38.242  2.001  34.138 0.1000000015
81757  -37.036  3.315  34.208 0.1000000015
80875  -42.844  2.627  35.929 0.1000000015
80859  -42.423  1.945  36.288 0.1000000015
81785  -39.754  3.596  31.484 0.1000000015
141699  -40.856  3.488  32.954 0.1000000015
81822  -38.148  3.891  28.769 0.1000000015
146807  -38.886  3.788  30.605 0.1000000015
81864  -37.937  3.870  26.393 0.1000000015
82800  -37.450  4.375  26.656 0.1000000015
82790  -37.547  4.378  27.454 0.1000000015
82826  -36.279  4.556  23.607 0.1000000015
82807  -36.715  4.688  25.223 0.1000000015
82799  -37.004  4.902  26.099 0.1000000015
82843  -35.255  4.832  22.665 0.1000000015
83810  -34.383  5.280  21.508 0.1000000015
83823  -34.305  5.351  20.538 0.1000000015
83854  -34.412  5.597  18.925 0.1000000015
84827  -34.324  5.917  17.471 0.1000000015
143962  -33.941  6.087  16.883 0.1000000015
132419  -33.939  5.988  16.122 0.1000000015
84865  -34.018  5.990  15.231 0.1000000015
83921  -35.743  5.624  13.762 0.2000000030
83930  -36.055  5.948  13.112 0.2000000030
84885  -36.524  6.469  12.622 0.2000000030
84891  -38.120  6.371  11.733 0.3000000119
85835  -38.332  7.163  11.469 0.3000000119
142414  -36.256  7.192  12.621 0.2000000030
134272  -37.036  7.220  12.274 0.3000000119
85834  -37.823  7.804  11.907 0.3000000119
86773  -38.633  8.043  11.306 0.3000000119
86782  -40.389  8.711  9.975 0.4000000060
86774  -39.264  8.630  10.978 0.4000000060
88612  -40.927  9.681  9.904 0.5000000000
88613  -41.290  10.198  9.939 0.5000000000
88605  -40.907  9.925  10.570 0.4000000060
89520  -41.892  10.730  9.916 0.5000000000
89521  -42.638  11.205  9.833 0.5000000000
124737  -42.855  11.413  9.056 0.5000000000
141933  -43.271  11.120  10.506 0.5000000000
89522  -43.676  11.431  9.638 0.5000000000
81756  -36.373  3.763  33.803 0.1000000015
82719  -35.192  4.592  32.846 0.1000000015
83705  -33.584  5.044  31.583 0.1000000015
79942  -42.023  1.360  36.769 0.1000000015
79928  -41.603  1.465  37.147 0.1000000015
79926  -39.452  1.399  35.808 0.1000000015
81745  -37.358  3.498  35.034 0.1000000015
82711  -36.054  4.351  34.080 0.1000000015
81759  -41.006  3.351  34.693 0.1000000015
80874  -41.938  2.643  35.867 0.1000000015
81737  -41.540  2.736  37.164 0.1000000015
80829  -40.293  2.202  37.639 0.1000000015
80843  -38.887  2.121  36.220 0.1000000015
81784  -38.933  3.881  31.275 0.1000000015
124061  -40.105  3.587  32.426 0.1000000015
81746  -40.624  3.592  34.953 0.1000000015
82766  -38.250  3.992  29.615 0.1000000015
82746  -38.056  4.733  29.857 0.1000000015
82789  -37.196  4.941  26.963 0.1000000015
83751  -37.368  5.002  27.800 0.1000000015
83739  -37.586  5.108  28.626 0.1000000015
82806  -36.028  5.121  24.726 0.1000000015
83766  -35.830  5.674  24.796 0.1000000015
84737  -35.961  6.214  25.121 0.1000000015
140931  -34.814  5.419  23.097 0.1000000015
84742  -35.431  6.185  24.327 0.1000000015
83809  -33.831  5.841  21.166 0.1000000015
83798  -34.555  5.335  22.388 0.1000000015
84767  -34.375  6.092  22.994 0.1000000015
83853  -33.646  5.977  19.034 0.1000000015
83822  -33.669  5.944  20.359 0.1000000015
84819  -33.931  5.948  18.209 0.1000000015
84843  -33.421  6.545  16.546 0.1000000015
84864  -33.494  6.552  15.653 0.1000000015
84871  -33.665  6.656  14.787 0.1000000015
84877  -33.950  6.814  14.123 0.2000000030
85820  -34.188  7.428  13.639 0.2000000030
133759  -34.995  7.077  13.307 0.2000000030
84879  -35.337  6.297  13.508 0.2000000030
85827  -36.449  7.922  12.522 0.2000000030
86764  -36.806  8.754  12.509 0.2000000030
85828  -37.138  8.062  12.259 0.2000000030
87685  -38.144  9.211  12.041 0.3000000119
146195  -38.713  9.560  11.874 0.3000000119
86772  -38.181  8.539  11.799 0.3000000119
135060  -38.701  8.930  11.545 0.4000000060
87686  -39.392  9.508  11.388 0.4000000060
87687  -40.288  9.703  11.023 0.5000000000
135417  -40.894  10.243  11.343 0.5000000000
89509  -42.517  10.860  10.696 0.5000000000
82693  -40.844  3.664  35.968 0.1000000015
81725  -40.922  2.869  37.666 0.1000000015
82732  -38.428  4.683  31.353 0.1000000015
83700  -38.565  5.216  32.039 0.1000000015
82703  -40.198  4.205  34.658 0.1000000015
83670  -40.498  4.495  35.736 0.1000000015
84695  -37.794  5.926  29.013 0.1000000015
83712  -38.167  5.121  30.638 0.1000000015
82712  -38.914  4.890  32.772 0.1000000015
84654  -39.532  6.142  33.206 0.1000000015
83750  -37.234  5.623  27.227 0.1000000015
84719  -37.401  6.441  27.485 0.1000000015
84696  -38.308  6.469  29.699 0.1000000015
84675  -38.749  6.136  31.706 0.1000000015
84684  -38.885  6.792  31.059 0.1000000015
84738  -36.610  6.195  25.860 0.1000000015
85679  -37.064  7.069  26.119 0.1000000015
84708  -37.754  6.657  28.305 0.1000000015
85662  -38.223  7.586  28.533 0.1000000015
84751  -35.179  7.254  23.804 0.1000000015
144634  -35.731  7.069  24.575 0.1000000015
85686  -36.883  7.608  25.551 0.1000000015
85680  -37.507  7.738  26.736 0.1000000015
84766  -33.888  6.829  22.302 0.1000000015
84750  -34.910  6.484  23.689 0.1000000015
144543  -35.603  7.616  24.142 0.1000000015
86635  -35.996  8.004  24.422 0.1000000015
129680  -33.515  7.058  21.420 0.1000000015
85711  -33.755  7.669  21.834 0.1000000015
86644  -34.824  7.851  23.215 0.1000000015
84802  -33.080  6.617  19.304 0.1000000015
85751  -32.884  7.210  19.913 0.1000000015
85725  -33.358  7.750  21.052 0.1000000015
84817  -32.781  7.042  18.595 0.1000000015
144323  -32.735  7.282  19.256 0.1000000015
84826  -33.498  6.410  17.480 0.1000000015
144986  -32.920  6.877  17.876 0.1000000015
85793  -32.380  7.770  16.365 0.1000000015
85807  -33.147  7.222  15.174 0.1000000015
85813  -32.957  7.844  14.793 0.2000000030
85821  -34.818  7.806  13.288 0.2000000030
87679  -36.388  9.534  12.832 0.2000000030
88594  -37.683  10.561  12.643 0.3000000119
85826  -35.596  7.704  12.940 0.2000000030
88595  -38.527  10.805  12.451 0.5000000000
88597  -40.075  11.044  12.213 0.5000000000
89491  -40.523  11.592  12.375 0.5000000000
86765  -37.589  8.657  12.177 0.2000000030
87681  -38.263  9.973  12.288 0.3000000119
88601  -39.975  10.344  11.749 0.5000000000
89500  -40.765  10.814  11.983 0.6000000238
89501  -41.565  10.773  11.588 0.5000000000
130554  -42.400  10.873  11.277 0.5000000000
127562  -43.390  10.985  11.175 0.5000000000
89510  -44.173  11.185  10.642 0.5000000000
84665  -39.347  6.531  32.366 0.1000000015
85648  -38.532  7.335  29.393 0.1000000015
132000  -39.306  7.447  30.975 0.1000000015
85672  -37.717  7.419  27.612 0.1000000015
141019  -38.170  8.175  27.889 0.1000000015
85649  -38.940  7.871  29.751 0.1000000015
86587  -39.345  8.684  29.608 0.1000000015
85687  -37.320  8.037  25.994 0.1000000015
86626  -38.361  9.186  26.912 0.1000000015
86602  -39.067  9.115  28.780 0.1000000015
87517  -39.581  9.657  29.107 0.1000000015
86656  -35.218  8.756  23.104 0.1000000015
86646  -36.157  8.770  24.154 0.1000000015
86637  -37.402  9.266  25.077 0.1000000015
87559  -37.977  9.560  25.675 0.1000000015
86672  -33.718  8.434  21.381 0.1000000015
86654  -34.179  8.388  22.123 0.1000000015
85760  -32.472  7.729  18.810 0.1000000015
86685  -32.746  8.530  19.939 0.1000000015
86721  -31.974  8.299  17.668 0.2000000030
137391  -32.174  8.181  18.378 0.1000000015
86730  -31.873  8.540  16.718 0.2000000030
122234  -32.202  7.796  17.126 0.1000000015
86740  -32.219  8.478  15.789 0.1000000015
86746  -32.658  8.487  14.991 0.2000000030
87672  -33.707  8.999  13.795 0.2000000030
86755  -34.317  8.329  13.480 0.2000000030
128176  -35.035  10.056  13.495 0.2000000030
88590  -35.910  10.343  13.217 0.2000000030
88593  -36.829  10.369  12.889 0.3000000119
89488  -37.968  11.422  12.816 0.3000000119
90399  -40.158  12.323  12.787 0.5000000000
137663  -41.976  11.968  12.347 0.5000000000
91284  -43.179  13.274  12.965 0.6000000238
91285  -44.172  13.073  12.797 0.5000000000
89490  -39.728  11.651  12.534 0.5000000000
89492  -41.363  11.398  12.163 0.5000000000
90401  -42.600  12.589  12.579 0.6000000238
90402  -43.467  12.369  12.396 0.6000000238
131631  -44.232  12.167  12.194 0.6000000238
133885  -42.204  11.242  11.858 0.5000000000
89493  -42.837  11.705  12.133 0.6000000238
89502  -45.205  11.435  11.382 0.5000000000
142129  -44.428  11.234  11.295 0.5000000000
87542  -38.754  9.809  27.338 0.1000000015
143528  -39.109  10.215  27.715 0.1000000015
86655  -34.727  8.977  22.411 0.1000000015
88469  -38.086  10.103  25.294 0.1000000015
87609  -33.098  9.217  20.211 0.1000000015
87611  -34.213  9.932  21.003 0.1000000015
88492  -34.789  10.064  21.609 0.1000000015
86705  -31.958  8.868  18.317 0.1000000015
87622  -32.620  9.280  19.559 0.1000000015
86704  -31.722  9.110  17.524 0.1000000015
87648  -31.654  9.585  16.692 0.2000000030
87660  -31.852  9.127  16.009 0.2000000030
87665  -32.314  9.318  15.276 0.2000000030
87666  -32.958  9.195  14.487 0.2000000030
136127  -33.436  9.938  14.172 0.2000000030
89489  -38.856  11.708  12.746 0.4000000060
91278  -44.723  13.736  13.462 0.5000000000
90398  -39.446  12.257  12.913 0.4000000060
87659  -31.844  9.855  15.827 0.2000000030
92169  -45.147  14.283  14.092 0.5000000000
89503  -46.013  11.510  11.187 0.5000000000
90403  -45.045  12.458  12.374 0.6000000238
89495  -44.714  11.652  11.794 0.6000000238
87706  -40.977  9.053  9.016 0.3000000119
85852  -40.859  7.872  8.820 0.2000000030
127024  -41.883  3.401  13.087 0.2000000030
81987  -39.702  3.828  12.855 0.2000000030
83893  -38.063  5.089  15.900 0.1000000015
137712  -38.652  4.751  15.568 0.2000000030
82925  -38.345  4.301  14.391 0.2000000030
82943  -38.315  4.298  13.677 0.2000000030
82956  -39.103  4.287  12.466 0.2000000030
82967  -40.286  4.297  11.394 0.2000000030
83952  -40.726  5.199  10.154 0.2000000030
85845  -40.436  7.162  9.443 0.2000000030
129359  -35.938  5.519  18.928 0.1000000015
83856  -36.346  5.933  18.176 0.1000000015
83891  -35.415  5.383  15.266 0.1000000015
82940  -36.214  5.124  14.044 0.2000000030
83931  -36.819  5.675  12.784 0.2000000030
80893  -36.558  2.626  31.504 0.1000000015
79939  -38.973  1.238  34.674 0.1000000015
143654  -36.272  4.593  21.197 0.1000000015
82842  -34.915  4.821  21.855 0.1000000015
82854  -34.946  4.808  21.095 0.1000000015
83824  -35.101  5.039  20.201 0.1000000015
83837  -35.211  5.349  19.340 0.1000000015
84872  -34.263  6.213  14.460 0.2000000030
84878  -34.565  6.591  13.824 0.2000000030
84886  -37.375  6.242  12.244 0.2000000030
80856  -37.803  2.790  34.597 0.1000000015
81755  -35.766  4.193  33.358 0.1000000015
83698  -34.516  4.935  32.237 0.1000000015
82729  -32.192  4.689  31.245 0.1000000015
79916  -41.083  1.704  37.384 0.1000000015
81770  -40.515  3.560  33.491 0.1000000015
81804  -38.831  3.707  30.040 0.1000000015
83761  -36.946  5.529  26.362 0.1000000015
82813  -35.786  4.884  24.016 0.1000000015
83835  -33.499  6.114  19.706 0.1000000015
83836  -33.964  5.652  19.713 0.1000000015
84884  -35.758  6.739  12.959 0.2000000030
145063  -37.732  6.951  11.916 0.3000000119
87692  -39.921  9.046  10.653 0.4000000060
88606  -41.647  10.434  10.811 0.5000000000
82702  -37.123  4.248  35.427 0.1000000015
80858  -42.114  2.244  37.090 0.1000000015
81736  -38.537  2.844  36.636 0.1000000015
81758  -40.140  3.783  33.975 0.1000000015
81769  -39.688  3.806  33.024 0.1000000015
83781  -35.009  5.796  23.663 0.1000000015
138968  -33.704  6.440  21.590 0.1000000015
84780  -33.487  6.497  20.904 0.1000000015
84818  -33.297  6.457  18.415 0.1000000015
85794  -32.941  7.143  16.051 0.1000000015
85814  -33.485  7.466  14.293 0.2000000030
86763  -35.965  8.658  12.849 0.2000000030
87680  -37.387  9.584  12.490 0.3000000119
83681  -39.872  4.936  34.413 0.1000000015
83706  -38.400  5.457  31.306 0.1000000015
83692  -39.356  5.288  33.434 0.1000000015
84709  -38.077  6.797  29.008 0.1000000015
85641  -38.804  7.156  30.275 0.1000000015
85685  -36.434  6.933  25.366 0.1000000015
85712  -34.199  7.664  22.599 0.1000000015
86636  -36.664  8.578  24.713 0.1000000015
85737  -32.924  7.822  20.326 0.1000000015
85736  -32.646  7.867  19.590 0.1000000015
86686  -33.229  8.466  20.647 0.1000000015
85775  -32.436  7.538  17.912 0.1000000015
85776  -32.765  7.105  17.039 0.1000000015
85806  -32.670  7.807  15.519 0.1000000015
86747  -33.202  8.345  14.278 0.2000000030
86754  -33.700  8.105  13.774 0.2000000030
86756  -35.158  8.518  13.252 0.2000000030
87673  -34.657  9.202  13.489 0.2000000030
87674  -35.533  9.391  13.226 0.2000000030
89487  -37.176  11.194  13.048 0.2000000030
88600  -39.045  10.187  12.019 0.4000000060
88596  -39.362  10.960  12.271 0.5000000000
85635  -39.692  7.562  31.537 0.1000000015
86601  -38.586  8.575  28.346 0.1000000015
86625  -37.828  8.584  26.478 0.1000000015
86588  -39.879  9.368  29.895 0.1000000015
87560  -38.531  10.098  25.976 0.1000000015
87518  -40.086  10.211  29.365 0.1000000015
87578  -35.291  9.527  22.677 0.1000000015
88475  -37.465  10.115  24.510 0.1000000015
86673  -34.303  9.222  21.661 0.1000000015
87594  -33.695  9.178  20.879 0.1000000015
122186  -32.335  8.559  19.115 0.1000000015
89482  -38.201  12.143  13.118 0.3000000119
90400  -41.092  12.359  12.627 0.5000000000
147090  -42.947  11.186  11.619 0.5000000000
89494  -43.738  11.494  11.792 0.5000000000
87552  -39.055  10.661  27.119 0.1000000015
87577  -34.890  9.609  22.126 0.1000000015
130529  -50.608  6.073  11.182 0.1000000015
83945  -50.195  5.749  11.662 0.1000000015
83934  -48.934  4.975  11.870 0.1000000015
83956  -49.999  5.822  10.870 0.1000000015
82972  -47.126  4.302  11.445 0.1000000015
82973  -48.052  4.597  11.494 0.1000000015
83943  -48.783  5.044  11.021 0.1000000015
83944  -49.495  5.396  11.356 0.1000000015
83955  -49.270  5.584  10.556 0.1000000015
84899  -49.775  6.061  10.075 0.1000000015
82971  -46.322  4.123  11.259 0.1000000015
133498  -46.834  4.354  10.981 0.1000000015
82987  -48.119  4.897  10.705 0.1000000015
83954  -48.519  5.365  10.276 0.1000000015
83970  -49.005  5.831  9.755 0.1000000015
84909  -50.363  6.461  9.589 0.1000000015
82002  -44.259  3.701  11.629 0.1000000015
82969  -44.842  3.916  11.100 0.1000000015
82970  -45.544  3.924  11.360 0.1000000015
82985  -46.509  4.467  10.532 0.1000000015
82999  -46.926  4.873  9.911 0.1000000015
83968  -47.369  5.353  9.299 0.1000000015
83969  -48.202  5.598  9.504 0.1000000015
84908  -49.567  6.273  9.210 0.1000000015
84921  -49.292  6.694  8.304 0.1000000015
82001  -43.405  3.776  11.446 0.1000000015
82011  -43.401  4.071  10.765 0.1000000015
82984  -44.580  4.266  10.389 0.1000000015
82997  -45.088  4.611  9.735 0.1000000015
83966  -45.554  5.006  9.036 0.1000000015
83967  -46.484  5.147  9.142 0.1000000015
83979  -47.839  5.868  8.745 0.1000000015
84907  -48.720  6.069  8.929 0.1000000015
85855  -50.112  7.239  8.034 0.1000000015
82983  -43.754  4.342  10.306 0.1000000015
82996  -44.174  4.679  9.712 0.1000000015
83965  -44.618  4.993  9.012 0.1000000015
83976  -45.074  5.483  8.422 0.1000000015
83977  -46.009  5.577  8.491 0.1000000015
83978  -46.942  5.701  8.588 0.1000000015
84919  -47.435  6.227  8.052 0.1000000015
84932  -47.913  6.762  7.540 0.1000000015
84933  -48.674  6.906  7.680 0.1000000015
85870  -49.396  7.377  7.411 0.1000000015
82995  -43.310  4.757  9.730 0.1000000015
83963  -42.812  5.242  9.209 0.1000000015
83974  -43.242  5.741  8.635 0.1000000015
83975  -44.154  5.575  8.487 0.1000000015
84916  -44.611  6.078  7.897 0.1000000015
84930  -45.862  6.498  7.517 0.1000000015
84931  -47.074  6.664  7.448 0.1000000015
85869  -48.410  7.371  6.991 0.1000000015
85890  -49.135  7.880  6.636 0.1000000015
85891  -49.883  7.967  6.896 0.1000000015
83973  -42.318  5.852  8.760 0.1000000015
84928  -44.139  6.842  7.381 0.1000000015
84929  -45.133  6.558  7.376 0.1000000015
84944  -45.820  7.013  6.972 0.1000000015
85867  -46.705  7.076  6.908 0.1000000015
85868  -47.509  7.164  6.964 0.1000000015
142955  -47.797  7.634  6.538 0.1000000015
85889  -48.358  7.996  6.295 0.1000000015
141286  -49.627  8.318  6.370 0.1000000015
84927  -43.167  6.922  7.669 0.1000000015
85866  -44.889  7.204  6.856 0.1000000015
85887  -46.292  7.537  6.400 0.1000000015
85901  -46.732  8.030  5.918 0.1000000015
85902  -47.560  8.067  6.039 0.1000000015
86822  -49.037  8.387  5.981 0.1000000015
86837  -49.809  8.802  5.810 0.1000000015
86835  -47.175  8.491  5.423 0.1000000015
87744  -49.678  9.195  5.135 0.1000000015
86849  -49.203  9.340  4.665 0.1000000015
84892  -50.945  6.216  11.944 0.1000000015
82960  -48.327  4.680  12.487 0.1000000015
128827  -49.055  5.169  12.740 0.1000000015
83936  -50.343  5.772  12.474 0.1000000015
84893  -51.625  6.629  11.815 0.1000000015
125102  -46.689  4.063  11.947 0.1000000015
82947  -47.818  4.430  13.173 0.1000000015
84894  -52.249  7.045  12.188 0.1000000015
84901  -51.322  6.417  11.017 0.1000000015
81993  -45.234  3.658  12.549 0.1000000015
82957  -45.905  3.846  12.096 0.1000000015
84910  -51.176  6.632  9.998 0.1000000015
82003  -45.046  3.693  11.850 0.1000000015
84922  -50.182  6.755  8.762 0.1000000015
85856  -50.693  7.225  8.483 0.1000000015
85872  -50.853  7.769  7.905 0.1000000015
82982  -43.003  4.404  10.316 0.1000000015
86823  -50.270  8.493  6.492 0.1000000015
87745  -50.342  9.348  5.334 0.1000000015
87730  -50.662  9.045  6.052 0.1000000015
87761  -49.978  9.653  4.576 0.1000000015
83925  -50.694  6.190  13.785 0.1000000015
84887  -50.929  6.191  12.906 0.1000000015
85829  -52.151  6.976  13.109 0.1000000015
85830  -52.784  7.388  12.792 0.1000000015
83923  -49.229  5.333  13.563 0.1000000015
135684  -49.790  5.491  12.980 0.1000000015
85836  -52.866  7.492  12.099 0.1000000015
128159  -46.042  3.968  13.915 0.1000000015
82933  -46.645  4.280  14.377 0.1000000015
82934  -47.439  4.529  14.429 0.1000000015
126351  -47.316  4.257  13.776 0.1000000015
82948  -48.531  4.879  13.361 0.1000000015
85842  -52.681  7.207  11.492 0.1000000015
84902  -52.098  6.799  11.327 0.1000000015
81981  -44.106  3.610  13.281 0.1000000015
81982  -44.924  3.610  13.231 0.1000000015
82945  -45.818  3.805  13.129 0.1000000015
147649  -47.172  4.133  13.083 0.1000000015
85841  -52.076  6.891  10.454 0.1000000015
128341  -43.774  3.593  12.113 0.1000000015
81992  -44.438  3.577  12.474 0.1000000015
85847  -51.732  7.140  9.455 0.1000000015
82000  -42.507  3.693  11.563 0.1000000015
85857  -51.361  7.458  8.647 0.1000000015
127176  -42.330  4.325  10.377 0.1000000015
86798  -51.725  8.104  8.177 0.1000000015
86824  -51.033  8.712  6.721 0.1000000015
85004  -55.673  6.577  -0.727 0.1000000015
88582  -56.107  10.849  15.103 0.1000000015
84868  -51.169  6.723  15.088 0.1000000015
85816  -52.392  7.494  14.586 0.1000000015
134379  -53.276  7.799  14.128 0.1000000015
86757  -54.060  8.133  13.710 0.1000000015
83906  -49.970  5.956  14.979 0.1000000015
83915  -50.166  5.907  14.316 0.1000000015
84874  -51.250  6.699  14.267 0.1000000015
134579  -51.871  7.156  13.935 0.1000000015
85823  -53.376  7.693  13.239 0.1000000015
83905  -49.194  5.723  15.241 0.1000000015
83914  -49.424  5.583  14.397 0.1000000015
83924  -49.974  5.676  13.713 0.1000000015
85831  -53.416  7.732  12.405 0.1000000015
82916  -46.210  4.592  15.204 0.1000000015
82917  -47.107  4.723  15.113 0.1000000015
83912  -48.008  4.984  14.823 0.1000000015
141743  -48.729  5.407  14.806 0.1000000015
83913  -48.670  5.105  14.164 0.1000000015
81971  -43.780  3.786  14.007 0.1000000015
82932  -45.743  4.175  14.567 0.1000000015
85837  -53.445  7.620  11.491 0.1000000015
127979  -52.954  7.314  10.696 0.1000000015
85848  -52.561  7.478  9.769 0.1000000015
127426  -42.586  3.472  12.948 0.1000000015
85858  -52.177  7.750  8.916 0.1000000015
81999  -41.616  3.685  11.652 0.1000000015
86799  -52.582  8.431  8.455 0.1000000015
86807  -52.203  8.700  7.693 0.1000000015
87715  -51.858  8.969  6.961 0.1000000015
87746  -51.146  9.572  5.585 0.1000000015
85938  -56.518  7.553  0.449 0.1000000015
85948  -56.141  7.326  -0.640 0.1000000015
85009  -55.306  6.500  -1.161 0.1000000015
85952  -55.628  7.247  -0.985 0.1000000015
74983  -52.957  -4.863  19.203 0.1000000015
126060  -53.037  -4.056  19.159 0.1000000015
75859  -53.115  -3.438  19.149 0.1000000015
76691  -53.754  -2.522  19.584 0.1000000015
130291  -54.201  -1.819  19.794 0.1000000015
77518  -54.619  -1.212  20.131 0.1000000015
80097  -55.902  1.952  21.234 0.1000000015
81003  -56.944  2.516  20.826 0.1000000015
82874  -57.631  4.161  20.883 0.1000000015
83833  -57.209  5.663  20.768 0.1000000015
85749  -56.776  7.508  20.216 0.1000000015
78359  -54.395  -0.533  19.816 0.1000000015
80096  -55.122  1.360  20.686 0.1000000015
87639  -56.797  9.512  18.766 0.1000000015
88544  -56.819  10.392  19.320 0.1000000015
83817  -48.105  6.096  21.238 0.1000000015
89438  -56.802  11.312  18.880 0.1000000015
84785  -48.507  6.726  21.991 0.1000000015
85788  -51.198  7.695  17.225 0.1000000015
85796  -50.721  7.107  16.713 0.1000000015
86732  -52.756  8.275  16.607 0.1000000015
86733  -53.504  8.735  16.347 0.1000000015
84772  -48.751  6.492  23.158 0.1000000015
85797  -51.529  7.357  16.413 0.1000000015
85809  -52.530  7.671  15.418 0.1000000015
87649  -54.177  9.270  16.057 0.1000000015
87662  -55.449  10.339  15.539 0.1000000015
85795  -49.877  6.907  17.018 0.1000000015
84857  -51.046  6.800  15.934 0.1000000015
85810  -53.177  7.940  15.048 0.1000000015
86743  -54.397  9.112  15.360 0.1000000015
87682  -56.220  9.515  12.395 0.1000000015
84866  -49.717  6.117  15.758 0.1000000015
128457  -54.870  8.490  13.293 0.1000000015
84853  -47.626  6.099  16.950 0.1000000015
84854  -48.490  6.228  16.788 0.1000000015
84855  -49.389  6.391  16.533 0.1000000015
86766  -54.097  8.030  12.818 0.1000000015
83902  -46.694  5.046  15.852 0.1000000015
83882  -48.038  5.651  16.289 0.1000000015
83904  -48.406  5.460  15.485 0.1000000015
129698  -54.114  8.096  11.943 0.1000000015
82914  -44.288  4.370  15.254 0.1000000015
82915  -45.297  4.458  15.287 0.1000000015
83901  -45.784  4.970  15.907 0.1000000015
86784  -55.005  8.755  10.537 0.1000000015
89515  -58.052  12.924  10.919 0.1000000015
82912  -42.500  4.578  15.529 0.1000000015
82929  -42.771  4.156  14.923 0.1000000015
82930  -43.562  4.096  14.733 0.1000000015
82931  -44.913  4.007  14.630 0.1000000015
86783  -54.137  8.288  10.243 0.1000000015
143820  -42.000  4.220  15.118 0.1000000015
81969  -42.223  3.862  14.422 0.1000000015
81979  -42.446  3.608  13.642 0.1000000015
86790  -53.013  8.126  9.208 0.1000000015
86791  -53.804  8.547  9.480 0.1000000015
88624  -58.820  11.339  8.195 0.1000000015
88633  -58.848  10.828  7.521 0.1000000015
86800  -53.454  8.806  8.725 0.1000000015
88645  -58.187  11.494  6.409 0.1000000015
87733  -57.985  10.602  6.582 0.1000000015
87716  -52.671  9.446  7.300 0.1000000015
88658  -57.655  11.433  5.900 0.1000000015
88657  -56.947  11.283  5.250 0.1000000015
87784  -56.450  9.525  2.118 0.1000000015
85939  -56.896  8.242  0.526 0.1000000015
85949  -56.635  8.025  -0.406 0.1000000015
73066  -55.128  -6.183  23.686 0.1000000015
72181  -55.118  -7.231  23.678 0.1000000015
72182  -55.877  -6.703  23.781 0.1000000015
72165  -56.634  -7.844  23.659 0.1000000015
70432  -56.238  -8.650  22.130 0.1000000015
71285  -55.262  -8.118  21.314 0.1000000015
74004  -52.832  -5.205  23.277 0.1000000015
74931  -52.588  -4.287  23.440 0.1000000015
71288  -53.238  -7.877  19.707 0.1000000015
135936  -51.335  -2.486  23.118 0.1000000015
74068  -52.902  -5.734  19.264 0.1000000015
76665  -50.943  -2.090  22.715 0.1000000015
75846  -53.555  -3.678  19.586 0.1000000015
129076  -54.027  -3.140  20.014 0.1000000015
79218  -50.129  0.798  21.112 0.1000000015
80094  -50.314  1.645  20.835 0.1000000015
80093  -49.787  1.205  20.363 0.1000000015
80102  -50.033  2.027  20.016 0.1000000015
78360  -54.903  -0.676  20.584 0.1000000015
81924  -49.856  3.165  19.109 0.1000000015
78350  -55.079  -0.035  21.156 0.1000000015
82864  -57.428  3.722  21.736 0.1000000015
140281  -57.312  4.950  21.110 0.1000000015
86695  -56.689  8.544  20.120 0.1000000015
82890  -49.252  4.426  18.676 0.1000000015
83843  -48.584  5.712  19.432 0.1000000015
79219  -54.968  0.577  20.785 0.1000000015
87629  -56.727  9.440  19.702 0.1000000015
88531  -56.724  10.225  20.142 0.1000000015
88543  -56.743  11.098  19.982 0.1000000015
84795  -48.630  6.667  20.731 0.1000000015
90359  -56.432  12.109  18.250 0.1000000015
126803  -56.246  12.214  19.284 0.1000000015
147027  -52.479  8.492  17.273 0.1000000015
90352  -56.071  12.383  18.839 0.1000000015
84757  -49.367  7.113  23.660 0.1000000015
85696  -49.495  8.039  24.707 0.1000000015
86640  -48.959  8.751  24.624 0.1000000015
85787  -50.320  7.519  17.447 0.1000000015
84840  -48.963  6.795  17.275 0.1000000015
85786  -49.415  7.431  17.661 0.1000000015
83881  -47.171  5.535  16.428 0.1000000015
84839  -48.060  6.762  17.386 0.1000000015
83900  -44.839  4.887  15.939 0.1000000015
83879  -45.341  5.472  16.467 0.1000000015
83880  -46.271  5.486  16.484 0.1000000015
82913  -43.312  4.507  15.431 0.1000000015
83899  -43.860  4.926  15.954 0.1000000015
83878  -44.364  5.483  16.454 0.1000000015
128253  -58.348  12.994  8.836 0.1000000015
82911  -41.222  4.424  15.387 0.1000000015
83898  -42.942  4.968  16.021 0.1000000015
87700  -54.243  9.254  9.008 0.1000000015
89538  -58.527  12.522  8.307 0.1000000015
89562  -58.483  12.025  6.684 0.1000000015
82927  -40.584  3.997  14.827 0.1000000015
87709  -53.911  9.573  8.330 0.1000000015
89561  -58.137  12.303  5.880 0.1000000015
88672  -57.597  12.028  5.061 0.1000000015
88671  -56.950  11.678  4.301 0.1000000015
90482  -58.179  12.787  4.840 0.1000000015
89580  -57.570  12.336  4.019 0.1000000015
89591  -57.162  11.758  3.228 0.1000000015
88699  -57.161  10.997  2.440 0.1000000015
89592  -57.714  12.292  2.922 0.1000000015
87785  -57.267  10.085  1.639 0.1000000015
86870  -57.054  9.020  1.116 0.1000000015
86884  -57.535  9.551  0.734 0.1000000015
86883  -57.219  8.708  0.117 0.1000000015
133475  -54.261  9.971  0.512 0.1000000015
147653  -56.811  8.475  -0.436 0.1000000015
142247  -56.030  7.725  -0.957 0.1000000015
88736  -56.469  9.730  -0.359 0.1000000015
87819  -55.833  9.123  -0.553 0.1000000015
85953  -56.324  8.276  -0.782 0.1000000015
72164  -56.242  -7.137  23.692 0.1000000015
71283  -56.930  -8.099  22.498 0.1000000015
72202  -56.764  -7.284  22.337 0.1000000015
138908  -54.473  -5.881  23.598 0.1000000015
73053  -55.701  -5.670  23.865 0.1000000015
71282  -56.145  -7.838  21.876 0.1000000015
72201  -56.185  -7.118  21.866 0.1000000015
74932  -53.735  -4.614  23.740 0.1000000015
74933  -54.668  -4.507  24.214 0.1000000015
71284  -54.652  -7.794  20.720 0.1000000015
73113  -55.652  -6.539  21.510 0.1000000015
75817  -53.310  -3.620  23.752 0.1000000015
72208  -54.042  -7.431  20.174 0.1000000015
75816  -52.245  -3.408  23.558 0.1000000015
75805  -53.019  -2.739  23.721 0.1000000015
73115  -53.538  -6.144  19.699 0.1000000015
76656  -52.005  -2.593  23.564 0.1000000015
76646  -52.866  -1.911  23.703 0.1000000015
76645  -51.803  -1.769  23.388 0.1000000015
75847  -54.197  -3.898  20.182 0.1000000015
76692  -54.540  -2.454  20.230 0.1000000015
77479  -51.305  -1.406  22.876 0.1000000015
78331  -51.351  -0.337  22.694 0.1000000015
80084  -50.723  1.217  21.532 0.1000000015
139511  -54.807  -1.784  20.408 0.1000000015
77519  -55.107  -1.359  20.876 0.1000000015
81001  -50.599  2.451  20.440 0.1000000015
81010  -50.248  2.851  19.663 0.1000000015
80996  -56.849  1.956  21.622 0.1000000015
81914  -57.515  2.961  21.584 0.1000000015
83819  -57.114  4.638  21.914 0.1000000015
144762  -56.723  6.361  21.308 0.1000000015
85748  -56.516  8.447  21.205 0.1000000015
81939  -49.651  3.716  18.775 0.1000000015
83844  -49.728  5.593  19.067 0.1000000015
84808  -49.775  6.312  19.432 0.1000000015
87619  -56.620  9.478  20.644 0.1000000015
84807  -48.909  6.382  19.760 0.1000000015
84796  -49.323  7.008  20.223 0.1000000015
85741  -49.690  7.609  20.882 0.1000000015
88530  -56.500  10.590  20.959 0.1000000015
89426  -56.275  11.741  20.721 0.1000000015
84773  -49.057  7.224  22.681 0.1000000015
84786  -48.973  7.306  21.450 0.1000000015
86724  -51.740  8.457  17.764 0.1000000015
87645  -53.993  9.490  16.868 0.1000000015
87650  -54.682  9.973  16.476 0.1000000015
131339  -55.825  12.389  19.991 0.1000000015
85715  -49.515  7.735  23.235 0.1000000015
85729  -49.355  7.827  22.125 0.1000000015
86725  -52.683  9.175  17.908 0.1000000015
87638  -53.277  9.991  18.337 0.1000000015
88557  -54.188  10.266  17.907 0.1000000015
86650  -49.636  8.530  24.339 0.1000000015
86723  -50.753  8.165  17.971 0.1000000015
87636  -51.508  9.596  18.899 0.1000000015
87571  -47.121  9.269  22.973 0.1000000015
86639  -48.249  8.531  24.488 0.1000000015
87564  -49.261  9.283  24.246 0.1000000015
86715  -51.120  8.895  18.438 0.1000000015
87628  -51.062  10.125  19.526 0.1000000015
86708  -44.648  8.726  18.881 0.1000000015
86700  -45.077  9.230  19.450 0.1000000015
87613  -45.550  9.428  20.630 0.1000000015
87579  -46.333  9.346  22.006 0.1000000015
87572  -47.867  9.508  23.286 0.1000000015
87573  -48.671  9.801  23.641 0.1000000015
86714  -50.230  8.676  18.525 0.1000000015
87635  -50.606  9.394  19.004 0.1000000015
85770  -49.031  7.983  18.225 0.1000000015
86713  -49.500  8.494  18.508 0.1000000015
84836  -45.310  6.708  17.445 0.1000000015
84837  -46.277  6.699  17.450 0.1000000015
84838  -47.183  6.722  17.437 0.1000000015
85784  -47.609  7.433  17.842 0.1000000015
85769  -48.081  8.149  18.354 0.1000000015
84847  -42.013  6.131  17.040 0.1000000015
84833  -42.477  6.765  17.558 0.1000000015
84849  -43.881  6.101  16.967 0.1000000015
84850  -44.863  6.089  16.935 0.1000000015
84851  -45.820  6.040  17.007 0.1000000015
134459  -58.421  12.988  9.333 0.1000000015
83895  -39.944  5.106  16.163 0.1000000015
83875  -41.524  5.473  16.449 0.1000000015
83877  -43.404  5.516  16.474 0.1000000015
88614  -55.358  10.509  9.014 0.1000000015
90453  -58.244  13.051  8.041 0.1000000015
89548  -58.465  12.669  7.314 0.1000000015
82910  -40.291  4.506  15.502 0.1000000015
137054  -58.378  12.935  6.499 0.1000000015
90473  -58.331  13.208  5.683 0.1000000015
144815  -58.353  13.376  5.093 0.1000000015
87820  -57.409  9.616  -0.097 0.1000000015
87834  -57.282  10.010  -0.226 0.1000000015
87833  -56.962  9.354  -0.446 0.1000000015
73054  -56.123  -6.166  23.675 0.1000000015
73055  -56.425  -6.127  23.370 0.1000000015
73086  -56.717  -6.407  22.686 0.1000000015
73994  -56.032  -5.095  23.969 0.1000000015
73995  -56.274  -5.341  23.621 0.1000000015
74044  -55.570  -5.641  21.468 0.1000000015
74922  -54.256  -3.821  24.317 0.1000000015
75806  -53.879  -2.960  24.375 0.1000000015
72204  -54.825  -6.969  20.744 0.1000000015
73112  -54.908  -6.083  20.831 0.1000000015
74950  -56.004  -4.453  22.065 0.1000000015
134437  -53.550  -2.219  24.286 0.1000000015
73116  -54.185  -6.562  20.191 0.1000000015
74043  -54.960  -5.185  20.793 0.1000000015
75839  -55.587  -3.854  21.464 0.1000000015
136052  -55.655  -2.967  21.615 0.1000000015
78310  -52.886  -0.307  23.739 0.1000000015
79190  -53.003  0.408  23.724 0.1000000015
74960  -54.984  -4.270  20.754 0.1000000015
75838  -54.988  -3.237  20.683 0.1000000015
76674  -55.659  -2.228  22.039 0.1000000015
77468  -52.835  -1.074  23.757 0.1000000015
78322  -52.054  -0.111  23.215 0.1000000015
79189  -52.316  0.853  23.164 0.1000000015
77500  -55.573  -1.405  22.664 0.1000000015
132945  -55.393  -0.848  22.207 0.1000000015
77480  -51.992  -0.889  23.389 0.1000000015
79201  -51.593  0.412  22.716 0.1000000015
80075  -51.752  1.198  22.545 0.1000000015
76683  -55.269  -2.209  21.046 0.1000000015
77508  -55.428  -1.500  21.730 0.1000000015
78341  -55.517  -0.311  22.912 0.1000000015
79212  -55.657  0.581  22.603 0.1000000015
80988  -51.926  2.008  22.385 0.1000000015
81002  -51.204  2.864  20.891 0.1000000015
78361  -55.227  -0.756  21.456 0.1000000015
78351  -55.278  -0.051  22.103 0.1000000015
80079  -57.250  1.962  22.524 0.1000000015
123088  -57.224  3.228  22.556 0.1000000015
80095  -50.917  2.058  21.250 0.1000000015
123990  -50.902  3.258  19.992 0.1000000015
81926  -51.198  4.139  19.660 0.1000000015
82881  -50.733  4.749  19.102 0.1000000015
80086  -56.091  1.360  22.161 0.1000000015
80990  -57.456  2.465  22.034 0.1000000015
82852  -56.859  4.204  22.706 0.1000000015
84788  -56.375  6.721  22.063 0.1000000015
86682  -56.297  8.761  21.954 0.1000000015
81925  -50.379  3.755  19.234 0.1000000015
81940  -50.004  4.326  18.852 0.1000000015
83845  -50.413  5.549  19.068 0.1000000015
84809  -50.740  6.307  19.375 0.1000000015
84797  -50.201  7.050  19.866 0.1000000015
85730  -49.944  8.250  21.567 0.1000000015
87618  -56.383  9.532  21.528 0.1000000015
86677  -49.755  8.342  22.731 0.1000000015
89433  -53.130  11.688  20.422 0.1000000015
90353  -56.144  12.203  20.140 0.1000000015
135124  -49.736  8.383  23.742 0.1000000015
86660  -50.155  8.944  23.257 0.1000000015
87637  -52.370  9.768  18.676 0.1000000015
88541  -52.510  11.088  19.820 0.1000000015
88542  -53.454  11.220  19.530 0.1000000015
88550  -54.702  11.053  18.358 0.1000000015
123833  -49.961  8.895  23.882 0.1000000015
87574  -50.771  9.875  24.139 0.1000000015
88547  -51.974  10.332  19.330 0.1000000015
88524  -47.148  9.999  21.400 0.1000000015
88495  -47.230  9.951  21.942 0.1000000015
87582  -48.150  10.107  22.834 0.1000000015
87565  -49.969  9.748  24.300 0.1000000015
88540  -51.555  10.923  20.052 0.1000000015
130539  -46.172  9.677  20.301 0.1000000015
87596  -46.637  9.688  21.666 0.1000000015
87627  -50.115  9.960  19.626 0.1000000015
88539  -50.595  10.698  20.207 0.1000000015
86709  -45.585  8.774  18.844 0.1000000015
143563  -48.109  8.841  18.837 0.1000000015
87634  -48.591  9.293  19.218 0.1000000015
87626  -49.155  9.906  19.710 0.1000000015
86712  -48.813  8.649  18.673 0.1000000015
138221  -49.578  9.183  19.027 0.1000000015
85781  -44.799  7.402  17.892 0.1000000015
85766  -45.197  8.084  18.361 0.1000000015
85782  -45.772  7.383  17.882 0.1000000015
85783  -46.705  7.391  17.868 0.1000000015
85768  -47.096  8.044  18.363 0.1000000015
90427  -57.449  13.129  9.217 0.1000000015
147707  -57.068  12.793  9.532 0.1000000015
89537  -56.775  12.748  8.887 0.1000000015
84834  -43.404  6.735  17.494 0.1000000015
84835  -44.349  6.720  17.455 0.1000000015
88623  -55.735  11.369  8.791 0.1000000015
90438  -58.152  13.084  8.674 0.1000000015
90437  -57.781  13.209  8.712 0.1000000015
83876  -42.490  5.534  16.484 0.1000000015
84848  -42.941  6.125  16.990 0.1000000015
89535  -55.505  11.626  8.042 0.1000000015
90463  -58.239  13.308  7.215 0.1000000015
91301  -57.879  13.289  8.022 0.1000000015
91300  -57.535  13.325  8.106 0.1000000015
91312  -57.945  13.533  7.246 0.1000000015
91311  -57.549  13.554  7.455 0.1000000015
133047  -58.140  13.670  6.379 0.1000000015
91325  -57.708  13.835  6.689 0.1000000015
91337  -57.940  14.102  5.927 0.1000000015
74019  -56.523  -5.621  22.759 0.1000000015
74923  -55.110  -3.987  24.466 0.1000000015
73102  -56.089  -6.039  21.976 0.1000000015
74951  -56.304  -5.074  22.466 0.1000000015
76647  -54.389  -2.123  24.793 0.1000000015
75830  -56.314  -4.117  22.561 0.1000000015
75829  -56.021  -3.554  22.146 0.1000000015
77469  -53.625  -1.364  24.568 0.1000000015
138821  -55.977  -2.830  22.266 0.1000000015
76666  -55.966  -2.295  22.700 0.1000000015
128576  -55.535  -0.874  23.302 0.1000000015
78332  -55.655  -0.098  23.652 0.1000000015
127531  -53.146  1.038  23.716 0.1000000015
79192  -55.936  0.479  24.244 0.1000000015
79193  -56.411  1.088  24.272 0.1000000015
136157  -52.575  2.239  22.960 0.1000000015
80994  -51.571  2.452  21.689 0.1000000015
79202  -55.782  0.425  23.237 0.1000000015
80068  -56.702  1.559  23.833 0.1000000015
81899  -56.180  3.331  24.116 0.1000000015
81918  -51.542  3.644  20.473 0.1000000015
82872  -51.856  4.335  20.155 0.1000000015
80069  -57.015  2.112  23.286 0.1000000015
81907  -56.561  3.772  23.430 0.1000000015
83806  -55.957  5.349  22.946 0.1000000015
84775  -56.068  6.921  22.403 0.1000000015
82882  -51.729  5.017  19.596 0.1000000015
83846  -51.961  5.771  19.510 0.1000000015
84776  -56.207  6.048  22.549 0.1000000015
87602  -56.097  9.437  22.010 0.1000000015
85753  -51.068  7.076  19.697 0.1000000015
88513  -56.077  11.328  21.468 0.1000000015
86690  -50.880  8.527  21.105 0.1000000015
90325  -55.068  12.487  21.730 0.1000000015
89409  -55.636  12.034  21.560 0.1000000015
90326  -55.711  12.317  20.905 0.1000000015
86662  -50.973  9.352  22.665 0.1000000015
86678  -50.285  8.838  22.180 0.1000000015
89425  -53.711  12.338  21.050 0.1000000015
122213  -54.141  12.689  21.744 0.1000000015
90339  -55.220  12.554  20.990 0.1000000015
88479  -50.984  10.751  24.259 0.1000000015
89424  -52.926  12.126  21.214 0.1000000015
89441  -54.385  11.405  19.215 0.1000000015
89435  -54.868  12.124  19.717 0.1000000015
90338  -54.584  12.510  20.816 0.1000000015
88497  -49.215  11.033  22.717 0.1000000015
88485  -49.826  10.933  23.560 0.1000000015
87566  -50.516  9.902  24.231 0.1000000015
89432  -52.109  11.736  20.713 0.1000000015
87614  -47.084  9.971  20.669 0.1000000015
122653  -48.458  10.680  22.319 0.1000000015
88477  -49.520  10.104  23.973 0.1000000015
89423  -51.527  11.978  21.374 0.1000000015
88529  -51.073  11.439  20.793 0.1000000015
126963  -46.846  9.672  19.826 0.1000000015
123909  -46.381  9.769  21.047 0.1000000015
88538  -49.659  10.584  20.302 0.1000000015
86701  -46.049  9.345  19.476 0.1000000015
87633  -47.650  9.374  19.373 0.1000000015
127795  -48.250  9.908  19.855 0.1000000015
85767  -46.168  8.044  18.367 0.1000000015
86711  -47.398  8.726  18.799 0.1000000015
89525  -56.515  11.983  9.288 0.1000000015
89536  -56.154  12.153  8.481 0.1000000015
90436  -57.192  13.230  8.515 0.1000000015
90435  -56.586  12.831  8.122 0.1000000015
90452  -57.039  13.413  7.781 0.1000000015
89547  -55.885  12.404  7.709 0.1000000015
90451  -56.397  13.098  7.346 0.1000000015
91310  -56.993  13.752  6.941 0.1000000015
136103  -56.273  13.367  6.664 0.1000000015
91323  -56.602  13.855  6.162 0.1000000015
91324  -57.343  14.151  6.184 0.1000000015
74925  -56.255  -4.459  23.817 0.1000000015
75809  -56.094  -3.522  24.033 0.1000000015
74942  -56.487  -4.741  22.911 0.1000000015
141993  -55.798  -2.765  24.122 0.1000000015
75818  -56.325  -3.666  23.638 0.1000000015
76649  -55.644  -2.055  24.127 0.1000000015
76650  -56.023  -2.791  23.829 0.1000000015
76675  -56.318  -3.098  22.733 0.1000000015
76632  -54.423  -1.271  25.086 0.1000000015
77453  -55.321  -0.869  24.826 0.1000000015
77470  -55.516  -1.257  24.275 0.1000000015
130754  -55.562  -0.938  23.723 0.1000000015
78311  -53.463  -0.473  24.519 0.1000000015
78289  -53.975  0.097  25.096 0.1000000015
143242  -53.965  0.693  24.920 0.1000000015
79160  -54.655  0.657  25.198 0.1000000015
130228  -55.635  0.305  24.734 0.1000000015
80052  -55.930  2.022  25.062 0.1000000015
80968  -55.395  2.515  24.726 0.1000000015
79175  -53.483  0.250  24.467 0.1000000015
79191  -53.680  0.977  24.382 0.1000000015
79176  -54.293  1.266  24.886 0.1000000015
81884  -55.598  3.121  24.387 0.1000000015
81898  -55.463  3.758  23.939 0.1000000015
80076  -52.850  1.597  23.375 0.1000000015
80979  -53.450  2.285  23.590 0.1000000015
80067  -54.215  2.333  24.245 0.1000000015
80980  -54.050  3.033  23.695 0.1000000015
82834  -55.662  4.452  23.413 0.1000000015
82850  -55.477  4.987  23.040 0.1000000015
80995  -52.329  2.873  22.281 0.1000000015
81912  -52.569  3.646  21.819 0.1000000015
82831  -53.846  3.715  23.145 0.1000000015
82848  -54.099  4.410  22.790 0.1000000015
140767  -55.820  5.883  22.715 0.1000000015
85731  -55.811  7.601  22.098 0.1000000015
86681  -56.091  8.385  22.238 0.1000000015
122925  -52.561  4.858  20.434 0.1000000015
82873  -53.422  5.023  21.232 0.1000000015
86663  -56.108  8.551  22.188 0.1000000015
87601  -55.982  9.340  22.104 0.1000000015
85754  -51.921  7.082  19.623 0.1000000015
84811  -52.595  6.420  19.620 0.1000000015
84812  -53.293  7.162  19.820 0.1000000015
130405  -55.707  10.356  21.841 0.1000000015
131792  -52.178  7.701  19.893 0.1000000015
86691  -52.051  8.483  20.526 0.1000000015
86692  -53.133  8.734  20.529 0.1000000015
86679  -51.491  9.146  21.551 0.1000000015
86680  -52.516  9.306  21.276 0.1000000015
88512  -55.468  11.393  21.932 0.1000000015
88486  -50.727  11.084  24.064 0.1000000015
87583  -51.554  10.111  23.584 0.1000000015
90337  -53.291  12.759  21.990 0.1000000015
127303  -53.350  13.091  23.035 0.1000000015
89392  -49.109  11.295  22.148 0.1000000015
89393  -49.861  11.409  22.784 0.1000000015
89383  -51.175  11.600  23.877 0.1000000015
90309  -52.363  12.516  23.952 0.1000000015
89406  -51.609  12.333  22.090 0.1000000015
87625  -47.512  9.923  20.031 0.1000000015
88525  -47.825  10.419  21.241 0.1000000015
89404  -49.999  11.569  22.127 0.1000000015
89405  -50.996  11.966  22.365 0.1000000015
89407  -52.289  12.399  21.645 0.1000000015
88536  -47.956  10.306  20.582 0.1000000015
88526  -48.532  10.842  21.116 0.1000000015
89421  -49.783  11.419  21.495 0.1000000015
89422  -50.687  11.732  21.616 0.1000000015
88528  -50.127  11.226  20.905 0.1000000015
141149  -46.886  9.196  19.234 0.1000000015
88537  -48.763  10.501  20.413 0.1000000015
87643  -31.643  9.839  17.473 0.1000000015
88574  -31.978  10.630  15.645 0.1000000015
89470  -32.897  11.442  14.794 0.1000000015
88587  -33.827  10.688  13.951 0.1000000015
136114  -34.168  9.937  13.693 0.1000000015
89479  -35.833  11.273  13.453 0.1000000015
89478  -34.968  11.534  13.710 0.1000000015
90392  -36.426  12.812  13.705 0.2000000030
90393  -37.130  12.601  13.584 0.2000000030
132268  -37.929  12.843  13.623 0.2000000030
133422  -38.841  12.669  13.329 0.2000000030
90394  -39.706  12.896  13.311 0.3000000119
90395  -40.558  13.039  13.266 0.3000000119
145631  -41.850  12.729  12.731 0.4000000060
91271  -38.072  13.747  13.949 0.2000000030
141051  -39.237  13.456  13.790 0.2000000030
91273  -40.049  13.635  13.774 0.2000000030
90396  -41.416  13.196  13.227 0.3000000119
91277  -43.757  13.848  13.580 0.4000000060
88709  -39.626  10.650  0.658 0.1000000015
89627  -40.186  10.806  0.007 0.1000000015
80044  -54.883  1.462  25.066 0.1000000015
80961  -55.002  2.065  24.832 0.1000000015
81897  -54.967  3.735  23.919 0.1000000015
80051  -54.533  1.914  24.693 0.1000000015
80967  -54.793  2.573  24.510 0.1000000015
80981  -54.670  3.138  24.129 0.1000000015
82833  -55.173  4.292  23.533 0.1000000015
82832  -54.655  4.117  23.469 0.1000000015
82849  -54.903  4.741  23.071 0.1000000015
83805  -55.260  5.534  22.640 0.1000000015
84787  -55.616  6.480  22.314 0.1000000015
142823  -54.303  5.134  22.154 0.1000000015
83818  -54.780  5.995  21.692 0.1000000015
84799  -55.009  6.904  21.239 0.1000000015
85746  -54.995  7.897  20.905 0.1000000015
85747  -55.659  8.668  21.721 0.1000000015
132075  -53.971  5.616  21.180 0.1000000015
84798  -54.084  7.135  20.389 0.1000000015
85745  -53.895  8.052  20.358 0.1000000015
87617  -55.365  9.712  21.398 0.1000000015
137000  -55.593  10.373  21.828 0.1000000015
87615  -53.504  9.585  21.088 0.1000000015
87600  -54.825  10.515  21.735 0.1000000015
88510  -54.389  11.245  22.491 0.1000000015
88511  -55.118  11.215  22.212 0.1000000015
87597  -52.019  9.763  22.351 0.1000000015
87598  -53.001  10.140  21.948 0.1000000015
87585  -53.533  10.957  22.760 0.1000000015
88500  -53.931  11.934  23.406 0.1000000015
88501  -54.546  11.934  22.801 0.1000000015
88487  -51.978  11.419  24.241 0.1000000015
88488  -52.821  11.955  24.273 0.1000000015
89395  -53.667  12.660  23.728 0.1000000015
89396  -54.137  12.480  23.082 0.1000000015
145098  -54.193  12.730  22.538 0.1000000015
89394  -50.858  11.805  23.058 0.1000000015
90322  -52.541  12.796  22.606 0.1000000015
90314  -51.857  12.457  23.102 0.1000000015
89472  -34.187  12.106  13.996 0.1000000015
91274  -40.929  13.776  13.765 0.3000000119
91275  -41.838  13.863  13.730 0.3000000119
92168  -44.289  14.357  14.048 0.4000000060
92166  -42.268  14.571  14.101 0.3000000119
92167  -43.379  14.501  14.102 0.3000000119
92150  -44.064  14.767  14.306 0.3000000119
93070  -43.564  15.173  14.309 0.3000000119
125621  -42.399  25.285  -0.941 0.4000000060
100395  -43.311  25.391  -0.295 0.4000000060
100394  -42.284  25.342  0.369 0.5000000000
123009  -43.329  25.330  0.719 0.5000000000
122419  -44.243  25.495  0.414 0.5000000000
86749  -54.706  9.063  14.805 0.1000000015
87661  -55.046  9.638  15.179 0.1000000015
86759  -55.614  9.180  13.777 0.1000000015
132303  -54.833  9.798  15.808 0.1000000015
89451  -55.907  12.073  17.504 0.1000000015
86777  -55.695  8.912  11.942 0.1000000015
86767  -54.889  8.414  12.380 0.1000000015
89450  -55.402  11.605  17.918 0.1000000015
88558  -54.988  10.840  17.539 0.1000000015
89442  -55.223  11.701  18.835 0.1000000015
87676  -56.734  11.091  13.382 0.1000000015
86785  -55.594  9.068  11.154 0.1000000015
89436  -55.638  12.242  19.329 0.1000000015
87695  -55.765  9.781  10.498 0.1000000015
137784  -57.711  12.893  10.496 0.1000000015
90351  -55.286  12.414  20.203 0.1000000015
89514  -57.431  12.532  11.045 0.1000000015
90429  -58.564  13.039  9.869 0.1000000015
90428  -58.140  13.114  9.481 0.1000000015
90420  -57.636  13.017  9.915 0.1000000015
88616  -56.526  11.521  9.888 0.1000000015
89506  -58.020  12.859  11.550 0.1000000015
89526  -57.081  12.427  10.127 0.1000000015
86792  -54.598  8.971  9.713 0.1000000015
88615  -55.946  11.047  9.455 0.1000000015
88716  -57.015  10.715  -0.129 0.1000000015
88715  -55.865  10.748  0.238 0.1000000015
88714  -54.648  10.783  0.473 0.1000000015
88713  -53.106  9.940  0.461 0.1000000015
129355  -58.279  13.880  5.375 0.1000000015
140646  -51.968  9.866  5.870 0.1000000015
146945  -52.613  10.314  6.229 0.1000000015
89560  -55.016  11.967  6.675 0.1000000015
84915  -43.681  6.241  8.033 0.1000000015
81968  -40.838  3.718  14.051 0.1000000015
81991  -43.069  3.588  12.345 0.1000000015
82010  -42.774  4.013  10.878 0.1000000015
82909  -39.402  4.644  15.578 0.1000000015
82926  -39.706  4.094  14.921 0.1000000015
81967  -40.024  3.838  14.170 0.1000000015
88588  -34.558  10.723  13.684 0.1000000015
88589  -35.273  10.776  13.525 0.1000000015
89480  -36.474  10.997  13.206 0.1000000015
88555  -31.579  10.289  17.074 0.1000000015
137646  -32.276  10.106  15.292 0.1000000015
136545  -32.763  10.012  14.756 0.1000000015
88581  -33.193  10.712  14.484 0.1000000015
89481  -37.489  12.017  13.251 0.2000000030
130741  -36.610  11.862  13.424 0.2000000030
82959  -47.425  4.254  12.318 0.1000000015
84900  -50.537  6.241  10.454 0.1000000015
126575  -45.566  4.249  10.579 0.1000000015
83953  -47.748  5.124  10.073 0.1000000015
82998  -46.027  4.695  9.794 0.1000000015
84920  -48.321  6.393  8.194 0.1000000015
85871  -50.175  7.705  7.468 0.1000000015
83964  -43.709  5.118  9.090 0.1000000015
84917  -45.520  6.059  7.934 0.1000000015
84918  -46.461  6.203  7.923 0.1000000015
86805  -50.594  8.174  7.147 0.1000000015
85888  -47.107  7.572  6.443 0.1000000015
123548  -48.176  8.545  5.524 0.1000000015
86836  -49.067  8.861  5.297 0.1000000015
84888  -51.588  6.606  12.576 0.1000000015
85846  -50.960  6.864  9.110 0.1000000015
86806  -51.365  8.397  7.427 0.1000000015
84880  -51.437  6.638  13.444 0.1000000015
85822  -52.613  7.441  13.614 0.1000000015
133299  -44.550  3.737  13.957 0.1000000015
82946  -46.611  4.017  13.499 0.1000000015
82935  -48.031  4.568  13.991 0.1000000015
139549  -43.724  3.557  12.704 0.1000000015
81980  -43.253  3.602  13.310 0.1000000015
87731  -51.487  9.288  6.291 0.1000000015
87675  -56.188  10.242  14.275 0.1000000015
87667  -55.333  9.466  14.560 0.1000000015
88576  -55.839  11.131  15.795 0.1000000015
87668  -55.612  10.117  14.959 0.1000000015
85815  -51.682  7.085  14.662 0.1000000015
84867  -50.479  6.396  15.452 0.1000000015
85808  -51.801  7.243  15.465 0.1000000015
86748  -53.994  8.451  14.689 0.1000000015
86758  -54.788  8.722  14.167 0.1000000015
83883  -48.886  5.857  16.065 0.1000000015
83903  -47.574  5.197  15.703 0.1000000015
81970  -43.014  3.807  14.189 0.1000000015
145294  -53.701  7.733  10.691 0.1000000015
86775  -54.320  7.991  11.042 0.1000000015
85849  -53.399  7.862  10.008 0.1000000015
87708  -53.054  9.148  8.035 0.1000000015
140903  -52.309  9.658  6.569 0.1000000015
128549  -56.066  6.803  0.399 0.1000000015
74968  -53.569  -4.406  19.671 0.1000000015
135463  -57.353  2.595  21.241 0.1000000015
85733  -56.540  7.246  21.269 0.1000000015
89437  -56.488  11.832  19.648 0.1000000015
84856  -50.250  6.558  16.257 0.1000000015
85798  -52.284  7.697  16.133 0.1000000015
86726  -53.214  8.910  17.125 0.1000000015
86742  -53.706  8.580  15.552 0.1000000015
86768  -55.733  8.879  12.865 0.1000000015
130266  -56.316  9.810  13.233 0.1000000015
87683  -56.636  10.565  12.438 0.1000000015
87688  -56.284  9.886  11.505 0.1000000015
84852  -46.744  6.045  17.016 0.1000000015
86776  -54.962  8.446  11.482 0.1000000015
89516  -58.696  13.076  10.645 0.1000000015
90421  -58.264  13.071  10.361 0.1000000015
83897  -42.140  5.014  15.993 0.1000000015
136109  -58.664  11.727  7.413 0.1000000015
89528  -58.973  12.087  9.049 0.1000000015
88646  -58.642  10.955  6.899 0.1000000015
72163  -56.063  -7.899  23.901 0.1000000015
71280  -57.173  -8.533  23.249 0.1000000015
72183  -56.965  -7.756  23.232 0.1000000015
147198  -55.713  -8.352  21.695 0.1000000015
69603  -54.279  -9.289  21.122 0.1000000015
72205  -55.440  -7.389  21.341 0.1000000015
72207  -53.418  -7.016  19.704 0.1000000015
131427  -50.620  -1.757  22.326 0.1000000015
74969  -54.227  -4.766  20.238 0.1000000015
79210  -50.657  0.248  21.757 0.1000000015
84789  -56.748  5.646  21.862 0.1000000015
79220  -55.396  0.838  21.617 0.1000000015
89443  -55.818  12.205  18.341 0.1000000015
87563  -48.442  9.129  24.046 0.1000000015
86722  -49.873  8.004  18.103 0.1000000015
89527  -58.606  12.956  9.287 0.1000000015
138209  -41.524  4.899  15.892 0.1000000015
87701  -54.993  9.697  9.281 0.1000000015
87776  -56.620  10.396  2.543 0.1000000015
86896  -57.030  8.884  -0.414 0.1000000015
86905  -56.433  8.881  -0.702 0.1000000015
73067  -56.777  -6.847  23.111 0.1000000015
128900  -56.398  -6.670  22.085 0.1000000015
74058  -54.233  -5.658  20.234 0.1000000015
83807  -56.503  5.108  22.685 0.1000000015
85732  -56.238  7.829  22.086 0.1000000015
86716  -51.907  9.125  18.395 0.1000000015
87644  -53.588  9.602  17.612 0.1000000015
147395  -54.115  9.861  17.375 0.1000000015
87646  -54.549  10.168  17.149 0.1000000015
88548  -52.910  10.516  19.067 0.1000000015
88549  -53.832  10.701  18.752 0.1000000015
87580  -46.835  9.541  22.270 0.1000000015
85765  -44.259  8.073  18.410 0.1000000015
84846  -41.081  6.169  17.137 0.1000000015
83896  -40.848  4.991  16.012 0.1000000015
87702  -55.551  10.205  9.686 0.1000000015
75807  -54.761  -3.107  24.599 0.1000000015
74961  -55.569  -4.771  21.453 0.1000000015
77491  -55.717  -1.649  23.235 0.1000000015
147581  -52.210  1.593  22.912 0.1000000015
80077  -56.238  1.014  22.913 0.1000000015
80078  -56.846  1.429  23.073 0.1000000015
81900  -56.853  2.943  23.446 0.1000000015
82851  -56.248  4.522  23.275 0.1000000015
122619  -51.246  5.564  19.276 0.1000000015
84810  -51.633  6.307  19.456 0.1000000015
89434  -54.007  11.953  20.078 0.1000000015
86710  -46.520  8.726  18.809 0.1000000015
77481  -56.153  -2.376  23.135 0.1000000015
79177  -56.017  1.154  24.890 0.1000000015
80969  -56.046  2.604  24.670 0.1000000015
81911  -51.858  3.269  21.371 0.1000000015
81919  -52.158  4.051  20.977 0.1000000015
84774  -56.014  6.824  22.481 0.1000000015
82883  -52.534  5.640  19.767 0.1000000015
85743  -51.415  7.795  20.155 0.1000000015
131064  -50.812  9.041  21.835 0.1000000015
89408  -55.060  12.206  22.205 0.1000000015
88480  -51.450  11.213  24.232 0.1000000015
78291  -55.261  -0.035  25.128 0.1000000015
78312  -55.503  -0.494  24.563 0.1000000015
80066  -53.633  1.615  24.001 0.1000000015
80989  -53.208  2.945  23.020 0.1000000015
82862  -52.916  4.340  21.447 0.1000000015
83832  -53.294  5.694  20.323 0.1000000015
83847  -53.399  6.468  19.937 0.1000000015
87584  -52.605  10.591  23.118 0.1000000015
90310  -52.913  12.838  24.110 0.1000000015
89471  -33.601  11.418  14.257 0.1000000015
89477  -34.193  11.306  13.855 0.1000000015
146998  -38.571  13.351  13.800 0.2000000030
91283  -42.272  13.310  13.126 0.3000000119
91276  -42.794  13.880  13.690 0.4000000060
125799  -54.080  6.314  20.711 0.1000000015
86694  -54.797  8.910  20.788 0.1000000015
87616  -54.436  9.794  20.992 0.1000000015
87599  -53.944  10.405  21.720 0.1000000015
88489  -53.399  12.260  24.040 0.1000000015
93069  -42.828  15.108  14.213 0.3000000119
88559  -55.538  11.457  17.158 0.1000000015
89457  -56.043  11.914  16.796 0.1000000015
90364  -56.366  12.116  17.126 0.1000000015
87694  -55.201  9.449  9.909 0.1000000015
88608  -56.730  11.562  10.584 0.1000000015
88607  -56.180  10.746  10.111 0.1000000015
88565  -55.665  11.298  16.470 0.1000000015
88602  -56.426  10.622  10.815 0.1000000015
140670  -56.868  11.397  11.556 0.1000000015
98931  -38.129  23.381  1.367 0.2000000030
99648  -38.030  24.509  0.997 0.2000000030
98932  -38.539  23.564  0.613 0.2000000030
99657  -39.173  24.618  0.024 0.2000000030
99660  -49.156  23.479  -1.054 0.4000000060
98940  -50.802  23.374  1.407 0.2000000030
139715  -45.100  25.595  0.571 0.4000000060
100377  -44.763  25.364  1.288 0.3000000119
131117  -38.834  25.494  0.881 0.2000000030
144063  -38.911  25.117  0.429 0.2000000030
100373  -39.905  25.314  0.856 0.3000000119
100374  -41.059  25.240  0.636 0.3000000119
100382  -49.790  24.330  0.140 0.2000000030
99650  -50.268  23.809  0.748 0.2000000030
124273  -45.278  25.126  1.798 0.3000000119
100376  -43.920  25.187  1.412 0.4000000060
97297  -53.576  21.088  8.758 0.3000000119
98954  -49.656  23.564  -0.114 0.2000000030
99642  -51.405  23.414  1.649 0.2000000030
100399  -49.407  23.804  -0.828 0.2000000030
98208  -38.516  21.852  1.351 0.2000000030
99638  -38.043  25.298  1.244 0.1000000015
100358  -38.330  25.653  1.589 0.1000000015
96407  -44.554  19.196  12.048 0.1000000015
96408  -45.390  19.303  12.450 0.1000000015
95569  -44.023  18.466  12.445 0.1000000015
95570  -44.945  18.623  12.764 0.1000000015
126557  -46.073  19.394  12.782 0.1000000015
96406  -43.597  19.223  11.756 0.1000000015
97242  -45.931  20.028  12.149 0.1000000015
96420  -42.656  19.603  11.447 0.1000000015
95585  -42.929  18.751  11.833 0.1000000015
124103  -41.972  25.052  1.526 0.3000000119
100361  -42.813  24.697  2.382 0.1000000015
100362  -43.709  24.773  2.242 0.1000000015
100348  -44.424  24.439  2.900 0.1000000015
127553  -40.854  25.130  1.699 0.2000000030
98918  -37.551  23.837  1.903 0.1000000015
100357  -37.587  25.624  1.888 0.1000000015
99637  -37.487  24.886  1.623 0.1000000015
98194  -38.051  22.364  2.125 0.1000000015
96504  -37.890  19.980  2.017 0.1000000015
125852  -44.165  20.040  11.559 0.1000000015
98096  -50.330  21.800  12.848 0.1000000015
97261  -43.268  20.300  11.401 0.1000000015
140559  -44.684  20.732  11.491 0.1000000015
97243  -46.635  20.444  12.192 0.1000000015
98093  -47.791  21.135  12.214 0.1000000015
100375  -42.990  25.094  1.471 0.3000000119
100363  -44.575  24.919  2.069 0.2000000030
100349  -45.432  24.677  2.641 0.1000000015
100350  -46.569  24.809  2.575 0.2000000030
99611  -47.078  23.973  4.136 0.1000000015
99628  -47.621  24.386  3.321 0.2000000030
99593  -48.967  23.840  5.414 0.2000000030
100347  -43.558  24.349  3.081 0.1000000015
99627  -46.101  24.223  3.645 0.1000000015
147327  -47.728  23.864  4.711 0.1000000015
126923  -50.035  23.853  5.942 0.1000000015
99572  -48.481  24.022  6.169 0.1000000015
99573  -49.332  23.909  6.079 0.1000000015
125465  -40.821  24.741  2.863 0.1000000015
100360  -41.863  24.691  2.598 0.2000000030
99592  -48.029  23.850  5.549 0.1000000015
100311  -50.152  24.577  6.608 0.1000000015
100359  -39.516  25.417  1.867 0.1000000015
100310  -49.085  24.449  6.443 0.1000000015
98095  -49.396  21.638  12.650 0.1000000015
98092  -47.046  21.010  11.939 0.1000000015
98097  -51.316  21.913  13.042 0.2000000030
146741  -46.982  24.449  3.236 0.2000000030
123902  -48.060  24.066  3.816 0.2000000030
99626  -45.068  24.162  3.653 0.1000000015
126667  -45.495  23.945  4.430 0.1000000015
99594  -49.883  23.850  5.294 0.1000000015
99624  -43.409  24.058  3.954 0.1000000015
100293  -50.984  24.927  6.881 0.1000000015
99622  -41.881  24.285  3.749 0.1000000015
99623  -42.736  24.080  4.097 0.1000000015
98835  -53.124  21.536  13.240 0.2000000030
97281  -53.611  20.592  10.499 0.1000000015
98110  -46.716  21.717  11.670 0.1000000015
98094  -48.552  21.407  12.449 0.1000000015
98188  -52.701  22.633  3.280 0.1000000015
99641  -50.752  24.042  1.511 0.1000000015
98926  -52.047  23.289  2.033 0.1000000015
100368  -50.155  24.453  0.983 0.1000000015
98911  -52.801  23.127  3.293 0.1000000015
123184  -51.433  23.927  2.114 0.1000000015
140043  -51.952  23.826  2.576 0.1000000015
99631  -52.542  23.516  2.803 0.1000000015
99630  -50.401  24.313  2.680 0.1000000015
99614  -52.877  23.354  3.652 0.1000000015
125099  -51.742  23.871  3.668 0.1000000015
145177  -52.474  23.638  3.447 0.1000000015
99577  -53.995  23.817  5.428 0.1000000015
100314  -54.194  24.250  6.391 0.1000000015
99629  -49.145  24.253  3.388 0.1000000015
140161  -51.628  24.645  6.781 0.1000000015
100312  -52.084  24.270  6.356 0.1000000015
99625  -44.205  24.073  3.802 0.1000000015
99610  -46.195  23.887  4.876 0.1000000015
125261  -47.060  23.890  5.488 0.1000000015
101069  -51.770  25.133  7.080 0.1000000015
99574  -50.562  23.997  6.142 0.1000000015
100295  -53.410  24.681  7.001 0.1000000015
101071  -53.837  25.375  7.182 0.1000000015
99607  -43.191  23.906  4.742 0.1000000015
99608  -43.971  23.861  4.678 0.1000000015
99609  -44.769  23.894  4.570 0.1000000015
101070  -52.707  25.254  7.195 0.1000000015
101094  -50.290  25.491  6.866 0.1000000015
101828  -51.129  25.745  7.012 0.1000000015
101830  -53.112  26.157  7.152 0.1000000015
98860  -49.033  23.070  11.868 0.1000000015
98845  -49.722  22.426  12.390 0.1000000015
98843  -47.982  21.892  11.998 0.1000000015
98834  -52.297  21.893  13.173 0.2000000030
98156  -53.711  21.760  5.244 0.1000000015
98172  -53.712  22.372  4.389 0.1000000015
98902  -53.284  22.888  3.839 0.1000000015
98173  -54.361  22.614  4.452 0.1000000015
99615  -53.465  23.021  3.901 0.1000000015
147258  -54.071  23.064  4.174 0.1000000015
99640  -49.674  24.676  2.047 0.1000000015
99578  -55.070  23.726  5.612 0.1000000015
143352  -55.077  24.234  6.387 0.1000000015
101073  -55.941  25.333  6.621 0.1000000015
99639  -48.474  24.594  2.890 0.1000000015
99613  -49.772  23.919  4.139 0.1000000015
124290  -50.623  23.881  4.325 0.1000000015
99595  -50.903  23.862  5.176 0.1000000015
99589  -43.728  24.048  5.448 0.1000000015
99590  -44.515  23.959  5.404 0.1000000015
123246  -45.368  23.933  5.383 0.1000000015
99591  -46.167  24.048  5.880 0.1000000015
144164  -46.813  24.264  6.180 0.1000000015
99571  -47.586  24.150  6.182 0.1000000015
98844  -48.772  22.204  12.227 0.1000000015
98848  -52.658  22.410  12.614 0.1000000015
98113  -53.915  21.218  11.222 0.1000000015
98144  -53.776  21.528  6.397 0.2000000030
137584  -54.881  21.992  5.303 0.1000000015
98894  -54.999  22.585  4.855 0.1000000015
100315  -55.684  24.033  6.290 0.1000000015
102509  -56.368  26.443  7.626 0.1000000015
100316  -56.027  24.714  6.640 0.1000000015
101095  -56.187  25.645  6.736 0.1000000015
97282  -54.026  20.988  9.989 0.1000000015
98847  -51.745  22.580  12.618 0.1000000015
98846  -50.735  22.550  12.534 0.1000000015
125045  -54.215  21.546  7.183 0.1000000015
98145  -54.792  21.714  6.250 0.1000000015
98881  -55.954  22.851  7.103 0.1000000015
98158  -55.377  22.361  5.674 0.1000000015
100288  -55.793  24.447  8.516 0.1000000015
98888  -55.931  22.907  6.138 0.1000000015
125606  -56.161  23.391  7.549 0.1000000015
100298  -56.437  24.763  7.462 0.1000000015
128203  -55.944  24.044  6.491 0.1000000015
101063  -56.477  25.123  7.905 0.1000000015
100317  -56.316  24.935  6.989 0.1000000015
103818  -53.406  29.453  9.300 0.1000000015
102508  -55.966  27.020  8.177 0.1000000015
98861  -53.565  22.490  11.733 0.1000000015
98864  -54.100  22.014  10.707 0.1000000015
127830  -54.088  21.359  10.410 0.1000000015
98115  -54.395  21.635  9.626 0.1000000015
98123  -54.014  21.217  9.122 0.2000000030
98849  -53.304  22.061  12.493 0.2000000030
99527  -52.992  22.989  11.989 0.1000000015
99524  -50.167  23.204  12.098 0.1000000015
99525  -51.217  23.265  12.145 0.1000000015
99526  -52.183  23.182  12.091 0.1000000015
99540  -53.312  23.605  11.174 0.1000000015
99541  -53.874  22.930  10.893 0.1000000015
124133  -54.268  22.944  10.308 0.1000000015
98866  -54.513  22.325  9.894 0.1000000015
135569  -54.590  21.643  8.439 0.1000000015
99537  -50.677  23.927  11.624 0.1000000015
99538  -51.725  23.862  11.614 0.1000000015
99539  -52.572  23.761  11.474 0.1000000015
145088  -54.794  22.163  9.352 0.1000000015
145149  -50.036  24.202  11.424 0.1000000015
100264  -52.905  24.431  10.928 0.1000000015
100262  -51.347  24.518  11.194 0.1000000015
100263  -52.189  24.428  11.127 0.1000000015
98133  -55.388  22.160  7.737 0.1000000015
142878  -50.391  24.616  11.158 0.1000000015
98875  -55.798  22.764  8.066 0.1000000015
100261  -49.379  24.421  11.158 0.1000000015
100278  -54.928  24.472  9.192 0.1000000015
101051  -55.134  25.131  8.909 0.1000000015
101061  -55.304  25.874  8.731 0.1000000015
105249  -50.076  32.660  9.316 0.1000000015
104473  -50.446  31.518  9.238 0.1000000015
104474  -51.450  31.448  9.410 0.1000000015
101818  -55.888  26.382  8.366 0.1000000015
106042  -50.537  33.503  9.234 0.1000000015
141440  -53.016  30.093  9.394 0.1000000015
135086  -52.917  29.463  9.531 0.1000000015
102507  -55.081  27.614  8.705 0.1000000015
99546  -54.666  23.576  9.650 0.1000000015
98867  -55.223  22.866  9.022 0.1000000015
144467  -50.329  25.600  10.452 0.1000000015
143031  -51.034  25.268  10.675 0.1000000015
100277  -54.366  24.472  9.723 0.1000000015
99547  -55.291  23.821  8.923 0.1000000015
100272  -49.776  25.252  10.675 0.1000000015
101047  -54.162  25.172  9.729 0.1000000015
100271  -48.622  25.049  10.691 0.1000000015
124597  -54.585  25.012  9.372 0.1000000015
101049  -53.915  25.976  9.657 0.1000000015
101809  -53.960  26.980  9.514 0.1000000015
101050  -54.555  25.605  9.270 0.1000000015
101810  -54.523  26.368  9.218 0.1000000015
105248  -49.075  32.627  9.152 0.1000000015
122208  -49.476  31.546  9.061 0.1000000015
130548  -52.217  29.429  9.533 0.1000000015
132035  -52.702  28.613  9.617 0.1000000015
141668  -53.443  27.277  9.683 0.1000000015
103178  -53.285  28.652  9.507 0.1000000015
133037  -54.553  27.080  9.183 0.1000000015
99543  -53.737  23.904  10.597 0.1000000015
99544  -54.110  23.765  10.209 0.1000000015
101030  -52.531  25.024  10.712 0.1000000015
100273  -53.143  25.153  10.486 0.1000000015
100275  -53.920  24.547  10.160 0.1000000015
101029  -51.874  24.948  10.861 0.1000000015
101046  -53.306  25.860  10.099 0.1000000015
101042  -47.910  25.628  10.229 0.1000000015
141567  -51.514  25.859  10.301 0.1000000015
101045  -52.739  25.691  10.385 0.1000000015
101789  -47.241  26.240  9.823 0.1000000015
101043  -48.907  25.760  10.180 0.1000000015
101794  -52.882  26.401  10.127 0.1000000015
124210  -52.994  27.140  9.910 0.1000000015
101795  -53.420  26.604  9.832 0.1000000015
124073  -50.760  30.406  9.270 0.1000000015
123427  -49.837  25.922  10.184 0.1000000015
101793  -52.197  26.141  10.211 0.1000000015
129915  -49.981  29.504  9.200 0.1000000015
129914  -51.097  29.277  9.405 0.1000000015
102497  -53.124  27.872  9.666 0.1000000015
101801  -44.815  26.498  9.887 0.1000000015
101788  -46.325  26.147  9.919 0.1000000015
101791  -49.181  26.428  9.757 0.1000000015
127406  -50.204  26.521  9.830 0.1000000015
101808  -52.310  26.891  9.921 0.1000000015
103177  -50.200  28.708  9.342 0.1000000015
134246  -50.864  28.181  9.495 0.1000000015
102496  -52.481  27.730  9.723 0.1000000015
101803  -46.560  26.891  9.558 0.1000000015
101790  -48.197  26.338  9.781 0.1000000015
101800  -43.425  26.733  9.787 0.1000000015
143214  -44.161  26.826  9.735 0.1000000015
101802  -45.613  26.844  9.658 0.1000000015
129345  -50.593  27.267  9.622 0.1000000015
102495  -51.617  27.487  9.693 0.1000000015
101807  -51.354  26.556  9.926 0.1000000015
101805  -48.500  27.076  9.491 0.1000000015
101806  -49.518  27.147  9.526 0.1000000015
102490  -45.431  27.593  9.488 0.1000000015
102494  -49.865  27.964  9.431 0.1000000015
101804  -47.494  27.011  9.517 0.1000000015
102489  -44.709  27.383  9.588 0.1000000015
139757  -46.027  27.435  9.456 0.1000000015
103172  -45.016  28.207  9.380 0.1000000015
125055  -42.514  29.876  9.332 0.1000000015
139055  -44.524  29.102  9.248 0.1000000015
130549  -43.699  28.848  9.379 0.1000000015
134247  -44.172  28.203  9.455 0.1000000015
103173  -45.842  28.121  9.355 0.1000000015
103810  -43.568  29.748  9.241 0.1000000015
102492  -47.852  27.831  9.306 0.1000000015
102491  -46.765  27.804  9.336 0.1000000015
136385  -45.487  28.908  9.229 0.1000000015
103174  -47.311  28.643  9.105 0.1000000015
136384  -46.363  28.745  9.181 0.1000000015
137055  -52.688  23.655  4.689 0.1000000015
123383  -51.072  24.130  3.197 0.1000000015
99596  -52.122  23.737  4.402 0.1000000015
105252  -52.349  31.514  9.172 0.1000000015
144764  -53.911  29.132  9.072 0.1000000015
102521  -56.415  27.019  7.139 0.1000000015
99576  -52.866  23.908  5.503 0.1000000015
100297  -55.565  24.678  6.661 0.1000000015
99575  -51.717  23.924  5.631 0.1000000015
97272  -53.826  20.792  10.936 0.2000000030
96421  -45.047  19.924  11.776 0.1000000015
97263  -45.426  20.593  11.650 0.1000000015
100346  -42.729  24.338  3.306 0.1000000015
140749  -47.373  21.620  11.859 0.1000000015
98910  -52.454  22.947  2.543 0.1000000015
100296  -54.511  24.727  6.897 0.1000000015
101072  -55.186  25.530  6.858 0.1000000015
99599  -55.156  23.147  5.030 0.1000000015
101857  -56.401  26.395  6.787 0.1000000015
100289  -56.419  24.729  8.027 0.1000000015
102499  -54.227  27.762  9.266 0.1000000015
103816  -51.799  30.371  9.479 0.1000000015
103817  -52.555  30.264  9.455 0.1000000015
102498  -53.645  27.846  9.498 0.1000000015
101044  -52.039  25.489  10.543 0.1000000015
126829  -44.466  30.107  8.924 0.1000000015
93902  -44.697  15.828  14.452 0.2000000030
93914  -43.890  15.822  14.197 0.2000000030
94753  -43.601  17.089  13.497 0.2000000030
132270  -44.227  17.359  13.479 0.2000000030
93915  -44.285  16.606  13.950 0.2000000030
94768  -43.066  17.451  12.996 0.2000000030
137802  -43.523  16.434  13.852 0.2000000030
93913  -42.140  16.334  13.480 0.2000000030
94752  -42.916  16.750  13.503 0.2000000030
92165  -41.347  14.491  14.052 0.2000000030
94754  -45.012  17.277  13.778 0.2000000030
93056  -44.329  15.194  14.470 0.2000000030
126650  -42.958  15.882  14.006 0.2000000030
94769  -43.776  17.748  12.995 0.2000000030
91272  -38.782  13.995  14.115 0.1000000015
92160  -36.005  14.403  13.752 0.1000000015
140352  -35.566  13.834  13.871 0.1000000015
91269  -36.300  13.639  13.835 0.1000000015
138101  -37.605  14.238  13.938 0.1000000015
91270  -37.204  13.455  13.839 0.1000000015
140606  -39.018  14.674  14.155 0.1000000015
130617  -40.113  15.221  13.913 0.1000000015
130426  -41.033  15.219  14.071 0.1000000015
92164  -40.360  14.503  14.054 0.1000000015
142828  -38.212  17.210  12.027 0.1000000015
94776  -38.874  17.683  11.737 0.1000000015
130177  -36.536  14.967  13.595 0.1000000015
93074  -38.207  15.643  13.084 0.1000000015
93923  -39.382  16.228  12.657 0.1000000015
94766  -40.507  17.116  12.116 0.1000000015
135737  -41.340  16.768  12.706 0.1000000015
140005  -42.621  17.689  12.486 0.1000000015
93075  -39.007  15.641  13.231 0.1000000015
93076  -39.793  15.729  13.336 0.1000000015
93067  -40.575  15.795  13.500 0.1000000015
94777  -40.028  17.996  11.559 0.1000000015
95554  -44.548  17.946  13.147 0.1000000015
92162  -38.280  14.503  14.021 0.1000000015
95568  -43.201  18.125  12.405 0.1000000015
93068  -42.007  15.460  14.047 0.1000000015
93924  -42.354  17.082  12.863 0.1000000015
93912  -41.320  15.989  13.546 0.1000000015
145462  -41.648  14.947  14.191 0.1000000015
138069  -39.504  14.194  14.089 0.1000000015
90391  -35.522  13.059  13.828 0.1000000015
91265  -34.863  13.621  13.968 0.1000000015
92161  -36.883  14.305  13.843 0.1000000015
93064  -37.525  15.055  13.616 0.1000000015
93065  -38.579  15.131  13.793 0.1000000015
93066  -39.346  15.215  13.879 0.1000000015
136274  -38.681  16.121  12.688 0.1000000015
94764  -38.802  16.741  12.191 0.1000000015
94765  -39.662  16.967  12.053 0.1000000015
93063  -36.570  15.806  13.149 0.1000000015
126443  -40.316  16.383  12.758 0.1000000015
94767  -41.950  17.580  12.208 0.1000000015
70433  -57.006  -8.808  22.759 0.1000000015
70435  -54.498  -8.543  20.878 0.1000000015
70436  -55.237  -8.813  21.502 0.1000000015
72198  -56.945  -7.103  22.722 0.1000000015
73103  -56.411  -6.031  22.371 0.1000000015
73993  -55.399  -4.781  24.164 0.1000000015
74006  -54.759  -5.298  23.861 0.1000000015
74007  -56.477  -5.329  23.266 0.1000000015
74031  -56.038  -5.350  22.032 0.1000000015
74057  -53.557  -5.245  19.716 0.1000000015
74924  -55.805  -4.200  24.198 0.1000000015
74934  -56.423  -4.499  23.418 0.1000000015
74982  -52.427  -4.419  18.724 0.1000000015
75808  -55.522  -3.323  24.353 0.1000000015
75822  -56.469  -3.828  23.106 0.1000000015
76633  -55.019  -1.479  24.968 0.1000000015
76634  -55.405  -1.544  24.516 0.1000000015
76648  -55.244  -2.341  24.550 0.1000000015
76657  -55.742  -1.853  23.698 0.1000000015
76658  -56.301  -2.914  23.357 0.1000000015
77451  -54.123  -0.651  25.149 0.1000000015
77452  -54.907  -0.717  25.198 0.1000000015
77489  -51.040  -1.068  22.488 0.1000000015
77490  -51.527  -0.771  22.970 0.1000000015
77499  -50.425  -1.367  22.026 0.1000000015
78290  -54.650  -0.106  25.259 0.1000000015
78323  -55.634  -0.285  24.193 0.1000000015
79161  -55.376  0.890  25.161 0.1000000015
79200  -51.153  0.120  22.349 0.1000000015
79203  -56.246  0.818  23.643 0.1000000015
79211  -51.204  0.801  22.154 0.1000000015
79917  -41.596  1.816  37.496 0.1000000015
79927  -40.662  1.233  36.547 0.1000000015
79956  -38.652  1.262  33.649 0.1000000015
80045  -55.430  1.714  25.038 0.1000000015
80053  -56.390  1.807  24.591 0.1000000015
80085  -51.332  1.623  21.922 0.1000000015
80087  -56.904  1.534  22.348 0.1000000015
80088  -57.304  2.037  21.905 0.1000000015
80828  -39.280  2.247  37.117 0.1000000015
80830  -41.200  2.173  37.667 0.1000000015
80842  -38.146  2.864  35.566 0.1000000015
80844  -39.917  1.716  36.864 0.1000000015
80845  -41.624  2.108  37.400 0.1000000015
80857  -38.567  2.092  35.123 0.1000000015
80871  -36.926  3.145  33.349 0.1000000015
80883  -37.686  2.062  32.452 0.1000000015
80982  -56.599  2.435  24.093 0.1000000015
81009  -49.691  2.439  19.290 0.1000000015
81735  -37.882  3.612  35.940 0.1000000015
81744  -36.621  3.949  34.580 0.1000000015
81747  -41.436  3.026  35.981 0.1000000015
81760  -41.636  3.234  34.485 0.1000000015
81766  -35.452  3.987  32.606 0.1000000015
81768  -39.345  3.815  32.160 0.1000000015
81805  -39.413  3.601  30.580 0.1000000015
81853  -37.819  3.929  27.083 0.1000000015
81878  -37.805  4.059  24.517 0.1000000015
81883  -55.120  3.199  24.307 0.1000000015
81896  -54.542  3.612  23.749 0.1000000015
81913  -53.328  4.011  22.332 0.1000000015
81989  -41.319  3.528  12.450 0.2000000030
82012  -44.042  3.939  10.912 0.1000000015
82710  -35.579  4.731  33.573 0.1000000015
82713  -39.543  4.487  33.521 0.1000000015
82720  -38.770  4.407  32.094 0.1000000015
82721  -39.159  4.268  32.717 0.1000000015
82730  -32.952  4.705  31.250 0.1000000015
82731  -33.892  4.653  31.582 0.1000000015
82747  -38.427  4.208  30.511 0.1000000015
82765  -37.872  4.503  29.094 0.1000000015
82776  -37.705  4.404  28.280 0.1000000015
82808  -37.417  4.296  25.831 0.1000000015
82814  -36.399  4.652  24.371 0.1000000015
82825  -35.733  4.732  23.310 0.1000000015
82856  -36.578  4.446  21.778 0.1000000015
82863  -53.608  4.558  21.989 0.1000000015
82891  -49.925  4.959  18.867 0.1000000015
82928  -41.419  3.924  14.651 0.1000000015
82944  -45.347  3.783  13.936 0.1000000015
82955  -38.397  4.424  12.997 0.2000000030
82958  -46.615  3.972  12.671 0.1000000015
82979  -39.904  4.896  11.061 0.2000000030
82986  -47.350  4.615  10.722 0.1000000015
83701  -38.971  5.680  32.626 0.1000000015
83711  -31.711  5.061  31.226 0.1000000015
83727  -37.809  5.152  29.311 0.1000000015
83767  -36.376  5.453  25.477 0.1000000015
83774  -35.535  5.469  24.198 0.1000000015
83782  -35.297  5.164  23.530 0.1000000015
83797  -34.026  5.948  22.038 0.1000000015
83858  -49.191  5.257  18.950 0.1000000015
83892  -36.696  5.153  15.622 0.2000000030
83920  -34.982  5.928  14.130 0.2000000030
83935  -49.651  5.397  12.180 0.1000000015
83960  -39.762  5.907  10.388 0.2000000030
84642  -39.915  5.746  34.130 0.1000000015
84676  -39.283  6.981  31.638 0.1000000015
84683  -38.447  6.108  30.660 0.1000000015
84728  -37.089  6.273  26.665 0.1000000015
84729  -37.288  6.984  26.949 0.1000000015
84791  -33.252  6.573  20.147 0.1000000015
84873  -50.630  6.314  14.649 0.1000000015
85642  -39.329  7.986  30.326 0.1000000015
85693  -36.461  7.751  24.992 0.1000000015
85698  -34.422  6.999  23.179 0.1000000015
85702  -49.610  7.807  24.134 0.1000000015
85716  -56.064  7.698  22.275 0.1000000015
85742  -50.532  7.746  20.476 0.1000000015
85744  -52.925  7.876  19.935 0.1000000015
85755  -52.632  7.216  19.676 0.1000000015
85785  -48.510  7.432  17.793 0.1000000015
86565  -39.835  8.175  31.035 0.1000000015
86578  -39.713  8.646  30.310 0.1000000015
86586  -38.773  8.190  29.087 0.1000000015
86616  -38.004  8.334  27.214 0.1000000015
86617  -38.486  8.931  27.615 0.1000000015
86630  -37.066  8.348  25.337 0.1000000015
86631  -37.624  8.866  25.794 0.1000000015
86641  -49.462  8.575  24.519 0.1000000015
86642  -49.896  9.136  24.242 0.1000000015
86645  -35.542  8.165  23.778 0.1000000015
86649  -47.621  8.889  23.729 0.1000000015
86651  -50.023  9.181  24.141 0.1000000015
86661  -50.694  9.483  23.657 0.1000000015
86693  -53.970  9.032  20.600 0.1000000015
86731  -52.025  7.913  16.930 0.1000000015
86741  -53.017  8.096  15.854 0.1000000015
86897  -57.436  9.342  0.141 0.1000000015
87527  -38.875  9.471  28.039 0.1000000015
87528  -39.338  9.983  28.341 0.1000000015
87550  -38.209  9.393  26.244 0.1000000015
87551  -38.668  10.022  26.666 0.1000000015
87567  -51.204  10.645  24.209 0.1000000015
87569  -35.768  9.507  23.282 0.1000000015
87570  -36.287  9.458  23.809 0.1000000015
87581  -47.457  9.768  22.544 0.1000000015
87595  -45.992  9.422  21.452 0.1000000015
87623  -33.065  9.952  19.759 0.1000000015
87624  -45.475  9.515  19.983 0.1000000015
88460  -38.902  10.731  26.416 0.1000000015
88476  -38.215  10.737  24.855 0.1000000015
88478  -50.350  10.377  24.191 0.1000000015
88496  -47.778  10.199  22.229 0.1000000015
88498  -52.289  11.079  24.123 0.1000000015
88499  -53.155  11.495  23.807 0.1000000015
88502  -54.949  11.892  22.456 0.1000000015
88508  -47.807  10.357  21.773 0.1000000015
88509  -48.486  10.847  21.685 0.1000000015
88527  -49.257  11.116  20.968 0.1000000015
88563  -31.655  10.439  16.370 0.1000000015
88564  -55.153  10.693  16.822 0.1000000015
88575  -55.280  10.527  16.165 0.1000000015
88580  -32.558  10.721  15.047 0.1000000015
89378  -51.291  11.293  24.181 0.1000000015
89382  -50.472  11.417  23.496 0.1000000015
89384  -51.819  11.828  24.178 0.1000000015
89385  -52.601  12.281  24.200 0.1000000015
89386  -53.163  12.625  24.151 0.1000000015
89397  -54.612  12.270  22.656 0.1000000015
89403  -49.130  11.279  21.604 0.1000000015
89444  -56.533  11.901  18.822 0.1000000015
90308  -51.662  12.102  23.742 0.1000000015
90315  -52.789  12.964  23.594 0.1000000015
90316  -53.879  12.851  23.103 0.1000000015
90317  -54.425  12.582  22.483 0.1000000015
90323  -53.941  12.824  22.485 0.1000000015
90324  -54.555  12.648  21.907 0.1000000015
90406  -48.032  13.277  12.310 0.6999999881
90595  -44.916  13.455  -6.117 0.3000000119
91302  -58.052  13.251  7.851 0.1000000015
91420  -58.325  14.026  0.320 0.2000000030
91432  -54.947  13.947  -1.672 0.2000000030
92163  -39.656  14.789  14.127 0.1000000015
92178  -48.321  13.835  12.182 0.6999999881
92192  -42.385  14.986  8.625 0.6999999881
92195  -47.474  13.870  7.380 0.8000000119
92203  -41.258  15.300  7.514 0.8999999762
92214  -41.001  14.870  6.108 0.8999999762
92220  -57.619  14.310  5.451 0.2000000030
92276  -58.117  14.224  2.339 0.2000000030
92312  -58.245  14.450  0.568 0.2000000030
92330  -58.083  14.788  -0.062 0.3000000119
92346  -57.214  15.814  -1.194 0.3000000119
92384  -45.431  14.633  -6.063 0.3000000119
93046  -48.524  15.610  15.468 0.6000000238
93114  -39.623  15.533  4.706 0.8999999762
93194  -56.956  16.082  -1.557 0.3000000119
93229  -47.625  16.601  -5.291 0.2000000030
93892  -49.097  16.005  15.640 0.5000000000
93894  -50.711  16.721  15.328 0.4000000060
93939  -41.600  16.138  8.388 0.8000000119
93956  -39.666  16.411  5.650 1.0000000000
94012  -54.299  16.794  -1.632 0.3000000119
94015  -56.590  16.439  -1.452 0.3000000119
94030  -55.401  17.155  -2.024 0.3000000119
94047  -53.205  17.606  -2.942 0.3000000119
94050  -56.126  16.705  -2.155 0.3000000119
94060  -48.833  17.525  -4.132 0.2000000030
94061  -53.137  17.009  -3.760 0.3000000119
94071  -51.824  17.244  -4.317 0.2000000030
94072  -52.352  17.491  -4.032 0.3000000119
94077  -47.062  16.342  -5.505 0.3000000119
94734  -51.087  17.147  15.360 0.3000000119
94735  -51.640  17.376  15.146 0.3000000119
94736  -52.391  17.826  15.046 0.3000000119
94743  -51.108  16.712  15.003 0.4000000060
94856  -50.645  17.638  -3.614 0.2000000030
94868  -52.193  17.760  -3.765 0.3000000119
94870  -54.464  17.381  -3.003 0.3000000119
94874  -50.014  17.669  -4.251 0.2000000030
95536  -51.820  17.803  15.326 0.3000000119
95537  -52.707  18.290  15.183 0.3000000119
95538  -53.251  18.778  15.014 0.4000000060
95547  -52.984  18.411  14.867 0.3000000119
95560  -52.554  18.185  14.361 0.4000000060
95562  -53.403  18.925  14.509 0.4000000060
95572  -49.123  18.064  12.815 0.6000000238
95605  -44.595  18.812  8.692 0.6000000238
95628  -41.981  18.835  6.906 0.8999999762
96377  -51.385  18.408  15.423 0.3000000119
96385  -52.049  19.189  15.296 0.3000000119
96387  -53.454  19.382  14.561 0.4000000060
96402  -53.608  19.954  13.075 0.3000000119
96427  -53.388  20.021  11.846 0.4000000060
97221  -50.366  19.627  14.478 0.3000000119
97223  -53.624  20.050  14.054 0.3000000119
97264  -53.503  20.253  11.996 0.4000000060
98099  -53.619  20.697  12.777 0.3000000119
98122  -54.114  21.443  8.155 0.3000000119
98132  -54.803  21.723  7.404 0.1000000015
98146  -55.463  22.240  6.680 0.1000000015
98155  -52.873  21.800  4.918 0.1000000015
98157  -54.435  22.074  4.875 0.1000000015
98895  -55.544  22.936  5.414 0.1000000015
98903  -53.987  22.877  4.104 0.1000000015
98904  -54.530  22.942  4.435 0.1000000015
98971  -41.884  22.684  -3.581 0.6000000238
99558  -55.931  23.556  8.291 0.1000000015
99559  -56.338  24.141  7.633 0.1000000015
99566  -56.120  23.628  6.759 0.1000000015
99579  -55.760  23.480  5.871 0.1000000015
99580  -56.229  24.394  6.966 0.1000000015
99597  -53.626  23.373  4.419 0.1000000015
99598  -54.522  23.296  4.683 0.1000000015
99612  -48.574  23.895  4.524 0.2000000030
99649  -38.546  24.743  0.525 0.2000000030
99679  -42.675  23.804  -3.262 0.5000000000
99691  -45.590  24.401  -3.405 0.8000000119
100274  -53.453  24.501  10.562 0.1000000015
100294  -52.401  24.651  6.900 0.1000000015
100313  -53.114  24.262  6.371 0.1000000015
101062  -55.988  25.182  8.402 0.1000000015
101074  -56.472  25.306  7.375 0.1000000015
101792  -50.721  25.947  10.217 0.1000000015
101817  -55.147  26.716  8.775 0.1000000015
101819  -56.341  25.752  8.065 0.1000000015
101834  -56.469  25.885  7.271 0.1000000015
101856  -56.115  26.433  6.383 0.1000000015
103179  -53.794  28.568  9.296 0.1000000015
103180  -54.432  28.486  8.937 0.1000000015
104475  -52.218  31.173  9.426 0.1000000015
104476  -52.769  30.773  9.240 0.1000000015
105250  -51.015  32.532  9.380 0.1000000015
106041  -49.582  33.654  9.218 0.1000000015
122847  -49.623  8.659  24.370 0.1000000015
123049  -37.502  5.775  28.078 0.1000000015
123324  -56.954  14.617  3.448 0.2000000030
123842  -56.222  2.639  20.485 0.1000000015
124124  -49.797  24.107  6.276 0.1000000015
124288  -56.005  6.235  22.655 0.1000000015
124329  -33.200  7.155  20.647 0.1000000015
124647  -51.514  10.663  24.153 0.1000000015
124874  -38.079  5.563  29.872 0.1000000015
125110  -56.032  4.024  23.754 0.1000000015
125265  -56.628  -6.024  23.047 0.1000000015
126303  -49.223  5.881  19.305 0.1000000015
127075  -51.137  24.347  6.469 0.1000000015
127220  -57.091  -7.736  22.788 0.1000000015
127546  -56.121  10.455  21.734 0.1000000015
127610  -56.703  -6.716  22.441 0.1000000015
127699  -53.509  19.645  13.328 0.4000000060
128068  -48.938  10.492  23.175 0.1000000015
128277  -49.629  16.523  15.561 0.4000000060
129037  -53.663  25.230  10.117 0.1000000015
129538  -51.003  17.261  -4.427 0.2000000030
129965  -57.242  2.517  22.750 0.1000000015
130984  -52.421  17.616  -3.179 0.3000000119
130992  -54.327  21.456  9.240 0.1000000015
131674  -57.016  16.156  -0.888 0.3000000119
131703  -48.076  13.326  9.290 0.8000000119
133018  -54.375  21.734  5.519 0.1000000015
133071  -35.777  8.951  23.654 0.1000000015
134245  -51.866  28.450  9.588 0.1000000015
134649  -41.822  1.896  37.251 0.1000000015
136133  -55.550  -0.944  24.090 0.1000000015
136291  -53.342  13.000  23.791 0.1000000015
136374  -41.646  3.647  13.858 0.2000000030
137290  -50.384  5.810  13.174 0.1000000015
137501  -46.431  15.935  -5.797 0.3000000119
139901  -56.452  -6.960  23.495 0.1000000015
140334  -56.366  -4.912  23.554 0.1000000015
140479  -34.574  5.376  19.754 0.1000000015
141115  -54.090  1.636  24.521 0.1000000015
141262  -55.007  22.024  8.796 0.1000000015
141656  -53.045  3.441  22.526 0.1000000015
142913  -46.669  21.220  4.210 0.6999999881
142985  -44.215  3.998  14.524 0.1000000015
143188  -46.385  6.682  7.357 0.1000000015
143753  -37.419  2.541  33.023 0.1000000015
144010  -41.876  4.625  15.589 0.1000000015
144722  -49.661  24.017  -0.451 0.2000000030
144950  -56.701  -7.382  23.405 0.1000000015
145010  -56.588  15.864  -0.069 0.3000000119
145408  -52.992  6.041  19.770 0.1000000015
145649  -48.600  17.081  15.486 0.3000000119
145692  -40.889  16.242  13.141 0.1000000015
145695  -34.600  8.332  22.705 0.1000000015
146203  -58.075  11.451  1.577 0.2000000030
147050  -52.506  6.968  10.985 0.1000000015
147188  -35.292  6.732  24.100 0.1000000015
147402  -38.505  4.717  12.517 0.2000000030
147425  -46.646  18.001  14.162 0.2000000030
147594  -49.719  15.791  15.175 0.6999999881
147766  -36.502  4.916  14.956 0.1000000015
