#!ascii label  , from subject sub-v1s21x0050403_ses-1 vox2ras=TkReg
4286
44385  -7.926  -25.838  84.209 0.2222220004
46468  -9.474  -23.747  84.294 0.3333329856
47501  -10.525  -22.802  82.402 0.4444440007
48504  -11.281  -21.929  82.622 0.5555559993
48509  -11.830  -21.489  82.642 0.5555559993
49591  -12.563  -20.889  82.655 0.5555559993
49584  -12.522  -21.067  83.035 0.4444440007
49592  -13.392  -20.505  82.356 0.5555559993
45446  -8.002  -24.436  83.867 0.4444440007
45442  -8.562  -23.547  84.097 0.3333329856
45443  -9.398  -23.092  84.223 0.3333329856
43351  -6.463  -26.665  81.143 0.3333329856
43348  -6.679  -26.636  82.552 0.3333329856
44391  -7.651  -25.355  83.763 0.3333329856
46470  -8.994  -24.137  82.931 0.4444440007
46472  -10.074  -23.689  82.797 0.4444440007
42372  -6.108  -27.756  81.171 0.1111110002
141286  -6.263  -27.376  81.932 0.3333329856
46471  -9.578  -23.763  83.122 0.5555559993
47500  -9.819  -23.573  82.458 0.4444440007
47515  -10.059  -22.656  82.071 0.5555559993
48508  -10.861  -21.912  82.326 0.5555559993
127633  -9.706  -22.744  81.532 0.5555559993
47519  -10.423  -22.314  81.297 0.5555559993
47523  -10.532  -22.757  79.975 0.5555559993
48517  -11.866  -21.916  80.247 0.6666669846
48512  -12.289  -21.395  80.982 0.5555559993
49597  -13.690  -20.717  81.353 0.6666669846
49586  -14.567  -20.453  82.677 0.4444440007
47524  -12.312  -22.330  79.315 0.6666669846
48518  -12.745  -21.737  79.942 0.6666669846
49606  -14.051  -20.948  80.303 0.7777780294
49607  -14.942  -20.946  80.137 0.7777780294
47530  -12.575  -22.665  78.423 0.7777780294
48526  -13.196  -22.010  78.926 0.7777780294
128030  -13.989  -21.727  78.982 0.7777780294
147082  -12.327  -23.279  77.189 0.7777780294
47537  -12.730  -22.886  77.596 0.7777780294
48534  -13.928  -21.961  78.237 0.7777780294
133656  -14.485  -21.472  79.524 0.7777780294
46527  -12.226  -23.578  76.530 0.7777780294
47548  -12.920  -23.088  76.747 0.7777780294
131468  -13.329  -22.717  77.330 0.7777780294
47538  -13.885  -22.370  77.504 0.7777780294
46466  -8.796  -23.224  84.075 0.4444440007
44397  -6.827  -26.099  81.816 0.4444440007
44394  -7.219  -25.768  82.676 0.3333329856
136276  -8.118  -24.886  83.197 0.4444440007
45449  -8.556  -24.664  82.668 0.4444440007
46482  -8.766  -24.133  82.176 0.4444440007
147943  -6.029  -27.236  79.590 0.4444440007
43350  -6.250  -27.017  80.215 0.1111110002
139459  -6.818  -25.650  80.910 0.4444440007
44398  -7.377  -25.407  81.729 0.3333329856
45448  -8.036  -25.075  82.184 0.4444440007
45452  -8.233  -24.375  81.735 0.4444440007
47513  -8.952  -23.611  81.914 0.5555559993
47514  -9.370  -23.266  82.055 0.5555559993
44401  -6.417  -25.909  79.952 0.4444440007
45458  -6.803  -24.782  79.994 0.4444440007
45451  -7.620  -24.612  81.287 0.5555559993
45460  -7.878  -23.890  80.969 0.5555559993
130795  -8.530  -23.612  81.256 0.5555559993
47518  -9.093  -23.053  81.344 0.5555559993
47522  -9.741  -22.831  80.763 0.5555559993
44407  -5.506  -25.573  78.973 0.5555559993
44408  -6.334  -25.208  79.553 0.4444440007
45466  -6.561  -24.851  79.267 0.5555559993
45459  -7.433  -24.282  80.318 0.5555559993
46505  -8.354  -23.793  80.109 0.5555559993
45478  -8.719  -24.068  78.941 0.5555559993
46495  -9.125  -23.368  80.457 0.5555559993
144267  -9.743  -23.184  79.908 0.5555559993
47520  -11.127  -22.196  80.492 0.5555559993
44418  -5.822  -25.271  78.954 0.4444440007
45476  -6.339  -24.961  78.615 0.5555559993
45467  -7.128  -24.532  79.513 0.5555559993
45468  -7.846  -24.309  79.279 0.6666669846
45479  -9.055  -24.344  78.107 0.6666669846
46507  -10.172  -23.449  79.039 0.6666669846
47528  -11.018  -23.018  78.955 0.7777780294
130546  -11.484  -22.534  79.606 0.7777780294
50687  -16.946  -20.147  81.150 0.7777780294
50682  -16.645  -20.047  81.892 0.4444440007
45475  -5.697  -25.258  78.200 0.5555559993
45487  -6.605  -25.050  77.775 0.4444440007
45488  -7.674  -24.902  77.387 0.5555559993
128556  -8.219  -24.487  78.277 0.6666669846
46525  -10.172  -23.925  78.134 0.7777780294
130547  -10.644  -23.815  77.665 0.7777780294
151528  -11.415  -23.317  78.354 0.7777780294
47536  -11.991  -23.195  77.893 0.7777780294
49608  -15.782  -20.869  79.949 0.7777780294
144694  -6.836  -25.331  76.785 0.3333329856
127965  -8.441  -24.889  76.564 0.6666669846
45501  -9.287  -24.622  76.790 0.6666669846
45491  -10.123  -24.295  77.212 0.7777780294
46532  -10.980  -23.862  77.070 0.7777780294
46526  -11.727  -23.592  77.147 0.7777780294
48535  -14.566  -21.979  77.651 0.7777780294
48527  -14.798  -21.708  78.580 0.7777780294
128932  -9.919  -24.558  76.150 0.6666669846
145309  -13.389  -23.124  76.094 0.7777780294
47539  -14.375  -22.314  77.039 0.7777780294
48550  -14.979  -21.956  76.936 0.7777780294
45520  -9.668  -24.606  75.161 0.5555559993
45502  -10.746  -24.290  76.334 0.6666669846
45503  -11.292  -24.173  75.639 0.6666669846
46534  -12.784  -23.539  75.906 0.6666669846
46549  -13.410  -23.300  75.257 0.7777780294
47550  -14.572  -22.485  76.404 0.6666669846
45521  -10.529  -24.395  75.444 0.5555559993
45541  -11.099  -24.187  74.863 0.5555559993
46548  -12.502  -23.739  74.980 0.5555559993
45540  -10.317  -24.314  74.548 0.5555559993
45552  -10.890  -24.018  74.166 0.5555559993
46561  -11.748  -24.037  75.101 0.5555559993
46573  -12.556  -23.611  74.030 0.5555559993
46562  -13.109  -23.465  74.496 0.6666669846
50688  -17.810  -19.928  80.877 0.6666669846
50683  -17.581  -19.891  81.733 0.4444440007
49601  -17.219  -20.447  80.275 0.7777780294
49617  -16.680  -21.034  78.753 0.7777780294
48528  -15.777  -21.433  78.633 0.7777780294
47577  -14.199  -22.833  75.039 0.7777780294
150781  -15.507  -21.730  77.718 0.7777780294
47563  -14.832  -22.567  75.555 0.6666669846
131594  -12.768  -23.467  73.193 0.6666669846
129645  -13.746  -23.087  74.404 0.5555559993
50692  -18.175  -20.369  80.010 0.8888890147
146504  -18.831  -19.691  80.606 0.5555559993
51755  -19.818  -19.204  82.399 0.4444440007
49611  -18.438  -20.739  79.136 0.8888890147
49610  -17.478  -20.768  79.408 0.8888890147
49619  -18.588  -20.926  78.250 0.8888890147
48536  -16.423  -21.577  77.367 0.7777780294
49632  -17.952  -21.274  77.707 0.8888890147
132818  -15.792  -21.806  76.788 0.7777780294
136562  -16.610  -21.650  76.536 0.7777780294
47564  -15.561  -22.300  75.570 0.6666669846
48570  -16.767  -21.729  75.696 0.7777780294
47593  -13.993  -22.941  73.592 0.5555559993
47578  -14.651  -22.814  74.278 0.5555559993
47579  -16.281  -22.376  74.370 0.7777780294
48571  -17.603  -21.617  75.375 0.7777780294
47595  -15.576  -22.672  73.889 0.4444440007
47596  -16.416  -22.532  73.514 0.6666669846
47606  -14.973  -22.850  72.468 0.5555559993
47607  -15.691  -22.719  73.016 0.5555559993
52754  -20.975  -17.828  81.807 0.4444440007
144201  -19.451  -19.516  79.935 0.8888890147
52753  -20.377  -18.216  81.515 0.5555559993
51778  -27.957  -18.478  80.268 0.3333329856
50693  -19.049  -20.129  79.597 0.8888890147
49633  -19.221  -20.698  77.166 0.8888890147
51770  -28.738  -18.698  80.026 0.4444440007
147337  -18.718  -21.058  77.436 0.8888890147
50699  -29.135  -19.710  79.466 0.5555559993
49652  -18.168  -21.394  76.881 0.8888890147
132739  -29.150  -19.594  77.714 0.5555559993
48553  -18.393  -21.369  75.953 0.8888890147
136441  -29.209  -20.644  76.713 0.6666669846
48589  -17.753  -21.766  74.493 0.7777780294
48572  -18.319  -21.400  75.017 0.7777780294
50762  -28.697  -19.150  73.649 0.8888890147
49675  -28.858  -20.626  74.825 0.7777780294
48576  -32.716  -21.658  75.901 0.3333329856
48606  -17.092  -22.123  73.974 0.6666669846
138044  -28.904  -20.200  73.560 0.8888890147
47586  -31.884  -22.120  75.072 0.4444440007
48596  -32.348  -21.479  74.843 0.4444440007
47608  -16.494  -22.590  72.672 0.5555559993
48613  -30.644  -21.114  73.190 0.6666669846
48614  -31.495  -21.219  73.366 0.6666669846
48615  -32.312  -21.378  73.736 0.6666669846
49708  -30.966  -20.588  72.844 0.7777780294
144414  -20.481  -17.743  80.184 0.6666669846
53761  -21.213  -17.374  81.094 0.2222220004
52764  -21.700  -17.403  80.978 0.1111110002
52780  -27.489  -17.209  79.737 0.2222220004
129167  -19.968  -18.809  79.184 0.7777780294
52781  -27.886  -17.672  80.165 0.4444440007
50704  -19.681  -19.871  78.157 0.8888890147
52782  -28.064  -17.305  80.073 0.5555559993
52766  -28.212  -18.235  80.170 0.5555559993
147414  -18.906  -21.068  76.674 0.8888890147
49634  -19.567  -20.089  77.276 0.8888890147
52799  -28.859  -18.107  78.297 0.5555559993
51793  -28.623  -18.411  79.062 0.5555559993
49654  -19.399  -20.467  76.559 0.8888890147
52814  -29.008  -17.711  77.465 0.5555559993
51802  -29.041  -18.679  77.628 0.5555559993
49670  -19.486  -20.154  75.805 0.8888890147
50746  -28.675  -18.698  75.581 0.7777780294
134396  -29.128  -19.923  76.872 0.5555559993
48577  -33.105  -21.104  76.771 0.5555559993
146301  -18.797  -21.072  75.369 0.7777780294
49685  -18.886  -21.006  74.697 0.7777780294
50761  -28.593  -18.923  74.607 0.8888890147
50732  -28.880  -19.344  76.239 0.7777780294
48607  -17.961  -21.837  73.556 0.7777780294
48608  -18.655  -21.403  73.444 0.6666669846
50774  -28.991  -19.389  72.826 0.8888890147
49706  -29.375  -20.160  72.885 0.8888890147
149883  -32.926  -21.375  74.354 0.6666669846
47597  -17.225  -22.300  73.111 0.6666669846
149719  -18.394  -21.663  73.065 0.6666669846
51846  -29.046  -19.210  72.506 1.0000000000
50775  -29.583  -19.628  72.436 0.8888890147
49707  -30.163  -20.290  72.673 0.8888890147
48632  -32.693  -21.530  72.745 0.7777780294
134663  -16.536  -22.595  71.875 0.5555559993
48627  -18.831  -21.332  72.648 0.6666669846
49721  -30.282  -20.042  72.394 1.0000000000
146652  -31.757  -20.999  73.017 0.8888890147
47631  -17.268  -22.413  70.689 0.6666669846
48641  -18.551  -21.689  71.697 0.6666669846
49722  -31.186  -20.541  72.551 0.8888890147
138466  -17.291  -22.353  69.784 0.5555559993
53771  -21.513  -16.955  80.591 0.1111110002
53772  -21.951  -16.890  80.591 0.1111110002
53787  -27.290  -16.201  79.470 0.3333329856
53780  -21.186  -16.874  79.998 0.5555559993
52776  -20.079  -18.149  79.660 0.7777780294
53794  -21.100  -16.831  79.208 0.7777780294
140136  -27.788  -16.757  80.055 0.4444440007
52792  -20.547  -17.448  78.515 0.7777780294
53788  -27.712  -16.219  79.834 0.4444440007
50715  -19.777  -19.072  77.429 0.7777780294
52806  -19.975  -18.125  77.968 0.7777780294
53799  -27.996  -16.699  78.977 0.5555559993
52798  -28.286  -17.689  79.024 0.5555559993
149771  -19.762  -18.667  76.613 0.7777780294
50728  -19.637  -19.530  76.459 0.7777780294
52826  -28.875  -17.341  76.647 0.8888890147
48578  -33.876  -20.777  76.138 0.5555559993
138174  -19.472  -19.781  75.031 0.8888890147
51827  -28.433  -18.085  74.883 0.8888890147
48598  -34.377  -21.045  74.697 0.5555559993
49686  -19.263  -20.351  74.430 0.8888890147
138241  -19.029  -20.993  73.941 0.6666669846
142285  -28.841  -18.969  72.514 1.0000000000
49700  -19.051  -20.913  73.258 0.6666669846
51855  -29.488  -19.365  72.280 1.0000000000
48631  -32.058  -21.155  72.262 0.8888890147
48640  -17.934  -22.145  71.163 0.6666669846
50798  -30.254  -19.734  72.051 1.0000000000
50787  -30.847  -20.189  72.169 1.0000000000
49735  -31.505  -20.788  71.811 0.8888890147
138694  -17.341  -22.198  68.755 0.4444440007
48655  -18.708  -21.497  70.090 0.6666669846
146726  -19.189  -20.777  70.314 0.7777780294
49734  -30.948  -20.284  71.494 1.0000000000
49743  -19.097  -20.751  69.555 0.6666669846
48665  -18.614  -21.401  69.133 0.6666669846
49756  -18.836  -20.612  68.745 0.6666669846
53782  -22.473  -16.558  79.966 0.1111110002
53781  -21.811  -16.603  79.968 0.1111110002
54704  -26.513  -15.274  79.432 0.3333329856
54705  -27.235  -15.564  79.265 0.4444440007
148928  -27.592  -15.949  79.504 0.5555559993
53804  -20.910  -16.759  78.189 0.7777780294
54716  -27.454  -15.034  78.783 0.6666669846
52822  -20.389  -17.424  76.668 0.7777780294
54725  -28.039  -15.232  77.972 0.6666669846
49677  -34.566  -20.568  76.559 0.4444440007
49659  -34.402  -20.787  77.223 0.3333329856
52821  -19.853  -17.992  76.251 0.7777780294
54737  -28.112  -15.407  76.889 0.7777780294
53808  -28.823  -16.736  77.372 0.6666669846
49676  -33.671  -20.835  77.285 0.3333329856
52834  -20.297  -17.414  75.831 0.7777780294
53830  -28.444  -16.372  75.868 0.8888890147
52836  -28.690  -17.772  75.830 0.8888890147
50756  -19.493  -19.378  74.130 0.7777780294
51835  -19.701  -18.479  74.224 0.7777780294
152138  -20.182  -17.479  75.147 0.7777780294
145798  -27.932  -16.951  74.561 0.8888890147
144795  -28.057  -18.073  73.395 1.0000000000
48617  -34.854  -21.388  73.548 0.7777780294
48616  -33.911  -21.404  73.972 0.5555559993
51845  -19.671  -18.586  73.512 0.7777780294
130407  -28.633  -18.739  72.998 1.0000000000
48633  -33.585  -21.799  72.195 0.8888890147
131092  -34.321  -21.755  72.931 0.6666669846
49717  -19.209  -20.890  71.789 0.6666669846
50771  -19.460  -19.408  73.142 0.8888890147
52866  -20.054  -17.953  72.361 0.7777780294
133992  -32.817  -21.578  71.920 0.8888890147
50785  -19.380  -20.009  71.819 0.7777780294
50797  -19.515  -19.247  71.404 0.7777780294
151020  -20.054  -18.084  71.608 0.7777780294
52872  -28.467  -18.337  72.194 0.8888890147
51865  -29.633  -19.170  71.736 1.0000000000
50796  -19.309  -20.139  70.956 0.7777780294
51862  -19.828  -18.531  71.100 0.7777780294
52878  -20.737  -17.830  71.730 0.8888890147
51854  -28.943  -18.901  72.236 1.0000000000
50810  -30.259  -19.716  71.369 1.0000000000
51886  -19.791  -18.854  69.517 0.7777780294
51863  -20.319  -18.055  71.001 0.7777780294
51864  -29.040  -18.717  71.799 0.8888890147
48676  -18.294  -21.234  68.345 0.5555559993
50831  -18.960  -19.847  68.409 0.5555559993
51906  -19.844  -18.925  68.590 0.6666669846
50842  -18.697  -19.804  67.657 0.4444440007
129287  -19.318  -19.313  67.976 0.5555559993
50843  -20.051  -18.875  67.690 0.6666669846
54700  -23.166  -15.727  79.957 0.1111110002
53783  -23.347  -15.893  80.034 0.1111110002
54699  -22.399  -16.117  79.631 0.2222220004
54701  -23.926  -15.293  80.067 0.1111110002
54703  -25.289  -14.950  79.820 0.3333329856
53805  -21.500  -16.428  77.811 0.6666669846
53795  -21.674  -16.475  78.901 0.5555559993
54714  -23.635  -15.257  79.797 0.2222220004
55605  -24.740  -14.739  79.629 0.6666669846
55598  -24.978  -14.881  79.886 0.5555559993
55617  -24.846  -14.658  78.710 0.6666669846
55607  -26.346  -14.583  79.084 0.5555559993
54715  -26.797  -14.869  79.195 0.4444440007
53813  -20.906  -16.855  77.183 0.7777780294
55628  -26.033  -14.912  77.233 0.7777780294
55619  -26.653  -14.617  78.143 0.7777780294
55608  -27.110  -14.759  78.690 0.7777780294
148311  -34.937  -20.522  76.411 0.4444440007
49660  -35.532  -20.344  76.458 0.2222220004
55629  -26.900  -14.895  77.038 1.0000000000
55620  -27.357  -14.788  77.766 0.7777780294
49691  -34.928  -20.718  75.258 0.6666669846
49678  -35.309  -20.220  75.730 0.4444440007
53825  -20.829  -16.852  76.244 0.7777780294
54748  -26.985  -15.412  75.172 1.0000000000
54736  -27.813  -15.245  76.427 1.0000000000
52843  -19.855  -17.924  74.687 0.7777780294
53836  -20.829  -16.997  75.266 0.7777780294
54749  -27.716  -15.492  75.457 1.0000000000
54762  -27.848  -15.832  74.808 0.8888890147
48618  -35.425  -21.117  73.393 0.6666669846
49692  -35.455  -20.395  74.328 0.5555559993
128138  -35.732  -19.527  75.199 0.5555559993
52854  -20.743  -17.348  73.764 0.7777780294
52844  -21.130  -16.964  74.398 0.7777780294
54761  -27.592  -15.755  74.524 1.0000000000
54772  -27.560  -16.239  74.037 1.0000000000
52857  -27.743  -17.320  73.861 1.0000000000
51848  -35.345  -18.601  73.854 0.8888890147
51839  -35.748  -18.420  74.660 0.5555559993
53854  -27.351  -16.644  73.183 1.0000000000
53855  -27.535  -16.941  73.544 1.0000000000
53870  -27.568  -17.315  72.659 1.0000000000
130456  -34.462  -21.599  72.137 0.8888890147
48635  -35.460  -20.996  72.696 0.7777780294
49709  -35.476  -20.581  73.300 0.6666669846
51847  -34.739  -18.008  73.291 0.8888890147
52867  -20.782  -17.675  72.484 0.7777780294
52858  -28.374  -18.408  72.684 1.0000000000
48646  -33.122  -21.475  71.379 0.8888890147
49723  -34.889  -20.436  72.029 0.8888890147
50776  -34.951  -18.927  73.015 0.8888890147
51874  -20.778  -18.121  70.325 0.8888890147
144816  -21.537  -17.685  71.514 0.8888890147
148904  -27.973  -17.992  72.553 1.0000000000
48645  -32.288  -21.374  71.270 0.8888890147
48647  -33.839  -21.459  71.446 0.8888890147
52879  -21.956  -17.664  70.946 0.8888890147
51896  -20.566  -18.663  68.413 0.6666669846
148032  -21.873  -17.763  69.709 0.8888890147
52891  -22.348  -17.666  70.225 0.8888890147
132830  -18.995  -19.422  67.292 0.5555559993
50855  -19.879  -18.936  66.734 0.5555559993
51897  -21.449  -18.305  68.257 0.6666669846
52913  -22.222  -17.797  68.456 0.6666669846
51917  -20.717  -18.729  66.964 0.5555559993
51907  -21.577  -18.395  67.191 0.6666669846
54712  -22.107  -15.978  78.570 0.5555559993
128841  -23.349  -15.332  78.645 0.6666669846
55616  -24.080  -14.839  79.283 0.7777780294
54722  -22.616  -15.700  78.064 0.6666669846
131141  -23.187  -15.621  77.397 0.7777780294
55618  -25.772  -14.599  78.405 0.7777780294
54732  -23.687  -15.639  76.741 0.7777780294
54723  -25.066  -14.936  77.453 1.0000000000
50719  -36.480  -18.957  75.796 0.3333329856
53814  -21.457  -16.482  76.811 0.7777780294
150901  -22.541  -15.867  77.095 0.6666669846
54731  -22.936  -15.893  76.289 0.7777780294
54733  -24.462  -15.523  76.601 1.0000000000
138725  -25.397  -15.357  76.345 1.0000000000
54734  -26.405  -15.206  76.161 1.0000000000
135997  -35.728  -19.744  76.019 0.4444440007
54745  -23.805  -15.838  75.872 0.7777780294
54746  -24.711  -15.754  75.588 1.0000000000
54747  -25.803  -15.594  75.232 1.0000000000
50747  -35.936  -18.945  75.151 0.4444440007
51816  -36.122  -18.279  74.793 0.4444440007
53818  -36.354  -17.097  74.389 0.4444440007
53837  -21.712  -16.762  75.031 0.7777780294
53828  -23.182  -16.337  75.341 0.7777780294
51828  -35.781  -18.213  74.727 0.5555559993
140912  -35.982  -17.141  74.253 0.5555559993
54738  -37.009  -16.416  74.884 0.4444440007
149508  -21.431  -17.117  73.772 0.7777780294
53838  -22.574  -16.699  74.792 0.7777780294
53839  -23.403  -16.629  74.500 0.8888890147
54759  -24.947  -16.086  74.661 1.0000000000
53841  -25.968  -15.878  74.202 1.0000000000
153232  -35.629  -17.302  74.163 0.6666669846
54751  -36.526  -16.593  74.467 0.4444440007
54752  -36.971  -15.680  75.205 0.4444440007
146139  -22.124  -17.134  73.476 0.7777780294
53864  -22.972  -17.187  73.175 0.8888890147
53868  -26.804  -16.210  72.801 1.0000000000
54771  -27.361  -16.109  73.572 1.0000000000
52859  -35.004  -17.587  73.485 0.8888890147
52860  -35.313  -17.343  73.818 0.7777780294
54763  -36.349  -16.770  74.536 0.6666669846
54764  -36.780  -15.991  74.895 0.4444440007
52856  -22.252  -17.388  72.669 0.8888890147
54778  -27.196  -16.540  72.662 1.0000000000
48648  -34.990  -21.232  72.223 0.8888890147
146717  -34.543  -19.260  72.342 0.8888890147
53857  -35.962  -16.943  74.057 0.8888890147
55669  -37.026  -15.270  74.489 0.4444440007
127739  -22.365  -17.558  71.743 0.8888890147
53869  -27.299  -16.873  72.446 0.8888890147
49749  -31.561  -21.071  70.829 1.0000000000
48660  -33.321  -21.242  70.905 0.8888890147
49737  -34.450  -21.115  71.546 0.8888890147
51856  -34.465  -18.432  72.299 0.8888890147
140204  -34.837  -17.813  72.708 0.8888890147
53858  -36.210  -16.620  73.357 0.8888890147
54773  -36.625  -16.175  73.794 0.7777780294
52892  -23.249  -17.573  70.163 0.8888890147
53879  -27.488  -17.199  71.755 0.8888890147
52883  -28.411  -18.194  71.628 0.8888890147
51878  -29.601  -19.113  71.249 0.8888890147
48658  -32.093  -21.294  70.493 1.0000000000
48659  -32.721  -21.250  70.705 0.8888890147
49736  -33.697  -20.927  70.781 0.8888890147
50788  -34.145  -19.216  71.671 0.8888890147
53871  -36.057  -16.776  72.410 0.8888890147
53872  -36.701  -16.065  72.854 0.8888890147
52904  -22.636  -17.592  69.308 0.8888890147
52906  -24.144  -17.134  69.165 0.8888890147
53888  -27.642  -17.248  70.727 0.8888890147
51877  -28.923  -18.545  71.068 0.8888890147
50809  -30.009  -19.787  70.428 0.8888890147
49750  -33.053  -20.993  70.300 0.8888890147
50812  -33.832  -19.208  70.805 0.8888890147
52884  -34.625  -17.877  71.691 0.8888890147
52925  -22.738  -17.727  67.813 0.6666669846
52905  -23.426  -17.368  68.817 0.6666669846
52915  -24.031  -17.065  68.364 0.8888890147
51888  -28.662  -18.847  69.128 0.8888890147
51889  -29.170  -19.291  69.418 0.8888890147
49748  -30.818  -20.524  70.389 0.8888890147
49761  -31.677  -21.057  69.945 0.7777780294
50799  -34.092  -20.258  71.146 0.7777780294
51908  -22.536  -17.987  66.959 0.6666669846
52914  -23.390  -17.412  68.024 0.6666669846
135486  -29.789  -19.933  68.758 0.8888890147
50821  -30.320  -20.297  69.479 0.8888890147
49760  -31.148  -20.728  69.260 0.7777780294
48670  -32.402  -21.054  69.986 0.7777780294
49763  -32.815  -20.562  69.628 0.7777780294
50811  -33.541  -19.975  70.352 0.8888890147
51866  -34.276  -18.559  71.240 0.8888890147
129577  -35.495  -17.625  70.987 0.8888890147
151325  -35.947  -17.111  71.405 0.7777780294
51900  -29.045  -19.352  68.566 0.7777780294
49762  -32.185  -20.709  69.038 0.7777780294
51879  -33.663  -19.078  69.943 0.8888890147
51880  -34.230  -18.537  70.231 0.8888890147
52896  -34.838  -18.063  70.548 1.0000000000
51911  -28.853  -19.330  67.752 0.7777780294
50833  -29.473  -19.781  67.988 0.7777780294
49772  -30.657  -20.459  68.524 0.7777780294
49773  -31.461  -20.539  68.404 0.7777780294
50835  -32.691  -20.044  68.397 0.7777780294
50822  -32.889  -20.163  69.034 0.7777780294
50823  -33.271  -19.806  69.526 0.7777780294
52897  -36.191  -17.107  70.469 0.8888890147
51922  -28.775  -19.144  66.917 0.6666669846
50844  -29.619  -19.771  67.112 0.5555559993
132001  -30.711  -20.027  67.042 0.6666669846
49774  -32.105  -20.351  68.205 0.6666669846
50836  -33.182  -19.497  68.748 0.7777780294
51890  -33.590  -18.951  69.140 0.7777780294
51891  -34.125  -18.413  69.392 0.6666669846
52909  -35.692  -17.584  69.825 0.6666669846
50845  -31.632  -20.042  67.116 0.5555559993
51901  -32.999  -19.281  68.014 0.6666669846
52908  -34.900  -18.026  69.568 0.6666669846
51924  -32.246  -19.297  66.657 0.5555559993
50846  -32.405  -19.836  67.564 0.5555559993
51902  -33.466  -18.711  68.414 0.4444440007
52919  -34.528  -17.781  68.806 0.5555559993
52920  -35.266  -17.455  69.119 0.5555559993
51803  -36.477  -18.499  75.159 0.3333329856
53819  -36.921  -17.270  74.613 0.4444440007
53829  -24.024  -16.182  75.001 1.0000000000
144623  -25.084  -16.394  73.792 1.0000000000
55641  -36.979  -14.732  75.924 0.4444440007
53840  -24.232  -16.541  74.174 1.0000000000
54770  -26.717  -15.903  73.598 1.0000000000
55654  -36.867  -14.956  75.441 0.4444440007
52869  -23.176  -17.453  72.339 0.8888890147
53865  -23.826  -17.207  72.871 1.0000000000
131588  -25.161  -16.719  73.000 1.0000000000
53867  -25.926  -16.472  72.517 1.0000000000
135421  -26.948  -16.488  71.985 0.8888890147
55655  -37.242  -14.314  74.920 0.4444440007
53866  -25.142  -16.965  72.222 1.0000000000
145525  -26.591  -16.388  72.039 0.8888890147
54784  -26.836  -16.637  71.153 0.8888890147
53878  -27.132  -16.861  71.003 0.8888890147
54774  -37.267  -15.432  73.356 0.7777780294
152173  -23.286  -17.549  71.580 1.0000000000
53876  -25.107  -17.087  71.523 1.0000000000
53877  -25.964  -16.645  71.591 0.8888890147
148044  -27.242  -16.729  70.076 0.8888890147
55684  -37.918  -14.763  72.781 0.8888890147
52880  -23.771  -17.534  70.935 0.8888890147
53885  -25.187  -16.794  70.170 0.8888890147
54790  -26.263  -16.449  70.648 0.8888890147
52895  -28.179  -17.982  70.886 0.8888890147
54779  -37.467  -15.542  72.178 0.8888890147
53904  -24.671  -16.589  68.695 0.7777780294
136481  -27.646  -17.029  69.883 0.8888890147
52894  -28.017  -17.636  70.013 0.8888890147
52907  -28.219  -18.129  69.203 0.8888890147
139493  -38.066  -14.847  71.888 0.8888890147
51920  -22.827  -18.128  66.028 0.4444440007
51909  -23.216  -17.756  66.544 0.5555559993
52927  -23.963  -17.092  67.526 0.6666669846
127856  -36.667  -16.614  71.146 0.7777780294
54786  -37.306  -15.977  71.219 0.8888890147
52935  -23.487  -17.754  65.905 0.5555559993
52936  -23.917  -17.250  66.605 0.6666669846
52916  -28.064  -17.775  68.283 0.7777780294
52928  -28.017  -17.826  67.343 0.7777780294
51910  -28.295  -18.632  67.588 0.7777780294
51899  -28.423  -18.749  68.419 0.7777780294
52898  -36.284  -16.944  69.739 0.7777780294
50870  -29.568  -18.933  65.473 0.5555559993
50856  -29.512  -19.297  66.243 0.5555559993
50857  -30.440  -19.616  66.291 0.5555559993
53898  -35.850  -16.817  69.194 0.7777780294
53899  -36.630  -16.332  69.472 0.7777780294
51934  -30.500  -18.762  65.105 0.4444440007
50872  -31.056  -19.263  65.611 0.5555559993
50858  -31.359  -19.608  66.363 0.5555559993
51912  -32.844  -19.105  67.290 0.3333329856
51935  -31.252  -18.591  65.218 0.3333329856
52939  -32.141  -18.331  66.318 0.3333329856
52929  -32.641  -18.302  67.014 0.3333329856
52917  -33.118  -18.239  67.738 0.2222220004
52918  -33.723  -17.822  68.285 0.4444440007
53910  -35.052  -16.962  68.702 0.5555559993
53911  -36.208  -16.090  69.086 0.5555559993
136594  -33.109  -17.114  67.880 0.1111110002
142876  -34.114  -17.048  68.526 0.3333329856
53909  -33.475  -16.321  68.312 0.1111110002
152871  -33.603  -17.082  68.209 0.2222220004
128001  -37.325  -16.454  74.837 0.2222220004
54739  -36.992  -15.419  75.508 0.3333329856
56561  -36.993  -14.078  75.872 0.4444440007
56566  -37.517  -13.322  75.243 0.4444440007
55671  -38.453  -14.075  73.314 0.8888890147
54791  -26.622  -16.414  70.388 0.8888890147
53895  -25.660  -16.286  69.612 0.8888890147
54797  -26.246  -16.167  69.884 0.8888890147
54798  -26.659  -16.062  69.448 0.8888890147
54808  -26.101  -15.902  69.099 0.7777780294
54809  -26.528  -15.820  68.534 0.8888890147
53897  -27.867  -17.260  69.216 0.8888890147
55685  -38.692  -14.232  72.229 0.8888890147
53918  -25.250  -16.023  67.538 0.6666669846
54824  -25.854  -15.742  68.151 0.7777780294
54810  -26.910  -15.904  68.114 0.7777780294
53887  -27.436  -16.660  69.287 0.8888890147
142587  -24.118  -17.243  65.740 0.6666669846
53928  -24.604  -16.530  67.088 0.6666669846
53906  -27.252  -16.504  67.787 0.7777780294
137737  -27.716  -17.148  67.817 0.7777780294
52947  -24.274  -17.143  65.027 0.4444440007
53939  -24.882  -16.370  64.959 0.4444440007
53930  -26.866  -16.954  65.849 0.6666669846
52937  -28.034  -17.934  66.479 0.6666669846
52956  -24.432  -16.855  64.447 0.4444440007
53951  -25.584  -15.947  64.762 0.4444440007
53942  -27.540  -17.520  65.090 0.6666669846
51933  -28.661  -18.751  66.034 0.5555559993
52957  -28.444  -18.009  64.544 0.5555559993
51946  -28.921  -18.592  65.042 0.5555559993
51947  -29.721  -18.599  64.882 0.5555559993
51948  -30.234  -18.329  64.579 0.4444440007
52949  -31.376  -17.849  64.879 0.1111110002
52938  -31.710  -18.195  65.583 0.1111110002
135916  -31.940  -17.592  66.130 0.1111110002
53933  -32.253  -17.288  66.874 0.1111110002
53922  -32.534  -16.587  67.422 0.1111110002
54814  -35.504  -16.094  68.925 0.3333329856
54740  -37.398  -15.277  75.577 0.1111110002
55631  -37.268  -14.602  76.130 0.3333329856
134588  -37.504  -14.027  76.470 0.2222220004
56555  -37.225  -14.009  76.367 0.2222220004
56556  -37.719  -13.162  76.629 0.1111110002
56562  -37.429  -13.264  76.214 0.3333329856
58451  -37.982  -11.696  76.700 0.1111110002
57489  -37.764  -12.329  75.079 0.5555559993
58462  -38.378  -11.208  76.215 0.2222220004
57495  -38.501  -12.422  74.177 0.5555559993
136997  -38.745  -10.610  75.457 0.1111110002
56574  -38.699  -13.314  73.748 0.7777780294
148654  -39.500  -13.065  72.485 0.8888890147
56580  -39.324  -13.548  71.951 0.8888890147
56581  -39.733  -12.967  71.981 0.8888890147
54837  -25.907  -15.727  67.179 0.6666669846
54838  -26.301  -15.951  66.859 0.7777780294
150372  -38.900  -13.985  71.583 0.8888890147
53929  -25.352  -16.032  66.669 0.6666669846
54852  -26.085  -16.205  65.954 0.6666669846
55698  -38.508  -14.473  71.098 0.8888890147
56590  -39.769  -13.133  71.332 0.8888890147
54851  -25.887  -15.924  66.303 0.5555559993
54853  -26.326  -16.570  65.421 0.5555559993
53941  -27.009  -16.889  64.731 0.5555559993
53953  -27.901  -17.305  64.117 0.5555559993
52987  -29.244  -17.236  63.018 0.3333329856
58453  -38.664  -11.297  76.307 0.1111110002
59492  -38.959  -10.234  75.784 0.1111110002
59493  -39.144  -10.332  75.968 0.1111110002
58493  -38.842  -11.605  73.820 0.5555559993
60687  -39.054  -9.439  74.634 0.1111110002
60676  -39.824  -9.565  75.690 0.1111110002
58511  -39.321  -11.668  72.852 0.7777780294
59525  -38.976  -10.860  73.385 0.2222220004
59526  -39.393  -10.690  72.523 0.7777780294
57525  -39.907  -12.404  71.589 0.8888890147
58524  -40.106  -11.657  71.099 0.8888890147
56589  -39.202  -13.750  71.113 0.8888890147
57542  -40.124  -12.489  70.727 1.0000000000
56601  -39.691  -13.292  70.450 1.0000000000
57554  -40.073  -12.622  69.732 1.0000000000
62895  -41.246  -7.551  73.301 0.1111110002
61853  -40.020  -8.350  74.017 0.2222220004
61854  -40.716  -8.033  74.042 0.1111110002
60718  -39.437  -9.379  71.742 0.4444440007
60711  -39.295  -9.608  72.607 0.2222220004
59534  -39.502  -10.054  71.117 0.5555559993
144366  -39.450  -10.120  71.896 0.6666669846
133107  -39.935  -10.853  70.597 0.6666669846
136578  -39.762  -10.855  71.555 0.6666669846
132512  -39.972  -10.849  69.606 1.0000000000
58535  -40.344  -11.693  70.105 1.0000000000
58544  -40.274  -11.757  69.063 1.0000000000
62909  -41.689  -6.999  72.977 0.1111110002
62908  -41.090  -7.178  72.807 0.2222220004
62896  -41.668  -7.448  73.084 0.2222220004
62894  -40.554  -7.815  73.354 0.1111110002
151482  -40.567  -7.432  72.191 0.2222220004
61870  -39.704  -8.570  71.658 0.2222220004
62907  -40.121  -7.846  72.505 0.2222220004
61871  -40.167  -7.822  71.613 0.2222220004
60729  -39.455  -9.259  70.795 0.5555559993
61878  -39.813  -8.516  70.933 0.5555559993
61879  -40.325  -7.919  70.671 0.2222220004
61888  -39.608  -8.898  70.070 0.5555559993
59552  -39.397  -10.093  69.293 0.8888890147
59544  -39.417  -9.972  70.126 0.8888890147
150424  -39.409  -9.450  70.074 0.7777780294
59561  -39.156  -9.975  68.627 1.0000000000
140548  -39.376  -9.593  69.391 0.7777780294
58554  -39.740  -10.815  68.607 1.0000000000
59560  -39.118  -10.502  67.913 1.0000000000
58576  -38.373  -11.160  66.584 1.0000000000
58565  -38.985  -11.595  67.433 1.0000000000
132953  -41.919  -6.582  72.533 0.2222220004
62910  -42.008  -6.839  72.803 0.1111110002
131124  -41.737  -6.502  71.674 0.2222220004
62917  -40.956  -7.002  71.864 0.2222220004
62924  -41.151  -7.040  70.808 0.2222220004
62934  -41.401  -7.213  69.850 0.3333329856
62933  -40.790  -7.753  69.986 0.2222220004
61889  -40.219  -8.405  69.608 0.5555559993
61898  -39.536  -9.003  69.082 0.7777780294
61899  -40.201  -8.545  68.707 0.6666669846
60754  -39.319  -9.576  68.496 1.0000000000
60753  -38.987  -9.946  67.847 1.0000000000
60782  -38.808  -9.972  67.041 1.0000000000
59580  -38.257  -10.176  66.429 1.0000000000
59569  -38.780  -10.456  67.143 1.0000000000
59579  -37.772  -10.736  65.960 1.0000000000
62918  -42.450  -6.537  72.129 0.1111110002
63865  -42.043  -6.230  70.872 0.2222220004
62944  -41.604  -7.522  68.889 0.4444440007
62943  -40.846  -7.927  69.188 0.5555559993
61900  -40.972  -8.114  68.309 0.5555559993
61909  -39.528  -9.032  68.227 0.7777780294
60768  -39.238  -9.628  67.698 1.0000000000
60769  -39.716  -9.154  67.398 0.8888890147
60796  -38.461  -9.878  66.383 1.0000000000
59592  -37.891  -10.039  65.785 1.0000000000
59603  -37.771  -10.219  64.915 1.0000000000
59620  -37.158  -10.020  63.693 0.7777780294
59602  -37.251  -10.397  64.479 0.8888890147
59601  -36.572  -10.588  64.013 0.4444440007
63854  -42.503  -6.165  71.891 0.1111110002
63866  -42.987  -5.878  71.303 0.1111110002
63875  -42.063  -6.577  69.599 0.2222220004
63876  -42.757  -5.907  70.285 0.2222220004
62953  -41.798  -7.779  67.950 0.7777780294
61910  -40.305  -8.639  67.839 0.6666669846
61923  -40.549  -8.791  66.974 0.7777780294
61911  -41.198  -8.344  67.434 0.6666669846
60798  -40.230  -9.330  65.623 0.8888890147
61934  -40.834  -8.986  66.085 0.8888890147
60783  -39.225  -9.649  66.898 1.0000000000
60797  -39.303  -9.554  66.063 1.0000000000
60814  -38.262  -9.838  64.833 1.0000000000
129722  -38.646  -9.702  65.524 1.0000000000
60832  -37.774  -9.871  64.204 0.8888890147
60815  -39.092  -9.590  64.562 1.0000000000
59619  -36.489  -10.259  63.256 0.4444440007
60845  -37.878  -9.707  63.310 0.7777780294
59637  -36.458  -10.318  62.460 0.3333329856
145743  -37.190  -10.231  62.003 0.3333329856
59639  -38.047  -9.970  62.277 0.7777780294
59652  -36.532  -10.590  61.435 0.2222220004
148643  -37.786  -10.340  61.460 0.4444440007
63867  -43.556  -5.876  71.155 0.1111110002
64793  -43.533  -5.733  70.690 0.1111110002
63883  -42.760  -6.130  69.255 0.3333329856
62945  -42.329  -7.070  68.573 0.3333329856
63890  -43.048  -6.608  68.302 0.3333329856
62954  -42.598  -7.435  67.664 0.4444440007
62960  -41.962  -7.934  67.028 0.4444440007
62961  -42.751  -7.673  66.729 0.4444440007
61924  -41.450  -8.594  66.580 0.7777780294
61936  -42.464  -8.590  65.398 0.7777780294
60799  -41.094  -9.240  65.248 0.8888890147
61935  -41.681  -8.822  65.730 0.7777780294
61944  -41.864  -8.989  64.880 0.7777780294
61945  -42.655  -8.809  64.553 0.7777780294
60816  -40.471  -9.449  64.782 0.8888890147
60836  -42.193  -9.358  63.230 0.7777780294
61955  -43.621  -8.715  63.261 0.6666669846
128964  -39.614  -9.512  65.146 1.0000000000
60835  -41.391  -9.496  63.562 1.0000000000
61962  -42.900  -9.120  62.859 0.8888890147
152617  -43.468  -8.933  62.475 0.7777780294
130637  -40.564  -9.580  63.955 0.8888890147
134661  -41.571  -9.550  62.728 1.0000000000
60850  -42.297  -9.411  62.426 0.8888890147
137286  -42.965  -9.193  62.058 0.8888890147
61971  -43.701  -8.813  61.739 0.7777780294
60833  -38.549  -9.631  63.901 1.0000000000
60834  -39.624  -9.624  63.607 0.8888890147
130871  -40.612  -9.602  62.958 1.0000000000
150241  -41.755  -9.546  62.058 0.8888890147
60863  -42.264  -9.332  61.679 1.0000000000
61970  -42.892  -8.948  61.301 1.0000000000
60846  -38.867  -9.747  62.875 0.8888890147
60847  -39.718  -9.700  62.644 0.8888890147
60862  -41.439  -9.470  61.376 1.0000000000
60872  -42.101  -9.026  60.898 1.0000000000
152351  -43.471  -8.603  61.007 1.0000000000
60859  -38.941  -9.880  62.026 0.8888890147
152908  -39.280  -9.758  62.369 0.8888890147
147144  -39.597  -9.767  61.965 0.8888890147
60861  -40.731  -9.658  61.562 1.0000000000
60849  -41.087  -9.660  62.128 1.0000000000
139517  -42.787  -8.446  60.461 1.0000000000
60860  -40.078  -9.738  61.392 0.8888890147
150969  -40.848  -9.285  60.273 1.0000000000
60871  -41.344  -9.201  60.524 1.0000000000
61979  -41.887  -8.638  60.069 1.0000000000
61988  -41.677  -8.400  59.201 1.0000000000
59669  -38.247  -10.435  60.624 0.2222220004
151832  -38.819  -10.221  60.940 0.6666669846
60870  -39.864  -9.784  60.636 0.6666669846
144563  -40.680  -9.565  60.817 0.8888890147
60882  -41.055  -8.923  59.744 0.8888890147
131452  -38.078  -10.570  59.795 0.3333329856
135631  -38.651  -10.376  59.892 0.4444440007
59670  -39.124  -10.138  60.406 0.5555559993
138013  -39.672  -9.791  59.942 0.5555559993
59681  -38.442  -10.371  59.116 0.4444440007
59693  -38.455  -10.143  58.200 0.5555559993
59694  -39.135  -9.871  58.646 0.5555559993
60880  -39.833  -9.498  59.151 0.6666669846
60881  -40.486  -9.063  59.254 0.6666669846
61997  -40.860  -8.632  57.996 0.8888890147
60890  -39.047  -9.640  57.745 0.5555559993
64817  -43.416  -5.608  69.850 0.1111110002
64794  -43.956  -5.709  70.637 0.1111110002
63884  -43.412  -5.493  68.981 0.2222220004
146714  -43.247  -6.952  67.343 0.4444440007
63891  -43.659  -5.914  68.004 0.2222220004
62966  -42.939  -7.967  65.865 0.4444440007
61925  -42.244  -8.319  66.235 0.6666669846
61946  -43.416  -8.536  64.202 0.7777780294
61956  -44.317  -8.315  63.131 0.6666669846
63007  -44.705  -8.097  62.587 0.6666669846
137323  -44.086  -8.616  62.503 0.6666669846
61972  -44.498  -8.377  61.867 0.7777780294
152390  -44.999  -7.866  62.040 0.6666669846
63022  -45.475  -7.455  61.741 0.7777780294
63036  -45.302  -7.307  60.892 0.7777780294
61981  -44.157  -8.302  61.152 0.8888890147
63034  -43.847  -7.707  59.870 0.8888890147
63049  -45.188  -7.170  60.025 0.8888890147
61980  -43.625  -8.065  60.496 0.8888890147
149696  -44.542  -7.442  59.735 0.8888890147
63048  -44.149  -7.495  59.179 0.8888890147
61990  -43.147  -7.867  59.971 0.8888890147
149557  -44.570  -7.363  58.536 0.8888890147
61989  -42.508  -8.004  59.526 0.8888890147
63055  -43.705  -7.583  58.491 0.7777780294
61999  -42.270  -8.030  58.615 0.7777780294
63062  -42.959  -7.845  58.085 0.7777780294
60893  -40.953  -8.650  58.851 0.8888890147
60892  -40.330  -8.978  58.534 0.6666669846
61998  -41.573  -8.364  58.303 0.8888890147
60900  -38.897  -9.548  56.877 0.5555559993
60901  -39.755  -9.210  57.171 0.7777780294
60902  -40.696  -8.743  57.084 0.7777780294
64807  -44.267  -5.481  69.758 0.1111110002
64818  -43.979  -5.236  69.427 0.1111110002
64831  -44.130  -4.971  68.591 0.1111110002
64844  -44.268  -5.194  67.631 0.2222220004
63898  -43.850  -6.333  66.976 0.3333329856
63906  -44.067  -6.643  65.943 0.3333329856
62968  -44.206  -7.196  65.181 0.3333329856
62977  -44.678  -7.304  64.426 0.3333329856
61937  -43.161  -8.246  65.025 0.5555559993
62976  -43.874  -7.872  64.697 0.4444440007
62978  -45.300  -7.048  63.879 0.3333329856
62992  -44.155  -8.132  63.865 0.6666669846
62993  -44.909  -7.696  63.400 0.3333329856
63933  -46.210  -6.843  63.055 0.3333329856
63008  -45.443  -7.488  62.623 0.6666669846
63942  -46.043  -6.916  62.200 0.3333329856
63950  -45.888  -6.808  61.321 0.6666669846
63951  -46.541  -6.333  61.727 0.4444440007
63957  -45.850  -6.666  60.419 0.7777780294
63958  -46.294  -6.033  60.885 0.6666669846
152579  -46.749  -5.651  61.279 0.3333329856
63965  -45.092  -7.159  59.091 0.8888890147
63966  -45.797  -6.560  59.491 0.8888890147
136984  -46.610  -4.713  59.996 0.5555559993
138831  -45.685  -6.483  58.704 0.7777780294
64904  -46.073  -5.520  58.875 0.7777780294
63972  -45.311  -6.860  58.075 0.8888890147
63973  -45.789  -5.803  58.027 0.8888890147
63063  -43.775  -7.727  57.572 0.7777780294
63979  -45.128  -6.980  57.333 0.7777780294
63980  -45.532  -5.966  57.162 0.8888890147
62007  -42.268  -8.167  57.741 0.8888890147
63071  -43.037  -8.000  57.229 0.7777780294
62006  -41.522  -8.448  57.421 0.8888890147
128122  -42.323  -8.324  56.813 0.7777780294
60921  -39.247  -9.425  55.389 0.6666669846
60911  -40.254  -9.026  56.341 0.7777780294
62014  -40.914  -8.754  56.297 0.7777780294
62015  -41.489  -8.555  56.591 0.7777780294
130798  -42.080  -8.484  56.135 0.6666669846
126917  -39.849  -9.252  54.743 0.5555559993
62024  -40.715  -8.877  55.687 0.7777780294
132678  -41.164  -8.771  55.138 0.6666669846
62026  -42.337  -8.477  55.439 0.6666669846
60941  -41.291  -8.795  54.356 0.6666669846
60954  -41.399  -8.937  53.306 0.6666669846
62044  -42.291  -8.595  53.879 0.6666669846
140792  -44.799  -4.302  68.056 0.2222220004
64845  -44.813  -4.492  67.127 0.2222220004
65770  -46.045  -3.533  67.101 0.1111110002
150102  -44.652  -6.096  66.026 0.3333329856
64856  -45.179  -5.216  66.174 0.3333329856
63907  -44.863  -6.412  65.380 0.3333329856
63920  -45.472  -6.445  64.570 0.3333329856
129995  -46.350  -5.573  64.602 0.3333329856
65785  -46.786  -3.661  66.005 0.2222220004
63922  -46.982  -5.891  63.674 0.3333329856
145778  -47.741  -4.440  65.403 0.2222220004
63943  -46.883  -6.403  62.612 0.3333329856
64876  -47.858  -4.663  63.662 0.3333329856
63934  -47.551  -5.751  62.927 0.3333329856
64882  -47.285  -5.690  62.044 0.3333329856
64883  -47.801  -5.090  62.626 0.3333329856
65820  -47.442  -4.150  61.213 0.3333329856
66747  -47.939  -2.966  60.684 0.3333329856
64905  -46.447  -4.713  59.286 0.6666669846
66746  -47.281  -3.353  60.145 0.3333329856
64912  -46.311  -4.606  58.593 0.7777780294
149239  -47.114  -3.452  59.233 0.5555559993
64919  -45.848  -4.944  57.387 0.8888890147
65844  -46.504  -4.405  57.576 0.7777780294
63064  -44.585  -7.448  57.047 0.7777780294
63987  -45.130  -6.750  56.650 0.7777780294
134393  -45.864  -5.079  56.760 0.7777780294
64920  -46.130  -4.575  57.133 0.8888890147
64928  -46.206  -4.861  56.664 0.7777780294
63072  -43.902  -7.851  56.615 0.7777780294
63073  -44.664  -7.379  56.251 0.7777780294
63988  -45.546  -5.852  56.344 0.7777780294
63997  -45.628  -6.024  55.596 0.7777780294
64927  -46.067  -5.487  56.011 0.7777780294
149824  -43.130  -8.156  56.511 0.7777780294
64007  -45.146  -6.630  55.219 0.7777780294
62016  -43.581  -8.037  55.854 0.7777780294
63082  -44.724  -7.287  55.466 0.7777780294
63093  -44.806  -7.053  54.492 0.7777780294
64008  -45.536  -6.090  54.560 0.7777780294
63081  -44.093  -7.768  55.067 0.7777780294
133233  -42.787  -8.342  55.997 0.7777780294
62045  -43.309  -8.202  54.099 0.7777780294
63106  -44.557  -7.173  53.463 0.7777780294
63105  -43.892  -7.826  53.253 0.7777780294
63118  -44.157  -7.161  52.629 0.7777780294
136244  -42.346  -8.701  52.823 0.7777780294
63117  -43.498  -7.803  52.322 0.7777780294
64029  -44.585  -6.333  52.922 0.7777780294
147052  -43.191  -7.230  51.629 0.5555559993
64028  -43.963  -6.214  52.174 0.7777780294
64969  -44.390  -5.328  52.419 0.7777780294
64038  -41.500  -6.755  50.291 0.5555559993
64039  -42.324  -6.401  50.713 0.5555559993
64980  -42.849  -5.858  50.968 0.6666669846
64063  -41.185  -6.679  49.796 0.5555559993
64994  -42.503  -6.004  50.659 0.5555559993
64076  -41.343  -6.511  49.116 0.3333329856
64064  -41.820  -6.177  49.635 0.5555559993
144172  -45.343  -3.948  67.449 0.2222220004
64846  -45.659  -3.921  66.742 0.2222220004
65784  -46.280  -3.470  66.532 0.2222220004
64857  -45.928  -3.955  65.873 0.3333329856
63908  -45.724  -5.343  65.315 0.3333329856
64867  -46.428  -4.410  65.405 0.3333329856
64858  -47.249  -4.530  64.933 0.3333329856
65796  -48.089  -4.297  64.510 0.3333329856
65804  -48.372  -3.862  63.754 0.3333329856
65805  -48.668  -3.603  63.700 0.3333329856
66690  -48.843  -3.096  63.470 0.2222220004
65812  -48.137  -3.963  62.762 0.3333329856
66711  -48.627  -2.479  62.989 0.2222220004
67663  -49.569  -2.349  62.473 0.2222220004
66710  -48.251  -2.976  62.466 0.3333329856
67690  -48.504  -2.696  61.284 0.3333329856
67677  -49.222  -2.163  61.969 0.2222220004
66748  -48.245  -2.765  60.527 0.3333329856
67692  -49.542  -2.696  61.164 0.2222220004
67678  -49.976  -2.529  61.836 0.2222220004
66759  -48.246  -2.787  59.882 0.3333329856
67702  -49.226  -2.920  60.220 0.2222220004
127131  -50.670  -2.713  61.090 0.2222220004
151800  -47.144  -3.952  58.240 0.6666669846
124864  -48.879  -3.163  59.469 0.4444440007
124872  -49.909  -3.136  59.441 0.3333329856
65853  -46.457  -4.513  57.113 0.8888890147
66787  -48.455  -3.829  58.057 0.6666669846
124865  -49.130  -3.500  58.712 0.3333329856
132087  -46.839  -4.898  56.421 0.8888890147
65846  -47.840  -4.241  57.458 0.6666669846
124861  -49.539  -3.803  57.812 0.4444440007
149246  -46.548  -5.480  55.196 0.7777780294
64938  -46.709  -5.315  55.800 0.7777780294
65855  -48.324  -4.552  56.575 0.7777780294
64937  -46.108  -5.652  55.000 0.7777780294
64947  -45.796  -5.206  54.282 0.7777780294
64017  -45.058  -6.331  53.714 0.7777780294
64018  -45.434  -5.594  53.850 0.7777780294
64959  -45.019  -5.493  53.225 0.7777780294
152711  -43.756  -5.569  51.750 0.6666669846
64981  -43.390  -5.510  51.276 0.6666669846
64982  -43.955  -5.030  51.758 0.6666669846
65885  -44.593  -4.530  52.226 0.6666669846
65007  -42.423  -5.889  50.187 0.6666669846
64995  -43.045  -5.575  50.737 0.6666669846
65905  -44.275  -4.666  50.738 0.6666669846
64093  -40.949  -6.537  47.432 0.1111110002
141015  -41.170  -6.570  48.348 0.3333329856
64077  -42.021  -6.329  48.556 0.5555559993
65016  -43.489  -5.804  48.811 0.5555559993
65009  -43.990  -5.367  49.348 0.6666669846
65914  -44.462  -4.905  49.833 0.6666669846
124874  -52.813  -1.281  59.791 0.2222220004
144027  -52.961  -1.189  58.920 0.2222220004
143921  -50.807  -3.033  58.702 0.3333329856
143428  -53.755  -0.922  59.642 0.1111110002
143386  -54.017  -0.733  59.078 0.1111110002
124866  -50.602  -3.574  57.628 0.4444440007
143782  -49.884  -3.932  56.921 0.6666669846
64929  -47.830  -4.959  56.052 0.7777780294
143489  -48.720  -4.785  55.801 0.7777780294
137618  -46.404  -5.054  54.544 0.7777780294
137290  -47.001  -5.114  54.836 0.8888890147
64949  -47.598  -4.466  54.531 0.7777780294
125878  -48.388  -4.675  55.026 0.7777780294
64961  -45.975  -4.424  53.954 0.7777780294
64948  -46.806  -4.311  54.114 0.7777780294
64960  -45.485  -4.863  53.579 0.7777780294
65875  -45.635  -4.118  53.281 0.7777780294
64970  -45.097  -4.682  52.872 0.7777780294
65886  -45.296  -4.016  52.607 0.7777780294
66822  -45.864  -3.506  52.994 0.7777780294
65894  -44.313  -4.539  51.555 0.6666669846
66844  -45.607  -3.501  52.310 0.7777780294
66854  -45.474  -3.658  51.503 0.6666669846
65906  -45.549  -4.009  50.571 0.7777780294
64094  -41.804  -6.506  47.589 0.3333329856
145022  -43.136  -6.215  47.342 0.5555559993
65028  -43.766  -5.994  47.880 0.5555559993
65017  -44.335  -5.671  48.441 0.5555559993
132119  -44.832  -4.165  51.154 0.6666669846
65915  -45.714  -4.487  49.672 0.7777780294
66855  -46.188  -3.429  50.924 0.7777780294
65010  -44.811  -5.208  48.971 0.6666669846
65907  -46.315  -3.964  49.960 0.7777780294
126412  -52.298  -1.636  59.260 0.2222220004
126136  -51.445  -2.853  57.931 0.4444440007
144047  -52.775  -1.693  57.725 0.3333329856
143421  -53.476  -1.033  58.252 0.2222220004
143599  -51.299  -3.160  56.939 0.4444440007
125730  -49.258  -4.331  55.337 0.5555559993
143883  -50.010  -3.770  56.263 0.4444440007
125798  -51.721  -2.876  56.369 0.4444440007
143775  -49.813  -3.744  55.677 0.5555559993
151977  -49.012  -3.916  54.780 0.7777780294
65876  -46.219  -3.763  53.510 0.7777780294
65877  -46.818  -3.517  53.540 0.7777780294
128491  -46.497  -3.157  53.190 0.7777780294
66834  -46.232  -3.050  52.671 0.7777780294
66835  -46.871  -2.585  52.953 0.7777780294
66845  -46.031  -3.072  51.916 0.7777780294
67770  -46.661  -2.637  52.302 0.7777780294
67784  -47.191  -2.383  51.701 0.7777780294
66846  -46.639  -2.908  51.434 0.7777780294
66864  -46.904  -3.521  50.259 0.7777780294
66865  -47.665  -3.430  49.797 0.7777780294
126883  -43.900  -5.985  46.954 0.3333329856
65029  -44.578  -5.780  47.543 0.4444440007
65018  -45.162  -5.488  48.130 0.5555559993
65019  -45.927  -5.202  47.789 0.7777780294
134504  -46.505  -4.470  49.068 0.7777780294
66871  -47.961  -3.832  48.921 0.7777780294
65960  -43.809  -4.862  45.324 0.4444440007
65046  -45.425  -5.220  46.664 0.5555559993
65930  -45.998  -5.090  47.019 0.6666669846
65921  -46.602  -4.822  48.158 0.7777780294
65922  -47.311  -4.319  48.506 0.7777780294
66879  -48.041  -3.979  48.029 0.7777780294
144028  -54.416  -0.565  58.309 0.2222220004
125967  -52.799  -2.119  56.819 0.4444440007
124887  -50.448  -3.344  55.919 0.5555559993
125940  -51.665  -2.804  55.700 0.4444440007
124878  -50.145  -3.052  55.410 0.5555559993
65865  -48.300  -3.576  54.358 0.8888890147
66824  -48.240  -2.243  53.734 0.6666669846
126627  -49.070  -2.833  54.663 0.5555559993
66823  -47.296  -2.821  53.440 0.8888890147
67761  -47.697  -2.062  53.247 0.6666669846
67762  -48.747  -1.457  53.712 0.5555559993
67771  -47.298  -2.067  52.585 0.8888890147
67772  -48.108  -1.547  52.943 0.6666669846
66856  -47.269  -2.948  50.745 0.7777780294
67793  -48.507  -2.164  50.774 0.6666669846
67792  -47.759  -2.387  51.037 0.7777780294
66857  -48.110  -2.822  50.250 0.7777780294
67801  -48.964  -2.617  49.884 0.7777780294
66866  -48.532  -3.301  49.382 0.7777780294
65943  -45.116  -4.981  46.065 0.4444440007
65944  -45.820  -4.681  46.339 0.5555559993
65931  -46.522  -4.860  47.417 0.7777780294
65932  -47.290  -4.412  47.501 0.7777780294
65962  -45.434  -4.278  45.682 0.5555559993
65945  -46.669  -4.467  46.669 0.5555559993
146186  -47.914  -3.835  47.304 0.7777780294
143431  -53.584  -1.445  57.227 0.3333329856
124880  -54.798  -0.612  56.535 0.3333329856
143362  -53.154  -1.959  56.140 0.4444440007
144046  -53.976  -1.347  56.286 0.3333329856
143794  -50.961  -2.777  55.447 0.4444440007
143795  -52.076  -2.568  55.294 0.4444440007
125840  -53.477  -1.653  55.185 0.3333329856
126014  -51.603  -2.554  55.117 0.4444440007
127836  -52.790  -1.991  54.551 0.4444440007
126177  -49.768  -2.686  55.032 0.5555559993
126357  -50.051  -2.251  54.870 0.4444440007
66836  -49.523  -2.154  54.742 0.5555559993
67764  -50.159  -1.056  54.387 0.5555559993
66825  -48.998  -1.851  54.355 0.5555559993
68724  -49.444  -0.615  53.949 0.5555559993
148445  -48.812  -1.067  53.350 0.5555559993
68732  -49.359  -0.529  53.204 0.5555559993
67785  -47.965  -1.797  51.850 0.5555559993
68744  -48.723  -1.193  52.489 0.5555559993
68745  -49.497  -0.736  52.145 0.5555559993
68755  -50.111  -1.310  51.104 0.5555559993
68754  -49.007  -1.519  51.436 0.6666669846
67794  -49.516  -1.959  50.452 0.5555559993
68763  -50.474  -1.659  50.219 0.6666669846
67802  -49.818  -2.329  49.591 0.7777780294
67809  -49.166  -2.833  48.136 0.7777780294
66867  -49.328  -3.032  49.066 0.7777780294
66914  -46.534  -3.299  45.503 0.2222220004
66892  -46.986  -3.710  46.083 0.7777780294
66880  -48.526  -3.453  47.626 0.7777780294
66872  -48.694  -3.524  48.512 0.7777780294
66933  -44.499  -3.362  44.392 0.2222220004
66893  -47.475  -3.894  46.709 0.7777780294
132724  -48.448  -0.370  44.996 0.7777780294
70790  -48.720  0.272  45.105 0.7777780294
70791  -49.171  1.010  45.141 0.7777780294
138657  -54.407  -1.038  55.486 0.3333329856
69682  -56.240  0.084  54.177 0.4444440007
68713  -54.087  -1.205  54.598 0.3333329856
125947  -52.041  -2.433  54.461 0.4444440007
124902  -52.528  -2.078  53.886 0.4444440007
126159  -53.319  -1.633  54.008 0.4444440007
67765  -51.242  -1.617  53.928 0.4444440007
124899  -52.027  -2.173  53.650 0.4444440007
124892  -52.690  -1.776  53.304 0.4444440007
68725  -49.941  -0.308  54.156 0.4444440007
68726  -50.486  -0.522  54.117 0.4444440007
68733  -52.093  -0.836  52.842 0.4444440007
150707  -51.227  0.029  53.406 0.4444440007
69696  -50.458  0.160  53.811 0.4444440007
149665  -51.045  0.856  53.310 0.4444440007
69695  -49.945  0.115  53.911 0.4444440007
69705  -49.904  0.129  53.025 0.5555559993
69706  -50.509  0.498  53.498 0.4444440007
69719  -51.073  1.120  53.079 0.4444440007
69718  -50.522  0.304  52.333 0.5555559993
68746  -50.193  -0.494  51.789 0.5555559993
68756  -50.710  -0.865  50.974 0.5555559993
128085  -50.813  1.041  52.500 0.4444440007
67810  -49.711  -2.476  48.880 0.7777780294
66935  -46.054  -2.852  44.916 0.3333329856
66915  -47.300  -3.002  45.702 0.4444440007
67820  -48.731  -2.683  47.119 0.7777780294
68779  -48.896  -1.828  46.565 0.7777780294
67881  -45.381  -2.278  43.597 0.2222220004
67882  -46.153  -2.047  43.724 0.2222220004
67853  -46.849  -2.553  45.144 0.6666669846
67854  -47.608  -2.278  45.357 0.7777780294
147651  -48.353  -1.910  45.702 0.7777780294
68795  -48.793  -1.140  45.917 0.7777780294
69792  -48.996  0.332  45.781 0.7777780294
68831  -45.701  -1.504  43.157 0.2222220004
72586  -49.576  2.329  43.378 0.6666669846
72598  -48.969  2.294  42.790 0.5555559993
68728  -55.320  -0.290  53.647 0.4444440007
68727  -54.284  -0.943  53.641 0.4444440007
126435  -53.395  -1.381  53.155 0.4444440007
68735  -53.869  -0.730  52.686 0.4444440007
68734  -52.900  -1.277  52.580 0.4444440007
68747  -52.653  -0.575  52.319 0.4444440007
69707  -51.949  0.046  52.646 0.4444440007
130370  -51.255  1.656  52.734 0.4444440007
69727  -50.826  -0.132  51.120 0.5555559993
152630  -50.970  1.607  52.548 0.4444440007
68764  -50.874  -1.055  50.104 0.7777780294
68770  -50.254  -1.737  49.243 0.7777780294
69742  -49.921  -1.297  48.338 0.7777780294
68771  -50.435  -0.816  49.068 0.7777780294
133238  -49.638  -2.007  48.228 0.7777780294
69758  -49.951  -0.464  47.916 0.7777780294
141074  -49.211  -2.159  47.455 0.7777780294
129288  -49.559  -1.369  47.333 0.7777780294
140639  -49.591  -0.487  46.841 0.7777780294
125894  -49.883  0.294  47.172 0.7777780294
144616  -49.231  -1.073  46.471 0.7777780294
69775  -49.094  -0.427  46.156 0.7777780294
143591  -49.461  0.279  46.409 0.7777780294
72559  -49.938  2.628  45.882 0.7777780294
130952  -49.608  2.119  45.172 0.7777780294
72579  -49.664  2.237  44.531 0.7777780294
137477  -49.387  2.126  43.983 0.6666669846
72580  -49.996  2.475  44.095 0.7777780294
72610  -48.569  2.147  41.759 0.4444440007
69720  -52.724  0.120  51.911 0.4444440007
70717  -51.969  1.098  52.688 0.4444440007
70728  -51.377  1.535  52.835 0.4444440007
70729  -52.100  1.650  52.357 0.4444440007
143732  -51.611  2.263  52.304 0.4444440007
69735  -50.852  -0.158  50.092 0.6666669846
70735  -50.760  1.001  51.423 0.5555559993
124912  -50.433  1.182  49.983 0.5555559993
69743  -50.309  0.197  48.900 0.7777780294
124913  -50.355  1.038  48.545 0.5555559993
126410  -50.194  0.384  47.944 0.7777780294
73423  -50.295  3.167  46.775 0.7777780294
74408  -50.560  3.961  46.577 0.7777780294
73438  -50.389  3.343  45.876 0.7777780294
73437  -50.107  2.787  44.965 0.7777780294
73453  -50.696  3.078  44.169 0.7777780294
72587  -50.274  2.528  43.530 0.7777780294
72599  -49.887  2.243  42.620 0.5555559993
71632  -51.246  2.233  52.149 0.5555559993
126124  -50.607  2.424  50.718 0.5555559993
144478  -50.653  1.722  51.133 0.5555559993
124914  -50.624  2.914  49.603 0.5555559993
126390  -50.463  1.958  49.142 0.5555559993
74422  -50.757  3.938  45.905 0.7777780294
73439  -50.760  3.544  45.148 0.7777780294
73476  -50.867  2.734  43.280 0.5555559993
142946  -50.401  1.998  41.680 0.4444440007
72611  -49.619  1.993  41.295 0.4444440007
136285  -48.861  2.255  40.627 0.4444440007
125880  -51.918  3.186  52.145 0.4444440007
71633  -52.079  3.198  52.094 0.3333329856
126585  -52.016  3.708  51.897 0.5555559993
124920  -50.833  3.298  50.691 0.5555559993
126137  -50.896  3.377  48.799 0.6666669846
145177  -50.905  3.802  48.208 0.6666669846
74399  -50.630  3.933  47.359 0.6666669846
74400  -50.815  4.569  47.145 0.6666669846
74409  -50.982  4.484  46.386 0.7777780294
73454  -51.394  3.749  44.559 0.7777780294
73465  -51.493  3.346  43.719 0.7777780294
72600  -50.935  2.262  42.388 0.6666669846
124917  -50.941  3.751  50.020 0.6666669846
126024  -51.554  4.352  50.506 0.6666669846
73414  -51.194  4.219  49.149 0.6666669846
74391  -50.985  4.440  48.013 0.6666669846
75358  -51.155  5.045  47.774 0.6666669846
75368  -51.229  5.113  46.979 0.6666669846
75379  -51.742  4.864  46.159 0.7777780294
74424  -52.274  4.568  45.351 0.7777780294
73455  -52.065  3.930  44.102 0.7777780294
73477  -51.590  2.891  42.871 0.6666669846
74437  -52.616  4.330  44.594 0.7777780294
72612  -51.167  1.978  41.469 0.6666669846
73466  -52.240  3.474  43.310 0.7777780294
72619  -50.469  2.004  40.776 0.4444440007
124924  -52.261  3.854  51.378 0.3333329856
132312  -52.066  3.736  51.849 0.4444440007
124927  -52.047  4.084  51.379 0.3333329856
126189  -52.123  4.622  50.506 0.5555559993
126634  -51.597  4.877  49.839 0.6666669846
74392  -51.285  4.935  48.728 0.6666669846
75348  -51.581  5.460  49.277 0.6666669846
152803  -51.413  5.397  48.394 0.6666669846
75359  -51.553  5.542  47.733 0.6666669846
76344  -52.014  6.137  47.887 0.6666669846
76345  -53.574  6.711  47.805 0.6666669846
75369  -52.153  5.543  46.885 0.7777780294
75380  -52.682  5.111  45.926 0.7777780294
76355  -53.068  6.185  47.227 0.6666669846
75371  -54.030  5.921  46.358 0.7777780294
74425  -53.098  4.799  45.118 0.7777780294
73522  -49.780  3.415  39.509 0.4444440007
135225  -50.856  2.433  40.173 0.5555559993
72601  -51.658  2.328  42.113 0.6666669846
72620  -51.387  2.067  40.676 0.5555559993
73478  -52.446  2.781  42.381 0.6666669846
73467  -53.053  3.566  43.007 0.7777780294
74382  -52.621  5.204  50.105 0.4444440007
75338  -51.974  5.480  50.290 0.5555559993
126707  -52.222  5.059  50.417 0.4444440007
76326  -51.834  6.089  49.643 0.6666669846
138938  -51.984  6.307  48.789 0.6666669846
77333  -52.443  7.059  50.276 0.6666669846
76336  -52.208  6.607  49.437 0.6666669846
77341  -53.162  7.479  49.604 0.6666669846
76337  -52.700  6.589  48.384 0.6666669846
77349  -53.421  7.137  48.578 0.6666669846
77350  -54.350  7.221  47.895 0.6666669846
126798  -54.131  6.534  47.134 0.6666669846
76356  -54.677  6.411  46.568 0.7777780294
73505  -51.533  2.677  39.995 0.5555559993
72621  -52.080  2.268  40.518 0.5555559993
74450  -52.818  4.028  43.802 0.7777780294
74438  -53.380  4.486  44.328 0.7777780294
72613  -52.103  2.124  41.351 0.5555559993
73479  -53.395  2.996  42.209 0.7777780294
74451  -53.607  4.112  43.561 0.7777780294
75394  -53.937  4.985  44.840 0.7777780294
75339  -52.370  5.614  50.551 0.4444440007
75340  -52.939  5.709  50.589 0.4444440007
75349  -53.414  5.146  49.673 0.4444440007
75325  -52.217  6.075  50.499 0.5555559993
75326  -52.762  6.139  51.004 0.4444440007
76316  -52.509  6.596  50.892 0.6666669846
76317  -53.211  6.706  51.847 0.5555559993
77327  -53.156  7.250  51.867 0.5555559993
78324  -54.574  8.447  51.952 0.6666669846
78333  -55.504  8.875  50.211 0.5555559993
78338  -55.442  8.478  49.137 0.6666669846
77351  -55.347  7.577  47.593 0.6666669846
76346  -54.935  6.923  47.044 0.7777780294
76357  -55.345  6.765  46.237 0.7777780294
73490  -52.929  2.478  41.603 0.5555559993
75382  -54.579  5.572  45.409 0.7777780294
74452  -54.359  4.196  43.323 0.7777780294
74439  -54.138  4.658  44.009 0.7777780294
75395  -54.731  5.160  44.446 0.7777780294
79256  -56.838  9.441  52.120 0.5555559993
78326  -56.570  9.397  50.780 0.5555559993
78348  -55.964  8.428  48.248 0.6666669846
77338  -59.163  8.958  50.094 0.3333329856
76340  -58.489  7.731  49.349 0.3333329856
77352  -56.121  8.044  47.069 0.6666669846
76367  -55.359  6.237  45.475 0.7777780294
137365  -55.993  7.517  46.231 0.7777780294
75383  -55.378  5.678  44.784 0.7777780294
76358  -56.037  7.033  45.479 0.7777780294
79263  -58.527  9.856  50.980 0.4444440007
137165  -58.658  9.270  51.025 0.3333329856
78339  -57.406  9.630  49.989 0.6666669846
78341  -59.679  9.599  49.368 0.3333329856
141398  -57.032  9.327  48.767 0.6666669846
78349  -56.784  8.818  47.660 0.6666669846
78356  -56.831  8.552  46.899 0.6666669846
77360  -57.171  8.162  45.708 0.7777780294
146875  -56.523  7.668  45.774 0.6666669846
78334  -59.157  9.870  50.430 0.4444440007
137912  -58.389  10.017  50.533 0.5555559993
79267  -58.423  10.077  49.567 0.6666669846
78342  -60.231  9.701  48.716 0.3333329856
78340  -57.797  9.530  48.150 0.6666669846
78350  -58.346  9.628  47.275 0.6666669846
78377  -59.838  9.692  44.971 0.6666669846
78367  -58.968  9.564  45.664 0.6666669846
78358  -58.345  9.345  46.290 0.6666669846
78357  -57.475  8.800  46.434 0.6666669846
79269  -60.042  10.106  48.878 0.4444440007
79273  -59.501  10.233  47.788 0.6666669846
79289  -59.891  10.235  46.005 0.6666669846
79297  -60.555  10.087  45.538 0.5555559993
77378  -61.294  9.062  44.085 0.5555559993
78343  -60.386  10.001  48.379 0.4444440007
138955  -59.760  10.290  48.688 0.5555559993
79281  -60.610  10.067  47.628 0.4444440007
78359  -61.178  9.436  47.022 0.4444440007
79290  -60.678  10.176  46.527 0.5555559993
78378  -61.134  9.742  44.775 0.5555559993
78368  -61.266  9.782  45.864 0.5555559993
78379  -61.862  9.218  44.440 0.3333329856
141424  -49.257  1.625  44.589 0.7777780294
145661  -48.707  1.173  44.072 0.7777780294
70775  -49.349  1.010  45.903 0.7777780294
146036  -49.375  1.495  45.283 0.7777780294
71698  -48.891  1.800  43.929 0.7777780294
71670  -49.632  1.765  46.096 0.7777780294
125792  -49.800  0.991  46.700 0.7777780294
126070  -50.105  1.675  47.067 0.7777780294
72544  -50.025  2.340  46.648 0.7777780294
143748  -50.208  0.998  47.503 0.7777780294
124918  -50.586  1.716  47.931 0.7777780294
124921  -50.456  2.421  47.418 0.7777780294
73418  -50.728  3.181  47.799 0.6666669846
124928  -51.461  3.848  51.177 0.5555559993
124926  -52.069  3.621  51.969 0.4444440007
143845  -52.622  3.106  50.594 0.3333329856
46469  -10.294  -23.214  83.810 0.4444440007
131035  -11.373  -21.723  81.439 0.5555559993
48510  -11.965  -21.218  82.043 0.5555559993
49585  -13.287  -20.618  82.953 0.5555559993
48513  -13.192  -21.210  80.635 0.5555559993
49593  -14.128  -20.374  81.928 0.5555559993
152443  -7.696  -25.368  82.706 0.3333329856
144382  -10.434  -23.853  82.959 0.4444440007
48519  -13.630  -21.576  79.714 0.6666669846
49598  -14.575  -20.619  81.060 0.6666669846
50680  -14.774  -20.355  82.429 0.5555559993
49599  -15.506  -20.585  80.889 0.7777780294
48520  -15.309  -21.301  79.344 0.7777780294
49594  -15.056  -20.322  81.757 0.5555559993
47531  -13.296  -22.475  78.036 0.7777780294
46547  -12.009  -23.842  75.749 0.7777780294
47562  -13.981  -22.767  75.828 0.7777780294
44403  -7.028  -24.861  80.746 0.4444440007
43357  -5.813  -26.353  79.315 0.5555559993
44402  -6.663  -25.158  80.239 0.4444440007
46506  -9.299  -23.679  79.495 0.5555559993
45477  -7.189  -24.705  78.596 0.5555559993
151678  -9.654  -24.207  77.898 0.7777780294
45490  -9.384  -24.453  77.493 0.6666669846
45489  -8.700  -24.636  77.439 0.7777780294
46516  -10.819  -23.615  78.354 0.7777780294
49600  -16.364  -20.552  80.541 0.7777780294
49609  -16.585  -20.771  79.678 0.7777780294
129377  -17.148  -20.083  82.093 0.4444440007
50686  -16.141  -20.317  81.382 0.5555559993
50676  -16.395  -20.279  82.190 0.5555559993
44429  -5.909  -25.441  77.162 0.5555559993
44441  -7.609  -25.258  76.297 0.4444440007
46517  -11.288  -23.634  77.785 0.7777780294
49616  -16.009  -20.976  79.221 0.7777780294
46533  -11.479  -23.891  76.405 0.7777780294
48551  -15.299  -22.174  76.215 0.6666669846
46572  -11.698  -23.883  74.288 0.5555559993
46574  -13.282  -23.343  73.788 0.5555559993
51758  -18.357  -19.711  81.942 0.4444440007
49631  -17.057  -21.299  77.922 0.8888890147
48529  -16.298  -21.461  78.092 0.7777780294
51763  -19.090  -19.401  81.934 0.4444440007
51766  -19.254  -19.165  81.379 0.6666669846
51759  -20.217  -18.610  82.662 0.3333329856
51764  -19.882  -18.790  82.019 0.4444440007
49618  -17.706  -21.025  78.532 0.8888890147
48569  -15.978  -21.805  75.974 0.7777780294
48537  -17.272  -21.428  77.110 0.7777780294
48552  -17.474  -21.544  76.263 0.8888890147
48587  -16.157  -22.092  75.204 0.6666669846
148370  -15.431  -22.549  74.825 0.5555559993
48588  -16.856  -21.730  74.792 0.7777780294
47594  -14.855  -22.838  73.335 0.5555559993
47605  -14.194  -22.933  72.773 0.6666669846
52755  -21.507  -17.669  81.745 0.1111110002
51775  -19.787  -18.903  79.813 0.7777780294
50694  -19.724  -19.625  79.141 0.8888890147
51767  -19.573  -19.020  80.592 0.4444440007
52762  -20.050  -18.266  80.527 0.5555559993
50703  -19.224  -20.417  78.717 0.8888890147
51780  -29.033  -18.940  79.774 0.5555559993
51779  -28.578  -18.180  79.891 0.5555559993
50706  -29.038  -19.089  78.680 0.5555559993
135132  -29.230  -20.083  78.614 0.5555559993
151307  -29.053  -19.190  77.004 0.5555559993
49638  -29.333  -20.618  77.686 0.4444440007
48590  -18.480  -21.464  74.194 0.6666669846
49690  -28.681  -19.727  74.318 0.8888890147
49674  -28.686  -19.597  75.258 0.7777780294
47571  -32.491  -22.477  75.951 0.3333329856
48595  -31.637  -21.770  74.047 0.4444440007
48612  -29.729  -20.835  73.209 0.7777780294
52777  -20.632  -17.460  79.523 0.7777780294
53770  -20.921  -17.199  80.442 0.6666669846
51790  -19.928  -19.004  78.466 0.7777780294
49653  -19.133  -20.881  75.937 0.8888890147
52813  -28.698  -17.123  78.171 0.5555559993
51815  -28.931  -18.399  76.629 0.7777780294
48597  -33.163  -21.182  75.382 0.5555559993
51837  -28.389  -18.365  73.889 1.0000000000
48626  -18.017  -21.936  72.606 0.6666669846
128983  -33.351  -21.640  73.293 0.7777780294
47620  -17.242  -22.437  71.500 0.6666669846
134047  -17.822  -22.165  71.856 0.6666669846
136003  -18.485  -21.752  70.853 0.6666669846
48664  -18.068  -21.988  69.464 0.6666669846
52791  -20.123  -18.124  78.865 0.7777780294
52807  -20.454  -17.439  77.563 0.7777780294
136499  -19.938  -18.081  77.069 0.7777780294
54706  -27.781  -15.638  78.932 0.6666669846
53807  -28.359  -16.131  78.074 0.5555559993
50741  -19.587  -19.397  75.637 0.7777780294
53831  -28.687  -16.979  76.020 0.8888890147
53817  -28.702  -16.512  76.610 0.8888890147
52845  -28.106  -17.621  74.280 1.0000000000
49701  -19.276  -20.258  73.593 0.8888890147
142816  -18.997  -21.200  70.953 0.6666669846
50770  -19.279  -20.339  72.648 0.7777780294
133206  -18.046  -21.803  68.731 0.4444440007
49770  -18.440  -20.416  68.004 0.5555559993
55599  -25.830  -14.803  79.526 0.5555559993
140434  -25.685  -15.378  79.648 0.2222220004
148129  -27.639  -14.909  78.202 0.6666669846
55630  -27.514  -14.963  76.925 0.8888890147
53816  -28.487  -15.908  77.239 0.6666669846
139930  -19.622  -18.777  75.003 0.7777780294
52833  -19.781  -17.978  75.467 0.7777780294
145406  -28.424  -15.924  76.476 0.7777780294
54750  -28.095  -15.669  75.819 0.8888890147
53842  -28.120  -16.327  75.077 0.8888890147
48599  -35.086  -20.961  74.129 0.6666669846
129607  -20.424  -17.384  74.501 0.7777780294
133261  -27.721  -16.491  74.320 1.0000000000
53856  -27.789  -17.737  73.084 1.0000000000
48634  -35.015  -21.450  72.753 0.7777780294
50786  -19.499  -19.345  72.272 0.8888890147
51853  -19.675  -18.609  72.706 0.7777780294
52853  -19.975  -17.825  73.827 0.7777780294
133369  -20.404  -17.684  73.097 0.7777780294
130450  -19.760  -18.578  71.902 0.7777780294
50808  -19.512  -19.124  70.419 0.7777780294
50807  -19.310  -19.957  70.003 0.6666669846
52889  -21.146  -17.888  70.970 0.8888890147
50832  -19.468  -19.384  68.865 0.5555559993
50820  -19.466  -19.402  69.603 0.7777780294
51887  -20.486  -18.420  69.666 0.7777780294
148094  -20.260  -18.622  69.049 0.7777780294
50853  -18.462  -19.760  66.881 0.4444440007
138251  -19.432  -19.130  67.272 0.4444440007
129720  -20.886  -18.644  67.729 0.6666669846
54713  -22.859  -15.666  79.262 0.1111110002
55597  -24.308  -14.947  80.043 0.4444440007
55606  -25.458  -14.624  79.386 0.6666669846
127097  -24.063  -15.178  77.785 0.6666669846
54735  -27.332  -15.144  76.156 1.0000000000
50733  -36.130  -19.190  75.759 0.3333329856
54760  -26.969  -15.639  74.229 1.0000000000
50763  -35.680  -19.407  74.354 0.6666669846
53849  -21.959  -16.922  74.238 0.7777780294
50789  -35.426  -20.098  72.760 0.8888890147
52871  -27.936  -17.790  72.048 1.0000000000
52868  -21.496  -17.586  72.199 0.8888890147
52882  -27.884  -17.655  71.449 0.8888890147
127079  -20.985  -18.422  69.041 0.7777780294
51875  -21.235  -18.087  69.688 0.8888890147
52903  -21.698  -17.888  69.068 0.8888890147
51898  -22.100  -18.048  67.750 0.6666669846
129236  -22.872  -17.565  68.493 0.7777780294
51919  -22.037  -18.380  66.201 0.5555559993
54721  -21.990  -16.019  77.442 0.7777780294
53815  -22.109  -16.194  76.487 0.7777780294
53826  -21.518  -16.595  75.890 0.7777780294
53827  -22.333  -16.434  75.626 0.7777780294
53843  -35.935  -17.104  74.206 0.5555559993
53850  -22.776  -16.895  73.971 0.7777780294
53851  -23.601  -16.903  73.682 0.8888890147
51838  -35.188  -17.582  74.086 0.6666669846
134580  -35.660  -16.980  73.412 0.8888890147
52873  -35.284  -17.359  73.066 0.8888890147
136296  -27.105  -16.762  71.905 0.8888890147
144861  -29.314  -19.162  70.358 0.8888890147
150852  -35.331  -17.434  72.075 0.8888890147
151629  -23.541  -17.416  69.512 0.7777780294
52893  -24.240  -17.313  70.048 1.0000000000
53894  -24.864  -16.684  69.443 0.8888890147
51876  -28.577  -18.537  70.060 0.8888890147
152475  -29.696  -19.747  69.678 0.8888890147
149299  -33.202  -20.465  70.116 0.8888890147
54785  -36.886  -16.220  71.956 0.8888890147
50834  -30.214  -20.138  67.834 0.7777780294
49784  -31.043  -20.429  67.723 0.6666669846
49785  -31.734  -20.320  67.769 0.6666669846
147962  -33.917  -18.351  68.773 0.5555559993
53852  -24.397  -16.850  73.374 1.0000000000
53853  -25.938  -16.218  73.319 1.0000000000
138874  -24.532  -17.064  72.678 1.0000000000
140773  -25.569  -16.804  70.831 1.0000000000
54783  -26.665  -16.494  71.293 0.8888890147
56573  -37.868  -13.744  74.182 0.4444440007
52870  -24.237  -17.448  71.907 1.0000000000
55670  -37.673  -14.628  73.848 0.8888890147
54792  -26.856  -16.460  70.214 0.8888890147
53917  -24.585  -16.547  67.915 0.6666669846
145771  -25.143  -16.138  68.252 0.7777780294
53920  -27.498  -17.213  67.138 0.7777780294
51921  -28.257  -18.526  66.858 0.6666669846
50871  -30.273  -19.196  65.712 0.5555559993
51949  -30.923  -18.198  64.591 0.4444440007
51923  -31.667  -18.986  65.863 0.5555559993
145036  -32.743  -17.449  67.416 0.2222220004
56567  -38.019  -12.999  74.426 0.4444440007
136436  -39.007  -13.492  72.804 0.8888890147
54825  -26.424  -15.806  67.675 0.7777780294
146898  -27.060  -16.193  69.396 0.7777780294
53907  -27.628  -16.850  68.509 0.7777780294
54826  -26.764  -16.062  67.325 0.7777780294
53896  -27.239  -16.221  68.653 0.7777780294
147554  -24.657  -16.665  65.537 0.6666669846
53940  -25.384  -16.142  65.690 0.5555559993
53919  -27.014  -16.690  66.871 0.7777780294
54839  -26.484  -16.399  66.511 0.7777780294
52955  -23.786  -17.573  64.291 0.3333329856
53950  -24.895  -16.351  64.016 0.4444440007
53931  -27.419  -17.428  66.191 0.6666669846
52948  -28.160  -18.119  65.494 0.6666669846
54870  -25.823  -16.105  65.336 0.5555559993
52958  -29.453  -18.161  64.307 0.4444440007
52972  -28.863  -17.680  63.709 0.4444440007
132276  -31.646  -17.314  65.484 0.1111110002
53932  -31.797  -16.770  66.282 0.1111110002
57481  -37.783  -12.378  76.554 0.1111110002
58461  -37.870  -11.842  76.044 0.2222220004
57476  -38.332  -11.914  76.767 0.1111110002
58474  -38.347  -11.425  75.073 0.3333329856
127678  -38.849  -10.491  74.478 0.2222220004
57508  -39.131  -12.612  73.172 0.6666669846
57509  -39.625  -12.427  72.356 0.8888890147
56600  -38.955  -13.930  70.258 0.8888890147
60674  -39.219  -9.396  75.461 0.1111110002
59494  -39.873  -10.431  75.857 0.1111110002
60688  -39.501  -8.881  74.800 0.2222220004
61846  -40.140  -8.612  74.738 0.2222220004
140519  -40.319  -8.944  75.173 0.1111110002
60690  -40.843  -9.548  75.193 0.1111110002
58512  -39.765  -11.631  72.002 0.7777780294
59517  -39.017  -9.941  73.516 0.2222220004
61863  -39.838  -8.219  73.226 0.2222220004
60701  -39.372  -8.933  73.633 0.2222220004
137672  -39.556  -8.705  72.541 0.2222220004
138289  -39.744  -11.811  68.207 1.0000000000
60784  -39.958  -9.243  66.521 1.0000000000
59591  -37.527  -10.685  65.198 1.0000000000
59638  -37.166  -9.966  62.852 0.5555559993
150750  -37.225  -10.436  61.456 0.3333329856
59653  -38.541  -10.176  61.440 0.4444440007
64806  -43.929  -5.569  70.182 0.1111110002
62962  -43.395  -7.210  66.364 0.4444440007
60818  -42.044  -9.204  64.060 0.8888890147
61954  -42.820  -8.988  63.701 0.7777780294
60817  -41.264  -9.401  64.419 1.0000000000
145688  -39.895  -9.553  64.396 1.0000000000
60848  -40.306  -9.694  62.107 1.0000000000
59654  -39.294  -9.984  61.263 0.8888890147
131536  -40.343  -9.420  59.977 0.8888890147
59682  -39.178  -10.063  59.520 0.5555559993
59692  -37.749  -10.552  58.515 0.2222220004
60891  -39.703  -9.315  58.174 0.6666669846
129299  -44.819  -7.818  61.370 0.7777780294
63035  -44.501  -7.692  60.505 0.8888890147
63047  -43.331  -7.695  59.323 0.8888890147
63046  -42.899  -7.746  58.822 0.7777780294
137670  -44.534  -7.386  57.851 0.7777780294
130885  -40.252  -8.938  57.786 0.7777780294
60909  -38.556  -9.579  56.024 0.4444440007
60910  -39.464  -9.352  56.231 0.6666669846
63899  -44.488  -5.731  66.660 0.3333329856
62967  -43.601  -7.563  65.497 0.4444440007
62994  -45.582  -7.165  63.331 0.3333329856
63921  -46.010  -6.580  63.833 0.3333329856
64896  -46.328  -5.667  59.915 0.6666669846
64897  -46.653  -5.183  60.630 0.4444440007
64889  -47.109  -4.931  61.245 0.3333329856
62043  -40.573  -8.975  54.944 0.7777780294
129884  -41.868  -8.637  54.864 0.6666669846
151645  -42.612  -8.435  54.671 0.7777780294
151200  -45.189  -4.053  67.925 0.2222220004
64890  -47.713  -4.677  61.889 0.3333329856
65827  -47.634  -3.479  60.913 0.3333329856
66730  -48.205  -3.019  61.461 0.3333329856
138009  -46.622  -4.042  58.816 0.6666669846
65832  -46.768  -3.965  59.646 0.4444440007
152091  -47.845  -2.761  59.969 0.3333329856
65837  -46.455  -4.334  58.083 0.7777780294
65838  -46.892  -3.989  58.300 0.6666669846
66773  -47.352  -3.579  58.719 0.6666669846
135070  -44.230  -7.715  55.849 0.7777780294
63996  -45.045  -6.613  55.916 0.7777780294
62027  -43.208  -8.187  55.102 0.7777780294
63092  -44.137  -7.751  54.140 0.7777780294
62057  -43.107  -8.357  53.104 0.7777780294
145613  -43.640  -6.959  52.030 0.7777780294
62070  -42.869  -8.344  52.372 0.7777780294
63116  -42.853  -7.968  51.687 0.7777780294
63130  -41.739  -7.157  50.676 0.5555559993
63132  -43.190  -6.239  51.397 0.7777780294
64993  -41.910  -6.284  50.306 0.5555559993
65015  -42.627  -5.959  49.223 0.5555559993
66689  -48.421  -3.152  63.275 0.3333329856
66712  -49.314  -2.613  63.130 0.2222220004
67662  -48.988  -2.107  62.538 0.2222220004
67691  -48.861  -2.506  61.267 0.2222220004
67701  -48.784  -2.725  60.625 0.3333329856
124879  -50.314  -2.871  60.438 0.2222220004
66774  -48.065  -3.281  58.923 0.6666669846
124873  -51.426  -2.326  60.477 0.2222220004
145102  -47.554  -3.871  58.213 0.6666669846
124869  -50.049  -3.501  58.465 0.4444440007
124875  -51.063  -2.622  59.756 0.2222220004
65854  -47.237  -4.523  56.921 0.7777780294
126154  -48.896  -4.118  57.140 0.6666669846
65893  -43.643  -4.984  51.173 0.6666669846
64075  -40.700  -6.742  49.087 0.1111110002
65008  -43.195  -5.621  49.802 0.5555559993
65904  -43.697  -5.111  50.308 0.6666669846
65895  -44.867  -3.936  51.966 0.6666669846
139015  -40.224  -6.694  48.268 0.1111110002
151692  -42.487  -6.359  47.706 0.5555559993
151734  -45.149  -4.830  49.480 0.6666669846
126076  -52.017  -1.911  59.871 0.2222220004
126290  -51.629  -2.334  58.991 0.2222220004
140061  -42.450  -6.413  46.926 0.4444440007
64109  -42.328  -6.216  46.001 0.3333329856
65920  -45.709  -4.951  48.734 0.5555559993
65916  -47.137  -3.964  49.407 0.7777780294
124877  -52.116  -1.958  58.298 0.3333329856
143613  -52.090  -2.533  57.136 0.4444440007
66813  -47.973  -2.966  53.870 0.7777780294
65065  -43.043  -5.857  45.853 0.3333329856
65066  -43.787  -5.646  46.041 0.3333329856
65045  -44.703  -5.567  46.605 0.3333329856
65030  -45.332  -5.460  47.297 0.5555559993
150612  -44.434  -5.173  45.855 0.4444440007
143422  -55.262  0.069  57.777 0.2222220004
66913  -44.926  -3.775  45.097 0.3333329856
65963  -46.219  -4.039  45.894 0.6666669846
124896  -52.651  -2.204  55.265 0.3333329856
126261  -51.476  -2.230  54.192 0.4444440007
66827  -50.574  -2.038  54.526 0.4444440007
66826  -49.698  -1.605  54.571 0.5555559993
144930  -45.734  -3.532  45.330 0.2222220004
66894  -48.111  -3.255  46.700 0.7777780294
69802  -48.414  0.162  44.216 0.7777780294
69791  -48.704  -0.423  45.583 0.7777780294
145365  -48.881  0.894  44.609 0.7777780294
146936  -55.196  -0.455  55.767 0.3333329856
68714  -55.108  -0.639  54.670 0.4444440007
67773  -51.305  -0.761  53.583 0.4444440007
67867  -46.465  -2.297  44.400 0.3333329856
67835  -47.954  -2.755  45.945 0.7777780294
67836  -48.431  -2.508  46.334 0.7777780294
67868  -47.187  -1.888  44.736 0.5555559993
72585  -48.732  2.114  43.317 0.6666669846
126918  -52.437  2.117  51.730 0.4444440007
124915  -50.735  2.546  48.379 0.6666669846
124929  -52.279  3.522  51.783 0.3333329856
72518  -51.356  3.209  51.657 0.5555559993
74423  -51.401  4.209  45.462 0.7777780294
74436  -51.945  4.193  44.799 0.7777780294
75370  -53.123  5.606  46.404 0.7777780294
75381  -53.624  5.265  45.711 0.7777780294
76327  -52.158  6.476  50.198 0.6666669846
77334  -53.015  7.678  50.967 0.6666669846
77335  -53.653  7.986  49.978 0.6666669846
133111  -54.035  7.683  48.962 0.6666669846
77343  -54.959  7.928  48.522 0.6666669846
72614  -52.802  2.400  40.790 0.5555559993
150392  -53.732  6.910  52.204 0.5555559993
78323  -53.695  7.773  51.918 0.5555559993
130921  -54.780  8.640  50.895 0.6666669846
78325  -55.594  9.193  51.806 0.5555559993
126786  -56.273  9.026  49.426 0.5555559993
76347  -55.554  7.333  46.823 0.7777780294
79257  -57.926  9.455  51.568 0.4444440007
79262  -57.755  9.662  51.056 0.5555559993
77344  -59.440  8.326  49.141 0.2222220004
132045  -57.357  9.094  47.217 0.6666669846
79268  -59.445  10.197  49.569 0.6666669846
79272  -58.967  10.239  48.581 0.6666669846
79279  -59.197  9.942  46.664 0.6666669846
79280  -60.090  10.363  47.135 0.6666669846
42378  -5.973  -27.821  79.398 0.2222220004
135423  -5.430  -26.955  79.006 0.4444440007
44406  -4.798  -25.752  78.533 0.4444440007
43355  -4.578  -26.719  78.681 0.3333329856
43356  -4.936  -26.016  78.826 0.4444440007
44417  -4.896  -25.550  78.506 0.4444440007
44427  -4.089  -25.441  77.890 0.4444440007
44415  -3.506  -25.667  77.820 0.3333329856
44416  -4.283  -25.660  78.287 0.3333329856
44428  -4.954  -25.396  77.594 0.4444440007
149805  -2.202  -25.777  77.037 0.2222220004
44437  -3.288  -25.419  77.303 0.3333329856
44439  -5.296  -25.475  76.595 0.3333329856
44436  -2.479  -25.449  76.943 0.3333329856
133662  -4.362  -25.352  77.024 0.3333329856
45500  -3.873  -25.092  76.669 0.2222220004
44438  -4.795  -25.346  76.186 0.2222220004
127171  -2.101  -25.599  76.615 0.3333329856
44453  -1.965  -25.234  75.892 0.2222220004
44440  -6.187  -25.524  76.229 0.3333329856
132547  -6.923  -25.472  75.980 0.3333329856
44454  -5.644  -25.479  75.749 0.1111110002
44455  -6.517  -25.532  75.318 0.1111110002
45499  -2.999  -24.923  76.735 0.2222220004
127316  -5.902  -25.435  75.048 0.1111110002
44474  -6.439  -25.413  74.480 0.1111110002
45517  -3.406  -24.521  76.177 0.2222220004
145337  -4.315  -25.008  75.945 0.2222220004
44473  -5.761  -25.117  74.537 0.2222220004
45516  -2.676  -24.427  76.224 0.2222220004
45498  -2.296  -25.032  76.427 0.2222220004
44456  -7.386  -25.420  75.405 0.1111110002
44475  -7.095  -25.486  74.556 0.1111110002
45537  -5.163  -24.566  74.720 0.1111110002
44490  -6.332  -25.057  73.852 0.1111110002
45519  -8.214  -25.108  75.630 0.1111110002
44457  -7.892  -25.219  74.741 0.1111110002
45538  -8.774  -24.910  74.903 0.3333329856
44491  -6.935  -25.377  73.774 0.1111110002
44492  -7.527  -25.292  74.010 0.1111110002
45536  -4.356  -24.314  75.368 0.2222220004
45549  -6.264  -24.326  73.446 0.1111110002
128779  -9.058  -24.784  75.869 0.4444440007
145286  -7.625  -24.886  73.281 0.1111110002
137205  -8.649  -24.574  73.170 0.2222220004
45563  -9.530  -24.181  72.980 0.3333329856
46560  -4.954  -23.670  74.456 0.1111110002
44506  -6.822  -24.857  73.185 0.1111110002
45548  -5.700  -24.430  74.106 0.1111110002
45560  -7.300  -24.364  72.569 0.1111110002
45539  -9.390  -24.574  74.036 0.3333329856
45551  -10.272  -24.073  73.647 0.4444440007
46571  -11.082  -23.766  73.480 0.3333329856
45559  -6.704  -24.043  72.782 0.1111110002
45561  -8.083  -24.396  72.500 0.1111110002
46584  -10.405  -23.768  72.657 0.3333329856
141867  -8.213  -23.613  71.613 0.1111110002
46583  -9.562  -23.872  72.079 0.1111110002
127139  -10.176  -23.697  71.755 0.1111110002
127605  -10.884  -23.576  71.886 0.1111110002
46596  -11.247  -23.568  71.216 0.2222220004
130081  -11.954  -23.654  73.380 0.4444440007
46586  -12.248  -23.521  72.540 0.5555559993
46594  -9.569  -23.528  71.130 0.1111110002
128210  -11.720  -23.534  71.848 0.1111110002
46595  -10.501  -23.563  71.047 0.1111110002
46597  -12.012  -23.570  70.976 0.1111110002
46607  -11.176  -23.540  70.262 0.1111110002
147481  -13.508  -23.198  72.992 0.5555559993
46587  -13.077  -23.376  72.378 0.5555559993
151900  -13.718  -23.163  72.328 0.5555559993
46588  -14.274  -23.027  71.968 0.3333329856
128809  -12.598  -23.456  71.695 0.2222220004
130568  -12.904  -23.430  70.865 0.3333329856
46599  -14.246  -23.150  71.138 0.3333329856
46608  -12.299  -23.504  70.013 0.2222220004
135632  -13.628  -23.317  70.789 0.2222220004
46610  -14.163  -23.209  70.219 0.3333329856
46620  -13.639  -23.204  69.236 0.2222220004
47641  -14.454  -22.977  69.485 0.2222220004
46633  -12.754  -23.207  68.692 0.1111110002
47617  -15.070  -22.861  71.525 0.3333329856
47628  -14.981  -22.897  70.025 0.3333329856
47629  -15.626  -22.733  70.699 0.3333329856
47655  -14.344  -22.823  68.670 0.2222220004
47642  -15.135  -22.708  69.167 0.3333329856
128273  -15.727  -22.691  69.773 0.3333329856
142357  -15.011  -22.521  68.226 0.2222220004
47656  -15.753  -22.534  68.641 0.2222220004
47643  -16.415  -22.490  69.240 0.3333329856
130769  -17.116  -22.099  67.908 0.3333329856
48675  -17.703  -21.806  68.031 0.3333329856
48689  -17.206  -21.615  67.245 0.2222220004
49782  -17.536  -21.025  66.836 0.3333329856
147810  -17.210  -20.462  65.691 0.2222220004
49793  -17.721  -20.357  66.319 0.3333329856
50852  -17.677  -20.034  65.633 0.3333329856
50854  -19.075  -19.291  66.547 0.3333329856
51929  -20.581  -18.838  65.924 0.3333329856
56612  -39.498  -13.492  69.487 0.8888890147
50878  -18.528  -19.363  64.690 0.3333329856
50879  -19.378  -19.198  64.905 0.3333329856
133506  -20.105  -18.969  65.167 0.3333329856
53880  -37.112  -16.243  70.515 0.6666669846
141093  -37.513  -15.655  70.339 0.6666669846
53900  -37.112  -16.168  69.908 0.6666669846
55714  -38.375  -14.586  70.021 0.6666669846
57569  -39.783  -12.801  68.647 0.8888890147
55713  -37.803  -15.073  69.753 0.6666669846
56626  -39.138  -13.675  68.636 0.7777780294
147942  -39.298  -13.231  68.079 0.7777780294
53889  -36.723  -16.607  70.143 0.6666669846
54801  -37.218  -15.593  69.505 0.6666669846
55734  -38.222  -14.665  69.304 0.7777780294
56611  -38.785  -14.180  69.344 0.7777780294
55733  -37.703  -14.856  69.103 0.6666669846
56625  -38.351  -14.271  68.618 0.7777780294
137059  -38.730  -13.619  68.002 0.7777780294
56642  -38.967  -13.158  67.649 0.7777780294
57578  -38.762  -12.748  67.217 0.7777780294
146313  -36.684  -15.683  69.184 0.6666669846
129744  -38.016  -13.894  67.902 0.6666669846
56641  -38.360  -13.384  67.260 0.7777780294
55751  -37.544  -14.388  68.490 0.6666669846
56657  -37.632  -13.351  66.518 0.5555559993
56624  -37.092  -13.847  67.924 0.5555559993
54816  -37.029  -15.022  68.983 0.6666669846
151872  -39.424  -11.119  67.992 0.8888890147
57579  -39.364  -12.616  67.820 0.7777780294
144939  -38.468  -12.213  66.741 0.8888890147
56658  -38.248  -12.987  66.501 0.7777780294
57589  -37.718  -13.077  65.986 0.7777780294
56640  -37.667  -13.638  67.323 0.5555559993
56674  -37.226  -13.229  65.800 0.4444440007
54815  -36.189  -15.230  68.959 0.5555559993
56639  -36.980  -13.637  67.064 0.4444440007
55750  -36.723  -14.407  68.551 0.4444440007
56656  -36.826  -13.439  66.134 0.4444440007
54885  -24.931  -16.086  63.251 0.3333329856
54886  -25.663  -15.762  63.947 0.3333329856
58575  -37.879  -12.150  66.063 0.7777780294
58585  -37.382  -11.666  65.355 0.7777780294
136536  -25.683  -15.521  63.263 0.3333329856
54900  -25.885  -15.223  62.796 0.3333329856
54887  -25.966  -15.637  63.588 0.3333329856
58598  -36.838  -11.310  64.699 0.7777780294
58584  -36.876  -12.410  65.010 0.4444440007
56673  -36.457  -13.173  65.220 0.4444440007
56685  -36.310  -12.341  64.603 0.4444440007
152187  -35.873  -12.843  64.659 0.2222220004
54888  -26.377  -15.969  63.551 0.3333329856
54901  -26.405  -15.489  62.858 0.3333329856
130988  -35.612  -12.177  64.237 0.2222220004
54872  -26.342  -16.413  64.351 0.4444440007
54902  -27.212  -16.059  62.832 0.3333329856
53963  -28.354  -17.092  63.239 0.2222220004
52959  -30.361  -17.828  64.119 0.1111110002
58597  -36.096  -11.404  64.119 0.2222220004
58609  -35.908  -10.739  63.503 0.3333329856
59618  -35.770  -10.517  62.841 0.2222220004
148176  -35.303  -10.940  63.152 0.2222220004
58656  -36.226  -11.272  58.972 0.1111110002
59679  -36.851  -11.064  59.550 0.1111110002
126767  -37.021  -10.989  58.732 0.1111110002
62093  -41.224  -8.081  50.630 0.4444440007
64049  -40.806  -7.025  50.027 0.4444440007
58666  -35.573  -11.268  58.369 0.1111110002
62080  -41.530  -8.824  51.522 0.4444440007
62068  -41.766  -8.890  52.404 0.4444440007
59704  -37.155  -10.635  57.915 0.1111110002
144921  -37.842  -10.315  57.809 0.1111110002
128860  -39.720  -9.360  53.836 0.3333329856
60953  -40.451  -9.277  53.152 0.4444440007
59705  -38.332  -9.905  57.388 0.2222220004
59715  -38.207  -9.752  56.710 0.1111110002
74453  -55.723  4.554  43.256 0.6666669846
75411  -56.328  5.164  43.733 0.6666669846
75398  -57.571  5.867  43.893 0.6666669846
75409  -54.897  4.706  43.679 0.6666669846
140168  -54.997  4.251  43.100 0.6666669846
130587  -57.149  5.216  43.540 0.6666669846
73468  -53.881  3.640  42.826 0.6666669846
74461  -54.654  3.729  42.677 0.6666669846
74462  -55.421  3.867  42.614 0.6666669846
135604  -57.139  4.094  42.446 0.6666669846
74455  -57.559  4.714  42.942 0.6666669846
74464  -58.937  4.490  42.161 0.6666669846
74465  -59.878  5.042  41.873 0.6666669846
132193  -60.422  4.714  41.302 0.6666669846
68809  -47.876  -1.524  45.011 0.5555559993
68810  -48.408  -1.060  45.316 0.6666669846
144476  -47.892  -0.568  43.937 0.5555559993
68821  -48.114  -0.789  44.629 0.5555559993
77375  -57.455  7.226  44.678 0.6666669846
69815  -47.794  0.079  43.474 0.5555559993
75410  -55.507  5.204  44.013 0.6666669846
75396  -56.088  5.707  44.342 0.6666669846
76379  -58.118  6.697  44.144 0.6666669846
74474  -61.404  5.067  40.858 0.6666669846
73480  -54.223  3.177  42.063 0.6666669846
73481  -55.022  3.363  41.988 0.6666669846
128938  -56.256  3.995  42.547 0.6666669846
74471  -57.577  3.719  41.760 0.6666669846
74472  -58.477  3.891  41.666 0.6666669846
74473  -59.494  4.083  41.407 0.6666669846
74481  -60.428  4.184  40.751 0.6666669846
73514  -60.289  3.756  39.989 0.6666669846
74482  -61.560  4.413  40.100 0.6666669846
73493  -55.356  3.177  41.267 0.6666669846
74463  -56.676  3.608  41.812 0.6666669846
73513  -59.428  3.684  40.516 0.6666669846
73491  -53.699  2.712  41.257 0.5555559993
73495  -57.091  3.304  41.008 0.6666669846
73496  -58.030  3.488  41.118 0.6666669846
77366  -56.887  7.512  45.239 0.6666669846
149456  -56.533  6.194  44.504 0.6666669846
130290  -57.175  6.432  44.340 0.6666669846
75436  -63.134  5.743  40.720 0.3333329856
74475  -62.491  5.431  40.459 0.5555559993
73533  -60.995  3.727  39.262 0.6666669846
73512  -58.489  3.520  40.476 0.6666669846
73534  -62.290  4.306  39.297 0.6666669846
73506  -52.431  2.989  39.907 0.4444440007
129519  -54.250  3.048  40.539 0.5555559993
73509  -55.563  3.256  40.517 0.6666669846
73510  -56.360  3.344  40.371 0.6666669846
73541  -61.623  3.693  38.349 0.6666669846
73523  -50.750  3.099  39.474 0.4444440007
73524  -51.668  3.277  39.258 0.4444440007
73507  -53.414  2.984  40.252 0.4444440007
145470  -53.979  3.358  39.818 0.5555559993
141589  -57.022  3.412  40.211 0.6666669846
73525  -52.380  3.540  39.152 0.4444440007
73526  -53.254  3.541  39.344 0.4444440007
142754  -54.205  3.846  39.322 0.4444440007
73528  -55.757  3.587  39.765 0.6666669846
77361  -61.471  8.179  46.924 0.1111110002
126057  -52.253  4.376  50.638 0.3333329856
76351  -60.905  7.654  47.540 0.1111110002
74393  -52.587  4.641  49.886 0.3333329856
77354  -60.537  8.052  48.084 0.1111110002
77355  -60.986  8.527  47.564 0.1111110002
75342  -55.018  5.597  49.996 0.2222220004
75343  -56.044  5.787  49.530 0.2222220004
78351  -60.662  9.343  48.076 0.1111110002
76331  -57.477  7.235  49.691 0.2222220004
76395  -60.946  7.442  43.345 0.5555559993
70825  -47.589  1.018  43.120 0.3333329856
135958  -62.921  4.255  38.633 0.5555559993
74493  -51.077  3.818  38.880 0.4444440007
73531  -58.925  3.556  39.701 0.6666669846
73532  -59.788  3.500  39.207 0.6666669846
74494  -51.917  3.983  38.827 0.4444440007
74495  -52.754  4.109  38.768 0.4444440007
74496  -53.631  4.285  38.839 0.4444440007
74507  -54.529  4.562  38.865 0.4444440007
75327  -53.330  6.280  51.383 0.3333329856
76328  -54.300  6.282  51.259 0.2222220004
76320  -56.100  7.082  51.318 0.2222220004
76330  -56.505  6.735  50.144 0.2222220004
76318  -53.795  6.752  52.138 0.3333329856
77328  -56.283  7.728  52.292 0.3333329856
77320  -57.175  8.537  52.442 0.2222220004
77318  -55.266  7.922  52.613 0.4444440007
78317  -57.203  9.171  52.490 0.3333329856
73542  -62.556  3.870  37.781 0.6666669846
73530  -57.336  3.625  39.638 0.6666669846
139706  -58.068  3.571  39.762 0.6666669846
144727  -58.319  3.681  39.169 0.6666669846
74505  -52.282  4.725  38.437 0.3333329856
74506  -53.149  4.846  38.480 0.4444440007
74508  -55.449  4.865  38.876 0.4444440007
73529  -56.587  3.684  39.640 0.5555559993
133822  -58.916  3.616  38.793 0.6666669846
147364  -60.455  3.494  38.546 0.6666669846
129368  -61.559  3.667  37.487 0.5555559993
74499  -56.882  4.331  38.907 0.4444440007
73538  -57.672  3.887  39.040 0.6666669846
73539  -58.148  3.923  38.497 0.6666669846
73540  -59.649  3.526  38.282 0.6666669846
73555  -60.533  3.557  37.722 0.6666669846
73575  -63.412  3.460  35.873 0.4444440007
75453  -56.895  5.334  38.181 0.4444440007
74510  -57.474  4.470  38.346 0.6666669846
74511  -58.001  4.365  37.941 0.6666669846
73556  -62.271  3.699  36.859 0.4444440007
73554  -59.648  3.769  37.610 0.6666669846
128455  -61.107  3.794  36.929 0.5555559993
141477  -62.707  3.702  36.078 0.4444440007
74516  -57.646  5.050  37.748 0.6666669846
73553  -58.795  3.935  37.906 0.6666669846
73573  -60.162  3.953  37.052 0.6666669846
74534  -60.731  4.232  36.384 0.5555559993
73574  -61.746  4.008  36.054 0.4444440007
74517  -58.365  4.716  37.476 0.6666669846
74518  -59.214  4.438  37.145 0.6666669846
74533  -59.859  4.637  36.516 0.5555559993
74551  -61.144  4.418  35.761 0.5555559993
75467  -60.371  4.944  35.838 0.5555559993
75454  -57.408  5.850  37.575 0.5555559993
140932  -56.840  6.267  37.894 0.4444440007
75458  -58.540  5.755  36.702 0.5555559993
76433  -57.040  6.974  37.797 0.5555559993
151659  -57.330  6.489  37.557 0.5555559993
74532  -59.149  5.175  36.582 0.5555559993
152896  -59.667  5.323  36.158 0.5555559993
76437  -57.522  6.969  37.426 0.5555559993
76438  -57.974  6.434  37.055 0.5555559993
77435  -57.506  7.565  37.702 0.4444440007
78431  -58.157  8.178  37.474 0.3333329856
78434  -58.600  8.004  36.696 0.4444440007
78430  -57.577  8.285  38.108 0.3333329856
79344  -58.959  9.012  37.006 0.2222220004
76406  -62.970  7.253  42.360 0.4444440007
75428  -61.057  5.621  41.529 0.6666669846
142792  -62.394  6.186  41.079 0.4444440007
130311  -60.486  5.981  42.446 0.6666669846
75422  -62.819  6.945  41.700 0.5555559993
140050  -62.919  7.251  43.148 0.3333329856
75413  -59.654  6.018  43.246 0.6666669846
77368  -58.625  8.899  44.912 0.5555559993
77376  -59.420  8.545  44.388 0.6666669846
75419  -58.427  4.896  42.821 0.6666669846
75412  -58.776  5.562  43.327 0.6666669846
47618  -15.776  -22.743  72.178 0.3333329856
47619  -16.518  -22.605  71.083 0.3333329856
47657  -16.489  -22.312  68.294 0.3333329856
49769  -17.905  -21.128  67.571 0.3333329856
49783  -18.082  -20.333  67.250 0.3333329856
50869  -19.631  -19.059  65.815 0.3333329856
138382  -25.926  -16.017  64.121 0.3333329856
128263  -25.817  -16.006  64.403 0.3333329856
53952  -27.270  -16.628  63.637 0.3333329856
60939  -39.085  -9.483  54.542 0.4444440007
60940  -40.534  -9.068  54.053 0.4444440007
60968  -41.080  -9.186  52.417 0.4444440007
62069  -42.326  -8.556  51.944 0.4444440007
64062  -40.407  -7.008  49.601 0.4444440007
63144  -41.153  -7.247  50.303 0.4444440007
74394  -53.012  4.694  49.113 0.2222220004
75341  -53.881  5.632  50.404 0.2222220004
77309  -55.393  8.366  52.630 0.5555559993
78309  -55.956  8.931  53.031 0.5555559993
151066  -58.001  8.648  51.546 0.2222220004
77337  -58.239  8.257  50.481 0.2222220004
76377  -55.991  6.278  44.927 0.6666669846
78327  -57.984  9.189  51.728 0.3333329856
77345  -60.140  8.785  48.709 0.1111110002
77367  -57.716  8.084  45.082 0.6666669846
77377  -60.417  9.161  44.324 0.6666669846
131368  -60.382  8.171  43.863 0.5555559993
47630  -16.482  -22.564  70.218 0.4444440007
133893  -18.344  -19.739  66.023 0.3333329856
53976  -27.942  -16.574  62.856 0.1111110002
60920  -38.488  -9.587  55.133 0.1111110002
62081  -42.093  -8.008  51.189 0.4444440007
76307  -54.265  7.226  52.337 0.4444440007
44426  -2.622  -25.860  77.472 0.2222220004
43368  -2.574  -26.522  77.594 0.2222220004
45518  -5.132  -25.155  75.329 0.2222220004
45515  -2.221  -24.460  75.958 0.2222220004
45550  -8.321  -24.967  74.003 0.1111110002
45562  -8.847  -24.189  72.366 0.1111110002
45570  -7.763  -23.894  72.008 0.1111110002
46585  -11.370  -23.599  72.655 0.2222220004
46598  -13.507  -23.293  71.592 0.5555559993
138014  -14.807  -22.964  70.727 0.3333329856
46609  -13.272  -23.404  70.103 0.2222220004
132870  -12.859  -23.388  69.443 0.2222220004
47653  -12.398  -22.675  67.893 0.1111110002
47654  -13.474  -22.780  68.050 0.1111110002
152641  -15.756  -22.619  69.215 0.3333329856
48688  -16.474  -21.988  67.543 0.3333329856
50867  -18.061  -19.672  65.244 0.2222220004
50868  -18.859  -19.399  65.548 0.3333329856
57599  -37.321  -12.859  65.466 0.6666669846
126812  -35.347  -11.457  63.686 0.2222220004
59691  -36.384  -11.036  58.153 0.1111110002
59714  -37.762  -9.822  56.258 0.1111110002
62092  -40.383  -8.481  50.299 0.4444440007
60967  -40.308  -9.453  52.307 0.4444440007
75397  -56.798  5.763  44.056 0.6666669846
129557  -57.948  5.340  43.381 0.6666669846
148768  -58.275  5.918  43.740 0.6666669846
73482  -55.822  3.502  41.910 0.6666669846
135526  -58.028  4.232  42.338 0.6666669846
75420  -59.344  5.268  42.678 0.6666669846
69814  -47.146  -0.791  43.538 0.4444440007
128759  -58.370  7.809  44.522 0.6666669846
76380  -59.163  7.390  44.042 0.6666669846
76393  -59.000  6.337  43.789 0.6666669846
73492  -54.588  3.050  41.308 0.6666669846
73494  -56.153  3.261  41.156 0.6666669846
73497  -58.796  3.629  41.097 0.6666669846
152553  -59.579  3.601  39.867 0.6666669846
73508  -54.923  3.136  40.705 0.6666669846
73511  -57.684  3.457  40.411 0.6666669846
70812  -46.919  0.197  43.005 0.3333329856
70813  -48.227  0.779  43.621 0.4444440007
74483  -63.041  5.423  40.304 0.3333329856
75435  -62.920  5.948  40.679 0.3333329856
73527  -54.829  3.423  39.953 0.6666669846
74497  -55.132  4.027  39.285 0.5555559993
74498  -56.048  4.256  39.166 0.4444440007
76329  -55.483  6.366  50.692 0.2222220004
75351  -55.609  4.977  48.903 0.2222220004
75350  -54.540  5.006  49.370 0.2222220004
76338  -56.918  6.288  49.044 0.2222220004
75352  -56.470  5.516  48.530 0.2222220004
77336  -57.214  7.723  51.255 0.2222220004
76404  -61.371  6.909  42.747 0.5555559993
77400  -61.923  7.727  43.080 0.5555559993
145867  -60.444  6.574  43.136 0.6666669846
77391  -61.490  8.319  43.651 0.5555559993
152525  -46.981  0.917  42.864 0.3333329856
148220  -53.944  4.961  38.554 0.4444440007
76319  -55.031  7.105  52.150 0.3333329856
131915  -56.141  8.323  52.788 0.3333329856
75448  -51.751  5.556  38.402 0.2222220004
75457  -58.059  5.506  37.246 0.6666669846
148935  -58.615  5.117  36.993 0.5555559993
76441  -58.661  6.409  36.429 0.5555559993
75466  -59.121  5.894  36.168 0.5555559993
77436  -58.020  7.373  37.131 0.4444440007
78427  -58.317  8.930  37.944 0.3333329856
76405  -62.419  7.301  42.381 0.5555559993
76396  -62.514  7.597  43.011 0.3333329856
146490  -63.248  6.743  42.604 0.3333329856
75421  -61.869  6.675  41.848 0.6666669846
75429  -63.148  6.346  41.208 0.2222220004
76394  -59.930  6.891  43.670 0.6666669846
46473  -10.576  -23.765  82.283 0.3333329856
47502  -11.315  -22.380  82.582 0.3333329856
46474  -11.620  -22.895  82.249 0.2222220004
47503  -12.173  -22.064  82.800 0.2222220004
47507  -16.839  -22.996  82.211 0.1111110002
48505  -11.985  -21.658  82.811 0.4444440007
47495  -16.125  -21.725  82.654 0.3333329856
134262  -16.168  -20.892  82.603 0.3333329856
49577  -15.361  -20.631  82.637 0.3333329856
47508  -17.676  -22.879  82.281 0.2222220004
133569  -16.903  -22.355  82.444 0.2222220004
48499  -16.978  -21.457  82.557 0.2222220004
142155  -27.515  -19.946  79.787 0.2222220004
48515  -28.434  -21.104  79.841 0.2222220004
48524  -28.601  -21.842  79.472 0.2222220004
48532  -26.976  -21.898  78.939 0.1111110002
46514  -28.215  -22.747  78.674 0.2222220004
48516  -28.925  -20.768  79.974 0.3333329856
49605  -29.092  -20.150  79.848 0.3333329856
47526  -28.837  -22.657  79.182 0.2222220004
48525  -29.158  -21.195  79.557 0.3333329856
47535  -29.104  -22.883  79.035 0.2222220004
145902  -29.380  -22.784  78.479 0.2222220004
150593  -29.442  -23.212  77.764 0.2222220004
48541  -29.489  -21.759  78.177 0.3333329856
46531  -29.068  -23.492  78.263 0.2222220004
46537  -29.571  -23.881  77.127 0.2222220004
46538  -30.178  -24.314  76.316 0.2222220004
48533  -29.313  -22.094  79.095 0.3333329856
46524  -28.852  -23.281  78.769 0.2222220004
46565  -30.995  -23.198  74.920 0.3333329856
47570  -31.508  -23.160  75.136 0.2222220004
47585  -31.149  -22.547  74.363 0.3333329856
47600  -30.977  -21.937  73.711 0.3333329856
131600  -29.571  -22.446  77.560 0.2222220004
47554  -29.819  -23.089  76.919 0.2222220004
45529  -30.719  -24.505  75.899 0.2222220004
48556  -29.431  -21.421  77.098 0.3333329856
47568  -30.037  -22.696  75.771 0.3333329856
46552  -30.183  -23.657  76.146 0.2222220004
46553  -30.762  -23.847  75.539 0.2222220004
132794  -29.603  -22.077  76.468 0.3333329856
47569  -30.626  -23.058  75.090 0.3333329856
136278  -29.156  -21.136  76.015 0.5555559993
48575  -29.438  -21.716  75.220 0.3333329856
47583  -30.090  -22.247  74.554 0.3333329856
47584  -30.762  -22.478  74.288 0.3333329856
49657  -28.921  -20.227  75.999 0.5555559993
48594  -30.270  -21.753  73.742 0.3333329856
48593  -29.326  -21.377  74.014 0.4444440007
142601  -37.972  -14.993  70.483 0.7777780294
48500  -17.904  -21.103  82.521 0.2222220004
130851  -17.030  -20.690  82.424 0.2222220004
49578  -17.766  -20.454  82.323 0.2222220004
132002  -13.917  -20.436  83.019 0.3333329856
48498  -15.402  -21.124  82.850 0.3333329856
48497  -14.782  -21.331  83.004 0.3333329856
51769  -28.303  -18.992  80.217 0.3333329856
49604  -28.749  -20.073  80.071 0.3333329856
49624  -29.410  -21.068  78.870 0.4444440007
55697  -37.801  -15.247  71.198 0.7777780294
49587  -15.455  -20.458  82.417 0.4444440007
46484  -11.458  -23.864  81.528 0.2222220004
47527  -29.062  -22.107  79.427 0.2222220004
47534  -27.386  -22.452  78.438 0.1111110002
45512  -29.607  -24.660  76.695 0.2222220004
42369  -6.180  -28.328  81.821 0.1111110002
42367  -6.479  -27.859  82.634 0.1111110002
43341  -6.829  -26.999  83.298 0.2222220004
43345  -7.216  -26.016  83.313 0.2222220004
44389  -11.498  -25.122  84.194 0.1111110002
150921  -11.171  -24.408  83.522 0.1111110002
142594  -10.336  -23.832  84.266 0.1111110002
44392  -11.480  -24.815  83.855 0.1111110002
45450  -10.771  -24.374  82.742 0.1111110002
45444  -10.845  -23.715  83.889 0.1111110002
48501  -18.886  -21.056  82.475 0.1111110002
48502  -19.739  -20.938  82.561 0.1111110002
47510  -19.541  -22.610  81.950 0.1111110002
51931  -22.428  -18.469  65.219 0.3333329856
47497  -18.493  -21.774  82.481 0.1111110002
46475  -12.859  -22.575  82.299 0.1111110002
49579  -18.524  -20.424  82.361 0.1111110002
131771  -19.418  -20.317  82.485 0.1111110002
46488  -15.532  -23.280  81.090 0.1111110002
151331  -16.019  -23.250  81.727 0.1111110002
47496  -17.762  -22.102  82.510 0.1111110002
50671  -18.237  -20.090  82.194 0.2222220004
50678  -18.920  -19.690  82.093 0.2222220004
145096  -14.095  -22.767  81.993 0.1111110002
47492  -13.521  -21.580  83.052 0.1111110002
47493  -14.407  -21.840  82.909 0.2222220004
47494  -15.287  -21.909  82.761 0.2222220004
50677  -17.905  -19.971  82.083 0.3333329856
68820  -47.580  -1.254  44.276 0.4444440007
71704  -48.355  1.529  43.459 0.4444440007
72597  -48.278  2.099  42.524 0.4444440007
75485  -59.901  5.953  35.705 0.5555559993
73589  -62.966  3.762  35.185 0.3333329856
73603  -63.537  3.811  34.175 0.3333329856
73536  -63.540  4.317  39.699 0.2222220004
128947  -63.791  3.394  39.894 0.1111110002
73544  -63.871  3.757  38.306 0.3333329856
75486  -60.581  5.641  35.311 0.4444440007
75487  -61.150  4.871  35.248 0.4444440007
74569  -61.937  4.787  34.689 0.3333329856
76469  -60.750  6.299  34.972 0.2222220004
75517  -62.335  5.584  34.228 0.2222220004
74570  -62.961  4.589  34.069 0.3333329856
74501  -63.205  4.879  39.997 0.2222220004
74500  -62.735  4.932  39.936 0.4444440007
130031  -63.910  3.718  39.058 0.2222220004
74552  -61.848  4.327  35.256 0.3333329856
73535  -63.146  4.583  39.430 0.3333329856
138796  -63.538  4.183  38.896 0.4444440007
73543  -63.404  4.031  38.144 0.4444440007
152365  -63.754  3.771  37.673 0.3333329856
145268  -63.279  3.817  37.374 0.3333329856
73558  -63.848  3.519  36.979 0.3333329856
73557  -63.326  3.632  36.577 0.3333329856
45441  -8.176  -24.591  84.166 0.2222220004
48495  -12.690  -21.484  83.034 0.2222220004
44387  -9.792  -24.812  84.577 0.1111110002
50670  -17.245  -20.253  82.207 0.3333329856
52752  -21.198  -17.682  82.642 0.2222220004
51918  -21.304  -18.616  66.355 0.4444440007
52946  -23.670  -17.761  65.170 0.3333329856
48496  -14.078  -21.066  83.105 0.2222220004
68819  -46.867  -1.688  43.964 0.3333329856
73590  -63.783  3.023  35.161 0.3333329856
68832  -46.459  -1.387  43.451 0.2222220004
46486  -13.387  -23.198  81.220 0.1111110002
133570  -16.023  -22.560  82.463 0.1111110002
47509  -18.568  -22.579  82.240 0.1111110002
47505  -13.802  -22.218  82.654 0.1111110002
46476  -15.194  -23.091  81.871 0.1111110002
133575  -15.994  -23.044  82.177 0.1111110002
46491  -18.912  -23.388  81.598 0.1111110002
74553  -62.597  4.313  34.671 0.3333329856
75516  -61.300  5.538  34.770 0.3333329856
43412  -34.278  -26.300  73.190 0.1111110002
43443  -32.395  -26.349  72.074 0.1111110002
44470  -35.218  -25.178  75.029 0.1111110002
44485  -34.085  -26.419  75.050 0.1111110002
128303  -34.990  -25.984  74.621 0.1111110002
44486  -35.620  -25.344  74.507 0.1111110002
43400  -32.570  -27.121  74.888 0.1111110002
43402  -34.318  -26.517  74.216 0.1111110002
44501  -35.018  -26.047  73.632 0.1111110002
135504  -30.167  -27.949  74.082 0.1111110002
127917  -30.855  -27.977  74.220 0.1111110002
43410  -32.701  -27.105  73.996 0.1111110002
43429  -32.633  -26.755  73.006 0.1111110002
41537  -29.448  -27.220  72.101 0.1111110002
41538  -29.829  -27.453  71.956 0.1111110002
43428  -31.779  -26.952  72.498 0.1111110002
42455  -29.282  -26.783  71.615 0.1111110002
43441  -30.503  -26.884  71.428 0.1111110002
46556  -35.430  -23.717  75.742 0.1111110002
44469  -34.392  -25.659  75.270 0.1111110002
43393  -33.230  -26.617  75.237 0.1111110002
45530  -32.763  -25.558  75.622 0.1111110002
45510  -28.241  -24.410  76.222 0.1111110002
42416  -30.059  -27.567  74.920 0.1111110002
43391  -31.385  -26.638  75.944 0.1111110002
44467  -31.949  -26.136  75.771 0.1111110002
135462  -28.633  -25.051  74.816 0.1111110002
43389  -29.041  -26.036  75.216 0.1111110002
44451  -30.244  -25.223  76.372 0.1111110002
134127  -29.066  -26.231  72.627 0.1111110002
43427  -28.995  -26.202  71.854 0.1111110002
43440  -28.811  -25.994  70.973 0.1111110002
47545  -34.770  -21.849  77.228 0.1111110002
46540  -33.807  -22.906  76.587 0.1111110002
136634  -34.551  -24.349  75.602 0.1111110002
46555  -33.611  -24.070  75.914 0.1111110002
129869  -32.957  -24.495  75.808 0.1111110002
45496  -28.496  -24.142  77.144 0.1111110002
44452  -30.748  -25.127  76.244 0.1111110002
46554  -31.424  -24.689  75.703 0.1111110002
45497  -29.029  -24.195  77.373 0.1111110002
44450  -29.661  -25.028  76.210 0.1111110002
49639  -34.235  -20.976  77.670 0.1111110002
48542  -33.819  -21.111  77.836 0.1111110002
47543  -33.690  -21.597  77.447 0.1111110002
46539  -33.002  -23.314  76.139 0.1111110002
47555  -33.107  -22.010  76.954 0.1111110002
142328  -32.126  -23.904  75.572 0.1111110002
140633  -31.222  -23.933  75.429 0.1111110002
49658  -33.773  -20.986  77.702 0.1111110002
48557  -33.432  -21.189  77.429 0.2222220004
147724  -33.001  -21.533  76.802 0.2222220004
56655  -36.194  -13.474  66.788 0.2222220004
56623  -36.254  -13.878  68.261 0.2222220004
46523  -28.064  -23.103  78.206 0.1111110002
45513  -30.152  -24.751  76.299 0.1111110002
46530  -28.707  -23.670  77.962 0.1111110002
43411  -33.540  -26.729  73.616 0.1111110002
44468  -33.564  -26.043  75.418 0.1111110002
43401  -33.497  -26.862  74.618 0.1111110002
44502  -35.656  -25.588  73.848 0.1111110002
42427  -31.787  -27.536  74.203 0.1111110002
42426  -31.370  -27.332  75.213 0.1111110002
43390  -29.587  -26.678  75.479 0.1111110002
43399  -29.265  -26.832  74.566 0.1111110002
42439  -29.517  -27.352  72.989 0.1111110002
42440  -30.218  -27.996  73.289 0.1111110002
42441  -31.150  -27.933  73.373 0.1111110002
42457  -31.293  -27.529  72.730 0.1111110002
41551  -29.451  -27.090  71.594 0.1111110002
42454  -29.228  -26.782  72.175 0.1111110002
42471  -31.008  -27.436  72.028 0.1111110002
42470  -29.784  -27.120  71.480 0.1111110002
43455  -31.101  -26.172  71.037 0.1111110002
43454  -30.216  -26.296  70.747 0.1111110002
149306  -34.611  -23.463  76.110 0.1111110002
45531  -33.706  -25.118  75.625 0.1111110002
133642  -32.825  -26.271  75.493 0.1111110002
43392  -32.279  -26.711  75.483 0.1111110002
45511  -28.816  -24.653  76.542 0.1111110002
45528  -28.559  -24.954  75.618 0.1111110002
131409  -30.436  -26.797  75.957 0.1111110002
44466  -30.837  -25.929  76.390 0.1111110002
131274  -31.670  -25.366  75.888 0.1111110002
44463  -28.573  -24.835  74.360 0.1111110002
148582  -28.773  -25.213  75.318 0.1111110002
43388  -28.854  -25.461  74.828 0.1111110002
44484  -28.846  -25.436  74.054 0.1111110002
44464  -29.085  -25.413  75.663 0.1111110002
43398  -28.961  -26.086  74.251 0.1111110002
44465  -29.713  -25.870  76.184 0.1111110002
43426  -28.875  -25.693  72.357 0.1111110002
134602  -29.045  -26.160  73.416 0.1111110002
44500  -28.880  -25.659  73.184 0.1111110002
47556  -34.152  -22.108  77.258 0.1111110002
46541  -34.717  -22.849  76.590 0.1111110002
146120  -32.218  -24.817  75.616 0.1111110002
44449  -29.039  -25.148  76.047 0.1111110002
54702  -24.529  -15.039  80.076 0.1111110002
53785  -24.900  -15.362  79.821 0.1111110002
53786  -26.321  -15.942  79.362 0.1111110002
52797  -26.714  -16.824  79.040 0.1111110002
51792  -26.859  -17.824  78.906 0.1111110002
60979  -40.188  -9.480  51.469 0.3333329856
60993  -39.174  -9.520  50.442 0.2222220004
60994  -39.966  -9.258  50.671 0.2222220004
62106  -38.958  -8.475  49.560 0.2222220004
132932  -39.359  -8.037  49.583 0.2222220004
63142  -39.967  -7.884  49.834 0.2222220004
144556  -40.297  -7.359  49.762 0.2222220004
128781  -38.803  -9.617  53.617 0.2222220004
60952  -39.620  -9.534  52.932 0.3333329856
59782  -38.868  -9.941  51.747 0.1111110002
60978  -39.453  -9.712  51.217 0.2222220004
66672  -49.006  -3.751  63.912 0.1111110002
66691  -49.466  -3.478  63.546 0.1111110002
70730  -55.488  0.556  51.550 0.3333329856
65979  -37.824  -4.611  44.361 0.1111110002
143074  -39.776  -5.435  44.593 0.1111110002
65084  -40.502  -5.432  44.566 0.1111110002
65085  -41.371  -5.395  44.573 0.1111110002
143868  -51.757  -2.307  60.906 0.1111110002
70718  -54.048  0.478  51.486 0.3333329856
143191  -35.862  -0.372  46.799 0.1111110002
68804  -34.459  -1.820  45.692 0.1111110002
68790  -34.858  -1.163  46.166 0.1111110002
66912  -35.202  -3.864  44.853 0.1111110002
65978  -36.957  -4.163  44.429 0.1111110002
65980  -38.610  -4.697  44.105 0.1111110002
65990  -39.300  -4.329  43.759 0.1111110002
65983  -41.752  -4.784  44.070 0.1111110002
65984  -42.576  -4.409  44.291 0.1111110002
65961  -44.642  -4.531  45.469 0.2222220004
68805  -35.391  -1.603  45.609 0.1111110002
68791  -35.911  -0.980  46.203 0.1111110002
67850  -35.031  -2.359  45.212 0.1111110002
67863  -36.370  -2.678  44.635 0.1111110002
144570  -37.627  -3.850  44.091 0.1111110002
67874  -38.605  -2.374  43.630 0.1111110002
67865  -37.754  -2.409  44.081 0.1111110002
66941  -38.909  -3.377  43.559 0.1111110002
65991  -40.330  -4.274  43.685 0.1111110002
65985  -43.387  -4.211  44.692 0.1111110002
67875  -39.475  -2.704  43.308 0.1111110002
67876  -40.273  -2.849  43.147 0.1111110002
66945  -42.407  -3.488  43.614 0.1111110002
66931  -43.106  -3.676  43.987 0.1111110002
65986  -44.141  -4.001  44.947 0.1111110002
67878  -42.033  -2.799  43.244 0.1111110002
67879  -43.025  -2.809  43.401 0.1111110002
68793  -37.711  -0.925  45.973 0.1111110002
68792  -36.933  -1.074  46.075 0.1111110002
68808  -37.887  -1.045  45.234 0.1111110002
67864  -37.069  -2.171  44.555 0.1111110002
138648  -39.921  -2.236  42.965 0.1111110002
130671  -43.819  -2.470  43.325 0.1111110002
67880  -44.542  -2.523  43.518 0.1111110002
68827  -39.361  -1.847  43.203 0.1111110002
67877  -41.128  -2.846  43.111 0.1111110002
69821  -40.352  -0.669  42.684 0.1111110002
68838  -41.932  -1.349  42.622 0.1111110002
68839  -42.816  -1.278  42.622 0.1111110002
68829  -44.206  -1.882  43.019 0.1111110002
69822  -41.433  -0.536  42.496 0.1111110002
142126  -41.487  0.273  42.435 0.1111110002
69823  -42.304  -0.729  42.446 0.1111110002
69825  -44.181  -0.341  42.418 0.1111110002
69813  -46.332  -0.717  43.052 0.1111110002
140512  -42.184  -0.030  42.316 0.1111110002
70821  -43.678  0.414  42.113 0.1111110002
70822  -44.641  0.494  42.191 0.1111110002
136448  -45.123  -0.173  42.529 0.1111110002
70824  -46.430  0.830  42.653 0.1111110002
71711  -43.187  1.239  42.035 0.1111110002
71712  -44.196  1.188  41.899 0.1111110002
71714  -46.130  1.486  42.171 0.1111110002
71715  -47.070  1.415  42.564 0.2222220004
71725  -46.220  2.136  41.820 0.1111110002
71716  -47.947  1.725  42.883 0.3333329856
142367  -40.699  0.171  42.575 0.1111110002
70818  -41.036  0.928  42.497 0.1111110002
146870  -42.548  1.009  42.205 0.1111110002
71722  -43.827  1.873  41.818 0.1111110002
71713  -45.128  1.296  41.974 0.1111110002
71723  -44.643  1.964  41.735 0.1111110002
146744  -45.060  2.689  41.523 0.1111110002
71726  -46.821  1.936  42.022 0.1111110002
72608  -46.551  2.461  41.555 0.1111110002
72596  -47.576  1.883  42.283 0.2222220004
72617  -47.590  2.265  41.218 0.3333329856
70811  -40.197  0.887  42.773 0.1111110002
71708  -40.578  1.682  42.664 0.1111110002
71709  -41.428  1.658  42.391 0.1111110002
71710  -42.312  1.563  42.184 0.1111110002
72595  -42.991  2.306  41.952 0.1111110002
151512  -43.260  3.156  41.823 0.1111110002
72606  -44.052  2.713  41.657 0.1111110002
73487  -45.457  3.301  41.269 0.1111110002
130460  -47.460  3.135  40.491 0.2222220004
72618  -48.055  2.390  40.706 0.3333329856
73488  -46.189  3.125  41.195 0.1111110002
73501  -46.552  3.691  40.658 0.1111110002
72593  -41.039  2.453  42.582 0.1111110002
73474  -42.050  3.897  42.416 0.1111110002
144469  -42.536  4.449  42.448 0.1111110002
74460  -43.139  4.790  42.189 0.1111110002
72605  -42.416  3.176  42.111 0.1111110002
74468  -43.761  4.412  41.733 0.1111110002
73485  -43.850  3.616  41.633 0.1111110002
135434  -44.348  4.078  41.401 0.1111110002
74470  -45.035  4.126  41.085 0.1111110002
73502  -48.381  3.054  40.176 0.2222220004
133568  -49.668  2.209  40.511 0.3333329856
73500  -45.822  3.838  40.932 0.1111110002
150635  -46.104  4.213  40.665 0.1111110002
74480  -47.232  4.112  40.014 0.1111110002
73520  -47.941  3.674  39.867 0.2222220004
73521  -48.780  3.781  39.610 0.2222220004
73504  -50.135  2.639  40.063 0.3333329856
75434  -47.367  5.183  39.783 0.1111110002
134531  -48.287  5.219  39.488 0.1111110002
74492  -49.536  4.398  39.186 0.2222220004
131960  -50.307  3.813  39.097 0.2222220004
74503  -50.485  4.556  38.798 0.2222220004
74504  -51.403  4.649  38.546 0.3333329856
73464  -41.190  3.624  43.529 0.1111110002
73473  -41.468  3.838  42.791 0.1111110002
73472  -40.994  3.076  42.884 0.1111110002
75416  -42.609  5.076  42.781 0.1111110002
75417  -43.272  5.522  42.460 0.1111110002
75426  -43.786  5.208  41.858 0.1111110002
75418  -43.853  5.950  42.217 0.1111110002
76400  -44.483  6.421  42.153 0.1111110002
151052  -45.025  4.779  40.975 0.1111110002
75427  -45.125  5.432  41.041 0.1111110002
74478  -45.617  4.668  40.762 0.1111110002
75432  -45.950  5.492  40.667 0.1111110002
75433  -46.675  5.725  40.299 0.1111110002
141766  -47.327  6.088  40.023 0.1111110002
141800  -48.657  5.816  39.486 0.1111110002
75443  -49.055  5.273  39.271 0.1111110002
75444  -49.874  5.371  38.950 0.1111110002
75447  -50.816  5.500  38.630 0.1111110002
75449  -52.673  5.535  38.338 0.2222220004
75451  -54.791  5.523  38.520 0.3333329856
143189  -55.707  5.629  38.621 0.3333329856
74509  -56.228  5.149  38.714 0.3333329856
72578  -40.982  3.225  44.721 0.1111110002
75407  -42.168  4.835  43.186 0.1111110002
75408  -42.508  5.404  43.520 0.1111110002
76390  -42.958  5.826  43.089 0.1111110002
76391  -43.475  6.361  43.412 0.1111110002
127952  -43.981  6.509  42.822 0.1111110002
76392  -44.235  6.864  43.705 0.1111110002
77396  -45.470  7.529  42.828 0.1111110002
76401  -45.174  6.874  42.138 0.1111110002
145367  -45.593  6.639  41.575 0.1111110002
76410  -46.203  6.703  41.238 0.1111110002
76416  -46.952  6.638  40.677 0.1111110002
76417  -47.899  6.766  40.178 0.1111110002
76424  -49.354  6.145  39.340 0.1111110002
75445  -50.266  6.259  38.955 0.1111110002
76427  -51.239  6.477  38.721 0.1111110002
75450  -53.663  5.727  38.357 0.1111110002
76430  -54.526  6.543  38.377 0.1111110002
75452  -56.225  6.099  38.372 0.3333329856
76374  -42.942  6.018  43.911 0.1111110002
76375  -43.580  6.473  44.318 0.1111110002
77390  -46.111  8.008  43.214 0.1111110002
77398  -47.215  8.087  42.280 0.1111110002
77403  -46.819  7.423  41.589 0.1111110002
77404  -47.547  7.860  41.616 0.1111110002
77409  -48.359  7.541  40.580 0.1111110002
129782  -49.121  7.635  40.302 0.1111110002
77410  -50.020  7.661  39.873 0.1111110002
128355  -49.874  6.839  39.409 0.1111110002
77421  -50.579  7.070  39.242 0.1111110002
76425  -51.247  7.304  39.102 0.1111110002
76428  -52.218  6.349  38.488 0.1111110002
135986  -52.964  6.272  38.366 0.1111110002
76429  -53.548  6.584  38.412 0.1111110002
135884  -55.454  6.310  38.424 0.3333329856
78393  -61.799  8.763  43.987 0.3333329856
78397  -47.790  8.463  42.861 0.1111110002
78391  -48.420  8.706  43.539 0.1111110002
77392  -62.043  8.172  43.598 0.3333329856
78403  -47.998  8.271  42.039 0.1111110002
151899  -49.050  8.604  42.046 0.1111110002
78400  -50.136  8.877  42.125 0.1111110002
78410  -48.854  8.195  40.939 0.1111110002
78411  -49.652  8.225  40.674 0.1111110002
77411  -50.981  8.248  40.033 0.1111110002
135020  -50.842  7.739  39.577 0.1111110002
77426  -51.935  7.147  38.823 0.1111110002
77423  -52.453  7.630  38.965 0.1111110002
77427  -52.852  7.035  38.588 0.1111110002
77428  -53.841  7.229  38.561 0.1111110002
77429  -54.808  7.383  38.521 0.1111110002
77430  -55.668  7.561  38.531 0.1111110002
76431  -55.938  6.882  38.403 0.3333329856
76432  -56.496  6.881  38.148 0.2222220004
77379  -62.136  8.561  44.165 0.3333329856
78392  -49.266  8.867  43.239 0.1111110002
79312  -50.028  9.059  42.983 0.1111110002
79318  -50.891  8.993  41.824 0.1111110002
78413  -50.988  8.717  40.852 0.1111110002
77422  -51.717  7.926  39.422 0.1111110002
151560  -52.188  8.425  39.822 0.1111110002
78417  -52.664  8.147  39.381 0.1111110002
78418  -53.587  8.490  39.465 0.1111110002
78423  -54.214  7.930  38.878 0.1111110002
78425  -55.746  8.199  38.741 0.1111110002
77431  -56.259  7.398  38.373 0.2222220004
77432  -56.859  7.646  38.174 0.2222220004
146529  -59.251  6.789  35.850 0.4444440007
78407  -51.607  9.139  41.508 0.1111110002
133918  -52.507  9.485  41.716 0.1111110002
80261  -53.644  10.380  42.658 0.1111110002
78401  -52.374  9.241  40.999 0.1111110002
78408  -53.038  9.291  40.792 0.1111110002
79319  -53.447  9.726  41.443 0.1111110002
79320  -54.190  9.940  41.151 0.1111110002
77407  -52.385  8.865  40.464 0.1111110002
77414  -52.854  8.735  40.020 0.1111110002
79322  -53.808  9.475  40.635 0.1111110002
79330  -54.132  9.085  39.930 0.1111110002
138318  -53.508  9.032  40.142 0.1111110002
78420  -55.382  8.664  39.142 0.1111110002
78421  -56.213  8.719  38.912 0.1111110002
78426  -56.935  8.442  38.545 0.1111110002
77439  -58.559  7.124  36.498 0.3333329856
77440  -59.122  7.752  36.010 0.3333329856
77445  -59.826  7.630  35.473 0.3333329856
76445  -60.174  6.809  35.291 0.3333329856
80266  -53.883  10.202  41.901 0.1111110002
80262  -54.340  10.703  42.333 0.1111110002
79331  -54.909  9.200  39.717 0.1111110002
79324  -55.268  9.811  40.146 0.1111110002
79336  -56.914  9.063  38.894 0.1111110002
79337  -57.657  9.135  38.577 0.1111110002
78435  -59.166  8.497  36.253 0.2222220004
77446  -60.487  7.609  35.076 0.2222220004
77460  -60.942  7.123  34.766 0.2222220004
139155  -62.314  6.734  33.996 0.2222220004
80267  -54.603  10.464  41.595 0.1111110002
80272  -55.658  10.419  40.602 0.1111110002
79333  -56.488  9.479  39.323 0.1111110002
79341  -58.857  9.528  37.754 0.1111110002
79352  -59.689  9.203  36.046 0.1111110002
79353  -60.469  9.229  35.425 0.2222220004
78441  -59.745  8.456  35.679 0.2222220004
78442  -60.456  8.373  35.181 0.2222220004
135816  -61.144  8.127  34.666 0.2222220004
77461  -61.724  7.517  34.328 0.2222220004
74592  -64.778  4.410  31.810 0.2222220004
74585  -64.333  3.946  31.967 0.2222220004
74590  -63.549  4.322  31.700 0.2222220004
73622  -63.975  3.594  32.160 0.1111110002
80268  -55.330  10.737  41.310 0.1111110002
80269  -56.070  11.009  41.033 0.1111110002
80273  -56.436  10.633  40.393 0.1111110002
80281  -56.832  10.198  39.746 0.1111110002
80285  -57.958  10.070  38.848 0.1111110002
79338  -58.448  9.701  38.299 0.1111110002
80290  -59.089  10.149  37.973 0.1111110002
79342  -59.337  9.946  37.263 0.1111110002
79345  -59.751  9.859  36.509 0.1111110002
79346  -60.496  9.944  35.833 0.1111110002
79354  -61.289  10.096  35.197 0.2222220004
73611  -53.065  3.359  33.775 0.1111110002
73612  -53.862  3.563  34.140 0.1111110002
78451  -61.674  8.884  34.350 0.2222220004
79358  -62.186  9.238  33.915 0.2222220004
131688  -54.954  3.752  34.337 0.1111110002
150222  -61.682  8.269  34.334 0.2222220004
78472  -62.723  8.037  33.558 0.2222220004
78473  -63.478  8.225  33.150 0.2222220004
74568  -57.415  4.146  34.378 0.1111110002
78452  -62.151  8.373  33.992 0.2222220004
78486  -64.289  8.389  32.528 0.2222220004
77462  -62.370  7.574  33.877 0.2222220004
77497  -64.207  7.454  32.848 0.2222220004
77498  -65.011  7.568  32.180 0.2222220004
76506  -64.914  6.580  32.411 0.2222220004
76507  -65.259  5.560  31.923 0.2222220004
75528  -64.996  5.157  32.354 0.2222220004
74591  -64.326  4.825  31.272 0.2222220004
74584  -62.692  3.973  32.289 0.1111110002
80274  -57.200  10.874  40.151 0.1111110002
80283  -58.290  10.812  39.172 0.1111110002
80294  -59.878  10.527  36.751 0.1111110002
80295  -60.344  10.432  36.165 0.1111110002
140326  -54.269  4.421  34.467 0.1111110002
79357  -61.758  9.813  34.447 0.2222220004
149973  -53.246  3.842  34.147 0.1111110002
74565  -54.942  4.638  34.541 0.1111110002
74566  -55.649  4.518  34.516 0.1111110002
140188  -56.810  5.145  34.225 0.1111110002
79376  -63.472  9.005  32.883 0.2222220004
74567  -56.583  4.451  34.432 0.1111110002
75515  -57.235  4.775  34.258 0.1111110002
74575  -57.901  4.672  34.100 0.1111110002
126911  -59.282  5.113  33.440 0.1111110002
74576  -58.726  4.491  33.868 0.1111110002
76519  -65.214  5.959  31.082 0.2222220004
75544  -64.654  5.692  30.694 0.2222220004
75525  -60.253  4.869  33.082 0.1111110002
75539  -65.001  5.044  31.401 0.2222220004
74578  -60.710  4.080  33.389 0.1111110002
74583  -61.389  4.497  32.696 0.1111110002
75532  -62.193  4.871  31.929 0.1111110002
75538  -63.036  5.229  31.207 0.2222220004
81256  -59.886  11.295  37.655 0.1111110002
81262  -60.491  11.122  36.246 0.1111110002
80286  -58.668  10.473  38.533 0.1111110002
80287  -59.285  10.898  38.122 0.1111110002
80301  -61.416  10.825  35.144 0.1111110002
76486  -57.045  6.567  33.428 0.1111110002
80302  -61.606  10.474  34.711 0.2222220004
79374  -62.130  9.844  33.808 0.2222220004
75514  -56.119  5.220  34.381 0.1111110002
76503  -58.647  6.777  32.811 0.1111110002
79375  -62.617  9.441  33.294 0.2222220004
75523  -57.433  5.393  33.865 0.1111110002
76487  -57.903  6.108  33.340 0.1111110002
79392  -63.065  9.614  32.586 0.2222220004
78487  -64.817  8.364  31.839 0.2222220004
76488  -58.921  5.927  33.175 0.1111110002
77530  -65.050  7.345  30.244 0.2222220004
77529  -64.497  7.276  29.669 0.2222220004
76505  -60.292  6.390  32.214 0.1111110002
75531  -60.959  5.530  32.366 0.1111110002
146242  -65.301  6.757  30.846 0.2222220004
76526  -64.920  6.514  30.306 0.2222220004
76525  -64.229  6.446  29.974 0.2222220004
75537  -61.794  5.814  31.515 0.1111110002
75543  -63.759  5.723  30.520 0.2222220004
81268  -61.070  11.309  35.583 0.1111110002
81272  -61.546  10.966  34.537 0.1111110002
80311  -61.854  10.454  33.945 0.1111110002
80312  -62.356  10.085  33.188 0.2222220004
80319  -62.679  10.252  32.367 0.2222220004
76502  -57.816  7.068  33.032 0.2222220004
77495  -58.399  7.523  32.338 0.2222220004
79393  -64.227  9.204  32.182 0.2222220004
79408  -63.545  9.777  31.817 0.2222220004
77496  -59.233  7.285  32.163 0.2222220004
79394  -64.565  8.737  31.564 0.2222220004
136146  -64.439  8.641  29.854 0.2222220004
76504  -59.477  6.537  32.559 0.2222220004
76516  -60.484  6.919  31.579 0.1111110002
77543  -64.158  8.056  29.090 0.2222220004
75536  -60.961  6.306  31.752 0.1111110002
76523  -62.036  6.917  30.516 0.1111110002
76518  -62.496  6.151  30.805 0.1111110002
78526  -64.278  8.708  29.093 0.2222220004
78525  -63.793  8.783  28.868 0.2222220004
77512  -59.809  7.533  31.476 0.2222220004
77526  -60.840  7.861  30.558 0.2222220004
77542  -63.418  8.118  29.015 0.2222220004
76515  -59.910  7.014  32.012 0.1111110002
77513  -60.611  7.379  31.086 0.2222220004
77527  -61.762  7.556  30.239 0.2222220004
78513  -61.634  8.185  29.864 0.2222220004
69670  -56.906  0.703  55.991 0.2222220004
70719  -55.104  0.554  51.684 0.3333329856
72629  -64.202  2.991  38.497 0.1111110002
65797  -48.569  -4.146  64.356 0.1111110002
66713  -50.156  -2.950  62.772 0.1111110002
145631  -50.445  -2.783  62.203 0.1111110002
124868  -51.026  -2.762  61.507 0.1111110002
65087  -42.965  -4.922  45.000 0.2222220004
151241  -44.494  -2.996  43.882 0.1111110002
66946  -43.917  -3.112  43.790 0.1111110002
66934  -45.283  -3.126  44.686 0.1111110002
69669  -56.119  0.205  55.612 0.2222220004
130503  -45.749  -2.609  44.180 0.1111110002
68830  -44.923  -1.886  43.178 0.1111110002
69708  -53.393  -0.378  52.035 0.3333329856
69697  -54.945  -0.166  52.819 0.3333329856
140705  -52.842  0.847  51.569 0.3333329856
64061  -40.025  -6.854  49.095 0.2222220004
130143  -41.832  -5.861  45.214 0.1111110002
134323  -42.620  -5.620  45.354 0.2222220004
124884  -55.644  0.176  56.745 0.2222220004
129544  -53.026  1.339  51.176 0.3333329856
63143  -40.633  -7.623  50.098 0.3333329856
60980  -40.825  -9.271  51.706 0.3333329856
62091  -39.543  -8.742  49.949 0.2222220004
60966  -39.579  -9.735  52.060 0.2222220004
52796  -25.844  -16.709  78.608 0.1111110002
61006  -37.946  -9.425  49.680 0.1111110002
63157  -39.622  -7.348  49.385 0.2222220004
60951  -38.850  -9.783  52.593 0.1111110002
60992  -38.384  -9.835  50.268 0.1111110002
146317  -54.844  0.726  51.241 0.3333329856
65082  -38.451  -5.235  44.612 0.1111110002
65981  -39.992  -4.972  44.067 0.1111110002
65083  -39.197  -5.137  44.268 0.1111110002
65062  -39.134  -5.717  45.016 0.1111110002
65086  -42.217  -5.231  44.686 0.1111110002
147422  -34.815  -3.089  44.969 0.1111110002
65958  -36.094  -4.576  44.888 0.1111110002
67862  -35.543  -2.953  44.771 0.1111110002
65977  -36.195  -3.601  44.565 0.1111110002
66929  -37.129  -3.190  44.273 0.1111110002
142179  -38.348  -4.041  43.838 0.1111110002
65992  -41.238  -4.221  43.690 0.1111110002
65982  -40.875  -4.910  44.018 0.1111110002
146851  -42.535  -3.925  43.902 0.1111110002
69770  -36.738  -0.580  46.691 0.1111110002
67851  -35.846  -2.126  45.061 0.1111110002
67852  -36.527  -1.913  44.938 0.1111110002
141313  -38.121  -1.768  43.956 0.1111110002
66930  -38.034  -3.215  43.852 0.1111110002
66942  -39.837  -3.529  43.437 0.1111110002
66943  -40.736  -3.554  43.390 0.1111110002
66944  -41.606  -3.514  43.459 0.1111110002
66932  -43.795  -3.657  44.380 0.1111110002
67889  -42.451  -2.030  42.968 0.1111110002
69771  -37.556  -0.659  46.616 0.1111110002
68807  -37.138  -1.407  45.228 0.1111110002
68806  -36.291  -1.490  45.494 0.1111110002
68817  -37.650  -1.628  44.525 0.1111110002
67887  -40.618  -2.164  42.861 0.1111110002
67888  -41.532  -2.092  42.878 0.1111110002
67890  -43.344  -1.941  42.981 0.1111110002
68837  -40.982  -1.392  42.651 0.1111110002
68840  -43.750  -1.169  42.668 0.1111110002
69824  -43.097  -0.406  42.327 0.1111110002
68841  -44.786  -1.114  42.799 0.1111110002
69826  -45.609  -0.724  42.795 0.1111110002
69827  -45.996  0.011  42.700 0.1111110002
70819  -41.964  0.830  42.293 0.1111110002
70820  -42.772  0.483  42.186 0.1111110002
70823  -45.560  0.665  42.374 0.1111110002
71724  -45.541  2.047  41.767 0.1111110002
72607  -45.874  2.647  41.533 0.1111110002
72609  -47.230  2.143  41.680 0.1111110002
147790  -47.880  2.063  41.950 0.3333329856
73489  -46.868  2.779  41.110 0.1111110002
72594  -41.896  2.407  42.249 0.1111110002
73486  -44.653  3.417  41.418 0.1111110002
130454  -41.548  3.189  42.482 0.1111110002
73475  -42.992  3.937  42.054 0.1111110002
74459  -42.007  4.430  42.780 0.1111110002
73503  -49.269  2.914  40.050 0.3333329856
74479  -46.453  4.721  40.337 0.1111110002
74490  -48.023  4.416  39.606 0.1111110002
74491  -48.731  4.621  39.408 0.2222220004
75442  -47.984  5.950  39.671 0.1111110002
76399  -43.456  6.095  42.768 0.1111110002
144631  -44.423  5.693  41.609 0.1111110002
76409  -45.032  6.240  41.525 0.1111110002
74469  -44.466  4.831  41.311 0.1111110002
136943  -45.659  6.139  41.049 0.1111110002
76415  -46.268  6.157  40.734 0.1111110002
76418  -48.618  6.464  39.722 0.1111110002
76376  -44.237  6.864  44.768 0.1111110002
77388  -44.648  7.026  42.820 0.1111110002
77402  -45.941  7.179  41.983 0.1111110002
77408  -47.592  7.409  40.928 0.1111110002
148381  -48.637  7.092  40.078 0.1111110002
77420  -49.252  6.992  39.757 0.1111110002
76364  -43.673  6.400  45.236 0.1111110002
78396  -46.894  8.313  43.178 0.1111110002
77397  -46.390  7.807  42.505 0.1111110002
78390  -47.626  8.561  43.675 0.1111110002
77405  -48.162  7.981  41.287 0.1111110002
78412  -50.379  8.290  40.404 0.1111110002
129419  -55.306  6.958  38.381 0.1111110002
78404  -48.686  8.399  41.716 0.1111110002
78398  -48.664  8.595  42.546 0.1111110002
78405  -49.432  8.554  41.575 0.1111110002
78399  -49.435  8.768  42.416 0.1111110002
78406  -50.229  8.630  41.233 0.1111110002
77424  -53.237  7.772  38.917 0.1111110002
78424  -55.091  8.058  38.794 0.1111110002
79306  -49.869  9.156  43.824 0.1111110002
77412  -51.629  8.567  40.255 0.1111110002
76411  -51.852  8.828  40.612 0.1111110002
78419  -54.564  8.573  39.294 0.1111110002
127307  -56.288  7.993  38.526 0.1111110002
79314  -51.724  9.396  42.448 0.1111110002
77399  -51.998  9.209  41.225 0.1111110002
79315  -52.522  9.717  42.544 0.1111110002
79316  -53.170  9.906  42.238 0.1111110002
79323  -54.517  9.627  40.406 0.1111110002
79332  -55.708  9.315  39.491 0.1111110002
80271  -54.905  10.185  40.856 0.1111110002
79334  -57.239  9.715  39.138 0.1111110002
80280  -56.050  10.005  39.935 0.1111110002
80282  -57.560  10.487  39.475 0.1111110002
79356  -61.124  9.130  34.825 0.2222220004
77482  -63.133  7.233  33.453 0.2222220004
75533  -65.038  4.578  31.971 0.2222220004
80299  -60.984  10.645  35.658 0.1111110002
135229  -62.761  8.761  33.464 0.2222220004
76490  -64.000  6.476  33.050 0.2222220004
133232  -65.329  6.650  31.637 0.2222220004
76491  -64.685  5.689  32.671 0.2222220004
80291  -59.553  10.643  37.455 0.1111110002
132600  -54.530  5.149  34.578 0.1111110002
133181  -55.288  5.250  34.517 0.1111110002
75522  -56.642  5.808  33.882 0.1111110002
75524  -58.360  5.286  33.659 0.1111110002
75530  -59.828  5.706  32.824 0.1111110002
77515  -65.229  7.518  31.273 0.2222220004
81249  -59.724  11.517  38.417 0.1111110002
81261  -59.991  11.081  36.978 0.1111110002
81236  -58.686  11.504  39.486 0.1111110002
149573  -57.245  5.969  33.649 0.1111110002
76468  -55.664  6.009  34.178 0.1111110002
78500  -64.826  8.263  30.740 0.2222220004
78514  -64.610  8.020  29.589 0.2222220004
81271  -61.254  11.438  35.026 0.1111110002
80318  -62.099  10.749  33.014 0.2222220004
79409  -64.080  9.056  30.919 0.2222220004
80331  -62.767  10.193  31.273 0.2222220004
79425  -64.101  9.234  29.549 0.2222220004
77528  -63.605  7.333  29.478 0.2222220004
76524  -63.145  6.598  30.143 0.2222220004
127223  -62.583  7.236  29.980 0.2222220004
76517  -61.336  6.701  31.136 0.1111110002
77514  -61.255  7.286  30.733 0.1111110002
77541  -62.570  7.823  29.543 0.2222220004
51930  -21.502  -18.661  65.526 0.2222220004
51945  -23.140  -18.238  64.657 0.2222220004
47670  -15.725  -22.251  67.854 0.2222220004
128826  -20.841  -18.833  64.927 0.2222220004
51943  -21.687  -18.703  64.602 0.2222220004
51942  -20.031  -18.901  64.252 0.2222220004
130447  -21.755  -18.664  63.712 0.2222220004
51967  -22.103  -18.298  62.435 0.2222220004
51959  -23.068  -18.185  63.700 0.2222220004
53975  -24.307  -16.124  62.268 0.2222220004
47669  -14.873  -22.139  67.437 0.1111110002
48697  -15.643  -21.323  66.717 0.1111110002
49792  -17.035  -21.091  66.283 0.1111110002
49799  -16.563  -20.409  65.653 0.1111110002
50866  -17.151  -20.007  65.031 0.1111110002
51939  -17.275  -18.820  63.983 0.1111110002
51940  -18.139  -19.047  63.968 0.1111110002
51954  -18.554  -18.680  63.457 0.1111110002
51955  -19.370  -18.552  63.275 0.1111110002
51956  -20.328  -18.536  63.417 0.1111110002
52984  -21.491  -17.675  61.962 0.1111110002
52985  -22.461  -17.675  61.923 0.1111110002
52986  -23.336  -17.419  62.227 0.2222220004
52970  -23.587  -17.532  63.232 0.2222220004
52971  -24.277  -16.858  63.724 0.2222220004
152835  -24.346  -15.630  61.721 0.1111110002
54916  -25.578  -14.957  61.896 0.1111110002
51965  -20.521  -18.192  62.745 0.1111110002
53973  -22.733  -16.741  61.620 0.1111110002
54898  -21.932  -16.080  61.475 0.1111110002
54913  -22.598  -15.979  61.207 0.1111110002
141353  -23.864  -15.353  61.068 0.1111110002
54915  -24.753  -15.103  61.505 0.1111110002
54917  -26.346  -15.051  62.045 0.1111110002
54813  -34.390  -16.069  68.783 0.1111110002
55748  -35.062  -14.985  68.825 0.1111110002
55749  -35.843  -14.253  68.670 0.1111110002
56684  -35.647  -13.107  64.890 0.1111110002
57609  -35.255  -12.724  64.551 0.1111110002
58596  -34.771  -12.067  64.030 0.1111110002
58617  -34.921  -10.883  62.520 0.1111110002
56638  -36.049  -13.544  67.775 0.1111110002
127623  -36.156  -13.348  65.923 0.1111110002
56672  -35.468  -13.147  65.460 0.1111110002
57608  -34.559  -12.595  64.638 0.1111110002
58630  -34.869  -10.974  61.585 0.1111110002
59636  -35.681  -10.618  62.068 0.1111110002
58608  -34.684  -11.307  63.318 0.1111110002
133890  -34.253  -10.967  62.074 0.1111110002
59651  -35.661  -10.861  61.319 0.1111110002
147084  -37.343  -10.589  60.914 0.2222220004
59617  -33.408  -11.008  63.152 0.1111110002
59667  -36.705  -10.893  60.421 0.1111110002
59666  -36.013  -10.973  60.756 0.1111110002
64108  -41.628  -6.464  46.695 0.2222220004
65044  -43.127  -6.104  46.493 0.2222220004
59668  -37.472  -10.748  60.086 0.1111110002
48698  -16.419  -21.514  66.879 0.1111110002
51941  -19.025  -19.056  64.071 0.1111110002
50877  -17.632  -19.430  64.506 0.1111110002
54899  -25.142  -15.411  62.449 0.1111110002
57588  -35.511  -13.096  66.457 0.1111110002
130554  -20.972  -18.668  64.054 0.2222220004
51944  -22.432  -18.548  64.182 0.2222220004
48687  -15.724  -21.823  67.234 0.1111110002
147488  -21.751  -18.533  63.004 0.2222220004
51957  -21.109  -18.482  63.259 0.1111110002
51958  -22.368  -18.499  63.244 0.2222220004
52969  -22.920  -18.125  62.670 0.2222220004
53962  -24.034  -16.814  62.786 0.1111110002
49791  -16.166  -21.004  66.283 0.1111110002
50865  -16.507  -19.787  65.065 0.1111110002
53972  -21.724  -16.852  61.672 0.1111110002
52983  -20.656  -17.619  62.195 0.1111110002
53974  -23.633  -16.718  61.988 0.1111110002
54914  -23.493  -16.075  61.435 0.1111110002
147996  -20.188  -16.954  62.227 0.1111110002
54912  -22.197  -15.377  61.186 0.1111110002
55829  -24.298  -14.709  60.822 0.1111110002
147038  -35.474  -13.513  68.431 0.1111110002
56671  -35.092  -13.010  64.889 0.1111110002
58607  -34.102  -11.503  63.643 0.1111110002
58616  -34.096  -11.123  62.766 0.1111110002
58595  -34.029  -12.001  64.316 0.1111110002
58629  -33.910  -11.086  61.469 0.1111110002
127364  -33.514  -10.948  62.119 0.1111110002
59914  -59.117  -10.932  39.732 0.1111110002
58842  -58.953  -11.449  39.121 0.1111110002
58846  -58.594  -11.814  38.566 0.1111110002
54218  -59.284  -17.242  35.735 0.1111110002
52246  -58.912  -18.641  36.588 0.1111110002
61098  -61.657  -9.469  41.814 0.1111110002
59903  -60.227  -9.653  41.568 0.1111110002
59910  -60.173  -10.210  40.681 0.1111110002
127251  -60.022  -10.676  39.945 0.1111110002
58847  -59.443  -11.621  38.520 0.1111110002
57848  -59.141  -12.092  36.982 0.1111110002
56962  -58.266  -13.237  35.796 0.1111110002
56978  -58.360  -13.985  35.521 0.1111110002
138934  -59.390  -16.308  35.515 0.1111110002
128863  -63.459  -9.417  43.123 0.1111110002
132762  -60.868  -10.343  40.209 0.1111110002
56052  -59.204  -14.866  35.261 0.1111110002
149884  -58.764  -19.153  37.133 0.1111110002
130335  -60.763  -9.270  43.447 0.1111110002
148950  -59.609  -9.096  43.003 0.1111110002
61097  -59.120  -9.702  41.780 0.1111110002
53225  -57.926  -18.005  37.084 0.1111110002
129211  -61.325  -9.547  45.251 0.1111110002
142149  -60.543  -9.319  42.444 0.1111110002
59902  -59.468  -10.084  41.096 0.1111110002
59909  -59.279  -10.518  40.474 0.1111110002
57829  -58.237  -12.191  38.061 0.1111110002
56952  -56.982  -13.142  36.932 0.1111110002
56039  -57.164  -14.629  36.246 0.1111110002
53244  -57.985  -17.271  36.521 0.1111110002
148100  -58.948  -17.931  36.329 0.1111110002
127567  -61.625  -9.446  44.302 0.1111110002
56961  -57.494  -13.688  36.113 0.1111110002
55123  -58.145  -15.535  35.893 0.1111110002
54217  -58.156  -16.424  36.181 0.1111110002
61080  -62.113  -9.428  43.526 0.1111110002
61090  -61.936  -9.386  42.719 0.1111110002
57857  -57.761  -12.852  36.595 0.1111110002
61082  -64.027  -9.271  43.831 0.1111110002
61092  -64.270  -9.095  43.011 0.1111110002
148870  -56.896  -17.943  37.706 0.1111110002
61089  -59.585  -9.361  42.294 0.1111110002
59901  -58.701  -10.256  41.125 0.1111110002
58834  -57.693  -11.023  39.935 0.1111110002
58840  -57.530  -11.621  39.401 0.1111110002
53224  -56.888  -17.318  37.259 0.1111110002
58841  -58.309  -11.254  39.588 0.1111110002
134560  -57.064  -12.469  38.305 0.1111110002
55122  -56.997  -15.569  36.498 0.1111110002
56960  -56.702  -13.838  36.632 0.1111110002
61061  -63.229  -9.451  45.575 0.1111110002
61071  -63.685  -9.354  44.674 0.1111110002
62162  -64.227  -8.753  45.041 0.1111110002
141597  -61.879  -7.758  40.664 0.1111110002
65108  -57.978  -5.869  40.684 0.1111110002
144227  -56.970  -4.765  41.315 0.1111110002
64156  -57.257  -6.200  40.433 0.1111110002
52221  -56.166  -18.168  39.123 0.1111110002
61059  -61.194  -9.809  46.085 0.1111110002
128925  -60.318  -9.621  45.455 0.1111110002
128956  -59.649  -9.315  43.985 0.1111110002
61079  -58.778  -9.197  43.551 0.1111110002
53223  -56.077  -17.477  37.956 0.1111110002
138395  -62.930  -10.148  46.942 0.1111110002
61088  -58.662  -9.267  42.608 0.1111110002
59900  -57.832  -10.392  41.211 0.1111110002
59908  -57.408  -10.809  40.620 0.1111110002
54200  -55.360  -15.954  37.732 0.1111110002
54177  -55.323  -16.808  38.186 0.1111110002
61069  -60.498  -9.407  44.543 0.1111110002
129392  -58.321  -10.741  40.354 0.1111110002
57827  -56.349  -12.554  38.412 0.1111110002
55103  -55.513  -15.178  37.493 0.1111110002
54201  -56.042  -16.640  37.498 0.1111110002
54202  -56.914  -16.512  36.787 0.1111110002
129665  -63.000  -9.754  46.385 0.1111110002
61060  -62.233  -9.699  45.861 0.1111110002
56951  -56.223  -13.422  37.193 0.1111110002
56025  -56.084  -14.536  36.971 0.1111110002
55104  -56.089  -15.729  37.147 0.1111110002
61049  -63.287  -9.582  47.022 0.1111110002
61050  -63.574  -9.243  46.057 0.1111110002
61062  -64.033  -9.150  45.219 0.1111110002
61072  -64.266  -9.074  44.433 0.1111110002
61083  -64.303  -9.052  43.744 0.1111110002
128275  -63.728  -7.840  44.442 0.1111110002
63223  -63.705  -8.083  43.660 0.1111110002
131644  -63.657  -8.437  42.927 0.1111110002
63230  -61.844  -7.677  41.374 0.1111110002
131893  -58.594  -5.559  42.179 0.1111110002
65998  -58.216  -5.151  42.718 0.1111110002
66003  -57.959  -5.071  42.010 0.1111110002
63229  -61.081  -7.170  41.529 0.1111110002
64148  -60.464  -6.790  41.248 0.1111110002
65097  -59.141  -6.014  41.532 0.1111110002
65096  -58.364  -5.613  41.377 0.1111110002
66002  -57.347  -4.536  41.867 0.1111110002
65095  -57.592  -5.188  41.309 0.1111110002
151567  -58.624  -6.401  40.402 0.1111110002
57781  -50.503  -12.570  44.939 0.1111110002
130575  -54.332  -16.429  42.344 0.1111110002
54153  -54.785  -16.574  41.786 0.1111110002
57775  -51.641  -12.777  46.083 0.1111110002
53196  -55.475  -17.802  39.702 0.1111110002
52195  -56.221  -18.111  39.858 0.1111110002
53207  -55.494  -17.612  38.827 0.1111110002
134603  -60.179  -9.951  46.208 0.1111110002
59862  -63.031  -10.225  47.611 0.1111110002
59861  -62.270  -10.404  47.194 0.1111110002
61068  -59.677  -9.442  44.847 0.1111110002
61067  -58.846  -9.426  44.627 0.1111110002
61087  -57.620  -9.368  42.563 0.1111110002
61096  -58.198  -9.789  41.874 0.1111110002
59907  -56.628  -10.950  40.726 0.1111110002
58833  -57.014  -11.162  40.021 0.1111110002
61039  -63.147  -9.935  47.878 0.1111110002
61095  -57.286  -9.874  41.887 0.1111110002
58839  -56.606  -11.711  39.559 0.1111110002
57844  -55.847  -12.990  37.844 0.1111110002
56024  -55.261  -14.481  37.682 0.1111110002
62147  -62.367  -8.473  48.040 0.1111110002
62148  -63.176  -8.969  47.420 0.1111110002
62153  -63.584  -8.891  46.380 0.1111110002
62154  -63.796  -8.414  45.747 0.1111110002
63213  -64.039  -8.027  45.067 0.1111110002
140616  -63.137  -7.416  45.073 0.1111110002
63222  -62.790  -7.448  44.131 0.1111110002
126797  -62.523  -7.659  43.054 0.1111110002
64140  -61.681  -7.044  43.763 0.1111110002
64144  -61.413  -7.087  42.890 0.1111110002
65090  -59.346  -5.956  43.233 0.1111110002
65092  -58.735  -5.555  43.017 0.1111110002
66947  -57.437  -3.554  43.061 0.1111110002
67883  -57.361  -2.637  43.322 0.1111110002
63227  -62.926  -8.319  42.110 0.1111110002
63226  -61.679  -7.426  42.180 0.1111110002
64143  -60.742  -6.771  42.222 0.1111110002
65994  -57.745  -4.452  42.710 0.1111110002
66954  -57.104  -3.857  42.342 0.1111110002
128175  -61.012  -7.303  40.771 0.1111110002
64147  -59.738  -6.491  40.876 0.1111110002
67892  -56.820  -2.985  42.626 0.1111110002
67891  -56.612  -2.316  42.287 0.1111110002
66950  -56.500  -2.845  41.923 0.1111110002
68842  -56.695  -1.596  42.274 0.1111110002
67896  -56.248  -2.028  41.792 0.1111110002
64964  -56.637  -5.487  54.143 0.1111110002
63095  -56.953  -7.578  55.641 0.1111110002
59733  -56.919  -10.084  56.370 0.1111110002
57693  -56.301  -12.340  54.670 0.1111110002
55894  -56.430  -14.050  53.926 0.1111110002
128180  -56.589  -14.629  52.955 0.1111110002
148380  -55.496  -14.498  50.075 0.1111110002
56865  -54.885  -13.827  48.651 0.1111110002
55068  -52.051  -15.758  41.376 0.1111110002
56864  -54.117  -14.154  48.544 0.1111110002
57763  -54.092  -12.842  47.475 0.1111110002
57786  -50.955  -11.917  44.574 0.1111110002
57808  -50.337  -13.052  41.837 0.1111110002
55997  -50.811  -14.215  40.918 0.1111110002
55067  -51.651  -15.254  40.820 0.1111110002
57776  -52.844  -12.757  46.808 0.1111110002
54151  -52.759  -16.148  41.215 0.1111110002
152455  -54.052  -16.498  41.678 0.1111110002
61017  -61.128  -10.118  49.515 0.1111110002
58744  -62.254  -10.918  49.192 0.1111110002
133459  -54.412  -16.907  41.030 0.1111110002
54160  -54.257  -16.929  40.259 0.1111110002
53183  -54.921  -17.360  40.388 0.1111110002
62129  -59.683  -8.862  48.441 0.1111110002
61030  -61.482  -9.527  49.007 0.1111110002
59836  -62.559  -10.613  48.649 0.1111110002
59844  -61.452  -10.612  47.563 0.1111110002
146585  -60.020  -10.382  46.679 0.1111110002
53195  -54.796  -17.298  39.587 0.1111110002
149388  -62.437  -9.835  48.741 0.1111110002
59860  -61.089  -10.385  46.733 0.1111110002
61058  -59.294  -9.691  45.570 0.1111110002
130906  -58.167  -9.381  44.113 0.1111110002
62131  -61.919  -8.954  48.590 0.1111110002
62132  -62.835  -9.443  48.197 0.1111110002
61078  -57.924  -9.207  43.307 0.1111110002
55102  -54.936  -15.242  37.971 0.1111110002
62146  -61.163  -8.239  48.307 0.1111110002
129891  -56.958  -10.466  41.292 0.1111110002
58838  -55.765  -11.819  39.751 0.1111110002
57826  -55.565  -12.720  38.601 0.1111110002
56949  -54.982  -13.909  37.997 0.1111110002
63197  -60.338  -7.709  47.888 0.1111110002
63198  -61.708  -7.605  47.963 0.1111110002
63199  -62.439  -7.835  47.474 0.1111110002
63207  -63.139  -8.002  46.695 0.1111110002
64118  -62.665  -7.190  46.557 0.1111110002
63212  -63.274  -7.620  45.864 0.1111110002
64127  -62.487  -6.831  46.015 0.1111110002
64136  -62.084  -6.898  44.821 0.1111110002
65089  -60.543  -5.864  45.016 0.1111110002
65088  -59.640  -5.402  44.572 0.1111110002
65987  -58.913  -4.788  44.348 0.1111110002
64139  -60.770  -6.618  43.324 0.1111110002
64134  -59.929  -6.182  43.956 0.1111110002
137660  -59.095  -5.502  43.784 0.1111110002
134115  -58.394  -3.996  44.090 0.1111110002
150013  -57.977  -4.025  43.402 0.1111110002
138162  -57.961  -3.247  43.701 0.1111110002
68833  -57.464  -1.717  43.438 0.1111110002
64138  -59.943  -6.354  42.844 0.1111110002
68843  -57.069  -1.181  42.924 0.1111110002
127055  -57.701  -0.542  42.607 0.1111110002
68847  -57.029  -0.825  42.113 0.1111110002
62030  -57.763  -8.040  56.437 0.1111110002
60915  -57.986  -10.054  56.871 0.1111110002
58678  -58.211  -10.283  56.796 0.1111110002
58701  -58.108  -12.091  55.135 0.1111110002
147791  -56.977  -10.332  49.783 0.1111110002
59734  -57.526  -10.561  56.522 0.1111110002
146081  -57.772  -12.768  55.085 0.1111110002
55897  -58.348  -14.419  53.861 0.1111110002
55906  -58.772  -14.538  53.062 0.1111110002
61014  -57.429  -10.159  49.201 0.1111110002
59824  -57.799  -10.563  50.002 0.1111110002
59825  -59.148  -10.606  50.017 0.1111110002
55895  -56.970  -14.335  54.152 0.1111110002
55916  -57.523  -14.497  52.224 0.1111110002
56852  -56.000  -13.908  49.521 0.1111110002
131013  -54.896  -12.715  47.604 0.1111110002
56876  -55.160  -13.192  48.151 0.1111110002
58776  -52.968  -12.016  46.116 0.1111110002
58800  -50.730  -11.749  43.758 0.1111110002
57809  -51.012  -12.450  41.529 0.1111110002
61015  -58.529  -10.157  49.264 0.1111110002
59826  -60.652  -10.601  50.188 0.1111110002
59827  -62.053  -10.998  50.067 0.1111110002
58742  -62.131  -12.083  49.832 0.1111110002
58752  -60.505  -11.634  48.672 0.1111110002
56919  -51.434  -13.600  40.610 0.1111110002
55070  -52.345  -15.611  40.699 0.1111110002
54152  -53.582  -16.560  40.941 0.1111110002
61016  -59.793  -10.064  49.424 0.1111110002
58753  -61.627  -11.419  49.069 0.1111110002
58783  -59.363  -10.891  47.449 0.1111110002
59858  -58.480  -10.439  46.585 0.1111110002
61028  -59.162  -9.550  48.707 0.1111110002
58766  -61.901  -10.816  48.593 0.1111110002
59843  -60.251  -10.680  47.328 0.1111110002
59859  -59.318  -10.571  46.910 0.1111110002
59871  -57.433  -9.988  45.700 0.1111110002
61065  -56.495  -9.659  43.966 0.1111110002
59873  -59.263  -10.125  46.336 0.1111110002
61056  -56.981  -9.681  44.948 0.1111110002
61077  -56.342  -9.451  43.095 0.1111110002
126731  -54.974  -10.052  42.066 0.1111110002
58830  -54.525  -11.530  40.710 0.1111110002
57820  -54.373  -12.599  39.553 0.1111110002
56924  -53.282  -13.680  39.355 0.1111110002
55081  -53.662  -15.284  38.967 0.1111110002
54162  -53.862  -16.068  39.302 0.1111110002
61057  -57.944  -9.566  45.016 0.1111110002
132980  -57.055  -9.299  43.214 0.1111110002
61085  -55.812  -9.724  42.498 0.1111110002
58831  -55.444  -11.448  40.467 0.1111110002
58837  -54.881  -11.967  39.985 0.1111110002
56925  -53.997  -13.289  39.166 0.1111110002
56009  -54.003  -14.514  38.637 0.1111110002
137563  -54.314  -16.302  38.960 0.1111110002
53206  -54.753  -16.842  38.888 0.1111110002
62130  -60.720  -8.814  48.636 0.1111110002
59906  -56.140  -10.589  41.298 0.1111110002
56932  -54.430  -13.733  38.524 0.1111110002
55082  -54.329  -15.242  38.465 0.1111110002
54176  -54.682  -16.052  38.383 0.1111110002
57821  -55.261  -12.395  39.323 0.1111110002
56933  -55.168  -13.305  38.202 0.1111110002
56010  -54.638  -14.514  38.187 0.1111110002
141350  -61.267  -6.748  47.852 0.1111110002
63206  -62.273  -6.997  47.182 0.1111110002
69817  -58.594  -0.469  43.689 0.1111110002
69829  -59.200  0.158  43.047 0.1111110002
70826  -59.077  0.221  42.167 0.1111110002
70833  -59.670  0.455  41.656 0.1111110002
64117  -62.254  -6.493  46.972 0.1111110002
64126  -61.538  -6.291  45.615 0.1111110002
65970  -60.799  -4.540  46.348 0.1111110002
65071  -60.237  -5.057  45.414 0.1111110002
65988  -59.460  -4.740  44.998 0.1111110002
67884  -57.978  -2.330  43.926 0.1111110002
68834  -58.157  -1.405  43.944 0.1111110002
151733  -58.102  -0.515  43.118 0.1111110002
69828  -58.471  -0.163  42.774 0.1111110002
64135  -61.020  -6.505  44.418 0.1111110002
66938  -58.401  -3.039  44.656 0.1111110002
69833  -58.282  0.008  41.982 0.1111110002
70832  -58.899  0.373  41.256 0.1111110002
69832  -57.535  -0.222  41.721 0.1111110002
70831  -58.028  0.220  41.310 0.1111110002
59816  -57.557  -10.702  50.999 0.1111110002
55933  -57.986  -14.330  51.203 0.1111110002
57752  -56.369  -12.820  48.380 0.1111110002
58734  -62.107  -12.046  50.619 0.1111110002
57745  -62.066  -12.671  50.483 0.1111110002
57778  -54.470  -12.205  46.996 0.1111110002
58791  -53.480  -11.241  45.585 0.1111110002
58812  -52.139  -11.004  43.592 0.1111110002
61026  -57.044  -9.650  48.507 0.1111110002
57756  -61.322  -12.261  49.452 0.1111110002
58763  -58.920  -11.378  47.774 0.1111110002
58782  -58.601  -10.877  47.221 0.1111110002
58823  -52.316  -11.369  41.779 0.1111110002
57810  -51.850  -12.021  41.294 0.1111110002
56920  -52.064  -13.932  40.186 0.1111110002
55071  -52.988  -16.064  40.419 0.1111110002
61027  -58.081  -9.606  48.564 0.1111110002
59870  -56.565  -10.131  45.605 0.1111110002
59882  -56.120  -9.779  44.904 0.1111110002
59898  -53.631  -10.656  41.958 0.1111110002
141515  -53.181  -11.196  41.513 0.1111110002
57818  -52.750  -12.810  40.232 0.1111110002
55999  -52.128  -14.810  40.288 0.1111110002
62127  -57.674  -9.069  47.911 0.1111110002
61075  -54.975  -9.849  42.948 0.1111110002
59899  -54.365  -10.483  41.806 0.1111110002
58829  -53.592  -11.655  40.871 0.1111110002
57815  -53.132  -12.277  40.466 0.1111110002
56001  -52.691  -14.366  39.653 0.1111110002
54159  -53.655  -16.442  40.025 0.1111110002
146502  -55.727  -9.655  43.408 0.1111110002
57816  -53.980  -12.141  40.218 0.1111110002
57819  -53.438  -12.860  39.803 0.1111110002
142945  -53.056  -15.051  39.375 0.1111110002
55074  -53.266  -15.744  39.636 0.1111110002
62128  -58.728  -8.988  48.073 0.1111110002
62145  -59.389  -8.368  47.840 0.1111110002
136693  -60.178  -8.341  48.243 0.1111110002
134477  -59.641  -6.917  47.422 0.1111110002
142815  -61.964  -6.637  47.668 0.1111110002
69808  -59.417  -0.160  44.735 0.1111110002
69807  -58.874  -1.080  44.638 0.1111110002
69818  -59.296  0.164  43.861 0.1111110002
70827  -59.917  0.491  42.396 0.1111110002
70834  -60.494  0.609  41.701 0.1111110002
64100  -62.190  -5.741  47.726 0.1111110002
65951  -61.924  -4.652  47.346 0.1111110002
65072  -61.232  -5.391  46.151 0.1111110002
66922  -59.498  -3.726  45.870 0.1111110002
66921  -59.062  -3.162  45.602 0.1111110002
67873  -58.471  -1.994  44.658 0.1111110002
70841  -59.925  0.503  40.875 0.1111110002
65968  -58.934  -4.010  45.080 0.1111110002
139172  -59.112  0.576  40.220 0.1111110002
64985  -56.070  -5.743  51.159 0.1111110002
145006  -55.988  -6.401  50.952 0.1111110002
63151  -55.410  -7.836  50.359 0.1111110002
63152  -56.083  -8.280  50.833 0.1111110002
63137  -56.667  -7.826  51.577 0.1111110002
63163  -54.914  -8.223  49.616 0.1111110002
62098  -56.083  -9.112  50.633 0.1111110002
60998  -56.012  -9.581  50.093 0.1111110002
61012  -55.651  -9.381  49.388 0.1111110002
142411  -56.503  -10.108  50.084 0.1111110002
59817  -59.929  -11.019  50.761 0.1111110002
58733  -61.726  -12.171  51.192 0.1111110002
145596  -62.151  -12.979  50.784 0.1111110002
62125  -55.434  -9.029  48.630 0.1111110002
58762  -58.014  -11.422  47.581 0.1111110002
59878  -52.861  -10.609  43.920 0.1111110002
58751  -59.419  -11.808  48.424 0.1111110002
59857  -57.773  -10.329  46.266 0.1111110002
59886  -52.805  -10.744  43.057 0.1111110002
62126  -56.638  -9.124  47.922 0.1111110002
147118  -55.759  -9.779  44.203 0.1111110002
59888  -54.295  -10.100  43.563 0.1111110002
59892  -53.386  -10.580  42.604 0.1111110002
59893  -54.140  -10.248  42.563 0.1111110002
62143  -57.180  -8.455  47.466 0.1111110002
62144  -58.327  -8.286  47.495 0.1111110002
63196  -58.498  -7.430  47.142 0.1111110002
64115  -57.564  -6.536  46.704 0.1111110002
64116  -58.461  -6.672  46.992 0.1111110002
130148  -59.211  -7.763  47.483 0.1111110002
64097  -59.168  -6.007  47.412 0.1111110002
65033  -58.818  -5.352  47.319 0.1111110002
64098  -60.536  -5.944  47.895 0.1111110002
65034  -59.817  -5.209  47.775 0.1111110002
65936  -59.059  -4.651  47.593 0.1111110002
65937  -60.334  -4.311  48.270 0.1111110002
65035  -61.198  -4.993  48.272 0.1111110002
65926  -61.545  -4.218  48.383 0.1111110002
65925  -61.050  -3.686  48.483 0.1111110002
64099  -61.889  -5.695  48.129 0.1111110002
65021  -62.123  -4.750  48.155 0.1111110002
66876  -61.657  -3.684  48.292 0.1111110002
66886  -61.568  -3.245  48.142 0.1111110002
66899  -61.736  -3.369  47.899 0.1111110002
135898  -61.201  -2.754  47.647 0.1111110002
68815  -59.186  -1.724  45.395 0.1111110002
65938  -62.200  -4.262  48.036 0.1111110002
66898  -60.061  -3.084  46.523 0.1111110002
67860  -59.478  -2.412  46.086 0.1111110002
65053  -62.251  -4.932  47.829 0.1111110002
130800  -61.411  -3.944  47.202 0.1111110002
67859  -58.828  -2.490  45.268 0.1111110002
148061  -59.761  0.539  39.655 0.1111110002
151108  -59.827  0.507  40.223 0.1111110002
64056  -54.709  -6.341  49.943 0.1111110002
63150  -54.744  -7.360  49.842 0.1111110002
62086  -56.583  -8.802  51.451 0.1111110002
63162  -54.409  -7.671  48.983 0.1111110002
60999  -56.513  -9.746  50.799 0.1111110002
58723  -58.238  -11.264  51.680 0.1111110002
57725  -62.102  -12.984  51.242 0.1111110002
136617  -60.930  -12.800  49.691 0.1111110002
62111  -54.866  -8.428  48.795 0.1111110002
58781  -57.632  -10.841  46.898 0.1111110002
59879  -53.678  -10.382  44.199 0.1111110002
62141  -55.344  -8.467  47.884 0.1111110002
59869  -55.715  -10.275  45.504 0.1111110002
59881  -55.329  -9.953  44.779 0.1111110002
59880  -54.526  -10.172  44.497 0.1111110002
63204  -57.070  -7.216  46.753 0.1111110002
63205  -57.837  -7.136  46.854 0.1111110002
65051  -57.247  -5.637  46.496 0.1111110002
65052  -58.196  -5.882  46.958 0.1111110002
65935  -58.239  -4.052  47.366 0.1111110002
128588  -59.321  -3.947  47.912 0.1111110002
66885  -60.199  -3.449  48.375 0.1111110002
136095  -59.996  -2.638  48.459 0.1111110002
66875  -61.060  -2.993  48.439 0.1111110002
67815  -61.194  -2.418  48.211 0.1111110002
67841  -61.165  -2.046  48.133 0.1111110002
70797  -60.088  0.570  45.438 0.1111110002
70806  -59.797  0.507  44.412 0.1111110002
70814  -60.047  0.587  43.407 0.1111110002
67826  -61.444  -2.754  48.083 0.1111110002
130588  -59.986  -1.503  46.529 0.1111110002
68799  -60.517  -0.402  47.100 0.1111110002
68816  -59.614  -0.812  45.666 0.1111110002
67840  -60.525  -2.203  47.183 0.1111110002
69699  -57.216  0.542  53.666 0.2222220004
69700  -58.036  0.517  53.796 0.2222220004
69701  -58.776  0.000  53.948 0.1111110002
70722  -57.361  0.493  53.280 0.2222220004
69722  -57.275  -0.296  52.333 0.2222220004
150097  -57.588  -1.333  52.305 0.1111110002
67786  -56.091  -2.416  51.107 0.1111110002
67787  -56.684  -2.002  51.487 0.1111110002
66849  -57.614  -3.422  51.862 0.1111110002
66847  -55.826  -3.408  50.998 0.1111110002
65897  -55.984  -4.370  51.233 0.1111110002
65898  -56.818  -4.750  51.604 0.1111110002
65002  -55.496  -5.067  50.777 0.1111110002
64986  -56.781  -5.519  51.641 0.1111110002
64043  -56.633  -6.286  51.522 0.1111110002
65012  -54.384  -5.487  49.580 0.1111110002
65001  -54.941  -5.501  50.209 0.1111110002
59787  -56.993  -10.397  52.208 0.1111110002
64070  -54.125  -6.254  49.116 0.1111110002
60985  -56.797  -9.692  51.740 0.1111110002
59802  -57.309  -10.985  51.942 0.1111110002
58724  -59.686  -11.946  52.270 0.1111110002
58725  -61.258  -12.549  51.942 0.1111110002
57743  -61.031  -13.246  50.341 0.1111110002
57754  -59.021  -12.437  48.881 0.1111110002
64082  -54.088  -6.926  48.625 0.1111110002
126916  -59.880  -12.958  49.549 0.1111110002
57766  -57.526  -12.009  48.042 0.1111110002
58761  -57.085  -11.548  47.419 0.1111110002
57755  -60.167  -12.378  49.066 0.1111110002
57767  -58.444  -11.895  48.228 0.1111110002
58780  -56.632  -11.129  46.770 0.1111110002
59868  -54.862  -10.430  45.335 0.1111110002
140110  -55.016  -7.829  47.419 0.1111110002
59856  -57.028  -10.522  46.238 0.1111110002
58793  -56.171  -10.710  46.150 0.1111110002
63193  -55.729  -7.949  47.123 0.1111110002
63202  -55.108  -7.230  46.778 0.1111110002
63203  -56.143  -7.307  46.645 0.1111110002
134864  -54.807  -6.320  46.356 0.1111110002
65069  -54.632  -5.438  45.898 0.1111110002
135695  -54.354  -3.905  45.272 0.1111110002
65050  -56.201  -5.811  46.175 0.1111110002
66919  -55.243  -3.718  45.427 0.1111110002
144830  -54.827  -2.581  44.964 0.1111110002
67858  -55.388  -2.910  45.357 0.1111110002
135241  -56.510  -4.962  46.117 0.1111110002
66920  -56.128  -3.371  45.848 0.1111110002
138996  -56.048  -2.437  45.766 0.1111110002
144849  -55.958  -1.735  45.586 0.1111110002
65948  -57.349  -4.582  46.634 0.1111110002
67838  -56.658  -2.683  46.449 0.1111110002
68797  -56.644  -1.773  46.346 0.1111110002
65949  -58.131  -5.021  47.018 0.1111110002
133081  -57.333  -3.686  46.873 0.1111110002
66897  -57.207  -2.936  47.030 0.1111110002
67823  -57.946  -1.897  47.712 0.1111110002
149276  -57.729  -2.525  47.486 0.1111110002
70780  -61.122  1.436  47.837 0.1111110002
67824  -58.675  -2.425  48.036 0.1111110002
67825  -59.766  -1.847  48.520 0.1111110002
68781  -59.542  -1.106  48.502 0.1111110002
140730  -60.858  -0.774  48.272 0.1111110002
68800  -60.983  -0.475  48.206 0.1111110002
69781  -61.134  0.517  48.093 0.1111110002
70779  -60.700  0.635  46.879 0.1111110002
70798  -60.574  1.344  46.264 0.1111110002
67814  -60.723  -2.075  48.457 0.1111110002
68774  -60.532  -1.300  48.494 0.1111110002
68782  -60.943  -1.599  48.277 0.1111110002
153230  -60.950  -1.254  48.187 0.1111110002
69798  -60.045  -0.031  45.915 0.1111110002
70828  -60.948  0.828  42.584 0.1111110002
69698  -55.818  0.544  53.056 0.2222220004
70721  -56.699  0.538  52.493 0.2222220004
146684  -56.613  0.030  51.828 0.2222220004
68748  -56.257  -1.091  51.202 0.2222220004
66859  -55.299  -3.352  50.420 0.1111110002
67796  -55.458  -2.632  50.534 0.1111110002
136356  -54.021  -4.753  49.284 0.1111110002
140473  -54.757  -4.633  49.991 0.1111110002
66869  -54.367  -2.900  49.642 0.1111110002
65918  -54.235  -3.922  49.517 0.1111110002
65924  -53.294  -4.805  48.557 0.1111110002
66874  -53.115  -3.860  48.616 0.1111110002
64095  -53.108  -5.808  47.228 0.1111110002
65934  -52.396  -4.508  47.168 0.1111110002
64112  -54.217  -6.712  46.834 0.1111110002
65946  -52.408  -4.377  46.506 0.1111110002
65067  -52.883  -4.906  46.233 0.1111110002
65048  -53.964  -5.977  46.414 0.1111110002
145425  -53.279  -4.638  45.714 0.1111110002
66936  -52.879  -3.397  44.974 0.1111110002
65068  -53.630  -5.255  46.024 0.1111110002
67870  -53.259  -2.729  44.562 0.1111110002
134095  -53.657  -1.909  44.470 0.1111110002
67871  -54.131  -2.649  44.661 0.1111110002
67872  -55.379  -2.148  45.211 0.1111110002
68814  -56.273  -1.047  45.673 0.1111110002
69796  -56.632  -0.228  45.768 0.1111110002
67839  -57.212  -2.211  47.080 0.1111110002
69797  -57.476  0.011  46.489 0.1111110002
69779  -57.900  -0.550  47.407 0.1111110002
68780  -58.399  -1.154  47.979 0.1111110002
69759  -59.292  -0.235  48.303 0.1111110002
70767  -60.968  1.022  48.387 0.1111110002
71664  -61.097  1.507  48.149 0.1111110002
71673  -60.899  1.991  47.656 0.1111110002
150016  -58.783  -1.671  48.222 0.1111110002
130158  -60.514  0.327  48.428 0.1111110002
70768  -61.051  1.086  48.284 0.1111110002
69710  -55.385  0.496  52.208 0.2222220004
70710  -56.751  0.543  52.772 0.2222220004
69709  -54.492  0.183  52.124 0.2222220004
70720  -55.969  0.627  52.130 0.2222220004
135377  -55.711  -0.582  50.775 0.2222220004
68758  -55.626  -1.601  50.624 0.2222220004
68757  -55.237  -0.787  50.328 0.2222220004
67795  -54.938  -1.970  50.070 0.1111110002
68767  -54.646  -0.942  49.879 0.2222220004
138785  -53.651  -1.658  49.126 0.1111110002
67813  -53.061  -2.980  48.659 0.1111110002
67803  -52.954  -1.992  48.645 0.1111110002
65923  -52.649  -4.309  47.935 0.1111110002
66873  -52.580  -3.416  48.091 0.1111110002
68772  -51.843  -1.159  47.554 0.1111110002
67821  -51.662  -2.275  47.165 0.1111110002
69776  -51.651  -0.646  46.741 0.1111110002
69794  -51.979  -0.334  45.226 0.1111110002
66881  -51.659  -3.201  46.809 0.1111110002
66895  -51.994  -3.646  46.187 0.1111110002
68811  -51.577  -1.704  45.463 0.1111110002
68812  -52.137  -1.775  44.759 0.1111110002
69803  -52.316  -0.801  44.715 0.1111110002
66917  -52.103  -3.263  45.410 0.1111110002
140321  -52.833  -2.124  44.479 0.1111110002
69804  -53.032  -0.502  44.511 0.1111110002
70805  -54.325  0.300  44.754 0.1111110002
69805  -53.927  -0.407  44.553 0.1111110002
70794  -54.686  0.918  44.914 0.1111110002
137705  -54.652  -1.971  44.698 0.1111110002
71686  -55.486  1.219  45.135 0.1111110002
134008  -56.077  1.896  45.392 0.1111110002
69795  -55.778  -0.358  45.197 0.1111110002
72565  -57.355  2.360  45.839 0.1111110002
70777  -57.907  0.964  46.473 0.1111110002
71671  -58.725  1.759  46.826 0.1111110002
69780  -58.466  0.369  47.467 0.1111110002
70778  -58.904  1.145  47.426 0.1111110002
71672  -60.783  1.922  47.826 0.1111110002
71689  -60.908  2.096  47.032 0.1111110002
152333  -54.893  -0.071  50.276 0.2222220004
70737  -53.957  0.843  51.070 0.2222220004
144871  -54.603  0.566  50.672 0.2222220004
69728  -53.873  0.900  50.286 0.2222220004
69729  -54.379  -0.017  49.927 0.2222220004
69736  -53.733  -0.032  49.489 0.2222220004
70742  -53.384  0.830  49.617 0.2222220004
69745  -52.926  -0.125  48.987 0.1111110002
68773  -52.506  -1.091  48.424 0.1111110002
146522  -51.976  -0.126  47.507 0.1111110002
129479  -51.897  0.080  46.818 0.1111110002
129430  -52.070  0.591  46.391 0.1111110002
70776  -52.260  0.541  45.560 0.1111110002
71683  -52.648  1.356  45.895 0.1111110002
70792  -52.941  0.860  45.128 0.1111110002
70804  -53.371  0.273  44.710 0.1111110002
73425  -54.644  3.361  46.655 0.1111110002
72547  -55.133  3.042  45.944 0.1111110002
71685  -54.482  1.616  45.277 0.1111110002
72563  -55.657  2.497  45.608 0.1111110002
73427  -56.363  3.692  46.220 0.1111110002
74411  -56.818  4.271  46.516 0.1111110002
72564  -56.606  2.561  45.662 0.1111110002
138167  -56.899  1.839  45.626 0.1111110002
70736  -53.218  1.655  50.499 0.2222220004
126446  -52.558  1.610  48.819 0.2222220004
124916  -52.283  0.662  48.139 0.1111110002
126629  -52.266  1.323  48.040 0.1111110002
151075  -52.373  2.250  48.056 0.1111110002
124919  -52.117  0.754  47.321 0.1111110002
124922  -52.336  1.672  47.583 0.1111110002
126133  -52.294  1.217  46.655 0.1111110002
143625  -52.663  1.887  46.814 0.1111110002
138078  -53.169  2.514  46.950 0.1111110002
73424  -53.876  2.961  46.921 0.1111110002
73419  -54.136  3.591  47.471 0.1111110002
74402  -54.529  4.188  48.001 0.1111110002
73420  -54.997  3.980  47.166 0.1111110002
75360  -56.154  4.996  48.039 0.1111110002
74410  -55.896  4.180  46.871 0.1111110002
75361  -56.835  5.340  47.631 0.1111110002
75353  -57.316  5.984  48.099 0.1111110002
143887  -52.590  2.588  49.309 0.2222220004
124923  -52.543  2.875  48.678 0.1111110002
124925  -52.380  2.039  48.347 0.2222220004
125816  -53.129  3.260  47.750 0.1111110002
74401  -53.537  4.014  48.265 0.1111110002
74395  -54.003  4.550  48.793 0.1111110002
74396  -54.898  4.590  48.582 0.1111110002
124930  -52.585  3.597  50.089 0.2222220004
143626  -52.602  3.895  49.371 0.1111110002
126003  -52.700  3.299  48.394 0.1111110002
76339  -57.837  6.766  48.660 0.1111110002
75399  -62.987  5.719  44.058 0.1111110002
74456  -63.086  4.890  43.728 0.1111110002
74441  -62.589  4.886  44.394 0.2222220004
73457  -62.407  4.050  44.206 0.1111110002
73469  -63.069  4.026  43.424 0.1111110002
72590  -63.026  3.096  42.990 0.1111110002
73483  -63.449  3.700  42.128 0.1111110002
72602  -62.910  1.992  42.839 0.1111110002
72603  -63.263  2.530  42.215 0.1111110002
73498  -63.581  3.234  41.418 0.1111110002
72615  -63.469  2.117  41.592 0.1111110002
128936  -64.268  2.772  36.497 0.2222220004
146640  -64.226  1.963  35.890 0.1111110002
73576  -63.887  3.260  36.153 0.2222220004
72675  -64.064  2.636  34.072 0.2222220004
152025  -63.785  3.213  34.430 0.2222220004
73604  -64.109  3.147  33.529 0.2222220004
75526  -63.448  5.131  33.535 0.2222220004
74571  -64.229  4.039  33.218 0.2222220004
146399  -64.464  3.840  32.430 0.2222220004
153185  -63.138  6.533  43.428 0.1111110002
75414  -63.344  5.831  43.145 0.2222220004
75423  -63.169  6.845  41.890 0.1111110002
75424  -63.435  5.984  42.090 0.1111110002
73470  -63.381  4.089  42.738 0.1111110002
75430  -63.414  5.498  41.225 0.1111110002
74484  -63.388  4.952  40.469 0.1111110002
74476  -63.635  4.442  41.256 0.1111110002
128449  -63.749  3.954  40.514 0.1111110002
72640  -64.231  3.165  37.525 0.2222220004
72662  -64.061  2.567  35.563 0.1111110002
145654  -52.741  2.485  50.944 0.2222220004
78369  -61.892  9.375  45.278 0.1111110002
77369  -62.261  8.722  44.964 0.2222220004
126098  -52.786  2.276  49.804 0.2222220004
43361  -4.340  -25.962  78.531 0.2222220004
144801  -52.790  4.021  48.703 0.1111110002
134811  -55.486  4.547  47.814 0.1111110002
69721  -55.902  0.112  51.309 0.2222220004
70731  -56.095  0.606  51.866 0.2222220004
77393  -62.435  7.800  43.746 0.2222220004
58843  -60.008  -11.244  39.205 0.1111110002
57830  -58.906  -11.944  37.891 0.1111110002
58848  -60.423  -11.452  38.390 0.1111110002
141051  -58.571  -12.583  36.276 0.1111110002
57847  -58.316  -12.342  37.246 0.1111110002
56040  -58.196  -14.701  35.653 0.1111110002
55130  -59.161  -15.522  35.441 0.1111110002
52231  -57.675  -18.598  37.712 0.1111110002
57828  -57.766  -12.128  38.624 0.1111110002
57846  -57.519  -12.564  37.645 0.1111110002
53208  -56.489  -18.072  38.357 0.1111110002
57823  -56.948  -12.196  38.957 0.1111110002
57845  -56.634  -12.815  37.698 0.1111110002
56950  -55.550  -13.703  37.588 0.1111110002
64146  -58.894  -6.149  40.821 0.1111110002
66001  -56.690  -4.068  41.662 0.1111110002
57782  -51.269  -12.312  45.350 0.1111110002
140800  -52.326  -12.555  46.289 0.1111110002
59846  -62.886  -10.401  48.217 0.1111110002
57822  -56.107  -12.246  39.122 0.1111110002
65093  -59.260  -5.991  42.423 0.1111110002
65995  -58.341  -4.869  43.485 0.1111110002
135279  -56.834  -2.045  42.935 0.1111110002
64142  -59.897  -6.392  41.814 0.1111110002
149666  -56.724  -3.439  41.982 0.1111110002
66953  -56.379  -3.404  41.694 0.1111110002
148178  -57.480  -5.257  54.460 0.1111110002
63096  -58.275  -7.190  55.889 0.1111110002
60926  -56.419  -9.383  56.002 0.1111110002
60945  -55.762  -9.110  55.008 0.1111110002
57683  -57.400  -12.070  55.388 0.1111110002
58699  -56.714  -11.755  55.388 0.1111110002
56795  -56.658  -13.247  54.612 0.1111110002
58698  -56.023  -11.402  54.865 0.1111110002
57703  -55.969  -13.089  53.998 0.1111110002
55887  -57.193  -13.900  54.643 0.1111110002
55915  -56.237  -14.813  52.110 0.1111110002
55914  -55.310  -14.991  51.848 0.1111110002
144200  -56.595  -14.417  53.541 0.1111110002
55904  -55.909  -14.636  52.998 0.1111110002
55955  -55.258  -14.221  49.334 0.1111110002
126856  -55.900  -14.711  51.357 0.1111110002
55945  -56.182  -14.346  50.447 0.1111110002
56866  -55.732  -13.410  48.677 0.1111110002
56875  -54.484  -13.372  48.049 0.1111110002
147405  -51.218  -15.514  41.341 0.1111110002
57762  -53.383  -12.997  47.300 0.1111110002
57777  -53.604  -12.403  46.842 0.1111110002
58789  -51.733  -11.614  44.949 0.1111110002
57783  -52.081  -12.103  45.677 0.1111110002
151950  -50.211  -12.254  42.783 0.1111110002
57803  -50.532  -12.291  42.293 0.1111110002
55998  -51.459  -14.462  40.559 0.1111110002
56917  -50.838  -13.319  41.145 0.1111110002
54163  -54.264  -16.673  39.517 0.1111110002
61066  -57.426  -9.522  44.088 0.1111110002
59895  -56.428  -10.004  41.860 0.1111110002
57825  -54.754  -12.962  38.854 0.1111110002
65073  -62.066  -5.757  47.023 0.1111110002
63083  -58.676  -7.800  56.452 0.1111110002
62031  -58.531  -8.610  56.776 0.1111110002
58679  -58.245  -10.521  56.592 0.1111110002
58689  -57.299  -11.207  56.057 0.1111110002
58700  -58.262  -11.222  55.704 0.1111110002
57684  -57.889  -11.989  55.347 0.1111110002
55896  -57.760  -14.186  54.424 0.1111110002
132993  -57.238  -14.494  53.756 0.1111110002
55905  -57.637  -14.516  53.171 0.1111110002
146960  -55.852  -9.111  47.940 0.1111110002
58730  -58.593  -10.870  50.780 0.1111110002
55932  -56.813  -14.424  51.246 0.1111110002
56837  -57.249  -14.038  50.416 0.1111110002
56853  -56.702  -13.797  49.789 0.1111110002
57764  -55.771  -12.637  47.833 0.1111110002
58777  -53.947  -11.707  46.342 0.1111110002
58790  -52.575  -11.414  45.292 0.1111110002
58801  -51.473  -11.335  44.131 0.1111110002
58811  -51.363  -11.350  43.231 0.1111110002
58817  -51.360  -11.681  42.212 0.1111110002
57813  -51.546  -12.771  40.853 0.1111110002
58764  -59.825  -11.148  47.995 0.1111110002
133360  -52.145  -13.140  40.400 0.1111110002
59872  -58.368  -9.892  45.887 0.1111110002
61086  -56.738  -9.529  42.522 0.1111110002
58825  -55.142  -10.777  41.270 0.1111110002
59894  -55.685  -10.176  41.777 0.1111110002
58824  -54.073  -11.065  41.363 0.1111110002
56931  -53.770  -13.903  38.901 0.1111110002
69816  -57.768  -0.934  43.330 0.1111110002
65969  -59.773  -4.361  45.710 0.1111110002
56867  -56.664  -13.228  49.099 0.1111110002
58802  -52.288  -11.081  44.464 0.1111110002
58818  -52.120  -11.113  42.674 0.1111110002
58803  -53.106  -10.824  44.770 0.1111110002
55073  -52.661  -15.301  39.943 0.1111110002
57814  -52.342  -12.435  40.680 0.1111110002
66900  -62.052  -3.961  47.861 0.1111110002
65950  -60.329  -3.850  46.424 0.1111110002
133704  -56.197  -5.101  51.318 0.1111110002
138958  -55.431  -5.983  50.605 0.1111110002
131373  -55.400  -6.852  50.486 0.1111110002
58732  -60.592  -11.658  51.417 0.1111110002
65927  -62.045  -4.079  48.198 0.1111110002
66887  -61.980  -3.807  48.124 0.1111110002
140200  -61.035  -3.334  47.167 0.1111110002
70854  -60.453  0.504  39.253 0.1111110002
63179  -53.849  -6.904  47.919 0.1111110002
63191  -53.873  -6.732  47.351 0.1111110002
64113  -55.704  -6.540  46.374 0.1111110002
139409  -60.920  -1.325  47.787 0.1111110002
69711  -57.490  0.351  52.982 0.2222220004
68749  -56.961  -1.182  51.812 0.2222220004
67788  -57.458  -2.296  51.944 0.2222220004
66848  -56.693  -3.771  51.473 0.1111110002
64987  -57.617  -5.196  52.080 0.1111110002
65908  -55.377  -4.084  50.545 0.1111110002
64081  -53.608  -6.279  48.290 0.1111110002
65070  -55.622  -5.182  45.858 0.1111110002
66918  -53.468  -4.013  45.305 0.1111110002
65967  -55.875  -4.338  45.761 0.1111110002
66896  -56.791  -3.344  46.493 0.1111110002
69778  -57.000  -0.847  46.513 0.1111110002
68798  -57.435  -1.412  47.226 0.1111110002
69761  -60.945  0.285  48.323 0.1111110002
66858  -54.996  -2.918  50.109 0.1111110002
67804  -53.655  -2.481  49.120 0.1111110002
67805  -54.222  -1.836  49.530 0.1111110002
67812  -52.556  -2.662  48.203 0.1111110002
64111  -53.560  -6.273  46.972 0.1111110002
66882  -52.189  -3.733  47.381 0.1111110002
68813  -55.351  -1.266  45.050 0.1111110002
69806  -54.862  -0.415  44.778 0.1111110002
70795  -56.133  0.449  45.305 0.1111110002
71687  -56.470  1.207  45.456 0.1111110002
150261  -57.224  1.222  45.779 0.1111110002
70766  -59.908  0.856  48.194 0.1111110002
69760  -60.449  -0.467  48.502 0.1111110002
71663  -60.776  1.435  48.197 0.1111110002
69730  -55.282  0.255  50.849 0.2222220004
68766  -54.019  -0.927  49.463 0.1111110002
68765  -53.344  -0.975  48.964 0.1111110002
67811  -52.187  -2.017  47.952 0.1111110002
67822  -52.114  -2.887  47.599 0.1111110002
67837  -51.501  -2.523  46.480 0.1111110002
69793  -51.590  -0.888  45.779 0.1111110002
72561  -53.950  2.210  45.791 0.1111110002
146660  -55.285  1.928  45.370 0.1111110002
71688  -57.707  1.778  46.080 0.1111110002
71662  -59.887  1.637  47.751 0.1111110002
70751  -52.728  0.740  48.904 0.2222220004
69744  -52.297  -0.198  48.271 0.1111110002
71684  -53.465  1.549  45.495 0.1111110002
70741  -52.993  1.596  49.730 0.2222220004
125693  -52.596  2.516  47.731 0.1111110002
75385  -62.626  6.730  44.397 0.1111110002
74457  -63.414  4.938  42.888 0.1111110002
74466  -63.537  4.806  42.046 0.1111110002
72622  -63.684  2.564  40.753 0.1111110002
147759  -64.060  2.342  34.707 0.1111110002
41466  -5.950  -28.306  79.027 0.1111110002
41478  -2.834  -28.189  76.924 0.1111110002
41496  -2.626  -28.419  76.009 0.1111110002
40671  -2.889  -29.177  75.491 0.1111110002
42377  -5.095  -27.735  78.769 0.1111110002
42376  -4.267  -27.376  78.554 0.1111110002
42391  -3.118  -27.909  77.721 0.1111110002
145384  -3.769  -25.941  78.209 0.1111110002
42390  -2.552  -27.253  77.326 0.1111110002
42400  -2.404  -27.511  76.402 0.1111110002
41506  -2.595  -28.463  75.111 0.1111110002
43376  -2.164  -26.394  76.864 0.1111110002
43382  -2.269  -26.908  75.640 0.1111110002
42417  -2.510  -27.688  74.649 0.1111110002
132634  -2.110  -26.066  75.200 0.1111110002
131026  -2.290  -26.198  74.103 0.1111110002
45535  -2.000  -24.552  75.182 0.1111110002
44472  -2.069  -25.365  74.643 0.1111110002
46543  -1.897  -23.333  74.764 0.1111110002
46544  -2.564  -23.580  75.857 0.1111110002
45534  -1.848  -24.023  74.402 0.1111110002
45547  -1.490  -24.154  73.256 0.1111110002
47559  -2.267  -22.963  75.445 0.1111110002
48562  -2.115  -22.165  75.456 0.1111110002
48563  -2.536  -21.762  76.071 0.1111110002
47575  -1.786  -22.580  74.672 0.1111110002
47560  -2.675  -22.591  75.882 0.1111110002
47546  -3.112  -22.058  76.123 0.1111110002
46568  -1.453  -22.971  73.783 0.1111110002
139357  -1.259  -22.697  72.847 0.1111110002
49663  -1.909  -21.269  75.429 0.1111110002
48582  -1.657  -21.783  74.571 0.1111110002
47590  -1.361  -22.246  73.748 0.1111110002
47602  -1.024  -21.928  73.022 0.1111110002
130770  -2.327  -20.019  76.291 0.1111110002
49643  -3.053  -20.492  76.945 0.1111110002
48544  -3.131  -21.376  76.544 0.1111110002
49680  -1.684  -20.876  74.275 0.1111110002
47547  -3.469  -22.025  75.781 0.1111110002
48602  -1.341  -21.164  73.209 0.1111110002
50737  -2.204  -19.257  75.943 0.1111110002
129315  -2.071  -19.199  75.001 0.1111110002
49695  -1.792  -20.309  73.436 0.1111110002
48546  -4.219  -20.990  75.770 0.1111110002
51760  -20.779  -18.076  83.128 0.1111110002
63156  -38.758  -7.814  49.228 0.1111110002
152947  -64.367  1.314  34.124 0.1111110002
71771  -64.376  1.025  33.642 0.1111110002
70926  -64.531  0.278  33.489 0.1111110002
70712  -58.361  0.519  54.226 0.1111110002
68736  -58.158  -0.758  52.900 0.1111110002
72695  -64.174  2.583  33.156 0.1111110002
72694  -64.086  2.484  32.993 0.1111110002
69683  -57.091  0.548  54.917 0.1111110002
73618  -64.245  3.342  32.737 0.1111110002
71784  -63.671  1.781  32.953 0.1111110002
74428  -62.252  5.355  44.995 0.1111110002
76368  -62.239  6.887  45.603 0.1111110002
72693  -63.619  2.615  32.741 0.1111110002
73619  -64.379  3.711  32.380 0.1111110002
73617  -64.139  3.104  32.696 0.1111110002
76470  -61.525  6.455  34.504 0.1111110002
76489  -63.040  6.110  33.455 0.1111110002
75527  -64.313  5.099  32.976 0.1111110002
74580  -64.724  4.297  32.426 0.1111110002
74586  -64.646  4.089  32.147 0.1111110002
137212  -63.930  5.689  33.204 0.1111110002
75513  -54.758  5.862  34.495 0.1111110002
76484  -55.636  6.855  33.789 0.1111110002
74562  -51.202  4.693  34.093 0.1111110002
75511  -52.503  5.473  34.521 0.1111110002
76465  -53.203  6.163  34.631 0.1111110002
77481  -57.156  7.361  33.109 0.1111110002
75510  -51.504  5.551  34.450 0.1111110002
77458  -54.272  7.304  34.253 0.1111110002
76467  -54.927  6.632  34.257 0.1111110002
77479  -55.568  7.628  33.513 0.1111110002
77480  -56.385  7.292  33.351 0.1111110002
77494  -57.602  7.748  32.503 0.1111110002
78471  -56.067  8.090  32.925 0.1111110002
77510  -58.075  8.102  31.758 0.1111110002
78499  -59.391  8.129  31.116 0.1111110002
77457  -53.541  6.915  34.462 0.1111110002
78450  -54.043  8.186  34.106 0.1111110002
78483  -55.657  8.620  32.425 0.1111110002
78485  -57.236  8.264  31.939 0.1111110002
78498  -58.524  8.375  31.171 0.1111110002
78495  -55.967  8.810  31.584 0.1111110002
78496  -56.778  8.655  31.376 0.1111110002
78497  -57.647  8.544  31.240 0.1111110002
78511  -60.055  8.429  30.662 0.1111110002
76464  -52.192  6.339  34.617 0.1111110002
79424  -63.469  9.687  30.456 0.1111110002
77456  -52.790  7.060  34.561 0.1111110002
79437  -63.373  9.511  28.814 0.1111110002
79407  -57.124  9.024  30.853 0.1111110002
78523  -61.476  8.836  29.562 0.1111110002
78524  -62.675  8.657  29.049 0.1111110002
78509  -58.136  8.994  30.778 0.1111110002
79423  -60.532  8.951  30.100 0.1111110002
80348  -63.143  10.344  29.745 0.1111110002
132638  -63.758  9.797  29.233 0.1111110002
79438  -63.925  9.425  28.941 0.1111110002
80367  -63.020  10.260  28.655 0.1111110002
79436  -62.318  9.470  29.005 0.1111110002
80368  -63.446  10.284  28.848 0.1111110002
49640  -35.223  -20.769  76.985 0.1111110002
137463  -36.143  -19.784  76.447 0.1111110002
53809  -37.048  -17.629  75.134 0.1111110002
51757  -21.027  -18.539  83.235 0.1111110002
43369  -3.108  -26.249  77.945 0.1111110002
149984  -1.932  -26.072  76.068 0.1111110002
43342  -7.260  -26.386  83.859 0.1111110002
51761  -21.371  -18.200  83.113 0.1111110002
76381  -62.387  7.800  44.729 0.1111110002
77525  -60.117  7.877  31.003 0.1111110002
77511  -58.908  7.867  31.622 0.1111110002
78512  -60.860  8.441  30.187 0.1111110002
70684  -57.585  0.719  55.509 0.1111110002
70697  -57.760  0.706  54.532 0.1111110002
72641  -64.428  2.262  37.128 0.1111110002
129252  -64.248  1.845  33.868 0.1111110002
42409  -2.446  -27.814  75.559 0.1111110002
43360  -3.774  -26.655  78.350 0.1111110002
43394  -2.364  -26.816  74.643 0.1111110002
45514  -2.110  -23.859  75.418 0.1111110002
44471  -1.934  -24.741  73.956 0.1111110002
45557  -1.451  -24.125  72.907 0.1111110002
46579  -1.239  -23.418  73.076 0.1111110002
49664  -2.371  -20.862  76.228 0.1111110002
46580  -1.706  -23.525  72.649 0.1111110002
147680  -1.390  -21.592  73.686 0.1111110002
48545  -3.622  -21.515  76.063 0.1111110002
48621  -1.370  -21.405  72.808 0.1111110002
50736  -1.954  -20.182  75.385 0.1111110002
50751  -1.960  -19.872  74.303 0.1111110002
48564  -3.999  -21.462  75.358 0.1111110002
50752  -2.137  -19.134  74.226 0.1111110002
76466  -54.122  6.429  34.508 0.1111110002
77459  -55.055  7.284  33.949 0.1111110002
77493  -56.840  7.932  32.712 0.1111110002
129493  -50.734  5.916  34.505 0.1111110002
78470  -55.307  8.347  33.233 0.1111110002
78510  -59.081  8.668  30.806 0.1111110002
76463  -51.289  6.506  34.553 0.1111110002
79391  -55.186  9.056  31.878 0.1111110002
78484  -56.431  8.405  32.140 0.1111110002
79406  -56.262  9.059  30.907 0.1111110002
79405  -55.472  9.232  31.081 0.1111110002
79435  -61.174  9.494  29.529 0.1111110002
79421  -58.901  9.218  30.600 0.1111110002
79422  -59.658  9.056  30.448 0.1111110002
149646  -63.387  10.817  28.981 0.1111110002
41525  -29.451  -27.154  72.424 0.1111110002
41526  -29.810  -27.536  72.460 0.1111110002
42425  -29.217  -26.785  73.610 0.1111110002
42438  -29.239  -26.760  72.828 0.1111110002
42442  -31.894  -27.229  73.333 0.1111110002
42456  -30.560  -27.783  72.434 0.1111110002
42468  -29.142  -26.410  71.227 0.1111110002
42469  -29.413  -26.639  71.175 0.1111110002
43442  -31.469  -26.607  71.738 0.1111110002
45445  -11.078  -24.391  84.171 0.1111110002
45447  -8.457  -23.767  83.754 0.4444440007
45571  -8.357  -24.011  71.998 0.1111110002
46467  -8.809  -23.398  83.689 0.4444440007
46483  -9.274  -23.881  82.434 0.5555559993
46515  -9.511  -23.928  78.576 0.7777780294
47498  -19.371  -21.817  82.363 0.1111110002
47499  -20.121  -21.382  82.387 0.1111110002
47504  -12.963  -21.980  82.903 0.2222220004
47506  -14.994  -22.550  82.429 0.2222220004
47525  -27.974  -22.114  78.888 0.1111110002
47529  -11.810  -22.853  78.738 0.7777780294
47544  -34.069  -21.484  77.711 0.1111110002
47549  -13.782  -22.713  76.719 0.7777780294
47609  -17.248  -22.413  72.281 0.6666669846
48523  -27.676  -21.330  79.341 0.2222220004
48654  -18.005  -22.092  70.345 0.6666669846
49575  -13.282  -20.924  83.132 0.5555559993
49576  -14.747  -20.903  82.963 0.4444440007
49582  -21.350  -19.692  82.952 0.1111110002
49588  -16.238  -20.490  82.377 0.3333329856
49596  -12.767  -20.852  81.700 0.4444440007
49603  -28.467  -20.438  80.064 0.3333329856
49614  -27.829  -20.586  79.929 0.2222220004
49615  -29.220  -20.456  79.335 0.3333329856
49620  -19.242  -20.574  77.846 0.8888890147
49669  -19.192  -20.546  75.208 0.8888890147
50673  -20.854  -19.181  83.111 0.1111110002
50674  -21.501  -18.882  83.169 0.1111110002
50675  -14.005  -20.269  82.789 0.5555559993
50681  -15.725  -20.227  82.109 0.5555559993
50684  -18.453  -19.622  81.505 0.4444440007
50690  -28.237  -19.807  80.183 0.3333329856
50691  -28.777  -19.478  80.065 0.4444440007
50765  -2.093  -19.463  73.561 0.1111110002
50777  -35.553  -19.755  73.589 0.6666669846
50819  -19.200  -19.913  69.184 0.6666669846
51756  -20.345  -18.728  82.978 0.3333329856
51809  -19.703  -18.714  75.897 0.7777780294
51873  -20.006  -18.428  70.336 0.7777780294
51932  -23.144  -18.155  65.392 0.2222220004
51966  -21.271  -18.235  62.532 0.2222220004
52751  -20.584  -18.087  82.511 0.1111110002
52763  -20.702  -17.733  80.922 0.4444440007
52815  -37.094  -17.965  75.051 0.3333329856
52827  -36.396  -17.860  74.540 0.4444440007
52835  -28.334  -17.122  75.222 0.8888890147
52837  -35.909  -17.693  74.322 0.4444440007
52846  -35.736  -17.519  74.364 0.6666669846
52855  -21.309  -17.397  73.058 0.7777780294
52881  -24.700  -17.276  70.924 1.0000000000
52890  -21.550  -17.840  70.307 0.8888890147
52926  -23.292  -17.553  67.234 0.6666669846
53886  -25.842  -16.426  70.203 0.8888890147
53905  -25.406  -16.123  68.888 0.7777780294
54175  -54.160  -15.793  38.803 0.1111110002
54724  -27.844  -15.027  77.393 0.6666669846
54871  -26.092  -16.298  65.090 0.3333329856
54903  -28.074  -16.130  62.278 0.1111110002
56002  -53.369  -14.444  39.093 0.1111110002
56854  -57.480  -13.470  49.691 0.1111110002
56923  -52.715  -13.438  39.910 0.1111110002
56979  -59.022  -13.863  35.223 0.1111110002
57488  -37.595  -12.595  75.867 0.3333329856
57694  -56.879  -12.555  55.086 0.1111110002
57695  -57.344  -13.099  54.996 0.1111110002
57724  -61.583  -13.389  52.186 0.1111110002
57734  -62.004  -13.183  51.053 0.1111110002
57744  -61.992  -12.827  50.308 0.1111110002
58452  -38.119  -11.559  76.630 0.1111110002
58690  -57.885  -11.247  56.094 0.1111110002
58691  -58.177  -11.214  56.016 0.1111110002
58731  -59.320  -11.313  51.366 0.1111110002
58743  -62.162  -11.715  49.896 0.1111110002
58754  -62.197  -11.028  49.194 0.1111110002
58765  -60.968  -10.856  48.234 0.1111110002
58792  -55.300  -10.874  46.027 0.1111110002
58810  -50.667  -11.860  42.943 0.1111110002
58819  -52.889  -10.904  42.242 0.1111110002
58828  -52.711  -11.777  41.052 0.1111110002
58832  -56.243  -11.349  40.207 0.1111110002
59484  -38.534  -11.039  75.993 0.1111110002
59504  -38.929  -9.926  75.280 0.1111110002
59717  -58.362  -10.139  56.850 0.1111110002
59735  -58.461  -10.438  56.539 0.1111110002
59801  -56.927  -10.360  51.341 0.1111110002
59810  -38.729  -9.992  50.967 0.1111110002
59815  -56.955  -10.397  50.455 0.1111110002
59818  -61.290  -11.358  50.764 0.1111110002
59835  -62.589  -10.504  48.613 0.1111110002
59845  -62.511  -10.492  47.769 0.1111110002
59887  -53.509  -10.408  43.308 0.1111110002
60675  -39.291  -9.601  75.669 0.1111110002
60689  -39.604  -9.032  75.436 0.1111110002
60922  -40.012  -9.174  55.570 0.5555559993
60927  -57.498  -9.164  56.663 0.1111110002
61013  -56.430  -9.960  49.352 0.1111110002
61018  -62.140  -10.367  49.206 0.1111110002
61025  -56.117  -9.488  48.552 0.1111110002
61029  -60.289  -9.450  48.960 0.1111110002
61031  -62.862  -10.212  48.429 0.1111110002
61048  -62.169  -10.091  46.553 0.1111110002
61070  -62.480  -9.496  44.998 0.1111110002
61076  -55.089  -9.869  43.909 0.1111110002
61081  -62.939  -9.473  44.086 0.1111110002
62025  -41.492  -8.642  55.749 0.6666669846
62079  -40.770  -9.033  50.956 0.3333329856
62097  -55.461  -8.856  50.110 0.1111110002
62112  -55.203  -8.820  49.348 0.1111110002
62124  -54.637  -7.902  48.129 0.1111110002
62142  -56.213  -8.568  47.492 0.1111110002
62170  -64.197  -8.599  44.248 0.1111110002
63131  -42.541  -7.104  51.149 0.5555559993
63180  -54.241  -7.366  48.235 0.1111110002
63192  -54.376  -7.303  47.487 0.1111110002
63194  -56.652  -7.899  47.051 0.1111110002
63195  -57.593  -7.742  47.086 0.1111110002
64057  -56.259  -7.183  51.080 0.1111110002
64096  -53.487  -6.354  47.570 0.1111110002
64110  -53.230  -5.605  46.634 0.1111110002
64114  -56.662  -6.542  46.449 0.1111110002
64911  -46.009  -4.815  58.084 0.7777780294
64939  -47.425  -5.163  55.402 0.8888890147
65011  -53.783  -5.534  48.850 0.1111110002
65020  -53.267  -5.610  48.230 0.1111110002
65027  -42.938  -6.141  48.243 0.5555559993
65031  -52.836  -5.241  47.655 0.1111110002
65032  -53.178  -5.918  47.782 0.1111110002
65047  -52.698  -5.159  46.889 0.1111110002
65049  -55.379  -5.866  46.109 0.1111110002
65826  -46.970  -4.160  60.548 0.3333329856
65845  -46.975  -4.232  57.695 0.8888890147
65864  -47.467  -3.623  53.931 0.7777780294
65917  -53.634  -4.161  49.081 0.1111110002
65933  -52.066  -3.903  46.805 0.1111110002
65947  -56.669  -4.062  46.240 0.1111110002
65964  -52.610  -4.101  45.684 0.1111110002
65965  -54.056  -4.661  45.565 0.1111110002
65966  -54.988  -4.574  45.525 0.1111110002
65993  -42.044  -4.103  43.766 0.1111110002
66758  -47.642  -3.096  59.426 0.6666669846
66814  -48.551  -2.658  54.166 0.7777780294
66837  -49.961  -2.013  54.753 0.4444440007
66868  -53.661  -3.399  49.133 0.1111110002
66883  -57.944  -3.153  47.497 0.1111110002
66884  -59.018  -3.272  47.950 0.1111110002
66916  -51.591  -2.965  45.995 0.1111110002
66937  -53.768  -3.336  44.865 0.1111110002
67661  -48.588  -2.461  62.152 0.3333329856
67676  -48.841  -2.227  61.885 0.3333329856
67763  -49.476  -0.986  54.239 0.5555559993
67774  -52.081  -1.631  53.135 0.4444440007
67775  -58.291  -1.965  52.623 0.1111110002
67855  -51.504  -2.305  45.915 0.1111110002
67856  -51.807  -2.495  45.317 0.1111110002
67857  -54.607  -3.183  45.074 0.1111110002
67866  -44.999  -2.865  43.999 0.1111110002
67869  -52.427  -2.680  44.782 0.1111110002
68737  -59.070  -0.756  53.621 0.1111110002
68796  -51.500  -1.653  46.466 0.1111110002
68822  -51.793  -1.061  45.060 0.1111110002
68823  -52.879  -1.375  44.458 0.1111110002
68824  -54.362  -1.178  44.592 0.1111110002
69684  -58.963  -0.103  54.335 0.1111110002
69712  -58.323  0.005  53.520 0.1111110002
69777  -51.790  -0.076  46.059 0.1111110002
70698  -58.053  0.714  54.690 0.1111110002
70711  -57.958  0.646  54.008 0.2222220004
70793  -53.840  0.961  44.967 0.1111110002
70796  -57.006  0.568  45.793 0.1111110002
70803  -52.568  0.082  44.844 0.1111110002
72545  -53.694  2.526  46.364 0.1111110002
72546  -54.330  2.774  46.183 0.1111110002
72560  -53.224  2.046  46.171 0.1111110002
72562  -54.778  2.377  45.649 0.1111110002
73426  -55.492  3.608  46.418 0.1111110002
73440  -56.010  3.130  45.849 0.1111110002
74403  -56.380  4.729  47.261 0.1111110002
74454  -56.689  4.620  43.080 0.6666669846
76306  -53.835  7.241  52.245 0.5555559993
76335  -51.656  5.880  48.602 0.6666669846
76366  -54.800  6.157  46.009 0.7777780294
76378  -56.658  6.791  44.852 0.6666669846
76402  -51.889  9.068  40.955 0.1111110002
76403  -52.263  9.019  40.753 0.1111110002
76412  -52.075  8.882  40.620 0.1111110002
77310  -55.884  8.594  52.885 0.4444440007
77317  -54.677  7.679  52.420 0.4444440007
77319  -56.474  8.876  53.000 0.3333329856
77326  -52.702  7.066  51.309 0.5555559993
77342  -54.574  8.308  49.713 0.6666669846
77359  -56.650  8.116  46.322 0.6666669846
77406  -51.634  8.943  40.891 0.1111110002
77413  -52.158  8.708  40.296 0.1111110002
78314  -54.561  8.022  52.411 0.5555559993
78315  -55.404  8.732  52.640 0.5555559993
78316  -56.480  9.150  52.906 0.5555559993
78328  -58.585  9.722  51.018 0.4444440007
78332  -53.899  8.241  50.965 0.6666669846
78366  -58.033  8.765  45.653 0.6666669846
79248  -56.036  9.199  52.799 0.5555559993
79274  -60.189  10.293  48.176 0.5555559993
124895  -50.465  -2.510  55.014 0.5555559993
125753  -51.212  -2.445  54.736 0.4444440007
125914  -49.362  -4.355  56.196 0.6666669846
127603  -50.612  -3.586  56.606 0.4444440007
128853  -19.181  -19.850  82.279 0.1111110002
128931  -22.828  -17.598  70.935 0.8888890147
129016  -47.945  -3.706  61.722 0.3333329856
129066  -58.981  10.153  50.556 0.5555559993
129079  -58.988  -1.551  53.180 0.1111110002
129595  -24.674  -16.604  66.223 0.6666669846
130635  -19.639  -19.162  82.301 0.4444440007
134752  -29.622  -27.533  73.884 0.1111110002
135819  -55.233  0.365  44.939 0.1111110002
135966  -54.862  -3.645  50.003 0.1111110002
138465  -43.689  -7.972  54.598 0.7777780294
139269  -1.151  -22.638  73.143 0.1111110002
139870  -16.507  -23.458  81.282 0.1111110002
141408  -9.109  -24.047  84.422 0.2222220004
141588  -26.911  -15.892  68.809 0.7777780294
142083  -52.621  9.031  40.612 0.1111110002
142163  -56.788  -2.857  51.501 0.1111110002
142416  -1.591  -23.586  73.798 0.1111110002
142447  -53.564  -1.076  44.461 0.1111110002
142914  -47.596  -2.923  59.996 0.3333329856
143598  -52.372  -2.574  56.087 0.4444440007
143726  -49.525  -3.477  55.140 0.5555559993
143796  -51.138  -3.138  56.125 0.4444440007
143828  -54.403  -0.808  57.231 0.3333329856
144069  -7.624  -25.302  83.389 0.3333329856
144204  -19.883  -18.042  73.088 0.7777780294
144465  -19.831  -18.677  81.187 0.4444440007
144574  -21.994  -18.616  82.854 0.1111110002
144721  -38.420  -9.651  54.428 0.1111110002
144735  -56.312  -3.125  51.278 0.1111110002
145597  -47.593  -3.343  46.204 0.7777780294
145782  -57.903  -10.723  56.543 0.1111110002
145854  -52.254  0.969  46.068 0.1111110002
146106  -63.925  -8.869  45.652 0.1111110002
147354  -28.900  -21.428  79.671 0.3333329856
147483  -43.254  -5.398  45.502 0.2222220004
147840  -2.211  -23.433  75.479 0.1111110002
147921  -44.984  -4.504  50.241 0.6666669846
147954  -15.620  -20.368  81.565 0.5555559993
147980  -46.739  -3.201  50.838 0.7777780294
148053  -61.717  -10.684  48.093 0.1111110002
148098  -30.321  -27.438  71.860 0.1111110002
148679  -60.326  6.200  35.336 0.4444440007
148709  -54.359  -6.936  49.320 0.1111110002
148717  -58.245  -11.698  39.075 0.1111110002
149420  -62.442  -10.322  48.942 0.1111110002
149625  -14.800  -22.695  74.921 0.6666669846
149670  -52.520  -16.061  41.853 0.1111110002
149700  -46.187  -4.523  57.562 0.7777780294
149921  -6.488  -26.696  81.888 0.4444440007
150359  -29.086  -19.533  79.868 0.3333329856
150661  -3.776  -21.518  75.718 0.1111110002
150668  -11.466  -21.549  82.240 0.5555559993
151014  -58.586  -9.632  45.300 0.1111110002
151068  -55.956  -11.095  40.814 0.1111110002
151283  -64.083  -9.340  42.634 0.1111110002
151330  -10.181  -23.184  84.095 0.3333329856
151336  -56.756  3.198  45.843 0.1111110002
151391  -57.233  0.307  52.250 0.2222220004
151862  -26.424  -15.593  74.688 1.0000000000
151891  -52.670  7.045  49.220 0.6666669846
151983  -15.894  -22.706  71.476 0.3333329856
152061  -50.546  8.025  39.945 0.1111110002
152425  -50.989  -14.947  40.880 0.1111110002
152920  -55.660  7.798  52.531 0.3333329856
